timestamp_utc,run_id,pg_version,query,phase,batch_index,copy_index,batchnum,runs,server_planning_ms,server_execution_ms,plan_nodes,scan_nodes,rows_out,rows_processed,rows_estimated,bytes_processed,rows_removed_filter,workers_launched,relations,shared_hit_blks,shared_read_blks,shared_dirtied_blks,shared_written_blks,temp_read_blks,temp_written_blks,failed
2026-08-12T12:48:58Z,32B5737E49385EF7,18.4,queries/tpch/tpch-queries/q01/base.sql,warmup,1,1,1,3,1.055,2103.364,5,1,4,5916631,6,147924215,28208,2,lineitem,14,112600,0,0,0,0,0
2026-08-12T12:49:00Z,32B5737E49385EF7,18.4,queries/tpch/tpch-queries/q01/base.sql,warmup,2,1,1,3,0.926,2052.365,5,1,4,5916631,6,147924215,28208,2,lineitem,112614,0,0,0,0,0,0
2026-08-12T12:49:10Z,32B5737E49385EF7,18.4,queries/tpch/tpch-queries/q01/base.sql,measured,1,1,5,3,0.875,2032.517,5,1,4,5916631,6,147924215,28208,2,lineitem,112614,0,0,0,0,0,0
2026-08-12T12:49:10Z,32B5737E49385EF7,18.4,queries/tpch/tpch-queries/q01/base.sql,measured,1,2,5,3,0.178,2027.985,5,1,4,5916631,6,147924215,28208,2,lineitem,112614,0,0,0,0,0,0
2026-08-12T12:49:10Z,32B5737E49385EF7,18.4,queries/tpch/tpch-queries/q01/base.sql,measured,1,3,5,3,0.166,2022.591,5,1,4,5916631,6,147924215,28208,2,lineitem,112614,0,0,0,0,0,0
2026-08-12T12:49:10Z,32B5737E49385EF7,18.4,queries/tpch/tpch-queries/q01/base.sql,measured,1,4,5,3,0.175,2024.931,5,1,4,5916631,6,147924215,28208,2,lineitem,112614,0,0,0,0,0,0
2026-08-12T12:49:10Z,32B5737E49385EF7,18.4,queries/tpch/tpch-queries/q01/base.sql,measured,1,5,5,3,0.169,2026.075,5,1,4,5916631,6,147924215,28208,2,lineitem,112614,0,0,0,0,0,0
2026-08-12T12:49:20Z,32B5737E49385EF7,18.4,queries/tpch/tpch-queries/q01/base.sql,measured,2,1,5,3,1.258,2023.396,5,1,4,5916631,6,147924215,28208,2,lineitem,112614,0,0,0,0,0,0
2026-08-12T12:49:20Z,32B5737E49385EF7,18.4,queries/tpch/tpch-queries/q01/base.sql,measured,2,2,5,3,0.158,2030.729,5,1,4,5916631,6,147924215,28208,2,lineitem,112614,0,0,0,0,0,0
2026-08-12T12:49:20Z,32B5737E49385EF7,18.4,queries/tpch/tpch-queries/q01/base.sql,measured,2,3,5,3,0.169,2107.346,5,1,4,5916631,6,147924215,28208,2,lineitem,112614,0,0,0,0,0,0
2026-08-12T12:49:20Z,32B5737E49385EF7,18.4,queries/tpch/tpch-queries/q01/base.sql,measured,2,4,5,3,0.166,2024.821,5,1,4,5916631,6,147924215,28208,2,lineitem,112614,0,0,0,0,0,0
2026-08-12T12:49:20Z,32B5737E49385EF7,18.4,queries/tpch/tpch-queries/q01/base.sql,measured,2,5,5,3,0.181,2030.438,5,1,4,5916631,6,147924215,28208,2,lineitem,112614,0,0,0,0,0,0
2026-08-12T12:49:31Z,32B5737E49385EF7,18.4,queries/tpch/tpch-queries/q01/base.sql,measured,3,1,5,3,1.114,2025.264,5,1,4,5916631,6,147924215,28208,2,lineitem,112614,0,0,0,0,0,0
2026-08-12T12:49:31Z,32B5737E49385EF7,18.4,queries/tpch/tpch-queries/q01/base.sql,measured,3,2,5,3,0.181,2028.933,5,1,4,5916631,6,147924215,28208,2,lineitem,112614,0,0,0,0,0,0
2026-08-12T12:49:31Z,32B5737E49385EF7,18.4,queries/tpch/tpch-queries/q01/base.sql,measured,3,3,5,3,0.159,2019.854,5,1,4,5916631,6,147924215,28208,2,lineitem,112614,0,0,0,0,0,0
2026-08-12T12:49:31Z,32B5737E49385EF7,18.4,queries/tpch/tpch-queries/q01/base.sql,measured,3,4,5,3,0.159,2028.289,5,1,4,5916631,6,147924215,28208,2,lineitem,112614,0,0,0,0,0,0
2026-08-12T12:49:31Z,32B5737E49385EF7,18.4,queries/tpch/tpch-queries/q01/base.sql,measured,3,5,5,3,0.162,2025.968,5,1,4,5916631,6,147924215,28208,2,lineitem,112614,0,0,0,0,0,0
2026-08-12T12:49:33Z,32B5737E49385EF7,18.4,queries/tpch/tpch-queries/q01/v1_materialized.sql,warmup,1,1,1,3,1.208,2023.818,6,2,4,5916635,6,147925207,28208,2,_m;lineitem,112614,0,0,0,0,0,0
2026-08-12T12:49:35Z,32B5737E49385EF7,18.4,queries/tpch/tpch-queries/q01/v1_materialized.sql,warmup,2,1,1,3,0.962,2026.686,6,2,4,5916635,6,147925207,28208,2,_m;lineitem,112614,0,0,0,0,0,0
2026-08-12T12:49:45Z,32B5737E49385EF7,18.4,queries/tpch/tpch-queries/q01/v1_materialized.sql,measured,1,1,5,3,0.957,2035.947,6,2,4,5916635,6,147925207,28208,2,_m;lineitem,112614,0,0,0,0,0,0
2026-08-12T12:49:45Z,32B5737E49385EF7,18.4,queries/tpch/tpch-queries/q01/v1_materialized.sql,measured,1,2,5,3,0.208,2021.884,6,2,4,5916635,6,147925207,28208,2,_m;lineitem,112614,0,0,0,0,0,0
2026-08-12T12:49:45Z,32B5737E49385EF7,18.4,queries/tpch/tpch-queries/q01/v1_materialized.sql,measured,1,3,5,3,0.180,2022.097,6,2,4,5916635,6,147925207,28208,2,_m;lineitem,112614,0,0,0,0,0,0
2026-08-12T12:49:45Z,32B5737E49385EF7,18.4,queries/tpch/tpch-queries/q01/v1_materialized.sql,measured,1,4,5,3,0.182,2024.254,6,2,4,5916635,6,147925207,28208,2,_m;lineitem,112614,0,0,0,0,0,0
2026-08-12T12:49:45Z,32B5737E49385EF7,18.4,queries/tpch/tpch-queries/q01/v1_materialized.sql,measured,1,5,5,3,0.180,2029.317,6,2,4,5916635,6,147925207,28208,2,_m;lineitem,112614,0,0,0,0,0,0
2026-08-12T12:49:55Z,32B5737E49385EF7,18.4,queries/tpch/tpch-queries/q01/v1_materialized.sql,measured,2,1,5,3,0.960,2052.854,6,2,4,5916635,6,147925207,28208,2,_m;lineitem,112614,0,0,0,0,0,0
2026-08-12T12:49:55Z,32B5737E49385EF7,18.4,queries/tpch/tpch-queries/q01/v1_materialized.sql,measured,2,2,5,3,0.183,2021.466,6,2,4,5916635,6,147925207,28208,2,_m;lineitem,112614,0,0,0,0,0,0
2026-08-12T12:49:55Z,32B5737E49385EF7,18.4,queries/tpch/tpch-queries/q01/v1_materialized.sql,measured,2,3,5,3,0.181,2023.543,6,2,4,5916635,6,147925207,28208,2,_m;lineitem,112614,0,0,0,0,0,0
2026-08-12T12:49:55Z,32B5737E49385EF7,18.4,queries/tpch/tpch-queries/q01/v1_materialized.sql,measured,2,4,5,3,0.190,2019.297,6,2,4,5916635,6,147925207,28208,2,_m;lineitem,112614,0,0,0,0,0,0
2026-08-12T12:49:55Z,32B5737E49385EF7,18.4,queries/tpch/tpch-queries/q01/v1_materialized.sql,measured,2,5,5,3,0.207,2017.639,6,2,4,5916635,6,147925207,28208,2,_m;lineitem,112614,0,0,0,0,0,0
2026-08-12T12:50:06Z,32B5737E49385EF7,18.4,queries/tpch/tpch-queries/q01/v1_materialized.sql,measured,3,1,5,3,0.887,2023.443,6,2,4,5916635,6,147925207,28208,2,_m;lineitem,112614,0,0,0,0,0,0
2026-08-12T12:50:06Z,32B5737E49385EF7,18.4,queries/tpch/tpch-queries/q01/v1_materialized.sql,measured,3,2,5,3,0.184,2036.764,6,2,4,5916635,6,147925207,28208,2,_m;lineitem,112614,0,0,0,0,0,0
2026-08-12T12:50:06Z,32B5737E49385EF7,18.4,queries/tpch/tpch-queries/q01/v1_materialized.sql,measured,3,3,5,3,0.183,2026.519,6,2,4,5916635,6,147925207,28208,2,_m;lineitem,112614,0,0,0,0,0,0
2026-08-12T12:50:06Z,32B5737E49385EF7,18.4,queries/tpch/tpch-queries/q01/v1_materialized.sql,measured,3,4,5,3,0.197,2035.060,6,2,4,5916635,6,147925207,28208,2,_m;lineitem,112614,0,0,0,0,0,0
2026-08-12T12:50:06Z,32B5737E49385EF7,18.4,queries/tpch/tpch-queries/q01/v1_materialized.sql,measured,3,5,5,3,0.179,2023.526,6,2,4,5916635,6,147925207,28208,2,_m;lineitem,112614,0,0,0,0,0,0
2026-08-12T12:50:06Z,32B5737E49385EF7,18.4,queries/tpch/tpch-queries/q02/base.sql,warmup,1,1,1,3,2.703,406.457,23,10,100,521979,1,59100592,3168,0,part;ixtest_part_size;supplier;nation;region;partsupp,176427,21536,0,0,3359,3359,0
2026-08-12T12:50:06Z,32B5737E49385EF7,18.4,queries/tpch/tpch-queries/q02/base.sql,warmup,2,1,1,3,2.212,196.803,23,10,100,521979,1,59100592,3168,0,part;ixtest_part_size;supplier;nation;region;partsupp,197963,0,0,0,3359,3359,0
2026-08-12T12:50:07Z,32B5737E49385EF7,18.4,queries/tpch/tpch-queries/q02/base.sql,measured,1,1,5,3,2.204,204.416,23,10,100,521979,1,59100592,3168,0,part;ixtest_part_size;supplier;nation;region;partsupp,197963,0,0,0,3359,3359,0
2026-08-12T12:50:07Z,32B5737E49385EF7,18.4,queries/tpch/tpch-queries/q02/base.sql,measured,1,2,5,3,0.916,188.449,23,10,100,521979,1,59100592,3168,0,part;ixtest_part_size;supplier;nation;region;partsupp,197954,0,0,0,3359,3359,0
2026-08-12T12:50:07Z,32B5737E49385EF7,18.4,queries/tpch/tpch-queries/q02/base.sql,measured,1,3,5,3,0.893,189.409,23,10,100,521979,1,59100592,3168,0,part;ixtest_part_size;supplier;nation;region;partsupp,197954,0,0,0,3359,3359,0
2026-08-12T12:50:07Z,32B5737E49385EF7,18.4,queries/tpch/tpch-queries/q02/base.sql,measured,1,4,5,3,0.908,194.697,23,10,100,521979,1,59100592,3168,0,part;ixtest_part_size;supplier;nation;region;partsupp,197954,0,0,0,3359,3359,0
2026-08-12T12:50:07Z,32B5737E49385EF7,18.4,queries/tpch/tpch-queries/q02/base.sql,measured,1,5,5,3,0.917,198.079,23,10,100,521979,1,59100592,3168,0,part;ixtest_part_size;supplier;nation;region;partsupp,197954,0,0,0,3359,3359,0
2026-08-12T12:50:08Z,32B5737E49385EF7,18.4,queries/tpch/tpch-queries/q02/base.sql,measured,2,1,5,3,2.191,202.288,23,10,100,521979,1,59100592,3168,0,part;ixtest_part_size;supplier;nation;region;partsupp,197963,0,0,0,3359,3359,0
2026-08-12T12:50:08Z,32B5737E49385EF7,18.4,queries/tpch/tpch-queries/q02/base.sql,measured,2,2,5,3,0.906,186.427,23,10,100,521979,1,59100592,3168,0,part;ixtest_part_size;supplier;nation;region;partsupp,197954,0,0,0,3359,3359,0
2026-08-12T12:50:08Z,32B5737E49385EF7,18.4,queries/tpch/tpch-queries/q02/base.sql,measured,2,3,5,3,0.902,182.823,23,10,100,521979,1,59100592,3168,0,part;ixtest_part_size;supplier;nation;region;partsupp,197954,0,0,0,3359,3359,0
2026-08-12T12:50:08Z,32B5737E49385EF7,18.4,queries/tpch/tpch-queries/q02/base.sql,measured,2,4,5,3,0.890,186.817,23,10,100,521979,1,59100592,3168,0,part;ixtest_part_size;supplier;nation;region;partsupp,197954,0,0,0,3359,3359,0
2026-08-12T12:50:08Z,32B5737E49385EF7,18.4,queries/tpch/tpch-queries/q02/base.sql,measured,2,5,5,3,0.908,184.640,23,10,100,521979,1,59100592,3168,0,part;ixtest_part_size;supplier;nation;region;partsupp,197954,0,0,0,3359,3359,0
2026-08-12T12:50:09Z,32B5737E49385EF7,18.4,queries/tpch/tpch-queries/q02/base.sql,measured,3,1,5,3,2.251,199.543,23,10,100,521979,1,59100592,3168,0,part;ixtest_part_size;supplier;nation;region;partsupp,197963,0,0,0,3359,3359,0
2026-08-12T12:50:09Z,32B5737E49385EF7,18.4,queries/tpch/tpch-queries/q02/base.sql,measured,3,2,5,3,0.938,189.460,23,10,100,521979,1,59100592,3168,0,part;ixtest_part_size;supplier;nation;region;partsupp,197954,0,0,0,3359,3359,0
2026-08-12T12:50:09Z,32B5737E49385EF7,18.4,queries/tpch/tpch-queries/q02/base.sql,measured,3,3,5,3,0.891,190.995,23,10,100,521979,1,59100592,3168,0,part;ixtest_part_size;supplier;nation;region;partsupp,197954,0,0,0,3359,3359,0
2026-08-12T12:50:09Z,32B5737E49385EF7,18.4,queries/tpch/tpch-queries/q02/base.sql,measured,3,4,5,3,0.926,187.695,23,10,100,521979,1,59100592,3168,0,part;ixtest_part_size;supplier;nation;region;partsupp,197954,0,0,0,3359,3359,0
2026-08-12T12:50:09Z,32B5737E49385EF7,18.4,queries/tpch/tpch-queries/q02/base.sql,measured,3,5,5,3,0.892,184.532,23,10,100,521979,1,59100592,3168,0,part;ixtest_part_size;supplier;nation;region;partsupp,197954,0,0,0,3359,3359,0
2026-08-12T12:50:10Z,32B5737E49385EF7,18.4,queries/tpch/tpch-queries/q02/v1_materialized.sql,warmup,1,1,1,3,2.109,223.546,24,12,100,516404,1,58380442,3168,0,part;ixtest_part_size;nation;region;supplier;ixtest_supplier_nationkey;partsupp;_m,198694,5,0,0,3359,3359,0
2026-08-12T12:50:10Z,32B5737E49385EF7,18.4,queries/tpch/tpch-queries/q02/v1_materialized.sql,warmup,2,1,1,3,2.411,230.831,24,12,100,516404,1,58380442,3168,0,part;ixtest_part_size;nation;region;supplier;ixtest_supplier_nationkey;partsupp;_m,198699,0,0,0,3359,3359,0
2026-08-12T12:50:11Z,32B5737E49385EF7,18.4,queries/tpch/tpch-queries/q02/v1_materialized.sql,measured,1,1,5,3,2.057,231.308,24,12,100,516404,1,58380442,3168,0,part;ixtest_part_size;nation;region;supplier;ixtest_supplier_nationkey;partsupp;_m,198699,0,0,0,3359,3359,0
2026-08-12T12:50:11Z,32B5737E49385EF7,18.4,queries/tpch/tpch-queries/q02/v1_materialized.sql,measured,1,2,5,3,0.811,217.366,24,12,100,516404,1,58380442,3168,0,part;ixtest_part_size;nation;region;supplier;ixtest_supplier_nationkey;partsupp;_m,198690,0,0,0,3359,3359,0
2026-08-12T12:50:11Z,32B5737E49385EF7,18.4,queries/tpch/tpch-queries/q02/v1_materialized.sql,measured,1,3,5,3,0.764,215.728,24,12,100,516404,1,58380442,3168,0,part;ixtest_part_size;nation;region;supplier;ixtest_supplier_nationkey;partsupp;_m,198690,0,0,0,3359,3359,0
2026-08-12T12:50:11Z,32B5737E49385EF7,18.4,queries/tpch/tpch-queries/q02/v1_materialized.sql,measured,1,4,5,3,0.779,215.706,24,12,100,516404,1,58380442,3168,0,part;ixtest_part_size;nation;region;supplier;ixtest_supplier_nationkey;partsupp;_m,198690,0,0,0,3359,3359,0
2026-08-12T12:50:11Z,32B5737E49385EF7,18.4,queries/tpch/tpch-queries/q02/v1_materialized.sql,measured,1,5,5,3,0.785,215.404,24,12,100,516404,1,58380442,3168,0,part;ixtest_part_size;nation;region;supplier;ixtest_supplier_nationkey;partsupp;_m,198690,0,0,0,3359,3359,0
2026-08-12T12:50:13Z,32B5737E49385EF7,18.4,queries/tpch/tpch-queries/q02/v1_materialized.sql,measured,2,1,5,3,2.063,230.328,24,12,100,516404,1,58380442,3168,0,part;ixtest_part_size;nation;region;supplier;ixtest_supplier_nationkey;partsupp;_m,198699,0,0,0,3359,3359,0
2026-08-12T12:50:13Z,32B5737E49385EF7,18.4,queries/tpch/tpch-queries/q02/v1_materialized.sql,measured,2,2,5,3,0.822,213.144,24,12,100,516404,1,58380442,3168,0,part;ixtest_part_size;nation;region;supplier;ixtest_supplier_nationkey;partsupp;_m,198690,0,0,0,3359,3359,0
2026-08-12T12:50:13Z,32B5737E49385EF7,18.4,queries/tpch/tpch-queries/q02/v1_materialized.sql,measured,2,3,5,3,0.771,217.077,24,12,100,516404,1,58380442,3168,0,part;ixtest_part_size;nation;region;supplier;ixtest_supplier_nationkey;partsupp;_m,198690,0,0,0,3359,3359,0
2026-08-12T12:50:13Z,32B5737E49385EF7,18.4,queries/tpch/tpch-queries/q02/v1_materialized.sql,measured,2,4,5,3,0.753,220.614,24,12,100,516404,1,58380442,3168,0,part;ixtest_part_size;nation;region;supplier;ixtest_supplier_nationkey;partsupp;_m,198690,0,0,0,3359,3359,0
2026-08-12T12:50:13Z,32B5737E49385EF7,18.4,queries/tpch/tpch-queries/q02/v1_materialized.sql,measured,2,5,5,3,0.749,217.013,24,12,100,516404,1,58380442,3168,0,part;ixtest_part_size;nation;region;supplier;ixtest_supplier_nationkey;partsupp;_m,198690,0,0,0,3359,3359,0
2026-08-12T12:50:14Z,32B5737E49385EF7,18.4,queries/tpch/tpch-queries/q02/v1_materialized.sql,measured,3,1,5,3,2.090,231.909,24,12,100,516404,1,58380442,3168,0,part;ixtest_part_size;nation;region;supplier;ixtest_supplier_nationkey;partsupp;_m,198699,0,0,0,3359,3359,0
2026-08-12T12:50:14Z,32B5737E49385EF7,18.4,queries/tpch/tpch-queries/q02/v1_materialized.sql,measured,3,2,5,3,0.827,214.016,24,12,100,516404,1,58380442,3168,0,part;ixtest_part_size;nation;region;supplier;ixtest_supplier_nationkey;partsupp;_m,198690,0,0,0,3359,3359,0
2026-08-12T12:50:14Z,32B5737E49385EF7,18.4,queries/tpch/tpch-queries/q02/v1_materialized.sql,measured,3,3,5,3,0.776,212.852,24,12,100,516404,1,58380442,3168,0,part;ixtest_part_size;nation;region;supplier;ixtest_supplier_nationkey;partsupp;_m,198690,0,0,0,3359,3359,0
2026-08-12T12:50:14Z,32B5737E49385EF7,18.4,queries/tpch/tpch-queries/q02/v1_materialized.sql,measured,3,4,5,3,0.775,212.563,24,12,100,516404,1,58380442,3168,0,part;ixtest_part_size;nation;region;supplier;ixtest_supplier_nationkey;partsupp;_m,198690,0,0,0,3359,3359,0
2026-08-12T12:50:14Z,32B5737E49385EF7,18.4,queries/tpch/tpch-queries/q02/v1_materialized.sql,measured,3,5,5,3,0.776,213.195,24,12,100,516404,1,58380442,3168,0,part;ixtest_part_size;nation;region;supplier;ixtest_supplier_nationkey;partsupp;_m,198690,0,0,0,3359,3359,0
2026-08-12T12:50:14Z,32B5737E49385EF7,18.4,queries/tpch/tpch-queries/q02/v2_decorrelate.sql,warmup,1,1,1,3,2.976,218.160,25,11,100,452023,1,8826712,3171,0,region;nation;supplier;ixtest_supplier_nationkey;partsupp;part;ixtest_part_size,171708,0,0,0,257,607,0
2026-08-12T12:50:14Z,32B5737E49385EF7,18.4,queries/tpch/tpch-queries/q02/v2_decorrelate.sql,warmup,2,1,1,3,2.937,222.991,25,11,100,452023,1,8826712,3171,0,region;nation;supplier;ixtest_supplier_nationkey;partsupp;part;ixtest_part_size,171708,0,0,0,257,607,0
2026-08-12T12:50:16Z,32B5737E49385EF7,18.4,queries/tpch/tpch-queries/q02/v2_decorrelate.sql,measured,1,1,5,3,2.936,224.060,25,11,100,452023,1,8826712,3171,0,region;nation;supplier;ixtest_supplier_nationkey;partsupp;part;ixtest_part_size,171708,0,0,0,257,607,0
2026-08-12T12:50:16Z,32B5737E49385EF7,18.4,queries/tpch/tpch-queries/q02/v2_decorrelate.sql,measured,1,2,5,3,1.569,212.048,25,11,100,452023,1,8826712,3171,0,region;nation;supplier;ixtest_supplier_nationkey;partsupp;part;ixtest_part_size,171699,0,0,0,257,607,0
2026-08-12T12:50:16Z,32B5737E49385EF7,18.4,queries/tpch/tpch-queries/q02/v2_decorrelate.sql,measured,1,3,5,3,1.549,211.314,25,11,100,452023,1,8826712,3171,0,region;nation;supplier;ixtest_supplier_nationkey;partsupp;part;ixtest_part_size,171699,0,0,0,257,607,0
2026-08-12T12:50:16Z,32B5737E49385EF7,18.4,queries/tpch/tpch-queries/q02/v2_decorrelate.sql,measured,1,4,5,3,1.527,219.170,25,11,100,452023,1,8826712,3171,0,region;nation;supplier;ixtest_supplier_nationkey;partsupp;part;ixtest_part_size,171699,0,0,0,257,607,0
2026-08-12T12:50:16Z,32B5737E49385EF7,18.4,queries/tpch/tpch-queries/q02/v2_decorrelate.sql,measured,1,5,5,3,1.523,205.603,25,11,100,452023,1,8826712,3171,0,region;nation;supplier;ixtest_supplier_nationkey;partsupp;part;ixtest_part_size,171699,0,0,0,257,607,0
2026-08-12T12:50:17Z,32B5737E49385EF7,18.4,queries/tpch/tpch-queries/q02/v2_decorrelate.sql,measured,2,1,5,3,3.139,216.854,25,11,100,452023,1,8826712,3171,0,region;nation;supplier;ixtest_supplier_nationkey;partsupp;part;ixtest_part_size,171708,0,0,0,257,607,0
2026-08-12T12:50:17Z,32B5737E49385EF7,18.4,queries/tpch/tpch-queries/q02/v2_decorrelate.sql,measured,2,2,5,3,1.622,211.320,25,11,100,452023,1,8826712,3171,0,region;nation;supplier;ixtest_supplier_nationkey;partsupp;part;ixtest_part_size,171699,0,0,0,257,607,0
2026-08-12T12:50:17Z,32B5737E49385EF7,18.4,queries/tpch/tpch-queries/q02/v2_decorrelate.sql,measured,2,3,5,3,1.539,205.970,25,11,100,452023,1,8826712,3171,0,region;nation;supplier;ixtest_supplier_nationkey;partsupp;part;ixtest_part_size,171699,0,0,0,257,607,0
2026-08-12T12:50:17Z,32B5737E49385EF7,18.4,queries/tpch/tpch-queries/q02/v2_decorrelate.sql,measured,2,4,5,3,1.551,207.733,25,11,100,452023,1,8826712,3171,0,region;nation;supplier;ixtest_supplier_nationkey;partsupp;part;ixtest_part_size,171699,0,0,0,257,607,0
2026-08-12T12:50:17Z,32B5737E49385EF7,18.4,queries/tpch/tpch-queries/q02/v2_decorrelate.sql,measured,2,5,5,3,1.536,207.629,25,11,100,452023,1,8826712,3171,0,region;nation;supplier;ixtest_supplier_nationkey;partsupp;part;ixtest_part_size,171699,0,0,0,257,607,0
2026-08-12T12:50:18Z,32B5737E49385EF7,18.4,queries/tpch/tpch-queries/q02/v2_decorrelate.sql,measured,3,1,5,3,3.005,217.088,25,11,100,452023,1,8826712,3171,0,region;nation;supplier;ixtest_supplier_nationkey;partsupp;part;ixtest_part_size,171708,0,0,0,257,607,0
2026-08-12T12:50:18Z,32B5737E49385EF7,18.4,queries/tpch/tpch-queries/q02/v2_decorrelate.sql,measured,3,2,5,3,1.585,206.185,25,11,100,452023,1,8826712,3171,0,region;nation;supplier;ixtest_supplier_nationkey;partsupp;part;ixtest_part_size,171699,0,0,0,257,607,0
2026-08-12T12:50:18Z,32B5737E49385EF7,18.4,queries/tpch/tpch-queries/q02/v2_decorrelate.sql,measured,3,3,5,3,1.523,212.446,25,11,100,452023,1,8826712,3171,0,region;nation;supplier;ixtest_supplier_nationkey;partsupp;part;ixtest_part_size,171699,0,0,0,257,607,0
2026-08-12T12:50:18Z,32B5737E49385EF7,18.4,queries/tpch/tpch-queries/q02/v2_decorrelate.sql,measured,3,4,5,3,1.526,208.782,25,11,100,452023,1,8826712,3171,0,region;nation;supplier;ixtest_supplier_nationkey;partsupp;part;ixtest_part_size,171699,0,0,0,257,607,0
2026-08-12T12:50:18Z,32B5737E49385EF7,18.4,queries/tpch/tpch-queries/q02/v2_decorrelate.sql,measured,3,5,5,3,1.511,204.532,25,11,100,452023,1,8826712,3171,0,region;nation;supplier;ixtest_supplier_nationkey;partsupp;part;ixtest_part_size,171699,0,0,0,257,607,0
2026-08-12T12:50:18Z,32B5737E49385EF7,18.4,queries/tpch/tpch-queries/q03/base.sql,warmup,1,1,1,3,1.826,414.400,12,4,10,1068052,10,16353048,257569,2,orders;customer;ixtest_customer_mktseg;lineitem,587390,39260,0,0,0,0,0
2026-08-12T12:50:19Z,32B5737E49385EF7,18.4,queries/tpch/tpch-queries/q03/base.sql,warmup,2,1,1,3,1.583,307.561,12,4,10,1068053,10,16353052,257569,2,orders;customer;ixtest_customer_mktseg;lineitem,626650,0,0,0,0,0,0
2026-08-12T12:50:20Z,32B5737E49385EF7,18.4,queries/tpch/tpch-queries/q03/base.sql,measured,1,1,5,3,1.506,306.512,12,4,10,1068053,10,16353052,257569,2,orders;customer;ixtest_customer_mktseg;lineitem,626650,0,0,0,0,0,0
2026-08-12T12:50:20Z,32B5737E49385EF7,18.4,queries/tpch/tpch-queries/q03/base.sql,measured,1,2,5,3,0.440,282.339,12,4,10,1068053,10,16353052,257569,2,orders;customer;ixtest_customer_mktseg;lineitem,626647,0,0,0,0,0,0
2026-08-12T12:50:20Z,32B5737E49385EF7,18.4,queries/tpch/tpch-queries/q03/base.sql,measured,1,3,5,3,0.425,281.178,12,4,10,1068053,10,16353052,257569,2,orders;customer;ixtest_customer_mktseg;lineitem,626647,0,0,0,0,0,0
2026-08-12T12:50:20Z,32B5737E49385EF7,18.4,queries/tpch/tpch-queries/q03/base.sql,measured,1,4,5,3,0.416,279.202,12,4,10,1068053,10,16353052,257569,2,orders;customer;ixtest_customer_mktseg;lineitem,626647,0,0,0,0,0,0
2026-08-12T12:50:20Z,32B5737E49385EF7,18.4,queries/tpch/tpch-queries/q03/base.sql,measured,1,5,5,3,0.423,278.162,12,4,10,1068053,10,16353052,257569,2,orders;customer;ixtest_customer_mktseg;lineitem,626647,0,0,0,0,0,0
2026-08-12T12:50:22Z,32B5737E49385EF7,18.4,queries/tpch/tpch-queries/q03/base.sql,measured,2,1,5,3,1.514,308.720,12,4,10,1068053,10,16353052,257569,2,orders;customer;ixtest_customer_mktseg;lineitem,626650,0,0,0,0,0,0
2026-08-12T12:50:22Z,32B5737E49385EF7,18.4,queries/tpch/tpch-queries/q03/base.sql,measured,2,2,5,3,0.424,284.897,12,4,10,1068053,10,16353052,257569,2,orders;customer;ixtest_customer_mktseg;lineitem,626647,0,0,0,0,0,0
2026-08-12T12:50:22Z,32B5737E49385EF7,18.4,queries/tpch/tpch-queries/q03/base.sql,measured,2,3,5,3,0.424,279.592,12,4,10,1068053,10,16353052,257569,2,orders;customer;ixtest_customer_mktseg;lineitem,626647,0,0,0,0,0,0
2026-08-12T12:50:22Z,32B5737E49385EF7,18.4,queries/tpch/tpch-queries/q03/base.sql,measured,2,4,5,3,0.433,278.262,12,4,10,1068053,10,16353052,257569,2,orders;customer;ixtest_customer_mktseg;lineitem,626647,0,0,0,0,0,0
2026-08-12T12:50:22Z,32B5737E49385EF7,18.4,queries/tpch/tpch-queries/q03/base.sql,measured,2,5,5,3,0.419,279.592,12,4,10,1068053,10,16353052,257569,2,orders;customer;ixtest_customer_mktseg;lineitem,626647,0,0,0,0,0,0
2026-08-12T12:50:23Z,32B5737E49385EF7,18.4,queries/tpch/tpch-queries/q03/base.sql,measured,3,1,5,3,1.504,306.748,12,4,10,1068053,10,16353052,257569,2,orders;customer;ixtest_customer_mktseg;lineitem,626650,0,0,0,0,0,0
2026-08-12T12:50:23Z,32B5737E49385EF7,18.4,queries/tpch/tpch-queries/q03/base.sql,measured,3,2,5,3,0.428,283.103,12,4,10,1068053,10,16353052,257569,2,orders;customer;ixtest_customer_mktseg;lineitem,626647,0,0,0,0,0,0
2026-08-12T12:50:23Z,32B5737E49385EF7,18.4,queries/tpch/tpch-queries/q03/base.sql,measured,3,3,5,3,0.421,280.700,12,4,10,1068053,10,16353052,257569,2,orders;customer;ixtest_customer_mktseg;lineitem,626647,0,0,0,0,0,0
2026-08-12T12:50:23Z,32B5737E49385EF7,18.4,queries/tpch/tpch-queries/q03/base.sql,measured,3,4,5,3,0.421,280.414,12,4,10,1068053,10,16353052,257569,2,orders;customer;ixtest_customer_mktseg;lineitem,626647,0,0,0,0,0,0
2026-08-12T12:50:23Z,32B5737E49385EF7,18.4,queries/tpch/tpch-queries/q03/base.sql,measured,3,5,5,3,0.417,278.625,12,4,10,1068053,10,16353052,257569,2,orders;customer;ixtest_customer_mktseg;lineitem,626647,0,0,0,0,0,0
2026-08-12T12:50:24Z,32B5737E49385EF7,18.4,queries/tpch/tpch-queries/q03/v1_materialized.sql,warmup,1,1,1,3,1.553,310.700,13,5,10,1079673,10,16864332,257569,2,orders;customer;ixtest_customer_mktseg;lineitem;_m,626650,0,0,0,0,0,0
2026-08-12T12:50:24Z,32B5737E49385EF7,18.4,queries/tpch/tpch-queries/q03/v1_materialized.sql,warmup,2,1,1,3,1.618,311.754,13,5,10,1079673,10,16864332,257569,2,orders;customer;ixtest_customer_mktseg;lineitem;_m,626650,0,0,0,0,0,0
2026-08-12T12:50:26Z,32B5737E49385EF7,18.4,queries/tpch/tpch-queries/q03/v1_materialized.sql,measured,1,1,5,3,1.497,311.688,13,5,10,1079673,10,16864332,257569,2,orders;customer;ixtest_customer_mktseg;lineitem;_m,626650,0,0,0,0,0,0
2026-08-12T12:50:26Z,32B5737E49385EF7,18.4,queries/tpch/tpch-queries/q03/v1_materialized.sql,measured,1,2,5,3,0.399,286.123,13,5,10,1079673,10,16864332,257569,2,orders;customer;ixtest_customer_mktseg;lineitem;_m,626647,0,0,0,0,0,0
2026-08-12T12:50:26Z,32B5737E49385EF7,18.4,queries/tpch/tpch-queries/q03/v1_materialized.sql,measured,1,3,5,3,0.398,281.882,13,5,10,1079673,10,16864332,257569,2,orders;customer;ixtest_customer_mktseg;lineitem;_m,626647,0,0,0,0,0,0
2026-08-12T12:50:26Z,32B5737E49385EF7,18.4,queries/tpch/tpch-queries/q03/v1_materialized.sql,measured,1,4,5,3,0.402,281.001,13,5,10,1079673,10,16864332,257569,2,orders;customer;ixtest_customer_mktseg;lineitem;_m,626647,0,0,0,0,0,0
2026-08-12T12:50:26Z,32B5737E49385EF7,18.4,queries/tpch/tpch-queries/q03/v1_materialized.sql,measured,1,5,5,3,0.405,279.783,13,5,10,1079673,10,16864332,257569,2,orders;customer;ixtest_customer_mktseg;lineitem;_m,626647,0,0,0,0,0,0
2026-08-12T12:50:27Z,32B5737E49385EF7,18.4,queries/tpch/tpch-queries/q03/v1_materialized.sql,measured,2,1,5,3,1.638,310.755,13,5,10,1079673,10,16864332,257569,2,orders;customer;ixtest_customer_mktseg;lineitem;_m,626650,0,0,0,0,0,0
2026-08-12T12:50:27Z,32B5737E49385EF7,18.4,queries/tpch/tpch-queries/q03/v1_materialized.sql,measured,2,2,5,3,0.402,282.672,13,5,10,1079673,10,16864332,257569,2,orders;customer;ixtest_customer_mktseg;lineitem;_m,626647,0,0,0,0,0,0
2026-08-12T12:50:27Z,32B5737E49385EF7,18.4,queries/tpch/tpch-queries/q03/v1_materialized.sql,measured,2,3,5,3,0.406,280.637,13,5,10,1079673,10,16864332,257569,2,orders;customer;ixtest_customer_mktseg;lineitem;_m,626647,0,0,0,0,0,0
2026-08-12T12:50:27Z,32B5737E49385EF7,18.4,queries/tpch/tpch-queries/q03/v1_materialized.sql,measured,2,4,5,3,0.407,279.158,13,5,10,1079673,10,16864332,257569,2,orders;customer;ixtest_customer_mktseg;lineitem;_m,626647,0,0,0,0,0,0
2026-08-12T12:50:27Z,32B5737E49385EF7,18.4,queries/tpch/tpch-queries/q03/v1_materialized.sql,measured,2,5,5,3,0.408,279.493,13,5,10,1079673,10,16864332,257569,2,orders;customer;ixtest_customer_mktseg;lineitem;_m,626647,0,0,0,0,0,0
2026-08-12T12:50:29Z,32B5737E49385EF7,18.4,queries/tpch/tpch-queries/q03/v1_materialized.sql,measured,3,1,5,3,1.513,310.626,13,5,10,1079673,10,16864332,257569,2,orders;customer;ixtest_customer_mktseg;lineitem;_m,626650,0,0,0,0,0,0
2026-08-12T12:50:29Z,32B5737E49385EF7,18.4,queries/tpch/tpch-queries/q03/v1_materialized.sql,measured,3,2,5,3,0.397,286.108,13,5,10,1079673,10,16864332,257569,2,orders;customer;ixtest_customer_mktseg;lineitem;_m,626647,0,0,0,0,0,0
2026-08-12T12:50:29Z,32B5737E49385EF7,18.4,queries/tpch/tpch-queries/q03/v1_materialized.sql,measured,3,3,5,3,0.404,281.126,13,5,10,1079673,10,16864332,257569,2,orders;customer;ixtest_customer_mktseg;lineitem;_m,626647,0,0,0,0,0,0
2026-08-12T12:50:29Z,32B5737E49385EF7,18.4,queries/tpch/tpch-queries/q03/v1_materialized.sql,measured,3,4,5,3,0.409,285.182,13,5,10,1079673,10,16864332,257569,2,orders;customer;ixtest_customer_mktseg;lineitem;_m,626647,0,0,0,0,0,0
2026-08-12T12:50:29Z,32B5737E49385EF7,18.4,queries/tpch/tpch-queries/q03/v1_materialized.sql,measured,3,5,5,3,0.405,281.514,13,5,10,1079673,10,16864332,257569,2,orders;customer;ixtest_customer_mktseg;lineitem;_m,626647,0,0,0,0,0,0
2026-08-12T12:50:29Z,32B5737E49385EF7,18.4,queries/tpch/tpch-queries/q04/base.sql,warmup,1,1,1,3,1.204,116.152,8,3,5,219511,5,2825832,1,2,orders;ixtest_orders_orderdate;lineitem,252697,52,0,0,0,0,0
2026-08-12T12:50:29Z,32B5737E49385EF7,18.4,queries/tpch/tpch-queries/q04/base.sql,warmup,2,1,1,3,1.197,116.071,8,3,5,219511,5,2825832,1,2,orders;ixtest_orders_orderdate;lineitem,252749,0,0,0,0,0,0
2026-08-12T12:50:30Z,32B5737E49385EF7,18.4,queries/tpch/tpch-queries/q04/base.sql,measured,1,1,5,3,1.201,116.241,8,3,5,219511,5,2825832,1,2,orders;ixtest_orders_orderdate;lineitem,252749,0,0,0,0,0,0
2026-08-12T12:50:30Z,32B5737E49385EF7,18.4,queries/tpch/tpch-queries/q04/base.sql,measured,1,2,5,3,0.226,101.067,8,3,5,219511,5,2825832,1,2,orders;ixtest_orders_orderdate;lineitem,252749,0,0,0,0,0,0
2026-08-12T12:50:30Z,32B5737E49385EF7,18.4,queries/tpch/tpch-queries/q04/base.sql,measured,1,3,5,3,0.230,98.193,8,3,5,219511,5,2825832,1,2,orders;ixtest_orders_orderdate;lineitem,252749,0,0,0,0,0,0
2026-08-12T12:50:30Z,32B5737E49385EF7,18.4,queries/tpch/tpch-queries/q04/base.sql,measured,1,4,5,3,0.225,97.282,8,3,5,219511,5,2825832,1,2,orders;ixtest_orders_orderdate;lineitem,252749,0,0,0,0,0,0
2026-08-12T12:50:30Z,32B5737E49385EF7,18.4,queries/tpch/tpch-queries/q04/base.sql,measured,1,5,5,3,0.232,97.865,8,3,5,219511,5,2825832,1,2,orders;ixtest_orders_orderdate;lineitem,252749,0,0,0,0,0,0
2026-08-12T12:50:30Z,32B5737E49385EF7,18.4,queries/tpch/tpch-queries/q04/base.sql,measured,2,1,5,3,1.367,119.961,8,3,5,219511,5,2825832,1,2,orders;ixtest_orders_orderdate;lineitem,252749,0,0,0,0,0,0
2026-08-12T12:50:30Z,32B5737E49385EF7,18.4,queries/tpch/tpch-queries/q04/base.sql,measured,2,2,5,3,0.236,102.154,8,3,5,219511,5,2825832,1,2,orders;ixtest_orders_orderdate;lineitem,252749,0,0,0,0,0,0
2026-08-12T12:50:30Z,32B5737E49385EF7,18.4,queries/tpch/tpch-queries/q04/base.sql,measured,2,3,5,3,0.224,98.352,8,3,5,219511,5,2825832,1,2,orders;ixtest_orders_orderdate;lineitem,252749,0,0,0,0,0,0
2026-08-12T12:50:30Z,32B5737E49385EF7,18.4,queries/tpch/tpch-queries/q04/base.sql,measured,2,4,5,3,0.225,97.767,8,3,5,219511,5,2825832,1,2,orders;ixtest_orders_orderdate;lineitem,252749,0,0,0,0,0,0
2026-08-12T12:50:30Z,32B5737E49385EF7,18.4,queries/tpch/tpch-queries/q04/base.sql,measured,2,5,5,3,0.239,97.317,8,3,5,219511,5,2825832,1,2,orders;ixtest_orders_orderdate;lineitem,252749,0,0,0,0,0,0
2026-08-12T12:50:31Z,32B5737E49385EF7,18.4,queries/tpch/tpch-queries/q04/base.sql,measured,3,1,5,3,1.389,122.148,8,3,5,219511,5,2825832,1,2,orders;ixtest_orders_orderdate;lineitem,252749,0,0,0,0,0,0
2026-08-12T12:50:31Z,32B5737E49385EF7,18.4,queries/tpch/tpch-queries/q04/base.sql,measured,3,2,5,3,0.231,101.417,8,3,5,219511,5,2825832,1,2,orders;ixtest_orders_orderdate;lineitem,252749,0,0,0,0,0,0
2026-08-12T12:50:31Z,32B5737E49385EF7,18.4,queries/tpch/tpch-queries/q04/base.sql,measured,3,3,5,3,0.230,99.153,8,3,5,219511,5,2825832,1,2,orders;ixtest_orders_orderdate;lineitem,252749,0,0,0,0,0,0
2026-08-12T12:50:31Z,32B5737E49385EF7,18.4,queries/tpch/tpch-queries/q04/base.sql,measured,3,4,5,3,0.228,97.737,8,3,5,219511,5,2825832,1,2,orders;ixtest_orders_orderdate;lineitem,252749,0,0,0,0,0,0
2026-08-12T12:50:31Z,32B5737E49385EF7,18.4,queries/tpch/tpch-queries/q04/base.sql,measured,3,5,5,3,0.231,97.583,8,3,5,219511,5,2825832,1,2,orders;ixtest_orders_orderdate;lineitem,252749,0,0,0,0,0,0
2026-08-12T12:50:31Z,32B5737E49385EF7,18.4,queries/tpch/tpch-queries/q04/v1_materialized.sql,warmup,1,1,1,3,1.323,119.047,9,4,5,219516,5,2826192,1,2,_m;orders;ixtest_orders_orderdate;lineitem,252749,0,0,0,0,0,0
2026-08-12T12:50:31Z,32B5737E49385EF7,18.4,queries/tpch/tpch-queries/q04/v1_materialized.sql,warmup,2,1,1,3,1.235,115.354,9,4,5,219516,5,2826192,1,2,_m;orders;ixtest_orders_orderdate;lineitem,252749,0,0,0,0,0,0
2026-08-12T12:50:32Z,32B5737E49385EF7,18.4,queries/tpch/tpch-queries/q04/v1_materialized.sql,measured,1,1,5,3,1.231,115.904,9,4,5,219516,5,2826192,1,2,_m;orders;ixtest_orders_orderdate;lineitem,252749,0,0,0,0,0,0
2026-08-12T12:50:32Z,32B5737E49385EF7,18.4,queries/tpch/tpch-queries/q04/v1_materialized.sql,measured,1,2,5,3,0.248,102.184,9,4,5,219516,5,2826192,1,2,_m;orders;ixtest_orders_orderdate;lineitem,252749,0,0,0,0,0,0
2026-08-12T12:50:32Z,32B5737E49385EF7,18.4,queries/tpch/tpch-queries/q04/v1_materialized.sql,measured,1,3,5,3,0.246,97.751,9,4,5,219516,5,2826192,1,2,_m;orders;ixtest_orders_orderdate;lineitem,252749,0,0,0,0,0,0
2026-08-12T12:50:32Z,32B5737E49385EF7,18.4,queries/tpch/tpch-queries/q04/v1_materialized.sql,measured,1,4,5,3,0.252,97.965,9,4,5,219516,5,2826192,1,2,_m;orders;ixtest_orders_orderdate;lineitem,252749,0,0,0,0,0,0
2026-08-12T12:50:32Z,32B5737E49385EF7,18.4,queries/tpch/tpch-queries/q04/v1_materialized.sql,measured,1,5,5,3,0.250,97.616,9,4,5,219516,5,2826192,1,2,_m;orders;ixtest_orders_orderdate;lineitem,252749,0,0,0,0,0,0
2026-08-12T12:50:32Z,32B5737E49385EF7,18.4,queries/tpch/tpch-queries/q04/v1_materialized.sql,measured,2,1,5,3,1.325,118.721,9,4,5,219516,5,2826192,1,2,_m;orders;ixtest_orders_orderdate;lineitem,252749,0,0,0,0,0,0
2026-08-12T12:50:32Z,32B5737E49385EF7,18.4,queries/tpch/tpch-queries/q04/v1_materialized.sql,measured,2,2,5,3,0.252,101.445,9,4,5,219516,5,2826192,1,2,_m;orders;ixtest_orders_orderdate;lineitem,252749,0,0,0,0,0,0
2026-08-12T12:50:32Z,32B5737E49385EF7,18.4,queries/tpch/tpch-queries/q04/v1_materialized.sql,measured,2,3,5,3,0.247,97.920,9,4,5,219516,5,2826192,1,2,_m;orders;ixtest_orders_orderdate;lineitem,252749,0,0,0,0,0,0
2026-08-12T12:50:32Z,32B5737E49385EF7,18.4,queries/tpch/tpch-queries/q04/v1_materialized.sql,measured,2,4,5,3,0.246,97.593,9,4,5,219516,5,2826192,1,2,_m;orders;ixtest_orders_orderdate;lineitem,252749,0,0,0,0,0,0
2026-08-12T12:50:32Z,32B5737E49385EF7,18.4,queries/tpch/tpch-queries/q04/v1_materialized.sql,measured,2,5,5,3,0.239,96.887,9,4,5,219516,5,2826192,1,2,_m;orders;ixtest_orders_orderdate;lineitem,252749,0,0,0,0,0,0
2026-08-12T12:50:33Z,32B5737E49385EF7,18.4,queries/tpch/tpch-queries/q04/v1_materialized.sql,measured,3,1,5,3,2.018,116.554,9,4,5,219516,5,2826192,1,2,_m;orders;ixtest_orders_orderdate;lineitem,252749,0,0,0,0,0,0
2026-08-12T12:50:33Z,32B5737E49385EF7,18.4,queries/tpch/tpch-queries/q04/v1_materialized.sql,measured,3,2,5,3,0.252,101.900,9,4,5,219516,5,2826192,1,2,_m;orders;ixtest_orders_orderdate;lineitem,252749,0,0,0,0,0,0
2026-08-12T12:50:33Z,32B5737E49385EF7,18.4,queries/tpch/tpch-queries/q04/v1_materialized.sql,measured,3,3,5,3,0.244,98.512,9,4,5,219516,5,2826192,1,2,_m;orders;ixtest_orders_orderdate;lineitem,252749,0,0,0,0,0,0
2026-08-12T12:50:33Z,32B5737E49385EF7,18.4,queries/tpch/tpch-queries/q04/v1_materialized.sql,measured,3,4,5,3,0.252,97.711,9,4,5,219516,5,2826192,1,2,_m;orders;ixtest_orders_orderdate;lineitem,252749,0,0,0,0,0,0
2026-08-12T12:50:33Z,32B5737E49385EF7,18.4,queries/tpch/tpch-queries/q04/v1_materialized.sql,measured,3,5,5,3,0.247,96.995,9,4,5,219516,5,2826192,1,2,_m;orders;ixtest_orders_orderdate;lineitem,252749,0,0,0,0,0,0
2026-08-12T12:50:33Z,32B5737E49385EF7,18.4,queries/tpch/tpch-queries/q04/v2_in.sql,warmup,1,1,1,3,1.294,120.232,8,3,5,219511,5,2825832,1,2,orders;ixtest_orders_orderdate;lineitem,252749,0,0,0,0,0,0
2026-08-12T12:50:33Z,32B5737E49385EF7,18.4,queries/tpch/tpch-queries/q04/v2_in.sql,warmup,2,1,1,3,1.395,119.701,8,3,5,219511,5,2825832,1,2,orders;ixtest_orders_orderdate;lineitem,252749,0,0,0,0,0,0
2026-08-12T12:50:34Z,32B5737E49385EF7,18.4,queries/tpch/tpch-queries/q04/v2_in.sql,measured,1,1,5,3,1.201,116.707,8,3,5,219511,5,2825832,1,2,orders;ixtest_orders_orderdate;lineitem,252749,0,0,0,0,0,0
2026-08-12T12:50:34Z,32B5737E49385EF7,18.4,queries/tpch/tpch-queries/q04/v2_in.sql,measured,1,2,5,3,0.233,103.371,8,3,5,219511,5,2825832,1,2,orders;ixtest_orders_orderdate;lineitem,252749,0,0,0,0,0,0
2026-08-12T12:50:34Z,32B5737E49385EF7,18.4,queries/tpch/tpch-queries/q04/v2_in.sql,measured,1,3,5,3,0.227,100.426,8,3,5,219511,5,2825832,1,2,orders;ixtest_orders_orderdate;lineitem,252749,0,0,0,0,0,0
2026-08-12T12:50:34Z,32B5737E49385EF7,18.4,queries/tpch/tpch-queries/q04/v2_in.sql,measured,1,4,5,3,0.227,101.000,8,3,5,219511,5,2825832,1,2,orders;ixtest_orders_orderdate;lineitem,252749,0,0,0,0,0,0
2026-08-12T12:50:34Z,32B5737E49385EF7,18.4,queries/tpch/tpch-queries/q04/v2_in.sql,measured,1,5,5,3,0.357,110.752,8,3,5,219511,5,2825832,1,2,orders;ixtest_orders_orderdate;lineitem,252749,0,0,0,0,0,0
2026-08-12T12:50:34Z,32B5737E49385EF7,18.4,queries/tpch/tpch-queries/q04/v2_in.sql,measured,2,1,5,3,1.202,116.519,8,3,5,219511,5,2825832,1,2,orders;ixtest_orders_orderdate;lineitem,252749,0,0,0,0,0,0
2026-08-12T12:50:34Z,32B5737E49385EF7,18.4,queries/tpch/tpch-queries/q04/v2_in.sql,measured,2,2,5,3,0.242,101.372,8,3,5,219511,5,2825832,1,2,orders;ixtest_orders_orderdate;lineitem,252749,0,0,0,0,0,0
2026-08-12T12:50:34Z,32B5737E49385EF7,18.4,queries/tpch/tpch-queries/q04/v2_in.sql,measured,2,3,5,3,0.224,98.248,8,3,5,219511,5,2825832,1,2,orders;ixtest_orders_orderdate;lineitem,252749,0,0,0,0,0,0
2026-08-12T12:50:34Z,32B5737E49385EF7,18.4,queries/tpch/tpch-queries/q04/v2_in.sql,measured,2,4,5,3,0.225,98.283,8,3,5,219511,5,2825832,1,2,orders;ixtest_orders_orderdate;lineitem,252749,0,0,0,0,0,0
2026-08-12T12:50:34Z,32B5737E49385EF7,18.4,queries/tpch/tpch-queries/q04/v2_in.sql,measured,2,5,5,3,0.224,96.773,8,3,5,219511,5,2825832,1,2,orders;ixtest_orders_orderdate;lineitem,252749,0,0,0,0,0,0
2026-08-12T12:50:35Z,32B5737E49385EF7,18.4,queries/tpch/tpch-queries/q04/v2_in.sql,measured,3,1,5,3,1.217,117.827,8,3,5,219511,5,2825832,1,2,orders;ixtest_orders_orderdate;lineitem,252749,0,0,0,0,0,0
2026-08-12T12:50:35Z,32B5737E49385EF7,18.4,queries/tpch/tpch-queries/q04/v2_in.sql,measured,3,2,5,3,0.229,103.064,8,3,5,219511,5,2825832,1,2,orders;ixtest_orders_orderdate;lineitem,252749,0,0,0,0,0,0
2026-08-12T12:50:35Z,32B5737E49385EF7,18.4,queries/tpch/tpch-queries/q04/v2_in.sql,measured,3,3,5,3,0.229,99.260,8,3,5,219511,5,2825832,1,2,orders;ixtest_orders_orderdate;lineitem,252749,0,0,0,0,0,0
2026-08-12T12:50:35Z,32B5737E49385EF7,18.4,queries/tpch/tpch-queries/q04/v2_in.sql,measured,3,4,5,3,0.270,98.445,8,3,5,219511,5,2825832,1,2,orders;ixtest_orders_orderdate;lineitem,252749,0,0,0,0,0,0
2026-08-12T12:50:35Z,32B5737E49385EF7,18.4,queries/tpch/tpch-queries/q04/v2_in.sql,measured,3,5,5,3,0.226,98.774,8,3,5,219511,5,2825832,1,2,orders;ixtest_orders_orderdate;lineitem,252749,0,0,0,0,0,0
2026-08-12T12:50:35Z,32B5737E49385EF7,18.4,queries/tpch/tpch-queries/q05/base.sql,warmup,1,1,1,3,3.516,283.179,19,6,5,699121,25,18257548,12,2,customer;nation;region;orders;lineitem;supplier,581531,1542,0,0,0,0,0
2026-08-12T12:50:36Z,32B5737E49385EF7,18.4,queries/tpch/tpch-queries/q05/base.sql,warmup,2,1,1,3,3.304,272.352,19,6,5,699121,25,18257548,12,2,customer;nation;region;orders;lineitem;supplier,583073,0,0,0,0,0,0
2026-08-12T12:50:37Z,32B5737E49385EF7,18.4,queries/tpch/tpch-queries/q05/base.sql,measured,1,1,5,3,6.103,285.858,19,6,5,699121,25,18257548,12,2,customer;nation;region;orders;lineitem;supplier,583073,0,0,0,0,0,0
2026-08-12T12:50:37Z,32B5737E49385EF7,18.4,queries/tpch/tpch-queries/q05/base.sql,measured,1,2,5,3,1.810,261.068,19,6,5,699121,25,18257548,12,2,customer;nation;region;orders;lineitem;supplier,583070,0,0,0,0,0,0
2026-08-12T12:50:37Z,32B5737E49385EF7,18.4,queries/tpch/tpch-queries/q05/base.sql,measured,1,3,5,3,1.707,259.228,19,6,5,699121,25,18257548,12,2,customer;nation;region;orders;lineitem;supplier,583070,0,0,0,0,0,0
2026-08-12T12:50:37Z,32B5737E49385EF7,18.4,queries/tpch/tpch-queries/q05/base.sql,measured,1,4,5,3,1.707,259.155,19,6,5,699121,25,18257548,12,2,customer;nation;region;orders;lineitem;supplier,583070,0,0,0,0,0,0
2026-08-12T12:50:37Z,32B5737E49385EF7,18.4,queries/tpch/tpch-queries/q05/base.sql,measured,1,5,5,3,1.870,256.822,19,6,5,699121,25,18257548,12,2,customer;nation;region;orders;lineitem;supplier,583070,0,0,0,0,0,0
2026-08-12T12:50:39Z,32B5737E49385EF7,18.4,queries/tpch/tpch-queries/q05/base.sql,measured,2,1,5,3,4.020,275.092,19,6,5,699121,25,18257548,12,2,customer;nation;region;orders;lineitem;supplier,583073,0,0,0,0,0,0
2026-08-12T12:50:39Z,32B5737E49385EF7,18.4,queries/tpch/tpch-queries/q05/base.sql,measured,2,2,5,3,1.736,259.581,19,6,5,699121,25,18257548,12,2,customer;nation;region;orders;lineitem;supplier,583070,0,0,0,0,0,0
2026-08-12T12:50:39Z,32B5737E49385EF7,18.4,queries/tpch/tpch-queries/q05/base.sql,measured,2,3,5,3,1.689,254.276,19,6,5,699121,25,18257548,12,2,customer;nation;region;orders;lineitem;supplier,583070,0,0,0,0,0,0
2026-08-12T12:50:39Z,32B5737E49385EF7,18.4,queries/tpch/tpch-queries/q05/base.sql,measured,2,4,5,3,1.699,253.897,19,6,5,699121,25,18257548,12,2,customer;nation;region;orders;lineitem;supplier,583070,0,0,0,0,0,0
2026-08-12T12:50:39Z,32B5737E49385EF7,18.4,queries/tpch/tpch-queries/q05/base.sql,measured,2,5,5,3,1.680,252.666,19,6,5,699121,25,18257548,12,2,customer;nation;region;orders;lineitem;supplier,583070,0,0,0,0,0,0
2026-08-12T12:50:40Z,32B5737E49385EF7,18.4,queries/tpch/tpch-queries/q05/base.sql,measured,3,1,5,3,3.321,267.657,19,6,5,699121,25,18257548,12,2,customer;nation;region;orders;lineitem;supplier,583073,0,0,0,0,0,0
2026-08-12T12:50:40Z,32B5737E49385EF7,18.4,queries/tpch/tpch-queries/q05/base.sql,measured,3,2,5,3,1.720,258.329,19,6,5,699121,25,18257548,12,2,customer;nation;region;orders;lineitem;supplier,583070,0,0,0,0,0,0
2026-08-12T12:50:40Z,32B5737E49385EF7,18.4,queries/tpch/tpch-queries/q05/base.sql,measured,3,3,5,3,1.699,252.939,19,6,5,699121,25,18257548,12,2,customer;nation;region;orders;lineitem;supplier,583070,0,0,0,0,0,0
2026-08-12T12:50:40Z,32B5737E49385EF7,18.4,queries/tpch/tpch-queries/q05/base.sql,measured,3,4,5,3,1.636,251.931,19,6,5,699121,25,18257548,12,2,customer;nation;region;orders;lineitem;supplier,583070,0,0,0,0,0,0
2026-08-12T12:50:40Z,32B5737E49385EF7,18.4,queries/tpch/tpch-queries/q05/base.sql,measured,3,5,5,3,1.673,251.226,19,6,5,699121,25,18257548,12,2,customer;nation;region;orders;lineitem;supplier,583070,0,0,0,0,0,0
2026-08-12T12:50:40Z,32B5737E49385EF7,18.4,queries/tpch/tpch-queries/q05/v1_materialized.sql,warmup,1,1,1,3,3.438,265.446,20,7,5,699126,25,18258618,12,2,customer;nation;region;orders;lineitem;supplier;_m,583073,0,0,0,0,0,0
2026-08-12T12:50:41Z,32B5737E49385EF7,18.4,queries/tpch/tpch-queries/q05/v1_materialized.sql,warmup,2,1,1,3,3.299,269.366,20,7,5,699126,25,18258618,12,2,customer;nation;region;orders;lineitem;supplier;_m,583073,0,0,0,0,0,0
2026-08-12T12:50:42Z,32B5737E49385EF7,18.4,queries/tpch/tpch-queries/q05/v1_materialized.sql,measured,1,1,5,3,3.314,270.856,20,7,5,699126,25,18258618,12,2,customer;nation;region;orders;lineitem;supplier;_m,583073,0,0,0,0,0,0
2026-08-12T12:50:42Z,32B5737E49385EF7,18.4,queries/tpch/tpch-queries/q05/v1_materialized.sql,measured,1,2,5,3,1.729,259.977,20,7,5,699126,25,18258618,12,2,customer;nation;region;orders;lineitem;supplier;_m,583070,0,0,0,0,0,0
2026-08-12T12:50:42Z,32B5737E49385EF7,18.4,queries/tpch/tpch-queries/q05/v1_materialized.sql,measured,1,3,5,3,1.698,255.095,20,7,5,699126,25,18258618,12,2,customer;nation;region;orders;lineitem;supplier;_m,583070,0,0,0,0,0,0
2026-08-12T12:50:42Z,32B5737E49385EF7,18.4,queries/tpch/tpch-queries/q05/v1_materialized.sql,measured,1,4,5,3,1.703,252.787,20,7,5,699126,25,18258618,12,2,customer;nation;region;orders;lineitem;supplier;_m,583070,0,0,0,0,0,0
2026-08-12T12:50:42Z,32B5737E49385EF7,18.4,queries/tpch/tpch-queries/q05/v1_materialized.sql,measured,1,5,5,3,1.681,253.362,20,7,5,699126,25,18258618,12,2,customer;nation;region;orders;lineitem;supplier;_m,583070,0,0,0,0,0,0
2026-08-12T12:50:44Z,32B5737E49385EF7,18.4,queries/tpch/tpch-queries/q05/v1_materialized.sql,measured,2,1,5,3,3.327,267.978,20,7,5,699126,25,18258618,12,2,customer;nation;region;orders;lineitem;supplier;_m,583073,0,0,0,0,0,0
2026-08-12T12:50:44Z,32B5737E49385EF7,18.4,queries/tpch/tpch-queries/q05/v1_materialized.sql,measured,2,2,5,3,1.733,259.311,20,7,5,699126,25,18258618,12,2,customer;nation;region;orders;lineitem;supplier;_m,583070,0,0,0,0,0,0
2026-08-12T12:50:44Z,32B5737E49385EF7,18.4,queries/tpch/tpch-queries/q05/v1_materialized.sql,measured,2,3,5,3,1.720,256.219,20,7,5,699126,25,18258618,12,2,customer;nation;region;orders;lineitem;supplier;_m,583070,0,0,0,0,0,0
2026-08-12T12:50:44Z,32B5737E49385EF7,18.4,queries/tpch/tpch-queries/q05/v1_materialized.sql,measured,2,4,5,3,1.708,253.655,20,7,5,699126,25,18258618,12,2,customer;nation;region;orders;lineitem;supplier;_m,583070,0,0,0,0,0,0
2026-08-12T12:50:44Z,32B5737E49385EF7,18.4,queries/tpch/tpch-queries/q05/v1_materialized.sql,measured,2,5,5,3,1.661,252.398,20,7,5,699126,25,18258618,12,2,customer;nation;region;orders;lineitem;supplier;_m,583070,0,0,0,0,0,0
2026-08-12T12:50:45Z,32B5737E49385EF7,18.4,queries/tpch/tpch-queries/q05/v1_materialized.sql,measured,3,1,5,3,4.010,262.318,20,7,5,699126,25,18258618,12,2,customer;nation;region;orders;lineitem;supplier;_m,583073,0,0,0,0,0,0
2026-08-12T12:50:45Z,32B5737E49385EF7,18.4,queries/tpch/tpch-queries/q05/v1_materialized.sql,measured,3,2,5,3,1.735,254.914,20,7,5,699126,25,18258618,12,2,customer;nation;region;orders;lineitem;supplier;_m,583070,0,0,0,0,0,0
2026-08-12T12:50:45Z,32B5737E49385EF7,18.4,queries/tpch/tpch-queries/q05/v1_materialized.sql,measured,3,3,5,3,1.698,251.014,20,7,5,699126,25,18258618,12,2,customer;nation;region;orders;lineitem;supplier;_m,583070,0,0,0,0,0,0
2026-08-12T12:50:45Z,32B5737E49385EF7,18.4,queries/tpch/tpch-queries/q05/v1_materialized.sql,measured,3,4,5,3,1.675,252.190,20,7,5,699126,25,18258618,12,2,customer;nation;region;orders;lineitem;supplier;_m,583070,0,0,0,0,0,0
2026-08-12T12:50:45Z,32B5737E49385EF7,18.4,queries/tpch/tpch-queries/q05/v1_materialized.sql,measured,3,5,5,3,1.667,252.328,20,7,5,699126,25,18258618,12,2,customer;nation;region;orders;lineitem;supplier;_m,583070,0,0,0,0,0,0
2026-08-12T12:50:45Z,32B5737E49385EF7,18.4,queries/tpch/tpch-queries/q06/base.sql,warmup,1,1,1,3,0.763,92.908,4,1,1,114166,1,1370132,265098,2,lineitem,4275,5439,0,0,0,0,0
2026-08-12T12:50:45Z,32B5737E49385EF7,18.4,queries/tpch/tpch-queries/q06/base.sql,warmup,2,1,1,3,0.674,66.334,4,1,1,114166,1,1370132,265098,2,lineitem,9697,0,0,0,0,0,0
2026-08-12T12:50:46Z,32B5737E49385EF7,18.4,queries/tpch/tpch-queries/q06/base.sql,measured,1,1,5,3,0.656,65.477,4,1,1,114166,1,1370132,265098,2,lineitem,9711,0,0,0,0,0,0
2026-08-12T12:50:46Z,32B5737E49385EF7,18.4,queries/tpch/tpch-queries/q06/base.sql,measured,1,2,5,3,0.096,64.776,4,1,1,114166,1,1370132,265098,2,lineitem,9701,0,0,0,0,0,0
2026-08-12T12:50:46Z,32B5737E49385EF7,18.4,queries/tpch/tpch-queries/q06/base.sql,measured,1,3,5,3,0.098,75.210,4,1,1,114166,1,1370132,265098,2,lineitem,9632,0,0,0,0,0,0
2026-08-12T12:50:46Z,32B5737E49385EF7,18.4,queries/tpch/tpch-queries/q06/base.sql,measured,1,4,5,3,0.111,73.408,4,1,1,114166,1,1370132,265098,2,lineitem,9667,0,0,0,0,0,0
2026-08-12T12:50:46Z,32B5737E49385EF7,18.4,queries/tpch/tpch-queries/q06/base.sql,measured,1,5,5,3,0.105,65.166,4,1,1,114166,1,1370132,265098,2,lineitem,9707,0,0,0,0,0,0
2026-08-12T12:50:46Z,32B5737E49385EF7,18.4,queries/tpch/tpch-queries/q06/base.sql,measured,2,1,5,3,0.658,65.141,4,1,1,114166,1,1370132,265098,2,lineitem,9715,0,0,0,0,0,0
2026-08-12T12:50:46Z,32B5737E49385EF7,18.4,queries/tpch/tpch-queries/q06/base.sql,measured,2,2,5,3,0.097,65.070,4,1,1,114166,1,1370132,265098,2,lineitem,9708,0,0,0,0,0,0
2026-08-12T12:50:46Z,32B5737E49385EF7,18.4,queries/tpch/tpch-queries/q06/base.sql,measured,2,3,5,3,0.097,65.134,4,1,1,114166,1,1370132,265098,2,lineitem,9704,0,0,0,0,0,0
2026-08-12T12:50:46Z,32B5737E49385EF7,18.4,queries/tpch/tpch-queries/q06/base.sql,measured,2,4,5,3,0.097,64.771,4,1,1,114166,1,1370132,265098,2,lineitem,9710,0,0,0,0,0,0
2026-08-12T12:50:46Z,32B5737E49385EF7,18.4,queries/tpch/tpch-queries/q06/base.sql,measured,2,5,5,3,0.115,73.282,4,1,1,114166,1,1370132,265098,2,lineitem,9658,0,0,0,0,0,0
2026-08-12T12:50:46Z,32B5737E49385EF7,18.4,queries/tpch/tpch-queries/q06/base.sql,measured,3,1,5,3,0.952,77.346,4,1,1,114166,1,1370132,265098,2,lineitem,9710,0,0,0,0,0,0
2026-08-12T12:50:46Z,32B5737E49385EF7,18.4,queries/tpch/tpch-queries/q06/base.sql,measured,3,2,5,3,0.103,64.528,4,1,1,114166,1,1370132,265098,2,lineitem,9702,0,0,0,0,0,0
2026-08-12T12:50:46Z,32B5737E49385EF7,18.4,queries/tpch/tpch-queries/q06/base.sql,measured,3,3,5,3,0.097,64.655,4,1,1,114166,1,1370132,265098,2,lineitem,9703,0,0,0,0,0,0
2026-08-12T12:50:46Z,32B5737E49385EF7,18.4,queries/tpch/tpch-queries/q06/base.sql,measured,3,4,5,3,0.110,64.607,4,1,1,114166,1,1370132,265098,2,lineitem,9704,0,0,0,0,0,0
2026-08-12T12:50:46Z,32B5737E49385EF7,18.4,queries/tpch/tpch-queries/q06/base.sql,measured,3,5,5,3,0.099,64.696,4,1,1,114166,1,1370132,265098,2,lineitem,9697,0,0,0,0,0,0
2026-08-12T12:50:47Z,32B5737E49385EF7,18.4,queries/tpch/tpch-queries/q06/v1_materialized.sql,warmup,1,1,1,3,1.263,97.156,5,2,1,114167,1,1370164,265098,2,_m;lineitem,9709,0,0,0,0,0,0
2026-08-12T12:50:47Z,32B5737E49385EF7,18.4,queries/tpch/tpch-queries/q06/v1_materialized.sql,warmup,2,1,1,3,0.687,65.820,5,2,1,114167,1,1370164,265098,2,_m;lineitem,9714,0,0,0,0,0,0
2026-08-12T12:50:47Z,32B5737E49385EF7,18.4,queries/tpch/tpch-queries/q06/v1_materialized.sql,measured,1,1,5,3,0.696,65.492,5,2,1,114167,1,1370164,265098,2,_m;lineitem,9712,0,0,0,0,0,0
2026-08-12T12:50:47Z,32B5737E49385EF7,18.4,queries/tpch/tpch-queries/q06/v1_materialized.sql,measured,1,2,5,3,0.107,64.365,5,2,1,114167,1,1370164,265098,2,_m;lineitem,9702,0,0,0,0,0,0
2026-08-12T12:50:47Z,32B5737E49385EF7,18.4,queries/tpch/tpch-queries/q06/v1_materialized.sql,measured,1,3,5,3,0.112,64.676,5,2,1,114167,1,1370164,265098,2,_m;lineitem,9705,0,0,0,0,0,0
2026-08-12T12:50:47Z,32B5737E49385EF7,18.4,queries/tpch/tpch-queries/q06/v1_materialized.sql,measured,1,4,5,3,0.117,65.551,5,2,1,114167,1,1370164,265098,2,_m;lineitem,9700,0,0,0,0,0,0
2026-08-12T12:50:47Z,32B5737E49385EF7,18.4,queries/tpch/tpch-queries/q06/v1_materialized.sql,measured,1,5,5,3,0.109,64.367,5,2,1,114167,1,1370164,265098,2,_m;lineitem,9704,0,0,0,0,0,0
2026-08-12T12:50:48Z,32B5737E49385EF7,18.4,queries/tpch/tpch-queries/q06/v1_materialized.sql,measured,2,1,5,3,1.117,92.913,5,2,1,114167,1,1370164,265098,2,_m;lineitem,9686,0,0,0,0,0,0
2026-08-12T12:50:48Z,32B5737E49385EF7,18.4,queries/tpch/tpch-queries/q06/v1_materialized.sql,measured,2,2,5,3,0.109,64.798,5,2,1,114167,1,1370164,265098,2,_m;lineitem,9701,0,0,0,0,0,0
2026-08-12T12:50:48Z,32B5737E49385EF7,18.4,queries/tpch/tpch-queries/q06/v1_materialized.sql,measured,2,3,5,3,0.107,64.347,5,2,1,114167,1,1370164,265098,2,_m;lineitem,9705,0,0,0,0,0,0
2026-08-12T12:50:48Z,32B5737E49385EF7,18.4,queries/tpch/tpch-queries/q06/v1_materialized.sql,measured,2,4,5,3,0.109,64.631,5,2,1,114167,1,1370164,265098,2,_m;lineitem,9708,0,0,0,0,0,0
2026-08-12T12:50:48Z,32B5737E49385EF7,18.4,queries/tpch/tpch-queries/q06/v1_materialized.sql,measured,2,5,5,3,0.105,63.956,5,2,1,114167,1,1370164,265098,2,_m;lineitem,9705,0,0,0,0,0,0
2026-08-12T12:50:48Z,32B5737E49385EF7,18.4,queries/tpch/tpch-queries/q06/v1_materialized.sql,measured,3,1,5,3,0.977,87.185,5,2,1,114167,1,1370164,265098,2,_m;lineitem,9713,0,0,0,0,0,0
2026-08-12T12:50:48Z,32B5737E49385EF7,18.4,queries/tpch/tpch-queries/q06/v1_materialized.sql,measured,3,2,5,3,0.109,65.425,5,2,1,114167,1,1370164,265098,2,_m;lineitem,9709,0,0,0,0,0,0
2026-08-12T12:50:48Z,32B5737E49385EF7,18.4,queries/tpch/tpch-queries/q06/v1_materialized.sql,measured,3,3,5,3,0.109,67.522,5,2,1,114167,1,1370164,265098,2,_m;lineitem,9694,0,0,0,0,0,0
2026-08-12T12:50:48Z,32B5737E49385EF7,18.4,queries/tpch/tpch-queries/q06/v1_materialized.sql,measured,3,4,5,3,0.109,64.420,5,2,1,114167,1,1370164,265098,2,_m;lineitem,9700,0,0,0,0,0,0
2026-08-12T12:50:48Z,32B5737E49385EF7,18.4,queries/tpch/tpch-queries/q06/v1_materialized.sql,measured,3,5,5,3,0.108,65.634,5,2,1,114167,1,1370164,265098,2,_m;lineitem,9695,0,0,0,0,0,0
2026-08-12T12:50:49Z,32B5737E49385EF7,18.4,queries/tpch/tpch-queries/q07/base.sql,warmup,1,1,1,3,3.862,677.609,17,6,4,1763513,6096,58849902,441,2,customer;nation;orders;supplier;lineitem,1600972,1108,0,0,2219,2219,0
2026-08-12T12:50:50Z,32B5737E49385EF7,18.4,queries/tpch/tpch-queries/q07/base.sql,warmup,2,1,1,3,3.113,648.149,17,6,4,1763513,6096,58849902,441,2,customer;nation;orders;supplier;lineitem,1602080,0,0,0,2219,2219,0
2026-08-12T12:50:53Z,32B5737E49385EF7,18.4,queries/tpch/tpch-queries/q07/base.sql,measured,1,1,5,3,2.636,644.520,17,6,4,1763513,6096,58849902,441,2,customer;nation;orders;supplier;lineitem,1602080,0,0,0,2219,2219,0
2026-08-12T12:50:53Z,32B5737E49385EF7,18.4,queries/tpch/tpch-queries/q07/base.sql,measured,1,2,5,3,1.133,612.568,17,6,4,1763513,6096,58849902,441,2,customer;nation;orders;supplier;lineitem,1602080,0,0,0,2219,2219,0
2026-08-12T12:50:53Z,32B5737E49385EF7,18.4,queries/tpch/tpch-queries/q07/base.sql,measured,1,3,5,3,1.069,610.214,17,6,4,1763513,6096,58849902,441,2,customer;nation;orders;supplier;lineitem,1602080,0,0,0,2219,2219,0
2026-08-12T12:50:53Z,32B5737E49385EF7,18.4,queries/tpch/tpch-queries/q07/base.sql,measured,1,4,5,3,1.080,604.972,17,6,4,1763513,6096,58849902,441,2,customer;nation;orders;supplier;lineitem,1602080,0,0,0,2220,2220,0
2026-08-12T12:50:53Z,32B5737E49385EF7,18.4,queries/tpch/tpch-queries/q07/base.sql,measured,1,5,5,3,1.068,604.743,17,6,4,1763513,6096,58849902,441,2,customer;nation;orders;supplier;lineitem,1602080,0,0,0,2220,2220,0
2026-08-12T12:50:56Z,32B5737E49385EF7,18.4,queries/tpch/tpch-queries/q07/base.sql,measured,2,1,5,3,3.112,650.654,17,6,4,1763513,6096,58849902,441,2,customer;nation;orders;supplier;lineitem,1602080,0,0,0,2219,2219,0
2026-08-12T12:50:56Z,32B5737E49385EF7,18.4,queries/tpch/tpch-queries/q07/base.sql,measured,2,2,5,3,1.131,607.002,17,6,4,1763513,6096,58849902,441,2,customer;nation;orders;supplier;lineitem,1602080,0,0,0,2220,2220,0
2026-08-12T12:50:56Z,32B5737E49385EF7,18.4,queries/tpch/tpch-queries/q07/base.sql,measured,2,3,5,3,1.086,608.504,17,6,4,1763513,6096,58849902,441,2,customer;nation;orders;supplier;lineitem,1602080,0,0,0,2220,2220,0
2026-08-12T12:50:56Z,32B5737E49385EF7,18.4,queries/tpch/tpch-queries/q07/base.sql,measured,2,4,5,3,1.110,603.988,17,6,4,1763513,6096,58849902,441,2,customer;nation;orders;supplier;lineitem,1602080,0,0,0,2219,2219,0
2026-08-12T12:50:56Z,32B5737E49385EF7,18.4,queries/tpch/tpch-queries/q07/base.sql,measured,2,5,5,3,1.092,606.063,17,6,4,1763513,6096,58849902,441,2,customer;nation;orders;supplier;lineitem,1602080,0,0,0,2220,2220,0
2026-08-12T12:50:59Z,32B5737E49385EF7,18.4,queries/tpch/tpch-queries/q07/base.sql,measured,3,1,5,3,2.625,633.071,17,6,4,1763513,6096,58849902,441,2,customer;nation;orders;supplier;lineitem,1602080,0,0,0,2219,2219,0
2026-08-12T12:50:59Z,32B5737E49385EF7,18.4,queries/tpch/tpch-queries/q07/base.sql,measured,3,2,5,3,1.122,605.650,17,6,4,1763513,6096,58849902,441,2,customer;nation;orders;supplier;lineitem,1602080,0,0,0,2220,2220,0
2026-08-12T12:50:59Z,32B5737E49385EF7,18.4,queries/tpch/tpch-queries/q07/base.sql,measured,3,3,5,3,1.090,604.165,17,6,4,1763513,6096,58849902,441,2,customer;nation;orders;supplier;lineitem,1602080,0,0,0,2220,2220,0
2026-08-12T12:50:59Z,32B5737E49385EF7,18.4,queries/tpch/tpch-queries/q07/base.sql,measured,3,4,5,3,1.080,606.223,17,6,4,1763513,6096,58849902,441,2,customer;nation;orders;supplier;lineitem,1602080,0,0,0,2220,2220,0
2026-08-12T12:50:59Z,32B5737E49385EF7,18.4,queries/tpch/tpch-queries/q07/base.sql,measured,3,5,5,3,1.073,613.308,17,6,4,1763513,6096,58849902,441,2,customer;nation;orders;supplier;lineitem,1602080,0,0,0,2220,2220,0
2026-08-12T12:51:00Z,32B5737E49385EF7,18.4,queries/tpch/tpch-queries/q07/v1_materialized.sql,warmup,1,1,1,3,3.180,642.668,18,7,4,1763517,6096,58850990,441,2,_m;customer;nation;orders;supplier;lineitem,1602080,0,0,0,2219,2219,0
2026-08-12T12:51:00Z,32B5737E49385EF7,18.4,queries/tpch/tpch-queries/q07/v1_materialized.sql,warmup,2,1,1,3,2.675,638.030,18,7,4,1763517,6096,58850990,441,2,_m;customer;nation;orders;supplier;lineitem,1602080,0,0,0,2220,2220,0
2026-08-12T12:51:04Z,32B5737E49385EF7,18.4,queries/tpch/tpch-queries/q07/v1_materialized.sql,measured,1,1,5,3,3.499,643.426,18,7,4,1763517,6096,58850990,441,2,_m;customer;nation;orders;supplier;lineitem,1602080,0,0,0,2220,2220,0
2026-08-12T12:51:04Z,32B5737E49385EF7,18.4,queries/tpch/tpch-queries/q07/v1_materialized.sql,measured,1,2,5,3,1.167,618.571,18,7,4,1763517,6096,58850990,441,2,_m;customer;nation;orders;supplier;lineitem,1602080,0,0,0,2220,2220,0
2026-08-12T12:51:04Z,32B5737E49385EF7,18.4,queries/tpch/tpch-queries/q07/v1_materialized.sql,measured,1,3,5,3,1.088,613.315,18,7,4,1763517,6096,58850990,441,2,_m;customer;nation;orders;supplier;lineitem,1602080,0,0,0,2220,2220,0
2026-08-12T12:51:04Z,32B5737E49385EF7,18.4,queries/tpch/tpch-queries/q07/v1_materialized.sql,measured,1,4,5,3,1.080,618.247,18,7,4,1763517,6096,58850990,441,2,_m;customer;nation;orders;supplier;lineitem,1602080,0,0,0,2220,2220,0
2026-08-12T12:51:04Z,32B5737E49385EF7,18.4,queries/tpch/tpch-queries/q07/v1_materialized.sql,measured,1,5,5,3,1.093,614.204,18,7,4,1763517,6096,58850990,441,2,_m;customer;nation;orders;supplier;lineitem,1602080,0,0,0,2220,2220,0
2026-08-12T12:51:07Z,32B5737E49385EF7,18.4,queries/tpch/tpch-queries/q07/v1_materialized.sql,measured,2,1,5,3,2.683,645.034,18,7,4,1763517,6096,58850990,441,2,_m;customer;nation;orders;supplier;lineitem,1602080,0,0,0,2220,2220,0
2026-08-12T12:51:07Z,32B5737E49385EF7,18.4,queries/tpch/tpch-queries/q07/v1_materialized.sql,measured,2,2,5,3,1.172,618.680,18,7,4,1763517,6096,58850990,441,2,_m;customer;nation;orders;supplier;lineitem,1602080,0,0,0,2219,2219,0
2026-08-12T12:51:07Z,32B5737E49385EF7,18.4,queries/tpch/tpch-queries/q07/v1_materialized.sql,measured,2,3,5,3,1.096,608.755,18,7,4,1763517,6096,58850990,441,2,_m;customer;nation;orders;supplier;lineitem,1602080,0,0,0,2219,2219,0
2026-08-12T12:51:07Z,32B5737E49385EF7,18.4,queries/tpch/tpch-queries/q07/v1_materialized.sql,measured,2,4,5,3,1.090,674.915,18,7,4,1763517,6096,58850990,441,2,_m;customer;nation;orders;supplier;lineitem,1602080,0,0,0,2219,2219,0
2026-08-12T12:51:07Z,32B5737E49385EF7,18.4,queries/tpch/tpch-queries/q07/v1_materialized.sql,measured,2,5,5,3,1.090,611.753,18,7,4,1763517,6096,58850990,441,2,_m;customer;nation;orders;supplier;lineitem,1602080,0,0,0,2220,2220,0
2026-08-12T12:51:10Z,32B5737E49385EF7,18.4,queries/tpch/tpch-queries/q07/v1_materialized.sql,measured,3,1,5,3,2.923,643.446,18,7,4,1763517,6096,58850990,441,2,_m;customer;nation;orders;supplier;lineitem,1602080,0,0,0,2220,2220,0
2026-08-12T12:51:10Z,32B5737E49385EF7,18.4,queries/tpch/tpch-queries/q07/v1_materialized.sql,measured,3,2,5,3,1.171,605.152,18,7,4,1763517,6096,58850990,441,2,_m;customer;nation;orders;supplier;lineitem,1602080,0,0,0,2220,2220,0
2026-08-12T12:51:10Z,32B5737E49385EF7,18.4,queries/tpch/tpch-queries/q07/v1_materialized.sql,measured,3,3,5,3,1.101,613.537,18,7,4,1763517,6096,58850990,441,2,_m;customer;nation;orders;supplier;lineitem,1602080,0,0,0,2219,2219,0
2026-08-12T12:51:10Z,32B5737E49385EF7,18.4,queries/tpch/tpch-queries/q07/v1_materialized.sql,measured,3,4,5,3,1.086,605.031,18,7,4,1763517,6096,58850990,441,2,_m;customer;nation;orders;supplier;lineitem,1602080,0,0,0,2220,2220,0
2026-08-12T12:51:10Z,32B5737E49385EF7,18.4,queries/tpch/tpch-queries/q07/v1_materialized.sql,measured,3,5,5,3,1.115,605.646,18,7,4,1763517,6096,58850990,441,2,_m;customer;nation;orders;supplier;lineitem,1602080,0,0,0,2219,2219,0
2026-08-12T12:51:11Z,32B5737E49385EF7,18.4,queries/tpch/tpch-queries/q07/v2_union_all.sql,warmup,1,1,1,3,3.257,607.892,33,14,4,1670881,586,51791544,930,2,customer;nation;orders;supplier;ixtest_supplier_nationkey;lineitem,1366677,0,0,0,0,0,0
2026-08-12T12:51:12Z,32B5737E49385EF7,18.4,queries/tpch/tpch-queries/q07/v2_union_all.sql,warmup,2,1,1,3,3.114,606.918,33,14,4,1670887,586,51792240,930,2,customer;nation;orders;supplier;ixtest_supplier_nationkey;lineitem,1366677,0,0,0,0,0,0
2026-08-12T12:51:15Z,32B5737E49385EF7,18.4,queries/tpch/tpch-queries/q07/v2_union_all.sql,measured,1,1,5,3,3.540,616.981,33,14,4,1670886,586,51792124,930,2,customer;nation;orders;supplier;ixtest_supplier_nationkey;lineitem,1366677,0,0,0,0,0,0
2026-08-12T12:51:15Z,32B5737E49385EF7,18.4,queries/tpch/tpch-queries/q07/v2_union_all.sql,measured,1,2,5,3,1.409,587.722,33,14,4,1670887,586,51792240,930,2,customer;nation;orders;supplier;ixtest_supplier_nationkey;lineitem,1366677,0,0,0,0,0,0
2026-08-12T12:51:15Z,32B5737E49385EF7,18.4,queries/tpch/tpch-queries/q07/v2_union_all.sql,measured,1,3,5,3,1.340,582.225,33,14,4,1670886,586,51792124,930,2,customer;nation;orders;supplier;ixtest_supplier_nationkey;lineitem,1366677,0,0,0,0,0,0
2026-08-12T12:51:15Z,32B5737E49385EF7,18.4,queries/tpch/tpch-queries/q07/v2_union_all.sql,measured,1,4,5,3,1.348,582.768,33,14,4,1670882,586,51791660,930,2,customer;nation;orders;supplier;ixtest_supplier_nationkey;lineitem,1366677,0,0,0,0,0,0
2026-08-12T12:51:15Z,32B5737E49385EF7,18.4,queries/tpch/tpch-queries/q07/v2_union_all.sql,measured,1,5,5,3,1.345,583.092,33,14,4,1670886,586,51792124,930,2,customer;nation;orders;supplier;ixtest_supplier_nationkey;lineitem,1366677,0,0,0,0,0,0
2026-08-12T12:51:18Z,32B5737E49385EF7,18.4,queries/tpch/tpch-queries/q07/v2_union_all.sql,measured,2,1,5,3,3.060,615.580,33,14,4,1670886,586,51792124,930,2,customer;nation;orders;supplier;ixtest_supplier_nationkey;lineitem,1366677,0,0,0,0,0,0
2026-08-12T12:51:18Z,32B5737E49385EF7,18.4,queries/tpch/tpch-queries/q07/v2_union_all.sql,measured,2,2,5,3,1.436,586.213,33,14,4,1670881,586,51791544,930,2,customer;nation;orders;supplier;ixtest_supplier_nationkey;lineitem,1366677,0,0,0,0,0,0
2026-08-12T12:51:18Z,32B5737E49385EF7,18.4,queries/tpch/tpch-queries/q07/v2_union_all.sql,measured,2,3,5,3,1.344,584.424,33,14,4,1670887,586,51792240,930,2,customer;nation;orders;supplier;ixtest_supplier_nationkey;lineitem,1366677,0,0,0,0,0,0
2026-08-12T12:51:18Z,32B5737E49385EF7,18.4,queries/tpch/tpch-queries/q07/v2_union_all.sql,measured,2,4,5,3,1.347,584.640,33,14,4,1670886,586,51792124,930,2,customer;nation;orders;supplier;ixtest_supplier_nationkey;lineitem,1366677,0,0,0,0,0,0
2026-08-12T12:51:18Z,32B5737E49385EF7,18.4,queries/tpch/tpch-queries/q07/v2_union_all.sql,measured,2,5,5,3,1.340,584.597,33,14,4,1670886,586,51792124,930,2,customer;nation;orders;supplier;ixtest_supplier_nationkey;lineitem,1366677,0,0,0,0,0,0
2026-08-12T12:51:21Z,32B5737E49385EF7,18.4,queries/tpch/tpch-queries/q07/v2_union_all.sql,measured,3,1,5,3,3.039,606.322,33,14,4,1670887,586,51792240,930,2,customer;nation;orders;supplier;ixtest_supplier_nationkey;lineitem,1366677,0,0,0,0,0,0
2026-08-12T12:51:21Z,32B5737E49385EF7,18.4,queries/tpch/tpch-queries/q07/v2_union_all.sql,measured,3,2,5,3,1.426,584.327,33,14,4,1670887,586,51792240,930,2,customer;nation;orders;supplier;ixtest_supplier_nationkey;lineitem,1366677,0,0,0,0,0,0
2026-08-12T12:51:21Z,32B5737E49385EF7,18.4,queries/tpch/tpch-queries/q07/v2_union_all.sql,measured,3,3,5,3,1.336,582.731,33,14,4,1670882,586,51791660,930,2,customer;nation;orders;supplier;ixtest_supplier_nationkey;lineitem,1366677,0,0,0,0,0,0
2026-08-12T12:51:21Z,32B5737E49385EF7,18.4,queries/tpch/tpch-queries/q07/v2_union_all.sql,measured,3,4,5,3,1.342,584.122,33,14,4,1670886,586,51792124,930,2,customer;nation;orders;supplier;ixtest_supplier_nationkey;lineitem,1366677,0,0,0,0,0,0
2026-08-12T12:51:21Z,32B5737E49385EF7,18.4,queries/tpch/tpch-queries/q07/v2_union_all.sql,measured,3,5,5,3,1.336,583.072,33,14,4,1670882,586,51791660,930,2,customer;nation;orders;supplier;ixtest_supplier_nationkey;lineitem,1366677,0,0,0,0,0,0
2026-08-12T12:51:21Z,32B5737E49385EF7,18.4,queries/tpch/tpch-queries/q08/base.sql,warmup,1,1,1,3,3.644,171.579,21,8,2,144711,2406,3350726,66188,2,part;lineitem;orders;customer;nation;region;supplier,280967,7373,0,0,0,0,0
2026-08-12T12:51:21Z,32B5737E49385EF7,18.4,queries/tpch/tpch-queries/q08/base.sql,warmup,2,1,1,3,3.729,154.880,21,8,2,144711,2406,3350726,66188,2,part;lineitem;orders;customer;nation;region;supplier,288340,0,0,0,0,0,0
2026-08-12T12:51:22Z,32B5737E49385EF7,18.4,queries/tpch/tpch-queries/q08/base.sql,measured,1,1,5,3,3.451,153.343,21,8,2,144711,2406,3350726,66188,2,part;lineitem;orders;customer;nation;region;supplier,288340,0,0,0,0,0,0
2026-08-12T12:51:22Z,32B5737E49385EF7,18.4,queries/tpch/tpch-queries/q08/base.sql,measured,1,2,5,3,1.726,139.586,21,8,2,144711,2406,3350726,66188,2,part;lineitem;orders;customer;nation;region;supplier,288340,0,0,0,0,0,0
2026-08-12T12:51:22Z,32B5737E49385EF7,18.4,queries/tpch/tpch-queries/q08/base.sql,measured,1,3,5,3,1.643,137.242,21,8,2,144711,2406,3350726,66188,2,part;lineitem;orders;customer;nation;region;supplier,288340,0,0,0,0,0,0
2026-08-12T12:51:22Z,32B5737E49385EF7,18.4,queries/tpch/tpch-queries/q08/base.sql,measured,1,4,5,3,1.649,137.474,21,8,2,144711,2406,3350726,66188,2,part;lineitem;orders;customer;nation;region;supplier,288340,0,0,0,0,0,0
2026-08-12T12:51:22Z,32B5737E49385EF7,18.4,queries/tpch/tpch-queries/q08/base.sql,measured,1,5,5,3,1.662,135.880,21,8,2,144711,2406,3350726,66188,2,part;lineitem;orders;customer;nation;region;supplier,288340,0,0,0,0,0,0
2026-08-12T12:51:23Z,32B5737E49385EF7,18.4,queries/tpch/tpch-queries/q08/base.sql,measured,2,1,5,3,3.531,150.939,21,8,2,144711,2406,3350726,66188,2,part;lineitem;orders;customer;nation;region;supplier,288340,0,0,0,0,0,0
2026-08-12T12:51:23Z,32B5737E49385EF7,18.4,queries/tpch/tpch-queries/q08/base.sql,measured,2,2,5,3,1.707,140.882,21,8,2,144711,2406,3350726,66188,2,part;lineitem;orders;customer;nation;region;supplier,288340,0,0,0,0,0,0
2026-08-12T12:51:23Z,32B5737E49385EF7,18.4,queries/tpch/tpch-queries/q08/base.sql,measured,2,3,5,3,1.658,138.347,21,8,2,144711,2406,3350726,66188,2,part;lineitem;orders;customer;nation;region;supplier,288340,0,0,0,0,0,0
2026-08-12T12:51:23Z,32B5737E49385EF7,18.4,queries/tpch/tpch-queries/q08/base.sql,measured,2,4,5,3,1.673,137.610,21,8,2,144711,2406,3350726,66188,2,part;lineitem;orders;customer;nation;region;supplier,288340,0,0,0,0,0,0
2026-08-12T12:51:23Z,32B5737E49385EF7,18.4,queries/tpch/tpch-queries/q08/base.sql,measured,2,5,5,3,1.670,138.853,21,8,2,144711,2406,3350726,66188,2,part;lineitem;orders;customer;nation;region;supplier,288340,0,0,0,0,0,0
2026-08-12T12:51:24Z,32B5737E49385EF7,18.4,queries/tpch/tpch-queries/q08/base.sql,measured,3,1,5,3,3.445,152.655,21,8,2,144711,2406,3350726,66188,2,part;lineitem;orders;customer;nation;region;supplier,288340,0,0,0,0,0,0
2026-08-12T12:51:24Z,32B5737E49385EF7,18.4,queries/tpch/tpch-queries/q08/base.sql,measured,3,2,5,3,1.700,139.423,21,8,2,144711,2406,3350726,66188,2,part;lineitem;orders;customer;nation;region;supplier,288340,0,0,0,0,0,0
2026-08-12T12:51:24Z,32B5737E49385EF7,18.4,queries/tpch/tpch-queries/q08/base.sql,measured,3,3,5,3,1.662,137.537,21,8,2,144711,2406,3350726,66188,2,part;lineitem;orders;customer;nation;region;supplier,288340,0,0,0,0,0,0
2026-08-12T12:51:24Z,32B5737E49385EF7,18.4,queries/tpch/tpch-queries/q08/base.sql,measured,3,4,5,3,1.683,135.432,21,8,2,144711,2406,3350726,66188,2,part;lineitem;orders;customer;nation;region;supplier,288340,0,0,0,0,0,0
2026-08-12T12:51:24Z,32B5737E49385EF7,18.4,queries/tpch/tpch-queries/q08/base.sql,measured,3,5,5,3,1.652,137.774,21,8,2,144711,2406,3350726,66188,2,part;lineitem;orders;customer;nation;region;supplier,288340,0,0,0,0,0,0
2026-08-12T12:51:24Z,32B5737E49385EF7,18.4,queries/tpch/tpch-queries/q08/v1_materialized.sql,warmup,1,1,1,3,3.503,153.343,22,9,2,144713,2406,3350854,66188,2,_m;part;lineitem;orders;customer;nation;region;supplier,288340,0,0,0,0,0,0
2026-08-12T12:51:24Z,32B5737E49385EF7,18.4,queries/tpch/tpch-queries/q08/v1_materialized.sql,warmup,2,1,1,3,3.486,153.159,22,9,2,144713,2406,3350854,66188,2,_m;part;lineitem;orders;customer;nation;region;supplier,288340,0,0,0,0,0,0
2026-08-12T12:51:25Z,32B5737E49385EF7,18.4,queries/tpch/tpch-queries/q08/v1_materialized.sql,measured,1,1,5,3,3.500,152.623,22,9,2,144713,2406,3350854,66188,2,_m;part;lineitem;orders;customer;nation;region;supplier,288340,0,0,0,0,0,0
2026-08-12T12:51:25Z,32B5737E49385EF7,18.4,queries/tpch/tpch-queries/q08/v1_materialized.sql,measured,1,2,5,3,1.931,139.913,22,9,2,144713,2406,3350854,66188,2,_m;part;lineitem;orders;customer;nation;region;supplier,288340,0,0,0,0,0,0
2026-08-12T12:51:25Z,32B5737E49385EF7,18.4,queries/tpch/tpch-queries/q08/v1_materialized.sql,measured,1,3,5,3,1.698,135.086,22,9,2,144713,2406,3350854,66188,2,_m;part;lineitem;orders;customer;nation;region;supplier,288340,0,0,0,0,0,0
2026-08-12T12:51:25Z,32B5737E49385EF7,18.4,queries/tpch/tpch-queries/q08/v1_materialized.sql,measured,1,4,5,3,1.652,135.939,22,9,2,144713,2406,3350854,66188,2,_m;part;lineitem;orders;customer;nation;region;supplier,288340,0,0,0,0,0,0
2026-08-12T12:51:25Z,32B5737E49385EF7,18.4,queries/tpch/tpch-queries/q08/v1_materialized.sql,measured,1,5,5,3,1.672,136.214,22,9,2,144713,2406,3350854,66188,2,_m;part;lineitem;orders;customer;nation;region;supplier,288340,0,0,0,0,0,0
2026-08-12T12:51:26Z,32B5737E49385EF7,18.4,queries/tpch/tpch-queries/q08/v1_materialized.sql,measured,2,1,5,3,4.192,157.936,22,9,2,144713,2406,3350854,66188,2,_m;part;lineitem;orders;customer;nation;region;supplier,288340,0,0,0,0,0,0
2026-08-12T12:51:26Z,32B5737E49385EF7,18.4,queries/tpch/tpch-queries/q08/v1_materialized.sql,measured,2,2,5,3,1.755,138.731,22,9,2,144713,2406,3350854,66188,2,_m;part;lineitem;orders;customer;nation;region;supplier,288340,0,0,0,0,0,0
2026-08-12T12:51:26Z,32B5737E49385EF7,18.4,queries/tpch/tpch-queries/q08/v1_materialized.sql,measured,2,3,5,3,1.645,137.949,22,9,2,144713,2406,3350854,66188,2,_m;part;lineitem;orders;customer;nation;region;supplier,288340,0,0,0,0,0,0
2026-08-12T12:51:26Z,32B5737E49385EF7,18.4,queries/tpch/tpch-queries/q08/v1_materialized.sql,measured,2,4,5,3,1.696,136.945,22,9,2,144713,2406,3350854,66188,2,_m;part;lineitem;orders;customer;nation;region;supplier,288340,0,0,0,0,0,0
2026-08-12T12:51:26Z,32B5737E49385EF7,18.4,queries/tpch/tpch-queries/q08/v1_materialized.sql,measured,2,5,5,3,1.673,135.897,22,9,2,144713,2406,3350854,66188,2,_m;part;lineitem;orders;customer;nation;region;supplier,288340,0,0,0,0,0,0
2026-08-12T12:51:26Z,32B5737E49385EF7,18.4,queries/tpch/tpch-queries/q08/v1_materialized.sql,measured,3,1,5,3,3.495,152.785,22,9,2,144713,2406,3350854,66188,2,_m;part;lineitem;orders;customer;nation;region;supplier,288340,0,0,0,0,0,0
2026-08-12T12:51:26Z,32B5737E49385EF7,18.4,queries/tpch/tpch-queries/q08/v1_materialized.sql,measured,3,2,5,3,1.735,140.889,22,9,2,144713,2406,3350854,66188,2,_m;part;lineitem;orders;customer;nation;region;supplier,288340,0,0,0,0,0,0
2026-08-12T12:51:26Z,32B5737E49385EF7,18.4,queries/tpch/tpch-queries/q08/v1_materialized.sql,measured,3,3,5,3,1.664,137.100,22,9,2,144713,2406,3350854,66188,2,_m;part;lineitem;orders;customer;nation;region;supplier,288340,0,0,0,0,0,0
2026-08-12T12:51:26Z,32B5737E49385EF7,18.4,queries/tpch/tpch-queries/q08/v1_materialized.sql,measured,3,4,5,3,1.698,138.678,22,9,2,144713,2406,3350854,66188,2,_m;part;lineitem;orders;customer;nation;region;supplier,288340,0,0,0,0,0,0
2026-08-12T12:51:26Z,32B5737E49385EF7,18.4,queries/tpch/tpch-queries/q08/v1_materialized.sql,measured,3,5,5,3,1.751,137.762,22,9,2,144713,2406,3350854,66188,2,_m;part;lineitem;orders;customer;nation;region;supplier,288340,0,0,0,0,0,0
2026-08-12T12:51:27Z,32B5737E49385EF7,18.4,queries/tpch/tpch-queries/q08/v2_filter.sql,warmup,1,1,1,3,3.541,153.108,21,8,2,144711,2406,3350726,66188,2,part;lineitem;orders;customer;nation;region;supplier,288340,0,0,0,0,0,0
2026-08-12T12:51:27Z,32B5737E49385EF7,18.4,queries/tpch/tpch-queries/q08/v2_filter.sql,warmup,2,1,1,3,3.853,158.192,21,8,2,144711,2406,3350726,66188,2,part;lineitem;orders;customer;nation;region;supplier,288340,0,0,0,0,0,0
2026-08-12T12:51:28Z,32B5737E49385EF7,18.4,queries/tpch/tpch-queries/q08/v2_filter.sql,measured,1,1,5,3,3.460,153.797,21,8,2,144711,2406,3350726,66188,2,part;lineitem;orders;customer;nation;region;supplier,288340,0,0,0,0,0,0
2026-08-12T12:51:28Z,32B5737E49385EF7,18.4,queries/tpch/tpch-queries/q08/v2_filter.sql,measured,1,2,5,3,1.710,141.788,21,8,2,144711,2406,3350726,66188,2,part;lineitem;orders;customer;nation;region;supplier,288340,0,0,0,0,0,0
2026-08-12T12:51:28Z,32B5737E49385EF7,18.4,queries/tpch/tpch-queries/q08/v2_filter.sql,measured,1,3,5,3,1.615,137.146,21,8,2,144711,2406,3350726,66188,2,part;lineitem;orders;customer;nation;region;supplier,288340,0,0,0,0,0,0
2026-08-12T12:51:28Z,32B5737E49385EF7,18.4,queries/tpch/tpch-queries/q08/v2_filter.sql,measured,1,4,5,3,1.671,136.588,21,8,2,144711,2406,3350726,66188,2,part;lineitem;orders;customer;nation;region;supplier,288340,0,0,0,0,0,0
2026-08-12T12:51:28Z,32B5737E49385EF7,18.4,queries/tpch/tpch-queries/q08/v2_filter.sql,measured,1,5,5,3,1.664,136.395,21,8,2,144711,2406,3350726,66188,2,part;lineitem;orders;customer;nation;region;supplier,288340,0,0,0,0,0,0
2026-08-12T12:51:28Z,32B5737E49385EF7,18.4,queries/tpch/tpch-queries/q08/v2_filter.sql,measured,2,1,5,3,3.500,150.203,21,8,2,144711,2406,3350726,66188,2,part;lineitem;orders;customer;nation;region;supplier,288340,0,0,0,0,0,0
2026-08-12T12:51:28Z,32B5737E49385EF7,18.4,queries/tpch/tpch-queries/q08/v2_filter.sql,measured,2,2,5,3,1.707,139.400,21,8,2,144711,2406,3350726,66188,2,part;lineitem;orders;customer;nation;region;supplier,288340,0,0,0,0,0,0
2026-08-12T12:51:28Z,32B5737E49385EF7,18.4,queries/tpch/tpch-queries/q08/v2_filter.sql,measured,2,3,5,3,1.630,136.736,21,8,2,144711,2406,3350726,66188,2,part;lineitem;orders;customer;nation;region;supplier,288340,0,0,0,0,0,0
2026-08-12T12:51:28Z,32B5737E49385EF7,18.4,queries/tpch/tpch-queries/q08/v2_filter.sql,measured,2,4,5,3,1.628,135.728,21,8,2,144711,2406,3350726,66188,2,part;lineitem;orders;customer;nation;region;supplier,288340,0,0,0,0,0,0
2026-08-12T12:51:28Z,32B5737E49385EF7,18.4,queries/tpch/tpch-queries/q08/v2_filter.sql,measured,2,5,5,3,1.678,136.515,21,8,2,144711,2406,3350726,66188,2,part;lineitem;orders;customer;nation;region;supplier,288340,0,0,0,0,0,0
2026-08-12T12:51:29Z,32B5737E49385EF7,18.4,queries/tpch/tpch-queries/q08/v2_filter.sql,measured,3,1,5,3,4.089,153.526,21,8,2,144711,2406,3350726,66188,2,part;lineitem;orders;customer;nation;region;supplier,288340,0,0,0,0,0,0
2026-08-12T12:51:29Z,32B5737E49385EF7,18.4,queries/tpch/tpch-queries/q08/v2_filter.sql,measured,3,2,5,3,1.725,137.575,21,8,2,144711,2406,3350726,66188,2,part;lineitem;orders;customer;nation;region;supplier,288340,0,0,0,0,0,0
2026-08-12T12:51:29Z,32B5737E49385EF7,18.4,queries/tpch/tpch-queries/q08/v2_filter.sql,measured,3,3,5,3,1.629,137.421,21,8,2,144711,2406,3350726,66188,2,part;lineitem;orders;customer;nation;region;supplier,288340,0,0,0,0,0,0
2026-08-12T12:51:29Z,32B5737E49385EF7,18.4,queries/tpch/tpch-queries/q08/v2_filter.sql,measured,3,4,5,3,1.661,137.147,21,8,2,144711,2406,3350726,66188,2,part;lineitem;orders;customer;nation;region;supplier,288340,0,0,0,0,0,0
2026-08-12T12:51:29Z,32B5737E49385EF7,18.4,queries/tpch/tpch-queries/q08/v2_filter.sql,measured,3,5,5,3,1.620,138.592,21,8,2,144711,2406,3350726,66188,2,part;lineitem;orders;customer;nation;region;supplier,288340,0,0,0,0,0,0
2026-08-12T12:51:30Z,32B5737E49385EF7,18.4,queries/tpch/tpch-queries/q09/base.sql,warmup,1,1,1,3,4.309,1079.527,15,6,175,2950121,48,123794846,63112,2,part;partsupp;lineitem;supplier;orders;nation,2724252,6453,0,0,2602,2608,0
2026-08-12T12:51:32Z,32B5737E49385EF7,18.4,queries/tpch/tpch-queries/q09/base.sql,warmup,2,1,1,3,4.360,1065.724,15,6,175,2950121,48,123794846,63112,2,part;partsupp;lineitem;supplier;orders;nation,2730705,0,0,0,2600,2606,0
2026-08-12T12:51:37Z,32B5737E49385EF7,18.4,queries/tpch/tpch-queries/q09/base.sql,measured,1,1,5,3,4.338,1062.722,15,6,175,2950121,48,123794846,63112,2,part;partsupp;lineitem;supplier;orders;nation,2730705,0,0,0,2601,2607,0
2026-08-12T12:51:37Z,32B5737E49385EF7,18.4,queries/tpch/tpch-queries/q09/base.sql,measured,1,2,5,3,2.278,1044.423,15,6,175,2950121,48,123794846,63112,2,part;partsupp;lineitem;supplier;orders;nation,2730705,0,0,0,2601,2607,0
2026-08-12T12:51:37Z,32B5737E49385EF7,18.4,queries/tpch/tpch-queries/q09/base.sql,measured,1,3,5,3,2.243,1042.449,15,6,175,2950121,48,123794846,63112,2,part;partsupp;lineitem;supplier;orders;nation,2730705,0,0,0,2601,2607,0
2026-08-12T12:51:37Z,32B5737E49385EF7,18.4,queries/tpch/tpch-queries/q09/base.sql,measured,1,4,5,3,2.260,1046.144,15,6,175,2950121,48,123794846,63112,2,part;partsupp;lineitem;supplier;orders;nation,2730705,0,0,0,2601,2607,0
2026-08-12T12:51:37Z,32B5737E49385EF7,18.4,queries/tpch/tpch-queries/q09/base.sql,measured,1,5,5,3,2.307,1154.131,15,6,175,2950121,48,123794846,63112,2,part;partsupp;lineitem;supplier;orders;nation,2730705,0,0,0,2601,2607,0
2026-08-12T12:51:43Z,32B5737E49385EF7,18.4,queries/tpch/tpch-queries/q09/base.sql,measured,2,1,5,3,4.502,1172.240,15,6,175,2950121,48,123794846,63112,2,part;partsupp;lineitem;supplier;orders;nation,2730705,0,0,0,2600,2606,0
2026-08-12T12:51:43Z,32B5737E49385EF7,18.4,queries/tpch/tpch-queries/q09/base.sql,measured,2,2,5,3,2.368,1154.921,15,6,175,2950121,48,123794846,63112,2,part;partsupp;lineitem;supplier;orders;nation,2730705,0,0,0,2601,2607,0
2026-08-12T12:51:43Z,32B5737E49385EF7,18.4,queries/tpch/tpch-queries/q09/base.sql,measured,2,3,5,3,2.288,1153.030,15,6,175,2950121,48,123794846,63112,2,part;partsupp;lineitem;supplier;orders;nation,2730705,0,0,0,2601,2607,0
2026-08-12T12:51:43Z,32B5737E49385EF7,18.4,queries/tpch/tpch-queries/q09/base.sql,measured,2,4,5,3,2.321,1154.566,15,6,175,2950121,48,123794846,63112,2,part;partsupp;lineitem;supplier;orders;nation,2730705,0,0,0,2601,2607,0
2026-08-12T12:51:43Z,32B5737E49385EF7,18.4,queries/tpch/tpch-queries/q09/base.sql,measured,2,5,5,3,2.337,1150.562,15,6,175,2950121,48,123794846,63112,2,part;partsupp;lineitem;supplier;orders;nation,2730705,0,0,0,2601,2607,0
2026-08-12T12:51:49Z,32B5737E49385EF7,18.4,queries/tpch/tpch-queries/q09/base.sql,measured,3,1,5,3,4.437,1176.163,15,6,175,2950121,48,123794846,63112,2,part;partsupp;lineitem;supplier;orders;nation,2730705,0,0,0,2601,2607,0
2026-08-12T12:51:49Z,32B5737E49385EF7,18.4,queries/tpch/tpch-queries/q09/base.sql,measured,3,2,5,3,2.346,1159.326,15,6,175,2950121,48,123794846,63112,2,part;partsupp;lineitem;supplier;orders;nation,2730705,0,0,0,2600,2606,0
2026-08-12T12:51:49Z,32B5737E49385EF7,18.4,queries/tpch/tpch-queries/q09/base.sql,measured,3,3,5,3,2.316,1154.564,15,6,175,2950121,48,123794846,63112,2,part;partsupp;lineitem;supplier;orders;nation,2730705,0,0,0,2602,2608,0
2026-08-12T12:51:49Z,32B5737E49385EF7,18.4,queries/tpch/tpch-queries/q09/base.sql,measured,3,4,5,3,2.313,1155.382,15,6,175,2950121,48,123794846,63112,2,part;partsupp;lineitem;supplier;orders;nation,2730705,0,0,0,2600,2606,0
2026-08-12T12:51:49Z,32B5737E49385EF7,18.4,queries/tpch/tpch-queries/q09/base.sql,measured,3,5,5,3,2.335,1154.588,15,6,175,2950121,48,123794846,63112,2,part;partsupp;lineitem;supplier;orders;nation,2730705,0,0,0,2601,2607,0
2026-08-12T12:51:50Z,32B5737E49385EF7,18.4,queries/tpch/tpch-queries/q09/v1_materialized.sql,warmup,1,1,1,3,4.468,1173.453,17,7,175,2950471,48,123853646,63112,2,part;partsupp;lineitem;supplier;orders;nation;_m,2730705,0,0,0,2601,2607,0
2026-08-12T12:51:51Z,32B5737E49385EF7,18.4,queries/tpch/tpch-queries/q09/v1_materialized.sql,warmup,2,1,1,3,4.526,1207.263,17,7,175,2950471,48,123853646,63112,2,part;partsupp;lineitem;supplier;orders;nation;_m,2730705,0,0,0,2602,2608,0
2026-08-12T12:51:57Z,32B5737E49385EF7,18.4,queries/tpch/tpch-queries/q09/v1_materialized.sql,measured,1,1,5,3,4.787,1187.152,17,7,175,2950471,48,123853646,63112,2,part;partsupp;lineitem;supplier;orders;nation;_m,2730705,0,0,0,2601,2607,0
2026-08-12T12:51:57Z,32B5737E49385EF7,18.4,queries/tpch/tpch-queries/q09/v1_materialized.sql,measured,1,2,5,3,2.444,1155.132,17,7,175,2950471,48,123853646,63112,2,part;partsupp;lineitem;supplier;orders;nation;_m,2730705,0,0,0,2600,2606,0
2026-08-12T12:51:57Z,32B5737E49385EF7,18.4,queries/tpch/tpch-queries/q09/v1_materialized.sql,measured,1,3,5,3,2.356,1154.306,17,7,175,2950471,48,123853646,63112,2,part;partsupp;lineitem;supplier;orders;nation;_m,2730705,0,0,0,2601,2607,0
2026-08-12T12:51:57Z,32B5737E49385EF7,18.4,queries/tpch/tpch-queries/q09/v1_materialized.sql,measured,1,4,5,3,2.360,1159.780,17,7,175,2950471,48,123853646,63112,2,part;partsupp;lineitem;supplier;orders;nation;_m,2730705,0,0,0,2602,2608,0
2026-08-12T12:51:57Z,32B5737E49385EF7,18.4,queries/tpch/tpch-queries/q09/v1_materialized.sql,measured,1,5,5,3,2.349,1155.456,17,7,175,2950471,48,123853646,63112,2,part;partsupp;lineitem;supplier;orders;nation;_m,2730705,0,0,0,2601,2607,0
2026-08-12T12:52:03Z,32B5737E49385EF7,18.4,queries/tpch/tpch-queries/q09/v1_materialized.sql,measured,2,1,5,3,4.480,1173.256,17,7,175,2950471,48,123853646,63112,2,part;partsupp;lineitem;supplier;orders;nation;_m,2730705,0,0,0,2601,2607,0
2026-08-12T12:52:03Z,32B5737E49385EF7,18.4,queries/tpch/tpch-queries/q09/v1_materialized.sql,measured,2,2,5,3,2.461,1155.308,17,7,175,2950471,48,123853646,63112,2,part;partsupp;lineitem;supplier;orders;nation;_m,2730705,0,0,0,2601,2607,0
2026-08-12T12:52:03Z,32B5737E49385EF7,18.4,queries/tpch/tpch-queries/q09/v1_materialized.sql,measured,2,3,5,3,2.380,1152.953,17,7,175,2950471,48,123853646,63112,2,part;partsupp;lineitem;supplier;orders;nation;_m,2730705,0,0,0,2600,2606,0
2026-08-12T12:52:03Z,32B5737E49385EF7,18.4,queries/tpch/tpch-queries/q09/v1_materialized.sql,measured,2,4,5,3,2.397,1151.646,17,7,175,2950471,48,123853646,63112,2,part;partsupp;lineitem;supplier;orders;nation;_m,2730705,0,0,0,2601,2607,0
2026-08-12T12:52:03Z,32B5737E49385EF7,18.4,queries/tpch/tpch-queries/q09/v1_materialized.sql,measured,2,5,5,3,2.385,1149.579,17,7,175,2950471,48,123853646,63112,2,part;partsupp;lineitem;supplier;orders;nation;_m,2730705,0,0,0,2601,2607,0
2026-08-12T12:52:09Z,32B5737E49385EF7,18.4,queries/tpch/tpch-queries/q09/v1_materialized.sql,measured,3,1,5,3,4.656,1173.481,17,7,175,2950471,48,123853646,63112,2,part;partsupp;lineitem;supplier;orders;nation;_m,2730705,0,0,0,2601,2607,0
2026-08-12T12:52:09Z,32B5737E49385EF7,18.4,queries/tpch/tpch-queries/q09/v1_materialized.sql,measured,3,2,5,3,2.492,1151.578,17,7,175,2950471,48,123853646,63112,2,part;partsupp;lineitem;supplier;orders;nation;_m,2730705,0,0,0,2601,2607,0
2026-08-12T12:52:09Z,32B5737E49385EF7,18.4,queries/tpch/tpch-queries/q09/v1_materialized.sql,measured,3,3,5,3,2.381,1149.851,17,7,175,2950471,48,123853646,63112,2,part;partsupp;lineitem;supplier;orders;nation;_m,2730705,0,0,0,2601,2607,0
2026-08-12T12:52:09Z,32B5737E49385EF7,18.4,queries/tpch/tpch-queries/q09/v1_materialized.sql,measured,3,4,5,3,2.393,1153.962,17,7,175,2950471,48,123853646,63112,2,part;partsupp;lineitem;supplier;orders;nation;_m,2730705,0,0,0,2601,2607,0
2026-08-12T12:52:09Z,32B5737E49385EF7,18.4,queries/tpch/tpch-queries/q09/v1_materialized.sql,measured,3,5,5,3,2.363,1151.545,17,7,175,2950471,48,123853646,63112,2,part;partsupp;lineitem;supplier;orders;nation;_m,2730705,0,0,0,2601,2607,0
2026-08-12T12:52:09Z,32B5737E49385EF7,18.4,queries/tpch/tpch-queries/q10/base.sql,warmup,1,1,1,3,2.318,331.535,15,5,20,1104663,20,116170137,2,2,customer;orders;ixtest_orders_orderdate;lineitem;nation,258525,51,0,0,2739,2745,0
2026-08-12T12:52:10Z,32B5737E49385EF7,18.4,queries/tpch/tpch-queries/q10/base.sql,warmup,2,1,1,3,2.117,341.433,15,5,20,1104663,20,116170137,2,2,customer;orders;ixtest_orders_orderdate;lineitem;nation,258576,0,0,0,2739,2745,0
2026-08-12T12:52:12Z,32B5737E49385EF7,18.4,queries/tpch/tpch-queries/q10/base.sql,measured,1,1,5,3,2.590,351.115,15,5,20,1104663,20,116170137,2,2,customer;orders;ixtest_orders_orderdate;lineitem;nation,258576,0,0,0,2740,2746,0
2026-08-12T12:52:12Z,32B5737E49385EF7,18.4,queries/tpch/tpch-queries/q10/base.sql,measured,1,2,5,3,0.729,299.848,15,5,20,1104663,20,116170137,2,2,customer;orders;ixtest_orders_orderdate;lineitem;nation,258576,0,0,0,2738,2743,0
2026-08-12T12:52:12Z,32B5737E49385EF7,18.4,queries/tpch/tpch-queries/q10/base.sql,measured,1,3,5,3,0.748,301.655,15,5,20,1104663,20,116170137,2,2,customer;orders;ixtest_orders_orderdate;lineitem;nation,258576,0,0,0,2740,2746,0
2026-08-12T12:52:12Z,32B5737E49385EF7,18.4,queries/tpch/tpch-queries/q10/base.sql,measured,1,4,5,3,0.725,299.985,15,5,20,1104663,20,116170137,2,2,customer;orders;ixtest_orders_orderdate;lineitem;nation,258576,0,0,0,2740,2746,0
2026-08-12T12:52:12Z,32B5737E49385EF7,18.4,queries/tpch/tpch-queries/q10/base.sql,measured,1,5,5,3,0.740,297.384,15,5,20,1104663,20,116170137,2,2,customer;orders;ixtest_orders_orderdate;lineitem;nation,258576,0,0,0,2739,2744,0
2026-08-12T12:52:13Z,32B5737E49385EF7,18.4,queries/tpch/tpch-queries/q10/base.sql,measured,2,1,5,3,2.145,332.786,15,5,20,1104663,20,116170137,2,2,customer;orders;ixtest_orders_orderdate;lineitem;nation,258576,0,0,0,2740,2746,0
2026-08-12T12:52:13Z,32B5737E49385EF7,18.4,queries/tpch/tpch-queries/q10/base.sql,measured,2,2,5,3,0.749,298.074,15,5,20,1104663,20,116170137,2,2,customer;orders;ixtest_orders_orderdate;lineitem;nation,258576,0,0,0,2739,2745,0
2026-08-12T12:52:13Z,32B5737E49385EF7,18.4,queries/tpch/tpch-queries/q10/base.sql,measured,2,3,5,3,0.705,351.225,15,5,20,1104663,20,116170137,2,2,customer;orders;ixtest_orders_orderdate;lineitem;nation,258576,0,0,0,2739,2745,0
2026-08-12T12:52:13Z,32B5737E49385EF7,18.4,queries/tpch/tpch-queries/q10/base.sql,measured,2,4,5,3,0.724,293.800,15,5,20,1104663,20,116170137,2,2,customer;orders;ixtest_orders_orderdate;lineitem;nation,258576,0,0,0,2738,2744,0
2026-08-12T12:52:13Z,32B5737E49385EF7,18.4,queries/tpch/tpch-queries/q10/base.sql,measured,2,5,5,3,0.726,292.695,15,5,20,1104663,20,116170137,2,2,customer;orders;ixtest_orders_orderdate;lineitem;nation,258576,0,0,0,2739,2744,0
2026-08-12T12:52:15Z,32B5737E49385EF7,18.4,queries/tpch/tpch-queries/q10/base.sql,measured,3,1,5,3,2.125,338.877,15,5,20,1104663,20,116170137,2,2,customer;orders;ixtest_orders_orderdate;lineitem;nation,258576,0,0,0,2739,2745,0
2026-08-12T12:52:15Z,32B5737E49385EF7,18.4,queries/tpch/tpch-queries/q10/base.sql,measured,3,2,5,3,0.720,300.457,15,5,20,1104663,20,116170137,2,2,customer;orders;ixtest_orders_orderdate;lineitem;nation,258576,0,0,0,2739,2744,0
2026-08-12T12:52:15Z,32B5737E49385EF7,18.4,queries/tpch/tpch-queries/q10/base.sql,measured,3,3,5,3,0.734,294.189,15,5,20,1104663,20,116170137,2,2,customer;orders;ixtest_orders_orderdate;lineitem;nation,258576,0,0,0,2738,2743,0
2026-08-12T12:52:15Z,32B5737E49385EF7,18.4,queries/tpch/tpch-queries/q10/base.sql,measured,3,4,5,3,0.739,299.198,15,5,20,1104663,20,116170137,2,2,customer;orders;ixtest_orders_orderdate;lineitem;nation,258576,0,0,0,2739,2745,0
2026-08-12T12:52:15Z,32B5737E49385EF7,18.4,queries/tpch/tpch-queries/q10/base.sql,measured,3,5,5,3,0.725,297.332,15,5,20,1104663,20,116170137,2,2,customer;orders;ixtest_orders_orderdate;lineitem;nation,258576,0,0,0,2738,2743,0
2026-08-12T12:52:15Z,32B5737E49385EF7,18.4,queries/tpch/tpch-queries/q10/v1_materialized.sql,warmup,1,1,1,3,2.002,350.750,16,6,20,1142630,20,140486577,2,2,customer;orders;ixtest_orders_orderdate;lineitem;nation;_m,258576,0,0,0,2739,3627,0
2026-08-12T12:52:16Z,32B5737E49385EF7,18.4,queries/tpch/tpch-queries/q10/v1_materialized.sql,warmup,2,1,1,3,1.937,352.979,16,6,20,1142630,20,140486577,2,2,customer;orders;ixtest_orders_orderdate;lineitem;nation;_m,258576,0,0,0,2738,3626,0
2026-08-12T12:52:17Z,32B5737E49385EF7,18.4,queries/tpch/tpch-queries/q10/v1_materialized.sql,measured,1,1,5,3,1.946,351.687,16,6,20,1142630,20,140486577,2,2,customer;orders;ixtest_orders_orderdate;lineitem;nation;_m,258576,0,0,0,2740,3628,0
2026-08-12T12:52:17Z,32B5737E49385EF7,18.4,queries/tpch/tpch-queries/q10/v1_materialized.sql,measured,1,2,5,3,0.569,322.626,16,6,20,1142630,20,140486577,2,2,customer;orders;ixtest_orders_orderdate;lineitem;nation;_m,258576,0,0,0,2738,3626,0
2026-08-12T12:52:17Z,32B5737E49385EF7,18.4,queries/tpch/tpch-queries/q10/v1_materialized.sql,measured,1,3,5,3,0.564,312.658,16,6,20,1142630,20,140486577,2,2,customer;orders;ixtest_orders_orderdate;lineitem;nation;_m,258576,0,0,0,2739,3627,0
2026-08-12T12:52:17Z,32B5737E49385EF7,18.4,queries/tpch/tpch-queries/q10/v1_materialized.sql,measured,1,4,5,3,0.558,311.817,16,6,20,1142630,20,140486577,2,2,customer;orders;ixtest_orders_orderdate;lineitem;nation;_m,258576,0,0,0,2739,3627,0
2026-08-12T12:52:17Z,32B5737E49385EF7,18.4,queries/tpch/tpch-queries/q10/v1_materialized.sql,measured,1,5,5,3,0.576,316.352,16,6,20,1142630,20,140486577,2,2,customer;orders;ixtest_orders_orderdate;lineitem;nation;_m,258576,0,0,0,2739,3627,0
2026-08-12T12:52:19Z,32B5737E49385EF7,18.4,queries/tpch/tpch-queries/q10/v1_materialized.sql,measured,2,1,5,3,1.993,353.307,16,6,20,1142630,20,140486577,2,2,customer;orders;ixtest_orders_orderdate;lineitem;nation;_m,258576,0,0,0,2739,3627,0
2026-08-12T12:52:19Z,32B5737E49385EF7,18.4,queries/tpch/tpch-queries/q10/v1_materialized.sql,measured,2,2,5,3,0.563,316.641,16,6,20,1142630,20,140486577,2,2,customer;orders;ixtest_orders_orderdate;lineitem;nation;_m,258576,0,0,0,2739,3627,0
2026-08-12T12:52:19Z,32B5737E49385EF7,18.4,queries/tpch/tpch-queries/q10/v1_materialized.sql,measured,2,3,5,3,0.576,315.324,16,6,20,1142630,20,140486577,2,2,customer;orders;ixtest_orders_orderdate;lineitem;nation;_m,258576,0,0,0,2739,3627,0
2026-08-12T12:52:19Z,32B5737E49385EF7,18.4,queries/tpch/tpch-queries/q10/v1_materialized.sql,measured,2,4,5,3,0.565,312.945,16,6,20,1142630,20,140486577,2,2,customer;orders;ixtest_orders_orderdate;lineitem;nation;_m,258576,0,0,0,2738,3626,0
2026-08-12T12:52:19Z,32B5737E49385EF7,18.4,queries/tpch/tpch-queries/q10/v1_materialized.sql,measured,2,5,5,3,0.563,314.423,16,6,20,1142630,20,140486577,2,2,customer;orders;ixtest_orders_orderdate;lineitem;nation;_m,258576,0,0,0,2739,3627,0
2026-08-12T12:52:21Z,32B5737E49385EF7,18.4,queries/tpch/tpch-queries/q10/v1_materialized.sql,measured,3,1,5,3,1.954,351.283,16,6,20,1142630,20,140486577,2,2,customer;orders;ixtest_orders_orderdate;lineitem;nation;_m,258576,0,0,0,2738,3626,0
2026-08-12T12:52:21Z,32B5737E49385EF7,18.4,queries/tpch/tpch-queries/q10/v1_materialized.sql,measured,3,2,5,3,0.558,317.190,16,6,20,1142630,20,140486577,2,2,customer;orders;ixtest_orders_orderdate;lineitem;nation;_m,258576,0,0,0,2739,3627,0
2026-08-12T12:52:21Z,32B5737E49385EF7,18.4,queries/tpch/tpch-queries/q10/v1_materialized.sql,measured,3,3,5,3,0.547,314.294,16,6,20,1142630,20,140486577,2,2,customer;orders;ixtest_orders_orderdate;lineitem;nation;_m,258576,0,0,0,2739,3627,0
2026-08-12T12:52:21Z,32B5737E49385EF7,18.4,queries/tpch/tpch-queries/q10/v1_materialized.sql,measured,3,4,5,3,0.568,307.492,16,6,20,1142630,20,140486577,2,2,customer;orders;ixtest_orders_orderdate;lineitem;nation;_m,258576,0,0,0,2739,3627,0
2026-08-12T12:52:21Z,32B5737E49385EF7,18.4,queries/tpch/tpch-queries/q10/v1_materialized.sql,measured,3,5,5,3,0.546,311.767,16,6,20,1142630,20,140486577,2,2,customer;orders;ixtest_orders_orderdate;lineitem;nation;_m,258576,0,0,0,2740,3628,0
2026-08-12T12:52:21Z,32B5737E49385EF7,18.4,queries/tpch/tpch-queries/q11/base.sql,warmup,1,1,1,3,1.215,92.115,15,8,1048,131195,10620,1859080,28818,0,nation;supplier;ixtest_supplier_nationkey;partsupp,66121,0,0,0,41,110,0
2026-08-12T12:52:21Z,32B5737E49385EF7,18.4,queries/tpch/tpch-queries/q11/base.sql,warmup,2,1,1,3,1.231,90.644,15,8,1048,131195,10620,1859080,28818,0,nation;supplier;ixtest_supplier_nationkey;partsupp,66121,0,0,0,41,110,0
2026-08-12T12:52:22Z,32B5737E49385EF7,18.4,queries/tpch/tpch-queries/q11/base.sql,measured,1,1,5,3,1.296,88.398,15,8,1048,131195,10620,1859080,28818,0,nation;supplier;ixtest_supplier_nationkey;partsupp,66121,0,0,0,41,110,0
2026-08-12T12:52:22Z,32B5737E49385EF7,18.4,queries/tpch/tpch-queries/q11/base.sql,measured,1,2,5,3,0.462,80.730,15,8,1048,131195,10620,1859080,28818,0,nation;supplier;ixtest_supplier_nationkey;partsupp,66118,0,0,0,41,110,0
2026-08-12T12:52:22Z,32B5737E49385EF7,18.4,queries/tpch/tpch-queries/q11/base.sql,measured,1,3,5,3,0.455,84.602,15,8,1048,131195,10620,1859080,28818,0,nation;supplier;ixtest_supplier_nationkey;partsupp,66118,0,0,0,41,110,0
2026-08-12T12:52:22Z,32B5737E49385EF7,18.4,queries/tpch/tpch-queries/q11/base.sql,measured,1,4,5,3,0.484,86.487,15,8,1048,131195,10620,1859080,28818,0,nation;supplier;ixtest_supplier_nationkey;partsupp,66118,0,0,0,41,110,0
2026-08-12T12:52:22Z,32B5737E49385EF7,18.4,queries/tpch/tpch-queries/q11/base.sql,measured,1,5,5,3,0.506,85.457,15,8,1048,131195,10620,1859080,28818,0,nation;supplier;ixtest_supplier_nationkey;partsupp,66118,0,0,0,41,110,0
2026-08-12T12:52:22Z,32B5737E49385EF7,18.4,queries/tpch/tpch-queries/q11/base.sql,measured,2,1,5,3,1.216,90.403,15,8,1048,131195,10620,1859080,28818,0,nation;supplier;ixtest_supplier_nationkey;partsupp,66121,0,0,0,41,110,0
2026-08-12T12:52:22Z,32B5737E49385EF7,18.4,queries/tpch/tpch-queries/q11/base.sql,measured,2,2,5,3,0.509,84.613,15,8,1048,131195,10620,1859080,28818,0,nation;supplier;ixtest_supplier_nationkey;partsupp,66118,0,0,0,41,110,0
2026-08-12T12:52:22Z,32B5737E49385EF7,18.4,queries/tpch/tpch-queries/q11/base.sql,measured,2,3,5,3,0.471,83.543,15,8,1048,131195,10620,1859080,28818,0,nation;supplier;ixtest_supplier_nationkey;partsupp,66118,0,0,0,41,110,0
2026-08-12T12:52:22Z,32B5737E49385EF7,18.4,queries/tpch/tpch-queries/q11/base.sql,measured,2,4,5,3,0.466,83.629,15,8,1048,131195,10620,1859080,28818,0,nation;supplier;ixtest_supplier_nationkey;partsupp,66118,0,0,0,41,110,0
2026-08-12T12:52:22Z,32B5737E49385EF7,18.4,queries/tpch/tpch-queries/q11/base.sql,measured,2,5,5,3,0.473,84.955,15,8,1048,131195,10620,1859080,28818,0,nation;supplier;ixtest_supplier_nationkey;partsupp,66118,0,0,0,41,110,0
2026-08-12T12:52:23Z,32B5737E49385EF7,18.4,queries/tpch/tpch-queries/q11/base.sql,measured,3,1,5,3,1.197,90.651,15,8,1048,131195,10620,1859080,28818,0,nation;supplier;ixtest_supplier_nationkey;partsupp,66121,0,0,0,41,110,0
2026-08-12T12:52:23Z,32B5737E49385EF7,18.4,queries/tpch/tpch-queries/q11/base.sql,measured,3,2,5,3,0.496,83.024,15,8,1048,131195,10620,1859080,28818,0,nation;supplier;ixtest_supplier_nationkey;partsupp,66118,0,0,0,41,110,0
2026-08-12T12:52:23Z,32B5737E49385EF7,18.4,queries/tpch/tpch-queries/q11/base.sql,measured,3,3,5,3,0.480,84.077,15,8,1048,131195,10620,1859080,28818,0,nation;supplier;ixtest_supplier_nationkey;partsupp,66118,0,0,0,41,110,0
2026-08-12T12:52:23Z,32B5737E49385EF7,18.4,queries/tpch/tpch-queries/q11/base.sql,measured,3,4,5,3,0.499,85.554,15,8,1048,131195,10620,1859080,28818,0,nation;supplier;ixtest_supplier_nationkey;partsupp,66118,0,0,0,41,110,0
2026-08-12T12:52:23Z,32B5737E49385EF7,18.4,queries/tpch/tpch-queries/q11/base.sql,measured,3,5,5,3,0.513,85.459,15,8,1048,131195,10620,1859080,28818,0,nation;supplier;ixtest_supplier_nationkey;partsupp,66118,0,0,0,41,110,0
2026-08-12T12:52:23Z,32B5737E49385EF7,18.4,queries/tpch/tpch-queries/q11/v1_materialized.sql,warmup,1,1,1,3,1.255,92.028,16,9,1048,132243,10620,1896808,28818,0,nation;supplier;ixtest_supplier_nationkey;partsupp;_m,66121,0,0,0,41,110,0
2026-08-12T12:52:23Z,32B5737E49385EF7,18.4,queries/tpch/tpch-queries/q11/v1_materialized.sql,warmup,2,1,1,3,1.272,90.202,16,9,1048,132243,10620,1896808,28818,0,nation;supplier;ixtest_supplier_nationkey;partsupp;_m,66121,0,0,0,41,110,0
2026-08-12T12:52:24Z,32B5737E49385EF7,18.4,queries/tpch/tpch-queries/q11/v1_materialized.sql,measured,1,1,5,3,1.393,94.781,16,9,1048,132243,10620,1896808,28818,0,nation;supplier;ixtest_supplier_nationkey;partsupp;_m,66121,0,0,0,41,110,0
2026-08-12T12:52:24Z,32B5737E49385EF7,18.4,queries/tpch/tpch-queries/q11/v1_materialized.sql,measured,1,2,5,3,0.501,85.899,16,9,1048,132243,10620,1896808,28818,0,nation;supplier;ixtest_supplier_nationkey;partsupp;_m,66118,0,0,0,41,110,0
2026-08-12T12:52:24Z,32B5737E49385EF7,18.4,queries/tpch/tpch-queries/q11/v1_materialized.sql,measured,1,3,5,3,0.518,88.458,16,9,1048,132243,10620,1896808,28818,0,nation;supplier;ixtest_supplier_nationkey;partsupp;_m,66118,0,0,0,41,110,0
2026-08-12T12:52:24Z,32B5737E49385EF7,18.4,queries/tpch/tpch-queries/q11/v1_materialized.sql,measured,1,4,5,3,0.518,85.071,16,9,1048,132243,10620,1896808,28818,0,nation;supplier;ixtest_supplier_nationkey;partsupp;_m,66118,0,0,0,41,110,0
2026-08-12T12:52:24Z,32B5737E49385EF7,18.4,queries/tpch/tpch-queries/q11/v1_materialized.sql,measured,1,5,5,3,0.510,85.423,16,9,1048,132243,10620,1896808,28818,0,nation;supplier;ixtest_supplier_nationkey;partsupp;_m,66118,0,0,0,41,110,0
2026-08-12T12:52:24Z,32B5737E49385EF7,18.4,queries/tpch/tpch-queries/q11/v1_materialized.sql,measured,2,1,5,3,1.240,91.303,16,9,1048,132243,10620,1896808,28818,0,nation;supplier;ixtest_supplier_nationkey;partsupp;_m,66121,0,0,0,41,110,0
2026-08-12T12:52:24Z,32B5737E49385EF7,18.4,queries/tpch/tpch-queries/q11/v1_materialized.sql,measured,2,2,5,3,0.553,86.777,16,9,1048,132243,10620,1896808,28818,0,nation;supplier;ixtest_supplier_nationkey;partsupp;_m,66118,0,0,0,41,110,0
2026-08-12T12:52:24Z,32B5737E49385EF7,18.4,queries/tpch/tpch-queries/q11/v1_materialized.sql,measured,2,3,5,3,0.537,85.870,16,9,1048,132243,10620,1896808,28818,0,nation;supplier;ixtest_supplier_nationkey;partsupp;_m,66118,0,0,0,41,110,0
2026-08-12T12:52:24Z,32B5737E49385EF7,18.4,queries/tpch/tpch-queries/q11/v1_materialized.sql,measured,2,4,5,3,0.487,88.791,16,9,1048,132243,10620,1896808,28818,0,nation;supplier;ixtest_supplier_nationkey;partsupp;_m,66118,0,0,0,41,110,0
2026-08-12T12:52:24Z,32B5737E49385EF7,18.4,queries/tpch/tpch-queries/q11/v1_materialized.sql,measured,2,5,5,3,0.516,87.451,16,9,1048,132243,10620,1896808,28818,0,nation;supplier;ixtest_supplier_nationkey;partsupp;_m,66118,0,0,0,41,110,0
2026-08-12T12:52:25Z,32B5737E49385EF7,18.4,queries/tpch/tpch-queries/q11/v1_materialized.sql,measured,3,1,5,3,1.273,91.722,16,9,1048,132243,10620,1896808,28818,0,nation;supplier;ixtest_supplier_nationkey;partsupp;_m,66121,0,0,0,41,110,0
2026-08-12T12:52:25Z,32B5737E49385EF7,18.4,queries/tpch/tpch-queries/q11/v1_materialized.sql,measured,3,2,5,3,0.503,84.131,16,9,1048,132243,10620,1896808,28818,0,nation;supplier;ixtest_supplier_nationkey;partsupp;_m,66118,0,0,0,41,110,0
2026-08-12T12:52:25Z,32B5737E49385EF7,18.4,queries/tpch/tpch-queries/q11/v1_materialized.sql,measured,3,3,5,3,0.503,87.718,16,9,1048,132243,10620,1896808,28818,0,nation;supplier;ixtest_supplier_nationkey;partsupp;_m,66118,0,0,0,41,110,0
2026-08-12T12:52:25Z,32B5737E49385EF7,18.4,queries/tpch/tpch-queries/q11/v1_materialized.sql,measured,3,4,5,3,0.527,89.250,16,9,1048,132243,10620,1896808,28818,0,nation;supplier;ixtest_supplier_nationkey;partsupp;_m,66118,0,0,0,41,110,0
2026-08-12T12:52:25Z,32B5737E49385EF7,18.4,queries/tpch/tpch-queries/q11/v1_materialized.sql,measured,3,5,5,3,0.473,83.964,16,9,1048,132243,10620,1896808,28818,0,nation;supplier;ixtest_supplier_nationkey;partsupp;_m,66118,0,0,0,41,110,0
2026-08-12T12:52:25Z,32B5737E49385EF7,18.4,queries/tpch/tpch-queries/q11/v2_cte_threshold.sql,warmup,1,1,1,3,1.238,91.129,15,8,1048,131195,10620,1859080,28818,0,nation;supplier;ixtest_supplier_nationkey;partsupp,66121,0,0,0,41,110,0
2026-08-12T12:52:25Z,32B5737E49385EF7,18.4,queries/tpch/tpch-queries/q11/v2_cte_threshold.sql,warmup,2,1,1,3,1.239,91.142,15,8,1048,131195,10620,1859080,28818,0,nation;supplier;ixtest_supplier_nationkey;partsupp,66121,0,0,0,41,110,0
2026-08-12T12:52:26Z,32B5737E49385EF7,18.4,queries/tpch/tpch-queries/q11/v2_cte_threshold.sql,measured,1,1,5,3,1.337,93.618,15,8,1048,131195,10620,1859080,28818,0,nation;supplier;ixtest_supplier_nationkey;partsupp,66121,0,0,0,41,110,0
2026-08-12T12:52:26Z,32B5737E49385EF7,18.4,queries/tpch/tpch-queries/q11/v2_cte_threshold.sql,measured,1,2,5,3,0.509,86.623,15,8,1048,131195,10620,1859080,28818,0,nation;supplier;ixtest_supplier_nationkey;partsupp,66118,0,0,0,41,110,0
2026-08-12T12:52:26Z,32B5737E49385EF7,18.4,queries/tpch/tpch-queries/q11/v2_cte_threshold.sql,measured,1,3,5,3,0.501,85.131,15,8,1048,131195,10620,1859080,28818,0,nation;supplier;ixtest_supplier_nationkey;partsupp,66118,0,0,0,41,110,0
2026-08-12T12:52:26Z,32B5737E49385EF7,18.4,queries/tpch/tpch-queries/q11/v2_cte_threshold.sql,measured,1,4,5,3,0.519,86.210,15,8,1048,131195,10620,1859080,28818,0,nation;supplier;ixtest_supplier_nationkey;partsupp,66118,0,0,0,41,110,0
2026-08-12T12:52:26Z,32B5737E49385EF7,18.4,queries/tpch/tpch-queries/q11/v2_cte_threshold.sql,measured,1,5,5,3,0.503,85.809,15,8,1048,131195,10620,1859080,28818,0,nation;supplier;ixtest_supplier_nationkey;partsupp,66118,0,0,0,41,110,0
2026-08-12T12:52:26Z,32B5737E49385EF7,18.4,queries/tpch/tpch-queries/q11/v2_cte_threshold.sql,measured,2,1,5,3,1.247,95.108,15,8,1048,131195,10620,1859080,28818,0,nation;supplier;ixtest_supplier_nationkey;partsupp,66121,0,0,0,41,110,0
2026-08-12T12:52:26Z,32B5737E49385EF7,18.4,queries/tpch/tpch-queries/q11/v2_cte_threshold.sql,measured,2,2,5,3,0.526,90.079,15,8,1048,131195,10620,1859080,28818,0,nation;supplier;ixtest_supplier_nationkey;partsupp,66118,0,0,0,41,110,0
2026-08-12T12:52:26Z,32B5737E49385EF7,18.4,queries/tpch/tpch-queries/q11/v2_cte_threshold.sql,measured,2,3,5,3,0.544,90.386,15,8,1048,131195,10620,1859080,28818,0,nation;supplier;ixtest_supplier_nationkey;partsupp,66118,0,0,0,41,110,0
2026-08-12T12:52:26Z,32B5737E49385EF7,18.4,queries/tpch/tpch-queries/q11/v2_cte_threshold.sql,measured,2,4,5,3,0.538,88.688,15,8,1048,131195,10620,1859080,28818,0,nation;supplier;ixtest_supplier_nationkey;partsupp,66118,0,0,0,41,110,0
2026-08-12T12:52:26Z,32B5737E49385EF7,18.4,queries/tpch/tpch-queries/q11/v2_cte_threshold.sql,measured,2,5,5,3,0.491,86.505,15,8,1048,131195,10620,1859080,28818,0,nation;supplier;ixtest_supplier_nationkey;partsupp,66118,0,0,0,41,110,0
2026-08-12T12:52:27Z,32B5737E49385EF7,18.4,queries/tpch/tpch-queries/q11/v2_cte_threshold.sql,measured,3,1,5,3,1.539,90.361,15,8,1048,131195,10620,1859080,28818,0,nation;supplier;ixtest_supplier_nationkey;partsupp,66121,0,0,0,41,110,0
2026-08-12T12:52:27Z,32B5737E49385EF7,18.4,queries/tpch/tpch-queries/q11/v2_cte_threshold.sql,measured,3,2,5,3,0.506,85.041,15,8,1048,131195,10620,1859080,28818,0,nation;supplier;ixtest_supplier_nationkey;partsupp,66118,0,0,0,41,110,0
2026-08-12T12:52:27Z,32B5737E49385EF7,18.4,queries/tpch/tpch-queries/q11/v2_cte_threshold.sql,measured,3,3,5,3,0.512,87.873,15,8,1048,131195,10620,1859080,28818,0,nation;supplier;ixtest_supplier_nationkey;partsupp,66118,0,0,0,41,110,0
2026-08-12T12:52:27Z,32B5737E49385EF7,18.4,queries/tpch/tpch-queries/q11/v2_cte_threshold.sql,measured,3,4,5,3,0.546,85.629,15,8,1048,131195,10620,1859080,28818,0,nation;supplier;ixtest_supplier_nationkey;partsupp,66118,0,0,0,41,110,0
2026-08-12T12:52:27Z,32B5737E49385EF7,18.4,queries/tpch/tpch-queries/q11/v2_cte_threshold.sql,measured,3,5,5,3,0.499,86.377,15,8,1048,131195,10620,1859080,28818,0,nation;supplier;ixtest_supplier_nationkey;partsupp,66118,0,0,0,41,110,0
2026-08-12T12:52:27Z,32B5737E49385EF7,18.4,queries/tpch/tpch-queries/q12/base.sql,warmup,1,1,1,3,1.301,472.973,9,3,2,2533806,7,32603286,292952,2,orders;lineitem;ixtest_lineitem_receiptdate,131054,789,0,0,0,0,0
2026-08-12T12:52:28Z,32B5737E49385EF7,18.4,queries/tpch/tpch-queries/q12/base.sql,warmup,2,1,1,3,1.309,468.234,9,3,2,2533806,7,32603286,292952,2,orders;lineitem;ixtest_lineitem_receiptdate,131843,0,0,0,0,0,0
2026-08-12T12:52:30Z,32B5737E49385EF7,18.4,queries/tpch/tpch-queries/q12/base.sql,measured,1,1,5,3,1.304,466.565,9,3,2,2533806,7,32603286,292952,2,orders;lineitem;ixtest_lineitem_receiptdate,131843,0,0,0,0,0,0
2026-08-12T12:52:30Z,32B5737E49385EF7,18.4,queries/tpch/tpch-queries/q12/base.sql,measured,1,2,5,3,0.250,437.020,9,3,2,2533806,7,32603286,292952,2,orders;lineitem;ixtest_lineitem_receiptdate,131843,0,0,0,0,0,0
2026-08-12T12:52:30Z,32B5737E49385EF7,18.4,queries/tpch/tpch-queries/q12/base.sql,measured,1,3,5,3,0.263,434.112,9,3,2,2533806,7,32603286,292952,2,orders;lineitem;ixtest_lineitem_receiptdate,131843,0,0,0,0,0,0
2026-08-12T12:52:30Z,32B5737E49385EF7,18.4,queries/tpch/tpch-queries/q12/base.sql,measured,1,4,5,3,0.274,434.580,9,3,2,2533806,7,32603286,292952,2,orders;lineitem;ixtest_lineitem_receiptdate,131843,0,0,0,0,0,0
2026-08-12T12:52:30Z,32B5737E49385EF7,18.4,queries/tpch/tpch-queries/q12/base.sql,measured,1,5,5,3,0.266,434.285,9,3,2,2533806,7,32603286,292952,2,orders;lineitem;ixtest_lineitem_receiptdate,131843,0,0,0,0,0,0
2026-08-12T12:52:32Z,32B5737E49385EF7,18.4,queries/tpch/tpch-queries/q12/base.sql,measured,2,1,5,3,1.408,475.096,9,3,2,2533806,7,32603286,292952,2,orders;lineitem;ixtest_lineitem_receiptdate,131843,0,0,0,0,0,0
2026-08-12T12:52:32Z,32B5737E49385EF7,18.4,queries/tpch/tpch-queries/q12/base.sql,measured,2,2,5,3,0.249,437.910,9,3,2,2533806,7,32603286,292952,2,orders;lineitem;ixtest_lineitem_receiptdate,131843,0,0,0,0,0,0
2026-08-12T12:52:32Z,32B5737E49385EF7,18.4,queries/tpch/tpch-queries/q12/base.sql,measured,2,3,5,3,0.277,435.376,9,3,2,2533806,7,32603286,292952,2,orders;lineitem;ixtest_lineitem_receiptdate,131843,0,0,0,0,0,0
2026-08-12T12:52:32Z,32B5737E49385EF7,18.4,queries/tpch/tpch-queries/q12/base.sql,measured,2,4,5,3,0.271,433.673,9,3,2,2533806,7,32603286,292952,2,orders;lineitem;ixtest_lineitem_receiptdate,131843,0,0,0,0,0,0
2026-08-12T12:52:32Z,32B5737E49385EF7,18.4,queries/tpch/tpch-queries/q12/base.sql,measured,2,5,5,3,0.278,434.087,9,3,2,2533806,7,32603286,292952,2,orders;lineitem;ixtest_lineitem_receiptdate,131843,0,0,0,0,0,0
2026-08-12T12:52:35Z,32B5737E49385EF7,18.4,queries/tpch/tpch-queries/q12/base.sql,measured,3,1,5,3,1.366,467.646,9,3,2,2533806,7,32603286,292952,2,orders;lineitem;ixtest_lineitem_receiptdate,131843,0,0,0,0,0,0
2026-08-12T12:52:35Z,32B5737E49385EF7,18.4,queries/tpch/tpch-queries/q12/base.sql,measured,3,2,5,3,0.273,437.430,9,3,2,2533806,7,32603286,292952,2,orders;lineitem;ixtest_lineitem_receiptdate,131843,0,0,0,0,0,0
2026-08-12T12:52:35Z,32B5737E49385EF7,18.4,queries/tpch/tpch-queries/q12/base.sql,measured,3,3,5,3,0.274,434.474,9,3,2,2533806,7,32603286,292952,2,orders;lineitem;ixtest_lineitem_receiptdate,131843,0,0,0,0,0,0
2026-08-12T12:52:35Z,32B5737E49385EF7,18.4,queries/tpch/tpch-queries/q12/base.sql,measured,3,4,5,3,0.287,433.066,9,3,2,2533806,7,32603286,292952,2,orders;lineitem;ixtest_lineitem_receiptdate,131843,0,0,0,0,0,0
2026-08-12T12:52:35Z,32B5737E49385EF7,18.4,queries/tpch/tpch-queries/q12/base.sql,measured,3,5,5,3,0.264,435.348,9,3,2,2533806,7,32603286,292952,2,orders;lineitem;ixtest_lineitem_receiptdate,131843,0,0,0,0,0,0
2026-08-12T12:52:35Z,32B5737E49385EF7,18.4,queries/tpch/tpch-queries/q12/v1_materialized.sql,warmup,1,1,1,3,1.564,471.012,10,4,2,2533808,7,32603406,292952,2,_m;orders;lineitem;ixtest_lineitem_receiptdate,131843,0,0,0,0,0,0
2026-08-12T12:52:36Z,32B5737E49385EF7,18.4,queries/tpch/tpch-queries/q12/v1_materialized.sql,warmup,2,1,1,3,1.408,472.364,10,4,2,2533808,7,32603406,292952,2,_m;orders;lineitem;ixtest_lineitem_receiptdate,131843,0,0,0,0,0,0
2026-08-12T12:52:38Z,32B5737E49385EF7,18.4,queries/tpch/tpch-queries/q12/v1_materialized.sql,measured,1,1,5,3,1.435,474.569,10,4,2,2533808,7,32603406,292952,2,_m;orders;lineitem;ixtest_lineitem_receiptdate,131843,0,0,0,0,0,0
2026-08-12T12:52:38Z,32B5737E49385EF7,18.4,queries/tpch/tpch-queries/q12/v1_materialized.sql,measured,1,2,5,3,0.274,438.371,10,4,2,2533808,7,32603406,292952,2,_m;orders;lineitem;ixtest_lineitem_receiptdate,131843,0,0,0,0,0,0
2026-08-12T12:52:38Z,32B5737E49385EF7,18.4,queries/tpch/tpch-queries/q12/v1_materialized.sql,measured,1,3,5,3,0.280,443.166,10,4,2,2533808,7,32603406,292952,2,_m;orders;lineitem;ixtest_lineitem_receiptdate,131843,0,0,0,0,0,0
2026-08-12T12:52:38Z,32B5737E49385EF7,18.4,queries/tpch/tpch-queries/q12/v1_materialized.sql,measured,1,4,5,3,0.299,437.413,10,4,2,2533808,7,32603406,292952,2,_m;orders;lineitem;ixtest_lineitem_receiptdate,131843,0,0,0,0,0,0
2026-08-12T12:52:38Z,32B5737E49385EF7,18.4,queries/tpch/tpch-queries/q12/v1_materialized.sql,measured,1,5,5,3,0.295,436.090,10,4,2,2533808,7,32603406,292952,2,_m;orders;lineitem;ixtest_lineitem_receiptdate,131843,0,0,0,0,0,0
2026-08-12T12:52:41Z,32B5737E49385EF7,18.4,queries/tpch/tpch-queries/q12/v1_materialized.sql,measured,2,1,5,3,1.537,475.927,10,4,2,2533808,7,32603406,292952,2,_m;orders;lineitem;ixtest_lineitem_receiptdate,131843,0,0,0,0,0,0
2026-08-12T12:52:41Z,32B5737E49385EF7,18.4,queries/tpch/tpch-queries/q12/v1_materialized.sql,measured,2,2,5,3,0.266,439.238,10,4,2,2533808,7,32603406,292952,2,_m;orders;lineitem;ixtest_lineitem_receiptdate,131843,0,0,0,0,0,0
2026-08-12T12:52:41Z,32B5737E49385EF7,18.4,queries/tpch/tpch-queries/q12/v1_materialized.sql,measured,2,3,5,3,0.288,436.341,10,4,2,2533808,7,32603406,292952,2,_m;orders;lineitem;ixtest_lineitem_receiptdate,131843,0,0,0,0,0,0
2026-08-12T12:52:41Z,32B5737E49385EF7,18.4,queries/tpch/tpch-queries/q12/v1_materialized.sql,measured,2,4,5,3,0.285,436.871,10,4,2,2533808,7,32603406,292952,2,_m;orders;lineitem;ixtest_lineitem_receiptdate,131843,0,0,0,0,0,0
2026-08-12T12:52:41Z,32B5737E49385EF7,18.4,queries/tpch/tpch-queries/q12/v1_materialized.sql,measured,2,5,5,3,0.291,436.592,10,4,2,2533808,7,32603406,292952,2,_m;orders;lineitem;ixtest_lineitem_receiptdate,131843,0,0,0,0,0,0
2026-08-12T12:52:43Z,32B5737E49385EF7,18.4,queries/tpch/tpch-queries/q12/v1_materialized.sql,measured,3,1,5,3,1.845,474.330,10,4,2,2533808,7,32603406,292952,2,_m;orders;lineitem;ixtest_lineitem_receiptdate,131843,0,0,0,0,0,0
2026-08-12T12:52:43Z,32B5737E49385EF7,18.4,queries/tpch/tpch-queries/q12/v1_materialized.sql,measured,3,2,5,3,0.288,440.571,10,4,2,2533808,7,32603406,292952,2,_m;orders;lineitem;ixtest_lineitem_receiptdate,131843,0,0,0,0,0,0
2026-08-12T12:52:43Z,32B5737E49385EF7,18.4,queries/tpch/tpch-queries/q12/v1_materialized.sql,measured,3,3,5,3,0.275,439.926,10,4,2,2533808,7,32603406,292952,2,_m;orders;lineitem;ixtest_lineitem_receiptdate,131843,0,0,0,0,0,0
2026-08-12T12:52:43Z,32B5737E49385EF7,18.4,queries/tpch/tpch-queries/q12/v1_materialized.sql,measured,3,4,5,3,0.291,439.364,10,4,2,2533808,7,32603406,292952,2,_m;orders;lineitem;ixtest_lineitem_receiptdate,131843,0,0,0,0,0,0
2026-08-12T12:52:43Z,32B5737E49385EF7,18.4,queries/tpch/tpch-queries/q12/v1_materialized.sql,measured,3,5,5,3,0.289,444.499,10,4,2,2533808,7,32603406,292952,2,_m;orders;lineitem;ixtest_lineitem_receiptdate,131843,0,0,0,0,0,0
2026-08-12T12:52:43Z,32B5737E49385EF7,18.4,queries/tpch/tpch-queries/q12/v2_filter.sql,warmup,1,1,1,3,1.496,476.079,9,3,2,2533806,7,32603286,292952,2,orders;lineitem;ixtest_lineitem_receiptdate,131843,0,0,0,0,0,0
2026-08-12T12:52:44Z,32B5737E49385EF7,18.4,queries/tpch/tpch-queries/q12/v2_filter.sql,warmup,2,1,1,3,1.300,478.893,9,3,2,2533806,7,32603286,292952,2,orders;lineitem;ixtest_lineitem_receiptdate,131843,0,0,0,0,0,0
2026-08-12T12:52:46Z,32B5737E49385EF7,18.4,queries/tpch/tpch-queries/q12/v2_filter.sql,measured,1,1,5,3,1.602,476.884,9,3,2,2533806,7,32603286,292952,2,orders;lineitem;ixtest_lineitem_receiptdate,131843,0,0,0,0,0,0
2026-08-12T12:52:46Z,32B5737E49385EF7,18.4,queries/tpch/tpch-queries/q12/v2_filter.sql,measured,1,2,5,3,0.247,442.581,9,3,2,2533806,7,32603286,292952,2,orders;lineitem;ixtest_lineitem_receiptdate,131843,0,0,0,0,0,0
2026-08-12T12:52:46Z,32B5737E49385EF7,18.4,queries/tpch/tpch-queries/q12/v2_filter.sql,measured,1,3,5,3,0.264,436.940,9,3,2,2533806,7,32603286,292952,2,orders;lineitem;ixtest_lineitem_receiptdate,131843,0,0,0,0,0,0
2026-08-12T12:52:46Z,32B5737E49385EF7,18.4,queries/tpch/tpch-queries/q12/v2_filter.sql,measured,1,4,5,3,0.260,439.698,9,3,2,2533806,7,32603286,292952,2,orders;lineitem;ixtest_lineitem_receiptdate,131843,0,0,0,0,0,0
2026-08-12T12:52:46Z,32B5737E49385EF7,18.4,queries/tpch/tpch-queries/q12/v2_filter.sql,measured,1,5,5,3,0.251,436.539,9,3,2,2533806,7,32603286,292952,2,orders;lineitem;ixtest_lineitem_receiptdate,131843,0,0,0,0,0,0
2026-08-12T12:52:49Z,32B5737E49385EF7,18.4,queries/tpch/tpch-queries/q12/v2_filter.sql,measured,2,1,5,3,1.359,473.018,9,3,2,2533806,7,32603286,292952,2,orders;lineitem;ixtest_lineitem_receiptdate,131843,0,0,0,0,0,0
2026-08-12T12:52:49Z,32B5737E49385EF7,18.4,queries/tpch/tpch-queries/q12/v2_filter.sql,measured,2,2,5,3,0.249,442.453,9,3,2,2533806,7,32603286,292952,2,orders;lineitem;ixtest_lineitem_receiptdate,131843,0,0,0,0,0,0
2026-08-12T12:52:49Z,32B5737E49385EF7,18.4,queries/tpch/tpch-queries/q12/v2_filter.sql,measured,2,3,5,3,0.255,446.105,9,3,2,2533806,7,32603286,292952,2,orders;lineitem;ixtest_lineitem_receiptdate,131843,0,0,0,0,0,0
2026-08-12T12:52:49Z,32B5737E49385EF7,18.4,queries/tpch/tpch-queries/q12/v2_filter.sql,measured,2,4,5,3,0.266,442.915,9,3,2,2533806,7,32603286,292952,2,orders;lineitem;ixtest_lineitem_receiptdate,131843,0,0,0,0,0,0
2026-08-12T12:52:49Z,32B5737E49385EF7,18.4,queries/tpch/tpch-queries/q12/v2_filter.sql,measured,2,5,5,3,0.268,445.035,9,3,2,2533806,7,32603286,292952,2,orders;lineitem;ixtest_lineitem_receiptdate,131843,0,0,0,0,0,0
2026-08-12T12:52:51Z,32B5737E49385EF7,18.4,queries/tpch/tpch-queries/q12/v2_filter.sql,measured,3,1,5,3,1.382,474.239,9,3,2,2533806,7,32603286,292952,2,orders;lineitem;ixtest_lineitem_receiptdate,131843,0,0,0,0,0,0
2026-08-12T12:52:51Z,32B5737E49385EF7,18.4,queries/tpch/tpch-queries/q12/v2_filter.sql,measured,3,2,5,3,0.268,447.744,9,3,2,2533806,7,32603286,292952,2,orders;lineitem;ixtest_lineitem_receiptdate,131843,0,0,0,0,0,0
2026-08-12T12:52:51Z,32B5737E49385EF7,18.4,queries/tpch/tpch-queries/q12/v2_filter.sql,measured,3,3,5,3,0.259,445.240,9,3,2,2533806,7,32603286,292952,2,orders;lineitem;ixtest_lineitem_receiptdate,131843,0,0,0,0,0,0
2026-08-12T12:52:51Z,32B5737E49385EF7,18.4,queries/tpch/tpch-queries/q12/v2_filter.sql,measured,3,4,5,3,0.269,436.979,9,3,2,2533806,7,32603286,292952,2,orders;lineitem;ixtest_lineitem_receiptdate,131843,0,0,0,0,0,0
2026-08-12T12:52:51Z,32B5737E49385EF7,18.4,queries/tpch/tpch-queries/q12/v2_filter.sql,measured,3,5,5,3,0.250,438.185,9,3,2,2533806,7,32603286,292952,2,orders;lineitem;ixtest_lineitem_receiptdate,131843,0,0,0,0,0,0
2026-08-12T12:52:52Z,32B5737E49385EF7,18.4,queries/tpch/tpch-queries/q13/base.sql,warmup,1,1,1,3,1.324,800.980,10,2,42,4500971,200,39540636,5361,2,orders;customer,26568,0,0,0,1224,1391,0
2026-08-12T12:52:53Z,32B5737E49385EF7,18.4,queries/tpch/tpch-queries/q13/base.sql,warmup,2,1,1,3,1.170,798.112,10,2,42,4500530,200,39535344,5361,2,orders;customer,26568,0,0,0,1219,1385,0
2026-08-12T12:52:57Z,32B5737E49385EF7,18.4,queries/tpch/tpch-queries/q13/base.sql,measured,1,1,5,3,1.152,802.444,10,2,42,4500890,200,39539664,5361,2,orders;customer,26568,0,0,0,1235,1401,0
2026-08-12T12:52:57Z,32B5737E49385EF7,18.4,queries/tpch/tpch-queries/q13/base.sql,measured,1,2,5,3,0.263,774.788,10,2,42,4500827,200,39538908,5361,2,orders;customer,26565,0,0,0,1241,1406,0
2026-08-12T12:52:57Z,32B5737E49385EF7,18.4,queries/tpch/tpch-queries/q13/base.sql,measured,1,3,5,3,0.250,776.255,10,2,42,4500528,200,39535320,5361,2,orders;customer,26565,0,0,0,1235,1402,0
2026-08-12T12:52:57Z,32B5737E49385EF7,18.4,queries/tpch/tpch-queries/q13/base.sql,measured,1,4,5,3,0.243,772.426,10,2,42,4500996,200,39540936,5361,2,orders;customer,26565,0,0,0,1236,1402,0
2026-08-12T12:52:57Z,32B5737E49385EF7,18.4,queries/tpch/tpch-queries/q13/base.sql,measured,1,5,5,3,0.269,769.451,10,2,42,4500629,200,39536532,5361,2,orders;customer,26565,0,0,0,1233,1397,0
2026-08-12T12:53:01Z,32B5737E49385EF7,18.4,queries/tpch/tpch-queries/q13/base.sql,measured,2,1,5,3,1.182,792.137,10,2,42,4500610,200,39536304,5361,2,orders;customer,26568,0,0,0,1227,1394,0
2026-08-12T12:53:01Z,32B5737E49385EF7,18.4,queries/tpch/tpch-queries/q13/base.sql,measured,2,2,5,3,0.253,773.532,10,2,42,4500700,200,39537384,5361,2,orders;customer,26565,0,0,0,1236,1403,0
2026-08-12T12:53:01Z,32B5737E49385EF7,18.4,queries/tpch/tpch-queries/q13/base.sql,measured,2,3,5,3,0.262,765.993,10,2,42,4500951,200,39540396,5361,2,orders;customer,26565,0,0,0,1247,1415,0
2026-08-12T12:53:01Z,32B5737E49385EF7,18.4,queries/tpch/tpch-queries/q13/base.sql,measured,2,4,5,3,0.264,774.579,10,2,42,4500484,200,39534792,5361,2,orders;customer,26565,0,0,0,1236,1403,0
2026-08-12T12:53:01Z,32B5737E49385EF7,18.4,queries/tpch/tpch-queries/q13/base.sql,measured,2,5,5,3,0.268,770.955,10,2,42,4500602,200,39536208,5361,2,orders;customer,26565,0,0,0,1246,1412,0
2026-08-12T12:53:05Z,32B5737E49385EF7,18.4,queries/tpch/tpch-queries/q13/base.sql,measured,3,1,5,3,1.202,795.221,10,2,42,4500872,200,39539448,5361,2,orders;customer,26568,0,0,0,1235,1402,0
2026-08-12T12:53:05Z,32B5737E49385EF7,18.4,queries/tpch/tpch-queries/q13/base.sql,measured,3,2,5,3,0.245,772.452,10,2,42,4500601,200,39536196,5361,2,orders;customer,26565,0,0,0,1223,1392,0
2026-08-12T12:53:05Z,32B5737E49385EF7,18.4,queries/tpch/tpch-queries/q13/base.sql,measured,3,3,5,3,0.245,773.292,10,2,42,4500744,200,39537912,5361,2,orders;customer,26565,0,0,0,1224,1391,0
2026-08-12T12:53:05Z,32B5737E49385EF7,18.4,queries/tpch/tpch-queries/q13/base.sql,measured,3,4,5,3,0.263,768.362,10,2,42,4500654,200,39536832,5361,2,orders;customer,26565,0,0,0,1228,1395,0
2026-08-12T12:53:05Z,32B5737E49385EF7,18.4,queries/tpch/tpch-queries/q13/base.sql,measured,3,5,5,3,0.246,776.904,10,2,42,4500908,200,39539880,5361,2,orders;customer,26565,0,0,0,1233,1397,0
2026-08-12T12:53:06Z,32B5737E49385EF7,18.4,queries/tpch/tpch-queries/q13/v1_materialized.sql,warmup,1,1,1,3,1.202,791.413,11,3,42,4500797,200,39538716,5361,2,orders;customer;_m,26568,0,0,0,1239,1405,0
2026-08-12T12:53:06Z,32B5737E49385EF7,18.4,queries/tpch/tpch-queries/q13/v1_materialized.sql,warmup,2,1,1,3,1.200,793.074,11,3,42,4500958,200,39540648,5361,2,orders;customer;_m,26568,0,0,0,1235,1402,0
2026-08-12T12:53:10Z,32B5737E49385EF7,18.4,queries/tpch/tpch-queries/q13/v1_materialized.sql,measured,1,1,5,3,1.302,791.847,11,3,42,4501076,200,39542064,5361,2,orders;customer;_m,26568,0,0,0,1236,1402,0
2026-08-12T12:53:10Z,32B5737E49385EF7,18.4,queries/tpch/tpch-queries/q13/v1_materialized.sql,measured,1,2,5,3,0.278,774.315,11,3,42,4501040,200,39541632,5361,2,orders;customer;_m,26565,0,0,0,1227,1394,0
2026-08-12T12:53:10Z,32B5737E49385EF7,18.4,queries/tpch/tpch-queries/q13/v1_materialized.sql,measured,1,3,5,3,0.276,770.373,11,3,42,4501003,200,39541188,5361,2,orders;customer;_m,26565,0,0,0,1236,1403,0
2026-08-12T12:53:10Z,32B5737E49385EF7,18.4,queries/tpch/tpch-queries/q13/v1_materialized.sql,measured,1,4,5,3,0.257,771.890,11,3,42,4500788,200,39538608,5361,2,orders;customer;_m,26565,0,0,0,1243,1408,0
2026-08-12T12:53:10Z,32B5737E49385EF7,18.4,queries/tpch/tpch-queries/q13/v1_materialized.sql,measured,1,5,5,3,0.272,764.949,11,3,42,4500815,200,39538932,5361,2,orders;customer;_m,26565,0,0,0,1239,1405,0
2026-08-12T12:53:14Z,32B5737E49385EF7,18.4,queries/tpch/tpch-queries/q13/v1_materialized.sql,measured,2,1,5,3,1.195,792.596,11,3,42,4500777,200,39538476,5361,2,orders;customer;_m,26568,0,0,0,1228,1395,0
2026-08-12T12:53:14Z,32B5737E49385EF7,18.4,queries/tpch/tpch-queries/q13/v1_materialized.sql,measured,2,2,5,3,0.270,773.975,11,3,42,4500382,200,39533736,5361,2,orders;customer;_m,26565,0,0,0,1227,1394,0
2026-08-12T12:53:14Z,32B5737E49385EF7,18.4,queries/tpch/tpch-queries/q13/v1_materialized.sql,measured,2,3,5,3,0.273,763.443,11,3,42,4500679,200,39537300,5361,2,orders;customer;_m,26565,0,0,0,1246,1413,0
2026-08-12T12:53:14Z,32B5737E49385EF7,18.4,queries/tpch/tpch-queries/q13/v1_materialized.sql,measured,2,4,5,3,0.275,763.831,11,3,42,4500545,200,39535692,5361,2,orders;customer;_m,26565,0,0,0,1224,1393,0
2026-08-12T12:53:14Z,32B5737E49385EF7,18.4,queries/tpch/tpch-queries/q13/v1_materialized.sql,measured,2,5,5,3,0.274,762.622,11,3,42,4500841,200,39539244,5361,2,orders;customer;_m,26565,0,0,0,1223,1391,0
2026-08-12T12:53:18Z,32B5737E49385EF7,18.4,queries/tpch/tpch-queries/q13/v1_materialized.sql,measured,3,1,5,3,1.261,792.234,11,3,42,4500858,200,39539448,5361,2,orders;customer;_m,26568,0,0,0,1247,1414,0
2026-08-12T12:53:18Z,32B5737E49385EF7,18.4,queries/tpch/tpch-queries/q13/v1_materialized.sql,measured,3,2,5,3,0.267,786.728,11,3,42,4500867,200,39539556,5361,2,orders;customer;_m,26565,0,0,0,1235,1401,0
2026-08-12T12:53:18Z,32B5737E49385EF7,18.4,queries/tpch/tpch-queries/q13/v1_materialized.sql,measured,3,3,5,3,0.281,773.398,11,3,42,4501038,200,39541608,5361,2,orders;customer;_m,26565,0,0,0,1236,1403,0
2026-08-12T12:53:18Z,32B5737E49385EF7,18.4,queries/tpch/tpch-queries/q13/v1_materialized.sql,measured,3,4,5,3,0.266,759.731,11,3,42,4500662,200,39537096,5361,2,orders;customer;_m,26565,0,0,0,1240,1406,0
2026-08-12T12:53:18Z,32B5737E49385EF7,18.4,queries/tpch/tpch-queries/q13/v1_materialized.sql,measured,3,5,5,3,0.258,762.309,11,3,42,4500436,200,39534384,5361,2,orders;customer;_m,26565,0,0,0,1242,1407,0
2026-08-12T12:53:21Z,32B5737E49385EF7,18.4,queries/tpch/tpch-queries/q13/v2_correlated.sql,warmup,1,1,1,3,0.984,2234.195,7,3,42,3300084,150000,3601344,0,0,customer;orders;idx_orders_cust,1949947,0,0,0,0,0,0
2026-08-12T12:53:23Z,32B5737E49385EF7,18.4,queries/tpch/tpch-queries/q13/v2_correlated.sql,warmup,2,1,1,3,0.950,2221.566,7,3,42,3300084,150000,3601344,0,0,customer;orders;idx_orders_cust,1949947,0,0,0,0,0,0
2026-08-12T12:53:34Z,32B5737E49385EF7,18.4,queries/tpch/tpch-queries/q13/v2_correlated.sql,measured,1,1,5,3,0.958,2218.543,7,3,42,3300084,150000,3601344,0,0,customer;orders;idx_orders_cust,1949947,0,0,0,0,0,0
2026-08-12T12:53:34Z,32B5737E49385EF7,18.4,queries/tpch/tpch-queries/q13/v2_correlated.sql,measured,1,2,5,3,0.148,2101.721,7,3,42,3300084,150000,3601344,0,0,customer;orders;idx_orders_cust,1949944,0,0,0,0,0,0
2026-08-12T12:53:34Z,32B5737E49385EF7,18.4,queries/tpch/tpch-queries/q13/v2_correlated.sql,measured,1,3,5,3,0.148,2075.553,7,3,42,3300084,150000,3601344,0,0,customer;orders;idx_orders_cust,1949944,0,0,0,0,0,0
2026-08-12T12:53:34Z,32B5737E49385EF7,18.4,queries/tpch/tpch-queries/q13/v2_correlated.sql,measured,1,4,5,3,0.149,2076.829,7,3,42,3300084,150000,3601344,0,0,customer;orders;idx_orders_cust,1949944,0,0,0,0,0,0
2026-08-12T12:53:34Z,32B5737E49385EF7,18.4,queries/tpch/tpch-queries/q13/v2_correlated.sql,measured,1,5,5,3,0.148,2058.776,7,3,42,3300084,150000,3601344,0,0,customer;orders;idx_orders_cust,1949944,0,0,0,0,0,0
2026-08-12T12:53:44Z,32B5737E49385EF7,18.4,queries/tpch/tpch-queries/q13/v2_correlated.sql,measured,2,1,5,3,1.001,2193.577,7,3,42,3300084,150000,3601344,0,0,customer;orders;idx_orders_cust,1949947,0,0,0,0,0,0
2026-08-12T12:53:44Z,32B5737E49385EF7,18.4,queries/tpch/tpch-queries/q13/v2_correlated.sql,measured,2,2,5,3,0.152,2066.783,7,3,42,3300084,150000,3601344,0,0,customer;orders;idx_orders_cust,1949944,0,0,0,0,0,0
2026-08-12T12:53:44Z,32B5737E49385EF7,18.4,queries/tpch/tpch-queries/q13/v2_correlated.sql,measured,2,3,5,3,0.155,2060.974,7,3,42,3300084,150000,3601344,0,0,customer;orders;idx_orders_cust,1949944,0,0,0,0,0,0
2026-08-12T12:53:44Z,32B5737E49385EF7,18.4,queries/tpch/tpch-queries/q13/v2_correlated.sql,measured,2,4,5,3,0.146,2071.650,7,3,42,3300084,150000,3601344,0,0,customer;orders;idx_orders_cust,1949944,0,0,0,0,0,0
2026-08-12T12:53:44Z,32B5737E49385EF7,18.4,queries/tpch/tpch-queries/q13/v2_correlated.sql,measured,2,5,5,3,0.148,2059.416,7,3,42,3300084,150000,3601344,0,0,customer;orders;idx_orders_cust,1949944,0,0,0,0,0,0
2026-08-12T12:53:55Z,32B5737E49385EF7,18.4,queries/tpch/tpch-queries/q13/v2_correlated.sql,measured,3,1,5,3,0.946,2215.294,7,3,42,3300084,150000,3601344,0,0,customer;orders;idx_orders_cust,1949947,0,0,0,0,0,0
2026-08-12T12:53:55Z,32B5737E49385EF7,18.4,queries/tpch/tpch-queries/q13/v2_correlated.sql,measured,3,2,5,3,0.149,2098.458,7,3,42,3300084,150000,3601344,0,0,customer;orders;idx_orders_cust,1949944,0,0,0,0,0,0
2026-08-12T12:53:55Z,32B5737E49385EF7,18.4,queries/tpch/tpch-queries/q13/v2_correlated.sql,measured,3,3,5,3,0.164,2078.616,7,3,42,3300084,150000,3601344,0,0,customer;orders;idx_orders_cust,1949944,0,0,0,0,0,0
2026-08-12T12:53:55Z,32B5737E49385EF7,18.4,queries/tpch/tpch-queries/q13/v2_correlated.sql,measured,3,4,5,3,0.148,2094.469,7,3,42,3300084,150000,3601344,0,0,customer;orders;idx_orders_cust,1949944,0,0,0,0,0,0
2026-08-12T12:53:55Z,32B5737E49385EF7,18.4,queries/tpch/tpch-queries/q13/v2_correlated.sql,measured,3,5,5,3,0.148,2092.152,7,3,42,3300084,150000,3601344,0,0,customer;orders;idx_orders_cust,1949944,0,0,0,0,0,0
2026-08-12T12:53:55Z,32B5737E49385EF7,18.4,queries/tpch/tpch-queries/q14/base.sql,warmup,1,1,1,3,1.317,163.904,8,3,1,627948,1,13723385,0,2,lineitem;ixtest_lineitem_shipdate;part,45599,68,0,0,0,0,0
2026-08-12T12:53:55Z,32B5737E49385EF7,18.4,queries/tpch/tpch-queries/q14/base.sql,warmup,2,1,1,3,1.285,162.432,8,3,1,627948,1,13723385,0,2,lineitem;ixtest_lineitem_shipdate;part,45667,0,0,0,0,0,0
2026-08-12T12:53:56Z,32B5737E49385EF7,18.4,queries/tpch/tpch-queries/q14/base.sql,measured,1,1,5,3,1.293,162.343,8,3,1,627948,1,13723385,0,2,lineitem;ixtest_lineitem_shipdate;part,45667,0,0,0,0,0,0
2026-08-12T12:53:56Z,32B5737E49385EF7,18.4,queries/tpch/tpch-queries/q14/base.sql,measured,1,2,5,3,0.246,135.565,8,3,1,627948,1,13723385,0,2,lineitem;ixtest_lineitem_shipdate;part,45666,0,0,0,0,0,0
2026-08-12T12:53:56Z,32B5737E49385EF7,18.4,queries/tpch/tpch-queries/q14/base.sql,measured,1,3,5,3,0.247,140.275,8,3,1,627948,1,13723385,0,2,lineitem;ixtest_lineitem_shipdate;part,45666,0,0,0,0,0,0
2026-08-12T12:53:56Z,32B5737E49385EF7,18.4,queries/tpch/tpch-queries/q14/base.sql,measured,1,4,5,3,0.247,131.868,8,3,1,627948,1,13723385,0,2,lineitem;ixtest_lineitem_shipdate;part,45666,0,0,0,0,0,0
2026-08-12T12:53:56Z,32B5737E49385EF7,18.4,queries/tpch/tpch-queries/q14/base.sql,measured,1,5,5,3,0.231,132.739,8,3,1,627948,1,13723385,0,2,lineitem;ixtest_lineitem_shipdate;part,45667,0,0,0,0,0,0
2026-08-12T12:53:57Z,32B5737E49385EF7,18.4,queries/tpch/tpch-queries/q14/base.sql,measured,2,1,5,3,1.297,162.295,8,3,1,627948,1,13723385,0,2,lineitem;ixtest_lineitem_shipdate;part,45667,0,0,0,0,0,0
2026-08-12T12:53:57Z,32B5737E49385EF7,18.4,queries/tpch/tpch-queries/q14/base.sql,measured,2,2,5,3,0.244,135.122,8,3,1,627948,1,13723385,0,2,lineitem;ixtest_lineitem_shipdate;part,45666,0,0,0,0,0,0
2026-08-12T12:53:57Z,32B5737E49385EF7,18.4,queries/tpch/tpch-queries/q14/base.sql,measured,2,3,5,3,0.235,133.262,8,3,1,627948,1,13723385,0,2,lineitem;ixtest_lineitem_shipdate;part,45667,0,0,0,0,0,0
2026-08-12T12:53:57Z,32B5737E49385EF7,18.4,queries/tpch/tpch-queries/q14/base.sql,measured,2,4,5,3,0.232,135.036,8,3,1,627948,1,13723385,0,2,lineitem;ixtest_lineitem_shipdate;part,45666,0,0,0,0,0,0
2026-08-12T12:53:57Z,32B5737E49385EF7,18.4,queries/tpch/tpch-queries/q14/base.sql,measured,2,5,5,3,0.242,134.511,8,3,1,627948,1,13723385,0,2,lineitem;ixtest_lineitem_shipdate;part,45667,0,0,0,0,0,0
2026-08-12T12:53:58Z,32B5737E49385EF7,18.4,queries/tpch/tpch-queries/q14/base.sql,measured,3,1,5,3,1.279,162.754,8,3,1,627948,1,13723385,0,2,lineitem;ixtest_lineitem_shipdate;part,45667,0,0,0,0,0,0
2026-08-12T12:53:58Z,32B5737E49385EF7,18.4,queries/tpch/tpch-queries/q14/base.sql,measured,3,2,5,3,0.237,137.041,8,3,1,627948,1,13723385,0,2,lineitem;ixtest_lineitem_shipdate;part,45666,0,0,0,0,0,0
2026-08-12T12:53:58Z,32B5737E49385EF7,18.4,queries/tpch/tpch-queries/q14/base.sql,measured,3,3,5,3,0.250,134.754,8,3,1,627948,1,13723385,0,2,lineitem;ixtest_lineitem_shipdate;part,45666,0,0,0,0,0,0
2026-08-12T12:53:58Z,32B5737E49385EF7,18.4,queries/tpch/tpch-queries/q14/base.sql,measured,3,4,5,3,0.260,133.285,8,3,1,627948,1,13723385,0,2,lineitem;ixtest_lineitem_shipdate;part,45667,0,0,0,0,0,0
2026-08-12T12:53:58Z,32B5737E49385EF7,18.4,queries/tpch/tpch-queries/q14/base.sql,measured,3,5,5,3,0.248,133.547,8,3,1,627948,1,13723385,0,2,lineitem;ixtest_lineitem_shipdate;part,45666,0,0,0,0,0,0
2026-08-12T12:53:58Z,32B5737E49385EF7,18.4,queries/tpch/tpch-queries/q14/v1_materialized.sql,warmup,1,1,1,3,1.381,162.536,9,4,1,627949,1,13723417,0,2,_m;lineitem;ixtest_lineitem_shipdate;part,45666,0,0,0,0,0,0
2026-08-12T12:53:58Z,32B5737E49385EF7,18.4,queries/tpch/tpch-queries/q14/v1_materialized.sql,warmup,2,1,1,3,1.312,162.940,9,4,1,627949,1,13723417,0,2,_m;lineitem;ixtest_lineitem_shipdate;part,45667,0,0,0,0,0,0
2026-08-12T12:53:59Z,32B5737E49385EF7,18.4,queries/tpch/tpch-queries/q14/v1_materialized.sql,measured,1,1,5,3,1.320,162.538,9,4,1,627949,1,13723417,0,2,_m;lineitem;ixtest_lineitem_shipdate;part,45667,0,0,0,0,0,0
2026-08-12T12:53:59Z,32B5737E49385EF7,18.4,queries/tpch/tpch-queries/q14/v1_materialized.sql,measured,1,2,5,3,0.244,136.815,9,4,1,627949,1,13723417,0,2,_m;lineitem;ixtest_lineitem_shipdate;part,45666,0,0,0,0,0,0
2026-08-12T12:53:59Z,32B5737E49385EF7,18.4,queries/tpch/tpch-queries/q14/v1_materialized.sql,measured,1,3,5,3,0.251,135.610,9,4,1,627949,1,13723417,0,2,_m;lineitem;ixtest_lineitem_shipdate;part,45666,0,0,0,0,0,0
2026-08-12T12:53:59Z,32B5737E49385EF7,18.4,queries/tpch/tpch-queries/q14/v1_materialized.sql,measured,1,4,5,3,0.267,135.236,9,4,1,627949,1,13723417,0,2,_m;lineitem;ixtest_lineitem_shipdate;part,45666,0,0,0,0,0,0
2026-08-12T12:53:59Z,32B5737E49385EF7,18.4,queries/tpch/tpch-queries/q14/v1_materialized.sql,measured,1,5,5,3,0.268,133.342,9,4,1,627949,1,13723417,0,2,_m;lineitem;ixtest_lineitem_shipdate;part,45666,0,0,0,0,0,0
2026-08-12T12:54:00Z,32B5737E49385EF7,18.4,queries/tpch/tpch-queries/q14/v1_materialized.sql,measured,2,1,5,3,1.360,163.813,9,4,1,627949,1,13723417,0,2,_m;lineitem;ixtest_lineitem_shipdate;part,45667,0,0,0,0,0,0
2026-08-12T12:54:00Z,32B5737E49385EF7,18.4,queries/tpch/tpch-queries/q14/v1_materialized.sql,measured,2,2,5,3,0.258,136.202,9,4,1,627949,1,13723417,0,2,_m;lineitem;ixtest_lineitem_shipdate;part,45667,0,0,0,0,0,0
2026-08-12T12:54:00Z,32B5737E49385EF7,18.4,queries/tpch/tpch-queries/q14/v1_materialized.sql,measured,2,3,5,3,0.277,136.687,9,4,1,627949,1,13723417,0,2,_m;lineitem;ixtest_lineitem_shipdate;part,45667,0,0,0,0,0,0
2026-08-12T12:54:00Z,32B5737E49385EF7,18.4,queries/tpch/tpch-queries/q14/v1_materialized.sql,measured,2,4,5,3,0.273,135.706,9,4,1,627949,1,13723417,0,2,_m;lineitem;ixtest_lineitem_shipdate;part,45667,0,0,0,0,0,0
2026-08-12T12:54:00Z,32B5737E49385EF7,18.4,queries/tpch/tpch-queries/q14/v1_materialized.sql,measured,2,5,5,3,0.251,136.074,9,4,1,627949,1,13723417,0,2,_m;lineitem;ixtest_lineitem_shipdate;part,45666,0,0,0,0,0,0
2026-08-12T12:54:01Z,32B5737E49385EF7,18.4,queries/tpch/tpch-queries/q14/v1_materialized.sql,measured,3,1,5,3,1.364,163.309,9,4,1,627949,1,13723417,0,2,_m;lineitem;ixtest_lineitem_shipdate;part,45667,0,0,0,0,0,0
2026-08-12T12:54:01Z,32B5737E49385EF7,18.4,queries/tpch/tpch-queries/q14/v1_materialized.sql,measured,3,2,5,3,0.268,136.828,9,4,1,627949,1,13723417,0,2,_m;lineitem;ixtest_lineitem_shipdate;part,45666,0,0,0,0,0,0
2026-08-12T12:54:01Z,32B5737E49385EF7,18.4,queries/tpch/tpch-queries/q14/v1_materialized.sql,measured,3,3,5,3,0.259,135.726,9,4,1,627949,1,13723417,0,2,_m;lineitem;ixtest_lineitem_shipdate;part,45666,0,0,0,0,0,0
2026-08-12T12:54:01Z,32B5737E49385EF7,18.4,queries/tpch/tpch-queries/q14/v1_materialized.sql,measured,3,4,5,3,0.282,133.757,9,4,1,627949,1,13723417,0,2,_m;lineitem;ixtest_lineitem_shipdate;part,45667,0,0,0,0,0,0
2026-08-12T12:54:01Z,32B5737E49385EF7,18.4,queries/tpch/tpch-queries/q14/v1_materialized.sql,measured,3,5,5,3,0.276,135.566,9,4,1,627949,1,13723417,0,2,_m;lineitem;ixtest_lineitem_shipdate;part,45666,0,0,0,0,0,0
2026-08-12T12:54:01Z,32B5737E49385EF7,18.4,queries/tpch/tpch-queries/q14/v2_filter.sql,warmup,1,1,1,3,1.427,163.310,8,3,1,627948,1,13723385,0,2,lineitem;ixtest_lineitem_shipdate;part,45667,0,0,0,0,0,0
2026-08-12T12:54:01Z,32B5737E49385EF7,18.4,queries/tpch/tpch-queries/q14/v2_filter.sql,warmup,2,1,1,3,1.288,163.051,8,3,1,627948,1,13723385,0,2,lineitem;ixtest_lineitem_shipdate;part,45667,0,0,0,0,0,0
2026-08-12T12:54:02Z,32B5737E49385EF7,18.4,queries/tpch/tpch-queries/q14/v2_filter.sql,measured,1,1,5,3,1.291,163.112,8,3,1,627948,1,13723385,0,2,lineitem;ixtest_lineitem_shipdate;part,45667,0,0,0,0,0,0
2026-08-12T12:54:02Z,32B5737E49385EF7,18.4,queries/tpch/tpch-queries/q14/v2_filter.sql,measured,1,2,5,3,0.253,137.604,8,3,1,627948,1,13723385,0,2,lineitem;ixtest_lineitem_shipdate;part,45666,0,0,0,0,0,0
2026-08-12T12:54:02Z,32B5737E49385EF7,18.4,queries/tpch/tpch-queries/q14/v2_filter.sql,measured,1,3,5,3,0.236,135.246,8,3,1,627948,1,13723385,0,2,lineitem;ixtest_lineitem_shipdate;part,45667,0,0,0,0,0,0
2026-08-12T12:54:02Z,32B5737E49385EF7,18.4,queries/tpch/tpch-queries/q14/v2_filter.sql,measured,1,4,5,3,0.235,134.580,8,3,1,627948,1,13723385,0,2,lineitem;ixtest_lineitem_shipdate;part,45666,0,0,0,0,0,0
2026-08-12T12:54:02Z,32B5737E49385EF7,18.4,queries/tpch/tpch-queries/q14/v2_filter.sql,measured,1,5,5,3,0.249,134.876,8,3,1,627948,1,13723385,0,2,lineitem;ixtest_lineitem_shipdate;part,45667,0,0,0,0,0,0
2026-08-12T12:54:03Z,32B5737E49385EF7,18.4,queries/tpch/tpch-queries/q14/v2_filter.sql,measured,2,1,5,3,1.290,162.277,8,3,1,627948,1,13723385,0,2,lineitem;ixtest_lineitem_shipdate;part,45667,0,0,0,0,0,0
2026-08-12T12:54:03Z,32B5737E49385EF7,18.4,queries/tpch/tpch-queries/q14/v2_filter.sql,measured,2,2,5,3,0.250,136.991,8,3,1,627948,1,13723385,0,2,lineitem;ixtest_lineitem_shipdate;part,45667,0,0,0,0,0,0
2026-08-12T12:54:03Z,32B5737E49385EF7,18.4,queries/tpch/tpch-queries/q14/v2_filter.sql,measured,2,3,5,3,0.247,141.983,8,3,1,627948,1,13723385,0,2,lineitem;ixtest_lineitem_shipdate;part,45666,0,0,0,0,0,0
2026-08-12T12:54:03Z,32B5737E49385EF7,18.4,queries/tpch/tpch-queries/q14/v2_filter.sql,measured,2,4,5,3,0.240,134.218,8,3,1,627948,1,13723385,0,2,lineitem;ixtest_lineitem_shipdate;part,45667,0,0,0,0,0,0
2026-08-12T12:54:03Z,32B5737E49385EF7,18.4,queries/tpch/tpch-queries/q14/v2_filter.sql,measured,2,5,5,3,0.249,134.463,8,3,1,627948,1,13723385,0,2,lineitem;ixtest_lineitem_shipdate;part,45666,0,0,0,0,0,0
2026-08-12T12:54:03Z,32B5737E49385EF7,18.4,queries/tpch/tpch-queries/q14/v2_filter.sql,measured,3,1,5,3,1.351,162.754,8,3,1,627948,1,13723385,0,2,lineitem;ixtest_lineitem_shipdate;part,45667,0,0,0,0,0,0
2026-08-12T12:54:03Z,32B5737E49385EF7,18.4,queries/tpch/tpch-queries/q14/v2_filter.sql,measured,3,2,5,3,0.249,137.021,8,3,1,627948,1,13723385,0,2,lineitem;ixtest_lineitem_shipdate;part,45666,0,0,0,0,0,0
2026-08-12T12:54:03Z,32B5737E49385EF7,18.4,queries/tpch/tpch-queries/q14/v2_filter.sql,measured,3,3,5,3,0.253,133.087,8,3,1,627948,1,13723385,0,2,lineitem;ixtest_lineitem_shipdate;part,45666,0,0,0,0,0,0
2026-08-12T12:54:03Z,32B5737E49385EF7,18.4,queries/tpch/tpch-queries/q14/v2_filter.sql,measured,3,4,5,3,0.245,134.338,8,3,1,627948,1,13723385,0,2,lineitem;ixtest_lineitem_shipdate;part,45667,0,0,0,0,0,0
2026-08-12T12:54:03Z,32B5737E49385EF7,18.4,queries/tpch/tpch-queries/q14/v2_filter.sql,measured,3,5,5,3,0.262,132.812,8,3,1,627948,1,13723385,0,2,lineitem;ixtest_lineitem_shipdate;part,45667,0,0,0,0,0,0
2026-08-12T12:54:04Z,32B5737E49385EF7,18.4,queries/tpch/tpch-queries/q15/base.sql,warmup,1,1,1,3,1.184,281.442,11,5,1,561860,50,7533634,9999,2,lineitem;ixtest_lineitem_shipdate;revenue;supplier,66866,197,0,0,0,0,0
2026-08-12T12:54:04Z,32B5737E49385EF7,18.4,queries/tpch/tpch-queries/q15/base.sql,warmup,2,1,1,3,1.111,279.746,11,5,1,561849,50,7533238,9999,2,lineitem;ixtest_lineitem_shipdate;revenue;supplier,67063,0,0,0,0,0,0
2026-08-12T12:54:06Z,32B5737E49385EF7,18.4,queries/tpch/tpch-queries/q15/base.sql,measured,1,1,5,3,1.130,280.982,11,5,1,561867,50,7533886,9999,2,lineitem;ixtest_lineitem_shipdate;revenue;supplier,67063,0,0,0,0,0,0
2026-08-12T12:54:06Z,32B5737E49385EF7,18.4,queries/tpch/tpch-queries/q15/base.sql,measured,1,2,5,3,0.189,253.049,11,5,1,561849,50,7533238,9999,2,lineitem;ixtest_lineitem_shipdate;revenue;supplier,67063,0,0,0,0,0,0
2026-08-12T12:54:06Z,32B5737E49385EF7,18.4,queries/tpch/tpch-queries/q15/base.sql,measured,1,3,5,3,0.189,251.494,11,5,1,561849,50,7533238,9999,2,lineitem;ixtest_lineitem_shipdate;revenue;supplier,67063,0,0,0,0,0,0
2026-08-12T12:54:06Z,32B5737E49385EF7,18.4,queries/tpch/tpch-queries/q15/base.sql,measured,1,4,5,3,0.189,252.975,11,5,1,561859,50,7533598,9999,2,lineitem;ixtest_lineitem_shipdate;revenue;supplier,67063,0,0,0,0,0,0
2026-08-12T12:54:06Z,32B5737E49385EF7,18.4,queries/tpch/tpch-queries/q15/base.sql,measured,1,5,5,3,0.189,257.565,11,5,1,561833,50,7532662,9999,2,lineitem;ixtest_lineitem_shipdate;revenue;supplier,67063,0,0,0,0,0,0
2026-08-12T12:54:07Z,32B5737E49385EF7,18.4,queries/tpch/tpch-queries/q15/base.sql,measured,2,1,5,3,1.107,283.023,11,5,1,561894,50,7534858,9999,2,lineitem;ixtest_lineitem_shipdate;revenue;supplier,67063,0,0,0,0,0,0
2026-08-12T12:54:07Z,32B5737E49385EF7,18.4,queries/tpch/tpch-queries/q15/base.sql,measured,2,2,5,3,0.200,251.497,11,5,1,561860,50,7533634,9999,2,lineitem;ixtest_lineitem_shipdate;revenue;supplier,67063,0,0,0,0,0,0
2026-08-12T12:54:07Z,32B5737E49385EF7,18.4,queries/tpch/tpch-queries/q15/base.sql,measured,2,3,5,3,0.205,257.266,11,5,1,561842,50,7532986,9999,2,lineitem;ixtest_lineitem_shipdate;revenue;supplier,67063,0,0,0,0,0,0
2026-08-12T12:54:07Z,32B5737E49385EF7,18.4,queries/tpch/tpch-queries/q15/base.sql,measured,2,4,5,3,0.188,252.323,11,5,1,561850,50,7533274,9999,2,lineitem;ixtest_lineitem_shipdate;revenue;supplier,67063,0,0,0,0,0,0
2026-08-12T12:54:07Z,32B5737E49385EF7,18.4,queries/tpch/tpch-queries/q15/base.sql,measured,2,5,5,3,0.209,261.499,11,5,1,561858,50,7533562,9999,2,lineitem;ixtest_lineitem_shipdate;revenue;supplier,67063,0,0,0,0,0,0
2026-08-12T12:54:08Z,32B5737E49385EF7,18.4,queries/tpch/tpch-queries/q15/base.sql,measured,3,1,5,3,1.880,289.465,11,5,1,561850,50,7533274,9999,2,lineitem;ixtest_lineitem_shipdate;revenue;supplier,67063,0,0,0,0,0,0
2026-08-12T12:54:08Z,32B5737E49385EF7,18.4,queries/tpch/tpch-queries/q15/base.sql,measured,3,2,5,3,0.224,251.209,11,5,1,561851,50,7533310,9999,2,lineitem;ixtest_lineitem_shipdate;revenue;supplier,67063,0,0,0,0,0,0
2026-08-12T12:54:08Z,32B5737E49385EF7,18.4,queries/tpch/tpch-queries/q15/base.sql,measured,3,3,5,3,0.187,253.555,11,5,1,561815,50,7532014,9999,2,lineitem;ixtest_lineitem_shipdate;revenue;supplier,67063,0,0,0,0,0,0
2026-08-12T12:54:08Z,32B5737E49385EF7,18.4,queries/tpch/tpch-queries/q15/base.sql,measured,3,4,5,3,0.203,252.376,11,5,1,561840,50,7532914,9999,2,lineitem;ixtest_lineitem_shipdate;revenue;supplier,67063,0,0,0,0,0,0
2026-08-12T12:54:08Z,32B5737E49385EF7,18.4,queries/tpch/tpch-queries/q15/base.sql,measured,3,5,5,3,0.202,259.524,11,5,1,561842,50,7532986,9999,2,lineitem;ixtest_lineitem_shipdate;revenue;supplier,67063,0,0,0,0,0,0
2026-08-12T12:54:09Z,32B5737E49385EF7,18.4,queries/tpch/tpch-queries/q15/v1_materialized.sql,warmup,1,1,1,3,1.153,286.415,13,6,1,561862,50,7534238,9999,2,lineitem;ixtest_lineitem_shipdate;revenue;supplier;_m,67063,0,0,0,0,0,0
2026-08-12T12:54:09Z,32B5737E49385EF7,18.4,queries/tpch/tpch-queries/q15/v1_materialized.sql,warmup,2,1,1,3,1.351,284.454,13,6,1,561851,50,7533842,9999,2,lineitem;ixtest_lineitem_shipdate;revenue;supplier;_m,67063,0,0,0,0,0,0
2026-08-12T12:54:11Z,32B5737E49385EF7,18.4,queries/tpch/tpch-queries/q15/v1_materialized.sql,measured,1,1,5,3,1.164,281.488,13,6,1,561879,50,7534850,9999,2,lineitem;ixtest_lineitem_shipdate;revenue;supplier;_m,67063,0,0,0,0,0,0
2026-08-12T12:54:11Z,32B5737E49385EF7,18.4,queries/tpch/tpch-queries/q15/v1_materialized.sql,measured,1,2,5,3,0.201,262.521,13,6,1,561861,50,7534202,9999,2,lineitem;ixtest_lineitem_shipdate;revenue;supplier;_m,67063,0,0,0,0,0,0
2026-08-12T12:54:11Z,32B5737E49385EF7,18.4,queries/tpch/tpch-queries/q15/v1_materialized.sql,measured,1,3,5,3,0.201,259.129,13,6,1,561853,50,7533914,9999,2,lineitem;ixtest_lineitem_shipdate;revenue;supplier;_m,67063,0,0,0,0,0,0
2026-08-12T12:54:11Z,32B5737E49385EF7,18.4,queries/tpch/tpch-queries/q15/v1_materialized.sql,measured,1,4,5,3,0.221,253.057,13,6,1,561862,50,7534238,9999,2,lineitem;ixtest_lineitem_shipdate;revenue;supplier;_m,67063,0,0,0,0,0,0
2026-08-12T12:54:11Z,32B5737E49385EF7,18.4,queries/tpch/tpch-queries/q15/v1_materialized.sql,measured,1,5,5,3,0.200,254.264,13,6,1,561852,50,7533878,9999,2,lineitem;ixtest_lineitem_shipdate;revenue;supplier;_m,67063,0,0,0,0,0,0
2026-08-12T12:54:12Z,32B5737E49385EF7,18.4,queries/tpch/tpch-queries/q15/v1_materialized.sql,measured,2,1,5,3,1.170,283.415,13,6,1,561853,50,7533914,9999,2,lineitem;ixtest_lineitem_shipdate;revenue;supplier;_m,67063,0,0,0,0,0,0
2026-08-12T12:54:12Z,32B5737E49385EF7,18.4,queries/tpch/tpch-queries/q15/v1_materialized.sql,measured,2,2,5,3,0.202,252.248,13,6,1,561852,50,7533878,9999,2,lineitem;ixtest_lineitem_shipdate;revenue;supplier;_m,67063,0,0,0,0,0,0
2026-08-12T12:54:12Z,32B5737E49385EF7,18.4,queries/tpch/tpch-queries/q15/v1_materialized.sql,measured,2,3,5,3,0.225,258.732,13,6,1,561851,50,7533842,9999,2,lineitem;ixtest_lineitem_shipdate;revenue;supplier;_m,67063,0,0,0,0,0,0
2026-08-12T12:54:12Z,32B5737E49385EF7,18.4,queries/tpch/tpch-queries/q15/v1_materialized.sql,measured,2,4,5,3,0.214,252.481,13,6,1,561878,50,7534814,9999,2,lineitem;ixtest_lineitem_shipdate;revenue;supplier;_m,67063,0,0,0,0,0,0
2026-08-12T12:54:12Z,32B5737E49385EF7,18.4,queries/tpch/tpch-queries/q15/v1_materialized.sql,measured,2,5,5,3,0.214,263.004,13,6,1,561852,50,7533878,9999,2,lineitem;ixtest_lineitem_shipdate;revenue;supplier;_m,67063,0,0,0,0,0,0
2026-08-12T12:54:13Z,32B5737E49385EF7,18.4,queries/tpch/tpch-queries/q15/v1_materialized.sql,measured,3,1,5,3,1.270,284.280,13,6,1,561833,50,7533194,9999,2,lineitem;ixtest_lineitem_shipdate;revenue;supplier;_m,67063,0,0,0,0,0,0
2026-08-12T12:54:13Z,32B5737E49385EF7,18.4,queries/tpch/tpch-queries/q15/v1_materialized.sql,measured,3,2,5,3,0.200,251.577,13,6,1,561869,50,7534490,9999,2,lineitem;ixtest_lineitem_shipdate;revenue;supplier;_m,67063,0,0,0,0,0,0
2026-08-12T12:54:13Z,32B5737E49385EF7,18.4,queries/tpch/tpch-queries/q15/v1_materialized.sql,measured,3,3,5,3,0.224,252.187,13,6,1,561852,50,7533878,9999,2,lineitem;ixtest_lineitem_shipdate;revenue;supplier;_m,67063,0,0,0,0,0,0
2026-08-12T12:54:13Z,32B5737E49385EF7,18.4,queries/tpch/tpch-queries/q15/v1_materialized.sql,measured,3,4,5,3,0.200,259.326,13,6,1,561842,50,7533518,9999,2,lineitem;ixtest_lineitem_shipdate;revenue;supplier;_m,67063,0,0,0,0,0,0
2026-08-12T12:54:13Z,32B5737E49385EF7,18.4,queries/tpch/tpch-queries/q15/v1_materialized.sql,measured,3,5,5,3,0.201,255.319,13,6,1,561862,50,7534238,9999,2,lineitem;ixtest_lineitem_shipdate;revenue;supplier;_m,67063,0,0,0,0,0,0
2026-08-12T12:54:14Z,32B5737E49385EF7,18.4,queries/tpch/tpch-queries/q16/base.sql,warmup,1,1,1,3,1.448,254.420,10,4,18314,1282124,15815,24568240,10851,2,partsupp;supplier;part;ixtest_part_size,4864,2229,0,0,0,0,0
2026-08-12T12:54:14Z,32B5737E49385EF7,18.4,queries/tpch/tpch-queries/q16/base.sql,warmup,2,1,1,3,1.396,242.013,10,4,18314,1282124,15815,24568240,10851,2,partsupp;supplier;part;ixtest_part_size,7094,0,0,0,0,0,0
2026-08-12T12:54:15Z,32B5737E49385EF7,18.4,queries/tpch/tpch-queries/q16/base.sql,measured,1,1,5,3,1.231,242.312,10,4,18314,1282124,15815,24568240,10851,2,partsupp;supplier;part;ixtest_part_size,7094,0,0,0,0,0,0
2026-08-12T12:54:15Z,32B5737E49385EF7,18.4,queries/tpch/tpch-queries/q16/base.sql,measured,1,2,5,3,0.320,238.932,10,4,18314,1282124,15815,24568240,10851,2,partsupp;supplier;part;ixtest_part_size,7090,0,0,0,0,0,0
2026-08-12T12:54:15Z,32B5737E49385EF7,18.4,queries/tpch/tpch-queries/q16/base.sql,measured,1,3,5,3,0.313,240.172,10,4,18314,1282124,15815,24568240,10851,2,partsupp;supplier;part;ixtest_part_size,7090,0,0,0,0,0,0
2026-08-12T12:54:15Z,32B5737E49385EF7,18.4,queries/tpch/tpch-queries/q16/base.sql,measured,1,4,5,3,0.305,238.690,10,4,18314,1282124,15815,24568240,10851,2,partsupp;supplier;part;ixtest_part_size,7091,0,0,0,0,0,0
2026-08-12T12:54:15Z,32B5737E49385EF7,18.4,queries/tpch/tpch-queries/q16/base.sql,measured,1,5,5,3,0.299,242.340,10,4,18314,1282124,15815,24568240,10851,2,partsupp;supplier;part;ixtest_part_size,7091,0,0,0,0,0,0
2026-08-12T12:54:17Z,32B5737E49385EF7,18.4,queries/tpch/tpch-queries/q16/base.sql,measured,2,1,5,3,1.332,242.236,10,4,18314,1282124,15815,24568240,10851,2,partsupp;supplier;part;ixtest_part_size,7094,0,0,0,0,0,0
2026-08-12T12:54:17Z,32B5737E49385EF7,18.4,queries/tpch/tpch-queries/q16/base.sql,measured,2,2,5,3,0.303,243.301,10,4,18314,1282124,15815,24568240,10851,2,partsupp;supplier;part;ixtest_part_size,7091,0,0,0,0,0,0
2026-08-12T12:54:17Z,32B5737E49385EF7,18.4,queries/tpch/tpch-queries/q16/base.sql,measured,2,3,5,3,0.302,239.740,10,4,18314,1282124,15815,24568240,10851,2,partsupp;supplier;part;ixtest_part_size,7090,0,0,0,0,0,0
2026-08-12T12:54:17Z,32B5737E49385EF7,18.4,queries/tpch/tpch-queries/q16/base.sql,measured,2,4,5,3,0.320,239.903,10,4,18314,1282124,15815,24568240,10851,2,partsupp;supplier;part;ixtest_part_size,7091,0,0,0,0,0,0
2026-08-12T12:54:17Z,32B5737E49385EF7,18.4,queries/tpch/tpch-queries/q16/base.sql,measured,2,5,5,3,0.294,240.948,10,4,18314,1282124,15815,24568240,10851,2,partsupp;supplier;part;ixtest_part_size,7091,0,0,0,0,0,0
2026-08-12T12:54:18Z,32B5737E49385EF7,18.4,queries/tpch/tpch-queries/q16/base.sql,measured,3,1,5,3,1.255,243.288,10,4,18314,1282124,15815,24568240,10851,2,partsupp;supplier;part;ixtest_part_size,7094,0,0,0,0,0,0
2026-08-12T12:54:18Z,32B5737E49385EF7,18.4,queries/tpch/tpch-queries/q16/base.sql,measured,3,2,5,3,0.319,239.912,10,4,18314,1282124,15815,24568240,10851,2,partsupp;supplier;part;ixtest_part_size,7091,0,0,0,0,0,0
2026-08-12T12:54:18Z,32B5737E49385EF7,18.4,queries/tpch/tpch-queries/q16/base.sql,measured,3,3,5,3,0.296,240.535,10,4,18314,1282124,15815,24568240,10851,2,partsupp;supplier;part;ixtest_part_size,7091,0,0,0,0,0,0
2026-08-12T12:54:18Z,32B5737E49385EF7,18.4,queries/tpch/tpch-queries/q16/base.sql,measured,3,4,5,3,0.310,240.048,10,4,18314,1282124,15815,24568240,10851,2,partsupp;supplier;part;ixtest_part_size,7090,0,0,0,0,0,0
2026-08-12T12:54:18Z,32B5737E49385EF7,18.4,queries/tpch/tpch-queries/q16/base.sql,measured,3,5,5,3,0.296,238.775,10,4,18314,1282124,15815,24568240,10851,2,partsupp;supplier;part;ixtest_part_size,7091,0,0,0,0,0,0
2026-08-12T12:54:18Z,32B5737E49385EF7,18.4,queries/tpch/tpch-queries/q16/v1_materialized.sql,warmup,1,1,1,3,1.293,245.928,11,5,18314,1300438,15815,28304296,10851,2,partsupp;supplier;part;ixtest_part_size;_m,7094,0,0,0,0,0,0
2026-08-12T12:54:19Z,32B5737E49385EF7,18.4,queries/tpch/tpch-queries/q16/v1_materialized.sql,warmup,2,1,1,3,1.338,244.495,11,5,18314,1300438,15815,28304296,10851,2,partsupp;supplier;part;ixtest_part_size;_m,7093,0,0,0,0,0,0
2026-08-12T12:54:20Z,32B5737E49385EF7,18.4,queries/tpch/tpch-queries/q16/v1_materialized.sql,measured,1,1,5,3,1.247,245.006,11,5,18314,1300438,15815,28304296,10851,2,partsupp;supplier;part;ixtest_part_size;_m,7094,0,0,0,0,0,0
2026-08-12T12:54:20Z,32B5737E49385EF7,18.4,queries/tpch/tpch-queries/q16/v1_materialized.sql,measured,1,2,5,3,0.340,242.795,11,5,18314,1300438,15815,28304296,10851,2,partsupp;supplier;part;ixtest_part_size;_m,7091,0,0,0,0,0,0
2026-08-12T12:54:20Z,32B5737E49385EF7,18.4,queries/tpch/tpch-queries/q16/v1_materialized.sql,measured,1,3,5,3,0.327,241.301,11,5,18314,1300438,15815,28304296,10851,2,partsupp;supplier;part;ixtest_part_size;_m,7091,0,0,0,0,0,0
2026-08-12T12:54:20Z,32B5737E49385EF7,18.4,queries/tpch/tpch-queries/q16/v1_materialized.sql,measured,1,4,5,3,0.312,241.855,11,5,18314,1300438,15815,28304296,10851,2,partsupp;supplier;part;ixtest_part_size;_m,7091,0,0,0,0,0,0
2026-08-12T12:54:20Z,32B5737E49385EF7,18.4,queries/tpch/tpch-queries/q16/v1_materialized.sql,measured,1,5,5,3,0.337,241.403,11,5,18314,1300438,15815,28304296,10851,2,partsupp;supplier;part;ixtest_part_size;_m,7091,0,0,0,0,0,0
2026-08-12T12:54:21Z,32B5737E49385EF7,18.4,queries/tpch/tpch-queries/q16/v1_materialized.sql,measured,2,1,5,3,1.346,245.292,11,5,18314,1300438,15815,28304296,10851,2,partsupp;supplier;part;ixtest_part_size;_m,7094,0,0,0,0,0,0
2026-08-12T12:54:21Z,32B5737E49385EF7,18.4,queries/tpch/tpch-queries/q16/v1_materialized.sql,measured,2,2,5,3,0.335,241.252,11,5,18314,1300438,15815,28304296,10851,2,partsupp;supplier;part;ixtest_part_size;_m,7091,0,0,0,0,0,0
2026-08-12T12:54:21Z,32B5737E49385EF7,18.4,queries/tpch/tpch-queries/q16/v1_materialized.sql,measured,2,3,5,3,0.330,243.831,11,5,18314,1300438,15815,28304296,10851,2,partsupp;supplier;part;ixtest_part_size;_m,7090,0,0,0,0,0,0
2026-08-12T12:54:21Z,32B5737E49385EF7,18.4,queries/tpch/tpch-queries/q16/v1_materialized.sql,measured,2,4,5,3,0.338,252.776,11,5,18314,1300438,15815,28304296,10851,2,partsupp;supplier;part;ixtest_part_size;_m,7091,0,0,0,0,0,0
2026-08-12T12:54:21Z,32B5737E49385EF7,18.4,queries/tpch/tpch-queries/q16/v1_materialized.sql,measured,2,5,5,3,0.328,241.106,11,5,18314,1300438,15815,28304296,10851,2,partsupp;supplier;part;ixtest_part_size;_m,7091,0,0,0,0,0,0
2026-08-12T12:54:23Z,32B5737E49385EF7,18.4,queries/tpch/tpch-queries/q16/v1_materialized.sql,measured,3,1,5,3,1.245,243.504,11,5,18314,1300438,15815,28304296,10851,2,partsupp;supplier;part;ixtest_part_size;_m,7093,0,0,0,0,0,0
2026-08-12T12:54:23Z,32B5737E49385EF7,18.4,queries/tpch/tpch-queries/q16/v1_materialized.sql,measured,3,2,5,3,0.342,241.597,11,5,18314,1300438,15815,28304296,10851,2,partsupp;supplier;part;ixtest_part_size;_m,7091,0,0,0,0,0,0
2026-08-12T12:54:23Z,32B5737E49385EF7,18.4,queries/tpch/tpch-queries/q16/v1_materialized.sql,measured,3,3,5,3,0.324,242.332,11,5,18314,1300438,15815,28304296,10851,2,partsupp;supplier;part;ixtest_part_size;_m,7091,0,0,0,0,0,0
2026-08-12T12:54:23Z,32B5737E49385EF7,18.4,queries/tpch/tpch-queries/q16/v1_materialized.sql,measured,3,4,5,3,0.316,242.086,11,5,18314,1300438,15815,28304296,10851,2,partsupp;supplier;part;ixtest_part_size;_m,7091,0,0,0,0,0,0
2026-08-12T12:54:23Z,32B5737E49385EF7,18.4,queries/tpch/tpch-queries/q16/v1_materialized.sql,measured,3,5,5,3,0.316,242.459,11,5,18314,1300438,15815,28304296,10851,2,partsupp;supplier;part;ixtest_part_size;_m,7091,0,0,0,0,0,0
2026-08-12T12:54:23Z,32B5737E49385EF7,18.4,queries/tpch/tpch-queries/q16/v2_not_exists.sql,warmup,1,1,1,3,1.399,204.914,11,4,18314,689523,15815,22667160,10744,2,part;ixtest_part_size;partsupp;supplier,93811,7,0,0,0,0,0
2026-08-12T12:54:23Z,32B5737E49385EF7,18.4,queries/tpch/tpch-queries/q16/v2_not_exists.sql,warmup,2,1,1,3,1.556,206.447,11,4,18314,689523,15815,22667160,10744,2,part;ixtest_part_size;partsupp;supplier,93818,0,0,0,0,0,0
2026-08-12T12:54:24Z,32B5737E49385EF7,18.4,queries/tpch/tpch-queries/q16/v2_not_exists.sql,measured,1,1,5,3,1.345,207.441,11,4,18314,689523,15815,22667160,10744,2,part;ixtest_part_size;partsupp;supplier,93818,0,0,0,0,0,0
2026-08-12T12:54:24Z,32B5737E49385EF7,18.4,queries/tpch/tpch-queries/q16/v2_not_exists.sql,measured,1,2,5,3,0.403,211.988,11,4,18314,689523,15815,22667160,10744,2,part;ixtest_part_size;partsupp;supplier,93815,0,0,0,0,0,0
2026-08-12T12:54:24Z,32B5737E49385EF7,18.4,queries/tpch/tpch-queries/q16/v2_not_exists.sql,measured,1,3,5,3,0.400,213.086,11,4,18314,689523,15815,22667160,10744,2,part;ixtest_part_size;partsupp;supplier,93815,0,0,0,0,0,0
2026-08-12T12:54:24Z,32B5737E49385EF7,18.4,queries/tpch/tpch-queries/q16/v2_not_exists.sql,measured,1,4,5,3,0.394,210.319,11,4,18314,689523,15815,22667160,10744,2,part;ixtest_part_size;partsupp;supplier,93815,0,0,0,0,0,0
2026-08-12T12:54:24Z,32B5737E49385EF7,18.4,queries/tpch/tpch-queries/q16/v2_not_exists.sql,measured,1,5,5,3,0.378,211.653,11,4,18314,689523,15815,22667160,10744,2,part;ixtest_part_size;partsupp;supplier,93815,0,0,0,0,0,0
2026-08-12T12:54:26Z,32B5737E49385EF7,18.4,queries/tpch/tpch-queries/q16/v2_not_exists.sql,measured,2,1,5,3,1.352,206.617,11,4,18314,689523,15815,22667160,10744,2,part;ixtest_part_size;partsupp;supplier,93818,0,0,0,0,0,0
2026-08-12T12:54:26Z,32B5737E49385EF7,18.4,queries/tpch/tpch-queries/q16/v2_not_exists.sql,measured,2,2,5,3,0.390,211.204,11,4,18314,689523,15815,22667160,10744,2,part;ixtest_part_size;partsupp;supplier,93815,0,0,0,0,0,0
2026-08-12T12:54:26Z,32B5737E49385EF7,18.4,queries/tpch/tpch-queries/q16/v2_not_exists.sql,measured,2,3,5,3,0.381,209.822,11,4,18314,689523,15815,22667160,10744,2,part;ixtest_part_size;partsupp;supplier,93815,0,0,0,0,0,0
2026-08-12T12:54:26Z,32B5737E49385EF7,18.4,queries/tpch/tpch-queries/q16/v2_not_exists.sql,measured,2,4,5,3,0.382,210.951,11,4,18314,689523,15815,22667160,10744,2,part;ixtest_part_size;partsupp;supplier,93815,0,0,0,0,0,0
2026-08-12T12:54:26Z,32B5737E49385EF7,18.4,queries/tpch/tpch-queries/q16/v2_not_exists.sql,measured,2,5,5,3,0.394,222.026,11,4,18314,689523,15815,22667160,10744,2,part;ixtest_part_size;partsupp;supplier,93815,0,0,0,0,0,0
2026-08-12T12:54:27Z,32B5737E49385EF7,18.4,queries/tpch/tpch-queries/q16/v2_not_exists.sql,measured,3,1,5,3,1.353,208.300,11,4,18314,689523,15815,22667160,10744,2,part;ixtest_part_size;partsupp;supplier,93818,0,0,0,0,0,0
2026-08-12T12:54:27Z,32B5737E49385EF7,18.4,queries/tpch/tpch-queries/q16/v2_not_exists.sql,measured,3,2,5,3,0.417,211.188,11,4,18314,689523,15815,22667160,10744,2,part;ixtest_part_size;partsupp;supplier,93815,0,0,0,0,0,0
2026-08-12T12:54:27Z,32B5737E49385EF7,18.4,queries/tpch/tpch-queries/q16/v2_not_exists.sql,measured,3,3,5,3,0.392,210.033,11,4,18314,689523,15815,22667160,10744,2,part;ixtest_part_size;partsupp;supplier,93815,0,0,0,0,0,0
2026-08-12T12:54:27Z,32B5737E49385EF7,18.4,queries/tpch/tpch-queries/q16/v2_not_exists.sql,measured,3,4,5,3,0.391,210.008,11,4,18314,689523,15815,22667160,10744,2,part;ixtest_part_size;partsupp;supplier,93815,0,0,0,0,0,0
2026-08-12T12:54:27Z,32B5737E49385EF7,18.4,queries/tpch/tpch-queries/q16/v2_not_exists.sql,measured,3,5,5,3,0.388,209.081,11,4,18314,689523,15815,22667160,10744,2,part;ixtest_part_size;partsupp;supplier,93815,0,0,0,0,0,0
2026-08-12T12:54:29Z,32B5737E49385EF7,18.4,queries/tpch/tpch-queries/q17/v2_decorrelate.sql,warmup,1,1,1,3,1.410,2184.914,14,5,1,8013209,1,125941419,27,2,part;ixtest_part_container;ixtest_part_brand;lineitem,119343,183,0,0,31836,53435,0
2026-08-12T12:54:31Z,32B5737E49385EF7,18.4,queries/tpch/tpch-queries/q17/v2_decorrelate.sql,warmup,2,1,1,3,1.365,2111.500,14,5,1,8013227,1,125942067,27,2,part;ixtest_part_container;ixtest_part_brand;lineitem,119526,0,0,0,32712,54309,0
2026-08-12T12:54:42Z,32B5737E49385EF7,18.4,queries/tpch/tpch-queries/q17/v2_decorrelate.sql,measured,1,1,5,3,1.369,2131.519,14,5,1,8013199,1,125941059,27,2,part;ixtest_part_container;ixtest_part_brand;lineitem,119526,0,0,0,31095,52691,0
2026-08-12T12:54:42Z,32B5737E49385EF7,18.4,queries/tpch/tpch-queries/q17/v2_decorrelate.sql,measured,1,2,5,3,0.321,2069.878,14,5,1,8013234,1,125942319,27,2,part;ixtest_part_container;ixtest_part_brand;lineitem,119526,0,0,0,31560,53653,0
2026-08-12T12:54:42Z,32B5737E49385EF7,18.4,queries/tpch/tpch-queries/q17/v2_decorrelate.sql,measured,1,3,5,3,0.317,2067.181,14,5,1,8013200,1,125941095,27,2,part;ixtest_part_container;ixtest_part_brand;lineitem,119526,0,0,0,32089,54182,0
2026-08-12T12:54:42Z,32B5737E49385EF7,18.4,queries/tpch/tpch-queries/q17/v2_decorrelate.sql,measured,1,4,5,3,0.326,2058.568,14,5,1,8013208,1,125941383,27,2,part;ixtest_part_container;ixtest_part_brand;lineitem,119526,0,0,0,32231,54332,0
2026-08-12T12:54:42Z,32B5737E49385EF7,18.4,queries/tpch/tpch-queries/q17/v2_decorrelate.sql,measured,1,5,5,3,0.319,2090.256,14,5,1,8013199,1,125941059,27,2,part;ixtest_part_container;ixtest_part_brand;lineitem,119526,0,0,0,32824,54921,0
2026-08-12T12:54:52Z,32B5737E49385EF7,18.4,queries/tpch/tpch-queries/q17/v2_decorrelate.sql,measured,2,1,5,3,1.339,2102.985,14,5,1,8013200,1,125941095,27,2,part;ixtest_part_container;ixtest_part_brand;lineitem,119526,0,0,0,32848,54453,0
2026-08-12T12:54:52Z,32B5737E49385EF7,18.4,queries/tpch/tpch-queries/q17/v2_decorrelate.sql,measured,2,2,5,3,0.329,2078.134,14,5,1,8013207,1,125941347,27,2,part;ixtest_part_container;ixtest_part_brand;lineitem,119526,0,0,0,32340,54183,0
2026-08-12T12:54:52Z,32B5737E49385EF7,18.4,queries/tpch/tpch-queries/q17/v2_decorrelate.sql,measured,2,3,5,3,0.329,2106.307,14,5,1,8013208,1,125941383,27,2,part;ixtest_part_container;ixtest_part_brand;lineitem,119526,0,0,0,32949,55044,0
2026-08-12T12:54:52Z,32B5737E49385EF7,18.4,queries/tpch/tpch-queries/q17/v2_decorrelate.sql,measured,2,4,5,3,0.323,2067.700,14,5,1,8013208,1,125941383,27,2,part;ixtest_part_container;ixtest_part_brand;lineitem,119526,0,0,0,32022,54112,0
2026-08-12T12:54:52Z,32B5737E49385EF7,18.4,queries/tpch/tpch-queries/q17/v2_decorrelate.sql,measured,2,5,5,3,0.311,2075.873,14,5,1,8013191,1,125940771,27,2,part;ixtest_part_container;ixtest_part_brand;lineitem,119526,0,0,0,32198,54294,0
2026-08-12T12:55:03Z,32B5737E49385EF7,18.4,queries/tpch/tpch-queries/q17/v2_decorrelate.sql,measured,3,1,5,3,1.473,2109.651,14,5,1,8013208,1,125941383,27,2,part;ixtest_part_container;ixtest_part_brand;lineitem,119526,0,0,0,32581,53926,0
2026-08-12T12:55:03Z,32B5737E49385EF7,18.4,queries/tpch/tpch-queries/q17/v2_decorrelate.sql,measured,3,2,5,3,0.330,2094.466,14,5,1,8013189,1,125940699,27,2,part;ixtest_part_container;ixtest_part_brand;lineitem,119526,0,0,0,33413,55384,0
2026-08-12T12:55:03Z,32B5737E49385EF7,18.4,queries/tpch/tpch-queries/q17/v2_decorrelate.sql,measured,3,3,5,3,0.317,2087.501,14,5,1,8013209,1,125941419,27,2,part;ixtest_part_container;ixtest_part_brand;lineitem,119526,0,0,0,31819,53914,0
2026-08-12T12:55:03Z,32B5737E49385EF7,18.4,queries/tpch/tpch-queries/q17/v2_decorrelate.sql,measured,3,4,5,3,0.307,2076.282,14,5,1,8013208,1,125941383,27,2,part;ixtest_part_container;ixtest_part_brand;lineitem,119526,0,0,0,32800,54897,0
2026-08-12T12:55:03Z,32B5737E49385EF7,18.4,queries/tpch/tpch-queries/q17/v2_decorrelate.sql,measured,3,5,5,3,0.312,2153.151,14,5,1,8013181,1,125940411,27,2,part;ixtest_part_container;ixtest_part_brand;lineitem,119526,0,0,0,33026,55122,0
2026-08-12T12:55:05Z,32B5737E49385EF7,18.4,queries/tpch/tpch-queries/q18/base.sql,warmup,1,1,1,3,1.932,2204.735,15,4,57,19505640,100,192090147,1499943,2,orders;lineitem;customer,393921,0,0,0,0,0,0
2026-08-12T12:55:07Z,32B5737E49385EF7,18.4,queries/tpch/tpch-queries/q18/base.sql,warmup,2,1,1,3,1.967,2204.630,15,4,57,19505640,100,192090147,1499943,2,orders;lineitem;customer,393921,0,0,0,0,0,0
2026-08-12T12:55:19Z,32B5737E49385EF7,18.4,queries/tpch/tpch-queries/q18/base.sql,measured,1,1,5,3,2.018,2205.284,15,4,57,19505640,100,192090147,1499943,2,orders;lineitem;customer,393921,0,0,0,0,0,0
2026-08-12T12:55:19Z,32B5737E49385EF7,18.4,queries/tpch/tpch-queries/q18/base.sql,measured,1,2,5,3,0.808,2214.784,15,4,57,19505640,100,192090147,1499943,2,orders;lineitem;customer,393915,0,0,0,0,0,0
2026-08-12T12:55:19Z,32B5737E49385EF7,18.4,queries/tpch/tpch-queries/q18/base.sql,measured,1,3,5,3,0.777,2331.048,15,4,57,19505640,100,192090147,1499943,2,orders;lineitem;customer,393915,0,0,0,0,0,0
2026-08-12T12:55:19Z,32B5737E49385EF7,18.4,queries/tpch/tpch-queries/q18/base.sql,measured,1,4,5,3,0.829,2324.481,15,4,57,19505640,100,192090147,1499943,2,orders;lineitem;customer,393915,0,0,0,0,0,0
2026-08-12T12:55:19Z,32B5737E49385EF7,18.4,queries/tpch/tpch-queries/q18/base.sql,measured,1,5,5,3,0.877,2307.592,15,4,57,19505640,100,192090147,1499943,2,orders;lineitem;customer,393915,0,0,0,0,0,0
2026-08-12T12:55:31Z,32B5737E49385EF7,18.4,queries/tpch/tpch-queries/q18/base.sql,measured,2,1,5,3,1.986,2392.660,15,4,57,19505640,100,192090147,1499943,2,orders;lineitem;customer,393921,0,0,0,0,0,0
2026-08-12T12:55:31Z,32B5737E49385EF7,18.4,queries/tpch/tpch-queries/q18/base.sql,measured,2,2,5,3,0.837,2404.072,15,4,57,19505640,100,192090147,1499943,2,orders;lineitem;customer,393915,0,0,0,0,0,0
2026-08-12T12:55:31Z,32B5737E49385EF7,18.4,queries/tpch/tpch-queries/q18/base.sql,measured,2,3,5,3,0.815,2385.924,15,4,57,19505640,100,192090147,1499943,2,orders;lineitem;customer,393915,0,0,0,0,0,0
2026-08-12T12:55:31Z,32B5737E49385EF7,18.4,queries/tpch/tpch-queries/q18/base.sql,measured,2,4,5,3,0.825,2401.690,15,4,57,19505640,100,192090147,1499943,2,orders;lineitem;customer,393915,0,0,0,0,0,0
2026-08-12T12:55:31Z,32B5737E49385EF7,18.4,queries/tpch/tpch-queries/q18/base.sql,measured,2,5,5,3,1.344,2404.796,15,4,57,19505640,100,192090147,1499943,2,orders;lineitem;customer,393915,0,0,0,0,0,0
2026-08-12T12:55:43Z,32B5737E49385EF7,18.4,queries/tpch/tpch-queries/q18/base.sql,measured,3,1,5,3,1.975,2378.765,15,4,57,19505640,100,192090147,1499943,2,orders;lineitem;customer,393921,0,0,0,0,0,0
2026-08-12T12:55:43Z,32B5737E49385EF7,18.4,queries/tpch/tpch-queries/q18/base.sql,measured,3,2,5,3,0.835,2348.619,15,4,57,19505640,100,192090147,1499943,2,orders;lineitem;customer,393915,0,0,0,0,0,0
2026-08-12T12:55:43Z,32B5737E49385EF7,18.4,queries/tpch/tpch-queries/q18/base.sql,measured,3,3,5,3,0.801,2296.247,15,4,57,19505640,100,192090147,1499943,2,orders;lineitem;customer,393915,0,0,0,0,0,0
2026-08-12T12:55:43Z,32B5737E49385EF7,18.4,queries/tpch/tpch-queries/q18/base.sql,measured,3,4,5,3,0.846,2308.245,15,4,57,19505640,100,192090147,1499943,2,orders;lineitem;customer,393915,0,0,0,0,0,0
2026-08-12T12:55:43Z,32B5737E49385EF7,18.4,queries/tpch/tpch-queries/q18/base.sql,measured,3,5,5,3,0.831,2336.967,15,4,57,19505640,100,192090147,1499943,2,orders;lineitem;customer,393915,0,0,0,0,0,0
2026-08-12T12:55:45Z,32B5737E49385EF7,18.4,queries/tpch/tpch-queries/q18/v1_materialized.sql,warmup,1,1,1,3,2.096,2567.314,16,5,57,19655982,100,195571896,1499943,2,customer;orders;lineitem;_m,397317,0,0,0,0,0,0
2026-08-12T12:55:48Z,32B5737E49385EF7,18.4,queries/tpch/tpch-queries/q18/v1_materialized.sql,warmup,2,1,1,3,1.889,2477.359,16,5,57,19655982,100,195571896,1499943,2,customer;orders;lineitem;_m,397317,0,0,0,0,0,0
2026-08-12T12:56:01Z,32B5737E49385EF7,18.4,queries/tpch/tpch-queries/q18/v1_materialized.sql,measured,1,1,5,3,1.843,2399.591,16,5,57,19655982,100,195571896,1499943,2,customer;orders;lineitem;_m,397317,0,0,0,0,0,0
2026-08-12T12:56:01Z,32B5737E49385EF7,18.4,queries/tpch/tpch-queries/q18/v1_materialized.sql,measured,1,2,5,3,0.658,2553.055,16,5,57,19655982,100,195571896,1499943,2,customer;orders;lineitem;_m,397317,0,0,0,0,0,0
2026-08-12T12:56:01Z,32B5737E49385EF7,18.4,queries/tpch/tpch-queries/q18/v1_materialized.sql,measured,1,3,5,3,0.655,2508.013,16,5,57,19655982,100,195571896,1499943,2,customer;orders;lineitem;_m,397317,0,0,0,0,0,0
2026-08-12T12:56:01Z,32B5737E49385EF7,18.4,queries/tpch/tpch-queries/q18/v1_materialized.sql,measured,1,4,5,3,0.656,2479.684,16,5,57,19655982,100,195571896,1499943,2,customer;orders;lineitem;_m,397317,0,0,0,0,0,0
2026-08-12T12:56:01Z,32B5737E49385EF7,18.4,queries/tpch/tpch-queries/q18/v1_materialized.sql,measured,1,5,5,3,0.656,2557.399,16,5,57,19655982,100,195571896,1499943,2,customer;orders;lineitem;_m,397317,0,0,0,0,0,0
2026-08-12T12:56:14Z,32B5737E49385EF7,18.4,queries/tpch/tpch-queries/q18/v1_materialized.sql,measured,2,1,5,3,1.896,2588.568,16,5,57,19655982,100,195571896,1499943,2,customer;orders;lineitem;_m,397317,0,0,0,0,0,0
2026-08-12T12:56:14Z,32B5737E49385EF7,18.4,queries/tpch/tpch-queries/q18/v1_materialized.sql,measured,2,2,5,3,0.657,2540.702,16,5,57,19655982,100,195571896,1499943,2,customer;orders;lineitem;_m,397317,0,0,0,0,0,0
2026-08-12T12:56:14Z,32B5737E49385EF7,18.4,queries/tpch/tpch-queries/q18/v1_materialized.sql,measured,2,3,5,3,0.654,2600.969,16,5,57,19655982,100,195571896,1499943,2,customer;orders;lineitem;_m,397317,0,0,0,0,0,0
2026-08-12T12:56:14Z,32B5737E49385EF7,18.4,queries/tpch/tpch-queries/q18/v1_materialized.sql,measured,2,4,5,3,0.656,2561.794,16,5,57,19655982,100,195571896,1499943,2,customer;orders;lineitem;_m,397317,0,0,0,0,0,0
2026-08-12T12:56:14Z,32B5737E49385EF7,18.4,queries/tpch/tpch-queries/q18/v1_materialized.sql,measured,2,5,5,3,0.653,2570.242,16,5,57,19655982,100,195571896,1499943,2,customer;orders;lineitem;_m,397317,0,0,0,0,0,0
2026-08-12T12:56:27Z,32B5737E49385EF7,18.4,queries/tpch/tpch-queries/q18/v1_materialized.sql,measured,3,1,5,3,1.835,2616.468,16,5,57,19655982,100,195571896,1499943,2,customer;orders;lineitem;_m,397317,0,0,0,0,0,0
2026-08-12T12:56:27Z,32B5737E49385EF7,18.4,queries/tpch/tpch-queries/q18/v1_materialized.sql,measured,3,2,5,3,0.653,2552.149,16,5,57,19655982,100,195571896,1499943,2,customer;orders;lineitem;_m,397317,0,0,0,0,0,0
2026-08-12T12:56:27Z,32B5737E49385EF7,18.4,queries/tpch/tpch-queries/q18/v1_materialized.sql,measured,3,3,5,3,0.647,2581.467,16,5,57,19655982,100,195571896,1499943,2,customer;orders;lineitem;_m,397317,0,0,0,0,0,0
2026-08-12T12:56:27Z,32B5737E49385EF7,18.4,queries/tpch/tpch-queries/q18/v1_materialized.sql,measured,3,4,5,3,0.634,2556.097,16,5,57,19655982,100,195571896,1499943,2,customer;orders;lineitem;_m,397317,0,0,0,0,0,0
2026-08-12T12:56:27Z,32B5737E49385EF7,18.4,queries/tpch/tpch-queries/q18/v1_materialized.sql,measured,3,5,5,3,0.645,2573.220,16,5,57,19655982,100,195571896,1499943,2,customer;orders;lineitem;_m,397317,0,0,0,0,0,0
2026-08-12T12:56:29Z,32B5737E49385EF7,18.4,queries/tpch/tpch-queries/q18/v2_join.sql,warmup,1,1,1,3,2.106,2204.345,15,4,57,19505640,100,192090147,1499943,2,orders;lineitem;customer,393921,0,0,0,0,0,0
2026-08-12T12:56:31Z,32B5737E49385EF7,18.4,queries/tpch/tpch-queries/q18/v2_join.sql,warmup,2,1,1,3,2.012,2363.960,15,4,57,19505640,100,192090147,1499943,2,orders;lineitem;customer,393921,0,0,0,0,0,0
2026-08-12T12:56:43Z,32B5737E49385EF7,18.4,queries/tpch/tpch-queries/q18/v2_join.sql,measured,1,1,5,3,1.972,2367.617,15,4,57,19505640,100,192090147,1499943,2,orders;lineitem;customer,393921,0,0,0,0,0,0
2026-08-12T12:56:43Z,32B5737E49385EF7,18.4,queries/tpch/tpch-queries/q18/v2_join.sql,measured,1,2,5,3,0.847,2331.992,15,4,57,19505640,100,192090147,1499943,2,orders;lineitem;customer,393915,0,0,0,0,0,0
2026-08-12T12:56:43Z,32B5737E49385EF7,18.4,queries/tpch/tpch-queries/q18/v2_join.sql,measured,1,3,5,3,0.844,2308.956,15,4,57,19505640,100,192090147,1499943,2,orders;lineitem;customer,393915,0,0,0,0,0,0
2026-08-12T12:56:43Z,32B5737E49385EF7,18.4,queries/tpch/tpch-queries/q18/v2_join.sql,measured,1,4,5,3,0.838,2349.756,15,4,57,19505640,100,192090147,1499943,2,orders;lineitem;customer,393915,0,0,0,0,0,0
2026-08-12T12:56:43Z,32B5737E49385EF7,18.4,queries/tpch/tpch-queries/q18/v2_join.sql,measured,1,5,5,3,0.816,2347.857,15,4,57,19505640,100,192090147,1499943,2,orders;lineitem;customer,393915,0,0,0,0,0,0
2026-08-12T12:56:55Z,32B5737E49385EF7,18.4,queries/tpch/tpch-queries/q18/v2_join.sql,measured,2,1,5,3,1.975,2376.150,15,4,57,19505640,100,192090147,1499943,2,orders;lineitem;customer,393921,0,0,0,0,0,0
2026-08-12T12:56:55Z,32B5737E49385EF7,18.4,queries/tpch/tpch-queries/q18/v2_join.sql,measured,2,2,5,3,0.841,2382.609,15,4,57,19505640,100,192090147,1499943,2,orders;lineitem;customer,393915,0,0,0,0,0,0
2026-08-12T12:56:55Z,32B5737E49385EF7,18.4,queries/tpch/tpch-queries/q18/v2_join.sql,measured,2,3,5,3,0.812,2356.193,15,4,57,19505640,100,192090147,1499943,2,orders;lineitem;customer,393915,0,0,0,0,0,0
2026-08-12T12:56:55Z,32B5737E49385EF7,18.4,queries/tpch/tpch-queries/q18/v2_join.sql,measured,2,4,5,3,0.810,2368.123,15,4,57,19505640,100,192090147,1499943,2,orders;lineitem;customer,393915,0,0,0,0,0,0
2026-08-12T12:56:55Z,32B5737E49385EF7,18.4,queries/tpch/tpch-queries/q18/v2_join.sql,measured,2,5,5,3,0.792,2329.551,15,4,57,19505640,100,192090147,1499943,2,orders;lineitem;customer,393915,0,0,0,0,0,0
2026-08-12T12:57:07Z,32B5737E49385EF7,18.4,queries/tpch/tpch-queries/q18/v2_join.sql,measured,3,1,5,3,1.990,2328.321,15,4,57,19505640,100,192090147,1499943,2,orders;lineitem;customer,393921,0,0,0,0,0,0
2026-08-12T12:57:07Z,32B5737E49385EF7,18.4,queries/tpch/tpch-queries/q18/v2_join.sql,measured,3,2,5,3,1.194,2384.338,15,4,57,19505640,100,192090147,1499943,2,orders;lineitem;customer,393915,0,0,0,0,0,0
2026-08-12T12:57:07Z,32B5737E49385EF7,18.4,queries/tpch/tpch-queries/q18/v2_join.sql,measured,3,3,5,3,0.828,2390.149,15,4,57,19505640,100,192090147,1499943,2,orders;lineitem;customer,393915,0,0,0,0,0,0
2026-08-12T12:57:07Z,32B5737E49385EF7,18.4,queries/tpch/tpch-queries/q18/v2_join.sql,measured,3,4,5,3,0.813,2267.859,15,4,57,19505640,100,192090147,1499943,2,orders;lineitem;customer,393915,0,0,0,0,0,0
2026-08-12T12:57:07Z,32B5737E49385EF7,18.4,queries/tpch/tpch-queries/q18/v2_join.sql,measured,3,5,5,3,0.844,2342.462,15,4,57,19505640,100,192090147,1499943,2,orders;lineitem;customer,393915,0,0,0,0,0,0
2026-08-12T12:57:07Z,32B5737E49385EF7,18.4,queries/tpch/tpch-queries/q19/base.sql,warmup,1,1,1,3,1.500,45.033,6,2,1,610,1,16154,66534,2,part;lineitem,19555,327,0,0,0,0,0
2026-08-12T12:57:07Z,32B5737E49385EF7,18.4,queries/tpch/tpch-queries/q19/base.sql,warmup,2,1,1,3,1.483,43.446,6,2,1,610,1,16154,66534,2,part;lineitem,19882,0,0,0,0,0,0
2026-08-12T12:57:07Z,32B5737E49385EF7,18.4,queries/tpch/tpch-queries/q19/base.sql,measured,1,1,5,3,1.511,43.751,6,2,1,610,1,16154,66534,2,part;lineitem,19882,0,0,0,0,0,0
2026-08-12T12:57:07Z,32B5737E49385EF7,18.4,queries/tpch/tpch-queries/q19/base.sql,measured,1,2,5,3,0.391,38.941,6,2,1,610,1,16154,66534,2,part;lineitem,19882,0,0,0,0,0,0
2026-08-12T12:57:07Z,32B5737E49385EF7,18.4,queries/tpch/tpch-queries/q19/base.sql,measured,1,3,5,3,0.399,38.085,6,2,1,610,1,16154,66534,2,part;lineitem,19882,0,0,0,0,0,0
2026-08-12T12:57:07Z,32B5737E49385EF7,18.4,queries/tpch/tpch-queries/q19/base.sql,measured,1,4,5,3,0.407,37.702,6,2,1,610,1,16154,66534,2,part;lineitem,19882,0,0,0,0,0,0
2026-08-12T12:57:07Z,32B5737E49385EF7,18.4,queries/tpch/tpch-queries/q19/base.sql,measured,1,5,5,3,0.409,37.379,6,2,1,610,1,16154,66534,2,part;lineitem,19882,0,0,0,0,0,0
2026-08-12T12:57:08Z,32B5737E49385EF7,18.4,queries/tpch/tpch-queries/q19/base.sql,measured,2,1,5,3,1.488,43.950,6,2,1,610,1,16154,66534,2,part;lineitem,19882,0,0,0,0,0,0
2026-08-12T12:57:08Z,32B5737E49385EF7,18.4,queries/tpch/tpch-queries/q19/base.sql,measured,2,2,5,3,0.383,40.142,6,2,1,610,1,16154,66534,2,part;lineitem,19882,0,0,0,0,0,0
2026-08-12T12:57:08Z,32B5737E49385EF7,18.4,queries/tpch/tpch-queries/q19/base.sql,measured,2,3,5,3,0.402,38.143,6,2,1,610,1,16154,66534,2,part;lineitem,19882,0,0,0,0,0,0
2026-08-12T12:57:08Z,32B5737E49385EF7,18.4,queries/tpch/tpch-queries/q19/base.sql,measured,2,4,5,3,0.403,36.678,6,2,1,610,1,16154,66534,2,part;lineitem,19882,0,0,0,0,0,0
2026-08-12T12:57:08Z,32B5737E49385EF7,18.4,queries/tpch/tpch-queries/q19/base.sql,measured,2,5,5,3,0.403,37.697,6,2,1,610,1,16154,66534,2,part;lineitem,19882,0,0,0,0,0,0
2026-08-12T12:57:08Z,32B5737E49385EF7,18.4,queries/tpch/tpch-queries/q19/base.sql,measured,3,1,5,3,1.522,44.730,6,2,1,610,1,16154,66534,2,part;lineitem,19882,0,0,0,0,0,0
2026-08-12T12:57:08Z,32B5737E49385EF7,18.4,queries/tpch/tpch-queries/q19/base.sql,measured,3,2,5,3,0.413,39.629,6,2,1,610,1,16154,66534,2,part;lineitem,19882,0,0,0,0,0,0
2026-08-12T12:57:08Z,32B5737E49385EF7,18.4,queries/tpch/tpch-queries/q19/base.sql,measured,3,3,5,3,0.394,37.126,6,2,1,610,1,16154,66534,2,part;lineitem,19882,0,0,0,0,0,0
2026-08-12T12:57:08Z,32B5737E49385EF7,18.4,queries/tpch/tpch-queries/q19/base.sql,measured,3,4,5,3,0.394,36.482,6,2,1,610,1,16154,66534,2,part;lineitem,19882,0,0,0,0,0,0
2026-08-12T12:57:08Z,32B5737E49385EF7,18.4,queries/tpch/tpch-queries/q19/base.sql,measured,3,5,5,3,0.407,35.740,6,2,1,610,1,16154,66534,2,part;lineitem,19882,0,0,0,0,0,0
2026-08-12T12:57:08Z,32B5737E49385EF7,18.4,queries/tpch/tpch-queries/q19/v1_materialized.sql,warmup,1,1,1,3,2.017,51.092,7,3,1,611,1,16186,66534,2,_m;part;lineitem,19882,0,0,0,0,0,0
2026-08-12T12:57:08Z,32B5737E49385EF7,18.4,queries/tpch/tpch-queries/q19/v1_materialized.sql,warmup,2,1,1,3,1.528,43.217,7,3,1,611,1,16186,66534,2,_m;part;lineitem,19882,0,0,0,0,0,0
2026-08-12T12:57:08Z,32B5737E49385EF7,18.4,queries/tpch/tpch-queries/q19/v1_materialized.sql,measured,1,1,5,3,1.550,44.567,7,3,1,611,1,16186,66534,2,_m;part;lineitem,19882,0,0,0,0,0,0
2026-08-12T12:57:08Z,32B5737E49385EF7,18.4,queries/tpch/tpch-queries/q19/v1_materialized.sql,measured,1,2,5,3,0.435,39.375,7,3,1,611,1,16186,66534,2,_m;part;lineitem,19882,0,0,0,0,0,0
2026-08-12T12:57:08Z,32B5737E49385EF7,18.4,queries/tpch/tpch-queries/q19/v1_materialized.sql,measured,1,3,5,3,0.452,38.086,7,3,1,611,1,16186,66534,2,_m;part;lineitem,19882,0,0,0,0,0,0
2026-08-12T12:57:08Z,32B5737E49385EF7,18.4,queries/tpch/tpch-queries/q19/v1_materialized.sql,measured,1,4,5,3,0.419,37.493,7,3,1,611,1,16186,66534,2,_m;part;lineitem,19882,0,0,0,0,0,0
2026-08-12T12:57:08Z,32B5737E49385EF7,18.4,queries/tpch/tpch-queries/q19/v1_materialized.sql,measured,1,5,5,3,0.451,37.939,7,3,1,611,1,16186,66534,2,_m;part;lineitem,19882,0,0,0,0,0,0
2026-08-12T12:57:09Z,32B5737E49385EF7,18.4,queries/tpch/tpch-queries/q19/v1_materialized.sql,measured,2,1,5,3,1.670,43.892,7,3,1,611,1,16186,66534,2,_m;part;lineitem,19882,0,0,0,0,0,0
2026-08-12T12:57:09Z,32B5737E49385EF7,18.4,queries/tpch/tpch-queries/q19/v1_materialized.sql,measured,2,2,5,3,0.450,40.091,7,3,1,611,1,16186,66534,2,_m;part;lineitem,19882,0,0,0,0,0,0
2026-08-12T12:57:09Z,32B5737E49385EF7,18.4,queries/tpch/tpch-queries/q19/v1_materialized.sql,measured,2,3,5,3,0.425,38.087,7,3,1,611,1,16186,66534,2,_m;part;lineitem,19882,0,0,0,0,0,0
2026-08-12T12:57:09Z,32B5737E49385EF7,18.4,queries/tpch/tpch-queries/q19/v1_materialized.sql,measured,2,4,5,3,0.422,36.580,7,3,1,611,1,16186,66534,2,_m;part;lineitem,19882,0,0,0,0,0,0
2026-08-12T12:57:09Z,32B5737E49385EF7,18.4,queries/tpch/tpch-queries/q19/v1_materialized.sql,measured,2,5,5,3,0.423,35.928,7,3,1,611,1,16186,66534,2,_m;part;lineitem,19882,0,0,0,0,0,0
2026-08-12T12:57:09Z,32B5737E49385EF7,18.4,queries/tpch/tpch-queries/q19/v1_materialized.sql,measured,3,1,5,3,1.530,43.709,7,3,1,611,1,16186,66534,2,_m;part;lineitem,19882,0,0,0,0,0,0
2026-08-12T12:57:09Z,32B5737E49385EF7,18.4,queries/tpch/tpch-queries/q19/v1_materialized.sql,measured,3,2,5,3,0.428,39.494,7,3,1,611,1,16186,66534,2,_m;part;lineitem,19882,0,0,0,0,0,0
2026-08-12T12:57:09Z,32B5737E49385EF7,18.4,queries/tpch/tpch-queries/q19/v1_materialized.sql,measured,3,3,5,3,0.440,37.417,7,3,1,611,1,16186,66534,2,_m;part;lineitem,19882,0,0,0,0,0,0
2026-08-12T12:57:09Z,32B5737E49385EF7,18.4,queries/tpch/tpch-queries/q19/v1_materialized.sql,measured,3,4,5,3,0.425,37.925,7,3,1,611,1,16186,66534,2,_m;part;lineitem,19882,0,0,0,0,0,0
2026-08-12T12:57:09Z,32B5737E49385EF7,18.4,queries/tpch/tpch-queries/q19/v1_materialized.sql,measured,3,5,5,3,0.457,38.088,7,3,1,611,1,16186,66534,2,_m;part;lineitem,19882,0,0,0,0,0,0
2026-08-12T12:57:09Z,32B5737E49385EF7,18.4,queries/tpch/tpch-queries/q19/v2_union_all.sql,warmup,1,1,1,3,1.850,54.560,13,6,1,729,1,9804,366507,2,part;lineitem,28138,0,0,0,0,0,0
2026-08-12T12:57:09Z,32B5737E49385EF7,18.4,queries/tpch/tpch-queries/q19/v2_union_all.sql,warmup,2,1,1,3,1.833,55.430,13,6,1,729,1,9804,366507,2,part;lineitem,28138,0,0,0,0,0,0
2026-08-12T12:57:10Z,32B5737E49385EF7,18.4,queries/tpch/tpch-queries/q19/v2_union_all.sql,measured,1,1,5,3,1.879,55.404,13,6,1,729,1,9804,366507,2,part;lineitem,28138,0,0,0,0,0,0
2026-08-12T12:57:10Z,32B5737E49385EF7,18.4,queries/tpch/tpch-queries/q19/v2_union_all.sql,measured,1,2,5,3,0.680,53.554,13,6,1,729,1,9804,366507,2,part;lineitem,28138,0,0,0,0,0,0
2026-08-12T12:57:10Z,32B5737E49385EF7,18.4,queries/tpch/tpch-queries/q19/v2_union_all.sql,measured,1,3,5,3,0.706,53.101,13,6,1,729,1,9804,366507,2,part;lineitem,28138,0,0,0,0,0,0
2026-08-12T12:57:10Z,32B5737E49385EF7,18.4,queries/tpch/tpch-queries/q19/v2_union_all.sql,measured,1,4,5,3,0.701,51.757,13,6,1,729,1,9804,366507,2,part;lineitem,28138,0,0,0,0,0,0
2026-08-12T12:57:10Z,32B5737E49385EF7,18.4,queries/tpch/tpch-queries/q19/v2_union_all.sql,measured,1,5,5,3,0.703,48.111,13,6,1,729,1,9804,366507,2,part;lineitem,28138,0,0,0,0,0,0
2026-08-12T12:57:10Z,32B5737E49385EF7,18.4,queries/tpch/tpch-queries/q19/v2_union_all.sql,measured,2,1,5,3,2.248,53.341,13,6,1,729,1,9804,366507,2,part;lineitem,28138,0,0,0,0,0,0
2026-08-12T12:57:10Z,32B5737E49385EF7,18.4,queries/tpch/tpch-queries/q19/v2_union_all.sql,measured,2,2,5,3,0.599,46.596,13,6,1,729,1,9804,366507,2,part;lineitem,28138,0,0,0,0,0,0
2026-08-12T12:57:10Z,32B5737E49385EF7,18.4,queries/tpch/tpch-queries/q19/v2_union_all.sql,measured,2,3,5,3,0.599,44.223,13,6,1,729,1,9804,366507,2,part;lineitem,28138,0,0,0,0,0,0
2026-08-12T12:57:10Z,32B5737E49385EF7,18.4,queries/tpch/tpch-queries/q19/v2_union_all.sql,measured,2,4,5,3,0.612,43.462,13,6,1,729,1,9804,366507,2,part;lineitem,28138,0,0,0,0,0,0
2026-08-12T12:57:10Z,32B5737E49385EF7,18.4,queries/tpch/tpch-queries/q19/v2_union_all.sql,measured,2,5,5,3,0.598,43.302,13,6,1,729,1,9804,366507,2,part;lineitem,28138,0,0,0,0,0,0
2026-08-12T12:57:10Z,32B5737E49385EF7,18.4,queries/tpch/tpch-queries/q19/v2_union_all.sql,measured,3,1,5,3,2.032,52.198,13,6,1,729,1,9804,366507,2,part;lineitem,28138,0,0,0,0,0,0
2026-08-12T12:57:10Z,32B5737E49385EF7,18.4,queries/tpch/tpch-queries/q19/v2_union_all.sql,measured,3,2,5,3,0.619,44.476,13,6,1,729,1,9804,366507,2,part;lineitem,28138,0,0,0,0,0,0
2026-08-12T12:57:10Z,32B5737E49385EF7,18.4,queries/tpch/tpch-queries/q19/v2_union_all.sql,measured,3,3,5,3,0.599,43.920,13,6,1,729,1,9804,366507,2,part;lineitem,28138,0,0,0,0,0,0
2026-08-12T12:57:10Z,32B5737E49385EF7,18.4,queries/tpch/tpch-queries/q19/v2_union_all.sql,measured,3,4,5,3,0.592,43.427,13,6,1,729,1,9804,366507,2,part;lineitem,28138,0,0,0,0,0,0
2026-08-12T12:57:10Z,32B5737E49385EF7,18.4,queries/tpch/tpch-queries/q19/v2_union_all.sql,measured,3,5,5,3,0.619,44.066,13,6,1,729,1,9804,366507,2,part;lineitem,28138,0,0,0,0,0,0
2026-08-12T12:57:11Z,32B5737E49385EF7,18.4,queries/tpch/tpch-queries/q21/base.sql,warmup,1,1,1,3,3.673,579.512,17,6,100,2269461,1,43352824,257108,2,orders;nation;supplier;lineitem,1102431,465,0,0,7368,7368,0
2026-08-12T12:57:12Z,32B5737E49385EF7,18.4,queries/tpch/tpch-queries/q21/base.sql,warmup,2,1,1,3,3.150,585.212,17,6,100,2269461,1,43352824,257108,2,orders;nation;supplier;lineitem,1102896,0,0,0,7368,7368,0
2026-08-12T12:57:15Z,32B5737E49385EF7,18.4,queries/tpch/tpch-queries/q21/base.sql,measured,1,1,5,3,3.003,584.740,17,6,100,2269461,1,43352824,257108,2,orders;nation;supplier;lineitem,1102896,0,0,0,7369,7369,0
2026-08-12T12:57:15Z,32B5737E49385EF7,18.4,queries/tpch/tpch-queries/q21/base.sql,measured,1,2,5,3,1.478,580.482,17,6,100,2269461,1,43352824,257108,2,orders;nation;supplier;lineitem,1102890,0,0,0,7368,7368,0
2026-08-12T12:57:15Z,32B5737E49385EF7,18.4,queries/tpch/tpch-queries/q21/base.sql,measured,1,3,5,3,1.463,578.907,17,6,100,2269461,1,43352824,257108,2,orders;nation;supplier;lineitem,1102890,0,0,0,7368,7368,0
2026-08-12T12:57:15Z,32B5737E49385EF7,18.4,queries/tpch/tpch-queries/q21/base.sql,measured,1,4,5,3,1.462,570.950,17,6,100,2269461,1,43352824,257108,2,orders;nation;supplier;lineitem,1102890,0,0,0,7369,7369,0
2026-08-12T12:57:15Z,32B5737E49385EF7,18.4,queries/tpch/tpch-queries/q21/base.sql,measured,1,5,5,3,1.451,568.217,17,6,100,2269461,1,43352824,257108,2,orders;nation;supplier;lineitem,1102890,0,0,0,7368,7368,0
2026-08-12T12:57:18Z,32B5737E49385EF7,18.4,queries/tpch/tpch-queries/q21/base.sql,measured,2,1,5,3,2.923,569.990,17,6,100,2269461,1,43352824,257108,2,orders;nation;supplier;lineitem,1102896,0,0,0,7368,7368,0
2026-08-12T12:57:18Z,32B5737E49385EF7,18.4,queries/tpch/tpch-queries/q21/base.sql,measured,2,2,5,3,1.461,571.016,17,6,100,2269461,1,43352824,257108,2,orders;nation;supplier;lineitem,1102890,0,0,0,7368,7368,0
2026-08-12T12:57:18Z,32B5737E49385EF7,18.4,queries/tpch/tpch-queries/q21/base.sql,measured,2,3,5,3,1.467,566.866,17,6,100,2269461,1,43352824,257108,2,orders;nation;supplier;lineitem,1102890,0,0,0,7368,7368,0
2026-08-12T12:57:18Z,32B5737E49385EF7,18.4,queries/tpch/tpch-queries/q21/base.sql,measured,2,4,5,3,1.470,568.427,17,6,100,2269461,1,43352824,257108,2,orders;nation;supplier;lineitem,1102890,0,0,0,7368,7368,0
2026-08-12T12:57:18Z,32B5737E49385EF7,18.4,queries/tpch/tpch-queries/q21/base.sql,measured,2,5,5,3,1.449,567.114,17,6,100,2269461,1,43352824,257108,2,orders;nation;supplier;lineitem,1102890,0,0,0,7369,7369,0
2026-08-12T12:57:21Z,32B5737E49385EF7,18.4,queries/tpch/tpch-queries/q21/base.sql,measured,3,1,5,3,2.954,572.305,17,6,100,2269461,1,43352824,257108,2,orders;nation;supplier;lineitem,1102896,0,0,0,7368,7368,0
2026-08-12T12:57:21Z,32B5737E49385EF7,18.4,queries/tpch/tpch-queries/q21/base.sql,measured,3,2,5,3,1.478,570.314,17,6,100,2269461,1,43352824,257108,2,orders;nation;supplier;lineitem,1102890,0,0,0,7368,7368,0
2026-08-12T12:57:21Z,32B5737E49385EF7,18.4,queries/tpch/tpch-queries/q21/base.sql,measured,3,3,5,3,1.471,565.978,17,6,100,2269461,1,43352824,257108,2,orders;nation;supplier;lineitem,1102890,0,0,0,7369,7369,0
2026-08-12T12:57:21Z,32B5737E49385EF7,18.4,queries/tpch/tpch-queries/q21/base.sql,measured,3,4,5,3,1.452,570.421,17,6,100,2269461,1,43352824,257108,2,orders;nation;supplier;lineitem,1102890,0,0,0,7369,7369,0
2026-08-12T12:57:21Z,32B5737E49385EF7,18.4,queries/tpch/tpch-queries/q21/base.sql,measured,3,5,5,3,1.467,565.808,17,6,100,2269461,1,43352824,257108,2,orders;nation;supplier;lineitem,1102890,0,0,0,7368,7368,0
2026-08-12T12:57:21Z,32B5737E49385EF7,18.4,queries/tpch/tpch-queries/q21/v1_materialized.sql,warmup,1,1,1,3,2.482,564.064,19,8,100,2242338,1,42436378,257108,2,orders;nation;supplier;ixtest_supplier_nationkey;lineitem;_m,1102784,0,0,0,7368,7368,0
2026-08-12T12:57:22Z,32B5737E49385EF7,18.4,queries/tpch/tpch-queries/q21/v1_materialized.sql,warmup,2,1,1,3,2.539,570.184,19,8,100,2242338,1,42436378,257108,2,orders;nation;supplier;ixtest_supplier_nationkey;lineitem;_m,1102784,0,0,0,7369,7369,0
2026-08-12T12:57:25Z,32B5737E49385EF7,18.4,queries/tpch/tpch-queries/q21/v1_materialized.sql,measured,1,1,5,3,2.458,565.832,19,8,100,2242338,1,42436378,257108,2,orders;nation;supplier;ixtest_supplier_nationkey;lineitem;_m,1102784,0,0,0,7369,7369,0
2026-08-12T12:57:25Z,32B5737E49385EF7,18.4,queries/tpch/tpch-queries/q21/v1_materialized.sql,measured,1,2,5,3,1.083,575.716,19,8,100,2242338,1,42436378,257108,2,orders;nation;supplier;ixtest_supplier_nationkey;lineitem;_m,1102778,0,0,0,7368,7368,0
2026-08-12T12:57:25Z,32B5737E49385EF7,18.4,queries/tpch/tpch-queries/q21/v1_materialized.sql,measured,1,3,5,3,1.038,573.394,19,8,100,2242338,1,42436378,257108,2,orders;nation;supplier;ixtest_supplier_nationkey;lineitem;_m,1102778,0,0,0,7369,7369,0
2026-08-12T12:57:25Z,32B5737E49385EF7,18.4,queries/tpch/tpch-queries/q21/v1_materialized.sql,measured,1,4,5,3,1.038,573.476,19,8,100,2242338,1,42436378,257108,2,orders;nation;supplier;ixtest_supplier_nationkey;lineitem;_m,1102778,0,0,0,7369,7369,0
2026-08-12T12:57:25Z,32B5737E49385EF7,18.4,queries/tpch/tpch-queries/q21/v1_materialized.sql,measured,1,5,5,3,1.048,566.022,19,8,100,2242338,1,42436378,257108,2,orders;nation;supplier;ixtest_supplier_nationkey;lineitem;_m,1102778,0,0,0,7369,7369,0
2026-08-12T12:57:28Z,32B5737E49385EF7,18.4,queries/tpch/tpch-queries/q21/v1_materialized.sql,measured,2,1,5,3,2.530,560.690,19,8,100,2242338,1,42436378,257108,2,orders;nation;supplier;ixtest_supplier_nationkey;lineitem;_m,1102784,0,0,0,7368,7368,0
2026-08-12T12:57:28Z,32B5737E49385EF7,18.4,queries/tpch/tpch-queries/q21/v1_materialized.sql,measured,2,2,5,3,1.085,568.513,19,8,100,2242338,1,42436378,257108,2,orders;nation;supplier;ixtest_supplier_nationkey;lineitem;_m,1102778,0,0,0,7369,7369,0
2026-08-12T12:57:28Z,32B5737E49385EF7,18.4,queries/tpch/tpch-queries/q21/v1_materialized.sql,measured,2,3,5,3,1.054,564.228,19,8,100,2242338,1,42436378,257108,2,orders;nation;supplier;ixtest_supplier_nationkey;lineitem;_m,1102778,0,0,0,7369,7369,0
2026-08-12T12:57:28Z,32B5737E49385EF7,18.4,queries/tpch/tpch-queries/q21/v1_materialized.sql,measured,2,4,5,3,1.044,569.207,19,8,100,2242338,1,42436378,257108,2,orders;nation;supplier;ixtest_supplier_nationkey;lineitem;_m,1102778,0,0,0,7368,7368,0
2026-08-12T12:57:28Z,32B5737E49385EF7,18.4,queries/tpch/tpch-queries/q21/v1_materialized.sql,measured,2,5,5,3,1.082,561.266,19,8,100,2242338,1,42436378,257108,2,orders;nation;supplier;ixtest_supplier_nationkey;lineitem;_m,1102778,0,0,0,7368,7368,0
2026-08-12T12:57:31Z,32B5737E49385EF7,18.4,queries/tpch/tpch-queries/q21/v1_materialized.sql,measured,3,1,5,3,2.451,563.963,19,8,100,2242338,1,42436378,257108,2,orders;nation;supplier;ixtest_supplier_nationkey;lineitem;_m,1102784,0,0,0,7369,7369,0
2026-08-12T12:57:31Z,32B5737E49385EF7,18.4,queries/tpch/tpch-queries/q21/v1_materialized.sql,measured,3,2,5,3,1.085,574.302,19,8,100,2242338,1,42436378,257108,2,orders;nation;supplier;ixtest_supplier_nationkey;lineitem;_m,1102778,0,0,0,7368,7368,0
2026-08-12T12:57:31Z,32B5737E49385EF7,18.4,queries/tpch/tpch-queries/q21/v1_materialized.sql,measured,3,3,5,3,1.050,568.029,19,8,100,2242338,1,42436378,257108,2,orders;nation;supplier;ixtest_supplier_nationkey;lineitem;_m,1102778,0,0,0,7369,7369,0
2026-08-12T12:57:31Z,32B5737E49385EF7,18.4,queries/tpch/tpch-queries/q21/v1_materialized.sql,measured,3,4,5,3,1.047,565.677,19,8,100,2242338,1,42436378,257108,2,orders;nation;supplier;ixtest_supplier_nationkey;lineitem;_m,1102778,0,0,0,7369,7369,0
2026-08-12T12:57:31Z,32B5737E49385EF7,18.4,queries/tpch/tpch-queries/q21/v1_materialized.sql,measured,3,5,5,3,1.047,564.162,19,8,100,2242338,1,42436378,257108,2,orders;nation;supplier;ixtest_supplier_nationkey;lineitem;_m,1102778,0,0,0,7369,7369,0
2026-08-12T12:57:31Z,32B5737E49385EF7,18.4,queries/tpch/tpch-queries/q22/base.sql,warmup,1,1,1,3,1.191,62.837,10,3,7,76283,730,1451186,80960,2,customer;orders,64227,0,0,0,0,0,0
2026-08-12T12:57:31Z,32B5737E49385EF7,18.4,queries/tpch/tpch-queries/q22/base.sql,warmup,2,1,1,3,1.180,54.104,10,3,7,76283,730,1451186,80960,2,customer;orders,64227,0,0,0,0,0,0
2026-08-12T12:57:31Z,32B5737E49385EF7,18.4,queries/tpch/tpch-queries/q22/base.sql,measured,1,1,5,3,1.190,54.190,10,3,7,76283,730,1451186,80960,2,customer;orders,64227,0,0,0,0,0,0
2026-08-12T12:57:31Z,32B5737E49385EF7,18.4,queries/tpch/tpch-queries/q22/base.sql,measured,1,2,5,3,0.254,53.101,10,3,7,76283,730,1451186,80960,2,customer;orders,64227,0,0,0,0,0,0
2026-08-12T12:57:31Z,32B5737E49385EF7,18.4,queries/tpch/tpch-queries/q22/base.sql,measured,1,3,5,3,0.267,52.535,10,3,7,76283,730,1451186,80960,2,customer;orders,64227,0,0,0,0,0,0
2026-08-12T12:57:31Z,32B5737E49385EF7,18.4,queries/tpch/tpch-queries/q22/base.sql,measured,1,4,5,3,0.262,52.544,10,3,7,76283,730,1451186,80960,2,customer;orders,64227,0,0,0,0,0,0
2026-08-12T12:57:31Z,32B5737E49385EF7,18.4,queries/tpch/tpch-queries/q22/base.sql,measured,1,5,5,3,0.263,52.688,10,3,7,76283,730,1451186,80960,2,customer;orders,64227,0,0,0,0,0,0
2026-08-12T12:57:32Z,32B5737E49385EF7,18.4,queries/tpch/tpch-queries/q22/base.sql,measured,2,1,5,3,1.717,80.305,10,3,7,76283,730,1451186,80960,2,customer;orders,64227,0,0,0,0,0,0
2026-08-12T12:57:32Z,32B5737E49385EF7,18.4,queries/tpch/tpch-queries/q22/base.sql,measured,2,2,5,3,0.349,73.428,10,3,7,76283,730,1451186,80960,2,customer;orders,64227,0,0,0,0,0,0
2026-08-12T12:57:32Z,32B5737E49385EF7,18.4,queries/tpch/tpch-queries/q22/base.sql,measured,2,3,5,3,0.255,52.589,10,3,7,76283,730,1451186,80960,2,customer;orders,64227,0,0,0,0,0,0
2026-08-12T12:57:32Z,32B5737E49385EF7,18.4,queries/tpch/tpch-queries/q22/base.sql,measured,2,4,5,3,0.269,52.884,10,3,7,76283,730,1451186,80960,2,customer;orders,64227,0,0,0,0,0,0
2026-08-12T12:57:32Z,32B5737E49385EF7,18.4,queries/tpch/tpch-queries/q22/base.sql,measured,2,5,5,3,0.261,54.485,10,3,7,76283,730,1451186,80960,2,customer;orders,64227,0,0,0,0,0,0
2026-08-12T12:57:32Z,32B5737E49385EF7,18.4,queries/tpch/tpch-queries/q22/base.sql,measured,3,1,5,3,1.935,95.801,10,3,7,76283,730,1451186,80960,2,customer;orders,64227,0,0,0,0,0,0
2026-08-12T12:57:32Z,32B5737E49385EF7,18.4,queries/tpch/tpch-queries/q22/base.sql,measured,3,2,5,3,0.277,52.770,10,3,7,76283,730,1451186,80960,2,customer;orders,64227,0,0,0,0,0,0
2026-08-12T12:57:32Z,32B5737E49385EF7,18.4,queries/tpch/tpch-queries/q22/base.sql,measured,3,3,5,3,0.270,52.683,10,3,7,76283,730,1451186,80960,2,customer;orders,64227,0,0,0,0,0,0
2026-08-12T12:57:32Z,32B5737E49385EF7,18.4,queries/tpch/tpch-queries/q22/base.sql,measured,3,4,5,3,0.257,52.392,10,3,7,76283,730,1451186,80960,2,customer;orders,64227,0,0,0,0,0,0
2026-08-12T12:57:32Z,32B5737E49385EF7,18.4,queries/tpch/tpch-queries/q22/base.sql,measured,3,5,5,3,0.257,52.410,10,3,7,76283,730,1451186,80960,2,customer;orders,64227,0,0,0,0,0,0
2026-08-12T12:57:32Z,32B5737E49385EF7,18.4,queries/tpch/tpch-queries/q22/v1_materialized.sql,warmup,1,1,1,3,1.780,87.445,11,4,7,76290,730,1451690,80960,2,_m;customer;orders,64227,0,0,0,0,0,0
2026-08-12T12:57:32Z,32B5737E49385EF7,18.4,queries/tpch/tpch-queries/q22/v1_materialized.sql,warmup,2,1,1,3,1.228,54.393,11,4,7,76290,730,1451690,80960,2,_m;customer;orders,64227,0,0,0,0,0,0
2026-08-12T12:57:33Z,32B5737E49385EF7,18.4,queries/tpch/tpch-queries/q22/v1_materialized.sql,measured,1,1,5,3,1.257,65.478,11,4,7,76290,730,1451690,80960,2,_m;customer;orders,64227,0,0,0,0,0,0
2026-08-12T12:57:33Z,32B5737E49385EF7,18.4,queries/tpch/tpch-queries/q22/v1_materialized.sql,measured,1,2,5,3,0.285,53.077,11,4,7,76290,730,1451690,80960,2,_m;customer;orders,64227,0,0,0,0,0,0
2026-08-12T12:57:33Z,32B5737E49385EF7,18.4,queries/tpch/tpch-queries/q22/v1_materialized.sql,measured,1,3,5,3,0.273,52.683,11,4,7,76290,730,1451690,80960,2,_m;customer;orders,64227,0,0,0,0,0,0
2026-08-12T12:57:33Z,32B5737E49385EF7,18.4,queries/tpch/tpch-queries/q22/v1_materialized.sql,measured,1,4,5,3,0.272,53.812,11,4,7,76290,730,1451690,80960,2,_m;customer;orders,64227,0,0,0,0,0,0
2026-08-12T12:57:33Z,32B5737E49385EF7,18.4,queries/tpch/tpch-queries/q22/v1_materialized.sql,measured,1,5,5,3,0.271,52.781,11,4,7,76290,730,1451690,80960,2,_m;customer;orders,64227,0,0,0,0,0,0
2026-08-12T12:57:33Z,32B5737E49385EF7,18.4,queries/tpch/tpch-queries/q22/v1_materialized.sql,measured,2,1,5,3,1.776,86.351,11,4,7,76290,730,1451690,80960,2,_m;customer;orders,64227,0,0,0,0,0,0
2026-08-12T12:57:33Z,32B5737E49385EF7,18.4,queries/tpch/tpch-queries/q22/v1_materialized.sql,measured,2,2,5,3,0.315,52.805,11,4,7,76290,730,1451690,80960,2,_m;customer;orders,64227,0,0,0,0,0,0
2026-08-12T12:57:33Z,32B5737E49385EF7,18.4,queries/tpch/tpch-queries/q22/v1_materialized.sql,measured,2,3,5,3,0.273,52.590,11,4,7,76290,730,1451690,80960,2,_m;customer;orders,64227,0,0,0,0,0,0
2026-08-12T12:57:33Z,32B5737E49385EF7,18.4,queries/tpch/tpch-queries/q22/v1_materialized.sql,measured,2,4,5,3,0.282,52.410,11,4,7,76290,730,1451690,80960,2,_m;customer;orders,64227,0,0,0,0,0,0
2026-08-12T12:57:33Z,32B5737E49385EF7,18.4,queries/tpch/tpch-queries/q22/v1_materialized.sql,measured,2,5,5,3,0.276,52.767,11,4,7,76290,730,1451690,80960,2,_m;customer;orders,64227,0,0,0,0,0,0
2026-08-12T12:57:33Z,32B5737E49385EF7,18.4,queries/tpch/tpch-queries/q22/v1_materialized.sql,measured,3,1,5,3,1.793,84.739,11,4,7,76290,730,1451690,80960,2,_m;customer;orders,64227,0,0,0,0,0,0
2026-08-12T12:57:33Z,32B5737E49385EF7,18.4,queries/tpch/tpch-queries/q22/v1_materialized.sql,measured,3,2,5,3,0.310,53.047,11,4,7,76290,730,1451690,80960,2,_m;customer;orders,64227,0,0,0,0,0,0
2026-08-12T12:57:33Z,32B5737E49385EF7,18.4,queries/tpch/tpch-queries/q22/v1_materialized.sql,measured,3,3,5,3,0.270,52.804,11,4,7,76290,730,1451690,80960,2,_m;customer;orders,64227,0,0,0,0,0,0
2026-08-12T12:57:33Z,32B5737E49385EF7,18.4,queries/tpch/tpch-queries/q22/v1_materialized.sql,measured,3,4,5,3,0.276,52.601,11,4,7,76290,730,1451690,80960,2,_m;customer;orders,64227,0,0,0,0,0,0
2026-08-12T12:57:33Z,32B5737E49385EF7,18.4,queries/tpch/tpch-queries/q22/v1_materialized.sql,measured,3,5,5,3,0.277,52.679,11,4,7,76290,730,1451690,80960,2,_m;customer;orders,64227,0,0,0,0,0,0
2026-08-12T12:57:34Z,32B5737E49385EF7,18.4,queries/tpch/tpch-queries/q22/v2_anti_join.sql,warmup,1,1,1,3,1.770,155.999,10,3,7,266283,1,2971186,144316,2,customer;orders,254223,0,0,0,0,0,0
2026-08-12T12:57:34Z,32B5737E49385EF7,18.4,queries/tpch/tpch-queries/q22/v2_anti_join.sql,warmup,2,1,1,3,1.205,129.338,10,3,7,266283,1,2971186,144316,2,customer;orders,254223,0,0,0,0,0,0
2026-08-12T12:57:35Z,32B5737E49385EF7,18.4,queries/tpch/tpch-queries/q22/v2_anti_join.sql,measured,1,1,5,3,1.429,138.053,10,3,7,266283,1,2971186,144316,2,customer;orders,254223,0,0,0,0,0,0
2026-08-12T12:57:35Z,32B5737E49385EF7,18.4,queries/tpch/tpch-queries/q22/v2_anti_join.sql,measured,1,2,5,3,0.320,119.401,10,3,7,266283,1,2971186,144316,2,customer;orders,254220,0,0,0,0,0,0
2026-08-12T12:57:35Z,32B5737E49385EF7,18.4,queries/tpch/tpch-queries/q22/v2_anti_join.sql,measured,1,3,5,3,0.323,118.993,10,3,7,266283,1,2971186,144316,2,customer;orders,254220,0,0,0,0,0,0
2026-08-12T12:57:35Z,32B5737E49385EF7,18.4,queries/tpch/tpch-queries/q22/v2_anti_join.sql,measured,1,4,5,3,0.325,119.286,10,3,7,266283,1,2971186,144316,2,customer;orders,254220,0,0,0,0,0,0
2026-08-12T12:57:35Z,32B5737E49385EF7,18.4,queries/tpch/tpch-queries/q22/v2_anti_join.sql,measured,1,5,5,3,0.325,119.848,10,3,7,266283,1,2971186,144316,2,customer;orders,254220,0,0,0,0,0,0
2026-08-12T12:57:35Z,32B5737E49385EF7,18.4,queries/tpch/tpch-queries/q22/v2_anti_join.sql,measured,2,1,5,3,2.548,166.832,10,3,7,266283,1,2971186,144316,2,customer;orders,254223,0,0,0,0,0,0
2026-08-12T12:57:35Z,32B5737E49385EF7,18.4,queries/tpch/tpch-queries/q22/v2_anti_join.sql,measured,2,2,5,3,0.315,123.870,10,3,7,266283,1,2971186,144316,2,customer;orders,254220,0,0,0,0,0,0
2026-08-12T12:57:35Z,32B5737E49385EF7,18.4,queries/tpch/tpch-queries/q22/v2_anti_join.sql,measured,2,3,5,3,0.324,119.118,10,3,7,266283,1,2971186,144316,2,customer;orders,254220,0,0,0,0,0,0
2026-08-12T12:57:35Z,32B5737E49385EF7,18.4,queries/tpch/tpch-queries/q22/v2_anti_join.sql,measured,2,4,5,3,0.310,119.187,10,3,7,266283,1,2971186,144316,2,customer;orders,254220,0,0,0,0,0,0
2026-08-12T12:57:35Z,32B5737E49385EF7,18.4,queries/tpch/tpch-queries/q22/v2_anti_join.sql,measured,2,5,5,3,0.305,117.773,10,3,7,266283,1,2971186,144316,2,customer;orders,254220,0,0,0,0,0,0
2026-08-12T12:57:36Z,32B5737E49385EF7,18.4,queries/tpch/tpch-queries/q22/v2_anti_join.sql,measured,3,1,5,3,2.042,165.167,10,3,7,266283,1,2971186,144316,2,customer;orders,254223,0,0,0,0,0,0
2026-08-12T12:57:36Z,32B5737E49385EF7,18.4,queries/tpch/tpch-queries/q22/v2_anti_join.sql,measured,3,2,5,3,0.307,117.437,10,3,7,266283,1,2971186,144316,2,customer;orders,254220,0,0,0,0,0,0
2026-08-12T12:57:36Z,32B5737E49385EF7,18.4,queries/tpch/tpch-queries/q22/v2_anti_join.sql,measured,3,3,5,3,0.307,120.084,10,3,7,266283,1,2971186,144316,2,customer;orders,254220,0,0,0,0,0,0
2026-08-12T12:57:36Z,32B5737E49385EF7,18.4,queries/tpch/tpch-queries/q22/v2_anti_join.sql,measured,3,4,5,3,0.310,119.200,10,3,7,266283,1,2971186,144316,2,customer;orders,254220,0,0,0,0,0,0
2026-08-12T12:57:36Z,32B5737E49385EF7,18.4,queries/tpch/tpch-queries/q22/v2_anti_join.sql,measured,3,5,5,3,0.302,117.845,10,3,7,266283,1,2971186,144316,2,customer;orders,254220,0,0,0,0,0,0
