===== [1/324] queries/stackoverflow/SQLStorm/5502.sql run_id=7B683DD5C7FE6C90 =====
query_runner configuration:
  QUERY_DIR         = queries/stackoverflow/SQLStorm/5502.sql
  LOGS_DIR          = logs/compare/warm_stepup/compare_server001_s1_20261004T161823Z  (query_timing_/query_samples_/query_catalog_stackoverflow_1gb.csv)
  DB_NAME / DB_USER = stackoverflow_1gb / postgres
  PGPORT            = 5432  (server reports 18.6)
  RUN_ID            = 7B683DD5C7FE6C90
  WARMUP            = 2 single-copy warm-ups (the first primes the cache)
  BATCH_SIZES       = 1 16  x RUNS=1 measured batches each
  WORKERS           = (planner default)
  STATEMENT_TIMEOUT = 15
  THERMAL_EQUALISE  = gate (T_LO=40 T_HI=60 preheat<=60s cooldown<=120s)
  sensors           = pkg:/sys/class/hwmon/hwmon8/temp1_input cores:4 cpufreq:8 throttle:8/8
  WARMUP_FAIL_SKIP  = on (a failed warm-up skips the query's measured batches)
  IDLE_BASELINE_S   = 5.0 s before each query's measured batches
  SIGLESS_ADDR      = (disabled)
Found 1 query under queries/stackoverflow/SQLStorm/5502.sql

RAPL: powercap, 1 package, domains: pkg core gpu/uncore dram

Catalog snapshot: 26 relations -> logs/compare/warm_stepup/compare_server001_s1_20261004T161823Z/query_catalog_stackoverflow_1gb.csv
[1/1] queries/stackoverflow/SQLStorm/5502.sql (2 warmup + step-up 1 16 x1)
  thermal gate: pre-heated 5s -> 43.0 C
  warmup 1/2: 0.936296 sec (cache prime)
  warmup 2/2: 0.682786 sec
  idle baseline: 5.0s, package 0.437 W, dram 0.257 W
  N=1   batch 1/1: 0.679498 sec, 1 copy (server sum 622.406 ms)
  N=16  batch 1/1: 9.834175 sec, 16 copies (server sum 9756.067 ms)
  done: 2 sizes x 1 run (0 failures)

Done. Batch rows appended to logs/compare/warm_stepup/compare_server001_s1_20261004T161823Z/query_timing_stackoverflow_1gb.csv
Per-copy samples appended to logs/compare/warm_stepup/compare_server001_s1_20261004T161823Z/query_samples_stackoverflow_1gb.csv
Relation sizes appended to logs/compare/warm_stepup/compare_server001_s1_20261004T161823Z/query_catalog_stackoverflow_1gb.csv
Idle baselines appended to logs/compare/warm_stepup/compare_server001_s1_20261004T161823Z/query_idle_stackoverflow_1gb.csv
Machine identity appended to logs/compare/warm_stepup/compare_server001_s1_20261004T161823Z/query_runinfo_stackoverflow_1gb.csv
Last batch ended at epoch 1791130733.440 (PREV_END_EPOCH for the next invocation)
===== [2/324] queries/stackoverflow/SQLStorm/7612.sql run_id=63E4A72B471310F9 =====
query_runner configuration:
  QUERY_DIR         = queries/stackoverflow/SQLStorm/7612.sql
  LOGS_DIR          = logs/compare/warm_stepup/compare_server001_s1_20261004T161823Z  (query_timing_/query_samples_/query_catalog_stackoverflow_1gb.csv)
  DB_NAME / DB_USER = stackoverflow_1gb / postgres
  PGPORT            = 5432  (server reports 18.6)
  RUN_ID            = 63E4A72B471310F9
  WARMUP            = 2 single-copy warm-ups (the first primes the cache)
  BATCH_SIZES       = 1 16  x RUNS=1 measured batches each
  WORKERS           = (planner default)
  STATEMENT_TIMEOUT = 15
  THERMAL_EQUALISE  = gate (T_LO=40 T_HI=60 preheat<=60s cooldown<=120s)
  sensors           = pkg:/sys/class/hwmon/hwmon8/temp1_input cores:4 cpufreq:8 throttle:8/8
  WARMUP_FAIL_SKIP  = on (a failed warm-up skips the query's measured batches)
  IDLE_BASELINE_S   = 5.0 s before each query's measured batches
  SIGLESS_ADDR      = (disabled)
Found 1 query under queries/stackoverflow/SQLStorm/7612.sql

RAPL: powercap, 1 package, domains: pkg core gpu/uncore dram

[1/1] queries/stackoverflow/SQLStorm/7612.sql (2 warmup + step-up 1 16 x1)
  warmup 1/2: 1.728395 sec (cache prime)
  warmup 2/2: 1.083573 sec
  idle baseline: 5.0s, package 0.434 W, dram 0.255 W
  N=1   batch 1/1: 1.076586 sec, 1 copy (server sum 1019.024 ms)
  N=16  batch 1/1: 15.893634 sec, 16 copies (server sum 15806.908 ms)
  done: 2 sizes x 1 run (0 failures)

Done. Batch rows appended to logs/compare/warm_stepup/compare_server001_s1_20261004T161823Z/query_timing_stackoverflow_1gb.csv
Per-copy samples appended to logs/compare/warm_stepup/compare_server001_s1_20261004T161823Z/query_samples_stackoverflow_1gb.csv
Idle baselines appended to logs/compare/warm_stepup/compare_server001_s1_20261004T161823Z/query_idle_stackoverflow_1gb.csv
Machine identity appended to logs/compare/warm_stepup/compare_server001_s1_20261004T161823Z/query_runinfo_stackoverflow_1gb.csv
Last batch ended at epoch 1791130761.686 (PREV_END_EPOCH for the next invocation)
===== [3/324] queries/stackoverflow/SQLStorm/16399.sql run_id=1CF4CCA6C496EAA6 =====
query_runner configuration:
  QUERY_DIR         = queries/stackoverflow/SQLStorm/16399.sql
  LOGS_DIR          = logs/compare/warm_stepup/compare_server001_s1_20261004T161823Z  (query_timing_/query_samples_/query_catalog_stackoverflow_1gb.csv)
  DB_NAME / DB_USER = stackoverflow_1gb / postgres
  PGPORT            = 5432  (server reports 18.6)
  RUN_ID            = 1CF4CCA6C496EAA6
  WARMUP            = 2 single-copy warm-ups (the first primes the cache)
  BATCH_SIZES       = 1 16  x RUNS=1 measured batches each
  WORKERS           = (planner default)
  STATEMENT_TIMEOUT = 15
  THERMAL_EQUALISE  = gate (T_LO=40 T_HI=60 preheat<=60s cooldown<=120s)
  sensors           = pkg:/sys/class/hwmon/hwmon8/temp1_input cores:4 cpufreq:8 throttle:8/8
  WARMUP_FAIL_SKIP  = on (a failed warm-up skips the query's measured batches)
  IDLE_BASELINE_S   = 5.0 s before each query's measured batches
  SIGLESS_ADDR      = (disabled)
Found 1 query under queries/stackoverflow/SQLStorm/16399.sql

RAPL: powercap, 1 package, domains: pkg core gpu/uncore dram

[1/1] queries/stackoverflow/SQLStorm/16399.sql (2 warmup + step-up 1 16 x1)
  warmup 1/2: 0.248562 sec (cache prime)
  warmup 2/2: 0.100846 sec
  idle baseline: 5.0s, package 0.424 W, dram 0.256 W
  N=1   batch 1/1: 0.099743 sec, 1 copy (server sum 44.732 ms)
  N=16  batch 1/1: 0.760862 sec, 16 copies (server sum 694.844 ms)
  done: 2 sizes x 1 run (0 failures)

Done. Batch rows appended to logs/compare/warm_stepup/compare_server001_s1_20261004T161823Z/query_timing_stackoverflow_1gb.csv
Per-copy samples appended to logs/compare/warm_stepup/compare_server001_s1_20261004T161823Z/query_samples_stackoverflow_1gb.csv
Idle baselines appended to logs/compare/warm_stepup/compare_server001_s1_20261004T161823Z/query_idle_stackoverflow_1gb.csv
Machine identity appended to logs/compare/warm_stepup/compare_server001_s1_20261004T161823Z/query_runinfo_stackoverflow_1gb.csv
Last batch ended at epoch 1791130771.488 (PREV_END_EPOCH for the next invocation)
===== [4/324] queries/stackoverflow/SQLStorm/20804.sql run_id=BE1EAD298F4DE069 =====
query_runner configuration:
  QUERY_DIR         = queries/stackoverflow/SQLStorm/20804.sql
  LOGS_DIR          = logs/compare/warm_stepup/compare_server001_s1_20261004T161823Z  (query_timing_/query_samples_/query_catalog_stackoverflow_1gb.csv)
  DB_NAME / DB_USER = stackoverflow_1gb / postgres
  PGPORT            = 5432  (server reports 18.6)
  RUN_ID            = BE1EAD298F4DE069
  WARMUP            = 2 single-copy warm-ups (the first primes the cache)
  BATCH_SIZES       = 1 16  x RUNS=1 measured batches each
  WORKERS           = (planner default)
  STATEMENT_TIMEOUT = 15
  THERMAL_EQUALISE  = gate (T_LO=40 T_HI=60 preheat<=60s cooldown<=120s)
  sensors           = pkg:/sys/class/hwmon/hwmon8/temp1_input cores:4 cpufreq:8 throttle:8/8
  WARMUP_FAIL_SKIP  = on (a failed warm-up skips the query's measured batches)
  IDLE_BASELINE_S   = 5.0 s before each query's measured batches
  SIGLESS_ADDR      = (disabled)
Found 1 query under queries/stackoverflow/SQLStorm/20804.sql

RAPL: powercap, 1 package, domains: pkg core gpu/uncore dram

[1/1] queries/stackoverflow/SQLStorm/20804.sql (2 warmup + step-up 1 16 x1)
  warmup 1/2: 1.206927 sec (cache prime)
  warmup 2/2: 0.849366 sec
  idle baseline: 5.0s, package 0.449 W, dram 0.257 W
  N=1   batch 1/1: 0.846683 sec, 1 copy (server sum 787.991 ms)
  N=16  batch 1/1: 11.617010 sec, 16 copies (server sum 11526.891 ms)
  done: 2 sizes x 1 run (0 failures)

Done. Batch rows appended to logs/compare/warm_stepup/compare_server001_s1_20261004T161823Z/query_timing_stackoverflow_1gb.csv
Per-copy samples appended to logs/compare/warm_stepup/compare_server001_s1_20261004T161823Z/query_samples_stackoverflow_1gb.csv
Idle baselines appended to logs/compare/warm_stepup/compare_server001_s1_20261004T161823Z/query_idle_stackoverflow_1gb.csv
Machine identity appended to logs/compare/warm_stepup/compare_server001_s1_20261004T161823Z/query_runinfo_stackoverflow_1gb.csv
Last batch ended at epoch 1791130794.499 (PREV_END_EPOCH for the next invocation)
===== [5/324] queries/stackoverflow/SQLStorm/21497.sql run_id=A7FDFF1BC0598473 =====
query_runner configuration:
  QUERY_DIR         = queries/stackoverflow/SQLStorm/21497.sql
  LOGS_DIR          = logs/compare/warm_stepup/compare_server001_s1_20261004T161823Z  (query_timing_/query_samples_/query_catalog_stackoverflow_1gb.csv)
  DB_NAME / DB_USER = stackoverflow_1gb / postgres
  PGPORT            = 5432  (server reports 18.6)
  RUN_ID            = A7FDFF1BC0598473
  WARMUP            = 2 single-copy warm-ups (the first primes the cache)
  BATCH_SIZES       = 1 16  x RUNS=1 measured batches each
  WORKERS           = (planner default)
  STATEMENT_TIMEOUT = 15
  THERMAL_EQUALISE  = gate (T_LO=40 T_HI=60 preheat<=60s cooldown<=120s)
  sensors           = pkg:/sys/class/hwmon/hwmon8/temp1_input cores:4 cpufreq:8 throttle:8/8
  WARMUP_FAIL_SKIP  = on (a failed warm-up skips the query's measured batches)
  IDLE_BASELINE_S   = 5.0 s before each query's measured batches
  SIGLESS_ADDR      = (disabled)
Found 1 query under queries/stackoverflow/SQLStorm/21497.sql

RAPL: powercap, 1 package, domains: pkg core gpu/uncore dram

[1/1] queries/stackoverflow/SQLStorm/21497.sql (2 warmup + step-up 1 16 x1)
  warmup 1/2: 1.451695 sec (cache prime)
  warmup 2/2: 0.875842 sec
  idle baseline: 5.0s, package 0.464 W, dram 0.256 W
  N=1   batch 1/1: 0.890716 sec, 1 copy (server sum 815.897 ms)
  N=16  batch 1/1: 12.354864 sec, 16 copies (server sum 12227.044 ms)
  done: 2 sizes x 1 run (0 failures)

Done. Batch rows appended to logs/compare/warm_stepup/compare_server001_s1_20261004T161823Z/query_timing_stackoverflow_1gb.csv
Per-copy samples appended to logs/compare/warm_stepup/compare_server001_s1_20261004T161823Z/query_samples_stackoverflow_1gb.csv
Idle baselines appended to logs/compare/warm_stepup/compare_server001_s1_20261004T161823Z/query_idle_stackoverflow_1gb.csv
Machine identity appended to logs/compare/warm_stepup/compare_server001_s1_20261004T161823Z/query_runinfo_stackoverflow_1gb.csv
Last batch ended at epoch 1791130818.708 (PREV_END_EPOCH for the next invocation)
===== [6/324] compare/probes/probe_cpu.sql run_id=DA389DA946AD1DC2 =====
query_runner configuration:
  QUERY_DIR         = compare/probes/probe_cpu.sql
  LOGS_DIR          = logs/compare/warm_stepup/compare_server001_s1_20261004T161823Z  (query_timing_/query_samples_/query_catalog_stackoverflow_1gb.csv)
  DB_NAME / DB_USER = stackoverflow_1gb / postgres
  PGPORT            = 5432  (server reports 18.6)
  RUN_ID            = DA389DA946AD1DC2
  WARMUP            = 2 single-copy warm-ups (the first primes the cache)
  BATCH_SIZES       = 1 16  x RUNS=1 measured batches each
  WORKERS           = (planner default)
  STATEMENT_TIMEOUT = 15
  THERMAL_EQUALISE  = gate (T_LO=40 T_HI=60 preheat<=60s cooldown<=120s)
  sensors           = pkg:/sys/class/hwmon/hwmon8/temp1_input cores:4 cpufreq:8 throttle:8/8
  WARMUP_FAIL_SKIP  = on (a failed warm-up skips the query's measured batches)
  IDLE_BASELINE_S   = 5.0 s before each query's measured batches
  SIGLESS_ADDR      = (disabled)
Found 1 query under compare/probes/probe_cpu.sql

RAPL: powercap, 1 package, domains: pkg core gpu/uncore dram

[1/1] compare/probes/probe_cpu.sql (2 warmup + step-up 1 16 x1)
  warmup 1/2: 1.745184 sec (cache prime)
  warmup 2/2: 1.617598 sec
  idle baseline: 5.0s, package 1.130 W, dram 0.273 W
  N=1   batch 1/1: 1.626295 sec, 0 copies
  N=16  batch 1/1: 24.915635 sec, 0 copies
  done: 2 sizes x 1 run (0 failures)

Done. Batch rows appended to logs/compare/warm_stepup/compare_server001_s1_20261004T161823Z/query_timing_stackoverflow_1gb.csv
Per-copy samples appended to logs/compare/warm_stepup/compare_server001_s1_20261004T161823Z/query_samples_stackoverflow_1gb.csv
Idle baselines appended to logs/compare/warm_stepup/compare_server001_s1_20261004T161823Z/query_idle_stackoverflow_1gb.csv
Machine identity appended to logs/compare/warm_stepup/compare_server001_s1_20261004T161823Z/query_runinfo_stackoverflow_1gb.csv
Last batch ended at epoch 1791130857.381 (PREV_END_EPOCH for the next invocation)
===== [7/324] queries/stackoverflow/SQLStorm/8072.sql run_id=A1D7B64F333879E1 =====
query_runner configuration:
  QUERY_DIR         = queries/stackoverflow/SQLStorm/8072.sql
  LOGS_DIR          = logs/compare/warm_stepup/compare_server001_s1_20261004T161823Z  (query_timing_/query_samples_/query_catalog_stackoverflow_1gb.csv)
  DB_NAME / DB_USER = stackoverflow_1gb / postgres
  PGPORT            = 5432  (server reports 18.6)
  RUN_ID            = A1D7B64F333879E1
  WARMUP            = 2 single-copy warm-ups (the first primes the cache)
  BATCH_SIZES       = 1 16  x RUNS=1 measured batches each
  WORKERS           = (planner default)
  STATEMENT_TIMEOUT = 15
  THERMAL_EQUALISE  = gate (T_LO=40 T_HI=60 preheat<=60s cooldown<=120s)
  sensors           = pkg:/sys/class/hwmon/hwmon8/temp1_input cores:4 cpufreq:8 throttle:8/8
  WARMUP_FAIL_SKIP  = on (a failed warm-up skips the query's measured batches)
  IDLE_BASELINE_S   = 5.0 s before each query's measured batches
  SIGLESS_ADDR      = (disabled)
Found 1 query under queries/stackoverflow/SQLStorm/8072.sql

RAPL: powercap, 1 package, domains: pkg core gpu/uncore dram

[1/1] queries/stackoverflow/SQLStorm/8072.sql (2 warmup + step-up 1 16 x1)
  warmup 1/2: 3.026543 sec (cache prime)
  warmup 2/2: 2.535372 sec
  idle baseline: 5.0s, package 0.443 W, dram 0.256 W
  N=1   batch 1/1: 2.523339 sec, 1 copy (server sum 2463.837 ms)
  N=16  batch 1/1: 37.399650 sec, 16 copies (server sum 37306.130 ms)
  done: 2 sizes x 1 run (0 failures)

Done. Batch rows appended to logs/compare/warm_stepup/compare_server001_s1_20261004T161823Z/query_timing_stackoverflow_1gb.csv
Per-copy samples appended to logs/compare/warm_stepup/compare_server001_s1_20261004T161823Z/query_samples_stackoverflow_1gb.csv
Idle baselines appended to logs/compare/warm_stepup/compare_server001_s1_20261004T161823Z/query_idle_stackoverflow_1gb.csv
Machine identity appended to logs/compare/warm_stepup/compare_server001_s1_20261004T161823Z/query_runinfo_stackoverflow_1gb.csv
Last batch ended at epoch 1791130911.145 (PREV_END_EPOCH for the next invocation)
===== [8/324] queries/stackoverflow/SQLStorm/21884.sql run_id=4F7F8F8A5D5F708A =====
query_runner configuration:
  QUERY_DIR         = queries/stackoverflow/SQLStorm/21884.sql
  LOGS_DIR          = logs/compare/warm_stepup/compare_server001_s1_20261004T161823Z  (query_timing_/query_samples_/query_catalog_stackoverflow_1gb.csv)
  DB_NAME / DB_USER = stackoverflow_1gb / postgres
  PGPORT            = 5432  (server reports 18.6)
  RUN_ID            = 4F7F8F8A5D5F708A
  WARMUP            = 2 single-copy warm-ups (the first primes the cache)
  BATCH_SIZES       = 1 16  x RUNS=1 measured batches each
  WORKERS           = (planner default)
  STATEMENT_TIMEOUT = 15
  THERMAL_EQUALISE  = gate (T_LO=40 T_HI=60 preheat<=60s cooldown<=120s)
  sensors           = pkg:/sys/class/hwmon/hwmon8/temp1_input cores:4 cpufreq:8 throttle:8/8
  WARMUP_FAIL_SKIP  = on (a failed warm-up skips the query's measured batches)
  IDLE_BASELINE_S   = 5.0 s before each query's measured batches
  SIGLESS_ADDR      = (disabled)
Found 1 query under queries/stackoverflow/SQLStorm/21884.sql

RAPL: powercap, 1 package, domains: pkg core gpu/uncore dram

[1/1] queries/stackoverflow/SQLStorm/21884.sql (2 warmup + step-up 1 16 x1)
  warmup 1/2: 1.375971 sec (cache prime)
  warmup 2/2: 0.686548 sec
  idle baseline: 5.0s, package 0.421 W, dram 0.256 W
  N=1   batch 1/1: 0.688544 sec, 1 copy (server sum 630.718 ms)
  N=16  batch 1/1: 9.667182 sec, 16 copies (server sum 9575.267 ms)
  done: 2 sizes x 1 run (0 failures)

Done. Batch rows appended to logs/compare/warm_stepup/compare_server001_s1_20261004T161823Z/query_timing_stackoverflow_1gb.csv
Per-copy samples appended to logs/compare/warm_stepup/compare_server001_s1_20261004T161823Z/query_samples_stackoverflow_1gb.csv
Idle baselines appended to logs/compare/warm_stepup/compare_server001_s1_20261004T161823Z/query_idle_stackoverflow_1gb.csv
Machine identity appended to logs/compare/warm_stepup/compare_server001_s1_20261004T161823Z/query_runinfo_stackoverflow_1gb.csv
Last batch ended at epoch 1791130932.175 (PREV_END_EPOCH for the next invocation)
===== [9/324] queries/stackoverflow/SQLStorm/4452.sql run_id=EA59BF99DD0A35CC =====
query_runner configuration:
  QUERY_DIR         = queries/stackoverflow/SQLStorm/4452.sql
  LOGS_DIR          = logs/compare/warm_stepup/compare_server001_s1_20261004T161823Z  (query_timing_/query_samples_/query_catalog_stackoverflow_1gb.csv)
  DB_NAME / DB_USER = stackoverflow_1gb / postgres
  PGPORT            = 5432  (server reports 18.6)
  RUN_ID            = EA59BF99DD0A35CC
  WARMUP            = 2 single-copy warm-ups (the first primes the cache)
  BATCH_SIZES       = 1 16  x RUNS=1 measured batches each
  WORKERS           = (planner default)
  STATEMENT_TIMEOUT = 15
  THERMAL_EQUALISE  = gate (T_LO=40 T_HI=60 preheat<=60s cooldown<=120s)
  sensors           = pkg:/sys/class/hwmon/hwmon8/temp1_input cores:4 cpufreq:8 throttle:8/8
  WARMUP_FAIL_SKIP  = on (a failed warm-up skips the query's measured batches)
  IDLE_BASELINE_S   = 5.0 s before each query's measured batches
  SIGLESS_ADDR      = (disabled)
Found 1 query under queries/stackoverflow/SQLStorm/4452.sql

RAPL: powercap, 1 package, domains: pkg core gpu/uncore dram

[1/1] queries/stackoverflow/SQLStorm/4452.sql (2 warmup + step-up 1 16 x1)
  warmup 1/2: 0.889840 sec (cache prime)
  warmup 2/2: 0.279498 sec
  idle baseline: 5.0s, package 0.473 W, dram 0.257 W
  N=1   batch 1/1: 0.279968 sec, 1 copy (server sum 221.893 ms)
  N=16  batch 1/1: 3.129506 sec, 16 copies (server sum 3050.107 ms)
  done: 2 sizes x 1 run (0 failures)

Done. Batch rows appended to logs/compare/warm_stepup/compare_server001_s1_20261004T161823Z/query_timing_stackoverflow_1gb.csv
Per-copy samples appended to logs/compare/warm_stepup/compare_server001_s1_20261004T161823Z/query_samples_stackoverflow_1gb.csv
Idle baselines appended to logs/compare/warm_stepup/compare_server001_s1_20261004T161823Z/query_idle_stackoverflow_1gb.csv
Machine identity appended to logs/compare/warm_stepup/compare_server001_s1_20261004T161823Z/query_runinfo_stackoverflow_1gb.csv
Last batch ended at epoch 1791130945.388 (PREV_END_EPOCH for the next invocation)
===== [10/324] queries/stackoverflow/SQLStorm/16308.sql run_id=35A7C595B5356E83 =====
query_runner configuration:
  QUERY_DIR         = queries/stackoverflow/SQLStorm/16308.sql
  LOGS_DIR          = logs/compare/warm_stepup/compare_server001_s1_20261004T161823Z  (query_timing_/query_samples_/query_catalog_stackoverflow_1gb.csv)
  DB_NAME / DB_USER = stackoverflow_1gb / postgres
  PGPORT            = 5432  (server reports 18.6)
  RUN_ID            = 35A7C595B5356E83
  WARMUP            = 2 single-copy warm-ups (the first primes the cache)
  BATCH_SIZES       = 1 16  x RUNS=1 measured batches each
  WORKERS           = (planner default)
  STATEMENT_TIMEOUT = 15
  THERMAL_EQUALISE  = gate (T_LO=40 T_HI=60 preheat<=60s cooldown<=120s)
  sensors           = pkg:/sys/class/hwmon/hwmon8/temp1_input cores:4 cpufreq:8 throttle:8/8
  WARMUP_FAIL_SKIP  = on (a failed warm-up skips the query's measured batches)
  IDLE_BASELINE_S   = 5.0 s before each query's measured batches
  SIGLESS_ADDR      = (disabled)
Found 1 query under queries/stackoverflow/SQLStorm/16308.sql

RAPL: powercap, 1 package, domains: pkg core gpu/uncore dram

[1/1] queries/stackoverflow/SQLStorm/16308.sql (2 warmup + step-up 1 16 x1)
  warmup 1/2: 0.682689 sec (cache prime)
  warmup 2/2: 0.427927 sec
  idle baseline: 5.0s, package 0.430 W, dram 0.257 W
  N=1   batch 1/1: 0.428168 sec, 1 copy (server sum 371.042 ms)
  N=16  batch 1/1: 5.931925 sec, 16 copies (server sum 5854.120 ms)
  done: 2 sizes x 1 run (0 failures)

Done. Batch rows appended to logs/compare/warm_stepup/compare_server001_s1_20261004T161823Z/query_timing_stackoverflow_1gb.csv
Per-copy samples appended to logs/compare/warm_stepup/compare_server001_s1_20261004T161823Z/query_samples_stackoverflow_1gb.csv
Idle baselines appended to logs/compare/warm_stepup/compare_server001_s1_20261004T161823Z/query_idle_stackoverflow_1gb.csv
Machine identity appended to logs/compare/warm_stepup/compare_server001_s1_20261004T161823Z/query_runinfo_stackoverflow_1gb.csv
Last batch ended at epoch 1791130961.587 (PREV_END_EPOCH for the next invocation)
===== [11/324] queries/stackoverflow/SQLStorm/25357.sql run_id=73377735EAA1EBCC =====
query_runner configuration:
  QUERY_DIR         = queries/stackoverflow/SQLStorm/25357.sql
  LOGS_DIR          = logs/compare/warm_stepup/compare_server001_s1_20261004T161823Z  (query_timing_/query_samples_/query_catalog_stackoverflow_1gb.csv)
  DB_NAME / DB_USER = stackoverflow_1gb / postgres
  PGPORT            = 5432  (server reports 18.6)
  RUN_ID            = 73377735EAA1EBCC
  WARMUP            = 2 single-copy warm-ups (the first primes the cache)
  BATCH_SIZES       = 1 16  x RUNS=1 measured batches each
  WORKERS           = (planner default)
  STATEMENT_TIMEOUT = 15
  THERMAL_EQUALISE  = gate (T_LO=40 T_HI=60 preheat<=60s cooldown<=120s)
  sensors           = pkg:/sys/class/hwmon/hwmon8/temp1_input cores:4 cpufreq:8 throttle:8/8
  WARMUP_FAIL_SKIP  = on (a failed warm-up skips the query's measured batches)
  IDLE_BASELINE_S   = 5.0 s before each query's measured batches
  SIGLESS_ADDR      = (disabled)
Found 1 query under queries/stackoverflow/SQLStorm/25357.sql

RAPL: powercap, 1 package, domains: pkg core gpu/uncore dram

[1/1] queries/stackoverflow/SQLStorm/25357.sql (2 warmup + step-up 1 16 x1)
  warmup 1/2: 2.628647 sec (cache prime)
  warmup 2/2: 2.418204 sec
  idle baseline: 5.0s, package 0.440 W, dram 0.258 W
  N=1   batch 1/1: 2.430475 sec, 1 copy (server sum 2372.915 ms)
  N=16  batch 1/1: 35.886275 sec, 16 copies (server sum 35808.681 ms)
  done: 2 sizes x 1 run (0 failures)

Done. Batch rows appended to logs/compare/warm_stepup/compare_server001_s1_20261004T161823Z/query_timing_stackoverflow_1gb.csv
Per-copy samples appended to logs/compare/warm_stepup/compare_server001_s1_20261004T161823Z/query_samples_stackoverflow_1gb.csv
Idle baselines appended to logs/compare/warm_stepup/compare_server001_s1_20261004T161823Z/query_idle_stackoverflow_1gb.csv
Machine identity appended to logs/compare/warm_stepup/compare_server001_s1_20261004T161823Z/query_runinfo_stackoverflow_1gb.csv
Last batch ended at epoch 1791131013.521 (PREV_END_EPOCH for the next invocation)
===== [12/324] queries/stackoverflow/SQLStorm/16363.sql run_id=9F46FAA2CA112D32 =====
query_runner configuration:
  QUERY_DIR         = queries/stackoverflow/SQLStorm/16363.sql
  LOGS_DIR          = logs/compare/warm_stepup/compare_server001_s1_20261004T161823Z  (query_timing_/query_samples_/query_catalog_stackoverflow_1gb.csv)
  DB_NAME / DB_USER = stackoverflow_1gb / postgres
  PGPORT            = 5432  (server reports 18.6)
  RUN_ID            = 9F46FAA2CA112D32
  WARMUP            = 2 single-copy warm-ups (the first primes the cache)
  BATCH_SIZES       = 1 16  x RUNS=1 measured batches each
  WORKERS           = (planner default)
  STATEMENT_TIMEOUT = 15
  THERMAL_EQUALISE  = gate (T_LO=40 T_HI=60 preheat<=60s cooldown<=120s)
  sensors           = pkg:/sys/class/hwmon/hwmon8/temp1_input cores:4 cpufreq:8 throttle:8/8
  WARMUP_FAIL_SKIP  = on (a failed warm-up skips the query's measured batches)
  IDLE_BASELINE_S   = 5.0 s before each query's measured batches
  SIGLESS_ADDR      = (disabled)
Found 1 query under queries/stackoverflow/SQLStorm/16363.sql

RAPL: powercap, 1 package, domains: pkg core gpu/uncore dram

[1/1] queries/stackoverflow/SQLStorm/16363.sql (2 warmup + step-up 1 16 x1)
  warmup 1/2: 3.384111 sec (cache prime)
  warmup 2/2: 2.674204 sec
  idle baseline: 5.0s, package 0.437 W, dram 0.256 W
  N=1   batch 1/1: 2.674818 sec, 1 copy (server sum 2617.362 ms)
  N=16  batch 1/1: 40.815113 sec, 16 copies (server sum 40739.478 ms)
  done: 2 sizes x 1 run (0 failures)

Done. Batch rows appended to logs/compare/warm_stepup/compare_server001_s1_20261004T161823Z/query_timing_stackoverflow_1gb.csv
Per-copy samples appended to logs/compare/warm_stepup/compare_server001_s1_20261004T161823Z/query_samples_stackoverflow_1gb.csv
Idle baselines appended to logs/compare/warm_stepup/compare_server001_s1_20261004T161823Z/query_idle_stackoverflow_1gb.csv
Machine identity appended to logs/compare/warm_stepup/compare_server001_s1_20261004T161823Z/query_runinfo_stackoverflow_1gb.csv
Last batch ended at epoch 1791131071.423 (PREV_END_EPOCH for the next invocation)
===== [13/324] queries/stackoverflow/SQLStorm/11471.sql run_id=0B1D68699358E6D4 =====
query_runner configuration:
  QUERY_DIR         = queries/stackoverflow/SQLStorm/11471.sql
  LOGS_DIR          = logs/compare/warm_stepup/compare_server001_s1_20261004T161823Z  (query_timing_/query_samples_/query_catalog_stackoverflow_1gb.csv)
  DB_NAME / DB_USER = stackoverflow_1gb / postgres
  PGPORT            = 5432  (server reports 18.6)
  RUN_ID            = 0B1D68699358E6D4
  WARMUP            = 2 single-copy warm-ups (the first primes the cache)
  BATCH_SIZES       = 1 16  x RUNS=1 measured batches each
  WORKERS           = (planner default)
  STATEMENT_TIMEOUT = 15
  THERMAL_EQUALISE  = gate (T_LO=40 T_HI=60 preheat<=60s cooldown<=120s)
  sensors           = pkg:/sys/class/hwmon/hwmon8/temp1_input cores:4 cpufreq:8 throttle:8/8
  WARMUP_FAIL_SKIP  = on (a failed warm-up skips the query's measured batches)
  IDLE_BASELINE_S   = 5.0 s before each query's measured batches
  SIGLESS_ADDR      = (disabled)
Found 1 query under queries/stackoverflow/SQLStorm/11471.sql

RAPL: powercap, 1 package, domains: pkg core gpu/uncore dram

[1/1] queries/stackoverflow/SQLStorm/11471.sql (2 warmup + step-up 1 16 x1)
  warmup 1/2: 2.044753 sec (cache prime)
  warmup 2/2: 1.823266 sec
  idle baseline: 5.0s, package 0.452 W, dram 0.256 W
  N=1   batch 1/1: 1.827978 sec, 1 copy (server sum 1771.109 ms)
  N=16  batch 1/1: 26.812091 sec, 16 copies (server sum 26735.501 ms)
  done: 2 sizes x 1 run (0 failures)

Done. Batch rows appended to logs/compare/warm_stepup/compare_server001_s1_20261004T161823Z/query_timing_stackoverflow_1gb.csv
Per-copy samples appended to logs/compare/warm_stepup/compare_server001_s1_20261004T161823Z/query_samples_stackoverflow_1gb.csv
Idle baselines appended to logs/compare/warm_stepup/compare_server001_s1_20261004T161823Z/query_idle_stackoverflow_1gb.csv
Machine identity appended to logs/compare/warm_stepup/compare_server001_s1_20261004T161823Z/query_runinfo_stackoverflow_1gb.csv
Last batch ended at epoch 1791131112.539 (PREV_END_EPOCH for the next invocation)
===== [14/324] compare/probes/probe_hash.sql run_id=B6DFDA152BDD62BE =====
query_runner configuration:
  QUERY_DIR         = compare/probes/probe_hash.sql
  LOGS_DIR          = logs/compare/warm_stepup/compare_server001_s1_20261004T161823Z  (query_timing_/query_samples_/query_catalog_stackoverflow_1gb.csv)
  DB_NAME / DB_USER = stackoverflow_1gb / postgres
  PGPORT            = 5432  (server reports 18.6)
  RUN_ID            = B6DFDA152BDD62BE
  WARMUP            = 2 single-copy warm-ups (the first primes the cache)
  BATCH_SIZES       = 1 16  x RUNS=1 measured batches each
  WORKERS           = (planner default)
  STATEMENT_TIMEOUT = 15
  THERMAL_EQUALISE  = gate (T_LO=40 T_HI=60 preheat<=60s cooldown<=120s)
  sensors           = pkg:/sys/class/hwmon/hwmon8/temp1_input cores:4 cpufreq:8 throttle:8/8
  WARMUP_FAIL_SKIP  = on (a failed warm-up skips the query's measured batches)
  IDLE_BASELINE_S   = 5.0 s before each query's measured batches
  SIGLESS_ADDR      = (disabled)
Found 1 query under compare/probes/probe_hash.sql

RAPL: powercap, 1 package, domains: pkg core gpu/uncore dram

[1/1] compare/probes/probe_hash.sql (2 warmup + step-up 1 16 x1)
  warmup 1/2: 1.849548 sec (cache prime)
  warmup 2/2: 1.625478 sec
  idle baseline: 5.0s, package 0.479 W, dram 0.256 W
  N=1   batch 1/1: 1.616802 sec, 0 copies
  N=16  batch 1/1: 24.553752 sec, 0 copies
  done: 2 sizes x 1 run (0 failures)

Done. Batch rows appended to logs/compare/warm_stepup/compare_server001_s1_20261004T161823Z/query_timing_stackoverflow_1gb.csv
Per-copy samples appended to logs/compare/warm_stepup/compare_server001_s1_20261004T161823Z/query_samples_stackoverflow_1gb.csv
Idle baselines appended to logs/compare/warm_stepup/compare_server001_s1_20261004T161823Z/query_idle_stackoverflow_1gb.csv
Machine identity appended to logs/compare/warm_stepup/compare_server001_s1_20261004T161823Z/query_runinfo_stackoverflow_1gb.csv
Last batch ended at epoch 1791131150.805 (PREV_END_EPOCH for the next invocation)
===== [15/324] queries/stackoverflow/SQLStorm/10646.sql run_id=EA7D314F187BE2A9 =====
query_runner configuration:
  QUERY_DIR         = queries/stackoverflow/SQLStorm/10646.sql
  LOGS_DIR          = logs/compare/warm_stepup/compare_server001_s1_20261004T161823Z  (query_timing_/query_samples_/query_catalog_stackoverflow_1gb.csv)
  DB_NAME / DB_USER = stackoverflow_1gb / postgres
  PGPORT            = 5432  (server reports 18.6)
  RUN_ID            = EA7D314F187BE2A9
  WARMUP            = 2 single-copy warm-ups (the first primes the cache)
  BATCH_SIZES       = 1 16  x RUNS=1 measured batches each
  WORKERS           = (planner default)
  STATEMENT_TIMEOUT = 15
  THERMAL_EQUALISE  = gate (T_LO=40 T_HI=60 preheat<=60s cooldown<=120s)
  sensors           = pkg:/sys/class/hwmon/hwmon8/temp1_input cores:4 cpufreq:8 throttle:8/8
  WARMUP_FAIL_SKIP  = on (a failed warm-up skips the query's measured batches)
  IDLE_BASELINE_S   = 5.0 s before each query's measured batches
  SIGLESS_ADDR      = (disabled)
Found 1 query under queries/stackoverflow/SQLStorm/10646.sql

RAPL: powercap, 1 package, domains: pkg core gpu/uncore dram

[1/1] queries/stackoverflow/SQLStorm/10646.sql (2 warmup + step-up 1 16 x1)
  warmup 1/2: 0.384467 sec (cache prime)
  warmup 2/2: 0.220584 sec
  idle baseline: 5.0s, package 0.451 W, dram 0.256 W
  N=1   batch 1/1: 0.215957 sec, 1 copy (server sum 160.435 ms)
  N=16  batch 1/1: 2.694386 sec, 16 copies (server sum 2626.508 ms)
  done: 2 sizes x 1 run (0 failures)

Done. Batch rows appended to logs/compare/warm_stepup/compare_server001_s1_20261004T161823Z/query_timing_stackoverflow_1gb.csv
Per-copy samples appended to logs/compare/warm_stepup/compare_server001_s1_20261004T161823Z/query_samples_stackoverflow_1gb.csv
Idle baselines appended to logs/compare/warm_stepup/compare_server001_s1_20261004T161823Z/query_idle_stackoverflow_1gb.csv
Machine identity appended to logs/compare/warm_stepup/compare_server001_s1_20261004T161823Z/query_runinfo_stackoverflow_1gb.csv
Last batch ended at epoch 1791131162.848 (PREV_END_EPOCH for the next invocation)
===== [16/324] queries/stackoverflow/SQLStorm/2764.sql run_id=693C6954B99BFE86 =====
query_runner configuration:
  QUERY_DIR         = queries/stackoverflow/SQLStorm/2764.sql
  LOGS_DIR          = logs/compare/warm_stepup/compare_server001_s1_20261004T161823Z  (query_timing_/query_samples_/query_catalog_stackoverflow_1gb.csv)
  DB_NAME / DB_USER = stackoverflow_1gb / postgres
  PGPORT            = 5432  (server reports 18.6)
  RUN_ID            = 693C6954B99BFE86
  WARMUP            = 2 single-copy warm-ups (the first primes the cache)
  BATCH_SIZES       = 1 16  x RUNS=1 measured batches each
  WORKERS           = (planner default)
  STATEMENT_TIMEOUT = 15
  THERMAL_EQUALISE  = gate (T_LO=40 T_HI=60 preheat<=60s cooldown<=120s)
  sensors           = pkg:/sys/class/hwmon/hwmon8/temp1_input cores:4 cpufreq:8 throttle:8/8
  WARMUP_FAIL_SKIP  = on (a failed warm-up skips the query's measured batches)
  IDLE_BASELINE_S   = 5.0 s before each query's measured batches
  SIGLESS_ADDR      = (disabled)
Found 1 query under queries/stackoverflow/SQLStorm/2764.sql

RAPL: powercap, 1 package, domains: pkg core gpu/uncore dram

[1/1] queries/stackoverflow/SQLStorm/2764.sql (2 warmup + step-up 1 16 x1)
  warmup 1/2: 0.671559 sec (cache prime)
  warmup 2/2: 0.485017 sec
  idle baseline: 5.0s, package 0.438 W, dram 0.255 W
  N=1   batch 1/1: 0.478303 sec, 1 copy (server sum 420.636 ms)
  N=16  batch 1/1: 6.575587 sec, 16 copies (server sum 6493.078 ms)
  done: 2 sizes x 1 run (0 failures)

Done. Batch rows appended to logs/compare/warm_stepup/compare_server001_s1_20261004T161823Z/query_timing_stackoverflow_1gb.csv
Per-copy samples appended to logs/compare/warm_stepup/compare_server001_s1_20261004T161823Z/query_samples_stackoverflow_1gb.csv
Idle baselines appended to logs/compare/warm_stepup/compare_server001_s1_20261004T161823Z/query_idle_stackoverflow_1gb.csv
Machine identity appended to logs/compare/warm_stepup/compare_server001_s1_20261004T161823Z/query_runinfo_stackoverflow_1gb.csv
Last batch ended at epoch 1791131179.446 (PREV_END_EPOCH for the next invocation)
===== [17/324] queries/stackoverflow/SQLStorm/9509.sql run_id=93D1B7DEBBC675FB =====
query_runner configuration:
  QUERY_DIR         = queries/stackoverflow/SQLStorm/9509.sql
  LOGS_DIR          = logs/compare/warm_stepup/compare_server001_s1_20261004T161823Z  (query_timing_/query_samples_/query_catalog_stackoverflow_1gb.csv)
  DB_NAME / DB_USER = stackoverflow_1gb / postgres
  PGPORT            = 5432  (server reports 18.6)
  RUN_ID            = 93D1B7DEBBC675FB
  WARMUP            = 2 single-copy warm-ups (the first primes the cache)
  BATCH_SIZES       = 1 16  x RUNS=1 measured batches each
  WORKERS           = (planner default)
  STATEMENT_TIMEOUT = 15
  THERMAL_EQUALISE  = gate (T_LO=40 T_HI=60 preheat<=60s cooldown<=120s)
  sensors           = pkg:/sys/class/hwmon/hwmon8/temp1_input cores:4 cpufreq:8 throttle:8/8
  WARMUP_FAIL_SKIP  = on (a failed warm-up skips the query's measured batches)
  IDLE_BASELINE_S   = 5.0 s before each query's measured batches
  SIGLESS_ADDR      = (disabled)
Found 1 query under queries/stackoverflow/SQLStorm/9509.sql

RAPL: powercap, 1 package, domains: pkg core gpu/uncore dram

[1/1] queries/stackoverflow/SQLStorm/9509.sql (2 warmup + step-up 1 16 x1)
  warmup 1/2: 1.093149 sec (cache prime)
  warmup 2/2: 0.896579 sec
  idle baseline: 5.0s, package 0.456 W, dram 0.257 W
  N=1   batch 1/1: 0.893959 sec, 1 copy (server sum 837.332 ms)
  N=16  batch 1/1: 12.772368 sec, 16 copies (server sum 12695.088 ms)
  done: 2 sizes x 1 run (0 failures)

Done. Batch rows appended to logs/compare/warm_stepup/compare_server001_s1_20261004T161823Z/query_timing_stackoverflow_1gb.csv
Per-copy samples appended to logs/compare/warm_stepup/compare_server001_s1_20261004T161823Z/query_samples_stackoverflow_1gb.csv
Idle baselines appended to logs/compare/warm_stepup/compare_server001_s1_20261004T161823Z/query_idle_stackoverflow_1gb.csv
Machine identity appended to logs/compare/warm_stepup/compare_server001_s1_20261004T161823Z/query_runinfo_stackoverflow_1gb.csv
Last batch ended at epoch 1791131203.503 (PREV_END_EPOCH for the next invocation)
===== [18/324] queries/stackoverflow/SQLStorm/11473.sql run_id=ACB590643B4827FF =====
query_runner configuration:
  QUERY_DIR         = queries/stackoverflow/SQLStorm/11473.sql
  LOGS_DIR          = logs/compare/warm_stepup/compare_server001_s1_20261004T161823Z  (query_timing_/query_samples_/query_catalog_stackoverflow_1gb.csv)
  DB_NAME / DB_USER = stackoverflow_1gb / postgres
  PGPORT            = 5432  (server reports 18.6)
  RUN_ID            = ACB590643B4827FF
  WARMUP            = 2 single-copy warm-ups (the first primes the cache)
  BATCH_SIZES       = 1 16  x RUNS=1 measured batches each
  WORKERS           = (planner default)
  STATEMENT_TIMEOUT = 15
  THERMAL_EQUALISE  = gate (T_LO=40 T_HI=60 preheat<=60s cooldown<=120s)
  sensors           = pkg:/sys/class/hwmon/hwmon8/temp1_input cores:4 cpufreq:8 throttle:8/8
  WARMUP_FAIL_SKIP  = on (a failed warm-up skips the query's measured batches)
  IDLE_BASELINE_S   = 5.0 s before each query's measured batches
  SIGLESS_ADDR      = (disabled)
Found 1 query under queries/stackoverflow/SQLStorm/11473.sql

RAPL: powercap, 1 package, domains: pkg core gpu/uncore dram

[1/1] queries/stackoverflow/SQLStorm/11473.sql (2 warmup + step-up 1 16 x1)
  warmup 1/2: 0.335647 sec (cache prime)
  warmup 2/2: 0.171704 sec
  idle baseline: 5.0s, package 0.488 W, dram 0.256 W
  N=1   batch 1/1: 0.172974 sec, 1 copy (server sum 117.014 ms)
  N=16  batch 1/1: 1.882183 sec, 16 copies (server sum 1811.280 ms)
  done: 2 sizes x 1 run (0 failures)

Done. Batch rows appended to logs/compare/warm_stepup/compare_server001_s1_20261004T161823Z/query_timing_stackoverflow_1gb.csv
Per-copy samples appended to logs/compare/warm_stepup/compare_server001_s1_20261004T161823Z/query_samples_stackoverflow_1gb.csv
Idle baselines appended to logs/compare/warm_stepup/compare_server001_s1_20261004T161823Z/query_idle_stackoverflow_1gb.csv
Machine identity appended to logs/compare/warm_stepup/compare_server001_s1_20261004T161823Z/query_runinfo_stackoverflow_1gb.csv
Last batch ended at epoch 1791131214.306 (PREV_END_EPOCH for the next invocation)
===== [19/324] queries/stackoverflow/SQLStorm/6651.sql run_id=D48F1A7B2C98D828 =====
query_runner configuration:
  QUERY_DIR         = queries/stackoverflow/SQLStorm/6651.sql
  LOGS_DIR          = logs/compare/warm_stepup/compare_server001_s1_20261004T161823Z  (query_timing_/query_samples_/query_catalog_stackoverflow_1gb.csv)
  DB_NAME / DB_USER = stackoverflow_1gb / postgres
  PGPORT            = 5432  (server reports 18.6)
  RUN_ID            = D48F1A7B2C98D828
  WARMUP            = 2 single-copy warm-ups (the first primes the cache)
  BATCH_SIZES       = 1 16  x RUNS=1 measured batches each
  WORKERS           = (planner default)
  STATEMENT_TIMEOUT = 15
  THERMAL_EQUALISE  = gate (T_LO=40 T_HI=60 preheat<=60s cooldown<=120s)
  sensors           = pkg:/sys/class/hwmon/hwmon8/temp1_input cores:4 cpufreq:8 throttle:8/8
  WARMUP_FAIL_SKIP  = on (a failed warm-up skips the query's measured batches)
  IDLE_BASELINE_S   = 5.0 s before each query's measured batches
  SIGLESS_ADDR      = (disabled)
Found 1 query under queries/stackoverflow/SQLStorm/6651.sql

RAPL: powercap, 1 package, domains: pkg core gpu/uncore dram

[1/1] queries/stackoverflow/SQLStorm/6651.sql (2 warmup + step-up 1 16 x1)
  warmup 1/2: 0.398304 sec (cache prime)
  warmup 2/2: 0.154233 sec
  idle baseline: 5.0s, package 0.520 W, dram 0.256 W
  N=1   batch 1/1: 0.153229 sec, 1 copy (server sum 96.609 ms)
  N=16  batch 1/1: 1.532188 sec, 16 copies (server sum 1450.113 ms)
  done: 2 sizes x 1 run (0 failures)

Done. Batch rows appended to logs/compare/warm_stepup/compare_server001_s1_20261004T161823Z/query_timing_stackoverflow_1gb.csv
Per-copy samples appended to logs/compare/warm_stepup/compare_server001_s1_20261004T161823Z/query_samples_stackoverflow_1gb.csv
Idle baselines appended to logs/compare/warm_stepup/compare_server001_s1_20261004T161823Z/query_idle_stackoverflow_1gb.csv
Machine identity appended to logs/compare/warm_stepup/compare_server001_s1_20261004T161823Z/query_runinfo_stackoverflow_1gb.csv
Last batch ended at epoch 1791131224.712 (PREV_END_EPOCH for the next invocation)
===== [20/324] queries/stackoverflow/SQLStorm/22494.sql run_id=034C1F0AB99D7D0E =====
query_runner configuration:
  QUERY_DIR         = queries/stackoverflow/SQLStorm/22494.sql
  LOGS_DIR          = logs/compare/warm_stepup/compare_server001_s1_20261004T161823Z  (query_timing_/query_samples_/query_catalog_stackoverflow_1gb.csv)
  DB_NAME / DB_USER = stackoverflow_1gb / postgres
  PGPORT            = 5432  (server reports 18.6)
  RUN_ID            = 034C1F0AB99D7D0E
  WARMUP            = 2 single-copy warm-ups (the first primes the cache)
  BATCH_SIZES       = 1 16  x RUNS=1 measured batches each
  WORKERS           = (planner default)
  STATEMENT_TIMEOUT = 15
  THERMAL_EQUALISE  = gate (T_LO=40 T_HI=60 preheat<=60s cooldown<=120s)
  sensors           = pkg:/sys/class/hwmon/hwmon8/temp1_input cores:4 cpufreq:8 throttle:8/8
  WARMUP_FAIL_SKIP  = on (a failed warm-up skips the query's measured batches)
  IDLE_BASELINE_S   = 5.0 s before each query's measured batches
  SIGLESS_ADDR      = (disabled)
Found 1 query under queries/stackoverflow/SQLStorm/22494.sql

RAPL: powercap, 1 package, domains: pkg core gpu/uncore dram

[1/1] queries/stackoverflow/SQLStorm/22494.sql (2 warmup + step-up 1 16 x1)
  warmup 1/2: 1.450802 sec (cache prime)
  warmup 2/2: 1.218559 sec
  idle baseline: 5.0s, package 0.422 W, dram 0.257 W
  N=1   batch 1/1: 1.219144 sec, 1 copy (server sum 1160.972 ms)
  N=16  batch 1/1: 17.689903 sec, 16 copies (server sum 17601.673 ms)
  done: 2 sizes x 1 run (0 failures)

Done. Batch rows appended to logs/compare/warm_stepup/compare_server001_s1_20261004T161823Z/query_timing_stackoverflow_1gb.csv
Per-copy samples appended to logs/compare/warm_stepup/compare_server001_s1_20261004T161823Z/query_samples_stackoverflow_1gb.csv
Idle baselines appended to logs/compare/warm_stepup/compare_server001_s1_20261004T161823Z/query_idle_stackoverflow_1gb.csv
Machine identity appended to logs/compare/warm_stepup/compare_server001_s1_20261004T161823Z/query_runinfo_stackoverflow_1gb.csv
Last batch ended at epoch 1791131254.970 (PREV_END_EPOCH for the next invocation)
===== [21/324] queries/stackoverflow/SQLStorm/3090.sql run_id=9CBA442F3D295CAA =====
query_runner configuration:
  QUERY_DIR         = queries/stackoverflow/SQLStorm/3090.sql
  LOGS_DIR          = logs/compare/warm_stepup/compare_server001_s1_20261004T161823Z  (query_timing_/query_samples_/query_catalog_stackoverflow_1gb.csv)
  DB_NAME / DB_USER = stackoverflow_1gb / postgres
  PGPORT            = 5432  (server reports 18.6)
  RUN_ID            = 9CBA442F3D295CAA
  WARMUP            = 2 single-copy warm-ups (the first primes the cache)
  BATCH_SIZES       = 1 16  x RUNS=1 measured batches each
  WORKERS           = (planner default)
  STATEMENT_TIMEOUT = 15
  THERMAL_EQUALISE  = gate (T_LO=40 T_HI=60 preheat<=60s cooldown<=120s)
  sensors           = pkg:/sys/class/hwmon/hwmon8/temp1_input cores:4 cpufreq:8 throttle:8/8
  WARMUP_FAIL_SKIP  = on (a failed warm-up skips the query's measured batches)
  IDLE_BASELINE_S   = 5.0 s before each query's measured batches
  SIGLESS_ADDR      = (disabled)
Found 1 query under queries/stackoverflow/SQLStorm/3090.sql

RAPL: powercap, 1 package, domains: pkg core gpu/uncore dram

[1/1] queries/stackoverflow/SQLStorm/3090.sql (2 warmup + step-up 1 16 x1)
  warmup 1/2: 1.361764 sec (cache prime)
  warmup 2/2: 1.113583 sec
  idle baseline: 5.0s, package 0.437 W, dram 0.256 W
  N=1   batch 1/1: 1.108692 sec, 1 copy (server sum 1051.525 ms)
  N=16  batch 1/1: 16.301875 sec, 16 copies (server sum 16211.633 ms)
  done: 2 sizes x 1 run (0 failures)

Done. Batch rows appended to logs/compare/warm_stepup/compare_server001_s1_20261004T161823Z/query_timing_stackoverflow_1gb.csv
Per-copy samples appended to logs/compare/warm_stepup/compare_server001_s1_20261004T161823Z/query_samples_stackoverflow_1gb.csv
Idle baselines appended to logs/compare/warm_stepup/compare_server001_s1_20261004T161823Z/query_idle_stackoverflow_1gb.csv
Machine identity appended to logs/compare/warm_stepup/compare_server001_s1_20261004T161823Z/query_runinfo_stackoverflow_1gb.csv
Last batch ended at epoch 1791131283.230 (PREV_END_EPOCH for the next invocation)
===== [22/324] compare/probes/probe_scan.sql run_id=3252E7D14ECA8312 =====
query_runner configuration:
  QUERY_DIR         = compare/probes/probe_scan.sql
  LOGS_DIR          = logs/compare/warm_stepup/compare_server001_s1_20261004T161823Z  (query_timing_/query_samples_/query_catalog_stackoverflow_1gb.csv)
  DB_NAME / DB_USER = stackoverflow_1gb / postgres
  PGPORT            = 5432  (server reports 18.6)
  RUN_ID            = 3252E7D14ECA8312
  WARMUP            = 2 single-copy warm-ups (the first primes the cache)
  BATCH_SIZES       = 1 16  x RUNS=1 measured batches each
  WORKERS           = (planner default)
  STATEMENT_TIMEOUT = 15
  THERMAL_EQUALISE  = gate (T_LO=40 T_HI=60 preheat<=60s cooldown<=120s)
  sensors           = pkg:/sys/class/hwmon/hwmon8/temp1_input cores:4 cpufreq:8 throttle:8/8
  WARMUP_FAIL_SKIP  = on (a failed warm-up skips the query's measured batches)
  IDLE_BASELINE_S   = 5.0 s before each query's measured batches
  SIGLESS_ADDR      = (disabled)
Found 1 query under compare/probes/probe_scan.sql

RAPL: powercap, 1 package, domains: pkg core gpu/uncore dram

[1/1] compare/probes/probe_scan.sql (2 warmup + step-up 1 16 x1)
  warmup 1/2: 3.136098 sec (cache prime)
  warmup 2/2: 2.832648 sec
  idle baseline: 5.0s, package 0.448 W, dram 0.257 W
  N=1   batch 1/1: 2.830959 sec, 0 copies
  N=16  batch 1/1: 44.606112 sec, 0 copies
  done: 2 sizes x 1 run (0 failures)

Done. Batch rows appended to logs/compare/warm_stepup/compare_server001_s1_20261004T161823Z/query_timing_stackoverflow_1gb.csv
Per-copy samples appended to logs/compare/warm_stepup/compare_server001_s1_20261004T161823Z/query_samples_stackoverflow_1gb.csv
Idle baselines appended to logs/compare/warm_stepup/compare_server001_s1_20261004T161823Z/query_idle_stackoverflow_1gb.csv
Machine identity appended to logs/compare/warm_stepup/compare_server001_s1_20261004T161823Z/query_runinfo_stackoverflow_1gb.csv
Last batch ended at epoch 1791131345.162 (PREV_END_EPOCH for the next invocation)
===== [23/324] queries/stackoverflow/SQLStorm/13186.sql run_id=C921F96E0FBFDA3B =====
query_runner configuration:
  QUERY_DIR         = queries/stackoverflow/SQLStorm/13186.sql
  LOGS_DIR          = logs/compare/warm_stepup/compare_server001_s1_20261004T161823Z  (query_timing_/query_samples_/query_catalog_stackoverflow_1gb.csv)
  DB_NAME / DB_USER = stackoverflow_1gb / postgres
  PGPORT            = 5432  (server reports 18.6)
  RUN_ID            = C921F96E0FBFDA3B
  WARMUP            = 2 single-copy warm-ups (the first primes the cache)
  BATCH_SIZES       = 1 16  x RUNS=1 measured batches each
  WORKERS           = (planner default)
  STATEMENT_TIMEOUT = 15
  THERMAL_EQUALISE  = gate (T_LO=40 T_HI=60 preheat<=60s cooldown<=120s)
  sensors           = pkg:/sys/class/hwmon/hwmon8/temp1_input cores:4 cpufreq:8 throttle:8/8
  WARMUP_FAIL_SKIP  = on (a failed warm-up skips the query's measured batches)
  IDLE_BASELINE_S   = 5.0 s before each query's measured batches
  SIGLESS_ADDR      = (disabled)
Found 1 query under queries/stackoverflow/SQLStorm/13186.sql

RAPL: powercap, 1 package, domains: pkg core gpu/uncore dram

[1/1] queries/stackoverflow/SQLStorm/13186.sql (2 warmup + step-up 1 16 x1)
  thermal gate: waited 4s -> 59.0 C
  warmup 1/2: 4.829088 sec (cache prime)
  warmup 2/2: 4.355940 sec
  idle baseline: 5.0s, package 0.480 W, dram 0.257 W
  N=1   batch 1/1: 4.351704 sec, 1 copy (server sum 4294.147 ms)
  N=16  batch 1/1: 68.102337 sec, 16 copies (server sum 68017.007 ms)
  done: 2 sizes x 1 run (0 failures)

Done. Batch rows appended to logs/compare/warm_stepup/compare_server001_s1_20261004T161823Z/query_timing_stackoverflow_1gb.csv
Per-copy samples appended to logs/compare/warm_stepup/compare_server001_s1_20261004T161823Z/query_samples_stackoverflow_1gb.csv
Idle baselines appended to logs/compare/warm_stepup/compare_server001_s1_20261004T161823Z/query_idle_stackoverflow_1gb.csv
Machine identity appended to logs/compare/warm_stepup/compare_server001_s1_20261004T161823Z/query_runinfo_stackoverflow_1gb.csv
Last batch ended at epoch 1791131439.209 (PREV_END_EPOCH for the next invocation)
===== [24/324] queries/stackoverflow/SQLStorm/1959.sql run_id=BD00E1210D31F2B8 =====
query_runner configuration:
  QUERY_DIR         = queries/stackoverflow/SQLStorm/1959.sql
  LOGS_DIR          = logs/compare/warm_stepup/compare_server001_s1_20261004T161823Z  (query_timing_/query_samples_/query_catalog_stackoverflow_1gb.csv)
  DB_NAME / DB_USER = stackoverflow_1gb / postgres
  PGPORT            = 5432  (server reports 18.6)
  RUN_ID            = BD00E1210D31F2B8
  WARMUP            = 2 single-copy warm-ups (the first primes the cache)
  BATCH_SIZES       = 1 16  x RUNS=1 measured batches each
  WORKERS           = (planner default)
  STATEMENT_TIMEOUT = 15
  THERMAL_EQUALISE  = gate (T_LO=40 T_HI=60 preheat<=60s cooldown<=120s)
  sensors           = pkg:/sys/class/hwmon/hwmon8/temp1_input cores:4 cpufreq:8 throttle:8/8
  WARMUP_FAIL_SKIP  = on (a failed warm-up skips the query's measured batches)
  IDLE_BASELINE_S   = 5.0 s before each query's measured batches
  SIGLESS_ADDR      = (disabled)
Found 1 query under queries/stackoverflow/SQLStorm/1959.sql

RAPL: powercap, 1 package, domains: pkg core gpu/uncore dram

[1/1] queries/stackoverflow/SQLStorm/1959.sql (2 warmup + step-up 1 16 x1)
  warmup 1/2: 2.281638 sec (cache prime)
  warmup 2/2: 2.063772 sec
  idle baseline: 5.0s, package 0.480 W, dram 0.255 W
  N=1   batch 1/1: 2.062340 sec, 1 copy (server sum 2005.012 ms)
  N=16  batch 1/1: 31.124257 sec, 16 copies (server sum 31040.418 ms)
  done: 2 sizes x 1 run (0 failures)

Done. Batch rows appended to logs/compare/warm_stepup/compare_server001_s1_20261004T161823Z/query_timing_stackoverflow_1gb.csv
Per-copy samples appended to logs/compare/warm_stepup/compare_server001_s1_20261004T161823Z/query_samples_stackoverflow_1gb.csv
Idle baselines appended to logs/compare/warm_stepup/compare_server001_s1_20261004T161823Z/query_idle_stackoverflow_1gb.csv
Machine identity appended to logs/compare/warm_stepup/compare_server001_s1_20261004T161823Z/query_runinfo_stackoverflow_1gb.csv
Last batch ended at epoch 1791131485.528 (PREV_END_EPOCH for the next invocation)
===== [25/324] queries/stackoverflow/SQLStorm/11397.sql run_id=93C018048E47D049 =====
query_runner configuration:
  QUERY_DIR         = queries/stackoverflow/SQLStorm/11397.sql
  LOGS_DIR          = logs/compare/warm_stepup/compare_server001_s1_20261004T161823Z  (query_timing_/query_samples_/query_catalog_stackoverflow_1gb.csv)
  DB_NAME / DB_USER = stackoverflow_1gb / postgres
  PGPORT            = 5432  (server reports 18.6)
  RUN_ID            = 93C018048E47D049
  WARMUP            = 2 single-copy warm-ups (the first primes the cache)
  BATCH_SIZES       = 1 16  x RUNS=1 measured batches each
  WORKERS           = (planner default)
  STATEMENT_TIMEOUT = 15
  THERMAL_EQUALISE  = gate (T_LO=40 T_HI=60 preheat<=60s cooldown<=120s)
  sensors           = pkg:/sys/class/hwmon/hwmon8/temp1_input cores:4 cpufreq:8 throttle:8/8
  WARMUP_FAIL_SKIP  = on (a failed warm-up skips the query's measured batches)
  IDLE_BASELINE_S   = 5.0 s before each query's measured batches
  SIGLESS_ADDR      = (disabled)
Found 1 query under queries/stackoverflow/SQLStorm/11397.sql

RAPL: powercap, 1 package, domains: pkg core gpu/uncore dram

[1/1] queries/stackoverflow/SQLStorm/11397.sql (2 warmup + step-up 1 16 x1)
  warmup 1/2: 1.869719 sec (cache prime)
  warmup 2/2: 1.489545 sec
  idle baseline: 5.0s, package 0.422 W, dram 0.254 W
  N=1   batch 1/1: 1.493652 sec, 1 copy (server sum 1436.911 ms)
  N=16  batch 1/1: 22.707174 sec, 16 copies (server sum 22629.796 ms)
  done: 2 sizes x 1 run (0 failures)

Done. Batch rows appended to logs/compare/warm_stepup/compare_server001_s1_20261004T161823Z/query_timing_stackoverflow_1gb.csv
Per-copy samples appended to logs/compare/warm_stepup/compare_server001_s1_20261004T161823Z/query_samples_stackoverflow_1gb.csv
Idle baselines appended to logs/compare/warm_stepup/compare_server001_s1_20261004T161823Z/query_idle_stackoverflow_1gb.csv
Machine identity appended to logs/compare/warm_stepup/compare_server001_s1_20261004T161823Z/query_runinfo_stackoverflow_1gb.csv
Last batch ended at epoch 1791131521.597 (PREV_END_EPOCH for the next invocation)
===== [26/324] queries/stackoverflow/SQLStorm/15173.sql run_id=69EF4A0FF76DBEA8 =====
query_runner configuration:
  QUERY_DIR         = queries/stackoverflow/SQLStorm/15173.sql
  LOGS_DIR          = logs/compare/warm_stepup/compare_server001_s1_20261004T161823Z  (query_timing_/query_samples_/query_catalog_stackoverflow_1gb.csv)
  DB_NAME / DB_USER = stackoverflow_1gb / postgres
  PGPORT            = 5432  (server reports 18.6)
  RUN_ID            = 69EF4A0FF76DBEA8
  WARMUP            = 2 single-copy warm-ups (the first primes the cache)
  BATCH_SIZES       = 1 16  x RUNS=1 measured batches each
  WORKERS           = (planner default)
  STATEMENT_TIMEOUT = 15
  THERMAL_EQUALISE  = gate (T_LO=40 T_HI=60 preheat<=60s cooldown<=120s)
  sensors           = pkg:/sys/class/hwmon/hwmon8/temp1_input cores:4 cpufreq:8 throttle:8/8
  WARMUP_FAIL_SKIP  = on (a failed warm-up skips the query's measured batches)
  IDLE_BASELINE_S   = 5.0 s before each query's measured batches
  SIGLESS_ADDR      = (disabled)
Found 1 query under queries/stackoverflow/SQLStorm/15173.sql

RAPL: powercap, 1 package, domains: pkg core gpu/uncore dram

[1/1] queries/stackoverflow/SQLStorm/15173.sql (2 warmup + step-up 1 16 x1)
  warmup 1/2: 1.286682 sec (cache prime)
  warmup 2/2: 1.025694 sec
  idle baseline: 5.0s, package 0.453 W, dram 0.255 W
  N=1   batch 1/1: 1.028230 sec, 1 copy (server sum 971.027 ms)
  N=16  batch 1/1: 14.795130 sec, 16 copies (server sum 14718.043 ms)
  done: 2 sizes x 1 run (0 failures)

Done. Batch rows appended to logs/compare/warm_stepup/compare_server001_s1_20261004T161823Z/query_timing_stackoverflow_1gb.csv
Per-copy samples appended to logs/compare/warm_stepup/compare_server001_s1_20261004T161823Z/query_samples_stackoverflow_1gb.csv
Idle baselines appended to logs/compare/warm_stepup/compare_server001_s1_20261004T161823Z/query_idle_stackoverflow_1gb.csv
Machine identity appended to logs/compare/warm_stepup/compare_server001_s1_20261004T161823Z/query_runinfo_stackoverflow_1gb.csv
Last batch ended at epoch 1791131548.276 (PREV_END_EPOCH for the next invocation)
===== [27/324] queries/stackoverflow/SQLStorm/13737.sql run_id=03337BD57577B56D =====
query_runner configuration:
  QUERY_DIR         = queries/stackoverflow/SQLStorm/13737.sql
  LOGS_DIR          = logs/compare/warm_stepup/compare_server001_s1_20261004T161823Z  (query_timing_/query_samples_/query_catalog_stackoverflow_1gb.csv)
  DB_NAME / DB_USER = stackoverflow_1gb / postgres
  PGPORT            = 5432  (server reports 18.6)
  RUN_ID            = 03337BD57577B56D
  WARMUP            = 2 single-copy warm-ups (the first primes the cache)
  BATCH_SIZES       = 1 16  x RUNS=1 measured batches each
  WORKERS           = (planner default)
  STATEMENT_TIMEOUT = 15
  THERMAL_EQUALISE  = gate (T_LO=40 T_HI=60 preheat<=60s cooldown<=120s)
  sensors           = pkg:/sys/class/hwmon/hwmon8/temp1_input cores:4 cpufreq:8 throttle:8/8
  WARMUP_FAIL_SKIP  = on (a failed warm-up skips the query's measured batches)
  IDLE_BASELINE_S   = 5.0 s before each query's measured batches
  SIGLESS_ADDR      = (disabled)
Found 1 query under queries/stackoverflow/SQLStorm/13737.sql

RAPL: powercap, 1 package, domains: pkg core gpu/uncore dram

[1/1] queries/stackoverflow/SQLStorm/13737.sql (2 warmup + step-up 1 16 x1)
  warmup 1/2: 0.623736 sec (cache prime)
  warmup 2/2: 0.325286 sec
  idle baseline: 5.0s, package 0.451 W, dram 0.257 W
  N=1   batch 1/1: 0.324276 sec, 1 copy (server sum 268.438 ms)
  N=16  batch 1/1: 4.262809 sec, 16 copies (server sum 4192.696 ms)
  done: 2 sizes x 1 run (0 failures)

Done. Batch rows appended to logs/compare/warm_stepup/compare_server001_s1_20261004T161823Z/query_timing_stackoverflow_1gb.csv
Per-copy samples appended to logs/compare/warm_stepup/compare_server001_s1_20261004T161823Z/query_samples_stackoverflow_1gb.csv
Idle baselines appended to logs/compare/warm_stepup/compare_server001_s1_20261004T161823Z/query_idle_stackoverflow_1gb.csv
Machine identity appended to logs/compare/warm_stepup/compare_server001_s1_20261004T161823Z/query_runinfo_stackoverflow_1gb.csv
Last batch ended at epoch 1791131562.310 (PREV_END_EPOCH for the next invocation)
===== [28/324] queries/stackoverflow/SQLStorm/32661.sql run_id=6CDC9572AD9FD5B5 =====
query_runner configuration:
  QUERY_DIR         = queries/stackoverflow/SQLStorm/32661.sql
  LOGS_DIR          = logs/compare/warm_stepup/compare_server001_s1_20261004T161823Z  (query_timing_/query_samples_/query_catalog_stackoverflow_1gb.csv)
  DB_NAME / DB_USER = stackoverflow_1gb / postgres
  PGPORT            = 5432  (server reports 18.6)
  RUN_ID            = 6CDC9572AD9FD5B5
  WARMUP            = 2 single-copy warm-ups (the first primes the cache)
  BATCH_SIZES       = 1 16  x RUNS=1 measured batches each
  WORKERS           = (planner default)
  STATEMENT_TIMEOUT = 15
  THERMAL_EQUALISE  = gate (T_LO=40 T_HI=60 preheat<=60s cooldown<=120s)
  sensors           = pkg:/sys/class/hwmon/hwmon8/temp1_input cores:4 cpufreq:8 throttle:8/8
  WARMUP_FAIL_SKIP  = on (a failed warm-up skips the query's measured batches)
  IDLE_BASELINE_S   = 5.0 s before each query's measured batches
  SIGLESS_ADDR      = (disabled)
Found 1 query under queries/stackoverflow/SQLStorm/32661.sql

RAPL: powercap, 1 package, domains: pkg core gpu/uncore dram

[1/1] queries/stackoverflow/SQLStorm/32661.sql (2 warmup + step-up 1 16 x1)
  warmup 1/2: 5.168940 sec (cache prime)
  warmup 2/2: 4.854720 sec
  idle baseline: 5.0s, package 0.491 W, dram 0.257 W
  N=1   batch 1/1: 4.847286 sec, 1 copy (server sum 4787.091 ms)
  N=16  batch 1/1: 71.835961 sec, 16 copies (server sum 71730.356 ms)
  done: 2 sizes x 1 run (0 failures)

Done. Batch rows appended to logs/compare/warm_stepup/compare_server001_s1_20261004T161823Z/query_timing_stackoverflow_1gb.csv
Per-copy samples appended to logs/compare/warm_stepup/compare_server001_s1_20261004T161823Z/query_samples_stackoverflow_1gb.csv
Idle baselines appended to logs/compare/warm_stepup/compare_server001_s1_20261004T161823Z/query_idle_stackoverflow_1gb.csv
Machine identity appended to logs/compare/warm_stepup/compare_server001_s1_20261004T161823Z/query_runinfo_stackoverflow_1gb.csv
Last batch ended at epoch 1791131657.550 (PREV_END_EPOCH for the next invocation)
===== [29/324] compare/probes/probe_sort.sql run_id=043EBCA9437113AB =====
query_runner configuration:
  QUERY_DIR         = compare/probes/probe_sort.sql
  LOGS_DIR          = logs/compare/warm_stepup/compare_server001_s1_20261004T161823Z  (query_timing_/query_samples_/query_catalog_stackoverflow_1gb.csv)
  DB_NAME / DB_USER = stackoverflow_1gb / postgres
  PGPORT            = 5432  (server reports 18.6)
  RUN_ID            = 043EBCA9437113AB
  WARMUP            = 2 single-copy warm-ups (the first primes the cache)
  BATCH_SIZES       = 1 16  x RUNS=1 measured batches each
  WORKERS           = (planner default)
  STATEMENT_TIMEOUT = 15
  THERMAL_EQUALISE  = gate (T_LO=40 T_HI=60 preheat<=60s cooldown<=120s)
  sensors           = pkg:/sys/class/hwmon/hwmon8/temp1_input cores:4 cpufreq:8 throttle:8/8
  WARMUP_FAIL_SKIP  = on (a failed warm-up skips the query's measured batches)
  IDLE_BASELINE_S   = 5.0 s before each query's measured batches
  SIGLESS_ADDR      = (disabled)
Found 1 query under compare/probes/probe_sort.sql

RAPL: powercap, 1 package, domains: pkg core gpu/uncore dram

[1/1] compare/probes/probe_sort.sql (2 warmup + step-up 1 16 x1)
  warmup 1/2: 1.743466 sec (cache prime)
  warmup 2/2: 1.602799 sec
  idle baseline: 5.0s, package 0.447 W, dram 0.256 W
  N=1   batch 1/1: 1.604951 sec, 0 copies
  N=16  batch 1/1: 24.630587 sec, 0 copies
  done: 2 sizes x 1 run (0 failures)

Done. Batch rows appended to logs/compare/warm_stepup/compare_server001_s1_20261004T161823Z/query_timing_stackoverflow_1gb.csv
Per-copy samples appended to logs/compare/warm_stepup/compare_server001_s1_20261004T161823Z/query_samples_stackoverflow_1gb.csv
Idle baselines appended to logs/compare/warm_stepup/compare_server001_s1_20261004T161823Z/query_idle_stackoverflow_1gb.csv
Machine identity appended to logs/compare/warm_stepup/compare_server001_s1_20261004T161823Z/query_runinfo_stackoverflow_1gb.csv
Last batch ended at epoch 1791131695.637 (PREV_END_EPOCH for the next invocation)
===== [30/324] queries/stackoverflow/SQLStorm/14349.sql run_id=36CCC45603445788 =====
query_runner configuration:
  QUERY_DIR         = queries/stackoverflow/SQLStorm/14349.sql
  LOGS_DIR          = logs/compare/warm_stepup/compare_server001_s1_20261004T161823Z  (query_timing_/query_samples_/query_catalog_stackoverflow_1gb.csv)
  DB_NAME / DB_USER = stackoverflow_1gb / postgres
  PGPORT            = 5432  (server reports 18.6)
  RUN_ID            = 36CCC45603445788
  WARMUP            = 2 single-copy warm-ups (the first primes the cache)
  BATCH_SIZES       = 1 16  x RUNS=1 measured batches each
  WORKERS           = (planner default)
  STATEMENT_TIMEOUT = 15
  THERMAL_EQUALISE  = gate (T_LO=40 T_HI=60 preheat<=60s cooldown<=120s)
  sensors           = pkg:/sys/class/hwmon/hwmon8/temp1_input cores:4 cpufreq:8 throttle:8/8
  WARMUP_FAIL_SKIP  = on (a failed warm-up skips the query's measured batches)
  IDLE_BASELINE_S   = 5.0 s before each query's measured batches
  SIGLESS_ADDR      = (disabled)
Found 1 query under queries/stackoverflow/SQLStorm/14349.sql

RAPL: powercap, 1 package, domains: pkg core gpu/uncore dram

[1/1] queries/stackoverflow/SQLStorm/14349.sql (2 warmup + step-up 1 16 x1)
  warmup 1/2: 3.584154 sec (cache prime)
  warmup 2/2: 3.255975 sec
  idle baseline: 5.0s, package 0.458 W, dram 0.256 W
  N=1   batch 1/1: 3.283850 sec, 1 copy (server sum 3228.062 ms)
  N=16  batch 1/1: 51.600042 sec, 16 copies (server sum 51533.336 ms)
  done: 2 sizes x 1 run (0 failures)

Done. Batch rows appended to logs/compare/warm_stepup/compare_server001_s1_20261004T161823Z/query_timing_stackoverflow_1gb.csv
Per-copy samples appended to logs/compare/warm_stepup/compare_server001_s1_20261004T161823Z/query_samples_stackoverflow_1gb.csv
Idle baselines appended to logs/compare/warm_stepup/compare_server001_s1_20261004T161823Z/query_idle_stackoverflow_1gb.csv
Machine identity appended to logs/compare/warm_stepup/compare_server001_s1_20261004T161823Z/query_runinfo_stackoverflow_1gb.csv
Last batch ended at epoch 1791131765.660 (PREV_END_EPOCH for the next invocation)
===== [31/324] queries/stackoverflow/SQLStorm/7184.sql run_id=079DFE62E009A909 =====
query_runner configuration:
  QUERY_DIR         = queries/stackoverflow/SQLStorm/7184.sql
  LOGS_DIR          = logs/compare/warm_stepup/compare_server001_s1_20261004T161823Z  (query_timing_/query_samples_/query_catalog_stackoverflow_1gb.csv)
  DB_NAME / DB_USER = stackoverflow_1gb / postgres
  PGPORT            = 5432  (server reports 18.6)
  RUN_ID            = 079DFE62E009A909
  WARMUP            = 2 single-copy warm-ups (the first primes the cache)
  BATCH_SIZES       = 1 16  x RUNS=1 measured batches each
  WORKERS           = (planner default)
  STATEMENT_TIMEOUT = 15
  THERMAL_EQUALISE  = gate (T_LO=40 T_HI=60 preheat<=60s cooldown<=120s)
  sensors           = pkg:/sys/class/hwmon/hwmon8/temp1_input cores:4 cpufreq:8 throttle:8/8
  WARMUP_FAIL_SKIP  = on (a failed warm-up skips the query's measured batches)
  IDLE_BASELINE_S   = 5.0 s before each query's measured batches
  SIGLESS_ADDR      = (disabled)
Found 1 query under queries/stackoverflow/SQLStorm/7184.sql

RAPL: powercap, 1 package, domains: pkg core gpu/uncore dram

[1/1] queries/stackoverflow/SQLStorm/7184.sql (2 warmup + step-up 1 16 x1)
  warmup 1/2: 0.351523 sec (cache prime)
  warmup 2/2: 0.206491 sec
  idle baseline: 5.0s, package 0.466 W, dram 0.257 W
  N=1   batch 1/1: 0.205069 sec, 1 copy (server sum 148.921 ms)
  N=16  batch 1/1: 2.199871 sec, 16 copies (server sum 2130.256 ms)
  done: 2 sizes x 1 run (0 failures)

Done. Batch rows appended to logs/compare/warm_stepup/compare_server001_s1_20261004T161823Z/query_timing_stackoverflow_1gb.csv
Per-copy samples appended to logs/compare/warm_stepup/compare_server001_s1_20261004T161823Z/query_samples_stackoverflow_1gb.csv
Idle baselines appended to logs/compare/warm_stepup/compare_server001_s1_20261004T161823Z/query_idle_stackoverflow_1gb.csv
Machine identity appended to logs/compare/warm_stepup/compare_server001_s1_20261004T161823Z/query_runinfo_stackoverflow_1gb.csv
Last batch ended at epoch 1791131777.080 (PREV_END_EPOCH for the next invocation)
===== [32/324] queries/stackoverflow/SQLStorm/10937.sql run_id=5810E3BC1A522732 =====
query_runner configuration:
  QUERY_DIR         = queries/stackoverflow/SQLStorm/10937.sql
  LOGS_DIR          = logs/compare/warm_stepup/compare_server001_s1_20261004T161823Z  (query_timing_/query_samples_/query_catalog_stackoverflow_1gb.csv)
  DB_NAME / DB_USER = stackoverflow_1gb / postgres
  PGPORT            = 5432  (server reports 18.6)
  RUN_ID            = 5810E3BC1A522732
  WARMUP            = 2 single-copy warm-ups (the first primes the cache)
  BATCH_SIZES       = 1 16  x RUNS=1 measured batches each
  WORKERS           = (planner default)
  STATEMENT_TIMEOUT = 15
  THERMAL_EQUALISE  = gate (T_LO=40 T_HI=60 preheat<=60s cooldown<=120s)
  sensors           = pkg:/sys/class/hwmon/hwmon8/temp1_input cores:4 cpufreq:8 throttle:8/8
  WARMUP_FAIL_SKIP  = on (a failed warm-up skips the query's measured batches)
  IDLE_BASELINE_S   = 5.0 s before each query's measured batches
  SIGLESS_ADDR      = (disabled)
Found 1 query under queries/stackoverflow/SQLStorm/10937.sql

RAPL: powercap, 1 package, domains: pkg core gpu/uncore dram

[1/1] queries/stackoverflow/SQLStorm/10937.sql (2 warmup + step-up 1 16 x1)
  warmup 1/2: 0.584852 sec (cache prime)
  warmup 2/2: 0.341000 sec
  idle baseline: 5.0s, package 0.501 W, dram 0.256 W
  N=1   batch 1/1: 0.339487 sec, 1 copy (server sum 283.209 ms)
  N=16  batch 1/1: 4.517251 sec, 16 copies (server sum 4446.733 ms)
  done: 2 sizes x 1 run (0 failures)

Done. Batch rows appended to logs/compare/warm_stepup/compare_server001_s1_20261004T161823Z/query_timing_stackoverflow_1gb.csv
Per-copy samples appended to logs/compare/warm_stepup/compare_server001_s1_20261004T161823Z/query_samples_stackoverflow_1gb.csv
Idle baselines appended to logs/compare/warm_stepup/compare_server001_s1_20261004T161823Z/query_idle_stackoverflow_1gb.csv
Machine identity appended to logs/compare/warm_stepup/compare_server001_s1_20261004T161823Z/query_runinfo_stackoverflow_1gb.csv
Last batch ended at epoch 1791131791.075 (PREV_END_EPOCH for the next invocation)
===== [33/324] queries/stackoverflow/SQLStorm/14843.sql run_id=69595707B8C6D0A8 =====
query_runner configuration:
  QUERY_DIR         = queries/stackoverflow/SQLStorm/14843.sql
  LOGS_DIR          = logs/compare/warm_stepup/compare_server001_s1_20261004T161823Z  (query_timing_/query_samples_/query_catalog_stackoverflow_1gb.csv)
  DB_NAME / DB_USER = stackoverflow_1gb / postgres
  PGPORT            = 5432  (server reports 18.6)
  RUN_ID            = 69595707B8C6D0A8
  WARMUP            = 2 single-copy warm-ups (the first primes the cache)
  BATCH_SIZES       = 1 16  x RUNS=1 measured batches each
  WORKERS           = (planner default)
  STATEMENT_TIMEOUT = 15
  THERMAL_EQUALISE  = gate (T_LO=40 T_HI=60 preheat<=60s cooldown<=120s)
  sensors           = pkg:/sys/class/hwmon/hwmon8/temp1_input cores:4 cpufreq:8 throttle:8/8
  WARMUP_FAIL_SKIP  = on (a failed warm-up skips the query's measured batches)
  IDLE_BASELINE_S   = 5.0 s before each query's measured batches
  SIGLESS_ADDR      = (disabled)
Found 1 query under queries/stackoverflow/SQLStorm/14843.sql

RAPL: powercap, 1 package, domains: pkg core gpu/uncore dram

[1/1] queries/stackoverflow/SQLStorm/14843.sql (2 warmup + step-up 1 16 x1)
  warmup 1/2: 0.295441 sec (cache prime)
  warmup 2/2: 0.164833 sec
  idle baseline: 5.0s, package 0.459 W, dram 0.256 W
  N=1   batch 1/1: 0.162481 sec, 1 copy (server sum 106.852 ms)
  N=16  batch 1/1: 1.568889 sec, 16 copies (server sum 1502.929 ms)
  done: 2 sizes x 1 run (0 failures)

Done. Batch rows appended to logs/compare/warm_stepup/compare_server001_s1_20261004T161823Z/query_timing_stackoverflow_1gb.csv
Per-copy samples appended to logs/compare/warm_stepup/compare_server001_s1_20261004T161823Z/query_samples_stackoverflow_1gb.csv
Idle baselines appended to logs/compare/warm_stepup/compare_server001_s1_20261004T161823Z/query_idle_stackoverflow_1gb.csv
Machine identity appended to logs/compare/warm_stepup/compare_server001_s1_20261004T161823Z/query_runinfo_stackoverflow_1gb.csv
Last batch ended at epoch 1791131801.473 (PREV_END_EPOCH for the next invocation)
===== [34/324] queries/stackoverflow/SQLStorm/12128.sql run_id=40C5B3EFA3109350 =====
query_runner configuration:
  QUERY_DIR         = queries/stackoverflow/SQLStorm/12128.sql
  LOGS_DIR          = logs/compare/warm_stepup/compare_server001_s1_20261004T161823Z  (query_timing_/query_samples_/query_catalog_stackoverflow_1gb.csv)
  DB_NAME / DB_USER = stackoverflow_1gb / postgres
  PGPORT            = 5432  (server reports 18.6)
  RUN_ID            = 40C5B3EFA3109350
  WARMUP            = 2 single-copy warm-ups (the first primes the cache)
  BATCH_SIZES       = 1 16  x RUNS=1 measured batches each
  WORKERS           = (planner default)
  STATEMENT_TIMEOUT = 15
  THERMAL_EQUALISE  = gate (T_LO=40 T_HI=60 preheat<=60s cooldown<=120s)
  sensors           = pkg:/sys/class/hwmon/hwmon8/temp1_input cores:4 cpufreq:8 throttle:8/8
  WARMUP_FAIL_SKIP  = on (a failed warm-up skips the query's measured batches)
  IDLE_BASELINE_S   = 5.0 s before each query's measured batches
  SIGLESS_ADDR      = (disabled)
Found 1 query under queries/stackoverflow/SQLStorm/12128.sql

RAPL: powercap, 1 package, domains: pkg core gpu/uncore dram

[1/1] queries/stackoverflow/SQLStorm/12128.sql (2 warmup + step-up 1 16 x1)
  warmup 1/2: 3.733055 sec (cache prime)
  warmup 2/2: 3.516315 sec
  idle baseline: 5.0s, package 0.533 W, dram 0.258 W
  N=1   batch 1/1: 3.494383 sec, 1 copy (server sum 3437.553 ms)
  N=16  batch 1/1: 53.697710 sec, 16 copies (server sum 53618.820 ms)
  done: 2 sizes x 1 run (0 failures)

Done. Batch rows appended to logs/compare/warm_stepup/compare_server001_s1_20261004T161823Z/query_timing_stackoverflow_1gb.csv
Per-copy samples appended to logs/compare/warm_stepup/compare_server001_s1_20261004T161823Z/query_samples_stackoverflow_1gb.csv
Idle baselines appended to logs/compare/warm_stepup/compare_server001_s1_20261004T161823Z/query_idle_stackoverflow_1gb.csv
Machine identity appended to logs/compare/warm_stepup/compare_server001_s1_20261004T161823Z/query_runinfo_stackoverflow_1gb.csv
Last batch ended at epoch 1791131874.213 (PREV_END_EPOCH for the next invocation)
===== [35/324] queries/stackoverflow/SQLStorm/1255.sql run_id=96F2D9102D202CD4 =====
query_runner configuration:
  QUERY_DIR         = queries/stackoverflow/SQLStorm/1255.sql
  LOGS_DIR          = logs/compare/warm_stepup/compare_server001_s1_20261004T161823Z  (query_timing_/query_samples_/query_catalog_stackoverflow_1gb.csv)
  DB_NAME / DB_USER = stackoverflow_1gb / postgres
  PGPORT            = 5432  (server reports 18.6)
  RUN_ID            = 96F2D9102D202CD4
  WARMUP            = 2 single-copy warm-ups (the first primes the cache)
  BATCH_SIZES       = 1 16  x RUNS=1 measured batches each
  WORKERS           = (planner default)
  STATEMENT_TIMEOUT = 15
  THERMAL_EQUALISE  = gate (T_LO=40 T_HI=60 preheat<=60s cooldown<=120s)
  sensors           = pkg:/sys/class/hwmon/hwmon8/temp1_input cores:4 cpufreq:8 throttle:8/8
  WARMUP_FAIL_SKIP  = on (a failed warm-up skips the query's measured batches)
  IDLE_BASELINE_S   = 5.0 s before each query's measured batches
  SIGLESS_ADDR      = (disabled)
Found 1 query under queries/stackoverflow/SQLStorm/1255.sql

RAPL: powercap, 1 package, domains: pkg core gpu/uncore dram

[1/1] queries/stackoverflow/SQLStorm/1255.sql (2 warmup + step-up 1 16 x1)
  warmup 1/2: 0.774110 sec (cache prime)
  warmup 2/2: 0.434889 sec
  idle baseline: 5.0s, package 0.508 W, dram 0.257 W
  N=1   batch 1/1: 0.452205 sec, 1 copy (server sum 394.951 ms)
  N=16  batch 1/1: 5.480931 sec, 16 copies (server sum 5400.502 ms)
  done: 2 sizes x 1 run (0 failures)

Done. Batch rows appended to logs/compare/warm_stepup/compare_server001_s1_20261004T161823Z/query_timing_stackoverflow_1gb.csv
Per-copy samples appended to logs/compare/warm_stepup/compare_server001_s1_20261004T161823Z/query_samples_stackoverflow_1gb.csv
Idle baselines appended to logs/compare/warm_stepup/compare_server001_s1_20261004T161823Z/query_idle_stackoverflow_1gb.csv
Machine identity appended to logs/compare/warm_stepup/compare_server001_s1_20261004T161823Z/query_runinfo_stackoverflow_1gb.csv
Last batch ended at epoch 1791131889.839 (PREV_END_EPOCH for the next invocation)
===== [36/324] queries/stackoverflow/SQLStorm/16378.sql run_id=E19EC3A838229183 =====
query_runner configuration:
  QUERY_DIR         = queries/stackoverflow/SQLStorm/16378.sql
  LOGS_DIR          = logs/compare/warm_stepup/compare_server001_s1_20261004T161823Z  (query_timing_/query_samples_/query_catalog_stackoverflow_1gb.csv)
  DB_NAME / DB_USER = stackoverflow_1gb / postgres
  PGPORT            = 5432  (server reports 18.6)
  RUN_ID            = E19EC3A838229183
  WARMUP            = 2 single-copy warm-ups (the first primes the cache)
  BATCH_SIZES       = 1 16  x RUNS=1 measured batches each
  WORKERS           = (planner default)
  STATEMENT_TIMEOUT = 15
  THERMAL_EQUALISE  = gate (T_LO=40 T_HI=60 preheat<=60s cooldown<=120s)
  sensors           = pkg:/sys/class/hwmon/hwmon8/temp1_input cores:4 cpufreq:8 throttle:8/8
  WARMUP_FAIL_SKIP  = on (a failed warm-up skips the query's measured batches)
  IDLE_BASELINE_S   = 5.0 s before each query's measured batches
  SIGLESS_ADDR      = (disabled)
Found 1 query under queries/stackoverflow/SQLStorm/16378.sql

RAPL: powercap, 1 package, domains: pkg core gpu/uncore dram

[1/1] queries/stackoverflow/SQLStorm/16378.sql (2 warmup + step-up 1 16 x1)
  warmup 1/2: 0.684402 sec (cache prime)
  warmup 2/2: 0.560959 sec
  idle baseline: 5.0s, package 0.468 W, dram 0.255 W
  N=1   batch 1/1: 0.568665 sec, 1 copy (server sum 511.877 ms)
  N=16  batch 1/1: 7.325374 sec, 16 copies (server sum 7233.686 ms)
  done: 2 sizes x 1 run (0 failures)

Done. Batch rows appended to logs/compare/warm_stepup/compare_server001_s1_20261004T161823Z/query_timing_stackoverflow_1gb.csv
Per-copy samples appended to logs/compare/warm_stepup/compare_server001_s1_20261004T161823Z/query_samples_stackoverflow_1gb.csv
Idle baselines appended to logs/compare/warm_stepup/compare_server001_s1_20261004T161823Z/query_idle_stackoverflow_1gb.csv
Machine identity appended to logs/compare/warm_stepup/compare_server001_s1_20261004T161823Z/query_runinfo_stackoverflow_1gb.csv
Last batch ended at epoch 1791131907.278 (PREV_END_EPOCH for the next invocation)
===== [37/324] queries/stackoverflow/SQLStorm/2863.sql run_id=CA6468B02B541B73 =====
query_runner configuration:
  QUERY_DIR         = queries/stackoverflow/SQLStorm/2863.sql
  LOGS_DIR          = logs/compare/warm_stepup/compare_server001_s1_20261004T161823Z  (query_timing_/query_samples_/query_catalog_stackoverflow_1gb.csv)
  DB_NAME / DB_USER = stackoverflow_1gb / postgres
  PGPORT            = 5432  (server reports 18.6)
  RUN_ID            = CA6468B02B541B73
  WARMUP            = 2 single-copy warm-ups (the first primes the cache)
  BATCH_SIZES       = 1 16  x RUNS=1 measured batches each
  WORKERS           = (planner default)
  STATEMENT_TIMEOUT = 15
  THERMAL_EQUALISE  = gate (T_LO=40 T_HI=60 preheat<=60s cooldown<=120s)
  sensors           = pkg:/sys/class/hwmon/hwmon8/temp1_input cores:4 cpufreq:8 throttle:8/8
  WARMUP_FAIL_SKIP  = on (a failed warm-up skips the query's measured batches)
  IDLE_BASELINE_S   = 5.0 s before each query's measured batches
  SIGLESS_ADDR      = (disabled)
Found 1 query under queries/stackoverflow/SQLStorm/2863.sql

RAPL: powercap, 1 package, domains: pkg core gpu/uncore dram

[1/1] queries/stackoverflow/SQLStorm/2863.sql (2 warmup + step-up 1 16 x1)
  warmup 1/2: 2.110992 sec (cache prime)
  warmup 2/2: 1.476084 sec
  idle baseline: 5.0s, package 0.435 W, dram 0.255 W
  N=1   batch 1/1: 1.477975 sec, 1 copy (server sum 1419.651 ms)
  N=16  batch 1/1: 21.518927 sec, 16 copies (server sum 21388.751 ms)
  done: 2 sizes x 1 run (0 failures)

Done. Batch rows appended to logs/compare/warm_stepup/compare_server001_s1_20261004T161823Z/query_timing_stackoverflow_1gb.csv
Per-copy samples appended to logs/compare/warm_stepup/compare_server001_s1_20261004T161823Z/query_samples_stackoverflow_1gb.csv
Idle baselines appended to logs/compare/warm_stepup/compare_server001_s1_20261004T161823Z/query_idle_stackoverflow_1gb.csv
Machine identity appended to logs/compare/warm_stepup/compare_server001_s1_20261004T161823Z/query_runinfo_stackoverflow_1gb.csv
Last batch ended at epoch 1791131942.353 (PREV_END_EPOCH for the next invocation)
===== [38/324] queries/stackoverflow/SQLStorm/11124.sql run_id=167B61A5D94EA124 =====
query_runner configuration:
  QUERY_DIR         = queries/stackoverflow/SQLStorm/11124.sql
  LOGS_DIR          = logs/compare/warm_stepup/compare_server001_s1_20261004T161823Z  (query_timing_/query_samples_/query_catalog_stackoverflow_1gb.csv)
  DB_NAME / DB_USER = stackoverflow_1gb / postgres
  PGPORT            = 5432  (server reports 18.6)
  RUN_ID            = 167B61A5D94EA124
  WARMUP            = 2 single-copy warm-ups (the first primes the cache)
  BATCH_SIZES       = 1 16  x RUNS=1 measured batches each
  WORKERS           = (planner default)
  STATEMENT_TIMEOUT = 15
  THERMAL_EQUALISE  = gate (T_LO=40 T_HI=60 preheat<=60s cooldown<=120s)
  sensors           = pkg:/sys/class/hwmon/hwmon8/temp1_input cores:4 cpufreq:8 throttle:8/8
  WARMUP_FAIL_SKIP  = on (a failed warm-up skips the query's measured batches)
  IDLE_BASELINE_S   = 5.0 s before each query's measured batches
  SIGLESS_ADDR      = (disabled)
Found 1 query under queries/stackoverflow/SQLStorm/11124.sql

RAPL: powercap, 1 package, domains: pkg core gpu/uncore dram

[1/1] queries/stackoverflow/SQLStorm/11124.sql (2 warmup + step-up 1 16 x1)
  warmup 1/2: 0.483950 sec (cache prime)
  warmup 2/2: 0.185761 sec
  idle baseline: 5.0s, package 0.520 W, dram 0.257 W
  N=1   batch 1/1: 0.186679 sec, 1 copy (server sum 129.917 ms)
  N=16  batch 1/1: 2.041650 sec, 16 copies (server sum 1965.090 ms)
  done: 2 sizes x 1 run (0 failures)

Done. Batch rows appended to logs/compare/warm_stepup/compare_server001_s1_20261004T161823Z/query_timing_stackoverflow_1gb.csv
Per-copy samples appended to logs/compare/warm_stepup/compare_server001_s1_20261004T161823Z/query_samples_stackoverflow_1gb.csv
Idle baselines appended to logs/compare/warm_stepup/compare_server001_s1_20261004T161823Z/query_idle_stackoverflow_1gb.csv
Machine identity appended to logs/compare/warm_stepup/compare_server001_s1_20261004T161823Z/query_runinfo_stackoverflow_1gb.csv
Last batch ended at epoch 1791131953.763 (PREV_END_EPOCH for the next invocation)
===== [39/324] queries/stackoverflow/SQLStorm/14510.sql run_id=B936C0402C3AA9B6 =====
query_runner configuration:
  QUERY_DIR         = queries/stackoverflow/SQLStorm/14510.sql
  LOGS_DIR          = logs/compare/warm_stepup/compare_server001_s1_20261004T161823Z  (query_timing_/query_samples_/query_catalog_stackoverflow_1gb.csv)
  DB_NAME / DB_USER = stackoverflow_1gb / postgres
  PGPORT            = 5432  (server reports 18.6)
  RUN_ID            = B936C0402C3AA9B6
  WARMUP            = 2 single-copy warm-ups (the first primes the cache)
  BATCH_SIZES       = 1 16  x RUNS=1 measured batches each
  WORKERS           = (planner default)
  STATEMENT_TIMEOUT = 15
  THERMAL_EQUALISE  = gate (T_LO=40 T_HI=60 preheat<=60s cooldown<=120s)
  sensors           = pkg:/sys/class/hwmon/hwmon8/temp1_input cores:4 cpufreq:8 throttle:8/8
  WARMUP_FAIL_SKIP  = on (a failed warm-up skips the query's measured batches)
  IDLE_BASELINE_S   = 5.0 s before each query's measured batches
  SIGLESS_ADDR      = (disabled)
Found 1 query under queries/stackoverflow/SQLStorm/14510.sql

RAPL: powercap, 1 package, domains: pkg core gpu/uncore dram

[1/1] queries/stackoverflow/SQLStorm/14510.sql (2 warmup + step-up 1 16 x1)
  warmup 1/2: 4.619052 sec (cache prime)
  warmup 2/2: 3.402924 sec
  idle baseline: 5.0s, package 0.489 W, dram 0.256 W
  N=1   batch 1/1: 3.416726 sec, 1 copy (server sum 3359.178 ms)
  N=16  batch 1/1: 53.929964 sec, 16 copies (server sum 53845.994 ms)
  done: 2 sizes x 1 run (0 failures)

Done. Batch rows appended to logs/compare/warm_stepup/compare_server001_s1_20261004T161823Z/query_timing_stackoverflow_1gb.csv
Per-copy samples appended to logs/compare/warm_stepup/compare_server001_s1_20261004T161823Z/query_samples_stackoverflow_1gb.csv
Idle baselines appended to logs/compare/warm_stepup/compare_server001_s1_20261004T161823Z/query_idle_stackoverflow_1gb.csv
Machine identity appended to logs/compare/warm_stepup/compare_server001_s1_20261004T161823Z/query_runinfo_stackoverflow_1gb.csv
Last batch ended at epoch 1791132027.738 (PREV_END_EPOCH for the next invocation)
===== [40/324] queries/stackoverflow/SQLStorm/13512.sql run_id=0D695F2AEB190346 =====
query_runner configuration:
  QUERY_DIR         = queries/stackoverflow/SQLStorm/13512.sql
  LOGS_DIR          = logs/compare/warm_stepup/compare_server001_s1_20261004T161823Z  (query_timing_/query_samples_/query_catalog_stackoverflow_1gb.csv)
  DB_NAME / DB_USER = stackoverflow_1gb / postgres
  PGPORT            = 5432  (server reports 18.6)
  RUN_ID            = 0D695F2AEB190346
  WARMUP            = 2 single-copy warm-ups (the first primes the cache)
  BATCH_SIZES       = 1 16  x RUNS=1 measured batches each
  WORKERS           = (planner default)
  STATEMENT_TIMEOUT = 15
  THERMAL_EQUALISE  = gate (T_LO=40 T_HI=60 preheat<=60s cooldown<=120s)
  sensors           = pkg:/sys/class/hwmon/hwmon8/temp1_input cores:4 cpufreq:8 throttle:8/8
  WARMUP_FAIL_SKIP  = on (a failed warm-up skips the query's measured batches)
  IDLE_BASELINE_S   = 5.0 s before each query's measured batches
  SIGLESS_ADDR      = (disabled)
Found 1 query under queries/stackoverflow/SQLStorm/13512.sql

RAPL: powercap, 1 package, domains: pkg core gpu/uncore dram

[1/1] queries/stackoverflow/SQLStorm/13512.sql (2 warmup + step-up 1 16 x1)
  warmup 1/2: 7.371937 sec (cache prime)
  warmup 2/2: 5.642929 sec
  idle baseline: 5.0s, package 0.458 W, dram 0.257 W
  N=1   batch 1/1: 5.631748 sec, 1 copy (server sum 5574.502 ms)
  N=16  batch 1/1: 88.817333 sec, 16 copies (server sum 88736.226 ms)
  done: 2 sizes x 1 run (0 failures)

Done. Batch rows appended to logs/compare/warm_stepup/compare_server001_s1_20261004T161823Z/query_timing_stackoverflow_1gb.csv
Per-copy samples appended to logs/compare/warm_stepup/compare_server001_s1_20261004T161823Z/query_samples_stackoverflow_1gb.csv
Idle baselines appended to logs/compare/warm_stepup/compare_server001_s1_20261004T161823Z/query_idle_stackoverflow_1gb.csv
Machine identity appended to logs/compare/warm_stepup/compare_server001_s1_20261004T161823Z/query_runinfo_stackoverflow_1gb.csv
Last batch ended at epoch 1791132143.828 (PREV_END_EPOCH for the next invocation)
===== [41/324] queries/stackoverflow/SQLStorm/12477.sql run_id=85573B2B9BABBF8B =====
query_runner configuration:
  QUERY_DIR         = queries/stackoverflow/SQLStorm/12477.sql
  LOGS_DIR          = logs/compare/warm_stepup/compare_server001_s1_20261004T161823Z  (query_timing_/query_samples_/query_catalog_stackoverflow_1gb.csv)
  DB_NAME / DB_USER = stackoverflow_1gb / postgres
  PGPORT            = 5432  (server reports 18.6)
  RUN_ID            = 85573B2B9BABBF8B
  WARMUP            = 2 single-copy warm-ups (the first primes the cache)
  BATCH_SIZES       = 1 16  x RUNS=1 measured batches each
  WORKERS           = (planner default)
  STATEMENT_TIMEOUT = 15
  THERMAL_EQUALISE  = gate (T_LO=40 T_HI=60 preheat<=60s cooldown<=120s)
  sensors           = pkg:/sys/class/hwmon/hwmon8/temp1_input cores:4 cpufreq:8 throttle:8/8
  WARMUP_FAIL_SKIP  = on (a failed warm-up skips the query's measured batches)
  IDLE_BASELINE_S   = 5.0 s before each query's measured batches
  SIGLESS_ADDR      = (disabled)
Found 1 query under queries/stackoverflow/SQLStorm/12477.sql

RAPL: powercap, 1 package, domains: pkg core gpu/uncore dram

[1/1] queries/stackoverflow/SQLStorm/12477.sql (2 warmup + step-up 1 16 x1)
  warmup 1/2: 2.691636 sec (cache prime)
  warmup 2/2: 2.423935 sec
  idle baseline: 5.0s, package 0.482 W, dram 0.256 W
  N=1   batch 1/1: 2.428321 sec, 1 copy (server sum 2370.922 ms)
  N=16  batch 1/1: 36.542646 sec, 16 copies (server sum 36461.864 ms)
  done: 2 sizes x 1 run (0 failures)

Done. Batch rows appended to logs/compare/warm_stepup/compare_server001_s1_20261004T161823Z/query_timing_stackoverflow_1gb.csv
Per-copy samples appended to logs/compare/warm_stepup/compare_server001_s1_20261004T161823Z/query_samples_stackoverflow_1gb.csv
Idle baselines appended to logs/compare/warm_stepup/compare_server001_s1_20261004T161823Z/query_idle_stackoverflow_1gb.csv
Machine identity appended to logs/compare/warm_stepup/compare_server001_s1_20261004T161823Z/query_runinfo_stackoverflow_1gb.csv
Last batch ended at epoch 1791132196.569 (PREV_END_EPOCH for the next invocation)
===== [42/324] queries/stackoverflow/SQLStorm/20426.sql run_id=F19E6812B67967A9 =====
query_runner configuration:
  QUERY_DIR         = queries/stackoverflow/SQLStorm/20426.sql
  LOGS_DIR          = logs/compare/warm_stepup/compare_server001_s1_20261004T161823Z  (query_timing_/query_samples_/query_catalog_stackoverflow_1gb.csv)
  DB_NAME / DB_USER = stackoverflow_1gb / postgres
  PGPORT            = 5432  (server reports 18.6)
  RUN_ID            = F19E6812B67967A9
  WARMUP            = 2 single-copy warm-ups (the first primes the cache)
  BATCH_SIZES       = 1 16  x RUNS=1 measured batches each
  WORKERS           = (planner default)
  STATEMENT_TIMEOUT = 15
  THERMAL_EQUALISE  = gate (T_LO=40 T_HI=60 preheat<=60s cooldown<=120s)
  sensors           = pkg:/sys/class/hwmon/hwmon8/temp1_input cores:4 cpufreq:8 throttle:8/8
  WARMUP_FAIL_SKIP  = on (a failed warm-up skips the query's measured batches)
  IDLE_BASELINE_S   = 5.0 s before each query's measured batches
  SIGLESS_ADDR      = (disabled)
Found 1 query under queries/stackoverflow/SQLStorm/20426.sql

RAPL: powercap, 1 package, domains: pkg core gpu/uncore dram

[1/1] queries/stackoverflow/SQLStorm/20426.sql (2 warmup + step-up 1 16 x1)
  warmup 1/2: 5.286706 sec (cache prime)
  warmup 2/2: 3.754579 sec
  idle baseline: 5.0s, package 0.464 W, dram 0.257 W
  N=1   batch 1/1: 3.777470 sec, 1 copy (server sum 3718.479 ms)
  N=16  batch 1/1: 56.841530 sec, 16 copies (server sum 56745.917 ms)
  done: 2 sizes x 1 run (0 failures)

Done. Batch rows appended to logs/compare/warm_stepup/compare_server001_s1_20261004T161823Z/query_timing_stackoverflow_1gb.csv
Per-copy samples appended to logs/compare/warm_stepup/compare_server001_s1_20261004T161823Z/query_samples_stackoverflow_1gb.csv
Idle baselines appended to logs/compare/warm_stepup/compare_server001_s1_20261004T161823Z/query_idle_stackoverflow_1gb.csv
Machine identity appended to logs/compare/warm_stepup/compare_server001_s1_20261004T161823Z/query_runinfo_stackoverflow_1gb.csv
Last batch ended at epoch 1791132274.602 (PREV_END_EPOCH for the next invocation)
===== [43/324] queries/stackoverflow/SQLStorm/6957.sql run_id=F2FDF8CB4B9419AF =====
query_runner configuration:
  QUERY_DIR         = queries/stackoverflow/SQLStorm/6957.sql
  LOGS_DIR          = logs/compare/warm_stepup/compare_server001_s1_20261004T161823Z  (query_timing_/query_samples_/query_catalog_stackoverflow_1gb.csv)
  DB_NAME / DB_USER = stackoverflow_1gb / postgres
  PGPORT            = 5432  (server reports 18.6)
  RUN_ID            = F2FDF8CB4B9419AF
  WARMUP            = 2 single-copy warm-ups (the first primes the cache)
  BATCH_SIZES       = 1 16  x RUNS=1 measured batches each
  WORKERS           = (planner default)
  STATEMENT_TIMEOUT = 15
  THERMAL_EQUALISE  = gate (T_LO=40 T_HI=60 preheat<=60s cooldown<=120s)
  sensors           = pkg:/sys/class/hwmon/hwmon8/temp1_input cores:4 cpufreq:8 throttle:8/8
  WARMUP_FAIL_SKIP  = on (a failed warm-up skips the query's measured batches)
  IDLE_BASELINE_S   = 5.0 s before each query's measured batches
  SIGLESS_ADDR      = (disabled)
Found 1 query under queries/stackoverflow/SQLStorm/6957.sql

RAPL: powercap, 1 package, domains: pkg core gpu/uncore dram

[1/1] queries/stackoverflow/SQLStorm/6957.sql (2 warmup + step-up 1 16 x1)
  warmup 1/2: 1.063152 sec (cache prime)
  warmup 2/2: 0.440431 sec
  idle baseline: 5.0s, package 0.509 W, dram 0.256 W
  N=1   batch 1/1: 0.443391 sec, 1 copy (server sum 384.995 ms)
  N=16  batch 1/1: 5.774485 sec, 16 copies (server sum 5683.487 ms)
  done: 2 sizes x 1 run (0 failures)

Done. Batch rows appended to logs/compare/warm_stepup/compare_server001_s1_20261004T161823Z/query_timing_stackoverflow_1gb.csv
Per-copy samples appended to logs/compare/warm_stepup/compare_server001_s1_20261004T161823Z/query_samples_stackoverflow_1gb.csv
Idle baselines appended to logs/compare/warm_stepup/compare_server001_s1_20261004T161823Z/query_idle_stackoverflow_1gb.csv
Machine identity appended to logs/compare/warm_stepup/compare_server001_s1_20261004T161823Z/query_runinfo_stackoverflow_1gb.csv
Last batch ended at epoch 1791132291.034 (PREV_END_EPOCH for the next invocation)
===== [44/324] queries/stackoverflow/SQLStorm/7046.sql run_id=4566E49A70CC7A58 =====
query_runner configuration:
  QUERY_DIR         = queries/stackoverflow/SQLStorm/7046.sql
  LOGS_DIR          = logs/compare/warm_stepup/compare_server001_s1_20261004T161823Z  (query_timing_/query_samples_/query_catalog_stackoverflow_1gb.csv)
  DB_NAME / DB_USER = stackoverflow_1gb / postgres
  PGPORT            = 5432  (server reports 18.6)
  RUN_ID            = 4566E49A70CC7A58
  WARMUP            = 2 single-copy warm-ups (the first primes the cache)
  BATCH_SIZES       = 1 16  x RUNS=1 measured batches each
  WORKERS           = (planner default)
  STATEMENT_TIMEOUT = 15
  THERMAL_EQUALISE  = gate (T_LO=40 T_HI=60 preheat<=60s cooldown<=120s)
  sensors           = pkg:/sys/class/hwmon/hwmon8/temp1_input cores:4 cpufreq:8 throttle:8/8
  WARMUP_FAIL_SKIP  = on (a failed warm-up skips the query's measured batches)
  IDLE_BASELINE_S   = 5.0 s before each query's measured batches
  SIGLESS_ADDR      = (disabled)
Found 1 query under queries/stackoverflow/SQLStorm/7046.sql

RAPL: powercap, 1 package, domains: pkg core gpu/uncore dram

[1/1] queries/stackoverflow/SQLStorm/7046.sql (2 warmup + step-up 1 16 x1)
  warmup 1/2: 3.058938 sec (cache prime)
  warmup 2/2: 2.373140 sec
  idle baseline: 5.0s, package 0.492 W, dram 0.257 W
  N=1   batch 1/1: 2.406141 sec, 1 copy (server sum 2348.346 ms)
  N=16  batch 1/1: 35.717444 sec, 16 copies (server sum 35632.100 ms)
  done: 2 sizes x 1 run (0 failures)

Done. Batch rows appended to logs/compare/warm_stepup/compare_server001_s1_20261004T161823Z/query_timing_stackoverflow_1gb.csv
Per-copy samples appended to logs/compare/warm_stepup/compare_server001_s1_20261004T161823Z/query_samples_stackoverflow_1gb.csv
Idle baselines appended to logs/compare/warm_stepup/compare_server001_s1_20261004T161823Z/query_idle_stackoverflow_1gb.csv
Machine identity appended to logs/compare/warm_stepup/compare_server001_s1_20261004T161823Z/query_runinfo_stackoverflow_1gb.csv
Last batch ended at epoch 1791132343.362 (PREV_END_EPOCH for the next invocation)
===== [45/324] queries/stackoverflow/SQLStorm/13330.sql run_id=0B73BCA3B983C911 =====
query_runner configuration:
  QUERY_DIR         = queries/stackoverflow/SQLStorm/13330.sql
  LOGS_DIR          = logs/compare/warm_stepup/compare_server001_s1_20261004T161823Z  (query_timing_/query_samples_/query_catalog_stackoverflow_1gb.csv)
  DB_NAME / DB_USER = stackoverflow_1gb / postgres
  PGPORT            = 5432  (server reports 18.6)
  RUN_ID            = 0B73BCA3B983C911
  WARMUP            = 2 single-copy warm-ups (the first primes the cache)
  BATCH_SIZES       = 1 16  x RUNS=1 measured batches each
  WORKERS           = (planner default)
  STATEMENT_TIMEOUT = 15
  THERMAL_EQUALISE  = gate (T_LO=40 T_HI=60 preheat<=60s cooldown<=120s)
  sensors           = pkg:/sys/class/hwmon/hwmon8/temp1_input cores:4 cpufreq:8 throttle:8/8
  WARMUP_FAIL_SKIP  = on (a failed warm-up skips the query's measured batches)
  IDLE_BASELINE_S   = 5.0 s before each query's measured batches
  SIGLESS_ADDR      = (disabled)
Found 1 query under queries/stackoverflow/SQLStorm/13330.sql

RAPL: powercap, 1 package, domains: pkg core gpu/uncore dram

[1/1] queries/stackoverflow/SQLStorm/13330.sql (2 warmup + step-up 1 16 x1)
  warmup 1/2: 0.306467 sec (cache prime)
  warmup 2/2: 0.102161 sec
  idle baseline: 5.0s, package 0.477 W, dram 0.256 W
  N=1   batch 1/1: 0.101832 sec, 1 copy (server sum 45.976 ms)
  N=16  batch 1/1: 0.729113 sec, 16 copies (server sum 662.312 ms)
  done: 2 sizes x 1 run (0 failures)

Done. Batch rows appended to logs/compare/warm_stepup/compare_server001_s1_20261004T161823Z/query_timing_stackoverflow_1gb.csv
Per-copy samples appended to logs/compare/warm_stepup/compare_server001_s1_20261004T161823Z/query_samples_stackoverflow_1gb.csv
Idle baselines appended to logs/compare/warm_stepup/compare_server001_s1_20261004T161823Z/query_idle_stackoverflow_1gb.csv
Machine identity appended to logs/compare/warm_stepup/compare_server001_s1_20261004T161823Z/query_runinfo_stackoverflow_1gb.csv
Last batch ended at epoch 1791132353.174 (PREV_END_EPOCH for the next invocation)
===== [46/324] queries/stackoverflow/SQLStorm/2243.sql run_id=F71E6BF3F3D7AD3B =====
query_runner configuration:
  QUERY_DIR         = queries/stackoverflow/SQLStorm/2243.sql
  LOGS_DIR          = logs/compare/warm_stepup/compare_server001_s1_20261004T161823Z  (query_timing_/query_samples_/query_catalog_stackoverflow_1gb.csv)
  DB_NAME / DB_USER = stackoverflow_1gb / postgres
  PGPORT            = 5432  (server reports 18.6)
  RUN_ID            = F71E6BF3F3D7AD3B
  WARMUP            = 2 single-copy warm-ups (the first primes the cache)
  BATCH_SIZES       = 1 16  x RUNS=1 measured batches each
  WORKERS           = (planner default)
  STATEMENT_TIMEOUT = 15
  THERMAL_EQUALISE  = gate (T_LO=40 T_HI=60 preheat<=60s cooldown<=120s)
  sensors           = pkg:/sys/class/hwmon/hwmon8/temp1_input cores:4 cpufreq:8 throttle:8/8
  WARMUP_FAIL_SKIP  = on (a failed warm-up skips the query's measured batches)
  IDLE_BASELINE_S   = 5.0 s before each query's measured batches
  SIGLESS_ADDR      = (disabled)
Found 1 query under queries/stackoverflow/SQLStorm/2243.sql

RAPL: powercap, 1 package, domains: pkg core gpu/uncore dram

[1/1] queries/stackoverflow/SQLStorm/2243.sql (2 warmup + step-up 1 16 x1)
  warmup 1/2: 1.682047 sec (cache prime)
  warmup 2/2: 1.374580 sec
  idle baseline: 5.0s, package 0.488 W, dram 0.257 W
  N=1   batch 1/1: 1.368838 sec, 1 copy (server sum 1310.942 ms)
  N=16  batch 1/1: 19.932127 sec, 16 copies (server sum 19843.587 ms)
  done: 2 sizes x 1 run (0 failures)

Done. Batch rows appended to logs/compare/warm_stepup/compare_server001_s1_20261004T161823Z/query_timing_stackoverflow_1gb.csv
Per-copy samples appended to logs/compare/warm_stepup/compare_server001_s1_20261004T161823Z/query_samples_stackoverflow_1gb.csv
Idle baselines appended to logs/compare/warm_stepup/compare_server001_s1_20261004T161823Z/query_idle_stackoverflow_1gb.csv
Machine identity appended to logs/compare/warm_stepup/compare_server001_s1_20261004T161823Z/query_runinfo_stackoverflow_1gb.csv
Last batch ended at epoch 1791132385.817 (PREV_END_EPOCH for the next invocation)
===== [47/324] queries/stackoverflow/SQLStorm/13386.sql run_id=F8328E303DDB01EB =====
query_runner configuration:
  QUERY_DIR         = queries/stackoverflow/SQLStorm/13386.sql
  LOGS_DIR          = logs/compare/warm_stepup/compare_server001_s1_20261004T161823Z  (query_timing_/query_samples_/query_catalog_stackoverflow_1gb.csv)
  DB_NAME / DB_USER = stackoverflow_1gb / postgres
  PGPORT            = 5432  (server reports 18.6)
  RUN_ID            = F8328E303DDB01EB
  WARMUP            = 2 single-copy warm-ups (the first primes the cache)
  BATCH_SIZES       = 1 16  x RUNS=1 measured batches each
  WORKERS           = (planner default)
  STATEMENT_TIMEOUT = 15
  THERMAL_EQUALISE  = gate (T_LO=40 T_HI=60 preheat<=60s cooldown<=120s)
  sensors           = pkg:/sys/class/hwmon/hwmon8/temp1_input cores:4 cpufreq:8 throttle:8/8
  WARMUP_FAIL_SKIP  = on (a failed warm-up skips the query's measured batches)
  IDLE_BASELINE_S   = 5.0 s before each query's measured batches
  SIGLESS_ADDR      = (disabled)
Found 1 query under queries/stackoverflow/SQLStorm/13386.sql

RAPL: powercap, 1 package, domains: pkg core gpu/uncore dram

[1/1] queries/stackoverflow/SQLStorm/13386.sql (2 warmup + step-up 1 16 x1)
  warmup 1/2: 2.056676 sec (cache prime)
  warmup 2/2: 1.815303 sec
  idle baseline: 5.0s, package 0.453 W, dram 0.255 W
  N=1   batch 1/1: 1.814948 sec, 1 copy (server sum 1758.991 ms)
  N=16  batch 1/1: 27.372041 sec, 16 copies (server sum 27301.678 ms)
  done: 2 sizes x 1 run (0 failures)

Done. Batch rows appended to logs/compare/warm_stepup/compare_server001_s1_20261004T161823Z/query_timing_stackoverflow_1gb.csv
Per-copy samples appended to logs/compare/warm_stepup/compare_server001_s1_20261004T161823Z/query_samples_stackoverflow_1gb.csv
Idle baselines appended to logs/compare/warm_stepup/compare_server001_s1_20261004T161823Z/query_idle_stackoverflow_1gb.csv
Machine identity appended to logs/compare/warm_stepup/compare_server001_s1_20261004T161823Z/query_runinfo_stackoverflow_1gb.csv
Last batch ended at epoch 1791132427.527 (PREV_END_EPOCH for the next invocation)
===== [48/324] queries/stackoverflow/SQLStorm/14978.sql run_id=2DAE587C8CCE202E =====
query_runner configuration:
  QUERY_DIR         = queries/stackoverflow/SQLStorm/14978.sql
  LOGS_DIR          = logs/compare/warm_stepup/compare_server001_s1_20261004T161823Z  (query_timing_/query_samples_/query_catalog_stackoverflow_1gb.csv)
  DB_NAME / DB_USER = stackoverflow_1gb / postgres
  PGPORT            = 5432  (server reports 18.6)
  RUN_ID            = 2DAE587C8CCE202E
  WARMUP            = 2 single-copy warm-ups (the first primes the cache)
  BATCH_SIZES       = 1 16  x RUNS=1 measured batches each
  WORKERS           = (planner default)
  STATEMENT_TIMEOUT = 15
  THERMAL_EQUALISE  = gate (T_LO=40 T_HI=60 preheat<=60s cooldown<=120s)
  sensors           = pkg:/sys/class/hwmon/hwmon8/temp1_input cores:4 cpufreq:8 throttle:8/8
  WARMUP_FAIL_SKIP  = on (a failed warm-up skips the query's measured batches)
  IDLE_BASELINE_S   = 5.0 s before each query's measured batches
  SIGLESS_ADDR      = (disabled)
Found 1 query under queries/stackoverflow/SQLStorm/14978.sql

RAPL: powercap, 1 package, domains: pkg core gpu/uncore dram

[1/1] queries/stackoverflow/SQLStorm/14978.sql (2 warmup + step-up 1 16 x1)
  warmup 1/2: 0.314171 sec (cache prime)
  warmup 2/2: 0.157972 sec
  idle baseline: 5.0s, package 0.466 W, dram 0.256 W
  N=1   batch 1/1: 0.156990 sec, 1 copy (server sum 101.035 ms)
  N=16  batch 1/1: 1.642128 sec, 16 copies (server sum 1571.960 ms)
  done: 2 sizes x 1 run (0 failures)

Done. Batch rows appended to logs/compare/warm_stepup/compare_server001_s1_20261004T161823Z/query_timing_stackoverflow_1gb.csv
Per-copy samples appended to logs/compare/warm_stepup/compare_server001_s1_20261004T161823Z/query_samples_stackoverflow_1gb.csv
Idle baselines appended to logs/compare/warm_stepup/compare_server001_s1_20261004T161823Z/query_idle_stackoverflow_1gb.csv
Machine identity appended to logs/compare/warm_stepup/compare_server001_s1_20261004T161823Z/query_runinfo_stackoverflow_1gb.csv
Last batch ended at epoch 1791132438.137 (PREV_END_EPOCH for the next invocation)
===== [49/324] queries/stackoverflow/SQLStorm/17234.sql run_id=C9B9C8099E58C63E =====
query_runner configuration:
  QUERY_DIR         = queries/stackoverflow/SQLStorm/17234.sql
  LOGS_DIR          = logs/compare/warm_stepup/compare_server001_s1_20261004T161823Z  (query_timing_/query_samples_/query_catalog_stackoverflow_1gb.csv)
  DB_NAME / DB_USER = stackoverflow_1gb / postgres
  PGPORT            = 5432  (server reports 18.6)
  RUN_ID            = C9B9C8099E58C63E
  WARMUP            = 2 single-copy warm-ups (the first primes the cache)
  BATCH_SIZES       = 1 16  x RUNS=1 measured batches each
  WORKERS           = (planner default)
  STATEMENT_TIMEOUT = 15
  THERMAL_EQUALISE  = gate (T_LO=40 T_HI=60 preheat<=60s cooldown<=120s)
  sensors           = pkg:/sys/class/hwmon/hwmon8/temp1_input cores:4 cpufreq:8 throttle:8/8
  WARMUP_FAIL_SKIP  = on (a failed warm-up skips the query's measured batches)
  IDLE_BASELINE_S   = 5.0 s before each query's measured batches
  SIGLESS_ADDR      = (disabled)
Found 1 query under queries/stackoverflow/SQLStorm/17234.sql

RAPL: powercap, 1 package, domains: pkg core gpu/uncore dram

[1/1] queries/stackoverflow/SQLStorm/17234.sql (2 warmup + step-up 1 16 x1)
  warmup 1/2: 0.741744 sec (cache prime)
  warmup 2/2: 0.566992 sec
  idle baseline: 5.0s, package 0.520 W, dram 0.257 W
  N=1   batch 1/1: 0.565030 sec, 1 copy (server sum 508.884 ms)
  N=16  batch 1/1: 7.547575 sec, 16 copies (server sum 7454.489 ms)
  done: 2 sizes x 1 run (0 failures)

Done. Batch rows appended to logs/compare/warm_stepup/compare_server001_s1_20261004T161823Z/query_timing_stackoverflow_1gb.csv
Per-copy samples appended to logs/compare/warm_stepup/compare_server001_s1_20261004T161823Z/query_samples_stackoverflow_1gb.csv
Idle baselines appended to logs/compare/warm_stepup/compare_server001_s1_20261004T161823Z/query_idle_stackoverflow_1gb.csv
Machine identity appended to logs/compare/warm_stepup/compare_server001_s1_20261004T161823Z/query_runinfo_stackoverflow_1gb.csv
Last batch ended at epoch 1791132455.745 (PREV_END_EPOCH for the next invocation)
===== [50/324] queries/stackoverflow/SQLStorm/28796.sql run_id=F2D57D9FA4B5EA6B =====
query_runner configuration:
  QUERY_DIR         = queries/stackoverflow/SQLStorm/28796.sql
  LOGS_DIR          = logs/compare/warm_stepup/compare_server001_s1_20261004T161823Z  (query_timing_/query_samples_/query_catalog_stackoverflow_1gb.csv)
  DB_NAME / DB_USER = stackoverflow_1gb / postgres
  PGPORT            = 5432  (server reports 18.6)
  RUN_ID            = F2D57D9FA4B5EA6B
  WARMUP            = 2 single-copy warm-ups (the first primes the cache)
  BATCH_SIZES       = 1 16  x RUNS=1 measured batches each
  WORKERS           = (planner default)
  STATEMENT_TIMEOUT = 15
  THERMAL_EQUALISE  = gate (T_LO=40 T_HI=60 preheat<=60s cooldown<=120s)
  sensors           = pkg:/sys/class/hwmon/hwmon8/temp1_input cores:4 cpufreq:8 throttle:8/8
  WARMUP_FAIL_SKIP  = on (a failed warm-up skips the query's measured batches)
  IDLE_BASELINE_S   = 5.0 s before each query's measured batches
  SIGLESS_ADDR      = (disabled)
Found 1 query under queries/stackoverflow/SQLStorm/28796.sql

RAPL: powercap, 1 package, domains: pkg core gpu/uncore dram

[1/1] queries/stackoverflow/SQLStorm/28796.sql (2 warmup + step-up 1 16 x1)
  warmup 1/2: 2.090288 sec (cache prime)
  warmup 2/2: 1.798883 sec
  idle baseline: 5.0s, package 0.464 W, dram 0.257 W
  N=1   batch 1/1: 1.800991 sec, 1 copy (server sum 1742.150 ms)
  N=16  batch 1/1: 26.264333 sec, 16 copies (server sum 26170.215 ms)
  done: 2 sizes x 1 run (0 failures)

Done. Batch rows appended to logs/compare/warm_stepup/compare_server001_s1_20261004T161823Z/query_timing_stackoverflow_1gb.csv
Per-copy samples appended to logs/compare/warm_stepup/compare_server001_s1_20261004T161823Z/query_samples_stackoverflow_1gb.csv
Idle baselines appended to logs/compare/warm_stepup/compare_server001_s1_20261004T161823Z/query_idle_stackoverflow_1gb.csv
Machine identity appended to logs/compare/warm_stepup/compare_server001_s1_20261004T161823Z/query_runinfo_stackoverflow_1gb.csv
Last batch ended at epoch 1791132495.822 (PREV_END_EPOCH for the next invocation)
===== [51/324] queries/stackoverflow/SQLStorm/32216.sql run_id=5A8E079D90BD89CF =====
query_runner configuration:
  QUERY_DIR         = queries/stackoverflow/SQLStorm/32216.sql
  LOGS_DIR          = logs/compare/warm_stepup/compare_server001_s1_20261004T161823Z  (query_timing_/query_samples_/query_catalog_stackoverflow_1gb.csv)
  DB_NAME / DB_USER = stackoverflow_1gb / postgres
  PGPORT            = 5432  (server reports 18.6)
  RUN_ID            = 5A8E079D90BD89CF
  WARMUP            = 2 single-copy warm-ups (the first primes the cache)
  BATCH_SIZES       = 1 16  x RUNS=1 measured batches each
  WORKERS           = (planner default)
  STATEMENT_TIMEOUT = 15
  THERMAL_EQUALISE  = gate (T_LO=40 T_HI=60 preheat<=60s cooldown<=120s)
  sensors           = pkg:/sys/class/hwmon/hwmon8/temp1_input cores:4 cpufreq:8 throttle:8/8
  WARMUP_FAIL_SKIP  = on (a failed warm-up skips the query's measured batches)
  IDLE_BASELINE_S   = 5.0 s before each query's measured batches
  SIGLESS_ADDR      = (disabled)
Found 1 query under queries/stackoverflow/SQLStorm/32216.sql

RAPL: powercap, 1 package, domains: pkg core gpu/uncore dram

[1/1] queries/stackoverflow/SQLStorm/32216.sql (2 warmup + step-up 1 16 x1)
  warmup 1/2: 4.276130 sec (cache prime)
  warmup 2/2: 3.986995 sec
  idle baseline: 5.0s, package 0.497 W, dram 0.258 W
  N=1   batch 1/1: 3.995845 sec, 1 copy (server sum 3937.173 ms)
  N=16  batch 1/1: 60.604205 sec, 16 copies (server sum 60509.231 ms)
  done: 2 sizes x 1 run (0 failures)

Done. Batch rows appended to logs/compare/warm_stepup/compare_server001_s1_20261004T161823Z/query_timing_stackoverflow_1gb.csv
Per-copy samples appended to logs/compare/warm_stepup/compare_server001_s1_20261004T161823Z/query_samples_stackoverflow_1gb.csv
Idle baselines appended to logs/compare/warm_stepup/compare_server001_s1_20261004T161823Z/query_idle_stackoverflow_1gb.csv
Machine identity appended to logs/compare/warm_stepup/compare_server001_s1_20261004T161823Z/query_runinfo_stackoverflow_1gb.csv
Last batch ended at epoch 1791132577.043 (PREV_END_EPOCH for the next invocation)
===== [52/324] queries/stackoverflow/SQLStorm/25154.sql run_id=4A9D1EC86E6B8660 =====
query_runner configuration:
  QUERY_DIR         = queries/stackoverflow/SQLStorm/25154.sql
  LOGS_DIR          = logs/compare/warm_stepup/compare_server001_s1_20261004T161823Z  (query_timing_/query_samples_/query_catalog_stackoverflow_1gb.csv)
  DB_NAME / DB_USER = stackoverflow_1gb / postgres
  PGPORT            = 5432  (server reports 18.6)
  RUN_ID            = 4A9D1EC86E6B8660
  WARMUP            = 2 single-copy warm-ups (the first primes the cache)
  BATCH_SIZES       = 1 16  x RUNS=1 measured batches each
  WORKERS           = (planner default)
  STATEMENT_TIMEOUT = 15
  THERMAL_EQUALISE  = gate (T_LO=40 T_HI=60 preheat<=60s cooldown<=120s)
  sensors           = pkg:/sys/class/hwmon/hwmon8/temp1_input cores:4 cpufreq:8 throttle:8/8
  WARMUP_FAIL_SKIP  = on (a failed warm-up skips the query's measured batches)
  IDLE_BASELINE_S   = 5.0 s before each query's measured batches
  SIGLESS_ADDR      = (disabled)
Found 1 query under queries/stackoverflow/SQLStorm/25154.sql

RAPL: powercap, 1 package, domains: pkg core gpu/uncore dram

[1/1] queries/stackoverflow/SQLStorm/25154.sql (2 warmup + step-up 1 16 x1)
  warmup 1/2: 3.846952 sec (cache prime)
  warmup 2/2: 3.038975 sec
  idle baseline: 5.0s, package 0.483 W, dram 0.256 W
  N=1   batch 1/1: 3.023293 sec, 1 copy (server sum 2965.889 ms)
  N=16  batch 1/1: 46.999837 sec, 16 copies (server sum 46913.134 ms)
  done: 2 sizes x 1 run (0 failures)

Done. Batch rows appended to logs/compare/warm_stepup/compare_server001_s1_20261004T161823Z/query_timing_stackoverflow_1gb.csv
Per-copy samples appended to logs/compare/warm_stepup/compare_server001_s1_20261004T161823Z/query_samples_stackoverflow_1gb.csv
Idle baselines appended to logs/compare/warm_stepup/compare_server001_s1_20261004T161823Z/query_idle_stackoverflow_1gb.csv
Machine identity appended to logs/compare/warm_stepup/compare_server001_s1_20261004T161823Z/query_runinfo_stackoverflow_1gb.csv
Last batch ended at epoch 1791132642.623 (PREV_END_EPOCH for the next invocation)
===== [53/324] queries/stackoverflow/SQLStorm/24751.sql run_id=3C8DBE4F8C372378 =====
query_runner configuration:
  QUERY_DIR         = queries/stackoverflow/SQLStorm/24751.sql
  LOGS_DIR          = logs/compare/warm_stepup/compare_server001_s1_20261004T161823Z  (query_timing_/query_samples_/query_catalog_stackoverflow_1gb.csv)
  DB_NAME / DB_USER = stackoverflow_1gb / postgres
  PGPORT            = 5432  (server reports 18.6)
  RUN_ID            = 3C8DBE4F8C372378
  WARMUP            = 2 single-copy warm-ups (the first primes the cache)
  BATCH_SIZES       = 1 16  x RUNS=1 measured batches each
  WORKERS           = (planner default)
  STATEMENT_TIMEOUT = 15
  THERMAL_EQUALISE  = gate (T_LO=40 T_HI=60 preheat<=60s cooldown<=120s)
  sensors           = pkg:/sys/class/hwmon/hwmon8/temp1_input cores:4 cpufreq:8 throttle:8/8
  WARMUP_FAIL_SKIP  = on (a failed warm-up skips the query's measured batches)
  IDLE_BASELINE_S   = 5.0 s before each query's measured batches
  SIGLESS_ADDR      = (disabled)
Found 1 query under queries/stackoverflow/SQLStorm/24751.sql

RAPL: powercap, 1 package, domains: pkg core gpu/uncore dram

[1/1] queries/stackoverflow/SQLStorm/24751.sql (2 warmup + step-up 1 16 x1)
  warmup 1/2: 0.479235 sec (cache prime)
  warmup 2/2: 0.328837 sec
  idle baseline: 5.0s, package 0.471 W, dram 0.255 W
  N=1   batch 1/1: 0.329179 sec, 1 copy (server sum 272.600 ms)
  N=16  batch 1/1: 4.306388 sec, 16 copies (server sum 4229.284 ms)
  done: 2 sizes x 1 run (0 failures)

Done. Batch rows appended to logs/compare/warm_stepup/compare_server001_s1_20261004T161823Z/query_timing_stackoverflow_1gb.csv
Per-copy samples appended to logs/compare/warm_stepup/compare_server001_s1_20261004T161823Z/query_samples_stackoverflow_1gb.csv
Idle baselines appended to logs/compare/warm_stepup/compare_server001_s1_20261004T161823Z/query_idle_stackoverflow_1gb.csv
Machine identity appended to logs/compare/warm_stepup/compare_server001_s1_20261004T161823Z/query_runinfo_stackoverflow_1gb.csv
Last batch ended at epoch 1791132656.433 (PREV_END_EPOCH for the next invocation)
===== [54/324] queries/stackoverflow/SQLStorm/11211.sql run_id=9D251F4D65FEFDAF =====
query_runner configuration:
  QUERY_DIR         = queries/stackoverflow/SQLStorm/11211.sql
  LOGS_DIR          = logs/compare/warm_stepup/compare_server001_s1_20261004T161823Z  (query_timing_/query_samples_/query_catalog_stackoverflow_1gb.csv)
  DB_NAME / DB_USER = stackoverflow_1gb / postgres
  PGPORT            = 5432  (server reports 18.6)
  RUN_ID            = 9D251F4D65FEFDAF
  WARMUP            = 2 single-copy warm-ups (the first primes the cache)
  BATCH_SIZES       = 1 16  x RUNS=1 measured batches each
  WORKERS           = (planner default)
  STATEMENT_TIMEOUT = 15
  THERMAL_EQUALISE  = gate (T_LO=40 T_HI=60 preheat<=60s cooldown<=120s)
  sensors           = pkg:/sys/class/hwmon/hwmon8/temp1_input cores:4 cpufreq:8 throttle:8/8
  WARMUP_FAIL_SKIP  = on (a failed warm-up skips the query's measured batches)
  IDLE_BASELINE_S   = 5.0 s before each query's measured batches
  SIGLESS_ADDR      = (disabled)
Found 1 query under queries/stackoverflow/SQLStorm/11211.sql

RAPL: powercap, 1 package, domains: pkg core gpu/uncore dram

[1/1] queries/stackoverflow/SQLStorm/11211.sql (2 warmup + step-up 1 16 x1)
  warmup 1/2: 4.290646 sec (cache prime)
  warmup 2/2: 3.708281 sec
  idle baseline: 5.0s, package 0.473 W, dram 0.258 W
  N=1   batch 1/1: 3.691355 sec, 1 copy (server sum 3634.005 ms)
  N=16  batch 1/1: 58.169264 sec, 16 copies (server sum 58080.415 ms)
  done: 2 sizes x 1 run (0 failures)

Done. Batch rows appended to logs/compare/warm_stepup/compare_server001_s1_20261004T161823Z/query_timing_stackoverflow_1gb.csv
Per-copy samples appended to logs/compare/warm_stepup/compare_server001_s1_20261004T161823Z/query_samples_stackoverflow_1gb.csv
Idle baselines appended to logs/compare/warm_stepup/compare_server001_s1_20261004T161823Z/query_idle_stackoverflow_1gb.csv
Machine identity appended to logs/compare/warm_stepup/compare_server001_s1_20261004T161823Z/query_runinfo_stackoverflow_1gb.csv
Last batch ended at epoch 1791132734.805 (PREV_END_EPOCH for the next invocation)
===== [55/324] queries/stackoverflow/SQLStorm/10646.sql run_id=171A70F565D67C91 =====
query_runner configuration:
  QUERY_DIR         = queries/stackoverflow/SQLStorm/10646.sql
  LOGS_DIR          = logs/compare/warm_stepup/compare_server001_s1_20261004T161823Z  (query_timing_/query_samples_/query_catalog_stackoverflow_1gb.csv)
  DB_NAME / DB_USER = stackoverflow_1gb / postgres
  PGPORT            = 5432  (server reports 18.6)
  RUN_ID            = 171A70F565D67C91
  WARMUP            = 2 single-copy warm-ups (the first primes the cache)
  BATCH_SIZES       = 1 16  x RUNS=1 measured batches each
  WORKERS           = (planner default)
  STATEMENT_TIMEOUT = 15
  THERMAL_EQUALISE  = gate (T_LO=40 T_HI=60 preheat<=60s cooldown<=120s)
  sensors           = pkg:/sys/class/hwmon/hwmon8/temp1_input cores:4 cpufreq:8 throttle:8/8
  WARMUP_FAIL_SKIP  = on (a failed warm-up skips the query's measured batches)
  IDLE_BASELINE_S   = 5.0 s before each query's measured batches
  SIGLESS_ADDR      = (disabled)
Found 1 query under queries/stackoverflow/SQLStorm/10646.sql

RAPL: powercap, 1 package, domains: pkg core gpu/uncore dram

[1/1] queries/stackoverflow/SQLStorm/10646.sql (2 warmup + step-up 1 16 x1)
  thermal gate: waited 2s -> 56.0 C
  warmup 1/2: 0.392883 sec (cache prime)
  warmup 2/2: 0.220806 sec
  idle baseline: 5.0s, package 0.517 W, dram 0.258 W
  N=1   batch 1/1: 0.220721 sec, 1 copy (server sum 165.174 ms)
  N=16  batch 1/1: 2.694526 sec, 16 copies (server sum 2620.614 ms)
  done: 2 sizes x 1 run (0 failures)

Done. Batch rows appended to logs/compare/warm_stepup/compare_server001_s1_20261004T161823Z/query_timing_stackoverflow_1gb.csv
Per-copy samples appended to logs/compare/warm_stepup/compare_server001_s1_20261004T161823Z/query_samples_stackoverflow_1gb.csv
Idle baselines appended to logs/compare/warm_stepup/compare_server001_s1_20261004T161823Z/query_idle_stackoverflow_1gb.csv
Machine identity appended to logs/compare/warm_stepup/compare_server001_s1_20261004T161823Z/query_runinfo_stackoverflow_1gb.csv
Last batch ended at epoch 1791132749.032 (PREV_END_EPOCH for the next invocation)
===== [56/324] queries/stackoverflow/SQLStorm/12477.sql run_id=BB61719DE0EEC3CD =====
query_runner configuration:
  QUERY_DIR         = queries/stackoverflow/SQLStorm/12477.sql
  LOGS_DIR          = logs/compare/warm_stepup/compare_server001_s1_20261004T161823Z  (query_timing_/query_samples_/query_catalog_stackoverflow_1gb.csv)
  DB_NAME / DB_USER = stackoverflow_1gb / postgres
  PGPORT            = 5432  (server reports 18.6)
  RUN_ID            = BB61719DE0EEC3CD
  WARMUP            = 2 single-copy warm-ups (the first primes the cache)
  BATCH_SIZES       = 1 16  x RUNS=1 measured batches each
  WORKERS           = (planner default)
  STATEMENT_TIMEOUT = 15
  THERMAL_EQUALISE  = gate (T_LO=40 T_HI=60 preheat<=60s cooldown<=120s)
  sensors           = pkg:/sys/class/hwmon/hwmon8/temp1_input cores:4 cpufreq:8 throttle:8/8
  WARMUP_FAIL_SKIP  = on (a failed warm-up skips the query's measured batches)
  IDLE_BASELINE_S   = 5.0 s before each query's measured batches
  SIGLESS_ADDR      = (disabled)
Found 1 query under queries/stackoverflow/SQLStorm/12477.sql

RAPL: powercap, 1 package, domains: pkg core gpu/uncore dram

[1/1] queries/stackoverflow/SQLStorm/12477.sql (2 warmup + step-up 1 16 x1)
  warmup 1/2: 2.647076 sec (cache prime)
  warmup 2/2: 2.419046 sec
  idle baseline: 5.0s, package 0.513 W, dram 0.256 W
  N=1   batch 1/1: 2.428045 sec, 1 copy (server sum 2370.835 ms)
  N=16  batch 1/1: 36.357645 sec, 16 copies (server sum 36276.203 ms)
  done: 2 sizes x 1 run (0 failures)

Done. Batch rows appended to logs/compare/warm_stepup/compare_server001_s1_20261004T161823Z/query_timing_stackoverflow_1gb.csv
Per-copy samples appended to logs/compare/warm_stepup/compare_server001_s1_20261004T161823Z/query_samples_stackoverflow_1gb.csv
Idle baselines appended to logs/compare/warm_stepup/compare_server001_s1_20261004T161823Z/query_idle_stackoverflow_1gb.csv
Machine identity appended to logs/compare/warm_stepup/compare_server001_s1_20261004T161823Z/query_runinfo_stackoverflow_1gb.csv
Last batch ended at epoch 1791132801.537 (PREV_END_EPOCH for the next invocation)
===== [57/324] queries/stackoverflow/SQLStorm/6651.sql run_id=95DFD93546D4A5C0 =====
query_runner configuration:
  QUERY_DIR         = queries/stackoverflow/SQLStorm/6651.sql
  LOGS_DIR          = logs/compare/warm_stepup/compare_server001_s1_20261004T161823Z  (query_timing_/query_samples_/query_catalog_stackoverflow_1gb.csv)
  DB_NAME / DB_USER = stackoverflow_1gb / postgres
  PGPORT            = 5432  (server reports 18.6)
  RUN_ID            = 95DFD93546D4A5C0
  WARMUP            = 2 single-copy warm-ups (the first primes the cache)
  BATCH_SIZES       = 1 16  x RUNS=1 measured batches each
  WORKERS           = (planner default)
  STATEMENT_TIMEOUT = 15
  THERMAL_EQUALISE  = gate (T_LO=40 T_HI=60 preheat<=60s cooldown<=120s)
  sensors           = pkg:/sys/class/hwmon/hwmon8/temp1_input cores:4 cpufreq:8 throttle:8/8
  WARMUP_FAIL_SKIP  = on (a failed warm-up skips the query's measured batches)
  IDLE_BASELINE_S   = 5.0 s before each query's measured batches
  SIGLESS_ADDR      = (disabled)
Found 1 query under queries/stackoverflow/SQLStorm/6651.sql

RAPL: powercap, 1 package, domains: pkg core gpu/uncore dram

[1/1] queries/stackoverflow/SQLStorm/6651.sql (2 warmup + step-up 1 16 x1)
  warmup 1/2: 0.420186 sec (cache prime)
  warmup 2/2: 0.153671 sec
  idle baseline: 5.0s, package 0.437 W, dram 0.255 W
  N=1   batch 1/1: 0.153946 sec, 1 copy (server sum 96.394 ms)
  N=16  batch 1/1: 1.538136 sec, 16 copies (server sum 1458.203 ms)
  done: 2 sizes x 1 run (0 failures)

Done. Batch rows appended to logs/compare/warm_stepup/compare_server001_s1_20261004T161823Z/query_timing_stackoverflow_1gb.csv
Per-copy samples appended to logs/compare/warm_stepup/compare_server001_s1_20261004T161823Z/query_samples_stackoverflow_1gb.csv
Idle baselines appended to logs/compare/warm_stepup/compare_server001_s1_20261004T161823Z/query_idle_stackoverflow_1gb.csv
Machine identity appended to logs/compare/warm_stepup/compare_server001_s1_20261004T161823Z/query_runinfo_stackoverflow_1gb.csv
Last batch ended at epoch 1791132812.171 (PREV_END_EPOCH for the next invocation)
===== [58/324] queries/stackoverflow/SQLStorm/5502.sql run_id=4B4D07935AC21F00 =====
query_runner configuration:
  QUERY_DIR         = queries/stackoverflow/SQLStorm/5502.sql
  LOGS_DIR          = logs/compare/warm_stepup/compare_server001_s1_20261004T161823Z  (query_timing_/query_samples_/query_catalog_stackoverflow_1gb.csv)
  DB_NAME / DB_USER = stackoverflow_1gb / postgres
  PGPORT            = 5432  (server reports 18.6)
  RUN_ID            = 4B4D07935AC21F00
  WARMUP            = 2 single-copy warm-ups (the first primes the cache)
  BATCH_SIZES       = 1 16  x RUNS=1 measured batches each
  WORKERS           = (planner default)
  STATEMENT_TIMEOUT = 15
  THERMAL_EQUALISE  = gate (T_LO=40 T_HI=60 preheat<=60s cooldown<=120s)
  sensors           = pkg:/sys/class/hwmon/hwmon8/temp1_input cores:4 cpufreq:8 throttle:8/8
  WARMUP_FAIL_SKIP  = on (a failed warm-up skips the query's measured batches)
  IDLE_BASELINE_S   = 5.0 s before each query's measured batches
  SIGLESS_ADDR      = (disabled)
Found 1 query under queries/stackoverflow/SQLStorm/5502.sql

RAPL: powercap, 1 package, domains: pkg core gpu/uncore dram

[1/1] queries/stackoverflow/SQLStorm/5502.sql (2 warmup + step-up 1 16 x1)
  warmup 1/2: 0.924234 sec (cache prime)
  warmup 2/2: 0.676484 sec
  idle baseline: 5.0s, package 0.481 W, dram 0.256 W
  N=1   batch 1/1: 0.678614 sec, 1 copy (server sum 621.665 ms)
  N=16  batch 1/1: 9.821240 sec, 16 copies (server sum 9743.653 ms)
  done: 2 sizes x 1 run (0 failures)

Done. Batch rows appended to logs/compare/warm_stepup/compare_server001_s1_20261004T161823Z/query_timing_stackoverflow_1gb.csv
Per-copy samples appended to logs/compare/warm_stepup/compare_server001_s1_20261004T161823Z/query_samples_stackoverflow_1gb.csv
Idle baselines appended to logs/compare/warm_stepup/compare_server001_s1_20261004T161823Z/query_idle_stackoverflow_1gb.csv
Machine identity appended to logs/compare/warm_stepup/compare_server001_s1_20261004T161823Z/query_runinfo_stackoverflow_1gb.csv
Last batch ended at epoch 1791132832.609 (PREV_END_EPOCH for the next invocation)
===== [59/324] queries/stackoverflow/SQLStorm/13330.sql run_id=B97DA667958F508D =====
query_runner configuration:
  QUERY_DIR         = queries/stackoverflow/SQLStorm/13330.sql
  LOGS_DIR          = logs/compare/warm_stepup/compare_server001_s1_20261004T161823Z  (query_timing_/query_samples_/query_catalog_stackoverflow_1gb.csv)
  DB_NAME / DB_USER = stackoverflow_1gb / postgres
  PGPORT            = 5432  (server reports 18.6)
  RUN_ID            = B97DA667958F508D
  WARMUP            = 2 single-copy warm-ups (the first primes the cache)
  BATCH_SIZES       = 1 16  x RUNS=1 measured batches each
  WORKERS           = (planner default)
  STATEMENT_TIMEOUT = 15
  THERMAL_EQUALISE  = gate (T_LO=40 T_HI=60 preheat<=60s cooldown<=120s)
  sensors           = pkg:/sys/class/hwmon/hwmon8/temp1_input cores:4 cpufreq:8 throttle:8/8
  WARMUP_FAIL_SKIP  = on (a failed warm-up skips the query's measured batches)
  IDLE_BASELINE_S   = 5.0 s before each query's measured batches
  SIGLESS_ADDR      = (disabled)
Found 1 query under queries/stackoverflow/SQLStorm/13330.sql

RAPL: powercap, 1 package, domains: pkg core gpu/uncore dram

[1/1] queries/stackoverflow/SQLStorm/13330.sql (2 warmup + step-up 1 16 x1)
  warmup 1/2: 0.302561 sec (cache prime)
  warmup 2/2: 0.099874 sec
  idle baseline: 5.0s, package 0.500 W, dram 0.258 W
  N=1   batch 1/1: 0.102202 sec, 1 copy (server sum 46.670 ms)
  N=16  batch 1/1: 0.719895 sec, 16 copies (server sum 653.310 ms)
  done: 2 sizes x 1 run (0 failures)

Done. Batch rows appended to logs/compare/warm_stepup/compare_server001_s1_20261004T161823Z/query_timing_stackoverflow_1gb.csv
Per-copy samples appended to logs/compare/warm_stepup/compare_server001_s1_20261004T161823Z/query_samples_stackoverflow_1gb.csv
Idle baselines appended to logs/compare/warm_stepup/compare_server001_s1_20261004T161823Z/query_idle_stackoverflow_1gb.csv
Machine identity appended to logs/compare/warm_stepup/compare_server001_s1_20261004T161823Z/query_runinfo_stackoverflow_1gb.csv
Last batch ended at epoch 1791132842.203 (PREV_END_EPOCH for the next invocation)
===== [60/324] queries/stackoverflow/SQLStorm/14510.sql run_id=77DCC4CE085D4067 =====
query_runner configuration:
  QUERY_DIR         = queries/stackoverflow/SQLStorm/14510.sql
  LOGS_DIR          = logs/compare/warm_stepup/compare_server001_s1_20261004T161823Z  (query_timing_/query_samples_/query_catalog_stackoverflow_1gb.csv)
  DB_NAME / DB_USER = stackoverflow_1gb / postgres
  PGPORT            = 5432  (server reports 18.6)
  RUN_ID            = 77DCC4CE085D4067
  WARMUP            = 2 single-copy warm-ups (the first primes the cache)
  BATCH_SIZES       = 1 16  x RUNS=1 measured batches each
  WORKERS           = (planner default)
  STATEMENT_TIMEOUT = 15
  THERMAL_EQUALISE  = gate (T_LO=40 T_HI=60 preheat<=60s cooldown<=120s)
  sensors           = pkg:/sys/class/hwmon/hwmon8/temp1_input cores:4 cpufreq:8 throttle:8/8
  WARMUP_FAIL_SKIP  = on (a failed warm-up skips the query's measured batches)
  IDLE_BASELINE_S   = 5.0 s before each query's measured batches
  SIGLESS_ADDR      = (disabled)
Found 1 query under queries/stackoverflow/SQLStorm/14510.sql

RAPL: powercap, 1 package, domains: pkg core gpu/uncore dram

[1/1] queries/stackoverflow/SQLStorm/14510.sql (2 warmup + step-up 1 16 x1)
  warmup 1/2: 4.191089 sec (cache prime)
  warmup 2/2: 3.435981 sec
  idle baseline: 5.0s, package 0.454 W, dram 0.256 W
  N=1   batch 1/1: 3.429428 sec, 1 copy (server sum 3371.760 ms)
  N=16  batch 1/1: 53.814659 sec, 16 copies (server sum 53730.180 ms)
  done: 2 sizes x 1 run (0 failures)

Done. Batch rows appended to logs/compare/warm_stepup/compare_server001_s1_20261004T161823Z/query_timing_stackoverflow_1gb.csv
Per-copy samples appended to logs/compare/warm_stepup/compare_server001_s1_20261004T161823Z/query_samples_stackoverflow_1gb.csv
Idle baselines appended to logs/compare/warm_stepup/compare_server001_s1_20261004T161823Z/query_idle_stackoverflow_1gb.csv
Machine identity appended to logs/compare/warm_stepup/compare_server001_s1_20261004T161823Z/query_runinfo_stackoverflow_1gb.csv
Last batch ended at epoch 1791132915.542 (PREV_END_EPOCH for the next invocation)
===== [61/324] queries/stackoverflow/SQLStorm/7612.sql run_id=C7A30AD14D04881C =====
query_runner configuration:
  QUERY_DIR         = queries/stackoverflow/SQLStorm/7612.sql
  LOGS_DIR          = logs/compare/warm_stepup/compare_server001_s1_20261004T161823Z  (query_timing_/query_samples_/query_catalog_stackoverflow_1gb.csv)
  DB_NAME / DB_USER = stackoverflow_1gb / postgres
  PGPORT            = 5432  (server reports 18.6)
  RUN_ID            = C7A30AD14D04881C
  WARMUP            = 2 single-copy warm-ups (the first primes the cache)
  BATCH_SIZES       = 1 16  x RUNS=1 measured batches each
  WORKERS           = (planner default)
  STATEMENT_TIMEOUT = 15
  THERMAL_EQUALISE  = gate (T_LO=40 T_HI=60 preheat<=60s cooldown<=120s)
  sensors           = pkg:/sys/class/hwmon/hwmon8/temp1_input cores:4 cpufreq:8 throttle:8/8
  WARMUP_FAIL_SKIP  = on (a failed warm-up skips the query's measured batches)
  IDLE_BASELINE_S   = 5.0 s before each query's measured batches
  SIGLESS_ADDR      = (disabled)
Found 1 query under queries/stackoverflow/SQLStorm/7612.sql

RAPL: powercap, 1 package, domains: pkg core gpu/uncore dram

[1/1] queries/stackoverflow/SQLStorm/7612.sql (2 warmup + step-up 1 16 x1)
  warmup 1/2: 1.639341 sec (cache prime)
  warmup 2/2: 1.085362 sec
  idle baseline: 5.0s, package 0.481 W, dram 0.257 W
  N=1   batch 1/1: 1.082219 sec, 1 copy (server sum 1024.647 ms)
  N=16  batch 1/1: 15.806449 sec, 16 copies (server sum 15719.436 ms)
  done: 2 sizes x 1 run (0 failures)

Done. Batch rows appended to logs/compare/warm_stepup/compare_server001_s1_20261004T161823Z/query_timing_stackoverflow_1gb.csv
Per-copy samples appended to logs/compare/warm_stepup/compare_server001_s1_20261004T161823Z/query_samples_stackoverflow_1gb.csv
Idle baselines appended to logs/compare/warm_stepup/compare_server001_s1_20261004T161823Z/query_idle_stackoverflow_1gb.csv
Machine identity appended to logs/compare/warm_stepup/compare_server001_s1_20261004T161823Z/query_runinfo_stackoverflow_1gb.csv
Last batch ended at epoch 1791132943.621 (PREV_END_EPOCH for the next invocation)
===== [62/324] queries/stackoverflow/SQLStorm/7184.sql run_id=D2ABD583E5B2CEAD =====
query_runner configuration:
  QUERY_DIR         = queries/stackoverflow/SQLStorm/7184.sql
  LOGS_DIR          = logs/compare/warm_stepup/compare_server001_s1_20261004T161823Z  (query_timing_/query_samples_/query_catalog_stackoverflow_1gb.csv)
  DB_NAME / DB_USER = stackoverflow_1gb / postgres
  PGPORT            = 5432  (server reports 18.6)
  RUN_ID            = D2ABD583E5B2CEAD
  WARMUP            = 2 single-copy warm-ups (the first primes the cache)
  BATCH_SIZES       = 1 16  x RUNS=1 measured batches each
  WORKERS           = (planner default)
  STATEMENT_TIMEOUT = 15
  THERMAL_EQUALISE  = gate (T_LO=40 T_HI=60 preheat<=60s cooldown<=120s)
  sensors           = pkg:/sys/class/hwmon/hwmon8/temp1_input cores:4 cpufreq:8 throttle:8/8
  WARMUP_FAIL_SKIP  = on (a failed warm-up skips the query's measured batches)
  IDLE_BASELINE_S   = 5.0 s before each query's measured batches
  SIGLESS_ADDR      = (disabled)
Found 1 query under queries/stackoverflow/SQLStorm/7184.sql

RAPL: powercap, 1 package, domains: pkg core gpu/uncore dram

[1/1] queries/stackoverflow/SQLStorm/7184.sql (2 warmup + step-up 1 16 x1)
  warmup 1/2: 0.349566 sec (cache prime)
  warmup 2/2: 0.203832 sec
  idle baseline: 5.0s, package 0.480 W, dram 0.255 W
  N=1   batch 1/1: 0.206882 sec, 1 copy (server sum 150.907 ms)
  N=16  batch 1/1: 2.171419 sec, 16 copies (server sum 2100.957 ms)
  done: 2 sizes x 1 run (0 failures)

Done. Batch rows appended to logs/compare/warm_stepup/compare_server001_s1_20261004T161823Z/query_timing_stackoverflow_1gb.csv
Per-copy samples appended to logs/compare/warm_stepup/compare_server001_s1_20261004T161823Z/query_samples_stackoverflow_1gb.csv
Idle baselines appended to logs/compare/warm_stepup/compare_server001_s1_20261004T161823Z/query_idle_stackoverflow_1gb.csv
Machine identity appended to logs/compare/warm_stepup/compare_server001_s1_20261004T161823Z/query_runinfo_stackoverflow_1gb.csv
Last batch ended at epoch 1791132955.241 (PREV_END_EPOCH for the next invocation)
===== [63/324] compare/probes/probe_sort.sql run_id=7D45A3BE3A573770 =====
query_runner configuration:
  QUERY_DIR         = compare/probes/probe_sort.sql
  LOGS_DIR          = logs/compare/warm_stepup/compare_server001_s1_20261004T161823Z  (query_timing_/query_samples_/query_catalog_stackoverflow_1gb.csv)
  DB_NAME / DB_USER = stackoverflow_1gb / postgres
  PGPORT            = 5432  (server reports 18.6)
  RUN_ID            = 7D45A3BE3A573770
  WARMUP            = 2 single-copy warm-ups (the first primes the cache)
  BATCH_SIZES       = 1 16  x RUNS=1 measured batches each
  WORKERS           = (planner default)
  STATEMENT_TIMEOUT = 15
  THERMAL_EQUALISE  = gate (T_LO=40 T_HI=60 preheat<=60s cooldown<=120s)
  sensors           = pkg:/sys/class/hwmon/hwmon8/temp1_input cores:4 cpufreq:8 throttle:8/8
  WARMUP_FAIL_SKIP  = on (a failed warm-up skips the query's measured batches)
  IDLE_BASELINE_S   = 5.0 s before each query's measured batches
  SIGLESS_ADDR      = (disabled)
Found 1 query under compare/probes/probe_sort.sql

RAPL: powercap, 1 package, domains: pkg core gpu/uncore dram

[1/1] compare/probes/probe_sort.sql (2 warmup + step-up 1 16 x1)
  warmup 1/2: 1.736799 sec (cache prime)
  warmup 2/2: 1.603873 sec
  idle baseline: 5.0s, package 0.448 W, dram 0.255 W
  N=1   batch 1/1: 1.601744 sec, 0 copies
  N=16  batch 1/1: 24.636711 sec, 0 copies
  done: 2 sizes x 1 run (0 failures)

Done. Batch rows appended to logs/compare/warm_stepup/compare_server001_s1_20261004T161823Z/query_timing_stackoverflow_1gb.csv
Per-copy samples appended to logs/compare/warm_stepup/compare_server001_s1_20261004T161823Z/query_samples_stackoverflow_1gb.csv
Idle baselines appended to logs/compare/warm_stepup/compare_server001_s1_20261004T161823Z/query_idle_stackoverflow_1gb.csv
Machine identity appended to logs/compare/warm_stepup/compare_server001_s1_20261004T161823Z/query_runinfo_stackoverflow_1gb.csv
Last batch ended at epoch 1791132992.913 (PREV_END_EPOCH for the next invocation)
===== [64/324] queries/stackoverflow/SQLStorm/3090.sql run_id=79777F6012FE5587 =====
query_runner configuration:
  QUERY_DIR         = queries/stackoverflow/SQLStorm/3090.sql
  LOGS_DIR          = logs/compare/warm_stepup/compare_server001_s1_20261004T161823Z  (query_timing_/query_samples_/query_catalog_stackoverflow_1gb.csv)
  DB_NAME / DB_USER = stackoverflow_1gb / postgres
  PGPORT            = 5432  (server reports 18.6)
  RUN_ID            = 79777F6012FE5587
  WARMUP            = 2 single-copy warm-ups (the first primes the cache)
  BATCH_SIZES       = 1 16  x RUNS=1 measured batches each
  WORKERS           = (planner default)
  STATEMENT_TIMEOUT = 15
  THERMAL_EQUALISE  = gate (T_LO=40 T_HI=60 preheat<=60s cooldown<=120s)
  sensors           = pkg:/sys/class/hwmon/hwmon8/temp1_input cores:4 cpufreq:8 throttle:8/8
  WARMUP_FAIL_SKIP  = on (a failed warm-up skips the query's measured batches)
  IDLE_BASELINE_S   = 5.0 s before each query's measured batches
  SIGLESS_ADDR      = (disabled)
Found 1 query under queries/stackoverflow/SQLStorm/3090.sql

RAPL: powercap, 1 package, domains: pkg core gpu/uncore dram

[1/1] queries/stackoverflow/SQLStorm/3090.sql (2 warmup + step-up 1 16 x1)
  warmup 1/2: 1.348615 sec (cache prime)
  warmup 2/2: 1.104954 sec
  idle baseline: 5.0s, package 0.475 W, dram 0.256 W
  N=1   batch 1/1: 1.098357 sec, 1 copy (server sum 1039.936 ms)
  N=16  batch 1/1: 15.994560 sec, 16 copies (server sum 15907.360 ms)
  done: 2 sizes x 1 run (0 failures)

Done. Batch rows appended to logs/compare/warm_stepup/compare_server001_s1_20261004T161823Z/query_timing_stackoverflow_1gb.csv
Per-copy samples appended to logs/compare/warm_stepup/compare_server001_s1_20261004T161823Z/query_samples_stackoverflow_1gb.csv
Idle baselines appended to logs/compare/warm_stepup/compare_server001_s1_20261004T161823Z/query_idle_stackoverflow_1gb.csv
Machine identity appended to logs/compare/warm_stepup/compare_server001_s1_20261004T161823Z/query_runinfo_stackoverflow_1gb.csv
Last batch ended at epoch 1791133020.617 (PREV_END_EPOCH for the next invocation)
===== [65/324] queries/stackoverflow/SQLStorm/22494.sql run_id=A364B9D66E39D4EE =====
query_runner configuration:
  QUERY_DIR         = queries/stackoverflow/SQLStorm/22494.sql
  LOGS_DIR          = logs/compare/warm_stepup/compare_server001_s1_20261004T161823Z  (query_timing_/query_samples_/query_catalog_stackoverflow_1gb.csv)
  DB_NAME / DB_USER = stackoverflow_1gb / postgres
  PGPORT            = 5432  (server reports 18.6)
  RUN_ID            = A364B9D66E39D4EE
  WARMUP            = 2 single-copy warm-ups (the first primes the cache)
  BATCH_SIZES       = 1 16  x RUNS=1 measured batches each
  WORKERS           = (planner default)
  STATEMENT_TIMEOUT = 15
  THERMAL_EQUALISE  = gate (T_LO=40 T_HI=60 preheat<=60s cooldown<=120s)
  sensors           = pkg:/sys/class/hwmon/hwmon8/temp1_input cores:4 cpufreq:8 throttle:8/8
  WARMUP_FAIL_SKIP  = on (a failed warm-up skips the query's measured batches)
  IDLE_BASELINE_S   = 5.0 s before each query's measured batches
  SIGLESS_ADDR      = (disabled)
Found 1 query under queries/stackoverflow/SQLStorm/22494.sql

RAPL: powercap, 1 package, domains: pkg core gpu/uncore dram

[1/1] queries/stackoverflow/SQLStorm/22494.sql (2 warmup + step-up 1 16 x1)
  warmup 1/2: 1.471028 sec (cache prime)
  warmup 2/2: 1.220245 sec
  idle baseline: 5.0s, package 0.439 W, dram 0.255 W
  N=1   batch 1/1: 1.219399 sec, 1 copy (server sum 1161.378 ms)
  N=16  batch 1/1: 17.743947 sec, 16 copies (server sum 17653.544 ms)
  done: 2 sizes x 1 run (0 failures)

Done. Batch rows appended to logs/compare/warm_stepup/compare_server001_s1_20261004T161823Z/query_timing_stackoverflow_1gb.csv
Per-copy samples appended to logs/compare/warm_stepup/compare_server001_s1_20261004T161823Z/query_samples_stackoverflow_1gb.csv
Idle baselines appended to logs/compare/warm_stepup/compare_server001_s1_20261004T161823Z/query_idle_stackoverflow_1gb.csv
Machine identity appended to logs/compare/warm_stepup/compare_server001_s1_20261004T161823Z/query_runinfo_stackoverflow_1gb.csv
Last batch ended at epoch 1791133050.890 (PREV_END_EPOCH for the next invocation)
===== [66/324] queries/stackoverflow/SQLStorm/13386.sql run_id=44C79ADFE52D112E =====
query_runner configuration:
  QUERY_DIR         = queries/stackoverflow/SQLStorm/13386.sql
  LOGS_DIR          = logs/compare/warm_stepup/compare_server001_s1_20261004T161823Z  (query_timing_/query_samples_/query_catalog_stackoverflow_1gb.csv)
  DB_NAME / DB_USER = stackoverflow_1gb / postgres
  PGPORT            = 5432  (server reports 18.6)
  RUN_ID            = 44C79ADFE52D112E
  WARMUP            = 2 single-copy warm-ups (the first primes the cache)
  BATCH_SIZES       = 1 16  x RUNS=1 measured batches each
  WORKERS           = (planner default)
  STATEMENT_TIMEOUT = 15
  THERMAL_EQUALISE  = gate (T_LO=40 T_HI=60 preheat<=60s cooldown<=120s)
  sensors           = pkg:/sys/class/hwmon/hwmon8/temp1_input cores:4 cpufreq:8 throttle:8/8
  WARMUP_FAIL_SKIP  = on (a failed warm-up skips the query's measured batches)
  IDLE_BASELINE_S   = 5.0 s before each query's measured batches
  SIGLESS_ADDR      = (disabled)
Found 1 query under queries/stackoverflow/SQLStorm/13386.sql

RAPL: powercap, 1 package, domains: pkg core gpu/uncore dram

[1/1] queries/stackoverflow/SQLStorm/13386.sql (2 warmup + step-up 1 16 x1)
  warmup 1/2: 2.029930 sec (cache prime)
  warmup 2/2: 1.818460 sec
  idle baseline: 5.0s, package 0.467 W, dram 0.256 W
  N=1   batch 1/1: 1.815841 sec, 1 copy (server sum 1759.987 ms)
  N=16  batch 1/1: 27.292476 sec, 16 copies (server sum 27222.279 ms)
  done: 2 sizes x 1 run (0 failures)

Done. Batch rows appended to logs/compare/warm_stepup/compare_server001_s1_20261004T161823Z/query_timing_stackoverflow_1gb.csv
Per-copy samples appended to logs/compare/warm_stepup/compare_server001_s1_20261004T161823Z/query_samples_stackoverflow_1gb.csv
Idle baselines appended to logs/compare/warm_stepup/compare_server001_s1_20261004T161823Z/query_idle_stackoverflow_1gb.csv
Machine identity appended to logs/compare/warm_stepup/compare_server001_s1_20261004T161823Z/query_runinfo_stackoverflow_1gb.csv
Last batch ended at epoch 1791133092.602 (PREV_END_EPOCH for the next invocation)
===== [67/324] queries/stackoverflow/SQLStorm/17234.sql run_id=F994E1ACDB33B640 =====
query_runner configuration:
  QUERY_DIR         = queries/stackoverflow/SQLStorm/17234.sql
  LOGS_DIR          = logs/compare/warm_stepup/compare_server001_s1_20261004T161823Z  (query_timing_/query_samples_/query_catalog_stackoverflow_1gb.csv)
  DB_NAME / DB_USER = stackoverflow_1gb / postgres
  PGPORT            = 5432  (server reports 18.6)
  RUN_ID            = F994E1ACDB33B640
  WARMUP            = 2 single-copy warm-ups (the first primes the cache)
  BATCH_SIZES       = 1 16  x RUNS=1 measured batches each
  WORKERS           = (planner default)
  STATEMENT_TIMEOUT = 15
  THERMAL_EQUALISE  = gate (T_LO=40 T_HI=60 preheat<=60s cooldown<=120s)
  sensors           = pkg:/sys/class/hwmon/hwmon8/temp1_input cores:4 cpufreq:8 throttle:8/8
  WARMUP_FAIL_SKIP  = on (a failed warm-up skips the query's measured batches)
  IDLE_BASELINE_S   = 5.0 s before each query's measured batches
  SIGLESS_ADDR      = (disabled)
Found 1 query under queries/stackoverflow/SQLStorm/17234.sql

RAPL: powercap, 1 package, domains: pkg core gpu/uncore dram

[1/1] queries/stackoverflow/SQLStorm/17234.sql (2 warmup + step-up 1 16 x1)
  warmup 1/2: 0.698233 sec (cache prime)
  warmup 2/2: 0.565148 sec
  idle baseline: 5.0s, package 0.474 W, dram 0.256 W
  N=1   batch 1/1: 0.567726 sec, 1 copy (server sum 510.649 ms)
  N=16  batch 1/1: 7.549460 sec, 16 copies (server sum 7455.421 ms)
  done: 2 sizes x 1 run (0 failures)

Done. Batch rows appended to logs/compare/warm_stepup/compare_server001_s1_20261004T161823Z/query_timing_stackoverflow_1gb.csv
Per-copy samples appended to logs/compare/warm_stepup/compare_server001_s1_20261004T161823Z/query_samples_stackoverflow_1gb.csv
Idle baselines appended to logs/compare/warm_stepup/compare_server001_s1_20261004T161823Z/query_idle_stackoverflow_1gb.csv
Machine identity appended to logs/compare/warm_stepup/compare_server001_s1_20261004T161823Z/query_runinfo_stackoverflow_1gb.csv
Last batch ended at epoch 1791133110.234 (PREV_END_EPOCH for the next invocation)
===== [68/324] queries/stackoverflow/SQLStorm/16399.sql run_id=278C88349EE6F372 =====
query_runner configuration:
  QUERY_DIR         = queries/stackoverflow/SQLStorm/16399.sql
  LOGS_DIR          = logs/compare/warm_stepup/compare_server001_s1_20261004T161823Z  (query_timing_/query_samples_/query_catalog_stackoverflow_1gb.csv)
  DB_NAME / DB_USER = stackoverflow_1gb / postgres
  PGPORT            = 5432  (server reports 18.6)
  RUN_ID            = 278C88349EE6F372
  WARMUP            = 2 single-copy warm-ups (the first primes the cache)
  BATCH_SIZES       = 1 16  x RUNS=1 measured batches each
  WORKERS           = (planner default)
  STATEMENT_TIMEOUT = 15
  THERMAL_EQUALISE  = gate (T_LO=40 T_HI=60 preheat<=60s cooldown<=120s)
  sensors           = pkg:/sys/class/hwmon/hwmon8/temp1_input cores:4 cpufreq:8 throttle:8/8
  WARMUP_FAIL_SKIP  = on (a failed warm-up skips the query's measured batches)
  IDLE_BASELINE_S   = 5.0 s before each query's measured batches
  SIGLESS_ADDR      = (disabled)
Found 1 query under queries/stackoverflow/SQLStorm/16399.sql

RAPL: powercap, 1 package, domains: pkg core gpu/uncore dram

[1/1] queries/stackoverflow/SQLStorm/16399.sql (2 warmup + step-up 1 16 x1)
  warmup 1/2: 0.249215 sec (cache prime)
  warmup 2/2: 0.101180 sec
  idle baseline: 5.0s, package 0.459 W, dram 0.256 W
  N=1   batch 1/1: 0.101059 sec, 1 copy (server sum 45.553 ms)
  N=16  batch 1/1: 0.757567 sec, 16 copies (server sum 691.520 ms)
  done: 2 sizes x 1 run (0 failures)

Done. Batch rows appended to logs/compare/warm_stepup/compare_server001_s1_20261004T161823Z/query_timing_stackoverflow_1gb.csv
Per-copy samples appended to logs/compare/warm_stepup/compare_server001_s1_20261004T161823Z/query_samples_stackoverflow_1gb.csv
Idle baselines appended to logs/compare/warm_stepup/compare_server001_s1_20261004T161823Z/query_idle_stackoverflow_1gb.csv
Machine identity appended to logs/compare/warm_stepup/compare_server001_s1_20261004T161823Z/query_runinfo_stackoverflow_1gb.csv
Last batch ended at epoch 1791133119.831 (PREV_END_EPOCH for the next invocation)
===== [69/324] queries/stackoverflow/SQLStorm/2764.sql run_id=E4BF2012F7D05AA2 =====
query_runner configuration:
  QUERY_DIR         = queries/stackoverflow/SQLStorm/2764.sql
  LOGS_DIR          = logs/compare/warm_stepup/compare_server001_s1_20261004T161823Z  (query_timing_/query_samples_/query_catalog_stackoverflow_1gb.csv)
  DB_NAME / DB_USER = stackoverflow_1gb / postgres
  PGPORT            = 5432  (server reports 18.6)
  RUN_ID            = E4BF2012F7D05AA2
  WARMUP            = 2 single-copy warm-ups (the first primes the cache)
  BATCH_SIZES       = 1 16  x RUNS=1 measured batches each
  WORKERS           = (planner default)
  STATEMENT_TIMEOUT = 15
  THERMAL_EQUALISE  = gate (T_LO=40 T_HI=60 preheat<=60s cooldown<=120s)
  sensors           = pkg:/sys/class/hwmon/hwmon8/temp1_input cores:4 cpufreq:8 throttle:8/8
  WARMUP_FAIL_SKIP  = on (a failed warm-up skips the query's measured batches)
  IDLE_BASELINE_S   = 5.0 s before each query's measured batches
  SIGLESS_ADDR      = (disabled)
Found 1 query under queries/stackoverflow/SQLStorm/2764.sql

RAPL: powercap, 1 package, domains: pkg core gpu/uncore dram

[1/1] queries/stackoverflow/SQLStorm/2764.sql (2 warmup + step-up 1 16 x1)
  warmup 1/2: 0.679517 sec (cache prime)
  warmup 2/2: 0.478521 sec
  idle baseline: 5.0s, package 0.431 W, dram 0.255 W
  N=1   batch 1/1: 0.477687 sec, 1 copy (server sum 420.076 ms)
  N=16  batch 1/1: 6.519179 sec, 16 copies (server sum 6436.632 ms)
  done: 2 sizes x 1 run (0 failures)

Done. Batch rows appended to logs/compare/warm_stepup/compare_server001_s1_20261004T161823Z/query_timing_stackoverflow_1gb.csv
Per-copy samples appended to logs/compare/warm_stepup/compare_server001_s1_20261004T161823Z/query_samples_stackoverflow_1gb.csv
Idle baselines appended to logs/compare/warm_stepup/compare_server001_s1_20261004T161823Z/query_idle_stackoverflow_1gb.csv
Machine identity appended to logs/compare/warm_stepup/compare_server001_s1_20261004T161823Z/query_runinfo_stackoverflow_1gb.csv
Last batch ended at epoch 1791133136.441 (PREV_END_EPOCH for the next invocation)
===== [70/324] queries/stackoverflow/SQLStorm/11397.sql run_id=895518BFF9E9E2EE =====
query_runner configuration:
  QUERY_DIR         = queries/stackoverflow/SQLStorm/11397.sql
  LOGS_DIR          = logs/compare/warm_stepup/compare_server001_s1_20261004T161823Z  (query_timing_/query_samples_/query_catalog_stackoverflow_1gb.csv)
  DB_NAME / DB_USER = stackoverflow_1gb / postgres
  PGPORT            = 5432  (server reports 18.6)
  RUN_ID            = 895518BFF9E9E2EE
  WARMUP            = 2 single-copy warm-ups (the first primes the cache)
  BATCH_SIZES       = 1 16  x RUNS=1 measured batches each
  WORKERS           = (planner default)
  STATEMENT_TIMEOUT = 15
  THERMAL_EQUALISE  = gate (T_LO=40 T_HI=60 preheat<=60s cooldown<=120s)
  sensors           = pkg:/sys/class/hwmon/hwmon8/temp1_input cores:4 cpufreq:8 throttle:8/8
  WARMUP_FAIL_SKIP  = on (a failed warm-up skips the query's measured batches)
  IDLE_BASELINE_S   = 5.0 s before each query's measured batches
  SIGLESS_ADDR      = (disabled)
Found 1 query under queries/stackoverflow/SQLStorm/11397.sql

RAPL: powercap, 1 package, domains: pkg core gpu/uncore dram

[1/1] queries/stackoverflow/SQLStorm/11397.sql (2 warmup + step-up 1 16 x1)
  warmup 1/2: 1.844655 sec (cache prime)
  warmup 2/2: 1.485581 sec
  idle baseline: 5.0s, package 0.462 W, dram 0.255 W
  N=1   batch 1/1: 1.484925 sec, 1 copy (server sum 1427.737 ms)
  N=16  batch 1/1: 22.700979 sec, 16 copies (server sum 22623.080 ms)
  done: 2 sizes x 1 run (0 failures)

Done. Batch rows appended to logs/compare/warm_stepup/compare_server001_s1_20261004T161823Z/query_timing_stackoverflow_1gb.csv
Per-copy samples appended to logs/compare/warm_stepup/compare_server001_s1_20261004T161823Z/query_samples_stackoverflow_1gb.csv
Idle baselines appended to logs/compare/warm_stepup/compare_server001_s1_20261004T161823Z/query_idle_stackoverflow_1gb.csv
Machine identity appended to logs/compare/warm_stepup/compare_server001_s1_20261004T161823Z/query_runinfo_stackoverflow_1gb.csv
Last batch ended at epoch 1791133172.511 (PREV_END_EPOCH for the next invocation)
===== [71/324] queries/stackoverflow/SQLStorm/7046.sql run_id=FFA80D85015C10E8 =====
query_runner configuration:
  QUERY_DIR         = queries/stackoverflow/SQLStorm/7046.sql
  LOGS_DIR          = logs/compare/warm_stepup/compare_server001_s1_20261004T161823Z  (query_timing_/query_samples_/query_catalog_stackoverflow_1gb.csv)
  DB_NAME / DB_USER = stackoverflow_1gb / postgres
  PGPORT            = 5432  (server reports 18.6)
  RUN_ID            = FFA80D85015C10E8
  WARMUP            = 2 single-copy warm-ups (the first primes the cache)
  BATCH_SIZES       = 1 16  x RUNS=1 measured batches each
  WORKERS           = (planner default)
  STATEMENT_TIMEOUT = 15
  THERMAL_EQUALISE  = gate (T_LO=40 T_HI=60 preheat<=60s cooldown<=120s)
  sensors           = pkg:/sys/class/hwmon/hwmon8/temp1_input cores:4 cpufreq:8 throttle:8/8
  WARMUP_FAIL_SKIP  = on (a failed warm-up skips the query's measured batches)
  IDLE_BASELINE_S   = 5.0 s before each query's measured batches
  SIGLESS_ADDR      = (disabled)
Found 1 query under queries/stackoverflow/SQLStorm/7046.sql

RAPL: powercap, 1 package, domains: pkg core gpu/uncore dram

[1/1] queries/stackoverflow/SQLStorm/7046.sql (2 warmup + step-up 1 16 x1)
  warmup 1/2: 3.039818 sec (cache prime)
  warmup 2/2: 2.386084 sec
  idle baseline: 5.0s, package 0.463 W, dram 0.256 W
  N=1   batch 1/1: 2.379641 sec, 1 copy (server sum 2321.921 ms)
  N=16  batch 1/1: 35.226725 sec, 16 copies (server sum 35141.367 ms)
  done: 2 sizes x 1 run (0 failures)

Done. Batch rows appended to logs/compare/warm_stepup/compare_server001_s1_20261004T161823Z/query_timing_stackoverflow_1gb.csv
Per-copy samples appended to logs/compare/warm_stepup/compare_server001_s1_20261004T161823Z/query_samples_stackoverflow_1gb.csv
Idle baselines appended to logs/compare/warm_stepup/compare_server001_s1_20261004T161823Z/query_idle_stackoverflow_1gb.csv
Machine identity appended to logs/compare/warm_stepup/compare_server001_s1_20261004T161823Z/query_runinfo_stackoverflow_1gb.csv
Last batch ended at epoch 1791133223.847 (PREV_END_EPOCH for the next invocation)
===== [72/324] queries/stackoverflow/SQLStorm/13737.sql run_id=0B523108D218BFAA =====
query_runner configuration:
  QUERY_DIR         = queries/stackoverflow/SQLStorm/13737.sql
  LOGS_DIR          = logs/compare/warm_stepup/compare_server001_s1_20261004T161823Z  (query_timing_/query_samples_/query_catalog_stackoverflow_1gb.csv)
  DB_NAME / DB_USER = stackoverflow_1gb / postgres
  PGPORT            = 5432  (server reports 18.6)
  RUN_ID            = 0B523108D218BFAA
  WARMUP            = 2 single-copy warm-ups (the first primes the cache)
  BATCH_SIZES       = 1 16  x RUNS=1 measured batches each
  WORKERS           = (planner default)
  STATEMENT_TIMEOUT = 15
  THERMAL_EQUALISE  = gate (T_LO=40 T_HI=60 preheat<=60s cooldown<=120s)
  sensors           = pkg:/sys/class/hwmon/hwmon8/temp1_input cores:4 cpufreq:8 throttle:8/8
  WARMUP_FAIL_SKIP  = on (a failed warm-up skips the query's measured batches)
  IDLE_BASELINE_S   = 5.0 s before each query's measured batches
  SIGLESS_ADDR      = (disabled)
Found 1 query under queries/stackoverflow/SQLStorm/13737.sql

RAPL: powercap, 1 package, domains: pkg core gpu/uncore dram

[1/1] queries/stackoverflow/SQLStorm/13737.sql (2 warmup + step-up 1 16 x1)
  warmup 1/2: 0.603701 sec (cache prime)
  warmup 2/2: 0.328595 sec
  idle baseline: 5.0s, package 0.483 W, dram 0.257 W
  N=1   batch 1/1: 0.329964 sec, 1 copy (server sum 274.308 ms)
  N=16  batch 1/1: 4.291534 sec, 16 copies (server sum 4221.916 ms)
  done: 2 sizes x 1 run (0 failures)

Done. Batch rows appended to logs/compare/warm_stepup/compare_server001_s1_20261004T161823Z/query_timing_stackoverflow_1gb.csv
Per-copy samples appended to logs/compare/warm_stepup/compare_server001_s1_20261004T161823Z/query_samples_stackoverflow_1gb.csv
Idle baselines appended to logs/compare/warm_stepup/compare_server001_s1_20261004T161823Z/query_idle_stackoverflow_1gb.csv
Machine identity appended to logs/compare/warm_stepup/compare_server001_s1_20261004T161823Z/query_runinfo_stackoverflow_1gb.csv
Last batch ended at epoch 1791133238.084 (PREV_END_EPOCH for the next invocation)
===== [73/324] queries/stackoverflow/SQLStorm/16378.sql run_id=C301A4FF59DD0250 =====
query_runner configuration:
  QUERY_DIR         = queries/stackoverflow/SQLStorm/16378.sql
  LOGS_DIR          = logs/compare/warm_stepup/compare_server001_s1_20261004T161823Z  (query_timing_/query_samples_/query_catalog_stackoverflow_1gb.csv)
  DB_NAME / DB_USER = stackoverflow_1gb / postgres
  PGPORT            = 5432  (server reports 18.6)
  RUN_ID            = C301A4FF59DD0250
  WARMUP            = 2 single-copy warm-ups (the first primes the cache)
  BATCH_SIZES       = 1 16  x RUNS=1 measured batches each
  WORKERS           = (planner default)
  STATEMENT_TIMEOUT = 15
  THERMAL_EQUALISE  = gate (T_LO=40 T_HI=60 preheat<=60s cooldown<=120s)
  sensors           = pkg:/sys/class/hwmon/hwmon8/temp1_input cores:4 cpufreq:8 throttle:8/8
  WARMUP_FAIL_SKIP  = on (a failed warm-up skips the query's measured batches)
  IDLE_BASELINE_S   = 5.0 s before each query's measured batches
  SIGLESS_ADDR      = (disabled)
Found 1 query under queries/stackoverflow/SQLStorm/16378.sql

RAPL: powercap, 1 package, domains: pkg core gpu/uncore dram

[1/1] queries/stackoverflow/SQLStorm/16378.sql (2 warmup + step-up 1 16 x1)
  warmup 1/2: 0.683288 sec (cache prime)
  warmup 2/2: 0.546261 sec
  idle baseline: 5.0s, package 0.468 W, dram 0.257 W
  N=1   batch 1/1: 0.552250 sec, 1 copy (server sum 495.919 ms)
  N=16  batch 1/1: 7.274262 sec, 16 copies (server sum 7182.297 ms)
  done: 2 sizes x 1 run (0 failures)

Done. Batch rows appended to logs/compare/warm_stepup/compare_server001_s1_20261004T161823Z/query_timing_stackoverflow_1gb.csv
Per-copy samples appended to logs/compare/warm_stepup/compare_server001_s1_20261004T161823Z/query_samples_stackoverflow_1gb.csv
Idle baselines appended to logs/compare/warm_stepup/compare_server001_s1_20261004T161823Z/query_idle_stackoverflow_1gb.csv
Machine identity appended to logs/compare/warm_stepup/compare_server001_s1_20261004T161823Z/query_runinfo_stackoverflow_1gb.csv
Last batch ended at epoch 1791133255.494 (PREV_END_EPOCH for the next invocation)
===== [74/324] queries/stackoverflow/SQLStorm/11211.sql run_id=25CB9EE0590123DF =====
query_runner configuration:
  QUERY_DIR         = queries/stackoverflow/SQLStorm/11211.sql
  LOGS_DIR          = logs/compare/warm_stepup/compare_server001_s1_20261004T161823Z  (query_timing_/query_samples_/query_catalog_stackoverflow_1gb.csv)
  DB_NAME / DB_USER = stackoverflow_1gb / postgres
  PGPORT            = 5432  (server reports 18.6)
  RUN_ID            = 25CB9EE0590123DF
  WARMUP            = 2 single-copy warm-ups (the first primes the cache)
  BATCH_SIZES       = 1 16  x RUNS=1 measured batches each
  WORKERS           = (planner default)
  STATEMENT_TIMEOUT = 15
  THERMAL_EQUALISE  = gate (T_LO=40 T_HI=60 preheat<=60s cooldown<=120s)
  sensors           = pkg:/sys/class/hwmon/hwmon8/temp1_input cores:4 cpufreq:8 throttle:8/8
  WARMUP_FAIL_SKIP  = on (a failed warm-up skips the query's measured batches)
  IDLE_BASELINE_S   = 5.0 s before each query's measured batches
  SIGLESS_ADDR      = (disabled)
Found 1 query under queries/stackoverflow/SQLStorm/11211.sql

RAPL: powercap, 1 package, domains: pkg core gpu/uncore dram

[1/1] queries/stackoverflow/SQLStorm/11211.sql (2 warmup + step-up 1 16 x1)
  warmup 1/2: 4.392361 sec (cache prime)
  warmup 2/2: 3.655890 sec
  idle baseline: 5.0s, package 0.495 W, dram 0.257 W
  N=1   batch 1/1: 3.651426 sec, 1 copy (server sum 3594.117 ms)
  N=16  batch 1/1: 57.892024 sec, 16 copies (server sum 57805.051 ms)
  done: 2 sizes x 1 run (0 failures)

Done. Batch rows appended to logs/compare/warm_stepup/compare_server001_s1_20261004T161823Z/query_timing_stackoverflow_1gb.csv
Per-copy samples appended to logs/compare/warm_stepup/compare_server001_s1_20261004T161823Z/query_samples_stackoverflow_1gb.csv
Idle baselines appended to logs/compare/warm_stepup/compare_server001_s1_20261004T161823Z/query_idle_stackoverflow_1gb.csv
Machine identity appended to logs/compare/warm_stepup/compare_server001_s1_20261004T161823Z/query_runinfo_stackoverflow_1gb.csv
Last batch ended at epoch 1791133333.481 (PREV_END_EPOCH for the next invocation)
===== [75/324] queries/stackoverflow/SQLStorm/16363.sql run_id=1CC7DB2D21E5E86E =====
query_runner configuration:
  QUERY_DIR         = queries/stackoverflow/SQLStorm/16363.sql
  LOGS_DIR          = logs/compare/warm_stepup/compare_server001_s1_20261004T161823Z  (query_timing_/query_samples_/query_catalog_stackoverflow_1gb.csv)
  DB_NAME / DB_USER = stackoverflow_1gb / postgres
  PGPORT            = 5432  (server reports 18.6)
  RUN_ID            = 1CC7DB2D21E5E86E
  WARMUP            = 2 single-copy warm-ups (the first primes the cache)
  BATCH_SIZES       = 1 16  x RUNS=1 measured batches each
  WORKERS           = (planner default)
  STATEMENT_TIMEOUT = 15
  THERMAL_EQUALISE  = gate (T_LO=40 T_HI=60 preheat<=60s cooldown<=120s)
  sensors           = pkg:/sys/class/hwmon/hwmon8/temp1_input cores:4 cpufreq:8 throttle:8/8
  WARMUP_FAIL_SKIP  = on (a failed warm-up skips the query's measured batches)
  IDLE_BASELINE_S   = 5.0 s before each query's measured batches
  SIGLESS_ADDR      = (disabled)
Found 1 query under queries/stackoverflow/SQLStorm/16363.sql

RAPL: powercap, 1 package, domains: pkg core gpu/uncore dram

[1/1] queries/stackoverflow/SQLStorm/16363.sql (2 warmup + step-up 1 16 x1)
  warmup 1/2: 3.604174 sec (cache prime)
  warmup 2/2: 2.662510 sec
  idle baseline: 5.0s, package 0.471 W, dram 0.257 W
  N=1   batch 1/1: 2.661283 sec, 1 copy (server sum 2604.415 ms)
  N=16  batch 1/1: 40.954960 sec, 16 copies (server sum 40879.930 ms)
  done: 2 sizes x 1 run (0 failures)

Done. Batch rows appended to logs/compare/warm_stepup/compare_server001_s1_20261004T161823Z/query_timing_stackoverflow_1gb.csv
Per-copy samples appended to logs/compare/warm_stepup/compare_server001_s1_20261004T161823Z/query_samples_stackoverflow_1gb.csv
Idle baselines appended to logs/compare/warm_stepup/compare_server001_s1_20261004T161823Z/query_idle_stackoverflow_1gb.csv
Machine identity appended to logs/compare/warm_stepup/compare_server001_s1_20261004T161823Z/query_runinfo_stackoverflow_1gb.csv
Last batch ended at epoch 1791133392.018 (PREV_END_EPOCH for the next invocation)
===== [76/324] queries/stackoverflow/SQLStorm/25154.sql run_id=52DE1CA8AE866258 =====
query_runner configuration:
  QUERY_DIR         = queries/stackoverflow/SQLStorm/25154.sql
  LOGS_DIR          = logs/compare/warm_stepup/compare_server001_s1_20261004T161823Z  (query_timing_/query_samples_/query_catalog_stackoverflow_1gb.csv)
  DB_NAME / DB_USER = stackoverflow_1gb / postgres
  PGPORT            = 5432  (server reports 18.6)
  RUN_ID            = 52DE1CA8AE866258
  WARMUP            = 2 single-copy warm-ups (the first primes the cache)
  BATCH_SIZES       = 1 16  x RUNS=1 measured batches each
  WORKERS           = (planner default)
  STATEMENT_TIMEOUT = 15
  THERMAL_EQUALISE  = gate (T_LO=40 T_HI=60 preheat<=60s cooldown<=120s)
  sensors           = pkg:/sys/class/hwmon/hwmon8/temp1_input cores:4 cpufreq:8 throttle:8/8
  WARMUP_FAIL_SKIP  = on (a failed warm-up skips the query's measured batches)
  IDLE_BASELINE_S   = 5.0 s before each query's measured batches
  SIGLESS_ADDR      = (disabled)
Found 1 query under queries/stackoverflow/SQLStorm/25154.sql

RAPL: powercap, 1 package, domains: pkg core gpu/uncore dram

[1/1] queries/stackoverflow/SQLStorm/25154.sql (2 warmup + step-up 1 16 x1)
  warmup 1/2: 3.896809 sec (cache prime)
  warmup 2/2: 3.033412 sec
  idle baseline: 5.0s, package 0.475 W, dram 0.255 W
  N=1   batch 1/1: 3.042437 sec, 1 copy (server sum 2984.509 ms)
  N=16  batch 1/1: 47.214162 sec, 16 copies (server sum 47126.552 ms)
  done: 2 sizes x 1 run (0 failures)

Done. Batch rows appended to logs/compare/warm_stepup/compare_server001_s1_20261004T161823Z/query_timing_stackoverflow_1gb.csv
Per-copy samples appended to logs/compare/warm_stepup/compare_server001_s1_20261004T161823Z/query_samples_stackoverflow_1gb.csv
Idle baselines appended to logs/compare/warm_stepup/compare_server001_s1_20261004T161823Z/query_idle_stackoverflow_1gb.csv
Machine identity appended to logs/compare/warm_stepup/compare_server001_s1_20261004T161823Z/query_runinfo_stackoverflow_1gb.csv
Last batch ended at epoch 1791133457.796 (PREV_END_EPOCH for the next invocation)
===== [77/324] queries/stackoverflow/SQLStorm/21497.sql run_id=DC00F4CE705116BF =====
query_runner configuration:
  QUERY_DIR         = queries/stackoverflow/SQLStorm/21497.sql
  LOGS_DIR          = logs/compare/warm_stepup/compare_server001_s1_20261004T161823Z  (query_timing_/query_samples_/query_catalog_stackoverflow_1gb.csv)
  DB_NAME / DB_USER = stackoverflow_1gb / postgres
  PGPORT            = 5432  (server reports 18.6)
  RUN_ID            = DC00F4CE705116BF
  WARMUP            = 2 single-copy warm-ups (the first primes the cache)
  BATCH_SIZES       = 1 16  x RUNS=1 measured batches each
  WORKERS           = (planner default)
  STATEMENT_TIMEOUT = 15
  THERMAL_EQUALISE  = gate (T_LO=40 T_HI=60 preheat<=60s cooldown<=120s)
  sensors           = pkg:/sys/class/hwmon/hwmon8/temp1_input cores:4 cpufreq:8 throttle:8/8
  WARMUP_FAIL_SKIP  = on (a failed warm-up skips the query's measured batches)
  IDLE_BASELINE_S   = 5.0 s before each query's measured batches
  SIGLESS_ADDR      = (disabled)
Found 1 query under queries/stackoverflow/SQLStorm/21497.sql

RAPL: powercap, 1 package, domains: pkg core gpu/uncore dram

[1/1] queries/stackoverflow/SQLStorm/21497.sql (2 warmup + step-up 1 16 x1)
  warmup 1/2: 1.468277 sec (cache prime)
  warmup 2/2: 0.877900 sec
  idle baseline: 5.0s, package 0.453 W, dram 0.256 W
  N=1   batch 1/1: 0.875371 sec, 1 copy (server sum 816.834 ms)
  N=16  batch 1/1: 12.390546 sec, 16 copies (server sum 12242.597 ms)
  done: 2 sizes x 1 run (0 failures)

Done. Batch rows appended to logs/compare/warm_stepup/compare_server001_s1_20261004T161823Z/query_timing_stackoverflow_1gb.csv
Per-copy samples appended to logs/compare/warm_stepup/compare_server001_s1_20261004T161823Z/query_samples_stackoverflow_1gb.csv
Idle baselines appended to logs/compare/warm_stepup/compare_server001_s1_20261004T161823Z/query_idle_stackoverflow_1gb.csv
Machine identity appended to logs/compare/warm_stepup/compare_server001_s1_20261004T161823Z/query_runinfo_stackoverflow_1gb.csv
Last batch ended at epoch 1791133481.824 (PREV_END_EPOCH for the next invocation)
===== [78/324] queries/stackoverflow/SQLStorm/13186.sql run_id=AABE9D10CDCC0747 =====
query_runner configuration:
  QUERY_DIR         = queries/stackoverflow/SQLStorm/13186.sql
  LOGS_DIR          = logs/compare/warm_stepup/compare_server001_s1_20261004T161823Z  (query_timing_/query_samples_/query_catalog_stackoverflow_1gb.csv)
  DB_NAME / DB_USER = stackoverflow_1gb / postgres
  PGPORT            = 5432  (server reports 18.6)
  RUN_ID            = AABE9D10CDCC0747
  WARMUP            = 2 single-copy warm-ups (the first primes the cache)
  BATCH_SIZES       = 1 16  x RUNS=1 measured batches each
  WORKERS           = (planner default)
  STATEMENT_TIMEOUT = 15
  THERMAL_EQUALISE  = gate (T_LO=40 T_HI=60 preheat<=60s cooldown<=120s)
  sensors           = pkg:/sys/class/hwmon/hwmon8/temp1_input cores:4 cpufreq:8 throttle:8/8
  WARMUP_FAIL_SKIP  = on (a failed warm-up skips the query's measured batches)
  IDLE_BASELINE_S   = 5.0 s before each query's measured batches
  SIGLESS_ADDR      = (disabled)
Found 1 query under queries/stackoverflow/SQLStorm/13186.sql

RAPL: powercap, 1 package, domains: pkg core gpu/uncore dram

[1/1] queries/stackoverflow/SQLStorm/13186.sql (2 warmup + step-up 1 16 x1)
  warmup 1/2: 4.854995 sec (cache prime)
  warmup 2/2: 4.367044 sec
  idle baseline: 5.0s, package 0.574 W, dram 0.260 W
  N=1   batch 1/1: 4.365235 sec, 1 copy (server sum 4307.338 ms)
  N=16  batch 1/1: 67.865870 sec, 16 copies (server sum 67781.589 ms)
  done: 2 sizes x 1 run (0 failures)

Done. Batch rows appended to logs/compare/warm_stepup/compare_server001_s1_20261004T161823Z/query_timing_stackoverflow_1gb.csv
Per-copy samples appended to logs/compare/warm_stepup/compare_server001_s1_20261004T161823Z/query_samples_stackoverflow_1gb.csv
Idle baselines appended to logs/compare/warm_stepup/compare_server001_s1_20261004T161823Z/query_idle_stackoverflow_1gb.csv
Machine identity appended to logs/compare/warm_stepup/compare_server001_s1_20261004T161823Z/query_runinfo_stackoverflow_1gb.csv
Last batch ended at epoch 1791133571.837 (PREV_END_EPOCH for the next invocation)
===== [79/324] queries/stackoverflow/SQLStorm/32216.sql run_id=1C941F54EC844393 =====
query_runner configuration:
  QUERY_DIR         = queries/stackoverflow/SQLStorm/32216.sql
  LOGS_DIR          = logs/compare/warm_stepup/compare_server001_s1_20261004T161823Z  (query_timing_/query_samples_/query_catalog_stackoverflow_1gb.csv)
  DB_NAME / DB_USER = stackoverflow_1gb / postgres
  PGPORT            = 5432  (server reports 18.6)
  RUN_ID            = 1C941F54EC844393
  WARMUP            = 2 single-copy warm-ups (the first primes the cache)
  BATCH_SIZES       = 1 16  x RUNS=1 measured batches each
  WORKERS           = (planner default)
  STATEMENT_TIMEOUT = 15
  THERMAL_EQUALISE  = gate (T_LO=40 T_HI=60 preheat<=60s cooldown<=120s)
  sensors           = pkg:/sys/class/hwmon/hwmon8/temp1_input cores:4 cpufreq:8 throttle:8/8
  WARMUP_FAIL_SKIP  = on (a failed warm-up skips the query's measured batches)
  IDLE_BASELINE_S   = 5.0 s before each query's measured batches
  SIGLESS_ADDR      = (disabled)
Found 1 query under queries/stackoverflow/SQLStorm/32216.sql

RAPL: powercap, 1 package, domains: pkg core gpu/uncore dram

[1/1] queries/stackoverflow/SQLStorm/32216.sql (2 warmup + step-up 1 16 x1)
  warmup 1/2: 4.297156 sec (cache prime)
  warmup 2/2: 4.003271 sec
  idle baseline: 5.0s, package 0.508 W, dram 0.258 W
  N=1   batch 1/1: 3.998443 sec, 1 copy (server sum 3939.758 ms)
  N=16  batch 1/1: 61.146612 sec, 16 copies (server sum 61051.427 ms)
  done: 2 sizes x 1 run (0 failures)

Done. Batch rows appended to logs/compare/warm_stepup/compare_server001_s1_20261004T161823Z/query_timing_stackoverflow_1gb.csv
Per-copy samples appended to logs/compare/warm_stepup/compare_server001_s1_20261004T161823Z/query_samples_stackoverflow_1gb.csv
Idle baselines appended to logs/compare/warm_stepup/compare_server001_s1_20261004T161823Z/query_idle_stackoverflow_1gb.csv
Machine identity appended to logs/compare/warm_stepup/compare_server001_s1_20261004T161823Z/query_runinfo_stackoverflow_1gb.csv
Last batch ended at epoch 1791133653.648 (PREV_END_EPOCH for the next invocation)
===== [80/324] queries/stackoverflow/SQLStorm/6957.sql run_id=DF60938F0B94ECE4 =====
query_runner configuration:
  QUERY_DIR         = queries/stackoverflow/SQLStorm/6957.sql
  LOGS_DIR          = logs/compare/warm_stepup/compare_server001_s1_20261004T161823Z  (query_timing_/query_samples_/query_catalog_stackoverflow_1gb.csv)
  DB_NAME / DB_USER = stackoverflow_1gb / postgres
  PGPORT            = 5432  (server reports 18.6)
  RUN_ID            = DF60938F0B94ECE4
  WARMUP            = 2 single-copy warm-ups (the first primes the cache)
  BATCH_SIZES       = 1 16  x RUNS=1 measured batches each
  WORKERS           = (planner default)
  STATEMENT_TIMEOUT = 15
  THERMAL_EQUALISE  = gate (T_LO=40 T_HI=60 preheat<=60s cooldown<=120s)
  sensors           = pkg:/sys/class/hwmon/hwmon8/temp1_input cores:4 cpufreq:8 throttle:8/8
  WARMUP_FAIL_SKIP  = on (a failed warm-up skips the query's measured batches)
  IDLE_BASELINE_S   = 5.0 s before each query's measured batches
  SIGLESS_ADDR      = (disabled)
Found 1 query under queries/stackoverflow/SQLStorm/6957.sql

RAPL: powercap, 1 package, domains: pkg core gpu/uncore dram

[1/1] queries/stackoverflow/SQLStorm/6957.sql (2 warmup + step-up 1 16 x1)
  warmup 1/2: 1.075659 sec (cache prime)
  warmup 2/2: 0.440943 sec
  idle baseline: 5.0s, package 0.499 W, dram 0.257 W
  N=1   batch 1/1: 0.439415 sec, 1 copy (server sum 380.843 ms)
  N=16  batch 1/1: 5.752670 sec, 16 copies (server sum 5663.781 ms)
  done: 2 sizes x 1 run (0 failures)

Done. Batch rows appended to logs/compare/warm_stepup/compare_server001_s1_20261004T161823Z/query_timing_stackoverflow_1gb.csv
Per-copy samples appended to logs/compare/warm_stepup/compare_server001_s1_20261004T161823Z/query_samples_stackoverflow_1gb.csv
Idle baselines appended to logs/compare/warm_stepup/compare_server001_s1_20261004T161823Z/query_idle_stackoverflow_1gb.csv
Machine identity appended to logs/compare/warm_stepup/compare_server001_s1_20261004T161823Z/query_runinfo_stackoverflow_1gb.csv
Last batch ended at epoch 1791133669.885 (PREV_END_EPOCH for the next invocation)
===== [81/324] queries/stackoverflow/SQLStorm/8072.sql run_id=FF503F1313206496 =====
query_runner configuration:
  QUERY_DIR         = queries/stackoverflow/SQLStorm/8072.sql
  LOGS_DIR          = logs/compare/warm_stepup/compare_server001_s1_20261004T161823Z  (query_timing_/query_samples_/query_catalog_stackoverflow_1gb.csv)
  DB_NAME / DB_USER = stackoverflow_1gb / postgres
  PGPORT            = 5432  (server reports 18.6)
  RUN_ID            = FF503F1313206496
  WARMUP            = 2 single-copy warm-ups (the first primes the cache)
  BATCH_SIZES       = 1 16  x RUNS=1 measured batches each
  WORKERS           = (planner default)
  STATEMENT_TIMEOUT = 15
  THERMAL_EQUALISE  = gate (T_LO=40 T_HI=60 preheat<=60s cooldown<=120s)
  sensors           = pkg:/sys/class/hwmon/hwmon8/temp1_input cores:4 cpufreq:8 throttle:8/8
  WARMUP_FAIL_SKIP  = on (a failed warm-up skips the query's measured batches)
  IDLE_BASELINE_S   = 5.0 s before each query's measured batches
  SIGLESS_ADDR      = (disabled)
Found 1 query under queries/stackoverflow/SQLStorm/8072.sql

RAPL: powercap, 1 package, domains: pkg core gpu/uncore dram

[1/1] queries/stackoverflow/SQLStorm/8072.sql (2 warmup + step-up 1 16 x1)
  warmup 1/2: 3.038772 sec (cache prime)
  warmup 2/2: 2.532489 sec
  idle baseline: 5.0s, package 0.489 W, dram 0.258 W
  N=1   batch 1/1: 2.537839 sec, 1 copy (server sum 2479.073 ms)
  N=16  batch 1/1: 37.455439 sec, 16 copies (server sum 37361.487 ms)
  done: 2 sizes x 1 run (0 failures)

Done. Batch rows appended to logs/compare/warm_stepup/compare_server001_s1_20261004T161823Z/query_timing_stackoverflow_1gb.csv
Per-copy samples appended to logs/compare/warm_stepup/compare_server001_s1_20261004T161823Z/query_samples_stackoverflow_1gb.csv
Idle baselines appended to logs/compare/warm_stepup/compare_server001_s1_20261004T161823Z/query_idle_stackoverflow_1gb.csv
Machine identity appended to logs/compare/warm_stepup/compare_server001_s1_20261004T161823Z/query_runinfo_stackoverflow_1gb.csv
Last batch ended at epoch 1791133724.018 (PREV_END_EPOCH for the next invocation)
===== [82/324] queries/stackoverflow/SQLStorm/13512.sql run_id=5D57D039C1F72897 =====
query_runner configuration:
  QUERY_DIR         = queries/stackoverflow/SQLStorm/13512.sql
  LOGS_DIR          = logs/compare/warm_stepup/compare_server001_s1_20261004T161823Z  (query_timing_/query_samples_/query_catalog_stackoverflow_1gb.csv)
  DB_NAME / DB_USER = stackoverflow_1gb / postgres
  PGPORT            = 5432  (server reports 18.6)
  RUN_ID            = 5D57D039C1F72897
  WARMUP            = 2 single-copy warm-ups (the first primes the cache)
  BATCH_SIZES       = 1 16  x RUNS=1 measured batches each
  WORKERS           = (planner default)
  STATEMENT_TIMEOUT = 15
  THERMAL_EQUALISE  = gate (T_LO=40 T_HI=60 preheat<=60s cooldown<=120s)
  sensors           = pkg:/sys/class/hwmon/hwmon8/temp1_input cores:4 cpufreq:8 throttle:8/8
  WARMUP_FAIL_SKIP  = on (a failed warm-up skips the query's measured batches)
  IDLE_BASELINE_S   = 5.0 s before each query's measured batches
  SIGLESS_ADDR      = (disabled)
Found 1 query under queries/stackoverflow/SQLStorm/13512.sql

RAPL: powercap, 1 package, domains: pkg core gpu/uncore dram

[1/1] queries/stackoverflow/SQLStorm/13512.sql (2 warmup + step-up 1 16 x1)
  warmup 1/2: 7.161058 sec (cache prime)
  warmup 2/2: 5.684069 sec
  idle baseline: 5.0s, package 0.491 W, dram 0.256 W
  N=1   batch 1/1: 5.667130 sec, 1 copy (server sum 5609.634 ms)
  N=16  batch 1/1: 89.313273 sec, 16 copies (server sum 89232.275 ms)
  done: 2 sizes x 1 run (0 failures)

Done. Batch rows appended to logs/compare/warm_stepup/compare_server001_s1_20261004T161823Z/query_timing_stackoverflow_1gb.csv
Per-copy samples appended to logs/compare/warm_stepup/compare_server001_s1_20261004T161823Z/query_samples_stackoverflow_1gb.csv
Idle baselines appended to logs/compare/warm_stepup/compare_server001_s1_20261004T161823Z/query_idle_stackoverflow_1gb.csv
Machine identity appended to logs/compare/warm_stepup/compare_server001_s1_20261004T161823Z/query_runinfo_stackoverflow_1gb.csv
Last batch ended at epoch 1791133840.493 (PREV_END_EPOCH for the next invocation)
===== [83/324] queries/stackoverflow/SQLStorm/14843.sql run_id=EDC36225F86DAC4F =====
query_runner configuration:
  QUERY_DIR         = queries/stackoverflow/SQLStorm/14843.sql
  LOGS_DIR          = logs/compare/warm_stepup/compare_server001_s1_20261004T161823Z  (query_timing_/query_samples_/query_catalog_stackoverflow_1gb.csv)
  DB_NAME / DB_USER = stackoverflow_1gb / postgres
  PGPORT            = 5432  (server reports 18.6)
  RUN_ID            = EDC36225F86DAC4F
  WARMUP            = 2 single-copy warm-ups (the first primes the cache)
  BATCH_SIZES       = 1 16  x RUNS=1 measured batches each
  WORKERS           = (planner default)
  STATEMENT_TIMEOUT = 15
  THERMAL_EQUALISE  = gate (T_LO=40 T_HI=60 preheat<=60s cooldown<=120s)
  sensors           = pkg:/sys/class/hwmon/hwmon8/temp1_input cores:4 cpufreq:8 throttle:8/8
  WARMUP_FAIL_SKIP  = on (a failed warm-up skips the query's measured batches)
  IDLE_BASELINE_S   = 5.0 s before each query's measured batches
  SIGLESS_ADDR      = (disabled)
Found 1 query under queries/stackoverflow/SQLStorm/14843.sql

RAPL: powercap, 1 package, domains: pkg core gpu/uncore dram

[1/1] queries/stackoverflow/SQLStorm/14843.sql (2 warmup + step-up 1 16 x1)
  warmup 1/2: 0.294119 sec (cache prime)
  warmup 2/2: 0.166134 sec
  idle baseline: 5.0s, package 0.517 W, dram 0.256 W
  N=1   batch 1/1: 0.165796 sec, 1 copy (server sum 110.084 ms)
  N=16  batch 1/1: 1.553857 sec, 16 copies (server sum 1488.157 ms)
  done: 2 sizes x 1 run (0 failures)

Done. Batch rows appended to logs/compare/warm_stepup/compare_server001_s1_20261004T161823Z/query_timing_stackoverflow_1gb.csv
Per-copy samples appended to logs/compare/warm_stepup/compare_server001_s1_20261004T161823Z/query_samples_stackoverflow_1gb.csv
Idle baselines appended to logs/compare/warm_stepup/compare_server001_s1_20261004T161823Z/query_idle_stackoverflow_1gb.csv
Machine identity appended to logs/compare/warm_stepup/compare_server001_s1_20261004T161823Z/query_runinfo_stackoverflow_1gb.csv
Last batch ended at epoch 1791133850.922 (PREV_END_EPOCH for the next invocation)
===== [84/324] queries/stackoverflow/SQLStorm/20426.sql run_id=D243EE2E0722C136 =====
query_runner configuration:
  QUERY_DIR         = queries/stackoverflow/SQLStorm/20426.sql
  LOGS_DIR          = logs/compare/warm_stepup/compare_server001_s1_20261004T161823Z  (query_timing_/query_samples_/query_catalog_stackoverflow_1gb.csv)
  DB_NAME / DB_USER = stackoverflow_1gb / postgres
  PGPORT            = 5432  (server reports 18.6)
  RUN_ID            = D243EE2E0722C136
  WARMUP            = 2 single-copy warm-ups (the first primes the cache)
  BATCH_SIZES       = 1 16  x RUNS=1 measured batches each
  WORKERS           = (planner default)
  STATEMENT_TIMEOUT = 15
  THERMAL_EQUALISE  = gate (T_LO=40 T_HI=60 preheat<=60s cooldown<=120s)
  sensors           = pkg:/sys/class/hwmon/hwmon8/temp1_input cores:4 cpufreq:8 throttle:8/8
  WARMUP_FAIL_SKIP  = on (a failed warm-up skips the query's measured batches)
  IDLE_BASELINE_S   = 5.0 s before each query's measured batches
  SIGLESS_ADDR      = (disabled)
Found 1 query under queries/stackoverflow/SQLStorm/20426.sql

RAPL: powercap, 1 package, domains: pkg core gpu/uncore dram

[1/1] queries/stackoverflow/SQLStorm/20426.sql (2 warmup + step-up 1 16 x1)
  warmup 1/2: 5.335390 sec (cache prime)
  warmup 2/2: 3.770900 sec
  idle baseline: 5.0s, package 0.496 W, dram 0.257 W
  N=1   batch 1/1: 3.767681 sec, 1 copy (server sum 3709.217 ms)
  N=16  batch 1/1: 56.943461 sec, 16 copies (server sum 56846.817 ms)
  done: 2 sizes x 1 run (0 failures)

Done. Batch rows appended to logs/compare/warm_stepup/compare_server001_s1_20261004T161823Z/query_timing_stackoverflow_1gb.csv
Per-copy samples appended to logs/compare/warm_stepup/compare_server001_s1_20261004T161823Z/query_samples_stackoverflow_1gb.csv
Idle baselines appended to logs/compare/warm_stepup/compare_server001_s1_20261004T161823Z/query_idle_stackoverflow_1gb.csv
Machine identity appended to logs/compare/warm_stepup/compare_server001_s1_20261004T161823Z/query_runinfo_stackoverflow_1gb.csv
Last batch ended at epoch 1791133928.877 (PREV_END_EPOCH for the next invocation)
===== [85/324] compare/probes/probe_cpu.sql run_id=68C18B486038B705 =====
query_runner configuration:
  QUERY_DIR         = compare/probes/probe_cpu.sql
  LOGS_DIR          = logs/compare/warm_stepup/compare_server001_s1_20261004T161823Z  (query_timing_/query_samples_/query_catalog_stackoverflow_1gb.csv)
  DB_NAME / DB_USER = stackoverflow_1gb / postgres
  PGPORT            = 5432  (server reports 18.6)
  RUN_ID            = 68C18B486038B705
  WARMUP            = 2 single-copy warm-ups (the first primes the cache)
  BATCH_SIZES       = 1 16  x RUNS=1 measured batches each
  WORKERS           = (planner default)
  STATEMENT_TIMEOUT = 15
  THERMAL_EQUALISE  = gate (T_LO=40 T_HI=60 preheat<=60s cooldown<=120s)
  sensors           = pkg:/sys/class/hwmon/hwmon8/temp1_input cores:4 cpufreq:8 throttle:8/8
  WARMUP_FAIL_SKIP  = on (a failed warm-up skips the query's measured batches)
  IDLE_BASELINE_S   = 5.0 s before each query's measured batches
  SIGLESS_ADDR      = (disabled)
Found 1 query under compare/probes/probe_cpu.sql

RAPL: powercap, 1 package, domains: pkg core gpu/uncore dram

[1/1] compare/probes/probe_cpu.sql (2 warmup + step-up 1 16 x1)
  warmup 1/2: 1.745605 sec (cache prime)
  warmup 2/2: 1.620108 sec
  idle baseline: 5.0s, package 0.454 W, dram 0.256 W
  N=1   batch 1/1: 1.624778 sec, 0 copies
  N=16  batch 1/1: 24.931573 sec, 0 copies
  done: 2 sizes x 1 run (0 failures)

Done. Batch rows appended to logs/compare/warm_stepup/compare_server001_s1_20261004T161823Z/query_timing_stackoverflow_1gb.csv
Per-copy samples appended to logs/compare/warm_stepup/compare_server001_s1_20261004T161823Z/query_samples_stackoverflow_1gb.csv
Idle baselines appended to logs/compare/warm_stepup/compare_server001_s1_20261004T161823Z/query_idle_stackoverflow_1gb.csv
Machine identity appended to logs/compare/warm_stepup/compare_server001_s1_20261004T161823Z/query_runinfo_stackoverflow_1gb.csv
Last batch ended at epoch 1791133967.579 (PREV_END_EPOCH for the next invocation)
===== [86/324] queries/stackoverflow/SQLStorm/4452.sql run_id=64C4497E5F6781DF =====
query_runner configuration:
  QUERY_DIR         = queries/stackoverflow/SQLStorm/4452.sql
  LOGS_DIR          = logs/compare/warm_stepup/compare_server001_s1_20261004T161823Z  (query_timing_/query_samples_/query_catalog_stackoverflow_1gb.csv)
  DB_NAME / DB_USER = stackoverflow_1gb / postgres
  PGPORT            = 5432  (server reports 18.6)
  RUN_ID            = 64C4497E5F6781DF
  WARMUP            = 2 single-copy warm-ups (the first primes the cache)
  BATCH_SIZES       = 1 16  x RUNS=1 measured batches each
  WORKERS           = (planner default)
  STATEMENT_TIMEOUT = 15
  THERMAL_EQUALISE  = gate (T_LO=40 T_HI=60 preheat<=60s cooldown<=120s)
  sensors           = pkg:/sys/class/hwmon/hwmon8/temp1_input cores:4 cpufreq:8 throttle:8/8
  WARMUP_FAIL_SKIP  = on (a failed warm-up skips the query's measured batches)
  IDLE_BASELINE_S   = 5.0 s before each query's measured batches
  SIGLESS_ADDR      = (disabled)
Found 1 query under queries/stackoverflow/SQLStorm/4452.sql

RAPL: powercap, 1 package, domains: pkg core gpu/uncore dram

[1/1] queries/stackoverflow/SQLStorm/4452.sql (2 warmup + step-up 1 16 x1)
  warmup 1/2: 0.871021 sec (cache prime)
  warmup 2/2: 0.289654 sec
  idle baseline: 5.0s, package 0.537 W, dram 0.257 W
  N=1   batch 1/1: 0.278720 sec, 1 copy (server sum 221.666 ms)
  N=16  batch 1/1: 3.123305 sec, 16 copies (server sum 3044.143 ms)
  done: 2 sizes x 1 run (0 failures)

Done. Batch rows appended to logs/compare/warm_stepup/compare_server001_s1_20261004T161823Z/query_timing_stackoverflow_1gb.csv
Per-copy samples appended to logs/compare/warm_stepup/compare_server001_s1_20261004T161823Z/query_samples_stackoverflow_1gb.csv
Idle baselines appended to logs/compare/warm_stepup/compare_server001_s1_20261004T161823Z/query_idle_stackoverflow_1gb.csv
Machine identity appended to logs/compare/warm_stepup/compare_server001_s1_20261004T161823Z/query_runinfo_stackoverflow_1gb.csv
Last batch ended at epoch 1791133980.426 (PREV_END_EPOCH for the next invocation)
===== [87/324] queries/stackoverflow/SQLStorm/16308.sql run_id=D8C64064263812A8 =====
query_runner configuration:
  QUERY_DIR         = queries/stackoverflow/SQLStorm/16308.sql
  LOGS_DIR          = logs/compare/warm_stepup/compare_server001_s1_20261004T161823Z  (query_timing_/query_samples_/query_catalog_stackoverflow_1gb.csv)
  DB_NAME / DB_USER = stackoverflow_1gb / postgres
  PGPORT            = 5432  (server reports 18.6)
  RUN_ID            = D8C64064263812A8
  WARMUP            = 2 single-copy warm-ups (the first primes the cache)
  BATCH_SIZES       = 1 16  x RUNS=1 measured batches each
  WORKERS           = (planner default)
  STATEMENT_TIMEOUT = 15
  THERMAL_EQUALISE  = gate (T_LO=40 T_HI=60 preheat<=60s cooldown<=120s)
  sensors           = pkg:/sys/class/hwmon/hwmon8/temp1_input cores:4 cpufreq:8 throttle:8/8
  WARMUP_FAIL_SKIP  = on (a failed warm-up skips the query's measured batches)
  IDLE_BASELINE_S   = 5.0 s before each query's measured batches
  SIGLESS_ADDR      = (disabled)
Found 1 query under queries/stackoverflow/SQLStorm/16308.sql

RAPL: powercap, 1 package, domains: pkg core gpu/uncore dram

[1/1] queries/stackoverflow/SQLStorm/16308.sql (2 warmup + step-up 1 16 x1)
  warmup 1/2: 0.707852 sec (cache prime)
  warmup 2/2: 0.426869 sec
  idle baseline: 5.0s, package 0.499 W, dram 0.256 W
  N=1   batch 1/1: 0.427979 sec, 1 copy (server sum 370.850 ms)
  N=16  batch 1/1: 5.915663 sec, 16 copies (server sum 5838.276 ms)
  done: 2 sizes x 1 run (0 failures)

Done. Batch rows appended to logs/compare/warm_stepup/compare_server001_s1_20261004T161823Z/query_timing_stackoverflow_1gb.csv
Per-copy samples appended to logs/compare/warm_stepup/compare_server001_s1_20261004T161823Z/query_samples_stackoverflow_1gb.csv
Idle baselines appended to logs/compare/warm_stepup/compare_server001_s1_20261004T161823Z/query_idle_stackoverflow_1gb.csv
Machine identity appended to logs/compare/warm_stepup/compare_server001_s1_20261004T161823Z/query_runinfo_stackoverflow_1gb.csv
Last batch ended at epoch 1791133996.625 (PREV_END_EPOCH for the next invocation)
===== [88/324] queries/stackoverflow/SQLStorm/9509.sql run_id=9EDB01BB77227ECC =====
query_runner configuration:
  QUERY_DIR         = queries/stackoverflow/SQLStorm/9509.sql
  LOGS_DIR          = logs/compare/warm_stepup/compare_server001_s1_20261004T161823Z  (query_timing_/query_samples_/query_catalog_stackoverflow_1gb.csv)
  DB_NAME / DB_USER = stackoverflow_1gb / postgres
  PGPORT            = 5432  (server reports 18.6)
  RUN_ID            = 9EDB01BB77227ECC
  WARMUP            = 2 single-copy warm-ups (the first primes the cache)
  BATCH_SIZES       = 1 16  x RUNS=1 measured batches each
  WORKERS           = (planner default)
  STATEMENT_TIMEOUT = 15
  THERMAL_EQUALISE  = gate (T_LO=40 T_HI=60 preheat<=60s cooldown<=120s)
  sensors           = pkg:/sys/class/hwmon/hwmon8/temp1_input cores:4 cpufreq:8 throttle:8/8
  WARMUP_FAIL_SKIP  = on (a failed warm-up skips the query's measured batches)
  IDLE_BASELINE_S   = 5.0 s before each query's measured batches
  SIGLESS_ADDR      = (disabled)
Found 1 query under queries/stackoverflow/SQLStorm/9509.sql

RAPL: powercap, 1 package, domains: pkg core gpu/uncore dram

[1/1] queries/stackoverflow/SQLStorm/9509.sql (2 warmup + step-up 1 16 x1)
  warmup 1/2: 1.151235 sec (cache prime)
  warmup 2/2: 0.903917 sec
  idle baseline: 5.0s, package 0.509 W, dram 0.256 W
  N=1   batch 1/1: 0.896956 sec, 1 copy (server sum 839.664 ms)
  N=16  batch 1/1: 12.724462 sec, 16 copies (server sum 12646.809 ms)
  done: 2 sizes x 1 run (0 failures)

Done. Batch rows appended to logs/compare/warm_stepup/compare_server001_s1_20261004T161823Z/query_timing_stackoverflow_1gb.csv
Per-copy samples appended to logs/compare/warm_stepup/compare_server001_s1_20261004T161823Z/query_samples_stackoverflow_1gb.csv
Idle baselines appended to logs/compare/warm_stepup/compare_server001_s1_20261004T161823Z/query_idle_stackoverflow_1gb.csv
Machine identity appended to logs/compare/warm_stepup/compare_server001_s1_20261004T161823Z/query_runinfo_stackoverflow_1gb.csv
Last batch ended at epoch 1791134020.685 (PREV_END_EPOCH for the next invocation)
===== [89/324] queries/stackoverflow/SQLStorm/20804.sql run_id=29AE1EEAC149E900 =====
query_runner configuration:
  QUERY_DIR         = queries/stackoverflow/SQLStorm/20804.sql
  LOGS_DIR          = logs/compare/warm_stepup/compare_server001_s1_20261004T161823Z  (query_timing_/query_samples_/query_catalog_stackoverflow_1gb.csv)
  DB_NAME / DB_USER = stackoverflow_1gb / postgres
  PGPORT            = 5432  (server reports 18.6)
  RUN_ID            = 29AE1EEAC149E900
  WARMUP            = 2 single-copy warm-ups (the first primes the cache)
  BATCH_SIZES       = 1 16  x RUNS=1 measured batches each
  WORKERS           = (planner default)
  STATEMENT_TIMEOUT = 15
  THERMAL_EQUALISE  = gate (T_LO=40 T_HI=60 preheat<=60s cooldown<=120s)
  sensors           = pkg:/sys/class/hwmon/hwmon8/temp1_input cores:4 cpufreq:8 throttle:8/8
  WARMUP_FAIL_SKIP  = on (a failed warm-up skips the query's measured batches)
  IDLE_BASELINE_S   = 5.0 s before each query's measured batches
  SIGLESS_ADDR      = (disabled)
Found 1 query under queries/stackoverflow/SQLStorm/20804.sql

RAPL: powercap, 1 package, domains: pkg core gpu/uncore dram

[1/1] queries/stackoverflow/SQLStorm/20804.sql (2 warmup + step-up 1 16 x1)
  warmup 1/2: 1.184703 sec (cache prime)
  warmup 2/2: 0.845816 sec
  idle baseline: 5.0s, package 0.471 W, dram 0.255 W
  N=1   batch 1/1: 0.847393 sec, 1 copy (server sum 788.482 ms)
  N=16  batch 1/1: 11.655153 sec, 16 copies (server sum 11564.833 ms)
  done: 2 sizes x 1 run (0 failures)

Done. Batch rows appended to logs/compare/warm_stepup/compare_server001_s1_20261004T161823Z/query_timing_stackoverflow_1gb.csv
Per-copy samples appended to logs/compare/warm_stepup/compare_server001_s1_20261004T161823Z/query_samples_stackoverflow_1gb.csv
Idle baselines appended to logs/compare/warm_stepup/compare_server001_s1_20261004T161823Z/query_idle_stackoverflow_1gb.csv
Machine identity appended to logs/compare/warm_stepup/compare_server001_s1_20261004T161823Z/query_runinfo_stackoverflow_1gb.csv
Last batch ended at epoch 1791134043.734 (PREV_END_EPOCH for the next invocation)
===== [90/324] queries/stackoverflow/SQLStorm/28796.sql run_id=62CAF53BCD095313 =====
query_runner configuration:
  QUERY_DIR         = queries/stackoverflow/SQLStorm/28796.sql
  LOGS_DIR          = logs/compare/warm_stepup/compare_server001_s1_20261004T161823Z  (query_timing_/query_samples_/query_catalog_stackoverflow_1gb.csv)
  DB_NAME / DB_USER = stackoverflow_1gb / postgres
  PGPORT            = 5432  (server reports 18.6)
  RUN_ID            = 62CAF53BCD095313
  WARMUP            = 2 single-copy warm-ups (the first primes the cache)
  BATCH_SIZES       = 1 16  x RUNS=1 measured batches each
  WORKERS           = (planner default)
  STATEMENT_TIMEOUT = 15
  THERMAL_EQUALISE  = gate (T_LO=40 T_HI=60 preheat<=60s cooldown<=120s)
  sensors           = pkg:/sys/class/hwmon/hwmon8/temp1_input cores:4 cpufreq:8 throttle:8/8
  WARMUP_FAIL_SKIP  = on (a failed warm-up skips the query's measured batches)
  IDLE_BASELINE_S   = 5.0 s before each query's measured batches
  SIGLESS_ADDR      = (disabled)
Found 1 query under queries/stackoverflow/SQLStorm/28796.sql

RAPL: powercap, 1 package, domains: pkg core gpu/uncore dram

[1/1] queries/stackoverflow/SQLStorm/28796.sql (2 warmup + step-up 1 16 x1)
  warmup 1/2: 2.062914 sec (cache prime)
  warmup 2/2: 1.807545 sec
  idle baseline: 5.0s, package 0.438 W, dram 0.255 W
  N=1   batch 1/1: 1.806729 sec, 1 copy (server sum 1747.669 ms)
  N=16  batch 1/1: 26.421759 sec, 16 copies (server sum 26327.651 ms)
  done: 2 sizes x 1 run (0 failures)

Done. Batch rows appended to logs/compare/warm_stepup/compare_server001_s1_20261004T161823Z/query_timing_stackoverflow_1gb.csv
Per-copy samples appended to logs/compare/warm_stepup/compare_server001_s1_20261004T161823Z/query_samples_stackoverflow_1gb.csv
Idle baselines appended to logs/compare/warm_stepup/compare_server001_s1_20261004T161823Z/query_idle_stackoverflow_1gb.csv
Machine identity appended to logs/compare/warm_stepup/compare_server001_s1_20261004T161823Z/query_runinfo_stackoverflow_1gb.csv
Last batch ended at epoch 1791134084.605 (PREV_END_EPOCH for the next invocation)
===== [91/324] queries/stackoverflow/SQLStorm/10937.sql run_id=E456ADF80A3EFDF1 =====
query_runner configuration:
  QUERY_DIR         = queries/stackoverflow/SQLStorm/10937.sql
  LOGS_DIR          = logs/compare/warm_stepup/compare_server001_s1_20261004T161823Z  (query_timing_/query_samples_/query_catalog_stackoverflow_1gb.csv)
  DB_NAME / DB_USER = stackoverflow_1gb / postgres
  PGPORT            = 5432  (server reports 18.6)
  RUN_ID            = E456ADF80A3EFDF1
  WARMUP            = 2 single-copy warm-ups (the first primes the cache)
  BATCH_SIZES       = 1 16  x RUNS=1 measured batches each
  WORKERS           = (planner default)
  STATEMENT_TIMEOUT = 15
  THERMAL_EQUALISE  = gate (T_LO=40 T_HI=60 preheat<=60s cooldown<=120s)
  sensors           = pkg:/sys/class/hwmon/hwmon8/temp1_input cores:4 cpufreq:8 throttle:8/8
  WARMUP_FAIL_SKIP  = on (a failed warm-up skips the query's measured batches)
  IDLE_BASELINE_S   = 5.0 s before each query's measured batches
  SIGLESS_ADDR      = (disabled)
Found 1 query under queries/stackoverflow/SQLStorm/10937.sql

RAPL: powercap, 1 package, domains: pkg core gpu/uncore dram

[1/1] queries/stackoverflow/SQLStorm/10937.sql (2 warmup + step-up 1 16 x1)
  warmup 1/2: 0.577132 sec (cache prime)
  warmup 2/2: 0.334551 sec
  idle baseline: 5.0s, package 0.463 W, dram 0.256 W
  N=1   batch 1/1: 0.334429 sec, 1 copy (server sum 278.107 ms)
  N=16  batch 1/1: 4.512759 sec, 16 copies (server sum 4442.666 ms)
  done: 2 sizes x 1 run (0 failures)

Done. Batch rows appended to logs/compare/warm_stepup/compare_server001_s1_20261004T161823Z/query_timing_stackoverflow_1gb.csv
Per-copy samples appended to logs/compare/warm_stepup/compare_server001_s1_20261004T161823Z/query_samples_stackoverflow_1gb.csv
Idle baselines appended to logs/compare/warm_stepup/compare_server001_s1_20261004T161823Z/query_idle_stackoverflow_1gb.csv
Machine identity appended to logs/compare/warm_stepup/compare_server001_s1_20261004T161823Z/query_runinfo_stackoverflow_1gb.csv
Last batch ended at epoch 1791134098.638 (PREV_END_EPOCH for the next invocation)
===== [92/324] queries/stackoverflow/SQLStorm/12128.sql run_id=480520AFD987AC24 =====
query_runner configuration:
  QUERY_DIR         = queries/stackoverflow/SQLStorm/12128.sql
  LOGS_DIR          = logs/compare/warm_stepup/compare_server001_s1_20261004T161823Z  (query_timing_/query_samples_/query_catalog_stackoverflow_1gb.csv)
  DB_NAME / DB_USER = stackoverflow_1gb / postgres
  PGPORT            = 5432  (server reports 18.6)
  RUN_ID            = 480520AFD987AC24
  WARMUP            = 2 single-copy warm-ups (the first primes the cache)
  BATCH_SIZES       = 1 16  x RUNS=1 measured batches each
  WORKERS           = (planner default)
  STATEMENT_TIMEOUT = 15
  THERMAL_EQUALISE  = gate (T_LO=40 T_HI=60 preheat<=60s cooldown<=120s)
  sensors           = pkg:/sys/class/hwmon/hwmon8/temp1_input cores:4 cpufreq:8 throttle:8/8
  WARMUP_FAIL_SKIP  = on (a failed warm-up skips the query's measured batches)
  IDLE_BASELINE_S   = 5.0 s before each query's measured batches
  SIGLESS_ADDR      = (disabled)
Found 1 query under queries/stackoverflow/SQLStorm/12128.sql

RAPL: powercap, 1 package, domains: pkg core gpu/uncore dram

[1/1] queries/stackoverflow/SQLStorm/12128.sql (2 warmup + step-up 1 16 x1)
  warmup 1/2: 3.743757 sec (cache prime)
  warmup 2/2: 3.489234 sec
  idle baseline: 5.0s, package 0.438 W, dram 0.255 W
  N=1   batch 1/1: 3.496335 sec, 1 copy (server sum 3439.079 ms)
  N=16  batch 1/1: 53.539738 sec, 16 copies (server sum 53460.463 ms)
  done: 2 sizes x 1 run (0 failures)

Done. Batch rows appended to logs/compare/warm_stepup/compare_server001_s1_20261004T161823Z/query_timing_stackoverflow_1gb.csv
Per-copy samples appended to logs/compare/warm_stepup/compare_server001_s1_20261004T161823Z/query_samples_stackoverflow_1gb.csv
Idle baselines appended to logs/compare/warm_stepup/compare_server001_s1_20261004T161823Z/query_idle_stackoverflow_1gb.csv
Machine identity appended to logs/compare/warm_stepup/compare_server001_s1_20261004T161823Z/query_runinfo_stackoverflow_1gb.csv
Last batch ended at epoch 1791134171.202 (PREV_END_EPOCH for the next invocation)
===== [93/324] queries/stackoverflow/SQLStorm/14349.sql run_id=45B07ADD5FEEB140 =====
query_runner configuration:
  QUERY_DIR         = queries/stackoverflow/SQLStorm/14349.sql
  LOGS_DIR          = logs/compare/warm_stepup/compare_server001_s1_20261004T161823Z  (query_timing_/query_samples_/query_catalog_stackoverflow_1gb.csv)
  DB_NAME / DB_USER = stackoverflow_1gb / postgres
  PGPORT            = 5432  (server reports 18.6)
  RUN_ID            = 45B07ADD5FEEB140
  WARMUP            = 2 single-copy warm-ups (the first primes the cache)
  BATCH_SIZES       = 1 16  x RUNS=1 measured batches each
  WORKERS           = (planner default)
  STATEMENT_TIMEOUT = 15
  THERMAL_EQUALISE  = gate (T_LO=40 T_HI=60 preheat<=60s cooldown<=120s)
  sensors           = pkg:/sys/class/hwmon/hwmon8/temp1_input cores:4 cpufreq:8 throttle:8/8
  WARMUP_FAIL_SKIP  = on (a failed warm-up skips the query's measured batches)
  IDLE_BASELINE_S   = 5.0 s before each query's measured batches
  SIGLESS_ADDR      = (disabled)
Found 1 query under queries/stackoverflow/SQLStorm/14349.sql

RAPL: powercap, 1 package, domains: pkg core gpu/uncore dram

[1/1] queries/stackoverflow/SQLStorm/14349.sql (2 warmup + step-up 1 16 x1)
  warmup 1/2: 3.535141 sec (cache prime)
  warmup 2/2: 3.277179 sec
  idle baseline: 5.0s, package 0.507 W, dram 0.257 W
  N=1   batch 1/1: 3.546564 sec, 1 copy (server sum 3490.812 ms)
  N=16  batch 1/1: 51.492075 sec, 16 copies (server sum 51425.376 ms)
  done: 2 sizes x 1 run (0 failures)

Done. Batch rows appended to logs/compare/warm_stepup/compare_server001_s1_20261004T161823Z/query_timing_stackoverflow_1gb.csv
Per-copy samples appended to logs/compare/warm_stepup/compare_server001_s1_20261004T161823Z/query_samples_stackoverflow_1gb.csv
Idle baselines appended to logs/compare/warm_stepup/compare_server001_s1_20261004T161823Z/query_idle_stackoverflow_1gb.csv
Machine identity appended to logs/compare/warm_stepup/compare_server001_s1_20261004T161823Z/query_runinfo_stackoverflow_1gb.csv
Last batch ended at epoch 1791134241.385 (PREV_END_EPOCH for the next invocation)
===== [94/324] queries/stackoverflow/SQLStorm/21884.sql run_id=ADB42F4C92D2CC62 =====
query_runner configuration:
  QUERY_DIR         = queries/stackoverflow/SQLStorm/21884.sql
  LOGS_DIR          = logs/compare/warm_stepup/compare_server001_s1_20261004T161823Z  (query_timing_/query_samples_/query_catalog_stackoverflow_1gb.csv)
  DB_NAME / DB_USER = stackoverflow_1gb / postgres
  PGPORT            = 5432  (server reports 18.6)
  RUN_ID            = ADB42F4C92D2CC62
  WARMUP            = 2 single-copy warm-ups (the first primes the cache)
  BATCH_SIZES       = 1 16  x RUNS=1 measured batches each
  WORKERS           = (planner default)
  STATEMENT_TIMEOUT = 15
  THERMAL_EQUALISE  = gate (T_LO=40 T_HI=60 preheat<=60s cooldown<=120s)
  sensors           = pkg:/sys/class/hwmon/hwmon8/temp1_input cores:4 cpufreq:8 throttle:8/8
  WARMUP_FAIL_SKIP  = on (a failed warm-up skips the query's measured batches)
  IDLE_BASELINE_S   = 5.0 s before each query's measured batches
  SIGLESS_ADDR      = (disabled)
Found 1 query under queries/stackoverflow/SQLStorm/21884.sql

RAPL: powercap, 1 package, domains: pkg core gpu/uncore dram

[1/1] queries/stackoverflow/SQLStorm/21884.sql (2 warmup + step-up 1 16 x1)
  warmup 1/2: 1.354917 sec (cache prime)
  warmup 2/2: 0.690879 sec
  idle baseline: 5.0s, package 0.478 W, dram 0.255 W
  N=1   batch 1/1: 0.690738 sec, 1 copy (server sum 632.367 ms)
  N=16  batch 1/1: 9.676091 sec, 16 copies (server sum 9584.174 ms)
  done: 2 sizes x 1 run (0 failures)

Done. Batch rows appended to logs/compare/warm_stepup/compare_server001_s1_20261004T161823Z/query_timing_stackoverflow_1gb.csv
Per-copy samples appended to logs/compare/warm_stepup/compare_server001_s1_20261004T161823Z/query_samples_stackoverflow_1gb.csv
Idle baselines appended to logs/compare/warm_stepup/compare_server001_s1_20261004T161823Z/query_idle_stackoverflow_1gb.csv
Machine identity appended to logs/compare/warm_stepup/compare_server001_s1_20261004T161823Z/query_runinfo_stackoverflow_1gb.csv
Last batch ended at epoch 1791134262.212 (PREV_END_EPOCH for the next invocation)
===== [95/324] queries/stackoverflow/SQLStorm/25357.sql run_id=0B40A91A4BCBF4A3 =====
query_runner configuration:
  QUERY_DIR         = queries/stackoverflow/SQLStorm/25357.sql
  LOGS_DIR          = logs/compare/warm_stepup/compare_server001_s1_20261004T161823Z  (query_timing_/query_samples_/query_catalog_stackoverflow_1gb.csv)
  DB_NAME / DB_USER = stackoverflow_1gb / postgres
  PGPORT            = 5432  (server reports 18.6)
  RUN_ID            = 0B40A91A4BCBF4A3
  WARMUP            = 2 single-copy warm-ups (the first primes the cache)
  BATCH_SIZES       = 1 16  x RUNS=1 measured batches each
  WORKERS           = (planner default)
  STATEMENT_TIMEOUT = 15
  THERMAL_EQUALISE  = gate (T_LO=40 T_HI=60 preheat<=60s cooldown<=120s)
  sensors           = pkg:/sys/class/hwmon/hwmon8/temp1_input cores:4 cpufreq:8 throttle:8/8
  WARMUP_FAIL_SKIP  = on (a failed warm-up skips the query's measured batches)
  IDLE_BASELINE_S   = 5.0 s before each query's measured batches
  SIGLESS_ADDR      = (disabled)
Found 1 query under queries/stackoverflow/SQLStorm/25357.sql

RAPL: powercap, 1 package, domains: pkg core gpu/uncore dram

[1/1] queries/stackoverflow/SQLStorm/25357.sql (2 warmup + step-up 1 16 x1)
  warmup 1/2: 2.663634 sec (cache prime)
  warmup 2/2: 2.413742 sec
  idle baseline: 5.0s, package 0.517 W, dram 0.257 W
  N=1   batch 1/1: 2.415229 sec, 1 copy (server sum 2358.149 ms)
  N=16  batch 1/1: 35.935061 sec, 16 copies (server sum 35858.045 ms)
  done: 2 sizes x 1 run (0 failures)

Done. Batch rows appended to logs/compare/warm_stepup/compare_server001_s1_20261004T161823Z/query_timing_stackoverflow_1gb.csv
Per-copy samples appended to logs/compare/warm_stepup/compare_server001_s1_20261004T161823Z/query_samples_stackoverflow_1gb.csv
Idle baselines appended to logs/compare/warm_stepup/compare_server001_s1_20261004T161823Z/query_idle_stackoverflow_1gb.csv
Machine identity appended to logs/compare/warm_stepup/compare_server001_s1_20261004T161823Z/query_runinfo_stackoverflow_1gb.csv
Last batch ended at epoch 1791134314.543 (PREV_END_EPOCH for the next invocation)
===== [96/324] queries/stackoverflow/SQLStorm/2863.sql run_id=257F37968243F044 =====
query_runner configuration:
  QUERY_DIR         = queries/stackoverflow/SQLStorm/2863.sql
  LOGS_DIR          = logs/compare/warm_stepup/compare_server001_s1_20261004T161823Z  (query_timing_/query_samples_/query_catalog_stackoverflow_1gb.csv)
  DB_NAME / DB_USER = stackoverflow_1gb / postgres
  PGPORT            = 5432  (server reports 18.6)
  RUN_ID            = 257F37968243F044
  WARMUP            = 2 single-copy warm-ups (the first primes the cache)
  BATCH_SIZES       = 1 16  x RUNS=1 measured batches each
  WORKERS           = (planner default)
  STATEMENT_TIMEOUT = 15
  THERMAL_EQUALISE  = gate (T_LO=40 T_HI=60 preheat<=60s cooldown<=120s)
  sensors           = pkg:/sys/class/hwmon/hwmon8/temp1_input cores:4 cpufreq:8 throttle:8/8
  WARMUP_FAIL_SKIP  = on (a failed warm-up skips the query's measured batches)
  IDLE_BASELINE_S   = 5.0 s before each query's measured batches
  SIGLESS_ADDR      = (disabled)
Found 1 query under queries/stackoverflow/SQLStorm/2863.sql

RAPL: powercap, 1 package, domains: pkg core gpu/uncore dram

[1/1] queries/stackoverflow/SQLStorm/2863.sql (2 warmup + step-up 1 16 x1)
  warmup 1/2: 2.149950 sec (cache prime)
  warmup 2/2: 1.492893 sec
  idle baseline: 5.0s, package 0.449 W, dram 0.256 W
  N=1   batch 1/1: 1.482569 sec, 1 copy (server sum 1424.090 ms)
  N=16  batch 1/1: 21.479390 sec, 16 copies (server sum 21326.355 ms)
  done: 2 sizes x 1 run (0 failures)

Done. Batch rows appended to logs/compare/warm_stepup/compare_server001_s1_20261004T161823Z/query_timing_stackoverflow_1gb.csv
Per-copy samples appended to logs/compare/warm_stepup/compare_server001_s1_20261004T161823Z/query_samples_stackoverflow_1gb.csv
Idle baselines appended to logs/compare/warm_stepup/compare_server001_s1_20261004T161823Z/query_idle_stackoverflow_1gb.csv
Machine identity appended to logs/compare/warm_stepup/compare_server001_s1_20261004T161823Z/query_runinfo_stackoverflow_1gb.csv
Last batch ended at epoch 1791134349.601 (PREV_END_EPOCH for the next invocation)
===== [97/324] queries/stackoverflow/SQLStorm/24751.sql run_id=A400802FA7A0F3F7 =====
query_runner configuration:
  QUERY_DIR         = queries/stackoverflow/SQLStorm/24751.sql
  LOGS_DIR          = logs/compare/warm_stepup/compare_server001_s1_20261004T161823Z  (query_timing_/query_samples_/query_catalog_stackoverflow_1gb.csv)
  DB_NAME / DB_USER = stackoverflow_1gb / postgres
  PGPORT            = 5432  (server reports 18.6)
  RUN_ID            = A400802FA7A0F3F7
  WARMUP            = 2 single-copy warm-ups (the first primes the cache)
  BATCH_SIZES       = 1 16  x RUNS=1 measured batches each
  WORKERS           = (planner default)
  STATEMENT_TIMEOUT = 15
  THERMAL_EQUALISE  = gate (T_LO=40 T_HI=60 preheat<=60s cooldown<=120s)
  sensors           = pkg:/sys/class/hwmon/hwmon8/temp1_input cores:4 cpufreq:8 throttle:8/8
  WARMUP_FAIL_SKIP  = on (a failed warm-up skips the query's measured batches)
  IDLE_BASELINE_S   = 5.0 s before each query's measured batches
  SIGLESS_ADDR      = (disabled)
Found 1 query under queries/stackoverflow/SQLStorm/24751.sql

RAPL: powercap, 1 package, domains: pkg core gpu/uncore dram

[1/1] queries/stackoverflow/SQLStorm/24751.sql (2 warmup + step-up 1 16 x1)
  warmup 1/2: 0.471336 sec (cache prime)
  warmup 2/2: 0.328862 sec
  idle baseline: 5.0s, package 0.457 W, dram 0.255 W
  N=1   batch 1/1: 0.352417 sec, 1 copy (server sum 295.685 ms)
  N=16  batch 1/1: 4.320709 sec, 16 copies (server sum 4243.639 ms)
  done: 2 sizes x 1 run (0 failures)

Done. Batch rows appended to logs/compare/warm_stepup/compare_server001_s1_20261004T161823Z/query_timing_stackoverflow_1gb.csv
Per-copy samples appended to logs/compare/warm_stepup/compare_server001_s1_20261004T161823Z/query_samples_stackoverflow_1gb.csv
Idle baselines appended to logs/compare/warm_stepup/compare_server001_s1_20261004T161823Z/query_idle_stackoverflow_1gb.csv
Machine identity appended to logs/compare/warm_stepup/compare_server001_s1_20261004T161823Z/query_runinfo_stackoverflow_1gb.csv
Last batch ended at epoch 1791134363.622 (PREV_END_EPOCH for the next invocation)
===== [98/324] compare/probes/probe_hash.sql run_id=70ECDD6824796BBE =====
query_runner configuration:
  QUERY_DIR         = compare/probes/probe_hash.sql
  LOGS_DIR          = logs/compare/warm_stepup/compare_server001_s1_20261004T161823Z  (query_timing_/query_samples_/query_catalog_stackoverflow_1gb.csv)
  DB_NAME / DB_USER = stackoverflow_1gb / postgres
  PGPORT            = 5432  (server reports 18.6)
  RUN_ID            = 70ECDD6824796BBE
  WARMUP            = 2 single-copy warm-ups (the first primes the cache)
  BATCH_SIZES       = 1 16  x RUNS=1 measured batches each
  WORKERS           = (planner default)
  STATEMENT_TIMEOUT = 15
  THERMAL_EQUALISE  = gate (T_LO=40 T_HI=60 preheat<=60s cooldown<=120s)
  sensors           = pkg:/sys/class/hwmon/hwmon8/temp1_input cores:4 cpufreq:8 throttle:8/8
  WARMUP_FAIL_SKIP  = on (a failed warm-up skips the query's measured batches)
  IDLE_BASELINE_S   = 5.0 s before each query's measured batches
  SIGLESS_ADDR      = (disabled)
Found 1 query under compare/probes/probe_hash.sql

RAPL: powercap, 1 package, domains: pkg core gpu/uncore dram

[1/1] compare/probes/probe_hash.sql (2 warmup + step-up 1 16 x1)
  warmup 1/2: 1.881349 sec (cache prime)
  warmup 2/2: 1.611946 sec
  idle baseline: 5.0s, package 0.445 W, dram 0.255 W
  N=1   batch 1/1: 1.617739 sec, 0 copies
  N=16  batch 1/1: 24.508733 sec, 0 copies
  done: 2 sizes x 1 run (0 failures)

Done. Batch rows appended to logs/compare/warm_stepup/compare_server001_s1_20261004T161823Z/query_timing_stackoverflow_1gb.csv
Per-copy samples appended to logs/compare/warm_stepup/compare_server001_s1_20261004T161823Z/query_samples_stackoverflow_1gb.csv
Idle baselines appended to logs/compare/warm_stepup/compare_server001_s1_20261004T161823Z/query_idle_stackoverflow_1gb.csv
Machine identity appended to logs/compare/warm_stepup/compare_server001_s1_20261004T161823Z/query_runinfo_stackoverflow_1gb.csv
Last batch ended at epoch 1791134401.888 (PREV_END_EPOCH for the next invocation)
===== [99/324] queries/stackoverflow/SQLStorm/11473.sql run_id=F3A6BFE2D4FCFC1B =====
query_runner configuration:
  QUERY_DIR         = queries/stackoverflow/SQLStorm/11473.sql
  LOGS_DIR          = logs/compare/warm_stepup/compare_server001_s1_20261004T161823Z  (query_timing_/query_samples_/query_catalog_stackoverflow_1gb.csv)
  DB_NAME / DB_USER = stackoverflow_1gb / postgres
  PGPORT            = 5432  (server reports 18.6)
  RUN_ID            = F3A6BFE2D4FCFC1B
  WARMUP            = 2 single-copy warm-ups (the first primes the cache)
  BATCH_SIZES       = 1 16  x RUNS=1 measured batches each
  WORKERS           = (planner default)
  STATEMENT_TIMEOUT = 15
  THERMAL_EQUALISE  = gate (T_LO=40 T_HI=60 preheat<=60s cooldown<=120s)
  sensors           = pkg:/sys/class/hwmon/hwmon8/temp1_input cores:4 cpufreq:8 throttle:8/8
  WARMUP_FAIL_SKIP  = on (a failed warm-up skips the query's measured batches)
  IDLE_BASELINE_S   = 5.0 s before each query's measured batches
  SIGLESS_ADDR      = (disabled)
Found 1 query under queries/stackoverflow/SQLStorm/11473.sql

RAPL: powercap, 1 package, domains: pkg core gpu/uncore dram

[1/1] queries/stackoverflow/SQLStorm/11473.sql (2 warmup + step-up 1 16 x1)
  thermal gate: waited 2s -> 57.0 C
  warmup 1/2: 0.343899 sec (cache prime)
  warmup 2/2: 0.175554 sec
  idle baseline: 5.0s, package 0.482 W, dram 0.256 W
  N=1   batch 1/1: 0.171159 sec, 1 copy (server sum 115.432 ms)
  N=16  batch 1/1: 1.890431 sec, 16 copies (server sum 1819.220 ms)
  done: 2 sizes x 1 run (0 failures)

Done. Batch rows appended to logs/compare/warm_stepup/compare_server001_s1_20261004T161823Z/query_timing_stackoverflow_1gb.csv
Per-copy samples appended to logs/compare/warm_stepup/compare_server001_s1_20261004T161823Z/query_samples_stackoverflow_1gb.csv
Idle baselines appended to logs/compare/warm_stepup/compare_server001_s1_20261004T161823Z/query_idle_stackoverflow_1gb.csv
Machine identity appended to logs/compare/warm_stepup/compare_server001_s1_20261004T161823Z/query_runinfo_stackoverflow_1gb.csv
Last batch ended at epoch 1791134414.739 (PREV_END_EPOCH for the next invocation)
===== [100/324] queries/stackoverflow/SQLStorm/11124.sql run_id=35FD44746991BDDB =====
query_runner configuration:
  QUERY_DIR         = queries/stackoverflow/SQLStorm/11124.sql
  LOGS_DIR          = logs/compare/warm_stepup/compare_server001_s1_20261004T161823Z  (query_timing_/query_samples_/query_catalog_stackoverflow_1gb.csv)
  DB_NAME / DB_USER = stackoverflow_1gb / postgres
  PGPORT            = 5432  (server reports 18.6)
  RUN_ID            = 35FD44746991BDDB
  WARMUP            = 2 single-copy warm-ups (the first primes the cache)
  BATCH_SIZES       = 1 16  x RUNS=1 measured batches each
  WORKERS           = (planner default)
  STATEMENT_TIMEOUT = 15
  THERMAL_EQUALISE  = gate (T_LO=40 T_HI=60 preheat<=60s cooldown<=120s)
  sensors           = pkg:/sys/class/hwmon/hwmon8/temp1_input cores:4 cpufreq:8 throttle:8/8
  WARMUP_FAIL_SKIP  = on (a failed warm-up skips the query's measured batches)
  IDLE_BASELINE_S   = 5.0 s before each query's measured batches
  SIGLESS_ADDR      = (disabled)
Found 1 query under queries/stackoverflow/SQLStorm/11124.sql

RAPL: powercap, 1 package, domains: pkg core gpu/uncore dram

[1/1] queries/stackoverflow/SQLStorm/11124.sql (2 warmup + step-up 1 16 x1)
  warmup 1/2: 0.520048 sec (cache prime)
  warmup 2/2: 0.186163 sec
  idle baseline: 5.0s, package 0.504 W, dram 0.256 W
  N=1   batch 1/1: 0.185559 sec, 1 copy (server sum 128.724 ms)
  N=16  batch 1/1: 2.037038 sec, 16 copies (server sum 1960.103 ms)
  done: 2 sizes x 1 run (0 failures)

Done. Batch rows appended to logs/compare/warm_stepup/compare_server001_s1_20261004T161823Z/query_timing_stackoverflow_1gb.csv
Per-copy samples appended to logs/compare/warm_stepup/compare_server001_s1_20261004T161823Z/query_samples_stackoverflow_1gb.csv
Idle baselines appended to logs/compare/warm_stepup/compare_server001_s1_20261004T161823Z/query_idle_stackoverflow_1gb.csv
Machine identity appended to logs/compare/warm_stepup/compare_server001_s1_20261004T161823Z/query_runinfo_stackoverflow_1gb.csv
Last batch ended at epoch 1791134425.934 (PREV_END_EPOCH for the next invocation)
===== [101/324] queries/stackoverflow/SQLStorm/2243.sql run_id=0B565ACFEA6F2B11 =====
query_runner configuration:
  QUERY_DIR         = queries/stackoverflow/SQLStorm/2243.sql
  LOGS_DIR          = logs/compare/warm_stepup/compare_server001_s1_20261004T161823Z  (query_timing_/query_samples_/query_catalog_stackoverflow_1gb.csv)
  DB_NAME / DB_USER = stackoverflow_1gb / postgres
  PGPORT            = 5432  (server reports 18.6)
  RUN_ID            = 0B565ACFEA6F2B11
  WARMUP            = 2 single-copy warm-ups (the first primes the cache)
  BATCH_SIZES       = 1 16  x RUNS=1 measured batches each
  WORKERS           = (planner default)
  STATEMENT_TIMEOUT = 15
  THERMAL_EQUALISE  = gate (T_LO=40 T_HI=60 preheat<=60s cooldown<=120s)
  sensors           = pkg:/sys/class/hwmon/hwmon8/temp1_input cores:4 cpufreq:8 throttle:8/8
  WARMUP_FAIL_SKIP  = on (a failed warm-up skips the query's measured batches)
  IDLE_BASELINE_S   = 5.0 s before each query's measured batches
  SIGLESS_ADDR      = (disabled)
Found 1 query under queries/stackoverflow/SQLStorm/2243.sql

RAPL: powercap, 1 package, domains: pkg core gpu/uncore dram

[1/1] queries/stackoverflow/SQLStorm/2243.sql (2 warmup + step-up 1 16 x1)
  warmup 1/2: 1.660575 sec (cache prime)
  warmup 2/2: 1.368628 sec
  idle baseline: 5.0s, package 0.447 W, dram 0.255 W
  N=1   batch 1/1: 1.374283 sec, 1 copy (server sum 1316.182 ms)
  N=16  batch 1/1: 19.957410 sec, 16 copies (server sum 19868.943 ms)
  done: 2 sizes x 1 run (0 failures)

Done. Batch rows appended to logs/compare/warm_stepup/compare_server001_s1_20261004T161823Z/query_timing_stackoverflow_1gb.csv
Per-copy samples appended to logs/compare/warm_stepup/compare_server001_s1_20261004T161823Z/query_samples_stackoverflow_1gb.csv
Idle baselines appended to logs/compare/warm_stepup/compare_server001_s1_20261004T161823Z/query_idle_stackoverflow_1gb.csv
Machine identity appended to logs/compare/warm_stepup/compare_server001_s1_20261004T161823Z/query_runinfo_stackoverflow_1gb.csv
Last batch ended at epoch 1791134458.613 (PREV_END_EPOCH for the next invocation)
===== [102/324] queries/stackoverflow/SQLStorm/15173.sql run_id=D5BB2C209EC3E90C =====
query_runner configuration:
  QUERY_DIR         = queries/stackoverflow/SQLStorm/15173.sql
  LOGS_DIR          = logs/compare/warm_stepup/compare_server001_s1_20261004T161823Z  (query_timing_/query_samples_/query_catalog_stackoverflow_1gb.csv)
  DB_NAME / DB_USER = stackoverflow_1gb / postgres
  PGPORT            = 5432  (server reports 18.6)
  RUN_ID            = D5BB2C209EC3E90C
  WARMUP            = 2 single-copy warm-ups (the first primes the cache)
  BATCH_SIZES       = 1 16  x RUNS=1 measured batches each
  WORKERS           = (planner default)
  STATEMENT_TIMEOUT = 15
  THERMAL_EQUALISE  = gate (T_LO=40 T_HI=60 preheat<=60s cooldown<=120s)
  sensors           = pkg:/sys/class/hwmon/hwmon8/temp1_input cores:4 cpufreq:8 throttle:8/8
  WARMUP_FAIL_SKIP  = on (a failed warm-up skips the query's measured batches)
  IDLE_BASELINE_S   = 5.0 s before each query's measured batches
  SIGLESS_ADDR      = (disabled)
Found 1 query under queries/stackoverflow/SQLStorm/15173.sql

RAPL: powercap, 1 package, domains: pkg core gpu/uncore dram

[1/1] queries/stackoverflow/SQLStorm/15173.sql (2 warmup + step-up 1 16 x1)
  warmup 1/2: 1.286723 sec (cache prime)
  warmup 2/2: 1.033643 sec
  idle baseline: 5.0s, package 0.475 W, dram 0.256 W
  N=1   batch 1/1: 1.026981 sec, 1 copy (server sum 969.949 ms)
  N=16  batch 1/1: 14.771773 sec, 16 copies (server sum 14690.258 ms)
  done: 2 sizes x 1 run (0 failures)

Done. Batch rows appended to logs/compare/warm_stepup/compare_server001_s1_20261004T161823Z/query_timing_stackoverflow_1gb.csv
Per-copy samples appended to logs/compare/warm_stepup/compare_server001_s1_20261004T161823Z/query_samples_stackoverflow_1gb.csv
Idle baselines appended to logs/compare/warm_stepup/compare_server001_s1_20261004T161823Z/query_idle_stackoverflow_1gb.csv
Machine identity appended to logs/compare/warm_stepup/compare_server001_s1_20261004T161823Z/query_runinfo_stackoverflow_1gb.csv
Last batch ended at epoch 1791134485.277 (PREV_END_EPOCH for the next invocation)
===== [103/324] queries/stackoverflow/SQLStorm/11471.sql run_id=9E4E14796643702F =====
query_runner configuration:
  QUERY_DIR         = queries/stackoverflow/SQLStorm/11471.sql
  LOGS_DIR          = logs/compare/warm_stepup/compare_server001_s1_20261004T161823Z  (query_timing_/query_samples_/query_catalog_stackoverflow_1gb.csv)
  DB_NAME / DB_USER = stackoverflow_1gb / postgres
  PGPORT            = 5432  (server reports 18.6)
  RUN_ID            = 9E4E14796643702F
  WARMUP            = 2 single-copy warm-ups (the first primes the cache)
  BATCH_SIZES       = 1 16  x RUNS=1 measured batches each
  WORKERS           = (planner default)
  STATEMENT_TIMEOUT = 15
  THERMAL_EQUALISE  = gate (T_LO=40 T_HI=60 preheat<=60s cooldown<=120s)
  sensors           = pkg:/sys/class/hwmon/hwmon8/temp1_input cores:4 cpufreq:8 throttle:8/8
  WARMUP_FAIL_SKIP  = on (a failed warm-up skips the query's measured batches)
  IDLE_BASELINE_S   = 5.0 s before each query's measured batches
  SIGLESS_ADDR      = (disabled)
Found 1 query under queries/stackoverflow/SQLStorm/11471.sql

RAPL: powercap, 1 package, domains: pkg core gpu/uncore dram

[1/1] queries/stackoverflow/SQLStorm/11471.sql (2 warmup + step-up 1 16 x1)
  warmup 1/2: 2.037077 sec (cache prime)
  warmup 2/2: 1.838500 sec
  idle baseline: 5.0s, package 0.429 W, dram 0.256 W
  N=1   batch 1/1: 1.827899 sec, 1 copy (server sum 1771.303 ms)
  N=16  batch 1/1: 26.829815 sec, 16 copies (server sum 26752.719 ms)
  done: 2 sizes x 1 run (0 failures)

Done. Batch rows appended to logs/compare/warm_stepup/compare_server001_s1_20261004T161823Z/query_timing_stackoverflow_1gb.csv
Per-copy samples appended to logs/compare/warm_stepup/compare_server001_s1_20261004T161823Z/query_samples_stackoverflow_1gb.csv
Idle baselines appended to logs/compare/warm_stepup/compare_server001_s1_20261004T161823Z/query_idle_stackoverflow_1gb.csv
Machine identity appended to logs/compare/warm_stepup/compare_server001_s1_20261004T161823Z/query_runinfo_stackoverflow_1gb.csv
Last batch ended at epoch 1791134526.391 (PREV_END_EPOCH for the next invocation)
===== [104/324] queries/stackoverflow/SQLStorm/14978.sql run_id=C39E04664F41BD9F =====
query_runner configuration:
  QUERY_DIR         = queries/stackoverflow/SQLStorm/14978.sql
  LOGS_DIR          = logs/compare/warm_stepup/compare_server001_s1_20261004T161823Z  (query_timing_/query_samples_/query_catalog_stackoverflow_1gb.csv)
  DB_NAME / DB_USER = stackoverflow_1gb / postgres
  PGPORT            = 5432  (server reports 18.6)
  RUN_ID            = C39E04664F41BD9F
  WARMUP            = 2 single-copy warm-ups (the first primes the cache)
  BATCH_SIZES       = 1 16  x RUNS=1 measured batches each
  WORKERS           = (planner default)
  STATEMENT_TIMEOUT = 15
  THERMAL_EQUALISE  = gate (T_LO=40 T_HI=60 preheat<=60s cooldown<=120s)
  sensors           = pkg:/sys/class/hwmon/hwmon8/temp1_input cores:4 cpufreq:8 throttle:8/8
  WARMUP_FAIL_SKIP  = on (a failed warm-up skips the query's measured batches)
  IDLE_BASELINE_S   = 5.0 s before each query's measured batches
  SIGLESS_ADDR      = (disabled)
Found 1 query under queries/stackoverflow/SQLStorm/14978.sql

RAPL: powercap, 1 package, domains: pkg core gpu/uncore dram

[1/1] queries/stackoverflow/SQLStorm/14978.sql (2 warmup + step-up 1 16 x1)
  warmup 1/2: 0.315942 sec (cache prime)
  warmup 2/2: 0.158019 sec
  idle baseline: 5.0s, package 0.469 W, dram 0.257 W
  N=1   batch 1/1: 0.157786 sec, 1 copy (server sum 101.309 ms)
  N=16  batch 1/1: 1.640280 sec, 16 copies (server sum 1570.010 ms)
  done: 2 sizes x 1 run (0 failures)

Done. Batch rows appended to logs/compare/warm_stepup/compare_server001_s1_20261004T161823Z/query_timing_stackoverflow_1gb.csv
Per-copy samples appended to logs/compare/warm_stepup/compare_server001_s1_20261004T161823Z/query_samples_stackoverflow_1gb.csv
Idle baselines appended to logs/compare/warm_stepup/compare_server001_s1_20261004T161823Z/query_idle_stackoverflow_1gb.csv
Machine identity appended to logs/compare/warm_stepup/compare_server001_s1_20261004T161823Z/query_runinfo_stackoverflow_1gb.csv
Last batch ended at epoch 1791134536.988 (PREV_END_EPOCH for the next invocation)
===== [105/324] queries/stackoverflow/SQLStorm/1959.sql run_id=ED6895BD62C9AEFC =====
query_runner configuration:
  QUERY_DIR         = queries/stackoverflow/SQLStorm/1959.sql
  LOGS_DIR          = logs/compare/warm_stepup/compare_server001_s1_20261004T161823Z  (query_timing_/query_samples_/query_catalog_stackoverflow_1gb.csv)
  DB_NAME / DB_USER = stackoverflow_1gb / postgres
  PGPORT            = 5432  (server reports 18.6)
  RUN_ID            = ED6895BD62C9AEFC
  WARMUP            = 2 single-copy warm-ups (the first primes the cache)
  BATCH_SIZES       = 1 16  x RUNS=1 measured batches each
  WORKERS           = (planner default)
  STATEMENT_TIMEOUT = 15
  THERMAL_EQUALISE  = gate (T_LO=40 T_HI=60 preheat<=60s cooldown<=120s)
  sensors           = pkg:/sys/class/hwmon/hwmon8/temp1_input cores:4 cpufreq:8 throttle:8/8
  WARMUP_FAIL_SKIP  = on (a failed warm-up skips the query's measured batches)
  IDLE_BASELINE_S   = 5.0 s before each query's measured batches
  SIGLESS_ADDR      = (disabled)
Found 1 query under queries/stackoverflow/SQLStorm/1959.sql

RAPL: powercap, 1 package, domains: pkg core gpu/uncore dram

[1/1] queries/stackoverflow/SQLStorm/1959.sql (2 warmup + step-up 1 16 x1)
  warmup 1/2: 2.280191 sec (cache prime)
  warmup 2/2: 2.068068 sec
  idle baseline: 5.0s, package 0.466 W, dram 0.256 W
  N=1   batch 1/1: 2.059774 sec, 1 copy (server sum 2002.779 ms)
  N=16  batch 1/1: 31.086059 sec, 16 copies (server sum 31008.138 ms)
  done: 2 sizes x 1 run (0 failures)

Done. Batch rows appended to logs/compare/warm_stepup/compare_server001_s1_20261004T161823Z/query_timing_stackoverflow_1gb.csv
Per-copy samples appended to logs/compare/warm_stepup/compare_server001_s1_20261004T161823Z/query_samples_stackoverflow_1gb.csv
Idle baselines appended to logs/compare/warm_stepup/compare_server001_s1_20261004T161823Z/query_idle_stackoverflow_1gb.csv
Machine identity appended to logs/compare/warm_stepup/compare_server001_s1_20261004T161823Z/query_runinfo_stackoverflow_1gb.csv
Last batch ended at epoch 1791134582.897 (PREV_END_EPOCH for the next invocation)
===== [106/324] compare/probes/probe_scan.sql run_id=5F7D56B3014C44B8 =====
query_runner configuration:
  QUERY_DIR         = compare/probes/probe_scan.sql
  LOGS_DIR          = logs/compare/warm_stepup/compare_server001_s1_20261004T161823Z  (query_timing_/query_samples_/query_catalog_stackoverflow_1gb.csv)
  DB_NAME / DB_USER = stackoverflow_1gb / postgres
  PGPORT            = 5432  (server reports 18.6)
  RUN_ID            = 5F7D56B3014C44B8
  WARMUP            = 2 single-copy warm-ups (the first primes the cache)
  BATCH_SIZES       = 1 16  x RUNS=1 measured batches each
  WORKERS           = (planner default)
  STATEMENT_TIMEOUT = 15
  THERMAL_EQUALISE  = gate (T_LO=40 T_HI=60 preheat<=60s cooldown<=120s)
  sensors           = pkg:/sys/class/hwmon/hwmon8/temp1_input cores:4 cpufreq:8 throttle:8/8
  WARMUP_FAIL_SKIP  = on (a failed warm-up skips the query's measured batches)
  IDLE_BASELINE_S   = 5.0 s before each query's measured batches
  SIGLESS_ADDR      = (disabled)
Found 1 query under compare/probes/probe_scan.sql

RAPL: powercap, 1 package, domains: pkg core gpu/uncore dram

[1/1] compare/probes/probe_scan.sql (2 warmup + step-up 1 16 x1)
  warmup 1/2: 3.107891 sec (cache prime)
  warmup 2/2: 2.840525 sec
  idle baseline: 5.0s, package 0.453 W, dram 0.256 W
  N=1   batch 1/1: 2.888162 sec, 0 copies
  N=16  batch 1/1: 44.321277 sec, 0 copies
  done: 2 sizes x 1 run (0 failures)

Done. Batch rows appended to logs/compare/warm_stepup/compare_server001_s1_20261004T161823Z/query_timing_stackoverflow_1gb.csv
Per-copy samples appended to logs/compare/warm_stepup/compare_server001_s1_20261004T161823Z/query_samples_stackoverflow_1gb.csv
Idle baselines appended to logs/compare/warm_stepup/compare_server001_s1_20261004T161823Z/query_idle_stackoverflow_1gb.csv
Machine identity appended to logs/compare/warm_stepup/compare_server001_s1_20261004T161823Z/query_runinfo_stackoverflow_1gb.csv
Last batch ended at epoch 1791134644.618 (PREV_END_EPOCH for the next invocation)
===== [107/324] queries/stackoverflow/SQLStorm/1255.sql run_id=E2547D9FCA6F3D5E =====
query_runner configuration:
  QUERY_DIR         = queries/stackoverflow/SQLStorm/1255.sql
  LOGS_DIR          = logs/compare/warm_stepup/compare_server001_s1_20261004T161823Z  (query_timing_/query_samples_/query_catalog_stackoverflow_1gb.csv)
  DB_NAME / DB_USER = stackoverflow_1gb / postgres
  PGPORT            = 5432  (server reports 18.6)
  RUN_ID            = E2547D9FCA6F3D5E
  WARMUP            = 2 single-copy warm-ups (the first primes the cache)
  BATCH_SIZES       = 1 16  x RUNS=1 measured batches each
  WORKERS           = (planner default)
  STATEMENT_TIMEOUT = 15
  THERMAL_EQUALISE  = gate (T_LO=40 T_HI=60 preheat<=60s cooldown<=120s)
  sensors           = pkg:/sys/class/hwmon/hwmon8/temp1_input cores:4 cpufreq:8 throttle:8/8
  WARMUP_FAIL_SKIP  = on (a failed warm-up skips the query's measured batches)
  IDLE_BASELINE_S   = 5.0 s before each query's measured batches
  SIGLESS_ADDR      = (disabled)
Found 1 query under queries/stackoverflow/SQLStorm/1255.sql

RAPL: powercap, 1 package, domains: pkg core gpu/uncore dram

[1/1] queries/stackoverflow/SQLStorm/1255.sql (2 warmup + step-up 1 16 x1)
  thermal gate: waited 2s -> 60.0 C
  warmup 1/2: 0.751756 sec (cache prime)
  warmup 2/2: 0.438981 sec
  idle baseline: 5.0s, package 0.465 W, dram 0.258 W
  N=1   batch 1/1: 0.438878 sec, 1 copy (server sum 381.748 ms)
  N=16  batch 1/1: 5.481609 sec, 16 copies (server sum 5401.610 ms)
  done: 2 sizes x 1 run (0 failures)

Done. Batch rows appended to logs/compare/warm_stepup/compare_server001_s1_20261004T161823Z/query_timing_stackoverflow_1gb.csv
Per-copy samples appended to logs/compare/warm_stepup/compare_server001_s1_20261004T161823Z/query_samples_stackoverflow_1gb.csv
Idle baselines appended to logs/compare/warm_stepup/compare_server001_s1_20261004T161823Z/query_idle_stackoverflow_1gb.csv
Machine identity appended to logs/compare/warm_stepup/compare_server001_s1_20261004T161823Z/query_runinfo_stackoverflow_1gb.csv
Last batch ended at epoch 1791134662.279 (PREV_END_EPOCH for the next invocation)
===== [108/324] queries/stackoverflow/SQLStorm/32661.sql run_id=E3E244B8D9564EC4 =====
query_runner configuration:
  QUERY_DIR         = queries/stackoverflow/SQLStorm/32661.sql
  LOGS_DIR          = logs/compare/warm_stepup/compare_server001_s1_20261004T161823Z  (query_timing_/query_samples_/query_catalog_stackoverflow_1gb.csv)
  DB_NAME / DB_USER = stackoverflow_1gb / postgres
  PGPORT            = 5432  (server reports 18.6)
  RUN_ID            = E3E244B8D9564EC4
  WARMUP            = 2 single-copy warm-ups (the first primes the cache)
  BATCH_SIZES       = 1 16  x RUNS=1 measured batches each
  WORKERS           = (planner default)
  STATEMENT_TIMEOUT = 15
  THERMAL_EQUALISE  = gate (T_LO=40 T_HI=60 preheat<=60s cooldown<=120s)
  sensors           = pkg:/sys/class/hwmon/hwmon8/temp1_input cores:4 cpufreq:8 throttle:8/8
  WARMUP_FAIL_SKIP  = on (a failed warm-up skips the query's measured batches)
  IDLE_BASELINE_S   = 5.0 s before each query's measured batches
  SIGLESS_ADDR      = (disabled)
Found 1 query under queries/stackoverflow/SQLStorm/32661.sql

RAPL: powercap, 1 package, domains: pkg core gpu/uncore dram

[1/1] queries/stackoverflow/SQLStorm/32661.sql (2 warmup + step-up 1 16 x1)
  warmup 1/2: 5.158162 sec (cache prime)
  warmup 2/2: 4.842740 sec
  idle baseline: 5.0s, package 0.481 W, dram 0.257 W
  N=1   batch 1/1: 4.842084 sec, 1 copy (server sum 4782.330 ms)
  N=16  batch 1/1: 71.422700 sec, 16 copies (server sum 71316.971 ms)
  done: 2 sizes x 1 run (0 failures)

Done. Batch rows appended to logs/compare/warm_stepup/compare_server001_s1_20261004T161823Z/query_timing_stackoverflow_1gb.csv
Per-copy samples appended to logs/compare/warm_stepup/compare_server001_s1_20261004T161823Z/query_samples_stackoverflow_1gb.csv
Idle baselines appended to logs/compare/warm_stepup/compare_server001_s1_20261004T161823Z/query_idle_stackoverflow_1gb.csv
Machine identity appended to logs/compare/warm_stepup/compare_server001_s1_20261004T161823Z/query_runinfo_stackoverflow_1gb.csv
Last batch ended at epoch 1791134757.125 (PREV_END_EPOCH for the next invocation)
===== [109/324] queries/stackoverflow/SQLStorm/1255.sql run_id=11FD62165B9E3634 =====
query_runner configuration:
  QUERY_DIR         = queries/stackoverflow/SQLStorm/1255.sql
  LOGS_DIR          = logs/compare/warm_stepup/compare_server001_s1_20261004T161823Z  (query_timing_/query_samples_/query_catalog_stackoverflow_1gb.csv)
  DB_NAME / DB_USER = stackoverflow_1gb / postgres
  PGPORT            = 5432  (server reports 18.6)
  RUN_ID            = 11FD62165B9E3634
  WARMUP            = 2 single-copy warm-ups (the first primes the cache)
  BATCH_SIZES       = 1 16  x RUNS=1 measured batches each
  WORKERS           = (planner default)
  STATEMENT_TIMEOUT = 15
  THERMAL_EQUALISE  = gate (T_LO=40 T_HI=60 preheat<=60s cooldown<=120s)
  sensors           = pkg:/sys/class/hwmon/hwmon8/temp1_input cores:4 cpufreq:8 throttle:8/8
  WARMUP_FAIL_SKIP  = on (a failed warm-up skips the query's measured batches)
  IDLE_BASELINE_S   = 5.0 s before each query's measured batches
  SIGLESS_ADDR      = (disabled)
Found 1 query under queries/stackoverflow/SQLStorm/1255.sql

RAPL: powercap, 1 package, domains: pkg core gpu/uncore dram

[1/1] queries/stackoverflow/SQLStorm/1255.sql (2 warmup + step-up 1 16 x1)
  warmup 1/2: 0.757754 sec (cache prime)
  warmup 2/2: 0.434351 sec
  idle baseline: 5.0s, package 0.473 W, dram 0.258 W
  N=1   batch 1/1: 0.438407 sec, 1 copy (server sum 380.544 ms)
  N=16  batch 1/1: 5.518591 sec, 16 copies (server sum 5438.643 ms)
  done: 2 sizes x 1 run (0 failures)

Done. Batch rows appended to logs/compare/warm_stepup/compare_server001_s1_20261004T161823Z/query_timing_stackoverflow_1gb.csv
Per-copy samples appended to logs/compare/warm_stepup/compare_server001_s1_20261004T161823Z/query_samples_stackoverflow_1gb.csv
Idle baselines appended to logs/compare/warm_stepup/compare_server001_s1_20261004T161823Z/query_idle_stackoverflow_1gb.csv
Machine identity appended to logs/compare/warm_stepup/compare_server001_s1_20261004T161823Z/query_runinfo_stackoverflow_1gb.csv
Last batch ended at epoch 1791134772.954 (PREV_END_EPOCH for the next invocation)
===== [110/324] queries/stackoverflow/SQLStorm/13386.sql run_id=98DC267A8984052E =====
query_runner configuration:
  QUERY_DIR         = queries/stackoverflow/SQLStorm/13386.sql
  LOGS_DIR          = logs/compare/warm_stepup/compare_server001_s1_20261004T161823Z  (query_timing_/query_samples_/query_catalog_stackoverflow_1gb.csv)
  DB_NAME / DB_USER = stackoverflow_1gb / postgres
  PGPORT            = 5432  (server reports 18.6)
  RUN_ID            = 98DC267A8984052E
  WARMUP            = 2 single-copy warm-ups (the first primes the cache)
  BATCH_SIZES       = 1 16  x RUNS=1 measured batches each
  WORKERS           = (planner default)
  STATEMENT_TIMEOUT = 15
  THERMAL_EQUALISE  = gate (T_LO=40 T_HI=60 preheat<=60s cooldown<=120s)
  sensors           = pkg:/sys/class/hwmon/hwmon8/temp1_input cores:4 cpufreq:8 throttle:8/8
  WARMUP_FAIL_SKIP  = on (a failed warm-up skips the query's measured batches)
  IDLE_BASELINE_S   = 5.0 s before each query's measured batches
  SIGLESS_ADDR      = (disabled)
Found 1 query under queries/stackoverflow/SQLStorm/13386.sql

RAPL: powercap, 1 package, domains: pkg core gpu/uncore dram

[1/1] queries/stackoverflow/SQLStorm/13386.sql (2 warmup + step-up 1 16 x1)
  warmup 1/2: 2.048196 sec (cache prime)
  warmup 2/2: 1.808784 sec
  idle baseline: 5.0s, package 0.496 W, dram 0.257 W
  N=1   batch 1/1: 1.815359 sec, 1 copy (server sum 1759.314 ms)
  N=16  batch 1/1: 27.213667 sec, 16 copies (server sum 27143.085 ms)
  done: 2 sizes x 1 run (0 failures)

Done. Batch rows appended to logs/compare/warm_stepup/compare_server001_s1_20261004T161823Z/query_timing_stackoverflow_1gb.csv
Per-copy samples appended to logs/compare/warm_stepup/compare_server001_s1_20261004T161823Z/query_samples_stackoverflow_1gb.csv
Idle baselines appended to logs/compare/warm_stepup/compare_server001_s1_20261004T161823Z/query_idle_stackoverflow_1gb.csv
Machine identity appended to logs/compare/warm_stepup/compare_server001_s1_20261004T161823Z/query_runinfo_stackoverflow_1gb.csv
Last batch ended at epoch 1791134814.462 (PREV_END_EPOCH for the next invocation)
===== [111/324] queries/stackoverflow/SQLStorm/3090.sql run_id=1388853F053B23B5 =====
query_runner configuration:
  QUERY_DIR         = queries/stackoverflow/SQLStorm/3090.sql
  LOGS_DIR          = logs/compare/warm_stepup/compare_server001_s1_20261004T161823Z  (query_timing_/query_samples_/query_catalog_stackoverflow_1gb.csv)
  DB_NAME / DB_USER = stackoverflow_1gb / postgres
  PGPORT            = 5432  (server reports 18.6)
  RUN_ID            = 1388853F053B23B5
  WARMUP            = 2 single-copy warm-ups (the first primes the cache)
  BATCH_SIZES       = 1 16  x RUNS=1 measured batches each
  WORKERS           = (planner default)
  STATEMENT_TIMEOUT = 15
  THERMAL_EQUALISE  = gate (T_LO=40 T_HI=60 preheat<=60s cooldown<=120s)
  sensors           = pkg:/sys/class/hwmon/hwmon8/temp1_input cores:4 cpufreq:8 throttle:8/8
  WARMUP_FAIL_SKIP  = on (a failed warm-up skips the query's measured batches)
  IDLE_BASELINE_S   = 5.0 s before each query's measured batches
  SIGLESS_ADDR      = (disabled)
Found 1 query under queries/stackoverflow/SQLStorm/3090.sql

RAPL: powercap, 1 package, domains: pkg core gpu/uncore dram

[1/1] queries/stackoverflow/SQLStorm/3090.sql (2 warmup + step-up 1 16 x1)
  warmup 1/2: 1.357855 sec (cache prime)
  warmup 2/2: 1.099591 sec
  idle baseline: 5.0s, package 0.497 W, dram 0.256 W
  N=1   batch 1/1: 1.094679 sec, 1 copy (server sum 1037.126 ms)
  N=16  batch 1/1: 16.025448 sec, 16 copies (server sum 15924.417 ms)
  done: 2 sizes x 1 run (0 failures)

Done. Batch rows appended to logs/compare/warm_stepup/compare_server001_s1_20261004T161823Z/query_timing_stackoverflow_1gb.csv
Per-copy samples appended to logs/compare/warm_stepup/compare_server001_s1_20261004T161823Z/query_samples_stackoverflow_1gb.csv
Idle baselines appended to logs/compare/warm_stepup/compare_server001_s1_20261004T161823Z/query_idle_stackoverflow_1gb.csv
Machine identity appended to logs/compare/warm_stepup/compare_server001_s1_20261004T161823Z/query_runinfo_stackoverflow_1gb.csv
Last batch ended at epoch 1791134842.326 (PREV_END_EPOCH for the next invocation)
===== [112/324] queries/stackoverflow/SQLStorm/21884.sql run_id=693F0FF9C63FBA42 =====
query_runner configuration:
  QUERY_DIR         = queries/stackoverflow/SQLStorm/21884.sql
  LOGS_DIR          = logs/compare/warm_stepup/compare_server001_s1_20261004T161823Z  (query_timing_/query_samples_/query_catalog_stackoverflow_1gb.csv)
  DB_NAME / DB_USER = stackoverflow_1gb / postgres
  PGPORT            = 5432  (server reports 18.6)
  RUN_ID            = 693F0FF9C63FBA42
  WARMUP            = 2 single-copy warm-ups (the first primes the cache)
  BATCH_SIZES       = 1 16  x RUNS=1 measured batches each
  WORKERS           = (planner default)
  STATEMENT_TIMEOUT = 15
  THERMAL_EQUALISE  = gate (T_LO=40 T_HI=60 preheat<=60s cooldown<=120s)
  sensors           = pkg:/sys/class/hwmon/hwmon8/temp1_input cores:4 cpufreq:8 throttle:8/8
  WARMUP_FAIL_SKIP  = on (a failed warm-up skips the query's measured batches)
  IDLE_BASELINE_S   = 5.0 s before each query's measured batches
  SIGLESS_ADDR      = (disabled)
Found 1 query under queries/stackoverflow/SQLStorm/21884.sql

RAPL: powercap, 1 package, domains: pkg core gpu/uncore dram

[1/1] queries/stackoverflow/SQLStorm/21884.sql (2 warmup + step-up 1 16 x1)
  warmup 1/2: 1.336722 sec (cache prime)
  warmup 2/2: 0.682825 sec
  idle baseline: 5.0s, package 0.448 W, dram 0.255 W
  N=1   batch 1/1: 0.685545 sec, 1 copy (server sum 627.329 ms)
  N=16  batch 1/1: 9.598192 sec, 16 copies (server sum 9506.512 ms)
  done: 2 sizes x 1 run (0 failures)

Done. Batch rows appended to logs/compare/warm_stepup/compare_server001_s1_20261004T161823Z/query_timing_stackoverflow_1gb.csv
Per-copy samples appended to logs/compare/warm_stepup/compare_server001_s1_20261004T161823Z/query_samples_stackoverflow_1gb.csv
Idle baselines appended to logs/compare/warm_stepup/compare_server001_s1_20261004T161823Z/query_idle_stackoverflow_1gb.csv
Machine identity appended to logs/compare/warm_stepup/compare_server001_s1_20261004T161823Z/query_runinfo_stackoverflow_1gb.csv
Last batch ended at epoch 1791134862.967 (PREV_END_EPOCH for the next invocation)
===== [113/324] queries/stackoverflow/SQLStorm/8072.sql run_id=B4165969DAA5479C =====
query_runner configuration:
  QUERY_DIR         = queries/stackoverflow/SQLStorm/8072.sql
  LOGS_DIR          = logs/compare/warm_stepup/compare_server001_s1_20261004T161823Z  (query_timing_/query_samples_/query_catalog_stackoverflow_1gb.csv)
  DB_NAME / DB_USER = stackoverflow_1gb / postgres
  PGPORT            = 5432  (server reports 18.6)
  RUN_ID            = B4165969DAA5479C
  WARMUP            = 2 single-copy warm-ups (the first primes the cache)
  BATCH_SIZES       = 1 16  x RUNS=1 measured batches each
  WORKERS           = (planner default)
  STATEMENT_TIMEOUT = 15
  THERMAL_EQUALISE  = gate (T_LO=40 T_HI=60 preheat<=60s cooldown<=120s)
  sensors           = pkg:/sys/class/hwmon/hwmon8/temp1_input cores:4 cpufreq:8 throttle:8/8
  WARMUP_FAIL_SKIP  = on (a failed warm-up skips the query's measured batches)
  IDLE_BASELINE_S   = 5.0 s before each query's measured batches
  SIGLESS_ADDR      = (disabled)
Found 1 query under queries/stackoverflow/SQLStorm/8072.sql

RAPL: powercap, 1 package, domains: pkg core gpu/uncore dram

[1/1] queries/stackoverflow/SQLStorm/8072.sql (2 warmup + step-up 1 16 x1)
  warmup 1/2: 3.047209 sec (cache prime)
  warmup 2/2: 2.512059 sec
  idle baseline: 5.0s, package 0.496 W, dram 0.256 W
  N=1   batch 1/1: 2.518296 sec, 1 copy (server sum 2459.626 ms)
  N=16  batch 1/1: 37.581446 sec, 16 copies (server sum 37487.969 ms)
  done: 2 sizes x 1 run (0 failures)

Done. Batch rows appended to logs/compare/warm_stepup/compare_server001_s1_20261004T161823Z/query_timing_stackoverflow_1gb.csv
Per-copy samples appended to logs/compare/warm_stepup/compare_server001_s1_20261004T161823Z/query_samples_stackoverflow_1gb.csv
Idle baselines appended to logs/compare/warm_stepup/compare_server001_s1_20261004T161823Z/query_idle_stackoverflow_1gb.csv
Machine identity appended to logs/compare/warm_stepup/compare_server001_s1_20261004T161823Z/query_runinfo_stackoverflow_1gb.csv
Last batch ended at epoch 1791134917.293 (PREV_END_EPOCH for the next invocation)
===== [114/324] queries/stackoverflow/SQLStorm/14978.sql run_id=DD01E78D76CFCC56 =====
query_runner configuration:
  QUERY_DIR         = queries/stackoverflow/SQLStorm/14978.sql
  LOGS_DIR          = logs/compare/warm_stepup/compare_server001_s1_20261004T161823Z  (query_timing_/query_samples_/query_catalog_stackoverflow_1gb.csv)
  DB_NAME / DB_USER = stackoverflow_1gb / postgres
  PGPORT            = 5432  (server reports 18.6)
  RUN_ID            = DD01E78D76CFCC56
  WARMUP            = 2 single-copy warm-ups (the first primes the cache)
  BATCH_SIZES       = 1 16  x RUNS=1 measured batches each
  WORKERS           = (planner default)
  STATEMENT_TIMEOUT = 15
  THERMAL_EQUALISE  = gate (T_LO=40 T_HI=60 preheat<=60s cooldown<=120s)
  sensors           = pkg:/sys/class/hwmon/hwmon8/temp1_input cores:4 cpufreq:8 throttle:8/8
  WARMUP_FAIL_SKIP  = on (a failed warm-up skips the query's measured batches)
  IDLE_BASELINE_S   = 5.0 s before each query's measured batches
  SIGLESS_ADDR      = (disabled)
Found 1 query under queries/stackoverflow/SQLStorm/14978.sql

RAPL: powercap, 1 package, domains: pkg core gpu/uncore dram

[1/1] queries/stackoverflow/SQLStorm/14978.sql (2 warmup + step-up 1 16 x1)
  warmup 1/2: 0.321109 sec (cache prime)
  warmup 2/2: 0.157985 sec
  idle baseline: 5.0s, package 0.498 W, dram 0.256 W
  N=1   batch 1/1: 0.157666 sec, 1 copy (server sum 102.003 ms)
  N=16  batch 1/1: 1.656707 sec, 16 copies (server sum 1586.787 ms)
  done: 2 sizes x 1 run (0 failures)

Done. Batch rows appended to logs/compare/warm_stepup/compare_server001_s1_20261004T161823Z/query_timing_stackoverflow_1gb.csv
Per-copy samples appended to logs/compare/warm_stepup/compare_server001_s1_20261004T161823Z/query_samples_stackoverflow_1gb.csv
Idle baselines appended to logs/compare/warm_stepup/compare_server001_s1_20261004T161823Z/query_idle_stackoverflow_1gb.csv
Machine identity appended to logs/compare/warm_stepup/compare_server001_s1_20261004T161823Z/query_runinfo_stackoverflow_1gb.csv
Last batch ended at epoch 1791134928.112 (PREV_END_EPOCH for the next invocation)
===== [115/324] queries/stackoverflow/SQLStorm/20426.sql run_id=7A4D381BBB380428 =====
query_runner configuration:
  QUERY_DIR         = queries/stackoverflow/SQLStorm/20426.sql
  LOGS_DIR          = logs/compare/warm_stepup/compare_server001_s1_20261004T161823Z  (query_timing_/query_samples_/query_catalog_stackoverflow_1gb.csv)
  DB_NAME / DB_USER = stackoverflow_1gb / postgres
  PGPORT            = 5432  (server reports 18.6)
  RUN_ID            = 7A4D381BBB380428
  WARMUP            = 2 single-copy warm-ups (the first primes the cache)
  BATCH_SIZES       = 1 16  x RUNS=1 measured batches each
  WORKERS           = (planner default)
  STATEMENT_TIMEOUT = 15
  THERMAL_EQUALISE  = gate (T_LO=40 T_HI=60 preheat<=60s cooldown<=120s)
  sensors           = pkg:/sys/class/hwmon/hwmon8/temp1_input cores:4 cpufreq:8 throttle:8/8
  WARMUP_FAIL_SKIP  = on (a failed warm-up skips the query's measured batches)
  IDLE_BASELINE_S   = 5.0 s before each query's measured batches
  SIGLESS_ADDR      = (disabled)
Found 1 query under queries/stackoverflow/SQLStorm/20426.sql

RAPL: powercap, 1 package, domains: pkg core gpu/uncore dram

[1/1] queries/stackoverflow/SQLStorm/20426.sql (2 warmup + step-up 1 16 x1)
  warmup 1/2: 5.339326 sec (cache prime)
  warmup 2/2: 3.769649 sec
  idle baseline: 5.0s, package 0.514 W, dram 0.257 W
  N=1   batch 1/1: 3.774190 sec, 1 copy (server sum 3715.217 ms)
  N=16  batch 1/1: 56.852086 sec, 16 copies (server sum 56756.147 ms)
  done: 2 sizes x 1 run (0 failures)

Done. Batch rows appended to logs/compare/warm_stepup/compare_server001_s1_20261004T161823Z/query_timing_stackoverflow_1gb.csv
Per-copy samples appended to logs/compare/warm_stepup/compare_server001_s1_20261004T161823Z/query_samples_stackoverflow_1gb.csv
Idle baselines appended to logs/compare/warm_stepup/compare_server001_s1_20261004T161823Z/query_idle_stackoverflow_1gb.csv
Machine identity appended to logs/compare/warm_stepup/compare_server001_s1_20261004T161823Z/query_runinfo_stackoverflow_1gb.csv
Last batch ended at epoch 1791135006.094 (PREV_END_EPOCH for the next invocation)
===== [116/324] queries/stackoverflow/SQLStorm/2764.sql run_id=8B75E85EC42DBB3F =====
query_runner configuration:
  QUERY_DIR         = queries/stackoverflow/SQLStorm/2764.sql
  LOGS_DIR          = logs/compare/warm_stepup/compare_server001_s1_20261004T161823Z  (query_timing_/query_samples_/query_catalog_stackoverflow_1gb.csv)
  DB_NAME / DB_USER = stackoverflow_1gb / postgres
  PGPORT            = 5432  (server reports 18.6)
  RUN_ID            = 8B75E85EC42DBB3F
  WARMUP            = 2 single-copy warm-ups (the first primes the cache)
  BATCH_SIZES       = 1 16  x RUNS=1 measured batches each
  WORKERS           = (planner default)
  STATEMENT_TIMEOUT = 15
  THERMAL_EQUALISE  = gate (T_LO=40 T_HI=60 preheat<=60s cooldown<=120s)
  sensors           = pkg:/sys/class/hwmon/hwmon8/temp1_input cores:4 cpufreq:8 throttle:8/8
  WARMUP_FAIL_SKIP  = on (a failed warm-up skips the query's measured batches)
  IDLE_BASELINE_S   = 5.0 s before each query's measured batches
  SIGLESS_ADDR      = (disabled)
Found 1 query under queries/stackoverflow/SQLStorm/2764.sql

RAPL: powercap, 1 package, domains: pkg core gpu/uncore dram

[1/1] queries/stackoverflow/SQLStorm/2764.sql (2 warmup + step-up 1 16 x1)
  warmup 1/2: 0.676150 sec (cache prime)
  warmup 2/2: 0.483183 sec
  idle baseline: 5.0s, package 0.446 W, dram 0.255 W
  N=1   batch 1/1: 0.477917 sec, 1 copy (server sum 420.509 ms)
  N=16  batch 1/1: 6.583009 sec, 16 copies (server sum 6500.303 ms)
  done: 2 sizes x 1 run (0 failures)

Done. Batch rows appended to logs/compare/warm_stepup/compare_server001_s1_20261004T161823Z/query_timing_stackoverflow_1gb.csv
Per-copy samples appended to logs/compare/warm_stepup/compare_server001_s1_20261004T161823Z/query_samples_stackoverflow_1gb.csv
Idle baselines appended to logs/compare/warm_stepup/compare_server001_s1_20261004T161823Z/query_idle_stackoverflow_1gb.csv
Machine identity appended to logs/compare/warm_stepup/compare_server001_s1_20261004T161823Z/query_runinfo_stackoverflow_1gb.csv
Last batch ended at epoch 1791135022.945 (PREV_END_EPOCH for the next invocation)
===== [117/324] queries/stackoverflow/SQLStorm/7046.sql run_id=2285DF30019E8F78 =====
query_runner configuration:
  QUERY_DIR         = queries/stackoverflow/SQLStorm/7046.sql
  LOGS_DIR          = logs/compare/warm_stepup/compare_server001_s1_20261004T161823Z  (query_timing_/query_samples_/query_catalog_stackoverflow_1gb.csv)
  DB_NAME / DB_USER = stackoverflow_1gb / postgres
  PGPORT            = 5432  (server reports 18.6)
  RUN_ID            = 2285DF30019E8F78
  WARMUP            = 2 single-copy warm-ups (the first primes the cache)
  BATCH_SIZES       = 1 16  x RUNS=1 measured batches each
  WORKERS           = (planner default)
  STATEMENT_TIMEOUT = 15
  THERMAL_EQUALISE  = gate (T_LO=40 T_HI=60 preheat<=60s cooldown<=120s)
  sensors           = pkg:/sys/class/hwmon/hwmon8/temp1_input cores:4 cpufreq:8 throttle:8/8
  WARMUP_FAIL_SKIP  = on (a failed warm-up skips the query's measured batches)
  IDLE_BASELINE_S   = 5.0 s before each query's measured batches
  SIGLESS_ADDR      = (disabled)
Found 1 query under queries/stackoverflow/SQLStorm/7046.sql

RAPL: powercap, 1 package, domains: pkg core gpu/uncore dram

[1/1] queries/stackoverflow/SQLStorm/7046.sql (2 warmup + step-up 1 16 x1)
  warmup 1/2: 3.002575 sec (cache prime)
  warmup 2/2: 2.420827 sec
  idle baseline: 5.0s, package 0.450 W, dram 0.255 W
  N=1   batch 1/1: 2.375254 sec, 1 copy (server sum 2317.737 ms)
  N=16  batch 1/1: 35.479217 sec, 16 copies (server sum 35392.249 ms)
  done: 2 sizes x 1 run (0 failures)

Done. Batch rows appended to logs/compare/warm_stepup/compare_server001_s1_20261004T161823Z/query_timing_stackoverflow_1gb.csv
Per-copy samples appended to logs/compare/warm_stepup/compare_server001_s1_20261004T161823Z/query_samples_stackoverflow_1gb.csv
Idle baselines appended to logs/compare/warm_stepup/compare_server001_s1_20261004T161823Z/query_idle_stackoverflow_1gb.csv
Machine identity appended to logs/compare/warm_stepup/compare_server001_s1_20261004T161823Z/query_runinfo_stackoverflow_1gb.csv
Last batch ended at epoch 1791135074.468 (PREV_END_EPOCH for the next invocation)
===== [118/324] queries/stackoverflow/SQLStorm/28796.sql run_id=42EB5F2330EC9BBF =====
query_runner configuration:
  QUERY_DIR         = queries/stackoverflow/SQLStorm/28796.sql
  LOGS_DIR          = logs/compare/warm_stepup/compare_server001_s1_20261004T161823Z  (query_timing_/query_samples_/query_catalog_stackoverflow_1gb.csv)
  DB_NAME / DB_USER = stackoverflow_1gb / postgres
  PGPORT            = 5432  (server reports 18.6)
  RUN_ID            = 42EB5F2330EC9BBF
  WARMUP            = 2 single-copy warm-ups (the first primes the cache)
  BATCH_SIZES       = 1 16  x RUNS=1 measured batches each
  WORKERS           = (planner default)
  STATEMENT_TIMEOUT = 15
  THERMAL_EQUALISE  = gate (T_LO=40 T_HI=60 preheat<=60s cooldown<=120s)
  sensors           = pkg:/sys/class/hwmon/hwmon8/temp1_input cores:4 cpufreq:8 throttle:8/8
  WARMUP_FAIL_SKIP  = on (a failed warm-up skips the query's measured batches)
  IDLE_BASELINE_S   = 5.0 s before each query's measured batches
  SIGLESS_ADDR      = (disabled)
Found 1 query under queries/stackoverflow/SQLStorm/28796.sql

RAPL: powercap, 1 package, domains: pkg core gpu/uncore dram

[1/1] queries/stackoverflow/SQLStorm/28796.sql (2 warmup + step-up 1 16 x1)
  warmup 1/2: 2.099433 sec (cache prime)
  warmup 2/2: 1.798487 sec
  idle baseline: 5.0s, package 0.530 W, dram 0.259 W
  N=1   batch 1/1: 1.797812 sec, 1 copy (server sum 1738.970 ms)
  N=16  batch 1/1: 26.395724 sec, 16 copies (server sum 26302.322 ms)
  done: 2 sizes x 1 run (0 failures)

Done. Batch rows appended to logs/compare/warm_stepup/compare_server001_s1_20261004T161823Z/query_timing_stackoverflow_1gb.csv
Per-copy samples appended to logs/compare/warm_stepup/compare_server001_s1_20261004T161823Z/query_samples_stackoverflow_1gb.csv
Idle baselines appended to logs/compare/warm_stepup/compare_server001_s1_20261004T161823Z/query_idle_stackoverflow_1gb.csv
Machine identity appended to logs/compare/warm_stepup/compare_server001_s1_20261004T161823Z/query_runinfo_stackoverflow_1gb.csv
Last batch ended at epoch 1791135114.959 (PREV_END_EPOCH for the next invocation)
===== [119/324] queries/stackoverflow/SQLStorm/13330.sql run_id=22E4E25D066E8D24 =====
query_runner configuration:
  QUERY_DIR         = queries/stackoverflow/SQLStorm/13330.sql
  LOGS_DIR          = logs/compare/warm_stepup/compare_server001_s1_20261004T161823Z  (query_timing_/query_samples_/query_catalog_stackoverflow_1gb.csv)
  DB_NAME / DB_USER = stackoverflow_1gb / postgres
  PGPORT            = 5432  (server reports 18.6)
  RUN_ID            = 22E4E25D066E8D24
  WARMUP            = 2 single-copy warm-ups (the first primes the cache)
  BATCH_SIZES       = 1 16  x RUNS=1 measured batches each
  WORKERS           = (planner default)
  STATEMENT_TIMEOUT = 15
  THERMAL_EQUALISE  = gate (T_LO=40 T_HI=60 preheat<=60s cooldown<=120s)
  sensors           = pkg:/sys/class/hwmon/hwmon8/temp1_input cores:4 cpufreq:8 throttle:8/8
  WARMUP_FAIL_SKIP  = on (a failed warm-up skips the query's measured batches)
  IDLE_BASELINE_S   = 5.0 s before each query's measured batches
  SIGLESS_ADDR      = (disabled)
Found 1 query under queries/stackoverflow/SQLStorm/13330.sql

RAPL: powercap, 1 package, domains: pkg core gpu/uncore dram

[1/1] queries/stackoverflow/SQLStorm/13330.sql (2 warmup + step-up 1 16 x1)
  warmup 1/2: 0.310587 sec (cache prime)
  warmup 2/2: 0.106335 sec
  idle baseline: 5.0s, package 0.533 W, dram 0.258 W
  N=1   batch 1/1: 0.103170 sec, 1 copy (server sum 47.225 ms)
  N=16  batch 1/1: 0.725262 sec, 16 copies (server sum 657.733 ms)
  done: 2 sizes x 1 run (0 failures)

Done. Batch rows appended to logs/compare/warm_stepup/compare_server001_s1_20261004T161823Z/query_timing_stackoverflow_1gb.csv
Per-copy samples appended to logs/compare/warm_stepup/compare_server001_s1_20261004T161823Z/query_samples_stackoverflow_1gb.csv
Idle baselines appended to logs/compare/warm_stepup/compare_server001_s1_20261004T161823Z/query_idle_stackoverflow_1gb.csv
Machine identity appended to logs/compare/warm_stepup/compare_server001_s1_20261004T161823Z/query_runinfo_stackoverflow_1gb.csv
Last batch ended at epoch 1791135124.587 (PREV_END_EPOCH for the next invocation)
===== [120/324] queries/stackoverflow/SQLStorm/6651.sql run_id=4D18096DBA24A5C4 =====
query_runner configuration:
  QUERY_DIR         = queries/stackoverflow/SQLStorm/6651.sql
  LOGS_DIR          = logs/compare/warm_stepup/compare_server001_s1_20261004T161823Z  (query_timing_/query_samples_/query_catalog_stackoverflow_1gb.csv)
  DB_NAME / DB_USER = stackoverflow_1gb / postgres
  PGPORT            = 5432  (server reports 18.6)
  RUN_ID            = 4D18096DBA24A5C4
  WARMUP            = 2 single-copy warm-ups (the first primes the cache)
  BATCH_SIZES       = 1 16  x RUNS=1 measured batches each
  WORKERS           = (planner default)
  STATEMENT_TIMEOUT = 15
  THERMAL_EQUALISE  = gate (T_LO=40 T_HI=60 preheat<=60s cooldown<=120s)
  sensors           = pkg:/sys/class/hwmon/hwmon8/temp1_input cores:4 cpufreq:8 throttle:8/8
  WARMUP_FAIL_SKIP  = on (a failed warm-up skips the query's measured batches)
  IDLE_BASELINE_S   = 5.0 s before each query's measured batches
  SIGLESS_ADDR      = (disabled)
Found 1 query under queries/stackoverflow/SQLStorm/6651.sql

RAPL: powercap, 1 package, domains: pkg core gpu/uncore dram

[1/1] queries/stackoverflow/SQLStorm/6651.sql (2 warmup + step-up 1 16 x1)
  warmup 1/2: 0.412365 sec (cache prime)
  warmup 2/2: 0.153362 sec
  idle baseline: 5.0s, package 0.455 W, dram 0.256 W
  N=1   batch 1/1: 0.153467 sec, 1 copy (server sum 96.488 ms)
  N=16  batch 1/1: 1.526976 sec, 16 copies (server sum 1446.872 ms)
  done: 2 sizes x 1 run (0 failures)

Done. Batch rows appended to logs/compare/warm_stepup/compare_server001_s1_20261004T161823Z/query_timing_stackoverflow_1gb.csv
Per-copy samples appended to logs/compare/warm_stepup/compare_server001_s1_20261004T161823Z/query_samples_stackoverflow_1gb.csv
Idle baselines appended to logs/compare/warm_stepup/compare_server001_s1_20261004T161823Z/query_idle_stackoverflow_1gb.csv
Machine identity appended to logs/compare/warm_stepup/compare_server001_s1_20261004T161823Z/query_runinfo_stackoverflow_1gb.csv
Last batch ended at epoch 1791135135.186 (PREV_END_EPOCH for the next invocation)
===== [121/324] queries/stackoverflow/SQLStorm/32661.sql run_id=88BD754DC92B59F2 =====
query_runner configuration:
  QUERY_DIR         = queries/stackoverflow/SQLStorm/32661.sql
  LOGS_DIR          = logs/compare/warm_stepup/compare_server001_s1_20261004T161823Z  (query_timing_/query_samples_/query_catalog_stackoverflow_1gb.csv)
  DB_NAME / DB_USER = stackoverflow_1gb / postgres
  PGPORT            = 5432  (server reports 18.6)
  RUN_ID            = 88BD754DC92B59F2
  WARMUP            = 2 single-copy warm-ups (the first primes the cache)
  BATCH_SIZES       = 1 16  x RUNS=1 measured batches each
  WORKERS           = (planner default)
  STATEMENT_TIMEOUT = 15
  THERMAL_EQUALISE  = gate (T_LO=40 T_HI=60 preheat<=60s cooldown<=120s)
  sensors           = pkg:/sys/class/hwmon/hwmon8/temp1_input cores:4 cpufreq:8 throttle:8/8
  WARMUP_FAIL_SKIP  = on (a failed warm-up skips the query's measured batches)
  IDLE_BASELINE_S   = 5.0 s before each query's measured batches
  SIGLESS_ADDR      = (disabled)
Found 1 query under queries/stackoverflow/SQLStorm/32661.sql

RAPL: powercap, 1 package, domains: pkg core gpu/uncore dram

[1/1] queries/stackoverflow/SQLStorm/32661.sql (2 warmup + step-up 1 16 x1)
  warmup 1/2: 5.163738 sec (cache prime)
  warmup 2/2: 4.829977 sec
  idle baseline: 5.0s, package 0.481 W, dram 0.256 W
  N=1   batch 1/1: 4.824046 sec, 1 copy (server sum 4764.534 ms)
  N=16  batch 1/1: 71.512598 sec, 16 copies (server sum 71407.780 ms)
  done: 2 sizes x 1 run (0 failures)

Done. Batch rows appended to logs/compare/warm_stepup/compare_server001_s1_20261004T161823Z/query_timing_stackoverflow_1gb.csv
Per-copy samples appended to logs/compare/warm_stepup/compare_server001_s1_20261004T161823Z/query_samples_stackoverflow_1gb.csv
Idle baselines appended to logs/compare/warm_stepup/compare_server001_s1_20261004T161823Z/query_idle_stackoverflow_1gb.csv
Machine identity appended to logs/compare/warm_stepup/compare_server001_s1_20261004T161823Z/query_runinfo_stackoverflow_1gb.csv
Last batch ended at epoch 1791135230.019 (PREV_END_EPOCH for the next invocation)
===== [122/324] compare/probes/probe_sort.sql run_id=2AB121780AD6D7FA =====
query_runner configuration:
  QUERY_DIR         = compare/probes/probe_sort.sql
  LOGS_DIR          = logs/compare/warm_stepup/compare_server001_s1_20261004T161823Z  (query_timing_/query_samples_/query_catalog_stackoverflow_1gb.csv)
  DB_NAME / DB_USER = stackoverflow_1gb / postgres
  PGPORT            = 5432  (server reports 18.6)
  RUN_ID            = 2AB121780AD6D7FA
  WARMUP            = 2 single-copy warm-ups (the first primes the cache)
  BATCH_SIZES       = 1 16  x RUNS=1 measured batches each
  WORKERS           = (planner default)
  STATEMENT_TIMEOUT = 15
  THERMAL_EQUALISE  = gate (T_LO=40 T_HI=60 preheat<=60s cooldown<=120s)
  sensors           = pkg:/sys/class/hwmon/hwmon8/temp1_input cores:4 cpufreq:8 throttle:8/8
  WARMUP_FAIL_SKIP  = on (a failed warm-up skips the query's measured batches)
  IDLE_BASELINE_S   = 5.0 s before each query's measured batches
  SIGLESS_ADDR      = (disabled)
Found 1 query under compare/probes/probe_sort.sql

RAPL: powercap, 1 package, domains: pkg core gpu/uncore dram

[1/1] compare/probes/probe_sort.sql (2 warmup + step-up 1 16 x1)
  warmup 1/2: 1.741769 sec (cache prime)
  warmup 2/2: 1.607517 sec
  idle baseline: 5.0s, package 0.515 W, dram 0.257 W
  N=1   batch 1/1: 1.603277 sec, 0 copies
  N=16  batch 1/1: 24.631054 sec, 0 copies
  done: 2 sizes x 1 run (0 failures)

Done. Batch rows appended to logs/compare/warm_stepup/compare_server001_s1_20261004T161823Z/query_timing_stackoverflow_1gb.csv
Per-copy samples appended to logs/compare/warm_stepup/compare_server001_s1_20261004T161823Z/query_samples_stackoverflow_1gb.csv
Idle baselines appended to logs/compare/warm_stepup/compare_server001_s1_20261004T161823Z/query_idle_stackoverflow_1gb.csv
Machine identity appended to logs/compare/warm_stepup/compare_server001_s1_20261004T161823Z/query_runinfo_stackoverflow_1gb.csv
Last batch ended at epoch 1791135268.107 (PREV_END_EPOCH for the next invocation)
===== [123/324] compare/probes/probe_cpu.sql run_id=877D63B18241B749 =====
query_runner configuration:
  QUERY_DIR         = compare/probes/probe_cpu.sql
  LOGS_DIR          = logs/compare/warm_stepup/compare_server001_s1_20261004T161823Z  (query_timing_/query_samples_/query_catalog_stackoverflow_1gb.csv)
  DB_NAME / DB_USER = stackoverflow_1gb / postgres
  PGPORT            = 5432  (server reports 18.6)
  RUN_ID            = 877D63B18241B749
  WARMUP            = 2 single-copy warm-ups (the first primes the cache)
  BATCH_SIZES       = 1 16  x RUNS=1 measured batches each
  WORKERS           = (planner default)
  STATEMENT_TIMEOUT = 15
  THERMAL_EQUALISE  = gate (T_LO=40 T_HI=60 preheat<=60s cooldown<=120s)
  sensors           = pkg:/sys/class/hwmon/hwmon8/temp1_input cores:4 cpufreq:8 throttle:8/8
  WARMUP_FAIL_SKIP  = on (a failed warm-up skips the query's measured batches)
  IDLE_BASELINE_S   = 5.0 s before each query's measured batches
  SIGLESS_ADDR      = (disabled)
Found 1 query under compare/probes/probe_cpu.sql

RAPL: powercap, 1 package, domains: pkg core gpu/uncore dram

[1/1] compare/probes/probe_cpu.sql (2 warmup + step-up 1 16 x1)
  warmup 1/2: 1.747119 sec (cache prime)
  warmup 2/2: 1.642499 sec
  idle baseline: 5.0s, package 0.454 W, dram 0.255 W
  N=1   batch 1/1: 1.630379 sec, 0 copies
  N=16  batch 1/1: 24.995463 sec, 0 copies
  done: 2 sizes x 1 run (0 failures)

Done. Batch rows appended to logs/compare/warm_stepup/compare_server001_s1_20261004T161823Z/query_timing_stackoverflow_1gb.csv
Per-copy samples appended to logs/compare/warm_stepup/compare_server001_s1_20261004T161823Z/query_samples_stackoverflow_1gb.csv
Idle baselines appended to logs/compare/warm_stepup/compare_server001_s1_20261004T161823Z/query_idle_stackoverflow_1gb.csv
Machine identity appended to logs/compare/warm_stepup/compare_server001_s1_20261004T161823Z/query_runinfo_stackoverflow_1gb.csv
Last batch ended at epoch 1791135306.436 (PREV_END_EPOCH for the next invocation)
===== [124/324] queries/stackoverflow/SQLStorm/25357.sql run_id=B1361DCD5A6D6554 =====
query_runner configuration:
  QUERY_DIR         = queries/stackoverflow/SQLStorm/25357.sql
  LOGS_DIR          = logs/compare/warm_stepup/compare_server001_s1_20261004T161823Z  (query_timing_/query_samples_/query_catalog_stackoverflow_1gb.csv)
  DB_NAME / DB_USER = stackoverflow_1gb / postgres
  PGPORT            = 5432  (server reports 18.6)
  RUN_ID            = B1361DCD5A6D6554
  WARMUP            = 2 single-copy warm-ups (the first primes the cache)
  BATCH_SIZES       = 1 16  x RUNS=1 measured batches each
  WORKERS           = (planner default)
  STATEMENT_TIMEOUT = 15
  THERMAL_EQUALISE  = gate (T_LO=40 T_HI=60 preheat<=60s cooldown<=120s)
  sensors           = pkg:/sys/class/hwmon/hwmon8/temp1_input cores:4 cpufreq:8 throttle:8/8
  WARMUP_FAIL_SKIP  = on (a failed warm-up skips the query's measured batches)
  IDLE_BASELINE_S   = 5.0 s before each query's measured batches
  SIGLESS_ADDR      = (disabled)
Found 1 query under queries/stackoverflow/SQLStorm/25357.sql

RAPL: powercap, 1 package, domains: pkg core gpu/uncore dram

[1/1] queries/stackoverflow/SQLStorm/25357.sql (2 warmup + step-up 1 16 x1)
  warmup 1/2: 2.663630 sec (cache prime)
  warmup 2/2: 2.413983 sec
  idle baseline: 5.0s, package 0.435 W, dram 0.255 W
  N=1   batch 1/1: 2.426197 sec, 1 copy (server sum 2368.589 ms)
  N=16  batch 1/1: 35.832512 sec, 16 copies (server sum 35755.222 ms)
  done: 2 sizes x 1 run (0 failures)

Done. Batch rows appended to logs/compare/warm_stepup/compare_server001_s1_20261004T161823Z/query_timing_stackoverflow_1gb.csv
Per-copy samples appended to logs/compare/warm_stepup/compare_server001_s1_20261004T161823Z/query_samples_stackoverflow_1gb.csv
Idle baselines appended to logs/compare/warm_stepup/compare_server001_s1_20261004T161823Z/query_idle_stackoverflow_1gb.csv
Machine identity appended to logs/compare/warm_stepup/compare_server001_s1_20261004T161823Z/query_runinfo_stackoverflow_1gb.csv
Last batch ended at epoch 1791135358.188 (PREV_END_EPOCH for the next invocation)
===== [125/324] queries/stackoverflow/SQLStorm/14843.sql run_id=3AE339BF76C05C6D =====
query_runner configuration:
  QUERY_DIR         = queries/stackoverflow/SQLStorm/14843.sql
  LOGS_DIR          = logs/compare/warm_stepup/compare_server001_s1_20261004T161823Z  (query_timing_/query_samples_/query_catalog_stackoverflow_1gb.csv)
  DB_NAME / DB_USER = stackoverflow_1gb / postgres
  PGPORT            = 5432  (server reports 18.6)
  RUN_ID            = 3AE339BF76C05C6D
  WARMUP            = 2 single-copy warm-ups (the first primes the cache)
  BATCH_SIZES       = 1 16  x RUNS=1 measured batches each
  WORKERS           = (planner default)
  STATEMENT_TIMEOUT = 15
  THERMAL_EQUALISE  = gate (T_LO=40 T_HI=60 preheat<=60s cooldown<=120s)
  sensors           = pkg:/sys/class/hwmon/hwmon8/temp1_input cores:4 cpufreq:8 throttle:8/8
  WARMUP_FAIL_SKIP  = on (a failed warm-up skips the query's measured batches)
  IDLE_BASELINE_S   = 5.0 s before each query's measured batches
  SIGLESS_ADDR      = (disabled)
Found 1 query under queries/stackoverflow/SQLStorm/14843.sql

RAPL: powercap, 1 package, domains: pkg core gpu/uncore dram

[1/1] queries/stackoverflow/SQLStorm/14843.sql (2 warmup + step-up 1 16 x1)
  warmup 1/2: 0.294653 sec (cache prime)
  warmup 2/2: 0.165721 sec
  idle baseline: 5.0s, package 0.494 W, dram 0.256 W
  N=1   batch 1/1: 0.162582 sec, 1 copy (server sum 106.392 ms)
  N=16  batch 1/1: 1.561985 sec, 16 copies (server sum 1495.750 ms)
  done: 2 sizes x 1 run (0 failures)

Done. Batch rows appended to logs/compare/warm_stepup/compare_server001_s1_20261004T161823Z/query_timing_stackoverflow_1gb.csv
Per-copy samples appended to logs/compare/warm_stepup/compare_server001_s1_20261004T161823Z/query_samples_stackoverflow_1gb.csv
Idle baselines appended to logs/compare/warm_stepup/compare_server001_s1_20261004T161823Z/query_idle_stackoverflow_1gb.csv
Machine identity appended to logs/compare/warm_stepup/compare_server001_s1_20261004T161823Z/query_runinfo_stackoverflow_1gb.csv
Last batch ended at epoch 1791135368.589 (PREV_END_EPOCH for the next invocation)
===== [126/324] queries/stackoverflow/SQLStorm/11124.sql run_id=1EEF4B45412E3A5E =====
query_runner configuration:
  QUERY_DIR         = queries/stackoverflow/SQLStorm/11124.sql
  LOGS_DIR          = logs/compare/warm_stepup/compare_server001_s1_20261004T161823Z  (query_timing_/query_samples_/query_catalog_stackoverflow_1gb.csv)
  DB_NAME / DB_USER = stackoverflow_1gb / postgres
  PGPORT            = 5432  (server reports 18.6)
  RUN_ID            = 1EEF4B45412E3A5E
  WARMUP            = 2 single-copy warm-ups (the first primes the cache)
  BATCH_SIZES       = 1 16  x RUNS=1 measured batches each
  WORKERS           = (planner default)
  STATEMENT_TIMEOUT = 15
  THERMAL_EQUALISE  = gate (T_LO=40 T_HI=60 preheat<=60s cooldown<=120s)
  sensors           = pkg:/sys/class/hwmon/hwmon8/temp1_input cores:4 cpufreq:8 throttle:8/8
  WARMUP_FAIL_SKIP  = on (a failed warm-up skips the query's measured batches)
  IDLE_BASELINE_S   = 5.0 s before each query's measured batches
  SIGLESS_ADDR      = (disabled)
Found 1 query under queries/stackoverflow/SQLStorm/11124.sql

RAPL: powercap, 1 package, domains: pkg core gpu/uncore dram

[1/1] queries/stackoverflow/SQLStorm/11124.sql (2 warmup + step-up 1 16 x1)
  warmup 1/2: 0.543472 sec (cache prime)
  warmup 2/2: 0.186085 sec
  idle baseline: 5.0s, package 0.472 W, dram 0.256 W
  N=1   batch 1/1: 0.186257 sec, 1 copy (server sum 129.373 ms)
  N=16  batch 1/1: 2.017990 sec, 16 copies (server sum 1941.199 ms)
  done: 2 sizes x 1 run (0 failures)

Done. Batch rows appended to logs/compare/warm_stepup/compare_server001_s1_20261004T161823Z/query_timing_stackoverflow_1gb.csv
Per-copy samples appended to logs/compare/warm_stepup/compare_server001_s1_20261004T161823Z/query_samples_stackoverflow_1gb.csv
Idle baselines appended to logs/compare/warm_stepup/compare_server001_s1_20261004T161823Z/query_idle_stackoverflow_1gb.csv
Machine identity appended to logs/compare/warm_stepup/compare_server001_s1_20261004T161823Z/query_runinfo_stackoverflow_1gb.csv
Last batch ended at epoch 1791135379.769 (PREV_END_EPOCH for the next invocation)
===== [127/324] queries/stackoverflow/SQLStorm/20804.sql run_id=81913A357B0A5B34 =====
query_runner configuration:
  QUERY_DIR         = queries/stackoverflow/SQLStorm/20804.sql
  LOGS_DIR          = logs/compare/warm_stepup/compare_server001_s1_20261004T161823Z  (query_timing_/query_samples_/query_catalog_stackoverflow_1gb.csv)
  DB_NAME / DB_USER = stackoverflow_1gb / postgres
  PGPORT            = 5432  (server reports 18.6)
  RUN_ID            = 81913A357B0A5B34
  WARMUP            = 2 single-copy warm-ups (the first primes the cache)
  BATCH_SIZES       = 1 16  x RUNS=1 measured batches each
  WORKERS           = (planner default)
  STATEMENT_TIMEOUT = 15
  THERMAL_EQUALISE  = gate (T_LO=40 T_HI=60 preheat<=60s cooldown<=120s)
  sensors           = pkg:/sys/class/hwmon/hwmon8/temp1_input cores:4 cpufreq:8 throttle:8/8
  WARMUP_FAIL_SKIP  = on (a failed warm-up skips the query's measured batches)
  IDLE_BASELINE_S   = 5.0 s before each query's measured batches
  SIGLESS_ADDR      = (disabled)
Found 1 query under queries/stackoverflow/SQLStorm/20804.sql

RAPL: powercap, 1 package, domains: pkg core gpu/uncore dram

[1/1] queries/stackoverflow/SQLStorm/20804.sql (2 warmup + step-up 1 16 x1)
  warmup 1/2: 1.192604 sec (cache prime)
  warmup 2/2: 0.853386 sec
  idle baseline: 5.0s, package 0.465 W, dram 0.255 W
  N=1   batch 1/1: 0.849007 sec, 1 copy (server sum 790.304 ms)
  N=16  batch 1/1: 11.623588 sec, 16 copies (server sum 11532.667 ms)
  done: 2 sizes x 1 run (0 failures)

Done. Batch rows appended to logs/compare/warm_stepup/compare_server001_s1_20261004T161823Z/query_timing_stackoverflow_1gb.csv
Per-copy samples appended to logs/compare/warm_stepup/compare_server001_s1_20261004T161823Z/query_samples_stackoverflow_1gb.csv
Idle baselines appended to logs/compare/warm_stepup/compare_server001_s1_20261004T161823Z/query_idle_stackoverflow_1gb.csv
Machine identity appended to logs/compare/warm_stepup/compare_server001_s1_20261004T161823Z/query_runinfo_stackoverflow_1gb.csv
Last batch ended at epoch 1791135402.621 (PREV_END_EPOCH for the next invocation)
===== [128/324] queries/stackoverflow/SQLStorm/2863.sql run_id=754718F1FB1EDEB8 =====
query_runner configuration:
  QUERY_DIR         = queries/stackoverflow/SQLStorm/2863.sql
  LOGS_DIR          = logs/compare/warm_stepup/compare_server001_s1_20261004T161823Z  (query_timing_/query_samples_/query_catalog_stackoverflow_1gb.csv)
  DB_NAME / DB_USER = stackoverflow_1gb / postgres
  PGPORT            = 5432  (server reports 18.6)
  RUN_ID            = 754718F1FB1EDEB8
  WARMUP            = 2 single-copy warm-ups (the first primes the cache)
  BATCH_SIZES       = 1 16  x RUNS=1 measured batches each
  WORKERS           = (planner default)
  STATEMENT_TIMEOUT = 15
  THERMAL_EQUALISE  = gate (T_LO=40 T_HI=60 preheat<=60s cooldown<=120s)
  sensors           = pkg:/sys/class/hwmon/hwmon8/temp1_input cores:4 cpufreq:8 throttle:8/8
  WARMUP_FAIL_SKIP  = on (a failed warm-up skips the query's measured batches)
  IDLE_BASELINE_S   = 5.0 s before each query's measured batches
  SIGLESS_ADDR      = (disabled)
Found 1 query under queries/stackoverflow/SQLStorm/2863.sql

RAPL: powercap, 1 package, domains: pkg core gpu/uncore dram

[1/1] queries/stackoverflow/SQLStorm/2863.sql (2 warmup + step-up 1 16 x1)
  warmup 1/2: 2.143023 sec (cache prime)
  warmup 2/2: 1.476448 sec
  idle baseline: 5.0s, package 0.480 W, dram 0.257 W
  N=1   batch 1/1: 1.472909 sec, 1 copy (server sum 1414.412 ms)
  N=16  batch 1/1: 21.528377 sec, 16 copies (server sum 21388.289 ms)
  done: 2 sizes x 1 run (0 failures)

Done. Batch rows appended to logs/compare/warm_stepup/compare_server001_s1_20261004T161823Z/query_timing_stackoverflow_1gb.csv
Per-copy samples appended to logs/compare/warm_stepup/compare_server001_s1_20261004T161823Z/query_samples_stackoverflow_1gb.csv
Idle baselines appended to logs/compare/warm_stepup/compare_server001_s1_20261004T161823Z/query_idle_stackoverflow_1gb.csv
Machine identity appended to logs/compare/warm_stepup/compare_server001_s1_20261004T161823Z/query_runinfo_stackoverflow_1gb.csv
Last batch ended at epoch 1791135437.873 (PREV_END_EPOCH for the next invocation)
===== [129/324] queries/stackoverflow/SQLStorm/14510.sql run_id=8E6EBD7F33E401E9 =====
query_runner configuration:
  QUERY_DIR         = queries/stackoverflow/SQLStorm/14510.sql
  LOGS_DIR          = logs/compare/warm_stepup/compare_server001_s1_20261004T161823Z  (query_timing_/query_samples_/query_catalog_stackoverflow_1gb.csv)
  DB_NAME / DB_USER = stackoverflow_1gb / postgres
  PGPORT            = 5432  (server reports 18.6)
  RUN_ID            = 8E6EBD7F33E401E9
  WARMUP            = 2 single-copy warm-ups (the first primes the cache)
  BATCH_SIZES       = 1 16  x RUNS=1 measured batches each
  WORKERS           = (planner default)
  STATEMENT_TIMEOUT = 15
  THERMAL_EQUALISE  = gate (T_LO=40 T_HI=60 preheat<=60s cooldown<=120s)
  sensors           = pkg:/sys/class/hwmon/hwmon8/temp1_input cores:4 cpufreq:8 throttle:8/8
  WARMUP_FAIL_SKIP  = on (a failed warm-up skips the query's measured batches)
  IDLE_BASELINE_S   = 5.0 s before each query's measured batches
  SIGLESS_ADDR      = (disabled)
Found 1 query under queries/stackoverflow/SQLStorm/14510.sql

RAPL: powercap, 1 package, domains: pkg core gpu/uncore dram

[1/1] queries/stackoverflow/SQLStorm/14510.sql (2 warmup + step-up 1 16 x1)
  warmup 1/2: 4.358718 sec (cache prime)
  warmup 2/2: 3.398897 sec
  idle baseline: 5.0s, package 0.500 W, dram 0.257 W
  N=1   batch 1/1: 3.389833 sec, 1 copy (server sum 3332.606 ms)
  N=16  batch 1/1: 53.657369 sec, 16 copies (server sum 53573.244 ms)
  done: 2 sizes x 1 run (0 failures)

Done. Batch rows appended to logs/compare/warm_stepup/compare_server001_s1_20261004T161823Z/query_timing_stackoverflow_1gb.csv
Per-copy samples appended to logs/compare/warm_stepup/compare_server001_s1_20261004T161823Z/query_samples_stackoverflow_1gb.csv
Idle baselines appended to logs/compare/warm_stepup/compare_server001_s1_20261004T161823Z/query_idle_stackoverflow_1gb.csv
Machine identity appended to logs/compare/warm_stepup/compare_server001_s1_20261004T161823Z/query_runinfo_stackoverflow_1gb.csv
Last batch ended at epoch 1791135511.030 (PREV_END_EPOCH for the next invocation)
===== [130/324] queries/stackoverflow/SQLStorm/22494.sql run_id=CB73617F0DDB05C4 =====
query_runner configuration:
  QUERY_DIR         = queries/stackoverflow/SQLStorm/22494.sql
  LOGS_DIR          = logs/compare/warm_stepup/compare_server001_s1_20261004T161823Z  (query_timing_/query_samples_/query_catalog_stackoverflow_1gb.csv)
  DB_NAME / DB_USER = stackoverflow_1gb / postgres
  PGPORT            = 5432  (server reports 18.6)
  RUN_ID            = CB73617F0DDB05C4
  WARMUP            = 2 single-copy warm-ups (the first primes the cache)
  BATCH_SIZES       = 1 16  x RUNS=1 measured batches each
  WORKERS           = (planner default)
  STATEMENT_TIMEOUT = 15
  THERMAL_EQUALISE  = gate (T_LO=40 T_HI=60 preheat<=60s cooldown<=120s)
  sensors           = pkg:/sys/class/hwmon/hwmon8/temp1_input cores:4 cpufreq:8 throttle:8/8
  WARMUP_FAIL_SKIP  = on (a failed warm-up skips the query's measured batches)
  IDLE_BASELINE_S   = 5.0 s before each query's measured batches
  SIGLESS_ADDR      = (disabled)
Found 1 query under queries/stackoverflow/SQLStorm/22494.sql

RAPL: powercap, 1 package, domains: pkg core gpu/uncore dram

[1/1] queries/stackoverflow/SQLStorm/22494.sql (2 warmup + step-up 1 16 x1)
  warmup 1/2: 1.474804 sec (cache prime)
  warmup 2/2: 1.235837 sec
  idle baseline: 5.0s, package 0.471 W, dram 0.256 W
  N=1   batch 1/1: 1.223742 sec, 1 copy (server sum 1165.816 ms)
  N=16  batch 1/1: 17.709532 sec, 16 copies (server sum 17617.592 ms)
  done: 2 sizes x 1 run (0 failures)

Done. Batch rows appended to logs/compare/warm_stepup/compare_server001_s1_20261004T161823Z/query_timing_stackoverflow_1gb.csv
Per-copy samples appended to logs/compare/warm_stepup/compare_server001_s1_20261004T161823Z/query_samples_stackoverflow_1gb.csv
Idle baselines appended to logs/compare/warm_stepup/compare_server001_s1_20261004T161823Z/query_idle_stackoverflow_1gb.csv
Machine identity appended to logs/compare/warm_stepup/compare_server001_s1_20261004T161823Z/query_runinfo_stackoverflow_1gb.csv
Last batch ended at epoch 1791135541.315 (PREV_END_EPOCH for the next invocation)
===== [131/324] queries/stackoverflow/SQLStorm/24751.sql run_id=C367533EA21391CB =====
query_runner configuration:
  QUERY_DIR         = queries/stackoverflow/SQLStorm/24751.sql
  LOGS_DIR          = logs/compare/warm_stepup/compare_server001_s1_20261004T161823Z  (query_timing_/query_samples_/query_catalog_stackoverflow_1gb.csv)
  DB_NAME / DB_USER = stackoverflow_1gb / postgres
  PGPORT            = 5432  (server reports 18.6)
  RUN_ID            = C367533EA21391CB
  WARMUP            = 2 single-copy warm-ups (the first primes the cache)
  BATCH_SIZES       = 1 16  x RUNS=1 measured batches each
  WORKERS           = (planner default)
  STATEMENT_TIMEOUT = 15
  THERMAL_EQUALISE  = gate (T_LO=40 T_HI=60 preheat<=60s cooldown<=120s)
  sensors           = pkg:/sys/class/hwmon/hwmon8/temp1_input cores:4 cpufreq:8 throttle:8/8
  WARMUP_FAIL_SKIP  = on (a failed warm-up skips the query's measured batches)
  IDLE_BASELINE_S   = 5.0 s before each query's measured batches
  SIGLESS_ADDR      = (disabled)
Found 1 query under queries/stackoverflow/SQLStorm/24751.sql

RAPL: powercap, 1 package, domains: pkg core gpu/uncore dram

[1/1] queries/stackoverflow/SQLStorm/24751.sql (2 warmup + step-up 1 16 x1)
  warmup 1/2: 0.517388 sec (cache prime)
  warmup 2/2: 0.355792 sec
  idle baseline: 5.0s, package 0.505 W, dram 0.256 W
  N=1   batch 1/1: 0.327375 sec, 1 copy (server sum 270.644 ms)
  N=16  batch 1/1: 4.331161 sec, 16 copies (server sum 4253.917 ms)
  done: 2 sizes x 1 run (0 failures)

Done. Batch rows appended to logs/compare/warm_stepup/compare_server001_s1_20261004T161823Z/query_timing_stackoverflow_1gb.csv
Per-copy samples appended to logs/compare/warm_stepup/compare_server001_s1_20261004T161823Z/query_samples_stackoverflow_1gb.csv
Idle baselines appended to logs/compare/warm_stepup/compare_server001_s1_20261004T161823Z/query_idle_stackoverflow_1gb.csv
Machine identity appended to logs/compare/warm_stepup/compare_server001_s1_20261004T161823Z/query_runinfo_stackoverflow_1gb.csv
Last batch ended at epoch 1791135555.142 (PREV_END_EPOCH for the next invocation)
===== [132/324] queries/stackoverflow/SQLStorm/13737.sql run_id=E1BA21D7EE1B119B =====
query_runner configuration:
  QUERY_DIR         = queries/stackoverflow/SQLStorm/13737.sql
  LOGS_DIR          = logs/compare/warm_stepup/compare_server001_s1_20261004T161823Z  (query_timing_/query_samples_/query_catalog_stackoverflow_1gb.csv)
  DB_NAME / DB_USER = stackoverflow_1gb / postgres
  PGPORT            = 5432  (server reports 18.6)
  RUN_ID            = E1BA21D7EE1B119B
  WARMUP            = 2 single-copy warm-ups (the first primes the cache)
  BATCH_SIZES       = 1 16  x RUNS=1 measured batches each
  WORKERS           = (planner default)
  STATEMENT_TIMEOUT = 15
  THERMAL_EQUALISE  = gate (T_LO=40 T_HI=60 preheat<=60s cooldown<=120s)
  sensors           = pkg:/sys/class/hwmon/hwmon8/temp1_input cores:4 cpufreq:8 throttle:8/8
  WARMUP_FAIL_SKIP  = on (a failed warm-up skips the query's measured batches)
  IDLE_BASELINE_S   = 5.0 s before each query's measured batches
  SIGLESS_ADDR      = (disabled)
Found 1 query under queries/stackoverflow/SQLStorm/13737.sql

RAPL: powercap, 1 package, domains: pkg core gpu/uncore dram

[1/1] queries/stackoverflow/SQLStorm/13737.sql (2 warmup + step-up 1 16 x1)
  warmup 1/2: 0.628505 sec (cache prime)
  warmup 2/2: 0.320168 sec
  idle baseline: 5.0s, package 0.520 W, dram 0.257 W
  N=1   batch 1/1: 0.326554 sec, 1 copy (server sum 270.575 ms)
  N=16  batch 1/1: 4.296090 sec, 16 copies (server sum 4225.553 ms)
  done: 2 sizes x 1 run (0 failures)

Done. Batch rows appended to logs/compare/warm_stepup/compare_server001_s1_20261004T161823Z/query_timing_stackoverflow_1gb.csv
Per-copy samples appended to logs/compare/warm_stepup/compare_server001_s1_20261004T161823Z/query_samples_stackoverflow_1gb.csv
Idle baselines appended to logs/compare/warm_stepup/compare_server001_s1_20261004T161823Z/query_idle_stackoverflow_1gb.csv
Machine identity appended to logs/compare/warm_stepup/compare_server001_s1_20261004T161823Z/query_runinfo_stackoverflow_1gb.csv
Last batch ended at epoch 1791135569.143 (PREV_END_EPOCH for the next invocation)
===== [133/324] queries/stackoverflow/SQLStorm/16378.sql run_id=5129F0E0B6D10811 =====
query_runner configuration:
  QUERY_DIR         = queries/stackoverflow/SQLStorm/16378.sql
  LOGS_DIR          = logs/compare/warm_stepup/compare_server001_s1_20261004T161823Z  (query_timing_/query_samples_/query_catalog_stackoverflow_1gb.csv)
  DB_NAME / DB_USER = stackoverflow_1gb / postgres
  PGPORT            = 5432  (server reports 18.6)
  RUN_ID            = 5129F0E0B6D10811
  WARMUP            = 2 single-copy warm-ups (the first primes the cache)
  BATCH_SIZES       = 1 16  x RUNS=1 measured batches each
  WORKERS           = (planner default)
  STATEMENT_TIMEOUT = 15
  THERMAL_EQUALISE  = gate (T_LO=40 T_HI=60 preheat<=60s cooldown<=120s)
  sensors           = pkg:/sys/class/hwmon/hwmon8/temp1_input cores:4 cpufreq:8 throttle:8/8
  WARMUP_FAIL_SKIP  = on (a failed warm-up skips the query's measured batches)
  IDLE_BASELINE_S   = 5.0 s before each query's measured batches
  SIGLESS_ADDR      = (disabled)
Found 1 query under queries/stackoverflow/SQLStorm/16378.sql

RAPL: powercap, 1 package, domains: pkg core gpu/uncore dram

[1/1] queries/stackoverflow/SQLStorm/16378.sql (2 warmup + step-up 1 16 x1)
  warmup 1/2: 0.684819 sec (cache prime)
  warmup 2/2: 0.545637 sec
  idle baseline: 5.0s, package 0.468 W, dram 0.256 W
  N=1   batch 1/1: 0.558802 sec, 1 copy (server sum 501.609 ms)
  N=16  batch 1/1: 7.244463 sec, 16 copies (server sum 7152.486 ms)
  done: 2 sizes x 1 run (0 failures)

Done. Batch rows appended to logs/compare/warm_stepup/compare_server001_s1_20261004T161823Z/query_timing_stackoverflow_1gb.csv
Per-copy samples appended to logs/compare/warm_stepup/compare_server001_s1_20261004T161823Z/query_samples_stackoverflow_1gb.csv
Idle baselines appended to logs/compare/warm_stepup/compare_server001_s1_20261004T161823Z/query_idle_stackoverflow_1gb.csv
Machine identity appended to logs/compare/warm_stepup/compare_server001_s1_20261004T161823Z/query_runinfo_stackoverflow_1gb.csv
Last batch ended at epoch 1791135586.561 (PREV_END_EPOCH for the next invocation)
===== [134/324] queries/stackoverflow/SQLStorm/11473.sql run_id=1CF98524FC0F8E21 =====
query_runner configuration:
  QUERY_DIR         = queries/stackoverflow/SQLStorm/11473.sql
  LOGS_DIR          = logs/compare/warm_stepup/compare_server001_s1_20261004T161823Z  (query_timing_/query_samples_/query_catalog_stackoverflow_1gb.csv)
  DB_NAME / DB_USER = stackoverflow_1gb / postgres
  PGPORT            = 5432  (server reports 18.6)
  RUN_ID            = 1CF98524FC0F8E21
  WARMUP            = 2 single-copy warm-ups (the first primes the cache)
  BATCH_SIZES       = 1 16  x RUNS=1 measured batches each
  WORKERS           = (planner default)
  STATEMENT_TIMEOUT = 15
  THERMAL_EQUALISE  = gate (T_LO=40 T_HI=60 preheat<=60s cooldown<=120s)
  sensors           = pkg:/sys/class/hwmon/hwmon8/temp1_input cores:4 cpufreq:8 throttle:8/8
  WARMUP_FAIL_SKIP  = on (a failed warm-up skips the query's measured batches)
  IDLE_BASELINE_S   = 5.0 s before each query's measured batches
  SIGLESS_ADDR      = (disabled)
Found 1 query under queries/stackoverflow/SQLStorm/11473.sql

RAPL: powercap, 1 package, domains: pkg core gpu/uncore dram

[1/1] queries/stackoverflow/SQLStorm/11473.sql (2 warmup + step-up 1 16 x1)
  warmup 1/2: 0.315656 sec (cache prime)
  warmup 2/2: 0.174444 sec
  idle baseline: 5.0s, package 0.519 W, dram 0.257 W
  N=1   batch 1/1: 0.173206 sec, 1 copy (server sum 117.388 ms)
  N=16  batch 1/1: 1.879811 sec, 16 copies (server sum 1809.449 ms)
  done: 2 sizes x 1 run (0 failures)

Done. Batch rows appended to logs/compare/warm_stepup/compare_server001_s1_20261004T161823Z/query_timing_stackoverflow_1gb.csv
Per-copy samples appended to logs/compare/warm_stepup/compare_server001_s1_20261004T161823Z/query_samples_stackoverflow_1gb.csv
Idle baselines appended to logs/compare/warm_stepup/compare_server001_s1_20261004T161823Z/query_idle_stackoverflow_1gb.csv
Machine identity appended to logs/compare/warm_stepup/compare_server001_s1_20261004T161823Z/query_runinfo_stackoverflow_1gb.csv
Last batch ended at epoch 1791135597.366 (PREV_END_EPOCH for the next invocation)
===== [135/324] queries/stackoverflow/SQLStorm/12477.sql run_id=B0047D2F58FF6B40 =====
query_runner configuration:
  QUERY_DIR         = queries/stackoverflow/SQLStorm/12477.sql
  LOGS_DIR          = logs/compare/warm_stepup/compare_server001_s1_20261004T161823Z  (query_timing_/query_samples_/query_catalog_stackoverflow_1gb.csv)
  DB_NAME / DB_USER = stackoverflow_1gb / postgres
  PGPORT            = 5432  (server reports 18.6)
  RUN_ID            = B0047D2F58FF6B40
  WARMUP            = 2 single-copy warm-ups (the first primes the cache)
  BATCH_SIZES       = 1 16  x RUNS=1 measured batches each
  WORKERS           = (planner default)
  STATEMENT_TIMEOUT = 15
  THERMAL_EQUALISE  = gate (T_LO=40 T_HI=60 preheat<=60s cooldown<=120s)
  sensors           = pkg:/sys/class/hwmon/hwmon8/temp1_input cores:4 cpufreq:8 throttle:8/8
  WARMUP_FAIL_SKIP  = on (a failed warm-up skips the query's measured batches)
  IDLE_BASELINE_S   = 5.0 s before each query's measured batches
  SIGLESS_ADDR      = (disabled)
Found 1 query under queries/stackoverflow/SQLStorm/12477.sql

RAPL: powercap, 1 package, domains: pkg core gpu/uncore dram

[1/1] queries/stackoverflow/SQLStorm/12477.sql (2 warmup + step-up 1 16 x1)
  warmup 1/2: 2.652135 sec (cache prime)
  warmup 2/2: 2.428094 sec
  idle baseline: 5.0s, package 0.492 W, dram 0.257 W
  N=1   batch 1/1: 2.430281 sec, 1 copy (server sum 2372.727 ms)
  N=16  batch 1/1: 36.433502 sec, 16 copies (server sum 36353.056 ms)
  done: 2 sizes x 1 run (0 failures)

Done. Batch rows appended to logs/compare/warm_stepup/compare_server001_s1_20261004T161823Z/query_timing_stackoverflow_1gb.csv
Per-copy samples appended to logs/compare/warm_stepup/compare_server001_s1_20261004T161823Z/query_samples_stackoverflow_1gb.csv
Idle baselines appended to logs/compare/warm_stepup/compare_server001_s1_20261004T161823Z/query_idle_stackoverflow_1gb.csv
Machine identity appended to logs/compare/warm_stepup/compare_server001_s1_20261004T161823Z/query_runinfo_stackoverflow_1gb.csv
Last batch ended at epoch 1791135649.897 (PREV_END_EPOCH for the next invocation)
===== [136/324] queries/stackoverflow/SQLStorm/14349.sql run_id=B549FA0F227779BE =====
query_runner configuration:
  QUERY_DIR         = queries/stackoverflow/SQLStorm/14349.sql
  LOGS_DIR          = logs/compare/warm_stepup/compare_server001_s1_20261004T161823Z  (query_timing_/query_samples_/query_catalog_stackoverflow_1gb.csv)
  DB_NAME / DB_USER = stackoverflow_1gb / postgres
  PGPORT            = 5432  (server reports 18.6)
  RUN_ID            = B549FA0F227779BE
  WARMUP            = 2 single-copy warm-ups (the first primes the cache)
  BATCH_SIZES       = 1 16  x RUNS=1 measured batches each
  WORKERS           = (planner default)
  STATEMENT_TIMEOUT = 15
  THERMAL_EQUALISE  = gate (T_LO=40 T_HI=60 preheat<=60s cooldown<=120s)
  sensors           = pkg:/sys/class/hwmon/hwmon8/temp1_input cores:4 cpufreq:8 throttle:8/8
  WARMUP_FAIL_SKIP  = on (a failed warm-up skips the query's measured batches)
  IDLE_BASELINE_S   = 5.0 s before each query's measured batches
  SIGLESS_ADDR      = (disabled)
Found 1 query under queries/stackoverflow/SQLStorm/14349.sql

RAPL: powercap, 1 package, domains: pkg core gpu/uncore dram

[1/1] queries/stackoverflow/SQLStorm/14349.sql (2 warmup + step-up 1 16 x1)
  warmup 1/2: 3.651612 sec (cache prime)
  warmup 2/2: 3.285118 sec
  idle baseline: 5.0s, package 0.487 W, dram 0.256 W
  N=1   batch 1/1: 3.415715 sec, 1 copy (server sum 3359.937 ms)
  N=16  batch 1/1: 51.524898 sec, 16 copies (server sum 51457.333 ms)
  done: 2 sizes x 1 run (0 failures)

Done. Batch rows appended to logs/compare/warm_stepup/compare_server001_s1_20261004T161823Z/query_timing_stackoverflow_1gb.csv
Per-copy samples appended to logs/compare/warm_stepup/compare_server001_s1_20261004T161823Z/query_samples_stackoverflow_1gb.csv
Idle baselines appended to logs/compare/warm_stepup/compare_server001_s1_20261004T161823Z/query_idle_stackoverflow_1gb.csv
Machine identity appended to logs/compare/warm_stepup/compare_server001_s1_20261004T161823Z/query_runinfo_stackoverflow_1gb.csv
Last batch ended at epoch 1791135720.302 (PREV_END_EPOCH for the next invocation)
===== [137/324] queries/stackoverflow/SQLStorm/16308.sql run_id=9924044216F54A84 =====
query_runner configuration:
  QUERY_DIR         = queries/stackoverflow/SQLStorm/16308.sql
  LOGS_DIR          = logs/compare/warm_stepup/compare_server001_s1_20261004T161823Z  (query_timing_/query_samples_/query_catalog_stackoverflow_1gb.csv)
  DB_NAME / DB_USER = stackoverflow_1gb / postgres
  PGPORT            = 5432  (server reports 18.6)
  RUN_ID            = 9924044216F54A84
  WARMUP            = 2 single-copy warm-ups (the first primes the cache)
  BATCH_SIZES       = 1 16  x RUNS=1 measured batches each
  WORKERS           = (planner default)
  STATEMENT_TIMEOUT = 15
  THERMAL_EQUALISE  = gate (T_LO=40 T_HI=60 preheat<=60s cooldown<=120s)
  sensors           = pkg:/sys/class/hwmon/hwmon8/temp1_input cores:4 cpufreq:8 throttle:8/8
  WARMUP_FAIL_SKIP  = on (a failed warm-up skips the query's measured batches)
  IDLE_BASELINE_S   = 5.0 s before each query's measured batches
  SIGLESS_ADDR      = (disabled)
Found 1 query under queries/stackoverflow/SQLStorm/16308.sql

RAPL: powercap, 1 package, domains: pkg core gpu/uncore dram

[1/1] queries/stackoverflow/SQLStorm/16308.sql (2 warmup + step-up 1 16 x1)
  warmup 1/2: 0.780951 sec (cache prime)
  warmup 2/2: 0.425930 sec
  idle baseline: 5.0s, package 0.480 W, dram 0.256 W
  N=1   batch 1/1: 0.427126 sec, 1 copy (server sum 369.837 ms)
  N=16  batch 1/1: 5.941817 sec, 16 copies (server sum 5863.852 ms)
  done: 2 sizes x 1 run (0 failures)

Done. Batch rows appended to logs/compare/warm_stepup/compare_server001_s1_20261004T161823Z/query_timing_stackoverflow_1gb.csv
Per-copy samples appended to logs/compare/warm_stepup/compare_server001_s1_20261004T161823Z/query_samples_stackoverflow_1gb.csv
Idle baselines appended to logs/compare/warm_stepup/compare_server001_s1_20261004T161823Z/query_idle_stackoverflow_1gb.csv
Machine identity appended to logs/compare/warm_stepup/compare_server001_s1_20261004T161823Z/query_runinfo_stackoverflow_1gb.csv
Last batch ended at epoch 1791135736.324 (PREV_END_EPOCH for the next invocation)
===== [138/324] queries/stackoverflow/SQLStorm/15173.sql run_id=B4D77C52D26F9CAA =====
query_runner configuration:
  QUERY_DIR         = queries/stackoverflow/SQLStorm/15173.sql
  LOGS_DIR          = logs/compare/warm_stepup/compare_server001_s1_20261004T161823Z  (query_timing_/query_samples_/query_catalog_stackoverflow_1gb.csv)
  DB_NAME / DB_USER = stackoverflow_1gb / postgres
  PGPORT            = 5432  (server reports 18.6)
  RUN_ID            = B4D77C52D26F9CAA
  WARMUP            = 2 single-copy warm-ups (the first primes the cache)
  BATCH_SIZES       = 1 16  x RUNS=1 measured batches each
  WORKERS           = (planner default)
  STATEMENT_TIMEOUT = 15
  THERMAL_EQUALISE  = gate (T_LO=40 T_HI=60 preheat<=60s cooldown<=120s)
  sensors           = pkg:/sys/class/hwmon/hwmon8/temp1_input cores:4 cpufreq:8 throttle:8/8
  WARMUP_FAIL_SKIP  = on (a failed warm-up skips the query's measured batches)
  IDLE_BASELINE_S   = 5.0 s before each query's measured batches
  SIGLESS_ADDR      = (disabled)
Found 1 query under queries/stackoverflow/SQLStorm/15173.sql

RAPL: powercap, 1 package, domains: pkg core gpu/uncore dram

[1/1] queries/stackoverflow/SQLStorm/15173.sql (2 warmup + step-up 1 16 x1)
  warmup 1/2: 1.305802 sec (cache prime)
  warmup 2/2: 1.033008 sec
  idle baseline: 5.0s, package 0.526 W, dram 0.256 W
  N=1   batch 1/1: 1.027439 sec, 1 copy (server sum 970.842 ms)
  N=16  batch 1/1: 14.783339 sec, 16 copies (server sum 14707.588 ms)
  done: 2 sizes x 1 run (0 failures)

Done. Batch rows appended to logs/compare/warm_stepup/compare_server001_s1_20261004T161823Z/query_timing_stackoverflow_1gb.csv
Per-copy samples appended to logs/compare/warm_stepup/compare_server001_s1_20261004T161823Z/query_samples_stackoverflow_1gb.csv
Idle baselines appended to logs/compare/warm_stepup/compare_server001_s1_20261004T161823Z/query_idle_stackoverflow_1gb.csv
Machine identity appended to logs/compare/warm_stepup/compare_server001_s1_20261004T161823Z/query_runinfo_stackoverflow_1gb.csv
Last batch ended at epoch 1791135762.980 (PREV_END_EPOCH for the next invocation)
===== [139/324] queries/stackoverflow/SQLStorm/12128.sql run_id=F7F502B212C5869D =====
query_runner configuration:
  QUERY_DIR         = queries/stackoverflow/SQLStorm/12128.sql
  LOGS_DIR          = logs/compare/warm_stepup/compare_server001_s1_20261004T161823Z  (query_timing_/query_samples_/query_catalog_stackoverflow_1gb.csv)
  DB_NAME / DB_USER = stackoverflow_1gb / postgres
  PGPORT            = 5432  (server reports 18.6)
  RUN_ID            = F7F502B212C5869D
  WARMUP            = 2 single-copy warm-ups (the first primes the cache)
  BATCH_SIZES       = 1 16  x RUNS=1 measured batches each
  WORKERS           = (planner default)
  STATEMENT_TIMEOUT = 15
  THERMAL_EQUALISE  = gate (T_LO=40 T_HI=60 preheat<=60s cooldown<=120s)
  sensors           = pkg:/sys/class/hwmon/hwmon8/temp1_input cores:4 cpufreq:8 throttle:8/8
  WARMUP_FAIL_SKIP  = on (a failed warm-up skips the query's measured batches)
  IDLE_BASELINE_S   = 5.0 s before each query's measured batches
  SIGLESS_ADDR      = (disabled)
Found 1 query under queries/stackoverflow/SQLStorm/12128.sql

RAPL: powercap, 1 package, domains: pkg core gpu/uncore dram

[1/1] queries/stackoverflow/SQLStorm/12128.sql (2 warmup + step-up 1 16 x1)
  warmup 1/2: 3.750215 sec (cache prime)
  warmup 2/2: 3.482910 sec
  idle baseline: 5.0s, package 0.501 W, dram 0.256 W
  N=1   batch 1/1: 3.507690 sec, 1 copy (server sum 3449.707 ms)
  N=16  batch 1/1: 53.668058 sec, 16 copies (server sum 53589.061 ms)
  done: 2 sizes x 1 run (0 failures)

Done. Batch rows appended to logs/compare/warm_stepup/compare_server001_s1_20261004T161823Z/query_timing_stackoverflow_1gb.csv
Per-copy samples appended to logs/compare/warm_stepup/compare_server001_s1_20261004T161823Z/query_samples_stackoverflow_1gb.csv
Idle baselines appended to logs/compare/warm_stepup/compare_server001_s1_20261004T161823Z/query_idle_stackoverflow_1gb.csv
Machine identity appended to logs/compare/warm_stepup/compare_server001_s1_20261004T161823Z/query_runinfo_stackoverflow_1gb.csv
Last batch ended at epoch 1791135835.777 (PREV_END_EPOCH for the next invocation)
===== [140/324] queries/stackoverflow/SQLStorm/10646.sql run_id=C0C9C540D1B5525A =====
query_runner configuration:
  QUERY_DIR         = queries/stackoverflow/SQLStorm/10646.sql
  LOGS_DIR          = logs/compare/warm_stepup/compare_server001_s1_20261004T161823Z  (query_timing_/query_samples_/query_catalog_stackoverflow_1gb.csv)
  DB_NAME / DB_USER = stackoverflow_1gb / postgres
  PGPORT            = 5432  (server reports 18.6)
  RUN_ID            = C0C9C540D1B5525A
  WARMUP            = 2 single-copy warm-ups (the first primes the cache)
  BATCH_SIZES       = 1 16  x RUNS=1 measured batches each
  WORKERS           = (planner default)
  STATEMENT_TIMEOUT = 15
  THERMAL_EQUALISE  = gate (T_LO=40 T_HI=60 preheat<=60s cooldown<=120s)
  sensors           = pkg:/sys/class/hwmon/hwmon8/temp1_input cores:4 cpufreq:8 throttle:8/8
  WARMUP_FAIL_SKIP  = on (a failed warm-up skips the query's measured batches)
  IDLE_BASELINE_S   = 5.0 s before each query's measured batches
  SIGLESS_ADDR      = (disabled)
Found 1 query under queries/stackoverflow/SQLStorm/10646.sql

RAPL: powercap, 1 package, domains: pkg core gpu/uncore dram

[1/1] queries/stackoverflow/SQLStorm/10646.sql (2 warmup + step-up 1 16 x1)
  warmup 1/2: 0.389824 sec (cache prime)
  warmup 2/2: 0.221564 sec
  idle baseline: 5.0s, package 0.523 W, dram 0.257 W
  N=1   batch 1/1: 0.218343 sec, 1 copy (server sum 161.628 ms)
  N=16  batch 1/1: 2.691444 sec, 16 copies (server sum 2622.409 ms)
  done: 2 sizes x 1 run (0 failures)

Done. Batch rows appended to logs/compare/warm_stepup/compare_server001_s1_20261004T161823Z/query_timing_stackoverflow_1gb.csv
Per-copy samples appended to logs/compare/warm_stepup/compare_server001_s1_20261004T161823Z/query_samples_stackoverflow_1gb.csv
Idle baselines appended to logs/compare/warm_stepup/compare_server001_s1_20261004T161823Z/query_idle_stackoverflow_1gb.csv
Machine identity appended to logs/compare/warm_stepup/compare_server001_s1_20261004T161823Z/query_runinfo_stackoverflow_1gb.csv
Last batch ended at epoch 1791135847.803 (PREV_END_EPOCH for the next invocation)
===== [141/324] queries/stackoverflow/SQLStorm/2243.sql run_id=8BE7A067C44B4924 =====
query_runner configuration:
  QUERY_DIR         = queries/stackoverflow/SQLStorm/2243.sql
  LOGS_DIR          = logs/compare/warm_stepup/compare_server001_s1_20261004T161823Z  (query_timing_/query_samples_/query_catalog_stackoverflow_1gb.csv)
  DB_NAME / DB_USER = stackoverflow_1gb / postgres
  PGPORT            = 5432  (server reports 18.6)
  RUN_ID            = 8BE7A067C44B4924
  WARMUP            = 2 single-copy warm-ups (the first primes the cache)
  BATCH_SIZES       = 1 16  x RUNS=1 measured batches each
  WORKERS           = (planner default)
  STATEMENT_TIMEOUT = 15
  THERMAL_EQUALISE  = gate (T_LO=40 T_HI=60 preheat<=60s cooldown<=120s)
  sensors           = pkg:/sys/class/hwmon/hwmon8/temp1_input cores:4 cpufreq:8 throttle:8/8
  WARMUP_FAIL_SKIP  = on (a failed warm-up skips the query's measured batches)
  IDLE_BASELINE_S   = 5.0 s before each query's measured batches
  SIGLESS_ADDR      = (disabled)
Found 1 query under queries/stackoverflow/SQLStorm/2243.sql

RAPL: powercap, 1 package, domains: pkg core gpu/uncore dram

[1/1] queries/stackoverflow/SQLStorm/2243.sql (2 warmup + step-up 1 16 x1)
  warmup 1/2: 1.687807 sec (cache prime)
  warmup 2/2: 1.366803 sec
  idle baseline: 5.0s, package 0.441 W, dram 0.255 W
  N=1   batch 1/1: 1.379744 sec, 1 copy (server sum 1321.726 ms)
  N=16  batch 1/1: 19.949221 sec, 16 copies (server sum 19859.518 ms)
  done: 2 sizes x 1 run (0 failures)

Done. Batch rows appended to logs/compare/warm_stepup/compare_server001_s1_20261004T161823Z/query_timing_stackoverflow_1gb.csv
Per-copy samples appended to logs/compare/warm_stepup/compare_server001_s1_20261004T161823Z/query_samples_stackoverflow_1gb.csv
Idle baselines appended to logs/compare/warm_stepup/compare_server001_s1_20261004T161823Z/query_idle_stackoverflow_1gb.csv
Machine identity appended to logs/compare/warm_stepup/compare_server001_s1_20261004T161823Z/query_runinfo_stackoverflow_1gb.csv
Last batch ended at epoch 1791135880.473 (PREV_END_EPOCH for the next invocation)
===== [142/324] queries/stackoverflow/SQLStorm/16363.sql run_id=B8AC96E463948780 =====
query_runner configuration:
  QUERY_DIR         = queries/stackoverflow/SQLStorm/16363.sql
  LOGS_DIR          = logs/compare/warm_stepup/compare_server001_s1_20261004T161823Z  (query_timing_/query_samples_/query_catalog_stackoverflow_1gb.csv)
  DB_NAME / DB_USER = stackoverflow_1gb / postgres
  PGPORT            = 5432  (server reports 18.6)
  RUN_ID            = B8AC96E463948780
  WARMUP            = 2 single-copy warm-ups (the first primes the cache)
  BATCH_SIZES       = 1 16  x RUNS=1 measured batches each
  WORKERS           = (planner default)
  STATEMENT_TIMEOUT = 15
  THERMAL_EQUALISE  = gate (T_LO=40 T_HI=60 preheat<=60s cooldown<=120s)
  sensors           = pkg:/sys/class/hwmon/hwmon8/temp1_input cores:4 cpufreq:8 throttle:8/8
  WARMUP_FAIL_SKIP  = on (a failed warm-up skips the query's measured batches)
  IDLE_BASELINE_S   = 5.0 s before each query's measured batches
  SIGLESS_ADDR      = (disabled)
Found 1 query under queries/stackoverflow/SQLStorm/16363.sql

RAPL: powercap, 1 package, domains: pkg core gpu/uncore dram

[1/1] queries/stackoverflow/SQLStorm/16363.sql (2 warmup + step-up 1 16 x1)
  warmup 1/2: 3.511227 sec (cache prime)
  warmup 2/2: 2.679473 sec
  idle baseline: 5.0s, package 0.472 W, dram 0.257 W
  N=1   batch 1/1: 2.662807 sec, 1 copy (server sum 2605.445 ms)
  N=16  batch 1/1: 40.990168 sec, 16 copies (server sum 40914.030 ms)
  done: 2 sizes x 1 run (0 failures)

Done. Batch rows appended to logs/compare/warm_stepup/compare_server001_s1_20261004T161823Z/query_timing_stackoverflow_1gb.csv
Per-copy samples appended to logs/compare/warm_stepup/compare_server001_s1_20261004T161823Z/query_samples_stackoverflow_1gb.csv
Idle baselines appended to logs/compare/warm_stepup/compare_server001_s1_20261004T161823Z/query_idle_stackoverflow_1gb.csv
Machine identity appended to logs/compare/warm_stepup/compare_server001_s1_20261004T161823Z/query_runinfo_stackoverflow_1gb.csv
Last batch ended at epoch 1791135938.815 (PREV_END_EPOCH for the next invocation)
===== [143/324] queries/stackoverflow/SQLStorm/32216.sql run_id=76F8E5EDF9787D9B =====
query_runner configuration:
  QUERY_DIR         = queries/stackoverflow/SQLStorm/32216.sql
  LOGS_DIR          = logs/compare/warm_stepup/compare_server001_s1_20261004T161823Z  (query_timing_/query_samples_/query_catalog_stackoverflow_1gb.csv)
  DB_NAME / DB_USER = stackoverflow_1gb / postgres
  PGPORT            = 5432  (server reports 18.6)
  RUN_ID            = 76F8E5EDF9787D9B
  WARMUP            = 2 single-copy warm-ups (the first primes the cache)
  BATCH_SIZES       = 1 16  x RUNS=1 measured batches each
  WORKERS           = (planner default)
  STATEMENT_TIMEOUT = 15
  THERMAL_EQUALISE  = gate (T_LO=40 T_HI=60 preheat<=60s cooldown<=120s)
  sensors           = pkg:/sys/class/hwmon/hwmon8/temp1_input cores:4 cpufreq:8 throttle:8/8
  WARMUP_FAIL_SKIP  = on (a failed warm-up skips the query's measured batches)
  IDLE_BASELINE_S   = 5.0 s before each query's measured batches
  SIGLESS_ADDR      = (disabled)
Found 1 query under queries/stackoverflow/SQLStorm/32216.sql

RAPL: powercap, 1 package, domains: pkg core gpu/uncore dram

[1/1] queries/stackoverflow/SQLStorm/32216.sql (2 warmup + step-up 1 16 x1)
  warmup 1/2: 4.287289 sec (cache prime)
  warmup 2/2: 3.985387 sec
  idle baseline: 5.0s, package 0.517 W, dram 0.256 W
  N=1   batch 1/1: 3.994784 sec, 1 copy (server sum 3936.199 ms)
  N=16  batch 1/1: 60.805413 sec, 16 copies (server sum 60710.691 ms)
  done: 2 sizes x 1 run (0 failures)

Done. Batch rows appended to logs/compare/warm_stepup/compare_server001_s1_20261004T161823Z/query_timing_stackoverflow_1gb.csv
Per-copy samples appended to logs/compare/warm_stepup/compare_server001_s1_20261004T161823Z/query_samples_stackoverflow_1gb.csv
Idle baselines appended to logs/compare/warm_stepup/compare_server001_s1_20261004T161823Z/query_idle_stackoverflow_1gb.csv
Machine identity appended to logs/compare/warm_stepup/compare_server001_s1_20261004T161823Z/query_runinfo_stackoverflow_1gb.csv
Last batch ended at epoch 1791136020.244 (PREV_END_EPOCH for the next invocation)
===== [144/324] queries/stackoverflow/SQLStorm/16399.sql run_id=2B15A5EC53CDD757 =====
query_runner configuration:
  QUERY_DIR         = queries/stackoverflow/SQLStorm/16399.sql
  LOGS_DIR          = logs/compare/warm_stepup/compare_server001_s1_20261004T161823Z  (query_timing_/query_samples_/query_catalog_stackoverflow_1gb.csv)
  DB_NAME / DB_USER = stackoverflow_1gb / postgres
  PGPORT            = 5432  (server reports 18.6)
  RUN_ID            = 2B15A5EC53CDD757
  WARMUP            = 2 single-copy warm-ups (the first primes the cache)
  BATCH_SIZES       = 1 16  x RUNS=1 measured batches each
  WORKERS           = (planner default)
  STATEMENT_TIMEOUT = 15
  THERMAL_EQUALISE  = gate (T_LO=40 T_HI=60 preheat<=60s cooldown<=120s)
  sensors           = pkg:/sys/class/hwmon/hwmon8/temp1_input cores:4 cpufreq:8 throttle:8/8
  WARMUP_FAIL_SKIP  = on (a failed warm-up skips the query's measured batches)
  IDLE_BASELINE_S   = 5.0 s before each query's measured batches
  SIGLESS_ADDR      = (disabled)
Found 1 query under queries/stackoverflow/SQLStorm/16399.sql

RAPL: powercap, 1 package, domains: pkg core gpu/uncore dram

[1/1] queries/stackoverflow/SQLStorm/16399.sql (2 warmup + step-up 1 16 x1)
  warmup 1/2: 0.250155 sec (cache prime)
  warmup 2/2: 0.101221 sec
  idle baseline: 5.0s, package 0.522 W, dram 0.257 W
  N=1   batch 1/1: 0.101123 sec, 1 copy (server sum 44.981 ms)
  N=16  batch 1/1: 0.758018 sec, 16 copies (server sum 691.785 ms)
  done: 2 sizes x 1 run (0 failures)

Done. Batch rows appended to logs/compare/warm_stepup/compare_server001_s1_20261004T161823Z/query_timing_stackoverflow_1gb.csv
Per-copy samples appended to logs/compare/warm_stepup/compare_server001_s1_20261004T161823Z/query_samples_stackoverflow_1gb.csv
Idle baselines appended to logs/compare/warm_stepup/compare_server001_s1_20261004T161823Z/query_idle_stackoverflow_1gb.csv
Machine identity appended to logs/compare/warm_stepup/compare_server001_s1_20261004T161823Z/query_runinfo_stackoverflow_1gb.csv
Last batch ended at epoch 1791136029.873 (PREV_END_EPOCH for the next invocation)
===== [145/324] queries/stackoverflow/SQLStorm/13186.sql run_id=3B9C5529C0C98AD7 =====
query_runner configuration:
  QUERY_DIR         = queries/stackoverflow/SQLStorm/13186.sql
  LOGS_DIR          = logs/compare/warm_stepup/compare_server001_s1_20261004T161823Z  (query_timing_/query_samples_/query_catalog_stackoverflow_1gb.csv)
  DB_NAME / DB_USER = stackoverflow_1gb / postgres
  PGPORT            = 5432  (server reports 18.6)
  RUN_ID            = 3B9C5529C0C98AD7
  WARMUP            = 2 single-copy warm-ups (the first primes the cache)
  BATCH_SIZES       = 1 16  x RUNS=1 measured batches each
  WORKERS           = (planner default)
  STATEMENT_TIMEOUT = 15
  THERMAL_EQUALISE  = gate (T_LO=40 T_HI=60 preheat<=60s cooldown<=120s)
  sensors           = pkg:/sys/class/hwmon/hwmon8/temp1_input cores:4 cpufreq:8 throttle:8/8
  WARMUP_FAIL_SKIP  = on (a failed warm-up skips the query's measured batches)
  IDLE_BASELINE_S   = 5.0 s before each query's measured batches
  SIGLESS_ADDR      = (disabled)
Found 1 query under queries/stackoverflow/SQLStorm/13186.sql

RAPL: powercap, 1 package, domains: pkg core gpu/uncore dram

[1/1] queries/stackoverflow/SQLStorm/13186.sql (2 warmup + step-up 1 16 x1)
  warmup 1/2: 4.863199 sec (cache prime)
  warmup 2/2: 4.517955 sec
  idle baseline: 5.0s, package 0.518 W, dram 0.258 W
  N=1   batch 1/1: 4.506901 sec, 1 copy (server sum 4448.872 ms)
  N=16  batch 1/1: 67.811981 sec, 16 copies (server sum 67727.535 ms)
  done: 2 sizes x 1 run (0 failures)

Done. Batch rows appended to logs/compare/warm_stepup/compare_server001_s1_20261004T161823Z/query_timing_stackoverflow_1gb.csv
Per-copy samples appended to logs/compare/warm_stepup/compare_server001_s1_20261004T161823Z/query_samples_stackoverflow_1gb.csv
Idle baselines appended to logs/compare/warm_stepup/compare_server001_s1_20261004T161823Z/query_idle_stackoverflow_1gb.csv
Machine identity appended to logs/compare/warm_stepup/compare_server001_s1_20261004T161823Z/query_runinfo_stackoverflow_1gb.csv
Last batch ended at epoch 1791136120.067 (PREV_END_EPOCH for the next invocation)
===== [146/324] queries/stackoverflow/SQLStorm/6957.sql run_id=89CDBDC5E2B10BAB =====
query_runner configuration:
  QUERY_DIR         = queries/stackoverflow/SQLStorm/6957.sql
  LOGS_DIR          = logs/compare/warm_stepup/compare_server001_s1_20261004T161823Z  (query_timing_/query_samples_/query_catalog_stackoverflow_1gb.csv)
  DB_NAME / DB_USER = stackoverflow_1gb / postgres
  PGPORT            = 5432  (server reports 18.6)
  RUN_ID            = 89CDBDC5E2B10BAB
  WARMUP            = 2 single-copy warm-ups (the first primes the cache)
  BATCH_SIZES       = 1 16  x RUNS=1 measured batches each
  WORKERS           = (planner default)
  STATEMENT_TIMEOUT = 15
  THERMAL_EQUALISE  = gate (T_LO=40 T_HI=60 preheat<=60s cooldown<=120s)
  sensors           = pkg:/sys/class/hwmon/hwmon8/temp1_input cores:4 cpufreq:8 throttle:8/8
  WARMUP_FAIL_SKIP  = on (a failed warm-up skips the query's measured batches)
  IDLE_BASELINE_S   = 5.0 s before each query's measured batches
  SIGLESS_ADDR      = (disabled)
Found 1 query under queries/stackoverflow/SQLStorm/6957.sql

RAPL: powercap, 1 package, domains: pkg core gpu/uncore dram

[1/1] queries/stackoverflow/SQLStorm/6957.sql (2 warmup + step-up 1 16 x1)
  warmup 1/2: 1.089004 sec (cache prime)
  warmup 2/2: 0.445923 sec
  idle baseline: 5.0s, package 0.465 W, dram 0.256 W
  N=1   batch 1/1: 0.442489 sec, 1 copy (server sum 384.368 ms)
  N=16  batch 1/1: 5.813255 sec, 16 copies (server sum 5719.920 ms)
  done: 2 sizes x 1 run (0 failures)

Done. Batch rows appended to logs/compare/warm_stepup/compare_server001_s1_20261004T161823Z/query_timing_stackoverflow_1gb.csv
Per-copy samples appended to logs/compare/warm_stepup/compare_server001_s1_20261004T161823Z/query_samples_stackoverflow_1gb.csv
Idle baselines appended to logs/compare/warm_stepup/compare_server001_s1_20261004T161823Z/query_idle_stackoverflow_1gb.csv
Machine identity appended to logs/compare/warm_stepup/compare_server001_s1_20261004T161823Z/query_runinfo_stackoverflow_1gb.csv
Last batch ended at epoch 1791136136.707 (PREV_END_EPOCH for the next invocation)
===== [147/324] queries/stackoverflow/SQLStorm/9509.sql run_id=EBA3FD3A2226526C =====
query_runner configuration:
  QUERY_DIR         = queries/stackoverflow/SQLStorm/9509.sql
  LOGS_DIR          = logs/compare/warm_stepup/compare_server001_s1_20261004T161823Z  (query_timing_/query_samples_/query_catalog_stackoverflow_1gb.csv)
  DB_NAME / DB_USER = stackoverflow_1gb / postgres
  PGPORT            = 5432  (server reports 18.6)
  RUN_ID            = EBA3FD3A2226526C
  WARMUP            = 2 single-copy warm-ups (the first primes the cache)
  BATCH_SIZES       = 1 16  x RUNS=1 measured batches each
  WORKERS           = (planner default)
  STATEMENT_TIMEOUT = 15
  THERMAL_EQUALISE  = gate (T_LO=40 T_HI=60 preheat<=60s cooldown<=120s)
  sensors           = pkg:/sys/class/hwmon/hwmon8/temp1_input cores:4 cpufreq:8 throttle:8/8
  WARMUP_FAIL_SKIP  = on (a failed warm-up skips the query's measured batches)
  IDLE_BASELINE_S   = 5.0 s before each query's measured batches
  SIGLESS_ADDR      = (disabled)
Found 1 query under queries/stackoverflow/SQLStorm/9509.sql

RAPL: powercap, 1 package, domains: pkg core gpu/uncore dram

[1/1] queries/stackoverflow/SQLStorm/9509.sql (2 warmup + step-up 1 16 x1)
  warmup 1/2: 1.090869 sec (cache prime)
  warmup 2/2: 0.897957 sec
  idle baseline: 5.0s, package 0.481 W, dram 0.255 W
  N=1   batch 1/1: 0.889332 sec, 1 copy (server sum 832.246 ms)
  N=16  batch 1/1: 12.665552 sec, 16 copies (server sum 12588.068 ms)
  done: 2 sizes x 1 run (0 failures)

Done. Batch rows appended to logs/compare/warm_stepup/compare_server001_s1_20261004T161823Z/query_timing_stackoverflow_1gb.csv
Per-copy samples appended to logs/compare/warm_stepup/compare_server001_s1_20261004T161823Z/query_samples_stackoverflow_1gb.csv
Idle baselines appended to logs/compare/warm_stepup/compare_server001_s1_20261004T161823Z/query_idle_stackoverflow_1gb.csv
Machine identity appended to logs/compare/warm_stepup/compare_server001_s1_20261004T161823Z/query_runinfo_stackoverflow_1gb.csv
Last batch ended at epoch 1791136160.964 (PREV_END_EPOCH for the next invocation)
===== [148/324] queries/stackoverflow/SQLStorm/10937.sql run_id=44AA7A3EA8AC98F8 =====
query_runner configuration:
  QUERY_DIR         = queries/stackoverflow/SQLStorm/10937.sql
  LOGS_DIR          = logs/compare/warm_stepup/compare_server001_s1_20261004T161823Z  (query_timing_/query_samples_/query_catalog_stackoverflow_1gb.csv)
  DB_NAME / DB_USER = stackoverflow_1gb / postgres
  PGPORT            = 5432  (server reports 18.6)
  RUN_ID            = 44AA7A3EA8AC98F8
  WARMUP            = 2 single-copy warm-ups (the first primes the cache)
  BATCH_SIZES       = 1 16  x RUNS=1 measured batches each
  WORKERS           = (planner default)
  STATEMENT_TIMEOUT = 15
  THERMAL_EQUALISE  = gate (T_LO=40 T_HI=60 preheat<=60s cooldown<=120s)
  sensors           = pkg:/sys/class/hwmon/hwmon8/temp1_input cores:4 cpufreq:8 throttle:8/8
  WARMUP_FAIL_SKIP  = on (a failed warm-up skips the query's measured batches)
  IDLE_BASELINE_S   = 5.0 s before each query's measured batches
  SIGLESS_ADDR      = (disabled)
Found 1 query under queries/stackoverflow/SQLStorm/10937.sql

RAPL: powercap, 1 package, domains: pkg core gpu/uncore dram

[1/1] queries/stackoverflow/SQLStorm/10937.sql (2 warmup + step-up 1 16 x1)
  warmup 1/2: 0.582384 sec (cache prime)
  warmup 2/2: 0.339102 sec
  idle baseline: 5.0s, package 0.481 W, dram 0.256 W
  N=1   batch 1/1: 0.338092 sec, 1 copy (server sum 282.336 ms)
  N=16  batch 1/1: 4.498211 sec, 16 copies (server sum 4428.403 ms)
  done: 2 sizes x 1 run (0 failures)

Done. Batch rows appended to logs/compare/warm_stepup/compare_server001_s1_20261004T161823Z/query_timing_stackoverflow_1gb.csv
Per-copy samples appended to logs/compare/warm_stepup/compare_server001_s1_20261004T161823Z/query_samples_stackoverflow_1gb.csv
Idle baselines appended to logs/compare/warm_stepup/compare_server001_s1_20261004T161823Z/query_idle_stackoverflow_1gb.csv
Machine identity appended to logs/compare/warm_stepup/compare_server001_s1_20261004T161823Z/query_runinfo_stackoverflow_1gb.csv
Last batch ended at epoch 1791136174.973 (PREV_END_EPOCH for the next invocation)
===== [149/324] queries/stackoverflow/SQLStorm/7612.sql run_id=37D737DD8BECEA1C =====
query_runner configuration:
  QUERY_DIR         = queries/stackoverflow/SQLStorm/7612.sql
  LOGS_DIR          = logs/compare/warm_stepup/compare_server001_s1_20261004T161823Z  (query_timing_/query_samples_/query_catalog_stackoverflow_1gb.csv)
  DB_NAME / DB_USER = stackoverflow_1gb / postgres
  PGPORT            = 5432  (server reports 18.6)
  RUN_ID            = 37D737DD8BECEA1C
  WARMUP            = 2 single-copy warm-ups (the first primes the cache)
  BATCH_SIZES       = 1 16  x RUNS=1 measured batches each
  WORKERS           = (planner default)
  STATEMENT_TIMEOUT = 15
  THERMAL_EQUALISE  = gate (T_LO=40 T_HI=60 preheat<=60s cooldown<=120s)
  sensors           = pkg:/sys/class/hwmon/hwmon8/temp1_input cores:4 cpufreq:8 throttle:8/8
  WARMUP_FAIL_SKIP  = on (a failed warm-up skips the query's measured batches)
  IDLE_BASELINE_S   = 5.0 s before each query's measured batches
  SIGLESS_ADDR      = (disabled)
Found 1 query under queries/stackoverflow/SQLStorm/7612.sql

RAPL: powercap, 1 package, domains: pkg core gpu/uncore dram

[1/1] queries/stackoverflow/SQLStorm/7612.sql (2 warmup + step-up 1 16 x1)
  warmup 1/2: 1.639633 sec (cache prime)
  warmup 2/2: 1.082912 sec
  idle baseline: 5.0s, package 0.479 W, dram 0.255 W
  N=1   batch 1/1: 1.080964 sec, 1 copy (server sum 1023.512 ms)
  N=16  batch 1/1: 15.910898 sec, 16 copies (server sum 15824.872 ms)
  done: 2 sizes x 1 run (0 failures)

Done. Batch rows appended to logs/compare/warm_stepup/compare_server001_s1_20261004T161823Z/query_timing_stackoverflow_1gb.csv
Per-copy samples appended to logs/compare/warm_stepup/compare_server001_s1_20261004T161823Z/query_samples_stackoverflow_1gb.csv
Idle baselines appended to logs/compare/warm_stepup/compare_server001_s1_20261004T161823Z/query_idle_stackoverflow_1gb.csv
Machine identity appended to logs/compare/warm_stepup/compare_server001_s1_20261004T161823Z/query_runinfo_stackoverflow_1gb.csv
Last batch ended at epoch 1791136203.210 (PREV_END_EPOCH for the next invocation)
===== [150/324] queries/stackoverflow/SQLStorm/25154.sql run_id=FFD4C0529CB17F49 =====
query_runner configuration:
  QUERY_DIR         = queries/stackoverflow/SQLStorm/25154.sql
  LOGS_DIR          = logs/compare/warm_stepup/compare_server001_s1_20261004T161823Z  (query_timing_/query_samples_/query_catalog_stackoverflow_1gb.csv)
  DB_NAME / DB_USER = stackoverflow_1gb / postgres
  PGPORT            = 5432  (server reports 18.6)
  RUN_ID            = FFD4C0529CB17F49
  WARMUP            = 2 single-copy warm-ups (the first primes the cache)
  BATCH_SIZES       = 1 16  x RUNS=1 measured batches each
  WORKERS           = (planner default)
  STATEMENT_TIMEOUT = 15
  THERMAL_EQUALISE  = gate (T_LO=40 T_HI=60 preheat<=60s cooldown<=120s)
  sensors           = pkg:/sys/class/hwmon/hwmon8/temp1_input cores:4 cpufreq:8 throttle:8/8
  WARMUP_FAIL_SKIP  = on (a failed warm-up skips the query's measured batches)
  IDLE_BASELINE_S   = 5.0 s before each query's measured batches
  SIGLESS_ADDR      = (disabled)
Found 1 query under queries/stackoverflow/SQLStorm/25154.sql

RAPL: powercap, 1 package, domains: pkg core gpu/uncore dram

[1/1] queries/stackoverflow/SQLStorm/25154.sql (2 warmup + step-up 1 16 x1)
  warmup 1/2: 3.874678 sec (cache prime)
  warmup 2/2: 3.040057 sec
  idle baseline: 5.0s, package 0.442 W, dram 0.256 W
  N=1   batch 1/1: 3.035749 sec, 1 copy (server sum 2978.058 ms)
  N=16  batch 1/1: 47.450057 sec, 16 copies (server sum 47362.695 ms)
  done: 2 sizes x 1 run (0 failures)

Done. Batch rows appended to logs/compare/warm_stepup/compare_server001_s1_20261004T161823Z/query_timing_stackoverflow_1gb.csv
Per-copy samples appended to logs/compare/warm_stepup/compare_server001_s1_20261004T161823Z/query_samples_stackoverflow_1gb.csv
Idle baselines appended to logs/compare/warm_stepup/compare_server001_s1_20261004T161823Z/query_idle_stackoverflow_1gb.csv
Machine identity appended to logs/compare/warm_stepup/compare_server001_s1_20261004T161823Z/query_runinfo_stackoverflow_1gb.csv
Last batch ended at epoch 1791136269.390 (PREV_END_EPOCH for the next invocation)
===== [151/324] compare/probes/probe_scan.sql run_id=589BC2814D1CD702 =====
query_runner configuration:
  QUERY_DIR         = compare/probes/probe_scan.sql
  LOGS_DIR          = logs/compare/warm_stepup/compare_server001_s1_20261004T161823Z  (query_timing_/query_samples_/query_catalog_stackoverflow_1gb.csv)
  DB_NAME / DB_USER = stackoverflow_1gb / postgres
  PGPORT            = 5432  (server reports 18.6)
  RUN_ID            = 589BC2814D1CD702
  WARMUP            = 2 single-copy warm-ups (the first primes the cache)
  BATCH_SIZES       = 1 16  x RUNS=1 measured batches each
  WORKERS           = (planner default)
  STATEMENT_TIMEOUT = 15
  THERMAL_EQUALISE  = gate (T_LO=40 T_HI=60 preheat<=60s cooldown<=120s)
  sensors           = pkg:/sys/class/hwmon/hwmon8/temp1_input cores:4 cpufreq:8 throttle:8/8
  WARMUP_FAIL_SKIP  = on (a failed warm-up skips the query's measured batches)
  IDLE_BASELINE_S   = 5.0 s before each query's measured batches
  SIGLESS_ADDR      = (disabled)
Found 1 query under compare/probes/probe_scan.sql

RAPL: powercap, 1 package, domains: pkg core gpu/uncore dram

[1/1] compare/probes/probe_scan.sql (2 warmup + step-up 1 16 x1)
  warmup 1/2: 3.164657 sec (cache prime)
  warmup 2/2: 2.876407 sec
  idle baseline: 5.0s, package 0.496 W, dram 0.257 W
  N=1   batch 1/1: 2.881660 sec, 0 copies
  N=16  batch 1/1: 44.368858 sec, 0 copies
  done: 2 sizes x 1 run (0 failures)

Done. Batch rows appended to logs/compare/warm_stepup/compare_server001_s1_20261004T161823Z/query_timing_stackoverflow_1gb.csv
Per-copy samples appended to logs/compare/warm_stepup/compare_server001_s1_20261004T161823Z/query_samples_stackoverflow_1gb.csv
Idle baselines appended to logs/compare/warm_stepup/compare_server001_s1_20261004T161823Z/query_idle_stackoverflow_1gb.csv
Machine identity appended to logs/compare/warm_stepup/compare_server001_s1_20261004T161823Z/query_runinfo_stackoverflow_1gb.csv
Last batch ended at epoch 1791136331.104 (PREV_END_EPOCH for the next invocation)
===== [152/324] queries/stackoverflow/SQLStorm/11211.sql run_id=70542835638C2330 =====
query_runner configuration:
  QUERY_DIR         = queries/stackoverflow/SQLStorm/11211.sql
  LOGS_DIR          = logs/compare/warm_stepup/compare_server001_s1_20261004T161823Z  (query_timing_/query_samples_/query_catalog_stackoverflow_1gb.csv)
  DB_NAME / DB_USER = stackoverflow_1gb / postgres
  PGPORT            = 5432  (server reports 18.6)
  RUN_ID            = 70542835638C2330
  WARMUP            = 2 single-copy warm-ups (the first primes the cache)
  BATCH_SIZES       = 1 16  x RUNS=1 measured batches each
  WORKERS           = (planner default)
  STATEMENT_TIMEOUT = 15
  THERMAL_EQUALISE  = gate (T_LO=40 T_HI=60 preheat<=60s cooldown<=120s)
  sensors           = pkg:/sys/class/hwmon/hwmon8/temp1_input cores:4 cpufreq:8 throttle:8/8
  WARMUP_FAIL_SKIP  = on (a failed warm-up skips the query's measured batches)
  IDLE_BASELINE_S   = 5.0 s before each query's measured batches
  SIGLESS_ADDR      = (disabled)
Found 1 query under queries/stackoverflow/SQLStorm/11211.sql

RAPL: powercap, 1 package, domains: pkg core gpu/uncore dram

[1/1] queries/stackoverflow/SQLStorm/11211.sql (2 warmup + step-up 1 16 x1)
  warmup 1/2: 4.494752 sec (cache prime)
  warmup 2/2: 3.814644 sec
  idle baseline: 5.0s, package 0.499 W, dram 0.258 W
  N=1   batch 1/1: 3.678039 sec, 1 copy (server sum 3620.180 ms)
  N=16  batch 1/1: 58.058225 sec, 16 copies (server sum 57969.818 ms)
  done: 2 sizes x 1 run (0 failures)

Done. Batch rows appended to logs/compare/warm_stepup/compare_server001_s1_20261004T161823Z/query_timing_stackoverflow_1gb.csv
Per-copy samples appended to logs/compare/warm_stepup/compare_server001_s1_20261004T161823Z/query_samples_stackoverflow_1gb.csv
Idle baselines appended to logs/compare/warm_stepup/compare_server001_s1_20261004T161823Z/query_idle_stackoverflow_1gb.csv
Machine identity appended to logs/compare/warm_stepup/compare_server001_s1_20261004T161823Z/query_runinfo_stackoverflow_1gb.csv
Last batch ended at epoch 1791136409.726 (PREV_END_EPOCH for the next invocation)
===== [153/324] queries/stackoverflow/SQLStorm/17234.sql run_id=0716636213E81C4F =====
query_runner configuration:
  QUERY_DIR         = queries/stackoverflow/SQLStorm/17234.sql
  LOGS_DIR          = logs/compare/warm_stepup/compare_server001_s1_20261004T161823Z  (query_timing_/query_samples_/query_catalog_stackoverflow_1gb.csv)
  DB_NAME / DB_USER = stackoverflow_1gb / postgres
  PGPORT            = 5432  (server reports 18.6)
  RUN_ID            = 0716636213E81C4F
  WARMUP            = 2 single-copy warm-ups (the first primes the cache)
  BATCH_SIZES       = 1 16  x RUNS=1 measured batches each
  WORKERS           = (planner default)
  STATEMENT_TIMEOUT = 15
  THERMAL_EQUALISE  = gate (T_LO=40 T_HI=60 preheat<=60s cooldown<=120s)
  sensors           = pkg:/sys/class/hwmon/hwmon8/temp1_input cores:4 cpufreq:8 throttle:8/8
  WARMUP_FAIL_SKIP  = on (a failed warm-up skips the query's measured batches)
  IDLE_BASELINE_S   = 5.0 s before each query's measured batches
  SIGLESS_ADDR      = (disabled)
Found 1 query under queries/stackoverflow/SQLStorm/17234.sql

RAPL: powercap, 1 package, domains: pkg core gpu/uncore dram

[1/1] queries/stackoverflow/SQLStorm/17234.sql (2 warmup + step-up 1 16 x1)
  warmup 1/2: 0.702558 sec (cache prime)
  warmup 2/2: 0.565345 sec
  idle baseline: 5.0s, package 0.472 W, dram 0.255 W
  N=1   batch 1/1: 0.566555 sec, 1 copy (server sum 510.576 ms)
  N=16  batch 1/1: 7.616851 sec, 16 copies (server sum 7523.242 ms)
  done: 2 sizes x 1 run (0 failures)

Done. Batch rows appended to logs/compare/warm_stepup/compare_server001_s1_20261004T161823Z/query_timing_stackoverflow_1gb.csv
Per-copy samples appended to logs/compare/warm_stepup/compare_server001_s1_20261004T161823Z/query_samples_stackoverflow_1gb.csv
Idle baselines appended to logs/compare/warm_stepup/compare_server001_s1_20261004T161823Z/query_idle_stackoverflow_1gb.csv
Machine identity appended to logs/compare/warm_stepup/compare_server001_s1_20261004T161823Z/query_runinfo_stackoverflow_1gb.csv
Last batch ended at epoch 1791136427.573 (PREV_END_EPOCH for the next invocation)
===== [154/324] compare/probes/probe_hash.sql run_id=C26202290B6997A0 =====
query_runner configuration:
  QUERY_DIR         = compare/probes/probe_hash.sql
  LOGS_DIR          = logs/compare/warm_stepup/compare_server001_s1_20261004T161823Z  (query_timing_/query_samples_/query_catalog_stackoverflow_1gb.csv)
  DB_NAME / DB_USER = stackoverflow_1gb / postgres
  PGPORT            = 5432  (server reports 18.6)
  RUN_ID            = C26202290B6997A0
  WARMUP            = 2 single-copy warm-ups (the first primes the cache)
  BATCH_SIZES       = 1 16  x RUNS=1 measured batches each
  WORKERS           = (planner default)
  STATEMENT_TIMEOUT = 15
  THERMAL_EQUALISE  = gate (T_LO=40 T_HI=60 preheat<=60s cooldown<=120s)
  sensors           = pkg:/sys/class/hwmon/hwmon8/temp1_input cores:4 cpufreq:8 throttle:8/8
  WARMUP_FAIL_SKIP  = on (a failed warm-up skips the query's measured batches)
  IDLE_BASELINE_S   = 5.0 s before each query's measured batches
  SIGLESS_ADDR      = (disabled)
Found 1 query under compare/probes/probe_hash.sql

RAPL: powercap, 1 package, domains: pkg core gpu/uncore dram

[1/1] compare/probes/probe_hash.sql (2 warmup + step-up 1 16 x1)
  warmup 1/2: 1.883975 sec (cache prime)
  warmup 2/2: 1.616404 sec
  idle baseline: 5.0s, package 0.490 W, dram 0.256 W
  N=1   batch 1/1: 1.614926 sec, 0 copies
  N=16  batch 1/1: 24.506663 sec, 0 copies
  done: 2 sizes x 1 run (0 failures)

Done. Batch rows appended to logs/compare/warm_stepup/compare_server001_s1_20261004T161823Z/query_timing_stackoverflow_1gb.csv
Per-copy samples appended to logs/compare/warm_stepup/compare_server001_s1_20261004T161823Z/query_samples_stackoverflow_1gb.csv
Idle baselines appended to logs/compare/warm_stepup/compare_server001_s1_20261004T161823Z/query_idle_stackoverflow_1gb.csv
Machine identity appended to logs/compare/warm_stepup/compare_server001_s1_20261004T161823Z/query_runinfo_stackoverflow_1gb.csv
Last batch ended at epoch 1791136465.846 (PREV_END_EPOCH for the next invocation)
===== [155/324] queries/stackoverflow/SQLStorm/5502.sql run_id=3BDA48B09C09D65D =====
query_runner configuration:
  QUERY_DIR         = queries/stackoverflow/SQLStorm/5502.sql
  LOGS_DIR          = logs/compare/warm_stepup/compare_server001_s1_20261004T161823Z  (query_timing_/query_samples_/query_catalog_stackoverflow_1gb.csv)
  DB_NAME / DB_USER = stackoverflow_1gb / postgres
  PGPORT            = 5432  (server reports 18.6)
  RUN_ID            = 3BDA48B09C09D65D
  WARMUP            = 2 single-copy warm-ups (the first primes the cache)
  BATCH_SIZES       = 1 16  x RUNS=1 measured batches each
  WORKERS           = (planner default)
  STATEMENT_TIMEOUT = 15
  THERMAL_EQUALISE  = gate (T_LO=40 T_HI=60 preheat<=60s cooldown<=120s)
  sensors           = pkg:/sys/class/hwmon/hwmon8/temp1_input cores:4 cpufreq:8 throttle:8/8
  WARMUP_FAIL_SKIP  = on (a failed warm-up skips the query's measured batches)
  IDLE_BASELINE_S   = 5.0 s before each query's measured batches
  SIGLESS_ADDR      = (disabled)
Found 1 query under queries/stackoverflow/SQLStorm/5502.sql

RAPL: powercap, 1 package, domains: pkg core gpu/uncore dram

[1/1] queries/stackoverflow/SQLStorm/5502.sql (2 warmup + step-up 1 16 x1)
  warmup 1/2: 0.951473 sec (cache prime)
  warmup 2/2: 0.676041 sec
  idle baseline: 5.0s, package 0.453 W, dram 0.256 W
  N=1   batch 1/1: 0.680545 sec, 1 copy (server sum 623.851 ms)
  N=16  batch 1/1: 9.756139 sec, 16 copies (server sum 9678.472 ms)
  done: 2 sizes x 1 run (0 failures)

Done. Batch rows appended to logs/compare/warm_stepup/compare_server001_s1_20261004T161823Z/query_timing_stackoverflow_1gb.csv
Per-copy samples appended to logs/compare/warm_stepup/compare_server001_s1_20261004T161823Z/query_samples_stackoverflow_1gb.csv
Idle baselines appended to logs/compare/warm_stepup/compare_server001_s1_20261004T161823Z/query_idle_stackoverflow_1gb.csv
Machine identity appended to logs/compare/warm_stepup/compare_server001_s1_20261004T161823Z/query_runinfo_stackoverflow_1gb.csv
Last batch ended at epoch 1791136486.311 (PREV_END_EPOCH for the next invocation)
===== [156/324] queries/stackoverflow/SQLStorm/21497.sql run_id=43B47E0D75521720 =====
query_runner configuration:
  QUERY_DIR         = queries/stackoverflow/SQLStorm/21497.sql
  LOGS_DIR          = logs/compare/warm_stepup/compare_server001_s1_20261004T161823Z  (query_timing_/query_samples_/query_catalog_stackoverflow_1gb.csv)
  DB_NAME / DB_USER = stackoverflow_1gb / postgres
  PGPORT            = 5432  (server reports 18.6)
  RUN_ID            = 43B47E0D75521720
  WARMUP            = 2 single-copy warm-ups (the first primes the cache)
  BATCH_SIZES       = 1 16  x RUNS=1 measured batches each
  WORKERS           = (planner default)
  STATEMENT_TIMEOUT = 15
  THERMAL_EQUALISE  = gate (T_LO=40 T_HI=60 preheat<=60s cooldown<=120s)
  sensors           = pkg:/sys/class/hwmon/hwmon8/temp1_input cores:4 cpufreq:8 throttle:8/8
  WARMUP_FAIL_SKIP  = on (a failed warm-up skips the query's measured batches)
  IDLE_BASELINE_S   = 5.0 s before each query's measured batches
  SIGLESS_ADDR      = (disabled)
Found 1 query under queries/stackoverflow/SQLStorm/21497.sql

RAPL: powercap, 1 package, domains: pkg core gpu/uncore dram

[1/1] queries/stackoverflow/SQLStorm/21497.sql (2 warmup + step-up 1 16 x1)
  warmup 1/2: 1.445669 sec (cache prime)
  warmup 2/2: 0.878589 sec
  idle baseline: 5.0s, package 0.474 W, dram 0.257 W
  N=1   batch 1/1: 0.875736 sec, 1 copy (server sum 817.044 ms)
  N=16  batch 1/1: 12.476555 sec, 16 copies (server sum 12341.975 ms)
  done: 2 sizes x 1 run (0 failures)

Done. Batch rows appended to logs/compare/warm_stepup/compare_server001_s1_20261004T161823Z/query_timing_stackoverflow_1gb.csv
Per-copy samples appended to logs/compare/warm_stepup/compare_server001_s1_20261004T161823Z/query_samples_stackoverflow_1gb.csv
Idle baselines appended to logs/compare/warm_stepup/compare_server001_s1_20261004T161823Z/query_idle_stackoverflow_1gb.csv
Machine identity appended to logs/compare/warm_stepup/compare_server001_s1_20261004T161823Z/query_runinfo_stackoverflow_1gb.csv
Last batch ended at epoch 1791136510.555 (PREV_END_EPOCH for the next invocation)
===== [157/324] queries/stackoverflow/SQLStorm/13512.sql run_id=74A25EBE6429C816 =====
query_runner configuration:
  QUERY_DIR         = queries/stackoverflow/SQLStorm/13512.sql
  LOGS_DIR          = logs/compare/warm_stepup/compare_server001_s1_20261004T161823Z  (query_timing_/query_samples_/query_catalog_stackoverflow_1gb.csv)
  DB_NAME / DB_USER = stackoverflow_1gb / postgres
  PGPORT            = 5432  (server reports 18.6)
  RUN_ID            = 74A25EBE6429C816
  WARMUP            = 2 single-copy warm-ups (the first primes the cache)
  BATCH_SIZES       = 1 16  x RUNS=1 measured batches each
  WORKERS           = (planner default)
  STATEMENT_TIMEOUT = 15
  THERMAL_EQUALISE  = gate (T_LO=40 T_HI=60 preheat<=60s cooldown<=120s)
  sensors           = pkg:/sys/class/hwmon/hwmon8/temp1_input cores:4 cpufreq:8 throttle:8/8
  WARMUP_FAIL_SKIP  = on (a failed warm-up skips the query's measured batches)
  IDLE_BASELINE_S   = 5.0 s before each query's measured batches
  SIGLESS_ADDR      = (disabled)
Found 1 query under queries/stackoverflow/SQLStorm/13512.sql

RAPL: powercap, 1 package, domains: pkg core gpu/uncore dram

[1/1] queries/stackoverflow/SQLStorm/13512.sql (2 warmup + step-up 1 16 x1)
  warmup 1/2: 9.003581 sec (cache prime)
  warmup 2/2: 5.685539 sec
  idle baseline: 5.0s, package 0.431 W, dram 0.254 W
  N=1   batch 1/1: 5.693582 sec, 1 copy (server sum 5636.465 ms)
  N=16  batch 1/1: 89.202568 sec, 16 copies (server sum 89121.496 ms)
  done: 2 sizes x 1 run (0 failures)

Done. Batch rows appended to logs/compare/warm_stepup/compare_server001_s1_20261004T161823Z/query_timing_stackoverflow_1gb.csv
Per-copy samples appended to logs/compare/warm_stepup/compare_server001_s1_20261004T161823Z/query_samples_stackoverflow_1gb.csv
Idle baselines appended to logs/compare/warm_stepup/compare_server001_s1_20261004T161823Z/query_idle_stackoverflow_1gb.csv
Machine identity appended to logs/compare/warm_stepup/compare_server001_s1_20261004T161823Z/query_runinfo_stackoverflow_1gb.csv
Last batch ended at epoch 1791136628.619 (PREV_END_EPOCH for the next invocation)
===== [158/324] queries/stackoverflow/SQLStorm/11471.sql run_id=1AD6CABBDE4AC0D3 =====
query_runner configuration:
  QUERY_DIR         = queries/stackoverflow/SQLStorm/11471.sql
  LOGS_DIR          = logs/compare/warm_stepup/compare_server001_s1_20261004T161823Z  (query_timing_/query_samples_/query_catalog_stackoverflow_1gb.csv)
  DB_NAME / DB_USER = stackoverflow_1gb / postgres
  PGPORT            = 5432  (server reports 18.6)
  RUN_ID            = 1AD6CABBDE4AC0D3
  WARMUP            = 2 single-copy warm-ups (the first primes the cache)
  BATCH_SIZES       = 1 16  x RUNS=1 measured batches each
  WORKERS           = (planner default)
  STATEMENT_TIMEOUT = 15
  THERMAL_EQUALISE  = gate (T_LO=40 T_HI=60 preheat<=60s cooldown<=120s)
  sensors           = pkg:/sys/class/hwmon/hwmon8/temp1_input cores:4 cpufreq:8 throttle:8/8
  WARMUP_FAIL_SKIP  = on (a failed warm-up skips the query's measured batches)
  IDLE_BASELINE_S   = 5.0 s before each query's measured batches
  SIGLESS_ADDR      = (disabled)
Found 1 query under queries/stackoverflow/SQLStorm/11471.sql

RAPL: powercap, 1 package, domains: pkg core gpu/uncore dram

[1/1] queries/stackoverflow/SQLStorm/11471.sql (2 warmup + step-up 1 16 x1)
  warmup 1/2: 2.009685 sec (cache prime)
  warmup 2/2: 1.826465 sec
  idle baseline: 5.0s, package 0.476 W, dram 0.255 W
  N=1   batch 1/1: 1.828125 sec, 1 copy (server sum 1771.266 ms)
  N=16  batch 1/1: 26.874144 sec, 16 copies (server sum 26795.918 ms)
  done: 2 sizes x 1 run (0 failures)

Done. Batch rows appended to logs/compare/warm_stepup/compare_server001_s1_20261004T161823Z/query_timing_stackoverflow_1gb.csv
Per-copy samples appended to logs/compare/warm_stepup/compare_server001_s1_20261004T161823Z/query_samples_stackoverflow_1gb.csv
Idle baselines appended to logs/compare/warm_stepup/compare_server001_s1_20261004T161823Z/query_idle_stackoverflow_1gb.csv
Machine identity appended to logs/compare/warm_stepup/compare_server001_s1_20261004T161823Z/query_runinfo_stackoverflow_1gb.csv
Last batch ended at epoch 1791136669.739 (PREV_END_EPOCH for the next invocation)
===== [159/324] queries/stackoverflow/SQLStorm/7184.sql run_id=2BAAA4BDDC135B29 =====
query_runner configuration:
  QUERY_DIR         = queries/stackoverflow/SQLStorm/7184.sql
  LOGS_DIR          = logs/compare/warm_stepup/compare_server001_s1_20261004T161823Z  (query_timing_/query_samples_/query_catalog_stackoverflow_1gb.csv)
  DB_NAME / DB_USER = stackoverflow_1gb / postgres
  PGPORT            = 5432  (server reports 18.6)
  RUN_ID            = 2BAAA4BDDC135B29
  WARMUP            = 2 single-copy warm-ups (the first primes the cache)
  BATCH_SIZES       = 1 16  x RUNS=1 measured batches each
  WORKERS           = (planner default)
  STATEMENT_TIMEOUT = 15
  THERMAL_EQUALISE  = gate (T_LO=40 T_HI=60 preheat<=60s cooldown<=120s)
  sensors           = pkg:/sys/class/hwmon/hwmon8/temp1_input cores:4 cpufreq:8 throttle:8/8
  WARMUP_FAIL_SKIP  = on (a failed warm-up skips the query's measured batches)
  IDLE_BASELINE_S   = 5.0 s before each query's measured batches
  SIGLESS_ADDR      = (disabled)
Found 1 query under queries/stackoverflow/SQLStorm/7184.sql

RAPL: powercap, 1 package, domains: pkg core gpu/uncore dram

[1/1] queries/stackoverflow/SQLStorm/7184.sql (2 warmup + step-up 1 16 x1)
  warmup 1/2: 0.351061 sec (cache prime)
  warmup 2/2: 0.209163 sec
  idle baseline: 5.0s, package 0.520 W, dram 0.256 W
  N=1   batch 1/1: 0.208625 sec, 1 copy (server sum 152.545 ms)
  N=16  batch 1/1: 2.175906 sec, 16 copies (server sum 2106.008 ms)
  done: 2 sizes x 1 run (0 failures)

Done. Batch rows appended to logs/compare/warm_stepup/compare_server001_s1_20261004T161823Z/query_timing_stackoverflow_1gb.csv
Per-copy samples appended to logs/compare/warm_stepup/compare_server001_s1_20261004T161823Z/query_samples_stackoverflow_1gb.csv
Idle baselines appended to logs/compare/warm_stepup/compare_server001_s1_20261004T161823Z/query_idle_stackoverflow_1gb.csv
Machine identity appended to logs/compare/warm_stepup/compare_server001_s1_20261004T161823Z/query_runinfo_stackoverflow_1gb.csv
Last batch ended at epoch 1791136681.149 (PREV_END_EPOCH for the next invocation)
===== [160/324] queries/stackoverflow/SQLStorm/11397.sql run_id=13E592E7B6744114 =====
query_runner configuration:
  QUERY_DIR         = queries/stackoverflow/SQLStorm/11397.sql
  LOGS_DIR          = logs/compare/warm_stepup/compare_server001_s1_20261004T161823Z  (query_timing_/query_samples_/query_catalog_stackoverflow_1gb.csv)
  DB_NAME / DB_USER = stackoverflow_1gb / postgres
  PGPORT            = 5432  (server reports 18.6)
  RUN_ID            = 13E592E7B6744114
  WARMUP            = 2 single-copy warm-ups (the first primes the cache)
  BATCH_SIZES       = 1 16  x RUNS=1 measured batches each
  WORKERS           = (planner default)
  STATEMENT_TIMEOUT = 15
  THERMAL_EQUALISE  = gate (T_LO=40 T_HI=60 preheat<=60s cooldown<=120s)
  sensors           = pkg:/sys/class/hwmon/hwmon8/temp1_input cores:4 cpufreq:8 throttle:8/8
  WARMUP_FAIL_SKIP  = on (a failed warm-up skips the query's measured batches)
  IDLE_BASELINE_S   = 5.0 s before each query's measured batches
  SIGLESS_ADDR      = (disabled)
Found 1 query under queries/stackoverflow/SQLStorm/11397.sql

RAPL: powercap, 1 package, domains: pkg core gpu/uncore dram

[1/1] queries/stackoverflow/SQLStorm/11397.sql (2 warmup + step-up 1 16 x1)
  warmup 1/2: 1.856108 sec (cache prime)
  warmup 2/2: 1.490916 sec
  idle baseline: 5.0s, package 0.404 W, dram 0.255 W
  N=1   batch 1/1: 1.486810 sec, 1 copy (server sum 1429.965 ms)
  N=16  batch 1/1: 22.732650 sec, 16 copies (server sum 22654.589 ms)
  done: 2 sizes x 1 run (0 failures)

Done. Batch rows appended to logs/compare/warm_stepup/compare_server001_s1_20261004T161823Z/query_timing_stackoverflow_1gb.csv
Per-copy samples appended to logs/compare/warm_stepup/compare_server001_s1_20261004T161823Z/query_samples_stackoverflow_1gb.csv
Idle baselines appended to logs/compare/warm_stepup/compare_server001_s1_20261004T161823Z/query_idle_stackoverflow_1gb.csv
Machine identity appended to logs/compare/warm_stepup/compare_server001_s1_20261004T161823Z/query_runinfo_stackoverflow_1gb.csv
Last batch ended at epoch 1791136717.210 (PREV_END_EPOCH for the next invocation)
===== [161/324] queries/stackoverflow/SQLStorm/1959.sql run_id=C1E41A83B91C1CF5 =====
query_runner configuration:
  QUERY_DIR         = queries/stackoverflow/SQLStorm/1959.sql
  LOGS_DIR          = logs/compare/warm_stepup/compare_server001_s1_20261004T161823Z  (query_timing_/query_samples_/query_catalog_stackoverflow_1gb.csv)
  DB_NAME / DB_USER = stackoverflow_1gb / postgres
  PGPORT            = 5432  (server reports 18.6)
  RUN_ID            = C1E41A83B91C1CF5
  WARMUP            = 2 single-copy warm-ups (the first primes the cache)
  BATCH_SIZES       = 1 16  x RUNS=1 measured batches each
  WORKERS           = (planner default)
  STATEMENT_TIMEOUT = 15
  THERMAL_EQUALISE  = gate (T_LO=40 T_HI=60 preheat<=60s cooldown<=120s)
  sensors           = pkg:/sys/class/hwmon/hwmon8/temp1_input cores:4 cpufreq:8 throttle:8/8
  WARMUP_FAIL_SKIP  = on (a failed warm-up skips the query's measured batches)
  IDLE_BASELINE_S   = 5.0 s before each query's measured batches
  SIGLESS_ADDR      = (disabled)
Found 1 query under queries/stackoverflow/SQLStorm/1959.sql

RAPL: powercap, 1 package, domains: pkg core gpu/uncore dram

[1/1] queries/stackoverflow/SQLStorm/1959.sql (2 warmup + step-up 1 16 x1)
  warmup 1/2: 2.288817 sec (cache prime)
  warmup 2/2: 2.053747 sec
  idle baseline: 5.0s, package 0.462 W, dram 0.255 W
  N=1   batch 1/1: 2.056119 sec, 1 copy (server sum 1999.300 ms)
  N=16  batch 1/1: 31.089071 sec, 16 copies (server sum 31010.757 ms)
  done: 2 sizes x 1 run (0 failures)

Done. Batch rows appended to logs/compare/warm_stepup/compare_server001_s1_20261004T161823Z/query_timing_stackoverflow_1gb.csv
Per-copy samples appended to logs/compare/warm_stepup/compare_server001_s1_20261004T161823Z/query_samples_stackoverflow_1gb.csv
Idle baselines appended to logs/compare/warm_stepup/compare_server001_s1_20261004T161823Z/query_idle_stackoverflow_1gb.csv
Machine identity appended to logs/compare/warm_stepup/compare_server001_s1_20261004T161823Z/query_runinfo_stackoverflow_1gb.csv
Last batch ended at epoch 1791136763.339 (PREV_END_EPOCH for the next invocation)
===== [162/324] queries/stackoverflow/SQLStorm/4452.sql run_id=821E27A87FAE088D =====
query_runner configuration:
  QUERY_DIR         = queries/stackoverflow/SQLStorm/4452.sql
  LOGS_DIR          = logs/compare/warm_stepup/compare_server001_s1_20261004T161823Z  (query_timing_/query_samples_/query_catalog_stackoverflow_1gb.csv)
  DB_NAME / DB_USER = stackoverflow_1gb / postgres
  PGPORT            = 5432  (server reports 18.6)
  RUN_ID            = 821E27A87FAE088D
  WARMUP            = 2 single-copy warm-ups (the first primes the cache)
  BATCH_SIZES       = 1 16  x RUNS=1 measured batches each
  WORKERS           = (planner default)
  STATEMENT_TIMEOUT = 15
  THERMAL_EQUALISE  = gate (T_LO=40 T_HI=60 preheat<=60s cooldown<=120s)
  sensors           = pkg:/sys/class/hwmon/hwmon8/temp1_input cores:4 cpufreq:8 throttle:8/8
  WARMUP_FAIL_SKIP  = on (a failed warm-up skips the query's measured batches)
  IDLE_BASELINE_S   = 5.0 s before each query's measured batches
  SIGLESS_ADDR      = (disabled)
Found 1 query under queries/stackoverflow/SQLStorm/4452.sql

RAPL: powercap, 1 package, domains: pkg core gpu/uncore dram

[1/1] queries/stackoverflow/SQLStorm/4452.sql (2 warmup + step-up 1 16 x1)
  warmup 1/2: 0.877904 sec (cache prime)
  warmup 2/2: 0.279220 sec
  idle baseline: 5.0s, package 0.455 W, dram 0.255 W
  N=1   batch 1/1: 0.280042 sec, 1 copy (server sum 222.949 ms)
  N=16  batch 1/1: 3.133437 sec, 16 copies (server sum 3054.253 ms)
  done: 2 sizes x 1 run (0 failures)

Done. Batch rows appended to logs/compare/warm_stepup/compare_server001_s1_20261004T161823Z/query_timing_stackoverflow_1gb.csv
Per-copy samples appended to logs/compare/warm_stepup/compare_server001_s1_20261004T161823Z/query_samples_stackoverflow_1gb.csv
Idle baselines appended to logs/compare/warm_stepup/compare_server001_s1_20261004T161823Z/query_idle_stackoverflow_1gb.csv
Machine identity appended to logs/compare/warm_stepup/compare_server001_s1_20261004T161823Z/query_runinfo_stackoverflow_1gb.csv
Last batch ended at epoch 1791136776.356 (PREV_END_EPOCH for the next invocation)
===== [163/324] queries/stackoverflow/SQLStorm/20804.sql run_id=82DFCE026D586CA2 =====
query_runner configuration:
  QUERY_DIR         = queries/stackoverflow/SQLStorm/20804.sql
  LOGS_DIR          = logs/compare/warm_stepup/compare_server001_s1_20261004T161823Z  (query_timing_/query_samples_/query_catalog_stackoverflow_1gb.csv)
  DB_NAME / DB_USER = stackoverflow_1gb / postgres
  PGPORT            = 5432  (server reports 18.6)
  RUN_ID            = 82DFCE026D586CA2
  WARMUP            = 2 single-copy warm-ups (the first primes the cache)
  BATCH_SIZES       = 1 16  x RUNS=1 measured batches each
  WORKERS           = (planner default)
  STATEMENT_TIMEOUT = 15
  THERMAL_EQUALISE  = gate (T_LO=40 T_HI=60 preheat<=60s cooldown<=120s)
  sensors           = pkg:/sys/class/hwmon/hwmon8/temp1_input cores:4 cpufreq:8 throttle:8/8
  WARMUP_FAIL_SKIP  = on (a failed warm-up skips the query's measured batches)
  IDLE_BASELINE_S   = 5.0 s before each query's measured batches
  SIGLESS_ADDR      = (disabled)
Found 1 query under queries/stackoverflow/SQLStorm/20804.sql

RAPL: powercap, 1 package, domains: pkg core gpu/uncore dram

[1/1] queries/stackoverflow/SQLStorm/20804.sql (2 warmup + step-up 1 16 x1)
  warmup 1/2: 1.206649 sec (cache prime)
  warmup 2/2: 0.858283 sec
  idle baseline: 5.0s, package 0.474 W, dram 0.256 W
  N=1   batch 1/1: 0.857420 sec, 1 copy (server sum 798.279 ms)
  N=16  batch 1/1: 11.629942 sec, 16 copies (server sum 11538.385 ms)
  done: 2 sizes x 1 run (0 failures)

Done. Batch rows appended to logs/compare/warm_stepup/compare_server001_s1_20261004T161823Z/query_timing_stackoverflow_1gb.csv
Per-copy samples appended to logs/compare/warm_stepup/compare_server001_s1_20261004T161823Z/query_samples_stackoverflow_1gb.csv
Idle baselines appended to logs/compare/warm_stepup/compare_server001_s1_20261004T161823Z/query_idle_stackoverflow_1gb.csv
Machine identity appended to logs/compare/warm_stepup/compare_server001_s1_20261004T161823Z/query_runinfo_stackoverflow_1gb.csv
Last batch ended at epoch 1791136799.580 (PREV_END_EPOCH for the next invocation)
===== [164/324] queries/stackoverflow/SQLStorm/10646.sql run_id=9D8B3F9A827E6AF2 =====
query_runner configuration:
  QUERY_DIR         = queries/stackoverflow/SQLStorm/10646.sql
  LOGS_DIR          = logs/compare/warm_stepup/compare_server001_s1_20261004T161823Z  (query_timing_/query_samples_/query_catalog_stackoverflow_1gb.csv)
  DB_NAME / DB_USER = stackoverflow_1gb / postgres
  PGPORT            = 5432  (server reports 18.6)
  RUN_ID            = 9D8B3F9A827E6AF2
  WARMUP            = 2 single-copy warm-ups (the first primes the cache)
  BATCH_SIZES       = 1 16  x RUNS=1 measured batches each
  WORKERS           = (planner default)
  STATEMENT_TIMEOUT = 15
  THERMAL_EQUALISE  = gate (T_LO=40 T_HI=60 preheat<=60s cooldown<=120s)
  sensors           = pkg:/sys/class/hwmon/hwmon8/temp1_input cores:4 cpufreq:8 throttle:8/8
  WARMUP_FAIL_SKIP  = on (a failed warm-up skips the query's measured batches)
  IDLE_BASELINE_S   = 5.0 s before each query's measured batches
  SIGLESS_ADDR      = (disabled)
Found 1 query under queries/stackoverflow/SQLStorm/10646.sql

RAPL: powercap, 1 package, domains: pkg core gpu/uncore dram

[1/1] queries/stackoverflow/SQLStorm/10646.sql (2 warmup + step-up 1 16 x1)
  warmup 1/2: 0.385520 sec (cache prime)
  warmup 2/2: 0.221979 sec
  idle baseline: 5.0s, package 0.453 W, dram 0.256 W
  N=1   batch 1/1: 0.216378 sec, 1 copy (server sum 161.175 ms)
  N=16  batch 1/1: 2.692171 sec, 16 copies (server sum 2623.682 ms)
  done: 2 sizes x 1 run (0 failures)

Done. Batch rows appended to logs/compare/warm_stepup/compare_server001_s1_20261004T161823Z/query_timing_stackoverflow_1gb.csv
Per-copy samples appended to logs/compare/warm_stepup/compare_server001_s1_20261004T161823Z/query_samples_stackoverflow_1gb.csv
Idle baselines appended to logs/compare/warm_stepup/compare_server001_s1_20261004T161823Z/query_idle_stackoverflow_1gb.csv
Machine identity appended to logs/compare/warm_stepup/compare_server001_s1_20261004T161823Z/query_runinfo_stackoverflow_1gb.csv
Last batch ended at epoch 1791136811.772 (PREV_END_EPOCH for the next invocation)
===== [165/324] compare/probes/probe_scan.sql run_id=2D8886D751E58607 =====
query_runner configuration:
  QUERY_DIR         = compare/probes/probe_scan.sql
  LOGS_DIR          = logs/compare/warm_stepup/compare_server001_s1_20261004T161823Z  (query_timing_/query_samples_/query_catalog_stackoverflow_1gb.csv)
  DB_NAME / DB_USER = stackoverflow_1gb / postgres
  PGPORT            = 5432  (server reports 18.6)
  RUN_ID            = 2D8886D751E58607
  WARMUP            = 2 single-copy warm-ups (the first primes the cache)
  BATCH_SIZES       = 1 16  x RUNS=1 measured batches each
  WORKERS           = (planner default)
  STATEMENT_TIMEOUT = 15
  THERMAL_EQUALISE  = gate (T_LO=40 T_HI=60 preheat<=60s cooldown<=120s)
  sensors           = pkg:/sys/class/hwmon/hwmon8/temp1_input cores:4 cpufreq:8 throttle:8/8
  WARMUP_FAIL_SKIP  = on (a failed warm-up skips the query's measured batches)
  IDLE_BASELINE_S   = 5.0 s before each query's measured batches
  SIGLESS_ADDR      = (disabled)
Found 1 query under compare/probes/probe_scan.sql

RAPL: powercap, 1 package, domains: pkg core gpu/uncore dram

[1/1] compare/probes/probe_scan.sql (2 warmup + step-up 1 16 x1)
  warmup 1/2: 3.122070 sec (cache prime)
  warmup 2/2: 2.834194 sec
  idle baseline: 5.0s, package 0.483 W, dram 0.256 W
  N=1   batch 1/1: 2.831145 sec, 0 copies
  N=16  batch 1/1: 44.330980 sec, 0 copies
  done: 2 sizes x 1 run (0 failures)

Done. Batch rows appended to logs/compare/warm_stepup/compare_server001_s1_20261004T161823Z/query_timing_stackoverflow_1gb.csv
Per-copy samples appended to logs/compare/warm_stepup/compare_server001_s1_20261004T161823Z/query_samples_stackoverflow_1gb.csv
Idle baselines appended to logs/compare/warm_stepup/compare_server001_s1_20261004T161823Z/query_idle_stackoverflow_1gb.csv
Machine identity appended to logs/compare/warm_stepup/compare_server001_s1_20261004T161823Z/query_runinfo_stackoverflow_1gb.csv
Last batch ended at epoch 1791136873.471 (PREV_END_EPOCH for the next invocation)
===== [166/324] queries/stackoverflow/SQLStorm/25357.sql run_id=76BE65F7EF071889 =====
query_runner configuration:
  QUERY_DIR         = queries/stackoverflow/SQLStorm/25357.sql
  LOGS_DIR          = logs/compare/warm_stepup/compare_server001_s1_20261004T161823Z  (query_timing_/query_samples_/query_catalog_stackoverflow_1gb.csv)
  DB_NAME / DB_USER = stackoverflow_1gb / postgres
  PGPORT            = 5432  (server reports 18.6)
  RUN_ID            = 76BE65F7EF071889
  WARMUP            = 2 single-copy warm-ups (the first primes the cache)
  BATCH_SIZES       = 1 16  x RUNS=1 measured batches each
  WORKERS           = (planner default)
  STATEMENT_TIMEOUT = 15
  THERMAL_EQUALISE  = gate (T_LO=40 T_HI=60 preheat<=60s cooldown<=120s)
  sensors           = pkg:/sys/class/hwmon/hwmon8/temp1_input cores:4 cpufreq:8 throttle:8/8
  WARMUP_FAIL_SKIP  = on (a failed warm-up skips the query's measured batches)
  IDLE_BASELINE_S   = 5.0 s before each query's measured batches
  SIGLESS_ADDR      = (disabled)
Found 1 query under queries/stackoverflow/SQLStorm/25357.sql

RAPL: powercap, 1 package, domains: pkg core gpu/uncore dram

[1/1] queries/stackoverflow/SQLStorm/25357.sql (2 warmup + step-up 1 16 x1)
  thermal gate: waited 2s -> 60.0 C
  warmup 1/2: 2.622835 sec (cache prime)
  warmup 2/2: 2.417099 sec
  idle baseline: 5.0s, package 0.496 W, dram 0.256 W
  N=1   batch 1/1: 2.409314 sec, 1 copy (server sum 2352.039 ms)
  N=16  batch 1/1: 35.768213 sec, 16 copies (server sum 35689.572 ms)
  done: 2 sizes x 1 run (0 failures)

Done. Batch rows appended to logs/compare/warm_stepup/compare_server001_s1_20261004T161823Z/query_timing_stackoverflow_1gb.csv
Per-copy samples appended to logs/compare/warm_stepup/compare_server001_s1_20261004T161823Z/query_samples_stackoverflow_1gb.csv
Idle baselines appended to logs/compare/warm_stepup/compare_server001_s1_20261004T161823Z/query_idle_stackoverflow_1gb.csv
Machine identity appended to logs/compare/warm_stepup/compare_server001_s1_20261004T161823Z/query_runinfo_stackoverflow_1gb.csv
Last batch ended at epoch 1791136927.419 (PREV_END_EPOCH for the next invocation)
===== [167/324] queries/stackoverflow/SQLStorm/6651.sql run_id=3DF36B7E8015D21B =====
query_runner configuration:
  QUERY_DIR         = queries/stackoverflow/SQLStorm/6651.sql
  LOGS_DIR          = logs/compare/warm_stepup/compare_server001_s1_20261004T161823Z  (query_timing_/query_samples_/query_catalog_stackoverflow_1gb.csv)
  DB_NAME / DB_USER = stackoverflow_1gb / postgres
  PGPORT            = 5432  (server reports 18.6)
  RUN_ID            = 3DF36B7E8015D21B
  WARMUP            = 2 single-copy warm-ups (the first primes the cache)
  BATCH_SIZES       = 1 16  x RUNS=1 measured batches each
  WORKERS           = (planner default)
  STATEMENT_TIMEOUT = 15
  THERMAL_EQUALISE  = gate (T_LO=40 T_HI=60 preheat<=60s cooldown<=120s)
  sensors           = pkg:/sys/class/hwmon/hwmon8/temp1_input cores:4 cpufreq:8 throttle:8/8
  WARMUP_FAIL_SKIP  = on (a failed warm-up skips the query's measured batches)
  IDLE_BASELINE_S   = 5.0 s before each query's measured batches
  SIGLESS_ADDR      = (disabled)
Found 1 query under queries/stackoverflow/SQLStorm/6651.sql

RAPL: powercap, 1 package, domains: pkg core gpu/uncore dram

[1/1] queries/stackoverflow/SQLStorm/6651.sql (2 warmup + step-up 1 16 x1)
  warmup 1/2: 0.406146 sec (cache prime)
  warmup 2/2: 0.154364 sec
  idle baseline: 5.0s, package 0.441 W, dram 0.255 W
  N=1   batch 1/1: 0.155467 sec, 1 copy (server sum 98.577 ms)
  N=16  batch 1/1: 1.536922 sec, 16 copies (server sum 1457.205 ms)
  done: 2 sizes x 1 run (0 failures)

Done. Batch rows appended to logs/compare/warm_stepup/compare_server001_s1_20261004T161823Z/query_timing_stackoverflow_1gb.csv
Per-copy samples appended to logs/compare/warm_stepup/compare_server001_s1_20261004T161823Z/query_samples_stackoverflow_1gb.csv
Idle baselines appended to logs/compare/warm_stepup/compare_server001_s1_20261004T161823Z/query_idle_stackoverflow_1gb.csv
Machine identity appended to logs/compare/warm_stepup/compare_server001_s1_20261004T161823Z/query_runinfo_stackoverflow_1gb.csv
Last batch ended at epoch 1791136938.027 (PREV_END_EPOCH for the next invocation)
===== [168/324] queries/stackoverflow/SQLStorm/5502.sql run_id=4C977352930A44D6 =====
query_runner configuration:
  QUERY_DIR         = queries/stackoverflow/SQLStorm/5502.sql
  LOGS_DIR          = logs/compare/warm_stepup/compare_server001_s1_20261004T161823Z  (query_timing_/query_samples_/query_catalog_stackoverflow_1gb.csv)
  DB_NAME / DB_USER = stackoverflow_1gb / postgres
  PGPORT            = 5432  (server reports 18.6)
  RUN_ID            = 4C977352930A44D6
  WARMUP            = 2 single-copy warm-ups (the first primes the cache)
  BATCH_SIZES       = 1 16  x RUNS=1 measured batches each
  WORKERS           = (planner default)
  STATEMENT_TIMEOUT = 15
  THERMAL_EQUALISE  = gate (T_LO=40 T_HI=60 preheat<=60s cooldown<=120s)
  sensors           = pkg:/sys/class/hwmon/hwmon8/temp1_input cores:4 cpufreq:8 throttle:8/8
  WARMUP_FAIL_SKIP  = on (a failed warm-up skips the query's measured batches)
  IDLE_BASELINE_S   = 5.0 s before each query's measured batches
  SIGLESS_ADDR      = (disabled)
Found 1 query under queries/stackoverflow/SQLStorm/5502.sql

RAPL: powercap, 1 package, domains: pkg core gpu/uncore dram

[1/1] queries/stackoverflow/SQLStorm/5502.sql (2 warmup + step-up 1 16 x1)
  warmup 1/2: 0.903829 sec (cache prime)
  warmup 2/2: 0.682065 sec
  idle baseline: 5.0s, package 0.478 W, dram 0.256 W
  N=1   batch 1/1: 0.685696 sec, 1 copy (server sum 624.316 ms)
  N=16  batch 1/1: 9.796943 sec, 16 copies (server sum 9719.158 ms)
  done: 2 sizes x 1 run (0 failures)

Done. Batch rows appended to logs/compare/warm_stepup/compare_server001_s1_20261004T161823Z/query_timing_stackoverflow_1gb.csv
Per-copy samples appended to logs/compare/warm_stepup/compare_server001_s1_20261004T161823Z/query_samples_stackoverflow_1gb.csv
Idle baselines appended to logs/compare/warm_stepup/compare_server001_s1_20261004T161823Z/query_idle_stackoverflow_1gb.csv
Machine identity appended to logs/compare/warm_stepup/compare_server001_s1_20261004T161823Z/query_runinfo_stackoverflow_1gb.csv
Last batch ended at epoch 1791136958.464 (PREV_END_EPOCH for the next invocation)
===== [169/324] queries/stackoverflow/SQLStorm/28796.sql run_id=5EBFC3D3B78A28E2 =====
query_runner configuration:
  QUERY_DIR         = queries/stackoverflow/SQLStorm/28796.sql
  LOGS_DIR          = logs/compare/warm_stepup/compare_server001_s1_20261004T161823Z  (query_timing_/query_samples_/query_catalog_stackoverflow_1gb.csv)
  DB_NAME / DB_USER = stackoverflow_1gb / postgres
  PGPORT            = 5432  (server reports 18.6)
  RUN_ID            = 5EBFC3D3B78A28E2
  WARMUP            = 2 single-copy warm-ups (the first primes the cache)
  BATCH_SIZES       = 1 16  x RUNS=1 measured batches each
  WORKERS           = (planner default)
  STATEMENT_TIMEOUT = 15
  THERMAL_EQUALISE  = gate (T_LO=40 T_HI=60 preheat<=60s cooldown<=120s)
  sensors           = pkg:/sys/class/hwmon/hwmon8/temp1_input cores:4 cpufreq:8 throttle:8/8
  WARMUP_FAIL_SKIP  = on (a failed warm-up skips the query's measured batches)
  IDLE_BASELINE_S   = 5.0 s before each query's measured batches
  SIGLESS_ADDR      = (disabled)
Found 1 query under queries/stackoverflow/SQLStorm/28796.sql

RAPL: powercap, 1 package, domains: pkg core gpu/uncore dram

[1/1] queries/stackoverflow/SQLStorm/28796.sql (2 warmup + step-up 1 16 x1)
  warmup 1/2: 2.084359 sec (cache prime)
  warmup 2/2: 1.810073 sec
  idle baseline: 5.0s, package 0.442 W, dram 0.256 W
  N=1   batch 1/1: 1.809408 sec, 1 copy (server sum 1750.892 ms)
  N=16  batch 1/1: 26.462360 sec, 16 copies (server sum 26370.185 ms)
  done: 2 sizes x 1 run (0 failures)

Done. Batch rows appended to logs/compare/warm_stepup/compare_server001_s1_20261004T161823Z/query_timing_stackoverflow_1gb.csv
Per-copy samples appended to logs/compare/warm_stepup/compare_server001_s1_20261004T161823Z/query_samples_stackoverflow_1gb.csv
Idle baselines appended to logs/compare/warm_stepup/compare_server001_s1_20261004T161823Z/query_idle_stackoverflow_1gb.csv
Machine identity appended to logs/compare/warm_stepup/compare_server001_s1_20261004T161823Z/query_runinfo_stackoverflow_1gb.csv
Last batch ended at epoch 1791136999.152 (PREV_END_EPOCH for the next invocation)
===== [170/324] queries/stackoverflow/SQLStorm/24751.sql run_id=39C9D87FDEBFC576 =====
query_runner configuration:
  QUERY_DIR         = queries/stackoverflow/SQLStorm/24751.sql
  LOGS_DIR          = logs/compare/warm_stepup/compare_server001_s1_20261004T161823Z  (query_timing_/query_samples_/query_catalog_stackoverflow_1gb.csv)
  DB_NAME / DB_USER = stackoverflow_1gb / postgres
  PGPORT            = 5432  (server reports 18.6)
  RUN_ID            = 39C9D87FDEBFC576
  WARMUP            = 2 single-copy warm-ups (the first primes the cache)
  BATCH_SIZES       = 1 16  x RUNS=1 measured batches each
  WORKERS           = (planner default)
  STATEMENT_TIMEOUT = 15
  THERMAL_EQUALISE  = gate (T_LO=40 T_HI=60 preheat<=60s cooldown<=120s)
  sensors           = pkg:/sys/class/hwmon/hwmon8/temp1_input cores:4 cpufreq:8 throttle:8/8
  WARMUP_FAIL_SKIP  = on (a failed warm-up skips the query's measured batches)
  IDLE_BASELINE_S   = 5.0 s before each query's measured batches
  SIGLESS_ADDR      = (disabled)
Found 1 query under queries/stackoverflow/SQLStorm/24751.sql

RAPL: powercap, 1 package, domains: pkg core gpu/uncore dram

[1/1] queries/stackoverflow/SQLStorm/24751.sql (2 warmup + step-up 1 16 x1)
  warmup 1/2: 0.506625 sec (cache prime)
  warmup 2/2: 0.350550 sec
  idle baseline: 5.0s, package 0.513 W, dram 0.256 W
  N=1   batch 1/1: 0.337966 sec, 1 copy (server sum 280.624 ms)
  N=16  batch 1/1: 4.385104 sec, 16 copies (server sum 4308.428 ms)
  done: 2 sizes x 1 run (0 failures)

Done. Batch rows appended to logs/compare/warm_stepup/compare_server001_s1_20261004T161823Z/query_timing_stackoverflow_1gb.csv
Per-copy samples appended to logs/compare/warm_stepup/compare_server001_s1_20261004T161823Z/query_samples_stackoverflow_1gb.csv
Idle baselines appended to logs/compare/warm_stepup/compare_server001_s1_20261004T161823Z/query_idle_stackoverflow_1gb.csv
Machine identity appended to logs/compare/warm_stepup/compare_server001_s1_20261004T161823Z/query_runinfo_stackoverflow_1gb.csv
Last batch ended at epoch 1791137012.993 (PREV_END_EPOCH for the next invocation)
===== [171/324] queries/stackoverflow/SQLStorm/9509.sql run_id=7BAC14B1E53CDDB3 =====
query_runner configuration:
  QUERY_DIR         = queries/stackoverflow/SQLStorm/9509.sql
  LOGS_DIR          = logs/compare/warm_stepup/compare_server001_s1_20261004T161823Z  (query_timing_/query_samples_/query_catalog_stackoverflow_1gb.csv)
  DB_NAME / DB_USER = stackoverflow_1gb / postgres
  PGPORT            = 5432  (server reports 18.6)
  RUN_ID            = 7BAC14B1E53CDDB3
  WARMUP            = 2 single-copy warm-ups (the first primes the cache)
  BATCH_SIZES       = 1 16  x RUNS=1 measured batches each
  WORKERS           = (planner default)
  STATEMENT_TIMEOUT = 15
  THERMAL_EQUALISE  = gate (T_LO=40 T_HI=60 preheat<=60s cooldown<=120s)
  sensors           = pkg:/sys/class/hwmon/hwmon8/temp1_input cores:4 cpufreq:8 throttle:8/8
  WARMUP_FAIL_SKIP  = on (a failed warm-up skips the query's measured batches)
  IDLE_BASELINE_S   = 5.0 s before each query's measured batches
  SIGLESS_ADDR      = (disabled)
Found 1 query under queries/stackoverflow/SQLStorm/9509.sql

RAPL: powercap, 1 package, domains: pkg core gpu/uncore dram

[1/1] queries/stackoverflow/SQLStorm/9509.sql (2 warmup + step-up 1 16 x1)
  warmup 1/2: 1.093638 sec (cache prime)
  warmup 2/2: 0.892554 sec
  idle baseline: 5.0s, package 0.450 W, dram 0.256 W
  N=1   batch 1/1: 0.892237 sec, 1 copy (server sum 834.913 ms)
  N=16  batch 1/1: 12.819573 sec, 16 copies (server sum 12742.444 ms)
  done: 2 sizes x 1 run (0 failures)

Done. Batch rows appended to logs/compare/warm_stepup/compare_server001_s1_20261004T161823Z/query_timing_stackoverflow_1gb.csv
Per-copy samples appended to logs/compare/warm_stepup/compare_server001_s1_20261004T161823Z/query_samples_stackoverflow_1gb.csv
Idle baselines appended to logs/compare/warm_stepup/compare_server001_s1_20261004T161823Z/query_idle_stackoverflow_1gb.csv
Machine identity appended to logs/compare/warm_stepup/compare_server001_s1_20261004T161823Z/query_runinfo_stackoverflow_1gb.csv
Last batch ended at epoch 1791137037.027 (PREV_END_EPOCH for the next invocation)
===== [172/324] queries/stackoverflow/SQLStorm/20426.sql run_id=2104EF2B43A652BA =====
query_runner configuration:
  QUERY_DIR         = queries/stackoverflow/SQLStorm/20426.sql
  LOGS_DIR          = logs/compare/warm_stepup/compare_server001_s1_20261004T161823Z  (query_timing_/query_samples_/query_catalog_stackoverflow_1gb.csv)
  DB_NAME / DB_USER = stackoverflow_1gb / postgres
  PGPORT            = 5432  (server reports 18.6)
  RUN_ID            = 2104EF2B43A652BA
  WARMUP            = 2 single-copy warm-ups (the first primes the cache)
  BATCH_SIZES       = 1 16  x RUNS=1 measured batches each
  WORKERS           = (planner default)
  STATEMENT_TIMEOUT = 15
  THERMAL_EQUALISE  = gate (T_LO=40 T_HI=60 preheat<=60s cooldown<=120s)
  sensors           = pkg:/sys/class/hwmon/hwmon8/temp1_input cores:4 cpufreq:8 throttle:8/8
  WARMUP_FAIL_SKIP  = on (a failed warm-up skips the query's measured batches)
  IDLE_BASELINE_S   = 5.0 s before each query's measured batches
  SIGLESS_ADDR      = (disabled)
Found 1 query under queries/stackoverflow/SQLStorm/20426.sql

RAPL: powercap, 1 package, domains: pkg core gpu/uncore dram

[1/1] queries/stackoverflow/SQLStorm/20426.sql (2 warmup + step-up 1 16 x1)
  warmup 1/2: 5.265736 sec (cache prime)
  warmup 2/2: 3.768818 sec
  idle baseline: 5.0s, package 0.448 W, dram 0.256 W
  N=1   batch 1/1: 3.806122 sec, 1 copy (server sum 3747.520 ms)
  N=16  batch 1/1: 56.953235 sec, 16 copies (server sum 56853.237 ms)
  done: 2 sizes x 1 run (0 failures)

Done. Batch rows appended to logs/compare/warm_stepup/compare_server001_s1_20261004T161823Z/query_timing_stackoverflow_1gb.csv
Per-copy samples appended to logs/compare/warm_stepup/compare_server001_s1_20261004T161823Z/query_samples_stackoverflow_1gb.csv
Idle baselines appended to logs/compare/warm_stepup/compare_server001_s1_20261004T161823Z/query_idle_stackoverflow_1gb.csv
Machine identity appended to logs/compare/warm_stepup/compare_server001_s1_20261004T161823Z/query_runinfo_stackoverflow_1gb.csv
Last batch ended at epoch 1791137115.204 (PREV_END_EPOCH for the next invocation)
===== [173/324] queries/stackoverflow/SQLStorm/7046.sql run_id=22971D1EEEB02A58 =====
query_runner configuration:
  QUERY_DIR         = queries/stackoverflow/SQLStorm/7046.sql
  LOGS_DIR          = logs/compare/warm_stepup/compare_server001_s1_20261004T161823Z  (query_timing_/query_samples_/query_catalog_stackoverflow_1gb.csv)
  DB_NAME / DB_USER = stackoverflow_1gb / postgres
  PGPORT            = 5432  (server reports 18.6)
  RUN_ID            = 22971D1EEEB02A58
  WARMUP            = 2 single-copy warm-ups (the first primes the cache)
  BATCH_SIZES       = 1 16  x RUNS=1 measured batches each
  WORKERS           = (planner default)
  STATEMENT_TIMEOUT = 15
  THERMAL_EQUALISE  = gate (T_LO=40 T_HI=60 preheat<=60s cooldown<=120s)
  sensors           = pkg:/sys/class/hwmon/hwmon8/temp1_input cores:4 cpufreq:8 throttle:8/8
  WARMUP_FAIL_SKIP  = on (a failed warm-up skips the query's measured batches)
  IDLE_BASELINE_S   = 5.0 s before each query's measured batches
  SIGLESS_ADDR      = (disabled)
Found 1 query under queries/stackoverflow/SQLStorm/7046.sql

RAPL: powercap, 1 package, domains: pkg core gpu/uncore dram

[1/1] queries/stackoverflow/SQLStorm/7046.sql (2 warmup + step-up 1 16 x1)
  warmup 1/2: 3.027019 sec (cache prime)
  warmup 2/2: 2.370394 sec
  idle baseline: 5.0s, package 0.456 W, dram 0.255 W
  N=1   batch 1/1: 2.378955 sec, 1 copy (server sum 2321.065 ms)
  N=16  batch 1/1: 35.200965 sec, 16 copies (server sum 35115.158 ms)
  done: 2 sizes x 1 run (0 failures)

Done. Batch rows appended to logs/compare/warm_stepup/compare_server001_s1_20261004T161823Z/query_timing_stackoverflow_1gb.csv
Per-copy samples appended to logs/compare/warm_stepup/compare_server001_s1_20261004T161823Z/query_samples_stackoverflow_1gb.csv
Idle baselines appended to logs/compare/warm_stepup/compare_server001_s1_20261004T161823Z/query_idle_stackoverflow_1gb.csv
Machine identity appended to logs/compare/warm_stepup/compare_server001_s1_20261004T161823Z/query_runinfo_stackoverflow_1gb.csv
Last batch ended at epoch 1791137166.734 (PREV_END_EPOCH for the next invocation)
===== [174/324] queries/stackoverflow/SQLStorm/13186.sql run_id=E0CF5006C404E755 =====
query_runner configuration:
  QUERY_DIR         = queries/stackoverflow/SQLStorm/13186.sql
  LOGS_DIR          = logs/compare/warm_stepup/compare_server001_s1_20261004T161823Z  (query_timing_/query_samples_/query_catalog_stackoverflow_1gb.csv)
  DB_NAME / DB_USER = stackoverflow_1gb / postgres
  PGPORT            = 5432  (server reports 18.6)
  RUN_ID            = E0CF5006C404E755
  WARMUP            = 2 single-copy warm-ups (the first primes the cache)
  BATCH_SIZES       = 1 16  x RUNS=1 measured batches each
  WORKERS           = (planner default)
  STATEMENT_TIMEOUT = 15
  THERMAL_EQUALISE  = gate (T_LO=40 T_HI=60 preheat<=60s cooldown<=120s)
  sensors           = pkg:/sys/class/hwmon/hwmon8/temp1_input cores:4 cpufreq:8 throttle:8/8
  WARMUP_FAIL_SKIP  = on (a failed warm-up skips the query's measured batches)
  IDLE_BASELINE_S   = 5.0 s before each query's measured batches
  SIGLESS_ADDR      = (disabled)
Found 1 query under queries/stackoverflow/SQLStorm/13186.sql

RAPL: powercap, 1 package, domains: pkg core gpu/uncore dram

[1/1] queries/stackoverflow/SQLStorm/13186.sql (2 warmup + step-up 1 16 x1)
  warmup 1/2: 5.027070 sec (cache prime)
  warmup 2/2: 4.530910 sec
  idle baseline: 5.0s, package 0.539 W, dram 0.260 W
  N=1   batch 1/1: 4.356368 sec, 1 copy (server sum 4297.290 ms)
  N=16  batch 1/1: 68.025212 sec, 16 copies (server sum 67939.762 ms)
  done: 2 sizes x 1 run (0 failures)

Done. Batch rows appended to logs/compare/warm_stepup/compare_server001_s1_20261004T161823Z/query_timing_stackoverflow_1gb.csv
Per-copy samples appended to logs/compare/warm_stepup/compare_server001_s1_20261004T161823Z/query_samples_stackoverflow_1gb.csv
Idle baselines appended to logs/compare/warm_stepup/compare_server001_s1_20261004T161823Z/query_idle_stackoverflow_1gb.csv
Machine identity appended to logs/compare/warm_stepup/compare_server001_s1_20261004T161823Z/query_runinfo_stackoverflow_1gb.csv
Last batch ended at epoch 1791137257.371 (PREV_END_EPOCH for the next invocation)
===== [175/324] queries/stackoverflow/SQLStorm/6957.sql run_id=CAD1396ED91300F1 =====
query_runner configuration:
  QUERY_DIR         = queries/stackoverflow/SQLStorm/6957.sql
  LOGS_DIR          = logs/compare/warm_stepup/compare_server001_s1_20261004T161823Z  (query_timing_/query_samples_/query_catalog_stackoverflow_1gb.csv)
  DB_NAME / DB_USER = stackoverflow_1gb / postgres
  PGPORT            = 5432  (server reports 18.6)
  RUN_ID            = CAD1396ED91300F1
  WARMUP            = 2 single-copy warm-ups (the first primes the cache)
  BATCH_SIZES       = 1 16  x RUNS=1 measured batches each
  WORKERS           = (planner default)
  STATEMENT_TIMEOUT = 15
  THERMAL_EQUALISE  = gate (T_LO=40 T_HI=60 preheat<=60s cooldown<=120s)
  sensors           = pkg:/sys/class/hwmon/hwmon8/temp1_input cores:4 cpufreq:8 throttle:8/8
  WARMUP_FAIL_SKIP  = on (a failed warm-up skips the query's measured batches)
  IDLE_BASELINE_S   = 5.0 s before each query's measured batches
  SIGLESS_ADDR      = (disabled)
Found 1 query under queries/stackoverflow/SQLStorm/6957.sql

RAPL: powercap, 1 package, domains: pkg core gpu/uncore dram

[1/1] queries/stackoverflow/SQLStorm/6957.sql (2 warmup + step-up 1 16 x1)
  warmup 1/2: 1.060910 sec (cache prime)
  warmup 2/2: 0.439475 sec
  idle baseline: 5.0s, package 0.516 W, dram 0.257 W
  N=1   batch 1/1: 0.440226 sec, 1 copy (server sum 381.923 ms)
  N=16  batch 1/1: 5.765556 sec, 16 copies (server sum 5675.911 ms)
  done: 2 sizes x 1 run (0 failures)

Done. Batch rows appended to logs/compare/warm_stepup/compare_server001_s1_20261004T161823Z/query_timing_stackoverflow_1gb.csv
Per-copy samples appended to logs/compare/warm_stepup/compare_server001_s1_20261004T161823Z/query_samples_stackoverflow_1gb.csv
Idle baselines appended to logs/compare/warm_stepup/compare_server001_s1_20261004T161823Z/query_idle_stackoverflow_1gb.csv
Machine identity appended to logs/compare/warm_stepup/compare_server001_s1_20261004T161823Z/query_runinfo_stackoverflow_1gb.csv
Last batch ended at epoch 1791137273.804 (PREV_END_EPOCH for the next invocation)
===== [176/324] queries/stackoverflow/SQLStorm/13512.sql run_id=9B3537591B731227 =====
query_runner configuration:
  QUERY_DIR         = queries/stackoverflow/SQLStorm/13512.sql
  LOGS_DIR          = logs/compare/warm_stepup/compare_server001_s1_20261004T161823Z  (query_timing_/query_samples_/query_catalog_stackoverflow_1gb.csv)
  DB_NAME / DB_USER = stackoverflow_1gb / postgres
  PGPORT            = 5432  (server reports 18.6)
  RUN_ID            = 9B3537591B731227
  WARMUP            = 2 single-copy warm-ups (the first primes the cache)
  BATCH_SIZES       = 1 16  x RUNS=1 measured batches each
  WORKERS           = (planner default)
  STATEMENT_TIMEOUT = 15
  THERMAL_EQUALISE  = gate (T_LO=40 T_HI=60 preheat<=60s cooldown<=120s)
  sensors           = pkg:/sys/class/hwmon/hwmon8/temp1_input cores:4 cpufreq:8 throttle:8/8
  WARMUP_FAIL_SKIP  = on (a failed warm-up skips the query's measured batches)
  IDLE_BASELINE_S   = 5.0 s before each query's measured batches
  SIGLESS_ADDR      = (disabled)
Found 1 query under queries/stackoverflow/SQLStorm/13512.sql

RAPL: powercap, 1 package, domains: pkg core gpu/uncore dram

[1/1] queries/stackoverflow/SQLStorm/13512.sql (2 warmup + step-up 1 16 x1)
  warmup 1/2: 8.964389 sec (cache prime)
  warmup 2/2: 5.672219 sec
  idle baseline: 5.0s, package 0.430 W, dram 0.256 W
  N=1   batch 1/1: 5.666436 sec, 1 copy (server sum 5609.095 ms)
  N=16  batch 1/1: 89.373703 sec, 16 copies (server sum 89291.823 ms)
  done: 2 sizes x 1 run (0 failures)

Done. Batch rows appended to logs/compare/warm_stepup/compare_server001_s1_20261004T161823Z/query_timing_stackoverflow_1gb.csv
Per-copy samples appended to logs/compare/warm_stepup/compare_server001_s1_20261004T161823Z/query_samples_stackoverflow_1gb.csv
Idle baselines appended to logs/compare/warm_stepup/compare_server001_s1_20261004T161823Z/query_idle_stackoverflow_1gb.csv
Machine identity appended to logs/compare/warm_stepup/compare_server001_s1_20261004T161823Z/query_runinfo_stackoverflow_1gb.csv
Last batch ended at epoch 1791137392.085 (PREV_END_EPOCH for the next invocation)
===== [177/324] queries/stackoverflow/SQLStorm/1959.sql run_id=0D9FBA11E0B8D1C2 =====
query_runner configuration:
  QUERY_DIR         = queries/stackoverflow/SQLStorm/1959.sql
  LOGS_DIR          = logs/compare/warm_stepup/compare_server001_s1_20261004T161823Z  (query_timing_/query_samples_/query_catalog_stackoverflow_1gb.csv)
  DB_NAME / DB_USER = stackoverflow_1gb / postgres
  PGPORT            = 5432  (server reports 18.6)
  RUN_ID            = 0D9FBA11E0B8D1C2
  WARMUP            = 2 single-copy warm-ups (the first primes the cache)
  BATCH_SIZES       = 1 16  x RUNS=1 measured batches each
  WORKERS           = (planner default)
  STATEMENT_TIMEOUT = 15
  THERMAL_EQUALISE  = gate (T_LO=40 T_HI=60 preheat<=60s cooldown<=120s)
  sensors           = pkg:/sys/class/hwmon/hwmon8/temp1_input cores:4 cpufreq:8 throttle:8/8
  WARMUP_FAIL_SKIP  = on (a failed warm-up skips the query's measured batches)
  IDLE_BASELINE_S   = 5.0 s before each query's measured batches
  SIGLESS_ADDR      = (disabled)
Found 1 query under queries/stackoverflow/SQLStorm/1959.sql

RAPL: powercap, 1 package, domains: pkg core gpu/uncore dram

[1/1] queries/stackoverflow/SQLStorm/1959.sql (2 warmup + step-up 1 16 x1)
  warmup 1/2: 2.293451 sec (cache prime)
  warmup 2/2: 2.059645 sec
  idle baseline: 5.0s, package 0.523 W, dram 0.256 W
  N=1   batch 1/1: 2.071035 sec, 1 copy (server sum 2003.256 ms)
  N=16  batch 1/1: 31.165927 sec, 16 copies (server sum 31088.142 ms)
  done: 2 sizes x 1 run (0 failures)

Done. Batch rows appended to logs/compare/warm_stepup/compare_server001_s1_20261004T161823Z/query_timing_stackoverflow_1gb.csv
Per-copy samples appended to logs/compare/warm_stepup/compare_server001_s1_20261004T161823Z/query_samples_stackoverflow_1gb.csv
Idle baselines appended to logs/compare/warm_stepup/compare_server001_s1_20261004T161823Z/query_idle_stackoverflow_1gb.csv
Machine identity appended to logs/compare/warm_stepup/compare_server001_s1_20261004T161823Z/query_runinfo_stackoverflow_1gb.csv
Last batch ended at epoch 1791137438.226 (PREV_END_EPOCH for the next invocation)
===== [178/324] queries/stackoverflow/SQLStorm/16308.sql run_id=81C56AD58B9A8D7E =====
query_runner configuration:
  QUERY_DIR         = queries/stackoverflow/SQLStorm/16308.sql
  LOGS_DIR          = logs/compare/warm_stepup/compare_server001_s1_20261004T161823Z  (query_timing_/query_samples_/query_catalog_stackoverflow_1gb.csv)
  DB_NAME / DB_USER = stackoverflow_1gb / postgres
  PGPORT            = 5432  (server reports 18.6)
  RUN_ID            = 81C56AD58B9A8D7E
  WARMUP            = 2 single-copy warm-ups (the first primes the cache)
  BATCH_SIZES       = 1 16  x RUNS=1 measured batches each
  WORKERS           = (planner default)
  STATEMENT_TIMEOUT = 15
  THERMAL_EQUALISE  = gate (T_LO=40 T_HI=60 preheat<=60s cooldown<=120s)
  sensors           = pkg:/sys/class/hwmon/hwmon8/temp1_input cores:4 cpufreq:8 throttle:8/8
  WARMUP_FAIL_SKIP  = on (a failed warm-up skips the query's measured batches)
  IDLE_BASELINE_S   = 5.0 s before each query's measured batches
  SIGLESS_ADDR      = (disabled)
Found 1 query under queries/stackoverflow/SQLStorm/16308.sql

RAPL: powercap, 1 package, domains: pkg core gpu/uncore dram

[1/1] queries/stackoverflow/SQLStorm/16308.sql (2 warmup + step-up 1 16 x1)
  warmup 1/2: 0.644099 sec (cache prime)
  warmup 2/2: 0.426706 sec
  idle baseline: 5.0s, package 0.454 W, dram 0.256 W
  N=1   batch 1/1: 0.424805 sec, 1 copy (server sum 367.914 ms)
  N=16  batch 1/1: 5.918828 sec, 16 copies (server sum 5840.793 ms)
  done: 2 sizes x 1 run (0 failures)

Done. Batch rows appended to logs/compare/warm_stepup/compare_server001_s1_20261004T161823Z/query_timing_stackoverflow_1gb.csv
Per-copy samples appended to logs/compare/warm_stepup/compare_server001_s1_20261004T161823Z/query_samples_stackoverflow_1gb.csv
Idle baselines appended to logs/compare/warm_stepup/compare_server001_s1_20261004T161823Z/query_idle_stackoverflow_1gb.csv
Machine identity appended to logs/compare/warm_stepup/compare_server001_s1_20261004T161823Z/query_runinfo_stackoverflow_1gb.csv
Last batch ended at epoch 1791137454.250 (PREV_END_EPOCH for the next invocation)
===== [179/324] queries/stackoverflow/SQLStorm/11211.sql run_id=8C4675935752C00F =====
query_runner configuration:
  QUERY_DIR         = queries/stackoverflow/SQLStorm/11211.sql
  LOGS_DIR          = logs/compare/warm_stepup/compare_server001_s1_20261004T161823Z  (query_timing_/query_samples_/query_catalog_stackoverflow_1gb.csv)
  DB_NAME / DB_USER = stackoverflow_1gb / postgres
  PGPORT            = 5432  (server reports 18.6)
  RUN_ID            = 8C4675935752C00F
  WARMUP            = 2 single-copy warm-ups (the first primes the cache)
  BATCH_SIZES       = 1 16  x RUNS=1 measured batches each
  WORKERS           = (planner default)
  STATEMENT_TIMEOUT = 15
  THERMAL_EQUALISE  = gate (T_LO=40 T_HI=60 preheat<=60s cooldown<=120s)
  sensors           = pkg:/sys/class/hwmon/hwmon8/temp1_input cores:4 cpufreq:8 throttle:8/8
  WARMUP_FAIL_SKIP  = on (a failed warm-up skips the query's measured batches)
  IDLE_BASELINE_S   = 5.0 s before each query's measured batches
  SIGLESS_ADDR      = (disabled)
Found 1 query under queries/stackoverflow/SQLStorm/11211.sql

RAPL: powercap, 1 package, domains: pkg core gpu/uncore dram

[1/1] queries/stackoverflow/SQLStorm/11211.sql (2 warmup + step-up 1 16 x1)
  warmup 1/2: 4.349046 sec (cache prime)
  warmup 2/2: 3.673371 sec
  idle baseline: 5.0s, package 0.505 W, dram 0.258 W
  N=1   batch 1/1: 3.668727 sec, 1 copy (server sum 3610.719 ms)
  N=16  batch 1/1: 57.997668 sec, 16 copies (server sum 57909.984 ms)
  done: 2 sizes x 1 run (0 failures)

Done. Batch rows appended to logs/compare/warm_stepup/compare_server001_s1_20261004T161823Z/query_timing_stackoverflow_1gb.csv
Per-copy samples appended to logs/compare/warm_stepup/compare_server001_s1_20261004T161823Z/query_samples_stackoverflow_1gb.csv
Idle baselines appended to logs/compare/warm_stepup/compare_server001_s1_20261004T161823Z/query_idle_stackoverflow_1gb.csv
Machine identity appended to logs/compare/warm_stepup/compare_server001_s1_20261004T161823Z/query_runinfo_stackoverflow_1gb.csv
Last batch ended at epoch 1791137532.440 (PREV_END_EPOCH for the next invocation)
===== [180/324] queries/stackoverflow/SQLStorm/12477.sql run_id=6B5579DC848ADC3C =====
query_runner configuration:
  QUERY_DIR         = queries/stackoverflow/SQLStorm/12477.sql
  LOGS_DIR          = logs/compare/warm_stepup/compare_server001_s1_20261004T161823Z  (query_timing_/query_samples_/query_catalog_stackoverflow_1gb.csv)
  DB_NAME / DB_USER = stackoverflow_1gb / postgres
  PGPORT            = 5432  (server reports 18.6)
  RUN_ID            = 6B5579DC848ADC3C
  WARMUP            = 2 single-copy warm-ups (the first primes the cache)
  BATCH_SIZES       = 1 16  x RUNS=1 measured batches each
  WORKERS           = (planner default)
  STATEMENT_TIMEOUT = 15
  THERMAL_EQUALISE  = gate (T_LO=40 T_HI=60 preheat<=60s cooldown<=120s)
  sensors           = pkg:/sys/class/hwmon/hwmon8/temp1_input cores:4 cpufreq:8 throttle:8/8
  WARMUP_FAIL_SKIP  = on (a failed warm-up skips the query's measured batches)
  IDLE_BASELINE_S   = 5.0 s before each query's measured batches
  SIGLESS_ADDR      = (disabled)
Found 1 query under queries/stackoverflow/SQLStorm/12477.sql

RAPL: powercap, 1 package, domains: pkg core gpu/uncore dram

[1/1] queries/stackoverflow/SQLStorm/12477.sql (2 warmup + step-up 1 16 x1)
  warmup 1/2: 2.647175 sec (cache prime)
  warmup 2/2: 2.415846 sec
  idle baseline: 5.0s, package 0.494 W, dram 0.256 W
  N=1   batch 1/1: 2.418981 sec, 1 copy (server sum 2362.031 ms)
  N=16  batch 1/1: 36.322185 sec, 16 copies (server sum 36240.727 ms)
  done: 2 sizes x 1 run (0 failures)

Done. Batch rows appended to logs/compare/warm_stepup/compare_server001_s1_20261004T161823Z/query_timing_stackoverflow_1gb.csv
Per-copy samples appended to logs/compare/warm_stepup/compare_server001_s1_20261004T161823Z/query_samples_stackoverflow_1gb.csv
Idle baselines appended to logs/compare/warm_stepup/compare_server001_s1_20261004T161823Z/query_idle_stackoverflow_1gb.csv
Machine identity appended to logs/compare/warm_stepup/compare_server001_s1_20261004T161823Z/query_runinfo_stackoverflow_1gb.csv
Last batch ended at epoch 1791137585.172 (PREV_END_EPOCH for the next invocation)
===== [181/324] queries/stackoverflow/SQLStorm/8072.sql run_id=95446884A076311C =====
query_runner configuration:
  QUERY_DIR         = queries/stackoverflow/SQLStorm/8072.sql
  LOGS_DIR          = logs/compare/warm_stepup/compare_server001_s1_20261004T161823Z  (query_timing_/query_samples_/query_catalog_stackoverflow_1gb.csv)
  DB_NAME / DB_USER = stackoverflow_1gb / postgres
  PGPORT            = 5432  (server reports 18.6)
  RUN_ID            = 95446884A076311C
  WARMUP            = 2 single-copy warm-ups (the first primes the cache)
  BATCH_SIZES       = 1 16  x RUNS=1 measured batches each
  WORKERS           = (planner default)
  STATEMENT_TIMEOUT = 15
  THERMAL_EQUALISE  = gate (T_LO=40 T_HI=60 preheat<=60s cooldown<=120s)
  sensors           = pkg:/sys/class/hwmon/hwmon8/temp1_input cores:4 cpufreq:8 throttle:8/8
  WARMUP_FAIL_SKIP  = on (a failed warm-up skips the query's measured batches)
  IDLE_BASELINE_S   = 5.0 s before each query's measured batches
  SIGLESS_ADDR      = (disabled)
Found 1 query under queries/stackoverflow/SQLStorm/8072.sql

RAPL: powercap, 1 package, domains: pkg core gpu/uncore dram

[1/1] queries/stackoverflow/SQLStorm/8072.sql (2 warmup + step-up 1 16 x1)
  warmup 1/2: 3.031254 sec (cache prime)
  warmup 2/2: 2.513457 sec
  idle baseline: 5.0s, package 0.463 W, dram 0.256 W
  N=1   batch 1/1: 2.524385 sec, 1 copy (server sum 2465.999 ms)
  N=16  batch 1/1: 37.342831 sec, 16 copies (server sum 37248.649 ms)
  done: 2 sizes x 1 run (0 failures)

Done. Batch rows appended to logs/compare/warm_stepup/compare_server001_s1_20261004T161823Z/query_timing_stackoverflow_1gb.csv
Per-copy samples appended to logs/compare/warm_stepup/compare_server001_s1_20261004T161823Z/query_samples_stackoverflow_1gb.csv
Idle baselines appended to logs/compare/warm_stepup/compare_server001_s1_20261004T161823Z/query_idle_stackoverflow_1gb.csv
Machine identity appended to logs/compare/warm_stepup/compare_server001_s1_20261004T161823Z/query_runinfo_stackoverflow_1gb.csv
Last batch ended at epoch 1791137639.118 (PREV_END_EPOCH for the next invocation)
===== [182/324] queries/stackoverflow/SQLStorm/11397.sql run_id=E10563C41ED383CC =====
query_runner configuration:
  QUERY_DIR         = queries/stackoverflow/SQLStorm/11397.sql
  LOGS_DIR          = logs/compare/warm_stepup/compare_server001_s1_20261004T161823Z  (query_timing_/query_samples_/query_catalog_stackoverflow_1gb.csv)
  DB_NAME / DB_USER = stackoverflow_1gb / postgres
  PGPORT            = 5432  (server reports 18.6)
  RUN_ID            = E10563C41ED383CC
  WARMUP            = 2 single-copy warm-ups (the first primes the cache)
  BATCH_SIZES       = 1 16  x RUNS=1 measured batches each
  WORKERS           = (planner default)
  STATEMENT_TIMEOUT = 15
  THERMAL_EQUALISE  = gate (T_LO=40 T_HI=60 preheat<=60s cooldown<=120s)
  sensors           = pkg:/sys/class/hwmon/hwmon8/temp1_input cores:4 cpufreq:8 throttle:8/8
  WARMUP_FAIL_SKIP  = on (a failed warm-up skips the query's measured batches)
  IDLE_BASELINE_S   = 5.0 s before each query's measured batches
  SIGLESS_ADDR      = (disabled)
Found 1 query under queries/stackoverflow/SQLStorm/11397.sql

RAPL: powercap, 1 package, domains: pkg core gpu/uncore dram

[1/1] queries/stackoverflow/SQLStorm/11397.sql (2 warmup + step-up 1 16 x1)
  warmup 1/2: 1.881815 sec (cache prime)
  warmup 2/2: 1.537072 sec
  idle baseline: 5.0s, package 0.444 W, dram 0.255 W
  N=1   batch 1/1: 1.496312 sec, 1 copy (server sum 1439.988 ms)
  N=16  batch 1/1: 22.712463 sec, 16 copies (server sum 22634.561 ms)
  done: 2 sizes x 1 run (0 failures)

Done. Batch rows appended to logs/compare/warm_stepup/compare_server001_s1_20261004T161823Z/query_timing_stackoverflow_1gb.csv
Per-copy samples appended to logs/compare/warm_stepup/compare_server001_s1_20261004T161823Z/query_samples_stackoverflow_1gb.csv
Idle baselines appended to logs/compare/warm_stepup/compare_server001_s1_20261004T161823Z/query_idle_stackoverflow_1gb.csv
Machine identity appended to logs/compare/warm_stepup/compare_server001_s1_20261004T161823Z/query_runinfo_stackoverflow_1gb.csv
Last batch ended at epoch 1791137675.401 (PREV_END_EPOCH for the next invocation)
===== [183/324] queries/stackoverflow/SQLStorm/3090.sql run_id=7F7CCECFEE4A99DD =====
query_runner configuration:
  QUERY_DIR         = queries/stackoverflow/SQLStorm/3090.sql
  LOGS_DIR          = logs/compare/warm_stepup/compare_server001_s1_20261004T161823Z  (query_timing_/query_samples_/query_catalog_stackoverflow_1gb.csv)
  DB_NAME / DB_USER = stackoverflow_1gb / postgres
  PGPORT            = 5432  (server reports 18.6)
  RUN_ID            = 7F7CCECFEE4A99DD
  WARMUP            = 2 single-copy warm-ups (the first primes the cache)
  BATCH_SIZES       = 1 16  x RUNS=1 measured batches each
  WORKERS           = (planner default)
  STATEMENT_TIMEOUT = 15
  THERMAL_EQUALISE  = gate (T_LO=40 T_HI=60 preheat<=60s cooldown<=120s)
  sensors           = pkg:/sys/class/hwmon/hwmon8/temp1_input cores:4 cpufreq:8 throttle:8/8
  WARMUP_FAIL_SKIP  = on (a failed warm-up skips the query's measured batches)
  IDLE_BASELINE_S   = 5.0 s before each query's measured batches
  SIGLESS_ADDR      = (disabled)
Found 1 query under queries/stackoverflow/SQLStorm/3090.sql

RAPL: powercap, 1 package, domains: pkg core gpu/uncore dram

[1/1] queries/stackoverflow/SQLStorm/3090.sql (2 warmup + step-up 1 16 x1)
  warmup 1/2: 1.402385 sec (cache prime)
  warmup 2/2: 1.103305 sec
  idle baseline: 5.0s, package 0.495 W, dram 0.256 W
  N=1   batch 1/1: 1.099010 sec, 1 copy (server sum 1041.554 ms)
  N=16  batch 1/1: 16.087066 sec, 16 copies (server sum 15990.328 ms)
  done: 2 sizes x 1 run (0 failures)

Done. Batch rows appended to logs/compare/warm_stepup/compare_server001_s1_20261004T161823Z/query_timing_stackoverflow_1gb.csv
Per-copy samples appended to logs/compare/warm_stepup/compare_server001_s1_20261004T161823Z/query_samples_stackoverflow_1gb.csv
Idle baselines appended to logs/compare/warm_stepup/compare_server001_s1_20261004T161823Z/query_idle_stackoverflow_1gb.csv
Machine identity appended to logs/compare/warm_stepup/compare_server001_s1_20261004T161823Z/query_runinfo_stackoverflow_1gb.csv
Last batch ended at epoch 1791137703.484 (PREV_END_EPOCH for the next invocation)
===== [184/324] queries/stackoverflow/SQLStorm/15173.sql run_id=462FE8D277A4739C =====
query_runner configuration:
  QUERY_DIR         = queries/stackoverflow/SQLStorm/15173.sql
  LOGS_DIR          = logs/compare/warm_stepup/compare_server001_s1_20261004T161823Z  (query_timing_/query_samples_/query_catalog_stackoverflow_1gb.csv)
  DB_NAME / DB_USER = stackoverflow_1gb / postgres
  PGPORT            = 5432  (server reports 18.6)
  RUN_ID            = 462FE8D277A4739C
  WARMUP            = 2 single-copy warm-ups (the first primes the cache)
  BATCH_SIZES       = 1 16  x RUNS=1 measured batches each
  WORKERS           = (planner default)
  STATEMENT_TIMEOUT = 15
  THERMAL_EQUALISE  = gate (T_LO=40 T_HI=60 preheat<=60s cooldown<=120s)
  sensors           = pkg:/sys/class/hwmon/hwmon8/temp1_input cores:4 cpufreq:8 throttle:8/8
  WARMUP_FAIL_SKIP  = on (a failed warm-up skips the query's measured batches)
  IDLE_BASELINE_S   = 5.0 s before each query's measured batches
  SIGLESS_ADDR      = (disabled)
Found 1 query under queries/stackoverflow/SQLStorm/15173.sql

RAPL: powercap, 1 package, domains: pkg core gpu/uncore dram

[1/1] queries/stackoverflow/SQLStorm/15173.sql (2 warmup + step-up 1 16 x1)
  warmup 1/2: 1.300984 sec (cache prime)
  warmup 2/2: 1.028779 sec
  idle baseline: 5.0s, package 0.461 W, dram 0.256 W
  N=1   batch 1/1: 1.026675 sec, 1 copy (server sum 970.123 ms)
  N=16  batch 1/1: 14.719921 sec, 16 copies (server sum 14643.631 ms)
  done: 2 sizes x 1 run (0 failures)

Done. Batch rows appended to logs/compare/warm_stepup/compare_server001_s1_20261004T161823Z/query_timing_stackoverflow_1gb.csv
Per-copy samples appended to logs/compare/warm_stepup/compare_server001_s1_20261004T161823Z/query_samples_stackoverflow_1gb.csv
Idle baselines appended to logs/compare/warm_stepup/compare_server001_s1_20261004T161823Z/query_idle_stackoverflow_1gb.csv
Machine identity appended to logs/compare/warm_stepup/compare_server001_s1_20261004T161823Z/query_runinfo_stackoverflow_1gb.csv
Last batch ended at epoch 1791137730.168 (PREV_END_EPOCH for the next invocation)
===== [185/324] queries/stackoverflow/SQLStorm/11473.sql run_id=6EF9D0F4FC2F868D =====
query_runner configuration:
  QUERY_DIR         = queries/stackoverflow/SQLStorm/11473.sql
  LOGS_DIR          = logs/compare/warm_stepup/compare_server001_s1_20261004T161823Z  (query_timing_/query_samples_/query_catalog_stackoverflow_1gb.csv)
  DB_NAME / DB_USER = stackoverflow_1gb / postgres
  PGPORT            = 5432  (server reports 18.6)
  RUN_ID            = 6EF9D0F4FC2F868D
  WARMUP            = 2 single-copy warm-ups (the first primes the cache)
  BATCH_SIZES       = 1 16  x RUNS=1 measured batches each
  WORKERS           = (planner default)
  STATEMENT_TIMEOUT = 15
  THERMAL_EQUALISE  = gate (T_LO=40 T_HI=60 preheat<=60s cooldown<=120s)
  sensors           = pkg:/sys/class/hwmon/hwmon8/temp1_input cores:4 cpufreq:8 throttle:8/8
  WARMUP_FAIL_SKIP  = on (a failed warm-up skips the query's measured batches)
  IDLE_BASELINE_S   = 5.0 s before each query's measured batches
  SIGLESS_ADDR      = (disabled)
Found 1 query under queries/stackoverflow/SQLStorm/11473.sql

RAPL: powercap, 1 package, domains: pkg core gpu/uncore dram

[1/1] queries/stackoverflow/SQLStorm/11473.sql (2 warmup + step-up 1 16 x1)
  warmup 1/2: 0.351639 sec (cache prime)
  warmup 2/2: 0.172740 sec
  idle baseline: 5.0s, package 0.473 W, dram 0.255 W
  N=1   batch 1/1: 0.171111 sec, 1 copy (server sum 115.259 ms)
  N=16  batch 1/1: 1.906005 sec, 16 copies (server sum 1835.334 ms)
  done: 2 sizes x 1 run (0 failures)

Done. Batch rows appended to logs/compare/warm_stepup/compare_server001_s1_20261004T161823Z/query_timing_stackoverflow_1gb.csv
Per-copy samples appended to logs/compare/warm_stepup/compare_server001_s1_20261004T161823Z/query_samples_stackoverflow_1gb.csv
Idle baselines appended to logs/compare/warm_stepup/compare_server001_s1_20261004T161823Z/query_idle_stackoverflow_1gb.csv
Machine identity appended to logs/compare/warm_stepup/compare_server001_s1_20261004T161823Z/query_runinfo_stackoverflow_1gb.csv
Last batch ended at epoch 1791137741.001 (PREV_END_EPOCH for the next invocation)
===== [186/324] queries/stackoverflow/SQLStorm/17234.sql run_id=07C592CE801F3FB7 =====
query_runner configuration:
  QUERY_DIR         = queries/stackoverflow/SQLStorm/17234.sql
  LOGS_DIR          = logs/compare/warm_stepup/compare_server001_s1_20261004T161823Z  (query_timing_/query_samples_/query_catalog_stackoverflow_1gb.csv)
  DB_NAME / DB_USER = stackoverflow_1gb / postgres
  PGPORT            = 5432  (server reports 18.6)
  RUN_ID            = 07C592CE801F3FB7
  WARMUP            = 2 single-copy warm-ups (the first primes the cache)
  BATCH_SIZES       = 1 16  x RUNS=1 measured batches each
  WORKERS           = (planner default)
  STATEMENT_TIMEOUT = 15
  THERMAL_EQUALISE  = gate (T_LO=40 T_HI=60 preheat<=60s cooldown<=120s)
  sensors           = pkg:/sys/class/hwmon/hwmon8/temp1_input cores:4 cpufreq:8 throttle:8/8
  WARMUP_FAIL_SKIP  = on (a failed warm-up skips the query's measured batches)
  IDLE_BASELINE_S   = 5.0 s before each query's measured batches
  SIGLESS_ADDR      = (disabled)
Found 1 query under queries/stackoverflow/SQLStorm/17234.sql

RAPL: powercap, 1 package, domains: pkg core gpu/uncore dram

[1/1] queries/stackoverflow/SQLStorm/17234.sql (2 warmup + step-up 1 16 x1)
  warmup 1/2: 0.697585 sec (cache prime)
  warmup 2/2: 0.563673 sec
  idle baseline: 5.0s, package 0.469 W, dram 0.256 W
  N=1   batch 1/1: 0.566384 sec, 1 copy (server sum 510.146 ms)
  N=16  batch 1/1: 7.528345 sec, 16 copies (server sum 7434.851 ms)
  done: 2 sizes x 1 run (0 failures)

Done. Batch rows appended to logs/compare/warm_stepup/compare_server001_s1_20261004T161823Z/query_timing_stackoverflow_1gb.csv
Per-copy samples appended to logs/compare/warm_stepup/compare_server001_s1_20261004T161823Z/query_samples_stackoverflow_1gb.csv
Idle baselines appended to logs/compare/warm_stepup/compare_server001_s1_20261004T161823Z/query_idle_stackoverflow_1gb.csv
Machine identity appended to logs/compare/warm_stepup/compare_server001_s1_20261004T161823Z/query_runinfo_stackoverflow_1gb.csv
Last batch ended at epoch 1791137758.609 (PREV_END_EPOCH for the next invocation)
===== [187/324] queries/stackoverflow/SQLStorm/14978.sql run_id=71162F7F88E445C3 =====
query_runner configuration:
  QUERY_DIR         = queries/stackoverflow/SQLStorm/14978.sql
  LOGS_DIR          = logs/compare/warm_stepup/compare_server001_s1_20261004T161823Z  (query_timing_/query_samples_/query_catalog_stackoverflow_1gb.csv)
  DB_NAME / DB_USER = stackoverflow_1gb / postgres
  PGPORT            = 5432  (server reports 18.6)
  RUN_ID            = 71162F7F88E445C3
  WARMUP            = 2 single-copy warm-ups (the first primes the cache)
  BATCH_SIZES       = 1 16  x RUNS=1 measured batches each
  WORKERS           = (planner default)
  STATEMENT_TIMEOUT = 15
  THERMAL_EQUALISE  = gate (T_LO=40 T_HI=60 preheat<=60s cooldown<=120s)
  sensors           = pkg:/sys/class/hwmon/hwmon8/temp1_input cores:4 cpufreq:8 throttle:8/8
  WARMUP_FAIL_SKIP  = on (a failed warm-up skips the query's measured batches)
  IDLE_BASELINE_S   = 5.0 s before each query's measured batches
  SIGLESS_ADDR      = (disabled)
Found 1 query under queries/stackoverflow/SQLStorm/14978.sql

RAPL: powercap, 1 package, domains: pkg core gpu/uncore dram

[1/1] queries/stackoverflow/SQLStorm/14978.sql (2 warmup + step-up 1 16 x1)
  warmup 1/2: 0.331910 sec (cache prime)
  warmup 2/2: 0.157112 sec
  idle baseline: 5.0s, package 0.476 W, dram 0.255 W
  N=1   batch 1/1: 0.156966 sec, 1 copy (server sum 101.097 ms)
  N=16  batch 1/1: 1.651885 sec, 16 copies (server sum 1582.032 ms)
  done: 2 sizes x 1 run (0 failures)

Done. Batch rows appended to logs/compare/warm_stepup/compare_server001_s1_20261004T161823Z/query_timing_stackoverflow_1gb.csv
Per-copy samples appended to logs/compare/warm_stepup/compare_server001_s1_20261004T161823Z/query_samples_stackoverflow_1gb.csv
Idle baselines appended to logs/compare/warm_stepup/compare_server001_s1_20261004T161823Z/query_idle_stackoverflow_1gb.csv
Machine identity appended to logs/compare/warm_stepup/compare_server001_s1_20261004T161823Z/query_runinfo_stackoverflow_1gb.csv
Last batch ended at epoch 1791137769.222 (PREV_END_EPOCH for the next invocation)
===== [188/324] queries/stackoverflow/SQLStorm/2863.sql run_id=7D1BC0268B1343D3 =====
query_runner configuration:
  QUERY_DIR         = queries/stackoverflow/SQLStorm/2863.sql
  LOGS_DIR          = logs/compare/warm_stepup/compare_server001_s1_20261004T161823Z  (query_timing_/query_samples_/query_catalog_stackoverflow_1gb.csv)
  DB_NAME / DB_USER = stackoverflow_1gb / postgres
  PGPORT            = 5432  (server reports 18.6)
  RUN_ID            = 7D1BC0268B1343D3
  WARMUP            = 2 single-copy warm-ups (the first primes the cache)
  BATCH_SIZES       = 1 16  x RUNS=1 measured batches each
  WORKERS           = (planner default)
  STATEMENT_TIMEOUT = 15
  THERMAL_EQUALISE  = gate (T_LO=40 T_HI=60 preheat<=60s cooldown<=120s)
  sensors           = pkg:/sys/class/hwmon/hwmon8/temp1_input cores:4 cpufreq:8 throttle:8/8
  WARMUP_FAIL_SKIP  = on (a failed warm-up skips the query's measured batches)
  IDLE_BASELINE_S   = 5.0 s before each query's measured batches
  SIGLESS_ADDR      = (disabled)
Found 1 query under queries/stackoverflow/SQLStorm/2863.sql

RAPL: powercap, 1 package, domains: pkg core gpu/uncore dram

[1/1] queries/stackoverflow/SQLStorm/2863.sql (2 warmup + step-up 1 16 x1)
  warmup 1/2: 2.124982 sec (cache prime)
  warmup 2/2: 1.473970 sec
  idle baseline: 5.0s, package 0.464 W, dram 0.256 W
  N=1   batch 1/1: 1.484215 sec, 1 copy (server sum 1425.119 ms)
  N=16  batch 1/1: 21.572889 sec, 16 copies (server sum 21432.559 ms)
  done: 2 sizes x 1 run (0 failures)

Done. Batch rows appended to logs/compare/warm_stepup/compare_server001_s1_20261004T161823Z/query_timing_stackoverflow_1gb.csv
Per-copy samples appended to logs/compare/warm_stepup/compare_server001_s1_20261004T161823Z/query_samples_stackoverflow_1gb.csv
Idle baselines appended to logs/compare/warm_stepup/compare_server001_s1_20261004T161823Z/query_idle_stackoverflow_1gb.csv
Machine identity appended to logs/compare/warm_stepup/compare_server001_s1_20261004T161823Z/query_runinfo_stackoverflow_1gb.csv
Last batch ended at epoch 1791137804.283 (PREV_END_EPOCH for the next invocation)
===== [189/324] queries/stackoverflow/SQLStorm/32661.sql run_id=EC19178627674155 =====
query_runner configuration:
  QUERY_DIR         = queries/stackoverflow/SQLStorm/32661.sql
  LOGS_DIR          = logs/compare/warm_stepup/compare_server001_s1_20261004T161823Z  (query_timing_/query_samples_/query_catalog_stackoverflow_1gb.csv)
  DB_NAME / DB_USER = stackoverflow_1gb / postgres
  PGPORT            = 5432  (server reports 18.6)
  RUN_ID            = EC19178627674155
  WARMUP            = 2 single-copy warm-ups (the first primes the cache)
  BATCH_SIZES       = 1 16  x RUNS=1 measured batches each
  WORKERS           = (planner default)
  STATEMENT_TIMEOUT = 15
  THERMAL_EQUALISE  = gate (T_LO=40 T_HI=60 preheat<=60s cooldown<=120s)
  sensors           = pkg:/sys/class/hwmon/hwmon8/temp1_input cores:4 cpufreq:8 throttle:8/8
  WARMUP_FAIL_SKIP  = on (a failed warm-up skips the query's measured batches)
  IDLE_BASELINE_S   = 5.0 s before each query's measured batches
  SIGLESS_ADDR      = (disabled)
Found 1 query under queries/stackoverflow/SQLStorm/32661.sql

RAPL: powercap, 1 package, domains: pkg core gpu/uncore dram

[1/1] queries/stackoverflow/SQLStorm/32661.sql (2 warmup + step-up 1 16 x1)
  warmup 1/2: 5.206239 sec (cache prime)
  warmup 2/2: 4.841438 sec
  idle baseline: 5.0s, package 0.548 W, dram 0.257 W
  N=1   batch 1/1: 4.836573 sec, 1 copy (server sum 4777.566 ms)
  N=16  batch 1/1: 71.558541 sec, 16 copies (server sum 71452.333 ms)
  done: 2 sizes x 1 run (0 failures)

Done. Batch rows appended to logs/compare/warm_stepup/compare_server001_s1_20261004T161823Z/query_timing_stackoverflow_1gb.csv
Per-copy samples appended to logs/compare/warm_stepup/compare_server001_s1_20261004T161823Z/query_samples_stackoverflow_1gb.csv
Idle baselines appended to logs/compare/warm_stepup/compare_server001_s1_20261004T161823Z/query_idle_stackoverflow_1gb.csv
Machine identity appended to logs/compare/warm_stepup/compare_server001_s1_20261004T161823Z/query_runinfo_stackoverflow_1gb.csv
Last batch ended at epoch 1791137899.336 (PREV_END_EPOCH for the next invocation)
===== [190/324] queries/stackoverflow/SQLStorm/1255.sql run_id=AC7682FB196B8AAC =====
query_runner configuration:
  QUERY_DIR         = queries/stackoverflow/SQLStorm/1255.sql
  LOGS_DIR          = logs/compare/warm_stepup/compare_server001_s1_20261004T161823Z  (query_timing_/query_samples_/query_catalog_stackoverflow_1gb.csv)
  DB_NAME / DB_USER = stackoverflow_1gb / postgres
  PGPORT            = 5432  (server reports 18.6)
  RUN_ID            = AC7682FB196B8AAC
  WARMUP            = 2 single-copy warm-ups (the first primes the cache)
  BATCH_SIZES       = 1 16  x RUNS=1 measured batches each
  WORKERS           = (planner default)
  STATEMENT_TIMEOUT = 15
  THERMAL_EQUALISE  = gate (T_LO=40 T_HI=60 preheat<=60s cooldown<=120s)
  sensors           = pkg:/sys/class/hwmon/hwmon8/temp1_input cores:4 cpufreq:8 throttle:8/8
  WARMUP_FAIL_SKIP  = on (a failed warm-up skips the query's measured batches)
  IDLE_BASELINE_S   = 5.0 s before each query's measured batches
  SIGLESS_ADDR      = (disabled)
Found 1 query under queries/stackoverflow/SQLStorm/1255.sql

RAPL: powercap, 1 package, domains: pkg core gpu/uncore dram

[1/1] queries/stackoverflow/SQLStorm/1255.sql (2 warmup + step-up 1 16 x1)
  warmup 1/2: 0.744282 sec (cache prime)
  warmup 2/2: 0.442385 sec
  idle baseline: 5.0s, package 0.493 W, dram 0.256 W
  N=1   batch 1/1: 0.440623 sec, 1 copy (server sum 383.124 ms)
  N=16  batch 1/1: 5.530995 sec, 16 copies (server sum 5450.745 ms)
  done: 2 sizes x 1 run (0 failures)

Done. Batch rows appended to logs/compare/warm_stepup/compare_server001_s1_20261004T161823Z/query_timing_stackoverflow_1gb.csv
Per-copy samples appended to logs/compare/warm_stepup/compare_server001_s1_20261004T161823Z/query_samples_stackoverflow_1gb.csv
Idle baselines appended to logs/compare/warm_stepup/compare_server001_s1_20261004T161823Z/query_idle_stackoverflow_1gb.csv
Machine identity appended to logs/compare/warm_stepup/compare_server001_s1_20261004T161823Z/query_runinfo_stackoverflow_1gb.csv
Last batch ended at epoch 1791137915.160 (PREV_END_EPOCH for the next invocation)
===== [191/324] queries/stackoverflow/SQLStorm/14349.sql run_id=2C550759962306A6 =====
query_runner configuration:
  QUERY_DIR         = queries/stackoverflow/SQLStorm/14349.sql
  LOGS_DIR          = logs/compare/warm_stepup/compare_server001_s1_20261004T161823Z  (query_timing_/query_samples_/query_catalog_stackoverflow_1gb.csv)
  DB_NAME / DB_USER = stackoverflow_1gb / postgres
  PGPORT            = 5432  (server reports 18.6)
  RUN_ID            = 2C550759962306A6
  WARMUP            = 2 single-copy warm-ups (the first primes the cache)
  BATCH_SIZES       = 1 16  x RUNS=1 measured batches each
  WORKERS           = (planner default)
  STATEMENT_TIMEOUT = 15
  THERMAL_EQUALISE  = gate (T_LO=40 T_HI=60 preheat<=60s cooldown<=120s)
  sensors           = pkg:/sys/class/hwmon/hwmon8/temp1_input cores:4 cpufreq:8 throttle:8/8
  WARMUP_FAIL_SKIP  = on (a failed warm-up skips the query's measured batches)
  IDLE_BASELINE_S   = 5.0 s before each query's measured batches
  SIGLESS_ADDR      = (disabled)
Found 1 query under queries/stackoverflow/SQLStorm/14349.sql

RAPL: powercap, 1 package, domains: pkg core gpu/uncore dram

[1/1] queries/stackoverflow/SQLStorm/14349.sql (2 warmup + step-up 1 16 x1)
  warmup 1/2: 3.603332 sec (cache prime)
  warmup 2/2: 3.304270 sec
  idle baseline: 5.0s, package 0.454 W, dram 0.257 W
  N=1   batch 1/1: 3.305524 sec, 1 copy (server sum 3250.127 ms)
  N=16  batch 1/1: 50.928429 sec, 16 copies (server sum 50861.194 ms)
  done: 2 sizes x 1 run (0 failures)

Done. Batch rows appended to logs/compare/warm_stepup/compare_server001_s1_20261004T161823Z/query_timing_stackoverflow_1gb.csv
Per-copy samples appended to logs/compare/warm_stepup/compare_server001_s1_20261004T161823Z/query_samples_stackoverflow_1gb.csv
Idle baselines appended to logs/compare/warm_stepup/compare_server001_s1_20261004T161823Z/query_idle_stackoverflow_1gb.csv
Machine identity appended to logs/compare/warm_stepup/compare_server001_s1_20261004T161823Z/query_runinfo_stackoverflow_1gb.csv
Last batch ended at epoch 1791137984.538 (PREV_END_EPOCH for the next invocation)
===== [192/324] queries/stackoverflow/SQLStorm/13386.sql run_id=5D9C6CC4BDE9A42C =====
query_runner configuration:
  QUERY_DIR         = queries/stackoverflow/SQLStorm/13386.sql
  LOGS_DIR          = logs/compare/warm_stepup/compare_server001_s1_20261004T161823Z  (query_timing_/query_samples_/query_catalog_stackoverflow_1gb.csv)
  DB_NAME / DB_USER = stackoverflow_1gb / postgres
  PGPORT            = 5432  (server reports 18.6)
  RUN_ID            = 5D9C6CC4BDE9A42C
  WARMUP            = 2 single-copy warm-ups (the first primes the cache)
  BATCH_SIZES       = 1 16  x RUNS=1 measured batches each
  WORKERS           = (planner default)
  STATEMENT_TIMEOUT = 15
  THERMAL_EQUALISE  = gate (T_LO=40 T_HI=60 preheat<=60s cooldown<=120s)
  sensors           = pkg:/sys/class/hwmon/hwmon8/temp1_input cores:4 cpufreq:8 throttle:8/8
  WARMUP_FAIL_SKIP  = on (a failed warm-up skips the query's measured batches)
  IDLE_BASELINE_S   = 5.0 s before each query's measured batches
  SIGLESS_ADDR      = (disabled)
Found 1 query under queries/stackoverflow/SQLStorm/13386.sql

RAPL: powercap, 1 package, domains: pkg core gpu/uncore dram

[1/1] queries/stackoverflow/SQLStorm/13386.sql (2 warmup + step-up 1 16 x1)
  warmup 1/2: 2.024638 sec (cache prime)
  warmup 2/2: 1.816560 sec
  idle baseline: 5.0s, package 0.464 W, dram 0.256 W
  N=1   batch 1/1: 1.814334 sec, 1 copy (server sum 1758.454 ms)
  N=16  batch 1/1: 27.290718 sec, 16 copies (server sum 27220.145 ms)
  done: 2 sizes x 1 run (0 failures)

Done. Batch rows appended to logs/compare/warm_stepup/compare_server001_s1_20261004T161823Z/query_timing_stackoverflow_1gb.csv
Per-copy samples appended to logs/compare/warm_stepup/compare_server001_s1_20261004T161823Z/query_samples_stackoverflow_1gb.csv
Idle baselines appended to logs/compare/warm_stepup/compare_server001_s1_20261004T161823Z/query_idle_stackoverflow_1gb.csv
Machine identity appended to logs/compare/warm_stepup/compare_server001_s1_20261004T161823Z/query_runinfo_stackoverflow_1gb.csv
Last batch ended at epoch 1791138026.244 (PREV_END_EPOCH for the next invocation)
===== [193/324] queries/stackoverflow/SQLStorm/14843.sql run_id=C7069A848548907D =====
query_runner configuration:
  QUERY_DIR         = queries/stackoverflow/SQLStorm/14843.sql
  LOGS_DIR          = logs/compare/warm_stepup/compare_server001_s1_20261004T161823Z  (query_timing_/query_samples_/query_catalog_stackoverflow_1gb.csv)
  DB_NAME / DB_USER = stackoverflow_1gb / postgres
  PGPORT            = 5432  (server reports 18.6)
  RUN_ID            = C7069A848548907D
  WARMUP            = 2 single-copy warm-ups (the first primes the cache)
  BATCH_SIZES       = 1 16  x RUNS=1 measured batches each
  WORKERS           = (planner default)
  STATEMENT_TIMEOUT = 15
  THERMAL_EQUALISE  = gate (T_LO=40 T_HI=60 preheat<=60s cooldown<=120s)
  sensors           = pkg:/sys/class/hwmon/hwmon8/temp1_input cores:4 cpufreq:8 throttle:8/8
  WARMUP_FAIL_SKIP  = on (a failed warm-up skips the query's measured batches)
  IDLE_BASELINE_S   = 5.0 s before each query's measured batches
  SIGLESS_ADDR      = (disabled)
Found 1 query under queries/stackoverflow/SQLStorm/14843.sql

RAPL: powercap, 1 package, domains: pkg core gpu/uncore dram

[1/1] queries/stackoverflow/SQLStorm/14843.sql (2 warmup + step-up 1 16 x1)
  warmup 1/2: 0.298616 sec (cache prime)
  warmup 2/2: 0.163245 sec
  idle baseline: 5.0s, package 0.454 W, dram 0.255 W
  N=1   batch 1/1: 0.164508 sec, 1 copy (server sum 108.277 ms)
  N=16  batch 1/1: 1.552709 sec, 16 copies (server sum 1486.552 ms)
  done: 2 sizes x 1 run (0 failures)

Done. Batch rows appended to logs/compare/warm_stepup/compare_server001_s1_20261004T161823Z/query_timing_stackoverflow_1gb.csv
Per-copy samples appended to logs/compare/warm_stepup/compare_server001_s1_20261004T161823Z/query_samples_stackoverflow_1gb.csv
Idle baselines appended to logs/compare/warm_stepup/compare_server001_s1_20261004T161823Z/query_idle_stackoverflow_1gb.csv
Machine identity appended to logs/compare/warm_stepup/compare_server001_s1_20261004T161823Z/query_runinfo_stackoverflow_1gb.csv
Last batch ended at epoch 1791138036.650 (PREV_END_EPOCH for the next invocation)
===== [194/324] queries/stackoverflow/SQLStorm/2243.sql run_id=DEA7E1D87ED43A3C =====
query_runner configuration:
  QUERY_DIR         = queries/stackoverflow/SQLStorm/2243.sql
  LOGS_DIR          = logs/compare/warm_stepup/compare_server001_s1_20261004T161823Z  (query_timing_/query_samples_/query_catalog_stackoverflow_1gb.csv)
  DB_NAME / DB_USER = stackoverflow_1gb / postgres
  PGPORT            = 5432  (server reports 18.6)
  RUN_ID            = DEA7E1D87ED43A3C
  WARMUP            = 2 single-copy warm-ups (the first primes the cache)
  BATCH_SIZES       = 1 16  x RUNS=1 measured batches each
  WORKERS           = (planner default)
  STATEMENT_TIMEOUT = 15
  THERMAL_EQUALISE  = gate (T_LO=40 T_HI=60 preheat<=60s cooldown<=120s)
  sensors           = pkg:/sys/class/hwmon/hwmon8/temp1_input cores:4 cpufreq:8 throttle:8/8
  WARMUP_FAIL_SKIP  = on (a failed warm-up skips the query's measured batches)
  IDLE_BASELINE_S   = 5.0 s before each query's measured batches
  SIGLESS_ADDR      = (disabled)
Found 1 query under queries/stackoverflow/SQLStorm/2243.sql

RAPL: powercap, 1 package, domains: pkg core gpu/uncore dram

[1/1] queries/stackoverflow/SQLStorm/2243.sql (2 warmup + step-up 1 16 x1)
  warmup 1/2: 1.674498 sec (cache prime)
  warmup 2/2: 1.372665 sec
  idle baseline: 5.0s, package 0.449 W, dram 0.256 W
  N=1   batch 1/1: 1.372828 sec, 1 copy (server sum 1315.031 ms)
  N=16  batch 1/1: 19.946566 sec, 16 copies (server sum 19857.075 ms)
  done: 2 sizes x 1 run (0 failures)

Done. Batch rows appended to logs/compare/warm_stepup/compare_server001_s1_20261004T161823Z/query_timing_stackoverflow_1gb.csv
Per-copy samples appended to logs/compare/warm_stepup/compare_server001_s1_20261004T161823Z/query_samples_stackoverflow_1gb.csv
Idle baselines appended to logs/compare/warm_stepup/compare_server001_s1_20261004T161823Z/query_idle_stackoverflow_1gb.csv
Machine identity appended to logs/compare/warm_stepup/compare_server001_s1_20261004T161823Z/query_runinfo_stackoverflow_1gb.csv
Last batch ended at epoch 1791138069.298 (PREV_END_EPOCH for the next invocation)
===== [195/324] compare/probes/probe_sort.sql run_id=D8DEDEB2520AC9F5 =====
query_runner configuration:
  QUERY_DIR         = compare/probes/probe_sort.sql
  LOGS_DIR          = logs/compare/warm_stepup/compare_server001_s1_20261004T161823Z  (query_timing_/query_samples_/query_catalog_stackoverflow_1gb.csv)
  DB_NAME / DB_USER = stackoverflow_1gb / postgres
  PGPORT            = 5432  (server reports 18.6)
  RUN_ID            = D8DEDEB2520AC9F5
  WARMUP            = 2 single-copy warm-ups (the first primes the cache)
  BATCH_SIZES       = 1 16  x RUNS=1 measured batches each
  WORKERS           = (planner default)
  STATEMENT_TIMEOUT = 15
  THERMAL_EQUALISE  = gate (T_LO=40 T_HI=60 preheat<=60s cooldown<=120s)
  sensors           = pkg:/sys/class/hwmon/hwmon8/temp1_input cores:4 cpufreq:8 throttle:8/8
  WARMUP_FAIL_SKIP  = on (a failed warm-up skips the query's measured batches)
  IDLE_BASELINE_S   = 5.0 s before each query's measured batches
  SIGLESS_ADDR      = (disabled)
Found 1 query under compare/probes/probe_sort.sql

RAPL: powercap, 1 package, domains: pkg core gpu/uncore dram

[1/1] compare/probes/probe_sort.sql (2 warmup + step-up 1 16 x1)
  warmup 1/2: 1.742601 sec (cache prime)
  warmup 2/2: 1.608560 sec
  idle baseline: 5.0s, package 0.457 W, dram 0.256 W
  N=1   batch 1/1: 1.610141 sec, 0 copies
  N=16  batch 1/1: 24.949486 sec, 0 copies
  done: 2 sizes x 1 run (0 failures)

Done. Batch rows appended to logs/compare/warm_stepup/compare_server001_s1_20261004T161823Z/query_timing_stackoverflow_1gb.csv
Per-copy samples appended to logs/compare/warm_stepup/compare_server001_s1_20261004T161823Z/query_samples_stackoverflow_1gb.csv
Idle baselines appended to logs/compare/warm_stepup/compare_server001_s1_20261004T161823Z/query_idle_stackoverflow_1gb.csv
Machine identity appended to logs/compare/warm_stepup/compare_server001_s1_20261004T161823Z/query_runinfo_stackoverflow_1gb.csv
Last batch ended at epoch 1791138107.806 (PREV_END_EPOCH for the next invocation)
===== [196/324] queries/stackoverflow/SQLStorm/16363.sql run_id=733EADB9C7CC3977 =====
query_runner configuration:
  QUERY_DIR         = queries/stackoverflow/SQLStorm/16363.sql
  LOGS_DIR          = logs/compare/warm_stepup/compare_server001_s1_20261004T161823Z  (query_timing_/query_samples_/query_catalog_stackoverflow_1gb.csv)
  DB_NAME / DB_USER = stackoverflow_1gb / postgres
  PGPORT            = 5432  (server reports 18.6)
  RUN_ID            = 733EADB9C7CC3977
  WARMUP            = 2 single-copy warm-ups (the first primes the cache)
  BATCH_SIZES       = 1 16  x RUNS=1 measured batches each
  WORKERS           = (planner default)
  STATEMENT_TIMEOUT = 15
  THERMAL_EQUALISE  = gate (T_LO=40 T_HI=60 preheat<=60s cooldown<=120s)
  sensors           = pkg:/sys/class/hwmon/hwmon8/temp1_input cores:4 cpufreq:8 throttle:8/8
  WARMUP_FAIL_SKIP  = on (a failed warm-up skips the query's measured batches)
  IDLE_BASELINE_S   = 5.0 s before each query's measured batches
  SIGLESS_ADDR      = (disabled)
Found 1 query under queries/stackoverflow/SQLStorm/16363.sql

RAPL: powercap, 1 package, domains: pkg core gpu/uncore dram

[1/1] queries/stackoverflow/SQLStorm/16363.sql (2 warmup + step-up 1 16 x1)
  warmup 1/2: 3.562824 sec (cache prime)
  warmup 2/2: 2.676708 sec
  idle baseline: 5.0s, package 0.543 W, dram 0.256 W
  N=1   batch 1/1: 2.684840 sec, 1 copy (server sum 2628.264 ms)
  N=16  batch 1/1: 41.051218 sec, 16 copies (server sum 40975.029 ms)
  done: 2 sizes x 1 run (0 failures)

Done. Batch rows appended to logs/compare/warm_stepup/compare_server001_s1_20261004T161823Z/query_timing_stackoverflow_1gb.csv
Per-copy samples appended to logs/compare/warm_stepup/compare_server001_s1_20261004T161823Z/query_samples_stackoverflow_1gb.csv
Idle baselines appended to logs/compare/warm_stepup/compare_server001_s1_20261004T161823Z/query_idle_stackoverflow_1gb.csv
Machine identity appended to logs/compare/warm_stepup/compare_server001_s1_20261004T161823Z/query_runinfo_stackoverflow_1gb.csv
Last batch ended at epoch 1791138165.971 (PREV_END_EPOCH for the next invocation)
===== [197/324] queries/stackoverflow/SQLStorm/32216.sql run_id=57EE6C842573B5A5 =====
query_runner configuration:
  QUERY_DIR         = queries/stackoverflow/SQLStorm/32216.sql
  LOGS_DIR          = logs/compare/warm_stepup/compare_server001_s1_20261004T161823Z  (query_timing_/query_samples_/query_catalog_stackoverflow_1gb.csv)
  DB_NAME / DB_USER = stackoverflow_1gb / postgres
  PGPORT            = 5432  (server reports 18.6)
  RUN_ID            = 57EE6C842573B5A5
  WARMUP            = 2 single-copy warm-ups (the first primes the cache)
  BATCH_SIZES       = 1 16  x RUNS=1 measured batches each
  WORKERS           = (planner default)
  STATEMENT_TIMEOUT = 15
  THERMAL_EQUALISE  = gate (T_LO=40 T_HI=60 preheat<=60s cooldown<=120s)
  sensors           = pkg:/sys/class/hwmon/hwmon8/temp1_input cores:4 cpufreq:8 throttle:8/8
  WARMUP_FAIL_SKIP  = on (a failed warm-up skips the query's measured batches)
  IDLE_BASELINE_S   = 5.0 s before each query's measured batches
  SIGLESS_ADDR      = (disabled)
Found 1 query under queries/stackoverflow/SQLStorm/32216.sql

RAPL: powercap, 1 package, domains: pkg core gpu/uncore dram

[1/1] queries/stackoverflow/SQLStorm/32216.sql (2 warmup + step-up 1 16 x1)
  warmup 1/2: 4.243383 sec (cache prime)
  warmup 2/2: 3.993003 sec
  idle baseline: 5.0s, package 0.582 W, dram 0.259 W
  N=1   batch 1/1: 3.983773 sec, 1 copy (server sum 3925.074 ms)
  N=16  batch 1/1: 60.677204 sec, 16 copies (server sum 60582.027 ms)
  done: 2 sizes x 1 run (0 failures)

Done. Batch rows appended to logs/compare/warm_stepup/compare_server001_s1_20261004T161823Z/query_timing_stackoverflow_1gb.csv
Per-copy samples appended to logs/compare/warm_stepup/compare_server001_s1_20261004T161823Z/query_samples_stackoverflow_1gb.csv
Idle baselines appended to logs/compare/warm_stepup/compare_server001_s1_20261004T161823Z/query_idle_stackoverflow_1gb.csv
Machine identity appended to logs/compare/warm_stepup/compare_server001_s1_20261004T161823Z/query_runinfo_stackoverflow_1gb.csv
Last batch ended at epoch 1791138247.220 (PREV_END_EPOCH for the next invocation)
===== [198/324] compare/probes/probe_cpu.sql run_id=B9EBE50C0F9A0E23 =====
query_runner configuration:
  QUERY_DIR         = compare/probes/probe_cpu.sql
  LOGS_DIR          = logs/compare/warm_stepup/compare_server001_s1_20261004T161823Z  (query_timing_/query_samples_/query_catalog_stackoverflow_1gb.csv)
  DB_NAME / DB_USER = stackoverflow_1gb / postgres
  PGPORT            = 5432  (server reports 18.6)
  RUN_ID            = B9EBE50C0F9A0E23
  WARMUP            = 2 single-copy warm-ups (the first primes the cache)
  BATCH_SIZES       = 1 16  x RUNS=1 measured batches each
  WORKERS           = (planner default)
  STATEMENT_TIMEOUT = 15
  THERMAL_EQUALISE  = gate (T_LO=40 T_HI=60 preheat<=60s cooldown<=120s)
  sensors           = pkg:/sys/class/hwmon/hwmon8/temp1_input cores:4 cpufreq:8 throttle:8/8
  WARMUP_FAIL_SKIP  = on (a failed warm-up skips the query's measured batches)
  IDLE_BASELINE_S   = 5.0 s before each query's measured batches
  SIGLESS_ADDR      = (disabled)
Found 1 query under compare/probes/probe_cpu.sql

RAPL: powercap, 1 package, domains: pkg core gpu/uncore dram

[1/1] compare/probes/probe_cpu.sql (2 warmup + step-up 1 16 x1)
  warmup 1/2: 1.748486 sec (cache prime)
  warmup 2/2: 1.635109 sec
  idle baseline: 5.0s, package 0.438 W, dram 0.256 W
  N=1   batch 1/1: 1.625333 sec, 0 copies
  N=16  batch 1/1: 24.997821 sec, 0 copies
  done: 2 sizes x 1 run (0 failures)

Done. Batch rows appended to logs/compare/warm_stepup/compare_server001_s1_20261004T161823Z/query_timing_stackoverflow_1gb.csv
Per-copy samples appended to logs/compare/warm_stepup/compare_server001_s1_20261004T161823Z/query_samples_stackoverflow_1gb.csv
Idle baselines appended to logs/compare/warm_stepup/compare_server001_s1_20261004T161823Z/query_idle_stackoverflow_1gb.csv
Machine identity appended to logs/compare/warm_stepup/compare_server001_s1_20261004T161823Z/query_runinfo_stackoverflow_1gb.csv
Last batch ended at epoch 1791138285.725 (PREV_END_EPOCH for the next invocation)
===== [199/324] queries/stackoverflow/SQLStorm/10937.sql run_id=6AE0E94973AB549C =====
query_runner configuration:
  QUERY_DIR         = queries/stackoverflow/SQLStorm/10937.sql
  LOGS_DIR          = logs/compare/warm_stepup/compare_server001_s1_20261004T161823Z  (query_timing_/query_samples_/query_catalog_stackoverflow_1gb.csv)
  DB_NAME / DB_USER = stackoverflow_1gb / postgres
  PGPORT            = 5432  (server reports 18.6)
  RUN_ID            = 6AE0E94973AB549C
  WARMUP            = 2 single-copy warm-ups (the first primes the cache)
  BATCH_SIZES       = 1 16  x RUNS=1 measured batches each
  WORKERS           = (planner default)
  STATEMENT_TIMEOUT = 15
  THERMAL_EQUALISE  = gate (T_LO=40 T_HI=60 preheat<=60s cooldown<=120s)
  sensors           = pkg:/sys/class/hwmon/hwmon8/temp1_input cores:4 cpufreq:8 throttle:8/8
  WARMUP_FAIL_SKIP  = on (a failed warm-up skips the query's measured batches)
  IDLE_BASELINE_S   = 5.0 s before each query's measured batches
  SIGLESS_ADDR      = (disabled)
Found 1 query under queries/stackoverflow/SQLStorm/10937.sql

RAPL: powercap, 1 package, domains: pkg core gpu/uncore dram

[1/1] queries/stackoverflow/SQLStorm/10937.sql (2 warmup + step-up 1 16 x1)
  warmup 1/2: 0.575273 sec (cache prime)
  warmup 2/2: 0.341430 sec
  idle baseline: 5.0s, package 0.471 W, dram 0.256 W
  N=1   batch 1/1: 0.341174 sec, 1 copy (server sum 284.801 ms)
  N=16  batch 1/1: 4.526571 sec, 16 copies (server sum 4456.143 ms)
  done: 2 sizes x 1 run (0 failures)

Done. Batch rows appended to logs/compare/warm_stepup/compare_server001_s1_20261004T161823Z/query_timing_stackoverflow_1gb.csv
Per-copy samples appended to logs/compare/warm_stepup/compare_server001_s1_20261004T161823Z/query_samples_stackoverflow_1gb.csv
Idle baselines appended to logs/compare/warm_stepup/compare_server001_s1_20261004T161823Z/query_idle_stackoverflow_1gb.csv
Machine identity appended to logs/compare/warm_stepup/compare_server001_s1_20261004T161823Z/query_runinfo_stackoverflow_1gb.csv
Last batch ended at epoch 1791138299.573 (PREV_END_EPOCH for the next invocation)
===== [200/324] queries/stackoverflow/SQLStorm/13330.sql run_id=ECEADB2CF667403E =====
query_runner configuration:
  QUERY_DIR         = queries/stackoverflow/SQLStorm/13330.sql
  LOGS_DIR          = logs/compare/warm_stepup/compare_server001_s1_20261004T161823Z  (query_timing_/query_samples_/query_catalog_stackoverflow_1gb.csv)
  DB_NAME / DB_USER = stackoverflow_1gb / postgres
  PGPORT            = 5432  (server reports 18.6)
  RUN_ID            = ECEADB2CF667403E
  WARMUP            = 2 single-copy warm-ups (the first primes the cache)
  BATCH_SIZES       = 1 16  x RUNS=1 measured batches each
  WORKERS           = (planner default)
  STATEMENT_TIMEOUT = 15
  THERMAL_EQUALISE  = gate (T_LO=40 T_HI=60 preheat<=60s cooldown<=120s)
  sensors           = pkg:/sys/class/hwmon/hwmon8/temp1_input cores:4 cpufreq:8 throttle:8/8
  WARMUP_FAIL_SKIP  = on (a failed warm-up skips the query's measured batches)
  IDLE_BASELINE_S   = 5.0 s before each query's measured batches
  SIGLESS_ADDR      = (disabled)
Found 1 query under queries/stackoverflow/SQLStorm/13330.sql

RAPL: powercap, 1 package, domains: pkg core gpu/uncore dram

[1/1] queries/stackoverflow/SQLStorm/13330.sql (2 warmup + step-up 1 16 x1)
  warmup 1/2: 0.303618 sec (cache prime)
  warmup 2/2: 0.102889 sec
  idle baseline: 5.0s, package 0.461 W, dram 0.255 W
  N=1   batch 1/1: 0.102530 sec, 1 copy (server sum 46.657 ms)
  N=16  batch 1/1: 0.729656 sec, 16 copies (server sum 662.472 ms)
  done: 2 sizes x 1 run (0 failures)

Done. Batch rows appended to logs/compare/warm_stepup/compare_server001_s1_20261004T161823Z/query_timing_stackoverflow_1gb.csv
Per-copy samples appended to logs/compare/warm_stepup/compare_server001_s1_20261004T161823Z/query_samples_stackoverflow_1gb.csv
Idle baselines appended to logs/compare/warm_stepup/compare_server001_s1_20261004T161823Z/query_idle_stackoverflow_1gb.csv
Machine identity appended to logs/compare/warm_stepup/compare_server001_s1_20261004T161823Z/query_runinfo_stackoverflow_1gb.csv
Last batch ended at epoch 1791138309.164 (PREV_END_EPOCH for the next invocation)
===== [201/324] queries/stackoverflow/SQLStorm/7612.sql run_id=339CD0570F89143B =====
query_runner configuration:
  QUERY_DIR         = queries/stackoverflow/SQLStorm/7612.sql
  LOGS_DIR          = logs/compare/warm_stepup/compare_server001_s1_20261004T161823Z  (query_timing_/query_samples_/query_catalog_stackoverflow_1gb.csv)
  DB_NAME / DB_USER = stackoverflow_1gb / postgres
  PGPORT            = 5432  (server reports 18.6)
  RUN_ID            = 339CD0570F89143B
  WARMUP            = 2 single-copy warm-ups (the first primes the cache)
  BATCH_SIZES       = 1 16  x RUNS=1 measured batches each
  WORKERS           = (planner default)
  STATEMENT_TIMEOUT = 15
  THERMAL_EQUALISE  = gate (T_LO=40 T_HI=60 preheat<=60s cooldown<=120s)
  sensors           = pkg:/sys/class/hwmon/hwmon8/temp1_input cores:4 cpufreq:8 throttle:8/8
  WARMUP_FAIL_SKIP  = on (a failed warm-up skips the query's measured batches)
  IDLE_BASELINE_S   = 5.0 s before each query's measured batches
  SIGLESS_ADDR      = (disabled)
Found 1 query under queries/stackoverflow/SQLStorm/7612.sql

RAPL: powercap, 1 package, domains: pkg core gpu/uncore dram

[1/1] queries/stackoverflow/SQLStorm/7612.sql (2 warmup + step-up 1 16 x1)
  warmup 1/2: 1.673841 sec (cache prime)
  warmup 2/2: 1.089027 sec
  idle baseline: 5.0s, package 0.418 W, dram 0.255 W
  N=1   batch 1/1: 1.081156 sec, 1 copy (server sum 1023.142 ms)
  N=16  batch 1/1: 15.830213 sec, 16 copies (server sum 15743.468 ms)
  done: 2 sizes x 1 run (0 failures)

Done. Batch rows appended to logs/compare/warm_stepup/compare_server001_s1_20261004T161823Z/query_timing_stackoverflow_1gb.csv
Per-copy samples appended to logs/compare/warm_stepup/compare_server001_s1_20261004T161823Z/query_samples_stackoverflow_1gb.csv
Idle baselines appended to logs/compare/warm_stepup/compare_server001_s1_20261004T161823Z/query_idle_stackoverflow_1gb.csv
Machine identity appended to logs/compare/warm_stepup/compare_server001_s1_20261004T161823Z/query_runinfo_stackoverflow_1gb.csv
Last batch ended at epoch 1791138337.192 (PREV_END_EPOCH for the next invocation)
===== [202/324] queries/stackoverflow/SQLStorm/16378.sql run_id=6BFB666FA1C907C5 =====
query_runner configuration:
  QUERY_DIR         = queries/stackoverflow/SQLStorm/16378.sql
  LOGS_DIR          = logs/compare/warm_stepup/compare_server001_s1_20261004T161823Z  (query_timing_/query_samples_/query_catalog_stackoverflow_1gb.csv)
  DB_NAME / DB_USER = stackoverflow_1gb / postgres
  PGPORT            = 5432  (server reports 18.6)
  RUN_ID            = 6BFB666FA1C907C5
  WARMUP            = 2 single-copy warm-ups (the first primes the cache)
  BATCH_SIZES       = 1 16  x RUNS=1 measured batches each
  WORKERS           = (planner default)
  STATEMENT_TIMEOUT = 15
  THERMAL_EQUALISE  = gate (T_LO=40 T_HI=60 preheat<=60s cooldown<=120s)
  sensors           = pkg:/sys/class/hwmon/hwmon8/temp1_input cores:4 cpufreq:8 throttle:8/8
  WARMUP_FAIL_SKIP  = on (a failed warm-up skips the query's measured batches)
  IDLE_BASELINE_S   = 5.0 s before each query's measured batches
  SIGLESS_ADDR      = (disabled)
Found 1 query under queries/stackoverflow/SQLStorm/16378.sql

RAPL: powercap, 1 package, domains: pkg core gpu/uncore dram

[1/1] queries/stackoverflow/SQLStorm/16378.sql (2 warmup + step-up 1 16 x1)
  warmup 1/2: 0.695537 sec (cache prime)
  warmup 2/2: 0.554744 sec
  idle baseline: 5.0s, package 0.493 W, dram 0.256 W
  N=1   batch 1/1: 0.548691 sec, 1 copy (server sum 491.857 ms)
  N=16  batch 1/1: 7.304283 sec, 16 copies (server sum 7212.319 ms)
  done: 2 sizes x 1 run (0 failures)

Done. Batch rows appended to logs/compare/warm_stepup/compare_server001_s1_20261004T161823Z/query_timing_stackoverflow_1gb.csv
Per-copy samples appended to logs/compare/warm_stepup/compare_server001_s1_20261004T161823Z/query_samples_stackoverflow_1gb.csv
Idle baselines appended to logs/compare/warm_stepup/compare_server001_s1_20261004T161823Z/query_idle_stackoverflow_1gb.csv
Machine identity appended to logs/compare/warm_stepup/compare_server001_s1_20261004T161823Z/query_runinfo_stackoverflow_1gb.csv
Last batch ended at epoch 1791138354.819 (PREV_END_EPOCH for the next invocation)
===== [203/324] queries/stackoverflow/SQLStorm/4452.sql run_id=CDEBBC462C70CBD8 =====
query_runner configuration:
  QUERY_DIR         = queries/stackoverflow/SQLStorm/4452.sql
  LOGS_DIR          = logs/compare/warm_stepup/compare_server001_s1_20261004T161823Z  (query_timing_/query_samples_/query_catalog_stackoverflow_1gb.csv)
  DB_NAME / DB_USER = stackoverflow_1gb / postgres
  PGPORT            = 5432  (server reports 18.6)
  RUN_ID            = CDEBBC462C70CBD8
  WARMUP            = 2 single-copy warm-ups (the first primes the cache)
  BATCH_SIZES       = 1 16  x RUNS=1 measured batches each
  WORKERS           = (planner default)
  STATEMENT_TIMEOUT = 15
  THERMAL_EQUALISE  = gate (T_LO=40 T_HI=60 preheat<=60s cooldown<=120s)
  sensors           = pkg:/sys/class/hwmon/hwmon8/temp1_input cores:4 cpufreq:8 throttle:8/8
  WARMUP_FAIL_SKIP  = on (a failed warm-up skips the query's measured batches)
  IDLE_BASELINE_S   = 5.0 s before each query's measured batches
  SIGLESS_ADDR      = (disabled)
Found 1 query under queries/stackoverflow/SQLStorm/4452.sql

RAPL: powercap, 1 package, domains: pkg core gpu/uncore dram

[1/1] queries/stackoverflow/SQLStorm/4452.sql (2 warmup + step-up 1 16 x1)
  warmup 1/2: 0.889441 sec (cache prime)
  warmup 2/2: 0.284166 sec
  idle baseline: 5.0s, package 0.537 W, dram 0.256 W
  N=1   batch 1/1: 0.280817 sec, 1 copy (server sum 223.790 ms)
  N=16  batch 1/1: 3.152726 sec, 16 copies (server sum 3073.644 ms)
  done: 2 sizes x 1 run (0 failures)

Done. Batch rows appended to logs/compare/warm_stepup/compare_server001_s1_20261004T161823Z/query_timing_stackoverflow_1gb.csv
Per-copy samples appended to logs/compare/warm_stepup/compare_server001_s1_20261004T161823Z/query_samples_stackoverflow_1gb.csv
Idle baselines appended to logs/compare/warm_stepup/compare_server001_s1_20261004T161823Z/query_idle_stackoverflow_1gb.csv
Machine identity appended to logs/compare/warm_stepup/compare_server001_s1_20261004T161823Z/query_runinfo_stackoverflow_1gb.csv
Last batch ended at epoch 1791138367.834 (PREV_END_EPOCH for the next invocation)
===== [204/324] queries/stackoverflow/SQLStorm/21884.sql run_id=E6FC343391E16992 =====
query_runner configuration:
  QUERY_DIR         = queries/stackoverflow/SQLStorm/21884.sql
  LOGS_DIR          = logs/compare/warm_stepup/compare_server001_s1_20261004T161823Z  (query_timing_/query_samples_/query_catalog_stackoverflow_1gb.csv)
  DB_NAME / DB_USER = stackoverflow_1gb / postgres
  PGPORT            = 5432  (server reports 18.6)
  RUN_ID            = E6FC343391E16992
  WARMUP            = 2 single-copy warm-ups (the first primes the cache)
  BATCH_SIZES       = 1 16  x RUNS=1 measured batches each
  WORKERS           = (planner default)
  STATEMENT_TIMEOUT = 15
  THERMAL_EQUALISE  = gate (T_LO=40 T_HI=60 preheat<=60s cooldown<=120s)
  sensors           = pkg:/sys/class/hwmon/hwmon8/temp1_input cores:4 cpufreq:8 throttle:8/8
  WARMUP_FAIL_SKIP  = on (a failed warm-up skips the query's measured batches)
  IDLE_BASELINE_S   = 5.0 s before each query's measured batches
  SIGLESS_ADDR      = (disabled)
Found 1 query under queries/stackoverflow/SQLStorm/21884.sql

RAPL: powercap, 1 package, domains: pkg core gpu/uncore dram

[1/1] queries/stackoverflow/SQLStorm/21884.sql (2 warmup + step-up 1 16 x1)
  warmup 1/2: 1.375372 sec (cache prime)
  warmup 2/2: 0.689894 sec
  idle baseline: 5.0s, package 0.468 W, dram 0.255 W
  N=1   batch 1/1: 0.689470 sec, 1 copy (server sum 631.609 ms)
  N=16  batch 1/1: 9.667465 sec, 16 copies (server sum 9576.205 ms)
  done: 2 sizes x 1 run (0 failures)

Done. Batch rows appended to logs/compare/warm_stepup/compare_server001_s1_20261004T161823Z/query_timing_stackoverflow_1gb.csv
Per-copy samples appended to logs/compare/warm_stepup/compare_server001_s1_20261004T161823Z/query_samples_stackoverflow_1gb.csv
Idle baselines appended to logs/compare/warm_stepup/compare_server001_s1_20261004T161823Z/query_idle_stackoverflow_1gb.csv
Machine identity appended to logs/compare/warm_stepup/compare_server001_s1_20261004T161823Z/query_runinfo_stackoverflow_1gb.csv
Last batch ended at epoch 1791138388.840 (PREV_END_EPOCH for the next invocation)
===== [205/324] queries/stackoverflow/SQLStorm/11471.sql run_id=409F1A66A194EE9B =====
query_runner configuration:
  QUERY_DIR         = queries/stackoverflow/SQLStorm/11471.sql
  LOGS_DIR          = logs/compare/warm_stepup/compare_server001_s1_20261004T161823Z  (query_timing_/query_samples_/query_catalog_stackoverflow_1gb.csv)
  DB_NAME / DB_USER = stackoverflow_1gb / postgres
  PGPORT            = 5432  (server reports 18.6)
  RUN_ID            = 409F1A66A194EE9B
  WARMUP            = 2 single-copy warm-ups (the first primes the cache)
  BATCH_SIZES       = 1 16  x RUNS=1 measured batches each
  WORKERS           = (planner default)
  STATEMENT_TIMEOUT = 15
  THERMAL_EQUALISE  = gate (T_LO=40 T_HI=60 preheat<=60s cooldown<=120s)
  sensors           = pkg:/sys/class/hwmon/hwmon8/temp1_input cores:4 cpufreq:8 throttle:8/8
  WARMUP_FAIL_SKIP  = on (a failed warm-up skips the query's measured batches)
  IDLE_BASELINE_S   = 5.0 s before each query's measured batches
  SIGLESS_ADDR      = (disabled)
Found 1 query under queries/stackoverflow/SQLStorm/11471.sql

RAPL: powercap, 1 package, domains: pkg core gpu/uncore dram

[1/1] queries/stackoverflow/SQLStorm/11471.sql (2 warmup + step-up 1 16 x1)
  warmup 1/2: 2.029281 sec (cache prime)
  warmup 2/2: 1.818526 sec
  idle baseline: 5.0s, package 0.459 W, dram 0.256 W
  N=1   batch 1/1: 1.829419 sec, 1 copy (server sum 1772.266 ms)
  N=16  batch 1/1: 26.845979 sec, 16 copies (server sum 26768.411 ms)
  done: 2 sizes x 1 run (0 failures)

Done. Batch rows appended to logs/compare/warm_stepup/compare_server001_s1_20261004T161823Z/query_timing_stackoverflow_1gb.csv
Per-copy samples appended to logs/compare/warm_stepup/compare_server001_s1_20261004T161823Z/query_samples_stackoverflow_1gb.csv
Idle baselines appended to logs/compare/warm_stepup/compare_server001_s1_20261004T161823Z/query_idle_stackoverflow_1gb.csv
Machine identity appended to logs/compare/warm_stepup/compare_server001_s1_20261004T161823Z/query_runinfo_stackoverflow_1gb.csv
Last batch ended at epoch 1791138430.133 (PREV_END_EPOCH for the next invocation)
===== [206/324] queries/stackoverflow/SQLStorm/16399.sql run_id=AACCA377D70530E2 =====
query_runner configuration:
  QUERY_DIR         = queries/stackoverflow/SQLStorm/16399.sql
  LOGS_DIR          = logs/compare/warm_stepup/compare_server001_s1_20261004T161823Z  (query_timing_/query_samples_/query_catalog_stackoverflow_1gb.csv)
  DB_NAME / DB_USER = stackoverflow_1gb / postgres
  PGPORT            = 5432  (server reports 18.6)
  RUN_ID            = AACCA377D70530E2
  WARMUP            = 2 single-copy warm-ups (the first primes the cache)
  BATCH_SIZES       = 1 16  x RUNS=1 measured batches each
  WORKERS           = (planner default)
  STATEMENT_TIMEOUT = 15
  THERMAL_EQUALISE  = gate (T_LO=40 T_HI=60 preheat<=60s cooldown<=120s)
  sensors           = pkg:/sys/class/hwmon/hwmon8/temp1_input cores:4 cpufreq:8 throttle:8/8
  WARMUP_FAIL_SKIP  = on (a failed warm-up skips the query's measured batches)
  IDLE_BASELINE_S   = 5.0 s before each query's measured batches
  SIGLESS_ADDR      = (disabled)
Found 1 query under queries/stackoverflow/SQLStorm/16399.sql

RAPL: powercap, 1 package, domains: pkg core gpu/uncore dram

[1/1] queries/stackoverflow/SQLStorm/16399.sql (2 warmup + step-up 1 16 x1)
  warmup 1/2: 0.251518 sec (cache prime)
  warmup 2/2: 0.100622 sec
  idle baseline: 5.0s, package 0.451 W, dram 0.255 W
  N=1   batch 1/1: 0.100953 sec, 1 copy (server sum 45.656 ms)
  N=16  batch 1/1: 0.758062 sec, 16 copies (server sum 691.756 ms)
  done: 2 sizes x 1 run (0 failures)

Done. Batch rows appended to logs/compare/warm_stepup/compare_server001_s1_20261004T161823Z/query_timing_stackoverflow_1gb.csv
Per-copy samples appended to logs/compare/warm_stepup/compare_server001_s1_20261004T161823Z/query_samples_stackoverflow_1gb.csv
Idle baselines appended to logs/compare/warm_stepup/compare_server001_s1_20261004T161823Z/query_idle_stackoverflow_1gb.csv
Machine identity appended to logs/compare/warm_stepup/compare_server001_s1_20261004T161823Z/query_runinfo_stackoverflow_1gb.csv
Last batch ended at epoch 1791138439.745 (PREV_END_EPOCH for the next invocation)
===== [207/324] queries/stackoverflow/SQLStorm/22494.sql run_id=AC80F00EA5E2F377 =====
query_runner configuration:
  QUERY_DIR         = queries/stackoverflow/SQLStorm/22494.sql
  LOGS_DIR          = logs/compare/warm_stepup/compare_server001_s1_20261004T161823Z  (query_timing_/query_samples_/query_catalog_stackoverflow_1gb.csv)
  DB_NAME / DB_USER = stackoverflow_1gb / postgres
  PGPORT            = 5432  (server reports 18.6)
  RUN_ID            = AC80F00EA5E2F377
  WARMUP            = 2 single-copy warm-ups (the first primes the cache)
  BATCH_SIZES       = 1 16  x RUNS=1 measured batches each
  WORKERS           = (planner default)
  STATEMENT_TIMEOUT = 15
  THERMAL_EQUALISE  = gate (T_LO=40 T_HI=60 preheat<=60s cooldown<=120s)
  sensors           = pkg:/sys/class/hwmon/hwmon8/temp1_input cores:4 cpufreq:8 throttle:8/8
  WARMUP_FAIL_SKIP  = on (a failed warm-up skips the query's measured batches)
  IDLE_BASELINE_S   = 5.0 s before each query's measured batches
  SIGLESS_ADDR      = (disabled)
Found 1 query under queries/stackoverflow/SQLStorm/22494.sql

RAPL: powercap, 1 package, domains: pkg core gpu/uncore dram

[1/1] queries/stackoverflow/SQLStorm/22494.sql (2 warmup + step-up 1 16 x1)
  warmup 1/2: 1.488261 sec (cache prime)
  warmup 2/2: 1.222298 sec
  idle baseline: 5.0s, package 0.429 W, dram 0.255 W
  N=1   batch 1/1: 1.218237 sec, 1 copy (server sum 1160.069 ms)
  N=16  batch 1/1: 17.636574 sec, 16 copies (server sum 17549.307 ms)
  done: 2 sizes x 1 run (0 failures)

Done. Batch rows appended to logs/compare/warm_stepup/compare_server001_s1_20261004T161823Z/query_timing_stackoverflow_1gb.csv
Per-copy samples appended to logs/compare/warm_stepup/compare_server001_s1_20261004T161823Z/query_samples_stackoverflow_1gb.csv
Idle baselines appended to logs/compare/warm_stepup/compare_server001_s1_20261004T161823Z/query_idle_stackoverflow_1gb.csv
Machine identity appended to logs/compare/warm_stepup/compare_server001_s1_20261004T161823Z/query_runinfo_stackoverflow_1gb.csv
Last batch ended at epoch 1791138469.788 (PREV_END_EPOCH for the next invocation)
===== [208/324] queries/stackoverflow/SQLStorm/2764.sql run_id=EE0BD4D1E5DF5A42 =====
query_runner configuration:
  QUERY_DIR         = queries/stackoverflow/SQLStorm/2764.sql
  LOGS_DIR          = logs/compare/warm_stepup/compare_server001_s1_20261004T161823Z  (query_timing_/query_samples_/query_catalog_stackoverflow_1gb.csv)
  DB_NAME / DB_USER = stackoverflow_1gb / postgres
  PGPORT            = 5432  (server reports 18.6)
  RUN_ID            = EE0BD4D1E5DF5A42
  WARMUP            = 2 single-copy warm-ups (the first primes the cache)
  BATCH_SIZES       = 1 16  x RUNS=1 measured batches each
  WORKERS           = (planner default)
  STATEMENT_TIMEOUT = 15
  THERMAL_EQUALISE  = gate (T_LO=40 T_HI=60 preheat<=60s cooldown<=120s)
  sensors           = pkg:/sys/class/hwmon/hwmon8/temp1_input cores:4 cpufreq:8 throttle:8/8
  WARMUP_FAIL_SKIP  = on (a failed warm-up skips the query's measured batches)
  IDLE_BASELINE_S   = 5.0 s before each query's measured batches
  SIGLESS_ADDR      = (disabled)
Found 1 query under queries/stackoverflow/SQLStorm/2764.sql

RAPL: powercap, 1 package, domains: pkg core gpu/uncore dram

[1/1] queries/stackoverflow/SQLStorm/2764.sql (2 warmup + step-up 1 16 x1)
  warmup 1/2: 0.679120 sec (cache prime)
  warmup 2/2: 0.483798 sec
  idle baseline: 5.0s, package 0.483 W, dram 0.256 W
  N=1   batch 1/1: 0.484025 sec, 1 copy (server sum 426.218 ms)
  N=16  batch 1/1: 6.567149 sec, 16 copies (server sum 6483.592 ms)
  done: 2 sizes x 1 run (0 failures)

Done. Batch rows appended to logs/compare/warm_stepup/compare_server001_s1_20261004T161823Z/query_timing_stackoverflow_1gb.csv
Per-copy samples appended to logs/compare/warm_stepup/compare_server001_s1_20261004T161823Z/query_samples_stackoverflow_1gb.csv
Idle baselines appended to logs/compare/warm_stepup/compare_server001_s1_20261004T161823Z/query_idle_stackoverflow_1gb.csv
Machine identity appended to logs/compare/warm_stepup/compare_server001_s1_20261004T161823Z/query_runinfo_stackoverflow_1gb.csv
Last batch ended at epoch 1791138486.423 (PREV_END_EPOCH for the next invocation)
===== [209/324] queries/stackoverflow/SQLStorm/25154.sql run_id=828B8ED3CFA13584 =====
query_runner configuration:
  QUERY_DIR         = queries/stackoverflow/SQLStorm/25154.sql
  LOGS_DIR          = logs/compare/warm_stepup/compare_server001_s1_20261004T161823Z  (query_timing_/query_samples_/query_catalog_stackoverflow_1gb.csv)
  DB_NAME / DB_USER = stackoverflow_1gb / postgres
  PGPORT            = 5432  (server reports 18.6)
  RUN_ID            = 828B8ED3CFA13584
  WARMUP            = 2 single-copy warm-ups (the first primes the cache)
  BATCH_SIZES       = 1 16  x RUNS=1 measured batches each
  WORKERS           = (planner default)
  STATEMENT_TIMEOUT = 15
  THERMAL_EQUALISE  = gate (T_LO=40 T_HI=60 preheat<=60s cooldown<=120s)
  sensors           = pkg:/sys/class/hwmon/hwmon8/temp1_input cores:4 cpufreq:8 throttle:8/8
  WARMUP_FAIL_SKIP  = on (a failed warm-up skips the query's measured batches)
  IDLE_BASELINE_S   = 5.0 s before each query's measured batches
  SIGLESS_ADDR      = (disabled)
Found 1 query under queries/stackoverflow/SQLStorm/25154.sql

RAPL: powercap, 1 package, domains: pkg core gpu/uncore dram

[1/1] queries/stackoverflow/SQLStorm/25154.sql (2 warmup + step-up 1 16 x1)
  warmup 1/2: 3.869786 sec (cache prime)
  warmup 2/2: 3.064286 sec
  idle baseline: 5.0s, package 0.462 W, dram 0.256 W
  N=1   batch 1/1: 3.084806 sec, 1 copy (server sum 3026.820 ms)
  N=16  batch 1/1: 47.372563 sec, 16 copies (server sum 47286.224 ms)
  done: 2 sizes x 1 run (0 failures)

Done. Batch rows appended to logs/compare/warm_stepup/compare_server001_s1_20261004T161823Z/query_timing_stackoverflow_1gb.csv
Per-copy samples appended to logs/compare/warm_stepup/compare_server001_s1_20261004T161823Z/query_samples_stackoverflow_1gb.csv
Idle baselines appended to logs/compare/warm_stepup/compare_server001_s1_20261004T161823Z/query_idle_stackoverflow_1gb.csv
Machine identity appended to logs/compare/warm_stepup/compare_server001_s1_20261004T161823Z/query_runinfo_stackoverflow_1gb.csv
Last batch ended at epoch 1791138552.377 (PREV_END_EPOCH for the next invocation)
===== [210/324] queries/stackoverflow/SQLStorm/21497.sql run_id=FEDBC803ECD7667F =====
query_runner configuration:
  QUERY_DIR         = queries/stackoverflow/SQLStorm/21497.sql
  LOGS_DIR          = logs/compare/warm_stepup/compare_server001_s1_20261004T161823Z  (query_timing_/query_samples_/query_catalog_stackoverflow_1gb.csv)
  DB_NAME / DB_USER = stackoverflow_1gb / postgres
  PGPORT            = 5432  (server reports 18.6)
  RUN_ID            = FEDBC803ECD7667F
  WARMUP            = 2 single-copy warm-ups (the first primes the cache)
  BATCH_SIZES       = 1 16  x RUNS=1 measured batches each
  WORKERS           = (planner default)
  STATEMENT_TIMEOUT = 15
  THERMAL_EQUALISE  = gate (T_LO=40 T_HI=60 preheat<=60s cooldown<=120s)
  sensors           = pkg:/sys/class/hwmon/hwmon8/temp1_input cores:4 cpufreq:8 throttle:8/8
  WARMUP_FAIL_SKIP  = on (a failed warm-up skips the query's measured batches)
  IDLE_BASELINE_S   = 5.0 s before each query's measured batches
  SIGLESS_ADDR      = (disabled)
Found 1 query under queries/stackoverflow/SQLStorm/21497.sql

RAPL: powercap, 1 package, domains: pkg core gpu/uncore dram

[1/1] queries/stackoverflow/SQLStorm/21497.sql (2 warmup + step-up 1 16 x1)
  warmup 1/2: 1.447835 sec (cache prime)
  warmup 2/2: 0.875536 sec
  idle baseline: 5.0s, package 0.447 W, dram 0.255 W
  N=1   batch 1/1: 0.873184 sec, 1 copy (server sum 813.767 ms)
  N=16  batch 1/1: 12.403919 sec, 16 copies (server sum 12265.527 ms)
  done: 2 sizes x 1 run (0 failures)

Done. Batch rows appended to logs/compare/warm_stepup/compare_server001_s1_20261004T161823Z/query_timing_stackoverflow_1gb.csv
Per-copy samples appended to logs/compare/warm_stepup/compare_server001_s1_20261004T161823Z/query_samples_stackoverflow_1gb.csv
Idle baselines appended to logs/compare/warm_stepup/compare_server001_s1_20261004T161823Z/query_idle_stackoverflow_1gb.csv
Machine identity appended to logs/compare/warm_stepup/compare_server001_s1_20261004T161823Z/query_runinfo_stackoverflow_1gb.csv
Last batch ended at epoch 1791138576.426 (PREV_END_EPOCH for the next invocation)
===== [211/324] compare/probes/probe_hash.sql run_id=62F2747AD581C510 =====
query_runner configuration:
  QUERY_DIR         = compare/probes/probe_hash.sql
  LOGS_DIR          = logs/compare/warm_stepup/compare_server001_s1_20261004T161823Z  (query_timing_/query_samples_/query_catalog_stackoverflow_1gb.csv)
  DB_NAME / DB_USER = stackoverflow_1gb / postgres
  PGPORT            = 5432  (server reports 18.6)
  RUN_ID            = 62F2747AD581C510
  WARMUP            = 2 single-copy warm-ups (the first primes the cache)
  BATCH_SIZES       = 1 16  x RUNS=1 measured batches each
  WORKERS           = (planner default)
  STATEMENT_TIMEOUT = 15
  THERMAL_EQUALISE  = gate (T_LO=40 T_HI=60 preheat<=60s cooldown<=120s)
  sensors           = pkg:/sys/class/hwmon/hwmon8/temp1_input cores:4 cpufreq:8 throttle:8/8
  WARMUP_FAIL_SKIP  = on (a failed warm-up skips the query's measured batches)
  IDLE_BASELINE_S   = 5.0 s before each query's measured batches
  SIGLESS_ADDR      = (disabled)
Found 1 query under compare/probes/probe_hash.sql

RAPL: powercap, 1 package, domains: pkg core gpu/uncore dram

[1/1] compare/probes/probe_hash.sql (2 warmup + step-up 1 16 x1)
  warmup 1/2: 1.873827 sec (cache prime)
  warmup 2/2: 1.612643 sec
  idle baseline: 5.0s, package 0.467 W, dram 0.256 W
  N=1   batch 1/1: 1.615474 sec, 0 copies
  N=16  batch 1/1: 24.470660 sec, 0 copies
  done: 2 sizes x 1 run (0 failures)

Done. Batch rows appended to logs/compare/warm_stepup/compare_server001_s1_20261004T161823Z/query_timing_stackoverflow_1gb.csv
Per-copy samples appended to logs/compare/warm_stepup/compare_server001_s1_20261004T161823Z/query_samples_stackoverflow_1gb.csv
Idle baselines appended to logs/compare/warm_stepup/compare_server001_s1_20261004T161823Z/query_idle_stackoverflow_1gb.csv
Machine identity appended to logs/compare/warm_stepup/compare_server001_s1_20261004T161823Z/query_runinfo_stackoverflow_1gb.csv
Last batch ended at epoch 1791138614.896 (PREV_END_EPOCH for the next invocation)
===== [212/324] queries/stackoverflow/SQLStorm/13737.sql run_id=8DE19708B5CB2C89 =====
query_runner configuration:
  QUERY_DIR         = queries/stackoverflow/SQLStorm/13737.sql
  LOGS_DIR          = logs/compare/warm_stepup/compare_server001_s1_20261004T161823Z  (query_timing_/query_samples_/query_catalog_stackoverflow_1gb.csv)
  DB_NAME / DB_USER = stackoverflow_1gb / postgres
  PGPORT            = 5432  (server reports 18.6)
  RUN_ID            = 8DE19708B5CB2C89
  WARMUP            = 2 single-copy warm-ups (the first primes the cache)
  BATCH_SIZES       = 1 16  x RUNS=1 measured batches each
  WORKERS           = (planner default)
  STATEMENT_TIMEOUT = 15
  THERMAL_EQUALISE  = gate (T_LO=40 T_HI=60 preheat<=60s cooldown<=120s)
  sensors           = pkg:/sys/class/hwmon/hwmon8/temp1_input cores:4 cpufreq:8 throttle:8/8
  WARMUP_FAIL_SKIP  = on (a failed warm-up skips the query's measured batches)
  IDLE_BASELINE_S   = 5.0 s before each query's measured batches
  SIGLESS_ADDR      = (disabled)
Found 1 query under queries/stackoverflow/SQLStorm/13737.sql

RAPL: powercap, 1 package, domains: pkg core gpu/uncore dram

[1/1] queries/stackoverflow/SQLStorm/13737.sql (2 warmup + step-up 1 16 x1)
  thermal gate: waited 2s -> 58.0 C
  warmup 1/2: 0.623572 sec (cache prime)
  warmup 2/2: 0.326293 sec
  idle baseline: 5.0s, package 0.482 W, dram 0.256 W
  N=1   batch 1/1: 0.329323 sec, 1 copy (server sum 272.830 ms)
  N=16  batch 1/1: 4.301826 sec, 16 copies (server sum 4231.002 ms)
  done: 2 sizes x 1 run (0 failures)

Done. Batch rows appended to logs/compare/warm_stepup/compare_server001_s1_20261004T161823Z/query_timing_stackoverflow_1gb.csv
Per-copy samples appended to logs/compare/warm_stepup/compare_server001_s1_20261004T161823Z/query_samples_stackoverflow_1gb.csv
Idle baselines appended to logs/compare/warm_stepup/compare_server001_s1_20261004T161823Z/query_idle_stackoverflow_1gb.csv
Machine identity appended to logs/compare/warm_stepup/compare_server001_s1_20261004T161823Z/query_runinfo_stackoverflow_1gb.csv
Last batch ended at epoch 1791138630.954 (PREV_END_EPOCH for the next invocation)
===== [213/324] queries/stackoverflow/SQLStorm/11124.sql run_id=5CC8B3BBBE4E4553 =====
query_runner configuration:
  QUERY_DIR         = queries/stackoverflow/SQLStorm/11124.sql
  LOGS_DIR          = logs/compare/warm_stepup/compare_server001_s1_20261004T161823Z  (query_timing_/query_samples_/query_catalog_stackoverflow_1gb.csv)
  DB_NAME / DB_USER = stackoverflow_1gb / postgres
  PGPORT            = 5432  (server reports 18.6)
  RUN_ID            = 5CC8B3BBBE4E4553
  WARMUP            = 2 single-copy warm-ups (the first primes the cache)
  BATCH_SIZES       = 1 16  x RUNS=1 measured batches each
  WORKERS           = (planner default)
  STATEMENT_TIMEOUT = 15
  THERMAL_EQUALISE  = gate (T_LO=40 T_HI=60 preheat<=60s cooldown<=120s)
  sensors           = pkg:/sys/class/hwmon/hwmon8/temp1_input cores:4 cpufreq:8 throttle:8/8
  WARMUP_FAIL_SKIP  = on (a failed warm-up skips the query's measured batches)
  IDLE_BASELINE_S   = 5.0 s before each query's measured batches
  SIGLESS_ADDR      = (disabled)
Found 1 query under queries/stackoverflow/SQLStorm/11124.sql

RAPL: powercap, 1 package, domains: pkg core gpu/uncore dram

[1/1] queries/stackoverflow/SQLStorm/11124.sql (2 warmup + step-up 1 16 x1)
  warmup 1/2: 0.548765 sec (cache prime)
  warmup 2/2: 0.188158 sec
  idle baseline: 5.0s, package 0.482 W, dram 0.255 W
  N=1   batch 1/1: 0.188201 sec, 1 copy (server sum 130.339 ms)
  N=16  batch 1/1: 2.049230 sec, 16 copies (server sum 1972.912 ms)
  done: 2 sizes x 1 run (0 failures)

Done. Batch rows appended to logs/compare/warm_stepup/compare_server001_s1_20261004T161823Z/query_timing_stackoverflow_1gb.csv
Per-copy samples appended to logs/compare/warm_stepup/compare_server001_s1_20261004T161823Z/query_samples_stackoverflow_1gb.csv
Idle baselines appended to logs/compare/warm_stepup/compare_server001_s1_20261004T161823Z/query_idle_stackoverflow_1gb.csv
Machine identity appended to logs/compare/warm_stepup/compare_server001_s1_20261004T161823Z/query_runinfo_stackoverflow_1gb.csv
Last batch ended at epoch 1791138642.158 (PREV_END_EPOCH for the next invocation)
===== [214/324] queries/stackoverflow/SQLStorm/12128.sql run_id=35990059D8495424 =====
query_runner configuration:
  QUERY_DIR         = queries/stackoverflow/SQLStorm/12128.sql
  LOGS_DIR          = logs/compare/warm_stepup/compare_server001_s1_20261004T161823Z  (query_timing_/query_samples_/query_catalog_stackoverflow_1gb.csv)
  DB_NAME / DB_USER = stackoverflow_1gb / postgres
  PGPORT            = 5432  (server reports 18.6)
  RUN_ID            = 35990059D8495424
  WARMUP            = 2 single-copy warm-ups (the first primes the cache)
  BATCH_SIZES       = 1 16  x RUNS=1 measured batches each
  WORKERS           = (planner default)
  STATEMENT_TIMEOUT = 15
  THERMAL_EQUALISE  = gate (T_LO=40 T_HI=60 preheat<=60s cooldown<=120s)
  sensors           = pkg:/sys/class/hwmon/hwmon8/temp1_input cores:4 cpufreq:8 throttle:8/8
  WARMUP_FAIL_SKIP  = on (a failed warm-up skips the query's measured batches)
  IDLE_BASELINE_S   = 5.0 s before each query's measured batches
  SIGLESS_ADDR      = (disabled)
Found 1 query under queries/stackoverflow/SQLStorm/12128.sql

RAPL: powercap, 1 package, domains: pkg core gpu/uncore dram

[1/1] queries/stackoverflow/SQLStorm/12128.sql (2 warmup + step-up 1 16 x1)
  warmup 1/2: 3.737132 sec (cache prime)
  warmup 2/2: 3.487117 sec
  idle baseline: 5.0s, package 0.462 W, dram 0.255 W
  N=1   batch 1/1: 3.489225 sec, 1 copy (server sum 3432.237 ms)
  N=16  batch 1/1: 53.301381 sec, 16 copies (server sum 53222.991 ms)
  done: 2 sizes x 1 run (0 failures)

Done. Batch rows appended to logs/compare/warm_stepup/compare_server001_s1_20261004T161823Z/query_timing_stackoverflow_1gb.csv
Per-copy samples appended to logs/compare/warm_stepup/compare_server001_s1_20261004T161823Z/query_samples_stackoverflow_1gb.csv
Idle baselines appended to logs/compare/warm_stepup/compare_server001_s1_20261004T161823Z/query_idle_stackoverflow_1gb.csv
Machine identity appended to logs/compare/warm_stepup/compare_server001_s1_20261004T161823Z/query_runinfo_stackoverflow_1gb.csv
Last batch ended at epoch 1791138714.547 (PREV_END_EPOCH for the next invocation)
===== [215/324] queries/stackoverflow/SQLStorm/7184.sql run_id=C6A2C55EF0C58E47 =====
query_runner configuration:
  QUERY_DIR         = queries/stackoverflow/SQLStorm/7184.sql
  LOGS_DIR          = logs/compare/warm_stepup/compare_server001_s1_20261004T161823Z  (query_timing_/query_samples_/query_catalog_stackoverflow_1gb.csv)
  DB_NAME / DB_USER = stackoverflow_1gb / postgres
  PGPORT            = 5432  (server reports 18.6)
  RUN_ID            = C6A2C55EF0C58E47
  WARMUP            = 2 single-copy warm-ups (the first primes the cache)
  BATCH_SIZES       = 1 16  x RUNS=1 measured batches each
  WORKERS           = (planner default)
  STATEMENT_TIMEOUT = 15
  THERMAL_EQUALISE  = gate (T_LO=40 T_HI=60 preheat<=60s cooldown<=120s)
  sensors           = pkg:/sys/class/hwmon/hwmon8/temp1_input cores:4 cpufreq:8 throttle:8/8
  WARMUP_FAIL_SKIP  = on (a failed warm-up skips the query's measured batches)
  IDLE_BASELINE_S   = 5.0 s before each query's measured batches
  SIGLESS_ADDR      = (disabled)
Found 1 query under queries/stackoverflow/SQLStorm/7184.sql

RAPL: powercap, 1 package, domains: pkg core gpu/uncore dram

[1/1] queries/stackoverflow/SQLStorm/7184.sql (2 warmup + step-up 1 16 x1)
  warmup 1/2: 0.349562 sec (cache prime)
  warmup 2/2: 0.207630 sec
  idle baseline: 5.0s, package 0.539 W, dram 0.257 W
  N=1   batch 1/1: 0.209903 sec, 1 copy (server sum 151.715 ms)
  N=16  batch 1/1: 2.186674 sec, 16 copies (server sum 2116.821 ms)
  done: 2 sizes x 1 run (0 failures)

Done. Batch rows appended to logs/compare/warm_stepup/compare_server001_s1_20261004T161823Z/query_timing_stackoverflow_1gb.csv
Per-copy samples appended to logs/compare/warm_stepup/compare_server001_s1_20261004T161823Z/query_samples_stackoverflow_1gb.csv
Idle baselines appended to logs/compare/warm_stepup/compare_server001_s1_20261004T161823Z/query_idle_stackoverflow_1gb.csv
Machine identity appended to logs/compare/warm_stepup/compare_server001_s1_20261004T161823Z/query_runinfo_stackoverflow_1gb.csv
Last batch ended at epoch 1791138725.976 (PREV_END_EPOCH for the next invocation)
===== [216/324] queries/stackoverflow/SQLStorm/14510.sql run_id=88341FE5D66FBCBD =====
query_runner configuration:
  QUERY_DIR         = queries/stackoverflow/SQLStorm/14510.sql
  LOGS_DIR          = logs/compare/warm_stepup/compare_server001_s1_20261004T161823Z  (query_timing_/query_samples_/query_catalog_stackoverflow_1gb.csv)
  DB_NAME / DB_USER = stackoverflow_1gb / postgres
  PGPORT            = 5432  (server reports 18.6)
  RUN_ID            = 88341FE5D66FBCBD
  WARMUP            = 2 single-copy warm-ups (the first primes the cache)
  BATCH_SIZES       = 1 16  x RUNS=1 measured batches each
  WORKERS           = (planner default)
  STATEMENT_TIMEOUT = 15
  THERMAL_EQUALISE  = gate (T_LO=40 T_HI=60 preheat<=60s cooldown<=120s)
  sensors           = pkg:/sys/class/hwmon/hwmon8/temp1_input cores:4 cpufreq:8 throttle:8/8
  WARMUP_FAIL_SKIP  = on (a failed warm-up skips the query's measured batches)
  IDLE_BASELINE_S   = 5.0 s before each query's measured batches
  SIGLESS_ADDR      = (disabled)
Found 1 query under queries/stackoverflow/SQLStorm/14510.sql

RAPL: powercap, 1 package, domains: pkg core gpu/uncore dram

[1/1] queries/stackoverflow/SQLStorm/14510.sql (2 warmup + step-up 1 16 x1)
  warmup 1/2: 4.595420 sec (cache prime)
  warmup 2/2: 3.437013 sec
  idle baseline: 5.0s, package 0.466 W, dram 0.256 W
  N=1   batch 1/1: 3.441647 sec, 1 copy (server sum 3384.420 ms)
  N=16  batch 1/1: 54.396074 sec, 16 copies (server sum 54310.940 ms)
  done: 2 sizes x 1 run (0 failures)

Done. Batch rows appended to logs/compare/warm_stepup/compare_server001_s1_20261004T161823Z/query_timing_stackoverflow_1gb.csv
Per-copy samples appended to logs/compare/warm_stepup/compare_server001_s1_20261004T161823Z/query_samples_stackoverflow_1gb.csv
Idle baselines appended to logs/compare/warm_stepup/compare_server001_s1_20261004T161823Z/query_idle_stackoverflow_1gb.csv
Machine identity appended to logs/compare/warm_stepup/compare_server001_s1_20261004T161823Z/query_runinfo_stackoverflow_1gb.csv
Last batch ended at epoch 1791138800.326 (PREV_END_EPOCH for the next invocation)
===== [217/324] queries/stackoverflow/SQLStorm/17234.sql run_id=E6E59AECD1A8E96F =====
query_runner configuration:
  QUERY_DIR         = queries/stackoverflow/SQLStorm/17234.sql
  LOGS_DIR          = logs/compare/warm_stepup/compare_server001_s1_20261004T161823Z  (query_timing_/query_samples_/query_catalog_stackoverflow_1gb.csv)
  DB_NAME / DB_USER = stackoverflow_1gb / postgres
  PGPORT            = 5432  (server reports 18.6)
  RUN_ID            = E6E59AECD1A8E96F
  WARMUP            = 2 single-copy warm-ups (the first primes the cache)
  BATCH_SIZES       = 1 16  x RUNS=1 measured batches each
  WORKERS           = (planner default)
  STATEMENT_TIMEOUT = 15
  THERMAL_EQUALISE  = gate (T_LO=40 T_HI=60 preheat<=60s cooldown<=120s)
  sensors           = pkg:/sys/class/hwmon/hwmon8/temp1_input cores:4 cpufreq:8 throttle:8/8
  WARMUP_FAIL_SKIP  = on (a failed warm-up skips the query's measured batches)
  IDLE_BASELINE_S   = 5.0 s before each query's measured batches
  SIGLESS_ADDR      = (disabled)
Found 1 query under queries/stackoverflow/SQLStorm/17234.sql

RAPL: powercap, 1 package, domains: pkg core gpu/uncore dram

[1/1] queries/stackoverflow/SQLStorm/17234.sql (2 warmup + step-up 1 16 x1)
  warmup 1/2: 0.703732 sec (cache prime)
  warmup 2/2: 0.567400 sec
  idle baseline: 5.0s, package 0.468 W, dram 0.256 W
  N=1   batch 1/1: 0.574869 sec, 1 copy (server sum 518.702 ms)
  N=16  batch 1/1: 7.535801 sec, 16 copies (server sum 7442.429 ms)
  done: 2 sizes x 1 run (0 failures)

Done. Batch rows appended to logs/compare/warm_stepup/compare_server001_s1_20261004T161823Z/query_timing_stackoverflow_1gb.csv
Per-copy samples appended to logs/compare/warm_stepup/compare_server001_s1_20261004T161823Z/query_samples_stackoverflow_1gb.csv
Idle baselines appended to logs/compare/warm_stepup/compare_server001_s1_20261004T161823Z/query_idle_stackoverflow_1gb.csv
Machine identity appended to logs/compare/warm_stepup/compare_server001_s1_20261004T161823Z/query_runinfo_stackoverflow_1gb.csv
Last batch ended at epoch 1791138817.971 (PREV_END_EPOCH for the next invocation)
===== [218/324] queries/stackoverflow/SQLStorm/13186.sql run_id=BEAB2C91023C5E56 =====
query_runner configuration:
  QUERY_DIR         = queries/stackoverflow/SQLStorm/13186.sql
  LOGS_DIR          = logs/compare/warm_stepup/compare_server001_s1_20261004T161823Z  (query_timing_/query_samples_/query_catalog_stackoverflow_1gb.csv)
  DB_NAME / DB_USER = stackoverflow_1gb / postgres
  PGPORT            = 5432  (server reports 18.6)
  RUN_ID            = BEAB2C91023C5E56
  WARMUP            = 2 single-copy warm-ups (the first primes the cache)
  BATCH_SIZES       = 1 16  x RUNS=1 measured batches each
  WORKERS           = (planner default)
  STATEMENT_TIMEOUT = 15
  THERMAL_EQUALISE  = gate (T_LO=40 T_HI=60 preheat<=60s cooldown<=120s)
  sensors           = pkg:/sys/class/hwmon/hwmon8/temp1_input cores:4 cpufreq:8 throttle:8/8
  WARMUP_FAIL_SKIP  = on (a failed warm-up skips the query's measured batches)
  IDLE_BASELINE_S   = 5.0 s before each query's measured batches
  SIGLESS_ADDR      = (disabled)
Found 1 query under queries/stackoverflow/SQLStorm/13186.sql

RAPL: powercap, 1 package, domains: pkg core gpu/uncore dram

[1/1] queries/stackoverflow/SQLStorm/13186.sql (2 warmup + step-up 1 16 x1)
  warmup 1/2: 4.966119 sec (cache prime)
  warmup 2/2: 4.515843 sec
  idle baseline: 5.0s, package 0.481 W, dram 0.256 W
  N=1   batch 1/1: 4.494485 sec, 1 copy (server sum 4436.486 ms)
  N=16  batch 1/1: 67.825218 sec, 16 copies (server sum 67738.667 ms)
  done: 2 sizes x 1 run (0 failures)

Done. Batch rows appended to logs/compare/warm_stepup/compare_server001_s1_20261004T161823Z/query_timing_stackoverflow_1gb.csv
Per-copy samples appended to logs/compare/warm_stepup/compare_server001_s1_20261004T161823Z/query_samples_stackoverflow_1gb.csv
Idle baselines appended to logs/compare/warm_stepup/compare_server001_s1_20261004T161823Z/query_idle_stackoverflow_1gb.csv
Machine identity appended to logs/compare/warm_stepup/compare_server001_s1_20261004T161823Z/query_runinfo_stackoverflow_1gb.csv
Last batch ended at epoch 1791138908.191 (PREV_END_EPOCH for the next invocation)
===== [219/324] queries/stackoverflow/SQLStorm/11471.sql run_id=5A05C1DF0863A7A9 =====
query_runner configuration:
  QUERY_DIR         = queries/stackoverflow/SQLStorm/11471.sql
  LOGS_DIR          = logs/compare/warm_stepup/compare_server001_s1_20261004T161823Z  (query_timing_/query_samples_/query_catalog_stackoverflow_1gb.csv)
  DB_NAME / DB_USER = stackoverflow_1gb / postgres
  PGPORT            = 5432  (server reports 18.6)
  RUN_ID            = 5A05C1DF0863A7A9
  WARMUP            = 2 single-copy warm-ups (the first primes the cache)
  BATCH_SIZES       = 1 16  x RUNS=1 measured batches each
  WORKERS           = (planner default)
  STATEMENT_TIMEOUT = 15
  THERMAL_EQUALISE  = gate (T_LO=40 T_HI=60 preheat<=60s cooldown<=120s)
  sensors           = pkg:/sys/class/hwmon/hwmon8/temp1_input cores:4 cpufreq:8 throttle:8/8
  WARMUP_FAIL_SKIP  = on (a failed warm-up skips the query's measured batches)
  IDLE_BASELINE_S   = 5.0 s before each query's measured batches
  SIGLESS_ADDR      = (disabled)
Found 1 query under queries/stackoverflow/SQLStorm/11471.sql

RAPL: powercap, 1 package, domains: pkg core gpu/uncore dram

[1/1] queries/stackoverflow/SQLStorm/11471.sql (2 warmup + step-up 1 16 x1)
  warmup 1/2: 2.042899 sec (cache prime)
  warmup 2/2: 1.831727 sec
  idle baseline: 5.0s, package 0.457 W, dram 0.256 W
  N=1   batch 1/1: 1.828336 sec, 1 copy (server sum 1771.591 ms)
  N=16  batch 1/1: 26.879840 sec, 16 copies (server sum 26801.993 ms)
  done: 2 sizes x 1 run (0 failures)

Done. Batch rows appended to logs/compare/warm_stepup/compare_server001_s1_20261004T161823Z/query_timing_stackoverflow_1gb.csv
Per-copy samples appended to logs/compare/warm_stepup/compare_server001_s1_20261004T161823Z/query_samples_stackoverflow_1gb.csv
Idle baselines appended to logs/compare/warm_stepup/compare_server001_s1_20261004T161823Z/query_idle_stackoverflow_1gb.csv
Machine identity appended to logs/compare/warm_stepup/compare_server001_s1_20261004T161823Z/query_runinfo_stackoverflow_1gb.csv
Last batch ended at epoch 1791138949.696 (PREV_END_EPOCH for the next invocation)
===== [220/324] queries/stackoverflow/SQLStorm/2764.sql run_id=01689D53DC9B8E0B =====
query_runner configuration:
  QUERY_DIR         = queries/stackoverflow/SQLStorm/2764.sql
  LOGS_DIR          = logs/compare/warm_stepup/compare_server001_s1_20261004T161823Z  (query_timing_/query_samples_/query_catalog_stackoverflow_1gb.csv)
  DB_NAME / DB_USER = stackoverflow_1gb / postgres
  PGPORT            = 5432  (server reports 18.6)
  RUN_ID            = 01689D53DC9B8E0B
  WARMUP            = 2 single-copy warm-ups (the first primes the cache)
  BATCH_SIZES       = 1 16  x RUNS=1 measured batches each
  WORKERS           = (planner default)
  STATEMENT_TIMEOUT = 15
  THERMAL_EQUALISE  = gate (T_LO=40 T_HI=60 preheat<=60s cooldown<=120s)
  sensors           = pkg:/sys/class/hwmon/hwmon8/temp1_input cores:4 cpufreq:8 throttle:8/8
  WARMUP_FAIL_SKIP  = on (a failed warm-up skips the query's measured batches)
  IDLE_BASELINE_S   = 5.0 s before each query's measured batches
  SIGLESS_ADDR      = (disabled)
Found 1 query under queries/stackoverflow/SQLStorm/2764.sql

RAPL: powercap, 1 package, domains: pkg core gpu/uncore dram

[1/1] queries/stackoverflow/SQLStorm/2764.sql (2 warmup + step-up 1 16 x1)
  warmup 1/2: 0.673241 sec (cache prime)
  warmup 2/2: 0.478900 sec
  idle baseline: 5.0s, package 0.491 W, dram 0.256 W
  N=1   batch 1/1: 0.479122 sec, 1 copy (server sum 421.488 ms)
  N=16  batch 1/1: 6.560738 sec, 16 copies (server sum 6477.187 ms)
  done: 2 sizes x 1 run (0 failures)

Done. Batch rows appended to logs/compare/warm_stepup/compare_server001_s1_20261004T161823Z/query_timing_stackoverflow_1gb.csv
Per-copy samples appended to logs/compare/warm_stepup/compare_server001_s1_20261004T161823Z/query_samples_stackoverflow_1gb.csv
Idle baselines appended to logs/compare/warm_stepup/compare_server001_s1_20261004T161823Z/query_idle_stackoverflow_1gb.csv
Machine identity appended to logs/compare/warm_stepup/compare_server001_s1_20261004T161823Z/query_runinfo_stackoverflow_1gb.csv
Last batch ended at epoch 1791138966.306 (PREV_END_EPOCH for the next invocation)
===== [221/324] queries/stackoverflow/SQLStorm/16378.sql run_id=A47789DAE7C45A56 =====
query_runner configuration:
  QUERY_DIR         = queries/stackoverflow/SQLStorm/16378.sql
  LOGS_DIR          = logs/compare/warm_stepup/compare_server001_s1_20261004T161823Z  (query_timing_/query_samples_/query_catalog_stackoverflow_1gb.csv)
  DB_NAME / DB_USER = stackoverflow_1gb / postgres
  PGPORT            = 5432  (server reports 18.6)
  RUN_ID            = A47789DAE7C45A56
  WARMUP            = 2 single-copy warm-ups (the first primes the cache)
  BATCH_SIZES       = 1 16  x RUNS=1 measured batches each
  WORKERS           = (planner default)
  STATEMENT_TIMEOUT = 15
  THERMAL_EQUALISE  = gate (T_LO=40 T_HI=60 preheat<=60s cooldown<=120s)
  sensors           = pkg:/sys/class/hwmon/hwmon8/temp1_input cores:4 cpufreq:8 throttle:8/8
  WARMUP_FAIL_SKIP  = on (a failed warm-up skips the query's measured batches)
  IDLE_BASELINE_S   = 5.0 s before each query's measured batches
  SIGLESS_ADDR      = (disabled)
Found 1 query under queries/stackoverflow/SQLStorm/16378.sql

RAPL: powercap, 1 package, domains: pkg core gpu/uncore dram

[1/1] queries/stackoverflow/SQLStorm/16378.sql (2 warmup + step-up 1 16 x1)
  warmup 1/2: 0.682483 sec (cache prime)
  warmup 2/2: 0.548136 sec
  idle baseline: 5.0s, package 0.481 W, dram 0.256 W
  N=1   batch 1/1: 0.554086 sec, 1 copy (server sum 498.565 ms)
  N=16  batch 1/1: 7.280653 sec, 16 copies (server sum 7187.815 ms)
  done: 2 sizes x 1 run (0 failures)

Done. Batch rows appended to logs/compare/warm_stepup/compare_server001_s1_20261004T161823Z/query_timing_stackoverflow_1gb.csv
Per-copy samples appended to logs/compare/warm_stepup/compare_server001_s1_20261004T161823Z/query_samples_stackoverflow_1gb.csv
Idle baselines appended to logs/compare/warm_stepup/compare_server001_s1_20261004T161823Z/query_idle_stackoverflow_1gb.csv
Machine identity appended to logs/compare/warm_stepup/compare_server001_s1_20261004T161823Z/query_runinfo_stackoverflow_1gb.csv
Last batch ended at epoch 1791138983.735 (PREV_END_EPOCH for the next invocation)
===== [222/324] queries/stackoverflow/SQLStorm/12477.sql run_id=CBD2DFEBA5CB3720 =====
query_runner configuration:
  QUERY_DIR         = queries/stackoverflow/SQLStorm/12477.sql
  LOGS_DIR          = logs/compare/warm_stepup/compare_server001_s1_20261004T161823Z  (query_timing_/query_samples_/query_catalog_stackoverflow_1gb.csv)
  DB_NAME / DB_USER = stackoverflow_1gb / postgres
  PGPORT            = 5432  (server reports 18.6)
  RUN_ID            = CBD2DFEBA5CB3720
  WARMUP            = 2 single-copy warm-ups (the first primes the cache)
  BATCH_SIZES       = 1 16  x RUNS=1 measured batches each
  WORKERS           = (planner default)
  STATEMENT_TIMEOUT = 15
  THERMAL_EQUALISE  = gate (T_LO=40 T_HI=60 preheat<=60s cooldown<=120s)
  sensors           = pkg:/sys/class/hwmon/hwmon8/temp1_input cores:4 cpufreq:8 throttle:8/8
  WARMUP_FAIL_SKIP  = on (a failed warm-up skips the query's measured batches)
  IDLE_BASELINE_S   = 5.0 s before each query's measured batches
  SIGLESS_ADDR      = (disabled)
Found 1 query under queries/stackoverflow/SQLStorm/12477.sql

RAPL: powercap, 1 package, domains: pkg core gpu/uncore dram

[1/1] queries/stackoverflow/SQLStorm/12477.sql (2 warmup + step-up 1 16 x1)
  warmup 1/2: 2.648641 sec (cache prime)
  warmup 2/2: 2.410250 sec
  idle baseline: 5.0s, package 0.439 W, dram 0.256 W
  N=1   batch 1/1: 2.410968 sec, 1 copy (server sum 2353.639 ms)
  N=16  batch 1/1: 36.252428 sec, 16 copies (server sum 36172.812 ms)
  done: 2 sizes x 1 run (0 failures)

Done. Batch rows appended to logs/compare/warm_stepup/compare_server001_s1_20261004T161823Z/query_timing_stackoverflow_1gb.csv
Per-copy samples appended to logs/compare/warm_stepup/compare_server001_s1_20261004T161823Z/query_samples_stackoverflow_1gb.csv
Idle baselines appended to logs/compare/warm_stepup/compare_server001_s1_20261004T161823Z/query_idle_stackoverflow_1gb.csv
Machine identity appended to logs/compare/warm_stepup/compare_server001_s1_20261004T161823Z/query_runinfo_stackoverflow_1gb.csv
Last batch ended at epoch 1791139036.072 (PREV_END_EPOCH for the next invocation)
===== [223/324] queries/stackoverflow/SQLStorm/2863.sql run_id=36AA2ADDB960C4FB =====
query_runner configuration:
  QUERY_DIR         = queries/stackoverflow/SQLStorm/2863.sql
  LOGS_DIR          = logs/compare/warm_stepup/compare_server001_s1_20261004T161823Z  (query_timing_/query_samples_/query_catalog_stackoverflow_1gb.csv)
  DB_NAME / DB_USER = stackoverflow_1gb / postgres
  PGPORT            = 5432  (server reports 18.6)
  RUN_ID            = 36AA2ADDB960C4FB
  WARMUP            = 2 single-copy warm-ups (the first primes the cache)
  BATCH_SIZES       = 1 16  x RUNS=1 measured batches each
  WORKERS           = (planner default)
  STATEMENT_TIMEOUT = 15
  THERMAL_EQUALISE  = gate (T_LO=40 T_HI=60 preheat<=60s cooldown<=120s)
  sensors           = pkg:/sys/class/hwmon/hwmon8/temp1_input cores:4 cpufreq:8 throttle:8/8
  WARMUP_FAIL_SKIP  = on (a failed warm-up skips the query's measured batches)
  IDLE_BASELINE_S   = 5.0 s before each query's measured batches
  SIGLESS_ADDR      = (disabled)
Found 1 query under queries/stackoverflow/SQLStorm/2863.sql

RAPL: powercap, 1 package, domains: pkg core gpu/uncore dram

[1/1] queries/stackoverflow/SQLStorm/2863.sql (2 warmup + step-up 1 16 x1)
  warmup 1/2: 2.111320 sec (cache prime)
  warmup 2/2: 1.479006 sec
  idle baseline: 5.0s, package 0.495 W, dram 0.256 W
  N=1   batch 1/1: 1.480768 sec, 1 copy (server sum 1421.943 ms)
  N=16  batch 1/1: 21.522740 sec, 16 copies (server sum 21375.119 ms)
  done: 2 sizes x 1 run (0 failures)

Done. Batch rows appended to logs/compare/warm_stepup/compare_server001_s1_20261004T161823Z/query_timing_stackoverflow_1gb.csv
Per-copy samples appended to logs/compare/warm_stepup/compare_server001_s1_20261004T161823Z/query_samples_stackoverflow_1gb.csv
Idle baselines appended to logs/compare/warm_stepup/compare_server001_s1_20261004T161823Z/query_idle_stackoverflow_1gb.csv
Machine identity appended to logs/compare/warm_stepup/compare_server001_s1_20261004T161823Z/query_runinfo_stackoverflow_1gb.csv
Last batch ended at epoch 1791139071.184 (PREV_END_EPOCH for the next invocation)
===== [224/324] queries/stackoverflow/SQLStorm/14843.sql run_id=3DC7E45B7A029DBF =====
query_runner configuration:
  QUERY_DIR         = queries/stackoverflow/SQLStorm/14843.sql
  LOGS_DIR          = logs/compare/warm_stepup/compare_server001_s1_20261004T161823Z  (query_timing_/query_samples_/query_catalog_stackoverflow_1gb.csv)
  DB_NAME / DB_USER = stackoverflow_1gb / postgres
  PGPORT            = 5432  (server reports 18.6)
  RUN_ID            = 3DC7E45B7A029DBF
  WARMUP            = 2 single-copy warm-ups (the first primes the cache)
  BATCH_SIZES       = 1 16  x RUNS=1 measured batches each
  WORKERS           = (planner default)
  STATEMENT_TIMEOUT = 15
  THERMAL_EQUALISE  = gate (T_LO=40 T_HI=60 preheat<=60s cooldown<=120s)
  sensors           = pkg:/sys/class/hwmon/hwmon8/temp1_input cores:4 cpufreq:8 throttle:8/8
  WARMUP_FAIL_SKIP  = on (a failed warm-up skips the query's measured batches)
  IDLE_BASELINE_S   = 5.0 s before each query's measured batches
  SIGLESS_ADDR      = (disabled)
Found 1 query under queries/stackoverflow/SQLStorm/14843.sql

RAPL: powercap, 1 package, domains: pkg core gpu/uncore dram

[1/1] queries/stackoverflow/SQLStorm/14843.sql (2 warmup + step-up 1 16 x1)
  warmup 1/2: 0.297032 sec (cache prime)
  warmup 2/2: 0.165424 sec
  idle baseline: 5.0s, package 0.507 W, dram 0.256 W
  N=1   batch 1/1: 0.166134 sec, 1 copy (server sum 109.844 ms)
  N=16  batch 1/1: 1.542348 sec, 16 copies (server sum 1476.052 ms)
  done: 2 sizes x 1 run (0 failures)

Done. Batch rows appended to logs/compare/warm_stepup/compare_server001_s1_20261004T161823Z/query_timing_stackoverflow_1gb.csv
Per-copy samples appended to logs/compare/warm_stepup/compare_server001_s1_20261004T161823Z/query_samples_stackoverflow_1gb.csv
Idle baselines appended to logs/compare/warm_stepup/compare_server001_s1_20261004T161823Z/query_idle_stackoverflow_1gb.csv
Machine identity appended to logs/compare/warm_stepup/compare_server001_s1_20261004T161823Z/query_runinfo_stackoverflow_1gb.csv
Last batch ended at epoch 1791139081.791 (PREV_END_EPOCH for the next invocation)
===== [225/324] compare/probes/probe_hash.sql run_id=4D4D12CC4DADF5B1 =====
query_runner configuration:
  QUERY_DIR         = compare/probes/probe_hash.sql
  LOGS_DIR          = logs/compare/warm_stepup/compare_server001_s1_20261004T161823Z  (query_timing_/query_samples_/query_catalog_stackoverflow_1gb.csv)
  DB_NAME / DB_USER = stackoverflow_1gb / postgres
  PGPORT            = 5432  (server reports 18.6)
  RUN_ID            = 4D4D12CC4DADF5B1
  WARMUP            = 2 single-copy warm-ups (the first primes the cache)
  BATCH_SIZES       = 1 16  x RUNS=1 measured batches each
  WORKERS           = (planner default)
  STATEMENT_TIMEOUT = 15
  THERMAL_EQUALISE  = gate (T_LO=40 T_HI=60 preheat<=60s cooldown<=120s)
  sensors           = pkg:/sys/class/hwmon/hwmon8/temp1_input cores:4 cpufreq:8 throttle:8/8
  WARMUP_FAIL_SKIP  = on (a failed warm-up skips the query's measured batches)
  IDLE_BASELINE_S   = 5.0 s before each query's measured batches
  SIGLESS_ADDR      = (disabled)
Found 1 query under compare/probes/probe_hash.sql

RAPL: powercap, 1 package, domains: pkg core gpu/uncore dram

[1/1] compare/probes/probe_hash.sql (2 warmup + step-up 1 16 x1)
  warmup 1/2: 1.888166 sec (cache prime)
  warmup 2/2: 1.609434 sec
  idle baseline: 5.0s, package 0.481 W, dram 0.256 W
  N=1   batch 1/1: 1.620446 sec, 0 copies
  N=16  batch 1/1: 24.515693 sec, 0 copies
  done: 2 sizes x 1 run (0 failures)

Done. Batch rows appended to logs/compare/warm_stepup/compare_server001_s1_20261004T161823Z/query_timing_stackoverflow_1gb.csv
Per-copy samples appended to logs/compare/warm_stepup/compare_server001_s1_20261004T161823Z/query_samples_stackoverflow_1gb.csv
Idle baselines appended to logs/compare/warm_stepup/compare_server001_s1_20261004T161823Z/query_idle_stackoverflow_1gb.csv
Machine identity appended to logs/compare/warm_stepup/compare_server001_s1_20261004T161823Z/query_runinfo_stackoverflow_1gb.csv
Last batch ended at epoch 1791139120.054 (PREV_END_EPOCH for the next invocation)
===== [226/324] queries/stackoverflow/SQLStorm/20426.sql run_id=7D560B36DC087285 =====
query_runner configuration:
  QUERY_DIR         = queries/stackoverflow/SQLStorm/20426.sql
  LOGS_DIR          = logs/compare/warm_stepup/compare_server001_s1_20261004T161823Z  (query_timing_/query_samples_/query_catalog_stackoverflow_1gb.csv)
  DB_NAME / DB_USER = stackoverflow_1gb / postgres
  PGPORT            = 5432  (server reports 18.6)
  RUN_ID            = 7D560B36DC087285
  WARMUP            = 2 single-copy warm-ups (the first primes the cache)
  BATCH_SIZES       = 1 16  x RUNS=1 measured batches each
  WORKERS           = (planner default)
  STATEMENT_TIMEOUT = 15
  THERMAL_EQUALISE  = gate (T_LO=40 T_HI=60 preheat<=60s cooldown<=120s)
  sensors           = pkg:/sys/class/hwmon/hwmon8/temp1_input cores:4 cpufreq:8 throttle:8/8
  WARMUP_FAIL_SKIP  = on (a failed warm-up skips the query's measured batches)
  IDLE_BASELINE_S   = 5.0 s before each query's measured batches
  SIGLESS_ADDR      = (disabled)
Found 1 query under queries/stackoverflow/SQLStorm/20426.sql

RAPL: powercap, 1 package, domains: pkg core gpu/uncore dram

[1/1] queries/stackoverflow/SQLStorm/20426.sql (2 warmup + step-up 1 16 x1)
  thermal gate: waited 2s -> 57.0 C
  warmup 1/2: 5.330288 sec (cache prime)
  warmup 2/2: 3.758974 sec
  idle baseline: 5.0s, package 0.505 W, dram 0.258 W
  N=1   batch 1/1: 3.769950 sec, 1 copy (server sum 3710.679 ms)
  N=16  batch 1/1: 56.886402 sec, 16 copies (server sum 56787.757 ms)
  done: 2 sizes x 1 run (0 failures)

Done. Batch rows appended to logs/compare/warm_stepup/compare_server001_s1_20261004T161823Z/query_timing_stackoverflow_1gb.csv
Per-copy samples appended to logs/compare/warm_stepup/compare_server001_s1_20261004T161823Z/query_samples_stackoverflow_1gb.csv
Idle baselines appended to logs/compare/warm_stepup/compare_server001_s1_20261004T161823Z/query_idle_stackoverflow_1gb.csv
Machine identity appended to logs/compare/warm_stepup/compare_server001_s1_20261004T161823Z/query_runinfo_stackoverflow_1gb.csv
Last batch ended at epoch 1791139200.172 (PREV_END_EPOCH for the next invocation)
===== [227/324] queries/stackoverflow/SQLStorm/9509.sql run_id=4F7B640407407F56 =====
query_runner configuration:
  QUERY_DIR         = queries/stackoverflow/SQLStorm/9509.sql
  LOGS_DIR          = logs/compare/warm_stepup/compare_server001_s1_20261004T161823Z  (query_timing_/query_samples_/query_catalog_stackoverflow_1gb.csv)
  DB_NAME / DB_USER = stackoverflow_1gb / postgres
  PGPORT            = 5432  (server reports 18.6)
  RUN_ID            = 4F7B640407407F56
  WARMUP            = 2 single-copy warm-ups (the first primes the cache)
  BATCH_SIZES       = 1 16  x RUNS=1 measured batches each
  WORKERS           = (planner default)
  STATEMENT_TIMEOUT = 15
  THERMAL_EQUALISE  = gate (T_LO=40 T_HI=60 preheat<=60s cooldown<=120s)
  sensors           = pkg:/sys/class/hwmon/hwmon8/temp1_input cores:4 cpufreq:8 throttle:8/8
  WARMUP_FAIL_SKIP  = on (a failed warm-up skips the query's measured batches)
  IDLE_BASELINE_S   = 5.0 s before each query's measured batches
  SIGLESS_ADDR      = (disabled)
Found 1 query under queries/stackoverflow/SQLStorm/9509.sql

RAPL: powercap, 1 package, domains: pkg core gpu/uncore dram

[1/1] queries/stackoverflow/SQLStorm/9509.sql (2 warmup + step-up 1 16 x1)
  warmup 1/2: 1.092942 sec (cache prime)
  warmup 2/2: 0.910703 sec
  idle baseline: 5.0s, package 0.460 W, dram 0.256 W
  N=1   batch 1/1: 0.892670 sec, 1 copy (server sum 835.659 ms)
  N=16  batch 1/1: 12.687936 sec, 16 copies (server sum 12610.235 ms)
  done: 2 sizes x 1 run (0 failures)

Done. Batch rows appended to logs/compare/warm_stepup/compare_server001_s1_20261004T161823Z/query_timing_stackoverflow_1gb.csv
Per-copy samples appended to logs/compare/warm_stepup/compare_server001_s1_20261004T161823Z/query_samples_stackoverflow_1gb.csv
Idle baselines appended to logs/compare/warm_stepup/compare_server001_s1_20261004T161823Z/query_idle_stackoverflow_1gb.csv
Machine identity appended to logs/compare/warm_stepup/compare_server001_s1_20261004T161823Z/query_runinfo_stackoverflow_1gb.csv
Last batch ended at epoch 1791139224.452 (PREV_END_EPOCH for the next invocation)
===== [228/324] queries/stackoverflow/SQLStorm/1255.sql run_id=491B39659250157B =====
query_runner configuration:
  QUERY_DIR         = queries/stackoverflow/SQLStorm/1255.sql
  LOGS_DIR          = logs/compare/warm_stepup/compare_server001_s1_20261004T161823Z  (query_timing_/query_samples_/query_catalog_stackoverflow_1gb.csv)
  DB_NAME / DB_USER = stackoverflow_1gb / postgres
  PGPORT            = 5432  (server reports 18.6)
  RUN_ID            = 491B39659250157B
  WARMUP            = 2 single-copy warm-ups (the first primes the cache)
  BATCH_SIZES       = 1 16  x RUNS=1 measured batches each
  WORKERS           = (planner default)
  STATEMENT_TIMEOUT = 15
  THERMAL_EQUALISE  = gate (T_LO=40 T_HI=60 preheat<=60s cooldown<=120s)
  sensors           = pkg:/sys/class/hwmon/hwmon8/temp1_input cores:4 cpufreq:8 throttle:8/8
  WARMUP_FAIL_SKIP  = on (a failed warm-up skips the query's measured batches)
  IDLE_BASELINE_S   = 5.0 s before each query's measured batches
  SIGLESS_ADDR      = (disabled)
Found 1 query under queries/stackoverflow/SQLStorm/1255.sql

RAPL: powercap, 1 package, domains: pkg core gpu/uncore dram

[1/1] queries/stackoverflow/SQLStorm/1255.sql (2 warmup + step-up 1 16 x1)
  warmup 1/2: 0.758758 sec (cache prime)
  warmup 2/2: 0.436545 sec
  idle baseline: 5.0s, package 0.453 W, dram 0.255 W
  N=1   batch 1/1: 0.433963 sec, 1 copy (server sum 376.810 ms)
  N=16  batch 1/1: 5.493805 sec, 16 copies (server sum 5414.739 ms)
  done: 2 sizes x 1 run (0 failures)

Done. Batch rows appended to logs/compare/warm_stepup/compare_server001_s1_20261004T161823Z/query_timing_stackoverflow_1gb.csv
Per-copy samples appended to logs/compare/warm_stepup/compare_server001_s1_20261004T161823Z/query_samples_stackoverflow_1gb.csv
Idle baselines appended to logs/compare/warm_stepup/compare_server001_s1_20261004T161823Z/query_idle_stackoverflow_1gb.csv
Machine identity appended to logs/compare/warm_stepup/compare_server001_s1_20261004T161823Z/query_runinfo_stackoverflow_1gb.csv
Last batch ended at epoch 1791139240.065 (PREV_END_EPOCH for the next invocation)
===== [229/324] queries/stackoverflow/SQLStorm/12128.sql run_id=6CC2A043DDF2BB78 =====
query_runner configuration:
  QUERY_DIR         = queries/stackoverflow/SQLStorm/12128.sql
  LOGS_DIR          = logs/compare/warm_stepup/compare_server001_s1_20261004T161823Z  (query_timing_/query_samples_/query_catalog_stackoverflow_1gb.csv)
  DB_NAME / DB_USER = stackoverflow_1gb / postgres
  PGPORT            = 5432  (server reports 18.6)
  RUN_ID            = 6CC2A043DDF2BB78
  WARMUP            = 2 single-copy warm-ups (the first primes the cache)
  BATCH_SIZES       = 1 16  x RUNS=1 measured batches each
  WORKERS           = (planner default)
  STATEMENT_TIMEOUT = 15
  THERMAL_EQUALISE  = gate (T_LO=40 T_HI=60 preheat<=60s cooldown<=120s)
  sensors           = pkg:/sys/class/hwmon/hwmon8/temp1_input cores:4 cpufreq:8 throttle:8/8
  WARMUP_FAIL_SKIP  = on (a failed warm-up skips the query's measured batches)
  IDLE_BASELINE_S   = 5.0 s before each query's measured batches
  SIGLESS_ADDR      = (disabled)
Found 1 query under queries/stackoverflow/SQLStorm/12128.sql

RAPL: powercap, 1 package, domains: pkg core gpu/uncore dram

[1/1] queries/stackoverflow/SQLStorm/12128.sql (2 warmup + step-up 1 16 x1)
  warmup 1/2: 3.725304 sec (cache prime)
  warmup 2/2: 3.481144 sec
  idle baseline: 5.0s, package 0.464 W, dram 0.255 W
  N=1   batch 1/1: 3.500781 sec, 1 copy (server sum 3443.272 ms)
  N=16  batch 1/1: 53.484205 sec, 16 copies (server sum 53405.245 ms)
  done: 2 sizes x 1 run (0 failures)

Done. Batch rows appended to logs/compare/warm_stepup/compare_server001_s1_20261004T161823Z/query_timing_stackoverflow_1gb.csv
Per-copy samples appended to logs/compare/warm_stepup/compare_server001_s1_20261004T161823Z/query_samples_stackoverflow_1gb.csv
Idle baselines appended to logs/compare/warm_stepup/compare_server001_s1_20261004T161823Z/query_idle_stackoverflow_1gb.csv
Machine identity appended to logs/compare/warm_stepup/compare_server001_s1_20261004T161823Z/query_runinfo_stackoverflow_1gb.csv
Last batch ended at epoch 1791139312.647 (PREV_END_EPOCH for the next invocation)
===== [230/324] queries/stackoverflow/SQLStorm/28796.sql run_id=0FC8028F76753C00 =====
query_runner configuration:
  QUERY_DIR         = queries/stackoverflow/SQLStorm/28796.sql
  LOGS_DIR          = logs/compare/warm_stepup/compare_server001_s1_20261004T161823Z  (query_timing_/query_samples_/query_catalog_stackoverflow_1gb.csv)
  DB_NAME / DB_USER = stackoverflow_1gb / postgres
  PGPORT            = 5432  (server reports 18.6)
  RUN_ID            = 0FC8028F76753C00
  WARMUP            = 2 single-copy warm-ups (the first primes the cache)
  BATCH_SIZES       = 1 16  x RUNS=1 measured batches each
  WORKERS           = (planner default)
  STATEMENT_TIMEOUT = 15
  THERMAL_EQUALISE  = gate (T_LO=40 T_HI=60 preheat<=60s cooldown<=120s)
  sensors           = pkg:/sys/class/hwmon/hwmon8/temp1_input cores:4 cpufreq:8 throttle:8/8
  WARMUP_FAIL_SKIP  = on (a failed warm-up skips the query's measured batches)
  IDLE_BASELINE_S   = 5.0 s before each query's measured batches
  SIGLESS_ADDR      = (disabled)
Found 1 query under queries/stackoverflow/SQLStorm/28796.sql

RAPL: powercap, 1 package, domains: pkg core gpu/uncore dram

[1/1] queries/stackoverflow/SQLStorm/28796.sql (2 warmup + step-up 1 16 x1)
  warmup 1/2: 2.111009 sec (cache prime)
  warmup 2/2: 1.807603 sec
  idle baseline: 5.0s, package 0.515 W, dram 0.256 W
  N=1   batch 1/1: 1.810029 sec, 1 copy (server sum 1751.271 ms)
  N=16  batch 1/1: 26.413277 sec, 16 copies (server sum 26319.238 ms)
  done: 2 sizes x 1 run (0 failures)

Done. Batch rows appended to logs/compare/warm_stepup/compare_server001_s1_20261004T161823Z/query_timing_stackoverflow_1gb.csv
Per-copy samples appended to logs/compare/warm_stepup/compare_server001_s1_20261004T161823Z/query_samples_stackoverflow_1gb.csv
Idle baselines appended to logs/compare/warm_stepup/compare_server001_s1_20261004T161823Z/query_idle_stackoverflow_1gb.csv
Machine identity appended to logs/compare/warm_stepup/compare_server001_s1_20261004T161823Z/query_runinfo_stackoverflow_1gb.csv
Last batch ended at epoch 1791139353.364 (PREV_END_EPOCH for the next invocation)
===== [231/324] queries/stackoverflow/SQLStorm/8072.sql run_id=128843DBC2C79CEA =====
query_runner configuration:
  QUERY_DIR         = queries/stackoverflow/SQLStorm/8072.sql
  LOGS_DIR          = logs/compare/warm_stepup/compare_server001_s1_20261004T161823Z  (query_timing_/query_samples_/query_catalog_stackoverflow_1gb.csv)
  DB_NAME / DB_USER = stackoverflow_1gb / postgres
  PGPORT            = 5432  (server reports 18.6)
  RUN_ID            = 128843DBC2C79CEA
  WARMUP            = 2 single-copy warm-ups (the first primes the cache)
  BATCH_SIZES       = 1 16  x RUNS=1 measured batches each
  WORKERS           = (planner default)
  STATEMENT_TIMEOUT = 15
  THERMAL_EQUALISE  = gate (T_LO=40 T_HI=60 preheat<=60s cooldown<=120s)
  sensors           = pkg:/sys/class/hwmon/hwmon8/temp1_input cores:4 cpufreq:8 throttle:8/8
  WARMUP_FAIL_SKIP  = on (a failed warm-up skips the query's measured batches)
  IDLE_BASELINE_S   = 5.0 s before each query's measured batches
  SIGLESS_ADDR      = (disabled)
Found 1 query under queries/stackoverflow/SQLStorm/8072.sql

RAPL: powercap, 1 package, domains: pkg core gpu/uncore dram

[1/1] queries/stackoverflow/SQLStorm/8072.sql (2 warmup + step-up 1 16 x1)
  warmup 1/2: 3.025986 sec (cache prime)
  warmup 2/2: 2.511562 sec
  idle baseline: 5.0s, package 0.511 W, dram 0.257 W
  N=1   batch 1/1: 2.518515 sec, 1 copy (server sum 2460.057 ms)
  N=16  batch 1/1: 37.436091 sec, 16 copies (server sum 37342.283 ms)
  done: 2 sizes x 1 run (0 failures)

Done. Batch rows appended to logs/compare/warm_stepup/compare_server001_s1_20261004T161823Z/query_timing_stackoverflow_1gb.csv
Per-copy samples appended to logs/compare/warm_stepup/compare_server001_s1_20261004T161823Z/query_samples_stackoverflow_1gb.csv
Idle baselines appended to logs/compare/warm_stepup/compare_server001_s1_20261004T161823Z/query_idle_stackoverflow_1gb.csv
Machine identity appended to logs/compare/warm_stepup/compare_server001_s1_20261004T161823Z/query_runinfo_stackoverflow_1gb.csv
Last batch ended at epoch 1791139407.313 (PREV_END_EPOCH for the next invocation)
===== [232/324] queries/stackoverflow/SQLStorm/7184.sql run_id=65EC2CD71693837E =====
query_runner configuration:
  QUERY_DIR         = queries/stackoverflow/SQLStorm/7184.sql
  LOGS_DIR          = logs/compare/warm_stepup/compare_server001_s1_20261004T161823Z  (query_timing_/query_samples_/query_catalog_stackoverflow_1gb.csv)
  DB_NAME / DB_USER = stackoverflow_1gb / postgres
  PGPORT            = 5432  (server reports 18.6)
  RUN_ID            = 65EC2CD71693837E
  WARMUP            = 2 single-copy warm-ups (the first primes the cache)
  BATCH_SIZES       = 1 16  x RUNS=1 measured batches each
  WORKERS           = (planner default)
  STATEMENT_TIMEOUT = 15
  THERMAL_EQUALISE  = gate (T_LO=40 T_HI=60 preheat<=60s cooldown<=120s)
  sensors           = pkg:/sys/class/hwmon/hwmon8/temp1_input cores:4 cpufreq:8 throttle:8/8
  WARMUP_FAIL_SKIP  = on (a failed warm-up skips the query's measured batches)
  IDLE_BASELINE_S   = 5.0 s before each query's measured batches
  SIGLESS_ADDR      = (disabled)
Found 1 query under queries/stackoverflow/SQLStorm/7184.sql

RAPL: powercap, 1 package, domains: pkg core gpu/uncore dram

[1/1] queries/stackoverflow/SQLStorm/7184.sql (2 warmup + step-up 1 16 x1)
  warmup 1/2: 0.352680 sec (cache prime)
  warmup 2/2: 0.209152 sec
  idle baseline: 5.0s, package 0.499 W, dram 0.255 W
  N=1   batch 1/1: 0.204155 sec, 1 copy (server sum 148.138 ms)
  N=16  batch 1/1: 2.178595 sec, 16 copies (server sum 2107.936 ms)
  done: 2 sizes x 1 run (0 failures)

Done. Batch rows appended to logs/compare/warm_stepup/compare_server001_s1_20261004T161823Z/query_timing_stackoverflow_1gb.csv
Per-copy samples appended to logs/compare/warm_stepup/compare_server001_s1_20261004T161823Z/query_samples_stackoverflow_1gb.csv
Idle baselines appended to logs/compare/warm_stepup/compare_server001_s1_20261004T161823Z/query_idle_stackoverflow_1gb.csv
Machine identity appended to logs/compare/warm_stepup/compare_server001_s1_20261004T161823Z/query_runinfo_stackoverflow_1gb.csv
Last batch ended at epoch 1791139418.929 (PREV_END_EPOCH for the next invocation)
===== [233/324] queries/stackoverflow/SQLStorm/16399.sql run_id=DF10D7FD733A5BFC =====
query_runner configuration:
  QUERY_DIR         = queries/stackoverflow/SQLStorm/16399.sql
  LOGS_DIR          = logs/compare/warm_stepup/compare_server001_s1_20261004T161823Z  (query_timing_/query_samples_/query_catalog_stackoverflow_1gb.csv)
  DB_NAME / DB_USER = stackoverflow_1gb / postgres
  PGPORT            = 5432  (server reports 18.6)
  RUN_ID            = DF10D7FD733A5BFC
  WARMUP            = 2 single-copy warm-ups (the first primes the cache)
  BATCH_SIZES       = 1 16  x RUNS=1 measured batches each
  WORKERS           = (planner default)
  STATEMENT_TIMEOUT = 15
  THERMAL_EQUALISE  = gate (T_LO=40 T_HI=60 preheat<=60s cooldown<=120s)
  sensors           = pkg:/sys/class/hwmon/hwmon8/temp1_input cores:4 cpufreq:8 throttle:8/8
  WARMUP_FAIL_SKIP  = on (a failed warm-up skips the query's measured batches)
  IDLE_BASELINE_S   = 5.0 s before each query's measured batches
  SIGLESS_ADDR      = (disabled)
Found 1 query under queries/stackoverflow/SQLStorm/16399.sql

RAPL: powercap, 1 package, domains: pkg core gpu/uncore dram

[1/1] queries/stackoverflow/SQLStorm/16399.sql (2 warmup + step-up 1 16 x1)
  warmup 1/2: 0.252520 sec (cache prime)
  warmup 2/2: 0.101021 sec
  idle baseline: 5.0s, package 0.483 W, dram 0.256 W
  N=1   batch 1/1: 0.100655 sec, 1 copy (server sum 45.023 ms)
  N=16  batch 1/1: 0.764801 sec, 16 copies (server sum 698.404 ms)
  done: 2 sizes x 1 run (0 failures)

Done. Batch rows appended to logs/compare/warm_stepup/compare_server001_s1_20261004T161823Z/query_timing_stackoverflow_1gb.csv
Per-copy samples appended to logs/compare/warm_stepup/compare_server001_s1_20261004T161823Z/query_samples_stackoverflow_1gb.csv
Idle baselines appended to logs/compare/warm_stepup/compare_server001_s1_20261004T161823Z/query_idle_stackoverflow_1gb.csv
Machine identity appended to logs/compare/warm_stepup/compare_server001_s1_20261004T161823Z/query_runinfo_stackoverflow_1gb.csv
Last batch ended at epoch 1791139428.519 (PREV_END_EPOCH for the next invocation)
===== [234/324] queries/stackoverflow/SQLStorm/7046.sql run_id=0AD241CD6C196038 =====
query_runner configuration:
  QUERY_DIR         = queries/stackoverflow/SQLStorm/7046.sql
  LOGS_DIR          = logs/compare/warm_stepup/compare_server001_s1_20261004T161823Z  (query_timing_/query_samples_/query_catalog_stackoverflow_1gb.csv)
  DB_NAME / DB_USER = stackoverflow_1gb / postgres
  PGPORT            = 5432  (server reports 18.6)
  RUN_ID            = 0AD241CD6C196038
  WARMUP            = 2 single-copy warm-ups (the first primes the cache)
  BATCH_SIZES       = 1 16  x RUNS=1 measured batches each
  WORKERS           = (planner default)
  STATEMENT_TIMEOUT = 15
  THERMAL_EQUALISE  = gate (T_LO=40 T_HI=60 preheat<=60s cooldown<=120s)
  sensors           = pkg:/sys/class/hwmon/hwmon8/temp1_input cores:4 cpufreq:8 throttle:8/8
  WARMUP_FAIL_SKIP  = on (a failed warm-up skips the query's measured batches)
  IDLE_BASELINE_S   = 5.0 s before each query's measured batches
  SIGLESS_ADDR      = (disabled)
Found 1 query under queries/stackoverflow/SQLStorm/7046.sql

RAPL: powercap, 1 package, domains: pkg core gpu/uncore dram

[1/1] queries/stackoverflow/SQLStorm/7046.sql (2 warmup + step-up 1 16 x1)
  warmup 1/2: 3.030404 sec (cache prime)
  warmup 2/2: 2.369731 sec
  idle baseline: 5.0s, package 0.505 W, dram 0.258 W
  N=1   batch 1/1: 2.372155 sec, 1 copy (server sum 2314.232 ms)
  N=16  batch 1/1: 35.034746 sec, 16 copies (server sum 34948.616 ms)
  done: 2 sizes x 1 run (0 failures)

Done. Batch rows appended to logs/compare/warm_stepup/compare_server001_s1_20261004T161823Z/query_timing_stackoverflow_1gb.csv
Per-copy samples appended to logs/compare/warm_stepup/compare_server001_s1_20261004T161823Z/query_samples_stackoverflow_1gb.csv
Idle baselines appended to logs/compare/warm_stepup/compare_server001_s1_20261004T161823Z/query_idle_stackoverflow_1gb.csv
Machine identity appended to logs/compare/warm_stepup/compare_server001_s1_20261004T161823Z/query_runinfo_stackoverflow_1gb.csv
Last batch ended at epoch 1791139479.601 (PREV_END_EPOCH for the next invocation)
===== [235/324] queries/stackoverflow/SQLStorm/6957.sql run_id=DF25F089B4DDE319 =====
query_runner configuration:
  QUERY_DIR         = queries/stackoverflow/SQLStorm/6957.sql
  LOGS_DIR          = logs/compare/warm_stepup/compare_server001_s1_20261004T161823Z  (query_timing_/query_samples_/query_catalog_stackoverflow_1gb.csv)
  DB_NAME / DB_USER = stackoverflow_1gb / postgres
  PGPORT            = 5432  (server reports 18.6)
  RUN_ID            = DF25F089B4DDE319
  WARMUP            = 2 single-copy warm-ups (the first primes the cache)
  BATCH_SIZES       = 1 16  x RUNS=1 measured batches each
  WORKERS           = (planner default)
  STATEMENT_TIMEOUT = 15
  THERMAL_EQUALISE  = gate (T_LO=40 T_HI=60 preheat<=60s cooldown<=120s)
  sensors           = pkg:/sys/class/hwmon/hwmon8/temp1_input cores:4 cpufreq:8 throttle:8/8
  WARMUP_FAIL_SKIP  = on (a failed warm-up skips the query's measured batches)
  IDLE_BASELINE_S   = 5.0 s before each query's measured batches
  SIGLESS_ADDR      = (disabled)
Found 1 query under queries/stackoverflow/SQLStorm/6957.sql

RAPL: powercap, 1 package, domains: pkg core gpu/uncore dram

[1/1] queries/stackoverflow/SQLStorm/6957.sql (2 warmup + step-up 1 16 x1)
  warmup 1/2: 1.104078 sec (cache prime)
  warmup 2/2: 0.439440 sec
  idle baseline: 5.0s, package 0.466 W, dram 0.255 W
  N=1   batch 1/1: 0.439638 sec, 1 copy (server sum 381.648 ms)
  N=16  batch 1/1: 5.729454 sec, 16 copies (server sum 5641.055 ms)
  done: 2 sizes x 1 run (0 failures)

Done. Batch rows appended to logs/compare/warm_stepup/compare_server001_s1_20261004T161823Z/query_timing_stackoverflow_1gb.csv
Per-copy samples appended to logs/compare/warm_stepup/compare_server001_s1_20261004T161823Z/query_samples_stackoverflow_1gb.csv
Idle baselines appended to logs/compare/warm_stepup/compare_server001_s1_20261004T161823Z/query_idle_stackoverflow_1gb.csv
Machine identity appended to logs/compare/warm_stepup/compare_server001_s1_20261004T161823Z/query_runinfo_stackoverflow_1gb.csv
Last batch ended at epoch 1791139496.028 (PREV_END_EPOCH for the next invocation)
===== [236/324] queries/stackoverflow/SQLStorm/14978.sql run_id=19708C8946BBDB71 =====
query_runner configuration:
  QUERY_DIR         = queries/stackoverflow/SQLStorm/14978.sql
  LOGS_DIR          = logs/compare/warm_stepup/compare_server001_s1_20261004T161823Z  (query_timing_/query_samples_/query_catalog_stackoverflow_1gb.csv)
  DB_NAME / DB_USER = stackoverflow_1gb / postgres
  PGPORT            = 5432  (server reports 18.6)
  RUN_ID            = 19708C8946BBDB71
  WARMUP            = 2 single-copy warm-ups (the first primes the cache)
  BATCH_SIZES       = 1 16  x RUNS=1 measured batches each
  WORKERS           = (planner default)
  STATEMENT_TIMEOUT = 15
  THERMAL_EQUALISE  = gate (T_LO=40 T_HI=60 preheat<=60s cooldown<=120s)
  sensors           = pkg:/sys/class/hwmon/hwmon8/temp1_input cores:4 cpufreq:8 throttle:8/8
  WARMUP_FAIL_SKIP  = on (a failed warm-up skips the query's measured batches)
  IDLE_BASELINE_S   = 5.0 s before each query's measured batches
  SIGLESS_ADDR      = (disabled)
Found 1 query under queries/stackoverflow/SQLStorm/14978.sql

RAPL: powercap, 1 package, domains: pkg core gpu/uncore dram

[1/1] queries/stackoverflow/SQLStorm/14978.sql (2 warmup + step-up 1 16 x1)
  warmup 1/2: 0.317375 sec (cache prime)
  warmup 2/2: 0.157449 sec
  idle baseline: 5.0s, package 0.537 W, dram 0.257 W
  N=1   batch 1/1: 0.158050 sec, 1 copy (server sum 102.053 ms)
  N=16  batch 1/1: 1.656515 sec, 16 copies (server sum 1585.285 ms)
  done: 2 sizes x 1 run (0 failures)

Done. Batch rows appended to logs/compare/warm_stepup/compare_server001_s1_20261004T161823Z/query_timing_stackoverflow_1gb.csv
Per-copy samples appended to logs/compare/warm_stepup/compare_server001_s1_20261004T161823Z/query_samples_stackoverflow_1gb.csv
Idle baselines appended to logs/compare/warm_stepup/compare_server001_s1_20261004T161823Z/query_idle_stackoverflow_1gb.csv
Machine identity appended to logs/compare/warm_stepup/compare_server001_s1_20261004T161823Z/query_runinfo_stackoverflow_1gb.csv
Last batch ended at epoch 1791139506.837 (PREV_END_EPOCH for the next invocation)
===== [237/324] compare/probes/probe_sort.sql run_id=8B158AD0B2BA3F5B =====
query_runner configuration:
  QUERY_DIR         = compare/probes/probe_sort.sql
  LOGS_DIR          = logs/compare/warm_stepup/compare_server001_s1_20261004T161823Z  (query_timing_/query_samples_/query_catalog_stackoverflow_1gb.csv)
  DB_NAME / DB_USER = stackoverflow_1gb / postgres
  PGPORT            = 5432  (server reports 18.6)
  RUN_ID            = 8B158AD0B2BA3F5B
  WARMUP            = 2 single-copy warm-ups (the first primes the cache)
  BATCH_SIZES       = 1 16  x RUNS=1 measured batches each
  WORKERS           = (planner default)
  STATEMENT_TIMEOUT = 15
  THERMAL_EQUALISE  = gate (T_LO=40 T_HI=60 preheat<=60s cooldown<=120s)
  sensors           = pkg:/sys/class/hwmon/hwmon8/temp1_input cores:4 cpufreq:8 throttle:8/8
  WARMUP_FAIL_SKIP  = on (a failed warm-up skips the query's measured batches)
  IDLE_BASELINE_S   = 5.0 s before each query's measured batches
  SIGLESS_ADDR      = (disabled)
Found 1 query under compare/probes/probe_sort.sql

RAPL: powercap, 1 package, domains: pkg core gpu/uncore dram

[1/1] compare/probes/probe_sort.sql (2 warmup + step-up 1 16 x1)
  warmup 1/2: 1.739592 sec (cache prime)
  warmup 2/2: 1.610915 sec
  idle baseline: 5.0s, package 0.447 W, dram 0.256 W
  N=1   batch 1/1: 1.604195 sec, 0 copies
  N=16  batch 1/1: 24.753586 sec, 0 copies
  done: 2 sizes x 1 run (0 failures)

Done. Batch rows appended to logs/compare/warm_stepup/compare_server001_s1_20261004T161823Z/query_timing_stackoverflow_1gb.csv
Per-copy samples appended to logs/compare/warm_stepup/compare_server001_s1_20261004T161823Z/query_samples_stackoverflow_1gb.csv
Idle baselines appended to logs/compare/warm_stepup/compare_server001_s1_20261004T161823Z/query_idle_stackoverflow_1gb.csv
Machine identity appended to logs/compare/warm_stepup/compare_server001_s1_20261004T161823Z/query_runinfo_stackoverflow_1gb.csv
Last batch ended at epoch 1791139544.901 (PREV_END_EPOCH for the next invocation)
===== [238/324] queries/stackoverflow/SQLStorm/11397.sql run_id=5363593D0BAF164F =====
query_runner configuration:
  QUERY_DIR         = queries/stackoverflow/SQLStorm/11397.sql
  LOGS_DIR          = logs/compare/warm_stepup/compare_server001_s1_20261004T161823Z  (query_timing_/query_samples_/query_catalog_stackoverflow_1gb.csv)
  DB_NAME / DB_USER = stackoverflow_1gb / postgres
  PGPORT            = 5432  (server reports 18.6)
  RUN_ID            = 5363593D0BAF164F
  WARMUP            = 2 single-copy warm-ups (the first primes the cache)
  BATCH_SIZES       = 1 16  x RUNS=1 measured batches each
  WORKERS           = (planner default)
  STATEMENT_TIMEOUT = 15
  THERMAL_EQUALISE  = gate (T_LO=40 T_HI=60 preheat<=60s cooldown<=120s)
  sensors           = pkg:/sys/class/hwmon/hwmon8/temp1_input cores:4 cpufreq:8 throttle:8/8
  WARMUP_FAIL_SKIP  = on (a failed warm-up skips the query's measured batches)
  IDLE_BASELINE_S   = 5.0 s before each query's measured batches
  SIGLESS_ADDR      = (disabled)
Found 1 query under queries/stackoverflow/SQLStorm/11397.sql

RAPL: powercap, 1 package, domains: pkg core gpu/uncore dram

[1/1] queries/stackoverflow/SQLStorm/11397.sql (2 warmup + step-up 1 16 x1)
  warmup 1/2: 1.872608 sec (cache prime)
  warmup 2/2: 1.486411 sec
  idle baseline: 5.0s, package 0.459 W, dram 0.256 W
  N=1   batch 1/1: 1.496865 sec, 1 copy (server sum 1439.903 ms)
  N=16  batch 1/1: 22.785445 sec, 16 copies (server sum 22705.835 ms)
  done: 2 sizes x 1 run (0 failures)

Done. Batch rows appended to logs/compare/warm_stepup/compare_server001_s1_20261004T161823Z/query_timing_stackoverflow_1gb.csv
Per-copy samples appended to logs/compare/warm_stepup/compare_server001_s1_20261004T161823Z/query_samples_stackoverflow_1gb.csv
Idle baselines appended to logs/compare/warm_stepup/compare_server001_s1_20261004T161823Z/query_idle_stackoverflow_1gb.csv
Machine identity appended to logs/compare/warm_stepup/compare_server001_s1_20261004T161823Z/query_runinfo_stackoverflow_1gb.csv
Last batch ended at epoch 1791139580.821 (PREV_END_EPOCH for the next invocation)
===== [239/324] queries/stackoverflow/SQLStorm/11124.sql run_id=F43004199F01C335 =====
query_runner configuration:
  QUERY_DIR         = queries/stackoverflow/SQLStorm/11124.sql
  LOGS_DIR          = logs/compare/warm_stepup/compare_server001_s1_20261004T161823Z  (query_timing_/query_samples_/query_catalog_stackoverflow_1gb.csv)
  DB_NAME / DB_USER = stackoverflow_1gb / postgres
  PGPORT            = 5432  (server reports 18.6)
  RUN_ID            = F43004199F01C335
  WARMUP            = 2 single-copy warm-ups (the first primes the cache)
  BATCH_SIZES       = 1 16  x RUNS=1 measured batches each
  WORKERS           = (planner default)
  STATEMENT_TIMEOUT = 15
  THERMAL_EQUALISE  = gate (T_LO=40 T_HI=60 preheat<=60s cooldown<=120s)
  sensors           = pkg:/sys/class/hwmon/hwmon8/temp1_input cores:4 cpufreq:8 throttle:8/8
  WARMUP_FAIL_SKIP  = on (a failed warm-up skips the query's measured batches)
  IDLE_BASELINE_S   = 5.0 s before each query's measured batches
  SIGLESS_ADDR      = (disabled)
Found 1 query under queries/stackoverflow/SQLStorm/11124.sql

RAPL: powercap, 1 package, domains: pkg core gpu/uncore dram

[1/1] queries/stackoverflow/SQLStorm/11124.sql (2 warmup + step-up 1 16 x1)
  warmup 1/2: 0.512049 sec (cache prime)
  warmup 2/2: 0.188033 sec
  idle baseline: 5.0s, package 0.492 W, dram 0.256 W
  N=1   batch 1/1: 0.187802 sec, 1 copy (server sum 131.017 ms)
  N=16  batch 1/1: 2.047259 sec, 16 copies (server sum 1971.020 ms)
  done: 2 sizes x 1 run (0 failures)

Done. Batch rows appended to logs/compare/warm_stepup/compare_server001_s1_20261004T161823Z/query_timing_stackoverflow_1gb.csv
Per-copy samples appended to logs/compare/warm_stepup/compare_server001_s1_20261004T161823Z/query_samples_stackoverflow_1gb.csv
Idle baselines appended to logs/compare/warm_stepup/compare_server001_s1_20261004T161823Z/query_idle_stackoverflow_1gb.csv
Machine identity appended to logs/compare/warm_stepup/compare_server001_s1_20261004T161823Z/query_runinfo_stackoverflow_1gb.csv
Last batch ended at epoch 1791139592.059 (PREV_END_EPOCH for the next invocation)
===== [240/324] queries/stackoverflow/SQLStorm/6651.sql run_id=32E40847A0C8BB75 =====
query_runner configuration:
  QUERY_DIR         = queries/stackoverflow/SQLStorm/6651.sql
  LOGS_DIR          = logs/compare/warm_stepup/compare_server001_s1_20261004T161823Z  (query_timing_/query_samples_/query_catalog_stackoverflow_1gb.csv)
  DB_NAME / DB_USER = stackoverflow_1gb / postgres
  PGPORT            = 5432  (server reports 18.6)
  RUN_ID            = 32E40847A0C8BB75
  WARMUP            = 2 single-copy warm-ups (the first primes the cache)
  BATCH_SIZES       = 1 16  x RUNS=1 measured batches each
  WORKERS           = (planner default)
  STATEMENT_TIMEOUT = 15
  THERMAL_EQUALISE  = gate (T_LO=40 T_HI=60 preheat<=60s cooldown<=120s)
  sensors           = pkg:/sys/class/hwmon/hwmon8/temp1_input cores:4 cpufreq:8 throttle:8/8
  WARMUP_FAIL_SKIP  = on (a failed warm-up skips the query's measured batches)
  IDLE_BASELINE_S   = 5.0 s before each query's measured batches
  SIGLESS_ADDR      = (disabled)
Found 1 query under queries/stackoverflow/SQLStorm/6651.sql

RAPL: powercap, 1 package, domains: pkg core gpu/uncore dram

[1/1] queries/stackoverflow/SQLStorm/6651.sql (2 warmup + step-up 1 16 x1)
  warmup 1/2: 0.426198 sec (cache prime)
  warmup 2/2: 0.153673 sec
  idle baseline: 5.0s, package 0.474 W, dram 0.256 W
  N=1   batch 1/1: 0.157562 sec, 1 copy (server sum 100.356 ms)
  N=16  batch 1/1: 1.535283 sec, 16 copies (server sum 1455.411 ms)
  done: 2 sizes x 1 run (0 failures)

Done. Batch rows appended to logs/compare/warm_stepup/compare_server001_s1_20261004T161823Z/query_timing_stackoverflow_1gb.csv
Per-copy samples appended to logs/compare/warm_stepup/compare_server001_s1_20261004T161823Z/query_samples_stackoverflow_1gb.csv
Idle baselines appended to logs/compare/warm_stepup/compare_server001_s1_20261004T161823Z/query_idle_stackoverflow_1gb.csv
Machine identity appended to logs/compare/warm_stepup/compare_server001_s1_20261004T161823Z/query_runinfo_stackoverflow_1gb.csv
Last batch ended at epoch 1791139602.677 (PREV_END_EPOCH for the next invocation)
===== [241/324] queries/stackoverflow/SQLStorm/16363.sql run_id=C912619BA849330F =====
query_runner configuration:
  QUERY_DIR         = queries/stackoverflow/SQLStorm/16363.sql
  LOGS_DIR          = logs/compare/warm_stepup/compare_server001_s1_20261004T161823Z  (query_timing_/query_samples_/query_catalog_stackoverflow_1gb.csv)
  DB_NAME / DB_USER = stackoverflow_1gb / postgres
  PGPORT            = 5432  (server reports 18.6)
  RUN_ID            = C912619BA849330F
  WARMUP            = 2 single-copy warm-ups (the first primes the cache)
  BATCH_SIZES       = 1 16  x RUNS=1 measured batches each
  WORKERS           = (planner default)
  STATEMENT_TIMEOUT = 15
  THERMAL_EQUALISE  = gate (T_LO=40 T_HI=60 preheat<=60s cooldown<=120s)
  sensors           = pkg:/sys/class/hwmon/hwmon8/temp1_input cores:4 cpufreq:8 throttle:8/8
  WARMUP_FAIL_SKIP  = on (a failed warm-up skips the query's measured batches)
  IDLE_BASELINE_S   = 5.0 s before each query's measured batches
  SIGLESS_ADDR      = (disabled)
Found 1 query under queries/stackoverflow/SQLStorm/16363.sql

RAPL: powercap, 1 package, domains: pkg core gpu/uncore dram

[1/1] queries/stackoverflow/SQLStorm/16363.sql (2 warmup + step-up 1 16 x1)
  warmup 1/2: 3.333107 sec (cache prime)
  warmup 2/2: 2.663654 sec
  idle baseline: 5.0s, package 0.462 W, dram 0.256 W
  N=1   batch 1/1: 2.684128 sec, 1 copy (server sum 2627.348 ms)
  N=16  batch 1/1: 40.933958 sec, 16 copies (server sum 40858.905 ms)
  done: 2 sizes x 1 run (0 failures)

Done. Batch rows appended to logs/compare/warm_stepup/compare_server001_s1_20261004T161823Z/query_timing_stackoverflow_1gb.csv
Per-copy samples appended to logs/compare/warm_stepup/compare_server001_s1_20261004T161823Z/query_samples_stackoverflow_1gb.csv
Idle baselines appended to logs/compare/warm_stepup/compare_server001_s1_20261004T161823Z/query_idle_stackoverflow_1gb.csv
Machine identity appended to logs/compare/warm_stepup/compare_server001_s1_20261004T161823Z/query_runinfo_stackoverflow_1gb.csv
Last batch ended at epoch 1791139660.783 (PREV_END_EPOCH for the next invocation)
===== [242/324] queries/stackoverflow/SQLStorm/25357.sql run_id=9E97245AE3D88134 =====
query_runner configuration:
  QUERY_DIR         = queries/stackoverflow/SQLStorm/25357.sql
  LOGS_DIR          = logs/compare/warm_stepup/compare_server001_s1_20261004T161823Z  (query_timing_/query_samples_/query_catalog_stackoverflow_1gb.csv)
  DB_NAME / DB_USER = stackoverflow_1gb / postgres
  PGPORT            = 5432  (server reports 18.6)
  RUN_ID            = 9E97245AE3D88134
  WARMUP            = 2 single-copy warm-ups (the first primes the cache)
  BATCH_SIZES       = 1 16  x RUNS=1 measured batches each
  WORKERS           = (planner default)
  STATEMENT_TIMEOUT = 15
  THERMAL_EQUALISE  = gate (T_LO=40 T_HI=60 preheat<=60s cooldown<=120s)
  sensors           = pkg:/sys/class/hwmon/hwmon8/temp1_input cores:4 cpufreq:8 throttle:8/8
  WARMUP_FAIL_SKIP  = on (a failed warm-up skips the query's measured batches)
  IDLE_BASELINE_S   = 5.0 s before each query's measured batches
  SIGLESS_ADDR      = (disabled)
Found 1 query under queries/stackoverflow/SQLStorm/25357.sql

RAPL: powercap, 1 package, domains: pkg core gpu/uncore dram

[1/1] queries/stackoverflow/SQLStorm/25357.sql (2 warmup + step-up 1 16 x1)
  warmup 1/2: 2.672314 sec (cache prime)
  warmup 2/2: 2.420138 sec
  idle baseline: 5.0s, package 0.464 W, dram 0.256 W
  N=1   batch 1/1: 2.414949 sec, 1 copy (server sum 2357.472 ms)
  N=16  batch 1/1: 35.883595 sec, 16 copies (server sum 35806.786 ms)
  done: 2 sizes x 1 run (0 failures)

Done. Batch rows appended to logs/compare/warm_stepup/compare_server001_s1_20261004T161823Z/query_timing_stackoverflow_1gb.csv
Per-copy samples appended to logs/compare/warm_stepup/compare_server001_s1_20261004T161823Z/query_samples_stackoverflow_1gb.csv
Idle baselines appended to logs/compare/warm_stepup/compare_server001_s1_20261004T161823Z/query_idle_stackoverflow_1gb.csv
Machine identity appended to logs/compare/warm_stepup/compare_server001_s1_20261004T161823Z/query_runinfo_stackoverflow_1gb.csv
Last batch ended at epoch 1791139712.729 (PREV_END_EPOCH for the next invocation)
===== [243/324] queries/stackoverflow/SQLStorm/15173.sql run_id=8912E1CA3441536F =====
query_runner configuration:
  QUERY_DIR         = queries/stackoverflow/SQLStorm/15173.sql
  LOGS_DIR          = logs/compare/warm_stepup/compare_server001_s1_20261004T161823Z  (query_timing_/query_samples_/query_catalog_stackoverflow_1gb.csv)
  DB_NAME / DB_USER = stackoverflow_1gb / postgres
  PGPORT            = 5432  (server reports 18.6)
  RUN_ID            = 8912E1CA3441536F
  WARMUP            = 2 single-copy warm-ups (the first primes the cache)
  BATCH_SIZES       = 1 16  x RUNS=1 measured batches each
  WORKERS           = (planner default)
  STATEMENT_TIMEOUT = 15
  THERMAL_EQUALISE  = gate (T_LO=40 T_HI=60 preheat<=60s cooldown<=120s)
  sensors           = pkg:/sys/class/hwmon/hwmon8/temp1_input cores:4 cpufreq:8 throttle:8/8
  WARMUP_FAIL_SKIP  = on (a failed warm-up skips the query's measured batches)
  IDLE_BASELINE_S   = 5.0 s before each query's measured batches
  SIGLESS_ADDR      = (disabled)
Found 1 query under queries/stackoverflow/SQLStorm/15173.sql

RAPL: powercap, 1 package, domains: pkg core gpu/uncore dram

[1/1] queries/stackoverflow/SQLStorm/15173.sql (2 warmup + step-up 1 16 x1)
  warmup 1/2: 1.325364 sec (cache prime)
  warmup 2/2: 1.024561 sec
  idle baseline: 5.0s, package 0.431 W, dram 0.255 W
  N=1   batch 1/1: 1.022867 sec, 1 copy (server sum 965.800 ms)
  N=16  batch 1/1: 14.697648 sec, 16 copies (server sum 14621.443 ms)
  done: 2 sizes x 1 run (0 failures)

Done. Batch rows appended to logs/compare/warm_stepup/compare_server001_s1_20261004T161823Z/query_timing_stackoverflow_1gb.csv
Per-copy samples appended to logs/compare/warm_stepup/compare_server001_s1_20261004T161823Z/query_samples_stackoverflow_1gb.csv
Idle baselines appended to logs/compare/warm_stepup/compare_server001_s1_20261004T161823Z/query_idle_stackoverflow_1gb.csv
Machine identity appended to logs/compare/warm_stepup/compare_server001_s1_20261004T161823Z/query_runinfo_stackoverflow_1gb.csv
Last batch ended at epoch 1791139739.380 (PREV_END_EPOCH for the next invocation)
===== [244/324] queries/stackoverflow/SQLStorm/21497.sql run_id=7637DCEE86738687 =====
query_runner configuration:
  QUERY_DIR         = queries/stackoverflow/SQLStorm/21497.sql
  LOGS_DIR          = logs/compare/warm_stepup/compare_server001_s1_20261004T161823Z  (query_timing_/query_samples_/query_catalog_stackoverflow_1gb.csv)
  DB_NAME / DB_USER = stackoverflow_1gb / postgres
  PGPORT            = 5432  (server reports 18.6)
  RUN_ID            = 7637DCEE86738687
  WARMUP            = 2 single-copy warm-ups (the first primes the cache)
  BATCH_SIZES       = 1 16  x RUNS=1 measured batches each
  WORKERS           = (planner default)
  STATEMENT_TIMEOUT = 15
  THERMAL_EQUALISE  = gate (T_LO=40 T_HI=60 preheat<=60s cooldown<=120s)
  sensors           = pkg:/sys/class/hwmon/hwmon8/temp1_input cores:4 cpufreq:8 throttle:8/8
  WARMUP_FAIL_SKIP  = on (a failed warm-up skips the query's measured batches)
  IDLE_BASELINE_S   = 5.0 s before each query's measured batches
  SIGLESS_ADDR      = (disabled)
Found 1 query under queries/stackoverflow/SQLStorm/21497.sql

RAPL: powercap, 1 package, domains: pkg core gpu/uncore dram

[1/1] queries/stackoverflow/SQLStorm/21497.sql (2 warmup + step-up 1 16 x1)
  warmup 1/2: 1.448677 sec (cache prime)
  warmup 2/2: 0.871969 sec
  idle baseline: 5.0s, package 0.439 W, dram 0.256 W
  N=1   batch 1/1: 0.875689 sec, 1 copy (server sum 816.719 ms)
  N=16  batch 1/1: 12.432246 sec, 16 copies (server sum 12282.207 ms)
  done: 2 sizes x 1 run (0 failures)

Done. Batch rows appended to logs/compare/warm_stepup/compare_server001_s1_20261004T161823Z/query_timing_stackoverflow_1gb.csv
Per-copy samples appended to logs/compare/warm_stepup/compare_server001_s1_20261004T161823Z/query_samples_stackoverflow_1gb.csv
Idle baselines appended to logs/compare/warm_stepup/compare_server001_s1_20261004T161823Z/query_idle_stackoverflow_1gb.csv
Machine identity appended to logs/compare/warm_stepup/compare_server001_s1_20261004T161823Z/query_runinfo_stackoverflow_1gb.csv
Last batch ended at epoch 1791139763.441 (PREV_END_EPOCH for the next invocation)
===== [245/324] queries/stackoverflow/SQLStorm/10937.sql run_id=39A57B257BC68A99 =====
query_runner configuration:
  QUERY_DIR         = queries/stackoverflow/SQLStorm/10937.sql
  LOGS_DIR          = logs/compare/warm_stepup/compare_server001_s1_20261004T161823Z  (query_timing_/query_samples_/query_catalog_stackoverflow_1gb.csv)
  DB_NAME / DB_USER = stackoverflow_1gb / postgres
  PGPORT            = 5432  (server reports 18.6)
  RUN_ID            = 39A57B257BC68A99
  WARMUP            = 2 single-copy warm-ups (the first primes the cache)
  BATCH_SIZES       = 1 16  x RUNS=1 measured batches each
  WORKERS           = (planner default)
  STATEMENT_TIMEOUT = 15
  THERMAL_EQUALISE  = gate (T_LO=40 T_HI=60 preheat<=60s cooldown<=120s)
  sensors           = pkg:/sys/class/hwmon/hwmon8/temp1_input cores:4 cpufreq:8 throttle:8/8
  WARMUP_FAIL_SKIP  = on (a failed warm-up skips the query's measured batches)
  IDLE_BASELINE_S   = 5.0 s before each query's measured batches
  SIGLESS_ADDR      = (disabled)
Found 1 query under queries/stackoverflow/SQLStorm/10937.sql

RAPL: powercap, 1 package, domains: pkg core gpu/uncore dram

[1/1] queries/stackoverflow/SQLStorm/10937.sql (2 warmup + step-up 1 16 x1)
  warmup 1/2: 0.583454 sec (cache prime)
  warmup 2/2: 0.341750 sec
  idle baseline: 5.0s, package 0.454 W, dram 0.256 W
  N=1   batch 1/1: 0.342581 sec, 1 copy (server sum 286.383 ms)
  N=16  batch 1/1: 4.551122 sec, 16 copies (server sum 4481.070 ms)
  done: 2 sizes x 1 run (0 failures)

Done. Batch rows appended to logs/compare/warm_stepup/compare_server001_s1_20261004T161823Z/query_timing_stackoverflow_1gb.csv
Per-copy samples appended to logs/compare/warm_stepup/compare_server001_s1_20261004T161823Z/query_samples_stackoverflow_1gb.csv
Idle baselines appended to logs/compare/warm_stepup/compare_server001_s1_20261004T161823Z/query_idle_stackoverflow_1gb.csv
Machine identity appended to logs/compare/warm_stepup/compare_server001_s1_20261004T161823Z/query_runinfo_stackoverflow_1gb.csv
Last batch ended at epoch 1791139777.653 (PREV_END_EPOCH for the next invocation)
===== [246/324] queries/stackoverflow/SQLStorm/22494.sql run_id=8483648AA1A97D93 =====
query_runner configuration:
  QUERY_DIR         = queries/stackoverflow/SQLStorm/22494.sql
  LOGS_DIR          = logs/compare/warm_stepup/compare_server001_s1_20261004T161823Z  (query_timing_/query_samples_/query_catalog_stackoverflow_1gb.csv)
  DB_NAME / DB_USER = stackoverflow_1gb / postgres
  PGPORT            = 5432  (server reports 18.6)
  RUN_ID            = 8483648AA1A97D93
  WARMUP            = 2 single-copy warm-ups (the first primes the cache)
  BATCH_SIZES       = 1 16  x RUNS=1 measured batches each
  WORKERS           = (planner default)
  STATEMENT_TIMEOUT = 15
  THERMAL_EQUALISE  = gate (T_LO=40 T_HI=60 preheat<=60s cooldown<=120s)
  sensors           = pkg:/sys/class/hwmon/hwmon8/temp1_input cores:4 cpufreq:8 throttle:8/8
  WARMUP_FAIL_SKIP  = on (a failed warm-up skips the query's measured batches)
  IDLE_BASELINE_S   = 5.0 s before each query's measured batches
  SIGLESS_ADDR      = (disabled)
Found 1 query under queries/stackoverflow/SQLStorm/22494.sql

RAPL: powercap, 1 package, domains: pkg core gpu/uncore dram

[1/1] queries/stackoverflow/SQLStorm/22494.sql (2 warmup + step-up 1 16 x1)
  warmup 1/2: 1.481409 sec (cache prime)
  warmup 2/2: 1.228670 sec
  idle baseline: 5.0s, package 0.460 W, dram 0.256 W
  N=1   batch 1/1: 1.225862 sec, 1 copy (server sum 1167.725 ms)
  N=16  batch 1/1: 17.732425 sec, 16 copies (server sum 17643.596 ms)
  done: 2 sizes x 1 run (0 failures)

Done. Batch rows appended to logs/compare/warm_stepup/compare_server001_s1_20261004T161823Z/query_timing_stackoverflow_1gb.csv
Per-copy samples appended to logs/compare/warm_stepup/compare_server001_s1_20261004T161823Z/query_samples_stackoverflow_1gb.csv
Idle baselines appended to logs/compare/warm_stepup/compare_server001_s1_20261004T161823Z/query_idle_stackoverflow_1gb.csv
Machine identity appended to logs/compare/warm_stepup/compare_server001_s1_20261004T161823Z/query_runinfo_stackoverflow_1gb.csv
Last batch ended at epoch 1791139807.894 (PREV_END_EPOCH for the next invocation)
===== [247/324] queries/stackoverflow/SQLStorm/13737.sql run_id=575154E8511A3C51 =====
query_runner configuration:
  QUERY_DIR         = queries/stackoverflow/SQLStorm/13737.sql
  LOGS_DIR          = logs/compare/warm_stepup/compare_server001_s1_20261004T161823Z  (query_timing_/query_samples_/query_catalog_stackoverflow_1gb.csv)
  DB_NAME / DB_USER = stackoverflow_1gb / postgres
  PGPORT            = 5432  (server reports 18.6)
  RUN_ID            = 575154E8511A3C51
  WARMUP            = 2 single-copy warm-ups (the first primes the cache)
  BATCH_SIZES       = 1 16  x RUNS=1 measured batches each
  WORKERS           = (planner default)
  STATEMENT_TIMEOUT = 15
  THERMAL_EQUALISE  = gate (T_LO=40 T_HI=60 preheat<=60s cooldown<=120s)
  sensors           = pkg:/sys/class/hwmon/hwmon8/temp1_input cores:4 cpufreq:8 throttle:8/8
  WARMUP_FAIL_SKIP  = on (a failed warm-up skips the query's measured batches)
  IDLE_BASELINE_S   = 5.0 s before each query's measured batches
  SIGLESS_ADDR      = (disabled)
Found 1 query under queries/stackoverflow/SQLStorm/13737.sql

RAPL: powercap, 1 package, domains: pkg core gpu/uncore dram

[1/1] queries/stackoverflow/SQLStorm/13737.sql (2 warmup + step-up 1 16 x1)
  warmup 1/2: 0.607111 sec (cache prime)
  warmup 2/2: 0.324996 sec
  idle baseline: 5.0s, package 0.483 W, dram 0.257 W
  N=1   batch 1/1: 0.327826 sec, 1 copy (server sum 271.741 ms)
  N=16  batch 1/1: 4.298458 sec, 16 copies (server sum 4228.451 ms)
  done: 2 sizes x 1 run (0 failures)

Done. Batch rows appended to logs/compare/warm_stepup/compare_server001_s1_20261004T161823Z/query_timing_stackoverflow_1gb.csv
Per-copy samples appended to logs/compare/warm_stepup/compare_server001_s1_20261004T161823Z/query_samples_stackoverflow_1gb.csv
Idle baselines appended to logs/compare/warm_stepup/compare_server001_s1_20261004T161823Z/query_idle_stackoverflow_1gb.csv
Machine identity appended to logs/compare/warm_stepup/compare_server001_s1_20261004T161823Z/query_runinfo_stackoverflow_1gb.csv
Last batch ended at epoch 1791139821.924 (PREV_END_EPOCH for the next invocation)
===== [248/324] compare/probes/probe_scan.sql run_id=19B6D436E76F6387 =====
query_runner configuration:
  QUERY_DIR         = compare/probes/probe_scan.sql
  LOGS_DIR          = logs/compare/warm_stepup/compare_server001_s1_20261004T161823Z  (query_timing_/query_samples_/query_catalog_stackoverflow_1gb.csv)
  DB_NAME / DB_USER = stackoverflow_1gb / postgres
  PGPORT            = 5432  (server reports 18.6)
  RUN_ID            = 19B6D436E76F6387
  WARMUP            = 2 single-copy warm-ups (the first primes the cache)
  BATCH_SIZES       = 1 16  x RUNS=1 measured batches each
  WORKERS           = (planner default)
  STATEMENT_TIMEOUT = 15
  THERMAL_EQUALISE  = gate (T_LO=40 T_HI=60 preheat<=60s cooldown<=120s)
  sensors           = pkg:/sys/class/hwmon/hwmon8/temp1_input cores:4 cpufreq:8 throttle:8/8
  WARMUP_FAIL_SKIP  = on (a failed warm-up skips the query's measured batches)
  IDLE_BASELINE_S   = 5.0 s before each query's measured batches
  SIGLESS_ADDR      = (disabled)
Found 1 query under compare/probes/probe_scan.sql

RAPL: powercap, 1 package, domains: pkg core gpu/uncore dram

[1/1] compare/probes/probe_scan.sql (2 warmup + step-up 1 16 x1)
  warmup 1/2: 3.104613 sec (cache prime)
  warmup 2/2: 2.834644 sec
  idle baseline: 5.0s, package 0.450 W, dram 0.257 W
  N=1   batch 1/1: 2.841594 sec, 0 copies
  N=16  batch 1/1: 44.447300 sec, 0 copies
  done: 2 sizes x 1 run (0 failures)

Done. Batch rows appended to logs/compare/warm_stepup/compare_server001_s1_20261004T161823Z/query_timing_stackoverflow_1gb.csv
Per-copy samples appended to logs/compare/warm_stepup/compare_server001_s1_20261004T161823Z/query_samples_stackoverflow_1gb.csv
Idle baselines appended to logs/compare/warm_stepup/compare_server001_s1_20261004T161823Z/query_idle_stackoverflow_1gb.csv
Machine identity appended to logs/compare/warm_stepup/compare_server001_s1_20261004T161823Z/query_runinfo_stackoverflow_1gb.csv
Last batch ended at epoch 1791139883.625 (PREV_END_EPOCH for the next invocation)
===== [249/324] queries/stackoverflow/SQLStorm/14349.sql run_id=3EE5B48C23309D7E =====
query_runner configuration:
  QUERY_DIR         = queries/stackoverflow/SQLStorm/14349.sql
  LOGS_DIR          = logs/compare/warm_stepup/compare_server001_s1_20261004T161823Z  (query_timing_/query_samples_/query_catalog_stackoverflow_1gb.csv)
  DB_NAME / DB_USER = stackoverflow_1gb / postgres
  PGPORT            = 5432  (server reports 18.6)
  RUN_ID            = 3EE5B48C23309D7E
  WARMUP            = 2 single-copy warm-ups (the first primes the cache)
  BATCH_SIZES       = 1 16  x RUNS=1 measured batches each
  WORKERS           = (planner default)
  STATEMENT_TIMEOUT = 15
  THERMAL_EQUALISE  = gate (T_LO=40 T_HI=60 preheat<=60s cooldown<=120s)
  sensors           = pkg:/sys/class/hwmon/hwmon8/temp1_input cores:4 cpufreq:8 throttle:8/8
  WARMUP_FAIL_SKIP  = on (a failed warm-up skips the query's measured batches)
  IDLE_BASELINE_S   = 5.0 s before each query's measured batches
  SIGLESS_ADDR      = (disabled)
Found 1 query under queries/stackoverflow/SQLStorm/14349.sql

RAPL: powercap, 1 package, domains: pkg core gpu/uncore dram

[1/1] queries/stackoverflow/SQLStorm/14349.sql (2 warmup + step-up 1 16 x1)
  thermal gate: waited 2s -> 59.0 C
  warmup 1/2: 3.598333 sec (cache prime)
  warmup 2/2: 3.285941 sec
  idle baseline: 5.0s, package 0.479 W, dram 0.257 W
  N=1   batch 1/1: 3.314371 sec, 1 copy (server sum 3258.859 ms)
  N=16  batch 1/1: 51.104542 sec, 16 copies (server sum 51038.138 ms)
  done: 2 sizes x 1 run (0 failures)

Done. Batch rows appended to logs/compare/warm_stepup/compare_server001_s1_20261004T161823Z/query_timing_stackoverflow_1gb.csv
Per-copy samples appended to logs/compare/warm_stepup/compare_server001_s1_20261004T161823Z/query_samples_stackoverflow_1gb.csv
Idle baselines appended to logs/compare/warm_stepup/compare_server001_s1_20261004T161823Z/query_idle_stackoverflow_1gb.csv
Machine identity appended to logs/compare/warm_stepup/compare_server001_s1_20261004T161823Z/query_runinfo_stackoverflow_1gb.csv
Last batch ended at epoch 1791139955.233 (PREV_END_EPOCH for the next invocation)
===== [250/324] queries/stackoverflow/SQLStorm/5502.sql run_id=FEC88D3A1B514770 =====
query_runner configuration:
  QUERY_DIR         = queries/stackoverflow/SQLStorm/5502.sql
  LOGS_DIR          = logs/compare/warm_stepup/compare_server001_s1_20261004T161823Z  (query_timing_/query_samples_/query_catalog_stackoverflow_1gb.csv)
  DB_NAME / DB_USER = stackoverflow_1gb / postgres
  PGPORT            = 5432  (server reports 18.6)
  RUN_ID            = FEC88D3A1B514770
  WARMUP            = 2 single-copy warm-ups (the first primes the cache)
  BATCH_SIZES       = 1 16  x RUNS=1 measured batches each
  WORKERS           = (planner default)
  STATEMENT_TIMEOUT = 15
  THERMAL_EQUALISE  = gate (T_LO=40 T_HI=60 preheat<=60s cooldown<=120s)
  sensors           = pkg:/sys/class/hwmon/hwmon8/temp1_input cores:4 cpufreq:8 throttle:8/8
  WARMUP_FAIL_SKIP  = on (a failed warm-up skips the query's measured batches)
  IDLE_BASELINE_S   = 5.0 s before each query's measured batches
  SIGLESS_ADDR      = (disabled)
Found 1 query under queries/stackoverflow/SQLStorm/5502.sql

RAPL: powercap, 1 package, domains: pkg core gpu/uncore dram

[1/1] queries/stackoverflow/SQLStorm/5502.sql (2 warmup + step-up 1 16 x1)
  warmup 1/2: 0.942875 sec (cache prime)
  warmup 2/2: 0.678927 sec
  idle baseline: 5.0s, package 0.496 W, dram 0.256 W
  N=1   batch 1/1: 0.676551 sec, 1 copy (server sum 619.456 ms)
  N=16  batch 1/1: 9.786368 sec, 16 copies (server sum 9708.160 ms)
  done: 2 sizes x 1 run (0 failures)

Done. Batch rows appended to logs/compare/warm_stepup/compare_server001_s1_20261004T161823Z/query_timing_stackoverflow_1gb.csv
Per-copy samples appended to logs/compare/warm_stepup/compare_server001_s1_20261004T161823Z/query_samples_stackoverflow_1gb.csv
Idle baselines appended to logs/compare/warm_stepup/compare_server001_s1_20261004T161823Z/query_idle_stackoverflow_1gb.csv
Machine identity appended to logs/compare/warm_stepup/compare_server001_s1_20261004T161823Z/query_runinfo_stackoverflow_1gb.csv
Last batch ended at epoch 1791139975.663 (PREV_END_EPOCH for the next invocation)
===== [251/324] queries/stackoverflow/SQLStorm/10646.sql run_id=01B8D838EEA6BA43 =====
query_runner configuration:
  QUERY_DIR         = queries/stackoverflow/SQLStorm/10646.sql
  LOGS_DIR          = logs/compare/warm_stepup/compare_server001_s1_20261004T161823Z  (query_timing_/query_samples_/query_catalog_stackoverflow_1gb.csv)
  DB_NAME / DB_USER = stackoverflow_1gb / postgres
  PGPORT            = 5432  (server reports 18.6)
  RUN_ID            = 01B8D838EEA6BA43
  WARMUP            = 2 single-copy warm-ups (the first primes the cache)
  BATCH_SIZES       = 1 16  x RUNS=1 measured batches each
  WORKERS           = (planner default)
  STATEMENT_TIMEOUT = 15
  THERMAL_EQUALISE  = gate (T_LO=40 T_HI=60 preheat<=60s cooldown<=120s)
  sensors           = pkg:/sys/class/hwmon/hwmon8/temp1_input cores:4 cpufreq:8 throttle:8/8
  WARMUP_FAIL_SKIP  = on (a failed warm-up skips the query's measured batches)
  IDLE_BASELINE_S   = 5.0 s before each query's measured batches
  SIGLESS_ADDR      = (disabled)
Found 1 query under queries/stackoverflow/SQLStorm/10646.sql

RAPL: powercap, 1 package, domains: pkg core gpu/uncore dram

[1/1] queries/stackoverflow/SQLStorm/10646.sql (2 warmup + step-up 1 16 x1)
  warmup 1/2: 0.395921 sec (cache prime)
  warmup 2/2: 0.218178 sec
  idle baseline: 5.0s, package 0.541 W, dram 0.257 W
  N=1   batch 1/1: 0.219749 sec, 1 copy (server sum 164.274 ms)
  N=16  batch 1/1: 2.703364 sec, 16 copies (server sum 2634.468 ms)
  done: 2 sizes x 1 run (0 failures)

Done. Batch rows appended to logs/compare/warm_stepup/compare_server001_s1_20261004T161823Z/query_timing_stackoverflow_1gb.csv
Per-copy samples appended to logs/compare/warm_stepup/compare_server001_s1_20261004T161823Z/query_samples_stackoverflow_1gb.csv
Idle baselines appended to logs/compare/warm_stepup/compare_server001_s1_20261004T161823Z/query_idle_stackoverflow_1gb.csv
Machine identity appended to logs/compare/warm_stepup/compare_server001_s1_20261004T161823Z/query_runinfo_stackoverflow_1gb.csv
Last batch ended at epoch 1791139987.669 (PREV_END_EPOCH for the next invocation)
===== [252/324] queries/stackoverflow/SQLStorm/11473.sql run_id=1B43C31FD990911A =====
query_runner configuration:
  QUERY_DIR         = queries/stackoverflow/SQLStorm/11473.sql
  LOGS_DIR          = logs/compare/warm_stepup/compare_server001_s1_20261004T161823Z  (query_timing_/query_samples_/query_catalog_stackoverflow_1gb.csv)
  DB_NAME / DB_USER = stackoverflow_1gb / postgres
  PGPORT            = 5432  (server reports 18.6)
  RUN_ID            = 1B43C31FD990911A
  WARMUP            = 2 single-copy warm-ups (the first primes the cache)
  BATCH_SIZES       = 1 16  x RUNS=1 measured batches each
  WORKERS           = (planner default)
  STATEMENT_TIMEOUT = 15
  THERMAL_EQUALISE  = gate (T_LO=40 T_HI=60 preheat<=60s cooldown<=120s)
  sensors           = pkg:/sys/class/hwmon/hwmon8/temp1_input cores:4 cpufreq:8 throttle:8/8
  WARMUP_FAIL_SKIP  = on (a failed warm-up skips the query's measured batches)
  IDLE_BASELINE_S   = 5.0 s before each query's measured batches
  SIGLESS_ADDR      = (disabled)
Found 1 query under queries/stackoverflow/SQLStorm/11473.sql

RAPL: powercap, 1 package, domains: pkg core gpu/uncore dram

[1/1] queries/stackoverflow/SQLStorm/11473.sql (2 warmup + step-up 1 16 x1)
  warmup 1/2: 0.333594 sec (cache prime)
  warmup 2/2: 0.172735 sec
  idle baseline: 5.0s, package 0.493 W, dram 0.256 W
  N=1   batch 1/1: 0.171722 sec, 1 copy (server sum 115.895 ms)
  N=16  batch 1/1: 1.889684 sec, 16 copies (server sum 1818.011 ms)
  done: 2 sizes x 1 run (0 failures)

Done. Batch rows appended to logs/compare/warm_stepup/compare_server001_s1_20261004T161823Z/query_timing_stackoverflow_1gb.csv
Per-copy samples appended to logs/compare/warm_stepup/compare_server001_s1_20261004T161823Z/query_samples_stackoverflow_1gb.csv
Idle baselines appended to logs/compare/warm_stepup/compare_server001_s1_20261004T161823Z/query_idle_stackoverflow_1gb.csv
Machine identity appended to logs/compare/warm_stepup/compare_server001_s1_20261004T161823Z/query_runinfo_stackoverflow_1gb.csv
Last batch ended at epoch 1791139998.461 (PREV_END_EPOCH for the next invocation)
===== [253/324] queries/stackoverflow/SQLStorm/25154.sql run_id=D6E60E17B6242790 =====
query_runner configuration:
  QUERY_DIR         = queries/stackoverflow/SQLStorm/25154.sql
  LOGS_DIR          = logs/compare/warm_stepup/compare_server001_s1_20261004T161823Z  (query_timing_/query_samples_/query_catalog_stackoverflow_1gb.csv)
  DB_NAME / DB_USER = stackoverflow_1gb / postgres
  PGPORT            = 5432  (server reports 18.6)
  RUN_ID            = D6E60E17B6242790
  WARMUP            = 2 single-copy warm-ups (the first primes the cache)
  BATCH_SIZES       = 1 16  x RUNS=1 measured batches each
  WORKERS           = (planner default)
  STATEMENT_TIMEOUT = 15
  THERMAL_EQUALISE  = gate (T_LO=40 T_HI=60 preheat<=60s cooldown<=120s)
  sensors           = pkg:/sys/class/hwmon/hwmon8/temp1_input cores:4 cpufreq:8 throttle:8/8
  WARMUP_FAIL_SKIP  = on (a failed warm-up skips the query's measured batches)
  IDLE_BASELINE_S   = 5.0 s before each query's measured batches
  SIGLESS_ADDR      = (disabled)
Found 1 query under queries/stackoverflow/SQLStorm/25154.sql

RAPL: powercap, 1 package, domains: pkg core gpu/uncore dram

[1/1] queries/stackoverflow/SQLStorm/25154.sql (2 warmup + step-up 1 16 x1)
  warmup 1/2: 4.585245 sec (cache prime)
  warmup 2/2: 3.706284 sec
  idle baseline: 5.0s, package 0.472 W, dram 0.256 W
  N=1   batch 1/1: 3.709089 sec, 1 copy (server sum 3651.443 ms)
  N=16  batch 1/1: 58.150225 sec, 16 copies (server sum 58062.817 ms)
  done: 2 sizes x 1 run (0 failures)

Done. Batch rows appended to logs/compare/warm_stepup/compare_server001_s1_20261004T161823Z/query_timing_stackoverflow_1gb.csv
Per-copy samples appended to logs/compare/warm_stepup/compare_server001_s1_20261004T161823Z/query_samples_stackoverflow_1gb.csv
Idle baselines appended to logs/compare/warm_stepup/compare_server001_s1_20261004T161823Z/query_idle_stackoverflow_1gb.csv
Machine identity appended to logs/compare/warm_stepup/compare_server001_s1_20261004T161823Z/query_runinfo_stackoverflow_1gb.csv
Last batch ended at epoch 1791140076.846 (PREV_END_EPOCH for the next invocation)
===== [254/324] compare/probes/probe_cpu.sql run_id=A3D4A6CA56B86AC5 =====
query_runner configuration:
  QUERY_DIR         = compare/probes/probe_cpu.sql
  LOGS_DIR          = logs/compare/warm_stepup/compare_server001_s1_20261004T161823Z  (query_timing_/query_samples_/query_catalog_stackoverflow_1gb.csv)
  DB_NAME / DB_USER = stackoverflow_1gb / postgres
  PGPORT            = 5432  (server reports 18.6)
  RUN_ID            = A3D4A6CA56B86AC5
  WARMUP            = 2 single-copy warm-ups (the first primes the cache)
  BATCH_SIZES       = 1 16  x RUNS=1 measured batches each
  WORKERS           = (planner default)
  STATEMENT_TIMEOUT = 15
  THERMAL_EQUALISE  = gate (T_LO=40 T_HI=60 preheat<=60s cooldown<=120s)
  sensors           = pkg:/sys/class/hwmon/hwmon8/temp1_input cores:4 cpufreq:8 throttle:8/8
  WARMUP_FAIL_SKIP  = on (a failed warm-up skips the query's measured batches)
  IDLE_BASELINE_S   = 5.0 s before each query's measured batches
  SIGLESS_ADDR      = (disabled)
Found 1 query under compare/probes/probe_cpu.sql

RAPL: powercap, 1 package, domains: pkg core gpu/uncore dram

[1/1] compare/probes/probe_cpu.sql (2 warmup + step-up 1 16 x1)
  warmup 1/2: 1.744832 sec (cache prime)
  warmup 2/2: 1.622214 sec
  idle baseline: 5.0s, package 0.440 W, dram 0.256 W
  N=1   batch 1/1: 1.626816 sec, 0 copies
  N=16  batch 1/1: 24.916438 sec, 0 copies
  done: 2 sizes x 1 run (0 failures)

Done. Batch rows appended to logs/compare/warm_stepup/compare_server001_s1_20261004T161823Z/query_timing_stackoverflow_1gb.csv
Per-copy samples appended to logs/compare/warm_stepup/compare_server001_s1_20261004T161823Z/query_samples_stackoverflow_1gb.csv
Idle baselines appended to logs/compare/warm_stepup/compare_server001_s1_20261004T161823Z/query_idle_stackoverflow_1gb.csv
Machine identity appended to logs/compare/warm_stepup/compare_server001_s1_20261004T161823Z/query_runinfo_stackoverflow_1gb.csv
Last batch ended at epoch 1791140115.338 (PREV_END_EPOCH for the next invocation)
===== [255/324] queries/stackoverflow/SQLStorm/13386.sql run_id=00D453F8D0E09075 =====
query_runner configuration:
  QUERY_DIR         = queries/stackoverflow/SQLStorm/13386.sql
  LOGS_DIR          = logs/compare/warm_stepup/compare_server001_s1_20261004T161823Z  (query_timing_/query_samples_/query_catalog_stackoverflow_1gb.csv)
  DB_NAME / DB_USER = stackoverflow_1gb / postgres
  PGPORT            = 5432  (server reports 18.6)
  RUN_ID            = 00D453F8D0E09075
  WARMUP            = 2 single-copy warm-ups (the first primes the cache)
  BATCH_SIZES       = 1 16  x RUNS=1 measured batches each
  WORKERS           = (planner default)
  STATEMENT_TIMEOUT = 15
  THERMAL_EQUALISE  = gate (T_LO=40 T_HI=60 preheat<=60s cooldown<=120s)
  sensors           = pkg:/sys/class/hwmon/hwmon8/temp1_input cores:4 cpufreq:8 throttle:8/8
  WARMUP_FAIL_SKIP  = on (a failed warm-up skips the query's measured batches)
  IDLE_BASELINE_S   = 5.0 s before each query's measured batches
  SIGLESS_ADDR      = (disabled)
Found 1 query under queries/stackoverflow/SQLStorm/13386.sql

RAPL: powercap, 1 package, domains: pkg core gpu/uncore dram

[1/1] queries/stackoverflow/SQLStorm/13386.sql (2 warmup + step-up 1 16 x1)
  warmup 1/2: 2.032440 sec (cache prime)
  warmup 2/2: 1.816159 sec
  idle baseline: 5.0s, package 0.506 W, dram 0.255 W
  N=1   batch 1/1: 1.816008 sec, 1 copy (server sum 1759.791 ms)
  N=16  batch 1/1: 27.256794 sec, 16 copies (server sum 27186.047 ms)
  done: 2 sizes x 1 run (0 failures)

Done. Batch rows appended to logs/compare/warm_stepup/compare_server001_s1_20261004T161823Z/query_timing_stackoverflow_1gb.csv
Per-copy samples appended to logs/compare/warm_stepup/compare_server001_s1_20261004T161823Z/query_samples_stackoverflow_1gb.csv
Idle baselines appended to logs/compare/warm_stepup/compare_server001_s1_20261004T161823Z/query_idle_stackoverflow_1gb.csv
Machine identity appended to logs/compare/warm_stepup/compare_server001_s1_20261004T161823Z/query_runinfo_stackoverflow_1gb.csv
Last batch ended at epoch 1791140156.671 (PREV_END_EPOCH for the next invocation)
===== [256/324] queries/stackoverflow/SQLStorm/32661.sql run_id=03BDCDE2615C65E5 =====
query_runner configuration:
  QUERY_DIR         = queries/stackoverflow/SQLStorm/32661.sql
  LOGS_DIR          = logs/compare/warm_stepup/compare_server001_s1_20261004T161823Z  (query_timing_/query_samples_/query_catalog_stackoverflow_1gb.csv)
  DB_NAME / DB_USER = stackoverflow_1gb / postgres
  PGPORT            = 5432  (server reports 18.6)
  RUN_ID            = 03BDCDE2615C65E5
  WARMUP            = 2 single-copy warm-ups (the first primes the cache)
  BATCH_SIZES       = 1 16  x RUNS=1 measured batches each
  WORKERS           = (planner default)
  STATEMENT_TIMEOUT = 15
  THERMAL_EQUALISE  = gate (T_LO=40 T_HI=60 preheat<=60s cooldown<=120s)
  sensors           = pkg:/sys/class/hwmon/hwmon8/temp1_input cores:4 cpufreq:8 throttle:8/8
  WARMUP_FAIL_SKIP  = on (a failed warm-up skips the query's measured batches)
  IDLE_BASELINE_S   = 5.0 s before each query's measured batches
  SIGLESS_ADDR      = (disabled)
Found 1 query under queries/stackoverflow/SQLStorm/32661.sql

RAPL: powercap, 1 package, domains: pkg core gpu/uncore dram

[1/1] queries/stackoverflow/SQLStorm/32661.sql (2 warmup + step-up 1 16 x1)
  warmup 1/2: 5.169095 sec (cache prime)
  warmup 2/2: 4.843071 sec
  idle baseline: 5.0s, package 0.512 W, dram 0.256 W
  N=1   batch 1/1: 4.852117 sec, 1 copy (server sum 4792.814 ms)
  N=16  batch 1/1: 71.722603 sec, 16 copies (server sum 71618.062 ms)
  done: 2 sizes x 1 run (0 failures)

Done. Batch rows appended to logs/compare/warm_stepup/compare_server001_s1_20261004T161823Z/query_timing_stackoverflow_1gb.csv
Per-copy samples appended to logs/compare/warm_stepup/compare_server001_s1_20261004T161823Z/query_samples_stackoverflow_1gb.csv
Idle baselines appended to logs/compare/warm_stepup/compare_server001_s1_20261004T161823Z/query_idle_stackoverflow_1gb.csv
Machine identity appended to logs/compare/warm_stepup/compare_server001_s1_20261004T161823Z/query_runinfo_stackoverflow_1gb.csv
Last batch ended at epoch 1791140251.730 (PREV_END_EPOCH for the next invocation)
===== [257/324] queries/stackoverflow/SQLStorm/21884.sql run_id=5E0A931D615A0ADC =====
query_runner configuration:
  QUERY_DIR         = queries/stackoverflow/SQLStorm/21884.sql
  LOGS_DIR          = logs/compare/warm_stepup/compare_server001_s1_20261004T161823Z  (query_timing_/query_samples_/query_catalog_stackoverflow_1gb.csv)
  DB_NAME / DB_USER = stackoverflow_1gb / postgres
  PGPORT            = 5432  (server reports 18.6)
  RUN_ID            = 5E0A931D615A0ADC
  WARMUP            = 2 single-copy warm-ups (the first primes the cache)
  BATCH_SIZES       = 1 16  x RUNS=1 measured batches each
  WORKERS           = (planner default)
  STATEMENT_TIMEOUT = 15
  THERMAL_EQUALISE  = gate (T_LO=40 T_HI=60 preheat<=60s cooldown<=120s)
  sensors           = pkg:/sys/class/hwmon/hwmon8/temp1_input cores:4 cpufreq:8 throttle:8/8
  WARMUP_FAIL_SKIP  = on (a failed warm-up skips the query's measured batches)
  IDLE_BASELINE_S   = 5.0 s before each query's measured batches
  SIGLESS_ADDR      = (disabled)
Found 1 query under queries/stackoverflow/SQLStorm/21884.sql

RAPL: powercap, 1 package, domains: pkg core gpu/uncore dram

[1/1] queries/stackoverflow/SQLStorm/21884.sql (2 warmup + step-up 1 16 x1)
  warmup 1/2: 1.353528 sec (cache prime)
  warmup 2/2: 0.680372 sec
  idle baseline: 5.0s, package 0.469 W, dram 0.256 W
  N=1   batch 1/1: 0.683510 sec, 1 copy (server sum 625.559 ms)
  N=16  batch 1/1: 9.599050 sec, 16 copies (server sum 9506.932 ms)
  done: 2 sizes x 1 run (0 failures)

Done. Batch rows appended to logs/compare/warm_stepup/compare_server001_s1_20261004T161823Z/query_timing_stackoverflow_1gb.csv
Per-copy samples appended to logs/compare/warm_stepup/compare_server001_s1_20261004T161823Z/query_samples_stackoverflow_1gb.csv
Idle baselines appended to logs/compare/warm_stepup/compare_server001_s1_20261004T161823Z/query_idle_stackoverflow_1gb.csv
Machine identity appended to logs/compare/warm_stepup/compare_server001_s1_20261004T161823Z/query_runinfo_stackoverflow_1gb.csv
Last batch ended at epoch 1791140272.564 (PREV_END_EPOCH for the next invocation)
===== [258/324] queries/stackoverflow/SQLStorm/16308.sql run_id=71F7389E9CD37A2B =====
query_runner configuration:
  QUERY_DIR         = queries/stackoverflow/SQLStorm/16308.sql
  LOGS_DIR          = logs/compare/warm_stepup/compare_server001_s1_20261004T161823Z  (query_timing_/query_samples_/query_catalog_stackoverflow_1gb.csv)
  DB_NAME / DB_USER = stackoverflow_1gb / postgres
  PGPORT            = 5432  (server reports 18.6)
  RUN_ID            = 71F7389E9CD37A2B
  WARMUP            = 2 single-copy warm-ups (the first primes the cache)
  BATCH_SIZES       = 1 16  x RUNS=1 measured batches each
  WORKERS           = (planner default)
  STATEMENT_TIMEOUT = 15
  THERMAL_EQUALISE  = gate (T_LO=40 T_HI=60 preheat<=60s cooldown<=120s)
  sensors           = pkg:/sys/class/hwmon/hwmon8/temp1_input cores:4 cpufreq:8 throttle:8/8
  WARMUP_FAIL_SKIP  = on (a failed warm-up skips the query's measured batches)
  IDLE_BASELINE_S   = 5.0 s before each query's measured batches
  SIGLESS_ADDR      = (disabled)
Found 1 query under queries/stackoverflow/SQLStorm/16308.sql

RAPL: powercap, 1 package, domains: pkg core gpu/uncore dram

[1/1] queries/stackoverflow/SQLStorm/16308.sql (2 warmup + step-up 1 16 x1)
  warmup 1/2: 0.718785 sec (cache prime)
  warmup 2/2: 0.428794 sec
  idle baseline: 5.0s, package 0.511 W, dram 0.257 W
  N=1   batch 1/1: 0.463542 sec, 1 copy (server sum 381.401 ms)
  N=16  batch 1/1: 5.919231 sec, 16 copies (server sum 5841.230 ms)
  done: 2 sizes x 1 run (0 failures)

Done. Batch rows appended to logs/compare/warm_stepup/compare_server001_s1_20261004T161823Z/query_timing_stackoverflow_1gb.csv
Per-copy samples appended to logs/compare/warm_stepup/compare_server001_s1_20261004T161823Z/query_samples_stackoverflow_1gb.csv
Idle baselines appended to logs/compare/warm_stepup/compare_server001_s1_20261004T161823Z/query_idle_stackoverflow_1gb.csv
Machine identity appended to logs/compare/warm_stepup/compare_server001_s1_20261004T161823Z/query_runinfo_stackoverflow_1gb.csv
Last batch ended at epoch 1791140288.787 (PREV_END_EPOCH for the next invocation)
===== [259/324] queries/stackoverflow/SQLStorm/14510.sql run_id=0CDD29191BD77534 =====
query_runner configuration:
  QUERY_DIR         = queries/stackoverflow/SQLStorm/14510.sql
  LOGS_DIR          = logs/compare/warm_stepup/compare_server001_s1_20261004T161823Z  (query_timing_/query_samples_/query_catalog_stackoverflow_1gb.csv)
  DB_NAME / DB_USER = stackoverflow_1gb / postgres
  PGPORT            = 5432  (server reports 18.6)
  RUN_ID            = 0CDD29191BD77534
  WARMUP            = 2 single-copy warm-ups (the first primes the cache)
  BATCH_SIZES       = 1 16  x RUNS=1 measured batches each
  WORKERS           = (planner default)
  STATEMENT_TIMEOUT = 15
  THERMAL_EQUALISE  = gate (T_LO=40 T_HI=60 preheat<=60s cooldown<=120s)
  sensors           = pkg:/sys/class/hwmon/hwmon8/temp1_input cores:4 cpufreq:8 throttle:8/8
  WARMUP_FAIL_SKIP  = on (a failed warm-up skips the query's measured batches)
  IDLE_BASELINE_S   = 5.0 s before each query's measured batches
  SIGLESS_ADDR      = (disabled)
Found 1 query under queries/stackoverflow/SQLStorm/14510.sql

RAPL: powercap, 1 package, domains: pkg core gpu/uncore dram

[1/1] queries/stackoverflow/SQLStorm/14510.sql (2 warmup + step-up 1 16 x1)
  warmup 1/2: 4.728733 sec (cache prime)
  warmup 2/2: 3.413222 sec
  idle baseline: 5.0s, package 0.531 W, dram 0.259 W
  N=1   batch 1/1: 3.409549 sec, 1 copy (server sum 3351.704 ms)
  N=16  batch 1/1: 53.944767 sec, 16 copies (server sum 53861.062 ms)
  done: 2 sizes x 1 run (0 failures)

Done. Batch rows appended to logs/compare/warm_stepup/compare_server001_s1_20261004T161823Z/query_timing_stackoverflow_1gb.csv
Per-copy samples appended to logs/compare/warm_stepup/compare_server001_s1_20261004T161823Z/query_samples_stackoverflow_1gb.csv
Idle baselines appended to logs/compare/warm_stepup/compare_server001_s1_20261004T161823Z/query_idle_stackoverflow_1gb.csv
Machine identity appended to logs/compare/warm_stepup/compare_server001_s1_20261004T161823Z/query_runinfo_stackoverflow_1gb.csv
Last batch ended at epoch 1791140362.950 (PREV_END_EPOCH for the next invocation)
===== [260/324] queries/stackoverflow/SQLStorm/7612.sql run_id=7AD41B771B13937D =====
query_runner configuration:
  QUERY_DIR         = queries/stackoverflow/SQLStorm/7612.sql
  LOGS_DIR          = logs/compare/warm_stepup/compare_server001_s1_20261004T161823Z  (query_timing_/query_samples_/query_catalog_stackoverflow_1gb.csv)
  DB_NAME / DB_USER = stackoverflow_1gb / postgres
  PGPORT            = 5432  (server reports 18.6)
  RUN_ID            = 7AD41B771B13937D
  WARMUP            = 2 single-copy warm-ups (the first primes the cache)
  BATCH_SIZES       = 1 16  x RUNS=1 measured batches each
  WORKERS           = (planner default)
  STATEMENT_TIMEOUT = 15
  THERMAL_EQUALISE  = gate (T_LO=40 T_HI=60 preheat<=60s cooldown<=120s)
  sensors           = pkg:/sys/class/hwmon/hwmon8/temp1_input cores:4 cpufreq:8 throttle:8/8
  WARMUP_FAIL_SKIP  = on (a failed warm-up skips the query's measured batches)
  IDLE_BASELINE_S   = 5.0 s before each query's measured batches
  SIGLESS_ADDR      = (disabled)
Found 1 query under queries/stackoverflow/SQLStorm/7612.sql

RAPL: powercap, 1 package, domains: pkg core gpu/uncore dram

[1/1] queries/stackoverflow/SQLStorm/7612.sql (2 warmup + step-up 1 16 x1)
  warmup 1/2: 1.713976 sec (cache prime)
  warmup 2/2: 1.081247 sec
  idle baseline: 5.0s, package 0.435 W, dram 0.256 W
  N=1   batch 1/1: 1.083752 sec, 1 copy (server sum 1026.033 ms)
  N=16  batch 1/1: 15.793892 sec, 16 copies (server sum 15707.659 ms)
  done: 2 sizes x 1 run (0 failures)

Done. Batch rows appended to logs/compare/warm_stepup/compare_server001_s1_20261004T161823Z/query_timing_stackoverflow_1gb.csv
Per-copy samples appended to logs/compare/warm_stepup/compare_server001_s1_20261004T161823Z/query_samples_stackoverflow_1gb.csv
Idle baselines appended to logs/compare/warm_stepup/compare_server001_s1_20261004T161823Z/query_idle_stackoverflow_1gb.csv
Machine identity appended to logs/compare/warm_stepup/compare_server001_s1_20261004T161823Z/query_runinfo_stackoverflow_1gb.csv
Last batch ended at epoch 1791140391.024 (PREV_END_EPOCH for the next invocation)
===== [261/324] queries/stackoverflow/SQLStorm/2243.sql run_id=BD21DD52C60D75B3 =====
query_runner configuration:
  QUERY_DIR         = queries/stackoverflow/SQLStorm/2243.sql
  LOGS_DIR          = logs/compare/warm_stepup/compare_server001_s1_20261004T161823Z  (query_timing_/query_samples_/query_catalog_stackoverflow_1gb.csv)
  DB_NAME / DB_USER = stackoverflow_1gb / postgres
  PGPORT            = 5432  (server reports 18.6)
  RUN_ID            = BD21DD52C60D75B3
  WARMUP            = 2 single-copy warm-ups (the first primes the cache)
  BATCH_SIZES       = 1 16  x RUNS=1 measured batches each
  WORKERS           = (planner default)
  STATEMENT_TIMEOUT = 15
  THERMAL_EQUALISE  = gate (T_LO=40 T_HI=60 preheat<=60s cooldown<=120s)
  sensors           = pkg:/sys/class/hwmon/hwmon8/temp1_input cores:4 cpufreq:8 throttle:8/8
  WARMUP_FAIL_SKIP  = on (a failed warm-up skips the query's measured batches)
  IDLE_BASELINE_S   = 5.0 s before each query's measured batches
  SIGLESS_ADDR      = (disabled)
Found 1 query under queries/stackoverflow/SQLStorm/2243.sql

RAPL: powercap, 1 package, domains: pkg core gpu/uncore dram

[1/1] queries/stackoverflow/SQLStorm/2243.sql (2 warmup + step-up 1 16 x1)
  warmup 1/2: 1.669303 sec (cache prime)
  warmup 2/2: 1.370975 sec
  idle baseline: 5.0s, package 0.489 W, dram 0.257 W
  N=1   batch 1/1: 1.387300 sec, 1 copy (server sum 1317.870 ms)
  N=16  batch 1/1: 19.933064 sec, 16 copies (server sum 19843.020 ms)
  done: 2 sizes x 1 run (0 failures)

Done. Batch rows appended to logs/compare/warm_stepup/compare_server001_s1_20261004T161823Z/query_timing_stackoverflow_1gb.csv
Per-copy samples appended to logs/compare/warm_stepup/compare_server001_s1_20261004T161823Z/query_samples_stackoverflow_1gb.csv
Idle baselines appended to logs/compare/warm_stepup/compare_server001_s1_20261004T161823Z/query_idle_stackoverflow_1gb.csv
Machine identity appended to logs/compare/warm_stepup/compare_server001_s1_20261004T161823Z/query_runinfo_stackoverflow_1gb.csv
Last batch ended at epoch 1791140423.894 (PREV_END_EPOCH for the next invocation)
===== [262/324] queries/stackoverflow/SQLStorm/3090.sql run_id=F379A3644A1099B3 =====
query_runner configuration:
  QUERY_DIR         = queries/stackoverflow/SQLStorm/3090.sql
  LOGS_DIR          = logs/compare/warm_stepup/compare_server001_s1_20261004T161823Z  (query_timing_/query_samples_/query_catalog_stackoverflow_1gb.csv)
  DB_NAME / DB_USER = stackoverflow_1gb / postgres
  PGPORT            = 5432  (server reports 18.6)
  RUN_ID            = F379A3644A1099B3
  WARMUP            = 2 single-copy warm-ups (the first primes the cache)
  BATCH_SIZES       = 1 16  x RUNS=1 measured batches each
  WORKERS           = (planner default)
  STATEMENT_TIMEOUT = 15
  THERMAL_EQUALISE  = gate (T_LO=40 T_HI=60 preheat<=60s cooldown<=120s)
  sensors           = pkg:/sys/class/hwmon/hwmon8/temp1_input cores:4 cpufreq:8 throttle:8/8
  WARMUP_FAIL_SKIP  = on (a failed warm-up skips the query's measured batches)
  IDLE_BASELINE_S   = 5.0 s before each query's measured batches
  SIGLESS_ADDR      = (disabled)
Found 1 query under queries/stackoverflow/SQLStorm/3090.sql

RAPL: powercap, 1 package, domains: pkg core gpu/uncore dram

[1/1] queries/stackoverflow/SQLStorm/3090.sql (2 warmup + step-up 1 16 x1)
  warmup 1/2: 1.360276 sec (cache prime)
  warmup 2/2: 1.101922 sec
  idle baseline: 5.0s, package 0.459 W, dram 0.255 W
  N=1   batch 1/1: 1.102213 sec, 1 copy (server sum 1044.549 ms)
  N=16  batch 1/1: 16.073819 sec, 16 copies (server sum 15978.103 ms)
  done: 2 sizes x 1 run (0 failures)

Done. Batch rows appended to logs/compare/warm_stepup/compare_server001_s1_20261004T161823Z/query_timing_stackoverflow_1gb.csv
Per-copy samples appended to logs/compare/warm_stepup/compare_server001_s1_20261004T161823Z/query_samples_stackoverflow_1gb.csv
Idle baselines appended to logs/compare/warm_stepup/compare_server001_s1_20261004T161823Z/query_idle_stackoverflow_1gb.csv
Machine identity appended to logs/compare/warm_stepup/compare_server001_s1_20261004T161823Z/query_runinfo_stackoverflow_1gb.csv
Last batch ended at epoch 1791140451.975 (PREV_END_EPOCH for the next invocation)
===== [263/324] queries/stackoverflow/SQLStorm/13512.sql run_id=6BE94735C09FDEB0 =====
query_runner configuration:
  QUERY_DIR         = queries/stackoverflow/SQLStorm/13512.sql
  LOGS_DIR          = logs/compare/warm_stepup/compare_server001_s1_20261004T161823Z  (query_timing_/query_samples_/query_catalog_stackoverflow_1gb.csv)
  DB_NAME / DB_USER = stackoverflow_1gb / postgres
  PGPORT            = 5432  (server reports 18.6)
  RUN_ID            = 6BE94735C09FDEB0
  WARMUP            = 2 single-copy warm-ups (the first primes the cache)
  BATCH_SIZES       = 1 16  x RUNS=1 measured batches each
  WORKERS           = (planner default)
  STATEMENT_TIMEOUT = 15
  THERMAL_EQUALISE  = gate (T_LO=40 T_HI=60 preheat<=60s cooldown<=120s)
  sensors           = pkg:/sys/class/hwmon/hwmon8/temp1_input cores:4 cpufreq:8 throttle:8/8
  WARMUP_FAIL_SKIP  = on (a failed warm-up skips the query's measured batches)
  IDLE_BASELINE_S   = 5.0 s before each query's measured batches
  SIGLESS_ADDR      = (disabled)
Found 1 query under queries/stackoverflow/SQLStorm/13512.sql

RAPL: powercap, 1 package, domains: pkg core gpu/uncore dram

[1/1] queries/stackoverflow/SQLStorm/13512.sql (2 warmup + step-up 1 16 x1)
  warmup 1/2: 8.764887 sec (cache prime)
  warmup 2/2: 5.607331 sec
  idle baseline: 5.0s, package 0.498 W, dram 0.258 W
  N=1   batch 1/1: 5.609048 sec, 1 copy (server sum 5551.903 ms)
  N=16  batch 1/1: 90.557649 sec, 16 copies (server sum 90475.931 ms)
  done: 2 sizes x 1 run (0 failures)

Done. Batch rows appended to logs/compare/warm_stepup/compare_server001_s1_20261004T161823Z/query_timing_stackoverflow_1gb.csv
Per-copy samples appended to logs/compare/warm_stepup/compare_server001_s1_20261004T161823Z/query_samples_stackoverflow_1gb.csv
Idle baselines appended to logs/compare/warm_stepup/compare_server001_s1_20261004T161823Z/query_idle_stackoverflow_1gb.csv
Machine identity appended to logs/compare/warm_stepup/compare_server001_s1_20261004T161823Z/query_runinfo_stackoverflow_1gb.csv
Last batch ended at epoch 1791140570.668 (PREV_END_EPOCH for the next invocation)
===== [264/324] queries/stackoverflow/SQLStorm/24751.sql run_id=9E87641F5464B162 =====
query_runner configuration:
  QUERY_DIR         = queries/stackoverflow/SQLStorm/24751.sql
  LOGS_DIR          = logs/compare/warm_stepup/compare_server001_s1_20261004T161823Z  (query_timing_/query_samples_/query_catalog_stackoverflow_1gb.csv)
  DB_NAME / DB_USER = stackoverflow_1gb / postgres
  PGPORT            = 5432  (server reports 18.6)
  RUN_ID            = 9E87641F5464B162
  WARMUP            = 2 single-copy warm-ups (the first primes the cache)
  BATCH_SIZES       = 1 16  x RUNS=1 measured batches each
  WORKERS           = (planner default)
  STATEMENT_TIMEOUT = 15
  THERMAL_EQUALISE  = gate (T_LO=40 T_HI=60 preheat<=60s cooldown<=120s)
  sensors           = pkg:/sys/class/hwmon/hwmon8/temp1_input cores:4 cpufreq:8 throttle:8/8
  WARMUP_FAIL_SKIP  = on (a failed warm-up skips the query's measured batches)
  IDLE_BASELINE_S   = 5.0 s before each query's measured batches
  SIGLESS_ADDR      = (disabled)
Found 1 query under queries/stackoverflow/SQLStorm/24751.sql

RAPL: powercap, 1 package, domains: pkg core gpu/uncore dram

[1/1] queries/stackoverflow/SQLStorm/24751.sql (2 warmup + step-up 1 16 x1)
  warmup 1/2: 0.497726 sec (cache prime)
  warmup 2/2: 0.329033 sec
  idle baseline: 5.0s, package 0.514 W, dram 0.256 W
  N=1   batch 1/1: 0.332784 sec, 1 copy (server sum 275.563 ms)
  N=16  batch 1/1: 4.335891 sec, 16 copies (server sum 4258.205 ms)
  done: 2 sizes x 1 run (0 failures)

Done. Batch rows appended to logs/compare/warm_stepup/compare_server001_s1_20261004T161823Z/query_timing_stackoverflow_1gb.csv
Per-copy samples appended to logs/compare/warm_stepup/compare_server001_s1_20261004T161823Z/query_samples_stackoverflow_1gb.csv
Idle baselines appended to logs/compare/warm_stepup/compare_server001_s1_20261004T161823Z/query_idle_stackoverflow_1gb.csv
Machine identity appended to logs/compare/warm_stepup/compare_server001_s1_20261004T161823Z/query_runinfo_stackoverflow_1gb.csv
Last batch ended at epoch 1791140584.513 (PREV_END_EPOCH for the next invocation)
===== [265/324] queries/stackoverflow/SQLStorm/20804.sql run_id=261920E079552424 =====
query_runner configuration:
  QUERY_DIR         = queries/stackoverflow/SQLStorm/20804.sql
  LOGS_DIR          = logs/compare/warm_stepup/compare_server001_s1_20261004T161823Z  (query_timing_/query_samples_/query_catalog_stackoverflow_1gb.csv)
  DB_NAME / DB_USER = stackoverflow_1gb / postgres
  PGPORT            = 5432  (server reports 18.6)
  RUN_ID            = 261920E079552424
  WARMUP            = 2 single-copy warm-ups (the first primes the cache)
  BATCH_SIZES       = 1 16  x RUNS=1 measured batches each
  WORKERS           = (planner default)
  STATEMENT_TIMEOUT = 15
  THERMAL_EQUALISE  = gate (T_LO=40 T_HI=60 preheat<=60s cooldown<=120s)
  sensors           = pkg:/sys/class/hwmon/hwmon8/temp1_input cores:4 cpufreq:8 throttle:8/8
  WARMUP_FAIL_SKIP  = on (a failed warm-up skips the query's measured batches)
  IDLE_BASELINE_S   = 5.0 s before each query's measured batches
  SIGLESS_ADDR      = (disabled)
Found 1 query under queries/stackoverflow/SQLStorm/20804.sql

RAPL: powercap, 1 package, domains: pkg core gpu/uncore dram

[1/1] queries/stackoverflow/SQLStorm/20804.sql (2 warmup + step-up 1 16 x1)
  warmup 1/2: 1.449773 sec (cache prime)
  warmup 2/2: 0.859762 sec
  idle baseline: 5.0s, package 0.495 W, dram 0.257 W
  N=1   batch 1/1: 0.850369 sec, 1 copy (server sum 791.296 ms)
  N=16  batch 1/1: 11.681453 sec, 16 copies (server sum 11590.204 ms)
  done: 2 sizes x 1 run (0 failures)

Done. Batch rows appended to logs/compare/warm_stepup/compare_server001_s1_20261004T161823Z/query_timing_stackoverflow_1gb.csv
Per-copy samples appended to logs/compare/warm_stepup/compare_server001_s1_20261004T161823Z/query_samples_stackoverflow_1gb.csv
Idle baselines appended to logs/compare/warm_stepup/compare_server001_s1_20261004T161823Z/query_idle_stackoverflow_1gb.csv
Machine identity appended to logs/compare/warm_stepup/compare_server001_s1_20261004T161823Z/query_runinfo_stackoverflow_1gb.csv
Last batch ended at epoch 1791140607.949 (PREV_END_EPOCH for the next invocation)
===== [266/324] queries/stackoverflow/SQLStorm/11211.sql run_id=B82477DFF37A4B45 =====
query_runner configuration:
  QUERY_DIR         = queries/stackoverflow/SQLStorm/11211.sql
  LOGS_DIR          = logs/compare/warm_stepup/compare_server001_s1_20261004T161823Z  (query_timing_/query_samples_/query_catalog_stackoverflow_1gb.csv)
  DB_NAME / DB_USER = stackoverflow_1gb / postgres
  PGPORT            = 5432  (server reports 18.6)
  RUN_ID            = B82477DFF37A4B45
  WARMUP            = 2 single-copy warm-ups (the first primes the cache)
  BATCH_SIZES       = 1 16  x RUNS=1 measured batches each
  WORKERS           = (planner default)
  STATEMENT_TIMEOUT = 15
  THERMAL_EQUALISE  = gate (T_LO=40 T_HI=60 preheat<=60s cooldown<=120s)
  sensors           = pkg:/sys/class/hwmon/hwmon8/temp1_input cores:4 cpufreq:8 throttle:8/8
  WARMUP_FAIL_SKIP  = on (a failed warm-up skips the query's measured batches)
  IDLE_BASELINE_S   = 5.0 s before each query's measured batches
  SIGLESS_ADDR      = (disabled)
Found 1 query under queries/stackoverflow/SQLStorm/11211.sql

RAPL: powercap, 1 package, domains: pkg core gpu/uncore dram

[1/1] queries/stackoverflow/SQLStorm/11211.sql (2 warmup + step-up 1 16 x1)
  warmup 1/2: 4.485812 sec (cache prime)
  warmup 2/2: 3.685363 sec
  idle baseline: 5.0s, package 0.494 W, dram 0.258 W
  N=1   batch 1/1: 3.666665 sec, 1 copy (server sum 3608.855 ms)
  N=16  batch 1/1: 58.238310 sec, 16 copies (server sum 58147.883 ms)
  done: 2 sizes x 1 run (0 failures)

Done. Batch rows appended to logs/compare/warm_stepup/compare_server001_s1_20261004T161823Z/query_timing_stackoverflow_1gb.csv
Per-copy samples appended to logs/compare/warm_stepup/compare_server001_s1_20261004T161823Z/query_samples_stackoverflow_1gb.csv
Idle baselines appended to logs/compare/warm_stepup/compare_server001_s1_20261004T161823Z/query_idle_stackoverflow_1gb.csv
Machine identity appended to logs/compare/warm_stepup/compare_server001_s1_20261004T161823Z/query_runinfo_stackoverflow_1gb.csv
Last batch ended at epoch 1791140686.714 (PREV_END_EPOCH for the next invocation)
===== [267/324] queries/stackoverflow/SQLStorm/32216.sql run_id=7437820D9D1B67C2 =====
query_runner configuration:
  QUERY_DIR         = queries/stackoverflow/SQLStorm/32216.sql
  LOGS_DIR          = logs/compare/warm_stepup/compare_server001_s1_20261004T161823Z  (query_timing_/query_samples_/query_catalog_stackoverflow_1gb.csv)
  DB_NAME / DB_USER = stackoverflow_1gb / postgres
  PGPORT            = 5432  (server reports 18.6)
  RUN_ID            = 7437820D9D1B67C2
  WARMUP            = 2 single-copy warm-ups (the first primes the cache)
  BATCH_SIZES       = 1 16  x RUNS=1 measured batches each
  WORKERS           = (planner default)
  STATEMENT_TIMEOUT = 15
  THERMAL_EQUALISE  = gate (T_LO=40 T_HI=60 preheat<=60s cooldown<=120s)
  sensors           = pkg:/sys/class/hwmon/hwmon8/temp1_input cores:4 cpufreq:8 throttle:8/8
  WARMUP_FAIL_SKIP  = on (a failed warm-up skips the query's measured batches)
  IDLE_BASELINE_S   = 5.0 s before each query's measured batches
  SIGLESS_ADDR      = (disabled)
Found 1 query under queries/stackoverflow/SQLStorm/32216.sql

RAPL: powercap, 1 package, domains: pkg core gpu/uncore dram

[1/1] queries/stackoverflow/SQLStorm/32216.sql (2 warmup + step-up 1 16 x1)
  warmup 1/2: 4.299553 sec (cache prime)
  warmup 2/2: 4.029733 sec
  idle baseline: 5.0s, package 0.543 W, dram 0.258 W
  N=1   batch 1/1: 3.977721 sec, 1 copy (server sum 3919.418 ms)
  N=16  batch 1/1: 60.988753 sec, 16 copies (server sum 60893.377 ms)
  done: 2 sizes x 1 run (0 failures)

Done. Batch rows appended to logs/compare/warm_stepup/compare_server001_s1_20261004T161823Z/query_timing_stackoverflow_1gb.csv
Per-copy samples appended to logs/compare/warm_stepup/compare_server001_s1_20261004T161823Z/query_samples_stackoverflow_1gb.csv
Idle baselines appended to logs/compare/warm_stepup/compare_server001_s1_20261004T161823Z/query_idle_stackoverflow_1gb.csv
Machine identity appended to logs/compare/warm_stepup/compare_server001_s1_20261004T161823Z/query_runinfo_stackoverflow_1gb.csv
Last batch ended at epoch 1791140768.741 (PREV_END_EPOCH for the next invocation)
===== [268/324] queries/stackoverflow/SQLStorm/13330.sql run_id=ED1A227E876C51FD =====
query_runner configuration:
  QUERY_DIR         = queries/stackoverflow/SQLStorm/13330.sql
  LOGS_DIR          = logs/compare/warm_stepup/compare_server001_s1_20261004T161823Z  (query_timing_/query_samples_/query_catalog_stackoverflow_1gb.csv)
  DB_NAME / DB_USER = stackoverflow_1gb / postgres
  PGPORT            = 5432  (server reports 18.6)
  RUN_ID            = ED1A227E876C51FD
  WARMUP            = 2 single-copy warm-ups (the first primes the cache)
  BATCH_SIZES       = 1 16  x RUNS=1 measured batches each
  WORKERS           = (planner default)
  STATEMENT_TIMEOUT = 15
  THERMAL_EQUALISE  = gate (T_LO=40 T_HI=60 preheat<=60s cooldown<=120s)
  sensors           = pkg:/sys/class/hwmon/hwmon8/temp1_input cores:4 cpufreq:8 throttle:8/8
  WARMUP_FAIL_SKIP  = on (a failed warm-up skips the query's measured batches)
  IDLE_BASELINE_S   = 5.0 s before each query's measured batches
  SIGLESS_ADDR      = (disabled)
Found 1 query under queries/stackoverflow/SQLStorm/13330.sql

RAPL: powercap, 1 package, domains: pkg core gpu/uncore dram

[1/1] queries/stackoverflow/SQLStorm/13330.sql (2 warmup + step-up 1 16 x1)
  warmup 1/2: 0.305317 sec (cache prime)
  warmup 2/2: 0.099909 sec
  idle baseline: 5.0s, package 0.484 W, dram 0.255 W
  N=1   batch 1/1: 0.102253 sec, 1 copy (server sum 46.565 ms)
  N=16  batch 1/1: 0.725822 sec, 16 copies (server sum 658.919 ms)
  done: 2 sizes x 1 run (0 failures)

Done. Batch rows appended to logs/compare/warm_stepup/compare_server001_s1_20261004T161823Z/query_timing_stackoverflow_1gb.csv
Per-copy samples appended to logs/compare/warm_stepup/compare_server001_s1_20261004T161823Z/query_samples_stackoverflow_1gb.csv
Idle baselines appended to logs/compare/warm_stepup/compare_server001_s1_20261004T161823Z/query_idle_stackoverflow_1gb.csv
Machine identity appended to logs/compare/warm_stepup/compare_server001_s1_20261004T161823Z/query_runinfo_stackoverflow_1gb.csv
Last batch ended at epoch 1791140778.380 (PREV_END_EPOCH for the next invocation)
===== [269/324] queries/stackoverflow/SQLStorm/1959.sql run_id=EECBF8F9CABC7E95 =====
query_runner configuration:
  QUERY_DIR         = queries/stackoverflow/SQLStorm/1959.sql
  LOGS_DIR          = logs/compare/warm_stepup/compare_server001_s1_20261004T161823Z  (query_timing_/query_samples_/query_catalog_stackoverflow_1gb.csv)
  DB_NAME / DB_USER = stackoverflow_1gb / postgres
  PGPORT            = 5432  (server reports 18.6)
  RUN_ID            = EECBF8F9CABC7E95
  WARMUP            = 2 single-copy warm-ups (the first primes the cache)
  BATCH_SIZES       = 1 16  x RUNS=1 measured batches each
  WORKERS           = (planner default)
  STATEMENT_TIMEOUT = 15
  THERMAL_EQUALISE  = gate (T_LO=40 T_HI=60 preheat<=60s cooldown<=120s)
  sensors           = pkg:/sys/class/hwmon/hwmon8/temp1_input cores:4 cpufreq:8 throttle:8/8
  WARMUP_FAIL_SKIP  = on (a failed warm-up skips the query's measured batches)
  IDLE_BASELINE_S   = 5.0 s before each query's measured batches
  SIGLESS_ADDR      = (disabled)
Found 1 query under queries/stackoverflow/SQLStorm/1959.sql

RAPL: powercap, 1 package, domains: pkg core gpu/uncore dram

[1/1] queries/stackoverflow/SQLStorm/1959.sql (2 warmup + step-up 1 16 x1)
  warmup 1/2: 2.298364 sec (cache prime)
  warmup 2/2: 2.053426 sec
  idle baseline: 5.0s, package 0.458 W, dram 0.255 W
  N=1   batch 1/1: 2.065913 sec, 1 copy (server sum 2008.249 ms)
  N=16  batch 1/1: 31.156577 sec, 16 copies (server sum 31078.756 ms)
  done: 2 sizes x 1 run (0 failures)

Done. Batch rows appended to logs/compare/warm_stepup/compare_server001_s1_20261004T161823Z/query_timing_stackoverflow_1gb.csv
Per-copy samples appended to logs/compare/warm_stepup/compare_server001_s1_20261004T161823Z/query_samples_stackoverflow_1gb.csv
Idle baselines appended to logs/compare/warm_stepup/compare_server001_s1_20261004T161823Z/query_idle_stackoverflow_1gb.csv
Machine identity appended to logs/compare/warm_stepup/compare_server001_s1_20261004T161823Z/query_runinfo_stackoverflow_1gb.csv
Last batch ended at epoch 1791140824.459 (PREV_END_EPOCH for the next invocation)
===== [270/324] queries/stackoverflow/SQLStorm/4452.sql run_id=2FCA3BFCF7E46DEB =====
query_runner configuration:
  QUERY_DIR         = queries/stackoverflow/SQLStorm/4452.sql
  LOGS_DIR          = logs/compare/warm_stepup/compare_server001_s1_20261004T161823Z  (query_timing_/query_samples_/query_catalog_stackoverflow_1gb.csv)
  DB_NAME / DB_USER = stackoverflow_1gb / postgres
  PGPORT            = 5432  (server reports 18.6)
  RUN_ID            = 2FCA3BFCF7E46DEB
  WARMUP            = 2 single-copy warm-ups (the first primes the cache)
  BATCH_SIZES       = 1 16  x RUNS=1 measured batches each
  WORKERS           = (planner default)
  STATEMENT_TIMEOUT = 15
  THERMAL_EQUALISE  = gate (T_LO=40 T_HI=60 preheat<=60s cooldown<=120s)
  sensors           = pkg:/sys/class/hwmon/hwmon8/temp1_input cores:4 cpufreq:8 throttle:8/8
  WARMUP_FAIL_SKIP  = on (a failed warm-up skips the query's measured batches)
  IDLE_BASELINE_S   = 5.0 s before each query's measured batches
  SIGLESS_ADDR      = (disabled)
Found 1 query under queries/stackoverflow/SQLStorm/4452.sql

RAPL: powercap, 1 package, domains: pkg core gpu/uncore dram

[1/1] queries/stackoverflow/SQLStorm/4452.sql (2 warmup + step-up 1 16 x1)
  warmup 1/2: 0.880629 sec (cache prime)
  warmup 2/2: 0.279673 sec
  idle baseline: 5.0s, package 0.467 W, dram 0.255 W
  N=1   batch 1/1: 0.281443 sec, 1 copy (server sum 223.847 ms)
  N=16  batch 1/1: 3.121446 sec, 16 copies (server sum 3041.883 ms)
  done: 2 sizes x 1 run (0 failures)

Done. Batch rows appended to logs/compare/warm_stepup/compare_server001_s1_20261004T161823Z/query_timing_stackoverflow_1gb.csv
Per-copy samples appended to logs/compare/warm_stepup/compare_server001_s1_20261004T161823Z/query_samples_stackoverflow_1gb.csv
Idle baselines appended to logs/compare/warm_stepup/compare_server001_s1_20261004T161823Z/query_idle_stackoverflow_1gb.csv
Machine identity appended to logs/compare/warm_stepup/compare_server001_s1_20261004T161823Z/query_runinfo_stackoverflow_1gb.csv
Last batch ended at epoch 1791140837.474 (PREV_END_EPOCH for the next invocation)
===== [271/324] queries/stackoverflow/SQLStorm/1255.sql run_id=BA7374A9BAA83445 =====
query_runner configuration:
  QUERY_DIR         = queries/stackoverflow/SQLStorm/1255.sql
  LOGS_DIR          = logs/compare/warm_stepup/compare_server001_s1_20261004T161823Z  (query_timing_/query_samples_/query_catalog_stackoverflow_1gb.csv)
  DB_NAME / DB_USER = stackoverflow_1gb / postgres
  PGPORT            = 5432  (server reports 18.6)
  RUN_ID            = BA7374A9BAA83445
  WARMUP            = 2 single-copy warm-ups (the first primes the cache)
  BATCH_SIZES       = 1 16  x RUNS=1 measured batches each
  WORKERS           = (planner default)
  STATEMENT_TIMEOUT = 15
  THERMAL_EQUALISE  = gate (T_LO=40 T_HI=60 preheat<=60s cooldown<=120s)
  sensors           = pkg:/sys/class/hwmon/hwmon8/temp1_input cores:4 cpufreq:8 throttle:8/8
  WARMUP_FAIL_SKIP  = on (a failed warm-up skips the query's measured batches)
  IDLE_BASELINE_S   = 5.0 s before each query's measured batches
  SIGLESS_ADDR      = (disabled)
Found 1 query under queries/stackoverflow/SQLStorm/1255.sql

RAPL: powercap, 1 package, domains: pkg core gpu/uncore dram

[1/1] queries/stackoverflow/SQLStorm/1255.sql (2 warmup + step-up 1 16 x1)
  warmup 1/2: 0.759972 sec (cache prime)
  warmup 2/2: 0.436412 sec
  idle baseline: 5.0s, package 0.496 W, dram 0.256 W
  N=1   batch 1/1: 0.436354 sec, 1 copy (server sum 379.310 ms)
  N=16  batch 1/1: 5.483972 sec, 16 copies (server sum 5404.748 ms)
  done: 2 sizes x 1 run (0 failures)

Done. Batch rows appended to logs/compare/warm_stepup/compare_server001_s1_20261004T161823Z/query_timing_stackoverflow_1gb.csv
Per-copy samples appended to logs/compare/warm_stepup/compare_server001_s1_20261004T161823Z/query_samples_stackoverflow_1gb.csv
Idle baselines appended to logs/compare/warm_stepup/compare_server001_s1_20261004T161823Z/query_idle_stackoverflow_1gb.csv
Machine identity appended to logs/compare/warm_stepup/compare_server001_s1_20261004T161823Z/query_runinfo_stackoverflow_1gb.csv
Last batch ended at epoch 1791140853.285 (PREV_END_EPOCH for the next invocation)
===== [272/324] queries/stackoverflow/SQLStorm/1959.sql run_id=043E77D32DD8A317 =====
query_runner configuration:
  QUERY_DIR         = queries/stackoverflow/SQLStorm/1959.sql
  LOGS_DIR          = logs/compare/warm_stepup/compare_server001_s1_20261004T161823Z  (query_timing_/query_samples_/query_catalog_stackoverflow_1gb.csv)
  DB_NAME / DB_USER = stackoverflow_1gb / postgres
  PGPORT            = 5432  (server reports 18.6)
  RUN_ID            = 043E77D32DD8A317
  WARMUP            = 2 single-copy warm-ups (the first primes the cache)
  BATCH_SIZES       = 1 16  x RUNS=1 measured batches each
  WORKERS           = (planner default)
  STATEMENT_TIMEOUT = 15
  THERMAL_EQUALISE  = gate (T_LO=40 T_HI=60 preheat<=60s cooldown<=120s)
  sensors           = pkg:/sys/class/hwmon/hwmon8/temp1_input cores:4 cpufreq:8 throttle:8/8
  WARMUP_FAIL_SKIP  = on (a failed warm-up skips the query's measured batches)
  IDLE_BASELINE_S   = 5.0 s before each query's measured batches
  SIGLESS_ADDR      = (disabled)
Found 1 query under queries/stackoverflow/SQLStorm/1959.sql

RAPL: powercap, 1 package, domains: pkg core gpu/uncore dram

[1/1] queries/stackoverflow/SQLStorm/1959.sql (2 warmup + step-up 1 16 x1)
  warmup 1/2: 2.306002 sec (cache prime)
  warmup 2/2: 2.050438 sec
  idle baseline: 5.0s, package 0.504 W, dram 0.256 W
  N=1   batch 1/1: 2.063534 sec, 1 copy (server sum 2006.215 ms)
  N=16  batch 1/1: 31.140940 sec, 16 copies (server sum 31062.718 ms)
  done: 2 sizes x 1 run (0 failures)

Done. Batch rows appended to logs/compare/warm_stepup/compare_server001_s1_20261004T161823Z/query_timing_stackoverflow_1gb.csv
Per-copy samples appended to logs/compare/warm_stepup/compare_server001_s1_20261004T161823Z/query_samples_stackoverflow_1gb.csv
Idle baselines appended to logs/compare/warm_stepup/compare_server001_s1_20261004T161823Z/query_idle_stackoverflow_1gb.csv
Machine identity appended to logs/compare/warm_stepup/compare_server001_s1_20261004T161823Z/query_runinfo_stackoverflow_1gb.csv
Last batch ended at epoch 1791140899.395 (PREV_END_EPOCH for the next invocation)
===== [273/324] queries/stackoverflow/SQLStorm/3090.sql run_id=B8519EC09DF37DF8 =====
query_runner configuration:
  QUERY_DIR         = queries/stackoverflow/SQLStorm/3090.sql
  LOGS_DIR          = logs/compare/warm_stepup/compare_server001_s1_20261004T161823Z  (query_timing_/query_samples_/query_catalog_stackoverflow_1gb.csv)
  DB_NAME / DB_USER = stackoverflow_1gb / postgres
  PGPORT            = 5432  (server reports 18.6)
  RUN_ID            = B8519EC09DF37DF8
  WARMUP            = 2 single-copy warm-ups (the first primes the cache)
  BATCH_SIZES       = 1 16  x RUNS=1 measured batches each
  WORKERS           = (planner default)
  STATEMENT_TIMEOUT = 15
  THERMAL_EQUALISE  = gate (T_LO=40 T_HI=60 preheat<=60s cooldown<=120s)
  sensors           = pkg:/sys/class/hwmon/hwmon8/temp1_input cores:4 cpufreq:8 throttle:8/8
  WARMUP_FAIL_SKIP  = on (a failed warm-up skips the query's measured batches)
  IDLE_BASELINE_S   = 5.0 s before each query's measured batches
  SIGLESS_ADDR      = (disabled)
Found 1 query under queries/stackoverflow/SQLStorm/3090.sql

RAPL: powercap, 1 package, domains: pkg core gpu/uncore dram

[1/1] queries/stackoverflow/SQLStorm/3090.sql (2 warmup + step-up 1 16 x1)
  warmup 1/2: 1.385180 sec (cache prime)
  warmup 2/2: 1.101618 sec
  idle baseline: 5.0s, package 0.464 W, dram 0.255 W
  N=1   batch 1/1: 1.095423 sec, 1 copy (server sum 1038.040 ms)
  N=16  batch 1/1: 16.114353 sec, 16 copies (server sum 16021.033 ms)
  done: 2 sizes x 1 run (0 failures)

Done. Batch rows appended to logs/compare/warm_stepup/compare_server001_s1_20261004T161823Z/query_timing_stackoverflow_1gb.csv
Per-copy samples appended to logs/compare/warm_stepup/compare_server001_s1_20261004T161823Z/query_samples_stackoverflow_1gb.csv
Idle baselines appended to logs/compare/warm_stepup/compare_server001_s1_20261004T161823Z/query_idle_stackoverflow_1gb.csv
Machine identity appended to logs/compare/warm_stepup/compare_server001_s1_20261004T161823Z/query_runinfo_stackoverflow_1gb.csv
Last batch ended at epoch 1791140927.461 (PREV_END_EPOCH for the next invocation)
===== [274/324] queries/stackoverflow/SQLStorm/16363.sql run_id=978E3DFE701C4E84 =====
query_runner configuration:
  QUERY_DIR         = queries/stackoverflow/SQLStorm/16363.sql
  LOGS_DIR          = logs/compare/warm_stepup/compare_server001_s1_20261004T161823Z  (query_timing_/query_samples_/query_catalog_stackoverflow_1gb.csv)
  DB_NAME / DB_USER = stackoverflow_1gb / postgres
  PGPORT            = 5432  (server reports 18.6)
  RUN_ID            = 978E3DFE701C4E84
  WARMUP            = 2 single-copy warm-ups (the first primes the cache)
  BATCH_SIZES       = 1 16  x RUNS=1 measured batches each
  WORKERS           = (planner default)
  STATEMENT_TIMEOUT = 15
  THERMAL_EQUALISE  = gate (T_LO=40 T_HI=60 preheat<=60s cooldown<=120s)
  sensors           = pkg:/sys/class/hwmon/hwmon8/temp1_input cores:4 cpufreq:8 throttle:8/8
  WARMUP_FAIL_SKIP  = on (a failed warm-up skips the query's measured batches)
  IDLE_BASELINE_S   = 5.0 s before each query's measured batches
  SIGLESS_ADDR      = (disabled)
Found 1 query under queries/stackoverflow/SQLStorm/16363.sql

RAPL: powercap, 1 package, domains: pkg core gpu/uncore dram

[1/1] queries/stackoverflow/SQLStorm/16363.sql (2 warmup + step-up 1 16 x1)
  warmup 1/2: 3.597395 sec (cache prime)
  warmup 2/2: 2.664813 sec
  idle baseline: 5.0s, package 0.525 W, dram 0.258 W
  N=1   batch 1/1: 2.669202 sec, 1 copy (server sum 2612.076 ms)
  N=16  batch 1/1: 40.867494 sec, 16 copies (server sum 40791.020 ms)
  done: 2 sizes x 1 run (0 failures)

Done. Batch rows appended to logs/compare/warm_stepup/compare_server001_s1_20261004T161823Z/query_timing_stackoverflow_1gb.csv
Per-copy samples appended to logs/compare/warm_stepup/compare_server001_s1_20261004T161823Z/query_samples_stackoverflow_1gb.csv
Idle baselines appended to logs/compare/warm_stepup/compare_server001_s1_20261004T161823Z/query_idle_stackoverflow_1gb.csv
Machine identity appended to logs/compare/warm_stepup/compare_server001_s1_20261004T161823Z/query_runinfo_stackoverflow_1gb.csv
Last batch ended at epoch 1791140985.589 (PREV_END_EPOCH for the next invocation)
===== [275/324] queries/stackoverflow/SQLStorm/28796.sql run_id=091B825699B1C75F =====
query_runner configuration:
  QUERY_DIR         = queries/stackoverflow/SQLStorm/28796.sql
  LOGS_DIR          = logs/compare/warm_stepup/compare_server001_s1_20261004T161823Z  (query_timing_/query_samples_/query_catalog_stackoverflow_1gb.csv)
  DB_NAME / DB_USER = stackoverflow_1gb / postgres
  PGPORT            = 5432  (server reports 18.6)
  RUN_ID            = 091B825699B1C75F
  WARMUP            = 2 single-copy warm-ups (the first primes the cache)
  BATCH_SIZES       = 1 16  x RUNS=1 measured batches each
  WORKERS           = (planner default)
  STATEMENT_TIMEOUT = 15
  THERMAL_EQUALISE  = gate (T_LO=40 T_HI=60 preheat<=60s cooldown<=120s)
  sensors           = pkg:/sys/class/hwmon/hwmon8/temp1_input cores:4 cpufreq:8 throttle:8/8
  WARMUP_FAIL_SKIP  = on (a failed warm-up skips the query's measured batches)
  IDLE_BASELINE_S   = 5.0 s before each query's measured batches
  SIGLESS_ADDR      = (disabled)
Found 1 query under queries/stackoverflow/SQLStorm/28796.sql

RAPL: powercap, 1 package, domains: pkg core gpu/uncore dram

[1/1] queries/stackoverflow/SQLStorm/28796.sql (2 warmup + step-up 1 16 x1)
  warmup 1/2: 2.150246 sec (cache prime)
  warmup 2/2: 1.801994 sec
  idle baseline: 5.0s, package 0.522 W, dram 0.258 W
  N=1   batch 1/1: 1.792871 sec, 1 copy (server sum 1734.000 ms)
  N=16  batch 1/1: 26.396928 sec, 16 copies (server sum 26303.371 ms)
  done: 2 sizes x 1 run (0 failures)

Done. Batch rows appended to logs/compare/warm_stepup/compare_server001_s1_20261004T161823Z/query_timing_stackoverflow_1gb.csv
Per-copy samples appended to logs/compare/warm_stepup/compare_server001_s1_20261004T161823Z/query_samples_stackoverflow_1gb.csv
Idle baselines appended to logs/compare/warm_stepup/compare_server001_s1_20261004T161823Z/query_idle_stackoverflow_1gb.csv
Machine identity appended to logs/compare/warm_stepup/compare_server001_s1_20261004T161823Z/query_runinfo_stackoverflow_1gb.csv
Last batch ended at epoch 1791141025.909 (PREV_END_EPOCH for the next invocation)
===== [276/324] queries/stackoverflow/SQLStorm/16399.sql run_id=A476F565D72A0922 =====
query_runner configuration:
  QUERY_DIR         = queries/stackoverflow/SQLStorm/16399.sql
  LOGS_DIR          = logs/compare/warm_stepup/compare_server001_s1_20261004T161823Z  (query_timing_/query_samples_/query_catalog_stackoverflow_1gb.csv)
  DB_NAME / DB_USER = stackoverflow_1gb / postgres
  PGPORT            = 5432  (server reports 18.6)
  RUN_ID            = A476F565D72A0922
  WARMUP            = 2 single-copy warm-ups (the first primes the cache)
  BATCH_SIZES       = 1 16  x RUNS=1 measured batches each
  WORKERS           = (planner default)
  STATEMENT_TIMEOUT = 15
  THERMAL_EQUALISE  = gate (T_LO=40 T_HI=60 preheat<=60s cooldown<=120s)
  sensors           = pkg:/sys/class/hwmon/hwmon8/temp1_input cores:4 cpufreq:8 throttle:8/8
  WARMUP_FAIL_SKIP  = on (a failed warm-up skips the query's measured batches)
  IDLE_BASELINE_S   = 5.0 s before each query's measured batches
  SIGLESS_ADDR      = (disabled)
Found 1 query under queries/stackoverflow/SQLStorm/16399.sql

RAPL: powercap, 1 package, domains: pkg core gpu/uncore dram

[1/1] queries/stackoverflow/SQLStorm/16399.sql (2 warmup + step-up 1 16 x1)
  warmup 1/2: 0.248016 sec (cache prime)
  warmup 2/2: 0.102393 sec
  idle baseline: 5.0s, package 0.482 W, dram 0.255 W
  N=1   batch 1/1: 0.101643 sec, 1 copy (server sum 46.334 ms)
  N=16  batch 1/1: 0.762032 sec, 16 copies (server sum 696.213 ms)
  done: 2 sizes x 1 run (0 failures)

Done. Batch rows appended to logs/compare/warm_stepup/compare_server001_s1_20261004T161823Z/query_timing_stackoverflow_1gb.csv
Per-copy samples appended to logs/compare/warm_stepup/compare_server001_s1_20261004T161823Z/query_samples_stackoverflow_1gb.csv
Idle baselines appended to logs/compare/warm_stepup/compare_server001_s1_20261004T161823Z/query_idle_stackoverflow_1gb.csv
Machine identity appended to logs/compare/warm_stepup/compare_server001_s1_20261004T161823Z/query_runinfo_stackoverflow_1gb.csv
Last batch ended at epoch 1791141035.553 (PREV_END_EPOCH for the next invocation)
===== [277/324] compare/probes/probe_sort.sql run_id=3BB983739B2026DD =====
query_runner configuration:
  QUERY_DIR         = compare/probes/probe_sort.sql
  LOGS_DIR          = logs/compare/warm_stepup/compare_server001_s1_20261004T161823Z  (query_timing_/query_samples_/query_catalog_stackoverflow_1gb.csv)
  DB_NAME / DB_USER = stackoverflow_1gb / postgres
  PGPORT            = 5432  (server reports 18.6)
  RUN_ID            = 3BB983739B2026DD
  WARMUP            = 2 single-copy warm-ups (the first primes the cache)
  BATCH_SIZES       = 1 16  x RUNS=1 measured batches each
  WORKERS           = (planner default)
  STATEMENT_TIMEOUT = 15
  THERMAL_EQUALISE  = gate (T_LO=40 T_HI=60 preheat<=60s cooldown<=120s)
  sensors           = pkg:/sys/class/hwmon/hwmon8/temp1_input cores:4 cpufreq:8 throttle:8/8
  WARMUP_FAIL_SKIP  = on (a failed warm-up skips the query's measured batches)
  IDLE_BASELINE_S   = 5.0 s before each query's measured batches
  SIGLESS_ADDR      = (disabled)
Found 1 query under compare/probes/probe_sort.sql

RAPL: powercap, 1 package, domains: pkg core gpu/uncore dram

[1/1] compare/probes/probe_sort.sql (2 warmup + step-up 1 16 x1)
  warmup 1/2: 1.737807 sec (cache prime)
  warmup 2/2: 1.604631 sec
  idle baseline: 5.0s, package 0.499 W, dram 0.256 W
  N=1   batch 1/1: 1.605603 sec, 0 copies
  N=16  batch 1/1: 24.678319 sec, 0 copies
  done: 2 sizes x 1 run (0 failures)

Done. Batch rows appended to logs/compare/warm_stepup/compare_server001_s1_20261004T161823Z/query_timing_stackoverflow_1gb.csv
Per-copy samples appended to logs/compare/warm_stepup/compare_server001_s1_20261004T161823Z/query_samples_stackoverflow_1gb.csv
Idle baselines appended to logs/compare/warm_stepup/compare_server001_s1_20261004T161823Z/query_idle_stackoverflow_1gb.csv
Machine identity appended to logs/compare/warm_stepup/compare_server001_s1_20261004T161823Z/query_runinfo_stackoverflow_1gb.csv
Last batch ended at epoch 1791141073.609 (PREV_END_EPOCH for the next invocation)
===== [278/324] queries/stackoverflow/SQLStorm/16308.sql run_id=FB7BF574A1B37FC8 =====
query_runner configuration:
  QUERY_DIR         = queries/stackoverflow/SQLStorm/16308.sql
  LOGS_DIR          = logs/compare/warm_stepup/compare_server001_s1_20261004T161823Z  (query_timing_/query_samples_/query_catalog_stackoverflow_1gb.csv)
  DB_NAME / DB_USER = stackoverflow_1gb / postgres
  PGPORT            = 5432  (server reports 18.6)
  RUN_ID            = FB7BF574A1B37FC8
  WARMUP            = 2 single-copy warm-ups (the first primes the cache)
  BATCH_SIZES       = 1 16  x RUNS=1 measured batches each
  WORKERS           = (planner default)
  STATEMENT_TIMEOUT = 15
  THERMAL_EQUALISE  = gate (T_LO=40 T_HI=60 preheat<=60s cooldown<=120s)
  sensors           = pkg:/sys/class/hwmon/hwmon8/temp1_input cores:4 cpufreq:8 throttle:8/8
  WARMUP_FAIL_SKIP  = on (a failed warm-up skips the query's measured batches)
  IDLE_BASELINE_S   = 5.0 s before each query's measured batches
  SIGLESS_ADDR      = (disabled)
Found 1 query under queries/stackoverflow/SQLStorm/16308.sql

RAPL: powercap, 1 package, domains: pkg core gpu/uncore dram

[1/1] queries/stackoverflow/SQLStorm/16308.sql (2 warmup + step-up 1 16 x1)
  warmup 1/2: 0.706889 sec (cache prime)
  warmup 2/2: 0.427822 sec
  idle baseline: 5.0s, package 0.453 W, dram 0.256 W
  N=1   batch 1/1: 0.425859 sec, 1 copy (server sum 369.096 ms)
  N=16  batch 1/1: 5.957661 sec, 16 copies (server sum 5879.745 ms)
  done: 2 sizes x 1 run (0 failures)

Done. Batch rows appended to logs/compare/warm_stepup/compare_server001_s1_20261004T161823Z/query_timing_stackoverflow_1gb.csv
Per-copy samples appended to logs/compare/warm_stepup/compare_server001_s1_20261004T161823Z/query_samples_stackoverflow_1gb.csv
Idle baselines appended to logs/compare/warm_stepup/compare_server001_s1_20261004T161823Z/query_idle_stackoverflow_1gb.csv
Machine identity appended to logs/compare/warm_stepup/compare_server001_s1_20261004T161823Z/query_runinfo_stackoverflow_1gb.csv
Last batch ended at epoch 1791141089.472 (PREV_END_EPOCH for the next invocation)
===== [279/324] queries/stackoverflow/SQLStorm/13386.sql run_id=188494314F2138F4 =====
query_runner configuration:
  QUERY_DIR         = queries/stackoverflow/SQLStorm/13386.sql
  LOGS_DIR          = logs/compare/warm_stepup/compare_server001_s1_20261004T161823Z  (query_timing_/query_samples_/query_catalog_stackoverflow_1gb.csv)
  DB_NAME / DB_USER = stackoverflow_1gb / postgres
  PGPORT            = 5432  (server reports 18.6)
  RUN_ID            = 188494314F2138F4
  WARMUP            = 2 single-copy warm-ups (the first primes the cache)
  BATCH_SIZES       = 1 16  x RUNS=1 measured batches each
  WORKERS           = (planner default)
  STATEMENT_TIMEOUT = 15
  THERMAL_EQUALISE  = gate (T_LO=40 T_HI=60 preheat<=60s cooldown<=120s)
  sensors           = pkg:/sys/class/hwmon/hwmon8/temp1_input cores:4 cpufreq:8 throttle:8/8
  WARMUP_FAIL_SKIP  = on (a failed warm-up skips the query's measured batches)
  IDLE_BASELINE_S   = 5.0 s before each query's measured batches
  SIGLESS_ADDR      = (disabled)
Found 1 query under queries/stackoverflow/SQLStorm/13386.sql

RAPL: powercap, 1 package, domains: pkg core gpu/uncore dram

[1/1] queries/stackoverflow/SQLStorm/13386.sql (2 warmup + step-up 1 16 x1)
  warmup 1/2: 2.048723 sec (cache prime)
  warmup 2/2: 1.823125 sec
  idle baseline: 5.0s, package 0.463 W, dram 0.256 W
  N=1   batch 1/1: 1.822735 sec, 1 copy (server sum 1766.100 ms)
  N=16  batch 1/1: 27.310054 sec, 16 copies (server sum 27239.116 ms)
  done: 2 sizes x 1 run (0 failures)

Done. Batch rows appended to logs/compare/warm_stepup/compare_server001_s1_20261004T161823Z/query_timing_stackoverflow_1gb.csv
Per-copy samples appended to logs/compare/warm_stepup/compare_server001_s1_20261004T161823Z/query_samples_stackoverflow_1gb.csv
Idle baselines appended to logs/compare/warm_stepup/compare_server001_s1_20261004T161823Z/query_idle_stackoverflow_1gb.csv
Machine identity appended to logs/compare/warm_stepup/compare_server001_s1_20261004T161823Z/query_runinfo_stackoverflow_1gb.csv
Last batch ended at epoch 1791141131.189 (PREV_END_EPOCH for the next invocation)
===== [280/324] queries/stackoverflow/SQLStorm/10646.sql run_id=04D809BE4B25D1C9 =====
query_runner configuration:
  QUERY_DIR         = queries/stackoverflow/SQLStorm/10646.sql
  LOGS_DIR          = logs/compare/warm_stepup/compare_server001_s1_20261004T161823Z  (query_timing_/query_samples_/query_catalog_stackoverflow_1gb.csv)
  DB_NAME / DB_USER = stackoverflow_1gb / postgres
  PGPORT            = 5432  (server reports 18.6)
  RUN_ID            = 04D809BE4B25D1C9
  WARMUP            = 2 single-copy warm-ups (the first primes the cache)
  BATCH_SIZES       = 1 16  x RUNS=1 measured batches each
  WORKERS           = (planner default)
  STATEMENT_TIMEOUT = 15
  THERMAL_EQUALISE  = gate (T_LO=40 T_HI=60 preheat<=60s cooldown<=120s)
  sensors           = pkg:/sys/class/hwmon/hwmon8/temp1_input cores:4 cpufreq:8 throttle:8/8
  WARMUP_FAIL_SKIP  = on (a failed warm-up skips the query's measured batches)
  IDLE_BASELINE_S   = 5.0 s before each query's measured batches
  SIGLESS_ADDR      = (disabled)
Found 1 query under queries/stackoverflow/SQLStorm/10646.sql

RAPL: powercap, 1 package, domains: pkg core gpu/uncore dram

[1/1] queries/stackoverflow/SQLStorm/10646.sql (2 warmup + step-up 1 16 x1)
  warmup 1/2: 0.384961 sec (cache prime)
  warmup 2/2: 0.221222 sec
  idle baseline: 5.0s, package 0.455 W, dram 0.256 W
  N=1   batch 1/1: 0.221377 sec, 1 copy (server sum 165.442 ms)
  N=16  batch 1/1: 2.710096 sec, 16 copies (server sum 2641.261 ms)
  done: 2 sizes x 1 run (0 failures)

Done. Batch rows appended to logs/compare/warm_stepup/compare_server001_s1_20261004T161823Z/query_timing_stackoverflow_1gb.csv
Per-copy samples appended to logs/compare/warm_stepup/compare_server001_s1_20261004T161823Z/query_samples_stackoverflow_1gb.csv
Idle baselines appended to logs/compare/warm_stepup/compare_server001_s1_20261004T161823Z/query_idle_stackoverflow_1gb.csv
Machine identity appended to logs/compare/warm_stepup/compare_server001_s1_20261004T161823Z/query_runinfo_stackoverflow_1gb.csv
Last batch ended at epoch 1791141143.204 (PREV_END_EPOCH for the next invocation)
===== [281/324] compare/probes/probe_cpu.sql run_id=F5480774E0103E5C =====
query_runner configuration:
  QUERY_DIR         = compare/probes/probe_cpu.sql
  LOGS_DIR          = logs/compare/warm_stepup/compare_server001_s1_20261004T161823Z  (query_timing_/query_samples_/query_catalog_stackoverflow_1gb.csv)
  DB_NAME / DB_USER = stackoverflow_1gb / postgres
  PGPORT            = 5432  (server reports 18.6)
  RUN_ID            = F5480774E0103E5C
  WARMUP            = 2 single-copy warm-ups (the first primes the cache)
  BATCH_SIZES       = 1 16  x RUNS=1 measured batches each
  WORKERS           = (planner default)
  STATEMENT_TIMEOUT = 15
  THERMAL_EQUALISE  = gate (T_LO=40 T_HI=60 preheat<=60s cooldown<=120s)
  sensors           = pkg:/sys/class/hwmon/hwmon8/temp1_input cores:4 cpufreq:8 throttle:8/8
  WARMUP_FAIL_SKIP  = on (a failed warm-up skips the query's measured batches)
  IDLE_BASELINE_S   = 5.0 s before each query's measured batches
  SIGLESS_ADDR      = (disabled)
Found 1 query under compare/probes/probe_cpu.sql

RAPL: powercap, 1 package, domains: pkg core gpu/uncore dram

[1/1] compare/probes/probe_cpu.sql (2 warmup + step-up 1 16 x1)
  warmup 1/2: 1.749417 sec (cache prime)
  warmup 2/2: 1.623449 sec
  idle baseline: 5.0s, package 0.471 W, dram 0.255 W
  N=1   batch 1/1: 1.642017 sec, 0 copies
  N=16  batch 1/1: 24.915934 sec, 0 copies
  done: 2 sizes x 1 run (0 failures)

Done. Batch rows appended to logs/compare/warm_stepup/compare_server001_s1_20261004T161823Z/query_timing_stackoverflow_1gb.csv
Per-copy samples appended to logs/compare/warm_stepup/compare_server001_s1_20261004T161823Z/query_samples_stackoverflow_1gb.csv
Idle baselines appended to logs/compare/warm_stepup/compare_server001_s1_20261004T161823Z/query_idle_stackoverflow_1gb.csv
Machine identity appended to logs/compare/warm_stepup/compare_server001_s1_20261004T161823Z/query_runinfo_stackoverflow_1gb.csv
Last batch ended at epoch 1791141181.674 (PREV_END_EPOCH for the next invocation)
===== [282/324] queries/stackoverflow/SQLStorm/10937.sql run_id=59C2FE6D69A24971 =====
query_runner configuration:
  QUERY_DIR         = queries/stackoverflow/SQLStorm/10937.sql
  LOGS_DIR          = logs/compare/warm_stepup/compare_server001_s1_20261004T161823Z  (query_timing_/query_samples_/query_catalog_stackoverflow_1gb.csv)
  DB_NAME / DB_USER = stackoverflow_1gb / postgres
  PGPORT            = 5432  (server reports 18.6)
  RUN_ID            = 59C2FE6D69A24971
  WARMUP            = 2 single-copy warm-ups (the first primes the cache)
  BATCH_SIZES       = 1 16  x RUNS=1 measured batches each
  WORKERS           = (planner default)
  STATEMENT_TIMEOUT = 15
  THERMAL_EQUALISE  = gate (T_LO=40 T_HI=60 preheat<=60s cooldown<=120s)
  sensors           = pkg:/sys/class/hwmon/hwmon8/temp1_input cores:4 cpufreq:8 throttle:8/8
  WARMUP_FAIL_SKIP  = on (a failed warm-up skips the query's measured batches)
  IDLE_BASELINE_S   = 5.0 s before each query's measured batches
  SIGLESS_ADDR      = (disabled)
Found 1 query under queries/stackoverflow/SQLStorm/10937.sql

RAPL: powercap, 1 package, domains: pkg core gpu/uncore dram

[1/1] queries/stackoverflow/SQLStorm/10937.sql (2 warmup + step-up 1 16 x1)
  warmup 1/2: 0.579069 sec (cache prime)
  warmup 2/2: 0.340296 sec
  idle baseline: 5.0s, package 0.476 W, dram 0.256 W
  N=1   batch 1/1: 0.339103 sec, 1 copy (server sum 282.896 ms)
  N=16  batch 1/1: 4.492927 sec, 16 copies (server sum 4422.853 ms)
  done: 2 sizes x 1 run (0 failures)

Done. Batch rows appended to logs/compare/warm_stepup/compare_server001_s1_20261004T161823Z/query_timing_stackoverflow_1gb.csv
Per-copy samples appended to logs/compare/warm_stepup/compare_server001_s1_20261004T161823Z/query_samples_stackoverflow_1gb.csv
Idle baselines appended to logs/compare/warm_stepup/compare_server001_s1_20261004T161823Z/query_idle_stackoverflow_1gb.csv
Machine identity appended to logs/compare/warm_stepup/compare_server001_s1_20261004T161823Z/query_runinfo_stackoverflow_1gb.csv
Last batch ended at epoch 1791141195.525 (PREV_END_EPOCH for the next invocation)
===== [283/324] queries/stackoverflow/SQLStorm/11211.sql run_id=C7EA9E1B9E921762 =====
query_runner configuration:
  QUERY_DIR         = queries/stackoverflow/SQLStorm/11211.sql
  LOGS_DIR          = logs/compare/warm_stepup/compare_server001_s1_20261004T161823Z  (query_timing_/query_samples_/query_catalog_stackoverflow_1gb.csv)
  DB_NAME / DB_USER = stackoverflow_1gb / postgres
  PGPORT            = 5432  (server reports 18.6)
  RUN_ID            = C7EA9E1B9E921762
  WARMUP            = 2 single-copy warm-ups (the first primes the cache)
  BATCH_SIZES       = 1 16  x RUNS=1 measured batches each
  WORKERS           = (planner default)
  STATEMENT_TIMEOUT = 15
  THERMAL_EQUALISE  = gate (T_LO=40 T_HI=60 preheat<=60s cooldown<=120s)
  sensors           = pkg:/sys/class/hwmon/hwmon8/temp1_input cores:4 cpufreq:8 throttle:8/8
  WARMUP_FAIL_SKIP  = on (a failed warm-up skips the query's measured batches)
  IDLE_BASELINE_S   = 5.0 s before each query's measured batches
  SIGLESS_ADDR      = (disabled)
Found 1 query under queries/stackoverflow/SQLStorm/11211.sql

RAPL: powercap, 1 package, domains: pkg core gpu/uncore dram

[1/1] queries/stackoverflow/SQLStorm/11211.sql (2 warmup + step-up 1 16 x1)
  warmup 1/2: 4.377052 sec (cache prime)
  warmup 2/2: 3.741733 sec
  idle baseline: 5.0s, package 0.484 W, dram 0.256 W
  N=1   batch 1/1: 3.699000 sec, 1 copy (server sum 3640.915 ms)
  N=16  batch 1/1: 57.680380 sec, 16 copies (server sum 57593.109 ms)
  done: 2 sizes x 1 run (0 failures)

Done. Batch rows appended to logs/compare/warm_stepup/compare_server001_s1_20261004T161823Z/query_timing_stackoverflow_1gb.csv
Per-copy samples appended to logs/compare/warm_stepup/compare_server001_s1_20261004T161823Z/query_samples_stackoverflow_1gb.csv
Idle baselines appended to logs/compare/warm_stepup/compare_server001_s1_20261004T161823Z/query_idle_stackoverflow_1gb.csv
Machine identity appended to logs/compare/warm_stepup/compare_server001_s1_20261004T161823Z/query_runinfo_stackoverflow_1gb.csv
Last batch ended at epoch 1791141273.293 (PREV_END_EPOCH for the next invocation)
===== [284/324] queries/stackoverflow/SQLStorm/14510.sql run_id=6406DC03AFD783F3 =====
query_runner configuration:
  QUERY_DIR         = queries/stackoverflow/SQLStorm/14510.sql
  LOGS_DIR          = logs/compare/warm_stepup/compare_server001_s1_20261004T161823Z  (query_timing_/query_samples_/query_catalog_stackoverflow_1gb.csv)
  DB_NAME / DB_USER = stackoverflow_1gb / postgres
  PGPORT            = 5432  (server reports 18.6)
  RUN_ID            = 6406DC03AFD783F3
  WARMUP            = 2 single-copy warm-ups (the first primes the cache)
  BATCH_SIZES       = 1 16  x RUNS=1 measured batches each
  WORKERS           = (planner default)
  STATEMENT_TIMEOUT = 15
  THERMAL_EQUALISE  = gate (T_LO=40 T_HI=60 preheat<=60s cooldown<=120s)
  sensors           = pkg:/sys/class/hwmon/hwmon8/temp1_input cores:4 cpufreq:8 throttle:8/8
  WARMUP_FAIL_SKIP  = on (a failed warm-up skips the query's measured batches)
  IDLE_BASELINE_S   = 5.0 s before each query's measured batches
  SIGLESS_ADDR      = (disabled)
Found 1 query under queries/stackoverflow/SQLStorm/14510.sql

RAPL: powercap, 1 package, domains: pkg core gpu/uncore dram

[1/1] queries/stackoverflow/SQLStorm/14510.sql (2 warmup + step-up 1 16 x1)
  warmup 1/2: 4.474052 sec (cache prime)
  warmup 2/2: 3.406065 sec
  idle baseline: 5.0s, package 0.505 W, dram 0.258 W
  N=1   batch 1/1: 3.401748 sec, 1 copy (server sum 3344.435 ms)
  N=16  batch 1/1: 53.956822 sec, 16 copies (server sum 53872.158 ms)
  done: 2 sizes x 1 run (0 failures)

Done. Batch rows appended to logs/compare/warm_stepup/compare_server001_s1_20261004T161823Z/query_timing_stackoverflow_1gb.csv
Per-copy samples appended to logs/compare/warm_stepup/compare_server001_s1_20261004T161823Z/query_samples_stackoverflow_1gb.csv
Idle baselines appended to logs/compare/warm_stepup/compare_server001_s1_20261004T161823Z/query_idle_stackoverflow_1gb.csv
Machine identity appended to logs/compare/warm_stepup/compare_server001_s1_20261004T161823Z/query_runinfo_stackoverflow_1gb.csv
Last batch ended at epoch 1791141347.062 (PREV_END_EPOCH for the next invocation)
===== [285/324] queries/stackoverflow/SQLStorm/8072.sql run_id=8ECB1E32C9D23967 =====
query_runner configuration:
  QUERY_DIR         = queries/stackoverflow/SQLStorm/8072.sql
  LOGS_DIR          = logs/compare/warm_stepup/compare_server001_s1_20261004T161823Z  (query_timing_/query_samples_/query_catalog_stackoverflow_1gb.csv)
  DB_NAME / DB_USER = stackoverflow_1gb / postgres
  PGPORT            = 5432  (server reports 18.6)
  RUN_ID            = 8ECB1E32C9D23967
  WARMUP            = 2 single-copy warm-ups (the first primes the cache)
  BATCH_SIZES       = 1 16  x RUNS=1 measured batches each
  WORKERS           = (planner default)
  STATEMENT_TIMEOUT = 15
  THERMAL_EQUALISE  = gate (T_LO=40 T_HI=60 preheat<=60s cooldown<=120s)
  sensors           = pkg:/sys/class/hwmon/hwmon8/temp1_input cores:4 cpufreq:8 throttle:8/8
  WARMUP_FAIL_SKIP  = on (a failed warm-up skips the query's measured batches)
  IDLE_BASELINE_S   = 5.0 s before each query's measured batches
  SIGLESS_ADDR      = (disabled)
Found 1 query under queries/stackoverflow/SQLStorm/8072.sql

RAPL: powercap, 1 package, domains: pkg core gpu/uncore dram

[1/1] queries/stackoverflow/SQLStorm/8072.sql (2 warmup + step-up 1 16 x1)
  warmup 1/2: 3.033497 sec (cache prime)
  warmup 2/2: 2.508051 sec
  idle baseline: 5.0s, package 0.492 W, dram 0.257 W
  N=1   batch 1/1: 2.523864 sec, 1 copy (server sum 2464.978 ms)
  N=16  batch 1/1: 37.337324 sec, 16 copies (server sum 37243.124 ms)
  done: 2 sizes x 1 run (0 failures)

Done. Batch rows appended to logs/compare/warm_stepup/compare_server001_s1_20261004T161823Z/query_timing_stackoverflow_1gb.csv
Per-copy samples appended to logs/compare/warm_stepup/compare_server001_s1_20261004T161823Z/query_samples_stackoverflow_1gb.csv
Idle baselines appended to logs/compare/warm_stepup/compare_server001_s1_20261004T161823Z/query_idle_stackoverflow_1gb.csv
Machine identity appended to logs/compare/warm_stepup/compare_server001_s1_20261004T161823Z/query_runinfo_stackoverflow_1gb.csv
Last batch ended at epoch 1791141401.015 (PREV_END_EPOCH for the next invocation)
===== [286/324] queries/stackoverflow/SQLStorm/2243.sql run_id=6C423CA290279BEA =====
query_runner configuration:
  QUERY_DIR         = queries/stackoverflow/SQLStorm/2243.sql
  LOGS_DIR          = logs/compare/warm_stepup/compare_server001_s1_20261004T161823Z  (query_timing_/query_samples_/query_catalog_stackoverflow_1gb.csv)
  DB_NAME / DB_USER = stackoverflow_1gb / postgres
  PGPORT            = 5432  (server reports 18.6)
  RUN_ID            = 6C423CA290279BEA
  WARMUP            = 2 single-copy warm-ups (the first primes the cache)
  BATCH_SIZES       = 1 16  x RUNS=1 measured batches each
  WORKERS           = (planner default)
  STATEMENT_TIMEOUT = 15
  THERMAL_EQUALISE  = gate (T_LO=40 T_HI=60 preheat<=60s cooldown<=120s)
  sensors           = pkg:/sys/class/hwmon/hwmon8/temp1_input cores:4 cpufreq:8 throttle:8/8
  WARMUP_FAIL_SKIP  = on (a failed warm-up skips the query's measured batches)
  IDLE_BASELINE_S   = 5.0 s before each query's measured batches
  SIGLESS_ADDR      = (disabled)
Found 1 query under queries/stackoverflow/SQLStorm/2243.sql

RAPL: powercap, 1 package, domains: pkg core gpu/uncore dram

[1/1] queries/stackoverflow/SQLStorm/2243.sql (2 warmup + step-up 1 16 x1)
  warmup 1/2: 1.651035 sec (cache prime)
  warmup 2/2: 1.368612 sec
  idle baseline: 5.0s, package 0.438 W, dram 0.254 W
  N=1   batch 1/1: 1.364331 sec, 1 copy (server sum 1306.297 ms)
  N=16  batch 1/1: 19.948273 sec, 16 copies (server sum 19859.666 ms)
  done: 2 sizes x 1 run (0 failures)

Done. Batch rows appended to logs/compare/warm_stepup/compare_server001_s1_20261004T161823Z/query_timing_stackoverflow_1gb.csv
Per-copy samples appended to logs/compare/warm_stepup/compare_server001_s1_20261004T161823Z/query_samples_stackoverflow_1gb.csv
Idle baselines appended to logs/compare/warm_stepup/compare_server001_s1_20261004T161823Z/query_idle_stackoverflow_1gb.csv
Machine identity appended to logs/compare/warm_stepup/compare_server001_s1_20261004T161823Z/query_runinfo_stackoverflow_1gb.csv
Last batch ended at epoch 1791141433.901 (PREV_END_EPOCH for the next invocation)
===== [287/324] queries/stackoverflow/SQLStorm/13737.sql run_id=2AD990C979F04724 =====
query_runner configuration:
  QUERY_DIR         = queries/stackoverflow/SQLStorm/13737.sql
  LOGS_DIR          = logs/compare/warm_stepup/compare_server001_s1_20261004T161823Z  (query_timing_/query_samples_/query_catalog_stackoverflow_1gb.csv)
  DB_NAME / DB_USER = stackoverflow_1gb / postgres
  PGPORT            = 5432  (server reports 18.6)
  RUN_ID            = 2AD990C979F04724
  WARMUP            = 2 single-copy warm-ups (the first primes the cache)
  BATCH_SIZES       = 1 16  x RUNS=1 measured batches each
  WORKERS           = (planner default)
  STATEMENT_TIMEOUT = 15
  THERMAL_EQUALISE  = gate (T_LO=40 T_HI=60 preheat<=60s cooldown<=120s)
  sensors           = pkg:/sys/class/hwmon/hwmon8/temp1_input cores:4 cpufreq:8 throttle:8/8
  WARMUP_FAIL_SKIP  = on (a failed warm-up skips the query's measured batches)
  IDLE_BASELINE_S   = 5.0 s before each query's measured batches
  SIGLESS_ADDR      = (disabled)
Found 1 query under queries/stackoverflow/SQLStorm/13737.sql

RAPL: powercap, 1 package, domains: pkg core gpu/uncore dram

[1/1] queries/stackoverflow/SQLStorm/13737.sql (2 warmup + step-up 1 16 x1)
  warmup 1/2: 0.636016 sec (cache prime)
  warmup 2/2: 0.329327 sec
  idle baseline: 5.0s, package 0.450 W, dram 0.256 W
  N=1   batch 1/1: 0.320752 sec, 1 copy (server sum 265.138 ms)
  N=16  batch 1/1: 4.291477 sec, 16 copies (server sum 4222.546 ms)
  done: 2 sizes x 1 run (0 failures)

Done. Batch rows appended to logs/compare/warm_stepup/compare_server001_s1_20261004T161823Z/query_timing_stackoverflow_1gb.csv
Per-copy samples appended to logs/compare/warm_stepup/compare_server001_s1_20261004T161823Z/query_samples_stackoverflow_1gb.csv
Idle baselines appended to logs/compare/warm_stepup/compare_server001_s1_20261004T161823Z/query_idle_stackoverflow_1gb.csv
Machine identity appended to logs/compare/warm_stepup/compare_server001_s1_20261004T161823Z/query_runinfo_stackoverflow_1gb.csv
Last batch ended at epoch 1791141447.929 (PREV_END_EPOCH for the next invocation)
===== [288/324] queries/stackoverflow/SQLStorm/13330.sql run_id=BFE7965C817BE798 =====
query_runner configuration:
  QUERY_DIR         = queries/stackoverflow/SQLStorm/13330.sql
  LOGS_DIR          = logs/compare/warm_stepup/compare_server001_s1_20261004T161823Z  (query_timing_/query_samples_/query_catalog_stackoverflow_1gb.csv)
  DB_NAME / DB_USER = stackoverflow_1gb / postgres
  PGPORT            = 5432  (server reports 18.6)
  RUN_ID            = BFE7965C817BE798
  WARMUP            = 2 single-copy warm-ups (the first primes the cache)
  BATCH_SIZES       = 1 16  x RUNS=1 measured batches each
  WORKERS           = (planner default)
  STATEMENT_TIMEOUT = 15
  THERMAL_EQUALISE  = gate (T_LO=40 T_HI=60 preheat<=60s cooldown<=120s)
  sensors           = pkg:/sys/class/hwmon/hwmon8/temp1_input cores:4 cpufreq:8 throttle:8/8
  WARMUP_FAIL_SKIP  = on (a failed warm-up skips the query's measured batches)
  IDLE_BASELINE_S   = 5.0 s before each query's measured batches
  SIGLESS_ADDR      = (disabled)
Found 1 query under queries/stackoverflow/SQLStorm/13330.sql

RAPL: powercap, 1 package, domains: pkg core gpu/uncore dram

[1/1] queries/stackoverflow/SQLStorm/13330.sql (2 warmup + step-up 1 16 x1)
  warmup 1/2: 0.312992 sec (cache prime)
  warmup 2/2: 0.100834 sec
  idle baseline: 5.0s, package 0.504 W, dram 0.256 W
  N=1   batch 1/1: 0.102281 sec, 1 copy (server sum 46.728 ms)
  N=16  batch 1/1: 0.723111 sec, 16 copies (server sum 656.330 ms)
  done: 2 sizes x 1 run (0 failures)

Done. Batch rows appended to logs/compare/warm_stepup/compare_server001_s1_20261004T161823Z/query_timing_stackoverflow_1gb.csv
Per-copy samples appended to logs/compare/warm_stepup/compare_server001_s1_20261004T161823Z/query_samples_stackoverflow_1gb.csv
Idle baselines appended to logs/compare/warm_stepup/compare_server001_s1_20261004T161823Z/query_idle_stackoverflow_1gb.csv
Machine identity appended to logs/compare/warm_stepup/compare_server001_s1_20261004T161823Z/query_runinfo_stackoverflow_1gb.csv
Last batch ended at epoch 1791141457.525 (PREV_END_EPOCH for the next invocation)
===== [289/324] queries/stackoverflow/SQLStorm/32216.sql run_id=A841314445EB8F98 =====
query_runner configuration:
  QUERY_DIR         = queries/stackoverflow/SQLStorm/32216.sql
  LOGS_DIR          = logs/compare/warm_stepup/compare_server001_s1_20261004T161823Z  (query_timing_/query_samples_/query_catalog_stackoverflow_1gb.csv)
  DB_NAME / DB_USER = stackoverflow_1gb / postgres
  PGPORT            = 5432  (server reports 18.6)
  RUN_ID            = A841314445EB8F98
  WARMUP            = 2 single-copy warm-ups (the first primes the cache)
  BATCH_SIZES       = 1 16  x RUNS=1 measured batches each
  WORKERS           = (planner default)
  STATEMENT_TIMEOUT = 15
  THERMAL_EQUALISE  = gate (T_LO=40 T_HI=60 preheat<=60s cooldown<=120s)
  sensors           = pkg:/sys/class/hwmon/hwmon8/temp1_input cores:4 cpufreq:8 throttle:8/8
  WARMUP_FAIL_SKIP  = on (a failed warm-up skips the query's measured batches)
  IDLE_BASELINE_S   = 5.0 s before each query's measured batches
  SIGLESS_ADDR      = (disabled)
Found 1 query under queries/stackoverflow/SQLStorm/32216.sql

RAPL: powercap, 1 package, domains: pkg core gpu/uncore dram

[1/1] queries/stackoverflow/SQLStorm/32216.sql (2 warmup + step-up 1 16 x1)
  warmup 1/2: 4.267897 sec (cache prime)
  warmup 2/2: 3.989557 sec
  idle baseline: 5.0s, package 0.523 W, dram 0.257 W
  N=1   batch 1/1: 3.995083 sec, 1 copy (server sum 3936.546 ms)
  N=16  batch 1/1: 60.862884 sec, 16 copies (server sum 60767.735 ms)
  done: 2 sizes x 1 run (0 failures)

Done. Batch rows appended to logs/compare/warm_stepup/compare_server001_s1_20261004T161823Z/query_timing_stackoverflow_1gb.csv
Per-copy samples appended to logs/compare/warm_stepup/compare_server001_s1_20261004T161823Z/query_samples_stackoverflow_1gb.csv
Idle baselines appended to logs/compare/warm_stepup/compare_server001_s1_20261004T161823Z/query_idle_stackoverflow_1gb.csv
Machine identity appended to logs/compare/warm_stepup/compare_server001_s1_20261004T161823Z/query_runinfo_stackoverflow_1gb.csv
Last batch ended at epoch 1791141538.904 (PREV_END_EPOCH for the next invocation)
===== [290/324] queries/stackoverflow/SQLStorm/12128.sql run_id=4F459954AAB9D52F =====
query_runner configuration:
  QUERY_DIR         = queries/stackoverflow/SQLStorm/12128.sql
  LOGS_DIR          = logs/compare/warm_stepup/compare_server001_s1_20261004T161823Z  (query_timing_/query_samples_/query_catalog_stackoverflow_1gb.csv)
  DB_NAME / DB_USER = stackoverflow_1gb / postgres
  PGPORT            = 5432  (server reports 18.6)
  RUN_ID            = 4F459954AAB9D52F
  WARMUP            = 2 single-copy warm-ups (the first primes the cache)
  BATCH_SIZES       = 1 16  x RUNS=1 measured batches each
  WORKERS           = (planner default)
  STATEMENT_TIMEOUT = 15
  THERMAL_EQUALISE  = gate (T_LO=40 T_HI=60 preheat<=60s cooldown<=120s)
  sensors           = pkg:/sys/class/hwmon/hwmon8/temp1_input cores:4 cpufreq:8 throttle:8/8
  WARMUP_FAIL_SKIP  = on (a failed warm-up skips the query's measured batches)
  IDLE_BASELINE_S   = 5.0 s before each query's measured batches
  SIGLESS_ADDR      = (disabled)
Found 1 query under queries/stackoverflow/SQLStorm/12128.sql

RAPL: powercap, 1 package, domains: pkg core gpu/uncore dram

[1/1] queries/stackoverflow/SQLStorm/12128.sql (2 warmup + step-up 1 16 x1)
  warmup 1/2: 3.731981 sec (cache prime)
  warmup 2/2: 3.484856 sec
  idle baseline: 5.0s, package 0.444 W, dram 0.256 W
  N=1   batch 1/1: 3.495195 sec, 1 copy (server sum 3437.733 ms)
  N=16  batch 1/1: 53.815095 sec, 16 copies (server sum 53735.274 ms)
  done: 2 sizes x 1 run (0 failures)

Done. Batch rows appended to logs/compare/warm_stepup/compare_server001_s1_20261004T161823Z/query_timing_stackoverflow_1gb.csv
Per-copy samples appended to logs/compare/warm_stepup/compare_server001_s1_20261004T161823Z/query_samples_stackoverflow_1gb.csv
Idle baselines appended to logs/compare/warm_stepup/compare_server001_s1_20261004T161823Z/query_idle_stackoverflow_1gb.csv
Machine identity appended to logs/compare/warm_stepup/compare_server001_s1_20261004T161823Z/query_runinfo_stackoverflow_1gb.csv
Last batch ended at epoch 1791141611.911 (PREV_END_EPOCH for the next invocation)
===== [291/324] queries/stackoverflow/SQLStorm/17234.sql run_id=6017F7B859964A2A =====
query_runner configuration:
  QUERY_DIR         = queries/stackoverflow/SQLStorm/17234.sql
  LOGS_DIR          = logs/compare/warm_stepup/compare_server001_s1_20261004T161823Z  (query_timing_/query_samples_/query_catalog_stackoverflow_1gb.csv)
  DB_NAME / DB_USER = stackoverflow_1gb / postgres
  PGPORT            = 5432  (server reports 18.6)
  RUN_ID            = 6017F7B859964A2A
  WARMUP            = 2 single-copy warm-ups (the first primes the cache)
  BATCH_SIZES       = 1 16  x RUNS=1 measured batches each
  WORKERS           = (planner default)
  STATEMENT_TIMEOUT = 15
  THERMAL_EQUALISE  = gate (T_LO=40 T_HI=60 preheat<=60s cooldown<=120s)
  sensors           = pkg:/sys/class/hwmon/hwmon8/temp1_input cores:4 cpufreq:8 throttle:8/8
  WARMUP_FAIL_SKIP  = on (a failed warm-up skips the query's measured batches)
  IDLE_BASELINE_S   = 5.0 s before each query's measured batches
  SIGLESS_ADDR      = (disabled)
Found 1 query under queries/stackoverflow/SQLStorm/17234.sql

RAPL: powercap, 1 package, domains: pkg core gpu/uncore dram

[1/1] queries/stackoverflow/SQLStorm/17234.sql (2 warmup + step-up 1 16 x1)
  warmup 1/2: 0.699130 sec (cache prime)
  warmup 2/2: 0.563680 sec
  idle baseline: 5.0s, package 0.499 W, dram 0.256 W
  N=1   batch 1/1: 0.573730 sec, 1 copy (server sum 517.148 ms)
  N=16  batch 1/1: 7.549954 sec, 16 copies (server sum 7456.505 ms)
  done: 2 sizes x 1 run (0 failures)

Done. Batch rows appended to logs/compare/warm_stepup/compare_server001_s1_20261004T161823Z/query_timing_stackoverflow_1gb.csv
Per-copy samples appended to logs/compare/warm_stepup/compare_server001_s1_20261004T161823Z/query_samples_stackoverflow_1gb.csv
Idle baselines appended to logs/compare/warm_stepup/compare_server001_s1_20261004T161823Z/query_idle_stackoverflow_1gb.csv
Machine identity appended to logs/compare/warm_stepup/compare_server001_s1_20261004T161823Z/query_runinfo_stackoverflow_1gb.csv
Last batch ended at epoch 1791141629.560 (PREV_END_EPOCH for the next invocation)
===== [292/324] queries/stackoverflow/SQLStorm/14349.sql run_id=481A329D7C12361C =====
query_runner configuration:
  QUERY_DIR         = queries/stackoverflow/SQLStorm/14349.sql
  LOGS_DIR          = logs/compare/warm_stepup/compare_server001_s1_20261004T161823Z  (query_timing_/query_samples_/query_catalog_stackoverflow_1gb.csv)
  DB_NAME / DB_USER = stackoverflow_1gb / postgres
  PGPORT            = 5432  (server reports 18.6)
  RUN_ID            = 481A329D7C12361C
  WARMUP            = 2 single-copy warm-ups (the first primes the cache)
  BATCH_SIZES       = 1 16  x RUNS=1 measured batches each
  WORKERS           = (planner default)
  STATEMENT_TIMEOUT = 15
  THERMAL_EQUALISE  = gate (T_LO=40 T_HI=60 preheat<=60s cooldown<=120s)
  sensors           = pkg:/sys/class/hwmon/hwmon8/temp1_input cores:4 cpufreq:8 throttle:8/8
  WARMUP_FAIL_SKIP  = on (a failed warm-up skips the query's measured batches)
  IDLE_BASELINE_S   = 5.0 s before each query's measured batches
  SIGLESS_ADDR      = (disabled)
Found 1 query under queries/stackoverflow/SQLStorm/14349.sql

RAPL: powercap, 1 package, domains: pkg core gpu/uncore dram

[1/1] queries/stackoverflow/SQLStorm/14349.sql (2 warmup + step-up 1 16 x1)
  warmup 1/2: 3.705021 sec (cache prime)
  warmup 2/2: 3.307829 sec
  idle baseline: 5.0s, package 0.507 W, dram 0.256 W
  N=1   batch 1/1: 3.313700 sec, 1 copy (server sum 3257.861 ms)
  N=16  batch 1/1: 51.475491 sec, 16 copies (server sum 51408.752 ms)
  done: 2 sizes x 1 run (0 failures)

Done. Batch rows appended to logs/compare/warm_stepup/compare_server001_s1_20261004T161823Z/query_timing_stackoverflow_1gb.csv
Per-copy samples appended to logs/compare/warm_stepup/compare_server001_s1_20261004T161823Z/query_samples_stackoverflow_1gb.csv
Idle baselines appended to logs/compare/warm_stepup/compare_server001_s1_20261004T161823Z/query_idle_stackoverflow_1gb.csv
Machine identity appended to logs/compare/warm_stepup/compare_server001_s1_20261004T161823Z/query_runinfo_stackoverflow_1gb.csv
Last batch ended at epoch 1791141699.737 (PREV_END_EPOCH for the next invocation)
===== [293/324] queries/stackoverflow/SQLStorm/15173.sql run_id=63DC641DDF8C2A00 =====
query_runner configuration:
  QUERY_DIR         = queries/stackoverflow/SQLStorm/15173.sql
  LOGS_DIR          = logs/compare/warm_stepup/compare_server001_s1_20261004T161823Z  (query_timing_/query_samples_/query_catalog_stackoverflow_1gb.csv)
  DB_NAME / DB_USER = stackoverflow_1gb / postgres
  PGPORT            = 5432  (server reports 18.6)
  RUN_ID            = 63DC641DDF8C2A00
  WARMUP            = 2 single-copy warm-ups (the first primes the cache)
  BATCH_SIZES       = 1 16  x RUNS=1 measured batches each
  WORKERS           = (planner default)
  STATEMENT_TIMEOUT = 15
  THERMAL_EQUALISE  = gate (T_LO=40 T_HI=60 preheat<=60s cooldown<=120s)
  sensors           = pkg:/sys/class/hwmon/hwmon8/temp1_input cores:4 cpufreq:8 throttle:8/8
  WARMUP_FAIL_SKIP  = on (a failed warm-up skips the query's measured batches)
  IDLE_BASELINE_S   = 5.0 s before each query's measured batches
  SIGLESS_ADDR      = (disabled)
Found 1 query under queries/stackoverflow/SQLStorm/15173.sql

RAPL: powercap, 1 package, domains: pkg core gpu/uncore dram

[1/1] queries/stackoverflow/SQLStorm/15173.sql (2 warmup + step-up 1 16 x1)
  warmup 1/2: 1.304252 sec (cache prime)
  warmup 2/2: 1.040016 sec
  idle baseline: 5.0s, package 0.444 W, dram 0.255 W
  N=1   batch 1/1: 1.027306 sec, 1 copy (server sum 970.901 ms)
  N=16  batch 1/1: 14.761494 sec, 16 copies (server sum 14678.964 ms)
  done: 2 sizes x 1 run (0 failures)

Done. Batch rows appended to logs/compare/warm_stepup/compare_server001_s1_20261004T161823Z/query_timing_stackoverflow_1gb.csv
Per-copy samples appended to logs/compare/warm_stepup/compare_server001_s1_20261004T161823Z/query_samples_stackoverflow_1gb.csv
Idle baselines appended to logs/compare/warm_stepup/compare_server001_s1_20261004T161823Z/query_idle_stackoverflow_1gb.csv
Machine identity appended to logs/compare/warm_stepup/compare_server001_s1_20261004T161823Z/query_runinfo_stackoverflow_1gb.csv
Last batch ended at epoch 1791141726.390 (PREV_END_EPOCH for the next invocation)
===== [294/324] queries/stackoverflow/SQLStorm/12477.sql run_id=E2AE852903881AE7 =====
query_runner configuration:
  QUERY_DIR         = queries/stackoverflow/SQLStorm/12477.sql
  LOGS_DIR          = logs/compare/warm_stepup/compare_server001_s1_20261004T161823Z  (query_timing_/query_samples_/query_catalog_stackoverflow_1gb.csv)
  DB_NAME / DB_USER = stackoverflow_1gb / postgres
  PGPORT            = 5432  (server reports 18.6)
  RUN_ID            = E2AE852903881AE7
  WARMUP            = 2 single-copy warm-ups (the first primes the cache)
  BATCH_SIZES       = 1 16  x RUNS=1 measured batches each
  WORKERS           = (planner default)
  STATEMENT_TIMEOUT = 15
  THERMAL_EQUALISE  = gate (T_LO=40 T_HI=60 preheat<=60s cooldown<=120s)
  sensors           = pkg:/sys/class/hwmon/hwmon8/temp1_input cores:4 cpufreq:8 throttle:8/8
  WARMUP_FAIL_SKIP  = on (a failed warm-up skips the query's measured batches)
  IDLE_BASELINE_S   = 5.0 s before each query's measured batches
  SIGLESS_ADDR      = (disabled)
Found 1 query under queries/stackoverflow/SQLStorm/12477.sql

RAPL: powercap, 1 package, domains: pkg core gpu/uncore dram

[1/1] queries/stackoverflow/SQLStorm/12477.sql (2 warmup + step-up 1 16 x1)
  warmup 1/2: 2.655377 sec (cache prime)
  warmup 2/2: 2.418010 sec
  idle baseline: 5.0s, package 0.462 W, dram 0.256 W
  N=1   batch 1/1: 2.415085 sec, 1 copy (server sum 2357.472 ms)
  N=16  batch 1/1: 36.335791 sec, 16 copies (server sum 36255.812 ms)
  done: 2 sizes x 1 run (0 failures)

Done. Batch rows appended to logs/compare/warm_stepup/compare_server001_s1_20261004T161823Z/query_timing_stackoverflow_1gb.csv
Per-copy samples appended to logs/compare/warm_stepup/compare_server001_s1_20261004T161823Z/query_samples_stackoverflow_1gb.csv
Idle baselines appended to logs/compare/warm_stepup/compare_server001_s1_20261004T161823Z/query_idle_stackoverflow_1gb.csv
Machine identity appended to logs/compare/warm_stepup/compare_server001_s1_20261004T161823Z/query_runinfo_stackoverflow_1gb.csv
Last batch ended at epoch 1791141778.943 (PREV_END_EPOCH for the next invocation)
===== [295/324] queries/stackoverflow/SQLStorm/22494.sql run_id=95EE0EB8D4F29109 =====
query_runner configuration:
  QUERY_DIR         = queries/stackoverflow/SQLStorm/22494.sql
  LOGS_DIR          = logs/compare/warm_stepup/compare_server001_s1_20261004T161823Z  (query_timing_/query_samples_/query_catalog_stackoverflow_1gb.csv)
  DB_NAME / DB_USER = stackoverflow_1gb / postgres
  PGPORT            = 5432  (server reports 18.6)
  RUN_ID            = 95EE0EB8D4F29109
  WARMUP            = 2 single-copy warm-ups (the first primes the cache)
  BATCH_SIZES       = 1 16  x RUNS=1 measured batches each
  WORKERS           = (planner default)
  STATEMENT_TIMEOUT = 15
  THERMAL_EQUALISE  = gate (T_LO=40 T_HI=60 preheat<=60s cooldown<=120s)
  sensors           = pkg:/sys/class/hwmon/hwmon8/temp1_input cores:4 cpufreq:8 throttle:8/8
  WARMUP_FAIL_SKIP  = on (a failed warm-up skips the query's measured batches)
  IDLE_BASELINE_S   = 5.0 s before each query's measured batches
  SIGLESS_ADDR      = (disabled)
Found 1 query under queries/stackoverflow/SQLStorm/22494.sql

RAPL: powercap, 1 package, domains: pkg core gpu/uncore dram

[1/1] queries/stackoverflow/SQLStorm/22494.sql (2 warmup + step-up 1 16 x1)
  warmup 1/2: 1.476750 sec (cache prime)
  warmup 2/2: 1.234581 sec
  idle baseline: 5.0s, package 0.445 W, dram 0.255 W
  N=1   batch 1/1: 1.227018 sec, 1 copy (server sum 1169.004 ms)
  N=16  batch 1/1: 17.777352 sec, 16 copies (server sum 17689.875 ms)
  done: 2 sizes x 1 run (0 failures)

Done. Batch rows appended to logs/compare/warm_stepup/compare_server001_s1_20261004T161823Z/query_timing_stackoverflow_1gb.csv
Per-copy samples appended to logs/compare/warm_stepup/compare_server001_s1_20261004T161823Z/query_samples_stackoverflow_1gb.csv
Idle baselines appended to logs/compare/warm_stepup/compare_server001_s1_20261004T161823Z/query_idle_stackoverflow_1gb.csv
Machine identity appended to logs/compare/warm_stepup/compare_server001_s1_20261004T161823Z/query_runinfo_stackoverflow_1gb.csv
Last batch ended at epoch 1791141809.234 (PREV_END_EPOCH for the next invocation)
===== [296/324] queries/stackoverflow/SQLStorm/25154.sql run_id=9E338D07CB474889 =====
query_runner configuration:
  QUERY_DIR         = queries/stackoverflow/SQLStorm/25154.sql
  LOGS_DIR          = logs/compare/warm_stepup/compare_server001_s1_20261004T161823Z  (query_timing_/query_samples_/query_catalog_stackoverflow_1gb.csv)
  DB_NAME / DB_USER = stackoverflow_1gb / postgres
  PGPORT            = 5432  (server reports 18.6)
  RUN_ID            = 9E338D07CB474889
  WARMUP            = 2 single-copy warm-ups (the first primes the cache)
  BATCH_SIZES       = 1 16  x RUNS=1 measured batches each
  WORKERS           = (planner default)
  STATEMENT_TIMEOUT = 15
  THERMAL_EQUALISE  = gate (T_LO=40 T_HI=60 preheat<=60s cooldown<=120s)
  sensors           = pkg:/sys/class/hwmon/hwmon8/temp1_input cores:4 cpufreq:8 throttle:8/8
  WARMUP_FAIL_SKIP  = on (a failed warm-up skips the query's measured batches)
  IDLE_BASELINE_S   = 5.0 s before each query's measured batches
  SIGLESS_ADDR      = (disabled)
Found 1 query under queries/stackoverflow/SQLStorm/25154.sql

RAPL: powercap, 1 package, domains: pkg core gpu/uncore dram

[1/1] queries/stackoverflow/SQLStorm/25154.sql (2 warmup + step-up 1 16 x1)
  warmup 1/2: 3.886050 sec (cache prime)
  warmup 2/2: 3.043904 sec
  idle baseline: 5.0s, package 0.456 W, dram 0.255 W
  N=1   batch 1/1: 3.032008 sec, 1 copy (server sum 2974.052 ms)
  N=16  batch 1/1: 47.413843 sec, 16 copies (server sum 47326.796 ms)
  done: 2 sizes x 1 run (0 failures)

Done. Batch rows appended to logs/compare/warm_stepup/compare_server001_s1_20261004T161823Z/query_timing_stackoverflow_1gb.csv
Per-copy samples appended to logs/compare/warm_stepup/compare_server001_s1_20261004T161823Z/query_samples_stackoverflow_1gb.csv
Idle baselines appended to logs/compare/warm_stepup/compare_server001_s1_20261004T161823Z/query_idle_stackoverflow_1gb.csv
Machine identity appended to logs/compare/warm_stepup/compare_server001_s1_20261004T161823Z/query_runinfo_stackoverflow_1gb.csv
Last batch ended at epoch 1791141875.204 (PREV_END_EPOCH for the next invocation)
===== [297/324] queries/stackoverflow/SQLStorm/2764.sql run_id=C4B16CF9FDD68DA0 =====
query_runner configuration:
  QUERY_DIR         = queries/stackoverflow/SQLStorm/2764.sql
  LOGS_DIR          = logs/compare/warm_stepup/compare_server001_s1_20261004T161823Z  (query_timing_/query_samples_/query_catalog_stackoverflow_1gb.csv)
  DB_NAME / DB_USER = stackoverflow_1gb / postgres
  PGPORT            = 5432  (server reports 18.6)
  RUN_ID            = C4B16CF9FDD68DA0
  WARMUP            = 2 single-copy warm-ups (the first primes the cache)
  BATCH_SIZES       = 1 16  x RUNS=1 measured batches each
  WORKERS           = (planner default)
  STATEMENT_TIMEOUT = 15
  THERMAL_EQUALISE  = gate (T_LO=40 T_HI=60 preheat<=60s cooldown<=120s)
  sensors           = pkg:/sys/class/hwmon/hwmon8/temp1_input cores:4 cpufreq:8 throttle:8/8
  WARMUP_FAIL_SKIP  = on (a failed warm-up skips the query's measured batches)
  IDLE_BASELINE_S   = 5.0 s before each query's measured batches
  SIGLESS_ADDR      = (disabled)
Found 1 query under queries/stackoverflow/SQLStorm/2764.sql

RAPL: powercap, 1 package, domains: pkg core gpu/uncore dram

[1/1] queries/stackoverflow/SQLStorm/2764.sql (2 warmup + step-up 1 16 x1)
  warmup 1/2: 0.706693 sec (cache prime)
  warmup 2/2: 0.480896 sec
  idle baseline: 5.0s, package 0.435 W, dram 0.255 W
  N=1   batch 1/1: 0.490029 sec, 1 copy (server sum 432.635 ms)
  N=16  batch 1/1: 6.562273 sec, 16 copies (server sum 6478.037 ms)
  done: 2 sizes x 1 run (0 failures)

Done. Batch rows appended to logs/compare/warm_stepup/compare_server001_s1_20261004T161823Z/query_timing_stackoverflow_1gb.csv
Per-copy samples appended to logs/compare/warm_stepup/compare_server001_s1_20261004T161823Z/query_samples_stackoverflow_1gb.csv
Idle baselines appended to logs/compare/warm_stepup/compare_server001_s1_20261004T161823Z/query_idle_stackoverflow_1gb.csv
Machine identity appended to logs/compare/warm_stepup/compare_server001_s1_20261004T161823Z/query_runinfo_stackoverflow_1gb.csv
Last batch ended at epoch 1791141891.826 (PREV_END_EPOCH for the next invocation)
===== [298/324] queries/stackoverflow/SQLStorm/32661.sql run_id=972EC9F5249461FB =====
query_runner configuration:
  QUERY_DIR         = queries/stackoverflow/SQLStorm/32661.sql
  LOGS_DIR          = logs/compare/warm_stepup/compare_server001_s1_20261004T161823Z  (query_timing_/query_samples_/query_catalog_stackoverflow_1gb.csv)
  DB_NAME / DB_USER = stackoverflow_1gb / postgres
  PGPORT            = 5432  (server reports 18.6)
  RUN_ID            = 972EC9F5249461FB
  WARMUP            = 2 single-copy warm-ups (the first primes the cache)
  BATCH_SIZES       = 1 16  x RUNS=1 measured batches each
  WORKERS           = (planner default)
  STATEMENT_TIMEOUT = 15
  THERMAL_EQUALISE  = gate (T_LO=40 T_HI=60 preheat<=60s cooldown<=120s)
  sensors           = pkg:/sys/class/hwmon/hwmon8/temp1_input cores:4 cpufreq:8 throttle:8/8
  WARMUP_FAIL_SKIP  = on (a failed warm-up skips the query's measured batches)
  IDLE_BASELINE_S   = 5.0 s before each query's measured batches
  SIGLESS_ADDR      = (disabled)
Found 1 query under queries/stackoverflow/SQLStorm/32661.sql

RAPL: powercap, 1 package, domains: pkg core gpu/uncore dram

[1/1] queries/stackoverflow/SQLStorm/32661.sql (2 warmup + step-up 1 16 x1)
  warmup 1/2: 5.183291 sec (cache prime)
  warmup 2/2: 4.822798 sec
  idle baseline: 5.0s, package 0.514 W, dram 0.257 W
  N=1   batch 1/1: 4.818014 sec, 1 copy (server sum 4758.061 ms)
  N=16  batch 1/1: 71.588537 sec, 16 copies (server sum 71483.169 ms)
  done: 2 sizes x 1 run (0 failures)

Done. Batch rows appended to logs/compare/warm_stepup/compare_server001_s1_20261004T161823Z/query_timing_stackoverflow_1gb.csv
Per-copy samples appended to logs/compare/warm_stepup/compare_server001_s1_20261004T161823Z/query_samples_stackoverflow_1gb.csv
Idle baselines appended to logs/compare/warm_stepup/compare_server001_s1_20261004T161823Z/query_idle_stackoverflow_1gb.csv
Machine identity appended to logs/compare/warm_stepup/compare_server001_s1_20261004T161823Z/query_runinfo_stackoverflow_1gb.csv
Last batch ended at epoch 1791141986.669 (PREV_END_EPOCH for the next invocation)
===== [299/324] queries/stackoverflow/SQLStorm/6651.sql run_id=686AD6D50294CE91 =====
query_runner configuration:
  QUERY_DIR         = queries/stackoverflow/SQLStorm/6651.sql
  LOGS_DIR          = logs/compare/warm_stepup/compare_server001_s1_20261004T161823Z  (query_timing_/query_samples_/query_catalog_stackoverflow_1gb.csv)
  DB_NAME / DB_USER = stackoverflow_1gb / postgres
  PGPORT            = 5432  (server reports 18.6)
  RUN_ID            = 686AD6D50294CE91
  WARMUP            = 2 single-copy warm-ups (the first primes the cache)
  BATCH_SIZES       = 1 16  x RUNS=1 measured batches each
  WORKERS           = (planner default)
  STATEMENT_TIMEOUT = 15
  THERMAL_EQUALISE  = gate (T_LO=40 T_HI=60 preheat<=60s cooldown<=120s)
  sensors           = pkg:/sys/class/hwmon/hwmon8/temp1_input cores:4 cpufreq:8 throttle:8/8
  WARMUP_FAIL_SKIP  = on (a failed warm-up skips the query's measured batches)
  IDLE_BASELINE_S   = 5.0 s before each query's measured batches
  SIGLESS_ADDR      = (disabled)
Found 1 query under queries/stackoverflow/SQLStorm/6651.sql

RAPL: powercap, 1 package, domains: pkg core gpu/uncore dram

[1/1] queries/stackoverflow/SQLStorm/6651.sql (2 warmup + step-up 1 16 x1)
  warmup 1/2: 0.424671 sec (cache prime)
  warmup 2/2: 0.153300 sec
  idle baseline: 5.0s, package 0.474 W, dram 0.257 W
  N=1   batch 1/1: 0.158572 sec, 1 copy (server sum 96.453 ms)
  N=16  batch 1/1: 1.533307 sec, 16 copies (server sum 1455.977 ms)
  done: 2 sizes x 1 run (0 failures)

Done. Batch rows appended to logs/compare/warm_stepup/compare_server001_s1_20261004T161823Z/query_timing_stackoverflow_1gb.csv
Per-copy samples appended to logs/compare/warm_stepup/compare_server001_s1_20261004T161823Z/query_samples_stackoverflow_1gb.csv
Idle baselines appended to logs/compare/warm_stepup/compare_server001_s1_20261004T161823Z/query_idle_stackoverflow_1gb.csv
Machine identity appended to logs/compare/warm_stepup/compare_server001_s1_20261004T161823Z/query_runinfo_stackoverflow_1gb.csv
Last batch ended at epoch 1791141997.487 (PREV_END_EPOCH for the next invocation)
===== [300/324] compare/probes/probe_hash.sql run_id=4C0DACEC437B998B =====
query_runner configuration:
  QUERY_DIR         = compare/probes/probe_hash.sql
  LOGS_DIR          = logs/compare/warm_stepup/compare_server001_s1_20261004T161823Z  (query_timing_/query_samples_/query_catalog_stackoverflow_1gb.csv)
  DB_NAME / DB_USER = stackoverflow_1gb / postgres
  PGPORT            = 5432  (server reports 18.6)
  RUN_ID            = 4C0DACEC437B998B
  WARMUP            = 2 single-copy warm-ups (the first primes the cache)
  BATCH_SIZES       = 1 16  x RUNS=1 measured batches each
  WORKERS           = (planner default)
  STATEMENT_TIMEOUT = 15
  THERMAL_EQUALISE  = gate (T_LO=40 T_HI=60 preheat<=60s cooldown<=120s)
  sensors           = pkg:/sys/class/hwmon/hwmon8/temp1_input cores:4 cpufreq:8 throttle:8/8
  WARMUP_FAIL_SKIP  = on (a failed warm-up skips the query's measured batches)
  IDLE_BASELINE_S   = 5.0 s before each query's measured batches
  SIGLESS_ADDR      = (disabled)
Found 1 query under compare/probes/probe_hash.sql

RAPL: powercap, 1 package, domains: pkg core gpu/uncore dram

[1/1] compare/probes/probe_hash.sql (2 warmup + step-up 1 16 x1)
  warmup 1/2: 1.913240 sec (cache prime)
  warmup 2/2: 1.622552 sec
  idle baseline: 5.0s, package 0.457 W, dram 0.256 W
  N=1   batch 1/1: 1.615761 sec, 0 copies
  N=16  batch 1/1: 24.442008 sec, 0 copies
  done: 2 sizes x 1 run (0 failures)

Done. Batch rows appended to logs/compare/warm_stepup/compare_server001_s1_20261004T161823Z/query_timing_stackoverflow_1gb.csv
Per-copy samples appended to logs/compare/warm_stepup/compare_server001_s1_20261004T161823Z/query_samples_stackoverflow_1gb.csv
Idle baselines appended to logs/compare/warm_stepup/compare_server001_s1_20261004T161823Z/query_idle_stackoverflow_1gb.csv
Machine identity appended to logs/compare/warm_stepup/compare_server001_s1_20261004T161823Z/query_runinfo_stackoverflow_1gb.csv
Last batch ended at epoch 1791142035.557 (PREV_END_EPOCH for the next invocation)
===== [301/324] queries/stackoverflow/SQLStorm/13512.sql run_id=0BED76A5F085E770 =====
query_runner configuration:
  QUERY_DIR         = queries/stackoverflow/SQLStorm/13512.sql
  LOGS_DIR          = logs/compare/warm_stepup/compare_server001_s1_20261004T161823Z  (query_timing_/query_samples_/query_catalog_stackoverflow_1gb.csv)
  DB_NAME / DB_USER = stackoverflow_1gb / postgres
  PGPORT            = 5432  (server reports 18.6)
  RUN_ID            = 0BED76A5F085E770
  WARMUP            = 2 single-copy warm-ups (the first primes the cache)
  BATCH_SIZES       = 1 16  x RUNS=1 measured batches each
  WORKERS           = (planner default)
  STATEMENT_TIMEOUT = 15
  THERMAL_EQUALISE  = gate (T_LO=40 T_HI=60 preheat<=60s cooldown<=120s)
  sensors           = pkg:/sys/class/hwmon/hwmon8/temp1_input cores:4 cpufreq:8 throttle:8/8
  WARMUP_FAIL_SKIP  = on (a failed warm-up skips the query's measured batches)
  IDLE_BASELINE_S   = 5.0 s before each query's measured batches
  SIGLESS_ADDR      = (disabled)
Found 1 query under queries/stackoverflow/SQLStorm/13512.sql

RAPL: powercap, 1 package, domains: pkg core gpu/uncore dram

[1/1] queries/stackoverflow/SQLStorm/13512.sql (2 warmup + step-up 1 16 x1)
  warmup 1/2: 7.168456 sec (cache prime)
  warmup 2/2: 5.697364 sec
  idle baseline: 5.0s, package 0.447 W, dram 0.257 W
  N=1   batch 1/1: 5.685456 sec, 1 copy (server sum 5628.091 ms)
  N=16  batch 1/1: 89.281778 sec, 16 copies (server sum 89200.644 ms)
  done: 2 sizes x 1 run (0 failures)

Done. Batch rows appended to logs/compare/warm_stepup/compare_server001_s1_20261004T161823Z/query_timing_stackoverflow_1gb.csv
Per-copy samples appended to logs/compare/warm_stepup/compare_server001_s1_20261004T161823Z/query_samples_stackoverflow_1gb.csv
Idle baselines appended to logs/compare/warm_stepup/compare_server001_s1_20261004T161823Z/query_idle_stackoverflow_1gb.csv
Machine identity appended to logs/compare/warm_stepup/compare_server001_s1_20261004T161823Z/query_runinfo_stackoverflow_1gb.csv
Last batch ended at epoch 1791142151.842 (PREV_END_EPOCH for the next invocation)
===== [302/324] queries/stackoverflow/SQLStorm/2863.sql run_id=29FD2345C044E968 =====
query_runner configuration:
  QUERY_DIR         = queries/stackoverflow/SQLStorm/2863.sql
  LOGS_DIR          = logs/compare/warm_stepup/compare_server001_s1_20261004T161823Z  (query_timing_/query_samples_/query_catalog_stackoverflow_1gb.csv)
  DB_NAME / DB_USER = stackoverflow_1gb / postgres
  PGPORT            = 5432  (server reports 18.6)
  RUN_ID            = 29FD2345C044E968
  WARMUP            = 2 single-copy warm-ups (the first primes the cache)
  BATCH_SIZES       = 1 16  x RUNS=1 measured batches each
  WORKERS           = (planner default)
  STATEMENT_TIMEOUT = 15
  THERMAL_EQUALISE  = gate (T_LO=40 T_HI=60 preheat<=60s cooldown<=120s)
  sensors           = pkg:/sys/class/hwmon/hwmon8/temp1_input cores:4 cpufreq:8 throttle:8/8
  WARMUP_FAIL_SKIP  = on (a failed warm-up skips the query's measured batches)
  IDLE_BASELINE_S   = 5.0 s before each query's measured batches
  SIGLESS_ADDR      = (disabled)
Found 1 query under queries/stackoverflow/SQLStorm/2863.sql

RAPL: powercap, 1 package, domains: pkg core gpu/uncore dram

[1/1] queries/stackoverflow/SQLStorm/2863.sql (2 warmup + step-up 1 16 x1)
  warmup 1/2: 2.124204 sec (cache prime)
  warmup 2/2: 1.480617 sec
  idle baseline: 5.0s, package 0.446 W, dram 0.257 W
  N=1   batch 1/1: 1.484231 sec, 1 copy (server sum 1425.939 ms)
  N=16  batch 1/1: 21.644362 sec, 16 copies (server sum 21497.378 ms)
  done: 2 sizes x 1 run (0 failures)

Done. Batch rows appended to logs/compare/warm_stepup/compare_server001_s1_20261004T161823Z/query_timing_stackoverflow_1gb.csv
Per-copy samples appended to logs/compare/warm_stepup/compare_server001_s1_20261004T161823Z/query_samples_stackoverflow_1gb.csv
Idle baselines appended to logs/compare/warm_stepup/compare_server001_s1_20261004T161823Z/query_idle_stackoverflow_1gb.csv
Machine identity appended to logs/compare/warm_stepup/compare_server001_s1_20261004T161823Z/query_runinfo_stackoverflow_1gb.csv
Last batch ended at epoch 1791142186.953 (PREV_END_EPOCH for the next invocation)
===== [303/324] queries/stackoverflow/SQLStorm/6957.sql run_id=EDB2B192D56D9CE2 =====
query_runner configuration:
  QUERY_DIR         = queries/stackoverflow/SQLStorm/6957.sql
  LOGS_DIR          = logs/compare/warm_stepup/compare_server001_s1_20261004T161823Z  (query_timing_/query_samples_/query_catalog_stackoverflow_1gb.csv)
  DB_NAME / DB_USER = stackoverflow_1gb / postgres
  PGPORT            = 5432  (server reports 18.6)
  RUN_ID            = EDB2B192D56D9CE2
  WARMUP            = 2 single-copy warm-ups (the first primes the cache)
  BATCH_SIZES       = 1 16  x RUNS=1 measured batches each
  WORKERS           = (planner default)
  STATEMENT_TIMEOUT = 15
  THERMAL_EQUALISE  = gate (T_LO=40 T_HI=60 preheat<=60s cooldown<=120s)
  sensors           = pkg:/sys/class/hwmon/hwmon8/temp1_input cores:4 cpufreq:8 throttle:8/8
  WARMUP_FAIL_SKIP  = on (a failed warm-up skips the query's measured batches)
  IDLE_BASELINE_S   = 5.0 s before each query's measured batches
  SIGLESS_ADDR      = (disabled)
Found 1 query under queries/stackoverflow/SQLStorm/6957.sql

RAPL: powercap, 1 package, domains: pkg core gpu/uncore dram

[1/1] queries/stackoverflow/SQLStorm/6957.sql (2 warmup + step-up 1 16 x1)
  warmup 1/2: 1.088496 sec (cache prime)
  warmup 2/2: 0.438925 sec
  idle baseline: 5.0s, package 0.475 W, dram 0.255 W
  N=1   batch 1/1: 0.440304 sec, 1 copy (server sum 382.485 ms)
  N=16  batch 1/1: 5.725030 sec, 16 copies (server sum 5632.767 ms)
  done: 2 sizes x 1 run (0 failures)

Done. Batch rows appended to logs/compare/warm_stepup/compare_server001_s1_20261004T161823Z/query_timing_stackoverflow_1gb.csv
Per-copy samples appended to logs/compare/warm_stepup/compare_server001_s1_20261004T161823Z/query_samples_stackoverflow_1gb.csv
Idle baselines appended to logs/compare/warm_stepup/compare_server001_s1_20261004T161823Z/query_idle_stackoverflow_1gb.csv
Machine identity appended to logs/compare/warm_stepup/compare_server001_s1_20261004T161823Z/query_runinfo_stackoverflow_1gb.csv
Last batch ended at epoch 1791142203.392 (PREV_END_EPOCH for the next invocation)
===== [304/324] queries/stackoverflow/SQLStorm/9509.sql run_id=CF61C3F5A629CF15 =====
query_runner configuration:
  QUERY_DIR         = queries/stackoverflow/SQLStorm/9509.sql
  LOGS_DIR          = logs/compare/warm_stepup/compare_server001_s1_20261004T161823Z  (query_timing_/query_samples_/query_catalog_stackoverflow_1gb.csv)
  DB_NAME / DB_USER = stackoverflow_1gb / postgres
  PGPORT            = 5432  (server reports 18.6)
  RUN_ID            = CF61C3F5A629CF15
  WARMUP            = 2 single-copy warm-ups (the first primes the cache)
  BATCH_SIZES       = 1 16  x RUNS=1 measured batches each
  WORKERS           = (planner default)
  STATEMENT_TIMEOUT = 15
  THERMAL_EQUALISE  = gate (T_LO=40 T_HI=60 preheat<=60s cooldown<=120s)
  sensors           = pkg:/sys/class/hwmon/hwmon8/temp1_input cores:4 cpufreq:8 throttle:8/8
  WARMUP_FAIL_SKIP  = on (a failed warm-up skips the query's measured batches)
  IDLE_BASELINE_S   = 5.0 s before each query's measured batches
  SIGLESS_ADDR      = (disabled)
Found 1 query under queries/stackoverflow/SQLStorm/9509.sql

RAPL: powercap, 1 package, domains: pkg core gpu/uncore dram

[1/1] queries/stackoverflow/SQLStorm/9509.sql (2 warmup + step-up 1 16 x1)
  warmup 1/2: 1.092810 sec (cache prime)
  warmup 2/2: 0.890623 sec
  idle baseline: 5.0s, package 0.449 W, dram 0.255 W
  N=1   batch 1/1: 0.895464 sec, 1 copy (server sum 838.615 ms)
  N=16  batch 1/1: 12.758440 sec, 16 copies (server sum 12681.419 ms)
  done: 2 sizes x 1 run (0 failures)

Done. Batch rows appended to logs/compare/warm_stepup/compare_server001_s1_20261004T161823Z/query_timing_stackoverflow_1gb.csv
Per-copy samples appended to logs/compare/warm_stepup/compare_server001_s1_20261004T161823Z/query_samples_stackoverflow_1gb.csv
Idle baselines appended to logs/compare/warm_stepup/compare_server001_s1_20261004T161823Z/query_idle_stackoverflow_1gb.csv
Machine identity appended to logs/compare/warm_stepup/compare_server001_s1_20261004T161823Z/query_runinfo_stackoverflow_1gb.csv
Last batch ended at epoch 1791142227.665 (PREV_END_EPOCH for the next invocation)
===== [305/324] compare/probes/probe_scan.sql run_id=4B6AA41190CBEA3F =====
query_runner configuration:
  QUERY_DIR         = compare/probes/probe_scan.sql
  LOGS_DIR          = logs/compare/warm_stepup/compare_server001_s1_20261004T161823Z  (query_timing_/query_samples_/query_catalog_stackoverflow_1gb.csv)
  DB_NAME / DB_USER = stackoverflow_1gb / postgres
  PGPORT            = 5432  (server reports 18.6)
  RUN_ID            = 4B6AA41190CBEA3F
  WARMUP            = 2 single-copy warm-ups (the first primes the cache)
  BATCH_SIZES       = 1 16  x RUNS=1 measured batches each
  WORKERS           = (planner default)
  STATEMENT_TIMEOUT = 15
  THERMAL_EQUALISE  = gate (T_LO=40 T_HI=60 preheat<=60s cooldown<=120s)
  sensors           = pkg:/sys/class/hwmon/hwmon8/temp1_input cores:4 cpufreq:8 throttle:8/8
  WARMUP_FAIL_SKIP  = on (a failed warm-up skips the query's measured batches)
  IDLE_BASELINE_S   = 5.0 s before each query's measured batches
  SIGLESS_ADDR      = (disabled)
Found 1 query under compare/probes/probe_scan.sql

RAPL: powercap, 1 package, domains: pkg core gpu/uncore dram

[1/1] compare/probes/probe_scan.sql (2 warmup + step-up 1 16 x1)
  warmup 1/2: 3.187230 sec (cache prime)
  warmup 2/2: 2.890023 sec
  idle baseline: 5.0s, package 0.460 W, dram 0.256 W
  N=1   batch 1/1: 2.877047 sec, 0 copies
  N=16  batch 1/1: 44.665631 sec, 0 copies
  done: 2 sizes x 1 run (0 failures)

Done. Batch rows appended to logs/compare/warm_stepup/compare_server001_s1_20261004T161823Z/query_timing_stackoverflow_1gb.csv
Per-copy samples appended to logs/compare/warm_stepup/compare_server001_s1_20261004T161823Z/query_samples_stackoverflow_1gb.csv
Idle baselines appended to logs/compare/warm_stepup/compare_server001_s1_20261004T161823Z/query_idle_stackoverflow_1gb.csv
Machine identity appended to logs/compare/warm_stepup/compare_server001_s1_20261004T161823Z/query_runinfo_stackoverflow_1gb.csv
Last batch ended at epoch 1791142289.580 (PREV_END_EPOCH for the next invocation)
===== [306/324] queries/stackoverflow/SQLStorm/14978.sql run_id=3CC1F0A645ECF64C =====
query_runner configuration:
  QUERY_DIR         = queries/stackoverflow/SQLStorm/14978.sql
  LOGS_DIR          = logs/compare/warm_stepup/compare_server001_s1_20261004T161823Z  (query_timing_/query_samples_/query_catalog_stackoverflow_1gb.csv)
  DB_NAME / DB_USER = stackoverflow_1gb / postgres
  PGPORT            = 5432  (server reports 18.6)
  RUN_ID            = 3CC1F0A645ECF64C
  WARMUP            = 2 single-copy warm-ups (the first primes the cache)
  BATCH_SIZES       = 1 16  x RUNS=1 measured batches each
  WORKERS           = (planner default)
  STATEMENT_TIMEOUT = 15
  THERMAL_EQUALISE  = gate (T_LO=40 T_HI=60 preheat<=60s cooldown<=120s)
  sensors           = pkg:/sys/class/hwmon/hwmon8/temp1_input cores:4 cpufreq:8 throttle:8/8
  WARMUP_FAIL_SKIP  = on (a failed warm-up skips the query's measured batches)
  IDLE_BASELINE_S   = 5.0 s before each query's measured batches
  SIGLESS_ADDR      = (disabled)
Found 1 query under queries/stackoverflow/SQLStorm/14978.sql

RAPL: powercap, 1 package, domains: pkg core gpu/uncore dram

[1/1] queries/stackoverflow/SQLStorm/14978.sql (2 warmup + step-up 1 16 x1)
  thermal gate: waited 2s -> 60.0 C
  warmup 1/2: 0.333054 sec (cache prime)
  warmup 2/2: 0.157371 sec
  idle baseline: 5.0s, package 0.483 W, dram 0.257 W
  N=1   batch 1/1: 0.157815 sec, 1 copy (server sum 101.462 ms)
  N=16  batch 1/1: 1.651146 sec, 16 copies (server sum 1580.431 ms)
  done: 2 sizes x 1 run (0 failures)

Done. Batch rows appended to logs/compare/warm_stepup/compare_server001_s1_20261004T161823Z/query_timing_stackoverflow_1gb.csv
Per-copy samples appended to logs/compare/warm_stepup/compare_server001_s1_20261004T161823Z/query_samples_stackoverflow_1gb.csv
Idle baselines appended to logs/compare/warm_stepup/compare_server001_s1_20261004T161823Z/query_idle_stackoverflow_1gb.csv
Machine identity appended to logs/compare/warm_stepup/compare_server001_s1_20261004T161823Z/query_runinfo_stackoverflow_1gb.csv
Last batch ended at epoch 1791142302.221 (PREV_END_EPOCH for the next invocation)
===== [307/324] queries/stackoverflow/SQLStorm/11124.sql run_id=1D32FADBA7334F18 =====
query_runner configuration:
  QUERY_DIR         = queries/stackoverflow/SQLStorm/11124.sql
  LOGS_DIR          = logs/compare/warm_stepup/compare_server001_s1_20261004T161823Z  (query_timing_/query_samples_/query_catalog_stackoverflow_1gb.csv)
  DB_NAME / DB_USER = stackoverflow_1gb / postgres
  PGPORT            = 5432  (server reports 18.6)
  RUN_ID            = 1D32FADBA7334F18
  WARMUP            = 2 single-copy warm-ups (the first primes the cache)
  BATCH_SIZES       = 1 16  x RUNS=1 measured batches each
  WORKERS           = (planner default)
  STATEMENT_TIMEOUT = 15
  THERMAL_EQUALISE  = gate (T_LO=40 T_HI=60 preheat<=60s cooldown<=120s)
  sensors           = pkg:/sys/class/hwmon/hwmon8/temp1_input cores:4 cpufreq:8 throttle:8/8
  WARMUP_FAIL_SKIP  = on (a failed warm-up skips the query's measured batches)
  IDLE_BASELINE_S   = 5.0 s before each query's measured batches
  SIGLESS_ADDR      = (disabled)
Found 1 query under queries/stackoverflow/SQLStorm/11124.sql

RAPL: powercap, 1 package, domains: pkg core gpu/uncore dram

[1/1] queries/stackoverflow/SQLStorm/11124.sql (2 warmup + step-up 1 16 x1)
  warmup 1/2: 0.553685 sec (cache prime)
  warmup 2/2: 0.188089 sec
  idle baseline: 5.0s, package 0.478 W, dram 0.256 W
  N=1   batch 1/1: 0.186363 sec, 1 copy (server sum 129.658 ms)
  N=16  batch 1/1: 2.022254 sec, 16 copies (server sum 1945.494 ms)
  done: 2 sizes x 1 run (0 failures)

Done. Batch rows appended to logs/compare/warm_stepup/compare_server001_s1_20261004T161823Z/query_timing_stackoverflow_1gb.csv
Per-copy samples appended to logs/compare/warm_stepup/compare_server001_s1_20261004T161823Z/query_samples_stackoverflow_1gb.csv
Idle baselines appended to logs/compare/warm_stepup/compare_server001_s1_20261004T161823Z/query_idle_stackoverflow_1gb.csv
Machine identity appended to logs/compare/warm_stepup/compare_server001_s1_20261004T161823Z/query_runinfo_stackoverflow_1gb.csv
Last batch ended at epoch 1791142313.417 (PREV_END_EPOCH for the next invocation)
===== [308/324] queries/stackoverflow/SQLStorm/16378.sql run_id=710FF5D4937DB4EF =====
query_runner configuration:
  QUERY_DIR         = queries/stackoverflow/SQLStorm/16378.sql
  LOGS_DIR          = logs/compare/warm_stepup/compare_server001_s1_20261004T161823Z  (query_timing_/query_samples_/query_catalog_stackoverflow_1gb.csv)
  DB_NAME / DB_USER = stackoverflow_1gb / postgres
  PGPORT            = 5432  (server reports 18.6)
  RUN_ID            = 710FF5D4937DB4EF
  WARMUP            = 2 single-copy warm-ups (the first primes the cache)
  BATCH_SIZES       = 1 16  x RUNS=1 measured batches each
  WORKERS           = (planner default)
  STATEMENT_TIMEOUT = 15
  THERMAL_EQUALISE  = gate (T_LO=40 T_HI=60 preheat<=60s cooldown<=120s)
  sensors           = pkg:/sys/class/hwmon/hwmon8/temp1_input cores:4 cpufreq:8 throttle:8/8
  WARMUP_FAIL_SKIP  = on (a failed warm-up skips the query's measured batches)
  IDLE_BASELINE_S   = 5.0 s before each query's measured batches
  SIGLESS_ADDR      = (disabled)
Found 1 query under queries/stackoverflow/SQLStorm/16378.sql

RAPL: powercap, 1 package, domains: pkg core gpu/uncore dram

[1/1] queries/stackoverflow/SQLStorm/16378.sql (2 warmup + step-up 1 16 x1)
  warmup 1/2: 0.713074 sec (cache prime)
  warmup 2/2: 0.549954 sec
  idle baseline: 5.0s, package 0.493 W, dram 0.257 W
  N=1   batch 1/1: 0.546124 sec, 1 copy (server sum 490.170 ms)
  N=16  batch 1/1: 7.327243 sec, 16 copies (server sum 7234.035 ms)
  done: 2 sizes x 1 run (0 failures)

Done. Batch rows appended to logs/compare/warm_stepup/compare_server001_s1_20261004T161823Z/query_timing_stackoverflow_1gb.csv
Per-copy samples appended to logs/compare/warm_stepup/compare_server001_s1_20261004T161823Z/query_samples_stackoverflow_1gb.csv
Idle baselines appended to logs/compare/warm_stepup/compare_server001_s1_20261004T161823Z/query_idle_stackoverflow_1gb.csv
Machine identity appended to logs/compare/warm_stepup/compare_server001_s1_20261004T161823Z/query_runinfo_stackoverflow_1gb.csv
Last batch ended at epoch 1791142330.858 (PREV_END_EPOCH for the next invocation)
===== [309/324] queries/stackoverflow/SQLStorm/4452.sql run_id=EDEEE1D5C1807FF3 =====
query_runner configuration:
  QUERY_DIR         = queries/stackoverflow/SQLStorm/4452.sql
  LOGS_DIR          = logs/compare/warm_stepup/compare_server001_s1_20261004T161823Z  (query_timing_/query_samples_/query_catalog_stackoverflow_1gb.csv)
  DB_NAME / DB_USER = stackoverflow_1gb / postgres
  PGPORT            = 5432  (server reports 18.6)
  RUN_ID            = EDEEE1D5C1807FF3
  WARMUP            = 2 single-copy warm-ups (the first primes the cache)
  BATCH_SIZES       = 1 16  x RUNS=1 measured batches each
  WORKERS           = (planner default)
  STATEMENT_TIMEOUT = 15
  THERMAL_EQUALISE  = gate (T_LO=40 T_HI=60 preheat<=60s cooldown<=120s)
  sensors           = pkg:/sys/class/hwmon/hwmon8/temp1_input cores:4 cpufreq:8 throttle:8/8
  WARMUP_FAIL_SKIP  = on (a failed warm-up skips the query's measured batches)
  IDLE_BASELINE_S   = 5.0 s before each query's measured batches
  SIGLESS_ADDR      = (disabled)
Found 1 query under queries/stackoverflow/SQLStorm/4452.sql

RAPL: powercap, 1 package, domains: pkg core gpu/uncore dram

[1/1] queries/stackoverflow/SQLStorm/4452.sql (2 warmup + step-up 1 16 x1)
  warmup 1/2: 0.880208 sec (cache prime)
  warmup 2/2: 0.279940 sec
  idle baseline: 5.0s, package 0.451 W, dram 0.256 W
  N=1   batch 1/1: 0.296848 sec, 1 copy (server sum 228.017 ms)
  N=16  batch 1/1: 3.122318 sec, 16 copies (server sum 3042.972 ms)
  done: 2 sizes x 1 run (0 failures)

Done. Batch rows appended to logs/compare/warm_stepup/compare_server001_s1_20261004T161823Z/query_timing_stackoverflow_1gb.csv
Per-copy samples appended to logs/compare/warm_stepup/compare_server001_s1_20261004T161823Z/query_samples_stackoverflow_1gb.csv
Idle baselines appended to logs/compare/warm_stepup/compare_server001_s1_20261004T161823Z/query_idle_stackoverflow_1gb.csv
Machine identity appended to logs/compare/warm_stepup/compare_server001_s1_20261004T161823Z/query_runinfo_stackoverflow_1gb.csv
Last batch ended at epoch 1791142343.867 (PREV_END_EPOCH for the next invocation)
===== [310/324] queries/stackoverflow/SQLStorm/11471.sql run_id=8A2D922C4BA4FA3C =====
query_runner configuration:
  QUERY_DIR         = queries/stackoverflow/SQLStorm/11471.sql
  LOGS_DIR          = logs/compare/warm_stepup/compare_server001_s1_20261004T161823Z  (query_timing_/query_samples_/query_catalog_stackoverflow_1gb.csv)
  DB_NAME / DB_USER = stackoverflow_1gb / postgres
  PGPORT            = 5432  (server reports 18.6)
  RUN_ID            = 8A2D922C4BA4FA3C
  WARMUP            = 2 single-copy warm-ups (the first primes the cache)
  BATCH_SIZES       = 1 16  x RUNS=1 measured batches each
  WORKERS           = (planner default)
  STATEMENT_TIMEOUT = 15
  THERMAL_EQUALISE  = gate (T_LO=40 T_HI=60 preheat<=60s cooldown<=120s)
  sensors           = pkg:/sys/class/hwmon/hwmon8/temp1_input cores:4 cpufreq:8 throttle:8/8
  WARMUP_FAIL_SKIP  = on (a failed warm-up skips the query's measured batches)
  IDLE_BASELINE_S   = 5.0 s before each query's measured batches
  SIGLESS_ADDR      = (disabled)
Found 1 query under queries/stackoverflow/SQLStorm/11471.sql

RAPL: powercap, 1 package, domains: pkg core gpu/uncore dram

[1/1] queries/stackoverflow/SQLStorm/11471.sql (2 warmup + step-up 1 16 x1)
  warmup 1/2: 2.001256 sec (cache prime)
  warmup 2/2: 1.815177 sec
  idle baseline: 5.0s, package 0.448 W, dram 0.255 W
  N=1   batch 1/1: 1.816526 sec, 1 copy (server sum 1759.983 ms)
  N=16  batch 1/1: 26.858555 sec, 16 copies (server sum 26781.454 ms)
  done: 2 sizes x 1 run (0 failures)

Done. Batch rows appended to logs/compare/warm_stepup/compare_server001_s1_20261004T161823Z/query_timing_stackoverflow_1gb.csv
Per-copy samples appended to logs/compare/warm_stepup/compare_server001_s1_20261004T161823Z/query_samples_stackoverflow_1gb.csv
Idle baselines appended to logs/compare/warm_stepup/compare_server001_s1_20261004T161823Z/query_idle_stackoverflow_1gb.csv
Machine identity appended to logs/compare/warm_stepup/compare_server001_s1_20261004T161823Z/query_runinfo_stackoverflow_1gb.csv
Last batch ended at epoch 1791142384.939 (PREV_END_EPOCH for the next invocation)
===== [311/324] queries/stackoverflow/SQLStorm/11397.sql run_id=87497E002AD99067 =====
query_runner configuration:
  QUERY_DIR         = queries/stackoverflow/SQLStorm/11397.sql
  LOGS_DIR          = logs/compare/warm_stepup/compare_server001_s1_20261004T161823Z  (query_timing_/query_samples_/query_catalog_stackoverflow_1gb.csv)
  DB_NAME / DB_USER = stackoverflow_1gb / postgres
  PGPORT            = 5432  (server reports 18.6)
  RUN_ID            = 87497E002AD99067
  WARMUP            = 2 single-copy warm-ups (the first primes the cache)
  BATCH_SIZES       = 1 16  x RUNS=1 measured batches each
  WORKERS           = (planner default)
  STATEMENT_TIMEOUT = 15
  THERMAL_EQUALISE  = gate (T_LO=40 T_HI=60 preheat<=60s cooldown<=120s)
  sensors           = pkg:/sys/class/hwmon/hwmon8/temp1_input cores:4 cpufreq:8 throttle:8/8
  WARMUP_FAIL_SKIP  = on (a failed warm-up skips the query's measured batches)
  IDLE_BASELINE_S   = 5.0 s before each query's measured batches
  SIGLESS_ADDR      = (disabled)
Found 1 query under queries/stackoverflow/SQLStorm/11397.sql

RAPL: powercap, 1 package, domains: pkg core gpu/uncore dram

[1/1] queries/stackoverflow/SQLStorm/11397.sql (2 warmup + step-up 1 16 x1)
  warmup 1/2: 1.865104 sec (cache prime)
  warmup 2/2: 1.486884 sec
  idle baseline: 5.0s, package 0.472 W, dram 0.255 W
  N=1   batch 1/1: 1.494821 sec, 1 copy (server sum 1437.703 ms)
  N=16  batch 1/1: 22.761355 sec, 16 copies (server sum 22683.038 ms)
  done: 2 sizes x 1 run (0 failures)

Done. Batch rows appended to logs/compare/warm_stepup/compare_server001_s1_20261004T161823Z/query_timing_stackoverflow_1gb.csv
Per-copy samples appended to logs/compare/warm_stepup/compare_server001_s1_20261004T161823Z/query_samples_stackoverflow_1gb.csv
Idle baselines appended to logs/compare/warm_stepup/compare_server001_s1_20261004T161823Z/query_idle_stackoverflow_1gb.csv
Machine identity appended to logs/compare/warm_stepup/compare_server001_s1_20261004T161823Z/query_runinfo_stackoverflow_1gb.csv
Last batch ended at epoch 1791142421.008 (PREV_END_EPOCH for the next invocation)
===== [312/324] queries/stackoverflow/SQLStorm/7046.sql run_id=3415DFC0B22D34C9 =====
query_runner configuration:
  QUERY_DIR         = queries/stackoverflow/SQLStorm/7046.sql
  LOGS_DIR          = logs/compare/warm_stepup/compare_server001_s1_20261004T161823Z  (query_timing_/query_samples_/query_catalog_stackoverflow_1gb.csv)
  DB_NAME / DB_USER = stackoverflow_1gb / postgres
  PGPORT            = 5432  (server reports 18.6)
  RUN_ID            = 3415DFC0B22D34C9
  WARMUP            = 2 single-copy warm-ups (the first primes the cache)
  BATCH_SIZES       = 1 16  x RUNS=1 measured batches each
  WORKERS           = (planner default)
  STATEMENT_TIMEOUT = 15
  THERMAL_EQUALISE  = gate (T_LO=40 T_HI=60 preheat<=60s cooldown<=120s)
  sensors           = pkg:/sys/class/hwmon/hwmon8/temp1_input cores:4 cpufreq:8 throttle:8/8
  WARMUP_FAIL_SKIP  = on (a failed warm-up skips the query's measured batches)
  IDLE_BASELINE_S   = 5.0 s before each query's measured batches
  SIGLESS_ADDR      = (disabled)
Found 1 query under queries/stackoverflow/SQLStorm/7046.sql

RAPL: powercap, 1 package, domains: pkg core gpu/uncore dram

[1/1] queries/stackoverflow/SQLStorm/7046.sql (2 warmup + step-up 1 16 x1)
  warmup 1/2: 3.008648 sec (cache prime)
  warmup 2/2: 2.382151 sec
  idle baseline: 5.0s, package 0.463 W, dram 0.256 W
  N=1   batch 1/1: 2.384731 sec, 1 copy (server sum 2326.361 ms)
  N=16  batch 1/1: 35.317295 sec, 16 copies (server sum 35231.859 ms)
  done: 2 sizes x 1 run (0 failures)

Done. Batch rows appended to logs/compare/warm_stepup/compare_server001_s1_20261004T161823Z/query_timing_stackoverflow_1gb.csv
Per-copy samples appended to logs/compare/warm_stepup/compare_server001_s1_20261004T161823Z/query_samples_stackoverflow_1gb.csv
Idle baselines appended to logs/compare/warm_stepup/compare_server001_s1_20261004T161823Z/query_idle_stackoverflow_1gb.csv
Machine identity appended to logs/compare/warm_stepup/compare_server001_s1_20261004T161823Z/query_runinfo_stackoverflow_1gb.csv
Last batch ended at epoch 1791142472.554 (PREV_END_EPOCH for the next invocation)
===== [313/324] queries/stackoverflow/SQLStorm/21884.sql run_id=DD3CB6150A5CF42F =====
query_runner configuration:
  QUERY_DIR         = queries/stackoverflow/SQLStorm/21884.sql
  LOGS_DIR          = logs/compare/warm_stepup/compare_server001_s1_20261004T161823Z  (query_timing_/query_samples_/query_catalog_stackoverflow_1gb.csv)
  DB_NAME / DB_USER = stackoverflow_1gb / postgres
  PGPORT            = 5432  (server reports 18.6)
  RUN_ID            = DD3CB6150A5CF42F
  WARMUP            = 2 single-copy warm-ups (the first primes the cache)
  BATCH_SIZES       = 1 16  x RUNS=1 measured batches each
  WORKERS           = (planner default)
  STATEMENT_TIMEOUT = 15
  THERMAL_EQUALISE  = gate (T_LO=40 T_HI=60 preheat<=60s cooldown<=120s)
  sensors           = pkg:/sys/class/hwmon/hwmon8/temp1_input cores:4 cpufreq:8 throttle:8/8
  WARMUP_FAIL_SKIP  = on (a failed warm-up skips the query's measured batches)
  IDLE_BASELINE_S   = 5.0 s before each query's measured batches
  SIGLESS_ADDR      = (disabled)
Found 1 query under queries/stackoverflow/SQLStorm/21884.sql

RAPL: powercap, 1 package, domains: pkg core gpu/uncore dram

[1/1] queries/stackoverflow/SQLStorm/21884.sql (2 warmup + step-up 1 16 x1)
  warmup 1/2: 1.359397 sec (cache prime)
  warmup 2/2: 0.686344 sec
  idle baseline: 5.0s, package 0.461 W, dram 0.256 W
  N=1   batch 1/1: 0.686891 sec, 1 copy (server sum 626.857 ms)
  N=16  batch 1/1: 9.657043 sec, 16 copies (server sum 9566.228 ms)
  done: 2 sizes x 1 run (0 failures)

Done. Batch rows appended to logs/compare/warm_stepup/compare_server001_s1_20261004T161823Z/query_timing_stackoverflow_1gb.csv
Per-copy samples appended to logs/compare/warm_stepup/compare_server001_s1_20261004T161823Z/query_samples_stackoverflow_1gb.csv
Idle baselines appended to logs/compare/warm_stepup/compare_server001_s1_20261004T161823Z/query_idle_stackoverflow_1gb.csv
Machine identity appended to logs/compare/warm_stepup/compare_server001_s1_20261004T161823Z/query_runinfo_stackoverflow_1gb.csv
Last batch ended at epoch 1791142493.597 (PREV_END_EPOCH for the next invocation)
===== [314/324] queries/stackoverflow/SQLStorm/21497.sql run_id=BDCC8412ECBAB596 =====
query_runner configuration:
  QUERY_DIR         = queries/stackoverflow/SQLStorm/21497.sql
  LOGS_DIR          = logs/compare/warm_stepup/compare_server001_s1_20261004T161823Z  (query_timing_/query_samples_/query_catalog_stackoverflow_1gb.csv)
  DB_NAME / DB_USER = stackoverflow_1gb / postgres
  PGPORT            = 5432  (server reports 18.6)
  RUN_ID            = BDCC8412ECBAB596
  WARMUP            = 2 single-copy warm-ups (the first primes the cache)
  BATCH_SIZES       = 1 16  x RUNS=1 measured batches each
  WORKERS           = (planner default)
  STATEMENT_TIMEOUT = 15
  THERMAL_EQUALISE  = gate (T_LO=40 T_HI=60 preheat<=60s cooldown<=120s)
  sensors           = pkg:/sys/class/hwmon/hwmon8/temp1_input cores:4 cpufreq:8 throttle:8/8
  WARMUP_FAIL_SKIP  = on (a failed warm-up skips the query's measured batches)
  IDLE_BASELINE_S   = 5.0 s before each query's measured batches
  SIGLESS_ADDR      = (disabled)
Found 1 query under queries/stackoverflow/SQLStorm/21497.sql

RAPL: powercap, 1 package, domains: pkg core gpu/uncore dram

[1/1] queries/stackoverflow/SQLStorm/21497.sql (2 warmup + step-up 1 16 x1)
  warmup 1/2: 1.455768 sec (cache prime)
  warmup 2/2: 0.868219 sec
  idle baseline: 5.0s, package 0.492 W, dram 0.256 W
  N=1   batch 1/1: 0.865669 sec, 1 copy (server sum 806.883 ms)
  N=16  batch 1/1: 12.398780 sec, 16 copies (server sum 12262.339 ms)
  done: 2 sizes x 1 run (0 failures)

Done. Batch rows appended to logs/compare/warm_stepup/compare_server001_s1_20261004T161823Z/query_timing_stackoverflow_1gb.csv
Per-copy samples appended to logs/compare/warm_stepup/compare_server001_s1_20261004T161823Z/query_samples_stackoverflow_1gb.csv
Idle baselines appended to logs/compare/warm_stepup/compare_server001_s1_20261004T161823Z/query_idle_stackoverflow_1gb.csv
Machine identity appended to logs/compare/warm_stepup/compare_server001_s1_20261004T161823Z/query_runinfo_stackoverflow_1gb.csv
Last batch ended at epoch 1791142517.846 (PREV_END_EPOCH for the next invocation)
===== [315/324] queries/stackoverflow/SQLStorm/11473.sql run_id=8264FA07B7170431 =====
query_runner configuration:
  QUERY_DIR         = queries/stackoverflow/SQLStorm/11473.sql
  LOGS_DIR          = logs/compare/warm_stepup/compare_server001_s1_20261004T161823Z  (query_timing_/query_samples_/query_catalog_stackoverflow_1gb.csv)
  DB_NAME / DB_USER = stackoverflow_1gb / postgres
  PGPORT            = 5432  (server reports 18.6)
  RUN_ID            = 8264FA07B7170431
  WARMUP            = 2 single-copy warm-ups (the first primes the cache)
  BATCH_SIZES       = 1 16  x RUNS=1 measured batches each
  WORKERS           = (planner default)
  STATEMENT_TIMEOUT = 15
  THERMAL_EQUALISE  = gate (T_LO=40 T_HI=60 preheat<=60s cooldown<=120s)
  sensors           = pkg:/sys/class/hwmon/hwmon8/temp1_input cores:4 cpufreq:8 throttle:8/8
  WARMUP_FAIL_SKIP  = on (a failed warm-up skips the query's measured batches)
  IDLE_BASELINE_S   = 5.0 s before each query's measured batches
  SIGLESS_ADDR      = (disabled)
Found 1 query under queries/stackoverflow/SQLStorm/11473.sql

RAPL: powercap, 1 package, domains: pkg core gpu/uncore dram

[1/1] queries/stackoverflow/SQLStorm/11473.sql (2 warmup + step-up 1 16 x1)
  warmup 1/2: 0.332423 sec (cache prime)
  warmup 2/2: 0.173359 sec
  idle baseline: 5.0s, package 0.507 W, dram 0.256 W
  N=1   batch 1/1: 0.172478 sec, 1 copy (server sum 116.741 ms)
  N=16  batch 1/1: 1.911285 sec, 16 copies (server sum 1841.180 ms)
  done: 2 sizes x 1 run (0 failures)

Done. Batch rows appended to logs/compare/warm_stepup/compare_server001_s1_20261004T161823Z/query_timing_stackoverflow_1gb.csv
Per-copy samples appended to logs/compare/warm_stepup/compare_server001_s1_20261004T161823Z/query_samples_stackoverflow_1gb.csv
Idle baselines appended to logs/compare/warm_stepup/compare_server001_s1_20261004T161823Z/query_idle_stackoverflow_1gb.csv
Machine identity appended to logs/compare/warm_stepup/compare_server001_s1_20261004T161823Z/query_runinfo_stackoverflow_1gb.csv
Last batch ended at epoch 1791142528.860 (PREV_END_EPOCH for the next invocation)
===== [316/324] queries/stackoverflow/SQLStorm/7612.sql run_id=089E20368F638C30 =====
query_runner configuration:
  QUERY_DIR         = queries/stackoverflow/SQLStorm/7612.sql
  LOGS_DIR          = logs/compare/warm_stepup/compare_server001_s1_20261004T161823Z  (query_timing_/query_samples_/query_catalog_stackoverflow_1gb.csv)
  DB_NAME / DB_USER = stackoverflow_1gb / postgres
  PGPORT            = 5432  (server reports 18.6)
  RUN_ID            = 089E20368F638C30
  WARMUP            = 2 single-copy warm-ups (the first primes the cache)
  BATCH_SIZES       = 1 16  x RUNS=1 measured batches each
  WORKERS           = (planner default)
  STATEMENT_TIMEOUT = 15
  THERMAL_EQUALISE  = gate (T_LO=40 T_HI=60 preheat<=60s cooldown<=120s)
  sensors           = pkg:/sys/class/hwmon/hwmon8/temp1_input cores:4 cpufreq:8 throttle:8/8
  WARMUP_FAIL_SKIP  = on (a failed warm-up skips the query's measured batches)
  IDLE_BASELINE_S   = 5.0 s before each query's measured batches
  SIGLESS_ADDR      = (disabled)
Found 1 query under queries/stackoverflow/SQLStorm/7612.sql

RAPL: powercap, 1 package, domains: pkg core gpu/uncore dram

[1/1] queries/stackoverflow/SQLStorm/7612.sql (2 warmup + step-up 1 16 x1)
  warmup 1/2: 1.602462 sec (cache prime)
  warmup 2/2: 1.079976 sec
  idle baseline: 5.0s, package 0.455 W, dram 0.255 W
  N=1   batch 1/1: 1.086534 sec, 1 copy (server sum 1028.711 ms)
  N=16  batch 1/1: 15.770037 sec, 16 copies (server sum 15683.318 ms)
  done: 2 sizes x 1 run (0 failures)

Done. Batch rows appended to logs/compare/warm_stepup/compare_server001_s1_20261004T161823Z/query_timing_stackoverflow_1gb.csv
Per-copy samples appended to logs/compare/warm_stepup/compare_server001_s1_20261004T161823Z/query_samples_stackoverflow_1gb.csv
Idle baselines appended to logs/compare/warm_stepup/compare_server001_s1_20261004T161823Z/query_idle_stackoverflow_1gb.csv
Machine identity appended to logs/compare/warm_stepup/compare_server001_s1_20261004T161823Z/query_runinfo_stackoverflow_1gb.csv
Last batch ended at epoch 1791142556.696 (PREV_END_EPOCH for the next invocation)
===== [317/324] queries/stackoverflow/SQLStorm/20804.sql run_id=18F9144883163F12 =====
query_runner configuration:
  QUERY_DIR         = queries/stackoverflow/SQLStorm/20804.sql
  LOGS_DIR          = logs/compare/warm_stepup/compare_server001_s1_20261004T161823Z  (query_timing_/query_samples_/query_catalog_stackoverflow_1gb.csv)
  DB_NAME / DB_USER = stackoverflow_1gb / postgres
  PGPORT            = 5432  (server reports 18.6)
  RUN_ID            = 18F9144883163F12
  WARMUP            = 2 single-copy warm-ups (the first primes the cache)
  BATCH_SIZES       = 1 16  x RUNS=1 measured batches each
  WORKERS           = (planner default)
  STATEMENT_TIMEOUT = 15
  THERMAL_EQUALISE  = gate (T_LO=40 T_HI=60 preheat<=60s cooldown<=120s)
  sensors           = pkg:/sys/class/hwmon/hwmon8/temp1_input cores:4 cpufreq:8 throttle:8/8
  WARMUP_FAIL_SKIP  = on (a failed warm-up skips the query's measured batches)
  IDLE_BASELINE_S   = 5.0 s before each query's measured batches
  SIGLESS_ADDR      = (disabled)
Found 1 query under queries/stackoverflow/SQLStorm/20804.sql

RAPL: powercap, 1 package, domains: pkg core gpu/uncore dram

[1/1] queries/stackoverflow/SQLStorm/20804.sql (2 warmup + step-up 1 16 x1)
  warmup 1/2: 1.216624 sec (cache prime)
  warmup 2/2: 0.855426 sec
  idle baseline: 5.0s, package 0.485 W, dram 0.256 W
  N=1   batch 1/1: 0.854248 sec, 1 copy (server sum 794.255 ms)
  N=16  batch 1/1: 11.650835 sec, 16 copies (server sum 11560.450 ms)
  done: 2 sizes x 1 run (0 failures)

Done. Batch rows appended to logs/compare/warm_stepup/compare_server001_s1_20261004T161823Z/query_timing_stackoverflow_1gb.csv
Per-copy samples appended to logs/compare/warm_stepup/compare_server001_s1_20261004T161823Z/query_samples_stackoverflow_1gb.csv
Idle baselines appended to logs/compare/warm_stepup/compare_server001_s1_20261004T161823Z/query_idle_stackoverflow_1gb.csv
Machine identity appended to logs/compare/warm_stepup/compare_server001_s1_20261004T161823Z/query_runinfo_stackoverflow_1gb.csv
Last batch ended at epoch 1791142580.155 (PREV_END_EPOCH for the next invocation)
===== [318/324] queries/stackoverflow/SQLStorm/14843.sql run_id=9C07FE075FC52FBA =====
query_runner configuration:
  QUERY_DIR         = queries/stackoverflow/SQLStorm/14843.sql
  LOGS_DIR          = logs/compare/warm_stepup/compare_server001_s1_20261004T161823Z  (query_timing_/query_samples_/query_catalog_stackoverflow_1gb.csv)
  DB_NAME / DB_USER = stackoverflow_1gb / postgres
  PGPORT            = 5432  (server reports 18.6)
  RUN_ID            = 9C07FE075FC52FBA
  WARMUP            = 2 single-copy warm-ups (the first primes the cache)
  BATCH_SIZES       = 1 16  x RUNS=1 measured batches each
  WORKERS           = (planner default)
  STATEMENT_TIMEOUT = 15
  THERMAL_EQUALISE  = gate (T_LO=40 T_HI=60 preheat<=60s cooldown<=120s)
  sensors           = pkg:/sys/class/hwmon/hwmon8/temp1_input cores:4 cpufreq:8 throttle:8/8
  WARMUP_FAIL_SKIP  = on (a failed warm-up skips the query's measured batches)
  IDLE_BASELINE_S   = 5.0 s before each query's measured batches
  SIGLESS_ADDR      = (disabled)
Found 1 query under queries/stackoverflow/SQLStorm/14843.sql

RAPL: powercap, 1 package, domains: pkg core gpu/uncore dram

[1/1] queries/stackoverflow/SQLStorm/14843.sql (2 warmup + step-up 1 16 x1)
  warmup 1/2: 0.292415 sec (cache prime)
  warmup 2/2: 0.167740 sec
  idle baseline: 5.0s, package 0.519 W, dram 0.256 W
  N=1   batch 1/1: 0.171361 sec, 1 copy (server sum 115.038 ms)
  N=16  batch 1/1: 1.585453 sec, 16 copies (server sum 1519.622 ms)
  done: 2 sizes x 1 run (0 failures)

Done. Batch rows appended to logs/compare/warm_stepup/compare_server001_s1_20261004T161823Z/query_timing_stackoverflow_1gb.csv
Per-copy samples appended to logs/compare/warm_stepup/compare_server001_s1_20261004T161823Z/query_samples_stackoverflow_1gb.csv
Idle baselines appended to logs/compare/warm_stepup/compare_server001_s1_20261004T161823Z/query_idle_stackoverflow_1gb.csv
Machine identity appended to logs/compare/warm_stepup/compare_server001_s1_20261004T161823Z/query_runinfo_stackoverflow_1gb.csv
Last batch ended at epoch 1791142590.747 (PREV_END_EPOCH for the next invocation)
===== [319/324] queries/stackoverflow/SQLStorm/24751.sql run_id=AD8090D2F48B0135 =====
query_runner configuration:
  QUERY_DIR         = queries/stackoverflow/SQLStorm/24751.sql
  LOGS_DIR          = logs/compare/warm_stepup/compare_server001_s1_20261004T161823Z  (query_timing_/query_samples_/query_catalog_stackoverflow_1gb.csv)
  DB_NAME / DB_USER = stackoverflow_1gb / postgres
  PGPORT            = 5432  (server reports 18.6)
  RUN_ID            = AD8090D2F48B0135
  WARMUP            = 2 single-copy warm-ups (the first primes the cache)
  BATCH_SIZES       = 1 16  x RUNS=1 measured batches each
  WORKERS           = (planner default)
  STATEMENT_TIMEOUT = 15
  THERMAL_EQUALISE  = gate (T_LO=40 T_HI=60 preheat<=60s cooldown<=120s)
  sensors           = pkg:/sys/class/hwmon/hwmon8/temp1_input cores:4 cpufreq:8 throttle:8/8
  WARMUP_FAIL_SKIP  = on (a failed warm-up skips the query's measured batches)
  IDLE_BASELINE_S   = 5.0 s before each query's measured batches
  SIGLESS_ADDR      = (disabled)
Found 1 query under queries/stackoverflow/SQLStorm/24751.sql

RAPL: powercap, 1 package, domains: pkg core gpu/uncore dram

[1/1] queries/stackoverflow/SQLStorm/24751.sql (2 warmup + step-up 1 16 x1)
  warmup 1/2: 0.509107 sec (cache prime)
  warmup 2/2: 0.329536 sec
  idle baseline: 5.0s, package 0.441 W, dram 0.256 W
  N=1   batch 1/1: 0.350714 sec, 1 copy (server sum 294.027 ms)
  N=16  batch 1/1: 4.299382 sec, 16 copies (server sum 4222.123 ms)
  done: 2 sizes x 1 run (0 failures)

Done. Batch rows appended to logs/compare/warm_stepup/compare_server001_s1_20261004T161823Z/query_timing_stackoverflow_1gb.csv
Per-copy samples appended to logs/compare/warm_stepup/compare_server001_s1_20261004T161823Z/query_samples_stackoverflow_1gb.csv
Idle baselines appended to logs/compare/warm_stepup/compare_server001_s1_20261004T161823Z/query_idle_stackoverflow_1gb.csv
Machine identity appended to logs/compare/warm_stepup/compare_server001_s1_20261004T161823Z/query_runinfo_stackoverflow_1gb.csv
Last batch ended at epoch 1791142604.548 (PREV_END_EPOCH for the next invocation)
===== [320/324] queries/stackoverflow/SQLStorm/13186.sql run_id=3AA2C0DB28D3E98A =====
query_runner configuration:
  QUERY_DIR         = queries/stackoverflow/SQLStorm/13186.sql
  LOGS_DIR          = logs/compare/warm_stepup/compare_server001_s1_20261004T161823Z  (query_timing_/query_samples_/query_catalog_stackoverflow_1gb.csv)
  DB_NAME / DB_USER = stackoverflow_1gb / postgres
  PGPORT            = 5432  (server reports 18.6)
  RUN_ID            = 3AA2C0DB28D3E98A
  WARMUP            = 2 single-copy warm-ups (the first primes the cache)
  BATCH_SIZES       = 1 16  x RUNS=1 measured batches each
  WORKERS           = (planner default)
  STATEMENT_TIMEOUT = 15
  THERMAL_EQUALISE  = gate (T_LO=40 T_HI=60 preheat<=60s cooldown<=120s)
  sensors           = pkg:/sys/class/hwmon/hwmon8/temp1_input cores:4 cpufreq:8 throttle:8/8
  WARMUP_FAIL_SKIP  = on (a failed warm-up skips the query's measured batches)
  IDLE_BASELINE_S   = 5.0 s before each query's measured batches
  SIGLESS_ADDR      = (disabled)
Found 1 query under queries/stackoverflow/SQLStorm/13186.sql

RAPL: powercap, 1 package, domains: pkg core gpu/uncore dram

[1/1] queries/stackoverflow/SQLStorm/13186.sql (2 warmup + step-up 1 16 x1)
  warmup 1/2: 4.919893 sec (cache prime)
  warmup 2/2: 4.470767 sec
  idle baseline: 5.0s, package 0.514 W, dram 0.257 W
  N=1   batch 1/1: 4.360058 sec, 1 copy (server sum 4302.142 ms)
  N=16  batch 1/1: 68.062521 sec, 16 copies (server sum 67976.050 ms)
  done: 2 sizes x 1 run (0 failures)

Done. Batch rows appended to logs/compare/warm_stepup/compare_server001_s1_20261004T161823Z/query_timing_stackoverflow_1gb.csv
Per-copy samples appended to logs/compare/warm_stepup/compare_server001_s1_20261004T161823Z/query_samples_stackoverflow_1gb.csv
Idle baselines appended to logs/compare/warm_stepup/compare_server001_s1_20261004T161823Z/query_idle_stackoverflow_1gb.csv
Machine identity appended to logs/compare/warm_stepup/compare_server001_s1_20261004T161823Z/query_runinfo_stackoverflow_1gb.csv
Last batch ended at epoch 1791142694.751 (PREV_END_EPOCH for the next invocation)
===== [321/324] queries/stackoverflow/SQLStorm/5502.sql run_id=BDD3BDB7AE87A356 =====
query_runner configuration:
  QUERY_DIR         = queries/stackoverflow/SQLStorm/5502.sql
  LOGS_DIR          = logs/compare/warm_stepup/compare_server001_s1_20261004T161823Z  (query_timing_/query_samples_/query_catalog_stackoverflow_1gb.csv)
  DB_NAME / DB_USER = stackoverflow_1gb / postgres
  PGPORT            = 5432  (server reports 18.6)
  RUN_ID            = BDD3BDB7AE87A356
  WARMUP            = 2 single-copy warm-ups (the first primes the cache)
  BATCH_SIZES       = 1 16  x RUNS=1 measured batches each
  WORKERS           = (planner default)
  STATEMENT_TIMEOUT = 15
  THERMAL_EQUALISE  = gate (T_LO=40 T_HI=60 preheat<=60s cooldown<=120s)
  sensors           = pkg:/sys/class/hwmon/hwmon8/temp1_input cores:4 cpufreq:8 throttle:8/8
  WARMUP_FAIL_SKIP  = on (a failed warm-up skips the query's measured batches)
  IDLE_BASELINE_S   = 5.0 s before each query's measured batches
  SIGLESS_ADDR      = (disabled)
Found 1 query under queries/stackoverflow/SQLStorm/5502.sql

RAPL: powercap, 1 package, domains: pkg core gpu/uncore dram

[1/1] queries/stackoverflow/SQLStorm/5502.sql (2 warmup + step-up 1 16 x1)
  warmup 1/2: 0.927058 sec (cache prime)
  warmup 2/2: 0.679519 sec
  idle baseline: 5.0s, package 0.465 W, dram 0.255 W
  N=1   batch 1/1: 0.682032 sec, 1 copy (server sum 625.307 ms)
  N=16  batch 1/1: 9.776880 sec, 16 copies (server sum 9699.661 ms)
  done: 2 sizes x 1 run (0 failures)

Done. Batch rows appended to logs/compare/warm_stepup/compare_server001_s1_20261004T161823Z/query_timing_stackoverflow_1gb.csv
Per-copy samples appended to logs/compare/warm_stepup/compare_server001_s1_20261004T161823Z/query_samples_stackoverflow_1gb.csv
Idle baselines appended to logs/compare/warm_stepup/compare_server001_s1_20261004T161823Z/query_idle_stackoverflow_1gb.csv
Machine identity appended to logs/compare/warm_stepup/compare_server001_s1_20261004T161823Z/query_runinfo_stackoverflow_1gb.csv
Last batch ended at epoch 1791142715.397 (PREV_END_EPOCH for the next invocation)
===== [322/324] queries/stackoverflow/SQLStorm/7184.sql run_id=D5163562FB33780E =====
query_runner configuration:
  QUERY_DIR         = queries/stackoverflow/SQLStorm/7184.sql
  LOGS_DIR          = logs/compare/warm_stepup/compare_server001_s1_20261004T161823Z  (query_timing_/query_samples_/query_catalog_stackoverflow_1gb.csv)
  DB_NAME / DB_USER = stackoverflow_1gb / postgres
  PGPORT            = 5432  (server reports 18.6)
  RUN_ID            = D5163562FB33780E
  WARMUP            = 2 single-copy warm-ups (the first primes the cache)
  BATCH_SIZES       = 1 16  x RUNS=1 measured batches each
  WORKERS           = (planner default)
  STATEMENT_TIMEOUT = 15
  THERMAL_EQUALISE  = gate (T_LO=40 T_HI=60 preheat<=60s cooldown<=120s)
  sensors           = pkg:/sys/class/hwmon/hwmon8/temp1_input cores:4 cpufreq:8 throttle:8/8
  WARMUP_FAIL_SKIP  = on (a failed warm-up skips the query's measured batches)
  IDLE_BASELINE_S   = 5.0 s before each query's measured batches
  SIGLESS_ADDR      = (disabled)
Found 1 query under queries/stackoverflow/SQLStorm/7184.sql

RAPL: powercap, 1 package, domains: pkg core gpu/uncore dram

[1/1] queries/stackoverflow/SQLStorm/7184.sql (2 warmup + step-up 1 16 x1)
  warmup 1/2: 0.349428 sec (cache prime)
  warmup 2/2: 0.209227 sec
  idle baseline: 5.0s, package 0.444 W, dram 0.256 W
  N=1   batch 1/1: 0.207025 sec, 1 copy (server sum 150.972 ms)
  N=16  batch 1/1: 2.156139 sec, 16 copies (server sum 2086.306 ms)
  done: 2 sizes x 1 run (0 failures)

Done. Batch rows appended to logs/compare/warm_stepup/compare_server001_s1_20261004T161823Z/query_timing_stackoverflow_1gb.csv
Per-copy samples appended to logs/compare/warm_stepup/compare_server001_s1_20261004T161823Z/query_samples_stackoverflow_1gb.csv
Idle baselines appended to logs/compare/warm_stepup/compare_server001_s1_20261004T161823Z/query_idle_stackoverflow_1gb.csv
Machine identity appended to logs/compare/warm_stepup/compare_server001_s1_20261004T161823Z/query_runinfo_stackoverflow_1gb.csv
Last batch ended at epoch 1791142726.815 (PREV_END_EPOCH for the next invocation)
===== [323/324] queries/stackoverflow/SQLStorm/20426.sql run_id=187C0D4FA223F7E7 =====
query_runner configuration:
  QUERY_DIR         = queries/stackoverflow/SQLStorm/20426.sql
  LOGS_DIR          = logs/compare/warm_stepup/compare_server001_s1_20261004T161823Z  (query_timing_/query_samples_/query_catalog_stackoverflow_1gb.csv)
  DB_NAME / DB_USER = stackoverflow_1gb / postgres
  PGPORT            = 5432  (server reports 18.6)
  RUN_ID            = 187C0D4FA223F7E7
  WARMUP            = 2 single-copy warm-ups (the first primes the cache)
  BATCH_SIZES       = 1 16  x RUNS=1 measured batches each
  WORKERS           = (planner default)
  STATEMENT_TIMEOUT = 15
  THERMAL_EQUALISE  = gate (T_LO=40 T_HI=60 preheat<=60s cooldown<=120s)
  sensors           = pkg:/sys/class/hwmon/hwmon8/temp1_input cores:4 cpufreq:8 throttle:8/8
  WARMUP_FAIL_SKIP  = on (a failed warm-up skips the query's measured batches)
  IDLE_BASELINE_S   = 5.0 s before each query's measured batches
  SIGLESS_ADDR      = (disabled)
Found 1 query under queries/stackoverflow/SQLStorm/20426.sql

RAPL: powercap, 1 package, domains: pkg core gpu/uncore dram

[1/1] queries/stackoverflow/SQLStorm/20426.sql (2 warmup + step-up 1 16 x1)
  warmup 1/2: 5.317041 sec (cache prime)
  warmup 2/2: 3.773016 sec
  idle baseline: 5.0s, package 0.532 W, dram 0.257 W
  N=1   batch 1/1: 3.780548 sec, 1 copy (server sum 3722.009 ms)
  N=16  batch 1/1: 56.953274 sec, 16 copies (server sum 56853.100 ms)
  done: 2 sizes x 1 run (0 failures)

Done. Batch rows appended to logs/compare/warm_stepup/compare_server001_s1_20261004T161823Z/query_timing_stackoverflow_1gb.csv
Per-copy samples appended to logs/compare/warm_stepup/compare_server001_s1_20261004T161823Z/query_samples_stackoverflow_1gb.csv
Idle baselines appended to logs/compare/warm_stepup/compare_server001_s1_20261004T161823Z/query_idle_stackoverflow_1gb.csv
Machine identity appended to logs/compare/warm_stepup/compare_server001_s1_20261004T161823Z/query_runinfo_stackoverflow_1gb.csv
Last batch ended at epoch 1791142804.986 (PREV_END_EPOCH for the next invocation)
===== [324/324] queries/stackoverflow/SQLStorm/25357.sql run_id=213246B5D495C627 =====
query_runner configuration:
  QUERY_DIR         = queries/stackoverflow/SQLStorm/25357.sql
  LOGS_DIR          = logs/compare/warm_stepup/compare_server001_s1_20261004T161823Z  (query_timing_/query_samples_/query_catalog_stackoverflow_1gb.csv)
  DB_NAME / DB_USER = stackoverflow_1gb / postgres
  PGPORT            = 5432  (server reports 18.6)
  RUN_ID            = 213246B5D495C627
  WARMUP            = 2 single-copy warm-ups (the first primes the cache)
  BATCH_SIZES       = 1 16  x RUNS=1 measured batches each
  WORKERS           = (planner default)
  STATEMENT_TIMEOUT = 15
  THERMAL_EQUALISE  = gate (T_LO=40 T_HI=60 preheat<=60s cooldown<=120s)
  sensors           = pkg:/sys/class/hwmon/hwmon8/temp1_input cores:4 cpufreq:8 throttle:8/8
  WARMUP_FAIL_SKIP  = on (a failed warm-up skips the query's measured batches)
  IDLE_BASELINE_S   = 5.0 s before each query's measured batches
  SIGLESS_ADDR      = (disabled)
Found 1 query under queries/stackoverflow/SQLStorm/25357.sql

RAPL: powercap, 1 package, domains: pkg core gpu/uncore dram

[1/1] queries/stackoverflow/SQLStorm/25357.sql (2 warmup + step-up 1 16 x1)
  warmup 1/2: 2.659530 sec (cache prime)
  warmup 2/2: 2.409997 sec
  idle baseline: 5.0s, package 0.503 W, dram 0.257 W
  N=1   batch 1/1: 2.418987 sec, 1 copy (server sum 2361.445 ms)
  N=16  batch 1/1: 35.897329 sec, 16 copies (server sum 35819.565 ms)
  done: 2 sizes x 1 run (0 failures)

Done. Batch rows appended to logs/compare/warm_stepup/compare_server001_s1_20261004T161823Z/query_timing_stackoverflow_1gb.csv
Per-copy samples appended to logs/compare/warm_stepup/compare_server001_s1_20261004T161823Z/query_samples_stackoverflow_1gb.csv
Idle baselines appended to logs/compare/warm_stepup/compare_server001_s1_20261004T161823Z/query_idle_stackoverflow_1gb.csv
Machine identity appended to logs/compare/warm_stepup/compare_server001_s1_20261004T161823Z/query_runinfo_stackoverflow_1gb.csv
Last batch ended at epoch 1791142857.132 (PREV_END_EPOCH for the next invocation)
