===== detach.sh start 2026-09-29T12:54:31Z  pid 21601
===== command: make warm-stepup DB_NAME=stackoverflow_1gb DIR=queries/stackoverflow/SQLStorm BATCH_SIZES=1 16 WARMUP=2 RUNS=1 REPEATS=1 STATEMENT_TIMEOUT=15 WARMUP_FAIL_SKIP=1 THERMAL_EQUALISE=1 T_LO=40 T_HI=60 FIX_CLOCK=1 CLOCK_MAX_KHZ=2500000 RUNID=so_uniform_1_16_20260929T125431Z
===== suspend inhibited: yes
==> run_id=so_uniform_1_16_20260929T125431Z  order (11794 entries) -> logs/warm_stepup/so_uniform_1_16_20260929T125431Z/run_order_so_uniform_1_16_20260929T125431Z.txt
warm step-up: PG18  DB=stackoverflow_1gb  DIR=queries/stackoverflow/SQLStorm  BATCH_SIZES='1 16'  WARMUP=2  RUNS=1  REPEATS=1
  thermal: gate T_LO=40 T_HI=60 PREHEAT_MAX_S=60 COOLDOWN_MAX_S=120   fix_clock: 1 (ceiling 2500000)   batch cap: none
  logs -> logs/warm_stepup/so_uniform_1_16_20260929T125431Z/  (11794 entries)
clock_control: no_turbo=0 (ceiling 2500000 kHz is a turbo bin)
clock_control: governor=performance (was powersave)
clock_control: max_freq=2500000 kHz on 8 CPUs
[1/11794] queries/stackoverflow/SQLStorm/10933.sql  (run_id 71B7AE63E21DBF84)
  ok
[2/11794] queries/stackoverflow/SQLStorm/11539.sql  (run_id 135BF80D15D978AD)
  ok
[3/11794] queries/stackoverflow/SQLStorm/14509.sql  (run_id 31246199F2FD3E5C)
  ok
[4/11794] queries/stackoverflow/SQLStorm/13492.sql  (run_id E6DE00DD73E8B9CB)
  ok
[5/11794] queries/stackoverflow/SQLStorm/15217.sql  (run_id DE1865536834F994)
  ok
[6/11794] queries/stackoverflow/SQLStorm/14611.sql  (run_id C394CC815DE48D54)
  ok
[7/11794] queries/stackoverflow/SQLStorm/8861.sql  (run_id E96CAAD5A0AB9744)
  ok
[8/11794] queries/stackoverflow/SQLStorm/2301.sql  (run_id B3726183B455817C)
  ok
[9/11794] queries/stackoverflow/SQLStorm/11318.sql  (run_id 6EE5B78B0AA7DEE9)
  ok
[10/11794] queries/stackoverflow/SQLStorm/22237.sql  (run_id 5F8927337F153146)
  ok
[11/11794] queries/stackoverflow/SQLStorm/17465.sql  (run_id 8F9258FE2902DCE6)
  ok
[12/11794] queries/stackoverflow/SQLStorm/7011.sql  (run_id C7232942EC467B93)
  ok
[13/11794] queries/stackoverflow/SQLStorm/13510.sql  (run_id 22DDEB11830018D8)
  ok
[14/11794] queries/stackoverflow/SQLStorm/12725.sql  (run_id 345AC48F2111CF3D)
  ok
[15/11794] queries/stackoverflow/SQLStorm/16241.sql  (run_id B95DDAAF882B5844)
  ok
[16/11794] queries/stackoverflow/SQLStorm/13586.sql  (run_id CEF2BEC84BBB9352)
  ok
[17/11794] queries/stackoverflow/SQLStorm/31635.sql  (run_id F64B7A6C3753D61A)
  ok
[18/11794] queries/stackoverflow/SQLStorm/3947.sql  (run_id 3A669FEAB5EF9909)
  ok
[19/11794] queries/stackoverflow/SQLStorm/10226.sql  (run_id 17B53DC069A3DA90)
  ok
[20/11794] queries/stackoverflow/SQLStorm/5469.sql  (run_id 6FDBD3278DE20882)
  ok
[21/11794] queries/stackoverflow/SQLStorm/15086.sql  (run_id C9660A46B8A5D539)
  ok
[22/11794] queries/stackoverflow/SQLStorm/33084.sql  (run_id 0086FBEB81910D80)
  ok
[23/11794] queries/stackoverflow/SQLStorm/14662.sql  (run_id F95E4F55365CAE13)
  ok
[24/11794] queries/stackoverflow/SQLStorm/21870.sql  (run_id FB570E266889C3A5)
  ok
[25/11794] queries/stackoverflow/SQLStorm/13411.sql  (run_id 70914702BC6A916C)
  ok
[26/11794] queries/stackoverflow/SQLStorm/9178.sql  (run_id 363A8988C088BBDB)
  ok
[27/11794] queries/stackoverflow/SQLStorm/17496.sql  (run_id E898B7BCA80284F8)
  ok
[28/11794] queries/stackoverflow/SQLStorm/1766.sql  (run_id 455611D7F7D94107)
  ok
[29/11794] queries/stackoverflow/SQLStorm/22813.sql  (run_id C130DFD0140E40EA)
  ok
[30/11794] queries/stackoverflow/SQLStorm/3392.sql  (run_id 93F1CABD5613EA33)
  ok
[31/11794] queries/stackoverflow/SQLStorm/33077.sql  (run_id 418696377DD00A62)
  ok
[32/11794] queries/stackoverflow/SQLStorm/23248.sql  (run_id 103F206C54371E9F)
  ok
[33/11794] queries/stackoverflow/SQLStorm/3718.sql  (run_id 39BABFB958C728DD)
  ok
[34/11794] queries/stackoverflow/SQLStorm/8757.sql  (run_id 2A1DF0674F13DA73)
  ok
[35/11794] queries/stackoverflow/SQLStorm/14619.sql  (run_id 9D9C21A86EA98BC3)
  ok
[36/11794] queries/stackoverflow/SQLStorm/10641.sql  (run_id 8ED22019A9D8AC74)
  ok
[37/11794] queries/stackoverflow/SQLStorm/16375.sql  (run_id 3C56339A031A93CF)
  ok
[38/11794] queries/stackoverflow/SQLStorm/420.sql  (run_id 0D81F9B3FD07D7AB)
  ok
[39/11794] queries/stackoverflow/SQLStorm/1748.sql  (run_id 393768E512BDD560)
  ok
[40/11794] queries/stackoverflow/SQLStorm/14095.sql  (run_id 2DDD23C3E1140289)
  ok
[41/11794] queries/stackoverflow/SQLStorm/18632.sql  (run_id 6B3558B89F42F728)
  ok
[42/11794] queries/stackoverflow/SQLStorm/23988.sql  (run_id 9C5A415AED39E3BD)
  ok
[43/11794] queries/stackoverflow/SQLStorm/18115.sql  (run_id 6B4A842A7FF8A21C)
  ok
[44/11794] queries/stackoverflow/SQLStorm/30053.sql  (run_id 135A497BA75EC2E9)
  ok
[45/11794] queries/stackoverflow/SQLStorm/19172.sql  (run_id 4B95F373B38838DE)
  ok
[46/11794] queries/stackoverflow/SQLStorm/16210.sql  (run_id 99881012BB40F3E0)
  ok
[47/11794] queries/stackoverflow/SQLStorm/18150.sql  (run_id 662BFB0D49294339)
  ok
[48/11794] queries/stackoverflow/SQLStorm/5715.sql  (run_id FBA7EE283EDD5590)
  ok
[49/11794] queries/stackoverflow/SQLStorm/23200.sql  (run_id 4115196043912485)
  ok
[50/11794] queries/stackoverflow/SQLStorm/6507.sql  (run_id 43E206DAB2CBCFCB)
  ok
[51/11794] queries/stackoverflow/SQLStorm/18022.sql  (run_id 59B5DC6B32A89CF2)
  ok
[52/11794] queries/stackoverflow/SQLStorm/13195.sql  (run_id 0092A4D50A973DE5)
  ok
[53/11794] queries/stackoverflow/SQLStorm/3854.sql  (run_id A9D31CE5D6AD3E5F)
  ok
[54/11794] queries/stackoverflow/SQLStorm/14065.sql  (run_id 9E8DB37EDED4E5DB)
  ok
[55/11794] queries/stackoverflow/SQLStorm/15635.sql  (run_id E3A7A59B68D673CB)
  ok
[56/11794] queries/stackoverflow/SQLStorm/26806.sql  (run_id F6079CC57935BFE6)
  ok
[57/11794] queries/stackoverflow/SQLStorm/28976.sql  (run_id 5D138586140941DC)
  ok
[58/11794] queries/stackoverflow/SQLStorm/12580.sql  (run_id 4722742F0C91D2CA)
  ok
[59/11794] queries/stackoverflow/SQLStorm/15509.sql  (run_id 56EE4A1D64699DC2)
  ok
[60/11794] queries/stackoverflow/SQLStorm/12635.sql  (run_id 1FB423EA9C136509)
  ok
[61/11794] queries/stackoverflow/SQLStorm/11993.sql  (run_id DA3CCF7FD5E67731)
  ok
[62/11794] queries/stackoverflow/SQLStorm/13276.sql  (run_id 8953DC5858E095FE)
  ok
[63/11794] queries/stackoverflow/SQLStorm/31779.sql  (run_id 155316C448435B1B)
  ok
[64/11794] queries/stackoverflow/SQLStorm/1877.sql  (run_id 8FFF0E80D9D35AF7)
  ok
[65/11794] queries/stackoverflow/SQLStorm/2487.sql  (run_id C4FD64226B16F19F)
  ok
[66/11794] queries/stackoverflow/SQLStorm/12382.sql  (run_id D97422CC3C254C8D)
  ok
[67/11794] queries/stackoverflow/SQLStorm/13544.sql  (run_id 39A5CE9B6507F96C)
  ok
[68/11794] queries/stackoverflow/SQLStorm/749.sql  (run_id 08C239DEFA1BC40F)
  ok
[69/11794] queries/stackoverflow/SQLStorm/28878.sql  (run_id 320169AA8B788F52)
  ok
[70/11794] queries/stackoverflow/SQLStorm/28920.sql  (run_id E0854C0412E30B88)
  ok
[71/11794] queries/stackoverflow/SQLStorm/6228.sql  (run_id 28DDE8EB3EFD1047)
  ok
[72/11794] queries/stackoverflow/SQLStorm/18471.sql  (run_id D2B102ABC57B9975)
  ok
[73/11794] queries/stackoverflow/SQLStorm/17162.sql  (run_id F156BDF6021007DA)
  ok
[74/11794] queries/stackoverflow/SQLStorm/3606.sql  (run_id FDDFC7C4CAC0EA26)
  ok
[75/11794] queries/stackoverflow/SQLStorm/13867.sql  (run_id 7B1787BF3C5B139B)
  ok
[76/11794] queries/stackoverflow/SQLStorm/19634.sql  (run_id BA2BE30495FDCA42)
  ok
[77/11794] queries/stackoverflow/SQLStorm/7685.sql  (run_id A34DEBAC5F7A6D29)
  ok
[78/11794] queries/stackoverflow/SQLStorm/10815.sql  (run_id 0AEA333C81D0FE92)
  ok
[79/11794] queries/stackoverflow/SQLStorm/16624.sql  (run_id 05E0F0A3F7978B91)
  ok
[80/11794] queries/stackoverflow/SQLStorm/17892.sql  (run_id 711E6EB3AF81B0C6)
  ok
[81/11794] queries/stackoverflow/SQLStorm/25989.sql  (run_id E76472FA6E66738B)
  ok
[82/11794] queries/stackoverflow/SQLStorm/16035.sql  (run_id 5A7981EE6FFFFEE0)
  ok
[83/11794] queries/stackoverflow/SQLStorm/15388.sql  (run_id 40B3E5ADACA90084)
  ok
[84/11794] queries/stackoverflow/SQLStorm/528.sql  (run_id E60C2AA16E9B6F09)
  ok
[85/11794] queries/stackoverflow/SQLStorm/13806.sql  (run_id A6C10C77C54B5B59)
  ok
[86/11794] queries/stackoverflow/SQLStorm/16577.sql  (run_id 669A2357F7B743D6)
  ok
[87/11794] queries/stackoverflow/SQLStorm/15251.sql  (run_id ECCDA4F19BFB7AAB)
  ok
[88/11794] queries/stackoverflow/SQLStorm/29512.sql  (run_id DCB012430AD0C185)
  ok
[89/11794] queries/stackoverflow/SQLStorm/15087.sql  (run_id 0A1EEB4137D7BD1E)
  ok
[90/11794] queries/stackoverflow/SQLStorm/19247.sql  (run_id 4427C737DAB17039)
  ok
[91/11794] queries/stackoverflow/SQLStorm/15839.sql  (run_id 13C7DFCB860E2316)
  ok
[92/11794] queries/stackoverflow/SQLStorm/26947.sql  (run_id 6F44CEAC616AAB1A)
  ok
[93/11794] queries/stackoverflow/SQLStorm/20388.sql  (run_id 65D1D129A7222AEE)
  ok
[94/11794] queries/stackoverflow/SQLStorm/29400.sql  (run_id 3F5A60B5B4F7A2F6)
  ok
[95/11794] queries/stackoverflow/SQLStorm/823.sql  (run_id B81550032519973E)
  ok
[96/11794] queries/stackoverflow/SQLStorm/11680.sql  (run_id 4CA4F51F7FFDC084)
  ok
[97/11794] queries/stackoverflow/SQLStorm/14308.sql  (run_id D08A23B997421414)
  ok
[98/11794] queries/stackoverflow/SQLStorm/4043.sql  (run_id BF6C51435B95B124)
  ok
[99/11794] queries/stackoverflow/SQLStorm/16603.sql  (run_id D04E329D32939AE3)
  ok
[100/11794] queries/stackoverflow/SQLStorm/11679.sql  (run_id 100CB698768F4048)
  ok
[101/11794] queries/stackoverflow/SQLStorm/29466.sql  (run_id 25E283A7FFC439F3)
  ok
[102/11794] queries/stackoverflow/SQLStorm/14514.sql  (run_id C912FCDD3FA5510D)
  ok
[103/11794] queries/stackoverflow/SQLStorm/15166.sql  (run_id A8A094B7977A7D8C)
  ok
[104/11794] queries/stackoverflow/SQLStorm/16960.sql  (run_id AEE63F7665F8FF37)
  ok
[105/11794] queries/stackoverflow/SQLStorm/16389.sql  (run_id 488D42243AED71D6)
  ok
[106/11794] queries/stackoverflow/SQLStorm/19940.sql  (run_id 0A1120A279A96852)
  ok
[107/11794] queries/stackoverflow/SQLStorm/15067.sql  (run_id 3C3B6B4E2EA2CE68)
  ok
[108/11794] queries/stackoverflow/SQLStorm/3530.sql  (run_id C819DE0523E1DEA3)
  ok
[109/11794] queries/stackoverflow/SQLStorm/28360.sql  (run_id E4A51BA44B07A778)
  ok
[110/11794] queries/stackoverflow/SQLStorm/10435.sql  (run_id FAFAB5ED7662D74B)
  ok
[111/11794] queries/stackoverflow/SQLStorm/12576.sql  (run_id C2A19AF88DA75480)
  ok
[112/11794] queries/stackoverflow/SQLStorm/2379.sql  (run_id 10FAF516B9E4A382)
  ok
[113/11794] queries/stackoverflow/SQLStorm/18680.sql  (run_id 318CF29495AAAAF0)
  ok
[114/11794] queries/stackoverflow/SQLStorm/16713.sql  (run_id CB467974D3359939)
  ok
[115/11794] queries/stackoverflow/SQLStorm/3806.sql  (run_id 93987200905CF7E8)
  ok
[116/11794] queries/stackoverflow/SQLStorm/1713.sql  (run_id 7521433B12174AF7)
  ok
[117/11794] queries/stackoverflow/SQLStorm/10855.sql  (run_id 8B75C576B96AD92F)
  ok
[118/11794] queries/stackoverflow/SQLStorm/12272.sql  (run_id 4BE5356A351A3E82)
  ok
[119/11794] queries/stackoverflow/SQLStorm/10605.sql  (run_id 5912B375D7F98CF4)
  ok
[120/11794] queries/stackoverflow/SQLStorm/10801.sql  (run_id C1D4D10421A49630)
  ok
[121/11794] queries/stackoverflow/SQLStorm/13151.sql  (run_id 2D10162ACB5A0091)
  ok
[122/11794] queries/stackoverflow/SQLStorm/18679.sql  (run_id 969E4668E8B36432)
  ok
[123/11794] queries/stackoverflow/SQLStorm/12668.sql  (run_id 818FDDB0EFA2B949)
  ok
[124/11794] queries/stackoverflow/SQLStorm/16461.sql  (run_id 2626053B9367F846)
  ok
[125/11794] queries/stackoverflow/SQLStorm/4053.sql  (run_id 418CC9033836180E)
  ok
[126/11794] queries/stackoverflow/SQLStorm/17157.sql  (run_id 6CC1660361C08E00)
  ok
[127/11794] queries/stackoverflow/SQLStorm/27402.sql  (run_id E34A8533D44E0F04)
  ok
[128/11794] queries/stackoverflow/SQLStorm/15985.sql  (run_id C2889EDFDB244937)
  ok
[129/11794] queries/stackoverflow/SQLStorm/16130.sql  (run_id 71D9425D33063409)
  ok
[130/11794] queries/stackoverflow/SQLStorm/17343.sql  (run_id ED978B8526826E43)
  ok
[131/11794] queries/stackoverflow/SQLStorm/17395.sql  (run_id BC0348508D266DD1)
  ok
[132/11794] queries/stackoverflow/SQLStorm/5164.sql  (run_id 1995CCF73EBF10A7)
  ok
[133/11794] queries/stackoverflow/SQLStorm/11743.sql  (run_id C839F60A532088A2)
  ok
[134/11794] queries/stackoverflow/SQLStorm/19199.sql  (run_id A8DE517154DC74D1)
  ok
[135/11794] queries/stackoverflow/SQLStorm/17451.sql  (run_id 1DC39BFF94EC9DB1)
  ok
[136/11794] queries/stackoverflow/SQLStorm/17738.sql  (run_id F4B65BC75E6D7E32)
  ok
[137/11794] queries/stackoverflow/SQLStorm/4881.sql  (run_id 45B58564AD746C14)
  ok
[138/11794] queries/stackoverflow/SQLStorm/14634.sql  (run_id 31BBE2093DB82E7D)
  ok
[139/11794] queries/stackoverflow/SQLStorm/12706.sql  (run_id 446D39917F4BBBBE)
  ok
[140/11794] queries/stackoverflow/SQLStorm/11225.sql  (run_id 48ECC9CF026B970C)
  ok
[141/11794] queries/stackoverflow/SQLStorm/12400.sql  (run_id 26D490F6ACA01718)
  ok
[142/11794] queries/stackoverflow/SQLStorm/29977.sql  (run_id 8BB5084EFF01006B)
  ok
[143/11794] queries/stackoverflow/SQLStorm/15500.sql  (run_id FE1C8A5D768C0822)
  ok
[144/11794] queries/stackoverflow/SQLStorm/25771.sql  (run_id 5D04896FB71C80D9)
  ok
[145/11794] queries/stackoverflow/SQLStorm/15303.sql  (run_id A21A2A38EE8F13F6)
  ok
[146/11794] queries/stackoverflow/SQLStorm/15448.sql  (run_id B643622DFF72C7C9)
  ok
[147/11794] queries/stackoverflow/SQLStorm/10452.sql  (run_id 2AA6C015D04C7614)
  ok
[148/11794] queries/stackoverflow/SQLStorm/8074.sql  (run_id 0C384793E09820CF)
  ok
[149/11794] queries/stackoverflow/SQLStorm/4372.sql  (run_id BEC2F7FCC4EA05CE)
  ok
[150/11794] queries/stackoverflow/SQLStorm/16313.sql  (run_id 5E9723CB82F53C9D)
  ok
[151/11794] queries/stackoverflow/SQLStorm/15604.sql  (run_id 1E0E7634C76427BF)
  ok
[152/11794] queries/stackoverflow/SQLStorm/18246.sql  (run_id C5ABE3AF1B3F67ED)
  ok
[153/11794] queries/stackoverflow/SQLStorm/22840.sql  (run_id 6EB6EDC4E2BFA580)
  ok
[154/11794] queries/stackoverflow/SQLStorm/15024.sql  (run_id 6567A0938F919CBD)
  ok
[155/11794] queries/stackoverflow/SQLStorm/22668.sql  (run_id 6B10B67561F54EA7)
  ok
[156/11794] queries/stackoverflow/SQLStorm/11091.sql  (run_id 3EFABD4E7642BEB1)
  ok
[157/11794] queries/stackoverflow/SQLStorm/17659.sql  (run_id 99BC3A95FB6BD3F4)
  ok
[158/11794] queries/stackoverflow/SQLStorm/14270.sql  (run_id B4D0D851CBAF3DEE)
  ok
[159/11794] queries/stackoverflow/SQLStorm/11167.sql  (run_id 0F656ADC995B1CFC)
  ok
[160/11794] queries/stackoverflow/SQLStorm/16924.sql  (run_id 5854564B4D04BAD6)
  ok
[161/11794] queries/stackoverflow/SQLStorm/4861.sql  (run_id 870A4B07A8DE0FAA)
  ok
[162/11794] queries/stackoverflow/SQLStorm/33633.sql  (run_id 0F41BA7AEA3330FC)
  ok
[163/11794] queries/stackoverflow/SQLStorm/19813.sql  (run_id 46F206B3AD37EFF2)
  ok
[164/11794] queries/stackoverflow/SQLStorm/9035.sql  (run_id AF286A8B061B7359)
  ok
[165/11794] queries/stackoverflow/SQLStorm/10530.sql  (run_id BB586D8F93AB7A57)
  ok
[166/11794] queries/stackoverflow/SQLStorm/14479.sql  (run_id 221A87E1BD8868A0)
  ok
[167/11794] queries/stackoverflow/SQLStorm/18357.sql  (run_id AC8C8E40512A61F9)
  ok
[168/11794] queries/stackoverflow/SQLStorm/969.sql  (run_id 44D5236BC8D3CFF6)
  ok
[169/11794] queries/stackoverflow/SQLStorm/6743.sql  (run_id 3A9BF9A678EADC57)
  ok
[170/11794] queries/stackoverflow/SQLStorm/14827.sql  (run_id 50266DD6AD3BFA46)
  ok
[171/11794] queries/stackoverflow/SQLStorm/13440.sql  (run_id D53E8CAB084F2D73)
  ok
[172/11794] queries/stackoverflow/SQLStorm/11492.sql  (run_id 8CD6E4807BC42377)
  ok
[173/11794] queries/stackoverflow/SQLStorm/15784.sql  (run_id 67FB768E59DC6C5E)
  ok
[174/11794] queries/stackoverflow/SQLStorm/17295.sql  (run_id F4F30856BEC6A33B)
  ok
[175/11794] queries/stackoverflow/SQLStorm/16273.sql  (run_id AA265D73BC74F52E)
  ok
[176/11794] queries/stackoverflow/SQLStorm/7833.sql  (run_id C943B7E5C8CBF73C)
  ok
[177/11794] queries/stackoverflow/SQLStorm/11843.sql  (run_id C1531A92F24A245A)
  ok
[178/11794] queries/stackoverflow/SQLStorm/16621.sql  (run_id 2B8A448036996D4E)
  ok
[179/11794] queries/stackoverflow/SQLStorm/6132.sql  (run_id 2E6E155CA9230635)
  ok
[180/11794] queries/stackoverflow/SQLStorm/19784.sql  (run_id 9BF2F30957FA5A41)
  ok
[181/11794] queries/stackoverflow/SQLStorm/15789.sql  (run_id 6E3751660893647F)
  ok
[182/11794] queries/stackoverflow/SQLStorm/22783.sql  (run_id 470A8C9AF5CF2192)
  ok
[183/11794] queries/stackoverflow/SQLStorm/18094.sql  (run_id 25EE3A71F1A20058)
  ok
[184/11794] queries/stackoverflow/SQLStorm/19576.sql  (run_id 30FC9842947F6317)
  ok
[185/11794] queries/stackoverflow/SQLStorm/17129.sql  (run_id 5EF7587D85D22F30)
  ok
[186/11794] queries/stackoverflow/SQLStorm/20000.sql  (run_id 6F96EA467249F787)
  ok
[187/11794] queries/stackoverflow/SQLStorm/2399.sql  (run_id B83D88E7CB42B124)
  ok
[188/11794] queries/stackoverflow/SQLStorm/8986.sql  (run_id 82F7D4D34F68C267)
  ok
[189/11794] queries/stackoverflow/SQLStorm/16631.sql  (run_id 9A4698F05B989286)
  ok
[190/11794] queries/stackoverflow/SQLStorm/8514.sql  (run_id 4C7820BE7EFC50C3)
  ok
[191/11794] queries/stackoverflow/SQLStorm/18011.sql  (run_id BC78A5427235F6E2)
  ok
[192/11794] queries/stackoverflow/SQLStorm/16685.sql  (run_id 74B3F14BFC9676AD)
  ok
[193/11794] queries/stackoverflow/SQLStorm/529.sql  (run_id 950B6F2618BCF842)
  ok
[194/11794] queries/stackoverflow/SQLStorm/28312.sql  (run_id 895511E84CCFDD35)
  ok
[195/11794] queries/stackoverflow/SQLStorm/8565.sql  (run_id 9353A8EBA5A4E58E)
  ok
[196/11794] queries/stackoverflow/SQLStorm/10349.sql  (run_id 191C62190C66EE50)
  ok
[197/11794] queries/stackoverflow/SQLStorm/5356.sql  (run_id E1BC129DFBD54540)
  ok
[198/11794] queries/stackoverflow/SQLStorm/32162.sql  (run_id F6E88DBD38FD195E)
  ok
[199/11794] queries/stackoverflow/SQLStorm/6033.sql  (run_id 7AF2BF4EDE2406D6)
  ok
[200/11794] queries/stackoverflow/SQLStorm/15149.sql  (run_id 8AC068E3843F6995)
  ok
[201/11794] queries/stackoverflow/SQLStorm/14507.sql  (run_id F91BAB7B2464966C)
  ok
[202/11794] queries/stackoverflow/SQLStorm/18665.sql  (run_id BA6B529BFEF2E6DB)
  ok
[203/11794] queries/stackoverflow/SQLStorm/228.sql  (run_id 7B35B781827661D2)
  ok
[204/11794] queries/stackoverflow/SQLStorm/962.sql  (run_id 8012874314A675B7)
  ok
[205/11794] queries/stackoverflow/SQLStorm/12582.sql  (run_id AB3EF4446B5DE97D)
  ok
[206/11794] queries/stackoverflow/SQLStorm/18073.sql  (run_id 6AACB9837E9B07E9)
  ok
[207/11794] queries/stackoverflow/SQLStorm/8761.sql  (run_id 68F40C6A07F3244D)
  ok
[208/11794] queries/stackoverflow/SQLStorm/33831.sql  (run_id A37AAFAD4F16849E)
  ok
[209/11794] queries/stackoverflow/SQLStorm/14068.sql  (run_id 9D405EE8B5380BDC)
  ok
[210/11794] queries/stackoverflow/SQLStorm/15384.sql  (run_id 16956AE315C2A828)
  ok
[211/11794] queries/stackoverflow/SQLStorm/7174.sql  (run_id C38DBB738243D705)
  ok
[212/11794] queries/stackoverflow/SQLStorm/18590.sql  (run_id 447E3853B6AF6D0D)
  ok
[213/11794] queries/stackoverflow/SQLStorm/13574.sql  (run_id CF5631799CA9CAF8)
  ok
[214/11794] queries/stackoverflow/SQLStorm/28288.sql  (run_id 42DCB8C92EF18BB1)
  ok
[215/11794] queries/stackoverflow/SQLStorm/32459.sql  (run_id FE80C4334F290C05)
  ok
[216/11794] queries/stackoverflow/SQLStorm/27033.sql  (run_id 08A29727A2DB9FDC)
  ok
[217/11794] queries/stackoverflow/SQLStorm/5556.sql  (run_id 963E82391CA4432C)
  ok
[218/11794] queries/stackoverflow/SQLStorm/12007.sql  (run_id 825B3F6BCE188EAF)
  ok
[219/11794] queries/stackoverflow/SQLStorm/3182.sql  (run_id 76D6A6FD364EDC91)
  ok
[220/11794] queries/stackoverflow/SQLStorm/14251.sql  (run_id 29ADD0AC825D0282)
  ok
[221/11794] queries/stackoverflow/SQLStorm/8788.sql  (run_id F1A711890DE77B99)
  ok
[222/11794] queries/stackoverflow/SQLStorm/19780.sql  (run_id F435BF7C678D8A5E)
  ok
[223/11794] queries/stackoverflow/SQLStorm/10649.sql  (run_id 3462C932DA36FE91)
  ok
[224/11794] queries/stackoverflow/SQLStorm/1820.sql  (run_id 72B1DC531A60B727)
  ok
[225/11794] queries/stackoverflow/SQLStorm/7018.sql  (run_id 8E6B82B0B5BF6C64)
  ok
[226/11794] queries/stackoverflow/SQLStorm/6783.sql  (run_id 0484A1D3E7BA277E)
  ok
[227/11794] queries/stackoverflow/SQLStorm/15422.sql  (run_id 45AA773CEBA2D9E8)
  ok
[228/11794] queries/stackoverflow/SQLStorm/14302.sql  (run_id B71CAC0E3B0BF55A)
  ok
[229/11794] queries/stackoverflow/SQLStorm/3709.sql  (run_id CEE9A48AFEABE242)
  ok
[230/11794] queries/stackoverflow/SQLStorm/3103.sql  (run_id 149D39AA3D90498F)
  ok
[231/11794] queries/stackoverflow/SQLStorm/29909.sql  (run_id 87C289291A0EC28A)
  ok
[232/11794] queries/stackoverflow/SQLStorm/21726.sql  (run_id 8EEB846F0B4755CD)
  ok
[233/11794] queries/stackoverflow/SQLStorm/7939.sql  (run_id 72A5DF0770C0C4A4)
  ok
[234/11794] queries/stackoverflow/SQLStorm/11851.sql  (run_id A58C354351984527)
  ok
[235/11794] queries/stackoverflow/SQLStorm/30444.sql  (run_id 8AA56E3B3BAD615B)
  ok
[236/11794] queries/stackoverflow/SQLStorm/17950.sql  (run_id 1B515B99D29165D5)
  ok
[237/11794] queries/stackoverflow/SQLStorm/12990.sql  (run_id AF6C050C29FAAF8B)
  ok
[238/11794] queries/stackoverflow/SQLStorm/13923.sql  (run_id F9611A22C1191011)
  ok
[239/11794] queries/stackoverflow/SQLStorm/1399.sql  (run_id D276FD0A47308FAF)
  ok
[240/11794] queries/stackoverflow/SQLStorm/10066.sql  (run_id 5C9E81F527C38401)
  ok
[241/11794] queries/stackoverflow/SQLStorm/15849.sql  (run_id 9B3D5DC24967672C)
  ok
[242/11794] queries/stackoverflow/SQLStorm/9404.sql  (run_id 694436BC68E205A7)
  ok
[243/11794] queries/stackoverflow/SQLStorm/12324.sql  (run_id 8239BEBBA5AFB291)
  ok
[244/11794] queries/stackoverflow/SQLStorm/7876.sql  (run_id 4204D4B820D1C96B)
  ok
[245/11794] queries/stackoverflow/SQLStorm/15775.sql  (run_id DD60A1D6F9E1C942)
  ok
[246/11794] queries/stackoverflow/SQLStorm/15729.sql  (run_id CA2CA54B40EE135F)
  ok
[247/11794] queries/stackoverflow/SQLStorm/838.sql  (run_id D8CCC4A24160754F)
  ok
[248/11794] queries/stackoverflow/SQLStorm/28022.sql  (run_id C44A538CAF832940)
  ok
[249/11794] queries/stackoverflow/SQLStorm/3938.sql  (run_id E60EB95C6AC1D7A8)
  ok
[250/11794] queries/stackoverflow/SQLStorm/14367.sql  (run_id A1F841002C129ECA)
  ok
[251/11794] queries/stackoverflow/SQLStorm/5860.sql  (run_id 69C74D53C0BBB3EB)
  ok
[252/11794] queries/stackoverflow/SQLStorm/17331.sql  (run_id 290C96B18BD4E031)
  ok
[253/11794] queries/stackoverflow/SQLStorm/7706.sql  (run_id 1967FDA00EE74DFF)
  ok
[254/11794] queries/stackoverflow/SQLStorm/9177.sql  (run_id 4F90D26060509EBD)
  ok
[255/11794] queries/stackoverflow/SQLStorm/10574.sql  (run_id 3964676F1F97D11B)
  ok
[256/11794] queries/stackoverflow/SQLStorm/17838.sql  (run_id 35943C8163649F4F)
  ok
[257/11794] queries/stackoverflow/SQLStorm/11678.sql  (run_id FEDB4716054E6F2B)
  ok
[258/11794] queries/stackoverflow/SQLStorm/12276.sql  (run_id AD61BC21BC1F88FD)
  ok
[259/11794] queries/stackoverflow/SQLStorm/12800.sql  (run_id 6D201524BDCC73C1)
  ok
[260/11794] queries/stackoverflow/SQLStorm/15506.sql  (run_id 23A55C5DC79F3E28)
  ok
[261/11794] queries/stackoverflow/SQLStorm/32626.sql  (run_id B894395397D806C7)
  ok
[262/11794] queries/stackoverflow/SQLStorm/22177.sql  (run_id 629BFF582CEEC362)
  ok
[263/11794] queries/stackoverflow/SQLStorm/11227.sql  (run_id 7D2F8D5641561DDC)
  ok
[264/11794] queries/stackoverflow/SQLStorm/2952.sql  (run_id 3B0EA03F27554FE1)
  ok
[265/11794] queries/stackoverflow/SQLStorm/13446.sql  (run_id 8C11C098EF4AAF09)
  ok
[266/11794] queries/stackoverflow/SQLStorm/9087.sql  (run_id 1856F81F14D0103A)
  ok
[267/11794] queries/stackoverflow/SQLStorm/19707.sql  (run_id 0B36AB541F02BFCB)
  ok
[268/11794] queries/stackoverflow/SQLStorm/4972.sql  (run_id 53130B505D0BC501)
  ok
[269/11794] queries/stackoverflow/SQLStorm/17715.sql  (run_id A79E2F651516AD4A)
  ok
[270/11794] queries/stackoverflow/SQLStorm/18996.sql  (run_id 26B4130BF8857939)
  ok
[271/11794] queries/stackoverflow/SQLStorm/14829.sql  (run_id FE68C74E507F8C14)
  ok
[272/11794] queries/stackoverflow/SQLStorm/16746.sql  (run_id 1A30B411A4A4558B)
  ok
[273/11794] queries/stackoverflow/SQLStorm/16332.sql  (run_id 60539E9C98D524DB)
  ok
[274/11794] queries/stackoverflow/SQLStorm/18058.sql  (run_id 30AC448C0AE5E508)
  ok
[275/11794] queries/stackoverflow/SQLStorm/22793.sql  (run_id D999454F0F68BEFC)
  ok
[276/11794] queries/stackoverflow/SQLStorm/17863.sql  (run_id 72B74B5E093F82C0)
  ok
[277/11794] queries/stackoverflow/SQLStorm/10694.sql  (run_id FCA2001C82E3308E)
  ok
[278/11794] queries/stackoverflow/SQLStorm/10743.sql  (run_id 0DB4B38921C2F557)
  ok
[279/11794] queries/stackoverflow/SQLStorm/6740.sql  (run_id C12F1BB8FE153A3F)
  ok
[280/11794] queries/stackoverflow/SQLStorm/10127.sql  (run_id BBEC18BFAD55E89E)
  ok
[281/11794] queries/stackoverflow/SQLStorm/16632.sql  (run_id B0937B9947DCBEBF)
  ok
[282/11794] queries/stackoverflow/SQLStorm/13366.sql  (run_id 0895C0CA10F6D65B)
  ok
[283/11794] queries/stackoverflow/SQLStorm/6641.sql  (run_id D002659E1ACC2943)
  ok
[284/11794] queries/stackoverflow/SQLStorm/9149.sql  (run_id 3C4B9574F7E09567)
  ok
[285/11794] queries/stackoverflow/SQLStorm/12189.sql  (run_id 095D7DA5D5D37169)
  ok
[286/11794] queries/stackoverflow/SQLStorm/15621.sql  (run_id F79DAFFFDCC14F63)
  ok
[287/11794] queries/stackoverflow/SQLStorm/6852.sql  (run_id 7F0BCF8036D069F5)
  ok
[288/11794] queries/stackoverflow/SQLStorm/26274.sql  (run_id F089C5FD6CB78A49)
  ok
[289/11794] queries/stackoverflow/SQLStorm/34077.sql  (run_id 7F6430B0B5FE6830)
  ok
[290/11794] queries/stackoverflow/SQLStorm/15624.sql  (run_id A9E3C933E2A5B2ED)
  ok
[291/11794] queries/stackoverflow/SQLStorm/7385.sql  (run_id BB337BA1677885D1)
  ok
[292/11794] queries/stackoverflow/SQLStorm/14400.sql  (run_id 635CC8E216FB607B)
  ok
[293/11794] queries/stackoverflow/SQLStorm/6780.sql  (run_id C067C0D69154BF29)
  ok
[294/11794] queries/stackoverflow/SQLStorm/5254.sql  (run_id 6FA0A8F426159A9F)
  ok
[295/11794] queries/stackoverflow/SQLStorm/15995.sql  (run_id D5F75B0C3C02C5B6)
  ok
[296/11794] queries/stackoverflow/SQLStorm/11484.sql  (run_id A1E9572209D92C2C)
  ok
[297/11794] queries/stackoverflow/SQLStorm/7100.sql  (run_id C71196D1B6136934)
  ok
[298/11794] queries/stackoverflow/SQLStorm/17883.sql  (run_id 8082C99262D788E7)
  ok
[299/11794] queries/stackoverflow/SQLStorm/4698.sql  (run_id A73DB1052AE7AB93)
  ok
[300/11794] queries/stackoverflow/SQLStorm/12891.sql  (run_id F7F415E846D2A684)
  ok
[301/11794] queries/stackoverflow/SQLStorm/6762.sql  (run_id 8C5699A167BD71A9)
  ok
[302/11794] queries/stackoverflow/SQLStorm/4412.sql  (run_id 3D524E94F70FF7CC)
  ok
[303/11794] queries/stackoverflow/SQLStorm/26863.sql  (run_id 0952C2A3B10E0BDC)
  ok
[304/11794] queries/stackoverflow/SQLStorm/14234.sql  (run_id 8358203CCE305192)
  ok
[305/11794] queries/stackoverflow/SQLStorm/18705.sql  (run_id CD64DD941DF3CF5E)
  ok
[306/11794] queries/stackoverflow/SQLStorm/5705.sql  (run_id BCBE467039503183)
  ok
[307/11794] queries/stackoverflow/SQLStorm/6153.sql  (run_id 87904894E012F11A)
  ok
[308/11794] queries/stackoverflow/SQLStorm/14580.sql  (run_id B4BE068F1CEFD145)
  ok
[309/11794] queries/stackoverflow/SQLStorm/981.sql  (run_id 53D57E47AACE899C)
  ok
[310/11794] queries/stackoverflow/SQLStorm/6854.sql  (run_id 78F4D3E20B0D710D)
  ok
[311/11794] queries/stackoverflow/SQLStorm/19250.sql  (run_id 8D911948200B3740)
  ok
[312/11794] queries/stackoverflow/SQLStorm/12117.sql  (run_id 9D2D3411D73D5B18)
  ok
[313/11794] queries/stackoverflow/SQLStorm/25706.sql  (run_id F14E3AD271623B03)
  ok
[314/11794] queries/stackoverflow/SQLStorm/19334.sql  (run_id 1C7D44223E54909B)
  ok
[315/11794] queries/stackoverflow/SQLStorm/15329.sql  (run_id E0144910BC6EBAA1)
  ok
[316/11794] queries/stackoverflow/SQLStorm/15457.sql  (run_id B509E9AC0D30FDB9)
  ok
[317/11794] queries/stackoverflow/SQLStorm/928.sql  (run_id B1F97E5161132E33)
  ok
[318/11794] queries/stackoverflow/SQLStorm/12308.sql  (run_id A656837BB44C4F52)
  ok
[319/11794] queries/stackoverflow/SQLStorm/20538.sql  (run_id A62B2FB2A17AE09A)
  ok
[320/11794] queries/stackoverflow/SQLStorm/13287.sql  (run_id CE52524CC4943028)
  ok
[321/11794] queries/stackoverflow/SQLStorm/9328.sql  (run_id 20D500CCD80BCED1)
  ok
[322/11794] queries/stackoverflow/SQLStorm/19553.sql  (run_id E1A7220468C84F7C)
  ok
[323/11794] queries/stackoverflow/SQLStorm/5073.sql  (run_id 91BB21FE3C72B4A1)
  ok
[324/11794] queries/stackoverflow/SQLStorm/16301.sql  (run_id 1D4E28444051EE4E)
  ok
[325/11794] queries/stackoverflow/SQLStorm/9016.sql  (run_id E1801ECDD66BD143)
  ok
[326/11794] queries/stackoverflow/SQLStorm/5527.sql  (run_id EB8A4069CBFC5D5C)
  ok
[327/11794] queries/stackoverflow/SQLStorm/18228.sql  (run_id EEBD356174E92DDB)
  ok
[328/11794] queries/stackoverflow/SQLStorm/16153.sql  (run_id D389100328DE49B9)
  ok
[329/11794] queries/stackoverflow/SQLStorm/12771.sql  (run_id FE900F94AB8A77C1)
  ok
[330/11794] queries/stackoverflow/SQLStorm/15956.sql  (run_id 501CE0D7E1C7BCE1)
  ok
[331/11794] queries/stackoverflow/SQLStorm/1102.sql  (run_id 3B412C99A5CF686B)
  ok
[332/11794] queries/stackoverflow/SQLStorm/18243.sql  (run_id F72E5DDAA3219CA8)
  ok
[333/11794] queries/stackoverflow/SQLStorm/11810.sql  (run_id 47728F98D0BC9088)
  ok
[334/11794] queries/stackoverflow/SQLStorm/2817.sql  (run_id B4AE1A5AE5D57A74)
  ok
[335/11794] queries/stackoverflow/SQLStorm/15535.sql  (run_id 286CDA5959D32E7F)
  ok
[336/11794] queries/stackoverflow/SQLStorm/17831.sql  (run_id 504F17CA894650F4)
  ok
[337/11794] queries/stackoverflow/SQLStorm/25126.sql  (run_id 75AA45209131D93B)
  ok
[338/11794] queries/stackoverflow/SQLStorm/17969.sql  (run_id BBADF2912534E2ED)
  ok
[339/11794] queries/stackoverflow/SQLStorm/24313.sql  (run_id 5D7B0AA0E30197BC)
  ok
[340/11794] queries/stackoverflow/SQLStorm/12200.sql  (run_id 8C4896AC413F978E)
  ok
[341/11794] queries/stackoverflow/SQLStorm/11840.sql  (run_id C01596751B00CA99)
  ok
[342/11794] queries/stackoverflow/SQLStorm/14121.sql  (run_id DA72944477CF5DFC)
  ok
[343/11794] queries/stackoverflow/SQLStorm/5517.sql  (run_id 00C5E5094BE97B3A)
  ok
[344/11794] queries/stackoverflow/SQLStorm/26867.sql  (run_id 59570132D2802234)
  ok
[345/11794] queries/stackoverflow/SQLStorm/18392.sql  (run_id F1EFDB565202D221)
  ok
[346/11794] queries/stackoverflow/SQLStorm/19557.sql  (run_id 873AE9C687BA2D9E)
  ok
[347/11794] queries/stackoverflow/SQLStorm/8357.sql  (run_id D72E8341F61B4114)
  ok
[348/11794] queries/stackoverflow/SQLStorm/15512.sql  (run_id F0C4FE8DC05E75A1)
  ok
[349/11794] queries/stackoverflow/SQLStorm/14757.sql  (run_id 4539C9EA3F21F7AC)
  ok
[350/11794] queries/stackoverflow/SQLStorm/12110.sql  (run_id 8A2CDF0B852699D2)
  ok
[351/11794] queries/stackoverflow/SQLStorm/9164.sql  (run_id 2249CE1D6F6B4144)
  ok
[352/11794] queries/stackoverflow/SQLStorm/32433.sql  (run_id 3F9DBD06E994CCFD)
  ok
[353/11794] queries/stackoverflow/SQLStorm/22247.sql  (run_id 76B2320DB08ECE8F)
  ok
[354/11794] queries/stackoverflow/SQLStorm/14769.sql  (run_id 1E081FA09068500A)
  ok
[355/11794] queries/stackoverflow/SQLStorm/19061.sql  (run_id 9FD10EE031BFFCCA)
  ok
[356/11794] queries/stackoverflow/SQLStorm/11581.sql  (run_id 62F5F6DDF55EDBC8)
  ok
[357/11794] queries/stackoverflow/SQLStorm/17859.sql  (run_id 0F64B9D449D9C94B)
  ok
[358/11794] queries/stackoverflow/SQLStorm/18499.sql  (run_id 6082A8B527E3CC95)
  ok
[359/11794] queries/stackoverflow/SQLStorm/16265.sql  (run_id BD3FF7865E2C735F)
  ok
[360/11794] queries/stackoverflow/SQLStorm/13809.sql  (run_id 2B49AAD73F70078C)
  ok
[361/11794] queries/stackoverflow/SQLStorm/15602.sql  (run_id 388AE96005FA5509)
  ok
[362/11794] queries/stackoverflow/SQLStorm/19703.sql  (run_id C68134237D1B006D)
  ok
[363/11794] queries/stackoverflow/SQLStorm/15474.sql  (run_id EDD6142780866B97)
  ok
[364/11794] queries/stackoverflow/SQLStorm/7322.sql  (run_id 9AA21B0782A3E13D)
  ok
[365/11794] queries/stackoverflow/SQLStorm/6691.sql  (run_id 0D6AD7670DC9CF11)
  ok
[366/11794] queries/stackoverflow/SQLStorm/8656.sql  (run_id B1795F77B1ACB342)
  ok
[367/11794] queries/stackoverflow/SQLStorm/11342.sql  (run_id 0966C98C401AEEA3)
  ok
[368/11794] queries/stackoverflow/SQLStorm/19166.sql  (run_id 6274A1402680CCE4)
  ok
[369/11794] queries/stackoverflow/SQLStorm/13678.sql  (run_id A051127454765205)
  ok
[370/11794] queries/stackoverflow/SQLStorm/11352.sql  (run_id 38AD51864DA7056C)
  ok
[371/11794] queries/stackoverflow/SQLStorm/19593.sql  (run_id 40558E7FE22F70F2)
  ok
[372/11794] queries/stackoverflow/SQLStorm/4988.sql  (run_id A134E1040E99E996)
  ok
[373/11794] queries/stackoverflow/SQLStorm/19159.sql  (run_id 91EF8EB9CBB89FD6)
  ok
[374/11794] queries/stackoverflow/SQLStorm/15913.sql  (run_id F8D38F28CE62770D)
  ok
[375/11794] queries/stackoverflow/SQLStorm/14387.sql  (run_id 5C548F2B56505F3E)
  ok
[376/11794] queries/stackoverflow/SQLStorm/14810.sql  (run_id B5EAAEC56A1A5EC4)
  ok
[377/11794] queries/stackoverflow/SQLStorm/13480.sql  (run_id 26E1237B2BBD2B91)
  ok
[378/11794] queries/stackoverflow/SQLStorm/8424.sql  (run_id 52E3AE7D83065059)
  ok
[379/11794] queries/stackoverflow/SQLStorm/7758.sql  (run_id 493872BDAE291A65)
  ok
[380/11794] queries/stackoverflow/SQLStorm/17920.sql  (run_id E706BACB8B547420)
  ok
[381/11794] queries/stackoverflow/SQLStorm/12118.sql  (run_id B4311751C3075C9A)
  ok
[382/11794] queries/stackoverflow/SQLStorm/6588.sql  (run_id 407576B4EA11E83B)
  ok
[383/11794] queries/stackoverflow/SQLStorm/5242.sql  (run_id 12AF0842AAF31E55)
  ok
[384/11794] queries/stackoverflow/SQLStorm/11535.sql  (run_id 64A3F8F3DA51914A)
  ok
[385/11794] queries/stackoverflow/SQLStorm/17093.sql  (run_id EF8307ACB1C1C7B1)
  ok
[386/11794] queries/stackoverflow/SQLStorm/15977.sql  (run_id C7F8F7232A142DA5)
  ok
[387/11794] queries/stackoverflow/SQLStorm/16749.sql  (run_id CDA21396444CE69F)
  ok
[388/11794] queries/stackoverflow/SQLStorm/13176.sql  (run_id 0BB9B380DAE2D497)
  ok
[389/11794] queries/stackoverflow/SQLStorm/10414.sql  (run_id E0FBBD8CC6D9985F)
  ok
[390/11794] queries/stackoverflow/SQLStorm/15394.sql  (run_id D3968DA5D12DE54D)
  ok
[391/11794] queries/stackoverflow/SQLStorm/17301.sql  (run_id D1A2B6B667F9B011)
  ok
[392/11794] queries/stackoverflow/SQLStorm/5740.sql  (run_id C2987E5E931460B6)
  ok
[393/11794] queries/stackoverflow/SQLStorm/15697.sql  (run_id 9266345687EB1820)
  ok
[394/11794] queries/stackoverflow/SQLStorm/34639.sql  (run_id 5B3D576659FE9FFF)
  ok
[395/11794] queries/stackoverflow/SQLStorm/18438.sql  (run_id B3C53CB1FF587246)
  ok
[396/11794] queries/stackoverflow/SQLStorm/16598.sql  (run_id 4E014FCD73F203C6)
  ok
[397/11794] queries/stackoverflow/SQLStorm/3561.sql  (run_id 42FAB12367F17F10)
  ok
[398/11794] queries/stackoverflow/SQLStorm/10907.sql  (run_id 2C5C4E05F8CA7AF4)
  ok
[399/11794] queries/stackoverflow/SQLStorm/9581.sql  (run_id 4B881FEFFF9ADBA0)
  ok
[400/11794] queries/stackoverflow/SQLStorm/31629.sql  (run_id 6EEF369B87095F9E)
  ok
[401/11794] queries/stackoverflow/SQLStorm/10423.sql  (run_id 2431B8B848006364)
  ok
[402/11794] queries/stackoverflow/SQLStorm/19645.sql  (run_id 49A38035B18B4A95)
  ok
[403/11794] queries/stackoverflow/SQLStorm/15145.sql  (run_id B878DB516090B9DC)
  ok
[404/11794] queries/stackoverflow/SQLStorm/6069.sql  (run_id DEB11CB67E37F45D)
  ok
[405/11794] queries/stackoverflow/SQLStorm/9922.sql  (run_id 8D5CB8D298195EAE)
  ok
[406/11794] queries/stackoverflow/SQLStorm/11683.sql  (run_id 60BC4C6B00B24948)
  ok
[407/11794] queries/stackoverflow/SQLStorm/12540.sql  (run_id 3731FA3326B029E9)
  ok
[408/11794] queries/stackoverflow/SQLStorm/798.sql  (run_id 5D76C5A7E8E2C14B)
  ok
[409/11794] queries/stackoverflow/SQLStorm/19311.sql  (run_id 9A0381E80781F7B4)
  ok
[410/11794] queries/stackoverflow/SQLStorm/16067.sql  (run_id 506EF44A07622221)
  ok
[411/11794] queries/stackoverflow/SQLStorm/7545.sql  (run_id AEADC657E1AA5D28)
  ok
[412/11794] queries/stackoverflow/SQLStorm/34625.sql  (run_id 7CA6CBF2CF843459)
  ok
[413/11794] queries/stackoverflow/SQLStorm/14114.sql  (run_id 90279E17FC399873)
  ok
[414/11794] queries/stackoverflow/SQLStorm/10093.sql  (run_id E94A2094078A838B)
  ok
[415/11794] queries/stackoverflow/SQLStorm/16406.sql  (run_id 9898EA117A4A2899)
  ok
[416/11794] queries/stackoverflow/SQLStorm/31826.sql  (run_id 2A79CE6EAAAA28AE)
  ok
[417/11794] queries/stackoverflow/SQLStorm/17490.sql  (run_id 9EC890AA3B90E8A1)
  ok
[418/11794] queries/stackoverflow/SQLStorm/6148.sql  (run_id 6DEDE179CDD066B5)
  ok
[419/11794] queries/stackoverflow/SQLStorm/12046.sql  (run_id 859062C55740684F)
  ok
[420/11794] queries/stackoverflow/SQLStorm/29808.sql  (run_id F696F0BAB03585E2)
  ok
[421/11794] queries/stackoverflow/SQLStorm/14476.sql  (run_id A84273D8315B55FC)
  ok
[422/11794] queries/stackoverflow/SQLStorm/19002.sql  (run_id 501252BEFE52773F)
  ok
[423/11794] queries/stackoverflow/SQLStorm/26408.sql  (run_id C28814C87D9D72EE)
  ok
[424/11794] queries/stackoverflow/SQLStorm/26940.sql  (run_id AE095922B0EF7787)
  ok
[425/11794] queries/stackoverflow/SQLStorm/11561.sql  (run_id 2CC58068E15629AD)
  ok
[426/11794] queries/stackoverflow/SQLStorm/2036.sql  (run_id EC6DD0B80E3B0D11)
  ok
[427/11794] queries/stackoverflow/SQLStorm/18768.sql  (run_id 7A9D4454D7882BC3)
  ok
[428/11794] queries/stackoverflow/SQLStorm/16453.sql  (run_id 050C29A2D8082065)
  ok
[429/11794] queries/stackoverflow/SQLStorm/16071.sql  (run_id BE8761D8428EA9F4)
  ok
[430/11794] queries/stackoverflow/SQLStorm/11144.sql  (run_id 4FC628E380FAD168)
  ok
[431/11794] queries/stackoverflow/SQLStorm/134.sql  (run_id 29E2A6D079579B4D)
  ok
[432/11794] queries/stackoverflow/SQLStorm/19442.sql  (run_id D764674635089E77)
  ok
[433/11794] queries/stackoverflow/SQLStorm/19552.sql  (run_id 472376D7524F857C)
  ok
[434/11794] queries/stackoverflow/SQLStorm/9632.sql  (run_id 9ADA7FFB7A65D8C4)
  ok
[435/11794] queries/stackoverflow/SQLStorm/5399.sql  (run_id 4102B93DAC8822D9)
  ok
[436/11794] queries/stackoverflow/SQLStorm/19066.sql  (run_id 0A40E4BF5E8AA67A)
  ok
[437/11794] queries/stackoverflow/SQLStorm/11180.sql  (run_id 1A0D483831DE493F)
  ok
[438/11794] queries/stackoverflow/SQLStorm/27475.sql  (run_id AFBA03AB33B5E168)
  ok
[439/11794] queries/stackoverflow/SQLStorm/25392.sql  (run_id 87F92CA84BB6E3BB)
  ok
[440/11794] queries/stackoverflow/SQLStorm/18453.sql  (run_id F486379B09B740A8)
  ok
[441/11794] queries/stackoverflow/SQLStorm/30679.sql  (run_id 2E03E95B1FEFB145)
  ok
[442/11794] queries/stackoverflow/SQLStorm/460.sql  (run_id 1219DA9D9BD63BE0)
  ok
[443/11794] queries/stackoverflow/SQLStorm/17444.sql  (run_id 0B9696F81727EDCF)
  ok
[444/11794] queries/stackoverflow/SQLStorm/11221.sql  (run_id D9578766F1729E77)
  ok
[445/11794] queries/stackoverflow/SQLStorm/6283.sql  (run_id CE92CACE18663D39)
  ok
[446/11794] queries/stackoverflow/SQLStorm/15455.sql  (run_id 3A8F084E9BB9190A)
  ok
[447/11794] queries/stackoverflow/SQLStorm/12038.sql  (run_id EDF982FA684E4F46)
  ok
[448/11794] queries/stackoverflow/SQLStorm/18175.sql  (run_id 6920F23356927D1D)
  ok
[449/11794] queries/stackoverflow/SQLStorm/16288.sql  (run_id 4CED84961B505062)
  ok
[450/11794] queries/stackoverflow/SQLStorm/13038.sql  (run_id 214B8F7560584814)
  ok
[451/11794] queries/stackoverflow/SQLStorm/1246.sql  (run_id 648CE01079005A04)
  ok
[452/11794] queries/stackoverflow/SQLStorm/18981.sql  (run_id 038D3DB19A0FC081)
  ok
[453/11794] queries/stackoverflow/SQLStorm/7624.sql  (run_id B4D33EA1C91C09C4)
  ok
[454/11794] queries/stackoverflow/SQLStorm/26351.sql  (run_id B21B6401D8D88718)
  ok
[455/11794] queries/stackoverflow/SQLStorm/30355.sql  (run_id 1487C3493B763D29)
  ok
[456/11794] queries/stackoverflow/SQLStorm/19659.sql  (run_id 25FC9EB3466F0715)
  ok
[457/11794] queries/stackoverflow/SQLStorm/14386.sql  (run_id C3DC78A79317A228)
  ok
[458/11794] queries/stackoverflow/SQLStorm/16326.sql  (run_id A88A5476FFB30B34)
  ok
[459/11794] queries/stackoverflow/SQLStorm/19024.sql  (run_id 7AEA31FF1ABCE285)
  ok
[460/11794] queries/stackoverflow/SQLStorm/16789.sql  (run_id DA1EE018F0E3F6BB)
  ok
[461/11794] queries/stackoverflow/SQLStorm/20758.sql  (run_id 52C319653964CEB0)
  ok
[462/11794] queries/stackoverflow/SQLStorm/16231.sql  (run_id CE15EF84E70CAFDE)
  ok
[463/11794] queries/stackoverflow/SQLStorm/7218.sql  (run_id BB7822D31ADB04C5)
  ok
[464/11794] queries/stackoverflow/SQLStorm/25728.sql  (run_id E4EBC522701D4296)
  ok
[465/11794] queries/stackoverflow/SQLStorm/14055.sql  (run_id 116CA28CF49092C6)
  ok
[466/11794] queries/stackoverflow/SQLStorm/10710.sql  (run_id 390555D17D34C112)
  ok
[467/11794] queries/stackoverflow/SQLStorm/10660.sql  (run_id 695FCBAFDA35AFAD)
  ok
[468/11794] queries/stackoverflow/SQLStorm/3067.sql  (run_id 5452CEC5570A0B7D)
  ok
[469/11794] queries/stackoverflow/SQLStorm/12031.sql  (run_id 1E279354F6E86372)
  ok
[470/11794] queries/stackoverflow/SQLStorm/19917.sql  (run_id 3E1ABC077BF2A1F4)
  ok
[471/11794] queries/stackoverflow/SQLStorm/19264.sql  (run_id E231DE177842771A)
  ok
[472/11794] queries/stackoverflow/SQLStorm/20856.sql  (run_id 43901D1D227107A9)
  ok
[473/11794] queries/stackoverflow/SQLStorm/4232.sql  (run_id 5DD47CDCA2F0E69D)
  ok
[474/11794] queries/stackoverflow/SQLStorm/17658.sql  (run_id DC25F8F574820E3D)
  ok
[475/11794] queries/stackoverflow/SQLStorm/11449.sql  (run_id F87B1F274BBCD054)
  ok
[476/11794] queries/stackoverflow/SQLStorm/8112.sql  (run_id ACDFF42396B8D364)
  ok
[477/11794] queries/stackoverflow/SQLStorm/9606.sql  (run_id 495B8625A2201735)
  ok
[478/11794] queries/stackoverflow/SQLStorm/33231.sql  (run_id 65A223941C4B9793)
  ok
[479/11794] queries/stackoverflow/SQLStorm/8042.sql  (run_id 409620525F670A99)
  ok
[480/11794] queries/stackoverflow/SQLStorm/14106.sql  (run_id 2E0E72B28E1AAA38)
  ok
[481/11794] queries/stackoverflow/SQLStorm/8471.sql  (run_id A05D59F23AC22B63)
  ok
[482/11794] queries/stackoverflow/SQLStorm/7360.sql  (run_id 5463EA4307545EC5)
  ok
[483/11794] queries/stackoverflow/SQLStorm/16708.sql  (run_id 05F51AA6514B8A6F)
  ok
[484/11794] queries/stackoverflow/SQLStorm/16369.sql  (run_id 44C6010DD526B8E7)
  ok
[485/11794] queries/stackoverflow/SQLStorm/34942.sql  (run_id 7EA2FEFCC042BCD7)
  ok
[486/11794] queries/stackoverflow/SQLStorm/14997.sql  (run_id 516543DD564813BC)
  ok
[487/11794] queries/stackoverflow/SQLStorm/4465.sql  (run_id 612BD332A02855FE)
  ok
[488/11794] queries/stackoverflow/SQLStorm/18664.sql  (run_id 590BEA0A0F6F30C1)
  ok
[489/11794] queries/stackoverflow/SQLStorm/9814.sql  (run_id 23AB1FD84C1A591F)
  ok
[490/11794] queries/stackoverflow/SQLStorm/34677.sql  (run_id 66592F191CCD8A4D)
  ok
[491/11794] queries/stackoverflow/SQLStorm/17750.sql  (run_id 80A84E6E0A5F467B)
  ok
[492/11794] queries/stackoverflow/SQLStorm/15321.sql  (run_id 37CF1F58EB3A2ED9)
  ok
[493/11794] queries/stackoverflow/SQLStorm/19397.sql  (run_id E02E9A8314AB09CD)
  ok
[494/11794] queries/stackoverflow/SQLStorm/13950.sql  (run_id 424131BA2F000911)
  ok
[495/11794] queries/stackoverflow/SQLStorm/6333.sql  (run_id DCDCA148E85C8621)
  ok
[496/11794] queries/stackoverflow/SQLStorm/3824.sql  (run_id EAC17953C4B4B5FB)
  ok
[497/11794] queries/stackoverflow/SQLStorm/24509.sql  (run_id 4BC1A18CD7D1DCFA)
  ok
[498/11794] queries/stackoverflow/SQLStorm/11749.sql  (run_id 36216B978BD0CFDF)
  ok
[499/11794] queries/stackoverflow/SQLStorm/12393.sql  (run_id 0D8AA217279F4A7F)
  ok
[500/11794] queries/stackoverflow/SQLStorm/17400.sql  (run_id D4AC65B03B9C1AB9)
  ok
[501/11794] queries/stackoverflow/SQLStorm/15937.sql  (run_id F6B1DC27853E7069)
  ok
[502/11794] queries/stackoverflow/SQLStorm/6103.sql  (run_id BFFAE3F75D7504E8)
  ok
[503/11794] queries/stackoverflow/SQLStorm/24104.sql  (run_id 86B99EB185517528)
  ok
[504/11794] queries/stackoverflow/SQLStorm/10753.sql  (run_id CEC70DD33E5A791D)
  ok
[505/11794] queries/stackoverflow/SQLStorm/4327.sql  (run_id 37FBAE2CDE6709E9)
  ok
[506/11794] queries/stackoverflow/SQLStorm/5163.sql  (run_id B0C1E05C9A81C6F5)
  ok
[507/11794] queries/stackoverflow/SQLStorm/33983.sql  (run_id D4F0CEF73343956E)
  ok
[508/11794] queries/stackoverflow/SQLStorm/26717.sql  (run_id 4299D8833B03CE72)
  ok
[509/11794] queries/stackoverflow/SQLStorm/12558.sql  (run_id 17D0CD17FFD92E21)
  ok
[510/11794] queries/stackoverflow/SQLStorm/27058.sql  (run_id 0E4329C2DD016A06)
  ok
[511/11794] queries/stackoverflow/SQLStorm/16330.sql  (run_id C04FF47008CBBDB1)
  ok
[512/11794] queries/stackoverflow/SQLStorm/5420.sql  (run_id 9C59CFB404D4D5F9)
  ok
[513/11794] queries/stackoverflow/SQLStorm/17140.sql  (run_id 1110544032572636)
  ok
[514/11794] queries/stackoverflow/SQLStorm/11991.sql  (run_id 2949FA27BAFB15C4)
  ok
[515/11794] queries/stackoverflow/SQLStorm/9078.sql  (run_id 21F7983F2C404E52)
  ok
[516/11794] queries/stackoverflow/SQLStorm/8700.sql  (run_id 69C05FF593F5BED2)
  ok
[517/11794] queries/stackoverflow/SQLStorm/4238.sql  (run_id A18B84793FF22F43)
  ok
[518/11794] queries/stackoverflow/SQLStorm/6348.sql  (run_id 65FF8BCD230D99AE)
  ok
[519/11794] queries/stackoverflow/SQLStorm/16962.sql  (run_id 1A351DBB28449B36)
  ok
[520/11794] queries/stackoverflow/SQLStorm/10798.sql  (run_id 585D50CDE22AD829)
  ok
[521/11794] queries/stackoverflow/SQLStorm/1783.sql  (run_id 2BFB4B792667B56F)
  ok
[522/11794] queries/stackoverflow/SQLStorm/16191.sql  (run_id 4BDC338C2B862DD4)
  ok
[523/11794] queries/stackoverflow/SQLStorm/29982.sql  (run_id E432C1EC6B77FF37)
  ok
[524/11794] queries/stackoverflow/SQLStorm/11430.sql  (run_id 9277B4722B3D1067)
  ok
[525/11794] queries/stackoverflow/SQLStorm/14259.sql  (run_id B3A5E2EFEF767C52)
  ok
[526/11794] queries/stackoverflow/SQLStorm/19317.sql  (run_id AC5CE36069375E5E)
  ok
[527/11794] queries/stackoverflow/SQLStorm/16839.sql  (run_id 922DAEEA319D3BE1)
  ok
[528/11794] queries/stackoverflow/SQLStorm/18803.sql  (run_id 3CBD451EE4EAAAC1)
  ok
[529/11794] queries/stackoverflow/SQLStorm/3065.sql  (run_id DD32A7F54A5F5507)
  ok
[530/11794] queries/stackoverflow/SQLStorm/11250.sql  (run_id F9EDE515D774154E)
  ok
[531/11794] queries/stackoverflow/SQLStorm/23689.sql  (run_id 0BE28AD0B74529A9)
  ok
[532/11794] queries/stackoverflow/SQLStorm/25060.sql  (run_id 69A337A7C22A51A7)
  ok
[533/11794] queries/stackoverflow/SQLStorm/8346.sql  (run_id 9B08BC5CC3CA5F8C)
  ok
[534/11794] queries/stackoverflow/SQLStorm/26400.sql  (run_id 6DB62AD812D0BD6F)
  ok
[535/11794] queries/stackoverflow/SQLStorm/5914.sql  (run_id 4C13590030AF0D59)
  ok
[536/11794] queries/stackoverflow/SQLStorm/15148.sql  (run_id 1D04007DBD1FB6B3)
  ok
[537/11794] queries/stackoverflow/SQLStorm/11299.sql  (run_id F8674E184CC06E88)
  ok
[538/11794] queries/stackoverflow/SQLStorm/2499.sql  (run_id 957413137ABDE44A)
  ok
[539/11794] queries/stackoverflow/SQLStorm/12677.sql  (run_id D09354F78AF68869)
  ok
[540/11794] queries/stackoverflow/SQLStorm/3355.sql  (run_id BE462065A2CC19B5)
  ok
[541/11794] queries/stackoverflow/SQLStorm/3332.sql  (run_id 29EE84E22159142F)
  ok
[542/11794] queries/stackoverflow/SQLStorm/15047.sql  (run_id C52EF689C4D53F40)
  ok
[543/11794] queries/stackoverflow/SQLStorm/20256.sql  (run_id E969BB4EDC0ECBCF)
  ok
[544/11794] queries/stackoverflow/SQLStorm/13129.sql  (run_id 36B90F467E245E91)
  ok
[545/11794] queries/stackoverflow/SQLStorm/9860.sql  (run_id 4DCAD0C86D7C9114)
  ok
[546/11794] queries/stackoverflow/SQLStorm/25562.sql  (run_id 48F7FD3BEF8E2925)
  ok
[547/11794] queries/stackoverflow/SQLStorm/1557.sql  (run_id 4D36EADEA87525D0)
  ok
[548/11794] queries/stackoverflow/SQLStorm/3560.sql  (run_id ECF978FD0B7915E0)
  ok
[549/11794] queries/stackoverflow/SQLStorm/24864.sql  (run_id B5EED84A70635D99)
  ok
[550/11794] queries/stackoverflow/SQLStorm/4736.sql  (run_id 84A48EDF330AFAF3)
  ok
[551/11794] queries/stackoverflow/SQLStorm/16987.sql  (run_id B12B0EE5898A7B5B)
  ok
[552/11794] queries/stackoverflow/SQLStorm/17624.sql  (run_id AF340E6D49B132AE)
  ok
[553/11794] queries/stackoverflow/SQLStorm/12074.sql  (run_id D2AA950703D395BD)
  ok
[554/11794] queries/stackoverflow/SQLStorm/16894.sql  (run_id B27E01C778675CEA)
  ok
[555/11794] queries/stackoverflow/SQLStorm/12559.sql  (run_id 632FF2EDCD88B3C5)
  ok
[556/11794] queries/stackoverflow/SQLStorm/15026.sql  (run_id 5C6F59ACD2144AFC)
  ok
[557/11794] queries/stackoverflow/SQLStorm/15881.sql  (run_id 2028DEE2B15EFF6B)
  ok
[558/11794] queries/stackoverflow/SQLStorm/1271.sql  (run_id 8C4C8406B88A56FD)
  ok
[559/11794] queries/stackoverflow/SQLStorm/15042.sql  (run_id D7A8CE9D51AE24E0)
  ok
[560/11794] queries/stackoverflow/SQLStorm/12066.sql  (run_id 8C0BE21B2333DCEA)
  ok
[561/11794] queries/stackoverflow/SQLStorm/9732.sql  (run_id 0347E3FFD6A290FE)
  ok
[562/11794] queries/stackoverflow/SQLStorm/22132.sql  (run_id 118B26D187278BA7)
  ok
[563/11794] queries/stackoverflow/SQLStorm/18387.sql  (run_id 811AD26B9872635E)
  ok
[564/11794] queries/stackoverflow/SQLStorm/12122.sql  (run_id 46B4D7232C496391)
  ok
[565/11794] queries/stackoverflow/SQLStorm/4470.sql  (run_id 926BC162084CB1E7)
  ok
[566/11794] queries/stackoverflow/SQLStorm/21391.sql  (run_id 6AAA7213E440922D)
  ok
[567/11794] queries/stackoverflow/SQLStorm/15728.sql  (run_id 99CEDC8918ACCA65)
  ok
[568/11794] queries/stackoverflow/SQLStorm/3073.sql  (run_id 2022D01165A2507D)
  ok
[569/11794] queries/stackoverflow/SQLStorm/920.sql  (run_id B966F80C5888C82D)
  ok
[570/11794] queries/stackoverflow/SQLStorm/5481.sql  (run_id D738471E20B2D87F)
  ok
[571/11794] queries/stackoverflow/SQLStorm/24848.sql  (run_id 3769ACF27062084B)
  ok
[572/11794] queries/stackoverflow/SQLStorm/17644.sql  (run_id 2DD71518C4E813D5)
  ok
[573/11794] queries/stackoverflow/SQLStorm/16468.sql  (run_id B640C594BC1CFCFE)
  ok
[574/11794] queries/stackoverflow/SQLStorm/3257.sql  (run_id 19A51561C26C50A2)
  ok
[575/11794] queries/stackoverflow/SQLStorm/22452.sql  (run_id 87D58E76E8C270C6)
  ok
[576/11794] queries/stackoverflow/SQLStorm/33009.sql  (run_id 0568FD9AA6C6C107)
  ok
[577/11794] queries/stackoverflow/SQLStorm/19663.sql  (run_id A74DD391575F1783)
  ok
[578/11794] queries/stackoverflow/SQLStorm/19431.sql  (run_id 72A645426587DBDF)
  ok
[579/11794] queries/stackoverflow/SQLStorm/15900.sql  (run_id FD33D8B5B9581502)
  ok
[580/11794] queries/stackoverflow/SQLStorm/7694.sql  (run_id CB126C64C31F128E)
  ok
[581/11794] queries/stackoverflow/SQLStorm/12745.sql  (run_id 5E2B144E90124569)
  ok
[582/11794] queries/stackoverflow/SQLStorm/28195.sql  (run_id 7C0763E56EC208F4)
  ok
[583/11794] queries/stackoverflow/SQLStorm/17846.sql  (run_id A555C9612D8AB8F2)
  ok
[584/11794] queries/stackoverflow/SQLStorm/17113.sql  (run_id E450183D484BA86D)
  ok
[585/11794] queries/stackoverflow/SQLStorm/4592.sql  (run_id 3BF78F2998492AFA)
  ok
[586/11794] queries/stackoverflow/SQLStorm/17119.sql  (run_id F838AE7D57FC7213)
  ok
[587/11794] queries/stackoverflow/SQLStorm/6991.sql  (run_id 5AABF34F91DB3FB3)
  ok
[588/11794] queries/stackoverflow/SQLStorm/15502.sql  (run_id 54800500AEBD0126)
  ok
[589/11794] queries/stackoverflow/SQLStorm/8942.sql  (run_id 8B848B3F46FDACA8)
  ok
[590/11794] queries/stackoverflow/SQLStorm/9451.sql  (run_id B51D0EC21095BCE3)
  ok
[591/11794] queries/stackoverflow/SQLStorm/10718.sql  (run_id 866D0CF03881CDDA)
  ok
[592/11794] queries/stackoverflow/SQLStorm/15568.sql  (run_id 39E7D3C76B4FBBEE)
  ok
[593/11794] queries/stackoverflow/SQLStorm/9524.sql  (run_id 59AA93768A6F640C)
  ok
[594/11794] queries/stackoverflow/SQLStorm/14740.sql  (run_id 8DE5C94C54032D9A)
  ok
[595/11794] queries/stackoverflow/SQLStorm/33081.sql  (run_id FDA65A60850E284B)
  ok
[596/11794] queries/stackoverflow/SQLStorm/5058.sql  (run_id 781790CFD663C68D)
  ok
[597/11794] queries/stackoverflow/SQLStorm/11999.sql  (run_id FB8E20E6067D9B9A)
  ok
[598/11794] queries/stackoverflow/SQLStorm/23784.sql  (run_id 9550A786C11BF1D1)
  ok
[599/11794] queries/stackoverflow/SQLStorm/11765.sql  (run_id 14883F9B88745694)
  ok
[600/11794] queries/stackoverflow/SQLStorm/25028.sql  (run_id E0E69456D5ABD2D4)
  ok
[601/11794] queries/stackoverflow/SQLStorm/9623.sql  (run_id 86B5FB527A393D3A)
  ok
[602/11794] queries/stackoverflow/SQLStorm/4436.sql  (run_id 74E32AA70165775E)
  ok
[603/11794] queries/stackoverflow/SQLStorm/17353.sql  (run_id 2757B4A7EBBF5F4F)
  ok
[604/11794] queries/stackoverflow/SQLStorm/19097.sql  (run_id 3B9DE375274FDBF9)
  ok
[605/11794] queries/stackoverflow/SQLStorm/22458.sql  (run_id BBAB30D8436B5EDD)
  ok
[606/11794] queries/stackoverflow/SQLStorm/10063.sql  (run_id 72D647C960F7A21D)
  ok
[607/11794] queries/stackoverflow/SQLStorm/19234.sql  (run_id 487AFCFD312F883E)
  ok
[608/11794] queries/stackoverflow/SQLStorm/13931.sql  (run_id 94AEE0C9396E21E5)
  ok
[609/11794] queries/stackoverflow/SQLStorm/17189.sql  (run_id 87FDC1A56D242837)
  ok
[610/11794] queries/stackoverflow/SQLStorm/14305.sql  (run_id 858FFE8CCA3F2EED)
  ok
[611/11794] queries/stackoverflow/SQLStorm/12087.sql  (run_id 2F738BB4242469B6)
  ok
[612/11794] queries/stackoverflow/SQLStorm/20034.sql  (run_id 1E72412E53DD2F9E)
  ok
[613/11794] queries/stackoverflow/SQLStorm/908.sql  (run_id 64A5E2261C8A96B8)
  ok
[614/11794] queries/stackoverflow/SQLStorm/13927.sql  (run_id 5FB6F28FD4F0F763)
  ok
[615/11794] queries/stackoverflow/SQLStorm/14606.sql  (run_id 5EE7A9381810FC4F)
  ok
[616/11794] queries/stackoverflow/SQLStorm/968.sql  (run_id A8BA46787A7098D1)
  ok
[617/11794] queries/stackoverflow/SQLStorm/19904.sql  (run_id 1C44E8F07000485F)
  ok
[618/11794] queries/stackoverflow/SQLStorm/22870.sql  (run_id 1BB35CB1363B0AC5)
  ok
[619/11794] queries/stackoverflow/SQLStorm/13437.sql  (run_id 0C78A0C3673E0B5F)
  ok
[620/11794] queries/stackoverflow/SQLStorm/32642.sql  (run_id D7115794BFB24B01)
  ok
[621/11794] queries/stackoverflow/SQLStorm/12562.sql  (run_id 23AAE400DDC730ED)
  ok
[622/11794] queries/stackoverflow/SQLStorm/8543.sql  (run_id A175A5A74A0DC913)
  ok
[623/11794] queries/stackoverflow/SQLStorm/13932.sql  (run_id A435A719F11BC6EE)
  ok
[624/11794] queries/stackoverflow/SQLStorm/19124.sql  (run_id 35343C048C7A4B07)
  ok
[625/11794] queries/stackoverflow/SQLStorm/7593.sql  (run_id 3D703F9130170AD0)
  ok
[626/11794] queries/stackoverflow/SQLStorm/23792.sql  (run_id 21A41AC1C25D960B)
  ok
[627/11794] queries/stackoverflow/SQLStorm/14613.sql  (run_id 598E313E5B64D19B)
  ok
[628/11794] queries/stackoverflow/SQLStorm/18504.sql  (run_id F6F595A8538466E9)
  ok
[629/11794] queries/stackoverflow/SQLStorm/8744.sql  (run_id 50CB00F96C32B609)
  ok
[630/11794] queries/stackoverflow/SQLStorm/11348.sql  (run_id C47F4359510F4665)
  ok
[631/11794] queries/stackoverflow/SQLStorm/11845.sql  (run_id 4CD2465991499A37)
  ok
[632/11794] queries/stackoverflow/SQLStorm/17380.sql  (run_id 557262087DA40BA3)
  ok
[633/11794] queries/stackoverflow/SQLStorm/16754.sql  (run_id C2080F7AC85AFE5B)
  ok
[634/11794] queries/stackoverflow/SQLStorm/10654.sql  (run_id EA7F03F4513D5673)
  ok
[635/11794] queries/stackoverflow/SQLStorm/17300.sql  (run_id 3837F30CAC403F21)
  ok
[636/11794] queries/stackoverflow/SQLStorm/10811.sql  (run_id 5690C1B741B3E91D)
  ok
[637/11794] queries/stackoverflow/SQLStorm/32230.sql  (run_id F2C27E8E9620C44F)
  ok
[638/11794] queries/stackoverflow/SQLStorm/16945.sql  (run_id 66673CD7E63AB2DE)
  ok
[639/11794] queries/stackoverflow/SQLStorm/8360.sql  (run_id 624D03917A81D01B)
  ok
[640/11794] queries/stackoverflow/SQLStorm/19231.sql  (run_id B996F98687E36A2E)
  ok
[641/11794] queries/stackoverflow/SQLStorm/17537.sql  (run_id 5A92AC15683C4343)
  ok
[642/11794] queries/stackoverflow/SQLStorm/13839.sql  (run_id EA2422945071F1D0)
  ok
[643/11794] queries/stackoverflow/SQLStorm/28165.sql  (run_id 6037EE2181E55D8D)
  ok
[644/11794] queries/stackoverflow/SQLStorm/32327.sql  (run_id 15EAF92AF148F3CF)
  ok
[645/11794] queries/stackoverflow/SQLStorm/2919.sql  (run_id E884BFEB96DCE7DF)
  ok
[646/11794] queries/stackoverflow/SQLStorm/17584.sql  (run_id 11B2204BD7618CED)
  ok
[647/11794] queries/stackoverflow/SQLStorm/11736.sql  (run_id E067DDF357E8E766)
  ok
[648/11794] queries/stackoverflow/SQLStorm/11423.sql  (run_id 058F21338FF9F5F0)
  ok
[649/11794] queries/stackoverflow/SQLStorm/10165.sql  (run_id B618FA3A91F82798)
  ok
[650/11794] queries/stackoverflow/SQLStorm/21792.sql  (run_id A5FDBD68CCEAC0AC)
  ok
[651/11794] queries/stackoverflow/SQLStorm/3682.sql  (run_id D8471FB6937C29F4)
  ok
[652/11794] queries/stackoverflow/SQLStorm/15314.sql  (run_id 243991120E8D3DE5)
  ok
[653/11794] queries/stackoverflow/SQLStorm/19371.sql  (run_id 483F92082DB0B157)
  ok
[654/11794] queries/stackoverflow/SQLStorm/865.sql  (run_id 633FF6CB548F2674)
  ok
[655/11794] queries/stackoverflow/SQLStorm/14468.sql  (run_id 1C31807DF825ACF4)
  ok
[656/11794] queries/stackoverflow/SQLStorm/11336.sql  (run_id 184F82613ECBB9F3)
  ok
[657/11794] queries/stackoverflow/SQLStorm/17063.sql  (run_id 8326DAFF666F9927)
  ok
[658/11794] queries/stackoverflow/SQLStorm/7501.sql  (run_id 9542EF7B5BCE2C5F)
  ok
[659/11794] queries/stackoverflow/SQLStorm/11520.sql  (run_id 2248AC10805DBF66)
  ok
[660/11794] queries/stackoverflow/SQLStorm/2207.sql  (run_id 2ECFBF0E86DA3527)
  ok
[661/11794] queries/stackoverflow/SQLStorm/13913.sql  (run_id D5A2EAE3E582A480)
  ok
[662/11794] queries/stackoverflow/SQLStorm/4611.sql  (run_id 701148F2A0527110)
  ok
[663/11794] queries/stackoverflow/SQLStorm/12327.sql  (run_id 8AD26C1EB1B54361)
  ok
[664/11794] queries/stackoverflow/SQLStorm/18235.sql  (run_id 7E944897980F6204)
  ok
[665/11794] queries/stackoverflow/SQLStorm/13752.sql  (run_id E9275876C168A6AE)
  ok
[666/11794] queries/stackoverflow/SQLStorm/10152.sql  (run_id 5EB16771A0250270)
  ok
[667/11794] queries/stackoverflow/SQLStorm/6839.sql  (run_id EA160D2E2394B03F)
  ok
[668/11794] queries/stackoverflow/SQLStorm/22819.sql  (run_id B381D0484FBC2D68)
  ok
[669/11794] queries/stackoverflow/SQLStorm/12085.sql  (run_id 091947CD2CCF9C5C)
  ok
[670/11794] queries/stackoverflow/SQLStorm/18626.sql  (run_id E6B80C4C838AE7EA)
  ok
[671/11794] queries/stackoverflow/SQLStorm/15357.sql  (run_id 184841720CDC4704)
  ok
[672/11794] queries/stackoverflow/SQLStorm/22321.sql  (run_id 60A9540CC4DE1B7D)
  ok
[673/11794] queries/stackoverflow/SQLStorm/14692.sql  (run_id 81C06331A10DCD7C)
  ok
[674/11794] queries/stackoverflow/SQLStorm/29631.sql  (run_id 312FECB131DD85B1)
  ok
[675/11794] queries/stackoverflow/SQLStorm/6305.sql  (run_id 0F0C95D99B9C83BF)
  ok
[676/11794] queries/stackoverflow/SQLStorm/9499.sql  (run_id 1880E7A663C98ED2)
  ok
[677/11794] queries/stackoverflow/SQLStorm/10825.sql  (run_id 21EA62EC8A933663)
  ok
[678/11794] queries/stackoverflow/SQLStorm/17264.sql  (run_id DCF2479EAE5313C0)
  ok
[679/11794] queries/stackoverflow/SQLStorm/13050.sql  (run_id FBA2A87807AF9837)
  ok
[680/11794] queries/stackoverflow/SQLStorm/15962.sql  (run_id C163E5F6A3BC8BB7)
  ok
[681/11794] queries/stackoverflow/SQLStorm/27846.sql  (run_id 01B1030B0A1B38EF)
  ok
[682/11794] queries/stackoverflow/SQLStorm/17224.sql  (run_id A2288E054A41E572)
  ok
[683/11794] queries/stackoverflow/SQLStorm/10819.sql  (run_id 0A2A7423F4F97147)
  ok
[684/11794] queries/stackoverflow/SQLStorm/15023.sql  (run_id CC08A8FFD447D586)
  ok
[685/11794] queries/stackoverflow/SQLStorm/25800.sql  (run_id CF1145CD0519B594)
  ok
[686/11794] queries/stackoverflow/SQLStorm/12076.sql  (run_id 3513D40AD0F8AA2C)
  ok
[687/11794] queries/stackoverflow/SQLStorm/2665.sql  (run_id 71EC1A8D6BE96D90)
  ok
[688/11794] queries/stackoverflow/SQLStorm/32139.sql  (run_id F291522E480CD675)
  ok
[689/11794] queries/stackoverflow/SQLStorm/15200.sql  (run_id 8AEB1F563EBE5F2B)
  ok
[690/11794] queries/stackoverflow/SQLStorm/21690.sql  (run_id 6DA5EC894C25F43A)
  ok
[691/11794] queries/stackoverflow/SQLStorm/8964.sql  (run_id 6FE98C587A5473D9)
  ok
[692/11794] queries/stackoverflow/SQLStorm/7170.sql  (run_id 05620EE81A302C89)
  ok
[693/11794] queries/stackoverflow/SQLStorm/396.sql  (run_id 9D0AD48B31E6DA54)
  ok
[694/11794] queries/stackoverflow/SQLStorm/10885.sql  (run_id 160CEDE539D6BD9A)
  ok
[695/11794] queries/stackoverflow/SQLStorm/17912.sql  (run_id FFEEAE6EBD356284)
  ok
[696/11794] queries/stackoverflow/SQLStorm/12130.sql  (run_id 34FEBDA113E70728)
  ok
[697/11794] queries/stackoverflow/SQLStorm/5020.sql  (run_id 8F2B4D09DFF2340A)
  ok
[698/11794] queries/stackoverflow/SQLStorm/3432.sql  (run_id 551F24D14D030E28)
  ok
[699/11794] queries/stackoverflow/SQLStorm/7960.sql  (run_id 43969744E53239EA)
  ok
[700/11794] queries/stackoverflow/SQLStorm/18342.sql  (run_id A02E1DD7DACACB76)
  ok
[701/11794] queries/stackoverflow/SQLStorm/14673.sql  (run_id 1DCE4D0F58E6A04E)
  ok
[702/11794] queries/stackoverflow/SQLStorm/10667.sql  (run_id 06089B8576577A0C)
  ok
[703/11794] queries/stackoverflow/SQLStorm/21174.sql  (run_id 182656499968C9B7)
  ok
[704/11794] queries/stackoverflow/SQLStorm/13064.sql  (run_id 8DB51CFCA4A64384)
  ok
[705/11794] queries/stackoverflow/SQLStorm/15559.sql  (run_id CBFBBCFA78927822)
  ok
[706/11794] queries/stackoverflow/SQLStorm/15188.sql  (run_id 7121C14140053CE0)
  ok
[707/11794] queries/stackoverflow/SQLStorm/16812.sql  (run_id A9A0693D0999197C)
  ok
[708/11794] queries/stackoverflow/SQLStorm/1622.sql  (run_id CF18420906422A1B)
  ok
[709/11794] queries/stackoverflow/SQLStorm/12963.sql  (run_id 90E13D6D4B57B275)
  ok
[710/11794] queries/stackoverflow/SQLStorm/15030.sql  (run_id FB5EE351DBD847ED)
  ok
[711/11794] queries/stackoverflow/SQLStorm/16549.sql  (run_id D8E2D392DA76C6A8)
  ok
[712/11794] queries/stackoverflow/SQLStorm/19614.sql  (run_id 4F43D521BB42FEBA)
  ok
[713/11794] queries/stackoverflow/SQLStorm/5626.sql  (run_id 23EAD51D06615E01)
  ok
[714/11794] queries/stackoverflow/SQLStorm/21017.sql  (run_id E3072620EDDA320A)
  ok
[715/11794] queries/stackoverflow/SQLStorm/14670.sql  (run_id 9200824071D9225C)
  ok
[716/11794] queries/stackoverflow/SQLStorm/19035.sql  (run_id 2E4DE90ADC14A1DE)
  ok
[717/11794] queries/stackoverflow/SQLStorm/26491.sql  (run_id 13595CC5388F03F0)
  ok
[718/11794] queries/stackoverflow/SQLStorm/16934.sql  (run_id 42C9E0F52C55D2D0)
  ok
[719/11794] queries/stackoverflow/SQLStorm/582.sql  (run_id A73ECCA2D13DC379)
  ok
[720/11794] queries/stackoverflow/SQLStorm/33391.sql  (run_id 6BB28820F980529A)
  ok
[721/11794] queries/stackoverflow/SQLStorm/10347.sql  (run_id F6E132235BCB4052)
  ok
[722/11794] queries/stackoverflow/SQLStorm/9214.sql  (run_id 7E36EA03ADC161B5)
  ok
[723/11794] queries/stackoverflow/SQLStorm/10472.sql  (run_id D6AB4CD9781A7F4E)
  ok
[724/11794] queries/stackoverflow/SQLStorm/18713.sql  (run_id B7B7D232A89528FE)
  ok
[725/11794] queries/stackoverflow/SQLStorm/3497.sql  (run_id E121C5C123FC2448)
  ok
[726/11794] queries/stackoverflow/SQLStorm/19271.sql  (run_id 327351AA7884449F)
  ok
[727/11794] queries/stackoverflow/SQLStorm/33962.sql  (run_id 88BB6FE9BA306639)
  ok
[728/11794] queries/stackoverflow/SQLStorm/11190.sql  (run_id DD96D54B1A31A0BF)
  ok
[729/11794] queries/stackoverflow/SQLStorm/33482.sql  (run_id 5A88E6E62F621C3A)
  ok
[730/11794] queries/stackoverflow/SQLStorm/30399.sql  (run_id 41A9D6942838EAA7)
  ok
[731/11794] queries/stackoverflow/SQLStorm/17619.sql  (run_id DF97CFFF6A026790)
  ok
[732/11794] queries/stackoverflow/SQLStorm/4094.sql  (run_id 67E1DBEAACA66E37)
  ok
[733/11794] queries/stackoverflow/SQLStorm/13990.sql  (run_id 4CBFBF40A18F2732)
  ok
[734/11794] queries/stackoverflow/SQLStorm/6443.sql  (run_id AC165C25C3DFEE29)
  ok
[735/11794] queries/stackoverflow/SQLStorm/18844.sql  (run_id 82379EB3FCBDAA45)
  ok
[736/11794] queries/stackoverflow/SQLStorm/16278.sql  (run_id 3E09AA24477E9B65)
  ok
[737/11794] queries/stackoverflow/SQLStorm/1693.sql  (run_id 597240C865058838)
  ok
[738/11794] queries/stackoverflow/SQLStorm/31401.sql  (run_id D29FE3714AC6FC15)
  ok
[739/11794] queries/stackoverflow/SQLStorm/16377.sql  (run_id 935FAE72F77A17F7)
  ok
[740/11794] queries/stackoverflow/SQLStorm/14298.sql  (run_id A0C94770508A175A)
  ok
[741/11794] queries/stackoverflow/SQLStorm/16005.sql  (run_id 5BFC62639E238A9D)
  ok
[742/11794] queries/stackoverflow/SQLStorm/12241.sql  (run_id 874923FD3611AF9C)
  ok
[743/11794] queries/stackoverflow/SQLStorm/11077.sql  (run_id 667B06D2474DC5AB)
  ok
[744/11794] queries/stackoverflow/SQLStorm/8885.sql  (run_id 5A374C3F4B31E41C)
  ok
[745/11794] queries/stackoverflow/SQLStorm/14952.sql  (run_id 63EBBA0CD4139527)
  ok
[746/11794] queries/stackoverflow/SQLStorm/15543.sql  (run_id 738E1418F75AB404)
  ok
[747/11794] queries/stackoverflow/SQLStorm/19202.sql  (run_id 8D59FDA82BF81278)
  ok
[748/11794] queries/stackoverflow/SQLStorm/18932.sql  (run_id 2FB66A6C3529D205)
  ok
[749/11794] queries/stackoverflow/SQLStorm/18378.sql  (run_id 5B6916F17FFD59BF)
  ok
[750/11794] queries/stackoverflow/SQLStorm/15662.sql  (run_id 9D95F2EB23A97346)
  ok
[751/11794] queries/stackoverflow/SQLStorm/568.sql  (run_id 5CB6EE505B972AB4)
  ok
[752/11794] queries/stackoverflow/SQLStorm/28481.sql  (run_id F969DF5140564808)
  ok
[753/11794] queries/stackoverflow/SQLStorm/13955.sql  (run_id 4D6E1DC824B7BA53)
  ok
[754/11794] queries/stackoverflow/SQLStorm/23345.sql  (run_id 531711ED16075291)
  ok
[755/11794] queries/stackoverflow/SQLStorm/19115.sql  (run_id 15EFC18D23037909)
  ok
[756/11794] queries/stackoverflow/SQLStorm/6547.sql  (run_id 7AF1FF78E0921794)
  ok
[757/11794] queries/stackoverflow/SQLStorm/19833.sql  (run_id 599149A9E2AF36D3)
  ok
[758/11794] queries/stackoverflow/SQLStorm/18654.sql  (run_id 5D970F163A82708D)
  ok
[759/11794] queries/stackoverflow/SQLStorm/14888.sql  (run_id C317DEDE19616607)
  ok
[760/11794] queries/stackoverflow/SQLStorm/21419.sql  (run_id 43AB161E7C73E70F)
  ok
[761/11794] queries/stackoverflow/SQLStorm/7053.sql  (run_id 92B6BC2835AAE2A0)
  ok
[762/11794] queries/stackoverflow/SQLStorm/14355.sql  (run_id 3583E5BD3C8C3B9B)
  ok
[763/11794] queries/stackoverflow/SQLStorm/19714.sql  (run_id 73FFD943CEAF65C8)
  ok
[764/11794] queries/stackoverflow/SQLStorm/5700.sql  (run_id 53C79F5309406D14)
  ok
[765/11794] queries/stackoverflow/SQLStorm/19456.sql  (run_id B62A396215B6FCF0)
  ok
[766/11794] queries/stackoverflow/SQLStorm/11795.sql  (run_id 5BAE6383AF4721B9)
  ok
[767/11794] queries/stackoverflow/SQLStorm/5911.sql  (run_id A51649B7750BB2FD)
  ok
[768/11794] queries/stackoverflow/SQLStorm/9289.sql  (run_id D33A5597D7A0D2B1)
  ok
[769/11794] queries/stackoverflow/SQLStorm/21679.sql  (run_id 17A166BF99B8ACFA)
  ok
[770/11794] queries/stackoverflow/SQLStorm/34437.sql  (run_id 184CD99DAB56AE28)
  ok
[771/11794] queries/stackoverflow/SQLStorm/17435.sql  (run_id EBB19BF278509995)
  ok
[772/11794] queries/stackoverflow/SQLStorm/9593.sql  (run_id A57568B406407431)
  ok
[773/11794] queries/stackoverflow/SQLStorm/26729.sql  (run_id 9BDD1B8658F20020)
  ok
[774/11794] queries/stackoverflow/SQLStorm/19574.sql  (run_id 6F42646641E95FBE)
  ok
[775/11794] queries/stackoverflow/SQLStorm/1119.sql  (run_id A207621C4869D452)
  ok
[776/11794] queries/stackoverflow/SQLStorm/12169.sql  (run_id 666C7119E3B1E4FD)
  ok
[777/11794] queries/stackoverflow/SQLStorm/6936.sql  (run_id 6F5CF6421A931715)
  ok
[778/11794] queries/stackoverflow/SQLStorm/1545.sql  (run_id B8282C451CA996AF)
  ok
[779/11794] queries/stackoverflow/SQLStorm/19822.sql  (run_id 84D52D383A0BD788)
  ok
[780/11794] queries/stackoverflow/SQLStorm/21729.sql  (run_id 1F5D9E97FDC020D4)
  ok
[781/11794] queries/stackoverflow/SQLStorm/11853.sql  (run_id 9B31F3E94F17CC6B)
  ok
[782/11794] queries/stackoverflow/SQLStorm/9923.sql  (run_id 27A3708F1197A216)
  ok
[783/11794] queries/stackoverflow/SQLStorm/12662.sql  (run_id EF8C10EEAA986C3A)
  ok
[784/11794] queries/stackoverflow/SQLStorm/10099.sql  (run_id C1411435910921CE)
  ok
[785/11794] queries/stackoverflow/SQLStorm/15893.sql  (run_id 0250BC1DB141E20A)
  ok
[786/11794] queries/stackoverflow/SQLStorm/19297.sql  (run_id 74CEDF71B3733F0E)
  ok
[787/11794] queries/stackoverflow/SQLStorm/11884.sql  (run_id 5D35D75988A8F740)
  ok
[788/11794] queries/stackoverflow/SQLStorm/15201.sql  (run_id 2B8A9891BB27CBDE)
  ok
[789/11794] queries/stackoverflow/SQLStorm/9931.sql  (run_id 196EC2AC03FF501B)
  ok
[790/11794] queries/stackoverflow/SQLStorm/15678.sql  (run_id 007E1C5B4DB94BF9)
  ok
[791/11794] queries/stackoverflow/SQLStorm/23293.sql  (run_id 677C9CC43288C527)
  ok
[792/11794] queries/stackoverflow/SQLStorm/7250.sql  (run_id 046256821CC56888)
  ok
[793/11794] queries/stackoverflow/SQLStorm/22682.sql  (run_id FF439FA124D2A455)
  ok
[794/11794] queries/stackoverflow/SQLStorm/12000.sql  (run_id EF45654295FC305E)
  ok
[795/11794] queries/stackoverflow/SQLStorm/24165.sql  (run_id 9A5237A78DF3BFC2)
  ok
[796/11794] queries/stackoverflow/SQLStorm/16103.sql  (run_id 927854E202F161F3)
  ok
[797/11794] queries/stackoverflow/SQLStorm/19228.sql  (run_id C363B7FCC589B9DD)
  ok
[798/11794] queries/stackoverflow/SQLStorm/29371.sql  (run_id 5EC17267D433C81D)
  ok
[799/11794] queries/stackoverflow/SQLStorm/22199.sql  (run_id 33CB433F28436E58)
  ok
[800/11794] queries/stackoverflow/SQLStorm/19367.sql  (run_id EEAA6B4F7FB3E2DD)
  ok
[801/11794] queries/stackoverflow/SQLStorm/6656.sql  (run_id 50B55D7A589A87C6)
  ok
[802/11794] queries/stackoverflow/SQLStorm/11335.sql  (run_id 5D0230D2DF4182E8)
  ok
[803/11794] queries/stackoverflow/SQLStorm/21555.sql  (run_id 816FD86E0043D64A)
  ok
[804/11794] queries/stackoverflow/SQLStorm/4283.sql  (run_id AFD8D41C319EFA06)
  ok
[805/11794] queries/stackoverflow/SQLStorm/17166.sql  (run_id 1993313F017A2387)
  ok
[806/11794] queries/stackoverflow/SQLStorm/17207.sql  (run_id 00C31362B8D7D36E)
  ok
[807/11794] queries/stackoverflow/SQLStorm/10587.sql  (run_id B5B301DB6C13F09B)
  ok
[808/11794] queries/stackoverflow/SQLStorm/14942.sql  (run_id 8A9F040E82EA1AA0)
  ok
[809/11794] queries/stackoverflow/SQLStorm/24053.sql  (run_id 1E9C12C14293A125)
  ok
[810/11794] queries/stackoverflow/SQLStorm/7750.sql  (run_id C50720DB0E9A0EE8)
  ok
[811/11794] queries/stackoverflow/SQLStorm/19602.sql  (run_id 3E71CD73BC40FA61)
  ok
[812/11794] queries/stackoverflow/SQLStorm/27229.sql  (run_id CBFDEF8368C93DDB)
  ok
[813/11794] queries/stackoverflow/SQLStorm/4544.sql  (run_id 36C523AA9096F2F7)
  ok
[814/11794] queries/stackoverflow/SQLStorm/25168.sql  (run_id 06DE1B3191B372D8)
  ok
[815/11794] queries/stackoverflow/SQLStorm/16601.sql  (run_id 38BA30C64606BA56)
  ok
[816/11794] queries/stackoverflow/SQLStorm/19156.sql  (run_id 3CF7280C6EEAEBF4)
  ok
[817/11794] queries/stackoverflow/SQLStorm/16796.sql  (run_id B9F22298902B987F)
  ok
[818/11794] queries/stackoverflow/SQLStorm/31229.sql  (run_id 0398BF2CFB6EF165)
  ok
[819/11794] queries/stackoverflow/SQLStorm/7459.sql  (run_id 0183612052DDC40E)
  ok
[820/11794] queries/stackoverflow/SQLStorm/15061.sql  (run_id 93C813930E8B9D88)
  ok
[821/11794] queries/stackoverflow/SQLStorm/12010.sql  (run_id BDC0A4BFD70CBAF4)
  ok
[822/11794] queries/stackoverflow/SQLStorm/29745.sql  (run_id E9AD099C75C5C928)
  ok
[823/11794] queries/stackoverflow/SQLStorm/16292.sql  (run_id C2CA6A00853B784B)
  ok
[824/11794] queries/stackoverflow/SQLStorm/34367.sql  (run_id F599F4794B7600C0)
  ok
[825/11794] queries/stackoverflow/SQLStorm/15892.sql  (run_id 4C5AEDC6037FD7CA)
  ok
[826/11794] queries/stackoverflow/SQLStorm/17612.sql  (run_id 02BC46899F561818)
  ok
[827/11794] queries/stackoverflow/SQLStorm/11881.sql  (run_id 9343D8A56D1E1B12)
  ok
[828/11794] queries/stackoverflow/SQLStorm/19053.sql  (run_id DB9E66CEE5FA1411)
  ok
[829/11794] queries/stackoverflow/SQLStorm/19128.sql  (run_id D496734FC5A864F9)
  ok
[830/11794] queries/stackoverflow/SQLStorm/18922.sql  (run_id EFB60F21ECEBA39B)
  ok
[831/11794] queries/stackoverflow/SQLStorm/23306.sql  (run_id 48C72CE8134D872A)
  ok
[832/11794] queries/stackoverflow/SQLStorm/4584.sql  (run_id 791C06AE9B44036F)
  ok
[833/11794] queries/stackoverflow/SQLStorm/12980.sql  (run_id 22E74C4F9DBF6652)
  ok
[834/11794] queries/stackoverflow/SQLStorm/5362.sql  (run_id 3C8142188A0B9CDE)
  ok
[835/11794] queries/stackoverflow/SQLStorm/8220.sql  (run_id 4C948274992F19D4)
  ok
[836/11794] queries/stackoverflow/SQLStorm/8616.sql  (run_id C2BF669ECE9AEC35)
  ok
[837/11794] queries/stackoverflow/SQLStorm/24223.sql  (run_id BB7D2A7F43162B4A)
  ok
[838/11794] queries/stackoverflow/SQLStorm/13745.sql  (run_id 2AF3E5CADF5B6FA9)
  ok
[839/11794] queries/stackoverflow/SQLStorm/28955.sql  (run_id B56E220A5EDE332B)
  ok
[840/11794] queries/stackoverflow/SQLStorm/23754.sql  (run_id 3E81F35EA38502C1)
  ok
[841/11794] queries/stackoverflow/SQLStorm/30581.sql  (run_id 32235061EA51C0D5)
  ok
[842/11794] queries/stackoverflow/SQLStorm/19343.sql  (run_id 8536952AFE78F8F4)
  ok
[843/11794] queries/stackoverflow/SQLStorm/20115.sql  (run_id 0C6401D621040CCA)
  ok
[844/11794] queries/stackoverflow/SQLStorm/30662.sql  (run_id ABD0DFFFDCD18E5E)
  ok
[845/11794] queries/stackoverflow/SQLStorm/26163.sql  (run_id E7B386B56EC1F1C6)
  ok
[846/11794] queries/stackoverflow/SQLStorm/15656.sql  (run_id ED259CD609355DBA)
  ok
[847/11794] queries/stackoverflow/SQLStorm/8660.sql  (run_id 4C59CD83FC2DFE2D)
  ok
[848/11794] queries/stackoverflow/SQLStorm/11595.sql  (run_id 562BFD7051A268BD)
  ok
[849/11794] queries/stackoverflow/SQLStorm/12059.sql  (run_id 93656292BC95FA45)
  ok
[850/11794] queries/stackoverflow/SQLStorm/11326.sql  (run_id 8A04B45B7859481A)
  ok
[851/11794] queries/stackoverflow/SQLStorm/19767.sql  (run_id 9C032CC080C77340)
  ok
[852/11794] queries/stackoverflow/SQLStorm/6296.sql  (run_id FEE73E6CDCF5C336)
  ok
[853/11794] queries/stackoverflow/SQLStorm/18077.sql  (run_id A3D8C1B23DE0E8DB)
  ok
[854/11794] queries/stackoverflow/SQLStorm/12703.sql  (run_id A8D83B20BC2F6292)
  ok
[855/11794] queries/stackoverflow/SQLStorm/16721.sql  (run_id 984942A63E8FFD7E)
  ok
[856/11794] queries/stackoverflow/SQLStorm/18129.sql  (run_id 2AE8D7F64098010B)
  ok
[857/11794] queries/stackoverflow/SQLStorm/19766.sql  (run_id D051EF572B5BD626)
  ok
[858/11794] queries/stackoverflow/SQLStorm/19684.sql  (run_id 3416310EA1AC5CA3)
  ok
[859/11794] queries/stackoverflow/SQLStorm/17477.sql  (run_id 0BB0ED277DFF9354)
  ok
[860/11794] queries/stackoverflow/SQLStorm/18775.sql  (run_id 75D524587670696A)
  ok
[861/11794] queries/stackoverflow/SQLStorm/17175.sql  (run_id 09A918E753B2E065)
  ok
[862/11794] queries/stackoverflow/SQLStorm/11649.sql  (run_id 7359BBCB1FB27F56)
  ok
[863/11794] queries/stackoverflow/SQLStorm/28356.sql  (run_id F7B07E419DA1DC3C)
  ok
[864/11794] queries/stackoverflow/SQLStorm/14321.sql  (run_id DAE783B2AB05E5B0)
  ok
[865/11794] queries/stackoverflow/SQLStorm/17378.sql  (run_id 775B63F3799B1DBF)
  ok
[866/11794] queries/stackoverflow/SQLStorm/19863.sql  (run_id 0B38D66D1C8C77B3)
  ok
[867/11794] queries/stackoverflow/SQLStorm/17714.sql  (run_id 4F7367EE0F0CA7F5)
  ok
[868/11794] queries/stackoverflow/SQLStorm/16177.sql  (run_id 1D6194FAF8800B57)
  ok
[869/11794] queries/stackoverflow/SQLStorm/19101.sql  (run_id 0C06ED60407F1B83)
  ok
[870/11794] queries/stackoverflow/SQLStorm/32216.sql  (run_id E28287F0F411A430)
  ok
[871/11794] queries/stackoverflow/SQLStorm/21981.sql  (run_id B47E28DA0E3A3680)
  ok
[872/11794] queries/stackoverflow/SQLStorm/16158.sql  (run_id 57D8D1F9BFBDAE64)
  ok
[873/11794] queries/stackoverflow/SQLStorm/17560.sql  (run_id 3ADE0BF9F42DCF50)
  ok
[874/11794] queries/stackoverflow/SQLStorm/15215.sql  (run_id 3F3B1C40DD6E54DA)
  ok
[875/11794] queries/stackoverflow/SQLStorm/2691.sql  (run_id F5CAEED56F9FB707)
  ok
[876/11794] queries/stackoverflow/SQLStorm/3779.sql  (run_id 3BCDF1DAA46E2387)
  ok
[877/11794] queries/stackoverflow/SQLStorm/15984.sql  (run_id 9F0CF8BB3A169EDE)
  ok
[878/11794] queries/stackoverflow/SQLStorm/3100.sql  (run_id 3AAEF920DCC1A78F)
  ok
[879/11794] queries/stackoverflow/SQLStorm/18882.sql  (run_id 53BE273271FA5809)
  ok
[880/11794] queries/stackoverflow/SQLStorm/26975.sql  (run_id F7A48C0B1BC49C90)
  ok
[881/11794] queries/stackoverflow/SQLStorm/16717.sql  (run_id 8FC56710DCCF5CFF)
  ok
[882/11794] queries/stackoverflow/SQLStorm/318.sql  (run_id 1D12051517C3CBC0)
  ok
[883/11794] queries/stackoverflow/SQLStorm/26829.sql  (run_id 1C13BD7484FF2D7B)
  ok
[884/11794] queries/stackoverflow/SQLStorm/20195.sql  (run_id 20033032F66E8BE0)
  ok
[885/11794] queries/stackoverflow/SQLStorm/4815.sql  (run_id 168BB7701B3EE187)
  ok
[886/11794] queries/stackoverflow/SQLStorm/10647.sql  (run_id 7DD0B13DB2BF2A9F)
  ok
[887/11794] queries/stackoverflow/SQLStorm/1002.sql  (run_id 5AEAD56E0BB9842A)
  ok
[888/11794] queries/stackoverflow/SQLStorm/12257.sql  (run_id B58A5024164422F5)
  ok
[889/11794] queries/stackoverflow/SQLStorm/16648.sql  (run_id A2EE42006663ED91)
  ok
[890/11794] queries/stackoverflow/SQLStorm/14030.sql  (run_id 241D36A336A2B5AC)
  ok
[891/11794] queries/stackoverflow/SQLStorm/15272.sql  (run_id E70D84FEA04055DA)
  ok
[892/11794] queries/stackoverflow/SQLStorm/12412.sql  (run_id 0F61A6D864DB6EDC)
  ok
[893/11794] queries/stackoverflow/SQLStorm/14278.sql  (run_id 83E641F7E9009FCA)
  ok
[894/11794] queries/stackoverflow/SQLStorm/19161.sql  (run_id 7844E43962D7BBE1)
  ok
[895/11794] queries/stackoverflow/SQLStorm/11270.sql  (run_id EC9DBD62BE5BAA6D)
  ok
[896/11794] queries/stackoverflow/SQLStorm/17578.sql  (run_id 9E17237060F19E66)
  ok
[897/11794] queries/stackoverflow/SQLStorm/25452.sql  (run_id EAE7485D90EE7766)
  ok
[898/11794] queries/stackoverflow/SQLStorm/20039.sql  (run_id 77FCBABA8E6D9013)
  ok
[899/11794] queries/stackoverflow/SQLStorm/15269.sql  (run_id 6AAA8C7BD9639CB6)
  ok
[900/11794] queries/stackoverflow/SQLStorm/17742.sql  (run_id B1C3E2E214A0DCEF)
  ok
[901/11794] queries/stackoverflow/SQLStorm/14354.sql  (run_id F7F6F59C907561A2)
  ok
[902/11794] queries/stackoverflow/SQLStorm/10065.sql  (run_id 4DB345CEE2C624B9)
  ok
[903/11794] queries/stackoverflow/SQLStorm/17937.sql  (run_id 38444B7AEEFB8DC6)
  ok
[904/11794] queries/stackoverflow/SQLStorm/16099.sql  (run_id 0148B1F1DD7564C1)
  ok
[905/11794] queries/stackoverflow/SQLStorm/12961.sql  (run_id A0A17FEE303CB7AB)
  ok
[906/11794] queries/stackoverflow/SQLStorm/33815.sql  (run_id BAD11A285B2BCD04)
  ok
[907/11794] queries/stackoverflow/SQLStorm/16626.sql  (run_id 050CC9366EA91CCB)
  ok
[908/11794] queries/stackoverflow/SQLStorm/18787.sql  (run_id E59790BE2A01CCAD)
  ok
[909/11794] queries/stackoverflow/SQLStorm/14898.sql  (run_id 25F341D4C7693916)
  ok
[910/11794] queries/stackoverflow/SQLStorm/2850.sql  (run_id F5953DE278B1AC9A)
  ok
[911/11794] queries/stackoverflow/SQLStorm/3920.sql  (run_id 5AD2BC4A275EB934)
  ok
[912/11794] queries/stackoverflow/SQLStorm/26552.sql  (run_id F09A016C8D8883D3)
  ok
[913/11794] queries/stackoverflow/SQLStorm/3293.sql  (run_id 9B7EB6F5C4F58BB4)
  ok
[914/11794] queries/stackoverflow/SQLStorm/7224.sql  (run_id BCF80C01556E0F80)
  ok
[915/11794] queries/stackoverflow/SQLStorm/16776.sql  (run_id D886DE0B85428295)
  ok
[916/11794] queries/stackoverflow/SQLStorm/20277.sql  (run_id C59767B3B179B6A9)
  ok
[917/11794] queries/stackoverflow/SQLStorm/13406.sql  (run_id B2C660358F179B64)
  ok
[918/11794] queries/stackoverflow/SQLStorm/15946.sql  (run_id 99226B686975F58C)
  ok
[919/11794] queries/stackoverflow/SQLStorm/13827.sql  (run_id 4CC708C48905C898)
  ok
[920/11794] queries/stackoverflow/SQLStorm/13251.sql  (run_id 7B36C0067355162A)
  ok
[921/11794] queries/stackoverflow/SQLStorm/26960.sql  (run_id F241E5FD1F397CD3)
  ok
[922/11794] queries/stackoverflow/SQLStorm/14653.sql  (run_id 96322A1A5DE02956)
  ok
[923/11794] queries/stackoverflow/SQLStorm/16149.sql  (run_id 23FA1C467FF7BE02)
  ok
[924/11794] queries/stackoverflow/SQLStorm/10514.sql  (run_id 211AB5313B8BCC13)
  ok
[925/11794] queries/stackoverflow/SQLStorm/14139.sql  (run_id 799F78D344223417)
  ok
[926/11794] queries/stackoverflow/SQLStorm/19447.sql  (run_id 4F8B6A19B99CB1E8)
  ok
[927/11794] queries/stackoverflow/SQLStorm/71.sql  (run_id E7EB3DFFB8A89B8D)
  ok
[928/11794] queries/stackoverflow/SQLStorm/25798.sql  (run_id C305725128B9D0B8)
  ok
[929/11794] queries/stackoverflow/SQLStorm/25774.sql  (run_id 47F94A6686BFC2A4)
  ok
[930/11794] queries/stackoverflow/SQLStorm/20632.sql  (run_id F44457948F4BE08E)
  ok
[931/11794] queries/stackoverflow/SQLStorm/17004.sql  (run_id 4675B641298FA43A)
  ok
[932/11794] queries/stackoverflow/SQLStorm/7707.sql  (run_id 02153E47CE3688E0)
  ok
[933/11794] queries/stackoverflow/SQLStorm/16730.sql  (run_id EF3B53238300242E)
  ok
[934/11794] queries/stackoverflow/SQLStorm/7824.sql  (run_id A181408E0A8394B2)
  ok
[935/11794] queries/stackoverflow/SQLStorm/15781.sql  (run_id 651C609E92DCB368)
  ok
[936/11794] queries/stackoverflow/SQLStorm/16119.sql  (run_id 52F6C22A1F0FEFEC)
  ok
[937/11794] queries/stackoverflow/SQLStorm/14893.sql  (run_id 1F14465806EA3DBC)
  ok
[938/11794] queries/stackoverflow/SQLStorm/21669.sql  (run_id 26CF7BA82B8F3F94)
  ok
[939/11794] queries/stackoverflow/SQLStorm/6804.sql  (run_id CCED81BEF209D296)
  ok
[940/11794] queries/stackoverflow/SQLStorm/23723.sql  (run_id 8A6EB39D677E15EE)
  ok
[941/11794] queries/stackoverflow/SQLStorm/7757.sql  (run_id EED38923DDED6F53)
  ok
[942/11794] queries/stackoverflow/SQLStorm/9502.sql  (run_id 654BD9AEA3B11AB2)
  ok
[943/11794] queries/stackoverflow/SQLStorm/14407.sql  (run_id 6C95298075366B2C)
  ok
[944/11794] queries/stackoverflow/SQLStorm/25967.sql  (run_id B9E7FD335E5D84F3)
  ok
[945/11794] queries/stackoverflow/SQLStorm/10189.sql  (run_id 33A0686353DBCA6F)
  ok
[946/11794] queries/stackoverflow/SQLStorm/16589.sql  (run_id F5599DB4EA06201E)
  ok
[947/11794] queries/stackoverflow/SQLStorm/17225.sql  (run_id 31160FBFDA54E750)
  ok
[948/11794] queries/stackoverflow/SQLStorm/24054.sql  (run_id AF41F3862567CCE0)
  ok
[949/11794] queries/stackoverflow/SQLStorm/12854.sql  (run_id E8FE701F1E596EE0)
  ok
[950/11794] queries/stackoverflow/SQLStorm/17900.sql  (run_id A22CDDAF3709943A)
  ok
[951/11794] queries/stackoverflow/SQLStorm/660.sql  (run_id 37CE3892B3AADAAF)
  ok
[952/11794] queries/stackoverflow/SQLStorm/13186.sql  (run_id 9D8FF4D43EE3064F)
  ok
[953/11794] queries/stackoverflow/SQLStorm/16738.sql  (run_id 6908FEEF1EE697F9)
  ok
[954/11794] queries/stackoverflow/SQLStorm/11662.sql  (run_id 2AE85C8AC1A9BB07)
  ok
[955/11794] queries/stackoverflow/SQLStorm/34071.sql  (run_id B2EAF3DD3F85C8DA)
  ok
[956/11794] queries/stackoverflow/SQLStorm/12119.sql  (run_id 60A1B28C882BDC56)
  ok
[957/11794] queries/stackoverflow/SQLStorm/15052.sql  (run_id 2A7F02FB5329C4E1)
  ok
[958/11794] queries/stackoverflow/SQLStorm/16315.sql  (run_id 0DBC1DBEA5719B9F)
  ok
[959/11794] queries/stackoverflow/SQLStorm/10391.sql  (run_id 7AC4508F3C095935)
  ok
[960/11794] queries/stackoverflow/SQLStorm/1068.sql  (run_id 0DFF29345A37CBC0)
  ok
[961/11794] queries/stackoverflow/SQLStorm/16137.sql  (run_id 660D5CB8D8A499CA)
  ok
[962/11794] queries/stackoverflow/SQLStorm/15958.sql  (run_id D2E40DC424FBCA11)
  ok
[963/11794] queries/stackoverflow/SQLStorm/990.sql  (run_id 3C1D2571939539D9)
  ok
[964/11794] queries/stackoverflow/SQLStorm/5504.sql  (run_id 8F5E85B73DDAA17A)
  ok
[965/11794] queries/stackoverflow/SQLStorm/21649.sql  (run_id 74A8D444C45E1217)
  ok
[966/11794] queries/stackoverflow/SQLStorm/14203.sql  (run_id BF78B633C58BBB67)
  ok
[967/11794] queries/stackoverflow/SQLStorm/11310.sql  (run_id D1615F7602F0357D)
  ok
[968/11794] queries/stackoverflow/SQLStorm/14855.sql  (run_id C6A5A2A5BED9530E)
  ok
[969/11794] queries/stackoverflow/SQLStorm/4852.sql  (run_id B00DC2C093FF5CE8)
  ok
[970/11794] queries/stackoverflow/SQLStorm/17213.sql  (run_id 78A91037F9940C42)
  ok
[971/11794] queries/stackoverflow/SQLStorm/5311.sql  (run_id A21FFC45A9ABE2ED)
  ok
[972/11794] queries/stackoverflow/SQLStorm/16628.sql  (run_id 25AA4B93E33C9DE3)
  ok
[973/11794] queries/stackoverflow/SQLStorm/8947.sql  (run_id FF3EF8417DCD6B0A)
  ok
[974/11794] queries/stackoverflow/SQLStorm/873.sql  (run_id F2BAADE98CD22994)
  ok
[975/11794] queries/stackoverflow/SQLStorm/10238.sql  (run_id 85F982E45379C2D0)
  ok
[976/11794] queries/stackoverflow/SQLStorm/14050.sql  (run_id D9786D2AA5DC6513)
  ok
[977/11794] queries/stackoverflow/SQLStorm/6390.sql  (run_id 7253B1BEDD45415D)
  ok
[978/11794] queries/stackoverflow/SQLStorm/13044.sql  (run_id B6CEF23464BD3FF4)
  ok
[979/11794] queries/stackoverflow/SQLStorm/2967.sql  (run_id F89A397FA720BA95)
  ok
[980/11794] queries/stackoverflow/SQLStorm/19010.sql  (run_id 249A087D348D3D43)
  ok
[981/11794] queries/stackoverflow/SQLStorm/9545.sql  (run_id A9FF08CF79B229C1)
  ok
[982/11794] queries/stackoverflow/SQLStorm/15389.sql  (run_id 630BC0B4A66DA4D7)
  ok
[983/11794] queries/stackoverflow/SQLStorm/13776.sql  (run_id A2576334DD1559B0)
  ok
[984/11794] queries/stackoverflow/SQLStorm/12376.sql  (run_id F7E5725EBF6855E6)
  ok
[985/11794] queries/stackoverflow/SQLStorm/17559.sql  (run_id 2FE2F294D7CA4423)
  ok
[986/11794] queries/stackoverflow/SQLStorm/2975.sql  (run_id F634108B0283D802)
  ok
[987/11794] queries/stackoverflow/SQLStorm/28279.sql  (run_id 2DD2FA2BAAE191C6)
  ok
[988/11794] queries/stackoverflow/SQLStorm/1909.sql  (run_id 4F5F9C8B95441F21)
  ok
[989/11794] queries/stackoverflow/SQLStorm/12730.sql  (run_id F7E084C0725F4934)
  ok
[990/11794] queries/stackoverflow/SQLStorm/7106.sql  (run_id 063F5B1B6F1101C5)
  ok
[991/11794] queries/stackoverflow/SQLStorm/18686.sql  (run_id EFB434B1E68C6656)
  ok
[992/11794] queries/stackoverflow/SQLStorm/19111.sql  (run_id AB60F69BDD9ED051)
  ok
[993/11794] queries/stackoverflow/SQLStorm/10971.sql  (run_id D62BCCC1C2EFA659)
  ok
[994/11794] queries/stackoverflow/SQLStorm/9192.sql  (run_id 7DBF1B8D0CD78688)
  ok
[995/11794] queries/stackoverflow/SQLStorm/555.sql  (run_id 1CD18B72FA158FD6)
  ok
[996/11794] queries/stackoverflow/SQLStorm/22474.sql  (run_id B59251999A7E4428)
  ok
[997/11794] queries/stackoverflow/SQLStorm/3091.sql  (run_id D1602D1FB437D937)
  ok
[998/11794] queries/stackoverflow/SQLStorm/333.sql  (run_id 3DC01D5BD2F05AE8)
  ok
[999/11794] queries/stackoverflow/SQLStorm/17577.sql  (run_id 08FA8F132D16AFCC)
  ok
[1000/11794] queries/stackoverflow/SQLStorm/3285.sql  (run_id 514987F167130195)
  ok
[1001/11794] queries/stackoverflow/SQLStorm/15730.sql  (run_id 2BF065CBE6ACD440)
  ok
[1002/11794] queries/stackoverflow/SQLStorm/2339.sql  (run_id CCF045A79F662D7D)
  ok
[1003/11794] queries/stackoverflow/SQLStorm/17491.sql  (run_id 0C372A423F843E5B)
  ok
[1004/11794] queries/stackoverflow/SQLStorm/19731.sql  (run_id 9353FABD5283EF41)
  ok
[1005/11794] queries/stackoverflow/SQLStorm/7944.sql  (run_id 549C933997EF8584)
  ok
[1006/11794] queries/stackoverflow/SQLStorm/18682.sql  (run_id 3DC2FBCD3881E748)
  ok
[1007/11794] queries/stackoverflow/SQLStorm/33131.sql  (run_id 8F10D8939CF24E64)
  ok
[1008/11794] queries/stackoverflow/SQLStorm/18834.sql  (run_id CAEAF1FDFD408F9A)
  ok
[1009/11794] queries/stackoverflow/SQLStorm/3691.sql  (run_id CA9A520EE82633C2)
  ok
[1010/11794] queries/stackoverflow/SQLStorm/10604.sql  (run_id A6472D3FD3030575)
  ok
[1011/11794] queries/stackoverflow/SQLStorm/10792.sql  (run_id B776CF124E150695)
  ok
[1012/11794] queries/stackoverflow/SQLStorm/6648.sql  (run_id F6935CB00A5ECC70)
  ok
[1013/11794] queries/stackoverflow/SQLStorm/13843.sql  (run_id 39F81D076ED0AD26)
  ok
[1014/11794] queries/stackoverflow/SQLStorm/877.sql  (run_id AE9F405DF4E13266)
  ok
[1015/11794] queries/stackoverflow/SQLStorm/8001.sql  (run_id 647C0F4A6062642D)
  ok
[1016/11794] queries/stackoverflow/SQLStorm/27620.sql  (run_id 88B747AB09500460)
  ok
[1017/11794] queries/stackoverflow/SQLStorm/34585.sql  (run_id 15652386B4B6ADA2)
  ok
[1018/11794] queries/stackoverflow/SQLStorm/13312.sql  (run_id B62657407F5477B1)
  ok
[1019/11794] queries/stackoverflow/SQLStorm/15947.sql  (run_id 578885D6487C7ED4)
  ok
[1020/11794] queries/stackoverflow/SQLStorm/14897.sql  (run_id F2665FF5C05F6039)
  ok
[1021/11794] queries/stackoverflow/SQLStorm/15714.sql  (run_id 2B899D370AC4985F)
  ok
[1022/11794] queries/stackoverflow/SQLStorm/19395.sql  (run_id BD2C50011D1379E9)
  ok
[1023/11794] queries/stackoverflow/SQLStorm/28004.sql  (run_id 6A50DB0972CA5572)
  ok
[1024/11794] queries/stackoverflow/SQLStorm/6924.sql  (run_id BD19950A0F36E0BD)
  ok
[1025/11794] queries/stackoverflow/SQLStorm/15184.sql  (run_id D74709D797B8E810)
  ok
[1026/11794] queries/stackoverflow/SQLStorm/4013.sql  (run_id 1F2320BC5808DA92)
  ok
[1027/11794] queries/stackoverflow/SQLStorm/16311.sql  (run_id E2BDFE11A8DA65F9)
  ok
[1028/11794] queries/stackoverflow/SQLStorm/11773.sql  (run_id B665C7290F67C480)
  ok
[1029/11794] queries/stackoverflow/SQLStorm/8662.sql  (run_id 656638831B1D11EA)
  ok
[1030/11794] queries/stackoverflow/SQLStorm/19866.sql  (run_id DB9E597AAEE3707A)
  ok
[1031/11794] queries/stackoverflow/SQLStorm/14763.sql  (run_id 955A2405C8297054)
  ok
[1032/11794] queries/stackoverflow/SQLStorm/9199.sql  (run_id D7D13630B86AE1E9)
  ok
[1033/11794] queries/stackoverflow/SQLStorm/31317.sql  (run_id D48CCA4346A80840)
  ok
[1034/11794] queries/stackoverflow/SQLStorm/9205.sql  (run_id 12C78EF7883E2187)
  ok
[1035/11794] queries/stackoverflow/SQLStorm/16089.sql  (run_id 6743F9FBFA0B4A6B)
  ok
[1036/11794] queries/stackoverflow/SQLStorm/21710.sql  (run_id E44FF18EA669833A)
  ok
[1037/11794] queries/stackoverflow/SQLStorm/19775.sql  (run_id 81F0B994E4025C4B)
  ok
[1038/11794] queries/stackoverflow/SQLStorm/7642.sql  (run_id C63F617B210BB6AB)
  ok
[1039/11794] queries/stackoverflow/SQLStorm/16578.sql  (run_id 7820556307600EB3)
  ok
[1040/11794] queries/stackoverflow/SQLStorm/14007.sql  (run_id 9410D102E5379733)
  ok
[1041/11794] queries/stackoverflow/SQLStorm/19003.sql  (run_id 9F0D945D4ABB8A1F)
  ok
[1042/11794] queries/stackoverflow/SQLStorm/2373.sql  (run_id 47B253909B3F7ADD)
  ok
[1043/11794] queries/stackoverflow/SQLStorm/17495.sql  (run_id 08B54C3526268045)
  ok
[1044/11794] queries/stackoverflow/SQLStorm/18454.sql  (run_id 3F2EC640940FFF68)
  ok
[1045/11794] queries/stackoverflow/SQLStorm/1633.sql  (run_id 53399E9DAA10F3F0)
  ok
[1046/11794] queries/stackoverflow/SQLStorm/19141.sql  (run_id A820030B5D5EEBA6)
  ok
[1047/11794] queries/stackoverflow/SQLStorm/14841.sql  (run_id 1935DD6F5221307E)
  ok
[1048/11794] queries/stackoverflow/SQLStorm/13239.sql  (run_id 72BD63E13F28A232)
  ok
[1049/11794] queries/stackoverflow/SQLStorm/26370.sql  (run_id 7F6134FDF0092A12)
  ok
[1050/11794] queries/stackoverflow/SQLStorm/12312.sql  (run_id C75488E530A3415F)
  ok
[1051/11794] queries/stackoverflow/SQLStorm/26922.sql  (run_id B37521ABAC670DC9)
  ok
[1052/11794] queries/stackoverflow/SQLStorm/10820.sql  (run_id 64ECB73CF873A8CC)
  ok
[1053/11794] queries/stackoverflow/SQLStorm/16036.sql  (run_id 474168AD4BBD0F46)
  ok
[1054/11794] queries/stackoverflow/SQLStorm/22021.sql  (run_id 59EF57A21E409F15)
  ok
[1055/11794] queries/stackoverflow/SQLStorm/7239.sql  (run_id B1E409FAA13ECC0D)
  ok
[1056/11794] queries/stackoverflow/SQLStorm/18007.sql  (run_id A478D622F94CC420)
  ok
[1057/11794] queries/stackoverflow/SQLStorm/10583.sql  (run_id A92CC732DEEAC633)
  ok
[1058/11794] queries/stackoverflow/SQLStorm/9318.sql  (run_id 06950CE9F54189CE)
  ok
[1059/11794] queries/stackoverflow/SQLStorm/13543.sql  (run_id B64FCA3DC18B00C7)
  ok
[1060/11794] queries/stackoverflow/SQLStorm/4452.sql  (run_id 339BFF62949B79AD)
  ok
[1061/11794] queries/stackoverflow/SQLStorm/13074.sql  (run_id 4A84698526DBAB8A)
  ok
[1062/11794] queries/stackoverflow/SQLStorm/543.sql  (run_id 9D451964FE33BFC9)
  ok
[1063/11794] queries/stackoverflow/SQLStorm/34541.sql  (run_id 18E5E01DD4DC379B)
  ok
[1064/11794] queries/stackoverflow/SQLStorm/19432.sql  (run_id 17FF8FAA701FB152)
  ok
[1065/11794] queries/stackoverflow/SQLStorm/31537.sql  (run_id 812858C19FB1DAC2)
  ok
[1066/11794] queries/stackoverflow/SQLStorm/21364.sql  (run_id 54958F8F4427A3A8)
  ok
[1067/11794] queries/stackoverflow/SQLStorm/16989.sql  (run_id FD41F6D313BFC6AF)
  ok
[1068/11794] queries/stackoverflow/SQLStorm/21769.sql  (run_id 6826969B3BA746B9)
  ok
[1069/11794] queries/stackoverflow/SQLStorm/15239.sql  (run_id C74534B587FEF862)
  ok
[1070/11794] queries/stackoverflow/SQLStorm/9095.sql  (run_id 4D45A1730593A2CA)
  ok
[1071/11794] queries/stackoverflow/SQLStorm/4122.sql  (run_id 5EC6FF88CA51AAB0)
  ok
[1072/11794] queries/stackoverflow/SQLStorm/21441.sql  (run_id 4DD146C9D3034435)
  ok
[1073/11794] queries/stackoverflow/SQLStorm/15745.sql  (run_id EF3ECAFF034DE0A8)
  ok
[1074/11794] queries/stackoverflow/SQLStorm/13084.sql  (run_id 5D65ACE65A6AF897)
  ok
[1075/11794] queries/stackoverflow/SQLStorm/14845.sql  (run_id 2F0AADDAE819C68E)
  ok
[1076/11794] queries/stackoverflow/SQLStorm/5071.sql  (run_id 986CE14A6EF48343)
  ok
[1077/11794] queries/stackoverflow/SQLStorm/1697.sql  (run_id 5879F8F5D764386A)
  ok
[1078/11794] queries/stackoverflow/SQLStorm/397.sql  (run_id 34C79BE5FD4D1094)
  ok
[1079/11794] queries/stackoverflow/SQLStorm/19881.sql  (run_id 6EA00EDD781F08FA)
  ok
[1080/11794] queries/stackoverflow/SQLStorm/30296.sql  (run_id ACEA58F0435E186D)
  ok
[1081/11794] queries/stackoverflow/SQLStorm/10975.sql  (run_id E4A55F84D0D94B5B)
  ok
[1082/11794] queries/stackoverflow/SQLStorm/21346.sql  (run_id C407B4B2700AE709)
  ok
[1083/11794] queries/stackoverflow/SQLStorm/10214.sql  (run_id 65E30C2B1DB43744)
  ok
[1084/11794] queries/stackoverflow/SQLStorm/2569.sql  (run_id CB12C5E3F4DC3694)
  ok
[1085/11794] queries/stackoverflow/SQLStorm/16723.sql  (run_id F6265CD303B9F504)
  ok
[1086/11794] queries/stackoverflow/SQLStorm/25467.sql  (run_id BC18DCAA2149E7D1)
  ok
[1087/11794] queries/stackoverflow/SQLStorm/16642.sql  (run_id C9F7472D341769D6)
  ok
[1088/11794] queries/stackoverflow/SQLStorm/6241.sql  (run_id 8A9404F5181FB176)
  ok
[1089/11794] queries/stackoverflow/SQLStorm/17728.sql  (run_id 7D8D7536EB4C7900)
  ok
[1090/11794] queries/stackoverflow/SQLStorm/12944.sql  (run_id 6854C42B03BA211E)
  ok
[1091/11794] queries/stackoverflow/SQLStorm/13449.sql  (run_id 661B6E398031980F)
  ok
[1092/11794] queries/stackoverflow/SQLStorm/17512.sql  (run_id 6DC5556D4E0CF4EC)
  ok
[1093/11794] queries/stackoverflow/SQLStorm/6500.sql  (run_id BF628D553B9FB185)
  ok
[1094/11794] queries/stackoverflow/SQLStorm/18283.sql  (run_id 00C7A06AA849C24C)
  ok
[1095/11794] queries/stackoverflow/SQLStorm/15496.sql  (run_id 06854DF8F6A66E22)
  ok
[1096/11794] queries/stackoverflow/SQLStorm/13374.sql  (run_id 399E96BEC94474F3)
  ok
[1097/11794] queries/stackoverflow/SQLStorm/34544.sql  (run_id AF4C2636E1F58247)
  ok
[1098/11794] queries/stackoverflow/SQLStorm/6270.sql  (run_id 5DB32D83E3D3A996)
  ok
[1099/11794] queries/stackoverflow/SQLStorm/33551.sql  (run_id 9E043A0EC07D687E)
  ok
[1100/11794] queries/stackoverflow/SQLStorm/4697.sql  (run_id E5ADC341CC34FCC7)
  ok
[1101/11794] queries/stackoverflow/SQLStorm/33887.sql  (run_id 5F0F8597DD487E5E)
  ok
[1102/11794] queries/stackoverflow/SQLStorm/17168.sql  (run_id 7F23257DE81DF0BB)
  ok
[1103/11794] queries/stackoverflow/SQLStorm/2772.sql  (run_id A5DC12C3380C4E17)
  ok
[1104/11794] queries/stackoverflow/SQLStorm/4979.sql  (run_id CECB2CC9688B053F)
  ok
[1105/11794] queries/stackoverflow/SQLStorm/12968.sql  (run_id EFB9FB44A3982977)
  ok
[1106/11794] queries/stackoverflow/SQLStorm/10255.sql  (run_id 9E65614FD3C86D06)
  ok
[1107/11794] queries/stackoverflow/SQLStorm/18666.sql  (run_id 0A4F22134D64A97E)
  ok
[1108/11794] queries/stackoverflow/SQLStorm/730.sql  (run_id 2CCDC620147ED95D)
  ok
[1109/11794] queries/stackoverflow/SQLStorm/4927.sql  (run_id 4FFCA6862ECFD85A)
  ok
[1110/11794] queries/stackoverflow/SQLStorm/6337.sql  (run_id B550D7A1C9FC4929)
  ok
[1111/11794] queries/stackoverflow/SQLStorm/18103.sql  (run_id 9521743EA4577AEC)
  ok
[1112/11794] queries/stackoverflow/SQLStorm/27864.sql  (run_id 8BDF77590A8DCFC5)
  ok
[1113/11794] queries/stackoverflow/SQLStorm/1401.sql  (run_id 3FBC4B3FAADDF1F5)
  ok
[1114/11794] queries/stackoverflow/SQLStorm/1946.sql  (run_id 7B785F3B4B0DC5D4)
  ok
[1115/11794] queries/stackoverflow/SQLStorm/5575.sql  (run_id 4CE5AD55CAB889E5)
  ok
[1116/11794] queries/stackoverflow/SQLStorm/5936.sql  (run_id D428B7CCDC854D10)
  ok
[1117/11794] queries/stackoverflow/SQLStorm/32058.sql  (run_id EB3D9FA05E7A6ACB)
  ok
[1118/11794] queries/stackoverflow/SQLStorm/18676.sql  (run_id 11A7A2BED177B5BE)
  ok
[1119/11794] queries/stackoverflow/SQLStorm/18172.sql  (run_id DEF158427E6C6D15)
  ok
[1120/11794] queries/stackoverflow/SQLStorm/14546.sql  (run_id 93F765DCFA35D46F)
  ok
[1121/11794] queries/stackoverflow/SQLStorm/12692.sql  (run_id CC50733510D3DB27)
  ok
[1122/11794] queries/stackoverflow/SQLStorm/20310.sql  (run_id BC121369CCC287A1)
  ok
[1123/11794] queries/stackoverflow/SQLStorm/19417.sql  (run_id A7412FEFB1C32614)
  ok
[1124/11794] queries/stackoverflow/SQLStorm/12463.sql  (run_id 38ED22736A0DEF19)
  ok
[1125/11794] queries/stackoverflow/SQLStorm/14760.sql  (run_id 40CCD85A2F84AD64)
  ok
[1126/11794] queries/stackoverflow/SQLStorm/8382.sql  (run_id 6FFB1B8CCD580593)
  ok
[1127/11794] queries/stackoverflow/SQLStorm/32898.sql  (run_id BF88FEB501A4BEDE)
  ok
[1128/11794] queries/stackoverflow/SQLStorm/194.sql  (run_id ADA567B97E9D536C)
  ok
[1129/11794] queries/stackoverflow/SQLStorm/19426.sql  (run_id 950CD5E88732B84D)
  ok
[1130/11794] queries/stackoverflow/SQLStorm/16550.sql  (run_id 60D84D32D0EF8807)
  ok
[1131/11794] queries/stackoverflow/SQLStorm/10880.sql  (run_id D623289EBCEE7564)
  ok
[1132/11794] queries/stackoverflow/SQLStorm/12352.sql  (run_id C56AA090AE2DB6EA)
  ok
[1133/11794] queries/stackoverflow/SQLStorm/5201.sql  (run_id CB0AE09546706BF4)
  ok
[1134/11794] queries/stackoverflow/SQLStorm/7363.sql  (run_id E0E7ECA2F0A63B54)
  ok
[1135/11794] queries/stackoverflow/SQLStorm/5966.sql  (run_id F0AB2E6716EDA3B1)
  ok
[1136/11794] queries/stackoverflow/SQLStorm/546.sql  (run_id 58480D4DDFC18D03)
  ok
[1137/11794] queries/stackoverflow/SQLStorm/13229.sql  (run_id 2002CE43AB78BA97)
  ok
[1138/11794] queries/stackoverflow/SQLStorm/8160.sql  (run_id 8C6999AD0E0D9526)
  ok
[1139/11794] queries/stackoverflow/SQLStorm/10331.sql  (run_id 78B63A245848B54E)
  ok
[1140/11794] queries/stackoverflow/SQLStorm/21896.sql  (run_id 95DF340F9353A4BC)
  ok
[1141/11794] queries/stackoverflow/SQLStorm/17637.sql  (run_id 88C66F70B867A1E5)
  ok
[1142/11794] queries/stackoverflow/SQLStorm/23016.sql  (run_id 0BED58382DA58B9B)
  ok
[1143/11794] queries/stackoverflow/SQLStorm/16028.sql  (run_id 6494A543E884D463)
  ok
[1144/11794] queries/stackoverflow/SQLStorm/29320.sql  (run_id 24BE4D923C57D0F5)
  ok
[1145/11794] queries/stackoverflow/SQLStorm/19520.sql  (run_id 4086D01683B9D9F3)
  ok
[1146/11794] queries/stackoverflow/SQLStorm/7012.sql  (run_id 6F346B0835230DFC)
  ok
[1147/11794] queries/stackoverflow/SQLStorm/2080.sql  (run_id C6FE0433A68328AC)
  ok
[1148/11794] queries/stackoverflow/SQLStorm/4945.sql  (run_id 4DC88B003A828ACC)
  ok
[1149/11794] queries/stackoverflow/SQLStorm/14645.sql  (run_id 661899D8467902E3)
  ok
[1150/11794] queries/stackoverflow/SQLStorm/11240.sql  (run_id 20FE9C80385FA422)
  ok
[1151/11794] queries/stackoverflow/SQLStorm/31459.sql  (run_id 87313D7117BD574A)
  ok
[1152/11794] queries/stackoverflow/SQLStorm/15783.sql  (run_id 650ED4A3ED2EF475)
  ok
[1153/11794] queries/stackoverflow/SQLStorm/18163.sql  (run_id DE4ED1C5574BF1A3)
  ok
[1154/11794] queries/stackoverflow/SQLStorm/15682.sql  (run_id 1D91B69A9FE3D8CE)
  ok
[1155/11794] queries/stackoverflow/SQLStorm/11274.sql  (run_id 251D48601A3CE010)
  ok
[1156/11794] queries/stackoverflow/SQLStorm/10137.sql  (run_id 378ABB6B81E2687A)
  ok
[1157/11794] queries/stackoverflow/SQLStorm/19110.sql  (run_id 1DD46FE1A2098F31)
  ok
[1158/11794] queries/stackoverflow/SQLStorm/2236.sql  (run_id 15EC78D5B9670B28)
  ok
[1159/11794] queries/stackoverflow/SQLStorm/8573.sql  (run_id F1E0D759EE501F93)
  ok
[1160/11794] queries/stackoverflow/SQLStorm/15279.sql  (run_id BD588E073E8A7C83)
  ok
[1161/11794] queries/stackoverflow/SQLStorm/6563.sql  (run_id C932DDDC13318F30)
  ok
[1162/11794] queries/stackoverflow/SQLStorm/18147.sql  (run_id EA035B6AAFC4EDA7)
  ok
[1163/11794] queries/stackoverflow/SQLStorm/17174.sql  (run_id C14B747587BE0135)
  ok
[1164/11794] queries/stackoverflow/SQLStorm/9951.sql  (run_id A887C107DE10EE08)
  ok
[1165/11794] queries/stackoverflow/SQLStorm/30424.sql  (run_id 602EEE0CD934B6DE)
  ok
[1166/11794] queries/stackoverflow/SQLStorm/32283.sql  (run_id 4CA414DCFF79EACC)
  ok
[1167/11794] queries/stackoverflow/SQLStorm/18971.sql  (run_id 775CDD7362978317)
  ok
[1168/11794] queries/stackoverflow/SQLStorm/8571.sql  (run_id 92FDE017A836D83A)
  ok
[1169/11794] queries/stackoverflow/SQLStorm/10381.sql  (run_id F8BB965FA1999F97)
  ok
[1170/11794] queries/stackoverflow/SQLStorm/14125.sql  (run_id C3C503F4469EB650)
  ok
[1171/11794] queries/stackoverflow/SQLStorm/31438.sql  (run_id 77EEDF9917496EA8)
  ok
[1172/11794] queries/stackoverflow/SQLStorm/14747.sql  (run_id 76E8754ADA93A02B)
  ok
[1173/11794] queries/stackoverflow/SQLStorm/18451.sql  (run_id C6CA8AF04ACFA283)
  ok
[1174/11794] queries/stackoverflow/SQLStorm/17944.sql  (run_id 2F0BD241FD29BA98)
  ok
[1175/11794] queries/stackoverflow/SQLStorm/19572.sql  (run_id 4F9DE327BBF2BF9E)
  ok
[1176/11794] queries/stackoverflow/SQLStorm/15657.sql  (run_id 3560500EDFBE3D82)
  ok
[1177/11794] queries/stackoverflow/SQLStorm/25580.sql  (run_id 9A3BE328D4273C65)
  ok
[1178/11794] queries/stackoverflow/SQLStorm/22193.sql  (run_id D7007BBD4EF210BA)
  ok
[1179/11794] queries/stackoverflow/SQLStorm/15991.sql  (run_id 3D8D74C71C072073)
  ok
[1180/11794] queries/stackoverflow/SQLStorm/32785.sql  (run_id 759B9A35BFDF589E)
  ok
[1181/11794] queries/stackoverflow/SQLStorm/14865.sql  (run_id 36AE0BA3A18FEADE)
  ok
[1182/11794] queries/stackoverflow/SQLStorm/15721.sql  (run_id 0EED31EE45B50C7F)
  ok
[1183/11794] queries/stackoverflow/SQLStorm/8150.sql  (run_id 754AFB333A6137D7)
  ok
[1184/11794] queries/stackoverflow/SQLStorm/16078.sql  (run_id 301026548A57BAD6)
  ok
[1185/11794] queries/stackoverflow/SQLStorm/12614.sql  (run_id 465A783B9266AFDB)
  ok
[1186/11794] queries/stackoverflow/SQLStorm/8415.sql  (run_id 1C657F25D488E5A8)
  ok
[1187/11794] queries/stackoverflow/SQLStorm/15928.sql  (run_id F04C3C50716FB629)
  ok
[1188/11794] queries/stackoverflow/SQLStorm/33546.sql  (run_id 14E1A63972DE3737)
  ok
[1189/11794] queries/stackoverflow/SQLStorm/14011.sql  (run_id 66829318164483EB)
  ok
[1190/11794] queries/stackoverflow/SQLStorm/20975.sql  (run_id 20CF9A48F72E807E)
  ok
[1191/11794] queries/stackoverflow/SQLStorm/26637.sql  (run_id 3531EC062FED7690)
  ok
[1192/11794] queries/stackoverflow/SQLStorm/14905.sql  (run_id 00AF350F66A3CD09)
  ok
[1193/11794] queries/stackoverflow/SQLStorm/16116.sql  (run_id 2F18230E3C0A235F)
  ok
[1194/11794] queries/stackoverflow/SQLStorm/5876.sql  (run_id A4D8EC812B9666E3)
  ok
[1195/11794] queries/stackoverflow/SQLStorm/18091.sql  (run_id 8A8C8EF5E27C6E39)
  ok
[1196/11794] queries/stackoverflow/SQLStorm/23454.sql  (run_id 116974508D01E000)
  ok
[1197/11794] queries/stackoverflow/SQLStorm/185.sql  (run_id 9DC4175B295D4073)
  ok
[1198/11794] queries/stackoverflow/SQLStorm/22498.sql  (run_id 963CAE3F9E3D8A0C)
  ok
[1199/11794] queries/stackoverflow/SQLStorm/24601.sql  (run_id 872C9B42820BF94F)
  ok
[1200/11794] queries/stackoverflow/SQLStorm/17654.sql  (run_id 50A5AA728DDE8060)
  ok
[1201/11794] queries/stackoverflow/SQLStorm/16952.sql  (run_id 01C7E34C20C01740)
  ok
[1202/11794] queries/stackoverflow/SQLStorm/21405.sql  (run_id C20025DE7BE7B178)
  ok
[1203/11794] queries/stackoverflow/SQLStorm/19025.sql  (run_id EF1281FB5E379E42)
  ok
[1204/11794] queries/stackoverflow/SQLStorm/10383.sql  (run_id C2E91BC6E08EA1AA)
  ok
[1205/11794] queries/stackoverflow/SQLStorm/15816.sql  (run_id AE8C79655D04D136)
  ok
[1206/11794] queries/stackoverflow/SQLStorm/938.sql  (run_id 8E59D51427F162F1)
  ok
[1207/11794] queries/stackoverflow/SQLStorm/3784.sql  (run_id 7B6B09FB78B89636)
  ok
[1208/11794] queries/stackoverflow/SQLStorm/17487.sql  (run_id 294D46959955DAE7)
  ok
[1209/11794] queries/stackoverflow/SQLStorm/7739.sql  (run_id 036C30335D5DD6F8)
  ok
[1210/11794] queries/stackoverflow/SQLStorm/19320.sql  (run_id C0039B20FBA57785)
  ok
[1211/11794] queries/stackoverflow/SQLStorm/3847.sql  (run_id 074B35274F39A8A9)
  ok
[1212/11794] queries/stackoverflow/SQLStorm/8459.sql  (run_id 11355B3DCC291A66)
  ok
[1213/11794] queries/stackoverflow/SQLStorm/12711.sql  (run_id 1D403B8B2DF98729)
  ok
[1214/11794] queries/stackoverflow/SQLStorm/23526.sql  (run_id 25157700FC5372DE)
  ok
[1215/11794] queries/stackoverflow/SQLStorm/20234.sql  (run_id 861826FF7615255C)
  ok
[1216/11794] queries/stackoverflow/SQLStorm/10467.sql  (run_id C273167CCBE5E64D)
  ok
[1217/11794] queries/stackoverflow/SQLStorm/28829.sql  (run_id 0A9F35E7FBA46ACA)
  ok
[1218/11794] queries/stackoverflow/SQLStorm/18536.sql  (run_id E32C8A5343B0F82D)
  ok
[1219/11794] queries/stackoverflow/SQLStorm/17816.sql  (run_id A5C0A11A7FFB1A1E)
  ok
[1220/11794] queries/stackoverflow/SQLStorm/12840.sql  (run_id AF2E7F08061F3039)
  ok
[1221/11794] queries/stackoverflow/SQLStorm/13301.sql  (run_id EE1D74E34B08A9D4)
  ok
[1222/11794] queries/stackoverflow/SQLStorm/12269.sql  (run_id EEE970C4A727C302)
  ok
[1223/11794] queries/stackoverflow/SQLStorm/23114.sql  (run_id BE31241158E239FF)
  ok
[1224/11794] queries/stackoverflow/SQLStorm/17689.sql  (run_id B277BD639FE3D22E)
  ok
[1225/11794] queries/stackoverflow/SQLStorm/15759.sql  (run_id 44AEF878F0D8BDCA)
  ok
[1226/11794] queries/stackoverflow/SQLStorm/164.sql  (run_id FE364BDC1B35E39C)
  ok
[1227/11794] queries/stackoverflow/SQLStorm/15799.sql  (run_id BC4A3D4FC0B8248E)
  ok
[1228/11794] queries/stackoverflow/SQLStorm/29086.sql  (run_id CF40DB64B76963EC)
  ok
[1229/11794] queries/stackoverflow/SQLStorm/13325.sql  (run_id 6D230488C639AEF7)
  ok
[1230/11794] queries/stackoverflow/SQLStorm/573.sql  (run_id 28AD11F03971DE17)
  ok
[1231/11794] queries/stackoverflow/SQLStorm/19739.sql  (run_id 4296B7682C95BDEA)
  ok
[1232/11794] queries/stackoverflow/SQLStorm/6182.sql  (run_id 806175E1FEE4C4E6)
  ok
[1233/11794] queries/stackoverflow/SQLStorm/17382.sql  (run_id 5F8F6937F679B547)
  ok
[1234/11794] queries/stackoverflow/SQLStorm/18687.sql  (run_id 23CE650E42FF39F2)
  ok
[1235/11794] queries/stackoverflow/SQLStorm/17623.sql  (run_id 7AE9A5278496E80A)
  ok
[1236/11794] queries/stackoverflow/SQLStorm/27745.sql  (run_id F26875B2EA3F0A88)
  ok
[1237/11794] queries/stackoverflow/SQLStorm/17482.sql  (run_id EE07193D59B0175F)
  ok
[1238/11794] queries/stackoverflow/SQLStorm/17058.sql  (run_id DB0C782C5FAAE03D)
  ok
[1239/11794] queries/stackoverflow/SQLStorm/16077.sql  (run_id BFC82F8045F9185C)
  ok
[1240/11794] queries/stackoverflow/SQLStorm/19094.sql  (run_id 5E9577DD3064C5DF)
  ok
[1241/11794] queries/stackoverflow/SQLStorm/16147.sql  (run_id 71779131AE7F4F74)
  ok
[1242/11794] queries/stackoverflow/SQLStorm/8955.sql  (run_id 30AE92137841F17D)
  ok
[1243/11794] queries/stackoverflow/SQLStorm/8812.sql  (run_id E8490C5AD7C35D92)
  ok
[1244/11794] queries/stackoverflow/SQLStorm/24565.sql  (run_id CDC8EA8C72730A3B)
  ok
[1245/11794] queries/stackoverflow/SQLStorm/33289.sql  (run_id 3D0F1D63A4FB2568)
  ok
[1246/11794] queries/stackoverflow/SQLStorm/16096.sql  (run_id 770F0EC43BBD0B34)
  ok
[1247/11794] queries/stackoverflow/SQLStorm/5714.sql  (run_id C3379FB8038D7AD1)
  ok
[1248/11794] queries/stackoverflow/SQLStorm/15029.sql  (run_id 8A725D6BE785F790)
  ok
[1249/11794] queries/stackoverflow/SQLStorm/544.sql  (run_id 3B7684FC93200A1F)
  ok
[1250/11794] queries/stackoverflow/SQLStorm/13859.sql  (run_id 9EEDA3696AA45BAC)
  ok
[1251/11794] queries/stackoverflow/SQLStorm/7017.sql  (run_id 09EE43980BAA8225)
  ok
[1252/11794] queries/stackoverflow/SQLStorm/34132.sql  (run_id 95A029063C20CF6D)
  ok
[1253/11794] queries/stackoverflow/SQLStorm/15299.sql  (run_id 2109929A8C0B392B)
  ok
[1254/11794] queries/stackoverflow/SQLStorm/24190.sql  (run_id 33B5417E65E3B56C)
  ok
[1255/11794] queries/stackoverflow/SQLStorm/7563.sql  (run_id A1AF316805047799)
  ok
[1256/11794] queries/stackoverflow/SQLStorm/6625.sql  (run_id 29CB4F48B4A608CB)
  ok
[1257/11794] queries/stackoverflow/SQLStorm/13545.sql  (run_id 1A631E2BD9ECBAC7)
  ok
[1258/11794] queries/stackoverflow/SQLStorm/1116.sql  (run_id 15D034809F4E639A)
  ok
[1259/11794] queries/stackoverflow/SQLStorm/8229.sql  (run_id 7FB6C4CCECDEF6DF)
  ok
[1260/11794] queries/stackoverflow/SQLStorm/1007.sql  (run_id 3B522CACEE90768E)
  ok
[1261/11794] queries/stackoverflow/SQLStorm/13876.sql  (run_id 3C8C5898950A1E63)
  ok
[1262/11794] queries/stackoverflow/SQLStorm/31268.sql  (run_id FFFF7FBFF0B9F1E2)
  ok
[1263/11794] queries/stackoverflow/SQLStorm/15798.sql  (run_id 403800792F60F6F8)
  ok
[1264/11794] queries/stackoverflow/SQLStorm/18187.sql  (run_id 728EAD31F1111C4F)
  ok
[1265/11794] queries/stackoverflow/SQLStorm/18390.sql  (run_id F67BEF112E6FA039)
  ok
[1266/11794] queries/stackoverflow/SQLStorm/6209.sql  (run_id 9F58F204371923C7)
  ok
[1267/11794] queries/stackoverflow/SQLStorm/32673.sql  (run_id 8154104DD4DA6FFC)
  ok
[1268/11794] queries/stackoverflow/SQLStorm/15632.sql  (run_id FBEFAD93C84B5C71)
  ok
[1269/11794] queries/stackoverflow/SQLStorm/19466.sql  (run_id B2DF027AE41E64D5)
  ok
[1270/11794] queries/stackoverflow/SQLStorm/17399.sql  (run_id C36101E8D13120A7)
  ok
[1271/11794] queries/stackoverflow/SQLStorm/28557.sql  (run_id 48427CF7FAFB69AA)
  ok
[1272/11794] queries/stackoverflow/SQLStorm/29365.sql  (run_id B8B40A661BFA1067)
  ok
[1273/11794] queries/stackoverflow/SQLStorm/12544.sql  (run_id F3A1DC01620F3CAC)
  ok
[1274/11794] queries/stackoverflow/SQLStorm/17261.sql  (run_id A73AB6FC67185FB2)
  ok
[1275/11794] queries/stackoverflow/SQLStorm/14115.sql  (run_id 4D97D8D960A3BFB5)
  ok
[1276/11794] queries/stackoverflow/SQLStorm/7142.sql  (run_id 1A2DB8F921F242B3)
  ok
[1277/11794] queries/stackoverflow/SQLStorm/11370.sql  (run_id 0DA77C6F622A2150)
  ok
[1278/11794] queries/stackoverflow/SQLStorm/17972.sql  (run_id 7608E4B8536E45FC)
  ok
[1279/11794] queries/stackoverflow/SQLStorm/11504.sql  (run_id 00FFFD5F4877E438)
  ok
[1280/11794] queries/stackoverflow/SQLStorm/15017.sql  (run_id 51CE69D8B0B5B64E)
  ok
[1281/11794] queries/stackoverflow/SQLStorm/13682.sql  (run_id F212E8D90669740B)
  ok
[1282/11794] queries/stackoverflow/SQLStorm/17043.sql  (run_id C63F1ED24C2BC89F)
  ok
[1283/11794] queries/stackoverflow/SQLStorm/6419.sql  (run_id 7653F8370E51794F)
  ok
[1284/11794] queries/stackoverflow/SQLStorm/2315.sql  (run_id D04BACA4AA471AE8)
  ok
[1285/11794] queries/stackoverflow/SQLStorm/30325.sql  (run_id 406334C9E057A23D)
  ok
[1286/11794] queries/stackoverflow/SQLStorm/32829.sql  (run_id 2656CAB90B14B754)
  ok
[1287/11794] queries/stackoverflow/SQLStorm/10550.sql  (run_id 4C5E7EDD28979455)
  ok
[1288/11794] queries/stackoverflow/SQLStorm/17841.sql  (run_id 421D04E8692169CD)
  ok
[1289/11794] queries/stackoverflow/SQLStorm/15685.sql  (run_id 2B862A69DD400B48)
  ok
[1290/11794] queries/stackoverflow/SQLStorm/11530.sql  (run_id 15E1FCEEF6A74C9E)
  ok
[1291/11794] queries/stackoverflow/SQLStorm/12658.sql  (run_id 0964F210D123EB75)
  ok
[1292/11794] queries/stackoverflow/SQLStorm/4506.sql  (run_id 0270FBC0610BAF6F)
  ok
[1293/11794] queries/stackoverflow/SQLStorm/15753.sql  (run_id 480EA3072CACD707)
  ok
[1294/11794] queries/stackoverflow/SQLStorm/16466.sql  (run_id 137AC708F299A562)
  ok
[1295/11794] queries/stackoverflow/SQLStorm/30824.sql  (run_id E69AF69F8E2E64BA)
  ok
[1296/11794] queries/stackoverflow/SQLStorm/17297.sql  (run_id AEEEFCD8AE78DD64)
  ok
[1297/11794] queries/stackoverflow/SQLStorm/34867.sql  (run_id 84CFA448EA3877CC)
  ok
[1298/11794] queries/stackoverflow/SQLStorm/13180.sql  (run_id EA160FACD1B4C49B)
  ok
[1299/11794] queries/stackoverflow/SQLStorm/24317.sql  (run_id 1E04FF38E1031BED)
  ok
[1300/11794] queries/stackoverflow/SQLStorm/11592.sql  (run_id 5E9BFF391A8034DA)
  ok
[1301/11794] queries/stackoverflow/SQLStorm/9994.sql  (run_id 70A49CDC55A77696)
  ok
[1302/11794] queries/stackoverflow/SQLStorm/12425.sql  (run_id 1DAE9C39837C3A22)
  ok
[1303/11794] queries/stackoverflow/SQLStorm/8475.sql  (run_id 380773D345F52D7A)
  ok
[1304/11794] queries/stackoverflow/SQLStorm/24594.sql  (run_id 922ABAA087340B81)
  ok
[1305/11794] queries/stackoverflow/SQLStorm/14710.sql  (run_id 8558D3080135524A)
  ok
[1306/11794] queries/stackoverflow/SQLStorm/11344.sql  (run_id 8C03AAF44CBEEF23)
  ok
[1307/11794] queries/stackoverflow/SQLStorm/1263.sql  (run_id 7D54415291935622)
  ok
[1308/11794] queries/stackoverflow/SQLStorm/19355.sql  (run_id 4B4FAF9F75EC5098)
  ok
[1309/11794] queries/stackoverflow/SQLStorm/371.sql  (run_id 0021ED47EE0DDFC9)
  ok
[1310/11794] queries/stackoverflow/SQLStorm/11207.sql  (run_id 410C6DB8076A3D13)
  ok
[1311/11794] queries/stackoverflow/SQLStorm/15189.sql  (run_id 7F2D93C4FE2A45AD)
  ok
[1312/11794] queries/stackoverflow/SQLStorm/1363.sql  (run_id F5BA909435192850)
  ok
[1313/11794] queries/stackoverflow/SQLStorm/33375.sql  (run_id DF019ACF32898FF8)
  ok
[1314/11794] queries/stackoverflow/SQLStorm/27086.sql  (run_id 89EF656B9351E45B)
  ok
[1315/11794] queries/stackoverflow/SQLStorm/13352.sql  (run_id A97F1965D4746200)
  ok
[1316/11794] queries/stackoverflow/SQLStorm/7906.sql  (run_id CD2A431BDDA31873)
  ok
[1317/11794] queries/stackoverflow/SQLStorm/5518.sql  (run_id 476C9D5941F2FA45)
  ok
[1318/11794] queries/stackoverflow/SQLStorm/11732.sql  (run_id 5DB0F8401C38C140)
  ok
[1319/11794] queries/stackoverflow/SQLStorm/2961.sql  (run_id F248F1B852D01966)
  ok
[1320/11794] queries/stackoverflow/SQLStorm/16364.sql  (run_id AF0360C3AA816E51)
  ok
[1321/11794] queries/stackoverflow/SQLStorm/25628.sql  (run_id 9B4F258EB84224C5)
  ok
[1322/11794] queries/stackoverflow/SQLStorm/10566.sql  (run_id BB756206551F22F0)
  ok
[1323/11794] queries/stackoverflow/SQLStorm/18477.sql  (run_id 1A9FCC3E3299C4AE)
  ok
[1324/11794] queries/stackoverflow/SQLStorm/1540.sql  (run_id 09A6CBC9354F7BCE)
  ok
[1325/11794] queries/stackoverflow/SQLStorm/13941.sql  (run_id 7EF797FB92C5A7F6)
  ok
[1326/11794] queries/stackoverflow/SQLStorm/6215.sql  (run_id 7AEE53D1F90AD60D)
  ok
[1327/11794] queries/stackoverflow/SQLStorm/4643.sql  (run_id CEED6E32D257FDA2)
  ok
[1328/11794] queries/stackoverflow/SQLStorm/22786.sql  (run_id 9E15B486ADA2753A)
  ok
[1329/11794] queries/stackoverflow/SQLStorm/12995.sql  (run_id 4DAC3C27E540B00E)
  ok
[1330/11794] queries/stackoverflow/SQLStorm/6732.sql  (run_id 898DA4B3799E119D)
  ok
[1331/11794] queries/stackoverflow/SQLStorm/12787.sql  (run_id 77145B8A1468F7C7)
  ok
[1332/11794] queries/stackoverflow/SQLStorm/19229.sql  (run_id 12784CE87E38694E)
  ok
[1333/11794] queries/stackoverflow/SQLStorm/29018.sql  (run_id 0473CB4C2FFB1E94)
  ok
[1334/11794] queries/stackoverflow/SQLStorm/23281.sql  (run_id ADC5E39C321FEB0B)
  ok
[1335/11794] queries/stackoverflow/SQLStorm/12653.sql  (run_id A8B55A5394F9F655)
  ok
[1336/11794] queries/stackoverflow/SQLStorm/8804.sql  (run_id 720BA3E3FF7652E2)
  ok
[1337/11794] queries/stackoverflow/SQLStorm/33132.sql  (run_id 8733AB448F56E7B6)
  ok
[1338/11794] queries/stackoverflow/SQLStorm/8408.sql  (run_id 047E8D576A0C1E54)
  ok
[1339/11794] queries/stackoverflow/SQLStorm/23167.sql  (run_id B907722BB65A654B)
  ok
[1340/11794] queries/stackoverflow/SQLStorm/31256.sql  (run_id 9492D8C511FD753E)
  ok
[1341/11794] queries/stackoverflow/SQLStorm/5646.sql  (run_id 6A0ED1B1A1DAE8F2)
  ok
[1342/11794] queries/stackoverflow/SQLStorm/10871.sql  (run_id E1FED9F88A2DA9DC)
  ok
[1343/11794] queries/stackoverflow/SQLStorm/29037.sql  (run_id BF26FB2DEC21F888)
  ok
[1344/11794] queries/stackoverflow/SQLStorm/9950.sql  (run_id E3F664AB63A47D1F)
  ok
[1345/11794] queries/stackoverflow/SQLStorm/19443.sql  (run_id F55B33D138FB502F)
  ok
[1346/11794] queries/stackoverflow/SQLStorm/22419.sql  (run_id CB8E12CDEFF127DB)
  ok
[1347/11794] queries/stackoverflow/SQLStorm/12557.sql  (run_id 391D98AE65EB0194)
  ok
[1348/11794] queries/stackoverflow/SQLStorm/31686.sql  (run_id BF3D9225664BDB96)
  ok
[1349/11794] queries/stackoverflow/SQLStorm/14696.sql  (run_id 5115F4EFF6B4880C)
  ok
[1350/11794] queries/stackoverflow/SQLStorm/10799.sql  (run_id 6295268BE94C9DA6)
  ok
[1351/11794] queries/stackoverflow/SQLStorm/7130.sql  (run_id E981861DA6948038)
  ok
[1352/11794] queries/stackoverflow/SQLStorm/8626.sql  (run_id 90F8830AB247F9E2)
  ok
[1353/11794] queries/stackoverflow/SQLStorm/11516.sql  (run_id 6A6ACE252DBB5E46)
  ok
[1354/11794] queries/stackoverflow/SQLStorm/4962.sql  (run_id 73B1B98CAD215EF2)
  ok
[1355/11794] queries/stackoverflow/SQLStorm/8231.sql  (run_id E8EC6E687CFDB440)
  ok
[1356/11794] queries/stackoverflow/SQLStorm/24811.sql  (run_id 02D19D9EC96C2D5C)
  ok
[1357/11794] queries/stackoverflow/SQLStorm/19337.sql  (run_id 7D92753A963099B7)
  ok
[1358/11794] queries/stackoverflow/SQLStorm/13829.sql  (run_id 0366852835A2FA73)
  ok
[1359/11794] queries/stackoverflow/SQLStorm/11622.sql  (run_id 02C079CFDB0CAA7E)
  ok
[1360/11794] queries/stackoverflow/SQLStorm/10716.sql  (run_id FFA0674CD3407B7E)
  ok
[1361/11794] queries/stackoverflow/SQLStorm/18132.sql  (run_id 3D85D13BDFC039CC)
  ok
[1362/11794] queries/stackoverflow/SQLStorm/1307.sql  (run_id A2E42D019392A65D)
  ok
[1363/11794] queries/stackoverflow/SQLStorm/25254.sql  (run_id 34B0A8B12EF7716F)
  ok
[1364/11794] queries/stackoverflow/SQLStorm/30463.sql  (run_id A8AC838EEDD876C9)
  ok
[1365/11794] queries/stackoverflow/SQLStorm/12716.sql  (run_id 6CED5B9CAFA5451D)
  ok
[1366/11794] queries/stackoverflow/SQLStorm/6051.sql  (run_id 4BDF2C41A0C0293E)
  ok
[1367/11794] queries/stackoverflow/SQLStorm/8285.sql  (run_id DCA3B64B26A18AF9)
  ok
[1368/11794] queries/stackoverflow/SQLStorm/10863.sql  (run_id 1424E937EDAC1D18)
  ok
[1369/11794] queries/stackoverflow/SQLStorm/20867.sql  (run_id 955D37CE30814DAC)
  ok
[1370/11794] queries/stackoverflow/SQLStorm/33690.sql  (run_id 211B5DD92D14FBB7)
  ok
[1371/11794] queries/stackoverflow/SQLStorm/19945.sql  (run_id C1A6FEAC09976307)
  ok
[1372/11794] queries/stackoverflow/SQLStorm/3510.sql  (run_id 16D38103CEAEAA30)
  ok
[1373/11794] queries/stackoverflow/SQLStorm/28037.sql  (run_id B53D3E5D9D174B40)
  ok
[1374/11794] queries/stackoverflow/SQLStorm/8305.sql  (run_id 755A4C98105A03CE)
  ok
[1375/11794] queries/stackoverflow/SQLStorm/6653.sql  (run_id 8C9328AFD418477D)
  ok
[1376/11794] queries/stackoverflow/SQLStorm/17799.sql  (run_id 6F2CB6F62E8652C7)
  ok
[1377/11794] queries/stackoverflow/SQLStorm/17177.sql  (run_id 44D486981D228F8A)
  ok
[1378/11794] queries/stackoverflow/SQLStorm/10043.sql  (run_id 263BE4200219BF88)
  ok
[1379/11794] queries/stackoverflow/SQLStorm/12205.sql  (run_id 4BD88959178AF375)
  ok
[1380/11794] queries/stackoverflow/SQLStorm/18524.sql  (run_id AE430A8185728D74)
  ok
[1381/11794] queries/stackoverflow/SQLStorm/2886.sql  (run_id E7823BBD318C0455)
  ok
[1382/11794] queries/stackoverflow/SQLStorm/17854.sql  (run_id 92B4422795AAA3E7)
  ok
[1383/11794] queries/stackoverflow/SQLStorm/7786.sql  (run_id F168142EAE6CF556)
  ok
[1384/11794] queries/stackoverflow/SQLStorm/12193.sql  (run_id 8C26BA30D9060779)
  ok
[1385/11794] queries/stackoverflow/SQLStorm/7580.sql  (run_id 93D5A48EA1FC3FE5)
  ok
[1386/11794] queries/stackoverflow/SQLStorm/7123.sql  (run_id DE2BB6141ABBA852)
  ok
[1387/11794] queries/stackoverflow/SQLStorm/96.sql  (run_id FEC5DFCEB98DCA65)
  ok
[1388/11794] queries/stackoverflow/SQLStorm/10751.sql  (run_id 412CE7FEB9D6F8CA)
  ok
[1389/11794] queries/stackoverflow/SQLStorm/11286.sql  (run_id 36823A0A0998B43D)
  ok
[1390/11794] queries/stackoverflow/SQLStorm/11136.sql  (run_id 69DB0AA8CB901F11)
  ok
[1391/11794] queries/stackoverflow/SQLStorm/15327.sql  (run_id 7F60A0169A083EB6)
  ok
[1392/11794] queries/stackoverflow/SQLStorm/6938.sql  (run_id 38B86CB714F0A3F2)
  ok
[1393/11794] queries/stackoverflow/SQLStorm/19388.sql  (run_id 44CBEA18EADD30B9)
  ok
[1394/11794] queries/stackoverflow/SQLStorm/9144.sql  (run_id 10C54B472DDF4E14)
  ok
[1395/11794] queries/stackoverflow/SQLStorm/3750.sql  (run_id 49FB13D5AB516906)
  ok
[1396/11794] queries/stackoverflow/SQLStorm/3295.sql  (run_id A43E1158A164A85E)
  ok
[1397/11794] queries/stackoverflow/SQLStorm/15534.sql  (run_id 18D428C79A90E67B)
  ok
[1398/11794] queries/stackoverflow/SQLStorm/31177.sql  (run_id BC45B9AAF5F709B8)
  ok
[1399/11794] queries/stackoverflow/SQLStorm/19826.sql  (run_id 5A5C0A085B67D236)
  ok
[1400/11794] queries/stackoverflow/SQLStorm/18304.sql  (run_id 25991F89D76380B1)
  ok
[1401/11794] queries/stackoverflow/SQLStorm/17288.sql  (run_id 63CF5DA51E3AED70)
  ok
[1402/11794] queries/stackoverflow/SQLStorm/8332.sql  (run_id 4AEBF41257D8EB38)
  ok
[1403/11794] queries/stackoverflow/SQLStorm/29578.sql  (run_id 0653558324FFFBEC)
  ok
[1404/11794] queries/stackoverflow/SQLStorm/7118.sql  (run_id 1B62F71E4EA6620D)
  ok
[1405/11794] queries/stackoverflow/SQLStorm/14895.sql  (run_id 022E044F68F09770)
  ok
[1406/11794] queries/stackoverflow/SQLStorm/6953.sql  (run_id A32887C2603E421B)
  ok
[1407/11794] queries/stackoverflow/SQLStorm/10304.sql  (run_id 1D044095F0902CF7)
  ok
[1408/11794] queries/stackoverflow/SQLStorm/13272.sql  (run_id 6F7FBB232AFBB1A5)
  ok
[1409/11794] queries/stackoverflow/SQLStorm/8100.sql  (run_id 8D4B210DE0F4EF0A)
  ok
[1410/11794] queries/stackoverflow/SQLStorm/6494.sql  (run_id 8FE2051A65D5572D)
  ok
[1411/11794] queries/stackoverflow/SQLStorm/2596.sql  (run_id E29139A5C36AFD6E)
  ok
[1412/11794] queries/stackoverflow/SQLStorm/337.sql  (run_id 71C0B49EDB30A1D2)
  ok
[1413/11794] queries/stackoverflow/SQLStorm/10217.sql  (run_id CF02D6E496FC038A)
  ok
[1414/11794] queries/stackoverflow/SQLStorm/31093.sql  (run_id 228A061D0870FEC7)
  ok
[1415/11794] queries/stackoverflow/SQLStorm/8529.sql  (run_id 11B56CBD7E565D5D)
  ok
[1416/11794] queries/stackoverflow/SQLStorm/18663.sql  (run_id A4B53976159C0DE1)
  ok
[1417/11794] queries/stackoverflow/SQLStorm/3741.sql  (run_id 669EEA3307376ADE)
  ok
[1418/11794] queries/stackoverflow/SQLStorm/10501.sql  (run_id A59C12AF25372F86)
  ok
[1419/11794] queries/stackoverflow/SQLStorm/29391.sql  (run_id D616D56D9D14A8F8)
  ok
[1420/11794] queries/stackoverflow/SQLStorm/17655.sql  (run_id 8538C9788FC59E87)
  ok
[1421/11794] queries/stackoverflow/SQLStorm/13363.sql  (run_id 74A180A5DEDCF513)
  ok
[1422/11794] queries/stackoverflow/SQLStorm/19923.sql  (run_id 9EC26379777FDB63)
  ok
[1423/11794] queries/stackoverflow/SQLStorm/4490.sql  (run_id 3044043DB88F4993)
  ok
[1424/11794] queries/stackoverflow/SQLStorm/12379.sql  (run_id D8CF6DB43541531E)
  ok
[1425/11794] queries/stackoverflow/SQLStorm/3005.sql  (run_id D26BDA88D8DF3139)
  ok
[1426/11794] queries/stackoverflow/SQLStorm/15104.sql  (run_id 2CDAD5018DC0E10C)
  ok
[1427/11794] queries/stackoverflow/SQLStorm/12184.sql  (run_id 2AE3E06BDBD1B29D)
  ok
[1428/11794] queries/stackoverflow/SQLStorm/2199.sql  (run_id 09A11155F81D68CF)
  ok
[1429/11794] queries/stackoverflow/SQLStorm/1463.sql  (run_id C8B2E568332F867F)
  ok
[1430/11794] queries/stackoverflow/SQLStorm/10528.sql  (run_id 1E4B1F2528901AC5)
  ok
[1431/11794] queries/stackoverflow/SQLStorm/18929.sql  (run_id E387B2FE4F3CDD0C)
  ok
[1432/11794] queries/stackoverflow/SQLStorm/16247.sql  (run_id 6CC1DEFFAC7A5BBD)
  ok
[1433/11794] queries/stackoverflow/SQLStorm/21499.sql  (run_id C8361EBFA3F910E8)
  ok
[1434/11794] queries/stackoverflow/SQLStorm/15833.sql  (run_id 205B5DCE5B0FF128)
  ok
[1435/11794] queries/stackoverflow/SQLStorm/17281.sql  (run_id 1F94BB53CB92EEC9)
  ok
[1436/11794] queries/stackoverflow/SQLStorm/14083.sql  (run_id 0A6D529AFF9C67DF)
  ok
[1437/11794] queries/stackoverflow/SQLStorm/12545.sql  (run_id B0B80DB5453BFA67)
  ok
[1438/11794] queries/stackoverflow/SQLStorm/14482.sql  (run_id C1D952D5F8AF7388)
  ok
[1439/11794] queries/stackoverflow/SQLStorm/11330.sql  (run_id B78E871BDF93A08C)
  ok
[1440/11794] queries/stackoverflow/SQLStorm/16472.sql  (run_id C760A734E26789A3)
  ok
[1441/11794] queries/stackoverflow/SQLStorm/16030.sql  (run_id C37D1862C436B4EF)
  ok
[1442/11794] queries/stackoverflow/SQLStorm/7597.sql  (run_id 8639E6163819CB29)
  ok
[1443/11794] queries/stackoverflow/SQLStorm/5006.sql  (run_id E50D05D44F43BC08)
  ok
[1444/11794] queries/stackoverflow/SQLStorm/18065.sql  (run_id 4C4A8F2EC0518BBF)
  ok
[1445/11794] queries/stackoverflow/SQLStorm/11761.sql  (run_id 19245E3083315F22)
  ok
[1446/11794] queries/stackoverflow/SQLStorm/16582.sql  (run_id E2DAC63510E971EE)
  ok
[1447/11794] queries/stackoverflow/SQLStorm/14598.sql  (run_id 71C28B03728AF10A)
  ok
[1448/11794] queries/stackoverflow/SQLStorm/348.sql  (run_id F082F447FE3BC317)
  ok
[1449/11794] queries/stackoverflow/SQLStorm/11265.sql  (run_id 9DC7122067AB8844)
  ok
[1450/11794] queries/stackoverflow/SQLStorm/13086.sql  (run_id 7D511BCC8D3E3087)
  ok
[1451/11794] queries/stackoverflow/SQLStorm/10964.sql  (run_id 80F97C38B23FBDDB)
  ok
[1452/11794] queries/stackoverflow/SQLStorm/13289.sql  (run_id EE10C962CAB2985B)
  ok
[1453/11794] queries/stackoverflow/SQLStorm/4961.sql  (run_id 5D65F8D570A4217A)
  ok
[1454/11794] queries/stackoverflow/SQLStorm/20117.sql  (run_id 7DB65047265C3DFB)
  ok
[1455/11794] queries/stackoverflow/SQLStorm/17884.sql  (run_id A983C0734A945E1A)
  ok
[1456/11794] queries/stackoverflow/SQLStorm/17183.sql  (run_id 03D6771BA88B9602)
  ok
[1457/11794] queries/stackoverflow/SQLStorm/12908.sql  (run_id D0995EAD4F054631)
  ok
[1458/11794] queries/stackoverflow/SQLStorm/12179.sql  (run_id 07AD37540BE67C5B)
  ok
[1459/11794] queries/stackoverflow/SQLStorm/13218.sql  (run_id DFE1D9266815E704)
  ok
[1460/11794] queries/stackoverflow/SQLStorm/5109.sql  (run_id 269DF199F3752294)
  ok
[1461/11794] queries/stackoverflow/SQLStorm/7492.sql  (run_id E700F281FF28A021)
  ok
[1462/11794] queries/stackoverflow/SQLStorm/24372.sql  (run_id 7ED5982E8E9C32A4)
  ok
[1463/11794] queries/stackoverflow/SQLStorm/16152.sql  (run_id DAB947CA564C3C4F)
  ok
[1464/11794] queries/stackoverflow/SQLStorm/12088.sql  (run_id 522E2F32F659E4B0)
  ok
[1465/11794] queries/stackoverflow/SQLStorm/28630.sql  (run_id 8B558F286D444133)
  ok
[1466/11794] queries/stackoverflow/SQLStorm/17843.sql  (run_id 1DA141BCA6966482)
  ok
[1467/11794] queries/stackoverflow/SQLStorm/11058.sql  (run_id F56055F2984D2632)
  ok
[1468/11794] queries/stackoverflow/SQLStorm/3046.sql  (run_id 8C696C4EBF85C5EC)
  ok
[1469/11794] queries/stackoverflow/SQLStorm/1489.sql  (run_id 644EDE5FDD019226)
  ok
[1470/11794] queries/stackoverflow/SQLStorm/8631.sql  (run_id 676FA8203E12F56B)
  ok
[1471/11794] queries/stackoverflow/SQLStorm/11755.sql  (run_id 60A8DA6EBE27FD9B)
  ok
[1472/11794] queries/stackoverflow/SQLStorm/8491.sql  (run_id A5162A6F9092F200)
  ok
[1473/11794] queries/stackoverflow/SQLStorm/32966.sql  (run_id 1965608E27693494)
  ok
[1474/11794] queries/stackoverflow/SQLStorm/11727.sql  (run_id F1E3801AE0E4FBD2)
  ok
[1475/11794] queries/stackoverflow/SQLStorm/8560.sql  (run_id 9832E5FE8B54AA0C)
  ok
[1476/11794] queries/stackoverflow/SQLStorm/19721.sql  (run_id F1A4BD67C7E8C7F1)
  ok
[1477/11794] queries/stackoverflow/SQLStorm/9402.sql  (run_id 03BF1D753018146E)
  ok
[1478/11794] queries/stackoverflow/SQLStorm/13556.sql  (run_id 56BD50D5F3628B68)
  ok
[1479/11794] queries/stackoverflow/SQLStorm/25270.sql  (run_id 514ED149566754AB)
  ok
[1480/11794] queries/stackoverflow/SQLStorm/22019.sql  (run_id 90E4D826F5ACA5A9)
  ok
[1481/11794] queries/stackoverflow/SQLStorm/18090.sql  (run_id 697C6BBE308B1BD0)
  ok
[1482/11794] queries/stackoverflow/SQLStorm/17047.sql  (run_id 8F31AD2B3B98D07A)
  ok
[1483/11794] queries/stackoverflow/SQLStorm/16256.sql  (run_id E487951A5FA33A5B)
  ok
[1484/11794] queries/stackoverflow/SQLStorm/6515.sql  (run_id 5307E25D3EDF9763)
  ok
[1485/11794] queries/stackoverflow/SQLStorm/10395.sql  (run_id B2B21C95F3D1D900)
  ok
[1486/11794] queries/stackoverflow/SQLStorm/11478.sql  (run_id C97E8A59774CD655)
  ok
[1487/11794] queries/stackoverflow/SQLStorm/15256.sql  (run_id 2100B768F3BC0291)
  ok
[1488/11794] queries/stackoverflow/SQLStorm/1854.sql  (run_id 4CC1D3D4C1BFD252)
  ok
[1489/11794] queries/stackoverflow/SQLStorm/7823.sql  (run_id 220FBA0BE1D46E8D)
  ok
[1490/11794] queries/stackoverflow/SQLStorm/9613.sql  (run_id 3180005CEF937C80)
  ok
[1491/11794] queries/stackoverflow/SQLStorm/20665.sql  (run_id 561BB9A90C3A0FA9)
  ok
[1492/11794] queries/stackoverflow/SQLStorm/4448.sql  (run_id 62DD701129E41B11)
  ok
[1493/11794] queries/stackoverflow/SQLStorm/17581.sql  (run_id 5AE411FB136A4575)
  ok
[1494/11794] queries/stackoverflow/SQLStorm/10239.sql  (run_id B8094856A3C1AD6C)
  ok
[1495/11794] queries/stackoverflow/SQLStorm/17532.sql  (run_id 7F8D5522D9C9CCF6)
  ok
[1496/11794] queries/stackoverflow/SQLStorm/14458.sql  (run_id 80EDC76D2E01B179)
  ok
[1497/11794] queries/stackoverflow/SQLStorm/11034.sql  (run_id B4A32E66AB463B80)
  ok
[1498/11794] queries/stackoverflow/SQLStorm/14454.sql  (run_id DEF0A93C19E1E9A2)
  ok
[1499/11794] queries/stackoverflow/SQLStorm/20227.sql  (run_id A49FE0B1BCB8691A)
  ok
[1500/11794] queries/stackoverflow/SQLStorm/13305.sql  (run_id 63B5E3267DF07886)
  ok
[1501/11794] queries/stackoverflow/SQLStorm/721.sql  (run_id D7514A4BCBE2558B)
  ok
[1502/11794] queries/stackoverflow/SQLStorm/8731.sql  (run_id 2A587187D7D937BA)
  ok
[1503/11794] queries/stackoverflow/SQLStorm/13217.sql  (run_id 5293137FBAB0487A)
  ok
[1504/11794] queries/stackoverflow/SQLStorm/19736.sql  (run_id 882822AD13266D61)
  ok
[1505/11794] queries/stackoverflow/SQLStorm/33934.sql  (run_id 5CA515D7D417908C)
  ok
[1506/11794] queries/stackoverflow/SQLStorm/16594.sql  (run_id 12264690A1E13697)
  ok
[1507/11794] queries/stackoverflow/SQLStorm/3679.sql  (run_id AD7C791E794FC89E)
  ok
[1508/11794] queries/stackoverflow/SQLStorm/18469.sql  (run_id 7890C61784CA2FBA)
  ok
[1509/11794] queries/stackoverflow/SQLStorm/16157.sql  (run_id B1062B96E4543795)
  ok
[1510/11794] queries/stackoverflow/SQLStorm/8651.sql  (run_id B1BB15C74F993072)
  ok
[1511/11794] queries/stackoverflow/SQLStorm/18935.sql  (run_id 2C01EE3439EAF85C)
  ok
[1512/11794] queries/stackoverflow/SQLStorm/6023.sql  (run_id 25C40282D87A7A36)
  ok
[1513/11794] queries/stackoverflow/SQLStorm/17546.sql  (run_id 1D2A773C7DB4AAE8)
  ok
[1514/11794] queries/stackoverflow/SQLStorm/31544.sql  (run_id B9914E8BFF967912)
  ok
[1515/11794] queries/stackoverflow/SQLStorm/8675.sql  (run_id BB18E4F261F52E5F)
  ok
[1516/11794] queries/stackoverflow/SQLStorm/6263.sql  (run_id 7C35CAA135E6EAC8)
  ok
[1517/11794] queries/stackoverflow/SQLStorm/24021.sql  (run_id 3FDCB808EB72045B)
  ok
[1518/11794] queries/stackoverflow/SQLStorm/12446.sql  (run_id 570234F8B00B359D)
  ok
[1519/11794] queries/stackoverflow/SQLStorm/25717.sql  (run_id 7B8D0B85A0107B91)
  ok
[1520/11794] queries/stackoverflow/SQLStorm/14996.sql  (run_id 93B8157C55700E7A)
  ok
[1521/11794] queries/stackoverflow/SQLStorm/11457.sql  (run_id D868403B2BE37AB9)
  ok
[1522/11794] queries/stackoverflow/SQLStorm/14438.sql  (run_id 126201A8E4DEF44B)
  ok
[1523/11794] queries/stackoverflow/SQLStorm/17275.sql  (run_id 14DDA405D1506AD2)
  ok
[1524/11794] queries/stackoverflow/SQLStorm/13410.sql  (run_id 15F6747885AC963C)
  ok
[1525/11794] queries/stackoverflow/SQLStorm/14780.sql  (run_id 410A7F95382AE023)
  ok
[1526/11794] queries/stackoverflow/SQLStorm/737.sql  (run_id 62155DDB7566EB3E)
  ok
[1527/11794] queries/stackoverflow/SQLStorm/17760.sql  (run_id E038C824E0F9645F)
  ok
[1528/11794] queries/stackoverflow/SQLStorm/14719.sql  (run_id FF7A8FE5AC2054EA)
  ok
[1529/11794] queries/stackoverflow/SQLStorm/19558.sql  (run_id 4EBC8FEEC69391CA)
  ok
[1530/11794] queries/stackoverflow/SQLStorm/3335.sql  (run_id 0A273E24A933D43E)
  ok
[1531/11794] queries/stackoverflow/SQLStorm/15700.sql  (run_id FBCED6F740F2214B)
  ok
[1532/11794] queries/stackoverflow/SQLStorm/29353.sql  (run_id 95C205F502388407)
  ok
[1533/11794] queries/stackoverflow/SQLStorm/6845.sql  (run_id B37B7962C9CDDF6E)
  ok
[1534/11794] queries/stackoverflow/SQLStorm/14489.sql  (run_id 93B1992E9BBD86AB)
  ok
[1535/11794] queries/stackoverflow/SQLStorm/12897.sql  (run_id DA3FDD78102BE0D6)
  ok
[1536/11794] queries/stackoverflow/SQLStorm/29944.sql  (run_id 824862FEB504EA8E)
  ok
[1537/11794] queries/stackoverflow/SQLStorm/23129.sql  (run_id 419D387DA02A20CF)
  ok
[1538/11794] queries/stackoverflow/SQLStorm/18556.sql  (run_id C9E228ACF2199FE6)
  ok
[1539/11794] queries/stackoverflow/SQLStorm/15701.sql  (run_id 3CF856364C8A0AE5)
  ok
[1540/11794] queries/stackoverflow/SQLStorm/33044.sql  (run_id C133E1B8578981E3)
  ok
[1541/11794] queries/stackoverflow/SQLStorm/3112.sql  (run_id 922B3A299EFEB8FB)
  ok
[1542/11794] queries/stackoverflow/SQLStorm/15750.sql  (run_id D9F068927A35D945)
  ok
[1543/11794] queries/stackoverflow/SQLStorm/3706.sql  (run_id 3525F6DF0DA5088C)
  ok
[1544/11794] queries/stackoverflow/SQLStorm/18439.sql  (run_id EAC9EBDCEABB6DB1)
  ok
[1545/11794] queries/stackoverflow/SQLStorm/11867.sql  (run_id 9DFE4E9B940CF1A5)
  ok
[1546/11794] queries/stackoverflow/SQLStorm/19460.sql  (run_id 436028C97DA4E024)
  ok
[1547/11794] queries/stackoverflow/SQLStorm/16133.sql  (run_id ACF93CBD6AEF73FE)
  ok
[1548/11794] queries/stackoverflow/SQLStorm/21655.sql  (run_id 9D11039BF0115309)
  ok
[1549/11794] queries/stackoverflow/SQLStorm/15282.sql  (run_id 1D12B7C3A9104BC2)
  ok
[1550/11794] queries/stackoverflow/SQLStorm/16981.sql  (run_id 399F0AE6C3ADBFE4)
  ok
[1551/11794] queries/stackoverflow/SQLStorm/18692.sql  (run_id 00E35A77D9F5C0D0)
  ok
[1552/11794] queries/stackoverflow/SQLStorm/24297.sql  (run_id 9BEE3B4F70598A36)
  ok
[1553/11794] queries/stackoverflow/SQLStorm/11587.sql  (run_id F40B47A24B6D63B3)
  ok
[1554/11794] queries/stackoverflow/SQLStorm/24632.sql  (run_id 00CF2810FADB71FE)
  ok
[1555/11794] queries/stackoverflow/SQLStorm/10430.sql  (run_id 03F49FF019AB0ECE)
  ok
[1556/11794] queries/stackoverflow/SQLStorm/5296.sql  (run_id CC7C8210610B197F)
  ok
[1557/11794] queries/stackoverflow/SQLStorm/14039.sql  (run_id AE13051314BB3A46)
  ok
[1558/11794] queries/stackoverflow/SQLStorm/17126.sql  (run_id 14838D3A764BDAB8)
  ok
[1559/11794] queries/stackoverflow/SQLStorm/14119.sql  (run_id CEA04F1FAFFDC82F)
  ok
[1560/11794] queries/stackoverflow/SQLStorm/24637.sql  (run_id 980F13812C578740)
  ok
[1561/11794] queries/stackoverflow/SQLStorm/13334.sql  (run_id 5FB77549E2F72670)
  ok
[1562/11794] queries/stackoverflow/SQLStorm/11554.sql  (run_id 2FAC5399A6FB09DB)
  ok
[1563/11794] queries/stackoverflow/SQLStorm/13554.sql  (run_id 53005D3D2843F590)
  ok
[1564/11794] queries/stackoverflow/SQLStorm/19970.sql  (run_id C8E2E56ABC9FB66C)
  ok
[1565/11794] queries/stackoverflow/SQLStorm/6947.sql  (run_id 1F48D3B648D99FFA)
  ok
[1566/11794] queries/stackoverflow/SQLStorm/8086.sql  (run_id 73B14BEDB9A44257)
  ok
[1567/11794] queries/stackoverflow/SQLStorm/17722.sql  (run_id 8439F112606D67CD)
  ok
[1568/11794] queries/stackoverflow/SQLStorm/21995.sql  (run_id 14EBE530F18141CF)
  ok
[1569/11794] queries/stackoverflow/SQLStorm/13068.sql  (run_id 812805A873414991)
  ok
[1570/11794] queries/stackoverflow/SQLStorm/13971.sql  (run_id 8DF19CD810D933AD)
  ok
[1571/11794] queries/stackoverflow/SQLStorm/11201.sql  (run_id 52B1C8CB4ED77B32)
  ok
[1572/11794] queries/stackoverflow/SQLStorm/10114.sql  (run_id B60E5C838894244C)
  ok
[1573/11794] queries/stackoverflow/SQLStorm/17089.sql  (run_id 463216E96CE1A43C)
  ok
[1574/11794] queries/stackoverflow/SQLStorm/5843.sql  (run_id C9C3E256C117BAAF)
  ok
[1575/11794] queries/stackoverflow/SQLStorm/34440.sql  (run_id 5EC6A9BE85A95C4A)
  ok
[1576/11794] queries/stackoverflow/SQLStorm/19218.sql  (run_id FB437CAE2E327BCD)
  ok
[1577/11794] queries/stackoverflow/SQLStorm/14784.sql  (run_id 9384DC5EA5E85726)
  ok
[1578/11794] queries/stackoverflow/SQLStorm/10448.sql  (run_id 2447415FBF30904D)
  ok
[1579/11794] queries/stackoverflow/SQLStorm/16847.sql  (run_id 65CFCF74E2F06CE8)
  ok
[1580/11794] queries/stackoverflow/SQLStorm/15194.sql  (run_id 0803CAB4CEFBC095)
  ok
[1581/11794] queries/stackoverflow/SQLStorm/808.sql  (run_id 3016E3A18F6C3D1B)
  ok
[1582/11794] queries/stackoverflow/SQLStorm/15072.sql  (run_id F4A1CA6A8A30E589)
  ok
[1583/11794] queries/stackoverflow/SQLStorm/10322.sql  (run_id FBF5FA74C6622E69)
  ok
[1584/11794] queries/stackoverflow/SQLStorm/6221.sql  (run_id 2114768C0B88BC6F)
  ok
[1585/11794] queries/stackoverflow/SQLStorm/4750.sql  (run_id 30DCED6FBD27A3F5)
  ok
[1586/11794] queries/stackoverflow/SQLStorm/9520.sql  (run_id E75CA0D9A36D768C)
  ok
[1587/11794] queries/stackoverflow/SQLStorm/9476.sql  (run_id 0740E1047F1837C8)
  ok
[1588/11794] queries/stackoverflow/SQLStorm/15440.sql  (run_id 4BFF51C041C67607)
  ok
[1589/11794] queries/stackoverflow/SQLStorm/14220.sql  (run_id 9DEF18288E7E09BE)
  ok
[1590/11794] queries/stackoverflow/SQLStorm/530.sql  (run_id DFCDAE297A98D8E1)
  ok
[1591/11794] queries/stackoverflow/SQLStorm/18637.sql  (run_id 0ECAA890FE5FB6AF)
  ok
[1592/11794] queries/stackoverflow/SQLStorm/6407.sql  (run_id 55B61326C89EA20E)
  ok
[1593/11794] queries/stackoverflow/SQLStorm/34499.sql  (run_id 6E826651747ED478)
  ok
[1594/11794] queries/stackoverflow/SQLStorm/6499.sql  (run_id B67C3EE0D400519E)
  ok
[1595/11794] queries/stackoverflow/SQLStorm/15915.sql  (run_id A7E1092DBA6C4193)
  ok
[1596/11794] queries/stackoverflow/SQLStorm/11087.sql  (run_id 3FCCCD94EE2B4380)
  ok
[1597/11794] queries/stackoverflow/SQLStorm/9473.sql  (run_id 23A0FB4D61A45036)
  ok
[1598/11794] queries/stackoverflow/SQLStorm/6885.sql  (run_id 6021500D362F61A9)
  ok
[1599/11794] queries/stackoverflow/SQLStorm/14730.sql  (run_id A1DF17A2637D9012)
  ok
[1600/11794] queries/stackoverflow/SQLStorm/10941.sql  (run_id F13C8F20551F0A82)
  ok
[1601/11794] queries/stackoverflow/SQLStorm/14571.sql  (run_id 89F7C7EB49659F38)
  ok
[1602/11794] queries/stackoverflow/SQLStorm/18260.sql  (run_id BFAD4EA18BF4AFBE)
  ok
[1603/11794] queries/stackoverflow/SQLStorm/15417.sql  (run_id 8F900C28F3D26EFE)
  ok
[1604/11794] queries/stackoverflow/SQLStorm/8507.sql  (run_id 504398CED9B9E58F)
  ok
[1605/11794] queries/stackoverflow/SQLStorm/9758.sql  (run_id BAEA04F2B7382760)
  ok
[1606/11794] queries/stackoverflow/SQLStorm/6123.sql  (run_id 75A079177D1BBF66)
  ok
[1607/11794] queries/stackoverflow/SQLStorm/17506.sql  (run_id BBB1532FAF239316)
  ok
[1608/11794] queries/stackoverflow/SQLStorm/13285.sql  (run_id C3A6D61BC99C3111)
  ok
[1609/11794] queries/stackoverflow/SQLStorm/11635.sql  (run_id C75784B7BDD2ABEE)
  ok
[1610/11794] queries/stackoverflow/SQLStorm/11222.sql  (run_id 3F9DF7A808B5B72E)
  ok
[1611/11794] queries/stackoverflow/SQLStorm/1018.sql  (run_id 70DEF9EBBE4928CA)
  ok
[1612/11794] queries/stackoverflow/SQLStorm/34047.sql  (run_id 1693FA56168323AF)
  ok
[1613/11794] queries/stackoverflow/SQLStorm/23379.sql  (run_id 75BAF846A6885917)
  ok
[1614/11794] queries/stackoverflow/SQLStorm/11120.sql  (run_id D3CD90E42B60609D)
  ok
[1615/11794] queries/stackoverflow/SQLStorm/15653.sql  (run_id A4804A7810ED8039)
  ok
[1616/11794] queries/stackoverflow/SQLStorm/6355.sql  (run_id 8FCB3EDC4EC3B614)
  ok
[1617/11794] queries/stackoverflow/SQLStorm/24657.sql  (run_id 87AE1F423754E340)
  ok
[1618/11794] queries/stackoverflow/SQLStorm/9852.sql  (run_id 4E6DFB956396C031)
  ok
[1619/11794] queries/stackoverflow/SQLStorm/19321.sql  (run_id 36ECA4B539C3A7C9)
  ok
[1620/11794] queries/stackoverflow/SQLStorm/10406.sql  (run_id 2E824100C3736ED3)
  ok
[1621/11794] queries/stackoverflow/SQLStorm/10459.sql  (run_id 8885B56DEE07479F)
  ok
[1622/11794] queries/stackoverflow/SQLStorm/15377.sql  (run_id 9AEB9E427A266C66)
  ok
[1623/11794] queries/stackoverflow/SQLStorm/6483.sql  (run_id A084E6F6267600FA)
  ok
[1624/11794] queries/stackoverflow/SQLStorm/8329.sql  (run_id A4E7F10144DB4CA8)
  ok
[1625/11794] queries/stackoverflow/SQLStorm/1905.sql  (run_id A53C3113C6846611)
  ok
[1626/11794] queries/stackoverflow/SQLStorm/17468.sql  (run_id FB849FACC4768264)
  ok
[1627/11794] queries/stackoverflow/SQLStorm/10231.sql  (run_id 95B0B275BC2C5C26)
  ok
[1628/11794] queries/stackoverflow/SQLStorm/20834.sql  (run_id 14F3D62E7724F10F)
  ok
[1629/11794] queries/stackoverflow/SQLStorm/18055.sql  (run_id 4EBF7C78D76C7610)
  ok
[1630/11794] queries/stackoverflow/SQLStorm/5423.sql  (run_id A6A3899FE27496E1)
  ok
[1631/11794] queries/stackoverflow/SQLStorm/13933.sql  (run_id 896AC08381E15222)
  ok
[1632/11794] queries/stackoverflow/SQLStorm/8474.sql  (run_id 9DF7B34B5D17BFB9)
  ok
[1633/11794] queries/stackoverflow/SQLStorm/22777.sql  (run_id BDCA556A84466F75)
  ok
[1634/11794] queries/stackoverflow/SQLStorm/19174.sql  (run_id 53A175A072BB1E53)
  ok
[1635/11794] queries/stackoverflow/SQLStorm/6545.sql  (run_id 3A43F22B1E4F4929)
  ok
[1636/11794] queries/stackoverflow/SQLStorm/11787.sql  (run_id B9D02EDAD24F635A)
  ok
[1637/11794] queries/stackoverflow/SQLStorm/8442.sql  (run_id 615C32C7998530A3)
  ok
[1638/11794] queries/stackoverflow/SQLStorm/2364.sql  (run_id 8ACC8E6B7D086C12)
  ok
[1639/11794] queries/stackoverflow/SQLStorm/16033.sql  (run_id 30AAF51B3F0CA156)
  ok
[1640/11794] queries/stackoverflow/SQLStorm/15295.sql  (run_id 321EA6BB31B5FAF6)
  ok
[1641/11794] queries/stackoverflow/SQLStorm/25514.sql  (run_id FADE67D072411E22)
  ok
[1642/11794] queries/stackoverflow/SQLStorm/9492.sql  (run_id 46D6D0DAC2AE2FA3)
  ok
[1643/11794] queries/stackoverflow/SQLStorm/19049.sql  (run_id 872F2BACE53BE6DB)
  ok
[1644/11794] queries/stackoverflow/SQLStorm/27660.sql  (run_id 3E2F8A34ACE46065)
  ok
[1645/11794] queries/stackoverflow/SQLStorm/20849.sql  (run_id 4B92DB1B6426AF83)
  ok
[1646/11794] queries/stackoverflow/SQLStorm/16652.sql  (run_id 300BB1E488608A2F)
  ok
[1647/11794] queries/stackoverflow/SQLStorm/20615.sql  (run_id 51F6DF94AF356E6C)
  ok
[1648/11794] queries/stackoverflow/SQLStorm/24030.sql  (run_id F4478303CC4F72F6)
  ok
[1649/11794] queries/stackoverflow/SQLStorm/10639.sql  (run_id 58C057AE2AC5AED7)
  ok
[1650/11794] queries/stackoverflow/SQLStorm/18714.sql  (run_id 07870363416667BA)
  ok
[1651/11794] queries/stackoverflow/SQLStorm/5372.sql  (run_id EC3F1CFACE90EBAD)
  ok
[1652/11794] queries/stackoverflow/SQLStorm/8965.sql  (run_id 54E3BDE8BB23CB29)
  ok
[1653/11794] queries/stackoverflow/SQLStorm/27924.sql  (run_id 381A2ED86098EE5C)
  ok
[1654/11794] queries/stackoverflow/SQLStorm/25667.sql  (run_id E90A128F600251CA)
  ok
[1655/11794] queries/stackoverflow/SQLStorm/24897.sql  (run_id E8CF0A67D28AEB31)
  ok
[1656/11794] queries/stackoverflow/SQLStorm/24556.sql  (run_id 8CD687F63C376977)
  ok
[1657/11794] queries/stackoverflow/SQLStorm/10563.sql  (run_id 7CA6B64E1C4E20F9)
  ok
[1658/11794] queries/stackoverflow/SQLStorm/17679.sql  (run_id 14069A518168DC04)
  ok
[1659/11794] queries/stackoverflow/SQLStorm/11351.sql  (run_id B3AE29E517E4BDAB)
  ok
[1660/11794] queries/stackoverflow/SQLStorm/13244.sql  (run_id 6F6FDC8352F16796)
  ok
[1661/11794] queries/stackoverflow/SQLStorm/27372.sql  (run_id DF00FC8E130FC698)
  ok
[1662/11794] queries/stackoverflow/SQLStorm/7838.sql  (run_id 11079E5F1170C34E)
  ok
[1663/11794] queries/stackoverflow/SQLStorm/20663.sql  (run_id 6A63DC1C3F646897)
  ok
[1664/11794] queries/stackoverflow/SQLStorm/22390.sql  (run_id 7720ACEADC0A7E72)
  ok
[1665/11794] queries/stackoverflow/SQLStorm/9023.sql  (run_id E31DF7399BC703FE)
  ok
[1666/11794] queries/stackoverflow/SQLStorm/15400.sql  (run_id 11EA7D32A54C5A2E)
  ok
[1667/11794] queries/stackoverflow/SQLStorm/17697.sql  (run_id 1DF81E1898C5726B)
  ok
[1668/11794] queries/stackoverflow/SQLStorm/16709.sql  (run_id CEFA4487D5F2F090)
  ok
[1669/11794] queries/stackoverflow/SQLStorm/22880.sql  (run_id E9A3A98FB547644A)
  ok
[1670/11794] queries/stackoverflow/SQLStorm/18307.sql  (run_id A593249DDE531473)
  ok
[1671/11794] queries/stackoverflow/SQLStorm/12297.sql  (run_id 09CFD61EF266FC05)
  ok
[1672/11794] queries/stackoverflow/SQLStorm/5617.sql  (run_id A2AB7321A765F052)
  ok
[1673/11794] queries/stackoverflow/SQLStorm/3156.sql  (run_id E876A2098DD180F1)
  ok
[1674/11794] queries/stackoverflow/SQLStorm/2258.sql  (run_id 6111AA05D928327A)
  ok
[1675/11794] queries/stackoverflow/SQLStorm/18102.sql  (run_id 7913AD0A0664007D)
  ok
[1676/11794] queries/stackoverflow/SQLStorm/26921.sql  (run_id 788ECFF2310408A1)
  ok
[1677/11794] queries/stackoverflow/SQLStorm/6397.sql  (run_id 83EDE98DB8681893)
  ok
[1678/11794] queries/stackoverflow/SQLStorm/20657.sql  (run_id FFDA9338D1BA04BF)
  ok
[1679/11794] queries/stackoverflow/SQLStorm/10277.sql  (run_id CADC5B29ED7DD6E8)
  ok
[1680/11794] queries/stackoverflow/SQLStorm/15806.sql  (run_id 9FE74AE315872568)
  ok
[1681/11794] queries/stackoverflow/SQLStorm/8386.sql  (run_id E50D4F7DBE5DE722)
  ok
[1682/11794] queries/stackoverflow/SQLStorm/2985.sql  (run_id 707C5036D20371A9)
  ok
[1683/11794] queries/stackoverflow/SQLStorm/23137.sql  (run_id AD0932DB447737E3)
  ok
[1684/11794] queries/stackoverflow/SQLStorm/17104.sql  (run_id 8B06AB5D6208F3F0)
  ok
[1685/11794] queries/stackoverflow/SQLStorm/16365.sql  (run_id 948934E28772C616)
  ok
[1686/11794] queries/stackoverflow/SQLStorm/17999.sql  (run_id 194E9866FE717DF8)
  ok
[1687/11794] queries/stackoverflow/SQLStorm/8589.sql  (run_id A083DAF17F320F23)
  ok
[1688/11794] queries/stackoverflow/SQLStorm/16445.sql  (run_id 4E1687D3F08B7FA8)
  ok
[1689/11794] queries/stackoverflow/SQLStorm/11672.sql  (run_id 3E522062C4343CF1)
  ok
[1690/11794] queries/stackoverflow/SQLStorm/9611.sql  (run_id AD7F710BE4476A55)
  ok
[1691/11794] queries/stackoverflow/SQLStorm/14858.sql  (run_id 11E2823EC444A292)
  ok
[1692/11794] queries/stackoverflow/SQLStorm/11259.sql  (run_id 2BBE1E3C5397A1FE)
  ok
[1693/11794] queries/stackoverflow/SQLStorm/15772.sql  (run_id 2B8AF21061531049)
  ok
[1694/11794] queries/stackoverflow/SQLStorm/32727.sql  (run_id B66AD1ED8A01651C)
  ok
[1695/11794] queries/stackoverflow/SQLStorm/1575.sql  (run_id E3A60608FAA28D31)
  ok
[1696/11794] queries/stackoverflow/SQLStorm/7376.sql  (run_id CE34DF0973EFD8BA)
  ok
[1697/11794] queries/stackoverflow/SQLStorm/11677.sql  (run_id AB92FF9158642A8A)
  ok
[1698/11794] queries/stackoverflow/SQLStorm/20546.sql  (run_id 2EBB4B3F958D73BB)
  ok
[1699/11794] queries/stackoverflow/SQLStorm/15944.sql  (run_id F3B0EDB3C486DF5C)
  ok
[1700/11794] queries/stackoverflow/SQLStorm/1585.sql  (run_id 1B87AF28D2F200A7)
  ok
[1701/11794] queries/stackoverflow/SQLStorm/15965.sql  (run_id 7C60D477EEEB43F3)
  ok
[1702/11794] queries/stackoverflow/SQLStorm/1439.sql  (run_id CD591ECEBEABB48C)
  ok
[1703/11794] queries/stackoverflow/SQLStorm/31797.sql  (run_id D13611ED0F989B33)
  ok
[1704/11794] queries/stackoverflow/SQLStorm/13618.sql  (run_id 3E244BAB08B5C1C1)
  ok
[1705/11794] queries/stackoverflow/SQLStorm/1014.sql  (run_id C20F3181E8B68488)
  ok
[1706/11794] queries/stackoverflow/SQLStorm/15475.sql  (run_id C4CEE88268D5894E)
  ok
[1707/11794] queries/stackoverflow/SQLStorm/16898.sql  (run_id B7759F102AD098CA)
  ok
[1708/11794] queries/stackoverflow/SQLStorm/13727.sql  (run_id 495920B290D2B78E)
  ok
[1709/11794] queries/stackoverflow/SQLStorm/6066.sql  (run_id BEEA66C392D59BFC)
  ok
[1710/11794] queries/stackoverflow/SQLStorm/26323.sql  (run_id AE20E98383E65B55)
  ok
[1711/11794] queries/stackoverflow/SQLStorm/21880.sql  (run_id D41331F43858AF23)
  ok
[1712/11794] queries/stackoverflow/SQLStorm/33753.sql  (run_id A1A1229051663CA8)
  ok
[1713/11794] queries/stackoverflow/SQLStorm/17783.sql  (run_id 8FE149A358818CB6)
  ok
[1714/11794] queries/stackoverflow/SQLStorm/20696.sql  (run_id A3F980F95084FD3A)
  ok
[1715/11794] queries/stackoverflow/SQLStorm/34698.sql  (run_id A939995934124D38)
  ok
[1716/11794] queries/stackoverflow/SQLStorm/16305.sql  (run_id 30841C695D212630)
  ok
[1717/11794] queries/stackoverflow/SQLStorm/10144.sql  (run_id FA12C2F552272399)
  ok
[1718/11794] queries/stackoverflow/SQLStorm/19809.sql  (run_id A33EABFB63076B2F)
  ok
[1719/11794] queries/stackoverflow/SQLStorm/17474.sql  (run_id 6A389C4E20DA0836)
  ok
[1720/11794] queries/stackoverflow/SQLStorm/16416.sql  (run_id 42B7FAFE9DA59F17)
  ok
[1721/11794] queries/stackoverflow/SQLStorm/16978.sql  (run_id B3B264FF2339BE7B)
  ok
[1722/11794] queries/stackoverflow/SQLStorm/2774.sql  (run_id 1942DD5DFCDFF218)
  ok
[1723/11794] queries/stackoverflow/SQLStorm/27023.sql  (run_id 10028BB9C935BC5F)
  ok
[1724/11794] queries/stackoverflow/SQLStorm/19661.sql  (run_id 2B19F3C6B41E5576)
  ok
[1725/11794] queries/stackoverflow/SQLStorm/2294.sql  (run_id FF29CC18494C46C3)
  ok
[1726/11794] queries/stackoverflow/SQLStorm/7389.sql  (run_id 89E54B492ABCB370)
  ok
[1727/11794] queries/stackoverflow/SQLStorm/1415.sql  (run_id 47E364FD82B67348)
  ok
[1728/11794] queries/stackoverflow/SQLStorm/19423.sql  (run_id DC6894E111A54D01)
  ok
[1729/11794] queries/stackoverflow/SQLStorm/28321.sql  (run_id C012440A452A9714)
  ok
[1730/11794] queries/stackoverflow/SQLStorm/19834.sql  (run_id DC9CD69EFF6DF587)
  ok
[1731/11794] queries/stackoverflow/SQLStorm/5912.sql  (run_id AA89A97D4A8AFF67)
  ok
[1732/11794] queries/stackoverflow/SQLStorm/17398.sql  (run_id 1F03E5627F8E9081)
  ok
[1733/11794] queries/stackoverflow/SQLStorm/10221.sql  (run_id 6499EEC87B9213BA)
  ok
[1734/11794] queries/stackoverflow/SQLStorm/16281.sql  (run_id FCA8461740D09C89)
  ok
[1735/11794] queries/stackoverflow/SQLStorm/16887.sql  (run_id E915292E2A18BF20)
  ok
[1736/11794] queries/stackoverflow/SQLStorm/22076.sql  (run_id 03016697141C7D3B)
  ok
[1737/11794] queries/stackoverflow/SQLStorm/11832.sql  (run_id 26E4A9C6D5C0DCB6)
  ok
[1738/11794] queries/stackoverflow/SQLStorm/7946.sql  (run_id DCE0494C18612CF5)
  ok
[1739/11794] queries/stackoverflow/SQLStorm/21293.sql  (run_id 77FA62E4F3940DCE)
  ok
[1740/11794] queries/stackoverflow/SQLStorm/9417.sql  (run_id 8DF20D7995000E71)
  ok
[1741/11794] queries/stackoverflow/SQLStorm/9775.sql  (run_id 6B75BB4BDEF16201)
  ok
[1742/11794] queries/stackoverflow/SQLStorm/17821.sql  (run_id 6A8652BA0A7E81CD)
  ok
[1743/11794] queries/stackoverflow/SQLStorm/25958.sql  (run_id 8AAC52C01553D59E)
  ok
[1744/11794] queries/stackoverflow/SQLStorm/28329.sql  (run_id 1A3CB78DBC05D6F4)
  ok
[1745/11794] queries/stackoverflow/SQLStorm/26304.sql  (run_id 2727FBBCA9749212)
  ok
[1746/11794] queries/stackoverflow/SQLStorm/2323.sql  (run_id F02441ECB96887FE)
  ok
[1747/11794] queries/stackoverflow/SQLStorm/18280.sql  (run_id AB103D58A41B4648)
  ok
[1748/11794] queries/stackoverflow/SQLStorm/16168.sql  (run_id 94C9D040A8810718)
  ok
[1749/11794] queries/stackoverflow/SQLStorm/14717.sql  (run_id C009934EDA06F04B)
  ok
[1750/11794] queries/stackoverflow/SQLStorm/18902.sql  (run_id 37BD0D2EABA1B8FD)
  ok
[1751/11794] queries/stackoverflow/SQLStorm/20865.sql  (run_id 70CF62323CC5823B)
  ok
[1752/11794] queries/stackoverflow/SQLStorm/24432.sql  (run_id 131A2A61284785F5)
  ok
[1753/11794] queries/stackoverflow/SQLStorm/13434.sql  (run_id C108E5E75B0DF13D)
  ok
[1754/11794] queries/stackoverflow/SQLStorm/6529.sql  (run_id F3AAE0F076705141)
  ok
[1755/11794] queries/stackoverflow/SQLStorm/11055.sql  (run_id 1501132F11202C7E)
  ok
[1756/11794] queries/stackoverflow/SQLStorm/23317.sql  (run_id 136F941540F1E097)
  ok
[1757/11794] queries/stackoverflow/SQLStorm/8175.sql  (run_id 1250476368FA8A97)
  ok
[1758/11794] queries/stackoverflow/SQLStorm/15028.sql  (run_id 643906DACFD06A3F)
  ok
[1759/11794] queries/stackoverflow/SQLStorm/12492.sql  (run_id 78E7FEE4D46DB491)
  ok
[1760/11794] queries/stackoverflow/SQLStorm/8395.sql  (run_id 25DC1A25AB70A54F)
  ok
[1761/11794] queries/stackoverflow/SQLStorm/33435.sql  (run_id 77908B35F69A3C50)
  ok
[1762/11794] queries/stackoverflow/SQLStorm/15930.sql  (run_id 0C2C2AE489DBB3F4)
  ok
[1763/11794] queries/stackoverflow/SQLStorm/18576.sql  (run_id 44F100010A0C5C2D)
  ok
[1764/11794] queries/stackoverflow/SQLStorm/8480.sql  (run_id D99B50A9C50D06C0)
  ok
[1765/11794] queries/stackoverflow/SQLStorm/9569.sql  (run_id 973F365507C54B27)
  ok
[1766/11794] queries/stackoverflow/SQLStorm/12998.sql  (run_id E2D11E0F4A59DA1A)
  ok
[1767/11794] queries/stackoverflow/SQLStorm/28523.sql  (run_id D79FCD5FAD2A1711)
  ok
[1768/11794] queries/stackoverflow/SQLStorm/3852.sql  (run_id 5FC5EDF4486D56AC)
  ok
[1769/11794] queries/stackoverflow/SQLStorm/15246.sql  (run_id CC8D318B6D48BCA2)
  ok
[1770/11794] queries/stackoverflow/SQLStorm/9663.sql  (run_id 23B04408DB2ACCEA)
  ok
[1771/11794] queries/stackoverflow/SQLStorm/17350.sql  (run_id 24D8D1D829CA98CE)
  ok
[1772/11794] queries/stackoverflow/SQLStorm/22348.sql  (run_id D78C1D2A3971DB68)
  ok
[1773/11794] queries/stackoverflow/SQLStorm/398.sql  (run_id A99B5EA7E56DCB2E)
  ok
[1774/11794] queries/stackoverflow/SQLStorm/23107.sql  (run_id 6EAA663BAD25F4C7)
  ok
[1775/11794] queries/stackoverflow/SQLStorm/7247.sql  (run_id 04AC3905E9528736)
  ok
[1776/11794] queries/stackoverflow/SQLStorm/7940.sql  (run_id D9C67B137222DF15)
  ok
[1777/11794] queries/stackoverflow/SQLStorm/13257.sql  (run_id C997DA0E1BC89BA2)
  ok
[1778/11794] queries/stackoverflow/SQLStorm/18478.sql  (run_id 5D6420B35EB02D0D)
  ok
[1779/11794] queries/stackoverflow/SQLStorm/19246.sql  (run_id 45C2633B57480202)
  ok
[1780/11794] queries/stackoverflow/SQLStorm/8081.sql  (run_id 5DF02D3327621378)
  ok
[1781/11794] queries/stackoverflow/SQLStorm/28626.sql  (run_id 44BA3904BA8CEB9F)
  ok
[1782/11794] queries/stackoverflow/SQLStorm/1977.sql  (run_id FBCA0174948ED590)
  ok
[1783/11794] queries/stackoverflow/SQLStorm/31144.sql  (run_id 3BE3D8ACC0CE1594)
  ok
[1784/11794] queries/stackoverflow/SQLStorm/26499.sql  (run_id 6C528BD9EDE23906)
  ok
[1785/11794] queries/stackoverflow/SQLStorm/15010.sql  (run_id A0756EDE2CEB24C6)
  ok
[1786/11794] queries/stackoverflow/SQLStorm/31911.sql  (run_id F6AC8BA64D59377C)
  ok
[1787/11794] queries/stackoverflow/SQLStorm/2204.sql  (run_id 042910855EA281AA)
  ok
[1788/11794] queries/stackoverflow/SQLStorm/19073.sql  (run_id A9B384BCE302A809)
  ok
[1789/11794] queries/stackoverflow/SQLStorm/15183.sql  (run_id 5668849FFFB22BDE)
  ok
[1790/11794] queries/stackoverflow/SQLStorm/19176.sql  (run_id C4253AD290258DFF)
  ok
[1791/11794] queries/stackoverflow/SQLStorm/12065.sql  (run_id 63749BFCF2A3A1D7)
  ok
[1792/11794] queries/stackoverflow/SQLStorm/2024.sql  (run_id E5CC9B0264FBEBAE)
  ok
[1793/11794] queries/stackoverflow/SQLStorm/7695.sql  (run_id A2BA0A4EE57F0A18)
  ok
[1794/11794] queries/stackoverflow/SQLStorm/34549.sql  (run_id 861C0387E0982CF1)
  ok
[1795/11794] queries/stackoverflow/SQLStorm/10806.sql  (run_id 660C5B7C69006EEB)
  ok
[1796/11794] queries/stackoverflow/SQLStorm/168.sql  (run_id 35726AD95E5CBC34)
  ok
[1797/11794] queries/stackoverflow/SQLStorm/19725.sql  (run_id 1F6BC6A255F62A76)
  ok
[1798/11794] queries/stackoverflow/SQLStorm/11782.sql  (run_id B63920780E23DC8C)
  ok
[1799/11794] queries/stackoverflow/SQLStorm/19983.sql  (run_id 054C1B82A66A4769)
  ok
[1800/11794] queries/stackoverflow/SQLStorm/17579.sql  (run_id B7A846026E617F91)
  ok
[1801/11794] queries/stackoverflow/SQLStorm/15888.sql  (run_id 19E17D97A0C0BA99)
  ok
[1802/11794] queries/stackoverflow/SQLStorm/14004.sql  (run_id 506A3EA1D55949DE)
  ok
[1803/11794] queries/stackoverflow/SQLStorm/12962.sql  (run_id 85F06B4FC844C4AE)
  ok
[1804/11794] queries/stackoverflow/SQLStorm/8345.sql  (run_id 1767D311D5D7538F)
  ok
[1805/11794] queries/stackoverflow/SQLStorm/10749.sql  (run_id 50A42238A94CEB05)
  ok
[1806/11794] queries/stackoverflow/SQLStorm/16942.sql  (run_id 69EA0267BFC0E972)
  ok
[1807/11794] queries/stackoverflow/SQLStorm/39.sql  (run_id 0485BF6FFAEEEF53)
  ok
[1808/11794] queries/stackoverflow/SQLStorm/15171.sql  (run_id 0BE159206D71E5C6)
  ok
[1809/11794] queries/stackoverflow/SQLStorm/6491.sql  (run_id D30553C3427DABFE)
  ok
[1810/11794] queries/stackoverflow/SQLStorm/13763.sql  (run_id 974B6528C9691CDA)
  ok
[1811/11794] queries/stackoverflow/SQLStorm/23505.sql  (run_id 828553017ADFA13F)
  ok
[1812/11794] queries/stackoverflow/SQLStorm/24219.sql  (run_id 146E8CF339167436)
  ok
[1813/11794] queries/stackoverflow/SQLStorm/10191.sql  (run_id 40B518BE1C4F6A36)
  ok
[1814/11794] queries/stackoverflow/SQLStorm/19394.sql  (run_id D43A4CFEDE42902D)
  ok
[1815/11794] queries/stackoverflow/SQLStorm/15434.sql  (run_id BBF927CA74138150)
  ok
[1816/11794] queries/stackoverflow/SQLStorm/16308.sql  (run_id 9C857FEC9D253F6C)
  ok
[1817/11794] queries/stackoverflow/SQLStorm/7132.sql  (run_id 09912BAC7CCFAB9C)
  ok
[1818/11794] queries/stackoverflow/SQLStorm/21857.sql  (run_id 657A8366B6394F99)
  ok
[1819/11794] queries/stackoverflow/SQLStorm/7723.sql  (run_id A97CAA236C33F21F)
  ok
[1820/11794] queries/stackoverflow/SQLStorm/12175.sql  (run_id FE1DF21FB6B825AD)
  ok
[1821/11794] queries/stackoverflow/SQLStorm/12732.sql  (run_id A53BF74677988A08)
  ok
[1822/11794] queries/stackoverflow/SQLStorm/18500.sql  (run_id EE27F55017700CED)
  ok
[1823/11794] queries/stackoverflow/SQLStorm/29886.sql  (run_id EC691F5CE9C6132B)
  ok
[1824/11794] queries/stackoverflow/SQLStorm/10892.sql  (run_id 7D42C24B9FB8779F)
  ok
[1825/11794] queries/stackoverflow/SQLStorm/16734.sql  (run_id 8D0345128E196B46)
  ok
[1826/11794] queries/stackoverflow/SQLStorm/11256.sql  (run_id DE3508DC2486410D)
  ok
[1827/11794] queries/stackoverflow/SQLStorm/7007.sql  (run_id 7C3B710AB8470DD6)
  ok
[1828/11794] queries/stackoverflow/SQLStorm/18407.sql  (run_id 0D17DEC77A2A7729)
  ok
[1829/11794] queries/stackoverflow/SQLStorm/7759.sql  (run_id F5375D5D1CD9DCC4)
  ok
[1830/11794] queries/stackoverflow/SQLStorm/3525.sql  (run_id 64321F984B73D90F)
  ok
[1831/11794] queries/stackoverflow/SQLStorm/2444.sql  (run_id 2B4EC484DCB954E9)
  ok
[1832/11794] queries/stackoverflow/SQLStorm/24245.sql  (run_id FEAC9DFA6A1E4611)
  ok
[1833/11794] queries/stackoverflow/SQLStorm/7313.sql  (run_id 3DB57D83F75AF584)
  ok
[1834/11794] queries/stackoverflow/SQLStorm/14648.sql  (run_id 36D3CF51E782CAA3)
  ok
[1835/11794] queries/stackoverflow/SQLStorm/11737.sql  (run_id DC05F122B0C7D962)
  ok
[1836/11794] queries/stackoverflow/SQLStorm/14655.sql  (run_id 38BDE63FCBDC315E)
  ok
[1837/11794] queries/stackoverflow/SQLStorm/24199.sql  (run_id 4462EF8F48A7016A)
  ok
[1838/11794] queries/stackoverflow/SQLStorm/21422.sql  (run_id 03591256733310BF)
  ok
[1839/11794] queries/stackoverflow/SQLStorm/8484.sql  (run_id A92DA20A3DE4F112)
  ok
[1840/11794] queries/stackoverflow/SQLStorm/12006.sql  (run_id D470B9773F5414DD)
  ok
[1841/11794] queries/stackoverflow/SQLStorm/12318.sql  (run_id 2B765ED624B557AB)
  ok
[1842/11794] queries/stackoverflow/SQLStorm/17957.sql  (run_id DF40B77C3B702E9D)
  ok
[1843/11794] queries/stackoverflow/SQLStorm/11089.sql  (run_id 0A0A40B493BE2353)
  ok
[1844/11794] queries/stackoverflow/SQLStorm/4072.sql  (run_id 0D1E06510EB4B40F)
  ok
[1845/11794] queries/stackoverflow/SQLStorm/11883.sql  (run_id 25B2FAE9A1C8D6B1)
  ok
[1846/11794] queries/stackoverflow/SQLStorm/19920.sql  (run_id E64703387B9AB93F)
  ok
[1847/11794] queries/stackoverflow/SQLStorm/5983.sql  (run_id 1F1AC4D991429E2B)
  ok
[1848/11794] queries/stackoverflow/SQLStorm/18257.sql  (run_id DFE84CC2032FF0D8)
  ok
[1849/11794] queries/stackoverflow/SQLStorm/19153.sql  (run_id BE0A04BE7BD54101)
  ok
[1850/11794] queries/stackoverflow/SQLStorm/19326.sql  (run_id 1F4DE66C39529E24)
  ok
[1851/11794] queries/stackoverflow/SQLStorm/11874.sql  (run_id 8707ED5BE3BEAA62)
  ok
[1852/11794] queries/stackoverflow/SQLStorm/11450.sql  (run_id 72BD81E503FBABDE)
  ok
[1853/11794] queries/stackoverflow/SQLStorm/10130.sql  (run_id 4479938BEF3B0BC5)
  ok
[1854/11794] queries/stackoverflow/SQLStorm/11252.sql  (run_id 1A0694A5D0D0CA4C)
  ok
[1855/11794] queries/stackoverflow/SQLStorm/14567.sql  (run_id B8AEE8D147FD870D)
  ok
[1856/11794] queries/stackoverflow/SQLStorm/11010.sql  (run_id 575BEC830C6B5957)
  ok
[1857/11794] queries/stackoverflow/SQLStorm/25162.sql  (run_id 6291153ED2B99021)
  ok
[1858/11794] queries/stackoverflow/SQLStorm/7784.sql  (run_id B32CB77060AD738F)
  ok
[1859/11794] queries/stackoverflow/SQLStorm/10534.sql  (run_id 1A6273FBEDC634E0)
  ok
[1860/11794] queries/stackoverflow/SQLStorm/11226.sql  (run_id B4C5D7BCADF9A90E)
  ok
[1861/11794] queries/stackoverflow/SQLStorm/2739.sql  (run_id 4B6F563406D74F13)
  ok
[1862/11794] queries/stackoverflow/SQLStorm/14979.sql  (run_id 46055A6F9E368A71)
  ok
[1863/11794] queries/stackoverflow/SQLStorm/27062.sql  (run_id 96FC70AFEC54A9EF)
  ok
[1864/11794] queries/stackoverflow/SQLStorm/17445.sql  (run_id B20DCB5636715F68)
  ok
[1865/11794] queries/stackoverflow/SQLStorm/312.sql  (run_id 51C24DE76D45A236)
  ok
[1866/11794] queries/stackoverflow/SQLStorm/14787.sql  (run_id 2548018B0C0C39F8)
  ok
[1867/11794] queries/stackoverflow/SQLStorm/9571.sql  (run_id 8AC7637E13918757)
  ok
[1868/11794] queries/stackoverflow/SQLStorm/26324.sql  (run_id 3D5EDE8C5288E12A)
  ok
[1869/11794] queries/stackoverflow/SQLStorm/8438.sql  (run_id 60F28F942D483CA9)
  ok
[1870/11794] queries/stackoverflow/SQLStorm/15128.sql  (run_id BEDB0C3F70B144ED)
  ok
[1871/11794] queries/stackoverflow/SQLStorm/29968.sql  (run_id EF9AC4C0EC913667)
  ok
[1872/11794] queries/stackoverflow/SQLStorm/8674.sql  (run_id C270A5A2D850DE6F)
  ok
[1873/11794] queries/stackoverflow/SQLStorm/14879.sql  (run_id D3459AF2619F2422)
  ok
[1874/11794] queries/stackoverflow/SQLStorm/8952.sql  (run_id 46F5BE5DE55A2212)
  ok
[1875/11794] queries/stackoverflow/SQLStorm/29212.sql  (run_id E90721B09AE71C41)
  ok
[1876/11794] queries/stackoverflow/SQLStorm/27716.sql  (run_id 12A3AAA0A68D278E)
  ok
[1877/11794] queries/stackoverflow/SQLStorm/25788.sql  (run_id 0272415E5BF74B32)
  ok
[1878/11794] queries/stackoverflow/SQLStorm/16919.sql  (run_id 919BC30BE82F89A5)
  ok
[1879/11794] queries/stackoverflow/SQLStorm/15445.sql  (run_id D442E6E8C3E5FB78)
  ok
[1880/11794] queries/stackoverflow/SQLStorm/16793.sql  (run_id 0F7E4C4735D6F700)
  ok
[1881/11794] queries/stackoverflow/SQLStorm/18754.sql  (run_id 467BDAB2925E07F6)
  ok
[1882/11794] queries/stackoverflow/SQLStorm/2180.sql  (run_id 6D09F68397C2E184)
  ok
[1883/11794] queries/stackoverflow/SQLStorm/5297.sql  (run_id 173686452F5D9518)
  ok
[1884/11794] queries/stackoverflow/SQLStorm/12717.sql  (run_id D88A58F49DE3F265)
  ok
[1885/11794] queries/stackoverflow/SQLStorm/7912.sql  (run_id 1851BE16C290E762)
  ok
[1886/11794] queries/stackoverflow/SQLStorm/3695.sql  (run_id 50910205ECA09761)
  ok
[1887/11794] queries/stackoverflow/SQLStorm/15055.sql  (run_id 2E2440188F0F1456)
  ok
[1888/11794] queries/stackoverflow/SQLStorm/28743.sql  (run_id 959AEAC7F09885DB)
  ok
[1889/11794] queries/stackoverflow/SQLStorm/5683.sql  (run_id 4F1D2B413F6D90A5)
  ok
[1890/11794] queries/stackoverflow/SQLStorm/13415.sql  (run_id 121FE22CE1608662)
  ok
[1891/11794] queries/stackoverflow/SQLStorm/16563.sql  (run_id C6024A873CDD0250)
  ok
[1892/11794] queries/stackoverflow/SQLStorm/15979.sql  (run_id 5BDB581EDDB299C3)
  ok
[1893/11794] queries/stackoverflow/SQLStorm/8118.sql  (run_id 8FFF1FAFDCA861A2)
  ok
[1894/11794] queries/stackoverflow/SQLStorm/16090.sql  (run_id DE76E9C19F6ECFEB)
  ok
[1895/11794] queries/stackoverflow/SQLStorm/3387.sql  (run_id FF45655DA21ACE7F)
  ok
[1896/11794] queries/stackoverflow/SQLStorm/5637.sql  (run_id 39530E69791EAE84)
  ok
[1897/11794] queries/stackoverflow/SQLStorm/9202.sql  (run_id 605A8034D0CA068A)
  ok
[1898/11794] queries/stackoverflow/SQLStorm/5477.sql  (run_id 3EE4016AB3255A01)
  ok
[1899/11794] queries/stackoverflow/SQLStorm/9609.sql  (run_id 276D86B20D1EA7CF)
  ok
[1900/11794] queries/stackoverflow/SQLStorm/6276.sql  (run_id 9B837026A34C8583)
  ok
[1901/11794] queries/stackoverflow/SQLStorm/10185.sql  (run_id 7DD66BE730D8CFD8)
  ok
[1902/11794] queries/stackoverflow/SQLStorm/6109.sql  (run_id 3078E72BE343F9B2)
  ok
[1903/11794] queries/stackoverflow/SQLStorm/16107.sql  (run_id 7DDB83FFCF937990)
  ok
[1904/11794] queries/stackoverflow/SQLStorm/19009.sql  (run_id 161DA78D246C3C14)
  ok
[1905/11794] queries/stackoverflow/SQLStorm/4420.sql  (run_id 022CD17C21C763D6)
  ok
[1906/11794] queries/stackoverflow/SQLStorm/1495.sql  (run_id 2967BFEAB7BA260F)
  ok
[1907/11794] queries/stackoverflow/SQLStorm/5638.sql  (run_id 7AF4FF522F4E9F4D)
  ok
[1908/11794] queries/stackoverflow/SQLStorm/10350.sql  (run_id B900F104E4C62AB9)
  ok
[1909/11794] queries/stackoverflow/SQLStorm/9179.sql  (run_id 2291E07F80B7A8C8)
  ok
[1910/11794] queries/stackoverflow/SQLStorm/7442.sql  (run_id 0CEABDD14045780E)
  ok
[1911/11794] queries/stackoverflow/SQLStorm/15203.sql  (run_id 332BCB39DFF6199B)
  ok
[1912/11794] queries/stackoverflow/SQLStorm/18845.sql  (run_id C40E0B092EE0B796)
  ok
[1913/11794] queries/stackoverflow/SQLStorm/18539.sql  (run_id 00F5FE695F08DC77)
  ok
[1914/11794] queries/stackoverflow/SQLStorm/8041.sql  (run_id 690F4D903A1DA254)
  ok
[1915/11794] queries/stackoverflow/SQLStorm/9745.sql  (run_id 7596F2DBD05535C8)
  ok
[1916/11794] queries/stackoverflow/SQLStorm/10620.sql  (run_id 906289E7456B4DF7)
  ok
[1917/11794] queries/stackoverflow/SQLStorm/18870.sql  (run_id 9F2D1ABC851B5B74)
  ok
[1918/11794] queries/stackoverflow/SQLStorm/19420.sql  (run_id 8019A6EEA01EA0B2)
  ok
[1919/11794] queries/stackoverflow/SQLStorm/14197.sql  (run_id 452DBA5185A67796)
  ok
[1920/11794] queries/stackoverflow/SQLStorm/2235.sql  (run_id 9335237232012D83)
  ok
[1921/11794] queries/stackoverflow/SQLStorm/5379.sql  (run_id D564BC968398DCAE)
  ok
[1922/11794] queries/stackoverflow/SQLStorm/18098.sql  (run_id 7A5B497ACFCBD653)
  ok
[1923/11794] queries/stackoverflow/SQLStorm/6501.sql  (run_id FADD1665C0FCB5DB)
  ok
[1924/11794] queries/stackoverflow/SQLStorm/9357.sql  (run_id A9DA08406788D9D3)
  ok
[1925/11794] queries/stackoverflow/SQLStorm/15776.sql  (run_id F1381D064890348E)
  ok
[1926/11794] queries/stackoverflow/SQLStorm/16890.sql  (run_id 141B0C33EE879A85)
  ok
[1927/11794] queries/stackoverflow/SQLStorm/18815.sql  (run_id 3AAF43FE6C2FCAEF)
  ok
[1928/11794] queries/stackoverflow/SQLStorm/6597.sql  (run_id BA23B06655A07528)
  ok
[1929/11794] queries/stackoverflow/SQLStorm/7629.sql  (run_id F3AA9DE021B3FCF4)
  ok
[1930/11794] queries/stackoverflow/SQLStorm/17638.sql  (run_id 2440F86EE82EE2F7)
  ok
[1931/11794] queries/stackoverflow/SQLStorm/4216.sql  (run_id F3E4E23A81FD37F9)
  ok
[1932/11794] queries/stackoverflow/SQLStorm/19144.sql  (run_id 9BA33331D512B51A)
  ok
[1933/11794] queries/stackoverflow/SQLStorm/14232.sql  (run_id 2809BD53CF2BD6F3)
  ok
[1934/11794] queries/stackoverflow/SQLStorm/11603.sql  (run_id 2E95CD3FAD93601D)
  ok
[1935/11794] queries/stackoverflow/SQLStorm/17273.sql  (run_id CD6513D677FA98B0)
  ok
[1936/11794] queries/stackoverflow/SQLStorm/27297.sql  (run_id 21A7F18D294CC91B)
  ok
[1937/11794] queries/stackoverflow/SQLStorm/16747.sql  (run_id 74DC3AB3968E02FD)
  ok
[1938/11794] queries/stackoverflow/SQLStorm/16783.sql  (run_id 36774315E09FFD66)
  ok
[1939/11794] queries/stackoverflow/SQLStorm/15420.sql  (run_id 16F193FF176A7B68)
  ok
[1940/11794] queries/stackoverflow/SQLStorm/21246.sql  (run_id 7FEE3E1ED4C2E17E)
  ok
[1941/11794] queries/stackoverflow/SQLStorm/13841.sql  (run_id 4740F8D4C18E6D26)
  ok
[1942/11794] queries/stackoverflow/SQLStorm/7621.sql  (run_id 5A39DDD5EEFDF942)
  ok
[1943/11794] queries/stackoverflow/SQLStorm/4922.sql  (run_id EB5EF23A89207CA7)
  ok
[1944/11794] queries/stackoverflow/SQLStorm/14165.sql  (run_id FCD8760636ABAA27)
  ok
[1945/11794] queries/stackoverflow/SQLStorm/16053.sql  (run_id 74264E19873037B6)
  ok
[1946/11794] queries/stackoverflow/SQLStorm/17505.sql  (run_id BE24641EF5602B37)
  ok
[1947/11794] queries/stackoverflow/SQLStorm/15699.sql  (run_id 126FD5D9A98664CF)
  ok
[1948/11794] queries/stackoverflow/SQLStorm/16000.sql  (run_id 71793404DA909E2E)
  ok
[1949/11794] queries/stackoverflow/SQLStorm/32745.sql  (run_id 9043104157CD7138)
  ok
[1950/11794] queries/stackoverflow/SQLStorm/28000.sql  (run_id 17FE82FE29C46108)
  ok
[1951/11794] queries/stackoverflow/SQLStorm/14795.sql  (run_id B0FECFEFD52CF126)
  ok
[1952/11794] queries/stackoverflow/SQLStorm/23882.sql  (run_id 423D56CDBD0707D7)
  ok
[1953/11794] queries/stackoverflow/SQLStorm/28029.sql  (run_id 773B888C969EC12B)
  ok
[1954/11794] queries/stackoverflow/SQLStorm/16521.sql  (run_id 386B01E3917396CB)
  ok
[1955/11794] queries/stackoverflow/SQLStorm/9615.sql  (run_id 97F4FEA3B26373E4)
  ok
[1956/11794] queries/stackoverflow/SQLStorm/14641.sql  (run_id 1BF10ED9866DB5F8)
  ok
[1957/11794] queries/stackoverflow/SQLStorm/8084.sql  (run_id 7EB3953D3F8C7698)
  ok
[1958/11794] queries/stackoverflow/SQLStorm/12894.sql  (run_id A061312F80257153)
  ok
[1959/11794] queries/stackoverflow/SQLStorm/2350.sql  (run_id 76401CB3DB4DB5DD)
  ok
[1960/11794] queries/stackoverflow/SQLStorm/1910.sql  (run_id 1916E6BF2CD87482)
  ok
[1961/11794] queries/stackoverflow/SQLStorm/11280.sql  (run_id F25B4CFFFEC88EA1)
  ok
[1962/11794] queries/stackoverflow/SQLStorm/28634.sql  (run_id 839CBF6A9984B1C5)
  ok
[1963/11794] queries/stackoverflow/SQLStorm/3104.sql  (run_id CCAC032AC7B4D1A9)
  ok
[1964/11794] queries/stackoverflow/SQLStorm/5508.sql  (run_id C6B4B7A2D16A3560)
  ok
[1965/11794] queries/stackoverflow/SQLStorm/18764.sql  (run_id BC613891A579BB2C)
  ok
[1966/11794] queries/stackoverflow/SQLStorm/15760.sql  (run_id 707FE5587626E72D)
  ok
[1967/11794] queries/stackoverflow/SQLStorm/21827.sql  (run_id B8F445F293028B10)
  ok
[1968/11794] queries/stackoverflow/SQLStorm/16056.sql  (run_id ECCA5DC76C3C6FDF)
  ok
[1969/11794] queries/stackoverflow/SQLStorm/18405.sql  (run_id B996A86ADCED0049)
  ok
[1970/11794] queries/stackoverflow/SQLStorm/21267.sql  (run_id D4AA91533CA38922)
  ok
[1971/11794] queries/stackoverflow/SQLStorm/9076.sql  (run_id 06848D57BFD51D66)
  ok
[1972/11794] queries/stackoverflow/SQLStorm/32708.sql  (run_id 51CF53659C1F5771)
  ok
[1973/11794] queries/stackoverflow/SQLStorm/13680.sql  (run_id 93A0E392EF60229A)
  ok
[1974/11794] queries/stackoverflow/SQLStorm/8701.sql  (run_id 931CD24CA73A141F)
  ok
[1975/11794] queries/stackoverflow/SQLStorm/26984.sql  (run_id E2793D23ABA9B41D)
  ok
[1976/11794] queries/stackoverflow/SQLStorm/12930.sql  (run_id BA547F1756B20067)
  ok
[1977/11794] queries/stackoverflow/SQLStorm/25446.sql  (run_id A918857CE1A4B6C6)
  ok
[1978/11794] queries/stackoverflow/SQLStorm/19152.sql  (run_id F7AC328B9F286261)
  ok
[1979/11794] queries/stackoverflow/SQLStorm/23848.sql  (run_id 71A4850579E03060)
  ok
[1980/11794] queries/stackoverflow/SQLStorm/17376.sql  (run_id 7722485EA7A06958)
  ok
[1981/11794] queries/stackoverflow/SQLStorm/30454.sql  (run_id A0B399ABBE35635E)
  ok
[1982/11794] queries/stackoverflow/SQLStorm/34354.sql  (run_id 92291D508E3B8CB7)
  ok
[1983/11794] queries/stackoverflow/SQLStorm/14967.sql  (run_id 21D4D75851792E28)
  ok
[1984/11794] queries/stackoverflow/SQLStorm/18284.sql  (run_id 8B8B3BE70685D357)
  ok
[1985/11794] queries/stackoverflow/SQLStorm/15123.sql  (run_id 1D63CB826EF3A168)
  ok
[1986/11794] queries/stackoverflow/SQLStorm/18491.sql  (run_id 9013AB78746BBCD9)
  ok
[1987/11794] queries/stackoverflow/SQLStorm/306.sql  (run_id 78CC3A3A8A9B85BC)
  ok
[1988/11794] queries/stackoverflow/SQLStorm/18159.sql  (run_id 4409A3DDA8B30FC8)
  ok
[1989/11794] queries/stackoverflow/SQLStorm/9493.sql  (run_id 636FD974E06F51B4)
  ok
[1990/11794] queries/stackoverflow/SQLStorm/18619.sql  (run_id 922F97C27D29E678)
  ok
[1991/11794] queries/stackoverflow/SQLStorm/4587.sql  (run_id 5955336523D15475)
  ok
[1992/11794] queries/stackoverflow/SQLStorm/10209.sql  (run_id 33EF4610553A8DD6)
  ok
[1993/11794] queries/stackoverflow/SQLStorm/9793.sql  (run_id 23869F65652D823E)
  ok
[1994/11794] queries/stackoverflow/SQLStorm/6287.sql  (run_id 6574F11BBCFD2694)
  ok
[1995/11794] queries/stackoverflow/SQLStorm/18364.sql  (run_id 85D1C5DE90999E98)
  ok
[1996/11794] queries/stackoverflow/SQLStorm/1432.sql  (run_id F71D552CF325FFE8)
  ok
[1997/11794] queries/stackoverflow/SQLStorm/14168.sql  (run_id ABB0E152ED03AC3E)
  ok
[1998/11794] queries/stackoverflow/SQLStorm/32565.sql  (run_id 8CF0C6D9C42294EA)
  ok
[1999/11794] queries/stackoverflow/SQLStorm/18111.sql  (run_id 9E75F90737F0B3DC)
  ok
[2000/11794] queries/stackoverflow/SQLStorm/9106.sql  (run_id 71812037D0E4F6D0)
  ok
[2001/11794] queries/stackoverflow/SQLStorm/21407.sql  (run_id D16D32459B3CBE9D)
  ok
[2002/11794] queries/stackoverflow/SQLStorm/12112.sql  (run_id 0143BE423F891152)
  ok
[2003/11794] queries/stackoverflow/SQLStorm/1366.sql  (run_id F6ADA4D694E0B645)
  ok
[2004/11794] queries/stackoverflow/SQLStorm/33006.sql  (run_id 084625045C501903)
  ok
[2005/11794] queries/stackoverflow/SQLStorm/9377.sql  (run_id 7B9819A5336F298D)
  ok
[2006/11794] queries/stackoverflow/SQLStorm/20507.sql  (run_id 04A7E75E2AFF612A)
  ok
[2007/11794] queries/stackoverflow/SQLStorm/20904.sql  (run_id 47B3338F81A450D6)
  ok
[2008/11794] queries/stackoverflow/SQLStorm/21565.sql  (run_id B3CB8383E1038CBA)
  ok
[2009/11794] queries/stackoverflow/SQLStorm/17019.sql  (run_id 06BAA60AC2624FA1)
  ok
[2010/11794] queries/stackoverflow/SQLStorm/8868.sql  (run_id D555D10C1B884B85)
  ok
[2011/11794] queries/stackoverflow/SQLStorm/12457.sql  (run_id 3573D9BE3D436412)
  ok
[2012/11794] queries/stackoverflow/SQLStorm/4040.sql  (run_id DDAB51BB79F7D326)
  ok
[2013/11794] queries/stackoverflow/SQLStorm/15565.sql  (run_id 8E6E36C3C8449A39)
  ok
[2014/11794] queries/stackoverflow/SQLStorm/11994.sql  (run_id A1BB03E5795E1A62)
  ok
[2015/11794] queries/stackoverflow/SQLStorm/15301.sql  (run_id DF02973B5E952A1B)
  ok
[2016/11794] queries/stackoverflow/SQLStorm/2090.sql  (run_id 67AAB8CEA993FE74)
  ok
[2017/11794] queries/stackoverflow/SQLStorm/5756.sql  (run_id 4342220977CC4179)
  ok
[2018/11794] queries/stackoverflow/SQLStorm/15608.sql  (run_id B2F0B054E5555E9E)
  ok
[2019/11794] queries/stackoverflow/SQLStorm/12093.sql  (run_id 9ECD8F221CE8F8AF)
  ok
[2020/11794] queries/stackoverflow/SQLStorm/6092.sql  (run_id 86DE4EDC3CAFD69E)
  ok
[2021/11794] queries/stackoverflow/SQLStorm/11075.sql  (run_id DBE771C684E88CE3)
  ok
[2022/11794] queries/stackoverflow/SQLStorm/11210.sql  (run_id FD57E135B736C7EF)
  ok
[2023/11794] queries/stackoverflow/SQLStorm/13975.sql  (run_id 9B3CB81E9009403B)
  ok
[2024/11794] queries/stackoverflow/SQLStorm/2246.sql  (run_id 27DC7D6C77F635FD)
  ok
[2025/11794] queries/stackoverflow/SQLStorm/29554.sql  (run_id 640CCD90FC6D98BF)
  ok
[2026/11794] queries/stackoverflow/SQLStorm/9011.sql  (run_id E118520E34A332AB)
  ok
[2027/11794] queries/stackoverflow/SQLStorm/19512.sql  (run_id D4FE6269AB7ED90F)
  ok
[2028/11794] queries/stackoverflow/SQLStorm/22349.sql  (run_id 88AC31FAE031303D)
  ok
[2029/11794] queries/stackoverflow/SQLStorm/15473.sql  (run_id 3F54BBEA97DF9418)
  ok
[2030/11794] queries/stackoverflow/SQLStorm/11753.sql  (run_id 2DAD3C42EBA2C359)
  ok
[2031/11794] queries/stackoverflow/SQLStorm/7524.sql  (run_id 54AA7BA023FB80B9)
  ok
[2032/11794] queries/stackoverflow/SQLStorm/14876.sql  (run_id E3F8B891CCE783DC)
  ok
[2033/11794] queries/stackoverflow/SQLStorm/23217.sql  (run_id EDC8F572C55C7166)
  ok
[2034/11794] queries/stackoverflow/SQLStorm/6807.sql  (run_id 75F1E916EAB0D9B8)
  ok
[2035/11794] queries/stackoverflow/SQLStorm/19253.sql  (run_id 7DDF8A2C156B6078)
  ok
[2036/11794] queries/stackoverflow/SQLStorm/23099.sql  (run_id 45B7109951F9ECBA)
  ok
[2037/11794] queries/stackoverflow/SQLStorm/9515.sql  (run_id D303ABF4ED07651F)
  ok
[2038/11794] queries/stackoverflow/SQLStorm/11702.sql  (run_id 70085F28E44C18B6)
  ok
[2039/11794] queries/stackoverflow/SQLStorm/34192.sql  (run_id B65C814DE4D219B6)
  ok
[2040/11794] queries/stackoverflow/SQLStorm/8026.sql  (run_id E01C8F61F395691D)
  ok
[2041/11794] queries/stackoverflow/SQLStorm/25680.sql  (run_id 6A98258C7376A103)
  ok
[2042/11794] queries/stackoverflow/SQLStorm/18212.sql  (run_id 0966745177132856)
  ok
[2043/11794] queries/stackoverflow/SQLStorm/19001.sql  (run_id 8CA7395CBE44A15A)
  ok
[2044/11794] queries/stackoverflow/SQLStorm/4907.sql  (run_id 3FA9FA00102653A0)
  ok
[2045/11794] queries/stackoverflow/SQLStorm/10348.sql  (run_id D2C2F664FA6820E7)
  ok
[2046/11794] queries/stackoverflow/SQLStorm/22117.sql  (run_id 2509791E69F66A92)
  ok
[2047/11794] queries/stackoverflow/SQLStorm/14805.sql  (run_id 55CEFE178B28D915)
  ok
[2048/11794] queries/stackoverflow/SQLStorm/32970.sql  (run_id 663470F1CE74107C)
  ok
[2049/11794] queries/stackoverflow/SQLStorm/5720.sql  (run_id 41FA1E82F20EE69B)
  ok
[2050/11794] queries/stackoverflow/SQLStorm/1250.sql  (run_id 653C379D4208FE83)
  ok
[2051/11794] queries/stackoverflow/SQLStorm/9218.sql  (run_id EF284AD3C41AE90B)
  ok
[2052/11794] queries/stackoverflow/SQLStorm/13906.sql  (run_id AA43ECD6BBBA75A1)
  ok
[2053/11794] queries/stackoverflow/SQLStorm/19666.sql  (run_id 6605EDB5AC0E1BE0)
  ok
[2054/11794] queries/stackoverflow/SQLStorm/10529.sql  (run_id F9C314BE789A606F)
  ok
[2055/11794] queries/stackoverflow/SQLStorm/17747.sql  (run_id 2F8BF61CC83D210E)
  ok
[2056/11794] queries/stackoverflow/SQLStorm/6514.sql  (run_id FBDECB14131608E5)
  ok
[2057/11794] queries/stackoverflow/SQLStorm/14185.sql  (run_id C15D7F831A340DA0)
  ok
[2058/11794] queries/stackoverflow/SQLStorm/7852.sql  (run_id E9CEFB60E010DD60)
  ok
[2059/11794] queries/stackoverflow/SQLStorm/18675.sql  (run_id D9B91A808406185C)
  ok
[2060/11794] queries/stackoverflow/SQLStorm/16352.sql  (run_id 005EC235D6492626)
  ok
[2061/11794] queries/stackoverflow/SQLStorm/1371.sql  (run_id 76BAAB8C58D776D3)
  ok
[2062/11794] queries/stackoverflow/SQLStorm/15414.sql  (run_id 1BD602DCA4782717)
  ok
[2063/11794] queries/stackoverflow/SQLStorm/25439.sql  (run_id 0A023862F3F05CE3)
  ok
[2064/11794] queries/stackoverflow/SQLStorm/2867.sql  (run_id 56D21999B50BA2D1)
  ok
[2065/11794] queries/stackoverflow/SQLStorm/11345.sql  (run_id 958EE906D34B5FC8)
  ok
[2066/11794] queries/stackoverflow/SQLStorm/17106.sql  (run_id 7ECAE5F1E16E937D)
  ok
[2067/11794] queries/stackoverflow/SQLStorm/8685.sql  (run_id F189B1C455412FC2)
  ok
[2068/11794] queries/stackoverflow/SQLStorm/32195.sql  (run_id E38BFD04238B3F76)
  ok
[2069/11794] queries/stackoverflow/SQLStorm/18884.sql  (run_id 2DBCE93850255DA4)
  ok
[2070/11794] queries/stackoverflow/SQLStorm/17511.sql  (run_id 0B516604F162610B)
  ok
[2071/11794] queries/stackoverflow/SQLStorm/29409.sql  (run_id 3D8E32F3FB07B064)
  ok
[2072/11794] queries/stackoverflow/SQLStorm/19307.sql  (run_id E40213B14E098CAF)
  ok
[2073/11794] queries/stackoverflow/SQLStorm/22792.sql  (run_id FE69862C67A92591)
  ok
[2074/11794] queries/stackoverflow/SQLStorm/19267.sql  (run_id F2880591F9DE28F0)
  ok
[2075/11794] queries/stackoverflow/SQLStorm/14735.sql  (run_id 4776744526DFFE33)
  ok
[2076/11794] queries/stackoverflow/SQLStorm/30466.sql  (run_id FE3F5D55988D260F)
  ok
[2077/11794] queries/stackoverflow/SQLStorm/23586.sql  (run_id 60F4B50A2B970606)
  ok
[2078/11794] queries/stackoverflow/SQLStorm/23627.sql  (run_id 9D7C28F0627C0F3B)
  ok
[2079/11794] queries/stackoverflow/SQLStorm/13397.sql  (run_id 3D8AEBD533AFF206)
  ok
[2080/11794] queries/stackoverflow/SQLStorm/15405.sql  (run_id 1FEDEBD577C3F76F)
  ok
[2081/11794] queries/stackoverflow/SQLStorm/6704.sql  (run_id A8F413339FCC0FA6)
  ok
[2082/11794] queries/stackoverflow/SQLStorm/6389.sql  (run_id 76E78C641D2629D0)
  ok
[2083/11794] queries/stackoverflow/SQLStorm/15338.sql  (run_id F9E27A0702F78878)
  ok
[2084/11794] queries/stackoverflow/SQLStorm/15443.sql  (run_id F91CB30B22459B59)
  ok
[2085/11794] queries/stackoverflow/SQLStorm/22350.sql  (run_id 06AE8F4FCE9690B8)
  ok
[2086/11794] queries/stackoverflow/SQLStorm/17031.sql  (run_id E83EF19CF777B77E)
  ok
[2087/11794] queries/stackoverflow/SQLStorm/24382.sql  (run_id F8E326658D17E941)
  ok
[2088/11794] queries/stackoverflow/SQLStorm/9138.sql  (run_id 7A64F60F8DD5EDDE)
  ok
[2089/11794] queries/stackoverflow/SQLStorm/15483.sql  (run_id EE15DD58C7B155D7)
  ok
[2090/11794] queries/stackoverflow/SQLStorm/26862.sql  (run_id B456086A96A7C006)
  ok
[2091/11794] queries/stackoverflow/SQLStorm/15705.sql  (run_id 827059928C5F8D44)
  ok
[2092/11794] queries/stackoverflow/SQLStorm/18597.sql  (run_id 83770483B6DBFC69)
  ok
[2093/11794] queries/stackoverflow/SQLStorm/20489.sql  (run_id 868D19B413AFC93F)
  ok
[2094/11794] queries/stackoverflow/SQLStorm/15942.sql  (run_id 09AFE02BC40ED708)
  ok
[2095/11794] queries/stackoverflow/SQLStorm/1512.sql  (run_id CC976C0F49A3BA0C)
  ok
[2096/11794] queries/stackoverflow/SQLStorm/18396.sql  (run_id 1837606EF977B591)
  ok
[2097/11794] queries/stackoverflow/SQLStorm/24731.sql  (run_id C1B688238C63676D)
  ok
[2098/11794] queries/stackoverflow/SQLStorm/13163.sql  (run_id D733D28DE7D8C866)
  ok
[2099/11794] queries/stackoverflow/SQLStorm/17976.sql  (run_id C9D466DABA50CF3F)
  ok
[2100/11794] queries/stackoverflow/SQLStorm/18489.sql  (run_id 84379DB19389E991)
  ok
[2101/11794] queries/stackoverflow/SQLStorm/471.sql  (run_id 685D10FED9944AEE)
  ok
[2102/11794] queries/stackoverflow/SQLStorm/18784.sql  (run_id 602C70692E8B1031)
  ok
[2103/11794] queries/stackoverflow/SQLStorm/4683.sql  (run_id 54419EBF0FF5EBF7)
  ok
[2104/11794] queries/stackoverflow/SQLStorm/10584.sql  (run_id A31C93B977A71364)
  ok
[2105/11794] queries/stackoverflow/SQLStorm/16316.sql  (run_id ED858FC38E729617)
  ok
[2106/11794] queries/stackoverflow/SQLStorm/7762.sql  (run_id 74FBEDB4639A4684)
  ok
[2107/11794] queries/stackoverflow/SQLStorm/24220.sql  (run_id EE193530951259DE)
  ok
[2108/11794] queries/stackoverflow/SQLStorm/18788.sql  (run_id ACCFF82F81C58EBA)
  ok
[2109/11794] queries/stackoverflow/SQLStorm/18786.sql  (run_id F6E25CB5F7F843D8)
  ok
[2110/11794] queries/stackoverflow/SQLStorm/5956.sql  (run_id AD3ABDE274E828E4)
  ok
[2111/11794] queries/stackoverflow/SQLStorm/16530.sql  (run_id 20B214FA4317F7F5)
  ok
[2112/11794] queries/stackoverflow/SQLStorm/10116.sql  (run_id AFDA8CE20A72164F)
  ok
[2113/11794] queries/stackoverflow/SQLStorm/13482.sql  (run_id BA9DB1F1721FDED2)
  ok
[2114/11794] queries/stackoverflow/SQLStorm/15077.sql  (run_id 49FE914067C6126A)
  ok
[2115/11794] queries/stackoverflow/SQLStorm/16317.sql  (run_id D2975775985032CF)
  ok
[2116/11794] queries/stackoverflow/SQLStorm/491.sql  (run_id 545A963BBB2A19B2)
  ok
[2117/11794] queries/stackoverflow/SQLStorm/12484.sql  (run_id 0DD791587204008A)
  ok
[2118/11794] queries/stackoverflow/SQLStorm/15260.sql  (run_id 58B191E527666F36)
  ok
[2119/11794] queries/stackoverflow/SQLStorm/11757.sql  (run_id 07F9DA99704A463A)
  ok
[2120/11794] queries/stackoverflow/SQLStorm/16972.sql  (run_id D9067CEEB3AA8FDC)
  ok
[2121/11794] queries/stackoverflow/SQLStorm/6716.sql  (run_id 5662C1063C9D63A8)
  ok
[2122/11794] queries/stackoverflow/SQLStorm/26925.sql  (run_id 0C452D6CB3A6E772)
  ok
[2123/11794] queries/stackoverflow/SQLStorm/12638.sql  (run_id 52C7FC4E886196A5)
  ok
[2124/11794] queries/stackoverflow/SQLStorm/15258.sql  (run_id 9A884D58F6F46EFB)
  ok
[2125/11794] queries/stackoverflow/SQLStorm/13024.sql  (run_id A99D6F2E9A1D30A9)
  ok
[2126/11794] queries/stackoverflow/SQLStorm/498.sql  (run_id 21E7EBD69FF90FB5)
  ok
[2127/11794] queries/stackoverflow/SQLStorm/558.sql  (run_id 8909FAA00E8B0E75)
  ok
[2128/11794] queries/stackoverflow/SQLStorm/13701.sql  (run_id 4BAD6B54A550D080)
  ok
[2129/11794] queries/stackoverflow/SQLStorm/25011.sql  (run_id 2901FC321BF69BBF)
  ok
[2130/11794] queries/stackoverflow/SQLStorm/13741.sql  (run_id 53ED7217F6FA208B)
  ok
[2131/11794] queries/stackoverflow/SQLStorm/16159.sql  (run_id 3D2387C60A71F426)
  ok
[2132/11794] queries/stackoverflow/SQLStorm/32796.sql  (run_id 3D202F58B51FB254)
  ok
[2133/11794] queries/stackoverflow/SQLStorm/15180.sql  (run_id A22F3B247A871E4A)
  ok
[2134/11794] queries/stackoverflow/SQLStorm/12094.sql  (run_id 1B5C1984A28D3D5F)
  ok
[2135/11794] queries/stackoverflow/SQLStorm/19095.sql  (run_id 959F82B5AC191E0A)
  ok
[2136/11794] queries/stackoverflow/SQLStorm/13489.sql  (run_id A9035E34E816AFC1)
  ok
[2137/11794] queries/stackoverflow/SQLStorm/10656.sql  (run_id 6C5ADC114E50E083)
  ok
[2138/11794] queries/stackoverflow/SQLStorm/6423.sql  (run_id B81BF57820386135)
  ok
[2139/11794] queries/stackoverflow/SQLStorm/17286.sql  (run_id 7942942092E1002A)
  ok
[2140/11794] queries/stackoverflow/SQLStorm/16252.sql  (run_id DC725756EE23F2E3)
  ok
[2141/11794] queries/stackoverflow/SQLStorm/17849.sql  (run_id 17DF152F61AF525E)
  ok
[2142/11794] queries/stackoverflow/SQLStorm/8587.sql  (run_id E07B7E7161DF626E)
  ok
[2143/11794] queries/stackoverflow/SQLStorm/23583.sql  (run_id 5B1209ED36F4CDEF)
  ok
[2144/11794] queries/stackoverflow/SQLStorm/13123.sql  (run_id 599CF64317A0E6E5)
  ok
[2145/11794] queries/stackoverflow/SQLStorm/16097.sql  (run_id AB411F6E2B0687DB)
  ok
[2146/11794] queries/stackoverflow/SQLStorm/17289.sql  (run_id 7C03F59E2EB85279)
  ok
[2147/11794] queries/stackoverflow/SQLStorm/9134.sql  (run_id 1E739C32D8CF9C87)
  ok
[2148/11794] queries/stackoverflow/SQLStorm/17061.sql  (run_id 2CFDC9B1DA93A31A)
  ok
[2149/11794] queries/stackoverflow/SQLStorm/14530.sql  (run_id CD40A7070AF731B8)
  ok
[2150/11794] queries/stackoverflow/SQLStorm/18847.sql  (run_id A0779846BA5D50C3)
  ok
[2151/11794] queries/stackoverflow/SQLStorm/15526.sql  (run_id E04C9F02687D6D16)
  ok
[2152/11794] queries/stackoverflow/SQLStorm/12391.sql  (run_id 6D7F14CF1C946880)
  ok
[2153/11794] queries/stackoverflow/SQLStorm/8088.sql  (run_id 7528541595DDF566)
  ok
[2154/11794] queries/stackoverflow/SQLStorm/18333.sql  (run_id C80BFCC799DC20D5)
  ok
[2155/11794] queries/stackoverflow/SQLStorm/23928.sql  (run_id 417785B2983179FF)
  ok
[2156/11794] queries/stackoverflow/SQLStorm/8718.sql  (run_id 76B4E1D0F2FB85BD)
  ok
[2157/11794] queries/stackoverflow/SQLStorm/19464.sql  (run_id 44AD176273D58B0F)
  ok
[2158/11794] queries/stackoverflow/SQLStorm/19077.sql  (run_id D06FF3E69BB07C35)
  ok
[2159/11794] queries/stackoverflow/SQLStorm/4654.sql  (run_id 6BD7144587E9ADEF)
  ok
[2160/11794] queries/stackoverflow/SQLStorm/12460.sql  (run_id B428DAEBA93EA91D)
  ok
[2161/11794] queries/stackoverflow/SQLStorm/11808.sql  (run_id 68081EF4D2C7C29F)
  ok
[2162/11794] queries/stackoverflow/SQLStorm/7519.sql  (run_id D2018A1C721DE359)
  ok
[2163/11794] queries/stackoverflow/SQLStorm/4559.sql  (run_id E9FEA35C25FFAD73)
  ok
[2164/11794] queries/stackoverflow/SQLStorm/33954.sql  (run_id C7150B1922098469)
  ok
[2165/11794] queries/stackoverflow/SQLStorm/14401.sql  (run_id 6E2F2D4124FE6EF7)
  ok
[2166/11794] queries/stackoverflow/SQLStorm/6110.sql  (run_id 529C6567392805FE)
  ok
[2167/11794] queries/stackoverflow/SQLStorm/16373.sql  (run_id 343FADEA6DBE8DD8)
  ok
[2168/11794] queries/stackoverflow/SQLStorm/33931.sql  (run_id A5B446D036A3B757)
  ok
[2169/11794] queries/stackoverflow/SQLStorm/18532.sql  (run_id 8351BB819A75E87F)
  ok
[2170/11794] queries/stackoverflow/SQLStorm/20086.sql  (run_id 59F81AA5E3AF56B8)
  ok
[2171/11794] queries/stackoverflow/SQLStorm/4845.sql  (run_id 8FCEE057F46D5447)
  ok
[2172/11794] queries/stackoverflow/SQLStorm/15111.sql  (run_id C595F0B7647E57A5)
  ok
[2173/11794] queries/stackoverflow/SQLStorm/12833.sql  (run_id 0CEDE7BCD18343F3)
  ok
[2174/11794] queries/stackoverflow/SQLStorm/16707.sql  (run_id 1A696631DAEE69EF)
  ok
[2175/11794] queries/stackoverflow/SQLStorm/9004.sql  (run_id AD3CAC788E6A9D5D)
  ok
[2176/11794] queries/stackoverflow/SQLStorm/18566.sql  (run_id 59D521C48D70139E)
  ok
[2177/11794] queries/stackoverflow/SQLStorm/17443.sql  (run_id 9702A9358D05B5D4)
  ok
[2178/11794] queries/stackoverflow/SQLStorm/19105.sql  (run_id 920E317340703650)
  ok
[2179/11794] queries/stackoverflow/SQLStorm/6257.sql  (run_id 235C081BBFAC15CF)
  ok
[2180/11794] queries/stackoverflow/SQLStorm/33172.sql  (run_id BD6FBFE866D987B2)
  ok
[2181/11794] queries/stackoverflow/SQLStorm/16918.sql  (run_id 3D809072DBAD0391)
  ok
[2182/11794] queries/stackoverflow/SQLStorm/15226.sql  (run_id FC0CE8FCF7B2499B)
  ok
[2183/11794] queries/stackoverflow/SQLStorm/19801.sql  (run_id 46636069B182BE86)
  ok
[2184/11794] queries/stackoverflow/SQLStorm/19667.sql  (run_id 2B514C15676D3024)
  ok
[2185/11794] queries/stackoverflow/SQLStorm/4844.sql  (run_id 3A46FA54A1F499C7)
  ok
[2186/11794] queries/stackoverflow/SQLStorm/30175.sql  (run_id 814DF2F8B8DDB712)
  ok
[2187/11794] queries/stackoverflow/SQLStorm/18658.sql  (run_id D540F8A201247582)
  ok
[2188/11794] queries/stackoverflow/SQLStorm/13085.sql  (run_id 081765B0A09067E6)
  ok
[2189/11794] queries/stackoverflow/SQLStorm/25335.sql  (run_id 1DB677E4C674374E)
  ok
[2190/11794] queries/stackoverflow/SQLStorm/3658.sql  (run_id 9C97E0F544BE8E28)
  ok
[2191/11794] queries/stackoverflow/SQLStorm/9410.sql  (run_id 69D1BC27EA814751)
  ok
[2192/11794] queries/stackoverflow/SQLStorm/5203.sql  (run_id C46D6CB61D994242)
  ok
[2193/11794] queries/stackoverflow/SQLStorm/16218.sql  (run_id 87E8CF9F0C595579)
  ok
[2194/11794] queries/stackoverflow/SQLStorm/19440.sql  (run_id DEFA382725BB6D67)
  ok
[2195/11794] queries/stackoverflow/SQLStorm/33426.sql  (run_id 24D17E733A895AB1)
  ok
[2196/11794] queries/stackoverflow/SQLStorm/3659.sql  (run_id 4350AEC35ED51DA9)
  ok
[2197/11794] queries/stackoverflow/SQLStorm/19800.sql  (run_id 835AC74948041DE1)
  ok
[2198/11794] queries/stackoverflow/SQLStorm/8623.sql  (run_id A120F6BFF5650C21)
  ok
[2199/11794] queries/stackoverflow/SQLStorm/19065.sql  (run_id 67607CD712E6DF7B)
  ok
[2200/11794] queries/stackoverflow/SQLStorm/24168.sql  (run_id 21453C58E38BE15F)
  ok
[2201/11794] queries/stackoverflow/SQLStorm/17466.sql  (run_id 28AEC7BAF6E64F4E)
  ok
[2202/11794] queries/stackoverflow/SQLStorm/18231.sql  (run_id CCF9B2163DCD296E)
  ok
[2203/11794] queries/stackoverflow/SQLStorm/12979.sql  (run_id 05DC66FC5C6ADBFC)
  ok
[2204/11794] queries/stackoverflow/SQLStorm/18205.sql  (run_id 1692D2FF37FA652D)
  ok
[2205/11794] queries/stackoverflow/SQLStorm/21271.sql  (run_id 39AFEFA49598A9BE)
  ok
[2206/11794] queries/stackoverflow/SQLStorm/891.sql  (run_id 5F60C50A2B542F5F)
  ok
[2207/11794] queries/stackoverflow/SQLStorm/6164.sql  (run_id 4E3BC03F67E479EE)
  ok
[2208/11794] queries/stackoverflow/SQLStorm/15102.sql  (run_id D145F0ED7CEA4EDA)
  ok
[2209/11794] queries/stackoverflow/SQLStorm/15268.sql  (run_id 86E684483CC08D22)
  ok
[2210/11794] queries/stackoverflow/SQLStorm/9590.sql  (run_id 3E7DF67C8B5366B5)
  ok
[2211/11794] queries/stackoverflow/SQLStorm/17989.sql  (run_id 35C18D8178A5084B)
  ok
[2212/11794] queries/stackoverflow/SQLStorm/16668.sql  (run_id 0E2C9505A7D9B8DC)
  ok
[2213/11794] queries/stackoverflow/SQLStorm/2575.sql  (run_id 8AD086CAB2703F88)
  ok
[2214/11794] queries/stackoverflow/SQLStorm/19516.sql  (run_id F28D7A1C8E6F438F)
  ok
[2215/11794] queries/stackoverflow/SQLStorm/3518.sql  (run_id 7F0EAD91349B512D)
  ok
[2216/11794] queries/stackoverflow/SQLStorm/10651.sql  (run_id 11C7EFB14A5994B4)
  ok
[2217/11794] queries/stackoverflow/SQLStorm/14057.sql  (run_id 8C58730DE1E3FE87)
  ok
[2218/11794] queries/stackoverflow/SQLStorm/7171.sql  (run_id 413635EE05F8EE0E)
  ok
[2219/11794] queries/stackoverflow/SQLStorm/2788.sql  (run_id 9A47A34ADBE2D190)
  ok
[2220/11794] queries/stackoverflow/SQLStorm/29091.sql  (run_id F8D6B7FDA672B933)
  ok
[2221/11794] queries/stackoverflow/SQLStorm/24855.sql  (run_id 2201C5758B48467E)
  ok
[2222/11794] queries/stackoverflow/SQLStorm/29008.sql  (run_id 2546E8039B848DE3)
  ok
[2223/11794] queries/stackoverflow/SQLStorm/18487.sql  (run_id 7DA7267FCC10AEB5)
  ok
[2224/11794] queries/stackoverflow/SQLStorm/10488.sql  (run_id FBD5084FBC862B75)
  ok
[2225/11794] queries/stackoverflow/SQLStorm/14268.sql  (run_id 2266A83A271D4EAE)
  ok
[2226/11794] queries/stackoverflow/SQLStorm/2243.sql  (run_id E03EC8084FBEB085)
  ok
[2227/11794] queries/stackoverflow/SQLStorm/21.sql  (run_id 4BD9D788D412F05C)
  ok
[2228/11794] queries/stackoverflow/SQLStorm/11482.sql  (run_id ABB40E7035117ED7)
  ok
[2229/11794] queries/stackoverflow/SQLStorm/18054.sql  (run_id 30BD9B7B098AAFAA)
  ok
[2230/11794] queries/stackoverflow/SQLStorm/14252.sql  (run_id 06B580B07B2B025B)
  ok
[2231/11794] queries/stackoverflow/SQLStorm/16778.sql  (run_id 064E52EAFBAC9233)
  ok
[2232/11794] queries/stackoverflow/SQLStorm/15386.sql  (run_id 1B3E60C718D40234)
  ok
[2233/11794] queries/stackoverflow/SQLStorm/5719.sql  (run_id 31EA220DB9A074B6)
  ok
[2234/11794] queries/stackoverflow/SQLStorm/12811.sql  (run_id 3A09374E8934668D)
  ok
[2235/11794] queries/stackoverflow/SQLStorm/17982.sql  (run_id 08B11A0E1397C66F)
  ok
[2236/11794] queries/stackoverflow/SQLStorm/26142.sql  (run_id A7BE0C30582714A7)
  ok
[2237/11794] queries/stackoverflow/SQLStorm/15847.sql  (run_id 77803705276AE6FB)
  ok
[2238/11794] queries/stackoverflow/SQLStorm/19226.sql  (run_id 8693E0ED91A4D50B)
  ok
[2239/11794] queries/stackoverflow/SQLStorm/3676.sql  (run_id 94C4364A7752470A)
  ok
[2240/11794] queries/stackoverflow/SQLStorm/6464.sql  (run_id CB0F57D29DD43C8C)
  ok
[2241/11794] queries/stackoverflow/SQLStorm/27775.sql  (run_id F00CD7D2CEF2E9BF)
  ok
[2242/11794] queries/stackoverflow/SQLStorm/19433.sql  (run_id C176236EB94B8CC7)
  ok
[2243/11794] queries/stackoverflow/SQLStorm/16917.sql  (run_id A15BB8FBB05CE5F3)
  ok
[2244/11794] queries/stackoverflow/SQLStorm/33051.sql  (run_id 03BB090220DFCB72)
  ok
[2245/11794] queries/stackoverflow/SQLStorm/15980.sql  (run_id 46350470B2B91EDA)
  ok
[2246/11794] queries/stackoverflow/SQLStorm/3839.sql  (run_id 0D5C1CF7CEFB5127)
  ok
[2247/11794] queries/stackoverflow/SQLStorm/2603.sql  (run_id B6B800F17B71BAA6)
  ok
[2248/11794] queries/stackoverflow/SQLStorm/16865.sql  (run_id E2AF4E719924E575)
  ok
[2249/11794] queries/stackoverflow/SQLStorm/3743.sql  (run_id CE0CAEA59C863E72)
  ok
[2250/11794] queries/stackoverflow/SQLStorm/14337.sql  (run_id 275BFE969B601097)
  ok
[2251/11794] queries/stackoverflow/SQLStorm/19282.sql  (run_id F7B823756D38E43E)
  ok
[2252/11794] queries/stackoverflow/SQLStorm/12018.sql  (run_id 2F67AAF0CC97F18D)
  ok
[2253/11794] queries/stackoverflow/SQLStorm/643.sql  (run_id 9EB0179B7BE5EF80)
  ok
[2254/11794] queries/stackoverflow/SQLStorm/16322.sql  (run_id 480DD6F507F2960F)
  ok
[2255/11794] queries/stackoverflow/SQLStorm/14102.sql  (run_id 93CD0753CE050E2A)
  ok
[2256/11794] queries/stackoverflow/SQLStorm/22677.sql  (run_id 46F70051C4ECAFC9)
  ok
[2257/11794] queries/stackoverflow/SQLStorm/16965.sql  (run_id 3E91E3897A0B4D0B)
  ok
[2258/11794] queries/stackoverflow/SQLStorm/19621.sql  (run_id 9AAA344BA9DD922E)
  ok
[2259/11794] queries/stackoverflow/SQLStorm/12864.sql  (run_id C22E987BFEC62F1A)
  ok
[2260/11794] queries/stackoverflow/SQLStorm/17150.sql  (run_id 6E9D9EF7456192E1)
  ok
[2261/11794] queries/stackoverflow/SQLStorm/21085.sql  (run_id 22DE7A72875B8CE8)
  ok
[2262/11794] queries/stackoverflow/SQLStorm/11527.sql  (run_id E65293E0F9393EE8)
  ok
[2263/11794] queries/stackoverflow/SQLStorm/12266.sql  (run_id 1ED1973401430BA9)
  ok
[2264/11794] queries/stackoverflow/SQLStorm/20596.sql  (run_id F7C1BD9D8C65CB35)
  ok
[2265/11794] queries/stackoverflow/SQLStorm/5814.sql  (run_id CB41A94F9AE3FA1B)
  ok
[2266/11794] queries/stackoverflow/SQLStorm/14101.sql  (run_id 3F040E6BFB84C4E5)
  ok
[2267/11794] queries/stackoverflow/SQLStorm/16421.sql  (run_id 04CB76B71B465BF1)
  ok
[2268/11794] queries/stackoverflow/SQLStorm/10182.sql  (run_id BC065AD094AB8FCB)
  ok
[2269/11794] queries/stackoverflow/SQLStorm/15165.sql  (run_id DBEC90F7621D48AD)
  ok
[2270/11794] queries/stackoverflow/SQLStorm/31678.sql  (run_id FD5EB2CC77D2CB8D)
  ok
[2271/11794] queries/stackoverflow/SQLStorm/17266.sql  (run_id E5D046D486B763E2)
  ok
[2272/11794] queries/stackoverflow/SQLStorm/16021.sql  (run_id 7017B8CFF114ADBD)
  ok
[2273/11794] queries/stackoverflow/SQLStorm/28597.sql  (run_id 347C46C13726E807)
  ok
[2274/11794] queries/stackoverflow/SQLStorm/2043.sql  (run_id 70F2FD0C4555D793)
  ok
[2275/11794] queries/stackoverflow/SQLStorm/18983.sql  (run_id AB1C69583C13E9FF)
  ok
[2276/11794] queries/stackoverflow/SQLStorm/15933.sql  (run_id 6216FF7385A96F35)
  ok
[2277/11794] queries/stackoverflow/SQLStorm/9184.sql  (run_id 4F2B8580FFBDB623)
  ok
[2278/11794] queries/stackoverflow/SQLStorm/27966.sql  (run_id 205F2F9F8E2ACCD2)
  ok
[2279/11794] queries/stackoverflow/SQLStorm/13616.sql  (run_id 1334B0EB5580F402)
  ok
[2280/11794] queries/stackoverflow/SQLStorm/21473.sql  (run_id 972451BFC71DB334)
  ok
[2281/11794] queries/stackoverflow/SQLStorm/11655.sql  (run_id 772544419E077BD1)
  ok
[2282/11794] queries/stackoverflow/SQLStorm/11500.sql  (run_id 0DB1C9A00BBA2BF4)
  ok
[2283/11794] queries/stackoverflow/SQLStorm/10936.sql  (run_id 82AD150092625ADA)
  ok
[2284/11794] queries/stackoverflow/SQLStorm/16532.sql  (run_id 8B15C99165D69E50)
  ok
[2285/11794] queries/stackoverflow/SQLStorm/7475.sql  (run_id 36FB4CE8A5FC0E28)
  ok
[2286/11794] queries/stackoverflow/SQLStorm/12428.sql  (run_id F2194F7B270E6383)
  ok
[2287/11794] queries/stackoverflow/SQLStorm/6136.sql  (run_id 821D610FA6E1A383)
  ok
[2288/11794] queries/stackoverflow/SQLStorm/13619.sql  (run_id 4501988F71AAAD99)
  ok
[2289/11794] queries/stackoverflow/SQLStorm/10367.sql  (run_id 5A66D6539032BBE9)
  ok
[2290/11794] queries/stackoverflow/SQLStorm/17145.sql  (run_id 39DCBA546A0A378E)
  ok
[2291/11794] queries/stackoverflow/SQLStorm/19236.sql  (run_id 45C5A53B96A89955)
  ok
[2292/11794] queries/stackoverflow/SQLStorm/9779.sql  (run_id 01D3DF5A6C831EAD)
  ok
[2293/11794] queries/stackoverflow/SQLStorm/5138.sql  (run_id CE14DA23A7E52AE1)
  ok
[2294/11794] queries/stackoverflow/SQLStorm/17411.sql  (run_id B8F7D6A1340D5A4A)
  ok
[2295/11794] queries/stackoverflow/SQLStorm/14644.sql  (run_id 5534D0BD414FC6B3)
  ok
[2296/11794] queries/stackoverflow/SQLStorm/13179.sql  (run_id F25387A66205D923)
  ok
[2297/11794] queries/stackoverflow/SQLStorm/19468.sql  (run_id E88DC8C4601F445B)
  ok
[2298/11794] queries/stackoverflow/SQLStorm/10069.sql  (run_id 65775384C456C6AB)
  ok
[2299/11794] queries/stackoverflow/SQLStorm/8248.sql  (run_id F536D248CC2EE3BD)
  ok
[2300/11794] queries/stackoverflow/SQLStorm/3132.sql  (run_id 71BACBED89BE4B59)
  ok
[2301/11794] queries/stackoverflow/SQLStorm/20450.sql  (run_id 57687A9D0CDC15BF)
  ok
[2302/11794] queries/stackoverflow/SQLStorm/15931.sql  (run_id E82A43A788A11B9F)
  ok
[2303/11794] queries/stackoverflow/SQLStorm/8988.sql  (run_id B7BF7E1FB17E032B)
  ok
[2304/11794] queries/stackoverflow/SQLStorm/18422.sql  (run_id D32A868E14E083D4)
  ok
[2305/11794] queries/stackoverflow/SQLStorm/12474.sql  (run_id F097BF07863D757F)
  ok
[2306/11794] queries/stackoverflow/SQLStorm/34851.sql  (run_id A15983D7D9E1C43B)
  ok
[2307/11794] queries/stackoverflow/SQLStorm/16983.sql  (run_id EFE909A1D247EE51)
  ok
[2308/11794] queries/stackoverflow/SQLStorm/24667.sql  (run_id 7D43B69409ECA127)
  ok
[2309/11794] queries/stackoverflow/SQLStorm/18709.sql  (run_id 9C1CCA11F0FAD061)
  ok
[2310/11794] queries/stackoverflow/SQLStorm/19196.sql  (run_id B617B08EC62E55B6)
  ok
[2311/11794] queries/stackoverflow/SQLStorm/16636.sql  (run_id CFD393BD7C9A2E4D)
  ok
[2312/11794] queries/stackoverflow/SQLStorm/1692.sql  (run_id 79A26BC312FBD28C)
  ok
[2313/11794] queries/stackoverflow/SQLStorm/23319.sql  (run_id 1B8A8758E27C37FC)
  ok
[2314/11794] queries/stackoverflow/SQLStorm/6865.sql  (run_id 9BEC12340F5651B9)
  ok
[2315/11794] queries/stackoverflow/SQLStorm/11563.sql  (run_id 65BBE8478F3A7B85)
  ok
[2316/11794] queries/stackoverflow/SQLStorm/16757.sql  (run_id DF1E6CAD9C69E5EB)
  ok
[2317/11794] queries/stackoverflow/SQLStorm/8017.sql  (run_id AF0DE3EBA1B0F895)
  ok
[2318/11794] queries/stackoverflow/SQLStorm/5822.sql  (run_id 332C4D0A30B430AC)
  ok
[2319/11794] queries/stackoverflow/SQLStorm/15634.sql  (run_id AF62D4A6BD57C527)
  ok
[2320/11794] queries/stackoverflow/SQLStorm/16469.sql  (run_id FA27C76FCF371868)
  ok
[2321/11794] queries/stackoverflow/SQLStorm/16849.sql  (run_id 61E2CFAED581E88C)
  ok
[2322/11794] queries/stackoverflow/SQLStorm/15050.sql  (run_id C1912D3FDF7AD119)
  ok
[2323/11794] queries/stackoverflow/SQLStorm/17171.sql  (run_id 6AF7C528241CAABE)
  ok
[2324/11794] queries/stackoverflow/SQLStorm/24526.sql  (run_id 9FDFA898DDFA77C3)
  ok
[2325/11794] queries/stackoverflow/SQLStorm/1274.sql  (run_id CE9D5289A1DD9283)
  ok
[2326/11794] queries/stackoverflow/SQLStorm/4925.sql  (run_id 528F49F49CFDD2F3)
  ok
[2327/11794] queries/stackoverflow/SQLStorm/2557.sql  (run_id F51C5E861F1C7BE5)
  ok
[2328/11794] queries/stackoverflow/SQLStorm/16482.sql  (run_id C51553DC936F60DF)
  ok
[2329/11794] queries/stackoverflow/SQLStorm/19679.sql  (run_id 8549F4C0DA5A0B82)
  ok
[2330/11794] queries/stackoverflow/SQLStorm/14528.sql  (run_id 0C6BF573D96791AE)
  ok
[2331/11794] queries/stackoverflow/SQLStorm/13773.sql  (run_id 3C63F61D0B103BFF)
  ok
[2332/11794] queries/stackoverflow/SQLStorm/10334.sql  (run_id 47ABB033C2E83325)
  ok
[2333/11794] queries/stackoverflow/SQLStorm/22416.sql  (run_id CFA8B99A064133A8)
  ok
[2334/11794] queries/stackoverflow/SQLStorm/28516.sql  (run_id 1462C63CC9998E6A)
  ok
[2335/11794] queries/stackoverflow/SQLStorm/11082.sql  (run_id 64BE20D11F306EE5)
  ok
[2336/11794] queries/stackoverflow/SQLStorm/19546.sql  (run_id 73DBAC3192209FA7)
  ok
[2337/11794] queries/stackoverflow/SQLStorm/16765.sql  (run_id D3E080BB9EB6043E)
  ok
[2338/11794] queries/stackoverflow/SQLStorm/13527.sql  (run_id 698C335D66143DD6)
  ok
[2339/11794] queries/stackoverflow/SQLStorm/7204.sql  (run_id 71AAA60B21833F73)
  ok
[2340/11794] queries/stackoverflow/SQLStorm/18634.sql  (run_id 97E2D75A45B9C002)
  ok
[2341/11794] queries/stackoverflow/SQLStorm/10016.sql  (run_id 7A430F7DCC27570B)
  ok
[2342/11794] queries/stackoverflow/SQLStorm/5690.sql  (run_id 1E3549D79353D847)
  ok
[2343/11794] queries/stackoverflow/SQLStorm/17064.sql  (run_id 98BDBE25F4692F2F)
  ok
[2344/11794] queries/stackoverflow/SQLStorm/27030.sql  (run_id D1A4819793697C67)
  ok
[2345/11794] queries/stackoverflow/SQLStorm/10900.sql  (run_id 63A9F5C2776D34E1)
  ok
[2346/11794] queries/stackoverflow/SQLStorm/6722.sql  (run_id 211EFED44A71E9E8)
  ok
[2347/11794] queries/stackoverflow/SQLStorm/23574.sql  (run_id 281400383D4EA435)
  ok
[2348/11794] queries/stackoverflow/SQLStorm/10272.sql  (run_id 602FC547D2FB4CAC)
  ok
[2349/11794] queries/stackoverflow/SQLStorm/452.sql  (run_id B22EA2F0C2FE8F26)
  ok
[2350/11794] queries/stackoverflow/SQLStorm/8914.sql  (run_id 50A3330560AB4E03)
  ok
[2351/11794] queries/stackoverflow/SQLStorm/31932.sql  (run_id 7C8C8E02689330FE)
  ok
[2352/11794] queries/stackoverflow/SQLStorm/10060.sql  (run_id 6091F0C801FD382F)
  ok
[2353/11794] queries/stackoverflow/SQLStorm/25445.sql  (run_id E1DD69780EC00D3A)
  ok
[2354/11794] queries/stackoverflow/SQLStorm/4775.sql  (run_id E39BF7A4DCBF7B18)
  ok
[2355/11794] queries/stackoverflow/SQLStorm/11607.sql  (run_id BDBA44724BB5042D)
  ok
[2356/11794] queries/stackoverflow/SQLStorm/11786.sql  (run_id 7ADD7E2342B6C6E4)
  ok
[2357/11794] queries/stackoverflow/SQLStorm/15490.sql  (run_id 244421C0EF234AF6)
  ok
[2358/11794] queries/stackoverflow/SQLStorm/6873.sql  (run_id 8209D546FA4FECE8)
  ok
[2359/11794] queries/stackoverflow/SQLStorm/16633.sql  (run_id 5D11B763ED7ED9FF)
  ok
[2360/11794] queries/stackoverflow/SQLStorm/19973.sql  (run_id 16F2053BDB0ADC5A)
  ok
[2361/11794] queries/stackoverflow/SQLStorm/2670.sql  (run_id 91D5C31B694E70CC)
  ok
[2362/11794] queries/stackoverflow/SQLStorm/16138.sql  (run_id CCA86A1348DF88C7)
  ok
[2363/11794] queries/stackoverflow/SQLStorm/5016.sql  (run_id 4A788BDEF4DF70C7)
  ok
[2364/11794] queries/stackoverflow/SQLStorm/2865.sql  (run_id BC483C2C067739BD)
  ok
[2365/11794] queries/stackoverflow/SQLStorm/7109.sql  (run_id A958AFBD2A1C8532)
  ok
[2366/11794] queries/stackoverflow/SQLStorm/8473.sql  (run_id E4CE097094F84710)
  ok
[2367/11794] queries/stackoverflow/SQLStorm/19266.sql  (run_id 9C223787AF0BE09B)
  ok
[2368/11794] queries/stackoverflow/SQLStorm/3478.sql  (run_id 7D0B138D812FCDFA)
  ok
[2369/11794] queries/stackoverflow/SQLStorm/17866.sql  (run_id 8171B6654A0AF093)
  ok
[2370/11794] queries/stackoverflow/SQLStorm/32928.sql  (run_id 3C8D4E1337A1A1A7)
  ok
[2371/11794] queries/stackoverflow/SQLStorm/8775.sql  (run_id 0AA538186CC5A6C5)
  ok
[2372/11794] queries/stackoverflow/SQLStorm/5906.sql  (run_id 1A579F5548587951)
  ok
[2373/11794] queries/stackoverflow/SQLStorm/17346.sql  (run_id 2E4F9423F4995757)
  ok
[2374/11794] queries/stackoverflow/SQLStorm/18545.sql  (run_id 9BA21A3EB0630518)
  ok
[2375/11794] queries/stackoverflow/SQLStorm/30832.sql  (run_id 50475D5B5D648831)
  ok
[2376/11794] queries/stackoverflow/SQLStorm/16452.sql  (run_id 705BBF5051A71519)
  ok
[2377/11794] queries/stackoverflow/SQLStorm/28110.sql  (run_id D4821C1E40C579A9)
  ok
[2378/11794] queries/stackoverflow/SQLStorm/12675.sql  (run_id A3B454B2350B7265)
  ok
[2379/11794] queries/stackoverflow/SQLStorm/8902.sql  (run_id 41821344F2BC0256)
  ok
[2380/11794] queries/stackoverflow/SQLStorm/2139.sql  (run_id 9A73F9EB70E43E19)
  ok
[2381/11794] queries/stackoverflow/SQLStorm/5063.sql  (run_id A1AC11BC05ADA26E)
  ok
[2382/11794] queries/stackoverflow/SQLStorm/19404.sql  (run_id F028BDC06C607B8F)
  ok
[2383/11794] queries/stackoverflow/SQLStorm/13313.sql  (run_id 90EB925B50D7EEE9)
  ok
[2384/11794] queries/stackoverflow/SQLStorm/4721.sql  (run_id 4B66D2FA84A48654)
  ok
[2385/11794] queries/stackoverflow/SQLStorm/15390.sql  (run_id 3F27CE6D151E1238)
  ok
[2386/11794] queries/stackoverflow/SQLStorm/16943.sql  (run_id 46146729DA44B607)
  ok
[2387/11794] queries/stackoverflow/SQLStorm/10679.sql  (run_id 67F16F232FE74580)
  ok
[2388/11794] queries/stackoverflow/SQLStorm/19526.sql  (run_id DDE4631FB814D5CF)
  ok
[2389/11794] queries/stackoverflow/SQLStorm/33090.sql  (run_id E5C9DD97DEAA3A52)
  ok
[2390/11794] queries/stackoverflow/SQLStorm/23128.sql  (run_id 9628964556F28C49)
  ok
[2391/11794] queries/stackoverflow/SQLStorm/17417.sql  (run_id 0054E3F59845EA09)
  ok
[2392/11794] queries/stackoverflow/SQLStorm/30947.sql  (run_id 1C4C3124163B8C8C)
  ok
[2393/11794] queries/stackoverflow/SQLStorm/23975.sql  (run_id 7F849029C278C4EC)
  ok
[2394/11794] queries/stackoverflow/SQLStorm/10835.sql  (run_id 7DA1A98578ADB579)
  ok
[2395/11794] queries/stackoverflow/SQLStorm/12520.sql  (run_id 70DB392BB6EFA199)
  ok
[2396/11794] queries/stackoverflow/SQLStorm/8648.sql  (run_id 0C9096B42DEF4C5A)
  ok
[2397/11794] queries/stackoverflow/SQLStorm/16411.sql  (run_id DFFC1CDEBABAD8A6)
  ok
[2398/11794] queries/stackoverflow/SQLStorm/5239.sql  (run_id 7D8FC470416D4DE9)
  ok
[2399/11794] queries/stackoverflow/SQLStorm/17706.sql  (run_id 57F88DC592A9ECEA)
  ok
[2400/11794] queries/stackoverflow/SQLStorm/3684.sql  (run_id 900CD3FF5425CAA3)
  ok
[2401/11794] queries/stackoverflow/SQLStorm/5529.sql  (run_id 7742902E25B376E8)
  ok
[2402/11794] queries/stackoverflow/SQLStorm/6655.sql  (run_id 9D0E3900E3374534)
  ok
[2403/11794] queries/stackoverflow/SQLStorm/10415.sql  (run_id BFAFB8695C28F8D2)
  ok
[2404/11794] queries/stackoverflow/SQLStorm/7367.sql  (run_id F3155B18CBBCA831)
  ok
[2405/11794] queries/stackoverflow/SQLStorm/7614.sql  (run_id D00D365203940678)
  ok
[2406/11794] queries/stackoverflow/SQLStorm/5105.sql  (run_id 6FE8DFC4C0A9C697)
  ok
[2407/11794] queries/stackoverflow/SQLStorm/10030.sql  (run_id FD427B1060413AA0)
  ok
[2408/11794] queries/stackoverflow/SQLStorm/9419.sql  (run_id A383C0C8D7DBD17C)
  ok
[2409/11794] queries/stackoverflow/SQLStorm/12396.sql  (run_id CBF7B5B8F8B8CB09)
  ok
[2410/11794] queries/stackoverflow/SQLStorm/13921.sql  (run_id FF5BB5B100AB8CCE)
  ok
[2411/11794] queries/stackoverflow/SQLStorm/18081.sql  (run_id ABB6B989AC6AC92C)
  ok
[2412/11794] queries/stackoverflow/SQLStorm/25032.sql  (run_id 197E2DF2559EE575)
  ok
[2413/11794] queries/stackoverflow/SQLStorm/11462.sql  (run_id 6E9077BB75BC466F)
  ok
[2414/11794] queries/stackoverflow/SQLStorm/13216.sql  (run_id 4FD6B6A0E051FF29)
  ok
[2415/11794] queries/stackoverflow/SQLStorm/17161.sql  (run_id EC5336B34BCF8FAE)
  ok
[2416/11794] queries/stackoverflow/SQLStorm/13083.sql  (run_id 32355FDD91CB0E92)
  ok
[2417/11794] queries/stackoverflow/SQLStorm/13869.sql  (run_id FE6D397407845CFF)
  ok
[2418/11794] queries/stackoverflow/SQLStorm/19821.sql  (run_id 31BDE089D5E1B659)
  ok
[2419/11794] queries/stackoverflow/SQLStorm/27198.sql  (run_id 9838A6ECE9E47D3E)
  ok
[2420/11794] queries/stackoverflow/SQLStorm/16932.sql  (run_id 1B884F2056B6E61C)
  ok
[2421/11794] queries/stackoverflow/SQLStorm/7639.sql  (run_id 8AF4056C26C9523D)
  ok
[2422/11794] queries/stackoverflow/SQLStorm/14543.sql  (run_id 65C1308DBF93DF5D)
  ok
[2423/11794] queries/stackoverflow/SQLStorm/13436.sql  (run_id 3ECCFBF05B567CCB)
  ok
[2424/11794] queries/stackoverflow/SQLStorm/19195.sql  (run_id 7EEFDFBCCC9B55D6)
  ok
[2425/11794] queries/stackoverflow/SQLStorm/3924.sql  (run_id 56B97817FE7CC227)
  ok
[2426/11794] queries/stackoverflow/SQLStorm/17860.sql  (run_id 57E8982B48D5DDDB)
  ok
[2427/11794] queries/stackoverflow/SQLStorm/19846.sql  (run_id 9CC162D4C3B53262)
  ok
[2428/11794] queries/stackoverflow/SQLStorm/13949.sql  (run_id 40073DA5CE109EA4)
  ok
[2429/11794] queries/stackoverflow/SQLStorm/7915.sql  (run_id 8F3B70E86B6C6D6E)
  ok
[2430/11794] queries/stackoverflow/SQLStorm/7325.sql  (run_id 70B1BAB7286554C8)
  ok
[2431/11794] queries/stackoverflow/SQLStorm/14200.sql  (run_id 1C49335D0ABF1B37)
  ok
[2432/11794] queries/stackoverflow/SQLStorm/19235.sql  (run_id 56EC70C8FCB65324)
  ok
[2433/11794] queries/stackoverflow/SQLStorm/13732.sql  (run_id 787EA7AE9176E8E2)
  ok
[2434/11794] queries/stackoverflow/SQLStorm/15503.sql  (run_id B268336CB8A98C92)
  ok
[2435/11794] queries/stackoverflow/SQLStorm/16309.sql  (run_id 9789B764BCEAB871)
  ok
[2436/11794] queries/stackoverflow/SQLStorm/12755.sql  (run_id 35878A872B681223)
  ok
[2437/11794] queries/stackoverflow/SQLStorm/7447.sql  (run_id F5A0F9E83D55B753)
  ok
[2438/11794] queries/stackoverflow/SQLStorm/17792.sql  (run_id D4212E801EB5C981)
  ok
[2439/11794] queries/stackoverflow/SQLStorm/7372.sql  (run_id 3BDFA63A3A874792)
  ok
[2440/11794] queries/stackoverflow/SQLStorm/12783.sql  (run_id 06ED745EFD6E6864)
  ok
[2441/11794] queries/stackoverflow/SQLStorm/3417.sql  (run_id 52EE7A0C98C1D934)
  ok
[2442/11794] queries/stackoverflow/SQLStorm/12267.sql  (run_id 831A25E8719EA9BF)
  ok
[2443/11794] queries/stackoverflow/SQLStorm/17540.sql  (run_id 1238552705FBAF54)
  ok
[2444/11794] queries/stackoverflow/SQLStorm/11004.sql  (run_id ABE7A20ABE344BC5)
  ok
[2445/11794] queries/stackoverflow/SQLStorm/17190.sql  (run_id 32332B15034E68E3)
  ok
[2446/11794] queries/stackoverflow/SQLStorm/19966.sql  (run_id 3B058358A0E18288)
  ok
[2447/11794] queries/stackoverflow/SQLStorm/7898.sql  (run_id 93A82935A549E1D9)
  ok
[2448/11794] queries/stackoverflow/SQLStorm/1120.sql  (run_id AB5E9A1DEB781D4D)
  ok
[2449/11794] queries/stackoverflow/SQLStorm/28157.sql  (run_id 4F2671175E07087E)
  ok
[2450/11794] queries/stackoverflow/SQLStorm/16701.sql  (run_id 72030B9A37816356)
  ok
[2451/11794] queries/stackoverflow/SQLStorm/5130.sql  (run_id AEEDF524F9FF0388)
  ok
[2452/11794] queries/stackoverflow/SQLStorm/15805.sql  (run_id 60AEB6B2AE2973F4)
  ok
[2453/11794] queries/stackoverflow/SQLStorm/15254.sql  (run_id 1BC8F5861DD64502)
  ok
[2454/11794] queries/stackoverflow/SQLStorm/14193.sql  (run_id 67C056D9E6E3AB57)
  ok
[2455/11794] queries/stackoverflow/SQLStorm/7044.sql  (run_id F691DE2BCA521317)
  ok
[2456/11794] queries/stackoverflow/SQLStorm/15139.sql  (run_id BDD9179883D9BAE0)
  ok
[2457/11794] queries/stackoverflow/SQLStorm/24008.sql  (run_id BD51B128274B0613)
  ok
[2458/11794] queries/stackoverflow/SQLStorm/963.sql  (run_id 5570F74B0BB8C80B)
  ok
[2459/11794] queries/stackoverflow/SQLStorm/18681.sql  (run_id 4BC9ED03444E2640)
  ok
[2460/11794] queries/stackoverflow/SQLStorm/6832.sql  (run_id DA270FE15EC4388D)
  ok
[2461/11794] queries/stackoverflow/SQLStorm/23713.sql  (run_id 328CEB46E95C57C9)
  ok
[2462/11794] queries/stackoverflow/SQLStorm/28886.sql  (run_id 6F7E04A3E71A2F96)
  ok
[2463/11794] queries/stackoverflow/SQLStorm/28664.sql  (run_id 1FAC03A949B9CF7C)
  ok
[2464/11794] queries/stackoverflow/SQLStorm/12594.sql  (run_id 3F0416DA4EDD817F)
  ok
[2465/11794] queries/stackoverflow/SQLStorm/440.sql  (run_id 01A7E0FB3467BB83)
  ok
[2466/11794] queries/stackoverflow/SQLStorm/23955.sql  (run_id 5F41AF80A922AD09)
  ok
[2467/11794] queries/stackoverflow/SQLStorm/16310.sql  (run_id B28FA682656AF586)
  ok
[2468/11794] queries/stackoverflow/SQLStorm/8645.sql  (run_id F6429512A6CF6ED2)
  ok
[2469/11794] queries/stackoverflow/SQLStorm/5582.sql  (run_id F0FE1DA2FFC4CF4F)
  ok
[2470/11794] queries/stackoverflow/SQLStorm/15710.sql  (run_id D99DB89CA7ABCFDC)
  ok
[2471/11794] queries/stackoverflow/SQLStorm/1222.sql  (run_id 2A2CB171EBCADBF4)
  ok
[2472/11794] queries/stackoverflow/SQLStorm/9834.sql  (run_id 1140A963353AA652)
  ok
[2473/11794] queries/stackoverflow/SQLStorm/33167.sql  (run_id EFBE83A556CC25F3)
  ok
[2474/11794] queries/stackoverflow/SQLStorm/10840.sql  (run_id CBE952AE62DD972E)
  ok
[2475/11794] queries/stackoverflow/SQLStorm/26306.sql  (run_id E0AA98217E2A8185)
  ok
[2476/11794] queries/stackoverflow/SQLStorm/18166.sql  (run_id 5F692CF0C5B2B286)
  ok
[2477/11794] queries/stackoverflow/SQLStorm/2112.sql  (run_id 8400A252632A192B)
  ok
[2478/11794] queries/stackoverflow/SQLStorm/9584.sql  (run_id 4B95C65E1013D3C5)
  ok
[2479/11794] queries/stackoverflow/SQLStorm/6365.sql  (run_id 3580073F6DD40B8F)
  ok
[2480/11794] queries/stackoverflow/SQLStorm/14715.sql  (run_id A12B4F021F628474)
  ok
[2481/11794] queries/stackoverflow/SQLStorm/3777.sql  (run_id C755498467CACFFE)
  ok
[2482/11794] queries/stackoverflow/SQLStorm/11099.sql  (run_id 986418F55E64160C)
  ok
[2483/11794] queries/stackoverflow/SQLStorm/11608.sql  (run_id B5F808767B00FDF9)
  ok
[2484/11794] queries/stackoverflow/SQLStorm/28584.sql  (run_id 0268837F30BF5946)
  ok
[2485/11794] queries/stackoverflow/SQLStorm/17294.sql  (run_id 83847029283703FD)
  ok
[2486/11794] queries/stackoverflow/SQLStorm/10643.sql  (run_id 021C01DA26C52609)
  ok
[2487/11794] queries/stackoverflow/SQLStorm/13114.sql  (run_id CB672489111F256C)
  ok
[2488/11794] queries/stackoverflow/SQLStorm/17235.sql  (run_id D20D738CFD40B4F0)
  ok
[2489/11794] queries/stackoverflow/SQLStorm/5214.sql  (run_id 6009EB1EEAA9E33B)
  ok
[2490/11794] queries/stackoverflow/SQLStorm/11631.sql  (run_id B7DFB80E093246A5)
  ok
[2491/11794] queries/stackoverflow/SQLStorm/14428.sql  (run_id FF520C81003593FA)
  ok
[2492/11794] queries/stackoverflow/SQLStorm/12953.sql  (run_id FE30142167192DAA)
  ok
[2493/11794] queries/stackoverflow/SQLStorm/10768.sql  (run_id 3CAA38E09EA391D7)
  ok
[2494/11794] queries/stackoverflow/SQLStorm/1867.sql  (run_id 11192247E3D38462)
  ok
[2495/11794] queries/stackoverflow/SQLStorm/22611.sql  (run_id 20DF1B0CCD05E0ED)
  ok
[2496/11794] queries/stackoverflow/SQLStorm/30114.sql  (run_id E68F0A5F08A77FED)
  ok
[2497/11794] queries/stackoverflow/SQLStorm/23241.sql  (run_id 34FC1EFBEBFBEE28)
  ok
[2498/11794] queries/stackoverflow/SQLStorm/34933.sql  (run_id DFE243EFFD18E0EA)
  ok
[2499/11794] queries/stackoverflow/SQLStorm/15018.sql  (run_id 6D33177E31E9A65F)
  ok
[2500/11794] queries/stackoverflow/SQLStorm/16804.sql  (run_id C69CD9FACBED9EFB)
  ok
[2501/11794] queries/stackoverflow/SQLStorm/12742.sql  (run_id 349D1D865D40D3A7)
  ok
[2502/11794] queries/stackoverflow/SQLStorm/10418.sql  (run_id 65537F7E9A6F5776)
  ok
[2503/11794] queries/stackoverflow/SQLStorm/16024.sql  (run_id CFF297E21E21B17C)
  ok
[2504/11794] queries/stackoverflow/SQLStorm/10926.sql  (run_id 7F5B644F4A72879B)
  ok
[2505/11794] queries/stackoverflow/SQLStorm/18177.sql  (run_id 559F0E613FD12D92)
  ok
[2506/11794] queries/stackoverflow/SQLStorm/18229.sql  (run_id EA05050C8E0EE0D5)
  ok
[2507/11794] queries/stackoverflow/SQLStorm/16759.sql  (run_id 4AFD1D9CE6422316)
  ok
[2508/11794] queries/stackoverflow/SQLStorm/33254.sql  (run_id 97545CAE03E7B6A2)
  ok
[2509/11794] queries/stackoverflow/SQLStorm/26683.sql  (run_id 133EF47A2CB6313A)
  ok
[2510/11794] queries/stackoverflow/SQLStorm/18835.sql  (run_id E4C633498B495E4D)
  ok
[2511/11794] queries/stackoverflow/SQLStorm/6212.sql  (run_id 00FC8C2F7FB36128)
  ok
[2512/11794] queries/stackoverflow/SQLStorm/1379.sql  (run_id A8F1C79BE5D6F6D6)
  ok
[2513/11794] queries/stackoverflow/SQLStorm/6765.sql  (run_id D3056427B7E2E820)
  ok
[2514/11794] queries/stackoverflow/SQLStorm/5004.sql  (run_id 8E13B56F594421BE)
  ok
[2515/11794] queries/stackoverflow/SQLStorm/33470.sql  (run_id 0CBA0FA8C92E5B89)
  ok
[2516/11794] queries/stackoverflow/SQLStorm/5506.sql  (run_id 52E9588C23AE17C0)
  ok
[2517/11794] queries/stackoverflow/SQLStorm/24277.sql  (run_id 6E9A9D58EAF203FB)
  ok
[2518/11794] queries/stackoverflow/SQLStorm/13588.sql  (run_id 2538FE493B288A42)
  ok
[2519/11794] queries/stackoverflow/SQLStorm/6303.sql  (run_id 374B1078946FAF95)
  ok
[2520/11794] queries/stackoverflow/SQLStorm/22619.sql  (run_id 044CB2C30ED00AF2)
  ok
[2521/11794] queries/stackoverflow/SQLStorm/30785.sql  (run_id D74A55254A37F9D5)
  ok
[2522/11794] queries/stackoverflow/SQLStorm/6598.sql  (run_id DA4ABFA5C0D043F5)
  ok
[2523/11794] queries/stackoverflow/SQLStorm/4025.sql  (run_id 99368F15383E55D4)
  ok
[2524/11794] queries/stackoverflow/SQLStorm/18036.sql  (run_id 5196CE8A217F17C5)
  ok
[2525/11794] queries/stackoverflow/SQLStorm/16282.sql  (run_id 42F08DDF94183D36)
  ok
[2526/11794] queries/stackoverflow/SQLStorm/15138.sql  (run_id 9D822C5212B88B06)
  ok
[2527/11794] queries/stackoverflow/SQLStorm/17605.sql  (run_id 6ADB528EFFFDE99E)
  ok
[2528/11794] queries/stackoverflow/SQLStorm/3766.sql  (run_id C08B8B5A3D6A9E31)
  ok
[2529/11794] queries/stackoverflow/SQLStorm/22898.sql  (run_id C56EC2B2E3AFF593)
  ok
[2530/11794] queries/stackoverflow/SQLStorm/11823.sql  (run_id 22456B6DCF3C6EDA)
  ok
[2531/11794] queries/stackoverflow/SQLStorm/30026.sql  (run_id 02938A3A3E249E26)
  ok
[2532/11794] queries/stackoverflow/SQLStorm/23780.sql  (run_id 006A156A18124AAB)
  ok
[2533/11794] queries/stackoverflow/SQLStorm/29768.sql  (run_id 62CCFD7D2FD312DA)
  ok
[2534/11794] queries/stackoverflow/SQLStorm/9744.sql  (run_id BB6772E47642A51C)
  ok
[2535/11794] queries/stackoverflow/SQLStorm/4768.sql  (run_id 7ACE30A04DC583E5)
  ok
[2536/11794] queries/stackoverflow/SQLStorm/23059.sql  (run_id 788E05BEE482EF60)
  ok
[2537/11794] queries/stackoverflow/SQLStorm/6469.sql  (run_id 3055F03A679CCAEF)
  ok
[2538/11794] queries/stackoverflow/SQLStorm/16736.sql  (run_id EF75859D7757D439)
  ok
[2539/11794] queries/stackoverflow/SQLStorm/27786.sql  (run_id 82DB613BAB0AD6F0)
  ok
[2540/11794] queries/stackoverflow/SQLStorm/15306.sql  (run_id B9E5F94F5D74E64D)
  ok
[2541/11794] queries/stackoverflow/SQLStorm/8270.sql  (run_id C6D9233A26AC674C)
  ok
[2542/11794] queries/stackoverflow/SQLStorm/16407.sql  (run_id 3496A44C57185309)
  ok
[2543/11794] queries/stackoverflow/SQLStorm/11155.sql  (run_id D1FAEDB3BD067439)
  ok
[2544/11794] queries/stackoverflow/SQLStorm/21241.sql  (run_id 3E1EC9D541211424)
  ok
[2545/11794] queries/stackoverflow/SQLStorm/25458.sql  (run_id 83C675E4590D3D7A)
  ok
[2546/11794] queries/stackoverflow/SQLStorm/18838.sql  (run_id 84797C762703FE42)
  ok
[2547/11794] queries/stackoverflow/SQLStorm/32973.sql  (run_id 5750623249EFFE80)
  ok
[2548/11794] queries/stackoverflow/SQLStorm/17178.sql  (run_id 2E659382AB4031BA)
  ok
[2549/11794] queries/stackoverflow/SQLStorm/10177.sql  (run_id 064122F6E4FB059C)
  ok
[2550/11794] queries/stackoverflow/SQLStorm/27950.sql  (run_id 03A50D8CBF2011BC)
  ok
[2551/11794] queries/stackoverflow/SQLStorm/2543.sql  (run_id 38887AC5884E6CE3)
  ok
[2552/11794] queries/stackoverflow/SQLStorm/15843.sql  (run_id 3DC8D0C5A089DBD2)
  ok
[2553/11794] queries/stackoverflow/SQLStorm/16991.sql  (run_id 3AE3D03570D9ECA0)
  ok
[2554/11794] queries/stackoverflow/SQLStorm/292.sql  (run_id B60186285C1CDFAC)
  ok
[2555/11794] queries/stackoverflow/SQLStorm/14513.sql  (run_id 20FB6E49EA2C2B10)
  ok
[2556/11794] queries/stackoverflow/SQLStorm/18965.sql  (run_id AC21C604C56B1B1D)
  ok
[2557/11794] queries/stackoverflow/SQLStorm/19958.sql  (run_id 6738B32278B89800)
  ok
[2558/11794] queries/stackoverflow/SQLStorm/30141.sql  (run_id 003FF62FD9AD832A)
  ok
[2559/11794] queries/stackoverflow/SQLStorm/1771.sql  (run_id 03A75360D29E7785)
  ok
[2560/11794] queries/stackoverflow/SQLStorm/4705.sql  (run_id C2034A43B6B4929C)
  ok
[2561/11794] queries/stackoverflow/SQLStorm/20416.sql  (run_id AA61826BF46ACEEC)
  ok
[2562/11794] queries/stackoverflow/SQLStorm/17351.sql  (run_id 6DBF8BFF1EF8EE2E)
  ok
[2563/11794] queries/stackoverflow/SQLStorm/18414.sql  (run_id 4297BB4172DA3A9C)
  ok
[2564/11794] queries/stackoverflow/SQLStorm/16135.sql  (run_id 24770B14F291A36E)
  ok
[2565/11794] queries/stackoverflow/SQLStorm/12067.sql  (run_id B70D79198124596B)
  ok
[2566/11794] queries/stackoverflow/SQLStorm/5502.sql  (run_id C3DE367F502C2799)
  ok
[2567/11794] queries/stackoverflow/SQLStorm/13455.sql  (run_id 9B11EA110E0DE372)
  ok
[2568/11794] queries/stackoverflow/SQLStorm/18873.sql  (run_id CA01FD936B88E3B2)
  ok
[2569/11794] queries/stackoverflow/SQLStorm/33639.sql  (run_id 6D3A6AF17B8BB450)
  ok
[2570/11794] queries/stackoverflow/SQLStorm/11327.sql  (run_id 7C9455B7E9267E51)
  ok
[2571/11794] queries/stackoverflow/SQLStorm/13661.sql  (run_id 5B7378BD5E6B326F)
  ok
[2572/11794] queries/stackoverflow/SQLStorm/32329.sql  (run_id 450CFE13749E2237)
  ok
[2573/11794] queries/stackoverflow/SQLStorm/15636.sql  (run_id B9C50F8762E73973)
  ok
[2574/11794] queries/stackoverflow/SQLStorm/12210.sql  (run_id 18B45205C0DB0DE9)
  ok
[2575/11794] queries/stackoverflow/SQLStorm/8725.sql  (run_id FD948DBDC845400D)
  ok
[2576/11794] queries/stackoverflow/SQLStorm/11720.sql  (run_id 3B65035BCA33BAA9)
  ok
[2577/11794] queries/stackoverflow/SQLStorm/8981.sql  (run_id A3AD649096525F6F)
  ok
[2578/11794] queries/stackoverflow/SQLStorm/16862.sql  (run_id B4CD3E658484DDC9)
  ok
[2579/11794] queries/stackoverflow/SQLStorm/5619.sql  (run_id BE8667B510CC5962)
  ok
[2580/11794] queries/stackoverflow/SQLStorm/9039.sql  (run_id C5FBF0A1A809E7F8)
  ok
[2581/11794] queries/stackoverflow/SQLStorm/31432.sql  (run_id 97F26B594DF82DA5)
  ok
[2582/11794] queries/stackoverflow/SQLStorm/15807.sql  (run_id 482BBA617CB18EBA)
  ok
[2583/11794] queries/stackoverflow/SQLStorm/1282.sql  (run_id 666B7D11F2C69DFA)
  ok
[2584/11794] queries/stackoverflow/SQLStorm/11228.sql  (run_id B3A2A53101504151)
  ok
[2585/11794] queries/stackoverflow/SQLStorm/10313.sql  (run_id 3C60B117B0E7F591)
  ok
[2586/11794] queries/stackoverflow/SQLStorm/18101.sql  (run_id 5F791C31DA71B1D0)
  ok
[2587/11794] queries/stackoverflow/SQLStorm/3998.sql  (run_id E39ED019F9DA5C8E)
  ok
[2588/11794] queries/stackoverflow/SQLStorm/27839.sql  (run_id 98EC3309B36B2C98)
  ok
[2589/11794] queries/stackoverflow/SQLStorm/17007.sql  (run_id BEF450715166949A)
  ok
[2590/11794] queries/stackoverflow/SQLStorm/10631.sql  (run_id C10F769E7FFFDE38)
  ok
[2591/11794] queries/stackoverflow/SQLStorm/13845.sql  (run_id B0FE14B8690F01DD)
  ok
[2592/11794] queries/stackoverflow/SQLStorm/24602.sql  (run_id F42CCFEADAD3DFE8)
  ok
[2593/11794] queries/stackoverflow/SQLStorm/18221.sql  (run_id CF1A69A3F40394E7)
  ok
[2594/11794] queries/stackoverflow/SQLStorm/14465.sql  (run_id A0A957A0E309E994)
  ok
[2595/11794] queries/stackoverflow/SQLStorm/6812.sql  (run_id 43C4354C01B8AC0B)
  ok
[2596/11794] queries/stackoverflow/SQLStorm/11780.sql  (run_id D7E9F98608F121D7)
  ok
[2597/11794] queries/stackoverflow/SQLStorm/13960.sql  (run_id 0DC2D83B58C1FF04)
  ok
[2598/11794] queries/stackoverflow/SQLStorm/5343.sql  (run_id 6DC84C0FCD57DEC0)
  ok
[2599/11794] queries/stackoverflow/SQLStorm/21586.sql  (run_id 3A073D33C37ECD61)
  ok
[2600/11794] queries/stackoverflow/SQLStorm/17977.sql  (run_id 414D7C1E3A5B99FB)
  ok
[2601/11794] queries/stackoverflow/SQLStorm/15796.sql  (run_id FD836DCEC1A8F37B)
  ok
[2602/11794] queries/stackoverflow/SQLStorm/5973.sql  (run_id 4A06FA8B028C5CB1)
  ok
[2603/11794] queries/stackoverflow/SQLStorm/11628.sql  (run_id 3F4F139959EE0DD4)
  ok
[2604/11794] queries/stackoverflow/SQLStorm/3973.sql  (run_id 9624A9DD672BFE7F)
  ok
[2605/11794] queries/stackoverflow/SQLStorm/13053.sql  (run_id DA92D221A9A083F9)
  ok
[2606/11794] queries/stackoverflow/SQLStorm/10945.sql  (run_id BEDA0B26C718493C)
  ok
[2607/11794] queries/stackoverflow/SQLStorm/19373.sql  (run_id 6AECA9D4FFBB9D50)
  ok
[2608/11794] queries/stackoverflow/SQLStorm/51.sql  (run_id 33A22EF773678B95)
  ok
[2609/11794] queries/stackoverflow/SQLStorm/7034.sql  (run_id ED5400310D2A118E)
  ok
[2610/11794] queries/stackoverflow/SQLStorm/21497.sql  (run_id BC875FC9CC97E0B7)
  ok
[2611/11794] queries/stackoverflow/SQLStorm/17848.sql  (run_id 1BCE2317021CCFE8)
  ok
[2612/11794] queries/stackoverflow/SQLStorm/22617.sql  (run_id 59E8BB3D977A9593)
  ok
[2613/11794] queries/stackoverflow/SQLStorm/6893.sql  (run_id 31973C2035EF7D0B)
  ok
[2614/11794] queries/stackoverflow/SQLStorm/17293.sql  (run_id 819011D9930AD16A)
  ok
[2615/11794] queries/stackoverflow/SQLStorm/11234.sql  (run_id ADBB6DFC09520AB9)
  ok
[2616/11794] queries/stackoverflow/SQLStorm/33066.sql  (run_id E4461E8749CCEE48)
  ok
[2617/11794] queries/stackoverflow/SQLStorm/1572.sql  (run_id 57DAA01BCDA9C2C0)
  ok
[2618/11794] queries/stackoverflow/SQLStorm/17513.sql  (run_id E4A8358C4A859B9C)
  ok
[2619/11794] queries/stackoverflow/SQLStorm/3018.sql  (run_id 24D6CDF0D926D2D5)
  ok
[2620/11794] queries/stackoverflow/SQLStorm/14874.sql  (run_id 071BA0509BF553DA)
  ok
[2621/11794] queries/stackoverflow/SQLStorm/33027.sql  (run_id 3979A915EBF62641)
  ok
[2622/11794] queries/stackoverflow/SQLStorm/3486.sql  (run_id C144F9E08C272441)
  ok
[2623/11794] queries/stackoverflow/SQLStorm/16289.sql  (run_id 2F65FA8C6062BDDC)
  ok
[2624/11794] queries/stackoverflow/SQLStorm/12575.sql  (run_id A05CC1BD81313BBC)
  ok
[2625/11794] queries/stackoverflow/SQLStorm/17553.sql  (run_id 0EACF65690D90F64)
  ok
[2626/11794] queries/stackoverflow/SQLStorm/7185.sql  (run_id 42C91DA6073E526C)
  ok
[2627/11794] queries/stackoverflow/SQLStorm/22271.sql  (run_id C899C8C178454759)
  ok
[2628/11794] queries/stackoverflow/SQLStorm/214.sql  (run_id 7A793A97AE34711B)
  ok
[2629/11794] queries/stackoverflow/SQLStorm/13150.sql  (run_id FD7457C145A7C0EC)
  ok
[2630/11794] queries/stackoverflow/SQLStorm/8770.sql  (run_id 531A680A1B309C6F)
  ok
[2631/11794] queries/stackoverflow/SQLStorm/22713.sql  (run_id 817B553CF9298435)
  ok
[2632/11794] queries/stackoverflow/SQLStorm/1240.sql  (run_id 7BA11BD50D4432BA)
  ok
[2633/11794] queries/stackoverflow/SQLStorm/16297.sql  (run_id 1EB6DD5249D529FF)
  ok
[2634/11794] queries/stackoverflow/SQLStorm/13421.sql  (run_id EE1B44CAF45AA13E)
  ok
[2635/11794] queries/stackoverflow/SQLStorm/15976.sql  (run_id 6743892E73229573)
  ok
[2636/11794] queries/stackoverflow/SQLStorm/3742.sql  (run_id 5AA641DDBBF3B20C)
  ok
[2637/11794] queries/stackoverflow/SQLStorm/2878.sql  (run_id A0ED22A66D256FB4)
  ok
[2638/11794] queries/stackoverflow/SQLStorm/16008.sql  (run_id 34039E5D03CFBA79)
  ok
[2639/11794] queries/stackoverflow/SQLStorm/14945.sql  (run_id 90CFF61CE8C609CE)
  ok
[2640/11794] queries/stackoverflow/SQLStorm/5157.sql  (run_id 7E99623A82FDB5DD)
  ok
[2641/11794] queries/stackoverflow/SQLStorm/13019.sql  (run_id 490F7412A33DAD9D)
  ok
[2642/11794] queries/stackoverflow/SQLStorm/25847.sql  (run_id 689672383F0598B0)
  ok
[2643/11794] queries/stackoverflow/SQLStorm/5321.sql  (run_id CDCA152B5A0E44D6)
  ok
[2644/11794] queries/stackoverflow/SQLStorm/22507.sql  (run_id 9E1F7485A64F5C81)
  ok
[2645/11794] queries/stackoverflow/SQLStorm/4516.sql  (run_id 31BE4C35D154BADA)
  ok
[2646/11794] queries/stackoverflow/SQLStorm/20656.sql  (run_id A14AA80031F7A299)
  ok
[2647/11794] queries/stackoverflow/SQLStorm/10960.sql  (run_id 8CC920C009BDBFD0)
  ok
[2648/11794] queries/stackoverflow/SQLStorm/16274.sql  (run_id 5613C93A4B9E9B6F)
  ok
[2649/11794] queries/stackoverflow/SQLStorm/16275.sql  (run_id 491D777633A75596)
  ok
[2650/11794] queries/stackoverflow/SQLStorm/1428.sql  (run_id A9000CB02C6D2186)
  ok
[2651/11794] queries/stackoverflow/SQLStorm/14099.sql  (run_id D2FD5CE50F0909F1)
  ok
[2652/11794] queries/stackoverflow/SQLStorm/21859.sql  (run_id BF5DF6334E871BB6)
  ok
[2653/11794] queries/stackoverflow/SQLStorm/12676.sql  (run_id D68AF308400D9220)
  ok
[2654/11794] queries/stackoverflow/SQLStorm/10616.sql  (run_id 501F214785F2AF06)
  ok
[2655/11794] queries/stackoverflow/SQLStorm/4729.sql  (run_id 1CA2D932C8026375)
  ok
[2656/11794] queries/stackoverflow/SQLStorm/10107.sql  (run_id 1E8E4226FD0CE219)
  ok
[2657/11794] queries/stackoverflow/SQLStorm/7472.sql  (run_id F1FB1E8FB73C58EB)
  ok
[2658/11794] queries/stackoverflow/SQLStorm/15140.sql  (run_id CED15F95814690C1)
  ok
[2659/11794] queries/stackoverflow/SQLStorm/16844.sql  (run_id 903860F5A37F6197)
  ok
[2660/11794] queries/stackoverflow/SQLStorm/18825.sql  (run_id 02126740E59EF262)
  ok
[2661/11794] queries/stackoverflow/SQLStorm/4764.sql  (run_id 25992BCF33A9B6F4)
  ok
[2662/11794] queries/stackoverflow/SQLStorm/28678.sql  (run_id 72F7D07A351068DB)
  ok
[2663/11794] queries/stackoverflow/SQLStorm/12678.sql  (run_id 12768E76A409717D)
  ok
[2664/11794] queries/stackoverflow/SQLStorm/6684.sql  (run_id E41263A68C132E9C)
  ok
[2665/11794] queries/stackoverflow/SQLStorm/9536.sql  (run_id 478D4ECD87DBBCD5)
  ok
[2666/11794] queries/stackoverflow/SQLStorm/23752.sql  (run_id 754D3C3A1650A3C8)
  ok
[2667/11794] queries/stackoverflow/SQLStorm/7298.sql  (run_id BE0EA826599982DB)
  ok
[2668/11794] queries/stackoverflow/SQLStorm/7410.sql  (run_id 7EB5159020763CE0)
  ok
[2669/11794] queries/stackoverflow/SQLStorm/8827.sql  (run_id CD5A2C70EC2E6747)
  ok
[2670/11794] queries/stackoverflow/SQLStorm/4968.sql  (run_id 338ED91B46250DC6)
  ok
[2671/11794] queries/stackoverflow/SQLStorm/11102.sql  (run_id 2E069D5D90320FD4)
  ok
[2672/11794] queries/stackoverflow/SQLStorm/14523.sql  (run_id C2D72E18752530D7)
  ok
[2673/11794] queries/stackoverflow/SQLStorm/17601.sql  (run_id 788977DFB21B2F20)
  ok
[2674/11794] queries/stackoverflow/SQLStorm/8601.sql  (run_id 3CEBFF74C1906F0A)
  ok
[2675/11794] queries/stackoverflow/SQLStorm/17966.sql  (run_id C609EEE4C422C4F2)
  ok
[2676/11794] queries/stackoverflow/SQLStorm/15659.sql  (run_id F23CD872F4B17132)
  ok
[2677/11794] queries/stackoverflow/SQLStorm/2698.sql  (run_id 12709527F1503B44)
  ok
[2678/11794] queries/stackoverflow/SQLStorm/3009.sql  (run_id FB6009AC9F13886A)
  ok
[2679/11794] queries/stackoverflow/SQLStorm/17365.sql  (run_id 74C3A9FF2555B234)
  ok
[2680/11794] queries/stackoverflow/SQLStorm/12931.sql  (run_id AC1977F80E514EB5)
  ok
[2681/11794] queries/stackoverflow/SQLStorm/31680.sql  (run_id 229D289A5C06E2C4)
  ok
[2682/11794] queries/stackoverflow/SQLStorm/13250.sql  (run_id 7E96F69E226E4EE2)
  ok
[2683/11794] queries/stackoverflow/SQLStorm/17613.sql  (run_id 914D396F5D69ACE2)
  ok
[2684/11794] queries/stackoverflow/SQLStorm/11632.sql  (run_id 06B0AAC5946119B7)
  ok
[2685/11794] queries/stackoverflow/SQLStorm/1965.sql  (run_id CD949358C507DCE4)
  ok
[2686/11794] queries/stackoverflow/SQLStorm/18960.sql  (run_id CD77206E2CA2D514)
  ok
[2687/11794] queries/stackoverflow/SQLStorm/18972.sql  (run_id 31787DFDD18EAC5F)
  ok
[2688/11794] queries/stackoverflow/SQLStorm/9855.sql  (run_id 0135D14498D9CF6F)
  ok
[2689/11794] queries/stackoverflow/SQLStorm/24730.sql  (run_id FC7347FCF9F9FE26)
  ok
[2690/11794] queries/stackoverflow/SQLStorm/5696.sql  (run_id B52BCA13EC630255)
  ok
[2691/11794] queries/stackoverflow/SQLStorm/19383.sql  (run_id A0FB04AD1824B119)
  ok
[2692/11794] queries/stackoverflow/SQLStorm/29378.sql  (run_id 2B530B7C43D55FBD)
  ok
[2693/11794] queries/stackoverflow/SQLStorm/5478.sql  (run_id 77886E89F9C71552)
  ok
[2694/11794] queries/stackoverflow/SQLStorm/15988.sql  (run_id 43E9B9333547A9C3)
  ok
[2695/11794] queries/stackoverflow/SQLStorm/3274.sql  (run_id B46B966AD5C69FCE)
  ok
[2696/11794] queries/stackoverflow/SQLStorm/10916.sql  (run_id 857C4857A0ECA6BF)
  ok
[2697/11794] queries/stackoverflow/SQLStorm/6785.sql  (run_id 848C6451152358A0)
  ok
[2698/11794] queries/stackoverflow/SQLStorm/16761.sql  (run_id 27AB0E0A666BC031)
  ok
[2699/11794] queries/stackoverflow/SQLStorm/8419.sql  (run_id 78145745CBFF8B31)
  ok
[2700/11794] queries/stackoverflow/SQLStorm/3550.sql  (run_id A26C740FC6583624)
  ok
[2701/11794] queries/stackoverflow/SQLStorm/25611.sql  (run_id D4E3F3E0E190B15B)
  ok
[2702/11794] queries/stackoverflow/SQLStorm/6467.sql  (run_id 1F20CC1492D0577D)
  ok
[2703/11794] queries/stackoverflow/SQLStorm/10417.sql  (run_id 679BFCEB063BF945)
  ok
[2704/11794] queries/stackoverflow/SQLStorm/10018.sql  (run_id 2B1E340C7F326C86)
  ok
[2705/11794] queries/stackoverflow/SQLStorm/17201.sql  (run_id FBCD79F021C76F70)
  ok
[2706/11794] queries/stackoverflow/SQLStorm/9542.sql  (run_id 44163A53F2BE5781)
  ok
[2707/11794] queries/stackoverflow/SQLStorm/12482.sql  (run_id AF10ED6C14A865E3)
  ok
[2708/11794] queries/stackoverflow/SQLStorm/12120.sql  (run_id C60B779C120BD3F5)
  ok
[2709/11794] queries/stackoverflow/SQLStorm/6690.sql  (run_id A0A16DBD817892EA)
  ok
[2710/11794] queries/stackoverflow/SQLStorm/23776.sql  (run_id A038425789D06E95)
  ok
[2711/11794] queries/stackoverflow/SQLStorm/17771.sql  (run_id 7EC4D021D4DB1A3C)
  ok
[2712/11794] queries/stackoverflow/SQLStorm/14154.sql  (run_id 17B2B663F91711ED)
  ok
[2713/11794] queries/stackoverflow/SQLStorm/28777.sql  (run_id 6B3322C3EB3B1F0F)
  ok
[2714/11794] queries/stackoverflow/SQLStorm/2537.sql  (run_id D29DF2F744470A3F)
  ok
[2715/11794] queries/stackoverflow/SQLStorm/31948.sql  (run_id E5FF0FC6E8282800)
  ok
[2716/11794] queries/stackoverflow/SQLStorm/10663.sql  (run_id 4E84DA11FB5C3A6C)
  ok
[2717/11794] queries/stackoverflow/SQLStorm/34673.sql  (run_id 7C85F1A083B0FB18)
  ok
[2718/11794] queries/stackoverflow/SQLStorm/9371.sql  (run_id D22C81930C507888)
  ok
[2719/11794] queries/stackoverflow/SQLStorm/825.sql  (run_id 264E49E1445C37FB)
  ok
[2720/11794] queries/stackoverflow/SQLStorm/27263.sql  (run_id 9E31314DE8192D7F)
  ok
[2721/11794] queries/stackoverflow/SQLStorm/10831.sql  (run_id 7FC1C6939ECB935D)
  ok
[2722/11794] queries/stackoverflow/SQLStorm/28238.sql  (run_id 7B06B71934B50A37)
  ok
[2723/11794] queries/stackoverflow/SQLStorm/14983.sql  (run_id 1F23628C4D153B85)
  ok
[2724/11794] queries/stackoverflow/SQLStorm/19787.sql  (run_id 2F652B6106F4DC5F)
  ok
[2725/11794] queries/stackoverflow/SQLStorm/803.sql  (run_id 0CDBE419E37F14BD)
  ok
[2726/11794] queries/stackoverflow/SQLStorm/10296.sql  (run_id 9119DCCC57D2FB5B)
  ok
[2727/11794] queries/stackoverflow/SQLStorm/17761.sql  (run_id AD837F885D812BB9)
  ok
[2728/11794] queries/stackoverflow/SQLStorm/8401.sql  (run_id 0E6B4A001834794E)
  ok
[2729/11794] queries/stackoverflow/SQLStorm/18309.sql  (run_id 7AE94A8F9D35D718)
  ok
[2730/11794] queries/stackoverflow/SQLStorm/26048.sql  (run_id CE8F6A2931A12BA1)
  ok
[2731/11794] queries/stackoverflow/SQLStorm/4816.sql  (run_id 737D47B3D6743859)
  ok
[2732/11794] queries/stackoverflow/SQLStorm/27739.sql  (run_id A20E006465FF3AAA)
  ok
[2733/11794] queries/stackoverflow/SQLStorm/16394.sql  (run_id 44F54573CFEBBBC1)
  ok
[2734/11794] queries/stackoverflow/SQLStorm/12523.sql  (run_id C24C13CFA21F1B03)
  ok
[2735/11794] queries/stackoverflow/SQLStorm/25027.sql  (run_id 4D85E2AE89AC580D)
  ok
[2736/11794] queries/stackoverflow/SQLStorm/20439.sql  (run_id 98806B428A66FF09)
  ok
[2737/11794] queries/stackoverflow/SQLStorm/14340.sql  (run_id D18ABC0331BCEA24)
  ok
[2738/11794] queries/stackoverflow/SQLStorm/15563.sql  (run_id F2EBF5EC770B6C71)
  ok
[2739/11794] queries/stackoverflow/SQLStorm/5457.sql  (run_id 45D2F84133118F62)
  ok
[2740/11794] queries/stackoverflow/SQLStorm/10433.sql  (run_id DFD8EB809F83190C)
  ok
[2741/11794] queries/stackoverflow/SQLStorm/5437.sql  (run_id D85E82F198409E49)
  ok
[2742/11794] queries/stackoverflow/SQLStorm/28445.sql  (run_id 55D2D5485F8B8687)
  ok
[2743/11794] queries/stackoverflow/SQLStorm/17282.sql  (run_id DB94C5701AEC80EF)
  ok
[2744/11794] queries/stackoverflow/SQLStorm/21542.sql  (run_id D8B06BDF717A8D52)
  ok
[2745/11794] queries/stackoverflow/SQLStorm/16870.sql  (run_id 682DC902375C2497)
  ok
[2746/11794] queries/stackoverflow/SQLStorm/15929.sql  (run_id B6A6645E20F0C2B4)
  ok
[2747/11794] queries/stackoverflow/SQLStorm/27457.sql  (run_id AB82FF41CC023124)
  ok
[2748/11794] queries/stackoverflow/SQLStorm/19847.sql  (run_id A79090C56230D65A)
  ok
[2749/11794] queries/stackoverflow/SQLStorm/34951.sql  (run_id F0DE35B90998018C)
  ok
[2750/11794] queries/stackoverflow/SQLStorm/5158.sql  (run_id BE80CCA388AC4B29)
  ok
[2751/11794] queries/stackoverflow/SQLStorm/29321.sql  (run_id A78637D1B28FAC1A)
  ok
[2752/11794] queries/stackoverflow/SQLStorm/27437.sql  (run_id AF34B9E2D8114C83)
  ok
[2753/11794] queries/stackoverflow/SQLStorm/11949.sql  (run_id 79643EA49A7931C1)
  ok
[2754/11794] queries/stackoverflow/SQLStorm/7776.sql  (run_id FEECE44BAB9D7A96)
  ok
[2755/11794] queries/stackoverflow/SQLStorm/15074.sql  (run_id 7D153523B91796CD)
  ok
[2756/11794] queries/stackoverflow/SQLStorm/19386.sql  (run_id 2E54BEBD1A5B97E0)
  ok
[2757/11794] queries/stackoverflow/SQLStorm/12690.sql  (run_id BF911772687D11F1)
  ok
[2758/11794] queries/stackoverflow/SQLStorm/34931.sql  (run_id 825BF2FC7839FCF7)
  ok
[2759/11794] queries/stackoverflow/SQLStorm/16250.sql  (run_id CD640E4AFDA63808)
  ok
[2760/11794] queries/stackoverflow/SQLStorm/14531.sql  (run_id CB49EAEFA1B1D197)
  ok
[2761/11794] queries/stackoverflow/SQLStorm/13279.sql  (run_id 368B13DB6387E4DA)
  ok
[2762/11794] queries/stackoverflow/SQLStorm/1041.sql  (run_id 831F0391D0396E0D)
  ok
[2763/11794] queries/stackoverflow/SQLStorm/2936.sql  (run_id 381413D82963EB0F)
  ok
[2764/11794] queries/stackoverflow/SQLStorm/9025.sql  (run_id 6019FC02CFFF61A0)
  ok
[2765/11794] queries/stackoverflow/SQLStorm/9354.sql  (run_id 648E8C3FF774BD6D)
  ok
[2766/11794] queries/stackoverflow/SQLStorm/205.sql  (run_id FE2C35FA571BB739)
  ok
[2767/11794] queries/stackoverflow/SQLStorm/10696.sql  (run_id 33B03984D165148D)
  ok
[2768/11794] queries/stackoverflow/SQLStorm/18809.sql  (run_id C0323FDDAC5D5145)
  ok
[2769/11794] queries/stackoverflow/SQLStorm/10723.sql  (run_id 1CAF5BE0EBB1E2BA)
  ok
[2770/11794] queries/stackoverflow/SQLStorm/10477.sql  (run_id DFBA16402FD9CAF0)
  ok
[2771/11794] queries/stackoverflow/SQLStorm/30052.sql  (run_id 1598170637F28450)
  ok
[2772/11794] queries/stackoverflow/SQLStorm/18394.sql  (run_id 57C1A3874A1C1901)
  ok
[2773/11794] queries/stackoverflow/SQLStorm/17234.sql  (run_id 1AE062588502ED19)
  ok
[2774/11794] queries/stackoverflow/SQLStorm/2096.sql  (run_id 2B0469FA46BAE6F1)
  ok
[2775/11794] queries/stackoverflow/SQLStorm/11095.sql  (run_id AB0C1445AD26D1BA)
  ok
[2776/11794] queries/stackoverflow/SQLStorm/3897.sql  (run_id 5327015E6F0C8165)
  ok
[2777/11794] queries/stackoverflow/SQLStorm/18193.sql  (run_id 338245A24040A021)
  ok
[2778/11794] queries/stackoverflow/SQLStorm/982.sql  (run_id 9411F2BA560A09DC)
  ok
[2779/11794] queries/stackoverflow/SQLStorm/15672.sql  (run_id A6D690697DA6098D)
  ok
[2780/11794] queries/stackoverflow/SQLStorm/11966.sql  (run_id 0C226681A3637733)
  ok
[2781/11794] queries/stackoverflow/SQLStorm/15793.sql  (run_id 447A187F07BBA4D5)
  ok
[2782/11794] queries/stackoverflow/SQLStorm/19366.sql  (run_id EE61493DCB6185C7)
  ok
[2783/11794] queries/stackoverflow/SQLStorm/14753.sql  (run_id B7CCD74961E96E82)
  ok
[2784/11794] queries/stackoverflow/SQLStorm/27740.sql  (run_id DF0A020BC73F7A73)
  ok
[2785/11794] queries/stackoverflow/SQLStorm/3710.sql  (run_id A7799A3553F77B2A)
  ok
[2786/11794] queries/stackoverflow/SQLStorm/17263.sql  (run_id AECB32CE693372C8)
  ok
[2787/11794] queries/stackoverflow/SQLStorm/13874.sql  (run_id 82DA78B16A1513C6)
  ok
[2788/11794] queries/stackoverflow/SQLStorm/1290.sql  (run_id 4EE5451AA07DE91A)
  ok
[2789/11794] queries/stackoverflow/SQLStorm/16561.sql  (run_id 5E22BE64D2031C0B)
  ok
[2790/11794] queries/stackoverflow/SQLStorm/16269.sql  (run_id 94EDE2E0DCA8FE17)
  ok
[2791/11794] queries/stackoverflow/SQLStorm/1345.sql  (run_id B67E59E50CE10EBF)
  ok
[2792/11794] queries/stackoverflow/SQLStorm/14758.sql  (run_id D2AC70A5546ECE00)
  ok
[2793/11794] queries/stackoverflow/SQLStorm/14162.sql  (run_id CDBB38B3BB755537)
  ok
[2794/11794] queries/stackoverflow/SQLStorm/28124.sql  (run_id D276DD2E14A10574)
  ok
[2795/11794] queries/stackoverflow/SQLStorm/18938.sql  (run_id D0A72895BD564B72)
  ok
[2796/11794] queries/stackoverflow/SQLStorm/11076.sql  (run_id B81DC182A757467C)
  ok
[2797/11794] queries/stackoverflow/SQLStorm/9936.sql  (run_id 21E7E09CFF72C3A8)
  ok
[2798/11794] queries/stackoverflow/SQLStorm/26632.sql  (run_id E798FEE5D2698901)
  ok
[2799/11794] queries/stackoverflow/SQLStorm/9957.sql  (run_id F0D32D798369FEF5)
  ok
[2800/11794] queries/stackoverflow/SQLStorm/18804.sql  (run_id 515FD97AA153A72D)
  ok
[2801/11794] queries/stackoverflow/SQLStorm/16786.sql  (run_id 7B1ED6811DF851BC)
  ok
[2802/11794] queries/stackoverflow/SQLStorm/15053.sql  (run_id 076D58DEA573CBD9)
  ok
[2803/11794] queries/stackoverflow/SQLStorm/4675.sql  (run_id B8F299D93318CDFD)
  ok
[2804/11794] queries/stackoverflow/SQLStorm/13095.sql  (run_id AFB7C45512E6F828)
  ok
[2805/11794] queries/stackoverflow/SQLStorm/20026.sql  (run_id 29F67447734ACE6A)
  ok
[2806/11794] queries/stackoverflow/SQLStorm/5383.sql  (run_id C036C3921FED326B)
  ok
[2807/11794] queries/stackoverflow/SQLStorm/21883.sql  (run_id 51B1664DCA0424A2)
  ok
[2808/11794] queries/stackoverflow/SQLStorm/16001.sql  (run_id B03EF1024D6876C0)
  ok
[2809/11794] queries/stackoverflow/SQLStorm/5701.sql  (run_id 0AAF1FF42E2239A2)
  ok
[2810/11794] queries/stackoverflow/SQLStorm/18178.sql  (run_id 928D41C35DEA1CF0)
  ok
[2811/11794] queries/stackoverflow/SQLStorm/4487.sql  (run_id 1C2C3AA9A484EF37)
  ok
[2812/11794] queries/stackoverflow/SQLStorm/17243.sql  (run_id 40BCEE17DA584B51)
  ok
[2813/11794] queries/stackoverflow/SQLStorm/5985.sql  (run_id 0DA3FAB724C82868)
  ok
[2814/11794] queries/stackoverflow/SQLStorm/15597.sql  (run_id A7D08ADB16845F57)
  ok
[2815/11794] queries/stackoverflow/SQLStorm/4565.sql  (run_id 483D5DC6A0C827ED)
  ok
[2816/11794] queries/stackoverflow/SQLStorm/14005.sql  (run_id 5C8690182A08E71B)
  ok
[2817/11794] queries/stackoverflow/SQLStorm/17164.sql  (run_id 2C2BF9A7E4660A1A)
  ok
[2818/11794] queries/stackoverflow/SQLStorm/23994.sql  (run_id 927594F1475654BE)
  ok
[2819/11794] queries/stackoverflow/SQLStorm/15155.sql  (run_id 89018E4710796BA5)
  ok
[2820/11794] queries/stackoverflow/SQLStorm/13155.sql  (run_id 83F5CD8DC7EB7D2A)
  ok
[2821/11794] queries/stackoverflow/SQLStorm/21922.sql  (run_id 32471859EE80D97D)
  ok
[2822/11794] queries/stackoverflow/SQLStorm/12743.sql  (run_id D1CF743C3AE6774F)
  ok
[2823/11794] queries/stackoverflow/SQLStorm/5434.sql  (run_id EE6D3AF0E18C98B9)
  ok
[2824/11794] queries/stackoverflow/SQLStorm/11124.sql  (run_id 1B1A429503A74331)
  ok
[2825/11794] queries/stackoverflow/SQLStorm/11965.sql  (run_id 4A7383E1D40EEA55)
  ok
[2826/11794] queries/stackoverflow/SQLStorm/4466.sql  (run_id B1CB78F0DFC0AC19)
  ok
[2827/11794] queries/stackoverflow/SQLStorm/10961.sql  (run_id 2F933FA5046D369A)
  ok
[2828/11794] queries/stackoverflow/SQLStorm/10781.sql  (run_id A54E08937E7F594C)
  ok
[2829/11794] queries/stackoverflow/SQLStorm/19580.sql  (run_id 05A3CB550E6642E7)
  ok
[2830/11794] queries/stackoverflow/SQLStorm/271.sql  (run_id D10754967D8E778A)
  ok
[2831/11794] queries/stackoverflow/SQLStorm/1962.sql  (run_id 1145BCF07E3C63A9)
  ok
[2832/11794] queries/stackoverflow/SQLStorm/17800.sql  (run_id 145F2D46C9E93A94)
  ok
[2833/11794] queries/stackoverflow/SQLStorm/3491.sql  (run_id D7266CC70AF416BA)
Terminated

!! interrupted
clock_control: no_turbo restored to 0
clock_control: governor restored to powersave
clock_control: max_freq restored to 3600000 kHz
make: *** [Makefile:263: warm-stepup] Error 130
===== detach.sh end 2026-09-30T09:42:56Z  exit 2  duration 20:48:25
