timestamp_utc,run_id,pg_version,query,runs,n_small,n_large,wall_small_sec,wall_large_sec,slope_wall_sec,intercept_wall_sec,pkg_small_j,pkg_large_j,slope_pkg_j,intercept_pkg_j,core_small_j,core_large_j,slope_core_j,intercept_core_j,failed
2026-07-27T10:11:25Z,97BC468561FC65F9,14.23,queries/tpch/Core/04_join_scale/join_10kx25.sql,3,1,10,0.052216,0.165420,0.012578,0.039638,0.710693,1.747701,0.115223,0.595470,0.614624,1.534790,0.102241,0.512383,0
2026-07-27T10:12:51Z,97BC468561FC65F9,14.23,queries/tpch/Core/04_join_scale/join_1500kx150k.sql,3,1,10,2.738770,26.616120,2.653039,0.085731,33.348328,314.826782,31.275384,2.072944,30.543335,290.627218,28.898209,1.645126,0
2026-07-27T10:12:56Z,97BC468561FC65F9,14.23,queries/tpch/Core/04_join_scale/join_150kx25.sql,3,1,10,0.206868,1.686386,0.164391,0.042477,2.543701,19.877319,1.925958,0.617744,2.278259,18.288920,1.778962,0.499297,0
2026-07-27T10:12:56Z,97BC468561FC65F9,14.23,queries/tpch/Core/04_join_scale/join_25x5.sql,3,1,10,0.041573,0.042964,0.000155,0.041419,0.539795,0.535319,-0.000497,0.540292,0.473145,0.473287,0.000016,0.473129,0
2026-07-27T10:16:15Z,97BC468561FC65F9,14.23,queries/tpch/Core/04_join_scale/join_6mx10k.sql,3,1,10,6.318553,61.211491,6.099215,0.219338,76.099548,720.567993,71.607605,4.491943,69.355042,664.998840,66.182644,3.172397,0
2026-07-27T10:21:56Z,97BC468561FC65F9,14.23,queries/tpch/Core/04_join_scale/join_6mx1500k.sql,3,1,10,10.897076,106.251174,10.594900,0.302177,128.815674,1276.047160,127.470165,1.345509,118.359558,1178.731425,117.819096,0.540462,0
2026-07-27T10:27:09Z,97BC468561FC65F9,14.23,queries/tpch/Core/04_join_scale/join_6mx200k.sql,3,1,10,9.771748,97.858669,9.787436,-0.015688,114.336609,1146.620829,114.698247,-0.361638,105.456848,1058.123088,105.851804,-0.394956,0
2026-07-27T10:27:58Z,97BC468561FC65F9,14.23,queries/tpch/Core/04_join_scale/join_800kx200k.sql,3,1,10,1.609622,15.259030,1.516601,0.093021,19.146606,181.596720,18.050013,1.096594,17.599243,167.694722,16.677275,0.921968,0
2026-07-27T10:27:59Z,EEF91594C692BF0D,16.14,queries/tpch/Core/04_join_scale/join_10kx25.sql,3,1,10,0.080438,0.159485,0.008783,0.071655,0.501221,1.693237,0.132446,0.368774,0.377563,1.504781,0.125246,0.252317,0
2026-07-27T10:29:33Z,EEF91594C692BF0D,16.14,queries/tpch/Core/04_join_scale/join_1500kx150k.sql,3,1,10,3.010555,29.050527,2.893330,0.117225,34.117310,328.362061,32.693861,1.423448,31.089233,302.174133,30.120544,0.968689,0
2026-07-27T10:29:38Z,EEF91594C692BF0D,16.14,queries/tpch/Core/04_join_scale/join_150kx25.sql,3,1,10,0.251777,1.646365,0.154954,0.096823,2.573364,19.478536,1.878352,0.695012,2.262756,17.914001,1.739027,0.523729,0
2026-07-27T10:29:39Z,EEF91594C692BF0D,16.14,queries/tpch/Core/04_join_scale/join_25x5.sql,3,1,10,0.040322,0.042713,0.000266,0.040056,0.543823,0.523824,-0.002222,0.546045,0.487183,0.467061,-0.002236,0.489418,0
2026-07-27T10:32:56Z,EEF91594C692BF0D,16.14,queries/tpch/Core/04_join_scale/join_6mx10k.sql,3,1,10,7.028920,60.718683,5.965529,1.063391,84.478333,718.731954,70.472625,14.005708,74.759766,663.254924,65.388351,9.371415,0
2026-07-27T10:38:46Z,EEF91594C692BF0D,16.14,queries/tpch/Core/04_join_scale/join_6mx1500k.sql,3,1,10,11.008721,109.202733,10.910446,0.098275,130.336304,1293.145203,129.200989,1.135315,120.237244,1193.483419,119.249575,0.987669,0
2026-07-27T10:45:04Z,EEF91594C692BF0D,16.14,queries/tpch/Core/04_join_scale/join_6mx200k.sql,3,1,10,11.773941,118.295664,11.835747,-0.061807,119.731384,1177.340312,117.512103,2.219281,109.074524,1069.941427,106.762989,2.311535,0
2026-07-27T10:45:55Z,EEF91594C692BF0D,16.14,queries/tpch/Core/04_join_scale/join_800kx200k.sql,3,1,10,1.702786,15.547601,1.538313,0.164473,18.671753,179.886230,17.912720,0.759033,16.961243,165.521505,16.506696,0.454547,0
2026-07-27T10:45:56Z,5B6F33E25ED98E0F,18.4,queries/tpch/Core/04_join_scale/join_10kx25.sql,3,1,10,0.050109,0.151317,0.011245,0.038863,0.556824,1.498067,0.104583,0.452241,0.496887,1.339010,0.093569,0.403318,0
2026-07-27T10:47:37Z,5B6F33E25ED98E0F,18.4,queries/tpch/Core/04_join_scale/join_1500kx150k.sql,3,1,10,3.426410,31.750261,3.147095,0.279315,40.994446,398.055583,39.673460,1.320986,35.453308,351.829468,35.152907,0.300401,0
2026-07-27T10:47:42Z,5B6F33E25ED98E0F,18.4,queries/tpch/Core/04_join_scale/join_150kx25.sql,3,1,10,0.162799,1.371697,0.134322,0.028476,2.316345,18.439046,1.791411,0.524934,2.140869,17.129842,1.665441,0.475428,0
2026-07-27T10:47:42Z,5B6F33E25ED98E0F,18.4,queries/tpch/Core/04_join_scale/join_25x5.sql,3,1,10,0.042558,0.041751,-0.000090,0.042648,0.514465,0.517598,0.000348,0.514117,0.447998,0.456014,0.000891,0.447107,0
2026-07-27T10:50:47Z,5B6F33E25ED98E0F,18.4,queries/tpch/Core/04_join_scale/join_6mx10k.sql,3,1,10,5.793006,57.533672,5.748963,0.044043,104.236389,1100.044373,110.645331,-6.408942,92.795837,985.147400,99.150174,-6.354336,0
2026-07-27T10:56:19Z,5B6F33E25ED98E0F,18.4,queries/tpch/Core/04_join_scale/join_6mx1500k.sql,3,1,10,12.265471,103.016922,10.083494,2.181977,233.249390,1384.777140,127.947528,105.301862,211.178162,1285.146016,119.329762,91.848400,0
2026-07-27T11:02:01Z,5B6F33E25ED98E0F,18.4,queries/tpch/Core/04_join_scale/join_6mx200k.sql,3,1,10,10.770031,106.757843,10.665312,0.104719,120.851135,1195.850382,119.444361,1.406774,111.002563,1098.845723,109.760351,1.242212,0
2026-07-27T11:02:44Z,5B6F33E25ED98E0F,18.4,queries/tpch/Core/04_join_scale/join_800kx200k.sql,3,1,10,1.543220,13.472871,1.325517,0.217703,19.856567,184.591085,18.303835,1.552732,18.395142,171.906820,17.056853,1.338288,0
2026-07-31T15:46:41Z,F4FF7C54590B04C5,16.14,queries/tpch/Core/00_baseline/no_table.sql,2,1,5,0.039230,0.040319,0.000272,0.038957,0.413452,0.452209,0.009689,0.403763,0.379517,0.394257,0.003685,0.375832,0
2026-07-31T15:46:43Z,F4FF7C54590B04C5,16.14,queries/tpch/Core/00_baseline/scan_customer.sql,2,1,5,0.124308,0.477983,0.088419,0.035889,1.428345,4.935822,0.876869,0.551476,1.242676,4.431702,0.797256,0.445419,0
2026-07-31T15:47:21Z,F4FF7C54590B04C5,16.14,queries/tpch/Core/00_baseline/scan_lineitem.sql,2,1,5,2.809654,14.044063,2.808602,0.001052,30.974060,152.973083,30.499756,0.474304,28.440613,140.373383,27.983192,0.457420,0
2026-07-31T15:47:21Z,F4FF7C54590B04C5,16.14,queries/tpch/Core/00_baseline/scan_nation.sql,2,1,5,0.039860,0.040531,0.000168,0.039692,0.465027,0.472717,0.001923,0.463104,0.418457,0.418121,-0.000084,0.418541,0
2026-07-31T15:47:31Z,F4FF7C54590B04C5,16.14,queries/tpch/Core/00_baseline/scan_orders.sql,2,1,5,0.757292,3.597045,0.709938,0.047353,8.724976,40.313873,7.897224,0.827751,7.888062,36.885956,7.249474,0.638588,0
2026-07-31T15:47:33Z,F4FF7C54590B04C5,16.14,queries/tpch/Core/00_baseline/scan_part.sql,2,1,5,0.141792,0.617845,0.119013,0.022778,1.677429,6.352936,1.168877,0.508553,1.506775,5.678009,1.042809,0.463966,0
2026-07-31T15:47:39Z,F4FF7C54590B04C5,16.14,queries/tpch/Core/00_baseline/scan_partsupp.sql,2,1,5,0.466524,2.184985,0.429615,0.036909,5.332397,24.398407,4.766502,0.565895,4.760681,22.278076,4.379349,0.381332,0
2026-07-31T15:47:39Z,F4FF7C54590B04C5,16.14,queries/tpch/Core/00_baseline/scan_region.sql,2,1,5,0.039894,0.040162,0.000067,0.039827,0.473633,0.468323,-0.001328,0.474960,0.413879,0.416473,0.000648,0.413231,0
2026-07-31T15:47:40Z,F4FF7C54590B04C5,16.14,queries/tpch/Core/00_baseline/scan_supplier.sql,2,1,5,0.045826,0.066548,0.005181,0.040645,0.543762,0.750397,0.051659,0.492104,0.472046,0.678284,0.051559,0.420486,0
2026-07-31T15:47:42Z,F4FF7C54590B04C5,16.14,queries/tpch/Core/01_scan_access/bitmap_scan.sql,2,1,5,0.212345,0.787709,0.143841,0.068504,4.512024,16.908325,3.099075,1.412949,4.268372,16.023682,2.938828,1.329544,0
2026-07-31T15:47:42Z,F4FF7C54590B04C5,16.14,queries/tpch/Core/01_scan_access/index_only_scan.sql,2,1,5,0.077411,0.251384,0.043493,0.033918,0.947937,2.746094,0.449539,0.498398,0.847717,2.477875,0.407539,0.440178,0
2026-07-31T15:47:43Z,F4FF7C54590B04C5,16.14,queries/tpch/Core/01_scan_access/index_point_lookup.sql,2,1,5,0.039893,0.041149,0.000314,0.039579,0.473022,0.483826,0.002701,0.470322,0.413635,0.428467,0.003708,0.409927,0
2026-07-31T15:47:44Z,F4FF7C54590B04C5,16.14,queries/tpch/Core/01_scan_access/index_scan.sql,2,1,5,0.196570,0.533295,0.084181,0.112389,1.518005,5.483521,0.991379,0.526627,1.260559,4.940918,0.920090,0.340469,0
2026-07-31T15:47:55Z,F4FF7C54590B04C5,16.14,queries/tpch/Core/01_scan_access/seq_scan.sql,2,1,5,0.893690,4.321559,0.856967,0.036723,23.013794,112.191925,22.294533,0.719261,21.694946,105.920471,21.056381,0.638565,0
2026-07-31T15:48:12Z,F4FF7C54590B04C5,16.14,queries/tpch/Core/01_scan_access/tablesample_bernoulli.sql,2,1,5,1.488981,7.065193,1.394053,0.094928,16.068726,76.253937,15.046303,1.022423,14.300964,69.201874,13.725227,0.575737,0
2026-07-31T15:48:12Z,F4FF7C54590B04C5,16.14,queries/tpch/Core/01_scan_access/tablesample_system.sql,2,1,5,0.082779,0.253431,0.042663,0.040116,1.016052,2.920197,0.476036,0.540016,0.913879,2.631805,0.429482,0.484398,0
2026-07-31T15:48:28Z,F4FF7C54590B04C5,16.14,queries/tpch/Core/02_filter_projection/filter_2pct.sql,2,1,5,1.428846,6.468765,1.259980,0.168866,35.244812,177.615570,35.592690,-0.347878,33.743958,170.687561,34.235901,-0.491943,0
2026-07-31T15:49:19Z,F4FF7C54590B04C5,16.14,queries/tpch/Core/02_filter_projection/filter_all.sql,2,1,5,4.410572,21.039811,4.157310,0.253263,50.897644,240.851257,47.488403,3.409241,46.578369,221.619873,43.760376,2.817993,0
2026-07-31T15:50:07Z,F4FF7C54590B04C5,16.14,queries/tpch/Core/02_filter_projection/filter_half.sql,2,1,5,4.077887,19.699599,3.905428,0.172459,46.106323,224.911560,44.701309,1.405014,42.311584,206.815491,41.125977,1.185608,0
2026-07-31T15:50:21Z,F4FF7C54590B04C5,16.14,queries/tpch/Core/02_filter_projection/filter_none.sql,2,1,5,1.296702,6.142441,1.211435,0.085267,33.472046,168.483734,33.752922,-0.280876,32.168152,161.936249,32.442024,-0.273872,0
2026-07-31T15:50:22Z,F4FF7C54590B04C5,16.14,queries/tpch/Core/02_filter_projection/limit_100.sql,2,1,5,0.052558,0.040980,-0.002894,0.055452,0.393677,0.502014,0.027084,0.366592,0.324280,0.453735,0.032364,0.291916,0
2026-07-31T15:50:26Z,F4FF7C54590B04C5,16.14,queries/tpch/Core/02_filter_projection/limit_offset_3m.sql,2,1,5,0.390053,1.569269,0.294804,0.095249,4.038391,17.951080,3.478172,0.560219,3.605835,16.406006,3.200043,0.405792,0
2026-07-31T15:50:55Z,F4FF7C54590B04C5,16.14,queries/tpch/Core/02_filter_projection/project_all_cols.sql,2,1,5,2.502590,12.222767,2.430044,0.072545,28.984924,141.790375,28.201363,0.783562,26.546204,130.204803,25.914650,0.631554,0
2026-07-31T15:51:27Z,F4FF7C54590B04C5,16.14,queries/tpch/Core/02_filter_projection/project_zero_cols.sql,2,1,5,2.760488,13.051103,2.572654,0.187835,31.510986,151.103302,29.898079,1.612907,28.883057,138.888000,27.501236,1.381821,0
2026-07-31T15:52:02Z,F4FF7C54590B04C5,16.14,queries/tpch/Core/03_join_method/large_hash.sql,2,1,5,2.980831,14.476969,2.874034,0.106797,33.433167,162.046448,32.153320,1.279846,30.662537,148.732147,29.517403,1.145134,0
2026-07-31T15:52:27Z,F4FF7C54590B04C5,16.14,queries/tpch/Core/03_join_method/large_merge.sql,2,1,5,2.159929,10.597604,2.109419,0.050511,51.662292,264.078522,53.104057,-1.441765,49.058960,252.436462,50.844376,-1.785416,0
2026-07-31T15:56:31Z,F4FF7C54590B04C5,16.14,queries/tpch/Core/03_join_method/large_nestloop_index.sql,2,1,5,20.440641,100.936109,20.123867,0.316774,187.586243,926.757324,184.792770,2.793472,156.876404,774.583862,154.426865,2.449539,0
2026-07-31T15:56:31Z,F4FF7C54590B04C5,16.14,queries/tpch/Core/03_join_method/small_hash.sql,2,1,5,0.049650,0.086279,0.009157,0.040493,0.613281,1.065643,0.113091,0.500191,0.524963,0.938446,0.103371,0.421593,0
2026-07-31T15:56:31Z,F4FF7C54590B04C5,16.14,queries/tpch/Core/03_join_method/small_merge.sql,2,1,5,0.051757,0.094898,0.010785,0.040972,0.643433,1.166931,0.130875,0.512558,0.560547,1.032745,0.118050,0.442497,0
2026-07-31T15:56:32Z,F4FF7C54590B04C5,16.14,queries/tpch/Core/03_join_method/small_nestloop.sql,2,1,5,0.115533,0.445286,0.082438,0.033095,1.470154,5.192047,0.930473,0.539680,1.308655,4.727661,0.854752,0.453903,0
2026-07-31T15:56:33Z,F4FF7C54590B04C5,16.14,queries/tpch/Core/04_join_scale/join_10kx25.sql,2,1,5,0.051108,0.088582,0.009368,0.041740,0.612793,1.070770,0.114494,0.498299,0.547058,0.963531,0.104118,0.442940,0
2026-07-31T15:57:08Z,F4FF7C54590B04C5,16.14,queries/tpch/Core/04_join_scale/join_1500kx150k.sql,2,1,5,2.962851,14.470886,2.877009,0.085842,33.373657,163.381714,32.502014,0.871643,30.529419,150.164276,29.908714,0.620705,0
2026-07-31T15:57:10Z,F4FF7C54590B04C5,16.14,queries/tpch/Core/04_join_scale/join_150kx25.sql,2,1,5,0.197592,0.823356,0.156441,0.041151,2.378357,9.877319,1.874741,0.503616,2.173157,9.123108,1.737488,0.435669,0
2026-07-31T15:57:10Z,F4FF7C54590B04C5,16.14,queries/tpch/Core/04_join_scale/join_25x5.sql,2,1,5,0.048123,0.041548,-0.001644,0.049766,0.515930,0.507385,-0.002136,0.518066,0.441467,0.442322,0.000214,0.441254,0
2026-07-31T15:58:23Z,F4FF7C54590B04C5,16.14,queries/tpch/Core/04_join_scale/join_6mx10k.sql,2,1,5,6.133231,30.329054,6.048956,0.084276,71.361938,352.091644,70.182426,1.179512,65.791382,324.862579,64.767799,1.023582,0
2026-07-31T16:00:33Z,F4FF7C54590B04C5,16.14,queries/tpch/Core/04_join_scale/join_6mx1500k.sql,2,1,5,10.933622,54.258504,10.831220,0.102402,128.747253,641.126556,128.094826,0.652428,118.781616,591.748810,118.241798,0.539818,0
2026-07-31T16:02:54Z,F4FF7C54590B04C5,16.14,queries/tpch/Core/04_join_scale/join_6mx200k.sql,2,1,5,11.774199,58.776617,11.750604,0.023595,119.073364,592.321075,118.311928,0.761436,108.501892,539.160461,107.664642,0.837250,0
2026-07-31T16:03:14Z,F4FF7C54590B04C5,16.14,queries/tpch/Core/04_join_scale/join_800kx200k.sql,2,1,5,1.701011,7.868412,1.541850,0.159161,18.990051,91.695099,18.176262,0.813789,17.352234,84.416138,16.765976,0.586258,0
2026-07-31T16:03:28Z,F4FF7C54590B04C5,16.14,queries/tpch/Core/05_join_type/anti_not_exists.sql,2,1,5,1.287415,6.072530,1.196279,0.091136,22.687317,111.090088,22.100693,0.586624,21.059387,103.246368,20.546745,0.512642,0
2026-07-31T16:04:07Z,F4FF7C54590B04C5,16.14,queries/tpch/Core/05_join_type/cross_join.sql,2,1,5,3.236929,15.931209,3.173570,0.063359,40.770813,197.635590,39.216194,1.554619,37.797302,183.264435,36.366783,1.430519,0
2026-07-31T16:04:42Z,F4FF7C54590B04C5,16.14,queries/tpch/Core/05_join_type/full_outer.sql,2,1,5,2.991605,14.628409,2.909201,0.082404,33.723938,165.787201,33.015816,0.708122,30.946594,152.498932,30.388084,0.558510,0
2026-07-31T16:05:17Z,F4FF7C54590B04C5,16.14,queries/tpch/Core/05_join_type/inner.sql,2,1,5,2.978514,14.465808,2.871824,0.106691,33.589539,164.091827,32.625572,0.963966,30.849792,150.924255,30.018616,0.831177,0
2026-07-31T16:05:43Z,F4FF7C54590B04C5,16.14,queries/tpch/Core/05_join_type/join_on_text_cast.sql,2,1,5,2.234886,10.707997,2.118278,0.116608,44.772583,222.143768,44.342796,0.429787,42.542847,211.277252,42.183601,0.359245,0
2026-07-31T16:06:18Z,F4FF7C54590B04C5,16.14,queries/tpch/Core/05_join_type/left_outer.sql,2,1,5,3.006285,14.495842,2.872389,0.133895,34.507202,166.583984,33.019196,1.488007,31.533081,153.051880,30.379700,1.153381,0
2026-07-31T16:06:53Z,F4FF7C54590B04C5,16.14,queries/tpch/Core/05_join_type/right_outer.sql,2,1,5,3.052857,14.628594,2.893934,0.158923,34.026794,166.570740,33.135986,0.890808,31.144592,153.182159,30.509392,0.635201,0
2026-07-31T16:07:44Z,F4FF7C54590B04C5,16.14,queries/tpch/Core/05_join_type/self_join.sql,2,1,5,4.326546,21.065902,4.184839,0.141707,51.132812,247.918976,49.196541,1.936272,47.055054,228.432495,45.344360,1.710693,0
2026-07-31T16:08:18Z,F4FF7C54590B04C5,16.14,queries/tpch/Core/05_join_type/semi_exists.sql,2,1,5,2.933318,14.011038,2.769430,0.163888,32.898865,159.155487,31.564156,1.334709,30.048584,146.363281,29.078674,0.969910,0
2026-07-31T16:10:16Z,F4FF7C54590B04C5,16.14,queries/tpch/Core/06_join_chain/chain_1_hash.sql,2,1,5,10.016404,49.315933,9.824882,0.191521,119.329102,588.553894,117.306198,2.022903,110.346497,544.073212,108.431679,1.914818,0
2026-07-31T16:11:28Z,F4FF7C54590B04C5,16.14,queries/tpch/Core/06_join_chain/chain_1_merge.sql,2,1,5,6.096702,29.471364,5.843665,0.253037,74.276306,363.201599,72.231323,2.044983,68.681946,336.795746,67.028450,1.653496,0
2026-07-31T16:12:37Z,F4FF7C54590B04C5,16.14,queries/tpch/Core/06_join_chain/chain_1_nestloop.sql,2,1,5,5.427337,29.456350,6.007253,-0.579917,159.669861,687.001129,131.832817,27.837044,154.513306,659.237610,126.181076,28.332230,0
2026-07-31T16:15:06Z,F4FF7C54590B04C5,16.14,queries/tpch/Core/06_join_chain/chain_2_hash.sql,2,1,5,12.558331,61.851893,12.323390,0.234941,152.196228,735.025024,145.707199,6.489029,140.364197,678.720367,134.589043,5.775154,0
2026-07-31T16:16:47Z,F4FF7C54590B04C5,16.14,queries/tpch/Core/06_join_chain/chain_2_merge.sql,2,1,5,8.445067,42.126021,8.420239,0.024828,138.358826,701.223785,140.716240,-2.357414,129.234802,656.502716,131.816978,-2.582176,0
2026-07-31T16:21:41Z,F4FF7C54590B04C5,16.14,queries/tpch/Core/06_join_chain/chain_2_nestloop.sql,2,1,5,24.594931,122.384333,24.447351,0.147580,412.692078,2062.764191,412.518028,0.174049,366.942505,1836.154968,367.303116,-0.360611,0
2026-07-31T16:24:12Z,F4FF7C54590B04C5,16.14,queries/tpch/Core/06_join_chain/chain_3_hash.sql,2,1,5,12.684607,62.464442,12.444959,0.239648,151.672791,745.114136,148.360336,3.312454,139.810730,688.060333,137.062401,2.748329,0
2026-07-31T16:25:57Z,F4FF7C54590B04C5,16.14,queries/tpch/Core/06_join_chain/chain_3_merge.sql,2,1,5,8.857858,43.796171,8.734578,0.123280,150.468994,744.054321,148.396332,2.072662,140.724854,697.092224,139.091843,1.633011,0
2026-07-31T16:33:15Z,F4FF7C54590B04C5,16.14,queries/tpch/Core/06_join_chain/chain_3_nestloop.sql,2,1,5,36.079291,183.443621,36.841082,-0.761791,806.694458,-127117.234039,-31980.982124,32787.676582,747.717773,3658.015747,727.574493,20.143280,0
2026-07-31T16:35:46Z,F4FF7C54590B04C5,16.14,queries/tpch/Core/06_join_chain/chain_4_hash.sql,2,1,5,12.865017,62.487416,12.405600,0.459418,156.089111,752.824371,149.183815,6.905296,143.951843,695.175568,137.805931,6.145912,0
2026-07-31T16:37:31Z,F4FF7C54590B04C5,16.14,queries/tpch/Core/06_join_chain/chain_4_merge.sql,2,1,5,8.879760,43.948544,8.767196,0.112564,152.684509,756.796387,151.027969,1.656540,143.046814,709.841614,141.698700,1.348114,0
2026-07-31T16:45:14Z,F4FF7C54590B04C5,16.14,queries/tpch/Core/06_join_chain/chain_4_nestloop.sql,2,1,5,38.011616,193.322248,38.827658,-0.816043,859.497742,4104.106262,811.152130,48.345612,798.277771,3793.631317,748.838387,49.439384,0
2026-07-31T16:45:43Z,F4FF7C54590B04C5,16.14,queries/tpch/Core/07_grouping_distinct/count_per_group.sql,2,1,5,2.577967,12.145982,2.392004,0.185964,56.066162,272.517548,54.112846,1.953316,53.435486,259.328247,51.473190,1.962296,0
2026-07-31T16:48:03Z,F4FF7C54590B04C5,16.14,queries/tpch/Core/07_grouping_distinct/cube.sql,2,1,5,11.854454,58.070328,11.553968,0.300486,152.680481,718.963562,141.570770,11.109711,141.840027,666.886780,131.261688,10.578339,0
2026-07-31T16:49:57Z,F4FF7C54590B04C5,16.14,queries/tpch/Core/07_grouping_distinct/distinct_200k_vals.sql,2,1,5,9.501006,47.305837,9.451208,0.049798,149.561218,749.914856,150.088409,-0.527191,139.434814,698.606720,139.792976,-0.358162,0
2026-07-31T16:50:25Z,F4FF7C54590B04C5,16.14,queries/tpch/Core/07_grouping_distinct/distinct_3_vals.sql,2,1,5,2.214480,11.465062,2.312646,-0.098165,60.812500,276.498016,53.921379,6.891121,58.637085,264.856323,51.554810,7.082275,0
2026-07-31T16:57:13Z,F4FF7C54590B04C5,16.14,queries/tpch/Core/07_grouping_distinct/distinct_on.sql,2,1,5,34.099761,169.952261,33.963125,0.136636,407.305054,2017.499603,402.548637,4.756416,375.359741,1861.128662,371.442230,3.917511,0
2026-07-31T16:59:18Z,F4FF7C54590B04C5,16.14,queries/tpch/Core/07_grouping_distinct/group_1500k_vals.sql,2,1,5,10.160926,52.744614,10.645922,-0.484996,251.969238,1166.979431,228.752548,23.216690,241.193054,1111.885895,217.673210,23.519844,0
2026-07-31T17:00:20Z,F4FF7C54590B04C5,16.14,queries/tpch/Core/07_grouping_distinct/group_200k_sortagg.sql,2,1,5,5.159141,25.719026,5.139971,0.019170,117.221741,564.041260,111.704880,5.516861,110.241821,529.474976,104.808289,5.433533,0
2026-07-31T17:01:58Z,F4FF7C54590B04C5,16.14,queries/tpch/Core/07_grouping_distinct/group_200k_vals.sql,2,1,5,8.320801,40.532546,8.052936,0.267865,162.853760,818.690430,163.959167,-1.105408,151.226440,762.682068,152.863907,-1.637466,0
2026-07-31T17:02:26Z,F4FF7C54590B04C5,16.14,queries/tpch/Core/07_grouping_distinct/group_3_vals.sql,2,1,5,2.415716,11.697502,2.320446,0.095270,56.226196,268.174225,52.987007,3.239189,53.686157,256.425598,50.684860,3.001297,0
2026-07-31T17:03:02Z,F4FF7C54590B04C5,16.14,queries/tpch/Core/07_grouping_distinct/group_7_vals.sql,2,1,5,2.985785,14.744086,2.939575,0.046210,66.729187,324.438080,64.427223,2.301964,63.690369,309.388214,61.424461,2.265907,0
2026-07-31T17:04:47Z,F4FF7C54590B04C5,16.14,queries/tpch/Core/07_grouping_distinct/grouping_sets.sql,2,1,5,8.834747,43.648936,8.703547,0.131200,111.809753,542.365662,107.638977,4.170776,103.573669,502.618469,99.761200,3.812469,0
2026-07-31T17:06:25Z,F4FF7C54590B04C5,16.14,queries/tpch/Core/07_grouping_distinct/having.sql,2,1,5,8.089236,40.858120,8.192221,-0.102986,173.868652,833.031311,164.790665,9.077988,161.940063,773.566528,152.906616,9.033447,0
2026-07-31T17:08:14Z,F4FF7C54590B04C5,16.14,queries/tpch/Core/07_grouping_distinct/rollup.sql,2,1,5,9.128145,45.588392,9.115062,0.013084,115.906250,561.011719,111.276367,4.629883,107.483276,519.609375,103.031525,4.451752,0
2026-07-31T17:08:57Z,F4FF7C54590B04C5,16.14,queries/tpch/Core/08_sorting/limit_with_ties.sql,2,1,5,3.527119,17.786315,3.564799,-0.037679,93.167908,435.105621,85.484428,7.683479,88.237427,410.235992,80.499641,7.737785,0
2026-07-31T17:10:51Z,F4FF7C54590B04C5,16.14,queries/tpch/Core/08_sorting/sort_2_keys.sql,2,1,5,9.664114,47.595736,9.482905,0.181209,198.483093,995.701202,199.304527,-0.821434,186.038452,936.400269,187.590454,-1.552002,0
2026-07-31T17:12:14Z,F4FF7C54590B04C5,16.14,queries/tpch/Core/08_sorting/sort_date.sql,2,1,5,7.028520,34.442060,6.853385,0.175135,146.266602,717.352722,142.771530,3.495071,138.097961,677.359253,134.815323,3.282639,0
2026-07-31T17:13:41Z,F4FF7C54590B04C5,16.14,queries/tpch/Core/08_sorting/sort_desc.sql,2,1,5,7.395713,36.101717,7.176501,0.219212,153.560242,789.326233,158.941498,-5.381256,143.930481,742.159424,149.557236,-5.626755,0
2026-07-31T17:15:08Z,F4FF7C54590B04C5,16.14,queries/tpch/Core/08_sorting/sort_int.sql,2,1,5,7.132459,36.212377,7.269979,-0.137521,159.270935,762.062531,150.697899,8.573036,149.921387,716.225403,141.576004,8.345383,0
2026-07-31T17:16:24Z,F4FF7C54590B04C5,16.14,queries/tpch/Core/08_sorting/sort_int_presorted.sql,2,1,5,6.417471,31.564817,6.286837,0.130634,125.750610,627.292389,125.385445,0.365166,118.775574,593.165070,118.597374,0.178200,0
2026-07-31T17:20:13Z,F4FF7C54590B04C5,16.14,queries/tpch/Core/08_sorting/sort_numeric.sql,2,1,5,18.797285,95.689443,19.223039,-0.425754,395.510071,1943.203003,386.923233,8.586838,376.805420,1848.117157,367.827934,8.977486,0
2026-07-31T17:39:57Z,F4FF7C54590B04C5,16.14,queries/tpch/Core/08_sorting/sort_text.sql,2,1,5,97.735216,492.964821,98.807401,-1.072185,2039.286133,10100.924622,2015.409622,23.876511,1946.431946,9624.054443,1919.405624,27.026321,0
2026-07-31T17:43:27Z,F4FF7C54590B04C5,16.14,queries/tpch/Core/08_sorting/sort_text_collate_c.sql,2,1,5,17.173150,88.158202,17.746263,-0.573113,362.245422,1832.155243,367.477455,-5.232033,329.170776,1675.513519,336.585686,-7.414909,0
2026-07-31T17:43:43Z,F4FF7C54590B04C5,16.14,queries/tpch/Core/08_sorting/sort_topn_100.sql,2,1,5,1.356340,6.400745,1.261101,0.095239,29.265930,140.868744,27.900703,1.365227,27.448853,131.380035,25.982796,1.466057,0
2026-07-31T17:45:24Z,F4FF7C54590B04C5,16.14,queries/tpch/Core/09_set_operations/except.sql,2,1,5,8.462457,42.032849,8.392598,0.069859,104.913818,505.079407,100.041397,4.872421,96.854858,465.806946,92.238022,4.616837,0
2026-07-31T17:47:05Z,F4FF7C54590B04C5,16.14,queries/tpch/Core/09_set_operations/except_all.sql,2,1,5,8.548348,42.020648,8.368075,0.180272,99.731628,491.523041,97.947853,1.783775,91.749573,452.704651,90.238770,1.510803,0
2026-07-31T17:48:46Z,F4FF7C54590B04C5,16.14,queries/tpch/Core/09_set_operations/intersect.sql,2,1,5,8.551440,42.051138,8.374924,0.176516,99.392395,492.905182,98.378197,1.014198,91.422607,454.256104,90.708374,0.714233,0
2026-07-31T17:50:30Z,F4FF7C54590B04C5,16.14,queries/tpch/Core/09_set_operations/intersect_all.sql,2,1,5,8.787545,43.028879,8.560333,0.227212,101.678345,501.335205,99.914215,1.764130,93.510742,461.665466,92.038681,1.472061,0
2026-07-31T17:51:46Z,F4FF7C54590B04C5,16.14,queries/tpch/Core/09_set_operations/union.sql,2,1,5,6.375133,31.461660,6.271632,0.103502,72.564148,360.948212,72.096016,0.468132,66.813721,332.300323,66.371651,0.442070,0
2026-07-31T17:52:07Z,F4FF7C54590B04C5,16.14,queries/tpch/Core/09_set_operations/union_all.sql,2,1,5,1.848871,8.792358,1.735872,0.113000,22.072937,106.365875,21.073235,0.999702,20.261658,98.076111,19.453613,0.808044,0
2026-07-31T17:52:16Z,F4FF7C54590B04C5,16.14,queries/tpch/Core/10_subqueries_ctes/cte_inline.sql,2,1,5,0.848750,3.572692,0.680985,0.167765,9.307495,42.558899,8.312851,0.994644,8.418640,39.154510,7.683968,0.734673,0
2026-07-31T17:52:37Z,F4FF7C54590B04C5,16.14,queries/tpch/Core/10_subqueries_ctes/cte_materialized.sql,2,1,5,1.897601,8.745840,1.712060,0.185541,22.199829,106.069489,20.967415,1.232414,20.278992,97.908203,19.407303,0.871689,0
2026-07-31T17:52:43Z,F4FF7C54590B04C5,16.14,queries/tpch/Core/10_subqueries_ctes/cte_recursive.sql,2,1,5,0.520878,2.236731,0.428963,0.091915,5.905884,27.419250,5.378342,0.527542,5.372131,25.306335,4.983551,0.388580,0
2026-07-31T17:52:51Z,F4FF7C54590B04C5,16.14,queries/tpch/Core/10_subqueries_ctes/from_subquery.sql,2,1,5,0.806223,3.569964,0.690935,0.115287,9.204468,42.451630,8.311790,0.892677,8.389771,39.014771,7.656250,0.733521,0
2026-07-31T17:53:00Z,F4FF7C54590B04C5,16.14,queries/tpch/Core/10_subqueries_ctes/function_scan.sql,2,1,5,0.739097,3.353892,0.653699,0.085398,8.552551,41.128693,8.144035,0.408516,7.826538,37.988129,7.540398,0.286140,0
2026-07-31T17:54:21Z,F4FF7C54590B04C5,16.14,queries/tpch/Core/10_subqueries_ctes/lateral_limit.sql,2,1,5,6.889990,33.737911,6.711980,0.178010,69.981445,343.404907,68.355865,1.625580,59.750549,294.343170,58.648155,1.102394,0
2026-07-31T17:54:40Z,F4FF7C54590B04C5,16.14,queries/tpch/Core/10_subqueries_ctes/scalar_correlated.sql,2,1,5,1.737533,8.052420,1.578722,0.158811,19.350403,91.866211,18.128952,1.221451,17.785095,84.791870,16.751694,1.033401,0
2026-07-31T17:55:01Z,F4FF7C54590B04C5,16.14,queries/tpch/Core/10_subqueries_ctes/scalar_correlated_indexed.sql,2,1,5,1.887057,8.524422,1.659341,0.227716,22.766846,106.969574,21.050682,1.716164,21.032349,99.192688,19.540085,1.492264,0
2026-07-31T17:55:10Z,F4FF7C54590B04C5,16.14,queries/tpch/Core/10_subqueries_ctes/scalar_uncorrelated.sql,2,1,5,0.744473,3.492172,0.686925,0.057548,8.872498,41.528900,8.164101,0.708397,8.161743,38.112732,7.487747,0.673996,0
2026-07-31T17:55:10Z,F4FF7C54590B04C5,16.14,queries/tpch/Core/10_subqueries_ctes/values_scan.sql,2,1,5,0.039315,0.039964,0.000162,0.039153,0.502441,0.503082,0.000160,0.502281,0.436707,0.435852,-0.000214,0.436920,0
2026-07-31T17:57:54Z,F4FF7C54590B04C5,16.14,queries/tpch/Core/12_memory_workmem/hashagg_nospill.sql,2,1,5,13.741665,68.343540,13.650469,0.091196,61.565430,302.201019,60.158897,1.406532,48.968323,240.233398,47.816269,1.152054,0
2026-07-31T17:59:32Z,F4FF7C54590B04C5,16.14,queries/tpch/Core/12_memory_workmem/hashagg_spill.sql,2,1,5,8.580374,40.076903,7.874132,0.706242,149.946899,815.764282,166.454346,-16.507446,140.005432,760.224884,155.054863,-15.049431,0
2026-07-31T17:59:45Z,F4FF7C54590B04C5,16.14,queries/tpch/Core/12_memory_workmem/hashjoin_manybatch.sql,2,1,5,1.108068,5.301809,1.048435,0.059633,25.978088,121.538361,23.890068,2.088020,24.787659,116.047821,22.815041,1.972618,0
2026-07-31T17:59:54Z,F4FF7C54590B04C5,16.14,queries/tpch/Core/12_memory_workmem/hashjoin_onebatch.sql,2,1,5,0.875203,3.902461,0.756815,0.118388,17.935730,86.927734,17.248001,0.687729,17.023621,83.056915,16.508324,0.515297,0
2026-07-31T18:01:32Z,F4FF7C54590B04C5,16.14,queries/tpch/Core/12_memory_workmem/sort_nospill.sql,2,1,5,8.407466,40.439393,8.007982,0.399484,100.157166,470.330811,92.543411,7.613754,90.436829,424.783600,83.586693,6.850136,0
2026-07-31T18:02:55Z,F4FF7C54590B04C5,16.14,queries/tpch/Core/12_memory_workmem/sort_spill.sql,2,1,5,6.924919,35.012164,7.021811,-0.096893,170.254883,788.809753,154.638718,15.616165,161.219971,745.023834,145.950966,15.269005,0
2026-07-31T18:07:30Z,F4FF7C54590B04C5,16.14,queries/tpch/Core/12_memory_workmem/window_nospill.sql,2,1,5,23.167942,114.238082,22.767535,0.400407,205.048584,1025.687744,205.159790,-0.111206,182.752014,916.873810,183.530449,-0.778435,0
2026-07-31T18:38:11Z,F4FF7C54590B04C5,16.14,queries/tpch/Core/12_memory_workmem/window_spill.sql,2,1,5,158.162704,762.196664,151.008490,7.154214,1721.600708,8325.315491,1650.928696,70.672012,1581.103210,7651.577087,1517.618469,63.484741,0
2026-07-31T18:41:12Z,F4FF7C54590B04C5,16.14,queries/tpch/Core/12_memory_workmem/window_tail_spill.sql,2,1,5,14.932101,75.488359,15.139064,-0.206963,276.211548,1383.094360,276.720703,-0.509155,260.599426,1302.869171,260.567436,0.031990,0
2026-07-31T18:43:00Z,F4FF7C54590B04C5,16.14,queries/tpch/Core/13_jit/jit_inline.sql,2,1,5,8.897315,45.281171,9.095964,-0.198649,209.958740,1004.138245,198.544876,11.413864,201.507935,961.778687,190.067688,11.440247,0
2026-07-31T18:44:50Z,F4FF7C54590B04C5,16.14,queries/tpch/Core/13_jit/jit_off.sql,2,1,5,9.210577,45.954462,9.185971,0.024606,202.107727,1006.347137,201.059853,1.047874,193.385986,963.341919,192.488983,0.897003,0
2026-07-31T18:46:39Z,F4FF7C54590B04C5,16.14,queries/tpch/Core/13_jit/jit_on.sql,2,1,5,9.058810,45.365755,9.076736,-0.017926,202.902771,995.583038,198.170067,4.732704,194.300537,953.021881,189.680336,4.620201,0
2026-07-31T18:48:21Z,F4FF7C54590B04C5,16.14,queries/tpch/Core/13_jit/jit_optimize.sql,2,1,5,8.579377,42.387947,8.452142,0.127234,181.327759,905.026093,180.924583,0.403175,173.170776,865.050323,172.969887,0.200890,0
2026-07-31T18:50:05Z,F4FF7C54590B04C5,16.14,queries/tpch/Core/14_modern_nodes/incremental_sort.sql,2,1,5,8.673036,43.019519,8.586621,0.086415,109.536316,528.055481,104.629791,4.906525,101.077759,486.225555,96.286949,4.790810,0
2026-07-31T18:51:33Z,F4FF7C54590B04C5,16.14,queries/tpch/Core/14_modern_nodes/incremental_sort_off.sql,2,1,5,7.119162,37.054940,7.483944,-0.364782,169.093079,788.032288,154.734802,14.358276,160.482849,743.205200,145.680588,14.802261,0
2026-07-31T19:41:18Z,F4FF7C54590B04C5,16.14,queries/tpch/Core/14_modern_nodes/memoize.sql,2,1,5,244.648352,1245.328522,250.170042,-5.521690,3012.743408,15025.814789,3003.267845,9.475563,2753.382874,13826.270477,2768.221901,-14.839027,0
2026-07-31T20:05:25Z,F4FF7C54590B04C5,16.14,queries/tpch/Core/14_modern_nodes/memoize_off.sql,2,1,5,120.606228,603.130971,120.631186,-0.024958,1532.660950,7744.897766,1553.059204,-20.398254,1426.741455,7212.803314,1446.515465,-19.774010,0
2026-07-31T20:06:10Z,F4FF7C54590B04C5,16.14,queries/tpch/Functions/00_baseline/char.sql,2,1,5,3.927847,18.905970,3.744531,0.183317,44.938965,216.297699,42.839684,2.099281,41.062744,198.535126,39.368095,1.694649,0
2026-07-31T20:06:53Z,F4FF7C54590B04C5,16.14,queries/tpch/Functions/00_baseline/date.sql,2,1,5,3.630881,17.437837,3.451739,0.179142,41.441284,202.747711,40.326607,1.114677,38.002197,186.486847,37.121162,0.881035,0
2026-07-31T20:07:15Z,F4FF7C54590B04C5,16.14,queries/tpch/Functions/00_baseline/int.sql,2,1,5,1.892726,9.197359,1.826158,0.066567,23.669861,114.443542,22.693420,0.976440,21.949158,105.841309,20.973038,0.976120,0
2026-07-31T20:07:50Z,F4FF7C54590B04C5,16.14,queries/tpch/Functions/00_baseline/numeric.sql,2,1,5,3.010719,14.507146,2.874107,0.136612,35.462952,174.340271,34.719330,0.743622,32.539429,160.409790,31.967590,0.571838,0
2026-07-31T20:08:37Z,F4FF7C54590B04C5,16.14,queries/tpch/Functions/00_baseline/text.sql,2,1,5,4.048479,19.572144,3.880916,0.167562,46.006714,223.372345,44.341408,1.665306,42.082092,205.347717,40.816406,1.265686,0
2026-07-31T20:09:38Z,F4FF7C54590B04C5,16.14,queries/tpch/Functions/09-01_logical/and.sql,2,1,5,5.222822,25.230806,5.001996,0.220826,60.259644,300.000763,59.935280,0.324364,55.502991,277.111420,55.402107,0.100883,0
2026-07-31T20:10:31Z,F4FF7C54590B04C5,16.14,queries/tpch/Functions/09-01_logical/not.sql,2,1,5,4.491489,21.786785,4.323824,0.167665,52.413818,257.401825,51.247002,1.166817,48.255066,237.377411,47.280586,0.974480,0
2026-07-31T20:11:27Z,F4FF7C54590B04C5,16.14,queries/tpch/Functions/09-01_logical/or.sql,2,1,5,4.772640,23.209022,4.609096,0.163544,56.215149,274.430878,54.553932,1.661217,51.722656,253.365814,50.410789,1.311867,0
2026-07-31T20:12:26Z,F4FF7C54590B04C5,16.14,queries/tpch/Functions/09-02_comparison/between.sql,2,1,5,5.087778,24.463273,4.843874,0.243904,59.880554,287.892639,57.003021,2.877533,55.212097,265.882324,52.667557,2.544540,0
2026-07-31T20:13:36Z,F4FF7C54590B04C5,16.14,queries/tpch/Functions/09-02_comparison/between_symmetric.sql,2,1,5,5.966842,29.222695,5.813963,0.152879,69.483521,349.647980,70.041115,-0.557594,64.133362,323.209900,64.769135,-0.635773,0
2026-07-31T20:14:26Z,F4FF7C54590B04C5,16.14,queries/tpch/Functions/09-02_comparison/eq.sql,2,1,5,4.256283,20.634920,4.094659,0.161623,49.475342,246.306061,49.207680,0.267662,45.491638,227.329468,45.459457,0.032181,0
2026-07-31T20:15:16Z,F4FF7C54590B04C5,16.14,queries/tpch/Functions/09-02_comparison/ge.sql,2,1,5,4.249665,20.600633,4.087742,0.161923,49.587952,244.005737,48.604446,0.983505,45.585815,225.130615,44.886200,0.699615,0
2026-07-31T20:16:13Z,F4FF7C54590B04C5,16.14,queries/tpch/Functions/09-02_comparison/greatest.sql,2,1,5,4.899936,23.785359,4.721356,0.178581,58.174255,283.481018,56.326691,1.847565,53.701355,261.988159,52.071701,1.629654,0
2026-07-31T20:17:03Z,F4FF7C54590B04C5,16.14,queries/tpch/Functions/09-02_comparison/gt.sql,2,1,5,4.289602,20.795591,4.126497,0.163104,49.813477,245.340088,48.881653,0.931824,45.784851,226.465881,45.170258,0.614594,0
2026-07-31T20:17:53Z,F4FF7C54590B04C5,16.14,queries/tpch/Functions/09-02_comparison/is_distinct_from.sql,2,1,5,4.344761,20.783706,4.109736,0.235024,50.152466,244.456696,48.576057,1.576408,46.119385,225.657928,44.884636,1.234749,0
2026-07-31T20:18:44Z,F4FF7C54590B04C5,16.14,queries/tpch/Functions/09-02_comparison/is_not_distinct_from.sql,2,1,5,4.326603,20.920140,4.148384,0.178219,50.788757,244.457550,48.417198,2.371559,46.705566,225.552307,44.711685,1.993881,0
2026-07-31T20:19:31Z,F4FF7C54590B04C5,16.14,queries/tpch/Functions/09-02_comparison/is_not_null.sql,2,1,5,4.069970,19.617038,3.886767,0.183202,45.294617,222.457397,44.290695,1.003922,41.543823,204.656982,40.778290,0.765533,0
2026-07-31T20:20:18Z,F4FF7C54590B04C5,16.14,queries/tpch/Functions/09-02_comparison/is_null.sql,2,1,5,4.070292,19.601598,3.882826,0.187466,45.666687,221.155792,43.872276,1.794411,41.907288,203.284882,40.344398,1.562889,0
2026-07-31T20:21:08Z,F4FF7C54590B04C5,16.14,queries/tpch/Functions/09-02_comparison/le.sql,2,1,5,4.272381,20.640059,4.091920,0.180461,49.618591,243.272491,48.413475,1.205116,45.676208,224.540222,44.716003,0.960205,0
2026-07-31T20:22:05Z,F4FF7C54590B04C5,16.14,queries/tpch/Functions/09-02_comparison/least.sql,2,1,5,4.899501,23.680597,4.695274,0.204227,57.660828,278.661011,55.250046,2.410782,53.145691,257.371246,51.056389,2.089302,0
2026-07-31T20:22:55Z,F4FF7C54590B04C5,16.14,queries/tpch/Functions/09-02_comparison/lt.sql,2,1,5,4.229495,20.449796,4.055075,0.174419,49.161377,239.430664,47.567322,1.594055,45.258301,220.857391,43.899773,1.358528,0
2026-07-31T20:23:44Z,F4FF7C54590B04C5,16.14,queries/tpch/Functions/09-02_comparison/ne.sql,2,1,5,4.210425,20.298580,4.022039,0.188387,48.904968,237.610077,47.176277,1.728691,44.967590,219.156952,43.547340,1.420250,0
2026-07-31T20:24:43Z,F4FF7C54590B04C5,16.14,queries/tpch/Functions/09-02_comparison/not_between.sql,2,1,5,5.073797,24.674755,4.900240,0.173557,58.961792,289.347870,57.596519,1.365273,54.375122,267.178284,53.200790,1.174332,0
2026-07-31T20:25:20Z,F4FF7C54590B04C5,16.14,queries/tpch/Functions/09-02_comparison/num_nonnulls.sql,2,1,5,3.205593,15.311549,3.026489,0.179104,37.714783,180.991516,35.819183,1.895599,34.633179,166.843872,33.052673,1.580505,0
2026-07-31T20:25:58Z,F4FF7C54590B04C5,16.14,queries/tpch/Functions/09-02_comparison/num_nulls.sql,2,1,5,3.212262,15.390674,3.044603,0.167659,37.923035,184.286163,36.590782,1.332253,34.891357,170.026550,33.783798,1.107559,0
2026-07-31T20:27:08Z,F4FF7C54590B04C5,16.14,queries/tpch/Functions/09-03_math/abs.sql,2,1,5,5.962889,29.145728,5.795710,0.167179,70.550049,348.901001,69.587738,0.962311,65.055908,322.667450,64.402885,0.653023,0
2026-07-31T20:28:44Z,F4FF7C54590B04C5,16.14,queries/tpch/Functions/09-03_math/acos.sql,2,1,5,8.092859,39.822330,7.932368,0.160491,94.254395,465.541046,92.821663,1.432732,87.005737,430.066254,85.765129,1.240608,0
2026-07-31T20:30:11Z,F4FF7C54590B04C5,16.14,queries/tpch/Functions/09-03_math/acosh.sql,2,1,5,7.408719,36.416421,7.251925,0.156793,86.450928,427.894592,85.360916,1.090012,79.763489,395.220490,78.864250,0.899239,0
2026-07-31T20:31:23Z,F4FF7C54590B04C5,16.14,queries/tpch/Functions/09-03_math/add.sql,2,1,5,6.092975,29.851538,5.939641,0.153334,72.575134,358.188385,71.403313,1.171822,67.036682,331.276581,66.059975,0.976707,0
2026-07-31T20:33:31Z,F4FF7C54590B04C5,16.14,queries/tpch/Functions/09-03_math/add_float8.sql,2,1,5,10.722450,53.175282,10.613208,0.109242,125.447449,620.246887,123.699860,1.747589,116.060974,573.790436,114.432365,1.628609,0
2026-07-31T20:35:06Z,F4FF7C54590B04C5,16.14,queries/tpch/Functions/09-03_math/asin.sql,2,1,5,8.069185,39.576425,7.876810,0.192375,93.987305,455.646240,90.414734,3.572571,86.669373,420.475861,83.451622,3.217751,0
2026-07-31T20:36:34Z,F4FF7C54590B04C5,16.14,queries/tpch/Functions/09-03_math/asinh.sql,2,1,5,7.433818,36.409541,7.243931,0.189887,86.633667,420.023834,83.347542,3.286125,79.848206,387.558868,76.927666,2.920540,0
2026-07-31T20:37:58Z,F4FF7C54590B04C5,16.14,queries/tpch/Functions/09-03_math/atan.sql,2,1,5,7.122982,35.027235,6.976063,0.146919,82.956726,418.685455,83.932182,-0.975456,76.507874,387.091034,77.645790,-1.137917,0
2026-07-31T20:40:18Z,F4FF7C54590B04C5,16.14,queries/tpch/Functions/09-03_math/atan2.sql,2,1,5,11.707645,57.999044,11.572850,0.134795,136.409058,692.172699,138.940910,-2.531853,126.139038,641.109741,128.742676,-2.603638,0
2026-07-31T20:41:59Z,F4FF7C54590B04C5,16.14,queries/tpch/Functions/09-03_math/atanh.sql,2,1,5,8.593608,42.146776,8.388292,0.205316,98.404175,479.931396,95.381805,3.022369,90.630188,442.739166,88.027245,2.602943,0
2026-07-31T20:43:59Z,F4FF7C54590B04C5,16.14,queries/tpch/Functions/09-03_math/cbrt.sql,2,1,5,10.128753,49.803663,9.918728,0.210025,114.950806,564.953308,112.500626,2.450180,105.907715,521.308258,103.850136,2.057579,0
2026-07-31T20:46:05Z,F4FF7C54590B04C5,16.14,queries/tpch/Functions/09-03_math/ceil.sql,2,1,5,10.681670,52.475442,10.448443,0.233227,121.151611,598.508270,119.339165,1.812447,111.593567,-130519.461609,-32657.763794,32769.357361,0
2026-07-31T20:47:45Z,F4FF7C54590B04C5,16.14,queries/tpch/Functions/09-03_math/cos.sql,2,1,5,8.413351,41.341006,8.231914,0.181437,96.674255,473.835419,94.290291,2.383965,89.257263,437.283813,87.006638,2.250626,0
2026-07-31T20:49:28Z,F4FF7C54590B04C5,16.14,queries/tpch/Functions/09-03_math/cosh.sql,2,1,5,8.726964,42.876737,8.537443,0.189521,99.167969,487.868866,97.175224,1.992744,91.422180,449.985931,89.640938,1.781242,0
2026-07-31T20:51:02Z,F4FF7C54590B04C5,16.14,queries/tpch/Functions/09-03_math/degrees.sql,2,1,5,7.912517,38.924655,7.753035,0.159482,90.404724,453.996155,90.897858,-0.493134,83.239014,419.282043,84.010757,-0.771744,0
2026-07-31T20:52:19Z,F4FF7C54590B04C5,16.14,queries/tpch/Functions/09-03_math/div_fn.sql,2,1,5,6.584509,32.212097,6.406897,0.177611,76.413574,377.544098,75.282631,1.130943,70.487366,348.445099,69.489433,0.997932,0
2026-07-31T20:53:54Z,F4FF7C54590B04C5,16.14,queries/tpch/Functions/09-03_math/divide.sql,2,1,5,8.026595,39.106229,7.769909,0.256687,88.809570,435.280823,86.617813,2.191757,81.466492,400.586761,79.780067,1.686424,0
2026-07-31T20:55:31Z,F4FF7C54590B04C5,16.14,queries/tpch/Functions/09-03_math/exp_float8.sql,2,1,5,8.232873,40.404042,8.042792,0.190081,95.659119,472.029572,94.092613,1.566505,88.278259,436.192047,86.978447,1.299812,0
2026-07-31T21:05:35Z,F4FF7C54590B04C5,16.14,queries/tpch/Functions/09-03_math/exp_numeric.sql,2,1,5,50.406863,251.455804,50.262235,0.144627,574.161316,2865.467773,572.826614,1.334702,530.773315,2649.935425,529.790527,0.982788,0
2026-07-31T21:07:08Z,F4FF7C54590B04C5,16.14,queries/tpch/Functions/09-03_math/exponent.sql,2,1,5,7.933868,38.807753,7.718471,0.215396,94.620300,465.338074,92.679443,1.940857,87.491394,430.875793,85.846100,1.645294,0
2026-07-31T21:08:26Z,F4FF7C54590B04C5,16.14,queries/tpch/Functions/09-03_math/factorial.sql,2,1,5,6.641908,32.486157,6.461062,0.180845,79.236938,384.823792,76.396713,2.840225,73.210144,355.846527,70.659096,2.551048,0
2026-07-31T21:10:22Z,F4FF7C54590B04C5,16.14,queries/tpch/Functions/09-03_math/floor.sql,2,1,5,9.734888,48.113096,9.594552,0.140335,110.688843,553.412781,110.680984,0.007858,102.053955,510.835571,102.195404,-0.141449,0
2026-07-31T21:11:36Z,F4FF7C54590B04C5,16.14,queries/tpch/Functions/09-03_math/gcd.sql,2,1,5,6.230355,30.482556,6.063050,0.167305,61.147400,301.794525,60.161781,0.985619,55.560181,274.644531,54.771088,0.789093,0
2026-07-31T21:12:20Z,F4FF7C54590B04C5,16.14,queries/tpch/Functions/09-03_math/lcm.sql,2,1,5,3.799116,18.248141,3.612256,0.186859,43.210205,208.227753,41.254387,1.955818,39.693665,191.526672,37.958252,1.735413,0
2026-07-31T21:13:42Z,F4FF7C54590B04C5,16.14,queries/tpch/Functions/09-03_math/ln_float8.sql,2,1,5,7.051456,34.176654,6.781300,0.270156,83.848206,404.663757,80.203888,3.644318,77.461914,374.082062,74.155037,3.306877,0
2026-07-31T21:37:01Z,F4FF7C54590B04C5,16.14,queries/tpch/Functions/09-03_math/ln_numeric.sql,2,1,5,116.362307,582.866828,116.626130,-0.263823,1274.474731,6455.001465,1295.131683,-20.656952,1174.781921,5952.290070,1194.377037,-19.595116,0
2026-07-31T21:38:26Z,F4FF7C54590B04C5,16.14,queries/tpch/Functions/09-03_math/log10_float8.sql,2,1,5,7.252845,35.373614,7.030192,0.222653,85.087463,420.917694,83.957558,1.129906,78.364868,388.476288,77.527855,0.837013,0
2026-07-31T23:11:53Z,F4FF7C54590B04C5,16.14,queries/tpch/Functions/09-03_math/log10_numeric.sql,2,1,5,466.436051,2336.349009,467.478240,-1.042189,-256962.188721,25925.423889,70721.903152,-327684.091873,4781.809143,23929.416199,4786.901764,-5.092621,0
2026-08-01T00:34:27Z,F4FF7C54590B04C5,16.14,queries/tpch/Functions/09-03_math/log_base.sql,2,1,5,413.912153,2063.753549,412.460349,1.451804,4588.799072,22829.037262,4560.059547,28.739525,4235.150696,21070.974609,4208.955978,26.194717,0
2026-08-01T00:35:22Z,F4FF7C54590B04C5,16.14,queries/tpch/Functions/09-03_math/min_scale.sql,2,1,5,4.648918,22.587932,4.484753,0.164165,52.535400,257.413330,51.219482,1.315918,48.230164,236.970123,47.184990,1.045174,0
2026-08-01T00:35:49Z,F4FF7C54590B04C5,16.14,queries/tpch/Functions/09-03_math/mod_fn.sql,2,1,5,2.385916,11.172383,2.196617,0.189300,28.346313,136.558716,27.053101,1.293213,26.114014,126.368073,25.063515,1.050499,0
2026-08-01T00:36:16Z,F4FF7C54590B04C5,16.14,queries/tpch/Functions/09-03_math/modulo.sql,2,1,5,2.442031,11.207652,2.191405,0.250626,28.946655,135.639526,26.673218,2.273438,26.692871,125.536163,24.710823,1.982048,0
2026-08-01T00:37:34Z,F4FF7C54590B04C5,16.14,queries/tpch/Functions/09-03_math/multiply.sql,2,1,5,6.607663,32.341985,6.433580,0.174083,78.644470,385.752289,76.776955,1.867516,72.626282,356.858643,71.058090,1.568192,0
2026-08-01T00:39:42Z,F4FF7C54590B04C5,16.14,queries/tpch/Functions/09-03_math/multiply_float8.sql,2,1,5,10.739639,53.270213,10.632643,0.106996,125.636963,623.127869,124.372726,1.264236,116.160767,576.368866,115.052025,1.108742,0
2026-08-01T00:41:00Z,F4FF7C54590B04C5,16.14,queries/tpch/Functions/09-03_math/pi.sql,2,1,5,6.601985,32.396402,6.448604,0.153380,78.595459,385.877533,76.820518,1.774940,72.543213,356.768402,71.056297,1.486916,0
2026-08-01T00:42:31Z,F4FF7C54590B04C5,16.14,queries/tpch/Functions/09-03_math/power_float8.sql,2,1,5,7.680979,37.702445,7.505367,0.175612,90.857056,444.206421,88.337341,2.519714,83.874817,410.776184,81.725342,2.149475,0
2026-08-01T00:44:05Z,F4FF7C54590B04C5,16.14,queries/tpch/Functions/09-03_math/power_numeric.sql,2,1,5,7.897002,38.823202,7.731550,0.165452,93.898315,465.582947,92.921158,0.977158,86.817871,431.119019,86.075287,0.742584,0
2026-08-01T00:45:23Z,F4FF7C54590B04C5,16.14,queries/tpch/Functions/09-03_math/radians.sql,2,1,5,6.678174,32.669860,6.497921,0.180252,78.764526,388.351135,77.396652,1.367874,72.715210,359.100006,71.596199,1.119011,0
2026-08-01T00:45:51Z,F4FF7C54590B04C5,16.14,queries/tpch/Functions/09-03_math/random.sql,2,1,5,2.525578,11.605370,2.269948,0.255630,30.065857,145.077454,28.752899,1.312958,27.742676,134.566345,26.705917,1.036758,0
2026-08-01T00:47:45Z,F4FF7C54590B04C5,16.14,queries/tpch/Functions/09-03_math/round.sql,2,1,5,9.536573,47.040589,9.376004,0.160570,108.248108,534.216309,106.492050,1.756058,99.812988,492.639862,98.206718,1.606270,0
2026-08-01T00:49:38Z,F4FF7C54590B04C5,16.14,queries/tpch/Functions/09-03_math/round_scale.sql,2,1,5,9.557756,47.077908,9.380038,0.177719,106.640869,523.868561,104.306923,2.333946,98.212585,482.404205,96.047905,2.164680,0
2026-08-01T00:50:31Z,F4FF7C54590B04C5,16.14,queries/tpch/Functions/09-03_math/scale.sql,2,1,5,4.505663,21.932434,4.356693,0.148970,51.037598,250.565094,49.881874,1.155724,46.827454,230.508392,45.920235,0.907219,0
2026-08-01T00:51:46Z,F4FF7C54590B04C5,16.14,queries/tpch/Functions/09-03_math/sign.sql,2,1,5,6.380933,31.130531,6.187400,0.193533,75.947144,372.777954,74.207703,1.739441,70.131287,344.681335,68.637512,1.493774,0
2026-08-01T00:53:24Z,F4FF7C54590B04C5,16.14,queries/tpch/Functions/09-03_math/sin.sql,2,1,5,8.282048,40.721302,8.109813,0.172235,96.457642,475.708191,94.812637,1.645004,89.006714,439.503448,87.624184,1.382530,0
2026-08-01T00:55:07Z,F4FF7C54590B04C5,16.14,queries/tpch/Functions/09-03_math/sinh.sql,2,1,5,8.741301,43.043344,8.575511,0.165791,100.772888,494.022583,98.312424,2.460464,92.938904,456.012817,90.768478,2.170425,0
2026-08-01T00:56:58Z,F4FF7C54590B04C5,16.14,queries/tpch/Functions/09-03_math/sqrt_float8.sql,2,1,5,9.305759,45.859326,9.138392,0.167367,106.632751,525.500427,104.716919,1.915833,98.186523,484.981262,96.698685,1.487839,0
2026-08-01T00:58:53Z,F4FF7C54590B04C5,16.14,queries/tpch/Functions/09-03_math/sqrt_numeric.sql,2,1,5,9.735776,48.073871,9.584524,0.151252,110.350525,547.304474,109.238487,1.112038,101.661865,504.873566,100.802925,0.858940,0
2026-08-01T01:00:06Z,F4FF7C54590B04C5,16.14,queries/tpch/Functions/09-03_math/subtract.sql,2,1,5,6.092705,30.035582,5.985719,0.106985,71.558350,358.113892,71.638885,-0.080536,66.139282,331.088898,66.237404,-0.098122,0
2026-08-01T01:01:46Z,F4FF7C54590B04C5,16.14,queries/tpch/Functions/09-03_math/tan.sql,2,1,5,8.507844,41.737829,8.307496,0.200348,97.883057,484.400421,96.629341,1.253716,90.114014,447.316010,89.300499,0.813515,0
2026-08-01T01:03:26Z,F4FF7C54590B04C5,16.14,queries/tpch/Functions/09-03_math/tanh.sql,2,1,5,8.463119,41.532455,8.267334,0.195785,98.002686,478.453644,95.112740,2.889946,90.256104,441.664337,87.852058,2.404045,0
2026-08-01T01:04:30Z,F4FF7C54590B04C5,16.14,queries/tpch/Functions/09-03_math/trim_scale.sql,2,1,5,5.444388,26.532407,5.272005,0.172384,62.893433,309.152344,61.564728,1.328705,57.925720,285.311249,56.846382,1.079338,0
2026-08-01T01:06:21Z,F4FF7C54590B04C5,16.14,queries/tpch/Functions/09-03_math/trunc.sql,2,1,5,9.322326,46.006118,9.170948,0.151378,104.515320,524.200806,104.921371,-0.406052,96.171631,483.376892,96.801315,-0.629684,0
2026-08-01T01:08:12Z,F4FF7C54590B04C5,16.14,queries/tpch/Functions/09-03_math/trunc_scale.sql,2,1,5,9.378118,46.210296,9.208044,0.170074,106.314270,522.511078,104.049202,2.265068,97.969116,481.711273,95.935539,2.033577,0
2026-08-01T01:09:00Z,F4FF7C54590B04C5,16.14,queries/tpch/Functions/09-03_math/unary_minus.sql,2,1,5,4.072986,19.720458,3.911868,0.161118,48.279297,235.815918,46.884155,1.395142,44.500610,217.755737,43.313782,1.186829,0
2026-08-01T01:11:41Z,F4FF7C54590B04C5,16.14,queries/tpch/Functions/09-03_math/width_bucket.sql,2,1,5,13.547603,67.022075,13.368618,0.178985,158.007874,782.902435,156.223640,1.784233,146.083069,724.203827,144.530190,1.552879,0
2026-08-01T01:12:30Z,F4FF7C54590B04C5,16.14,queries/tpch/Functions/09-04_string/ascii.sql,2,1,5,4.224763,20.441024,4.054065,0.170698,46.950562,231.633209,46.170662,0.779900,43.058472,213.098663,42.510048,0.548424,0
2026-08-01T01:13:20Z,F4FF7C54590B04C5,16.14,queries/tpch/Functions/09-04_string/bit_length.sql,2,1,5,4.249564,20.584371,4.083702,0.165862,47.763367,232.154388,46.097755,1.665611,43.875610,213.430450,42.388710,1.486900,0
2026-08-01T01:15:17Z,F4FF7C54590B04C5,16.14,queries/tpch/Functions/09-04_string/btrim.sql,2,1,5,9.901417,48.884883,9.745867,0.155551,117.623291,585.675049,117.012939,0.610352,108.756042,542.559204,108.450790,0.305252,0
2026-08-01T01:15:58Z,F4FF7C54590B04C5,16.14,queries/tpch/Functions/09-04_string/cast_text.sql,2,1,5,3.547508,16.997178,3.362418,0.185091,42.422546,205.786591,40.841011,1.581535,39.192505,190.556305,37.840950,1.351555,0
2026-08-01T01:17:07Z,F4FF7C54590B04C5,16.14,queries/tpch/Functions/09-04_string/char_length.sql,2,1,5,5.848531,28.635093,5.696641,0.151890,66.451355,326.706238,65.063721,1.387634,61.094910,300.922424,59.956879,1.138031,0
2026-08-01T01:17:53Z,F4FF7C54590B04C5,16.14,queries/tpch/Functions/09-04_string/chr.sql,2,1,5,3.942237,19.064665,3.780607,0.161630,45.706848,224.166046,44.614799,1.092049,42.059143,206.522247,41.115776,0.943367,0
2026-08-01T01:19:16Z,F4FF7C54590B04C5,16.14,queries/tpch/Functions/09-04_string/concat_fn.sql,2,1,5,6.942922,34.304192,6.840317,0.102605,82.982971,408.826263,81.460823,1.522148,76.736145,378.097992,75.340462,1.395683,0
2026-08-01T01:20:16Z,F4FF7C54590B04C5,16.14,queries/tpch/Functions/09-04_string/concat_op.sql,2,1,5,5.099165,24.827030,4.931966,0.167199,58.558105,284.264709,56.426651,2.131454,53.913391,261.864777,51.987846,1.925545,0
2026-08-01T01:21:42Z,F4FF7C54590B04C5,16.14,queries/tpch/Functions/09-04_string/concat_ws.sql,2,1,5,7.303913,35.868129,7.141054,0.162859,86.557312,429.157166,85.649963,0.907349,80.004639,397.062164,79.264381,0.740257,0
2026-08-01T01:23:43Z,F4FF7C54590B04C5,16.14,queries/tpch/Functions/09-04_string/format.sql,2,1,5,10.177129,50.242443,10.016329,0.160800,122.231995,612.060455,122.457115,-0.225121,113.183044,567.867981,113.671234,-0.488190,0
2026-08-01T01:27:19Z,F4FF7C54590B04C5,16.14,queries/tpch/Functions/09-04_string/initcap.sql,2,1,5,18.063765,89.754531,17.922692,0.141073,213.643799,1055.291779,210.411995,3.231804,197.912231,977.220551,194.827080,3.085152,0
2026-08-01T01:28:29Z,F4FF7C54590B04C5,16.14,queries/tpch/Functions/09-04_string/left.sql,2,1,5,5.993476,29.371507,5.844508,0.148968,69.587524,343.824158,68.559158,1.028366,64.157166,317.332550,63.293846,0.863319,0
2026-08-01T01:29:38Z,F4FF7C54590B04C5,16.14,queries/tpch/Functions/09-04_string/length.sql,2,1,5,5.799713,28.644946,5.711308,0.088405,66.269287,326.701080,65.107948,1.161339,61.011536,301.032410,60.005219,1.006317,0
2026-08-01T01:32:32Z,F4FF7C54590B04C5,16.14,queries/tpch/Functions/09-04_string/lower.sql,2,1,5,14.557339,72.153726,14.399097,0.158242,173.727966,863.244659,172.379173,1.348793,160.997131,800.198761,159.800407,1.196724,0
2026-08-01T01:35:13Z,F4FF7C54590B04C5,16.14,queries/tpch/Functions/09-04_string/lpad.sql,2,1,5,13.557908,67.014027,13.364030,0.193878,157.039001,772.187866,153.787216,3.251785,145.098938,713.570801,142.117966,2.980972,0
2026-08-01T01:37:09Z,F4FF7C54590B04C5,16.14,queries/tpch/Functions/09-04_string/ltrim.sql,2,1,5,9.778509,48.114000,9.583873,0.194636,116.393738,577.191376,115.199409,1.194328,107.707764,534.723267,106.753876,0.953888,0
2026-08-01T01:42:33Z,F4FF7C54590B04C5,16.14,queries/tpch/Functions/09-04_string/md5.sql,2,1,5,27.165730,134.909553,26.935956,0.229775,315.018311,1576.069397,315.262772,-0.244461,291.548462,1459.110138,291.890419,-0.341957,0
2026-08-01T01:43:22Z,F4FF7C54590B04C5,16.14,queries/tpch/Functions/09-04_string/octet_length.sql,2,1,5,4.236231,20.506287,4.067514,0.168717,47.357788,228.706238,45.337112,2.020676,43.380615,210.154510,41.693474,1.687141,0
2026-08-01T01:45:20Z,F4FF7C54590B04C5,16.14,queries/tpch/Functions/09-04_string/overlay.sql,2,1,5,9.927383,48.974905,9.761880,0.165503,117.944519,582.956573,116.253014,1.691505,109.058167,539.773407,107.678810,1.379356,0
2026-08-01T01:46:36Z,F4FF7C54590B04C5,16.14,queries/tpch/Functions/09-04_string/position.sql,2,1,5,6.450888,31.540990,6.272525,0.178363,72.674927,355.977142,70.825554,1.849373,66.780334,327.616150,65.208954,1.571381,0
2026-08-01T01:48:22Z,F4FF7C54590B04C5,16.14,queries/tpch/Functions/09-04_string/quote_ident.sql,2,1,5,8.892556,43.761432,8.717219,0.175337,97.323181,475.827606,94.626106,2.697075,89.374146,437.150391,86.944061,2.430084,0
2026-08-01T01:49:32Z,F4FF7C54590B04C5,16.14,queries/tpch/Functions/09-04_string/quote_literal.sql,2,1,5,6.027564,29.446419,5.854714,0.172851,67.167419,327.938843,65.192856,1.974564,61.684387,301.603668,59.979820,1.704567,0
2026-08-01T01:50:32Z,F4FF7C54590B04C5,16.14,queries/tpch/Functions/09-04_string/repeat.sql,2,1,5,5.101171,24.805525,4.926089,0.175082,57.676514,283.973053,56.574135,1.102379,53.044922,261.583160,52.134560,0.910362,0
2026-08-01T01:52:03Z,F4FF7C54590B04C5,16.14,queries/tpch/Functions/09-04_string/replace.sql,2,1,5,7.647986,37.617216,7.492308,0.155678,88.999573,441.047241,88.011917,0.987656,82.079468,407.364075,81.321152,0.758316,0
2026-08-01T01:53:42Z,F4FF7C54590B04C5,16.14,queries/tpch/Functions/09-04_string/reverse.sql,2,1,5,8.363328,41.147318,8.195998,0.167330,96.864502,476.136261,94.817940,2.046562,89.367004,439.540466,87.543365,1.823639,0
2026-08-01T01:55:20Z,F4FF7C54590B04C5,16.14,queries/tpch/Functions/09-04_string/right.sql,2,1,5,8.299479,40.817895,8.129604,0.169876,94.571289,466.246613,92.918831,1.652458,87.001709,430.063049,85.765335,1.236374,0
2026-08-01T01:58:06Z,F4FF7C54590B04C5,16.14,queries/tpch/Functions/09-04_string/rpad.sql,2,1,5,13.917525,68.929976,13.753113,0.164412,161.923462,804.555969,160.658127,1.265335,149.706726,743.956451,148.562431,1.144295,0
2026-08-01T02:00:01Z,F4FF7C54590B04C5,16.14,queries/tpch/Functions/09-04_string/rtrim.sql,2,1,5,9.722583,48.046090,9.580877,0.141706,115.222107,575.966919,115.186203,0.035904,106.630981,533.516602,106.721405,-0.090424,0
2026-08-01T02:01:12Z,F4FF7C54590B04C5,16.14,queries/tpch/Functions/09-04_string/split_part.sql,2,1,5,5.977476,29.356076,5.844650,0.132826,69.699524,338.066925,67.091850,2.607674,64.345886,311.647308,61.825356,2.520531,0
2026-08-01T02:02:26Z,F4FF7C54590B04C5,16.14,queries/tpch/Functions/09-04_string/starts_with.sql,2,1,5,6.269265,30.714150,6.111221,0.158044,73.023193,365.075531,73.013084,0.010109,67.276001,337.433044,67.539261,-0.263260,0
2026-08-01T02:03:42Z,F4FF7C54590B04C5,16.14,queries/tpch/Functions/09-04_string/strpos.sql,2,1,5,6.443610,31.500599,6.264247,0.179363,72.680420,357.453918,71.193375,1.487045,66.786682,329.178436,65.597939,1.188744,0
2026-08-01T02:04:54Z,F4FF7C54590B04C5,16.14,queries/tpch/Functions/09-04_string/substr.sql,2,1,5,6.045485,29.622280,5.894199,0.151286,70.090637,347.455963,69.341331,0.749306,64.566833,320.732788,64.041489,0.525345,0
2026-08-01T02:06:05Z,F4FF7C54590B04C5,16.14,queries/tpch/Functions/09-04_string/substring.sql,2,1,5,6.037295,29.588111,5.887704,0.149592,70.156494,346.570068,69.103394,1.053101,64.657776,319.938690,63.820229,0.837547,0
2026-08-01T02:06:43Z,F4FF7C54590B04C5,16.14,queries/tpch/Functions/09-04_string/to_hex.sql,2,1,5,3.312641,15.814020,3.125345,0.187297,39.885437,191.712524,37.956772,1.928665,36.718689,177.673798,35.238777,1.479912,0
2026-08-01T02:10:54Z,F4FF7C54590B04C5,16.14,queries/tpch/Functions/09-04_string/translate.sql,2,1,5,21.166411,104.332627,20.791554,0.374857,253.620178,1252.763824,249.785912,3.834267,235.145752,1162.289642,231.785973,3.359779,0
2026-08-01T02:12:51Z,F4FF7C54590B04C5,16.14,queries/tpch/Functions/09-04_string/trim_both.sql,2,1,5,9.885413,48.663426,9.694503,0.190910,118.410339,584.206055,116.448929,1.961411,109.467529,541.382050,107.978630,1.488899,0
2026-08-01T02:15:39Z,F4FF7C54590B04C5,16.14,queries/tpch/Functions/09-04_string/upper.sql,2,1,5,14.102412,69.756323,13.913478,0.188934,168.100769,823.593903,163.873283,4.227486,155.668091,762.517761,151.712418,3.955673,0
2026-08-01T02:16:53Z,F4FF7C54590B04C5,16.14,queries/tpch/Functions/09-05_binary_string/cast_bytea.sql,2,1,5,6.298636,30.865734,6.141775,0.156861,71.618103,351.945618,70.081879,1.536224,65.831726,324.129791,64.574516,1.257210,0
2026-08-01T02:18:14Z,F4FF7C54590B04C5,16.14,queries/tpch/Functions/09-05_binary_string/concat_bytea.sql,2,1,5,6.901001,33.790259,6.722315,0.178686,78.590637,386.055542,76.866226,1.724411,72.270325,355.783173,70.878212,1.392113,0
2026-08-01T02:24:04Z,F4FF7C54590B04C5,16.14,queries/tpch/Functions/09-05_binary_string/decode_hex.sql,2,1,5,29.229270,145.279439,29.012542,0.216727,341.325378,1701.168274,339.960724,1.364655,316.003662,1575.297485,314.823456,1.180206,0
2026-08-01T02:25:54Z,F4FF7C54590B04C5,16.14,queries/tpch/Functions/09-05_binary_string/encode_base64.sql,2,1,5,9.339897,45.855356,9.128865,0.211033,106.072205,522.924988,104.213196,1.859009,97.734924,482.357819,96.155724,1.579201,0
2026-08-01T02:27:39Z,F4FF7C54590B04C5,16.14,queries/tpch/Functions/09-05_binary_string/encode_escape.sql,2,1,5,8.869520,43.752012,8.720623,0.148897,100.691650,499.934875,99.810806,0.880844,92.778137,461.017181,92.059761,0.718376,0
2026-08-01T02:29:14Z,F4FF7C54590B04C5,16.14,queries/tpch/Functions/09-05_binary_string/encode_hex.sql,2,1,5,8.042978,39.583215,7.885059,0.157919,91.470459,451.396698,89.981560,1.488899,84.195557,416.155792,82.990059,1.205498,0
2026-08-01T02:30:30Z,F4FF7C54590B04C5,16.14,queries/tpch/Functions/09-05_binary_string/get_byte.sql,2,1,5,6.392563,31.234261,6.210425,0.182139,71.574707,354.979065,70.851089,0.723618,65.633545,327.082550,65.362251,0.271294,0
2026-08-01T02:36:17Z,F4FF7C54590B04C5,16.14,queries/tpch/Functions/09-05_binary_string/md5_bytea.sql,2,1,5,28.997180,144.764143,28.941741,0.055439,338.900513,1690.197235,337.824181,1.076332,313.712097,1565.276306,312.891052,0.821045,0
2026-08-01T02:37:32Z,F4FF7C54590B04C5,16.14,queries/tpch/Functions/09-05_binary_string/octet_length.sql,2,1,5,6.333196,31.051215,6.179505,0.153691,71.841370,353.567963,70.431648,1.409721,66.091125,325.836975,64.936462,1.154663,0
2026-08-01T02:38:50Z,F4FF7C54590B04C5,16.14,queries/tpch/Functions/09-05_binary_string/set_byte.sql,2,1,5,6.610428,32.356470,6.436510,0.173918,74.855225,369.321594,73.616592,1.238632,68.874695,340.457245,67.895638,0.979057,0
2026-08-01T02:45:15Z,F4FF7C54590B04C5,16.14,queries/tpch/Functions/09-05_binary_string/sha224.sql,2,1,5,32.099928,160.476006,32.094020,0.005908,375.229614,1893.583282,379.588417,-4.358803,347.530945,1754.834747,351.825951,-4.295006,0
2026-08-01T02:51:42Z,F4FF7C54590B04C5,16.14,queries/tpch/Functions/09-05_binary_string/sha256.sql,2,1,5,32.599409,160.745853,32.036611,0.562798,382.806946,1888.080017,376.318268,6.488678,354.471191,1749.601410,348.782555,5.688637,0
2026-08-01T02:58:41Z,F4FF7C54590B04C5,16.14,queries/tpch/Functions/09-05_binary_string/sha384.sql,2,1,5,35.152484,174.505760,34.838319,0.314165,419.727783,2068.373627,412.161461,7.566322,389.205872,1917.717529,382.127914,7.077957,0
2026-08-01T03:05:42Z,F4FF7C54590B04C5,16.14,queries/tpch/Functions/09-05_binary_string/sha512.sql,2,1,5,35.062525,175.333793,35.067817,-0.005292,411.365173,2066.075562,413.677597,-2.312424,381.045898,1915.306122,383.565056,-2.519157,0
2026-08-01T03:07:01Z,F4FF7C54590B04C5,16.14,queries/tpch/Functions/09-05_binary_string/substring_bytea.sql,2,1,5,6.723344,32.930185,6.551710,0.171634,76.297791,375.585632,74.821960,1.475830,70.222839,346.329742,69.026726,1.196114,0
2026-08-01T03:07:54Z,F4FF7C54590B04C5,16.14,queries/tpch/Functions/09-06_bit_string/and.sql,2,1,5,4.514662,21.923096,4.352108,0.162554,52.446777,257.945465,51.374672,1.072105,48.278687,238.156586,47.469475,0.809212,0
2026-08-01T03:08:32Z,F4FF7C54590B04C5,16.14,queries/tpch/Functions/09-06_bit_string/bit_count.sql,2,1,5,3.317996,15.859050,3.135264,0.182732,39.320679,191.324951,38.001068,1.319611,36.322205,177.168884,35.211670,1.110535,0
2026-08-01T03:09:08Z,F4FF7C54590B04C5,16.14,queries/tpch/Functions/09-06_bit_string/cast_bit.sql,2,1,5,3.096923,14.795275,2.924588,0.172335,36.743347,178.704712,35.490341,1.253006,33.855286,165.480164,32.906219,0.949066,0
2026-08-01T03:10:04Z,F4FF7C54590B04C5,16.14,queries/tpch/Functions/09-06_bit_string/concat_bit.sql,2,1,5,4.733490,23.015929,4.570610,0.162881,55.481873,270.387054,53.726295,1.755577,51.074585,249.700531,49.656487,1.418098,0
2026-08-01T03:10:40Z,F4FF7C54590B04C5,16.14,queries/tpch/Functions/09-06_bit_string/get_bit.sql,2,1,5,3.212985,15.116577,2.975898,0.237086,38.479004,181.280426,35.700356,2.778648,35.530212,167.778320,33.062027,2.468185,0
2026-08-01T03:11:16Z,F4FF7C54590B04C5,16.14,queries/tpch/Functions/09-06_bit_string/length_bit.sql,2,1,5,3.126815,14.837614,2.927700,0.199115,37.039307,177.915863,35.219139,1.820168,34.179932,164.599091,32.604790,1.575142,0
2026-08-01T03:11:57Z,F4FF7C54590B04C5,16.14,queries/tpch/Functions/09-06_bit_string/not.sql,2,1,5,3.487520,16.674851,3.296833,0.190687,42.234619,204.397125,40.540627,1.693993,39.039612,189.435272,37.598915,1.440697,0
2026-08-01T03:12:50Z,F4FF7C54590B04C5,16.14,queries/tpch/Functions/09-06_bit_string/or.sql,2,1,5,4.523446,22.002649,4.369801,0.153646,52.846008,260.785553,51.984886,0.861122,48.580933,240.712555,48.032906,0.548027,0
2026-08-01T03:13:53Z,F4FF7C54590B04C5,16.14,queries/tpch/Functions/09-06_bit_string/overlay_bit.sql,2,1,5,5.416867,26.037663,5.155199,0.261668,64.847595,314.954620,62.526756,2.320839,59.924683,292.056122,58.032860,1.891823,0
2026-08-01T03:14:34Z,F4FF7C54590B04C5,16.14,queries/tpch/Functions/09-06_bit_string/set_bit.sql,2,1,5,3.562834,17.127872,3.391259,0.171574,42.359558,209.568542,41.802246,0.557312,39.128540,194.175476,38.761734,0.366806,0
2026-08-01T03:15:16Z,F4FF7C54590B04C5,16.14,queries/tpch/Functions/09-06_bit_string/shift_left.sql,2,1,5,3.641256,17.408531,3.441819,0.199437,44.093933,213.062775,42.242210,1.851723,40.760376,197.416290,39.163979,1.596397,0
2026-08-01T03:16:00Z,F4FF7C54590B04C5,16.14,queries/tpch/Functions/09-06_bit_string/shift_right.sql,2,1,5,3.796111,18.291690,3.623895,0.172216,44.943054,223.154816,44.552940,0.390114,41.534180,206.753815,41.304909,0.229271,0
2026-08-01T03:16:42Z,F4FF7C54590B04C5,16.14,queries/tpch/Functions/09-06_bit_string/substring_bit.sql,2,1,5,3.644204,17.403413,3.439802,0.204401,43.961792,212.990356,42.257141,1.704651,40.576965,197.363342,39.196594,1.380371,0
2026-08-01T03:17:35Z,F4FF7C54590B04C5,16.14,queries/tpch/Functions/09-06_bit_string/xor.sql,2,1,5,4.531842,21.974811,4.360742,0.171099,53.792542,260.628052,51.708878,2.083664,49.549194,240.556915,47.751930,1.797264,0
2026-08-01T03:21:44Z,F4FF7C54590B04C5,16.14,queries/tpch/Functions/09-07_pattern_matching/ilike.sql,2,1,5,20.828842,103.666174,20.709333,0.119509,248.992065,1243.816589,248.706131,0.285934,230.725952,1153.714874,230.747231,-0.021278,0
2026-08-01T03:22:53Z,F4FF7C54590B04C5,16.14,queries/tpch/Functions/09-07_pattern_matching/like.sql,2,1,5,5.853258,28.589016,5.683939,0.169319,66.323364,326.289856,64.991623,1.331741,61.045349,300.560425,59.878769,1.166580,0
2026-08-01T03:23:46Z,F4FF7C54590B04C5,16.14,queries/tpch/Functions/09-07_pattern_matching/like_prefix.sql,2,1,5,4.524604,21.926754,4.350538,0.174066,51.685852,251.066650,49.845200,1.840652,47.467346,231.123260,45.913979,1.553368,0
2026-08-01T03:27:55Z,F4FF7C54590B04C5,16.14,queries/tpch/Functions/09-07_pattern_matching/not_ilike.sql,2,1,5,20.902541,103.581953,20.669853,0.232688,250.484436,1243.401489,248.229263,2.255173,232.062988,1153.518738,230.363937,1.699051,0
2026-08-01T03:29:04Z,F4FF7C54590B04C5,16.14,queries/tpch/Functions/09-07_pattern_matching/not_like.sql,2,1,5,5.840093,28.538759,5.674667,0.165426,65.973694,322.901917,64.232056,1.741638,60.672852,297.374298,59.175362,1.497490,0
2026-08-01T03:34:46Z,F4FF7C54590B04C5,16.14,queries/tpch/Functions/09-07_pattern_matching/regex_alternation.sql,2,1,5,28.596178,142.355281,28.439776,0.156402,333.462219,1662.600037,332.284454,1.177765,308.677917,1539.262360,307.646111,1.031807,0
2026-08-01T03:36:51Z,F4FF7C54590B04C5,16.14,queries/tpch/Functions/09-07_pattern_matching/regex_anchored.sql,2,1,5,10.512411,52.110400,10.399497,0.112914,124.285706,614.960175,122.668617,1.617088,114.988831,569.186157,113.549332,1.439499,0
2026-08-01T03:42:57Z,F4FF7C54590B04C5,16.14,queries/tpch/Functions/09-07_pattern_matching/regex_backtrack.sql,2,1,5,30.570594,152.479738,30.477286,0.093308,359.999451,1796.046967,359.011879,0.987572,333.522522,-129407.469238,-32435.247940,32768.770462,0
2026-08-01T03:45:35Z,F4FF7C54590B04C5,16.14,queries/tpch/Functions/09-07_pattern_matching/regex_charclass.sql,2,1,5,13.202895,65.449880,13.061746,0.141149,153.701904,766.240173,153.134567,0.567337,142.144714,708.723602,141.644722,0.499992,0
2026-08-01T03:49:14Z,F4FF7C54590B04C5,16.14,queries/tpch/Functions/09-07_pattern_matching/regex_match.sql,2,1,5,18.390386,91.400905,18.252630,0.137757,214.639771,1067.974335,213.333641,1.306129,198.533630,988.662201,197.532143,1.001488,0
2026-08-01T03:52:54Z,F4FF7C54590B04C5,16.14,queries/tpch/Functions/09-07_pattern_matching/regex_match_ci.sql,2,1,5,18.434386,91.262746,18.207090,0.227295,216.192505,1066.547699,212.588799,3.603706,199.929321,987.314026,196.846176,3.083145,0
2026-08-01T03:56:33Z,F4FF7C54590B04C5,16.14,queries/tpch/Functions/09-07_pattern_matching/regex_not_match.sql,2,1,5,18.371139,91.328039,18.239225,0.131913,213.958435,1069.167908,213.802368,0.156067,197.954163,989.380615,197.856613,0.097549,0
2026-08-01T04:00:13Z,F4FF7C54590B04C5,16.14,queries/tpch/Functions/09-07_pattern_matching/regex_not_match_ci.sql,2,1,5,18.398836,91.486550,18.271928,0.126907,214.894409,1092.220001,219.331398,-4.436989,198.799133,1012.084106,203.321243,-4.522110,0
2026-08-01T04:05:31Z,F4FF7C54590B04C5,16.14,queries/tpch/Functions/09-07_pattern_matching/regexp_count.sql,2,1,5,26.613764,132.310556,26.424198,0.189566,318.215637,1547.717438,307.375450,10.840187,295.007385,1433.747620,284.685059,10.322327,0
2026-08-01T04:10:48Z,F4FF7C54590B04C5,16.14,queries/tpch/Functions/09-07_pattern_matching/regexp_instr.sql,2,1,5,26.593456,132.122918,26.382365,0.211091,318.356079,1554.858246,309.125542,9.230537,295.143555,1440.724731,286.395294,8.748260,0
2026-08-01T04:14:28Z,F4FF7C54590B04C5,16.14,queries/tpch/Functions/09-07_pattern_matching/regexp_like.sql,2,1,5,18.451144,91.468470,18.254331,0.196813,216.447571,1088.497620,218.012512,-1.564941,200.246765,1008.981781,202.183754,-1.936989,0
2026-08-01T04:19:14Z,F4FF7C54590B04C5,16.14,queries/tpch/Functions/09-07_pattern_matching/regexp_match.sql,2,1,5,23.944097,118.958840,23.753686,0.190411,286.449524,-129646.370941,-32483.205116,32769.654640,265.486877,1322.675110,264.297058,1.189819,0
2026-08-01T04:23:49Z,F4FF7C54590B04C5,16.14,queries/tpch/Functions/09-07_pattern_matching/regexp_replace.sql,2,1,5,23.045156,114.569585,22.881107,0.164049,276.182068,1373.635315,274.363312,1.818756,256.039490,1274.190063,254.537643,1.501846,0
2026-08-01T04:29:13Z,F4FF7C54590B04C5,16.14,queries/tpch/Functions/09-07_pattern_matching/regexp_replace_global.sql,2,1,5,27.112907,134.843294,26.932597,0.180310,318.926086,1617.474121,324.637009,-5.710922,295.519714,1500.886688,301.341743,-5.822029,0
2026-08-01T04:43:52Z,F4FF7C54590B04C5,16.14,queries/tpch/Functions/09-07_pattern_matching/regexp_split_to_array.sql,2,1,5,73.050240,366.173374,73.280784,-0.230543,877.238098,4404.932953,881.923714,-4.685616,814.444458,4089.704407,818.814987,-4.370529,0
2026-08-01T04:49:25Z,F4FF7C54590B04C5,16.14,queries/tpch/Functions/09-07_pattern_matching/regexp_substr.sql,2,1,5,27.848481,138.756175,27.726924,0.121557,328.136597,1647.050812,329.728554,-1.591957,304.065674,1527.353699,305.822006,-1.756332,0
2026-08-01T04:53:26Z,F4FF7C54590B04C5,16.14,queries/tpch/Functions/09-07_pattern_matching/similar_to.sql,2,1,5,20.176198,100.126575,19.987594,0.188603,235.704895,1179.037262,235.833092,-0.128197,218.140930,1092.225464,218.521133,-0.380203,0
2026-08-01T04:57:53Z,F4FF7C54590B04C5,16.14,queries/tpch/Functions/09-07_pattern_matching/substring_regex.sql,2,1,5,22.346640,111.072659,22.181505,0.165135,261.037415,1330.813812,267.444099,-6.406685,241.719482,1234.437683,248.179550,-6.460068,0
2026-08-01T05:00:28Z,F4FF7C54590B04C5,16.14,queries/tpch/Functions/09-08_formatting/to_char_date.sql,2,1,5,13.068193,64.800551,12.933089,0.135104,156.262817,777.144470,155.220413,1.042404,144.798645,720.207642,143.852249,0.946396,0
2026-08-01T05:03:23Z,F4FF7C54590B04C5,16.14,queries/tpch/Functions/09-08_formatting/to_char_date_long.sql,2,1,5,14.641189,72.700785,14.514899,0.126290,175.202454,879.407227,176.051193,-0.848740,162.405518,814.675537,163.067505,-0.661987,0
2026-08-01T05:04:41Z,F4FF7C54590B04C5,16.14,queries/tpch/Functions/09-08_formatting/to_char_int.sql,2,1,5,6.633267,32.336483,6.425804,0.207463,82.539368,401.013123,79.618439,2.920929,76.384094,372.125244,73.935287,2.448807,0
2026-08-01T05:06:54Z,F4FF7C54590B04C5,16.14,queries/tpch/Functions/09-08_formatting/to_char_numeric.sql,2,1,5,11.224053,55.111311,10.971814,0.252239,135.170410,663.574799,132.101097,3.069313,124.986877,614.823730,122.459213,2.527664,0
2026-08-01T05:10:00Z,F4FF7C54590B04C5,16.14,queries/tpch/Functions/09-08_formatting/to_char_timestamp.sql,2,1,5,15.658650,77.656096,15.499362,0.159288,188.237732,936.393463,187.038933,1.198799,174.269409,868.186432,173.479256,0.790154,0
2026-08-01T05:13:59Z,F4FF7C54590B04C5,16.14,queries/tpch/Functions/09-08_formatting/to_date.sql,2,1,5,19.998315,99.287459,19.822286,0.176029,239.642151,1218.710541,244.767097,-5.124947,222.104370,1130.052185,226.986954,-4.882584,0
2026-08-01T05:17:42Z,F4FF7C54590B04C5,16.14,queries/tpch/Functions/09-08_formatting/to_number.sql,2,1,5,18.677118,92.904090,18.556743,0.120375,227.107300,1143.934875,229.206894,-2.099594,210.467773,1060.784851,212.579269,-2.111496,0
2026-08-01T05:18:11Z,F4FF7C54590B04C5,16.14,queries/tpch/Functions/09-08_formatting/to_timestamp.sql,2,1,5,2.510786,11.780254,2.317367,0.193420,30.693176,146.739166,29.011497,1.681679,28.286987,135.838501,26.887878,1.399109,0
2026-08-01T05:20:05Z,F4FF7C54590B04C5,16.14,queries/tpch/Functions/09-09_datetime/age_two_args.sql,2,1,5,9.567908,47.467049,9.474785,0.093122,110.119629,551.802338,110.420677,-0.301048,101.555237,509.751526,102.049072,-0.493835,0
2026-08-01T05:21:09Z,F4FF7C54590B04C5,16.14,queries/tpch/Functions/09-09_datetime/at_time_zone.sql,2,1,5,5.448332,26.726326,5.319499,0.128833,63.484924,312.116669,62.157936,1.326988,58.478943,288.191681,57.428185,1.050758,0
2026-08-01T05:21:53Z,F4FF7C54590B04C5,16.14,queries/tpch/Functions/09-09_datetime/cast_timestamp.sql,2,1,5,3.748954,18.118396,3.592361,0.156593,42.528503,209.304535,41.694008,0.834496,38.914062,192.657837,38.435944,0.478119,0
2026-08-01T05:22:37Z,F4FF7C54590B04C5,16.14,queries/tpch/Functions/09-09_datetime/date_add_time.sql,2,1,5,3.754736,18.149303,3.598642,0.156094,42.997009,206.798523,40.950378,2.046631,39.484192,190.263702,37.694878,1.789314,0
2026-08-01T05:23:26Z,F4FF7C54590B04C5,16.14,queries/tpch/Functions/09-09_datetime/date_bin.sql,2,1,5,4.178668,20.247752,4.017271,0.161397,47.057190,230.152008,45.773705,1.283485,43.141296,211.811066,42.167442,0.973854,0
2026-08-01T05:24:10Z,F4FF7C54590B04C5,16.14,queries/tpch/Functions/09-09_datetime/date_minus_date.sql,2,1,5,3.837331,18.554045,3.679178,0.158153,43.359985,212.517944,42.289490,1.070496,39.807800,195.607941,38.950035,0.857765,0
2026-08-01T05:24:54Z,F4FF7C54590B04C5,16.14,queries/tpch/Functions/09-09_datetime/date_minus_int.sql,2,1,5,3.715425,17.935540,3.555029,0.160396,42.780396,204.505341,40.431236,2.349159,39.295776,188.199188,37.225853,2.069923,0
2026-08-01T05:25:57Z,F4FF7C54590B04C5,16.14,queries/tpch/Functions/09-09_datetime/date_part.sql,2,1,5,5.406044,26.305898,5.224964,0.181081,62.816528,306.996826,61.045074,1.771454,57.910828,283.394257,56.370857,1.539970,0
2026-08-01T05:26:40Z,F4FF7C54590B04C5,16.14,queries/tpch/Functions/09-09_datetime/date_plus_int.sql,2,1,5,3.713813,17.926338,3.553131,0.160682,42.530212,204.235901,40.426422,2.103790,38.981384,187.877289,37.223976,1.757408,0
2026-08-01T05:27:36Z,F4FF7C54590B04C5,16.14,queries/tpch/Functions/09-09_datetime/date_plus_interval.sql,2,1,5,4.775568,23.232330,4.614190,0.161378,55.140686,267.353424,53.053185,2.087502,50.754761,246.460358,48.926399,1.828362,0
2026-08-01T05:28:43Z,F4FF7C54590B04C5,16.14,queries/tpch/Functions/09-09_datetime/date_trunc_day.sql,2,1,5,5.671199,27.675992,5.501198,0.170001,65.715149,324.486755,64.692902,1.022247,60.463440,299.680420,59.804245,0.659195,0
2026-08-01T05:29:51Z,F4FF7C54590B04C5,16.14,queries/tpch/Functions/09-09_datetime/date_trunc_month.sql,2,1,5,5.737661,27.939175,5.550378,0.187283,66.739441,325.888214,64.787193,1.952248,61.540710,300.932190,59.847870,1.692841,0
2026-08-01T05:31:00Z,F4FF7C54590B04C5,16.14,queries/tpch/Functions/09-09_datetime/extract_day.sql,2,1,5,5.934508,28.960867,5.756590,0.177918,70.322937,344.391754,68.517204,1.805733,64.894836,318.608917,63.428520,1.466316,0
2026-08-01T05:32:19Z,F4FF7C54590B04C5,16.14,queries/tpch/Functions/09-09_datetime/extract_dow.sql,2,1,5,6.707298,32.823305,6.529002,0.178296,79.913757,390.117584,77.550957,2.362801,73.850708,361.015991,71.791321,2.059387,0
2026-08-01T05:33:41Z,F4FF7C54590B04C5,16.14,queries/tpch/Functions/09-09_datetime/extract_doy.sql,2,1,5,6.874349,33.663802,6.697363,0.176986,81.913269,396.790100,78.719208,3.194061,75.716003,367.034210,72.829552,2.886452,0
2026-08-01T05:34:53Z,F4FF7C54590B04C5,16.14,queries/tpch/Functions/09-09_datetime/extract_epoch.sql,2,1,5,6.113247,30.210131,6.024221,0.089026,72.891174,360.011902,71.780182,1.110992,67.460876,333.036102,66.393806,1.067070,0
2026-08-01T05:36:04Z,F4FF7C54590B04C5,16.14,queries/tpch/Functions/09-09_datetime/extract_month.sql,2,1,5,5.923619,29.229220,5.826400,0.097219,70.614502,346.298737,68.921059,1.693443,65.369934,320.332245,63.740578,1.629356,0
2026-08-01T05:37:15Z,F4FF7C54590B04C5,16.14,queries/tpch/Functions/09-09_datetime/extract_quarter.sql,2,1,5,6.051744,29.524866,5.868280,0.183464,72.320129,350.425049,69.526230,2.793900,66.714478,324.193787,64.369827,2.344650,0
2026-08-01T05:38:29Z,F4FF7C54590B04C5,16.14,queries/tpch/Functions/09-09_datetime/extract_week.sql,2,1,5,6.285044,30.687984,6.100735,0.184309,74.902649,360.175720,71.318268,3.584381,69.107361,332.961243,65.963470,3.143890,0
2026-08-01T05:39:39Z,F4FF7C54590B04C5,16.14,queries/tpch/Functions/09-09_datetime/extract_year.sql,2,1,5,5.984724,29.225169,5.810111,0.174613,71.417542,348.000702,69.145790,2.271751,66.021851,321.984985,63.990784,2.031067,0
2026-08-01T05:40:22Z,F4FF7C54590B04C5,16.14,queries/tpch/Functions/09-09_datetime/isfinite.sql,2,1,5,3.723600,17.974069,3.562617,0.160983,42.140808,205.463715,40.830727,1.310081,38.598816,189.065918,37.616776,0.982040,0
2026-08-01T05:42:20Z,F4FF7C54590B04C5,16.14,queries/tpch/Functions/09-09_datetime/justify_days.sql,2,1,5,9.924097,48.863783,9.734921,0.189175,113.753052,559.244354,111.372826,2.380226,105.037109,516.444550,102.851860,2.185249,0
2026-08-01T05:43:02Z,F4FF7C54590B04C5,16.14,queries/tpch/Functions/09-09_datetime/make_date.sql,2,1,5,3.584068,17.251478,3.416853,0.167215,41.755981,203.918488,40.540627,1.215355,38.405090,188.169647,37.441139,0.963951,0
2026-08-01T05:43:46Z,F4FF7C54590B04C5,16.14,queries/tpch/Functions/09-09_datetime/make_interval.sql,2,1,5,3.846632,18.457351,3.652680,0.193952,45.486145,218.246399,43.190063,2.296082,41.894775,201.442200,39.886856,2.007919,0
2026-08-01T05:44:32Z,F4FF7C54590B04C5,16.14,queries/tpch/Functions/09-09_datetime/make_timestamp.sql,2,1,5,3.873644,18.757658,3.721003,0.152641,45.568604,224.484711,44.729027,0.839577,41.949158,207.317017,41.341965,0.607193,0
2026-08-01T05:45:55Z,F4FF7C54590B04C5,16.14,queries/tpch/Functions/09-09_datetime/overlaps.sql,2,1,5,7.087081,34.651898,6.891204,0.195876,80.211243,395.640289,78.857262,1.353981,73.828918,364.719604,72.722672,1.106247,0
2026-08-01T05:48:10Z,F4FF7C54590B04C5,16.14,queries/tpch/Functions/09-11_geometric/box_area.sql,2,1,5,11.337656,55.980025,11.160592,0.177063,132.790771,658.989716,131.549736,1.241035,122.762146,609.894104,121.782990,0.979156,0
2026-08-01T05:50:28Z,F4FF7C54590B04C5,16.14,queries/tpch/Functions/09-11_geometric/box_center.sql,2,1,5,11.642103,57.737087,11.523746,0.118357,137.168396,692.009033,138.710159,-1.541763,126.791077,640.857147,128.516518,-1.725441,0
2026-08-01T05:52:43Z,F4FF7C54590B04C5,16.14,queries/tpch/Functions/09-11_geometric/box_contains_point.sql,2,1,5,11.299634,56.030821,11.182797,0.116837,133.199341,662.365082,132.291435,0.907906,123.201416,613.064850,122.465858,0.735558,0
2026-08-01T05:54:57Z,F4FF7C54590B04C5,16.14,queries/tpch/Functions/09-11_geometric/box_make.sql,2,1,5,11.260703,55.569433,11.077183,0.183521,133.673340,660.825378,131.788010,1.885330,123.628662,611.792328,122.040916,1.587746,0
2026-08-01T05:57:12Z,F4FF7C54590B04C5,16.14,queries/tpch/Functions/09-11_geometric/box_overlaps.sql,2,1,5,11.369014,56.195619,11.206651,0.162363,135.566467,673.311188,134.436180,1.130287,125.426147,623.609161,124.545753,0.880394,0
2026-08-01T05:59:25Z,F4FF7C54590B04C5,16.14,queries/tpch/Functions/09-11_geometric/circle_area.sql,2,1,5,11.213933,55.141894,10.981990,0.231943,132.667664,658.814117,131.536613,1.131050,122.697815,610.198303,121.875122,0.822693,0
2026-08-01T06:01:36Z,F4FF7C54590B04C5,16.14,queries/tpch/Functions/09-11_geometric/circle_make.sql,2,1,5,11.035166,54.473847,10.859670,0.175496,129.244507,638.443542,127.299759,1.944748,119.318115,590.615723,117.824402,1.493713,0
2026-08-01T06:03:52Z,F4FF7C54590B04C5,16.14,queries/tpch/Functions/09-11_geometric/lseg_length.sql,2,1,5,11.484849,56.744927,11.315020,0.169829,134.110779,664.458130,132.586838,1.523941,123.813171,614.435303,122.655533,1.157639,0
2026-08-01T06:06:04Z,F4FF7C54590B04C5,16.14,queries/tpch/Functions/09-11_geometric/lseg_make.sql,2,1,5,11.034586,54.645971,10.902846,0.131740,131.028015,639.837158,127.202286,3.825729,121.301758,591.881897,117.645035,3.656723,0
2026-08-01T06:08:17Z,F4FF7C54590B04C5,16.14,queries/tpch/Functions/09-11_geometric/point_add.sql,2,1,5,11.201334,55.447456,11.061531,0.139803,130.621826,660.003693,132.345467,-1.723640,120.747498,611.102051,122.588638,-1.841141,0
2026-08-01T06:10:32Z,F4FF7C54590B04C5,16.14,queries/tpch/Functions/09-11_geometric/point_distance.sql,2,1,5,11.364013,56.119386,11.188843,0.175170,132.596680,656.578186,130.995377,1.601303,122.548645,607.087677,121.134758,1.413887,0
2026-08-01T06:12:41Z,F4FF7C54590B04C5,16.14,queries/tpch/Functions/09-11_geometric/point_make.sql,2,1,5,10.836971,53.560133,10.680791,0.156180,126.721436,626.443848,124.930603,1.790833,117.056091,579.446838,115.597687,1.458405,0
2026-08-01T06:14:55Z,F4FF7C54590B04C5,16.14,queries/tpch/Functions/09-11_geometric/point_mul.sql,2,1,5,11.271309,55.753935,11.120656,0.150652,131.511902,665.484985,133.493271,-1.981369,121.581665,616.108521,123.631714,-2.050049,0
2026-08-01T06:16:28Z,F4FF7C54590B04C5,16.14,queries/tpch/Functions/09-12_network/abbrev.sql,2,1,5,7.937523,38.730607,7.698271,0.239252,97.296387,472.633026,93.834160,3.462227,90.203125,438.785950,87.145706,3.057419,0
2026-08-01T06:17:13Z,F4FF7C54590B04C5,16.14,queries/tpch/Functions/09-12_network/broadcast.sql,2,1,5,3.918416,18.824705,3.726572,0.191843,47.255615,230.253510,45.749474,1.506142,43.695190,213.339050,42.410965,1.284225,0
2026-08-01T06:17:54Z,F4FF7C54590B04C5,16.14,queries/tpch/Functions/09-12_network/contained_by.sql,2,1,5,3.534253,17.001983,3.366933,0.167320,42.799988,207.508789,41.177200,1.622787,39.431152,191.950623,38.129868,1.301285,0
2026-08-01T06:18:35Z,F4FF7C54590B04C5,16.14,queries/tpch/Functions/09-12_network/contained_by_eq.sql,2,1,5,3.537773,16.957712,3.354985,0.182788,42.437195,207.892273,41.363770,1.073425,39.012451,192.207489,38.298759,0.713692,0
2026-08-01T06:19:16Z,F4FF7C54590B04C5,16.14,queries/tpch/Functions/09-12_network/contains.sql,2,1,5,3.529511,16.928745,3.349808,0.179703,42.696228,205.045898,40.587418,2.108810,39.339172,189.696259,37.589272,1.749901,0
2026-08-01T06:19:56Z,F4FF7C54590B04C5,16.14,queries/tpch/Functions/09-12_network/family.sql,2,1,5,3.486635,16.506093,3.254865,0.231770,41.647400,198.902191,39.313698,2.333702,38.343811,183.981476,36.409416,1.934395,0
2026-08-01T06:21:31Z,F4FF7C54590B04C5,16.14,queries/tpch/Functions/09-12_network/host.sql,2,1,5,8.063480,39.524268,7.865197,0.198283,98.881042,486.057220,96.794044,2.086998,91.580444,450.631409,89.762741,1.817703,0
2026-08-01T06:21:57Z,F4FF7C54590B04C5,16.14,queries/tpch/Functions/09-12_network/hostmask.sql,2,1,5,2.219696,10.295347,2.018913,0.200783,27.087830,127.778625,25.172699,1.915131,25.030823,118.249908,23.304771,1.726051,0
2026-08-01T06:22:41Z,F4FF7C54590B04C5,16.14,queries/tpch/Functions/09-12_network/inet_add.sql,2,1,5,3.868618,18.520608,3.662998,0.205620,47.020630,225.801483,44.695213,2.325417,43.355286,208.907867,41.388145,1.967140,0
2026-08-01T06:23:21Z,F4FF7C54590B04C5,16.14,queries/tpch/Functions/09-12_network/inet_cast.sql,2,1,5,3.430734,16.402272,3.242885,0.187849,40.809265,197.411835,39.150642,1.658623,37.627380,182.311768,36.171097,1.456284,0
2026-08-01T06:24:03Z,F4FF7C54590B04C5,16.14,queries/tpch/Functions/09-12_network/inet_sub_inet.sql,2,1,5,3.718578,17.545922,3.456836,0.261742,43.883179,211.578796,41.923904,1.959274,40.382568,195.837921,38.863838,1.518730,0
2026-08-01T06:24:48Z,F4FF7C54590B04C5,16.14,queries/tpch/Functions/09-12_network/inet_sub_int.sql,2,1,5,3.873310,18.563486,3.672544,0.200766,46.735657,227.831421,45.273941,1.461716,43.125244,210.854004,41.932190,1.193054,0
2026-08-01T06:25:29Z,F4FF7C54590B04C5,16.14,queries/tpch/Functions/09-12_network/macaddr_cast.sql,2,1,5,3.554738,17.025087,3.367587,0.187150,42.304504,204.818176,40.628418,1.676086,38.974854,189.192993,37.554535,1.420319,0
2026-08-01T06:26:09Z,F4FF7C54590B04C5,16.14,queries/tpch/Functions/09-12_network/masklen.sql,2,1,5,3.478762,16.392232,3.228367,0.250395,41.848511,200.711975,39.715866,2.132645,38.609863,185.632904,36.755760,1.854103,0
2026-08-01T06:26:34Z,F4FF7C54590B04C5,16.14,queries/tpch/Functions/09-12_network/netmask.sql,2,1,5,2.168887,10.299499,2.032653,0.136234,26.971313,129.011902,25.510147,1.461166,24.989258,119.398102,23.602211,1.387047,0
2026-08-01T06:27:20Z,F4FF7C54590B04C5,16.14,queries/tpch/Functions/09-12_network/network.sql,2,1,5,3.961673,19.036706,3.768758,0.192914,48.115540,235.203979,46.772110,1.343430,44.360107,217.784515,43.356102,1.004005,0
2026-08-01T06:28:01Z,F4FF7C54590B04C5,16.14,queries/tpch/Functions/09-12_network/overlaps.sql,2,1,5,3.540505,16.980942,3.360109,0.180396,42.759827,204.667206,40.476845,2.282982,39.444702,189.152893,37.427048,2.017654,0
2026-08-01T06:28:45Z,F4FF7C54590B04C5,16.14,queries/tpch/Functions/09-12_network/set_masklen.sql,2,1,5,3.824262,18.259852,3.608898,0.215365,46.586914,224.447693,44.465195,2.121719,42.969971,207.640991,41.167755,1.802216,0
2026-08-01T06:38:18Z,F4FF7C54590B04C5,16.14,queries/tpch/Functions/09-13_text_search/length_tsvector.sql,2,1,5,47.861786,239.428463,47.891669,-0.029883,1057.922974,5254.352509,1049.107384,8.815590,1013.827820,5031.172882,1004.336266,9.491554,0
2026-08-01T06:48:03Z,F4FF7C54590B04C5,16.14,queries/tpch/Functions/09-13_text_search/match.sql,2,1,5,48.764051,243.845552,48.770375,-0.006325,1068.922302,5317.597351,1062.168762,6.753540,1017.654724,5060.924744,1010.817505,6.837219,0
2026-08-01T06:58:26Z,F4FF7C54590B04C5,16.14,queries/tpch/Functions/09-13_text_search/numnode.sql,2,1,5,51.726143,259.753560,52.006854,-0.280711,1126.166504,5610.438477,1121.067993,5.098511,1070.128418,5332.812500,1065.671021,4.457397,0
2026-08-01T07:08:54Z,F4FF7C54590B04C5,16.14,queries/tpch/Functions/09-13_text_search/phraseto_tsquery.sql,2,1,5,51.939783,261.802599,52.465704,-0.525921,1135.579346,5666.744415,1132.791267,2.788078,1080.036194,5384.913544,1076.219337,3.816856,0
2026-08-01T07:19:22Z,F4FF7C54590B04C5,16.14,queries/tpch/Functions/09-13_text_search/plainto_tsquery.sql,2,1,5,52.314480,261.517841,52.300840,0.013640,1131.156860,5656.367554,1131.302673,-0.145813,1074.679871,5375.503937,1075.206017,-0.526146,0
2026-08-01T07:29:11Z,F4FF7C54590B04C5,16.14,queries/tpch/Functions/09-13_text_search/setweight.sql,2,1,5,48.878516,245.822891,49.236094,-0.357577,1050.650574,5283.491394,1058.210205,-7.559631,999.187744,5025.217346,1006.507401,-7.319656,0
2026-08-01T07:39:09Z,F4FF7C54590B04C5,16.14,queries/tpch/Functions/09-13_text_search/strip.sql,2,1,5,49.552783,249.440725,49.971986,-0.419203,1066.930115,5216.091339,1037.290306,29.639809,1014.783264,4961.881897,986.774658,28.008606,0
2026-08-01T07:39:35Z,F4FF7C54590B04C5,16.14,queries/tpch/Functions/09-13_text_search/to_tsquery.sql,2,1,5,2.356714,10.463279,2.026641,0.330073,27.158936,135.869049,27.177528,-0.018593,24.909180,126.072632,25.290863,-0.381683,0
2026-08-01T07:49:18Z,F4FF7C54590B04C5,16.14,queries/tpch/Functions/09-13_text_search/to_tsvector.sql,2,1,5,49.204194,243.254563,48.512592,0.691602,1035.970520,5247.444794,1052.868568,-16.898048,986.018127,4992.042755,1001.506157,-15.488029,0
2026-08-01T07:56:06Z,F4FF7C54590B04C5,16.14,queries/tpch/Functions/09-13_text_search/to_tsvector_simple.sql,2,1,5,34.042068,169.751692,33.927406,0.114662,725.847961,3628.381409,725.633362,0.214600,689.420166,3449.652985,690.058205,-0.638039,0
2026-08-01T08:06:12Z,F4FF7C54590B04C5,16.14,queries/tpch/Functions/09-13_text_search/ts_headline.sql,2,1,5,50.614137,252.649387,50.508812,0.105325,1086.236023,5431.493500,1086.314369,-0.078346,1032.948792,5165.340881,1033.098022,-0.149231,0
2026-08-01T08:16:01Z,F4FF7C54590B04C5,16.14,queries/tpch/Functions/09-13_text_search/ts_rank.sql,2,1,5,49.129788,245.332139,49.050588,0.079200,1056.581787,5274.003021,1054.355309,2.226479,1004.811951,5015.869934,1002.764496,2.047455,0
2026-08-01T08:28:27Z,F4FF7C54590B04C5,16.14,queries/tpch/Functions/09-13_text_search/websearch_to_tsquery.sql,2,1,5,62.158663,310.909992,62.187832,-0.029169,1335.362488,6660.591644,1331.307289,4.055199,1268.370667,6326.175537,1264.451218,3.919449,0
2026-08-01T08:38:04Z,F4FF7C54590B04C5,16.14,queries/tpch/Functions/09-14_uuid/gen_random_uuid.sql,2,1,5,48.124582,240.356344,48.057941,0.066641,550.538391,2699.314850,537.194115,13.344276,507.625732,-128584.464996,-32273.022682,32780.648415,0
2026-08-01T08:45:46Z,F4FF7C54590B04C5,16.14,queries/tpch/Functions/09-14_uuid/uuid_from_md5.sql,2,1,5,38.515716,192.331042,38.453831,0.061885,451.480469,2252.432648,450.238045,1.242424,417.296204,2081.735626,416.109856,1.186348,0
2026-08-01T08:56:07Z,F4FF7C54590B04C5,16.14,queries/tpch/Functions/09-14_uuid/uuid_to_text.sql,2,1,5,52.037854,258.693623,51.663942,0.373912,590.108765,2870.962830,570.213516,19.895248,544.845215,2650.216217,526.342751,18.502464,0
2026-08-01T09:15:05Z,F4FF7C54590B04C5,16.14,queries/tpch/Functions/09-15_xml/xml_is_well_formed.sql,2,1,5,94.791293,474.212956,94.855416,-0.064123,1153.348328,5827.890961,1168.635658,-15.287331,1070.781250,5409.467834,1084.671646,-13.890396,0
2026-08-01T09:22:26Z,F4FF7C54590B04C5,16.14,queries/tpch/Functions/09-15_xml/xml_to_text.sql,2,1,5,36.960458,183.307078,36.586655,0.373802,454.135925,2234.531219,445.098824,9.037102,421.368958,2073.827118,413.114540,8.254417,0
2026-08-01T09:25:28Z,F4FF7C54590B04C5,16.14,queries/tpch/Functions/09-15_xml/xmlcomment.sql,2,1,5,15.309833,75.837017,15.131796,0.178037,187.701660,933.068848,186.341797,1.359863,173.964294,864.910095,172.736450,1.227844,0
2026-08-01T09:39:07Z,F4FF7C54590B04C5,16.14,queries/tpch/Functions/09-15_xml/xmlconcat.sql,2,1,5,67.778415,341.732096,68.488420,-0.710005,832.496765,4224.475677,847.994728,-15.497963,773.117249,3925.360046,788.060699,-14.943451,0
2026-08-01T09:46:22Z,F4FF7C54590B04C5,16.14,queries/tpch/Functions/09-15_xml/xmlelement.sql,2,1,5,36.495270,181.257052,36.190446,0.304824,448.592896,2226.563660,444.492691,4.100204,416.033386,2068.054138,413.005188,3.028198,0
2026-08-01T09:55:00Z,F4FF7C54590B04C5,16.14,queries/tpch/Functions/09-15_xml/xmlelement_attrs.sql,2,1,5,43.520012,215.262560,42.935637,0.584375,535.185364,2648.012360,528.206749,6.978615,496.539612,2459.639679,490.775017,5.764595,0
2026-08-01T09:59:02Z,F4FF7C54590B04C5,16.14,queries/tpch/Functions/09-15_xml/xmlforest.sql,2,1,5,20.269703,100.774598,20.126224,0.143479,245.164124,1236.749756,247.896408,-2.732285,227.376648,1149.336151,230.489876,-3.113228,0
2026-08-01T10:00:34Z,F4FF7C54590B04C5,16.14,queries/tpch/Functions/09-15_xml/xmlpi.sql,2,1,5,7.746894,38.068411,7.580379,0.166514,92.440735,461.336212,92.223869,0.216866,85.508972,427.608398,85.524857,-0.015884,0
2026-08-01T10:47:35Z,F4FF7C54590B04C5,16.14,queries/tpch/Functions/09-15_xml/xpath.sql,2,1,5,232.941189,1176.670568,235.932345,-2.991155,2722.185425,13699.806946,2744.405380,-22.219955,2523.974182,12695.956024,2542.995461,-19.021278,0
2026-08-01T10:54:48Z,F4FF7C54590B04C5,16.14,queries/tpch/Functions/09-16_json/arrow_object.sql,2,1,5,36.070431,180.344230,36.068450,0.001982,443.618164,2227.222778,445.901154,-2.282990,412.509644,2071.376373,414.716682,-2.207039,0
2026-08-01T11:01:26Z,F4FF7C54590B04C5,16.14,queries/tpch/Functions/09-16_json/arrow_text.sql,2,1,5,33.234837,165.823647,33.147203,0.087634,409.795959,2055.363068,411.391777,-1.595818,381.126648,1912.279236,382.788147,-1.661499,0
2026-08-01T11:08:31Z,F4FF7C54590B04C5,16.14,queries/tpch/Functions/09-16_json/contains.sql,2,1,5,35.639900,176.878514,35.309653,0.330247,438.283264,2165.383392,431.775032,6.508232,407.335449,2013.763000,401.606888,5.728561,0
2026-08-01T11:12:10Z,F4FF7C54590B04C5,16.14,queries/tpch/Functions/09-16_json/json_build_array.sql,2,1,5,18.319195,91.009949,18.172688,0.146507,219.177979,1087.507355,217.082344,2.095634,203.158691,1008.270264,201.277893,1.880798,0
2026-08-01T11:17:58Z,F4FF7C54590B04C5,16.14,queries/tpch/Functions/09-16_json/json_build_object.sql,2,1,5,29.176291,145.156976,28.995171,0.181120,357.383911,1776.984039,354.900032,2.483879,331.981995,1651.331055,329.837265,2.144730,0
2026-08-01T11:22:00Z,F4FF7C54590B04C5,16.14,queries/tpch/Functions/09-16_json/jsonb_array_length.sql,2,1,5,20.208302,100.835164,20.156716,0.051586,247.469849,1238.857086,247.846809,-0.376961,229.884033,1151.071564,230.296883,-0.412849,0
2026-08-01T11:26:01Z,F4FF7C54590B04C5,16.14,queries/tpch/Functions/09-16_json/jsonb_build_array.sql,2,1,5,20.200750,100.013639,19.953222,0.247528,244.391785,1220.618774,244.056747,0.335037,226.724426,1133.648895,226.731117,-0.006691,0
2026-08-01T11:32:28Z,F4FF7C54590B04C5,16.14,queries/tpch/Functions/09-16_json/jsonb_build_object.sql,2,1,5,32.426110,161.386332,32.240055,0.186055,397.657532,1978.908875,395.312836,2.344696,369.612976,1840.053070,367.610023,2.002953,0
2026-08-01T11:38:10Z,F4FF7C54590B04C5,16.14,queries/tpch/Functions/09-16_json/jsonb_insert.sql,2,1,5,28.445538,142.381373,28.483959,-0.038421,349.657227,1751.759247,350.525505,-0.868279,325.118591,1629.345673,326.056770,-0.938179,0
2026-08-01T11:53:07Z,F4FF7C54590B04C5,16.14,queries/tpch/Functions/09-16_json/jsonb_object_keys_arr.sql,2,1,5,74.369566,373.856027,74.871615,-0.502050,934.458252,4654.661163,930.050728,4.407524,869.840698,4334.438629,866.149483,3.691216,0
2026-08-01T11:57:11Z,F4FF7C54590B04C5,16.14,queries/tpch/Functions/09-16_json/jsonb_path_exists.sql,2,1,5,20.376682,101.596178,20.304874,0.071808,251.567932,1272.241730,255.168449,-3.600517,233.958984,1184.053986,237.523750,-3.564766,0
2026-08-01T12:01:45Z,F4FF7C54590B04C5,16.14,queries/tpch/Functions/09-16_json/jsonb_path_query.sql,2,1,5,22.960919,114.032158,22.767810,0.193109,284.650452,1401.043793,279.098335,5.552116,264.646240,1303.079956,259.608429,5.037811,0
2026-08-01T12:06:21Z,F4FF7C54590B04C5,16.14,queries/tpch/Functions/09-16_json/jsonb_path_query_array.sql,2,1,5,23.109517,115.032543,22.980757,0.128760,283.268677,1425.631805,285.590782,-2.322105,263.209351,1326.382355,265.793251,-2.583900,0
2026-08-01T12:14:58Z,F4FF7C54590B04C5,16.14,queries/tpch/Functions/09-16_json/jsonb_pretty.sql,2,1,5,43.158067,215.587781,43.107429,0.050638,530.281738,2647.508270,529.306633,0.975105,493.027405,2462.136566,492.277290,0.750114,0
2026-08-01T12:23:22Z,F4FF7C54590B04C5,16.14,queries/tpch/Functions/09-16_json/jsonb_set.sql,2,1,5,42.002656,209.549274,41.886655,0.116001,515.821777,2591.441681,518.904976,-3.083199,479.627441,2411.330078,482.925659,-3.298218,0
2026-08-01T12:31:14Z,F4FF7C54590B04C5,16.14,queries/tpch/Functions/09-16_json/jsonb_strip_nulls.sql,2,1,5,39.515494,196.860884,39.336348,0.179146,485.997253,2426.073792,485.019135,0.978119,451.722107,2256.753662,451.257889,0.464218,0
2026-08-01T12:39:39Z,F4FF7C54590B04C5,16.14,queries/tpch/Functions/09-16_json/jsonb_to_text.sql,2,1,5,42.192951,210.327517,42.033641,0.159310,517.342590,2590.061310,518.179680,-0.837090,481.058838,2409.347778,482.072235,-1.013397,0
2026-08-01T12:42:17Z,F4FF7C54590B04C5,16.14,queries/tpch/Functions/09-16_json/jsonb_typeof.sql,2,1,5,13.217409,65.428467,13.052765,0.164645,159.227112,789.190369,157.490814,1.736298,147.553528,732.302155,146.187157,1.366371,0
2026-08-01T12:47:07Z,F4FF7C54590B04C5,16.14,queries/tpch/Functions/09-16_json/jsonpath_exists_op.sql,2,1,5,24.408980,120.846943,24.109491,0.299489,302.217224,1486.132263,295.978760,6.238464,280.953247,1382.273590,275.330086,5.623161,0
2026-08-01T12:51:55Z,F4FF7C54590B04C5,16.14,queries/tpch/Functions/09-16_json/jsonpath_match_op.sql,2,1,5,24.062023,120.028304,23.991570,0.070453,295.785034,1476.492645,295.176903,0.608131,274.959045,1373.385956,274.606728,0.352318,0
2026-08-01T12:58:31Z,F4FF7C54590B04C5,16.14,queries/tpch/Functions/09-16_json/key_exists.sql,2,1,5,33.057490,164.589837,32.883087,0.174403,406.995483,2026.188721,404.798309,2.197174,378.517822,1884.669556,376.537933,1.979889,0
2026-08-01T13:05:55Z,F4FF7C54590B04C5,16.14,queries/tpch/Functions/09-16_json/path_extract.sql,2,1,5,37.151295,185.136565,36.996317,0.154978,460.442383,2276.787811,454.086357,6.356026,428.185974,2117.558441,422.343117,5.842857,0
2026-08-01T13:12:53Z,F4FF7C54590B04C5,16.14,queries/tpch/Functions/09-16_json/path_extract_text.sql,2,1,5,34.931027,173.935940,34.751228,0.179799,432.052795,2141.112854,427.265015,4.787781,401.665100,1991.203125,397.384506,4.280594,0
2026-08-01T13:16:34Z,F4FF7C54590B04C5,16.14,queries/tpch/Functions/09-16_json/row_to_json.sql,2,1,5,18.550558,92.037007,18.371612,0.178946,224.149658,1118.603790,223.613533,0.536125,207.907532,1038.325684,207.604538,0.302994,0
2026-08-01T13:18:59Z,F4FF7C54590B04C5,16.14,queries/tpch/Functions/09-16_json/to_json.sql,2,1,5,12.211362,60.449130,12.059442,0.151920,142.824158,714.249969,142.856453,-0.032295,131.968140,661.080078,132.277985,-0.309845,0
2026-08-01T13:21:14Z,F4FF7C54590B04C5,16.14,queries/tpch/Functions/09-16_json/to_jsonb.sql,2,1,5,11.372925,55.935480,11.140639,0.232286,136.281921,672.349915,134.016998,2.264923,126.237000,623.393402,124.289101,1.947899,0
2026-08-01T13:22:13Z,F4FF7C54590B04C5,16.14,queries/tpch/Functions/09-18_conditional/case_searched.sql,2,1,5,5.026120,24.427004,4.850221,0.175899,58.325378,285.704956,56.844894,1.480484,53.747437,263.777893,52.507614,1.239822,0
2026-08-01T13:23:03Z,F4FF7C54590B04C5,16.14,queries/tpch/Functions/09-18_conditional/case_simple.sql,2,1,5,4.283681,20.707200,4.105880,0.177801,49.994141,247.180450,49.296577,0.697563,46.064148,228.312042,45.561974,0.502174,0
2026-08-01T13:23:51Z,F4FF7C54590B04C5,16.14,queries/tpch/Functions/09-18_conditional/coalesce.sql,2,1,5,4.069150,19.721514,3.913091,0.156058,45.464844,224.587524,44.780670,0.684174,41.704163,206.651947,41.236946,0.467216,0
2026-08-01T13:24:37Z,F4FF7C54590B04C5,16.14,queries/tpch/Functions/09-18_conditional/nullif.sql,2,1,5,4.006334,19.414603,3.852067,0.154267,46.745544,232.075836,46.332573,0.412971,43.037903,214.335022,42.824280,0.213623,0
2026-08-01T13:26:21Z,F4FF7C54590B04C5,16.14,queries/tpch/Functions/09-19_array/array_append.sql,2,1,5,8.759959,43.223852,8.615973,0.143986,103.960266,518.631744,103.667870,0.292397,96.168518,480.284027,96.028877,0.139641,0
2026-08-01T13:27:53Z,F4FF7C54590B04C5,16.14,queries/tpch/Functions/09-19_array/array_cat.sql,2,1,5,7.713316,37.846815,7.533375,0.179942,92.004333,452.838318,90.208496,1.795837,85.022827,419.081787,83.514740,1.508087,0
2026-08-01T13:29:24Z,F4FF7C54590B04C5,16.14,queries/tpch/Functions/09-19_array/array_concat_op.sql,2,1,5,7.703762,37.847935,7.536043,0.167718,91.823730,451.921692,90.024490,1.799240,84.905457,418.484222,83.394691,1.510765,0
2026-08-01T13:30:23Z,F4FF7C54590B04C5,16.14,queries/tpch/Functions/09-19_array/array_construct.sql,2,1,5,5.058966,24.560065,4.875275,0.183691,58.714722,286.777191,57.015617,1.699104,54.047913,264.642242,52.648582,1.399330,0
2026-08-01T13:31:57Z,F4FF7C54590B04C5,16.14,queries/tpch/Functions/09-19_array/array_contains.sql,2,1,5,7.922608,38.906651,7.746011,0.176597,93.905273,461.809509,91.976059,1.929214,86.761536,427.464172,85.175659,1.585876,0
2026-08-01T13:33:26Z,F4FF7C54590B04C5,16.14,queries/tpch/Functions/09-19_array/array_dims.sql,2,1,5,7.563077,37.087176,7.381025,0.182052,90.295593,444.518250,88.555664,1.739929,83.502808,411.669861,82.041763,1.461044,0
2026-08-01T13:34:27Z,F4FF7C54590B04C5,16.14,queries/tpch/Functions/09-19_array/array_length.sql,2,1,5,5.224043,25.290643,5.016650,0.207393,59.876892,294.993408,58.779129,1.097763,55.144287,272.342072,54.299446,0.844841,0
2026-08-01T13:35:27Z,F4FF7C54590B04C5,16.14,queries/tpch/Functions/09-19_array/array_ndims.sql,2,1,5,5.124189,25.017525,4.973334,0.150855,58.967102,292.697845,58.432686,0.534416,54.367432,270.290588,53.980789,0.386642,0
2026-08-01T13:37:02Z,F4FF7C54590B04C5,16.14,queries/tpch/Functions/09-19_array/array_overlap.sql,2,1,5,7.972999,39.178312,7.801328,0.171671,94.745605,466.226440,92.870209,1.875397,87.541138,431.430908,85.972443,1.568695,0
2026-08-01T13:38:22Z,F4FF7C54590B04C5,16.14,queries/tpch/Functions/09-19_array/array_position.sql,2,1,5,6.827137,33.521904,6.673692,0.153445,79.491821,397.668427,79.544151,-0.052330,73.263977,367.595001,73.582756,-0.318779,0
2026-08-01T13:40:17Z,F4FF7C54590B04C5,16.14,queries/tpch/Functions/09-19_array/array_positions.sql,2,1,5,9.683007,47.809119,9.531528,0.151479,115.696716,573.373932,114.419304,1.277412,107.052673,530.879700,105.956757,1.095917,0
2026-08-01T13:42:02Z,F4FF7C54590B04C5,16.14,queries/tpch/Functions/09-19_array/array_prepend.sql,2,1,5,8.852191,43.643262,8.697768,0.154423,105.854858,524.990417,104.783890,1.070969,97.934998,486.324158,97.097290,0.837708,0
2026-08-01T13:43:30Z,F4FF7C54590B04C5,16.14,queries/tpch/Functions/09-19_array/array_remove.sql,2,1,5,7.387119,36.189033,7.200479,0.186640,88.164429,430.093964,85.482384,2.682045,81.427917,397.713043,79.071281,2.356636,0
2026-08-01T13:45:02Z,F4FF7C54590B04C5,16.14,queries/tpch/Functions/09-19_array/array_replace.sql,2,1,5,7.862026,38.535441,7.668354,0.193672,93.085144,451.892273,89.701782,3.383362,85.943176,417.583221,82.910011,3.033165,0
2026-08-01T13:46:33Z,F4FF7C54590B04C5,16.14,queries/tpch/Functions/09-19_array/array_slice.sql,2,1,5,7.704787,37.729421,7.506158,0.198628,90.691162,442.671448,87.995071,2.696091,83.687256,408.965240,81.319496,2.367760,0
2026-08-01T13:47:39Z,F4FF7C54590B04C5,16.14,queries/tpch/Functions/09-19_array/array_subscript.sql,2,1,5,5.591620,27.500876,5.477314,0.114306,65.477356,322.549072,64.267929,1.209427,60.404724,297.856995,59.363068,1.041656,0
2026-08-01T13:49:24Z,F4FF7C54590B04C5,16.14,queries/tpch/Functions/09-19_array/array_to_string.sql,2,1,5,8.825681,43.568842,8.685790,0.139890,105.319946,525.119110,104.949791,0.370155,97.378479,486.617249,97.309692,0.068787,0
2026-08-01T13:50:26Z,F4FF7C54590B04C5,16.14,queries/tpch/Functions/09-19_array/array_upper.sql,2,1,5,5.231069,25.428348,5.049320,0.181749,60.688232,297.672394,59.246040,1.442192,55.985596,274.878845,54.723312,1.262283,0
2026-08-01T13:51:27Z,F4FF7C54590B04C5,16.14,queries/tpch/Functions/09-19_array/cardinality.sql,2,1,5,5.268061,25.333054,5.016248,0.251813,61.192078,295.794678,58.650650,2.541428,56.269226,273.162323,54.223274,2.045952,0
2026-08-01T13:54:45Z,F4FF7C54590B04C5,16.14,queries/tpch/Functions/09-19_array/string_to_array.sql,2,1,5,16.610301,82.548787,16.484622,0.125679,194.217651,989.249207,198.757889,-4.540237,179.740723,917.251251,184.377632,-4.636909,0
2026-08-01T13:56:18Z,F4FF7C54590B04C5,16.14,queries/tpch/Functions/09-19_array/trim_array.sql,2,1,5,7.849839,38.495868,7.661507,0.188332,93.490845,459.880737,91.597473,1.893372,86.509155,425.972626,84.865868,1.643288,0
2026-08-01T13:58:28Z,F4FF7C54590B04C5,16.14,queries/tpch/Functions/09-20_range/adjacent.sql,2,1,5,10.953731,54.008958,10.763807,0.189924,133.492554,655.593872,130.525330,2.967224,123.848145,608.263641,121.103874,2.744270,0
2026-08-01T14:00:11Z,F4FF7C54590B04C5,16.14,queries/tpch/Functions/09-20_range/contained_by.sql,2,1,5,8.697293,42.678996,8.495426,0.201868,105.728821,515.950012,102.555298,3.173523,97.923889,478.311462,95.096893,2.826996,0
2026-08-01T14:01:50Z,F4FF7C54590B04C5,16.14,queries/tpch/Functions/09-20_range/contains_elem.sql,2,1,5,8.454802,41.465693,8.252723,0.202079,100.933594,496.720551,98.946739,1.986855,93.466553,460.139374,91.668205,1.798347,0
2026-08-01T14:03:33Z,F4FF7C54590B04C5,16.14,queries/tpch/Functions/09-20_range/contains_range.sql,2,1,5,8.697116,42.747160,8.512511,0.184605,104.008728,514.939697,102.732742,1.275986,96.264771,477.310699,95.261482,1.003288,0
2026-08-01T14:05:04Z,F4FF7C54590B04C5,16.14,queries/tpch/Functions/09-20_range/daterange_make.sql,2,1,5,7.693312,37.740520,7.511802,0.181509,92.357056,453.798889,90.360458,1.996597,85.436462,420.410950,83.743622,1.692841,0
2026-08-01T14:07:23Z,F4FF7C54590B04C5,16.14,queries/tpch/Functions/09-20_range/intersect.sql,2,1,5,11.736211,57.851358,11.528787,0.207424,143.300964,710.564148,141.815796,1.485168,132.852661,659.938324,131.771416,1.081245,0
2026-08-01T14:08:55Z,F4FF7C54590B04C5,16.14,queries/tpch/Functions/09-20_range/isempty.sql,2,1,5,7.720485,38.216635,7.624037,0.096448,93.375244,457.729919,91.088669,2.286575,86.491516,423.998749,84.376808,2.114708,0
2026-08-01T14:10:29Z,F4FF7C54590B04C5,16.14,queries/tpch/Functions/09-20_range/lower.sql,2,1,5,7.978014,39.118229,7.785054,0.192960,95.083923,468.640198,93.389069,1.694855,87.934509,433.978119,86.510902,1.423607,0
2026-08-01T14:12:17Z,F4FF7C54590B04C5,16.14,queries/tpch/Functions/09-20_range/multirange.sql,2,1,5,9.024948,44.545863,8.880229,0.144719,107.768433,537.432007,107.415894,0.352539,99.673157,498.021240,99.587021,0.086136,0
2026-08-01T14:14:02Z,F4FF7C54590B04C5,16.14,queries/tpch/Functions/09-20_range/overlaps.sql,2,1,5,8.935545,43.977869,8.760581,0.174964,106.846680,537.186951,107.585068,-0.738388,98.920349,498.198669,99.819580,-0.899231,0
2026-08-01T14:15:43Z,F4FF7C54590B04C5,16.14,queries/tpch/Functions/09-20_range/strictly_left.sql,2,1,5,8.499666,41.594064,8.273599,0.226067,103.430542,500.468933,99.259598,4.170944,95.790894,463.853699,92.015701,3.775192,0
2026-08-01T14:17:23Z,F4FF7C54590B04C5,16.14,queries/tpch/Functions/09-20_range/strictly_right.sql,2,1,5,8.473640,41.679359,8.301430,0.172210,101.272156,509.668945,102.099197,-0.827042,93.731201,472.684235,94.738258,-1.007057,0
2026-08-01T14:20:25Z,F4FF7C54590B04C5,16.14,queries/tpch/Functions/09-20_range/union.sql,2,1,5,15.343473,75.854758,15.127821,0.215651,188.173950,930.426788,185.563210,2.610741,174.650818,864.421967,172.442787,2.208031,0
2026-08-01T14:22:00Z,F4FF7C54590B04C5,16.14,queries/tpch/Functions/09-20_range/upper.sql,2,1,5,7.983948,39.300366,7.829105,0.154843,95.271301,472.847137,94.393959,0.877342,88.146912,438.095642,87.487183,0.659729,0
2026-08-01T14:23:04Z,F4FF7C54590B04C5,16.14,queries/tpch/Functions/09-21_aggregate/array_agg.sql,2,1,5,5.096381,27.055955,5.489893,-0.393513,140.710144,637.120697,124.102638,16.607506,135.316101,608.637054,118.330238,16.985863,0
2026-08-01T14:26:00Z,F4FF7C54590B04C5,16.14,queries/tpch/Functions/09-21_aggregate/array_agg_orderby.sql,2,1,5,14.722609,72.796791,14.518545,0.204064,182.533630,878.080719,173.886772,8.646858,168.691956,811.525482,160.708382,7.983574,0
2026-08-01T14:26:21Z,F4FF7C54590B04C5,16.14,queries/tpch/Functions/09-21_aggregate/avg.sql,2,1,5,1.872478,8.941946,1.767367,0.105111,49.516296,242.180420,48.166031,1.350266,47.597595,233.061554,46.365990,1.231606,0
2026-08-01T14:26:36Z,F4FF7C54590B04C5,16.14,queries/tpch/Functions/09-21_aggregate/bit_and.sql,2,1,5,1.238588,6.015101,1.194128,0.044459,30.284668,143.341156,28.264122,2.020546,28.914185,136.682495,26.942078,1.972107,0
2026-08-01T14:26:51Z,F4FF7C54590B04C5,16.14,queries/tpch/Functions/09-21_aggregate/bit_or.sql,2,1,5,1.346605,6.128152,1.195387,0.151218,28.770508,139.632080,27.715393,1.055115,27.216187,132.905914,26.422432,0.793755,0
2026-08-01T14:27:11Z,F4FF7C54590B04C5,16.14,queries/tpch/Functions/09-21_aggregate/bool_and.sql,2,1,5,1.783912,8.405013,1.655275,0.128636,38.714111,185.297974,36.645966,2.068146,36.836731,176.572815,34.934021,1.902710,0
2026-08-01T14:27:32Z,F4FF7C54590B04C5,16.14,queries/tpch/Functions/09-21_aggregate/bool_or.sql,2,1,5,1.776323,8.408694,1.658093,0.118230,39.096680,184.441437,36.336189,2.760490,37.168457,175.685181,34.629181,2.539276,0
2026-08-01T14:28:29Z,F4FF7C54590B04C5,16.14,queries/tpch/Functions/09-21_aggregate/corr.sql,2,1,5,4.822829,23.705614,4.720696,0.102132,105.805969,520.145294,103.584831,2.221138,101.112915,497.397552,99.071159,2.041756,0
2026-08-01T14:28:48Z,F4FF7C54590B04C5,16.14,queries/tpch/Functions/09-21_aggregate/count_col.sql,2,1,5,1.708204,8.086939,1.594684,0.113520,37.584229,177.481476,34.974312,2.609917,35.797180,168.982880,33.296425,2.500755,0
2026-08-01T14:29:18Z,F4FF7C54590B04C5,16.14,queries/tpch/Functions/09-21_aggregate/count_distinct.sql,2,1,5,2.625815,12.088834,2.365755,0.260060,32.603027,155.632477,30.757362,1.845665,30.085266,144.333954,28.562172,1.523094,0
2026-08-01T14:29:38Z,F4FF7C54590B04C5,16.14,queries/tpch/Functions/09-21_aggregate/count_filter.sql,2,1,5,1.783462,8.480760,1.674324,0.109138,47.052246,214.467621,41.853844,5.198402,45.111877,205.767120,40.163811,4.948067,0
2026-08-01T14:29:49Z,F4FF7C54590B04C5,16.14,queries/tpch/Functions/09-21_aggregate/count_star.sql,2,1,5,1.035976,4.411391,0.843854,0.192123,22.084412,104.627228,20.635704,1.448708,20.983154,100.149719,19.791641,1.191513,0
2026-08-01T14:34:38Z,F4FF7C54590B04C5,16.14,queries/tpch/Functions/09-21_aggregate/cume_dist_hypothetical.sql,2,1,5,24.191694,120.024649,23.958239,0.233455,290.833557,1430.817047,284.995872,5.837685,268.636292,1323.028351,263.598015,5.038277,0
2026-08-01T14:39:41Z,F4FF7C54590B04C5,16.14,queries/tpch/Functions/09-21_aggregate/dense_rank_hypothetical.sql,2,1,5,25.326515,126.060130,25.183404,0.143111,301.253174,1504.867126,300.903488,0.349686,278.551453,1392.817017,278.566391,-0.014938,0
2026-08-01T14:40:07Z,F4FF7C54590B04C5,16.14,queries/tpch/Functions/09-21_aggregate/group_by.sql,2,1,5,2.243211,11.234948,2.247934,-0.004723,63.591736,299.085205,58.873367,4.718369,61.257812,287.663422,56.601402,4.656410,0
2026-08-01T14:42:05Z,F4FF7C54590B04C5,16.14,queries/tpch/Functions/09-21_aggregate/json_agg.sql,2,1,5,9.907338,48.959752,9.763103,0.144235,125.039368,600.357086,118.829430,6.209938,115.466187,553.338623,109.468109,5.998077,0
2026-08-01T14:45:34Z,F4FF7C54590B04C5,16.14,queries/tpch/Functions/09-21_aggregate/jsonb_agg.sql,2,1,5,17.566597,86.723694,17.289274,0.277323,-261928.909973,1068.867676,65749.444412,-327678.354385,198.586426,988.809723,197.555824,1.030602,0
2026-08-01T14:45:50Z,F4FF7C54590B04C5,16.14,queries/tpch/Functions/09-21_aggregate/max.sql,2,1,5,1.458467,6.734821,1.319089,0.139379,36.954224,185.597839,37.160904,-0.206680,35.415710,178.389130,35.743355,-0.327644,0
2026-08-01T14:46:08Z,F4FF7C54590B04C5,16.14,queries/tpch/Functions/09-21_aggregate/min.sql,2,1,5,1.443319,7.161147,1.429457,0.013862,36.468079,168.814240,33.086540,3.381538,34.962036,161.088074,31.531509,3.430527,0
2026-08-01T14:48:36Z,F4FF7C54590B04C5,16.14,queries/tpch/Functions/09-21_aggregate/mode.sql,2,1,5,12.453205,61.951857,12.374663,0.078541,154.608093,757.027679,150.604897,4.003197,143.009216,699.761414,139.188049,3.821167,0
2026-08-01T14:53:23Z,F4FF7C54590B04C5,16.14,queries/tpch/Functions/09-21_aggregate/percent_rank_hypothetical.sql,2,1,5,23.971033,119.171359,23.800082,0.170951,284.940369,1411.208496,281.567032,3.373337,262.823059,1304.596771,260.443428,2.379631,0
2026-08-01T14:55:34Z,F4FF7C54590B04C5,16.14,queries/tpch/Functions/09-21_aggregate/percentile_cont.sql,2,1,5,11.096430,54.617517,10.880272,0.216159,129.606018,638.054169,127.112038,2.493980,119.470398,588.915131,117.361183,2.109215,0
2026-08-01T14:57:52Z,F4FF7C54590B04C5,16.14,queries/tpch/Functions/09-21_aggregate/percentile_cont_array.sql,2,1,5,11.557059,57.220377,11.415829,0.141230,135.488892,675.914459,135.106392,0.382500,124.985779,624.057953,124.768044,0.217735,0
2026-08-01T15:00:57Z,F4FF7C54590B04C5,16.14,queries/tpch/Functions/09-21_aggregate/percentile_disc.sql,2,1,5,15.654690,77.063071,15.352095,0.302595,187.463257,925.892548,184.607323,2.855934,173.358337,-130215.185211,-32597.135887,32770.494225,0
2026-08-01T15:05:44Z,F4FF7C54590B04C5,16.14,queries/tpch/Functions/09-21_aggregate/rank_hypothetical.sql,2,1,5,24.036647,119.407763,23.842779,0.193868,287.210938,1414.526520,281.828896,5.382042,265.601868,1308.181183,260.644829,4.957039,0
2026-08-01T15:06:39Z,F4FF7C54590B04C5,16.14,queries/tpch/Functions/09-21_aggregate/regr_slope.sql,2,1,5,4.339506,22.998054,4.664637,-0.325131,123.010193,544.284943,105.318687,17.691505,118.737854,522.041748,100.825974,17.911880,0
2026-08-01T15:07:06Z,F4FF7C54590B04C5,16.14,queries/tpch/Functions/09-21_aggregate/stddev.sql,2,1,5,2.432008,11.482406,2.262599,0.169408,51.305359,253.597778,50.573105,0.732254,48.852234,241.894806,48.260643,0.591591,0
2026-08-01T15:07:34Z,F4FF7C54590B04C5,16.14,queries/tpch/Functions/09-21_aggregate/stddev_pop.sql,2,1,5,2.385161,11.520045,2.283721,0.101440,52.362122,252.724640,50.090630,2.271492,49.964417,240.954559,47.747536,2.216881,0
2026-08-01T15:08:48Z,F4FF7C54590B04C5,16.14,queries/tpch/Functions/09-21_aggregate/string_agg.sql,2,1,5,6.170460,30.584657,6.103549,0.066911,136.979675,670.968994,133.497330,3.482346,130.420593,639.057373,127.159195,3.261398,0
2026-08-01T15:09:08Z,F4FF7C54590B04C5,16.14,queries/tpch/Functions/09-21_aggregate/sum.sql,2,1,5,1.807664,8.533580,1.681479,0.126185,39.491455,187.828613,37.084290,2.407166,37.567749,178.987061,35.354828,2.212921,0
2026-08-01T15:09:29Z,F4FF7C54590B04C5,16.14,queries/tpch/Functions/09-21_aggregate/sum_filter.sql,2,1,5,1.730483,8.457981,1.681875,0.048608,38.382935,185.026825,36.660973,1.721962,36.602844,176.150665,34.886955,1.715889,0
2026-08-01T15:10:00Z,F4FF7C54590B04C5,16.14,queries/tpch/Functions/09-21_aggregate/sum_float8.sql,2,1,5,2.721453,12.970699,2.562311,0.159142,59.240356,284.856354,56.403999,2.836357,56.419250,271.928802,53.877388,2.541862,0
2026-08-01T15:10:29Z,F4FF7C54590B04C5,16.14,queries/tpch/Functions/09-21_aggregate/var_pop.sql,2,1,5,2.446749,11.709604,2.315714,0.131035,53.704895,256.894318,50.797356,2.907539,51.164856,245.039673,48.468704,2.696152,0
2026-08-01T15:10:57Z,F4FF7C54590B04C5,16.14,queries/tpch/Functions/09-21_aggregate/variance.sql,2,1,5,2.444645,11.707188,2.315636,0.129010,53.089111,257.556946,51.116959,1.972153,50.580811,245.686157,48.776337,1.804474,0
2026-08-01T15:14:15Z,F4FF7C54590B04C5,16.14,queries/tpch/Functions/09-22_window/avg_over.sql,2,1,5,16.438399,82.040236,16.400459,0.037940,298.692444,1514.089417,303.849243,-5.156799,281.833679,1429.999390,287.041428,-5.207748,0
2026-08-01T15:17:59Z,F4FF7C54590B04C5,16.14,queries/tpch/Functions/09-22_window/count_over.sql,2,1,5,18.787689,93.237884,18.612549,0.175141,226.837891,1120.976807,223.534729,3.303162,209.783569,1036.946411,206.790710,2.992859,0
2026-08-01T15:37:31Z,F4FF7C54590B04C5,16.14,queries/tpch/Functions/09-22_window/cume_dist.sql,2,1,5,97.500126,488.432882,97.733189,-0.233063,1029.631592,5167.360870,1034.432320,-4.800728,944.611816,4740.963257,949.087860,-4.476044,0
2026-08-01T15:41:11Z,F4FF7C54590B04C5,16.14,queries/tpch/Functions/09-22_window/dense_rank.sql,2,1,5,18.464818,91.743803,18.319746,0.145072,218.521851,1085.233337,216.677872,1.843979,201.858215,1002.348663,200.122612,1.735603,0
2026-08-01T16:11:55Z,F4FF7C54590B04C5,16.14,queries/tpch/Functions/09-22_window/first_value.sql,2,1,5,158.087808,767.229211,152.285351,5.802457,1719.496948,8333.267395,1653.442612,66.054337,1580.094116,7657.238892,1519.286194,60.807922,0
2026-08-01T16:15:56Z,F4FF7C54590B04C5,16.14,queries/tpch/Functions/09-22_window/first_value_part_1500k.sql,2,1,5,20.237801,100.513095,20.068824,0.168977,244.393921,1235.866852,247.868233,-3.474312,226.240906,1143.890839,229.412483,-3.171577,0
2026-08-01T16:19:34Z,F4FF7C54590B04C5,16.14,queries/tpch/Functions/09-22_window/first_value_part_200k.sql,2,1,5,18.088201,90.936330,18.212032,-0.123831,347.364197,1720.307831,343.235909,4.128288,328.134766,1624.790039,324.163818,3.970947,0
2026-08-01T16:50:58Z,F4FF7C54590B04C5,16.14,queries/tpch/Functions/09-22_window/first_value_part_3.sql,2,1,5,157.017052,784.545726,156.882168,0.134884,1796.504456,8956.140045,1789.908897,6.595558,1655.037354,8247.795807,1648.189613,6.847740,0
2026-08-01T17:01:26Z,F4FF7C54590B04C5,16.14,queries/tpch/Functions/09-22_window/frame_exclude_current.sql,2,1,5,52.441700,261.624478,52.295694,0.146006,736.095093,3725.342987,747.311974,-11.216881,687.013062,3479.546112,698.133263,-11.120201,0
2026-08-01T17:06:41Z,F4FF7C54590B04C5,16.14,queries/tpch/Functions/09-22_window/frame_groups.sql,2,1,5,26.378288,131.054742,26.169113,0.209175,422.221313,2107.303436,421.270531,0.950783,396.379700,1980.054871,395.918793,0.460907,0
2026-08-01T17:11:09Z,F4FF7C54590B04C5,16.14,queries/tpch/Functions/09-22_window/frame_rows_centered.sql,2,1,5,22.834381,111.780610,22.236557,0.597824,383.833313,1888.870178,376.259216,7.574097,361.275513,1778.835327,354.389954,6.885559,0
2026-08-01T17:30:18Z,F4FF7C54590B04C5,16.14,queries/tpch/Functions/09-22_window/frame_rows_following.sql,2,1,5,96.002731,478.663123,95.665098,0.337633,1117.451843,5523.684418,1101.558144,15.893700,1031.436096,5093.696503,1015.565102,15.870995,0
2026-08-01T17:33:54Z,F4FF7C54590B04C5,16.14,queries/tpch/Functions/09-22_window/frame_rows_running.sql,2,1,5,17.914413,89.897194,17.995695,-0.081282,320.125549,1604.627716,321.125542,-0.999992,301.996338,1513.695160,302.924706,-0.928368,0
2026-08-01T17:36:45Z,F4FF7C54590B04C5,16.14,queries/tpch/Functions/09-22_window/lag.sql,2,1,5,14.105117,71.301540,14.299106,-0.193989,264.783386,1317.006805,263.055855,1.727531,249.839844,1241.512817,247.918243,1.921600,0
2026-08-01T17:39:45Z,F4FF7C54590B04C5,16.14,queries/tpch/Functions/09-22_window/last_value.sql,2,1,5,14.976630,75.090804,15.028544,-0.051914,275.161804,1379.914581,276.188194,-1.026390,259.439026,1301.189331,260.437576,-0.998550,0
2026-08-01T17:43:49Z,F4FF7C54590B04C5,16.14,queries/tpch/Functions/09-22_window/last_value_part_1500k.sql,2,1,5,20.465477,101.294363,20.207221,0.258255,254.998291,1239.553406,246.138779,8.859512,236.096008,1147.405548,227.827385,8.268623,0
2026-08-01T17:46:38Z,F4FF7C54590B04C5,16.14,queries/tpch/Functions/09-22_window/lead.sql,2,1,5,14.069966,70.775431,14.176366,-0.106401,263.396790,1315.979279,263.145622,0.251167,248.545166,1241.423615,248.219612,0.325554,0
2026-08-01T18:17:09Z,F4FF7C54590B04C5,16.14,queries/tpch/Functions/09-22_window/nth_value.sql,2,1,5,151.264256,763.618181,153.088481,-1.824225,1651.610962,8343.347290,1672.934082,-21.323120,1518.417053,7669.217285,1537.700058,-19.283005,0
2026-08-01T18:20:18Z,F4FF7C54590B04C5,16.14,queries/tpch/Functions/09-22_window/ntile.sql,2,1,5,15.790374,78.570081,15.694927,0.095448,188.412964,930.830139,185.604294,2.808670,173.991150,859.798279,171.451782,2.539368,0
2026-08-01T18:26:04Z,F4FF7C54590B04C5,16.14,queries/tpch/Functions/09-22_window/partition_by.sql,2,1,5,28.865763,144.123497,28.814433,0.051330,344.761353,1724.787109,345.006439,-0.245087,319.247498,1596.562683,319.328796,-0.081299,0
2026-08-01T18:30:59Z,F4FF7C54590B04C5,16.14,queries/tpch/Functions/09-22_window/percent_rank.sql,2,1,5,24.590069,123.055275,24.616301,-0.026232,298.279846,1485.926758,296.911728,1.368118,276.491577,1376.239655,274.937019,1.554558,0
2026-08-01T18:34:39Z,F4FF7C54590B04C5,16.14,queries/tpch/Functions/09-22_window/rank.sql,2,1,5,18.500889,91.645352,18.286116,0.214773,218.816833,1079.157471,215.085159,3.731674,202.207153,997.853851,198.911674,3.295479,0
2026-08-01T18:37:41Z,F4FF7C54590B04C5,16.14,queries/tpch/Functions/09-22_window/row_number.sql,2,1,5,15.273392,75.540320,15.066732,0.206660,179.056030,882.521118,175.866272,3.189758,165.165955,815.139740,162.493446,2.672508,0
2026-08-01T18:40:58Z,F4FF7C54590B04C5,16.14,queries/tpch/Functions/09-22_window/row_number_part_1500k.sql,2,1,5,16.570152,81.881110,16.327740,0.242412,200.840210,992.537537,197.924332,2.915878,185.661316,918.685242,183.255981,2.405334,0
2026-08-01T18:44:14Z,F4FF7C54590B04C5,16.14,queries/tpch/Functions/09-22_window/sum_over.sql,2,1,5,16.113477,81.730644,16.404292,-0.290814,305.590942,1506.879578,300.322159,5.268784,288.994080,1423.039551,283.511368,5.482712,0
2026-08-01T18:44:40Z,F4FF7C54590B04C5,16.14,queries/tpch/Functions/09-24_subquery/any_subquery.sql,2,1,5,2.320584,11.083299,2.190679,0.129906,49.828857,252.013641,50.546196,-0.717339,47.450317,240.509064,48.264687,-0.814369,0
2026-08-01T18:46:35Z,F4FF7C54590B04C5,16.14,queries/tpch/Functions/09-24_subquery/exists.sql,2,1,5,9.657882,47.494380,9.459125,0.198757,122.249390,582.492981,115.060898,7.188492,113.088623,538.816711,106.432022,6.656601,0
2026-08-01T18:47:02Z,F4FF7C54590B04C5,16.14,queries/tpch/Functions/09-24_subquery/in_subquery.sql,2,1,5,2.305802,11.067889,2.190522,0.115281,51.127869,252.360748,50.308220,0.819649,48.708923,240.912598,48.050919,0.658005,0
2026-08-01T18:47:45Z,F4FF7C54590B04C5,16.14,queries/tpch/Functions/09-24_subquery/not_exists.sql,2,1,5,3.679988,18.264669,3.646170,0.033818,86.638489,413.794861,81.789093,4.849396,82.446594,393.311829,77.716309,4.730286,0
2026-08-01T18:48:54Z,F4FF7C54590B04C5,16.14,queries/tpch/Functions/09-24_subquery/not_in_subquery.sql,2,1,5,5.814504,28.274800,5.615074,0.199430,71.256042,339.926666,67.167656,4.088387,65.604858,313.615051,62.002548,3.602310,0
2026-08-01T18:49:22Z,F4FF7C54590B04C5,16.14,queries/tpch/Functions/09-24_subquery/scalar_subquery.sql,2,1,5,2.519382,11.691080,2.292925,0.226457,32.324219,154.501221,30.544250,1.779968,29.921448,143.584717,28.415817,1.505630,0
2026-08-01T18:50:07Z,F4FF7C54590B04C5,16.14,queries/tpch/Functions/09-25_row_comparison/all_array.sql,2,1,5,3.846303,18.580308,3.683501,0.162802,45.764221,223.465515,44.425323,1.338898,42.124084,206.122437,40.999588,1.124496,0
2026-08-01T18:50:52Z,F4FF7C54590B04C5,16.14,queries/tpch/Functions/09-25_row_comparison/any_array.sql,2,1,5,3.822988,18.493347,3.667590,0.155398,45.060120,221.840759,44.195160,0.864960,41.551147,204.765717,40.803642,0.747505,0
2026-08-01T18:51:36Z,F4FF7C54590B04C5,16.14,queries/tpch/Functions/09-25_row_comparison/in_list.sql,2,1,5,3.830644,18.515401,3.671189,0.159454,45.577759,221.980316,44.100639,1.477119,41.889404,204.565979,40.669144,1.220261,0
2026-08-01T18:52:21Z,F4FF7C54590B04C5,16.14,queries/tpch/Functions/09-25_row_comparison/not_in_list.sql,2,1,5,3.847627,18.617306,3.692420,0.155207,45.735291,223.394958,44.414917,1.320374,42.079834,205.919373,40.959885,1.119949,0
2026-08-01T18:53:09Z,F4FF7C54590B04C5,16.14,queries/tpch/Functions/09-25_row_comparison/row_eq.sql,2,1,5,4.097510,19.905451,3.951985,0.145525,47.978638,238.514130,47.633873,0.344765,44.104187,219.950836,43.961662,0.142525,0
2026-08-01T18:54:03Z,F4FF7C54590B04C5,16.14,queries/tpch/Functions/09-25_row_comparison/row_in.sql,2,1,5,4.617380,22.398355,4.445244,0.172136,54.895386,269.225616,53.582558,1.312828,50.565063,248.450989,49.471481,1.093582,0
2026-08-01T18:54:52Z,F4FF7C54590B04C5,16.14,queries/tpch/Functions/09-25_row_comparison/row_is_distinct.sql,2,1,5,4.143880,20.000751,3.964218,0.179662,48.969971,239.535980,47.641502,1.328468,45.042725,220.866333,43.955902,1.086823,0
2026-08-01T18:55:27Z,F4FF7C54590B04C5,16.14,queries/tpch/Functions/09-25_row_comparison/row_lt.sql,2,1,5,3.053736,14.593128,2.884848,0.168888,36.143433,175.135651,34.748055,1.395378,33.186035,161.260590,32.018639,1.167397,0
2026-08-01T18:56:15Z,F4FF7C54590B04C5,16.14,queries/tpch/Functions/09-25_row_comparison/row_ne.sql,2,1,5,4.106167,19.872327,3.941540,0.164627,47.669800,236.906677,47.309219,0.360580,43.776184,218.755402,43.744804,0.031380,0
2026-08-01T18:57:48Z,F4FF7C54590B04C5,16.14,queries/tpch/Functions/09-26_set_returning/generate_series_int.sql,2,1,5,7.508039,39.481473,7.993359,-0.485319,195.014648,895.123138,175.027122,19.987526,187.879456,857.864746,167.496323,20.383133,0
2026-08-01T18:59:12Z,F4FF7C54590B04C5,16.14,queries/tpch/Functions/09-26_set_returning/generate_subscripts.sql,2,1,5,7.065021,34.912957,6.961984,0.103037,154.907349,766.079498,152.793037,2.114311,148.131775,733.118774,146.246750,1.885025,0
2026-08-01T19:03:00Z,F4FF7C54590B04C5,16.14,queries/tpch/Functions/09-26_set_returning/jsonb_array_elements.sql,2,1,5,19.099287,94.727976,18.907172,0.192115,418.203796,2078.869873,415.166519,3.037277,400.290405,1991.710907,397.855125,2.435280,0
2026-08-01T19:06:55Z,F4FF7C54590B04C5,16.14,queries/tpch/Functions/09-26_set_returning/jsonb_object_keys.sql,2,1,5,19.661091,97.945141,19.571012,0.090079,427.067566,2132.680939,426.403343,0.664223,408.877136,2042.646332,408.442299,0.434837,0
2026-08-01T19:14:13Z,F4FF7C54590B04C5,16.14,queries/tpch/Functions/09-26_set_returning/regexp_split_to_table.sql,2,1,5,36.598857,182.134689,36.383958,0.214899,788.978333,3910.007812,780.257370,8.720963,755.384399,3743.755768,747.092842,8.291557,0
2026-08-01T19:17:48Z,F4FF7C54590B04C5,16.14,queries/tpch/Functions/09-26_set_returning/string_to_table.sql,2,1,5,18.150721,89.527214,17.844123,0.306597,388.646912,1918.824188,382.544319,6.102592,371.795044,1836.399567,366.151131,5.643913,0
2026-08-01T19:23:32Z,F4FF7C54590B04C5,16.14,queries/tpch/Functions/09-26_set_returning/unnest.sql,2,1,5,28.827732,143.305781,28.619512,0.208220,363.120483,1769.692810,351.643082,11.477402,337.445312,1642.535767,326.272614,11.172699,0
2026-08-01T19:24:20Z,F4FF7C54590B04C5,16.14,queries/tpch/Functions/09-27_system_info/current_database.sql,2,1,5,4.096510,19.784525,3.922004,0.174507,50.104309,243.801056,48.424187,1.680122,46.239014,226.073425,44.958603,1.280411,0
2026-08-01T19:25:24Z,F4FF7C54590B04C5,16.14,queries/tpch/Functions/09-27_system_info/current_setting.sql,2,1,5,5.427437,26.377221,5.237446,0.189991,66.011169,319.248108,63.309235,2.701935,61.138672,295.668854,58.632545,2.506126,0
2026-08-01T19:26:18Z,F4FF7C54590B04C5,16.14,queries/tpch/Functions/09-27_system_info/current_user.sql,2,1,5,4.633639,22.371779,4.434535,0.199105,56.480042,272.350311,53.967567,2.512474,52.088440,252.161163,50.018181,2.070259,0
2026-08-01T19:26:43Z,F4FF7C54590B04C5,16.14,queries/tpch/Functions/09-27_system_info/pg_backend_pid.sql,2,1,5,2.218273,10.332552,2.028570,0.189703,26.775696,128.055420,25.319931,1.455765,24.697998,118.525726,23.456932,1.241066,0
2026-08-01T19:27:32Z,F4FF7C54590B04C5,16.14,queries/tpch/Functions/09-27_system_info/pg_column_size.sql,2,1,5,4.227446,20.477488,4.062511,0.164935,47.967102,234.074738,46.526909,1.440193,43.880371,215.083496,42.800781,1.079590,0
2026-08-01T19:27:59Z,F4FF7C54590B04C5,16.14,queries/tpch/Functions/09-27_system_info/pg_column_size_int.sql,2,1,5,2.360632,11.058897,2.174566,0.186066,28.406250,137.241699,27.208862,1.197388,26.214050,127.033661,25.204903,1.009148,0
2026-08-01T19:28:36Z,F4FF7C54590B04C5,16.14,queries/tpch/Functions/09-27_system_info/pg_typeof.sql,2,1,5,3.171684,15.413818,3.060534,0.111150,38.264771,185.424774,36.790001,1.474770,35.230225,170.848389,33.904541,1.325684,0
2026-08-01T19:29:10Z,F4FF7C54590B04C5,16.14,queries/tpch/Functions/09-27_system_info/version.sql,2,1,5,2.956443,14.099035,2.785648,0.170795,36.315491,173.003998,34.172127,2.143364,33.535095,160.159058,31.655991,1.879105,0
2026-08-01T19:29:11Z,630244E4AC8EBCDB,18.4,queries/tpch/Core/00_baseline/no_table.sql,2,1,5,0.038943,0.039661,0.000180,0.038763,0.484558,0.488464,0.000977,0.483582,0.440308,0.434387,-0.001480,0.441788,0
2026-08-01T19:29:12Z,630244E4AC8EBCDB,18.4,queries/tpch/Core/00_baseline/scan_customer.sql,2,1,5,0.095104,0.502305,0.101800,-0.006696,1.490234,6.663269,1.293259,0.196976,1.369507,6.125610,1.189026,0.180481,0
2026-08-01T19:29:38Z,630244E4AC8EBCDB,18.4,queries/tpch/Core/00_baseline/scan_lineitem.sql,2,1,5,1.953049,9.790769,1.959430,-0.006381,33.557556,167.007263,33.362427,0.195129,31.647278,157.360901,31.428406,0.218872,0
2026-08-01T19:29:38Z,630244E4AC8EBCDB,18.4,queries/tpch/Core/00_baseline/scan_nation.sql,2,1,5,0.038717,0.039730,0.000253,0.038463,0.494385,0.488800,-0.001396,0.495781,0.430847,0.442108,0.002815,0.428032,0
2026-08-01T19:29:46Z,630244E4AC8EBCDB,18.4,queries/tpch/Core/00_baseline/scan_orders.sql,2,1,5,0.736520,2.935670,0.549787,0.186733,10.604858,45.640442,8.758896,1.845963,9.777466,42.646393,8.217232,1.560234,0
2026-08-01T19:29:47Z,630244E4AC8EBCDB,18.4,queries/tpch/Core/00_baseline/scan_part.sql,2,1,5,0.115343,0.560135,0.111198,0.004144,1.831604,7.638916,1.451828,0.379776,1.638184,7.045532,1.351837,0.286346,0
2026-08-01T19:29:52Z,630244E4AC8EBCDB,18.4,queries/tpch/Core/00_baseline/scan_partsupp.sql,2,1,5,0.363694,1.669682,0.326497,0.037197,5.904785,27.171997,5.316803,0.587982,5.472900,25.436432,4.990883,0.482018,0
2026-08-01T19:29:52Z,630244E4AC8EBCDB,18.4,queries/tpch/Core/00_baseline/scan_region.sql,2,1,5,0.039589,0.040221,0.000158,0.039431,0.510437,0.495270,-0.003792,0.514229,0.444641,0.440277,-0.001091,0.445732,0
2026-08-01T19:29:52Z,630244E4AC8EBCDB,18.4,queries/tpch/Core/00_baseline/scan_supplier.sql,2,1,5,0.045029,0.066795,0.005441,0.039588,0.565308,0.739838,0.043633,0.521675,0.500061,0.656403,0.039085,0.460976,0
2026-08-01T19:29:54Z,630244E4AC8EBCDB,18.4,queries/tpch/Core/01_scan_access/bitmap_scan.sql,2,1,5,0.217654,0.797107,0.144863,0.072790,4.984985,18.411072,3.356522,1.628464,4.733582,17.491638,3.189514,1.544067,0
2026-08-01T19:29:55Z,630244E4AC8EBCDB,18.4,queries/tpch/Core/01_scan_access/index_only_scan.sql,2,1,5,0.076513,0.256399,0.044971,0.031541,0.969727,2.828369,0.464661,0.505066,0.887268,2.560089,0.418205,0.469063,0
2026-08-01T19:29:55Z,630244E4AC8EBCDB,18.4,queries/tpch/Core/01_scan_access/index_point_lookup.sql,2,1,5,0.041488,0.041897,0.000102,0.041386,0.499634,0.517944,0.004578,0.495056,0.429932,0.459320,0.007347,0.422585,0
2026-08-01T19:29:57Z,630244E4AC8EBCDB,18.4,queries/tpch/Core/01_scan_access/index_scan.sql,2,1,5,0.183683,0.517917,0.083559,0.100124,1.686768,5.786713,1.024986,0.661781,1.458435,5.236969,0.944633,0.513802,0
2026-08-01T19:30:06Z,630244E4AC8EBCDB,18.4,queries/tpch/Core/01_scan_access/seq_scan.sql,2,1,5,0.970326,3.955906,0.746395,0.223932,26.555115,116.248291,22.423294,4.131821,25.146851,110.320160,21.293327,3.853523,0
2026-08-01T19:30:30Z,630244E4AC8EBCDB,18.4,queries/tpch/Core/01_scan_access/tablesample_bernoulli.sql,2,1,5,2.113100,9.832263,1.929791,0.183309,24.065430,110.811707,21.686569,2.378860,21.887817,101.050232,19.790604,2.097214,0
2026-08-01T19:30:31Z,630244E4AC8EBCDB,18.4,queries/tpch/Core/01_scan_access/tablesample_system.sql,2,1,5,0.086569,0.272715,0.046536,0.040033,1.059265,3.321564,0.565575,0.493690,0.969849,3.004730,0.508720,0.461128,0
2026-08-01T19:30:47Z,630244E4AC8EBCDB,18.4,queries/tpch/Core/02_filter_projection/filter_2pct.sql,2,1,5,1.525116,6.689345,1.291057,0.234059,43.456787,184.618469,35.290421,8.166367,41.798706,175.480438,33.420433,8.378273,0
2026-08-01T19:31:29Z,630244E4AC8EBCDB,18.4,queries/tpch/Core/02_filter_projection/filter_all.sql,2,1,5,3.560186,17.011719,3.362883,0.197303,53.175781,267.639679,53.615974,-0.440193,49.663269,251.329803,50.416634,-0.753365,0
2026-08-01T19:32:07Z,630244E4AC8EBCDB,18.4,queries/tpch/Core/02_filter_projection/filter_half.sql,2,1,5,3.268065,15.773472,3.126352,0.141713,51.170410,251.164124,49.998428,1.171982,47.983398,235.908478,46.981270,1.002129,0
2026-08-01T19:32:22Z,630244E4AC8EBCDB,18.4,queries/tpch/Core/02_filter_projection/filter_none.sql,2,1,5,1.386398,6.427626,1.260307,0.126091,39.687622,177.553589,34.466492,5.221130,37.773499,169.377563,32.901016,4.872482,0
2026-08-01T19:32:22Z,630244E4AC8EBCDB,18.4,queries/tpch/Core/02_filter_projection/limit_100.sql,2,1,5,0.064741,0.044507,-0.005058,0.069799,0.317505,0.493103,0.043900,0.273605,0.235474,0.423218,0.046936,0.188538,0
2026-08-01T19:32:25Z,630244E4AC8EBCDB,18.4,queries/tpch/Core/02_filter_projection/limit_offset_3m.sql,2,1,5,0.309394,1.181494,0.218025,0.091369,4.021057,17.665192,3.411034,0.610023,3.665588,16.422180,3.189148,0.476440,0
2026-08-01T19:32:43Z,630244E4AC8EBCDB,18.4,queries/tpch/Core/02_filter_projection/project_all_cols.sql,2,1,5,1.889403,7.346962,1.364390,0.525013,29.915527,134.190521,26.068748,3.846779,27.861938,126.661041,24.699776,3.162163,0
2026-08-01T19:33:04Z,630244E4AC8EBCDB,18.4,queries/tpch/Core/02_filter_projection/project_zero_cols.sql,2,1,5,1.942630,8.375316,1.608171,0.334459,33.130066,154.165375,30.258827,2.871239,31.141602,145.677734,28.634033,2.507568,0
2026-08-01T19:33:36Z,630244E4AC8EBCDB,18.4,queries/tpch/Core/03_join_method/large_hash.sql,2,1,5,3.022886,13.053039,2.507538,0.515348,38.281494,173.564484,33.820747,4.460747,35.350342,161.181122,31.457695,3.892647,0
2026-08-01T19:34:03Z,630244E4AC8EBCDB,18.4,queries/tpch/Core/03_join_method/large_merge.sql,2,1,5,2.237055,11.254097,2.254261,-0.017205,56.843750,261.681763,51.209503,5.634247,54.171570,248.694092,48.630630,5.540939,0
2026-08-01T19:39:22Z,630244E4AC8EBCDB,18.4,queries/tpch/Core/03_join_method/large_nestloop_index.sql,2,1,5,26.644318,132.965631,26.580328,0.063990,307.827698,1500.651581,298.205971,9.621727,269.659058,1312.870880,260.802956,8.856102,0
2026-08-01T19:39:23Z,630244E4AC8EBCDB,18.4,queries/tpch/Core/03_join_method/small_hash.sql,2,1,5,0.047951,0.081699,0.008437,0.039514,0.613892,1.018036,0.101036,0.512856,0.532349,0.908783,0.094109,0.438240,0
2026-08-01T19:39:23Z,630244E4AC8EBCDB,18.4,queries/tpch/Core/03_join_method/small_merge.sql,2,1,5,0.050224,0.092304,0.010520,0.039704,0.650146,1.157806,0.126915,0.523232,0.557434,1.025055,0.116905,0.440529,0
2026-08-01T19:39:24Z,630244E4AC8EBCDB,18.4,queries/tpch/Core/03_join_method/small_nestloop.sql,2,1,5,0.083311,0.293809,0.052624,0.030687,1.395325,5.047974,0.913162,0.482162,1.284119,4.706329,0.855553,0.428566,0
2026-08-01T19:39:24Z,630244E4AC8EBCDB,18.4,queries/tpch/Core/04_join_scale/join_10kx25.sql,2,1,5,0.049666,0.083992,0.008581,0.041085,0.600891,1.023193,0.105576,0.495316,0.531433,0.926300,0.098717,0.432716,0
2026-08-01T19:39:57Z,630244E4AC8EBCDB,18.4,queries/tpch/Core/04_join_scale/join_1500kx150k.sql,2,1,5,3.331847,13.292870,2.490256,0.841591,38.566467,171.158264,33.147949,5.418518,35.386353,158.718750,30.833099,4.553253,0
2026-08-01T19:39:59Z,630244E4AC8EBCDB,18.4,queries/tpch/Core/04_join_scale/join_150kx25.sql,2,1,5,0.263468,0.685183,0.105429,0.158039,2.637817,9.912170,1.818588,0.819229,2.282837,9.239075,1.739059,0.543777,0
2026-08-01T19:39:59Z,630244E4AC8EBCDB,18.4,queries/tpch/Core/04_join_scale/join_25x5.sql,2,1,5,0.040030,0.041694,0.000416,0.039614,0.500427,0.521301,0.005219,0.495209,0.441833,0.457275,0.003860,0.437973,0
2026-08-01T19:41:11Z,630244E4AC8EBCDB,18.4,queries/tpch/Core/04_join_scale/join_6mx10k.sql,2,1,5,5.791271,30.393506,6.150559,-0.359288,78.743042,395.881500,79.284615,-0.541573,73.357971,367.959381,73.650352,-0.292381,0
2026-08-01T19:43:06Z,630244E4AC8EBCDB,18.4,queries/tpch/Core/04_join_scale/join_6mx1500k.sql,2,1,5,9.622993,47.954206,9.582803,0.040190,134.611877,669.440613,133.707184,0.904694,125.502197,624.185181,124.670746,0.831451,0
2026-08-01T19:45:16Z,630244E4AC8EBCDB,18.4,queries/tpch/Core/04_join_scale/join_6mx200k.sql,2,1,5,10.827792,53.808382,10.745148,0.082644,120.488892,596.299225,118.952583,1.536308,110.381653,546.777679,109.099007,1.282646,0
2026-08-01T19:45:33Z,630244E4AC8EBCDB,18.4,queries/tpch/Core/04_join_scale/join_800kx200k.sql,2,1,5,1.381927,7.150047,1.442030,-0.060103,19.057556,94.876678,18.954781,0.102776,17.790955,88.126740,17.583946,0.207008,0
2026-08-01T19:45:47Z,630244E4AC8EBCDB,18.4,queries/tpch/Core/05_join_type/anti_not_exists.sql,2,1,5,1.210392,5.984449,1.193514,0.016878,25.260437,123.328766,24.517082,0.743355,23.589355,114.895782,22.826607,0.762749,0
2026-08-01T19:46:24Z,630244E4AC8EBCDB,18.4,queries/tpch/Core/05_join_type/cross_join.sql,2,1,5,3.150933,15.067589,2.979164,0.171769,42.851501,206.769745,40.979561,1.871941,39.796204,192.945251,38.287262,1.508942,0
2026-08-01T19:46:57Z,630244E4AC8EBCDB,18.4,queries/tpch/Core/05_join_type/full_outer.sql,2,1,5,2.753841,13.500229,2.686597,0.067244,35.632629,172.132477,34.124962,1.507668,32.884766,159.432373,31.636902,1.247864,0
2026-08-01T19:47:29Z,630244E4AC8EBCDB,18.4,queries/tpch/Core/05_join_type/inner.sql,2,1,5,2.759477,13.225450,2.616493,0.142983,34.499146,170.160767,33.915405,0.583740,31.772583,157.647339,31.468689,0.303894,0
2026-08-01T19:47:55Z,630244E4AC8EBCDB,18.4,queries/tpch/Core/05_join_type/join_on_text_cast.sql,2,1,5,2.240114,10.798558,2.139611,0.100503,46.904236,225.399231,44.623749,2.280487,44.584778,214.178131,42.398338,2.186440,0
2026-08-01T19:48:26Z,630244E4AC8EBCDB,18.4,queries/tpch/Core/05_join_type/left_outer.sql,2,1,5,2.729298,13.166503,2.609301,0.119997,36.003113,173.500336,34.374306,1.628807,33.286438,161.058350,31.942978,1.343460,0
2026-08-01T19:49:02Z,630244E4AC8EBCDB,18.4,queries/tpch/Core/05_join_type/right_outer.sql,2,1,5,2.740873,14.862310,3.030359,-0.289486,35.067261,180.775635,36.427094,-1.359833,32.406982,166.867340,33.615089,-1.208107,0
2026-08-01T19:49:49Z,630244E4AC8EBCDB,18.4,queries/tpch/Core/05_join_type/self_join.sql,2,1,5,3.873275,19.317989,3.861179,0.012096,51.216370,258.101440,51.721268,-0.504898,47.434814,239.684875,48.062515,-0.627701,0
2026-08-01T19:50:23Z,630244E4AC8EBCDB,18.4,queries/tpch/Core/05_join_type/semi_exists.sql,2,1,5,3.286509,14.042210,2.688925,0.597584,37.445068,172.370422,33.731339,3.713730,34.245117,159.082855,31.209435,3.035683,0
2026-08-01T19:52:21Z,630244E4AC8EBCDB,18.4,queries/tpch/Core/06_join_chain/chain_1_hash.sql,2,1,5,10.268088,48.714335,9.611562,0.656527,124.574951,605.060852,120.121475,4.453476,113.081482,558.015564,111.233521,1.847961,0
2026-08-01T19:53:31Z,630244E4AC8EBCDB,18.4,queries/tpch/Core/06_join_chain/chain_1_merge.sql,2,1,5,5.876167,29.189065,5.828224,0.047943,76.770630,375.947906,74.794319,1.976311,71.256531,349.038940,69.445602,1.810928,0
2026-08-01T19:54:46Z,630244E4AC8EBCDB,18.4,queries/tpch/Core/06_join_chain/chain_1_nestloop.sql,2,1,5,5.936322,31.590638,6.413579,-0.477257,162.969055,722.743927,139.943718,23.025337,157.366577,692.873993,133.876854,23.489723,0
2026-08-01T19:57:11Z,630244E4AC8EBCDB,18.4,queries/tpch/Core/06_join_chain/chain_2_hash.sql,2,1,5,12.175134,60.428525,12.063348,0.111786,150.063721,731.024109,145.240097,4.823624,138.600769,675.176086,134.143829,4.456940,0
2026-08-01T19:58:54Z,630244E4AC8EBCDB,18.4,queries/tpch/Core/06_join_chain/chain_2_merge.sql,2,1,5,8.629643,42.483051,8.463352,0.166291,141.609985,713.638794,143.007202,-1.397217,132.578247,668.862305,134.071014,-1.492767,0
2026-08-01T20:04:48Z,630244E4AC8EBCDB,18.4,queries/tpch/Core/06_join_chain/chain_2_nestloop.sql,2,1,5,29.342974,146.010718,29.166936,0.176038,613.690430,3123.057312,627.341721,-13.651291,562.286255,2866.196533,575.977570,-13.691315,0
2026-08-01T20:07:13Z,630244E4AC8EBCDB,18.4,queries/tpch/Core/06_join_chain/chain_3_hash.sql,2,1,5,12.217616,60.574281,12.089166,0.128450,153.873535,744.322510,147.612244,6.261292,142.512939,688.235626,136.430672,6.082268,0
2026-08-01T20:08:59Z,630244E4AC8EBCDB,18.4,queries/tpch/Core/06_join_chain/chain_3_merge.sql,2,1,5,8.804447,44.200864,8.849104,-0.044658,154.482361,764.046661,152.391075,2.091286,144.773010,716.825867,143.013214,1.759796,0
2026-08-01T20:14:54Z,630244E4AC8EBCDB,18.4,queries/tpch/Core/06_join_chain/chain_3_nestloop.sql,2,1,5,29.634728,147.810962,29.544059,0.090670,630.972961,3189.627838,639.663719,-8.690758,579.161804,2922.148773,585.746742,-6.584938,0
2026-08-01T20:17:22Z,630244E4AC8EBCDB,18.4,queries/tpch/Core/06_join_chain/chain_4_hash.sql,2,1,5,12.255015,61.515108,12.315023,-0.060009,157.432617,761.782318,151.087425,6.345192,146.041748,704.699158,139.664352,6.377396,0
2026-08-01T20:19:09Z,630244E4AC8EBCDB,18.4,queries/tpch/Core/06_join_chain/chain_4_merge.sql,2,1,5,9.083935,44.600079,8.879036,0.204900,156.261841,779.670807,155.852242,0.409599,146.576965,731.719116,146.285538,0.291428,0
2026-08-01T20:25:04Z,630244E4AC8EBCDB,18.4,queries/tpch/Core/06_join_chain/chain_4_nestloop.sql,2,1,5,29.533161,147.585824,29.513166,0.019996,646.048096,3194.061890,637.003448,9.044647,594.166626,2924.282593,582.528992,11.637634,0
2026-08-01T20:25:31Z,630244E4AC8EBCDB,18.4,queries/tpch/Core/07_grouping_distinct/count_per_group.sql,2,1,5,2.295780,11.456620,2.290210,0.005570,54.069580,252.868866,49.699821,4.369759,51.411560,239.374451,46.990723,4.420837,0
2026-08-01T20:27:26Z,630244E4AC8EBCDB,18.4,queries/tpch/Core/07_grouping_distinct/cube.sql,2,1,5,9.719303,47.485616,9.441578,0.277725,139.131775,675.912964,134.195297,4.936478,130.151611,632.440887,125.572319,4.579292,0
2026-08-01T20:28:56Z,630244E4AC8EBCDB,18.4,queries/tpch/Core/07_grouping_distinct/distinct_200k_vals.sql,2,1,5,7.459426,37.707205,7.561945,-0.102519,157.729858,789.790710,158.015213,-0.285355,146.580139,733.684113,146.775993,-0.195854,0
2026-08-01T20:29:23Z,630244E4AC8EBCDB,18.4,queries/tpch/Core/07_grouping_distinct/distinct_3_vals.sql,2,1,5,2.393330,11.313716,2.230097,0.163234,58.345276,259.241913,50.224159,8.121117,55.789734,246.644348,47.713654,8.076080,0
2026-08-01T20:35:45Z,630244E4AC8EBCDB,18.4,queries/tpch/Core/07_grouping_distinct/distinct_on.sql,2,1,5,32.115770,158.132371,31.504150,0.611620,407.013855,1976.953979,392.485031,14.528824,376.678162,1829.361938,363.170944,13.507217,0
2026-08-01T20:37:43Z,630244E4AC8EBCDB,18.4,queries/tpch/Core/07_grouping_distinct/group_1500k_vals.sql,2,1,5,9.325162,49.662016,10.084213,-0.759051,235.420837,1102.349548,216.732178,18.688660,225.635254,1050.901215,206.316490,19.318764,0
2026-08-01T20:38:44Z,630244E4AC8EBCDB,18.4,queries/tpch/Core/07_grouping_distinct/group_200k_sortagg.sql,2,1,5,5.206550,25.470370,5.065955,0.140595,116.162109,560.023163,110.965263,5.196846,109.026855,525.293060,104.066551,4.960304,0
2026-08-01T20:40:14Z,630244E4AC8EBCDB,18.4,queries/tpch/Core/07_grouping_distinct/group_200k_vals.sql,2,1,5,7.511608,37.314903,7.450824,0.060784,154.472534,769.768585,153.824013,0.648521,143.081665,713.854431,142.693192,0.388474,0
2026-08-01T20:40:41Z,630244E4AC8EBCDB,18.4,queries/tpch/Core/07_grouping_distinct/group_3_vals.sql,2,1,5,2.366189,11.444649,2.269615,0.096575,55.400085,262.052643,51.663139,3.736946,53.051514,249.106873,49.013840,4.037674,0
2026-08-01T20:41:14Z,630244E4AC8EBCDB,18.4,queries/tpch/Core/07_grouping_distinct/group_7_vals.sql,2,1,5,2.760695,13.735095,2.743600,0.017095,60.487244,300.853912,60.091667,0.395576,57.178528,285.279419,57.025223,0.153305,0
2026-08-01T20:42:34Z,630244E4AC8EBCDB,18.4,queries/tpch/Core/07_grouping_distinct/grouping_sets.sql,2,1,5,6.747415,33.028910,6.570374,0.177041,100.785095,492.514252,97.932289,2.852806,94.367310,461.997040,91.907433,2.459877,0
2026-08-01T20:44:10Z,630244E4AC8EBCDB,18.4,queries/tpch/Core/07_grouping_distinct/having.sql,2,1,5,7.911909,39.828115,7.979051,-0.067142,165.805908,817.497498,162.922897,2.883011,154.567200,761.501190,151.733498,2.833702,0
2026-08-01T20:45:48Z,630244E4AC8EBCDB,18.4,queries/tpch/Core/07_grouping_distinct/rollup.sql,2,1,5,7.732378,40.418208,8.171457,-0.439079,113.465088,563.434174,112.492271,0.972816,106.266541,526.264801,104.999565,1.266975,0
2026-08-01T20:46:30Z,630244E4AC8EBCDB,18.4,queries/tpch/Core/08_sorting/limit_with_ties.sql,2,1,5,3.276880,17.588709,3.577957,-0.301078,93.420410,427.530518,83.527527,9.892883,88.653809,402.520050,78.466560,10.187248,0
2026-08-01T20:49:51Z,630244E4AC8EBCDB,18.4,queries/tpch/Core/08_sorting/sort_2_keys.sql,2,1,5,17.000276,83.622287,16.655503,0.344773,221.518066,1057.574219,209.014038,12.504028,205.254395,979.378510,193.531029,11.723366,0
2026-08-01T20:51:39Z,630244E4AC8EBCDB,18.4,queries/tpch/Core/08_sorting/sort_date.sql,2,1,5,8.989528,44.889420,8.974973,0.014556,117.637634,579.364777,115.431786,2.205849,109.072266,536.698792,106.906631,2.165634,0
2026-08-01T20:53:54Z,630244E4AC8EBCDB,18.4,queries/tpch/Core/08_sorting/sort_desc.sql,2,1,5,11.166010,56.496822,11.332703,-0.166693,139.227051,694.272461,138.761353,0.465698,128.585815,641.575073,128.247314,0.338501,0
2026-08-01T20:56:05Z,630244E4AC8EBCDB,18.4,queries/tpch/Core/08_sorting/sort_int.sql,2,1,5,10.995359,54.298242,10.825721,0.169638,137.807190,686.266785,137.114899,0.692291,127.369202,635.087494,126.929573,0.439629,0
2026-08-01T20:57:33Z,630244E4AC8EBCDB,18.4,queries/tpch/Core/08_sorting/sort_int_presorted.sql,2,1,5,7.480103,35.701160,7.055264,0.424839,100.052368,484.430298,96.094482,3.957886,92.885620,450.394653,89.377258,3.508362,0
2026-08-01T21:03:49Z,630244E4AC8EBCDB,18.4,queries/tpch/Core/08_sorting/sort_numeric.sql,2,1,5,32.301612,156.606141,31.076132,1.225479,354.703674,1733.400208,344.674133,10.029541,325.301514,1592.652557,316.837761,8.463753,0
2026-08-01T21:22:32Z,630244E4AC8EBCDB,18.4,queries/tpch/Core/08_sorting/sort_text.sql,2,1,5,94.141366,468.989507,93.712035,0.429331,1938.098755,9732.035828,1948.484268,-10.385513,1846.923035,9279.612244,1858.172302,-11.249268,0
2026-08-01T21:25:59Z,630244E4AC8EBCDB,18.4,queries/tpch/Core/08_sorting/sort_text_collate_c.sql,2,1,5,16.907097,86.243626,17.334132,-0.427035,357.369202,1798.801819,360.358154,-2.988953,329.441284,1646.977661,329.384094,0.057190,0
2026-08-01T21:26:15Z,630244E4AC8EBCDB,18.4,queries/tpch/Core/08_sorting/sort_topn_100.sql,2,1,5,1.375665,6.429933,1.263567,0.112098,33.686829,156.493530,30.701675,2.985153,31.817139,147.042236,28.806274,3.010864,0
2026-08-01T21:31:46Z,630244E4AC8EBCDB,18.4,queries/tpch/Core/09_set_operations/except.sql,2,1,5,27.726718,138.030531,27.575953,0.150765,324.099243,1580.044769,313.986382,10.112862,284.556519,1383.858826,274.825577,9.730942,0
2026-08-01T21:37:18Z,630244E4AC8EBCDB,18.4,queries/tpch/Core/09_set_operations/except_all.sql,2,1,5,27.738166,138.277926,27.634940,0.103226,315.167114,1572.718353,314.387810,0.779305,276.342346,1376.539978,275.049408,1.292938,0
2026-08-01T21:42:51Z,630244E4AC8EBCDB,18.4,queries/tpch/Core/09_set_operations/intersect.sql,2,1,5,27.823504,138.322013,27.624627,0.198877,315.185913,1568.761871,313.393990,1.791924,275.348389,1371.250305,273.975479,1.372910,0
2026-08-01T21:48:25Z,630244E4AC8EBCDB,18.4,queries/tpch/Core/09_set_operations/intersect_all.sql,2,1,5,28.030478,139.064592,27.758528,0.271950,317.097473,1579.669586,315.643028,1.454445,277.224304,1381.375854,276.037888,1.186417,0
2026-08-01T21:54:07Z,630244E4AC8EBCDB,18.4,queries/tpch/Core/09_set_operations/union.sql,2,1,5,28.585685,142.422506,28.459205,0.126479,322.557312,1628.129852,326.393135,-3.835823,282.450867,1425.887604,285.859184,-3.408318,0
2026-08-01T21:54:25Z,630244E4AC8EBCDB,18.4,queries/tpch/Core/09_set_operations/union_all.sql,2,1,5,1.560100,7.320075,1.439994,0.120106,23.833984,116.374268,23.135071,0.698914,22.317261,109.346283,21.757256,0.560005,0
2026-08-01T21:54:33Z,630244E4AC8EBCDB,18.4,queries/tpch/Core/10_subqueries_ctes/cte_inline.sql,2,1,5,0.696209,3.393281,0.674268,0.021941,10.143066,50.407684,10.066154,0.076912,9.420227,47.120850,9.425156,-0.004929,0
2026-08-01T21:54:53Z,630244E4AC8EBCDB,18.4,queries/tpch/Core/10_subqueries_ctes/cte_materialized.sql,2,1,5,1.711929,8.109936,1.599502,0.112428,23.975159,118.554291,23.644783,0.330376,22.259399,110.823456,22.141014,0.118385,0
2026-08-01T21:54:57Z,630244E4AC8EBCDB,18.4,queries/tpch/Core/10_subqueries_ctes/cte_recursive.sql,2,1,5,0.448811,1.918731,0.367480,0.081332,5.106628,23.357025,4.562599,0.544029,4.627991,21.517059,4.222267,0.405724,0
2026-08-01T21:55:04Z,630244E4AC8EBCDB,18.4,queries/tpch/Core/10_subqueries_ctes/from_subquery.sql,2,1,5,0.597931,2.762492,0.541140,0.056791,9.803101,45.892303,9.022301,0.780800,9.199768,43.122833,8.480766,0.719002,0
2026-08-01T21:55:12Z,630244E4AC8EBCDB,18.4,queries/tpch/Core/10_subqueries_ctes/function_scan.sql,2,1,5,0.735997,3.325945,0.647487,0.088510,8.789307,41.520416,8.182777,0.606529,7.984619,38.380585,7.598991,0.385628,0
2026-08-01T21:56:57Z,630244E4AC8EBCDB,18.4,queries/tpch/Core/10_subqueries_ctes/lateral_limit.sql,2,1,5,8.917692,43.644550,8.681714,0.235977,100.974121,506.102417,101.282074,-0.307953,88.363647,444.492340,89.032173,-0.668526,0
2026-08-01T21:57:16Z,630244E4AC8EBCDB,18.4,queries/tpch/Core/10_subqueries_ctes/scalar_correlated.sql,2,1,5,1.701218,7.823335,1.530529,0.170688,19.939087,93.841187,18.475525,1.463562,18.293335,86.716400,17.105766,1.187569,0
2026-08-01T21:57:38Z,630244E4AC8EBCDB,18.4,queries/tpch/Core/10_subqueries_ctes/scalar_correlated_indexed.sql,2,1,5,1.944847,8.923870,1.744756,0.200091,24.059326,113.349365,22.322510,1.736816,22.157593,105.222229,20.766159,1.391434,0
2026-08-01T21:57:44Z,630244E4AC8EBCDB,18.4,queries/tpch/Core/10_subqueries_ctes/scalar_uncorrelated.sql,2,1,5,0.565358,2.400208,0.458713,0.106645,8.719299,40.381134,7.915459,0.803841,8.119141,37.972412,7.463318,0.655823,0
2026-08-01T21:57:44Z,630244E4AC8EBCDB,18.4,queries/tpch/Core/10_subqueries_ctes/values_scan.sql,2,1,5,0.041195,0.039689,-0.000377,0.041572,0.447571,0.504456,0.014221,0.433350,0.394897,0.444427,0.012383,0.382515,0
2026-08-01T22:00:09Z,630244E4AC8EBCDB,18.4,queries/tpch/Core/12_memory_workmem/hashagg_nospill.sql,2,1,5,12.126936,60.073724,11.986697,0.140238,61.469604,297.726654,59.064262,2.405342,50.270264,242.654175,48.095978,2.174286,0
2026-08-01T22:01:38Z,630244E4AC8EBCDB,18.4,queries/tpch/Core/12_memory_workmem/hashagg_spill.sql,2,1,5,7.459939,37.063059,7.400780,0.059159,160.177490,784.293182,156.028923,4.148567,148.847656,728.549835,144.925545,3.922112,0
2026-08-01T22:01:51Z,630244E4AC8EBCDB,18.4,queries/tpch/Core/12_memory_workmem/hashjoin_manybatch.sql,2,1,5,1.152525,5.341360,1.047209,0.105316,25.564697,123.879791,24.578773,0.985924,24.370300,118.369385,23.499771,0.870529,0
2026-08-01T22:02:00Z,630244E4AC8EBCDB,18.4,queries/tpch/Core/12_memory_workmem/hashjoin_onebatch.sql,2,1,5,0.876070,3.843312,0.741810,0.134260,18.448547,87.850403,17.350464,1.098083,17.521179,83.916351,16.598793,0.922386,0
2026-08-01T22:03:31Z,630244E4AC8EBCDB,18.4,queries/tpch/Core/12_memory_workmem/sort_nospill.sql,2,1,5,7.042667,38.571586,7.882230,-0.839563,96.368713,489.668793,98.325020,-1.956306,88.139771,446.070221,89.482613,-1.342842,0
2026-08-01T22:05:45Z,630244E4AC8EBCDB,18.4,queries/tpch/Core/12_memory_workmem/sort_spill.sql,2,1,5,10.939886,55.843882,11.225999,-0.286113,139.621887,701.602814,140.495232,-0.873344,129.264587,649.197266,129.983170,-0.718582,0
2026-08-01T22:10:12Z,630244E4AC8EBCDB,18.4,queries/tpch/Core/12_memory_workmem/window_nospill.sql,2,1,5,23.782014,110.171072,21.597265,2.184749,225.121643,1105.558380,220.109184,5.012459,203.007507,1001.660095,199.663147,3.344360,0
2026-08-01T22:40:50Z,630244E4AC8EBCDB,18.4,queries/tpch/Core/12_memory_workmem/window_spill.sql,2,1,5,153.254142,766.212367,153.239556,0.014586,1685.576294,8406.435608,1680.214828,5.361465,1548.773499,7729.407104,1545.158401,3.615097,0
2026-08-01T22:44:06Z,630244E4AC8EBCDB,18.4,queries/tpch/Core/12_memory_workmem/window_tail_spill.sql,2,1,5,16.282824,81.839116,16.389073,-0.106249,293.784058,1477.747650,295.990898,-2.206841,276.943481,1392.577301,278.908455,-1.964973,0
2026-08-01T22:45:52Z,630244E4AC8EBCDB,18.4,queries/tpch/Core/13_jit/jit_inline.sql,2,1,5,8.477490,44.425294,8.986951,-0.509461,210.834900,986.094391,193.814873,17.020027,202.660034,944.107239,185.361801,17.298233,0
2026-08-01T22:47:37Z,630244E4AC8EBCDB,18.4,queries/tpch/Core/13_jit/jit_off.sql,2,1,5,8.674179,43.583718,8.727385,-0.053206,190.322388,956.494873,191.543121,-1.220734,182.158508,915.406281,183.311943,-1.153435,0
2026-08-01T22:49:22Z,630244E4AC8EBCDB,18.4,queries/tpch/Core/13_jit/jit_on.sql,2,1,5,8.813194,43.653223,8.710007,0.103187,193.335571,958.023254,191.171921,2.163651,184.895874,916.950714,183.013710,1.882164,0
2026-08-01T22:51:00Z,630244E4AC8EBCDB,18.4,queries/tpch/Core/13_jit/jit_optimize.sql,2,1,5,8.125088,40.764167,8.159770,-0.034682,178.192993,894.627563,179.108643,-0.915649,170.453674,855.926331,171.368164,-0.914490,0
2026-08-01T22:52:52Z,630244E4AC8EBCDB,18.4,queries/tpch/Core/14_modern_nodes/incremental_sort.sql,2,1,5,9.434327,46.702374,9.317012,0.117315,116.504700,562.748657,111.560989,4.943710,107.339844,517.852722,102.628220,4.711624,0
2026-08-01T22:55:47Z,630244E4AC8EBCDB,18.4,queries/tpch/Core/14_modern_nodes/incremental_sort_off.sql,2,1,5,14.565534,72.814207,14.562168,0.003366,176.437805,871.665222,173.806854,2.630951,162.342957,801.332153,159.747299,2.595657,0
2026-08-01T23:47:21Z,630244E4AC8EBCDB,18.4,queries/tpch/Core/14_modern_nodes/memoize.sql,2,1,5,257.559892,1289.667715,258.026956,-0.467064,3079.793091,15464.489380,3096.174072,-16.380981,2835.404297,14251.123901,2853.929901,-18.525604,0
2026-08-02T00:11:10Z,630244E4AC8EBCDB,18.4,queries/tpch/Core/14_modern_nodes/memoize_off.sql,2,1,5,118.515816,595.957128,119.360328,-0.844512,1498.966980,7445.506165,1486.634796,12.332184,1394.009399,6930.422424,1384.103256,9.906143,0
2026-08-02T00:11:46Z,630244E4AC8EBCDB,18.4,queries/tpch/Functions/00_baseline/char.sql,2,1,5,3.143435,15.205292,3.015464,0.127971,45.711365,225.310608,44.899811,0.811554,42.598389,210.686462,42.022018,0.576370,0
2026-08-02T00:12:20Z,630244E4AC8EBCDB,18.4,queries/tpch/Functions/00_baseline/date.sql,2,1,5,2.876981,13.659110,2.695532,0.181449,43.255127,211.709930,42.113701,1.141426,40.408325,198.455566,39.511810,0.896515,0
2026-08-02T00:12:43Z,630244E4AC8EBCDB,18.4,queries/tpch/Functions/00_baseline/int.sql,2,1,5,2.036966,9.722959,1.921498,0.115468,24.931519,121.554901,24.155846,0.775673,22.887756,112.473816,22.396515,0.491241,0
2026-08-02T00:13:08Z,630244E4AC8EBCDB,18.4,queries/tpch/Functions/00_baseline/numeric.sql,2,1,5,2.205803,10.312933,2.026782,0.179021,36.968323,178.612946,35.411156,1.557167,34.708862,168.412628,33.425941,1.282921,0
2026-08-02T00:13:47Z,630244E4AC8EBCDB,18.4,queries/tpch/Functions/00_baseline/text.sql,2,1,5,4.204680,15.561804,2.839281,1.365399,52.873352,234.786163,45.478203,7.395149,48.850281,219.834839,42.746140,6.104141,0
2026-08-02T00:14:38Z,630244E4AC8EBCDB,18.4,queries/tpch/Functions/09-01_logical/and.sql,2,1,5,4.459496,21.048481,4.147246,0.312250,65.175842,322.316650,64.285202,0.890640,60.851135,302.452240,60.400276,0.450859,0
2026-08-02T00:15:21Z,630244E4AC8EBCDB,18.4,queries/tpch/Functions/09-01_logical/not.sql,2,1,5,3.956003,17.338054,3.345513,0.610491,56.810303,271.431122,53.655205,3.155098,53.013977,254.821167,50.451797,2.562180,0
2026-08-02T00:16:07Z,630244E4AC8EBCDB,18.4,queries/tpch/Functions/09-01_logical/or.sql,2,1,5,3.996388,19.228959,3.808143,0.188245,60.249634,296.456696,59.051765,1.197868,56.414001,278.141785,55.431946,0.982056,0
2026-08-02T00:16:57Z,630244E4AC8EBCDB,18.4,queries/tpch/Functions/09-02_comparison/between.sql,2,1,5,4.244831,20.501066,4.064059,0.180772,64.242371,313.978546,62.434044,1.808327,60.177429,294.537018,58.589897,1.587532,0
2026-08-02T00:17:57Z,630244E4AC8EBCDB,18.4,queries/tpch/Functions/09-02_comparison/between_symmetric.sql,2,1,5,6.188025,24.490795,4.575693,1.612332,81.508301,363.249268,70.435242,11.073059,75.719788,340.510437,66.197662,9.522125,0
2026-08-02T00:18:35Z,630244E4AC8EBCDB,18.4,queries/tpch/Functions/09-02_comparison/eq.sql,2,1,5,3.292923,16.007108,3.178546,0.114376,50.821289,254.189789,50.842125,-0.020836,47.640869,238.859467,47.804649,-0.163780,0
2026-08-02T00:19:14Z,630244E4AC8EBCDB,18.4,queries/tpch/Functions/09-02_comparison/ge.sql,2,1,5,3.343947,16.001937,3.164497,0.179450,52.573547,256.620850,51.011826,1.561722,49.295166,241.286743,47.997894,1.297272,0
2026-08-02T00:20:03Z,630244E4AC8EBCDB,18.4,queries/tpch/Functions/09-02_comparison/greatest.sql,2,1,5,4.002428,19.654333,3.912976,0.089452,61.656677,296.127594,58.617729,3.038948,57.842468,277.580353,54.934471,2.907997,0
2026-08-02T00:20:43Z,630244E4AC8EBCDB,18.4,queries/tpch/Functions/09-02_comparison/gt.sql,2,1,5,3.353481,16.052039,3.174639,0.178842,50.898132,252.683228,50.446274,0.451859,47.626343,237.168365,47.385506,0.240837,0
2026-08-02T00:21:22Z,630244E4AC8EBCDB,18.4,queries/tpch/Functions/09-02_comparison/is_distinct_from.sql,2,1,5,3.347755,16.230696,3.220735,0.127019,52.302795,257.942535,51.409935,0.892860,49.060120,242.347687,48.321892,0.738228,0
2026-08-02T00:22:01Z,630244E4AC8EBCDB,18.4,queries/tpch/Functions/09-02_comparison/is_not_distinct_from.sql,2,1,5,3.377127,16.311571,3.233611,0.143517,52.897583,258.238678,51.335274,1.562309,49.532837,242.742035,48.302299,1.230537,0
2026-08-02T00:22:40Z,630244E4AC8EBCDB,18.4,queries/tpch/Functions/09-02_comparison/is_not_null.sql,2,1,5,4.586860,15.668304,2.770361,1.816499,56.554199,240.154236,45.900009,10.654190,52.209900,225.070496,43.215149,8.994751,0
2026-08-02T00:23:22Z,630244E4AC8EBCDB,18.4,queries/tpch/Functions/09-02_comparison/is_null.sql,2,1,5,3.240734,17.694834,3.613525,-0.372791,47.873291,249.507294,50.408501,-2.535210,44.768616,232.707275,46.984665,-2.216049,0
2026-08-02T00:24:01Z,630244E4AC8EBCDB,18.4,queries/tpch/Functions/09-02_comparison/le.sql,2,1,5,3.341450,15.965679,3.156057,0.185392,50.823486,255.144836,51.080338,-0.256851,47.618652,239.849792,48.057785,-0.439133,0
2026-08-02T00:24:48Z,630244E4AC8EBCDB,18.4,queries/tpch/Functions/09-02_comparison/least.sql,2,1,5,4.028536,19.581190,3.888163,0.140372,61.574829,296.919708,58.836220,2.738609,57.582764,278.484070,55.225327,2.357437,0
2026-08-02T00:25:28Z,630244E4AC8EBCDB,18.4,queries/tpch/Functions/09-02_comparison/lt.sql,2,1,5,3.275608,16.583340,3.326933,-0.051325,51.941528,257.876740,51.483803,0.457726,48.784912,242.063599,48.319672,0.465240,0
2026-08-02T00:26:09Z,630244E4AC8EBCDB,18.4,queries/tpch/Functions/09-02_comparison/ne.sql,2,1,5,4.467392,16.886973,3.104895,1.362496,59.534973,259.903412,50.092110,9.442863,55.228149,243.889709,47.165390,8.062759,0
2026-08-02T00:26:58Z,630244E4AC8EBCDB,18.4,queries/tpch/Functions/09-02_comparison/not_between.sql,2,1,5,4.122570,20.034831,3.978065,0.144505,63.608704,310.087646,61.619736,1.988968,59.716675,291.306549,57.897469,1.819206,0
2026-08-02T00:27:25Z,630244E4AC8EBCDB,18.4,queries/tpch/Functions/09-02_comparison/num_nonnulls.sql,2,1,5,2.415401,11.325342,2.227485,0.187916,40.310730,194.424713,38.528496,1.782234,37.927551,183.332825,36.351318,1.576233,0
2026-08-02T00:27:53Z,630244E4AC8EBCDB,18.4,queries/tpch/Functions/09-02_comparison/num_nulls.sql,2,1,5,2.407286,11.370216,2.240733,0.166553,40.008972,196.939606,39.232658,0.776314,37.579163,185.801697,37.055634,0.523529,0
2026-08-02T00:28:51Z,630244E4AC8EBCDB,18.4,queries/tpch/Functions/09-03_math/abs.sql,2,1,5,4.898304,23.949764,4.762865,0.135438,74.980225,368.338806,73.339645,1.640579,70.325928,345.933197,68.901817,1.424110,0
2026-08-02T00:30:20Z,630244E4AC8EBCDB,18.4,queries/tpch/Functions/09-03_math/acos.sql,2,1,5,8.555099,37.148071,7.148243,1.406856,106.463074,494.538544,97.018867,9.444206,98.500610,460.407837,90.476807,8.023804,0
2026-08-02T00:31:37Z,630244E4AC8EBCDB,18.4,queries/tpch/Functions/09-03_math/acosh.sql,2,1,5,8.521957,30.730711,5.552188,2.969769,101.867920,430.072479,82.051140,19.816780,94.026184,401.625122,76.899734,17.126450,0
2026-08-02T00:32:37Z,630244E4AC8EBCDB,18.4,queries/tpch/Functions/09-03_math/add.sql,2,1,5,5.089697,25.199616,5.027480,0.062218,76.082397,377.998932,75.479134,0.603264,71.356445,354.407288,70.762711,0.593735,0
2026-08-02T00:34:30Z,630244E4AC8EBCDB,18.4,queries/tpch/Functions/09-03_math/add_float8.sql,2,1,5,9.728824,46.704821,9.243999,0.484824,128.819641,630.183411,125.340942,3.478699,119.818420,587.522369,116.925987,2.892433,0
2026-08-02T00:36:03Z,630244E4AC8EBCDB,18.4,queries/tpch/Functions/09-03_math/asin.sql,2,1,5,9.170022,38.575092,7.351267,1.818755,109.707275,499.540558,97.458321,12.248955,101.215820,464.161102,90.736320,10.479500,0
2026-08-02T00:37:17Z,630244E4AC8EBCDB,18.4,queries/tpch/Functions/09-03_math/asinh.sql,2,1,5,6.670327,30.345197,5.918717,0.751610,91.018127,433.573151,85.638756,5.379372,84.781006,405.563110,80.195526,4.585480,0
2026-08-02T00:38:39Z,630244E4AC8EBCDB,18.4,queries/tpch/Functions/09-03_math/atan.sql,2,1,5,7.884508,34.067445,6.545734,1.338774,95.914001,453.970093,89.514023,6.399979,88.731384,422.622650,83.472816,5.258568,0
2026-08-02T00:40:50Z,630244E4AC8EBCDB,18.4,queries/tpch/Functions/09-03_math/atan2.sql,2,1,5,11.946482,54.698874,10.688098,1.258384,145.221619,692.596130,136.843628,8.377991,134.326538,643.047882,127.180336,7.146202,0
2026-08-02T00:42:20Z,630244E4AC8EBCDB,18.4,queries/tpch/Functions/09-03_math/atanh.sql,2,1,5,8.451792,36.857572,7.101445,1.350348,105.119324,492.665497,96.886543,8.232780,97.315613,459.050964,90.433838,6.881775,0
2026-08-02T00:44:06Z,630244E4AC8EBCDB,18.4,queries/tpch/Functions/09-03_math/cbrt.sql,2,1,5,8.950785,43.983655,8.758217,0.192568,113.930725,562.001740,112.017754,1.912971,105.740479,522.305634,104.141289,1.599190,0
2026-08-02T00:45:57Z,630244E4AC8EBCDB,18.4,queries/tpch/Functions/09-03_math/ceil.sql,2,1,5,9.377883,46.067802,9.172480,0.205403,119.940674,590.098328,117.539413,2.401260,111.383667,548.469208,109.271385,2.112282,0
2026-08-02T00:47:22Z,630244E4AC8EBCDB,18.4,queries/tpch/Functions/09-03_math/cos.sql,2,1,5,7.244330,35.515870,7.067885,0.176445,99.330383,492.664032,98.333412,0.996971,92.617920,460.175415,91.889374,0.728546,0
2026-08-02T00:48:51Z,630244E4AC8EBCDB,18.4,queries/tpch/Functions/09-03_math/cosh.sql,2,1,5,7.533795,36.904163,7.342592,0.191203,100.759888,492.005066,97.811295,2.948593,93.778870,458.373932,91.148766,2.630104,0
2026-08-02T00:50:12Z,630244E4AC8EBCDB,18.4,queries/tpch/Functions/09-03_math/degrees.sql,2,1,5,6.905769,33.913379,6.751902,0.153866,94.193665,462.174805,91.995285,2.198380,87.763550,431.176208,85.853165,1.910385,0
2026-08-02T00:51:20Z,630244E4AC8EBCDB,18.4,queries/tpch/Functions/09-03_math/div_fn.sql,2,1,5,5.683403,27.398368,5.428741,0.254662,79.411011,390.713928,77.825729,1.585281,74.067078,365.505829,72.859688,1.207390,0
2026-08-02T00:52:51Z,630244E4AC8EBCDB,18.4,queries/tpch/Functions/09-03_math/divide.sql,2,1,5,7.093089,38.504725,7.852909,-0.759820,90.795471,467.264893,94.117355,-3.321884,84.269775,432.364563,87.023697,-2.753922,0
2026-08-02T00:54:17Z,630244E4AC8EBCDB,18.4,queries/tpch/Functions/09-03_math/exp_float8.sql,2,1,5,8.457003,35.136406,6.669851,1.787152,105.104919,483.640106,94.633797,10.471123,97.358887,451.396973,88.509521,8.849365,0
2026-08-02T01:03:03Z,630244E4AC8EBCDB,18.4,queries/tpch/Functions/09-03_math/exp_numeric.sql,2,1,5,43.943026,219.078861,43.783959,0.159068,525.398804,2587.026733,515.406982,9.991821,486.473206,2399.511169,478.259491,8.213715,0
2026-08-02T01:04:24Z,630244E4AC8EBCDB,18.4,queries/tpch/Functions/09-03_math/exponent.sql,2,1,5,7.059226,33.326117,6.566723,0.492503,96.223633,465.555756,92.333031,3.890602,89.861694,435.036316,86.293655,3.568039,0
2026-08-02T01:05:29Z,630244E4AC8EBCDB,18.4,queries/tpch/Functions/09-03_math/factorial.sql,2,1,5,4.755658,28.015035,5.814844,-1.059187,71.622375,381.408844,77.446617,-5.824242,67.055298,355.423737,72.092110,-5.036812,0
2026-08-02T01:07:13Z,630244E4AC8EBCDB,18.4,queries/tpch/Functions/09-03_math/floor.sql,2,1,5,11.166626,41.895888,7.682315,3.484310,127.961975,560.086823,108.031212,19.930763,117.675049,521.853180,101.044533,16.630516,0
2026-08-02T01:08:17Z,630244E4AC8EBCDB,18.4,queries/tpch/Functions/09-03_math/gcd.sql,2,1,5,5.461720,26.707690,5.311493,0.150227,65.222534,320.462677,63.810036,1.412498,60.128662,295.904724,58.944016,1.184647,0
2026-08-02T01:08:52Z,630244E4AC8EBCDB,18.4,queries/tpch/Functions/09-03_math/lcm.sql,2,1,5,3.107764,14.117129,2.752341,0.355423,45.589050,219.934448,43.586349,2.002701,42.550537,206.385223,40.958672,1.591866,0
2026-08-02T01:10:00Z,630244E4AC8EBCDB,18.4,queries/tpch/Functions/09-03_math/ln_float8.sql,2,1,5,6.225096,28.345961,5.530216,0.694880,85.977844,416.712738,82.683723,3.294121,80.255859,390.366852,77.527748,2.728111,0
2026-08-02T01:30:28Z,630244E4AC8EBCDB,18.4,queries/tpch/Functions/09-03_math/ln_numeric.sql,2,1,5,102.849939,511.313028,102.115772,0.734166,1117.519958,-125470.295258,-31646.953804,32764.473763,1029.589600,5164.602264,1033.753166,-4.163567,0
2026-08-02T01:31:42Z,630244E4AC8EBCDB,18.4,queries/tpch/Functions/09-03_math/log10_float8.sql,2,1,5,5.999588,30.923286,6.230925,-0.231337,84.663452,431.811829,86.787094,-2.123642,79.259216,403.644043,81.096207,-1.836990,0
2026-08-02T02:45:02Z,630244E4AC8EBCDB,18.4,queries/tpch/Functions/09-03_math/log10_numeric.sql,2,1,5,366.085083,1833.633714,366.887158,-0.802074,4075.587341,20731.722717,4164.033844,-88.446503,3763.560608,-111912.161835,-28918.930611,32682.491219,0
2026-08-02T03:50:09Z,630244E4AC8EBCDB,18.4,queries/tpch/Functions/09-03_math/log_base.sql,2,1,5,325.736651,1627.632896,325.474061,0.262589,3638.802979,18149.712524,3627.727386,11.075592,3360.490234,16762.137482,3350.411812,10.078423,0
2026-08-02T03:50:54Z,630244E4AC8EBCDB,18.4,queries/tpch/Functions/09-03_math/min_scale.sql,2,1,5,3.799218,18.536431,3.684303,0.114915,54.203613,268.929352,53.681435,0.522179,50.550720,251.373474,50.205688,0.345032,0
2026-08-02T03:51:22Z,630244E4AC8EBCDB,18.4,queries/tpch/Functions/09-03_math/mod_fn.sql,2,1,5,2.504292,11.719703,2.303853,0.200440,30.028015,141.850464,27.955612,2.072403,27.684265,130.970947,25.821671,1.862595,0
2026-08-02T03:51:51Z,630244E4AC8EBCDB,18.4,queries/tpch/Functions/09-03_math/modulo.sql,2,1,5,2.515239,11.821866,2.326657,0.188582,30.024170,142.537354,28.128296,1.895874,27.761047,131.829926,26.017220,1.743828,0
2026-08-02T03:52:49Z,630244E4AC8EBCDB,18.4,queries/tpch/Functions/09-03_math/multiply.sql,2,1,5,4.979022,24.187455,4.802108,0.176913,72.556458,361.444183,72.221931,0.334526,67.874268,338.883820,67.752388,0.121880,0
2026-08-02T03:54:41Z,630244E4AC8EBCDB,18.4,queries/tpch/Functions/09-03_math/multiply_float8.sql,2,1,5,9.478765,46.676509,9.299436,0.179329,125.300964,620.315247,123.753571,1.547394,116.627075,577.811646,115.296143,1.330933,0
2026-08-02T03:55:46Z,630244E4AC8EBCDB,18.4,queries/tpch/Functions/09-03_math/pi.sql,2,1,5,5.576570,26.977685,5.350279,0.226292,80.485657,400.415863,79.982552,0.503105,75.252075,375.524475,75.068100,0.183975,0
2026-08-02T03:57:02Z,630244E4AC8EBCDB,18.4,queries/tpch/Functions/09-03_math/power_float8.sql,2,1,5,6.454533,31.577975,6.280860,0.173673,91.780334,454.803223,90.755722,1.024612,85.680603,425.688538,85.001984,0.678619,0
2026-08-02T03:58:23Z,630244E4AC8EBCDB,18.4,queries/tpch/Functions/09-03_math/power_numeric.sql,2,1,5,7.641468,33.289913,6.412111,1.229357,100.919434,477.925690,94.251564,6.667870,93.937866,447.276276,88.334602,5.603264,0
2026-08-02T03:59:28Z,630244E4AC8EBCDB,18.4,queries/tpch/Functions/09-03_math/radians.sql,2,1,5,5.463965,26.780600,5.329159,0.134807,80.976379,400.545959,79.892395,1.083984,75.927185,375.662231,74.933762,0.993423,0
2026-08-02T03:59:58Z,630244E4AC8EBCDB,18.4,queries/tpch/Functions/09-03_math/random.sql,2,1,5,2.668353,12.299905,2.407888,0.260465,32.665405,153.905151,30.309937,2.355469,30.125671,142.532043,28.101593,2.024078,0
2026-08-02T04:01:37Z,630244E4AC8EBCDB,18.4,queries/tpch/Functions/09-03_math/round.sql,2,1,5,8.371931,41.204610,8.208170,0.163761,110.929138,548.179291,109.312538,1.616600,103.100159,510.526093,101.856483,1.243675,0
2026-08-02T04:03:16Z,630244E4AC8EBCDB,18.4,queries/tpch/Functions/09-03_math/round_scale.sql,2,1,5,8.419630,41.327847,8.227054,0.192575,110.613647,550.503235,109.972397,0.641251,102.855591,512.992554,102.534241,0.321350,0
2026-08-02T04:03:57Z,630244E4AC8EBCDB,18.4,queries/tpch/Functions/09-03_math/scale.sql,2,1,5,3.538667,16.944288,3.351405,0.187262,52.324097,255.911163,50.896767,1.427330,48.854675,239.880798,47.756531,1.098145,0
2026-08-02T04:04:58Z,630244E4AC8EBCDB,18.4,queries/tpch/Functions/09-03_math/sign.sql,2,1,5,5.165908,25.314005,5.037024,0.128884,77.996582,385.912445,76.978966,1.017616,73.192566,362.481110,72.322136,0.870430,0
2026-08-02T04:06:22Z,630244E4AC8EBCDB,18.4,queries/tpch/Functions/09-03_math/sin.sql,2,1,5,7.108961,34.787234,6.919568,0.189393,99.953857,482.716827,95.690742,4.263115,93.198181,450.731750,89.383392,3.814789,0
2026-08-02T04:07:53Z,630244E4AC8EBCDB,18.4,queries/tpch/Functions/09-03_math/sinh.sql,2,1,5,9.828679,37.014223,6.796386,3.032293,115.089661,501.899872,96.702553,18.387108,106.147156,467.832642,90.421371,15.725784,0
2026-08-02T04:09:42Z,630244E4AC8EBCDB,18.4,queries/tpch/Functions/09-03_math/sqrt_float8.sql,2,1,5,8.241105,46.048641,9.451884,-1.210779,112.099976,568.115082,114.003777,-1.903801,104.403503,526.670227,105.566681,-1.163177,0
2026-08-02T04:11:24Z,630244E4AC8EBCDB,18.4,queries/tpch/Functions/09-03_math/sqrt_numeric.sql,2,1,5,8.659566,42.593470,8.483476,0.176090,114.186584,567.152283,113.241425,0.945160,106.264343,528.379425,105.528770,0.735573,0
2026-08-02T04:12:25Z,630244E4AC8EBCDB,18.4,queries/tpch/Functions/09-03_math/subtract.sql,2,1,5,5.165343,24.960289,4.948736,0.216607,74.308411,372.338409,74.507500,-0.199089,69.491089,349.167084,69.918999,-0.427910,0
2026-08-02T04:13:51Z,630244E4AC8EBCDB,18.4,queries/tpch/Functions/09-03_math/tan.sql,2,1,5,7.363126,35.821949,7.114706,0.248420,103.028015,498.097229,98.767303,4.260712,96.074524,465.222229,92.286926,3.787598,0
2026-08-02T04:15:28Z,630244E4AC8EBCDB,18.4,queries/tpch/Functions/09-03_math/tanh.sql,2,1,5,7.488548,41.364998,8.469113,-0.980565,100.281860,515.375977,103.773529,-3.491669,93.257141,477.798218,96.135269,-2.878128,0
2026-08-02T04:16:21Z,630244E4AC8EBCDB,18.4,queries/tpch/Functions/09-03_math/trim_scale.sql,2,1,5,4.487083,21.732220,4.311284,0.175799,64.211426,322.413422,64.550499,-0.339073,59.932800,302.077332,60.536133,-0.603333,0
2026-08-02T04:17:58Z,630244E4AC8EBCDB,18.4,queries/tpch/Functions/09-03_math/trunc.sql,2,1,5,8.154981,40.435372,8.070098,0.084883,105.932861,519.796539,103.465919,2.466942,98.429565,483.043030,96.153366,2.276199,0
2026-08-02T04:19:36Z,630244E4AC8EBCDB,18.4,queries/tpch/Functions/09-03_math/trunc_scale.sql,2,1,5,8.209627,40.429487,8.054965,0.154662,106.095276,520.874939,103.694916,2.400360,98.609497,484.065643,96.364037,2.245461,0
2026-08-02T04:20:14Z,630244E4AC8EBCDB,18.4,queries/tpch/Functions/09-03_math/unary_minus.sql,2,1,5,3.196103,15.312266,3.029041,0.167062,48.617065,240.892548,48.068871,0.548195,45.466125,226.270447,45.201080,0.265045,0
2026-08-02T04:22:02Z,630244E4AC8EBCDB,18.4,queries/tpch/Functions/09-03_math/width_bucket.sql,2,1,5,9.085021,44.704627,8.904902,0.180120,120.848938,594.431366,118.395607,2.453331,112.376709,554.005310,110.407150,1.969559,0
2026-08-02T04:22:43Z,630244E4AC8EBCDB,18.4,queries/tpch/Functions/09-04_string/ascii.sql,2,1,5,3.453391,16.846587,3.348299,0.105092,49.662659,245.934479,49.067955,0.594704,46.347595,229.985168,45.909393,0.438202,0
2026-08-02T04:23:24Z,630244E4AC8EBCDB,18.4,queries/tpch/Functions/09-04_string/bit_length.sql,2,1,5,3.577557,16.620113,3.260639,0.316918,50.150940,243.010559,48.214905,1.936035,46.716003,227.140320,45.106079,1.609924,0
2026-08-02T04:25:04Z,630244E4AC8EBCDB,18.4,queries/tpch/Functions/09-04_string/btrim.sql,2,1,5,8.501184,41.605351,8.276042,0.225142,118.180664,588.235687,117.513756,0.666908,110.340088,550.217285,109.969299,0.370789,0
2026-08-02T04:25:45Z,630244E4AC8EBCDB,18.4,queries/tpch/Functions/09-04_string/cast_text.sql,2,1,5,3.566676,17.014776,3.362025,0.204652,42.100220,204.044556,40.486084,1.614136,38.779419,188.452637,37.418304,1.361115,0
2026-08-02T04:26:46Z,630244E4AC8EBCDB,18.4,queries/tpch/Functions/09-04_string/char_length.sql,2,1,5,5.214780,25.059234,4.961114,0.253667,72.829834,359.668884,71.709763,1.120071,67.904175,336.542786,67.159653,0.744522,0
2026-08-02T04:27:29Z,630244E4AC8EBCDB,18.4,queries/tpch/Functions/09-04_string/chr.sql,2,1,5,3.091112,18.831343,3.935058,-0.843946,47.487427,257.661377,52.543488,-5.056061,44.488708,239.922485,48.858444,-4.369736,0
2026-08-02T04:28:47Z,630244E4AC8EBCDB,18.4,queries/tpch/Functions/09-04_string/concat_fn.sql,2,1,5,6.038149,32.644540,6.651598,-0.613449,84.662964,439.513245,88.712570,-4.049606,79.026978,409.629578,82.650650,-3.623672,0
2026-08-02T04:29:38Z,630244E4AC8EBCDB,18.4,queries/tpch/Functions/09-04_string/concat_op.sql,2,1,5,4.420555,21.341009,4.230113,0.190442,63.641174,314.917023,62.818962,0.822212,59.422546,294.879761,58.864304,0.558243,0
2026-08-02T04:30:56Z,630244E4AC8EBCDB,18.4,queries/tpch/Functions/09-04_string/concat_ws.sql,2,1,5,9.187551,30.985807,5.449564,3.737987,106.747742,444.423492,84.418938,22.328804,98.287659,415.832092,79.386108,18.901550,0
2026-08-02T04:32:44Z,630244E4AC8EBCDB,18.4,queries/tpch/Functions/09-04_string/format.sql,2,1,5,12.154988,43.647987,7.873250,4.281739,146.343872,623.744324,119.350113,26.993759,135.299377,583.869080,112.142426,23.156952,0
2026-08-02T04:36:03Z,630244E4AC8EBCDB,18.4,queries/tpch/Functions/09-04_string/initcap.sql,2,1,5,16.087935,83.182721,16.773697,-0.685762,209.187622,1035.122223,206.483650,2.703972,194.771606,961.419067,191.661865,3.109741,0
2026-08-02T04:37:04Z,630244E4AC8EBCDB,18.4,queries/tpch/Functions/09-04_string/left.sql,2,1,5,5.125391,25.212418,5.021757,0.103635,73.776611,362.976898,72.300072,1.476540,69.014526,339.653320,67.659698,1.354828,0
2026-08-02T04:38:05Z,630244E4AC8EBCDB,18.4,queries/tpch/Functions/09-04_string/length.sql,2,1,5,5.184999,25.110387,4.981347,0.203652,72.500000,355.926086,70.856522,1.643478,67.630981,332.554352,66.230843,1.400139,0
2026-08-02T04:40:44Z,630244E4AC8EBCDB,18.4,queries/tpch/Functions/09-04_string/lower.sql,2,1,5,15.308531,65.425250,12.529180,2.779352,185.805969,865.567322,169.940338,15.865631,172.012512,806.358551,158.586510,13.426003,0
2026-08-02T04:43:16Z,630244E4AC8EBCDB,18.4,queries/tpch/Functions/09-04_string/lpad.sql,2,1,5,12.803504,63.265154,12.615412,0.188091,166.118835,813.149658,161.757706,4.361130,154.401733,755.994415,150.398170,4.003563,0
2026-08-02T04:44:56Z,630244E4AC8EBCDB,18.4,queries/tpch/Functions/09-04_string/ltrim.sql,2,1,5,8.410617,41.343375,8.233190,0.177427,115.850281,581.773560,116.480820,-0.630539,108.114502,543.812103,108.924400,-0.809898,0
2026-08-02T04:50:07Z,630244E4AC8EBCDB,18.4,queries/tpch/Functions/09-04_string/md5.sql,2,1,5,26.017237,129.655447,25.909553,0.107684,319.634216,1590.665741,317.757881,1.876335,296.339172,1477.596741,295.314392,1.024780,0
2026-08-02T04:50:48Z,630244E4AC8EBCDB,18.4,queries/tpch/Functions/09-04_string/octet_length.sql,2,1,5,3.401721,17.050545,3.412206,-0.010485,47.813293,241.471619,48.414581,-0.601288,44.686707,225.342255,45.163887,-0.477180,0
2026-08-02T04:52:38Z,630244E4AC8EBCDB,18.4,queries/tpch/Functions/09-04_string/overlay.sql,2,1,5,13.206285,43.933043,7.681689,5.524595,152.762390,591.962769,109.800095,42.962296,140.757141,551.807281,102.762535,37.994606,0
2026-08-02T04:53:45Z,630244E4AC8EBCDB,18.4,queries/tpch/Functions/09-04_string/position.sql,2,1,5,5.601092,27.902397,5.575326,0.025766,76.672180,378.919342,75.561790,1.110390,71.479919,353.146118,70.416550,1.063370,0
2026-08-02T04:55:26Z,630244E4AC8EBCDB,18.4,queries/tpch/Functions/09-04_string/quote_ident.sql,2,1,5,9.624322,41.277013,7.913173,1.711149,109.773804,531.581207,105.451851,4.321953,100.981873,493.868134,98.221565,2.760307,0
2026-08-02T04:56:32Z,630244E4AC8EBCDB,18.4,queries/tpch/Functions/09-04_string/quote_literal.sql,2,1,5,6.666169,26.794080,5.031978,1.634192,77.212158,358.186310,70.243538,6.968620,71.008850,333.276703,65.566963,5.441887,0
2026-08-02T04:57:23Z,630244E4AC8EBCDB,18.4,queries/tpch/Functions/09-04_string/repeat.sql,2,1,5,4.438853,21.258974,4.205030,0.233823,62.317932,308.031921,61.428497,0.889435,58.112244,288.051605,57.484840,0.627403,0
2026-08-02T04:58:48Z,630244E4AC8EBCDB,18.4,queries/tpch/Functions/09-04_string/replace.sql,2,1,5,8.969069,34.653179,6.421027,2.548042,104.756958,463.508331,89.687843,15.069115,96.459106,431.673401,83.803574,12.655533,0
2026-08-02T05:00:32Z,630244E4AC8EBCDB,18.4,queries/tpch/Functions/09-04_string/reverse.sql,2,1,5,8.716932,42.951639,8.558677,0.158255,115.997498,576.809479,115.202995,0.794502,108.025513,537.448029,107.355629,0.669884,0
2026-08-02T05:02:02Z,630244E4AC8EBCDB,18.4,queries/tpch/Functions/09-04_string/right.sql,2,1,5,7.580905,37.345863,7.441239,0.139666,100.017090,497.471497,99.363602,0.653488,92.944824,463.121429,92.544151,0.400673,0
2026-08-02T05:04:48Z,630244E4AC8EBCDB,18.4,queries/tpch/Functions/09-04_string/rpad.sql,2,1,5,12.709211,70.266911,14.389425,-1.680214,163.938904,859.244202,173.826324,-9.887421,152.341614,797.343506,161.250473,-8.908859,0
2026-08-02T05:06:35Z,630244E4AC8EBCDB,18.4,queries/tpch/Functions/09-04_string/rtrim.sql,2,1,5,13.034608,42.345096,7.327622,5.706986,148.925415,580.830688,107.976318,40.949097,137.252136,542.062775,101.202660,36.049477,0
2026-08-02T05:07:36Z,630244E4AC8EBCDB,18.4,queries/tpch/Functions/09-04_string/split_part.sql,2,1,5,5.196334,25.459332,5.065749,0.130585,73.625610,364.478241,72.713158,0.912453,68.778809,340.923645,68.036209,0.742599,0
2026-08-02T05:08:40Z,630244E4AC8EBCDB,18.4,queries/tpch/Functions/09-04_string/starts_with.sql,2,1,5,5.401017,26.215016,5.203500,0.197517,74.939575,368.913879,73.493576,1.445999,69.815796,344.761688,68.736473,1.079323,0
2026-08-02T05:09:47Z,630244E4AC8EBCDB,18.4,queries/tpch/Functions/09-04_string/strpos.sql,2,1,5,5.622598,27.840678,5.554520,0.068078,76.260559,380.040649,75.945023,0.315536,71.079956,354.286743,70.801697,0.278259,0
2026-08-02T05:10:53Z,630244E4AC8EBCDB,18.4,queries/tpch/Functions/09-04_string/substr.sql,2,1,5,5.261178,26.857790,5.399153,-0.137975,74.476562,374.464478,74.996979,-0.520416,69.501770,349.768188,70.066605,-0.564835,0
2026-08-02T05:11:55Z,630244E4AC8EBCDB,18.4,queries/tpch/Functions/09-04_string/substring.sql,2,1,5,5.289373,25.428464,5.034773,0.254600,74.242371,367.745270,73.375725,0.866646,69.241821,344.209167,68.741837,0.499985,0
2026-08-02T05:12:31Z,630244E4AC8EBCDB,18.4,queries/tpch/Functions/09-04_string/to_hex.sql,2,1,5,3.138294,15.004078,2.966446,0.171849,37.212402,183.135986,36.480896,0.731506,34.287170,169.246735,33.739891,0.547279,0
2026-08-02T05:16:29Z,630244E4AC8EBCDB,18.4,queries/tpch/Functions/09-04_string/translate.sql,2,1,5,19.835310,98.776940,19.735407,0.099903,257.590881,1271.720947,253.532516,4.058365,239.743225,1183.578674,235.958862,3.784363,0
2026-08-02T05:18:10Z,630244E4AC8EBCDB,18.4,queries/tpch/Functions/09-04_string/trim_both.sql,2,1,5,9.017822,41.850120,8.208075,0.809747,121.292114,592.011810,117.679924,3.612190,113.015381,553.620605,110.151306,2.864075,0
2026-08-02T05:20:49Z,630244E4AC8EBCDB,18.4,queries/tpch/Functions/09-04_string/upper.sql,2,1,5,13.383564,66.376602,13.248259,0.135305,174.322937,870.194519,173.967896,0.355042,162.329041,810.410522,162.020370,0.308670,0
2026-08-02T05:21:55Z,630244E4AC8EBCDB,18.4,queries/tpch/Functions/09-05_binary_string/cast_bytea.sql,2,1,5,5.515661,27.109474,5.398453,0.117208,75.267700,369.855133,73.646858,1.620842,70.157471,344.730652,68.643295,1.514175,0
2026-08-02T05:23:06Z,630244E4AC8EBCDB,18.4,queries/tpch/Functions/09-05_binary_string/concat_bytea.sql,2,1,5,6.002774,29.535547,5.883193,0.119581,82.676453,407.508759,81.208076,1.468376,77.152161,380.182251,75.757523,1.394638,0
2026-08-02T05:28:42Z,630244E4AC8EBCDB,18.4,queries/tpch/Functions/09-05_binary_string/decode_hex.sql,2,1,5,28.307244,140.239365,27.983030,0.324213,347.347534,1702.697693,338.837540,8.509995,322.192017,1581.846741,314.913681,7.278336,0
2026-08-02T05:30:29Z,630244E4AC8EBCDB,18.4,queries/tpch/Functions/09-05_binary_string/encode_base64.sql,2,1,5,8.306445,44.885863,9.144855,-0.838410,106.378296,541.982147,108.900963,-2.522667,98.846313,502.356903,100.877647,-2.031334,0
2026-08-02T05:32:06Z,630244E4AC8EBCDB,18.4,queries/tpch/Functions/09-05_binary_string/encode_escape.sql,2,1,5,9.062924,40.383217,7.830073,1.232851,108.325562,510.446503,100.530235,7.795326,100.200317,474.830566,93.657562,6.542755,0
2026-08-02T05:33:28Z,630244E4AC8EBCDB,18.4,queries/tpch/Functions/09-05_binary_string/encode_hex.sql,2,1,5,6.812625,34.064328,6.812926,-0.000300,89.435303,449.944733,90.127357,-0.692055,83.180908,418.797241,83.904083,-0.723175,0
2026-08-02T05:34:37Z,630244E4AC8EBCDB,18.4,queries/tpch/Functions/09-05_binary_string/get_byte.sql,2,1,5,5.661731,29.024377,5.840661,-0.178931,75.865601,380.236847,76.092812,-0.227211,70.551331,353.829224,70.819473,-0.268143,0
2026-08-02T05:40:09Z,630244E4AC8EBCDB,18.4,queries/tpch/Functions/09-05_binary_string/md5_bytea.sql,2,1,5,28.014090,137.909031,27.473735,0.540355,344.004639,1694.953888,337.737312,6.267326,319.537537,1575.504913,313.991844,5.545692,0
2026-08-02T05:41:15Z,630244E4AC8EBCDB,18.4,queries/tpch/Functions/09-05_binary_string/octet_length.sql,2,1,5,6.530766,27.237221,5.176614,1.354152,79.434753,372.084442,73.162422,6.272331,73.521667,347.275940,68.438568,5.083099,0
2026-08-02T05:42:24Z,630244E4AC8EBCDB,18.4,queries/tpch/Functions/09-05_binary_string/set_byte.sql,2,1,5,6.404785,28.088991,5.421051,0.983734,82.152283,390.148712,76.999107,5.153175,76.266479,364.112762,71.961571,4.304909,0
2026-08-02T05:48:30Z,630244E4AC8EBCDB,18.4,queries/tpch/Functions/09-05_binary_string/sha224.sql,2,1,5,30.299763,152.871301,30.642885,-0.343121,371.932495,1861.892365,372.489967,-0.557472,345.691284,1729.531555,345.960068,-0.268784,0
2026-08-02T05:54:34Z,630244E4AC8EBCDB,18.4,queries/tpch/Functions/09-05_binary_string/sha256.sql,2,1,5,30.291738,151.740097,30.362090,-0.070352,369.829407,1842.467255,368.159462,1.669945,343.557861,1711.999481,342.110405,1.447456,0
2026-08-02T06:01:07Z,630244E4AC8EBCDB,18.4,queries/tpch/Functions/09-05_binary_string/sha384.sql,2,1,5,32.588703,163.590292,32.750397,-0.161694,406.034607,2025.978516,404.985977,1.048630,377.903198,1884.733826,376.707657,1.195541,0
2026-08-02T06:07:45Z,630244E4AC8EBCDB,18.4,queries/tpch/Functions/09-05_binary_string/sha512.sql,2,1,5,33.390193,165.868030,33.119459,0.270734,415.150208,2037.239105,405.522224,9.627983,386.058411,1894.681091,377.155670,8.902740,0
2026-08-02T06:08:56Z,630244E4AC8EBCDB,18.4,queries/tpch/Functions/09-05_binary_string/substring_bytea.sql,2,1,5,5.981490,29.124849,5.785840,0.195650,79.811340,392.633453,78.205528,1.605812,74.302063,366.453369,73.037827,1.264236,0
2026-08-02T06:09:38Z,630244E4AC8EBCDB,18.4,queries/tpch/Functions/09-06_bit_string/and.sql,2,1,5,3.609653,17.506742,3.474272,0.135380,53.827881,269.787262,53.989845,-0.161964,50.293274,253.150299,50.714256,-0.420982,0
2026-08-02T06:10:16Z,630244E4AC8EBCDB,18.4,queries/tpch/Functions/09-06_bit_string/bit_count.sql,2,1,5,3.331890,15.863425,3.132884,0.199007,39.788208,190.829407,37.760300,2.027908,36.546448,176.527130,34.995171,1.551277,0
2026-08-02T06:10:52Z,630244E4AC8EBCDB,18.4,queries/tpch/Functions/09-06_bit_string/cast_bit.sql,2,1,5,3.084277,14.889405,2.951282,0.132995,37.051514,178.442963,35.347862,1.703651,34.286743,165.150299,32.715889,1.570854,0
2026-08-02T06:11:36Z,630244E4AC8EBCDB,18.4,queries/tpch/Functions/09-06_bit_string/concat_bit.sql,2,1,5,3.770774,18.213328,3.610639,0.160135,55.911804,279.780853,55.967262,-0.055458,52.352417,262.568542,52.554031,-0.201614,0
2026-08-02T06:12:14Z,630244E4AC8EBCDB,18.4,queries/tpch/Functions/09-06_bit_string/get_bit.sql,2,1,5,3.245583,15.443187,3.049401,0.196182,38.899841,186.832520,36.983170,1.916672,35.841125,172.694489,34.213341,1.627785,0
2026-08-02T06:12:51Z,630244E4AC8EBCDB,18.4,queries/tpch/Functions/09-06_bit_string/length_bit.sql,2,1,5,3.159117,15.289705,3.032647,0.126471,37.964661,184.484772,36.630028,1.334633,35.122009,170.650787,33.882195,1.239815,0
2026-08-02T06:13:30Z,630244E4AC8EBCDB,18.4,queries/tpch/Functions/09-06_bit_string/not.sql,2,1,5,3.422461,16.307064,3.221151,0.201311,40.754211,197.185730,39.107880,1.646332,37.659790,182.606628,36.236710,1.423080,0
2026-08-02T06:14:12Z,630244E4AC8EBCDB,18.4,queries/tpch/Functions/09-06_bit_string/or.sql,2,1,5,3.623445,17.324111,3.425166,0.198279,53.832703,268.456116,53.655853,0.176849,50.421448,251.992462,50.392754,0.028694,0
2026-08-02T06:15:11Z,630244E4AC8EBCDB,18.4,queries/tpch/Functions/09-06_bit_string/overlay_bit.sql,2,1,5,5.097326,24.732089,4.908691,0.188635,61.291931,300.107361,59.703857,1.588074,56.629517,278.009552,55.345009,1.284508,0
2026-08-02T06:15:52Z,630244E4AC8EBCDB,18.4,queries/tpch/Functions/09-06_bit_string/set_bit.sql,2,1,5,3.499615,16.750904,3.312822,0.186793,41.926086,203.600098,40.418503,1.507584,38.743652,188.558167,37.453629,1.290024,0
2026-08-02T06:16:34Z,630244E4AC8EBCDB,18.4,queries/tpch/Functions/09-06_bit_string/shift_left.sql,2,1,5,3.639372,17.312179,3.418202,0.221170,43.965942,208.319458,41.088379,2.877563,40.638367,192.901031,38.065666,2.572701,0
2026-08-02T06:17:17Z,630244E4AC8EBCDB,18.4,queries/tpch/Functions/09-06_bit_string/shift_right.sql,2,1,5,3.753780,17.907138,3.538340,0.215440,45.128052,214.450928,42.330719,2.797333,41.662109,198.655212,39.248276,2.413834,0
2026-08-02T06:17:58Z,630244E4AC8EBCDB,18.4,queries/tpch/Functions/09-06_bit_string/substring_bit.sql,2,1,5,3.577788,17.071176,3.373347,0.204441,42.730042,205.255524,40.631371,2.098671,39.475464,190.085266,37.652451,1.823013,0
2026-08-02T06:18:45Z,630244E4AC8EBCDB,18.4,queries/tpch/Functions/09-06_bit_string/xor.sql,2,1,5,3.633082,19.586235,3.988288,-0.355207,53.981506,279.820435,56.459732,-2.478226,50.593140,261.689697,52.774139,-2.181000,0
2026-08-02T06:22:44Z,630244E4AC8EBCDB,18.4,queries/tpch/Functions/09-07_pattern_matching/ilike.sql,2,1,5,20.068595,99.817758,19.937291,0.131304,259.180420,1297.145020,259.491150,-0.310730,241.276550,1209.159515,241.970741,-0.694191,0
2026-08-02T06:23:47Z,630244E4AC8EBCDB,18.4,queries/tpch/Functions/09-07_pattern_matching/like.sql,2,1,5,5.407655,26.172679,5.191256,0.216399,71.731079,355.998352,71.066818,0.664261,66.891052,331.633301,66.185562,0.705490,0
2026-08-02T06:24:30Z,630244E4AC8EBCDB,18.4,queries/tpch/Functions/09-07_pattern_matching/like_prefix.sql,2,1,5,3.653218,17.628920,3.493926,0.159292,53.247253,260.499451,51.813049,1.434204,49.712341,243.690765,48.494606,1.217735,0
2026-08-02T06:28:32Z,630244E4AC8EBCDB,18.4,queries/tpch/Functions/09-07_pattern_matching/not_ilike.sql,2,1,5,20.183074,100.723684,20.135153,0.047921,262.299377,1280.089081,254.447426,7.851952,244.084778,1192.935944,237.212791,6.871986,0
2026-08-02T06:29:37Z,630244E4AC8EBCDB,18.4,queries/tpch/Functions/09-07_pattern_matching/not_like.sql,2,1,5,6.850278,26.242442,4.848041,2.002237,78.206238,356.262543,69.514076,8.692162,71.987915,332.124939,65.034256,6.953659,0
2026-08-02T06:34:45Z,630244E4AC8EBCDB,18.4,queries/tpch/Functions/09-07_pattern_matching/regex_alternation.sql,2,1,5,25.761978,128.346342,25.646091,0.115887,316.543640,1543.038208,306.623642,9.919998,294.050415,1432.428558,284.594536,9.455879,0
2026-08-02T06:36:41Z,630244E4AC8EBCDB,18.4,queries/tpch/Functions/09-07_pattern_matching/regex_anchored.sql,2,1,5,9.681468,48.416440,9.683743,-0.002275,125.768250,631.928040,126.539948,-0.771698,117.035034,588.974487,117.984863,-0.949829,0
2026-08-02T06:42:11Z,630244E4AC8EBCDB,18.4,queries/tpch/Functions/09-07_pattern_matching/regex_backtrack.sql,2,1,5,28.073885,137.284822,27.302734,0.771150,336.750549,1696.743286,339.998184,-3.247635,312.331787,1577.784088,316.363075,-4.031288,0
2026-08-02T06:44:39Z,630244E4AC8EBCDB,18.4,queries/tpch/Functions/09-07_pattern_matching/regex_charclass.sql,2,1,5,12.393131,61.403701,12.252643,0.140488,153.107727,763.352783,152.561264,0.546463,142.118408,709.430084,141.827919,0.290489,0
2026-08-02T06:48:02Z,630244E4AC8EBCDB,18.4,queries/tpch/Functions/09-07_pattern_matching/regex_match.sql,2,1,5,16.980853,84.820671,16.959954,0.020898,214.685608,1045.450226,207.691154,6.994453,199.567200,971.743958,193.044189,6.523010,0
2026-08-02T06:51:27Z,630244E4AC8EBCDB,18.4,queries/tpch/Functions/09-07_pattern_matching/regex_match_ci.sql,2,1,5,17.001117,84.745335,16.936054,0.065063,211.430603,1062.412048,212.745361,-1.314758,196.575623,988.144409,197.892197,-1.316574,0
2026-08-02T06:54:54Z,630244E4AC8EBCDB,18.4,queries/tpch/Functions/09-07_pattern_matching/regex_not_match.sql,2,1,5,17.094522,86.220813,17.281573,-0.187051,213.914490,1047.410767,208.374069,5.540421,198.784058,972.276489,193.373108,5.410950,0
2026-08-02T06:58:21Z,630244E4AC8EBCDB,18.4,queries/tpch/Functions/09-07_pattern_matching/regex_not_match_ci.sql,2,1,5,18.097423,85.875838,16.944604,1.152819,240.804871,1058.128296,204.330856,36.474014,222.155640,982.677551,190.130478,32.025162,0
2026-08-02T07:03:12Z,630244E4AC8EBCDB,18.4,queries/tpch/Functions/09-07_pattern_matching/regexp_count.sql,2,1,5,24.553824,121.337994,24.196042,0.357782,303.072815,1478.551331,293.869629,9.203186,281.549866,1373.454224,272.976089,8.573776,0
2026-08-02T07:08:05Z,630244E4AC8EBCDB,18.4,queries/tpch/Functions/09-07_pattern_matching/regexp_instr.sql,2,1,5,25.386117,121.461354,24.018809,1.367307,296.401306,1480.096619,295.923828,0.477478,274.210632,1375.315430,275.276199,-1.065567,0
2026-08-02T07:11:28Z,630244E4AC8EBCDB,18.4,queries/tpch/Functions/09-07_pattern_matching/regexp_like.sql,2,1,5,17.014799,84.452407,16.859402,0.155397,214.036438,1055.468567,210.358032,3.678406,199.175903,982.128937,195.738258,3.437645,0
2026-08-02T07:15:47Z,630244E4AC8EBCDB,18.4,queries/tpch/Functions/09-07_pattern_matching/regexp_match.sql,2,1,5,21.806245,107.959379,21.538284,0.267961,273.020081,1338.567413,266.386833,6.633247,253.817200,1245.260773,247.860893,5.956306,0
2026-08-02T07:20:07Z,630244E4AC8EBCDB,18.4,queries/tpch/Functions/09-07_pattern_matching/regexp_replace.sql,2,1,5,21.916409,108.213419,21.574252,0.342157,269.244202,-129713.234711,-32495.619728,32764.863930,250.092468,1264.569244,253.619194,-3.526726,0
2026-08-02T07:25:15Z,630244E4AC8EBCDB,18.4,queries/tpch/Functions/09-07_pattern_matching/regexp_replace_global.sql,2,1,5,25.694355,127.745763,25.512852,0.181503,313.659973,1579.125336,316.366341,-2.706367,291.307678,1468.380432,294.268188,-2.960510,0
2026-08-02T07:39:10Z,630244E4AC8EBCDB,18.4,queries/tpch/Functions/09-07_pattern_matching/regexp_split_to_array.sql,2,1,5,69.826663,347.920057,69.523348,0.303315,834.840332,4208.227722,843.346848,-8.506516,775.021851,3909.272552,783.562675,-8.540825,0
2026-08-02T07:44:17Z,630244E4AC8EBCDB,18.4,queries/tpch/Functions/09-07_pattern_matching/regexp_substr.sql,2,1,5,26.624723,127.630947,25.251556,1.373167,313.666382,1576.537964,315.717896,-2.051514,290.578430,1465.810760,293.808083,-3.229652,0
2026-08-02T07:48:00Z,630244E4AC8EBCDB,18.4,queries/tpch/Functions/09-07_pattern_matching/similar_to.sql,2,1,5,18.803229,92.618995,18.453941,0.349288,232.428528,1160.165588,231.934265,0.494263,215.987854,1079.164673,215.794205,0.193649,0
2026-08-02T07:52:11Z,630244E4AC8EBCDB,18.4,queries/tpch/Functions/09-07_pattern_matching/substring_regex.sql,2,1,5,21.858466,104.316176,20.614428,1.244038,258.602417,1304.107727,261.376328,-2.773911,239.491150,1213.290924,243.449944,-3.958794,0
2026-08-02T07:54:32Z,630244E4AC8EBCDB,18.4,queries/tpch/Functions/09-08_formatting/to_char_date.sql,2,1,5,11.883413,58.634134,11.687680,0.195733,152.306396,762.070953,152.441139,-0.134743,141.711426,710.395111,142.170921,-0.459496,0
2026-08-02T07:57:18Z,630244E4AC8EBCDB,18.4,queries/tpch/Functions/09-08_formatting/to_char_date_long.sql,2,1,5,16.057417,68.303893,13.061619,2.995797,189.575256,864.800171,168.806229,20.769028,175.452148,805.066589,157.403610,18.048538,0
2026-08-02T07:58:42Z,630244E4AC8EBCDB,18.4,queries/tpch/Functions/09-08_formatting/to_char_int.sql,2,1,5,7.140190,35.025664,6.971368,0.168822,86.299255,422.082367,83.945778,2.353477,79.880859,391.336304,77.863861,2.016998,0
2026-08-02T08:00:46Z,630244E4AC8EBCDB,18.4,queries/tpch/Functions/09-08_formatting/to_char_numeric.sql,2,1,5,10.111348,51.848964,10.434404,-0.323056,132.278076,675.571777,135.823425,-3.545349,123.339478,629.638031,126.574638,-3.235161,0
2026-08-02T08:03:35Z,630244E4AC8EBCDB,18.4,queries/tpch/Functions/09-08_formatting/to_char_timestamp.sql,2,1,5,14.627256,70.190276,13.890755,0.736502,188.596069,921.127625,183.132889,5.463181,175.710083,859.634735,170.981163,4.728920,0
2026-08-02T08:07:18Z,630244E4AC8EBCDB,18.4,queries/tpch/Functions/09-08_formatting/to_date.sql,2,1,5,18.468616,93.156711,18.672024,-0.203408,238.894653,1184.080231,236.296394,2.598259,222.656555,1103.025452,220.092224,2.564331,0
2026-08-02T08:10:53Z,630244E4AC8EBCDB,18.4,queries/tpch/Functions/09-08_formatting/to_number.sql,2,1,5,18.058931,89.161795,17.775716,0.283215,233.602844,1154.673584,230.267685,3.335159,217.696228,1076.855682,214.789864,2.906364,0
2026-08-02T08:11:22Z,630244E4AC8EBCDB,18.4,queries/tpch/Functions/09-08_formatting/to_timestamp.sql,2,1,5,2.675470,12.295710,2.405060,0.270410,31.845947,149.919586,29.518410,2.327538,29.388672,138.920166,27.382874,2.005798,0
2026-08-02T08:13:05Z,630244E4AC8EBCDB,18.4,queries/tpch/Functions/09-09_datetime/age_two_args.sql,2,1,5,8.688665,42.611657,8.480748,0.207917,114.747253,564.485901,112.434662,2.312592,106.962036,526.323303,104.840317,2.121719,0
2026-08-02T08:13:59Z,630244E4AC8EBCDB,18.4,queries/tpch/Functions/09-09_datetime/at_time_zone.sql,2,1,5,4.605083,22.384669,4.444897,0.160187,65.945374,325.642609,64.924309,1.021065,61.611145,304.693176,60.770508,0.840637,0
2026-08-02T08:14:34Z,630244E4AC8EBCDB,18.4,queries/tpch/Functions/09-09_datetime/cast_timestamp.sql,2,1,5,2.995900,14.442389,2.861622,0.134278,44.650879,220.347656,43.924194,0.726685,41.652954,206.372437,41.179871,0.473083,0
2026-08-02T08:15:09Z,630244E4AC8EBCDB,18.4,queries/tpch/Functions/09-09_datetime/date_add_time.sql,2,1,5,3.034188,14.378832,2.836161,0.198027,45.390076,221.737152,44.086769,1.303307,42.410583,207.869049,41.364616,1.045967,0
2026-08-02T08:15:48Z,630244E4AC8EBCDB,18.4,queries/tpch/Functions/09-09_datetime/date_bin.sql,2,1,5,3.410969,16.297194,3.221556,0.189413,49.972473,244.251160,48.569672,1.402802,46.672180,228.723022,45.512711,1.159470,0
2026-08-02T08:16:23Z,630244E4AC8EBCDB,18.4,queries/tpch/Functions/09-09_datetime/date_minus_date.sql,2,1,5,3.030854,14.440646,2.852448,0.178406,45.913086,223.490051,44.394241,1.518845,42.880249,209.546967,41.666679,1.213570,0
2026-08-02T08:16:57Z,630244E4AC8EBCDB,18.4,queries/tpch/Functions/09-09_datetime/date_minus_int.sql,2,1,5,2.996499,14.143655,2.786789,0.209710,44.926392,218.345367,43.354744,1.571648,41.850769,204.778870,40.732025,1.118744,0
2026-08-02T08:17:52Z,630244E4AC8EBCDB,18.4,queries/tpch/Functions/09-09_datetime/date_part.sql,2,1,5,4.700261,22.803409,4.525787,0.174474,68.864136,334.197876,66.333435,2.530701,64.396912,312.686096,62.072296,2.324615,0
2026-08-02T08:18:27Z,630244E4AC8EBCDB,18.4,queries/tpch/Functions/09-09_datetime/date_plus_int.sql,2,1,5,3.262952,14.540008,2.819264,0.443688,46.515442,221.009674,43.623558,2.891884,43.266968,206.943573,40.919151,2.347816,0
2026-08-02T08:19:15Z,630244E4AC8EBCDB,18.4,queries/tpch/Functions/09-09_datetime/date_plus_interval.sql,2,1,5,4.086334,19.698310,3.902994,0.183341,59.683594,289.959473,57.568970,2.114624,55.775879,271.343018,53.891785,1.884094,0
2026-08-02T08:20:11Z,630244E4AC8EBCDB,18.4,queries/tpch/Functions/09-09_datetime/date_trunc_day.sql,2,1,5,4.817974,23.342087,4.631028,0.186946,69.798096,348.048676,69.562645,0.235451,65.259338,326.143250,65.220978,0.038361,0
2026-08-02T08:21:10Z,630244E4AC8EBCDB,18.4,queries/tpch/Functions/09-09_datetime/date_trunc_month.sql,2,1,5,4.857719,23.800847,4.735782,0.121938,70.843262,344.110291,68.316757,2.526505,66.273560,321.942108,63.917137,2.356422,0
2026-08-02T08:22:14Z,630244E4AC8EBCDB,18.4,queries/tpch/Functions/09-09_datetime/extract_day.sql,2,1,5,5.184622,27.220818,5.509049,-0.324428,75.509277,377.442474,75.483299,0.025978,70.517090,352.301178,70.446022,0.071068,0
2026-08-02T08:23:23Z,630244E4AC8EBCDB,18.4,queries/tpch/Functions/09-09_datetime/extract_dow.sql,2,1,5,5.847766,28.581535,5.683442,0.164324,84.209351,419.012177,83.700706,0.508644,78.643372,392.358582,78.428802,0.214569,0
2026-08-02T08:24:36Z,630244E4AC8EBCDB,18.4,queries/tpch/Functions/09-09_datetime/extract_doy.sql,2,1,5,8.634561,29.277906,5.160836,3.473725,102.021118,425.941193,80.980019,21.041100,94.108215,398.704315,76.149025,17.959190,0
2026-08-02T08:25:44Z,630244E4AC8EBCDB,18.4,queries/tpch/Functions/09-09_datetime/extract_epoch.sql,2,1,5,7.470469,27.143906,4.918359,2.552109,89.678162,382.522308,73.211037,16.467125,82.775879,357.368530,68.648163,14.127716,0
2026-08-02T08:26:44Z,630244E4AC8EBCDB,18.4,queries/tpch/Functions/09-09_datetime/extract_month.sql,2,1,5,5.115746,24.830419,4.928668,0.187077,75.470459,372.869232,74.349693,1.120766,70.720337,349.756989,69.759163,0.961174,0
2026-08-02T08:27:47Z,630244E4AC8EBCDB,18.4,queries/tpch/Functions/09-09_datetime/extract_quarter.sql,2,1,5,7.430166,25.162841,4.433169,2.996997,87.660522,367.398804,69.934570,17.725952,80.902710,343.997986,65.773819,15.128891,0
2026-08-02T08:28:51Z,630244E4AC8EBCDB,18.4,queries/tpch/Functions/09-09_datetime/extract_week.sql,2,1,5,5.515573,26.461796,5.236556,0.279017,77.060791,382.086243,76.256363,0.804428,71.871765,357.464996,71.398308,0.473457,0
2026-08-02T08:30:03Z,630244E4AC8EBCDB,18.4,queries/tpch/Functions/09-09_datetime/extract_year.sql,2,1,5,5.128208,31.178630,6.512605,-1.384397,74.190735,405.002563,82.702957,-8.512222,69.380249,376.045593,76.666336,-7.286087,0
2026-08-02T08:30:38Z,630244E4AC8EBCDB,18.4,queries/tpch/Functions/09-09_datetime/isfinite.sql,2,1,5,2.971895,14.143087,2.792798,0.179097,44.279297,217.184204,43.226227,1.053070,41.293030,203.568115,40.568771,0.724258,0
2026-08-02T08:32:23Z,630244E4AC8EBCDB,18.4,queries/tpch/Functions/09-09_datetime/justify_days.sql,2,1,5,8.911623,43.953951,8.760582,0.151041,116.325195,574.930084,114.651222,1.673973,107.961853,534.678925,106.679268,1.282585,0
2026-08-02T08:32:56Z,630244E4AC8EBCDB,18.4,queries/tpch/Functions/09-09_datetime/make_date.sql,2,1,5,2.846893,13.691624,2.711183,0.135710,44.174194,219.979736,43.951385,0.222809,41.386658,206.776367,41.347427,0.039230,0
2026-08-02T08:33:34Z,630244E4AC8EBCDB,18.4,queries/tpch/Functions/09-09_datetime/make_interval.sql,2,1,5,3.006111,15.428464,3.105588,-0.099477,46.850830,234.490936,46.910027,-0.059196,43.910217,219.703888,43.948418,-0.038200,0
2026-08-02T08:34:09Z,630244E4AC8EBCDB,18.4,queries/tpch/Functions/09-09_datetime/make_timestamp.sql,2,1,5,3.069159,14.594044,2.881221,0.187938,47.662292,235.837280,47.043747,0.618546,44.653015,221.732819,44.269951,0.383064,0
2026-08-02T08:35:23Z,630244E4AC8EBCDB,18.4,queries/tpch/Functions/09-09_datetime/overlaps.sql,2,1,5,6.210888,30.657510,6.111655,0.099233,87.009766,419.812958,83.200798,3.808968,81.202759,391.377045,77.543571,3.659187,0
2026-08-02T08:37:27Z,630244E4AC8EBCDB,18.4,queries/tpch/Functions/09-11_geometric/box_area.sql,2,1,5,10.688396,51.297158,10.152191,0.536205,140.180481,679.562103,134.845406,5.335075,130.393127,633.349579,125.739113,4.654015,0
2026-08-02T08:39:27Z,630244E4AC8EBCDB,18.4,queries/tpch/Functions/09-11_geometric/box_center.sql,2,1,5,10.162463,49.887750,9.931322,0.231141,134.638855,656.668121,130.507317,4.131538,125.396729,611.422211,121.506371,3.890358,0
2026-08-02T08:41:24Z,630244E4AC8EBCDB,18.4,queries/tpch/Functions/09-11_geometric/box_contains_point.sql,2,1,5,9.937238,48.801646,9.716102,0.221136,131.598755,650.057465,129.614677,1.984077,122.330994,605.549652,120.804665,1.526329,0
2026-08-02T08:43:25Z,630244E4AC8EBCDB,18.4,queries/tpch/Functions/09-11_geometric/box_make.sql,2,1,5,12.996176,48.739963,8.935947,4.060229,152.006287,641.626923,122.405159,29.601128,140.077820,597.303772,114.306488,25.771332,0
2026-08-02T08:45:42Z,630244E4AC8EBCDB,18.4,queries/tpch/Functions/09-11_geometric/box_overlaps.sql,2,1,5,9.929731,59.061544,12.282953,-2.353222,128.861938,713.188446,146.081627,-17.219688,119.614929,661.206055,135.397781,-15.782852,0
2026-08-02T08:47:39Z,630244E4AC8EBCDB,18.4,queries/tpch/Functions/09-11_geometric/circle_area.sql,2,1,5,9.818139,48.266292,9.612038,0.206101,129.787170,643.471619,128.421112,1.366058,120.843079,599.628693,119.696404,1.146675,0
2026-08-02T08:49:34Z,630244E4AC8EBCDB,18.4,queries/tpch/Functions/09-11_geometric/circle_make.sql,2,1,5,9.692420,47.811740,9.529830,0.162591,127.521057,635.025909,126.876213,0.644844,118.697144,591.394897,118.174438,0.522705,0
2026-08-02T08:51:37Z,630244E4AC8EBCDB,18.4,queries/tpch/Functions/09-11_geometric/lseg_length.sql,2,1,5,10.074850,51.468984,10.348533,-0.273684,131.545776,662.734344,132.797142,-1.251366,122.198181,-130455.638550,-32644.459183,32766.657364,0
2026-08-02T08:53:35Z,630244E4AC8EBCDB,18.4,queries/tpch/Functions/09-11_geometric/lseg_make.sql,2,1,5,9.789029,49.607667,9.954660,-0.165631,128.824280,647.238495,129.603554,-0.779274,119.851196,602.449341,120.649536,-0.798340,0
2026-08-02T08:55:30Z,630244E4AC8EBCDB,18.4,queries/tpch/Functions/09-11_geometric/point_add.sql,2,1,5,9.711718,47.820165,9.527112,0.184606,129.043030,636.816376,126.943336,2.099693,120.051514,593.308807,118.314323,1.737190,0
2026-08-02T08:57:32Z,630244E4AC8EBCDB,18.4,queries/tpch/Functions/09-11_geometric/point_distance.sql,2,1,5,13.045584,49.157750,9.028042,4.017542,151.191711,642.515106,122.830849,28.360863,139.420898,598.020325,114.649857,24.771042,0
2026-08-02T08:59:27Z,630244E4AC8EBCDB,18.4,queries/tpch/Functions/09-11_geometric/point_make.sql,2,1,5,12.295254,46.913843,8.654647,3.640607,143.004883,609.786407,116.695381,26.309502,131.832153,567.654633,108.955620,22.876534,0
2026-08-02T09:01:24Z,630244E4AC8EBCDB,18.4,queries/tpch/Functions/09-11_geometric/point_mul.sql,2,1,5,9.837117,48.608286,9.692792,0.144324,130.028076,645.395111,128.841759,1.186317,120.897705,601.155762,120.064514,0.833191,0
2026-08-02T09:02:59Z,630244E4AC8EBCDB,18.4,queries/tpch/Functions/09-12_network/abbrev.sql,2,1,5,8.005592,39.234687,7.807274,0.198318,97.699463,481.264954,95.891373,1.808090,90.499207,446.874298,89.093773,1.405434,0
2026-08-02T09:03:44Z,630244E4AC8EBCDB,18.4,queries/tpch/Functions/09-12_network/broadcast.sql,2,1,5,3.919915,18.781863,3.715487,0.204428,46.455994,224.857727,44.600433,1.855560,42.947205,208.149780,41.300644,1.646561,0
2026-08-02T09:04:27Z,630244E4AC8EBCDB,18.4,queries/tpch/Functions/09-12_network/contained_by.sql,2,1,5,3.718387,17.752252,3.508466,0.209921,44.213074,214.483276,42.567551,1.645523,40.833069,198.633087,39.450005,1.383064,0
2026-08-02T09:05:10Z,630244E4AC8EBCDB,18.4,queries/tpch/Functions/09-12_network/contained_by_eq.sql,2,1,5,3.723811,17.764838,3.510257,0.213554,44.076172,213.257843,42.295418,1.780754,40.659546,197.384552,39.181252,1.478294,0
2026-08-02T09:05:52Z,630244E4AC8EBCDB,18.4,queries/tpch/Functions/09-12_network/contains.sql,2,1,5,3.702035,17.651735,3.487425,0.214610,43.836304,211.688904,41.963150,1.873154,40.483704,195.896484,38.853195,1.630508,0
2026-08-02T09:06:34Z,630244E4AC8EBCDB,18.4,queries/tpch/Functions/09-12_network/family.sql,2,1,5,3.577311,17.077252,3.374985,0.202325,42.300964,203.868286,40.391830,1.909134,39.053345,188.635437,37.395523,1.657822,0
2026-08-02T09:08:11Z,630244E4AC8EBCDB,18.4,queries/tpch/Functions/09-12_network/host.sql,2,1,5,8.260549,40.467373,8.051706,0.208843,98.476624,486.251953,96.943832,1.532791,91.238708,450.969635,89.932732,1.305977,0
2026-08-02T09:08:38Z,630244E4AC8EBCDB,18.4,queries/tpch/Functions/09-12_network/hostmask.sql,2,1,5,2.345625,10.966823,2.155299,0.190326,27.942505,133.106049,26.290886,1.651619,25.812683,123.238892,24.356552,1.456131,0
2026-08-02T09:09:24Z,630244E4AC8EBCDB,18.4,queries/tpch/Functions/09-12_network/inet_add.sql,2,1,5,4.005476,19.241617,3.809035,0.196441,47.594177,230.972961,45.844696,1.749481,43.990112,214.003693,42.503395,1.486717,0
2026-08-02T09:10:04Z,630244E4AC8EBCDB,18.4,queries/tpch/Functions/09-12_network/inet_cast.sql,2,1,5,3.473628,16.577885,3.276064,0.197564,41.117126,198.368683,39.312889,1.804237,37.919006,183.735565,36.454140,1.464867,0
2026-08-02T09:10:49Z,630244E4AC8EBCDB,18.4,queries/tpch/Functions/09-12_network/inet_sub_inet.sql,2,1,5,3.814464,18.373868,3.639851,0.174613,45.102417,218.396454,43.323509,1.778908,41.661377,202.146057,40.121170,1.540207,0
2026-08-02T09:11:35Z,630244E4AC8EBCDB,18.4,queries/tpch/Functions/09-12_network/inet_sub_int.sql,2,1,5,3.980349,19.132305,3.787989,0.192360,47.296326,230.712280,45.853989,1.442337,43.718201,213.847290,42.532272,1.185928,0
2026-08-02T09:12:13Z,630244E4AC8EBCDB,18.4,queries/tpch/Functions/09-12_network/macaddr_cast.sql,2,1,5,3.315355,15.807639,3.123071,0.192284,38.715759,186.636719,36.980240,1.735519,35.626831,172.658569,34.257935,1.368896,0
2026-08-02T09:12:54Z,630244E4AC8EBCDB,18.4,queries/tpch/Functions/09-12_network/masklen.sql,2,1,5,3.585012,17.098637,3.378406,0.206606,42.445679,204.230896,40.446304,1.999374,39.162903,189.110229,37.486832,1.676071,0
2026-08-02T09:13:21Z,630244E4AC8EBCDB,18.4,queries/tpch/Functions/09-12_network/netmask.sql,2,1,5,2.344556,11.002109,2.164388,0.180167,27.870361,134.048004,26.544411,1.325951,25.671204,124.072662,24.600365,1.070839,0
2026-08-02T09:14:08Z,630244E4AC8EBCDB,18.4,queries/tpch/Functions/09-12_network/network.sql,2,1,5,4.050957,19.501401,3.862611,0.188345,47.945251,232.804749,46.214874,1.730377,44.219910,215.537292,42.829346,1.390564,0
2026-08-02T09:14:52Z,630244E4AC8EBCDB,18.4,queries/tpch/Functions/09-12_network/overlaps.sql,2,1,5,3.787748,18.153844,3.591524,0.196224,44.559753,216.772614,43.053215,1.506538,41.062500,200.632202,39.892426,1.170074,0
2026-08-02T09:15:37Z,630244E4AC8EBCDB,18.4,queries/tpch/Functions/09-12_network/set_masklen.sql,2,1,5,3.876856,18.533060,3.664051,0.212805,46.133789,223.072998,44.234802,1.898987,42.560547,206.591431,41.007721,1.552826,0
2026-08-02T09:25:03Z,630244E4AC8EBCDB,18.4,queries/tpch/Functions/09-13_text_search/length_tsvector.sql,2,1,5,47.411914,237.243295,47.457845,-0.045932,1040.198242,5206.451172,1041.563232,-1.364990,996.752991,4991.077789,998.581200,-1.828209,0
2026-08-02T09:34:42Z,630244E4AC8EBCDB,18.4,queries/tpch/Functions/09-13_text_search/match.sql,2,1,5,48.247895,241.337043,48.272287,-0.024392,1058.879578,5296.045959,1059.291595,-0.412018,1014.864807,5076.207458,1015.335663,-0.470856,0
2026-08-02T09:44:43Z,630244E4AC8EBCDB,18.4,queries/tpch/Functions/09-13_text_search/numnode.sql,2,1,5,50.087129,250.286988,50.049965,0.037165,1099.153625,5492.680481,1098.381714,0.771912,1052.966675,5259.970490,1051.750954,1.215721,0
2026-08-02T09:54:48Z,630244E4AC8EBCDB,18.4,queries/tpch/Functions/09-13_text_search/phraseto_tsquery.sql,2,1,5,50.402582,252.296512,50.473482,-0.070900,1106.184082,5529.230316,1105.761559,0.422523,1059.289001,5293.465820,1058.544205,0.744797,0
2026-08-02T10:04:53Z,630244E4AC8EBCDB,18.4,queries/tpch/Functions/09-13_text_search/plainto_tsquery.sql,2,1,5,50.335917,252.074384,50.434617,-0.098700,1104.684326,5523.063202,1104.594719,0.089607,1057.376099,5287.871613,1057.623878,-0.247780,0
2026-08-02T10:14:36Z,630244E4AC8EBCDB,18.4,queries/tpch/Functions/09-13_text_search/setweight.sql,2,1,5,48.144157,243.130185,48.746507,-0.602350,1054.394043,5296.825470,1060.607857,-6.213814,1010.446838,5075.055695,1016.152214,-5.705376,0
2026-08-02T10:24:19Z,630244E4AC8EBCDB,18.4,queries/tpch/Functions/09-13_text_search/strip.sql,2,1,5,48.685674,242.947146,48.565368,0.120305,1061.193054,5289.018250,1056.956299,4.236755,1016.816772,5067.800568,1012.745949,4.070824,0
2026-08-02T10:24:46Z,630244E4AC8EBCDB,18.4,queries/tpch/Functions/09-13_text_search/to_tsquery.sql,2,1,5,2.393369,11.042089,2.162180,0.231189,28.708435,141.811157,28.275681,0.432755,26.463379,131.468262,26.251221,0.212158,0
2026-08-02T10:34:18Z,630244E4AC8EBCDB,18.4,queries/tpch/Functions/09-13_text_search/to_tsvector.sql,2,1,5,47.792755,238.940067,47.786828,0.005927,1053.387085,5215.302551,1040.478867,12.908218,1009.628174,4996.199982,996.642952,12.985222,0
2026-08-02T10:40:45Z,630244E4AC8EBCDB,18.4,queries/tpch/Functions/09-13_text_search/to_tsvector_simple.sql,2,1,5,32.324588,161.075637,32.187762,0.136825,697.977112,3476.416351,694.609810,3.367302,668.142273,3328.956909,665.203659,2.938614,0
2026-08-02T10:50:37Z,630244E4AC8EBCDB,18.4,queries/tpch/Functions/09-13_text_search/ts_headline.sql,2,1,5,49.487689,246.703342,49.303913,0.183775,1071.458374,5387.813934,1079.088890,-7.630516,1026.287109,5141.652710,1028.841400,-2.554291,0
2026-08-02T11:00:23Z,630244E4AC8EBCDB,18.4,queries/tpch/Functions/09-13_text_search/ts_rank.sql,2,1,5,48.801081,244.105226,48.826036,-0.024955,1067.484314,5274.072662,1051.647087,15.837227,1015.912903,5032.576019,1004.165779,11.747124,0
2026-08-02T11:11:48Z,630244E4AC8EBCDB,18.4,queries/tpch/Functions/09-13_text_search/websearch_to_tsquery.sql,2,1,5,57.571313,284.851558,56.820061,0.751251,1230.090088,6218.127808,1247.009430,-16.919342,1176.531006,5926.717560,1187.546638,-11.015633,0
2026-08-02T11:21:23Z,630244E4AC8EBCDB,18.4,queries/tpch/Functions/09-14_uuid/gen_random_uuid.sql,2,1,5,48.106865,239.605740,47.874719,0.232146,545.972839,2657.819244,527.961601,18.011238,503.632874,2452.434723,487.200462,16.432411,0
2026-08-02T11:28:46Z,630244E4AC8EBCDB,18.4,queries/tpch/Functions/09-14_uuid/uuid_from_md5.sql,2,1,5,36.908138,184.594555,36.921604,-0.013467,448.049561,2236.410370,447.090202,0.959358,415.637268,2073.671112,414.508461,1.128807,0
2026-08-02T11:38:38Z,630244E4AC8EBCDB,18.4,queries/tpch/Functions/09-14_uuid/uuid_to_text.sql,2,1,5,49.373941,246.456026,49.270521,0.103419,548.562378,-128337.973114,-32221.633873,32770.196251,505.921570,2523.215057,504.323372,1.598198,0
2026-08-02T11:57:03Z,630244E4AC8EBCDB,18.4,queries/tpch/Functions/09-15_xml/xml_is_well_formed.sql,2,1,5,92.935524,460.823711,91.972047,0.963477,1153.250000,5716.904633,1140.913658,12.336342,1073.271790,5322.447418,1062.293907,10.977882,0
2026-08-02T12:03:46Z,630244E4AC8EBCDB,18.4,queries/tpch/Functions/09-15_xml/xml_to_text.sql,2,1,5,34.222052,167.264740,33.260672,0.961380,437.631470,2114.620209,419.247185,18.384285,407.464050,1969.684540,390.555122,16.908928,0
2026-08-02T12:06:43Z,630244E4AC8EBCDB,18.4,queries/tpch/Functions/09-15_xml/xmlcomment.sql,2,1,5,14.893065,73.795179,14.725528,0.167537,191.480408,962.676483,192.799019,-1.318611,178.088989,896.584900,179.623978,-1.534988,0
2026-08-02T12:19:26Z,630244E4AC8EBCDB,18.4,queries/tpch/Functions/09-15_xml/xmlconcat.sql,2,1,5,62.660330,318.081441,63.855278,-1.194948,790.134644,3992.080780,800.486534,-10.351891,735.080017,3719.543640,746.115906,-11.035889,0
2026-08-02T12:26:08Z,630244E4AC8EBCDB,18.4,queries/tpch/Functions/09-15_xml/xmlelement.sql,2,1,5,33.473052,168.182288,33.677309,-0.204258,429.015808,2138.803314,427.446877,1.568932,399.329407,1991.134399,397.951248,1.378159,0
2026-08-02T12:34:08Z,630244E4AC8EBCDB,18.4,queries/tpch/Functions/09-15_xml/xmlelement_attrs.sql,2,1,5,39.790881,199.446462,39.913895,-0.123014,506.759094,2528.811279,505.513046,1.246048,472.061279,2355.616211,470.888733,1.172546,0
2026-08-02T12:37:51Z,630244E4AC8EBCDB,18.4,queries/tpch/Functions/09-15_xml/xmlforest.sql,2,1,5,18.546556,92.839325,18.573192,-0.026636,241.867371,1215.943420,243.519012,-1.651642,225.274536,1132.875793,226.900314,-1.625778,0
2026-08-02T12:39:10Z,630244E4AC8EBCDB,18.4,queries/tpch/Functions/09-15_xml/xmlpi.sql,2,1,5,6.691017,33.094087,6.600768,0.090249,93.011841,467.794678,93.695709,-0.683868,86.722778,437.137238,87.603615,-0.880836,0
2026-08-02T13:25:19Z,630244E4AC8EBCDB,18.4,queries/tpch/Functions/09-15_xml/xpath.sql,2,1,5,231.055222,1150.812447,229.939306,1.115916,2669.200134,13437.002747,2691.950653,-22.750519,2472.160950,12454.906616,2495.686417,-23.525467,0
2026-08-02T13:32:21Z,630244E4AC8EBCDB,18.4,queries/tpch/Functions/09-16_json/arrow_object.sql,2,1,5,35.138973,175.256237,35.029316,0.109657,440.113342,2219.863464,444.937531,-4.824188,409.754089,2068.498505,414.686104,-4.932014,0
2026-08-02T13:39:00Z,630244E4AC8EBCDB,18.4,queries/tpch/Functions/09-16_json/arrow_text.sql,2,1,5,33.148844,166.045204,33.224090,-0.075246,419.187683,2094.005554,418.704468,0.483215,390.517517,-129120.934418,-32377.862984,32768.380501,0
2026-08-02T13:45:55Z,630244E4AC8EBCDB,18.4,queries/tpch/Functions/09-16_json/contains.sql,2,1,5,34.924004,173.054038,34.532509,0.391495,434.239746,2190.511688,439.067986,-4.828239,404.160156,2041.337433,409.294319,-5.134163,0
2026-08-02T13:48:52Z,630244E4AC8EBCDB,18.4,queries/tpch/Functions/09-16_json/json_build_array.sql,2,1,5,15.160437,73.389390,14.557238,0.603199,193.799500,939.977295,186.544449,7.255051,180.482178,876.218964,173.934196,6.547981,0
2026-08-02T13:53:35Z,630244E4AC8EBCDB,18.4,queries/tpch/Functions/09-16_json/json_build_object.sql,2,1,5,23.755011,117.827778,23.518192,0.236819,309.683472,1536.821869,306.784599,2.898872,288.306274,1431.993042,285.921692,2.384583,0
2026-08-02T13:57:21Z,630244E4AC8EBCDB,18.4,queries/tpch/Functions/09-16_json/jsonb_array_length.sql,2,1,5,18.970545,94.241778,18.817808,0.152737,249.549805,1239.575989,247.506546,2.043259,232.313721,1155.289398,230.743919,1.569801,0
2026-08-02T14:01:07Z,630244E4AC8EBCDB,18.4,queries/tpch/Functions/09-16_json/jsonb_build_array.sql,2,1,5,18.938535,93.884612,18.736519,0.202016,247.806274,1222.046600,243.560081,4.246193,230.817444,1138.343658,226.881554,3.935890,0
2026-08-02T14:07:31Z,630244E4AC8EBCDB,18.4,queries/tpch/Functions/09-16_json/jsonb_build_object.sql,2,1,5,32.806255,159.395334,31.647270,1.158985,404.895813,2005.803009,400.226799,4.669014,376.499084,1868.993073,373.123497,3.375587,0
2026-08-02T14:13:23Z,630244E4AC8EBCDB,18.4,queries/tpch/Functions/09-16_json/jsonb_insert.sql,2,1,5,29.590631,146.544972,29.238585,0.352046,355.195007,1759.010681,350.953918,4.241089,329.737183,1633.663666,325.981621,3.755562,0
2026-08-02T14:28:17Z,630244E4AC8EBCDB,18.4,queries/tpch/Functions/09-16_json/jsonb_object_keys_arr.sql,2,1,5,73.053240,373.557651,75.126103,-2.072862,918.715332,4662.867126,936.037949,-17.322617,855.840942,4343.646393,871.951363,-16.110420,0
2026-08-02T14:32:35Z,630244E4AC8EBCDB,18.4,queries/tpch/Functions/09-16_json/jsonb_path_exists.sql,2,1,5,21.658040,107.068870,21.352707,0.305332,264.790710,1284.849731,255.014755,9.775955,245.891174,1192.416931,236.631439,9.259735,0
2026-08-02T14:37:24Z,630244E4AC8EBCDB,18.4,queries/tpch/Functions/09-16_json/jsonb_path_query.sql,2,1,5,24.353231,120.609468,24.064059,0.289171,297.554077,1448.213898,287.664955,9.889122,276.409302,1344.255280,266.961494,9.447807,0
2026-08-02T14:42:16Z,630244E4AC8EBCDB,18.4,queries/tpch/Functions/09-16_json/jsonb_path_query_array.sql,2,1,5,24.452887,121.345235,24.223087,0.229800,299.135132,1455.164948,289.007454,10.127678,277.815613,1350.731689,268.229019,9.586594,0
2026-08-02T14:50:15Z,630244E4AC8EBCDB,18.4,queries/tpch/Functions/09-16_json/jsonb_pretty.sql,2,1,5,40.353032,199.249518,39.724122,0.628910,505.570251,2505.597504,500.006813,5.563438,470.780396,2334.167114,465.846680,4.933716,0
2026-08-02T14:58:25Z,630244E4AC8EBCDB,18.4,queries/tpch/Functions/09-16_json/jsonb_set.sql,2,1,5,40.836211,204.288129,40.862979,-0.026768,517.783142,2594.504822,519.180420,-1.397278,482.500916,2418.641724,484.035202,-1.534286,0
2026-08-02T15:06:11Z,630244E4AC8EBCDB,18.4,queries/tpch/Functions/09-16_json/jsonb_strip_nulls.sql,2,1,5,38.879433,194.166651,38.821804,0.057629,486.885254,2449.437134,490.637970,-3.752716,453.428772,2282.077026,457.162064,-3.733292,0
2026-08-02T15:14:04Z,630244E4AC8EBCDB,18.4,queries/tpch/Functions/09-16_json/jsonb_to_text.sql,2,1,5,39.480779,197.071667,39.397722,0.083057,499.342041,2505.389862,501.511955,-2.169914,465.253967,2333.174347,466.980095,-1.726128,0
2026-08-02T15:16:49Z,630244E4AC8EBCDB,18.4,queries/tpch/Functions/09-16_json/jsonb_typeof.sql,2,1,5,15.789836,68.010508,13.055168,2.734668,184.997681,852.816559,166.954720,18.042961,171.071167,792.618835,155.386917,15.684250,0
2026-08-02T15:21:48Z,630244E4AC8EBCDB,18.4,queries/tpch/Functions/09-16_json/jsonpath_exists_op.sql,2,1,5,25.265545,124.609194,24.835912,0.429632,309.436646,1496.749084,296.828110,12.608536,287.576843,1389.819519,275.560669,12.016174,0
2026-08-02T15:26:44Z,630244E4AC8EBCDB,18.4,queries/tpch/Functions/09-16_json/jsonpath_match_op.sql,2,1,5,24.797734,123.092389,24.573664,0.224070,302.113708,1489.493134,296.844856,5.268852,280.632507,1383.329071,275.674141,4.958366,0
2026-08-02T15:33:19Z,630244E4AC8EBCDB,18.4,queries/tpch/Functions/09-16_json/key_exists.sql,2,1,5,32.980559,164.715280,32.933680,0.046879,413.852905,2106.855316,423.250603,-9.397697,385.335754,1961.548584,394.053207,-8.717453,0
2026-08-02T15:40:36Z,630244E4AC8EBCDB,18.4,queries/tpch/Functions/09-16_json/path_extract.sql,2,1,5,36.379566,181.719480,36.334978,0.044588,463.332153,2323.192322,464.965042,-1.632889,431.079895,2161.604553,432.631165,-1.551270,0
2026-08-02T15:47:26Z,630244E4AC8EBCDB,18.4,queries/tpch/Functions/09-16_json/path_extract_text.sql,2,1,5,34.248652,170.722727,34.118519,0.130133,429.853271,2184.758850,438.726395,-8.873123,399.765503,2033.325806,408.390076,-8.624573,0
2026-08-02T15:50:23Z,630244E4AC8EBCDB,18.4,queries/tpch/Functions/09-16_json/row_to_json.sql,2,1,5,14.804708,73.898855,14.773537,0.031172,196.637634,985.894287,197.314163,-0.676529,183.227905,919.009094,183.945297,-0.717392,0
2026-08-02T15:52:15Z,630244E4AC8EBCDB,18.4,queries/tpch/Functions/09-16_json/to_json.sql,2,1,5,9.437047,46.529107,9.273015,0.164032,124.089600,628.447327,126.089432,-1.999832,115.333557,586.027924,117.673592,-2.340034,0
2026-08-02T15:54:22Z,630244E4AC8EBCDB,18.4,queries/tpch/Functions/09-16_json/to_jsonb.sql,2,1,5,10.749695,52.984089,10.558599,0.191096,144.547058,717.668488,143.280357,1.266701,134.744751,669.592560,133.711952,1.032799,0
2026-08-02T15:55:14Z,630244E4AC8EBCDB,18.4,queries/tpch/Functions/09-18_conditional/case_searched.sql,2,1,5,4.522663,21.443267,4.230151,0.292511,63.429443,314.942688,62.878311,0.551132,59.146362,294.768646,58.905571,0.240791,0
2026-08-02T15:55:54Z,630244E4AC8EBCDB,18.4,queries/tpch/Functions/09-18_conditional/case_simple.sql,2,1,5,3.410765,16.561372,3.287652,0.123113,51.770508,259.126038,51.838882,-0.068375,48.451416,243.305634,48.713554,-0.262138,0
2026-08-02T15:56:32Z,630244E4AC8EBCDB,18.4,queries/tpch/Functions/09-18_conditional/coalesce.sql,2,1,5,3.287845,15.752276,3.116108,0.171737,48.456360,236.492950,47.009148,1.447212,45.250183,221.381195,44.032753,1.217430,0
2026-08-02T15:57:08Z,630244E4AC8EBCDB,18.4,queries/tpch/Functions/09-18_conditional/nullif.sql,2,1,5,3.080712,14.618613,2.884475,0.196236,48.068665,233.889954,46.455322,1.613342,45.040649,219.880859,43.710052,1.330597,0
2026-08-02T15:58:39Z,630244E4AC8EBCDB,18.4,queries/tpch/Functions/09-19_array/array_append.sql,2,1,5,7.567360,37.858894,7.572883,-0.005524,108.248840,535.462341,106.803375,1.445465,101.276978,500.555664,99.819672,1.457306,0
2026-08-02T16:00:11Z,630244E4AC8EBCDB,18.4,queries/tpch/Functions/09-19_array/array_cat.sql,2,1,5,6.430600,39.976065,8.386366,-1.955767,91.330750,506.353546,103.755699,-12.424950,85.282166,469.902924,96.155190,-10.873024,0
2026-08-02T16:01:30Z,630244E4AC8EBCDB,18.4,queries/tpch/Functions/09-19_array/array_concat_op.sql,2,1,5,6.475598,31.639211,6.290903,0.184695,91.443970,458.726868,91.820724,-0.376755,85.393005,429.571106,86.044525,-0.651520,0
2026-08-02T16:02:18Z,630244E4AC8EBCDB,18.4,queries/tpch/Functions/09-19_array/array_construct.sql,2,1,5,4.092665,19.685468,3.898201,0.194464,61.341553,300.519104,59.794388,1.547165,57.437866,282.019318,56.145363,1.292503,0
2026-08-02T16:03:38Z,630244E4AC8EBCDB,18.4,queries/tpch/Functions/09-19_array/array_contains.sql,2,1,5,6.752965,33.149585,6.599155,0.153810,96.674622,478.645386,95.492691,1.181931,90.344482,447.957947,89.403366,0.941116,0
2026-08-02T16:04:54Z,630244E4AC8EBCDB,18.4,queries/tpch/Functions/09-19_array/array_dims.sql,2,1,5,6.488909,31.503707,6.253699,0.235210,94.929321,457.878174,90.737213,4.192108,88.842041,428.717804,84.968941,3.873100,0
2026-08-02T16:05:46Z,630244E4AC8EBCDB,18.4,queries/tpch/Functions/09-19_array/array_length.sql,2,1,5,4.192123,21.907350,4.428807,-0.236683,63.324890,315.788635,63.115936,0.208954,59.274841,295.141724,58.966721,0.308121,0
2026-08-02T16:06:35Z,630244E4AC8EBCDB,18.4,queries/tpch/Functions/09-19_array/array_ndims.sql,2,1,5,5.373991,20.075654,3.675416,1.698575,69.322815,303.157501,58.458672,10.864143,64.208008,284.171082,54.990768,9.217239,0
2026-08-02T16:07:55Z,630244E4AC8EBCDB,18.4,queries/tpch/Functions/09-19_array/array_overlap.sql,2,1,5,6.816456,33.164498,6.587010,0.229446,96.376404,479.007294,95.657722,0.718681,89.940613,448.416595,89.618996,0.321617,0
2026-08-02T16:09:00Z,630244E4AC8EBCDB,18.4,queries/tpch/Functions/09-19_array/array_position.sql,2,1,5,7.099012,26.193082,4.773517,2.325495,90.460266,391.101410,75.160286,15.299980,83.912048,366.704163,70.698029,13.214020,0
2026-08-02T16:10:36Z,630244E4AC8EBCDB,18.4,queries/tpch/Functions/09-19_array/array_positions.sql,2,1,5,7.922334,40.061661,8.034832,-0.112498,112.485046,556.407898,110.980713,1.504333,105.125549,519.456879,103.582832,1.542717,0
2026-08-02T16:12:09Z,630244E4AC8EBCDB,18.4,queries/tpch/Functions/09-19_array/array_prepend.sql,2,1,5,7.832258,38.462891,7.657658,0.174599,110.710022,542.532379,107.955589,2.754433,103.379822,507.057037,100.919304,2.460518,0
2026-08-02T16:13:21Z,630244E4AC8EBCDB,18.4,queries/tpch/Functions/09-19_array/array_remove.sql,2,1,5,6.256181,29.952961,5.924195,0.331986,90.553589,444.777557,88.555992,1.997597,84.617859,416.873322,83.063866,1.553993,0
2026-08-02T16:14:41Z,630244E4AC8EBCDB,18.4,queries/tpch/Functions/09-19_array/array_replace.sql,2,1,5,6.573461,33.790672,6.804303,-0.230842,93.330139,467.579773,93.562408,-0.232269,87.134644,436.370056,87.308853,-0.174210,0
2026-08-02T16:16:00Z,630244E4AC8EBCDB,18.4,queries/tpch/Functions/09-19_array/array_slice.sql,2,1,5,6.899304,32.766412,6.466777,0.432528,94.168884,464.208313,92.509857,1.659027,87.746704,433.666626,86.479980,1.266724,0
2026-08-02T16:16:55Z,630244E4AC8EBCDB,18.4,queries/tpch/Functions/09-19_array/array_subscript.sql,2,1,5,4.671064,22.659090,4.497007,0.174057,70.147888,347.071991,69.231026,0.916862,65.667053,325.698792,65.007935,0.659119,0
2026-08-02T16:18:25Z,630244E4AC8EBCDB,18.4,queries/tpch/Functions/09-19_array/array_to_string.sql,2,1,5,7.621336,37.266294,7.411240,0.210096,109.169617,533.595215,106.106400,3.063217,102.036804,499.136749,99.274986,2.761818,0
2026-08-02T16:19:13Z,630244E4AC8EBCDB,18.4,queries/tpch/Functions/09-19_array/array_upper.sql,2,1,5,4.198663,20.115232,3.979142,0.219520,62.074097,312.743439,62.667336,-0.593239,58.102539,293.546509,58.860992,-0.758453,0
2026-08-02T16:20:04Z,630244E4AC8EBCDB,18.4,queries/tpch/Functions/09-19_array/cardinality.sql,2,1,5,4.243066,20.800819,4.139438,0.103628,64.452271,317.375488,63.230804,1.221466,60.380371,297.704102,59.330933,1.049438,0
2026-08-02T16:23:07Z,630244E4AC8EBCDB,18.4,queries/tpch/Functions/09-19_array/string_to_array.sql,2,1,5,15.423578,76.246800,15.205805,0.217773,200.078003,988.203461,197.031364,3.046638,186.019592,919.682831,183.415810,2.603783,0
2026-08-02T16:24:48Z,630244E4AC8EBCDB,18.4,queries/tpch/Functions/09-19_array/trim_array.sql,2,1,5,6.769728,43.898595,9.282217,-2.512489,94.293579,535.292847,110.249817,-15.956238,87.912903,495.320343,101.851860,-13.938957,0
2026-08-02T16:27:12Z,630244E4AC8EBCDB,18.4,queries/tpch/Functions/09-20_range/adjacent.sql,2,1,5,10.015333,62.146015,13.032670,-3.017337,138.332764,759.021545,155.172195,-16.839432,128.964417,703.045959,143.520386,-14.555969,0
2026-08-02T16:28:48Z,630244E4AC8EBCDB,18.4,queries/tpch/Functions/09-20_range/contained_by.sql,2,1,5,8.053642,39.629834,7.894048,0.159594,110.396667,557.319824,111.730789,-1.334122,102.840271,521.011444,104.542793,-1.702522,0
2026-08-02T16:30:32Z,630244E4AC8EBCDB,18.4,queries/tpch/Functions/09-20_range/contains_elem.sql,2,1,5,7.701075,44.515925,9.203713,-1.502638,107.775269,564.243286,114.117004,-6.341736,100.610596,523.762970,105.788094,-5.177498,0
2026-08-02T16:32:07Z,630244E4AC8EBCDB,18.4,queries/tpch/Functions/09-20_range/contains_range.sql,2,1,5,8.065178,39.565769,7.875148,0.190030,110.626465,556.258270,111.407951,-0.781487,103.115479,519.833344,104.179466,-1.063988,0
2026-08-02T16:33:39Z,630244E4AC8EBCDB,18.4,queries/tpch/Functions/09-20_range/daterange_make.sql,2,1,5,9.677922,37.518157,6.960059,2.717863,114.667786,505.149750,97.620491,17.047295,105.712463,470.671631,91.239792,14.472672,0
2026-08-02T16:35:54Z,630244E4AC8EBCDB,18.4,queries/tpch/Functions/09-20_range/intersect.sql,2,1,5,14.041664,54.883657,10.210498,3.831165,169.263184,754.705963,146.360695,22.902489,156.599670,704.828033,137.057091,19.542580,0
2026-08-02T16:37:18Z,630244E4AC8EBCDB,18.4,queries/tpch/Functions/09-20_range/isempty.sql,2,1,5,9.658454,33.683425,6.006243,3.652211,114.849304,482.218079,91.842194,23.007111,105.867188,451.135010,86.316956,19.550232,0
2026-08-02T16:38:44Z,630244E4AC8EBCDB,18.4,queries/tpch/Functions/09-20_range/lower.sql,2,1,5,7.129164,36.364261,7.308774,-0.179610,100.759460,503.331665,100.643051,0.116409,94.020752,469.949982,93.982307,0.038445,0
2026-08-02T16:40:24Z,630244E4AC8EBCDB,18.4,queries/tpch/Functions/09-20_range/multirange.sql,2,1,5,11.015486,40.051837,7.259088,3.756398,130.548035,559.650818,107.275696,23.272339,120.389709,522.882812,100.623276,19.766434,0
2026-08-02T16:42:03Z,630244E4AC8EBCDB,18.4,queries/tpch/Functions/09-20_range/overlaps.sql,2,1,5,8.890505,41.047270,8.039191,0.851314,121.181702,591.284760,117.525764,3.655937,112.952148,553.520050,110.141975,2.810173,0
2026-08-02T16:43:37Z,630244E4AC8EBCDB,18.4,queries/tpch/Functions/09-20_range/strictly_left.sql,2,1,5,9.290884,38.651824,7.340235,1.950649,118.072266,542.597992,106.131432,11.940834,109.545471,507.159912,99.403610,10.141861,0
2026-08-02T16:45:10Z,630244E4AC8EBCDB,18.4,queries/tpch/Functions/09-20_range/strictly_right.sql,2,1,5,8.074554,38.593573,7.629755,0.444799,112.654785,551.553040,109.724564,2.930222,105.040161,515.949524,102.727341,2.312820,0
2026-08-02T16:48:01Z,630244E4AC8EBCDB,18.4,queries/tpch/Functions/09-20_range/union.sql,2,1,5,14.227333,70.837075,14.152435,0.074898,193.007385,962.325928,192.329636,0.677750,179.992920,898.387878,179.598740,0.394180,0
2026-08-02T16:49:25Z,630244E4AC8EBCDB,18.4,queries/tpch/Functions/09-20_range/upper.sql,2,1,5,7.111383,35.150425,7.009760,0.101622,100.639709,501.097473,100.114441,0.525269,94.019897,468.779358,93.689865,0.330032,0
2026-08-02T16:50:29Z,630244E4AC8EBCDB,18.4,queries/tpch/Functions/09-21_aggregate/array_agg.sql,2,1,5,5.219894,27.019031,5.449784,-0.229891,135.291931,618.721924,120.857498,14.434433,129.737854,590.282227,115.136093,14.601761,0
2026-08-02T16:53:33Z,630244E4AC8EBCDB,18.4,queries/tpch/Functions/09-21_aggregate/array_agg_orderby.sql,2,1,5,15.442200,76.484827,15.260657,0.181543,192.315674,918.877136,181.640366,10.675308,177.754639,848.479401,167.681190,10.073448,0
2026-08-02T16:53:55Z,630244E4AC8EBCDB,18.4,queries/tpch/Functions/09-21_aggregate/avg.sql,2,1,5,1.842276,8.836544,1.748567,0.093710,55.580505,248.390503,48.202499,7.378006,53.649414,239.138184,46.372192,7.277222,0
2026-08-02T16:54:09Z,630244E4AC8EBCDB,18.4,queries/tpch/Functions/09-21_aggregate/bit_and.sql,2,1,5,1.289018,5.877770,1.147188,0.141830,30.172424,142.583221,28.102699,2.069725,28.330933,134.067841,26.434227,1.896706,0
2026-08-02T16:54:24Z,630244E4AC8EBCDB,18.4,queries/tpch/Functions/09-21_aggregate/bit_or.sql,2,1,5,1.417250,6.326508,1.227315,0.189935,31.107361,138.540466,26.858276,4.249084,29.056946,129.667358,25.152603,3.904343,0
2026-08-02T16:54:45Z,630244E4AC8EBCDB,18.4,queries/tpch/Functions/09-21_aggregate/bool_and.sql,2,1,5,1.798852,8.611212,1.703090,0.095762,39.372681,188.824890,37.363052,2.009628,37.460632,179.697906,35.559319,1.901314,0
2026-08-02T16:55:06Z,630244E4AC8EBCDB,18.4,queries/tpch/Functions/09-21_aggregate/bool_or.sql,2,1,5,1.817730,8.496037,1.669577,0.148153,40.656250,186.006866,36.337654,4.318596,38.803040,177.061554,34.564629,4.238411,0
2026-08-02T16:56:02Z,630244E4AC8EBCDB,18.4,queries/tpch/Functions/09-21_aggregate/corr.sql,2,1,5,4.793080,23.447290,4.663552,0.129528,105.050110,514.577667,102.381889,2.668221,100.374451,491.900238,97.881447,2.493004,0
2026-08-02T16:56:22Z,630244E4AC8EBCDB,18.4,queries/tpch/Functions/09-21_aggregate/count_col.sql,2,1,5,1.729633,8.115780,1.596537,0.133096,37.985596,178.003021,35.004356,2.981239,36.159424,169.310822,33.287849,2.871574,0
2026-08-02T16:56:52Z,630244E4AC8EBCDB,18.4,queries/tpch/Functions/09-21_aggregate/count_distinct.sql,2,1,5,2.681903,12.298079,2.404044,0.277859,32.327148,157.308167,31.245255,1.081894,29.680542,145.884552,29.051003,0.629539,0
2026-08-02T16:57:12Z,630244E4AC8EBCDB,18.4,queries/tpch/Functions/09-21_aggregate/count_filter.sql,2,1,5,1.746735,8.399531,1.663199,0.083536,50.115173,223.145020,43.257462,6.857712,48.228638,214.253754,41.506279,6.722359,0
2026-08-02T16:57:23Z,630244E4AC8EBCDB,18.4,queries/tpch/Functions/09-21_aggregate/count_star.sql,2,1,5,1.078108,4.580092,0.875496,0.202612,21.556641,102.217926,20.165321,1.391319,20.409729,97.634705,19.306244,1.103485,0
2026-08-02T17:01:37Z,630244E4AC8EBCDB,18.4,queries/tpch/Functions/09-21_aggregate/cume_dist_hypothetical.sql,2,1,5,21.346990,105.431112,21.021030,0.325960,277.110168,1340.661926,265.887939,11.222229,257.227905,1243.216400,246.497124,10.730782,0
2026-08-02T17:06:13Z,630244E4AC8EBCDB,18.4,queries/tpch/Functions/09-21_aggregate/dense_rank_hypothetical.sql,2,1,5,22.437912,115.949475,23.377891,-0.939979,280.494568,1437.137268,289.160675,-8.666107,259.726013,1330.323303,267.649323,-7.923309,0
2026-08-02T17:06:39Z,630244E4AC8EBCDB,18.4,queries/tpch/Functions/09-21_aggregate/group_by.sql,2,1,5,2.142827,10.856617,2.178447,-0.035620,64.003113,286.970093,55.741745,8.261368,61.784790,275.664001,53.469803,8.314987,0
2026-08-02T17:08:42Z,630244E4AC8EBCDB,18.4,queries/tpch/Functions/09-21_aggregate/json_agg.sql,2,1,5,10.328554,50.964299,10.158936,0.169618,130.461243,626.905701,124.111115,6.350128,120.481689,578.047974,114.391571,6.090118,0
2026-08-02T17:12:20Z,630244E4AC8EBCDB,18.4,queries/tpch/Functions/09-21_aggregate/jsonb_agg.sql,2,1,5,18.253541,90.723113,18.117393,0.136148,220.411316,1110.335236,222.480980,-2.069664,203.565735,1026.466248,205.725128,-2.159393,0
2026-08-02T17:12:36Z,630244E4AC8EBCDB,18.4,queries/tpch/Functions/09-21_aggregate/max.sql,2,1,5,1.329391,6.473167,1.285944,0.043447,40.489319,190.506256,37.504234,2.985085,38.770386,181.535950,35.691391,3.078995,0
2026-08-02T17:12:52Z,630244E4AC8EBCDB,18.4,queries/tpch/Functions/09-21_aggregate/min.sql,2,1,5,1.562862,6.952717,1.347464,0.215399,36.767700,173.926880,34.289795,2.477905,35.066284,165.981903,32.728905,2.337379,0
2026-08-02T17:14:47Z,630244E4AC8EBCDB,18.4,queries/tpch/Functions/09-21_aggregate/mode.sql,2,1,5,9.815190,47.556025,9.435209,0.379981,134.231628,647.481201,128.312393,5.919235,124.839966,602.486511,119.411636,5.428329,0
2026-08-02T17:19:03Z,630244E4AC8EBCDB,18.4,queries/tpch/Functions/09-21_aggregate/percent_rank_hypothetical.sql,2,1,5,21.233354,106.500140,21.316697,-0.083342,269.958801,-129738.255920,-32502.053680,32772.012482,250.255432,1235.398560,246.285782,3.969650,0
2026-08-02T17:21:01Z,630244E4AC8EBCDB,18.4,queries/tpch/Functions/09-21_aggregate/percentile_cont.sql,2,1,5,9.912077,49.532822,9.905186,0.006891,130.466125,662.065887,132.899940,-2.433815,120.981812,615.074799,123.523247,-2.541435,0
2026-08-02T17:23:04Z,630244E4AC8EBCDB,18.4,queries/tpch/Functions/09-21_aggregate/percentile_cont_array.sql,2,1,5,10.361613,51.059321,10.174427,0.187186,136.350952,679.678955,135.832001,0.518951,126.454773,631.498444,126.260918,0.193855,0
2026-08-02T17:25:21Z,630244E4AC8EBCDB,18.4,queries/tpch/Functions/09-21_aggregate/percentile_disc.sql,2,1,5,11.626459,56.787383,11.290231,0.336228,149.639587,739.932159,147.573143,2.066444,138.721375,686.773407,137.013008,1.708366,0
2026-08-02T17:29:34Z,630244E4AC8EBCDB,18.4,queries/tpch/Functions/09-21_aggregate/rank_hypothetical.sql,2,1,5,21.248133,105.386966,21.034708,0.213425,266.129150,1338.429749,268.075150,-1.945999,246.460388,1240.741577,248.570297,-2.109909,0
2026-08-02T17:30:27Z,630244E4AC8EBCDB,18.4,queries/tpch/Functions/09-21_aggregate/regr_slope.sql,2,1,5,4.157205,22.576728,4.604881,-0.447675,122.194214,533.900726,102.926628,19.267586,118.124390,512.032227,98.476959,19.647430,0
2026-08-02T17:30:53Z,630244E4AC8EBCDB,18.4,queries/tpch/Functions/09-21_aggregate/stddev.sql,2,1,5,2.115779,10.459524,2.085936,0.029843,46.286377,229.430664,45.786072,0.500305,44.131165,218.662842,43.632919,0.498245,0
2026-08-02T17:31:17Z,630244E4AC8EBCDB,18.4,queries/tpch/Functions/09-21_aggregate/stddev_pop.sql,2,1,5,2.149708,10.320460,2.042688,0.107020,47.304321,226.386902,44.770645,2.533676,45.086487,215.702148,42.653915,2.432571,0
2026-08-02T17:32:30Z,630244E4AC8EBCDB,18.4,queries/tpch/Functions/09-21_aggregate/string_agg.sql,2,1,5,6.158627,30.281564,6.030734,0.127893,135.376831,664.615479,132.309662,3.067169,128.899902,633.300842,126.100235,2.799667,0
2026-08-02T17:32:51Z,630244E4AC8EBCDB,18.4,queries/tpch/Functions/09-21_aggregate/sum.sql,2,1,5,1.844832,8.653023,1.702048,0.142784,40.458008,189.826935,37.342232,3.115776,38.504578,180.835571,35.582748,2.921829,0
2026-08-02T17:33:12Z,630244E4AC8EBCDB,18.4,queries/tpch/Functions/09-21_aggregate/sum_filter.sql,2,1,5,1.812097,8.374821,1.640681,0.171416,40.635315,183.678864,35.760887,4.874428,38.735779,174.817566,34.020447,4.715332,0
2026-08-02T17:33:42Z,630244E4AC8EBCDB,18.4,queries/tpch/Functions/09-21_aggregate/sum_float8.sql,2,1,5,2.556857,12.428226,2.467842,0.089015,56.192261,272.692810,54.125137,2.067123,53.616272,260.156372,51.635025,1.981247,0
2026-08-02T17:34:07Z,630244E4AC8EBCDB,18.4,queries/tpch/Functions/09-21_aggregate/var_pop.sql,2,1,5,2.131725,10.615234,2.120877,0.010847,46.926819,232.925385,46.499641,0.427177,44.649170,222.033020,44.345963,0.303207,0
2026-08-02T17:34:32Z,630244E4AC8EBCDB,18.4,queries/tpch/Functions/09-21_aggregate/variance.sql,2,1,5,2.260126,10.348780,2.022163,0.237962,49.757080,227.028778,44.317924,5.439156,47.384949,216.326965,42.235504,5.149445,0
2026-08-02T17:37:57Z,630244E4AC8EBCDB,18.4,queries/tpch/Functions/09-22_window/avg_over.sql,2,1,5,16.720628,85.324772,17.151036,-0.430408,315.219666,1559.573547,311.088470,4.131195,297.761292,1471.778809,293.504379,4.256912,0
2026-08-02T17:41:47Z,630244E4AC8EBCDB,18.4,queries/tpch/Functions/09-22_window/count_over.sql,2,1,5,19.399687,95.744205,19.086130,0.313557,249.570984,1200.248566,237.669395,11.901588,231.678955,1112.313446,220.158623,11.520332,0
2026-08-02T18:01:03Z,630244E4AC8EBCDB,18.4,queries/tpch/Functions/09-22_window/cume_dist.sql,2,1,5,96.585967,481.533905,96.236985,0.348982,1028.579346,5158.980286,1032.600235,-4.020889,944.315430,4738.203796,948.472092,-4.156662,0
2026-08-02T18:04:41Z,630244E4AC8EBCDB,18.4,queries/tpch/Functions/09-22_window/dense_rank.sql,2,1,5,18.683360,90.348527,17.916292,0.767068,224.898071,1116.399231,222.875290,2.022781,207.771240,1033.147949,206.344177,1.427063,0
2026-08-02T18:35:25Z,630244E4AC8EBCDB,18.4,queries/tpch/Functions/09-22_window/first_value.sql,2,1,5,152.988474,769.078839,154.022591,-1.034118,1682.561279,8432.149353,1687.397018,-4.835739,1546.039307,7752.656891,1551.654396,-5.615089,0
2026-08-02T18:39:50Z,630244E4AC8EBCDB,18.4,queries/tpch/Functions/09-22_window/first_value_part_1500k.sql,2,1,5,22.182214,110.295805,22.028398,0.153816,262.547729,1322.003052,264.863831,-2.316101,242.840515,1223.503693,245.165794,-2.325279,0
2026-08-02T18:43:37Z,630244E4AC8EBCDB,18.4,queries/tpch/Functions/09-22_window/first_value_part_200k.sql,2,1,5,19.034189,94.804774,18.942646,0.091543,356.540466,1767.707642,352.791794,3.748672,336.617371,1669.072693,333.113831,3.503540,0
2026-08-02T19:15:16Z,630244E4AC8EBCDB,18.4,queries/tpch/Functions/09-22_window/first_value_part_3.sql,2,1,5,157.753611,790.379460,158.156462,-0.402851,1821.467896,9063.878204,1810.602577,10.865318,1678.156860,8352.272217,1668.528839,9.628021,0
2026-08-02T19:26:04Z,630244E4AC8EBCDB,18.4,queries/tpch/Functions/09-22_window/frame_exclude_current.sql,2,1,5,53.922053,269.910219,53.997041,-0.074988,757.696106,3836.854675,769.789642,-12.093536,707.117371,3583.013489,718.974030,-11.856659,0
2026-08-02T19:31:44Z,630244E4AC8EBCDB,18.4,queries/tpch/Functions/09-22_window/frame_groups.sql,2,1,5,28.532102,141.854743,28.330660,0.201441,454.006958,2261.837524,451.957642,2.049316,426.271851,2123.640930,424.342270,1.929581,0
2026-08-02T19:36:13Z,630244E4AC8EBCDB,18.4,queries/tpch/Functions/09-22_window/frame_rows_centered.sql,2,1,5,22.245690,112.041473,22.448946,-0.203256,384.705566,1922.605560,384.474998,0.230568,362.708984,1811.867340,362.289589,0.419395,0
2026-08-02T19:55:18Z,630244E4AC8EBCDB,18.4,queries/tpch/Functions/09-22_window/frame_rows_following.sql,2,1,5,95.699760,476.694682,95.248731,0.451029,1126.488831,5553.444519,1106.738922,19.749908,-261104.300659,5123.855927,66557.039146,-327661.339806,0
2026-08-02T19:58:56Z,630244E4AC8EBCDB,18.4,queries/tpch/Functions/09-22_window/frame_rows_running.sql,2,1,5,17.932611,91.282366,18.337439,-0.404828,327.572266,1648.523773,330.237877,-2.665611,309.458801,1554.071075,311.153069,-1.694267,0
2026-08-02T20:02:04Z,630244E4AC8EBCDB,18.4,queries/tpch/Functions/09-22_window/lag.sql,2,1,5,15.328187,78.600533,15.818087,-0.489900,282.522888,1423.726959,285.301018,-2.778130,266.589050,1341.914337,268.831322,-2.242271,0
2026-08-02T20:05:32Z,630244E4AC8EBCDB,18.4,queries/tpch/Functions/09-22_window/last_value.sql,2,1,5,22.211256,84.569410,15.589539,6.621717,348.430420,1505.477722,289.261826,59.168594,325.653442,1418.807404,273.288490,52.364952,0
2026-08-02T20:10:03Z,630244E4AC8EBCDB,18.4,queries/tpch/Functions/09-22_window/last_value_part_1500k.sql,2,1,5,22.602875,112.833437,22.557640,0.045235,274.126770,1363.226654,272.274971,1.851799,253.405640,1260.412231,251.751648,1.653992,0
2026-08-02T20:13:09Z,630244E4AC8EBCDB,18.4,queries/tpch/Functions/09-22_window/lead.sql,2,1,5,15.682911,77.422783,15.434968,0.247943,283.487610,1406.911835,280.856056,2.631554,267.128906,1326.300995,264.793022,2.335884,0
2026-08-02T20:43:58Z,630244E4AC8EBCDB,18.4,queries/tpch/Functions/09-22_window/nth_value.sql,2,1,5,157.498026,769.194700,152.924169,4.573857,1728.802734,8439.758057,1677.738831,51.063904,1589.341858,7759.178528,1542.459167,46.882690,0
2026-08-02T20:46:57Z,630244E4AC8EBCDB,18.4,queries/tpch/Functions/09-22_window/ntile.sql,2,1,5,15.074810,74.609268,14.883614,0.191196,190.982056,954.387451,190.851349,0.130707,176.885254,884.529236,176.910995,-0.025742,0
2026-08-02T20:52:42Z,630244E4AC8EBCDB,18.4,queries/tpch/Functions/09-22_window/partition_by.sql,2,1,5,28.695204,143.368636,28.668358,0.026846,353.688599,1776.355499,355.666725,-1.978127,327.387512,1644.033691,329.161545,-1.774033,0
2026-08-02T20:57:24Z,630244E4AC8EBCDB,18.4,queries/tpch/Functions/09-22_window/percent_rank.sql,2,1,5,23.738119,117.650825,23.478177,0.259942,304.697327,1499.253418,298.639023,6.058304,281.719482,1390.930206,277.302681,4.416801,0
2026-08-02T21:00:59Z,630244E4AC8EBCDB,18.4,queries/tpch/Functions/09-22_window/rank.sql,2,1,5,17.958124,89.233813,17.818922,0.139202,225.178162,1118.301514,223.280838,1.897324,208.553406,1036.448578,206.973793,1.579613,0
2026-08-02T21:03:54Z,630244E4AC8EBCDB,18.4,queries/tpch/Functions/09-22_window/row_number.sql,2,1,5,14.556926,72.997945,14.610255,-0.053329,183.241882,910.185699,181.735954,1.505928,169.725281,842.726746,168.250366,1.474915,0
2026-08-02T21:07:14Z,630244E4AC8EBCDB,18.4,queries/tpch/Functions/09-22_window/row_number_part_1500k.sql,2,1,5,16.855293,83.444841,16.647387,0.207906,204.723938,1012.348083,201.906036,2.817902,189.030029,934.971802,186.485443,2.544586,0
2026-08-02T21:10:35Z,630244E4AC8EBCDB,18.4,queries/tpch/Functions/09-22_window/sum_over.sql,2,1,5,16.725289,83.606824,16.720384,0.004905,317.385925,1574.385284,314.249840,3.136086,299.908997,1487.811340,296.975586,2.933411,0
2026-08-02T21:11:01Z,630244E4AC8EBCDB,18.4,queries/tpch/Functions/09-24_subquery/any_subquery.sql,2,1,5,2.333858,11.016233,2.170594,0.163264,55.257812,262.273132,51.753830,3.503983,51.970886,246.425049,48.613541,3.357346,0
2026-08-02T21:12:55Z,630244E4AC8EBCDB,18.4,queries/tpch/Functions/09-24_subquery/exists.sql,2,1,5,9.451555,47.504935,9.513345,-0.061790,120.329346,591.515564,117.796555,2.532791,111.433228,547.428223,108.998749,2.434479,0
2026-08-02T21:13:22Z,630244E4AC8EBCDB,18.4,queries/tpch/Functions/09-24_subquery/in_subquery.sql,2,1,5,2.350689,11.168762,2.204518,0.146171,53.377075,265.615662,53.059647,0.317429,50.024231,249.538147,49.878479,0.145752,0
2026-08-02T21:14:06Z,630244E4AC8EBCDB,18.4,queries/tpch/Functions/09-24_subquery/not_exists.sql,2,1,5,3.765105,18.349698,3.646148,0.118957,84.333313,411.444519,81.777802,2.555511,79.875671,389.681488,77.451454,2.424217,0
2026-08-02T21:15:04Z,630244E4AC8EBCDB,18.4,queries/tpch/Functions/09-24_subquery/not_in_subquery.sql,2,1,5,4.768599,23.767691,4.749773,0.018826,73.015564,353.887482,70.217979,2.797585,68.486206,331.371857,65.721413,2.764793,0
2026-08-02T21:15:33Z,630244E4AC8EBCDB,18.4,queries/tpch/Functions/09-24_subquery/scalar_subquery.sql,2,1,5,2.531721,12.280323,2.437151,0.094570,33.889648,165.779327,32.972420,0.917229,31.529419,154.302399,30.693245,0.836174,0
2026-08-02T21:16:09Z,630244E4AC8EBCDB,18.4,queries/tpch/Functions/09-25_row_comparison/all_array.sql,2,1,5,3.016219,14.988617,2.993099,0.023120,47.990967,238.162537,47.542892,0.448074,44.938110,223.800720,44.715652,0.222458,0
2026-08-02T21:16:48Z,630244E4AC8EBCDB,18.4,queries/tpch/Functions/09-25_row_comparison/any_array.sql,2,1,5,2.954250,16.164191,3.302485,-0.348235,47.965210,245.530426,49.391304,-1.426094,45.055542,230.116516,46.265244,-1.209702,0
2026-08-02T21:17:22Z,630244E4AC8EBCDB,18.4,queries/tpch/Functions/09-25_row_comparison/in_list.sql,2,1,5,2.965185,14.106014,2.785207,0.179977,47.371155,234.461731,46.772644,0.598511,44.463623,220.805206,44.085396,0.378227,0
2026-08-02T21:17:56Z,630244E4AC8EBCDB,18.4,queries/tpch/Functions/09-25_row_comparison/not_in_list.sql,2,1,5,3.006036,14.324451,2.829604,0.176432,48.521790,233.210388,46.172150,2.349640,45.564941,219.447571,43.470657,2.094284,0
2026-08-02T21:18:35Z,630244E4AC8EBCDB,18.4,queries/tpch/Functions/09-25_row_comparison/row_eq.sql,2,1,5,3.256006,16.253863,3.249464,0.006542,50.348267,249.564331,49.804016,0.544250,47.111511,234.042694,46.732796,0.378716,0
2026-08-02T21:19:18Z,630244E4AC8EBCDB,18.4,queries/tpch/Functions/09-25_row_comparison/row_in.sql,2,1,5,3.699433,17.729546,3.507528,0.191905,56.796936,278.873016,55.519020,1.277916,53.217957,262.034912,52.204239,1.013718,0
2026-08-02T21:19:57Z,630244E4AC8EBCDB,18.4,queries/tpch/Functions/09-25_row_comparison/row_is_distinct.sql,2,1,5,4.479324,15.666803,2.796870,1.682455,57.442017,247.554474,47.528114,9.913902,53.131165,232.540802,44.852409,8.278755,0
2026-08-02T21:20:22Z,630244E4AC8EBCDB,18.4,queries/tpch/Functions/09-25_row_comparison/row_lt.sql,2,1,5,2.200153,10.382457,2.045576,0.154577,37.023315,183.882812,36.714874,0.308441,34.846558,173.594757,34.687050,0.159508,0
2026-08-02T21:21:00Z,630244E4AC8EBCDB,18.4,queries/tpch/Functions/09-25_row_comparison/row_ne.sql,2,1,5,3.274174,15.596631,3.080614,0.193560,51.343811,247.889740,49.136482,2.207329,48.131042,232.920807,46.197441,1.933601,0
2026-08-02T21:22:36Z,630244E4AC8EBCDB,18.4,queries/tpch/Functions/09-26_set_returning/generate_series_int.sql,2,1,5,7.923268,40.259000,8.083933,-0.160665,194.791443,899.470459,176.169754,18.621689,187.291016,861.255066,168.491013,18.800003,0
2026-08-02T21:24:00Z,630244E4AC8EBCDB,18.4,queries/tpch/Functions/09-26_set_returning/generate_subscripts.sql,2,1,5,7.076003,34.869268,6.948316,0.127686,155.210938,763.235168,152.006058,3.204880,148.399841,729.979828,145.394997,3.004845,0
2026-08-02T21:28:00Z,630244E4AC8EBCDB,18.4,queries/tpch/Functions/09-26_set_returning/jsonb_array_elements.sql,2,1,5,20.089765,100.107354,20.004397,0.085367,434.539856,2165.876678,432.834206,1.705650,415.804260,2071.293945,413.872421,1.931839,0
2026-08-02T21:31:57Z,630244E4AC8EBCDB,18.4,queries/tpch/Functions/09-26_set_returning/jsonb_object_keys.sql,2,1,5,19.599693,98.884888,19.821299,-0.221606,437.757874,2131.161621,423.350937,14.406937,417.759277,2031.835114,403.518959,14.240318,0
2026-08-02T21:39:12Z,630244E4AC8EBCDB,18.4,queries/tpch/Functions/09-26_set_returning/regexp_split_to_table.sql,2,1,5,35.832046,181.270092,36.359511,-0.527465,787.313538,3814.276062,756.740631,30.572906,749.344604,3647.733368,724.597191,24.747414,0
2026-08-02T21:42:55Z,630244E4AC8EBCDB,18.4,queries/tpch/Functions/09-26_set_returning/string_to_table.sql,2,1,5,18.872448,93.115463,18.560754,0.311695,396.105042,2002.933868,401.707207,-5.602165,378.543213,1906.954834,382.102905,-3.559692,0
2026-08-02T21:48:12Z,630244E4AC8EBCDB,18.4,queries/tpch/Functions/09-26_set_returning/unnest.sql,2,1,5,26.321697,131.529951,26.302064,0.019633,353.587158,1709.496704,338.977386,14.609772,329.914062,1592.532959,315.654724,14.259338,0
2026-08-02T21:48:58Z,630244E4AC8EBCDB,18.4,queries/tpch/Functions/09-27_system_info/current_database.sql,2,1,5,3.969624,19.079270,3.777411,0.192213,49.063232,237.817963,47.188683,1.874550,45.384277,220.379852,43.748894,1.635384,0
2026-08-02T21:50:00Z,630244E4AC8EBCDB,18.4,queries/tpch/Functions/09-27_system_info/current_setting.sql,2,1,5,5.266968,25.712719,5.111438,0.155530,63.260620,313.605316,62.586174,0.674446,58.507507,290.399902,57.973099,0.534409,0
2026-08-02T21:50:49Z,630244E4AC8EBCDB,18.4,queries/tpch/Functions/09-27_system_info/current_user.sql,2,1,5,4.255327,20.519264,4.065984,0.189343,52.129333,256.321625,51.048073,1.081261,48.213928,237.573303,47.339844,0.874084,0
2026-08-02T21:51:16Z,630244E4AC8EBCDB,18.4,queries/tpch/Functions/09-27_system_info/pg_backend_pid.sql,2,1,5,2.339802,10.893984,2.138546,0.201257,28.321045,134.909943,26.647224,1.673820,26.147827,124.739990,24.648041,1.499786,0
2026-08-02T21:51:56Z,630244E4AC8EBCDB,18.4,queries/tpch/Functions/09-27_system_info/pg_column_size.sql,2,1,5,3.415064,16.505032,3.272492,0.142572,49.372070,245.983032,49.152740,0.219330,46.071716,230.274292,46.050644,0.021072,0
2026-08-02T21:52:24Z,630244E4AC8EBCDB,18.4,queries/tpch/Functions/09-27_system_info/pg_column_size_int.sql,2,1,5,2.407007,11.674707,2.316925,0.090082,30.304993,146.285675,28.995171,1.309822,28.110352,135.380188,26.817459,1.292892,0
2026-08-02T21:52:53Z,630244E4AC8EBCDB,18.4,queries/tpch/Functions/09-27_system_info/pg_typeof.sql,2,1,5,2.430627,11.951194,2.380142,0.050486,39.199951,199.472900,40.068237,-0.868286,36.828064,187.727783,37.724930,-0.896866,0
2026-08-02T21:53:26Z,630244E4AC8EBCDB,18.4,queries/tpch/Functions/09-27_system_info/version.sql,2,1,5,2.947128,14.037734,2.772651,0.174477,36.734375,177.369019,35.158661,1.575714,33.945801,164.460083,32.628571,1.317230,0
