timestamp_utc,run_id,pg_version,query,runs,n_small,n_large,wall_small_sec,wall_large_sec,slope_wall_sec,intercept_wall_sec,pkg_small_j,pkg_large_j,slope_pkg_j,intercept_pkg_j,core_small_j,core_large_j,slope_core_j,intercept_core_j,failed
2026-07-27T09:51:41Z,118BED91EDA9DB4D,14.23,queries/tpch/Core/04_join_scale/join_10kx25.sql,3,1,10,0.044834,0.082421,0.004176,0.040657,0.524780,0.973958,0.049909,0.474872,0.466370,0.871745,0.045042,0.421328,0
2026-07-27T09:52:16Z,118BED91EDA9DB4D,14.23,queries/tpch/Core/04_join_scale/join_1500kx150k.sql,3,1,10,1.159200,10.845732,1.076281,0.082918,12.197754,117.979207,11.753495,0.444259,11.140747,108.334920,10.799353,0.341394,0
2026-07-27T09:52:18Z,118BED91EDA9DB4D,14.23,queries/tpch/Core/04_join_scale/join_150kx25.sql,3,1,10,0.104190,0.709735,0.067283,0.036908,1.214294,7.858785,0.738277,0.476018,1.106934,7.170003,0.673674,0.433259,0
2026-07-27T09:52:19Z,118BED91EDA9DB4D,14.23,queries/tpch/Core/04_join_scale/join_25x5.sql,3,1,10,0.043263,0.042997,-0.000030,0.043292,0.531006,0.504069,-0.002993,0.533999,0.457397,0.446920,-0.001164,0.458562,0
2026-07-27T09:53:35Z,118BED91EDA9DB4D,14.23,queries/tpch/Core/04_join_scale/join_6mx10k.sql,3,1,10,2.436431,23.557477,2.346783,0.089648,27.891968,273.719320,27.314150,0.577818,25.664429,252.222778,25.173150,0.491279,0
2026-07-27T09:55:49Z,118BED91EDA9DB4D,14.23,queries/tpch/Core/04_join_scale/join_6mx1500k.sql,3,1,10,4.223126,41.722254,4.166570,0.056556,50.509827,491.249125,48.971033,1.538793,46.423950,453.152527,45.192064,1.231886,0
2026-07-27T09:57:51Z,118BED91EDA9DB4D,14.23,queries/tpch/Core/04_join_scale/join_6mx200k.sql,3,1,10,3.902678,38.160977,3.806478,0.096201,45.424683,438.036499,43.623535,1.801147,41.843811,403.381734,40.170880,1.672931,0
2026-07-27T09:58:10Z,118BED91EDA9DB4D,14.23,queries/tpch/Core/04_join_scale/join_800kx200k.sql,3,1,10,0.698643,5.948238,0.583288,0.115355,7.930298,70.203959,6.919296,1.011002,7.219910,64.682780,6.384763,0.835146,0
2026-07-27T09:58:11Z,CE604B80F1DA2F88,16.14,queries/tpch/Core/04_join_scale/join_10kx25.sql,3,1,10,0.044487,0.081687,0.004133,0.040354,0.554260,1.030945,0.052965,0.501295,0.491150,0.933838,0.049188,0.441962,0
2026-07-27T09:58:53Z,CE604B80F1DA2F88,16.14,queries/tpch/Core/04_join_scale/join_1500kx150k.sql,3,1,10,1.433787,13.114188,1.297822,0.135965,12.210327,116.528625,11.590922,0.619405,10.852051,-87276.771952,-9698.624889,9709.476940,0
2026-07-27T09:58:56Z,CE604B80F1DA2F88,16.14,queries/tpch/Core/04_join_scale/join_150kx25.sql,3,1,10,0.103785,0.697123,0.065926,0.037858,1.246460,7.941752,0.743921,0.502539,1.137085,7.261068,0.680443,0.456642,0
2026-07-27T09:58:56Z,CE604B80F1DA2F88,16.14,queries/tpch/Core/04_join_scale/join_25x5.sql,3,1,10,0.042130,0.042790,0.000073,0.042056,0.533997,0.525655,-0.000927,0.534923,0.451477,0.462016,0.001171,0.450306,0
2026-07-27T10:00:11Z,CE604B80F1DA2F88,16.14,queries/tpch/Core/04_join_scale/join_6mx10k.sql,3,1,10,2.415170,23.250779,2.315068,0.100102,28.175720,271.441101,27.029487,1.146233,26.011841,250.407959,24.932902,1.078939,0
2026-07-27T10:02:28Z,CE604B80F1DA2F88,16.14,queries/tpch/Core/04_join_scale/join_6mx1500k.sql,3,1,10,4.341295,42.837626,4.277370,0.063925,51.434692,501.050191,49.957278,1.477415,47.430115,461.946838,46.057414,1.372701,0
2026-07-27T10:04:47Z,CE604B80F1DA2F88,16.14,queries/tpch/Core/04_join_scale/join_6mx200k.sql,3,1,10,4.532832,43.114866,4.286893,0.245939,47.851318,466.803792,46.550275,1.301043,43.716736,427.681193,42.662717,1.054018,0
2026-07-27T10:05:07Z,CE604B80F1DA2F88,16.14,queries/tpch/Core/04_join_scale/join_800kx200k.sql,3,1,10,0.692268,6.121910,0.603294,0.088974,7.735352,69.872233,6.904098,0.831254,7.025818,64.165202,6.348820,0.676997,0
2026-07-27T10:05:07Z,4F33D5519540FCEC,18.4,queries/tpch/Core/04_join_scale/join_10kx25.sql,3,1,10,0.047284,0.077557,0.003364,0.043921,0.526306,0.960164,0.048206,0.478100,0.456604,0.865540,0.045437,0.411167,0
2026-07-27T10:05:46Z,4F33D5519540FCEC,18.4,queries/tpch/Core/04_join_scale/join_1500kx150k.sql,3,1,10,1.485829,11.943970,1.162016,0.323814,14.409790,113.976888,11.063011,3.346779,12.957458,102.979289,10.002426,2.955033,0
2026-07-27T10:05:48Z,4F33D5519540FCEC,18.4,queries/tpch/Core/04_join_scale/join_150kx25.sql,3,1,10,0.092788,0.590429,0.055293,0.037494,1.222900,7.225769,0.666985,0.555915,1.106934,6.629476,0.613616,0.493318,0
2026-07-27T10:05:48Z,4F33D5519540FCEC,18.4,queries/tpch/Core/04_join_scale/join_25x5.sql,3,1,10,0.039969,0.042287,0.000258,0.039712,0.487549,0.518616,0.003452,0.484097,0.436890,0.452718,0.001759,0.435131,0
2026-07-27T10:06:50Z,4F33D5519540FCEC,18.4,queries/tpch/Core/04_join_scale/join_6mx10k.sql,3,1,10,2.025646,18.995539,1.885544,0.140103,29.507568,281.516378,28.000979,1.506590,27.540039,264.117310,26.286363,1.253676,0
2026-07-27T10:08:51Z,4F33D5519540FCEC,18.4,queries/tpch/Core/04_join_scale/join_6mx1500k.sql,3,1,10,3.869012,37.983125,3.790457,0.078555,52.533325,511.571635,51.004257,1.529069,48.907410,476.697713,47.532256,1.375154,0
2026-07-27T10:11:06Z,4F33D5519540FCEC,18.4,queries/tpch/Core/04_join_scale/join_6mx200k.sql,3,1,10,4.037314,42.164812,4.236389,-0.199075,49.204285,494.342448,49.459796,-0.255511,45.468689,456.057821,45.621015,-0.152326,0
2026-07-27T10:11:24Z,4F33D5519540FCEC,18.4,queries/tpch/Core/04_join_scale/join_800kx200k.sql,3,1,10,0.635125,5.504601,0.541053,0.094072,7.926697,71.254293,7.036400,0.890297,7.283386,66.072184,6.532089,0.751298,0
2026-07-27T11:33:24Z,F346E7F692C196A7,14.23,queries/tpch/Core/00_baseline/no_table.sql,2,1,5,0.040161,0.040684,0.000131,0.040031,0.454407,0.471619,0.004303,0.450104,0.403320,0.412933,0.002403,0.400917,0
2026-07-27T11:33:25Z,F346E7F692C196A7,14.23,queries/tpch/Core/00_baseline/scan_customer.sql,2,1,5,0.132224,0.227643,0.023855,0.108369,0.941711,2.491058,0.387337,0.554375,0.720520,2.191833,0.367828,0.352692,0
2026-07-27T11:33:42Z,F346E7F692C196A7,14.23,queries/tpch/Core/00_baseline/scan_lineitem.sql,2,1,5,1.236723,6.270372,1.258412,-0.021689,13.866455,67.165680,13.324806,0.541649,12.673706,61.122650,12.112236,0.561470,0
2026-07-27T11:33:42Z,F346E7F692C196A7,14.23,queries/tpch/Core/00_baseline/scan_nation.sql,2,1,5,0.039837,0.040549,0.000178,0.039659,0.469971,0.485413,0.003860,0.466110,0.412231,0.422699,0.002617,0.409615,0
2026-07-27T11:33:47Z,F346E7F692C196A7,14.23,queries/tpch/Core/00_baseline/scan_orders.sql,2,1,5,0.414172,1.831579,0.354352,0.059821,4.009583,17.536957,3.381844,0.627739,3.561218,15.590912,3.007423,0.553795,0
2026-07-27T11:33:48Z,F346E7F692C196A7,14.23,queries/tpch/Core/00_baseline/scan_part.sql,2,1,5,0.090882,0.270410,0.044882,0.046000,0.928955,3.072021,0.535767,0.393188,0.805481,2.746552,0.485268,0.320213,0
2026-07-27T11:33:51Z,F346E7F692C196A7,14.23,queries/tpch/Core/00_baseline/scan_partsupp.sql,2,1,5,0.220102,1.237267,0.254291,-0.034189,2.601807,10.428802,1.956749,0.645058,2.354675,9.026978,1.668076,0.686600,0
2026-07-27T11:33:51Z,F346E7F692C196A7,14.23,queries/tpch/Core/00_baseline/scan_region.sql,2,1,5,0.039912,0.040571,0.000165,0.039747,0.475464,0.482391,0.001732,0.473732,0.421204,0.421448,0.000061,0.421143,0
2026-07-27T11:33:51Z,F346E7F692C196A7,14.23,queries/tpch/Core/00_baseline/scan_supplier.sql,2,1,5,0.059279,0.049835,-0.002361,0.061640,0.381042,0.570679,0.047409,0.333633,0.306274,0.512848,0.051643,0.254631,0
2026-07-27T11:33:53Z,F346E7F692C196A7,14.23,queries/tpch/Core/01_scan_access/bitmap_scan.sql,2,1,5,0.179166,0.589295,0.102532,0.076634,3.053040,12.357452,2.326103,0.726936,2.835510,11.712738,2.219307,0.616203,0
2026-07-27T11:33:54Z,F346E7F692C196A7,14.23,queries/tpch/Core/01_scan_access/index_only_scan.sql,2,1,5,0.080679,0.254026,0.043337,0.037342,0.965149,2.862488,0.474335,0.490814,0.865295,2.590546,0.431313,0.433983,0
2026-07-27T11:33:54Z,F346E7F692C196A7,14.23,queries/tpch/Core/01_scan_access/index_point_lookup.sql,2,1,5,0.040469,0.041737,0.000317,0.040152,0.504517,0.496307,-0.002052,0.506569,0.435913,0.436737,0.000206,0.435707,0
2026-07-27T11:33:56Z,F346E7F692C196A7,14.23,queries/tpch/Core/01_scan_access/index_scan.sql,2,1,5,0.207582,0.537876,0.082573,0.125009,1.606323,5.720551,1.028557,0.577766,1.346497,5.171478,0.956245,0.390251,0
2026-07-27T11:34:01Z,F346E7F692C196A7,14.23,queries/tpch/Core/01_scan_access/seq_scan.sql,2,1,5,0.605374,2.243057,0.409421,0.195953,10.817505,55.365692,11.137047,-0.319542,9.879089,52.110229,10.557785,-0.678696,0
2026-07-27T11:34:08Z,F346E7F692C196A7,14.23,queries/tpch/Core/01_scan_access/tablesample_bernoulli.sql,2,1,5,0.601706,2.570329,0.492156,0.109550,6.339905,27.895142,5.388809,0.951096,5.491638,24.391998,4.725090,0.766548,0
2026-07-27T11:34:08Z,F346E7F692C196A7,14.23,queries/tpch/Core/01_scan_access/tablesample_system.sql,2,1,5,0.057911,0.126630,0.017180,0.040731,0.737854,1.508118,0.192566,0.545288,0.640442,1.336121,0.173920,0.466522,0
2026-07-27T11:34:16Z,F346E7F692C196A7,14.23,queries/tpch/Core/02_filter_projection/filter_2pct.sql,2,1,5,0.646812,2.987027,0.585054,0.061758,16.280151,80.154541,15.968597,0.311554,15.613159,77.004150,15.347748,0.265411,0
2026-07-27T11:34:38Z,F346E7F692C196A7,14.23,queries/tpch/Core/02_filter_projection/filter_all.sql,2,1,5,1.969634,9.392090,1.855614,0.114020,22.955078,110.734558,21.944870,1.010208,20.871887,101.953064,20.270294,0.601593,0
2026-07-27T11:35:00Z,F346E7F692C196A7,14.23,queries/tpch/Core/02_filter_projection/filter_half.sql,2,1,5,1.890193,8.938364,1.762043,0.128150,21.416565,104.148315,20.682938,0.733627,19.639282,95.861420,19.055534,0.583748,0
2026-07-27T11:35:07Z,F346E7F692C196A7,14.23,queries/tpch/Core/02_filter_projection/filter_none.sql,2,1,5,0.662227,2.824305,0.540519,0.121707,15.518738,75.810791,15.073013,0.445724,14.787781,72.796021,14.502060,0.285721,0
2026-07-27T11:35:07Z,F346E7F692C196A7,14.23,queries/tpch/Core/02_filter_projection/limit_100.sql,2,1,5,0.047843,0.041364,-0.001620,0.049463,0.423035,0.513824,0.022697,0.400337,0.355530,0.452423,0.024223,0.331306,0
2026-07-27T11:35:11Z,F346E7F692C196A7,14.23,queries/tpch/Core/02_filter_projection/limit_offset_3m.sql,2,1,5,0.334166,1.577301,0.310784,0.023383,3.961121,17.804657,3.460884,0.500237,3.655579,16.249878,3.148575,0.507004,0
2026-07-27T11:35:23Z,F346E7F692C196A7,14.23,queries/tpch/Core/02_filter_projection/project_all_cols.sql,2,1,5,0.996233,4.870521,0.968572,0.027661,11.952820,56.233917,11.070274,0.882545,10.877563,51.409546,10.132996,0.744568,0
2026-07-27T11:35:35Z,F346E7F692C196A7,14.23,queries/tpch/Core/02_filter_projection/project_zero_cols.sql,2,1,5,1.148119,5.254969,1.026713,0.121406,13.269043,61.545258,12.069054,1.199989,11.954468,56.565186,11.152679,0.801788,0
2026-07-27T11:35:49Z,F346E7F692C196A7,14.23,queries/tpch/Core/03_join_method/large_hash.sql,2,1,5,1.139039,5.554544,1.103876,0.035163,13.152283,63.340210,12.546982,0.605301,12.078369,58.094971,11.504150,0.574219,0
2026-07-27T11:36:03Z,F346E7F692C196A7,14.23,queries/tpch/Core/03_join_method/large_merge.sql,2,1,5,1.271272,5.741319,1.117512,0.153760,27.409119,136.245697,27.209145,0.199974,25.872437,129.151642,25.819801,0.052635,0
2026-07-27T11:37:29Z,F346E7F692C196A7,14.23,queries/tpch/Core/03_join_method/large_nestloop_index.sql,2,1,5,7.244882,35.840008,7.148782,0.096100,63.173950,308.525269,61.337830,1.836121,52.414551,254.789764,50.593803,1.820747,0
2026-07-27T11:37:29Z,F346E7F692C196A7,14.23,queries/tpch/Core/03_join_method/small_hash.sql,2,1,5,0.043605,0.060058,0.004113,0.039492,0.546631,0.743958,0.049332,0.497299,0.462708,0.656738,0.048508,0.414200,0
2026-07-27T11:37:30Z,F346E7F692C196A7,14.23,queries/tpch/Core/03_join_method/small_merge.sql,2,1,5,0.046830,0.075954,0.007281,0.039550,0.584045,0.945801,0.090439,0.493607,0.507080,0.826599,0.079880,0.427200,0
2026-07-27T11:37:30Z,F346E7F692C196A7,14.23,queries/tpch/Core/03_join_method/small_nestloop.sql,2,1,5,0.070907,0.227450,0.039136,0.031772,0.867493,2.492920,0.406357,0.461136,0.784973,2.185272,0.350075,0.434898,0
2026-07-27T11:37:31Z,F346E7F692C196A7,14.23,queries/tpch/Core/04_join_scale/join_10kx25.sql,2,1,5,0.044379,0.060522,0.004036,0.040343,0.567932,0.753998,0.046516,0.521416,0.484375,0.662720,0.044586,0.439789,0
2026-07-27T11:37:44Z,F346E7F692C196A7,14.23,queries/tpch/Core/04_join_scale/join_1500kx150k.sql,2,1,5,1.198640,5.518366,1.079931,0.118708,13.122009,62.166748,12.261185,0.860825,11.981812,57.086487,11.276169,0.705643,0
2026-07-27T11:37:45Z,F346E7F692C196A7,14.23,queries/tpch/Core/04_join_scale/join_150kx25.sql,2,1,5,0.105598,0.378317,0.068180,0.037418,1.279602,4.366516,0.771729,0.507874,1.161438,3.989838,0.707100,0.454338,0
2026-07-27T11:37:45Z,F346E7F692C196A7,14.23,queries/tpch/Core/04_join_scale/join_25x5.sql,2,1,5,0.041457,0.041614,0.000039,0.041418,0.501892,0.514130,0.003059,0.498833,0.452393,0.449463,-0.000732,0.453125,0
2026-07-27T11:38:14Z,F346E7F692C196A7,14.23,queries/tpch/Core/04_join_scale/join_6mx10k.sql,2,1,5,2.488410,11.895307,2.351724,0.136686,29.030212,140.425385,27.848793,1.181419,26.631592,129.652588,25.755249,0.876343,0
2026-07-27T11:39:05Z,F346E7F692C196A7,14.23,queries/tpch/Core/04_join_scale/join_6mx1500k.sql,2,1,5,4.376227,21.143206,4.191745,0.184483,51.461121,252.244537,50.195854,1.265266,47.258789,232.739441,46.370163,0.888626,0
2026-07-27T11:39:53Z,F346E7F692C196A7,14.23,queries/tpch/Core/04_join_scale/join_6mx200k.sql,2,1,5,3.981209,19.878007,3.974200,0.007010,46.922607,241.518341,48.648933,-1.726326,43.220337,222.290070,44.767433,-1.547096,0
2026-07-27T11:40:00Z,F346E7F692C196A7,14.23,queries/tpch/Core/04_join_scale/join_800kx200k.sql,2,1,5,0.743809,3.114062,0.592563,0.151246,9.018188,36.823914,6.951431,2.066757,8.242981,33.873749,6.407692,1.835289,0
2026-07-27T11:40:06Z,F346E7F692C196A7,14.23,queries/tpch/Core/05_join_type/anti_not_exists.sql,2,1,5,0.605186,2.374809,0.442406,0.162781,10.034058,45.665009,8.907738,1.126320,9.328918,43.020599,8.422920,0.905998,0
2026-07-27T11:40:22Z,F346E7F692C196A7,14.23,queries/tpch/Core/05_join_type/cross_join.sql,2,1,5,1.347019,6.501370,1.288588,0.058431,16.153137,102.636139,21.620750,-5.467613,14.916931,95.897522,20.245148,-5.328217,0
2026-07-27T11:40:38Z,F346E7F692C196A7,14.23,queries/tpch/Core/05_join_type/full_outer.sql,2,1,5,1.442943,6.714350,1.317852,0.125091,15.453796,75.366272,14.978119,0.475677,14.001770,68.727753,13.681496,0.320274,0
2026-07-27T11:40:52Z,F346E7F692C196A7,14.23,queries/tpch/Core/05_join_type/inner.sql,2,1,5,1.203931,5.537194,1.083316,0.120616,13.764160,63.839752,12.518898,1.245262,12.561096,58.606873,11.511444,1.049652,0
2026-07-27T11:41:03Z,F346E7F692C196A7,14.23,queries/tpch/Core/05_join_type/join_on_text_cast.sql,2,1,5,1.045930,4.740884,0.923739,0.122191,24.584839,120.165955,23.895279,0.689560,23.522339,115.282806,22.940117,0.582222,0
2026-07-27T11:41:17Z,F346E7F692C196A7,14.23,queries/tpch/Core/05_join_type/left_outer.sql,2,1,5,1.262119,5.586326,1.081052,0.181067,14.171570,65.995392,12.955956,1.215614,12.866577,60.479492,11.903229,0.963348,0
2026-07-27T11:41:31Z,F346E7F692C196A7,14.23,queries/tpch/Core/05_join_type/right_outer.sql,2,1,5,1.220696,5.679540,1.114711,0.105985,14.053833,65.652649,12.899704,1.154129,12.851501,60.271118,11.854904,0.996597,0
2026-07-27T11:41:51Z,F346E7F692C196A7,14.23,queries/tpch/Core/05_join_type/self_join.sql,2,1,5,1.786032,8.458686,1.668164,0.117868,21.421936,101.574768,20.038208,1.383728,19.750122,93.761993,18.502968,1.247154,0
2026-07-27T11:42:04Z,F346E7F692C196A7,14.23,queries/tpch/Core/05_join_type/semi_exists.sql,2,1,5,1.159088,5.319816,1.040182,0.118906,13.149048,61.081055,11.983002,1.166046,12.046509,56.120453,11.018486,1.028023,0
2026-07-27T11:42:52Z,F346E7F692C196A7,14.23,queries/tpch/Core/06_join_chain/chain_1_hash.sql,2,1,5,4.145784,19.613040,3.866814,0.278970,50.046387,237.026947,46.745140,3.301247,45.792175,218.954254,43.290520,2.501656,0
2026-07-27T11:43:24Z,F346E7F692C196A7,14.23,queries/tpch/Core/06_join_chain/chain_1_merge.sql,2,1,5,2.817094,13.310723,2.623407,0.193686,34.443726,163.946136,32.375603,2.068123,31.763611,151.773376,30.002441,1.761169,0
2026-07-27T11:43:55Z,F346E7F692C196A7,14.23,queries/tpch/Core/06_join_chain/chain_1_nestloop.sql,2,1,5,2.658935,12.911534,2.563150,0.095785,72.025635,340.105957,67.020081,5.005554,69.474976,327.600250,64.531319,4.943657,0
2026-07-27T11:44:53Z,F346E7F692C196A7,14.23,queries/tpch/Core/06_join_chain/chain_2_hash.sql,2,1,5,4.941897,23.901054,4.739789,0.202108,62.521545,293.386963,57.716354,4.805191,57.707458,270.912476,53.301254,4.406204,0
2026-07-27T11:46:56Z,F346E7F692C196A7,14.23,queries/tpch/Core/06_join_chain/chain_2_merge.sql,2,1,5,10.293955,51.082348,10.197098,0.096856,100.855774,492.012543,97.789192,3.066582,87.255554,423.640442,84.096222,3.159332,0
2026-07-27T11:48:41Z,F346E7F692C196A7,14.23,queries/tpch/Core/06_join_chain/chain_2_nestloop.sql,2,1,5,8.663161,44.016106,8.838236,-0.175075,163.927490,793.454559,157.381767,6.545723,148.034302,713.171753,141.284363,6.749939,0
2026-07-27T11:49:39Z,F346E7F692C196A7,14.23,queries/tpch/Core/06_join_chain/chain_3_hash.sql,2,1,5,4.972955,24.021902,4.762237,0.210718,62.037476,296.431305,58.598457,3.439018,57.220154,273.940521,54.180092,3.040062,0
2026-07-27T11:51:44Z,F346E7F692C196A7,14.23,queries/tpch/Core/06_join_chain/chain_3_merge.sql,2,1,5,10.577245,51.706280,10.282259,0.294986,102.830688,506.048706,100.804504,2.026184,88.636841,437.120697,87.120964,1.515877,0
2026-07-27T11:55:46Z,F346E7F692C196A7,14.23,queries/tpch/Core/06_join_chain/chain_3_nestloop.sql,2,1,5,20.483235,100.854400,20.092791,0.390444,208.388184,1023.182495,203.698578,4.689606,179.267090,880.041046,175.193489,4.073601,0
2026-07-27T11:56:45Z,F346E7F692C196A7,14.23,queries/tpch/Core/06_join_chain/chain_4_hash.sql,2,1,5,4.987978,24.367401,4.844856,0.143122,59.917847,294.593079,58.668808,1.249039,55.338013,272.579620,54.310402,1.027611,0
2026-07-27T11:58:50Z,F346E7F692C196A7,14.23,queries/tpch/Core/06_join_chain/chain_4_merge.sql,2,1,5,10.499144,52.170457,10.417828,0.081316,103.639771,500.612640,99.243217,4.396553,89.687378,431.515503,85.457031,4.230347,0
2026-07-27T12:02:54Z,F346E7F692C196A7,14.23,queries/tpch/Core/06_join_chain/chain_4_nestloop.sql,2,1,5,20.247494,101.267234,20.254935,-0.007442,206.790833,1029.231110,205.610069,1.180763,178.067688,885.403839,176.834038,1.233650,0
2026-07-27T12:03:05Z,F346E7F692C196A7,14.23,queries/tpch/Core/07_grouping_distinct/count_per_group.sql,2,1,5,1.003653,4.583731,0.895019,0.108634,26.530090,131.160400,26.157578,0.372513,25.509705,126.460205,25.237625,0.272079,0
2026-07-27T12:04:05Z,F346E7F692C196A7,14.23,queries/tpch/Core/07_grouping_distinct/cube.sql,2,1,5,5.089759,25.093048,5.000822,0.088937,63.135132,309.113159,61.494507,1.640625,58.346069,286.017273,56.917801,1.428268,0
2026-07-27T12:05:14Z,F346E7F692C196A7,14.23,queries/tpch/Core/07_grouping_distinct/distinct_200k_vals.sql,2,1,5,5.896934,28.731506,5.708643,0.188291,70.017212,340.691101,67.668472,2.348740,64.362488,314.542175,62.544922,1.817566,0
2026-07-27T12:05:44Z,F346E7F692C196A7,14.23,queries/tpch/Core/07_grouping_distinct/distinct_3_vals.sql,2,1,5,2.513899,12.350159,2.459065,0.054834,30.498901,150.666107,30.041801,0.457100,28.183411,139.436462,27.813263,0.370148,0
2026-07-27T12:08:44Z,F346E7F692C196A7,14.23,queries/tpch/Core/07_grouping_distinct/distinct_on.sql,2,1,5,15.172753,74.849766,14.919253,0.253500,179.248230,884.715302,176.366768,2.881462,165.660828,818.138245,163.119354,2.541473,0
2026-07-27T12:09:28Z,F346E7F692C196A7,14.23,queries/tpch/Core/07_grouping_distinct/group_1500k_vals.sql,2,1,5,3.699955,18.191651,3.622924,0.077031,93.348633,422.251221,82.225647,11.122986,89.362671,402.758392,78.348930,11.013741,0
2026-07-27T12:10:00Z,F346E7F692C196A7,14.23,queries/tpch/Core/07_grouping_distinct/group_200k_sortagg.sql,2,1,5,2.726678,13.335028,2.652087,0.074591,62.164001,300.187347,59.505836,2.658165,58.496277,282.495758,55.999870,2.496407,0
2026-07-27T12:10:34Z,F346E7F692C196A7,14.23,queries/tpch/Core/07_grouping_distinct/group_200k_vals.sql,2,1,5,3.113976,14.144753,2.757694,0.356282,67.136475,310.323639,60.796791,6.339684,62.554993,290.206543,56.912888,5.642105,0
2026-07-27T12:10:47Z,F346E7F692C196A7,14.23,queries/tpch/Core/07_grouping_distinct/group_3_vals.sql,2,1,5,1.080628,4.994060,0.978358,0.102270,23.084229,111.026642,21.985603,1.098625,21.976746,105.899658,20.980728,0.996017,0
2026-07-27T12:11:01Z,F346E7F692C196A7,14.23,queries/tpch/Core/07_grouping_distinct/group_7_vals.sql,2,1,5,1.285684,5.997294,1.177903,0.107781,27.399048,132.060303,26.165314,1.233734,26.025330,126.012268,24.996735,1.028595,0
2026-07-27T12:11:46Z,F346E7F692C196A7,14.23,queries/tpch/Core/07_grouping_distinct/grouping_sets.sql,2,1,5,3.856415,18.716409,3.714999,0.141416,49.564758,232.969513,45.851189,3.713570,45.893066,215.705414,42.453087,3.439980,0
2026-07-27T12:12:24Z,F346E7F692C196A7,14.23,queries/tpch/Core/07_grouping_distinct/having.sql,2,1,5,3.264009,15.637181,3.093293,0.170716,71.188538,344.860962,68.418106,2.770432,67.483276,325.416718,64.483360,2.999916,0
2026-07-27T12:13:11Z,F346E7F692C196A7,14.23,queries/tpch/Core/07_grouping_distinct/rollup.sql,2,1,5,3.999460,19.485354,3.871474,0.127987,51.296997,248.082367,49.196342,2.100655,47.466370,230.141296,45.668732,1.797638,0
2026-07-27T12:13:33Z,F346E7F692C196A7,14.23,queries/tpch/Core/08_sorting/limit_with_ties.sql,2,1,5,1.819318,9.137763,1.829611,-0.010293,49.576416,233.734467,46.039513,3.536903,46.953125,220.514404,43.390320,3.562805,0
2026-07-27T12:15:12Z,F346E7F692C196A7,14.23,queries/tpch/Core/08_sorting/sort_2_keys.sql,2,1,5,8.365041,41.233400,8.217090,0.147951,101.055481,494.618561,98.390770,2.664711,93.244568,456.228760,90.746048,2.498520,0
2026-07-27T12:16:21Z,F346E7F692C196A7,14.23,queries/tpch/Core/08_sorting/sort_date.sql,2,1,5,5.852964,28.677813,5.706212,0.146752,68.890869,342.604340,68.428368,0.462502,63.425537,315.830688,63.101288,0.324249,0
2026-07-27T12:17:42Z,F346E7F692C196A7,14.23,queries/tpch/Core/08_sorting/sort_desc.sql,2,1,5,6.820870,33.481439,6.665142,0.155728,79.369568,396.962067,79.398125,-0.028557,72.977539,365.606049,73.157127,-0.179588,0
2026-07-27T12:19:02Z,F346E7F692C196A7,14.23,queries/tpch/Core/08_sorting/sort_int.sql,2,1,5,6.764866,33.167320,6.600614,0.164252,79.244690,385.684418,76.609932,2.634758,72.910339,355.677429,70.691772,2.218567,0
2026-07-27T12:20:00Z,F346E7F692C196A7,14.23,queries/tpch/Core/08_sorting/sort_int_presorted.sql,2,1,5,5.005362,24.476638,4.867819,0.137543,60.632812,296.299988,58.916794,1.716019,56.083069,273.902893,54.454956,1.628113,0
2026-07-27T12:23:26Z,F346E7F692C196A7,14.23,queries/tpch/Core/08_sorting/sort_numeric.sql,2,1,5,17.178025,85.599793,17.105442,0.072583,186.959595,937.107178,187.536896,-0.577301,171.718079,861.593750,172.468918,-0.750839,0
2026-07-27T12:30:58Z,F346E7F692C196A7,14.23,queries/tpch/Core/08_sorting/sort_text.sql,2,1,5,37.539697,188.887722,37.837006,-0.297309,791.181213,3927.923859,784.185661,6.995552,754.766296,3746.041779,747.818871,6.947426,0
2026-07-27T12:32:20Z,F346E7F692C196A7,14.23,queries/tpch/Core/08_sorting/sort_text_collate_c.sql,2,1,5,6.793350,34.670244,6.969224,-0.175874,155.758179,751.728973,148.992699,6.765480,147.054565,708.129669,140.268776,6.785789,0
2026-07-27T12:32:29Z,F346E7F692C196A7,14.23,queries/tpch/Core/08_sorting/sort_topn_100.sql,2,1,5,0.836983,3.684836,0.711963,0.125020,18.112488,85.818054,16.926392,1.186096,17.209473,81.969666,16.190048,1.019424,0
2026-07-27T12:33:02Z,F346E7F692C196A7,14.23,queries/tpch/Core/09_set_operations/except.sql,2,1,5,2.727326,13.450153,2.680707,0.046619,18.369629,87.528839,17.289803,1.079826,15.714478,74.478607,14.691032,1.023445,0
2026-07-27T12:33:34Z,F346E7F692C196A7,14.23,queries/tpch/Core/09_set_operations/except_all.sql,2,1,5,2.777009,13.210328,2.608330,0.168679,17.833496,87.612030,17.444633,0.388863,15.024353,75.186920,15.040642,-0.016289,0
2026-07-27T12:34:06Z,F346E7F692C196A7,14.23,queries/tpch/Core/09_set_operations/intersect.sql,2,1,5,2.710613,13.280124,2.642378,0.068235,18.254822,86.831787,17.144241,1.110580,15.667297,74.363861,14.674141,0.993156,0
2026-07-27T12:34:39Z,F346E7F692C196A7,14.23,queries/tpch/Core/09_set_operations/intersect_all.sql,2,1,5,2.847327,13.619091,2.692941,0.154386,18.824097,91.987427,18.290833,0.533264,16.047485,79.107910,15.765106,0.282379,0
2026-07-27T12:35:19Z,F346E7F692C196A7,14.23,queries/tpch/Core/09_set_operations/union.sql,2,1,5,3.449770,16.653616,3.300962,0.148808,39.923462,193.219574,38.324028,1.599434,36.634766,177.955872,35.330276,1.304489,0
2026-07-27T12:35:28Z,F346E7F692C196A7,14.23,queries/tpch/Core/09_set_operations/union_all.sql,2,1,5,0.814966,3.584999,0.692508,0.122457,9.326111,43.246521,8.480103,0.846008,8.527100,39.852478,7.831345,0.695755,0
2026-07-27T12:35:31Z,F346E7F692C196A7,14.23,queries/tpch/Core/10_subqueries_ctes/cte_inline.sql,2,1,5,0.386247,1.559850,0.293401,0.092847,4.138672,17.977051,3.459595,0.679077,3.708557,16.472107,3.190887,0.517670,0
2026-07-27T12:35:40Z,F346E7F692C196A7,14.23,queries/tpch/Core/10_subqueries_ctes/cte_materialized.sql,2,1,5,0.751796,3.609828,0.714508,0.037288,9.175171,42.704498,8.382332,0.792839,8.484680,39.306549,7.705467,0.779213,0
2026-07-27T12:35:46Z,F346E7F692C196A7,14.23,queries/tpch/Core/10_subqueries_ctes/cte_recursive.sql,2,1,5,0.526514,2.259169,0.433164,0.093350,5.981567,27.464935,5.370842,0.610725,5.464722,25.334564,4.967461,0.497261,0
2026-07-27T12:35:50Z,F346E7F692C196A7,14.23,queries/tpch/Core/10_subqueries_ctes/from_subquery.sql,2,1,5,0.396033,1.549418,0.288346,0.107687,3.988342,18.001709,3.503342,0.485001,3.561462,16.522400,3.240234,0.321228,0
2026-07-27T12:35:58Z,F346E7F692C196A7,14.23,queries/tpch/Core/10_subqueries_ctes/function_scan.sql,2,1,5,0.743325,3.348132,0.651202,0.092123,8.733826,41.110291,8.094116,0.639709,7.996826,38.077301,7.520119,0.476707,0
2026-07-27T12:36:23Z,F346E7F692C196A7,14.23,queries/tpch/Core/10_subqueries_ctes/lateral_limit.sql,2,1,5,2.224012,10.422134,2.049530,0.174481,20.257385,93.728790,18.367851,1.889534,17.174500,79.006012,15.457878,1.716621,0
2026-07-27T12:36:32Z,F346E7F692C196A7,14.23,queries/tpch/Core/10_subqueries_ctes/scalar_correlated.sql,2,1,5,0.770551,3.624225,0.713418,0.057133,8.929626,41.736816,8.201797,0.727829,8.134827,38.453522,7.579674,0.555153,0
2026-07-27T12:36:41Z,F346E7F692C196A7,14.23,queries/tpch/Core/10_subqueries_ctes/scalar_correlated_indexed.sql,2,1,5,0.821746,3.458357,0.659153,0.162594,9.644897,42.547241,8.225586,1.419312,8.858032,39.336060,7.619507,1.238525,0
2026-07-27T12:36:44Z,F346E7F692C196A7,14.23,queries/tpch/Core/10_subqueries_ctes/scalar_uncorrelated.sql,2,1,5,0.374279,1.368521,0.248561,0.125718,3.674683,16.295410,3.155182,0.519501,3.286072,14.946625,2.915138,0.370934,0
2026-07-27T12:36:45Z,F346E7F692C196A7,14.23,queries/tpch/Core/10_subqueries_ctes/values_scan.sql,2,1,5,0.039936,0.040459,0.000131,0.039805,0.500244,0.507111,0.001717,0.498528,0.447083,0.449890,0.000702,0.446381,0
2026-07-27T12:37:49Z,F346E7F692C196A7,14.23,queries/tpch/Core/12_memory_workmem/hashagg_nospill.sql,2,1,5,5.437470,26.981168,5.385924,0.051545,28.315247,135.653931,26.834671,1.480576,23.098816,110.500000,21.850296,1.248520,0
2026-07-27T12:38:21Z,F346E7F692C196A7,14.23,queries/tpch/Core/12_memory_workmem/hashagg_spill.sql,2,1,5,2.660131,13.079599,2.604867,0.055264,68.605225,338.794647,67.547356,1.057869,64.782532,320.051239,63.817177,0.965355,0
2026-07-27T12:38:26Z,F346E7F692C196A7,14.23,queries/tpch/Core/12_memory_workmem/hashjoin_manybatch.sql,2,1,5,0.501097,2.076012,0.393729,0.107368,9.818054,47.242371,9.356079,0.461975,9.247864,45.124268,8.969101,0.278763,0
2026-07-27T12:38:30Z,F346E7F692C196A7,14.23,queries/tpch/Core/12_memory_workmem/hashjoin_onebatch.sql,2,1,5,0.316948,1.498881,0.295483,0.021465,7.461609,34.408539,6.736732,0.724876,7.135864,32.856354,6.430122,0.705742,0
2026-07-27T12:39:38Z,F346E7F692C196A7,14.23,queries/tpch/Core/12_memory_workmem/sort_nospill.sql,2,1,5,5.764010,28.303062,5.634763,0.129247,51.784485,242.245880,47.615349,4.169136,45.895081,214.633759,42.184669,3.710411,0
2026-07-27T12:40:58Z,F346E7F692C196A7,14.23,queries/tpch/Core/12_memory_workmem/sort_spill.sql,2,1,5,6.717504,33.228758,6.627814,0.089690,78.069824,389.647034,77.894302,0.175522,72.042908,359.490723,71.861954,0.180954,0
2026-07-27T12:42:47Z,F346E7F692C196A7,14.23,queries/tpch/Core/12_memory_workmem/window_nospill.sql,2,1,5,9.117682,45.292493,9.043703,0.073979,99.535889,490.837494,97.825401,1.710487,90.716492,446.605591,88.972275,1.744217,0
2026-07-27T12:55:27Z,F346E7F692C196A7,14.23,queries/tpch/Core/12_memory_workmem/window_spill.sql,2,1,5,63.297297,317.017082,63.429946,-0.132649,662.699646,3333.236481,667.634209,-4.934563,606.973450,3051.321991,611.087135,-4.113686,0
2026-07-27T12:57:23Z,F346E7F692C196A7,14.23,queries/tpch/Core/12_memory_workmem/window_tail_spill.sql,2,1,5,9.709679,48.035730,9.581513,0.128166,119.326416,584.859528,116.383278,2.943138,110.145020,540.946777,107.700439,2.444580,0
2026-07-27T12:58:05Z,F346E7F692C196A7,14.23,queries/tpch/Core/13_jit/jit_inline.sql,2,1,5,3.420322,17.716374,3.574013,-0.153691,96.529663,440.051849,85.880547,10.649117,93.103271,423.078583,82.493828,10.609444,0
2026-07-27T12:58:49Z,F346E7F692C196A7,14.23,queries/tpch/Core/13_jit/jit_off.sql,2,1,5,3.757856,18.303717,3.636465,0.121391,82.338562,401.371521,79.758240,2.580322,78.570740,383.842712,76.317993,2.252747,0
2026-07-27T12:59:33Z,F346E7F692C196A7,14.23,queries/tpch/Core/13_jit/jit_on.sql,2,1,5,3.707266,18.228756,3.630373,0.076894,81.436401,400.002960,79.641640,1.794762,77.858765,382.626617,76.191963,1.666801,0
2026-07-27T13:00:15Z,F346E7F692C196A7,14.23,queries/tpch/Core/13_jit/jit_optimize.sql,2,1,5,3.585053,17.446518,3.465366,0.119686,78.765747,382.796143,76.007599,2.758148,75.226013,366.126831,72.725204,2.500809,0
2026-07-27T13:00:57Z,F346E7F692C196A7,14.23,queries/tpch/Core/14_modern_nodes/incremental_sort.sql,2,1,5,3.643817,17.403077,3.439815,0.204002,45.980225,218.844727,43.216125,2.764099,42.259583,201.663879,39.851074,2.408508,0
2026-07-27T13:02:15Z,F346E7F692C196A7,14.23,queries/tpch/Core/14_modern_nodes/incremental_sort_off.sql,2,1,5,6.586285,32.466177,6.469973,0.116312,80.746765,396.195740,78.862244,1.884521,74.344055,364.591064,72.561752,1.782303,0
2026-07-27T13:09:19Z,F346E7F692C196A7,14.23,queries/tpch/Core/14_modern_nodes/memoize.sql,2,1,5,35.075005,176.679840,35.401209,-0.326204,438.528992,2193.786621,438.814407,-0.285416,405.984253,2031.655792,406.417885,-0.433632,0
2026-07-27T13:13:15Z,F346E7F692C196A7,14.23,queries/tpch/Core/14_modern_nodes/memoize_off.sql,2,1,5,19.524482,98.518917,19.748609,-0.224126,246.788269,1252.886963,251.524673,-4.736404,229.715759,1166.442047,234.181572,-4.465813,0
2026-07-27T13:13:39Z,F346E7F692C196A7,14.23,queries/tpch/Functions/00_baseline/char.sql,2,1,5,2.084552,9.948337,1.965946,0.118605,24.388672,118.819092,23.607605,0.781067,22.468140,109.637390,21.792313,0.675827,0
2026-07-27T13:14:00Z,F346E7F692C196A7,14.23,queries/tpch/Functions/00_baseline/date.sql,2,1,5,1.843640,8.740220,1.724145,0.119495,21.781677,103.491547,20.427467,1.354210,19.938904,95.501068,18.890541,1.048363,0
2026-07-27T13:14:10Z,F346E7F692C196A7,14.23,queries/tpch/Functions/00_baseline/int.sql,2,1,5,0.893043,3.952458,0.764854,0.128189,10.660522,48.962524,9.575500,1.085022,9.728210,45.305054,8.894211,0.834000,0
2026-07-27T13:14:27Z,F346E7F692C196A7,14.23,queries/tpch/Functions/00_baseline/numeric.sql,2,1,5,1.475748,6.914414,1.359667,0.116082,17.382996,83.066162,16.420792,0.962204,15.837524,76.587311,15.187447,0.650078,0
2026-07-27T13:14:52Z,F346E7F692C196A7,14.23,queries/tpch/Functions/00_baseline/text.sql,2,1,5,2.163911,10.353517,2.047402,0.116509,25.512512,123.483093,24.492645,1.019867,23.450256,114.031250,22.645248,0.805008,0
2026-07-27T13:15:21Z,F346E7F692C196A7,14.23,queries/tpch/Functions/09-01_logical/and.sql,2,1,5,2.509957,12.060688,2.387683,0.122275,29.599060,142.940491,28.335358,1.263702,27.217957,131.927643,26.177422,1.040535,0
2026-07-27T13:15:45Z,F346E7F692C196A7,14.23,queries/tpch/Functions/09-01_logical/not.sql,2,1,5,2.135231,10.210005,2.018694,0.116537,24.919739,121.509827,24.147522,0.772217,22.907166,112.100037,22.298218,0.608948,0
2026-07-27T13:16:12Z,F346E7F692C196A7,14.23,queries/tpch/Functions/09-01_logical/or.sql,2,1,5,2.291722,11.016285,2.181141,0.110581,26.494446,132.135925,26.410370,0.084076,24.337402,122.005646,24.417061,-0.079659,0
2026-07-27T13:16:39Z,F346E7F692C196A7,14.23,queries/tpch/Functions/09-02_comparison/between.sql,2,1,5,2.381343,11.416221,2.258720,0.122623,27.638733,136.306213,27.166870,0.471863,25.406860,125.748627,25.085442,0.321419,0
2026-07-27T13:17:13Z,F346E7F692C196A7,14.23,queries/tpch/Functions/09-02_comparison/between_symmetric.sql,2,1,5,2.839216,13.734237,2.723755,0.115461,33.099548,161.896423,32.199219,0.900330,30.400696,149.440704,29.760002,0.640694,0
2026-07-27T13:17:35Z,F346E7F692C196A7,14.23,queries/tpch/Functions/09-02_comparison/eq.sql,2,1,5,1.972808,9.382313,1.852376,0.120432,23.332275,111.643433,22.077789,1.254486,21.376160,102.934143,20.389496,0.986664,0
2026-07-27T13:17:58Z,F346E7F692C196A7,14.23,queries/tpch/Functions/09-02_comparison/ge.sql,2,1,5,1.968164,9.297474,1.832327,0.135837,22.570435,110.906342,22.083977,0.486458,20.763184,102.292755,20.382393,0.380791,0
2026-07-27T13:18:26Z,F346E7F692C196A7,14.23,queries/tpch/Functions/09-02_comparison/greatest.sql,2,1,5,2.412022,11.619864,2.301960,0.110062,28.427429,139.458221,27.757698,0.669731,26.248718,128.841339,25.648155,0.600563,0
2026-07-27T13:18:48Z,F346E7F692C196A7,14.23,queries/tpch/Functions/09-02_comparison/gt.sql,2,1,5,1.963451,9.349537,1.846521,0.116930,22.687927,110.789307,22.025345,0.662582,20.868652,102.151672,20.320755,0.547897,0
2026-07-27T13:19:11Z,F346E7F692C196A7,14.23,queries/tpch/Functions/09-02_comparison/is_distinct_from.sql,2,1,5,1.925768,9.419079,1.873328,0.052440,22.760803,111.448792,22.171997,0.588806,20.948608,102.781433,20.458206,0.490402,0
2026-07-27T13:19:34Z,F346E7F692C196A7,14.23,queries/tpch/Functions/09-02_comparison/is_not_distinct_from.sql,2,1,5,2.007211,9.537602,1.882598,0.124613,23.563721,113.041687,22.369492,1.194229,21.694092,104.231079,20.634247,1.059845,0
2026-07-27T13:19:59Z,F346E7F692C196A7,14.23,queries/tpch/Functions/09-02_comparison/is_not_null.sql,2,1,5,2.181400,10.456718,2.068829,0.112571,25.625427,124.408813,24.695847,0.929581,23.634399,114.792145,22.789436,0.844963,0
2026-07-27T13:20:24Z,F346E7F692C196A7,14.23,queries/tpch/Functions/09-02_comparison/is_null.sql,2,1,5,2.179917,10.444712,2.066199,0.113718,25.769104,125.082703,24.828400,0.940704,23.763062,115.412201,22.912285,0.850777,0
2026-07-27T13:20:47Z,F346E7F692C196A7,14.23,queries/tpch/Functions/09-02_comparison/le.sql,2,1,5,1.965891,9.314131,1.837060,0.128831,22.967407,110.978333,22.002731,0.964676,21.148438,102.349091,20.300163,0.848274,0
2026-07-27T13:21:15Z,F346E7F692C196A7,14.23,queries/tpch/Functions/09-02_comparison/least.sql,2,1,5,2.401215,11.554264,2.288262,0.112952,28.263672,138.834259,27.642647,0.621025,25.987549,128.270782,25.570808,0.416740,0
2026-07-27T13:21:37Z,F346E7F692C196A7,14.23,queries/tpch/Functions/09-02_comparison/lt.sql,2,1,5,1.976729,9.383026,1.851574,0.125155,23.213928,111.958405,22.186119,1.027809,21.386658,103.251740,20.466270,0.920387,0
2026-07-27T13:22:00Z,F346E7F692C196A7,14.23,queries/tpch/Functions/09-02_comparison/ne.sql,2,1,5,1.961889,9.336723,1.843709,0.118180,22.963257,111.618286,22.163757,0.799500,21.086304,103.033875,20.486893,0.599411,0
2026-07-27T13:22:28Z,F346E7F692C196A7,14.23,queries/tpch/Functions/09-02_comparison/not_between.sql,2,1,5,2.408463,11.507585,2.274780,0.133682,27.784485,135.270630,26.871536,0.912949,25.589355,124.667053,24.769424,0.819931,0
2026-07-27T13:22:46Z,F346E7F692C196A7,14.23,queries/tpch/Functions/09-02_comparison/num_nonnulls.sql,2,1,5,1.622434,7.661186,1.509688,0.112745,19.060486,92.117279,18.264198,0.796288,17.502869,84.963348,16.865120,0.637749,0
2026-07-27T13:23:05Z,F346E7F692C196A7,14.23,queries/tpch/Functions/09-02_comparison/num_nulls.sql,2,1,5,1.625265,7.612408,1.496786,0.128480,19.013550,91.257874,18.061081,0.952469,17.498474,84.166779,16.667076,0.831398,0
2026-07-27T13:23:36Z,F346E7F692C196A7,14.23,queries/tpch/Functions/09-03_math/abs.sql,2,1,5,2.726700,13.114454,2.596938,0.129762,32.319153,157.769562,31.362602,0.956551,29.789307,145.877747,29.022110,0.767197,0
2026-07-27T13:24:20Z,F346E7F692C196A7,14.23,queries/tpch/Functions/09-03_math/acos.sql,2,1,5,3.751607,18.214925,3.615829,0.135778,43.480591,211.628357,42.036942,1.443649,40.002502,195.359222,38.839180,1.163322,0
2026-07-27T13:25:00Z,F346E7F692C196A7,14.23,queries/tpch/Functions/09-03_math/acosh.sql,2,1,5,3.399592,16.434254,3.258666,0.140926,39.446716,191.070129,37.905853,1.540863,36.321655,176.333801,35.003036,1.318619,0
2026-07-27T13:25:34Z,F346E7F692C196A7,14.23,queries/tpch/Functions/09-03_math/add.sql,2,1,5,2.930325,14.161271,2.807736,0.122588,34.297241,169.319092,33.755463,0.541779,31.569946,156.511017,31.235268,0.334679,0
2026-07-27T13:26:35Z,F346E7F692C196A7,14.23,queries/tpch/Functions/09-03_math/add_float8.sql,2,1,5,5.100922,25.225323,5.031100,0.069821,59.509216,294.100739,58.647881,0.861336,54.974792,271.678314,54.175880,0.798912,0
2026-07-27T13:27:19Z,F346E7F692C196A7,14.23,queries/tpch/Functions/09-03_math/asin.sql,2,1,5,3.745744,18.237630,3.622972,0.122772,42.724670,209.787750,41.765770,0.958900,39.265930,193.416626,38.537674,0.728256,0
2026-07-27T13:27:58Z,F346E7F692C196A7,14.23,queries/tpch/Functions/09-03_math/asinh.sql,2,1,5,3.358120,16.325310,3.241797,0.116323,38.989990,191.090912,38.025230,0.964760,35.843628,176.375702,35.133018,0.710609,0
2026-07-27T13:28:36Z,F346E7F692C196A7,14.23,queries/tpch/Functions/09-03_math/atan.sql,2,1,5,3.254558,15.747497,3.123235,0.131323,38.167053,186.047180,36.970032,1.197021,35.125488,171.855530,34.182510,0.942978,0
2026-07-27T13:29:40Z,F346E7F692C196A7,14.23,queries/tpch/Functions/09-03_math/atan2.sql,2,1,5,5.429795,26.629546,5.299938,0.129857,63.362854,311.805817,62.110741,1.252113,58.371094,288.093781,57.430672,0.940422,0
2026-07-27T13:30:26Z,F346E7F692C196A7,14.23,queries/tpch/Functions/09-03_math/atanh.sql,2,1,5,3.917236,19.102618,3.796345,0.120891,44.602417,221.122559,44.130035,0.472382,40.988159,203.989502,40.750336,0.237823,0
2026-07-27T13:31:19Z,F346E7F692C196A7,14.23,queries/tpch/Functions/09-03_math/cbrt.sql,2,1,5,4.546756,22.128573,4.395454,0.151302,51.588562,252.608765,50.255051,1.333511,47.375366,232.907501,46.383034,0.992332,0
2026-07-27T13:32:16Z,F346E7F692C196A7,14.23,queries/tpch/Functions/09-03_math/ceil.sql,2,1,5,4.839167,23.765357,4.731548,0.107620,55.204651,277.973267,55.692154,-0.487503,50.814026,256.802032,51.497002,-0.682976,0
2026-07-27T13:33:01Z,F346E7F692C196A7,14.23,queries/tpch/Functions/09-03_math/cos.sql,2,1,5,3.829953,18.634029,3.701019,0.128934,44.423462,217.039917,43.154114,1.269348,40.899658,200.307373,39.851929,1.047729,0
2026-07-27T13:33:48Z,F346E7F692C196A7,14.23,queries/tpch/Functions/09-03_math/cosh.sql,2,1,5,3.935892,19.216640,3.820187,0.115705,44.699707,220.142975,43.860817,0.838890,41.095825,202.963043,40.466805,0.629021,0
2026-07-27T13:34:31Z,F346E7F692C196A7,14.23,queries/tpch/Functions/09-03_math/degrees.sql,2,1,5,3.693837,17.942479,3.562161,0.131676,42.002014,206.021515,41.004875,0.997139,38.520630,189.910339,37.847427,0.673203,0
2026-07-27T13:35:08Z,F346E7F692C196A7,14.23,queries/tpch/Functions/09-03_math/div_fn.sql,2,1,5,3.173123,15.343202,3.042520,0.130603,36.901855,180.248871,35.836754,1.065102,33.923035,166.356537,33.108376,0.814659,0
2026-07-27T13:35:52Z,F346E7F692C196A7,14.23,queries/tpch/Functions/09-03_math/divide.sql,2,1,5,3.741605,18.222844,3.620310,0.121295,41.851807,205.604309,40.938126,0.913681,38.319580,189.289185,37.742401,0.577179,0
2026-07-27T13:36:36Z,F346E7F692C196A7,14.23,queries/tpch/Functions/09-03_math/exp_float8.sql,2,1,5,3.813569,18.448546,3.658744,0.154824,43.242249,214.392456,42.787552,0.454697,39.682068,197.886536,39.551117,0.130951,0
2026-07-27T13:42:40Z,F346E7F692C196A7,14.23,queries/tpch/Functions/09-03_math/exp_numeric.sql,2,1,5,30.505758,151.657411,30.287913,0.217845,348.565002,1736.377869,346.953217,1.611786,322.143188,1604.906250,320.690765,1.452423,0
2026-07-27T13:43:18Z,F346E7F692C196A7,14.23,queries/tpch/Functions/09-03_math/exponent.sql,2,1,5,3.217024,15.586211,3.092297,0.124727,38.034851,186.539185,37.126083,0.908768,35.084656,172.413879,34.332306,0.752350,0
2026-07-27T13:43:52Z,F346E7F692C196A7,14.23,queries/tpch/Functions/09-03_math/factorial.sql,2,1,5,2.929515,14.119119,2.797401,0.132114,34.812378,169.011078,33.549675,1.262703,32.035889,156.187927,31.038010,0.997879,0
2026-07-27T13:44:45Z,F346E7F692C196A7,14.23,queries/tpch/Functions/09-03_math/floor.sql,2,1,5,4.452140,22.084867,4.408182,0.043958,51.068298,253.216431,50.537033,0.531265,47.114258,233.592468,46.619553,0.494705,0
2026-07-27T13:45:15Z,F346E7F692C196A7,14.23,queries/tpch/Functions/09-03_math/gcd.sql,2,1,5,2.593574,12.223885,2.407578,0.185996,25.878845,124.276001,24.599289,1.279556,23.481628,113.210938,22.432327,1.049301,0
2026-07-27T13:45:35Z,F346E7F692C196A7,14.23,queries/tpch/Functions/09-03_math/lcm.sql,2,1,5,1.710234,8.297008,1.646693,0.063540,19.932556,96.467926,19.133842,0.798714,18.244202,88.796265,17.638016,0.606186,0
2026-07-27T13:46:12Z,F346E7F692C196A7,14.23,queries/tpch/Functions/09-03_math/ln_float8.sql,2,1,5,3.211517,15.548152,3.084159,0.127359,38.024231,185.139893,36.778915,1.245316,35.060425,171.105438,34.011253,1.049171,0
2026-07-27T13:58:09Z,F346E7F692C196A7,14.23,queries/tpch/Functions/09-03_math/ln_numeric.sql,2,1,5,59.744660,298.696550,59.737972,0.006688,647.697388,3306.923828,664.806610,-17.109222,595.825623,3047.991333,613.041428,-17.215805,0
2026-07-27T13:58:47Z,F346E7F692C196A7,14.23,queries/tpch/Functions/09-03_math/log10_float8.sql,2,1,5,3.285379,15.996546,3.177792,0.107587,38.577942,189.881317,37.825844,0.752098,35.573242,175.355896,34.945663,0.627579,0
2026-07-27T14:43:02Z,F346E7F692C196A7,14.23,queries/tpch/Functions/09-03_math/log10_numeric.sql,2,1,5,221.634105,1105.657924,221.005955,0.628151,2502.479309,12357.545746,2463.766609,38.712700,2310.186340,11399.786072,2272.399933,37.786407,0
2026-07-27T15:23:20Z,F346E7F692C196A7,14.23,queries/tpch/Functions/09-03_math/log_base.sql,2,1,5,201.952184,1007.408052,201.363967,0.588217,2279.249268,-119848.823578,-30532.018211,32811.267479,2103.894775,10357.200562,2063.326447,40.568329,0
2026-07-27T15:23:46Z,F346E7F692C196A7,14.23,queries/tpch/Functions/09-03_math/min_scale.sql,2,1,5,2.268405,10.769875,2.125367,0.143037,25.474182,125.453156,24.994743,0.479439,23.414429,115.530731,23.029076,0.385353,0
2026-07-27T15:23:58Z,F346E7F692C196A7,14.23,queries/tpch/Functions/09-03_math/mod_fn.sql,2,1,5,1.086625,4.806836,0.930053,0.156572,12.924194,59.295380,11.592796,1.331398,11.906067,54.859009,10.738235,1.167831,0
2026-07-27T15:24:09Z,F346E7F692C196A7,14.23,queries/tpch/Functions/09-03_math/modulo.sql,2,1,5,1.082368,4.808927,0.931640,0.150728,12.972412,59.317230,11.586205,1.386208,11.936890,54.793701,10.714203,1.222687,0
2026-07-27T15:24:46Z,F346E7F692C196A7,14.23,queries/tpch/Functions/09-03_math/multiply.sql,2,1,5,3.119281,15.108080,2.997200,0.122081,37.241211,181.737061,36.123962,1.117249,34.151428,167.906952,33.438881,0.712547,0
2026-07-27T15:25:47Z,F346E7F692C196A7,14.23,queries/tpch/Functions/09-03_math/multiply_float8.sql,2,1,5,5.225988,25.369358,5.035843,0.190145,60.433044,297.038879,59.151459,1.281586,55.626160,274.776306,54.787537,0.838623,0
2026-07-27T15:26:23Z,F346E7F692C196A7,14.23,queries/tpch/Functions/09-03_math/pi.sql,2,1,5,3.131794,15.122085,2.997573,0.134221,36.894470,178.845978,35.487877,1.406593,33.999084,165.208221,32.802284,1.196800,0
2026-07-27T15:27:04Z,F346E7F692C196A7,14.23,queries/tpch/Functions/09-03_math/power_float8.sql,2,1,5,3.491379,17.005227,3.378462,0.112918,40.583374,199.377960,39.698647,0.884727,37.419495,184.109497,36.672501,0.746994,0
2026-07-27T15:27:42Z,F346E7F692C196A7,14.23,queries/tpch/Functions/09-03_math/power_numeric.sql,2,1,5,3.231019,15.601354,3.092584,0.138435,38.382996,186.146912,36.940979,1.442017,35.408569,172.102844,34.173569,1.235001,0
2026-07-27T15:28:18Z,F346E7F692C196A7,14.23,queries/tpch/Functions/09-03_math/radians.sql,2,1,5,3.108772,15.116331,3.001890,0.106883,36.038940,178.829926,35.697746,0.341194,33.176575,165.223969,33.011848,0.164726,0
2026-07-27T15:28:31Z,F346E7F692C196A7,14.23,queries/tpch/Functions/09-03_math/random.sql,2,1,5,1.173205,4.988105,0.953725,0.219481,13.709656,61.503418,11.948441,1.761215,12.549500,57.050171,11.125168,1.424332,0
2026-07-27T15:29:22Z,F346E7F692C196A7,14.23,queries/tpch/Functions/09-03_math/round.sql,2,1,5,4.358913,21.353788,4.248719,0.110194,49.413391,243.545624,48.533058,0.880333,45.438843,224.483246,44.761101,0.677742,0
2026-07-27T15:30:14Z,F346E7F692C196A7,14.23,queries/tpch/Functions/09-03_math/round_scale.sql,2,1,5,4.374081,21.448259,4.268545,0.105536,49.380676,244.708435,48.831940,0.548737,45.461487,225.550323,45.022209,0.439278,0
2026-07-27T15:30:38Z,F346E7F692C196A7,14.23,queries/tpch/Functions/09-03_math/scale.sql,2,1,5,2.090024,9.995253,1.976307,0.113717,23.717712,115.251740,22.883507,0.834206,21.727661,106.044891,21.079308,0.648354,0
2026-07-27T15:31:11Z,F346E7F692C196A7,14.23,queries/tpch/Functions/09-03_math/sign.sql,2,1,5,2.882966,13.958524,2.768890,0.114076,33.457031,166.164551,33.176880,0.280151,30.793945,153.566833,30.693222,0.100723,0
2026-07-27T15:31:56Z,F346E7F692C196A7,14.23,queries/tpch/Functions/09-03_math/sin.sql,2,1,5,3.783788,18.468544,3.671189,0.112599,43.435303,215.541107,43.026451,0.408852,39.996094,199.010986,39.753723,0.242371,0
2026-07-27T15:32:42Z,F346E7F692C196A7,14.23,queries/tpch/Functions/09-03_math/sinh.sql,2,1,5,3.948872,19.269883,3.830253,0.118619,44.865906,220.355896,43.872498,0.993408,41.231445,203.178558,40.486778,0.744667,0
2026-07-27T15:33:32Z,F346E7F692C196A7,14.23,queries/tpch/Functions/09-03_math/sqrt_float8.sql,2,1,5,4.204134,20.562434,4.089575,0.114559,47.437683,234.271973,46.708572,0.729111,43.583984,215.995056,43.102768,0.481216,0
2026-07-27T15:34:26Z,F346E7F692C196A7,14.23,queries/tpch/Functions/09-03_math/sqrt_numeric.sql,2,1,5,4.591933,22.369801,4.444467,0.147466,50.876587,249.260345,49.595940,1.280647,46.687073,229.448303,45.690308,0.996765,0
2026-07-27T15:35:00Z,F346E7F692C196A7,14.23,queries/tpch/Functions/09-03_math/subtract.sql,2,1,5,2.915152,14.116041,2.800222,0.114930,33.937012,167.515900,33.394722,0.542290,31.253784,154.810211,30.889107,0.364677,0
2026-07-27T15:35:45Z,F346E7F692C196A7,14.23,queries/tpch/Functions/09-03_math/tan.sql,2,1,5,3.854500,18.801982,3.736870,0.117630,44.349182,218.940765,43.647896,0.701286,40.845642,202.114166,40.317131,0.528511,0
2026-07-27T15:36:31Z,F346E7F692C196A7,14.23,queries/tpch/Functions/09-03_math/tanh.sql,2,1,5,3.896582,19.014211,3.779407,0.117175,44.298706,218.591431,43.573181,0.725525,40.782898,201.608734,40.206459,0.576439,0
2026-07-27T15:37:00Z,F346E7F692C196A7,14.23,queries/tpch/Functions/09-03_math/trim_scale.sql,2,1,5,2.514460,12.090562,2.394025,0.120434,28.699524,141.105835,28.101578,0.597946,26.409668,130.095154,25.921371,0.488297,0
2026-07-27T15:37:50Z,F346E7F692C196A7,14.23,queries/tpch/Functions/09-03_math/trunc.sql,2,1,5,4.295339,21.003860,4.177130,0.118209,48.702576,239.732025,47.757362,0.945213,44.757568,221.002289,44.061180,0.696388,0
2026-07-27T15:38:41Z,F346E7F692C196A7,14.23,queries/tpch/Functions/09-03_math/trunc_scale.sql,2,1,5,4.311155,21.086288,4.193783,0.117371,48.754333,239.283142,47.632202,1.122131,44.900635,220.485687,43.896263,1.004372,0
2026-07-27T15:39:03Z,F346E7F692C196A7,14.23,queries/tpch/Functions/09-03_math/unary_minus.sql,2,1,5,1.903414,9.054345,1.787733,0.115681,22.367920,108.717773,21.587463,0.780457,20.595032,100.377014,19.945496,0.649536,0
2026-07-27T15:40:13Z,F346E7F692C196A7,14.23,queries/tpch/Functions/09-03_math/width_bucket.sql,2,1,5,5.858511,28.890666,5.758039,0.100472,68.355896,339.950195,67.898575,0.457321,63.024048,314.283081,62.814758,0.209290,0
2026-07-27T15:40:38Z,F346E7F692C196A7,14.23,queries/tpch/Functions/09-04_string/ascii.sql,2,1,5,2.227673,10.622187,2.098628,0.129045,26.161987,127.079742,25.229439,0.932549,24.123779,117.294769,23.292747,0.831032,0
2026-07-27T15:41:04Z,F346E7F692C196A7,14.23,queries/tpch/Functions/09-04_string/bit_length.sql,2,1,5,2.266388,10.821998,2.138903,0.127485,26.668152,129.221313,25.638290,1.029861,24.515503,119.350281,23.708694,0.806808,0
2026-07-27T15:41:59Z,F346E7F692C196A7,14.23,queries/tpch/Functions/09-04_string/btrim.sql,2,1,5,4.637189,22.655486,4.504574,0.132615,56.218567,273.547485,54.332230,1.886337,52.071777,253.507050,50.358818,1.712959,0
2026-07-27T15:42:16Z,F346E7F692C196A7,14.23,queries/tpch/Functions/09-04_string/cast_text.sql,2,1,5,1.482655,7.037216,1.388640,0.094015,17.993835,85.975677,16.995461,0.998375,16.685120,79.570007,15.721222,0.963898,0
2026-07-27T15:42:51Z,F346E7F692C196A7,14.23,queries/tpch/Functions/09-04_string/char_length.sql,2,1,5,2.910625,14.379168,2.867136,0.043489,34.233887,170.971161,34.184319,0.049568,31.603088,158.112976,31.627472,-0.024384,0
2026-07-27T15:43:12Z,F346E7F692C196A7,14.23,queries/tpch/Functions/09-04_string/chr.sql,2,1,5,1.845698,8.810251,1.741138,0.104560,21.595398,104.206268,20.652718,0.942680,19.802002,96.188782,19.096695,0.705307,0
2026-07-27T15:43:52Z,F346E7F692C196A7,14.23,queries/tpch/Functions/09-04_string/concat_fn.sql,2,1,5,3.432522,16.703286,3.317691,0.114831,41.381470,202.704742,40.330818,1.050652,38.154846,187.833252,37.419601,0.735245,0
2026-07-27T15:44:24Z,F346E7F692C196A7,14.23,queries/tpch/Functions/09-04_string/concat_op.sql,2,1,5,2.765127,13.065050,2.574981,0.190146,31.776917,154.120392,30.585869,1.191048,29.228577,142.416290,28.296928,0.931648,0
2026-07-27T15:45:06Z,F346E7F692C196A7,14.23,queries/tpch/Functions/09-04_string/concat_ws.sql,2,1,5,3.554229,17.383368,3.457285,0.096944,42.393799,210.875336,42.120384,0.273415,39.162476,195.254547,39.023018,0.139458,0
2026-07-27T15:46:04Z,F346E7F692C196A7,14.23,queries/tpch/Functions/09-04_string/format.sql,2,1,5,4.924698,24.163054,4.809589,0.115109,59.612183,295.367188,58.938751,0.673431,55.133118,273.870148,54.684258,0.448860,0
2026-07-27T15:47:40Z,F346E7F692C196A7,14.23,queries/tpch/Functions/09-04_string/initcap.sql,2,1,5,8.087956,39.905922,7.954491,0.133465,95.885803,469.990234,93.526108,2.359695,88.523438,435.124878,86.650360,1.873077,0
2026-07-27T15:48:15Z,F346E7F692C196A7,14.23,queries/tpch/Functions/09-04_string/left.sql,2,1,5,3.023684,14.706533,2.920712,0.102971,35.173035,175.443359,35.067581,0.105453,32.331238,162.311218,32.494995,-0.163757,0
2026-07-27T15:48:50Z,F346E7F692C196A7,14.23,queries/tpch/Functions/09-04_string/length.sql,2,1,5,2.900581,14.330799,2.857554,0.043027,34.175110,170.636658,34.115387,0.059723,31.535095,157.788635,31.563385,-0.028290,0
2026-07-27T15:50:08Z,F346E7F692C196A7,14.23,queries/tpch/Functions/09-04_string/lower.sql,2,1,5,6.608335,32.591166,6.495708,0.112627,79.027405,391.531372,78.125992,0.901413,73.120972,362.924713,72.450935,0.670036,0
2026-07-27T15:51:18Z,F346E7F692C196A7,14.23,queries/tpch/Functions/09-04_string/lpad.sql,2,1,5,5.866381,29.098859,5.808120,0.058262,69.474060,343.611145,68.534271,0.939789,64.319519,317.948730,63.407303,0.912216,0
2026-07-27T15:52:12Z,F346E7F692C196A7,14.23,queries/tpch/Functions/09-04_string/ltrim.sql,2,1,5,4.574396,22.445210,4.467703,0.106692,54.847656,274.070221,54.805641,0.042015,50.685486,254.101013,50.853882,-0.168396,0
2026-07-27T15:54:15Z,F346E7F692C196A7,14.23,queries/tpch/Functions/09-04_string/md5.sql,2,1,5,10.449802,51.199200,10.187349,0.262453,121.732788,601.382233,119.912361,1.820427,112.488098,556.719360,111.057816,1.430283,0
2026-07-27T15:54:41Z,F346E7F692C196A7,14.23,queries/tpch/Functions/09-04_string/octet_length.sql,2,1,5,2.227229,10.620735,2.098377,0.128853,26.103638,125.785034,24.920349,1.183289,24.069519,116.074768,23.001312,1.068207,0
2026-07-27T15:55:35Z,F346E7F692C196A7,14.23,queries/tpch/Functions/09-04_string/overlay.sql,2,1,5,4.580812,22.385944,4.451283,0.129529,54.095520,268.370483,53.568741,0.526779,49.932983,248.546234,49.653313,0.279671,0
2026-07-27T15:56:13Z,F346E7F692C196A7,14.23,queries/tpch/Functions/09-04_string/position.sql,2,1,5,3.257137,15.778818,3.130420,0.126717,37.654541,182.200073,36.136383,1.518158,34.652649,168.096985,33.361084,1.291565,0
2026-07-27T15:57:04Z,F346E7F692C196A7,14.23,queries/tpch/Functions/09-04_string/quote_ident.sql,2,1,5,4.301243,21.057752,4.189127,0.112115,48.714294,239.722351,47.752014,0.962280,44.780640,221.094208,44.078392,0.702248,0
2026-07-27T15:57:38Z,F346E7F692C196A7,14.23,queries/tpch/Functions/09-04_string/quote_literal.sql,2,1,5,2.966585,14.404898,2.859578,0.107007,33.733459,168.274323,33.635216,0.098244,30.992432,155.330566,31.084534,-0.092102,0
2026-07-27T15:58:09Z,F346E7F692C196A7,14.23,queries/tpch/Functions/09-04_string/repeat.sql,2,1,5,2.677051,12.848291,2.542810,0.134241,31.539001,151.611755,30.018188,1.520813,29.049805,140.130371,27.770142,1.279663,0
2026-07-27T15:58:54Z,F346E7F692C196A7,14.23,queries/tpch/Functions/09-04_string/replace.sql,2,1,5,3.781232,18.416019,3.658697,0.122535,43.777527,216.615845,43.209579,0.567947,40.381470,200.206940,39.956367,0.425102,0
2026-07-27T15:59:40Z,F346E7F692C196A7,14.23,queries/tpch/Functions/09-04_string/reverse.sql,2,1,5,3.938152,19.171476,3.808331,0.129820,46.260681,226.640015,45.094833,1.165848,42.652222,209.667725,41.753876,0.898346,0
2026-07-27T16:00:26Z,F346E7F692C196A7,14.23,queries/tpch/Functions/09-04_string/right.sql,2,1,5,3.950887,19.289223,3.834584,0.116303,46.061646,226.307007,45.061340,1.000305,42.506042,209.201721,41.673920,0.832123,0
2026-07-27T16:01:40Z,F346E7F692C196A7,14.23,queries/tpch/Functions/09-04_string/rpad.sql,2,1,5,6.187825,30.492657,6.076208,0.111617,71.958923,357.608765,71.412460,0.546463,66.510193,330.705017,66.048706,0.461487,0
2026-07-27T16:02:33Z,F346E7F692C196A7,14.23,queries/tpch/Functions/09-04_string/rtrim.sql,2,1,5,4.545594,22.288524,4.435732,0.109862,54.805115,270.580780,53.943916,0.861198,50.688416,250.801758,50.028336,0.660080,0
2026-07-27T16:03:09Z,F346E7F692C196A7,14.23,queries/tpch/Functions/09-04_string/split_part.sql,2,1,5,3.066345,14.841415,2.943768,0.122577,35.621460,173.694641,34.518295,1.103165,32.778076,160.407043,31.907242,0.870834,0
2026-07-27T16:03:46Z,F346E7F692C196A7,14.23,queries/tpch/Functions/09-04_string/starts_with.sql,2,1,5,3.141818,15.208307,3.016622,0.125195,37.222168,182.250122,36.256989,0.965179,34.328674,168.587250,33.564644,0.764030,0
2026-07-27T16:04:24Z,F346E7F692C196A7,14.23,queries/tpch/Functions/09-04_string/strpos.sql,2,1,5,3.253589,15.795346,3.135439,0.118150,37.683044,185.113251,36.857552,0.825493,34.691467,170.938965,34.061874,0.629593,0
2026-07-27T16:04:59Z,F346E7F692C196A7,14.23,queries/tpch/Functions/09-04_string/substr.sql,2,1,5,3.056383,14.778718,2.930584,0.125800,36.103943,174.685547,34.645401,1.458542,33.294739,161.423492,32.032188,1.262550,0
2026-07-27T16:05:35Z,F346E7F692C196A7,14.23,queries/tpch/Functions/09-04_string/substring.sql,2,1,5,3.050591,14.777202,2.931653,0.118938,35.499573,175.940643,35.110268,0.389305,32.682129,162.706207,32.506020,0.176109,0
2026-07-27T16:05:51Z,F346E7F692C196A7,14.23,queries/tpch/Functions/09-04_string/to_hex.sql,2,1,5,1.420149,6.674535,1.313597,0.106552,16.789124,81.778900,16.247444,0.541679,15.434204,75.766693,15.083122,0.351082,0
2026-07-27T16:07:36Z,F346E7F692C196A7,14.23,queries/tpch/Functions/09-04_string/translate.sql,2,1,5,8.779950,43.586207,8.701564,0.078386,107.773926,541.163635,108.347427,-0.573502,100.059265,502.871307,100.703011,-0.643745,0
2026-07-27T16:08:30Z,F346E7F692C196A7,14.23,queries/tpch/Functions/09-04_string/trim_both.sql,2,1,5,4.599754,22.557776,4.489505,0.110249,56.050598,276.420563,55.092491,0.958107,51.899536,256.424561,51.131256,0.768280,0
2026-07-27T16:09:47Z,F346E7F692C196A7,14.23,queries/tpch/Functions/09-04_string/upper.sql,2,1,5,6.437675,32.049457,6.402945,0.034730,76.958008,385.186554,77.057137,-0.099129,71.275757,356.829529,71.388443,-0.112686,0
2026-07-27T16:10:25Z,F346E7F692C196A7,14.23,queries/tpch/Functions/09-05_binary_string/cast_bytea.sql,2,1,5,3.258899,15.699708,3.110202,0.148697,37.795044,183.797394,36.500587,1.294456,34.796997,169.738129,33.735283,1.061714,0
2026-07-27T16:11:06Z,F346E7F692C196A7,14.23,queries/tpch/Functions/09-05_binary_string/concat_bytea.sql,2,1,5,3.487252,16.967477,3.370056,0.117195,40.510864,199.524414,39.753387,0.757477,37.263428,184.386627,36.780800,0.482628,0
2026-07-27T16:13:19Z,F346E7F692C196A7,14.23,queries/tpch/Functions/09-05_binary_string/decode_hex.sql,2,1,5,11.204577,55.522126,11.079387,0.125190,130.982300,650.829773,129.961868,1.020432,121.111206,602.570953,120.364937,0.746269,0
2026-07-27T16:14:12Z,F346E7F692C196A7,14.23,queries/tpch/Functions/09-05_binary_string/encode_base64.sql,2,1,5,4.465588,21.769646,4.326014,0.139574,51.853027,252.226501,50.093369,1.759659,47.823853,232.975586,46.287933,1.535919,0
2026-07-27T16:15:02Z,F346E7F692C196A7,14.23,queries/tpch/Functions/09-05_binary_string/encode_escape.sql,2,1,5,4.282765,20.918864,4.159025,0.123740,49.780334,244.716431,48.734024,1.046310,45.913025,226.196228,45.070801,0.842224,0
2026-07-27T16:15:48Z,F346E7F692C196A7,14.23,queries/tpch/Functions/09-05_binary_string/encode_hex.sql,2,1,5,3.942847,19.219411,3.819141,0.123706,45.920898,225.295044,44.843536,1.077362,42.244080,208.171906,41.481956,0.762123,0
2026-07-27T16:16:26Z,F346E7F692C196A7,14.23,queries/tpch/Functions/09-05_binary_string/get_byte.sql,2,1,5,3.280969,15.886309,3.151335,0.129634,37.936157,185.360504,36.856087,1.080070,34.933594,171.168640,34.058762,0.874832,0
2026-07-27T16:18:39Z,F346E7F692C196A7,14.23,queries/tpch/Functions/09-05_binary_string/md5_bytea.sql,2,1,5,11.095433,55.311014,11.053895,0.041538,129.983521,647.906799,129.480820,0.502701,120.337952,599.800354,119.865601,0.472351,0
2026-07-27T16:19:18Z,F346E7F692C196A7,14.23,queries/tpch/Functions/09-05_binary_string/octet_length.sql,2,1,5,3.280097,15.859274,3.144794,0.135302,38.099731,185.195129,36.773849,1.325882,35.095459,171.068420,33.993240,1.102219,0
2026-07-27T16:19:57Z,F346E7F692C196A7,14.23,queries/tpch/Functions/09-05_binary_string/set_byte.sql,2,1,5,3.376251,16.390439,3.253547,0.122704,39.134277,192.234619,38.275085,0.859192,36.046387,177.623291,35.394226,0.652161,0
2026-07-27T16:22:17Z,F346E7F692C196A7,14.23,queries/tpch/Functions/09-05_binary_string/sha224.sql,2,1,5,11.658073,58.241421,11.645837,0.012236,138.959839,695.754791,139.198738,-0.238899,128.708069,645.198547,129.122620,-0.414551,0
2026-07-27T16:24:38Z,F346E7F692C196A7,14.23,queries/tpch/Functions/09-05_binary_string/sha256.sql,2,1,5,11.956133,58.670819,11.678671,0.277461,142.766724,692.503021,137.434074,5.332649,132.228027,641.507446,127.319855,4.908173,0
2026-07-27T16:27:17Z,F346E7F692C196A7,14.23,queries/tpch/Functions/09-05_binary_string/sha384.sql,2,1,5,13.352388,66.455951,13.275891,0.076497,157.083618,779.688263,155.651161,1.432457,145.500366,722.163025,144.165665,1.334702,0
2026-07-27T16:29:59Z,F346E7F692C196A7,14.23,queries/tpch/Functions/09-05_binary_string/sha512.sql,2,1,5,13.364623,67.159268,13.448661,-0.084038,156.836670,800.532471,160.923950,-4.087280,145.113831,742.192383,149.269638,-4.155807,0
2026-07-27T16:30:39Z,F346E7F692C196A7,14.23,queries/tpch/Functions/09-05_binary_string/substring_bytea.sql,2,1,5,3.469914,16.875425,3.351378,0.118536,40.687866,199.110138,39.605568,1.082298,37.512512,184.031677,36.629791,0.882721,0
2026-07-27T16:31:02Z,F346E7F692C196A7,14.23,queries/tpch/Functions/09-06_bit_string/and.sql,2,1,5,1.987492,9.482019,1.873632,0.113860,22.922180,113.267029,22.586212,0.335968,21.097961,104.607880,20.877480,0.220482,0
2026-07-27T16:31:18Z,F346E7F692C196A7,14.23,queries/tpch/Functions/09-06_bit_string/bit_count.sql,2,1,5,1.449599,6.760299,1.327675,0.121924,16.967957,81.647949,16.169998,0.797958,15.625793,75.614014,14.997055,0.628738,0
2026-07-27T16:31:34Z,F346E7F692C196A7,14.23,queries/tpch/Functions/09-06_bit_string/cast_bit.sql,2,1,5,1.317029,6.214401,1.224343,0.092686,15.851807,76.049194,15.049347,0.802460,14.658508,70.352844,13.923584,0.734924,0
2026-07-27T16:31:58Z,F346E7F692C196A7,14.23,queries/tpch/Functions/09-06_bit_string/concat_bit.sql,2,1,5,2.104667,10.313416,2.052187,0.052480,25.013184,122.691650,24.419617,0.593567,23.057190,113.334229,22.569260,0.487930,0
2026-07-27T16:32:14Z,F346E7F692C196A7,14.23,queries/tpch/Functions/09-06_bit_string/get_bit.sql,2,1,5,1.350744,6.497205,1.286615,0.064129,16.331970,77.830017,15.374512,0.957458,15.061218,71.901978,14.210190,0.851028,0
2026-07-27T16:32:30Z,F346E7F692C196A7,14.23,queries/tpch/Functions/09-06_bit_string/length_bit.sql,2,1,5,1.377970,6.337880,1.239978,0.137993,16.206665,76.066498,14.964958,1.241707,14.936523,70.362457,13.856483,1.080040,0
2026-07-27T16:32:46Z,F346E7F692C196A7,14.23,queries/tpch/Functions/09-06_bit_string/not.sql,2,1,5,1.473781,6.962864,1.372271,0.101510,17.794373,85.047546,16.813293,0.981079,16.493774,78.802582,15.577202,0.916573,0
2026-07-27T16:33:09Z,F346E7F692C196A7,14.23,queries/tpch/Functions/09-06_bit_string/or.sql,2,1,5,1.987925,9.482483,1.873640,0.114286,22.988281,112.512207,22.380981,0.607300,21.157532,103.897552,20.685005,0.472527,0
2026-07-27T16:33:35Z,F346E7F692C196A7,14.23,queries/tpch/Functions/09-06_bit_string/overlay_bit.sql,2,1,5,2.165212,10.497985,2.083193,0.082019,26.079651,128.058197,25.494637,0.585014,24.172180,118.808411,23.659058,0.513123,0
2026-07-27T16:33:52Z,F346E7F692C196A7,14.23,queries/tpch/Functions/09-06_bit_string/set_bit.sql,2,1,5,1.545082,7.102322,1.389310,0.155772,18.412598,86.334839,16.980560,1.432037,16.972473,79.913574,15.735275,1.237198,0
2026-07-27T16:34:10Z,F346E7F692C196A7,14.23,queries/tpch/Functions/09-06_bit_string/shift_left.sql,2,1,5,1.576178,7.345270,1.442273,0.133905,18.690613,88.712463,17.505463,1.185150,17.252075,82.084473,16.208099,1.043976,0
2026-07-27T16:34:28Z,F346E7F692C196A7,14.23,queries/tpch/Functions/09-06_bit_string/shift_right.sql,2,1,5,1.604617,7.424120,1.454876,0.149741,18.875549,89.541565,17.666504,1.209045,17.419067,82.931427,16.378090,1.040977,0
2026-07-27T16:34:45Z,F346E7F692C196A7,14.23,queries/tpch/Functions/09-06_bit_string/substring_bit.sql,2,1,5,1.618542,7.196410,1.394467,0.224075,18.716858,88.107117,17.347565,1.369293,17.194153,81.662842,16.117172,1.076981,0
2026-07-27T16:35:08Z,F346E7F692C196A7,14.23,queries/tpch/Functions/09-06_bit_string/xor.sql,2,1,5,2.035322,9.454267,1.854736,0.180586,23.071838,112.699524,22.406921,0.664917,21.161682,104.089935,20.732063,0.429619,0
2026-07-27T16:36:57Z,F346E7F692C196A7,14.23,queries/tpch/Functions/09-07_pattern_matching/ilike.sql,2,1,5,9.131934,45.190895,9.014740,0.117194,109.501770,540.813812,107.828011,1.673759,101.378418,501.306824,99.982101,1.396317,0
2026-07-27T16:37:32Z,F346E7F692C196A7,14.23,queries/tpch/Functions/09-07_pattern_matching/like.sql,2,1,5,3.050296,14.780581,2.932571,0.117725,34.552795,170.398193,33.961349,0.591446,31.731812,157.202484,31.367668,0.364143,0
2026-07-27T16:38:00Z,F346E7F692C196A7,14.23,queries/tpch/Functions/09-07_pattern_matching/like_prefix.sql,2,1,5,2.398136,11.513214,2.278770,0.119366,28.012817,136.435822,27.105751,0.907066,25.818726,125.951569,25.033211,0.785515,0
2026-07-27T16:39:49Z,F346E7F692C196A7,14.23,queries/tpch/Functions/09-07_pattern_matching/not_ilike.sql,2,1,5,9.137497,45.236245,9.024687,0.112809,109.379395,543.828125,108.612183,0.767212,101.257141,504.094574,100.709358,0.547783,0
2026-07-27T16:40:25Z,F346E7F692C196A7,14.23,queries/tpch/Functions/09-07_pattern_matching/not_like.sql,2,1,5,3.065883,14.859465,2.948396,0.117487,35.252686,170.299042,33.761589,1.491096,32.427734,156.944031,31.129074,1.298660,0
2026-07-27T16:42:56Z,F346E7F692C196A7,14.23,queries/tpch/Functions/09-07_pattern_matching/regex_alternation.sql,2,1,5,12.646227,62.877208,12.557745,0.088481,146.156372,719.914886,143.439629,2.716743,135.077087,665.246246,132.542290,2.534798,0
2026-07-27T16:43:56Z,F346E7F692C196A7,14.23,queries/tpch/Functions/09-07_pattern_matching/regex_anchored.sql,2,1,5,5.074250,24.853809,4.944890,0.129360,60.498291,296.797729,59.074860,1.423431,55.993835,274.944000,54.737541,1.256294,0
2026-07-27T16:46:40Z,F346E7F692C196A7,14.23,queries/tpch/Functions/09-07_pattern_matching/regex_backtrack.sql,2,1,5,13.851986,68.557226,13.676310,0.175676,162.117249,806.870941,161.188423,0.928825,149.964783,747.263519,149.324684,0.640099,0
2026-07-27T16:47:54Z,F346E7F692C196A7,14.23,queries/tpch/Functions/09-07_pattern_matching/regex_charclass.sql,2,1,5,6.167792,30.670423,6.125658,0.042134,71.475647,357.433960,71.489578,-0.013931,66.081177,330.276398,66.048805,0.032372,0
2026-07-27T16:49:34Z,F346E7F692C196A7,14.23,queries/tpch/Functions/09-07_pattern_matching/regex_match.sql,2,1,5,8.454170,41.467412,8.253311,0.200859,98.714355,485.997772,96.820854,1.893501,91.264465,449.678619,89.603539,1.660927,0
2026-07-27T16:51:14Z,F346E7F692C196A7,14.23,queries/tpch/Functions/09-07_pattern_matching/regex_match_ci.sql,2,1,5,8.397930,41.510290,8.278090,0.119840,98.253052,486.889923,97.159218,1.093834,90.640076,450.393311,89.938309,0.701767,0
2026-07-27T16:52:53Z,F346E7F692C196A7,14.23,queries/tpch/Functions/09-07_pattern_matching/regex_not_match.sql,2,1,5,8.398303,41.420652,8.255587,0.142716,97.986694,485.340698,96.838501,1.148193,90.515015,449.068237,89.638306,0.876709,0
2026-07-27T16:54:33Z,F346E7F692C196A7,14.23,queries/tpch/Functions/09-07_pattern_matching/regex_not_match_ci.sql,2,1,5,8.402501,41.489207,8.271677,0.130824,98.138794,486.629974,97.122795,1.015999,90.604736,450.301697,89.924240,0.680496,0
2026-07-27T16:56:40Z,F346E7F692C196A7,14.23,queries/tpch/Functions/09-07_pattern_matching/regexp_match.sql,2,1,5,10.699656,52.859229,10.539893,0.159763,124.793762,620.563263,123.942375,0.851387,115.254761,574.502716,114.811989,0.442772,0
2026-07-27T16:58:45Z,F346E7F692C196A7,14.23,queries/tpch/Functions/09-07_pattern_matching/regexp_replace.sql,2,1,5,10.520601,51.953481,10.358220,0.162381,123.904175,613.592499,122.422081,1.482094,114.688660,568.447601,113.439735,1.248924,0
2026-07-27T17:01:10Z,F346E7F692C196A7,14.23,queries/tpch/Functions/09-07_pattern_matching/regexp_replace_global.sql,2,1,5,12.186126,60.426049,12.059981,0.126146,142.444092,716.199249,143.438789,-0.994698,131.759277,663.368744,132.902367,-1.143089,0
2026-07-27T17:07:22Z,F346E7F692C196A7,14.23,queries/tpch/Functions/09-07_pattern_matching/regexp_split_to_array.sql,2,1,5,31.068534,154.938343,30.967452,0.101082,367.488464,1846.795624,369.826790,-2.338326,340.754211,-129358.398163,-32424.788094,32765.542305,0
2026-07-27T17:09:11Z,F346E7F692C196A7,14.23,queries/tpch/Functions/09-07_pattern_matching/similar_to.sql,2,1,5,9.088069,45.011634,8.980891,0.107178,106.143066,525.833893,104.922707,1.220360,98.151245,486.695068,97.135956,1.015289,0
2026-07-27T17:11:11Z,F346E7F692C196A7,14.23,queries/tpch/Functions/09-07_pattern_matching/substring_regex.sql,2,1,5,10.073439,50.059356,9.996479,0.076959,117.960693,588.579987,117.654823,0.305870,109.106934,544.866943,108.940002,0.166931,0
2026-07-27T17:12:26Z,F346E7F692C196A7,14.23,queries/tpch/Functions/09-08_formatting/to_char_date.sql,2,1,5,6.322963,31.120792,6.199457,0.123505,73.892395,363.925385,72.508247,1.384148,68.166077,336.730194,67.141029,1.025047,0
2026-07-27T17:13:46Z,F346E7F692C196A7,14.23,queries/tpch/Functions/09-08_formatting/to_char_date_long.sql,2,1,5,6.729055,33.174777,6.611430,0.117625,78.499939,388.968292,77.617088,0.882851,72.525208,359.966736,71.860382,0.664825,0
2026-07-27T17:14:16Z,F346E7F692C196A7,14.23,queries/tpch/Functions/09-08_formatting/to_char_int.sql,2,1,5,2.645077,12.668213,2.505784,0.139293,31.919373,158.159790,31.560104,0.359268,29.507019,146.972992,29.366493,0.140526,0
2026-07-27T17:15:13Z,F346E7F692C196A7,14.23,queries/tpch/Functions/09-08_formatting/to_char_numeric.sql,2,1,5,4.792571,23.494969,4.675600,0.116971,57.224365,281.570923,56.086639,1.137726,52.793213,260.798798,52.001396,0.791817,0
2026-07-27T17:16:43Z,F346E7F692C196A7,14.23,queries/tpch/Functions/09-08_formatting/to_char_timestamp.sql,2,1,5,7.571652,37.528787,7.489284,0.082368,88.091553,440.445862,88.088577,0.002975,81.405212,407.654175,81.562241,-0.157028,0
2026-07-27T17:18:31Z,F346E7F692C196A7,14.23,queries/tpch/Functions/09-08_formatting/to_date.sql,2,1,5,9.042174,44.648674,8.901625,0.140549,108.006714,534.071655,106.516235,1.490479,100.042542,495.028381,98.746460,1.296082,0
2026-07-27T17:20:13Z,F346E7F692C196A7,14.23,queries/tpch/Functions/09-08_formatting/to_number.sql,2,1,5,8.562195,42.783067,8.555218,0.006977,101.368164,508.226929,101.714691,-0.346527,93.812378,470.778168,94.241447,-0.429070,0
2026-07-27T17:20:26Z,F346E7F692C196A7,14.23,queries/tpch/Functions/09-08_formatting/to_timestamp.sql,2,1,5,1.134120,5.073382,0.984816,0.149304,13.445007,61.991760,12.136688,1.308319,12.385742,57.429535,11.260948,1.124794,0
2026-07-27T17:21:18Z,F346E7F692C196A7,14.23,queries/tpch/Functions/09-09_datetime/age_two_args.sql,2,1,5,4.431460,21.805359,4.343475,0.087985,51.559265,250.486145,49.731720,1.827545,47.570374,231.143951,45.893394,1.676979,0
2026-07-27T17:21:48Z,F346E7F692C196A7,14.23,queries/tpch/Functions/09-09_datetime/at_time_zone.sql,2,1,5,2.583960,12.204182,2.405055,0.178905,30.020752,146.484375,29.115906,0.904846,27.564209,135.345306,26.945274,0.618935,0
2026-07-27T17:22:09Z,F346E7F692C196A7,14.23,queries/tpch/Functions/09-09_datetime/cast_timestamp.sql,2,1,5,1.884945,8.920991,1.759011,0.125934,21.740662,105.823120,21.020615,0.720047,19.945679,97.607666,19.415497,0.530182,0
2026-07-27T17:22:31Z,F346E7F692C196A7,14.23,queries/tpch/Functions/09-09_datetime/date_add_time.sql,2,1,5,1.909388,9.053983,1.786149,0.123240,22.025391,106.927185,21.225449,0.799942,20.249817,98.627106,19.594322,0.655495,0
2026-07-27T17:22:55Z,F346E7F692C196A7,14.23,queries/tpch/Functions/09-09_datetime/date_bin.sql,2,1,5,2.058445,9.836008,1.944391,0.114054,23.678650,115.280243,22.900398,0.778252,21.754028,106.281281,21.131813,0.622215,0
2026-07-27T17:23:18Z,F346E7F692C196A7,14.23,queries/tpch/Functions/09-09_datetime/date_minus_date.sql,2,1,5,2.025554,9.619901,1.898587,0.126967,23.418884,113.785156,22.591568,0.827316,21.563110,104.960358,20.849312,0.713799,0
2026-07-27T17:23:40Z,F346E7F692C196A7,14.23,queries/tpch/Functions/09-09_datetime/date_minus_int.sql,2,1,5,1.894367,9.049882,1.788879,0.105488,22.173767,106.830872,21.164276,1.009491,20.429260,98.557770,19.532127,0.897133,0
2026-07-27T17:24:11Z,F346E7F692C196A7,14.23,queries/tpch/Functions/09-09_datetime/date_part.sql,2,1,5,2.647295,12.772718,2.531356,0.115939,31.020386,151.472137,30.112938,0.907448,28.560669,139.998169,27.859375,0.701294,0
2026-07-27T17:24:33Z,F346E7F692C196A7,14.23,queries/tpch/Functions/09-09_datetime/date_plus_int.sql,2,1,5,1.897783,9.050043,1.788065,0.109718,22.120422,106.949890,21.207367,0.913055,20.300354,98.708160,19.601952,0.698402,0
2026-07-27T17:25:01Z,F346E7F692C196A7,14.23,queries/tpch/Functions/09-09_datetime/date_plus_interval.sql,2,1,5,2.386535,11.468707,2.270543,0.115992,27.688354,135.378784,26.922607,0.765747,25.483459,125.021759,24.884575,0.598885,0
2026-07-27T17:25:33Z,F346E7F692C196A7,14.23,queries/tpch/Functions/09-09_datetime/date_trunc_day.sql,2,1,5,2.686259,13.208429,2.630543,0.055717,31.949951,156.241516,31.072891,0.877060,29.426575,144.396149,28.742393,0.684181,0
2026-07-27T17:26:05Z,F346E7F692C196A7,14.23,queries/tpch/Functions/09-09_datetime/date_trunc_month.sql,2,1,5,2.770232,13.255630,2.621350,0.148883,32.064758,157.520325,31.363892,0.700867,29.475647,145.694977,29.054832,0.420815,0
2026-07-27T17:26:38Z,F346E7F692C196A7,14.23,queries/tpch/Functions/09-09_datetime/extract_day.sql,2,1,5,2.876903,13.917673,2.760192,0.116711,34.066833,166.154419,33.021896,1.044937,31.416809,153.694458,30.569412,0.847397,0
2026-07-27T17:27:16Z,F346E7F692C196A7,14.23,queries/tpch/Functions/09-09_datetime/extract_dow.sql,2,1,5,3.150310,15.546386,3.099019,0.051291,37.833801,186.126770,37.073242,0.760559,34.998474,172.199158,34.300171,0.698303,0
2026-07-27T17:27:54Z,F346E7F692C196A7,14.23,queries/tpch/Functions/09-09_datetime/extract_doy.sql,2,1,5,3.282181,15.977135,3.173738,0.108442,38.642517,189.780212,37.784424,0.858093,35.640198,175.534180,34.973495,0.666702,0
2026-07-27T17:28:30Z,F346E7F692C196A7,14.23,queries/tpch/Functions/09-09_datetime/extract_epoch.sql,2,1,5,3.014080,14.603142,2.897266,0.116814,35.710388,175.005585,34.823799,0.886589,32.946045,161.937714,32.247917,0.698128,0
2026-07-27T17:29:03Z,F346E7F692C196A7,14.23,queries/tpch/Functions/09-09_datetime/extract_month.sql,2,1,5,2.884392,13.986170,2.775444,0.108948,34.081848,167.177704,33.273964,0.807884,31.425171,154.639526,30.803589,0.621582,0
2026-07-27T17:29:38Z,F346E7F692C196A7,14.23,queries/tpch/Functions/09-09_datetime/extract_quarter.sql,2,1,5,2.941081,14.261060,2.829995,0.111086,34.659607,170.792236,34.033157,0.626450,31.949219,158.022430,31.518303,0.430916,0
2026-07-27T17:30:13Z,F346E7F692C196A7,14.23,queries/tpch/Functions/09-09_datetime/extract_week.sql,2,1,5,3.035095,14.711879,2.919196,0.115900,36.051758,175.314728,34.815742,1.236015,33.253662,162.079773,32.206528,1.047134,0
2026-07-27T17:30:47Z,F346E7F692C196A7,14.23,queries/tpch/Functions/09-09_datetime/extract_year.sql,2,1,5,2.853740,14.021392,2.791913,0.061826,34.314697,167.490295,33.293900,1.020798,31.738586,154.904114,30.791382,0.947205,0
2026-07-27T17:31:09Z,F346E7F692C196A7,14.23,queries/tpch/Functions/09-09_datetime/isfinite.sql,2,1,5,1.875822,8.890717,1.753724,0.122098,21.985962,104.779083,20.698280,1.287682,20.197876,96.598480,19.100151,1.097725,0
2026-07-27T17:32:03Z,F346E7F692C196A7,14.23,queries/tpch/Functions/09-09_datetime/justify_days.sql,2,1,5,4.594512,22.392207,4.449424,0.145088,52.406738,261.866608,52.364967,0.041771,48.318848,241.930481,48.402908,-0.084061,0
2026-07-27T17:32:22Z,F346E7F692C196A7,14.23,queries/tpch/Functions/09-09_datetime/make_date.sql,2,1,5,1.679750,7.955001,1.568813,0.110937,19.556702,95.214630,18.914482,0.642220,17.935852,87.848785,17.478233,0.457619,0
2026-07-27T17:32:42Z,F346E7F692C196A7,14.23,queries/tpch/Functions/09-09_datetime/make_interval.sql,2,1,5,1.730356,8.155630,1.606319,0.124037,20.160767,97.240295,19.269882,0.890884,18.429443,89.680359,17.812729,0.616714,0
2026-07-27T17:33:03Z,F346E7F692C196A7,14.23,queries/tpch/Functions/09-09_datetime/make_timestamp.sql,2,1,5,1.791693,8.733150,1.735364,0.056328,21.201843,103.432281,20.557610,0.644234,19.594360,95.396637,18.950569,0.643791,0
2026-07-27T17:33:43Z,F346E7F692C196A7,14.23,queries/tpch/Functions/09-09_datetime/overlaps.sql,2,1,5,3.358491,16.521549,3.290764,0.067727,39.585571,193.811401,38.556458,1.029114,36.501221,178.898529,35.599327,0.901894,0
2026-07-27T17:34:39Z,F346E7F692C196A7,14.23,queries/tpch/Functions/09-11_geometric/box_area.sql,2,1,5,4.747825,23.289014,4.635297,0.112528,54.952942,270.363861,53.852730,1.100212,50.648743,249.713989,49.766312,0.882431,0
2026-07-27T17:35:36Z,F346E7F692C196A7,14.23,queries/tpch/Functions/09-11_geometric/box_center.sql,2,1,5,4.801942,23.795311,4.748342,0.053600,55.846436,276.612091,55.191414,0.655022,51.578308,255.516205,50.984474,0.593834,0
2026-07-27T17:36:32Z,F346E7F692C196A7,14.23,queries/tpch/Functions/09-11_geometric/box_contains_point.sql,2,1,5,4.707655,23.293911,4.646564,0.061091,54.781738,272.854309,54.518143,0.263596,50.485046,252.172699,50.421913,0.063133,0
2026-07-27T17:37:28Z,F346E7F692C196A7,14.23,queries/tpch/Functions/09-11_geometric/box_make.sql,2,1,5,4.704991,23.161759,4.614192,0.090799,54.440247,270.066315,53.906517,0.533730,50.175171,249.536133,49.840240,0.334930,0
2026-07-27T17:38:24Z,F346E7F692C196A7,14.23,queries/tpch/Functions/09-11_geometric/box_overlaps.sql,2,1,5,4.739019,23.250778,4.627940,0.111079,54.950378,270.332031,53.845413,1.104965,50.621704,249.755737,49.783508,0.838196,0
2026-07-27T17:39:26Z,F346E7F692C196A7,14.23,queries/tpch/Functions/09-11_geometric/circle_area.sql,2,1,5,5.281897,25.872427,5.147632,0.134265,61.262207,302.526184,60.315994,0.946213,56.641907,279.762817,55.780228,0.861679,0
2026-07-27T17:40:28Z,F346E7F692C196A7,14.23,queries/tpch/Functions/09-11_geometric/circle_make.sql,2,1,5,5.196157,25.758570,5.140603,0.055554,60.336365,299.323303,59.746735,0.589630,55.749939,276.677673,55.231934,0.518005,0
2026-07-27T17:41:31Z,F346E7F692C196A7,14.23,queries/tpch/Functions/09-11_geometric/lseg_length.sql,2,1,5,5.323077,26.142017,5.204735,0.118342,61.782837,304.833374,60.762634,1.020203,57.141418,281.836243,56.173706,0.967712,0
2026-07-27T17:42:34Z,F346E7F692C196A7,14.23,queries/tpch/Functions/09-11_geometric/lseg_make.sql,2,1,5,5.257888,25.758555,5.125167,0.132722,60.958862,299.833832,59.718742,1.240120,56.356079,277.279572,55.230873,1.125206,0
2026-07-27T17:43:36Z,F346E7F692C196A7,14.23,queries/tpch/Functions/09-11_geometric/point_add.sql,2,1,5,5.276223,25.899654,5.155858,0.120365,61.244568,302.437256,60.298172,0.946396,56.554565,279.680634,55.781517,0.773048,0
2026-07-27T17:44:38Z,F346E7F692C196A7,14.23,queries/tpch/Functions/09-11_geometric/point_distance.sql,2,1,5,5.318589,25.835227,5.129159,0.189430,60.040955,295.388031,58.836769,1.204185,55.266541,272.761139,54.373650,0.892891,0
2026-07-27T17:45:38Z,F346E7F692C196A7,14.23,queries/tpch/Functions/09-11_geometric/point_make.sql,2,1,5,5.110068,25.050877,4.985202,0.124865,58.654724,292.269440,58.403679,0.251045,54.116028,270.070160,53.988533,0.127495,0
2026-07-27T17:46:41Z,F346E7F692C196A7,14.23,queries/tpch/Functions/09-11_geometric/point_mul.sql,2,1,5,5.307198,26.052873,5.186419,0.120779,60.242493,304.888245,61.161438,-0.918945,55.592773,281.809021,56.554062,-0.961288,0
2026-07-27T17:47:28Z,F346E7F692C196A7,14.23,queries/tpch/Functions/09-12_network/abbrev.sql,2,1,5,3.965699,19.262875,3.824294,0.141405,46.027344,226.407867,45.095131,0.932213,42.521790,209.296234,41.693611,0.828178,0
2026-07-27T17:47:47Z,F346E7F692C196A7,14.23,queries/tpch/Functions/09-12_network/broadcast.sql,2,1,5,1.689780,8.013390,1.580903,0.108877,20.417236,96.413757,18.999130,1.418106,18.921875,89.141693,17.554955,1.366920,0
2026-07-27T17:48:05Z,F346E7F692C196A7,14.23,queries/tpch/Functions/09-12_network/contained_by.sql,2,1,5,1.636386,7.556994,1.480152,0.156234,19.246094,91.056702,17.952652,1.293442,17.741272,84.192627,16.612839,1.128433,0
2026-07-27T17:48:24Z,F346E7F692C196A7,14.23,queries/tpch/Functions/09-12_network/contained_by_eq.sql,2,1,5,1.635288,7.563920,1.482158,0.153131,19.133789,91.006622,17.968208,1.165581,17.651367,84.156189,16.626205,1.025162,0
2026-07-27T17:48:42Z,F346E7F692C196A7,14.23,queries/tpch/Functions/09-12_network/contains.sql,2,1,5,1.637184,7.548692,1.477877,0.159307,19.207642,91.043365,17.958931,1.248711,17.653137,84.197815,16.636169,1.016968,0
2026-07-27T17:49:00Z,F346E7F692C196A7,14.23,queries/tpch/Functions/09-12_network/family.sql,2,1,5,1.554490,7.139069,1.396145,0.158346,18.226807,85.749756,16.880737,1.346069,16.725159,79.293915,15.642189,1.082970,0
2026-07-27T17:49:47Z,F346E7F692C196A7,14.23,queries/tpch/Functions/09-12_network/host.sql,2,1,5,4.018136,19.460324,3.860547,0.157589,46.599609,225.793945,44.798584,1.801025,42.887817,208.604858,41.429260,1.458557,0
2026-07-27T17:49:58Z,F346E7F692C196A7,14.23,queries/tpch/Functions/09-12_network/hostmask.sql,2,1,5,1.033648,4.553941,0.880073,0.153575,12.304077,55.950928,10.911713,1.392365,11.269287,51.829315,10.140007,1.129280,0
2026-07-27T17:50:18Z,F346E7F692C196A7,14.23,queries/tpch/Functions/09-12_network/inet_add.sql,2,1,5,1.706548,8.175665,1.617279,0.089268,20.410889,97.839050,19.357040,1.053848,18.923645,90.471466,17.886955,1.036690,0
2026-07-27T17:50:35Z,F346E7F692C196A7,14.23,queries/tpch/Functions/09-12_network/inet_cast.sql,2,1,5,1.545954,7.052769,1.376704,0.169250,18.168030,84.967316,16.699821,1.468208,16.755615,78.548767,15.448288,1.307327,0
2026-07-27T17:50:53Z,F346E7F692C196A7,14.23,queries/tpch/Functions/09-12_network/inet_sub_inet.sql,2,1,5,1.645460,7.613009,1.491887,0.153573,19.258240,91.015533,17.939323,1.318916,17.748962,84.207367,16.614601,1.134361,0
2026-07-27T17:51:14Z,F346E7F692C196A7,14.23,queries/tpch/Functions/09-12_network/inet_sub_int.sql,2,1,5,1.783064,8.292563,1.627375,0.155690,20.923523,99.576782,19.663315,1.260208,19.256714,92.110046,18.213333,1.043381,0
2026-07-27T17:51:31Z,F346E7F692C196A7,14.23,queries/tpch/Functions/09-12_network/macaddr_cast.sql,2,1,5,1.513509,6.946674,1.358291,0.155217,17.796814,83.969055,16.543060,1.253754,16.354065,77.641418,15.321838,1.032227,0
2026-07-27T17:51:48Z,F346E7F692C196A7,14.23,queries/tpch/Functions/09-12_network/masklen.sql,2,1,5,1.551276,7.108262,1.389247,0.162029,18.152039,85.181000,16.757240,1.394798,16.709656,78.797668,15.522003,1.187653,0
2026-07-27T17:51:59Z,F346E7F692C196A7,14.23,queries/tpch/Functions/09-12_network/netmask.sql,2,1,5,1.038467,4.570122,0.882914,0.155553,12.242798,56.820953,11.144539,1.098259,11.269287,52.597046,10.331940,0.937347,0
2026-07-27T17:52:19Z,F346E7F692C196A7,14.23,queries/tpch/Functions/09-12_network/network.sql,2,1,5,1.765221,8.175223,1.602501,0.162721,21.008423,97.967682,19.239815,1.768608,19.336609,90.626953,17.822586,1.514023,0
2026-07-27T17:52:37Z,F346E7F692C196A7,14.23,queries/tpch/Functions/09-12_network/overlaps.sql,2,1,5,1.589865,7.585027,1.498791,0.091075,18.996887,90.958282,17.990349,1.006538,17.608337,84.090332,16.620499,0.987839,0
2026-07-27T17:52:57Z,F346E7F692C196A7,14.23,queries/tpch/Functions/09-12_network/set_masklen.sql,2,1,5,1.734547,8.069896,1.583837,0.150709,20.227478,97.021271,19.198448,1.029030,18.662964,89.698456,17.758873,0.904091,0
2026-07-27T17:56:51Z,F346E7F692C196A7,14.23,queries/tpch/Functions/09-13_text_search/length_tsvector.sql,2,1,5,18.915794,98.675928,19.940033,-1.024239,461.362061,2166.630493,426.317108,35.044952,443.809204,2075.555115,407.936478,35.872726,0
2026-07-27T18:00:51Z,F346E7F692C196A7,14.23,queries/tpch/Functions/09-13_text_search/match.sql,2,1,5,20.106228,100.215953,20.027431,0.078796,441.183838,2199.314941,439.532776,1.651062,422.774292,2107.341919,421.141907,1.632385,0
2026-07-27T18:05:02Z,F346E7F692C196A7,14.23,queries/tpch/Functions/09-13_text_search/numnode.sql,2,1,5,20.957311,104.552960,20.898912,0.058399,460.936829,2294.073853,458.284256,2.652573,441.505981,2197.699310,439.048332,2.457649,0
2026-07-27T18:09:13Z,F346E7F692C196A7,14.23,queries/tpch/Functions/09-13_text_search/phraseto_tsquery.sql,2,1,5,20.906174,104.558889,20.913179,-0.007005,459.775757,2294.639984,458.716057,1.059700,440.504211,2196.824738,439.080132,1.424080,0
2026-07-27T18:13:26Z,F346E7F692C196A7,14.23,queries/tpch/Functions/09-13_text_search/plainto_tsquery.sql,2,1,5,21.045666,105.256313,21.052662,-0.006995,461.803040,2309.914429,462.027847,-0.224808,441.933655,2210.791718,442.214516,-0.280861,0
2026-07-27T18:17:27Z,F346E7F692C196A7,14.23,queries/tpch/Functions/09-13_text_search/setweight.sql,2,1,5,20.137282,100.469137,20.082964,0.054318,441.908997,2204.877106,440.742027,1.166969,423.091187,2111.921112,422.207481,0.883705,0
2026-07-27T18:21:30Z,F346E7F692C196A7,14.23,queries/tpch/Functions/09-13_text_search/strip.sql,2,1,5,20.288399,100.890502,20.150526,0.137873,445.210327,2214.088867,442.219635,2.990692,426.221008,2120.618683,423.599419,2.621590,0
2026-07-27T18:21:41Z,F346E7F692C196A7,14.23,queries/tpch/Functions/09-13_text_search/to_tsquery.sql,2,1,5,1.081842,4.659936,0.894524,0.187318,12.403931,59.392242,11.747078,0.656853,11.328369,54.962006,10.908409,0.419960,0
2026-07-27T18:25:37Z,F346E7F692C196A7,14.23,queries/tpch/Functions/09-13_text_search/to_tsvector.sql,2,1,5,19.666367,98.511265,19.711224,-0.044857,444.254822,2161.543640,429.322205,14.932617,425.977844,2070.517456,411.134903,14.842941,0
2026-07-27T18:28:19Z,F346E7F692C196A7,14.23,queries/tpch/Functions/09-13_text_search/to_tsvector_simple.sql,2,1,5,13.592134,67.528360,13.484056,0.108078,298.354736,1481.683136,295.832100,2.522636,285.667358,1419.395508,283.432037,2.235321,0
2026-07-27T18:32:19Z,F346E7F692C196A7,14.23,queries/tpch/Functions/09-13_text_search/ts_headline.sql,2,1,5,20.027577,99.760774,19.933299,0.094277,439.393188,2189.188324,437.448784,1.944405,420.831360,2097.737823,419.226616,1.604744,0
2026-07-27T18:36:19Z,F346E7F692C196A7,14.23,queries/tpch/Functions/09-13_text_search/ts_rank.sql,2,1,5,20.098084,99.765154,19.916767,0.181317,441.125977,2189.364777,437.059700,4.066277,422.572388,2098.320343,418.936989,3.635399,0
2026-07-27T18:41:20Z,F346E7F692C196A7,14.23,queries/tpch/Functions/09-13_text_search/websearch_to_tsquery.sql,2,1,5,25.116750,125.377596,25.065212,0.051538,551.251770,2752.059784,550.202003,1.049767,528.060486,2636.223877,527.040848,1.019638,0
2026-07-27T18:45:15Z,F346E7F692C196A7,14.23,queries/tpch/Functions/09-14_uuid/gen_random_uuid.sql,2,1,5,19.688801,98.156025,19.616806,0.071995,225.475830,1101.560120,219.021072,6.454758,207.887329,1016.103943,202.054153,5.833176,0
2026-07-27T18:48:11Z,F346E7F692C196A7,14.23,queries/tpch/Functions/09-14_uuid/uuid_from_md5.sql,2,1,5,14.717249,73.031851,14.578651,0.138598,171.827209,857.468781,171.410393,0.416817,159.018066,794.124298,158.776558,0.241508,0
2026-07-27T18:52:19Z,F346E7F692C196A7,14.23,queries/tpch/Functions/09-14_uuid/uuid_to_text.sql,2,1,5,20.782088,103.188371,20.601571,0.180518,235.351746,1152.916626,229.391220,5.960526,217.268677,1063.858093,211.647354,5.621323,0
2026-07-27T18:59:52Z,F346E7F692C196A7,14.23,queries/tpch/Functions/09-15_xml/xml_is_well_formed.sql,2,1,5,38.209066,188.557444,37.587094,0.621972,459.020874,2306.882782,461.965477,-2.944603,426.340332,2143.278870,429.234634,-2.894302,0
2026-07-27T19:02:42Z,F346E7F692C196A7,14.23,queries/tpch/Functions/09-15_xml/xml_to_text.sql,2,1,5,14.159137,70.565417,14.101570,0.057566,171.563110,856.284424,171.180328,0.382782,158.991882,794.700409,158.927132,0.064751,0
2026-07-27T19:04:02Z,F346E7F692C196A7,14.23,queries/tpch/Functions/09-15_xml/xmlcomment.sql,2,1,5,6.758426,33.274014,6.628897,0.129529,82.625671,408.738220,81.528137,1.097534,76.533203,379.290070,75.689217,0.843987,0
2026-07-27T19:09:13Z,F346E7F692C196A7,14.23,queries/tpch/Functions/09-15_xml/xmlconcat.sql,2,1,5,26.337233,128.972627,25.658849,0.678384,323.330994,1569.029785,311.424698,11.906296,300.396851,1457.912170,289.378830,11.018021,0
2026-07-27T19:12:06Z,F346E7F692C196A7,14.23,queries/tpch/Functions/09-15_xml/xmlelement.sql,2,1,5,14.370249,72.169293,14.449761,-0.079512,172.464050,873.846832,175.345695,-2.881645,159.919983,810.907867,162.746971,-2.826988,0
2026-07-27T19:15:28Z,F346E7F692C196A7,14.23,queries/tpch/Functions/09-15_xml/xmlelement_attrs.sql,2,1,5,16.992043,84.202574,16.802633,0.189410,205.706238,1028.136963,205.607681,0.098557,190.868896,954.938751,191.017464,-0.148567,0
2026-07-27T19:17:14Z,F346E7F692C196A7,14.23,queries/tpch/Functions/09-15_xml/xmlforest.sql,2,1,5,8.912555,43.991908,8.769838,0.142717,109.496582,536.820984,106.831100,2.665482,101.438416,498.208679,99.192566,2.245850,0
2026-07-27T19:17:59Z,F346E7F692C196A7,14.23,queries/tpch/Functions/09-15_xml/xmlpi.sql,2,1,5,3.840858,18.710890,3.717508,0.123350,46.404419,225.465820,44.765350,1.639069,42.929749,208.660522,41.432693,1.497055,0
2026-07-27T19:37:24Z,F346E7F692C196A7,14.23,queries/tpch/Functions/09-15_xml/xpath.sql,2,1,5,97.804690,484.412324,96.651909,1.152781,1144.291931,5652.605621,1127.078423,17.213509,1060.311523,5238.289062,1044.494385,15.817139,0
2026-07-27T19:40:43Z,F346E7F692C196A7,14.23,queries/tpch/Functions/09-16_json/arrow_object.sql,2,1,5,16.673306,82.900052,16.556687,0.116619,199.376648,995.492218,199.028893,0.347755,184.924438,923.821259,184.724205,0.200233,0
2026-07-27T19:43:51Z,F346E7F692C196A7,14.23,queries/tpch/Functions/09-16_json/arrow_text.sql,2,1,5,15.689572,77.853615,15.541011,0.148562,188.251892,933.929321,186.419357,1.832535,174.528931,866.580719,173.012947,1.515984,0
2026-07-27T19:47:10Z,F346E7F692C196A7,14.23,queries/tpch/Functions/09-16_json/contains.sql,2,1,5,16.669272,82.832084,16.540703,0.128570,199.943970,989.171387,197.306854,2.637115,185.381653,917.499420,183.029442,2.352211,0
2026-07-27T19:48:53Z,F346E7F692C196A7,14.23,queries/tpch/Functions/09-16_json/json_build_array.sql,2,1,5,8.632650,43.126307,8.623414,0.009236,100.481628,504.877716,101.099022,-0.617393,92.901367,467.206329,93.576241,-0.674873,0
2026-07-27T19:51:17Z,F346E7F692C196A7,14.23,queries/tpch/Functions/09-16_json/json_build_object.sql,2,1,5,12.032735,59.773639,11.935226,0.097509,144.186707,718.987305,143.700150,0.486557,133.617859,667.224915,133.401764,0.216095,0
2026-07-27T19:53:19Z,F346E7F692C196A7,14.23,queries/tpch/Functions/09-16_json/jsonb_array_length.sql,2,1,5,10.300790,50.962630,10.165460,0.135330,120.627014,599.473267,119.711563,0.915451,111.573975,555.246979,110.918251,0.655724,0
2026-07-27T19:55:19Z,F346E7F692C196A7,14.23,queries/tpch/Functions/09-16_json/jsonb_build_array.sql,2,1,5,9.996558,49.627399,9.907710,0.088848,117.172058,586.662598,117.372635,-0.200577,108.400024,543.445770,108.761436,-0.361412,0
2026-07-27T19:58:17Z,F346E7F692C196A7,14.23,queries/tpch/Functions/09-16_json/jsonb_build_object.sql,2,1,5,15.018344,74.256872,14.809632,0.208712,180.290283,893.703125,178.353210,1.937073,167.217102,829.271515,165.513603,1.703499,0
2026-07-27T20:00:36Z,F346E7F692C196A7,14.23,queries/tpch/Functions/09-16_json/jsonb_insert.sql,2,1,5,11.684162,57.861396,11.544308,0.139854,143.681458,714.481567,142.700027,0.981430,133.387390,664.009216,132.655457,0.731934,0
2026-07-27T20:06:41Z,F346E7F692C196A7,14.23,queries/tpch/Functions/09-16_json/jsonb_object_keys_arr.sql,2,1,5,30.729464,151.615978,30.221628,0.507835,383.237488,1891.683136,377.111412,6.126076,356.448792,1761.027649,351.144714,5.304077,0
2026-07-27T20:08:23Z,F346E7F692C196A7,14.23,queries/tpch/Functions/09-16_json/jsonb_path_exists.sql,2,1,5,8.653752,42.512551,8.464700,0.189053,106.260864,524.252167,104.497826,1.763039,98.502258,487.316956,97.203674,1.298584,0
2026-07-27T20:10:20Z,F346E7F692C196A7,14.23,queries/tpch/Functions/09-16_json/jsonb_path_query.sql,2,1,5,9.898009,48.393968,9.623990,0.274020,121.816711,597.197754,118.845261,2.971451,113.220337,554.843323,110.405746,2.814590,0
2026-07-27T20:12:16Z,F346E7F692C196A7,14.23,queries/tpch/Functions/09-16_json/jsonb_path_query_array.sql,2,1,5,9.765288,48.617429,9.713035,0.052253,119.962524,601.919891,120.489342,-0.526817,111.362549,559.538269,112.043930,-0.681381,0
2026-07-27T20:16:19Z,F346E7F692C196A7,14.23,queries/tpch/Functions/09-16_json/jsonb_pretty.sql,2,1,5,20.233288,101.041802,20.202128,0.031160,241.736206,1207.723694,241.496872,0.239334,224.215515,1120.268982,224.013367,0.202148,0
2026-07-27T20:20:06Z,F346E7F692C196A7,14.23,queries/tpch/Functions/09-16_json/jsonb_set.sql,2,1,5,18.999159,94.627528,18.907092,0.092067,228.546204,1139.895966,227.837440,0.708763,211.938477,1058.223785,211.571327,0.367149,0
2026-07-27T20:23:40Z,F346E7F692C196A7,14.23,queries/tpch/Functions/09-16_json/jsonb_strip_nulls.sql,2,1,5,17.942339,89.128322,17.796496,0.145843,218.077637,1083.171143,216.273376,1.804260,202.367920,1005.713562,200.836411,1.531509,0
2026-07-27T20:27:39Z,F346E7F692C196A7,14.23,queries/tpch/Functions/09-16_json/jsonb_to_text.sql,2,1,5,20.030687,99.488259,19.864393,0.166293,238.571594,1182.029816,235.864555,2.707039,221.205933,1095.975464,218.692383,2.513550,0
2026-07-27T20:29:02Z,F346E7F692C196A7,14.23,queries/tpch/Functions/09-16_json/jsonb_typeof.sql,2,1,5,6.957909,34.282784,6.831219,0.126690,81.467529,402.135712,80.167046,1.300484,75.269531,372.085999,74.204117,1.065414,0
2026-07-27T20:31:01Z,F346E7F692C196A7,14.23,queries/tpch/Functions/09-16_json/jsonpath_exists_op.sql,2,1,5,9.997101,49.412462,9.853840,0.143260,122.875244,608.457367,121.395531,1.479713,114.173279,565.579285,112.851501,1.321777,0
2026-07-27T20:32:59Z,F346E7F692C196A7,14.23,queries/tpch/Functions/09-16_json/jsonpath_match_op.sql,2,1,5,9.977485,49.269990,9.823126,0.154359,122.213745,607.189636,121.243973,0.969772,113.446167,564.535767,112.772400,0.673767,0
2026-07-27T20:36:06Z,F346E7F692C196A7,14.23,queries/tpch/Functions/09-16_json/key_exists.sql,2,1,5,15.655285,77.809214,15.538482,0.116803,187.858032,932.787628,186.232399,1.625633,174.223389,865.420990,172.799400,1.423988,0
2026-07-27T20:39:32Z,F346E7F692C196A7,14.23,queries/tpch/Functions/09-16_json/path_extract.sql,2,1,5,17.369206,85.600693,17.057872,0.311334,208.201721,1028.424286,205.055641,3.146080,193.046387,954.512939,190.366638,2.679749,0
2026-07-27T20:42:45Z,F346E7F692C196A7,14.23,queries/tpch/Functions/09-16_json/path_extract_text.sql,2,1,5,16.124497,80.538781,16.103571,0.020926,193.647949,972.195404,194.636864,-0.988914,179.472534,902.124725,180.663048,-1.190514,0
2026-07-27T20:44:30Z,F346E7F692C196A7,14.23,queries/tpch/Functions/09-16_json/row_to_json.sql,2,1,5,8.761422,43.413748,8.663081,0.098341,102.867920,-130552.875000,-32663.935730,32766.803650,95.147644,481.147369,96.499931,-1.352287,0
2026-07-27T20:45:42Z,F346E7F692C196A7,14.23,queries/tpch/Functions/09-16_json/to_json.sql,2,1,5,6.097060,30.219556,6.030624,0.066436,70.502502,352.602661,70.525040,-0.022537,65.048340,326.061737,65.253349,-0.205009,0
2026-07-27T20:46:56Z,F346E7F692C196A7,14.23,queries/tpch/Functions/09-16_json/to_jsonb.sql,2,1,5,6.191457,30.568403,6.094236,0.097221,72.205994,359.181519,71.743881,0.462112,66.661377,332.186737,66.381340,0.280037,0
2026-07-27T20:47:24Z,F346E7F692C196A7,14.23,queries/tpch/Functions/09-18_conditional/case_searched.sql,2,1,5,2.416123,11.614879,2.299689,0.116434,27.945862,137.011688,27.266457,0.679405,25.757446,126.518524,25.190269,0.567177,0
2026-07-27T20:47:49Z,F346E7F692C196A7,14.23,queries/tpch/Functions/09-18_conditional/case_simple.sql,2,1,5,2.179003,10.488843,2.077460,0.101543,25.417114,125.279205,24.965523,0.451591,23.370850,115.762970,23.098030,0.272820,0
2026-07-27T20:48:15Z,F346E7F692C196A7,14.23,queries/tpch/Functions/09-18_conditional/coalesce.sql,2,1,5,2.189095,10.504182,2.078772,0.110323,25.689819,125.053955,24.841034,0.848785,23.612732,115.528351,22.978905,0.633827,0
2026-07-27T20:48:38Z,F346E7F692C196A7,14.23,queries/tpch/Functions/09-18_conditional/nullif.sql,2,1,5,2.018971,9.560367,1.885349,0.133623,23.669067,114.698059,22.757248,0.911819,21.771545,105.951660,21.045029,0.726517,0
2026-07-27T20:49:20Z,F346E7F692C196A7,14.23,queries/tpch/Functions/09-19_array/array_append.sql,2,1,5,3.565953,17.304767,3.434704,0.131250,42.896545,210.509949,41.903351,0.993195,39.620667,195.020508,38.849960,0.770706,0
2026-07-27T20:49:56Z,F346E7F692C196A7,14.23,queries/tpch/Functions/09-19_array/array_cat.sql,2,1,5,3.145204,15.311693,3.041622,0.103582,37.325195,184.081421,36.689056,0.636139,34.428894,170.297852,33.967239,0.461655,0
2026-07-27T20:50:33Z,F346E7F692C196A7,14.23,queries/tpch/Functions/09-19_array/array_concat_op.sql,2,1,5,3.133999,15.287732,3.038433,0.095565,37.667297,183.816895,36.537399,1.129898,34.820251,170.070374,33.812531,1.007721,0
2026-07-27T20:50:58Z,F346E7F692C196A7,14.23,queries/tpch/Functions/09-19_array/array_construct.sql,2,1,5,2.072295,10.149870,2.019394,0.052901,24.603943,120.124908,23.880241,0.723701,22.752502,110.917786,22.041321,0.711182,0
2026-07-27T20:51:35Z,F346E7F692C196A7,14.23,queries/tpch/Functions/09-19_array/array_contains.sql,2,1,5,3.185832,15.439048,3.063304,0.122528,37.927002,185.363129,36.859032,1.067970,34.914978,171.565643,34.162666,0.752312,0
2026-07-27T20:52:17Z,F346E7F692C196A7,14.23,queries/tpch/Functions/09-19_array/array_dims.sql,2,1,5,3.550080,17.306125,3.439011,0.111069,42.053711,204.324860,40.567787,1.485924,38.830688,188.918976,37.522072,1.308617,0
2026-07-27T20:52:42Z,F346E7F692C196A7,14.23,queries/tpch/Functions/09-19_array/array_length.sql,2,1,5,2.173138,10.399969,2.056708,0.116430,25.258301,124.165955,24.726913,0.531387,23.281250,114.661621,22.845093,0.436157,0
2026-07-27T20:53:07Z,F346E7F692C196A7,14.23,queries/tpch/Functions/09-19_array/array_ndims.sql,2,1,5,2.168248,10.381930,2.053420,0.114828,25.122620,123.432831,24.577553,0.545067,23.143860,113.972626,22.707191,0.436668,0
2026-07-27T20:53:45Z,F346E7F692C196A7,14.23,queries/tpch/Functions/09-19_array/array_overlap.sql,2,1,5,3.222710,15.609085,3.096594,0.126116,38.261963,187.565002,37.325760,0.936203,35.315369,173.644287,34.582230,0.733139,0
2026-07-27T20:54:17Z,F346E7F692C196A7,14.23,queries/tpch/Functions/09-19_array/array_position.sql,2,1,5,2.801256,13.527424,2.681542,0.119713,33.059753,160.988342,31.982147,1.077606,30.476746,148.858063,29.595329,0.881416,0
2026-07-27T20:55:03Z,F346E7F692C196A7,14.23,queries/tpch/Functions/09-19_array/array_positions.sql,2,1,5,3.900456,18.965586,3.766282,0.134174,46.461914,227.883820,45.355476,1.106438,42.881226,211.096558,42.053833,0.827393,0
2026-07-27T20:55:45Z,F346E7F692C196A7,14.23,queries/tpch/Functions/09-19_array/array_prepend.sql,2,1,5,3.594194,17.541493,3.486825,0.107370,43.119446,212.613831,42.373596,0.745850,39.839417,197.026062,39.296661,0.542755,0
2026-07-27T20:56:21Z,F346E7F692C196A7,14.23,queries/tpch/Functions/09-19_array/array_remove.sql,2,1,5,3.008488,14.575546,2.891764,0.116724,35.986267,174.755798,34.692383,1.293884,33.208740,161.738403,32.132416,1.076324,0
2026-07-27T20:56:58Z,F346E7F692C196A7,14.23,queries/tpch/Functions/09-19_array/array_replace.sql,2,1,5,3.203295,15.576694,3.093350,0.109945,37.752808,186.319244,37.141609,0.611198,34.831970,172.297729,34.366440,0.465530,0
2026-07-27T20:57:35Z,F346E7F692C196A7,14.23,queries/tpch/Functions/09-19_array/array_slice.sql,2,1,5,3.170534,15.382551,3.053004,0.117530,37.152710,181.717102,36.141098,1.011612,34.231506,167.812592,33.395271,0.836235,0
2026-07-27T20:58:03Z,F346E7F692C196A7,14.23,queries/tpch/Functions/09-19_array/array_subscript.sql,2,1,5,2.314405,11.355962,2.260389,0.054016,27.202759,134.562347,26.839897,0.362862,25.150391,124.201263,24.762718,0.387672,0
2026-07-27T20:58:45Z,F346E7F692C196A7,14.23,queries/tpch/Functions/09-19_array/array_to_string.sql,2,1,5,3.623646,17.681173,3.514382,0.109264,43.471375,213.658997,42.546906,0.924469,40.059509,197.788452,39.432236,0.627274,0
2026-07-27T20:59:11Z,F346E7F692C196A7,14.23,queries/tpch/Functions/09-19_array/array_upper.sql,2,1,5,2.182157,10.456687,2.068633,0.113524,25.206177,123.292084,24.521477,0.684700,23.190979,113.785187,22.648552,0.542427,0
2026-07-27T20:59:36Z,F346E7F692C196A7,14.23,queries/tpch/Functions/09-19_array/cardinality.sql,2,1,5,2.183625,10.447150,2.065881,0.117743,25.535889,123.353241,24.454338,1.081551,23.525513,113.884247,22.589684,0.935829,0
2026-07-27T21:01:03Z,F346E7F692C196A7,14.23,queries/tpch/Functions/09-19_array/string_to_array.sql,2,1,5,7.328246,36.111576,7.195832,0.132414,87.658203,431.621124,85.990730,1.667473,81.078308,399.818176,79.684967,1.393341,0
2026-07-27T21:01:41Z,F346E7F692C196A7,14.23,queries/tpch/Functions/09-19_array/trim_array.sql,2,1,5,3.251076,15.778535,3.131865,0.119212,38.711975,189.467743,37.688942,1.023033,35.655273,175.225159,34.892471,0.762802,0
2026-07-27T21:02:42Z,F346E7F692C196A7,14.23,queries/tpch/Functions/09-20_range/adjacent.sql,2,1,5,5.185476,25.162536,4.994265,0.191211,62.734131,308.726501,61.498093,1.236038,58.145020,286.625885,57.120216,1.024803,0
2026-07-27T21:03:31Z,F346E7F692C196A7,14.23,queries/tpch/Functions/09-20_range/contained_by.sql,2,1,5,4.234093,20.674558,4.110116,0.123976,51.519714,252.012054,50.123085,1.396629,47.604797,233.558533,46.488434,1.116364,0
2026-07-27T21:04:19Z,F346E7F692C196A7,14.23,queries/tpch/Functions/09-20_range/contains_elem.sql,2,1,5,4.078681,19.852149,3.943367,0.135314,49.418091,242.893280,48.368797,1.049294,45.645325,225.188568,44.885811,0.759514,0
2026-07-27T21:05:09Z,F346E7F692C196A7,14.23,queries/tpch/Functions/09-20_range/contains_range.sql,2,1,5,4.226183,20.594021,4.091959,0.134224,50.422180,251.210388,50.197052,0.225128,46.618225,232.763702,46.536369,0.081856,0
2026-07-27T21:05:53Z,F346E7F692C196A7,14.23,queries/tpch/Functions/09-20_range/daterange_make.sql,2,1,5,3.756343,18.288298,3.632989,0.123354,44.986938,222.978241,44.497826,0.489113,41.515198,206.506378,41.247795,0.267403,0
2026-07-27T21:06:58Z,F346E7F692C196A7,14.23,queries/tpch/Functions/09-20_range/intersect.sql,2,1,5,5.470550,27.122866,5.413079,0.057471,67.263855,332.604797,66.335236,0.928619,62.432434,308.707916,61.568871,0.863564,0
2026-07-27T21:07:42Z,F346E7F692C196A7,14.23,queries/tpch/Functions/09-20_range/isempty.sql,2,1,5,3.677363,18.128410,3.612762,0.064602,45.306152,220.803528,43.874344,1.431808,41.885986,204.576996,40.672752,1.213234,0
2026-07-27T21:08:27Z,F346E7F692C196A7,14.23,queries/tpch/Functions/09-20_range/lower.sql,2,1,5,3.863361,18.823893,3.740133,0.123228,46.660522,229.865967,45.801361,0.859161,43.161194,212.974518,42.453331,0.707863,0
2026-07-27T21:09:18Z,F346E7F692C196A7,14.23,queries/tpch/Functions/09-20_range/multirange.sql,2,1,5,4.308855,21.166211,4.214339,0.094516,51.529419,258.008636,51.619804,-0.090385,47.678162,239.177124,47.874741,-0.196579,0
2026-07-27T21:10:09Z,F346E7F692C196A7,14.23,queries/tpch/Functions/09-20_range/overlaps.sql,2,1,5,4.343852,21.152591,4.202185,0.141668,51.830994,256.433136,51.150536,0.680458,47.850464,237.643402,47.448235,0.402229,0
2026-07-27T21:10:58Z,F346E7F692C196A7,14.23,queries/tpch/Functions/09-20_range/strictly_left.sql,2,1,5,4.102722,20.192402,4.022420,0.080302,49.875122,245.342163,48.866760,1.008362,46.211243,227.299103,45.271965,0.939278,0
2026-07-27T21:11:47Z,F346E7F692C196A7,14.23,queries/tpch/Functions/09-20_range/strictly_right.sql,2,1,5,4.095724,20.153914,4.014547,0.081177,49.876709,244.725311,48.712151,1.164558,46.219543,226.742584,45.130760,1.088783,0
2026-07-27T21:13:01Z,F346E7F692C196A7,14.23,queries/tpch/Functions/09-20_range/union.sql,2,1,5,6.342949,30.977234,6.158571,0.184378,77.722229,381.512787,75.947639,1.774590,72.005066,354.176880,70.542953,1.462112,0
2026-07-27T21:13:47Z,F346E7F692C196A7,14.23,queries/tpch/Functions/09-20_range/upper.sql,2,1,5,3.875877,18.872722,3.749211,0.126666,46.306885,230.695343,46.097115,0.209770,42.818787,213.838898,42.755028,0.063759,0
2026-07-27T21:14:28Z,F346E7F692C196A7,14.23,queries/tpch/Functions/09-21_aggregate/array_agg.sql,2,1,5,3.535386,16.888303,3.338229,0.197156,42.310730,203.887573,40.394211,1.916519,38.815979,187.717133,37.225288,1.590691,0
2026-07-27T21:15:44Z,F346E7F692C196A7,14.23,queries/tpch/Functions/09-21_aggregate/array_agg_orderby.sql,2,1,5,6.548037,31.831766,6.320932,0.227105,78.734741,390.457886,77.930786,0.803955,72.615723,361.336731,72.180252,0.435471,0
2026-07-27T21:15:54Z,F346E7F692C196A7,14.23,queries/tpch/Functions/09-21_aggregate/avg.sql,2,1,5,0.897271,3.995089,0.774455,0.122816,22.565674,111.507050,22.235344,0.330330,21.626831,107.414612,21.446945,0.179886,0
2026-07-27T21:16:01Z,F346E7F692C196A7,14.23,queries/tpch/Functions/09-21_aggregate/bit_and.sql,2,1,5,0.617629,2.667594,0.512491,0.105138,14.732910,69.791687,13.764694,0.968216,13.960327,66.838837,13.219627,0.740700,0
2026-07-27T21:16:07Z,F346E7F692C196A7,14.23,queries/tpch/Functions/09-21_aggregate/bit_or.sql,2,1,5,0.649432,2.726193,0.519190,0.130242,14.349182,67.549042,13.299965,1.049217,13.608032,64.481171,12.718285,0.889748,0
2026-07-27T21:16:16Z,F346E7F692C196A7,14.23,queries/tpch/Functions/09-21_aggregate/bool_and.sql,2,1,5,0.833155,3.722112,0.722239,0.110916,18.433594,87.843536,17.352486,1.081108,17.513672,83.866882,16.588303,0.925369,0
2026-07-27T21:16:26Z,F346E7F692C196A7,14.23,queries/tpch/Functions/09-21_aggregate/bool_or.sql,2,1,5,0.803482,3.729175,0.731423,0.072058,17.984924,85.429932,16.861252,1.123672,17.111633,81.464539,16.088226,1.023407,0
2026-07-27T21:16:50Z,F346E7F692C196A7,14.23,queries/tpch/Functions/09-21_aggregate/corr.sql,2,1,5,2.084763,10.290151,2.051347,0.033416,46.678528,229.399872,45.680336,0.998192,44.603882,219.284302,43.670105,0.933777,0
2026-07-27T21:17:01Z,F346E7F692C196A7,14.23,queries/tpch/Functions/09-21_aggregate/count_col.sql,2,1,5,0.949837,4.246699,0.824215,0.125622,20.086792,95.087311,18.750130,1.336662,19.042847,90.676941,17.908524,1.134323,0
2026-07-27T21:17:34Z,F346E7F692C196A7,14.23,queries/tpch/Functions/09-21_aggregate/count_distinct.sql,2,1,5,2.881858,13.483780,2.650480,0.231378,35.745605,173.269958,34.381088,1.364517,32.534851,160.542053,32.001801,0.533051,0
2026-07-27T21:17:43Z,F346E7F692C196A7,14.23,queries/tpch/Functions/09-21_aggregate/count_filter.sql,2,1,5,0.866856,3.876587,0.752433,0.114423,21.852417,104.731750,20.719833,1.132584,20.939270,100.701233,19.940491,0.998779,0
2026-07-27T21:17:48Z,F346E7F692C196A7,14.23,queries/tpch/Functions/09-21_aggregate/count_star.sql,2,1,5,0.496260,2.022748,0.381622,0.114639,10.571167,49.136230,9.641266,0.929901,10.007690,47.027313,9.254906,0.752785,0
2026-07-27T21:19:54Z,F346E7F692C196A7,14.23,queries/tpch/Functions/09-21_aggregate/cume_dist_hypothetical.sql,2,1,5,10.598893,52.158171,10.389820,0.209073,131.258362,629.023956,124.441399,6.816963,121.264893,581.319672,115.013695,6.251198,0
2026-07-27T21:22:05Z,F346E7F692C196A7,14.23,queries/tpch/Functions/09-21_aggregate/dense_rank_hypothetical.sql,2,1,5,11.019121,54.615765,10.899161,0.119960,131.879578,661.685577,132.451500,-0.571922,121.723083,611.251831,122.382187,-0.659103,0
2026-07-27T21:22:16Z,F346E7F692C196A7,14.23,queries/tpch/Functions/09-21_aggregate/group_by.sql,2,1,5,0.999859,4.652439,0.913145,0.086715,26.721741,129.561035,25.709824,1.011917,25.628479,124.822083,24.798401,0.830078,0
2026-07-27T21:23:06Z,F346E7F692C196A7,14.23,queries/tpch/Functions/09-21_aggregate/json_agg.sql,2,1,5,4.258901,20.576065,4.079291,0.179610,52.794861,254.562744,50.441971,2.352890,48.525391,234.372620,46.461807,2.063583,0
2026-07-27T21:24:34Z,F346E7F692C196A7,14.23,queries/tpch/Functions/09-21_aggregate/jsonb_agg.sql,2,1,5,7.491347,36.696428,7.301270,0.190077,91.794556,457.177460,91.345726,0.448830,84.756775,422.649567,84.473198,0.283577,0
2026-07-27T21:24:42Z,F346E7F692C196A7,14.23,queries/tpch/Functions/09-21_aggregate/max.sql,2,1,5,0.760881,3.361586,0.650176,0.110704,19.254883,94.153656,18.724693,0.530190,18.433838,90.657104,18.055817,0.378021,0
2026-07-27T21:24:51Z,F346E7F692C196A7,14.23,queries/tpch/Functions/09-21_aggregate/min.sql,2,1,5,0.774684,3.497956,0.680818,0.093866,19.005066,88.741699,17.434158,1.570908,18.149109,84.989838,16.710182,1.438927,0
2026-07-27T21:25:55Z,F346E7F692C196A7,14.23,queries/tpch/Functions/09-21_aggregate/mode.sql,2,1,5,5.359704,26.812586,5.363220,-0.003516,68.481934,335.773895,66.822990,1.658943,63.379456,310.778473,61.849754,1.529701,0
2026-07-27T21:28:01Z,F346E7F692C196A7,14.23,queries/tpch/Functions/09-21_aggregate/percent_rank_hypothetical.sql,2,1,5,10.479105,52.047913,10.392202,0.086903,126.890137,629.659210,125.692268,1.197868,117.205994,581.691589,116.121399,1.084595,0
2026-07-27T21:28:58Z,F346E7F692C196A7,14.23,queries/tpch/Functions/09-21_aggregate/percentile_cont.sql,2,1,5,4.849318,24.047316,4.799500,0.049818,57.669006,287.243683,57.393669,0.275337,53.128845,264.616852,52.872002,0.256844,0
2026-07-27T21:29:59Z,F346E7F692C196A7,14.23,queries/tpch/Functions/09-21_aggregate/percentile_cont_array.sql,2,1,5,5.119249,25.161119,5.010468,0.108782,61.059509,299.725250,59.666435,1.393074,56.108459,276.249176,55.035179,1.073280,0
2026-07-27T21:31:16Z,F346E7F692C196A7,14.23,queries/tpch/Functions/09-21_aggregate/percentile_disc.sql,2,1,5,6.541334,32.078827,6.384373,0.156960,77.087708,384.172516,76.771202,0.316505,71.020874,355.263153,71.060570,-0.039696,0
2026-07-27T21:33:21Z,F346E7F692C196A7,14.23,queries/tpch/Functions/09-21_aggregate/rank_hypothetical.sql,2,1,5,10.467569,52.063335,10.398942,0.068627,126.212219,627.574829,125.340652,0.871567,116.607544,580.308380,115.925209,0.682335,0
2026-07-27T21:33:44Z,F346E7F692C196A7,14.23,queries/tpch/Functions/09-21_aggregate/regr_slope.sql,2,1,5,1.945811,9.612350,1.916635,0.029176,52.826477,249.526428,49.174988,3.651489,50.959656,240.250641,47.322746,3.636909,0
2026-07-27T21:33:57Z,F346E7F692C196A7,14.23,queries/tpch/Functions/09-21_aggregate/stddev.sql,2,1,5,1.105958,5.069634,0.990919,0.115039,24.240112,116.988892,23.187195,1.052917,23.086548,111.865814,22.194817,0.891731,0
2026-07-27T21:34:09Z,F346E7F692C196A7,14.23,queries/tpch/Functions/09-21_aggregate/stddev_pop.sql,2,1,5,1.119295,5.166418,1.011781,0.107515,23.765808,114.890045,22.781059,0.984749,22.591309,109.525421,21.733528,0.857780,0
2026-07-27T21:35:02Z,F346E7F692C196A7,14.23,queries/tpch/Functions/09-21_aggregate/string_agg.sql,2,1,5,4.466547,21.764100,4.324388,0.142159,57.121582,272.001373,53.719948,3.401634,52.772034,250.875824,49.525948,3.246086,0
2026-07-27T21:35:10Z,F346E7F692C196A7,14.23,queries/tpch/Functions/09-21_aggregate/sum.sql,2,1,5,0.779049,3.535720,0.689168,0.089881,20.390198,96.484680,19.023621,1.366577,19.554871,92.815338,18.315117,1.239754,0
2026-07-27T21:35:20Z,F346E7F692C196A7,14.23,queries/tpch/Functions/09-21_aggregate/sum_filter.sql,2,1,5,0.856199,3.850246,0.748512,0.107688,20.205078,93.950317,18.436310,1.768768,19.120056,89.932312,17.703064,1.416992,0
2026-07-27T21:35:34Z,F346E7F692C196A7,14.23,queries/tpch/Functions/09-21_aggregate/sum_float8.sql,2,1,5,1.208828,5.640324,1.107874,0.100954,26.461548,127.969421,25.376968,1.084579,25.238342,122.283142,24.261200,0.977142,0
2026-07-27T21:35:46Z,F346E7F692C196A7,14.23,queries/tpch/Functions/09-21_aggregate/var_pop.sql,2,1,5,1.087761,5.280173,1.048103,0.039658,24.423462,118.341492,23.479507,0.943954,23.274963,112.999634,22.431168,0.843796,0
2026-07-27T21:35:59Z,F346E7F692C196A7,14.23,queries/tpch/Functions/09-21_aggregate/variance.sql,2,1,5,1.144236,5.284037,1.034950,0.109286,24.419373,118.039459,23.405022,1.014351,23.237488,112.634460,22.349243,0.888245,0
2026-07-27T21:37:57Z,F346E7F692C196A7,14.23,queries/tpch/Functions/09-22_window/avg_over.sql,2,1,5,9.909793,48.728987,9.704799,0.204994,125.273499,606.882233,120.402184,4.871315,115.890625,561.692719,111.450523,4.440102,0
2026-07-27T21:39:41Z,F346E7F692C196A7,14.23,queries/tpch/Functions/09-22_window/count_over.sql,2,1,5,8.811196,43.598250,8.696764,0.114432,108.413635,537.019287,107.151413,1.262222,100.231567,496.879547,99.161995,1.069572,0
2026-07-27T21:55:08Z,F346E7F692C196A7,14.23,queries/tpch/Functions/09-22_window/cume_dist.sql,2,1,5,77.189009,385.766852,77.144461,0.044549,800.337341,4030.942230,807.651222,-7.313881,732.723511,3694.559174,740.458916,-7.735405,0
2026-07-27T21:57:00Z,F346E7F692C196A7,14.23,queries/tpch/Functions/09-22_window/dense_rank.sql,2,1,5,9.523097,46.700653,9.294389,0.228708,116.619507,574.156586,114.384270,2.235237,107.964539,532.022888,106.014587,1.949951,0
2026-07-27T22:09:42Z,F346E7F692C196A7,14.23,queries/tpch/Functions/09-22_window/first_value.sql,2,1,5,64.196942,317.410470,63.303382,0.893560,669.285706,3315.985138,661.674858,7.610847,612.899780,3037.811462,606.227921,6.671860,0
2026-07-27T22:11:25Z,F346E7F692C196A7,14.23,queries/tpch/Functions/09-22_window/first_value_part_1500k.sql,2,1,5,8.684986,42.637750,8.488191,0.196795,104.846924,521.025208,104.044571,0.802353,96.974426,482.381989,96.351891,0.622536,0
2026-07-27T22:13:56Z,F346E7F692C196A7,14.23,queries/tpch/Functions/09-22_window/first_value_part_200k.sql,2,1,5,12.659143,62.759402,12.525065,0.134078,150.387573,758.177795,151.947556,-1.559982,139.030396,701.591980,140.640396,-1.610001,0
2026-07-27T22:27:35Z,F346E7F692C196A7,14.23,queries/tpch/Functions/09-22_window/first_value_part_3.sql,2,1,5,68.655234,340.972053,68.079205,0.576030,726.245361,3615.309692,722.266083,3.979279,665.965210,3317.783325,662.954529,3.010681,0
2026-07-27T22:32:27Z,F346E7F692C196A7,14.23,queries/tpch/Functions/09-22_window/frame_exclude_current.sql,2,1,5,24.473644,121.402315,24.232168,0.241476,298.179504,1478.792816,295.153328,3.026176,276.442749,1372.039429,273.899170,2.543579,0
2026-07-27T22:35:12Z,F346E7F692C196A7,14.23,queries/tpch/Functions/09-22_window/frame_groups.sql,2,1,5,13.898549,68.582886,13.671084,0.227465,167.601196,835.259674,166.914619,0.686577,155.294067,774.545197,154.812782,0.481285,0
2026-07-27T22:37:37Z,F346E7F692C196A7,14.23,queries/tpch/Functions/09-22_window/frame_rows_centered.sql,2,1,5,12.233764,60.536666,12.075725,0.158038,147.510010,734.291962,146.695488,0.814522,136.437256,680.131439,135.923546,0.513710,0
2026-07-27T22:45:55Z,F346E7F692C196A7,14.23,queries/tpch/Functions/09-22_window/frame_rows_following.sql,2,1,5,41.500888,207.537227,41.509085,-0.008197,448.340149,2216.978882,442.159683,6.180466,411.546143,2033.023376,405.369308,6.176834,0
2026-07-27T22:48:00Z,F346E7F692C196A7,14.23,queries/tpch/Functions/09-22_window/frame_rows_running.sql,2,1,5,10.490574,51.939506,10.362233,0.128341,125.218323,623.072113,124.463448,0.754875,115.857971,576.823547,115.241394,0.616577,0
2026-07-27T22:49:50Z,F346E7F692C196A7,14.23,queries/tpch/Functions/09-22_window/lag.sql,2,1,5,9.290835,45.772050,9.120304,0.170531,112.383484,554.380035,110.499138,1.884346,103.910400,513.192719,102.320580,1.589821,0
2026-07-27T22:51:46Z,F346E7F692C196A7,14.23,queries/tpch/Functions/09-22_window/last_value.sql,2,1,5,9.699819,47.920264,9.555111,0.144707,116.366882,579.544037,115.794289,0.572594,107.574463,536.163239,107.147194,0.427269,0
2026-07-27T22:53:29Z,F346E7F692C196A7,14.23,queries/tpch/Functions/09-22_window/last_value_part_1500k.sql,2,1,5,8.775714,43.056312,8.570149,0.205565,107.228394,526.178833,104.737610,2.490784,99.167603,487.453827,97.071556,2.096046,0
2026-07-27T22:55:20Z,F346E7F692C196A7,14.23,queries/tpch/Functions/09-22_window/lead.sql,2,1,5,9.290115,45.867394,9.144320,0.145795,111.992615,555.976166,110.995888,0.996727,103.446960,514.420654,102.743423,0.703537,0
2026-07-27T23:08:10Z,F346E7F692C196A7,14.23,queries/tpch/Functions/09-22_window/nth_value.sql,2,1,5,64.321553,320.609403,64.071963,0.249590,670.543030,3334.513763,665.992683,4.550346,614.391541,3054.690155,610.074654,4.316887,0
2026-07-27T23:12:18Z,F346E7F692C196A7,14.23,queries/tpch/Functions/09-22_window/ntile.sql,2,1,5,20.863248,103.484793,20.655386,0.207862,223.856201,1120.264679,224.102119,-0.245918,205.526123,1029.374084,205.961990,-0.435867,0
2026-07-27T23:14:55Z,F346E7F692C196A7,14.23,queries/tpch/Functions/09-22_window/partition_by.sql,2,1,5,13.199996,65.298221,13.024556,0.175440,160.891724,793.733185,158.210365,2.681358,149.184998,735.924835,146.684959,2.500038,0
2026-07-27T23:24:31Z,F346E7F692C196A7,14.23,queries/tpch/Functions/09-22_window/percent_rank.sql,2,1,5,48.016355,239.990515,47.993540,0.022815,503.722229,2522.014282,504.573013,-0.850784,461.669861,2311.212555,462.385674,-0.715813,0
2026-07-27T23:26:24Z,F346E7F692C196A7,14.23,queries/tpch/Functions/09-22_window/rank.sql,2,1,5,9.404279,46.613995,9.302429,0.101850,113.219177,567.012207,113.448257,-0.229080,104.800964,525.542755,105.185448,-0.384483,0
2026-07-27T23:28:01Z,F346E7F692C196A7,14.23,queries/tpch/Functions/09-22_window/row_number.sql,2,1,5,8.164913,40.324827,8.039979,0.124934,98.868652,487.318512,97.112465,1.756187,91.551697,451.306152,89.938614,1.613083,0
2026-07-27T23:29:31Z,F346E7F692C196A7,14.23,queries/tpch/Functions/09-22_window/row_number_part_1500k.sql,2,1,5,7.692397,37.734967,7.510642,0.181755,93.708435,460.524353,91.703979,2.004456,86.686218,426.389679,84.925865,1.760353,0
2026-07-27T23:31:28Z,F346E7F692C196A7,14.23,queries/tpch/Functions/09-22_window/sum_over.sql,2,1,5,9.869186,48.679980,9.702699,0.166487,118.839600,588.145721,117.326530,1.513069,109.888733,544.538086,108.662338,1.226395,0
2026-07-27T23:31:38Z,F346E7F692C196A7,14.23,queries/tpch/Functions/09-24_subquery/any_subquery.sql,2,1,5,0.898535,3.949939,0.762851,0.135684,22.006042,110.716156,22.177528,-0.171486,21.062805,106.687775,21.406242,-0.343437,0
2026-07-27T23:32:23Z,F346E7F692C196A7,14.23,queries/tpch/Functions/09-24_subquery/exists.sql,2,1,5,3.924988,18.709650,3.696166,0.228823,48.116516,229.225250,45.277184,2.839333,44.424255,212.259094,41.958710,2.465546,0
2026-07-27T23:32:33Z,F346E7F692C196A7,14.23,queries/tpch/Functions/09-24_subquery/in_subquery.sql,2,1,5,0.958252,3.935314,0.744266,0.213986,21.981812,111.591034,22.402306,-0.420494,20.975403,107.549896,21.643623,-0.668221,0
2026-07-27T23:32:50Z,F346E7F692C196A7,14.23,queries/tpch/Functions/09-24_subquery/not_exists.sql,2,1,5,1.470576,7.153904,1.420832,0.049745,38.334778,178.091919,34.939285,3.395493,36.641296,170.030579,33.347321,3.293976,0
2026-07-27T23:33:18Z,F346E7F692C196A7,14.23,queries/tpch/Functions/09-24_subquery/not_in_subquery.sql,2,1,5,2.360645,11.345169,2.246131,0.114515,28.679749,138.295654,27.403976,1.275772,26.375305,127.581421,25.301529,1.073776,0
2026-07-27T23:33:30Z,F346E7F692C196A7,14.23,queries/tpch/Functions/09-24_subquery/scalar_subquery.sql,2,1,5,1.059406,4.938029,0.969656,0.089751,13.690552,64.609131,12.729645,0.960907,12.707214,59.965698,11.814621,0.892593,0
2026-07-27T23:33:51Z,F346E7F692C196A7,14.23,queries/tpch/Functions/09-25_row_comparison/all_array.sql,2,1,5,1.822535,8.628429,1.701474,0.121062,21.471802,104.188232,20.679108,0.792694,19.748779,96.077393,19.082153,0.666626,0
2026-07-27T23:34:11Z,F346E7F692C196A7,14.23,queries/tpch/Functions/09-25_row_comparison/any_array.sql,2,1,5,1.837198,8.476840,1.659910,0.177288,21.062988,101.810852,20.186966,0.876022,19.311890,94.099213,18.696831,0.615059,0
2026-07-27T23:34:32Z,F346E7F692C196A7,14.23,queries/tpch/Functions/09-25_row_comparison/in_list.sql,2,1,5,1.745969,8.478179,1.683053,0.062916,20.987305,100.959869,19.993141,0.994164,19.414673,93.136078,18.430351,0.984322,0
2026-07-27T23:34:53Z,F346E7F692C196A7,14.23,queries/tpch/Functions/09-25_row_comparison/not_in_list.sql,2,1,5,1.821235,8.631702,1.702617,0.118618,21.324219,103.243103,20.479721,0.844498,19.619934,95.337494,18.929390,0.690544,0
2026-07-27T23:35:17Z,F346E7F692C196A7,14.23,queries/tpch/Functions/09-25_row_comparison/row_eq.sql,2,1,5,2.148369,9.973052,1.956171,0.192198,24.861023,118.494385,23.408340,1.452682,22.851929,109.468048,21.654030,1.197899,0
2026-07-27T23:35:45Z,F346E7F692C196A7,14.23,queries/tpch/Functions/09-25_row_comparison/row_in.sql,2,1,5,2.366213,11.360887,2.248669,0.117545,27.986511,135.721191,26.933670,1.052841,25.771851,125.506134,24.933571,0.838280,0
2026-07-27T23:36:09Z,F346E7F692C196A7,14.23,queries/tpch/Functions/09-25_row_comparison/row_is_distinct.sql,2,1,5,2.101399,10.069250,1.991963,0.109436,24.724670,119.749023,23.756088,0.968582,22.739014,110.581757,21.960686,0.778328,0
2026-07-27T23:36:26Z,F346E7F692C196A7,14.23,queries/tpch/Functions/09-25_row_comparison/row_lt.sql,2,1,5,1.471436,6.925987,1.363638,0.107798,17.143860,82.258942,16.278770,0.865089,15.745483,75.824432,15.019737,0.725746,0
2026-07-27T23:36:50Z,F346E7F692C196A7,14.23,queries/tpch/Functions/09-25_row_comparison/row_ne.sql,2,1,5,2.113163,10.095003,1.995460,0.117703,24.748535,119.988983,23.810112,0.938423,22.754822,110.689636,21.983704,0.771118,0
2026-07-27T23:37:43Z,F346E7F692C196A7,14.23,queries/tpch/Functions/09-26_set_returning/generate_series_int.sql,2,1,5,4.286427,22.220178,4.483438,-0.197010,116.321289,537.431061,105.277443,11.043846,112.272461,516.455933,101.045868,11.226593,0
2026-07-27T23:38:27Z,F346E7F692C196A7,14.23,queries/tpch/Functions/09-26_set_returning/generate_subscripts.sql,2,1,5,3.730691,18.172106,3.610354,0.120337,81.851501,398.643951,79.198112,2.653389,78.260071,381.344482,75.771103,2.488968,0
2026-07-27T23:40:11Z,F346E7F692C196A7,14.23,queries/tpch/Functions/09-26_set_returning/jsonb_array_elements.sql,2,1,5,8.708411,43.187461,8.619763,0.088649,191.071960,947.695282,189.155830,1.916130,182.899231,907.480957,181.145432,1.753799,0
2026-07-27T23:41:53Z,F346E7F692C196A7,14.23,queries/tpch/Functions/09-26_set_returning/jsonb_object_keys.sql,2,1,5,8.693888,42.678170,8.496071,0.197817,190.783569,936.566772,186.445801,4.337769,182.649048,897.061127,178.603020,4.046028,0
2026-07-27T23:45:03Z,F346E7F692C196A7,14.23,queries/tpch/Functions/09-26_set_returning/regexp_split_to_table.sql,2,1,5,15.880875,79.101126,15.805063,0.075812,348.500549,1735.882965,346.845604,1.654945,333.724915,1663.566040,332.460281,1.264633,0
2026-07-27T23:46:46Z,F346E7F692C196A7,14.23,queries/tpch/Functions/09-26_set_returning/string_to_table.sql,2,1,5,8.652789,42.752496,8.524927,0.127862,189.952942,938.202637,187.062424,2.890518,181.913147,898.635101,179.180489,2.732658,0
2026-07-27T23:49:00Z,F346E7F692C196A7,14.23,queries/tpch/Functions/09-26_set_returning/unnest.sql,2,1,5,11.226237,55.684700,11.114616,0.111621,142.931396,687.080017,136.037155,6.894241,132.742859,638.159943,126.354271,6.388588,0
2026-07-27T23:49:20Z,F346E7F692C196A7,14.23,queries/tpch/Functions/09-27_system_info/current_database.sql,2,1,5,1.728325,8.128530,1.600051,0.128273,21.002991,99.755646,19.688164,1.314827,19.434265,92.523682,18.272354,1.161911,0
2026-07-27T23:49:47Z,F346E7F692C196A7,14.23,queries/tpch/Functions/09-27_system_info/current_setting.sql,2,1,5,2.314964,11.389815,2.268713,0.046251,27.776917,137.355072,27.394539,0.382378,25.753418,127.183472,25.357513,0.395905,0
2026-07-27T23:50:09Z,F346E7F692C196A7,14.23,queries/tpch/Functions/09-27_system_info/current_user.sql,2,1,5,1.917294,8.988316,1.767755,0.149538,22.953796,109.958282,21.751122,1.202675,21.213745,101.945343,20.182899,1.030846,0
2026-07-27T23:50:20Z,F346E7F692C196A7,14.23,queries/tpch/Functions/09-27_system_info/pg_backend_pid.sql,2,1,5,1.043094,4.627323,0.896057,0.147037,12.438782,56.795166,11.089096,1.349686,11.368164,52.573761,10.301399,1.066765,0
2026-07-27T23:50:47Z,F346E7F692C196A7,14.23,queries/tpch/Functions/09-27_system_info/pg_column_size.sql,2,1,5,2.250875,10.810928,2.140013,0.110862,26.390625,128.161774,25.442787,0.947838,24.336792,118.280151,23.485840,0.850952,0
2026-07-27T23:50:58Z,F346E7F692C196A7,14.23,queries/tpch/Functions/09-27_system_info/pg_column_size_int.sql,2,1,5,1.070073,4.763920,0.923462,0.146612,12.784424,58.700989,11.479141,1.305283,11.771362,54.334869,10.640877,1.130486,0
2026-07-27T23:51:16Z,F346E7F692C196A7,14.23,queries/tpch/Functions/09-27_system_info/pg_typeof.sql,2,1,5,1.548305,7.295621,1.436829,0.111476,18.072815,87.398743,17.331482,0.741333,16.628052,80.654999,16.006737,0.621315,0
2026-07-27T23:51:30Z,F346E7F692C196A7,14.23,queries/tpch/Functions/09-27_system_info/version.sql,2,1,5,1.239479,5.846008,1.151632,0.087847,15.021301,71.490021,14.117180,0.904121,13.866394,66.166046,13.074913,0.791481,0
2026-07-27T23:51:32Z,D989360CB80E6EEE,16.14,queries/tpch/Core/00_baseline/no_table.sql,2,1,5,0.040816,0.039715,-0.000275,0.041091,0.419189,0.481079,0.015472,0.403717,0.398926,0.432068,0.008286,0.390640,0
2026-07-27T23:51:32Z,D989360CB80E6EEE,16.14,queries/tpch/Core/00_baseline/scan_customer.sql,2,1,5,0.156666,0.224551,0.016971,0.139695,0.717285,2.614136,0.474213,0.243073,0.508118,2.306488,0.449593,0.058525,0
2026-07-27T23:51:49Z,D989360CB80E6EEE,16.14,queries/tpch/Core/00_baseline/scan_lineitem.sql,2,1,5,1.227359,6.241579,1.253555,-0.026196,14.431885,70.153351,13.930367,0.501518,13.242493,64.047119,12.701157,0.541336,0
2026-07-27T23:51:49Z,D989360CB80E6EEE,16.14,queries/tpch/Core/00_baseline/scan_nation.sql,2,1,5,0.039632,0.040071,0.000110,0.039522,0.500366,0.502319,0.000488,0.499878,0.438660,0.441132,0.000618,0.438042,0
2026-07-27T23:51:54Z,D989360CB80E6EEE,16.14,queries/tpch/Core/00_baseline/scan_orders.sql,2,1,5,0.335189,1.797448,0.365565,-0.030376,3.917908,17.779572,3.465416,0.452492,3.544556,15.832672,3.072029,0.472527,0
2026-07-27T23:51:55Z,D989360CB80E6EEE,16.14,queries/tpch/Core/00_baseline/scan_part.sql,2,1,5,0.091705,0.258096,0.041598,0.050108,0.973694,3.038788,0.516273,0.457420,0.808594,2.722321,0.478432,0.330162,0
2026-07-27T23:51:58Z,D989360CB80E6EEE,16.14,queries/tpch/Core/00_baseline/scan_partsupp.sql,2,1,5,0.211174,1.211245,0.250018,-0.038844,2.621399,10.734741,2.028336,0.593063,2.389099,9.287628,1.724632,0.664467,0
2026-07-27T23:51:58Z,D989360CB80E6EEE,16.14,queries/tpch/Core/00_baseline/scan_region.sql,2,1,5,0.038941,0.039888,0.000237,0.038705,0.486633,0.483582,-0.000763,0.487396,0.432007,0.429199,-0.000702,0.432709,0
2026-07-27T23:51:58Z,D989360CB80E6EEE,16.14,queries/tpch/Core/00_baseline/scan_supplier.sql,2,1,5,0.058121,0.049399,-0.002180,0.060301,0.387756,0.607117,0.054840,0.332916,0.312500,0.535675,0.055794,0.256706,0
2026-07-27T23:52:00Z,D989360CB80E6EEE,16.14,queries/tpch/Core/01_scan_access/bitmap_scan.sql,2,1,5,0.181220,0.524435,0.085804,0.095416,2.607971,10.870819,2.065712,0.542259,2.385254,10.236023,1.962692,0.422562,0
2026-07-27T23:52:01Z,D989360CB80E6EEE,16.14,queries/tpch/Core/01_scan_access/index_only_scan.sql,2,1,5,0.078800,0.256614,0.044453,0.034347,0.980835,2.913361,0.483131,0.497704,0.908813,2.636688,0.431969,0.476845,0
2026-07-27T23:52:01Z,D989360CB80E6EEE,16.14,queries/tpch/Core/01_scan_access/index_point_lookup.sql,2,1,5,0.039964,0.041075,0.000278,0.039686,0.492554,0.501648,0.002274,0.490280,0.432129,0.446136,0.003502,0.428627,0
2026-07-27T23:52:03Z,D989360CB80E6EEE,16.14,queries/tpch/Core/01_scan_access/index_scan.sql,2,1,5,0.210129,0.557159,0.086757,0.123372,1.607605,5.719147,1.027885,0.579720,1.356323,5.154480,0.949539,0.406784,0
2026-07-27T23:52:08Z,D989360CB80E6EEE,16.14,queries/tpch/Core/01_scan_access/seq_scan.sql,2,1,5,0.503194,1.989790,0.371649,0.131545,11.443054,54.557220,10.778542,0.664513,10.817688,51.712677,10.223747,0.593941,0
2026-07-27T23:52:15Z,D989360CB80E6EEE,16.14,queries/tpch/Core/01_scan_access/tablesample_bernoulli.sql,2,1,5,0.564897,2.745331,0.545108,0.019788,6.457703,30.538818,6.020279,0.437424,5.717163,27.274994,5.389458,0.327705,0
2026-07-27T23:52:15Z,D989360CB80E6EEE,16.14,queries/tpch/Core/01_scan_access/tablesample_system.sql,2,1,5,0.057426,0.128773,0.017837,0.039590,0.740967,1.580841,0.209969,0.530998,0.653320,1.432434,0.194778,0.458542,0
2026-07-27T23:52:22Z,D989360CB80E6EEE,16.14,queries/tpch/Core/02_filter_projection/filter_2pct.sql,2,1,5,0.706391,2.982877,0.569121,0.137270,16.560303,82.626007,16.516426,0.043877,15.796631,79.462830,15.916550,-0.119919,0
2026-07-27T23:52:45Z,D989360CB80E6EEE,16.14,queries/tpch/Core/02_filter_projection/filter_all.sql,2,1,5,1.991736,9.427830,1.859023,0.132713,23.663757,113.377655,22.428474,1.235283,21.694275,104.487213,20.698235,0.996040,0
2026-07-27T23:53:07Z,D989360CB80E6EEE,16.14,queries/tpch/Core/02_filter_projection/filter_half.sql,2,1,5,1.900476,9.071843,1.792842,0.107634,22.235291,107.875092,21.409950,0.825340,20.350830,99.315491,19.741165,0.609665,0
2026-07-27T23:53:14Z,D989360CB80E6EEE,16.14,queries/tpch/Core/02_filter_projection/filter_none.sql,2,1,5,0.717391,2.809465,0.523019,0.194372,15.693787,77.955322,15.565384,0.128403,14.885986,74.927521,15.010384,-0.124397,0
2026-07-27T23:53:14Z,D989360CB80E6EEE,16.14,queries/tpch/Core/02_filter_projection/limit_100.sql,2,1,5,0.044519,0.041567,-0.000738,0.045258,0.459045,0.537231,0.019547,0.439499,0.393860,0.475037,0.020294,0.373566,0
2026-07-27T23:53:18Z,D989360CB80E6EEE,16.14,queries/tpch/Core/02_filter_projection/limit_offset_3m.sql,2,1,5,0.390786,1.577874,0.296772,0.094014,4.258179,18.445526,3.546837,0.711342,3.816956,16.859924,3.260742,0.556213,0
2026-07-27T23:53:30Z,D989360CB80E6EEE,16.14,queries/tpch/Core/02_filter_projection/project_all_cols.sql,2,1,5,1.004121,4.886055,0.970484,0.033637,11.860107,57.460846,11.400185,0.459923,10.870789,52.701050,10.457565,0.413223,0
2026-07-27T23:53:43Z,D989360CB80E6EEE,16.14,queries/tpch/Core/02_filter_projection/project_zero_cols.sql,2,1,5,1.132627,5.186172,1.013386,0.119240,13.215637,62.370880,12.288811,0.926826,12.033569,57.260803,11.306808,0.726761,0
2026-07-27T23:53:59Z,D989360CB80E6EEE,16.14,queries/tpch/Core/03_join_method/large_hash.sql,2,1,5,1.453438,6.857332,1.350974,0.102465,12.219604,57.838959,11.404839,0.814766,10.860718,51.368896,10.127045,0.733673,0
2026-07-27T23:54:10Z,D989360CB80E6EEE,16.14,queries/tpch/Core/03_join_method/large_merge.sql,2,1,5,0.967176,4.376809,0.852408,0.114768,22.864929,110.043823,21.794724,1.070206,21.576660,104.232697,20.664009,0.912651,0
2026-07-27T23:55:38Z,D989360CB80E6EEE,16.14,queries/tpch/Core/03_join_method/large_nestloop_index.sql,2,1,5,7.415968,36.433734,7.254442,0.161526,63.207642,307.370728,61.040771,2.166870,52.126892,253.668457,50.385391,1.741501,0
2026-07-27T23:55:38Z,D989360CB80E6EEE,16.14,queries/tpch/Core/03_join_method/small_hash.sql,2,1,5,0.043388,0.058599,0.003803,0.039585,0.543335,0.761200,0.054466,0.488869,0.475098,0.665802,0.047676,0.427422,0
2026-07-27T23:55:39Z,D989360CB80E6EEE,16.14,queries/tpch/Core/03_join_method/small_merge.sql,2,1,5,0.044045,0.062261,0.004554,0.039492,0.555786,0.781311,0.056381,0.499405,0.488098,0.682465,0.048592,0.439507,0
2026-07-27T23:55:39Z,D989360CB80E6EEE,16.14,queries/tpch/Core/03_join_method/small_nestloop.sql,2,1,5,0.069854,0.224486,0.038658,0.031196,0.903931,2.548920,0.411247,0.492683,0.797363,2.238922,0.360390,0.436974,0
2026-07-27T23:55:39Z,D989360CB80E6EEE,16.14,queries/tpch/Core/04_join_scale/join_10kx25.sql,2,1,5,0.043357,0.058619,0.003816,0.039541,0.566895,0.739655,0.043190,0.523705,0.503784,0.645081,0.035324,0.468460,0
2026-07-27T23:55:56Z,D989360CB80E6EEE,16.14,queries/tpch/Core/04_join_scale/join_1500kx150k.sql,2,1,5,1.462022,6.801372,1.334837,0.127185,11.989502,55.782043,10.948135,1.041367,10.540833,49.531250,9.747604,0.793228,0
2026-07-27T23:55:57Z,D989360CB80E6EEE,16.14,queries/tpch/Core/04_join_scale/join_150kx25.sql,2,1,5,0.104606,0.385302,0.070174,0.034432,1.264038,4.336975,0.768234,0.495804,1.148193,3.947998,0.699951,0.448242,0
2026-07-27T23:55:57Z,D989360CB80E6EEE,16.14,queries/tpch/Core/04_join_scale/join_25x5.sql,2,1,5,0.040887,0.041508,0.000155,0.040732,0.523010,0.515533,-0.001869,0.524879,0.460938,0.450256,-0.002670,0.463608,0
2026-07-27T23:56:26Z,D989360CB80E6EEE,16.14,queries/tpch/Core/04_join_scale/join_6mx10k.sql,2,1,5,2.478933,11.797392,2.329615,0.149319,28.721741,140.255585,27.883461,0.838280,26.397095,129.632111,25.808754,0.588341,0
2026-07-27T23:57:18Z,D989360CB80E6EEE,16.14,queries/tpch/Core/04_join_scale/join_6mx1500k.sql,2,1,5,4.458383,21.675501,4.304280,0.154104,51.921997,257.173767,51.312943,0.609055,47.678772,237.239075,47.390076,0.288696,0
2026-07-27T23:58:10Z,D989360CB80E6EEE,16.14,queries/tpch/Core/04_join_scale/join_6mx200k.sql,2,1,5,4.452481,21.549116,4.274159,0.178322,49.111023,239.517578,47.601639,1.509384,44.877380,220.006653,43.782318,1.095062,0
2026-07-27T23:58:18Z,D989360CB80E6EEE,16.14,queries/tpch/Core/04_join_scale/join_800kx200k.sql,2,1,5,0.714520,3.145610,0.607773,0.106747,7.934326,36.405945,7.117905,0.816422,7.238220,33.455780,6.554390,0.683830,0
2026-07-27T23:58:23Z,D989360CB80E6EEE,16.14,queries/tpch/Core/05_join_type/anti_not_exists.sql,2,1,5,0.562284,2.304900,0.435654,0.126630,5.202026,24.719543,4.879379,0.322647,4.402405,21.525909,4.280876,0.121529,0
2026-07-27T23:58:39Z,D989360CB80E6EEE,16.14,queries/tpch/Core/05_join_type/cross_join.sql,2,1,5,1.360439,6.453145,1.273177,0.087263,16.239807,79.392181,15.788094,0.451714,15.006287,73.578857,14.643143,0.363144,0
2026-07-27T23:58:56Z,D989360CB80E6EEE,16.14,queries/tpch/Core/05_join_type/full_outer.sql,2,1,5,1.432417,6.871121,1.359676,0.072741,11.815674,56.665436,11.212440,0.603233,10.509766,50.348724,9.959740,0.550026,0
2026-07-27T23:59:12Z,D989360CB80E6EEE,16.14,queries/tpch/Core/05_join_type/inner.sql,2,1,5,1.460476,6.774361,1.328471,0.132005,11.656738,56.184998,11.132065,0.524673,10.302917,49.907806,9.901222,0.401695,0
2026-07-27T23:59:23Z,D989360CB80E6EEE,16.14,queries/tpch/Core/05_join_type/join_on_text_cast.sql,2,1,5,1.030647,4.618956,0.897077,0.133569,16.027954,77.422211,15.348564,0.679390,14.975525,72.773895,14.449593,0.525932,0
2026-07-27T23:59:40Z,D989360CB80E6EEE,16.14,queries/tpch/Core/05_join_type/left_outer.sql,2,1,5,1.398210,6.795650,1.349360,0.048850,12.147034,55.825409,10.919594,1.227440,10.859375,49.662140,9.700691,1.158684,0
2026-07-27T23:59:57Z,D989360CB80E6EEE,16.14,queries/tpch/Core/05_join_type/right_outer.sql,2,1,5,1.482578,6.890459,1.351970,0.130607,11.817383,57.002472,11.296272,0.521111,10.449524,50.595703,10.036545,0.412979,0
2026-07-28T00:00:18Z,D989360CB80E6EEE,16.14,queries/tpch/Core/05_join_type/self_join.sql,2,1,5,1.815724,8.720998,1.726319,0.089406,20.785217,102.014557,20.307335,0.477882,19.097839,93.898499,18.700165,0.397675,0
2026-07-28T00:00:33Z,D989360CB80E6EEE,16.14,queries/tpch/Core/05_join_type/semi_exists.sql,2,1,5,1.415396,6.264686,1.212323,0.203073,11.765625,55.358582,10.898239,0.867386,10.395264,49.595673,9.800102,0.595161,0
2026-07-28T00:01:21Z,D989360CB80E6EEE,16.14,queries/tpch/Core/06_join_chain/chain_1_hash.sql,2,1,5,4.102931,19.687339,3.896102,0.206829,48.847473,236.440521,46.898262,1.949211,44.965149,218.376404,43.352814,1.612335,0
2026-07-28T00:01:50Z,D989360CB80E6EEE,16.14,queries/tpch/Core/06_join_chain/chain_1_merge.sql,2,1,5,2.551166,12.069704,2.379634,0.171532,30.491150,146.411072,28.979980,1.511169,28.184326,135.447052,26.815681,1.368645,0
2026-07-28T00:02:18Z,D989360CB80E6EEE,16.14,queries/tpch/Core/06_join_chain/chain_1_nestloop.sql,2,1,5,2.226940,11.518830,2.322973,-0.096033,65.573486,298.536316,58.240707,7.332779,63.410339,287.518402,56.027016,7.383324,0
2026-07-28T00:03:19Z,D989360CB80E6EEE,16.14,queries/tpch/Core/06_join_chain/chain_2_hash.sql,2,1,5,5.179126,25.367141,5.047004,0.132122,59.082825,281.575104,55.623070,3.459755,54.144531,258.133972,50.997360,3.147171,0
2026-07-28T00:05:18Z,D989360CB80E6EEE,16.14,queries/tpch/Core/06_join_chain/chain_2_merge.sql,2,1,5,10.032865,49.407217,9.843588,0.189277,94.685364,462.947388,92.065506,2.619858,81.134583,396.608551,78.868492,2.266090,0
2026-07-28T00:07:00Z,D989360CB80E6EEE,16.14,queries/tpch/Core/06_join_chain/chain_2_nestloop.sql,2,1,5,8.567976,42.734230,8.541563,0.026413,156.334473,766.656219,152.580437,3.754036,140.487427,688.461090,136.993416,3.494011,0
2026-07-28T00:08:03Z,D989360CB80E6EEE,16.14,queries/tpch/Core/06_join_chain/chain_3_hash.sql,2,1,5,5.311984,25.784145,5.118040,0.193944,58.396362,287.650574,57.313553,1.082809,53.359375,263.830414,52.617760,0.741615,0
2026-07-28T00:10:04Z,D989360CB80E6EEE,16.14,queries/tpch/Core/06_join_chain/chain_3_merge.sql,2,1,5,10.252791,50.325821,10.018257,0.234533,96.491760,471.465729,93.743492,2.748268,82.731812,404.236237,80.376106,2.355705,0
2026-07-28T00:14:07Z,D989360CB80E6EEE,16.14,queries/tpch/Core/06_join_chain/chain_3_nestloop.sql,2,1,5,20.371458,100.873258,20.125450,0.246008,207.954407,1020.829590,203.218796,4.735611,179.180237,878.199219,174.754745,4.425491,0
2026-07-28T00:15:09Z,D989360CB80E6EEE,16.14,queries/tpch/Core/06_join_chain/chain_4_hash.sql,2,1,5,5.335705,25.818029,5.120581,0.215124,58.126709,283.415497,56.322197,1.804512,53.232727,260.020294,51.696892,1.535835,0
2026-07-28T00:17:11Z,D989360CB80E6EEE,16.14,queries/tpch/Core/06_join_chain/chain_4_merge.sql,2,1,5,10.242833,50.589446,10.086653,0.156180,96.389771,474.850189,94.615105,1.774666,82.684143,407.277527,81.148346,1.535797,0
2026-07-28T00:21:13Z,D989360CB80E6EEE,16.14,queries/tpch/Core/06_join_chain/chain_4_nestloop.sql,2,1,5,20.434114,100.787776,20.088415,0.345699,209.657227,1048.011169,209.588486,0.068741,180.677734,905.608551,181.232704,-0.554970,0
2026-07-28T00:21:24Z,D989360CB80E6EEE,16.14,queries/tpch/Core/07_grouping_distinct/count_per_group.sql,2,1,5,1.019108,4.611939,0.898208,0.120900,26.127319,131.278900,26.287895,-0.160576,25.104919,126.633972,25.382263,-0.277344,0
2026-07-28T00:22:25Z,D989360CB80E6EEE,16.14,queries/tpch/Core/07_grouping_distinct/cube.sql,2,1,5,5.160587,25.267447,5.026715,0.133872,63.566101,308.122681,61.139145,2.426956,58.831360,285.669708,56.709587,2.121773,0
2026-07-28T00:23:11Z,D989360CB80E6EEE,16.14,queries/tpch/Core/07_grouping_distinct/distinct_200k_vals.sql,2,1,5,3.913091,19.021630,3.777135,0.135957,59.083740,293.781555,58.674454,0.409286,54.818604,273.608643,54.697510,0.121094,0
2026-07-28T00:23:22Z,D989360CB80E6EEE,16.14,queries/tpch/Core/07_grouping_distinct/distinct_3_vals.sql,2,1,5,0.978373,4.531864,0.888373,0.090000,25.974365,125.416351,24.860497,1.113869,24.943176,120.801910,23.964684,0.978493,0
2026-07-28T00:25:53Z,D989360CB80E6EEE,16.14,queries/tpch/Core/07_grouping_distinct/distinct_on.sql,2,1,5,12.787050,63.055707,12.567164,0.219885,151.993530,737.988739,146.498802,5.494728,140.229797,681.776581,135.386696,4.843102,0
2026-07-28T00:26:36Z,D989360CB80E6EEE,16.14,queries/tpch/Core/07_grouping_distinct/group_1500k_vals.sql,2,1,5,3.460148,17.679271,3.554781,-0.094633,91.359863,427.414886,84.013756,7.346107,87.624451,408.474731,80.212570,7.411880,0
2026-07-28T00:27:01Z,D989360CB80E6EEE,16.14,queries/tpch/Core/07_grouping_distinct/group_200k_sortagg.sql,2,1,5,2.097997,10.268675,2.042669,0.055327,50.155762,231.629974,45.368553,4.787209,47.723877,217.797211,42.518333,5.205544,0
2026-07-28T00:27:40Z,D989360CB80E6EEE,16.14,queries/tpch/Core/07_grouping_distinct/group_200k_vals.sql,2,1,5,3.404732,16.058086,3.163338,0.241394,64.038696,315.266388,62.806923,1.231773,59.229004,292.942108,58.428276,0.800728,0
2026-07-28T00:27:51Z,D989360CB80E6EEE,16.14,queries/tpch/Core/07_grouping_distinct/group_3_vals.sql,2,1,5,1.041244,4.724315,0.920768,0.120476,24.402405,117.897003,23.373650,1.028755,23.328308,113.102417,22.443527,0.884781,0
2026-07-28T00:28:05Z,D989360CB80E6EEE,16.14,queries/tpch/Core/07_grouping_distinct/group_7_vals.sql,2,1,5,1.245606,5.936112,1.172627,0.072979,28.201477,132.367096,26.041405,2.160072,26.948669,126.317535,24.842216,2.106453,0
2026-07-28T00:28:51Z,D989360CB80E6EEE,16.14,queries/tpch/Core/07_grouping_distinct/grouping_sets.sql,2,1,5,3.868781,18.772331,3.725887,0.142894,48.642090,233.179504,46.134354,2.507736,44.997437,215.973511,42.744019,2.253418,0
2026-07-28T00:29:29Z,D989360CB80E6EEE,16.14,queries/tpch/Core/07_grouping_distinct/having.sql,2,1,5,3.278817,15.794501,3.128921,0.149896,68.538574,341.483093,68.236130,0.302444,63.679688,318.140564,63.615219,0.064468,0
2026-07-28T00:30:16Z,D989360CB80E6EEE,16.14,queries/tpch/Core/07_grouping_distinct/rollup.sql,2,1,5,4.059957,19.552596,3.873160,0.186797,49.777771,242.419128,48.160339,1.617432,45.944336,224.497559,44.638306,1.306030,0
2026-07-28T00:30:33Z,D989360CB80E6EEE,16.14,queries/tpch/Core/08_sorting/limit_with_ties.sql,2,1,5,1.432259,6.832979,1.350180,0.082079,38.007263,186.593567,37.146576,0.860687,35.978027,176.848236,35.217552,0.760475,0
2026-07-28T00:31:50Z,D989360CB80E6EEE,16.14,queries/tpch/Core/08_sorting/sort_2_keys.sql,2,1,5,6.577469,31.997815,6.355086,0.222382,77.715210,371.368439,73.413307,4.301903,71.486206,341.885956,67.599937,3.886269,0
2026-07-28T00:32:38Z,D989360CB80E6EEE,16.14,queries/tpch/Core/08_sorting/sort_date.sql,2,1,5,4.195679,20.182714,3.996759,0.198920,47.841858,232.252960,46.102776,1.739082,43.893921,213.653137,42.439804,1.454117,0
2026-07-28T00:33:36Z,D989360CB80E6EEE,16.14,queries/tpch/Core/08_sorting/sort_desc.sql,2,1,5,4.852972,23.906840,4.763467,0.089505,54.699524,266.407379,52.926964,1.772560,50.192261,244.517212,48.581238,1.611023,0
2026-07-28T00:34:32Z,D989360CB80E6EEE,16.14,queries/tpch/Core/08_sorting/sort_int.sql,2,1,5,4.830534,23.425720,4.648797,0.181738,54.020630,263.496185,52.368889,1.651741,49.446106,242.056030,48.152481,1.293625,0
2026-07-28T00:35:11Z,D989360CB80E6EEE,16.14,queries/tpch/Core/08_sorting/sort_int_presorted.sql,2,1,5,3.328288,16.090553,3.190566,0.137722,38.842590,188.396179,37.388397,1.454193,35.729248,173.508270,34.444756,1.284492,0
2026-07-28T00:37:51Z,D989360CB80E6EEE,16.14,queries/tpch/Core/08_sorting/sort_numeric.sql,2,1,5,13.482968,66.335286,13.213080,0.269888,146.268799,718.844727,143.143982,3.124817,134.257507,660.388550,131.532761,2.724747,0
2026-07-28T00:44:54Z,D989360CB80E6EEE,16.14,queries/tpch/Core/08_sorting/sort_text.sql,2,1,5,35.090842,176.917738,35.456724,-0.365881,750.833923,3717.911133,741.769302,9.064621,717.244934,3549.576263,708.082832,9.162102,0
2026-07-28T00:46:07Z,D989360CB80E6EEE,16.14,queries/tpch/Core/08_sorting/sort_text_collate_c.sql,2,1,5,6.216016,30.629748,6.103433,0.112583,143.381958,674.421753,132.759949,10.622009,134.948181,632.965820,124.504410,10.443771,0
2026-07-28T00:46:14Z,D989360CB80E6EEE,16.14,queries/tpch/Core/08_sorting/sort_topn_100.sql,2,1,5,0.601046,2.700100,0.524763,0.076283,13.867432,62.715332,12.211975,1.655457,13.007935,59.160736,11.538200,1.469734,0
2026-07-28T00:46:45Z,D989360CB80E6EEE,16.14,queries/tpch/Core/09_set_operations/except.sql,2,1,5,2.732900,13.000508,2.566902,0.165998,17.848938,87.437531,17.397148,0.451790,15.080139,75.136871,15.014183,0.065956,0
2026-07-28T00:47:17Z,D989360CB80E6EEE,16.14,queries/tpch/Core/09_set_operations/except_all.sql,2,1,5,2.681459,12.969833,2.572093,0.109366,17.646790,86.881226,17.308609,0.338181,15.058594,74.755127,14.924133,0.134460,0
2026-07-28T00:47:48Z,D989360CB80E6EEE,16.14,queries/tpch/Core/09_set_operations/intersect.sql,2,1,5,2.739501,13.059796,2.580074,0.159427,17.402466,86.081238,17.169693,0.232773,14.778137,73.946747,14.792152,-0.014015,0
2026-07-28T00:48:21Z,D989360CB80E6EEE,16.14,queries/tpch/Core/09_set_operations/intersect_all.sql,2,1,5,2.778722,13.381230,2.650627,0.128095,18.408447,92.401794,18.498337,-0.089890,15.808044,79.876343,16.017075,-0.209030,0
2026-07-28T00:48:51Z,D989360CB80E6EEE,16.14,queries/tpch/Core/09_set_operations/union.sql,2,1,5,2.579158,12.554477,2.493830,0.085328,29.096008,141.195343,28.024834,1.071175,26.736023,129.818481,25.770615,0.965408,0
2026-07-28T00:49:00Z,D989360CB80E6EEE,16.14,queries/tpch/Core/09_set_operations/union_all.sql,2,1,5,0.821809,3.620578,0.699692,0.122117,9.215576,42.191864,8.244072,0.971504,8.408569,38.771332,7.590691,0.817879,0
2026-07-28T00:49:04Z,D989360CB80E6EEE,16.14,queries/tpch/Core/10_subqueries_ctes/cte_inline.sql,2,1,5,0.375132,1.513045,0.284478,0.090653,3.965088,17.191895,3.306702,0.658386,3.561646,15.711731,3.037521,0.524124,0
2026-07-28T00:49:12Z,D989360CB80E6EEE,16.14,queries/tpch/Core/10_subqueries_ctes/cte_materialized.sql,2,1,5,0.803716,3.586751,0.695759,0.107958,9.204956,42.442535,8.309395,0.895561,8.372681,39.138428,7.691437,0.681244,0
2026-07-28T00:49:18Z,D989360CB80E6EEE,16.14,queries/tpch/Core/10_subqueries_ctes/cte_recursive.sql,2,1,5,0.519622,2.236210,0.429147,0.090475,5.875610,26.949097,5.268372,0.607239,5.347412,24.893890,4.886620,0.460793,0
2026-07-28T00:49:22Z,D989360CB80E6EEE,16.14,queries/tpch/Core/10_subqueries_ctes/from_subquery.sql,2,1,5,0.380410,1.506952,0.281635,0.098775,3.848450,17.249969,3.350380,0.498070,3.444824,15.754120,3.077324,0.367500,0
2026-07-28T00:49:30Z,D989360CB80E6EEE,16.14,queries/tpch/Core/10_subqueries_ctes/function_scan.sql,2,1,5,0.747442,3.396535,0.662273,0.085169,8.681763,40.703430,8.005417,0.676346,7.950745,37.571960,7.405304,0.545441,0
2026-07-28T00:49:55Z,D989360CB80E6EEE,16.14,queries/tpch/Core/10_subqueries_ctes/lateral_limit.sql,2,1,5,2.229610,10.367441,2.034458,0.195153,20.351196,98.145691,19.448624,0.902573,17.255432,83.533661,16.569557,0.685875,0
2026-07-28T00:50:04Z,D989360CB80E6EEE,16.14,queries/tpch/Core/10_subqueries_ctes/scalar_correlated.sql,2,1,5,0.813291,3.607141,0.698462,0.114829,8.885620,41.292664,8.101761,0.783859,8.049072,38.072388,7.505829,0.543243,0
2026-07-28T00:50:12Z,D989360CB80E6EEE,16.14,queries/tpch/Core/10_subqueries_ctes/scalar_correlated_indexed.sql,2,1,5,0.811124,3.371533,0.640102,0.171021,9.482056,41.454315,7.993065,1.488991,8.651917,38.444672,7.448189,1.203728,0
2026-07-28T00:50:16Z,D989360CB80E6EEE,16.14,queries/tpch/Core/10_subqueries_ctes/scalar_uncorrelated.sql,2,1,5,0.380185,1.407482,0.256824,0.123360,3.715027,16.044830,3.082451,0.632576,3.310974,14.685028,2.843513,0.467461,0
2026-07-28T00:50:16Z,D989360CB80E6EEE,16.14,queries/tpch/Core/10_subqueries_ctes/values_scan.sql,2,1,5,0.039345,0.040033,0.000172,0.039174,0.497925,0.499054,0.000282,0.497643,0.451843,0.443939,-0.001976,0.453819,0
2026-07-28T00:50:44Z,D989360CB80E6EEE,16.14,queries/tpch/Core/12_memory_workmem/hashagg_nospill.sql,2,1,5,2.447842,11.456108,2.252066,0.195776,24.613220,118.350464,23.434311,1.178909,21.270203,102.657410,20.346802,0.923401,0
2026-07-28T00:51:28Z,D989360CB80E6EEE,16.14,queries/tpch/Core/12_memory_workmem/hashagg_spill.sql,2,1,5,3.634804,18.126667,3.622966,0.011838,58.813049,285.116089,56.575760,2.237289,54.975342,265.470642,52.623825,2.351517,0
2026-07-28T00:51:32Z,D989360CB80E6EEE,16.14,queries/tpch/Core/12_memory_workmem/hashjoin_manybatch.sql,2,1,5,0.465392,1.937754,0.368091,0.097302,10.595032,51.741272,10.286560,0.308472,10.073547,49.731873,9.914581,0.158966,0
2026-07-28T00:51:36Z,D989360CB80E6EEE,16.14,queries/tpch/Core/12_memory_workmem/hashjoin_onebatch.sql,2,1,5,0.300352,1.446540,0.286547,0.013805,7.864990,35.408142,6.885788,0.979202,7.545227,33.910858,6.591408,0.953819,0
2026-07-28T00:52:14Z,D989360CB80E6EEE,16.14,queries/tpch/Core/12_memory_workmem/sort_nospill.sql,2,1,5,3.310972,15.843344,3.133093,0.177878,37.764038,181.370056,35.901505,1.862534,34.203979,165.004639,32.700165,1.503815,0
2026-07-28T00:53:11Z,D989360CB80E6EEE,16.14,queries/tpch/Core/12_memory_workmem/sort_spill.sql,2,1,5,4.860772,23.457181,4.649102,0.211670,55.305725,264.136902,52.207794,3.097931,50.650269,242.783203,48.033234,2.617035,0
2026-07-28T00:54:51Z,D989360CB80E6EEE,16.14,queries/tpch/Core/12_memory_workmem/window_nospill.sql,2,1,5,8.541513,41.433205,8.222923,0.318590,89.293457,454.783997,91.372635,-2.079178,81.086243,414.434143,83.336975,-2.250732,0
2026-07-28T01:07:20Z,D989360CB80E6EEE,16.14,queries/tpch/Core/12_memory_workmem/window_spill.sql,2,1,5,62.268569,312.229337,62.490192,-0.221622,647.912048,3248.475372,650.140831,-2.228783,593.635803,2975.519135,595.470833,-1.835030,0
2026-07-28T01:08:59Z,D989360CB80E6EEE,16.14,queries/tpch/Core/12_memory_workmem/window_tail_spill.sql,2,1,5,8.368523,41.306852,8.234582,0.133940,99.408691,499.228821,99.955032,-0.546341,91.860413,462.077179,92.554192,-0.693779,0
2026-07-28T01:09:41Z,D989360CB80E6EEE,16.14,queries/tpch/Core/13_jit/jit_inline.sql,2,1,5,3.406983,17.509699,3.525679,-0.118696,94.931091,439.812653,86.220390,8.710701,91.653442,423.131561,82.869530,8.783913,0
2026-07-28T01:10:25Z,D989360CB80E6EEE,16.14,queries/tpch/Core/13_jit/jit_off.sql,2,1,5,3.726865,18.343124,3.654065,0.072801,81.636414,402.399048,80.190659,1.445755,78.048035,385.045380,76.749336,1.298698,0
2026-07-28T01:11:09Z,D989360CB80E6EEE,16.14,queries/tpch/Core/13_jit/jit_on.sql,2,1,5,3.673765,18.039022,3.591314,0.082451,80.692627,395.858032,78.791351,1.901276,77.141357,378.806183,75.416206,1.725151,0
2026-07-28T01:11:50Z,D989360CB80E6EEE,16.14,queries/tpch/Core/13_jit/jit_optimize.sql,2,1,5,3.497964,17.330655,3.458173,0.039792,77.726746,380.300354,75.643402,2.083344,74.373657,363.739899,72.341560,2.032097,0
2026-07-28T01:12:32Z,D989360CB80E6EEE,16.14,queries/tpch/Core/14_modern_nodes/incremental_sort.sql,2,1,5,3.625355,17.411894,3.446635,0.178720,44.589355,213.560791,42.242859,2.346497,40.975525,196.526947,38.887856,2.087669,0
2026-07-28T01:13:34Z,D989360CB80E6EEE,16.14,queries/tpch/Core/14_modern_nodes/incremental_sort_off.sql,2,1,5,5.268813,25.517640,5.062207,0.206607,62.842590,305.038849,60.549065,2.293526,57.534973,280.617249,55.770569,1.764404,0
2026-07-28T01:17:42Z,D989360CB80E6EEE,16.14,queries/tpch/Core/14_modern_nodes/memoize.sql,2,1,5,20.674998,103.225278,20.637570,0.037428,256.850830,1280.793152,255.985580,0.865250,238.365906,1188.526398,237.540123,0.825783,0
2026-07-28T01:21:43Z,D989360CB80E6EEE,16.14,queries/tpch/Core/14_modern_nodes/memoize_off.sql,2,1,5,19.606726,100.768984,20.290565,-0.683839,247.564819,1254.186707,251.655472,-4.090652,230.719177,1167.592468,234.218323,-3.499146,0
2026-07-28T01:22:07Z,D989360CB80E6EEE,16.14,queries/tpch/Functions/00_baseline/char.sql,2,1,5,2.104190,10.049319,1.986282,0.117908,24.445129,118.540436,23.523827,0.921303,22.493958,109.377563,21.720901,0.773056,0
2026-07-28T01:22:29Z,D989360CB80E6EEE,16.14,queries/tpch/Functions/00_baseline/date.sql,2,1,5,1.855111,8.802758,1.736912,0.118199,21.335144,103.702240,20.591774,0.743370,19.625610,95.729401,19.025948,0.599663,0
2026-07-28T01:22:38Z,D989360CB80E6EEE,16.14,queries/tpch/Functions/00_baseline/int.sql,2,1,5,0.858970,3.779451,0.730120,0.128850,10.110596,46.192139,9.020386,1.090210,9.231140,42.656128,8.356247,0.874893,0
2026-07-28T01:22:55Z,D989360CB80E6EEE,16.14,queries/tpch/Functions/00_baseline/numeric.sql,2,1,5,1.421359,6.891927,1.367642,0.053717,16.864014,80.525482,15.915367,0.948647,15.560303,74.153168,14.648216,0.912086,0
2026-07-28T01:23:20Z,D989360CB80E6EEE,16.14,queries/tpch/Functions/00_baseline/text.sql,2,1,5,2.226190,10.446990,2.055200,0.170990,25.117493,122.452148,24.333664,0.783829,23.037231,112.985504,22.487068,0.550163,0
2026-07-28T01:23:49Z,D989360CB80E6EEE,16.14,queries/tpch/Functions/09-01_logical/and.sql,2,1,5,2.451126,11.791127,2.335000,0.116126,28.567871,138.483154,27.478821,1.089050,26.297607,127.814453,25.379211,0.918396,0
2026-07-28T01:24:13Z,D989360CB80E6EEE,16.14,queries/tpch/Functions/09-01_logical/not.sql,2,1,5,2.063042,10.098177,2.008784,0.054258,24.218933,119.146790,23.731964,0.486969,22.324158,109.898315,21.893539,0.430618,0
2026-07-28T01:24:39Z,D989360CB80E6EEE,16.14,queries/tpch/Functions/09-01_logical/or.sql,2,1,5,2.270562,10.854029,2.145867,0.124695,26.551331,127.623688,25.268089,1.283241,24.346313,117.726440,23.345032,1.001282,0
2026-07-28T01:25:07Z,D989360CB80E6EEE,16.14,queries/tpch/Functions/09-02_comparison/between.sql,2,1,5,2.363281,11.332171,2.242223,0.121058,27.530823,133.200775,26.417488,1.113335,25.271423,122.850250,24.394707,0.876717,0
2026-07-28T01:25:39Z,D989360CB80E6EEE,16.14,queries/tpch/Functions/09-02_comparison/between_symmetric.sql,2,1,5,2.766151,13.615590,2.712360,0.053791,32.342896,160.293854,31.987740,0.355156,29.844666,148.004089,29.539856,0.304810,0
2026-07-28T01:26:02Z,D989360CB80E6EEE,16.14,queries/tpch/Functions/09-02_comparison/eq.sql,2,1,5,1.971143,9.419440,1.862074,0.109069,22.726379,110.675415,21.987259,0.739120,20.863037,102.061951,20.299728,0.563309,0
2026-07-28T01:26:25Z,D989360CB80E6EEE,16.14,queries/tpch/Functions/09-02_comparison/ge.sql,2,1,5,1.971473,9.409659,1.859546,0.111926,22.960938,110.628571,21.916908,1.044029,20.948853,102.049622,20.275192,0.673660,0
2026-07-28T01:26:53Z,D989360CB80E6EEE,16.14,queries/tpch/Functions/09-02_comparison/greatest.sql,2,1,5,2.405180,11.578463,2.293321,0.111860,27.990540,137.066864,27.269081,0.721458,25.690430,126.537079,25.211662,0.478767,0
2026-07-28T01:27:16Z,D989360CB80E6EEE,16.14,queries/tpch/Functions/09-02_comparison/gt.sql,2,1,5,1.993529,9.489024,1.873874,0.119655,22.921875,111.119507,22.049408,0.872467,21.007019,102.435547,20.357132,0.649887,0
2026-07-28T01:27:39Z,D989360CB80E6EEE,16.14,queries/tpch/Functions/09-02_comparison/is_distinct_from.sql,2,1,5,1.987925,9.466886,1.869740,0.118184,22.966003,110.871826,21.976456,0.989548,20.991638,102.167999,20.294090,0.697548,0
2026-07-28T01:28:02Z,D989360CB80E6EEE,16.14,queries/tpch/Functions/09-02_comparison/is_not_distinct_from.sql,2,1,5,2.014862,9.547749,1.883222,0.131641,23.164795,111.421082,22.064072,1.100723,21.238159,102.647919,20.352440,0.885719,0
2026-07-28T01:28:28Z,D989360CB80E6EEE,16.14,queries/tpch/Functions/09-02_comparison/is_not_null.sql,2,1,5,2.204103,10.540550,2.084112,0.119991,25.460327,123.449554,24.497307,0.963020,23.383423,113.851318,22.616974,0.766449,0
2026-07-28T01:28:53Z,D989360CB80E6EEE,16.14,queries/tpch/Functions/09-02_comparison/is_null.sql,2,1,5,2.206839,10.553340,2.086625,0.120214,25.291260,124.148773,24.714378,0.576881,23.223511,114.517334,22.823456,0.400055,0
2026-07-28T01:29:16Z,D989360CB80E6EEE,16.14,queries/tpch/Functions/09-02_comparison/le.sql,2,1,5,1.976600,9.446356,1.867439,0.109161,22.786682,110.027405,21.810181,0.976501,20.907532,101.378845,20.117828,0.789703,0
2026-07-28T01:29:44Z,D989360CB80E6EEE,16.14,queries/tpch/Functions/09-02_comparison/least.sql,2,1,5,2.397081,11.494543,2.274366,0.122715,28.199829,136.738159,27.134583,1.065247,25.907349,126.355713,25.112091,0.795258,0
2026-07-28T01:30:06Z,D989360CB80E6EEE,16.14,queries/tpch/Functions/09-02_comparison/lt.sql,2,1,5,1.968761,9.331802,1.840760,0.128001,22.416504,109.632629,21.804031,0.612473,20.526306,101.050934,20.131157,0.395149,0
2026-07-28T01:30:29Z,D989360CB80E6EEE,16.14,queries/tpch/Functions/09-02_comparison/ne.sql,2,1,5,2.007123,9.287061,1.819985,0.187139,22.818542,108.818329,21.499947,1.318596,20.850464,100.393951,19.885872,0.964592,0
2026-07-28T01:30:56Z,D989360CB80E6EEE,16.14,queries/tpch/Functions/09-02_comparison/not_between.sql,2,1,5,2.352318,11.259065,2.226687,0.125631,27.033386,131.980927,26.236885,0.796501,24.828613,121.766083,24.234367,0.594246,0
2026-07-28T01:31:14Z,D989360CB80E6EEE,16.14,queries/tpch/Functions/09-02_comparison/num_nonnulls.sql,2,1,5,1.575992,7.616007,1.510004,0.065988,18.577271,90.149506,17.893059,0.684212,17.072815,83.143646,16.517708,0.555107,0
2026-07-28T01:31:33Z,D989360CB80E6EEE,16.14,queries/tpch/Functions/09-02_comparison/num_nulls.sql,2,1,5,1.617762,7.627819,1.502514,0.115248,18.609375,90.679626,18.017563,0.591812,17.041199,83.605927,16.641182,0.400017,0
2026-07-28T01:32:05Z,D989360CB80E6EEE,16.14,queries/tpch/Functions/09-03_math/abs.sql,2,1,5,2.761374,13.329362,2.641997,0.119377,32.173950,157.113251,31.234825,0.939125,29.594604,145.110748,28.879036,0.715569,0
2026-07-28T01:32:48Z,D989360CB80E6EEE,16.14,queries/tpch/Functions/09-03_math/acos.sql,2,1,5,3.664127,17.813778,3.537413,0.126715,42.003357,205.293640,40.822571,1.180786,38.595703,189.337769,37.685516,0.910187,0
2026-07-28T01:33:27Z,D989360CB80E6EEE,16.14,queries/tpch/Functions/09-03_math/acosh.sql,2,1,5,3.362314,16.038234,3.168980,0.193335,38.031250,186.334595,37.075836,0.955414,34.928040,171.889709,34.240417,0.687622,0
2026-07-28T01:34:01Z,D989360CB80E6EEE,16.14,queries/tpch/Functions/09-03_math/add.sql,2,1,5,2.934608,14.163730,2.807281,0.127328,34.112427,166.473541,33.090279,1.022148,31.391968,153.708710,30.579185,0.812782,0
2026-07-28T01:34:58Z,D989360CB80E6EEE,16.14,queries/tpch/Functions/09-03_math/add_float8.sql,2,1,5,4.829047,23.660550,4.707876,0.121171,55.509277,276.240845,55.182892,0.326385,51.137451,255.262085,51.031158,0.106293,0
2026-07-28T01:35:41Z,D989360CB80E6EEE,16.14,queries/tpch/Functions/09-03_math/asin.sql,2,1,5,3.645583,17.789171,3.535897,0.109685,41.530884,207.122803,41.397980,0.132904,38.221191,191.102203,38.220253,0.000938,0
2026-07-28T01:36:20Z,D989360CB80E6EEE,16.14,queries/tpch/Functions/09-03_math/asinh.sql,2,1,5,3.302716,16.063541,3.190206,0.112510,37.505432,186.382904,37.219368,0.286064,34.474976,171.864502,34.347382,0.127594,0
2026-07-28T01:36:57Z,D989360CB80E6EEE,16.14,queries/tpch/Functions/09-03_math/atan.sql,2,1,5,3.173100,15.386104,3.053251,0.119849,36.809204,179.939209,35.782501,1.026703,33.849670,166.026764,33.044273,0.805397,0
2026-07-28T01:37:59Z,D989360CB80E6EEE,16.14,queries/tpch/Functions/09-03_math/atan2.sql,2,1,5,5.242616,25.924840,5.170556,0.072060,61.165588,297.870819,59.176308,1.989281,56.521118,275.008728,54.621902,1.899216,0
2026-07-28T01:38:44Z,D989360CB80E6EEE,16.14,queries/tpch/Functions/09-03_math/atanh.sql,2,1,5,3.859645,18.759792,3.725037,0.134609,43.714233,213.143951,42.357430,1.356804,40.244019,196.336426,39.023102,1.220917,0
2026-07-28T01:39:37Z,D989360CB80E6EEE,16.14,queries/tpch/Functions/09-03_math/cbrt.sql,2,1,5,4.423703,21.697064,4.318340,0.105363,49.078918,246.926880,49.461990,-0.383072,45.102905,227.577515,45.618652,-0.515747,0
2026-07-28T01:40:32Z,D989360CB80E6EEE,16.14,queries/tpch/Functions/09-03_math/ceil.sql,2,1,5,4.681157,22.865167,4.546002,0.135155,53.033508,260.872162,51.959663,1.073845,48.837463,240.486359,47.912224,0.925240,0
2026-07-28T01:41:16Z,D989360CB80E6EEE,16.14,queries/tpch/Functions/09-03_math/cos.sql,2,1,5,3.732369,18.152459,3.605023,0.127347,42.299561,208.528076,41.557129,0.742432,38.919678,192.302826,38.345787,0.573891,0
2026-07-28T01:42:01Z,D989360CB80E6EEE,16.14,queries/tpch/Functions/09-03_math/cosh.sql,2,1,5,3.880148,18.878822,3.749668,0.130480,44.012756,214.418793,42.601509,1.411247,40.388245,197.485840,39.274399,1.113846,0
2026-07-28T01:42:43Z,D989360CB80E6EEE,16.14,queries/tpch/Functions/09-03_math/degrees.sql,2,1,5,3.602776,17.547865,3.486272,0.116504,40.805237,201.166870,40.090408,0.714828,37.523010,185.417542,36.973633,0.549377,0
2026-07-28T01:43:19Z,D989360CB80E6EEE,16.14,queries/tpch/Functions/09-03_math/div_fn.sql,2,1,5,3.009964,14.519648,2.877421,0.132543,34.593262,166.856567,33.065826,1.527435,31.777588,153.790894,30.503326,1.274261,0
2026-07-28T01:44:00Z,D989360CB80E6EEE,16.14,queries/tpch/Functions/09-03_math/divide.sql,2,1,5,3.565107,17.346480,3.445343,0.119764,39.042847,192.837250,38.448601,0.594246,35.800964,177.365448,35.391121,0.409843,0
2026-07-28T01:44:44Z,D989360CB80E6EEE,16.14,queries/tpch/Functions/09-03_math/exp_float8.sql,2,1,5,3.735816,18.130993,3.598794,0.137022,43.085205,207.280121,41.048729,2.036476,39.613586,191.094452,37.870216,1.743370,0
2026-07-28T01:48:51Z,D989360CB80E6EEE,16.14,queries/tpch/Functions/09-03_math/exp_numeric.sql,2,1,5,20.657282,102.782134,20.531213,0.126070,231.238098,1143.723175,228.121269,3.116829,213.189331,1054.933411,210.436020,2.753311,0
2026-07-28T01:49:32Z,D989360CB80E6EEE,16.14,queries/tpch/Functions/09-03_math/exponent.sql,2,1,5,3.494463,17.007001,3.378134,0.116329,40.623779,199.274567,39.662697,0.961082,37.446777,184.059967,36.653297,0.793480,0
2026-07-28T01:50:06Z,D989360CB80E6EEE,16.14,queries/tpch/Functions/09-03_math/factorial.sql,2,1,5,2.960976,14.287620,2.831661,0.129315,34.546814,167.539520,33.248177,1.298637,31.793457,154.640594,30.711784,1.081673,0
2026-07-28T01:50:57Z,D989360CB80E6EEE,16.14,queries/tpch/Functions/09-03_math/floor.sql,2,1,5,4.350496,21.000198,4.162425,0.188071,48.232605,235.643860,46.852814,1.379791,44.196350,216.972931,43.194145,1.002205,0
2026-07-28T01:51:27Z,D989360CB80E6EEE,16.14,queries/tpch/Functions/09-03_math/gcd.sql,2,1,5,2.585772,12.167040,2.395317,0.190456,25.160217,121.511200,24.087746,1.072472,22.774292,110.474731,21.925110,0.849182,0
2026-07-28T01:51:47Z,D989360CB80E6EEE,16.14,queries/tpch/Functions/09-03_math/lcm.sql,2,1,5,1.824618,8.385387,1.640192,0.184426,19.848389,95.144196,18.823952,1.024437,18.109619,87.448547,17.334732,0.774887,0
2026-07-28T01:52:24Z,D989360CB80E6EEE,16.14,queries/tpch/Functions/09-03_math/ln_float8.sql,2,1,5,3.142477,15.200562,3.014521,0.127956,36.408813,179.262238,35.713356,0.695457,33.533142,165.508362,32.993805,0.539337,0
2026-07-28T02:01:47Z,D989360CB80E6EEE,16.14,queries/tpch/Functions/09-03_math/ln_numeric.sql,2,1,5,47.041164,234.543424,46.875565,0.165599,508.804138,2534.273743,506.367401,2.436737,468.266541,2332.725586,466.114761,2.151779,0
2026-07-28T02:02:25Z,D989360CB80E6EEE,16.14,queries/tpch/Functions/09-03_math/log10_float8.sql,2,1,5,3.230523,15.624011,3.098372,0.132150,37.433899,182.717255,36.320839,1.113060,34.496582,168.639252,33.535667,0.960915,0
2026-07-28T02:39:53Z,D989360CB80E6EEE,16.14,queries/tpch/Functions/09-03_math/log10_numeric.sql,2,1,5,187.600232,936.012876,187.103161,0.497072,2084.742065,10271.278320,2046.634064,38.108002,1924.049377,9471.477936,1886.857140,37.192238,0
2026-07-28T03:13:05Z,D989360CB80E6EEE,16.14,queries/tpch/Functions/09-03_math/log_base.sql,2,1,5,166.125000,829.923631,165.949658,0.175343,1844.351440,9054.860291,1802.627213,41.724228,1702.009583,8345.018127,1660.752136,41.257446,0
2026-07-28T03:13:31Z,D989360CB80E6EEE,16.14,queries/tpch/Functions/09-03_math/min_scale.sql,2,1,5,2.274923,10.884274,2.152338,0.122585,25.496033,123.851959,24.588982,0.907051,23.418274,113.870026,22.612938,0.805336,0
2026-07-28T03:13:43Z,D989360CB80E6EEE,16.14,queries/tpch/Functions/09-03_math/mod_fn.sql,2,1,5,1.102547,4.808959,0.926603,0.175944,12.391479,57.002960,11.152870,1.238609,11.346741,52.613708,10.316742,1.029999,0
2026-07-28T03:13:54Z,D989360CB80E6EEE,16.14,queries/tpch/Functions/09-03_math/modulo.sql,2,1,5,1.038201,4.602251,0.891012,0.147188,11.998840,55.420898,10.855515,1.143326,11.007141,51.203369,10.049057,0.958084,0
2026-07-28T03:14:31Z,D989360CB80E6EEE,16.14,queries/tpch/Functions/09-03_math/multiply.sql,2,1,5,3.127581,15.175950,3.012092,0.115489,36.120728,180.545898,36.106293,0.014435,33.211182,166.821686,33.402626,-0.191444,0
2026-07-28T03:15:28Z,D989360CB80E6EEE,16.14,queries/tpch/Functions/09-03_math/multiply_float8.sql,2,1,5,4.831407,23.782171,4.737691,0.093716,56.152649,277.894012,55.435341,0.717308,51.832031,256.746033,51.228500,0.603531,0
2026-07-28T03:16:03Z,D989360CB80E6EEE,16.14,queries/tpch/Functions/09-03_math/pi.sql,2,1,5,3.007459,14.618801,2.902836,0.104623,35.052917,172.579681,34.381691,0.671227,32.193604,159.429504,31.808975,0.384628,0
2026-07-28T03:16:43Z,D989360CB80E6EEE,16.14,queries/tpch/Functions/09-03_math/power_float8.sql,2,1,5,3.406876,16.580484,3.293402,0.113474,39.464172,194.633453,38.792320,0.671852,36.363342,179.708801,35.836365,0.526978,0
2026-07-28T03:17:25Z,D989360CB80E6EEE,16.14,queries/tpch/Functions/09-03_math/power_numeric.sql,2,1,5,3.504817,17.101882,3.399266,0.105551,40.695068,202.878540,40.545868,0.149200,37.489502,187.428864,37.484840,0.004662,0
2026-07-28T03:18:00Z,D989360CB80E6EEE,16.14,queries/tpch/Functions/09-03_math/radians.sql,2,1,5,3.020794,14.639249,2.904614,0.116181,35.372192,173.141266,34.442268,0.929924,32.576477,159.885925,31.827362,0.749115,0
2026-07-28T03:18:12Z,D989360CB80E6EEE,16.14,queries/tpch/Functions/09-03_math/random.sql,2,1,5,1.070543,4.764598,0.923514,0.147029,12.649658,58.275879,11.406555,1.243103,11.651550,53.916046,10.566124,1.085426,0
2026-07-28T03:19:01Z,D989360CB80E6EEE,16.14,queries/tpch/Functions/09-03_math/round.sql,2,1,5,4.215499,20.624779,4.102320,0.113180,47.211914,230.843140,45.907806,1.304108,43.280334,212.426056,42.286430,0.993904,0
2026-07-28T03:19:51Z,D989360CB80E6EEE,16.14,queries/tpch/Functions/09-03_math/round_scale.sql,2,1,5,4.236860,20.724537,4.121919,0.114940,47.144897,231.994934,46.212509,0.932388,43.346008,213.494568,42.537140,0.808868,0
2026-07-28T03:20:16Z,D989360CB80E6EEE,16.14,queries/tpch/Functions/09-03_math/scale.sql,2,1,5,2.113178,10.103650,1.997618,0.115560,23.646606,115.464294,22.954422,0.692184,21.719238,106.226562,21.126831,0.592407,0
2026-07-28T03:20:50Z,D989360CB80E6EEE,16.14,queries/tpch/Functions/09-03_math/sign.sql,2,1,5,2.911535,14.131313,2.804944,0.106591,33.769714,166.728149,33.239609,0.530106,31.082703,153.983917,30.725304,0.357399,0
2026-07-28T03:21:33Z,D989360CB80E6EEE,16.14,queries/tpch/Functions/09-03_math/sin.sql,2,1,5,3.696367,18.009906,3.578385,0.117982,42.743591,206.763458,41.004967,1.738625,39.389587,190.609650,37.805016,1.584572,0
2026-07-28T03:22:19Z,D989360CB80E6EEE,16.14,queries/tpch/Functions/09-03_math/sinh.sql,2,1,5,3.888820,18.986719,3.774475,0.114345,44.051758,217.102051,43.262573,0.789185,40.486084,200.159546,39.918365,0.567719,0
2026-07-28T03:23:07Z,D989360CB80E6EEE,16.14,queries/tpch/Functions/09-03_math/sqrt_float8.sql,2,1,5,4.104871,19.989727,3.971214,0.133657,46.493042,227.200043,45.176750,1.316292,42.710022,209.420685,41.677666,1.032356,0
2026-07-28T03:23:57Z,D989360CB80E6EEE,16.14,queries/tpch/Functions/09-03_math/sqrt_numeric.sql,2,1,5,4.270009,20.899886,4.157469,0.112539,48.403687,236.677216,47.068382,1.335304,44.477295,218.111694,43.408600,1.068695,0
2026-07-28T03:24:32Z,D989360CB80E6EEE,16.14,queries/tpch/Functions/09-03_math/subtract.sql,2,1,5,2.965387,14.348334,2.845737,0.119650,34.315857,168.734802,33.604736,0.711121,31.591431,155.817780,31.056587,0.534843,0
2026-07-28T03:25:16Z,D989360CB80E6EEE,16.14,queries/tpch/Functions/09-03_math/tan.sql,2,1,5,3.795575,18.461680,3.666526,0.129048,43.798645,213.291870,42.373306,1.425339,40.364258,196.731506,39.091812,1.272446,0
2026-07-28T03:26:01Z,D989360CB80E6EEE,16.14,queries/tpch/Functions/09-03_math/tanh.sql,2,1,5,3.816430,18.679539,3.715777,0.100653,43.420410,213.746277,42.581467,0.838943,39.844360,197.111969,39.316902,0.527458,0
2026-07-28T03:26:31Z,D989360CB80E6EEE,16.14,queries/tpch/Functions/09-03_math/trim_scale.sql,2,1,5,2.603492,12.280213,2.419180,0.184312,29.055542,141.213226,28.039421,1.016121,26.579590,130.158234,25.894661,0.684929,0
2026-07-28T03:27:20Z,D989360CB80E6EEE,16.14,queries/tpch/Functions/09-03_math/trunc.sql,2,1,5,4.148928,20.206472,4.014386,0.134543,46.600098,225.047577,44.611870,1.988228,42.852905,207.094238,41.060333,1.792572,0
2026-07-28T03:28:09Z,D989360CB80E6EEE,16.14,queries/tpch/Functions/09-03_math/trunc_scale.sql,2,1,5,4.161771,20.402438,4.060167,0.101605,45.998291,229.602264,45.900993,0.097298,42.242737,211.402557,42.289955,-0.047218,0
2026-07-28T03:28:31Z,D989360CB80E6EEE,16.14,queries/tpch/Functions/09-03_math/unary_minus.sql,2,1,5,1.918105,9.107675,1.797393,0.120712,22.024658,107.811798,21.446785,0.577873,20.238770,99.408752,19.792496,0.446274,0
2026-07-28T03:29:39Z,D989360CB80E6EEE,16.14,queries/tpch/Functions/09-03_math/width_bucket.sql,2,1,5,5.756007,28.313934,5.639482,0.116525,65.780884,327.978058,65.549294,0.231590,60.625122,302.960358,60.583809,0.041313,0
2026-07-28T03:30:05Z,D989360CB80E6EEE,16.14,queries/tpch/Functions/09-04_string/ascii.sql,2,1,5,2.223407,10.638549,2.103786,0.119621,25.890381,125.211395,24.830254,1.060127,23.862549,115.427551,22.891251,0.971298,0
2026-07-28T03:30:31Z,D989360CB80E6EEE,16.14,queries/tpch/Functions/09-04_string/bit_length.sql,2,1,5,2.263892,10.882966,2.154769,0.109123,26.071228,129.238953,25.791931,0.279297,24.008057,119.214264,23.801552,0.206505,0
2026-07-28T03:31:26Z,D989360CB80E6EEE,16.14,queries/tpch/Functions/09-04_string/btrim.sql,2,1,5,4.624796,22.673750,4.512238,0.112557,55.154968,272.282745,54.281944,0.873024,50.957764,252.169952,50.303047,0.654716,0
2026-07-28T03:31:43Z,D989360CB80E6EEE,16.14,queries/tpch/Functions/09-04_string/cast_text.sql,2,1,5,1.555798,7.188183,1.408096,0.147701,18.453003,87.203369,17.187592,1.265411,17.025024,80.726257,15.925308,1.099716,0
2026-07-28T03:32:18Z,D989360CB80E6EEE,16.14,queries/tpch/Functions/09-04_string/char_length.sql,2,1,5,2.915442,14.143378,2.806984,0.108458,33.742798,166.453735,33.177734,0.565063,31.036865,153.710724,30.668465,0.368401,0
2026-07-28T03:32:39Z,D989360CB80E6EEE,16.14,queries/tpch/Functions/09-04_string/chr.sql,2,1,5,1.854356,8.809454,1.738774,0.115582,21.302185,103.085724,20.445885,0.856300,19.520081,94.994598,18.868629,0.651451,0
2026-07-28T03:33:19Z,D989360CB80E6EEE,16.14,queries/tpch/Functions/09-04_string/concat_fn.sql,2,1,5,3.471193,16.805894,3.333675,0.137518,41.236145,202.602600,40.341614,0.894531,38.087097,187.523529,37.359108,0.727989,0
2026-07-28T03:33:51Z,D989360CB80E6EEE,16.14,queries/tpch/Functions/09-04_string/concat_op.sql,2,1,5,2.749883,13.265095,2.628803,0.121080,31.953857,155.753174,30.949829,1.004028,29.372620,143.802704,28.607521,0.765099,0
2026-07-28T03:34:34Z,D989360CB80E6EEE,16.14,queries/tpch/Functions/09-04_string/concat_ws.sql,2,1,5,3.611605,17.584288,3.493171,0.118434,43.327026,212.110138,42.195778,1.131248,39.994507,196.338898,39.086098,0.908409,0
2026-07-28T03:35:34Z,D989360CB80E6EEE,16.14,queries/tpch/Functions/09-04_string/format.sql,2,1,5,5.081811,24.963811,4.970500,0.111311,60.940308,301.770630,60.207581,0.732727,56.449768,279.515533,55.766441,0.683327,0
2026-07-28T03:37:08Z,D989360CB80E6EEE,16.14,queries/tpch/Functions/09-04_string/initcap.sql,2,1,5,7.926266,39.304679,7.844603,0.081663,92.620605,461.211273,92.147667,0.472939,85.596313,426.739075,85.285690,0.310623,0
2026-07-28T03:37:44Z,D989360CB80E6EEE,16.14,queries/tpch/Functions/09-04_string/left.sql,2,1,5,3.054691,14.807956,2.938316,0.116375,35.515564,176.493347,35.244446,0.271118,32.697754,163.098358,32.600151,0.097603,0
2026-07-28T03:38:18Z,D989360CB80E6EEE,16.14,queries/tpch/Functions/09-04_string/length.sql,2,1,5,2.858790,14.152274,2.823371,0.035419,33.477600,165.887115,33.102379,0.375221,30.880188,153.063446,30.545815,0.334373,0
2026-07-28T03:39:36Z,D989360CB80E6EEE,16.14,queries/tpch/Functions/09-04_string/lower.sql,2,1,5,6.570578,32.290847,6.430067,0.140510,77.174438,378.846680,75.418060,1.756378,71.225525,350.226715,69.750298,1.475227,0
2026-07-28T03:40:49Z,D989360CB80E6EEE,16.14,queries/tpch/Functions/09-04_string/lpad.sql,2,1,5,6.109449,30.153175,6.010931,0.098517,70.904175,352.775391,70.467804,0.436371,65.438416,326.004578,65.141541,0.296875,0
2026-07-28T03:41:43Z,D989360CB80E6EEE,16.14,queries/tpch/Functions/09-04_string/ltrim.sql,2,1,5,4.579965,22.570391,4.497607,0.082358,54.667969,271.072723,54.101189,0.566780,50.505249,250.950867,50.111404,0.393845,0
2026-07-28T03:44:08Z,D989360CB80E6EEE,16.14,queries/tpch/Functions/09-04_string/md5.sql,2,1,5,12.117613,60.177246,12.014908,0.102705,139.468872,692.913757,138.361221,1.107651,128.762939,640.235413,127.868118,0.894821,0
2026-07-28T03:44:33Z,D989360CB80E6EEE,16.14,queries/tpch/Functions/09-04_string/octet_length.sql,2,1,5,2.228841,10.650180,2.105335,0.123506,25.679993,124.808807,24.782204,0.897789,23.637634,115.039154,22.850380,0.787254,0
2026-07-28T03:45:29Z,D989360CB80E6EEE,16.14,queries/tpch/Functions/09-04_string/overlay.sql,2,1,5,4.736595,23.282568,4.636493,0.100102,55.614441,276.698090,55.270912,0.343529,51.382141,255.949951,51.141953,0.240189,0
2026-07-28T03:46:07Z,D989360CB80E6EEE,16.14,queries/tpch/Functions/09-04_string/position.sql,2,1,5,3.249000,15.760401,3.127850,0.121150,36.795715,179.910004,35.778572,1.017143,33.763123,165.705078,32.985489,0.777634,0
2026-07-28T03:46:57Z,D989360CB80E6EEE,16.14,queries/tpch/Functions/09-04_string/quote_ident.sql,2,1,5,4.211332,20.604224,4.098223,0.113110,46.855530,231.831970,46.244110,0.611420,42.980286,213.472931,42.623161,0.357124,0
2026-07-28T03:47:32Z,D989360CB80E6EEE,16.14,queries/tpch/Functions/09-04_string/quote_literal.sql,2,1,5,2.998544,14.559088,2.890136,0.108409,33.851379,168.387360,33.633995,0.217384,31.078003,155.132660,31.013664,0.064339,0
2026-07-28T03:48:03Z,D989360CB80E6EEE,16.14,queries/tpch/Functions/09-04_string/repeat.sql,2,1,5,2.694347,12.967932,2.568396,0.125950,31.099609,151.708710,30.152275,0.947334,28.580017,140.040009,27.864998,0.715019,0
2026-07-28T03:48:48Z,D989360CB80E6EEE,16.14,queries/tpch/Functions/09-04_string/replace.sql,2,1,5,3.815264,18.608062,3.698199,0.117065,44.299377,218.769531,43.617538,0.681839,40.828064,202.026978,40.299728,0.528336,0
2026-07-28T03:49:34Z,D989360CB80E6EEE,16.14,queries/tpch/Functions/09-04_string/reverse.sql,2,1,5,3.933099,19.167308,3.808552,0.124547,45.694397,224.136566,44.610542,1.083855,42.066284,207.012665,41.236595,0.829689,0
2026-07-28T03:50:22Z,D989360CB80E6EEE,16.14,queries/tpch/Functions/09-04_string/right.sql,2,1,5,3.993137,19.518305,3.881292,0.111845,46.371582,227.385956,45.253593,1.117989,42.690979,209.936310,41.811333,0.879646,0
2026-07-28T03:51:35Z,D989360CB80E6EEE,16.14,queries/tpch/Functions/09-04_string/rpad.sql,2,1,5,6.230149,30.701319,6.117793,0.112356,71.510315,356.790283,71.319992,0.190323,65.949524,329.435333,65.871452,0.078072,0
2026-07-28T03:52:29Z,D989360CB80E6EEE,16.14,queries/tpch/Functions/09-04_string/rtrim.sql,2,1,5,4.562095,22.277610,4.428879,0.133217,54.366821,267.333008,53.241547,1.125275,50.217773,247.561310,49.335884,0.881889,0
2026-07-28T03:53:05Z,D989360CB80E6EEE,16.14,queries/tpch/Functions/09-04_string/split_part.sql,2,1,5,3.084833,14.980771,2.973985,0.110849,35.603088,175.119690,34.879150,0.723938,32.753235,161.584747,32.207878,0.545357,0
2026-07-28T03:53:42Z,D989360CB80E6EEE,16.14,queries/tpch/Functions/09-04_string/starts_with.sql,2,1,5,3.159437,15.304024,3.036147,0.123290,36.666199,181.239929,36.143433,0.522766,33.775757,167.462067,33.421577,0.354179,0
2026-07-28T03:54:20Z,D989360CB80E6EEE,16.14,queries/tpch/Functions/09-04_string/strpos.sql,2,1,5,3.241167,15.749059,3.126973,0.114194,36.726929,179.928619,35.800423,0.926506,33.756775,165.701965,32.986298,0.770477,0
2026-07-28T03:54:56Z,D989360CB80E6EEE,16.14,queries/tpch/Functions/09-04_string/substr.sql,2,1,5,3.093673,14.976325,2.970663,0.123010,36.392761,176.505280,35.028130,1.364632,33.505249,163.125885,32.405159,1.100090,0
2026-07-28T03:55:32Z,D989360CB80E6EEE,16.14,queries/tpch/Functions/09-04_string/substring.sql,2,1,5,3.091172,15.016497,2.981331,0.109841,36.006592,177.624512,35.404480,0.602112,33.169006,164.051056,32.720512,0.448494,0
2026-07-28T03:55:49Z,D989360CB80E6EEE,16.14,queries/tpch/Functions/09-04_string/to_hex.sql,2,1,5,1.522568,6.658364,1.283949,0.238620,17.157776,79.308533,15.537689,1.620087,15.650330,73.313202,14.415718,1.234612,0
2026-07-28T03:57:37Z,D989360CB80E6EEE,16.14,queries/tpch/Functions/09-04_string/translate.sql,2,1,5,9.110609,45.025342,8.978683,0.131925,109.147827,534.411499,106.315918,2.831909,100.903564,495.030121,98.531639,2.371925,0
2026-07-28T03:58:32Z,D989360CB80E6EEE,16.14,queries/tpch/Functions/09-04_string/trim_both.sql,2,1,5,4.655375,22.828113,4.543185,0.112190,55.052673,274.198151,54.786369,0.266304,50.888367,253.852997,50.741158,0.147209,0
2026-07-28T03:59:48Z,D989360CB80E6EEE,16.14,queries/tpch/Functions/09-04_string/upper.sql,2,1,5,6.374755,31.523920,6.287291,0.087464,74.296387,371.220062,74.230919,0.065468,68.537720,343.194122,68.664101,-0.126381,0
2026-07-28T04:00:26Z,D989360CB80E6EEE,16.14,queries/tpch/Functions/09-05_binary_string/cast_bytea.sql,2,1,5,3.224869,15.694500,3.117408,0.107462,36.558105,182.149445,36.397835,0.160271,33.591492,167.989624,33.599533,-0.008041,0
2026-07-28T04:01:07Z,D989360CB80E6EEE,16.14,queries/tpch/Functions/09-05_binary_string/concat_bytea.sql,2,1,5,3.549984,17.273555,3.430893,0.119091,40.956787,198.997162,39.510094,1.446693,37.722534,183.490448,36.441978,1.280556,0
2026-07-28T04:03:44Z,D989360CB80E6EEE,16.14,queries/tpch/Functions/09-05_binary_string/decode_hex.sql,2,1,5,13.036136,65.035818,12.999921,0.036215,148.703735,749.841736,150.284500,-1.580765,137.167847,693.244904,139.019264,-1.851418,0
2026-07-28T04:04:36Z,D989360CB80E6EEE,16.14,queries/tpch/Functions/09-05_binary_string/encode_base64.sql,2,1,5,4.451323,21.831686,4.345091,0.106233,50.925903,250.675323,49.937355,0.988548,46.953003,231.272858,46.079964,0.873039,0
2026-07-28T04:05:28Z,D989360CB80E6EEE,16.14,queries/tpch/Functions/09-05_binary_string/encode_escape.sql,2,1,5,4.387910,21.507428,4.279879,0.108031,50.066101,247.936676,49.467644,0.598457,46.073242,228.737396,45.666039,0.407204,0
2026-07-28T04:06:15Z,D989360CB80E6EEE,16.14,queries/tpch/Functions/09-05_binary_string/encode_hex.sql,2,1,5,3.953901,19.326663,3.843191,0.110711,44.969604,224.993500,45.005974,-0.036369,41.390442,207.698914,41.577118,-0.186676,0
2026-07-28T04:06:53Z,D989360CB80E6EEE,16.14,queries/tpch/Functions/09-05_binary_string/get_byte.sql,2,1,5,3.259552,15.826546,3.141749,0.117803,37.532410,182.429260,36.224213,1.308197,34.469116,168.165527,33.424103,1.045013,0
2026-07-28T04:09:31Z,D989360CB80E6EEE,16.14,queries/tpch/Functions/09-05_binary_string/md5_bytea.sql,2,1,5,13.246622,65.648628,13.100501,0.146121,151.394104,750.190460,149.699089,1.695015,139.709900,693.181793,138.367973,1.341927,0
2026-07-28T04:10:09Z,D989360CB80E6EEE,16.14,queries/tpch/Functions/09-05_binary_string/octet_length.sql,2,1,5,3.242413,15.762648,3.130059,0.112354,36.885620,183.981628,36.774002,0.111618,33.848022,169.883179,34.008789,-0.160767,0
2026-07-28T04:10:48Z,D989360CB80E6EEE,16.14,queries/tpch/Functions/09-05_binary_string/set_byte.sql,2,1,5,3.366261,16.384524,3.254566,0.111695,39.147705,192.220245,38.268135,0.879570,35.931885,177.430725,35.374710,0.557175,0
2026-07-28T04:13:35Z,D989360CB80E6EEE,16.14,queries/tpch/Functions/09-05_binary_string/sha224.sql,2,1,5,13.972107,69.532104,13.889999,0.082107,163.041748,816.174408,163.283165,-0.241417,150.715393,755.638947,151.230888,-0.515495,0
2026-07-28T04:16:25Z,D989360CB80E6EEE,16.14,queries/tpch/Functions/09-05_binary_string/sha256.sql,2,1,5,14.232696,70.744978,14.128070,0.104626,166.481689,829.823639,165.835487,0.646202,153.980103,768.340240,153.590034,0.390068,0
2026-07-28T04:19:25Z,D989360CB80E6EEE,16.14,queries/tpch/Functions/09-05_binary_string/sha384.sql,2,1,5,14.957791,74.812372,14.963645,-0.005854,176.751343,897.715088,180.240936,-3.489594,163.627930,832.537659,167.227432,-3.599503,0
2026-07-28T04:22:24Z,D989360CB80E6EEE,16.14,queries/tpch/Functions/09-05_binary_string/sha512.sql,2,1,5,14.994316,74.759502,14.941297,0.053019,178.567749,897.787323,179.804893,-1.237144,165.373718,832.439636,166.766479,-1.392761,0
2026-07-28T04:23:04Z,D989360CB80E6EEE,16.14,queries/tpch/Functions/09-05_binary_string/substring_bytea.sql,2,1,5,3.434620,16.718486,3.320967,0.113653,39.858521,196.167480,39.077240,0.781281,36.708008,181.072296,36.091072,0.616936,0
2026-07-28T04:23:28Z,D989360CB80E6EEE,16.14,queries/tpch/Functions/09-06_bit_string/and.sql,2,1,5,1.975948,9.573359,1.899353,0.076595,23.158264,112.658936,22.375168,0.783096,21.406128,103.858521,20.613098,0.793030,0
2026-07-28T04:23:44Z,D989360CB80E6EEE,16.14,queries/tpch/Functions/09-06_bit_string/bit_count.sql,2,1,5,1.383044,6.581011,1.299492,0.083552,16.519714,79.488129,15.742104,0.777611,15.292908,73.478027,14.546280,0.746628,0
2026-07-28T04:23:59Z,D989360CB80E6EEE,16.14,queries/tpch/Functions/09-06_bit_string/cast_bit.sql,2,1,5,1.391447,6.175301,1.195964,0.195483,15.812683,74.661102,14.712105,1.100578,14.482117,69.046692,13.641144,0.840973,0
2026-07-28T04:24:24Z,D989360CB80E6EEE,16.14,queries/tpch/Functions/09-06_bit_string/concat_bit.sql,2,1,5,2.188660,10.480525,2.072966,0.115694,25.156189,122.568756,24.353142,0.803047,23.074036,113.049286,22.493813,0.580223,0
2026-07-28T04:24:40Z,D989360CB80E6EEE,16.14,queries/tpch/Functions/09-06_bit_string/get_bit.sql,2,1,5,1.378613,6.472883,1.273568,0.105045,16.025574,76.481598,15.114006,0.911568,14.750427,70.580414,13.957497,0.792931,0
2026-07-28T04:24:55Z,D989360CB80E6EEE,16.14,queries/tpch/Functions/09-06_bit_string/length_bit.sql,2,1,5,1.401676,6.344021,1.235586,0.166090,16.122253,75.804108,14.920464,1.201790,14.790527,70.116455,13.831482,0.959045,0
2026-07-28T04:25:12Z,D989360CB80E6EEE,16.14,queries/tpch/Functions/09-06_bit_string/not.sql,2,1,5,1.447826,6.857636,1.352453,0.095373,17.169067,82.407623,16.309639,0.859428,15.856750,76.238586,15.095459,0.761292,0
2026-07-28T04:25:35Z,D989360CB80E6EEE,16.14,queries/tpch/Functions/09-06_bit_string/or.sql,2,1,5,2.028004,9.664116,1.909028,0.118977,23.317017,113.427795,22.527695,0.789322,21.446655,104.654388,20.801933,0.644722,0
2026-07-28T04:26:02Z,D989360CB80E6EEE,16.14,queries/tpch/Functions/09-06_bit_string/overlay_bit.sql,2,1,5,2.290538,10.880622,2.147521,0.143017,26.908569,130.019775,25.777802,1.130768,24.855225,120.351501,23.874069,0.981155,0
2026-07-28T04:26:19Z,D989360CB80E6EEE,16.14,queries/tpch/Functions/09-06_bit_string/set_bit.sql,2,1,5,1.547263,7.178639,1.407844,0.139419,17.968994,86.140625,17.042908,0.926086,16.557129,79.651733,15.773651,0.783478,0
2026-07-28T04:26:37Z,D989360CB80E6EEE,16.14,queries/tpch/Functions/09-06_bit_string/shift_left.sql,2,1,5,1.561303,7.319262,1.439490,0.121813,18.226807,87.408386,17.295395,0.931412,16.811890,80.734497,15.980652,0.831238,0
2026-07-28T04:26:55Z,D989360CB80E6EEE,16.14,queries/tpch/Functions/09-06_bit_string/shift_right.sql,2,1,5,1.627337,7.584164,1.489207,0.138130,18.977112,90.123596,17.786621,1.190491,17.498413,83.286194,16.446945,1.051468,0
2026-07-28T04:27:13Z,D989360CB80E6EEE,16.14,queries/tpch/Functions/09-06_bit_string/substring_bit.sql,2,1,5,1.566016,7.280541,1.428631,0.137385,18.174438,87.352203,17.294441,0.879997,16.747070,80.695679,15.987152,0.759918,0
2026-07-28T04:27:36Z,D989360CB80E6EEE,16.14,queries/tpch/Functions/09-06_bit_string/xor.sql,2,1,5,2.060725,9.590189,1.882366,0.178359,23.321533,112.622528,22.325249,0.996284,21.297546,103.792877,20.623833,0.673714,0
2026-07-28T04:29:27Z,D989360CB80E6EEE,16.14,queries/tpch/Functions/09-07_pattern_matching/ilike.sql,2,1,5,9.259972,45.829931,9.142490,0.117482,108.146423,538.327057,107.545158,0.601265,99.926514,498.197266,99.567688,0.358826,0
2026-07-28T04:30:02Z,D989360CB80E6EEE,16.14,queries/tpch/Functions/09-07_pattern_matching/like.sql,2,1,5,3.021404,14.593323,2.892980,0.128424,34.445251,167.417389,33.243034,1.202217,31.688049,154.236786,30.637184,1.050865,0
2026-07-28T04:30:29Z,D989360CB80E6EEE,16.14,queries/tpch/Functions/09-07_pattern_matching/like_prefix.sql,2,1,5,2.320154,11.384135,2.265995,0.054159,27.176331,134.036194,26.714966,0.461365,25.128235,123.656525,24.632072,0.496162,0
2026-07-28T04:32:20Z,D989360CB80E6EEE,16.14,queries/tpch/Functions/09-07_pattern_matching/not_ilike.sql,2,1,5,9.286926,45.974257,9.171833,0.115093,108.239990,541.227600,108.246902,-0.006912,100.017029,500.845093,100.207016,-0.189987,0
2026-07-28T04:32:55Z,D989360CB80E6EEE,16.14,queries/tpch/Functions/09-07_pattern_matching/not_like.sql,2,1,5,3.009675,14.539343,2.882417,0.127258,33.974731,165.816711,32.960495,1.014236,31.188782,152.634338,30.361389,0.827393,0
2026-07-28T04:35:23Z,D989360CB80E6EEE,16.14,queries/tpch/Functions/09-07_pattern_matching/regex_alternation.sql,2,1,5,12.317487,61.786861,12.367344,-0.049856,143.329346,713.856750,142.631851,0.697495,132.444092,659.859253,131.853790,0.590302,0
2026-07-28T04:36:23Z,D989360CB80E6EEE,16.14,queries/tpch/Functions/09-07_pattern_matching/regex_anchored.sql,2,1,5,5.051527,24.849810,4.949571,0.101957,58.618713,290.608032,57.997330,0.621384,53.981689,268.572174,53.647621,0.334068,0
2026-07-28T04:38:59Z,D989360CB80E6EEE,16.14,queries/tpch/Functions/09-07_pattern_matching/regex_backtrack.sql,2,1,5,13.205001,64.619444,12.853611,0.351390,154.467834,757.270447,150.700653,3.767181,142.824585,700.967468,139.535721,3.288864,0
2026-07-28T04:40:12Z,D989360CB80E6EEE,16.14,queries/tpch/Functions/09-07_pattern_matching/regex_charclass.sql,2,1,5,6.166569,30.562966,6.099099,0.067470,70.375427,350.081879,69.926613,0.448814,64.832520,323.051300,64.554695,0.277824,0
2026-07-28T04:41:49Z,D989360CB80E6EEE,16.14,queries/tpch/Functions/09-07_pattern_matching/regex_match.sql,2,1,5,8.152867,40.394958,8.060523,0.092345,93.236938,473.488892,95.062988,-1.826050,86.042480,437.917572,87.968773,-1.926292,0
2026-07-28T04:43:26Z,D989360CB80E6EEE,16.14,queries/tpch/Functions/09-07_pattern_matching/regex_match_ci.sql,2,1,5,8.160468,40.320643,8.040044,0.120424,93.213928,468.112579,93.724663,-0.510735,85.866272,432.791107,86.731209,-0.864937,0
2026-07-28T04:45:03Z,D989360CB80E6EEE,16.14,queries/tpch/Functions/09-07_pattern_matching/regex_not_match.sql,2,1,5,8.156337,40.362386,8.051512,0.104825,93.609009,468.589691,93.745171,-0.136162,86.351318,433.072601,86.680321,-0.329002,0
2026-07-28T04:46:40Z,D989360CB80E6EEE,16.14,queries/tpch/Functions/09-07_pattern_matching/regex_not_match_ci.sql,2,1,5,8.158129,40.371224,8.053274,0.104855,93.606750,472.003265,94.599129,-0.992378,86.336060,436.488495,87.538109,-1.202049,0
2026-07-28T04:48:58Z,D989360CB80E6EEE,16.14,queries/tpch/Functions/09-07_pattern_matching/regexp_count.sql,2,1,5,11.504474,57.120729,11.404064,0.100410,133.062317,669.710480,134.162041,-1.099724,122.964966,619.863464,124.224625,-1.259659,0
2026-07-28T04:51:15Z,D989360CB80E6EEE,16.14,queries/tpch/Functions/09-07_pattern_matching/regexp_instr.sql,2,1,5,11.520248,57.081360,11.390278,0.129969,134.711121,669.362274,133.662788,1.048332,124.554993,619.629578,123.768646,0.786346,0
2026-07-28T04:52:52Z,D989360CB80E6EEE,16.14,queries/tpch/Functions/09-07_pattern_matching/regexp_like.sql,2,1,5,8.197869,40.516301,8.079608,0.118261,95.868774,474.053650,94.546219,1.322556,88.486633,438.430878,87.486061,1.000572,0
2026-07-28T04:54:57Z,D989360CB80E6EEE,16.14,queries/tpch/Functions/09-07_pattern_matching/regexp_match.sql,2,1,5,10.478423,52.016118,10.384424,0.093999,122.506104,609.891022,121.846230,0.659874,113.287903,564.449677,112.790443,0.497459,0
2026-07-28T04:56:58Z,D989360CB80E6EEE,16.14,queries/tpch/Functions/09-07_pattern_matching/regexp_replace.sql,2,1,5,10.231517,50.383206,10.037922,0.193595,119.349426,592.366852,118.254356,1.095070,110.310852,548.527679,109.554207,0.756645,0
2026-07-28T04:59:18Z,D989360CB80E6EEE,16.14,queries/tpch/Functions/09-07_pattern_matching/regexp_replace_global.sql,2,1,5,11.680384,58.074283,11.598475,0.081909,136.665283,681.816833,136.287888,0.377396,126.474854,631.063812,126.147240,0.327614,0
2026-07-28T05:05:19Z,D989360CB80E6EEE,16.14,queries/tpch/Functions/09-07_pattern_matching/regexp_split_to_array.sql,2,1,5,30.108221,150.531727,30.105876,0.002345,353.413086,1786.662079,358.312248,-4.899162,327.216858,1656.647125,332.357567,-5.140709,0
2026-07-28T05:07:44Z,D989360CB80E6EEE,16.14,queries/tpch/Functions/09-07_pattern_matching/regexp_substr.sql,2,1,5,12.080464,60.014606,11.983536,0.096928,141.225159,703.566132,140.585243,0.639915,130.598938,651.016296,130.104340,0.494598,0
2026-07-28T05:09:29Z,D989360CB80E6EEE,16.14,queries/tpch/Functions/09-07_pattern_matching/similar_to.sql,2,1,5,8.873778,43.897056,8.755819,0.117959,103.542969,507.075806,100.883209,2.659760,95.635071,468.510162,93.218773,2.416298,0
2026-07-28T05:11:26Z,D989360CB80E6EEE,16.14,queries/tpch/Functions/09-07_pattern_matching/substring_regex.sql,2,1,5,9.824299,48.563354,9.684764,0.139535,114.788330,569.744873,113.739136,1.049194,106.091736,527.196320,105.276146,0.815590,0
2026-07-28T05:12:34Z,D989360CB80E6EEE,16.14,queries/tpch/Functions/09-08_formatting/to_char_date.sql,2,1,5,5.797277,28.161509,5.591058,0.206219,68.551270,331.172424,65.655289,2.895981,63.271545,306.377197,60.776413,2.495132,0
2026-07-28T05:13:50Z,D989360CB80E6EEE,16.14,queries/tpch/Functions/09-08_formatting/to_char_date_long.sql,2,1,5,6.420863,31.731018,6.327539,0.093324,76.374634,378.267334,75.473175,0.901459,70.590637,350.195038,69.901100,0.689537,0
2026-07-28T05:14:21Z,D989360CB80E6EEE,16.14,queries/tpch/Functions/09-08_formatting/to_char_int.sql,2,1,5,2.695237,12.870676,2.543860,0.151377,32.530334,156.884827,31.088623,1.441711,30.107849,145.521759,28.853477,1.254372,0
2026-07-28T05:15:18Z,D989360CB80E6EEE,16.14,queries/tpch/Functions/09-08_formatting/to_char_numeric.sql,2,1,5,4.829940,23.718804,4.722216,0.107724,56.565063,281.441071,56.219002,0.346062,52.189697,260.330261,52.035141,0.154556,0
2026-07-28T05:16:39Z,D989360CB80E6EEE,16.14,queries/tpch/Functions/09-08_formatting/to_char_timestamp.sql,2,1,5,6.807462,33.545572,6.684527,0.122935,81.379700,399.662842,79.570786,1.808914,75.253296,370.110077,73.714195,1.539101,0
2026-07-28T05:18:26Z,D989360CB80E6EEE,16.14,queries/tpch/Functions/09-08_formatting/to_date.sql,2,1,5,9.004164,44.638645,8.908620,0.095543,105.254883,523.270294,104.503853,0.751030,97.251709,484.167053,96.728836,0.522873,0
2026-07-28T05:20:00Z,D989360CB80E6EEE,16.14,queries/tpch/Functions/09-08_formatting/to_number.sql,2,1,5,7.890447,39.027293,7.784211,0.106236,94.131348,468.352478,93.555283,0.576065,87.138245,434.052307,86.728516,0.409729,0
2026-07-28T05:20:12Z,D989360CB80E6EEE,16.14,queries/tpch/Functions/09-08_formatting/to_timestamp.sql,2,1,5,1.105980,5.014783,0.977201,0.128779,12.767029,60.185455,11.854607,0.912422,11.711914,55.664459,10.988136,0.723778,0
2026-07-28T05:21:04Z,D989360CB80E6EEE,16.14,queries/tpch/Functions/09-09_datetime/age_two_args.sql,2,1,5,4.454156,21.838473,4.346079,0.108077,50.610657,251.518951,50.227074,0.383583,46.534302,232.196747,46.415611,0.118690,0
2026-07-28T05:21:35Z,D989360CB80E6EEE,16.14,queries/tpch/Functions/09-09_datetime/at_time_zone.sql,2,1,5,2.651166,12.558880,2.476929,0.174238,30.167053,148.235382,29.517082,0.649971,27.729431,136.894379,27.291237,0.438194,0
2026-07-28T05:21:57Z,D989360CB80E6EEE,16.14,queries/tpch/Functions/09-09_datetime/cast_timestamp.sql,2,1,5,1.902344,9.021548,1.779801,0.122543,21.773621,105.452148,20.919632,0.853989,20.027039,97.243195,19.304039,0.723000,0
2026-07-28T05:22:19Z,D989360CB80E6EEE,16.14,queries/tpch/Functions/09-09_datetime/date_add_time.sql,2,1,5,1.862082,9.118114,1.814008,0.048074,21.731506,106.589996,21.214622,0.516884,20.057129,98.242950,19.546455,0.510674,0
2026-07-28T05:22:43Z,D989360CB80E6EEE,16.14,queries/tpch/Functions/09-09_datetime/date_bin.sql,2,1,5,2.084496,9.968665,1.971042,0.113454,23.976746,116.501709,23.131241,0.845505,21.945374,107.315430,21.342514,0.602859,0
2026-07-28T05:23:06Z,D989360CB80E6EEE,16.14,queries/tpch/Functions/09-09_datetime/date_minus_date.sql,2,1,5,2.029394,9.701975,1.918145,0.111249,23.355286,113.509033,22.538437,0.816849,21.371643,104.686523,20.828720,0.542923,0
2026-07-28T05:23:28Z,D989360CB80E6EEE,16.14,queries/tpch/Functions/09-09_datetime/date_minus_int.sql,2,1,5,1.892937,9.020377,1.781860,0.111077,21.943115,105.751190,20.952019,0.991096,20.003540,97.498352,19.373703,0.629837,0
2026-07-28T05:23:59Z,D989360CB80E6EEE,16.14,queries/tpch/Functions/09-09_datetime/date_part.sql,2,1,5,2.751047,12.975254,2.556052,0.194995,31.160034,152.389252,30.307304,0.852730,28.632141,140.684875,28.013184,0.618958,0
2026-07-28T05:24:21Z,D989360CB80E6EEE,16.14,queries/tpch/Functions/09-09_datetime/date_plus_int.sql,2,1,5,1.895860,9.063205,1.791836,0.104023,21.683105,105.357849,20.918686,0.764420,19.934875,97.044861,19.277496,0.657379,0
2026-07-28T05:24:49Z,D989360CB80E6EEE,16.14,queries/tpch/Functions/09-09_datetime/date_plus_interval.sql,2,1,5,2.383658,11.429361,2.261426,0.122233,27.420654,133.563934,26.535820,0.884834,25.248474,123.093384,24.461227,0.787247,0
2026-07-28T05:25:21Z,D989360CB80E6EEE,16.14,queries/tpch/Functions/09-09_datetime/date_trunc_day.sql,2,1,5,2.721011,13.398195,2.669296,0.051715,31.783203,157.424896,31.410423,0.372780,29.305420,145.337677,29.008064,0.297356,0
2026-07-28T05:25:54Z,D989360CB80E6EEE,16.14,queries/tpch/Functions/09-09_datetime/date_trunc_month.sql,2,1,5,2.754201,13.551090,2.699222,0.054978,32.339722,158.879150,31.634857,0.704865,29.767822,146.674652,29.226707,0.541115,0
2026-07-28T05:26:28Z,D989360CB80E6EEE,16.14,queries/tpch/Functions/09-09_datetime/extract_day.sql,2,1,5,2.967157,14.148938,2.795445,0.171712,34.475769,167.410980,33.233803,1.241966,31.700195,154.638367,30.734543,0.965652,0
2026-07-28T05:27:06Z,D989360CB80E6EEE,16.14,queries/tpch/Functions/09-09_datetime/extract_dow.sql,2,1,5,3.254809,15.841858,3.146762,0.108047,38.011169,186.432465,37.105324,0.905846,34.996704,172.276123,34.319855,0.676849,0
2026-07-28T05:27:45Z,D989360CB80E6EEE,16.14,queries/tpch/Functions/09-09_datetime/extract_doy.sql,2,1,5,3.345409,16.251078,3.226417,0.118992,38.933105,190.212769,37.819916,1.113190,35.866516,175.680267,34.953438,0.913078,0
2026-07-28T05:28:21Z,D989360CB80E6EEE,16.14,queries/tpch/Functions/09-09_datetime/extract_epoch.sql,2,1,5,3.042793,14.757044,2.928563,0.114230,35.364746,174.971436,34.901672,0.463074,32.567383,161.757172,32.297447,0.269936,0
2026-07-28T05:28:55Z,D989360CB80E6EEE,16.14,queries/tpch/Functions/09-09_datetime/extract_month.sql,2,1,5,2.898101,14.259551,2.840362,0.057739,34.539246,167.559235,33.254997,1.284248,31.914734,154.764679,30.712486,1.202248,0
2026-07-28T05:29:30Z,D989360CB80E6EEE,16.14,queries/tpch/Functions/09-09_datetime/extract_quarter.sql,2,1,5,2.979761,14.466325,2.871641,0.108120,34.988342,170.190552,33.800552,1.187790,32.249023,157.261261,31.253059,0.995964,0
2026-07-28T05:30:06Z,D989360CB80E6EEE,16.14,queries/tpch/Functions/09-09_datetime/extract_week.sql,2,1,5,3.071283,14.906116,2.958708,0.112575,35.688293,174.882050,34.798439,0.889854,32.860168,161.542389,32.170555,0.689613,0
2026-07-28T05:30:40Z,D989360CB80E6EEE,16.14,queries/tpch/Functions/09-09_datetime/extract_year.sql,2,1,5,2.943134,14.221618,2.819621,0.123513,34.811829,167.959595,33.286942,1.524887,32.102051,155.123932,30.755470,1.346581,0
2026-07-28T05:31:02Z,D989360CB80E6EEE,16.14,queries/tpch/Functions/09-09_datetime/isfinite.sql,2,1,5,1.894925,9.028203,1.783319,0.111606,22.207520,105.575165,20.841911,1.365608,20.439514,97.321289,19.220444,1.219070,0
2026-07-28T05:31:56Z,D989360CB80E6EEE,16.14,queries/tpch/Functions/09-09_datetime/justify_days.sql,2,1,5,4.602826,22.594731,4.497976,0.104850,52.299438,259.438477,51.784760,0.514679,48.153198,239.391907,47.809677,0.343521,0
2026-07-28T05:32:16Z,D989360CB80E6EEE,16.14,queries/tpch/Functions/09-09_datetime/make_date.sql,2,1,5,1.700131,8.038613,1.584621,0.115510,19.435852,93.994232,18.639595,0.796257,17.859070,86.528076,17.167252,0.691818,0
2026-07-28T05:32:36Z,D989360CB80E6EEE,16.14,queries/tpch/Functions/09-09_datetime/make_interval.sql,2,1,5,1.824549,8.388439,1.640972,0.183577,20.408997,97.761017,19.338005,1.070992,18.673035,90.075745,17.850677,0.822357,0
2026-07-28T05:32:57Z,D989360CB80E6EEE,16.14,queries/tpch/Functions/09-09_datetime/make_timestamp.sql,2,1,5,1.793810,8.729640,1.733958,0.059852,20.903137,102.276245,20.343277,0.559860,19.299194,94.227783,18.732147,0.567047,0
2026-07-28T05:33:37Z,D989360CB80E6EEE,16.14,queries/tpch/Functions/09-09_datetime/overlaps.sql,2,1,5,3.368014,16.398423,3.257602,0.110411,38.905884,191.734375,38.207123,0.698761,35.835083,176.937836,35.275688,0.559395,0
2026-07-28T05:34:32Z,D989360CB80E6EEE,16.14,queries/tpch/Functions/09-11_geometric/box_area.sql,2,1,5,4.695838,22.796503,4.525166,0.170671,54.146362,266.563660,53.104324,1.042038,49.872559,246.291168,49.104652,0.767906,0
2026-07-28T05:35:28Z,D989360CB80E6EEE,16.14,queries/tpch/Functions/09-11_geometric/box_center.sql,2,1,5,4.823519,23.403546,4.645007,0.178512,55.753357,273.713196,54.489960,1.263397,51.447998,252.969055,50.380264,1.067734,0
2026-07-28T05:36:23Z,D989360CB80E6EEE,16.14,queries/tpch/Functions/09-11_geometric/box_contains_point.sql,2,1,5,4.673704,22.746535,4.518208,0.155496,53.678101,265.707031,53.007233,0.670868,49.510071,245.447174,48.984276,0.525795,0
2026-07-28T05:37:17Z,D989360CB80E6EEE,16.14,queries/tpch/Functions/09-11_geometric/box_make.sql,2,1,5,4.648261,22.533255,4.471249,0.177012,53.644470,259.551300,51.476707,2.167763,49.467651,239.454620,47.496742,1.970909,0
2026-07-28T05:38:12Z,D989360CB80E6EEE,16.14,queries/tpch/Functions/09-11_geometric/box_overlaps.sql,2,1,5,4.715272,22.725429,4.502539,0.212732,54.691772,265.506195,52.703606,1.988167,50.485840,245.380371,48.723633,1.762207,0
2026-07-28T05:39:12Z,D989360CB80E6EEE,16.14,queries/tpch/Functions/09-11_geometric/circle_area.sql,2,1,5,5.074405,24.887739,4.953334,0.121072,58.861450,290.976593,58.028786,0.832664,54.396057,269.067108,53.667763,0.728294,0
2026-07-28T05:40:11Z,D989360CB80E6EEE,16.14,queries/tpch/Functions/09-11_geometric/circle_make.sql,2,1,5,5.054659,24.768512,4.928463,0.126196,58.524231,288.780640,57.564102,0.960129,54.018738,266.869110,53.212593,0.806145,0
2026-07-28T05:41:13Z,D989360CB80E6EEE,16.14,queries/tpch/Functions/09-11_geometric/lseg_length.sql,2,1,5,5.236103,25.653943,5.104460,0.131643,59.961365,296.931274,59.242477,0.718887,55.352295,274.287231,54.733734,0.618561,0
2026-07-28T05:42:13Z,D989360CB80E6EEE,16.14,queries/tpch/Functions/09-11_geometric/lseg_make.sql,2,1,5,5.021936,24.784694,4.940689,0.081247,58.660339,288.066071,57.351433,1.308907,54.142944,266.193909,53.012741,1.130203,0
2026-07-28T05:43:12Z,D989360CB80E6EEE,16.14,queries/tpch/Functions/09-11_geometric/point_add.sql,2,1,5,5.098950,24.748358,4.912352,0.186598,58.258850,287.425781,57.291733,0.967117,53.702087,265.603149,52.975266,0.726822,0
2026-07-28T05:44:13Z,D989360CB80E6EEE,16.14,queries/tpch/Functions/09-11_geometric/point_distance.sql,2,1,5,5.122993,24.977870,4.963719,0.159274,58.274170,290.534576,58.065102,0.209068,53.666443,268.526367,53.714981,-0.048538,0
2026-07-28T05:45:10Z,D989360CB80E6EEE,16.14,queries/tpch/Functions/09-11_geometric/point_make.sql,2,1,5,4.874196,23.918388,4.761048,0.113147,56.127502,278.121277,55.498444,0.629059,51.764343,256.882904,51.279640,0.484703,0
2026-07-28T05:46:10Z,D989360CB80E6EEE,16.14,queries/tpch/Functions/09-11_geometric/point_mul.sql,2,1,5,5.121990,24.860750,4.934690,0.187300,58.945862,286.156891,56.802757,2.143105,54.332092,264.251434,52.479836,1.852257,0
2026-07-28T05:46:49Z,D989360CB80E6EEE,16.14,queries/tpch/Functions/09-12_network/abbrev.sql,2,1,5,3.364118,16.274299,3.227545,0.136572,40.019897,196.753937,39.183510,0.836388,37.003418,182.231018,36.306900,0.696518,0
2026-07-28T05:47:09Z,D989360CB80E6EEE,16.14,queries/tpch/Functions/09-12_network/broadcast.sql,2,1,5,1.722534,8.076076,1.588386,0.134148,20.065308,96.795746,19.182610,0.882698,18.514893,89.537537,17.755661,0.759232,0
2026-07-28T05:47:27Z,D989360CB80E6EEE,16.14,queries/tpch/Functions/09-12_network/contained_by.sql,2,1,5,1.611134,7.501418,1.472571,0.138562,18.948242,90.069244,17.780251,1.167992,17.416870,83.305206,16.472084,0.944786,0
2026-07-28T05:47:45Z,D989360CB80E6EEE,16.14,queries/tpch/Functions/09-12_network/contained_by_eq.sql,2,1,5,1.644375,7.419038,1.443666,0.200709,18.850586,89.349762,17.624794,1.225792,17.318726,82.670471,16.337936,0.980789,0
2026-07-28T05:48:03Z,D989360CB80E6EEE,16.14,queries/tpch/Functions/09-12_network/contains.sql,2,1,5,1.607756,7.454315,1.461640,0.146116,18.796814,89.470978,17.668541,1.128273,17.254944,82.746094,16.372787,0.882156,0
2026-07-28T05:48:21Z,D989360CB80E6EEE,16.14,queries/tpch/Functions/09-12_network/family.sql,2,1,5,1.553506,7.179852,1.406586,0.146920,18.104980,85.950012,16.961258,1.143723,16.677063,79.407166,15.682526,0.994537,0
2026-07-28T05:49:00Z,D989360CB80E6EEE,16.14,queries/tpch/Functions/09-12_network/host.sql,2,1,5,3.380578,16.554060,3.293371,0.087207,40.639832,199.664246,39.756104,0.883728,37.636902,184.978577,36.835419,0.801483,0
2026-07-28T05:49:11Z,D989360CB80E6EEE,16.14,queries/tpch/Functions/09-12_network/hostmask.sql,2,1,5,1.023969,4.279499,0.813882,0.210087,11.623108,52.361755,10.184662,1.438446,10.610046,48.557861,9.486954,1.123093,0
2026-07-28T05:49:31Z,D989360CB80E6EEE,16.14,queries/tpch/Functions/09-12_network/inet_add.sql,2,1,5,1.763953,8.257909,1.623489,0.140464,20.892395,99.249237,19.589211,1.303185,19.250427,91.874054,18.155907,1.094521,0
2026-07-28T05:49:48Z,D989360CB80E6EEE,16.14,queries/tpch/Functions/09-12_network/inet_cast.sql,2,1,5,1.537818,7.104244,1.391606,0.146212,17.833923,85.144836,16.827728,1.006195,16.382690,78.683868,15.575294,0.807396,0
2026-07-28T05:50:07Z,D989360CB80E6EEE,16.14,queries/tpch/Functions/09-12_network/inet_sub_inet.sql,2,1,5,1.643361,7.634141,1.497695,0.145667,18.952759,91.459290,18.126633,0.826126,17.470642,84.535828,16.766296,0.704346,0
2026-07-28T05:50:27Z,D989360CB80E6EEE,16.14,queries/tpch/Functions/09-12_network/inet_sub_int.sql,2,1,5,1.769727,8.220233,1.612627,0.157100,20.914978,98.983154,19.517044,1.397934,19.196167,91.584198,18.097008,1.099159,0
2026-07-28T05:50:44Z,D989360CB80E6EEE,16.14,queries/tpch/Functions/09-12_network/macaddr_cast.sql,2,1,5,1.529142,7.070267,1.385281,0.143861,17.718750,84.242889,16.631035,1.087715,16.327515,77.858185,15.382668,0.944847,0
2026-07-28T05:51:01Z,D989360CB80E6EEE,16.14,queries/tpch/Functions/09-12_network/masklen.sql,2,1,5,1.542509,7.099046,1.389134,0.153375,17.812866,84.967041,16.788544,1.024323,16.401306,78.494202,15.523224,0.878082,0
2026-07-28T05:51:12Z,D989360CB80E6EEE,16.14,queries/tpch/Functions/09-12_network/netmask.sql,2,1,5,0.978140,4.340109,0.840492,0.137648,11.541748,52.502258,10.240128,1.301620,10.542297,48.491211,9.487228,1.055069,0
2026-07-28T05:51:32Z,D989360CB80E6EEE,16.14,queries/tpch/Functions/09-12_network/network.sql,2,1,5,1.748859,8.169093,1.605059,0.143800,20.638672,96.999786,19.090279,1.548393,18.981201,89.592896,17.652924,1.328278,0
2026-07-28T05:51:50Z,D989360CB80E6EEE,16.14,queries/tpch/Functions/09-12_network/overlaps.sql,2,1,5,1.614564,7.501415,1.471713,0.142851,18.824402,89.786316,17.740479,1.083923,17.279663,83.033112,16.438362,0.841301,0
2026-07-28T05:52:09Z,D989360CB80E6EEE,16.14,queries/tpch/Functions/09-12_network/set_masklen.sql,2,1,5,1.729803,8.086211,1.589102,0.140701,20.228333,97.047058,19.204681,1.023651,18.582703,89.702728,17.780006,0.802696,0
2026-07-28T05:55:51Z,D989360CB80E6EEE,16.14,queries/tpch/Functions/09-13_text_search/length_tsvector.sql,2,1,5,17.998092,93.618777,18.905171,-0.907079,446.671814,2054.245331,401.893379,44.778435,429.944275,1968.170898,384.556656,45.387619,0
2026-07-28T05:59:41Z,D989360CB80E6EEE,16.14,queries/tpch/Functions/09-13_text_search/match.sql,2,1,5,19.235769,95.569120,19.083338,0.152432,422.117981,2097.344025,418.806511,3.311470,404.412598,2010.180634,401.442009,2.970589,0
2026-07-28T06:03:42Z,D989360CB80E6EEE,16.14,queries/tpch/Functions/09-13_text_search/numnode.sql,2,1,5,20.066105,100.389279,20.080793,-0.014688,440.791748,2202.646667,440.463730,0.328018,422.189636,2109.810425,421.905197,0.284439,0
2026-07-28T06:07:45Z,D989360CB80E6EEE,16.14,queries/tpch/Functions/09-13_text_search/phraseto_tsquery.sql,2,1,5,20.221604,101.414165,20.298140,-0.076536,444.785156,2225.604462,445.204826,-0.419670,426.137085,2131.458038,426.330238,-0.193153,0
2026-07-28T06:11:49Z,D989360CB80E6EEE,16.14,queries/tpch/Functions/09-13_text_search/plainto_tsquery.sql,2,1,5,20.207434,101.753687,20.386563,-0.179129,443.498047,2233.083496,447.396362,-3.898315,424.624329,2138.213776,428.397362,-3.773033,0
2026-07-28T06:15:40Z,D989360CB80E6EEE,16.14,queries/tpch/Functions/09-13_text_search/setweight.sql,2,1,5,19.329164,95.958247,19.157271,0.171894,424.204712,2105.885834,420.420280,3.784431,406.489868,2018.028076,402.884552,3.605316,0
2026-07-28T06:19:31Z,D989360CB80E6EEE,16.14,queries/tpch/Functions/09-13_text_search/strip.sql,2,1,5,19.334114,96.335881,19.250442,0.083672,424.251221,2114.009064,422.439461,1.811760,406.475281,2025.684143,404.802216,1.673065,0
2026-07-28T06:19:42Z,D989360CB80E6EEE,16.14,queries/tpch/Functions/09-13_text_search/to_tsquery.sql,2,1,5,0.982558,4.332447,0.837472,0.145085,12.243347,56.803223,11.139969,1.103378,11.286926,52.709442,10.355629,0.931297,0
2026-07-28T06:23:29Z,D989360CB80E6EEE,16.14,queries/tpch/Functions/09-13_text_search/to_tsvector.sql,2,1,5,19.168673,95.151124,18.995613,0.173061,421.414551,2087.964172,416.637405,4.777145,403.714905,2001.003662,399.322189,4.392715,0
2026-07-28T06:26:08Z,D989360CB80E6EEE,16.14,queries/tpch/Functions/09-13_text_search/to_tsvector_simple.sql,2,1,5,13.299847,66.112454,13.203152,0.096695,291.865051,1450.762085,289.724258,2.140793,279.535950,1389.641541,277.526398,2.009552,0
2026-07-28T06:30:09Z,D989360CB80E6EEE,16.14,queries/tpch/Functions/09-13_text_search/ts_headline.sql,2,1,5,20.184945,100.440697,20.063938,0.121007,442.966736,2204.150421,440.295921,2.670815,424.357727,2112.299683,421.985489,2.372238,0
2026-07-28T06:33:58Z,D989360CB80E6EEE,16.14,queries/tpch/Functions/09-13_text_search/ts_rank.sql,2,1,5,19.151588,95.169038,19.004362,0.147226,420.265808,2088.475739,417.052483,3.213326,402.689758,2001.345154,399.663849,3.025909,0
2026-07-28T06:38:51Z,D989360CB80E6EEE,16.14,queries/tpch/Functions/09-13_text_search/websearch_to_tsquery.sql,2,1,5,24.542094,121.990286,24.362048,0.180047,538.638550,2677.117706,534.619789,4.018761,515.665344,2563.514740,511.962349,3.702995,0
2026-07-28T06:42:47Z,D989360CB80E6EEE,16.14,queries/tpch/Functions/09-14_uuid/gen_random_uuid.sql,2,1,5,19.843085,98.297357,19.613568,0.229517,226.275391,1092.874847,216.649864,9.625526,208.565369,1008.535187,199.992455,8.572914,0
2026-07-28T06:46:09Z,D989360CB80E6EEE,16.14,queries/tpch/Functions/09-14_uuid/uuid_from_md5.sql,2,1,5,16.971732,84.159217,16.796871,0.174860,198.116516,983.282074,196.291389,1.825127,183.410278,910.119293,181.677254,1.733025,0
2026-07-28T06:50:21Z,D989360CB80E6EEE,16.14,queries/tpch/Functions/09-14_uuid/uuid_to_text.sql,2,1,5,20.988105,104.649831,20.915432,0.072674,232.916870,1158.716187,231.449829,1.467041,214.856140,1068.499207,213.410767,1.445374,0
2026-07-28T06:58:12Z,D989360CB80E6EEE,16.14,queries/tpch/Functions/09-15_xml/xml_is_well_formed.sql,2,1,5,39.024146,196.479328,39.363796,-0.339650,467.542419,2346.685150,469.785683,-2.243263,433.848938,2178.292419,436.110870,-2.261932,0
2026-07-28T07:01:14Z,D989360CB80E6EEE,16.14,queries/tpch/Functions/09-15_xml/xml_to_text.sql,2,1,5,15.678052,75.425738,14.936922,0.741130,187.678162,905.170685,179.373131,8.305031,174.080505,839.576385,166.373970,7.706535,0
2026-07-28T07:02:35Z,D989360CB80E6EEE,16.14,queries/tpch/Functions/09-15_xml/xmlcomment.sql,2,1,5,6.836865,33.721274,6.721102,0.115763,82.807678,408.101654,81.323494,1.484184,76.735229,378.487518,75.438072,1.297157,0
2026-07-28T07:08:11Z,D989360CB80E6EEE,16.14,queries/tpch/Functions/09-15_xml/xmlconcat.sql,2,1,5,28.571469,139.652596,27.770282,0.801188,343.304626,1687.679871,336.093811,7.210815,318.695740,1567.525696,312.207489,6.488251,0
2026-07-28T07:11:16Z,D989360CB80E6EEE,16.14,queries/tpch/Functions/09-15_xml/xmlelement.sql,2,1,5,15.895312,76.478497,15.145796,0.749515,189.109375,915.934631,181.706314,7.403061,175.353760,849.869476,168.628929,6.724831,0
2026-07-28T07:14:48Z,D989360CB80E6EEE,16.14,queries/tpch/Functions/09-15_xml/xmlelement_attrs.sql,2,1,5,17.636283,88.248307,17.653006,-0.016723,211.257263,1058.869263,211.903000,-0.645737,195.852539,982.936493,196.770988,-0.918449,0
2026-07-28T07:16:34Z,D989360CB80E6EEE,16.14,queries/tpch/Functions/09-15_xml/xmlforest.sql,2,1,5,8.921892,44.085869,8.790994,0.130898,108.727295,531.655212,105.731979,2.995316,100.865784,493.309418,98.110909,2.754875,0
2026-07-28T07:17:19Z,D989360CB80E6EEE,16.14,queries/tpch/Functions/09-15_xml/xmlpi.sql,2,1,5,3.839881,18.750318,3.727609,0.112271,46.054199,228.280945,45.556686,0.497513,42.596863,211.596375,42.249878,0.346985,0
2026-07-28T07:37:32Z,D989360CB80E6EEE,16.14,queries/tpch/Functions/09-15_xml/xpath.sql,2,1,5,102.124010,505.620173,100.874041,1.249969,1168.739136,5791.854156,1155.778755,12.960381,1081.328613,5359.381042,1069.513107,11.815506,0
2026-07-28T07:40:38Z,D989360CB80E6EEE,16.14,queries/tpch/Functions/09-16_json/arrow_object.sql,2,1,5,15.543868,77.311004,15.441784,0.102085,186.740662,940.278259,188.384399,-1.643738,173.169189,873.203308,175.008530,-1.839340,0
2026-07-28T07:43:33Z,D989360CB80E6EEE,16.14,queries/tpch/Functions/09-16_json/arrow_text.sql,2,1,5,14.636837,72.979812,14.585744,0.051094,176.904175,889.168365,178.066048,-1.161873,164.033203,826.013397,165.495049,-1.461845,0
2026-07-28T07:46:40Z,D989360CB80E6EEE,16.14,queries/tpch/Functions/09-16_json/contains.sql,2,1,5,15.754315,77.679190,15.481219,0.273096,190.969849,941.032440,187.515648,3.454201,177.198181,873.579681,174.095375,3.102806,0
2026-07-28T07:48:16Z,D989360CB80E6EEE,16.14,queries/tpch/Functions/09-16_json/json_build_array.sql,2,1,5,8.129704,40.064500,7.983699,0.146005,97.033569,480.277039,95.810867,1.222702,89.841370,445.200806,88.839859,1.001511,0
2026-07-28T07:50:43Z,D989360CB80E6EEE,16.14,queries/tpch/Functions/09-16_json/json_build_object.sql,2,1,5,12.363123,61.156352,12.198307,0.164816,148.668457,736.464966,146.949127,1.719330,137.867859,683.220825,136.338242,1.529617,0
2026-07-28T07:52:33Z,D989360CB80E6EEE,16.14,queries/tpch/Functions/09-16_json/jsonb_array_length.sql,2,1,5,9.296186,45.907374,9.152797,0.143389,111.049805,550.954590,109.976196,1.073608,102.868347,510.921570,102.013306,0.855042,0
2026-07-28T07:54:23Z,D989360CB80E6EEE,16.14,queries/tpch/Functions/09-16_json/jsonb_build_array.sql,2,1,5,9.225364,45.722720,9.124339,0.101025,110.411804,549.480865,109.767265,0.644539,102.300903,509.513214,101.803078,0.497826,0
2026-07-28T07:57:13Z,D989360CB80E6EEE,16.14,queries/tpch/Functions/09-16_json/jsonb_build_object.sql,2,1,5,14.228597,70.682425,14.113457,0.115140,170.940735,858.675964,171.933807,-0.993073,158.591309,797.464172,159.718216,-1.126907,0
2026-07-28T07:59:36Z,D989360CB80E6EEE,16.14,queries/tpch/Functions/09-16_json/jsonb_insert.sql,2,1,5,12.052285,59.467063,11.853694,0.198590,146.144531,719.551270,143.351685,2.792847,135.655518,667.951935,133.074104,2.581413,0
2026-07-28T08:05:48Z,D989360CB80E6EEE,16.14,queries/tpch/Functions/09-16_json/jsonb_object_keys_arr.sql,2,1,5,31.787792,154.661228,30.718359,1.069433,386.458252,1892.619965,376.540428,9.917824,358.924011,1759.500854,350.144211,8.779800,0
2026-07-28T08:07:32Z,D989360CB80E6EEE,16.14,queries/tpch/Functions/09-16_json/jsonb_path_exists.sql,2,1,5,9.017760,42.845694,8.456984,0.560777,113.940186,520.645813,101.676407,12.263779,104.977539,483.178284,94.550186,10.427353,0
2026-07-28T08:09:29Z,D989360CB80E6EEE,16.14,queries/tpch/Functions/09-16_json/jsonb_path_query.sql,2,1,5,10.069978,48.326695,9.564179,0.505799,120.548340,585.291321,116.185745,4.362595,111.774292,543.324554,107.887566,3.886726,0
2026-07-28T08:11:25Z,D989360CB80E6EEE,16.14,queries/tpch/Functions/09-16_json/jsonb_path_query_array.sql,2,1,5,10.056570,48.335036,9.569617,0.486953,121.776794,588.825012,116.762054,5.014740,112.952026,545.933685,108.245415,4.706612,0
2026-07-28T08:15:06Z,D989360CB80E6EEE,16.14,queries/tpch/Functions/09-16_json/jsonb_pretty.sql,2,1,5,18.459174,92.023686,18.391128,0.068046,221.459900,-129959.677979,-32545.284470,32766.744370,205.536072,1032.813690,206.819405,-1.283333,0
2026-07-28T08:18:43Z,D989360CB80E6EEE,16.14,queries/tpch/Functions/09-16_json/jsonb_set.sql,2,1,5,18.155436,90.222502,18.016766,0.138670,220.839905,1083.272766,215.608215,5.231689,204.997742,1005.547211,200.137367,4.860374,0
2026-07-28T08:22:07Z,D989360CB80E6EEE,16.14,queries/tpch/Functions/09-16_json/jsonb_strip_nulls.sql,2,1,5,17.051571,84.841364,16.947448,0.104122,205.892517,1025.978455,205.021484,0.871033,191.098389,952.481873,190.345871,0.752518,0
2026-07-28T08:25:46Z,D989360CB80E6EEE,16.14,queries/tpch/Functions/09-16_json/jsonb_to_text.sql,2,1,5,18.262904,91.189832,18.231732,0.031172,219.169739,1135.437378,229.066910,-9.897171,203.198669,1054.410492,212.802956,-9.604286,0
2026-07-28T08:27:00Z,D989360CB80E6EEE,16.14,queries/tpch/Functions/09-16_json/jsonb_typeof.sql,2,1,5,6.219791,30.870131,6.162585,0.057207,74.362427,376.419617,75.514297,-1.151871,68.628296,348.865021,70.059181,-1.430885,0
2026-07-28T08:29:02Z,D989360CB80E6EEE,16.14,queries/tpch/Functions/09-16_json/jsonpath_exists_op.sql,2,1,5,10.443443,50.433926,9.997621,0.445823,125.167847,618.337372,123.292381,1.875465,116.011963,573.776123,114.441040,1.570923,0
2026-07-28T08:31:01Z,D989360CB80E6EEE,16.14,queries/tpch/Functions/09-16_json/jsonpath_match_op.sql,2,1,5,10.280903,49.185845,9.726235,0.554668,123.451355,598.095001,118.660912,4.790443,114.436279,555.243378,110.201775,4.234505,0
2026-07-28T08:33:54Z,D989360CB80E6EEE,16.14,queries/tpch/Functions/09-16_json/key_exists.sql,2,1,5,14.553349,72.419231,14.466471,0.086878,174.312439,871.495514,174.295769,0.016670,161.527466,808.348267,161.705200,-0.177734,0
2026-07-28T08:37:07Z,D989360CB80E6EEE,16.14,queries/tpch/Functions/09-16_json/path_extract.sql,2,1,5,16.152182,80.400689,16.062127,0.090056,193.705811,981.284424,196.894653,-3.188843,179.600281,911.494965,182.973671,-3.373390,0
2026-07-28T08:40:11Z,D989360CB80E6EEE,16.14,queries/tpch/Functions/09-16_json/path_extract_text.sql,2,1,5,15.353779,76.340023,15.246561,0.107218,186.823792,939.571350,188.186890,-1.363098,173.465820,872.829407,174.840897,-1.375076,0
2026-07-28T08:41:48Z,D989360CB80E6EEE,16.14,queries/tpch/Functions/09-16_json/row_to_json.sql,2,1,5,8.186393,40.325519,8.034782,0.151611,101.260681,483.332977,95.518074,5.742607,93.801086,447.941681,88.535149,5.265938,0
2026-07-28T08:42:54Z,D989360CB80E6EEE,16.14,queries/tpch/Functions/09-16_json/to_json.sql,2,1,5,5.590060,27.711757,5.530424,0.059636,65.750244,324.431030,64.670197,1.080048,60.841370,299.973572,59.783051,1.058319,0
2026-07-28T08:43:58Z,D989360CB80E6EEE,16.14,queries/tpch/Functions/09-16_json/to_jsonb.sql,2,1,5,5.405173,26.565876,5.290176,0.114998,64.271362,318.902740,63.657845,0.613518,59.486511,295.616486,59.032494,0.454018,0
2026-07-28T08:44:26Z,D989360CB80E6EEE,16.14,queries/tpch/Functions/09-18_conditional/case_searched.sql,2,1,5,2.386265,11.482326,2.274015,0.112250,27.209961,134.148804,26.734711,0.475250,25.036682,123.701233,24.666138,0.370544,0
2026-07-28T08:44:52Z,D989360CB80E6EEE,16.14,queries/tpch/Functions/09-18_conditional/case_simple.sql,2,1,5,2.226023,10.648205,2.105545,0.120478,25.553101,125.793732,25.060158,0.492943,23.478455,116.133118,23.163666,0.314789,0
2026-07-28T08:45:17Z,D989360CB80E6EEE,16.14,queries/tpch/Functions/09-18_conditional/coalesce.sql,2,1,5,2.204197,10.575529,2.092833,0.111364,25.341675,123.903961,24.640572,0.701103,23.221558,114.207672,22.746529,0.475029,0
2026-07-28T08:45:40Z,D989360CB80E6EEE,16.14,queries/tpch/Functions/09-18_conditional/nullif.sql,2,1,5,2.007633,9.570903,1.890817,0.116816,23.180237,113.777527,22.649323,0.530914,21.211731,104.995972,20.946060,0.265671,0
2026-07-28T08:46:24Z,D989360CB80E6EEE,16.14,queries/tpch/Functions/09-19_array/array_append.sql,2,1,5,3.643053,17.987858,3.586201,0.056851,43.565552,213.202667,42.409279,1.156273,40.316467,197.089691,39.193306,1.123161,0
2026-07-28T08:47:02Z,D989360CB80E6EEE,16.14,queries/tpch/Functions/09-19_array/array_cat.sql,2,1,5,3.306750,16.133374,3.206656,0.100094,38.874756,192.183868,38.327278,0.547478,35.867676,177.445953,35.394569,0.473106,0
2026-07-28T08:47:41Z,D989360CB80E6EEE,16.14,queries/tpch/Functions/09-19_array/array_concat_op.sql,2,1,5,3.298083,16.022186,3.181026,0.117057,38.265991,187.607788,37.335449,0.930542,35.270020,173.152985,34.470741,0.799278,0
2026-07-28T08:48:07Z,D989360CB80E6EEE,16.14,queries/tpch/Functions/09-19_array/array_construct.sql,2,1,5,2.207864,10.571509,2.090911,0.116953,25.229614,122.454224,24.306152,0.923462,23.194763,112.772736,22.394493,0.800270,0
2026-07-28T08:48:46Z,D989360CB80E6EEE,16.14,queries/tpch/Functions/09-19_array/array_contains.sql,2,1,5,3.373056,16.362835,3.247445,0.125612,39.554077,191.518890,37.991203,1.562874,36.490662,176.852722,35.090515,1.400146,0
2026-07-28T08:49:25Z,D989360CB80E6EEE,16.14,queries/tpch/Functions/09-19_array/array_dims.sql,2,1,5,3.300864,16.020452,3.179897,0.120967,38.592163,191.034882,38.110680,0.481483,35.580750,176.579468,35.249680,0.331070,0
2026-07-28T08:49:50Z,D989360CB80E6EEE,16.14,queries/tpch/Functions/09-19_array/array_length.sql,2,1,5,2.190525,10.713502,2.130744,0.059780,25.526062,125.084534,24.889618,0.636444,23.587036,115.284302,22.924316,0.662720,0
2026-07-28T08:50:16Z,D989360CB80E6EEE,16.14,queries/tpch/Functions/09-19_array/array_ndims.sql,2,1,5,2.223172,10.674336,2.112791,0.110380,25.452759,123.556427,24.525917,0.926842,23.363159,113.792633,22.607368,0.755791,0
2026-07-28T08:50:56Z,D989360CB80E6EEE,16.14,queries/tpch/Functions/09-19_array/array_overlap.sql,2,1,5,3.342254,16.502537,3.290071,0.052183,39.195374,194.199280,38.750977,0.444397,36.174072,179.370361,35.799072,0.375000,0
2026-07-28T08:51:30Z,D989360CB80E6EEE,16.14,queries/tpch/Functions/09-19_array/array_position.sql,2,1,5,2.923859,14.080824,2.789241,0.134618,35.156494,165.289612,32.533279,2.623215,32.415039,152.382690,29.991913,2.423126,0
2026-07-28T08:52:17Z,D989360CB80E6EEE,16.14,queries/tpch/Functions/09-19_array/array_positions.sql,2,1,5,4.116975,19.749395,3.908105,0.208870,48.376831,234.184967,46.452034,1.924797,44.553650,216.584229,43.007645,1.546005,0
2026-07-28T08:53:02Z,D989360CB80E6EEE,16.14,queries/tpch/Functions/09-19_array/array_prepend.sql,2,1,5,3.769045,18.389886,3.655210,0.113835,44.378235,220.190399,43.953041,0.425194,40.925903,203.787964,40.715515,0.210388,0
2026-07-28T08:53:38Z,D989360CB80E6EEE,16.14,queries/tpch/Functions/09-19_array/array_remove.sql,2,1,5,3.134560,15.208741,3.018545,0.116014,36.707458,186.158875,37.362854,-0.655396,33.855225,172.196259,34.585258,-0.730034,0
2026-07-28T08:54:17Z,D989360CB80E6EEE,16.14,queries/tpch/Functions/09-19_array/array_replace.sql,2,1,5,3.319084,16.139823,3.205185,0.113899,38.350525,189.838501,37.871994,0.478531,35.332031,175.274170,34.985535,0.346497,0
2026-07-28T08:54:55Z,D989360CB80E6EEE,16.14,queries/tpch/Functions/09-19_array/array_slice.sql,2,1,5,3.250643,15.742608,3.122991,0.127652,37.681702,184.108795,36.606773,1.074928,34.670532,169.901215,33.807671,0.862862,0
2026-07-28T08:55:23Z,D989360CB80E6EEE,16.14,queries/tpch/Functions/09-19_array/array_subscript.sql,2,1,5,2.380986,11.676787,2.323950,0.057035,27.732056,136.237976,27.126480,0.605576,25.623352,125.569885,24.986633,0.636719,0
2026-07-28T08:56:07Z,D989360CB80E6EEE,16.14,queries/tpch/Functions/09-19_array/array_to_string.sql,2,1,5,3.751910,18.296115,3.636051,0.115859,44.427124,217.094025,43.166725,1.260399,41.025940,200.667938,39.910500,1.115440,0
2026-07-28T08:56:33Z,D989360CB80E6EEE,16.14,queries/tpch/Functions/09-19_array/array_upper.sql,2,1,5,2.240993,10.718860,2.119467,0.121526,25.706055,125.135590,24.857384,0.848671,23.659119,115.345245,22.921532,0.737587,0
2026-07-28T08:56:59Z,D989360CB80E6EEE,16.14,queries/tpch/Functions/09-19_array/cardinality.sql,2,1,5,2.269026,10.815668,2.136661,0.132365,25.927917,126.317596,25.097420,0.830498,23.812805,116.433289,23.155121,0.657684,0
2026-07-28T08:58:29Z,D989360CB80E6EEE,16.14,queries/tpch/Functions/09-19_array/string_to_array.sql,2,1,5,7.540083,37.254614,7.428633,0.111450,89.374573,437.611908,87.059334,2.315239,82.748596,404.929260,80.545166,2.203430,0
2026-07-28T08:59:08Z,D989360CB80E6EEE,16.14,queries/tpch/Functions/09-19_array/trim_array.sql,2,1,5,3.335655,16.183340,3.211921,0.123734,38.873840,189.458679,37.646210,1.227631,35.828308,174.949127,34.780205,1.048103,0
2026-07-28T09:00:08Z,D989360CB80E6EEE,16.14,queries/tpch/Functions/09-20_range/adjacent.sql,2,1,5,5.082198,24.886155,4.950989,0.131209,60.686829,300.341461,59.913658,0.773170,56.240784,278.331451,55.522667,0.718117,0
2026-07-28T09:00:57Z,D989360CB80E6EEE,16.14,queries/tpch/Functions/09-20_range/contained_by.sql,2,1,5,4.192940,20.414094,4.055289,0.137651,49.990112,245.169159,48.794762,1.195351,46.161255,226.946869,45.196404,0.964851,0
2026-07-28T09:01:44Z,D989360CB80E6EEE,16.14,queries/tpch/Functions/09-20_range/contains_elem.sql,2,1,5,4.028729,19.678853,3.912531,0.116198,47.588745,235.873840,47.071274,0.517471,43.908569,218.356018,43.611862,0.296707,0
2026-07-28T09:02:33Z,D989360CB80E6EEE,16.14,queries/tpch/Functions/09-20_range/contains_range.sql,2,1,5,4.173841,20.364341,4.047625,0.126216,49.343994,244.101562,48.689392,0.654602,45.598694,225.949860,45.087791,0.510902,0
2026-07-28T09:03:17Z,D989360CB80E6EEE,16.14,queries/tpch/Functions/09-20_range/daterange_make.sql,2,1,5,3.757778,18.222459,3.616170,0.141608,44.693481,218.349121,43.413910,1.279572,41.205383,202.109772,40.226097,0.979286,0
2026-07-28T09:04:22Z,D989360CB80E6EEE,16.14,queries/tpch/Functions/09-20_range/intersect.sql,2,1,5,5.444438,26.768869,5.331108,0.113331,64.716370,326.180847,65.366119,-0.649750,59.921509,302.402405,60.620224,-0.698715,0
2026-07-28T09:05:06Z,D989360CB80E6EEE,16.14,queries/tpch/Functions/09-20_range/isempty.sql,2,1,5,3.759597,18.295818,3.634055,0.125542,44.614075,219.188354,43.643570,0.970505,41.155457,202.810883,40.413857,0.741600,0
2026-07-28T09:05:52Z,D989360CB80E6EEE,16.14,queries/tpch/Functions/09-20_range/lower.sql,2,1,5,3.906919,19.371829,3.866227,0.040692,46.412109,251.432037,51.254982,-4.842873,42.757629,232.856567,47.524734,-4.767105,0
2026-07-28T09:06:43Z,D989360CB80E6EEE,16.14,queries/tpch/Functions/09-20_range/multirange.sql,2,1,5,4.394978,21.200478,4.201375,0.193602,54.023438,256.943085,50.729912,3.293526,49.997742,238.001556,47.000954,2.996788,0
2026-07-28T09:07:34Z,D989360CB80E6EEE,16.14,queries/tpch/Functions/09-20_range/overlaps.sql,2,1,5,4.385556,21.169305,4.195937,0.189619,56.348328,259.845825,50.874374,5.473953,52.163818,240.750214,47.146599,5.017220,0
2026-07-28T09:08:23Z,D989360CB80E6EEE,16.14,queries/tpch/Functions/09-20_range/strictly_left.sql,2,1,5,4.100125,20.102607,4.000621,0.099504,49.133972,243.686310,48.638084,0.495888,45.408569,225.715454,45.076721,0.331848,0
2026-07-28T09:09:11Z,D989360CB80E6EEE,16.14,queries/tpch/Functions/09-20_range/strictly_right.sql,2,1,5,4.101353,20.085328,3.995994,0.105360,48.960022,242.635742,48.418930,0.541092,45.260986,224.614868,44.838470,0.422516,0
2026-07-28T09:10:26Z,D989360CB80E6EEE,16.14,queries/tpch/Functions/09-20_range/union.sql,2,1,5,6.337060,31.004064,6.166751,0.170309,77.049011,381.962616,76.228401,0.820610,71.382080,354.360962,70.744720,0.637360,0
2026-07-28T09:11:12Z,D989360CB80E6EEE,16.14,queries/tpch/Functions/09-20_range/upper.sql,2,1,5,3.918284,19.151225,3.808235,0.110049,47.005493,232.077148,46.267914,0.737579,43.321106,214.935181,42.903519,0.417587,0
2026-07-28T09:11:53Z,D989360CB80E6EEE,16.14,queries/tpch/Functions/09-21_aggregate/array_agg.sql,2,1,5,3.555258,16.997267,3.360502,0.194756,42.261353,208.820312,41.639740,0.621613,38.737671,192.310120,38.393112,0.344559,0
2026-07-28T09:13:04Z,D989360CB80E6EEE,16.14,queries/tpch/Functions/09-21_aggregate/array_agg_orderby.sql,2,1,5,6.062603,29.600914,5.884578,0.178026,72.338928,351.253723,69.728699,2.610229,66.668762,324.013184,64.336105,2.332657,0
2026-07-28T09:13:14Z,D989360CB80E6EEE,16.14,queries/tpch/Functions/09-21_aggregate/avg.sql,2,1,5,0.882472,3.922068,0.759899,0.122572,21.773865,110.077026,22.075790,-0.301926,20.856323,106.141785,21.321365,-0.465042,0
2026-07-28T09:13:20Z,D989360CB80E6EEE,16.14,queries/tpch/Functions/09-21_aggregate/bit_and.sql,2,1,5,0.621078,2.570805,0.487432,0.133646,14.374146,70.675079,14.075233,0.298912,13.617737,67.830994,13.553314,0.064423,0
2026-07-28T09:13:27Z,D989360CB80E6EEE,16.14,queries/tpch/Functions/09-21_aggregate/bit_or.sql,2,1,5,0.605685,2.594557,0.497218,0.108467,14.563171,69.265656,13.675621,0.887550,13.850830,66.334137,13.120827,0.730003,0
2026-07-28T09:13:35Z,D989360CB80E6EEE,16.14,queries/tpch/Functions/09-21_aggregate/bool_and.sql,2,1,5,0.802016,3.568654,0.691659,0.110357,19.124939,90.391174,17.816559,1.308380,18.253845,86.617462,17.090904,1.162941,0
2026-07-28T09:13:44Z,D989360CB80E6EEE,16.14,queries/tpch/Functions/09-21_aggregate/bool_or.sql,2,1,5,0.817023,3.703158,0.721534,0.095489,18.432617,86.662506,17.057472,1.375145,17.466858,82.764526,16.324417,1.142441,0
2026-07-28T09:14:09Z,D989360CB80E6EEE,16.14,queries/tpch/Functions/09-21_aggregate/corr.sql,2,1,5,2.140685,10.284903,2.036054,0.104631,46.873169,225.101288,44.557030,2.316139,44.649292,215.131622,42.620583,2.028709,0
2026-07-28T09:14:19Z,D989360CB80E6EEE,16.14,queries/tpch/Functions/09-21_aggregate/count_col.sql,2,1,5,0.905774,4.239029,0.833314,0.072460,20.120850,93.033325,18.228119,1.892731,19.146484,88.631744,17.371315,1.775169,0
2026-07-28T09:14:32Z,D989360CB80E6EEE,16.14,queries/tpch/Functions/09-21_aggregate/count_distinct.sql,2,1,5,1.121529,5.023126,0.975399,0.146130,14.037048,65.147766,12.777679,1.259369,12.923645,60.398560,11.868729,1.054916,0
2026-07-28T09:14:41Z,D989360CB80E6EEE,16.14,queries/tpch/Functions/09-21_aggregate/count_filter.sql,2,1,5,0.871816,3.937489,0.766418,0.105398,21.700867,101.664429,19.990891,1.709976,20.797668,97.563141,19.191368,1.606300,0
2026-07-28T09:14:46Z,D989360CB80E6EEE,16.14,queries/tpch/Functions/09-21_aggregate/count_star.sql,2,1,5,0.474797,1.888509,0.353428,0.121370,9.579651,44.715820,8.784042,0.795609,9.037354,42.811005,8.443413,0.593941,0
2026-07-28T09:16:23Z,D989360CB80E6EEE,16.14,queries/tpch/Functions/09-21_aggregate/cume_dist_hypothetical.sql,2,1,5,8.042602,40.273445,8.057711,-0.015109,99.864807,497.381805,99.379250,0.485558,92.357300,459.552582,91.798820,0.558479,0
2026-07-28T09:18:05Z,D989360CB80E6EEE,16.14,queries/tpch/Functions/09-21_aggregate/dense_rank_hypothetical.sql,2,1,5,8.639835,42.307519,8.416921,0.222914,103.897278,507.412079,100.878700,3.018578,95.936951,468.843536,93.226646,2.710304,0
2026-07-28T09:18:16Z,D989360CB80E6EEE,16.14,queries/tpch/Functions/09-21_aggregate/group_by.sql,2,1,5,1.013614,4.570393,0.889195,0.124419,26.136475,132.302185,26.541428,-0.404953,25.109009,127.658447,25.637360,-0.528351,0
2026-07-28T09:19:04Z,D989360CB80E6EEE,16.14,queries/tpch/Functions/09-21_aggregate/json_agg.sql,2,1,5,4.155742,20.056799,3.975264,0.180478,51.315674,248.195618,49.219986,2.095688,47.150269,228.622009,45.367935,1.782333,0
2026-07-28T09:20:34Z,D989360CB80E6EEE,16.14,queries/tpch/Functions/09-21_aggregate/jsonb_agg.sql,2,1,5,7.672976,37.482769,7.452448,0.220528,92.903870,458.358643,91.363693,1.540176,85.818848,424.159454,84.585152,1.233696,0
2026-07-28T09:20:42Z,D989360CB80E6EEE,16.14,queries/tpch/Functions/09-21_aggregate/max.sql,2,1,5,0.750790,3.243966,0.623294,0.127496,18.753357,92.729462,18.494026,0.259331,17.957275,89.363892,17.851654,0.105621,0
2026-07-28T09:20:51Z,D989360CB80E6EEE,16.14,queries/tpch/Functions/09-21_aggregate/min.sql,2,1,5,0.774103,3.346083,0.642995,0.131108,18.756592,91.478516,18.180481,0.576111,17.914185,87.887726,17.493385,0.420799,0
2026-07-28T09:21:46Z,D989360CB80E6EEE,16.14,queries/tpch/Functions/09-21_aggregate/mode.sql,2,1,5,4.677371,23.192321,4.628738,0.048634,57.414978,282.288025,56.218262,1.196716,52.979187,260.683136,51.925987,1.053200,0
2026-07-28T09:23:22Z,D989360CB80E6EEE,16.14,queries/tpch/Functions/09-21_aggregate/percent_rank_hypothetical.sql,2,1,5,8.072396,39.669886,7.899373,0.173023,97.005188,477.478363,95.118294,1.886894,89.547180,441.464111,87.979233,1.567947,0
2026-07-28T09:24:18Z,D989360CB80E6EEE,16.14,queries/tpch/Functions/09-21_aggregate/percentile_cont.sql,2,1,5,4.805295,23.558644,4.688337,0.116958,55.972229,277.885742,55.478378,0.493851,51.490967,256.278534,51.196892,0.294075,0
2026-07-28T09:25:18Z,D989360CB80E6EEE,16.14,queries/tpch/Functions/09-21_aggregate/percentile_cont_array.sql,2,1,5,5.041898,24.745424,4.925882,0.116017,58.578369,297.636292,59.764481,-1.186111,53.757446,274.586609,55.207291,-1.449844,0
2026-07-28T09:26:21Z,D989360CB80E6EEE,16.14,queries/tpch/Functions/09-21_aggregate/percentile_disc.sql,2,1,5,5.355254,26.219121,5.215967,0.139287,62.819214,310.360046,61.885208,0.934006,57.823853,286.666840,57.210747,0.613106,0
2026-07-28T09:27:56Z,D989360CB80E6EEE,16.14,queries/tpch/Functions/09-21_aggregate/rank_hypothetical.sql,2,1,5,8.105482,39.666285,7.890201,0.215281,95.027832,472.767578,94.434937,0.592896,87.616760,436.841766,87.306252,0.310509,0
2026-07-28T09:28:19Z,D989360CB80E6EEE,16.14,queries/tpch/Functions/09-21_aggregate/regr_slope.sql,2,1,5,1.934397,9.348714,1.853579,0.080818,52.004700,256.356049,51.087837,0.916862,50.179810,247.339783,49.289993,0.889816,0
2026-07-28T09:28:31Z,D989360CB80E6EEE,16.14,queries/tpch/Functions/09-21_aggregate/stddev.sql,2,1,5,1.050378,5.023152,0.993194,0.057184,24.969116,122.082184,24.278267,0.690849,23.857056,116.927582,23.267632,0.589424,0
2026-07-28T09:28:44Z,D989360CB80E6EEE,16.14,queries/tpch/Functions/09-21_aggregate/stddev_pop.sql,2,1,5,1.117891,5.149198,1.007827,0.110064,24.601440,116.083496,22.870514,1.730927,23.364258,110.828918,21.866165,1.498093,0
2026-07-28T09:29:15Z,D989360CB80E6EEE,16.14,queries/tpch/Functions/09-21_aggregate/string_agg.sql,2,1,5,2.697203,12.952189,2.563746,0.133457,58.964966,284.175262,56.302574,2.662392,55.972412,270.511169,53.634689,2.337723,0
2026-07-28T09:29:24Z,D989360CB80E6EEE,16.14,queries/tpch/Functions/09-21_aggregate/sum.sql,2,1,5,0.853006,3.802901,0.737474,0.115533,17.997925,83.400909,16.350746,1.647179,17.070984,79.395203,15.581055,1.489929,0
2026-07-28T09:29:34Z,D989360CB80E6EEE,16.14,queries/tpch/Functions/09-21_aggregate/sum_filter.sql,2,1,5,0.893566,4.011785,0.779555,0.114011,19.631958,88.089203,17.114311,2.517647,18.603149,83.964600,16.340363,2.262787,0
2026-07-28T09:29:48Z,D989360CB80E6EEE,16.14,queries/tpch/Functions/09-21_aggregate/sum_float8.sql,2,1,5,1.161918,5.730326,1.142102,0.019817,26.300598,125.702515,24.850479,1.450119,25.169678,119.852661,23.670746,1.498932,0
2026-07-28T09:30:01Z,D989360CB80E6EEE,16.14,queries/tpch/Functions/09-21_aggregate/var_pop.sql,2,1,5,1.147438,5.326330,1.044723,0.102715,25.200684,116.885468,22.921196,2.279488,24.023987,111.411652,21.846916,2.177071,0
2026-07-28T09:30:14Z,D989360CB80E6EEE,16.14,queries/tpch/Functions/09-21_aggregate/variance.sql,2,1,5,1.129929,5.325930,1.049000,0.080928,24.833496,116.842743,23.002312,1.831184,23.663147,111.375214,21.928017,1.735130,0
2026-07-28T09:31:58Z,D989360CB80E6EEE,16.14,queries/tpch/Functions/09-22_window/avg_over.sql,2,1,5,8.770432,43.314296,8.635966,0.134466,110.626526,532.257599,105.407768,5.218758,102.400513,492.769104,97.592148,4.808365,0
2026-07-28T09:33:29Z,D989360CB80E6EEE,16.14,queries/tpch/Functions/09-22_window/count_over.sql,2,1,5,7.773505,37.782898,7.502348,0.271157,91.923584,459.724182,91.950150,-0.026566,84.834351,425.561218,85.181717,-0.347366,0
2026-07-28T09:41:19Z,D989360CB80E6EEE,16.14,queries/tpch/Functions/09-22_window/cume_dist.sql,2,1,5,39.139653,195.590783,39.112782,0.026871,416.182434,2087.035706,417.713318,-1.530884,381.417114,1913.911072,383.123489,-1.706375,0
2026-07-28T09:42:48Z,D989360CB80E6EEE,16.14,queries/tpch/Functions/09-22_window/dense_rank.sql,2,1,5,7.653889,37.176381,7.380623,0.273266,88.838501,434.487183,86.412170,2.426331,81.966370,400.979828,79.753365,2.213005,0
2026-07-28T09:55:19Z,D989360CB80E6EEE,16.14,queries/tpch/Functions/09-22_window/first_value.sql,2,1,5,62.196967,313.126250,62.732321,-0.535354,646.693970,3245.976257,649.820572,-3.126602,592.346497,2971.214294,594.716949,-2.370453,0
2026-07-28T09:56:58Z,D989360CB80E6EEE,16.14,queries/tpch/Functions/09-22_window/first_value_part_1500k.sql,2,1,5,8.364467,40.914489,8.137506,0.226961,101.504578,499.911102,99.601631,1.902946,93.803955,462.818481,92.253632,1.550323,0
2026-07-28T09:59:04Z,D989360CB80E6EEE,16.14,queries/tpch/Functions/09-22_window/first_value_part_200k.sql,2,1,5,10.616338,52.599889,10.495888,0.120450,126.539490,631.975922,126.359108,0.180382,116.906921,583.915497,116.752144,0.154778,0
2026-07-28T10:12:22Z,D989360CB80E6EEE,16.14,queries/tpch/Functions/09-22_window/first_value_part_3.sql,2,1,5,66.643001,331.054818,66.102954,0.540047,704.546448,3479.072357,693.631477,10.914970,646.429688,3190.922150,636.123116,10.306572,0
2026-07-28T10:17:03Z,D989360CB80E6EEE,16.14,queries/tpch/Functions/09-22_window/frame_exclude_current.sql,2,1,5,23.516215,117.155824,23.409902,0.106313,281.726929,1412.626801,282.724968,-0.998039,261.031921,1309.765839,262.183479,-1.151558,0
2026-07-28T10:19:35Z,D989360CB80E6EEE,16.14,queries/tpch/Functions/09-22_window/frame_groups.sql,2,1,5,12.728919,63.189044,12.615031,0.113888,154.673950,769.721252,153.761826,0.912125,143.296692,713.486420,142.547432,0.749260,0
2026-07-28T10:21:50Z,D989360CB80E6EEE,16.14,queries/tpch/Functions/09-22_window/frame_rows_centered.sql,2,1,5,11.283346,55.952384,11.167259,0.116087,136.076416,675.704590,134.907043,1.169373,126.003967,625.891022,124.971764,1.032204,0
2026-07-28T10:29:59Z,D989360CB80E6EEE,16.14,queries/tpch/Functions/09-22_window/frame_rows_following.sql,2,1,5,40.712345,203.558794,40.711612,0.000733,434.810120,2237.829498,450.754845,-15.944725,398.817810,2052.520447,413.425659,-14.607849,0
2026-07-28T10:31:52Z,D989360CB80E6EEE,16.14,queries/tpch/Functions/09-22_window/frame_rows_running.sql,2,1,5,9.572605,47.201868,9.407316,0.165289,115.617554,570.803436,113.796471,1.821083,106.887817,527.770844,105.220757,1.667061,0
2026-07-28T10:33:27Z,D989360CB80E6EEE,16.14,queries/tpch/Functions/09-22_window/lag.sql,2,1,5,8.034511,39.536825,7.875579,0.158932,96.888977,482.300598,96.352905,0.536072,89.574890,446.034973,89.115021,0.459869,0
2026-07-28T10:35:06Z,D989360CB80E6EEE,16.14,queries/tpch/Functions/09-22_window/last_value.sql,2,1,5,8.353034,41.273939,8.230226,0.122807,101.352295,503.571198,100.554726,0.797569,93.786072,465.966797,93.045181,0.740891,0
2026-07-28T10:36:46Z,D989360CB80E6EEE,16.14,queries/tpch/Functions/09-22_window/last_value_part_1500k.sql,2,1,5,8.417745,41.465256,8.261878,0.155868,102.723511,507.337646,101.153534,1.569977,94.899475,469.592529,93.673264,1.226212,0
2026-07-28T10:38:22Z,D989360CB80E6EEE,16.14,queries/tpch/Functions/09-22_window/lead.sql,2,1,5,8.031634,39.576004,7.886092,0.145542,96.626343,480.413086,95.946686,0.679657,89.258911,444.402649,88.785934,0.472977,0
2026-07-28T10:50:58Z,D989360CB80E6EEE,16.14,queries/tpch/Functions/09-22_window/nth_value.sql,2,1,5,62.719695,315.251237,63.132886,-0.413191,658.351318,3294.626160,659.068710,-0.717392,602.596191,3015.799286,603.300774,-0.704582,0
2026-07-28T10:52:15Z,D989360CB80E6EEE,16.14,queries/tpch/Functions/09-22_window/ntile.sql,2,1,5,6.501433,31.991355,6.372480,0.128953,77.141296,382.431763,76.322617,0.818680,71.113892,352.718445,70.401138,0.712753,0
2026-07-28T10:54:26Z,D989360CB80E6EEE,16.14,queries/tpch/Functions/09-22_window/partition_by.sql,2,1,5,10.974360,54.543877,10.892379,0.081981,129.994751,651.133636,130.284721,-0.289970,120.045898,601.957336,120.477859,-0.431961,0
2026-07-28T10:56:26Z,D989360CB80E6EEE,16.14,queries/tpch/Functions/09-22_window/percent_rank.sql,2,1,5,10.117069,49.548912,9.857961,0.259109,121.353027,600.218994,119.716492,1.636536,112.113770,554.995575,110.720451,1.393318,0
2026-07-28T10:57:55Z,D989360CB80E6EEE,16.14,queries/tpch/Functions/09-22_window/rank.sql,2,1,5,7.616407,37.214923,7.399629,0.216778,89.316284,437.069611,86.938332,2.377953,82.304504,403.370453,80.266487,2.038017,0
2026-07-28T10:59:09Z,D989360CB80E6EEE,16.14,queries/tpch/Functions/09-22_window/row_number.sql,2,1,5,6.267349,30.729909,6.115640,0.151709,73.845703,357.861023,71.003830,2.841873,68.038940,329.660522,65.405396,2.633545,0
2026-07-28T11:00:30Z,D989360CB80E6EEE,16.14,queries/tpch/Functions/09-22_window/row_number_part_1500k.sql,2,1,5,6.843286,33.523546,6.670065,0.173221,82.940186,405.643066,80.675720,2.264465,76.594849,374.627563,74.508179,2.086670,0
2026-07-28T11:02:14Z,D989360CB80E6EEE,16.14,queries/tpch/Functions/09-22_window/sum_over.sql,2,1,5,8.770699,43.402297,8.657899,0.112799,106.469177,527.230072,105.190224,1.278954,98.425293,487.111511,97.171555,1.253738,0
2026-07-28T11:02:24Z,D989360CB80E6EEE,16.14,queries/tpch/Functions/09-24_subquery/any_subquery.sql,2,1,5,0.888741,3.874998,0.746564,0.142177,22.150208,110.693359,22.135788,0.014420,21.077637,106.493011,21.353844,-0.276207,0
2026-07-28T11:03:10Z,D989360CB80E6EEE,16.14,queries/tpch/Functions/09-24_subquery/exists.sql,2,1,5,3.914123,19.036043,3.780480,0.133643,48.600220,235.354889,46.688667,1.911552,44.872070,217.482269,43.152550,1.719521,0
2026-07-28T11:03:19Z,D989360CB80E6EEE,16.14,queries/tpch/Functions/09-24_subquery/in_subquery.sql,2,1,5,0.890141,3.843761,0.738405,0.151736,21.422058,109.862732,22.110168,-0.688110,20.436646,105.886108,21.362366,-0.925720,0
2026-07-28T11:03:37Z,D989360CB80E6EEE,16.14,queries/tpch/Functions/09-24_subquery/not_exists.sql,2,1,5,1.556568,7.314753,1.439546,0.117022,37.062073,179.540375,35.619576,1.442497,34.970886,170.586670,33.903946,1.066940,0
2026-07-28T11:04:04Z,D989360CB80E6EEE,16.14,queries/tpch/Functions/09-24_subquery/not_in_subquery.sql,2,1,5,2.367208,11.352734,2.246381,0.120827,28.816345,139.842926,27.756645,1.059700,26.509766,129.058533,25.637192,0.872574,0
2026-07-28T11:04:16Z,D989360CB80E6EEE,16.14,queries/tpch/Functions/09-24_subquery/scalar_subquery.sql,2,1,5,1.039828,4.754742,0.928729,0.111099,13.281921,62.339630,12.264427,1.017494,12.265442,57.812561,11.386780,0.878662,0
2026-07-28T11:04:37Z,D989360CB80E6EEE,16.14,queries/tpch/Functions/09-25_row_comparison/all_array.sql,2,1,5,1.799446,8.589257,1.697453,0.101993,21.220520,103.203247,20.495682,0.724838,19.458557,95.060059,18.900375,0.558182,0
2026-07-28T11:04:57Z,D989360CB80E6EEE,16.14,queries/tpch/Functions/09-25_row_comparison/any_array.sql,2,1,5,1.783427,8.449088,1.666415,0.117012,21.142334,101.123932,19.995399,1.146935,19.435120,93.336151,18.475258,0.959862,0
2026-07-28T11:05:18Z,D989360CB80E6EEE,16.14,queries/tpch/Functions/09-25_row_comparison/in_list.sql,2,1,5,1.797536,8.508430,1.677724,0.119812,21.009460,102.422668,20.353302,0.656158,19.326660,94.526337,18.799919,0.526741,0
2026-07-28T11:05:38Z,D989360CB80E6EEE,16.14,queries/tpch/Functions/09-25_row_comparison/not_in_list.sql,2,1,5,1.807169,8.558522,1.687838,0.119331,21.210754,101.975250,20.191124,1.019630,19.527405,94.062988,18.633896,0.893509,0
2026-07-28T11:06:03Z,D989360CB80E6EEE,16.14,queries/tpch/Functions/09-25_row_comparison/row_eq.sql,2,1,5,2.116921,10.106785,1.997466,0.119455,25.170227,122.106689,24.234116,0.936111,23.221130,112.813049,22.397980,0.823151,0
2026-07-28T11:06:31Z,D989360CB80E6EEE,16.14,queries/tpch/Functions/09-25_row_comparison/row_in.sql,2,1,5,2.429663,11.638451,2.302197,0.127466,28.850342,139.490265,27.659981,1.190361,26.637878,128.879333,25.560364,1.077515,0
2026-07-28T11:06:56Z,D989360CB80E6EEE,16.14,queries/tpch/Functions/09-25_row_comparison/row_is_distinct.sql,2,1,5,2.145556,10.313438,2.041971,0.103585,25.067932,123.535645,24.616928,0.451004,23.034790,114.076477,22.760422,0.274368,0
2026-07-28T11:07:13Z,D989360CB80E6EEE,16.14,queries/tpch/Functions/09-25_row_comparison/row_lt.sql,2,1,5,1.533610,7.006063,1.368113,0.165496,17.427307,83.106445,16.419785,1.007523,15.929749,76.597595,15.166962,0.762787,0
2026-07-28T11:07:37Z,D989360CB80E6EEE,16.14,queries/tpch/Functions/09-25_row_comparison/row_ne.sql,2,1,5,2.097995,10.018263,1.980067,0.117928,24.599060,120.107941,23.877220,0.721840,22.666748,110.904846,22.059525,0.607224,0
2026-07-28T11:08:14Z,D989360CB80E6EEE,16.14,queries/tpch/Functions/09-26_set_returning/generate_series_int.sql,2,1,5,2.985806,15.556132,3.142582,-0.156776,87.041443,387.360779,75.079834,11.961609,84.157898,372.357239,72.049835,12.108063,0
2026-07-28T11:08:48Z,D989360CB80E6EEE,16.14,queries/tpch/Functions/09-26_set_returning/generate_subscripts.sql,2,1,5,2.883434,14.236657,2.838306,0.045128,66.861877,315.909302,62.261856,4.600021,63.946350,302.191376,59.561256,4.385094,0
2026-07-28T11:10:27Z,D989360CB80E6EEE,16.14,queries/tpch/Functions/09-26_set_returning/jsonb_array_elements.sql,2,1,5,8.362784,41.259015,8.224058,0.138726,183.540955,905.429321,180.472092,3.068863,175.604614,866.863251,172.814659,2.789955,0
2026-07-28T11:12:04Z,D989360CB80E6EEE,16.14,queries/tpch/Functions/09-26_set_returning/jsonb_object_keys.sql,2,1,5,8.095349,40.104881,8.002383,0.092966,177.767883,880.080872,175.578247,2.189636,170.163086,842.617615,168.113632,2.049454,0
2026-07-28T11:15:00Z,D989360CB80E6EEE,16.14,queries/tpch/Functions/09-26_set_returning/regexp_split_to_table.sql,2,1,5,14.734232,73.259718,14.631371,0.102861,323.380249,1607.720886,321.085159,2.295090,309.699280,1539.633606,307.483582,2.215698,0
2026-07-28T11:16:26Z,D989360CB80E6EEE,16.14,queries/tpch/Functions/09-26_set_returning/string_to_table.sql,2,1,5,7.284068,35.981522,7.174364,0.109704,159.826355,789.634033,157.451920,2.374435,-261991.090027,755.881531,65686.742889,-327677.832916,0
2026-07-28T11:18:42Z,D989360CB80E6EEE,16.14,queries/tpch/Functions/09-26_set_returning/unnest.sql,2,1,5,11.477265,56.501909,11.256161,0.221103,144.594849,701.222534,139.156921,5.437927,134.022949,650.440369,129.104355,4.918594,0
2026-07-28T11:19:02Z,D989360CB80E6EEE,16.14,queries/tpch/Functions/09-27_system_info/current_database.sql,2,1,5,1.746172,8.155669,1.602374,0.143797,21.143860,101.984070,20.210052,0.933807,19.562561,94.577576,18.753754,0.808807,0
2026-07-28T11:19:28Z,D989360CB80E6EEE,16.14,queries/tpch/Functions/09-27_system_info/current_setting.sql,2,1,5,2.294032,10.785796,2.122941,0.171091,27.540222,131.608643,26.017105,1.523117,25.487671,121.898956,24.102821,1.384850,0
2026-07-28T11:19:50Z,D989360CB80E6EEE,16.14,queries/tpch/Functions/09-27_system_info/current_user.sql,2,1,5,1.931102,8.988062,1.764240,0.166862,22.869324,110.308075,21.859688,1.009636,21.110718,102.171082,20.265091,0.845627,0
2026-07-28T11:20:00Z,D989360CB80E6EEE,16.14,queries/tpch/Functions/09-27_system_info/pg_backend_pid.sql,2,1,5,0.976176,4.334167,0.839498,0.136678,11.499878,53.981750,10.620468,0.879410,10.573914,50.032928,9.864754,0.709160,0
2026-07-28T11:20:27Z,D989360CB80E6EEE,16.14,queries/tpch/Functions/09-27_system_info/pg_column_size.sql,2,1,5,2.264866,10.846280,2.145354,0.119513,26.516418,130.626312,26.027473,0.488945,24.304932,120.770538,24.116402,0.188530,0
2026-07-28T11:20:38Z,D989360CB80E6EEE,16.14,queries/tpch/Functions/09-27_system_info/pg_column_size_int.sql,2,1,5,0.971854,4.527604,0.888937,0.082917,12.131592,56.113159,10.995392,1.136200,11.217590,52.034332,10.204185,1.013405,0
2026-07-28T11:20:56Z,D989360CB80E6EEE,16.14,queries/tpch/Functions/09-27_system_info/pg_typeof.sql,2,1,5,1.555298,7.339993,1.446174,0.109124,18.478882,88.734497,17.563904,0.914978,17.013306,81.889221,16.218979,0.794327,0
2026-07-28T11:21:10Z,D989360CB80E6EEE,16.14,queries/tpch/Functions/09-27_system_info/version.sql,2,1,5,1.294383,5.851749,1.139341,0.155041,15.134827,70.958527,13.955925,1.178902,13.944824,65.625641,12.920204,1.024620,0
2026-07-28T11:21:10Z,9E5E00D37DA86516,18.4,queries/tpch/Core/00_baseline/no_table.sql,2,1,5,0.039380,0.040078,0.000175,0.039205,0.471802,0.501831,0.007507,0.464294,0.436157,0.457581,0.005356,0.430801,0
2026-07-28T11:21:11Z,9E5E00D37DA86516,18.4,queries/tpch/Core/00_baseline/scan_customer.sql,2,1,5,0.124437,0.200628,0.019048,0.105389,0.891785,2.628876,0.434273,0.457512,0.660400,2.362946,0.425636,0.234764,0
2026-07-28T11:21:22Z,9E5E00D37DA86516,18.4,queries/tpch/Core/00_baseline/scan_lineitem.sql,2,1,5,0.983603,4.412474,0.857218,0.126385,15.793640,73.806641,14.503250,1.290390,14.693115,69.427032,13.683479,1.009636,0
2026-07-28T11:21:23Z,9E5E00D37DA86516,18.4,queries/tpch/Core/00_baseline/scan_nation.sql,2,1,5,0.039436,0.039894,0.000114,0.039322,0.492493,0.508392,0.003975,0.488518,0.438965,0.449097,0.002533,0.436432,0
2026-07-28T11:21:26Z,9E5E00D37DA86516,18.4,queries/tpch/Core/00_baseline/scan_orders.sql,2,1,5,0.349944,1.203181,0.213309,0.136635,4.464355,18.652954,3.547150,0.917206,3.987793,17.442200,3.363602,0.624191,0
2026-07-28T11:21:27Z,9E5E00D37DA86516,18.4,queries/tpch/Core/00_baseline/scan_part.sql,2,1,5,0.143701,0.233580,0.022470,0.121232,0.854980,3.043243,0.547066,0.307915,0.614563,2.754028,0.534866,0.079697,0
2026-07-28T11:21:29Z,9E5E00D37DA86516,18.4,queries/tpch/Core/00_baseline/scan_partsupp.sql,2,1,5,0.204876,0.717069,0.128048,0.076828,2.746826,11.416748,2.167480,0.579346,2.466370,10.586578,2.030052,0.436317,0
2026-07-28T11:21:29Z,9E5E00D37DA86516,18.4,queries/tpch/Core/00_baseline/scan_region.sql,2,1,5,0.039378,0.039985,0.000152,0.039226,0.508240,0.507111,-0.000282,0.508522,0.438965,0.451691,0.003181,0.435783,0
2026-07-28T11:21:29Z,9E5E00D37DA86516,18.4,queries/tpch/Core/00_baseline/scan_supplier.sql,2,1,5,0.041789,0.048477,0.001672,0.040117,0.533508,0.618317,0.021202,0.512306,0.465698,0.542938,0.019310,0.446388,0
2026-07-28T11:21:30Z,9E5E00D37DA86516,18.4,queries/tpch/Core/01_scan_access/bitmap_scan.sql,2,1,5,0.138225,0.515517,0.094323,0.043902,2.898499,11.254700,2.089050,0.809448,2.733521,10.614563,1.970261,0.763260,0
2026-07-28T11:21:31Z,9E5E00D37DA86516,18.4,queries/tpch/Core/01_scan_access/index_only_scan.sql,2,1,5,0.076414,0.254604,0.044548,0.031867,0.950745,2.812408,0.465416,0.485329,0.869202,2.529205,0.415001,0.454201,0
2026-07-28T11:21:31Z,9E5E00D37DA86516,18.4,queries/tpch/Core/01_scan_access/index_point_lookup.sql,2,1,5,0.039896,0.040906,0.000252,0.039643,0.502319,0.531525,0.007301,0.495018,0.436279,0.474060,0.009445,0.426834,0
2026-07-28T11:21:33Z,9E5E00D37DA86516,18.4,queries/tpch/Core/01_scan_access/index_scan.sql,2,1,5,0.191657,0.523825,0.083042,0.108615,1.625916,5.746765,1.030212,0.595703,1.371033,5.195099,0.956017,0.415016,0
2026-07-28T11:21:38Z,9E5E00D37DA86516,18.4,queries/tpch/Core/01_scan_access/seq_scan.sql,2,1,5,0.461028,2.036535,0.393877,0.067151,13.676697,63.631561,12.488716,1.187981,12.992249,60.617767,11.906380,1.085869,0
2026-07-28T11:21:47Z,9E5E00D37DA86516,18.4,queries/tpch/Core/01_scan_access/tablesample_bernoulli.sql,2,1,5,0.882106,3.930602,0.762124,0.119981,9.645081,44.112701,8.616905,1.028175,8.706238,40.111389,7.851288,0.854950,0
2026-07-28T11:21:48Z,9E5E00D37DA86516,18.4,queries/tpch/Core/01_scan_access/tablesample_system.sql,2,1,5,0.058400,0.174240,0.028960,0.029439,0.725830,1.707825,0.245499,0.480331,0.655334,1.497101,0.210442,0.444893,0
2026-07-28T11:21:55Z,9E5E00D37DA86516,18.4,queries/tpch/Core/02_filter_projection/filter_2pct.sql,2,1,5,0.608428,3.110617,0.625547,-0.017119,19.562012,92.237579,18.168892,1.393120,18.797791,88.678864,17.470268,1.327522,0
2026-07-28T11:22:16Z,9E5E00D37DA86516,18.4,queries/tpch/Core/02_filter_projection/filter_all.sql,2,1,5,1.704071,8.402643,1.674643,0.029428,25.808838,127.984406,25.543892,0.264946,24.016602,119.825500,23.952225,0.064377,0
2026-07-28T11:22:34Z,9E5E00D37DA86516,18.4,queries/tpch/Core/02_filter_projection/filter_half.sql,2,1,5,1.621803,7.603247,1.495361,0.126442,24.347839,116.496216,23.037094,1.310745,22.651123,109.107483,21.614090,1.037033,0
2026-07-28T11:22:42Z,9E5E00D37DA86516,18.4,queries/tpch/Core/02_filter_projection/filter_none.sql,2,1,5,0.704486,3.003274,0.574697,0.129788,17.675049,86.958435,17.320847,0.354202,16.888489,83.521942,16.658363,0.230125,0
2026-07-28T11:22:42Z,9E5E00D37DA86516,18.4,queries/tpch/Core/02_filter_projection/limit_100.sql,2,1,5,0.082239,0.041020,-0.010305,0.092544,0.313416,0.516724,0.050827,0.262589,0.224121,0.460999,0.059219,0.164902,0
2026-07-28T11:22:45Z,9E5E00D37DA86516,18.4,queries/tpch/Core/02_filter_projection/limit_offset_3m.sql,2,1,5,0.345655,1.298995,0.238335,0.107320,4.333984,19.972565,3.909645,0.424339,3.950378,18.639160,3.672195,0.278183,0
2026-07-28T11:22:53Z,9E5E00D37DA86516,18.4,queries/tpch/Core/02_filter_projection/project_all_cols.sql,2,1,5,0.681491,3.184352,0.625715,0.055775,11.780457,56.737701,11.239311,0.541145,10.939026,53.385101,10.611519,0.327507,0
2026-07-28T11:23:02Z,9E5E00D37DA86516,18.4,queries/tpch/Core/02_filter_projection/project_zero_cols.sql,2,1,5,0.790371,3.674410,0.721010,0.069361,13.267212,63.596161,12.582237,0.684975,12.429688,59.796570,11.841721,0.587967,0
2026-07-28T11:23:18Z,9E5E00D37DA86516,18.4,queries/tpch/Core/03_join_method/large_hash.sql,2,1,5,1.366964,6.286605,1.229910,0.137053,12.344788,60.157623,11.953209,0.391579,10.915161,53.989868,10.768677,0.146484,0
2026-07-28T11:23:28Z,9E5E00D37DA86516,18.4,queries/tpch/Core/03_join_method/large_merge.sql,2,1,5,1.013012,4.421581,0.852142,0.160870,24.445190,115.227020,22.695457,1.749733,23.162598,109.290710,21.532028,1.630569,0
2026-07-28T11:25:16Z,9E5E00D37DA86516,18.4,queries/tpch/Core/03_join_method/large_nestloop_index.sql,2,1,5,9.047876,44.748961,8.925271,0.122605,105.223450,507.888977,100.666382,4.557068,91.995422,443.749481,87.938515,4.056908,0
2026-07-28T11:25:17Z,9E5E00D37DA86516,18.4,queries/tpch/Core/03_join_method/small_hash.sql,2,1,5,0.042291,0.057379,0.003772,0.038519,0.536133,0.767090,0.057739,0.478394,0.475525,0.674866,0.049835,0.425690,0
2026-07-28T11:25:17Z,9E5E00D37DA86516,18.4,queries/tpch/Core/03_join_method/small_merge.sql,2,1,5,0.043827,0.061439,0.004403,0.039424,0.565247,0.783020,0.054443,0.510803,0.498474,0.689880,0.047852,0.450623,0
2026-07-28T11:25:17Z,9E5E00D37DA86516,18.4,queries/tpch/Core/03_join_method/small_nestloop.sql,2,1,5,0.069634,0.220550,0.037729,0.031905,0.881042,2.524292,0.410812,0.470230,0.797546,2.231689,0.358536,0.439011,0
2026-07-28T11:25:18Z,9E5E00D37DA86516,18.4,queries/tpch/Core/04_join_scale/join_10kx25.sql,2,1,5,0.042929,0.056793,0.003466,0.039463,0.620972,0.730469,0.027374,0.593597,0.547485,0.637787,0.022575,0.524910,0
2026-07-28T11:25:33Z,9E5E00D37DA86516,18.4,queries/tpch/Core/04_join_scale/join_1500kx150k.sql,2,1,5,1.381271,6.462281,1.270252,0.111019,12.941162,63.330719,12.597389,0.343773,11.641968,57.388855,11.436722,0.205246,0
2026-07-28T11:25:34Z,9E5E00D37DA86516,18.4,queries/tpch/Core/04_join_scale/join_150kx25.sql,2,1,5,0.096330,0.324820,0.057123,0.039208,1.350769,4.287079,0.734077,0.616692,1.224121,3.943512,0.679848,0.544273,0
2026-07-28T11:25:34Z,9E5E00D37DA86516,18.4,queries/tpch/Core/04_join_scale/join_25x5.sql,2,1,5,0.043531,0.042289,-0.000310,0.043841,0.451782,0.526031,0.018562,0.433220,0.388550,0.473877,0.021332,0.367218,0
2026-07-28T11:25:58Z,9E5E00D37DA86516,18.4,queries/tpch/Core/04_join_scale/join_6mx10k.sql,2,1,5,2.079732,9.914199,1.958617,0.121115,29.955872,147.336853,29.345245,0.610626,27.951660,138.010742,27.514771,0.436890,0
2026-07-28T11:26:45Z,9E5E00D37DA86516,18.4,queries/tpch/Core/04_join_scale/join_6mx1500k.sql,2,1,5,3.979281,19.577848,3.899642,0.079639,55.118469,269.836853,53.679596,1.438873,51.211060,251.199219,49.997040,1.214020,0
2026-07-28T11:27:33Z,9E5E00D37DA86516,18.4,queries/tpch/Core/04_join_scale/join_6mx200k.sql,2,1,5,4.174270,19.639794,3.866381,0.307889,52.115479,246.192230,48.519188,3.596291,48.057617,227.726196,44.917145,3.140472,0
2026-07-28T11:27:40Z,9E5E00D37DA86516,18.4,queries/tpch/Core/04_join_scale/join_800kx200k.sql,2,1,5,0.631477,2.800239,0.542191,0.089286,8.105225,37.770355,7.416283,0.688942,7.374146,35.001068,6.906731,0.467415,0
2026-07-28T11:27:46Z,9E5E00D37DA86516,18.4,queries/tpch/Core/05_join_type/anti_not_exists.sql,2,1,5,0.668296,2.472762,0.451117,0.217179,5.897400,28.165314,5.566978,0.330421,4.926208,24.534698,4.902122,0.024086,0
2026-07-28T11:28:01Z,9E5E00D37DA86516,18.4,queries/tpch/Core/05_join_type/cross_join.sql,2,1,5,1.354229,6.323747,1.242379,0.111849,18.445007,87.091217,17.161552,1.283455,17.109314,81.268066,16.039688,1.069626,0
2026-07-28T11:28:17Z,9E5E00D37DA86516,18.4,queries/tpch/Core/05_join_type/full_outer.sql,2,1,5,1.454803,6.417598,1.240699,0.214105,13.640503,60.082306,11.610451,2.030052,12.141968,54.072083,10.482529,1.659439,0
2026-07-28T11:28:33Z,9E5E00D37DA86516,18.4,queries/tpch/Core/05_join_type/inner.sql,2,1,5,1.410200,6.408531,1.249583,0.160617,13.744690,60.612122,11.716858,2.027832,12.397156,54.682373,10.571304,1.825851,0
2026-07-28T11:28:45Z,9E5E00D37DA86516,18.4,queries/tpch/Core/05_join_type/join_on_text_cast.sql,2,1,5,1.131623,4.813047,0.920356,0.211267,16.106873,74.521088,14.603554,1.503319,14.756714,69.433105,13.669098,1.087616,0
2026-07-28T11:29:00Z,9E5E00D37DA86516,18.4,queries/tpch/Core/05_join_type/left_outer.sql,2,1,5,1.383868,6.215866,1.207999,0.175869,11.919373,57.092651,11.293320,0.626053,10.572876,51.258911,10.171509,0.401367,0
2026-07-28T11:29:16Z,9E5E00D37DA86516,18.4,queries/tpch/Core/05_join_type/right_outer.sql,2,1,5,1.485520,6.483358,1.249459,0.236061,13.878967,58.465881,11.146729,2.732239,12.497375,52.416504,9.979782,2.517593,0
2026-07-28T11:29:34Z,9E5E00D37DA86516,18.4,queries/tpch/Core/05_join_type/self_join.sql,2,1,5,1.682919,7.819115,1.534049,0.148870,21.509583,102.703247,20.298416,1.211166,19.866760,95.312286,18.861382,1.005379,0
2026-07-28T11:29:49Z,9E5E00D37DA86516,18.4,queries/tpch/Core/05_join_type/semi_exists.sql,2,1,5,1.290303,6.143157,1.213213,0.077090,11.296509,58.098450,11.700485,-0.403976,10.062866,52.360870,10.574501,-0.511635,0
2026-07-28T11:30:36Z,9E5E00D37DA86516,18.4,queries/tpch/Core/06_join_chain/chain_1_hash.sql,2,1,5,3.973570,19.363855,3.847571,0.125999,49.368042,239.962921,47.648720,1.719322,45.692688,222.126587,44.108475,1.584213,0
2026-07-28T11:31:06Z,9E5E00D37DA86516,18.4,queries/tpch/Core/06_join_chain/chain_1_merge.sql,2,1,5,2.543077,12.099576,2.389125,0.153953,32.277344,153.172241,30.223724,2.053619,29.898438,142.189941,28.072876,1.825562,0
2026-07-28T11:31:35Z,9E5E00D37DA86516,18.4,queries/tpch/Core/06_join_chain/chain_1_nestloop.sql,2,1,5,2.374452,12.287364,2.478228,-0.103777,70.876648,319.464417,62.146942,8.729706,68.662109,307.528656,59.716637,8.945473,0
2026-07-28T11:32:35Z,9E5E00D37DA86516,18.4,queries/tpch/Core/06_join_chain/chain_2_hash.sql,2,1,5,5.173459,24.908868,4.933852,0.239607,58.756104,285.009521,56.563354,2.192749,53.693176,261.667999,51.993706,1.699471,0
2026-07-28T11:34:53Z,9E5E00D37DA86516,18.4,queries/tpch/Core/06_join_chain/chain_2_merge.sql,2,1,5,11.541962,57.363091,11.455282,0.086680,134.030334,660.383942,131.588402,2.441933,118.700317,584.890869,116.547638,2.152679,0
2026-07-28T11:36:54Z,9E5E00D37DA86516,18.4,queries/tpch/Core/06_join_chain/chain_2_nestloop.sql,2,1,5,9.959903,50.384575,10.106168,-0.146265,229.661011,1128.560760,224.724937,4.936073,212.293213,1040.342712,207.012375,5.280838,0
2026-07-28T11:37:55Z,9E5E00D37DA86516,18.4,queries/tpch/Core/06_join_chain/chain_3_hash.sql,2,1,5,5.176869,25.358042,5.045293,0.131576,60.545776,291.157318,57.652885,2.892891,55.596069,267.484375,52.972076,2.623993,0
2026-07-28T11:40:15Z,9E5E00D37DA86516,18.4,queries/tpch/Core/06_join_chain/chain_3_merge.sql,2,1,5,11.762067,58.215147,11.613270,0.148796,135.439026,668.608429,133.292351,2.146675,120.112305,592.408569,118.074066,2.038239,0
2026-07-28T11:42:17Z,9E5E00D37DA86516,18.4,queries/tpch/Core/06_join_chain/chain_3_nestloop.sql,2,1,5,10.058212,51.144432,10.271555,-0.213342,240.893921,1155.002045,228.527031,12.366890,223.264771,1065.565918,210.575287,12.689484,0
2026-07-28T11:43:19Z,9E5E00D37DA86516,18.4,queries/tpch/Core/06_join_chain/chain_4_hash.sql,2,1,5,5.297523,25.425066,5.031886,0.265637,60.953552,293.239288,58.071434,2.882118,55.824646,269.405579,53.395233,2.429413,0
2026-07-28T11:45:39Z,9E5E00D37DA86516,18.4,queries/tpch/Core/06_join_chain/chain_4_merge.sql,2,1,5,11.798328,58.261777,11.615862,0.182466,134.338928,671.156952,134.204506,0.134422,118.803528,594.428650,118.906281,-0.102753,0
2026-07-28T11:47:42Z,9E5E00D37DA86516,18.4,queries/tpch/Core/06_join_chain/chain_4_nestloop.sql,2,1,5,10.116484,51.340492,10.306002,-0.189518,240.734253,1158.219940,229.371422,11.362831,222.934998,1068.418671,211.370918,11.564079,0
2026-07-28T11:47:54Z,9E5E00D37DA86516,18.4,queries/tpch/Core/07_grouping_distinct/count_per_group.sql,2,1,5,1.084770,4.997521,0.978188,0.106583,23.916931,109.509247,21.398079,2.518852,22.777527,104.299042,20.380379,2.397148,0
2026-07-28T11:48:46Z,9E5E00D37DA86516,18.4,queries/tpch/Core/07_grouping_distinct/cube.sql,2,1,5,4.462553,21.451856,4.247326,0.215228,63.618835,302.422821,59.700996,3.917839,59.443054,282.515045,55.767998,3.675056,0
2026-07-28T11:49:18Z,9E5E00D37DA86516,18.4,queries/tpch/Core/07_grouping_distinct/distinct_200k_vals.sql,2,1,5,2.791813,13.202085,2.602568,0.189245,51.241211,263.964355,53.180786,-1.939575,46.916687,243.914337,49.249413,-2.332726,0
2026-07-28T11:49:29Z,9E5E00D37DA86516,18.4,queries/tpch/Core/07_grouping_distinct/distinct_3_vals.sql,2,1,5,1.036116,4.469340,0.858306,0.177810,26.016663,119.413361,23.349174,2.667488,24.905090,114.679626,22.443634,2.461456,0
2026-07-28T11:51:51Z,9E5E00D37DA86516,18.4,queries/tpch/Core/07_grouping_distinct/distinct_on.sql,2,1,5,11.903971,59.040483,11.784128,0.119843,149.906128,741.405640,147.874878,2.031250,138.813171,686.710785,136.974403,1.838768,0
2026-07-28T11:52:29Z,9E5E00D37DA86516,18.4,queries/tpch/Core/07_grouping_distinct/group_1500k_vals.sql,2,1,5,3.069829,15.733541,3.165928,-0.096099,82.077148,390.274414,77.049316,5.027832,78.576538,373.033997,73.614365,4.962173,0
2026-07-28T11:52:54Z,9E5E00D37DA86516,18.4,queries/tpch/Core/07_grouping_distinct/group_200k_sortagg.sql,2,1,5,2.192006,10.382965,2.047740,0.144266,56.566772,228.343323,42.944138,13.622635,52.501282,213.794464,40.323296,12.177986,0
2026-07-28T11:53:26Z,9E5E00D37DA86516,18.4,queries/tpch/Core/07_grouping_distinct/group_200k_vals.sql,2,1,5,2.857829,13.208290,2.587615,0.270213,55.266541,265.077606,52.452766,2.813774,50.794373,244.883575,48.522301,2.272072,0
2026-07-28T11:53:37Z,9E5E00D37DA86516,18.4,queries/tpch/Core/07_grouping_distinct/group_3_vals.sql,2,1,5,1.027210,4.675736,0.912132,0.115078,25.045898,115.830536,22.696159,2.349739,23.929138,110.923309,21.748543,2.180595,0
2026-07-28T11:53:51Z,9E5E00D37DA86516,18.4,queries/tpch/Core/07_grouping_distinct/group_7_vals.sql,2,1,5,1.265710,5.887728,1.155504,0.110205,27.711426,129.019745,25.327080,2.384346,26.319641,123.041412,24.180443,2.139198,0
2026-07-28T11:54:29Z,9E5E00D37DA86516,18.4,queries/tpch/Core/07_grouping_distinct/grouping_sets.sql,2,1,5,3.128999,15.558555,3.107389,0.021610,44.196594,225.845612,45.412254,-1.215660,41.103577,211.356934,42.563339,-1.459763,0
2026-07-28T11:55:06Z,9E5E00D37DA86516,18.4,queries/tpch/Core/07_grouping_distinct/having.sql,2,1,5,3.171452,15.420192,3.062185,0.109267,63.031250,311.401245,62.092499,0.938751,58.480957,289.443695,57.740685,0.740273,0
2026-07-28T11:55:48Z,9E5E00D37DA86516,18.4,queries/tpch/Core/07_grouping_distinct/rollup.sql,2,1,5,3.517949,17.318430,3.450120,0.067829,51.171814,250.851471,49.919914,1.251900,47.818848,234.789124,46.742569,1.076279,0
2026-07-28T11:56:04Z,9E5E00D37DA86516,18.4,queries/tpch/Core/08_sorting/limit_with_ties.sql,2,1,5,1.356974,6.790850,1.358469,-0.001495,39.854248,186.482941,36.657173,3.197075,37.879944,176.697205,34.704315,3.175629,0
2026-07-28T11:57:19Z,9E5E00D37DA86516,18.4,queries/tpch/Core/08_sorting/sort_2_keys.sql,2,1,5,6.303016,30.854518,6.137876,0.165140,81.495056,391.042480,77.386856,4.108200,75.362000,361.768951,71.601738,3.760262,0
2026-07-28T11:58:03Z,9E5E00D37DA86516,18.4,queries/tpch/Core/08_sorting/sort_date.sql,2,1,5,3.993902,18.309828,3.578982,0.414920,50.229248,238.335968,47.026680,3.202568,46.267822,220.673798,43.601494,2.666328,0
2026-07-28T11:58:56Z,9E5E00D37DA86516,18.4,queries/tpch/Core/08_sorting/sort_desc.sql,2,1,5,4.441714,21.872552,4.357710,0.084004,55.647217,270.850677,53.800865,1.846352,51.356689,250.333069,49.744095,1.612595,0
2026-07-28T11:59:48Z,9E5E00D37DA86516,18.4,queries/tpch/Core/08_sorting/sort_int.sql,2,1,5,4.384459,21.923510,4.384763,-0.000303,54.947937,271.830872,54.220734,0.727203,50.831909,251.624878,50.198242,0.633667,0
2026-07-28T12:00:23Z,9E5E00D37DA86516,18.4,queries/tpch/Core/08_sorting/sort_int_presorted.sql,2,1,5,2.942862,14.303005,2.840036,0.102826,39.661499,193.257141,38.398911,1.262589,36.731323,179.467834,35.684128,1.047195,0
2026-07-28T12:02:48Z,9E5E00D37DA86516,18.4,queries/tpch/Core/08_sorting/sort_numeric.sql,2,1,5,12.164265,60.319324,12.038765,0.125500,136.654053,681.661682,136.251907,0.402145,125.688477,627.090363,125.350471,0.338005,0
2026-07-28T12:17:10Z,9E5E00D37DA86516,18.4,queries/tpch/Core/08_sorting/sort_text.sql,2,1,5,71.700498,359.459884,71.939846,-0.239348,871.323547,4351.584045,870.065125,1.258423,807.224365,4030.622803,805.849609,1.374756,0
2026-07-28T12:18:21Z,9E5E00D37DA86516,18.4,queries/tpch/Core/08_sorting/sort_text_collate_c.sql,2,1,5,5.859376,29.802640,5.985816,-0.126440,144.939270,689.610870,136.167900,8.771370,136.828979,647.923523,127.773636,9.055344,0
2026-07-28T12:18:28Z,9E5E00D37DA86516,18.4,queries/tpch/Core/08_sorting/sort_topn_100.sql,2,1,5,0.650843,2.833050,0.545552,0.105292,14.526428,65.331360,12.701233,1.825195,13.575439,61.346863,11.942856,1.632584,0
2026-07-28T12:18:53Z,9E5E00D37DA86516,18.4,queries/tpch/Core/09_set_operations/except.sql,2,1,5,2.189133,10.180536,1.997851,0.191282,13.448608,64.877258,12.857162,0.591446,11.191528,54.870605,10.919769,0.271759,0
2026-07-28T12:19:18Z,9E5E00D37DA86516,18.4,queries/tpch/Core/09_set_operations/except_all.sql,2,1,5,2.129829,10.246658,2.029207,0.100622,13.494568,65.910583,13.104004,0.390564,11.372375,56.198486,11.206528,0.165848,0
2026-07-28T12:19:42Z,9E5E00D37DA86516,18.4,queries/tpch/Core/09_set_operations/intersect.sql,2,1,5,2.252959,10.205518,1.988140,0.264820,14.626343,63.713776,12.271858,2.354485,12.411682,53.982056,10.392593,2.019089,0
2026-07-28T12:20:08Z,9E5E00D37DA86516,18.4,queries/tpch/Core/09_set_operations/intersect_all.sql,2,1,5,2.210017,10.446036,2.059005,0.151012,13.846741,67.455017,13.402069,0.444672,11.661987,57.546356,11.471092,0.190895,0
2026-07-28T12:22:03Z,9E5E00D37DA86516,18.4,queries/tpch/Core/09_set_operations/union.sql,2,1,5,9.659571,47.737971,9.519600,0.139971,109.702148,547.178589,109.369110,0.333038,96.147705,479.999634,95.962982,0.184723,0
2026-07-28T12:22:11Z,9E5E00D37DA86516,18.4,queries/tpch/Core/09_set_operations/union_all.sql,2,1,5,0.753097,3.424696,0.667900,0.085197,10.888977,51.996338,10.276840,0.612137,10.125305,48.731445,9.651535,0.473770,0
2026-07-28T12:22:15Z,9E5E00D37DA86516,18.4,queries/tpch/Core/10_subqueries_ctes/cte_inline.sql,2,1,5,0.349941,1.398888,0.262237,0.087704,4.737732,21.539673,4.200485,0.537247,4.327759,20.076508,3.937187,0.390572,0
2026-07-28T12:22:24Z,9E5E00D37DA86516,18.4,queries/tpch/Core/10_subqueries_ctes/cte_materialized.sql,2,1,5,0.800345,3.669706,0.717340,0.083005,10.775879,50.729156,9.988319,0.787560,9.951172,47.121521,9.292587,0.658585,0
2026-07-28T12:22:28Z,9E5E00D37DA86516,18.4,queries/tpch/Core/10_subqueries_ctes/cte_recursive.sql,2,1,5,0.453597,1.894830,0.360308,0.093289,5.264832,23.353241,4.522102,0.742729,4.761230,21.548737,4.196877,0.564354,0
2026-07-28T12:22:32Z,9E5E00D37DA86516,18.4,queries/tpch/Core/10_subqueries_ctes/from_subquery.sql,2,1,5,0.347555,1.295967,0.237103,0.110452,4.508911,19.895081,3.846542,0.662369,4.093872,18.573975,3.620026,0.473846,0
2026-07-28T12:22:40Z,9E5E00D37DA86516,18.4,queries/tpch/Core/10_subqueries_ctes/function_scan.sql,2,1,5,0.747853,3.395735,0.661970,0.085882,8.733887,41.644501,8.227654,0.506233,7.982300,38.381409,7.599777,0.382523,0
2026-07-28T12:23:15Z,9E5E00D37DA86516,18.4,queries/tpch/Core/10_subqueries_ctes/lateral_limit.sql,2,1,5,3.048792,14.425897,2.844276,0.204516,26.194397,122.911591,24.179298,2.015099,22.772949,107.213654,21.110176,1.662773,0
2026-07-28T12:23:23Z,9E5E00D37DA86516,18.4,queries/tpch/Core/10_subqueries_ctes/scalar_correlated.sql,2,1,5,0.788811,3.502806,0.678499,0.110313,8.951355,41.385315,8.108490,0.842865,8.183350,38.264130,7.520195,0.663155,0
2026-07-28T12:23:32Z,9E5E00D37DA86516,18.4,queries/tpch/Core/10_subqueries_ctes/scalar_correlated_indexed.sql,2,1,5,0.837765,3.408073,0.642577,0.195187,9.941040,43.116791,8.293938,1.647102,9.097595,40.041138,7.735886,1.361710,0
2026-07-28T12:23:35Z,9E5E00D37DA86516,18.4,queries/tpch/Core/10_subqueries_ctes/scalar_uncorrelated.sql,2,1,5,0.386923,1.145234,0.189578,0.197345,4.371704,18.472107,3.525101,0.846603,3.938721,17.329346,3.347656,0.591064,0
2026-07-28T12:23:35Z,9E5E00D37DA86516,18.4,queries/tpch/Core/10_subqueries_ctes/values_scan.sql,2,1,5,0.039212,0.039978,0.000191,0.039021,0.487671,0.513794,0.006531,0.481140,0.441895,0.456818,0.003731,0.438164,0
2026-07-28T12:24:29Z,9E5E00D37DA86516,18.4,queries/tpch/Core/12_memory_workmem/hashagg_nospill.sql,2,1,5,4.522306,22.402761,4.470114,0.052192,28.258667,138.533447,27.568695,0.689972,24.065918,117.614227,23.387077,0.678841,0
2026-07-28T12:25:01Z,9E5E00D37DA86516,18.4,queries/tpch/Core/12_memory_workmem/hashagg_spill.sql,2,1,5,2.624314,13.065827,2.610378,0.013936,54.368774,258.068237,50.924866,3.443909,50.274170,238.101501,46.956833,3.317337,0
2026-07-28T12:25:05Z,9E5E00D37DA86516,18.4,queries/tpch/Core/12_memory_workmem/hashjoin_manybatch.sql,2,1,5,0.517781,1.936803,0.354755,0.163025,10.667297,52.370789,10.425873,0.241425,9.943604,49.906586,9.990746,-0.047142,0
2026-07-28T12:25:09Z,9E5E00D37DA86516,18.4,queries/tpch/Core/12_memory_workmem/hashjoin_onebatch.sql,2,1,5,0.429841,1.393075,0.240808,0.189032,7.005554,35.826111,7.205139,-0.199585,6.423035,34.330261,6.976807,-0.553772,0
2026-07-28T12:25:43Z,9E5E00D37DA86516,18.4,queries/tpch/Core/12_memory_workmem/sort_nospill.sql,2,1,5,2.890791,13.789122,2.724583,0.166208,37.926697,182.825409,36.224678,1.702019,34.780945,168.068237,33.321823,1.459122,0
2026-07-28T12:26:34Z,9E5E00D37DA86516,18.4,queries/tpch/Core/12_memory_workmem/sort_spill.sql,2,1,5,4.360011,21.353214,4.248301,0.111711,55.640625,270.140289,53.624916,2.015709,51.396423,249.639038,49.560654,1.835770,0
2026-07-28T12:28:10Z,9E5E00D37DA86516,18.4,queries/tpch/Core/12_memory_workmem/window_nospill.sql,2,1,5,8.157559,39.977787,7.955057,0.202502,95.224854,469.100769,93.468979,1.755875,87.142090,429.910919,85.692207,1.449883,0
2026-07-28T12:40:49Z,9E5E00D37DA86516,18.4,queries/tpch/Core/12_memory_workmem/window_spill.sql,2,1,5,64.329374,314.645651,62.579069,1.750304,679.985229,3321.826538,660.460327,19.524902,623.019104,3043.528320,605.127304,17.891800,0
2026-07-28T12:42:29Z,9E5E00D37DA86516,18.4,queries/tpch/Core/12_memory_workmem/window_tail_spill.sql,2,1,5,8.329821,41.638568,8.327187,0.002634,106.985168,536.812286,107.456779,-0.471611,99.353516,498.417267,99.765938,-0.412422,0
2026-07-28T12:43:10Z,9E5E00D37DA86516,18.4,queries/tpch/Core/13_jit/jit_inline.sql,2,1,5,3.305581,17.282942,3.494340,-0.188759,96.253357,432.498596,84.061310,12.192047,93.009705,415.731659,80.680489,12.329216,0
2026-07-28T12:43:52Z,9E5E00D37DA86516,18.4,queries/tpch/Core/13_jit/jit_off.sql,2,1,5,3.570790,17.484292,3.478376,0.092414,78.315613,383.553375,76.309441,2.006172,74.827209,366.681793,72.963646,1.863564,0
2026-07-28T12:44:34Z,9E5E00D37DA86516,18.4,queries/tpch/Core/13_jit/jit_on.sql,2,1,5,3.581016,17.622821,3.510451,0.070564,78.632690,386.695679,77.015747,1.616943,75.050537,369.762726,73.678047,1.372490,0
2026-07-28T12:45:15Z,9E5E00D37DA86516,18.4,queries/tpch/Core/13_jit/jit_optimize.sql,2,1,5,3.479445,16.800433,3.330247,0.149198,76.355957,368.655487,73.074883,3.281075,72.910645,352.437592,69.881737,3.028908,0
2026-07-28T12:46:01Z,9E5E00D37DA86516,18.4,queries/tpch/Core/14_modern_nodes/incremental_sort.sql,2,1,5,3.947089,18.984942,3.759463,0.187625,49.224609,233.933960,46.177338,3.047272,45.258240,215.287262,42.507256,2.750984,0
2026-07-28T12:47:04Z,9E5E00D37DA86516,18.4,queries/tpch/Core/14_modern_nodes/incremental_sort_off.sql,2,1,5,5.409228,26.432195,5.255742,0.153487,65.742004,319.658142,63.479034,2.262970,60.406799,294.256409,58.462402,1.944397,0
2026-07-28T12:51:26Z,9E5E00D37DA86516,18.4,queries/tpch/Core/14_modern_nodes/memoize.sql,2,1,5,21.771129,108.938960,21.791958,-0.020829,266.443420,1328.560516,265.529274,0.914146,246.855408,1229.964996,245.777397,1.078011,0
2026-07-28T12:55:16Z,9E5E00D37DA86516,18.4,queries/tpch/Core/14_modern_nodes/memoize_off.sql,2,1,5,19.092549,95.751617,19.164767,-0.072218,241.753113,1201.525604,239.943123,1.809990,225.177185,1118.427277,223.312523,1.864662,0
2026-07-28T12:55:36Z,9E5E00D37DA86516,18.4,queries/tpch/Functions/00_baseline/char.sql,2,1,5,1.725631,8.333247,1.651904,0.073727,25.018066,123.918915,24.725212,0.292854,23.385986,116.011536,23.156387,0.229599,0
2026-07-28T12:55:54Z,9E5E00D37DA86516,18.4,queries/tpch/Functions/00_baseline/date.sql,2,1,5,1.510610,7.329294,1.454671,0.055939,22.161011,108.772491,21.652870,0.508141,20.595154,101.637482,20.260582,0.334572,0
2026-07-28T12:56:03Z,9E5E00D37DA86516,18.4,queries/tpch/Functions/00_baseline/int.sql,2,1,5,0.888275,3.949545,0.765317,0.122958,10.665100,48.839996,9.543724,1.121376,9.763916,45.108643,8.836182,0.927734,0
2026-07-28T12:56:16Z,9E5E00D37DA86516,18.4,queries/tpch/Functions/00_baseline/numeric.sql,2,1,5,1.108198,5.308645,1.050112,0.058087,17.443420,85.034607,16.897797,0.545624,16.239807,79.796021,15.889053,0.350754,0
2026-07-28T12:56:37Z,9E5E00D37DA86516,18.4,queries/tpch/Functions/00_baseline/text.sql,2,1,5,1.812580,8.576553,1.690993,0.121586,26.526978,130.821960,26.073746,0.453232,24.769226,122.448730,24.419876,0.349350,0
2026-07-28T12:57:02Z,9E5E00D37DA86516,18.4,queries/tpch/Functions/09-01_logical/and.sql,2,1,5,2.019912,10.614715,2.148701,-0.128789,29.983643,150.892548,30.227226,-0.243584,28.099915,140.815033,28.178780,-0.078865,0
2026-07-28T12:57:23Z,9E5E00D37DA86516,18.4,queries/tpch/Functions/09-01_logical/not.sql,2,1,5,1.749354,8.904240,1.788721,-0.039367,25.775574,130.382599,26.151756,-0.376183,24.072205,121.870728,24.449631,-0.377426,0
2026-07-28T12:57:46Z,9E5E00D37DA86516,18.4,queries/tpch/Functions/09-01_logical/or.sql,2,1,5,1.895472,9.319158,1.855921,0.039551,27.992371,137.883392,27.472755,0.519615,26.099060,129.003998,25.726234,0.372826,0
2026-07-28T12:58:09Z,9E5E00D37DA86516,18.4,queries/tpch/Functions/09-02_comparison/between.sql,2,1,5,2.010641,9.547165,1.884131,0.126510,29.409973,141.442139,28.008041,1.401932,27.473511,132.320221,26.211678,1.261833,0
2026-07-28T12:58:39Z,9E5E00D37DA86516,18.4,queries/tpch/Functions/09-02_comparison/between_symmetric.sql,2,1,5,2.450910,12.294012,2.460775,-0.009866,34.865173,171.499878,34.158676,0.706497,32.539062,159.841949,31.825722,0.713341,0
2026-07-28T12:58:58Z,9E5E00D37DA86516,18.4,queries/tpch/Functions/09-02_comparison/eq.sql,2,1,5,1.611311,8.333442,1.680533,-0.069221,23.949646,119.722778,23.943283,0.006363,22.378052,111.799408,22.355339,0.022713,0
2026-07-28T12:59:17Z,9E5E00D37DA86516,18.4,queries/tpch/Functions/09-02_comparison/ge.sql,2,1,5,1.612234,7.843805,1.557893,0.054342,23.555359,117.186951,23.407898,0.147461,21.888306,109.581299,21.923248,-0.034943,0
2026-07-28T12:59:41Z,9E5E00D37DA86516,18.4,queries/tpch/Functions/09-02_comparison/greatest.sql,2,1,5,2.715608,9.612328,1.724180,0.991428,33.561340,144.414459,27.713280,5.848061,30.928223,135.257660,26.082359,4.845863,0
2026-07-28T13:00:00Z,9E5E00D37DA86516,18.4,queries/tpch/Functions/09-02_comparison/gt.sql,2,1,5,1.648142,7.658308,1.502541,0.145600,24.195984,116.218445,23.005615,1.190369,22.580750,108.827515,21.561691,1.019058,0
2026-07-28T13:00:20Z,9E5E00D37DA86516,18.4,queries/tpch/Functions/09-02_comparison/is_distinct_from.sql,2,1,5,1.817635,8.496302,1.669667,0.147968,25.028870,122.137817,24.277237,0.751633,23.186218,114.006561,22.705086,0.481133,0
2026-07-28T13:00:40Z,9E5E00D37DA86516,18.4,queries/tpch/Functions/09-02_comparison/is_not_distinct_from.sql,2,1,5,1.674968,8.047227,1.593065,0.081903,24.030884,120.471161,24.110069,-0.079185,22.351807,112.715271,22.590866,-0.239059,0
2026-07-28T13:01:02Z,9E5E00D37DA86516,18.4,queries/tpch/Functions/09-02_comparison/is_not_null.sql,2,1,5,1.839656,9.366803,1.881787,-0.042130,27.052551,137.400024,27.586868,-0.534317,25.281189,128.496460,25.803818,-0.522629,0
2026-07-28T13:01:23Z,9E5E00D37DA86516,18.4,queries/tpch/Functions/09-02_comparison/is_null.sql,2,1,5,1.822595,8.777325,1.738682,0.083913,26.972778,132.316101,26.335831,0.636948,25.221497,123.938873,24.679344,0.542152,0
2026-07-28T13:01:42Z,9E5E00D37DA86516,18.4,queries/tpch/Functions/09-02_comparison/le.sql,2,1,5,1.559757,7.879045,1.579822,-0.020065,23.722900,118.132965,23.602516,0.120384,22.239685,110.551270,22.077896,0.161789,0
2026-07-28T13:02:08Z,9E5E00D37DA86516,18.4,queries/tpch/Functions/09-02_comparison/least.sql,2,1,5,2.125894,10.733371,2.151869,-0.025976,30.377686,151.324829,30.236786,0.140900,28.199585,141.141754,28.235542,-0.035957,0
2026-07-28T13:02:27Z,9E5E00D37DA86516,18.4,queries/tpch/Functions/09-02_comparison/lt.sql,2,1,5,1.677585,7.897537,1.554988,0.122597,24.189087,117.957794,23.442177,0.746910,22.470154,110.357910,21.971939,0.498215,0
2026-07-28T13:02:46Z,9E5E00D37DA86516,18.4,queries/tpch/Functions/09-02_comparison/ne.sql,2,1,5,1.677673,7.614239,1.484142,0.193531,24.333557,115.943878,22.902580,1.430977,22.615173,108.578613,21.490860,1.124313,0
2026-07-28T13:03:09Z,9E5E00D37DA86516,18.4,queries/tpch/Functions/09-02_comparison/not_between.sql,2,1,5,2.425260,9.548535,1.780819,0.644442,31.716492,141.254517,27.384506,4.331985,29.255066,132.171753,25.729172,3.525894,0
2026-07-28T13:03:24Z,9E5E00D37DA86516,18.4,queries/tpch/Functions/09-02_comparison/num_nonnulls.sql,2,1,5,1.299409,6.100252,1.200211,0.099198,20.022522,97.234802,19.303070,0.719452,18.637329,91.164276,18.131737,0.505592,0
2026-07-28T13:03:39Z,9E5E00D37DA86516,18.4,queries/tpch/Functions/09-02_comparison/num_nulls.sql,2,1,5,1.293651,6.316040,1.255597,0.038054,19.804993,97.946289,19.535324,0.269669,18.494629,91.773285,18.319664,0.174965,0
2026-07-28T13:04:07Z,9E5E00D37DA86516,18.4,queries/tpch/Functions/09-03_math/abs.sql,2,1,5,2.291723,11.784341,2.373155,-0.081432,33.255920,166.170166,33.228561,0.027359,30.991272,155.095062,31.025948,-0.034676,0
2026-07-28T13:04:45Z,9E5E00D37DA86516,18.4,queries/tpch/Functions/09-03_math/acos.sql,2,1,5,3.199650,15.769243,3.142398,0.057252,43.537537,215.000977,42.865860,0.671677,40.485107,200.219452,39.933586,0.551521,0
2026-07-28T13:05:21Z,9E5E00D37DA86516,18.4,queries/tpch/Functions/09-03_math/acosh.sql,2,1,5,3.250312,14.822039,2.892932,0.357381,41.835144,197.740631,38.976372,2.858772,38.722290,183.979187,36.314224,2.408066,0
2026-07-28T13:05:51Z,9E5E00D37DA86516,18.4,queries/tpch/Functions/09-03_math/add.sql,2,1,5,2.838065,12.318438,2.370093,0.467972,37.416687,176.395264,34.744644,2.672043,34.697144,164.799683,32.525635,2.171509,0
2026-07-28T13:06:43Z,9E5E00D37DA86516,18.4,queries/tpch/Functions/09-03_math/add_float8.sql,2,1,5,4.357905,21.586115,4.307053,0.050853,57.600037,283.373932,56.443474,1.156563,53.528320,263.577026,52.512177,1.016144,0
2026-07-28T13:07:21Z,9E5E00D37DA86516,18.4,queries/tpch/Functions/09-03_math/asin.sql,2,1,5,3.203793,15.803108,3.149829,0.053964,43.141235,212.246155,42.276230,0.865005,40.080139,197.542267,39.365532,0.714607,0
2026-07-28T13:07:56Z,9E5E00D37DA86516,18.4,queries/tpch/Functions/09-03_math/asinh.sql,2,1,5,3.721218,14.080783,2.589891,1.131327,44.218872,190.603333,36.596115,7.622757,40.711304,177.535370,34.206017,6.505287,0
2026-07-28T13:08:31Z,9E5E00D37DA86516,18.4,queries/tpch/Functions/09-03_math/atan.sql,2,1,5,2.730970,14.472760,2.935447,-0.204477,37.837646,193.767609,38.982491,-1.144844,35.190796,180.351654,36.290215,-1.099419,0
2026-07-28T13:09:27Z,9E5E00D37DA86516,18.4,queries/tpch/Functions/09-03_math/atan2.sql,2,1,5,4.706893,23.266552,4.639915,0.066978,61.337097,301.229401,59.973076,1.364021,56.961304,279.859009,55.724426,1.236877,0
2026-07-28T13:10:07Z,9E5E00D37DA86516,18.4,queries/tpch/Functions/09-03_math/atanh.sql,2,1,5,3.399473,16.567661,3.292047,0.107426,44.372009,221.721741,44.337433,0.034576,41.160645,206.371185,41.302635,-0.141991,0
2026-07-28T13:10:54Z,9E5E00D37DA86516,18.4,queries/tpch/Functions/09-03_math/cbrt.sql,2,1,5,4.092245,19.633752,3.885377,0.206868,51.418518,249.463287,49.511192,1.907326,47.626648,231.559296,45.983162,1.643486,0
2026-07-28T13:11:43Z,9E5E00D37DA86516,18.4,queries/tpch/Functions/09-03_math/ceil.sql,2,1,5,4.137378,20.462714,4.081334,0.056044,53.135254,261.556244,52.105247,1.030006,49.330750,243.125397,48.448662,0.882088,0
2026-07-28T13:12:24Z,9E5E00D37DA86516,18.4,queries/tpch/Functions/09-03_math/cos.sql,2,1,5,3.294502,16.847925,3.388356,-0.093854,43.431763,232.454132,47.255592,-3.823830,40.384094,216.014374,43.907570,-3.523476,0
2026-07-28T13:13:06Z,9E5E00D37DA86516,18.4,queries/tpch/Functions/09-03_math/cosh.sql,2,1,5,3.443605,17.564820,3.530304,-0.086698,46.065125,231.402924,46.334450,-0.269325,42.703003,214.990906,43.071976,-0.368973,0
2026-07-28T13:13:44Z,9E5E00D37DA86516,18.4,queries/tpch/Functions/09-03_math/degrees.sql,2,1,5,3.163351,15.742964,3.144903,0.018448,42.500244,213.199463,42.674805,-0.174561,39.491882,198.409424,39.729385,-0.237503,0
2026-07-28T13:14:15Z,9E5E00D37DA86516,18.4,queries/tpch/Functions/09-03_math/div_fn.sql,2,1,5,2.584735,12.736870,2.538034,0.046701,35.809143,176.234955,35.106453,0.702690,33.308899,164.234497,32.731400,0.577499,0
2026-07-28T13:14:52Z,9E5E00D37DA86516,18.4,queries/tpch/Functions/09-03_math/divide.sql,2,1,5,3.090884,15.598003,3.126780,-0.035896,40.326294,200.855286,40.132248,0.194046,37.354248,186.326569,37.243080,0.111168,0
2026-07-28T13:15:31Z,9E5E00D37DA86516,18.4,queries/tpch/Functions/09-03_math/exp_float8.sql,2,1,5,3.460742,16.133929,3.168297,0.292445,45.091187,216.470947,42.844940,2.246246,41.794434,201.395477,39.900261,1.894173,0
2026-07-28T13:19:09Z,9E5E00D37DA86516,18.4,queries/tpch/Functions/09-03_math/exp_numeric.sql,2,1,5,18.322532,90.931702,18.152293,0.170240,224.748962,1094.350128,217.400291,7.348671,208.565125,1014.430511,201.466347,7.098778,0
2026-07-28T13:19:47Z,9E5E00D37DA86516,18.4,queries/tpch/Functions/09-03_math/exponent.sql,2,1,5,3.075436,15.798636,3.180800,-0.105365,41.562561,214.642822,43.270065,-1.707504,38.708008,200.141785,40.358444,-1.650436,0
2026-07-28T13:20:13Z,9E5E00D37DA86516,18.4,queries/tpch/Functions/09-03_math/factorial.sql,2,1,5,2.244842,10.809401,2.141140,0.103702,31.759827,157.331696,31.392967,0.366859,29.615845,147.113586,29.374435,0.241409,0
2026-07-28T13:20:58Z,9E5E00D37DA86516,18.4,queries/tpch/Functions/09-03_math/floor.sql,2,1,5,3.765426,18.745740,3.745078,0.020348,49.085144,245.755035,49.167473,-0.082329,45.442871,228.081604,45.659683,-0.216812,0
2026-07-28T13:21:25Z,9E5E00D37DA86516,18.4,queries/tpch/Functions/09-03_math/gcd.sql,2,1,5,2.284910,10.878126,2.148304,0.136606,27.564270,133.514282,26.487503,1.076767,25.306396,123.363708,24.514328,0.792068,0
2026-07-28T13:21:42Z,9E5E00D37DA86516,18.4,queries/tpch/Functions/09-03_math/lcm.sql,2,1,5,1.388259,7.060760,1.418125,-0.029866,20.169434,104.078949,20.977379,-0.807945,18.838257,97.211487,19.593307,-0.755051,0
2026-07-28T13:22:14Z,9E5E00D37DA86516,18.4,queries/tpch/Functions/09-03_math/ln_float8.sql,2,1,5,2.698884,13.549245,2.712590,-0.013706,37.964050,188.746613,37.695641,0.268410,35.252502,176.019226,35.191681,0.060822,0
2026-07-28T13:30:34Z,9E5E00D37DA86516,18.4,queries/tpch/Functions/09-03_math/ln_numeric.sql,2,1,5,41.701526,208.048516,41.586748,0.114778,463.934998,2308.356232,461.105309,2.829689,427.686646,2126.299530,424.653221,3.033424,0
2026-07-28T13:31:07Z,9E5E00D37DA86516,18.4,queries/tpch/Functions/09-03_math/log10_float8.sql,2,1,5,2.855645,13.880545,2.756225,0.099419,39.468445,191.782074,38.078407,1.390038,36.737732,179.071747,35.583504,1.154228,0
2026-07-28T14:00:35Z,9E5E00D37DA86516,18.4,queries/tpch/Functions/09-03_math/log10_numeric.sql,2,1,5,147.498872,736.256527,147.189414,0.309458,1652.786377,-122821.208160,-31118.498634,32771.285011,1524.886963,7614.100861,1522.303474,2.583488,0
2026-07-28T14:26:49Z,9E5E00D37DA86516,18.4,queries/tpch/Functions/09-03_math/log_base.sql,2,1,5,131.175690,656.296038,131.280087,-0.104398,1473.147400,7415.165009,1485.504402,-12.357002,1359.570801,6846.463867,1371.723267,-12.152466,0
2026-07-28T14:27:12Z,9E5E00D37DA86516,18.4,queries/tpch/Functions/09-03_math/min_scale.sql,2,1,5,1.899707,9.285136,1.846357,0.053349,26.414246,130.879120,26.116219,0.298027,24.546387,122.231415,24.421257,0.125130,0
2026-07-28T14:27:24Z,9E5E00D37DA86516,18.4,queries/tpch/Functions/09-03_math/mod_fn.sql,2,1,5,1.088067,4.934711,0.961661,0.126406,12.954285,59.608063,11.663445,1.290840,11.796448,55.113098,10.829163,0.967285,0
2026-07-28T14:27:36Z,9E5E00D37DA86516,18.4,queries/tpch/Functions/09-03_math/modulo.sql,2,1,5,1.080935,4.949605,0.967168,0.113768,12.734497,60.040192,11.826424,0.908073,11.701721,55.489868,10.947037,0.754684,0
2026-07-28T14:28:04Z,9E5E00D37DA86516,18.4,queries/tpch/Functions/09-03_math/multiply.sql,2,1,5,2.379289,11.722471,2.335796,0.043494,33.370667,168.739807,33.842285,-0.471619,31.196411,157.904938,31.677132,-0.480721,0
2026-07-28T14:28:55Z,9E5E00D37DA86516,18.4,queries/tpch/Functions/09-03_math/multiply_float8.sql,2,1,5,4.329616,21.221044,4.222857,0.106760,56.512512,278.184296,55.417946,1.094566,52.573303,259.093536,51.630058,0.943245,0
2026-07-28T14:29:25Z,9E5E00D37DA86516,18.4,queries/tpch/Functions/09-03_math/pi.sql,2,1,5,2.587924,12.429220,2.460324,0.127599,36.031860,175.570557,34.884674,1.147186,33.662781,164.110474,32.611923,1.050858,0
2026-07-28T14:30:00Z,9E5E00D37DA86516,18.4,queries/tpch/Functions/09-03_math/power_float8.sql,2,1,5,3.036737,14.400184,2.840862,0.195875,41.525574,200.423767,39.724548,1.801025,38.533569,186.947815,37.103561,1.430008,0
2026-07-28T14:30:36Z,9E5E00D37DA86516,18.4,queries/tpch/Functions/09-03_math/power_numeric.sql,2,1,5,3.081509,14.884365,2.950714,0.130795,41.958618,207.584839,41.406555,0.552063,39.003540,193.785309,38.695442,0.308098,0
2026-07-28T14:31:07Z,9E5E00D37DA86516,18.4,queries/tpch/Functions/09-03_math/radians.sql,2,1,5,2.640018,12.681109,2.510273,0.129745,36.066223,178.336151,35.567482,0.498741,33.510925,166.357025,33.211525,0.299400,0
2026-07-28T14:31:19Z,9E5E00D37DA86516,18.4,queries/tpch/Functions/09-03_math/random.sql,2,1,5,1.119204,5.048617,0.982353,0.136851,13.301147,62.885345,12.396049,0.905098,12.209717,58.127380,11.479416,0.730301,0
2026-07-28T14:32:04Z,9E5E00D37DA86516,18.4,queries/tpch/Functions/09-03_math/round.sql,2,1,5,3.657522,18.487507,3.707496,-0.049975,46.792236,233.365967,46.643433,0.148804,43.367920,216.761993,43.348518,0.019402,0
2026-07-28T14:32:47Z,9E5E00D37DA86516,18.4,queries/tpch/Functions/09-03_math/round_scale.sql,2,1,5,3.949234,18.023079,3.518461,0.430773,48.478271,230.296600,45.454582,3.023689,44.854919,214.155304,42.325096,2.529823,0
2026-07-28T14:33:08Z,9E5E00D37DA86516,18.4,queries/tpch/Functions/09-03_math/scale.sql,2,1,5,1.784844,8.480972,1.674032,0.110812,24.735352,122.079987,24.336159,0.399193,23.056885,114.147369,22.772621,0.284264,0
2026-07-28T14:33:36Z,9E5E00D37DA86516,18.4,queries/tpch/Functions/09-03_math/sign.sql,2,1,5,2.407374,11.647564,2.310048,0.097326,34.640259,171.068390,34.107033,0.533226,32.343018,160.070099,31.931770,0.411247,0
2026-07-28T14:34:15Z,9E5E00D37DA86516,18.4,queries/tpch/Functions/09-03_math/sin.sql,2,1,5,3.914282,15.914736,3.000113,0.914169,47.524048,215.677704,42.038414,5.485634,43.851868,200.829987,39.244530,4.607338,0
2026-07-28T14:34:55Z,9E5E00D37DA86516,18.4,queries/tpch/Functions/09-03_math/sinh.sql,2,1,5,3.397229,16.643805,3.311644,0.085585,45.756897,224.641693,44.721199,1.035698,42.540833,209.238464,41.674408,0.866425,0
2026-07-28T14:35:38Z,9E5E00D37DA86516,18.4,queries/tpch/Functions/09-03_math/sqrt_float8.sql,2,1,5,3.634392,17.766799,3.533102,0.101290,46.658813,232.219574,46.390190,0.268623,43.247070,215.865723,43.154663,0.092407,0
2026-07-28T14:36:24Z,9E5E00D37DA86516,18.4,queries/tpch/Functions/09-03_math/sqrt_numeric.sql,2,1,5,3.790650,18.969550,3.794725,-0.004075,48.231140,241.780182,48.387260,-0.156120,44.751526,224.758972,45.001862,-0.250336,0
2026-07-28T14:36:53Z,9E5E00D37DA86516,18.4,queries/tpch/Functions/09-03_math/subtract.sql,2,1,5,2.414484,11.994802,2.395079,0.019405,34.082397,172.314758,34.558090,-0.475693,31.860046,161.059479,32.299858,-0.439812,0
2026-07-28T14:37:33Z,9E5E00D37DA86516,18.4,queries/tpch/Functions/09-03_math/tan.sql,2,1,5,3.321528,16.446568,3.281260,0.040268,44.640198,219.757324,43.779282,0.860916,41.465393,204.477112,40.752930,0.712463,0
2026-07-28T14:38:14Z,9E5E00D37DA86516,18.4,queries/tpch/Functions/09-03_math/tanh.sql,2,1,5,3.507440,17.113836,3.401599,0.105841,45.013733,220.978119,43.991096,1.022636,41.694397,205.426422,40.933006,0.761391,0
2026-07-28T14:38:39Z,9E5E00D37DA86516,18.4,queries/tpch/Functions/09-03_math/trim_scale.sql,2,1,5,2.659894,10.054886,1.848748,0.811146,32.136658,144.283691,28.036758,4.099899,29.717529,134.848724,26.282799,3.434731,0
2026-07-28T14:39:21Z,9E5E00D37DA86516,18.4,queries/tpch/Functions/09-03_math/trunc.sql,2,1,5,3.716368,17.493526,3.444290,0.272078,47.708008,226.933563,44.806389,2.901619,44.192993,211.127472,41.733620,2.459373,0
2026-07-28T14:40:04Z,9E5E00D37DA86516,18.4,queries/tpch/Functions/09-03_math/trunc_scale.sql,2,1,5,3.618222,17.822799,3.551144,0.067078,45.954163,226.804932,45.212692,0.741470,42.646851,210.739502,42.023163,0.623688,0
2026-07-28T14:40:21Z,9E5E00D37DA86516,18.4,queries/tpch/Functions/09-03_math/unary_minus.sql,2,1,5,1.504378,7.350122,1.461436,0.042941,22.238770,111.052582,22.203453,0.035316,20.805115,103.909485,20.776093,0.029022,0
2026-07-28T14:41:09Z,9E5E00D37DA86516,18.4,queries/tpch/Functions/09-03_math/width_bucket.sql,2,1,5,4.056362,19.826793,3.942608,0.113754,53.101868,262.704620,52.400688,0.701180,49.326477,244.500824,48.793587,0.532890,0
2026-07-28T14:41:32Z,9E5E00D37DA86516,18.4,queries/tpch/Functions/09-04_string/ascii.sql,2,1,5,1.876122,9.465708,1.897396,-0.021274,27.335144,135.259369,26.981056,0.354088,25.526733,126.281860,25.188782,0.337952,0
2026-07-28T14:41:54Z,9E5E00D37DA86516,18.4,queries/tpch/Functions/09-04_string/bit_length.sql,2,1,5,1.891695,8.910035,1.754585,0.137110,27.581482,135.149475,26.891998,0.689484,25.744019,126.645752,25.225433,0.518585,0
2026-07-28T14:42:41Z,9E5E00D37DA86516,18.4,queries/tpch/Functions/09-04_string/btrim.sql,2,1,5,4.115874,19.729683,3.903452,0.212422,55.584534,267.397369,52.953209,2.631325,51.710999,249.276337,49.391335,2.319664,0
2026-07-28T14:42:59Z,9E5E00D37DA86516,18.4,queries/tpch/Functions/09-04_string/cast_text.sql,2,1,5,1.569513,7.261267,1.422938,0.146574,18.727722,87.213989,17.121567,1.606155,17.249573,80.604218,15.838661,1.410912,0
2026-07-28T14:43:29Z,9E5E00D37DA86516,18.4,queries/tpch/Functions/09-04_string/char_length.sql,2,1,5,2.558306,12.391525,2.458305,0.100001,35.341919,175.005615,34.915924,0.425995,32.881409,163.424103,32.635674,0.245735,0
2026-07-28T14:43:45Z,9E5E00D37DA86516,18.4,queries/tpch/Functions/09-04_string/chr.sql,2,1,5,1.443938,6.814527,1.342647,0.101291,21.474976,106.040863,21.141472,0.333504,20.055237,99.369843,19.828651,0.226585,0
2026-07-28T14:44:22Z,9E5E00D37DA86516,18.4,queries/tpch/Functions/09-04_string/concat_fn.sql,2,1,5,3.087563,15.208833,3.030318,0.057245,42.635132,212.116760,42.370407,0.264725,39.630249,197.973602,39.585838,0.044411,0
2026-07-28T14:44:49Z,9E5E00D37DA86516,18.4,queries/tpch/Functions/09-04_string/concat_op.sql,2,1,5,2.310867,11.128383,2.204379,0.106488,32.569824,162.488800,32.479744,0.090080,30.390808,152.057648,30.416710,-0.025902,0
2026-07-28T14:45:25Z,9E5E00D37DA86516,18.4,queries/tpch/Functions/09-04_string/concat_ws.sql,2,1,5,3.111779,15.162687,3.012727,0.099052,44.268433,215.677368,42.852234,1.416199,41.157166,201.634613,40.119362,1.037804,0
2026-07-28T14:46:17Z,9E5E00D37DA86516,18.4,queries/tpch/Functions/09-04_string/format.sql,2,1,5,4.373909,21.657287,4.320845,0.053065,59.937866,297.352142,59.353569,0.584297,55.873413,277.449768,55.394089,0.479324,0
2026-07-28T14:47:43Z,9E5E00D37DA86516,18.4,queries/tpch/Functions/09-04_string/initcap.sql,2,1,5,7.234726,35.769890,7.133791,0.100935,94.341858,470.887177,94.136330,0.205528,87.647217,438.421112,87.693474,-0.046257,0
2026-07-28T14:48:15Z,9E5E00D37DA86516,18.4,queries/tpch/Functions/09-04_string/left.sql,2,1,5,2.616235,13.091291,2.618764,-0.002529,36.409119,183.145569,36.684113,-0.274994,33.824158,170.997253,34.293274,-0.469116,0
2026-07-28T14:48:48Z,9E5E00D37DA86516,18.4,queries/tpch/Functions/09-04_string/length.sql,2,1,5,3.798866,13.249450,2.362646,1.436220,45.187805,180.975250,33.946861,11.240944,41.540161,168.745697,31.801384,9.738777,0
2026-07-28T14:50:02Z,9E5E00D37DA86516,18.4,queries/tpch/Functions/09-04_string/lower.sql,2,1,5,6.150216,31.141328,6.247778,-0.097562,81.112061,404.523285,80.852806,0.259254,75.360901,376.562378,75.300369,0.060532,0
2026-07-28T14:51:23Z,9E5E00D37DA86516,18.4,queries/tpch/Functions/09-04_string/lpad.sql,2,1,5,8.006096,33.188914,6.295704,1.710392,92.455078,404.036194,77.895279,14.559799,85.501587,374.652283,72.287674,13.213913,0
2026-07-28T14:52:10Z,9E5E00D37DA86516,18.4,queries/tpch/Functions/09-04_string/ltrim.sql,2,1,5,5.049665,19.434824,3.596290,1.453376,60.812622,262.731018,50.479599,10.333023,56.290649,245.240509,47.237465,9.053185,0
2026-07-28T14:54:30Z,9E5E00D37DA86516,18.4,queries/tpch/Functions/09-04_string/md5.sql,2,1,5,11.752253,58.160892,11.602160,0.150093,140.673889,705.195374,141.130371,-0.456482,130.405579,654.273407,130.966957,-0.561378,0
2026-07-28T14:54:52Z,9E5E00D37DA86516,18.4,queries/tpch/Functions/09-04_string/octet_length.sql,2,1,5,1.872473,8.924086,1.762903,0.109569,27.056091,131.690186,26.158524,0.897568,25.313232,123.377930,24.516174,0.797058,0
2026-07-28T14:55:41Z,9E5E00D37DA86516,18.4,queries/tpch/Functions/09-04_string/overlay.sql,2,1,5,4.178630,20.579786,4.100289,0.078341,54.848083,274.377991,54.882477,-0.034393,51.009460,255.953064,51.235901,-0.226440,0
2026-07-28T14:56:14Z,9E5E00D37DA86516,18.4,queries/tpch/Functions/09-04_string/position.sql,2,1,5,2.881269,13.636404,2.688784,0.192485,38.256409,185.694183,36.859444,1.396965,35.543945,173.110046,34.391525,1.152420,0
2026-07-28T14:57:01Z,9E5E00D37DA86516,18.4,queries/tpch/Functions/09-04_string/quote_ident.sql,2,1,5,3.930067,19.340412,3.852586,0.077480,49.362793,243.178375,48.453896,0.908897,45.744995,225.947998,45.050751,0.694244,0
2026-07-28T14:57:33Z,9E5E00D37DA86516,18.4,queries/tpch/Functions/09-04_string/quote_literal.sql,2,1,5,2.626361,13.736161,2.777450,-0.151089,35.199524,180.795410,36.398972,-1.199448,32.743103,168.462524,33.929855,-1.186752,0
2026-07-28T14:58:00Z,9E5E00D37DA86516,18.4,queries/tpch/Functions/09-04_string/repeat.sql,2,1,5,2.594103,11.107786,2.128421,0.465683,34.230408,159.085907,31.213875,3.016533,31.768494,148.598541,29.207512,2.560982,0
2026-07-28T14:58:40Z,9E5E00D37DA86516,18.4,queries/tpch/Functions/09-04_string/replace.sql,2,1,5,3.354542,16.374202,3.254915,0.099626,44.566650,221.849640,44.320747,0.245903,41.385864,206.664642,41.319695,0.066170,0
2026-07-28T14:59:25Z,9E5E00D37DA86516,18.4,queries/tpch/Functions/09-04_string/reverse.sql,2,1,5,4.488552,18.454255,3.491426,0.997127,54.114502,244.201965,47.521866,6.592636,50.009277,227.323334,44.328514,5.680763,0
2026-07-28T15:00:08Z,9E5E00D37DA86516,18.4,queries/tpch/Functions/09-04_string/right.sql,2,1,5,3.613013,18.201770,3.647189,-0.034176,48.435242,240.893158,48.114479,0.320763,45.088684,224.440369,44.837921,0.250763,0
2026-07-28T15:01:24Z,9E5E00D37DA86516,18.4,queries/tpch/Functions/09-04_string/rpad.sql,2,1,5,6.223556,31.519955,6.324100,-0.100543,78.120056,389.950592,77.957634,0.162422,72.512573,362.002014,72.372360,0.140213,0
2026-07-28T15:02:12Z,9E5E00D37DA86516,18.4,queries/tpch/Functions/09-04_string/rtrim.sql,2,1,5,5.075804,19.775167,3.674841,1.400963,60.901245,265.882385,51.245285,9.655960,56.346985,248.069092,47.930527,8.416458,0
2026-07-28T15:02:44Z,9E5E00D37DA86516,18.4,queries/tpch/Functions/09-04_string/split_part.sql,2,1,5,2.819472,13.437501,2.654507,0.164964,37.417053,182.791046,36.343498,1.073555,34.798828,170.320923,33.880524,0.918304,0
2026-07-28T15:03:16Z,9E5E00D37DA86516,18.4,queries/tpch/Functions/09-04_string/starts_with.sql,2,1,5,2.877396,13.049604,2.543052,0.334343,38.962952,186.541168,36.894554,2.068398,36.189880,174.320374,34.532623,1.657257,0
2026-07-28T15:03:49Z,9E5E00D37DA86516,18.4,queries/tpch/Functions/09-04_string/strpos.sql,2,1,5,2.816421,13.668337,2.712979,0.103442,37.551147,185.985931,37.108696,0.442451,34.888306,173.217804,34.582375,0.305931,0
2026-07-28T15:04:21Z,9E5E00D37DA86516,18.4,queries/tpch/Functions/09-04_string/substr.sql,2,1,5,2.628607,13.488140,2.714883,-0.086276,36.488586,188.537262,38.012169,-1.523582,34.042664,175.964447,35.480446,-1.437782,0
2026-07-28T15:04:52Z,9E5E00D37DA86516,18.4,queries/tpch/Functions/09-04_string/substring.sql,2,1,5,2.634322,12.985083,2.587690,0.046632,37.066040,183.095093,36.507263,0.558777,34.590576,170.989075,34.099625,0.490952,0
2026-07-28T15:05:07Z,9E5E00D37DA86516,18.4,queries/tpch/Functions/09-04_string/to_hex.sql,2,1,5,1.352574,6.208330,1.213939,0.138635,16.184875,75.605804,14.855232,1.329643,14.881165,69.811920,13.732689,1.148476,0
2026-07-28T15:06:49Z,9E5E00D37DA86516,18.4,queries/tpch/Functions/09-04_string/translate.sql,2,1,5,8.460233,42.495731,8.508875,-0.048642,109.409302,553.784119,111.093704,-1.684402,101.809875,515.828979,103.504776,-1.694901,0
2026-07-28T15:07:37Z,9E5E00D37DA86516,18.4,queries/tpch/Functions/09-04_string/trim_both.sql,2,1,5,4.040264,19.813702,3.943359,0.096905,54.586121,271.036285,54.112541,0.473579,50.853821,253.001251,50.536858,0.316963,0
2026-07-28T15:08:52Z,9E5E00D37DA86516,18.4,queries/tpch/Functions/09-04_string/upper.sql,2,1,5,6.186752,31.442243,6.313873,-0.127120,80.807251,403.586853,80.694901,0.112350,75.061462,375.710419,75.162239,-0.100777,0
2026-07-28T15:09:27Z,9E5E00D37DA86516,18.4,queries/tpch/Functions/09-05_binary_string/cast_bytea.sql,2,1,5,2.816009,14.356381,2.885093,-0.069083,38.332581,192.279053,38.486618,-0.154037,35.701599,179.134247,35.858162,-0.156563,0
2026-07-28T15:10:03Z,9E5E00D37DA86516,18.4,queries/tpch/Functions/09-05_binary_string/concat_bytea.sql,2,1,5,3.124726,14.945543,2.955204,0.169521,41.844116,204.924469,40.770088,1.074028,38.743286,191.012390,38.067276,0.676010,0
2026-07-28T15:12:31Z,9E5E00D37DA86516,18.4,queries/tpch/Functions/09-05_binary_string/decode_hex.sql,2,1,5,12.379980,61.595235,12.303814,0.076166,151.308899,757.827820,151.629730,-0.320831,140.430054,703.753265,140.830803,-0.400749,0
2026-07-28T15:13:18Z,9E5E00D37DA86516,18.4,queries/tpch/Functions/09-05_binary_string/encode_base64.sql,2,1,5,3.922931,19.571984,3.912263,0.010668,50.406250,251.626556,50.305077,0.101173,46.839722,234.139221,46.824875,0.014847,0
2026-07-28T15:14:04Z,9E5E00D37DA86516,18.4,queries/tpch/Functions/09-05_binary_string/encode_escape.sql,2,1,5,3.764786,19.035524,3.817685,-0.052899,48.748474,245.154388,49.101479,-0.353004,45.239990,228.121155,45.720291,-0.480301,0
2026-07-28T15:14:44Z,9E5E00D37DA86516,18.4,queries/tpch/Functions/09-05_binary_string/encode_hex.sql,2,1,5,3.350011,16.427053,3.269261,0.080750,44.682800,221.215881,44.133270,0.549530,41.522644,206.352142,41.207375,0.315269,0
2026-07-28T15:15:17Z,9E5E00D37DA86516,18.4,queries/tpch/Functions/09-05_binary_string/get_byte.sql,2,1,5,2.838453,14.070484,2.808008,0.030445,38.609375,190.372803,37.940857,0.668518,35.899536,177.569427,35.417473,0.482063,0
2026-07-28T15:17:47Z,9E5E00D37DA86516,18.4,queries/tpch/Functions/09-05_binary_string/md5_bytea.sql,2,1,5,12.474194,62.092598,12.404601,0.069593,150.421631,752.639008,150.554344,-0.132713,139.356628,698.212524,139.713974,-0.357346,0
2026-07-28T15:18:20Z,9E5E00D37DA86516,18.4,queries/tpch/Functions/09-05_binary_string/octet_length.sql,2,1,5,2.798232,14.071500,2.818317,-0.020085,37.834473,188.552643,37.679543,0.154930,35.208862,175.820129,35.152817,0.056046,0
2026-07-28T15:18:57Z,9E5E00D37DA86516,18.4,queries/tpch/Functions/09-05_binary_string/set_byte.sql,2,1,5,2.942506,15.465534,3.130757,-0.188251,40.358826,202.511475,40.538162,-0.179337,37.604431,188.607025,37.750648,-0.146217,0
2026-07-28T15:21:33Z,9E5E00D37DA86516,18.4,queries/tpch/Functions/09-05_binary_string/sha224.sql,2,1,5,13.101673,64.703510,12.900459,0.201213,160.383423,795.355865,158.743111,1.640312,148.810974,738.799347,147.497093,1.313881,0
2026-07-28T15:24:08Z,9E5E00D37DA86516,18.4,queries/tpch/Functions/09-05_binary_string/sha256.sql,2,1,5,13.023279,64.491307,12.867007,0.156272,161.318420,802.109161,160.197685,1.120735,149.796814,745.742493,148.986420,0.810394,0
2026-07-28T15:27:00Z,9E5E00D37DA86516,18.4,queries/tpch/Functions/09-05_binary_string/sha384.sql,2,1,5,14.370317,71.387170,14.254213,0.116103,177.918274,876.740082,174.705452,3.212822,165.317749,814.255493,162.234436,3.083313,0
2026-07-28T15:29:51Z,9E5E00D37DA86516,18.4,queries/tpch/Functions/09-05_binary_string/sha512.sql,2,1,5,14.361043,71.483954,14.280728,0.080315,175.213257,874.448944,174.808922,0.404335,162.723633,811.839539,162.278976,0.444656,0
2026-07-28T15:30:26Z,9E5E00D37DA86516,18.4,queries/tpch/Functions/09-05_binary_string/substring_bytea.sql,2,1,5,2.983666,14.507209,2.880886,0.102780,39.920898,196.057800,39.034225,0.886673,37.070618,182.942810,36.468048,0.602570,0
2026-07-28T15:30:47Z,9E5E00D37DA86516,18.4,queries/tpch/Functions/09-06_bit_string/and.sql,2,1,5,1.638120,8.462811,1.706173,-0.068053,23.662415,120.171875,24.127365,-0.464951,22.087341,112.328430,22.560272,-0.472931,0
2026-07-28T15:31:02Z,9E5E00D37DA86516,18.4,queries/tpch/Functions/09-06_bit_string/bit_count.sql,2,1,5,1.404281,6.472141,1.266965,0.137316,16.486633,77.844727,15.339523,1.147110,15.186707,71.899628,14.178230,1.008476,0
2026-07-28T15:31:17Z,9E5E00D37DA86516,18.4,queries/tpch/Functions/09-06_bit_string/cast_bit.sql,2,1,5,1.356088,6.214062,1.214493,0.141594,15.981079,75.115326,14.783562,1.197517,14.712341,69.408447,13.674026,1.038315,0
2026-07-28T15:31:39Z,9E5E00D37DA86516,18.4,queries/tpch/Functions/09-06_bit_string/concat_bit.sql,2,1,5,2.121729,8.746413,1.656171,0.465558,28.037781,130.128082,25.522575,2.515205,26.080566,121.911438,23.957718,2.122849,0
2026-07-28T15:31:54Z,9E5E00D37DA86516,18.4,queries/tpch/Functions/09-06_bit_string/get_bit.sql,2,1,5,1.395368,6.410701,1.253833,0.141534,16.379883,76.781281,15.100349,1.279533,15.057495,70.978210,13.980179,1.077316,0
2026-07-28T15:32:10Z,9E5E00D37DA86516,18.4,queries/tpch/Functions/09-06_bit_string/length_bit.sql,2,1,5,1.377540,6.352073,1.243633,0.133907,16.136108,76.496124,15.090004,1.046104,14.848877,70.659302,13.952606,0.896271,0
2026-07-28T15:32:27Z,9E5E00D37DA86516,18.4,queries/tpch/Functions/09-06_bit_string/not.sql,2,1,5,1.482098,6.879017,1.349230,0.132868,17.546814,82.833374,16.321640,1.225174,16.177246,76.619507,15.110565,1.066681,0
2026-07-28T15:32:46Z,9E5E00D37DA86516,18.4,queries/tpch/Functions/09-06_bit_string/or.sql,2,1,5,1.816109,8.131164,1.578764,0.237345,24.852844,119.761780,23.727234,1.125610,23.115417,112.262329,22.286728,0.828690,0
2026-07-28T15:33:11Z,9E5E00D37DA86516,18.4,queries/tpch/Functions/09-06_bit_string/overlay_bit.sql,2,1,5,2.163398,10.278201,2.028701,0.134698,25.696533,123.584503,24.471992,1.224541,23.656677,114.436218,22.694885,0.961792,0
2026-07-28T15:33:28Z,9E5E00D37DA86516,18.4,queries/tpch/Functions/09-06_bit_string/set_bit.sql,2,1,5,1.525465,7.082221,1.389189,0.136276,17.968323,84.924896,16.739143,1.229179,16.550354,78.481506,15.482788,1.067566,0
2026-07-28T15:33:46Z,9E5E00D37DA86516,18.4,queries/tpch/Functions/09-06_bit_string/shift_left.sql,2,1,5,1.572832,7.321703,1.437218,0.135614,18.381226,88.094086,17.428215,0.953011,16.928955,81.463135,16.133545,0.795410,0
2026-07-28T15:34:04Z,9E5E00D37DA86516,18.4,queries/tpch/Functions/09-06_bit_string/shift_right.sql,2,1,5,1.618757,7.497779,1.469755,0.149002,19.145508,90.294952,17.787361,1.358147,17.579102,83.529999,16.487724,1.091377,0
2026-07-28T15:34:22Z,9E5E00D37DA86516,18.4,queries/tpch/Functions/09-06_bit_string/substring_bit.sql,2,1,5,1.544145,7.117715,1.393392,0.150753,18.175049,85.493103,16.829514,1.345535,16.752625,78.998932,15.561577,1.191048,0
2026-07-28T15:34:41Z,9E5E00D37DA86516,18.4,queries/tpch/Functions/09-06_bit_string/xor.sql,2,1,5,1.684916,8.148125,1.615802,0.069114,24.023804,119.175781,23.787994,0.235809,22.427368,111.574738,22.286842,0.140526,0
2026-07-28T15:36:27Z,9E5E00D37DA86516,18.4,queries/tpch/Functions/09-07_pattern_matching/ilike.sql,2,1,5,8.850580,44.117551,8.816743,0.033837,114.409363,568.234497,113.456284,0.953079,106.405823,529.291229,105.721352,0.684471,0
2026-07-28T15:36:59Z,9E5E00D37DA86516,18.4,queries/tpch/Functions/09-07_pattern_matching/like.sql,2,1,5,2.832288,13.197755,2.591367,0.240922,37.170288,179.114594,35.486076,1.684212,34.546814,167.185791,33.159744,1.387070,0
2026-07-28T15:37:22Z,9E5E00D37DA86516,18.4,queries/tpch/Functions/09-07_pattern_matching/like_prefix.sql,2,1,5,2.093128,9.617324,1.881049,0.212079,29.482910,143.114563,28.407913,1.074997,27.470581,134.072449,26.650467,0.820114,0
2026-07-28T15:39:09Z,9E5E00D37DA86516,18.4,queries/tpch/Functions/09-07_pattern_matching/not_ilike.sql,2,1,5,8.891498,44.230413,8.834729,0.056769,116.059326,564.763428,112.176025,3.883301,107.878906,525.883057,104.501038,3.377869,0
2026-07-28T15:39:41Z,9E5E00D37DA86516,18.4,queries/tpch/Functions/09-07_pattern_matching/not_like.sql,2,1,5,2.717998,13.495579,2.694395,0.023603,36.584473,180.855591,36.067780,0.516693,34.009460,168.644287,33.658707,0.350754,0
2026-07-28T15:41:55Z,9E5E00D37DA86516,18.4,queries/tpch/Functions/09-07_pattern_matching/regex_alternation.sql,2,1,5,11.167642,55.769854,11.150553,0.017089,137.638184,689.795197,138.039253,-0.401070,127.838867,640.644073,128.201302,-0.362434,0
2026-07-28T15:42:50Z,9E5E00D37DA86516,18.4,queries/tpch/Functions/09-07_pattern_matching/regex_anchored.sql,2,1,5,4.569739,22.970323,4.600146,-0.030407,59.975281,300.263580,60.072075,-0.096794,55.848877,279.800659,55.987946,-0.139069,0
2026-07-28T15:45:14Z,9E5E00D37DA86516,18.4,queries/tpch/Functions/09-07_pattern_matching/regex_backtrack.sql,2,1,5,12.034527,59.726074,11.922887,0.111640,147.324951,738.542145,147.804298,-0.479347,136.721436,686.074188,137.338188,-0.616753,0
2026-07-28T15:46:23Z,9E5E00D37DA86516,18.4,queries/tpch/Functions/09-07_pattern_matching/regex_charclass.sql,2,1,5,5.799182,28.834191,5.758752,0.040429,72.245789,359.371185,71.781349,0.464439,67.030151,333.807159,66.694252,0.335899,0
2026-07-28T15:47:55Z,9E5E00D37DA86516,18.4,queries/tpch/Functions/09-07_pattern_matching/regex_match.sql,2,1,5,7.664934,38.100940,7.609001,0.055933,96.654968,478.615326,95.490089,1.164879,89.792114,444.855194,88.765770,1.026344,0
2026-07-28T15:49:27Z,9E5E00D37DA86516,18.4,queries/tpch/Functions/09-07_pattern_matching/regex_match_ci.sql,2,1,5,7.725271,38.307019,7.645437,0.079834,97.051331,475.403625,94.588074,2.463257,90.099060,441.645294,87.886559,2.212502,0
2026-07-28T15:50:59Z,9E5E00D37DA86516,18.4,queries/tpch/Functions/09-07_pattern_matching/regex_not_match.sql,2,1,5,7.701210,38.180598,7.619847,0.081363,96.556030,477.181366,95.156334,1.399696,89.636047,443.416077,88.445007,1.191040,0
2026-07-28T15:52:31Z,9E5E00D37DA86516,18.4,queries/tpch/Functions/09-07_pattern_matching/regex_not_match_ci.sql,2,1,5,7.685634,38.459533,7.693475,-0.007841,96.593750,474.563660,94.492477,2.101273,89.740295,440.628998,87.722176,2.018120,0
2026-07-28T15:54:38Z,9E5E00D37DA86516,18.4,queries/tpch/Functions/09-07_pattern_matching/regexp_count.sql,2,1,5,10.592440,52.749371,10.539233,0.053208,130.591675,649.725281,129.783401,0.808273,121.267700,603.361023,120.523331,0.744370,0
2026-07-28T15:56:45Z,9E5E00D37DA86516,18.4,queries/tpch/Functions/09-07_pattern_matching/regexp_instr.sql,2,1,5,10.785741,52.857973,10.518058,0.267683,130.893921,648.136963,129.310760,1.583160,121.495605,601.726471,120.057716,1.437889,0
2026-07-28T15:58:16Z,9E5E00D37DA86516,18.4,queries/tpch/Functions/09-07_pattern_matching/regexp_like.sql,2,1,5,7.608842,37.995149,7.596577,0.012265,96.033142,472.763000,94.182465,1.850677,89.178162,439.240967,87.515701,1.662460,0
2026-07-28T16:00:10Z,9E5E00D37DA86516,18.4,queries/tpch/Functions/09-07_pattern_matching/regexp_match.sql,2,1,5,9.563077,47.523982,9.490226,0.072851,119.188599,589.973145,117.696136,1.492462,110.733032,548.116913,109.345970,1.387062,0
2026-07-28T16:02:06Z,9E5E00D37DA86516,18.4,queries/tpch/Functions/09-07_pattern_matching/regexp_replace.sql,2,1,5,9.687817,48.100655,9.603210,0.084607,120.833069,603.827667,120.748650,0.084419,112.194885,561.284485,112.272400,-0.077515,0
2026-07-28T16:04:18Z,9E5E00D37DA86516,18.4,queries/tpch/Functions/09-07_pattern_matching/regexp_replace_global.sql,2,1,5,11.062298,54.945872,10.970894,0.091404,136.770447,679.912933,135.785622,0.984825,126.958374,631.714325,126.188988,0.769386,0
2026-07-28T16:10:07Z,9E5E00D37DA86516,18.4,queries/tpch/Functions/09-07_pattern_matching/regexp_split_to_array.sql,2,1,5,28.884739,145.397163,29.128106,-0.243367,347.823914,1769.346466,355.380638,-7.556725,322.595886,1643.061737,330.116463,-7.520576,0
2026-07-28T16:12:20Z,9E5E00D37DA86516,18.4,queries/tpch/Functions/09-07_pattern_matching/regexp_substr.sql,2,1,5,11.133795,55.284520,11.037681,0.096114,135.230225,678.591583,135.840340,-0.610115,125.441406,630.008881,126.141869,-0.700462,0
2026-07-28T16:13:58Z,9E5E00D37DA86516,18.4,queries/tpch/Functions/09-07_pattern_matching/similar_to.sql,2,1,5,8.238313,40.795520,8.139302,0.099011,103.390381,509.163788,101.443352,1.947029,96.030212,473.162109,94.282974,1.747238,0
2026-07-28T16:15:48Z,9E5E00D37DA86516,18.4,queries/tpch/Functions/09-07_pattern_matching/substring_regex.sql,2,1,5,9.288594,45.741862,9.113317,0.175276,115.448181,571.086853,113.909668,1.538513,107.197021,530.787598,105.897644,1.299377,0
2026-07-28T16:16:49Z,9E5E00D37DA86516,18.4,queries/tpch/Functions/09-08_formatting/to_char_date.sql,2,1,5,5.211083,25.661839,5.112689,0.098394,67.374207,334.131683,66.689369,0.684837,62.724365,311.404785,62.170105,0.554260,0
2026-07-28T16:17:58Z,9E5E00D37DA86516,18.4,queries/tpch/Functions/09-08_formatting/to_char_date_long.sql,2,1,5,5.800965,28.744137,5.735793,0.065172,75.615295,373.151672,74.384094,1.231201,70.363647,347.674438,69.327698,1.035950,0
2026-07-28T16:18:33Z,9E5E00D37DA86516,18.4,queries/tpch/Functions/09-08_formatting/to_char_int.sql,2,1,5,2.945729,14.123115,2.794347,0.151383,35.557129,169.728241,33.542778,2.014351,32.846802,157.130798,31.070999,1.775803,0
2026-07-28T16:19:25Z,9E5E00D37DA86516,18.4,queries/tpch/Functions/09-08_formatting/to_char_numeric.sql,2,1,5,4.516909,21.645113,4.282051,0.234857,58.492126,286.434235,56.985527,1.506599,54.409241,267.052917,53.160919,1.248322,0
2026-07-28T16:20:38Z,9E5E00D37DA86516,18.4,queries/tpch/Functions/09-08_formatting/to_char_timestamp.sql,2,1,5,6.204341,30.395656,6.047829,0.156512,80.296997,399.142975,79.711494,0.585503,74.673218,372.252930,74.394928,0.278290,0
2026-07-28T16:22:14Z,9E5E00D37DA86516,18.4,queries/tpch/Functions/09-08_formatting/to_date.sql,2,1,5,8.282972,39.812340,7.882342,0.400630,103.004883,517.077118,103.518059,-0.513176,95.657410,481.913940,96.564133,-0.906723,0
2026-07-28T16:23:44Z,9E5E00D37DA86516,18.4,queries/tpch/Functions/09-08_formatting/to_number.sql,2,1,5,7.673801,37.327635,7.413458,0.260343,96.766052,482.986908,96.555214,0.210838,89.932800,450.003113,90.017578,-0.084778,0
2026-07-28T16:23:57Z,9E5E00D37DA86516,18.4,queries/tpch/Functions/09-08_formatting/to_timestamp.sql,2,1,5,1.138364,5.138380,1.000004,0.138360,13.379822,63.080750,12.425232,0.954590,12.282410,58.394196,11.527946,0.754463,0
2026-07-28T16:24:45Z,9E5E00D37DA86516,18.4,queries/tpch/Functions/09-09_datetime/age_two_args.sql,2,1,5,3.973076,20.142265,4.042297,-0.069221,51.299805,259.847717,52.136978,-0.837173,47.686279,241.806396,48.530029,-0.843750,0
2026-07-28T16:25:12Z,9E5E00D37DA86516,18.4,queries/tpch/Functions/09-09_datetime/at_time_zone.sql,2,1,5,2.391060,11.270354,2.219823,0.171237,32.610352,157.142334,31.132996,1.477356,30.411377,146.780579,29.092300,1.319077,0
2026-07-28T16:25:30Z,9E5E00D37DA86516,18.4,queries/tpch/Functions/09-09_datetime/cast_timestamp.sql,2,1,5,1.555168,7.292558,1.434347,0.120820,22.767761,112.632172,22.466103,0.301659,21.248779,105.607452,21.089668,0.159111,0
2026-07-28T16:25:48Z,9E5E00D37DA86516,18.4,queries/tpch/Functions/09-09_datetime/date_add_time.sql,2,1,5,1.562065,7.510285,1.487055,0.075009,23.707825,115.702179,22.998589,0.709236,22.107605,108.508179,21.600143,0.507462,0
2026-07-28T16:26:08Z,9E5E00D37DA86516,18.4,queries/tpch/Functions/09-09_datetime/date_bin.sql,2,1,5,1.804391,8.258760,1.613592,0.190798,25.693787,123.985809,24.573006,1.120781,23.881897,116.072968,23.047768,0.834129,0
2026-07-28T16:26:28Z,9E5E00D37DA86516,18.4,queries/tpch/Functions/09-09_datetime/date_minus_date.sql,2,1,5,1.656047,8.262624,1.651644,0.004403,25.084717,122.866669,24.445488,0.639229,23.395996,114.991333,22.898834,0.497162,0
2026-07-28T16:26:46Z,9E5E00D37DA86516,18.4,queries/tpch/Functions/09-09_datetime/date_minus_int.sql,2,1,5,1.555338,7.645662,1.522581,0.032757,23.268982,116.336182,23.266800,0.002182,21.730835,108.950592,21.804939,-0.074104,0
2026-07-28T16:27:14Z,9E5E00D37DA86516,18.4,queries/tpch/Functions/09-09_datetime/date_part.sql,2,1,5,2.279626,11.165673,2.221512,0.058115,32.700928,160.632874,31.982986,0.717941,30.553040,150.074493,29.880363,0.672676,0
2026-07-28T16:27:32Z,9E5E00D37DA86516,18.4,queries/tpch/Functions/09-09_datetime/date_plus_int.sql,2,1,5,1.618449,7.666550,1.512025,0.106424,23.201904,115.393127,23.047806,0.154099,21.635681,108.073700,21.609505,0.026176,0
2026-07-28T16:27:57Z,9E5E00D37DA86516,18.4,queries/tpch/Functions/09-09_datetime/date_plus_interval.sql,2,1,5,2.013646,10.118258,2.026153,-0.012507,29.641785,145.776367,29.033646,0.608139,27.632874,136.254608,27.155434,0.477440,0
2026-07-28T16:28:24Z,9E5E00D37DA86516,18.4,queries/tpch/Functions/09-09_datetime/date_trunc_day.sql,2,1,5,2.359954,11.531087,2.292783,0.067170,33.703247,165.116150,32.853226,0.850021,31.448730,154.223083,30.693588,0.755142,0
2026-07-28T16:28:51Z,9E5E00D37DA86516,18.4,queries/tpch/Functions/09-09_datetime/date_trunc_month.sql,2,1,5,2.344913,11.248903,2.225998,0.118915,33.952576,166.008270,33.013924,0.938652,31.732178,155.344543,30.903091,0.829086,0
2026-07-28T16:29:21Z,9E5E00D37DA86516,18.4,queries/tpch/Functions/09-09_datetime/extract_day.sql,2,1,5,2.500542,12.029411,2.382217,0.118325,36.039062,173.153931,34.278717,1.760345,33.522766,161.828064,32.076324,1.446442,0
2026-07-28T16:29:55Z,9E5E00D37DA86516,18.4,queries/tpch/Functions/09-09_datetime/extract_dow.sql,2,1,5,2.839922,14.518269,2.919587,-0.079665,39.649109,200.283844,40.158684,-0.509575,36.843506,186.806549,37.490761,-0.647255,0
2026-07-28T16:30:32Z,9E5E00D37DA86516,18.4,queries/tpch/Functions/09-09_datetime/extract_doy.sql,2,1,5,2.893577,15.184213,3.072659,-0.179082,40.138245,202.205322,40.516769,-0.378525,37.351379,188.174927,37.705887,-0.354507,0
2026-07-28T16:31:02Z,9E5E00D37DA86516,18.4,queries/tpch/Functions/09-09_datetime/extract_epoch.sql,2,1,5,2.611398,12.568354,2.489239,0.122159,36.333862,178.949677,35.653954,0.679909,33.809265,167.151550,33.335571,0.473694,0
2026-07-28T16:31:34Z,9E5E00D37DA86516,18.4,queries/tpch/Functions/09-09_datetime/extract_month.sql,2,1,5,2.850348,13.151294,2.575237,0.275112,37.888306,181.416656,35.882088,2.006218,35.211426,169.188354,33.494232,1.717194,0
2026-07-28T16:32:04Z,9E5E00D37DA86516,18.4,queries/tpch/Functions/09-09_datetime/extract_quarter.sql,2,1,5,2.769449,12.492761,2.430828,0.338621,36.687744,177.900848,35.303276,1.384468,34.043030,166.140076,33.024261,1.018768,0
2026-07-28T16:32:35Z,9E5E00D37DA86516,18.4,queries/tpch/Functions/09-09_datetime/extract_week.sql,2,1,5,2.635896,12.703407,2.516878,0.119018,36.784729,182.119781,36.333763,0.450966,34.310425,170.197113,33.971672,0.338753,0
2026-07-28T16:33:04Z,9E5E00D37DA86516,18.4,queries/tpch/Functions/09-09_datetime/extract_year.sql,2,1,5,2.507105,12.128469,2.405341,0.101765,36.444275,177.293549,35.212318,1.231956,33.998352,165.869812,32.967865,1.030487,0
2026-07-28T16:33:22Z,9E5E00D37DA86516,18.4,queries/tpch/Functions/09-09_datetime/isfinite.sql,2,1,5,1.609258,7.545162,1.483976,0.125282,23.709778,114.811005,22.775307,0.934471,22.040100,107.594604,21.388626,0.651474,0
2026-07-28T16:34:11Z,9E5E00D37DA86516,18.4,queries/tpch/Functions/09-09_datetime/justify_days.sql,2,1,5,4.140646,20.448031,4.076846,0.063800,54.309692,266.270142,52.990112,1.319580,50.435791,247.533142,49.274338,1.161453,0
2026-07-28T16:34:28Z,9E5E00D37DA86516,18.4,queries/tpch/Functions/09-09_datetime/make_date.sql,2,1,5,1.396426,6.782326,1.346475,0.049951,20.830872,100.995758,20.041222,0.789650,19.433655,94.435608,18.750488,0.683167,0
2026-07-28T16:34:45Z,9E5E00D37DA86516,18.4,queries/tpch/Functions/09-09_datetime/make_interval.sql,2,1,5,1.592692,7.012923,1.355058,0.237634,21.745605,104.930267,20.796165,0.949440,20.179260,98.128845,19.487396,0.691864,0
2026-07-28T16:35:01Z,9E5E00D37DA86516,18.4,queries/tpch/Functions/09-09_datetime/make_timestamp.sql,2,1,5,1.446250,6.751353,1.326276,0.119974,22.028809,105.069885,20.760269,1.268539,20.613159,98.456329,19.460793,1.152367,0
2026-07-28T16:35:36Z,9E5E00D37DA86516,18.4,queries/tpch/Functions/09-09_datetime/overlaps.sql,2,1,5,3.208652,14.316192,2.776885,0.431767,41.383789,195.631622,38.561958,2.821831,38.258545,182.382812,36.031067,2.227478,0
2026-07-28T16:36:25Z,9E5E00D37DA86516,18.4,queries/tpch/Functions/09-11_geometric/box_area.sql,2,1,5,4.194084,20.263239,4.017289,0.176795,55.451599,266.677704,52.806526,2.645073,51.529114,248.071625,49.135628,2.393486,0
2026-07-28T16:37:18Z,9E5E00D37DA86516,18.4,queries/tpch/Functions/09-11_geometric/box_center.sql,2,1,5,4.671993,21.850890,4.294724,0.377269,57.984619,281.665070,55.920113,2.064507,53.594727,261.650146,52.013855,1.580872,0
2026-07-28T16:38:08Z,9E5E00D37DA86516,18.4,queries/tpch/Functions/09-11_geometric/box_contains_point.sql,2,1,5,4.114899,21.178044,4.265786,-0.150887,53.966919,270.757324,54.197601,-0.230682,50.166809,251.675476,50.377167,-0.210358,0
2026-07-28T16:38:59Z,9E5E00D37DA86516,18.4,queries/tpch/Functions/09-11_geometric/box_make.sql,2,1,5,4.338138,21.066255,4.182029,0.156108,55.164307,269.303680,53.534843,1.629463,51.230896,250.416809,49.796478,1.434418,0
2026-07-28T16:39:50Z,9E5E00D37DA86516,18.4,queries/tpch/Functions/09-11_geometric/box_overlaps.sql,2,1,5,4.125504,21.722292,4.399197,-0.273693,53.847961,274.437836,55.147469,-1.299507,50.056946,255.063354,51.251602,-1.194656,0
2026-07-28T16:40:43Z,9E5E00D37DA86516,18.4,queries/tpch/Functions/09-11_geometric/circle_area.sql,2,1,5,4.582357,21.990698,4.352085,0.230272,58.746887,287.803772,57.264221,1.482666,54.617981,268.135132,53.379288,1.238693,0
2026-07-28T16:41:36Z,9E5E00D37DA86516,18.4,queries/tpch/Functions/09-11_geometric/circle_make.sql,2,1,5,4.551934,21.721673,4.292435,0.259500,58.923828,284.444672,56.380211,2.543617,54.789978,264.959778,52.542450,2.247528,0
2026-07-28T16:42:32Z,9E5E00D37DA86516,18.4,queries/tpch/Functions/09-11_geometric/lseg_length.sql,2,1,5,4.608129,23.357231,4.687276,-0.079147,59.121643,297.803986,59.670586,-0.548943,54.885620,277.075104,55.547371,-0.661751,0
2026-07-28T16:43:25Z,9E5E00D37DA86516,18.4,queries/tpch/Functions/09-11_geometric/lseg_make.sql,2,1,5,4.454734,22.399615,4.486220,-0.031486,57.734070,287.795929,57.515465,0.218605,53.616760,267.801666,53.546227,0.070534,0
2026-07-28T16:44:18Z,9E5E00D37DA86516,18.4,queries/tpch/Functions/09-11_geometric/point_add.sql,2,1,5,4.464316,21.872226,4.351978,0.112338,57.974121,287.575897,57.400444,0.573677,53.866577,267.996826,53.532562,0.334015,0
2026-07-28T16:45:12Z,9E5E00D37DA86516,18.4,queries/tpch/Functions/09-11_geometric/point_distance.sql,2,1,5,4.517615,22.757696,4.560020,-0.042405,57.626953,289.780640,58.038422,-0.411469,53.534302,269.546021,54.002930,-0.468628,0
2026-07-28T16:46:04Z,9E5E00D37DA86516,18.4,queries/tpch/Functions/09-11_geometric/point_make.sql,2,1,5,4.494087,21.372143,4.219514,0.274573,57.416260,277.954376,55.134529,2.281731,53.270508,258.792603,51.380524,1.889984,0
2026-07-28T16:46:59Z,9E5E00D37DA86516,18.4,queries/tpch/Functions/09-11_geometric/point_mul.sql,2,1,5,4.496059,22.471907,4.493962,0.002097,58.469299,287.647766,57.294617,1.174683,54.395752,267.678131,53.320595,1.075157,0
2026-07-28T16:47:38Z,9E5E00D37DA86516,18.4,queries/tpch/Functions/09-12_network/abbrev.sql,2,1,5,3.401240,16.557696,3.289114,0.112126,40.935242,201.547729,40.153122,0.782120,37.793518,186.901917,37.277100,0.516418,0
2026-07-28T16:47:59Z,9E5E00D37DA86516,18.4,queries/tpch/Functions/09-12_network/broadcast.sql,2,1,5,1.752827,8.273601,1.630193,0.122634,20.581299,99.526520,19.736305,0.844994,18.979858,92.085144,18.276321,0.703537,0
2026-07-28T16:48:17Z,9E5E00D37DA86516,18.4,queries/tpch/Functions/09-12_network/contained_by.sql,2,1,5,1.667007,7.791477,1.531117,0.135890,19.658447,93.597504,18.484764,1.173683,18.053955,86.598419,17.136116,0.917839,0
2026-07-28T16:48:37Z,9E5E00D37DA86516,18.4,queries/tpch/Functions/09-12_network/contained_by_eq.sql,2,1,5,1.691474,7.887156,1.548921,0.142553,19.861694,94.388794,18.631775,1.229919,18.249878,87.290771,17.260223,0.989655,0
2026-07-28T16:48:56Z,9E5E00D37DA86516,18.4,queries/tpch/Functions/09-12_network/contains.sql,2,1,5,1.680151,7.885966,1.551454,0.128697,19.508606,94.685272,18.794167,0.714439,17.901794,87.530670,17.407219,0.494576,0
2026-07-28T16:49:14Z,9E5E00D37DA86516,18.4,queries/tpch/Functions/09-12_network/family.sql,2,1,5,1.590079,7.471298,1.470305,0.119775,18.499329,89.372986,17.718414,0.780914,16.972290,82.662872,16.422646,0.549644,0
2026-07-28T16:49:54Z,9E5E00D37DA86516,18.4,queries/tpch/Functions/09-12_network/host.sql,2,1,5,3.495601,16.740310,3.311177,0.184424,42.308289,202.004089,39.923950,2.384338,39.136108,187.080780,36.986168,2.149940,0
2026-07-28T16:50:05Z,9E5E00D37DA86516,18.4,queries/tpch/Functions/09-12_network/hostmask.sql,2,1,5,1.020203,4.517938,0.874434,0.145769,11.948975,55.644226,10.923813,1.025162,10.972717,51.501190,10.132118,0.840599,0
2026-07-28T16:50:26Z,9E5E00D37DA86516,18.4,queries/tpch/Functions/09-12_network/inet_add.sql,2,1,5,1.781997,8.375115,1.648279,0.133717,20.939697,100.106964,19.791817,1.147881,19.311218,92.641663,18.332611,0.978607,0
2026-07-28T16:50:43Z,9E5E00D37DA86516,18.4,queries/tpch/Functions/09-12_network/inet_cast.sql,2,1,5,1.562690,7.277248,1.428639,0.134051,18.396729,86.945007,17.137070,1.259659,16.881958,80.406799,15.881210,1.000748,0
2026-07-28T16:51:02Z,9E5E00D37DA86516,18.4,queries/tpch/Functions/09-12_network/inet_sub_inet.sql,2,1,5,1.675655,7.808061,1.533101,0.142554,19.405334,91.766235,18.090225,1.315109,17.816650,84.789185,16.743134,1.073517,0
2026-07-28T16:51:23Z,9E5E00D37DA86516,18.4,queries/tpch/Functions/09-12_network/inet_sub_int.sql,2,1,5,1.787810,8.358460,1.642663,0.145147,21.154053,99.868927,19.678719,1.475334,19.445374,92.301636,18.214066,1.231308,0
2026-07-28T16:51:38Z,9E5E00D37DA86516,18.4,queries/tpch/Functions/09-12_network/macaddr_cast.sql,2,1,5,1.416874,6.517913,1.275260,0.141614,16.530273,77.934601,15.351082,1.179192,15.137756,71.972931,14.208794,0.928963,0
2026-07-28T16:51:56Z,9E5E00D37DA86516,18.4,queries/tpch/Functions/09-12_network/masklen.sql,2,1,5,1.583570,7.399220,1.453912,0.129658,18.295105,88.085052,17.447487,0.847618,16.845703,81.360168,16.128616,0.717087,0
2026-07-28T16:52:07Z,9E5E00D37DA86516,18.4,queries/tpch/Functions/09-12_network/netmask.sql,2,1,5,1.023454,4.521315,0.874465,0.148988,12.148865,55.704987,10.889030,1.259834,11.155457,51.579620,10.106041,1.049416,0
2026-07-28T16:52:28Z,9E5E00D37DA86516,18.4,queries/tpch/Functions/09-12_network/network.sql,2,1,5,1.762804,8.317038,1.638558,0.124246,20.737610,100.096191,19.839645,0.897964,19.146790,92.585815,18.359756,0.787033,0
2026-07-28T16:52:46Z,9E5E00D37DA86516,18.4,queries/tpch/Functions/09-12_network/overlaps.sql,2,1,5,1.676081,7.790953,1.528718,0.147363,19.428894,93.530609,18.525429,0.903465,17.824951,86.499908,17.168739,0.656212,0
2026-07-28T16:53:06Z,9E5E00D37DA86516,18.4,queries/tpch/Functions/09-12_network/set_masklen.sql,2,1,5,1.746337,8.154849,1.602128,0.144210,20.591248,96.668091,19.019211,1.572037,18.853699,89.405060,17.637840,1.215858,0
2026-07-28T16:56:51Z,9E5E00D37DA86516,18.4,queries/tpch/Functions/09-13_text_search/length_tsvector.sql,2,1,5,18.183621,95.018909,19.208822,-1.025201,449.531006,2084.858765,408.831940,40.699066,432.580933,1996.675598,391.023666,41.557266,0
2026-07-28T17:00:45Z,9E5E00D37DA86516,18.4,queries/tpch/Functions/09-13_text_search/match.sql,2,1,5,19.661038,97.319180,19.414536,0.246503,431.405457,2135.704529,426.074768,5.330688,413.095886,2045.725952,408.157516,4.938370,0
2026-07-28T17:04:46Z,9E5E00D37DA86516,18.4,queries/tpch/Functions/09-13_text_search/numnode.sql,2,1,5,20.218637,100.128851,19.977553,0.241084,443.814270,2197.432861,438.404648,5.409622,424.889771,2104.476624,419.896713,4.993057,0
2026-07-28T17:08:48Z,9E5E00D37DA86516,18.4,queries/tpch/Functions/09-13_text_search/phraseto_tsquery.sql,2,1,5,20.337398,100.988439,20.162760,0.174638,446.448547,2216.300537,442.462997,3.985550,427.454224,2122.139771,423.671387,3.782837,0
2026-07-28T17:12:51Z,9E5E00D37DA86516,18.4,queries/tpch/Functions/09-13_text_search/plainto_tsquery.sql,2,1,5,20.346384,100.781831,20.108862,0.237523,446.507202,2211.625793,441.279648,5.227554,427.381592,2118.370361,422.747192,4.634399,0
2026-07-28T17:16:42Z,9E5E00D37DA86516,18.4,queries/tpch/Functions/09-13_text_search/setweight.sql,2,1,5,19.355556,96.503349,19.286948,0.068608,424.799011,2117.841766,423.260689,1.538322,406.828552,2028.243195,405.353661,1.474892,0
2026-07-28T17:20:34Z,9E5E00D37DA86516,18.4,queries/tpch/Functions/09-13_text_search/strip.sql,2,1,5,19.560406,96.519735,19.239832,0.320573,429.287109,2118.165314,422.219551,7.067558,411.065979,2028.919983,404.463501,6.602478,0
2026-07-28T17:20:46Z,9E5E00D37DA86516,18.4,queries/tpch/Functions/09-13_text_search/to_tsquery.sql,2,1,5,1.045075,4.580014,0.883735,0.161340,12.508728,59.393066,11.721085,0.787643,11.446167,55.068542,10.905594,0.540573,0
2026-07-28T17:24:34Z,9E5E00D37DA86516,18.4,queries/tpch/Functions/09-13_text_search/to_tsvector.sql,2,1,5,19.150457,95.447127,19.074168,0.076289,425.825684,2094.503693,417.169502,8.656181,407.924561,2006.435425,399.627716,8.296844,0
2026-07-28T17:27:10Z,9E5E00D37DA86516,18.4,queries/tpch/Functions/09-13_text_search/to_tsvector_simple.sql,2,1,5,13.112640,64.941500,12.957215,0.155425,287.844116,1425.126282,284.320541,3.523575,275.507812,1364.697571,272.297440,3.210373,0
2026-07-28T17:31:07Z,9E5E00D37DA86516,18.4,queries/tpch/Functions/09-13_text_search/ts_headline.sql,2,1,5,19.866230,98.664868,19.699660,0.166570,435.942200,2165.225342,432.320786,3.621414,417.658142,2074.015411,414.089317,3.568825,0
2026-07-28T17:35:02Z,9E5E00D37DA86516,18.4,queries/tpch/Functions/09-13_text_search/ts_rank.sql,2,1,5,19.696457,97.990404,19.573487,0.122970,432.301331,2150.465271,429.540985,2.760345,414.039978,2059.327423,411.321861,2.718117,0
2026-07-28T17:39:34Z,9E5E00D37DA86516,18.4,queries/tpch/Functions/09-13_text_search/websearch_to_tsquery.sql,2,1,5,22.760519,113.414362,22.663461,0.097058,499.779907,2488.469238,497.172333,2.607574,478.280212,2382.539093,476.064720,2.215492,0
2026-07-28T17:43:29Z,9E5E00D37DA86516,18.4,queries/tpch/Functions/09-14_uuid/gen_random_uuid.sql,2,1,5,19.611691,97.503864,19.473043,0.138648,225.469604,1095.553619,217.521004,7.948601,207.609802,1010.451538,200.710434,6.899368,0
2026-07-28T17:46:40Z,9E5E00D37DA86516,18.4,queries/tpch/Functions/09-14_uuid/uuid_from_md5.sql,2,1,5,15.976098,79.715097,15.934750,0.041348,195.315186,975.263550,194.987091,0.328094,181.375916,905.627747,181.062958,0.312958,0
2026-07-28T17:50:43Z,9E5E00D37DA86516,18.4,queries/tpch/Functions/09-14_uuid/uuid_to_text.sql,2,1,5,20.428515,101.029144,20.150157,0.278358,227.851257,1128.937622,225.271591,2.579666,209.989502,1041.224335,207.808708,2.180794,0
2026-07-28T17:58:10Z,9E5E00D37DA86516,18.4,queries/tpch/Functions/09-15_xml/xml_is_well_formed.sql,2,1,5,37.244436,186.188605,37.236042,0.008394,455.441833,2285.578430,457.534149,-2.092316,423.014221,2124.171631,425.289352,-2.275131,0
2026-07-28T18:00:53Z,9E5E00D37DA86516,18.4,queries/tpch/Functions/09-15_xml/xml_to_text.sql,2,1,5,13.926364,67.675996,13.437408,0.488955,170.006775,854.175140,171.042091,-1.035316,157.859375,794.771881,159.228127,-1.368752,0
2026-07-28T18:02:10Z,9E5E00D37DA86516,18.4,queries/tpch/Functions/09-15_xml/xmlcomment.sql,2,1,5,6.520048,32.120350,6.400076,0.119972,86.893555,426.371582,84.869507,2.024048,81.038269,397.820892,79.195656,1.842613,0
2026-07-28T18:07:12Z,9E5E00D37DA86516,18.4,queries/tpch/Functions/09-15_xml/xmlconcat.sql,2,1,5,24.925426,125.730687,25.201315,-0.275889,311.559692,1558.621429,311.765434,-0.205742,289.679016,1449.293793,289.903694,-0.224678,0
2026-07-28T18:09:55Z,9E5E00D37DA86516,18.4,queries/tpch/Functions/09-15_xml/xmlelement.sql,2,1,5,13.674675,67.811731,13.534264,0.140410,172.057617,847.599945,168.885582,3.172035,160.030579,788.043060,157.003120,3.027458,0
2026-07-28T18:13:09Z,9E5E00D37DA86516,18.4,queries/tpch/Functions/09-15_xml/xmlelement_attrs.sql,2,1,5,15.937526,81.273626,16.334025,-0.396500,200.417480,1023.038147,205.655167,-5.237686,186.374878,951.974976,191.400024,-5.025146,0
2026-07-28T18:14:47Z,9E5E00D37DA86516,18.4,queries/tpch/Functions/09-15_xml/xmlforest.sql,2,1,5,8.231474,40.757566,8.131523,0.099951,106.656860,535.476105,107.204811,-0.547951,99.374390,499.344574,99.992546,-0.618156,0
2026-07-28T18:15:27Z,9E5E00D37DA86516,18.4,queries/tpch/Functions/09-15_xml/xmlpi.sql,2,1,5,3.347100,16.395108,3.262002,0.085098,46.403442,229.750702,45.836815,0.566628,43.312317,214.565186,42.813217,0.499100,0
2026-07-28T18:35:16Z,9E5E00D37DA86516,18.4,queries/tpch/Functions/09-15_xml/xpath.sql,2,1,5,98.403096,495.398853,99.248939,-0.845843,1156.282715,5742.205109,1146.480598,9.802116,1071.085083,5312.965027,1060.469986,10.615097,0
2026-07-28T18:38:06Z,9E5E00D37DA86516,18.4,queries/tpch/Functions/09-16_json/arrow_object.sql,2,1,5,14.324439,70.747067,14.105657,0.218782,183.772400,910.040558,181.567039,2.205360,171.081360,847.915649,169.208572,1.872787,0
2026-07-28T18:40:46Z,9E5E00D37DA86516,18.4,queries/tpch/Functions/09-16_json/arrow_text.sql,2,1,5,13.326825,66.750312,13.355872,-0.029047,171.606384,853.492004,170.471405,1.134979,159.698547,794.874969,158.794106,0.904442,0
2026-07-28T18:43:33Z,9E5E00D37DA86516,18.4,queries/tpch/Functions/09-16_json/contains.sql,2,1,5,13.993979,69.457669,13.865923,0.128056,179.609314,892.430328,178.205254,1.404060,167.217834,831.587463,166.092407,1.125427,0
2026-07-28T18:44:54Z,9E5E00D37DA86516,18.4,queries/tpch/Functions/09-16_json/json_build_array.sql,2,1,5,6.768385,33.530184,6.690450,0.077935,88.856934,438.748932,87.473000,1.383934,82.734741,409.046204,81.577866,1.156876,0
2026-07-28T18:46:58Z,9E5E00D37DA86516,18.4,queries/tpch/Functions/09-16_json/json_build_object.sql,2,1,5,10.396971,51.845521,10.362138,0.034833,134.332092,668.915985,133.645973,0.686119,124.975708,623.302673,124.581741,0.393967,0
2026-07-28T18:48:35Z,9E5E00D37DA86516,18.4,queries/tpch/Functions/09-16_json/jsonb_array_length.sql,2,1,5,8.204204,40.177847,7.993411,0.210794,106.153137,529.448578,105.823860,0.329277,98.882690,493.909729,98.756760,0.125931,0
2026-07-28T18:50:11Z,9E5E00D37DA86516,18.4,queries/tpch/Functions/09-16_json/jsonb_build_array.sql,2,1,5,8.117403,40.160184,8.010695,0.106708,106.833984,529.285522,105.612885,1.221100,99.529480,493.672668,98.535797,0.993683,0
2026-07-28T18:52:48Z,9E5E00D37DA86516,18.4,queries/tpch/Functions/09-16_json/jsonb_build_object.sql,2,1,5,13.082012,65.480897,13.099721,-0.017709,168.082275,829.884247,165.450493,2.631783,156.425049,772.526794,154.025436,2.399612,0
2026-07-28T18:55:07Z,9E5E00D37DA86516,18.4,queries/tpch/Functions/09-16_json/jsonb_insert.sql,2,1,5,11.687562,57.698998,11.502859,0.184703,140.723694,706.663116,141.484856,-0.761162,130.447205,655.775726,131.332130,-0.884926,0
2026-07-28T19:00:48Z,9E5E00D37DA86516,18.4,queries/tpch/Functions/09-16_json/jsonb_object_keys_arr.sql,2,1,5,28.226735,141.970441,28.435927,-0.209192,362.956482,1827.873596,366.229279,-3.272797,338.361084,1704.138519,341.444359,-3.083275,0
2026-07-28T19:02:26Z,9E5E00D37DA86516,18.4,queries/tpch/Functions/09-16_json/jsonb_path_exists.sql,2,1,5,8.203418,40.563793,8.090094,0.113324,101.431519,503.011322,100.394951,1.036568,94.116455,467.273743,93.289322,0.827133,0
2026-07-28T19:04:15Z,9E5E00D37DA86516,18.4,queries/tpch/Functions/09-16_json/jsonb_path_query.sql,2,1,5,9.246251,45.688906,9.110664,0.135587,113.720337,568.096619,113.594070,0.126266,105.573853,528.058746,105.621223,-0.047371,0
2026-07-28T19:06:06Z,9E5E00D37DA86516,18.4,queries/tpch/Functions/09-16_json/jsonb_path_query_array.sql,2,1,5,9.295916,45.957478,9.165390,0.130525,114.714844,571.406494,114.172913,0.541931,106.491943,531.151672,106.164932,0.327011,0
2026-07-28T19:09:19Z,9E5E00D37DA86516,18.4,queries/tpch/Functions/09-16_json/jsonb_pretty.sql,2,1,5,16.213884,80.478800,16.066229,0.147656,207.349243,1036.029846,207.170151,0.179092,193.156860,965.393799,193.059235,0.097626,0
2026-07-28T19:12:38Z,9E5E00D37DA86516,18.4,queries/tpch/Functions/09-16_json/jsonb_set.sql,2,1,5,16.712824,82.952813,16.559997,0.152827,212.584778,-130009.777100,-32555.590469,32768.175247,197.884399,989.657379,197.943245,-0.058846,0
2026-07-28T19:15:47Z,9E5E00D37DA86516,18.4,queries/tpch/Functions/09-16_json/jsonb_strip_nulls.sql,2,1,5,15.952490,78.528523,15.644008,0.308482,200.855652,1002.086578,200.307732,0.547920,186.878906,933.245697,186.591698,0.287209,0
2026-07-28T19:18:59Z,9E5E00D37DA86516,18.4,queries/tpch/Functions/09-16_json/jsonb_to_text.sql,2,1,5,16.094301,79.912264,15.954491,0.139810,205.421936,1020.902802,203.870216,1.551720,191.336121,951.039154,189.925758,1.410362,0
2026-07-28T19:20:05Z,9E5E00D37DA86516,18.4,queries/tpch/Functions/09-16_json/jsonb_typeof.sql,2,1,5,5.431509,27.154553,5.430761,0.000747,71.716309,363.846649,73.032585,-1.316277,66.841797,339.524017,68.170555,-1.328758,0
2026-07-28T19:21:58Z,9E5E00D37DA86516,18.4,queries/tpch/Functions/09-16_json/jsonpath_exists_op.sql,2,1,5,9.603197,47.303554,9.425089,0.178108,120.985291,586.111908,116.281654,4.703636,112.464294,544.677765,108.053368,4.410927,0
2026-07-28T19:23:50Z,9E5E00D37DA86516,18.4,queries/tpch/Functions/09-16_json/jsonpath_match_op.sql,2,1,5,9.415394,46.419141,9.250937,0.164457,116.212769,575.072327,114.714890,1.497879,107.910095,534.442535,106.633110,1.276985,0
2026-07-28T19:26:30Z,9E5E00D37DA86516,18.4,queries/tpch/Functions/09-16_json/key_exists.sql,2,1,5,13.491980,66.614219,13.280560,0.211421,173.789062,855.494293,170.426308,3.362755,161.763855,797.037689,158.818459,2.945396,0
2026-07-28T19:29:27Z,9E5E00D37DA86516,18.4,queries/tpch/Functions/09-16_json/path_extract.sql,2,1,5,14.812024,73.546384,14.683590,0.128434,190.722290,945.054138,188.582962,2.139328,177.701477,880.529694,175.707054,1.994423,0
2026-07-28T19:32:13Z,9E5E00D37DA86516,18.4,queries/tpch/Functions/09-16_json/path_extract_text.sql,2,1,5,13.916621,69.349017,13.858099,0.058522,179.433777,895.632538,179.049690,0.384087,167.155518,834.711029,166.888878,0.266640,0
2026-07-28T19:33:34Z,9E5E00D37DA86516,18.4,queries/tpch/Functions/09-16_json/row_to_json.sql,2,1,5,6.844929,33.816870,6.742985,0.101944,91.180786,449.029602,89.462204,1.718582,84.968994,418.369324,83.350082,1.618912,0
2026-07-28T19:34:27Z,9E5E00D37DA86516,18.4,queries/tpch/Functions/09-16_json/to_json.sql,2,1,5,4.459013,22.144961,4.421487,0.037526,60.054138,297.125214,59.267769,0.786369,55.869385,276.691925,55.205635,0.663750,0
2026-07-28T19:35:26Z,9E5E00D37DA86516,18.4,queries/tpch/Functions/09-16_json/to_jsonb.sql,2,1,5,5.245164,23.941041,4.673969,0.571194,68.645691,325.386505,64.185204,4.460487,63.744385,303.241669,59.874321,3.870064,0
2026-07-28T19:35:50Z,9E5E00D37DA86516,18.4,queries/tpch/Functions/09-18_conditional/case_searched.sql,2,1,5,2.027215,10.069603,2.010597,0.016618,29.088562,145.216644,29.032021,0.056541,27.097168,135.661224,27.141014,-0.043846,0
2026-07-28T19:36:11Z,9E5E00D37DA86516,18.4,queries/tpch/Functions/09-18_conditional/case_simple.sql,2,1,5,1.801174,8.537866,1.684173,0.117001,26.975952,132.705322,26.432343,0.543610,25.247253,124.479462,24.808052,0.439201,0
2026-07-28T19:36:33Z,9E5E00D37DA86516,18.4,queries/tpch/Functions/09-18_conditional/coalesce.sql,2,1,5,1.889166,9.291905,1.850685,0.038481,27.755859,136.987244,27.307846,0.448013,25.865540,128.100830,25.558823,0.306717,0
2026-07-28T19:36:51Z,9E5E00D37DA86516,18.4,queries/tpch/Functions/09-18_conditional/nullif.sql,2,1,5,1.606034,7.474181,1.467037,0.138998,24.369141,118.464142,23.523750,0.845390,22.793396,111.195770,22.100594,0.692802,0
2026-07-28T19:37:31Z,9E5E00D37DA86516,18.4,queries/tpch/Functions/09-19_array/array_append.sql,2,1,5,3.303541,16.300661,3.249280,0.054261,45.423401,228.232452,45.702263,-0.278862,42.280518,212.861511,42.645248,-0.364731,0
2026-07-28T19:38:04Z,9E5E00D37DA86516,18.4,queries/tpch/Functions/09-19_array/array_cat.sql,2,1,5,3.415235,13.554015,2.534695,0.880540,43.370117,191.582092,37.052994,6.317123,40.032288,178.897308,34.716255,5.316032,0
2026-07-28T19:38:38Z,9E5E00D37DA86516,18.4,queries/tpch/Functions/09-19_array/array_concat_op.sql,2,1,5,2.780420,14.163613,2.845798,-0.065378,39.419189,195.228943,38.952438,0.466751,36.756958,181.966644,36.302422,0.454536,0
2026-07-28T19:38:59Z,9E5E00D37DA86516,18.4,queries/tpch/Functions/09-19_array/array_construct.sql,2,1,5,1.844420,8.980771,1.784088,0.060332,26.656616,131.068695,26.103020,0.553596,24.773315,122.547272,24.443489,0.329826,0
2026-07-28T19:39:34Z,9E5E00D37DA86516,18.4,queries/tpch/Functions/09-19_array/array_contains.sql,2,1,5,2.983125,14.367136,2.846003,0.137123,41.278809,198.794647,39.378960,1.899849,38.346619,185.403412,36.764198,1.582420,0
2026-07-28T19:40:07Z,9E5E00D37DA86516,18.4,queries/tpch/Functions/09-19_array/array_dims.sql,2,1,5,2.856595,13.821877,2.741320,0.115275,39.782776,198.801788,39.754753,0.028023,37.041809,185.757782,37.178993,-0.137184,0
2026-07-28T19:40:29Z,9E5E00D37DA86516,18.4,queries/tpch/Functions/09-19_array/array_length.sql,2,1,5,1.948934,8.763153,1.703555,0.245379,27.594360,133.887512,26.573288,1.021072,25.598877,125.506073,24.976799,0.622078,0
2026-07-28T19:40:50Z,9E5E00D37DA86516,18.4,queries/tpch/Functions/09-19_array/array_ndims.sql,2,1,5,2.565081,8.711822,1.536685,1.028396,30.886292,132.465118,25.394707,5.491585,28.421204,124.052246,23.907761,4.513443,0
2026-07-28T19:41:26Z,9E5E00D37DA86516,18.4,queries/tpch/Functions/09-19_array/array_overlap.sql,2,1,5,3.059326,14.635505,2.894045,0.165282,41.320251,203.753113,40.608215,0.712036,38.281006,189.975403,37.923599,0.357407,0
2026-07-28T19:41:53Z,9E5E00D37DA86516,18.4,queries/tpch/Functions/09-19_array/array_position.sql,2,1,5,2.336772,11.533327,2.299139,0.037633,34.040894,167.273956,33.308266,0.732628,31.823242,156.380646,31.139351,0.683891,0
2026-07-28T19:42:34Z,9E5E00D37DA86516,18.4,queries/tpch/Functions/09-19_array/array_positions.sql,2,1,5,3.369546,16.755182,3.346409,0.023136,47.016479,235.381500,47.091255,-0.074776,43.816162,219.600891,43.946182,-0.130020,0
2026-07-28T19:43:14Z,9E5E00D37DA86516,18.4,queries/tpch/Functions/09-19_array/array_prepend.sql,2,1,5,3.376418,16.831923,3.363876,0.012542,46.568115,233.496857,46.732185,-0.164070,43.258423,217.807892,43.637367,-0.378944,0
2026-07-28T19:43:45Z,9E5E00D37DA86516,18.4,queries/tpch/Functions/09-19_array/array_remove.sql,2,1,5,2.678280,12.686815,2.502134,0.176146,37.544922,184.113617,36.642174,0.902748,34.876709,172.188843,34.328033,0.548676,0
2026-07-28T19:44:21Z,9E5E00D37DA86516,18.4,queries/tpch/Functions/09-19_array/array_replace.sql,2,1,5,3.010270,15.065515,3.013811,-0.003541,40.512878,201.337524,40.206161,0.306717,37.613647,187.236481,37.405708,0.207939,0
2026-07-28T19:44:54Z,9E5E00D37DA86516,18.4,queries/tpch/Functions/09-19_array/array_slice.sql,2,1,5,2.840115,14.090502,2.812597,0.027519,38.937195,196.645905,39.427177,-0.489983,36.225403,183.437103,36.802925,-0.577522,0
2026-07-28T19:45:18Z,9E5E00D37DA86516,18.4,queries/tpch/Functions/09-19_array/array_subscript.sql,2,1,5,2.073274,9.681586,1.902078,0.171195,30.005005,144.690582,28.671394,1.333611,27.870117,135.407837,26.884430,0.985687,0
2026-07-28T19:45:57Z,9E5E00D37DA86516,18.4,queries/tpch/Functions/09-19_array/array_to_string.sql,2,1,5,3.385840,16.075518,3.172420,0.213420,46.679077,225.937256,44.814545,1.864532,43.397461,210.860687,41.865807,1.531654,0
2026-07-28T19:46:18Z,9E5E00D37DA86516,18.4,queries/tpch/Functions/09-19_array/array_upper.sql,2,1,5,1.835823,8.925728,1.772476,0.063346,27.292480,133.056366,26.440971,0.851509,25.459229,124.510559,24.762833,0.696396,0
2026-07-28T19:46:41Z,9E5E00D37DA86516,18.4,queries/tpch/Functions/09-19_array/cardinality.sql,2,1,5,1.958375,9.483789,1.881353,0.077022,27.657959,138.204315,27.636589,0.021370,25.755615,129.097748,25.835533,-0.079918,0
2026-07-28T19:48:03Z,9E5E00D37DA86516,18.4,queries/tpch/Functions/09-19_array/string_to_array.sql,2,1,5,6.907322,34.418810,6.877872,0.029450,90.707520,447.113678,89.101540,1.605980,84.380432,415.542999,82.790642,1.589790,0
2026-07-28T19:48:39Z,9E5E00D37DA86516,18.4,queries/tpch/Functions/09-19_array/trim_array.sql,2,1,5,2.919321,14.670891,2.937893,-0.018572,40.505798,203.571960,40.766541,-0.260742,37.728943,189.803650,38.018677,-0.289734,0
2026-07-28T19:49:34Z,9E5E00D37DA86516,18.4,queries/tpch/Functions/09-20_range/adjacent.sql,2,1,5,4.626680,23.270022,4.660835,-0.034156,63.301575,314.995361,62.923447,0.378128,58.929565,293.504639,58.643768,0.285797,0
2026-07-28T19:50:19Z,9E5E00D37DA86516,18.4,queries/tpch/Functions/09-20_range/contained_by.sql,2,1,5,3.707788,18.689664,3.745469,-0.037681,51.102539,254.196808,50.773567,0.328972,47.546265,236.986176,47.359978,0.186287,0
2026-07-28T19:51:03Z,9E5E00D37DA86516,18.4,queries/tpch/Functions/09-20_range/contains_elem.sql,2,1,5,3.597113,18.015147,3.604509,-0.007396,50.973877,251.626434,50.163139,0.810738,47.574402,234.914948,46.835136,0.739265,0
2026-07-28T19:51:47Z,9E5E00D37DA86516,18.4,queries/tpch/Functions/09-20_range/contains_range.sql,2,1,5,3.708766,18.254190,3.636356,0.072411,51.407410,252.876953,50.367386,1.040024,47.712646,235.857025,47.036095,0.676552,0
2026-07-28T19:52:26Z,9E5E00D37DA86516,18.4,queries/tpch/Functions/09-20_range/daterange_make.sql,2,1,5,3.395719,16.362927,3.241802,0.153917,47.196045,229.279633,45.520897,1.675148,44.014832,214.029846,42.503754,1.511078,0
2026-07-28T19:53:28Z,9E5E00D37DA86516,18.4,queries/tpch/Functions/09-20_range/intersect.sql,2,1,5,6.443121,25.245642,4.700630,1.742490,77.306946,340.351501,65.761139,11.545807,71.405701,317.194916,61.447304,9.958397,0
2026-07-28T19:54:10Z,9E5E00D37DA86516,18.4,queries/tpch/Functions/09-20_range/isempty.sql,2,1,5,3.387737,16.906873,3.379784,0.007954,46.894958,232.111115,46.304039,0.590919,43.673828,216.412628,43.184700,0.489128,0
2026-07-28T19:54:51Z,9E5E00D37DA86516,18.4,queries/tpch/Functions/09-20_range/lower.sql,2,1,5,3.451916,17.182256,3.432585,0.019331,47.712158,241.453400,48.435310,-0.723152,44.458008,225.481812,45.255951,-0.797943,0
2026-07-28T19:55:37Z,9E5E00D37DA86516,18.4,queries/tpch/Functions/09-20_range/multirange.sql,2,1,5,3.892427,19.173781,3.820338,0.072089,53.572998,263.170319,52.399330,1.173668,49.838867,245.392822,48.888489,0.950378,0
2026-07-28T19:56:29Z,9E5E00D37DA86516,18.4,queries/tpch/Functions/09-20_range/overlaps.sql,2,1,5,3.826515,21.873788,4.511818,-0.685303,52.174194,280.311981,57.034447,-4.860252,48.485107,260.157257,52.918037,-4.432930,0
2026-07-28T19:57:12Z,9E5E00D37DA86516,18.4,queries/tpch/Functions/09-20_range/strictly_left.sql,2,1,5,3.627051,17.709058,3.520502,0.106549,49.254578,244.105133,48.712639,0.541939,45.779785,227.729462,45.487419,0.292366,0
2026-07-28T19:57:59Z,9E5E00D37DA86516,18.4,queries/tpch/Functions/09-20_range/strictly_right.sql,2,1,5,3.633525,19.146184,3.878165,-0.244639,49.423340,255.216492,51.448288,-2.024948,46.002441,237.545807,47.885841,-1.883400,0
2026-07-28T19:59:10Z,9E5E00D37DA86516,18.4,queries/tpch/Functions/09-20_range/union.sql,2,1,5,5.880899,29.649290,5.942098,-0.061199,78.935669,392.201904,78.316559,0.619110,73.397339,365.086365,72.922256,0.475082,0
2026-07-28T19:59:51Z,9E5E00D37DA86516,18.4,queries/tpch/Functions/09-20_range/upper.sql,2,1,5,3.460729,17.024671,3.390986,0.069743,48.598267,239.900024,47.825439,0.772827,45.302307,224.136230,44.708481,0.593826,0
2026-07-28T20:00:36Z,9E5E00D37DA86516,18.4,queries/tpch/Functions/09-21_aggregate/array_agg.sql,2,1,5,3.878261,18.564562,3.671575,0.206686,46.445190,224.797424,44.588058,1.857132,42.544617,206.735168,41.047638,1.496979,0
2026-07-28T20:01:51Z,9E5E00D37DA86516,18.4,queries/tpch/Functions/09-21_aggregate/array_agg_orderby.sql,2,1,5,6.361598,31.153588,6.197998,0.163600,75.332581,372.416626,74.271011,1.061569,69.356506,343.722961,68.591614,0.764893,0
2026-07-28T20:02:00Z,9E5E00D37DA86516,18.4,queries/tpch/Functions/09-21_aggregate/avg.sql,2,1,5,0.897006,3.808719,0.727928,0.169078,24.537720,119.713348,23.793907,0.743813,23.508972,115.713806,23.051208,0.457764,0
2026-07-28T20:02:07Z,9E5E00D37DA86516,18.4,queries/tpch/Functions/09-21_aggregate/bit_and.sql,2,1,5,0.616540,2.639783,0.505811,0.110730,15.207520,73.668396,14.615219,0.592300,14.410156,69.886444,13.869072,0.541084,0
2026-07-28T20:02:14Z,9E5E00D37DA86516,18.4,queries/tpch/Functions/09-21_aggregate/bit_or.sql,2,1,5,0.652961,2.696971,0.511002,0.141959,14.303772,70.764282,14.115128,0.188644,13.363220,66.916626,13.388351,-0.025131,0
2026-07-28T20:02:23Z,9E5E00D37DA86516,18.4,queries/tpch/Functions/09-21_aggregate/bool_and.sql,2,1,5,0.835571,3.729483,0.723478,0.112093,18.843750,92.654602,18.452713,0.391037,17.928406,88.609283,17.670219,0.258186,0
2026-07-28T20:02:32Z,9E5E00D37DA86516,18.4,queries/tpch/Functions/09-21_aggregate/bool_or.sql,2,1,5,0.945266,3.910047,0.741195,0.204070,18.929321,89.543182,17.653465,1.275856,17.913452,85.368561,16.863777,1.049675,0
2026-07-28T20:02:56Z,9E5E00D37DA86516,18.4,queries/tpch/Functions/09-21_aggregate/corr.sql,2,1,5,2.118918,9.973602,1.963671,0.155247,46.420105,218.681396,43.065323,3.354782,44.329407,208.889587,41.140045,3.189362,0
2026-07-28T20:03:07Z,9E5E00D37DA86516,18.4,queries/tpch/Functions/09-21_aggregate/count_col.sql,2,1,5,0.902580,4.380311,0.869433,0.033147,19.970154,96.066467,19.024078,0.946075,19.029907,91.497070,18.116791,0.913116,0
2026-07-28T20:03:20Z,9E5E00D37DA86516,18.4,queries/tpch/Functions/09-21_aggregate/count_distinct.sql,2,1,5,1.120955,5.051808,0.982713,0.138242,14.339661,66.119446,12.944946,1.394714,13.241699,61.310913,12.017303,1.224396,0
2026-07-28T20:03:29Z,9E5E00D37DA86516,18.4,queries/tpch/Functions/09-21_aggregate/count_filter.sql,2,1,5,0.859413,3.970017,0.777651,0.081762,22.500244,109.027161,21.631729,0.868515,21.582092,104.812744,20.807663,0.774429,0
2026-07-28T20:03:34Z,9E5E00D37DA86516,18.4,queries/tpch/Functions/09-21_aggregate/count_star.sql,2,1,5,0.421309,1.948315,0.381752,0.039558,9.790100,45.445923,8.913956,0.876144,9.335327,43.427460,8.523033,0.812294,0
2026-07-28T20:05:03Z,9E5E00D37DA86516,18.4,queries/tpch/Functions/09-21_aggregate/cume_dist_hypothetical.sql,2,1,5,7.536903,37.122966,7.396516,0.140387,98.438293,481.926361,95.872017,2.566277,91.084900,446.958649,88.968437,2.116463,0
2026-07-28T20:06:38Z,9E5E00D37DA86516,18.4,queries/tpch/Functions/09-21_aggregate/dense_rank_hypothetical.sql,2,1,5,8.028220,39.446895,7.854669,0.173551,102.635315,504.872742,100.559357,2.075958,94.955811,468.790680,93.458717,1.497093,0
2026-07-28T20:06:49Z,9E5E00D37DA86516,18.4,queries/tpch/Functions/09-21_aggregate/group_by.sql,2,1,5,1.012596,4.543565,0.882742,0.129853,27.775940,136.585571,27.202408,0.573532,26.713684,131.859985,26.286575,0.427109,0
2026-07-28T20:07:39Z,9E5E00D37DA86516,18.4,queries/tpch/Functions/09-21_aggregate/json_agg.sql,2,1,5,4.291071,20.728762,4.109423,0.181649,52.705566,256.417236,50.927917,1.777649,48.506531,236.350250,46.960930,1.545601,0
2026-07-28T20:09:03Z,9E5E00D37DA86516,18.4,queries/tpch/Functions/09-21_aggregate/jsonb_agg.sql,2,1,5,7.130750,34.976394,6.961411,0.169340,87.940613,430.301849,85.590309,2.350304,81.051147,397.858978,79.201958,1.849190,0
2026-07-28T20:09:12Z,9E5E00D37DA86516,18.4,queries/tpch/Functions/09-21_aggregate/max.sql,2,1,5,0.859073,3.403636,0.636141,0.222932,21.344604,104.170929,20.706581,0.638023,20.360840,100.515167,20.038582,0.322258,0
2026-07-28T20:09:20Z,9E5E00D37DA86516,18.4,queries/tpch/Functions/09-21_aggregate/min.sql,2,1,5,0.821561,3.426465,0.651226,0.170335,20.133911,94.015167,18.470314,1.663597,19.235352,90.233185,17.749458,1.485893,0
2026-07-28T20:10:10Z,9E5E00D37DA86516,18.4,queries/tpch/Functions/09-21_aggregate/mode.sql,2,1,5,4.137679,20.755023,4.154336,-0.016657,57.734680,284.246246,56.627892,1.106789,53.736023,264.444489,52.677116,1.058907,0
2026-07-28T20:11:40Z,9E5E00D37DA86516,18.4,queries/tpch/Functions/09-21_aggregate/percent_rank_hypothetical.sql,2,1,5,7.453471,37.215805,7.440583,0.012888,95.783386,476.289154,95.126442,0.656944,88.586182,441.283508,88.174332,0.411850,0
2026-07-28T20:12:31Z,9E5E00D37DA86516,18.4,queries/tpch/Functions/09-21_aggregate/percentile_cont.sql,2,1,5,4.335568,21.304298,4.242183,0.093385,56.972961,282.567383,56.398605,0.574356,52.807739,262.332794,52.381264,0.426476,0
2026-07-28T20:13:24Z,9E5E00D37DA86516,18.4,queries/tpch/Functions/09-21_aggregate/percentile_cont_array.sql,2,1,5,4.515400,22.083154,4.391939,0.123462,59.045044,293.227783,58.545685,0.499359,54.580200,272.226746,54.411636,0.168564,0
2026-07-28T20:14:23Z,9E5E00D37DA86516,18.4,queries/tpch/Functions/09-21_aggregate/percentile_disc.sql,2,1,5,4.956170,24.464172,4.877001,0.079169,63.848633,315.810211,62.990395,0.858238,58.995789,292.665833,58.417511,0.578278,0
2026-07-28T20:15:53Z,9E5E00D37DA86516,18.4,queries/tpch/Functions/09-21_aggregate/rank_hypothetical.sql,2,1,5,7.798593,37.215217,7.354156,0.444437,95.760681,473.886749,94.531517,1.229164,88.328857,438.951141,87.655571,0.673286,0
2026-07-28T20:16:15Z,9E5E00D37DA86516,18.4,queries/tpch/Functions/09-21_aggregate/regr_slope.sql,2,1,5,1.854565,9.259652,1.851272,0.003293,53.807617,248.875336,48.766930,5.040688,51.901062,239.802734,46.975418,4.925644,0
2026-07-28T20:16:26Z,9E5E00D37DA86516,18.4,queries/tpch/Functions/09-21_aggregate/stddev.sql,2,1,5,0.992029,4.457520,0.866373,0.125657,21.951111,108.232544,21.570358,0.380753,20.887329,103.543579,20.664062,0.223267,0
2026-07-28T20:16:37Z,9E5E00D37DA86516,18.4,queries/tpch/Functions/09-21_aggregate/stddev_pop.sql,2,1,5,0.957883,4.618440,0.915139,0.042744,22.128906,104.708679,20.644943,1.483963,21.034424,99.905640,19.717804,1.316620,0
2026-07-28T20:17:31Z,9E5E00D37DA86516,18.4,queries/tpch/Functions/09-21_aggregate/string_agg.sql,2,1,5,4.619641,22.345795,4.431539,0.188102,58.280518,274.501465,54.055237,4.225281,53.735291,252.909393,49.793526,3.941765,0
2026-07-28T20:17:40Z,9E5E00D37DA86516,18.4,queries/tpch/Functions/09-21_aggregate/sum.sql,2,1,5,0.858705,3.579308,0.680151,0.178555,21.902222,108.141998,21.559944,0.342278,20.967407,104.329681,20.840569,0.126839,0
2026-07-28T20:17:49Z,9E5E00D37DA86516,18.4,queries/tpch/Functions/09-21_aggregate/sum_filter.sql,2,1,5,0.890823,3.864707,0.743471,0.147353,21.026611,103.831696,20.701271,0.325340,20.061218,99.700470,19.909813,0.151405,0
2026-07-28T20:18:03Z,9E5E00D37DA86516,18.4,queries/tpch/Functions/09-21_aggregate/sum_float8.sql,2,1,5,1.193827,5.427378,1.058388,0.135439,28.254211,134.273529,26.504829,1.749382,26.985840,128.643463,25.414406,1.571434,0
2026-07-28T20:18:14Z,9E5E00D37DA86516,18.4,queries/tpch/Functions/09-21_aggregate/var_pop.sql,2,1,5,1.084051,4.793846,0.927449,0.156603,23.519470,105.026184,20.376678,3.142792,22.373474,100.041626,19.417038,2.956436,0
2026-07-28T20:18:26Z,9E5E00D37DA86516,18.4,queries/tpch/Functions/09-21_aggregate/variance.sql,2,1,5,1.074588,4.851656,0.944267,0.130321,23.721375,106.376495,20.663780,3.057594,22.597168,101.382935,19.696442,2.900726,0
2026-07-28T20:20:11Z,9E5E00D37DA86516,18.4,queries/tpch/Functions/09-22_window/avg_over.sql,2,1,5,8.809515,43.370243,8.640182,0.169333,116.453979,566.085876,112.407974,4.046005,108.123535,525.603241,104.369926,3.753609,0
2026-07-28T20:21:40Z,9E5E00D37DA86516,18.4,queries/tpch/Functions/09-22_window/count_over.sql,2,1,5,7.522050,37.027334,7.376321,0.145730,96.233887,472.858368,94.156120,2.077766,89.196228,439.082397,87.471542,1.724686,0
2026-07-28T20:29:24Z,9E5E00D37DA86516,18.4,queries/tpch/Functions/09-22_window/cume_dist.sql,2,1,5,38.805396,193.139236,38.583460,0.221936,421.289734,2079.970306,414.670143,6.619591,386.639648,1908.323334,380.420921,6.218727,0
2026-07-28T20:30:53Z,9E5E00D37DA86516,18.4,queries/tpch/Functions/09-22_window/dense_rank.sql,2,1,5,7.418231,36.984707,7.391619,0.026612,91.398376,452.494965,90.274147,1.124229,84.613647,418.542969,83.482330,1.131317,0
2026-07-28T20:43:25Z,9E5E00D37DA86516,18.4,queries/tpch/Functions/09-22_window/first_value.sql,2,1,5,64.343734,312.952390,62.152164,2.191570,680.093506,3306.226410,656.533226,23.560280,623.084106,3029.605408,601.630325,21.453781,0
2026-07-28T20:45:04Z,9E5E00D37DA86516,18.4,queries/tpch/Functions/09-22_window/first_value_part_1500k.sql,2,1,5,8.374234,41.122712,8.187120,0.187114,101.693909,506.555817,101.215477,0.478432,93.997681,469.030792,93.758278,0.239403,0
2026-07-28T20:47:08Z,9E5E00D37DA86516,18.4,queries/tpch/Functions/09-22_window/first_value_part_200k.sql,2,1,5,10.637308,51.442155,10.201212,0.436097,129.745422,628.099487,124.588516,5.156906,119.620667,581.526154,115.476372,4.144295,0
2026-07-28T21:00:29Z,9E5E00D37DA86516,18.4,queries/tpch/Functions/09-22_window/first_value_part_3.sql,2,1,5,66.386644,333.936161,66.887379,-0.500735,706.214600,3557.746704,712.883026,-6.668427,647.950378,3264.114471,654.041023,-6.090645,0
2026-07-28T21:05:15Z,9E5E00D37DA86516,18.4,queries/tpch/Functions/09-22_window/frame_exclude_current.sql,2,1,5,24.013939,118.881155,23.716804,0.297135,294.002747,1454.274658,290.067978,3.934769,272.518616,1349.683441,269.291206,3.227409,0
2026-07-28T21:07:49Z,9E5E00D37DA86516,18.4,queries/tpch/Functions/09-22_window/frame_groups.sql,2,1,5,12.897334,64.242474,12.836285,0.061049,163.126343,810.774963,161.912155,1.214188,151.327271,752.723114,150.348961,0.978310,0
2026-07-28T21:10:01Z,9E5E00D37DA86516,18.4,queries/tpch/Functions/09-22_window/frame_rows_centered.sql,2,1,5,11.042441,55.016419,10.993495,0.048946,140.634827,691.976593,137.835442,2.799385,130.627136,642.466644,127.959877,2.667259,0
2026-07-28T21:18:06Z,9E5E00D37DA86516,18.4,queries/tpch/Functions/09-22_window/frame_rows_following.sql,2,1,5,40.448584,201.984827,40.384061,0.064524,438.571777,2190.663208,438.022858,0.548920,402.125854,2009.562714,401.859215,0.266640,0
2026-07-28T21:19:59Z,9E5E00D37DA86516,18.4,queries/tpch/Functions/09-22_window/frame_rows_running.sql,2,1,5,9.764550,46.606497,9.210487,0.554063,119.095886,585.224213,116.532082,2.563805,110.154175,542.410889,108.064178,2.089996,0
2026-07-28T21:21:34Z,9E5E00D37DA86516,18.4,queries/tpch/Functions/09-22_window/lag.sql,2,1,5,7.926087,39.676362,7.937569,-0.011481,101.776733,509.102539,101.831451,-0.054718,94.423157,472.362122,94.484741,-0.061584,0
2026-07-28T21:23:14Z,9E5E00D37DA86516,18.4,queries/tpch/Functions/09-22_window/last_value.sql,2,1,5,8.347470,41.756766,8.352324,-0.004855,107.908813,533.202789,106.323494,1.585320,100.011414,494.475342,98.615982,1.395432,0
2026-07-28T21:24:55Z,9E5E00D37DA86516,18.4,queries/tpch/Functions/09-22_window/last_value_part_1500k.sql,2,1,5,8.531266,41.820974,8.322427,0.208839,104.198425,510.705475,101.626762,2.571663,96.379395,472.755737,94.094086,2.285309,0
2026-07-28T21:26:31Z,9E5E00D37DA86516,18.4,queries/tpch/Functions/09-22_window/lead.sql,2,1,5,7.968444,39.668270,7.924957,0.043487,102.478516,511.751221,102.318176,0.160339,95.056396,474.645996,94.897400,0.158997,0
2026-07-28T21:39:04Z,9E5E00D37DA86516,18.4,queries/tpch/Functions/09-22_window/nth_value.sql,2,1,5,62.833579,313.787500,62.738480,0.095099,663.525940,3312.947845,662.355476,1.170464,607.824829,3035.208954,606.846031,0.978798,0
2026-07-28T21:40:17Z,9E5E00D37DA86516,18.4,queries/tpch/Functions/09-22_window/ntile.sql,2,1,5,6.162658,30.585211,6.105638,0.057020,78.656921,389.765320,77.777100,0.879822,72.604797,361.106110,72.125328,0.479469,0
2026-07-28T21:42:28Z,9E5E00D37DA86516,18.4,queries/tpch/Functions/09-22_window/partition_by.sql,2,1,5,11.005672,54.122609,10.779234,0.226438,136.071289,664.637878,132.141647,3.929642,126.059021,615.907318,122.462074,3.596947,0
2026-07-28T21:44:23Z,9E5E00D37DA86516,18.4,queries/tpch/Functions/09-22_window/percent_rank.sql,2,1,5,9.852655,48.135498,9.570711,0.281944,122.109436,608.546753,121.609329,0.500107,113.095581,564.967468,112.967972,0.127609,0
2026-07-28T21:45:51Z,9E5E00D37DA86516,18.4,queries/tpch/Functions/09-22_window/rank.sql,2,1,5,7.592417,36.528314,7.233974,0.358443,93.031982,458.993835,91.490463,1.541519,86.029724,425.577881,84.887039,1.142685,0
2026-07-28T21:47:02Z,9E5E00D37DA86516,18.4,queries/tpch/Functions/09-22_window/row_number.sql,2,1,5,6.059710,29.483564,5.855963,0.203747,74.795044,373.544495,74.687363,0.107681,69.147705,346.052917,69.226303,-0.078598,0
2026-07-28T21:48:24Z,9E5E00D37DA86516,18.4,queries/tpch/Functions/09-22_window/row_number_part_1500k.sql,2,1,5,6.896959,33.767688,6.717682,0.179277,83.074158,406.170166,80.774002,2.300156,76.684875,375.296997,74.653030,2.031845,0
2026-07-28T21:50:08Z,9E5E00D37DA86516,18.4,queries/tpch/Functions/09-22_window/sum_over.sql,2,1,5,8.911498,43.169959,8.564615,0.346883,112.456177,552.360565,109.976097,2.480080,104.397217,512.842377,102.111290,2.285927,0
2026-07-28T21:50:17Z,9E5E00D37DA86516,18.4,queries/tpch/Functions/09-24_subquery/any_subquery.sql,2,1,5,0.989875,3.798214,0.702085,0.287790,24.871704,118.827362,23.488914,1.382790,23.671387,113.465607,22.448555,1.222832,0
2026-07-28T21:51:02Z,9E5E00D37DA86516,18.4,queries/tpch/Functions/09-24_subquery/exists.sql,2,1,5,3.809075,18.557979,3.687226,0.121849,48.622681,237.106689,47.121002,1.501678,45.031311,219.552643,43.630333,1.400978,0
2026-07-28T21:51:12Z,9E5E00D37DA86516,18.4,queries/tpch/Functions/09-24_subquery/in_subquery.sql,2,1,5,0.921751,3.913305,0.747889,0.173862,23.939819,119.025726,23.771477,0.168343,22.547668,113.441467,22.723450,-0.175781,0
2026-07-28T21:51:30Z,9E5E00D37DA86516,18.4,queries/tpch/Functions/09-24_subquery/not_exists.sql,2,1,5,1.509248,7.485459,1.494053,0.015196,37.297058,178.734039,35.359245,1.937813,35.442078,169.492188,33.512527,1.929550,0
2026-07-28T21:51:53Z,9E5E00D37DA86516,18.4,queries/tpch/Functions/09-24_subquery/not_in_subquery.sql,2,1,5,2.075022,9.721611,1.911647,0.163374,30.273010,151.446808,30.293449,-0.020439,28.135010,142.033539,28.474632,-0.339622,0
2026-07-28T21:52:05Z,9E5E00D37DA86516,18.4,queries/tpch/Functions/09-24_subquery/scalar_subquery.sql,2,1,5,1.132313,4.976691,0.961095,0.171218,14.673279,67.323944,13.162666,1.510612,13.556152,62.484314,12.232040,1.324112,0
2026-07-28T21:52:22Z,9E5E00D37DA86516,18.4,queries/tpch/Functions/09-25_row_comparison/all_array.sql,2,1,5,1.358236,6.994264,1.409007,-0.050771,21.741577,110.295166,22.138397,-0.396820,20.365356,103.509644,20.786072,-0.420715,0
2026-07-28T21:52:38Z,9E5E00D37DA86516,18.4,queries/tpch/Functions/09-25_row_comparison/any_array.sql,2,1,5,1.416334,6.667344,1.312752,0.103582,21.994751,108.030212,21.508865,0.485886,20.530640,101.556946,20.256577,0.274063,0
2026-07-28T21:52:56Z,9E5E00D37DA86516,18.4,queries/tpch/Functions/09-25_row_comparison/in_list.sql,2,1,5,1.404863,7.221866,1.454251,-0.049387,22.320862,110.940887,22.155006,0.165855,20.778992,104.013580,20.808647,-0.029655,0
2026-07-28T21:53:12Z,9E5E00D37DA86516,18.4,queries/tpch/Functions/09-25_row_comparison/not_in_list.sql,2,1,5,1.422262,6.685909,1.315912,0.106350,22.488098,107.888763,21.350166,1.137932,20.896912,101.459503,20.140648,0.756264,0
2026-07-28T21:53:33Z,9E5E00D37DA86516,18.4,queries/tpch/Functions/09-25_row_comparison/row_eq.sql,2,1,5,1.721163,8.766933,1.761443,-0.040279,26.284973,132.682495,26.599380,-0.314407,24.518555,124.292755,24.943550,-0.424995,0
2026-07-28T21:53:56Z,9E5E00D37DA86516,18.4,queries/tpch/Functions/09-25_row_comparison/row_in.sql,2,1,5,1.902639,9.758257,1.963904,-0.061265,29.261719,149.082733,29.955254,-0.693535,27.473206,139.723694,28.062622,-0.589417,0
2026-07-28T21:54:17Z,9E5E00D37DA86516,18.4,queries/tpch/Functions/09-25_row_comparison/row_is_distinct.sql,2,1,5,2.100697,8.189719,1.522256,0.578442,28.193054,127.761902,24.892212,3.300842,26.181580,119.865631,23.421013,2.760567,0
2026-07-28T21:54:30Z,9E5E00D37DA86516,18.4,queries/tpch/Functions/09-25_row_comparison/row_lt.sql,2,1,5,1.225429,5.443581,1.054538,0.170891,18.412476,88.962830,17.637589,0.774887,17.135315,83.650482,16.628792,0.506523,0
2026-07-28T21:54:51Z,9E5E00D37DA86516,18.4,queries/tpch/Functions/09-25_row_comparison/row_ne.sql,2,1,5,2.218730,8.509197,1.572617,0.646113,29.378235,130.875214,25.374245,4.003990,27.188171,122.722961,23.883698,3.304474,0
2026-07-28T21:55:29Z,9E5E00D37DA86516,18.4,queries/tpch/Functions/09-26_set_returning/generate_series_int.sql,2,1,5,3.125532,16.155433,3.257475,-0.131944,82.333740,377.742584,73.852211,8.481529,79.229431,361.974487,70.686264,8.543167,0
2026-07-28T21:56:03Z,9E5E00D37DA86516,18.4,queries/tpch/Functions/09-26_set_returning/generate_subscripts.sql,2,1,5,2.891281,14.178296,2.821754,0.069528,65.058105,314.307037,62.312233,2.745872,62.198547,300.495819,59.574318,2.624229,0
2026-07-28T21:57:40Z,9E5E00D37DA86516,18.4,queries/tpch/Functions/09-26_set_returning/jsonb_array_elements.sql,2,1,5,8.048270,40.113021,8.016188,0.032082,177.531128,880.307190,175.694016,1.837112,169.963196,842.699982,168.184196,1.778999,0
2026-07-28T21:59:11Z,9E5E00D37DA86516,18.4,queries/tpch/Functions/09-26_set_returning/jsonb_object_keys.sql,2,1,5,7.659592,38.048214,7.597156,0.062436,168.104980,834.945129,166.710037,1.394943,160.812927,799.113007,159.575020,1.237907,0
2026-07-28T22:02:05Z,9E5E00D37DA86516,18.4,queries/tpch/Functions/09-26_set_returning/regexp_split_to_table.sql,2,1,5,14.528460,72.223436,14.423744,0.104716,318.888672,1584.986420,316.524437,2.364235,305.302979,1517.935974,303.158249,2.144730,0
2026-07-28T22:03:34Z,9E5E00D37DA86516,18.4,queries/tpch/Functions/09-26_set_returning/string_to_table.sql,2,1,5,7.541018,37.243718,7.425675,0.115343,165.419556,817.361389,162.985458,2.434097,158.175110,782.347748,156.043159,2.131950,0
2026-07-28T22:05:43Z,9E5E00D37DA86516,18.4,queries/tpch/Functions/09-26_set_returning/unnest.sql,2,1,5,10.842528,53.335951,10.623356,0.219172,146.902222,700.472595,138.392593,8.509628,136.868347,652.165649,128.824326,8.044022,0
2026-07-28T22:06:02Z,9E5E00D37DA86516,18.4,queries/tpch/Functions/09-27_system_info/current_database.sql,2,1,5,1.714721,7.990398,1.568919,0.145802,21.098877,100.642303,19.885857,1.213020,19.480286,93.254547,18.443565,1.036720,0
2026-07-28T22:06:27Z,9E5E00D37DA86516,18.4,queries/tpch/Functions/09-27_system_info/current_setting.sql,2,1,5,2.220486,10.257632,2.009286,0.211200,27.172180,126.303436,24.782814,2.389366,25.001221,116.788818,22.946899,2.054321,0
2026-07-28T22:06:47Z,9E5E00D37DA86516,18.4,queries/tpch/Functions/09-27_system_info/current_user.sql,2,1,5,1.775540,8.282518,1.626745,0.148796,21.518555,102.734283,20.303932,1.214622,19.801758,95.086975,18.821304,0.980453,0
2026-07-28T22:06:58Z,9E5E00D37DA86516,18.4,queries/tpch/Functions/09-27_system_info/pg_backend_pid.sql,2,1,5,1.068654,4.514050,0.861349,0.207305,12.493713,55.931396,10.859421,1.634293,11.407837,51.795197,10.096840,1.310997,0
2026-07-28T22:07:21Z,9E5E00D37DA86516,18.4,queries/tpch/Functions/09-27_system_info/pg_column_size.sql,2,1,5,1.885239,9.175205,1.822491,0.062747,27.657532,137.184662,27.381783,0.275749,25.812134,128.498322,25.671547,0.140587,0
2026-07-28T22:07:32Z,9E5E00D37DA86516,18.4,queries/tpch/Functions/09-27_system_info/pg_column_size_int.sql,2,1,5,1.075245,4.763344,0.922025,0.153220,12.814636,59.182678,11.592010,1.222626,11.783691,54.743774,10.740021,1.043671,0
2026-07-28T22:07:46Z,9E5E00D37DA86516,18.4,queries/tpch/Functions/09-27_system_info/pg_typeof.sql,2,1,5,1.249385,5.723352,1.118492,0.130893,18.814209,93.413879,18.649918,0.164291,17.565979,87.718018,17.538010,0.027969,0
2026-07-28T22:08:01Z,9E5E00D37DA86516,18.4,queries/tpch/Functions/09-27_system_info/version.sql,2,1,5,1.365557,5.888448,1.130723,0.234835,15.966309,72.065765,14.024864,1.941444,14.543579,66.499298,12.988930,1.554649,0
