===== [1/159] queries/tpch/tpch-queries/q02/v2_decorrelate.sql run_id=5ACD486470B49231 =====
query_runner configuration:
  QUERY_DIR         = queries/tpch/tpch-queries/q02/v2_decorrelate.sql
  LOGS_DIR          = logs/warm_stepup/20260919T002827Z-f3d31e  (query_timing_/query_samples_/query_catalog_tpch_idx.csv)
  DB_NAME / DB_USER = tpch_idx / postgres
  PGPORT            = 5434  (server reports 18.4)
  RUN_ID            = 5ACD486470B49231
  WARMUP            = 2 single-copy warm-ups (the first primes the cache)
  BATCH_SIZES       = 1 2 4 8 16  x RUNS=1 measured batches each
  WORKERS           = (planner default)
  STATEMENT_TIMEOUT = 900
  THERMAL_EQUALISE  = gate (T_LO=55 T_HI=60 preheat<=60s cooldown<=120s)
  sensors           = pkg:/sys/class/hwmon/hwmon8/temp1_input cores:4 cpufreq:8 throttle:8/8
  SIGLESS_ADDR      = (disabled)
Found 1 query under queries/tpch/tpch-queries/q02/v2_decorrelate.sql

Catalog snapshot: 37 relations -> logs/warm_stepup/20260919T002827Z-f3d31e/query_catalog_tpch_idx.csv
[1/1] queries/tpch/tpch-queries/q02/v2_decorrelate.sql (2 warmup + step-up 1 2 4 8 16 x1)
  thermal gate: pre-heated 5s -> 61.0 C
  warmup 1/2: 2.304952 sec (cache prime)
  warmup 2/2: 0.243489 sec
  N=1   batch 1/1: 0.246660 sec, 1 copy (server sum 196.957 ms)
  N=2   batch 1/1: 0.475733 sec, 2 copies (server sum 370.791 ms)
  N=4   batch 1/1: 0.789147 sec, 4 copies (server sum 729.147 ms)
  N=8   batch 1/1: 1.571385 sec, 8 copies (server sum 1462.523 ms)
  N=16  batch 1/1: 3.014489 sec, 16 copies (server sum 2895.569 ms)
  done: 5 sizes x 1 run (0 failures)

Done. Batch rows appended to logs/warm_stepup/20260919T002827Z-f3d31e/query_timing_tpch_idx.csv
Per-copy samples appended to logs/warm_stepup/20260919T002827Z-f3d31e/query_samples_tpch_idx.csv
Relation sizes appended to logs/warm_stepup/20260919T002827Z-f3d31e/query_catalog_tpch_idx.csv
Last batch ended at epoch 1789777726.055 (PREV_END_EPOCH for the next invocation)
===== [2/159] queries/tpch/tpch-queries/q07/v2_union_all.sql run_id=7A14C6C25D10A532 =====
query_runner configuration:
  QUERY_DIR         = queries/tpch/tpch-queries/q07/v2_union_all.sql
  LOGS_DIR          = logs/warm_stepup/20260919T002827Z-f3d31e  (query_timing_/query_samples_/query_catalog_tpch_idx.csv)
  DB_NAME / DB_USER = tpch_idx / postgres
  PGPORT            = 5434  (server reports 18.4)
  RUN_ID            = 7A14C6C25D10A532
  WARMUP            = 2 single-copy warm-ups (the first primes the cache)
  BATCH_SIZES       = 1 2 4 8 16  x RUNS=1 measured batches each
  WORKERS           = (planner default)
  STATEMENT_TIMEOUT = 900
  THERMAL_EQUALISE  = gate (T_LO=55 T_HI=60 preheat<=60s cooldown<=120s)
  sensors           = pkg:/sys/class/hwmon/hwmon8/temp1_input cores:4 cpufreq:8 throttle:8/8
  SIGLESS_ADDR      = (disabled)
Found 1 query under queries/tpch/tpch-queries/q07/v2_union_all.sql

[1/1] queries/tpch/tpch-queries/q07/v2_union_all.sql (2 warmup + step-up 1 2 4 8 16 x1)
  thermal gate: pre-heated 5s -> 66.0 C
  warmup 1/2: 7.561808 sec (cache prime)
  warmup 2/2: 0.631979 sec
  N=1   batch 1/1: 0.636242 sec, 1 copy (server sum 585.778 ms)
  N=2   batch 1/1: 1.166315 sec, 2 copies (server sum 1111.767 ms)
  N=4   batch 1/1: 2.241044 sec, 4 copies (server sum 2170.302 ms)
  N=8   batch 1/1: 4.363069 sec, 8 copies (server sum 4290.880 ms)
  N=16  batch 1/1: 8.559168 sec, 16 copies (server sum 8460.384 ms)
  done: 5 sizes x 1 run (0 failures)

Done. Batch rows appended to logs/warm_stepup/20260919T002827Z-f3d31e/query_timing_tpch_idx.csv
Per-copy samples appended to logs/warm_stepup/20260919T002827Z-f3d31e/query_samples_tpch_idx.csv
Last batch ended at epoch 1789777760.172 (PREV_END_EPOCH for the next invocation)
===== [3/159] queries/tpch/tpch-queries/q16/v1_materialized.sql run_id=19910F4FA8DDDE74 =====
query_runner configuration:
  QUERY_DIR         = queries/tpch/tpch-queries/q16/v1_materialized.sql
  LOGS_DIR          = logs/warm_stepup/20260919T002827Z-f3d31e  (query_timing_/query_samples_/query_catalog_tpch_idx.csv)
  DB_NAME / DB_USER = tpch_idx / postgres
  PGPORT            = 5434  (server reports 18.4)
  RUN_ID            = 19910F4FA8DDDE74
  WARMUP            = 2 single-copy warm-ups (the first primes the cache)
  BATCH_SIZES       = 1 2 4 8 16  x RUNS=1 measured batches each
  WORKERS           = (planner default)
  STATEMENT_TIMEOUT = 900
  THERMAL_EQUALISE  = gate (T_LO=55 T_HI=60 preheat<=60s cooldown<=120s)
  sensors           = pkg:/sys/class/hwmon/hwmon8/temp1_input cores:4 cpufreq:8 throttle:8/8
  SIGLESS_ADDR      = (disabled)
Found 1 query under queries/tpch/tpch-queries/q16/v1_materialized.sql

[1/1] queries/tpch/tpch-queries/q16/v1_materialized.sql (2 warmup + step-up 1 2 4 8 16 x1)
  thermal gate: waited 2s -> 59.0 C
  warmup 1/2: 0.517914 sec (cache prime)
  warmup 2/2: 0.336402 sec
  N=1   batch 1/1: 0.343961 sec, 1 copy (server sum 296.757 ms)
  N=2   batch 1/1: 0.590802 sec, 2 copies (server sum 542.371 ms)
  N=4   batch 1/1: 1.189487 sec, 4 copies (server sum 1099.995 ms)
  N=8   batch 1/1: 2.214152 sec, 8 copies (server sum 2159.553 ms)
  N=16  batch 1/1: 4.366507 sec, 16 copies (server sum 4302.936 ms)
  done: 5 sizes x 1 run (0 failures)

Done. Batch rows appended to logs/warm_stepup/20260919T002827Z-f3d31e/query_timing_tpch_idx.csv
Per-copy samples appended to logs/warm_stepup/20260919T002827Z-f3d31e/query_samples_tpch_idx.csv
Last batch ended at epoch 1789777775.868 (PREV_END_EPOCH for the next invocation)
===== [4/159] queries/tpch/tpch-queries/q14/v1_materialized.sql run_id=A49F4EC4CBBE9E54 =====
query_runner configuration:
  QUERY_DIR         = queries/tpch/tpch-queries/q14/v1_materialized.sql
  LOGS_DIR          = logs/warm_stepup/20260919T002827Z-f3d31e  (query_timing_/query_samples_/query_catalog_tpch_idx.csv)
  DB_NAME / DB_USER = tpch_idx / postgres
  PGPORT            = 5434  (server reports 18.4)
  RUN_ID            = A49F4EC4CBBE9E54
  WARMUP            = 2 single-copy warm-ups (the first primes the cache)
  BATCH_SIZES       = 1 2 4 8 16  x RUNS=1 measured batches each
  WORKERS           = (planner default)
  STATEMENT_TIMEOUT = 900
  THERMAL_EQUALISE  = gate (T_LO=55 T_HI=60 preheat<=60s cooldown<=120s)
  sensors           = pkg:/sys/class/hwmon/hwmon8/temp1_input cores:4 cpufreq:8 throttle:8/8
  SIGLESS_ADDR      = (disabled)
Found 1 query under queries/tpch/tpch-queries/q14/v1_materialized.sql

[1/1] queries/tpch/tpch-queries/q14/v1_materialized.sql (2 warmup + step-up 1 2 4 8 16 x1)
  thermal gate: waited 2s -> 59.0 C
  warmup 1/2: 1.495563 sec (cache prime)
  warmup 2/2: 0.202486 sec
  N=1   batch 1/1: 0.201244 sec, 1 copy (server sum 154.356 ms)
  N=2   batch 1/1: 0.341523 sec, 2 copies (server sum 291.384 ms)
  N=4   batch 1/1: 0.593001 sec, 4 copies (server sum 542.649 ms)
  N=8   batch 1/1: 1.150656 sec, 8 copies (server sum 1056.731 ms)
  N=16  batch 1/1: 2.143543 sec, 16 copies (server sum 2081.850 ms)
  done: 5 sizes x 1 run (0 failures)

Done. Batch rows appended to logs/warm_stepup/20260919T002827Z-f3d31e/query_timing_tpch_idx.csv
Per-copy samples appended to logs/warm_stepup/20260919T002827Z-f3d31e/query_samples_tpch_idx.csv
Last batch ended at epoch 1789777787.889 (PREV_END_EPOCH for the next invocation)
===== [5/159] queries/tpch/tpch-queries/q15/base.sql run_id=DE065115C0574249 =====
query_runner configuration:
  QUERY_DIR         = queries/tpch/tpch-queries/q15/base.sql
  LOGS_DIR          = logs/warm_stepup/20260919T002827Z-f3d31e  (query_timing_/query_samples_/query_catalog_tpch_idx.csv)
  DB_NAME / DB_USER = tpch_idx / postgres
  PGPORT            = 5434  (server reports 18.4)
  RUN_ID            = DE065115C0574249
  WARMUP            = 2 single-copy warm-ups (the first primes the cache)
  BATCH_SIZES       = 1 2 4 8 16  x RUNS=1 measured batches each
  WORKERS           = (planner default)
  STATEMENT_TIMEOUT = 900
  THERMAL_EQUALISE  = gate (T_LO=55 T_HI=60 preheat<=60s cooldown<=120s)
  sensors           = pkg:/sys/class/hwmon/hwmon8/temp1_input cores:4 cpufreq:8 throttle:8/8
  SIGLESS_ADDR      = (disabled)
Found 1 query under queries/tpch/tpch-queries/q15/base.sql

[1/1] queries/tpch/tpch-queries/q15/base.sql (2 warmup + step-up 1 2 4 8 16 x1)
  thermal gate: waited 2s -> 58.0 C
  warmup 1/2: 2.155556 sec (cache prime)
  warmup 2/2: 0.334983 sec
  N=1   batch 1/1: 0.331778 sec, 1 copy (server sum 284.871 ms)
  N=2   batch 1/1: 0.560600 sec, 2 copies (server sum 512.922 ms)
  N=4   batch 1/1: 1.010805 sec, 4 copies (server sum 955.019 ms)
  N=8   batch 1/1: 1.902635 sec, 8 copies (server sum 1848.216 ms)
  N=16  batch 1/1: 3.695623 sec, 16 copies (server sum 3617.990 ms)
  done: 5 sizes x 1 run (0 failures)

Done. Batch rows appended to logs/warm_stepup/20260919T002827Z-f3d31e/query_timing_tpch_idx.csv
Per-copy samples appended to logs/warm_stepup/20260919T002827Z-f3d31e/query_samples_tpch_idx.csv
Last batch ended at epoch 1789777803.926 (PREV_END_EPOCH for the next invocation)
===== [6/159] queries/tpch/tpch-queries/q03/base.sql run_id=9A37430C34B6C13B =====
query_runner configuration:
  QUERY_DIR         = queries/tpch/tpch-queries/q03/base.sql
  LOGS_DIR          = logs/warm_stepup/20260919T002827Z-f3d31e  (query_timing_/query_samples_/query_catalog_tpch_idx.csv)
  DB_NAME / DB_USER = tpch_idx / postgres
  PGPORT            = 5434  (server reports 18.4)
  RUN_ID            = 9A37430C34B6C13B
  WARMUP            = 2 single-copy warm-ups (the first primes the cache)
  BATCH_SIZES       = 1 2 4 8 16  x RUNS=1 measured batches each
  WORKERS           = (planner default)
  STATEMENT_TIMEOUT = 900
  THERMAL_EQUALISE  = gate (T_LO=55 T_HI=60 preheat<=60s cooldown<=120s)
  sensors           = pkg:/sys/class/hwmon/hwmon8/temp1_input cores:4 cpufreq:8 throttle:8/8
  SIGLESS_ADDR      = (disabled)
Found 1 query under queries/tpch/tpch-queries/q03/base.sql

[1/1] queries/tpch/tpch-queries/q03/base.sql (2 warmup + step-up 1 2 4 8 16 x1)
  warmup 1/2: 1.592969 sec (cache prime)
  warmup 2/2: 0.360606 sec
  N=1   batch 1/1: 0.355459 sec, 1 copy (server sum 300.604 ms)
  N=2   batch 1/1: 0.623702 sec, 2 copies (server sum 572.859 ms)
  N=4   batch 1/1: 1.149659 sec, 4 copies (server sum 1098.481 ms)
  N=8   batch 1/1: 2.205707 sec, 8 copies (server sum 2150.185 ms)
  N=16  batch 1/1: 4.311623 sec, 16 copies (server sum 4246.424 ms)
  done: 5 sizes x 1 run (0 failures)

Done. Batch rows appended to logs/warm_stepup/20260919T002827Z-f3d31e/query_timing_tpch_idx.csv
Per-copy samples appended to logs/warm_stepup/20260919T002827Z-f3d31e/query_samples_tpch_idx.csv
Last batch ended at epoch 1789777818.518 (PREV_END_EPOCH for the next invocation)
===== [7/159] queries/tpch/tpch-queries/q22/v1_materialized.sql run_id=F08BA6F7F11B207A =====
query_runner configuration:
  QUERY_DIR         = queries/tpch/tpch-queries/q22/v1_materialized.sql
  LOGS_DIR          = logs/warm_stepup/20260919T002827Z-f3d31e  (query_timing_/query_samples_/query_catalog_tpch_idx.csv)
  DB_NAME / DB_USER = tpch_idx / postgres
  PGPORT            = 5434  (server reports 18.4)
  RUN_ID            = F08BA6F7F11B207A
  WARMUP            = 2 single-copy warm-ups (the first primes the cache)
  BATCH_SIZES       = 1 2 4 8 16  x RUNS=1 measured batches each
  WORKERS           = (planner default)
  STATEMENT_TIMEOUT = 900
  THERMAL_EQUALISE  = gate (T_LO=55 T_HI=60 preheat<=60s cooldown<=120s)
  sensors           = pkg:/sys/class/hwmon/hwmon8/temp1_input cores:4 cpufreq:8 throttle:8/8
  SIGLESS_ADDR      = (disabled)
Found 1 query under queries/tpch/tpch-queries/q22/v1_materialized.sql

[1/1] queries/tpch/tpch-queries/q22/v1_materialized.sql (2 warmup + step-up 1 2 4 8 16 x1)
  thermal gate: waited 2s -> 59.0 C
  warmup 1/2: 0.329554 sec (cache prime)
  warmup 2/2: 0.122460 sec
  N=1   batch 1/1: 0.118355 sec, 1 copy (server sum 69.409 ms)
  N=2   batch 1/1: 0.177181 sec, 2 copies (server sum 129.432 ms)
  N=4   batch 1/1: 0.319269 sec, 4 copies (server sum 245.102 ms)
  N=8   batch 1/1: 0.542595 sec, 8 copies (server sum 487.615 ms)
  N=16  batch 1/1: 1.039748 sec, 16 copies (server sum 978.733 ms)
  done: 5 sizes x 1 run (0 failures)

Done. Batch rows appended to logs/warm_stepup/20260919T002827Z-f3d31e/query_timing_tpch_idx.csv
Per-copy samples appended to logs/warm_stepup/20260919T002827Z-f3d31e/query_samples_tpch_idx.csv
Last batch ended at epoch 1789777827.420 (PREV_END_EPOCH for the next invocation)
===== [8/159] queries/tpch/tpch-queries/q02/v1_materialized.sql run_id=6D9B050CC46EA46B =====
query_runner configuration:
  QUERY_DIR         = queries/tpch/tpch-queries/q02/v1_materialized.sql
  LOGS_DIR          = logs/warm_stepup/20260919T002827Z-f3d31e  (query_timing_/query_samples_/query_catalog_tpch_idx.csv)
  DB_NAME / DB_USER = tpch_idx / postgres
  PGPORT            = 5434  (server reports 18.4)
  RUN_ID            = 6D9B050CC46EA46B
  WARMUP            = 2 single-copy warm-ups (the first primes the cache)
  BATCH_SIZES       = 1 2 4 8 16  x RUNS=1 measured batches each
  WORKERS           = (planner default)
  STATEMENT_TIMEOUT = 900
  THERMAL_EQUALISE  = gate (T_LO=55 T_HI=60 preheat<=60s cooldown<=120s)
  sensors           = pkg:/sys/class/hwmon/hwmon8/temp1_input cores:4 cpufreq:8 throttle:8/8
  SIGLESS_ADDR      = (disabled)
Found 1 query under queries/tpch/tpch-queries/q02/v1_materialized.sql

[1/1] queries/tpch/tpch-queries/q02/v1_materialized.sql (2 warmup + step-up 1 2 4 8 16 x1)
  thermal gate: waited 2s -> 57.0 C
  warmup 1/2: 2.293238 sec (cache prime)
  warmup 2/2: 0.257433 sec
  N=1   batch 1/1: 0.260283 sec, 1 copy (server sum 211.664 ms)
  N=2   batch 1/1: 0.435257 sec, 2 copies (server sum 383.080 ms)
  N=4   batch 1/1: 0.779418 sec, 4 copies (server sum 725.875 ms)
  N=8   batch 1/1: 1.502534 sec, 8 copies (server sum 1415.116 ms)
  N=16  batch 1/1: 2.842848 sec, 16 copies (server sum 2768.561 ms)
  done: 5 sizes x 1 run (0 failures)

Done. Batch rows appended to logs/warm_stepup/20260919T002827Z-f3d31e/query_timing_tpch_idx.csv
Per-copy samples appended to logs/warm_stepup/20260919T002827Z-f3d31e/query_samples_tpch_idx.csv
Last batch ended at epoch 1789777841.845 (PREV_END_EPOCH for the next invocation)
===== [9/159] queries/tpch/tpch-queries/q01/base.sql run_id=C9D5609EA5D01839 =====
query_runner configuration:
  QUERY_DIR         = queries/tpch/tpch-queries/q01/base.sql
  LOGS_DIR          = logs/warm_stepup/20260919T002827Z-f3d31e  (query_timing_/query_samples_/query_catalog_tpch_idx.csv)
  DB_NAME / DB_USER = tpch_idx / postgres
  PGPORT            = 5434  (server reports 18.4)
  RUN_ID            = C9D5609EA5D01839
  WARMUP            = 2 single-copy warm-ups (the first primes the cache)
  BATCH_SIZES       = 1 2 4 8 16  x RUNS=1 measured batches each
  WORKERS           = (planner default)
  STATEMENT_TIMEOUT = 900
  THERMAL_EQUALISE  = gate (T_LO=55 T_HI=60 preheat<=60s cooldown<=120s)
  sensors           = pkg:/sys/class/hwmon/hwmon8/temp1_input cores:4 cpufreq:8 throttle:8/8
  SIGLESS_ADDR      = (disabled)
Found 1 query under queries/tpch/tpch-queries/q01/base.sql

[1/1] queries/tpch/tpch-queries/q01/base.sql (2 warmup + step-up 1 2 4 8 16 x1)
  warmup 1/2: 2.301283 sec (cache prime)
  warmup 2/2: 1.637509 sec
  N=1   batch 1/1: 1.635924 sec, 1 copy (server sum 1588.952 ms)
  N=2   batch 1/1: 3.196335 sec, 2 copies (server sum 3148.653 ms)
  N=4   batch 1/1: 6.359947 sec, 4 copies (server sum 6272.012 ms)
  N=8   batch 1/1: 12.584238 sec, 8 copies (server sum 12533.031 ms)
  N=16  batch 1/1: 25.617323 sec, 16 copies (server sum 25547.234 ms)
  done: 5 sizes x 1 run (0 failures)

Done. Batch rows appended to logs/warm_stepup/20260919T002827Z-f3d31e/query_timing_tpch_idx.csv
Per-copy samples appended to logs/warm_stepup/20260919T002827Z-f3d31e/query_samples_tpch_idx.csv
Last batch ended at epoch 1789777898.955 (PREV_END_EPOCH for the next invocation)
===== [10/159] queries/tpch/tpch-queries/q04/v1_materialized.sql run_id=00A070678F51B716 =====
query_runner configuration:
  QUERY_DIR         = queries/tpch/tpch-queries/q04/v1_materialized.sql
  LOGS_DIR          = logs/warm_stepup/20260919T002827Z-f3d31e  (query_timing_/query_samples_/query_catalog_tpch_idx.csv)
  DB_NAME / DB_USER = tpch_idx / postgres
  PGPORT            = 5434  (server reports 18.4)
  RUN_ID            = 00A070678F51B716
  WARMUP            = 2 single-copy warm-ups (the first primes the cache)
  BATCH_SIZES       = 1 2 4 8 16  x RUNS=1 measured batches each
  WORKERS           = (planner default)
  STATEMENT_TIMEOUT = 900
  THERMAL_EQUALISE  = gate (T_LO=55 T_HI=60 preheat<=60s cooldown<=120s)
  sensors           = pkg:/sys/class/hwmon/hwmon8/temp1_input cores:4 cpufreq:8 throttle:8/8
  SIGLESS_ADDR      = (disabled)
Found 1 query under queries/tpch/tpch-queries/q04/v1_materialized.sql

[1/1] queries/tpch/tpch-queries/q04/v1_materialized.sql (2 warmup + step-up 1 2 4 8 16 x1)
  thermal gate: waited 14s -> 60.0 C
  warmup 1/2: 1.744504 sec (cache prime)
  warmup 2/2: 0.155466 sec
  N=1   batch 1/1: 0.158565 sec, 1 copy (server sum 109.651 ms)
  N=2   batch 1/1: 0.254946 sec, 2 copies (server sum 201.711 ms)
  N=4   batch 1/1: 0.440709 sec, 4 copies (server sum 391.181 ms)
  N=8   batch 1/1: 0.823056 sec, 8 copies (server sum 769.719 ms)
  N=16  batch 1/1: 1.595595 sec, 16 copies (server sum 1535.112 ms)
  done: 5 sizes x 1 run (0 failures)

Done. Batch rows appended to logs/warm_stepup/20260919T002827Z-f3d31e/query_timing_tpch_idx.csv
Per-copy samples appended to logs/warm_stepup/20260919T002827Z-f3d31e/query_samples_tpch_idx.csv
Last batch ended at epoch 1789777922.353 (PREV_END_EPOCH for the next invocation)
===== [11/159] queries/tpch/tpch-queries/q18/v1_materialized.sql run_id=6E8B073CC6AC4010 =====
query_runner configuration:
  QUERY_DIR         = queries/tpch/tpch-queries/q18/v1_materialized.sql
  LOGS_DIR          = logs/warm_stepup/20260919T002827Z-f3d31e  (query_timing_/query_samples_/query_catalog_tpch_idx.csv)
  DB_NAME / DB_USER = tpch_idx / postgres
  PGPORT            = 5434  (server reports 18.4)
  RUN_ID            = 6E8B073CC6AC4010
  WARMUP            = 2 single-copy warm-ups (the first primes the cache)
  BATCH_SIZES       = 1 2 4 8 16  x RUNS=1 measured batches each
  WORKERS           = (planner default)
  STATEMENT_TIMEOUT = 900
  THERMAL_EQUALISE  = gate (T_LO=55 T_HI=60 preheat<=60s cooldown<=120s)
  sensors           = pkg:/sys/class/hwmon/hwmon8/temp1_input cores:4 cpufreq:8 throttle:8/8
  SIGLESS_ADDR      = (disabled)
Found 1 query under queries/tpch/tpch-queries/q18/v1_materialized.sql

[1/1] queries/tpch/tpch-queries/q18/v1_materialized.sql (2 warmup + step-up 1 2 4 8 16 x1)
  thermal gate: waited 2s -> 59.0 C
  warmup 1/2: 5.786833 sec (cache prime)
  warmup 2/2: 4.759149 sec
  N=1   batch 1/1: 4.796606 sec, 1 copy (server sum 4747.981 ms)
  N=2   batch 1/1: 9.548135 sec, 2 copies (server sum 9462.944 ms)
  N=4   batch 1/1: 18.871702 sec, 4 copies (server sum 18818.568 ms)
  N=8   batch 1/1: 38.502633 sec, 8 copies (server sum 38403.366 ms)
  N=16  batch 1/1: 77.683936 sec, 16 copies (server sum 77612.576 ms)
  done: 5 sizes x 1 run (0 failures)

Done. Batch rows appended to logs/warm_stepup/20260919T002827Z-f3d31e/query_timing_tpch_idx.csv
Per-copy samples appended to logs/warm_stepup/20260919T002827Z-f3d31e/query_samples_tpch_idx.csv
Last batch ended at epoch 1789778088.447 (PREV_END_EPOCH for the next invocation)
===== [12/159] queries/tpch/tpch-queries/q07/v2_union_all.sql run_id=18BF3494B766BBCF =====
query_runner configuration:
  QUERY_DIR         = queries/tpch/tpch-queries/q07/v2_union_all.sql
  LOGS_DIR          = logs/warm_stepup/20260919T002827Z-f3d31e  (query_timing_/query_samples_/query_catalog_tpch_idx.csv)
  DB_NAME / DB_USER = tpch_idx / postgres
  PGPORT            = 5434  (server reports 18.4)
  RUN_ID            = 18BF3494B766BBCF
  WARMUP            = 2 single-copy warm-ups (the first primes the cache)
  BATCH_SIZES       = 1 2 4 8 16  x RUNS=1 measured batches each
  WORKERS           = (planner default)
  STATEMENT_TIMEOUT = 900
  THERMAL_EQUALISE  = gate (T_LO=55 T_HI=60 preheat<=60s cooldown<=120s)
  sensors           = pkg:/sys/class/hwmon/hwmon8/temp1_input cores:4 cpufreq:8 throttle:8/8
  SIGLESS_ADDR      = (disabled)
Found 1 query under queries/tpch/tpch-queries/q07/v2_union_all.sql

[1/1] queries/tpch/tpch-queries/q07/v2_union_all.sql (2 warmup + step-up 1 2 4 8 16 x1)
  thermal gate: waited 14s -> 60.0 C
  warmup 1/2: 7.572133 sec (cache prime)
  warmup 2/2: 0.635159 sec
  N=1   batch 1/1: 0.636415 sec, 1 copy (server sum 585.698 ms)
  N=2   batch 1/1: 1.161233 sec, 2 copies (server sum 1107.785 ms)
  N=4   batch 1/1: 2.276586 sec, 4 copies (server sum 2163.106 ms)
  N=8   batch 1/1: 4.328583 sec, 8 copies (server sum 4256.070 ms)
  N=16  batch 1/1: 8.531845 sec, 16 copies (server sum 8433.788 ms)
  done: 5 sizes x 1 run (0 failures)

Done. Batch rows appended to logs/warm_stepup/20260919T002827Z-f3d31e/query_timing_tpch_idx.csv
Per-copy samples appended to logs/warm_stepup/20260919T002827Z-f3d31e/query_samples_tpch_idx.csv
Last batch ended at epoch 1789778131.953 (PREV_END_EPOCH for the next invocation)
===== [13/159] queries/tpch/tpch-queries/q12/v2_filter.sql run_id=D8D79BA35AE076D9 =====
query_runner configuration:
  QUERY_DIR         = queries/tpch/tpch-queries/q12/v2_filter.sql
  LOGS_DIR          = logs/warm_stepup/20260919T002827Z-f3d31e  (query_timing_/query_samples_/query_catalog_tpch_idx.csv)
  DB_NAME / DB_USER = tpch_idx / postgres
  PGPORT            = 5434  (server reports 18.4)
  RUN_ID            = D8D79BA35AE076D9
  WARMUP            = 2 single-copy warm-ups (the first primes the cache)
  BATCH_SIZES       = 1 2 4 8 16  x RUNS=1 measured batches each
  WORKERS           = (planner default)
  STATEMENT_TIMEOUT = 900
  THERMAL_EQUALISE  = gate (T_LO=55 T_HI=60 preheat<=60s cooldown<=120s)
  sensors           = pkg:/sys/class/hwmon/hwmon8/temp1_input cores:4 cpufreq:8 throttle:8/8
  SIGLESS_ADDR      = (disabled)
Found 1 query under queries/tpch/tpch-queries/q12/v2_filter.sql

[1/1] queries/tpch/tpch-queries/q12/v2_filter.sql (2 warmup + step-up 1 2 4 8 16 x1)
  thermal gate: waited 2s -> 60.0 C
  warmup 1/2: 1.707988 sec (cache prime)
  warmup 2/2: 0.387592 sec
  N=1   batch 1/1: 0.413817 sec, 1 copy (server sum 331.462 ms)
  N=2   batch 1/1: 0.685850 sec, 2 copies (server sum 637.574 ms)
  N=4   batch 1/1: 1.267988 sec, 4 copies (server sum 1217.651 ms)
  N=8   batch 1/1: 2.456709 sec, 8 copies (server sum 2402.531 ms)
  N=16  batch 1/1: 4.864397 sec, 16 copies (server sum 4803.210 ms)
  done: 5 sizes x 1 run (0 failures)

Done. Batch rows appended to logs/warm_stepup/20260919T002827Z-f3d31e/query_timing_tpch_idx.csv
Per-copy samples appended to logs/warm_stepup/20260919T002827Z-f3d31e/query_samples_tpch_idx.csv
Last batch ended at epoch 1789778150.258 (PREV_END_EPOCH for the next invocation)
===== [14/159] queries/tpch/tpch-queries/q10/v1_materialized.sql run_id=29C84AB0F2A33BD9 =====
query_runner configuration:
  QUERY_DIR         = queries/tpch/tpch-queries/q10/v1_materialized.sql
  LOGS_DIR          = logs/warm_stepup/20260919T002827Z-f3d31e  (query_timing_/query_samples_/query_catalog_tpch_idx.csv)
  DB_NAME / DB_USER = tpch_idx / postgres
  PGPORT            = 5434  (server reports 18.4)
  RUN_ID            = 29C84AB0F2A33BD9
  WARMUP            = 2 single-copy warm-ups (the first primes the cache)
  BATCH_SIZES       = 1 2 4 8 16  x RUNS=1 measured batches each
  WORKERS           = (planner default)
  STATEMENT_TIMEOUT = 900
  THERMAL_EQUALISE  = gate (T_LO=55 T_HI=60 preheat<=60s cooldown<=120s)
  sensors           = pkg:/sys/class/hwmon/hwmon8/temp1_input cores:4 cpufreq:8 throttle:8/8
  SIGLESS_ADDR      = (disabled)
Found 1 query under queries/tpch/tpch-queries/q10/v1_materialized.sql

[1/1] queries/tpch/tpch-queries/q10/v1_materialized.sql (2 warmup + step-up 1 2 4 8 16 x1)
  thermal gate: waited 2s -> 60.0 C
  warmup 1/2: 2.515508 sec (cache prime)
  warmup 2/2: 0.408263 sec
  N=1   batch 1/1: 0.405375 sec, 1 copy (server sum 357.136 ms)
  N=2   batch 1/1: 0.730861 sec, 2 copies (server sum 681.293 ms)
  N=4   batch 1/1: 1.371195 sec, 4 copies (server sum 1319.028 ms)
  N=8   batch 1/1: 2.665383 sec, 8 copies (server sum 2591.517 ms)
  N=16  batch 1/1: 5.229784 sec, 16 copies (server sum 5161.981 ms)
  done: 5 sizes x 1 run (0 failures)

Done. Batch rows appended to logs/warm_stepup/20260919T002827Z-f3d31e/query_timing_tpch_idx.csv
Per-copy samples appended to logs/warm_stepup/20260919T002827Z-f3d31e/query_samples_tpch_idx.csv
Last batch ended at epoch 1789778170.188 (PREV_END_EPOCH for the next invocation)
===== [15/159] queries/tpch/tpch-queries/q18/base.sql run_id=C88E330B69B07DD2 =====
query_runner configuration:
  QUERY_DIR         = queries/tpch/tpch-queries/q18/base.sql
  LOGS_DIR          = logs/warm_stepup/20260919T002827Z-f3d31e  (query_timing_/query_samples_/query_catalog_tpch_idx.csv)
  DB_NAME / DB_USER = tpch_idx / postgres
  PGPORT            = 5434  (server reports 18.4)
  RUN_ID            = C88E330B69B07DD2
  WARMUP            = 2 single-copy warm-ups (the first primes the cache)
  BATCH_SIZES       = 1 2 4 8 16  x RUNS=1 measured batches each
  WORKERS           = (planner default)
  STATEMENT_TIMEOUT = 900
  THERMAL_EQUALISE  = gate (T_LO=55 T_HI=60 preheat<=60s cooldown<=120s)
  sensors           = pkg:/sys/class/hwmon/hwmon8/temp1_input cores:4 cpufreq:8 throttle:8/8
  SIGLESS_ADDR      = (disabled)
Found 1 query under queries/tpch/tpch-queries/q18/base.sql

[1/1] queries/tpch/tpch-queries/q18/base.sql (2 warmup + step-up 1 2 4 8 16 x1)
  thermal gate: waited 2s -> 59.0 C
  warmup 1/2: 5.854353 sec (cache prime)
  warmup 2/2: 4.761128 sec
  N=1   batch 1/1: 4.745939 sec, 1 copy (server sum 4696.977 ms)
  N=2   batch 1/1: 9.402767 sec, 2 copies (server sum 9350.859 ms)
  N=4   batch 1/1: 18.817509 sec, 4 copies (server sum 18728.194 ms)
  N=8   batch 1/1: 38.342984 sec, 8 copies (server sum 38247.285 ms)
  N=16  batch 1/1: 77.360565 sec, 16 copies (server sum 77286.234 ms)
  done: 5 sizes x 1 run (0 failures)

Done. Batch rows appended to logs/warm_stepup/20260919T002827Z-f3d31e/query_timing_tpch_idx.csv
Per-copy samples appended to logs/warm_stepup/20260919T002827Z-f3d31e/query_samples_tpch_idx.csv
Last batch ended at epoch 1789778335.768 (PREV_END_EPOCH for the next invocation)
===== [16/159] queries/tpch/tpch-queries/q08/base.sql run_id=E3FAD9A5363B4A22 =====
query_runner configuration:
  QUERY_DIR         = queries/tpch/tpch-queries/q08/base.sql
  LOGS_DIR          = logs/warm_stepup/20260919T002827Z-f3d31e  (query_timing_/query_samples_/query_catalog_tpch_idx.csv)
  DB_NAME / DB_USER = tpch_idx / postgres
  PGPORT            = 5434  (server reports 18.4)
  RUN_ID            = E3FAD9A5363B4A22
  WARMUP            = 2 single-copy warm-ups (the first primes the cache)
  BATCH_SIZES       = 1 2 4 8 16  x RUNS=1 measured batches each
  WORKERS           = (planner default)
  STATEMENT_TIMEOUT = 900
  THERMAL_EQUALISE  = gate (T_LO=55 T_HI=60 preheat<=60s cooldown<=120s)
  sensors           = pkg:/sys/class/hwmon/hwmon8/temp1_input cores:4 cpufreq:8 throttle:8/8
  SIGLESS_ADDR      = (disabled)
Found 1 query under queries/tpch/tpch-queries/q08/base.sql

[1/1] queries/tpch/tpch-queries/q08/base.sql (2 warmup + step-up 1 2 4 8 16 x1)
  thermal gate: waited 14s -> 60.0 C
  warmup 1/2: 6.703813 sec (cache prime)
  warmup 2/2: 0.179935 sec
  N=1   batch 1/1: 0.205799 sec, 1 copy (server sum 128.549 ms)
  N=2   batch 1/1: 0.296267 sec, 2 copies (server sum 242.875 ms)
  N=4   batch 1/1: 0.531982 sec, 4 copies (server sum 473.122 ms)
  N=8   batch 1/1: 0.998229 sec, 8 copies (server sum 928.468 ms)
  N=16  batch 1/1: 1.982461 sec, 16 copies (server sum 1847.800 ms)
  done: 5 sizes x 1 run (0 failures)

Done. Batch rows appended to logs/warm_stepup/20260919T002827Z-f3d31e/query_timing_tpch_idx.csv
Per-copy samples appended to logs/warm_stepup/20260919T002827Z-f3d31e/query_samples_tpch_idx.csv
Last batch ended at epoch 1789778364.938 (PREV_END_EPOCH for the next invocation)
===== [17/159] queries/tpch/tpch-queries/q22/v2_anti_join.sql run_id=7C6E9896A594F659 =====
query_runner configuration:
  QUERY_DIR         = queries/tpch/tpch-queries/q22/v2_anti_join.sql
  LOGS_DIR          = logs/warm_stepup/20260919T002827Z-f3d31e  (query_timing_/query_samples_/query_catalog_tpch_idx.csv)
  DB_NAME / DB_USER = tpch_idx / postgres
  PGPORT            = 5434  (server reports 18.4)
  RUN_ID            = 7C6E9896A594F659
  WARMUP            = 2 single-copy warm-ups (the first primes the cache)
  BATCH_SIZES       = 1 2 4 8 16  x RUNS=1 measured batches each
  WORKERS           = (planner default)
  STATEMENT_TIMEOUT = 900
  THERMAL_EQUALISE  = gate (T_LO=55 T_HI=60 preheat<=60s cooldown<=120s)
  sensors           = pkg:/sys/class/hwmon/hwmon8/temp1_input cores:4 cpufreq:8 throttle:8/8
  SIGLESS_ADDR      = (disabled)
Found 1 query under queries/tpch/tpch-queries/q22/v2_anti_join.sql

[1/1] queries/tpch/tpch-queries/q22/v2_anti_join.sql (2 warmup + step-up 1 2 4 8 16 x1)
  thermal gate: waited 2s -> 59.0 C
  warmup 1/2: 0.492157 sec (cache prime)
  warmup 2/2: 0.169041 sec
  N=1   batch 1/1: 0.182891 sec, 1 copy (server sum 119.697 ms)
  N=2   batch 1/1: 0.309079 sec, 2 copies (server sum 231.433 ms)
  N=4   batch 1/1: 0.493692 sec, 4 copies (server sum 443.270 ms)
  N=8   batch 1/1: 0.971824 sec, 8 copies (server sum 918.737 ms)
  N=16  batch 1/1: 2.000428 sec, 16 copies (server sum 1921.461 ms)
  done: 5 sizes x 1 run (0 failures)

Done. Batch rows appended to logs/warm_stepup/20260919T002827Z-f3d31e/query_timing_tpch_idx.csv
Per-copy samples appended to logs/warm_stepup/20260919T002827Z-f3d31e/query_samples_tpch_idx.csv
Last batch ended at epoch 1789778375.452 (PREV_END_EPOCH for the next invocation)
===== [18/159] queries/tpch/tpch-queries/q14/v2_filter.sql run_id=3733F0DE349F5EFA =====
query_runner configuration:
  QUERY_DIR         = queries/tpch/tpch-queries/q14/v2_filter.sql
  LOGS_DIR          = logs/warm_stepup/20260919T002827Z-f3d31e  (query_timing_/query_samples_/query_catalog_tpch_idx.csv)
  DB_NAME / DB_USER = tpch_idx / postgres
  PGPORT            = 5434  (server reports 18.4)
  RUN_ID            = 3733F0DE349F5EFA
  WARMUP            = 2 single-copy warm-ups (the first primes the cache)
  BATCH_SIZES       = 1 2 4 8 16  x RUNS=1 measured batches each
  WORKERS           = (planner default)
  STATEMENT_TIMEOUT = 900
  THERMAL_EQUALISE  = gate (T_LO=55 T_HI=60 preheat<=60s cooldown<=120s)
  sensors           = pkg:/sys/class/hwmon/hwmon8/temp1_input cores:4 cpufreq:8 throttle:8/8
  SIGLESS_ADDR      = (disabled)
Found 1 query under queries/tpch/tpch-queries/q14/v2_filter.sql

[1/1] queries/tpch/tpch-queries/q14/v2_filter.sql (2 warmup + step-up 1 2 4 8 16 x1)
  thermal gate: waited 2s -> 59.0 C
  warmup 1/2: 1.503646 sec (cache prime)
  warmup 2/2: 0.203853 sec
  N=1   batch 1/1: 0.206016 sec, 1 copy (server sum 158.616 ms)
  N=2   batch 1/1: 0.330750 sec, 2 copies (server sum 282.303 ms)
  N=4   batch 1/1: 0.603788 sec, 4 copies (server sum 552.974 ms)
  N=8   batch 1/1: 1.102603 sec, 8 copies (server sum 1049.440 ms)
  N=16  batch 1/1: 2.152406 sec, 16 copies (server sum 2093.842 ms)
  done: 5 sizes x 1 run (0 failures)

Done. Batch rows appended to logs/warm_stepup/20260919T002827Z-f3d31e/query_timing_tpch_idx.csv
Per-copy samples appended to logs/warm_stepup/20260919T002827Z-f3d31e/query_samples_tpch_idx.csv
Last batch ended at epoch 1789778387.846 (PREV_END_EPOCH for the next invocation)
===== [19/159] queries/tpch/tpch-queries/q17/v2_decorrelate.sql run_id=D2264200CC2948CC =====
query_runner configuration:
  QUERY_DIR         = queries/tpch/tpch-queries/q17/v2_decorrelate.sql
  LOGS_DIR          = logs/warm_stepup/20260919T002827Z-f3d31e  (query_timing_/query_samples_/query_catalog_tpch_idx.csv)
  DB_NAME / DB_USER = tpch_idx / postgres
  PGPORT            = 5434  (server reports 18.4)
  RUN_ID            = D2264200CC2948CC
  WARMUP            = 2 single-copy warm-ups (the first primes the cache)
  BATCH_SIZES       = 1 2 4 8 16  x RUNS=1 measured batches each
  WORKERS           = (planner default)
  STATEMENT_TIMEOUT = 900
  THERMAL_EQUALISE  = gate (T_LO=55 T_HI=60 preheat<=60s cooldown<=120s)
  sensors           = pkg:/sys/class/hwmon/hwmon8/temp1_input cores:4 cpufreq:8 throttle:8/8
  SIGLESS_ADDR      = (disabled)
Found 1 query under queries/tpch/tpch-queries/q17/v2_decorrelate.sql

[1/1] queries/tpch/tpch-queries/q17/v2_decorrelate.sql (2 warmup + step-up 1 2 4 8 16 x1)
  thermal gate: waited 2s -> 58.0 C
  warmup 1/2: 3.923410 sec (cache prime)
  warmup 2/2: 3.377054 sec
  N=1   batch 1/1: 3.403358 sec, 1 copy (server sum 3325.739 ms)
  N=2   batch 1/1: 6.657617 sec, 2 copies (server sum 6568.057 ms)
  N=4   batch 1/1: 13.152421 sec, 4 copies (server sum 13102.012 ms)
  N=8   batch 1/1: 26.273672 sec, 8 copies (server sum 26219.276 ms)
  N=16  batch 1/1: 52.163838 sec, 16 copies (server sum 52102.414 ms)
  done: 5 sizes x 1 run (0 failures)

Done. Batch rows appended to logs/warm_stepup/20260919T002827Z-f3d31e/query_timing_tpch_idx.csv
Per-copy samples appended to logs/warm_stepup/20260919T002827Z-f3d31e/query_samples_tpch_idx.csv
Last batch ended at epoch 1789778502.962 (PREV_END_EPOCH for the next invocation)
===== [20/159] queries/tpch/tpch-queries/q03/v1_materialized.sql run_id=AAE068BCC5AF2257 =====
query_runner configuration:
  QUERY_DIR         = queries/tpch/tpch-queries/q03/v1_materialized.sql
  LOGS_DIR          = logs/warm_stepup/20260919T002827Z-f3d31e  (query_timing_/query_samples_/query_catalog_tpch_idx.csv)
  DB_NAME / DB_USER = tpch_idx / postgres
  PGPORT            = 5434  (server reports 18.4)
  RUN_ID            = AAE068BCC5AF2257
  WARMUP            = 2 single-copy warm-ups (the first primes the cache)
  BATCH_SIZES       = 1 2 4 8 16  x RUNS=1 measured batches each
  WORKERS           = (planner default)
  STATEMENT_TIMEOUT = 900
  THERMAL_EQUALISE  = gate (T_LO=55 T_HI=60 preheat<=60s cooldown<=120s)
  sensors           = pkg:/sys/class/hwmon/hwmon8/temp1_input cores:4 cpufreq:8 throttle:8/8
  SIGLESS_ADDR      = (disabled)
Found 1 query under queries/tpch/tpch-queries/q03/v1_materialized.sql

[1/1] queries/tpch/tpch-queries/q03/v1_materialized.sql (2 warmup + step-up 1 2 4 8 16 x1)
  warmup 1/2: 1.563994 sec (cache prime)
  warmup 2/2: 0.349344 sec
  N=1   batch 1/1: 0.348956 sec, 1 copy (server sum 301.408 ms)
  N=2   batch 1/1: 0.621224 sec, 2 copies (server sum 572.296 ms)
  N=4   batch 1/1: 1.151765 sec, 4 copies (server sum 1100.728 ms)
  N=8   batch 1/1: 2.196956 sec, 8 copies (server sum 2141.752 ms)
  N=16  batch 1/1: 4.357981 sec, 16 copies (server sum 4251.529 ms)
  done: 5 sizes x 1 run (0 failures)

Done. Batch rows appended to logs/warm_stepup/20260919T002827Z-f3d31e/query_timing_tpch_idx.csv
Per-copy samples appended to logs/warm_stepup/20260919T002827Z-f3d31e/query_samples_tpch_idx.csv
Last batch ended at epoch 1789778517.540 (PREV_END_EPOCH for the next invocation)
===== [21/159] queries/tpch/tpch-queries/q06/base.sql run_id=F15D8086E548C29C =====
query_runner configuration:
  QUERY_DIR         = queries/tpch/tpch-queries/q06/base.sql
  LOGS_DIR          = logs/warm_stepup/20260919T002827Z-f3d31e  (query_timing_/query_samples_/query_catalog_tpch_idx.csv)
  DB_NAME / DB_USER = tpch_idx / postgres
  PGPORT            = 5434  (server reports 18.4)
  RUN_ID            = F15D8086E548C29C
  WARMUP            = 2 single-copy warm-ups (the first primes the cache)
  BATCH_SIZES       = 1 2 4 8 16  x RUNS=1 measured batches each
  WORKERS           = (planner default)
  STATEMENT_TIMEOUT = 900
  THERMAL_EQUALISE  = gate (T_LO=55 T_HI=60 preheat<=60s cooldown<=120s)
  sensors           = pkg:/sys/class/hwmon/hwmon8/temp1_input cores:4 cpufreq:8 throttle:8/8
  SIGLESS_ADDR      = (disabled)
Found 1 query under queries/tpch/tpch-queries/q06/base.sql

[1/1] queries/tpch/tpch-queries/q06/base.sql (2 warmup + step-up 1 2 4 8 16 x1)
  thermal gate: waited 2s -> 59.0 C
  warmup 1/2: 0.296259 sec (cache prime)
  warmup 2/2: 0.117886 sec
  N=1   batch 1/1: 0.116487 sec, 1 copy (server sum 69.692 ms)
  N=2   batch 1/1: 0.180102 sec, 2 copies (server sum 133.480 ms)
  N=4   batch 1/1: 0.333828 sec, 4 copies (server sum 258.499 ms)
  N=8   batch 1/1: 0.567249 sec, 8 copies (server sum 513.928 ms)
  N=16  batch 1/1: 1.130975 sec, 16 copies (server sum 1062.165 ms)
  done: 5 sizes x 1 run (0 failures)

Done. Batch rows appended to logs/warm_stepup/20260919T002827Z-f3d31e/query_timing_tpch_idx.csv
Per-copy samples appended to logs/warm_stepup/20260919T002827Z-f3d31e/query_samples_tpch_idx.csv
Last batch ended at epoch 1789778526.420 (PREV_END_EPOCH for the next invocation)
===== [22/159] queries/tpch/tpch-queries/q03/v1_materialized.sql run_id=7F2D79BD3DACA389 =====
query_runner configuration:
  QUERY_DIR         = queries/tpch/tpch-queries/q03/v1_materialized.sql
  LOGS_DIR          = logs/warm_stepup/20260919T002827Z-f3d31e  (query_timing_/query_samples_/query_catalog_tpch_idx.csv)
  DB_NAME / DB_USER = tpch_idx / postgres
  PGPORT            = 5434  (server reports 18.4)
  RUN_ID            = 7F2D79BD3DACA389
  WARMUP            = 2 single-copy warm-ups (the first primes the cache)
  BATCH_SIZES       = 1 2 4 8 16  x RUNS=1 measured batches each
  WORKERS           = (planner default)
  STATEMENT_TIMEOUT = 900
  THERMAL_EQUALISE  = gate (T_LO=55 T_HI=60 preheat<=60s cooldown<=120s)
  sensors           = pkg:/sys/class/hwmon/hwmon8/temp1_input cores:4 cpufreq:8 throttle:8/8
  SIGLESS_ADDR      = (disabled)
Found 1 query under queries/tpch/tpch-queries/q03/v1_materialized.sql

[1/1] queries/tpch/tpch-queries/q03/v1_materialized.sql (2 warmup + step-up 1 2 4 8 16 x1)
  thermal gate: waited 2s -> 59.0 C
  warmup 1/2: 1.577555 sec (cache prime)
  warmup 2/2: 0.350338 sec
  N=1   batch 1/1: 0.352967 sec, 1 copy (server sum 304.899 ms)
  N=2   batch 1/1: 0.619884 sec, 2 copies (server sum 571.243 ms)
  N=4   batch 1/1: 1.149161 sec, 4 copies (server sum 1098.039 ms)
  N=8   batch 1/1: 2.202167 sec, 8 copies (server sum 2145.520 ms)
  N=16  batch 1/1: 4.359449 sec, 16 copies (server sum 4248.459 ms)
  done: 5 sizes x 1 run (0 failures)

Done. Batch rows appended to logs/warm_stepup/20260919T002827Z-f3d31e/query_timing_tpch_idx.csv
Per-copy samples appended to logs/warm_stepup/20260919T002827Z-f3d31e/query_samples_tpch_idx.csv
Last batch ended at epoch 1789778542.628 (PREV_END_EPOCH for the next invocation)
===== [23/159] queries/tpch/tpch-queries/q18/v2_join.sql run_id=44F088AF7C40B0CD =====
query_runner configuration:
  QUERY_DIR         = queries/tpch/tpch-queries/q18/v2_join.sql
  LOGS_DIR          = logs/warm_stepup/20260919T002827Z-f3d31e  (query_timing_/query_samples_/query_catalog_tpch_idx.csv)
  DB_NAME / DB_USER = tpch_idx / postgres
  PGPORT            = 5434  (server reports 18.4)
  RUN_ID            = 44F088AF7C40B0CD
  WARMUP            = 2 single-copy warm-ups (the first primes the cache)
  BATCH_SIZES       = 1 2 4 8 16  x RUNS=1 measured batches each
  WORKERS           = (planner default)
  STATEMENT_TIMEOUT = 900
  THERMAL_EQUALISE  = gate (T_LO=55 T_HI=60 preheat<=60s cooldown<=120s)
  sensors           = pkg:/sys/class/hwmon/hwmon8/temp1_input cores:4 cpufreq:8 throttle:8/8
  SIGLESS_ADDR      = (disabled)
Found 1 query under queries/tpch/tpch-queries/q18/v2_join.sql

[1/1] queries/tpch/tpch-queries/q18/v2_join.sql (2 warmup + step-up 1 2 4 8 16 x1)
  thermal gate: waited 4s -> 60.0 C
  warmup 1/2: 6.034144 sec (cache prime)
  warmup 2/2: 4.795651 sec
  N=1   batch 1/1: 4.779651 sec, 1 copy (server sum 4696.717 ms)
  N=2   batch 1/1: 9.367239 sec, 2 copies (server sum 9296.099 ms)
  N=4   batch 1/1: 18.729062 sec, 4 copies (server sum 18675.709 ms)
  N=8   batch 1/1: 38.331263 sec, 8 copies (server sum 38270.669 ms)
  N=16  batch 1/1: 77.338019 sec, 16 copies (server sum 77247.337 ms)
  done: 5 sizes x 1 run (0 failures)

Done. Batch rows appended to logs/warm_stepup/20260919T002827Z-f3d31e/query_timing_tpch_idx.csv
Per-copy samples appended to logs/warm_stepup/20260919T002827Z-f3d31e/query_samples_tpch_idx.csv
Last batch ended at epoch 1789778710.244 (PREV_END_EPOCH for the next invocation)
===== [24/159] queries/tpch/tpch-queries/q02/base.sql run_id=03A051F46675ECCE =====
query_runner configuration:
  QUERY_DIR         = queries/tpch/tpch-queries/q02/base.sql
  LOGS_DIR          = logs/warm_stepup/20260919T002827Z-f3d31e  (query_timing_/query_samples_/query_catalog_tpch_idx.csv)
  DB_NAME / DB_USER = tpch_idx / postgres
  PGPORT            = 5434  (server reports 18.4)
  RUN_ID            = 03A051F46675ECCE
  WARMUP            = 2 single-copy warm-ups (the first primes the cache)
  BATCH_SIZES       = 1 2 4 8 16  x RUNS=1 measured batches each
  WORKERS           = (planner default)
  STATEMENT_TIMEOUT = 900
  THERMAL_EQUALISE  = gate (T_LO=55 T_HI=60 preheat<=60s cooldown<=120s)
  sensors           = pkg:/sys/class/hwmon/hwmon8/temp1_input cores:4 cpufreq:8 throttle:8/8
  SIGLESS_ADDR      = (disabled)
Found 1 query under queries/tpch/tpch-queries/q02/base.sql

[1/1] queries/tpch/tpch-queries/q02/base.sql (2 warmup + step-up 1 2 4 8 16 x1)
  thermal gate: waited 16s -> 59.0 C
  warmup 1/2: 0.826273 sec (cache prime)
  warmup 2/2: 0.296250 sec
  N=1   batch 1/1: 0.249228 sec, 1 copy (server sum 200.413 ms)
  N=2   batch 1/1: 0.410042 sec, 2 copies (server sum 357.552 ms)
  N=4   batch 1/1: 0.733935 sec, 4 copies (server sum 679.590 ms)
  N=8   batch 1/1: 1.374717 sec, 8 copies (server sum 1313.254 ms)
  N=16  batch 1/1: 2.698447 sec, 16 copies (server sum 2602.919 ms)
  done: 5 sizes x 1 run (0 failures)

Done. Batch rows appended to logs/warm_stepup/20260919T002827Z-f3d31e/query_timing_tpch_idx.csv
Per-copy samples appended to logs/warm_stepup/20260919T002827Z-f3d31e/query_samples_tpch_idx.csv
Last batch ended at epoch 1789778737.384 (PREV_END_EPOCH for the next invocation)
===== [25/159] queries/tpch/tpch-queries/q22/base.sql run_id=E1F21A622238E087 =====
query_runner configuration:
  QUERY_DIR         = queries/tpch/tpch-queries/q22/base.sql
  LOGS_DIR          = logs/warm_stepup/20260919T002827Z-f3d31e  (query_timing_/query_samples_/query_catalog_tpch_idx.csv)
  DB_NAME / DB_USER = tpch_idx / postgres
  PGPORT            = 5434  (server reports 18.4)
  RUN_ID            = E1F21A622238E087
  WARMUP            = 2 single-copy warm-ups (the first primes the cache)
  BATCH_SIZES       = 1 2 4 8 16  x RUNS=1 measured batches each
  WORKERS           = (planner default)
  STATEMENT_TIMEOUT = 900
  THERMAL_EQUALISE  = gate (T_LO=55 T_HI=60 preheat<=60s cooldown<=120s)
  sensors           = pkg:/sys/class/hwmon/hwmon8/temp1_input cores:4 cpufreq:8 throttle:8/8
  SIGLESS_ADDR      = (disabled)
Found 1 query under queries/tpch/tpch-queries/q22/base.sql

[1/1] queries/tpch/tpch-queries/q22/base.sql (2 warmup + step-up 1 2 4 8 16 x1)
  thermal gate: waited 2s -> 58.0 C
  warmup 1/2: 0.379510 sec (cache prime)
  warmup 2/2: 0.118975 sec
  N=1   batch 1/1: 0.116903 sec, 1 copy (server sum 69.907 ms)
  N=2   batch 1/1: 0.179348 sec, 2 copies (server sum 131.183 ms)
  N=4   batch 1/1: 0.332119 sec, 4 copies (server sum 255.613 ms)
  N=8   batch 1/1: 0.546279 sec, 8 copies (server sum 493.055 ms)
  N=16  batch 1/1: 1.055257 sec, 16 copies (server sum 994.634 ms)
  done: 5 sizes x 1 run (0 failures)

Done. Batch rows appended to logs/warm_stepup/20260919T002827Z-f3d31e/query_timing_tpch_idx.csv
Per-copy samples appended to logs/warm_stepup/20260919T002827Z-f3d31e/query_samples_tpch_idx.csv
Last batch ended at epoch 1789778745.801 (PREV_END_EPOCH for the next invocation)
===== [26/159] queries/tpch/tpch-queries/q09/base.sql run_id=B6688F664B7E98C4 =====
query_runner configuration:
  QUERY_DIR         = queries/tpch/tpch-queries/q09/base.sql
  LOGS_DIR          = logs/warm_stepup/20260919T002827Z-f3d31e  (query_timing_/query_samples_/query_catalog_tpch_idx.csv)
  DB_NAME / DB_USER = tpch_idx / postgres
  PGPORT            = 5434  (server reports 18.4)
  RUN_ID            = B6688F664B7E98C4
  WARMUP            = 2 single-copy warm-ups (the first primes the cache)
  BATCH_SIZES       = 1 2 4 8 16  x RUNS=1 measured batches each
  WORKERS           = (planner default)
  STATEMENT_TIMEOUT = 900
  THERMAL_EQUALISE  = gate (T_LO=55 T_HI=60 preheat<=60s cooldown<=120s)
  sensors           = pkg:/sys/class/hwmon/hwmon8/temp1_input cores:4 cpufreq:8 throttle:8/8
  SIGLESS_ADDR      = (disabled)
Found 1 query under queries/tpch/tpch-queries/q09/base.sql

[1/1] queries/tpch/tpch-queries/q09/base.sql (2 warmup + step-up 1 2 4 8 16 x1)
  thermal gate: waited 2s -> 57.0 C
  warmup 1/2: 8.217050 sec (cache prime)
  warmup 2/2: 1.191936 sec
  N=1   batch 1/1: 1.220938 sec, 1 copy (server sum 1132.745 ms)
  N=2   batch 1/1: 2.303148 sec, 2 copies (server sum 2248.828 ms)
  N=4   batch 1/1: 4.524496 sec, 4 copies (server sum 4462.970 ms)
  N=8   batch 1/1: 8.976422 sec, 8 copies (server sum 8901.103 ms)
  N=16  batch 1/1: 17.895539 sec, 16 copies (server sum 17787.591 ms)
  done: 5 sizes x 1 run (0 failures)

Done. Batch rows appended to logs/warm_stepup/20260919T002827Z-f3d31e/query_timing_tpch_idx.csv
Per-copy samples appended to logs/warm_stepup/20260919T002827Z-f3d31e/query_samples_tpch_idx.csv
Last batch ended at epoch 1789778795.903 (PREV_END_EPOCH for the next invocation)
===== [27/159] queries/tpch/tpch-queries/q02/v2_decorrelate.sql run_id=A038B7192B56E928 =====
query_runner configuration:
  QUERY_DIR         = queries/tpch/tpch-queries/q02/v2_decorrelate.sql
  LOGS_DIR          = logs/warm_stepup/20260919T002827Z-f3d31e  (query_timing_/query_samples_/query_catalog_tpch_idx.csv)
  DB_NAME / DB_USER = tpch_idx / postgres
  PGPORT            = 5434  (server reports 18.4)
  RUN_ID            = A038B7192B56E928
  WARMUP            = 2 single-copy warm-ups (the first primes the cache)
  BATCH_SIZES       = 1 2 4 8 16  x RUNS=1 measured batches each
  WORKERS           = (planner default)
  STATEMENT_TIMEOUT = 900
  THERMAL_EQUALISE  = gate (T_LO=55 T_HI=60 preheat<=60s cooldown<=120s)
  sensors           = pkg:/sys/class/hwmon/hwmon8/temp1_input cores:4 cpufreq:8 throttle:8/8
  SIGLESS_ADDR      = (disabled)
Found 1 query under queries/tpch/tpch-queries/q02/v2_decorrelate.sql

[1/1] queries/tpch/tpch-queries/q02/v2_decorrelate.sql (2 warmup + step-up 1 2 4 8 16 x1)
  thermal gate: waited 6s -> 60.0 C
  warmup 1/2: 2.276362 sec (cache prime)
  warmup 2/2: 0.244871 sec
  N=1   batch 1/1: 0.242354 sec, 1 copy (server sum 192.658 ms)
  N=2   batch 1/1: 0.423598 sec, 2 copies (server sum 370.263 ms)
  N=4   batch 1/1: 0.786276 sec, 4 copies (server sum 726.739 ms)
  N=8   batch 1/1: 1.570712 sec, 8 copies (server sum 1447.286 ms)
  N=16  batch 1/1: 3.007430 sec, 16 copies (server sum 2893.542 ms)
  done: 5 sizes x 1 run (0 failures)

Done. Batch rows appended to logs/warm_stepup/20260919T002827Z-f3d31e/query_timing_tpch_idx.csv
Per-copy samples appended to logs/warm_stepup/20260919T002827Z-f3d31e/query_samples_tpch_idx.csv
Last batch ended at epoch 1789778814.849 (PREV_END_EPOCH for the next invocation)
===== [28/159] queries/tpch/tpch-queries/q21/base.sql run_id=071114F5F00CF34F =====
query_runner configuration:
  QUERY_DIR         = queries/tpch/tpch-queries/q21/base.sql
  LOGS_DIR          = logs/warm_stepup/20260919T002827Z-f3d31e  (query_timing_/query_samples_/query_catalog_tpch_idx.csv)
  DB_NAME / DB_USER = tpch_idx / postgres
  PGPORT            = 5434  (server reports 18.4)
  RUN_ID            = 071114F5F00CF34F
  WARMUP            = 2 single-copy warm-ups (the first primes the cache)
  BATCH_SIZES       = 1 2 4 8 16  x RUNS=1 measured batches each
  WORKERS           = (planner default)
  STATEMENT_TIMEOUT = 900
  THERMAL_EQUALISE  = gate (T_LO=55 T_HI=60 preheat<=60s cooldown<=120s)
  sensors           = pkg:/sys/class/hwmon/hwmon8/temp1_input cores:4 cpufreq:8 throttle:8/8
  SIGLESS_ADDR      = (disabled)
Found 1 query under queries/tpch/tpch-queries/q21/base.sql

[1/1] queries/tpch/tpch-queries/q21/base.sql (2 warmup + step-up 1 2 4 8 16 x1)
  thermal gate: waited 2s -> 57.0 C
  warmup 1/2: 11.216431 sec (cache prime)
  warmup 2/2: 0.523079 sec
  N=1   batch 1/1: 0.531027 sec, 1 copy (server sum 481.416 ms)
  N=2   batch 1/1: 0.964684 sec, 2 copies (server sum 911.596 ms)
  N=4   batch 1/1: 1.893084 sec, 4 copies (server sum 1824.964 ms)
  N=8   batch 1/1: 3.652276 sec, 8 copies (server sum 3584.219 ms)
  N=16  batch 1/1: 7.272882 sec, 16 copies (server sum 7135.566 ms)
  done: 5 sizes x 1 run (0 failures)

Done. Batch rows appended to logs/warm_stepup/20260919T002827Z-f3d31e/query_timing_tpch_idx.csv
Per-copy samples appended to logs/warm_stepup/20260919T002827Z-f3d31e/query_samples_tpch_idx.csv
Last batch ended at epoch 1789778846.775 (PREV_END_EPOCH for the next invocation)
===== [29/159] queries/tpch/tpch-queries/q04/base.sql run_id=F3C84F218D2EE8F4 =====
query_runner configuration:
  QUERY_DIR         = queries/tpch/tpch-queries/q04/base.sql
  LOGS_DIR          = logs/warm_stepup/20260919T002827Z-f3d31e  (query_timing_/query_samples_/query_catalog_tpch_idx.csv)
  DB_NAME / DB_USER = tpch_idx / postgres
  PGPORT            = 5434  (server reports 18.4)
  RUN_ID            = F3C84F218D2EE8F4
  WARMUP            = 2 single-copy warm-ups (the first primes the cache)
  BATCH_SIZES       = 1 2 4 8 16  x RUNS=1 measured batches each
  WORKERS           = (planner default)
  STATEMENT_TIMEOUT = 900
  THERMAL_EQUALISE  = gate (T_LO=55 T_HI=60 preheat<=60s cooldown<=120s)
  sensors           = pkg:/sys/class/hwmon/hwmon8/temp1_input cores:4 cpufreq:8 throttle:8/8
  SIGLESS_ADDR      = (disabled)
Found 1 query under queries/tpch/tpch-queries/q04/base.sql

[1/1] queries/tpch/tpch-queries/q04/base.sql (2 warmup + step-up 1 2 4 8 16 x1)
  thermal gate: waited 6s -> 59.0 C
  warmup 1/2: 1.774915 sec (cache prime)
  warmup 2/2: 0.155294 sec
  N=1   batch 1/1: 0.155275 sec, 1 copy (server sum 108.166 ms)
  N=2   batch 1/1: 0.257814 sec, 2 copies (server sum 208.354 ms)
  N=4   batch 1/1: 0.444694 sec, 4 copies (server sum 395.083 ms)
  N=8   batch 1/1: 0.827185 sec, 8 copies (server sum 773.726 ms)
  N=16  batch 1/1: 1.595096 sec, 16 copies (server sum 1532.679 ms)
  done: 5 sizes x 1 run (0 failures)

Done. Batch rows appended to logs/warm_stepup/20260919T002827Z-f3d31e/query_timing_tpch_idx.csv
Per-copy samples appended to logs/warm_stepup/20260919T002827Z-f3d31e/query_samples_tpch_idx.csv
Last batch ended at epoch 1789778862.355 (PREV_END_EPOCH for the next invocation)
===== [30/159] queries/tpch/tpch-queries/q11/base.sql run_id=939555A1AD2026FD =====
query_runner configuration:
  QUERY_DIR         = queries/tpch/tpch-queries/q11/base.sql
  LOGS_DIR          = logs/warm_stepup/20260919T002827Z-f3d31e  (query_timing_/query_samples_/query_catalog_tpch_idx.csv)
  DB_NAME / DB_USER = tpch_idx / postgres
  PGPORT            = 5434  (server reports 18.4)
  RUN_ID            = 939555A1AD2026FD
  WARMUP            = 2 single-copy warm-ups (the first primes the cache)
  BATCH_SIZES       = 1 2 4 8 16  x RUNS=1 measured batches each
  WORKERS           = (planner default)
  STATEMENT_TIMEOUT = 900
  THERMAL_EQUALISE  = gate (T_LO=55 T_HI=60 preheat<=60s cooldown<=120s)
  sensors           = pkg:/sys/class/hwmon/hwmon8/temp1_input cores:4 cpufreq:8 throttle:8/8
  SIGLESS_ADDR      = (disabled)
Found 1 query under queries/tpch/tpch-queries/q11/base.sql

[1/1] queries/tpch/tpch-queries/q11/base.sql (2 warmup + step-up 1 2 4 8 16 x1)
  thermal gate: waited 2s -> 59.0 C
  warmup 1/2: 1.820000 sec (cache prime)
  warmup 2/2: 0.134114 sec
  N=1   batch 1/1: 0.133212 sec, 1 copy (server sum 86.080 ms)
  N=2   batch 1/1: 0.210488 sec, 2 copies (server sum 161.101 ms)
  N=4   batch 1/1: 0.368964 sec, 4 copies (server sum 316.132 ms)
  N=8   batch 1/1: 0.691107 sec, 8 copies (server sum 614.651 ms)
  N=16  batch 1/1: 1.284140 sec, 16 copies (server sum 1209.822 ms)
  done: 5 sizes x 1 run (0 failures)

Done. Batch rows appended to logs/warm_stepup/20260919T002827Z-f3d31e/query_timing_tpch_idx.csv
Per-copy samples appended to logs/warm_stepup/20260919T002827Z-f3d31e/query_samples_tpch_idx.csv
Last batch ended at epoch 1789778873.416 (PREV_END_EPOCH for the next invocation)
===== [31/159] queries/tpch/tpch-queries/q19/v2_union_all.sql run_id=BF6BD30439381A25 =====
query_runner configuration:
  QUERY_DIR         = queries/tpch/tpch-queries/q19/v2_union_all.sql
  LOGS_DIR          = logs/warm_stepup/20260919T002827Z-f3d31e  (query_timing_/query_samples_/query_catalog_tpch_idx.csv)
  DB_NAME / DB_USER = tpch_idx / postgres
  PGPORT            = 5434  (server reports 18.4)
  RUN_ID            = BF6BD30439381A25
  WARMUP            = 2 single-copy warm-ups (the first primes the cache)
  BATCH_SIZES       = 1 2 4 8 16  x RUNS=1 measured batches each
  WORKERS           = (planner default)
  STATEMENT_TIMEOUT = 900
  THERMAL_EQUALISE  = gate (T_LO=55 T_HI=60 preheat<=60s cooldown<=120s)
  sensors           = pkg:/sys/class/hwmon/hwmon8/temp1_input cores:4 cpufreq:8 throttle:8/8
  SIGLESS_ADDR      = (disabled)
Found 1 query under queries/tpch/tpch-queries/q19/v2_union_all.sql

[1/1] queries/tpch/tpch-queries/q19/v2_union_all.sql (2 warmup + step-up 1 2 4 8 16 x1)
  warmup 1/2: 1.047290 sec (cache prime)
  warmup 2/2: 0.093087 sec
  N=1   batch 1/1: 0.092901 sec, 1 copy (server sum 44.217 ms)
  N=2   batch 1/1: 0.133920 sec, 2 copies (server sum 84.220 ms)
  N=4   batch 1/1: 0.216723 sec, 4 copies (server sum 164.139 ms)
  N=8   batch 1/1: 0.424821 sec, 8 copies (server sum 317.961 ms)
  N=16  batch 1/1: 0.710781 sec, 16 copies (server sum 640.425 ms)
  done: 5 sizes x 1 run (0 failures)

Done. Batch rows appended to logs/warm_stepup/20260919T002827Z-f3d31e/query_timing_tpch_idx.csv
Per-copy samples appended to logs/warm_stepup/20260919T002827Z-f3d31e/query_samples_tpch_idx.csv
Last batch ended at epoch 1789778880.281 (PREV_END_EPOCH for the next invocation)
===== [32/159] queries/tpch/tpch-queries/q14/base.sql run_id=45F74527A8593FA7 =====
query_runner configuration:
  QUERY_DIR         = queries/tpch/tpch-queries/q14/base.sql
  LOGS_DIR          = logs/warm_stepup/20260919T002827Z-f3d31e  (query_timing_/query_samples_/query_catalog_tpch_idx.csv)
  DB_NAME / DB_USER = tpch_idx / postgres
  PGPORT            = 5434  (server reports 18.4)
  RUN_ID            = 45F74527A8593FA7
  WARMUP            = 2 single-copy warm-ups (the first primes the cache)
  BATCH_SIZES       = 1 2 4 8 16  x RUNS=1 measured batches each
  WORKERS           = (planner default)
  STATEMENT_TIMEOUT = 900
  THERMAL_EQUALISE  = gate (T_LO=55 T_HI=60 preheat<=60s cooldown<=120s)
  sensors           = pkg:/sys/class/hwmon/hwmon8/temp1_input cores:4 cpufreq:8 throttle:8/8
  SIGLESS_ADDR      = (disabled)
Found 1 query under queries/tpch/tpch-queries/q14/base.sql

[1/1] queries/tpch/tpch-queries/q14/base.sql (2 warmup + step-up 1 2 4 8 16 x1)
  thermal gate: waited 2s -> 56.0 C
  warmup 1/2: 1.477957 sec (cache prime)
  warmup 2/2: 0.203689 sec
  N=1   batch 1/1: 0.203219 sec, 1 copy (server sum 155.977 ms)
  N=2   batch 1/1: 0.332272 sec, 2 copies (server sum 282.880 ms)
  N=4   batch 1/1: 0.595281 sec, 4 copies (server sum 545.403 ms)
  N=8   batch 1/1: 1.151050 sec, 8 copies (server sum 1054.589 ms)
  N=16  batch 1/1: 2.140353 sec, 16 copies (server sum 2077.962 ms)
  done: 5 sizes x 1 run (0 failures)

Done. Batch rows appended to logs/warm_stepup/20260919T002827Z-f3d31e/query_timing_tpch_idx.csv
Per-copy samples appended to logs/warm_stepup/20260919T002827Z-f3d31e/query_samples_tpch_idx.csv
Last batch ended at epoch 1789778892.420 (PREV_END_EPOCH for the next invocation)
===== [33/159] queries/tpch/tpch-queries/q16/base.sql run_id=DED446F91E3FCA63 =====
query_runner configuration:
  QUERY_DIR         = queries/tpch/tpch-queries/q16/base.sql
  LOGS_DIR          = logs/warm_stepup/20260919T002827Z-f3d31e  (query_timing_/query_samples_/query_catalog_tpch_idx.csv)
  DB_NAME / DB_USER = tpch_idx / postgres
  PGPORT            = 5434  (server reports 18.4)
  RUN_ID            = DED446F91E3FCA63
  WARMUP            = 2 single-copy warm-ups (the first primes the cache)
  BATCH_SIZES       = 1 2 4 8 16  x RUNS=1 measured batches each
  WORKERS           = (planner default)
  STATEMENT_TIMEOUT = 900
  THERMAL_EQUALISE  = gate (T_LO=55 T_HI=60 preheat<=60s cooldown<=120s)
  sensors           = pkg:/sys/class/hwmon/hwmon8/temp1_input cores:4 cpufreq:8 throttle:8/8
  SIGLESS_ADDR      = (disabled)
Found 1 query under queries/tpch/tpch-queries/q16/base.sql

[1/1] queries/tpch/tpch-queries/q16/base.sql (2 warmup + step-up 1 2 4 8 16 x1)
  warmup 1/2: 0.593470 sec (cache prime)
  warmup 2/2: 0.313657 sec
  N=1   batch 1/1: 0.313382 sec, 1 copy (server sum 265.860 ms)
  N=2   batch 1/1: 0.570197 sec, 2 copies (server sum 521.619 ms)
  N=4   batch 1/1: 1.118169 sec, 4 copies (server sum 1051.471 ms)
  N=8   batch 1/1: 2.131147 sec, 8 copies (server sum 2077.356 ms)
  N=16  batch 1/1: 4.199833 sec, 16 copies (server sum 4138.328 ms)
  done: 5 sizes x 1 run (0 failures)

Done. Batch rows appended to logs/warm_stepup/20260919T002827Z-f3d31e/query_timing_tpch_idx.csv
Per-copy samples appended to logs/warm_stepup/20260919T002827Z-f3d31e/query_samples_tpch_idx.csv
Last batch ended at epoch 1789778905.364 (PREV_END_EPOCH for the next invocation)
===== [34/159] queries/tpch/tpch-queries/q07/v1_materialized.sql run_id=3165563220C0A45B =====
query_runner configuration:
  QUERY_DIR         = queries/tpch/tpch-queries/q07/v1_materialized.sql
  LOGS_DIR          = logs/warm_stepup/20260919T002827Z-f3d31e  (query_timing_/query_samples_/query_catalog_tpch_idx.csv)
  DB_NAME / DB_USER = tpch_idx / postgres
  PGPORT            = 5434  (server reports 18.4)
  RUN_ID            = 3165563220C0A45B
  WARMUP            = 2 single-copy warm-ups (the first primes the cache)
  BATCH_SIZES       = 1 2 4 8 16  x RUNS=1 measured batches each
  WORKERS           = (planner default)
  STATEMENT_TIMEOUT = 900
  THERMAL_EQUALISE  = gate (T_LO=55 T_HI=60 preheat<=60s cooldown<=120s)
  sensors           = pkg:/sys/class/hwmon/hwmon8/temp1_input cores:4 cpufreq:8 throttle:8/8
  SIGLESS_ADDR      = (disabled)
Found 1 query under queries/tpch/tpch-queries/q07/v1_materialized.sql

[1/1] queries/tpch/tpch-queries/q07/v1_materialized.sql (2 warmup + step-up 1 2 4 8 16 x1)
  thermal gate: waited 2s -> 59.0 C
  warmup 1/2: 12.674292 sec (cache prime)
  warmup 2/2: 0.676785 sec
  N=1   batch 1/1: 0.668288 sec, 1 copy (server sum 618.274 ms)
  N=2   batch 1/1: 1.298547 sec, 2 copies (server sum 1197.597 ms)
  N=4   batch 1/1: 2.441575 sec, 4 copies (server sum 2382.585 ms)
  N=8   batch 1/1: 4.824791 sec, 8 copies (server sum 4752.912 ms)
  N=16  batch 1/1: 9.504546 sec, 16 copies (server sum 9408.821 ms)
  done: 5 sizes x 1 run (0 failures)

Done. Batch rows appended to logs/warm_stepup/20260919T002827Z-f3d31e/query_timing_tpch_idx.csv
Per-copy samples appended to logs/warm_stepup/20260919T002827Z-f3d31e/query_samples_tpch_idx.csv
Last batch ended at epoch 1789778943.782 (PREV_END_EPOCH for the next invocation)
===== [35/159] queries/tpch/tpch-queries/q07/v1_materialized.sql run_id=C3903E49B1C27966 =====
query_runner configuration:
  QUERY_DIR         = queries/tpch/tpch-queries/q07/v1_materialized.sql
  LOGS_DIR          = logs/warm_stepup/20260919T002827Z-f3d31e  (query_timing_/query_samples_/query_catalog_tpch_idx.csv)
  DB_NAME / DB_USER = tpch_idx / postgres
  PGPORT            = 5434  (server reports 18.4)
  RUN_ID            = C3903E49B1C27966
  WARMUP            = 2 single-copy warm-ups (the first primes the cache)
  BATCH_SIZES       = 1 2 4 8 16  x RUNS=1 measured batches each
  WORKERS           = (planner default)
  STATEMENT_TIMEOUT = 900
  THERMAL_EQUALISE  = gate (T_LO=55 T_HI=60 preheat<=60s cooldown<=120s)
  sensors           = pkg:/sys/class/hwmon/hwmon8/temp1_input cores:4 cpufreq:8 throttle:8/8
  SIGLESS_ADDR      = (disabled)
Found 1 query under queries/tpch/tpch-queries/q07/v1_materialized.sql

[1/1] queries/tpch/tpch-queries/q07/v1_materialized.sql (2 warmup + step-up 1 2 4 8 16 x1)
  thermal gate: waited 4s -> 60.0 C
  warmup 1/2: 12.523831 sec (cache prime)
  warmup 2/2: 0.670513 sec
  N=1   batch 1/1: 0.671854 sec, 1 copy (server sum 621.878 ms)
  N=2   batch 1/1: 1.271677 sec, 2 copies (server sum 1218.508 ms)
  N=4   batch 1/1: 2.443546 sec, 4 copies (server sum 2383.222 ms)
  N=8   batch 1/1: 4.798116 sec, 8 copies (server sum 4726.798 ms)
  N=16  batch 1/1: 9.553481 sec, 16 copies (server sum 9418.823 ms)
  done: 5 sizes x 1 run (0 failures)

Done. Batch rows appended to logs/warm_stepup/20260919T002827Z-f3d31e/query_timing_tpch_idx.csv
Per-copy samples appended to logs/warm_stepup/20260919T002827Z-f3d31e/query_samples_tpch_idx.csv
Last batch ended at epoch 1789778984.173 (PREV_END_EPOCH for the next invocation)
===== [36/159] queries/tpch/tpch-queries/q16/base.sql run_id=4F5A57F85C8DD961 =====
query_runner configuration:
  QUERY_DIR         = queries/tpch/tpch-queries/q16/base.sql
  LOGS_DIR          = logs/warm_stepup/20260919T002827Z-f3d31e  (query_timing_/query_samples_/query_catalog_tpch_idx.csv)
  DB_NAME / DB_USER = tpch_idx / postgres
  PGPORT            = 5434  (server reports 18.4)
  RUN_ID            = 4F5A57F85C8DD961
  WARMUP            = 2 single-copy warm-ups (the first primes the cache)
  BATCH_SIZES       = 1 2 4 8 16  x RUNS=1 measured batches each
  WORKERS           = (planner default)
  STATEMENT_TIMEOUT = 900
  THERMAL_EQUALISE  = gate (T_LO=55 T_HI=60 preheat<=60s cooldown<=120s)
  sensors           = pkg:/sys/class/hwmon/hwmon8/temp1_input cores:4 cpufreq:8 throttle:8/8
  SIGLESS_ADDR      = (disabled)
Found 1 query under queries/tpch/tpch-queries/q16/base.sql

[1/1] queries/tpch/tpch-queries/q16/base.sql (2 warmup + step-up 1 2 4 8 16 x1)
  thermal gate: waited 6s -> 59.0 C
  warmup 1/2: 0.530564 sec (cache prime)
  warmup 2/2: 0.306168 sec
  N=1   batch 1/1: 0.312398 sec, 1 copy (server sum 265.100 ms)
  N=2   batch 1/1: 0.575491 sec, 2 copies (server sum 527.306 ms)
  N=4   batch 1/1: 1.116139 sec, 4 copies (server sum 1043.701 ms)
  N=8   batch 1/1: 2.185368 sec, 8 copies (server sum 2131.489 ms)
  N=16  batch 1/1: 4.233668 sec, 16 copies (server sum 4170.030 ms)
  done: 5 sizes x 1 run (0 failures)

Done. Batch rows appended to logs/warm_stepup/20260919T002827Z-f3d31e/query_timing_tpch_idx.csv
Per-copy samples appended to logs/warm_stepup/20260919T002827Z-f3d31e/query_samples_tpch_idx.csv
Last batch ended at epoch 1789779003.659 (PREV_END_EPOCH for the next invocation)
===== [37/159] queries/tpch/tpch-queries/q19/v1_materialized.sql run_id=F3C19EB42A180828 =====
query_runner configuration:
  QUERY_DIR         = queries/tpch/tpch-queries/q19/v1_materialized.sql
  LOGS_DIR          = logs/warm_stepup/20260919T002827Z-f3d31e  (query_timing_/query_samples_/query_catalog_tpch_idx.csv)
  DB_NAME / DB_USER = tpch_idx / postgres
  PGPORT            = 5434  (server reports 18.4)
  RUN_ID            = F3C19EB42A180828
  WARMUP            = 2 single-copy warm-ups (the first primes the cache)
  BATCH_SIZES       = 1 2 4 8 16  x RUNS=1 measured batches each
  WORKERS           = (planner default)
  STATEMENT_TIMEOUT = 900
  THERMAL_EQUALISE  = gate (T_LO=55 T_HI=60 preheat<=60s cooldown<=120s)
  sensors           = pkg:/sys/class/hwmon/hwmon8/temp1_input cores:4 cpufreq:8 throttle:8/8
  SIGLESS_ADDR      = (disabled)
Found 1 query under queries/tpch/tpch-queries/q19/v1_materialized.sql

[1/1] queries/tpch/tpch-queries/q19/v1_materialized.sql (2 warmup + step-up 1 2 4 8 16 x1)
  thermal gate: waited 2s -> 60.0 C
  warmup 1/2: 1.559867 sec (cache prime)
  warmup 2/2: 0.079314 sec
  N=1   batch 1/1: 0.078787 sec, 1 copy (server sum 31.159 ms)
  N=2   batch 1/1: 0.110030 sec, 2 copies (server sum 61.085 ms)
  N=4   batch 1/1: 0.165747 sec, 4 copies (server sum 115.026 ms)
  N=8   batch 1/1: 0.293302 sec, 8 copies (server sum 225.145 ms)
  N=16  batch 1/1: 0.512652 sec, 16 copies (server sum 447.514 ms)
  done: 5 sizes x 1 run (0 failures)

Done. Batch rows appended to logs/warm_stepup/20260919T002827Z-f3d31e/query_timing_tpch_idx.csv
Per-copy samples appended to logs/warm_stepup/20260919T002827Z-f3d31e/query_samples_tpch_idx.csv
Last batch ended at epoch 1789779012.316 (PREV_END_EPOCH for the next invocation)
===== [38/159] queries/tpch/tpch-queries/q12/base.sql run_id=B4090B4595B8E98F =====
query_runner configuration:
  QUERY_DIR         = queries/tpch/tpch-queries/q12/base.sql
  LOGS_DIR          = logs/warm_stepup/20260919T002827Z-f3d31e  (query_timing_/query_samples_/query_catalog_tpch_idx.csv)
  DB_NAME / DB_USER = tpch_idx / postgres
  PGPORT            = 5434  (server reports 18.4)
  RUN_ID            = B4090B4595B8E98F
  WARMUP            = 2 single-copy warm-ups (the first primes the cache)
  BATCH_SIZES       = 1 2 4 8 16  x RUNS=1 measured batches each
  WORKERS           = (planner default)
  STATEMENT_TIMEOUT = 900
  THERMAL_EQUALISE  = gate (T_LO=55 T_HI=60 preheat<=60s cooldown<=120s)
  sensors           = pkg:/sys/class/hwmon/hwmon8/temp1_input cores:4 cpufreq:8 throttle:8/8
  SIGLESS_ADDR      = (disabled)
Found 1 query under queries/tpch/tpch-queries/q12/base.sql

[1/1] queries/tpch/tpch-queries/q12/base.sql (2 warmup + step-up 1 2 4 8 16 x1)
  thermal gate: waited 2s -> 58.0 C
  warmup 1/2: 1.709497 sec (cache prime)
  warmup 2/2: 0.382218 sec
  N=1   batch 1/1: 0.408867 sec, 1 copy (server sum 333.036 ms)
  N=2   batch 1/1: 0.686339 sec, 2 copies (server sum 638.113 ms)
  N=4   batch 1/1: 1.272185 sec, 4 copies (server sum 1221.961 ms)
  N=8   batch 1/1: 2.471991 sec, 8 copies (server sum 2412.977 ms)
  N=16  batch 1/1: 4.893087 sec, 16 copies (server sum 4781.006 ms)
  done: 5 sizes x 1 run (0 failures)

Done. Batch rows appended to logs/warm_stepup/20260919T002827Z-f3d31e/query_timing_tpch_idx.csv
Per-copy samples appended to logs/warm_stepup/20260919T002827Z-f3d31e/query_samples_tpch_idx.csv
Last batch ended at epoch 1789779030.219 (PREV_END_EPOCH for the next invocation)
===== [39/159] queries/tpch/tpch-queries/q13/base.sql run_id=F0F20949F12E40C4 =====
query_runner configuration:
  QUERY_DIR         = queries/tpch/tpch-queries/q13/base.sql
  LOGS_DIR          = logs/warm_stepup/20260919T002827Z-f3d31e  (query_timing_/query_samples_/query_catalog_tpch_idx.csv)
  DB_NAME / DB_USER = tpch_idx / postgres
  PGPORT            = 5434  (server reports 18.4)
  RUN_ID            = F0F20949F12E40C4
  WARMUP            = 2 single-copy warm-ups (the first primes the cache)
  BATCH_SIZES       = 1 2 4 8 16  x RUNS=1 measured batches each
  WORKERS           = (planner default)
  STATEMENT_TIMEOUT = 900
  THERMAL_EQUALISE  = gate (T_LO=55 T_HI=60 preheat<=60s cooldown<=120s)
  sensors           = pkg:/sys/class/hwmon/hwmon8/temp1_input cores:4 cpufreq:8 throttle:8/8
  SIGLESS_ADDR      = (disabled)
Found 1 query under queries/tpch/tpch-queries/q13/base.sql

[1/1] queries/tpch/tpch-queries/q13/base.sql (2 warmup + step-up 1 2 4 8 16 x1)
  thermal gate: waited 2s -> 60.0 C
  warmup 1/2: 1.586042 sec (cache prime)
  warmup 2/2: 1.427080 sec
  N=1   batch 1/1: 1.413698 sec, 1 copy (server sum 1366.342 ms)
  N=2   batch 1/1: 2.762063 sec, 2 copies (server sum 2713.206 ms)
  N=4   batch 1/1: 5.448994 sec, 4 copies (server sum 5395.830 ms)
  N=8   batch 1/1: 10.838043 sec, 8 copies (server sum 10731.865 ms)
  N=16  batch 1/1: 21.433207 sec, 16 copies (server sum 21362.673 ms)
  done: 5 sizes x 1 run (0 failures)

Done. Batch rows appended to logs/warm_stepup/20260919T002827Z-f3d31e/query_timing_tpch_idx.csv
Per-copy samples appended to logs/warm_stepup/20260919T002827Z-f3d31e/query_samples_tpch_idx.csv
Last batch ended at epoch 1789779081.648 (PREV_END_EPOCH for the next invocation)
===== [40/159] queries/tpch/tpch-queries/q09/v1_materialized.sql run_id=17D3D4EA05DC7437 =====
query_runner configuration:
  QUERY_DIR         = queries/tpch/tpch-queries/q09/v1_materialized.sql
  LOGS_DIR          = logs/warm_stepup/20260919T002827Z-f3d31e  (query_timing_/query_samples_/query_catalog_tpch_idx.csv)
  DB_NAME / DB_USER = tpch_idx / postgres
  PGPORT            = 5434  (server reports 18.4)
  RUN_ID            = 17D3D4EA05DC7437
  WARMUP            = 2 single-copy warm-ups (the first primes the cache)
  BATCH_SIZES       = 1 2 4 8 16  x RUNS=1 measured batches each
  WORKERS           = (planner default)
  STATEMENT_TIMEOUT = 900
  THERMAL_EQUALISE  = gate (T_LO=55 T_HI=60 preheat<=60s cooldown<=120s)
  sensors           = pkg:/sys/class/hwmon/hwmon8/temp1_input cores:4 cpufreq:8 throttle:8/8
  SIGLESS_ADDR      = (disabled)
Found 1 query under queries/tpch/tpch-queries/q09/v1_materialized.sql

[1/1] queries/tpch/tpch-queries/q09/v1_materialized.sql (2 warmup + step-up 1 2 4 8 16 x1)
  thermal gate: waited 2s -> 56.0 C
  warmup 1/2: 8.337685 sec (cache prime)
  warmup 2/2: 1.191737 sec
  N=1   batch 1/1: 1.233900 sec, 1 copy (server sum 1145.977 ms)
  N=2   batch 1/1: 2.364024 sec, 2 copies (server sum 2261.223 ms)
  N=4   batch 1/1: 4.561199 sec, 4 copies (server sum 4499.680 ms)
  N=8   batch 1/1: 9.098163 sec, 8 copies (server sum 8966.633 ms)
  N=16  batch 1/1: 17.964117 sec, 16 copies (server sum 17861.049 ms)
  done: 5 sizes x 1 run (0 failures)

Done. Batch rows appended to logs/warm_stepup/20260919T002827Z-f3d31e/query_timing_tpch_idx.csv
Per-copy samples appended to logs/warm_stepup/20260919T002827Z-f3d31e/query_samples_tpch_idx.csv
Last batch ended at epoch 1789779132.286 (PREV_END_EPOCH for the next invocation)
===== [41/159] queries/tpch/tpch-queries/q10/base.sql run_id=060656D290254C08 =====
query_runner configuration:
  QUERY_DIR         = queries/tpch/tpch-queries/q10/base.sql
  LOGS_DIR          = logs/warm_stepup/20260919T002827Z-f3d31e  (query_timing_/query_samples_/query_catalog_tpch_idx.csv)
  DB_NAME / DB_USER = tpch_idx / postgres
  PGPORT            = 5434  (server reports 18.4)
  RUN_ID            = 060656D290254C08
  WARMUP            = 2 single-copy warm-ups (the first primes the cache)
  BATCH_SIZES       = 1 2 4 8 16  x RUNS=1 measured batches each
  WORKERS           = (planner default)
  STATEMENT_TIMEOUT = 900
  THERMAL_EQUALISE  = gate (T_LO=55 T_HI=60 preheat<=60s cooldown<=120s)
  sensors           = pkg:/sys/class/hwmon/hwmon8/temp1_input cores:4 cpufreq:8 throttle:8/8
  SIGLESS_ADDR      = (disabled)
Found 1 query under queries/tpch/tpch-queries/q10/base.sql

[1/1] queries/tpch/tpch-queries/q10/base.sql (2 warmup + step-up 1 2 4 8 16 x1)
  thermal gate: waited 6s -> 59.0 C
  warmup 1/2: 2.431291 sec (cache prime)
  warmup 2/2: 0.389735 sec
  N=1   batch 1/1: 0.430685 sec, 1 copy (server sum 345.290 ms)
  N=2   batch 1/1: 0.700483 sec, 2 copies (server sum 648.264 ms)
  N=4   batch 1/1: 1.363045 sec, 4 copies (server sum 1257.623 ms)
  N=8   batch 1/1: 2.541101 sec, 8 copies (server sum 2481.141 ms)
  N=16  batch 1/1: 4.996777 sec, 16 copies (server sum 4924.332 ms)
  done: 5 sizes x 1 run (0 failures)

Done. Batch rows appended to logs/warm_stepup/20260919T002827Z-f3d31e/query_timing_tpch_idx.csv
Per-copy samples appended to logs/warm_stepup/20260919T002827Z-f3d31e/query_samples_tpch_idx.csv
Last batch ended at epoch 1789779155.426 (PREV_END_EPOCH for the next invocation)
===== [42/159] queries/tpch/tpch-queries/q14/v2_filter.sql run_id=CF1467F0F0B31017 =====
query_runner configuration:
  QUERY_DIR         = queries/tpch/tpch-queries/q14/v2_filter.sql
  LOGS_DIR          = logs/warm_stepup/20260919T002827Z-f3d31e  (query_timing_/query_samples_/query_catalog_tpch_idx.csv)
  DB_NAME / DB_USER = tpch_idx / postgres
  PGPORT            = 5434  (server reports 18.4)
  RUN_ID            = CF1467F0F0B31017
  WARMUP            = 2 single-copy warm-ups (the first primes the cache)
  BATCH_SIZES       = 1 2 4 8 16  x RUNS=1 measured batches each
  WORKERS           = (planner default)
  STATEMENT_TIMEOUT = 900
  THERMAL_EQUALISE  = gate (T_LO=55 T_HI=60 preheat<=60s cooldown<=120s)
  sensors           = pkg:/sys/class/hwmon/hwmon8/temp1_input cores:4 cpufreq:8 throttle:8/8
  SIGLESS_ADDR      = (disabled)
Found 1 query under queries/tpch/tpch-queries/q14/v2_filter.sql

[1/1] queries/tpch/tpch-queries/q14/v2_filter.sql (2 warmup + step-up 1 2 4 8 16 x1)
  thermal gate: waited 2s -> 59.0 C
  warmup 1/2: 1.514926 sec (cache prime)
  warmup 2/2: 0.203847 sec
  N=1   batch 1/1: 0.201461 sec, 1 copy (server sum 154.394 ms)
  N=2   batch 1/1: 0.336150 sec, 2 copies (server sum 287.976 ms)
  N=4   batch 1/1: 0.591003 sec, 4 copies (server sum 540.850 ms)
  N=8   batch 1/1: 1.131768 sec, 8 copies (server sum 1077.474 ms)
  N=16  batch 1/1: 2.163307 sec, 16 copies (server sum 2102.700 ms)
  done: 5 sizes x 1 run (0 failures)

Done. Batch rows appended to logs/warm_stepup/20260919T002827Z-f3d31e/query_timing_tpch_idx.csv
Per-copy samples appended to logs/warm_stepup/20260919T002827Z-f3d31e/query_samples_tpch_idx.csv
Last batch ended at epoch 1789779167.844 (PREV_END_EPOCH for the next invocation)
===== [43/159] queries/tpch/tpch-queries/q22/v1_materialized.sql run_id=74978B5A386A07FC =====
query_runner configuration:
  QUERY_DIR         = queries/tpch/tpch-queries/q22/v1_materialized.sql
  LOGS_DIR          = logs/warm_stepup/20260919T002827Z-f3d31e  (query_timing_/query_samples_/query_catalog_tpch_idx.csv)
  DB_NAME / DB_USER = tpch_idx / postgres
  PGPORT            = 5434  (server reports 18.4)
  RUN_ID            = 74978B5A386A07FC
  WARMUP            = 2 single-copy warm-ups (the first primes the cache)
  BATCH_SIZES       = 1 2 4 8 16  x RUNS=1 measured batches each
  WORKERS           = (planner default)
  STATEMENT_TIMEOUT = 900
  THERMAL_EQUALISE  = gate (T_LO=55 T_HI=60 preheat<=60s cooldown<=120s)
  sensors           = pkg:/sys/class/hwmon/hwmon8/temp1_input cores:4 cpufreq:8 throttle:8/8
  SIGLESS_ADDR      = (disabled)
Found 1 query under queries/tpch/tpch-queries/q22/v1_materialized.sql

[1/1] queries/tpch/tpch-queries/q22/v1_materialized.sql (2 warmup + step-up 1 2 4 8 16 x1)
  thermal gate: waited 2s -> 59.0 C
  warmup 1/2: 0.322249 sec (cache prime)
  warmup 2/2: 0.117031 sec
  N=1   batch 1/1: 0.117687 sec, 1 copy (server sum 70.257 ms)
  N=2   batch 1/1: 0.178349 sec, 2 copies (server sum 130.429 ms)
  N=4   batch 1/1: 0.330074 sec, 4 copies (server sum 255.263 ms)
  N=8   batch 1/1: 0.564977 sec, 8 copies (server sum 511.185 ms)
  N=16  batch 1/1: 1.053436 sec, 16 copies (server sum 979.891 ms)
  done: 5 sizes x 1 run (0 failures)

Done. Batch rows appended to logs/warm_stepup/20260919T002827Z-f3d31e/query_timing_tpch_idx.csv
Per-copy samples appended to logs/warm_stepup/20260919T002827Z-f3d31e/query_samples_tpch_idx.csv
Last batch ended at epoch 1789779176.482 (PREV_END_EPOCH for the next invocation)
===== [44/159] queries/tpch/tpch-queries/q11/v2_cte_threshold.sql run_id=2F515E369F990457 =====
query_runner configuration:
  QUERY_DIR         = queries/tpch/tpch-queries/q11/v2_cte_threshold.sql
  LOGS_DIR          = logs/warm_stepup/20260919T002827Z-f3d31e  (query_timing_/query_samples_/query_catalog_tpch_idx.csv)
  DB_NAME / DB_USER = tpch_idx / postgres
  PGPORT            = 5434  (server reports 18.4)
  RUN_ID            = 2F515E369F990457
  WARMUP            = 2 single-copy warm-ups (the first primes the cache)
  BATCH_SIZES       = 1 2 4 8 16  x RUNS=1 measured batches each
  WORKERS           = (planner default)
  STATEMENT_TIMEOUT = 900
  THERMAL_EQUALISE  = gate (T_LO=55 T_HI=60 preheat<=60s cooldown<=120s)
  sensors           = pkg:/sys/class/hwmon/hwmon8/temp1_input cores:4 cpufreq:8 throttle:8/8
  SIGLESS_ADDR      = (disabled)
Found 1 query under queries/tpch/tpch-queries/q11/v2_cte_threshold.sql

[1/1] queries/tpch/tpch-queries/q11/v2_cte_threshold.sql (2 warmup + step-up 1 2 4 8 16 x1)
  thermal gate: waited 2s -> 58.0 C
  warmup 1/2: 1.820053 sec (cache prime)
  warmup 2/2: 0.135477 sec
  N=1   batch 1/1: 0.135185 sec, 1 copy (server sum 87.593 ms)
  N=2   batch 1/1: 0.210790 sec, 2 copies (server sum 161.594 ms)
  N=4   batch 1/1: 0.370685 sec, 4 copies (server sum 317.592 ms)
  N=8   batch 1/1: 0.687777 sec, 8 copies (server sum 610.222 ms)
  N=16  batch 1/1: 1.300983 sec, 16 copies (server sum 1225.472 ms)
  done: 5 sizes x 1 run (0 failures)

Done. Batch rows appended to logs/warm_stepup/20260919T002827Z-f3d31e/query_timing_tpch_idx.csv
Per-copy samples appended to logs/warm_stepup/20260919T002827Z-f3d31e/query_samples_tpch_idx.csv
Last batch ended at epoch 1789779187.202 (PREV_END_EPOCH for the next invocation)
===== [45/159] queries/tpch/tpch-queries/q22/v2_anti_join.sql run_id=8951136A3E77B985 =====
query_runner configuration:
  QUERY_DIR         = queries/tpch/tpch-queries/q22/v2_anti_join.sql
  LOGS_DIR          = logs/warm_stepup/20260919T002827Z-f3d31e  (query_timing_/query_samples_/query_catalog_tpch_idx.csv)
  DB_NAME / DB_USER = tpch_idx / postgres
  PGPORT            = 5434  (server reports 18.4)
  RUN_ID            = 8951136A3E77B985
  WARMUP            = 2 single-copy warm-ups (the first primes the cache)
  BATCH_SIZES       = 1 2 4 8 16  x RUNS=1 measured batches each
  WORKERS           = (planner default)
  STATEMENT_TIMEOUT = 900
  THERMAL_EQUALISE  = gate (T_LO=55 T_HI=60 preheat<=60s cooldown<=120s)
  sensors           = pkg:/sys/class/hwmon/hwmon8/temp1_input cores:4 cpufreq:8 throttle:8/8
  SIGLESS_ADDR      = (disabled)
Found 1 query under queries/tpch/tpch-queries/q22/v2_anti_join.sql

[1/1] queries/tpch/tpch-queries/q22/v2_anti_join.sql (2 warmup + step-up 1 2 4 8 16 x1)
  warmup 1/2: 0.478740 sec (cache prime)
  warmup 2/2: 0.170400 sec
  N=1   batch 1/1: 0.190226 sec, 1 copy (server sum 125.572 ms)
  N=2   batch 1/1: 0.337186 sec, 2 copies (server sum 250.943 ms)
  N=4   batch 1/1: 0.502318 sec, 4 copies (server sum 451.654 ms)
  N=8   batch 1/1: 0.951615 sec, 8 copies (server sum 898.554 ms)
  N=16  batch 1/1: 1.818144 sec, 16 copies (server sum 1755.872 ms)
  done: 5 sizes x 1 run (0 failures)

Done. Batch rows appended to logs/warm_stepup/20260919T002827Z-f3d31e/query_timing_tpch_idx.csv
Per-copy samples appended to logs/warm_stepup/20260919T002827Z-f3d31e/query_samples_tpch_idx.csv
Last batch ended at epoch 1789779195.482 (PREV_END_EPOCH for the next invocation)
===== [46/159] queries/tpch/tpch-queries/q12/base.sql run_id=BB6F8A797B753DFE =====
query_runner configuration:
  QUERY_DIR         = queries/tpch/tpch-queries/q12/base.sql
  LOGS_DIR          = logs/warm_stepup/20260919T002827Z-f3d31e  (query_timing_/query_samples_/query_catalog_tpch_idx.csv)
  DB_NAME / DB_USER = tpch_idx / postgres
  PGPORT            = 5434  (server reports 18.4)
  RUN_ID            = BB6F8A797B753DFE
  WARMUP            = 2 single-copy warm-ups (the first primes the cache)
  BATCH_SIZES       = 1 2 4 8 16  x RUNS=1 measured batches each
  WORKERS           = (planner default)
  STATEMENT_TIMEOUT = 900
  THERMAL_EQUALISE  = gate (T_LO=55 T_HI=60 preheat<=60s cooldown<=120s)
  sensors           = pkg:/sys/class/hwmon/hwmon8/temp1_input cores:4 cpufreq:8 throttle:8/8
  SIGLESS_ADDR      = (disabled)
Found 1 query under queries/tpch/tpch-queries/q12/base.sql

[1/1] queries/tpch/tpch-queries/q12/base.sql (2 warmup + step-up 1 2 4 8 16 x1)
  thermal gate: waited 2s -> 57.0 C
  warmup 1/2: 1.703599 sec (cache prime)
  warmup 2/2: 0.383772 sec
  N=1   batch 1/1: 0.409591 sec, 1 copy (server sum 332.119 ms)
  N=2   batch 1/1: 0.685417 sec, 2 copies (server sum 637.080 ms)
  N=4   batch 1/1: 1.269317 sec, 4 copies (server sum 1218.681 ms)
  N=8   batch 1/1: 2.454166 sec, 8 copies (server sum 2399.838 ms)
  N=16  batch 1/1: 4.862351 sec, 16 copies (server sum 4799.106 ms)
  done: 5 sizes x 1 run (0 failures)

Done. Batch rows appended to logs/warm_stepup/20260919T002827Z-f3d31e/query_timing_tpch_idx.csv
Per-copy samples appended to logs/warm_stepup/20260919T002827Z-f3d31e/query_samples_tpch_idx.csv
Last batch ended at epoch 1789779213.551 (PREV_END_EPOCH for the next invocation)
===== [47/159] queries/tpch/tpch-queries/q14/v1_materialized.sql run_id=5BED1F3E2C35AF15 =====
query_runner configuration:
  QUERY_DIR         = queries/tpch/tpch-queries/q14/v1_materialized.sql
  LOGS_DIR          = logs/warm_stepup/20260919T002827Z-f3d31e  (query_timing_/query_samples_/query_catalog_tpch_idx.csv)
  DB_NAME / DB_USER = tpch_idx / postgres
  PGPORT            = 5434  (server reports 18.4)
  RUN_ID            = 5BED1F3E2C35AF15
  WARMUP            = 2 single-copy warm-ups (the first primes the cache)
  BATCH_SIZES       = 1 2 4 8 16  x RUNS=1 measured batches each
  WORKERS           = (planner default)
  STATEMENT_TIMEOUT = 900
  THERMAL_EQUALISE  = gate (T_LO=55 T_HI=60 preheat<=60s cooldown<=120s)
  sensors           = pkg:/sys/class/hwmon/hwmon8/temp1_input cores:4 cpufreq:8 throttle:8/8
  SIGLESS_ADDR      = (disabled)
Found 1 query under queries/tpch/tpch-queries/q14/v1_materialized.sql

[1/1] queries/tpch/tpch-queries/q14/v1_materialized.sql (2 warmup + step-up 1 2 4 8 16 x1)
  thermal gate: waited 2s -> 60.0 C
  warmup 1/2: 1.501646 sec (cache prime)
  warmup 2/2: 0.204407 sec
  N=1   batch 1/1: 0.202794 sec, 1 copy (server sum 155.665 ms)
  N=2   batch 1/1: 0.334595 sec, 2 copies (server sum 286.194 ms)
  N=4   batch 1/1: 0.590158 sec, 4 copies (server sum 540.389 ms)
  N=8   batch 1/1: 1.156775 sec, 8 copies (server sum 1065.585 ms)
  N=16  batch 1/1: 2.160895 sec, 16 copies (server sum 2093.840 ms)
  done: 5 sizes x 1 run (0 failures)

Done. Batch rows appended to logs/warm_stepup/20260919T002827Z-f3d31e/query_timing_tpch_idx.csv
Per-copy samples appended to logs/warm_stepup/20260919T002827Z-f3d31e/query_samples_tpch_idx.csv
Last batch ended at epoch 1789779225.956 (PREV_END_EPOCH for the next invocation)
===== [48/159] queries/tpch/tpch-queries/q08/v1_materialized.sql run_id=2830EF0E76BEFD90 =====
query_runner configuration:
  QUERY_DIR         = queries/tpch/tpch-queries/q08/v1_materialized.sql
  LOGS_DIR          = logs/warm_stepup/20260919T002827Z-f3d31e  (query_timing_/query_samples_/query_catalog_tpch_idx.csv)
  DB_NAME / DB_USER = tpch_idx / postgres
  PGPORT            = 5434  (server reports 18.4)
  RUN_ID            = 2830EF0E76BEFD90
  WARMUP            = 2 single-copy warm-ups (the first primes the cache)
  BATCH_SIZES       = 1 2 4 8 16  x RUNS=1 measured batches each
  WORKERS           = (planner default)
  STATEMENT_TIMEOUT = 900
  THERMAL_EQUALISE  = gate (T_LO=55 T_HI=60 preheat<=60s cooldown<=120s)
  sensors           = pkg:/sys/class/hwmon/hwmon8/temp1_input cores:4 cpufreq:8 throttle:8/8
  SIGLESS_ADDR      = (disabled)
Found 1 query under queries/tpch/tpch-queries/q08/v1_materialized.sql

[1/1] queries/tpch/tpch-queries/q08/v1_materialized.sql (2 warmup + step-up 1 2 4 8 16 x1)
  thermal gate: waited 2s -> 59.0 C
  warmup 1/2: 5.036708 sec (cache prime)
  warmup 2/2: 0.181488 sec
  N=1   batch 1/1: 0.180288 sec, 1 copy (server sum 129.069 ms)
  N=2   batch 1/1: 0.347694 sec, 2 copies (server sum 245.034 ms)
  N=4   batch 1/1: 0.533759 sec, 4 copies (server sum 475.145 ms)
  N=8   batch 1/1: 1.007103 sec, 8 copies (server sum 937.500 ms)
  N=16  batch 1/1: 1.953634 sec, 16 copies (server sum 1861.901 ms)
  done: 5 sizes x 1 run (0 failures)

Done. Batch rows appended to logs/warm_stepup/20260919T002827Z-f3d31e/query_timing_tpch_idx.csv
Per-copy samples appended to logs/warm_stepup/20260919T002827Z-f3d31e/query_samples_tpch_idx.csv
Last batch ended at epoch 1789779241.223 (PREV_END_EPOCH for the next invocation)
===== [49/159] queries/tpch/tpch-queries/q17/v2_decorrelate.sql run_id=D15D3A1CFDCD2B06 =====
query_runner configuration:
  QUERY_DIR         = queries/tpch/tpch-queries/q17/v2_decorrelate.sql
  LOGS_DIR          = logs/warm_stepup/20260919T002827Z-f3d31e  (query_timing_/query_samples_/query_catalog_tpch_idx.csv)
  DB_NAME / DB_USER = tpch_idx / postgres
  PGPORT            = 5434  (server reports 18.4)
  RUN_ID            = D15D3A1CFDCD2B06
  WARMUP            = 2 single-copy warm-ups (the first primes the cache)
  BATCH_SIZES       = 1 2 4 8 16  x RUNS=1 measured batches each
  WORKERS           = (planner default)
  STATEMENT_TIMEOUT = 900
  THERMAL_EQUALISE  = gate (T_LO=55 T_HI=60 preheat<=60s cooldown<=120s)
  sensors           = pkg:/sys/class/hwmon/hwmon8/temp1_input cores:4 cpufreq:8 throttle:8/8
  SIGLESS_ADDR      = (disabled)
Found 1 query under queries/tpch/tpch-queries/q17/v2_decorrelate.sql

[1/1] queries/tpch/tpch-queries/q17/v2_decorrelate.sql (2 warmup + step-up 1 2 4 8 16 x1)
  thermal gate: waited 2s -> 58.0 C
  warmup 1/2: 3.957177 sec (cache prime)
  warmup 2/2: 3.381096 sec
  N=1   batch 1/1: 3.378230 sec, 1 copy (server sum 3308.383 ms)
  N=2   batch 1/1: 6.625307 sec, 2 copies (server sum 6559.562 ms)
  N=4   batch 1/1: 13.089966 sec, 4 copies (server sum 13031.293 ms)
  N=8   batch 1/1: 26.156559 sec, 8 copies (server sum 26047.351 ms)
  N=16  batch 1/1: 52.018137 sec, 16 copies (server sum 51956.181 ms)
  done: 5 sizes x 1 run (0 failures)

Done. Batch rows appended to logs/warm_stepup/20260919T002827Z-f3d31e/query_timing_tpch_idx.csv
Per-copy samples appended to logs/warm_stepup/20260919T002827Z-f3d31e/query_samples_tpch_idx.csv
Last batch ended at epoch 1789779355.960 (PREV_END_EPOCH for the next invocation)
===== [50/159] queries/tpch/tpch-queries/q15/v1_materialized.sql run_id=EEFD1FFF5A92B667 =====
query_runner configuration:
  QUERY_DIR         = queries/tpch/tpch-queries/q15/v1_materialized.sql
  LOGS_DIR          = logs/warm_stepup/20260919T002827Z-f3d31e  (query_timing_/query_samples_/query_catalog_tpch_idx.csv)
  DB_NAME / DB_USER = tpch_idx / postgres
  PGPORT            = 5434  (server reports 18.4)
  RUN_ID            = EEFD1FFF5A92B667
  WARMUP            = 2 single-copy warm-ups (the first primes the cache)
  BATCH_SIZES       = 1 2 4 8 16  x RUNS=1 measured batches each
  WORKERS           = (planner default)
  STATEMENT_TIMEOUT = 900
  THERMAL_EQUALISE  = gate (T_LO=55 T_HI=60 preheat<=60s cooldown<=120s)
  sensors           = pkg:/sys/class/hwmon/hwmon8/temp1_input cores:4 cpufreq:8 throttle:8/8
  SIGLESS_ADDR      = (disabled)
Found 1 query under queries/tpch/tpch-queries/q15/v1_materialized.sql

[1/1] queries/tpch/tpch-queries/q15/v1_materialized.sql (2 warmup + step-up 1 2 4 8 16 x1)
  warmup 1/2: 2.084573 sec (cache prime)
  warmup 2/2: 0.335708 sec
  N=1   batch 1/1: 0.334435 sec, 1 copy (server sum 287.417 ms)
  N=2   batch 1/1: 0.560559 sec, 2 copies (server sum 512.864 ms)
  N=4   batch 1/1: 1.014749 sec, 4 copies (server sum 958.871 ms)
  N=8   batch 1/1: 1.902223 sec, 8 copies (server sum 1849.723 ms)
  N=16  batch 1/1: 3.714729 sec, 16 copies (server sum 3655.241 ms)
  done: 5 sizes x 1 run (0 failures)

Done. Batch rows appended to logs/warm_stepup/20260919T002827Z-f3d31e/query_timing_tpch_idx.csv
Per-copy samples appended to logs/warm_stepup/20260919T002827Z-f3d31e/query_samples_tpch_idx.csv
Last batch ended at epoch 1789779370.156 (PREV_END_EPOCH for the next invocation)
===== [51/159] queries/tpch/tpch-queries/q07/v2_union_all.sql run_id=3B610DB91D07B5A9 =====
query_runner configuration:
  QUERY_DIR         = queries/tpch/tpch-queries/q07/v2_union_all.sql
  LOGS_DIR          = logs/warm_stepup/20260919T002827Z-f3d31e  (query_timing_/query_samples_/query_catalog_tpch_idx.csv)
  DB_NAME / DB_USER = tpch_idx / postgres
  PGPORT            = 5434  (server reports 18.4)
  RUN_ID            = 3B610DB91D07B5A9
  WARMUP            = 2 single-copy warm-ups (the first primes the cache)
  BATCH_SIZES       = 1 2 4 8 16  x RUNS=1 measured batches each
  WORKERS           = (planner default)
  STATEMENT_TIMEOUT = 900
  THERMAL_EQUALISE  = gate (T_LO=55 T_HI=60 preheat<=60s cooldown<=120s)
  sensors           = pkg:/sys/class/hwmon/hwmon8/temp1_input cores:4 cpufreq:8 throttle:8/8
  SIGLESS_ADDR      = (disabled)
Found 1 query under queries/tpch/tpch-queries/q07/v2_union_all.sql

[1/1] queries/tpch/tpch-queries/q07/v2_union_all.sql (2 warmup + step-up 1 2 4 8 16 x1)
  warmup 1/2: 7.565586 sec (cache prime)
  warmup 2/2: 0.637789 sec
  N=1   batch 1/1: 0.638614 sec, 1 copy (server sum 588.765 ms)
  N=2   batch 1/1: 1.156773 sec, 2 copies (server sum 1103.579 ms)
  N=4   batch 1/1: 2.236964 sec, 4 copies (server sum 2154.182 ms)
  N=8   batch 1/1: 4.338138 sec, 8 copies (server sum 4266.231 ms)
  N=16  batch 1/1: 8.544485 sec, 16 copies (server sum 8446.100 ms)
  done: 5 sizes x 1 run (0 failures)

Done. Batch rows appended to logs/warm_stepup/20260919T002827Z-f3d31e/query_timing_tpch_idx.csv
Per-copy samples appended to logs/warm_stepup/20260919T002827Z-f3d31e/query_samples_tpch_idx.csv
Last batch ended at epoch 1789779399.369 (PREV_END_EPOCH for the next invocation)
===== [52/159] queries/tpch/tpch-queries/q12/v1_materialized.sql run_id=A864F84F644714B5 =====
query_runner configuration:
  QUERY_DIR         = queries/tpch/tpch-queries/q12/v1_materialized.sql
  LOGS_DIR          = logs/warm_stepup/20260919T002827Z-f3d31e  (query_timing_/query_samples_/query_catalog_tpch_idx.csv)
  DB_NAME / DB_USER = tpch_idx / postgres
  PGPORT            = 5434  (server reports 18.4)
  RUN_ID            = A864F84F644714B5
  WARMUP            = 2 single-copy warm-ups (the first primes the cache)
  BATCH_SIZES       = 1 2 4 8 16  x RUNS=1 measured batches each
  WORKERS           = (planner default)
  STATEMENT_TIMEOUT = 900
  THERMAL_EQUALISE  = gate (T_LO=55 T_HI=60 preheat<=60s cooldown<=120s)
  sensors           = pkg:/sys/class/hwmon/hwmon8/temp1_input cores:4 cpufreq:8 throttle:8/8
  SIGLESS_ADDR      = (disabled)
Found 1 query under queries/tpch/tpch-queries/q12/v1_materialized.sql

[1/1] queries/tpch/tpch-queries/q12/v1_materialized.sql (2 warmup + step-up 1 2 4 8 16 x1)
  thermal gate: waited 2s -> 58.0 C
  warmup 1/2: 1.722696 sec (cache prime)
  warmup 2/2: 0.381949 sec
  N=1   batch 1/1: 0.408377 sec, 1 copy (server sum 332.115 ms)
  N=2   batch 1/1: 0.677772 sec, 2 copies (server sum 628.123 ms)
  N=4   batch 1/1: 1.280196 sec, 4 copies (server sum 1229.460 ms)
  N=8   batch 1/1: 2.462051 sec, 8 copies (server sum 2406.898 ms)
  N=16  batch 1/1: 4.840709 sec, 16 copies (server sum 4777.955 ms)
  done: 5 sizes x 1 run (0 failures)

Done. Batch rows appended to logs/warm_stepup/20260919T002827Z-f3d31e/query_timing_tpch_idx.csv
Per-copy samples appended to logs/warm_stepup/20260919T002827Z-f3d31e/query_samples_tpch_idx.csv
Last batch ended at epoch 1789779417.681 (PREV_END_EPOCH for the next invocation)
===== [53/159] queries/tpch/tpch-queries/q19/v1_materialized.sql run_id=276ADC7FB84BCB15 =====
query_runner configuration:
  QUERY_DIR         = queries/tpch/tpch-queries/q19/v1_materialized.sql
  LOGS_DIR          = logs/warm_stepup/20260919T002827Z-f3d31e  (query_timing_/query_samples_/query_catalog_tpch_idx.csv)
  DB_NAME / DB_USER = tpch_idx / postgres
  PGPORT            = 5434  (server reports 18.4)
  RUN_ID            = 276ADC7FB84BCB15
  WARMUP            = 2 single-copy warm-ups (the first primes the cache)
  BATCH_SIZES       = 1 2 4 8 16  x RUNS=1 measured batches each
  WORKERS           = (planner default)
  STATEMENT_TIMEOUT = 900
  THERMAL_EQUALISE  = gate (T_LO=55 T_HI=60 preheat<=60s cooldown<=120s)
  sensors           = pkg:/sys/class/hwmon/hwmon8/temp1_input cores:4 cpufreq:8 throttle:8/8
  SIGLESS_ADDR      = (disabled)
Found 1 query under queries/tpch/tpch-queries/q19/v1_materialized.sql

[1/1] queries/tpch/tpch-queries/q19/v1_materialized.sql (2 warmup + step-up 1 2 4 8 16 x1)
  thermal gate: waited 2s -> 59.0 C
  warmup 1/2: 2.191486 sec (cache prime)
  warmup 2/2: 0.078104 sec
  N=1   batch 1/1: 0.078402 sec, 1 copy (server sum 30.465 ms)
  N=2   batch 1/1: 0.107500 sec, 2 copies (server sum 58.753 ms)
  N=4   batch 1/1: 0.165187 sec, 4 copies (server sum 113.904 ms)
  N=8   batch 1/1: 0.291071 sec, 8 copies (server sum 222.966 ms)
  N=16  batch 1/1: 0.502461 sec, 16 copies (server sum 438.160 ms)
  done: 5 sizes x 1 run (0 failures)

Done. Batch rows appended to logs/warm_stepup/20260919T002827Z-f3d31e/query_timing_tpch_idx.csv
Per-copy samples appended to logs/warm_stepup/20260919T002827Z-f3d31e/query_samples_tpch_idx.csv
Last batch ended at epoch 1789779427.299 (PREV_END_EPOCH for the next invocation)
===== [54/159] queries/tpch/tpch-queries/q08/v2_filter.sql run_id=C42CA5C5D19F7574 =====
query_runner configuration:
  QUERY_DIR         = queries/tpch/tpch-queries/q08/v2_filter.sql
  LOGS_DIR          = logs/warm_stepup/20260919T002827Z-f3d31e  (query_timing_/query_samples_/query_catalog_tpch_idx.csv)
  DB_NAME / DB_USER = tpch_idx / postgres
  PGPORT            = 5434  (server reports 18.4)
  RUN_ID            = C42CA5C5D19F7574
  WARMUP            = 2 single-copy warm-ups (the first primes the cache)
  BATCH_SIZES       = 1 2 4 8 16  x RUNS=1 measured batches each
  WORKERS           = (planner default)
  STATEMENT_TIMEOUT = 900
  THERMAL_EQUALISE  = gate (T_LO=55 T_HI=60 preheat<=60s cooldown<=120s)
  sensors           = pkg:/sys/class/hwmon/hwmon8/temp1_input cores:4 cpufreq:8 throttle:8/8
  SIGLESS_ADDR      = (disabled)
Found 1 query under queries/tpch/tpch-queries/q08/v2_filter.sql

[1/1] queries/tpch/tpch-queries/q08/v2_filter.sql (2 warmup + step-up 1 2 4 8 16 x1)
  thermal gate: waited 2s -> 56.0 C
  warmup 1/2: 8.088970 sec (cache prime)
  warmup 2/2: 0.182561 sec
  N=1   batch 1/1: 0.207439 sec, 1 copy (server sum 126.693 ms)
  N=2   batch 1/1: 0.295645 sec, 2 copies (server sum 242.673 ms)
  N=4   batch 1/1: 0.528657 sec, 4 copies (server sum 469.810 ms)
  N=8   batch 1/1: 0.990477 sec, 8 copies (server sum 921.350 ms)
  N=16  batch 1/1: 1.963143 sec, 16 copies (server sum 1836.251 ms)
  done: 5 sizes x 1 run (0 failures)

Done. Batch rows appended to logs/warm_stepup/20260919T002827Z-f3d31e/query_timing_tpch_idx.csv
Per-copy samples appended to logs/warm_stepup/20260919T002827Z-f3d31e/query_samples_tpch_idx.csv
Last batch ended at epoch 1789779445.374 (PREV_END_EPOCH for the next invocation)
===== [55/159] queries/tpch/tpch-queries/q13/v2_correlated.sql run_id=2AF91F019DBE97BD =====
query_runner configuration:
  QUERY_DIR         = queries/tpch/tpch-queries/q13/v2_correlated.sql
  LOGS_DIR          = logs/warm_stepup/20260919T002827Z-f3d31e  (query_timing_/query_samples_/query_catalog_tpch_idx.csv)
  DB_NAME / DB_USER = tpch_idx / postgres
  PGPORT            = 5434  (server reports 18.4)
  RUN_ID            = 2AF91F019DBE97BD
  WARMUP            = 2 single-copy warm-ups (the first primes the cache)
  BATCH_SIZES       = 1 2 4 8 16  x RUNS=1 measured batches each
  WORKERS           = (planner default)
  STATEMENT_TIMEOUT = 900
  THERMAL_EQUALISE  = gate (T_LO=55 T_HI=60 preheat<=60s cooldown<=120s)
  sensors           = pkg:/sys/class/hwmon/hwmon8/temp1_input cores:4 cpufreq:8 throttle:8/8
  SIGLESS_ADDR      = (disabled)
Found 1 query under queries/tpch/tpch-queries/q13/v2_correlated.sql

[1/1] queries/tpch/tpch-queries/q13/v2_correlated.sql (2 warmup + step-up 1 2 4 8 16 x1)
  warmup 1/2: 4.753936 sec (cache prime)
  warmup 2/2: 2.292711 sec
  N=1   batch 1/1: 2.289084 sec, 1 copy (server sum 2242.324 ms)
  N=2   batch 1/1: 4.408381 sec, 2 copies (server sum 4360.991 ms)
  N=4   batch 1/1: 8.734542 sec, 4 copies (server sum 8662.437 ms)
  N=8   batch 1/1: 17.106159 sec, 8 copies (server sum 17054.560 ms)
  N=16  batch 1/1: 34.217418 sec, 16 copies (server sum 34160.694 ms)
  done: 5 sizes x 1 run (0 failures)

Done. Batch rows appended to logs/warm_stepup/20260919T002827Z-f3d31e/query_timing_tpch_idx.csv
Per-copy samples appended to logs/warm_stepup/20260919T002827Z-f3d31e/query_samples_tpch_idx.csv
Last batch ended at epoch 1789779523.245 (PREV_END_EPOCH for the next invocation)
===== [56/159] queries/tpch/tpch-queries/q10/base.sql run_id=BFF733B1C95302AE =====
query_runner configuration:
  QUERY_DIR         = queries/tpch/tpch-queries/q10/base.sql
  LOGS_DIR          = logs/warm_stepup/20260919T002827Z-f3d31e  (query_timing_/query_samples_/query_catalog_tpch_idx.csv)
  DB_NAME / DB_USER = tpch_idx / postgres
  PGPORT            = 5434  (server reports 18.4)
  RUN_ID            = BFF733B1C95302AE
  WARMUP            = 2 single-copy warm-ups (the first primes the cache)
  BATCH_SIZES       = 1 2 4 8 16  x RUNS=1 measured batches each
  WORKERS           = (planner default)
  STATEMENT_TIMEOUT = 900
  THERMAL_EQUALISE  = gate (T_LO=55 T_HI=60 preheat<=60s cooldown<=120s)
  sensors           = pkg:/sys/class/hwmon/hwmon8/temp1_input cores:4 cpufreq:8 throttle:8/8
  SIGLESS_ADDR      = (disabled)
Found 1 query under queries/tpch/tpch-queries/q10/base.sql

[1/1] queries/tpch/tpch-queries/q10/base.sql (2 warmup + step-up 1 2 4 8 16 x1)
  warmup 1/2: 2.412869 sec (cache prime)
  warmup 2/2: 0.392830 sec
  N=1   batch 1/1: 0.435868 sec, 1 copy (server sum 347.237 ms)
  N=2   batch 1/1: 0.697877 sec, 2 copies (server sum 647.768 ms)
  N=4   batch 1/1: 1.319631 sec, 4 copies (server sum 1266.336 ms)
  N=8   batch 1/1: 2.547855 sec, 8 copies (server sum 2488.301 ms)
  N=16  batch 1/1: 5.005952 sec, 16 copies (server sum 4931.630 ms)
  done: 5 sizes x 1 run (0 failures)

Done. Batch rows appended to logs/warm_stepup/20260919T002827Z-f3d31e/query_timing_tpch_idx.csv
Per-copy samples appended to logs/warm_stepup/20260919T002827Z-f3d31e/query_samples_tpch_idx.csv
Last batch ended at epoch 1789779540.002 (PREV_END_EPOCH for the next invocation)
===== [57/159] queries/tpch/tpch-queries/q02/v1_materialized.sql run_id=4EA5D682C226EC01 =====
query_runner configuration:
  QUERY_DIR         = queries/tpch/tpch-queries/q02/v1_materialized.sql
  LOGS_DIR          = logs/warm_stepup/20260919T002827Z-f3d31e  (query_timing_/query_samples_/query_catalog_tpch_idx.csv)
  DB_NAME / DB_USER = tpch_idx / postgres
  PGPORT            = 5434  (server reports 18.4)
  RUN_ID            = 4EA5D682C226EC01
  WARMUP            = 2 single-copy warm-ups (the first primes the cache)
  BATCH_SIZES       = 1 2 4 8 16  x RUNS=1 measured batches each
  WORKERS           = (planner default)
  STATEMENT_TIMEOUT = 900
  THERMAL_EQUALISE  = gate (T_LO=55 T_HI=60 preheat<=60s cooldown<=120s)
  sensors           = pkg:/sys/class/hwmon/hwmon8/temp1_input cores:4 cpufreq:8 throttle:8/8
  SIGLESS_ADDR      = (disabled)
Found 1 query under queries/tpch/tpch-queries/q02/v1_materialized.sql

[1/1] queries/tpch/tpch-queries/q02/v1_materialized.sql (2 warmup + step-up 1 2 4 8 16 x1)
  thermal gate: waited 2s -> 56.0 C
  warmup 1/2: 2.235228 sec (cache prime)
  warmup 2/2: 0.261600 sec
  N=1   batch 1/1: 0.259863 sec, 1 copy (server sum 210.509 ms)
  N=2   batch 1/1: 0.429613 sec, 2 copies (server sum 378.808 ms)
  N=4   batch 1/1: 0.775990 sec, 4 copies (server sum 721.923 ms)
  N=8   batch 1/1: 1.482321 sec, 8 copies (server sum 1399.761 ms)
  N=16  batch 1/1: 2.832623 sec, 16 copies (server sum 2753.006 ms)
  done: 5 sizes x 1 run (0 failures)

Done. Batch rows appended to logs/warm_stepup/20260919T002827Z-f3d31e/query_timing_tpch_idx.csv
Per-copy samples appended to logs/warm_stepup/20260919T002827Z-f3d31e/query_samples_tpch_idx.csv
Last batch ended at epoch 1789779554.885 (PREV_END_EPOCH for the next invocation)
===== [58/159] queries/tpch/tpch-queries/q05/base.sql run_id=21770801DBB61603 =====
query_runner configuration:
  QUERY_DIR         = queries/tpch/tpch-queries/q05/base.sql
  LOGS_DIR          = logs/warm_stepup/20260919T002827Z-f3d31e  (query_timing_/query_samples_/query_catalog_tpch_idx.csv)
  DB_NAME / DB_USER = tpch_idx / postgres
  PGPORT            = 5434  (server reports 18.4)
  RUN_ID            = 21770801DBB61603
  WARMUP            = 2 single-copy warm-ups (the first primes the cache)
  BATCH_SIZES       = 1 2 4 8 16  x RUNS=1 measured batches each
  WORKERS           = (planner default)
  STATEMENT_TIMEOUT = 900
  THERMAL_EQUALISE  = gate (T_LO=55 T_HI=60 preheat<=60s cooldown<=120s)
  sensors           = pkg:/sys/class/hwmon/hwmon8/temp1_input cores:4 cpufreq:8 throttle:8/8
  SIGLESS_ADDR      = (disabled)
Found 1 query under queries/tpch/tpch-queries/q05/base.sql

[1/1] queries/tpch/tpch-queries/q05/base.sql (2 warmup + step-up 1 2 4 8 16 x1)
  warmup 1/2: 6.224664 sec (cache prime)
  warmup 2/2: 0.287297 sec
  N=1   batch 1/1: 0.282888 sec, 1 copy (server sum 232.974 ms)
  N=2   batch 1/1: 0.553129 sec, 2 copies (server sum 452.244 ms)
  N=4   batch 1/1: 0.946959 sec, 4 copies (server sum 889.123 ms)
  N=8   batch 1/1: 1.815971 sec, 8 copies (server sum 1746.749 ms)
  N=16  batch 1/1: 3.639657 sec, 16 copies (server sum 3508.365 ms)
  done: 5 sizes x 1 run (0 failures)

Done. Batch rows appended to logs/warm_stepup/20260919T002827Z-f3d31e/query_timing_tpch_idx.csv
Per-copy samples appended to logs/warm_stepup/20260919T002827Z-f3d31e/query_samples_tpch_idx.csv
Last batch ended at epoch 1789779572.865 (PREV_END_EPOCH for the next invocation)
===== [59/159] queries/tpch/tpch-queries/q14/base.sql run_id=FDAFF53B46FB5118 =====
query_runner configuration:
  QUERY_DIR         = queries/tpch/tpch-queries/q14/base.sql
  LOGS_DIR          = logs/warm_stepup/20260919T002827Z-f3d31e  (query_timing_/query_samples_/query_catalog_tpch_idx.csv)
  DB_NAME / DB_USER = tpch_idx / postgres
  PGPORT            = 5434  (server reports 18.4)
  RUN_ID            = FDAFF53B46FB5118
  WARMUP            = 2 single-copy warm-ups (the first primes the cache)
  BATCH_SIZES       = 1 2 4 8 16  x RUNS=1 measured batches each
  WORKERS           = (planner default)
  STATEMENT_TIMEOUT = 900
  THERMAL_EQUALISE  = gate (T_LO=55 T_HI=60 preheat<=60s cooldown<=120s)
  sensors           = pkg:/sys/class/hwmon/hwmon8/temp1_input cores:4 cpufreq:8 throttle:8/8
  SIGLESS_ADDR      = (disabled)
Found 1 query under queries/tpch/tpch-queries/q14/base.sql

[1/1] queries/tpch/tpch-queries/q14/base.sql (2 warmup + step-up 1 2 4 8 16 x1)
  warmup 1/2: 1.497486 sec (cache prime)
  warmup 2/2: 0.202374 sec
  N=1   batch 1/1: 0.201317 sec, 1 copy (server sum 154.309 ms)
  N=2   batch 1/1: 0.334909 sec, 2 copies (server sum 284.825 ms)
  N=4   batch 1/1: 0.603235 sec, 4 copies (server sum 552.997 ms)
  N=8   batch 1/1: 1.100439 sec, 8 copies (server sum 1046.722 ms)
  N=16  batch 1/1: 2.143314 sec, 16 copies (server sum 2083.053 ms)
  done: 5 sizes x 1 run (0 failures)

Done. Batch rows appended to logs/warm_stepup/20260919T002827Z-f3d31e/query_timing_tpch_idx.csv
Per-copy samples appended to logs/warm_stepup/20260919T002827Z-f3d31e/query_samples_tpch_idx.csv
Last batch ended at epoch 1789779583.361 (PREV_END_EPOCH for the next invocation)
===== [60/159] queries/tpch/tpch-queries/q21/v1_materialized.sql run_id=D391DA75FCCCA115 =====
query_runner configuration:
  QUERY_DIR         = queries/tpch/tpch-queries/q21/v1_materialized.sql
  LOGS_DIR          = logs/warm_stepup/20260919T002827Z-f3d31e  (query_timing_/query_samples_/query_catalog_tpch_idx.csv)
  DB_NAME / DB_USER = tpch_idx / postgres
  PGPORT            = 5434  (server reports 18.4)
  RUN_ID            = D391DA75FCCCA115
  WARMUP            = 2 single-copy warm-ups (the first primes the cache)
  BATCH_SIZES       = 1 2 4 8 16  x RUNS=1 measured batches each
  WORKERS           = (planner default)
  STATEMENT_TIMEOUT = 900
  THERMAL_EQUALISE  = gate (T_LO=55 T_HI=60 preheat<=60s cooldown<=120s)
  sensors           = pkg:/sys/class/hwmon/hwmon8/temp1_input cores:4 cpufreq:8 throttle:8/8
  SIGLESS_ADDR      = (disabled)
Found 1 query under queries/tpch/tpch-queries/q21/v1_materialized.sql

[1/1] queries/tpch/tpch-queries/q21/v1_materialized.sql (2 warmup + step-up 1 2 4 8 16 x1)
  warmup 1/2: 11.128110 sec (cache prime)
  warmup 2/2: 0.524713 sec
  N=1   batch 1/1: 0.506130 sec, 1 copy (server sum 457.573 ms)
  N=2   batch 1/1: 0.959361 sec, 2 copies (server sum 908.802 ms)
  N=4   batch 1/1: 1.874238 sec, 4 copies (server sum 1799.149 ms)
  N=8   batch 1/1: 3.657124 sec, 8 copies (server sum 3593.784 ms)
  N=16  batch 1/1: 7.177063 sec, 16 copies (server sum 7096.983 ms)
  done: 5 sizes x 1 run (0 failures)

Done. Batch rows appended to logs/warm_stepup/20260919T002827Z-f3d31e/query_timing_tpch_idx.csv
Per-copy samples appended to logs/warm_stepup/20260919T002827Z-f3d31e/query_samples_tpch_idx.csv
Last batch ended at epoch 1789779613.190 (PREV_END_EPOCH for the next invocation)
===== [61/159] queries/tpch/tpch-queries/q10/base.sql run_id=C740A975AF6439DF =====
query_runner configuration:
  QUERY_DIR         = queries/tpch/tpch-queries/q10/base.sql
  LOGS_DIR          = logs/warm_stepup/20260919T002827Z-f3d31e  (query_timing_/query_samples_/query_catalog_tpch_idx.csv)
  DB_NAME / DB_USER = tpch_idx / postgres
  PGPORT            = 5434  (server reports 18.4)
  RUN_ID            = C740A975AF6439DF
  WARMUP            = 2 single-copy warm-ups (the first primes the cache)
  BATCH_SIZES       = 1 2 4 8 16  x RUNS=1 measured batches each
  WORKERS           = (planner default)
  STATEMENT_TIMEOUT = 900
  THERMAL_EQUALISE  = gate (T_LO=55 T_HI=60 preheat<=60s cooldown<=120s)
  sensors           = pkg:/sys/class/hwmon/hwmon8/temp1_input cores:4 cpufreq:8 throttle:8/8
  SIGLESS_ADDR      = (disabled)
Found 1 query under queries/tpch/tpch-queries/q10/base.sql

[1/1] queries/tpch/tpch-queries/q10/base.sql (2 warmup + step-up 1 2 4 8 16 x1)
  thermal gate: waited 4s -> 60.0 C
  warmup 1/2: 2.354825 sec (cache prime)
  warmup 2/2: 0.393519 sec
  N=1   batch 1/1: 0.434104 sec, 1 copy (server sum 344.013 ms)
  N=2   batch 1/1: 0.751057 sec, 2 copies (server sum 652.611 ms)
  N=4   batch 1/1: 1.318294 sec, 4 copies (server sum 1264.120 ms)
  N=8   batch 1/1: 2.549606 sec, 8 copies (server sum 2490.087 ms)
  N=16  batch 1/1: 5.039949 sec, 16 copies (server sum 4967.897 ms)
  done: 5 sizes x 1 run (0 failures)

Done. Batch rows appended to logs/warm_stepup/20260919T002827Z-f3d31e/query_timing_tpch_idx.csv
Per-copy samples appended to logs/warm_stepup/20260919T002827Z-f3d31e/query_samples_tpch_idx.csv
Last batch ended at epoch 1789779634.300 (PREV_END_EPOCH for the next invocation)
===== [62/159] queries/tpch/tpch-queries/q11/v2_cte_threshold.sql run_id=C25E956906DCE418 =====
query_runner configuration:
  QUERY_DIR         = queries/tpch/tpch-queries/q11/v2_cte_threshold.sql
  LOGS_DIR          = logs/warm_stepup/20260919T002827Z-f3d31e  (query_timing_/query_samples_/query_catalog_tpch_idx.csv)
  DB_NAME / DB_USER = tpch_idx / postgres
  PGPORT            = 5434  (server reports 18.4)
  RUN_ID            = C25E956906DCE418
  WARMUP            = 2 single-copy warm-ups (the first primes the cache)
  BATCH_SIZES       = 1 2 4 8 16  x RUNS=1 measured batches each
  WORKERS           = (planner default)
  STATEMENT_TIMEOUT = 900
  THERMAL_EQUALISE  = gate (T_LO=55 T_HI=60 preheat<=60s cooldown<=120s)
  sensors           = pkg:/sys/class/hwmon/hwmon8/temp1_input cores:4 cpufreq:8 throttle:8/8
  SIGLESS_ADDR      = (disabled)
Found 1 query under queries/tpch/tpch-queries/q11/v2_cte_threshold.sql

[1/1] queries/tpch/tpch-queries/q11/v2_cte_threshold.sql (2 warmup + step-up 1 2 4 8 16 x1)
  thermal gate: waited 2s -> 59.0 C
  warmup 1/2: 1.774228 sec (cache prime)
  warmup 2/2: 0.134160 sec
  N=1   batch 1/1: 0.135178 sec, 1 copy (server sum 86.031 ms)
  N=2   batch 1/1: 0.210454 sec, 2 copies (server sum 161.333 ms)
  N=4   batch 1/1: 0.363474 sec, 4 copies (server sum 310.572 ms)
  N=8   batch 1/1: 0.680474 sec, 8 copies (server sum 610.378 ms)
  N=16  batch 1/1: 1.282363 sec, 16 copies (server sum 1207.154 ms)
  done: 5 sizes x 1 run (0 failures)

Done. Batch rows appended to logs/warm_stepup/20260919T002827Z-f3d31e/query_timing_tpch_idx.csv
Per-copy samples appended to logs/warm_stepup/20260919T002827Z-f3d31e/query_samples_tpch_idx.csv
Last batch ended at epoch 1789779644.985 (PREV_END_EPOCH for the next invocation)
===== [63/159] queries/tpch/tpch-queries/q11/v1_materialized.sql run_id=BDCC7C52D36F2572 =====
query_runner configuration:
  QUERY_DIR         = queries/tpch/tpch-queries/q11/v1_materialized.sql
  LOGS_DIR          = logs/warm_stepup/20260919T002827Z-f3d31e  (query_timing_/query_samples_/query_catalog_tpch_idx.csv)
  DB_NAME / DB_USER = tpch_idx / postgres
  PGPORT            = 5434  (server reports 18.4)
  RUN_ID            = BDCC7C52D36F2572
  WARMUP            = 2 single-copy warm-ups (the first primes the cache)
  BATCH_SIZES       = 1 2 4 8 16  x RUNS=1 measured batches each
  WORKERS           = (planner default)
  STATEMENT_TIMEOUT = 900
  THERMAL_EQUALISE  = gate (T_LO=55 T_HI=60 preheat<=60s cooldown<=120s)
  sensors           = pkg:/sys/class/hwmon/hwmon8/temp1_input cores:4 cpufreq:8 throttle:8/8
  SIGLESS_ADDR      = (disabled)
Found 1 query under queries/tpch/tpch-queries/q11/v1_materialized.sql

[1/1] queries/tpch/tpch-queries/q11/v1_materialized.sql (2 warmup + step-up 1 2 4 8 16 x1)
  warmup 1/2: 1.797561 sec (cache prime)
  warmup 2/2: 0.135778 sec
  N=1   batch 1/1: 0.132518 sec, 1 copy (server sum 85.196 ms)
  N=2   batch 1/1: 0.209230 sec, 2 copies (server sum 159.919 ms)
  N=4   batch 1/1: 0.366864 sec, 4 copies (server sum 313.767 ms)
  N=8   batch 1/1: 0.693783 sec, 8 copies (server sum 619.503 ms)
  N=16  batch 1/1: 1.310748 sec, 16 copies (server sum 1234.852 ms)
  done: 5 sizes x 1 run (0 failures)

Done. Batch rows appended to logs/warm_stepup/20260919T002827Z-f3d31e/query_timing_tpch_idx.csv
Per-copy samples appended to logs/warm_stepup/20260919T002827Z-f3d31e/query_samples_tpch_idx.csv
Last batch ended at epoch 1789779653.408 (PREV_END_EPOCH for the next invocation)
===== [64/159] queries/tpch/tpch-queries/q04/v2_in.sql run_id=085771C49384D53F =====
query_runner configuration:
  QUERY_DIR         = queries/tpch/tpch-queries/q04/v2_in.sql
  LOGS_DIR          = logs/warm_stepup/20260919T002827Z-f3d31e  (query_timing_/query_samples_/query_catalog_tpch_idx.csv)
  DB_NAME / DB_USER = tpch_idx / postgres
  PGPORT            = 5434  (server reports 18.4)
  RUN_ID            = 085771C49384D53F
  WARMUP            = 2 single-copy warm-ups (the first primes the cache)
  BATCH_SIZES       = 1 2 4 8 16  x RUNS=1 measured batches each
  WORKERS           = (planner default)
  STATEMENT_TIMEOUT = 900
  THERMAL_EQUALISE  = gate (T_LO=55 T_HI=60 preheat<=60s cooldown<=120s)
  sensors           = pkg:/sys/class/hwmon/hwmon8/temp1_input cores:4 cpufreq:8 throttle:8/8
  SIGLESS_ADDR      = (disabled)
Found 1 query under queries/tpch/tpch-queries/q04/v2_in.sql

[1/1] queries/tpch/tpch-queries/q04/v2_in.sql (2 warmup + step-up 1 2 4 8 16 x1)
  warmup 1/2: 1.724632 sec (cache prime)
  warmup 2/2: 0.155373 sec
  N=1   batch 1/1: 0.155974 sec, 1 copy (server sum 107.081 ms)
  N=2   batch 1/1: 0.251502 sec, 2 copies (server sum 202.979 ms)
  N=4   batch 1/1: 0.438785 sec, 4 copies (server sum 389.500 ms)
  N=8   batch 1/1: 0.824365 sec, 8 copies (server sum 771.726 ms)
  N=16  batch 1/1: 1.588135 sec, 16 copies (server sum 1527.837 ms)
  done: 5 sizes x 1 run (0 failures)

Done. Batch rows appended to logs/warm_stepup/20260919T002827Z-f3d31e/query_timing_tpch_idx.csv
Per-copy samples appended to logs/warm_stepup/20260919T002827Z-f3d31e/query_samples_tpch_idx.csv
Last batch ended at epoch 1789779662.433 (PREV_END_EPOCH for the next invocation)
===== [65/159] queries/tpch/tpch-queries/q12/v2_filter.sql run_id=7F80BC008CDD70A8 =====
query_runner configuration:
  QUERY_DIR         = queries/tpch/tpch-queries/q12/v2_filter.sql
  LOGS_DIR          = logs/warm_stepup/20260919T002827Z-f3d31e  (query_timing_/query_samples_/query_catalog_tpch_idx.csv)
  DB_NAME / DB_USER = tpch_idx / postgres
  PGPORT            = 5434  (server reports 18.4)
  RUN_ID            = 7F80BC008CDD70A8
  WARMUP            = 2 single-copy warm-ups (the first primes the cache)
  BATCH_SIZES       = 1 2 4 8 16  x RUNS=1 measured batches each
  WORKERS           = (planner default)
  STATEMENT_TIMEOUT = 900
  THERMAL_EQUALISE  = gate (T_LO=55 T_HI=60 preheat<=60s cooldown<=120s)
  sensors           = pkg:/sys/class/hwmon/hwmon8/temp1_input cores:4 cpufreq:8 throttle:8/8
  SIGLESS_ADDR      = (disabled)
Found 1 query under queries/tpch/tpch-queries/q12/v2_filter.sql

[1/1] queries/tpch/tpch-queries/q12/v2_filter.sql (2 warmup + step-up 1 2 4 8 16 x1)
  thermal gate: waited 2s -> 56.0 C
  warmup 1/2: 1.715908 sec (cache prime)
  warmup 2/2: 0.379979 sec
  N=1   batch 1/1: 0.404907 sec, 1 copy (server sum 331.277 ms)
  N=2   batch 1/1: 0.681902 sec, 2 copies (server sum 634.053 ms)
  N=4   batch 1/1: 1.269768 sec, 4 copies (server sum 1218.503 ms)
  N=8   batch 1/1: 2.456751 sec, 8 copies (server sum 2401.391 ms)
  N=16  batch 1/1: 4.847182 sec, 16 copies (server sum 4786.920 ms)
  done: 5 sizes x 1 run (0 failures)

Done. Batch rows appended to logs/warm_stepup/20260919T002827Z-f3d31e/query_timing_tpch_idx.csv
Per-copy samples appended to logs/warm_stepup/20260919T002827Z-f3d31e/query_samples_tpch_idx.csv
Last batch ended at epoch 1789779680.369 (PREV_END_EPOCH for the next invocation)
===== [66/159] queries/tpch/tpch-queries/q21/v1_materialized.sql run_id=EF223C7A2D93AE2B =====
query_runner configuration:
  QUERY_DIR         = queries/tpch/tpch-queries/q21/v1_materialized.sql
  LOGS_DIR          = logs/warm_stepup/20260919T002827Z-f3d31e  (query_timing_/query_samples_/query_catalog_tpch_idx.csv)
  DB_NAME / DB_USER = tpch_idx / postgres
  PGPORT            = 5434  (server reports 18.4)
  RUN_ID            = EF223C7A2D93AE2B
  WARMUP            = 2 single-copy warm-ups (the first primes the cache)
  BATCH_SIZES       = 1 2 4 8 16  x RUNS=1 measured batches each
  WORKERS           = (planner default)
  STATEMENT_TIMEOUT = 900
  THERMAL_EQUALISE  = gate (T_LO=55 T_HI=60 preheat<=60s cooldown<=120s)
  sensors           = pkg:/sys/class/hwmon/hwmon8/temp1_input cores:4 cpufreq:8 throttle:8/8
  SIGLESS_ADDR      = (disabled)
Found 1 query under queries/tpch/tpch-queries/q21/v1_materialized.sql

[1/1] queries/tpch/tpch-queries/q21/v1_materialized.sql (2 warmup + step-up 1 2 4 8 16 x1)
  thermal gate: waited 2s -> 59.0 C
  warmup 1/2: 11.272189 sec (cache prime)
  warmup 2/2: 0.507146 sec
  N=1   batch 1/1: 0.510401 sec, 1 copy (server sum 461.487 ms)
  N=2   batch 1/1: 0.967928 sec, 2 copies (server sum 916.932 ms)
  N=4   batch 1/1: 1.876562 sec, 4 copies (server sum 1807.758 ms)
  N=8   batch 1/1: 3.632152 sec, 8 copies (server sum 3568.835 ms)
  N=16  batch 1/1: 7.217888 sec, 16 copies (server sum 7090.152 ms)
  done: 5 sizes x 1 run (0 failures)

Done. Batch rows appended to logs/warm_stepup/20260919T002827Z-f3d31e/query_timing_tpch_idx.csv
Per-copy samples appended to logs/warm_stepup/20260919T002827Z-f3d31e/query_samples_tpch_idx.csv
Last batch ended at epoch 1789779712.890 (PREV_END_EPOCH for the next invocation)
===== [67/159] queries/tpch/tpch-queries/q19/base.sql run_id=91C9DD0EA29A74EC =====
query_runner configuration:
  QUERY_DIR         = queries/tpch/tpch-queries/q19/base.sql
  LOGS_DIR          = logs/warm_stepup/20260919T002827Z-f3d31e  (query_timing_/query_samples_/query_catalog_tpch_idx.csv)
  DB_NAME / DB_USER = tpch_idx / postgres
  PGPORT            = 5434  (server reports 18.4)
  RUN_ID            = 91C9DD0EA29A74EC
  WARMUP            = 2 single-copy warm-ups (the first primes the cache)
  BATCH_SIZES       = 1 2 4 8 16  x RUNS=1 measured batches each
  WORKERS           = (planner default)
  STATEMENT_TIMEOUT = 900
  THERMAL_EQUALISE  = gate (T_LO=55 T_HI=60 preheat<=60s cooldown<=120s)
  sensors           = pkg:/sys/class/hwmon/hwmon8/temp1_input cores:4 cpufreq:8 throttle:8/8
  SIGLESS_ADDR      = (disabled)
Found 1 query under queries/tpch/tpch-queries/q19/base.sql

[1/1] queries/tpch/tpch-queries/q19/base.sql (2 warmup + step-up 1 2 4 8 16 x1)
  thermal gate: waited 4s -> 60.0 C
  warmup 1/2: 1.849639 sec (cache prime)
  warmup 2/2: 0.078709 sec
  N=1   batch 1/1: 0.079580 sec, 1 copy (server sum 30.998 ms)
  N=2   batch 1/1: 0.107533 sec, 2 copies (server sum 59.051 ms)
  N=4   batch 1/1: 0.164696 sec, 4 copies (server sum 114.152 ms)
  N=8   batch 1/1: 0.288855 sec, 8 copies (server sum 223.040 ms)
  N=16  batch 1/1: 0.507439 sec, 16 copies (server sum 442.130 ms)
  done: 5 sizes x 1 run (0 failures)

Done. Batch rows appended to logs/warm_stepup/20260919T002827Z-f3d31e/query_timing_tpch_idx.csv
Per-copy samples appended to logs/warm_stepup/20260919T002827Z-f3d31e/query_samples_tpch_idx.csv
Last batch ended at epoch 1789779724.533 (PREV_END_EPOCH for the next invocation)
===== [68/159] queries/tpch/tpch-queries/q07/base.sql run_id=2E3763049E5B26AF =====
query_runner configuration:
  QUERY_DIR         = queries/tpch/tpch-queries/q07/base.sql
  LOGS_DIR          = logs/warm_stepup/20260919T002827Z-f3d31e  (query_timing_/query_samples_/query_catalog_tpch_idx.csv)
  DB_NAME / DB_USER = tpch_idx / postgres
  PGPORT            = 5434  (server reports 18.4)
  RUN_ID            = 2E3763049E5B26AF
  WARMUP            = 2 single-copy warm-ups (the first primes the cache)
  BATCH_SIZES       = 1 2 4 8 16  x RUNS=1 measured batches each
  WORKERS           = (planner default)
  STATEMENT_TIMEOUT = 900
  THERMAL_EQUALISE  = gate (T_LO=55 T_HI=60 preheat<=60s cooldown<=120s)
  sensors           = pkg:/sys/class/hwmon/hwmon8/temp1_input cores:4 cpufreq:8 throttle:8/8
  SIGLESS_ADDR      = (disabled)
Found 1 query under queries/tpch/tpch-queries/q07/base.sql

[1/1] queries/tpch/tpch-queries/q07/base.sql (2 warmup + step-up 1 2 4 8 16 x1)
  thermal gate: waited 2s -> 58.0 C
  warmup 1/2: 12.394562 sec (cache prime)
  warmup 2/2: 0.669100 sec
  N=1   batch 1/1: 0.668641 sec, 1 copy (server sum 618.569 ms)
  N=2   batch 1/1: 1.261523 sec, 2 copies (server sum 1206.952 ms)
  N=4   batch 1/1: 2.436967 sec, 4 copies (server sum 2377.936 ms)
  N=8   batch 1/1: 4.799944 sec, 8 copies (server sum 4726.305 ms)
  N=16  batch 1/1: 9.543782 sec, 16 copies (server sum 9396.640 ms)
  done: 5 sizes x 1 run (0 failures)

Done. Batch rows appended to logs/warm_stepup/20260919T002827Z-f3d31e/query_timing_tpch_idx.csv
Per-copy samples appended to logs/warm_stepup/20260919T002827Z-f3d31e/query_samples_tpch_idx.csv
Last batch ended at epoch 1789779762.198 (PREV_END_EPOCH for the next invocation)
===== [69/159] queries/tpch/tpch-queries/q08/base.sql run_id=537FFA765712CB73 =====
query_runner configuration:
  QUERY_DIR         = queries/tpch/tpch-queries/q08/base.sql
  LOGS_DIR          = logs/warm_stepup/20260919T002827Z-f3d31e  (query_timing_/query_samples_/query_catalog_tpch_idx.csv)
  DB_NAME / DB_USER = tpch_idx / postgres
  PGPORT            = 5434  (server reports 18.4)
  RUN_ID            = 537FFA765712CB73
  WARMUP            = 2 single-copy warm-ups (the first primes the cache)
  BATCH_SIZES       = 1 2 4 8 16  x RUNS=1 measured batches each
  WORKERS           = (planner default)
  STATEMENT_TIMEOUT = 900
  THERMAL_EQUALISE  = gate (T_LO=55 T_HI=60 preheat<=60s cooldown<=120s)
  sensors           = pkg:/sys/class/hwmon/hwmon8/temp1_input cores:4 cpufreq:8 throttle:8/8
  SIGLESS_ADDR      = (disabled)
Found 1 query under queries/tpch/tpch-queries/q08/base.sql

[1/1] queries/tpch/tpch-queries/q08/base.sql (2 warmup + step-up 1 2 4 8 16 x1)
  thermal gate: waited 2s -> 60.0 C
  warmup 1/2: 4.708897 sec (cache prime)
  warmup 2/2: 0.180688 sec
  N=1   batch 1/1: 0.178811 sec, 1 copy (server sum 128.170 ms)
  N=2   batch 1/1: 0.321751 sec, 2 copies (server sum 242.978 ms)
  N=4   batch 1/1: 0.534747 sec, 4 copies (server sum 475.975 ms)
  N=8   batch 1/1: 0.999196 sec, 8 copies (server sum 929.726 ms)
  N=16  batch 1/1: 1.979933 sec, 16 copies (server sum 1843.326 ms)
  done: 5 sizes x 1 run (0 failures)

Done. Batch rows appended to logs/warm_stepup/20260919T002827Z-f3d31e/query_timing_tpch_idx.csv
Per-copy samples appended to logs/warm_stepup/20260919T002827Z-f3d31e/query_samples_tpch_idx.csv
Last batch ended at epoch 1789779777.096 (PREV_END_EPOCH for the next invocation)
===== [70/159] queries/tpch/tpch-queries/q14/v2_filter.sql run_id=9950A68D102FB100 =====
query_runner configuration:
  QUERY_DIR         = queries/tpch/tpch-queries/q14/v2_filter.sql
  LOGS_DIR          = logs/warm_stepup/20260919T002827Z-f3d31e  (query_timing_/query_samples_/query_catalog_tpch_idx.csv)
  DB_NAME / DB_USER = tpch_idx / postgres
  PGPORT            = 5434  (server reports 18.4)
  RUN_ID            = 9950A68D102FB100
  WARMUP            = 2 single-copy warm-ups (the first primes the cache)
  BATCH_SIZES       = 1 2 4 8 16  x RUNS=1 measured batches each
  WORKERS           = (planner default)
  STATEMENT_TIMEOUT = 900
  THERMAL_EQUALISE  = gate (T_LO=55 T_HI=60 preheat<=60s cooldown<=120s)
  sensors           = pkg:/sys/class/hwmon/hwmon8/temp1_input cores:4 cpufreq:8 throttle:8/8
  SIGLESS_ADDR      = (disabled)
Found 1 query under queries/tpch/tpch-queries/q14/v2_filter.sql

[1/1] queries/tpch/tpch-queries/q14/v2_filter.sql (2 warmup + step-up 1 2 4 8 16 x1)
  thermal gate: waited 2s -> 58.0 C
  warmup 1/2: 1.483090 sec (cache prime)
  warmup 2/2: 0.202364 sec
  N=1   batch 1/1: 0.201589 sec, 1 copy (server sum 154.154 ms)
  N=2   batch 1/1: 0.331433 sec, 2 copies (server sum 283.372 ms)
  N=4   batch 1/1: 0.583933 sec, 4 copies (server sum 534.942 ms)
  N=8   batch 1/1: 1.188699 sec, 8 copies (server sum 1053.287 ms)
  N=16  batch 1/1: 2.132175 sec, 16 copies (server sum 2073.135 ms)
  done: 5 sizes x 1 run (0 failures)

Done. Batch rows appended to logs/warm_stepup/20260919T002827Z-f3d31e/query_timing_tpch_idx.csv
Per-copy samples appended to logs/warm_stepup/20260919T002827Z-f3d31e/query_samples_tpch_idx.csv
Last batch ended at epoch 1789779789.453 (PREV_END_EPOCH for the next invocation)
===== [71/159] queries/tpch/tpch-queries/q04/v1_materialized.sql run_id=812DA428AE1B4540 =====
query_runner configuration:
  QUERY_DIR         = queries/tpch/tpch-queries/q04/v1_materialized.sql
  LOGS_DIR          = logs/warm_stepup/20260919T002827Z-f3d31e  (query_timing_/query_samples_/query_catalog_tpch_idx.csv)
  DB_NAME / DB_USER = tpch_idx / postgres
  PGPORT            = 5434  (server reports 18.4)
  RUN_ID            = 812DA428AE1B4540
  WARMUP            = 2 single-copy warm-ups (the first primes the cache)
  BATCH_SIZES       = 1 2 4 8 16  x RUNS=1 measured batches each
  WORKERS           = (planner default)
  STATEMENT_TIMEOUT = 900
  THERMAL_EQUALISE  = gate (T_LO=55 T_HI=60 preheat<=60s cooldown<=120s)
  sensors           = pkg:/sys/class/hwmon/hwmon8/temp1_input cores:4 cpufreq:8 throttle:8/8
  SIGLESS_ADDR      = (disabled)
Found 1 query under queries/tpch/tpch-queries/q04/v1_materialized.sql

[1/1] queries/tpch/tpch-queries/q04/v1_materialized.sql (2 warmup + step-up 1 2 4 8 16 x1)
  thermal gate: waited 2s -> 58.0 C
  warmup 1/2: 1.790013 sec (cache prime)
  warmup 2/2: 0.154930 sec
  N=1   batch 1/1: 0.157015 sec, 1 copy (server sum 108.279 ms)
  N=2   batch 1/1: 0.255123 sec, 2 copies (server sum 203.497 ms)
  N=4   batch 1/1: 0.441402 sec, 4 copies (server sum 391.850 ms)
  N=8   batch 1/1: 0.826434 sec, 8 copies (server sum 773.317 ms)
  N=16  batch 1/1: 1.595959 sec, 16 copies (server sum 1535.683 ms)
  done: 5 sizes x 1 run (0 failures)

Done. Batch rows appended to logs/warm_stepup/20260919T002827Z-f3d31e/query_timing_tpch_idx.csv
Per-copy samples appended to logs/warm_stepup/20260919T002827Z-f3d31e/query_samples_tpch_idx.csv
Last batch ended at epoch 1789779800.638 (PREV_END_EPOCH for the next invocation)
===== [72/159] queries/tpch/tpch-queries/q15/v1_materialized.sql run_id=97B751FD41B7BE00 =====
query_runner configuration:
  QUERY_DIR         = queries/tpch/tpch-queries/q15/v1_materialized.sql
  LOGS_DIR          = logs/warm_stepup/20260919T002827Z-f3d31e  (query_timing_/query_samples_/query_catalog_tpch_idx.csv)
  DB_NAME / DB_USER = tpch_idx / postgres
  PGPORT            = 5434  (server reports 18.4)
  RUN_ID            = 97B751FD41B7BE00
  WARMUP            = 2 single-copy warm-ups (the first primes the cache)
  BATCH_SIZES       = 1 2 4 8 16  x RUNS=1 measured batches each
  WORKERS           = (planner default)
  STATEMENT_TIMEOUT = 900
  THERMAL_EQUALISE  = gate (T_LO=55 T_HI=60 preheat<=60s cooldown<=120s)
  sensors           = pkg:/sys/class/hwmon/hwmon8/temp1_input cores:4 cpufreq:8 throttle:8/8
  SIGLESS_ADDR      = (disabled)
Found 1 query under queries/tpch/tpch-queries/q15/v1_materialized.sql

[1/1] queries/tpch/tpch-queries/q15/v1_materialized.sql (2 warmup + step-up 1 2 4 8 16 x1)
  thermal gate: waited 2s -> 57.0 C
  warmup 1/2: 2.124468 sec (cache prime)
  warmup 2/2: 0.332129 sec
  N=1   batch 1/1: 0.335954 sec, 1 copy (server sum 288.133 ms)
  N=2   batch 1/1: 0.559058 sec, 2 copies (server sum 510.800 ms)
  N=4   batch 1/1: 1.013714 sec, 4 copies (server sum 958.883 ms)
  N=8   batch 1/1: 1.905786 sec, 8 copies (server sum 1853.063 ms)
  N=16  batch 1/1: 3.685435 sec, 16 copies (server sum 3625.983 ms)
  done: 5 sizes x 1 run (0 failures)

Done. Batch rows appended to logs/warm_stepup/20260919T002827Z-f3d31e/query_timing_tpch_idx.csv
Per-copy samples appended to logs/warm_stepup/20260919T002827Z-f3d31e/query_samples_tpch_idx.csv
Last batch ended at epoch 1789779816.798 (PREV_END_EPOCH for the next invocation)
===== [73/159] queries/tpch/tpch-queries/q12/base.sql run_id=9678BCCB3E3483D4 =====
query_runner configuration:
  QUERY_DIR         = queries/tpch/tpch-queries/q12/base.sql
  LOGS_DIR          = logs/warm_stepup/20260919T002827Z-f3d31e  (query_timing_/query_samples_/query_catalog_tpch_idx.csv)
  DB_NAME / DB_USER = tpch_idx / postgres
  PGPORT            = 5434  (server reports 18.4)
  RUN_ID            = 9678BCCB3E3483D4
  WARMUP            = 2 single-copy warm-ups (the first primes the cache)
  BATCH_SIZES       = 1 2 4 8 16  x RUNS=1 measured batches each
  WORKERS           = (planner default)
  STATEMENT_TIMEOUT = 900
  THERMAL_EQUALISE  = gate (T_LO=55 T_HI=60 preheat<=60s cooldown<=120s)
  sensors           = pkg:/sys/class/hwmon/hwmon8/temp1_input cores:4 cpufreq:8 throttle:8/8
  SIGLESS_ADDR      = (disabled)
Found 1 query under queries/tpch/tpch-queries/q12/base.sql

[1/1] queries/tpch/tpch-queries/q12/base.sql (2 warmup + step-up 1 2 4 8 16 x1)
  warmup 1/2: 1.674249 sec (cache prime)
  warmup 2/2: 0.385309 sec
  N=1   batch 1/1: 0.459829 sec, 1 copy (server sum 332.450 ms)
  N=2   batch 1/1: 0.693491 sec, 2 copies (server sum 644.873 ms)
  N=4   batch 1/1: 1.297079 sec, 4 copies (server sum 1246.557 ms)
  N=8   batch 1/1: 2.459926 sec, 8 copies (server sum 2406.222 ms)
  N=16  batch 1/1: 4.833623 sec, 16 copies (server sum 4771.358 ms)
  done: 5 sizes x 1 run (0 failures)

Done. Batch rows appended to logs/warm_stepup/20260919T002827Z-f3d31e/query_timing_tpch_idx.csv
Per-copy samples appended to logs/warm_stepup/20260919T002827Z-f3d31e/query_samples_tpch_idx.csv
Last batch ended at epoch 1789779832.863 (PREV_END_EPOCH for the next invocation)
===== [74/159] queries/tpch/tpch-queries/q19/v2_union_all.sql run_id=3EDE26D97DE4E616 =====
query_runner configuration:
  QUERY_DIR         = queries/tpch/tpch-queries/q19/v2_union_all.sql
  LOGS_DIR          = logs/warm_stepup/20260919T002827Z-f3d31e  (query_timing_/query_samples_/query_catalog_tpch_idx.csv)
  DB_NAME / DB_USER = tpch_idx / postgres
  PGPORT            = 5434  (server reports 18.4)
  RUN_ID            = 3EDE26D97DE4E616
  WARMUP            = 2 single-copy warm-ups (the first primes the cache)
  BATCH_SIZES       = 1 2 4 8 16  x RUNS=1 measured batches each
  WORKERS           = (planner default)
  STATEMENT_TIMEOUT = 900
  THERMAL_EQUALISE  = gate (T_LO=55 T_HI=60 preheat<=60s cooldown<=120s)
  sensors           = pkg:/sys/class/hwmon/hwmon8/temp1_input cores:4 cpufreq:8 throttle:8/8
  SIGLESS_ADDR      = (disabled)
Found 1 query under queries/tpch/tpch-queries/q19/v2_union_all.sql

[1/1] queries/tpch/tpch-queries/q19/v2_union_all.sql (2 warmup + step-up 1 2 4 8 16 x1)
  thermal gate: waited 2s -> 59.0 C
  warmup 1/2: 1.064384 sec (cache prime)
  warmup 2/2: 0.092291 sec
  N=1   batch 1/1: 0.090844 sec, 1 copy (server sum 42.538 ms)
  N=2   batch 1/1: 0.131711 sec, 2 copies (server sum 82.283 ms)
  N=4   batch 1/1: 0.212361 sec, 4 copies (server sum 159.792 ms)
  N=8   batch 1/1: 0.373217 sec, 8 copies (server sum 315.070 ms)
  N=16  batch 1/1: 0.722647 sec, 16 copies (server sum 633.534 ms)
  done: 5 sizes x 1 run (0 failures)

Done. Batch rows appended to logs/warm_stepup/20260919T002827Z-f3d31e/query_timing_tpch_idx.csv
Per-copy samples appended to logs/warm_stepup/20260919T002827Z-f3d31e/query_samples_tpch_idx.csv
Last batch ended at epoch 1789779841.980 (PREV_END_EPOCH for the next invocation)
===== [75/159] queries/tpch/tpch-queries/q13/base.sql run_id=6FB0B089CAF5528E =====
query_runner configuration:
  QUERY_DIR         = queries/tpch/tpch-queries/q13/base.sql
  LOGS_DIR          = logs/warm_stepup/20260919T002827Z-f3d31e  (query_timing_/query_samples_/query_catalog_tpch_idx.csv)
  DB_NAME / DB_USER = tpch_idx / postgres
  PGPORT            = 5434  (server reports 18.4)
  RUN_ID            = 6FB0B089CAF5528E
  WARMUP            = 2 single-copy warm-ups (the first primes the cache)
  BATCH_SIZES       = 1 2 4 8 16  x RUNS=1 measured batches each
  WORKERS           = (planner default)
  STATEMENT_TIMEOUT = 900
  THERMAL_EQUALISE  = gate (T_LO=55 T_HI=60 preheat<=60s cooldown<=120s)
  sensors           = pkg:/sys/class/hwmon/hwmon8/temp1_input cores:4 cpufreq:8 throttle:8/8
  SIGLESS_ADDR      = (disabled)
Found 1 query under queries/tpch/tpch-queries/q13/base.sql

[1/1] queries/tpch/tpch-queries/q13/base.sql (2 warmup + step-up 1 2 4 8 16 x1)
  thermal gate: waited 2s -> 57.0 C
  warmup 1/2: 1.673157 sec (cache prime)
  warmup 2/2: 1.410649 sec
  N=1   batch 1/1: 1.414391 sec, 1 copy (server sum 1367.236 ms)
  N=2   batch 1/1: 2.751616 sec, 2 copies (server sum 2702.828 ms)
  N=4   batch 1/1: 5.462512 sec, 4 copies (server sum 5410.653 ms)
  N=8   batch 1/1: 10.884412 sec, 8 copies (server sum 10778.167 ms)
  N=16  batch 1/1: 21.434627 sec, 16 copies (server sum 21363.594 ms)
  done: 5 sizes x 1 run (0 failures)

Done. Batch rows appended to logs/warm_stepup/20260919T002827Z-f3d31e/query_timing_tpch_idx.csv
Per-copy samples appended to logs/warm_stepup/20260919T002827Z-f3d31e/query_samples_tpch_idx.csv
Last batch ended at epoch 1789779893.187 (PREV_END_EPOCH for the next invocation)
===== [76/159] queries/tpch/tpch-queries/q18/base.sql run_id=A13360C9558D7D15 =====
query_runner configuration:
  QUERY_DIR         = queries/tpch/tpch-queries/q18/base.sql
  LOGS_DIR          = logs/warm_stepup/20260919T002827Z-f3d31e  (query_timing_/query_samples_/query_catalog_tpch_idx.csv)
  DB_NAME / DB_USER = tpch_idx / postgres
  PGPORT            = 5434  (server reports 18.4)
  RUN_ID            = A13360C9558D7D15
  WARMUP            = 2 single-copy warm-ups (the first primes the cache)
  BATCH_SIZES       = 1 2 4 8 16  x RUNS=1 measured batches each
  WORKERS           = (planner default)
  STATEMENT_TIMEOUT = 900
  THERMAL_EQUALISE  = gate (T_LO=55 T_HI=60 preheat<=60s cooldown<=120s)
  sensors           = pkg:/sys/class/hwmon/hwmon8/temp1_input cores:4 cpufreq:8 throttle:8/8
  SIGLESS_ADDR      = (disabled)
Found 1 query under queries/tpch/tpch-queries/q18/base.sql

[1/1] queries/tpch/tpch-queries/q18/base.sql (2 warmup + step-up 1 2 4 8 16 x1)
  warmup 1/2: 5.930248 sec (cache prime)
  warmup 2/2: 4.742154 sec
  N=1   batch 1/1: 4.784483 sec, 1 copy (server sum 4688.217 ms)
  N=2   batch 1/1: 9.412402 sec, 2 copies (server sum 9362.225 ms)
  N=4   batch 1/1: 18.807589 sec, 4 copies (server sum 18711.222 ms)
  N=8   batch 1/1: 37.963272 sec, 8 copies (server sum 37880.794 ms)
  N=16  batch 1/1: 77.385192 sec, 16 copies (server sum 77311.070 ms)
  done: 5 sizes x 1 run (0 failures)

Done. Batch rows appended to logs/warm_stepup/20260919T002827Z-f3d31e/query_timing_tpch_idx.csv
Per-copy samples appended to logs/warm_stepup/20260919T002827Z-f3d31e/query_samples_tpch_idx.csv
Last batch ended at epoch 1789780056.036 (PREV_END_EPOCH for the next invocation)
===== [77/159] queries/tpch/tpch-queries/q05/base.sql run_id=4A9C1A0784E08817 =====
query_runner configuration:
  QUERY_DIR         = queries/tpch/tpch-queries/q05/base.sql
  LOGS_DIR          = logs/warm_stepup/20260919T002827Z-f3d31e  (query_timing_/query_samples_/query_catalog_tpch_idx.csv)
  DB_NAME / DB_USER = tpch_idx / postgres
  PGPORT            = 5434  (server reports 18.4)
  RUN_ID            = 4A9C1A0784E08817
  WARMUP            = 2 single-copy warm-ups (the first primes the cache)
  BATCH_SIZES       = 1 2 4 8 16  x RUNS=1 measured batches each
  WORKERS           = (planner default)
  STATEMENT_TIMEOUT = 900
  THERMAL_EQUALISE  = gate (T_LO=55 T_HI=60 preheat<=60s cooldown<=120s)
  sensors           = pkg:/sys/class/hwmon/hwmon8/temp1_input cores:4 cpufreq:8 throttle:8/8
  SIGLESS_ADDR      = (disabled)
Found 1 query under queries/tpch/tpch-queries/q05/base.sql

[1/1] queries/tpch/tpch-queries/q05/base.sql (2 warmup + step-up 1 2 4 8 16 x1)
  thermal gate: waited 16s -> 59.0 C
  warmup 1/2: 8.559873 sec (cache prime)
  warmup 2/2: 0.286651 sec
  N=1   batch 1/1: 0.283074 sec, 1 copy (server sum 233.628 ms)
  N=2   batch 1/1: 0.503663 sec, 2 copies (server sum 451.173 ms)
  N=4   batch 1/1: 0.938175 sec, 4 copies (server sum 880.782 ms)
  N=8   batch 1/1: 1.827550 sec, 8 copies (server sum 1760.074 ms)
  N=16  batch 1/1: 3.576428 sec, 16 copies (server sum 3487.515 ms)
  done: 5 sizes x 1 run (0 failures)

Done. Batch rows appended to logs/warm_stepup/20260919T002827Z-f3d31e/query_timing_tpch_idx.csv
Per-copy samples appended to logs/warm_stepup/20260919T002827Z-f3d31e/query_samples_tpch_idx.csv
Last batch ended at epoch 1789780092.296 (PREV_END_EPOCH for the next invocation)
===== [78/159] queries/tpch/tpch-queries/q07/base.sql run_id=2C6D6C6FD72C28AB =====
query_runner configuration:
  QUERY_DIR         = queries/tpch/tpch-queries/q07/base.sql
  LOGS_DIR          = logs/warm_stepup/20260919T002827Z-f3d31e  (query_timing_/query_samples_/query_catalog_tpch_idx.csv)
  DB_NAME / DB_USER = tpch_idx / postgres
  PGPORT            = 5434  (server reports 18.4)
  RUN_ID            = 2C6D6C6FD72C28AB
  WARMUP            = 2 single-copy warm-ups (the first primes the cache)
  BATCH_SIZES       = 1 2 4 8 16  x RUNS=1 measured batches each
  WORKERS           = (planner default)
  STATEMENT_TIMEOUT = 900
  THERMAL_EQUALISE  = gate (T_LO=55 T_HI=60 preheat<=60s cooldown<=120s)
  sensors           = pkg:/sys/class/hwmon/hwmon8/temp1_input cores:4 cpufreq:8 throttle:8/8
  SIGLESS_ADDR      = (disabled)
Found 1 query under queries/tpch/tpch-queries/q07/base.sql

[1/1] queries/tpch/tpch-queries/q07/base.sql (2 warmup + step-up 1 2 4 8 16 x1)
  thermal gate: waited 2s -> 58.0 C
  warmup 1/2: 12.378775 sec (cache prime)
  warmup 2/2: 0.674337 sec
  N=1   batch 1/1: 0.675805 sec, 1 copy (server sum 625.855 ms)
  N=2   batch 1/1: 1.259272 sec, 2 copies (server sum 1206.380 ms)
  N=4   batch 1/1: 2.437913 sec, 4 copies (server sum 2379.231 ms)
  N=8   batch 1/1: 4.774357 sec, 8 copies (server sum 4704.148 ms)
  N=16  batch 1/1: 9.570717 sec, 16 copies (server sum 9420.492 ms)
  done: 5 sizes x 1 run (0 failures)

Done. Batch rows appended to logs/warm_stepup/20260919T002827Z-f3d31e/query_timing_tpch_idx.csv
Per-copy samples appended to logs/warm_stepup/20260919T002827Z-f3d31e/query_samples_tpch_idx.csv
Last batch ended at epoch 1789780130.305 (PREV_END_EPOCH for the next invocation)
===== [79/159] queries/tpch/tpch-queries/q02/v2_decorrelate.sql run_id=1838AEC21023CDAF =====
query_runner configuration:
  QUERY_DIR         = queries/tpch/tpch-queries/q02/v2_decorrelate.sql
  LOGS_DIR          = logs/warm_stepup/20260919T002827Z-f3d31e  (query_timing_/query_samples_/query_catalog_tpch_idx.csv)
  DB_NAME / DB_USER = tpch_idx / postgres
  PGPORT            = 5434  (server reports 18.4)
  RUN_ID            = 1838AEC21023CDAF
  WARMUP            = 2 single-copy warm-ups (the first primes the cache)
  BATCH_SIZES       = 1 2 4 8 16  x RUNS=1 measured batches each
  WORKERS           = (planner default)
  STATEMENT_TIMEOUT = 900
  THERMAL_EQUALISE  = gate (T_LO=55 T_HI=60 preheat<=60s cooldown<=120s)
  sensors           = pkg:/sys/class/hwmon/hwmon8/temp1_input cores:4 cpufreq:8 throttle:8/8
  SIGLESS_ADDR      = (disabled)
Found 1 query under queries/tpch/tpch-queries/q02/v2_decorrelate.sql

[1/1] queries/tpch/tpch-queries/q02/v2_decorrelate.sql (2 warmup + step-up 1 2 4 8 16 x1)
  thermal gate: waited 4s -> 59.0 C
  warmup 1/2: 2.325708 sec (cache prime)
  warmup 2/2: 0.244794 sec
  N=1   batch 1/1: 0.241193 sec, 1 copy (server sum 191.235 ms)
  N=2   batch 1/1: 0.430538 sec, 2 copies (server sum 377.395 ms)
  N=4   batch 1/1: 0.790992 sec, 4 copies (server sum 731.085 ms)
  N=8   batch 1/1: 1.550798 sec, 8 copies (server sum 1436.520 ms)
  N=16  batch 1/1: 2.963493 sec, 16 copies (server sum 2862.679 ms)
  done: 5 sizes x 1 run (0 failures)

Done. Batch rows appended to logs/warm_stepup/20260919T002827Z-f3d31e/query_timing_tpch_idx.csv
Per-copy samples appended to logs/warm_stepup/20260919T002827Z-f3d31e/query_samples_tpch_idx.csv
Last batch ended at epoch 1789780147.206 (PREV_END_EPOCH for the next invocation)
===== [80/159] queries/tpch/tpch-queries/q18/base.sql run_id=9A6AAEABFC11D5FF =====
query_runner configuration:
  QUERY_DIR         = queries/tpch/tpch-queries/q18/base.sql
  LOGS_DIR          = logs/warm_stepup/20260919T002827Z-f3d31e  (query_timing_/query_samples_/query_catalog_tpch_idx.csv)
  DB_NAME / DB_USER = tpch_idx / postgres
  PGPORT            = 5434  (server reports 18.4)
  RUN_ID            = 9A6AAEABFC11D5FF
  WARMUP            = 2 single-copy warm-ups (the first primes the cache)
  BATCH_SIZES       = 1 2 4 8 16  x RUNS=1 measured batches each
  WORKERS           = (planner default)
  STATEMENT_TIMEOUT = 900
  THERMAL_EQUALISE  = gate (T_LO=55 T_HI=60 preheat<=60s cooldown<=120s)
  sensors           = pkg:/sys/class/hwmon/hwmon8/temp1_input cores:4 cpufreq:8 throttle:8/8
  SIGLESS_ADDR      = (disabled)
Found 1 query under queries/tpch/tpch-queries/q18/base.sql

[1/1] queries/tpch/tpch-queries/q18/base.sql (2 warmup + step-up 1 2 4 8 16 x1)
  warmup 1/2: 5.953733 sec (cache prime)
  warmup 2/2: 4.768766 sec
  N=1   batch 1/1: 4.764293 sec, 1 copy (server sum 4708.179 ms)
  N=2   batch 1/1: 9.456669 sec, 2 copies (server sum 9403.292 ms)
  N=4   batch 1/1: 18.784385 sec, 4 copies (server sum 18730.207 ms)
  N=8   batch 1/1: 38.369129 sec, 8 copies (server sum 38308.324 ms)
  N=16  batch 1/1: 77.905770 sec, 16 copies (server sum 77830.669 ms)
  done: 5 sizes x 1 run (0 failures)

Done. Batch rows appended to logs/warm_stepup/20260919T002827Z-f3d31e/query_timing_tpch_idx.csv
Per-copy samples appended to logs/warm_stepup/20260919T002827Z-f3d31e/query_samples_tpch_idx.csv
Last batch ended at epoch 1789780310.926 (PREV_END_EPOCH for the next invocation)
===== [81/159] queries/tpch/tpch-queries/q05/v1_materialized.sql run_id=FD4A68DE169E67F5 =====
query_runner configuration:
  QUERY_DIR         = queries/tpch/tpch-queries/q05/v1_materialized.sql
  LOGS_DIR          = logs/warm_stepup/20260919T002827Z-f3d31e  (query_timing_/query_samples_/query_catalog_tpch_idx.csv)
  DB_NAME / DB_USER = tpch_idx / postgres
  PGPORT            = 5434  (server reports 18.4)
  RUN_ID            = FD4A68DE169E67F5
  WARMUP            = 2 single-copy warm-ups (the first primes the cache)
  BATCH_SIZES       = 1 2 4 8 16  x RUNS=1 measured batches each
  WORKERS           = (planner default)
  STATEMENT_TIMEOUT = 900
  THERMAL_EQUALISE  = gate (T_LO=55 T_HI=60 preheat<=60s cooldown<=120s)
  sensors           = pkg:/sys/class/hwmon/hwmon8/temp1_input cores:4 cpufreq:8 throttle:8/8
  SIGLESS_ADDR      = (disabled)
Found 1 query under queries/tpch/tpch-queries/q05/v1_materialized.sql

[1/1] queries/tpch/tpch-queries/q05/v1_materialized.sql (2 warmup + step-up 1 2 4 8 16 x1)
  thermal gate: waited 16s -> 60.0 C
  warmup 1/2: 8.006532 sec (cache prime)
  warmup 2/2: 0.287669 sec
  N=1   batch 1/1: 0.284603 sec, 1 copy (server sum 232.411 ms)
  N=2   batch 1/1: 0.502210 sec, 2 copies (server sum 449.544 ms)
  N=4   batch 1/1: 0.951425 sec, 4 copies (server sum 892.749 ms)
  N=8   batch 1/1: 1.831013 sec, 8 copies (server sum 1761.254 ms)
  N=16  batch 1/1: 3.640990 sec, 16 copies (server sum 3500.820 ms)
  done: 5 sizes x 1 run (0 failures)

Done. Batch rows appended to logs/warm_stepup/20260919T002827Z-f3d31e/query_timing_tpch_idx.csv
Per-copy samples appended to logs/warm_stepup/20260919T002827Z-f3d31e/query_samples_tpch_idx.csv
Last batch ended at epoch 1789780346.782 (PREV_END_EPOCH for the next invocation)
===== [82/159] queries/tpch/tpch-queries/q06/v1_materialized.sql run_id=29DF123D969BD9CD =====
query_runner configuration:
  QUERY_DIR         = queries/tpch/tpch-queries/q06/v1_materialized.sql
  LOGS_DIR          = logs/warm_stepup/20260919T002827Z-f3d31e  (query_timing_/query_samples_/query_catalog_tpch_idx.csv)
  DB_NAME / DB_USER = tpch_idx / postgres
  PGPORT            = 5434  (server reports 18.4)
  RUN_ID            = 29DF123D969BD9CD
  WARMUP            = 2 single-copy warm-ups (the first primes the cache)
  BATCH_SIZES       = 1 2 4 8 16  x RUNS=1 measured batches each
  WORKERS           = (planner default)
  STATEMENT_TIMEOUT = 900
  THERMAL_EQUALISE  = gate (T_LO=55 T_HI=60 preheat<=60s cooldown<=120s)
  sensors           = pkg:/sys/class/hwmon/hwmon8/temp1_input cores:4 cpufreq:8 throttle:8/8
  SIGLESS_ADDR      = (disabled)
Found 1 query under queries/tpch/tpch-queries/q06/v1_materialized.sql

[1/1] queries/tpch/tpch-queries/q06/v1_materialized.sql (2 warmup + step-up 1 2 4 8 16 x1)
  thermal gate: waited 2s -> 59.0 C
  warmup 1/2: 0.357902 sec (cache prime)
  warmup 2/2: 0.111338 sec
  N=1   batch 1/1: 0.112991 sec, 1 copy (server sum 66.558 ms)
  N=2   batch 1/1: 0.179105 sec, 2 copies (server sum 131.670 ms)
  N=4   batch 1/1: 0.346750 sec, 4 copies (server sum 271.866 ms)
  N=8   batch 1/1: 0.563174 sec, 8 copies (server sum 511.000 ms)
  N=16  batch 1/1: 1.134534 sec, 16 copies (server sum 1067.997 ms)
  done: 5 sizes x 1 run (0 failures)

Done. Batch rows appended to logs/warm_stepup/20260919T002827Z-f3d31e/query_timing_tpch_idx.csv
Per-copy samples appended to logs/warm_stepup/20260919T002827Z-f3d31e/query_samples_tpch_idx.csv
Last batch ended at epoch 1789780355.518 (PREV_END_EPOCH for the next invocation)
===== [83/159] queries/tpch/tpch-queries/q04/v2_in.sql run_id=16CE4BB40B833D47 =====
query_runner configuration:
  QUERY_DIR         = queries/tpch/tpch-queries/q04/v2_in.sql
  LOGS_DIR          = logs/warm_stepup/20260919T002827Z-f3d31e  (query_timing_/query_samples_/query_catalog_tpch_idx.csv)
  DB_NAME / DB_USER = tpch_idx / postgres
  PGPORT            = 5434  (server reports 18.4)
  RUN_ID            = 16CE4BB40B833D47
  WARMUP            = 2 single-copy warm-ups (the first primes the cache)
  BATCH_SIZES       = 1 2 4 8 16  x RUNS=1 measured batches each
  WORKERS           = (planner default)
  STATEMENT_TIMEOUT = 900
  THERMAL_EQUALISE  = gate (T_LO=55 T_HI=60 preheat<=60s cooldown<=120s)
  sensors           = pkg:/sys/class/hwmon/hwmon8/temp1_input cores:4 cpufreq:8 throttle:8/8
  SIGLESS_ADDR      = (disabled)
Found 1 query under queries/tpch/tpch-queries/q04/v2_in.sql

[1/1] queries/tpch/tpch-queries/q04/v2_in.sql (2 warmup + step-up 1 2 4 8 16 x1)
  thermal gate: waited 2s -> 58.0 C
  warmup 1/2: 1.784699 sec (cache prime)
  warmup 2/2: 0.154773 sec
  N=1   batch 1/1: 0.154379 sec, 1 copy (server sum 106.273 ms)
  N=2   batch 1/1: 0.250105 sec, 2 copies (server sum 201.619 ms)
  N=4   batch 1/1: 0.437353 sec, 4 copies (server sum 387.784 ms)
  N=8   batch 1/1: 0.818637 sec, 8 copies (server sum 765.009 ms)
  N=16  batch 1/1: 1.583976 sec, 16 copies (server sum 1524.700 ms)
  done: 5 sizes x 1 run (0 failures)

Done. Batch rows appended to logs/warm_stepup/20260919T002827Z-f3d31e/query_timing_tpch_idx.csv
Per-copy samples appended to logs/warm_stepup/20260919T002827Z-f3d31e/query_samples_tpch_idx.csv
Last batch ended at epoch 1789780366.534 (PREV_END_EPOCH for the next invocation)
===== [84/159] queries/tpch/tpch-queries/q10/v1_materialized.sql run_id=05EDEED07F38657E =====
query_runner configuration:
  QUERY_DIR         = queries/tpch/tpch-queries/q10/v1_materialized.sql
  LOGS_DIR          = logs/warm_stepup/20260919T002827Z-f3d31e  (query_timing_/query_samples_/query_catalog_tpch_idx.csv)
  DB_NAME / DB_USER = tpch_idx / postgres
  PGPORT            = 5434  (server reports 18.4)
  RUN_ID            = 05EDEED07F38657E
  WARMUP            = 2 single-copy warm-ups (the first primes the cache)
  BATCH_SIZES       = 1 2 4 8 16  x RUNS=1 measured batches each
  WORKERS           = (planner default)
  STATEMENT_TIMEOUT = 900
  THERMAL_EQUALISE  = gate (T_LO=55 T_HI=60 preheat<=60s cooldown<=120s)
  sensors           = pkg:/sys/class/hwmon/hwmon8/temp1_input cores:4 cpufreq:8 throttle:8/8
  SIGLESS_ADDR      = (disabled)
Found 1 query under queries/tpch/tpch-queries/q10/v1_materialized.sql

[1/1] queries/tpch/tpch-queries/q10/v1_materialized.sql (2 warmup + step-up 1 2 4 8 16 x1)
  thermal gate: waited 2s -> 58.0 C
  warmup 1/2: 2.440179 sec (cache prime)
  warmup 2/2: 0.411990 sec
  N=1   batch 1/1: 0.409216 sec, 1 copy (server sum 360.622 ms)
  N=2   batch 1/1: 0.735487 sec, 2 copies (server sum 683.736 ms)
  N=4   batch 1/1: 1.378880 sec, 4 copies (server sum 1326.418 ms)
  N=8   batch 1/1: 2.677564 sec, 8 copies (server sum 2618.645 ms)
  N=16  batch 1/1: 5.261495 sec, 16 copies (server sum 5190.378 ms)
  done: 5 sizes x 1 run (0 failures)

Done. Batch rows appended to logs/warm_stepup/20260919T002827Z-f3d31e/query_timing_tpch_idx.csv
Per-copy samples appended to logs/warm_stepup/20260919T002827Z-f3d31e/query_samples_tpch_idx.csv
Last batch ended at epoch 1789780386.412 (PREV_END_EPOCH for the next invocation)
===== [85/159] queries/tpch/tpch-queries/q13/v1_materialized.sql run_id=6387886DEA8E8059 =====
query_runner configuration:
  QUERY_DIR         = queries/tpch/tpch-queries/q13/v1_materialized.sql
  LOGS_DIR          = logs/warm_stepup/20260919T002827Z-f3d31e  (query_timing_/query_samples_/query_catalog_tpch_idx.csv)
  DB_NAME / DB_USER = tpch_idx / postgres
  PGPORT            = 5434  (server reports 18.4)
  RUN_ID            = 6387886DEA8E8059
  WARMUP            = 2 single-copy warm-ups (the first primes the cache)
  BATCH_SIZES       = 1 2 4 8 16  x RUNS=1 measured batches each
  WORKERS           = (planner default)
  STATEMENT_TIMEOUT = 900
  THERMAL_EQUALISE  = gate (T_LO=55 T_HI=60 preheat<=60s cooldown<=120s)
  sensors           = pkg:/sys/class/hwmon/hwmon8/temp1_input cores:4 cpufreq:8 throttle:8/8
  SIGLESS_ADDR      = (disabled)
Found 1 query under queries/tpch/tpch-queries/q13/v1_materialized.sql

[1/1] queries/tpch/tpch-queries/q13/v1_materialized.sql (2 warmup + step-up 1 2 4 8 16 x1)
  thermal gate: waited 2s -> 59.0 C
  warmup 1/2: 1.708063 sec (cache prime)
  warmup 2/2: 1.416443 sec
  N=1   batch 1/1: 1.418752 sec, 1 copy (server sum 1371.250 ms)
  N=2   batch 1/1: 2.768579 sec, 2 copies (server sum 2719.926 ms)
  N=4   batch 1/1: 5.494744 sec, 4 copies (server sum 5433.967 ms)
  N=8   batch 1/1: 10.909505 sec, 8 copies (server sum 10850.537 ms)
  N=16  batch 1/1: 21.750779 sec, 16 copies (server sum 21679.355 ms)
  done: 5 sizes x 1 run (0 failures)

Done. Batch rows appended to logs/warm_stepup/20260919T002827Z-f3d31e/query_timing_tpch_idx.csv
Per-copy samples appended to logs/warm_stepup/20260919T002827Z-f3d31e/query_samples_tpch_idx.csv
Last batch ended at epoch 1789780438.281 (PREV_END_EPOCH for the next invocation)
===== [86/159] queries/tpch/tpch-queries/q10/v1_materialized.sql run_id=17A0CCCBE0262720 =====
query_runner configuration:
  QUERY_DIR         = queries/tpch/tpch-queries/q10/v1_materialized.sql
  LOGS_DIR          = logs/warm_stepup/20260919T002827Z-f3d31e  (query_timing_/query_samples_/query_catalog_tpch_idx.csv)
  DB_NAME / DB_USER = tpch_idx / postgres
  PGPORT            = 5434  (server reports 18.4)
  RUN_ID            = 17A0CCCBE0262720
  WARMUP            = 2 single-copy warm-ups (the first primes the cache)
  BATCH_SIZES       = 1 2 4 8 16  x RUNS=1 measured batches each
  WORKERS           = (planner default)
  STATEMENT_TIMEOUT = 900
  THERMAL_EQUALISE  = gate (T_LO=55 T_HI=60 preheat<=60s cooldown<=120s)
  sensors           = pkg:/sys/class/hwmon/hwmon8/temp1_input cores:4 cpufreq:8 throttle:8/8
  SIGLESS_ADDR      = (disabled)
Found 1 query under queries/tpch/tpch-queries/q10/v1_materialized.sql

[1/1] queries/tpch/tpch-queries/q10/v1_materialized.sql (2 warmup + step-up 1 2 4 8 16 x1)
  warmup 1/2: 2.458262 sec (cache prime)
  warmup 2/2: 0.405979 sec
  N=1   batch 1/1: 0.405235 sec, 1 copy (server sum 357.249 ms)
  N=2   batch 1/1: 0.731943 sec, 2 copies (server sum 681.935 ms)
  N=4   batch 1/1: 1.379434 sec, 4 copies (server sum 1326.699 ms)
  N=8   batch 1/1: 2.695988 sec, 8 copies (server sum 2614.616 ms)
  N=16  batch 1/1: 5.305141 sec, 16 copies (server sum 5234.232 ms)
  done: 5 sizes x 1 run (0 failures)

Done. Batch rows appended to logs/warm_stepup/20260919T002827Z-f3d31e/query_timing_tpch_idx.csv
Per-copy samples appended to logs/warm_stepup/20260919T002827Z-f3d31e/query_samples_tpch_idx.csv
Last batch ended at epoch 1789780455.894 (PREV_END_EPOCH for the next invocation)
===== [87/159] queries/tpch/tpch-queries/q04/base.sql run_id=BCE1E9165FA73312 =====
query_runner configuration:
  QUERY_DIR         = queries/tpch/tpch-queries/q04/base.sql
  LOGS_DIR          = logs/warm_stepup/20260919T002827Z-f3d31e  (query_timing_/query_samples_/query_catalog_tpch_idx.csv)
  DB_NAME / DB_USER = tpch_idx / postgres
  PGPORT            = 5434  (server reports 18.4)
  RUN_ID            = BCE1E9165FA73312
  WARMUP            = 2 single-copy warm-ups (the first primes the cache)
  BATCH_SIZES       = 1 2 4 8 16  x RUNS=1 measured batches each
  WORKERS           = (planner default)
  STATEMENT_TIMEOUT = 900
  THERMAL_EQUALISE  = gate (T_LO=55 T_HI=60 preheat<=60s cooldown<=120s)
  sensors           = pkg:/sys/class/hwmon/hwmon8/temp1_input cores:4 cpufreq:8 throttle:8/8
  SIGLESS_ADDR      = (disabled)
Found 1 query under queries/tpch/tpch-queries/q04/base.sql

[1/1] queries/tpch/tpch-queries/q04/base.sql (2 warmup + step-up 1 2 4 8 16 x1)
  thermal gate: waited 2s -> 57.0 C
  warmup 1/2: 1.724402 sec (cache prime)
  warmup 2/2: 0.155284 sec
  N=1   batch 1/1: 0.155711 sec, 1 copy (server sum 106.479 ms)
  N=2   batch 1/1: 0.251802 sec, 2 copies (server sum 201.445 ms)
  N=4   batch 1/1: 0.446144 sec, 4 copies (server sum 396.663 ms)
  N=8   batch 1/1: 0.820597 sec, 8 copies (server sum 767.995 ms)
  N=16  batch 1/1: 1.599710 sec, 16 copies (server sum 1540.036 ms)
  done: 5 sizes x 1 run (0 failures)

Done. Batch rows appended to logs/warm_stepup/20260919T002827Z-f3d31e/query_timing_tpch_idx.csv
Per-copy samples appended to logs/warm_stepup/20260919T002827Z-f3d31e/query_samples_tpch_idx.csv
Last batch ended at epoch 1789780467.281 (PREV_END_EPOCH for the next invocation)
===== [88/159] queries/tpch/tpch-queries/q19/base.sql run_id=9917B85B75166F20 =====
query_runner configuration:
  QUERY_DIR         = queries/tpch/tpch-queries/q19/base.sql
  LOGS_DIR          = logs/warm_stepup/20260919T002827Z-f3d31e  (query_timing_/query_samples_/query_catalog_tpch_idx.csv)
  DB_NAME / DB_USER = tpch_idx / postgres
  PGPORT            = 5434  (server reports 18.4)
  RUN_ID            = 9917B85B75166F20
  WARMUP            = 2 single-copy warm-ups (the first primes the cache)
  BATCH_SIZES       = 1 2 4 8 16  x RUNS=1 measured batches each
  WORKERS           = (planner default)
  STATEMENT_TIMEOUT = 900
  THERMAL_EQUALISE  = gate (T_LO=55 T_HI=60 preheat<=60s cooldown<=120s)
  sensors           = pkg:/sys/class/hwmon/hwmon8/temp1_input cores:4 cpufreq:8 throttle:8/8
  SIGLESS_ADDR      = (disabled)
Found 1 query under queries/tpch/tpch-queries/q19/base.sql

[1/1] queries/tpch/tpch-queries/q19/base.sql (2 warmup + step-up 1 2 4 8 16 x1)
  thermal gate: waited 2s -> 58.0 C
  warmup 1/2: 1.722733 sec (cache prime)
  warmup 2/2: 0.079057 sec
  N=1   batch 1/1: 0.079137 sec, 1 copy (server sum 31.111 ms)
  N=2   batch 1/1: 0.109057 sec, 2 copies (server sum 59.899 ms)
  N=4   batch 1/1: 0.165936 sec, 4 copies (server sum 115.212 ms)
  N=8   batch 1/1: 0.291572 sec, 8 copies (server sum 223.647 ms)
  N=16  batch 1/1: 0.510434 sec, 16 copies (server sum 447.210 ms)
  done: 5 sizes x 1 run (0 failures)

Done. Batch rows appended to logs/warm_stepup/20260919T002827Z-f3d31e/query_timing_tpch_idx.csv
Per-copy samples appended to logs/warm_stepup/20260919T002827Z-f3d31e/query_samples_tpch_idx.csv
Last batch ended at epoch 1789780476.429 (PREV_END_EPOCH for the next invocation)
===== [89/159] queries/tpch/tpch-queries/q18/v1_materialized.sql run_id=16923B3D07E33D3A =====
query_runner configuration:
  QUERY_DIR         = queries/tpch/tpch-queries/q18/v1_materialized.sql
  LOGS_DIR          = logs/warm_stepup/20260919T002827Z-f3d31e  (query_timing_/query_samples_/query_catalog_tpch_idx.csv)
  DB_NAME / DB_USER = tpch_idx / postgres
  PGPORT            = 5434  (server reports 18.4)
  RUN_ID            = 16923B3D07E33D3A
  WARMUP            = 2 single-copy warm-ups (the first primes the cache)
  BATCH_SIZES       = 1 2 4 8 16  x RUNS=1 measured batches each
  WORKERS           = (planner default)
  STATEMENT_TIMEOUT = 900
  THERMAL_EQUALISE  = gate (T_LO=55 T_HI=60 preheat<=60s cooldown<=120s)
  sensors           = pkg:/sys/class/hwmon/hwmon8/temp1_input cores:4 cpufreq:8 throttle:8/8
  SIGLESS_ADDR      = (disabled)
Found 1 query under queries/tpch/tpch-queries/q18/v1_materialized.sql

[1/1] queries/tpch/tpch-queries/q18/v1_materialized.sql (2 warmup + step-up 1 2 4 8 16 x1)
  warmup 1/2: 5.564117 sec (cache prime)
  warmup 2/2: 4.767835 sec
  N=1   batch 1/1: 4.823812 sec, 1 copy (server sum 4768.056 ms)
  N=2   batch 1/1: 9.501037 sec, 2 copies (server sum 9449.508 ms)
  N=4   batch 1/1: 18.659916 sec, 4 copies (server sum 18607.545 ms)
  N=8   batch 1/1: 38.184433 sec, 8 copies (server sum 38125.348 ms)
  N=16  batch 1/1: 77.637386 sec, 16 copies (server sum 77566.339 ms)
  done: 5 sizes x 1 run (0 failures)

Done. Batch rows appended to logs/warm_stepup/20260919T002827Z-f3d31e/query_timing_tpch_idx.csv
Per-copy samples appended to logs/warm_stepup/20260919T002827Z-f3d31e/query_samples_tpch_idx.csv
Last batch ended at epoch 1789780639.476 (PREV_END_EPOCH for the next invocation)
===== [90/159] queries/tpch/tpch-queries/q19/v2_union_all.sql run_id=7965999844FCAABA =====
query_runner configuration:
  QUERY_DIR         = queries/tpch/tpch-queries/q19/v2_union_all.sql
  LOGS_DIR          = logs/warm_stepup/20260919T002827Z-f3d31e  (query_timing_/query_samples_/query_catalog_tpch_idx.csv)
  DB_NAME / DB_USER = tpch_idx / postgres
  PGPORT            = 5434  (server reports 18.4)
  RUN_ID            = 7965999844FCAABA
  WARMUP            = 2 single-copy warm-ups (the first primes the cache)
  BATCH_SIZES       = 1 2 4 8 16  x RUNS=1 measured batches each
  WORKERS           = (planner default)
  STATEMENT_TIMEOUT = 900
  THERMAL_EQUALISE  = gate (T_LO=55 T_HI=60 preheat<=60s cooldown<=120s)
  sensors           = pkg:/sys/class/hwmon/hwmon8/temp1_input cores:4 cpufreq:8 throttle:8/8
  SIGLESS_ADDR      = (disabled)
Found 1 query under queries/tpch/tpch-queries/q19/v2_union_all.sql

[1/1] queries/tpch/tpch-queries/q19/v2_union_all.sql (2 warmup + step-up 1 2 4 8 16 x1)
  thermal gate: waited 16s -> 60.0 C
  warmup 1/2: 1.048507 sec (cache prime)
  warmup 2/2: 0.094727 sec
  N=1   batch 1/1: 0.093215 sec, 1 copy (server sum 44.700 ms)
  N=2   batch 1/1: 0.134007 sec, 2 copies (server sum 84.234 ms)
  N=4   batch 1/1: 0.216757 sec, 4 copies (server sum 164.466 ms)
  N=8   batch 1/1: 0.383130 sec, 8 copies (server sum 325.050 ms)
  N=16  batch 1/1: 0.732589 sec, 16 copies (server sum 633.719 ms)
  done: 5 sizes x 1 run (0 failures)

Done. Batch rows appended to logs/warm_stepup/20260919T002827Z-f3d31e/query_timing_tpch_idx.csv
Per-copy samples appended to logs/warm_stepup/20260919T002827Z-f3d31e/query_samples_tpch_idx.csv
Last batch ended at epoch 1789780662.510 (PREV_END_EPOCH for the next invocation)
===== [91/159] queries/tpch/tpch-queries/q11/v1_materialized.sql run_id=0F2872065E6CA606 =====
query_runner configuration:
  QUERY_DIR         = queries/tpch/tpch-queries/q11/v1_materialized.sql
  LOGS_DIR          = logs/warm_stepup/20260919T002827Z-f3d31e  (query_timing_/query_samples_/query_catalog_tpch_idx.csv)
  DB_NAME / DB_USER = tpch_idx / postgres
  PGPORT            = 5434  (server reports 18.4)
  RUN_ID            = 0F2872065E6CA606
  WARMUP            = 2 single-copy warm-ups (the first primes the cache)
  BATCH_SIZES       = 1 2 4 8 16  x RUNS=1 measured batches each
  WORKERS           = (planner default)
  STATEMENT_TIMEOUT = 900
  THERMAL_EQUALISE  = gate (T_LO=55 T_HI=60 preheat<=60s cooldown<=120s)
  sensors           = pkg:/sys/class/hwmon/hwmon8/temp1_input cores:4 cpufreq:8 throttle:8/8
  SIGLESS_ADDR      = (disabled)
Found 1 query under queries/tpch/tpch-queries/q11/v1_materialized.sql

[1/1] queries/tpch/tpch-queries/q11/v1_materialized.sql (2 warmup + step-up 1 2 4 8 16 x1)
  thermal gate: waited 2s -> 58.0 C
  warmup 1/2: 1.814070 sec (cache prime)
  warmup 2/2: 0.133485 sec
  N=1   batch 1/1: 0.133281 sec, 1 copy (server sum 85.860 ms)
  N=2   batch 1/1: 0.209875 sec, 2 copies (server sum 160.512 ms)
  N=4   batch 1/1: 0.365937 sec, 4 copies (server sum 312.749 ms)
  N=8   batch 1/1: 0.684221 sec, 8 copies (server sum 622.788 ms)
  N=16  batch 1/1: 1.299142 sec, 16 copies (server sum 1223.395 ms)
  done: 5 sizes x 1 run (0 failures)

Done. Batch rows appended to logs/warm_stepup/20260919T002827Z-f3d31e/query_timing_tpch_idx.csv
Per-copy samples appended to logs/warm_stepup/20260919T002827Z-f3d31e/query_samples_tpch_idx.csv
Last batch ended at epoch 1789780673.195 (PREV_END_EPOCH for the next invocation)
===== [92/159] queries/tpch/tpch-queries/q16/v2_not_exists.sql run_id=CA1EA22CAC001AF8 =====
query_runner configuration:
  QUERY_DIR         = queries/tpch/tpch-queries/q16/v2_not_exists.sql
  LOGS_DIR          = logs/warm_stepup/20260919T002827Z-f3d31e  (query_timing_/query_samples_/query_catalog_tpch_idx.csv)
  DB_NAME / DB_USER = tpch_idx / postgres
  PGPORT            = 5434  (server reports 18.4)
  RUN_ID            = CA1EA22CAC001AF8
  WARMUP            = 2 single-copy warm-ups (the first primes the cache)
  BATCH_SIZES       = 1 2 4 8 16  x RUNS=1 measured batches each
  WORKERS           = (planner default)
  STATEMENT_TIMEOUT = 900
  THERMAL_EQUALISE  = gate (T_LO=55 T_HI=60 preheat<=60s cooldown<=120s)
  sensors           = pkg:/sys/class/hwmon/hwmon8/temp1_input cores:4 cpufreq:8 throttle:8/8
  SIGLESS_ADDR      = (disabled)
Found 1 query under queries/tpch/tpch-queries/q16/v2_not_exists.sql

[1/1] queries/tpch/tpch-queries/q16/v2_not_exists.sql (2 warmup + step-up 1 2 4 8 16 x1)
  warmup 1/2: 0.635423 sec (cache prime)
  warmup 2/2: 0.287781 sec
  N=1   batch 1/1: 0.290048 sec, 1 copy (server sum 242.642 ms)
  N=2   batch 1/1: 0.538030 sec, 2 copies (server sum 489.259 ms)
  N=4   batch 1/1: 1.031629 sec, 4 copies (server sum 981.072 ms)
  N=8   batch 1/1: 2.033138 sec, 8 copies (server sum 1978.237 ms)
  N=16  batch 1/1: 4.013253 sec, 16 copies (server sum 3948.556 ms)
  done: 5 sizes x 1 run (0 failures)

Done. Batch rows appended to logs/warm_stepup/20260919T002827Z-f3d31e/query_timing_tpch_idx.csv
Per-copy samples appended to logs/warm_stepup/20260919T002827Z-f3d31e/query_samples_tpch_idx.csv
Last batch ended at epoch 1789780686.235 (PREV_END_EPOCH for the next invocation)
===== [93/159] queries/tpch/tpch-queries/q18/v2_join.sql run_id=7948644B46C1DE37 =====
query_runner configuration:
  QUERY_DIR         = queries/tpch/tpch-queries/q18/v2_join.sql
  LOGS_DIR          = logs/warm_stepup/20260919T002827Z-f3d31e  (query_timing_/query_samples_/query_catalog_tpch_idx.csv)
  DB_NAME / DB_USER = tpch_idx / postgres
  PGPORT            = 5434  (server reports 18.4)
  RUN_ID            = 7948644B46C1DE37
  WARMUP            = 2 single-copy warm-ups (the first primes the cache)
  BATCH_SIZES       = 1 2 4 8 16  x RUNS=1 measured batches each
  WORKERS           = (planner default)
  STATEMENT_TIMEOUT = 900
  THERMAL_EQUALISE  = gate (T_LO=55 T_HI=60 preheat<=60s cooldown<=120s)
  sensors           = pkg:/sys/class/hwmon/hwmon8/temp1_input cores:4 cpufreq:8 throttle:8/8
  SIGLESS_ADDR      = (disabled)
Found 1 query under queries/tpch/tpch-queries/q18/v2_join.sql

[1/1] queries/tpch/tpch-queries/q18/v2_join.sql (2 warmup + step-up 1 2 4 8 16 x1)
  thermal gate: waited 2s -> 58.0 C
  warmup 1/2: 5.833271 sec (cache prime)
  warmup 2/2: 4.748992 sec
  N=1   batch 1/1: 4.738999 sec, 1 copy (server sum 4690.276 ms)
  N=2   batch 1/1: 9.448226 sec, 2 copies (server sum 9397.944 ms)
  N=4   batch 1/1: 18.838045 sec, 4 copies (server sum 18783.745 ms)
  N=8   batch 1/1: 38.291550 sec, 8 copies (server sum 38229.776 ms)
  N=16  batch 1/1: 77.646251 sec, 16 copies (server sum 77573.046 ms)
  done: 5 sizes x 1 run (0 failures)

Done. Batch rows appended to logs/warm_stepup/20260919T002827Z-f3d31e/query_timing_tpch_idx.csv
Per-copy samples appended to logs/warm_stepup/20260919T002827Z-f3d31e/query_samples_tpch_idx.csv
Last batch ended at epoch 1789780851.981 (PREV_END_EPOCH for the next invocation)
===== [94/159] queries/tpch/tpch-queries/q06/base.sql run_id=FA695F8A9AB3BE6F =====
query_runner configuration:
  QUERY_DIR         = queries/tpch/tpch-queries/q06/base.sql
  LOGS_DIR          = logs/warm_stepup/20260919T002827Z-f3d31e  (query_timing_/query_samples_/query_catalog_tpch_idx.csv)
  DB_NAME / DB_USER = tpch_idx / postgres
  PGPORT            = 5434  (server reports 18.4)
  RUN_ID            = FA695F8A9AB3BE6F
  WARMUP            = 2 single-copy warm-ups (the first primes the cache)
  BATCH_SIZES       = 1 2 4 8 16  x RUNS=1 measured batches each
  WORKERS           = (planner default)
  STATEMENT_TIMEOUT = 900
  THERMAL_EQUALISE  = gate (T_LO=55 T_HI=60 preheat<=60s cooldown<=120s)
  sensors           = pkg:/sys/class/hwmon/hwmon8/temp1_input cores:4 cpufreq:8 throttle:8/8
  SIGLESS_ADDR      = (disabled)
Found 1 query under queries/tpch/tpch-queries/q06/base.sql

[1/1] queries/tpch/tpch-queries/q06/base.sql (2 warmup + step-up 1 2 4 8 16 x1)
  thermal gate: waited 16s -> 60.0 C
  warmup 1/2: 0.295280 sec (cache prime)
  warmup 2/2: 0.111730 sec
  N=1   batch 1/1: 0.109814 sec, 1 copy (server sum 63.542 ms)
  N=2   batch 1/1: 0.180180 sec, 2 copies (server sum 133.328 ms)
  N=4   batch 1/1: 0.334381 sec, 4 copies (server sum 258.383 ms)
  N=8   batch 1/1: 0.592381 sec, 8 copies (server sum 541.266 ms)
  N=16  batch 1/1: 1.183337 sec, 16 copies (server sum 1089.384 ms)
  done: 5 sizes x 1 run (0 failures)

Done. Batch rows appended to logs/warm_stepup/20260919T002827Z-f3d31e/query_timing_tpch_idx.csv
Per-copy samples appended to logs/warm_stepup/20260919T002827Z-f3d31e/query_samples_tpch_idx.csv
Last batch ended at epoch 1789780874.889 (PREV_END_EPOCH for the next invocation)
===== [95/159] queries/tpch/tpch-queries/q15/v1_materialized.sql run_id=9C24B20767A03AAB =====
query_runner configuration:
  QUERY_DIR         = queries/tpch/tpch-queries/q15/v1_materialized.sql
  LOGS_DIR          = logs/warm_stepup/20260919T002827Z-f3d31e  (query_timing_/query_samples_/query_catalog_tpch_idx.csv)
  DB_NAME / DB_USER = tpch_idx / postgres
  PGPORT            = 5434  (server reports 18.4)
  RUN_ID            = 9C24B20767A03AAB
  WARMUP            = 2 single-copy warm-ups (the first primes the cache)
  BATCH_SIZES       = 1 2 4 8 16  x RUNS=1 measured batches each
  WORKERS           = (planner default)
  STATEMENT_TIMEOUT = 900
  THERMAL_EQUALISE  = gate (T_LO=55 T_HI=60 preheat<=60s cooldown<=120s)
  sensors           = pkg:/sys/class/hwmon/hwmon8/temp1_input cores:4 cpufreq:8 throttle:8/8
  SIGLESS_ADDR      = (disabled)
Found 1 query under queries/tpch/tpch-queries/q15/v1_materialized.sql

[1/1] queries/tpch/tpch-queries/q15/v1_materialized.sql (2 warmup + step-up 1 2 4 8 16 x1)
  thermal gate: waited 2s -> 59.0 C
  warmup 1/2: 2.127888 sec (cache prime)
  warmup 2/2: 0.334270 sec
  N=1   batch 1/1: 0.331931 sec, 1 copy (server sum 285.020 ms)
  N=2   batch 1/1: 0.559558 sec, 2 copies (server sum 511.767 ms)
  N=4   batch 1/1: 1.009076 sec, 4 copies (server sum 954.429 ms)
  N=8   batch 1/1: 1.903634 sec, 8 copies (server sum 1850.916 ms)
  N=16  batch 1/1: 3.680762 sec, 16 copies (server sum 3621.809 ms)
  done: 5 sizes x 1 run (0 failures)

Done. Batch rows appended to logs/warm_stepup/20260919T002827Z-f3d31e/query_timing_tpch_idx.csv
Per-copy samples appended to logs/warm_stepup/20260919T002827Z-f3d31e/query_samples_tpch_idx.csv
Last batch ended at epoch 1789780890.801 (PREV_END_EPOCH for the next invocation)
===== [96/159] queries/tpch/tpch-queries/q16/v2_not_exists.sql run_id=C5EDBDEEE95E6969 =====
query_runner configuration:
  QUERY_DIR         = queries/tpch/tpch-queries/q16/v2_not_exists.sql
  LOGS_DIR          = logs/warm_stepup/20260919T002827Z-f3d31e  (query_timing_/query_samples_/query_catalog_tpch_idx.csv)
  DB_NAME / DB_USER = tpch_idx / postgres
  PGPORT            = 5434  (server reports 18.4)
  RUN_ID            = C5EDBDEEE95E6969
  WARMUP            = 2 single-copy warm-ups (the first primes the cache)
  BATCH_SIZES       = 1 2 4 8 16  x RUNS=1 measured batches each
  WORKERS           = (planner default)
  STATEMENT_TIMEOUT = 900
  THERMAL_EQUALISE  = gate (T_LO=55 T_HI=60 preheat<=60s cooldown<=120s)
  sensors           = pkg:/sys/class/hwmon/hwmon8/temp1_input cores:4 cpufreq:8 throttle:8/8
  SIGLESS_ADDR      = (disabled)
Found 1 query under queries/tpch/tpch-queries/q16/v2_not_exists.sql

[1/1] queries/tpch/tpch-queries/q16/v2_not_exists.sql (2 warmup + step-up 1 2 4 8 16 x1)
  thermal gate: waited 2s -> 58.0 C
  warmup 1/2: 0.560022 sec (cache prime)
  warmup 2/2: 0.293228 sec
  N=1   batch 1/1: 0.288421 sec, 1 copy (server sum 240.916 ms)
  N=2   batch 1/1: 0.547394 sec, 2 copies (server sum 499.224 ms)
  N=4   batch 1/1: 1.034171 sec, 4 copies (server sum 983.657 ms)
  N=8   batch 1/1: 2.049236 sec, 8 copies (server sum 1994.440 ms)
  N=16  batch 1/1: 4.030916 sec, 16 copies (server sum 3967.787 ms)
  done: 5 sizes x 1 run (0 failures)

Done. Batch rows appended to logs/warm_stepup/20260919T002827Z-f3d31e/query_timing_tpch_idx.csv
Per-copy samples appended to logs/warm_stepup/20260919T002827Z-f3d31e/query_samples_tpch_idx.csv
Last batch ended at epoch 1789780905.839 (PREV_END_EPOCH for the next invocation)
===== [97/159] queries/tpch/tpch-queries/q03/base.sql run_id=228EB81565D7A944 =====
query_runner configuration:
  QUERY_DIR         = queries/tpch/tpch-queries/q03/base.sql
  LOGS_DIR          = logs/warm_stepup/20260919T002827Z-f3d31e  (query_timing_/query_samples_/query_catalog_tpch_idx.csv)
  DB_NAME / DB_USER = tpch_idx / postgres
  PGPORT            = 5434  (server reports 18.4)
  RUN_ID            = 228EB81565D7A944
  WARMUP            = 2 single-copy warm-ups (the first primes the cache)
  BATCH_SIZES       = 1 2 4 8 16  x RUNS=1 measured batches each
  WORKERS           = (planner default)
  STATEMENT_TIMEOUT = 900
  THERMAL_EQUALISE  = gate (T_LO=55 T_HI=60 preheat<=60s cooldown<=120s)
  sensors           = pkg:/sys/class/hwmon/hwmon8/temp1_input cores:4 cpufreq:8 throttle:8/8
  SIGLESS_ADDR      = (disabled)
Found 1 query under queries/tpch/tpch-queries/q03/base.sql

[1/1] queries/tpch/tpch-queries/q03/base.sql (2 warmup + step-up 1 2 4 8 16 x1)
  thermal gate: waited 2s -> 58.0 C
  warmup 1/2: 1.590932 sec (cache prime)
  warmup 2/2: 0.350129 sec
  N=1   batch 1/1: 0.349116 sec, 1 copy (server sum 301.448 ms)
  N=2   batch 1/1: 0.624278 sec, 2 copies (server sum 573.823 ms)
  N=4   batch 1/1: 1.151833 sec, 4 copies (server sum 1101.011 ms)
  N=8   batch 1/1: 2.234830 sec, 8 copies (server sum 2162.445 ms)
  N=16  batch 1/1: 4.342243 sec, 16 copies (server sum 4277.514 ms)
  done: 5 sizes x 1 run (0 failures)

Done. Batch rows appended to logs/warm_stepup/20260919T002827Z-f3d31e/query_timing_tpch_idx.csv
Per-copy samples appended to logs/warm_stepup/20260919T002827Z-f3d31e/query_samples_tpch_idx.csv
Last batch ended at epoch 1789780922.291 (PREV_END_EPOCH for the next invocation)
===== [98/159] queries/tpch/tpch-queries/q14/base.sql run_id=7C96648758BA9C14 =====
query_runner configuration:
  QUERY_DIR         = queries/tpch/tpch-queries/q14/base.sql
  LOGS_DIR          = logs/warm_stepup/20260919T002827Z-f3d31e  (query_timing_/query_samples_/query_catalog_tpch_idx.csv)
  DB_NAME / DB_USER = tpch_idx / postgres
  PGPORT            = 5434  (server reports 18.4)
  RUN_ID            = 7C96648758BA9C14
  WARMUP            = 2 single-copy warm-ups (the first primes the cache)
  BATCH_SIZES       = 1 2 4 8 16  x RUNS=1 measured batches each
  WORKERS           = (planner default)
  STATEMENT_TIMEOUT = 900
  THERMAL_EQUALISE  = gate (T_LO=55 T_HI=60 preheat<=60s cooldown<=120s)
  sensors           = pkg:/sys/class/hwmon/hwmon8/temp1_input cores:4 cpufreq:8 throttle:8/8
  SIGLESS_ADDR      = (disabled)
Found 1 query under queries/tpch/tpch-queries/q14/base.sql

[1/1] queries/tpch/tpch-queries/q14/base.sql (2 warmup + step-up 1 2 4 8 16 x1)
  thermal gate: waited 4s -> 59.0 C
  warmup 1/2: 1.486230 sec (cache prime)
  warmup 2/2: 0.201341 sec
  N=1   batch 1/1: 0.201090 sec, 1 copy (server sum 154.221 ms)
  N=2   batch 1/1: 0.337265 sec, 2 copies (server sum 289.990 ms)
  N=4   batch 1/1: 0.586570 sec, 4 copies (server sum 536.407 ms)
  N=8   batch 1/1: 1.141732 sec, 8 copies (server sum 1056.689 ms)
  N=16  batch 1/1: 2.133849 sec, 16 copies (server sum 2074.997 ms)
  done: 5 sizes x 1 run (0 failures)

Done. Batch rows appended to logs/warm_stepup/20260919T002827Z-f3d31e/query_timing_tpch_idx.csv
Per-copy samples appended to logs/warm_stepup/20260919T002827Z-f3d31e/query_samples_tpch_idx.csv
Last batch ended at epoch 1789780936.733 (PREV_END_EPOCH for the next invocation)
===== [99/159] queries/tpch/tpch-queries/q08/v1_materialized.sql run_id=F82CF485D79E6C6A =====
query_runner configuration:
  QUERY_DIR         = queries/tpch/tpch-queries/q08/v1_materialized.sql
  LOGS_DIR          = logs/warm_stepup/20260919T002827Z-f3d31e  (query_timing_/query_samples_/query_catalog_tpch_idx.csv)
  DB_NAME / DB_USER = tpch_idx / postgres
  PGPORT            = 5434  (server reports 18.4)
  RUN_ID            = F82CF485D79E6C6A
  WARMUP            = 2 single-copy warm-ups (the first primes the cache)
  BATCH_SIZES       = 1 2 4 8 16  x RUNS=1 measured batches each
  WORKERS           = (planner default)
  STATEMENT_TIMEOUT = 900
  THERMAL_EQUALISE  = gate (T_LO=55 T_HI=60 preheat<=60s cooldown<=120s)
  sensors           = pkg:/sys/class/hwmon/hwmon8/temp1_input cores:4 cpufreq:8 throttle:8/8
  SIGLESS_ADDR      = (disabled)
Found 1 query under queries/tpch/tpch-queries/q08/v1_materialized.sql

[1/1] queries/tpch/tpch-queries/q08/v1_materialized.sql (2 warmup + step-up 1 2 4 8 16 x1)
  thermal gate: waited 2s -> 59.0 C
  warmup 1/2: 5.181784 sec (cache prime)
  warmup 2/2: 0.182900 sec
  N=1   batch 1/1: 0.211020 sec, 1 copy (server sum 130.360 ms)
  N=2   batch 1/1: 0.299962 sec, 2 copies (server sum 246.509 ms)
  N=4   batch 1/1: 0.536002 sec, 4 copies (server sum 477.109 ms)
  N=8   batch 1/1: 1.011833 sec, 8 copies (server sum 942.327 ms)
  N=16  batch 1/1: 1.942122 sec, 16 copies (server sum 1850.271 ms)
  done: 5 sizes x 1 run (0 failures)

Done. Batch rows appended to logs/warm_stepup/20260919T002827Z-f3d31e/query_timing_tpch_idx.csv
Per-copy samples appended to logs/warm_stepup/20260919T002827Z-f3d31e/query_samples_tpch_idx.csv
Last batch ended at epoch 1789780952.179 (PREV_END_EPOCH for the next invocation)
===== [100/159] queries/tpch/tpch-queries/q05/v1_materialized.sql run_id=00CBDD70999972FD =====
query_runner configuration:
  QUERY_DIR         = queries/tpch/tpch-queries/q05/v1_materialized.sql
  LOGS_DIR          = logs/warm_stepup/20260919T002827Z-f3d31e  (query_timing_/query_samples_/query_catalog_tpch_idx.csv)
  DB_NAME / DB_USER = tpch_idx / postgres
  PGPORT            = 5434  (server reports 18.4)
  RUN_ID            = 00CBDD70999972FD
  WARMUP            = 2 single-copy warm-ups (the first primes the cache)
  BATCH_SIZES       = 1 2 4 8 16  x RUNS=1 measured batches each
  WORKERS           = (planner default)
  STATEMENT_TIMEOUT = 900
  THERMAL_EQUALISE  = gate (T_LO=55 T_HI=60 preheat<=60s cooldown<=120s)
  sensors           = pkg:/sys/class/hwmon/hwmon8/temp1_input cores:4 cpufreq:8 throttle:8/8
  SIGLESS_ADDR      = (disabled)
Found 1 query under queries/tpch/tpch-queries/q05/v1_materialized.sql

[1/1] queries/tpch/tpch-queries/q05/v1_materialized.sql (2 warmup + step-up 1 2 4 8 16 x1)
  thermal gate: waited 2s -> 58.0 C
  warmup 1/2: 6.046916 sec (cache prime)
  warmup 2/2: 0.285681 sec
  N=1   batch 1/1: 0.283603 sec, 1 copy (server sum 233.641 ms)
  N=2   batch 1/1: 0.506578 sec, 2 copies (server sum 453.821 ms)
  N=4   batch 1/1: 0.945758 sec, 4 copies (server sum 888.166 ms)
  N=8   batch 1/1: 1.825876 sec, 8 copies (server sum 1757.960 ms)
  N=16  batch 1/1: 3.660035 sec, 16 copies (server sum 3521.446 ms)
  done: 5 sizes x 1 run (0 failures)

Done. Batch rows appended to logs/warm_stepup/20260919T002827Z-f3d31e/query_timing_tpch_idx.csv
Per-copy samples appended to logs/warm_stepup/20260919T002827Z-f3d31e/query_samples_tpch_idx.csv
Last batch ended at epoch 1789780972.153 (PREV_END_EPOCH for the next invocation)
===== [101/159] queries/tpch/tpch-queries/q06/v1_materialized.sql run_id=FA67CF3BA1B72D29 =====
query_runner configuration:
  QUERY_DIR         = queries/tpch/tpch-queries/q06/v1_materialized.sql
  LOGS_DIR          = logs/warm_stepup/20260919T002827Z-f3d31e  (query_timing_/query_samples_/query_catalog_tpch_idx.csv)
  DB_NAME / DB_USER = tpch_idx / postgres
  PGPORT            = 5434  (server reports 18.4)
  RUN_ID            = FA67CF3BA1B72D29
  WARMUP            = 2 single-copy warm-ups (the first primes the cache)
  BATCH_SIZES       = 1 2 4 8 16  x RUNS=1 measured batches each
  WORKERS           = (planner default)
  STATEMENT_TIMEOUT = 900
  THERMAL_EQUALISE  = gate (T_LO=55 T_HI=60 preheat<=60s cooldown<=120s)
  sensors           = pkg:/sys/class/hwmon/hwmon8/temp1_input cores:4 cpufreq:8 throttle:8/8
  SIGLESS_ADDR      = (disabled)
Found 1 query under queries/tpch/tpch-queries/q06/v1_materialized.sql

[1/1] queries/tpch/tpch-queries/q06/v1_materialized.sql (2 warmup + step-up 1 2 4 8 16 x1)
  thermal gate: waited 2s -> 58.0 C
  warmup 1/2: 0.351484 sec (cache prime)
  warmup 2/2: 0.111986 sec
  N=1   batch 1/1: 0.110398 sec, 1 copy (server sum 63.864 ms)
  N=2   batch 1/1: 0.180073 sec, 2 copies (server sum 133.139 ms)
  N=4   batch 1/1: 0.307802 sec, 4 copies (server sum 250.606 ms)
  N=8   batch 1/1: 0.568647 sec, 8 copies (server sum 517.785 ms)
  N=16  batch 1/1: 1.117996 sec, 16 copies (server sum 1048.062 ms)
  done: 5 sizes x 1 run (0 failures)

Done. Batch rows appended to logs/warm_stepup/20260919T002827Z-f3d31e/query_timing_tpch_idx.csv
Per-copy samples appended to logs/warm_stepup/20260919T002827Z-f3d31e/query_samples_tpch_idx.csv
Last batch ended at epoch 1789780980.838 (PREV_END_EPOCH for the next invocation)
===== [102/159] queries/tpch/tpch-queries/q12/v1_materialized.sql run_id=E5F5F296E1FFC7D0 =====
query_runner configuration:
  QUERY_DIR         = queries/tpch/tpch-queries/q12/v1_materialized.sql
  LOGS_DIR          = logs/warm_stepup/20260919T002827Z-f3d31e  (query_timing_/query_samples_/query_catalog_tpch_idx.csv)
  DB_NAME / DB_USER = tpch_idx / postgres
  PGPORT            = 5434  (server reports 18.4)
  RUN_ID            = E5F5F296E1FFC7D0
  WARMUP            = 2 single-copy warm-ups (the first primes the cache)
  BATCH_SIZES       = 1 2 4 8 16  x RUNS=1 measured batches each
  WORKERS           = (planner default)
  STATEMENT_TIMEOUT = 900
  THERMAL_EQUALISE  = gate (T_LO=55 T_HI=60 preheat<=60s cooldown<=120s)
  sensors           = pkg:/sys/class/hwmon/hwmon8/temp1_input cores:4 cpufreq:8 throttle:8/8
  SIGLESS_ADDR      = (disabled)
Found 1 query under queries/tpch/tpch-queries/q12/v1_materialized.sql

[1/1] queries/tpch/tpch-queries/q12/v1_materialized.sql (2 warmup + step-up 1 2 4 8 16 x1)
  thermal gate: waited 2s -> 57.0 C
  warmup 1/2: 1.715907 sec (cache prime)
  warmup 2/2: 0.384833 sec
  N=1   batch 1/1: 0.411364 sec, 1 copy (server sum 332.118 ms)
  N=2   batch 1/1: 0.680808 sec, 2 copies (server sum 632.260 ms)
  N=4   batch 1/1: 1.284051 sec, 4 copies (server sum 1233.274 ms)
  N=8   batch 1/1: 2.484364 sec, 8 copies (server sum 2428.469 ms)
  N=16  batch 1/1: 4.902545 sec, 16 copies (server sum 4836.965 ms)
  done: 5 sizes x 1 run (0 failures)

Done. Batch rows appended to logs/warm_stepup/20260919T002827Z-f3d31e/query_timing_tpch_idx.csv
Per-copy samples appended to logs/warm_stepup/20260919T002827Z-f3d31e/query_samples_tpch_idx.csv
Last batch ended at epoch 1789780998.719 (PREV_END_EPOCH for the next invocation)
===== [103/159] queries/tpch/tpch-queries/q08/base.sql run_id=EBFF101D931CC6CD =====
query_runner configuration:
  QUERY_DIR         = queries/tpch/tpch-queries/q08/base.sql
  LOGS_DIR          = logs/warm_stepup/20260919T002827Z-f3d31e  (query_timing_/query_samples_/query_catalog_tpch_idx.csv)
  DB_NAME / DB_USER = tpch_idx / postgres
  PGPORT            = 5434  (server reports 18.4)
  RUN_ID            = EBFF101D931CC6CD
  WARMUP            = 2 single-copy warm-ups (the first primes the cache)
  BATCH_SIZES       = 1 2 4 8 16  x RUNS=1 measured batches each
  WORKERS           = (planner default)
  STATEMENT_TIMEOUT = 900
  THERMAL_EQUALISE  = gate (T_LO=55 T_HI=60 preheat<=60s cooldown<=120s)
  sensors           = pkg:/sys/class/hwmon/hwmon8/temp1_input cores:4 cpufreq:8 throttle:8/8
  SIGLESS_ADDR      = (disabled)
Found 1 query under queries/tpch/tpch-queries/q08/base.sql

[1/1] queries/tpch/tpch-queries/q08/base.sql (2 warmup + step-up 1 2 4 8 16 x1)
  thermal gate: waited 2s -> 59.0 C
  warmup 1/2: 5.249398 sec (cache prime)
  warmup 2/2: 0.183215 sec
  N=1   batch 1/1: 0.179879 sec, 1 copy (server sum 129.574 ms)
  N=2   batch 1/1: 0.325200 sec, 2 copies (server sum 242.795 ms)
  N=4   batch 1/1: 0.532122 sec, 4 copies (server sum 473.655 ms)
  N=8   batch 1/1: 1.001298 sec, 8 copies (server sum 932.286 ms)
  N=16  batch 1/1: 1.979107 sec, 16 copies (server sum 1841.843 ms)
  done: 5 sizes x 1 run (0 failures)

Done. Batch rows appended to logs/warm_stepup/20260919T002827Z-f3d31e/query_timing_tpch_idx.csv
Per-copy samples appended to logs/warm_stepup/20260919T002827Z-f3d31e/query_samples_tpch_idx.csv
Last batch ended at epoch 1789781014.203 (PREV_END_EPOCH for the next invocation)
===== [104/159] queries/tpch/tpch-queries/q07/base.sql run_id=BA5DA5FEA2FDB47D =====
query_runner configuration:
  QUERY_DIR         = queries/tpch/tpch-queries/q07/base.sql
  LOGS_DIR          = logs/warm_stepup/20260919T002827Z-f3d31e  (query_timing_/query_samples_/query_catalog_tpch_idx.csv)
  DB_NAME / DB_USER = tpch_idx / postgres
  PGPORT            = 5434  (server reports 18.4)
  RUN_ID            = BA5DA5FEA2FDB47D
  WARMUP            = 2 single-copy warm-ups (the first primes the cache)
  BATCH_SIZES       = 1 2 4 8 16  x RUNS=1 measured batches each
  WORKERS           = (planner default)
  STATEMENT_TIMEOUT = 900
  THERMAL_EQUALISE  = gate (T_LO=55 T_HI=60 preheat<=60s cooldown<=120s)
  sensors           = pkg:/sys/class/hwmon/hwmon8/temp1_input cores:4 cpufreq:8 throttle:8/8
  SIGLESS_ADDR      = (disabled)
Found 1 query under queries/tpch/tpch-queries/q07/base.sql

[1/1] queries/tpch/tpch-queries/q07/base.sql (2 warmup + step-up 1 2 4 8 16 x1)
  thermal gate: waited 2s -> 58.0 C
  warmup 1/2: 12.316314 sec (cache prime)
  warmup 2/2: 0.669264 sec
  N=1   batch 1/1: 0.670806 sec, 1 copy (server sum 620.619 ms)
  N=2   batch 1/1: 1.264842 sec, 2 copies (server sum 1211.625 ms)
  N=4   batch 1/1: 2.438553 sec, 4 copies (server sum 2378.795 ms)
  N=8   batch 1/1: 4.793648 sec, 8 copies (server sum 4721.629 ms)
  N=16  batch 1/1: 9.533001 sec, 16 copies (server sum 9404.624 ms)
  done: 5 sizes x 1 run (0 failures)

Done. Batch rows appended to logs/warm_stepup/20260919T002827Z-f3d31e/query_timing_tpch_idx.csv
Per-copy samples appended to logs/warm_stepup/20260919T002827Z-f3d31e/query_samples_tpch_idx.csv
Last batch ended at epoch 1789781052.083 (PREV_END_EPOCH for the next invocation)
===== [105/159] queries/tpch/tpch-queries/q13/v2_correlated.sql run_id=583EB1923855A680 =====
query_runner configuration:
  QUERY_DIR         = queries/tpch/tpch-queries/q13/v2_correlated.sql
  LOGS_DIR          = logs/warm_stepup/20260919T002827Z-f3d31e  (query_timing_/query_samples_/query_catalog_tpch_idx.csv)
  DB_NAME / DB_USER = tpch_idx / postgres
  PGPORT            = 5434  (server reports 18.4)
  RUN_ID            = 583EB1923855A680
  WARMUP            = 2 single-copy warm-ups (the first primes the cache)
  BATCH_SIZES       = 1 2 4 8 16  x RUNS=1 measured batches each
  WORKERS           = (planner default)
  STATEMENT_TIMEOUT = 900
  THERMAL_EQUALISE  = gate (T_LO=55 T_HI=60 preheat<=60s cooldown<=120s)
  sensors           = pkg:/sys/class/hwmon/hwmon8/temp1_input cores:4 cpufreq:8 throttle:8/8
  SIGLESS_ADDR      = (disabled)
Found 1 query under queries/tpch/tpch-queries/q13/v2_correlated.sql

[1/1] queries/tpch/tpch-queries/q13/v2_correlated.sql (2 warmup + step-up 1 2 4 8 16 x1)
  thermal gate: waited 2s -> 59.0 C
  warmup 1/2: 4.718003 sec (cache prime)
  warmup 2/2: 2.295795 sec
  N=1   batch 1/1: 2.302518 sec, 1 copy (server sum 2256.014 ms)
  N=2   batch 1/1: 4.438275 sec, 2 copies (server sum 4391.129 ms)
  N=4   batch 1/1: 8.726584 sec, 4 copies (server sum 8678.086 ms)
  N=8   batch 1/1: 17.383681 sec, 8 copies (server sum 17332.694 ms)
  N=16  batch 1/1: 34.816506 sec, 16 copies (server sum 34708.410 ms)
  done: 5 sizes x 1 run (0 failures)

Done. Batch rows appended to logs/warm_stepup/20260919T002827Z-f3d31e/query_timing_tpch_idx.csv
Per-copy samples appended to logs/warm_stepup/20260919T002827Z-f3d31e/query_samples_tpch_idx.csv
Last batch ended at epoch 1789781133.209 (PREV_END_EPOCH for the next invocation)
===== [106/159] queries/tpch/tpch-queries/q19/v1_materialized.sql run_id=5E4CCDDAA6B4AA27 =====
query_runner configuration:
  QUERY_DIR         = queries/tpch/tpch-queries/q19/v1_materialized.sql
  LOGS_DIR          = logs/warm_stepup/20260919T002827Z-f3d31e  (query_timing_/query_samples_/query_catalog_tpch_idx.csv)
  DB_NAME / DB_USER = tpch_idx / postgres
  PGPORT            = 5434  (server reports 18.4)
  RUN_ID            = 5E4CCDDAA6B4AA27
  WARMUP            = 2 single-copy warm-ups (the first primes the cache)
  BATCH_SIZES       = 1 2 4 8 16  x RUNS=1 measured batches each
  WORKERS           = (planner default)
  STATEMENT_TIMEOUT = 900
  THERMAL_EQUALISE  = gate (T_LO=55 T_HI=60 preheat<=60s cooldown<=120s)
  sensors           = pkg:/sys/class/hwmon/hwmon8/temp1_input cores:4 cpufreq:8 throttle:8/8
  SIGLESS_ADDR      = (disabled)
Found 1 query under queries/tpch/tpch-queries/q19/v1_materialized.sql

[1/1] queries/tpch/tpch-queries/q19/v1_materialized.sql (2 warmup + step-up 1 2 4 8 16 x1)
  warmup 1/2: 2.468704 sec (cache prime)
  warmup 2/2: 0.080776 sec
  N=1   batch 1/1: 0.078628 sec, 1 copy (server sum 30.807 ms)
  N=2   batch 1/1: 0.107418 sec, 2 copies (server sum 58.790 ms)
  N=4   batch 1/1: 0.164664 sec, 4 copies (server sum 113.679 ms)
  N=8   batch 1/1: 0.291674 sec, 8 copies (server sum 224.736 ms)
  N=16  batch 1/1: 0.501387 sec, 16 copies (server sum 436.887 ms)
  done: 5 sizes x 1 run (0 failures)

Done. Batch rows appended to logs/warm_stepup/20260919T002827Z-f3d31e/query_timing_tpch_idx.csv
Per-copy samples appended to logs/warm_stepup/20260919T002827Z-f3d31e/query_samples_tpch_idx.csv
Last batch ended at epoch 1789781140.907 (PREV_END_EPOCH for the next invocation)
===== [107/159] queries/tpch/tpch-queries/q13/v2_correlated.sql run_id=5C27A181FE47BE57 =====
query_runner configuration:
  QUERY_DIR         = queries/tpch/tpch-queries/q13/v2_correlated.sql
  LOGS_DIR          = logs/warm_stepup/20260919T002827Z-f3d31e  (query_timing_/query_samples_/query_catalog_tpch_idx.csv)
  DB_NAME / DB_USER = tpch_idx / postgres
  PGPORT            = 5434  (server reports 18.4)
  RUN_ID            = 5C27A181FE47BE57
  WARMUP            = 2 single-copy warm-ups (the first primes the cache)
  BATCH_SIZES       = 1 2 4 8 16  x RUNS=1 measured batches each
  WORKERS           = (planner default)
  STATEMENT_TIMEOUT = 900
  THERMAL_EQUALISE  = gate (T_LO=55 T_HI=60 preheat<=60s cooldown<=120s)
  sensors           = pkg:/sys/class/hwmon/hwmon8/temp1_input cores:4 cpufreq:8 throttle:8/8
  SIGLESS_ADDR      = (disabled)
Found 1 query under queries/tpch/tpch-queries/q13/v2_correlated.sql

[1/1] queries/tpch/tpch-queries/q13/v2_correlated.sql (2 warmup + step-up 1 2 4 8 16 x1)
  warmup 1/2: 4.807160 sec (cache prime)
  warmup 2/2: 2.296410 sec
  N=1   batch 1/1: 2.300057 sec, 1 copy (server sum 2253.711 ms)
  N=2   batch 1/1: 4.430669 sec, 2 copies (server sum 4383.172 ms)
  N=4   batch 1/1: 8.730838 sec, 4 copies (server sum 8681.907 ms)
  N=8   batch 1/1: 17.288514 sec, 8 copies (server sum 17237.388 ms)
  N=16  batch 1/1: 34.376420 sec, 16 copies (server sum 34320.045 ms)
  done: 5 sizes x 1 run (0 failures)

Done. Batch rows appended to logs/warm_stepup/20260919T002827Z-f3d31e/query_timing_tpch_idx.csv
Per-copy samples appended to logs/warm_stepup/20260919T002827Z-f3d31e/query_samples_tpch_idx.csv
Last batch ended at epoch 1789781219.121 (PREV_END_EPOCH for the next invocation)
===== [108/159] queries/tpch/tpch-queries/q22/base.sql run_id=84F71D3F1145FE74 =====
query_runner configuration:
  QUERY_DIR         = queries/tpch/tpch-queries/q22/base.sql
  LOGS_DIR          = logs/warm_stepup/20260919T002827Z-f3d31e  (query_timing_/query_samples_/query_catalog_tpch_idx.csv)
  DB_NAME / DB_USER = tpch_idx / postgres
  PGPORT            = 5434  (server reports 18.4)
  RUN_ID            = 84F71D3F1145FE74
  WARMUP            = 2 single-copy warm-ups (the first primes the cache)
  BATCH_SIZES       = 1 2 4 8 16  x RUNS=1 measured batches each
  WORKERS           = (planner default)
  STATEMENT_TIMEOUT = 900
  THERMAL_EQUALISE  = gate (T_LO=55 T_HI=60 preheat<=60s cooldown<=120s)
  sensors           = pkg:/sys/class/hwmon/hwmon8/temp1_input cores:4 cpufreq:8 throttle:8/8
  SIGLESS_ADDR      = (disabled)
Found 1 query under queries/tpch/tpch-queries/q22/base.sql

[1/1] queries/tpch/tpch-queries/q22/base.sql (2 warmup + step-up 1 2 4 8 16 x1)
  warmup 1/2: 0.319136 sec (cache prime)
  warmup 2/2: 0.120826 sec
  N=1   batch 1/1: 0.119196 sec, 1 copy (server sum 70.198 ms)
  N=2   batch 1/1: 0.180653 sec, 2 copies (server sum 132.688 ms)
  N=4   batch 1/1: 0.330607 sec, 4 copies (server sum 253.519 ms)
  N=8   batch 1/1: 0.547655 sec, 8 copies (server sum 494.511 ms)
  N=16  batch 1/1: 1.050216 sec, 16 copies (server sum 980.963 ms)
  done: 5 sizes x 1 run (0 failures)

Done. Batch rows appended to logs/warm_stepup/20260919T002827Z-f3d31e/query_timing_tpch_idx.csv
Per-copy samples appended to logs/warm_stepup/20260919T002827Z-f3d31e/query_samples_tpch_idx.csv
Last batch ended at epoch 1789781225.704 (PREV_END_EPOCH for the next invocation)
===== [109/159] queries/tpch/tpch-queries/q19/base.sql run_id=56F4887F32CE5D2D =====
query_runner configuration:
  QUERY_DIR         = queries/tpch/tpch-queries/q19/base.sql
  LOGS_DIR          = logs/warm_stepup/20260919T002827Z-f3d31e  (query_timing_/query_samples_/query_catalog_tpch_idx.csv)
  DB_NAME / DB_USER = tpch_idx / postgres
  PGPORT            = 5434  (server reports 18.4)
  RUN_ID            = 56F4887F32CE5D2D
  WARMUP            = 2 single-copy warm-ups (the first primes the cache)
  BATCH_SIZES       = 1 2 4 8 16  x RUNS=1 measured batches each
  WORKERS           = (planner default)
  STATEMENT_TIMEOUT = 900
  THERMAL_EQUALISE  = gate (T_LO=55 T_HI=60 preheat<=60s cooldown<=120s)
  sensors           = pkg:/sys/class/hwmon/hwmon8/temp1_input cores:4 cpufreq:8 throttle:8/8
  SIGLESS_ADDR      = (disabled)
Found 1 query under queries/tpch/tpch-queries/q19/base.sql

[1/1] queries/tpch/tpch-queries/q19/base.sql (2 warmup + step-up 1 2 4 8 16 x1)
  warmup 1/2: 1.898541 sec (cache prime)
  warmup 2/2: 0.078860 sec
  N=1   batch 1/1: 0.078062 sec, 1 copy (server sum 30.666 ms)
  N=2   batch 1/1: 0.108126 sec, 2 copies (server sum 59.560 ms)
  N=4   batch 1/1: 0.165295 sec, 4 copies (server sum 114.467 ms)
  N=8   batch 1/1: 0.295718 sec, 8 copies (server sum 227.599 ms)
  N=16  batch 1/1: 0.510431 sec, 16 copies (server sum 447.033 ms)
  done: 5 sizes x 1 run (0 failures)

Done. Batch rows appended to logs/warm_stepup/20260919T002827Z-f3d31e/query_timing_tpch_idx.csv
Per-copy samples appended to logs/warm_stepup/20260919T002827Z-f3d31e/query_samples_tpch_idx.csv
Last batch ended at epoch 1789781232.771 (PREV_END_EPOCH for the next invocation)
===== [110/159] queries/tpch/tpch-queries/q16/v1_materialized.sql run_id=9196D732C0DF88EC =====
query_runner configuration:
  QUERY_DIR         = queries/tpch/tpch-queries/q16/v1_materialized.sql
  LOGS_DIR          = logs/warm_stepup/20260919T002827Z-f3d31e  (query_timing_/query_samples_/query_catalog_tpch_idx.csv)
  DB_NAME / DB_USER = tpch_idx / postgres
  PGPORT            = 5434  (server reports 18.4)
  RUN_ID            = 9196D732C0DF88EC
  WARMUP            = 2 single-copy warm-ups (the first primes the cache)
  BATCH_SIZES       = 1 2 4 8 16  x RUNS=1 measured batches each
  WORKERS           = (planner default)
  STATEMENT_TIMEOUT = 900
  THERMAL_EQUALISE  = gate (T_LO=55 T_HI=60 preheat<=60s cooldown<=120s)
  sensors           = pkg:/sys/class/hwmon/hwmon8/temp1_input cores:4 cpufreq:8 throttle:8/8
  SIGLESS_ADDR      = (disabled)
Found 1 query under queries/tpch/tpch-queries/q16/v1_materialized.sql

[1/1] queries/tpch/tpch-queries/q16/v1_materialized.sql (2 warmup + step-up 1 2 4 8 16 x1)
  warmup 1/2: 0.567077 sec (cache prime)
  warmup 2/2: 0.312139 sec
  N=1   batch 1/1: 0.372187 sec, 1 copy (server sum 272.509 ms)
  N=2   batch 1/1: 0.577874 sec, 2 copies (server sum 529.391 ms)
  N=4   batch 1/1: 1.141772 sec, 4 copies (server sum 1067.315 ms)
  N=8   batch 1/1: 2.181630 sec, 8 copies (server sum 2126.203 ms)
  N=16  batch 1/1: 4.426184 sec, 16 copies (server sum 4338.621 ms)
  done: 5 sizes x 1 run (0 failures)

Done. Batch rows appended to logs/warm_stepup/20260919T002827Z-f3d31e/query_timing_tpch_idx.csv
Per-copy samples appended to logs/warm_stepup/20260919T002827Z-f3d31e/query_samples_tpch_idx.csv
Last batch ended at epoch 1789781246.015 (PREV_END_EPOCH for the next invocation)
===== [111/159] queries/tpch/tpch-queries/q01/base.sql run_id=A07CA91D81918BEF =====
query_runner configuration:
  QUERY_DIR         = queries/tpch/tpch-queries/q01/base.sql
  LOGS_DIR          = logs/warm_stepup/20260919T002827Z-f3d31e  (query_timing_/query_samples_/query_catalog_tpch_idx.csv)
  DB_NAME / DB_USER = tpch_idx / postgres
  PGPORT            = 5434  (server reports 18.4)
  RUN_ID            = A07CA91D81918BEF
  WARMUP            = 2 single-copy warm-ups (the first primes the cache)
  BATCH_SIZES       = 1 2 4 8 16  x RUNS=1 measured batches each
  WORKERS           = (planner default)
  STATEMENT_TIMEOUT = 900
  THERMAL_EQUALISE  = gate (T_LO=55 T_HI=60 preheat<=60s cooldown<=120s)
  sensors           = pkg:/sys/class/hwmon/hwmon8/temp1_input cores:4 cpufreq:8 throttle:8/8
  SIGLESS_ADDR      = (disabled)
Found 1 query under queries/tpch/tpch-queries/q01/base.sql

[1/1] queries/tpch/tpch-queries/q01/base.sql (2 warmup + step-up 1 2 4 8 16 x1)
  thermal gate: waited 2s -> 57.0 C
  warmup 1/2: 2.324892 sec (cache prime)
  warmup 2/2: 1.638929 sec
  N=1   batch 1/1: 1.649065 sec, 1 copy (server sum 1597.212 ms)
  N=2   batch 1/1: 3.215929 sec, 2 copies (server sum 3168.425 ms)
  N=4   batch 1/1: 6.352376 sec, 4 copies (server sum 6303.596 ms)
  N=8   batch 1/1: 12.600183 sec, 8 copies (server sum 12548.627 ms)
  N=16  batch 1/1: 25.736148 sec, 16 copies (server sum 25650.346 ms)
  done: 5 sizes x 1 run (0 failures)

Done. Batch rows appended to logs/warm_stepup/20260919T002827Z-f3d31e/query_timing_tpch_idx.csv
Per-copy samples appended to logs/warm_stepup/20260919T002827Z-f3d31e/query_samples_tpch_idx.csv
Last batch ended at epoch 1789781305.613 (PREV_END_EPOCH for the next invocation)
===== [112/159] queries/tpch/tpch-queries/q05/base.sql run_id=EE81FF9ABA01159F =====
query_runner configuration:
  QUERY_DIR         = queries/tpch/tpch-queries/q05/base.sql
  LOGS_DIR          = logs/warm_stepup/20260919T002827Z-f3d31e  (query_timing_/query_samples_/query_catalog_tpch_idx.csv)
  DB_NAME / DB_USER = tpch_idx / postgres
  PGPORT            = 5434  (server reports 18.4)
  RUN_ID            = EE81FF9ABA01159F
  WARMUP            = 2 single-copy warm-ups (the first primes the cache)
  BATCH_SIZES       = 1 2 4 8 16  x RUNS=1 measured batches each
  WORKERS           = (planner default)
  STATEMENT_TIMEOUT = 900
  THERMAL_EQUALISE  = gate (T_LO=55 T_HI=60 preheat<=60s cooldown<=120s)
  sensors           = pkg:/sys/class/hwmon/hwmon8/temp1_input cores:4 cpufreq:8 throttle:8/8
  SIGLESS_ADDR      = (disabled)
Found 1 query under queries/tpch/tpch-queries/q05/base.sql

[1/1] queries/tpch/tpch-queries/q05/base.sql (2 warmup + step-up 1 2 4 8 16 x1)
  thermal gate: waited 16s -> 60.0 C
  warmup 1/2: 7.963531 sec (cache prime)
  warmup 2/2: 0.285293 sec
  N=1   batch 1/1: 0.285170 sec, 1 copy (server sum 234.908 ms)
  N=2   batch 1/1: 0.504790 sec, 2 copies (server sum 452.202 ms)
  N=4   batch 1/1: 0.940902 sec, 4 copies (server sum 882.190 ms)
  N=8   batch 1/1: 1.817156 sec, 8 copies (server sum 1749.539 ms)
  N=16  batch 1/1: 3.571502 sec, 16 copies (server sum 3482.991 ms)
  done: 5 sizes x 1 run (0 failures)

Done. Batch rows appended to logs/warm_stepup/20260919T002827Z-f3d31e/query_timing_tpch_idx.csv
Per-copy samples appended to logs/warm_stepup/20260919T002827Z-f3d31e/query_samples_tpch_idx.csv
Last batch ended at epoch 1789781341.223 (PREV_END_EPOCH for the next invocation)
===== [113/159] queries/tpch/tpch-queries/q01/v1_materialized.sql run_id=08610D4A7A0B1BDE =====
query_runner configuration:
  QUERY_DIR         = queries/tpch/tpch-queries/q01/v1_materialized.sql
  LOGS_DIR          = logs/warm_stepup/20260919T002827Z-f3d31e  (query_timing_/query_samples_/query_catalog_tpch_idx.csv)
  DB_NAME / DB_USER = tpch_idx / postgres
  PGPORT            = 5434  (server reports 18.4)
  RUN_ID            = 08610D4A7A0B1BDE
  WARMUP            = 2 single-copy warm-ups (the first primes the cache)
  BATCH_SIZES       = 1 2 4 8 16  x RUNS=1 measured batches each
  WORKERS           = (planner default)
  STATEMENT_TIMEOUT = 900
  THERMAL_EQUALISE  = gate (T_LO=55 T_HI=60 preheat<=60s cooldown<=120s)
  sensors           = pkg:/sys/class/hwmon/hwmon8/temp1_input cores:4 cpufreq:8 throttle:8/8
  SIGLESS_ADDR      = (disabled)
Found 1 query under queries/tpch/tpch-queries/q01/v1_materialized.sql

[1/1] queries/tpch/tpch-queries/q01/v1_materialized.sql (2 warmup + step-up 1 2 4 8 16 x1)
  thermal gate: waited 2s -> 59.0 C
  warmup 1/2: 2.297508 sec (cache prime)
  warmup 2/2: 1.640944 sec
  N=1   batch 1/1: 1.646128 sec, 1 copy (server sum 1599.125 ms)
  N=2   batch 1/1: 3.215006 sec, 2 copies (server sum 3167.238 ms)
  N=4   batch 1/1: 6.370008 sec, 4 copies (server sum 6318.877 ms)
  N=8   batch 1/1: 12.670024 sec, 8 copies (server sum 12608.581 ms)
  N=16  batch 1/1: 26.074120 sec, 16 copies (server sum 25961.187 ms)
  done: 5 sizes x 1 run (0 failures)

Done. Batch rows appended to logs/warm_stepup/20260919T002827Z-f3d31e/query_timing_tpch_idx.csv
Per-copy samples appended to logs/warm_stepup/20260919T002827Z-f3d31e/query_samples_tpch_idx.csv
Last batch ended at epoch 1789781401.602 (PREV_END_EPOCH for the next invocation)
===== [114/159] queries/tpch/tpch-queries/q02/base.sql run_id=32EFDD8D528A71AE =====
query_runner configuration:
  QUERY_DIR         = queries/tpch/tpch-queries/q02/base.sql
  LOGS_DIR          = logs/warm_stepup/20260919T002827Z-f3d31e  (query_timing_/query_samples_/query_catalog_tpch_idx.csv)
  DB_NAME / DB_USER = tpch_idx / postgres
  PGPORT            = 5434  (server reports 18.4)
  RUN_ID            = 32EFDD8D528A71AE
  WARMUP            = 2 single-copy warm-ups (the first primes the cache)
  BATCH_SIZES       = 1 2 4 8 16  x RUNS=1 measured batches each
  WORKERS           = (planner default)
  STATEMENT_TIMEOUT = 900
  THERMAL_EQUALISE  = gate (T_LO=55 T_HI=60 preheat<=60s cooldown<=120s)
  sensors           = pkg:/sys/class/hwmon/hwmon8/temp1_input cores:4 cpufreq:8 throttle:8/8
  SIGLESS_ADDR      = (disabled)
Found 1 query under queries/tpch/tpch-queries/q02/base.sql

[1/1] queries/tpch/tpch-queries/q02/base.sql (2 warmup + step-up 1 2 4 8 16 x1)
  thermal gate: waited 14s -> 60.0 C
  warmup 1/2: 0.824275 sec (cache prime)
  warmup 2/2: 0.243858 sec
  N=1   batch 1/1: 0.246494 sec, 1 copy (server sum 197.425 ms)
  N=2   batch 1/1: 0.408488 sec, 2 copies (server sum 357.641 ms)
  N=4   batch 1/1: 0.740790 sec, 4 copies (server sum 686.266 ms)
  N=8   batch 1/1: 1.398048 sec, 8 copies (server sum 1336.497 ms)
  N=16  batch 1/1: 2.751055 sec, 16 copies (server sum 2632.208 ms)
  done: 5 sizes x 1 run (0 failures)

Done. Batch rows appended to logs/warm_stepup/20260919T002827Z-f3d31e/query_timing_tpch_idx.csv
Per-copy samples appended to logs/warm_stepup/20260919T002827Z-f3d31e/query_samples_tpch_idx.csv
Last batch ended at epoch 1789781426.755 (PREV_END_EPOCH for the next invocation)
===== [115/159] queries/tpch/tpch-queries/q11/v2_cte_threshold.sql run_id=8A577E43684EDED9 =====
query_runner configuration:
  QUERY_DIR         = queries/tpch/tpch-queries/q11/v2_cte_threshold.sql
  LOGS_DIR          = logs/warm_stepup/20260919T002827Z-f3d31e  (query_timing_/query_samples_/query_catalog_tpch_idx.csv)
  DB_NAME / DB_USER = tpch_idx / postgres
  PGPORT            = 5434  (server reports 18.4)
  RUN_ID            = 8A577E43684EDED9
  WARMUP            = 2 single-copy warm-ups (the first primes the cache)
  BATCH_SIZES       = 1 2 4 8 16  x RUNS=1 measured batches each
  WORKERS           = (planner default)
  STATEMENT_TIMEOUT = 900
  THERMAL_EQUALISE  = gate (T_LO=55 T_HI=60 preheat<=60s cooldown<=120s)
  sensors           = pkg:/sys/class/hwmon/hwmon8/temp1_input cores:4 cpufreq:8 throttle:8/8
  SIGLESS_ADDR      = (disabled)
Found 1 query under queries/tpch/tpch-queries/q11/v2_cte_threshold.sql

[1/1] queries/tpch/tpch-queries/q11/v2_cte_threshold.sql (2 warmup + step-up 1 2 4 8 16 x1)
  thermal gate: waited 2s -> 58.0 C
  warmup 1/2: 1.824194 sec (cache prime)
  warmup 2/2: 0.136300 sec
  N=1   batch 1/1: 0.135689 sec, 1 copy (server sum 88.481 ms)
  N=2   batch 1/1: 0.212486 sec, 2 copies (server sum 162.999 ms)
  N=4   batch 1/1: 0.371193 sec, 4 copies (server sum 318.645 ms)
  N=8   batch 1/1: 0.702662 sec, 8 copies (server sum 625.425 ms)
  N=16  batch 1/1: 1.312744 sec, 16 copies (server sum 1238.863 ms)
  done: 5 sizes x 1 run (0 failures)

Done. Batch rows appended to logs/warm_stepup/20260919T002827Z-f3d31e/query_timing_tpch_idx.csv
Per-copy samples appended to logs/warm_stepup/20260919T002827Z-f3d31e/query_samples_tpch_idx.csv
Last batch ended at epoch 1789781437.449 (PREV_END_EPOCH for the next invocation)
===== [116/159] queries/tpch/tpch-queries/q09/v1_materialized.sql run_id=F7908E793CDEFCDD =====
query_runner configuration:
  QUERY_DIR         = queries/tpch/tpch-queries/q09/v1_materialized.sql
  LOGS_DIR          = logs/warm_stepup/20260919T002827Z-f3d31e  (query_timing_/query_samples_/query_catalog_tpch_idx.csv)
  DB_NAME / DB_USER = tpch_idx / postgres
  PGPORT            = 5434  (server reports 18.4)
  RUN_ID            = F7908E793CDEFCDD
  WARMUP            = 2 single-copy warm-ups (the first primes the cache)
  BATCH_SIZES       = 1 2 4 8 16  x RUNS=1 measured batches each
  WORKERS           = (planner default)
  STATEMENT_TIMEOUT = 900
  THERMAL_EQUALISE  = gate (T_LO=55 T_HI=60 preheat<=60s cooldown<=120s)
  sensors           = pkg:/sys/class/hwmon/hwmon8/temp1_input cores:4 cpufreq:8 throttle:8/8
  SIGLESS_ADDR      = (disabled)
Found 1 query under queries/tpch/tpch-queries/q09/v1_materialized.sql

[1/1] queries/tpch/tpch-queries/q09/v1_materialized.sql (2 warmup + step-up 1 2 4 8 16 x1)
  warmup 1/2: 8.857281 sec (cache prime)
  warmup 2/2: 1.195307 sec
  N=1   batch 1/1: 1.276559 sec, 1 copy (server sum 1132.623 ms)
  N=2   batch 1/1: 2.346323 sec, 2 copies (server sum 2241.238 ms)
  N=4   batch 1/1: 4.520432 sec, 4 copies (server sum 4458.471 ms)
  N=8   batch 1/1: 8.959162 sec, 8 copies (server sum 8884.072 ms)
  N=16  batch 1/1: 17.909899 sec, 16 copies (server sum 17806.983 ms)
  done: 5 sizes x 1 run (0 failures)

Done. Batch rows appended to logs/warm_stepup/20260919T002827Z-f3d31e/query_timing_tpch_idx.csv
Per-copy samples appended to logs/warm_stepup/20260919T002827Z-f3d31e/query_samples_tpch_idx.csv
Last batch ended at epoch 1789781486.398 (PREV_END_EPOCH for the next invocation)
===== [117/159] queries/tpch/tpch-queries/q06/base.sql run_id=B88F049BD222746A =====
query_runner configuration:
  QUERY_DIR         = queries/tpch/tpch-queries/q06/base.sql
  LOGS_DIR          = logs/warm_stepup/20260919T002827Z-f3d31e  (query_timing_/query_samples_/query_catalog_tpch_idx.csv)
  DB_NAME / DB_USER = tpch_idx / postgres
  PGPORT            = 5434  (server reports 18.4)
  RUN_ID            = B88F049BD222746A
  WARMUP            = 2 single-copy warm-ups (the first primes the cache)
  BATCH_SIZES       = 1 2 4 8 16  x RUNS=1 measured batches each
  WORKERS           = (planner default)
  STATEMENT_TIMEOUT = 900
  THERMAL_EQUALISE  = gate (T_LO=55 T_HI=60 preheat<=60s cooldown<=120s)
  sensors           = pkg:/sys/class/hwmon/hwmon8/temp1_input cores:4 cpufreq:8 throttle:8/8
  SIGLESS_ADDR      = (disabled)
Found 1 query under queries/tpch/tpch-queries/q06/base.sql

[1/1] queries/tpch/tpch-queries/q06/base.sql (2 warmup + step-up 1 2 4 8 16 x1)
  thermal gate: waited 6s -> 60.0 C
  warmup 1/2: 0.316171 sec (cache prime)
  warmup 2/2: 0.110588 sec
  N=1   batch 1/1: 0.115055 sec, 1 copy (server sum 67.986 ms)
  N=2   batch 1/1: 0.188630 sec, 2 copies (server sum 141.349 ms)
  N=4   batch 1/1: 0.347858 sec, 4 copies (server sum 262.042 ms)
  N=8   batch 1/1: 0.567145 sec, 8 copies (server sum 516.385 ms)
  N=16  batch 1/1: 1.129184 sec, 16 copies (server sum 1059.895 ms)
  done: 5 sizes x 1 run (0 failures)

Done. Batch rows appended to logs/warm_stepup/20260919T002827Z-f3d31e/query_timing_tpch_idx.csv
Per-copy samples appended to logs/warm_stepup/20260919T002827Z-f3d31e/query_samples_tpch_idx.csv
Last batch ended at epoch 1789781499.258 (PREV_END_EPOCH for the next invocation)
===== [118/159] queries/tpch/tpch-queries/q09/base.sql run_id=BC3DFAF298C5815F =====
query_runner configuration:
  QUERY_DIR         = queries/tpch/tpch-queries/q09/base.sql
  LOGS_DIR          = logs/warm_stepup/20260919T002827Z-f3d31e  (query_timing_/query_samples_/query_catalog_tpch_idx.csv)
  DB_NAME / DB_USER = tpch_idx / postgres
  PGPORT            = 5434  (server reports 18.4)
  RUN_ID            = BC3DFAF298C5815F
  WARMUP            = 2 single-copy warm-ups (the first primes the cache)
  BATCH_SIZES       = 1 2 4 8 16  x RUNS=1 measured batches each
  WORKERS           = (planner default)
  STATEMENT_TIMEOUT = 900
  THERMAL_EQUALISE  = gate (T_LO=55 T_HI=60 preheat<=60s cooldown<=120s)
  sensors           = pkg:/sys/class/hwmon/hwmon8/temp1_input cores:4 cpufreq:8 throttle:8/8
  SIGLESS_ADDR      = (disabled)
Found 1 query under queries/tpch/tpch-queries/q09/base.sql

[1/1] queries/tpch/tpch-queries/q09/base.sql (2 warmup + step-up 1 2 4 8 16 x1)
  thermal gate: waited 2s -> 59.0 C
  warmup 1/2: 9.538913 sec (cache prime)
  warmup 2/2: 1.206651 sec
  N=1   batch 1/1: 1.192524 sec, 1 copy (server sum 1141.483 ms)
  N=2   batch 1/1: 2.330580 sec, 2 copies (server sum 2238.279 ms)
  N=4   batch 1/1: 4.544289 sec, 4 copies (server sum 4481.924 ms)
  N=8   batch 1/1: 8.984083 sec, 8 copies (server sum 8909.377 ms)
  N=16  batch 1/1: 17.930835 sec, 16 copies (server sum 17814.186 ms)
  done: 5 sizes x 1 run (0 failures)

Done. Batch rows appended to logs/warm_stepup/20260919T002827Z-f3d31e/query_timing_tpch_idx.csv
Per-copy samples appended to logs/warm_stepup/20260919T002827Z-f3d31e/query_samples_tpch_idx.csv
Last batch ended at epoch 1789781550.691 (PREV_END_EPOCH for the next invocation)
===== [119/159] queries/tpch/tpch-queries/q16/base.sql run_id=B91D10C5578EEC3B =====
query_runner configuration:
  QUERY_DIR         = queries/tpch/tpch-queries/q16/base.sql
  LOGS_DIR          = logs/warm_stepup/20260919T002827Z-f3d31e  (query_timing_/query_samples_/query_catalog_tpch_idx.csv)
  DB_NAME / DB_USER = tpch_idx / postgres
  PGPORT            = 5434  (server reports 18.4)
  RUN_ID            = B91D10C5578EEC3B
  WARMUP            = 2 single-copy warm-ups (the first primes the cache)
  BATCH_SIZES       = 1 2 4 8 16  x RUNS=1 measured batches each
  WORKERS           = (planner default)
  STATEMENT_TIMEOUT = 900
  THERMAL_EQUALISE  = gate (T_LO=55 T_HI=60 preheat<=60s cooldown<=120s)
  sensors           = pkg:/sys/class/hwmon/hwmon8/temp1_input cores:4 cpufreq:8 throttle:8/8
  SIGLESS_ADDR      = (disabled)
Found 1 query under queries/tpch/tpch-queries/q16/base.sql

[1/1] queries/tpch/tpch-queries/q16/base.sql (2 warmup + step-up 1 2 4 8 16 x1)
  thermal gate: waited 6s -> 59.0 C
  warmup 1/2: 0.551967 sec (cache prime)
  warmup 2/2: 0.341886 sec
  N=1   batch 1/1: 0.305841 sec, 1 copy (server sum 258.354 ms)
  N=2   batch 1/1: 0.581003 sec, 2 copies (server sum 532.130 ms)
  N=4   batch 1/1: 1.148790 sec, 4 copies (server sum 1098.682 ms)
  N=8   batch 1/1: 2.172666 sec, 8 copies (server sum 2118.571 ms)
  N=16  batch 1/1: 4.269115 sec, 16 copies (server sum 4190.959 ms)
  done: 5 sizes x 1 run (0 failures)

Done. Batch rows appended to logs/warm_stepup/20260919T002827Z-f3d31e/query_timing_tpch_idx.csv
Per-copy samples appended to logs/warm_stepup/20260919T002827Z-f3d31e/query_samples_tpch_idx.csv
Last batch ended at epoch 1789781570.233 (PREV_END_EPOCH for the next invocation)
===== [120/159] queries/tpch/tpch-queries/q01/v1_materialized.sql run_id=18F6584BFCB0CE0D =====
query_runner configuration:
  QUERY_DIR         = queries/tpch/tpch-queries/q01/v1_materialized.sql
  LOGS_DIR          = logs/warm_stepup/20260919T002827Z-f3d31e  (query_timing_/query_samples_/query_catalog_tpch_idx.csv)
  DB_NAME / DB_USER = tpch_idx / postgres
  PGPORT            = 5434  (server reports 18.4)
  RUN_ID            = 18F6584BFCB0CE0D
  WARMUP            = 2 single-copy warm-ups (the first primes the cache)
  BATCH_SIZES       = 1 2 4 8 16  x RUNS=1 measured batches each
  WORKERS           = (planner default)
  STATEMENT_TIMEOUT = 900
  THERMAL_EQUALISE  = gate (T_LO=55 T_HI=60 preheat<=60s cooldown<=120s)
  sensors           = pkg:/sys/class/hwmon/hwmon8/temp1_input cores:4 cpufreq:8 throttle:8/8
  SIGLESS_ADDR      = (disabled)
Found 1 query under queries/tpch/tpch-queries/q01/v1_materialized.sql

[1/1] queries/tpch/tpch-queries/q01/v1_materialized.sql (2 warmup + step-up 1 2 4 8 16 x1)
  thermal gate: waited 2s -> 60.0 C
  warmup 1/2: 2.313197 sec (cache prime)
  warmup 2/2: 1.632132 sec
  N=1   batch 1/1: 1.680746 sec, 1 copy (server sum 1583.182 ms)
  N=2   batch 1/1: 3.189845 sec, 2 copies (server sum 3142.013 ms)
  N=4   batch 1/1: 6.349356 sec, 4 copies (server sum 6268.098 ms)
  N=8   batch 1/1: 12.570873 sec, 8 copies (server sum 12518.254 ms)
  N=16  batch 1/1: 25.961268 sec, 16 copies (server sum 25902.671 ms)
  done: 5 sizes x 1 run (0 failures)

Done. Batch rows appended to logs/warm_stepup/20260919T002827Z-f3d31e/query_timing_tpch_idx.csv
Per-copy samples appended to logs/warm_stepup/20260919T002827Z-f3d31e/query_samples_tpch_idx.csv
Last batch ended at epoch 1789781629.682 (PREV_END_EPOCH for the next invocation)
===== [121/159] queries/tpch/tpch-queries/q16/v2_not_exists.sql run_id=BDA9BEAFF8825E00 =====
query_runner configuration:
  QUERY_DIR         = queries/tpch/tpch-queries/q16/v2_not_exists.sql
  LOGS_DIR          = logs/warm_stepup/20260919T002827Z-f3d31e  (query_timing_/query_samples_/query_catalog_tpch_idx.csv)
  DB_NAME / DB_USER = tpch_idx / postgres
  PGPORT            = 5434  (server reports 18.4)
  RUN_ID            = BDA9BEAFF8825E00
  WARMUP            = 2 single-copy warm-ups (the first primes the cache)
  BATCH_SIZES       = 1 2 4 8 16  x RUNS=1 measured batches each
  WORKERS           = (planner default)
  STATEMENT_TIMEOUT = 900
  THERMAL_EQUALISE  = gate (T_LO=55 T_HI=60 preheat<=60s cooldown<=120s)
  sensors           = pkg:/sys/class/hwmon/hwmon8/temp1_input cores:4 cpufreq:8 throttle:8/8
  SIGLESS_ADDR      = (disabled)
Found 1 query under queries/tpch/tpch-queries/q16/v2_not_exists.sql

[1/1] queries/tpch/tpch-queries/q16/v2_not_exists.sql (2 warmup + step-up 1 2 4 8 16 x1)
  thermal gate: waited 16s -> 60.0 C
  warmup 1/2: 0.579828 sec (cache prime)
  warmup 2/2: 0.291778 sec
  N=1   batch 1/1: 0.288597 sec, 1 copy (server sum 240.908 ms)
  N=2   batch 1/1: 0.551872 sec, 2 copies (server sum 503.407 ms)
  N=4   batch 1/1: 1.036368 sec, 4 copies (server sum 985.761 ms)
  N=8   batch 1/1: 2.032919 sec, 8 copies (server sum 1978.337 ms)
  N=16  batch 1/1: 4.046691 sec, 16 copies (server sum 3983.572 ms)
  done: 5 sizes x 1 run (0 failures)

Done. Batch rows appended to logs/warm_stepup/20260919T002827Z-f3d31e/query_timing_tpch_idx.csv
Per-copy samples appended to logs/warm_stepup/20260919T002827Z-f3d31e/query_samples_tpch_idx.csv
Last batch ended at epoch 1789781658.935 (PREV_END_EPOCH for the next invocation)
===== [122/159] queries/tpch/tpch-queries/q16/v1_materialized.sql run_id=CD0C4E3188707853 =====
query_runner configuration:
  QUERY_DIR         = queries/tpch/tpch-queries/q16/v1_materialized.sql
  LOGS_DIR          = logs/warm_stepup/20260919T002827Z-f3d31e  (query_timing_/query_samples_/query_catalog_tpch_idx.csv)
  DB_NAME / DB_USER = tpch_idx / postgres
  PGPORT            = 5434  (server reports 18.4)
  RUN_ID            = CD0C4E3188707853
  WARMUP            = 2 single-copy warm-ups (the first primes the cache)
  BATCH_SIZES       = 1 2 4 8 16  x RUNS=1 measured batches each
  WORKERS           = (planner default)
  STATEMENT_TIMEOUT = 900
  THERMAL_EQUALISE  = gate (T_LO=55 T_HI=60 preheat<=60s cooldown<=120s)
  sensors           = pkg:/sys/class/hwmon/hwmon8/temp1_input cores:4 cpufreq:8 throttle:8/8
  SIGLESS_ADDR      = (disabled)
Found 1 query under queries/tpch/tpch-queries/q16/v1_materialized.sql

[1/1] queries/tpch/tpch-queries/q16/v1_materialized.sql (2 warmup + step-up 1 2 4 8 16 x1)
  thermal gate: waited 2s -> 59.0 C
  warmup 1/2: 0.619353 sec (cache prime)
  warmup 2/2: 0.349474 sec
  N=1   batch 1/1: 0.312297 sec, 1 copy (server sum 264.396 ms)
  N=2   batch 1/1: 0.598665 sec, 2 copies (server sum 550.260 ms)
  N=4   batch 1/1: 1.187031 sec, 4 copies (server sum 1086.255 ms)
  N=8   batch 1/1: 2.299541 sec, 8 copies (server sum 2212.606 ms)
  N=16  batch 1/1: 4.377704 sec, 16 copies (server sum 4315.366 ms)
  done: 5 sizes x 1 run (0 failures)

Done. Batch rows appended to logs/warm_stepup/20260919T002827Z-f3d31e/query_timing_tpch_idx.csv
Per-copy samples appended to logs/warm_stepup/20260919T002827Z-f3d31e/query_samples_tpch_idx.csv
Last batch ended at epoch 1789781674.304 (PREV_END_EPOCH for the next invocation)
===== [123/159] queries/tpch/tpch-queries/q13/v1_materialized.sql run_id=C9A5236BC8378C86 =====
query_runner configuration:
  QUERY_DIR         = queries/tpch/tpch-queries/q13/v1_materialized.sql
  LOGS_DIR          = logs/warm_stepup/20260919T002827Z-f3d31e  (query_timing_/query_samples_/query_catalog_tpch_idx.csv)
  DB_NAME / DB_USER = tpch_idx / postgres
  PGPORT            = 5434  (server reports 18.4)
  RUN_ID            = C9A5236BC8378C86
  WARMUP            = 2 single-copy warm-ups (the first primes the cache)
  BATCH_SIZES       = 1 2 4 8 16  x RUNS=1 measured batches each
  WORKERS           = (planner default)
  STATEMENT_TIMEOUT = 900
  THERMAL_EQUALISE  = gate (T_LO=55 T_HI=60 preheat<=60s cooldown<=120s)
  sensors           = pkg:/sys/class/hwmon/hwmon8/temp1_input cores:4 cpufreq:8 throttle:8/8
  SIGLESS_ADDR      = (disabled)
Found 1 query under queries/tpch/tpch-queries/q13/v1_materialized.sql

[1/1] queries/tpch/tpch-queries/q13/v1_materialized.sql (2 warmup + step-up 1 2 4 8 16 x1)
  thermal gate: waited 2s -> 60.0 C
  warmup 1/2: 1.656218 sec (cache prime)
  warmup 2/2: 1.405555 sec
  N=1   batch 1/1: 1.418877 sec, 1 copy (server sum 1371.899 ms)
  N=2   batch 1/1: 2.771647 sec, 2 copies (server sum 2722.772 ms)
  N=4   batch 1/1: 5.472480 sec, 4 copies (server sum 5408.836 ms)
  N=8   batch 1/1: 10.823435 sec, 8 copies (server sum 10764.434 ms)
  N=16  batch 1/1: 21.661079 sec, 16 copies (server sum 21549.141 ms)
  done: 5 sizes x 1 run (0 failures)

Done. Batch rows appended to logs/warm_stepup/20260919T002827Z-f3d31e/query_timing_tpch_idx.csv
Per-copy samples appended to logs/warm_stepup/20260919T002827Z-f3d31e/query_samples_tpch_idx.csv
Last batch ended at epoch 1789781725.630 (PREV_END_EPOCH for the next invocation)
===== [124/159] queries/tpch/tpch-queries/q11/base.sql run_id=08ED3D8908097F78 =====
query_runner configuration:
  QUERY_DIR         = queries/tpch/tpch-queries/q11/base.sql
  LOGS_DIR          = logs/warm_stepup/20260919T002827Z-f3d31e  (query_timing_/query_samples_/query_catalog_tpch_idx.csv)
  DB_NAME / DB_USER = tpch_idx / postgres
  PGPORT            = 5434  (server reports 18.4)
  RUN_ID            = 08ED3D8908097F78
  WARMUP            = 2 single-copy warm-ups (the first primes the cache)
  BATCH_SIZES       = 1 2 4 8 16  x RUNS=1 measured batches each
  WORKERS           = (planner default)
  STATEMENT_TIMEOUT = 900
  THERMAL_EQUALISE  = gate (T_LO=55 T_HI=60 preheat<=60s cooldown<=120s)
  sensors           = pkg:/sys/class/hwmon/hwmon8/temp1_input cores:4 cpufreq:8 throttle:8/8
  SIGLESS_ADDR      = (disabled)
Found 1 query under queries/tpch/tpch-queries/q11/base.sql

[1/1] queries/tpch/tpch-queries/q11/base.sql (2 warmup + step-up 1 2 4 8 16 x1)
  warmup 1/2: 1.795164 sec (cache prime)
  warmup 2/2: 0.133394 sec
  N=1   batch 1/1: 0.133454 sec, 1 copy (server sum 86.054 ms)
  N=2   batch 1/1: 0.209678 sec, 2 copies (server sum 160.506 ms)
  N=4   batch 1/1: 0.366330 sec, 4 copies (server sum 313.670 ms)
  N=8   batch 1/1: 0.685906 sec, 8 copies (server sum 613.339 ms)
  N=16  batch 1/1: 1.291179 sec, 16 copies (server sum 1216.676 ms)
  done: 5 sizes x 1 run (0 failures)

Done. Batch rows appended to logs/warm_stepup/20260919T002827Z-f3d31e/query_timing_tpch_idx.csv
Per-copy samples appended to logs/warm_stepup/20260919T002827Z-f3d31e/query_samples_tpch_idx.csv
Last batch ended at epoch 1789781734.233 (PREV_END_EPOCH for the next invocation)
===== [125/159] queries/tpch/tpch-queries/q11/v1_materialized.sql run_id=503E803700CDA7EC =====
query_runner configuration:
  QUERY_DIR         = queries/tpch/tpch-queries/q11/v1_materialized.sql
  LOGS_DIR          = logs/warm_stepup/20260919T002827Z-f3d31e  (query_timing_/query_samples_/query_catalog_tpch_idx.csv)
  DB_NAME / DB_USER = tpch_idx / postgres
  PGPORT            = 5434  (server reports 18.4)
  RUN_ID            = 503E803700CDA7EC
  WARMUP            = 2 single-copy warm-ups (the first primes the cache)
  BATCH_SIZES       = 1 2 4 8 16  x RUNS=1 measured batches each
  WORKERS           = (planner default)
  STATEMENT_TIMEOUT = 900
  THERMAL_EQUALISE  = gate (T_LO=55 T_HI=60 preheat<=60s cooldown<=120s)
  sensors           = pkg:/sys/class/hwmon/hwmon8/temp1_input cores:4 cpufreq:8 throttle:8/8
  SIGLESS_ADDR      = (disabled)
Found 1 query under queries/tpch/tpch-queries/q11/v1_materialized.sql

[1/1] queries/tpch/tpch-queries/q11/v1_materialized.sql (2 warmup + step-up 1 2 4 8 16 x1)
  warmup 1/2: 1.785512 sec (cache prime)
  warmup 2/2: 0.132711 sec
  N=1   batch 1/1: 0.133248 sec, 1 copy (server sum 85.458 ms)
  N=2   batch 1/1: 0.209254 sec, 2 copies (server sum 159.970 ms)
  N=4   batch 1/1: 0.370653 sec, 4 copies (server sum 316.813 ms)
  N=8   batch 1/1: 0.700945 sec, 8 copies (server sum 622.879 ms)
  N=16  batch 1/1: 1.341488 sec, 16 copies (server sum 1213.737 ms)
  done: 5 sizes x 1 run (0 failures)

Done. Batch rows appended to logs/warm_stepup/20260919T002827Z-f3d31e/query_timing_tpch_idx.csv
Per-copy samples appended to logs/warm_stepup/20260919T002827Z-f3d31e/query_samples_tpch_idx.csv
Last batch ended at epoch 1789781742.608 (PREV_END_EPOCH for the next invocation)
===== [126/159] queries/tpch/tpch-queries/q02/base.sql run_id=723C97E780C33A4D =====
query_runner configuration:
  QUERY_DIR         = queries/tpch/tpch-queries/q02/base.sql
  LOGS_DIR          = logs/warm_stepup/20260919T002827Z-f3d31e  (query_timing_/query_samples_/query_catalog_tpch_idx.csv)
  DB_NAME / DB_USER = tpch_idx / postgres
  PGPORT            = 5434  (server reports 18.4)
  RUN_ID            = 723C97E780C33A4D
  WARMUP            = 2 single-copy warm-ups (the first primes the cache)
  BATCH_SIZES       = 1 2 4 8 16  x RUNS=1 measured batches each
  WORKERS           = (planner default)
  STATEMENT_TIMEOUT = 900
  THERMAL_EQUALISE  = gate (T_LO=55 T_HI=60 preheat<=60s cooldown<=120s)
  sensors           = pkg:/sys/class/hwmon/hwmon8/temp1_input cores:4 cpufreq:8 throttle:8/8
  SIGLESS_ADDR      = (disabled)
Found 1 query under queries/tpch/tpch-queries/q02/base.sql

[1/1] queries/tpch/tpch-queries/q02/base.sql (2 warmup + step-up 1 2 4 8 16 x1)
  warmup 1/2: 0.834800 sec (cache prime)
  warmup 2/2: 0.244822 sec
  N=1   batch 1/1: 0.245789 sec, 1 copy (server sum 196.771 ms)
  N=2   batch 1/1: 0.409480 sec, 2 copies (server sum 358.911 ms)
  N=4   batch 1/1: 0.733642 sec, 4 copies (server sum 679.243 ms)
  N=8   batch 1/1: 1.378980 sec, 8 copies (server sum 1317.166 ms)
  N=16  batch 1/1: 2.690054 sec, 16 copies (server sum 2591.102 ms)
  done: 5 sizes x 1 run (0 failures)

Done. Batch rows appended to logs/warm_stepup/20260919T002827Z-f3d31e/query_timing_tpch_idx.csv
Per-copy samples appended to logs/warm_stepup/20260919T002827Z-f3d31e/query_samples_tpch_idx.csv
Last batch ended at epoch 1789781753.299 (PREV_END_EPOCH for the next invocation)
===== [127/159] queries/tpch/tpch-queries/q18/v1_materialized.sql run_id=4DE48761616A1080 =====
query_runner configuration:
  QUERY_DIR         = queries/tpch/tpch-queries/q18/v1_materialized.sql
  LOGS_DIR          = logs/warm_stepup/20260919T002827Z-f3d31e  (query_timing_/query_samples_/query_catalog_tpch_idx.csv)
  DB_NAME / DB_USER = tpch_idx / postgres
  PGPORT            = 5434  (server reports 18.4)
  RUN_ID            = 4DE48761616A1080
  WARMUP            = 2 single-copy warm-ups (the first primes the cache)
  BATCH_SIZES       = 1 2 4 8 16  x RUNS=1 measured batches each
  WORKERS           = (planner default)
  STATEMENT_TIMEOUT = 900
  THERMAL_EQUALISE  = gate (T_LO=55 T_HI=60 preheat<=60s cooldown<=120s)
  sensors           = pkg:/sys/class/hwmon/hwmon8/temp1_input cores:4 cpufreq:8 throttle:8/8
  SIGLESS_ADDR      = (disabled)
Found 1 query under queries/tpch/tpch-queries/q18/v1_materialized.sql

[1/1] queries/tpch/tpch-queries/q18/v1_materialized.sql (2 warmup + step-up 1 2 4 8 16 x1)
  warmup 1/2: 5.623410 sec (cache prime)
  warmup 2/2: 4.755877 sec
  N=1   batch 1/1: 4.766161 sec, 1 copy (server sum 4717.658 ms)
  N=2   batch 1/1: 9.419403 sec, 2 copies (server sum 9363.288 ms)
  N=4   batch 1/1: 18.744199 sec, 4 copies (server sum 18691.040 ms)
  N=8   batch 1/1: 38.101860 sec, 8 copies (server sum 38042.980 ms)
  N=16  batch 1/1: 77.497063 sec, 16 copies (server sum 77425.373 ms)
  done: 5 sizes x 1 run (0 failures)

Done. Batch rows appended to logs/warm_stepup/20260919T002827Z-f3d31e/query_timing_tpch_idx.csv
Per-copy samples appended to logs/warm_stepup/20260919T002827Z-f3d31e/query_samples_tpch_idx.csv
Last batch ended at epoch 1789781916.267 (PREV_END_EPOCH for the next invocation)
===== [128/159] queries/tpch/tpch-queries/q12/v2_filter.sql run_id=FEBCE1B933DB171D =====
query_runner configuration:
  QUERY_DIR         = queries/tpch/tpch-queries/q12/v2_filter.sql
  LOGS_DIR          = logs/warm_stepup/20260919T002827Z-f3d31e  (query_timing_/query_samples_/query_catalog_tpch_idx.csv)
  DB_NAME / DB_USER = tpch_idx / postgres
  PGPORT            = 5434  (server reports 18.4)
  RUN_ID            = FEBCE1B933DB171D
  WARMUP            = 2 single-copy warm-ups (the first primes the cache)
  BATCH_SIZES       = 1 2 4 8 16  x RUNS=1 measured batches each
  WORKERS           = (planner default)
  STATEMENT_TIMEOUT = 900
  THERMAL_EQUALISE  = gate (T_LO=55 T_HI=60 preheat<=60s cooldown<=120s)
  sensors           = pkg:/sys/class/hwmon/hwmon8/temp1_input cores:4 cpufreq:8 throttle:8/8
  SIGLESS_ADDR      = (disabled)
Found 1 query under queries/tpch/tpch-queries/q12/v2_filter.sql

[1/1] queries/tpch/tpch-queries/q12/v2_filter.sql (2 warmup + step-up 1 2 4 8 16 x1)
  thermal gate: waited 14s -> 60.0 C
  warmup 1/2: 1.706103 sec (cache prime)
  warmup 2/2: 0.390786 sec
  N=1   batch 1/1: 0.425686 sec, 1 copy (server sum 340.542 ms)
  N=2   batch 1/1: 0.704685 sec, 2 copies (server sum 656.359 ms)
  N=4   batch 1/1: 1.281906 sec, 4 copies (server sum 1232.448 ms)
  N=8   batch 1/1: 2.510050 sec, 8 copies (server sum 2454.243 ms)
  N=16  batch 1/1: 4.895502 sec, 16 copies (server sum 4832.989 ms)
  done: 5 sizes x 1 run (0 failures)

Done. Batch rows appended to logs/warm_stepup/20260919T002827Z-f3d31e/query_timing_tpch_idx.csv
Per-copy samples appended to logs/warm_stepup/20260919T002827Z-f3d31e/query_samples_tpch_idx.csv
Last batch ended at epoch 1789781946.481 (PREV_END_EPOCH for the next invocation)
===== [129/159] queries/tpch/tpch-queries/q05/v1_materialized.sql run_id=2ED982512EBE3E56 =====
query_runner configuration:
  QUERY_DIR         = queries/tpch/tpch-queries/q05/v1_materialized.sql
  LOGS_DIR          = logs/warm_stepup/20260919T002827Z-f3d31e  (query_timing_/query_samples_/query_catalog_tpch_idx.csv)
  DB_NAME / DB_USER = tpch_idx / postgres
  PGPORT            = 5434  (server reports 18.4)
  RUN_ID            = 2ED982512EBE3E56
  WARMUP            = 2 single-copy warm-ups (the first primes the cache)
  BATCH_SIZES       = 1 2 4 8 16  x RUNS=1 measured batches each
  WORKERS           = (planner default)
  STATEMENT_TIMEOUT = 900
  THERMAL_EQUALISE  = gate (T_LO=55 T_HI=60 preheat<=60s cooldown<=120s)
  sensors           = pkg:/sys/class/hwmon/hwmon8/temp1_input cores:4 cpufreq:8 throttle:8/8
  SIGLESS_ADDR      = (disabled)
Found 1 query under queries/tpch/tpch-queries/q05/v1_materialized.sql

[1/1] queries/tpch/tpch-queries/q05/v1_materialized.sql (2 warmup + step-up 1 2 4 8 16 x1)
  thermal gate: waited 4s -> 60.0 C
  warmup 1/2: 8.724214 sec (cache prime)
  warmup 2/2: 0.290383 sec
  N=1   batch 1/1: 0.279416 sec, 1 copy (server sum 229.589 ms)
  N=2   batch 1/1: 0.508686 sec, 2 copies (server sum 455.998 ms)
  N=4   batch 1/1: 0.948485 sec, 4 copies (server sum 890.305 ms)
  N=8   batch 1/1: 1.824995 sec, 8 copies (server sum 1756.443 ms)
  N=16  batch 1/1: 3.671390 sec, 16 copies (server sum 3518.980 ms)
  done: 5 sizes x 1 run (0 failures)

Done. Batch rows appended to logs/warm_stepup/20260919T002827Z-f3d31e/query_timing_tpch_idx.csv
Per-copy samples appended to logs/warm_stepup/20260919T002827Z-f3d31e/query_samples_tpch_idx.csv
Last batch ended at epoch 1789781971.215 (PREV_END_EPOCH for the next invocation)
===== [130/159] queries/tpch/tpch-queries/q21/base.sql run_id=AACF626993F095B7 =====
query_runner configuration:
  QUERY_DIR         = queries/tpch/tpch-queries/q21/base.sql
  LOGS_DIR          = logs/warm_stepup/20260919T002827Z-f3d31e  (query_timing_/query_samples_/query_catalog_tpch_idx.csv)
  DB_NAME / DB_USER = tpch_idx / postgres
  PGPORT            = 5434  (server reports 18.4)
  RUN_ID            = AACF626993F095B7
  WARMUP            = 2 single-copy warm-ups (the first primes the cache)
  BATCH_SIZES       = 1 2 4 8 16  x RUNS=1 measured batches each
  WORKERS           = (planner default)
  STATEMENT_TIMEOUT = 900
  THERMAL_EQUALISE  = gate (T_LO=55 T_HI=60 preheat<=60s cooldown<=120s)
  sensors           = pkg:/sys/class/hwmon/hwmon8/temp1_input cores:4 cpufreq:8 throttle:8/8
  SIGLESS_ADDR      = (disabled)
Found 1 query under queries/tpch/tpch-queries/q21/base.sql

[1/1] queries/tpch/tpch-queries/q21/base.sql (2 warmup + step-up 1 2 4 8 16 x1)
  thermal gate: waited 2s -> 59.0 C
  warmup 1/2: 11.256279 sec (cache prime)
  warmup 2/2: 0.508714 sec
  N=1   batch 1/1: 0.520771 sec, 1 copy (server sum 470.952 ms)
  N=2   batch 1/1: 0.958965 sec, 2 copies (server sum 906.470 ms)
  N=4   batch 1/1: 1.898046 sec, 4 copies (server sum 1801.455 ms)
  N=8   batch 1/1: 3.673724 sec, 8 copies (server sum 3606.397 ms)
  N=16  batch 1/1: 7.295578 sec, 16 copies (server sum 7159.093 ms)
  done: 5 sizes x 1 run (0 failures)

Done. Batch rows appended to logs/warm_stepup/20260919T002827Z-f3d31e/query_timing_tpch_idx.csv
Per-copy samples appended to logs/warm_stepup/20260919T002827Z-f3d31e/query_samples_tpch_idx.csv
Last batch ended at epoch 1789782003.654 (PREV_END_EPOCH for the next invocation)
===== [131/159] queries/tpch/tpch-queries/q12/v1_materialized.sql run_id=E7AB3CAD4B9AE094 =====
query_runner configuration:
  QUERY_DIR         = queries/tpch/tpch-queries/q12/v1_materialized.sql
  LOGS_DIR          = logs/warm_stepup/20260919T002827Z-f3d31e  (query_timing_/query_samples_/query_catalog_tpch_idx.csv)
  DB_NAME / DB_USER = tpch_idx / postgres
  PGPORT            = 5434  (server reports 18.4)
  RUN_ID            = E7AB3CAD4B9AE094
  WARMUP            = 2 single-copy warm-ups (the first primes the cache)
  BATCH_SIZES       = 1 2 4 8 16  x RUNS=1 measured batches each
  WORKERS           = (planner default)
  STATEMENT_TIMEOUT = 900
  THERMAL_EQUALISE  = gate (T_LO=55 T_HI=60 preheat<=60s cooldown<=120s)
  sensors           = pkg:/sys/class/hwmon/hwmon8/temp1_input cores:4 cpufreq:8 throttle:8/8
  SIGLESS_ADDR      = (disabled)
Found 1 query under queries/tpch/tpch-queries/q12/v1_materialized.sql

[1/1] queries/tpch/tpch-queries/q12/v1_materialized.sql (2 warmup + step-up 1 2 4 8 16 x1)
  thermal gate: waited 6s -> 60.0 C
  warmup 1/2: 1.720428 sec (cache prime)
  warmup 2/2: 0.388646 sec
  N=1   batch 1/1: 0.417720 sec, 1 copy (server sum 331.009 ms)
  N=2   batch 1/1: 0.682384 sec, 2 copies (server sum 634.439 ms)
  N=4   batch 1/1: 1.270491 sec, 4 copies (server sum 1220.365 ms)
  N=8   batch 1/1: 2.474071 sec, 8 copies (server sum 2419.213 ms)
  N=16  batch 1/1: 4.869106 sec, 16 copies (server sum 4806.310 ms)
  done: 5 sizes x 1 run (0 failures)

Done. Batch rows appended to logs/warm_stepup/20260919T002827Z-f3d31e/query_timing_tpch_idx.csv
Per-copy samples appended to logs/warm_stepup/20260919T002827Z-f3d31e/query_samples_tpch_idx.csv
Last batch ended at epoch 1789782025.967 (PREV_END_EPOCH for the next invocation)
===== [132/159] queries/tpch/tpch-queries/q04/base.sql run_id=005D1BB62272534D =====
query_runner configuration:
  QUERY_DIR         = queries/tpch/tpch-queries/q04/base.sql
  LOGS_DIR          = logs/warm_stepup/20260919T002827Z-f3d31e  (query_timing_/query_samples_/query_catalog_tpch_idx.csv)
  DB_NAME / DB_USER = tpch_idx / postgres
  PGPORT            = 5434  (server reports 18.4)
  RUN_ID            = 005D1BB62272534D
  WARMUP            = 2 single-copy warm-ups (the first primes the cache)
  BATCH_SIZES       = 1 2 4 8 16  x RUNS=1 measured batches each
  WORKERS           = (planner default)
  STATEMENT_TIMEOUT = 900
  THERMAL_EQUALISE  = gate (T_LO=55 T_HI=60 preheat<=60s cooldown<=120s)
  sensors           = pkg:/sys/class/hwmon/hwmon8/temp1_input cores:4 cpufreq:8 throttle:8/8
  SIGLESS_ADDR      = (disabled)
Found 1 query under queries/tpch/tpch-queries/q04/base.sql

[1/1] queries/tpch/tpch-queries/q04/base.sql (2 warmup + step-up 1 2 4 8 16 x1)
  thermal gate: waited 4s -> 60.0 C
  warmup 1/2: 1.731978 sec (cache prime)
  warmup 2/2: 0.154467 sec
  N=1   batch 1/1: 0.154374 sec, 1 copy (server sum 106.755 ms)
  N=2   batch 1/1: 0.251336 sec, 2 copies (server sum 203.280 ms)
  N=4   batch 1/1: 0.437784 sec, 4 copies (server sum 388.645 ms)
  N=8   batch 1/1: 0.830309 sec, 8 copies (server sum 778.168 ms)
  N=16  batch 1/1: 1.583016 sec, 16 copies (server sum 1524.283 ms)
  done: 5 sizes x 1 run (0 failures)

Done. Batch rows appended to logs/warm_stepup/20260919T002827Z-f3d31e/query_timing_tpch_idx.csv
Per-copy samples appended to logs/warm_stepup/20260919T002827Z-f3d31e/query_samples_tpch_idx.csv
Last batch ended at epoch 1789782039.433 (PREV_END_EPOCH for the next invocation)
===== [133/159] queries/tpch/tpch-queries/q22/v1_materialized.sql run_id=C3905AFD11E338CC =====
query_runner configuration:
  QUERY_DIR         = queries/tpch/tpch-queries/q22/v1_materialized.sql
  LOGS_DIR          = logs/warm_stepup/20260919T002827Z-f3d31e  (query_timing_/query_samples_/query_catalog_tpch_idx.csv)
  DB_NAME / DB_USER = tpch_idx / postgres
  PGPORT            = 5434  (server reports 18.4)
  RUN_ID            = C3905AFD11E338CC
  WARMUP            = 2 single-copy warm-ups (the first primes the cache)
  BATCH_SIZES       = 1 2 4 8 16  x RUNS=1 measured batches each
  WORKERS           = (planner default)
  STATEMENT_TIMEOUT = 900
  THERMAL_EQUALISE  = gate (T_LO=55 T_HI=60 preheat<=60s cooldown<=120s)
  sensors           = pkg:/sys/class/hwmon/hwmon8/temp1_input cores:4 cpufreq:8 throttle:8/8
  SIGLESS_ADDR      = (disabled)
Found 1 query under queries/tpch/tpch-queries/q22/v1_materialized.sql

[1/1] queries/tpch/tpch-queries/q22/v1_materialized.sql (2 warmup + step-up 1 2 4 8 16 x1)
  thermal gate: waited 2s -> 59.0 C
  warmup 1/2: 0.331850 sec (cache prime)
  warmup 2/2: 0.117231 sec
  N=1   batch 1/1: 0.115992 sec, 1 copy (server sum 67.791 ms)
  N=2   batch 1/1: 0.182701 sec, 2 copies (server sum 134.389 ms)
  N=4   batch 1/1: 0.332809 sec, 4 copies (server sum 252.950 ms)
  N=8   batch 1/1: 0.551142 sec, 8 copies (server sum 497.490 ms)
  N=16  batch 1/1: 1.057622 sec, 16 copies (server sum 996.551 ms)
  done: 5 sizes x 1 run (0 failures)

Done. Batch rows appended to logs/warm_stepup/20260919T002827Z-f3d31e/query_timing_tpch_idx.csv
Per-copy samples appended to logs/warm_stepup/20260919T002827Z-f3d31e/query_samples_tpch_idx.csv
Last batch ended at epoch 1789782048.241 (PREV_END_EPOCH for the next invocation)
===== [134/159] queries/tpch/tpch-queries/q21/v1_materialized.sql run_id=ED97BF4B51F9BFC6 =====
query_runner configuration:
  QUERY_DIR         = queries/tpch/tpch-queries/q21/v1_materialized.sql
  LOGS_DIR          = logs/warm_stepup/20260919T002827Z-f3d31e  (query_timing_/query_samples_/query_catalog_tpch_idx.csv)
  DB_NAME / DB_USER = tpch_idx / postgres
  PGPORT            = 5434  (server reports 18.4)
  RUN_ID            = ED97BF4B51F9BFC6
  WARMUP            = 2 single-copy warm-ups (the first primes the cache)
  BATCH_SIZES       = 1 2 4 8 16  x RUNS=1 measured batches each
  WORKERS           = (planner default)
  STATEMENT_TIMEOUT = 900
  THERMAL_EQUALISE  = gate (T_LO=55 T_HI=60 preheat<=60s cooldown<=120s)
  sensors           = pkg:/sys/class/hwmon/hwmon8/temp1_input cores:4 cpufreq:8 throttle:8/8
  SIGLESS_ADDR      = (disabled)
Found 1 query under queries/tpch/tpch-queries/q21/v1_materialized.sql

[1/1] queries/tpch/tpch-queries/q21/v1_materialized.sql (2 warmup + step-up 1 2 4 8 16 x1)
  thermal gate: waited 2s -> 58.0 C
  warmup 1/2: 11.252731 sec (cache prime)
  warmup 2/2: 0.515178 sec
  N=1   batch 1/1: 0.518749 sec, 1 copy (server sum 470.019 ms)
  N=2   batch 1/1: 0.964828 sec, 2 copies (server sum 913.763 ms)
  N=4   batch 1/1: 1.901957 sec, 4 copies (server sum 1810.977 ms)
  N=8   batch 1/1: 3.621150 sec, 8 copies (server sum 3557.847 ms)
  N=16  batch 1/1: 7.214831 sec, 16 copies (server sum 7087.070 ms)
  done: 5 sizes x 1 run (0 failures)

Done. Batch rows appended to logs/warm_stepup/20260919T002827Z-f3d31e/query_timing_tpch_idx.csv
Per-copy samples appended to logs/warm_stepup/20260919T002827Z-f3d31e/query_samples_tpch_idx.csv
Last batch ended at epoch 1789782080.394 (PREV_END_EPOCH for the next invocation)
===== [135/159] queries/tpch/tpch-queries/q01/v1_materialized.sql run_id=633A5DACC6181D83 =====
query_runner configuration:
  QUERY_DIR         = queries/tpch/tpch-queries/q01/v1_materialized.sql
  LOGS_DIR          = logs/warm_stepup/20260919T002827Z-f3d31e  (query_timing_/query_samples_/query_catalog_tpch_idx.csv)
  DB_NAME / DB_USER = tpch_idx / postgres
  PGPORT            = 5434  (server reports 18.4)
  RUN_ID            = 633A5DACC6181D83
  WARMUP            = 2 single-copy warm-ups (the first primes the cache)
  BATCH_SIZES       = 1 2 4 8 16  x RUNS=1 measured batches each
  WORKERS           = (planner default)
  STATEMENT_TIMEOUT = 900
  THERMAL_EQUALISE  = gate (T_LO=55 T_HI=60 preheat<=60s cooldown<=120s)
  sensors           = pkg:/sys/class/hwmon/hwmon8/temp1_input cores:4 cpufreq:8 throttle:8/8
  SIGLESS_ADDR      = (disabled)
Found 1 query under queries/tpch/tpch-queries/q01/v1_materialized.sql

[1/1] queries/tpch/tpch-queries/q01/v1_materialized.sql (2 warmup + step-up 1 2 4 8 16 x1)
  thermal gate: waited 6s -> 60.0 C
  warmup 1/2: 2.295356 sec (cache prime)
  warmup 2/2: 1.629903 sec
  N=1   batch 1/1: 1.627128 sec, 1 copy (server sum 1580.636 ms)
  N=2   batch 1/1: 3.199475 sec, 2 copies (server sum 3151.641 ms)
  N=4   batch 1/1: 6.366064 sec, 4 copies (server sum 6272.724 ms)
  N=8   batch 1/1: 12.605802 sec, 8 copies (server sum 12500.193 ms)
  N=16  batch 1/1: 26.023069 sec, 16 copies (server sum 25963.887 ms)
  done: 5 sizes x 1 run (0 failures)

Done. Batch rows appended to logs/warm_stepup/20260919T002827Z-f3d31e/query_timing_tpch_idx.csv
Per-copy samples appended to logs/warm_stepup/20260919T002827Z-f3d31e/query_samples_tpch_idx.csv
Last batch ended at epoch 1789782144.396 (PREV_END_EPOCH for the next invocation)
===== [136/159] queries/tpch/tpch-queries/q21/base.sql run_id=68C0361A80F6AD1E =====
query_runner configuration:
  QUERY_DIR         = queries/tpch/tpch-queries/q21/base.sql
  LOGS_DIR          = logs/warm_stepup/20260919T002827Z-f3d31e  (query_timing_/query_samples_/query_catalog_tpch_idx.csv)
  DB_NAME / DB_USER = tpch_idx / postgres
  PGPORT            = 5434  (server reports 18.4)
  RUN_ID            = 68C0361A80F6AD1E
  WARMUP            = 2 single-copy warm-ups (the first primes the cache)
  BATCH_SIZES       = 1 2 4 8 16  x RUNS=1 measured batches each
  WORKERS           = (planner default)
  STATEMENT_TIMEOUT = 900
  THERMAL_EQUALISE  = gate (T_LO=55 T_HI=60 preheat<=60s cooldown<=120s)
  sensors           = pkg:/sys/class/hwmon/hwmon8/temp1_input cores:4 cpufreq:8 throttle:8/8
  SIGLESS_ADDR      = (disabled)
Found 1 query under queries/tpch/tpch-queries/q21/base.sql

[1/1] queries/tpch/tpch-queries/q21/base.sql (2 warmup + step-up 1 2 4 8 16 x1)
  thermal gate: waited 16s -> 60.0 C
  warmup 1/2: 11.250916 sec (cache prime)
  warmup 2/2: 0.507452 sec
  N=1   batch 1/1: 0.516567 sec, 1 copy (server sum 466.829 ms)
  N=2   batch 1/1: 0.962168 sec, 2 copies (server sum 909.691 ms)
  N=4   batch 1/1: 1.861396 sec, 4 copies (server sum 1796.053 ms)
  N=8   batch 1/1: 3.638479 sec, 8 copies (server sum 3570.617 ms)
  N=16  batch 1/1: 7.232635 sec, 16 copies (server sum 7144.631 ms)
  done: 5 sizes x 1 run (0 failures)

Done. Batch rows appended to logs/warm_stepup/20260919T002827Z-f3d31e/query_timing_tpch_idx.csv
Per-copy samples appended to logs/warm_stepup/20260919T002827Z-f3d31e/query_samples_tpch_idx.csv
Last batch ended at epoch 1789782190.962 (PREV_END_EPOCH for the next invocation)
===== [137/159] queries/tpch/tpch-queries/q02/v1_materialized.sql run_id=314FB19CAAC82E7F =====
query_runner configuration:
  QUERY_DIR         = queries/tpch/tpch-queries/q02/v1_materialized.sql
  LOGS_DIR          = logs/warm_stepup/20260919T002827Z-f3d31e  (query_timing_/query_samples_/query_catalog_tpch_idx.csv)
  DB_NAME / DB_USER = tpch_idx / postgres
  PGPORT            = 5434  (server reports 18.4)
  RUN_ID            = 314FB19CAAC82E7F
  WARMUP            = 2 single-copy warm-ups (the first primes the cache)
  BATCH_SIZES       = 1 2 4 8 16  x RUNS=1 measured batches each
  WORKERS           = (planner default)
  STATEMENT_TIMEOUT = 900
  THERMAL_EQUALISE  = gate (T_LO=55 T_HI=60 preheat<=60s cooldown<=120s)
  sensors           = pkg:/sys/class/hwmon/hwmon8/temp1_input cores:4 cpufreq:8 throttle:8/8
  SIGLESS_ADDR      = (disabled)
Found 1 query under queries/tpch/tpch-queries/q02/v1_materialized.sql

[1/1] queries/tpch/tpch-queries/q02/v1_materialized.sql (2 warmup + step-up 1 2 4 8 16 x1)
  thermal gate: waited 6s -> 60.0 C
  warmup 1/2: 2.229830 sec (cache prime)
  warmup 2/2: 0.256695 sec
  N=1   batch 1/1: 0.256634 sec, 1 copy (server sum 208.334 ms)
  N=2   batch 1/1: 0.431820 sec, 2 copies (server sum 381.884 ms)
  N=4   batch 1/1: 0.772708 sec, 4 copies (server sum 719.143 ms)
  N=8   batch 1/1: 1.475250 sec, 8 copies (server sum 1396.975 ms)
  N=16  batch 1/1: 2.837573 sec, 16 copies (server sum 2763.350 ms)
  done: 5 sizes x 1 run (0 failures)

Done. Batch rows appended to logs/warm_stepup/20260919T002827Z-f3d31e/query_timing_tpch_idx.csv
Per-copy samples appended to logs/warm_stepup/20260919T002827Z-f3d31e/query_samples_tpch_idx.csv
Last batch ended at epoch 1789782209.917 (PREV_END_EPOCH for the next invocation)
===== [138/159] queries/tpch/tpch-queries/q09/base.sql run_id=47EEF06EA1CE029B =====
query_runner configuration:
  QUERY_DIR         = queries/tpch/tpch-queries/q09/base.sql
  LOGS_DIR          = logs/warm_stepup/20260919T002827Z-f3d31e  (query_timing_/query_samples_/query_catalog_tpch_idx.csv)
  DB_NAME / DB_USER = tpch_idx / postgres
  PGPORT            = 5434  (server reports 18.4)
  RUN_ID            = 47EEF06EA1CE029B
  WARMUP            = 2 single-copy warm-ups (the first primes the cache)
  BATCH_SIZES       = 1 2 4 8 16  x RUNS=1 measured batches each
  WORKERS           = (planner default)
  STATEMENT_TIMEOUT = 900
  THERMAL_EQUALISE  = gate (T_LO=55 T_HI=60 preheat<=60s cooldown<=120s)
  sensors           = pkg:/sys/class/hwmon/hwmon8/temp1_input cores:4 cpufreq:8 throttle:8/8
  SIGLESS_ADDR      = (disabled)
Found 1 query under queries/tpch/tpch-queries/q09/base.sql

[1/1] queries/tpch/tpch-queries/q09/base.sql (2 warmup + step-up 1 2 4 8 16 x1)
  warmup 1/2: 10.563170 sec (cache prime)
  warmup 2/2: 1.198996 sec
  N=1   batch 1/1: 1.187795 sec, 1 copy (server sum 1135.244 ms)
  N=2   batch 1/1: 2.340915 sec, 2 copies (server sum 2253.570 ms)
  N=4   batch 1/1: 4.516345 sec, 4 copies (server sum 4455.565 ms)
  N=8   batch 1/1: 8.966270 sec, 8 copies (server sum 8891.230 ms)
  N=16  batch 1/1: 17.973397 sec, 16 copies (server sum 17787.111 ms)
  done: 5 sizes x 1 run (0 failures)

Done. Batch rows appended to logs/warm_stepup/20260919T002827Z-f3d31e/query_timing_tpch_idx.csv
Per-copy samples appended to logs/warm_stepup/20260919T002827Z-f3d31e/query_samples_tpch_idx.csv
Last batch ended at epoch 1789782260.230 (PREV_END_EPOCH for the next invocation)
===== [139/159] queries/tpch/tpch-queries/q15/base.sql run_id=1C1CC53466CA8022 =====
query_runner configuration:
  QUERY_DIR         = queries/tpch/tpch-queries/q15/base.sql
  LOGS_DIR          = logs/warm_stepup/20260919T002827Z-f3d31e  (query_timing_/query_samples_/query_catalog_tpch_idx.csv)
  DB_NAME / DB_USER = tpch_idx / postgres
  PGPORT            = 5434  (server reports 18.4)
  RUN_ID            = 1C1CC53466CA8022
  WARMUP            = 2 single-copy warm-ups (the first primes the cache)
  BATCH_SIZES       = 1 2 4 8 16  x RUNS=1 measured batches each
  WORKERS           = (planner default)
  STATEMENT_TIMEOUT = 900
  THERMAL_EQUALISE  = gate (T_LO=55 T_HI=60 preheat<=60s cooldown<=120s)
  sensors           = pkg:/sys/class/hwmon/hwmon8/temp1_input cores:4 cpufreq:8 throttle:8/8
  SIGLESS_ADDR      = (disabled)
Found 1 query under queries/tpch/tpch-queries/q15/base.sql

[1/1] queries/tpch/tpch-queries/q15/base.sql (2 warmup + step-up 1 2 4 8 16 x1)
  thermal gate: waited 6s -> 60.0 C
  warmup 1/2: 2.141321 sec (cache prime)
  warmup 2/2: 0.337167 sec
  N=1   batch 1/1: 0.331879 sec, 1 copy (server sum 284.291 ms)
  N=2   batch 1/1: 0.564922 sec, 2 copies (server sum 517.035 ms)
  N=4   batch 1/1: 1.018421 sec, 4 copies (server sum 957.933 ms)
  N=8   batch 1/1: 1.893962 sec, 8 copies (server sum 1841.580 ms)
  N=16  batch 1/1: 3.694481 sec, 16 copies (server sum 3635.533 ms)
  done: 5 sizes x 1 run (0 failures)

Done. Batch rows appended to logs/warm_stepup/20260919T002827Z-f3d31e/query_timing_tpch_idx.csv
Per-copy samples appended to logs/warm_stepup/20260919T002827Z-f3d31e/query_samples_tpch_idx.csv
Last batch ended at epoch 1789782280.469 (PREV_END_EPOCH for the next invocation)
===== [140/159] queries/tpch/tpch-queries/q06/v1_materialized.sql run_id=C3A853A504864C70 =====
query_runner configuration:
  QUERY_DIR         = queries/tpch/tpch-queries/q06/v1_materialized.sql
  LOGS_DIR          = logs/warm_stepup/20260919T002827Z-f3d31e  (query_timing_/query_samples_/query_catalog_tpch_idx.csv)
  DB_NAME / DB_USER = tpch_idx / postgres
  PGPORT            = 5434  (server reports 18.4)
  RUN_ID            = C3A853A504864C70
  WARMUP            = 2 single-copy warm-ups (the first primes the cache)
  BATCH_SIZES       = 1 2 4 8 16  x RUNS=1 measured batches each
  WORKERS           = (planner default)
  STATEMENT_TIMEOUT = 900
  THERMAL_EQUALISE  = gate (T_LO=55 T_HI=60 preheat<=60s cooldown<=120s)
  sensors           = pkg:/sys/class/hwmon/hwmon8/temp1_input cores:4 cpufreq:8 throttle:8/8
  SIGLESS_ADDR      = (disabled)
Found 1 query under queries/tpch/tpch-queries/q06/v1_materialized.sql

[1/1] queries/tpch/tpch-queries/q06/v1_materialized.sql (2 warmup + step-up 1 2 4 8 16 x1)
  thermal gate: waited 2s -> 57.0 C
  warmup 1/2: 0.295708 sec (cache prime)
  warmup 2/2: 0.111911 sec
  N=1   batch 1/1: 0.115116 sec, 1 copy (server sum 68.700 ms)
  N=2   batch 1/1: 0.178670 sec, 2 copies (server sum 131.333 ms)
  N=4   batch 1/1: 0.313576 sec, 4 copies (server sum 265.006 ms)
  N=8   batch 1/1: 0.566304 sec, 8 copies (server sum 514.753 ms)
  N=16  batch 1/1: 1.091484 sec, 16 copies (server sum 1023.615 ms)
  done: 5 sizes x 1 run (0 failures)

Done. Batch rows appended to logs/warm_stepup/20260919T002827Z-f3d31e/query_timing_tpch_idx.csv
Per-copy samples appended to logs/warm_stepup/20260919T002827Z-f3d31e/query_samples_tpch_idx.csv
Last batch ended at epoch 1789782289.012 (PREV_END_EPOCH for the next invocation)
===== [141/159] queries/tpch/tpch-queries/q13/base.sql run_id=834A230F4230CB5F =====
query_runner configuration:
  QUERY_DIR         = queries/tpch/tpch-queries/q13/base.sql
  LOGS_DIR          = logs/warm_stepup/20260919T002827Z-f3d31e  (query_timing_/query_samples_/query_catalog_tpch_idx.csv)
  DB_NAME / DB_USER = tpch_idx / postgres
  PGPORT            = 5434  (server reports 18.4)
  RUN_ID            = 834A230F4230CB5F
  WARMUP            = 2 single-copy warm-ups (the first primes the cache)
  BATCH_SIZES       = 1 2 4 8 16  x RUNS=1 measured batches each
  WORKERS           = (planner default)
  STATEMENT_TIMEOUT = 900
  THERMAL_EQUALISE  = gate (T_LO=55 T_HI=60 preheat<=60s cooldown<=120s)
  sensors           = pkg:/sys/class/hwmon/hwmon8/temp1_input cores:4 cpufreq:8 throttle:8/8
  SIGLESS_ADDR      = (disabled)
Found 1 query under queries/tpch/tpch-queries/q13/base.sql

[1/1] queries/tpch/tpch-queries/q13/base.sql (2 warmup + step-up 1 2 4 8 16 x1)
  thermal gate: waited 2s -> 57.0 C
  warmup 1/2: 1.698970 sec (cache prime)
  warmup 2/2: 1.404275 sec
  N=1   batch 1/1: 1.404641 sec, 1 copy (server sum 1357.615 ms)
  N=2   batch 1/1: 2.756202 sec, 2 copies (server sum 2707.486 ms)
  N=4   batch 1/1: 5.459541 sec, 4 copies (server sum 5407.603 ms)
  N=8   batch 1/1: 10.905994 sec, 8 copies (server sum 10847.721 ms)
  N=16  batch 1/1: 21.654325 sec, 16 copies (server sum 21582.622 ms)
  done: 5 sizes x 1 run (0 failures)

Done. Batch rows appended to logs/warm_stepup/20260919T002827Z-f3d31e/query_timing_tpch_idx.csv
Per-copy samples appended to logs/warm_stepup/20260919T002827Z-f3d31e/query_samples_tpch_idx.csv
Last batch ended at epoch 1789782340.387 (PREV_END_EPOCH for the next invocation)
===== [142/159] queries/tpch/tpch-queries/q04/v2_in.sql run_id=6A5709E9733E9B60 =====
query_runner configuration:
  QUERY_DIR         = queries/tpch/tpch-queries/q04/v2_in.sql
  LOGS_DIR          = logs/warm_stepup/20260919T002827Z-f3d31e  (query_timing_/query_samples_/query_catalog_tpch_idx.csv)
  DB_NAME / DB_USER = tpch_idx / postgres
  PGPORT            = 5434  (server reports 18.4)
  RUN_ID            = 6A5709E9733E9B60
  WARMUP            = 2 single-copy warm-ups (the first primes the cache)
  BATCH_SIZES       = 1 2 4 8 16  x RUNS=1 measured batches each
  WORKERS           = (planner default)
  STATEMENT_TIMEOUT = 900
  THERMAL_EQUALISE  = gate (T_LO=55 T_HI=60 preheat<=60s cooldown<=120s)
  sensors           = pkg:/sys/class/hwmon/hwmon8/temp1_input cores:4 cpufreq:8 throttle:8/8
  SIGLESS_ADDR      = (disabled)
Found 1 query under queries/tpch/tpch-queries/q04/v2_in.sql

[1/1] queries/tpch/tpch-queries/q04/v2_in.sql (2 warmup + step-up 1 2 4 8 16 x1)
  warmup 1/2: 1.810305 sec (cache prime)
  warmup 2/2: 0.206781 sec
  N=1   batch 1/1: 0.154120 sec, 1 copy (server sum 106.727 ms)
  N=2   batch 1/1: 0.249209 sec, 2 copies (server sum 201.223 ms)
  N=4   batch 1/1: 0.440521 sec, 4 copies (server sum 390.799 ms)
  N=8   batch 1/1: 0.819951 sec, 8 copies (server sum 767.615 ms)
  N=16  batch 1/1: 1.581351 sec, 16 copies (server sum 1521.207 ms)
  done: 5 sizes x 1 run (0 failures)

Done. Batch rows appended to logs/warm_stepup/20260919T002827Z-f3d31e/query_timing_tpch_idx.csv
Per-copy samples appended to logs/warm_stepup/20260919T002827Z-f3d31e/query_samples_tpch_idx.csv
Last batch ended at epoch 1789782349.973 (PREV_END_EPOCH for the next invocation)
===== [143/159] queries/tpch/tpch-queries/q01/base.sql run_id=E19329D5984EDAD1 =====
query_runner configuration:
  QUERY_DIR         = queries/tpch/tpch-queries/q01/base.sql
  LOGS_DIR          = logs/warm_stepup/20260919T002827Z-f3d31e  (query_timing_/query_samples_/query_catalog_tpch_idx.csv)
  DB_NAME / DB_USER = tpch_idx / postgres
  PGPORT            = 5434  (server reports 18.4)
  RUN_ID            = E19329D5984EDAD1
  WARMUP            = 2 single-copy warm-ups (the first primes the cache)
  BATCH_SIZES       = 1 2 4 8 16  x RUNS=1 measured batches each
  WORKERS           = (planner default)
  STATEMENT_TIMEOUT = 900
  THERMAL_EQUALISE  = gate (T_LO=55 T_HI=60 preheat<=60s cooldown<=120s)
  sensors           = pkg:/sys/class/hwmon/hwmon8/temp1_input cores:4 cpufreq:8 throttle:8/8
  SIGLESS_ADDR      = (disabled)
Found 1 query under queries/tpch/tpch-queries/q01/base.sql

[1/1] queries/tpch/tpch-queries/q01/base.sql (2 warmup + step-up 1 2 4 8 16 x1)
  thermal gate: waited 2s -> 56.0 C
  warmup 1/2: 2.320339 sec (cache prime)
  warmup 2/2: 1.628835 sec
  N=1   batch 1/1: 1.680130 sec, 1 copy (server sum 1585.247 ms)
  N=2   batch 1/1: 3.186006 sec, 2 copies (server sum 3138.276 ms)
  N=4   batch 1/1: 6.339268 sec, 4 copies (server sum 6261.766 ms)
  N=8   batch 1/1: 12.552213 sec, 8 copies (server sum 12499.831 ms)
  N=16  batch 1/1: 25.562997 sec, 16 copies (server sum 25451.770 ms)
  done: 5 sizes x 1 run (0 failures)

Done. Batch rows appended to logs/warm_stepup/20260919T002827Z-f3d31e/query_timing_tpch_idx.csv
Per-copy samples appended to logs/warm_stepup/20260919T002827Z-f3d31e/query_samples_tpch_idx.csv
Last batch ended at epoch 1789782409.517 (PREV_END_EPOCH for the next invocation)
===== [144/159] queries/tpch/tpch-queries/q15/base.sql run_id=68E477BDF024B6C4 =====
query_runner configuration:
  QUERY_DIR         = queries/tpch/tpch-queries/q15/base.sql
  LOGS_DIR          = logs/warm_stepup/20260919T002827Z-f3d31e  (query_timing_/query_samples_/query_catalog_tpch_idx.csv)
  DB_NAME / DB_USER = tpch_idx / postgres
  PGPORT            = 5434  (server reports 18.4)
  RUN_ID            = 68E477BDF024B6C4
  WARMUP            = 2 single-copy warm-ups (the first primes the cache)
  BATCH_SIZES       = 1 2 4 8 16  x RUNS=1 measured batches each
  WORKERS           = (planner default)
  STATEMENT_TIMEOUT = 900
  THERMAL_EQUALISE  = gate (T_LO=55 T_HI=60 preheat<=60s cooldown<=120s)
  sensors           = pkg:/sys/class/hwmon/hwmon8/temp1_input cores:4 cpufreq:8 throttle:8/8
  SIGLESS_ADDR      = (disabled)
Found 1 query under queries/tpch/tpch-queries/q15/base.sql

[1/1] queries/tpch/tpch-queries/q15/base.sql (2 warmup + step-up 1 2 4 8 16 x1)
  thermal gate: waited 16s -> 60.0 C
  warmup 1/2: 2.141831 sec (cache prime)
  warmup 2/2: 0.331205 sec
  N=1   batch 1/1: 0.332050 sec, 1 copy (server sum 285.080 ms)
  N=2   batch 1/1: 0.561085 sec, 2 copies (server sum 512.941 ms)
  N=4   batch 1/1: 1.016395 sec, 4 copies (server sum 960.500 ms)
  N=8   batch 1/1: 1.957118 sec, 8 copies (server sum 1856.729 ms)
  N=16  batch 1/1: 3.678858 sec, 16 copies (server sum 3619.668 ms)
  done: 5 sizes x 1 run (0 failures)

Done. Batch rows appended to logs/warm_stepup/20260919T002827Z-f3d31e/query_timing_tpch_idx.csv
Per-copy samples appended to logs/warm_stepup/20260919T002827Z-f3d31e/query_samples_tpch_idx.csv
Last batch ended at epoch 1789782439.762 (PREV_END_EPOCH for the next invocation)
===== [145/159] queries/tpch/tpch-queries/q04/v1_materialized.sql run_id=93D2F2B02C2B78E3 =====
query_runner configuration:
  QUERY_DIR         = queries/tpch/tpch-queries/q04/v1_materialized.sql
  LOGS_DIR          = logs/warm_stepup/20260919T002827Z-f3d31e  (query_timing_/query_samples_/query_catalog_tpch_idx.csv)
  DB_NAME / DB_USER = tpch_idx / postgres
  PGPORT            = 5434  (server reports 18.4)
  RUN_ID            = 93D2F2B02C2B78E3
  WARMUP            = 2 single-copy warm-ups (the first primes the cache)
  BATCH_SIZES       = 1 2 4 8 16  x RUNS=1 measured batches each
  WORKERS           = (planner default)
  STATEMENT_TIMEOUT = 900
  THERMAL_EQUALISE  = gate (T_LO=55 T_HI=60 preheat<=60s cooldown<=120s)
  sensors           = pkg:/sys/class/hwmon/hwmon8/temp1_input cores:4 cpufreq:8 throttle:8/8
  SIGLESS_ADDR      = (disabled)
Found 1 query under queries/tpch/tpch-queries/q04/v1_materialized.sql

[1/1] queries/tpch/tpch-queries/q04/v1_materialized.sql (2 warmup + step-up 1 2 4 8 16 x1)
  thermal gate: waited 2s -> 58.0 C
  warmup 1/2: 1.711693 sec (cache prime)
  warmup 2/2: 0.155815 sec
  N=1   batch 1/1: 0.157528 sec, 1 copy (server sum 108.365 ms)
  N=2   batch 1/1: 0.254186 sec, 2 copies (server sum 202.421 ms)
  N=4   batch 1/1: 0.439044 sec, 4 copies (server sum 389.812 ms)
  N=8   batch 1/1: 0.820354 sec, 8 copies (server sum 767.444 ms)
  N=16  batch 1/1: 1.580834 sec, 16 copies (server sum 1521.151 ms)
  done: 5 sizes x 1 run (0 failures)

Done. Batch rows appended to logs/warm_stepup/20260919T002827Z-f3d31e/query_timing_tpch_idx.csv
Per-copy samples appended to logs/warm_stepup/20260919T002827Z-f3d31e/query_samples_tpch_idx.csv
Last batch ended at epoch 1789782450.939 (PREV_END_EPOCH for the next invocation)
===== [146/159] queries/tpch/tpch-queries/q11/base.sql run_id=7DD28FD5FD079224 =====
query_runner configuration:
  QUERY_DIR         = queries/tpch/tpch-queries/q11/base.sql
  LOGS_DIR          = logs/warm_stepup/20260919T002827Z-f3d31e  (query_timing_/query_samples_/query_catalog_tpch_idx.csv)
  DB_NAME / DB_USER = tpch_idx / postgres
  PGPORT            = 5434  (server reports 18.4)
  RUN_ID            = 7DD28FD5FD079224
  WARMUP            = 2 single-copy warm-ups (the first primes the cache)
  BATCH_SIZES       = 1 2 4 8 16  x RUNS=1 measured batches each
  WORKERS           = (planner default)
  STATEMENT_TIMEOUT = 900
  THERMAL_EQUALISE  = gate (T_LO=55 T_HI=60 preheat<=60s cooldown<=120s)
  sensors           = pkg:/sys/class/hwmon/hwmon8/temp1_input cores:4 cpufreq:8 throttle:8/8
  SIGLESS_ADDR      = (disabled)
Found 1 query under queries/tpch/tpch-queries/q11/base.sql

[1/1] queries/tpch/tpch-queries/q11/base.sql (2 warmup + step-up 1 2 4 8 16 x1)
  thermal gate: waited 2s -> 58.0 C
  warmup 1/2: 1.821942 sec (cache prime)
  warmup 2/2: 0.132924 sec
  N=1   batch 1/1: 0.132852 sec, 1 copy (server sum 85.581 ms)
  N=2   batch 1/1: 0.209403 sec, 2 copies (server sum 160.023 ms)
  N=4   batch 1/1: 0.359937 sec, 4 copies (server sum 307.763 ms)
  N=8   batch 1/1: 0.673166 sec, 8 copies (server sum 607.480 ms)
  N=16  batch 1/1: 1.295661 sec, 16 copies (server sum 1221.451 ms)
  done: 5 sizes x 1 run (0 failures)

Done. Batch rows appended to logs/warm_stepup/20260919T002827Z-f3d31e/query_timing_tpch_idx.csv
Per-copy samples appended to logs/warm_stepup/20260919T002827Z-f3d31e/query_samples_tpch_idx.csv
Last batch ended at epoch 1789782461.982 (PREV_END_EPOCH for the next invocation)
===== [147/159] queries/tpch/tpch-queries/q07/v1_materialized.sql run_id=47022173F36BC5BB =====
query_runner configuration:
  QUERY_DIR         = queries/tpch/tpch-queries/q07/v1_materialized.sql
  LOGS_DIR          = logs/warm_stepup/20260919T002827Z-f3d31e  (query_timing_/query_samples_/query_catalog_tpch_idx.csv)
  DB_NAME / DB_USER = tpch_idx / postgres
  PGPORT            = 5434  (server reports 18.4)
  RUN_ID            = 47022173F36BC5BB
  WARMUP            = 2 single-copy warm-ups (the first primes the cache)
  BATCH_SIZES       = 1 2 4 8 16  x RUNS=1 measured batches each
  WORKERS           = (planner default)
  STATEMENT_TIMEOUT = 900
  THERMAL_EQUALISE  = gate (T_LO=55 T_HI=60 preheat<=60s cooldown<=120s)
  sensors           = pkg:/sys/class/hwmon/hwmon8/temp1_input cores:4 cpufreq:8 throttle:8/8
  SIGLESS_ADDR      = (disabled)
Found 1 query under queries/tpch/tpch-queries/q07/v1_materialized.sql

[1/1] queries/tpch/tpch-queries/q07/v1_materialized.sql (2 warmup + step-up 1 2 4 8 16 x1)
  warmup 1/2: 12.297844 sec (cache prime)
  warmup 2/2: 0.706721 sec
  N=1   batch 1/1: 0.687584 sec, 1 copy (server sum 636.930 ms)
  N=2   batch 1/1: 1.265329 sec, 2 copies (server sum 1210.013 ms)
  N=4   batch 1/1: 2.457390 sec, 4 copies (server sum 2397.819 ms)
  N=8   batch 1/1: 4.775079 sec, 8 copies (server sum 4702.224 ms)
  N=16  batch 1/1: 9.474183 sec, 16 copies (server sum 9378.371 ms)
  done: 5 sizes x 1 run (0 failures)

Done. Batch rows appended to logs/warm_stepup/20260919T002827Z-f3d31e/query_timing_tpch_idx.csv
Per-copy samples appended to logs/warm_stepup/20260919T002827Z-f3d31e/query_samples_tpch_idx.csv
Last batch ended at epoch 1789782497.691 (PREV_END_EPOCH for the next invocation)
===== [148/159] queries/tpch/tpch-queries/q03/base.sql run_id=E62BA604E57028AB =====
query_runner configuration:
  QUERY_DIR         = queries/tpch/tpch-queries/q03/base.sql
  LOGS_DIR          = logs/warm_stepup/20260919T002827Z-f3d31e  (query_timing_/query_samples_/query_catalog_tpch_idx.csv)
  DB_NAME / DB_USER = tpch_idx / postgres
  PGPORT            = 5434  (server reports 18.4)
  RUN_ID            = E62BA604E57028AB
  WARMUP            = 2 single-copy warm-ups (the first primes the cache)
  BATCH_SIZES       = 1 2 4 8 16  x RUNS=1 measured batches each
  WORKERS           = (planner default)
  STATEMENT_TIMEOUT = 900
  THERMAL_EQUALISE  = gate (T_LO=55 T_HI=60 preheat<=60s cooldown<=120s)
  sensors           = pkg:/sys/class/hwmon/hwmon8/temp1_input cores:4 cpufreq:8 throttle:8/8
  SIGLESS_ADDR      = (disabled)
Found 1 query under queries/tpch/tpch-queries/q03/base.sql

[1/1] queries/tpch/tpch-queries/q03/base.sql (2 warmup + step-up 1 2 4 8 16 x1)
  thermal gate: waited 2s -> 60.0 C
  warmup 1/2: 1.548585 sec (cache prime)
  warmup 2/2: 0.355479 sec
  N=1   batch 1/1: 0.354143 sec, 1 copy (server sum 304.499 ms)
  N=2   batch 1/1: 0.630620 sec, 2 copies (server sum 581.450 ms)
  N=4   batch 1/1: 1.190498 sec, 4 copies (server sum 1139.321 ms)
  N=8   batch 1/1: 2.272134 sec, 8 copies (server sum 2179.187 ms)
  N=16  batch 1/1: 4.357613 sec, 16 copies (server sum 4292.443 ms)
  done: 5 sizes x 1 run (0 failures)

Done. Batch rows appended to logs/warm_stepup/20260919T002827Z-f3d31e/query_timing_tpch_idx.csv
Per-copy samples appended to logs/warm_stepup/20260919T002827Z-f3d31e/query_samples_tpch_idx.csv
Last batch ended at epoch 1789782514.611 (PREV_END_EPOCH for the next invocation)
===== [149/159] queries/tpch/tpch-queries/q03/v1_materialized.sql run_id=963785D7F30A781C =====
query_runner configuration:
  QUERY_DIR         = queries/tpch/tpch-queries/q03/v1_materialized.sql
  LOGS_DIR          = logs/warm_stepup/20260919T002827Z-f3d31e  (query_timing_/query_samples_/query_catalog_tpch_idx.csv)
  DB_NAME / DB_USER = tpch_idx / postgres
  PGPORT            = 5434  (server reports 18.4)
  RUN_ID            = 963785D7F30A781C
  WARMUP            = 2 single-copy warm-ups (the first primes the cache)
  BATCH_SIZES       = 1 2 4 8 16  x RUNS=1 measured batches each
  WORKERS           = (planner default)
  STATEMENT_TIMEOUT = 900
  THERMAL_EQUALISE  = gate (T_LO=55 T_HI=60 preheat<=60s cooldown<=120s)
  sensors           = pkg:/sys/class/hwmon/hwmon8/temp1_input cores:4 cpufreq:8 throttle:8/8
  SIGLESS_ADDR      = (disabled)
Found 1 query under queries/tpch/tpch-queries/q03/v1_materialized.sql

[1/1] queries/tpch/tpch-queries/q03/v1_materialized.sql (2 warmup + step-up 1 2 4 8 16 x1)
  thermal gate: waited 6s -> 59.0 C
  warmup 1/2: 1.568039 sec (cache prime)
  warmup 2/2: 0.367160 sec
  N=1   batch 1/1: 0.364184 sec, 1 copy (server sum 303.268 ms)
  N=2   batch 1/1: 0.638035 sec, 2 copies (server sum 578.773 ms)
  N=4   batch 1/1: 1.158301 sec, 4 copies (server sum 1106.599 ms)
  N=8   batch 1/1: 2.230183 sec, 8 copies (server sum 2171.499 ms)
  N=16  batch 1/1: 4.325241 sec, 16 copies (server sum 4261.146 ms)
  done: 5 sizes x 1 run (0 failures)

Done. Batch rows appended to logs/warm_stepup/20260919T002827Z-f3d31e/query_timing_tpch_idx.csv
Per-copy samples appended to logs/warm_stepup/20260919T002827Z-f3d31e/query_samples_tpch_idx.csv
Last batch ended at epoch 1789782535.549 (PREV_END_EPOCH for the next invocation)
===== [150/159] queries/tpch/tpch-queries/q08/v2_filter.sql run_id=A0E7F0C6CF3CD0F5 =====
query_runner configuration:
  QUERY_DIR         = queries/tpch/tpch-queries/q08/v2_filter.sql
  LOGS_DIR          = logs/warm_stepup/20260919T002827Z-f3d31e  (query_timing_/query_samples_/query_catalog_tpch_idx.csv)
  DB_NAME / DB_USER = tpch_idx / postgres
  PGPORT            = 5434  (server reports 18.4)
  RUN_ID            = A0E7F0C6CF3CD0F5
  WARMUP            = 2 single-copy warm-ups (the first primes the cache)
  BATCH_SIZES       = 1 2 4 8 16  x RUNS=1 measured batches each
  WORKERS           = (planner default)
  STATEMENT_TIMEOUT = 900
  THERMAL_EQUALISE  = gate (T_LO=55 T_HI=60 preheat<=60s cooldown<=120s)
  sensors           = pkg:/sys/class/hwmon/hwmon8/temp1_input cores:4 cpufreq:8 throttle:8/8
  SIGLESS_ADDR      = (disabled)
Found 1 query under queries/tpch/tpch-queries/q08/v2_filter.sql

[1/1] queries/tpch/tpch-queries/q08/v2_filter.sql (2 warmup + step-up 1 2 4 8 16 x1)
  thermal gate: waited 6s -> 60.0 C
  warmup 1/2: 5.760439 sec (cache prime)
  warmup 2/2: 0.179756 sec
  N=1   batch 1/1: 0.206948 sec, 1 copy (server sum 128.602 ms)
  N=2   batch 1/1: 0.300830 sec, 2 copies (server sum 247.245 ms)
  N=4   batch 1/1: 0.532853 sec, 4 copies (server sum 473.789 ms)
  N=8   batch 1/1: 0.999433 sec, 8 copies (server sum 930.399 ms)
  N=16  batch 1/1: 1.984414 sec, 16 copies (server sum 1849.149 ms)
  done: 5 sizes x 1 run (0 failures)

Done. Batch rows appended to logs/warm_stepup/20260919T002827Z-f3d31e/query_timing_tpch_idx.csv
Per-copy samples appended to logs/warm_stepup/20260919T002827Z-f3d31e/query_samples_tpch_idx.csv
Last batch ended at epoch 1789782555.646 (PREV_END_EPOCH for the next invocation)
===== [151/159] queries/tpch/tpch-queries/q17/v2_decorrelate.sql run_id=5AFBAC8B5BA80132 =====
query_runner configuration:
  QUERY_DIR         = queries/tpch/tpch-queries/q17/v2_decorrelate.sql
  LOGS_DIR          = logs/warm_stepup/20260919T002827Z-f3d31e  (query_timing_/query_samples_/query_catalog_tpch_idx.csv)
  DB_NAME / DB_USER = tpch_idx / postgres
  PGPORT            = 5434  (server reports 18.4)
  RUN_ID            = 5AFBAC8B5BA80132
  WARMUP            = 2 single-copy warm-ups (the first primes the cache)
  BATCH_SIZES       = 1 2 4 8 16  x RUNS=1 measured batches each
  WORKERS           = (planner default)
  STATEMENT_TIMEOUT = 900
  THERMAL_EQUALISE  = gate (T_LO=55 T_HI=60 preheat<=60s cooldown<=120s)
  sensors           = pkg:/sys/class/hwmon/hwmon8/temp1_input cores:4 cpufreq:8 throttle:8/8
  SIGLESS_ADDR      = (disabled)
Found 1 query under queries/tpch/tpch-queries/q17/v2_decorrelate.sql

[1/1] queries/tpch/tpch-queries/q17/v2_decorrelate.sql (2 warmup + step-up 1 2 4 8 16 x1)
  thermal gate: waited 2s -> 58.0 C
  warmup 1/2: 3.990946 sec (cache prime)
  warmup 2/2: 3.369689 sec
  N=1   batch 1/1: 3.405990 sec, 1 copy (server sum 3349.881 ms)
  N=2   batch 1/1: 6.662355 sec, 2 copies (server sum 6612.506 ms)
  N=4   batch 1/1: 13.061009 sec, 4 copies (server sum 13011.021 ms)
  N=8   batch 1/1: 26.210473 sec, 8 copies (server sum 26103.267 ms)
  N=16  batch 1/1: 51.831750 sec, 16 copies (server sum 51770.007 ms)
  done: 5 sizes x 1 run (0 failures)

Done. Batch rows appended to logs/warm_stepup/20260919T002827Z-f3d31e/query_timing_tpch_idx.csv
Per-copy samples appended to logs/warm_stepup/20260919T002827Z-f3d31e/query_samples_tpch_idx.csv
Last batch ended at epoch 1789782670.308 (PREV_END_EPOCH for the next invocation)
===== [152/159] queries/tpch/tpch-queries/q18/v2_join.sql run_id=2E483E85D4BDDC4B =====
query_runner configuration:
  QUERY_DIR         = queries/tpch/tpch-queries/q18/v2_join.sql
  LOGS_DIR          = logs/warm_stepup/20260919T002827Z-f3d31e  (query_timing_/query_samples_/query_catalog_tpch_idx.csv)
  DB_NAME / DB_USER = tpch_idx / postgres
  PGPORT            = 5434  (server reports 18.4)
  RUN_ID            = 2E483E85D4BDDC4B
  WARMUP            = 2 single-copy warm-ups (the first primes the cache)
  BATCH_SIZES       = 1 2 4 8 16  x RUNS=1 measured batches each
  WORKERS           = (planner default)
  STATEMENT_TIMEOUT = 900
  THERMAL_EQUALISE  = gate (T_LO=55 T_HI=60 preheat<=60s cooldown<=120s)
  sensors           = pkg:/sys/class/hwmon/hwmon8/temp1_input cores:4 cpufreq:8 throttle:8/8
  SIGLESS_ADDR      = (disabled)
Found 1 query under queries/tpch/tpch-queries/q18/v2_join.sql

[1/1] queries/tpch/tpch-queries/q18/v2_join.sql (2 warmup + step-up 1 2 4 8 16 x1)
  warmup 1/2: 5.601081 sec (cache prime)
  warmup 2/2: 4.767398 sec
  N=1   batch 1/1: 4.769247 sec, 1 copy (server sum 4712.946 ms)
  N=2   batch 1/1: 9.459676 sec, 2 copies (server sum 9400.613 ms)
  N=4   batch 1/1: 18.687534 sec, 4 copies (server sum 18633.926 ms)
  N=8   batch 1/1: 38.140625 sec, 8 copies (server sum 38080.086 ms)
  N=16  batch 1/1: 77.626493 sec, 16 copies (server sum 77543.463 ms)
  done: 5 sizes x 1 run (0 failures)

Done. Batch rows appended to logs/warm_stepup/20260919T002827Z-f3d31e/query_timing_tpch_idx.csv
Per-copy samples appended to logs/warm_stepup/20260919T002827Z-f3d31e/query_samples_tpch_idx.csv
Last batch ended at epoch 1789782833.565 (PREV_END_EPOCH for the next invocation)
===== [153/159] queries/tpch/tpch-queries/q22/v2_anti_join.sql run_id=D33134698EF62D05 =====
query_runner configuration:
  QUERY_DIR         = queries/tpch/tpch-queries/q22/v2_anti_join.sql
  LOGS_DIR          = logs/warm_stepup/20260919T002827Z-f3d31e  (query_timing_/query_samples_/query_catalog_tpch_idx.csv)
  DB_NAME / DB_USER = tpch_idx / postgres
  PGPORT            = 5434  (server reports 18.4)
  RUN_ID            = D33134698EF62D05
  WARMUP            = 2 single-copy warm-ups (the first primes the cache)
  BATCH_SIZES       = 1 2 4 8 16  x RUNS=1 measured batches each
  WORKERS           = (planner default)
  STATEMENT_TIMEOUT = 900
  THERMAL_EQUALISE  = gate (T_LO=55 T_HI=60 preheat<=60s cooldown<=120s)
  sensors           = pkg:/sys/class/hwmon/hwmon8/temp1_input cores:4 cpufreq:8 throttle:8/8
  SIGLESS_ADDR      = (disabled)
Found 1 query under queries/tpch/tpch-queries/q22/v2_anti_join.sql

[1/1] queries/tpch/tpch-queries/q22/v2_anti_join.sql (2 warmup + step-up 1 2 4 8 16 x1)
  thermal gate: waited 16s -> 59.0 C
  warmup 1/2: 0.481488 sec (cache prime)
  warmup 2/2: 0.178037 sec
  N=1   batch 1/1: 0.190076 sec, 1 copy (server sum 118.113 ms)
  N=2   batch 1/1: 0.280022 sec, 2 copies (server sum 231.831 ms)
  N=4   batch 1/1: 0.507530 sec, 4 copies (server sum 455.882 ms)
  N=8   batch 1/1: 0.925540 sec, 8 copies (server sum 872.161 ms)
  N=16  batch 1/1: 1.816278 sec, 16 copies (server sum 1755.831 ms)
  done: 5 sizes x 1 run (0 failures)

Done. Batch rows appended to logs/warm_stepup/20260919T002827Z-f3d31e/query_timing_tpch_idx.csv
Per-copy samples appended to logs/warm_stepup/20260919T002827Z-f3d31e/query_samples_tpch_idx.csv
Last batch ended at epoch 1789782858.289 (PREV_END_EPOCH for the next invocation)
===== [154/159] queries/tpch/tpch-queries/q13/v1_materialized.sql run_id=670B9FFF7F18738A =====
query_runner configuration:
  QUERY_DIR         = queries/tpch/tpch-queries/q13/v1_materialized.sql
  LOGS_DIR          = logs/warm_stepup/20260919T002827Z-f3d31e  (query_timing_/query_samples_/query_catalog_tpch_idx.csv)
  DB_NAME / DB_USER = tpch_idx / postgres
  PGPORT            = 5434  (server reports 18.4)
  RUN_ID            = 670B9FFF7F18738A
  WARMUP            = 2 single-copy warm-ups (the first primes the cache)
  BATCH_SIZES       = 1 2 4 8 16  x RUNS=1 measured batches each
  WORKERS           = (planner default)
  STATEMENT_TIMEOUT = 900
  THERMAL_EQUALISE  = gate (T_LO=55 T_HI=60 preheat<=60s cooldown<=120s)
  sensors           = pkg:/sys/class/hwmon/hwmon8/temp1_input cores:4 cpufreq:8 throttle:8/8
  SIGLESS_ADDR      = (disabled)
Found 1 query under queries/tpch/tpch-queries/q13/v1_materialized.sql

[1/1] queries/tpch/tpch-queries/q13/v1_materialized.sql (2 warmup + step-up 1 2 4 8 16 x1)
  thermal gate: waited 2s -> 60.0 C
  warmup 1/2: 1.751146 sec (cache prime)
  warmup 2/2: 1.411167 sec
  N=1   batch 1/1: 1.414298 sec, 1 copy (server sum 1367.311 ms)
  N=2   batch 1/1: 2.753682 sec, 2 copies (server sum 2704.951 ms)
  N=4   batch 1/1: 5.491419 sec, 4 copies (server sum 5390.730 ms)
  N=8   batch 1/1: 10.913190 sec, 8 copies (server sum 10806.147 ms)
  N=16  batch 1/1: 21.473958 sec, 16 copies (server sum 21401.808 ms)
  done: 5 sizes x 1 run (0 failures)

Done. Batch rows appended to logs/warm_stepup/20260919T002827Z-f3d31e/query_timing_tpch_idx.csv
Per-copy samples appended to logs/warm_stepup/20260919T002827Z-f3d31e/query_samples_tpch_idx.csv
Last batch ended at epoch 1789782909.866 (PREV_END_EPOCH for the next invocation)
===== [155/159] queries/tpch/tpch-queries/q08/v2_filter.sql run_id=FC7205C25C94C65F =====
query_runner configuration:
  QUERY_DIR         = queries/tpch/tpch-queries/q08/v2_filter.sql
  LOGS_DIR          = logs/warm_stepup/20260919T002827Z-f3d31e  (query_timing_/query_samples_/query_catalog_tpch_idx.csv)
  DB_NAME / DB_USER = tpch_idx / postgres
  PGPORT            = 5434  (server reports 18.4)
  RUN_ID            = FC7205C25C94C65F
  WARMUP            = 2 single-copy warm-ups (the first primes the cache)
  BATCH_SIZES       = 1 2 4 8 16  x RUNS=1 measured batches each
  WORKERS           = (planner default)
  STATEMENT_TIMEOUT = 900
  THERMAL_EQUALISE  = gate (T_LO=55 T_HI=60 preheat<=60s cooldown<=120s)
  sensors           = pkg:/sys/class/hwmon/hwmon8/temp1_input cores:4 cpufreq:8 throttle:8/8
  SIGLESS_ADDR      = (disabled)
Found 1 query under queries/tpch/tpch-queries/q08/v2_filter.sql

[1/1] queries/tpch/tpch-queries/q08/v2_filter.sql (2 warmup + step-up 1 2 4 8 16 x1)
  warmup 1/2: 6.123457 sec (cache prime)
  warmup 2/2: 0.179876 sec
  N=1   batch 1/1: 0.205536 sec, 1 copy (server sum 127.848 ms)
  N=2   batch 1/1: 0.298722 sec, 2 copies (server sum 244.625 ms)
  N=4   batch 1/1: 0.579158 sec, 4 copies (server sum 472.504 ms)
  N=8   batch 1/1: 0.996090 sec, 8 copies (server sum 926.564 ms)
  N=16  batch 1/1: 1.971195 sec, 16 copies (server sum 1838.962 ms)
  done: 5 sizes x 1 run (0 failures)

Done. Batch rows appended to logs/warm_stepup/20260919T002827Z-f3d31e/query_timing_tpch_idx.csv
Per-copy samples appended to logs/warm_stepup/20260919T002827Z-f3d31e/query_samples_tpch_idx.csv
Last batch ended at epoch 1789782924.079 (PREV_END_EPOCH for the next invocation)
===== [156/159] queries/tpch/tpch-queries/q08/v1_materialized.sql run_id=C8C0776E7323B7BC =====
query_runner configuration:
  QUERY_DIR         = queries/tpch/tpch-queries/q08/v1_materialized.sql
  LOGS_DIR          = logs/warm_stepup/20260919T002827Z-f3d31e  (query_timing_/query_samples_/query_catalog_tpch_idx.csv)
  DB_NAME / DB_USER = tpch_idx / postgres
  PGPORT            = 5434  (server reports 18.4)
  RUN_ID            = C8C0776E7323B7BC
  WARMUP            = 2 single-copy warm-ups (the first primes the cache)
  BATCH_SIZES       = 1 2 4 8 16  x RUNS=1 measured batches each
  WORKERS           = (planner default)
  STATEMENT_TIMEOUT = 900
  THERMAL_EQUALISE  = gate (T_LO=55 T_HI=60 preheat<=60s cooldown<=120s)
  sensors           = pkg:/sys/class/hwmon/hwmon8/temp1_input cores:4 cpufreq:8 throttle:8/8
  SIGLESS_ADDR      = (disabled)
Found 1 query under queries/tpch/tpch-queries/q08/v1_materialized.sql

[1/1] queries/tpch/tpch-queries/q08/v1_materialized.sql (2 warmup + step-up 1 2 4 8 16 x1)
  thermal gate: waited 2s -> 56.0 C
  warmup 1/2: 5.182831 sec (cache prime)
  warmup 2/2: 0.215447 sec
  N=1   batch 1/1: 0.180302 sec, 1 copy (server sum 129.768 ms)
  N=2   batch 1/1: 0.300240 sec, 2 copies (server sum 246.598 ms)
  N=4   batch 1/1: 0.533726 sec, 4 copies (server sum 474.851 ms)
  N=8   batch 1/1: 1.000870 sec, 8 copies (server sum 930.808 ms)
  N=16  batch 1/1: 1.995006 sec, 16 copies (server sum 1856.403 ms)
  done: 5 sizes x 1 run (0 failures)

Done. Batch rows appended to logs/warm_stepup/20260919T002827Z-f3d31e/query_timing_tpch_idx.csv
Per-copy samples appended to logs/warm_stepup/20260919T002827Z-f3d31e/query_samples_tpch_idx.csv
Last batch ended at epoch 1789782939.423 (PREV_END_EPOCH for the next invocation)
===== [157/159] queries/tpch/tpch-queries/q22/base.sql run_id=4EB5AF401F9073B4 =====
query_runner configuration:
  QUERY_DIR         = queries/tpch/tpch-queries/q22/base.sql
  LOGS_DIR          = logs/warm_stepup/20260919T002827Z-f3d31e  (query_timing_/query_samples_/query_catalog_tpch_idx.csv)
  DB_NAME / DB_USER = tpch_idx / postgres
  PGPORT            = 5434  (server reports 18.4)
  RUN_ID            = 4EB5AF401F9073B4
  WARMUP            = 2 single-copy warm-ups (the first primes the cache)
  BATCH_SIZES       = 1 2 4 8 16  x RUNS=1 measured batches each
  WORKERS           = (planner default)
  STATEMENT_TIMEOUT = 900
  THERMAL_EQUALISE  = gate (T_LO=55 T_HI=60 preheat<=60s cooldown<=120s)
  sensors           = pkg:/sys/class/hwmon/hwmon8/temp1_input cores:4 cpufreq:8 throttle:8/8
  SIGLESS_ADDR      = (disabled)
Found 1 query under queries/tpch/tpch-queries/q22/base.sql

[1/1] queries/tpch/tpch-queries/q22/base.sql (2 warmup + step-up 1 2 4 8 16 x1)
  warmup 1/2: 0.320069 sec (cache prime)
  warmup 2/2: 0.122792 sec
  N=1   batch 1/1: 0.118383 sec, 1 copy (server sum 71.446 ms)
  N=2   batch 1/1: 0.178145 sec, 2 copies (server sum 130.279 ms)
  N=4   batch 1/1: 0.327318 sec, 4 copies (server sum 251.307 ms)
  N=8   batch 1/1: 0.542000 sec, 8 copies (server sum 488.474 ms)
  N=16  batch 1/1: 1.042121 sec, 16 copies (server sum 980.919 ms)
  done: 5 sizes x 1 run (0 failures)

Done. Batch rows appended to logs/warm_stepup/20260919T002827Z-f3d31e/query_timing_tpch_idx.csv
Per-copy samples appended to logs/warm_stepup/20260919T002827Z-f3d31e/query_samples_tpch_idx.csv
Last batch ended at epoch 1789782946.153 (PREV_END_EPOCH for the next invocation)
===== [158/159] queries/tpch/tpch-queries/q09/v1_materialized.sql run_id=697AF04A282F9F91 =====
query_runner configuration:
  QUERY_DIR         = queries/tpch/tpch-queries/q09/v1_materialized.sql
  LOGS_DIR          = logs/warm_stepup/20260919T002827Z-f3d31e  (query_timing_/query_samples_/query_catalog_tpch_idx.csv)
  DB_NAME / DB_USER = tpch_idx / postgres
  PGPORT            = 5434  (server reports 18.4)
  RUN_ID            = 697AF04A282F9F91
  WARMUP            = 2 single-copy warm-ups (the first primes the cache)
  BATCH_SIZES       = 1 2 4 8 16  x RUNS=1 measured batches each
  WORKERS           = (planner default)
  STATEMENT_TIMEOUT = 900
  THERMAL_EQUALISE  = gate (T_LO=55 T_HI=60 preheat<=60s cooldown<=120s)
  sensors           = pkg:/sys/class/hwmon/hwmon8/temp1_input cores:4 cpufreq:8 throttle:8/8
  SIGLESS_ADDR      = (disabled)
Found 1 query under queries/tpch/tpch-queries/q09/v1_materialized.sql

[1/1] queries/tpch/tpch-queries/q09/v1_materialized.sql (2 warmup + step-up 1 2 4 8 16 x1)
  warmup 1/2: 8.550688 sec (cache prime)
  warmup 2/2: 1.187283 sec
  N=1   batch 1/1: 1.218387 sec, 1 copy (server sum 1134.824 ms)
  N=2   batch 1/1: 2.298353 sec, 2 copies (server sum 2243.692 ms)
  N=4   batch 1/1: 4.529561 sec, 4 copies (server sum 4467.992 ms)
  N=8   batch 1/1: 8.998211 sec, 8 copies (server sum 8922.517 ms)
  N=16  batch 1/1: 17.960595 sec, 16 copies (server sum 17828.075 ms)
  done: 5 sizes x 1 run (0 failures)

Done. Batch rows appended to logs/warm_stepup/20260919T002827Z-f3d31e/query_timing_tpch_idx.csv
Per-copy samples appended to logs/warm_stepup/20260919T002827Z-f3d31e/query_samples_tpch_idx.csv
Last batch ended at epoch 1789782994.620 (PREV_END_EPOCH for the next invocation)
===== [159/159] queries/tpch/tpch-queries/q14/v1_materialized.sql run_id=BDD7CD4F9A2AAC68 =====
query_runner configuration:
  QUERY_DIR         = queries/tpch/tpch-queries/q14/v1_materialized.sql
  LOGS_DIR          = logs/warm_stepup/20260919T002827Z-f3d31e  (query_timing_/query_samples_/query_catalog_tpch_idx.csv)
  DB_NAME / DB_USER = tpch_idx / postgres
  PGPORT            = 5434  (server reports 18.4)
  RUN_ID            = BDD7CD4F9A2AAC68
  WARMUP            = 2 single-copy warm-ups (the first primes the cache)
  BATCH_SIZES       = 1 2 4 8 16  x RUNS=1 measured batches each
  WORKERS           = (planner default)
  STATEMENT_TIMEOUT = 900
  THERMAL_EQUALISE  = gate (T_LO=55 T_HI=60 preheat<=60s cooldown<=120s)
  sensors           = pkg:/sys/class/hwmon/hwmon8/temp1_input cores:4 cpufreq:8 throttle:8/8
  SIGLESS_ADDR      = (disabled)
Found 1 query under queries/tpch/tpch-queries/q14/v1_materialized.sql

[1/1] queries/tpch/tpch-queries/q14/v1_materialized.sql (2 warmup + step-up 1 2 4 8 16 x1)
  thermal gate: waited 6s -> 60.0 C
  warmup 1/2: 1.481153 sec (cache prime)
  warmup 2/2: 0.250203 sec
  N=1   batch 1/1: 0.201255 sec, 1 copy (server sum 154.470 ms)
  N=2   batch 1/1: 0.334203 sec, 2 copies (server sum 285.325 ms)
  N=4   batch 1/1: 0.584377 sec, 4 copies (server sum 534.781 ms)
  N=8   batch 1/1: 1.145828 sec, 8 copies (server sum 1058.698 ms)
  N=16  batch 1/1: 2.139132 sec, 16 copies (server sum 2075.987 ms)
  done: 5 sizes x 1 run (0 failures)

Done. Batch rows appended to logs/warm_stepup/20260919T002827Z-f3d31e/query_timing_tpch_idx.csv
Per-copy samples appended to logs/warm_stepup/20260919T002827Z-f3d31e/query_samples_tpch_idx.csv
Last batch ended at epoch 1789783011.093 (PREV_END_EPOCH for the next invocation)
