timestamp_utc,run_id,pg_version,query,phase,batch_index,batchnum,runs,warmup,elapsed_sec,avg_copy_elapsed_sec,server_sum_ms,client_overhead_sec,client_user_cpu_sec,client_sys_cpu_sec,client_max_rss_kb,failed,rapl_pkg_j,rapl_core_j,rapl_gpu_j,rapl_dram_j,pkg_temp_start_c,pkg_temp_end_c,pkg_temp_mean_c,pkg_temp_max_c,core_temp_max_c,mhz_mean,throttle_core_delta,throttle_pkg_delta,idle_before_s,preheat_s,cooldown_wait_s,pkg_watts_mean
2026-09-19T00:28:39Z,5ACD486470B49231,18.4,queries/tpch/tpch-queries/q02/v2_decorrelate.sql,warmup,1,1,1,2,2.304952,2.304952,2190.733,0.114219,0.024354,0.017925,9600,0,12.096313476562500000,7.275817871093750000,,,61.0,56.0,56.00,61.0,56.0,1267,0,0,,5.0,0.0,5.248
2026-09-19T00:28:39Z,5ACD486470B49231,18.4,queries/tpch/tpch-queries/q02/v2_decorrelate.sql,warmup,2,1,1,2,0.243489,0.243489,193.579,0.049910,0.029272,0.012705,9600,0,1.895385742187500000,1.526611328125000000,,,56.0,56.0,56.00,56.0,56.0,888,0,0,0.000,0.0,0.0,7.784
2026-09-19T00:28:39Z,5ACD486470B49231,18.4,queries/tpch/tpch-queries/q02/v2_decorrelate.sql,measured,1,1,1,2,0.246660,0.246660,196.957,0.049703,0.029116,0.012538,9472,0,1.940368652343750000,1.570556640625000000,,,56.0,60.0,58.00,60.0,60.0,887,0,0,0.000,0.0,0.0,7.867
2026-09-19T00:28:40Z,5ACD486470B49231,18.4,queries/tpch/tpch-queries/q02/v2_decorrelate.sql,measured,1,2,1,2,0.475733,0.237866,370.791,0.104942,0.029499,0.012832,9600,0,3.268127441406250000,2.635620117187500000,,,60.0,60.0,60.00,60.0,60.0,1375,0,0,0.000,0.0,0.0,6.870
2026-09-19T00:28:41Z,5ACD486470B49231,18.4,queries/tpch/tpch-queries/q02/v2_decorrelate.sql,measured,1,4,1,2,0.789147,0.197287,729.147,0.060000,0.031151,0.012336,9472,0,5.770629882812500000,4.786376953125000000,,,60.0,57.0,57.75,60.0,60.0,1862,0,0,0.000,0.0,0.0,7.312
2026-09-19T00:28:42Z,5ACD486470B49231,18.4,queries/tpch/tpch-queries/q02/v2_decorrelate.sql,measured,1,8,1,2,1.571385,0.196423,1462.523,0.108862,0.029392,0.016059,9472,0,11.451293945312500000,9.388488769531250000,,,57.0,60.0,59.25,60.0,60.0,1619,0,0,0.000,0.0,0.0,7.287
2026-09-19T00:28:46Z,5ACD486470B49231,18.4,queries/tpch/tpch-queries/q02/v2_decorrelate.sql,measured,1,16,1,2,3.014489,0.188406,2895.569,0.118920,0.034065,0.015095,9600,0,22.082519531250000000,18.265808105468750000,,,60.0,61.0,60.75,61.0,61.0,1517,0,0,0.000,0.0,0.0,7.325
2026-09-19T00:29:01Z,7A14C6C25D10A532,18.4,queries/tpch/tpch-queries/q07/v2_union_all.sql,warmup,1,1,1,2,7.561808,7.561808,7403.948,0.157860,0.030489,0.011740,9472,0,59.315551757812500000,43.206604003906250000,,,66.0,60.0,59.34,66.0,62.0,2153,0,0,8.260,5.0,0.0,7.844
2026-09-19T00:29:02Z,7A14C6C25D10A532,18.4,queries/tpch/tpch-queries/q07/v2_union_all.sql,warmup,2,1,1,2,0.631979,0.631979,581.987,0.049992,0.028379,0.013303,9600,0,8.770202636718750000,7.840209960937500000,,,60.0,69.0,64.50,69.0,69.0,2269,0,0,0.000,0.0,0.0,13.877
2026-09-19T00:29:03Z,7A14C6C25D10A532,18.4,queries/tpch/tpch-queries/q07/v2_union_all.sql,measured,1,1,1,2,0.636242,0.636242,585.778,0.050464,0.030310,0.011832,9600,0,8.862731933593750000,7.903015136718750000,,,69.0,67.0,68.50,69.0,69.0,1781,0,0,0.000,0.0,0.0,13.930
2026-09-19T00:29:04Z,7A14C6C25D10A532,18.4,queries/tpch/tpch-queries/q07/v2_union_all.sql,measured,1,2,1,2,1.166315,0.583157,1111.767,0.054548,0.032349,0.011005,9472,0,16.541137695312500000,14.871337890625000000,,,67.0,69.0,67.67,69.0,69.0,1917,0,0,0.000,0.0,0.0,14.182
2026-09-19T00:29:07Z,7A14C6C25D10A532,18.4,queries/tpch/tpch-queries/q07/v2_union_all.sql,measured,1,4,1,2,2.241044,0.560261,2170.302,0.070742,0.028443,0.015421,9600,0,32.056091308593750000,28.829589843750000000,,,69.0,68.0,69.08,70.0,70.0,2134,0,0,0.000,0.0,0.0,14.304
2026-09-19T00:29:11Z,7A14C6C25D10A532,18.4,queries/tpch/tpch-queries/q07/v2_union_all.sql,measured,1,8,1,2,4.363069,0.545384,4290.880,0.072189,0.033081,0.013110,9600,0,62.708862304687500000,56.487792968750000000,,,68.0,73.0,70.50,73.0,73.0,2040,0,0,0.000,0.0,0.0,14.373
2026-09-19T00:29:20Z,7A14C6C25D10A532,18.4,queries/tpch/tpch-queries/q07/v2_union_all.sql,measured,1,16,1,2,8.559168,0.534948,8460.384,0.098784,0.036855,0.014552,9600,0,124.764892578125000000,112.219848632812500000,,,73.0,76.0,73.40,76.0,76.0,2033,0,0,0.000,0.0,0.0,14.577
2026-09-19T00:29:26Z,19910F4FA8DDDE74,18.4,queries/tpch/tpch-queries/q16/v1_materialized.sql,warmup,1,1,1,2,0.517914,0.517914,399.136,0.118778,0.029330,0.012543,9600,0,6.268615722656250000,5.287292480468750000,,,59.0,59.0,59.00,59.0,60.0,2133,0,0,5.665,0.0,2.0,12.104
2026-09-19T00:29:26Z,19910F4FA8DDDE74,18.4,queries/tpch/tpch-queries/q16/v1_materialized.sql,warmup,2,1,1,2,0.336402,0.336402,288.945,0.047457,0.029582,0.012074,9472,0,5.176391601562500000,4.777954101562500000,,,59.0,63.0,59.00,59.0,60.0,2675,0,0,0.003,0.0,0.0,15.388
2026-09-19T00:29:27Z,19910F4FA8DDDE74,18.4,queries/tpch/tpch-queries/q16/v1_materialized.sql,measured,1,1,1,2,0.343961,0.343961,296.757,0.047204,0.031622,0.009874,9600,0,5.179077148437500000,4.736572265625000000,,,63.0,63.0,63.00,63.0,63.0,2350,0,0,0.000,0.0,0.0,15.057
2026-09-19T00:29:27Z,19910F4FA8DDDE74,18.4,queries/tpch/tpch-queries/q16/v1_materialized.sql,measured,1,2,1,2,0.590802,0.295401,542.371,0.048431,0.028466,0.013351,9472,0,9.833557128906250000,9.092285156250000000,,,63.0,70.0,63.00,63.0,63.0,2675,0,0,0.000,0.0,0.0,16.644
2026-09-19T00:29:29Z,19910F4FA8DDDE74,18.4,queries/tpch/tpch-queries/q16/v1_materialized.sql,measured,1,4,1,2,1.189487,0.297372,1099.995,0.089492,0.029167,0.015568,9600,0,19.392822265625000000,17.828186035156250000,,,70.0,81.0,71.83,81.0,81.0,2729,0,0,0.000,0.0,0.0,16.304
2026-09-19T00:29:31Z,19910F4FA8DDDE74,18.4,queries/tpch/tpch-queries/q16/v1_materialized.sql,measured,1,8,1,2,2.214152,0.276769,2159.553,0.054599,0.030242,0.013644,9600,0,38.112670898437500000,35.293090820312500000,,,81.0,81.0,79.75,81.0,81.0,2675,0,0,0.000,0.0,0.0,17.213
2026-09-19T00:29:35Z,19910F4FA8DDDE74,18.4,queries/tpch/tpch-queries/q16/v1_materialized.sql,measured,1,16,1,2,4.366507,0.272907,4302.936,0.063571,0.030782,0.015707,9472,0,75.714965820312500000,70.338195800781250000,,,81.0,68.0,79.18,84.0,84.0,2586,0,0,0.001,0.0,0.0,17.340
2026-09-19T00:29:42Z,A49F4EC4CBBE9E54,18.4,queries/tpch/tpch-queries/q14/v1_materialized.sql,warmup,1,1,1,2,1.495563,1.495563,1397.511,0.098052,0.029685,0.011906,9472,0,15.053955078125000000,11.799194335937500000,,,59.0,65.0,61.25,65.0,65.0,2430,0,0,5.189,0.0,2.0,10.066
2026-09-19T00:29:43Z,A49F4EC4CBBE9E54,18.4,queries/tpch/tpch-queries/q14/v1_materialized.sql,warmup,2,1,1,2,0.202486,0.202486,155.577,0.046909,0.023754,0.017561,9600,0,3.167419433593750000,2.879638671875000000,,,65.0,60.0,65.00,65.0,65.0,2675,0,0,0.008,0.0,0.0,15.643
2026-09-19T00:29:43Z,A49F4EC4CBBE9E54,18.4,queries/tpch/tpch-queries/q14/v1_materialized.sql,measured,1,1,1,2,0.201244,0.201244,154.356,0.046888,0.029834,0.011338,9600,0,3.217041015625000000,2.885498046875000000,,,60.0,60.0,60.00,60.0,61.0,2188,0,0,0.000,0.0,0.0,15.986
2026-09-19T00:29:43Z,A49F4EC4CBBE9E54,18.4,queries/tpch/tpch-queries/q14/v1_materialized.sql,measured,1,2,1,2,0.341523,0.170761,291.384,0.050139,0.033293,0.010699,9600,0,5.750000000000000000,5.218200683593750000,,,60.0,60.0,60.00,60.0,61.0,2025,0,0,0.000,0.0,0.0,16.836
2026-09-19T00:29:44Z,A49F4EC4CBBE9E54,18.4,queries/tpch/tpch-queries/q14/v1_materialized.sql,measured,1,4,1,2,0.593001,0.148250,542.649,0.050352,0.033958,0.009085,9600,0,10.705139160156250000,9.771545410156250000,,,60.0,72.0,68.00,72.0,72.0,2675,0,0,0.000,0.0,0.0,18.052
2026-09-19T00:29:45Z,A49F4EC4CBBE9E54,18.4,queries/tpch/tpch-queries/q14/v1_materialized.sql,measured,1,8,1,2,1.150656,0.143832,1056.731,0.093925,0.032938,0.010849,9472,0,20.783142089843750000,19.094055175781250000,,,72.0,75.0,73.50,75.0,75.0,2783,0,0,0.000,0.0,0.0,18.062
2026-09-19T00:29:47Z,A49F4EC4CBBE9E54,18.4,queries/tpch/tpch-queries/q14/v1_materialized.sql,measured,1,16,1,2,2.143543,0.133971,2081.850,0.061693,0.034209,0.013138,9600,0,40.820007324218750000,37.595764160156250000,,,75.0,78.0,76.55,78.0,78.0,2645,0,0,0.000,0.0,0.0,19.043
2026-09-19T00:29:55Z,DE065115C0574249,18.4,queries/tpch/tpch-queries/q15/base.sql,warmup,1,1,1,2,2.155556,2.155556,2068.254,0.087302,0.029823,0.011535,9600,0,17.718505859375000000,13.053344726562500000,,,58.0,63.0,60.73,63.0,63.0,2025,0,0,5.403,0.0,2.0,8.220
2026-09-19T00:29:55Z,DE065115C0574249,18.4,queries/tpch/tpch-queries/q15/base.sql,warmup,2,1,1,2,0.334983,0.334983,288.060,0.046923,0.028658,0.012680,9600,0,2.499267578125000000,2.088378906250000000,,,63.0,63.0,63.00,63.0,63.0,1538,0,0,0.000,0.0,0.0,7.461
2026-09-19T00:29:56Z,DE065115C0574249,18.4,queries/tpch/tpch-queries/q15/base.sql,measured,1,1,1,2,0.331778,0.331778,284.871,0.046907,0.024240,0.017160,9600,0,2.538940429687500000,2.105468750000000000,,,63.0,61.0,63.00,63.0,63.0,1375,0,0,0.000,0.0,0.0,7.653
2026-09-19T00:29:56Z,DE065115C0574249,18.4,queries/tpch/tpch-queries/q15/base.sql,measured,1,2,1,2,0.560600,0.280300,512.922,0.047678,0.028215,0.013305,9472,0,4.394287109375000000,3.609924316406250000,,,61.0,61.0,61.00,61.0,61.0,1267,0,0,0.000,0.0,0.0,7.839
2026-09-19T00:29:58Z,DE065115C0574249,18.4,queries/tpch/tpch-queries/q15/base.sql,measured,1,4,1,2,1.010805,0.252701,955.019,0.055786,0.029425,0.012859,9472,0,7.646484375000000000,6.395019531250000000,,,61.0,70.0,67.00,70.0,70.0,1375,0,0,0.000,0.0,0.0,7.565
2026-09-19T00:30:00Z,DE065115C0574249,18.4,queries/tpch/tpch-queries/q15/base.sql,measured,1,8,1,2,1.902635,0.237829,1848.216,0.054419,0.031125,0.013840,9600,0,14.820800781250000000,12.232238769531250000,,,70.0,70.0,69.50,70.0,70.0,1343,0,0,0.000,0.0,0.0,7.790
2026-09-19T00:30:03Z,DE065115C0574249,18.4,queries/tpch/tpch-queries/q15/base.sql,measured,1,16,1,2,3.695623,0.230976,3617.990,0.077633,0.035955,0.009375,9600,0,28.212097167968750000,23.539916992187500000,,,70.0,70.0,69.74,70.0,70.0,1119,0,0,0.000,0.0,0.0,7.634
2026-09-19T00:30:08Z,9A37430C34B6C13B,18.4,queries/tpch/tpch-queries/q03/base.sql,warmup,1,1,1,2,1.592969,1.592969,1346.025,0.246944,0.032278,0.009221,9600,0,20.006958007812500000,16.325073242187500000,,,59.0,71.0,63.50,71.0,71.0,2269,0,0,3.362,0.0,0.0,12.560
2026-09-19T00:30:09Z,9A37430C34B6C13B,18.4,queries/tpch/tpch-queries/q03/base.sql,warmup,2,1,1,2,0.360606,0.360606,312.777,0.047829,0.029738,0.011903,9600,0,6.496032714843750000,6.004089355468750000,,,71.0,65.0,71.00,71.0,71.0,2188,0,0,0.000,0.0,0.0,18.014
2026-09-19T00:30:09Z,9A37430C34B6C13B,18.4,queries/tpch/tpch-queries/q03/base.sql,measured,1,1,1,2,0.355459,0.355459,300.604,0.054855,0.029287,0.012409,9600,0,6.543640136718750000,6.023559570312500000,,,65.0,65.0,65.00,65.0,65.0,2350,0,0,0.000,0.0,0.0,18.409
2026-09-19T00:30:10Z,9A37430C34B6C13B,18.4,queries/tpch/tpch-queries/q03/base.sql,measured,1,2,1,2,0.623702,0.311851,572.859,0.050843,0.028024,0.013867,9472,0,12.388549804687500000,11.497619628906250000,,,65.0,76.0,67.75,76.0,76.0,2431,0,0,0.000,0.0,0.0,19.863
2026-09-19T00:30:11Z,9A37430C34B6C13B,18.4,queries/tpch/tpch-queries/q03/base.sql,measured,1,4,1,2,1.149659,0.287415,1098.481,0.051178,0.032340,0.010064,9600,0,23.711486816406250000,22.146057128906250000,,,76.0,76.0,76.00,76.0,76.0,2133,0,0,0.000,0.0,0.0,20.625
2026-09-19T00:30:14Z,9A37430C34B6C13B,18.4,queries/tpch/tpch-queries/q03/base.sql,measured,1,8,1,2,2.205707,0.275713,2150.185,0.055522,0.032387,0.010990,9600,0,46.779479980468750000,43.746276855468750000,,,76.0,77.0,76.75,77.0,77.0,2377,0,0,0.000,0.0,0.0,21.208
2026-09-19T00:30:18Z,9A37430C34B6C13B,18.4,queries/tpch/tpch-queries/q03/base.sql,measured,1,16,1,2,4.311623,0.269476,4246.424,0.065199,0.031213,0.014894,9600,0,93.002685546875000000,86.733154296875000000,,,77.0,81.0,77.64,81.0,81.0,2394,0,0,0.000,0.0,0.0,21.570
2026-09-19T00:30:24Z,F08BA6F7F11B207A,18.4,queries/tpch/tpch-queries/q22/v1_materialized.sql,warmup,1,1,1,2,0.329554,0.329554,206.833,0.122721,0.026091,0.015878,9472,0,2.751403808593750000,2.061523437500000000,,,59.0,59.0,59.00,59.0,59.0,1299,0,0,5.686,0.0,2.0,8.349
2026-09-19T00:30:24Z,F08BA6F7F11B207A,18.4,queries/tpch/tpch-queries/q22/v1_materialized.sql,warmup,2,1,1,2,0.122460,0.122460,75.034,0.047426,0.031254,0.010636,9472,0,1.618286132812500000,1.435607910156250000,,,59.0,59.0,59.00,59.0,59.0,1050,0,0,0.001,0.0,0.0,13.215
2026-09-19T00:30:25Z,F08BA6F7F11B207A,18.4,queries/tpch/tpch-queries/q22/v1_materialized.sql,measured,1,1,1,2,0.118355,0.118355,69.409,0.048946,0.032519,0.010741,9600,0,1.557556152343750000,1.406982421875000000,,,59.0,59.0,59.00,59.0,59.0,1050,0,0,0.000,0.0,0.0,13.160
2026-09-19T00:30:25Z,F08BA6F7F11B207A,18.4,queries/tpch/tpch-queries/q22/v1_materialized.sql,measured,1,2,1,2,0.177181,0.088590,129.432,0.047749,0.027031,0.014402,9600,0,2.667358398437500000,2.416503906250000000,,,59.0,65.0,59.00,59.0,59.0,1375,0,0,0.000,0.0,0.0,15.054
2026-09-19T00:30:25Z,F08BA6F7F11B207A,18.4,queries/tpch/tpch-queries/q22/v1_materialized.sql,measured,1,4,1,2,0.319269,0.079817,245.102,0.074167,0.028553,0.013923,9472,0,4.949462890625000000,4.497131347656250000,,,65.0,65.0,65.00,65.0,64.0,2513,0,0,0.000,0.0,0.0,15.502
2026-09-19T00:30:26Z,F08BA6F7F11B207A,18.4,queries/tpch/tpch-queries/q22/v1_materialized.sql,measured,1,8,1,2,0.542595,0.067824,487.615,0.054980,0.031633,0.012093,9600,0,9.322875976562500000,8.608886718750000000,,,65.0,64.0,65.00,65.0,64.0,2242,0,0,0.000,0.0,0.0,17.182
2026-09-19T00:30:27Z,F08BA6F7F11B207A,18.4,queries/tpch/tpch-queries/q22/v1_materialized.sql,measured,1,16,1,2,1.039748,0.064984,978.733,0.061015,0.031028,0.015165,9600,0,18.278625488281250000,16.935363769531250000,,,64.0,77.0,66.17,77.0,76.0,2296,0,0,0.000,0.0,0.0,17.580
2026-09-19T00:30:35Z,6D9B050CC46EA46B,18.4,queries/tpch/tpch-queries/q02/v1_materialized.sql,warmup,1,1,1,2,2.293238,2.293238,2205.621,0.087617,0.028804,0.012672,9600,0,12.104797363281250000,7.357788085937500000,,,57.0,62.0,58.25,62.0,62.0,1185,0,0,5.189,0.0,2.0,5.278
2026-09-19T00:30:35Z,6D9B050CC46EA46B,18.4,queries/tpch/tpch-queries/q02/v1_materialized.sql,warmup,2,1,1,2,0.257433,0.257433,208.858,0.048575,0.027401,0.014296,9472,0,1.948791503906250000,1.635986328125000000,,,62.0,62.0,62.00,62.0,62.0,1375,0,0,0.002,0.0,0.0,7.570
2026-09-19T00:30:35Z,6D9B050CC46EA46B,18.4,queries/tpch/tpch-queries/q02/v1_materialized.sql,measured,1,1,1,2,0.260283,0.260283,211.664,0.048619,0.026967,0.014840,9600,0,2.039794921875000000,1.700317382812500000,,,62.0,67.0,64.50,67.0,67.0,888,0,0,0.000,0.0,0.0,7.837
2026-09-19T00:30:36Z,6D9B050CC46EA46B,18.4,queries/tpch/tpch-queries/q02/v1_materialized.sql,measured,1,2,1,2,0.435257,0.217629,383.080,0.052177,0.034488,0.009511,9472,0,3.329956054687500000,2.785034179687500000,,,67.0,67.0,67.00,67.0,67.0,1267,0,0,0.000,0.0,0.0,7.651
2026-09-19T00:30:37Z,6D9B050CC46EA46B,18.4,queries/tpch/tpch-queries/q02/v1_materialized.sql,measured,1,4,1,2,0.779418,0.194854,725.875,0.053543,0.028566,0.014247,9600,0,5.920471191406250000,4.968383789062500000,,,67.0,67.0,67.00,67.0,67.0,1375,0,0,0.000,0.0,0.0,7.596
2026-09-19T00:30:38Z,6D9B050CC46EA46B,18.4,queries/tpch/tpch-queries/q02/v1_materialized.sql,measured,1,8,1,2,1.502534,0.187817,1415.116,0.087418,0.030704,0.014615,9600,0,11.318908691406250000,9.378540039062500000,,,67.0,66.0,65.62,67.0,67.0,1131,0,0,0.000,0.0,0.0,7.533
2026-09-19T00:30:41Z,6D9B050CC46EA46B,18.4,queries/tpch/tpch-queries/q02/v1_materialized.sql,measured,1,16,1,2,2.842848,0.177678,2768.561,0.074287,0.035838,0.011819,9472,0,21.570312500000000000,17.978027343750000000,,,66.0,65.0,65.93,66.0,66.0,1180,0,0,0.000,0.0,0.0,7.588
2026-09-19T00:30:47Z,C9D5609EA5D01839,18.4,queries/tpch/tpch-queries/q01/base.sql,warmup,1,1,1,2,2.301283,2.301283,2106.394,0.194889,0.025930,0.015711,9600,0,50.108093261718750000,45.059387207031250000,,,58.0,80.0,70.00,80.0,80.0,2675,0,0,3.209,0.0,0.0,21.774
2026-09-19T00:30:49Z,C9D5609EA5D01839,18.4,queries/tpch/tpch-queries/q01/base.sql,warmup,2,1,1,2,1.637509,1.637509,1590.828,0.046681,0.023996,0.017322,9472,0,39.649902343750000000,37.643615722656250000,,,80.0,80.0,79.44,80.0,80.0,2494,0,0,0.001,0.0,0.0,24.214
2026-09-19T00:30:51Z,C9D5609EA5D01839,18.4,queries/tpch/tpch-queries/q01/base.sql,measured,1,1,1,2,1.635924,1.635924,1588.952,0.046972,0.029835,0.011806,9472,0,39.716918945312500000,37.763793945312500000,,,80.0,64.0,80.56,81.0,81.0,2422,0,0,0.000,0.0,0.0,24.278
2026-09-19T00:30:54Z,C9D5609EA5D01839,18.4,queries/tpch/tpch-queries/q01/base.sql,measured,1,2,1,2,3.196335,1.598168,3148.653,0.047682,0.025344,0.016314,9472,0,78.632080078125000000,74.680297851562500000,,,64.0,84.0,76.81,84.0,84.0,2411,0,0,0.000,0.0,0.0,24.601
2026-09-19T00:31:00Z,C9D5609EA5D01839,18.4,queries/tpch/tpch-queries/q01/base.sql,measured,1,4,1,2,6.359947,1.589987,6272.012,0.087935,0.032890,0.009908,9600,0,158.351196289062500000,150.287292480468750000,,,84.0,89.0,86.34,89.0,89.0,2614,0,0,0.000,0.0,0.0,24.898
2026-09-19T00:31:13Z,C9D5609EA5D01839,18.4,queries/tpch/tpch-queries/q01/base.sql,measured,1,8,1,2,12.584238,1.573030,12533.031,0.051207,0.028099,0.014550,9472,0,321.395874023437500000,305.343322753906250000,,,89.0,96.0,92.37,96.0,96.0,2531,0,0,0.000,0.0,0.0,25.540
2026-09-19T00:31:38Z,C9D5609EA5D01839,18.4,queries/tpch/tpch-queries/q01/base.sql,measured,1,16,1,2,25.617323,1.601083,25547.234,0.070089,0.030428,0.014925,9600,0,630.912414550781250000,598.649902343750000000,,,96.0,94.0,95.27,98.0,98.0,2553,1354,4968,0.000,0.0,0.0,24.628
2026-09-19T00:31:58Z,00A070678F51B716,18.4,queries/tpch/tpch-queries/q04/v1_materialized.sql,warmup,1,1,1,2,1.744504,1.744504,1618.554,0.125950,0.029387,0.012296,9472,0,16.789306640625000000,12.938293457031250000,,,60.0,67.0,63.11,67.0,67.0,2314,0,0,17.577,0.0,14.0,9.624
2026-09-19T00:31:58Z,00A070678F51B716,18.4,queries/tpch/tpch-queries/q04/v1_materialized.sql,warmup,2,1,1,2,0.155466,0.155466,108.286,0.047180,0.027739,0.013852,9600,0,2.535095214843750000,2.327148437500000000,,,67.0,65.0,67.00,67.0,67.0,1700,0,0,0.001,0.0,0.0,16.306
2026-09-19T00:31:58Z,00A070678F51B716,18.4,queries/tpch/tpch-queries/q04/v1_materialized.sql,measured,1,1,1,2,0.158565,0.158565,109.651,0.048914,0.030795,0.010590,9600,0,2.622436523437500000,2.374328613281250000,,,65.0,65.0,65.00,65.0,65.0,2025,0,0,0.000,0.0,0.0,16.539
2026-09-19T00:31:59Z,00A070678F51B716,18.4,queries/tpch/tpch-queries/q04/v1_materialized.sql,measured,1,2,1,2,0.254946,0.127473,201.711,0.053235,0.029784,0.011962,9472,0,4.510070800781250000,4.135986328125000000,,,65.0,65.0,65.00,65.0,65.0,2675,0,0,0.000,0.0,0.0,17.690
2026-09-19T00:31:59Z,00A070678F51B716,18.4,queries/tpch/tpch-queries/q04/v1_materialized.sql,measured,1,4,1,2,0.440709,0.110177,391.181,0.049528,0.032213,0.009911,9600,0,8.363220214843750000,7.675781250000000000,,,65.0,76.0,68.67,76.0,76.0,2458,0,0,0.000,0.0,0.0,18.977
2026-09-19T00:32:00Z,00A070678F51B716,18.4,queries/tpch/tpch-queries/q04/v1_materialized.sql,measured,1,8,1,2,0.823056,0.102882,769.719,0.053337,0.031680,0.012002,9472,0,16.089294433593750000,14.880371093750000000,,,76.0,77.0,76.20,77.0,77.0,2415,0,0,0.000,0.0,0.0,19.548
2026-09-19T00:32:02Z,00A070678F51B716,18.4,queries/tpch/tpch-queries/q04/v1_materialized.sql,measured,1,16,1,2,1.595595,0.099725,1535.112,0.060483,0.035518,0.010039,9600,0,31.486633300781250000,29.077087402343750000,,,77.0,78.0,77.50,78.0,78.0,2391,0,0,0.000,0.0,0.0,19.733
2026-09-19T00:32:13Z,6E8B073CC6AC4010,18.4,queries/tpch/tpch-queries/q18/v1_materialized.sql,warmup,1,1,1,2,5.786833,5.786833,5667.048,0.119785,0.026306,0.015268,9600,0,124.982727050781250000,113.157104492187500000,,,59.0,84.0,77.45,84.0,84.0,2395,0,0,5.586,0.0,2.0,21.598
2026-09-19T00:32:18Z,6E8B073CC6AC4010,18.4,queries/tpch/tpch-queries/q18/v1_materialized.sql,warmup,2,1,1,2,4.759149,4.759149,4710.523,0.048626,0.029011,0.013041,9472,0,110.853881835937500000,104.006469726562500000,,,84.0,85.0,84.12,86.0,86.0,2391,0,0,0.003,0.0,0.0,23.293
2026-09-19T00:32:23Z,6E8B073CC6AC4010,18.4,queries/tpch/tpch-queries/q18/v1_materialized.sql,measured,1,1,1,2,4.796606,4.796606,4747.981,0.048625,0.027425,0.014619,9472,0,112.592468261718750000,105.416442871093750000,,,85.0,88.0,87.12,88.0,88.0,2540,0,0,0.000,0.0,0.0,23.473
2026-09-19T00:32:32Z,6E8B073CC6AC4010,18.4,queries/tpch/tpch-queries/q18/v1_materialized.sql,measured,1,2,1,2,9.548135,4.774068,9462.944,0.085191,0.028037,0.014006,9600,0,225.305847167968750000,211.407165527343750000,,,88.0,76.0,89.35,92.0,92.0,2262,0,0,0.000,0.0,0.0,23.597
2026-09-19T00:32:52Z,6E8B073CC6AC4010,18.4,queries/tpch/tpch-queries/q18/v1_materialized.sql,measured,1,4,1,2,18.871702,4.717926,18818.568,0.053134,0.028854,0.014218,9600,0,451.830444335937500000,424.310607910156250000,,,76.0,77.0,92.42,95.0,95.0,2271,0,0,0.000,0.0,0.0,23.942
2026-09-19T00:33:30Z,6E8B073CC6AC4010,18.4,queries/tpch/tpch-queries/q18/v1_materialized.sql,measured,1,8,1,2,38.502633,4.812829,38403.366,0.099267,0.035381,0.008561,9600,0,868.446166992187500000,812.476318359375000000,,,77.0,93.0,92.46,96.0,96.0,2191,0,0,0.000,0.0,0.0,22.556
2026-09-19T00:34:48Z,6E8B073CC6AC4010,18.4,queries/tpch/tpch-queries/q18/v1_materialized.sql,measured,1,16,1,2,77.683936,4.855246,77612.576,0.071360,0.034203,0.013192,9600,0,1707.940551757812500000,1596.072082519531250000,,,93.0,90.0,92.28,95.0,95.0,2194,0,0,0.000,0.0,0.0,21.986
2026-09-19T00:35:13Z,18BF3494B766BBCF,18.4,queries/tpch/tpch-queries/q07/v2_union_all.sql,warmup,1,1,1,2,7.572133,7.572133,7413.018,0.159115,0.027448,0.014595,9600,0,61.469665527343750000,45.519409179687500000,,,60.0,64.0,63.47,68.0,68.0,1982,0,0,17.643,0.0,14.0,8.118
2026-09-19T00:35:14Z,18BF3494B766BBCF,18.4,queries/tpch/tpch-queries/q07/v2_union_all.sql,warmup,2,1,1,2,0.635159,0.635159,584.599,0.050560,0.029934,0.012156,9600,0,8.975830078125000000,8.126647949218750000,,,64.0,75.0,69.50,75.0,75.0,1944,0,0,0.003,0.0,0.0,14.132
2026-09-19T00:35:15Z,18BF3494B766BBCF,18.4,queries/tpch/tpch-queries/q07/v2_union_all.sql,measured,1,1,1,2,0.636415,0.636415,585.698,0.050717,0.031329,0.010937,9472,0,8.989562988281250000,8.133361816406250000,,,75.0,73.0,74.50,75.0,75.0,1862,0,0,0.003,0.0,0.0,14.125
2026-09-19T00:35:16Z,18BF3494B766BBCF,18.4,queries/tpch/tpch-queries/q07/v2_union_all.sql,measured,1,2,1,2,1.161233,0.580617,1107.785,0.053448,0.033450,0.008788,9600,0,16.741821289062500000,15.165405273437500000,,,73.0,74.0,73.33,74.0,74.0,2079,0,0,0.000,0.0,0.0,14.417
2026-09-19T00:35:18Z,18BF3494B766BBCF,18.4,queries/tpch/tpch-queries/q07/v2_union_all.sql,measured,1,4,1,2,2.276586,0.569146,2163.106,0.113480,0.030760,0.013019,9600,0,33.067565917968750000,29.809631347656250000,,,74.0,74.0,74.00,74.0,74.0,2106,0,0,0.000,0.0,0.0,14.525
2026-09-19T00:35:23Z,18BF3494B766BBCF,18.4,queries/tpch/tpch-queries/q07/v2_union_all.sql,measured,1,8,1,2,4.328583,0.541073,4256.070,0.072513,0.033881,0.012968,9600,0,63.991821289062500000,57.905578613281250000,,,74.0,76.0,74.55,76.0,76.0,2040,0,0,0.000,0.0,0.0,14.784
2026-09-19T00:35:31Z,18BF3494B766BBCF,18.4,queries/tpch/tpch-queries/q07/v2_union_all.sql,measured,1,16,1,2,8.531845,0.533240,8433.788,0.098057,0.033368,0.018225,9600,0,127.092346191406250000,114.836120605468750000,,,76.0,78.0,76.42,78.0,78.0,2116,0,0,0.000,0.0,0.0,14.896
2026-09-19T00:35:39Z,D8D79BA35AE076D9,18.4,queries/tpch/tpch-queries/q12/v2_filter.sql,warmup,1,1,1,2,1.707988,1.707988,1622.665,0.085323,0.030159,0.011441,9600,0,19.956909179687500000,16.053039550781250000,,,60.0,68.0,63.56,68.0,68.0,2670,0,0,5.669,0.0,2.0,11.684
2026-09-19T00:35:39Z,D8D79BA35AE076D9,18.4,queries/tpch/tpch-queries/q12/v2_filter.sql,warmup,2,1,1,2,0.387592,0.387592,340.212,0.047380,0.029875,0.011881,9472,0,6.560668945312500000,6.044616699218750000,,,68.0,76.0,72.00,76.0,76.0,2513,0,0,0.001,0.0,0.0,16.927
2026-09-19T00:35:40Z,D8D79BA35AE076D9,18.4,queries/tpch/tpch-queries/q12/v2_filter.sql,measured,1,1,1,2,0.413817,0.413817,331.462,0.082355,0.029069,0.013240,9600,0,6.640258789062500000,6.028625488281250000,,,76.0,76.0,76.00,76.0,76.0,2133,0,0,0.000,0.0,0.0,16.046
2026-09-19T00:35:41Z,D8D79BA35AE076D9,18.4,queries/tpch/tpch-queries/q12/v2_filter.sql,measured,1,2,1,2,0.685850,0.342925,637.574,0.048276,0.030258,0.011947,9600,0,12.204467773437500000,11.171264648437500000,,,76.0,74.0,74.50,76.0,76.0,2512,0,0,0.000,0.0,0.0,17.795
2026-09-19T00:35:42Z,D8D79BA35AE076D9,18.4,queries/tpch/tpch-queries/q12/v2_filter.sql,measured,1,4,1,2,1.267988,0.316997,1217.651,0.050337,0.029006,0.013888,9472,0,23.339355468750000000,21.530944824218750000,,,74.0,66.0,76.14,77.0,77.0,2721,0,0,0.000,0.0,0.0,18.407
2026-09-19T00:35:45Z,D8D79BA35AE076D9,18.4,queries/tpch/tpch-queries/q12/v2_filter.sql,measured,1,8,1,2,2.456709,0.307089,2402.531,0.054178,0.029059,0.015387,9600,0,45.908386230468750000,42.222106933593750000,,,66.0,77.0,73.54,79.0,79.0,2550,0,0,0.000,0.0,0.0,18.687
2026-09-19T00:35:50Z,D8D79BA35AE076D9,18.4,queries/tpch/tpch-queries/q12/v2_filter.sql,measured,1,16,1,2,4.864397,0.304025,4803.210,0.061187,0.035936,0.010266,9472,0,91.054565429687500000,84.069641113281250000,,,77.0,79.0,78.64,80.0,80.0,2753,0,0,0.000,0.0,0.0,18.719
2026-09-19T00:35:58Z,29C84AB0F2A33BD9,18.4,queries/tpch/tpch-queries/q10/v1_materialized.sql,warmup,1,1,1,2,2.515508,2.515508,2368.015,0.147493,0.031780,0.009867,9600,0,21.707702636718750000,16.357055664062500000,,,60.0,65.0,63.08,65.0,65.0,2300,0,0,5.687,0.0,2.0,8.630
2026-09-19T00:35:59Z,29C84AB0F2A33BD9,18.4,queries/tpch/tpch-queries/q10/v1_materialized.sql,warmup,2,1,1,2,0.408263,0.408263,359.790,0.048473,0.027800,0.013859,9600,0,5.289916992187500000,4.780639648437500000,,,65.0,70.0,66.67,70.0,70.0,2025,0,0,0.003,0.0,0.0,12.957
2026-09-19T00:35:59Z,29C84AB0F2A33BD9,18.4,queries/tpch/tpch-queries/q10/v1_materialized.sql,measured,1,1,1,2,0.405375,0.405375,357.136,0.048239,0.026037,0.015447,9600,0,5.297180175781250000,4.735595703125000000,,,70.0,70.0,70.00,70.0,70.0,2133,0,0,0.000,0.0,0.0,13.067
2026-09-19T00:36:00Z,29C84AB0F2A33BD9,18.4,queries/tpch/tpch-queries/q10/v1_materialized.sql,measured,1,2,1,2,0.730861,0.365430,681.293,0.049568,0.026603,0.015127,9600,0,9.787719726562500000,8.821899414062500000,,,70.0,74.0,73.00,74.0,74.0,1700,0,0,0.000,0.0,0.0,13.392
2026-09-19T00:36:01Z,29C84AB0F2A33BD9,18.4,queries/tpch/tpch-queries/q10/v1_materialized.sql,measured,1,4,1,2,1.371195,0.342799,1319.028,0.052167,0.030896,0.011659,9600,0,18.929565429687500000,16.969604492187500000,,,74.0,67.0,71.86,74.0,74.0,2164,0,0,0.000,0.0,0.0,13.805
2026-09-19T00:36:04Z,29C84AB0F2A33BD9,18.4,queries/tpch/tpch-queries/q10/v1_materialized.sql,measured,1,8,1,2,2.665383,0.333173,2591.517,0.073866,0.030153,0.014647,9600,0,36.542480468750000000,33.071899414062500000,,,67.0,72.0,71.64,76.0,76.0,1956,0,0,0.000,0.0,0.0,13.710
2026-09-19T00:36:10Z,29C84AB0F2A33BD9,18.4,queries/tpch/tpch-queries/q10/v1_materialized.sql,measured,1,16,1,2,5.229784,0.326862,5161.981,0.067803,0.030367,0.015983,9600,0,72.463317871093750000,65.696533203125000000,,,72.0,73.0,75.56,77.0,77.0,1881,0,0,0.000,0.0,0.0,13.856
2026-09-19T00:36:21Z,C88E330B69B07DD2,18.4,queries/tpch/tpch-queries/q18/base.sql,warmup,1,1,1,2,5.854353,5.854353,5753.593,0.100760,0.029579,0.011957,9600,0,124.632934570312500000,112.849060058593750000,,,59.0,65.0,76.67,82.0,82.0,2328,0,0,5.626,0.0,2.0,21.289
2026-09-19T00:36:26Z,C88E330B69B07DD2,18.4,queries/tpch/tpch-queries/q18/base.sql,warmup,2,1,1,2,4.761128,4.761128,4712.255,0.048873,0.031634,0.010375,9600,0,110.702270507812500000,103.901733398437500000,,,65.0,85.0,80.21,85.0,85.0,2404,0,0,0.054,0.0,0.0,23.251
2026-09-19T00:36:31Z,C88E330B69B07DD2,18.4,queries/tpch/tpch-queries/q18/base.sql,measured,1,1,1,2,4.745939,4.745939,4696.977,0.048962,0.028026,0.014085,9600,0,111.928283691406250000,105.036315917968750000,,,85.0,87.0,86.08,88.0,88.0,2296,0,0,0.000,0.0,0.0,23.584
2026-09-19T00:36:40Z,C88E330B69B07DD2,18.4,queries/tpch/tpch-queries/q18/base.sql,measured,1,2,1,2,9.402767,4.701384,9350.859,0.051908,0.029621,0.013380,9600,0,224.492614746093750000,210.900451660156250000,,,87.0,86.0,89.77,92.0,92.0,2226,0,0,0.000,0.0,0.0,23.875
2026-09-19T00:36:59Z,C88E330B69B07DD2,18.4,queries/tpch/tpch-queries/q18/base.sql,measured,1,4,1,2,18.817509,4.704377,18728.194,0.089315,0.034379,0.008709,9472,0,451.671936035156250000,424.028259277343750000,,,86.0,96.0,93.29,96.0,96.0,2436,0,0,0.000,0.0,0.0,24.003
2026-09-19T00:37:38Z,C88E330B69B07DD2,18.4,queries/tpch/tpch-queries/q18/base.sql,measured,1,8,1,2,38.342984,4.792873,38247.285,0.095699,0.033224,0.012006,9600,0,866.948730468750000000,811.008666992187500000,,,96.0,91.0,93.45,97.0,97.0,2274,6,24,0.000,0.0,0.0,22.610
2026-09-19T00:38:55Z,C88E330B69B07DD2,18.4,queries/tpch/tpch-queries/q18/base.sql,measured,1,16,1,2,77.360565,4.835035,77286.234,0.074331,0.033677,0.013750,9600,0,1699.924926757812500000,1589.059753417968750000,,,91.0,93.0,92.15,95.0,95.0,2191,0,0,0.000,0.0,0.0,21.974
2026-09-19T00:39:20Z,E3FAD9A5363B4A22,18.4,queries/tpch/tpch-queries/q08/base.sql,warmup,1,1,1,2,6.703813,6.703813,6591.838,0.111975,0.034538,0.007854,9472,0,39.607910156250000000,25.527893066406250000,,,60.0,61.0,62.18,65.0,65.0,1566,0,0,17.733,0.0,14.0,5.908
2026-09-19T00:39:20Z,E3FAD9A5363B4A22,18.4,queries/tpch/tpch-queries/q08/base.sql,warmup,2,1,1,2,0.179935,0.179935,129.587,0.050348,0.030465,0.011166,9600,0,2.483886718750000000,2.236694335937500000,,,61.0,67.0,61.00,61.0,61.0,1700,0,0,0.002,0.0,0.0,13.804
2026-09-19T00:39:20Z,E3FAD9A5363B4A22,18.4,queries/tpch/tpch-queries/q08/base.sql,measured,1,1,1,2,0.205799,0.205799,128.549,0.077250,0.027454,0.014770,9600,0,2.597473144531250000,2.276550292968750000,,,67.0,67.0,67.00,67.0,67.0,2675,0,0,0.000,0.0,0.0,12.621
2026-09-19T00:39:21Z,E3FAD9A5363B4A22,18.4,queries/tpch/tpch-queries/q08/base.sql,measured,1,2,1,2,0.296267,0.148133,242.875,0.053392,0.028944,0.013056,9600,0,4.406066894531250000,3.946594238281250000,,,67.0,67.0,67.00,67.0,67.0,2188,0,0,0.000,0.0,0.0,14.872
2026-09-19T00:39:21Z,E3FAD9A5363B4A22,18.4,queries/tpch/tpch-queries/q08/base.sql,measured,1,4,1,2,0.531982,0.132996,473.122,0.058860,0.032012,0.010872,9600,0,8.165954589843750000,7.427124023437500000,,,67.0,71.0,69.67,71.0,71.0,1917,0,0,0.000,0.0,0.0,15.350
2026-09-19T00:39:22Z,E3FAD9A5363B4A22,18.4,queries/tpch/tpch-queries/q08/base.sql,measured,1,8,1,2,0.998229,0.124779,928.468,0.069761,0.032777,0.011796,9472,0,15.770446777343750000,14.327941894531250000,,,71.0,75.0,72.60,75.0,75.0,2220,0,0,0.000,0.0,0.0,15.798
2026-09-19T00:39:24Z,E3FAD9A5363B4A22,18.4,queries/tpch/tpch-queries/q08/base.sql,measured,1,16,1,2,1.982461,0.123904,1847.800,0.134661,0.037929,0.009528,9600,0,31.139282226562500000,28.363647460937500000,,,75.0,76.0,74.70,76.0,76.0,2350,0,0,0.000,0.0,0.0,15.707
2026-09-19T00:39:31Z,7C6E9896A594F659,18.4,queries/tpch/tpch-queries/q22/v2_anti_join.sql,warmup,1,1,1,2,0.492157,0.492157,288.526,0.203631,0.029556,0.012014,9728,0,5.831604003906250000,4.777038574218750000,,,59.0,59.0,59.00,59.0,59.0,2025,0,0,5.495,0.0,2.0,11.849
2026-09-19T00:39:31Z,7C6E9896A594F659,18.4,queries/tpch/tpch-queries/q22/v2_anti_join.sql,warmup,2,1,1,2,0.169041,0.169041,121.542,0.047499,0.027145,0.014600,9728,0,2.828247070312500000,2.613769531250000000,,,59.0,59.0,59.00,59.0,59.0,2025,0,0,0.001,0.0,0.0,16.731
2026-09-19T00:39:31Z,7C6E9896A594F659,18.4,queries/tpch/tpch-queries/q22/v2_anti_join.sql,measured,1,1,1,2,0.182891,0.182891,119.697,0.063194,0.029278,0.012450,9600,0,2.895019531250000000,2.615173339843750000,,,59.0,66.0,59.00,59.0,59.0,2350,0,0,0.000,0.0,0.0,15.829
2026-09-19T00:39:31Z,7C6E9896A594F659,18.4,queries/tpch/tpch-queries/q22/v2_anti_join.sql,measured,1,2,1,2,0.309079,0.154539,231.433,0.077646,0.033846,0.007819,9600,0,5.369812011718750000,4.912414550781250000,,,66.0,66.0,66.00,66.0,66.0,2675,0,0,0.000,0.0,0.0,17.374
2026-09-19T00:39:32Z,7C6E9896A594F659,18.4,queries/tpch/tpch-queries/q22/v2_anti_join.sql,measured,1,4,1,2,0.493692,0.123423,443.270,0.050422,0.029697,0.012877,9600,0,10.027038574218750000,9.367065429687500000,,,66.0,63.0,66.00,66.0,66.0,2458,0,0,0.000,0.0,0.0,20.310
2026-09-19T00:39:33Z,7C6E9896A594F659,18.4,queries/tpch/tpch-queries/q22/v2_anti_join.sql,measured,1,8,1,2,0.971824,0.121478,918.737,0.053087,0.029978,0.012749,9600,0,19.801818847656250000,18.506530761718750000,,,63.0,69.0,63.00,63.0,64.0,2545,0,0,0.000,0.0,0.0,20.376
2026-09-19T00:39:35Z,7C6E9896A594F659,18.4,queries/tpch/tpch-queries/q22/v2_anti_join.sql,measured,1,16,1,2,2.000428,0.125027,1921.461,0.078967,0.032949,0.013039,9600,0,39.639465332031250000,36.947021484375000000,,,69.0,74.0,73.00,77.0,77.0,2740,0,0,0.000,0.0,0.0,19.815
2026-09-19T00:39:42Z,3733F0DE349F5EFA,18.4,queries/tpch/tpch-queries/q14/v2_filter.sql,warmup,1,1,1,2,1.503646,1.503646,1337.525,0.166121,0.032275,0.009218,9472,0,15.209472656250000000,11.985595703125000000,,,59.0,65.0,61.25,65.0,65.0,2553,0,0,5.371,0.0,2.0,10.115
2026-09-19T00:39:42Z,3733F0DE349F5EFA,18.4,queries/tpch/tpch-queries/q14/v2_filter.sql,warmup,2,1,1,2,0.203853,0.203853,156.680,0.047173,0.028748,0.012864,9600,0,3.203247070312500000,2.922546386718750000,,,65.0,60.0,65.00,65.0,65.0,2513,0,0,0.001,0.0,0.0,15.714
2026-09-19T00:39:43Z,3733F0DE349F5EFA,18.4,queries/tpch/tpch-queries/q14/v2_filter.sql,measured,1,1,1,2,0.206016,0.206016,158.616,0.047400,0.032604,0.009311,9600,0,3.207824707031250000,2.871276855468750000,,,60.0,60.0,60.00,60.0,60.0,2188,0,0,0.000,0.0,0.0,15.571
2026-09-19T00:39:43Z,3733F0DE349F5EFA,18.4,queries/tpch/tpch-queries/q14/v2_filter.sql,measured,1,2,1,2,0.330750,0.165375,282.303,0.048447,0.028748,0.013571,9600,0,5.749267578125000000,5.229919433593750000,,,60.0,60.0,60.00,60.0,60.0,2025,0,0,0.000,0.0,0.0,17.383
2026-09-19T00:39:44Z,3733F0DE349F5EFA,18.4,queries/tpch/tpch-queries/q14/v2_filter.sql,measured,1,4,1,2,0.603788,0.150947,552.974,0.050814,0.029183,0.014296,9600,0,10.830322265625000000,9.900390625000000000,,,60.0,73.0,69.75,73.0,73.0,2513,0,0,0.000,0.0,0.0,17.937
2026-09-19T00:39:45Z,3733F0DE349F5EFA,18.4,queries/tpch/tpch-queries/q14/v2_filter.sql,measured,1,8,1,2,1.102603,0.137825,1049.440,0.053163,0.034802,0.008804,9600,0,20.678405761718750000,19.087219238281250000,,,73.0,75.0,74.33,75.0,75.0,2458,0,0,0.000,0.0,0.0,18.754
2026-09-19T00:39:47Z,3733F0DE349F5EFA,18.4,queries/tpch/tpch-queries/q14/v2_filter.sql,measured,1,16,1,2,2.152406,0.134525,2093.842,0.058564,0.032111,0.012550,9600,0,41.317321777343750000,38.021362304687500000,,,75.0,68.0,74.09,75.0,75.0,2645,0,0,0.000,0.0,0.0,19.196
2026-09-19T00:39:57Z,D2264200CC2948CC,18.4,queries/tpch/tpch-queries/q17/v2_decorrelate.sql,warmup,1,1,1,2,3.923410,3.923410,3834.157,0.089253,0.027208,0.014274,9728,0,35.784729003906250000,26.916137695312500000,,,58.0,62.0,66.25,69.0,69.0,1391,0,0,5.425,0.0,2.0,9.121
2026-09-19T00:40:00Z,D2264200CC2948CC,18.4,queries/tpch/tpch-queries/q17/v2_decorrelate.sql,warmup,2,1,1,2,3.377054,3.377054,3329.709,0.047345,0.030412,0.011210,9472,0,24.541442871093750000,20.009704589843750000,,,62.0,69.0,66.35,69.0,69.0,1126,0,0,0.001,0.0,0.0,7.267
2026-09-19T00:40:04Z,D2264200CC2948CC,18.4,queries/tpch/tpch-queries/q17/v2_decorrelate.sql,measured,1,1,1,2,3.403358,3.403358,3325.739,0.077619,0.032527,0.012085,9600,0,24.323242187500000000,19.771850585937500000,,,69.0,64.0,65.76,69.0,69.0,995,0,0,0.000,0.0,0.0,7.147
2026-09-19T00:40:10Z,D2264200CC2948CC,18.4,queries/tpch/tpch-queries/q17/v2_decorrelate.sql,measured,1,2,1,2,6.657617,3.328809,6568.057,0.089560,0.030374,0.011902,9600,0,48.112609863281250000,39.299560546875000000,,,64.0,68.0,68.03,69.0,69.0,1193,0,0,0.000,0.0,0.0,7.227
2026-09-19T00:40:24Z,D2264200CC2948CC,18.4,queries/tpch/tpch-queries/q17/v2_decorrelate.sql,measured,1,4,1,2,13.152421,3.288105,13102.012,0.050409,0.032034,0.010419,9600,0,93.668273925781250000,76.493164062500000000,,,68.0,64.0,64.35,68.0,68.0,1282,0,0,0.000,0.0,0.0,7.122
2026-09-19T00:40:50Z,D2264200CC2948CC,18.4,queries/tpch/tpch-queries/q17/v2_decorrelate.sql,measured,1,8,1,2,26.273672,3.284209,26219.276,0.054396,0.032333,0.011209,9600,0,190.005004882812500000,155.582946777343750000,,,64.0,68.0,66.45,68.0,68.0,1215,0,0,0.000,0.0,0.0,7.232
2026-09-19T00:41:42Z,D2264200CC2948CC,18.4,queries/tpch/tpch-queries/q17/v2_decorrelate.sql,measured,1,16,1,2,52.163838,3.260240,52102.414,0.061424,0.031365,0.013605,9728,0,369.236694335937500000,301.942871093750000000,,,68.0,67.0,65.96,68.0,68.0,1178,0,0,0.000,0.0,0.0,7.078
2026-09-19T00:41:48Z,AAE068BCC5AF2257,18.4,queries/tpch/tpch-queries/q03/v1_materialized.sql,warmup,1,1,1,2,1.563994,1.563994,1319.546,0.244448,0.028909,0.012860,9600,0,19.910156250000000000,16.313415527343750000,,,60.0,67.0,62.62,67.0,67.0,2228,0,0,3.547,0.0,0.0,12.730
2026-09-19T00:41:48Z,AAE068BCC5AF2257,18.4,queries/tpch/tpch-queries/q03/v1_materialized.sql,warmup,2,1,1,2,0.349344,0.349344,301.742,0.047602,0.033711,0.007673,9600,0,6.513916015625000000,6.029235839843750000,,,67.0,63.0,67.00,67.0,67.0,2513,0,0,0.000,0.0,0.0,18.646
2026-09-19T00:41:48Z,AAE068BCC5AF2257,18.4,queries/tpch/tpch-queries/q03/v1_materialized.sql,measured,1,1,1,2,0.348956,0.348956,301.408,0.047548,0.028158,0.013150,9600,0,6.616088867187500000,6.048278808593750000,,,63.0,63.0,63.00,63.0,63.0,2838,0,0,0.000,0.0,0.0,18.960
2026-09-19T00:41:49Z,AAE068BCC5AF2257,18.4,queries/tpch/tpch-queries/q03/v1_materialized.sql,measured,1,2,1,2,0.621224,0.310612,572.296,0.048928,0.029631,0.012200,9600,0,12.375427246093750000,11.463195800781250000,,,63.0,75.0,66.00,75.0,75.0,2350,0,0,0.000,0.0,0.0,19.921
2026-09-19T00:41:50Z,AAE068BCC5AF2257,18.4,queries/tpch/tpch-queries/q03/v1_materialized.sql,measured,1,4,1,2,1.151765,0.287941,1100.728,0.051037,0.031218,0.011138,9600,0,23.861450195312500000,22.253173828125000000,,,75.0,76.0,75.33,76.0,76.0,2241,0,0,0.000,0.0,0.0,20.717
2026-09-19T00:41:53Z,AAE068BCC5AF2257,18.4,queries/tpch/tpch-queries/q03/v1_materialized.sql,measured,1,8,1,2,2.196956,0.274620,2141.752,0.055204,0.032644,0.010659,9472,0,46.783203125000000000,43.794921875000000000,,,76.0,78.0,76.55,78.0,78.0,2497,0,0,0.000,0.0,0.0,21.295
2026-09-19T00:41:57Z,AAE068BCC5AF2257,18.4,queries/tpch/tpch-queries/q03/v1_materialized.sql,measured,1,16,1,2,4.357981,0.272374,4251.529,0.106452,0.033072,0.014796,9600,0,93.112121582031250000,86.886169433593750000,,,78.0,71.0,78.00,80.0,80.0,2320,0,0,0.000,0.0,0.0,21.366
2026-09-19T00:42:03Z,F15D8086E548C29C,18.4,queries/tpch/tpch-queries/q06/base.sql,warmup,1,1,1,2,0.296259,0.296259,177.368,0.118891,0.028112,0.013712,9600,0,3.226806640625000000,2.640014648437500000,,,59.0,59.0,59.00,59.0,60.0,1700,0,0,5.617,0.0,2.0,10.892
2026-09-19T00:42:03Z,F15D8086E548C29C,18.4,queries/tpch/tpch-queries/q06/base.sql,warmup,2,1,1,2,0.117886,0.117886,71.526,0.046360,0.030260,0.011102,9600,0,1.924133300781250000,1.762390136718750000,,,59.0,59.0,59.00,59.0,60.0,725,0,0,0.044,0.0,0.0,16.322
2026-09-19T00:42:04Z,F15D8086E548C29C,18.4,queries/tpch/tpch-queries/q06/base.sql,measured,1,1,1,2,0.116487,0.116487,69.692,0.046795,0.031526,0.010220,9600,0,1.889343261718750000,1.731262207031250000,,,59.0,59.0,59.00,59.0,60.0,2350,0,0,0.003,0.0,0.0,16.219
2026-09-19T00:42:04Z,F15D8086E548C29C,18.4,queries/tpch/tpch-queries/q06/base.sql,measured,1,2,1,2,0.180102,0.090051,133.480,0.046622,0.028920,0.012528,9600,0,3.337951660156250000,3.082885742187500000,,,59.0,67.0,59.00,59.0,60.0,1700,0,0,0.000,0.0,0.0,18.534
2026-09-19T00:42:04Z,F15D8086E548C29C,18.4,queries/tpch/tpch-queries/q06/base.sql,measured,1,4,1,2,0.333828,0.083457,258.499,0.075329,0.032102,0.010331,9600,0,6.333496093750000000,5.873413085937500000,,,67.0,67.0,67.00,67.0,67.0,2838,0,0,0.000,0.0,0.0,18.972
2026-09-19T00:42:05Z,F15D8086E548C29C,18.4,queries/tpch/tpch-queries/q06/base.sql,measured,1,8,1,2,0.567249,0.070906,513.928,0.053321,0.032299,0.011407,9600,0,12.186340332031250000,11.461242675781250000,,,67.0,68.0,67.00,67.0,67.0,2567,0,0,0.000,0.0,0.0,21.483
2026-09-19T00:42:06Z,F15D8086E548C29C,18.4,queries/tpch/tpch-queries/q06/base.sql,measured,1,16,1,2,1.130975,0.070686,1062.165,0.068810,0.034186,0.011367,9600,0,24.152343750000000000,22.739929199218750000,,,68.0,81.0,70.17,81.0,81.0,2946,0,0,0.000,0.0,0.0,21.355
2026-09-19T00:42:13Z,7F2D79BD3DACA389,18.4,queries/tpch/tpch-queries/q03/v1_materialized.sql,warmup,1,1,1,2,1.577555,1.577555,1478.678,0.098877,0.028193,0.013253,9472,0,20.187683105468750000,16.565673828125000000,,,59.0,70.0,63.12,70.0,70.0,1903,0,0,5.177,0.0,2.0,12.797
2026-09-19T00:42:13Z,7F2D79BD3DACA389,18.4,queries/tpch/tpch-queries/q03/v1_materialized.sql,warmup,2,1,1,2,0.350338,0.350338,302.774,0.047564,0.025214,0.016123,9600,0,6.571411132812500000,6.094421386718750000,,,70.0,65.0,70.00,70.0,70.0,2675,0,0,0.000,0.0,0.0,18.757
2026-09-19T00:42:14Z,7F2D79BD3DACA389,18.4,queries/tpch/tpch-queries/q03/v1_materialized.sql,measured,1,1,1,2,0.352967,0.352967,304.899,0.048068,0.030311,0.011629,9472,0,6.656433105468750000,6.157592773437500000,,,65.0,65.0,65.00,65.0,66.0,2350,0,0,0.000,0.0,0.0,18.859
2026-09-19T00:42:14Z,7F2D79BD3DACA389,18.4,queries/tpch/tpch-queries/q03/v1_materialized.sql,measured,1,2,1,2,0.619884,0.309942,571.243,0.048641,0.028623,0.012998,9472,0,12.451599121093750000,11.596435546875000000,,,65.0,78.0,68.25,78.0,78.0,2350,0,0,0.000,0.0,0.0,20.087
2026-09-19T00:42:16Z,7F2D79BD3DACA389,18.4,queries/tpch/tpch-queries/q03/v1_materialized.sql,measured,1,4,1,2,1.149161,0.287290,1098.039,0.051122,0.030461,0.011983,9472,0,24.040649414062500000,22.437500000000000000,,,78.0,79.0,78.33,79.0,79.0,2188,0,0,0.000,0.0,0.0,20.920
2026-09-19T00:42:18Z,7F2D79BD3DACA389,18.4,queries/tpch/tpch-queries/q03/v1_materialized.sql,measured,1,8,1,2,2.202167,0.275271,2145.520,0.056647,0.032390,0.012138,9472,0,47.236083984375000000,44.012512207031250000,,,79.0,80.0,79.27,80.0,80.0,2527,0,0,0.000,0.0,0.0,21.450
2026-09-19T00:42:22Z,7F2D79BD3DACA389,18.4,queries/tpch/tpch-queries/q03/v1_materialized.sql,measured,1,16,1,2,4.359449,0.272466,4248.459,0.110990,0.036340,0.010203,9600,0,93.790222167968750000,87.576965332031250000,,,80.0,73.0,80.23,82.0,82.0,2453,0,0,0.000,0.0,0.0,21.514
2026-09-19T00:42:36Z,44F088AF7C40B0CD,18.4,queries/tpch/tpch-queries/q18/v2_join.sql,warmup,1,1,1,2,6.034144,6.034144,5934.991,0.099153,0.029033,0.012462,9600,0,125.239257812500000000,113.056640625000000000,,,60.0,74.0,77.87,83.0,83.0,2245,0,0,7.659,0.0,4.0,20.755
2026-09-19T00:42:41Z,44F088AF7C40B0CD,18.4,queries/tpch/tpch-queries/q18/v2_join.sql,warmup,2,1,1,2,4.795651,4.795651,4744.827,0.050824,0.028571,0.015386,9600,0,111.010803222656250000,104.061462402343750000,,,74.0,78.0,82.75,86.0,86.0,2201,0,0,0.054,0.0,0.0,23.148
2026-09-19T00:42:46Z,44F088AF7C40B0CD,18.4,queries/tpch/tpch-queries/q18/v2_join.sql,measured,1,1,1,2,4.779651,4.779651,4696.717,0.082934,0.032077,0.009930,9600,0,112.275817871093750000,105.212829589843750000,,,78.0,90.0,86.46,90.0,90.0,2418,0,0,0.000,0.0,0.0,23.490
2026-09-19T00:42:55Z,44F088AF7C40B0CD,18.4,queries/tpch/tpch-queries/q18/v2_join.sql,measured,1,2,1,2,9.367239,4.683620,9296.099,0.071140,0.027522,0.015510,9600,0,224.323425292968750000,210.720947265625000000,,,90.0,89.0,90.62,93.0,93.0,2447,0,0,0.000,0.0,0.0,23.948
2026-09-19T00:43:14Z,44F088AF7C40B0CD,18.4,queries/tpch/tpch-queries/q18/v2_join.sql,measured,1,4,1,2,18.729062,4.682265,18675.709,0.053353,0.035607,0.007011,9600,0,449.891052246093750000,422.379455566406250000,,,89.0,79.0,93.79,96.0,96.0,2281,0,0,0.000,0.0,0.0,24.021
2026-09-19T00:43:52Z,44F088AF7C40B0CD,18.4,queries/tpch/tpch-queries/q18/v2_join.sql,measured,1,8,1,2,38.331263,4.791408,38270.669,0.060594,0.034753,0.009395,9600,0,868.689331054687500000,813.132263183593750000,,,79.0,92.0,93.95,97.0,97.0,2326,700,2800,0.000,0.0,0.0,22.663
2026-09-19T00:45:10Z,44F088AF7C40B0CD,18.4,queries/tpch/tpch-queries/q18/v2_join.sql,measured,1,16,1,2,77.338019,4.833626,77247.337,0.090682,0.032474,0.014162,9600,0,1699.929321289062500000,1589.547485351562500000,,,92.0,93.0,92.20,96.0,96.0,2231,0,0,0.001,0.0,0.0,21.981
2026-09-19T00:45:30Z,03A051F46675ECCE,18.4,queries/tpch/tpch-queries/q02/base.sql,warmup,1,1,1,2,0.826273,0.826273,692.791,0.133482,0.030040,0.011991,9728,0,5.590576171875000000,3.845092773437500000,,,59.0,60.0,59.00,59.0,59.0,1180,0,0,19.658,0.0,16.0,6.766
2026-09-19T00:45:31Z,03A051F46675ECCE,18.4,queries/tpch/tpch-queries/q02/base.sql,warmup,2,1,1,2,0.296250,0.296250,195.507,0.100743,0.027141,0.014732,9472,0,2.064514160156250000,1.660339355468750000,,,60.0,60.0,60.00,60.0,60.0,1050,0,0,0.055,0.0,0.0,6.969
2026-09-19T00:45:31Z,03A051F46675ECCE,18.4,queries/tpch/tpch-queries/q02/base.sql,measured,1,1,1,2,0.249228,0.249228,200.413,0.048815,0.027079,0.014756,9600,0,2.069641113281250000,1.731567382812500000,,,60.0,60.0,60.00,60.0,60.0,1700,0,0,0.000,0.0,0.0,8.304
2026-09-19T00:45:32Z,03A051F46675ECCE,18.4,queries/tpch/tpch-queries/q02/base.sql,measured,1,2,1,2,0.410042,0.205021,357.552,0.052490,0.031131,0.012915,9600,0,3.214965820312500000,2.712768554687500000,,,60.0,70.0,66.67,70.0,70.0,1158,0,0,0.000,0.0,0.0,7.841
2026-09-19T00:45:33Z,03A051F46675ECCE,18.4,queries/tpch/tpch-queries/q02/base.sql,measured,1,4,1,2,0.733935,0.183484,679.590,0.054345,0.032386,0.010653,9600,0,5.810424804687500000,4.878662109375000000,,,70.0,72.0,70.50,72.0,72.0,1375,0,0,0.000,0.0,0.0,7.917
2026-09-19T00:45:34Z,03A051F46675ECCE,18.4,queries/tpch/tpch-queries/q02/base.sql,measured,1,8,1,2,1.374717,0.171840,1313.254,0.061463,0.031959,0.012499,9600,0,10.756835937500000000,9.101379394531250000,,,72.0,73.0,72.43,73.0,73.0,1096,0,0,0.000,0.0,0.0,7.825
2026-09-19T00:45:37Z,03A051F46675ECCE,18.4,queries/tpch/tpch-queries/q02/base.sql,measured,1,16,1,2,2.698447,0.168653,2602.919,0.095528,0.026655,0.021348,9472,0,21.290832519531250000,17.848937988281250000,,,73.0,73.0,72.64,73.0,73.0,1352,0,0,0.000,0.0,0.0,7.890
2026-09-19T00:45:42Z,E1F21A622238E087,18.4,queries/tpch/tpch-queries/q22/base.sql,warmup,1,1,1,2,0.379510,0.379510,290.298,0.089212,0.030573,0.011665,9600,0,2.844238281250000000,2.079833984375000000,,,58.0,58.0,58.00,58.0,57.0,2188,0,0,5.202,0.0,2.0,7.495
2026-09-19T00:45:43Z,E1F21A622238E087,18.4,queries/tpch/tpch-queries/q22/base.sql,warmup,2,1,1,2,0.118975,0.118975,71.611,0.047364,0.029129,0.012609,9472,0,1.592834472656250000,1.437255859375000000,,,58.0,58.0,58.00,58.0,57.0,2675,0,0,0.001,0.0,0.0,13.388
2026-09-19T00:45:43Z,E1F21A622238E087,18.4,queries/tpch/tpch-queries/q22/base.sql,measured,1,1,1,2,0.116903,0.116903,69.907,0.046996,0.030021,0.011344,9472,0,1.576354980468750000,1.397033691406250000,,,58.0,58.0,58.00,58.0,57.0,2350,0,0,0.000,0.0,0.0,13.484
2026-09-19T00:45:43Z,E1F21A622238E087,18.4,queries/tpch/tpch-queries/q22/base.sql,measured,1,2,1,2,0.179348,0.089674,131.183,0.048165,0.034074,0.007911,9600,0,2.694152832031250000,2.460998535156250000,,,58.0,65.0,58.00,58.0,57.0,2675,0,0,0.000,0.0,0.0,15.022
2026-09-19T00:45:43Z,E1F21A622238E087,18.4,queries/tpch/tpch-queries/q22/base.sql,measured,1,4,1,2,0.332119,0.083030,255.613,0.076506,0.032525,0.010151,9472,0,5.060424804687500000,4.597290039062500000,,,65.0,65.0,65.00,65.0,65.0,3000,0,0,0.000,0.0,0.0,15.237
2026-09-19T00:45:44Z,E1F21A622238E087,18.4,queries/tpch/tpch-queries/q22/base.sql,measured,1,8,1,2,0.546279,0.068285,493.055,0.053224,0.032937,0.010177,9472,0,9.452941894531250000,8.751647949218750000,,,65.0,64.0,65.00,65.0,65.0,2567,0,0,0.000,0.0,0.0,17.304
2026-09-19T00:45:45Z,E1F21A622238E087,18.4,queries/tpch/tpch-queries/q22/base.sql,measured,1,16,1,2,1.055257,0.065954,994.634,0.060623,0.026738,0.018539,9472,0,18.629943847656250000,17.304626464843750000,,,64.0,77.0,66.17,77.0,77.0,2946,0,0,0.000,0.0,0.0,17.654
2026-09-19T00:45:59Z,B6688F664B7E98C4,18.4,queries/tpch/tpch-queries/q09/base.sql,warmup,1,1,1,2,8.217050,8.217050,7942.807,0.274243,0.029005,0.012856,9600,0,68.967041015625000000,51.772094726562500000,,,57.0,68.0,61.78,68.0,68.0,1866,0,0,5.201,0.0,2.0,8.393
2026-09-19T00:46:00Z,B6688F664B7E98C4,18.4,queries/tpch/tpch-queries/q09/base.sql,warmup,2,1,1,2,1.191936,1.191936,1140.570,0.051366,0.031463,0.010445,9600,0,18.374877929687500000,16.839782714843750000,,,68.0,73.0,69.67,73.0,73.0,1971,0,0,0.005,0.0,0.0,15.416
2026-09-19T00:46:01Z,B6688F664B7E98C4,18.4,queries/tpch/tpch-queries/q09/base.sql,measured,1,1,1,2,1.220938,1.220938,1132.745,0.088193,0.031446,0.010126,9600,0,18.592224121093750000,16.922668457031250000,,,73.0,74.0,73.57,74.0,74.0,1979,0,0,0.000,0.0,0.0,15.228
2026-09-19T00:46:04Z,B6688F664B7E98C4,18.4,queries/tpch/tpch-queries/q09/base.sql,measured,1,2,1,2,2.303148,1.151574,2248.828,0.054320,0.026540,0.015130,9472,0,35.548278808593750000,32.467041015625000000,,,74.0,75.0,72.00,75.0,75.0,1844,0,0,0.000,0.0,0.0,15.435
2026-09-19T00:46:08Z,B6688F664B7E98C4,18.4,queries/tpch/tpch-queries/q09/base.sql,measured,1,4,1,2,4.524496,1.131124,4462.970,0.061526,0.029643,0.013410,9600,0,70.790649414062500000,64.778015136718750000,,,75.0,76.0,75.61,76.0,76.0,2039,0,0,0.000,0.0,0.0,15.646
2026-09-19T00:46:17Z,B6688F664B7E98C4,18.4,queries/tpch/tpch-queries/q09/base.sql,measured,1,8,1,2,8.976422,1.122053,8901.103,0.075319,0.034091,0.010817,9600,0,141.412658691406250000,129.413574218750000000,,,76.0,78.0,77.73,80.0,80.0,2141,0,0,0.000,0.0,0.0,15.754
2026-09-19T00:46:35Z,B6688F664B7E98C4,18.4,queries/tpch/tpch-queries/q09/base.sql,measured,1,16,1,2,17.895539,1.118471,17787.591,0.107948,0.028801,0.017533,9472,0,284.450012207031250000,260.370971679687500000,,,78.0,82.0,79.84,84.0,84.0,2068,0,0,0.000,0.0,0.0,15.895
2026-09-19T00:46:47Z,A038B7192B56E928,18.4,queries/tpch/tpch-queries/q02/v2_decorrelate.sql,warmup,1,1,1,2,2.276362,2.276362,2141.439,0.134923,0.031267,0.011212,9600,0,12.147583007812500000,7.436401367187500000,,,60.0,66.0,61.83,66.0,66.0,1267,0,0,9.658,0.0,6.0,5.336
2026-09-19T00:46:48Z,A038B7192B56E928,18.4,queries/tpch/tpch-queries/q02/v2_decorrelate.sql,warmup,2,1,1,2,0.244871,0.244871,190.646,0.054225,0.027919,0.013640,9472,0,1.879882812500000000,1.533874511718750000,,,66.0,66.0,66.00,66.0,66.0,1213,0,0,0.054,0.0,0.0,7.677
2026-09-19T00:46:48Z,A038B7192B56E928,18.4,queries/tpch/tpch-queries/q02/v2_decorrelate.sql,measured,1,1,1,2,0.242354,0.242354,192.658,0.049696,0.029705,0.012026,9472,0,1.929382324218750000,1.568847656250000000,,,66.0,69.0,67.50,69.0,69.0,1862,0,0,0.000,0.0,0.0,7.961
2026-09-19T00:46:49Z,A038B7192B56E928,18.4,queries/tpch/tpch-queries/q02/v2_decorrelate.sql,measured,1,2,1,2,0.423598,0.211799,370.263,0.053335,0.029847,0.012535,9600,0,3.176025390625000000,2.651000976562500000,,,69.0,69.0,69.00,69.0,69.0,1050,0,0,0.000,0.0,0.0,7.498
2026-09-19T00:46:50Z,A038B7192B56E928,18.4,queries/tpch/tpch-queries/q02/v2_decorrelate.sql,measured,1,4,1,2,0.786276,0.196569,726.739,0.059537,0.033561,0.009427,9472,0,5.936401367187500000,4.983764648437500000,,,69.0,70.0,69.75,70.0,70.0,969,0,0,0.000,0.0,0.0,7.550
2026-09-19T00:46:51Z,A038B7192B56E928,18.4,queries/tpch/tpch-queries/q02/v2_decorrelate.sql,measured,1,8,1,2,1.570712,0.196339,1447.286,0.123426,0.030146,0.015139,9600,0,11.631347656250000000,9.632751464843750000,,,70.0,70.0,70.00,70.0,70.0,1334,0,0,0.000,0.0,0.0,7.405
2026-09-19T00:46:54Z,A038B7192B56E928,18.4,queries/tpch/tpch-queries/q02/v2_decorrelate.sql,measured,1,16,1,2,3.007430,0.187964,2893.542,0.113888,0.035067,0.013632,9600,0,22.246215820312500000,18.603576660156250000,,,70.0,70.0,70.00,70.0,70.0,1158,0,0,0.000,0.0,0.0,7.397
2026-09-19T00:47:11Z,071114F5F00CF34F,18.4,queries/tpch/tpch-queries/q21/base.sql,warmup,1,1,1,2,11.216431,11.216431,11088.614,0.127817,0.029347,0.013046,9600,0,93.898254394531250000,70.213684082031250000,,,57.0,72.0,60.66,72.0,72.0,2379,0,0,5.270,0.0,2.0,8.371
2026-09-19T00:47:11Z,071114F5F00CF34F,18.4,queries/tpch/tpch-queries/q21/base.sql,warmup,2,1,1,2,0.523079,0.523079,472.829,0.050250,0.031202,0.010818,9472,0,10.506469726562500000,9.763000488281250000,,,72.0,72.0,72.00,72.0,72.0,2567,0,0,0.000,0.0,0.0,20.086
2026-09-19T00:47:12Z,071114F5F00CF34F,18.4,queries/tpch/tpch-queries/q21/base.sql,measured,1,1,1,2,0.531027,0.531027,481.416,0.049611,0.026753,0.014536,9472,0,10.647338867187500000,9.818481445312500000,,,72.0,73.0,72.67,73.0,73.0,2134,0,0,0.000,0.0,0.0,20.050
2026-09-19T00:47:13Z,071114F5F00CF34F,18.4,queries/tpch/tpch-queries/q21/base.sql,measured,1,2,1,2,0.964684,0.482342,911.596,0.053088,0.031953,0.010812,9600,0,19.724609375000000000,18.341247558593750000,,,73.0,75.0,73.80,75.0,75.0,2415,0,0,0.000,0.0,0.0,20.447
2026-09-19T00:47:15Z,071114F5F00CF34F,18.4,queries/tpch/tpch-queries/q21/base.sql,measured,1,4,1,2,1.893084,0.473271,1824.964,0.068120,0.026054,0.017029,9600,0,39.285400390625000000,36.566772460937500000,,,75.0,76.0,75.70,76.0,76.0,2416,0,0,0.000,0.0,0.0,20.752
2026-09-19T00:47:19Z,071114F5F00CF34F,18.4,queries/tpch/tpch-queries/q21/base.sql,measured,1,8,1,2,3.652276,0.456534,3584.219,0.068057,0.031110,0.013533,9600,0,76.715576171875000000,71.280639648437500000,,,76.0,80.0,77.79,80.0,80.0,2607,0,0,0.000,0.0,0.0,21.005
2026-09-19T00:47:26Z,071114F5F00CF34F,18.4,queries/tpch/tpch-queries/q21/base.sql,measured,1,16,1,2,7.272882,0.454555,7135.566,0.137316,0.032357,0.016010,9600,0,153.940673828125000000,142.983276367187500000,,,80.0,83.0,81.19,84.0,84.0,2447,0,0,0.000,0.0,0.0,21.166
2026-09-19T00:47:38Z,F3C84F218D2EE8F4,18.4,queries/tpch/tpch-queries/q04/base.sql,warmup,1,1,1,2,1.774915,1.774915,1687.097,0.087818,0.030178,0.011824,9600,0,16.866699218750000000,12.957641601562500000,,,59.0,67.0,62.56,67.0,67.0,2494,0,0,9.758,0.0,6.0,9.503
2026-09-19T00:47:38Z,F3C84F218D2EE8F4,18.4,queries/tpch/tpch-queries/q04/base.sql,warmup,2,1,1,2,0.155294,0.155294,108.336,0.046958,0.031517,0.009918,9472,0,2.572570800781250000,2.346191406250000000,,,67.0,65.0,67.00,67.0,67.0,2350,0,0,0.001,0.0,0.0,16.566
2026-09-19T00:47:38Z,F3C84F218D2EE8F4,18.4,queries/tpch/tpch-queries/q04/base.sql,measured,1,1,1,2,0.155275,0.155275,108.166,0.047109,0.028255,0.013297,9600,0,2.576904296875000000,2.360534667968750000,,,65.0,65.0,65.00,65.0,65.0,2350,0,0,0.000,0.0,0.0,16.596
2026-09-19T00:47:39Z,F3C84F218D2EE8F4,18.4,queries/tpch/tpch-queries/q04/base.sql,measured,1,2,1,2,0.257814,0.128907,208.354,0.049460,0.032934,0.009013,9600,0,4.514465332031250000,4.136108398437500000,,,65.0,65.0,65.00,65.0,65.0,2188,0,0,0.000,0.0,0.0,17.511
2026-09-19T00:47:39Z,F3C84F218D2EE8F4,18.4,queries/tpch/tpch-queries/q04/base.sql,measured,1,4,1,2,0.444694,0.111174,395.083,0.049611,0.027198,0.015122,9600,0,8.299133300781250000,7.685302734375000000,,,65.0,76.0,68.67,76.0,76.0,2133,0,0,0.000,0.0,0.0,18.663
2026-09-19T00:47:40Z,F3C84F218D2EE8F4,18.4,queries/tpch/tpch-queries/q04/base.sql,measured,1,8,1,2,0.827185,0.103398,773.726,0.053459,0.030971,0.012968,9600,0,16.015502929687500000,14.877929687500000000,,,76.0,76.0,76.00,76.0,76.0,2350,0,0,0.000,0.0,0.0,19.361
2026-09-19T00:47:42Z,F3C84F218D2EE8F4,18.4,queries/tpch/tpch-queries/q04/base.sql,measured,1,16,1,2,1.595096,0.099693,1532.679,0.062417,0.034909,0.012901,9600,0,31.523620605468750000,29.269836425781250000,,,76.0,78.0,77.00,78.0,78.0,2472,0,0,0.000,0.0,0.0,19.763
2026-09-19T00:47:49Z,939555A1AD2026FD,18.4,queries/tpch/tpch-queries/q11/base.sql,warmup,1,1,1,2,1.820000,1.820000,1740.328,0.079672,0.030108,0.011186,9600,0,9.099792480468750000,5.305603027343750000,,,59.0,59.0,59.50,60.0,60.0,1310,0,0,5.585,0.0,2.0,5.000
2026-09-19T00:47:50Z,939555A1AD2026FD,18.4,queries/tpch/tpch-queries/q11/base.sql,warmup,2,1,1,2,0.134114,0.134114,86.402,0.047712,0.031961,0.010026,9600,0,1.023925781250000000,0.845520019531250000,,,59.0,59.0,59.00,59.0,59.0,2350,0,0,0.054,0.0,0.0,7.635
2026-09-19T00:47:50Z,939555A1AD2026FD,18.4,queries/tpch/tpch-queries/q11/base.sql,measured,1,1,1,2,0.133212,0.133212,86.080,0.047132,0.024774,0.016516,9600,0,1.048339843750000000,0.859313964843750000,,,59.0,59.0,59.00,59.0,59.0,1700,0,0,0.000,0.0,0.0,7.870
2026-09-19T00:47:50Z,939555A1AD2026FD,18.4,queries/tpch/tpch-queries/q11/base.sql,measured,1,2,1,2,0.210488,0.105244,161.101,0.049387,0.027666,0.014394,9472,0,1.607299804687500000,1.329467773437500000,,,59.0,59.0,59.00,59.0,59.0,1537,0,0,0.000,0.0,0.0,7.636
2026-09-19T00:47:51Z,939555A1AD2026FD,18.4,queries/tpch/tpch-queries/q11/base.sql,measured,1,4,1,2,0.368964,0.092241,316.132,0.052832,0.030501,0.011966,9600,0,2.868164062500000000,2.356079101562500000,,,59.0,69.0,64.00,69.0,69.0,2512,0,0,0.000,0.0,0.0,7.774
2026-09-19T00:47:52Z,939555A1AD2026FD,18.4,queries/tpch/tpch-queries/q11/base.sql,measured,1,8,1,2,0.691107,0.086388,614.651,0.076456,0.032098,0.012368,9472,0,5.187805175781250000,4.319335937500000000,,,69.0,60.0,69.00,69.0,69.0,1944,0,0,0.000,0.0,0.0,7.507
2026-09-19T00:47:53Z,939555A1AD2026FD,18.4,queries/tpch/tpch-queries/q11/base.sql,measured,1,16,1,2,1.284140,0.080259,1209.822,0.074318,0.032986,0.012939,9600,0,9.656372070312500000,8.070434570312500000,,,60.0,67.0,62.00,67.0,67.0,1886,0,0,0.000,0.0,0.0,7.520
2026-09-19T00:47:57Z,BF6BD30439381A25,18.4,queries/tpch/tpch-queries/q19/v2_union_all.sql,warmup,1,1,1,2,1.047290,1.047290,890.806,0.156484,0.029256,0.012572,9600,0,7.401916503906250000,5.213745117187500000,,,60.0,63.0,60.50,63.0,63.0,2296,0,0,3.194,0.0,0.0,7.068
2026-09-19T00:47:58Z,BF6BD30439381A25,18.4,queries/tpch/tpch-queries/q19/v2_union_all.sql,warmup,2,1,1,2,0.093087,0.093087,44.724,0.048363,0.032560,0.009177,9600,0,1.117370605468750000,0.981140136718750000,,,63.0,63.0,63.00,63.0,63.0,1050,0,0,0.054,0.0,0.0,12.004
2026-09-19T00:47:58Z,BF6BD30439381A25,18.4,queries/tpch/tpch-queries/q19/v2_union_all.sql,measured,1,1,1,2,0.092901,0.092901,44.217,0.048684,0.029977,0.012013,9600,0,1.113952636718750000,0.977966308593750000,,,63.0,63.0,63.00,63.0,63.0,1700,0,0,0.000,0.0,0.0,11.991
2026-09-19T00:47:58Z,BF6BD30439381A25,18.4,queries/tpch/tpch-queries/q19/v2_union_all.sql,measured,1,2,1,2,0.133920,0.066960,84.220,0.049700,0.029615,0.012261,9472,0,1.786926269531250000,1.592956542968750000,,,63.0,63.0,63.00,63.0,63.0,1700,0,0,0.000,0.0,0.0,13.343
2026-09-19T00:47:58Z,BF6BD30439381A25,18.4,queries/tpch/tpch-queries/q19/v2_union_all.sql,measured,1,4,1,2,0.216723,0.054181,164.139,0.052584,0.027524,0.014919,9600,0,3.154235839843750000,2.835571289062500000,,,63.0,71.0,67.00,71.0,71.0,2025,0,0,0.000,0.0,0.0,14.554
2026-09-19T00:47:59Z,BF6BD30439381A25,18.4,queries/tpch/tpch-queries/q19/v2_union_all.sql,measured,1,8,1,2,0.424821,0.053103,317.961,0.106860,0.031536,0.012711,9472,0,6.004211425781250000,5.330749511718750000,,,71.0,71.0,71.00,71.0,71.0,2459,0,0,0.000,0.0,0.0,14.134
2026-09-19T00:48:00Z,BF6BD30439381A25,18.4,queries/tpch/tpch-queries/q19/v2_union_all.sql,measured,1,16,1,2,0.710781,0.044424,640.425,0.070356,0.030202,0.016462,9600,0,11.203125000000000000,10.229858398437500000,,,71.0,71.0,71.00,71.0,71.0,2107,0,0,0.000,0.0,0.0,15.762
2026-09-19T00:48:07Z,45F74527A8593FA7,18.4,queries/tpch/tpch-queries/q14/base.sql,warmup,1,1,1,2,1.477957,1.477957,1309.373,0.168584,0.029156,0.012833,9472,0,14.960815429687500000,11.740661621093750000,,,56.0,62.0,58.25,62.0,62.0,2391,0,0,5.261,0.0,2.0,10.123
2026-09-19T00:48:07Z,45F74527A8593FA7,18.4,queries/tpch/tpch-queries/q14/base.sql,warmup,2,1,1,2,0.203689,0.203689,156.314,0.047375,0.029814,0.011957,9600,0,3.168701171875000000,2.880798339843750000,,,62.0,58.0,62.00,62.0,62.0,2188,0,0,0.054,0.0,0.0,15.557
2026-09-19T00:48:08Z,45F74527A8593FA7,18.4,queries/tpch/tpch-queries/q14/base.sql,measured,1,1,1,2,0.203219,0.203219,155.977,0.047242,0.031805,0.009867,9600,0,3.217895507812500000,2.882568359375000000,,,58.0,58.0,58.00,58.0,58.0,2350,0,0,0.000,0.0,0.0,15.835
2026-09-19T00:48:08Z,45F74527A8593FA7,18.4,queries/tpch/tpch-queries/q14/base.sql,measured,1,2,1,2,0.332272,0.166136,282.880,0.049392,0.032534,0.010770,9600,0,5.684326171875000000,5.167053222656250000,,,58.0,58.0,58.00,58.0,58.0,1700,0,0,0.000,0.0,0.0,17.107
2026-09-19T00:48:09Z,45F74527A8593FA7,18.4,queries/tpch/tpch-queries/q14/base.sql,measured,1,4,1,2,0.595281,0.148820,545.403,0.049878,0.030739,0.011874,9600,0,10.668884277343750000,9.823852539062500000,,,58.0,71.0,66.67,71.0,71.0,2350,0,0,0.000,0.0,0.0,17.922
2026-09-19T00:48:10Z,45F74527A8593FA7,18.4,queries/tpch/tpch-queries/q14/base.sql,measured,1,8,1,2,1.151050,0.143881,1054.589,0.096461,0.034442,0.011406,9600,0,20.892517089843750000,19.216125488281250000,,,71.0,74.0,72.50,74.0,74.0,2675,0,0,0.000,0.0,0.0,18.151
2026-09-19T00:48:12Z,45F74527A8593FA7,18.4,queries/tpch/tpch-queries/q14/base.sql,measured,1,16,1,2,2.140353,0.133772,2077.962,0.062391,0.035461,0.013328,9600,0,40.926940917968750000,37.653991699218750000,,,74.0,75.0,73.91,75.0,75.0,2705,0,0,0.000,0.0,0.0,19.122
2026-09-19T00:48:16Z,DED446F91E3FCA63,18.4,queries/tpch/tpch-queries/q16/base.sql,warmup,1,1,1,2,0.593470,0.593470,387.498,0.205972,0.029424,0.011877,9472,0,6.439331054687500000,5.404235839843750000,,,60.0,60.0,60.00,60.0,60.0,2350,0,0,3.312,0.0,0.0,10.850
2026-09-19T00:48:16Z,DED446F91E3FCA63,18.4,queries/tpch/tpch-queries/q16/base.sql,warmup,2,1,1,2,0.313657,0.313657,266.632,0.047025,0.031428,0.009818,9472,0,5.057861328125000000,4.669128417968750000,,,60.0,60.0,60.00,60.0,60.0,2350,0,0,0.003,0.0,0.0,16.125
2026-09-19T00:48:17Z,DED446F91E3FCA63,18.4,queries/tpch/tpch-queries/q16/base.sql,measured,1,1,1,2,0.313382,0.313382,265.860,0.047522,0.028944,0.012695,9600,0,5.134887695312500000,4.668762207031250000,,,60.0,60.0,60.00,60.0,61.0,2350,0,0,0.000,0.0,0.0,16.385
2026-09-19T00:48:17Z,DED446F91E3FCA63,18.4,queries/tpch/tpch-queries/q16/base.sql,measured,1,2,1,2,0.570197,0.285098,521.619,0.048578,0.027953,0.013834,9600,0,9.652282714843750000,8.965270996093750000,,,60.0,64.0,60.00,60.0,61.0,2242,0,0,0.000,0.0,0.0,16.928
2026-09-19T00:48:18Z,DED446F91E3FCA63,18.4,queries/tpch/tpch-queries/q16/base.sql,measured,1,4,1,2,1.118169,0.279542,1051.471,0.066698,0.028744,0.013837,9600,0,19.127563476562500000,17.667541503906250000,,,64.0,76.0,66.00,76.0,76.0,2526,0,0,0.000,0.0,0.0,17.106
2026-09-19T00:48:21Z,DED446F91E3FCA63,18.4,queries/tpch/tpch-queries/q16/base.sql,measured,1,8,1,2,2.131147,0.266393,2077.356,0.053791,0.027864,0.015581,9600,0,37.556396484375000000,35.027221679687500000,,,76.0,79.0,77.91,79.0,79.0,2350,0,0,0.000,0.0,0.0,17.623
2026-09-19T00:48:25Z,DED446F91E3FCA63,18.4,queries/tpch/tpch-queries/q16/base.sql,measured,1,16,1,2,4.199833,0.262490,4138.328,0.061505,0.034725,0.011083,9472,0,75.180297851562500000,70.005004882812500000,,,79.0,82.0,78.95,82.0,82.0,2381,0,0,0.000,0.0,0.0,17.901
2026-09-19T00:48:43Z,3165563220C0A45B,18.4,queries/tpch/tpch-queries/q07/v1_materialized.sql,warmup,1,1,1,2,12.674292,12.674292,12412.454,0.261838,0.028540,0.013073,9728,0,93.649475097656250000,66.901245117187500000,,,59.0,64.0,62.67,68.0,68.0,1989,0,0,5.291,0.0,2.0,7.389
2026-09-19T00:48:44Z,3165563220C0A45B,18.4,queries/tpch/tpch-queries/q07/v1_materialized.sql,warmup,2,1,1,2,0.676785,0.676785,626.628,0.050157,0.030877,0.010943,9472,0,10.343994140625000000,9.346618652343750000,,,64.0,70.0,68.50,70.0,70.0,2106,0,0,0.054,0.0,0.0,15.284
2026-09-19T00:48:45Z,3165563220C0A45B,18.4,queries/tpch/tpch-queries/q07/v1_materialized.sql,measured,1,1,1,2,0.668288,0.668288,618.274,0.050014,0.030910,0.010643,9472,0,10.139221191406250000,9.215209960937500000,,,70.0,73.0,71.50,73.0,73.0,2025,0,0,0.000,0.0,0.0,15.172
2026-09-19T00:48:46Z,3165563220C0A45B,18.4,queries/tpch/tpch-queries/q07/v1_materialized.sql,measured,1,2,1,2,1.298547,0.649273,1197.597,0.100950,0.028548,0.013232,9600,0,19.886291503906250000,17.992065429687500000,,,73.0,74.0,73.57,74.0,74.0,1979,0,0,0.000,0.0,0.0,15.314
2026-09-19T00:48:49Z,3165563220C0A45B,18.4,queries/tpch/tpch-queries/q07/v1_materialized.sql,measured,1,4,1,2,2.441575,0.610394,2382.585,0.058990,0.028184,0.014181,9600,0,38.484375000000000000,35.041931152343750000,,,74.0,74.0,72.46,74.0,74.0,2000,0,0,0.000,0.0,0.0,15.762
2026-09-19T00:48:54Z,3165563220C0A45B,18.4,queries/tpch/tpch-queries/q07/v1_materialized.sql,measured,1,8,1,2,4.824791,0.603099,4752.912,0.071879,0.034534,0.010135,9600,0,76.700561523437500000,70.037109375000000000,,,74.0,75.0,75.08,77.0,77.0,1947,0,0,0.000,0.0,0.0,15.897
2026-09-19T00:49:03Z,3165563220C0A45B,18.4,queries/tpch/tpch-queries/q07/v1_materialized.sql,measured,1,16,1,2,9.504546,0.594034,9408.821,0.095725,0.034983,0.012791,9728,0,152.024780273437500000,138.463745117187500000,,,75.0,68.0,77.40,79.0,79.0,1991,0,0,0.000,0.0,0.0,15.995
2026-09-19T00:49:24Z,C3903E49B1C27966,18.4,queries/tpch/tpch-queries/q07/v1_materialized.sql,warmup,1,1,1,2,12.523831,12.523831,12418.623,0.105208,0.025980,0.015264,9600,0,94.027038574218750000,67.613342285156250000,,,60.0,62.0,62.87,70.0,70.0,2283,0,0,7.723,0.0,4.0,7.508
2026-09-19T00:49:24Z,C3903E49B1C27966,18.4,queries/tpch/tpch-queries/q07/v1_materialized.sql,warmup,2,1,1,2,0.670513,0.670513,620.352,0.050161,0.032057,0.009791,9600,0,10.175842285156250000,9.262268066406250000,,,62.0,73.0,67.50,73.0,73.0,2188,0,0,0.001,0.0,0.0,15.176
2026-09-19T00:49:25Z,C3903E49B1C27966,18.4,queries/tpch/tpch-queries/q07/v1_materialized.sql,measured,1,1,1,2,0.671854,0.671854,621.878,0.049976,0.030193,0.011344,9600,0,10.263305664062500000,9.319030761718750000,,,73.0,73.0,73.00,73.0,73.0,1944,0,0,0.000,0.0,0.0,15.276
2026-09-19T00:49:27Z,C3903E49B1C27966,18.4,queries/tpch/tpch-queries/q07/v1_materialized.sql,measured,1,2,1,2,1.271677,0.635839,1218.508,0.053169,0.031812,0.010412,9472,0,19.744750976562500000,17.995483398437500000,,,73.0,72.0,72.57,73.0,73.0,2350,0,0,0.000,0.0,0.0,15.527
2026-09-19T00:49:29Z,C3903E49B1C27966,18.4,queries/tpch/tpch-queries/q07/v1_materialized.sql,measured,1,4,1,2,2.443546,0.610887,2383.222,0.060324,0.028360,0.015180,9600,0,38.461791992187500000,35.044128417968750000,,,72.0,75.0,73.38,75.0,75.0,1950,0,0,0.000,0.0,0.0,15.740
2026-09-19T00:49:34Z,C3903E49B1C27966,18.4,queries/tpch/tpch-queries/q07/v1_materialized.sql,measured,1,8,1,2,4.798116,0.599764,4726.798,0.071318,0.033521,0.011208,9472,0,76.137207031250000000,69.469177246093750000,,,75.0,73.0,76.04,77.0,77.0,1849,0,0,0.000,0.0,0.0,15.868
2026-09-19T00:49:44Z,C3903E49B1C27966,18.4,queries/tpch/tpch-queries/q07/v1_materialized.sql,measured,1,16,1,2,9.553481,0.597093,9418.823,0.134658,0.037130,0.013535,9472,0,153.395874023437500000,139.611511230468750000,,,73.0,80.0,77.71,80.0,80.0,2005,0,0,0.000,0.0,0.0,16.057
2026-09-19T00:49:54Z,4F5A57F85C8DD961,18.4,queries/tpch/tpch-queries/q16/base.sql,warmup,1,1,1,2,0.530564,0.530564,393.810,0.136754,0.028501,0.013323,9600,0,6.211303710937500000,5.280761718750000000,,,59.0,59.0,59.00,59.0,59.0,2025,0,0,9.654,0.0,6.0,11.707
2026-09-19T00:49:54Z,4F5A57F85C8DD961,18.4,queries/tpch/tpch-queries/q16/base.sql,warmup,2,1,1,2,0.306168,0.306168,258.628,0.047540,0.025090,0.016742,9472,0,4.982727050781250000,4.617980957031250000,,,59.0,63.0,59.00,59.0,59.0,2188,0,0,0.003,0.0,0.0,16.274
2026-09-19T00:49:55Z,4F5A57F85C8DD961,18.4,queries/tpch/tpch-queries/q16/base.sql,measured,1,1,1,2,0.312398,0.312398,265.100,0.047298,0.031337,0.010128,9600,0,5.057617187500000000,4.672241210937500000,,,63.0,63.0,63.00,63.0,63.0,2675,0,0,0.000,0.0,0.0,16.190
2026-09-19T00:49:55Z,4F5A57F85C8DD961,18.4,queries/tpch/tpch-queries/q16/base.sql,measured,1,2,1,2,0.575491,0.287746,527.306,0.048185,0.026809,0.014990,9472,0,9.842529296875000000,9.059143066406250000,,,63.0,66.0,63.00,63.0,63.0,2242,0,0,0.000,0.0,0.0,17.103
2026-09-19T00:49:57Z,4F5A57F85C8DD961,18.4,queries/tpch/tpch-queries/q16/base.sql,measured,1,4,1,2,1.116139,0.279035,1043.701,0.072438,0.026826,0.016042,9600,0,19.183837890625000000,17.745544433593750000,,,66.0,75.0,67.50,75.0,75.0,2593,0,0,0.000,0.0,0.0,17.188
2026-09-19T00:49:59Z,4F5A57F85C8DD961,18.4,queries/tpch/tpch-queries/q16/base.sql,measured,1,8,1,2,2.185368,0.273171,2131.489,0.053879,0.025512,0.017846,9472,0,37.815124511718750000,35.207702636718750000,,,75.0,80.0,77.27,80.0,80.0,2586,0,0,0.000,0.0,0.0,17.304
2026-09-19T00:50:03Z,4F5A57F85C8DD961,18.4,queries/tpch/tpch-queries/q16/base.sql,measured,1,16,1,2,4.233668,0.264604,4170.030,0.063638,0.029816,0.016214,9600,0,75.242736816406250000,69.991333007812500000,,,80.0,81.0,80.18,81.0,81.0,2513,0,0,0.000,0.0,0.0,17.772
2026-09-19T00:50:10Z,F3C19EB42A180828,18.4,queries/tpch/tpch-queries/q19/v1_materialized.sql,warmup,1,1,1,2,1.559867,1.559867,1354.529,0.205338,0.027950,0.014139,9600,0,9.003906250000000000,5.716796875000000000,,,60.0,63.0,61.12,63.0,63.0,1619,0,0,5.239,0.0,2.0,5.772
2026-09-19T00:50:10Z,F3C19EB42A180828,18.4,queries/tpch/tpch-queries/q19/v1_materialized.sql,warmup,2,1,1,2,0.079314,0.079314,31.447,0.047867,0.028757,0.012853,9600,0,0.893310546875000000,0.786682128906250000,,,63.0,63.0,63.00,63.0,63.0,2350,0,0,0.001,0.0,0.0,11.263
2026-09-19T00:50:10Z,F3C19EB42A180828,18.4,queries/tpch/tpch-queries/q19/v1_materialized.sql,measured,1,1,1,2,0.078787,0.078787,31.159,0.047628,0.028017,0.013470,9472,0,0.905395507812500000,0.782043457031250000,,,63.0,60.0,63.00,63.0,63.0,1375,0,0,0.000,0.0,0.0,11.492
2026-09-19T00:50:11Z,F3C19EB42A180828,18.4,queries/tpch/tpch-queries/q19/v1_materialized.sql,measured,1,2,1,2,0.110030,0.055015,61.085,0.048945,0.030533,0.011422,9600,0,1.399658203125000000,1.238037109375000000,,,60.0,60.0,60.00,60.0,61.0,1375,0,0,0.000,0.0,0.0,12.721
2026-09-19T00:50:11Z,F3C19EB42A180828,18.4,queries/tpch/tpch-queries/q19/v1_materialized.sql,measured,1,4,1,2,0.165747,0.041437,115.026,0.050721,0.030086,0.012099,9600,0,2.283203125000000000,2.051025390625000000,,,60.0,60.0,60.00,60.0,61.0,1700,0,0,0.000,0.0,0.0,13.775
2026-09-19T00:50:11Z,F3C19EB42A180828,18.4,queries/tpch/tpch-queries/q19/v1_materialized.sql,measured,1,8,1,2,0.293302,0.036663,225.145,0.068157,0.026844,0.016985,9472,0,4.180053710937500000,3.755798339843750000,,,60.0,60.0,60.00,60.0,61.0,2188,0,0,0.000,0.0,0.0,14.252
2026-09-19T00:50:12Z,F3C19EB42A180828,18.4,queries/tpch/tpch-queries/q19/v1_materialized.sql,measured,1,16,1,2,0.512652,0.032041,447.514,0.065138,0.031973,0.014663,9472,0,7.845825195312500000,7.146362304687500000,,,60.0,73.0,68.67,73.0,73.0,1917,0,0,0.000,0.0,0.0,15.304
2026-09-19T00:50:19Z,B4090B4595B8E98F,18.4,queries/tpch/tpch-queries/q12/base.sql,warmup,1,1,1,2,1.709497,1.709497,1534.322,0.175175,0.027786,0.014535,9728,0,19.717590332031250000,15.796997070312500000,,,58.0,67.0,62.00,67.0,67.0,2386,0,0,5.269,0.0,2.0,11.534
2026-09-19T00:50:19Z,B4090B4595B8E98F,18.4,queries/tpch/tpch-queries/q12/base.sql,warmup,2,1,1,2,0.382218,0.382218,335.090,0.047128,0.027384,0.014216,9472,0,6.485412597656250000,5.962890625000000000,,,67.0,71.0,69.00,71.0,71.0,2187,0,0,0.001,0.0,0.0,16.968
2026-09-19T00:50:20Z,B4090B4595B8E98F,18.4,queries/tpch/tpch-queries/q12/base.sql,measured,1,1,1,2,0.408867,0.408867,333.036,0.075831,0.030061,0.011298,9600,0,6.611328125000000000,5.999633789062500000,,,71.0,71.0,71.00,71.0,71.0,2892,0,0,0.000,0.0,0.0,16.170
2026-09-19T00:50:21Z,B4090B4595B8E98F,18.4,queries/tpch/tpch-queries/q12/base.sql,measured,1,2,1,2,0.686339,0.343169,638.113,0.048226,0.029977,0.012024,9728,0,12.045410156250000000,11.046691894531250000,,,71.0,72.0,71.75,72.0,72.0,2269,0,0,0.000,0.0,0.0,17.550
2026-09-19T00:50:22Z,B4090B4595B8E98F,18.4,queries/tpch/tpch-queries/q12/base.sql,measured,1,4,1,2,1.272185,0.318046,1221.961,0.050224,0.034695,0.008005,9600,0,23.109375000000000000,21.357421875000000000,,,72.0,64.0,73.43,74.0,74.0,2629,0,0,0.000,0.0,0.0,18.165
2026-09-19T00:50:25Z,B4090B4595B8E98F,18.4,queries/tpch/tpch-queries/q12/base.sql,measured,1,8,1,2,2.471991,0.308999,2412.977,0.059014,0.031308,0.015668,9600,0,45.754394531250000000,42.098693847656250000,,,64.0,77.0,72.38,78.0,78.0,2675,0,0,0.000,0.0,0.0,18.509
2026-09-19T00:50:30Z,B4090B4595B8E98F,18.4,queries/tpch/tpch-queries/q12/base.sql,measured,1,16,1,2,4.893087,0.305818,4781.006,0.112081,0.040415,0.008906,9472,0,90.367187500000000000,83.418701171875000000,,,77.0,79.0,78.44,80.0,80.0,2701,0,0,0.000,0.0,0.0,18.468
2026-09-19T00:50:37Z,F0F20949F12E40C4,18.4,queries/tpch/tpch-queries/q13/base.sql,warmup,1,1,1,2,1.586042,1.586042,1446.120,0.139922,0.031404,0.010673,9600,0,13.646362304687500000,10.397766113281250000,,,60.0,71.0,64.12,71.0,71.0,1375,0,0,5.686,0.0,2.0,8.604
2026-09-19T00:50:39Z,F0F20949F12E40C4,18.4,queries/tpch/tpch-queries/q13/base.sql,warmup,2,1,1,2,1.427080,1.427080,1380.330,0.046750,0.027442,0.013789,9600,0,10.382751464843750000,8.682800292968750000,,,71.0,72.0,70.50,72.0,72.0,1659,0,0,0.003,0.0,0.0,7.276
2026-09-19T00:50:40Z,F0F20949F12E40C4,18.4,queries/tpch/tpch-queries/q13/base.sql,measured,1,1,1,2,1.413698,1.413698,1366.342,0.047356,0.030536,0.011303,9600,0,10.283325195312500000,8.599914550781250000,,,72.0,71.0,71.50,72.0,72.0,1172,0,0,0.000,0.0,0.0,7.274
2026-09-19T00:50:43Z,F0F20949F12E40C4,18.4,queries/tpch/tpch-queries/q13/base.sql,measured,1,2,1,2,2.762063,1.381031,2713.206,0.048857,0.028811,0.013271,9600,0,20.531799316406250000,16.906005859375000000,,,71.0,70.0,70.07,71.0,71.0,1189,0,0,0.000,0.0,0.0,7.434
2026-09-19T00:50:49Z,F0F20949F12E40C4,18.4,queries/tpch/tpch-queries/q13/base.sql,measured,1,4,1,2,5.448994,1.362249,5395.830,0.053164,0.027581,0.014899,9600,0,39.496582031250000000,32.781494140625000000,,,70.0,67.0,67.57,70.0,70.0,1073,0,0,0.000,0.0,0.0,7.248
2026-09-19T00:51:00Z,F0F20949F12E40C4,18.4,queries/tpch/tpch-queries/q13/base.sql,measured,1,8,1,2,10.838043,1.354755,10731.865,0.106178,0.032275,0.010968,9600,0,77.934631347656250000,64.635864257812500000,,,67.0,60.0,66.51,68.0,68.0,961,0,0,0.000,0.0,0.0,7.191
2026-09-19T00:51:21Z,F0F20949F12E40C4,18.4,queries/tpch/tpch-queries/q13/base.sql,measured,1,16,1,2,21.433207,1.339575,21362.673,0.070534,0.029120,0.014911,9600,0,153.281677246093750000,127.337829589843750000,,,60.0,65.0,65.56,67.0,67.0,1077,0,0,0.000,0.0,0.0,7.152
2026-09-19T00:51:35Z,17D3D4EA05DC7437,18.4,queries/tpch/tpch-queries/q09/v1_materialized.sql,warmup,1,1,1,2,8.337685,8.337685,8171.785,0.165900,0.028877,0.012942,9600,0,69.718566894531250000,52.203918457031250000,,,56.0,68.0,61.21,71.0,71.0,1785,0,0,5.341,0.0,2.0,8.362
2026-09-19T00:51:36Z,17D3D4EA05DC7437,18.4,queries/tpch/tpch-queries/q09/v1_materialized.sql,warmup,2,1,1,2,1.191737,1.191737,1140.506,0.051231,0.033068,0.008740,9600,0,18.153686523437500000,16.621154785156250000,,,68.0,71.0,69.50,71.0,71.0,1971,0,0,0.003,0.0,0.0,15.233
2026-09-19T00:51:38Z,17D3D4EA05DC7437,18.4,queries/tpch/tpch-queries/q09/v1_materialized.sql,measured,1,1,1,2,1.233900,1.233900,1145.977,0.087923,0.028443,0.013180,9600,0,18.680297851562500000,16.953735351562500000,,,71.0,60.0,71.00,71.0,71.0,2025,0,0,0.000,0.0,0.0,15.139
2026-09-19T00:51:40Z,17D3D4EA05DC7437,18.4,queries/tpch/tpch-queries/q09/v1_materialized.sql,measured,1,2,1,2,2.364024,1.182012,2261.223,0.102801,0.032337,0.010115,9600,0,36.048339843750000000,32.867126464843750000,,,60.0,77.0,68.25,77.0,77.0,2052,0,0,0.000,0.0,0.0,15.249
2026-09-19T00:51:45Z,17D3D4EA05DC7437,18.4,queries/tpch/tpch-queries/q09/v1_materialized.sql,measured,1,4,1,2,4.561199,1.140300,4499.680,0.061519,0.030939,0.011823,9600,0,70.990478515625000000,64.714843750000000000,,,77.0,66.0,74.83,77.0,77.0,2265,0,0,0.000,0.0,0.0,15.564
2026-09-19T00:51:54Z,17D3D4EA05DC7437,18.4,queries/tpch/tpch-queries/q09/v1_materialized.sql,measured,1,8,1,2,9.098163,1.137270,8966.633,0.131530,0.029365,0.014839,9600,0,141.823242187500000000,129.769409179687500000,,,66.0,70.0,75.43,79.0,79.0,2244,0,0,0.000,0.0,0.0,15.588
2026-09-19T00:52:12Z,17D3D4EA05DC7437,18.4,queries/tpch/tpch-queries/q09/v1_materialized.sql,measured,1,16,1,2,17.964117,1.122757,17861.049,0.103068,0.038017,0.009784,9472,0,283.858215332031250000,259.456848144531250000,,,70.0,79.0,78.88,83.0,83.0,1942,0,0,0.000,0.0,0.0,15.801
2026-09-19T00:52:24Z,060656D290254C08,18.4,queries/tpch/tpch-queries/q10/base.sql,warmup,1,1,1,2,2.431291,2.431291,2326.618,0.104673,0.027284,0.014870,9600,0,21.284240722656250000,16.028198242187500000,,,59.0,64.0,62.46,65.0,65.0,2525,0,0,9.651,0.0,6.0,8.754
2026-09-19T00:52:24Z,060656D290254C08,18.4,queries/tpch/tpch-queries/q10/base.sql,warmup,2,1,1,2,0.389735,0.389735,340.447,0.049288,0.033181,0.009072,9600,0,5.374084472656250000,4.857543945312500000,,,64.0,73.0,64.00,64.0,64.0,1538,0,0,0.053,0.0,0.0,13.789
2026-09-19T00:52:25Z,060656D290254C08,18.4,queries/tpch/tpch-queries/q10/base.sql,measured,1,1,1,2,0.430685,0.430685,345.290,0.085395,0.032101,0.009984,9600,0,5.536987304687500000,4.924133300781250000,,,73.0,73.0,73.00,73.0,73.0,2350,0,0,0.000,0.0,0.0,12.856
2026-09-19T00:52:26Z,060656D290254C08,18.4,queries/tpch/tpch-queries/q10/base.sql,measured,1,2,1,2,0.700483,0.350241,648.264,0.052219,0.029902,0.014124,9600,0,9.861694335937500000,8.959045410156250000,,,73.0,70.0,71.50,73.0,73.0,1619,0,0,0.000,0.0,0.0,14.078
2026-09-19T00:52:27Z,060656D290254C08,18.4,queries/tpch/tpch-queries/q10/base.sql,measured,1,4,1,2,1.363045,0.340761,1257.623,0.105422,0.031198,0.011657,9472,0,19.380859375000000000,17.503356933593750000,,,70.0,76.0,73.43,76.0,76.0,1886,0,0,0.000,0.0,0.0,14.219
2026-09-19T00:52:30Z,060656D290254C08,18.4,queries/tpch/tpch-queries/q10/base.sql,measured,1,8,1,2,2.541101,0.317638,2481.141,0.059960,0.035688,0.008686,9472,0,37.465393066406250000,34.069396972656250000,,,76.0,76.0,74.85,77.0,77.0,1925,0,0,0.000,0.0,0.0,14.744
2026-09-19T00:52:35Z,060656D290254C08,18.4,queries/tpch/tpch-queries/q10/base.sql,measured,1,16,1,2,4.996777,0.312299,4924.332,0.072445,0.033321,0.013839,9600,0,74.388305664062500000,67.724853515625000000,,,76.0,80.0,77.52,80.0,80.0,2012,0,0,0.000,0.0,0.0,14.887
2026-09-19T00:52:42Z,CF1467F0F0B31017,18.4,queries/tpch/tpch-queries/q14/v2_filter.sql,warmup,1,1,1,2,1.514926,1.514926,1305.068,0.209858,0.029510,0.012391,9600,0,15.151428222656250000,11.862487792968750000,,,59.0,66.0,61.62,66.0,66.0,2264,0,0,5.597,0.0,2.0,10.001
2026-09-19T00:52:43Z,CF1467F0F0B31017,18.4,queries/tpch/tpch-queries/q14/v2_filter.sql,warmup,2,1,1,2,0.203847,0.203847,155.736,0.048111,0.035751,0.006764,9472,0,3.227722167968750000,2.939575195312500000,,,66.0,61.0,66.00,66.0,66.0,2350,0,0,0.000,0.0,0.0,15.834
2026-09-19T00:52:43Z,CF1467F0F0B31017,18.4,queries/tpch/tpch-queries/q14/v2_filter.sql,measured,1,1,1,2,0.201461,0.201461,154.394,0.047067,0.030419,0.010923,9472,0,3.198486328125000000,2.869506835937500000,,,61.0,61.0,61.00,61.0,61.0,2025,0,0,0.000,0.0,0.0,15.876
2026-09-19T00:52:43Z,CF1467F0F0B31017,18.4,queries/tpch/tpch-queries/q14/v2_filter.sql,measured,1,2,1,2,0.336150,0.168075,287.976,0.048174,0.025851,0.016221,9600,0,5.773803710937500000,5.240234375000000000,,,61.0,61.0,61.00,61.0,61.0,1862,0,0,0.000,0.0,0.0,17.176
2026-09-19T00:52:44Z,CF1467F0F0B31017,18.4,queries/tpch/tpch-queries/q14/v2_filter.sql,measured,1,4,1,2,0.591003,0.147751,540.850,0.050153,0.033394,0.009657,9600,0,10.743164062500000000,9.828002929687500000,,,61.0,75.0,70.33,75.0,75.0,2350,0,0,0.000,0.0,0.0,18.178
2026-09-19T00:52:45Z,CF1467F0F0B31017,18.4,queries/tpch/tpch-queries/q14/v2_filter.sql,measured,1,8,1,2,1.131768,0.141471,1077.474,0.054294,0.030658,0.013894,9472,0,20.735229492187500000,19.135925292968750000,,,75.0,75.0,75.00,75.0,75.0,2837,0,0,0.000,0.0,0.0,18.321
2026-09-19T00:52:47Z,CF1467F0F0B31017,18.4,queries/tpch/tpch-queries/q14/v2_filter.sql,measured,1,16,1,2,2.163307,0.135207,2102.700,0.060607,0.038029,0.008685,9728,0,41.143737792968750000,37.821228027343750000,,,75.0,77.0,74.82,77.0,77.0,2852,0,0,0.000,0.0,0.0,19.019
2026-09-19T00:52:53Z,74978B5A386A07FC,18.4,queries/tpch/tpch-queries/q22/v1_materialized.sql,warmup,1,1,1,2,0.322249,0.322249,118.618,0.203631,0.028203,0.013202,9472,0,2.698547363281250000,2.024108886718750000,,,59.0,59.0,59.00,59.0,59.0,1213,0,0,5.421,0.0,2.0,8.374
2026-09-19T00:52:53Z,74978B5A386A07FC,18.4,queries/tpch/tpch-queries/q22/v1_materialized.sql,warmup,2,1,1,2,0.117031,0.117031,69.818,0.047213,0.025288,0.016265,9472,0,1.542785644531250000,1.395568847656250000,,,59.0,59.0,59.00,59.0,59.0,1375,0,0,0.001,0.0,0.0,13.183
2026-09-19T00:52:54Z,74978B5A386A07FC,18.4,queries/tpch/tpch-queries/q22/v1_materialized.sql,measured,1,1,1,2,0.117687,0.117687,70.257,0.047430,0.028750,0.013057,9600,0,1.544006347656250000,1.396972656250000000,,,59.0,59.0,59.00,59.0,59.0,1050,0,0,0.001,0.0,0.0,13.120
2026-09-19T00:52:54Z,74978B5A386A07FC,18.4,queries/tpch/tpch-queries/q22/v1_materialized.sql,measured,1,2,1,2,0.178349,0.089174,130.429,0.047920,0.027323,0.014182,9600,0,2.661376953125000000,2.425903320312500000,,,59.0,65.0,59.00,59.0,59.0,1375,0,0,0.000,0.0,0.0,14.922
2026-09-19T00:52:54Z,74978B5A386A07FC,18.4,queries/tpch/tpch-queries/q22/v1_materialized.sql,measured,1,4,1,2,0.330074,0.082518,255.263,0.074811,0.030442,0.011781,9472,0,5.022766113281250000,4.558532714843750000,,,65.0,65.0,65.00,65.0,65.0,2513,0,0,0.000,0.0,0.0,15.217
2026-09-19T00:52:55Z,74978B5A386A07FC,18.4,queries/tpch/tpch-queries/q22/v1_materialized.sql,measured,1,8,1,2,0.564977,0.070622,511.185,0.053792,0.036041,0.007360,9472,0,9.472412109375000000,8.743225097656250000,,,65.0,66.0,65.00,65.0,65.0,2350,0,0,0.000,0.0,0.0,16.766
2026-09-19T00:52:56Z,74978B5A386A07FC,18.4,queries/tpch/tpch-queries/q22/v1_materialized.sql,measured,1,16,1,2,1.053436,0.065840,979.891,0.073545,0.028178,0.017635,9600,0,18.474853515625000000,17.121337890625000000,,,66.0,78.0,68.00,78.0,78.0,2677,0,0,0.000,0.0,0.0,17.538
2026-09-19T00:53:03Z,2F515E369F990457,18.4,queries/tpch/tpch-queries/q11/v2_cte_threshold.sql,warmup,1,1,1,2,1.820053,1.820053,1738.928,0.081125,0.028034,0.014070,9728,0,9.085876464843750000,5.298645019531250000,,,58.0,58.0,58.50,59.0,59.0,1310,0,0,5.244,0.0,2.0,4.992
2026-09-19T00:53:03Z,2F515E369F990457,18.4,queries/tpch/tpch-queries/q11/v2_cte_threshold.sql,warmup,2,1,1,2,0.135477,0.135477,87.784,0.047693,0.028789,0.013082,9728,0,1.066650390625000000,0.888061523437500000,,,58.0,58.0,58.00,58.0,58.0,1375,0,0,0.052,0.0,0.0,7.873
2026-09-19T00:53:04Z,2F515E369F990457,18.4,queries/tpch/tpch-queries/q11/v2_cte_threshold.sql,measured,1,1,1,2,0.135185,0.135185,87.593,0.047592,0.029193,0.012598,9472,0,1.066223144531250000,0.874755859375000000,,,58.0,58.0,58.00,58.0,58.0,1700,0,0,0.000,0.0,0.0,7.887
2026-09-19T00:53:04Z,2F515E369F990457,18.4,queries/tpch/tpch-queries/q11/v2_cte_threshold.sql,measured,1,2,1,2,0.210790,0.105395,161.594,0.049196,0.030756,0.011106,9600,0,1.623291015625000000,1.337341308593750000,,,58.0,58.0,58.00,58.0,58.0,1375,0,0,0.000,0.0,0.0,7.701
2026-09-19T00:53:04Z,2F515E369F990457,18.4,queries/tpch/tpch-queries/q11/v2_cte_threshold.sql,measured,1,4,1,2,0.370685,0.092671,317.592,0.053093,0.026958,0.015879,9600,0,2.841796875000000000,2.340820312500000000,,,58.0,68.0,63.00,68.0,68.0,1213,0,0,0.000,0.0,0.0,7.666
2026-09-19T00:53:05Z,2F515E369F990457,18.4,queries/tpch/tpch-queries/q11/v2_cte_threshold.sql,measured,1,8,1,2,0.687777,0.085972,610.222,0.077555,0.029231,0.014438,9600,0,5.109619140625000000,4.232971191406250000,,,68.0,58.0,68.00,68.0,68.0,1782,0,0,0.000,0.0,0.0,7.429
2026-09-19T00:53:07Z,2F515E369F990457,18.4,queries/tpch/tpch-queries/q11/v2_cte_threshold.sql,measured,1,16,1,2,1.300983,0.081311,1225.472,0.075511,0.032579,0.013495,9472,0,9.783325195312500000,8.215759277343750000,,,58.0,69.0,61.14,69.0,69.0,1282,0,0,0.000,0.0,0.0,7.520
2026-09-19T00:53:11Z,8951136A3E77B985,18.4,queries/tpch/tpch-queries/q22/v2_anti_join.sql,warmup,1,1,1,2,0.478740,0.478740,281.356,0.197384,0.029925,0.011629,9472,0,5.637023925781250000,4.609924316406250000,,,60.0,60.0,60.00,60.0,60.0,2566,0,0,3.210,0.0,0.0,11.775
2026-09-19T00:53:11Z,8951136A3E77B985,18.4,queries/tpch/tpch-queries/q22/v2_anti_join.sql,warmup,2,1,1,2,0.170400,0.170400,123.137,0.047263,0.027098,0.014517,9600,0,2.841125488281250000,2.597106933593750000,,,60.0,60.0,60.00,60.0,60.0,1050,0,0,0.051,0.0,0.0,16.673
2026-09-19T00:53:11Z,8951136A3E77B985,18.4,queries/tpch/tpch-queries/q22/v2_anti_join.sql,measured,1,1,1,2,0.190226,0.190226,125.572,0.064654,0.027641,0.014221,9600,0,2.897766113281250000,2.608459472656250000,,,60.0,65.0,60.00,60.0,60.0,3001,0,0,0.000,0.0,0.0,15.233
2026-09-19T00:53:11Z,8951136A3E77B985,18.4,queries/tpch/tpch-queries/q22/v2_anti_join.sql,measured,1,2,1,2,0.337186,0.168593,250.943,0.086243,0.031467,0.011354,9600,0,5.393920898437500000,4.889770507812500000,,,65.0,65.0,65.00,65.0,66.0,2676,0,0,0.000,0.0,0.0,15.997
2026-09-19T00:53:12Z,8951136A3E77B985,18.4,queries/tpch/tpch-queries/q22/v2_anti_join.sql,measured,1,4,1,2,0.502318,0.125579,451.654,0.050664,0.030447,0.012806,9600,0,9.991699218750000000,9.287658691406250000,,,65.0,62.0,65.00,65.0,66.0,2361,0,0,0.000,0.0,0.0,19.891
2026-09-19T00:53:13Z,8951136A3E77B985,18.4,queries/tpch/tpch-queries/q22/v2_anti_join.sql,measured,1,8,1,2,0.951615,0.118952,898.554,0.053061,0.028412,0.014427,9600,0,19.690063476562500000,18.250732421875000000,,,62.0,65.0,62.00,62.0,62.0,2284,0,0,0.000,0.0,0.0,20.691
2026-09-19T00:53:15Z,8951136A3E77B985,18.4,queries/tpch/tpch-queries/q22/v2_anti_join.sql,measured,1,16,1,2,1.818144,0.113634,1755.872,0.062272,0.032980,0.013954,9472,0,38.588073730468750000,36.126647949218750000,,,65.0,63.0,71.00,77.0,77.0,2480,0,0,0.000,0.0,0.0,21.224
2026-09-19T00:53:22Z,BB6F8A797B753DFE,18.4,queries/tpch/tpch-queries/q12/base.sql,warmup,1,1,1,2,1.703599,1.703599,1538.925,0.164674,0.026757,0.014992,9600,0,19.615722656250000000,15.668640136718750000,,,57.0,66.0,61.00,66.0,66.0,2422,0,0,5.434,0.0,2.0,11.514
2026-09-19T00:53:23Z,BB6F8A797B753DFE,18.4,queries/tpch/tpch-queries/q12/base.sql,warmup,2,1,1,2,0.383772,0.383772,336.479,0.047293,0.029480,0.012400,9472,0,6.393920898437500000,5.864746093750000000,,,66.0,71.0,68.50,71.0,71.0,2164,0,0,0.001,0.0,0.0,16.661
2026-09-19T00:53:23Z,BB6F8A797B753DFE,18.4,queries/tpch/tpch-queries/q12/base.sql,measured,1,1,1,2,0.409591,0.409591,332.119,0.077472,0.027958,0.013648,9600,0,6.567626953125000000,5.953918457031250000,,,71.0,71.0,71.00,71.0,71.0,2675,0,0,0.000,0.0,0.0,16.035
2026-09-19T00:53:24Z,BB6F8A797B753DFE,18.4,queries/tpch/tpch-queries/q12/base.sql,measured,1,2,1,2,0.685417,0.342708,637.080,0.048337,0.033924,0.008126,9600,0,12.010498046875000000,11.008239746093750000,,,71.0,70.0,70.25,71.0,71.0,2350,0,0,0.000,0.0,0.0,17.523
2026-09-19T00:53:25Z,BB6F8A797B753DFE,18.4,queries/tpch/tpch-queries/q12/base.sql,measured,1,4,1,2,1.269317,0.317329,1218.681,0.050636,0.025025,0.018207,9600,0,22.959899902343750000,21.197204589843750000,,,70.0,64.0,74.29,76.0,76.0,2536,0,0,0.000,0.0,0.0,18.088
2026-09-19T00:53:28Z,BB6F8A797B753DFE,18.4,queries/tpch/tpch-queries/q12/base.sql,measured,1,8,1,2,2.454166,0.306771,2399.838,0.054328,0.033467,0.010835,9600,0,45.439208984375000000,41.783325195312500000,,,64.0,77.0,72.00,77.0,77.0,2600,0,0,0.000,0.0,0.0,18.515
2026-09-19T00:53:33Z,BB6F8A797B753DFE,18.4,queries/tpch/tpch-queries/q12/base.sql,measured,1,16,1,2,4.862351,0.303897,4799.106,0.063245,0.035443,0.013035,9600,0,90.274719238281250000,83.260681152343750000,,,77.0,79.0,77.84,81.0,81.0,2727,0,0,0.000,0.0,0.0,18.566
2026-09-19T00:53:40Z,5BED1F3E2C35AF15,18.4,queries/tpch/tpch-queries/q14/v1_materialized.sql,warmup,1,1,1,2,1.501646,1.501646,1409.079,0.092567,0.028082,0.013548,9600,0,15.180480957031250000,11.918701171875000000,,,60.0,67.0,62.62,67.0,67.0,2553,0,0,5.583,0.0,2.0,10.109
2026-09-19T00:53:41Z,5BED1F3E2C35AF15,18.4,queries/tpch/tpch-queries/q14/v1_materialized.sql,warmup,2,1,1,2,0.204407,0.204407,157.241,0.047166,0.028406,0.013150,9472,0,3.206848144531250000,2.921447753906250000,,,67.0,62.0,67.00,67.0,67.0,2188,0,0,0.001,0.0,0.0,15.689
2026-09-19T00:53:41Z,5BED1F3E2C35AF15,18.4,queries/tpch/tpch-queries/q14/v1_materialized.sql,measured,1,1,1,2,0.202794,0.202794,155.665,0.047129,0.027302,0.014183,9600,0,3.229614257812500000,2.893981933593750000,,,62.0,62.0,62.00,62.0,62.0,2180,0,0,0.000,0.0,0.0,15.926
2026-09-19T00:53:41Z,5BED1F3E2C35AF15,18.4,queries/tpch/tpch-queries/q14/v1_materialized.sql,measured,1,2,1,2,0.334595,0.167298,286.194,0.048401,0.033041,0.009333,9600,0,5.790893554687500000,5.262512207031250000,,,62.0,62.0,62.00,62.0,62.0,2350,0,0,0.000,0.0,0.0,17.307
2026-09-19T00:53:42Z,5BED1F3E2C35AF15,18.4,queries/tpch/tpch-queries/q14/v1_materialized.sql,measured,1,4,1,2,0.590158,0.147540,540.389,0.049769,0.023881,0.018573,9600,0,10.734069824218750000,9.879089355468750000,,,62.0,73.0,69.33,73.0,73.0,2459,0,0,0.000,0.0,0.0,18.188
2026-09-19T00:53:43Z,5BED1F3E2C35AF15,18.4,queries/tpch/tpch-queries/q14/v1_materialized.sql,measured,1,8,1,2,1.156775,0.144597,1065.585,0.091190,0.032885,0.011993,9600,0,21.113159179687500000,19.413696289062500000,,,73.0,76.0,74.50,76.0,76.0,2837,0,0,0.000,0.0,0.0,18.252
2026-09-19T00:53:45Z,5BED1F3E2C35AF15,18.4,queries/tpch/tpch-queries/q14/v1_materialized.sql,measured,1,16,1,2,2.160895,0.135056,2093.840,0.067055,0.035050,0.014195,9472,0,41.388977050781250000,38.113403320312500000,,,76.0,77.0,75.91,77.0,77.0,2645,0,0,0.000,0.0,0.0,19.154
2026-09-19T00:53:56Z,2830EF0E76BEFD90,18.4,queries/tpch/tpch-queries/q08/v1_materialized.sql,warmup,1,1,1,2,5.036708,5.036708,4771.002,0.265706,0.031258,0.010387,9600,0,32.368041992187500000,21.720947265625000000,,,59.0,59.0,61.69,64.0,64.0,1575,0,0,5.347,0.0,2.0,6.426
2026-09-19T00:53:56Z,2830EF0E76BEFD90,18.4,queries/tpch/tpch-queries/q08/v1_materialized.sql,warmup,2,1,1,2,0.181488,0.181488,131.352,0.050136,0.028863,0.012399,9472,0,2.505737304687500000,2.246398925781250000,,,59.0,59.0,59.00,59.0,59.0,1375,0,0,0.052,0.0,0.0,13.807
2026-09-19T00:53:57Z,2830EF0E76BEFD90,18.4,queries/tpch/tpch-queries/q08/v1_materialized.sql,measured,1,1,1,2,0.180288,0.180288,129.069,0.051219,0.026464,0.014996,9600,0,2.643371582031250000,2.326904296875000000,,,59.0,59.0,59.00,59.0,59.0,2025,0,0,0.037,0.0,0.0,14.662
2026-09-19T00:53:57Z,2830EF0E76BEFD90,18.4,queries/tpch/tpch-queries/q08/v1_materialized.sql,measured,1,2,1,2,0.347694,0.173847,245.034,0.102660,0.028515,0.013074,9472,0,4.496948242187500000,3.964599609375000000,,,59.0,63.0,59.00,59.0,59.0,2513,0,0,0.000,0.0,0.0,12.934
2026-09-19T00:53:58Z,2830EF0E76BEFD90,18.4,queries/tpch/tpch-queries/q08/v1_materialized.sql,measured,1,4,1,2,0.533759,0.133440,475.145,0.058614,0.027271,0.015232,9600,0,8.118835449218750000,7.356994628906250000,,,63.0,63.0,63.00,63.0,63.0,2242,0,0,0.000,0.0,0.0,15.211
2026-09-19T00:53:59Z,2830EF0E76BEFD90,18.4,queries/tpch/tpch-queries/q08/v1_materialized.sql,measured,1,8,1,2,1.007103,0.125888,937.500,0.069603,0.027434,0.016842,9472,0,15.592773437500000000,14.178466796875000000,,,63.0,73.0,69.67,73.0,73.0,2133,0,0,0.000,0.0,0.0,15.483
2026-09-19T00:54:01Z,2830EF0E76BEFD90,18.4,queries/tpch/tpch-queries/q08/v1_materialized.sql,measured,1,16,1,2,1.953634,0.122102,1861.901,0.091733,0.033014,0.014853,9600,0,30.714416503906250000,27.947998046875000000,,,73.0,74.0,72.40,74.0,74.0,1863,0,0,0.000,0.0,0.0,15.722
2026-09-19T00:54:10Z,D15D3A1CFDCD2B06,18.4,queries/tpch/tpch-queries/q17/v2_decorrelate.sql,warmup,1,1,1,2,3.957177,3.957177,3793.242,0.163935,0.026132,0.015936,9600,0,35.534423828125000000,26.594299316406250000,,,58.0,60.0,63.75,66.0,66.0,1538,0,0,5.426,0.0,2.0,8.980
2026-09-19T00:54:14Z,D15D3A1CFDCD2B06,18.4,queries/tpch/tpch-queries/q17/v2_decorrelate.sql,warmup,2,1,1,2,3.381096,3.381096,3333.497,0.047599,0.026186,0.015616,9600,0,24.239074707031250000,19.703552246093750000,,,60.0,67.0,64.94,67.0,68.0,1643,0,0,0.001,0.0,0.0,7.169
2026-09-19T00:54:17Z,D15D3A1CFDCD2B06,18.4,queries/tpch/tpch-queries/q17/v2_decorrelate.sql,measured,1,1,1,2,3.378230,3.378230,3308.383,0.069847,0.027847,0.014131,9472,0,24.146301269531250000,19.608459472656250000,,,67.0,68.0,68.12,69.0,69.0,1547,0,0,0.000,0.0,0.0,7.148
2026-09-19T00:54:24Z,D15D3A1CFDCD2B06,18.4,queries/tpch/tpch-queries/q17/v2_decorrelate.sql,measured,1,2,1,2,6.625307,3.312654,6559.562,0.065745,0.032195,0.010014,9600,0,46.905578613281250000,38.067626953125000000,,,68.0,64.0,64.71,68.0,68.0,1356,0,0,0.000,0.0,0.0,7.080
2026-09-19T00:54:37Z,D15D3A1CFDCD2B06,18.4,queries/tpch/tpch-queries/q17/v2_decorrelate.sql,measured,1,4,1,2,13.089966,3.272491,13031.293,0.058673,0.032689,0.009504,9600,0,92.417175292968750000,75.273071289062500000,,,64.0,64.0,64.15,66.0,66.0,1370,0,0,0.000,0.0,0.0,7.060
2026-09-19T00:55:03Z,D15D3A1CFDCD2B06,18.4,queries/tpch/tpch-queries/q17/v2_decorrelate.sql,measured,1,8,1,2,26.156559,3.269570,26047.351,0.109208,0.027498,0.015537,9472,0,186.625854492187500000,152.416931152343750000,,,64.0,57.0,66.67,68.0,68.0,1179,0,0,0.000,0.0,0.0,7.135
2026-09-19T00:55:55Z,D15D3A1CFDCD2B06,18.4,queries/tpch/tpch-queries/q17/v2_decorrelate.sql,measured,1,16,1,2,52.018137,3.251134,51956.181,0.061956,0.032961,0.011892,9600,0,367.456359863281250000,300.027587890625000000,,,57.0,57.0,62.83,65.0,65.0,1190,0,0,0.000,0.0,0.0,7.064
2026-09-19T00:56:01Z,EEFD1FFF5A92B667,18.4,queries/tpch/tpch-queries/q15/v1_materialized.sql,warmup,1,1,1,2,2.084573,2.084573,1885.602,0.198971,0.030875,0.010909,9472,0,17.145324707031250000,12.656066894531250000,,,57.0,60.0,58.64,60.0,60.0,2350,0,0,3.560,0.0,0.0,8.225
2026-09-19T00:56:02Z,EEFD1FFF5A92B667,18.4,queries/tpch/tpch-queries/q15/v1_materialized.sql,warmup,2,1,1,2,0.335708,0.335708,288.584,0.047124,0.029990,0.011421,9600,0,2.548950195312500000,2.135864257812500000,,,60.0,60.0,60.00,60.0,60.0,1050,0,0,0.001,0.0,0.0,7.593
2026-09-19T00:56:02Z,EEFD1FFF5A92B667,18.4,queries/tpch/tpch-queries/q15/v1_materialized.sql,measured,1,1,1,2,0.334435,0.334435,287.417,0.047018,0.031890,0.009455,9600,0,2.533142089843750000,2.100463867187500000,,,60.0,56.0,60.00,60.0,60.0,1700,0,0,0.000,0.0,0.0,7.574
2026-09-19T00:56:03Z,EEFD1FFF5A92B667,18.4,queries/tpch/tpch-queries/q15/v1_materialized.sql,measured,1,2,1,2,0.560559,0.280279,512.864,0.047695,0.031363,0.010208,9600,0,4.299804687500000000,3.609252929687500000,,,56.0,56.0,56.00,56.0,56.0,1050,0,0,0.000,0.0,0.0,7.671
2026-09-19T00:56:04Z,EEFD1FFF5A92B667,18.4,queries/tpch/tpch-queries/q15/v1_materialized.sql,measured,1,4,1,2,1.014749,0.253687,958.871,0.055878,0.030234,0.012104,9600,0,7.728027343750000000,6.485107421875000000,,,56.0,66.0,62.67,66.0,66.0,1158,0,0,0.000,0.0,0.0,7.616
2026-09-19T00:56:06Z,EEFD1FFF5A92B667,18.4,queries/tpch/tpch-queries/q15/v1_materialized.sql,measured,1,8,1,2,1.902223,0.237778,1849.723,0.052500,0.028854,0.014066,9472,0,14.510437011718750000,12.203308105468750000,,,66.0,67.0,66.90,67.0,67.0,1213,0,0,0.000,0.0,0.0,7.628
2026-09-19T00:56:10Z,EEFD1FFF5A92B667,18.4,queries/tpch/tpch-queries/q15/v1_materialized.sql,measured,1,16,1,2,3.714729,0.232171,3655.241,0.059488,0.032732,0.012678,9472,0,28.612731933593750000,23.974914550781250000,,,67.0,68.0,67.42,68.0,68.0,1324,0,0,0.000,0.0,0.0,7.703
2026-09-19T00:56:21Z,3B610DB91D07B5A9,18.4,queries/tpch/tpch-queries/q07/v2_union_all.sql,warmup,1,1,1,2,7.565586,7.565586,7261.807,0.303779,0.028345,0.013164,9600,0,59.560424804687500000,43.580993652343750000,,,57.0,58.0,58.53,64.0,64.0,2153,0,0,3.353,0.0,0.0,7.873
2026-09-19T00:56:21Z,3B610DB91D07B5A9,18.4,queries/tpch/tpch-queries/q07/v2_union_all.sql,warmup,2,1,1,2,0.637789,0.637789,587.535,0.050254,0.032762,0.009131,9600,0,8.945434570312500000,8.063354492187500000,,,58.0,69.0,63.50,69.0,69.0,2006,0,0,0.003,0.0,0.0,14.026
2026-09-19T00:56:22Z,3B610DB91D07B5A9,18.4,queries/tpch/tpch-queries/q07/v2_union_all.sql,measured,1,1,1,2,0.638614,0.638614,588.765,0.049849,0.029301,0.012178,9600,0,8.959655761718750000,8.004943847656250000,,,69.0,67.0,68.50,69.0,69.0,2106,0,0,0.000,0.0,0.0,14.030
2026-09-19T00:56:23Z,3B610DB91D07B5A9,18.4,queries/tpch/tpch-queries/q07/v2_union_all.sql,measured,1,2,1,2,1.156773,0.578386,1103.579,0.053194,0.031087,0.011184,9600,0,16.451049804687500000,14.860717773437500000,,,67.0,70.0,68.00,70.0,70.0,1808,0,0,0.000,0.0,0.0,14.222
2026-09-19T00:56:26Z,3B610DB91D07B5A9,18.4,queries/tpch/tpch-queries/q07/v2_union_all.sql,measured,1,4,1,2,2.236964,0.559241,2154.182,0.082782,0.031285,0.012891,9472,0,31.823791503906250000,28.688598632812500000,,,70.0,70.0,70.00,70.0,70.0,1808,0,0,0.000,0.0,0.0,14.226
2026-09-19T00:56:30Z,3B610DB91D07B5A9,18.4,queries/tpch/tpch-queries/q07/v2_union_all.sql,measured,1,8,1,2,4.338138,0.542267,4266.231,0.071907,0.035048,0.010731,9600,0,62.557800292968750000,56.572753906250000000,,,70.0,72.0,69.86,72.0,72.0,1907,0,0,0.000,0.0,0.0,14.420
2026-09-19T00:56:39Z,3B610DB91D07B5A9,18.4,queries/tpch/tpch-queries/q07/v2_union_all.sql,measured,1,16,1,2,8.544485,0.534030,8446.100,0.098385,0.038553,0.013570,9600,0,124.927429199218750000,112.812438964843750000,,,72.0,75.0,72.98,75.0,75.0,2048,0,0,0.000,0.0,0.0,14.621
2026-09-19T00:56:46Z,A864F84F644714B5,18.4,queries/tpch/tpch-queries/q12/v1_materialized.sql,warmup,1,1,1,2,1.722696,1.722696,1628.626,0.094070,0.031742,0.009614,9472,0,19.805541992187500000,15.848693847656250000,,,58.0,66.0,61.56,66.0,66.0,2495,0,0,5.677,0.0,2.0,11.497
2026-09-19T00:56:47Z,A864F84F644714B5,18.4,queries/tpch/tpch-queries/q12/v1_materialized.sql,warmup,2,1,1,2,0.381949,0.381949,332.920,0.049029,0.028648,0.014847,9472,0,6.418212890625000000,5.890808105468750000,,,66.0,70.0,68.00,70.0,70.0,2512,0,0,0.001,0.0,0.0,16.804
2026-09-19T00:56:47Z,A864F84F644714B5,18.4,queries/tpch/tpch-queries/q12/v1_materialized.sql,measured,1,1,1,2,0.408377,0.408377,332.115,0.076262,0.029248,0.012648,9600,0,6.572265625000000000,5.957702636718750000,,,70.0,70.0,70.00,70.0,70.0,2892,0,0,0.000,0.0,0.0,16.094
2026-09-19T00:56:48Z,A864F84F644714B5,18.4,queries/tpch/tpch-queries/q12/v1_materialized.sql,measured,1,2,1,2,0.677772,0.338886,628.123,0.049649,0.030855,0.012643,9600,0,11.946594238281250000,10.950744628906250000,,,70.0,70.0,70.00,70.0,70.0,2269,0,0,0.000,0.0,0.0,17.626
2026-09-19T00:56:50Z,A864F84F644714B5,18.4,queries/tpch/tpch-queries/q12/v1_materialized.sql,measured,1,4,1,2,1.280196,0.320049,1229.460,0.050736,0.029016,0.014047,9600,0,23.136169433593750000,21.356750488281250000,,,70.0,64.0,73.57,75.0,75.0,2675,0,0,0.000,0.0,0.0,18.072
2026-09-19T00:56:52Z,A864F84F644714B5,18.4,queries/tpch/tpch-queries/q12/v1_materialized.sql,measured,1,8,1,2,2.462051,0.307756,2406.898,0.055153,0.031728,0.012629,9600,0,45.520507812500000000,41.862121582031250000,,,64.0,77.0,71.62,77.0,77.0,2700,0,0,0.000,0.0,0.0,18.489
2026-09-19T00:56:57Z,A864F84F644714B5,18.4,queries/tpch/tpch-queries/q12/v1_materialized.sql,measured,1,16,1,2,4.840709,0.302544,4777.955,0.062754,0.037043,0.009929,9600,0,90.294921875000000000,83.359985351562500000,,,77.0,79.0,77.84,80.0,80.0,2714,0,0,0.000,0.0,0.0,18.653
2026-09-19T00:57:05Z,276ADC7FB84BCB15,18.4,queries/tpch/tpch-queries/q19/v1_materialized.sql,warmup,1,1,1,2,2.191486,2.191486,1986.396,0.205090,0.032048,0.010012,9600,0,11.452819824218750000,6.869323730468750000,,,59.0,59.0,59.45,60.0,60.0,1873,0,0,5.599,0.0,2.0,5.226
2026-09-19T00:57:05Z,276ADC7FB84BCB15,18.4,queries/tpch/tpch-queries/q19/v1_materialized.sql,warmup,2,1,1,2,0.078104,0.078104,30.329,0.047775,0.028736,0.012866,9472,0,0.877136230468750000,0.763916015625000000,,,59.0,59.0,59.00,59.0,59.0,2675,0,0,0.001,0.0,0.0,11.230
2026-09-19T00:57:05Z,276ADC7FB84BCB15,18.4,queries/tpch/tpch-queries/q19/v1_materialized.sql,measured,1,1,1,2,0.078402,0.078402,30.465,0.047937,0.032806,0.009165,9600,0,0.900756835937500000,0.775085449218750000,,,59.0,59.0,59.00,59.0,59.0,2350,0,0,0.000,0.0,0.0,11.489
2026-09-19T00:57:06Z,276ADC7FB84BCB15,18.4,queries/tpch/tpch-queries/q19/v1_materialized.sql,measured,1,2,1,2,0.107500,0.053750,58.753,0.048747,0.031595,0.010341,9600,0,1.356323242187500000,1.190856933593750000,,,59.0,59.0,59.00,59.0,59.0,3001,0,0,0.000,0.0,0.0,12.617
2026-09-19T00:57:06Z,276ADC7FB84BCB15,18.4,queries/tpch/tpch-queries/q19/v1_materialized.sql,measured,1,4,1,2,0.165187,0.041297,113.904,0.051283,0.025732,0.016901,9472,0,2.254882812500000000,2.025085449218750000,,,59.0,63.0,59.00,59.0,59.0,1700,0,0,0.000,0.0,0.0,13.651
2026-09-19T00:57:06Z,276ADC7FB84BCB15,18.4,queries/tpch/tpch-queries/q19/v1_materialized.sql,measured,1,8,1,2,0.291071,0.036384,222.966,0.068105,0.029931,0.014213,9600,0,4.152893066406250000,3.724182128906250000,,,63.0,63.0,63.00,63.0,64.0,2350,0,0,0.000,0.0,0.0,14.268
2026-09-19T00:57:07Z,276ADC7FB84BCB15,18.4,queries/tpch/tpch-queries/q19/v1_materialized.sql,measured,1,16,1,2,0.502461,0.031404,438.160,0.064301,0.034276,0.011502,9472,0,7.684326171875000000,7.003295898437500000,,,63.0,62.0,63.00,63.0,64.0,2350,0,0,0.000,0.0,0.0,15.293
2026-09-19T00:57:20Z,C42CA5C5D19F7574,18.4,queries/tpch/tpch-queries/q08/v2_filter.sql,warmup,1,1,1,2,8.088970,8.088970,7980.329,0.108641,0.029415,0.012761,9472,0,44.619995117187500000,27.584777832031250000,,,56.0,57.0,57.85,60.0,60.0,1938,0,0,5.186,0.0,2.0,5.516
2026-09-19T00:57:20Z,C42CA5C5D19F7574,18.4,queries/tpch/tpch-queries/q08/v2_filter.sql,warmup,2,1,1,2,0.182561,0.182561,131.548,0.051013,0.033171,0.009109,9728,0,2.554199218750000000,2.286193847656250000,,,57.0,57.0,57.00,57.0,57.0,1050,0,0,0.052,0.0,0.0,13.991
2026-09-19T00:57:21Z,C42CA5C5D19F7574,18.4,queries/tpch/tpch-queries/q08/v2_filter.sql,measured,1,1,1,2,0.207439,0.207439,126.693,0.080746,0.032894,0.009030,9600,0,2.536560058593750000,2.200378417968750000,,,57.0,57.0,57.00,57.0,57.0,2188,0,0,0.000,0.0,0.0,12.228
2026-09-19T00:57:21Z,C42CA5C5D19F7574,18.4,queries/tpch/tpch-queries/q08/v2_filter.sql,measured,1,2,1,2,0.295645,0.147823,242.673,0.052972,0.024624,0.017076,9600,0,4.353698730468750000,3.883361816406250000,,,57.0,68.0,62.50,68.0,68.0,1538,0,0,0.000,0.0,0.0,14.726
2026-09-19T00:57:22Z,C42CA5C5D19F7574,18.4,queries/tpch/tpch-queries/q08/v2_filter.sql,measured,1,4,1,2,0.528657,0.132164,469.810,0.058847,0.032100,0.010935,9600,0,8.067077636718750000,7.313781738281250000,,,68.0,68.0,68.00,68.0,68.0,2350,0,0,0.000,0.0,0.0,15.260
2026-09-19T00:57:23Z,C42CA5C5D19F7574,18.4,queries/tpch/tpch-queries/q08/v2_filter.sql,measured,1,8,1,2,0.990477,0.123810,921.350,0.069127,0.029589,0.014570,9472,0,15.485107421875000000,14.027160644531250000,,,68.0,69.0,68.80,69.0,69.0,2155,0,0,0.000,0.0,0.0,15.634
2026-09-19T00:57:25Z,C42CA5C5D19F7574,18.4,queries/tpch/tpch-queries/q08/v2_filter.sql,measured,1,16,1,2,1.963143,0.122696,1836.251,0.126892,0.036072,0.011304,9600,0,30.417602539062500000,27.568176269531250000,,,69.0,72.0,70.20,72.0,72.0,2155,0,0,0.000,0.0,0.0,15.494
2026-09-19T00:57:33Z,2AF91F019DBE97BD,18.4,queries/tpch/tpch-queries/q13/v2_correlated.sql,warmup,1,1,1,2,4.753936,4.753936,4608.000,0.145936,0.028345,0.013190,9600,0,35.368347167968750000,26.207580566406250000,,,59.0,68.0,62.58,68.0,68.0,1632,0,0,3.466,0.0,0.0,7.440
2026-09-19T00:57:36Z,2AF91F019DBE97BD,18.4,queries/tpch/tpch-queries/q13/v2_correlated.sql,warmup,2,1,1,2,2.292711,2.292711,2246.021,0.046690,0.023488,0.018054,9600,0,17.320983886718750000,14.616943359375000000,,,68.0,68.0,67.58,68.0,68.0,1213,0,0,0.001,0.0,0.0,7.555
2026-09-19T00:57:38Z,2AF91F019DBE97BD,18.4,queries/tpch/tpch-queries/q13/v2_correlated.sql,measured,1,1,1,2,2.289084,2.289084,2242.324,0.046760,0.028830,0.012759,9600,0,17.488525390625000000,14.556579589843750000,,,68.0,68.0,68.00,68.0,68.0,1213,0,0,0.000,0.0,0.0,7.640
2026-09-19T00:57:42Z,2AF91F019DBE97BD,18.4,queries/tpch/tpch-queries/q13/v2_correlated.sql,measured,1,2,1,2,4.408381,2.204191,4360.991,0.047390,0.035249,0.006609,9600,0,33.223144531250000000,27.809692382812500000,,,68.0,68.0,67.77,68.0,68.0,1183,0,0,0.000,0.0,0.0,7.536
2026-09-19T00:57:51Z,2AF91F019DBE97BD,18.4,queries/tpch/tpch-queries/q13/v2_correlated.sql,measured,1,4,1,2,8.734542,2.183635,8662.437,0.072105,0.030192,0.012086,9600,0,65.680969238281250000,55.004516601562500000,,,68.0,68.0,67.89,68.0,68.0,1360,0,0,0.000,0.0,0.0,7.520
2026-09-19T00:58:08Z,2AF91F019DBE97BD,18.4,queries/tpch/tpch-queries/q13/v2_correlated.sql,measured,1,8,1,2,17.106159,2.138270,17054.560,0.051599,0.030114,0.013110,9472,0,127.206726074218750000,106.582946777343750000,,,68.0,58.0,65.38,68.0,68.0,1092,0,0,0.000,0.0,0.0,7.436
2026-09-19T00:58:43Z,2AF91F019DBE97BD,18.4,queries/tpch/tpch-queries/q13/v2_correlated.sql,measured,1,16,1,2,34.217418,2.138589,34160.694,0.056724,0.030821,0.013851,9600,0,257.764587402343750000,216.660522460937500000,,,58.0,68.0,67.53,69.0,69.0,1088,0,0,0.000,0.0,0.0,7.533
2026-09-19T00:58:49Z,BFF733B1C95302AE,18.4,queries/tpch/tpch-queries/q10/base.sql,warmup,1,1,1,2,2.412869,2.412869,2163.372,0.249497,0.030485,0.011391,9472,0,21.162902832031250000,15.965393066406250000,,,58.0,62.0,59.69,62.0,62.0,2400,0,0,3.277,0.0,0.0,8.771
2026-09-19T00:58:49Z,BFF733B1C95302AE,18.4,queries/tpch/tpch-queries/q10/base.sql,warmup,2,1,1,2,0.392830,0.392830,344.419,0.048411,0.029095,0.012246,9600,0,5.307983398437500000,4.795227050781250000,,,62.0,68.0,62.00,62.0,62.0,2513,0,0,0.044,0.0,0.0,13.512
2026-09-19T00:58:50Z,BFF733B1C95302AE,18.4,queries/tpch/tpch-queries/q10/base.sql,measured,1,1,1,2,0.435868,0.435868,347.237,0.088631,0.032914,0.008833,9600,0,5.569763183593750000,4.954528808593750000,,,68.0,68.0,68.00,68.0,68.0,2458,0,0,0.000,0.0,0.0,12.779
2026-09-19T00:58:50Z,BFF733B1C95302AE,18.4,queries/tpch/tpch-queries/q10/base.sql,measured,1,2,1,2,0.697877,0.348938,647.768,0.050109,0.029560,0.012306,9600,0,9.826232910156250000,8.917358398437500000,,,68.0,69.0,68.50,69.0,69.0,2025,0,0,0.000,0.0,0.0,14.080
2026-09-19T00:58:52Z,BFF733B1C95302AE,18.4,queries/tpch/tpch-queries/q10/base.sql,measured,1,4,1,2,1.319631,0.329908,1266.336,0.053295,0.032611,0.009939,9600,0,18.850769042968750000,17.147949218750000000,,,69.0,72.0,70.71,72.0,72.0,2025,0,0,0.000,0.0,0.0,14.285
2026-09-19T00:58:54Z,BFF733B1C95302AE,18.4,queries/tpch/tpch-queries/q10/base.sql,measured,1,8,1,2,2.547855,0.318482,2488.301,0.059554,0.032673,0.011306,9600,0,37.330078125000000000,33.943786621093750000,,,72.0,72.0,70.46,72.0,72.0,2075,0,0,0.000,0.0,0.0,14.652
2026-09-19T00:59:00Z,BFF733B1C95302AE,18.4,queries/tpch/tpch-queries/q10/base.sql,measured,1,16,1,2,5.005952,0.312872,4931.630,0.074322,0.030225,0.016510,9472,0,73.671081542968750000,67.031982421875000000,,,72.0,75.0,73.04,75.0,75.0,1921,0,0,0.000,0.0,0.0,14.717
2026-09-19T00:59:08Z,4EA5D682C226EC01,18.4,queries/tpch/tpch-queries/q02/v1_materialized.sql,warmup,1,1,1,2,2.235228,2.235228,2027.726,0.207502,0.029181,0.012921,9728,0,11.934875488281250000,7.320861816406250000,,,56.0,64.0,57.75,64.0,64.0,1158,0,0,5.596,0.0,2.0,5.339
2026-09-19T00:59:08Z,4EA5D682C226EC01,18.4,queries/tpch/tpch-queries/q02/v1_materialized.sql,warmup,2,1,1,2,0.261600,0.261600,212.693,0.048907,0.030215,0.011766,9472,0,1.994445800781250000,1.668823242187500000,,,64.0,64.0,64.00,64.0,64.0,1050,0,0,0.055,0.0,0.0,7.624
2026-09-19T00:59:08Z,4EA5D682C226EC01,18.4,queries/tpch/tpch-queries/q02/v1_materialized.sql,measured,1,1,1,2,0.259863,0.259863,210.509,0.049354,0.030630,0.011757,9600,0,2.108520507812500000,1.775817871093750000,,,64.0,67.0,65.50,67.0,67.0,1050,0,0,0.000,0.0,0.0,8.114
2026-09-19T00:59:09Z,4EA5D682C226EC01,18.4,queries/tpch/tpch-queries/q02/v1_materialized.sql,measured,1,2,1,2,0.429613,0.214807,378.808,0.050805,0.029049,0.013519,9600,0,3.292968750000000000,2.759216308593750000,,,67.0,67.0,67.00,67.0,67.0,1375,0,0,0.000,0.0,0.0,7.665
2026-09-19T00:59:10Z,4EA5D682C226EC01,18.4,queries/tpch/tpch-queries/q02/v1_materialized.sql,measured,1,4,1,2,0.775990,0.193998,721.923,0.054067,0.027734,0.015711,9600,0,5.915649414062500000,4.961486816406250000,,,67.0,64.0,64.75,67.0,67.0,1131,0,0,0.000,0.0,0.0,7.623
2026-09-19T00:59:11Z,4EA5D682C226EC01,18.4,queries/tpch/tpch-queries/q02/v1_materialized.sql,measured,1,8,1,2,1.482321,0.185290,1399.761,0.082560,0.032214,0.012847,9728,0,11.358398437500000000,9.303161621093750000,,,64.0,64.0,64.00,64.0,64.0,1700,0,0,0.000,0.0,0.0,7.663
2026-09-19T00:59:14Z,4EA5D682C226EC01,18.4,queries/tpch/tpch-queries/q02/v1_materialized.sql,measured,1,16,1,2,2.832623,0.177039,2753.006,0.079617,0.035398,0.016312,9472,0,21.635742187500000000,18.156311035156250000,,,64.0,67.0,66.87,68.0,68.0,1483,0,0,0.000,0.0,0.0,7.638
2026-09-19T00:59:24Z,21770801DBB61603,18.4,queries/tpch/tpch-queries/q05/base.sql,warmup,1,1,1,2,6.224664,6.224664,5972.418,0.252246,0.029994,0.011892,9600,0,39.360168457031250000,26.175903320312500000,,,57.0,56.0,57.56,59.0,59.0,1842,0,0,3.284,0.0,0.0,6.323
2026-09-19T00:59:25Z,21770801DBB61603,18.4,queries/tpch/tpch-queries/q05/base.sql,warmup,2,1,1,2,0.287297,0.287297,237.085,0.050212,0.029012,0.012954,9600,0,4.196838378906250000,3.786376953125000000,,,56.0,56.0,56.00,56.0,56.0,1700,0,0,0.054,0.0,0.0,14.608
2026-09-19T00:59:25Z,21770801DBB61603,18.4,queries/tpch/tpch-queries/q05/base.sql,measured,1,1,1,2,0.282888,0.282888,232.974,0.049914,0.030786,0.010740,9472,0,4.090759277343750000,3.695190429687500000,,,56.0,67.0,61.50,67.0,67.0,2025,0,0,0.000,0.0,0.0,14.461
2026-09-19T00:59:26Z,21770801DBB61603,18.4,queries/tpch/tpch-queries/q05/base.sql,measured,1,2,1,2,0.553129,0.276565,452.244,0.100885,0.032219,0.009901,9600,0,8.091613769531250000,7.199218750000000000,,,67.0,67.0,67.00,67.0,67.0,2025,0,0,0.000,0.0,0.0,14.629
2026-09-19T00:59:27Z,21770801DBB61603,18.4,queries/tpch/tpch-queries/q05/base.sql,measured,1,4,1,2,0.946959,0.236740,889.123,0.057836,0.028337,0.014430,9600,0,14.605895996093750000,13.304565429687500000,,,67.0,68.0,67.80,68.0,68.0,1895,0,0,0.000,0.0,0.0,15.424
2026-09-19T00:59:29Z,21770801DBB61603,18.4,queries/tpch/tpch-queries/q05/base.sql,measured,1,8,1,2,1.815971,0.226996,1746.749,0.069222,0.034307,0.010249,9600,0,28.602233886718750000,26.077575683593750000,,,68.0,70.0,69.30,70.0,70.0,2058,0,0,0.000,0.0,0.0,15.750
2026-09-19T00:59:32Z,21770801DBB61603,18.4,queries/tpch/tpch-queries/q05/base.sql,measured,1,16,1,2,3.639657,0.227479,3508.365,0.131292,0.030542,0.016643,9600,0,57.114990234375000000,51.854797363281250000,,,70.0,70.0,70.26,71.0,71.0,2059,0,0,0.000,0.0,0.0,15.692
2026-09-19T00:59:37Z,FDAFF53B46FB5118,18.4,queries/tpch/tpch-queries/q14/base.sql,warmup,1,1,1,2,1.497486,1.497486,1297.802,0.199684,0.031265,0.010126,9600,0,15.069274902343750000,11.846313476562500000,,,60.0,63.0,61.12,63.0,63.0,2634,0,0,3.472,0.0,0.0,10.063
2026-09-19T00:59:38Z,FDAFF53B46FB5118,18.4,queries/tpch/tpch-queries/q14/base.sql,warmup,2,1,1,2,0.202374,0.202374,155.495,0.046879,0.025107,0.016230,9472,0,3.161071777343750000,2.879272460937500000,,,63.0,58.0,63.00,63.0,63.0,3000,0,0,0.001,0.0,0.0,15.620
2026-09-19T00:59:38Z,FDAFF53B46FB5118,18.4,queries/tpch/tpch-queries/q14/base.sql,measured,1,1,1,2,0.201317,0.201317,154.309,0.047008,0.036073,0.005315,9600,0,3.126342773437500000,2.843139648437500000,,,58.0,58.0,58.00,58.0,59.0,1863,0,0,0.000,0.0,0.0,15.529
2026-09-19T00:59:39Z,FDAFF53B46FB5118,18.4,queries/tpch/tpch-queries/q14/base.sql,measured,1,2,1,2,0.334909,0.167455,284.825,0.050084,0.037130,0.006733,9600,0,5.753295898437500000,5.218505859375000000,,,58.0,58.0,58.00,58.0,59.0,2188,0,0,0.000,0.0,0.0,17.179
2026-09-19T00:59:39Z,FDAFF53B46FB5118,18.4,queries/tpch/tpch-queries/q14/base.sql,measured,1,4,1,2,0.603235,0.150809,552.997,0.050238,0.024978,0.017784,9600,0,10.699707031250000000,9.767700195312500000,,,58.0,71.0,67.75,71.0,71.0,2675,0,0,0.000,0.0,0.0,17.737
2026-09-19T00:59:41Z,FDAFF53B46FB5118,18.4,queries/tpch/tpch-queries/q14/base.sql,measured,1,8,1,2,1.100439,0.137555,1046.722,0.053717,0.032885,0.011405,9600,0,20.490844726562500000,18.873107910156250000,,,71.0,71.0,71.00,71.0,71.0,2729,0,0,0.000,0.0,0.0,18.621
2026-09-19T00:59:43Z,FDAFF53B46FB5118,18.4,queries/tpch/tpch-queries/q14/base.sql,measured,1,16,1,2,2.143314,0.133957,2083.053,0.060261,0.031035,0.015319,9600,0,40.412353515625000000,37.318664550781250000,,,71.0,65.0,72.36,74.0,74.0,2705,0,0,0.000,0.0,0.0,18.855
2026-09-19T00:59:57Z,D391DA75FCCCA115,18.4,queries/tpch/tpch-queries/q21/v1_materialized.sql,warmup,1,1,1,2,11.128110,11.128110,10930.436,0.197674,0.029002,0.012575,9472,0,94.255249023437500000,70.658386230468750000,,,60.0,71.0,61.09,71.0,71.0,2374,0,0,3.373,0.0,0.0,8.470
2026-09-19T00:59:58Z,D391DA75FCCCA115,18.4,queries/tpch/tpch-queries/q21/v1_materialized.sql,warmup,2,1,1,2,0.524713,0.524713,475.747,0.048966,0.028385,0.013659,9600,0,10.387512207031250000,9.660827636718750000,,,71.0,71.0,71.00,71.0,71.0,2133,0,0,0.001,0.0,0.0,19.797
2026-09-19T00:59:59Z,D391DA75FCCCA115,18.4,queries/tpch/tpch-queries/q21/v1_materialized.sql,measured,1,1,1,2,0.506130,0.506130,457.573,0.048557,0.031181,0.010522,9472,0,10.142150878906250000,9.332946777343750000,,,71.0,73.0,72.33,73.0,73.0,2459,0,0,0.000,0.0,0.0,20.039
2026-09-19T01:00:00Z,D391DA75FCCCA115,18.4,queries/tpch/tpch-queries/q21/v1_materialized.sql,measured,1,2,1,2,0.959361,0.479681,908.802,0.050559,0.023966,0.017755,9472,0,19.457214355468750000,17.986389160156250000,,,73.0,75.0,73.80,75.0,75.0,2285,0,0,0.000,0.0,0.0,20.281
2026-09-19T01:00:02Z,D391DA75FCCCA115,18.4,queries/tpch/tpch-queries/q21/v1_materialized.sql,measured,1,4,1,2,1.874238,0.468559,1799.149,0.075089,0.035884,0.007757,9600,0,38.726684570312500000,35.961669921875000000,,,75.0,76.0,75.20,76.0,76.0,2350,0,0,0.000,0.0,0.0,20.663
2026-09-19T01:00:05Z,D391DA75FCCCA115,18.4,queries/tpch/tpch-queries/q21/v1_materialized.sql,measured,1,8,1,2,3.657124,0.457141,3593.784,0.063340,0.032371,0.012400,9472,0,76.791748046875000000,71.214111328125000000,,,76.0,79.0,77.21,79.0,80.0,2299,0,0,0.000,0.0,0.0,20.998
2026-09-19T01:00:13Z,D391DA75FCCCA115,18.4,queries/tpch/tpch-queries/q21/v1_materialized.sql,measured,1,16,1,2,7.177063,0.448566,7096.983,0.080080,0.034043,0.013341,9600,0,151.630798339843750000,140.909484863281250000,,,79.0,82.0,80.00,82.0,82.0,2269,0,0,0.000,0.0,0.0,21.127
2026-09-19T01:00:23Z,C740A975AF6439DF,18.4,queries/tpch/tpch-queries/q10/base.sql,warmup,1,1,1,2,2.354825,2.354825,2257.653,0.097172,0.028255,0.014039,9600,0,21.295288085937500000,16.220092773437500000,,,60.0,65.0,63.75,67.0,67.0,2323,0,0,7.672,0.0,4.0,9.043
2026-09-19T01:00:23Z,C740A975AF6439DF,18.4,queries/tpch/tpch-queries/q10/base.sql,warmup,2,1,1,2,0.393519,0.393519,344.842,0.048677,0.030157,0.011488,9472,0,5.311157226562500000,4.801452636718750000,,,65.0,65.0,65.00,65.0,65.0,2513,0,0,0.001,0.0,0.0,13.497
2026-09-19T01:00:24Z,C740A975AF6439DF,18.4,queries/tpch/tpch-queries/q10/base.sql,measured,1,1,1,2,0.434104,0.434104,344.013,0.090091,0.031163,0.010683,9600,0,5.646850585937500000,5.031982421875000000,,,65.0,73.0,70.33,73.0,73.0,2350,0,0,0.000,0.0,0.0,13.008
2026-09-19T01:00:25Z,C740A975AF6439DF,18.4,queries/tpch/tpch-queries/q10/base.sql,measured,1,2,1,2,0.751057,0.375529,652.611,0.098446,0.028793,0.013235,9600,0,10.266662597656250000,9.218933105468750000,,,73.0,76.0,73.75,76.0,76.0,1944,0,0,0.000,0.0,0.0,13.670
2026-09-19T01:00:26Z,C740A975AF6439DF,18.4,queries/tpch/tpch-queries/q10/base.sql,measured,1,4,1,2,1.318294,0.329573,1264.120,0.054174,0.033467,0.009707,9472,0,19.057800292968750000,17.282775878906250000,,,76.0,74.0,75.14,76.0,76.0,1886,0,0,0.000,0.0,0.0,14.456
2026-09-19T01:00:29Z,C740A975AF6439DF,18.4,queries/tpch/tpch-queries/q10/base.sql,measured,1,8,1,2,2.549606,0.318701,2490.087,0.059519,0.031134,0.012749,9600,0,37.324890136718750000,34.033691406250000000,,,74.0,77.0,75.77,77.0,77.0,2050,0,0,0.000,0.0,0.0,14.639
2026-09-19T01:00:34Z,C740A975AF6439DF,18.4,queries/tpch/tpch-queries/q10/base.sql,measured,1,16,1,2,5.039949,0.314997,4967.897,0.072052,0.036148,0.010483,9600,0,74.191894531250000000,67.493103027343750000,,,77.0,78.0,77.85,80.0,80.0,2149,0,0,0.000,0.0,0.0,14.721
2026-09-19T01:00:41Z,C25E956906DCE418,18.4,queries/tpch/tpch-queries/q11/v2_cte_threshold.sql,warmup,1,1,1,2,1.774228,1.774228,1696.161,0.078067,0.027977,0.016853,9600,0,9.068664550781250000,5.347412109375000000,,,59.0,59.0,59.00,59.0,59.0,1267,0,0,5.464,0.0,2.0,5.111
2026-09-19T01:00:41Z,C25E956906DCE418,18.4,queries/tpch/tpch-queries/q11/v2_cte_threshold.sql,warmup,2,1,1,2,0.134160,0.134160,87.037,0.047123,0.027152,0.014318,9472,0,1.013549804687500000,0.847290039062500000,,,59.0,60.0,59.00,59.0,59.0,2676,0,0,0.001,0.0,0.0,7.555
2026-09-19T01:00:41Z,C25E956906DCE418,18.4,queries/tpch/tpch-queries/q11/v2_cte_threshold.sql,measured,1,1,1,2,0.135178,0.135178,86.031,0.049147,0.032203,0.011130,9600,0,1.076843261718750000,0.883728027343750000,,,60.0,60.0,60.00,60.0,60.0,2025,0,0,0.000,0.0,0.0,7.966
2026-09-19T01:00:42Z,C25E956906DCE418,18.4,queries/tpch/tpch-queries/q11/v2_cte_threshold.sql,measured,1,2,1,2,0.210454,0.105227,161.333,0.049121,0.033617,0.008154,9472,0,1.602966308593750000,1.323181152343750000,,,60.0,60.0,60.00,60.0,60.0,1375,0,0,0.000,0.0,0.0,7.617
2026-09-19T01:00:42Z,C25E956906DCE418,18.4,queries/tpch/tpch-queries/q11/v2_cte_threshold.sql,measured,1,4,1,2,0.363474,0.090869,310.572,0.052902,0.032615,0.009985,9600,0,2.774902343750000000,2.269653320312500000,,,60.0,60.0,60.00,60.0,60.0,1375,0,0,0.000,0.0,0.0,7.634
2026-09-19T01:00:43Z,C25E956906DCE418,18.4,queries/tpch/tpch-queries/q11/v2_cte_threshold.sql,measured,1,8,1,2,0.680474,0.085059,610.378,0.070096,0.027558,0.016363,9600,0,5.217224121093750000,4.287292480468750000,,,60.0,60.0,60.00,60.0,60.0,1538,0,0,0.000,0.0,0.0,7.667
2026-09-19T01:00:44Z,C25E956906DCE418,18.4,queries/tpch/tpch-queries/q11/v2_cte_threshold.sql,measured,1,16,1,2,1.282363,0.080148,1207.154,0.075209,0.034840,0.011412,9472,0,9.894653320312500000,8.249816894531250000,,,60.0,71.0,68.71,71.0,71.0,1654,0,0,0.000,0.0,0.0,7.716
2026-09-19T01:00:49Z,BDCC7C52D36F2572,18.4,queries/tpch/tpch-queries/q11/v1_materialized.sql,warmup,1,1,1,2,1.797561,1.797561,1606.190,0.191371,0.032006,0.009805,9600,0,8.986572265625000000,5.244934082031250000,,,60.0,58.0,59.11,60.0,60.0,1736,0,0,3.200,0.0,0.0,4.999
2026-09-19T01:00:50Z,BDCC7C52D36F2572,18.4,queries/tpch/tpch-queries/q11/v1_materialized.sql,warmup,2,1,1,2,0.135778,0.135778,85.416,0.050362,0.032377,0.012184,9600,0,1.065246582031250000,0.885986328125000000,,,58.0,58.0,58.00,58.0,58.0,2675,0,0,0.001,0.0,0.0,7.846
2026-09-19T01:00:50Z,BDCC7C52D36F2572,18.4,queries/tpch/tpch-queries/q11/v1_materialized.sql,measured,1,1,1,2,0.132518,0.132518,85.196,0.047322,0.030352,0.011162,9600,0,1.036437988281250000,0.850097656250000000,,,58.0,58.0,58.00,58.0,58.0,1375,0,0,0.000,0.0,0.0,7.821
2026-09-19T01:00:50Z,BDCC7C52D36F2572,18.4,queries/tpch/tpch-queries/q11/v1_materialized.sql,measured,1,2,1,2,0.209230,0.104615,159.919,0.049311,0.029975,0.012095,9472,0,1.654357910156250000,1.338195800781250000,,,58.0,58.0,58.00,58.0,58.0,1050,0,0,0.000,0.0,0.0,7.907
2026-09-19T01:00:51Z,BDCC7C52D36F2572,18.4,queries/tpch/tpch-queries/q11/v1_materialized.sql,measured,1,4,1,2,0.366864,0.091716,313.767,0.053097,0.030924,0.011413,9600,0,2.934204101562500000,2.371948242187500000,,,58.0,60.0,58.00,58.0,58.0,2188,0,0,0.000,0.0,0.0,7.998
2026-09-19T01:00:52Z,BDCC7C52D36F2572,18.4,queries/tpch/tpch-queries/q11/v1_materialized.sql,measured,1,8,1,2,0.693783,0.086723,619.503,0.074280,0.030486,0.013474,9600,0,5.191467285156250000,4.315734863281250000,,,60.0,60.0,60.00,60.0,60.0,1537,0,0,0.000,0.0,0.0,7.483
2026-09-19T01:00:53Z,BDCC7C52D36F2572,18.4,queries/tpch/tpch-queries/q11/v1_materialized.sql,measured,1,16,1,2,1.310748,0.081922,1234.852,0.075896,0.035506,0.010438,9600,0,9.845947265625000000,8.271789550781250000,,,60.0,68.0,66.14,68.0,68.0,1375,0,0,0.000,0.0,0.0,7.512
2026-09-19T01:00:58Z,085771C49384D53F,18.4,queries/tpch/tpch-queries/q04/v2_in.sql,warmup,1,1,1,2,1.724632,1.724632,1528.030,0.196602,0.031623,0.010154,9472,0,16.463073730468750000,12.654052734375000000,,,59.0,63.0,60.78,63.0,63.0,2711,0,0,3.205,0.0,0.0,9.546
2026-09-19T01:00:58Z,085771C49384D53F,18.4,queries/tpch/tpch-queries/q04/v2_in.sql,warmup,2,1,1,2,0.155373,0.155373,108.454,0.046919,0.029397,0.011975,9600,0,2.510192871093750000,2.298889160156250000,,,63.0,61.0,63.00,63.0,63.0,1050,0,0,0.001,0.0,0.0,16.156
2026-09-19T01:00:58Z,085771C49384D53F,18.4,queries/tpch/tpch-queries/q04/v2_in.sql,measured,1,1,1,2,0.155974,0.155974,107.081,0.048893,0.030171,0.011071,9600,0,2.581848144531250000,2.309143066406250000,,,61.0,61.0,61.00,61.0,61.0,1700,0,0,0.000,0.0,0.0,16.553
2026-09-19T01:00:59Z,085771C49384D53F,18.4,queries/tpch/tpch-queries/q04/v2_in.sql,measured,1,2,1,2,0.251502,0.125751,202.979,0.048523,0.031876,0.010550,9600,0,4.446350097656250000,4.099731445312500000,,,61.0,61.0,61.00,61.0,61.0,2513,0,0,0.000,0.0,0.0,17.679
2026-09-19T01:00:59Z,085771C49384D53F,18.4,queries/tpch/tpch-queries/q04/v2_in.sql,measured,1,4,1,2,0.438785,0.109696,389.500,0.049285,0.029671,0.012336,9600,0,8.207336425781250000,7.594177246093750000,,,61.0,72.0,64.67,72.0,72.0,2242,0,0,0.000,0.0,0.0,18.705
2026-09-19T01:01:00Z,085771C49384D53F,18.4,queries/tpch/tpch-queries/q04/v2_in.sql,measured,1,8,1,2,0.824365,0.103046,771.726,0.052639,0.032066,0.011191,9472,0,15.782836914062500000,14.648071289062500000,,,72.0,74.0,72.40,74.0,74.0,2079,0,0,0.000,0.0,0.0,19.145
2026-09-19T01:01:02Z,085771C49384D53F,18.4,queries/tpch/tpch-queries/q04/v2_in.sql,measured,1,16,1,2,1.588135,0.099258,1527.837,0.060298,0.032898,0.013459,9600,0,31.078063964843750000,28.883972167968750000,,,74.0,74.0,74.00,74.0,74.0,2350,0,0,0.000,0.0,0.0,19.569
2026-09-19T01:01:09Z,7F80BC008CDD70A8,18.4,queries/tpch/tpch-queries/q12/v2_filter.sql,warmup,1,1,1,2,1.715908,1.715908,1621.157,0.094751,0.026598,0.014853,9472,0,19.620422363281250000,15.681152343750000000,,,56.0,64.0,59.56,64.0,64.0,2711,0,0,5.301,0.0,2.0,11.434
2026-09-19T01:01:09Z,7F80BC008CDD70A8,18.4,queries/tpch/tpch-queries/q12/v2_filter.sql,warmup,2,1,1,2,0.379979,0.379979,332.812,0.047167,0.028930,0.012829,9600,0,6.366882324218750000,5.850097656250000000,,,64.0,69.0,66.50,69.0,69.0,2513,0,0,0.001,0.0,0.0,16.756
2026-09-19T01:01:10Z,7F80BC008CDD70A8,18.4,queries/tpch/tpch-queries/q12/v2_filter.sql,measured,1,1,1,2,0.404907,0.404907,331.277,0.073630,0.031038,0.010628,9472,0,6.503173828125000000,5.903564453125000000,,,69.0,69.0,69.00,69.0,69.0,2675,0,0,0.000,0.0,0.0,16.061
2026-09-19T01:01:11Z,7F80BC008CDD70A8,18.4,queries/tpch/tpch-queries/q12/v2_filter.sql,measured,1,2,1,2,0.681902,0.340951,634.053,0.047849,0.031631,0.009964,9600,0,11.885070800781250000,10.894226074218750000,,,69.0,70.0,69.75,70.0,70.0,2350,0,0,0.000,0.0,0.0,17.429
2026-09-19T01:01:12Z,7F80BC008CDD70A8,18.4,queries/tpch/tpch-queries/q12/v2_filter.sql,measured,1,4,1,2,1.269768,0.317442,1218.503,0.051265,0.028883,0.015042,9600,0,22.870910644531250000,21.104553222656250000,,,70.0,62.0,73.57,75.0,75.0,2443,0,0,0.000,0.0,0.0,18.012
2026-09-19T01:01:15Z,7F80BC008CDD70A8,18.4,queries/tpch/tpch-queries/q12/v2_filter.sql,measured,1,8,1,2,2.456751,0.307094,2401.391,0.055360,0.032658,0.013107,9600,0,45.243103027343750000,41.599182128906250000,,,62.0,75.0,70.77,77.0,77.0,2750,0,0,0.000,0.0,0.0,18.416
2026-09-19T01:01:20Z,7F80BC008CDD70A8,18.4,queries/tpch/tpch-queries/q12/v2_filter.sql,measured,1,16,1,2,4.847182,0.302949,4786.920,0.060262,0.036927,0.008418,9472,0,90.153015136718750000,83.181457519531250000,,,75.0,80.0,76.80,80.0,80.0,2461,0,0,0.000,0.0,0.0,18.599
2026-09-19T01:01:37Z,EF223C7A2D93AE2B,18.4,queries/tpch/tpch-queries/q21/v1_materialized.sql,warmup,1,1,1,2,11.272189,11.272189,11147.428,0.124761,0.027485,0.014427,9600,0,93.351562500000000000,69.489013671875000000,,,59.0,72.0,62.09,72.0,72.0,2293,0,0,5.613,0.0,2.0,8.282
2026-09-19T01:01:38Z,EF223C7A2D93AE2B,18.4,queries/tpch/tpch-queries/q21/v1_materialized.sql,warmup,2,1,1,2,0.507146,0.507146,458.366,0.048780,0.030795,0.010996,9600,0,10.107116699218750000,9.342285156250000000,,,72.0,63.0,72.00,72.0,72.0,1700,0,0,0.052,0.0,0.0,19.929
2026-09-19T01:01:38Z,EF223C7A2D93AE2B,18.4,queries/tpch/tpch-queries/q21/v1_materialized.sql,measured,1,1,1,2,0.510401,0.510401,461.487,0.048914,0.031043,0.010669,9600,0,10.094360351562500000,9.361267089843750000,,,63.0,63.0,63.00,63.0,64.0,1916,0,0,0.000,0.0,0.0,19.777
2026-09-19T01:01:39Z,EF223C7A2D93AE2B,18.4,queries/tpch/tpch-queries/q21/v1_materialized.sql,measured,1,2,1,2,0.967928,0.483964,916.932,0.050996,0.027453,0.014656,9472,0,19.753906250000000000,18.383117675781250000,,,63.0,75.0,70.20,75.0,75.0,2090,0,0,0.000,0.0,0.0,20.408
2026-09-19T01:01:41Z,EF223C7A2D93AE2B,18.4,queries/tpch/tpch-queries/q21/v1_materialized.sql,measured,1,4,1,2,1.876562,0.469140,1807.758,0.068804,0.032400,0.011100,9600,0,38.692382812500000000,35.979492187500000000,,,75.0,78.0,76.40,78.0,78.0,2350,0,0,0.000,0.0,0.0,20.619
2026-09-19T01:01:45Z,EF223C7A2D93AE2B,18.4,queries/tpch/tpch-queries/q21/v1_materialized.sql,measured,1,8,1,2,3.632152,0.454019,3568.835,0.063317,0.031950,0.012658,9600,0,75.890808105468750000,70.465515136718750000,,,78.0,78.0,77.74,78.0,78.0,2281,0,0,0.000,0.0,0.0,20.894
2026-09-19T01:01:52Z,EF223C7A2D93AE2B,18.4,queries/tpch/tpch-queries/q21/v1_materialized.sql,measured,1,16,1,2,7.217888,0.451118,7090.152,0.127736,0.039322,0.008882,9600,0,151.717041015625000000,140.873352050781250000,,,78.0,83.0,80.16,83.0,83.0,2447,0,0,0.000,0.0,0.0,21.020
2026-09-19T01:02:02Z,91C9DD0EA29A74EC,18.4,queries/tpch/tpch-queries/q19/base.sql,warmup,1,1,1,2,1.849639,1.849639,1757.023,0.092616,0.028572,0.013213,9600,0,10.200439453125000000,6.320800781250000000,,,60.0,60.0,61.50,63.0,63.0,1473,0,0,7.772,0.0,4.0,5.515
2026-09-19T01:02:02Z,91C9DD0EA29A74EC,18.4,queries/tpch/tpch-queries/q19/base.sql,warmup,2,1,1,2,0.078709,0.078709,31.284,0.047425,0.030764,0.010536,9600,0,0.898437500000000000,0.779296875000000000,,,60.0,60.0,60.00,60.0,60.0,2350,0,0,0.052,0.0,0.0,11.415
2026-09-19T01:02:03Z,91C9DD0EA29A74EC,18.4,queries/tpch/tpch-queries/q19/base.sql,measured,1,1,1,2,0.079580,0.079580,30.998,0.048582,0.027663,0.014784,9472,0,0.942504882812500000,0.814575195312500000,,,60.0,60.0,60.00,60.0,60.0,1700,0,0,0.000,0.0,0.0,11.844
2026-09-19T01:02:03Z,91C9DD0EA29A74EC,18.4,queries/tpch/tpch-queries/q19/base.sql,measured,1,2,1,2,0.107533,0.053767,59.051,0.048482,0.028573,0.013017,9600,0,1.358520507812500000,1.194763183593750000,,,60.0,60.0,60.00,60.0,60.0,1375,0,0,0.000,0.0,0.0,12.634
2026-09-19T01:02:03Z,91C9DD0EA29A74EC,18.4,queries/tpch/tpch-queries/q19/base.sql,measured,1,4,1,2,0.164696,0.041174,114.152,0.050544,0.030487,0.011530,9472,0,2.256591796875000000,2.034301757812500000,,,60.0,60.0,60.00,60.0,60.0,1375,0,0,0.000,0.0,0.0,13.702
2026-09-19T01:02:03Z,91C9DD0EA29A74EC,18.4,queries/tpch/tpch-queries/q19/base.sql,measured,1,8,1,2,0.288855,0.036107,223.040,0.065815,0.034093,0.009235,9600,0,4.118835449218750000,3.692077636718750000,,,60.0,72.0,66.00,72.0,72.0,2025,0,0,0.000,0.0,0.0,14.259
2026-09-19T01:02:04Z,91C9DD0EA29A74EC,18.4,queries/tpch/tpch-queries/q19/base.sql,measured,1,16,1,2,0.507439,0.031715,442.130,0.065309,0.035602,0.011717,9472,0,7.897460937500000000,7.125122070312500000,,,72.0,72.0,72.00,72.0,72.0,2350,0,0,0.000,0.0,0.0,15.563
2026-09-19T01:02:22Z,2E3763049E5B26AF,18.4,queries/tpch/tpch-queries/q07/base.sql,warmup,1,1,1,2,12.394562,12.394562,12119.067,0.275495,0.029771,0.012346,9600,0,91.955932617187500000,65.755981445312500000,,,58.0,61.0,61.00,67.0,67.0,2173,0,0,5.198,0.0,2.0,7.419
2026-09-19T01:02:22Z,2E3763049E5B26AF,18.4,queries/tpch/tpch-queries/q07/base.sql,warmup,2,1,1,2,0.669100,0.669100,619.465,0.049635,0.028665,0.012699,9600,0,10.286437988281250000,9.370300292968750000,,,61.0,72.0,63.75,72.0,72.0,2107,0,0,0.000,0.0,0.0,15.374
2026-09-19T01:02:23Z,2E3763049E5B26AF,18.4,queries/tpch/tpch-queries/q07/base.sql,measured,1,1,1,2,0.668641,0.668641,618.569,0.050072,0.027755,0.013805,9600,0,10.165283203125000000,9.248291015625000000,,,72.0,61.0,72.00,72.0,72.0,1944,0,0,0.000,0.0,0.0,15.203
2026-09-19T01:02:25Z,2E3763049E5B26AF,18.4,queries/tpch/tpch-queries/q07/base.sql,measured,1,2,1,2,1.261523,0.630762,1206.952,0.054571,0.034862,0.008718,9472,0,19.423339843750000000,17.687255859375000000,,,61.0,72.0,64.14,72.0,72.0,1886,0,0,0.000,0.0,0.0,15.397
2026-09-19T01:02:27Z,2E3763049E5B26AF,18.4,queries/tpch/tpch-queries/q07/base.sql,measured,1,4,1,2,2.436967,0.609242,2377.936,0.059031,0.026157,0.016793,9472,0,38.104797363281250000,34.585937500000000000,,,72.0,61.0,72.77,73.0,73.0,1850,0,0,0.000,0.0,0.0,15.636
2026-09-19T01:02:32Z,2E3763049E5B26AF,18.4,queries/tpch/tpch-queries/q07/base.sql,measured,1,8,1,2,4.799944,0.599993,4726.305,0.073639,0.034333,0.012578,9600,0,75.762573242187500000,69.115417480468750000,,,61.0,75.0,71.67,77.0,77.0,1808,0,0,0.000,0.0,0.0,15.784
2026-09-19T01:02:42Z,2E3763049E5B26AF,18.4,queries/tpch/tpch-queries/q07/base.sql,measured,1,16,1,2,9.543782,0.596486,9396.640,0.147142,0.034448,0.013546,9600,0,151.065429687500000000,137.680053710937500000,,,75.0,77.0,76.12,77.0,77.0,2012,0,0,0.001,0.0,0.0,15.829
2026-09-19T01:02:52Z,537FFA765712CB73,18.4,queries/tpch/tpch-queries/q08/base.sql,warmup,1,1,1,2,4.708897,4.708897,4448.856,0.260041,0.028147,0.013845,9600,0,31.409179687500000000,21.437561035156250000,,,60.0,63.0,62.58,64.0,64.0,1632,0,0,5.665,0.0,2.0,6.670
2026-09-19T01:02:52Z,537FFA765712CB73,18.4,queries/tpch/tpch-queries/q08/base.sql,warmup,2,1,1,2,0.180688,0.180688,130.280,0.050408,0.030411,0.011158,9600,0,2.473388671875000000,2.207702636718750000,,,63.0,69.0,63.00,63.0,63.0,1375,0,0,0.001,0.0,0.0,13.689
2026-09-19T01:02:53Z,537FFA765712CB73,18.4,queries/tpch/tpch-queries/q08/base.sql,measured,1,1,1,2,0.178811,0.178811,128.170,0.050641,0.028986,0.012976,9600,0,2.529418945312500000,2.260986328125000000,,,69.0,69.0,69.00,69.0,67.0,2676,0,0,0.004,0.0,0.0,14.146
2026-09-19T01:02:53Z,537FFA765712CB73,18.4,queries/tpch/tpch-queries/q08/base.sql,measured,1,2,1,2,0.321751,0.160875,242.978,0.078773,0.033365,0.008930,9600,0,4.478210449218750000,3.947937011718750000,,,69.0,69.0,69.00,69.0,67.0,2350,0,0,0.000,0.0,0.0,13.918
2026-09-19T01:02:54Z,537FFA765712CB73,18.4,queries/tpch/tpch-queries/q08/base.sql,measured,1,4,1,2,0.534747,0.133687,475.975,0.058772,0.029104,0.013729,9600,0,8.195007324218750000,7.384887695312500000,,,69.0,75.0,71.00,75.0,75.0,2025,0,0,0.000,0.0,0.0,15.325
2026-09-19T01:02:55Z,537FFA765712CB73,18.4,queries/tpch/tpch-queries/q08/base.sql,measured,1,8,1,2,0.999196,0.124899,929.726,0.069470,0.032719,0.011461,9600,0,15.546325683593750000,14.136840820312500000,,,75.0,75.0,75.00,75.0,75.0,2156,0,0,0.000,0.0,0.0,15.559
2026-09-19T01:02:57Z,537FFA765712CB73,18.4,queries/tpch/tpch-queries/q08/base.sql,measured,1,16,1,2,1.979933,0.123746,1843.326,0.136607,0.032862,0.014884,9600,0,30.680847167968750000,27.876342773437500000,,,75.0,76.0,74.10,76.0,76.0,2188,0,0,0.001,0.0,0.0,15.496
2026-09-19T01:03:04Z,9950A68D102FB100,18.4,queries/tpch/tpch-queries/q14/v2_filter.sql,warmup,1,1,1,2,1.483090,1.483090,1316.599,0.166491,0.028723,0.012797,9600,0,14.902709960937500000,11.663085937500000000,,,58.0,65.0,60.62,65.0,65.0,2594,0,0,5.483,0.0,2.0,10.048
2026-09-19T01:03:04Z,9950A68D102FB100,18.4,queries/tpch/tpch-queries/q14/v2_filter.sql,warmup,2,1,1,2,0.202364,0.202364,155.031,0.047333,0.026532,0.014986,9600,0,3.210815429687500000,2.913635253906250000,,,65.0,59.0,65.00,65.0,65.0,2025,0,0,0.052,0.0,0.0,15.866
2026-09-19T01:03:05Z,9950A68D102FB100,18.4,queries/tpch/tpch-queries/q14/v2_filter.sql,measured,1,1,1,2,0.201589,0.201589,154.154,0.047435,0.028731,0.013104,9472,0,3.201171875000000000,2.860656738281250000,,,59.0,59.0,59.00,59.0,59.0,1862,0,0,0.000,0.0,0.0,15.880
2026-09-19T01:03:05Z,9950A68D102FB100,18.4,queries/tpch/tpch-queries/q14/v2_filter.sql,measured,1,2,1,2,0.331433,0.165717,283.372,0.048061,0.026596,0.015347,9600,0,5.743896484375000000,5.229125976562500000,,,59.0,59.0,59.00,59.0,59.0,1838,0,0,0.000,0.0,0.0,17.330
2026-09-19T01:03:06Z,9950A68D102FB100,18.4,queries/tpch/tpch-queries/q14/v2_filter.sql,measured,1,4,1,2,0.583933,0.145983,534.942,0.048991,0.033646,0.008198,9472,0,10.547363281250000000,9.700805664062500000,,,59.0,71.0,67.00,71.0,71.0,2675,0,0,0.000,0.0,0.0,18.063
2026-09-19T01:03:07Z,9950A68D102FB100,18.4,queries/tpch/tpch-queries/q14/v2_filter.sql,measured,1,8,1,2,1.188699,0.148587,1053.287,0.135412,0.033113,0.011543,9600,0,20.836914062500000000,19.086914062500000000,,,71.0,74.0,72.50,74.0,74.0,2892,0,0,0.000,0.0,0.0,17.529
2026-09-19T01:03:09Z,9950A68D102FB100,18.4,queries/tpch/tpch-queries/q14/v2_filter.sql,measured,1,16,1,2,2.132175,0.133261,2073.135,0.059040,0.036333,0.009186,9472,0,40.692138671875000000,37.433654785156250000,,,74.0,76.0,75.18,76.0,76.0,2705,0,0,0.000,0.0,0.0,19.085
2026-09-19T01:03:16Z,812DA428AE1B4540,18.4,queries/tpch/tpch-queries/q04/v1_materialized.sql,warmup,1,1,1,2,1.790013,1.790013,1667.902,0.122111,0.028197,0.013467,9600,0,16.624511718750000000,12.666503906250000000,,,58.0,65.0,61.11,65.0,65.0,2820,0,0,5.365,0.0,2.0,9.287
2026-09-19T01:03:16Z,812DA428AE1B4540,18.4,queries/tpch/tpch-queries/q04/v1_materialized.sql,warmup,2,1,1,2,0.154930,0.154930,108.050,0.046880,0.031649,0.009799,9600,0,2.522521972656250000,2.316772460937500000,,,65.0,63.0,65.00,65.0,65.0,2675,0,0,0.001,0.0,0.0,16.282
2026-09-19T01:03:17Z,812DA428AE1B4540,18.4,queries/tpch/tpch-queries/q04/v1_materialized.sql,measured,1,1,1,2,0.157015,0.157015,108.279,0.048736,0.027290,0.014372,9472,0,2.579284667968750000,2.338012695312500000,,,63.0,63.0,63.00,63.0,63.0,2025,0,0,0.000,0.0,0.0,16.427
2026-09-19T01:03:17Z,812DA428AE1B4540,18.4,queries/tpch/tpch-queries/q04/v1_materialized.sql,measured,1,2,1,2,0.255123,0.127561,203.497,0.051626,0.029669,0.012006,9600,0,4.538940429687500000,4.132507324218750000,,,63.0,63.0,63.00,63.0,63.0,3000,0,0,0.000,0.0,0.0,17.791
2026-09-19T01:03:18Z,812DA428AE1B4540,18.4,queries/tpch/tpch-queries/q04/v1_materialized.sql,measured,1,4,1,2,0.441402,0.110351,391.850,0.049552,0.027407,0.014779,9472,0,8.255493164062500000,7.651428222656250000,,,63.0,74.0,66.67,74.0,74.0,1917,0,0,0.000,0.0,0.0,18.703
2026-09-19T01:03:19Z,812DA428AE1B4540,18.4,queries/tpch/tpch-queries/q04/v1_materialized.sql,measured,1,8,1,2,0.826434,0.103304,773.317,0.053117,0.027875,0.015486,9600,0,15.921081542968750000,14.781799316406250000,,,74.0,76.0,74.40,76.0,76.0,2415,0,0,0.000,0.0,0.0,19.265
2026-09-19T01:03:20Z,812DA428AE1B4540,18.4,queries/tpch/tpch-queries/q04/v1_materialized.sql,measured,1,16,1,2,1.595959,0.099747,1535.683,0.060276,0.034396,0.011503,9600,0,31.526000976562500000,29.228027343750000000,,,76.0,76.0,76.00,76.0,76.0,2309,0,0,0.000,0.0,0.0,19.754
2026-09-19T01:03:28Z,97B751FD41B7BE00,18.4,queries/tpch/tpch-queries/q15/v1_materialized.sql,warmup,1,1,1,2,2.124468,2.124468,2042.516,0.081952,0.029314,0.012464,9472,0,17.653137207031250000,13.049987792968750000,,,57.0,63.0,59.82,63.0,63.0,1966,0,0,5.524,0.0,2.0,8.309
2026-09-19T01:03:28Z,97B751FD41B7BE00,18.4,queries/tpch/tpch-queries/q15/v1_materialized.sql,warmup,2,1,1,2,0.332129,0.332129,284.777,0.047352,0.027851,0.013831,9472,0,2.497375488281250000,2.098388671875000000,,,63.0,63.0,63.00,63.0,63.0,1212,0,0,0.001,0.0,0.0,7.519
2026-09-19T01:03:29Z,97B751FD41B7BE00,18.4,queries/tpch/tpch-queries/q15/v1_materialized.sql,measured,1,1,1,2,0.335954,0.335954,288.133,0.047821,0.028507,0.013667,9600,0,2.608093261718750000,2.176940917968750000,,,63.0,59.0,63.00,63.0,63.0,1375,0,0,0.000,0.0,0.0,7.763
2026-09-19T01:03:29Z,97B751FD41B7BE00,18.4,queries/tpch/tpch-queries/q15/v1_materialized.sql,measured,1,2,1,2,0.559058,0.279529,510.800,0.048258,0.030273,0.011774,9600,0,4.244079589843750000,3.548339843750000000,,,59.0,59.0,59.00,59.0,59.0,1700,0,0,0.000,0.0,0.0,7.591
2026-09-19T01:03:30Z,97B751FD41B7BE00,18.4,queries/tpch/tpch-queries/q15/v1_materialized.sql,measured,1,4,1,2,1.013714,0.253429,958.883,0.054831,0.024674,0.018177,9600,0,7.701904296875000000,6.458862304687500000,,,59.0,70.0,66.33,70.0,70.0,1321,0,0,0.000,0.0,0.0,7.598
2026-09-19T01:03:32Z,97B751FD41B7BE00,18.4,queries/tpch/tpch-queries/q15/v1_materialized.sql,measured,1,8,1,2,1.905786,0.238223,1853.063,0.052723,0.026794,0.016337,9600,0,14.749267578125000000,12.252502441406250000,,,70.0,69.0,68.60,70.0,70.0,1148,0,0,0.000,0.0,0.0,7.739
2026-09-19T01:03:36Z,97B751FD41B7BE00,18.4,queries/tpch/tpch-queries/q15/v1_materialized.sql,measured,1,16,1,2,3.685435,0.230340,3625.983,0.059452,0.032833,0.012545,9600,0,28.036499023437500000,23.521728515625000000,,,69.0,67.0,66.58,69.0,69.0,1375,0,0,0.000,0.0,0.0,7.607
2026-09-19T01:03:41Z,9678BCCB3E3483D4,18.4,queries/tpch/tpch-queries/q12/base.sql,warmup,1,1,1,2,1.674249,1.674249,1520.487,0.153762,0.029061,0.012869,9600,0,19.497924804687500000,15.645446777343750000,,,58.0,64.0,60.67,64.0,64.0,2675,0,0,3.378,0.0,0.0,11.646
2026-09-19T01:03:42Z,9678BCCB3E3483D4,18.4,queries/tpch/tpch-queries/q12/base.sql,warmup,2,1,1,2,0.385309,0.385309,337.834,0.047475,0.031069,0.010795,9600,0,6.410156250000000000,5.857299804687500000,,,64.0,69.0,66.50,69.0,69.0,2188,0,0,0.053,0.0,0.0,16.636
2026-09-19T01:03:43Z,9678BCCB3E3483D4,18.4,queries/tpch/tpch-queries/q12/base.sql,measured,1,1,1,2,0.459829,0.459829,332.450,0.127379,0.029471,0.012838,9472,0,6.918823242187500000,6.188171386718750000,,,69.0,69.0,69.00,69.0,69.0,2783,0,0,0.000,0.0,0.0,15.047
2026-09-19T01:03:43Z,9678BCCB3E3483D4,18.4,queries/tpch/tpch-queries/q12/base.sql,measured,1,2,1,2,0.693491,0.346745,644.873,0.048618,0.031756,0.010732,9472,0,12.130554199218750000,11.097656250000000000,,,69.0,71.0,70.50,71.0,71.0,2594,0,0,0.000,0.0,0.0,17.492
2026-09-19T01:03:45Z,9678BCCB3E3483D4,18.4,queries/tpch/tpch-queries/q12/base.sql,measured,1,4,1,2,1.297079,0.324270,1246.557,0.050522,0.028449,0.014602,9600,0,23.158325195312500000,21.292907714843750000,,,71.0,62.0,72.43,73.0,73.0,2584,0,0,0.000,0.0,0.0,17.854
2026-09-19T01:03:47Z,9678BCCB3E3483D4,18.4,queries/tpch/tpch-queries/q12/base.sql,measured,1,8,1,2,2.459926,0.307491,2406.222,0.053704,0.032544,0.011187,9472,0,45.311889648437500000,41.814880371093750000,,,62.0,75.0,69.62,75.0,75.0,2750,0,0,0.000,0.0,0.0,18.420
2026-09-19T01:03:52Z,9678BCCB3E3483D4,18.4,queries/tpch/tpch-queries/q12/base.sql,measured,1,16,1,2,4.833623,0.302101,4771.358,0.062265,0.036749,0.011051,9600,0,89.839782714843750000,83.090209960937500000,,,75.0,78.0,76.16,79.0,79.0,2493,0,0,0.001,0.0,0.0,18.586
2026-09-19T01:03:59Z,3EDE26D97DE4E616,18.4,queries/tpch/tpch-queries/q19/v2_union_all.sql,warmup,1,1,1,2,1.064384,1.064384,978.044,0.086340,0.031181,0.010049,9600,0,7.342285156250000000,5.114196777343750000,,,59.0,62.0,59.50,62.0,62.0,1808,0,0,5.648,0.0,2.0,6.898
2026-09-19T01:03:59Z,3EDE26D97DE4E616,18.4,queries/tpch/tpch-queries/q19/v2_union_all.sql,warmup,2,1,1,2,0.092291,0.092291,44.143,0.048148,0.033328,0.008244,9600,0,1.120849609375000000,0.978637695312500000,,,62.0,62.0,62.00,62.0,62.0,1050,0,0,0.052,0.0,0.0,12.145
2026-09-19T01:04:00Z,3EDE26D97DE4E616,18.4,queries/tpch/tpch-queries/q19/v2_union_all.sql,measured,1,1,1,2,0.090844,0.090844,42.538,0.048306,0.030961,0.010835,9600,0,1.106994628906250000,0.969177246093750000,,,62.0,62.0,62.00,62.0,62.0,3001,0,0,0.000,0.0,0.0,12.186
2026-09-19T01:04:00Z,3EDE26D97DE4E616,18.4,queries/tpch/tpch-queries/q19/v2_union_all.sql,measured,1,2,1,2,0.131711,0.065856,82.283,0.049428,0.025589,0.016064,9600,0,1.763610839843750000,1.583679199218750000,,,62.0,62.0,62.00,62.0,62.0,1700,0,0,0.000,0.0,0.0,13.390
2026-09-19T01:04:00Z,3EDE26D97DE4E616,18.4,queries/tpch/tpch-queries/q19/v2_union_all.sql,measured,1,4,1,2,0.212361,0.053090,159.792,0.052569,0.031910,0.010710,9600,0,3.097595214843750000,2.789428710937500000,,,62.0,73.0,67.50,73.0,73.0,2188,0,0,0.000,0.0,0.0,14.586
2026-09-19T01:04:01Z,3EDE26D97DE4E616,18.4,queries/tpch/tpch-queries/q19/v2_union_all.sql,measured,1,8,1,2,0.373217,0.046652,315.070,0.058147,0.028054,0.015661,9472,0,5.799377441406250000,5.232177734375000000,,,73.0,73.0,73.00,73.0,73.0,2025,0,0,0.000,0.0,0.0,15.539
2026-09-19T01:04:01Z,3EDE26D97DE4E616,18.4,queries/tpch/tpch-queries/q19/v2_union_all.sql,measured,1,16,1,2,0.722647,0.045165,633.534,0.089113,0.034227,0.012344,9600,0,11.189575195312500000,10.098815917968750000,,,73.0,73.0,73.00,73.0,73.0,2513,0,0,0.000,0.0,0.0,15.484
2026-09-19T01:04:09Z,6FB0B089CAF5528E,18.4,queries/tpch/tpch-queries/q13/base.sql,warmup,1,1,1,2,1.673157,1.673157,1541.529,0.131628,0.030283,0.011295,9472,0,13.775268554687500000,10.351806640625000000,,,57.0,67.0,61.44,67.0,67.0,1411,0,0,5.219,0.0,2.0,8.233
2026-09-19T01:04:10Z,6FB0B089CAF5528E,18.4,queries/tpch/tpch-queries/q13/base.sql,warmup,2,1,1,2,1.410649,1.410649,1363.655,0.046994,0.025122,0.016400,9600,0,10.059204101562500000,8.382934570312500000,,,67.0,64.0,64.38,67.0,67.0,1253,0,0,0.052,0.0,0.0,7.131
2026-09-19T01:04:12Z,6FB0B089CAF5528E,18.4,queries/tpch/tpch-queries/q13/base.sql,measured,1,1,1,2,1.414391,1.414391,1367.236,0.047155,0.030421,0.011399,9472,0,10.105407714843750000,8.379150390625000000,,,64.0,58.0,64.00,64.0,64.0,1091,0,0,0.000,0.0,0.0,7.145
2026-09-19T01:04:15Z,6FB0B089CAF5528E,18.4,queries/tpch/tpch-queries/q13/base.sql,measured,1,2,1,2,2.751616,1.375808,2702.828,0.048788,0.026101,0.015624,9472,0,19.812377929687500000,16.205505371093750000,,,58.0,66.0,63.86,68.0,68.0,1050,0,0,0.000,0.0,0.0,7.200
2026-09-19T01:04:20Z,6FB0B089CAF5528E,18.4,queries/tpch/tpch-queries/q13/base.sql,measured,1,4,1,2,5.462512,1.365628,5410.653,0.051859,0.032493,0.009814,9600,0,38.727233886718750000,32.060546875000000000,,,66.0,67.0,67.50,69.0,69.0,1062,0,0,0.000,0.0,0.0,7.090
2026-09-19T01:04:31Z,6FB0B089CAF5528E,18.4,queries/tpch/tpch-queries/q13/base.sql,measured,1,8,1,2,10.884412,1.360551,10778.167,0.106245,0.030539,0.012451,9600,0,75.891357421875000000,62.731506347656250000,,,67.0,66.0,66.42,68.0,68.0,1062,0,0,0.000,0.0,0.0,6.972
2026-09-19T01:04:53Z,6FB0B089CAF5528E,18.4,queries/tpch/tpch-queries/q13/base.sql,measured,1,16,1,2,21.434627,1.339664,21363.594,0.071033,0.031882,0.012520,9600,0,148.323242187500000000,122.479797363281250000,,,66.0,62.0,63.05,66.0,66.0,1117,0,0,0.000,0.0,0.0,6.920
2026-09-19T01:05:02Z,A13360C9558D7D15,18.4,queries/tpch/tpch-queries/q18/base.sql,warmup,1,1,1,2,5.930248,5.930248,5683.306,0.246942,0.034118,0.007899,9600,0,123.442260742187500000,111.593078613281250000,,,58.0,61.0,74.33,80.0,80.0,2307,0,0,3.346,0.0,0.0,20.816
2026-09-19T01:05:07Z,A13360C9558D7D15,18.4,queries/tpch/tpch-queries/q18/base.sql,warmup,2,1,1,2,4.742154,4.742154,4693.632,0.048522,0.028025,0.013604,9728,0,109.544921875000000000,102.764770507812500000,,,61.0,83.0,76.96,83.0,83.0,2201,0,0,0.001,0.0,0.0,23.100
2026-09-19T01:05:12Z,A13360C9558D7D15,18.4,queries/tpch/tpch-queries/q18/base.sql,measured,1,1,1,2,4.784483,4.784483,4688.217,0.096266,0.028816,0.012753,9600,0,110.452392578125000000,103.598999023437500000,,,83.0,85.0,83.46,85.0,85.0,2269,0,0,0.000,0.0,0.0,23.086
2026-09-19T01:05:21Z,A13360C9558D7D15,18.4,queries/tpch/tpch-queries/q18/base.sql,measured,1,2,1,2,9.412402,4.706201,9362.225,0.050177,0.030568,0.011301,9472,0,221.688842773437500000,207.921630859375000000,,,85.0,84.0,87.87,90.0,90.0,2302,0,0,0.000,0.0,0.0,23.553
2026-09-19T01:05:40Z,A13360C9558D7D15,18.4,queries/tpch/tpch-queries/q18/base.sql,measured,1,4,1,2,18.807589,4.701897,18711.222,0.096367,0.022869,0.019960,9600,0,448.732971191406250000,421.136169433593750000,,,84.0,95.0,92.07,95.0,95.0,2277,0,0,0.000,0.0,0.0,23.859
2026-09-19T01:06:18Z,A13360C9558D7D15,18.4,queries/tpch/tpch-queries/q18/base.sql,measured,1,8,1,2,37.963272,4.745409,37880.794,0.082478,0.031529,0.012847,9600,0,872.191589355468750000,816.966125488281250000,,,95.0,92.0,93.94,97.0,97.0,2269,10,40,0.000,0.0,0.0,22.975
2026-09-19T01:07:36Z,A13360C9558D7D15,18.4,queries/tpch/tpch-queries/q18/base.sql,measured,1,16,1,2,77.385192,4.836574,77311.070,0.074122,0.034371,0.012941,9600,0,1700.063903808593750000,1588.959472656250000000,,,92.0,88.0,92.62,95.0,95.0,2188,0,0,0.000,0.0,0.0,21.969
2026-09-19T01:08:04Z,4A9C1A0784E08817,18.4,queries/tpch/tpch-queries/q05/base.sql,warmup,1,1,1,2,8.559873,8.559873,8452.998,0.106875,0.029000,0.012618,9600,0,48.251953125000000000,30.285949707031250000,,,59.0,60.0,60.23,62.0,62.0,1533,0,0,19.612,0.0,16.0,5.637
2026-09-19T01:08:04Z,4A9C1A0784E08817,18.4,queries/tpch/tpch-queries/q05/base.sql,warmup,2,1,1,2,0.286651,0.286651,236.717,0.049934,0.030371,0.011381,9472,0,4.180053710937500000,3.787780761718750000,,,60.0,60.0,60.00,60.0,60.0,2025,0,0,0.000,0.0,0.0,14.582
2026-09-19T01:08:05Z,4A9C1A0784E08817,18.4,queries/tpch/tpch-queries/q05/base.sql,measured,1,1,1,2,0.283074,0.283074,233.628,0.049446,0.033667,0.007632,9472,0,4.137207031250000000,3.744873046875000000,,,60.0,60.0,60.00,60.0,60.0,2025,0,0,0.000,0.0,0.0,14.615
2026-09-19T01:08:05Z,4A9C1A0784E08817,18.4,queries/tpch/tpch-queries/q05/base.sql,measured,1,2,1,2,0.503663,0.251831,451.173,0.052490,0.029025,0.012962,9472,0,7.674316406250000000,6.974243164062500000,,,60.0,61.0,60.00,60.0,60.0,2025,0,0,0.000,0.0,0.0,15.237
2026-09-19T01:08:06Z,4A9C1A0784E08817,18.4,queries/tpch/tpch-queries/q05/base.sql,measured,1,4,1,2,0.938175,0.234544,880.782,0.057393,0.025552,0.017032,9472,0,14.699523925781250000,13.343933105468750000,,,61.0,63.0,61.00,61.0,61.0,2090,0,0,0.000,0.0,0.0,15.668
2026-09-19T01:08:08Z,4A9C1A0784E08817,18.4,queries/tpch/tpch-queries/q05/base.sql,measured,1,8,1,2,1.827550,0.228444,1760.074,0.067476,0.031955,0.011795,9600,0,28.970214843750000000,26.441711425781250000,,,63.0,63.0,68.00,73.0,73.0,1960,0,0,0.000,0.0,0.0,15.852
2026-09-19T01:08:12Z,4A9C1A0784E08817,18.4,queries/tpch/tpch-queries/q05/base.sql,measured,1,16,1,2,3.576428,0.223527,3487.515,0.088913,0.035176,0.012013,9600,0,57.422119140625000000,52.241394042968750000,,,63.0,75.0,71.39,75.0,75.0,2007,0,0,0.000,0.0,0.0,16.056
2026-09-19T01:08:30Z,2C6D6C6FD72C28AB,18.4,queries/tpch/tpch-queries/q07/base.sql,warmup,1,1,1,2,12.378775,12.378775,12275.507,0.103268,0.028343,0.013296,9600,0,93.658264160156250000,67.580688476562500000,,,58.0,63.0,61.06,67.0,67.0,2092,0,0,5.540,0.0,2.0,7.566
2026-09-19T01:08:31Z,2C6D6C6FD72C28AB,18.4,queries/tpch/tpch-queries/q07/base.sql,warmup,2,1,1,2,0.674337,0.674337,624.712,0.049625,0.025179,0.016282,9600,0,10.307189941406250000,9.390686035156250000,,,63.0,71.0,65.00,71.0,71.0,2025,0,0,0.001,0.0,0.0,15.285
2026-09-19T01:08:31Z,2C6D6C6FD72C28AB,18.4,queries/tpch/tpch-queries/q07/base.sql,measured,1,1,1,2,0.675805,0.675805,625.855,0.049950,0.030928,0.010822,9600,0,10.358886718750000000,9.432128906250000000,,,71.0,61.0,71.00,71.0,71.0,2188,0,0,0.000,0.0,0.0,15.328
2026-09-19T01:08:33Z,2C6D6C6FD72C28AB,18.4,queries/tpch/tpch-queries/q07/base.sql,measured,1,2,1,2,1.259272,0.629636,1206.380,0.052892,0.031527,0.010183,9600,0,19.656738281250000000,17.933959960937500000,,,61.0,72.0,64.14,72.0,72.0,1746,0,0,0.000,0.0,0.0,15.610
2026-09-19T01:08:35Z,2C6D6C6FD72C28AB,18.4,queries/tpch/tpch-queries/q07/base.sql,measured,1,4,1,2,2.437913,0.609478,2379.231,0.058682,0.029922,0.012676,9600,0,38.673950195312500000,35.180053710937500000,,,72.0,62.0,73.15,74.0,74.0,1900,0,0,0.000,0.0,0.0,15.864
2026-09-19T01:08:40Z,2C6D6C6FD72C28AB,18.4,queries/tpch/tpch-queries/q07/base.sql,measured,1,8,1,2,4.774357,0.596795,4704.148,0.070209,0.030588,0.013362,9600,0,76.221862792968750000,69.504394531250000000,,,62.0,76.0,72.46,76.0,76.0,1998,0,0,0.000,0.0,0.0,15.965
2026-09-19T01:08:50Z,2C6D6C6FD72C28AB,18.4,queries/tpch/tpch-queries/q07/base.sql,measured,1,16,1,2,9.570717,0.598170,9420.492,0.150225,0.037144,0.010936,9600,0,153.614990234375000000,139.972900390625000000,,,76.0,79.0,77.38,80.0,80.0,1971,0,0,0.000,0.0,0.0,16.051
2026-09-19T01:09:00Z,1838AEC21023CDAF,18.4,queries/tpch/tpch-queries/q02/v2_decorrelate.sql,warmup,1,1,1,2,2.325708,2.325708,2187.481,0.138227,0.033304,0.011297,9600,0,12.213317871093750000,7.398681640625000000,,,59.0,67.0,60.75,67.0,67.0,1158,0,0,7.665,0.0,4.0,5.251
2026-09-19T01:09:00Z,1838AEC21023CDAF,18.4,queries/tpch/tpch-queries/q02/v2_decorrelate.sql,warmup,2,1,1,2,0.244794,0.244794,195.032,0.049762,0.034337,0.007498,9600,0,1.820190429687500000,1.531372070312500000,,,67.0,67.0,67.00,67.0,67.0,1538,0,0,0.001,0.0,0.0,7.436
2026-09-19T01:09:01Z,1838AEC21023CDAF,18.4,queries/tpch/tpch-queries/q02/v2_decorrelate.sql,measured,1,1,1,2,0.241193,0.241193,191.235,0.049958,0.027239,0.014903,9472,0,1.861999511718750000,1.559204101562500000,,,67.0,69.0,68.00,69.0,69.0,1213,0,0,0.000,0.0,0.0,7.720
2026-09-19T01:09:01Z,1838AEC21023CDAF,18.4,queries/tpch/tpch-queries/q02/v2_decorrelate.sql,measured,1,2,1,2,0.430538,0.215269,377.395,0.053143,0.031009,0.011151,9472,0,3.361511230468750000,2.732360839843750000,,,69.0,69.0,69.00,69.0,69.0,1592,0,0,0.000,0.0,0.0,7.808
2026-09-19T01:09:02Z,1838AEC21023CDAF,18.4,queries/tpch/tpch-queries/q02/v2_decorrelate.sql,measured,1,4,1,2,0.790992,0.197748,731.085,0.059907,0.030933,0.012256,9600,0,6.023071289062500000,4.950073242187500000,,,69.0,69.0,69.00,69.0,69.0,1944,0,0,0.000,0.0,0.0,7.615
2026-09-19T01:09:04Z,1838AEC21023CDAF,18.4,queries/tpch/tpch-queries/q02/v2_decorrelate.sql,measured,1,8,1,2,1.550798,0.193850,1436.520,0.114278,0.033090,0.012071,9600,0,11.487060546875000000,9.552612304687500000,,,69.0,70.0,69.12,70.0,70.0,1781,0,0,0.000,0.0,0.0,7.407
2026-09-19T01:09:07Z,1838AEC21023CDAF,18.4,queries/tpch/tpch-queries/q02/v2_decorrelate.sql,measured,1,16,1,2,2.963493,0.185218,2862.679,0.100814,0.035071,0.013922,9472,0,22.126464843750000000,18.516784667968750000,,,70.0,67.0,67.80,70.0,70.0,1592,0,0,0.000,0.0,0.0,7.466
2026-09-19T01:09:16Z,9A6AAEABFC11D5FF,18.4,queries/tpch/tpch-queries/q18/base.sql,warmup,1,1,1,2,5.953733,5.953733,5707.673,0.246060,0.030361,0.011138,9472,0,125.096679687500000000,113.293701171875000000,,,60.0,64.0,76.50,82.0,82.0,2220,0,0,3.217,0.0,0.0,21.011
2026-09-19T01:09:21Z,9A6AAEABFC11D5FF,18.4,queries/tpch/tpch-queries/q18/base.sql,warmup,2,1,1,2,4.768766,4.768766,4720.073,0.048693,0.030788,0.011100,9600,0,111.179382324218750000,104.280639648437500000,,,64.0,85.0,79.79,85.0,85.0,2187,0,0,0.001,0.0,0.0,23.314
2026-09-19T01:09:26Z,9A6AAEABFC11D5FF,18.4,queries/tpch/tpch-queries/q18/base.sql,measured,1,1,1,2,4.764293,4.764293,4708.179,0.056114,0.031466,0.010212,9600,0,111.972106933593750000,105.078430175781250000,,,85.0,87.0,85.46,87.0,87.0,2228,0,0,0.000,0.0,0.0,23.502
2026-09-19T01:09:35Z,9A6AAEABFC11D5FF,18.4,queries/tpch/tpch-queries/q18/base.sql,measured,1,2,1,2,9.456669,4.728334,9403.292,0.053377,0.029539,0.012850,9600,0,224.912902832031250000,211.216735839843750000,,,87.0,84.0,89.33,92.0,92.0,2336,0,0,0.000,0.0,0.0,23.784
2026-09-19T01:09:54Z,9A6AAEABFC11D5FF,18.4,queries/tpch/tpch-queries/q18/base.sql,measured,1,4,1,2,18.784385,4.696096,18730.207,0.054178,0.030144,0.013085,9600,0,452.328125000000000000,424.606445312500000000,,,84.0,81.0,92.35,96.0,96.0,2198,0,0,0.000,0.0,0.0,24.080
2026-09-19T01:10:32Z,9A6AAEABFC11D5FF,18.4,queries/tpch/tpch-queries/q18/base.sql,measured,1,8,1,2,38.369129,4.796141,38308.324,0.060805,0.025043,0.019513,9600,0,874.575439453125000000,818.602355957031250000,,,81.0,93.0,93.96,97.0,97.0,2147,12,48,0.000,0.0,0.0,22.794
2026-09-19T01:11:50Z,9A6AAEABFC11D5FF,18.4,queries/tpch/tpch-queries/q18/base.sql,measured,1,16,1,2,77.905770,4.869111,77830.669,0.075101,0.030148,0.017602,9600,0,1711.338012695312500000,1600.162109375000000000,,,93.0,92.0,92.77,95.0,95.0,2150,0,0,0.000,0.0,0.0,21.967
2026-09-19T01:12:18Z,FD4A68DE169E67F5,18.4,queries/tpch/tpch-queries/q05/v1_materialized.sql,warmup,1,1,1,2,8.006532,8.006532,7904.048,0.102484,0.031951,0.010211,9472,0,46.844238281250000000,30.012329101562500000,,,60.0,67.0,61.38,65.0,65.0,1600,0,0,19.611,0.0,16.0,5.851
2026-09-19T01:12:18Z,FD4A68DE169E67F5,18.4,queries/tpch/tpch-queries/q05/v1_materialized.sql,warmup,2,1,1,2,0.287669,0.287669,237.514,0.050155,0.029210,0.012433,9600,0,4.270507812500000000,3.869506835937500000,,,67.0,67.0,67.00,67.0,67.0,2025,0,0,0.000,0.0,0.0,14.845
2026-09-19T01:12:19Z,FD4A68DE169E67F5,18.4,queries/tpch/tpch-queries/q05/v1_materialized.sql,measured,1,1,1,2,0.284603,0.284603,232.411,0.052192,0.030293,0.011486,9600,0,4.210876464843750000,3.799011230468750000,,,67.0,67.0,67.00,67.0,67.0,1700,0,0,0.000,0.0,0.0,14.796
2026-09-19T01:12:19Z,FD4A68DE169E67F5,18.4,queries/tpch/tpch-queries/q05/v1_materialized.sql,measured,1,2,1,2,0.502210,0.251105,449.544,0.052666,0.026212,0.015698,9472,0,7.685485839843750000,6.993286132812500000,,,67.0,72.0,70.33,72.0,72.0,1809,0,0,0.000,0.0,0.0,15.303
2026-09-19T01:12:20Z,FD4A68DE169E67F5,18.4,queries/tpch/tpch-queries/q05/v1_materialized.sql,measured,1,4,1,2,0.951425,0.237856,892.749,0.058676,0.029662,0.013368,9600,0,14.841552734375000000,13.532348632812500000,,,72.0,74.0,72.80,74.0,74.0,1895,0,0,0.000,0.0,0.0,15.599
2026-09-19T01:12:22Z,FD4A68DE169E67F5,18.4,queries/tpch/tpch-queries/q05/v1_materialized.sql,measured,1,8,1,2,1.831013,0.228877,1761.254,0.069759,0.032158,0.013108,9600,0,29.126464843750000000,26.538635253906250000,,,74.0,75.0,74.70,75.0,75.0,2025,0,0,0.000,0.0,0.0,15.907
2026-09-19T01:12:26Z,FD4A68DE169E67F5,18.4,queries/tpch/tpch-queries/q05/v1_materialized.sql,measured,1,16,1,2,3.640990,0.227562,3500.820,0.140170,0.040198,0.008905,9600,0,57.674499511718750000,52.627197265625000000,,,75.0,77.0,75.63,77.0,77.0,1957,0,0,0.000,0.0,0.0,15.840
2026-09-19T01:12:32Z,29DF123D969BD9CD,18.4,queries/tpch/tpch-queries/q06/v1_materialized.sql,warmup,1,1,1,2,0.357902,0.357902,277.242,0.080660,0.029856,0.012064,9600,0,3.452697753906250000,2.730163574218750000,,,59.0,59.0,59.00,59.0,59.0,1347,0,0,5.520,0.0,2.0,9.647
2026-09-19T01:12:32Z,29DF123D969BD9CD,18.4,queries/tpch/tpch-queries/q06/v1_materialized.sql,warmup,2,1,1,2,0.111338,0.111338,64.378,0.046960,0.032073,0.009744,9728,0,1.858764648437500000,1.712829589843750000,,,59.0,59.0,59.00,59.0,59.0,2350,0,0,0.001,0.0,0.0,16.695
2026-09-19T01:12:33Z,29DF123D969BD9CD,18.4,queries/tpch/tpch-queries/q06/v1_materialized.sql,measured,1,1,1,2,0.112991,0.112991,66.558,0.046433,0.029851,0.011525,9472,0,1.971496582031250000,1.775817871093750000,,,59.0,59.0,59.00,59.0,59.0,1375,0,0,0.001,0.0,0.0,17.448
2026-09-19T01:12:33Z,29DF123D969BD9CD,18.4,queries/tpch/tpch-queries/q06/v1_materialized.sql,measured,1,2,1,2,0.179105,0.089553,131.670,0.047435,0.027278,0.014713,9472,0,3.382873535156250000,3.152343750000000000,,,59.0,67.0,59.00,59.0,59.0,2025,0,0,0.000,0.0,0.0,18.888
2026-09-19T01:12:33Z,29DF123D969BD9CD,18.4,queries/tpch/tpch-queries/q06/v1_materialized.sql,measured,1,4,1,2,0.346750,0.086688,271.866,0.074884,0.028723,0.013544,9472,0,6.460632324218750000,5.992126464843750000,,,67.0,67.0,67.00,67.0,67.0,2513,0,0,0.000,0.0,0.0,18.632
2026-09-19T01:12:34Z,29DF123D969BD9CD,18.4,queries/tpch/tpch-queries/q06/v1_materialized.sql,measured,1,8,1,2,0.563174,0.070397,511.000,0.052174,0.028917,0.015502,9600,0,12.249938964843750000,11.541809082031250000,,,67.0,68.0,67.00,67.0,67.0,2892,0,0,0.000,0.0,0.0,21.752
2026-09-19T01:12:35Z,29DF123D969BD9CD,18.4,queries/tpch/tpch-queries/q06/v1_materialized.sql,measured,1,16,1,2,1.134534,0.070908,1067.997,0.066537,0.034357,0.012809,9600,0,24.333190917968750000,22.923400878906250000,,,68.0,78.0,69.67,78.0,78.0,2729,0,0,0.000,0.0,0.0,21.448
2026-09-19T01:12:42Z,16CE4BB40B833D47,18.4,queries/tpch/tpch-queries/q04/v2_in.sql,warmup,1,1,1,2,1.784699,1.784699,1579.422,0.205277,0.028659,0.013006,9600,0,16.577270507812500000,12.656982421875000000,,,58.0,64.0,60.67,64.0,63.0,2603,0,0,5.195,0.0,2.0,9.289
2026-09-19T01:12:42Z,16CE4BB40B833D47,18.4,queries/tpch/tpch-queries/q04/v2_in.sql,warmup,2,1,1,2,0.154773,0.154773,107.678,0.047095,0.027623,0.013988,9600,0,2.537109375000000000,2.327819824218750000,,,64.0,63.0,64.00,64.0,63.0,2675,0,0,0.001,0.0,0.0,16.392
2026-09-19T01:12:42Z,16CE4BB40B833D47,18.4,queries/tpch/tpch-queries/q04/v2_in.sql,measured,1,1,1,2,0.154379,0.154379,106.273,0.048106,0.030934,0.010388,9600,0,2.554138183593750000,2.311035156250000000,,,63.0,63.0,63.00,63.0,63.0,2350,0,0,0.000,0.0,0.0,16.545
2026-09-19T01:12:43Z,16CE4BB40B833D47,18.4,queries/tpch/tpch-queries/q04/v2_in.sql,measured,1,2,1,2,0.250105,0.125052,201.619,0.048486,0.029664,0.012176,9600,0,4.507324218750000000,4.145568847656250000,,,63.0,63.0,63.00,63.0,63.0,2187,0,0,0.000,0.0,0.0,18.022
2026-09-19T01:12:43Z,16CE4BB40B833D47,18.4,queries/tpch/tpch-queries/q04/v2_in.sql,measured,1,4,1,2,0.437353,0.109338,387.784,0.049569,0.033978,0.008400,9600,0,8.307800292968750000,7.654602050781250000,,,63.0,75.0,67.00,75.0,75.0,2350,0,0,0.000,0.0,0.0,18.996
2026-09-19T01:12:44Z,16CE4BB40B833D47,18.4,queries/tpch/tpch-queries/q04/v2_in.sql,measured,1,8,1,2,0.818637,0.102330,765.009,0.053628,0.030253,0.013894,9600,0,15.902038574218750000,14.795776367187500000,,,75.0,76.0,75.20,76.0,76.0,2285,0,0,0.000,0.0,0.0,19.425
2026-09-19T01:12:46Z,16CE4BB40B833D47,18.4,queries/tpch/tpch-queries/q04/v2_in.sql,measured,1,16,1,2,1.583976,0.098998,1524.700,0.059276,0.035849,0.009485,9600,0,31.667968750000000000,29.225830078125000000,,,76.0,77.0,76.50,77.0,77.0,2513,0,0,0.000,0.0,0.0,19.993
2026-09-19T01:12:54Z,05EDEED07F38657E,18.4,queries/tpch/tpch-queries/q10/v1_materialized.sql,warmup,1,1,1,2,2.440179,2.440179,2331.976,0.108203,0.027372,0.014464,9472,0,21.094238281250000000,15.894165039062500000,,,58.0,63.0,60.69,63.0,63.0,2300,0,0,5.583,0.0,2.0,8.645
2026-09-19T01:12:55Z,05EDEED07F38657E,18.4,queries/tpch/tpch-queries/q10/v1_materialized.sql,warmup,2,1,1,2,0.411990,0.411990,363.458,0.048532,0.031339,0.010492,9472,0,5.339111328125000000,4.813354492187500000,,,63.0,73.0,66.33,73.0,73.0,1808,0,0,0.055,0.0,0.0,12.959
2026-09-19T01:12:55Z,05EDEED07F38657E,18.4,queries/tpch/tpch-queries/q10/v1_materialized.sql,measured,1,1,1,2,0.409216,0.409216,360.622,0.048594,0.031014,0.010954,9600,0,5.304992675781250000,4.739562988281250000,,,73.0,73.0,73.00,73.0,73.0,1700,0,0,0.000,0.0,0.0,12.964
2026-09-19T01:12:56Z,05EDEED07F38657E,18.4,queries/tpch/tpch-queries/q10/v1_materialized.sql,measured,1,2,1,2,0.735487,0.367743,683.736,0.051751,0.030909,0.013220,9600,0,9.865173339843750000,8.839050292968750000,,,73.0,72.0,72.25,73.0,73.0,1944,0,0,0.000,0.0,0.0,13.413
2026-09-19T01:12:58Z,05EDEED07F38657E,18.4,queries/tpch/tpch-queries/q10/v1_materialized.sql,measured,1,4,1,2,1.378880,0.344720,1326.418,0.052462,0.029914,0.013045,9600,0,19.014465332031250000,17.029907226562500000,,,72.0,68.0,69.86,72.0,72.0,1979,0,0,0.000,0.0,0.0,13.790
2026-09-19T01:13:00Z,05EDEED07F38657E,18.4,queries/tpch/tpch-queries/q10/v1_materialized.sql,measured,1,8,1,2,2.677564,0.334696,2618.645,0.058919,0.031733,0.012311,9600,0,36.610900878906250000,33.194091796875000000,,,68.0,72.0,70.93,73.0,73.0,2002,0,0,0.000,0.0,0.0,13.673
2026-09-19T01:13:06Z,05EDEED07F38657E,18.4,queries/tpch/tpch-queries/q10/v1_materialized.sql,measured,1,16,1,2,5.261495,0.328843,5190.378,0.071117,0.030719,0.016565,9600,0,72.653747558593750000,65.796569824218750000,,,72.0,75.0,74.89,77.0,77.0,1905,0,0,0.000,0.0,0.0,13.809
2026-09-19T01:13:13Z,6387886DEA8E8059,18.4,queries/tpch/tpch-queries/q13/v1_materialized.sql,warmup,1,1,1,2,1.708063,1.708063,1455.752,0.252311,0.030369,0.011315,9600,0,13.948242187500000000,10.412963867187500000,,,59.0,69.0,63.44,69.0,69.0,1736,0,0,5.534,0.0,2.0,8.166
2026-09-19T01:13:15Z,6387886DEA8E8059,18.4,queries/tpch/tpch-queries/q13/v1_materialized.sql,warmup,2,1,1,2,1.416443,1.416443,1368.990,0.047453,0.027056,0.014896,9600,0,10.157836914062500000,8.475952148437500000,,,69.0,67.0,66.62,69.0,69.0,1294,0,0,0.001,0.0,0.0,7.171
2026-09-19T01:13:16Z,6387886DEA8E8059,18.4,queries/tpch/tpch-queries/q13/v1_materialized.sql,measured,1,1,1,2,1.418752,1.418752,1371.250,0.047502,0.031139,0.010854,9600,0,10.159545898437500000,8.423645019531250000,,,67.0,59.0,66.38,67.0,67.0,1172,0,0,0.000,0.0,0.0,7.161
2026-09-19T01:13:19Z,6387886DEA8E8059,18.4,queries/tpch/tpch-queries/q13/v1_materialized.sql,measured,1,2,1,2,2.768579,1.384290,2719.926,0.048653,0.030426,0.011271,9600,0,20.245788574218750000,16.712219238281250000,,,59.0,69.0,65.43,69.0,69.0,1259,0,0,0.000,0.0,0.0,7.313
2026-09-19T01:13:25Z,6387886DEA8E8059,18.4,queries/tpch/tpch-queries/q13/v1_materialized.sql,measured,1,4,1,2,5.494744,1.373686,5433.967,0.060777,0.028883,0.013438,9472,0,39.897216796875000000,33.026367187500000000,,,69.0,69.0,68.82,69.0,69.0,1131,0,0,0.000,0.0,0.0,7.261
2026-09-19T01:13:36Z,6387886DEA8E8059,18.4,queries/tpch/tpch-queries/q13/v1_materialized.sql,measured,1,8,1,2,10.909505,1.363688,10850.537,0.058968,0.031217,0.012263,9600,0,78.906066894531250000,65.813110351562500000,,,69.0,68.0,68.69,69.0,69.0,1334,0,0,0.000,0.0,0.0,7.233
2026-09-19T01:13:58Z,6387886DEA8E8059,18.4,queries/tpch/tpch-queries/q13/v1_materialized.sql,measured,1,16,1,2,21.750779,1.359424,21679.355,0.071424,0.029119,0.015414,9600,0,156.309753417968750000,130.116882324218750000,,,68.0,68.0,68.23,70.0,70.0,1101,0,0,0.000,0.0,0.0,7.186
2026-09-19T01:14:04Z,17A0CCCBE0262720,18.4,queries/tpch/tpch-queries/q10/v1_materialized.sql,warmup,1,1,1,2,2.458262,2.458262,2159.872,0.298390,0.026206,0.015663,9600,0,21.056213378906250000,15.812500000000000000,,,58.0,63.0,61.08,63.0,63.0,2350,0,0,3.321,0.0,0.0,8.565
2026-09-19T01:14:04Z,17A0CCCBE0262720,18.4,queries/tpch/tpch-queries/q10/v1_materialized.sql,warmup,2,1,1,2,0.405979,0.405979,357.739,0.048240,0.027455,0.014006,9600,0,5.198303222656250000,4.687805175781250000,,,63.0,67.0,64.33,67.0,67.0,1917,0,0,0.052,0.0,0.0,12.804
2026-09-19T01:14:05Z,17A0CCCBE0262720,18.4,queries/tpch/tpch-queries/q10/v1_materialized.sql,measured,1,1,1,2,0.405235,0.405235,357.249,0.047986,0.023610,0.017551,9728,0,5.254943847656250000,4.691772460937500000,,,67.0,67.0,67.00,67.0,67.0,2134,0,0,0.000,0.0,0.0,12.968
2026-09-19T01:14:06Z,17A0CCCBE0262720,18.4,queries/tpch/tpch-queries/q10/v1_materialized.sql,measured,1,2,1,2,0.731943,0.365971,681.935,0.050008,0.027351,0.014878,9600,0,9.697937011718750000,8.728942871093750000,,,67.0,69.0,68.50,69.0,69.0,1944,0,0,0.000,0.0,0.0,13.250
2026-09-19T01:14:07Z,17A0CCCBE0262720,18.4,queries/tpch/tpch-queries/q10/v1_materialized.sql,measured,1,4,1,2,1.379434,0.344858,1326.699,0.052735,0.032992,0.010101,9600,0,18.578369140625000000,16.839782714843750000,,,69.0,67.0,70.43,71.0,71.0,1979,0,0,0.000,0.0,0.0,13.468
2026-09-19T01:14:10Z,17A0CCCBE0262720,18.4,queries/tpch/tpch-queries/q10/v1_materialized.sql,measured,1,8,1,2,2.695988,0.336998,2614.616,0.081372,0.034425,0.009607,9600,0,36.636352539062500000,33.082702636718750000,,,67.0,72.0,70.57,73.0,73.0,1979,0,0,0.000,0.0,0.0,13.589
2026-09-19T01:14:15Z,17A0CCCBE0262720,18.4,queries/tpch/tpch-queries/q10/v1_materialized.sql,measured,1,16,1,2,5.305141,0.331571,5234.232,0.070909,0.036446,0.011707,9600,0,72.338500976562500000,65.550842285156250000,,,72.0,76.0,74.74,76.0,76.0,1784,0,0,0.000,0.0,0.0,13.636
2026-09-19T01:14:23Z,BCE1E9165FA73312,18.4,queries/tpch/tpch-queries/q04/base.sql,warmup,1,1,1,2,1.724402,1.724402,1604.641,0.119761,0.033207,0.008207,9728,0,16.551452636718750000,12.717041015625000000,,,57.0,63.0,59.67,63.0,63.0,2711,0,0,5.567,0.0,2.0,9.598
2026-09-19T01:14:23Z,BCE1E9165FA73312,18.4,queries/tpch/tpch-queries/q04/base.sql,warmup,2,1,1,2,0.155284,0.155284,108.291,0.046993,0.028469,0.013028,9600,0,2.515747070312500000,2.303894042968750000,,,63.0,63.0,63.00,63.0,63.0,2675,0,0,0.001,0.0,0.0,16.201
2026-09-19T01:14:23Z,BCE1E9165FA73312,18.4,queries/tpch/tpch-queries/q04/base.sql,measured,1,1,1,2,0.155711,0.155711,106.479,0.049232,0.028012,0.013596,9728,0,2.545471191406250000,2.301269531250000000,,,63.0,63.0,63.00,63.0,63.0,3000,0,0,0.000,0.0,0.0,16.347
2026-09-19T01:14:24Z,BCE1E9165FA73312,18.4,queries/tpch/tpch-queries/q04/base.sql,measured,1,2,1,2,0.251802,0.125901,201.445,0.050357,0.028196,0.013656,9600,0,4.455627441406250000,4.088439941406250000,,,63.0,63.0,63.00,63.0,63.0,2025,0,0,0.000,0.0,0.0,17.695
2026-09-19T01:14:24Z,BCE1E9165FA73312,18.4,queries/tpch/tpch-queries/q04/base.sql,measured,1,4,1,2,0.446144,0.111536,396.663,0.049481,0.026666,0.015527,9600,0,8.177490234375000000,7.570739746093750000,,,63.0,73.0,66.33,73.0,73.0,2458,0,0,0.000,0.0,0.0,18.329
2026-09-19T01:14:25Z,BCE1E9165FA73312,18.4,queries/tpch/tpch-queries/q04/base.sql,measured,1,8,1,2,0.820597,0.102575,767.995,0.052602,0.029257,0.013852,9472,0,15.916015625000000000,14.786499023437500000,,,73.0,76.0,73.60,76.0,76.0,2090,0,0,0.000,0.0,0.0,19.396
2026-09-19T01:14:27Z,BCE1E9165FA73312,18.4,queries/tpch/tpch-queries/q04/base.sql,measured,1,16,1,2,1.599710,0.099982,1540.036,0.059674,0.034766,0.011129,9600,0,31.541687011718750000,29.126342773437500000,,,76.0,76.0,76.00,76.0,76.0,2594,0,0,0.000,0.0,0.0,19.717
2026-09-19T01:14:34Z,9917B85B75166F20,18.4,queries/tpch/tpch-queries/q19/base.sql,warmup,1,1,1,2,1.722733,1.722733,1632.017,0.090716,0.029046,0.013173,9600,0,9.643859863281250000,6.040649414062500000,,,58.0,60.0,58.89,60.0,60.0,1375,0,0,5.529,0.0,2.0,5.598
2026-09-19T01:14:34Z,9917B85B75166F20,18.4,queries/tpch/tpch-queries/q19/base.sql,warmup,2,1,1,2,0.079057,0.079057,31.362,0.047695,0.030806,0.010957,9600,0,0.882507324218750000,0.777893066406250000,,,60.0,58.0,60.00,60.0,60.0,1700,0,0,0.001,0.0,0.0,11.163
2026-09-19T01:14:35Z,9917B85B75166F20,18.4,queries/tpch/tpch-queries/q19/base.sql,measured,1,1,1,2,0.079137,0.079137,31.111,0.048026,0.029464,0.012409,9600,0,0.917663574218750000,0.797241210937500000,,,58.0,58.0,58.00,58.0,58.0,1375,0,0,0.000,0.0,0.0,11.596
2026-09-19T01:14:35Z,9917B85B75166F20,18.4,queries/tpch/tpch-queries/q19/base.sql,measured,1,2,1,2,0.109057,0.054528,59.899,0.049158,0.027210,0.015023,9472,0,1.386474609375000000,1.223876953125000000,,,58.0,58.0,58.00,58.0,58.0,1700,0,0,0.000,0.0,0.0,12.713
2026-09-19T01:14:35Z,9917B85B75166F20,18.4,queries/tpch/tpch-queries/q19/base.sql,measured,1,4,1,2,0.165936,0.041484,115.212,0.050724,0.029002,0.013304,9600,0,2.296508789062500000,2.061889648437500000,,,58.0,58.0,58.00,58.0,58.0,1375,0,0,0.000,0.0,0.0,13.840
2026-09-19T01:14:35Z,9917B85B75166F20,18.4,queries/tpch/tpch-queries/q19/base.sql,measured,1,8,1,2,0.291572,0.036447,223.647,0.067925,0.027630,0.016112,9600,0,4.145324707031250000,3.718750000000000000,,,58.0,60.0,58.00,58.0,58.0,2513,0,0,0.000,0.0,0.0,14.217
2026-09-19T01:14:36Z,9917B85B75166F20,18.4,queries/tpch/tpch-queries/q19/base.sql,measured,1,16,1,2,0.510434,0.031902,447.210,0.063224,0.030639,0.014633,9472,0,7.815063476562500000,7.127685546875000000,,,60.0,60.0,60.00,60.0,60.0,2350,0,0,0.000,0.0,0.0,15.311
2026-09-19T01:14:45Z,16923B3D07E33D3A,18.4,queries/tpch/tpch-queries/q18/v1_materialized.sql,warmup,1,1,1,2,5.564117,5.564117,5360.677,0.203440,0.031042,0.010842,9600,0,123.803833007812500000,112.389770507812500000,,,60.0,82.0,75.75,82.0,82.0,2466,0,0,3.144,0.0,0.0,22.250
2026-09-19T01:14:49Z,16923B3D07E33D3A,18.4,queries/tpch/tpch-queries/q18/v1_materialized.sql,warmup,2,1,1,2,4.767835,4.767835,4719.580,0.048255,0.028104,0.013433,9600,0,110.817199707031250000,103.995727539062500000,,,82.0,85.0,83.71,85.0,85.0,2364,0,0,0.001,0.0,0.0,23.243
2026-09-19T01:14:55Z,16923B3D07E33D3A,18.4,queries/tpch/tpch-queries/q18/v1_materialized.sql,measured,1,1,1,2,4.823812,4.823812,4768.056,0.055756,0.030925,0.011082,9600,0,111.793762207031250000,104.899536132812500000,,,85.0,84.0,86.12,87.0,87.0,2207,0,0,0.000,0.0,0.0,23.175
2026-09-19T01:15:04Z,16923B3D07E33D3A,18.4,queries/tpch/tpch-queries/q18/v1_materialized.sql,measured,1,2,1,2,9.501037,4.750518,9449.508,0.051529,0.034644,0.009196,9600,0,224.422424316406250000,210.499694824218750000,,,84.0,76.0,89.10,92.0,92.0,2140,0,0,0.000,0.0,0.0,23.621
2026-09-19T01:15:23Z,16923B3D07E33D3A,18.4,queries/tpch/tpch-queries/q18/v1_materialized.sql,measured,1,4,1,2,18.659916,4.664979,18607.545,0.052371,0.032437,0.009935,9600,0,449.446289062500000000,422.366821289062500000,,,76.0,92.0,92.48,96.0,96.0,2174,0,0,0.000,0.0,0.0,24.086
2026-09-19T01:16:01Z,16923B3D07E33D3A,18.4,queries/tpch/tpch-queries/q18/v1_materialized.sql,measured,1,8,1,2,38.184433,4.773054,38125.348,0.059085,0.032244,0.012173,9472,0,875.313110351562500000,820.049133300781250000,,,92.0,79.0,94.57,97.0,97.0,2211,550,2200,0.000,0.0,0.0,22.923
2026-09-19T01:17:19Z,16923B3D07E33D3A,18.4,queries/tpch/tpch-queries/q18/v1_materialized.sql,measured,1,16,1,2,77.637386,4.852337,77566.339,0.071047,0.037686,0.009746,9600,0,1705.255859375000000000,1594.305908203125000000,,,79.0,93.0,92.16,96.0,96.0,2230,0,0,0.000,0.0,0.0,21.964
2026-09-19T01:17:40Z,7965999844FCAABA,18.4,queries/tpch/tpch-queries/q19/v2_union_all.sql,warmup,1,1,1,2,1.048507,1.048507,915.724,0.132783,0.030718,0.011160,9472,0,7.308593750000000000,5.108520507812500000,,,60.0,67.0,61.17,67.0,67.0,2365,0,0,19.563,0.0,16.0,6.970
2026-09-19T01:17:40Z,7965999844FCAABA,18.4,queries/tpch/tpch-queries/q19/v2_union_all.sql,warmup,2,1,1,2,0.094727,0.094727,46.353,0.048374,0.028875,0.012837,9472,0,1.158996582031250000,1.017700195312500000,,,67.0,67.0,67.00,67.0,67.0,1700,0,0,0.054,0.0,0.0,12.235
2026-09-19T01:17:40Z,7965999844FCAABA,18.4,queries/tpch/tpch-queries/q19/v2_union_all.sql,measured,1,1,1,2,0.093215,0.093215,44.700,0.048515,0.027111,0.014741,9472,0,1.203308105468750000,1.049743652343750000,,,67.0,67.0,67.00,67.0,67.0,1700,0,0,0.000,0.0,0.0,12.909
2026-09-19T01:17:40Z,7965999844FCAABA,18.4,queries/tpch/tpch-queries/q19/v2_union_all.sql,measured,1,2,1,2,0.134007,0.067004,84.234,0.049773,0.026548,0.015415,9600,0,1.798156738281250000,1.608093261718750000,,,67.0,67.0,67.00,67.0,67.0,1375,0,0,0.000,0.0,0.0,13.418
2026-09-19T01:17:41Z,7965999844FCAABA,18.4,queries/tpch/tpch-queries/q19/v2_union_all.sql,measured,1,4,1,2,0.216757,0.054189,164.466,0.052291,0.031694,0.010712,9472,0,3.186645507812500000,2.867126464843750000,,,67.0,75.0,71.00,75.0,75.0,2025,0,0,0.000,0.0,0.0,14.701
2026-09-19T01:17:41Z,7965999844FCAABA,18.4,queries/tpch/tpch-queries/q19/v2_union_all.sql,measured,1,8,1,2,0.383130,0.047891,325.050,0.058080,0.030069,0.013417,9600,0,5.896484375000000000,5.325256347656250000,,,75.0,75.0,75.00,75.0,75.0,2026,0,0,0.000,0.0,0.0,15.390
2026-09-19T01:17:42Z,7965999844FCAABA,18.4,queries/tpch/tpch-queries/q19/v2_union_all.sql,measured,1,16,1,2,0.732589,0.045787,633.719,0.098870,0.031796,0.014120,9472,0,11.367675781250000000,10.256225585937500000,,,75.0,75.0,75.00,75.0,75.0,2675,0,0,0.000,0.0,0.0,15.517
2026-09-19T01:17:49Z,0F2872065E6CA606,18.4,queries/tpch/tpch-queries/q11/v1_materialized.sql,warmup,1,1,1,2,1.814070,1.814070,1733.812,0.080258,0.032471,0.009205,9600,0,9.088256835937500000,5.329284667968750000,,,58.0,58.0,59.00,60.0,60.0,1440,0,0,5.205,0.0,2.0,5.010
2026-09-19T01:17:49Z,0F2872065E6CA606,18.4,queries/tpch/tpch-queries/q11/v1_materialized.sql,warmup,2,1,1,2,0.133485,0.133485,86.225,0.047260,0.028168,0.013243,9600,0,1.028320312500000000,0.856811523437500000,,,58.0,58.0,58.00,58.0,58.0,1375,0,0,0.055,0.0,0.0,7.704
2026-09-19T01:17:50Z,0F2872065E6CA606,18.4,queries/tpch/tpch-queries/q11/v1_materialized.sql,measured,1,1,1,2,0.133281,0.133281,85.860,0.047421,0.030871,0.010818,9600,0,1.090332031250000000,0.893249511718750000,,,58.0,58.0,58.00,58.0,58.0,1375,0,0,0.000,0.0,0.0,8.181
2026-09-19T01:17:50Z,0F2872065E6CA606,18.4,queries/tpch/tpch-queries/q11/v1_materialized.sql,measured,1,2,1,2,0.209875,0.104938,160.512,0.049363,0.027922,0.014100,9600,0,1.649902343750000000,1.365600585937500000,,,58.0,58.0,58.00,58.0,58.0,1050,0,0,0.000,0.0,0.0,7.861
2026-09-19T01:17:50Z,0F2872065E6CA606,18.4,queries/tpch/tpch-queries/q11/v1_materialized.sql,measured,1,4,1,2,0.365937,0.091484,312.749,0.053188,0.031838,0.010653,9600,0,2.945983886718750000,2.387512207031250000,,,58.0,69.0,63.50,69.0,69.0,1050,0,0,0.000,0.0,0.0,8.051
2026-09-19T01:17:51Z,0F2872065E6CA606,18.4,queries/tpch/tpch-queries/q11/v1_materialized.sql,measured,1,8,1,2,0.684221,0.085528,622.788,0.061433,0.031965,0.012097,9600,0,5.273193359375000000,4.444152832031250000,,,69.0,59.0,69.00,69.0,69.0,1375,0,0,0.000,0.0,0.0,7.707
2026-09-19T01:17:53Z,0F2872065E6CA606,18.4,queries/tpch/tpch-queries/q11/v1_materialized.sql,measured,1,16,1,2,1.299142,0.081196,1223.395,0.075747,0.032827,0.013325,9600,0,9.852172851562500000,8.300659179687500000,,,59.0,69.0,61.86,69.0,69.0,1189,0,0,0.000,0.0,0.0,7.584
2026-09-19T01:17:57Z,CA1EA22CAC001AF8,18.4,queries/tpch/tpch-queries/q16/v2_not_exists.sql,warmup,1,1,1,2,0.635423,0.635423,387.761,0.247662,0.032795,0.008973,9600,0,5.508728027343750000,4.432250976562500000,,,60.0,60.0,60.00,60.0,60.0,1537,0,0,3.207,0.0,0.0,8.669
2026-09-19T01:17:57Z,CA1EA22CAC001AF8,18.4,queries/tpch/tpch-queries/q16/v2_not_exists.sql,warmup,2,1,1,2,0.287781,0.287781,240.103,0.047678,0.030446,0.011473,9600,0,4.055664062500000000,3.687500000000000000,,,60.0,73.0,66.50,73.0,73.0,1506,0,0,0.003,0.0,0.0,14.093
2026-09-19T01:17:58Z,CA1EA22CAC001AF8,18.4,queries/tpch/tpch-queries/q16/v2_not_exists.sql,measured,1,1,1,2,0.290048,0.290048,242.642,0.047406,0.033088,0.008313,9600,0,3.988586425781250000,3.638488769531250000,,,73.0,73.0,73.00,73.0,73.0,2025,0,0,0.000,0.0,0.0,13.751
2026-09-19T01:17:58Z,CA1EA22CAC001AF8,18.4,queries/tpch/tpch-queries/q16/v2_not_exists.sql,measured,1,2,1,2,0.538030,0.269015,489.259,0.048771,0.031467,0.010576,9600,0,7.646667480468750000,7.002990722656250000,,,73.0,76.0,74.00,76.0,76.0,1700,0,0,0.000,0.0,0.0,14.212
2026-09-19T01:17:59Z,CA1EA22CAC001AF8,18.4,queries/tpch/tpch-queries/q16/v2_not_exists.sql,measured,1,4,1,2,1.031629,0.257907,981.072,0.050557,0.029087,0.013175,9600,0,14.932739257812500000,13.646057128906250000,,,76.0,72.0,74.67,76.0,76.0,2079,0,0,0.000,0.0,0.0,14.475
2026-09-19T01:18:02Z,CA1EA22CAC001AF8,18.4,queries/tpch/tpch-queries/q16/v2_not_exists.sql,measured,1,8,1,2,2.033138,0.254142,1978.237,0.054901,0.030661,0.012896,9600,0,29.424255371093750000,26.916687011718750000,,,72.0,76.0,74.45,76.0,76.0,2084,0,0,0.000,0.0,0.0,14.472
2026-09-19T01:18:06Z,CA1EA22CAC001AF8,18.4,queries/tpch/tpch-queries/q16/v2_not_exists.sql,measured,1,16,1,2,4.013253,0.250828,3948.556,0.064697,0.032281,0.014789,9600,0,58.634460449218750000,53.732055664062500000,,,76.0,78.0,77.57,79.0,79.0,2102,0,0,0.000,0.0,0.0,14.610
2026-09-19T01:18:17Z,7948644B46C1DE37,18.4,queries/tpch/tpch-queries/q18/v2_join.sql,warmup,1,1,1,2,5.833271,5.833271,5739.892,0.093379,0.027473,0.014450,9600,0,124.932983398437500000,113.298278808593750000,,,58.0,64.0,76.17,82.0,82.0,2469,0,0,5.206,0.0,2.0,21.417
2026-09-19T01:18:22Z,7948644B46C1DE37,18.4,queries/tpch/tpch-queries/q18/v2_join.sql,warmup,2,1,1,2,4.748992,4.748992,4699.883,0.049109,0.029377,0.012962,9600,0,110.936279296875000000,104.256225585937500000,,,64.0,85.0,79.58,85.0,85.0,2228,0,0,0.035,0.0,0.0,23.360
2026-09-19T01:18:27Z,7948644B46C1DE37,18.4,queries/tpch/tpch-queries/q18/v2_join.sql,measured,1,1,1,2,4.738999,4.738999,4690.276,0.048723,0.034483,0.007339,9728,0,111.776306152343750000,105.029113769531250000,,,85.0,87.0,85.88,87.0,87.0,2106,0,0,0.000,0.0,0.0,23.586
2026-09-19T01:18:36Z,7948644B46C1DE37,18.4,queries/tpch/tpch-queries/q18/v2_join.sql,measured,1,2,1,2,9.448226,4.724113,9397.944,0.050282,0.031063,0.011094,9600,0,224.371765136718750000,210.541687011718750000,,,87.0,81.0,89.06,91.0,91.0,2221,0,0,0.000,0.0,0.0,23.748
2026-09-19T01:18:55Z,7948644B46C1DE37,18.4,queries/tpch/tpch-queries/q18/v2_join.sql,measured,1,4,1,2,18.838045,4.709511,18783.745,0.054300,0.032173,0.011344,9472,0,452.540893554687500000,425.162780761718750000,,,81.0,88.0,92.13,95.0,95.0,2336,0,0,0.000,0.0,0.0,24.023
2026-09-19T01:19:34Z,7948644B46C1DE37,18.4,queries/tpch/tpch-queries/q18/v2_join.sql,measured,1,8,1,2,38.291550,4.786444,38229.776,0.061774,0.029351,0.015908,9600,0,873.106079101562500000,817.887756347656250000,,,88.0,92.0,93.71,97.0,97.0,2255,0,0,0.000,0.0,0.0,22.802
2026-09-19T01:20:51Z,7948644B46C1DE37,18.4,queries/tpch/tpch-queries/q18/v2_join.sql,measured,1,16,1,2,77.646251,4.852891,77573.046,0.073205,0.034757,0.011832,9600,0,1707.550537109375000000,1596.520019531250000000,,,92.0,91.0,92.51,96.0,96.0,2136,0,0,0.000,0.0,0.0,21.991
2026-09-19T01:21:12Z,FA695F8A9AB3BE6F,18.4,queries/tpch/tpch-queries/q06/base.sql,warmup,1,1,1,2,0.295280,0.295280,174.471,0.120809,0.024645,0.017525,9472,0,3.288757324218750000,2.683715820312500000,,,60.0,60.0,60.00,60.0,60.0,2025,0,0,19.651,0.0,16.0,11.138
2026-09-19T01:21:12Z,FA695F8A9AB3BE6F,18.4,queries/tpch/tpch-queries/q06/base.sql,warmup,2,1,1,2,0.111730,0.111730,65.170,0.046560,0.028961,0.012581,9600,0,1.966613769531250000,1.755493164062500000,,,60.0,60.0,60.00,60.0,60.0,2675,0,0,0.043,0.0,0.0,17.601
2026-09-19T01:21:12Z,FA695F8A9AB3BE6F,18.4,queries/tpch/tpch-queries/q06/base.sql,measured,1,1,1,2,0.109814,0.109814,63.542,0.046272,0.028781,0.012561,9600,0,1.874206542968750000,1.721923828125000000,,,60.0,60.0,60.00,60.0,60.0,2025,0,0,0.000,0.0,0.0,17.067
2026-09-19T01:21:12Z,FA695F8A9AB3BE6F,18.4,queries/tpch/tpch-queries/q06/base.sql,measured,1,2,1,2,0.180180,0.090090,133.328,0.046852,0.028619,0.012897,9600,0,3.373229980468750000,3.141479492187500000,,,60.0,67.0,60.00,60.0,60.0,1375,0,0,0.000,0.0,0.0,18.721
2026-09-19T01:21:13Z,FA695F8A9AB3BE6F,18.4,queries/tpch/tpch-queries/q06/base.sql,measured,1,4,1,2,0.334381,0.083595,258.383,0.075998,0.027042,0.015641,9600,0,6.415344238281250000,5.950988769531250000,,,67.0,67.0,67.00,67.0,67.0,2513,0,0,0.000,0.0,0.0,19.186
2026-09-19T01:21:13Z,FA695F8A9AB3BE6F,18.4,queries/tpch/tpch-queries/q06/base.sql,measured,1,8,1,2,0.592381,0.074048,541.266,0.051115,0.033088,0.010523,9600,0,12.442626953125000000,11.658752441406250000,,,67.0,72.0,67.00,67.0,67.0,2892,0,0,0.000,0.0,0.0,21.004
2026-09-19T01:21:14Z,FA695F8A9AB3BE6F,18.4,queries/tpch/tpch-queries/q06/base.sql,measured,1,16,1,2,1.183337,0.073959,1089.384,0.093953,0.034026,0.010819,9728,0,24.534667968750000000,23.033508300781250000,,,72.0,83.0,73.83,83.0,83.0,2837,0,0,0.000,0.0,0.0,20.733
2026-09-19T01:21:22Z,9C24B20767A03AAB,18.4,queries/tpch/tpch-queries/q15/v1_materialized.sql,warmup,1,1,1,2,2.127888,2.127888,2042.122,0.085766,0.030624,0.010852,9472,0,18.039001464843750000,13.477539062500000000,,,59.0,66.0,63.27,67.0,67.0,2202,0,0,5.275,0.0,2.0,8.477
2026-09-19T01:21:22Z,9C24B20767A03AAB,18.4,queries/tpch/tpch-queries/q15/v1_materialized.sql,warmup,2,1,1,2,0.334270,0.334270,286.504,0.047766,0.030092,0.011537,9600,0,2.533935546875000000,2.135681152343750000,,,66.0,66.0,66.00,66.0,66.0,1862,0,0,0.001,0.0,0.0,7.581
2026-09-19T01:21:23Z,9C24B20767A03AAB,18.4,queries/tpch/tpch-queries/q15/v1_materialized.sql,measured,1,1,1,2,0.331931,0.331931,285.020,0.046911,0.029604,0.011571,9472,0,2.562072753906250000,2.139465332031250000,,,66.0,62.0,66.00,66.0,66.0,1538,0,0,0.000,0.0,0.0,7.719
2026-09-19T01:21:23Z,9C24B20767A03AAB,18.4,queries/tpch/tpch-queries/q15/v1_materialized.sql,measured,1,2,1,2,0.559558,0.279779,511.767,0.047791,0.026223,0.015278,9472,0,4.390258789062500000,3.637329101562500000,,,62.0,62.0,62.00,62.0,62.0,1484,0,0,0.000,0.0,0.0,7.846
2026-09-19T01:21:24Z,9C24B20767A03AAB,18.4,queries/tpch/tpch-queries/q15/v1_materialized.sql,measured,1,4,1,2,1.009076,0.252269,954.429,0.054647,0.028673,0.013696,9600,0,7.739013671875000000,6.514953613281250000,,,62.0,72.0,68.67,72.0,72.0,1321,0,0,0.000,0.0,0.0,7.669
2026-09-19T01:21:26Z,9C24B20767A03AAB,18.4,queries/tpch/tpch-queries/q15/v1_materialized.sql,measured,1,8,1,2,1.903634,0.237954,1850.916,0.052718,0.030779,0.012434,9600,0,14.913818359375000000,12.447814941406250000,,,72.0,71.0,70.60,72.0,72.0,1343,0,0,0.000,0.0,0.0,7.834
2026-09-19T01:21:30Z,9C24B20767A03AAB,18.4,queries/tpch/tpch-queries/q15/v1_materialized.sql,measured,1,16,1,2,3.680762,0.230048,3621.809,0.058953,0.031714,0.013214,9600,0,28.419494628906250000,23.944580078125000000,,,71.0,72.0,71.68,72.0,72.0,1341,0,0,0.000,0.0,0.0,7.721
2026-09-19T01:21:36Z,C5EDBDEEE95E6969,18.4,queries/tpch/tpch-queries/q16/v2_not_exists.sql,warmup,1,1,1,2,0.560022,0.560022,396.742,0.163280,0.030136,0.011228,9600,0,5.408813476562500000,4.372375488281250000,,,58.0,58.0,58.00,58.0,57.0,1700,0,0,5.408,0.0,2.0,9.658
2026-09-19T01:21:37Z,C5EDBDEEE95E6969,18.4,queries/tpch/tpch-queries/q16/v2_not_exists.sql,warmup,2,1,1,2,0.293228,0.293228,245.464,0.047764,0.027892,0.013871,9600,0,4.072753906250000000,3.718322753906250000,,,58.0,59.0,58.00,58.0,57.0,2188,0,0,0.001,0.0,0.0,13.889
2026-09-19T01:21:37Z,C5EDBDEEE95E6969,18.4,queries/tpch/tpch-queries/q16/v2_not_exists.sql,measured,1,1,1,2,0.288421,0.288421,240.916,0.047505,0.027998,0.013488,9600,0,4.058593750000000000,3.687561035156250000,,,59.0,59.0,59.00,59.0,59.0,2025,0,0,0.000,0.0,0.0,14.072
2026-09-19T01:21:38Z,C5EDBDEEE95E6969,18.4,queries/tpch/tpch-queries/q16/v2_not_exists.sql,measured,1,2,1,2,0.547394,0.273697,499.224,0.048170,0.031187,0.010190,9600,0,7.708618164062500000,7.063354492187500000,,,59.0,61.0,59.00,59.0,59.0,1917,0,0,0.000,0.0,0.0,14.082
2026-09-19T01:21:39Z,C5EDBDEEE95E6969,18.4,queries/tpch/tpch-queries/q16/v2_not_exists.sql,measured,1,4,1,2,1.034171,0.258543,983.657,0.050514,0.032812,0.009457,9600,0,14.974792480468750000,13.727539062500000000,,,61.0,76.0,63.50,76.0,76.0,2025,0,0,0.000,0.0,0.0,14.480
2026-09-19T01:21:41Z,C5EDBDEEE95E6969,18.4,queries/tpch/tpch-queries/q16/v2_not_exists.sql,measured,1,8,1,2,2.049236,0.256155,1994.440,0.054796,0.028359,0.015010,9472,0,29.647888183593750000,27.125366210937500000,,,76.0,75.0,74.91,76.0,76.0,1907,0,0,0.000,0.0,0.0,14.468
2026-09-19T01:21:45Z,C5EDBDEEE95E6969,18.4,queries/tpch/tpch-queries/q16/v2_not_exists.sql,measured,1,16,1,2,4.030916,0.251932,3967.787,0.063129,0.029803,0.015841,9728,0,59.056701660156250000,54.172851562500000000,,,75.0,78.0,76.86,78.0,78.0,2041,0,0,0.000,0.0,0.0,14.651
2026-09-19T01:21:52Z,228EB81565D7A944,18.4,queries/tpch/tpch-queries/q03/base.sql,warmup,1,1,1,2,1.590932,1.590932,1375.539,0.215393,0.024395,0.017805,9600,0,20.183898925781250000,16.509155273437500000,,,58.0,72.0,63.25,72.0,72.0,2309,0,0,5.219,0.0,2.0,12.687
2026-09-19T01:21:53Z,228EB81565D7A944,18.4,queries/tpch/tpch-queries/q03/base.sql,warmup,2,1,1,2,0.350129,0.350129,302.684,0.047445,0.028761,0.012534,9600,0,6.588317871093750000,6.113952636718750000,,,72.0,65.0,72.00,72.0,72.0,2513,0,0,0.000,0.0,0.0,18.817
2026-09-19T01:21:53Z,228EB81565D7A944,18.4,queries/tpch/tpch-queries/q03/base.sql,measured,1,1,1,2,0.349116,0.349116,301.448,0.047668,0.030748,0.010683,9472,0,6.574218750000000000,6.089355468750000000,,,65.0,65.0,65.00,65.0,67.0,2512,0,0,0.003,0.0,0.0,18.831
2026-09-19T01:21:54Z,228EB81565D7A944,18.4,queries/tpch/tpch-queries/q03/base.sql,measured,1,2,1,2,0.624278,0.312139,573.823,0.050455,0.029442,0.013874,9600,0,12.546691894531250000,11.676147460937500000,,,65.0,78.0,68.25,78.0,78.0,2350,0,0,0.000,0.0,0.0,20.098
2026-09-19T01:21:55Z,228EB81565D7A944,18.4,queries/tpch/tpch-queries/q03/base.sql,measured,1,4,1,2,1.151833,0.287958,1101.011,0.050822,0.027773,0.014247,9472,0,24.116027832031250000,22.524658203125000000,,,78.0,78.0,78.00,78.0,78.0,2567,0,0,0.000,0.0,0.0,20.937
2026-09-19T01:21:57Z,228EB81565D7A944,18.4,queries/tpch/tpch-queries/q03/base.sql,measured,1,8,1,2,2.234830,0.279354,2162.445,0.072385,0.032028,0.012220,9600,0,47.614440917968750000,44.327148437500000000,,,78.0,79.0,78.75,79.0,79.0,2404,0,0,0.000,0.0,0.0,21.306
2026-09-19T01:22:02Z,228EB81565D7A944,18.4,queries/tpch/tpch-queries/q03/base.sql,measured,1,16,1,2,4.342243,0.271390,4277.514,0.064729,0.029702,0.015827,9600,0,93.826843261718750000,87.715637207031250000,,,79.0,83.0,80.77,83.0,83.0,2306,0,0,0.000,0.0,0.0,21.608
2026-09-19T01:22:11Z,7C96648758BA9C14,18.4,queries/tpch/tpch-queries/q14/base.sql,warmup,1,1,1,2,1.486230,1.486230,1393.925,0.092305,0.026111,0.015194,9472,0,15.234313964843750000,12.015625000000000000,,,59.0,66.0,61.62,66.0,66.0,2513,0,0,7.618,0.0,4.0,10.250
2026-09-19T01:22:11Z,7C96648758BA9C14,18.4,queries/tpch/tpch-queries/q14/base.sql,warmup,2,1,1,2,0.201341,0.201341,154.248,0.047093,0.032269,0.009242,9600,0,3.145935058593750000,2.876342773437500000,,,66.0,60.0,66.00,66.0,66.0,2188,0,0,0.001,0.0,0.0,15.625
2026-09-19T01:22:12Z,7C96648758BA9C14,18.4,queries/tpch/tpch-queries/q14/base.sql,measured,1,1,1,2,0.201090,0.201090,154.221,0.046869,0.029004,0.012334,9600,0,3.253662109375000000,2.924560546875000000,,,60.0,60.0,60.00,60.0,60.0,2025,0,0,0.000,0.0,0.0,16.180
2026-09-19T01:22:12Z,7C96648758BA9C14,18.4,queries/tpch/tpch-queries/q14/base.sql,measured,1,2,1,2,0.337265,0.168632,289.990,0.047275,0.028758,0.012480,9600,0,5.800537109375000000,5.196777343750000000,,,60.0,60.0,60.00,60.0,60.0,2675,0,0,0.000,0.0,0.0,17.199
2026-09-19T01:22:13Z,7C96648758BA9C14,18.4,queries/tpch/tpch-queries/q14/base.sql,measured,1,4,1,2,0.586570,0.146643,536.407,0.050163,0.028658,0.014337,9600,0,10.742126464843750000,9.848815917968750000,,,60.0,73.0,68.67,73.0,73.0,2134,0,0,0.000,0.0,0.0,18.313
2026-09-19T01:22:14Z,7C96648758BA9C14,18.4,queries/tpch/tpch-queries/q14/base.sql,measured,1,8,1,2,1.141732,0.142716,1056.689,0.085043,0.028996,0.014266,9472,0,20.914123535156250000,19.176635742187500000,,,73.0,77.0,75.00,77.0,77.0,2838,0,0,0.000,0.0,0.0,18.318
2026-09-19T01:22:16Z,7C96648758BA9C14,18.4,queries/tpch/tpch-queries/q14/base.sql,measured,1,16,1,2,2.133849,0.133366,2074.997,0.058852,0.031296,0.013873,9472,0,40.957336425781250000,37.799438476562500000,,,77.0,80.0,77.18,80.0,80.0,2646,0,0,0.000,0.0,0.0,19.194
2026-09-19T01:22:27Z,F82CF485D79E6C6A,18.4,queries/tpch/tpch-queries/q08/v1_materialized.sql,warmup,1,1,1,2,5.181784,5.181784,4901.602,0.280182,0.032319,0.009141,9600,0,33.308288574218750000,22.372070312500000000,,,59.0,59.0,61.31,64.0,64.0,1672,0,0,5.415,0.0,2.0,6.428
2026-09-19T01:22:27Z,F82CF485D79E6C6A,18.4,queries/tpch/tpch-queries/q08/v1_materialized.sql,warmup,2,1,1,2,0.182900,0.182900,132.418,0.050482,0.025110,0.016595,9472,0,2.514892578125000000,2.268920898437500000,,,59.0,59.0,59.00,59.0,59.0,3000,0,0,0.001,0.0,0.0,13.750
2026-09-19T01:22:27Z,F82CF485D79E6C6A,18.4,queries/tpch/tpch-queries/q08/v1_materialized.sql,measured,1,1,1,2,0.211020,0.211020,130.360,0.080660,0.032524,0.009081,9600,0,2.695556640625000000,2.327453613281250000,,,59.0,59.0,59.00,59.0,59.0,2350,0,0,0.000,0.0,0.0,12.774
2026-09-19T01:22:28Z,F82CF485D79E6C6A,18.4,queries/tpch/tpch-queries/q08/v1_materialized.sql,measured,1,2,1,2,0.299962,0.149981,246.509,0.053453,0.029238,0.012800,9600,0,4.421569824218750000,4.002685546875000000,,,59.0,69.0,64.00,69.0,69.0,1863,0,0,0.000,0.0,0.0,14.740
2026-09-19T01:22:28Z,F82CF485D79E6C6A,18.4,queries/tpch/tpch-queries/q08/v1_materialized.sql,measured,1,4,1,2,0.536002,0.134001,477.109,0.058893,0.033979,0.008890,9600,0,8.154174804687500000,7.406311035156250000,,,69.0,69.0,69.00,69.0,69.0,1808,0,0,0.000,0.0,0.0,15.213
2026-09-19T01:22:30Z,F82CF485D79E6C6A,18.4,queries/tpch/tpch-queries/q08/v1_materialized.sql,measured,1,8,1,2,1.011833,0.126479,942.327,0.069506,0.029223,0.014944,9472,0,15.716491699218750000,14.300842285156250000,,,69.0,61.0,69.83,70.0,70.0,2134,0,0,0.000,0.0,0.0,15.533
2026-09-19T01:22:32Z,F82CF485D79E6C6A,18.4,queries/tpch/tpch-queries/q08/v1_materialized.sql,measured,1,16,1,2,1.942122,0.121383,1850.271,0.091851,0.036091,0.011546,9600,0,30.708984375000000000,27.960876464843750000,,,61.0,65.0,66.50,72.0,72.0,2188,0,0,0.000,0.0,0.0,15.812
2026-09-19T01:22:43Z,00CBDD70999972FD,18.4,queries/tpch/tpch-queries/q05/v1_materialized.sql,warmup,1,1,1,2,6.046916,6.046916,5786.536,0.260380,0.029098,0.013791,9600,0,39.303955078125000000,26.518798828125000000,,,58.0,58.0,59.45,61.0,61.0,1752,0,0,5.482,0.0,2.0,6.500
2026-09-19T01:22:44Z,00CBDD70999972FD,18.4,queries/tpch/tpch-queries/q05/v1_materialized.sql,warmup,2,1,1,2,0.285681,0.285681,235.570,0.050111,0.025497,0.016135,9728,0,4.203918457031250000,3.789245605468750000,,,58.0,58.0,58.00,58.0,58.0,1538,0,0,0.053,0.0,0.0,14.715
2026-09-19T01:22:44Z,00CBDD70999972FD,18.4,queries/tpch/tpch-queries/q05/v1_materialized.sql,measured,1,1,1,2,0.283603,0.283603,233.641,0.049962,0.023139,0.018352,9472,0,4.133666992187500000,3.734375000000000000,,,58.0,60.0,58.00,58.0,58.0,1538,0,0,0.000,0.0,0.0,14.576
2026-09-19T01:22:45Z,00CBDD70999972FD,18.4,queries/tpch/tpch-queries/q05/v1_materialized.sql,measured,1,2,1,2,0.506578,0.253289,453.821,0.052757,0.031003,0.011106,9600,0,7.736267089843750000,7.031433105468750000,,,60.0,60.0,60.00,60.0,60.0,1700,0,0,0.000,0.0,0.0,15.272
2026-09-19T01:22:46Z,00CBDD70999972FD,18.4,queries/tpch/tpch-queries/q05/v1_materialized.sql,measured,1,4,1,2,0.945758,0.236440,888.166,0.057592,0.028261,0.014167,9600,0,14.802001953125000000,13.419555664062500000,,,60.0,73.0,67.80,73.0,73.0,1830,0,0,0.000,0.0,0.0,15.651
2026-09-19T01:22:48Z,00CBDD70999972FD,18.4,queries/tpch/tpch-queries/q05/v1_materialized.sql,measured,1,8,1,2,1.825876,0.228234,1757.960,0.067916,0.035505,0.008362,9600,0,28.742492675781250000,26.186584472656250000,,,73.0,74.0,73.80,74.0,74.0,2155,0,0,0.000,0.0,0.0,15.742
2026-09-19T01:22:52Z,00CBDD70999972FD,18.4,queries/tpch/tpch-queries/q05/v1_materialized.sql,measured,1,16,1,2,3.660035,0.228752,3521.446,0.138589,0.036040,0.010789,9600,0,57.657897949218750000,52.560791015625000000,,,74.0,76.0,74.74,76.0,76.0,2179,0,0,0.000,0.0,0.0,15.753
2026-09-19T01:22:58Z,FA67CF3BA1B72D29,18.4,queries/tpch/tpch-queries/q06/v1_materialized.sql,warmup,1,1,1,2,0.351484,0.351484,155.380,0.196104,0.027635,0.013977,9472,0,3.419921875000000000,2.702026367187500000,,,58.0,58.0,58.00,58.0,58.0,1538,0,0,5.469,0.0,2.0,9.730
2026-09-19T01:22:58Z,FA67CF3BA1B72D29,18.4,queries/tpch/tpch-queries/q06/v1_materialized.sql,warmup,2,1,1,2,0.111986,0.111986,65.421,0.046565,0.029258,0.012258,9600,0,1.895812988281250000,1.733398437500000000,,,58.0,58.0,58.00,58.0,58.0,1700,0,0,0.001,0.0,0.0,16.929
2026-09-19T01:22:58Z,FA67CF3BA1B72D29,18.4,queries/tpch/tpch-queries/q06/v1_materialized.sql,measured,1,1,1,2,0.110398,0.110398,63.864,0.046534,0.031876,0.009698,9472,0,1.860046386718750000,1.713867187500000000,,,58.0,58.0,58.00,58.0,58.0,1375,0,0,0.000,0.0,0.0,16.849
2026-09-19T01:22:58Z,FA67CF3BA1B72D29,18.4,queries/tpch/tpch-queries/q06/v1_materialized.sql,measured,1,2,1,2,0.180073,0.090036,133.139,0.046934,0.032750,0.008719,9600,0,3.355590820312500000,3.110534667968750000,,,58.0,65.0,58.00,58.0,58.0,1700,0,0,0.000,0.0,0.0,18.635
2026-09-19T01:22:59Z,FA67CF3BA1B72D29,18.4,queries/tpch/tpch-queries/q06/v1_materialized.sql,measured,1,4,1,2,0.307802,0.076951,250.606,0.057196,0.031992,0.013813,9600,0,6.292602539062500000,5.879333496093750000,,,65.0,65.0,65.00,65.0,65.0,3000,0,0,0.000,0.0,0.0,20.444
2026-09-19T01:22:59Z,FA67CF3BA1B72D29,18.4,queries/tpch/tpch-queries/q06/v1_materialized.sql,measured,1,8,1,2,0.568647,0.071081,517.785,0.050862,0.031924,0.011163,9600,0,12.201660156250000000,11.492614746093750000,,,65.0,67.0,65.00,65.0,65.0,2458,0,0,0.000,0.0,0.0,21.457
2026-09-19T01:23:00Z,FA67CF3BA1B72D29,18.4,queries/tpch/tpch-queries/q06/v1_materialized.sql,measured,1,16,1,2,1.117996,0.069875,1048.062,0.069934,0.028760,0.016015,9600,0,24.198486328125000000,22.800354003906250000,,,67.0,80.0,69.17,80.0,80.0,2946,0,0,0.000,0.0,0.0,21.645
2026-09-19T01:23:07Z,E5F5F296E1FFC7D0,18.4,queries/tpch/tpch-queries/q12/v1_materialized.sql,warmup,1,1,1,2,1.715907,1.715907,1622.546,0.093361,0.032450,0.008953,9600,0,19.751586914062500000,15.813232421875000000,,,57.0,66.0,61.00,66.0,66.0,2603,0,0,5.247,0.0,2.0,11.511
2026-09-19T01:23:08Z,E5F5F296E1FFC7D0,18.4,queries/tpch/tpch-queries/q12/v1_materialized.sql,warmup,2,1,1,2,0.384833,0.384833,337.563,0.047270,0.026796,0.014829,9600,0,6.469543457031250000,5.952392578125000000,,,66.0,73.0,69.50,73.0,73.0,2188,0,0,0.001,0.0,0.0,16.811
2026-09-19T01:23:08Z,E5F5F296E1FFC7D0,18.4,queries/tpch/tpch-queries/q12/v1_materialized.sql,measured,1,1,1,2,0.411364,0.411364,332.118,0.079246,0.028070,0.013633,9600,0,6.598083496093750000,5.983703613281250000,,,73.0,73.0,73.00,73.0,73.0,2784,0,0,0.000,0.0,0.0,16.040
2026-09-19T01:23:09Z,E5F5F296E1FFC7D0,18.4,queries/tpch/tpch-queries/q12/v1_materialized.sql,measured,1,2,1,2,0.680808,0.340404,632.260,0.048548,0.027982,0.014398,9600,0,12.062316894531250000,11.072509765625000000,,,73.0,72.0,72.25,73.0,73.0,2594,0,0,0.000,0.0,0.0,17.718
2026-09-19T01:23:11Z,E5F5F296E1FFC7D0,18.4,queries/tpch/tpch-queries/q12/v1_materialized.sql,measured,1,4,1,2,1.284051,0.321013,1233.274,0.050777,0.032037,0.011004,9472,0,23.213317871093750000,21.437927246093750000,,,72.0,64.0,72.71,73.0,73.0,2582,0,0,0.000,0.0,0.0,18.078
2026-09-19T01:23:13Z,E5F5F296E1FFC7D0,18.4,queries/tpch/tpch-queries/q12/v1_materialized.sql,measured,1,8,1,2,2.484364,0.310546,2428.469,0.055895,0.035999,0.009652,9472,0,45.839172363281250000,42.126037597656250000,,,64.0,75.0,71.15,76.0,76.0,2825,0,0,0.000,0.0,0.0,18.451
2026-09-19T01:23:18Z,E5F5F296E1FFC7D0,18.4,queries/tpch/tpch-queries/q12/v1_materialized.sql,measured,1,16,1,2,4.902545,0.306409,4836.965,0.065580,0.033322,0.016665,9600,0,91.024475097656250000,83.968627929687500000,,,75.0,78.0,77.96,81.0,81.0,2688,0,0,0.000,0.0,0.0,18.567
2026-09-19T01:23:29Z,EBFF101D931CC6CD,18.4,queries/tpch/tpch-queries/q08/base.sql,warmup,1,1,1,2,5.249398,5.249398,4984.532,0.264866,0.029357,0.013010,9472,0,33.687500000000000000,22.606079101562500000,,,59.0,60.0,61.67,64.0,64.0,1688,0,0,5.601,0.0,2.0,6.417
2026-09-19T01:23:29Z,EBFF101D931CC6CD,18.4,queries/tpch/tpch-queries/q08/base.sql,warmup,2,1,1,2,0.183215,0.183215,130.785,0.052430,0.028790,0.013587,9472,0,2.664489746093750000,2.341857910156250000,,,60.0,60.0,60.00,60.0,60.0,1050,0,0,0.052,0.0,0.0,14.543
2026-09-19T01:23:30Z,EBFF101D931CC6CD,18.4,queries/tpch/tpch-queries/q08/base.sql,measured,1,1,1,2,0.179879,0.179879,129.574,0.050305,0.027764,0.013814,9472,0,2.527160644531250000,2.257446289062500000,,,60.0,60.0,60.00,60.0,60.0,2674,0,0,0.000,0.0,0.0,14.049
2026-09-19T01:23:30Z,EBFF101D931CC6CD,18.4,queries/tpch/tpch-queries/q08/base.sql,measured,1,2,1,2,0.325200,0.162600,242.795,0.082405,0.029886,0.012343,9472,0,4.411499023437500000,3.945312500000000000,,,60.0,70.0,65.00,70.0,70.0,2675,0,0,0.000,0.0,0.0,13.565
2026-09-19T01:23:31Z,EBFF101D931CC6CD,18.4,queries/tpch/tpch-queries/q08/base.sql,measured,1,4,1,2,0.532122,0.133030,473.655,0.058467,0.029959,0.012888,9600,0,8.134033203125000000,7.382690429687500000,,,70.0,70.0,70.00,70.0,70.0,2025,0,0,0.000,0.0,0.0,15.286
2026-09-19T01:23:32Z,EBFF101D931CC6CD,18.4,queries/tpch/tpch-queries/q08/base.sql,measured,1,8,1,2,1.001298,0.125162,932.286,0.069012,0.025894,0.018080,9600,0,15.597229003906250000,14.196228027343750000,,,70.0,71.0,70.80,71.0,71.0,1960,0,0,0.000,0.0,0.0,15.577
2026-09-19T01:23:34Z,EBFF101D931CC6CD,18.4,queries/tpch/tpch-queries/q08/base.sql,measured,1,16,1,2,1.979107,0.123694,1841.843,0.137264,0.037808,0.009721,9728,0,30.861511230468750000,28.056640625000000000,,,71.0,74.0,73.20,74.0,74.0,2253,0,0,0.001,0.0,0.0,15.594
2026-09-19T01:23:52Z,BA5DA5FEA2FDB47D,18.4,queries/tpch/tpch-queries/q07/base.sql,warmup,1,1,1,2,12.316314,12.316314,12055.800,0.260514,0.028656,0.013133,9600,0,91.237670898437500000,65.235229492187500000,,,58.0,61.0,60.84,67.0,67.0,2015,0,0,5.400,0.0,2.0,7.408
2026-09-19T01:23:52Z,BA5DA5FEA2FDB47D,18.4,queries/tpch/tpch-queries/q07/base.sql,warmup,2,1,1,2,0.669264,0.669264,619.641,0.049623,0.031720,0.009609,9600,0,10.249450683593750000,9.331726074218750000,,,61.0,71.0,63.50,71.0,71.0,1781,0,0,0.009,0.0,0.0,15.315
2026-09-19T01:23:53Z,BA5DA5FEA2FDB47D,18.4,queries/tpch/tpch-queries/q07/base.sql,measured,1,1,1,2,0.670806,0.670806,620.619,0.050187,0.025022,0.016789,9600,0,10.195373535156250000,9.282653808593750000,,,71.0,61.0,71.00,71.0,71.0,1944,0,0,0.000,0.0,0.0,15.199
2026-09-19T01:23:55Z,BA5DA5FEA2FDB47D,18.4,queries/tpch/tpch-queries/q07/base.sql,measured,1,2,1,2,1.264842,0.632421,1211.625,0.053217,0.032123,0.009985,9472,0,19.567138671875000000,17.846679687500000000,,,61.0,71.0,63.86,71.0,71.0,1700,0,0,0.000,0.0,0.0,15.470
2026-09-19T01:23:57Z,BA5DA5FEA2FDB47D,18.4,queries/tpch/tpch-queries/q07/base.sql,measured,1,4,1,2,2.438553,0.609638,2378.795,0.059758,0.026688,0.016581,9600,0,38.534851074218750000,34.960449218750000000,,,71.0,62.0,71.77,72.0,72.0,1775,0,0,0.000,0.0,0.0,15.802
2026-09-19T01:24:02Z,BA5DA5FEA2FDB47D,18.4,queries/tpch/tpch-queries/q07/base.sql,measured,1,8,1,2,4.793648,0.599206,4721.629,0.072019,0.033856,0.011029,9600,0,76.093078613281250000,69.365783691406250000,,,62.0,75.0,71.88,75.0,75.0,1890,0,0,0.000,0.0,0.0,15.874
2026-09-19T01:24:12Z,BA5DA5FEA2FDB47D,18.4,queries/tpch/tpch-queries/q07/base.sql,measured,1,16,1,2,9.533001,0.595813,9404.624,0.128377,0.038113,0.009176,9600,0,151.844909667968750000,138.538085937500000000,,,75.0,77.0,76.44,78.0,78.0,1951,0,0,0.000,0.0,0.0,15.928
2026-09-19T01:24:22Z,583EB1923855A680,18.4,queries/tpch/tpch-queries/q13/v2_correlated.sql,warmup,1,1,1,2,4.718003,4.718003,4635.850,0.082153,0.026788,0.014657,9472,0,35.324645996093750000,26.267517089843750000,,,59.0,71.0,65.17,71.0,71.0,1619,0,0,5.717,0.0,2.0,7.487
2026-09-19T01:24:25Z,583EB1923855A680,18.4,queries/tpch/tpch-queries/q13/v2_correlated.sql,warmup,2,1,1,2,2.295795,2.295795,2248.795,0.047000,0.030131,0.011862,9472,0,17.383483886718750000,14.480407714843750000,,,71.0,71.0,70.58,71.0,71.0,1158,0,0,0.001,0.0,0.0,7.572
2026-09-19T01:24:27Z,583EB1923855A680,18.4,queries/tpch/tpch-queries/q13/v2_correlated.sql,measured,1,1,1,2,2.302518,2.302518,2256.014,0.046504,0.030419,0.010939,9600,0,17.220153808593750000,14.509948730468750000,,,71.0,70.0,70.33,71.0,71.0,1158,0,0,0.000,0.0,0.0,7.479
2026-09-19T01:24:32Z,583EB1923855A680,18.4,queries/tpch/tpch-queries/q13/v2_correlated.sql,measured,1,2,1,2,4.438275,2.219138,4391.129,0.047146,0.025277,0.016420,9472,0,33.492919921875000000,27.954345703125000000,,,70.0,70.0,70.00,70.0,70.0,1276,0,0,0.000,0.0,0.0,7.546
2026-09-19T01:24:40Z,583EB1923855A680,18.4,queries/tpch/tpch-queries/q13/v2_correlated.sql,measured,1,4,1,2,8.726584,2.181646,8678.086,0.048498,0.028893,0.013095,9472,0,66.062438964843750000,55.395141601562500000,,,70.0,59.0,69.09,70.0,70.0,1235,0,0,0.000,0.0,0.0,7.570
2026-09-19T01:24:58Z,583EB1923855A680,18.4,queries/tpch/tpch-queries/q13/v2_correlated.sql,measured,1,8,1,2,17.383681,2.172960,17332.694,0.050987,0.030937,0.011731,9600,0,129.880187988281250000,108.793762207031250000,,,59.0,69.0,68.77,70.0,70.0,1229,0,0,0.000,0.0,0.0,7.471
2026-09-19T01:25:33Z,583EB1923855A680,18.4,queries/tpch/tpch-queries/q13/v2_correlated.sql,measured,1,16,1,2,34.816506,2.176032,34708.410,0.108096,0.031672,0.012736,9600,0,259.909362792968750000,218.062805175781250000,,,69.0,68.0,68.05,69.0,70.0,1095,0,0,0.000,0.0,0.0,7.465
2026-09-19T01:25:39Z,5E4CCDDAA6B4AA27,18.4,queries/tpch/tpch-queries/q19/v1_materialized.sql,warmup,1,1,1,2,2.468704,2.468704,2270.662,0.198042,0.028399,0.013883,9600,0,12.479858398437500000,7.331054687500000000,,,59.0,57.0,57.77,59.0,58.0,1575,0,0,3.226,0.0,0.0,5.055
2026-09-19T01:25:39Z,5E4CCDDAA6B4AA27,18.4,queries/tpch/tpch-queries/q19/v1_materialized.sql,warmup,2,1,1,2,0.080776,0.080776,32.601,0.048175,0.026464,0.015552,9600,0,0.936645507812500000,0.818237304687500000,,,57.0,57.0,57.00,57.0,57.0,1050,0,0,0.052,0.0,0.0,11.596
2026-09-19T01:25:39Z,5E4CCDDAA6B4AA27,18.4,queries/tpch/tpch-queries/q19/v1_materialized.sql,measured,1,1,1,2,0.078628,0.078628,30.807,0.047821,0.028842,0.012710,9472,0,0.883117675781250000,0.765808105468750000,,,57.0,56.0,57.00,57.0,57.0,2025,0,0,0.000,0.0,0.0,11.232
2026-09-19T01:25:39Z,5E4CCDDAA6B4AA27,18.4,queries/tpch/tpch-queries/q19/v1_materialized.sql,measured,1,2,1,2,0.107418,0.053709,58.790,0.048628,0.028394,0.013249,9600,0,1.352050781250000000,1.190063476562500000,,,56.0,56.0,56.00,56.0,58.0,1700,0,0,0.000,0.0,0.0,12.587
2026-09-19T01:25:39Z,5E4CCDDAA6B4AA27,18.4,queries/tpch/tpch-queries/q19/v1_materialized.sql,measured,1,4,1,2,0.164664,0.041166,113.679,0.050985,0.032956,0.009310,9600,0,2.252563476562500000,2.020996093750000000,,,56.0,56.0,56.00,56.0,58.0,2025,0,0,0.000,0.0,0.0,13.680
2026-09-19T01:25:40Z,5E4CCDDAA6B4AA27,18.4,queries/tpch/tpch-queries/q19/v1_materialized.sql,measured,1,8,1,2,0.291674,0.036459,224.736,0.066938,0.031425,0.012161,9600,0,4.169128417968750000,3.753479003906250000,,,56.0,56.0,56.00,56.0,58.0,2675,0,0,0.000,0.0,0.0,14.294
2026-09-19T01:25:40Z,5E4CCDDAA6B4AA27,18.4,queries/tpch/tpch-queries/q19/v1_materialized.sql,measured,1,16,1,2,0.501387,0.031337,436.887,0.064500,0.033042,0.012915,9600,0,7.651550292968750000,6.977294921875000000,,,56.0,68.0,64.00,68.0,68.0,2675,0,0,0.000,0.0,0.0,15.261
2026-09-19T01:25:48Z,5C27A181FE47BE57,18.4,queries/tpch/tpch-queries/q13/v2_correlated.sql,warmup,1,1,1,2,4.807160,4.807160,4736.424,0.070736,0.029128,0.012684,9600,0,35.182067871093750000,25.950500488281250000,,,59.0,66.0,61.21,66.0,66.0,1957,0,0,3.212,0.0,0.0,7.319
2026-09-19T01:25:51Z,5C27A181FE47BE57,18.4,queries/tpch/tpch-queries/q13/v2_correlated.sql,warmup,2,1,1,2,2.296410,2.296410,2249.302,0.047108,0.028036,0.013869,9600,0,17.297241210937500000,14.455627441406250000,,,66.0,66.0,66.00,66.0,66.0,1131,0,0,0.000,0.0,0.0,7.532
2026-09-19T01:25:53Z,5C27A181FE47BE57,18.4,queries/tpch/tpch-queries/q13/v2_correlated.sql,measured,1,1,1,2,2.300057,2.300057,2253.711,0.046346,0.026802,0.014479,9600,0,17.296325683593750000,14.456176757812500000,,,66.0,67.0,66.67,67.0,67.0,1213,0,0,0.000,0.0,0.0,7.520
2026-09-19T01:25:58Z,5C27A181FE47BE57,18.4,queries/tpch/tpch-queries/q13/v2_correlated.sql,measured,1,2,1,2,4.430669,2.215334,4383.172,0.047497,0.030681,0.011230,9600,0,33.165832519531250000,27.701599121093750000,,,67.0,67.0,67.22,68.0,68.0,1271,0,0,0.000,0.0,0.0,7.486
2026-09-19T01:26:07Z,5C27A181FE47BE57,18.4,queries/tpch/tpch-queries/q13/v2_correlated.sql,measured,1,4,1,2,8.730838,2.182709,8681.907,0.048931,0.033617,0.008803,9600,0,65.317932128906250000,54.625000000000000000,,,67.0,58.0,67.57,68.0,68.0,1331,0,0,0.000,0.0,0.0,7.481
2026-09-19T01:26:24Z,5C27A181FE47BE57,18.4,queries/tpch/tpch-queries/q13/v2_correlated.sql,measured,1,8,1,2,17.288514,2.161064,17237.388,0.051126,0.030273,0.012559,9600,0,127.994995117187500000,107.160766601562500000,,,58.0,65.0,64.25,65.0,65.0,994,0,0,0.000,0.0,0.0,7.403
2026-09-19T01:26:59Z,5C27A181FE47BE57,18.4,queries/tpch/tpch-queries/q13/v2_correlated.sql,measured,1,16,1,2,34.376420,2.148526,34320.045,0.056375,0.029895,0.014352,9600,0,257.084899902343750000,215.884338378906250000,,,65.0,68.0,67.57,68.0,68.0,1146,0,0,0.000,0.0,0.0,7.479
2026-09-19T01:27:02Z,84F71D3F1145FE74,18.4,queries/tpch/tpch-queries/q22/base.sql,warmup,1,1,1,2,0.319136,0.319136,122.236,0.196900,0.028858,0.012386,9472,0,2.604064941406250000,1.979736328125000000,,,57.0,57.0,57.00,57.0,58.0,2025,0,0,3.326,0.0,0.0,8.160
2026-09-19T01:27:03Z,84F71D3F1145FE74,18.4,queries/tpch/tpch-queries/q22/base.sql,warmup,2,1,1,2,0.120826,0.120826,73.830,0.046996,0.033190,0.008224,9600,0,1.570373535156250000,1.402282714843750000,,,57.0,57.0,57.00,57.0,58.0,1050,0,0,0.041,0.0,0.0,12.997
2026-09-19T01:27:03Z,84F71D3F1145FE74,18.4,queries/tpch/tpch-queries/q22/base.sql,measured,1,1,1,2,0.119196,0.119196,70.198,0.048998,0.030168,0.013251,9600,0,1.578918457031250000,1.413146972656250000,,,57.0,57.0,57.00,57.0,58.0,1700,0,0,0.000,0.0,0.0,13.246
2026-09-19T01:27:03Z,84F71D3F1145FE74,18.4,queries/tpch/tpch-queries/q22/base.sql,measured,1,2,1,2,0.180653,0.090327,132.688,0.047965,0.029869,0.011880,9600,0,2.657531738281250000,2.414184570312500000,,,57.0,60.0,57.00,57.0,58.0,2025,0,0,0.000,0.0,0.0,14.711
2026-09-19T01:27:03Z,84F71D3F1145FE74,18.4,queries/tpch/tpch-queries/q22/base.sql,measured,1,4,1,2,0.330607,0.082652,253.519,0.077088,0.028112,0.014154,9472,0,4.974243164062500000,4.505432128906250000,,,60.0,60.0,60.00,60.0,60.0,2675,0,0,0.000,0.0,0.0,15.046
2026-09-19T01:27:04Z,84F71D3F1145FE74,18.4,queries/tpch/tpch-queries/q22/base.sql,measured,1,8,1,2,0.547655,0.068457,494.511,0.053144,0.031245,0.011863,9600,0,9.402160644531250000,8.618591308593750000,,,60.0,61.0,60.00,60.0,60.0,2566,0,0,0.000,0.0,0.0,17.168
2026-09-19T01:27:05Z,84F71D3F1145FE74,18.4,queries/tpch/tpch-queries/q22/base.sql,measured,1,16,1,2,1.050216,0.065638,980.963,0.069253,0.033521,0.011937,9472,0,18.499328613281250000,16.958251953125000000,,,61.0,75.0,63.33,75.0,75.0,2242,0,0,0.000,0.0,0.0,17.615
2026-09-19T01:27:10Z,56F4887F32CE5D2D,18.4,queries/tpch/tpch-queries/q19/base.sql,warmup,1,1,1,2,1.898541,1.898541,1699.732,0.198809,0.026172,0.016062,9600,0,10.262084960937500000,6.284118652343750000,,,59.0,56.0,59.50,60.0,60.0,1635,0,0,3.240,0.0,0.0,5.405
2026-09-19T01:27:11Z,56F4887F32CE5D2D,18.4,queries/tpch/tpch-queries/q19/base.sql,warmup,2,1,1,2,0.078860,0.078860,31.232,0.047628,0.025982,0.015448,9600,0,0.920227050781250000,0.788696289062500000,,,56.0,56.0,56.00,56.0,56.0,3000,0,0,0.009,0.0,0.0,11.669
2026-09-19T01:27:11Z,56F4887F32CE5D2D,18.4,queries/tpch/tpch-queries/q19/base.sql,measured,1,1,1,2,0.078062,0.078062,30.666,0.047396,0.029411,0.011925,9600,0,0.883850097656250000,0.765930175781250000,,,56.0,56.0,56.00,56.0,56.0,1268,0,0,0.000,0.0,0.0,11.322
2026-09-19T01:27:11Z,56F4887F32CE5D2D,18.4,queries/tpch/tpch-queries/q19/base.sql,measured,1,2,1,2,0.108126,0.054063,59.560,0.048566,0.030530,0.011083,9600,0,1.355590820312500000,1.198608398437500000,,,56.0,56.0,56.00,56.0,56.0,1375,0,0,0.000,0.0,0.0,12.537
2026-09-19T01:27:11Z,56F4887F32CE5D2D,18.4,queries/tpch/tpch-queries/q19/base.sql,measured,1,4,1,2,0.165295,0.041324,114.467,0.050828,0.032120,0.010171,9600,0,2.260803222656250000,2.031555175781250000,,,56.0,56.0,56.00,56.0,56.0,2350,0,0,0.000,0.0,0.0,13.677
2026-09-19T01:27:12Z,56F4887F32CE5D2D,18.4,queries/tpch/tpch-queries/q19/base.sql,measured,1,8,1,2,0.295718,0.036965,227.599,0.068119,0.032738,0.011072,9600,0,4.176147460937500000,3.745971679687500000,,,56.0,68.0,62.00,68.0,68.0,2675,0,0,0.000,0.0,0.0,14.122
2026-09-19T01:27:12Z,56F4887F32CE5D2D,18.4,queries/tpch/tpch-queries/q19/base.sql,measured,1,16,1,2,0.510431,0.031902,447.033,0.063398,0.029916,0.015578,9600,0,7.770507812500000000,7.083312988281250000,,,68.0,68.0,68.00,68.0,68.0,1917,0,0,0.000,0.0,0.0,15.223
2026-09-19T01:27:16Z,9196D732C0DF88EC,18.4,queries/tpch/tpch-queries/q16/v1_materialized.sql,warmup,1,1,1,2,0.567077,0.567077,361.175,0.205902,0.026210,0.015924,9472,0,6.384460449218750000,5.386901855468750000,,,57.0,57.0,57.00,57.0,57.0,2459,0,0,3.212,0.0,0.0,11.259
2026-09-19T01:27:16Z,9196D732C0DF88EC,18.4,queries/tpch/tpch-queries/q16/v1_materialized.sql,warmup,2,1,1,2,0.312139,0.312139,264.408,0.047731,0.028338,0.013345,9600,0,4.966735839843750000,4.590332031250000000,,,57.0,58.0,57.00,57.0,57.0,2513,0,0,0.003,0.0,0.0,15.912
2026-09-19T01:27:17Z,9196D732C0DF88EC,18.4,queries/tpch/tpch-queries/q16/v1_materialized.sql,measured,1,1,1,2,0.372187,0.372187,272.509,0.099678,0.029590,0.011977,9472,0,5.213928222656250000,4.716003417968750000,,,58.0,58.0,58.00,58.0,59.0,1863,0,0,0.000,0.0,0.0,14.009
2026-09-19T01:27:17Z,9196D732C0DF88EC,18.4,queries/tpch/tpch-queries/q16/v1_materialized.sql,measured,1,2,1,2,0.577874,0.288937,529.391,0.048483,0.027771,0.014096,9472,0,9.737243652343750000,8.961242675781250000,,,58.0,61.0,58.00,58.0,59.0,2134,0,0,0.000,0.0,0.0,16.850
2026-09-19T01:27:19Z,9196D732C0DF88EC,18.4,queries/tpch/tpch-queries/q16/v1_materialized.sql,measured,1,4,1,2,1.141772,0.285443,1067.315,0.074457,0.029238,0.013282,9600,0,19.283203125000000000,17.745117187500000000,,,61.0,77.0,63.67,77.0,77.0,2567,0,0,0.000,0.0,0.0,16.889
2026-09-19T01:27:21Z,9196D732C0DF88EC,18.4,queries/tpch/tpch-queries/q16/v1_materialized.sql,measured,1,8,1,2,2.181630,0.272704,2126.203,0.055427,0.033562,0.011166,9472,0,37.688415527343750000,35.022827148437500000,,,77.0,76.0,75.91,77.0,77.0,2527,0,0,0.000,0.0,0.0,17.275
2026-09-19T01:27:26Z,9196D732C0DF88EC,18.4,queries/tpch/tpch-queries/q16/v1_materialized.sql,measured,1,16,1,2,4.426184,0.276637,4338.621,0.087563,0.034090,0.012725,9472,0,75.792419433593750000,70.270507812500000000,,,76.0,62.0,74.04,78.0,78.0,2534,0,0,0.000,0.0,0.0,17.124
2026-09-19T01:27:33Z,A07CA91D81918BEF,18.4,queries/tpch/tpch-queries/q01/base.sql,warmup,1,1,1,2,2.324892,2.324892,2238.432,0.086460,0.026172,0.015631,9600,0,50.430969238281250000,45.321228027343750000,,,57.0,80.0,69.58,80.0,80.0,2702,0,0,5.292,0.0,2.0,21.692
2026-09-19T01:27:35Z,A07CA91D81918BEF,18.4,queries/tpch/tpch-queries/q01/base.sql,warmup,2,1,1,2,1.638929,1.638929,1592.021,0.046908,0.029776,0.011769,9600,0,39.790283203125000000,37.850219726562500000,,,80.0,83.0,81.44,83.0,83.0,2711,0,0,0.001,0.0,0.0,24.278
2026-09-19T01:27:37Z,A07CA91D81918BEF,18.4,queries/tpch/tpch-queries/q01/base.sql,measured,1,1,1,2,1.649065,1.649065,1597.212,0.051853,0.029616,0.012167,9600,0,40.002502441406250000,37.908081054687500000,,,83.0,66.0,83.00,83.0,83.0,2675,0,0,0.000,0.0,0.0,24.258
2026-09-19T01:27:40Z,A07CA91D81918BEF,18.4,queries/tpch/tpch-queries/q01/base.sql,measured,1,2,1,2,3.215929,1.607964,3168.425,0.047504,0.029381,0.012260,9472,0,79.330810546875000000,75.350158691406250000,,,66.0,86.0,78.94,86.0,86.0,2694,0,0,0.000,0.0,0.0,24.668
2026-09-19T01:27:47Z,A07CA91D81918BEF,18.4,queries/tpch/tpch-queries/q01/base.sql,measured,1,4,1,2,6.352376,1.588094,6303.596,0.048780,0.024825,0.017177,9472,0,159.661499023437500000,151.472595214843750000,,,86.0,90.0,87.44,90.0,90.0,2655,0,0,0.000,0.0,0.0,25.134
2026-09-19T01:27:59Z,A07CA91D81918BEF,18.4,queries/tpch/tpch-queries/q01/base.sql,measured,1,8,1,2,12.600183,1.575023,12548.627,0.051556,0.026466,0.016303,9600,0,322.370910644531250000,306.568481445312500000,,,90.0,95.0,91.75,95.0,95.0,2680,0,0,0.000,0.0,0.0,25.585
2026-09-19T01:28:25Z,A07CA91D81918BEF,18.4,queries/tpch/tpch-queries/q01/base.sql,measured,1,16,1,2,25.736148,1.608509,25650.346,0.085802,0.027700,0.017426,9600,0,630.131469726562500000,597.629150390625000000,,,95.0,92.0,95.29,98.0,98.0,2555,1154,4616,0.000,0.0,0.0,24.484
2026-09-19T01:28:53Z,EE81FF9ABA01159F,18.4,queries/tpch/tpch-queries/q05/base.sql,warmup,1,1,1,2,7.963531,7.963531,7859.413,0.104118,0.027438,0.014373,9600,0,46.754211425781250000,29.941101074218750000,,,60.0,60.0,62.25,67.0,67.0,1586,0,0,19.564,0.0,16.0,5.871
2026-09-19T01:28:53Z,EE81FF9ABA01159F,18.4,queries/tpch/tpch-queries/q05/base.sql,warmup,2,1,1,2,0.285293,0.285293,234.865,0.050428,0.025894,0.016147,9600,0,4.160034179687500000,3.773803710937500000,,,60.0,60.0,60.00,60.0,60.0,2025,0,0,0.001,0.0,0.0,14.582
2026-09-19T01:28:54Z,EE81FF9ABA01159F,18.4,queries/tpch/tpch-queries/q05/base.sql,measured,1,1,1,2,0.285170,0.285170,234.908,0.050262,0.029131,0.012876,9472,0,4.165649414062500000,3.770141601562500000,,,60.0,60.0,60.00,60.0,60.0,1863,0,0,0.000,0.0,0.0,14.608
2026-09-19T01:28:54Z,EE81FF9ABA01159F,18.4,queries/tpch/tpch-queries/q05/base.sql,measured,1,2,1,2,0.504790,0.252395,452.202,0.052588,0.024806,0.017115,9600,0,7.665466308593750000,6.965087890625000000,,,60.0,71.0,67.33,71.0,71.0,1808,0,0,0.000,0.0,0.0,15.185
2026-09-19T01:28:55Z,EE81FF9ABA01159F,18.4,queries/tpch/tpch-queries/q05/base.sql,measured,1,4,1,2,0.940902,0.235225,882.190,0.058712,0.028133,0.014353,9600,0,14.624328613281250000,13.277465820312500000,,,71.0,74.0,72.20,74.0,74.0,1830,0,0,0.000,0.0,0.0,15.543
2026-09-19T01:28:57Z,EE81FF9ABA01159F,18.4,queries/tpch/tpch-queries/q05/base.sql,measured,1,8,1,2,1.817156,0.227145,1749.539,0.067617,0.030548,0.013344,9600,0,28.703979492187500000,26.196411132812500000,,,74.0,73.0,74.30,75.0,75.0,2123,0,0,0.000,0.0,0.0,15.796
2026-09-19T01:29:01Z,EE81FF9ABA01159F,18.4,queries/tpch/tpch-queries/q05/base.sql,measured,1,16,1,2,3.571502,0.223219,3482.991,0.088511,0.031211,0.015581,9600,0,57.082031250000000000,52.049133300781250000,,,73.0,68.0,74.94,76.0,76.0,2115,0,0,0.000,0.0,0.0,15.983
2026-09-19T01:29:09Z,08610D4A7A0B1BDE,18.4,queries/tpch/tpch-queries/q01/v1_materialized.sql,warmup,1,1,1,2,2.297508,2.297508,2210.949,0.086559,0.028534,0.013266,9600,0,50.811889648437500000,45.792358398437500000,,,59.0,82.0,72.00,82.0,82.0,2702,0,0,5.464,0.0,2.0,22.116
2026-09-19T01:29:10Z,08610D4A7A0B1BDE,18.4,queries/tpch/tpch-queries/q01/v1_materialized.sql,warmup,2,1,1,2,1.640944,1.640944,1592.732,0.048212,0.033783,0.008897,9472,0,40.028686523437500000,38.013488769531250000,,,82.0,85.0,82.33,85.0,85.0,2314,0,0,0.008,0.0,0.0,24.394
2026-09-19T01:29:12Z,08610D4A7A0B1BDE,18.4,queries/tpch/tpch-queries/q01/v1_materialized.sql,measured,1,1,1,2,1.646128,1.646128,1599.125,0.047003,0.026257,0.015364,9600,0,40.250366210937500000,38.127929687500000000,,,85.0,68.0,84.44,85.0,85.0,2603,0,0,0.000,0.0,0.0,24.452
2026-09-19T01:29:16Z,08610D4A7A0B1BDE,18.4,queries/tpch/tpch-queries/q01/v1_materialized.sql,measured,1,2,1,2,3.215006,1.607503,3167.238,0.047768,0.026774,0.014932,9600,0,80.050231933593750000,76.081359863281250000,,,68.0,87.0,80.53,87.0,87.0,2656,0,0,0.000,0.0,0.0,24.899
2026-09-19T01:29:22Z,08610D4A7A0B1BDE,18.4,queries/tpch/tpch-queries/q01/v1_materialized.sql,measured,1,4,1,2,6.370008,1.592502,6318.877,0.051131,0.032081,0.012180,9472,0,161.623474121093750000,153.364501953125000000,,,87.0,91.0,89.53,91.0,91.0,2634,0,0,0.000,0.0,0.0,25.373
2026-09-19T01:29:35Z,08610D4A7A0B1BDE,18.4,queries/tpch/tpch-queries/q01/v1_materialized.sql,measured,1,8,1,2,12.670024,1.583753,12608.581,0.061443,0.031225,0.012657,9600,0,325.854125976562500000,309.858764648437500000,,,91.0,95.0,94.16,96.0,96.0,2640,0,0,0.000,0.0,0.0,25.719
2026-09-19T01:30:01Z,08610D4A7A0B1BDE,18.4,queries/tpch/tpch-queries/q01/v1_materialized.sql,measured,1,16,1,2,26.074120,1.629633,25961.187,0.112933,0.028013,0.017618,9600,0,627.044555664062500000,593.847717285156250000,,,95.0,94.0,96.31,99.0,99.0,2452,2538,9600,0.000,0.0,0.0,24.049
2026-09-19T01:30:20Z,32EFDD8D528A71AE,18.4,queries/tpch/tpch-queries/q02/base.sql,warmup,1,1,1,2,0.824275,0.824275,688.620,0.135655,0.027303,0.014331,9472,0,5.620178222656250000,3.881225585937500000,,,60.0,61.0,60.00,60.0,60.0,1115,0,0,17.673,0.0,14.0,6.818
2026-09-19T01:30:20Z,32EFDD8D528A71AE,18.4,queries/tpch/tpch-queries/q02/base.sql,warmup,2,1,1,2,0.243858,0.243858,195.297,0.048561,0.027582,0.013997,9600,0,1.890808105468750000,1.580078125000000000,,,61.0,61.0,61.00,61.0,60.0,1050,0,0,0.052,0.0,0.0,7.754
2026-09-19T01:30:21Z,32EFDD8D528A71AE,18.4,queries/tpch/tpch-queries/q02/base.sql,measured,1,1,1,2,0.246494,0.246494,197.425,0.049069,0.029077,0.012974,9600,0,1.978759765625000000,1.663940429687500000,,,61.0,61.0,61.00,61.0,60.0,1575,0,0,0.000,0.0,0.0,8.028
2026-09-19T01:30:21Z,32EFDD8D528A71AE,18.4,queries/tpch/tpch-queries/q02/base.sql,measured,1,2,1,2,0.408488,0.204244,357.641,0.050847,0.029230,0.013193,9472,0,3.219299316406250000,2.721496582031250000,,,61.0,72.0,68.33,72.0,72.0,1267,0,0,0.000,0.0,0.0,7.881
2026-09-19T01:30:22Z,32EFDD8D528A71AE,18.4,queries/tpch/tpch-queries/q02/base.sql,measured,1,4,1,2,0.740790,0.185198,686.266,0.054524,0.030563,0.012621,9600,0,5.854370117187500000,4.913330078125000000,,,72.0,69.0,71.25,72.0,72.0,1619,0,0,0.000,0.0,0.0,7.903
2026-09-19T01:30:23Z,32EFDD8D528A71AE,18.4,queries/tpch/tpch-queries/q02/base.sql,measured,1,8,1,2,1.398048,0.174756,1336.497,0.061551,0.031310,0.013112,9600,0,11.148376464843750000,9.396240234375000000,,,69.0,69.0,69.00,69.0,69.0,1793,0,0,0.000,0.0,0.0,7.974
2026-09-19T01:30:26Z,32EFDD8D528A71AE,18.4,queries/tpch/tpch-queries/q02/base.sql,measured,1,16,1,2,2.751055,0.171941,2632.208,0.118847,0.030847,0.017920,9472,0,21.534484863281250000,18.133544921875000000,,,69.0,71.0,70.71,71.0,71.0,1909,0,0,0.000,0.0,0.0,7.828
2026-09-19T01:30:33Z,8A577E43684EDED9,18.4,queries/tpch/tpch-queries/q11/v2_cte_threshold.sql,warmup,1,1,1,2,1.824194,1.824194,1744.022,0.080172,0.028083,0.014111,9600,0,9.234313964843750000,5.428955078125000000,,,58.0,58.0,58.00,58.0,58.0,1440,0,0,5.219,0.0,2.0,5.062
2026-09-19T01:30:34Z,8A577E43684EDED9,18.4,queries/tpch/tpch-queries/q11/v2_cte_threshold.sql,warmup,2,1,1,2,0.136300,0.136300,89.160,0.047140,0.021387,0.019927,9600,0,1.079284667968750000,0.892456054687500000,,,58.0,58.0,58.00,58.0,58.0,1050,0,0,0.052,0.0,0.0,7.918
2026-09-19T01:30:34Z,8A577E43684EDED9,18.4,queries/tpch/tpch-queries/q11/v2_cte_threshold.sql,measured,1,1,1,2,0.135689,0.135689,88.481,0.047208,0.031985,0.009425,9600,0,1.061828613281250000,0.869812011718750000,,,58.0,58.0,58.00,58.0,58.0,1700,0,0,0.000,0.0,0.0,7.825
2026-09-19T01:30:34Z,8A577E43684EDED9,18.4,queries/tpch/tpch-queries/q11/v2_cte_threshold.sql,measured,1,2,1,2,0.212486,0.106243,162.999,0.049487,0.028794,0.013418,9600,0,1.651000976562500000,1.360717773437500000,,,58.0,58.0,58.00,58.0,58.0,1213,0,0,0.000,0.0,0.0,7.770
2026-09-19T01:30:35Z,8A577E43684EDED9,18.4,queries/tpch/tpch-queries/q11/v2_cte_threshold.sql,measured,1,4,1,2,0.371193,0.092798,318.645,0.052548,0.029920,0.012534,9600,0,2.930114746093750000,2.423767089843750000,,,58.0,68.0,63.00,68.0,67.0,1862,0,0,0.000,0.0,0.0,7.894
2026-09-19T01:30:36Z,8A577E43684EDED9,18.4,queries/tpch/tpch-queries/q11/v2_cte_threshold.sql,measured,1,8,1,2,0.702662,0.087833,625.425,0.077237,0.030738,0.012955,9600,0,5.316772460937500000,4.411926269531250000,,,68.0,59.0,68.00,68.0,67.0,2107,0,0,0.000,0.0,0.0,7.567
2026-09-19T01:30:37Z,8A577E43684EDED9,18.4,queries/tpch/tpch-queries/q11/v2_cte_threshold.sql,measured,1,16,1,2,1.312744,0.082047,1238.863,0.073881,0.035527,0.009925,9600,0,9.955810546875000000,8.365295410156250000,,,59.0,66.0,61.00,66.0,66.0,1468,0,0,0.000,0.0,0.0,7.584
2026-09-19T01:30:49Z,F7908E793CDEFCDD,18.4,queries/tpch/tpch-queries/q09/v1_materialized.sql,warmup,1,1,1,2,8.857281,8.857281,8599.192,0.258089,0.028948,0.012854,9600,0,72.123352050781250000,53.597167968750000000,,,59.0,58.0,61.67,66.0,66.0,2105,0,0,3.194,0.0,0.0,8.143
2026-09-19T01:30:50Z,F7908E793CDEFCDD,18.4,queries/tpch/tpch-queries/q09/v1_materialized.sql,warmup,2,1,1,2,1.195307,1.195307,1143.767,0.051540,0.035564,0.006323,9728,0,18.279785156250000000,16.669311523437500000,,,58.0,73.0,60.50,73.0,73.0,1754,0,0,0.052,0.0,0.0,15.293
2026-09-19T01:30:52Z,F7908E793CDEFCDD,18.4,queries/tpch/tpch-queries/q09/v1_materialized.sql,measured,1,1,1,2,1.276559,1.276559,1132.623,0.143936,0.030172,0.011513,9600,0,18.765930175781250000,17.023254394531250000,,,73.0,74.0,73.43,74.0,74.0,2025,0,0,0.000,0.0,0.0,14.700
2026-09-19T01:30:54Z,F7908E793CDEFCDD,18.4,queries/tpch/tpch-queries/q09/v1_materialized.sql,measured,1,2,1,2,2.346323,1.173162,2241.238,0.105085,0.027788,0.014308,9600,0,35.887878417968750000,32.638061523437500000,,,74.0,62.0,73.58,74.0,74.0,1971,0,0,0.000,0.0,0.0,15.295
2026-09-19T01:30:59Z,F7908E793CDEFCDD,18.4,queries/tpch/tpch-queries/q09/v1_materialized.sql,measured,1,4,1,2,4.520432,1.130108,4458.471,0.061961,0.031309,0.011854,9472,0,70.189941406250000000,64.228332519531250000,,,62.0,77.0,71.57,77.0,77.0,1969,0,0,0.000,0.0,0.0,15.527
2026-09-19T01:31:08Z,F7908E793CDEFCDD,18.4,queries/tpch/tpch-queries/q09/v1_materialized.sql,measured,1,8,1,2,8.959162,1.119895,8884.072,0.075090,0.028263,0.015923,9600,0,140.136779785156250000,128.227966308593750000,,,77.0,78.0,76.51,80.0,80.0,2011,0,0,0.000,0.0,0.0,15.642
2026-09-19T01:31:26Z,F7908E793CDEFCDD,18.4,queries/tpch/tpch-queries/q09/v1_materialized.sql,measured,1,16,1,2,17.909899,1.119369,17806.983,0.102916,0.032648,0.014434,9472,0,283.005249023437500000,259.031677246093750000,,,78.0,81.0,79.49,83.0,83.0,2137,0,0,0.000,0.0,0.0,15.802
2026-09-19T01:31:36Z,B88F049BD222746A,18.4,queries/tpch/tpch-queries/q06/base.sql,warmup,1,1,1,2,0.316171,0.316171,192.807,0.123364,0.033889,0.007961,9600,0,3.386718750000000000,2.747924804687500000,,,60.0,60.0,60.00,60.0,60.0,2675,0,0,9.603,0.0,6.0,10.712
2026-09-19T01:31:36Z,B88F049BD222746A,18.4,queries/tpch/tpch-queries/q06/base.sql,warmup,2,1,1,2,0.110588,0.110588,63.830,0.046758,0.030257,0.011385,9600,0,1.860839843750000000,1.706848144531250000,,,60.0,60.0,60.00,60.0,60.0,1050,0,0,0.044,0.0,0.0,16.827
2026-09-19T01:31:36Z,B88F049BD222746A,18.4,queries/tpch/tpch-queries/q06/base.sql,measured,1,1,1,2,0.115055,0.115055,67.986,0.047069,0.028351,0.013595,9600,0,1.899230957031250000,1.745910644531250000,,,60.0,60.0,60.00,60.0,60.0,1700,0,0,0.000,0.0,0.0,16.507
2026-09-19T01:31:37Z,B88F049BD222746A,18.4,queries/tpch/tpch-queries/q06/base.sql,measured,1,2,1,2,0.188630,0.094315,141.349,0.047281,0.030582,0.011307,9600,0,3.394714355468750000,3.150268554687500000,,,60.0,68.0,60.00,60.0,60.0,2999,0,0,0.000,0.0,0.0,17.997
2026-09-19T01:31:37Z,B88F049BD222746A,18.4,queries/tpch/tpch-queries/q06/base.sql,measured,1,4,1,2,0.347858,0.086964,262.042,0.085816,0.026401,0.016138,9600,0,6.404113769531250000,5.919494628906250000,,,68.0,68.0,68.00,68.0,68.0,3000,0,0,0.000,0.0,0.0,18.410
2026-09-19T01:31:38Z,B88F049BD222746A,18.4,queries/tpch/tpch-queries/q06/base.sql,measured,1,8,1,2,0.567145,0.070893,516.385,0.050760,0.031667,0.011596,9600,0,12.476562500000000000,11.629333496093750000,,,68.0,68.0,68.00,68.0,68.0,2675,0,0,0.000,0.0,0.0,21.999
2026-09-19T01:31:39Z,B88F049BD222746A,18.4,queries/tpch/tpch-queries/q06/base.sql,measured,1,16,1,2,1.129184,0.070574,1059.895,0.069289,0.032029,0.013596,9600,0,24.164001464843750000,22.756652832031250000,,,68.0,80.0,70.00,80.0,80.0,2946,0,0,0.000,0.0,0.0,21.400
2026-09-19T01:31:54Z,BC3DFAF298C5815F,18.4,queries/tpch/tpch-queries/q09/base.sql,warmup,1,1,1,2,9.538913,9.538913,9267.211,0.271702,0.029772,0.012097,9472,0,73.887512207031250000,53.986938476562500000,,,59.0,68.0,63.42,68.0,68.0,1673,0,0,5.127,0.0,2.0,7.746
2026-09-19T01:31:55Z,BC3DFAF298C5815F,18.4,queries/tpch/tpch-queries/q09/base.sql,warmup,2,1,1,2,1.206651,1.206651,1148.809,0.057842,0.029851,0.011860,9600,0,18.381591796875000000,16.742919921875000000,,,68.0,60.0,72.29,74.0,74.0,1886,0,0,0.003,0.0,0.0,15.234
2026-09-19T01:31:56Z,BC3DFAF298C5815F,18.4,queries/tpch/tpch-queries/q09/base.sql,measured,1,1,1,2,1.192524,1.192524,1141.483,0.051041,0.028320,0.013322,9472,0,18.196044921875000000,16.603759765625000000,,,60.0,77.0,62.83,77.0,77.0,2079,0,0,0.000,0.0,0.0,15.258
2026-09-19T01:31:59Z,BC3DFAF298C5815F,18.4,queries/tpch/tpch-queries/q09/base.sql,measured,1,2,1,2,2.330580,1.165290,2238.279,0.092301,0.028881,0.013331,9472,0,35.814270019531250000,32.699401855468750000,,,77.0,75.0,76.08,77.0,77.0,1863,0,0,0.000,0.0,0.0,15.367
2026-09-19T01:32:03Z,BC3DFAF298C5815F,18.4,queries/tpch/tpch-queries/q09/base.sql,measured,1,4,1,2,4.544289,1.136072,4481.924,0.062365,0.034833,0.008935,9600,0,70.680114746093750000,64.487365722656250000,,,75.0,79.0,74.52,79.0,79.0,1884,0,0,0.000,0.0,0.0,15.554
2026-09-19T01:32:12Z,BC3DFAF298C5815F,18.4,queries/tpch/tpch-queries/q09/base.sql,measured,1,8,1,2,8.984083,1.123010,8909.377,0.074706,0.028633,0.015690,9600,0,140.296875000000000000,128.541992187500000000,,,79.0,77.0,77.62,79.0,79.0,1895,0,0,0.000,0.0,0.0,15.616
2026-09-19T01:32:30Z,BC3DFAF298C5815F,18.4,queries/tpch/tpch-queries/q09/base.sql,measured,1,16,1,2,17.930835,1.120677,17814.186,0.116649,0.034742,0.012531,9600,0,283.212585449218750000,259.058532714843750000,,,77.0,83.0,80.18,83.0,83.0,1985,0,0,0.001,0.0,0.0,15.795
2026-09-19T01:32:41Z,B91D10C5578EEC3B,18.4,queries/tpch/tpch-queries/q16/base.sql,warmup,1,1,1,2,0.551967,0.551967,415.993,0.135974,0.029194,0.012264,9472,0,6.374267578125000000,5.420715332031250000,,,59.0,59.0,59.00,59.0,59.0,1483,0,0,9.710,0.0,6.0,11.548
2026-09-19T01:32:41Z,B91D10C5578EEC3B,18.4,queries/tpch/tpch-queries/q16/base.sql,warmup,2,1,1,2,0.341886,0.341886,294.697,0.047189,0.028850,0.012539,9600,0,5.176879882812500000,4.773254394531250000,,,59.0,63.0,59.00,59.0,59.0,2188,0,0,0.003,0.0,0.0,15.142
2026-09-19T01:32:41Z,B91D10C5578EEC3B,18.4,queries/tpch/tpch-queries/q16/base.sql,measured,1,1,1,2,0.305841,0.305841,258.354,0.047487,0.031184,0.010553,9600,0,5.065368652343750000,4.675415039062500000,,,63.0,63.0,63.00,63.0,63.0,2025,0,0,0.000,0.0,0.0,16.562
2026-09-19T01:32:42Z,B91D10C5578EEC3B,18.4,queries/tpch/tpch-queries/q16/base.sql,measured,1,2,1,2,0.581003,0.290502,532.130,0.048873,0.035565,0.006843,9600,0,9.917358398437500000,9.126892089843750000,,,63.0,66.0,63.00,63.0,63.0,2243,0,0,0.000,0.0,0.0,17.069
2026-09-19T01:32:43Z,B91D10C5578EEC3B,18.4,queries/tpch/tpch-queries/q16/base.sql,measured,1,4,1,2,1.148790,0.287197,1098.682,0.050108,0.031544,0.010722,9472,0,19.305603027343750000,17.927551269531250000,,,66.0,80.0,68.33,80.0,80.0,2567,0,0,0.000,0.0,0.0,16.805
2026-09-19T01:32:45Z,B91D10C5578EEC3B,18.4,queries/tpch/tpch-queries/q16/base.sql,measured,1,8,1,2,2.172666,0.271583,2118.571,0.054095,0.028043,0.015618,9600,0,38.040527343750000000,35.405822753906250000,,,80.0,80.0,79.55,80.0,80.0,2527,0,0,0.000,0.0,0.0,17.509
2026-09-19T01:32:50Z,B91D10C5578EEC3B,18.4,queries/tpch/tpch-queries/q16/base.sql,measured,1,16,1,2,4.269115,0.266820,4190.959,0.078156,0.034555,0.012811,9600,0,75.761779785156250000,70.393371582031250000,,,80.0,84.0,78.00,84.0,84.0,2527,0,0,0.000,0.0,0.0,17.746
2026-09-19T01:32:57Z,18F6584BFCB0CE0D,18.4,queries/tpch/tpch-queries/q01/v1_materialized.sql,warmup,1,1,1,2,2.313197,2.313197,2225.331,0.087866,0.026960,0.015331,9600,0,50.759826660156250000,45.672058105468750000,,,60.0,85.0,73.75,85.0,85.0,2594,0,0,5.141,0.0,2.0,21.944
2026-09-19T01:32:59Z,18F6584BFCB0CE0D,18.4,queries/tpch/tpch-queries/q01/v1_materialized.sql,warmup,2,1,1,2,1.632132,1.632132,1583.953,0.048179,0.033592,0.008722,9472,0,39.714904785156250000,37.785949707031250000,,,85.0,86.0,85.11,86.0,86.0,2531,0,0,0.001,0.0,0.0,24.333
2026-09-19T01:33:01Z,18F6584BFCB0CE0D,18.4,queries/tpch/tpch-queries/q01/v1_materialized.sql,measured,1,1,1,2,1.680746,1.680746,1583.182,0.097564,0.030224,0.011804,9472,0,40.158691406250000000,37.981994628906250000,,,86.0,68.0,85.44,86.0,86.0,2422,0,0,0.000,0.0,0.0,23.893
2026-09-19T01:33:04Z,18F6584BFCB0CE0D,18.4,queries/tpch/tpch-queries/q01/v1_materialized.sql,measured,1,2,1,2,3.189845,1.594923,3142.013,0.047832,0.026141,0.015631,9600,0,79.524536132812500000,75.554260253906250000,,,68.0,87.0,80.75,87.0,87.0,2512,0,0,0.000,0.0,0.0,24.931
2026-09-19T01:33:11Z,18F6584BFCB0CE0D,18.4,queries/tpch/tpch-queries/q01/v1_materialized.sql,measured,1,4,1,2,6.349356,1.587339,6268.098,0.081258,0.030200,0.012531,9600,0,160.535583496093750000,152.509338378906250000,,,87.0,92.0,88.88,92.0,92.0,2512,0,0,0.000,0.0,0.0,25.284
2026-09-19T01:33:23Z,18F6584BFCB0CE0D,18.4,queries/tpch/tpch-queries/q01/v1_materialized.sql,measured,1,8,1,2,12.570873,1.571359,12518.254,0.052619,0.031476,0.012227,9472,0,324.072998046875000000,308.119812011718750000,,,92.0,96.0,93.73,96.0,96.0,2634,22,88,0.000,0.0,0.0,25.780
2026-09-19T01:33:49Z,18F6584BFCB0CE0D,18.4,queries/tpch/tpch-queries/q01/v1_materialized.sql,measured,1,16,1,2,25.961268,1.622579,25902.671,0.058597,0.030533,0.014839,9600,0,619.952087402343750000,587.200927734375000000,,,96.0,93.0,95.67,98.0,98.0,2558,4502,13192,0.004,0.0,0.0,23.880
2026-09-19T01:34:09Z,BDA9BEAFF8825E00,18.4,queries/tpch/tpch-queries/q16/v2_not_exists.sql,warmup,1,1,1,2,0.579828,0.579828,442.787,0.137041,0.033173,0.009080,9472,0,5.378295898437500000,4.397583007812500000,,,60.0,60.0,60.00,60.0,59.0,1592,0,0,19.622,0.0,16.0,9.276
2026-09-19T01:34:10Z,BDA9BEAFF8825E00,18.4,queries/tpch/tpch-queries/q16/v2_not_exists.sql,warmup,2,1,1,2,0.291778,0.291778,244.126,0.047652,0.029907,0.011940,9600,0,4.052246093750000000,3.696838378906250000,,,60.0,62.0,60.00,60.0,59.0,2188,0,0,0.003,0.0,0.0,13.888
2026-09-19T01:34:10Z,BDA9BEAFF8825E00,18.4,queries/tpch/tpch-queries/q16/v2_not_exists.sql,measured,1,1,1,2,0.288597,0.288597,240.908,0.047689,0.026582,0.015224,9472,0,3.982299804687500000,3.635314941406250000,,,62.0,62.0,62.00,62.0,62.0,1700,0,0,0.000,0.0,0.0,13.799
2026-09-19T01:34:11Z,BDA9BEAFF8825E00,18.4,queries/tpch/tpch-queries/q16/v2_not_exists.sql,measured,1,2,1,2,0.551872,0.275936,503.407,0.048465,0.028685,0.013115,9600,0,7.862243652343750000,7.179443359375000000,,,62.0,65.0,62.00,62.0,62.0,1917,0,0,0.000,0.0,0.0,14.246
2026-09-19T01:34:12Z,BDA9BEAFF8825E00,18.4,queries/tpch/tpch-queries/q16/v2_not_exists.sql,measured,1,4,1,2,1.036368,0.259092,985.761,0.050607,0.029852,0.012429,9600,0,14.942626953125000000,13.713806152343750000,,,65.0,77.0,67.00,77.0,77.0,2079,0,0,0.000,0.0,0.0,14.418
2026-09-19T01:34:14Z,BDA9BEAFF8825E00,18.4,queries/tpch/tpch-queries/q16/v2_not_exists.sql,measured,1,8,1,2,2.032919,0.254115,1978.337,0.054582,0.034225,0.008879,9472,0,29.604003906250000000,27.151062011718750000,,,77.0,75.0,75.73,77.0,77.0,2025,0,0,0.000,0.0,0.0,14.562
2026-09-19T01:34:18Z,BDA9BEAFF8825E00,18.4,queries/tpch/tpch-queries/q16/v2_not_exists.sql,measured,1,16,1,2,4.046691,0.252918,3983.572,0.063119,0.032577,0.013058,9472,0,59.273498535156250000,54.380920410156250000,,,75.0,79.0,78.43,79.0,79.0,2010,0,0,0.000,0.0,0.0,14.647
2026-09-19T01:34:24Z,CD0C4E3188707853,18.4,queries/tpch/tpch-queries/q16/v1_materialized.sql,warmup,1,1,1,2,0.619353,0.619353,482.769,0.136584,0.028366,0.013303,9600,0,6.511474609375000000,5.410583496093750000,,,59.0,59.0,59.00,59.0,59.0,1457,0,0,5.086,0.0,2.0,10.513
2026-09-19T01:34:25Z,CD0C4E3188707853,18.4,queries/tpch/tpch-queries/q16/v1_materialized.sql,warmup,2,1,1,2,0.349474,0.349474,301.919,0.047555,0.031359,0.010334,9600,0,5.214355468750000000,4.778991699218750000,,,59.0,76.0,67.50,76.0,76.0,2513,0,0,0.052,0.0,0.0,14.921
2026-09-19T01:34:25Z,CD0C4E3188707853,18.4,queries/tpch/tpch-queries/q16/v1_materialized.sql,measured,1,1,1,2,0.312297,0.312297,264.396,0.047901,0.030091,0.011958,9600,0,5.100524902343750000,4.696105957031250000,,,76.0,76.0,76.00,76.0,76.0,1863,0,0,0.000,0.0,0.0,16.332
2026-09-19T01:34:26Z,CD0C4E3188707853,18.4,queries/tpch/tpch-queries/q16/v1_materialized.sql,measured,1,2,1,2,0.598665,0.299333,550.260,0.048405,0.025217,0.016731,9600,0,9.861206054687500000,9.145080566406250000,,,76.0,77.0,76.33,77.0,77.0,2350,0,0,0.000,0.0,0.0,16.472
2026-09-19T01:34:27Z,CD0C4E3188707853,18.4,queries/tpch/tpch-queries/q16/v1_materialized.sql,measured,1,4,1,2,1.187031,0.296758,1086.255,0.100776,0.036121,0.011923,9600,0,19.456726074218750000,18.004455566406250000,,,77.0,74.0,76.00,77.0,77.0,2404,0,0,0.000,0.0,0.0,16.391
2026-09-19T01:34:29Z,CD0C4E3188707853,18.4,queries/tpch/tpch-queries/q16/v1_materialized.sql,measured,1,8,1,2,2.299541,0.287443,2212.606,0.086935,0.032086,0.011807,9600,0,38.754943847656250000,35.858215332031250000,,,74.0,81.0,78.42,81.0,81.0,2513,0,0,0.000,0.0,0.0,16.853
2026-09-19T01:34:34Z,CD0C4E3188707853,18.4,queries/tpch/tpch-queries/q16/v1_materialized.sql,measured,1,16,1,2,4.377704,0.273607,4315.366,0.062338,0.030042,0.016324,9472,0,76.128845214843750000,70.898437500000000000,,,81.0,82.0,78.77,82.0,82.0,2409,0,0,0.000,0.0,0.0,17.390
2026-09-19T01:34:41Z,C9A5236BC8378C86,18.4,queries/tpch/tpch-queries/q13/v1_materialized.sql,warmup,1,1,1,2,1.656218,1.656218,1441.277,0.214941,0.029862,0.012776,9472,0,13.889282226562500000,10.417480468750000000,,,60.0,71.0,64.89,71.0,71.0,1556,0,0,5.145,0.0,2.0,8.386
2026-09-19T01:34:42Z,C9A5236BC8378C86,18.4,queries/tpch/tpch-queries/q13/v1_materialized.sql,warmup,2,1,1,2,1.405555,1.405555,1358.297,0.047258,0.031315,0.010378,9600,0,10.195983886718750000,8.519714355468750000,,,71.0,70.0,69.50,71.0,71.0,1050,0,0,0.052,0.0,0.0,7.254
2026-09-19T01:34:44Z,C9A5236BC8378C86,18.4,queries/tpch/tpch-queries/q13/v1_materialized.sql,measured,1,1,1,2,1.418877,1.418877,1371.899,0.046978,0.030009,0.011557,9600,0,10.343750000000000000,8.609985351562500000,,,70.0,59.0,69.38,70.0,70.0,1162,0,0,0.000,0.0,0.0,7.290
2026-09-19T01:34:47Z,C9A5236BC8378C86,18.4,queries/tpch/tpch-queries/q13/v1_materialized.sql,measured,1,2,1,2,2.771647,1.385823,2722.772,0.048875,0.032814,0.009083,9600,0,20.268371582031250000,16.769958496093750000,,,59.0,69.0,65.43,69.0,69.0,1282,0,0,0.000,0.0,0.0,7.313
2026-09-19T01:34:52Z,C9A5236BC8378C86,18.4,queries/tpch/tpch-queries/q13/v1_materialized.sql,measured,1,4,1,2,5.472480,1.368120,5408.836,0.063644,0.027820,0.014167,9600,0,39.703125000000000000,32.954833984375000000,,,69.0,68.0,68.93,70.0,69.0,1154,0,0,0.000,0.0,0.0,7.255
2026-09-19T01:35:03Z,C9A5236BC8378C86,18.4,queries/tpch/tpch-queries/q13/v1_materialized.sql,measured,1,8,1,2,10.823435,1.352929,10764.434,0.059001,0.027790,0.015494,9472,0,78.697631835937500000,65.596069335937500000,,,68.0,69.0,68.85,69.0,69.0,1267,0,0,0.000,0.0,0.0,7.271
2026-09-19T01:35:25Z,C9A5236BC8378C86,18.4,queries/tpch/tpch-queries/q13/v1_materialized.sql,measured,1,16,1,2,21.661079,1.353817,21549.141,0.111938,0.034539,0.010827,9472,0,156.590270996093750000,130.577819824218750000,,,69.0,58.0,68.36,70.0,70.0,1328,0,0,0.000,0.0,0.0,7.229
2026-09-19T01:35:30Z,08ED3D8908097F78,18.4,queries/tpch/tpch-queries/q11/base.sql,warmup,1,1,1,2,1.795164,1.795164,1603.764,0.191400,0.031947,0.009938,9600,0,8.957641601562500000,5.213073730468750000,,,60.0,57.0,58.67,60.0,59.0,1556,0,0,3.381,0.0,0.0,4.990
2026-09-19T01:35:31Z,08ED3D8908097F78,18.4,queries/tpch/tpch-queries/q11/base.sql,warmup,2,1,1,2,0.133394,0.133394,85.512,0.047882,0.031136,0.010750,9600,0,1.048522949218750000,0.877563476562500000,,,57.0,58.0,57.00,57.0,57.0,2676,0,0,0.001,0.0,0.0,7.860
2026-09-19T01:35:31Z,08ED3D8908097F78,18.4,queries/tpch/tpch-queries/q11/base.sql,measured,1,1,1,2,0.133454,0.133454,86.054,0.047400,0.030022,0.011623,9472,0,1.053894042968750000,0.856079101562500000,,,58.0,58.0,58.00,58.0,57.0,3000,0,0,0.000,0.0,0.0,7.897
2026-09-19T01:35:31Z,08ED3D8908097F78,18.4,queries/tpch/tpch-queries/q11/base.sql,measured,1,2,1,2,0.209678,0.104839,160.506,0.049172,0.029544,0.012251,9600,0,1.647277832031250000,1.350341796875000000,,,58.0,58.0,58.00,58.0,57.0,1862,0,0,0.000,0.0,0.0,7.856
2026-09-19T01:35:32Z,08ED3D8908097F78,18.4,queries/tpch/tpch-queries/q11/base.sql,measured,1,4,1,2,0.366330,0.091583,313.670,0.052660,0.032577,0.009965,9600,0,2.845153808593750000,2.342346191406250000,,,58.0,59.0,58.00,58.0,57.0,1212,0,0,0.000,0.0,0.0,7.767
2026-09-19T01:35:32Z,08ED3D8908097F78,18.4,queries/tpch/tpch-queries/q11/base.sql,measured,1,8,1,2,0.685906,0.085738,613.339,0.072567,0.026039,0.017568,9600,0,5.143737792968750000,4.283813476562500000,,,59.0,59.0,59.00,59.0,59.0,1619,0,0,0.000,0.0,0.0,7.499
2026-09-19T01:35:34Z,08ED3D8908097F78,18.4,queries/tpch/tpch-queries/q11/base.sql,measured,1,16,1,2,1.291179,0.080699,1216.676,0.074503,0.033423,0.012793,9472,0,9.797180175781250000,8.241638183593750000,,,59.0,68.0,66.00,68.0,68.0,1700,0,0,0.000,0.0,0.0,7.588
2026-09-19T01:35:39Z,503E803700CDA7EC,18.4,queries/tpch/tpch-queries/q11/v1_materialized.sql,warmup,1,1,1,2,1.785512,1.785512,1634.576,0.150936,0.034082,0.008580,9600,0,8.954956054687500000,5.237792968750000000,,,60.0,55.0,57.78,60.0,60.0,1953,0,0,3.152,0.0,0.0,5.015
2026-09-19T01:35:39Z,503E803700CDA7EC,18.4,queries/tpch/tpch-queries/q11/v1_materialized.sql,warmup,2,1,1,2,0.132711,0.132711,85.465,0.047246,0.029192,0.012177,9472,0,1.058044433593750000,0.884155273437500000,,,55.0,57.0,55.00,55.0,55.0,3000,0,0,0.000,0.0,0.0,7.973
2026-09-19T01:35:39Z,503E803700CDA7EC,18.4,queries/tpch/tpch-queries/q11/v1_materialized.sql,measured,1,1,1,2,0.133248,0.133248,85.458,0.047790,0.028143,0.013811,9600,0,1.053771972656250000,0.864074707031250000,,,57.0,57.0,57.00,57.0,58.0,2025,0,0,0.000,0.0,0.0,7.908
2026-09-19T01:35:39Z,503E803700CDA7EC,18.4,queries/tpch/tpch-queries/q11/v1_materialized.sql,measured,1,2,1,2,0.209254,0.104627,159.970,0.049284,0.029114,0.012751,9600,0,1.616699218750000000,1.342102050781250000,,,57.0,57.0,57.00,57.0,58.0,1538,0,0,0.000,0.0,0.0,7.726
2026-09-19T01:35:40Z,503E803700CDA7EC,18.4,queries/tpch/tpch-queries/q11/v1_materialized.sql,measured,1,4,1,2,0.370653,0.092663,316.813,0.053840,0.027994,0.015088,9600,0,2.928344726562500000,2.411193847656250000,,,57.0,58.0,57.00,57.0,58.0,2675,0,0,0.001,0.0,0.0,7.901
2026-09-19T01:35:41Z,503E803700CDA7EC,18.4,queries/tpch/tpch-queries/q11/v1_materialized.sql,measured,1,8,1,2,0.700945,0.087618,622.879,0.078066,0.031373,0.012591,9600,0,5.233215332031250000,4.351379394531250000,,,58.0,58.0,58.00,58.0,58.0,1375,0,0,0.000,0.0,0.0,7.466
2026-09-19T01:35:42Z,503E803700CDA7EC,18.4,queries/tpch/tpch-queries/q11/v1_materialized.sql,measured,1,16,1,2,1.341488,0.083843,1213.737,0.127751,0.032177,0.014125,9600,0,9.999328613281250000,8.341613769531250000,,,58.0,67.0,65.00,67.0,67.0,1654,0,0,0.000,0.0,0.0,7.454
2026-09-19T01:35:46Z,723C97E780C33A4D,18.4,queries/tpch/tpch-queries/q02/base.sql,warmup,1,1,1,2,0.834800,0.834800,637.279,0.197521,0.035876,0.005854,9472,0,5.618408203125000000,3.860778808593750000,,,59.0,55.0,59.00,59.0,58.0,1700,0,0,3.212,0.0,0.0,6.730
2026-09-19T01:35:47Z,723C97E780C33A4D,18.4,queries/tpch/tpch-queries/q02/base.sql,warmup,2,1,1,2,0.244822,0.244822,196.186,0.048636,0.028205,0.013549,9600,0,1.908996582031250000,1.595397949218750000,,,55.0,55.0,55.00,55.0,55.0,2188,0,0,0.052,0.0,0.0,7.797
2026-09-19T01:35:47Z,723C97E780C33A4D,18.4,queries/tpch/tpch-queries/q02/base.sql,measured,1,1,1,2,0.245789,0.245789,196.771,0.049018,0.031661,0.010420,9728,0,1.858764648437500000,1.549499511718750000,,,55.0,55.0,55.00,55.0,55.0,1863,0,0,0.000,0.0,0.0,7.562
2026-09-19T01:35:48Z,723C97E780C33A4D,18.4,queries/tpch/tpch-queries/q02/base.sql,measured,1,2,1,2,0.409480,0.204740,358.911,0.050569,0.030117,0.011962,9600,0,3.217224121093750000,2.709045410156250000,,,55.0,66.0,62.33,66.0,66.0,2133,0,0,0.000,0.0,0.0,7.857
2026-09-19T01:35:49Z,723C97E780C33A4D,18.4,queries/tpch/tpch-queries/q02/base.sql,measured,1,4,1,2,0.733642,0.183410,679.243,0.054399,0.031054,0.011958,9600,0,5.793029785156250000,4.773498535156250000,,,66.0,64.0,65.50,66.0,66.0,1863,0,0,0.000,0.0,0.0,7.896
2026-09-19T01:35:50Z,723C97E780C33A4D,18.4,queries/tpch/tpch-queries/q02/base.sql,measured,1,8,1,2,1.378980,0.172372,1317.166,0.061814,0.028228,0.016523,9472,0,10.564270019531250000,8.898193359375000000,,,64.0,64.0,64.00,64.0,64.0,1329,0,0,0.000,0.0,0.0,7.661
2026-09-19T01:35:53Z,723C97E780C33A4D,18.4,queries/tpch/tpch-queries/q02/base.sql,measured,1,16,1,2,2.690054,0.168128,2591.102,0.098952,0.036067,0.011409,9600,0,20.687622070312500000,17.443481445312500000,,,64.0,68.0,67.07,68.0,68.0,1561,0,0,0.000,0.0,0.0,7.690
2026-09-19T01:36:02Z,4DE48761616A1080,18.4,queries/tpch/tpch-queries/q18/v1_materialized.sql,warmup,1,1,1,2,5.623410,5.623410,5377.675,0.245735,0.027574,0.014353,9600,0,123.018249511718750000,111.466430664062500000,,,59.0,79.0,73.66,79.0,79.0,2316,0,0,3.215,0.0,0.0,21.876
2026-09-19T01:36:07Z,4DE48761616A1080,18.4,queries/tpch/tpch-queries/q18/v1_materialized.sql,warmup,2,1,1,2,4.755877,4.755877,4707.044,0.048833,0.027206,0.014920,9600,0,109.745788574218750000,103.072998046875000000,,,79.0,83.0,80.54,83.0,83.0,2187,0,0,0.055,0.0,0.0,23.076
2026-09-19T01:36:11Z,4DE48761616A1080,18.4,queries/tpch/tpch-queries/q18/v1_materialized.sql,measured,1,1,1,2,4.766161,4.766161,4717.658,0.048503,0.032476,0.009342,9600,0,110.666503906250000000,103.886352539062500000,,,83.0,86.0,84.71,86.0,86.0,2445,0,0,0.000,0.0,0.0,23.219
2026-09-19T01:36:21Z,4DE48761616A1080,18.4,queries/tpch/tpch-queries/q18/v1_materialized.sql,measured,1,2,1,2,9.419403,4.709702,9363.288,0.056115,0.030633,0.012237,9472,0,222.636657714843750000,208.900939941406250000,,,86.0,73.0,88.08,90.0,90.0,2466,0,0,0.000,0.0,0.0,23.636
2026-09-19T01:36:40Z,4DE48761616A1080,18.4,queries/tpch/tpch-queries/q18/v1_materialized.sql,measured,1,4,1,2,18.744199,4.686050,18691.040,0.053159,0.029654,0.013401,9728,0,448.496704101562500000,421.339477539062500000,,,73.0,95.0,91.70,95.0,95.0,2281,0,0,0.000,0.0,0.0,23.927
2026-09-19T01:37:18Z,4DE48761616A1080,18.4,queries/tpch/tpch-queries/q18/v1_materialized.sql,measured,1,8,1,2,38.101860,4.762732,38042.980,0.058880,0.029673,0.014733,9600,0,878.345153808593750000,822.671447753906250000,,,95.0,78.0,94.69,97.0,97.0,2232,388,1552,0.000,0.0,0.0,23.053
2026-09-19T01:38:36Z,4DE48761616A1080,18.4,queries/tpch/tpch-queries/q18/v1_materialized.sql,measured,1,16,1,2,77.497063,4.843566,77425.373,0.071690,0.033112,0.014523,9472,0,1703.862426757812500000,1593.589965820312500000,,,78.0,93.0,92.68,96.0,96.0,2191,0,0,0.001,0.0,0.0,21.986
2026-09-19T01:38:55Z,FEBCE1B933DB171D,18.4,queries/tpch/tpch-queries/q12/v2_filter.sql,warmup,1,1,1,2,1.706103,1.706103,1612.244,0.093859,0.026205,0.015349,9472,0,19.956054687500000000,16.054748535156250000,,,60.0,69.0,64.00,69.0,69.0,2458,0,0,17.581,0.0,14.0,11.697
2026-09-19T01:38:56Z,FEBCE1B933DB171D,18.4,queries/tpch/tpch-queries/q12/v2_filter.sql,warmup,2,1,1,2,0.390786,0.390786,343.789,0.046997,0.031398,0.010208,9600,0,6.578552246093750000,6.051635742187500000,,,69.0,74.0,71.50,74.0,74.0,2350,0,0,0.001,0.0,0.0,16.834
2026-09-19T01:38:56Z,FEBCE1B933DB171D,18.4,queries/tpch/tpch-queries/q12/v2_filter.sql,measured,1,1,1,2,0.425686,0.425686,340.542,0.085144,0.030574,0.011580,9600,0,6.774719238281250000,6.155944824218750000,,,74.0,74.0,74.00,74.0,74.0,2566,0,0,0.000,0.0,0.0,15.915
2026-09-19T01:38:57Z,FEBCE1B933DB171D,18.4,queries/tpch/tpch-queries/q12/v2_filter.sql,measured,1,2,1,2,0.704685,0.352343,656.359,0.048326,0.030730,0.011756,9600,0,12.342041015625000000,11.359741210937500000,,,74.0,75.0,74.75,75.0,75.0,2350,0,0,0.000,0.0,0.0,17.514
2026-09-19T01:38:58Z,FEBCE1B933DB171D,18.4,queries/tpch/tpch-queries/q12/v2_filter.sql,measured,1,4,1,2,1.281906,0.320477,1232.448,0.049458,0.034169,0.008000,9472,0,23.608581542968750000,21.773498535156250000,,,75.0,67.0,78.57,80.0,80.0,2629,0,0,0.000,0.0,0.0,18.417
2026-09-19T01:39:01Z,FEBCE1B933DB171D,18.4,queries/tpch/tpch-queries/q12/v2_filter.sql,measured,1,8,1,2,2.510050,0.313756,2454.243,0.055807,0.030512,0.015635,9472,0,46.434326171875000000,42.817687988281250000,,,67.0,78.0,74.54,80.0,80.0,2750,0,0,0.000,0.0,0.0,18.499
2026-09-19T01:39:06Z,FEBCE1B933DB171D,18.4,queries/tpch/tpch-queries/q12/v2_filter.sql,measured,1,16,1,2,4.895502,0.305969,4832.989,0.062513,0.031902,0.016262,9600,0,91.938171386718750000,84.959899902343750000,,,78.0,80.0,81.04,83.0,83.0,2649,0,0,0.000,0.0,0.0,18.780
2026-09-19T01:39:22Z,2ED982512EBE3E56,18.4,queries/tpch/tpch-queries/q05/v1_materialized.sql,warmup,1,1,1,2,8.724214,8.724214,8621.701,0.102513,0.031745,0.010221,9600,0,49.613342285156250000,31.280517578125000000,,,60.0,60.0,61.93,64.0,64.0,1346,0,0,7.686,0.0,4.0,5.687
2026-09-19T01:39:23Z,2ED982512EBE3E56,18.4,queries/tpch/tpch-queries/q05/v1_materialized.sql,warmup,2,1,1,2,0.290383,0.290383,237.319,0.053064,0.032950,0.011609,9600,0,4.352294921875000000,3.878234863281250000,,,60.0,71.0,65.50,71.0,71.0,1863,0,0,0.001,0.0,0.0,14.988
2026-09-19T01:39:23Z,2ED982512EBE3E56,18.4,queries/tpch/tpch-queries/q05/v1_materialized.sql,measured,1,1,1,2,0.279416,0.279416,229.589,0.049827,0.027617,0.013803,9600,0,4.140625000000000000,3.753845214843750000,,,71.0,71.0,71.00,71.0,71.0,1700,0,0,0.000,0.0,0.0,14.819
2026-09-19T01:39:24Z,2ED982512EBE3E56,18.4,queries/tpch/tpch-queries/q05/v1_materialized.sql,measured,1,2,1,2,0.508686,0.254343,455.998,0.052688,0.032378,0.009501,9600,0,7.768249511718750000,7.058471679687500000,,,71.0,73.0,71.67,73.0,73.0,1808,0,0,0.000,0.0,0.0,15.271
2026-09-19T01:39:25Z,2ED982512EBE3E56,18.4,queries/tpch/tpch-queries/q05/v1_materialized.sql,measured,1,4,1,2,0.948485,0.237121,890.305,0.058180,0.031368,0.011607,9600,0,14.788574218750000000,13.470825195312500000,,,73.0,74.0,73.20,74.0,74.0,1635,0,0,0.000,0.0,0.0,15.592
2026-09-19T01:39:27Z,2ED982512EBE3E56,18.4,queries/tpch/tpch-queries/q05/v1_materialized.sql,measured,1,8,1,2,1.824995,0.228124,1756.443,0.068552,0.034569,0.009886,9600,0,28.909729003906250000,26.385925292968750000,,,74.0,76.0,74.70,76.0,76.0,2187,0,0,0.000,0.0,0.0,15.841
2026-09-19T01:39:31Z,2ED982512EBE3E56,18.4,queries/tpch/tpch-queries/q05/v1_materialized.sql,measured,1,16,1,2,3.671390,0.229462,3518.980,0.152410,0.035563,0.012411,9600,0,60.758605957031250000,54.964965820312500000,,,76.0,65.0,74.68,76.0,76.0,2196,0,0,0.000,0.0,0.0,16.549
2026-09-19T01:39:48Z,AACF626993F095B7,18.4,queries/tpch/tpch-queries/q21/base.sql,warmup,1,1,1,2,11.256279,11.256279,11162.803,0.093476,0.030978,0.010665,9472,0,94.413757324218750000,70.653869628906250000,,,59.0,72.0,62.44,72.0,72.0,2304,0,0,5.529,0.0,2.0,8.388
2026-09-19T01:39:48Z,AACF626993F095B7,18.4,queries/tpch/tpch-queries/q21/base.sql,warmup,2,1,1,2,0.508714,0.508714,458.931,0.049783,0.024003,0.017475,9600,0,10.210205078125000000,9.455749511718750000,,,72.0,64.0,72.00,72.0,72.0,2349,0,0,0.052,0.0,0.0,20.071
2026-09-19T01:39:49Z,AACF626993F095B7,18.4,queries/tpch/tpch-queries/q21/base.sql,measured,1,1,1,2,0.520771,0.520771,470.952,0.049819,0.032171,0.009266,9600,0,10.408508300781250000,9.660583496093750000,,,64.0,64.0,64.00,64.0,64.0,2242,0,0,0.003,0.0,0.0,19.987
2026-09-19T01:39:50Z,AACF626993F095B7,18.4,queries/tpch/tpch-queries/q21/base.sql,measured,1,2,1,2,0.958965,0.479482,906.470,0.052495,0.028265,0.013642,9472,0,19.761596679687500000,18.395019531250000000,,,64.0,76.0,71.20,76.0,76.0,2090,0,0,0.000,0.0,0.0,20.607
2026-09-19T01:39:52Z,AACF626993F095B7,18.4,queries/tpch/tpch-queries/q21/base.sql,measured,1,4,1,2,1.898046,0.474511,1801.455,0.096591,0.027071,0.015878,9600,0,39.173278808593750000,36.429809570312500000,,,76.0,77.0,76.80,77.0,77.0,2415,0,0,0.000,0.0,0.0,20.639
2026-09-19T01:39:56Z,AACF626993F095B7,18.4,queries/tpch/tpch-queries/q21/base.sql,measured,1,8,1,2,3.673724,0.459215,3606.397,0.067327,0.027103,0.016738,9600,0,77.506347656250000000,72.131103515625000000,,,77.0,79.0,78.53,79.0,79.0,2333,0,0,0.000,0.0,0.0,21.097
2026-09-19T01:40:03Z,AACF626993F095B7,18.4,queries/tpch/tpch-queries/q21/base.sql,measured,1,16,1,2,7.295578,0.455974,7159.093,0.136485,0.037607,0.011054,9728,0,154.697753906250000000,143.808837890625000000,,,79.0,83.0,81.46,83.0,83.0,2262,0,0,0.000,0.0,0.0,21.204
2026-09-19T01:40:15Z,E7AB3CAD4B9AE094,18.4,queries/tpch/tpch-queries/q12/v1_materialized.sql,warmup,1,1,1,2,1.720428,1.720428,1626.374,0.094054,0.031374,0.010301,9472,0,20.005371093750000000,16.061584472656250000,,,60.0,69.0,64.00,69.0,69.0,2494,0,0,9.677,0.0,6.0,11.628
2026-09-19T01:40:15Z,E7AB3CAD4B9AE094,18.4,queries/tpch/tpch-queries/q12/v1_materialized.sql,warmup,2,1,1,2,0.388646,0.388646,341.200,0.047446,0.027274,0.014520,9600,0,6.582763671875000000,5.984741210937500000,,,69.0,74.0,71.50,74.0,74.0,2188,0,0,0.001,0.0,0.0,16.938
2026-09-19T01:40:16Z,E7AB3CAD4B9AE094,18.4,queries/tpch/tpch-queries/q12/v1_materialized.sql,measured,1,1,1,2,0.417720,0.417720,331.009,0.086711,0.027228,0.015746,9344,0,6.716247558593750000,6.099426269531250000,,,74.0,74.0,74.00,74.0,74.0,2784,0,0,0.000,0.0,0.0,16.078
2026-09-19T01:40:16Z,E7AB3CAD4B9AE094,18.4,queries/tpch/tpch-queries/q12/v1_materialized.sql,measured,1,2,1,2,0.682384,0.341192,634.439,0.047945,0.029393,0.012258,9600,0,12.167053222656250000,11.167480468750000000,,,74.0,74.0,74.00,74.0,74.0,2269,0,0,0.000,0.0,0.0,17.830
2026-09-19T01:40:18Z,E7AB3CAD4B9AE094,18.4,queries/tpch/tpch-queries/q12/v1_materialized.sql,measured,1,4,1,2,1.270491,0.317623,1220.365,0.050126,0.028340,0.014295,9600,0,23.337646484375000000,21.501831054687500000,,,74.0,66.0,76.14,77.0,77.0,2675,0,0,0.000,0.0,0.0,18.369
2026-09-19T01:40:20Z,E7AB3CAD4B9AE094,18.4,queries/tpch/tpch-queries/q12/v1_materialized.sql,measured,1,8,1,2,2.474071,0.309259,2419.213,0.054858,0.029187,0.015192,9600,0,46.007812500000000000,42.505859375000000000,,,66.0,79.0,73.23,79.0,79.0,2619,0,0,0.000,0.0,0.0,18.596
2026-09-19T01:40:25Z,E7AB3CAD4B9AE094,18.4,queries/tpch/tpch-queries/q12/v1_materialized.sql,measured,1,16,1,2,4.869106,0.304319,4806.310,0.062796,0.036241,0.011012,9472,0,91.013488769531250000,83.977905273437500000,,,79.0,79.0,80.80,84.0,84.0,2649,0,0,0.000,0.0,0.0,18.692
2026-09-19T01:40:35Z,005D1BB62272534D,18.4,queries/tpch/tpch-queries/q04/base.sql,warmup,1,1,1,2,1.731978,1.731978,1596.361,0.135617,0.028085,0.013666,9600,0,16.861511230468750000,13.045776367187500000,,,60.0,65.0,62.22,65.0,65.0,2350,0,0,7.644,0.0,4.0,9.735
2026-09-19T01:40:35Z,005D1BB62272534D,18.4,queries/tpch/tpch-queries/q04/base.sql,warmup,2,1,1,2,0.154467,0.154467,107.605,0.046862,0.032067,0.009356,9728,0,2.533508300781250000,2.323181152343750000,,,65.0,65.0,65.00,65.0,65.0,1700,0,0,0.001,0.0,0.0,16.402
2026-09-19T01:40:35Z,005D1BB62272534D,18.4,queries/tpch/tpch-queries/q04/base.sql,measured,1,1,1,2,0.154374,0.154374,106.755,0.047619,0.025349,0.016002,9472,0,2.548156738281250000,2.318237304687500000,,,65.0,65.0,65.00,65.0,66.0,1700,0,0,0.000,0.0,0.0,16.506
2026-09-19T01:40:36Z,005D1BB62272534D,18.4,queries/tpch/tpch-queries/q04/base.sql,measured,1,2,1,2,0.251336,0.125668,203.280,0.048056,0.028044,0.013402,9472,0,4.528137207031250000,4.169006347656250000,,,65.0,65.0,65.00,65.0,66.0,2187,0,0,0.000,0.0,0.0,18.016
2026-09-19T01:40:36Z,005D1BB62272534D,18.4,queries/tpch/tpch-queries/q04/base.sql,measured,1,4,1,2,0.437784,0.109446,388.645,0.049139,0.026959,0.014997,9472,0,8.267761230468750000,7.672912597656250000,,,65.0,77.0,69.00,77.0,77.0,2675,0,0,0.000,0.0,0.0,18.885
2026-09-19T01:40:37Z,005D1BB62272534D,18.4,queries/tpch/tpch-queries/q04/base.sql,measured,1,8,1,2,0.830309,0.103789,778.168,0.052141,0.025002,0.017805,9600,0,16.242797851562500000,14.948364257812500000,,,77.0,78.0,77.20,78.0,78.0,2415,0,0,0.000,0.0,0.0,19.562
2026-09-19T01:40:39Z,005D1BB62272534D,18.4,queries/tpch/tpch-queries/q04/base.sql,measured,1,16,1,2,1.583016,0.098938,1524.283,0.058733,0.034076,0.010699,9472,0,31.415039062500000000,29.175842285156250000,,,78.0,78.0,78.00,78.0,78.0,2512,0,0,0.000,0.0,0.0,19.845
2026-09-19T01:40:45Z,C3905AFD11E338CC,18.4,queries/tpch/tpch-queries/q22/v1_materialized.sql,warmup,1,1,1,2,0.331850,0.331850,156.132,0.175718,0.029245,0.012200,9472,0,2.712219238281250000,2.041992187500000000,,,59.0,59.0,59.00,59.0,59.0,1375,0,0,5.591,0.0,2.0,8.173
2026-09-19T01:40:45Z,C3905AFD11E338CC,18.4,queries/tpch/tpch-queries/q22/v1_materialized.sql,warmup,2,1,1,2,0.117231,0.117231,69.977,0.047254,0.025217,0.016513,9600,0,1.554077148437500000,1.399047851562500000,,,59.0,59.0,59.00,59.0,59.0,2025,0,0,0.001,0.0,0.0,13.257
2026-09-19T01:40:45Z,C3905AFD11E338CC,18.4,queries/tpch/tpch-queries/q22/v1_materialized.sql,measured,1,1,1,2,0.115992,0.115992,67.791,0.048201,0.028994,0.013566,9600,0,1.558227539062500000,1.413757324218750000,,,59.0,59.0,59.00,59.0,59.0,1700,0,0,0.001,0.0,0.0,13.434
2026-09-19T01:40:46Z,C3905AFD11E338CC,18.4,queries/tpch/tpch-queries/q22/v1_materialized.sql,measured,1,2,1,2,0.182701,0.091350,134.389,0.048312,0.028171,0.013731,9472,0,2.695739746093750000,2.445983886718750000,,,59.0,66.0,59.00,59.0,59.0,1375,0,0,0.000,0.0,0.0,14.755
2026-09-19T01:40:46Z,C3905AFD11E338CC,18.4,queries/tpch/tpch-queries/q22/v1_materialized.sql,measured,1,4,1,2,0.332809,0.083202,252.950,0.079859,0.031009,0.012009,9600,0,5.029724121093750000,4.559387207031250000,,,66.0,66.0,66.00,66.0,66.0,3000,0,0,0.000,0.0,0.0,15.113
2026-09-19T01:40:47Z,C3905AFD11E338CC,18.4,queries/tpch/tpch-queries/q22/v1_materialized.sql,measured,1,8,1,2,0.551142,0.068893,497.490,0.053652,0.034665,0.008864,9600,0,9.519104003906250000,8.731750488281250000,,,66.0,65.0,66.00,66.0,66.0,2350,0,0,0.000,0.0,0.0,17.272
2026-09-19T01:40:48Z,C3905AFD11E338CC,18.4,queries/tpch/tpch-queries/q22/v1_materialized.sql,measured,1,16,1,2,1.057622,0.066101,996.551,0.061071,0.033312,0.011791,9600,0,18.505859375000000000,17.156982421875000000,,,65.0,76.0,66.83,76.0,76.0,2621,0,0,0.000,0.0,0.0,17.498
2026-09-19T01:41:04Z,ED97BF4B51F9BFC6,18.4,queries/tpch/tpch-queries/q21/v1_materialized.sql,warmup,1,1,1,2,11.252731,11.252731,11157.206,0.095525,0.026834,0.014922,9472,0,93.799377441406250000,70.040100097656250000,,,58.0,71.0,61.53,71.0,71.0,2150,0,0,5.245,0.0,2.0,8.336
2026-09-19T01:41:05Z,ED97BF4B51F9BFC6,18.4,queries/tpch/tpch-queries/q21/v1_materialized.sql,warmup,2,1,1,2,0.515178,0.515178,465.881,0.049297,0.031717,0.010485,9472,0,10.202575683593750000,9.462707519531250000,,,71.0,65.0,71.00,71.0,71.0,1917,0,0,0.052,0.0,0.0,19.804
2026-09-19T01:41:06Z,ED97BF4B51F9BFC6,18.4,queries/tpch/tpch-queries/q21/v1_materialized.sql,measured,1,1,1,2,0.518749,0.518749,470.019,0.048730,0.032845,0.008918,9600,0,10.324401855468750000,9.576171875000000000,,,65.0,65.0,65.00,65.0,65.0,2241,0,0,0.000,0.0,0.0,19.903
2026-09-19T01:41:07Z,ED97BF4B51F9BFC6,18.4,queries/tpch/tpch-queries/q21/v1_materialized.sql,measured,1,2,1,2,0.964828,0.482414,913.763,0.051065,0.030410,0.011879,9600,0,19.717163085937500000,18.354064941406250000,,,65.0,76.0,71.60,76.0,76.0,2090,0,0,0.000,0.0,0.0,20.436
2026-09-19T01:41:09Z,ED97BF4B51F9BFC6,18.4,queries/tpch/tpch-queries/q21/v1_materialized.sql,measured,1,4,1,2,1.901957,0.475489,1810.977,0.090980,0.030245,0.012803,9472,0,39.241271972656250000,36.444885253906250000,,,76.0,78.0,77.10,78.0,78.0,2383,0,0,0.000,0.0,0.0,20.632
2026-09-19T01:41:12Z,ED97BF4B51F9BFC6,18.4,queries/tpch/tpch-queries/q21/v1_materialized.sql,measured,1,8,1,2,3.621150,0.452644,3557.847,0.063303,0.031159,0.013526,9600,0,75.945373535156250000,70.589965820312500000,,,78.0,80.0,78.21,80.0,80.0,2265,0,0,0.000,0.0,0.0,20.973
2026-09-19T01:41:20Z,ED97BF4B51F9BFC6,18.4,queries/tpch/tpch-queries/q21/v1_materialized.sql,measured,1,16,1,2,7.214831,0.450927,7087.070,0.127761,0.033704,0.014417,9600,0,152.956909179687500000,142.036804199218750000,,,80.0,83.0,81.14,83.0,83.0,2447,0,0,0.000,0.0,0.0,21.200
2026-09-19T01:41:32Z,633A5DACC6181D83,18.4,queries/tpch/tpch-queries/q01/v1_materialized.sql,warmup,1,1,1,2,2.295356,2.295356,2209.082,0.086274,0.027075,0.014779,9600,0,50.976867675781250000,45.960693359375000000,,,60.0,85.0,73.75,85.0,85.0,2648,0,0,9.693,0.0,6.0,22.209
2026-09-19T01:41:34Z,633A5DACC6181D83,18.4,queries/tpch/tpch-queries/q01/v1_materialized.sql,warmup,2,1,1,2,1.629903,1.629903,1583.096,0.046807,0.029095,0.012352,9600,0,39.774108886718750000,37.844421386718750000,,,85.0,84.0,84.33,85.0,85.0,2314,0,0,0.007,0.0,0.0,24.403
2026-09-19T01:41:36Z,633A5DACC6181D83,18.4,queries/tpch/tpch-queries/q01/v1_materialized.sql,measured,1,1,1,2,1.627128,1.627128,1580.636,0.046492,0.026943,0.014077,9600,0,39.999572753906250000,37.954162597656250000,,,84.0,68.0,85.67,87.0,87.0,2531,0,0,0.000,0.0,0.0,24.583
2026-09-19T01:41:39Z,633A5DACC6181D83,18.4,queries/tpch/tpch-queries/q01/v1_materialized.sql,measured,1,2,1,2,3.199475,1.599738,3151.641,0.047834,0.028965,0.012820,9472,0,79.991455078125000000,75.998718261718750000,,,68.0,88.0,81.12,88.0,88.0,2411,0,0,0.000,0.0,0.0,25.001
2026-09-19T01:41:45Z,633A5DACC6181D83,18.4,queries/tpch/tpch-queries/q01/v1_materialized.sql,measured,1,4,1,2,6.366064,1.591516,6272.724,0.093340,0.033012,0.010175,9600,0,161.219177246093750000,153.075500488281250000,,,88.0,94.0,90.12,94.0,94.0,2512,0,0,0.000,0.0,0.0,25.325
2026-09-19T01:41:58Z,633A5DACC6181D83,18.4,queries/tpch/tpch-queries/q01/v1_materialized.sql,measured,1,8,1,2,12.605802,1.575725,12500.193,0.105609,0.027974,0.014774,9600,0,324.381591796875000000,308.607543945312500000,,,94.0,96.0,94.11,96.0,96.0,2536,0,0,0.000,0.0,0.0,25.733
2026-09-19T01:42:24Z,633A5DACC6181D83,18.4,queries/tpch/tpch-queries/q01/v1_materialized.sql,measured,1,16,1,2,26.023069,1.626442,25963.887,0.059182,0.030353,0.015469,9600,0,621.217956542968750000,588.610473632812500000,,,96.0,94.0,97.06,98.0,99.0,2430,1658,6600,0.000,0.0,0.0,23.872
2026-09-19T01:42:55Z,68C0361A80F6AD1E,18.4,queries/tpch/tpch-queries/q21/base.sql,warmup,1,1,1,2,11.250916,11.250916,11155.135,0.095781,0.029507,0.012229,9600,0,94.368530273437500000,70.613098144531250000,,,60.0,75.0,63.95,75.0,75.0,2419,0,0,19.658,0.0,16.0,8.388
2026-09-19T01:42:56Z,68C0361A80F6AD1E,18.4,queries/tpch/tpch-queries/q21/base.sql,warmup,2,1,1,2,0.507452,0.507452,457.461,0.049991,0.028354,0.013489,9472,0,10.192932128906250000,9.465454101562500000,,,75.0,65.0,75.00,75.0,75.0,1700,0,0,0.052,0.0,0.0,20.086
2026-09-19T01:42:56Z,68C0361A80F6AD1E,18.4,queries/tpch/tpch-queries/q21/base.sql,measured,1,1,1,2,0.516567,0.516567,466.829,0.049738,0.032557,0.008835,9600,0,10.329589843750000000,9.585021972656250000,,,65.0,65.0,65.00,65.0,65.0,2025,0,0,0.000,0.0,0.0,19.997
2026-09-19T01:42:57Z,68C0361A80F6AD1E,18.4,queries/tpch/tpch-queries/q21/base.sql,measured,1,2,1,2,0.962168,0.481084,909.691,0.052477,0.031149,0.010769,9600,0,19.843688964843750000,18.462646484375000000,,,65.0,77.0,72.20,77.0,77.0,2220,0,0,0.000,0.0,0.0,20.624
2026-09-19T01:42:59Z,68C0361A80F6AD1E,18.4,queries/tpch/tpch-queries/q21/base.sql,measured,1,4,1,2,1.861396,0.465349,1796.053,0.065343,0.030651,0.012545,9472,0,38.785949707031250000,36.124511718750000000,,,77.0,78.0,77.80,78.0,78.0,2480,0,0,0.000,0.0,0.0,20.837
2026-09-19T01:43:03Z,68C0361A80F6AD1E,18.4,queries/tpch/tpch-queries/q21/base.sql,measured,1,8,1,2,3.638479,0.454810,3570.617,0.067862,0.027898,0.016301,9600,0,76.814758300781250000,71.373413085937500000,,,78.0,80.0,79.00,80.0,80.0,2333,0,0,0.000,0.0,0.0,21.112
2026-09-19T01:43:10Z,68C0361A80F6AD1E,18.4,queries/tpch/tpch-queries/q21/base.sql,measured,1,16,1,2,7.232635,0.452040,7144.631,0.088004,0.033077,0.014030,9600,0,153.739929199218750000,143.053283691406250000,,,80.0,84.0,82.32,84.0,84.0,2315,0,0,0.000,0.0,0.0,21.256
2026-09-19T01:43:23Z,314FB19CAAC82E7F,18.4,queries/tpch/tpch-queries/q02/v1_materialized.sql,warmup,1,1,1,2,2.229830,2.229830,2139.431,0.090399,0.031959,0.010068,9600,0,12.005065917968750000,7.401733398437500000,,,60.0,67.0,61.58,67.0,67.0,1294,0,0,9.668,0.0,6.0,5.384
2026-09-19T01:43:23Z,314FB19CAAC82E7F,18.4,queries/tpch/tpch-queries/q02/v1_materialized.sql,warmup,2,1,1,2,0.256695,0.256695,208.094,0.048601,0.032516,0.009306,9728,0,1.975280761718750000,1.646606445312500000,,,67.0,67.0,67.00,67.0,67.0,1213,0,0,0.052,0.0,0.0,7.695
2026-09-19T01:43:23Z,314FB19CAAC82E7F,18.4,queries/tpch/tpch-queries/q02/v1_materialized.sql,measured,1,1,1,2,0.256634,0.256634,208.334,0.048300,0.032262,0.009137,9600,0,1.969665527343750000,1.641845703125000000,,,67.0,71.0,69.00,71.0,71.0,1375,0,0,0.000,0.0,0.0,7.675
2026-09-19T01:43:24Z,314FB19CAAC82E7F,18.4,queries/tpch/tpch-queries/q02/v1_materialized.sql,measured,1,2,1,2,0.431820,0.215910,381.884,0.049936,0.025097,0.016857,9472,0,3.336486816406250000,2.803222656250000000,,,71.0,71.0,71.00,71.0,71.0,1050,0,0,0.000,0.0,0.0,7.727
2026-09-19T01:43:25Z,314FB19CAAC82E7F,18.4,queries/tpch/tpch-queries/q02/v1_materialized.sql,measured,1,4,1,2,0.772708,0.193177,719.143,0.053565,0.030760,0.011993,9600,0,5.959289550781250000,5.017150878906250000,,,71.0,69.0,69.50,71.0,71.0,1944,0,0,0.000,0.0,0.0,7.712
2026-09-19T01:43:26Z,314FB19CAAC82E7F,18.4,queries/tpch/tpch-queries/q02/v1_materialized.sql,measured,1,8,1,2,1.475250,0.184406,1396.975,0.078275,0.031328,0.013255,9472,0,11.455932617187500000,9.512695312500000000,,,69.0,71.0,70.50,71.0,71.0,1253,0,0,0.000,0.0,0.0,7.765
2026-09-19T01:43:29Z,314FB19CAAC82E7F,18.4,queries/tpch/tpch-queries/q02/v1_materialized.sql,measured,1,16,1,2,2.837573,0.177348,2763.350,0.074223,0.032480,0.015514,9472,0,21.967834472656250000,18.503967285156250000,,,71.0,70.0,70.60,71.0,71.0,1245,0,0,0.000,0.0,0.0,7.742
2026-09-19T01:43:43Z,47EEF06EA1CE029B,18.4,queries/tpch/tpch-queries/q09/base.sql,warmup,1,1,1,2,10.563170,10.563170,10298.613,0.264557,0.030578,0.010819,9600,0,78.132446289062500000,56.075744628906250000,,,60.0,66.0,62.23,66.0,66.0,1639,0,0,3.209,0.0,0.0,7.397
2026-09-19T01:43:44Z,47EEF06EA1CE029B,18.4,queries/tpch/tpch-queries/q09/base.sql,warmup,2,1,1,2,1.198996,1.198996,1147.856,0.051140,0.029852,0.011771,9600,0,18.242065429687500000,16.648376464843750000,,,66.0,73.0,70.67,73.0,73.0,1808,0,0,0.003,0.0,0.0,15.214
2026-09-19T01:43:46Z,47EEF06EA1CE029B,18.4,queries/tpch/tpch-queries/q09/base.sql,measured,1,1,1,2,1.187795,1.187795,1135.244,0.052551,0.029978,0.013064,9472,0,18.385070800781250000,16.787048339843750000,,,73.0,70.0,72.17,73.0,73.0,2133,0,0,0.000,0.0,0.0,15.478
2026-09-19T01:43:48Z,47EEF06EA1CE029B,18.4,queries/tpch/tpch-queries/q09/base.sql,measured,1,2,1,2,2.340915,1.170458,2253.570,0.087345,0.028279,0.013715,9600,0,35.620361328125000000,32.416137695312500000,,,70.0,78.0,72.17,78.0,78.0,2025,0,0,0.000,0.0,0.0,15.216
2026-09-19T01:43:53Z,47EEF06EA1CE029B,18.4,queries/tpch/tpch-queries/q09/base.sql,measured,1,4,1,2,4.516345,1.129086,4455.565,0.060780,0.030158,0.012105,9600,0,70.482543945312500000,64.501098632812500000,,,78.0,65.0,76.26,78.0,78.0,1969,0,0,0.000,0.0,0.0,15.606
2026-09-19T01:44:02Z,47EEF06EA1CE029B,18.4,queries/tpch/tpch-queries/q09/base.sql,measured,1,8,1,2,8.966270,1.120784,8891.230,0.075040,0.031707,0.012894,9600,0,140.557495117187500000,128.609130859375000000,,,65.0,71.0,76.11,79.0,79.0,1917,0,0,0.000,0.0,0.0,15.676
2026-09-19T01:44:20Z,47EEF06EA1CE029B,18.4,queries/tpch/tpch-queries/q09/base.sql,measured,1,16,1,2,17.973397,1.123337,17787.111,0.186286,0.030326,0.015738,9600,0,283.574157714843750000,259.378601074218750000,,,71.0,68.0,80.61,85.0,85.0,1996,0,0,0.000,0.0,0.0,15.777
2026-09-19T01:44:32Z,1C1CC53466CA8022,18.4,queries/tpch/tpch-queries/q15/base.sql,warmup,1,1,1,2,2.141321,2.141321,2055.392,0.085929,0.025323,0.016521,9472,0,17.790405273437500000,13.180419921875000000,,,60.0,65.0,62.73,65.0,65.0,2114,0,0,9.605,0.0,6.0,8.308
2026-09-19T01:44:32Z,1C1CC53466CA8022,18.4,queries/tpch/tpch-queries/q15/base.sql,warmup,2,1,1,2,0.337167,0.337167,289.045,0.048122,0.031722,0.010747,9600,0,2.621215820312500000,2.213256835937500000,,,65.0,65.0,65.00,65.0,65.0,1538,0,0,0.001,0.0,0.0,7.774
2026-09-19T01:44:32Z,1C1CC53466CA8022,18.4,queries/tpch/tpch-queries/q15/base.sql,measured,1,1,1,2,0.331879,0.331879,284.291,0.047588,0.030285,0.011822,9600,0,2.525329589843750000,2.099914550781250000,,,65.0,62.0,65.00,65.0,65.0,1700,0,0,0.000,0.0,0.0,7.609
2026-09-19T01:44:33Z,1C1CC53466CA8022,18.4,queries/tpch/tpch-queries/q15/base.sql,measured,1,2,1,2,0.564922,0.282461,517.035,0.047887,0.029403,0.012458,9600,0,4.342102050781250000,3.642028808593750000,,,62.0,62.0,62.00,62.0,61.0,1483,0,0,0.000,0.0,0.0,7.686
2026-09-19T01:44:34Z,1C1CC53466CA8022,18.4,queries/tpch/tpch-queries/q15/base.sql,measured,1,4,1,2,1.018421,0.254605,957.933,0.060488,0.027589,0.015333,9472,0,7.801696777343750000,6.559753417968750000,,,62.0,71.0,68.00,71.0,71.0,1375,0,0,0.000,0.0,0.0,7.661
2026-09-19T01:44:36Z,1C1CC53466CA8022,18.4,queries/tpch/tpch-queries/q15/base.sql,measured,1,8,1,2,1.893962,0.236745,1841.580,0.052382,0.030343,0.012920,9600,0,14.803100585937500000,12.361633300781250000,,,71.0,72.0,71.40,72.0,72.0,1570,0,0,0.000,0.0,0.0,7.816
2026-09-19T01:44:40Z,1C1CC53466CA8022,18.4,queries/tpch/tpch-queries/q15/base.sql,measured,1,16,1,2,3.694481,0.230905,3635.533,0.058948,0.031125,0.014163,9600,0,28.445373535156250000,23.875183105468750000,,,72.0,68.0,67.95,72.0,72.0,1768,0,0,0.000,0.0,0.0,7.699
2026-09-19T01:44:46Z,C3A853A504864C70,18.4,queries/tpch/tpch-queries/q06/v1_materialized.sql,warmup,1,1,1,2,0.295708,0.295708,220.522,0.075186,0.032555,0.009669,9472,0,3.277954101562500000,2.677490234375000000,,,57.0,57.0,57.00,57.0,57.0,2188,0,0,5.326,0.0,2.0,11.085
2026-09-19T01:44:46Z,C3A853A504864C70,18.4,queries/tpch/tpch-queries/q06/v1_materialized.sql,warmup,2,1,1,2,0.111911,0.111911,65.364,0.046547,0.027877,0.013537,9600,0,1.934143066406250000,1.729003906250000000,,,57.0,57.0,57.00,57.0,57.0,988,0,0,0.001,0.0,0.0,17.283
2026-09-19T01:44:46Z,C3A853A504864C70,18.4,queries/tpch/tpch-queries/q06/v1_materialized.sql,measured,1,1,1,2,0.115116,0.115116,68.700,0.046416,0.029987,0.011426,9600,0,1.859741210937500000,1.711486816406250000,,,57.0,57.0,57.00,57.0,57.0,1700,0,0,0.000,0.0,0.0,16.155
2026-09-19T01:44:46Z,C3A853A504864C70,18.4,queries/tpch/tpch-queries/q06/v1_materialized.sql,measured,1,2,1,2,0.178670,0.089335,131.333,0.047337,0.030554,0.011303,9600,0,3.330932617187500000,3.076782226562500000,,,57.0,65.0,57.00,57.0,57.0,1375,0,0,0.000,0.0,0.0,18.643
2026-09-19T01:44:47Z,C3A853A504864C70,18.4,queries/tpch/tpch-queries/q06/v1_materialized.sql,measured,1,4,1,2,0.313576,0.078394,265.006,0.048570,0.033868,0.008383,9472,0,6.382446289062500000,5.899169921875000000,,,65.0,65.0,65.00,65.0,65.0,2838,0,0,0.000,0.0,0.0,20.354
2026-09-19T01:44:47Z,C3A853A504864C70,18.4,queries/tpch/tpch-queries/q06/v1_materialized.sql,measured,1,8,1,2,0.566304,0.070788,514.753,0.051551,0.035501,0.008321,9600,0,12.028015136718750000,11.321044921875000000,,,65.0,66.0,65.00,65.0,65.0,2241,0,0,0.000,0.0,0.0,21.240
2026-09-19T01:44:49Z,C3A853A504864C70,18.4,queries/tpch/tpch-queries/q06/v1_materialized.sql,measured,1,16,1,2,1.091484,0.068218,1023.615,0.067869,0.030279,0.014431,9600,0,23.770019531250000000,22.406127929687500000,,,66.0,78.0,68.00,78.0,78.0,2892,0,0,0.000,0.0,0.0,21.778
2026-09-19T01:44:56Z,834A230F4230CB5F,18.4,queries/tpch/tpch-queries/q13/base.sql,warmup,1,1,1,2,1.698970,1.698970,1561.809,0.137161,0.029751,0.012413,9600,0,13.740844726562500000,10.257629394531250000,,,57.0,68.0,61.89,68.0,68.0,1411,0,0,5.243,0.0,2.0,8.088
2026-09-19T01:44:57Z,834A230F4230CB5F,18.4,queries/tpch/tpch-queries/q13/base.sql,warmup,2,1,1,2,1.404275,1.404275,1357.067,0.047208,0.028299,0.013429,9600,0,10.072204589843750000,8.402465820312500000,,,68.0,68.0,68.00,68.0,68.0,1862,0,0,0.003,0.0,0.0,7.173
2026-09-19T01:44:59Z,834A230F4230CB5F,18.4,queries/tpch/tpch-queries/q13/base.sql,measured,1,1,1,2,1.404641,1.404641,1357.615,0.047026,0.031308,0.010216,9600,0,10.183776855468750000,8.433959960937500000,,,68.0,58.0,68.00,68.0,68.0,1253,0,0,0.000,0.0,0.0,7.250
2026-09-19T01:45:02Z,834A230F4230CB5F,18.4,queries/tpch/tpch-queries/q13/base.sql,measured,1,2,1,2,2.756202,1.378101,2707.486,0.048716,0.030172,0.011857,9600,0,20.184143066406250000,16.594177246093750000,,,58.0,67.0,63.79,67.0,67.0,1723,0,0,0.000,0.0,0.0,7.323
2026-09-19T01:45:07Z,834A230F4230CB5F,18.4,queries/tpch/tpch-queries/q13/base.sql,measured,1,4,1,2,5.459541,1.364885,5407.603,0.051938,0.028678,0.013626,9600,0,39.289428710937500000,32.631286621093750000,,,67.0,67.0,67.18,68.0,68.0,1340,0,0,0.000,0.0,0.0,7.196
2026-09-19T01:45:18Z,834A230F4230CB5F,18.4,queries/tpch/tpch-queries/q13/base.sql,measured,1,8,1,2,10.905994,1.363249,10847.721,0.058273,0.027829,0.015077,9600,0,79.132385253906250000,65.871520996093750000,,,67.0,68.0,67.76,68.0,68.0,1227,0,0,0.000,0.0,0.0,7.256
2026-09-19T01:45:40Z,834A230F4230CB5F,18.4,queries/tpch/tpch-queries/q13/base.sql,measured,1,16,1,2,21.654325,1.353395,21582.622,0.071703,0.031889,0.013049,9600,0,156.533996582031250000,130.525939941406250000,,,68.0,68.0,67.63,69.0,69.0,1294,0,0,0.000,0.0,0.0,7.229
2026-09-19T01:45:45Z,6A5709E9733E9B60,18.4,queries/tpch/tpch-queries/q04/v2_in.sql,warmup,1,1,1,2,1.810305,1.810305,1611.868,0.198437,0.035201,0.006995,9472,0,16.264709472656250000,12.283081054687500000,,,60.0,58.0,61.00,62.0,62.0,2740,0,0,3.359,0.0,0.0,8.985
2026-09-19T01:45:46Z,6A5709E9733E9B60,18.4,queries/tpch/tpch-queries/q04/v2_in.sql,warmup,2,1,1,2,0.206781,0.206781,107.659,0.099122,0.031059,0.010840,9472,0,2.752441406250000000,2.439514160156250000,,,58.0,58.0,58.00,58.0,57.0,2025,0,0,0.006,0.0,0.0,13.311
2026-09-19T01:45:46Z,6A5709E9733E9B60,18.4,queries/tpch/tpch-queries/q04/v2_in.sql,measured,1,1,1,2,0.154120,0.154120,106.727,0.047393,0.030020,0.011903,9600,0,2.557739257812500000,2.291381835937500000,,,58.0,58.0,58.00,58.0,57.0,1050,0,0,0.000,0.0,0.0,16.596
2026-09-19T01:45:46Z,6A5709E9733E9B60,18.4,queries/tpch/tpch-queries/q04/v2_in.sql,measured,1,2,1,2,0.249209,0.124605,201.223,0.047986,0.026924,0.014912,9600,0,4.382751464843750000,4.035766601562500000,,,58.0,59.0,58.00,58.0,57.0,2350,0,0,0.000,0.0,0.0,17.587
2026-09-19T01:45:47Z,6A5709E9733E9B60,18.4,queries/tpch/tpch-queries/q04/v2_in.sql,measured,1,4,1,2,0.440521,0.110130,390.799,0.049722,0.027910,0.014697,9472,0,8.263732910156250000,7.583801269531250000,,,59.0,59.0,59.00,59.0,59.0,2567,0,0,0.000,0.0,0.0,18.759
2026-09-19T01:45:48Z,6A5709E9733E9B60,18.4,queries/tpch/tpch-queries/q04/v2_in.sql,measured,1,8,1,2,0.819951,0.102494,767.615,0.052336,0.031766,0.011078,9600,0,15.767944335937500000,14.590881347656250000,,,59.0,73.0,67.40,73.0,73.0,2285,0,0,0.000,0.0,0.0,19.230
2026-09-19T01:45:49Z,6A5709E9733E9B60,18.4,queries/tpch/tpch-queries/q04/v2_in.sql,measured,1,16,1,2,1.581351,0.098834,1521.207,0.060144,0.031512,0.014421,9600,0,30.958129882812500000,28.763916015625000000,,,73.0,73.0,73.00,73.0,73.0,2350,0,0,0.000,0.0,0.0,19.577
2026-09-19T01:45:58Z,E19329D5984EDAD1,18.4,queries/tpch/tpch-queries/q01/base.sql,warmup,1,1,1,2,2.320339,2.320339,2234.855,0.085484,0.031915,0.010037,9600,0,50.382629394531250000,45.298034667968750000,,,56.0,80.0,68.75,80.0,80.0,2567,0,0,5.640,0.0,2.0,21.713
2026-09-19T01:45:59Z,E19329D5984EDAD1,18.4,queries/tpch/tpch-queries/q01/base.sql,warmup,2,1,1,2,1.628835,1.628835,1581.807,0.047028,0.033129,0.008653,9600,0,39.576232910156250000,37.646545410156250000,,,80.0,84.0,81.56,84.0,84.0,2386,0,0,0.001,0.0,0.0,24.297
2026-09-19T01:46:01Z,E19329D5984EDAD1,18.4,queries/tpch/tpch-queries/q01/base.sql,measured,1,1,1,2,1.680130,1.680130,1585.247,0.094883,0.027376,0.014325,9600,0,40.118103027343750000,37.895080566406250000,,,84.0,66.0,84.00,84.0,84.0,2350,0,0,0.000,0.0,0.0,23.878
2026-09-19T01:46:04Z,E19329D5984EDAD1,18.4,queries/tpch/tpch-queries/q01/base.sql,measured,1,2,1,2,3.186006,1.593003,3138.276,0.047730,0.032452,0.009540,9600,0,78.801818847656250000,74.829467773437500000,,,66.0,86.0,79.12,86.0,86.0,2513,0,0,0.000,0.0,0.0,24.734
2026-09-19T01:46:11Z,E19329D5984EDAD1,18.4,queries/tpch/tpch-queries/q01/base.sql,measured,1,4,1,2,6.339268,1.584817,6261.766,0.077502,0.032975,0.009933,9600,0,158.956298828125000000,150.989990234375000000,,,86.0,90.0,88.41,90.0,90.0,2614,0,0,0.000,0.0,0.0,25.075
2026-09-19T01:46:23Z,E19329D5984EDAD1,18.4,queries/tpch/tpch-queries/q01/base.sql,measured,1,8,1,2,12.552213,1.569027,12499.831,0.052382,0.031452,0.012453,9600,0,322.382202148437500000,306.432922363281250000,,,90.0,96.0,93.67,96.0,96.0,2660,0,0,0.000,0.0,0.0,25.683
2026-09-19T01:46:49Z,E19329D5984EDAD1,18.4,queries/tpch/tpch-queries/q01/base.sql,measured,1,16,1,2,25.562997,1.597687,25451.770,0.111227,0.032222,0.012939,9472,0,631.930114746093750000,599.440002441406250000,,,96.0,95.0,96.24,98.0,98.0,2514,6686,18864,0.000,0.0,0.0,24.721
2026-09-19T01:47:11Z,68E477BDF024B6C4,18.4,queries/tpch/tpch-queries/q15/base.sql,warmup,1,1,1,2,2.141831,2.141831,2055.588,0.086243,0.029249,0.012145,9600,0,17.784667968750000000,13.180480957031250000,,,60.0,66.0,63.27,66.0,66.0,2261,0,0,19.607,0.0,16.0,8.303
2026-09-19T01:47:11Z,68E477BDF024B6C4,18.4,queries/tpch/tpch-queries/q15/base.sql,warmup,2,1,1,2,0.331205,0.331205,284.170,0.047035,0.030618,0.010716,9728,0,2.512390136718750000,2.118896484375000000,,,66.0,66.0,66.00,66.0,66.0,1537,0,0,0.000,0.0,0.0,7.586
2026-09-19T01:47:12Z,68E477BDF024B6C4,18.4,queries/tpch/tpch-queries/q15/base.sql,measured,1,1,1,2,0.332050,0.332050,285.080,0.046970,0.029895,0.011402,9600,0,2.570617675781250000,2.149414062500000000,,,66.0,61.0,66.00,66.0,66.0,1537,0,0,0.000,0.0,0.0,7.742
2026-09-19T01:47:12Z,68E477BDF024B6C4,18.4,queries/tpch/tpch-queries/q15/base.sql,measured,1,2,1,2,0.561085,0.280543,512.941,0.048144,0.029057,0.012806,9600,0,4.269409179687500000,3.583374023437500000,,,61.0,61.0,61.00,61.0,61.0,1592,0,0,0.000,0.0,0.0,7.609
2026-09-19T01:47:13Z,68E477BDF024B6C4,18.4,queries/tpch/tpch-queries/q15/base.sql,measured,1,4,1,2,1.016395,0.254099,960.500,0.055895,0.032944,0.009385,9600,0,7.782531738281250000,6.538452148437500000,,,61.0,71.0,67.67,71.0,71.0,1700,0,0,0.000,0.0,0.0,7.657
2026-09-19T01:47:15Z,68E477BDF024B6C4,18.4,queries/tpch/tpch-queries/q15/base.sql,measured,1,8,1,2,1.957118,0.244640,1856.729,0.100389,0.029863,0.013030,9600,0,15.035827636718750000,12.494750976562500000,,,71.0,71.0,70.50,71.0,71.0,1213,0,0,0.000,0.0,0.0,7.683
2026-09-19T01:47:19Z,68E477BDF024B6C4,18.4,queries/tpch/tpch-queries/q15/base.sql,measured,1,16,1,2,3.678858,0.229929,3619.668,0.059190,0.026893,0.018711,9472,0,28.628234863281250000,24.132019042968750000,,,71.0,73.0,72.37,73.0,73.0,1118,0,0,0.000,0.0,0.0,7.782
2026-09-19T01:47:26Z,93D2F2B02C2B78E3,18.4,queries/tpch/tpch-queries/q04/v1_materialized.sql,warmup,1,1,1,2,1.711693,1.711693,1590.765,0.120928,0.029845,0.011970,9472,0,16.641235351562500000,12.883056640625000000,,,58.0,62.0,59.78,62.0,62.0,2567,0,0,5.355,0.0,2.0,9.722
2026-09-19T01:47:27Z,93D2F2B02C2B78E3,18.4,queries/tpch/tpch-queries/q04/v1_materialized.sql,warmup,2,1,1,2,0.155815,0.155815,108.897,0.046918,0.026936,0.014258,9600,0,2.555297851562500000,2.345642089843750000,,,62.0,62.0,62.00,62.0,62.0,1375,0,0,0.001,0.0,0.0,16.400
2026-09-19T01:47:27Z,93D2F2B02C2B78E3,18.4,queries/tpch/tpch-queries/q04/v1_materialized.sql,measured,1,1,1,2,0.157528,0.157528,108.365,0.049163,0.029424,0.012048,9600,0,2.598388671875000000,2.357299804687500000,,,62.0,62.0,62.00,62.0,62.0,2350,0,0,0.000,0.0,0.0,16.495
2026-09-19T01:47:27Z,93D2F2B02C2B78E3,18.4,queries/tpch/tpch-queries/q04/v1_materialized.sql,measured,1,2,1,2,0.254186,0.127093,202.421,0.051765,0.027640,0.013890,9600,0,4.492248535156250000,4.115112304687500000,,,62.0,62.0,62.00,62.0,62.0,2350,0,0,0.000,0.0,0.0,17.673
2026-09-19T01:47:28Z,93D2F2B02C2B78E3,18.4,queries/tpch/tpch-queries/q04/v1_materialized.sql,measured,1,4,1,2,0.439044,0.109761,389.812,0.049232,0.026801,0.015143,9472,0,8.269104003906250000,7.660400390625000000,,,62.0,74.0,66.00,74.0,74.0,1700,0,0,0.000,0.0,0.0,18.834
2026-09-19T01:47:29Z,93D2F2B02C2B78E3,18.4,queries/tpch/tpch-queries/q04/v1_materialized.sql,measured,1,8,1,2,0.820354,0.102544,767.444,0.052910,0.032233,0.010894,9600,0,15.952697753906250000,14.749755859375000000,,,74.0,75.0,74.20,75.0,75.0,2480,0,0,0.000,0.0,0.0,19.446
2026-09-19T01:47:30Z,93D2F2B02C2B78E3,18.4,queries/tpch/tpch-queries/q04/v1_materialized.sql,measured,1,16,1,2,1.580834,0.098802,1521.151,0.059683,0.031590,0.014073,9600,0,31.473449707031250000,29.160400390625000000,,,75.0,76.0,75.50,76.0,76.0,2588,0,0,0.000,0.0,0.0,19.909
2026-09-19T01:47:38Z,7DD28FD5FD079224,18.4,queries/tpch/tpch-queries/q11/base.sql,warmup,1,1,1,2,1.821942,1.821942,1741.458,0.080484,0.028749,0.012681,9472,0,9.076660156250000000,5.286560058593750000,,,58.0,58.0,58.00,58.0,58.0,1440,0,0,5.566,0.0,2.0,4.982
2026-09-19T01:47:38Z,7DD28FD5FD079224,18.4,queries/tpch/tpch-queries/q11/base.sql,warmup,2,1,1,2,0.132924,0.132924,85.544,0.047380,0.029345,0.012389,9600,0,1.032226562500000000,0.856750488281250000,,,58.0,58.0,58.00,58.0,58.0,725,0,0,0.054,0.0,0.0,7.766
2026-09-19T01:47:38Z,7DD28FD5FD079224,18.4,queries/tpch/tpch-queries/q11/base.sql,measured,1,1,1,2,0.132852,0.132852,85.581,0.047271,0.029782,0.011743,9472,0,1.041931152343750000,0.849731445312500000,,,58.0,58.0,58.00,58.0,58.0,2025,0,0,0.000,0.0,0.0,7.843
2026-09-19T01:47:39Z,7DD28FD5FD079224,18.4,queries/tpch/tpch-queries/q11/base.sql,measured,1,2,1,2,0.209403,0.104701,160.023,0.049380,0.029428,0.012795,9600,0,1.618896484375000000,1.338928222656250000,,,58.0,58.0,58.00,58.0,58.0,1863,0,0,0.000,0.0,0.0,7.731
2026-09-19T01:47:39Z,7DD28FD5FD079224,18.4,queries/tpch/tpch-queries/q11/base.sql,measured,1,4,1,2,0.359937,0.089984,307.763,0.052174,0.028894,0.013037,9472,0,2.782165527343750000,2.284118652343750000,,,58.0,68.0,63.00,68.0,68.0,1375,0,0,0.000,0.0,0.0,7.730
2026-09-19T01:47:40Z,7DD28FD5FD079224,18.4,queries/tpch/tpch-queries/q11/base.sql,measured,1,8,1,2,0.673166,0.084146,607.480,0.065686,0.031881,0.011498,9600,0,5.100219726562500000,4.260070800781250000,,,68.0,58.0,68.00,68.0,68.0,1700,0,0,0.000,0.0,0.0,7.576
2026-09-19T01:47:41Z,7DD28FD5FD079224,18.4,queries/tpch/tpch-queries/q11/base.sql,measured,1,16,1,2,1.295661,0.080979,1221.451,0.074210,0.035318,0.010766,9600,0,9.761779785156250000,8.192321777343750000,,,58.0,68.0,60.86,68.0,68.0,1282,0,0,0.000,0.0,0.0,7.534
2026-09-19T01:47:57Z,47022173F36BC5BB,18.4,queries/tpch/tpch-queries/q07/v1_materialized.sql,warmup,1,1,1,2,12.297844,12.297844,12046.365,0.251479,0.025442,0.016418,9600,0,92.055053710937500000,66.135559082031250000,,,59.0,61.0,60.03,66.0,66.0,1988,0,0,3.186,0.0,0.0,7.485
2026-09-19T01:47:58Z,47022173F36BC5BB,18.4,queries/tpch/tpch-queries/q07/v1_materialized.sql,warmup,2,1,1,2,0.706721,0.706721,604.767,0.101954,0.034790,0.007070,9600,0,10.386535644531250000,9.342468261718750000,,,61.0,70.0,63.25,70.0,70.0,1863,0,0,0.056,0.0,0.0,14.697
2026-09-19T01:47:59Z,47022173F36BC5BB,18.4,queries/tpch/tpch-queries/q07/v1_materialized.sql,measured,1,1,1,2,0.687584,0.687584,636.930,0.050654,0.030129,0.012157,9600,0,10.581665039062500000,9.674926757812500000,,,70.0,60.0,70.00,70.0,70.0,1863,0,0,0.000,0.0,0.0,15.390
2026-09-19T01:48:00Z,47022173F36BC5BB,18.4,queries/tpch/tpch-queries/q07/v1_materialized.sql,measured,1,2,1,2,1.265329,0.632665,1210.013,0.055316,0.031323,0.012935,9600,0,19.663391113281250000,17.915771484375000000,,,60.0,71.0,63.14,71.0,71.0,1793,0,0,0.000,0.0,0.0,15.540
2026-09-19T01:48:03Z,47022173F36BC5BB,18.4,queries/tpch/tpch-queries/q07/v1_materialized.sql,measured,1,4,1,2,2.457390,0.614348,2397.819,0.059571,0.027563,0.015832,9728,0,38.763366699218750000,35.182556152343750000,,,71.0,62.0,71.77,72.0,72.0,1825,0,0,0.000,0.0,0.0,15.774
2026-09-19T01:48:08Z,47022173F36BC5BB,18.4,queries/tpch/tpch-queries/q07/v1_materialized.sql,measured,1,8,1,2,4.775079,0.596885,4702.224,0.072855,0.034062,0.012244,9600,0,75.204467773437500000,68.530639648437500000,,,62.0,75.0,72.08,75.0,75.0,1985,0,0,0.000,0.0,0.0,15.749
2026-09-19T01:48:17Z,47022173F36BC5BB,18.4,queries/tpch/tpch-queries/q07/v1_materialized.sql,measured,1,16,1,2,9.474183,0.592136,9378.371,0.095812,0.032935,0.015213,9472,0,151.318420410156250000,137.984680175781250000,,,75.0,77.0,76.75,78.0,78.0,2337,0,0,0.001,0.0,0.0,15.972
2026-09-19T01:48:24Z,E62BA604E57028AB,18.4,queries/tpch/tpch-queries/q03/base.sql,warmup,1,1,1,2,1.548585,1.548585,1336.219,0.212366,0.030864,0.010630,9472,0,20.052001953125000000,16.449707031250000000,,,60.0,71.0,64.12,71.0,71.0,2106,0,0,5.689,0.0,2.0,12.949
2026-09-19T01:48:25Z,E62BA604E57028AB,18.4,queries/tpch/tpch-queries/q03/base.sql,warmup,2,1,1,2,0.355479,0.355479,308.052,0.047427,0.023068,0.018196,9472,0,6.701110839843750000,6.219238281250000000,,,71.0,68.0,71.00,71.0,71.0,2350,0,0,0.000,0.0,0.0,18.851
2026-09-19T01:48:25Z,E62BA604E57028AB,18.4,queries/tpch/tpch-queries/q03/base.sql,measured,1,1,1,2,0.354143,0.354143,304.499,0.049644,0.024338,0.017364,9600,0,6.674621582031250000,6.163818359375000000,,,68.0,68.0,68.00,68.0,68.0,2350,0,0,0.000,0.0,0.0,18.847
2026-09-19T01:48:26Z,E62BA604E57028AB,18.4,queries/tpch/tpch-queries/q03/base.sql,measured,1,2,1,2,0.630620,0.315310,581.450,0.049170,0.030953,0.011194,9472,0,12.642028808593750000,11.776794433593750000,,,68.0,80.0,71.00,80.0,80.0,2431,0,0,0.000,0.0,0.0,20.047
2026-09-19T01:48:27Z,E62BA604E57028AB,18.4,queries/tpch/tpch-queries/q03/base.sql,measured,1,4,1,2,1.190498,0.297624,1139.321,0.051177,0.030839,0.011462,9600,0,24.242492675781250000,22.638000488281250000,,,80.0,80.0,80.00,80.0,80.0,2242,0,0,0.000,0.0,0.0,20.363
2026-09-19T01:48:30Z,E62BA604E57028AB,18.4,queries/tpch/tpch-queries/q03/base.sql,measured,1,8,1,2,2.272134,0.284017,2179.187,0.092947,0.032745,0.010795,9728,0,47.842224121093750000,44.520446777343750000,,,80.0,81.0,80.33,81.0,81.0,2404,0,0,0.000,0.0,0.0,21.056
2026-09-19T01:48:34Z,E62BA604E57028AB,18.4,queries/tpch/tpch-queries/q03/base.sql,measured,1,16,1,2,4.357613,0.272351,4292.443,0.065170,0.038841,0.007495,9472,0,94.370483398437500000,88.233398437500000000,,,81.0,84.0,81.59,84.0,84.0,2350,0,0,0.000,0.0,0.0,21.656
2026-09-19T01:48:45Z,963785D7F30A781C,18.4,queries/tpch/tpch-queries/q03/v1_materialized.sql,warmup,1,1,1,2,1.568039,1.568039,1469.811,0.098228,0.025479,0.015900,9600,0,20.000427246093750000,16.383911132812500000,,,59.0,72.0,63.88,72.0,72.0,2025,0,0,9.708,0.0,6.0,12.755
2026-09-19T01:48:46Z,963785D7F30A781C,18.4,queries/tpch/tpch-queries/q03/v1_materialized.sql,warmup,2,1,1,2,0.367160,0.367160,319.559,0.047601,0.029695,0.011694,9600,0,6.608459472656250000,6.121032714843750000,,,72.0,68.0,72.00,72.0,72.0,2350,0,0,0.001,0.0,0.0,17.999
2026-09-19T01:48:46Z,963785D7F30A781C,18.4,queries/tpch/tpch-queries/q03/v1_materialized.sql,measured,1,1,1,2,0.364184,0.364184,303.268,0.060916,0.030850,0.010293,9600,0,6.682861328125000000,6.144104003906250000,,,68.0,68.0,68.00,68.0,68.0,2187,0,0,0.000,0.0,0.0,18.350
2026-09-19T01:48:47Z,963785D7F30A781C,18.4,queries/tpch/tpch-queries/q03/v1_materialized.sql,measured,1,2,1,2,0.638035,0.319018,578.773,0.059262,0.026343,0.015567,9472,0,12.739868164062500000,11.779968261718750000,,,68.0,80.0,71.00,80.0,80.0,2431,0,0,0.000,0.0,0.0,19.967
2026-09-19T01:48:48Z,963785D7F30A781C,18.4,queries/tpch/tpch-queries/q03/v1_materialized.sql,measured,1,4,1,2,1.158301,0.289575,1106.599,0.051702,0.032182,0.011046,9472,0,24.265075683593750000,22.639343261718750000,,,80.0,80.0,80.00,80.0,80.0,2242,0,0,0.000,0.0,0.0,20.949
2026-09-19T01:48:51Z,963785D7F30A781C,18.4,queries/tpch/tpch-queries/q03/v1_materialized.sql,measured,1,8,1,2,2.230183,0.278773,2171.499,0.058684,0.031159,0.012136,9600,0,47.547851562500000000,44.377624511718750000,,,80.0,83.0,81.42,83.0,83.0,2458,0,0,0.000,0.0,0.0,21.320
2026-09-19T01:48:55Z,963785D7F30A781C,18.4,queries/tpch/tpch-queries/q03/v1_materialized.sql,measured,1,16,1,2,4.325241,0.270328,4261.146,0.064095,0.033886,0.011997,9472,0,94.294738769531250000,88.157531738281250000,,,83.0,85.0,81.95,85.0,85.0,2350,0,0,0.000,0.0,0.0,21.801
2026-09-19T01:49:11Z,A0E7F0C6CF3CD0F5,18.4,queries/tpch/tpch-queries/q08/v2_filter.sql,warmup,1,1,1,2,5.760439,5.760439,5651.396,0.109043,0.030160,0.011848,9472,0,35.335693359375000000,23.156494140625000000,,,60.0,61.0,62.21,64.0,64.0,1633,0,0,9.666,0.0,6.0,6.134
2026-09-19T01:49:11Z,A0E7F0C6CF3CD0F5,18.4,queries/tpch/tpch-queries/q08/v2_filter.sql,warmup,2,1,1,2,0.179756,0.179756,128.720,0.051036,0.027195,0.014823,9472,0,2.488830566406250000,2.240112304687500000,,,61.0,68.0,61.00,61.0,61.0,2675,0,0,0.001,0.0,0.0,13.846
2026-09-19T01:49:11Z,A0E7F0C6CF3CD0F5,18.4,queries/tpch/tpch-queries/q08/v2_filter.sql,measured,1,1,1,2,0.206948,0.206948,128.602,0.078346,0.032659,0.010002,9472,0,2.620910644531250000,2.283325195312500000,,,68.0,68.0,68.00,68.0,67.0,2025,0,0,0.000,0.0,0.0,12.665
2026-09-19T01:49:12Z,A0E7F0C6CF3CD0F5,18.4,queries/tpch/tpch-queries/q08/v2_filter.sql,measured,1,2,1,2,0.300830,0.150415,247.245,0.053585,0.026109,0.016456,9600,0,4.493591308593750000,4.012878417968750000,,,68.0,68.0,68.00,68.0,67.0,2025,0,0,0.000,0.0,0.0,14.937
2026-09-19T01:49:12Z,A0E7F0C6CF3CD0F5,18.4,queries/tpch/tpch-queries/q08/v2_filter.sql,measured,1,4,1,2,0.532853,0.133213,473.789,0.059064,0.028735,0.014078,9600,0,8.149047851562500000,7.402465820312500000,,,68.0,72.0,70.67,72.0,72.0,2134,0,0,0.000,0.0,0.0,15.293
2026-09-19T01:49:13Z,A0E7F0C6CF3CD0F5,18.4,queries/tpch/tpch-queries/q08/v2_filter.sql,measured,1,8,1,2,0.999433,0.124929,930.399,0.069034,0.031753,0.012292,9600,0,15.678466796875000000,14.272705078125000000,,,72.0,74.0,72.80,74.0,74.0,2090,0,0,0.000,0.0,0.0,15.687
2026-09-19T01:49:15Z,A0E7F0C6CF3CD0F5,18.4,queries/tpch/tpch-queries/q08/v2_filter.sql,measured,1,16,1,2,1.984414,0.124026,1849.149,0.135265,0.030982,0.016081,9472,0,31.002868652343750000,28.143615722656250000,,,74.0,76.0,74.40,76.0,76.0,2155,0,0,0.000,0.0,0.0,15.623
2026-09-19T01:49:25Z,5AFBAC8B5BA80132,18.4,queries/tpch/tpch-queries/q17/v2_decorrelate.sql,warmup,1,1,1,2,3.990946,3.990946,3784.762,0.206184,0.029535,0.011927,9600,0,35.971862792968750000,26.922607421875000000,,,58.0,67.0,65.50,69.0,69.0,1586,0,0,5.560,0.0,2.0,9.013
2026-09-19T01:49:28Z,5AFBAC8B5BA80132,18.4,queries/tpch/tpch-queries/q17/v2_decorrelate.sql,warmup,2,1,1,2,3.369689,3.369689,3322.347,0.047342,0.034461,0.007180,9472,0,24.193542480468750000,19.725158691406250000,,,67.0,69.0,68.41,69.0,69.0,1337,0,0,0.000,0.0,0.0,7.180
2026-09-19T01:49:32Z,5AFBAC8B5BA80132,18.4,queries/tpch/tpch-queries/q17/v2_decorrelate.sql,measured,1,1,1,2,3.405990,3.405990,3349.881,0.056109,0.027978,0.013927,9600,0,24.271057128906250000,19.719238281250000000,,,69.0,68.0,68.18,69.0,69.0,1069,0,0,0.000,0.0,0.0,7.126
2026-09-19T01:49:38Z,5AFBAC8B5BA80132,18.4,queries/tpch/tpch-queries/q17/v2_decorrelate.sql,measured,1,2,1,2,6.662355,3.331178,6612.506,0.049849,0.023357,0.019732,9600,0,47.780578613281250000,39.053222656250000000,,,68.0,67.0,68.06,69.0,69.0,1174,0,0,0.000,0.0,0.0,7.172
2026-09-19T01:49:52Z,5AFBAC8B5BA80132,18.4,queries/tpch/tpch-queries/q17/v2_decorrelate.sql,measured,1,4,1,2,13.061009,3.265252,13011.021,0.049988,0.030117,0.012166,9600,0,93.611450195312500000,76.636291503906250000,,,67.0,67.0,67.76,69.0,69.0,1203,0,0,0.000,0.0,0.0,7.167
2026-09-19T01:50:18Z,5AFBAC8B5BA80132,18.4,queries/tpch/tpch-queries/q17/v2_decorrelate.sql,measured,1,8,1,2,26.210473,3.276309,26103.267,0.107206,0.024791,0.018488,9600,0,187.253234863281250000,152.888671875000000000,,,67.0,58.0,66.24,68.0,68.0,1043,0,0,0.000,0.0,0.0,7.144
2026-09-19T01:51:10Z,5AFBAC8B5BA80132,18.4,queries/tpch/tpch-queries/q17/v2_decorrelate.sql,measured,1,16,1,2,51.831750,3.239484,51770.007,0.061743,0.031290,0.014035,9600,0,368.937011718750000000,301.629028320312500000,,,58.0,66.0,66.85,69.0,69.0,1046,0,0,0.000,0.0,0.0,7.118
2026-09-19T01:51:19Z,2E483E85D4BDDC4B,18.4,queries/tpch/tpch-queries/q18/v2_join.sql,warmup,1,1,1,2,5.601081,5.601081,5353.889,0.247192,0.027054,0.014632,9600,0,123.677612304687500000,112.152648925781250000,,,58.0,81.0,74.39,81.0,81.0,2454,0,0,3.557,0.0,0.0,22.081
2026-09-19T01:51:24Z,2E483E85D4BDDC4B,18.4,queries/tpch/tpch-queries/q18/v2_join.sql,warmup,2,1,1,2,4.767398,4.767398,4718.209,0.049189,0.027337,0.014977,9472,0,110.366333007812500000,103.611267089843750000,,,81.0,84.0,82.08,84.0,84.0,2390,0,0,0.000,0.0,0.0,23.150
2026-09-19T01:51:29Z,2E483E85D4BDDC4B,18.4,queries/tpch/tpch-queries/q18/v2_join.sql,measured,1,1,1,2,4.769247,4.769247,4712.946,0.056301,0.028079,0.015085,9600,0,111.033264160156250000,104.102294921875000000,,,84.0,83.0,85.00,86.0,86.0,2323,0,0,0.000,0.0,0.0,23.281
2026-09-19T01:51:38Z,2E483E85D4BDDC4B,18.4,queries/tpch/tpch-queries/q18/v2_join.sql,measured,1,2,1,2,9.459676,4.729838,9400.613,0.059063,0.027832,0.014682,9728,0,223.500244140625000000,209.670410156250000000,,,83.0,91.0,87.83,91.0,91.0,2438,0,0,0.000,0.0,0.0,23.627
2026-09-19T01:51:57Z,2E483E85D4BDDC4B,18.4,queries/tpch/tpch-queries/q18/v2_join.sql,measured,1,4,1,2,18.687534,4.671884,18633.926,0.053608,0.027783,0.015035,9600,0,450.849060058593750000,423.177368164062500000,,,91.0,95.0,93.15,95.0,95.0,2312,0,0,0.000,0.0,0.0,24.126
2026-09-19T01:52:35Z,2E483E85D4BDDC4B,18.4,queries/tpch/tpch-queries/q18/v2_join.sql,measured,1,8,1,2,38.140625,4.767578,38080.086,0.060539,0.027819,0.016488,9600,0,876.132446289062500000,820.746520996093750000,,,95.0,93.0,93.94,97.0,97.0,2189,106,424,0.000,0.0,0.0,22.971
2026-09-19T01:53:53Z,2E483E85D4BDDC4B,18.4,queries/tpch/tpch-queries/q18/v2_join.sql,measured,1,16,1,2,77.626493,4.851656,77543.463,0.083030,0.035436,0.011780,9728,0,1705.844848632812500000,1594.845397949218750000,,,93.0,92.0,92.61,96.0,96.0,2291,0,0,0.000,0.0,0.0,21.975
2026-09-19T01:54:13Z,D33134698EF62D05,18.4,queries/tpch/tpch-queries/q22/v2_anti_join.sql,warmup,1,1,1,2,0.481488,0.481488,394.862,0.086626,0.029995,0.011821,9472,0,5.685058593750000000,4.641601562500000000,,,59.0,59.0,59.00,59.0,59.0,2567,0,0,19.608,0.0,16.0,11.807
2026-09-19T01:54:14Z,D33134698EF62D05,18.4,queries/tpch/tpch-queries/q22/v2_anti_join.sql,warmup,2,1,1,2,0.178037,0.178037,130.638,0.047399,0.026957,0.014778,9600,0,2.894714355468750000,2.653747558593750000,,,59.0,59.0,59.00,59.0,59.0,1700,0,0,0.055,0.0,0.0,16.259
2026-09-19T01:54:14Z,D33134698EF62D05,18.4,queries/tpch/tpch-queries/q22/v2_anti_join.sql,measured,1,1,1,2,0.190076,0.190076,118.113,0.071963,0.028915,0.012655,9600,0,2.931884765625000000,2.637451171875000000,,,59.0,68.0,59.00,59.0,59.0,2675,0,0,0.000,0.0,0.0,15.425
2026-09-19T01:54:14Z,D33134698EF62D05,18.4,queries/tpch/tpch-queries/q22/v2_anti_join.sql,measured,1,2,1,2,0.280022,0.140011,231.831,0.048191,0.027374,0.014547,9472,0,5.309509277343750000,4.915161132812500000,,,68.0,68.0,68.00,68.0,65.0,2025,0,0,0.043,0.0,0.0,18.961
2026-09-19T01:54:15Z,D33134698EF62D05,18.4,queries/tpch/tpch-queries/q22/v2_anti_join.sql,measured,1,4,1,2,0.507530,0.126883,455.882,0.051648,0.034934,0.009281,9600,0,10.176452636718750000,9.456054687500000000,,,68.0,65.0,68.00,68.0,65.0,2567,0,0,0.000,0.0,0.0,20.051
2026-09-19T01:54:16Z,D33134698EF62D05,18.4,queries/tpch/tpch-queries/q22/v2_anti_join.sql,measured,1,8,1,2,0.925540,0.115692,872.161,0.053379,0.029801,0.013382,9472,0,19.657958984375000000,18.369689941406250000,,,65.0,67.0,65.00,65.0,65.0,2220,0,0,0.000,0.0,0.0,21.239
2026-09-19T01:54:18Z,D33134698EF62D05,18.4,queries/tpch/tpch-queries/q22/v2_anti_join.sql,measured,1,16,1,2,1.816278,0.113517,1755.831,0.060447,0.031577,0.013456,9600,0,38.928710937500000000,36.486083984375000000,,,67.0,66.0,74.00,81.0,81.0,2577,0,0,0.000,0.0,0.0,21.433
2026-09-19T01:54:25Z,670B9FFF7F18738A,18.4,queries/tpch/tpch-queries/q13/v1_materialized.sql,warmup,1,1,1,2,1.751146,1.751146,1444.886,0.306260,0.030526,0.012531,9600,0,14.087280273437500000,10.481689453125000000,,,60.0,71.0,64.89,71.0,71.0,1845,0,0,5.439,0.0,2.0,8.045
2026-09-19T01:54:27Z,670B9FFF7F18738A,18.4,queries/tpch/tpch-queries/q13/v1_materialized.sql,warmup,2,1,1,2,1.411167,1.411167,1363.986,0.047181,0.027018,0.014651,9600,0,10.335266113281250000,8.600952148437500000,,,71.0,70.0,70.75,71.0,71.0,1253,0,0,0.005,0.0,0.0,7.324
2026-09-19T01:54:28Z,670B9FFF7F18738A,18.4,queries/tpch/tpch-queries/q13/v1_materialized.sql,measured,1,1,1,2,1.414298,1.414298,1367.311,0.046987,0.027152,0.014396,9472,0,10.246520996093750000,8.520080566406250000,,,70.0,60.0,68.12,70.0,70.0,1375,0,0,0.000,0.0,0.0,7.245
2026-09-19T01:54:31Z,670B9FFF7F18738A,18.4,queries/tpch/tpch-queries/q13/v1_materialized.sql,measured,1,2,1,2,2.753682,1.376841,2704.951,0.048731,0.030688,0.011103,9472,0,20.099365234375000000,16.585571289062500000,,,60.0,67.0,64.50,67.0,67.0,1491,0,0,0.000,0.0,0.0,7.299
2026-09-19T01:54:37Z,670B9FFF7F18738A,18.4,queries/tpch/tpch-queries/q13/v1_materialized.sql,measured,1,4,1,2,5.491419,1.372855,5390.730,0.100689,0.029035,0.013733,9600,0,40.123962402343750000,33.418457031250000000,,,67.0,69.0,69.64,70.0,70.0,1143,0,0,0.000,0.0,0.0,7.307
2026-09-19T01:54:48Z,670B9FFF7F18738A,18.4,queries/tpch/tpch-queries/q13/v1_materialized.sql,measured,1,8,1,2,10.913190,1.364149,10806.147,0.107043,0.028750,0.014907,9600,0,79.926696777343750000,66.514160156250000000,,,69.0,69.0,69.18,70.0,70.0,997,0,0,0.000,0.0,0.0,7.324
2026-09-19T01:55:09Z,670B9FFF7F18738A,18.4,queries/tpch/tpch-queries/q13/v1_materialized.sql,measured,1,16,1,2,21.473958,1.342122,21401.808,0.072150,0.037053,0.008279,9600,0,155.985351562500000000,129.707153320312500000,,,69.0,58.0,68.17,69.0,69.0,1095,0,0,0.000,0.0,0.0,7.264
2026-09-19T01:55:19Z,FC7205C25C94C65F,18.4,queries/tpch/tpch-queries/q08/v2_filter.sql,warmup,1,1,1,2,6.123457,6.123457,5862.874,0.260583,0.031525,0.010849,9600,0,36.744628906250000000,23.857238769531250000,,,60.0,57.0,58.77,60.0,60.0,1721,0,0,3.379,0.0,0.0,6.001
2026-09-19T01:55:19Z,FC7205C25C94C65F,18.4,queries/tpch/tpch-queries/q08/v2_filter.sql,warmup,2,1,1,2,0.179876,0.179876,129.159,0.050717,0.030473,0.011510,9728,0,2.449523925781250000,2.205932617187500000,,,57.0,57.0,57.00,57.0,57.0,2025,0,0,0.001,0.0,0.0,13.618
2026-09-19T01:55:20Z,FC7205C25C94C65F,18.4,queries/tpch/tpch-queries/q08/v2_filter.sql,measured,1,1,1,2,0.205536,0.205536,127.848,0.077688,0.028617,0.013485,9600,0,2.563598632812500000,2.239562988281250000,,,57.0,57.0,57.00,57.0,57.0,2351,0,0,0.000,0.0,0.0,12.473
2026-09-19T01:55:20Z,FC7205C25C94C65F,18.4,queries/tpch/tpch-queries/q08/v2_filter.sql,measured,1,2,1,2,0.298722,0.149361,244.625,0.054097,0.032099,0.010758,9472,0,4.451538085937500000,3.976684570312500000,,,57.0,68.0,62.50,68.0,68.0,2188,0,0,0.000,0.0,0.0,14.902
2026-09-19T01:55:21Z,FC7205C25C94C65F,18.4,queries/tpch/tpch-queries/q08/v2_filter.sql,measured,1,4,1,2,0.579158,0.144790,472.504,0.106654,0.033739,0.008823,9600,0,8.502929687500000000,7.570251464843750000,,,68.0,68.0,68.00,68.0,68.0,2025,0,0,0.000,0.0,0.0,14.682
2026-09-19T01:55:22Z,FC7205C25C94C65F,18.4,queries/tpch/tpch-queries/q08/v2_filter.sql,measured,1,8,1,2,0.996090,0.124511,926.564,0.069526,0.034522,0.010093,9600,0,15.487915039062500000,14.116149902343750000,,,68.0,70.0,69.60,70.0,70.0,2220,0,0,0.000,0.0,0.0,15.549
2026-09-19T01:55:24Z,FC7205C25C94C65F,18.4,queries/tpch/tpch-queries/q08/v2_filter.sql,measured,1,16,1,2,1.971195,0.123200,1838.962,0.132233,0.030266,0.017275,9600,0,30.641845703125000000,27.865600585937500000,,,70.0,72.0,70.80,72.0,72.0,2058,0,0,0.000,0.0,0.0,15.545
2026-09-19T01:55:34Z,C8C0776E7323B7BC,18.4,queries/tpch/tpch-queries/q08/v1_materialized.sql,warmup,1,1,1,2,5.182831,5.182831,5070.959,0.111872,0.030759,0.011515,9728,0,32.969238281250000000,22.027099609375000000,,,56.0,58.0,57.81,59.0,59.0,1500,0,0,5.482,0.0,2.0,6.361
2026-09-19T01:55:35Z,C8C0776E7323B7BC,18.4,queries/tpch/tpch-queries/q08/v1_materialized.sql,warmup,2,1,1,2,0.215447,0.215447,130.019,0.085428,0.031247,0.010384,9600,0,2.674865722656250000,2.342346191406250000,,,58.0,58.0,58.00,58.0,58.0,2513,0,0,0.001,0.0,0.0,12.415
2026-09-19T01:55:35Z,C8C0776E7323B7BC,18.4,queries/tpch/tpch-queries/q08/v1_materialized.sql,measured,1,1,1,2,0.180302,0.180302,129.768,0.050534,0.030205,0.011459,9472,0,2.503723144531250000,2.242065429687500000,,,58.0,58.0,58.00,58.0,58.0,1700,0,0,0.001,0.0,0.0,13.886
2026-09-19T01:55:35Z,C8C0776E7323B7BC,18.4,queries/tpch/tpch-queries/q08/v1_materialized.sql,measured,1,2,1,2,0.300240,0.150120,246.598,0.053642,0.031395,0.010914,9472,0,4.381103515625000000,3.961669921875000000,,,58.0,69.0,63.50,69.0,69.0,2025,0,0,0.031,0.0,0.0,14.592
2026-09-19T01:55:36Z,C8C0776E7323B7BC,18.4,queries/tpch/tpch-queries/q08/v1_materialized.sql,measured,1,4,1,2,0.533726,0.133431,474.851,0.058875,0.033599,0.009262,9600,0,8.101318359375000000,7.348815917968750000,,,69.0,69.0,69.00,69.0,69.0,1917,0,0,0.000,0.0,0.0,15.179
2026-09-19T01:55:37Z,C8C0776E7323B7BC,18.4,queries/tpch/tpch-queries/q08/v1_materialized.sql,measured,1,8,1,2,1.000870,0.125109,930.808,0.070062,0.033778,0.010781,9600,0,15.627685546875000000,14.219726562500000000,,,69.0,69.0,69.00,69.0,69.0,2350,0,0,0.000,0.0,0.0,15.614
2026-09-19T01:55:39Z,C8C0776E7323B7BC,18.4,queries/tpch/tpch-queries/q08/v1_materialized.sql,measured,1,16,1,2,1.995006,0.124688,1856.403,0.138603,0.034624,0.013466,9600,0,30.960510253906250000,28.075805664062500000,,,69.0,72.0,70.70,72.0,72.0,2155,0,0,0.000,0.0,0.0,15.519
2026-09-19T01:55:43Z,4EB5AF401F9073B4,18.4,queries/tpch/tpch-queries/q22/base.sql,warmup,1,1,1,2,0.320069,0.320069,122.493,0.197576,0.025182,0.016907,9600,0,2.611511230468750000,1.992919921875000000,,,60.0,60.0,60.00,60.0,60.0,2350,0,0,3.474,0.0,0.0,8.159
2026-09-19T01:55:43Z,4EB5AF401F9073B4,18.4,queries/tpch/tpch-queries/q22/base.sql,warmup,2,1,1,2,0.122792,0.122792,74.996,0.047796,0.029352,0.012834,9472,0,1.592529296875000000,1.426208496093750000,,,60.0,60.0,60.00,60.0,60.0,3000,0,0,0.041,0.0,0.0,12.969
2026-09-19T01:55:43Z,4EB5AF401F9073B4,18.4,queries/tpch/tpch-queries/q22/base.sql,measured,1,1,1,2,0.118383,0.118383,71.446,0.046937,0.032374,0.008987,9728,0,1.569702148437500000,1.394653320312500000,,,60.0,60.0,60.00,60.0,60.0,1700,0,0,0.000,0.0,0.0,13.259
2026-09-19T01:55:43Z,4EB5AF401F9073B4,18.4,queries/tpch/tpch-queries/q22/base.sql,measured,1,2,1,2,0.178145,0.089073,130.279,0.047866,0.031865,0.009822,9600,0,2.669372558593750000,2.434204101562500000,,,60.0,63.0,60.00,60.0,60.0,1375,0,0,0.000,0.0,0.0,14.984
2026-09-19T01:55:44Z,4EB5AF401F9073B4,18.4,queries/tpch/tpch-queries/q22/base.sql,measured,1,4,1,2,0.327318,0.081830,251.307,0.076011,0.025927,0.017335,9600,0,4.990661621093750000,4.533569335937500000,,,63.0,63.0,63.00,63.0,63.0,2350,0,0,0.000,0.0,0.0,15.247
2026-09-19T01:55:44Z,4EB5AF401F9073B4,18.4,queries/tpch/tpch-queries/q22/base.sql,measured,1,8,1,2,0.542000,0.067750,488.474,0.053526,0.031531,0.011844,9472,0,9.448852539062500000,8.654724121093750000,,,63.0,63.0,63.00,63.0,63.0,2783,0,0,0.000,0.0,0.0,17.433
2026-09-19T01:55:46Z,4EB5AF401F9073B4,18.4,queries/tpch/tpch-queries/q22/base.sql,measured,1,16,1,2,1.042121,0.065133,980.919,0.061202,0.033091,0.012354,9600,0,18.548522949218750000,17.054077148437500000,,,63.0,75.0,65.00,75.0,75.0,2350,0,0,0.000,0.0,0.0,17.799
2026-09-19T01:55:57Z,697AF04A282F9F91,18.4,queries/tpch/tpch-queries/q09/v1_materialized.sql,warmup,1,1,1,2,8.550688,8.550688,8280.752,0.269936,0.026474,0.016492,9600,0,69.963928222656250000,52.028869628906250000,,,60.0,68.0,63.00,71.0,71.0,1942,0,0,3.169,0.0,0.0,8.182
2026-09-19T01:55:59Z,697AF04A282F9F91,18.4,queries/tpch/tpch-queries/q09/v1_materialized.sql,warmup,2,1,1,2,1.187283,1.187283,1135.718,0.051565,0.029128,0.012738,9472,0,18.179199218750000000,16.630065917968750000,,,68.0,72.0,70.67,72.0,72.0,2350,0,0,0.003,0.0,0.0,15.312
2026-09-19T01:56:00Z,697AF04A282F9F91,18.4,queries/tpch/tpch-queries/q09/v1_materialized.sql,measured,1,1,1,2,1.218387,1.218387,1134.824,0.083563,0.032592,0.009315,9600,0,18.320739746093750000,16.700988769531250000,,,72.0,67.0,71.29,72.0,72.0,2350,0,0,0.000,0.0,0.0,15.037
2026-09-19T01:56:02Z,697AF04A282F9F91,18.4,queries/tpch/tpch-queries/q09/v1_materialized.sql,measured,1,2,1,2,2.298353,1.149176,2243.692,0.054661,0.031699,0.010135,9600,0,35.578674316406250000,32.394042968750000000,,,67.0,76.0,73.00,76.0,76.0,2103,0,0,0.000,0.0,0.0,15.480
2026-09-19T01:56:07Z,697AF04A282F9F91,18.4,queries/tpch/tpch-queries/q09/v1_materialized.sql,measured,1,4,1,2,4.529561,1.132390,4467.992,0.061569,0.034102,0.008731,9472,0,70.070068359375000000,64.078613281250000000,,,76.0,74.0,75.26,76.0,76.0,2011,0,0,0.000,0.0,0.0,15.470
2026-09-19T01:56:16Z,697AF04A282F9F91,18.4,queries/tpch/tpch-queries/q09/v1_materialized.sql,measured,1,8,1,2,8.998211,1.124776,8922.517,0.075694,0.031032,0.012732,9472,0,140.880065917968750000,128.846984863281250000,,,74.0,81.0,77.82,81.0,81.0,1967,0,0,0.000,0.0,0.0,15.656
2026-09-19T01:56:34Z,697AF04A282F9F91,18.4,queries/tpch/tpch-queries/q09/v1_materialized.sql,measured,1,16,1,2,17.960595,1.122537,17828.075,0.132520,0.030731,0.016162,9472,0,283.366027832031250000,258.928710937500000000,,,81.0,84.0,80.42,84.0,84.0,1899,0,0,0.000,0.0,0.0,15.777
2026-09-19T01:56:45Z,BDD7CD4F9A2AAC68,18.4,queries/tpch/tpch-queries/q14/v1_materialized.sql,warmup,1,1,1,2,1.481153,1.481153,1387.360,0.093793,0.029579,0.011899,9472,0,15.106079101562500000,11.885131835937500000,,,60.0,67.0,62.62,67.0,67.0,2594,0,0,9.650,0.0,6.0,10.199
2026-09-19T01:56:46Z,BDD7CD4F9A2AAC68,18.4,queries/tpch/tpch-queries/q14/v1_materialized.sql,warmup,2,1,1,2,0.250203,0.250203,154.309,0.095894,0.032156,0.010158,9600,0,3.382751464843750000,3.004333496093750000,,,67.0,62.0,67.00,67.0,67.0,2513,0,0,0.000,0.0,0.0,13.520
2026-09-19T01:56:46Z,BDD7CD4F9A2AAC68,18.4,queries/tpch/tpch-queries/q14/v1_materialized.sql,measured,1,1,1,2,0.201255,0.201255,154.470,0.046785,0.026071,0.015169,9600,0,3.225036621093750000,2.895385742187500000,,,62.0,62.0,62.00,62.0,62.0,1537,0,0,0.000,0.0,0.0,16.025
2026-09-19T01:56:47Z,BDD7CD4F9A2AAC68,18.4,queries/tpch/tpch-queries/q14/v1_materialized.sql,measured,1,2,1,2,0.334203,0.167102,285.325,0.048878,0.026157,0.016432,9472,0,5.682556152343750000,5.166931152343750000,,,62.0,62.0,62.00,62.0,62.0,2025,0,0,0.000,0.0,0.0,17.003
2026-09-19T01:56:47Z,BDD7CD4F9A2AAC68,18.4,queries/tpch/tpch-queries/q14/v1_materialized.sql,measured,1,4,1,2,0.584377,0.146094,534.781,0.049596,0.034562,0.007699,9600,0,10.676513671875000000,9.828430175781250000,,,62.0,72.0,68.67,72.0,72.0,2350,0,0,0.000,0.0,0.0,18.270
2026-09-19T01:56:48Z,BDD7CD4F9A2AAC68,18.4,queries/tpch/tpch-queries/q14/v1_materialized.sql,measured,1,8,1,2,1.145828,0.143229,1058.698,0.087130,0.030457,0.016470,9472,0,20.879577636718750000,19.219360351562500000,,,72.0,77.0,74.50,77.0,77.0,2675,0,0,0.000,0.0,0.0,18.222
2026-09-19T01:56:51Z,BDD7CD4F9A2AAC68,18.4,queries/tpch/tpch-queries/q14/v1_materialized.sql,measured,1,16,1,2,2.139132,0.133696,2075.987,0.063145,0.033981,0.014704,9600,0,40.733276367187500000,37.565429687500000000,,,77.0,80.0,77.64,80.0,80.0,2793,0,0,0.000,0.0,0.0,19.042
