===== [1/159] queries/tpch/tpch-queries/q01/base.sql run_id=E78EE1CC52F14484 =====
query_runner configuration:
  QUERY_DIR         = queries/tpch/tpch-queries/q01/base.sql
  LOGS_DIR          = logs/warm_stepup/20260918T141724Z-9150d4  (query_timing_/query_samples_/query_catalog_tpch_idx.csv)
  DB_NAME / DB_USER = tpch_idx / postgres
  PGPORT            = 5434  (server reports 18.4)
  RUN_ID            = E78EE1CC52F14484
  WARMUP            = 2 single-copy warm-ups (the first primes the cache)
  BATCH_SIZES       = 1 2 4 8 16  x RUNS=1 measured batches each
  WORKERS           = (planner default)
  STATEMENT_TIMEOUT = 900
  THERMAL_EQUALISE  = off
  sensors           = pkg:/sys/class/hwmon/hwmon8/temp1_input cores:4 cpufreq:8 throttle:8/8
  SIGLESS_ADDR      = (disabled)
Found 1 query under queries/tpch/tpch-queries/q01/base.sql

Catalog snapshot: 37 relations -> logs/warm_stepup/20260918T141724Z-9150d4/query_catalog_tpch_idx.csv
[1/1] queries/tpch/tpch-queries/q01/base.sql (2 warmup + step-up 1 2 4 8 16 x1)
  warmup 1/2: 2.030691 sec (cache prime)
  warmup 2/2: 1.511456 sec
  N=1   batch 1/1: 1.480692 sec, 1 copy (server sum 1351.450 ms)
  N=2   batch 1/1: 2.806694 sec, 2 copies (server sum 2682.061 ms)
  N=4   batch 1/1: 5.717511 sec, 4 copies (server sum 5616.072 ms)
  N=8   batch 1/1: 12.304997 sec, 8 copies (server sum 12199.460 ms)
  N=16  batch 1/1: 26.171560 sec, 16 copies (server sum 25997.242 ms)
  done: 5 sizes x 1 run (0 failures)

Done. Batch rows appended to logs/warm_stepup/20260918T141724Z-9150d4/query_timing_tpch_idx.csv
Per-copy samples appended to logs/warm_stepup/20260918T141724Z-9150d4/query_samples_tpch_idx.csv
Relation sizes appended to logs/warm_stepup/20260918T141724Z-9150d4/query_catalog_tpch_idx.csv
Last batch ended at epoch 1789741101.664 (PREV_END_EPOCH for the next invocation)
===== [2/159] queries/tpch/tpch-queries/q21/base.sql run_id=3EFBCFB1E06034C4 =====
query_runner configuration:
  QUERY_DIR         = queries/tpch/tpch-queries/q21/base.sql
  LOGS_DIR          = logs/warm_stepup/20260918T141724Z-9150d4  (query_timing_/query_samples_/query_catalog_tpch_idx.csv)
  DB_NAME / DB_USER = tpch_idx / postgres
  PGPORT            = 5434  (server reports 18.4)
  RUN_ID            = 3EFBCFB1E06034C4
  WARMUP            = 2 single-copy warm-ups (the first primes the cache)
  BATCH_SIZES       = 1 2 4 8 16  x RUNS=1 measured batches each
  WORKERS           = (planner default)
  STATEMENT_TIMEOUT = 900
  THERMAL_EQUALISE  = off
  sensors           = pkg:/sys/class/hwmon/hwmon8/temp1_input cores:4 cpufreq:8 throttle:8/8
  SIGLESS_ADDR      = (disabled)
Found 1 query under queries/tpch/tpch-queries/q21/base.sql

[1/1] queries/tpch/tpch-queries/q21/base.sql (2 warmup + step-up 1 2 4 8 16 x1)
  warmup 1/2: 12.902508 sec (cache prime)
  warmup 2/2: 0.569588 sec
  N=1   batch 1/1: 0.533376 sec, 1 copy (server sum 466.595 ms)
  N=2   batch 1/1: 1.000555 sec, 2 copies (server sum 927.709 ms)
  N=4   batch 1/1: 1.907157 sec, 4 copies (server sum 1806.755 ms)
  N=8   batch 1/1: 3.812987 sec, 8 copies (server sum 3700.746 ms)
  N=16  batch 1/1: 7.278528 sec, 16 copies (server sum 7132.002 ms)
  done: 5 sizes x 1 run (0 failures)

Done. Batch rows appended to logs/warm_stepup/20260918T141724Z-9150d4/query_timing_tpch_idx.csv
Per-copy samples appended to logs/warm_stepup/20260918T141724Z-9150d4/query_samples_tpch_idx.csv
Last batch ended at epoch 1789741133.359 (PREV_END_EPOCH for the next invocation)
===== [3/159] queries/tpch/tpch-queries/q12/base.sql run_id=0C1289004BB3223F =====
query_runner configuration:
  QUERY_DIR         = queries/tpch/tpch-queries/q12/base.sql
  LOGS_DIR          = logs/warm_stepup/20260918T141724Z-9150d4  (query_timing_/query_samples_/query_catalog_tpch_idx.csv)
  DB_NAME / DB_USER = tpch_idx / postgres
  PGPORT            = 5434  (server reports 18.4)
  RUN_ID            = 0C1289004BB3223F
  WARMUP            = 2 single-copy warm-ups (the first primes the cache)
  BATCH_SIZES       = 1 2 4 8 16  x RUNS=1 measured batches each
  WORKERS           = (planner default)
  STATEMENT_TIMEOUT = 900
  THERMAL_EQUALISE  = off
  sensors           = pkg:/sys/class/hwmon/hwmon8/temp1_input cores:4 cpufreq:8 throttle:8/8
  SIGLESS_ADDR      = (disabled)
Found 1 query under queries/tpch/tpch-queries/q12/base.sql

[1/1] queries/tpch/tpch-queries/q12/base.sql (2 warmup + step-up 1 2 4 8 16 x1)
  warmup 1/2: 1.686300 sec (cache prime)
  warmup 2/2: 0.388195 sec
  N=1   batch 1/1: 0.377474 sec, 1 copy (server sum 295.773 ms)
  N=2   batch 1/1: 0.637033 sec, 2 copies (server sum 564.534 ms)
  N=4   batch 1/1: 1.179615 sec, 4 copies (server sum 1060.133 ms)
  N=8   batch 1/1: 2.206837 sec, 8 copies (server sum 2134.912 ms)
  N=16  batch 1/1: 4.404804 sec, 16 copies (server sum 4279.518 ms)
  done: 5 sizes x 1 run (0 failures)

Done. Batch rows appended to logs/warm_stepup/20260918T141724Z-9150d4/query_timing_tpch_idx.csv
Per-copy samples appended to logs/warm_stepup/20260918T141724Z-9150d4/query_samples_tpch_idx.csv
Last batch ended at epoch 1789741148.446 (PREV_END_EPOCH for the next invocation)
===== [4/159] queries/tpch/tpch-queries/q04/v2_in.sql run_id=8EB14C090827D2EB =====
query_runner configuration:
  QUERY_DIR         = queries/tpch/tpch-queries/q04/v2_in.sql
  LOGS_DIR          = logs/warm_stepup/20260918T141724Z-9150d4  (query_timing_/query_samples_/query_catalog_tpch_idx.csv)
  DB_NAME / DB_USER = tpch_idx / postgres
  PGPORT            = 5434  (server reports 18.4)
  RUN_ID            = 8EB14C090827D2EB
  WARMUP            = 2 single-copy warm-ups (the first primes the cache)
  BATCH_SIZES       = 1 2 4 8 16  x RUNS=1 measured batches each
  WORKERS           = (planner default)
  STATEMENT_TIMEOUT = 900
  THERMAL_EQUALISE  = off
  sensors           = pkg:/sys/class/hwmon/hwmon8/temp1_input cores:4 cpufreq:8 throttle:8/8
  SIGLESS_ADDR      = (disabled)
Found 1 query under queries/tpch/tpch-queries/q04/v2_in.sql

[1/1] queries/tpch/tpch-queries/q04/v2_in.sql (2 warmup + step-up 1 2 4 8 16 x1)
  warmup 1/2: 1.796307 sec (cache prime)
  warmup 2/2: 0.132783 sec
  N=1   batch 1/1: 0.146569 sec, 1 copy (server sum 92.480 ms)
  N=2   batch 1/1: 0.230322 sec, 2 copies (server sum 174.694 ms)
  N=4   batch 1/1: 0.454162 sec, 4 copies (server sum 341.280 ms)
  N=8   batch 1/1: 0.795234 sec, 8 copies (server sum 663.578 ms)
  N=16  batch 1/1: 1.453632 sec, 16 copies (server sum 1352.682 ms)
  done: 5 sizes x 1 run (0 failures)

Done. Batch rows appended to logs/warm_stepup/20260918T141724Z-9150d4/query_timing_tpch_idx.csv
Per-copy samples appended to logs/warm_stepup/20260918T141724Z-9150d4/query_samples_tpch_idx.csv
Last batch ended at epoch 1789741157.613 (PREV_END_EPOCH for the next invocation)
===== [5/159] queries/tpch/tpch-queries/q18/v2_join.sql run_id=293091D872340DE9 =====
query_runner configuration:
  QUERY_DIR         = queries/tpch/tpch-queries/q18/v2_join.sql
  LOGS_DIR          = logs/warm_stepup/20260918T141724Z-9150d4  (query_timing_/query_samples_/query_catalog_tpch_idx.csv)
  DB_NAME / DB_USER = tpch_idx / postgres
  PGPORT            = 5434  (server reports 18.4)
  RUN_ID            = 293091D872340DE9
  WARMUP            = 2 single-copy warm-ups (the first primes the cache)
  BATCH_SIZES       = 1 2 4 8 16  x RUNS=1 measured batches each
  WORKERS           = (planner default)
  STATEMENT_TIMEOUT = 900
  THERMAL_EQUALISE  = off
  sensors           = pkg:/sys/class/hwmon/hwmon8/temp1_input cores:4 cpufreq:8 throttle:8/8
  SIGLESS_ADDR      = (disabled)
Found 1 query under queries/tpch/tpch-queries/q18/v2_join.sql

[1/1] queries/tpch/tpch-queries/q18/v2_join.sql (2 warmup + step-up 1 2 4 8 16 x1)
  warmup 1/2: 5.209769 sec (cache prime)
  warmup 2/2: 4.528286 sec
  N=1   batch 1/1: 4.650289 sec, 1 copy (server sum 4576.512 ms)
  N=2   batch 1/1: 9.322587 sec, 2 copies (server sum 9222.065 ms)
  N=4   batch 1/1: 19.453091 sec, 4 copies (server sum 19366.039 ms)
  N=8   batch 1/1: 38.854734 sec, 8 copies (server sum 38730.361 ms)
  N=16  batch 1/1: 78.617273 sec, 16 copies (server sum 78501.344 ms)
  done: 5 sizes x 1 run (0 failures)

Done. Batch rows appended to logs/warm_stepup/20260918T141724Z-9150d4/query_timing_tpch_idx.csv
Per-copy samples appended to logs/warm_stepup/20260918T141724Z-9150d4/query_samples_tpch_idx.csv
Last batch ended at epoch 1789741322.678 (PREV_END_EPOCH for the next invocation)
===== [6/159] queries/tpch/tpch-queries/q16/v2_not_exists.sql run_id=8461D51DB30CA3D1 =====
query_runner configuration:
  QUERY_DIR         = queries/tpch/tpch-queries/q16/v2_not_exists.sql
  LOGS_DIR          = logs/warm_stepup/20260918T141724Z-9150d4  (query_timing_/query_samples_/query_catalog_tpch_idx.csv)
  DB_NAME / DB_USER = tpch_idx / postgres
  PGPORT            = 5434  (server reports 18.4)
  RUN_ID            = 8461D51DB30CA3D1
  WARMUP            = 2 single-copy warm-ups (the first primes the cache)
  BATCH_SIZES       = 1 2 4 8 16  x RUNS=1 measured batches each
  WORKERS           = (planner default)
  STATEMENT_TIMEOUT = 900
  THERMAL_EQUALISE  = off
  sensors           = pkg:/sys/class/hwmon/hwmon8/temp1_input cores:4 cpufreq:8 throttle:8/8
  SIGLESS_ADDR      = (disabled)
Found 1 query under queries/tpch/tpch-queries/q16/v2_not_exists.sql

[1/1] queries/tpch/tpch-queries/q16/v2_not_exists.sql (2 warmup + step-up 1 2 4 8 16 x1)
  warmup 1/2: 0.625983 sec (cache prime)
  warmup 2/2: 0.298018 sec
  N=1   batch 1/1: 0.270672 sec, 1 copy (server sum 210.315 ms)
  N=2   batch 1/1: 0.511380 sec, 2 copies (server sum 414.130 ms)
  N=4   batch 1/1: 0.913934 sec, 4 copies (server sum 856.663 ms)
  N=8   batch 1/1: 1.774071 sec, 8 copies (server sum 1703.979 ms)
  N=16  batch 1/1: 3.644800 sec, 16 copies (server sum 3590.516 ms)
  done: 5 sizes x 1 run (0 failures)

Done. Batch rows appended to logs/warm_stepup/20260918T141724Z-9150d4/query_timing_tpch_idx.csv
Per-copy samples appended to logs/warm_stepup/20260918T141724Z-9150d4/query_samples_tpch_idx.csv
Last batch ended at epoch 1789741335.267 (PREV_END_EPOCH for the next invocation)
===== [7/159] queries/tpch/tpch-queries/q13/v2_correlated.sql run_id=6A94EF4D0EA7B7EC =====
query_runner configuration:
  QUERY_DIR         = queries/tpch/tpch-queries/q13/v2_correlated.sql
  LOGS_DIR          = logs/warm_stepup/20260918T141724Z-9150d4  (query_timing_/query_samples_/query_catalog_tpch_idx.csv)
  DB_NAME / DB_USER = tpch_idx / postgres
  PGPORT            = 5434  (server reports 18.4)
  RUN_ID            = 6A94EF4D0EA7B7EC
  WARMUP            = 2 single-copy warm-ups (the first primes the cache)
  BATCH_SIZES       = 1 2 4 8 16  x RUNS=1 measured batches each
  WORKERS           = (planner default)
  STATEMENT_TIMEOUT = 900
  THERMAL_EQUALISE  = off
  sensors           = pkg:/sys/class/hwmon/hwmon8/temp1_input cores:4 cpufreq:8 throttle:8/8
  SIGLESS_ADDR      = (disabled)
Found 1 query under queries/tpch/tpch-queries/q13/v2_correlated.sql

[1/1] queries/tpch/tpch-queries/q13/v2_correlated.sql (2 warmup + step-up 1 2 4 8 16 x1)
  warmup 1/2: 4.675873 sec (cache prime)
  warmup 2/2: 2.074722 sec
  N=1   batch 1/1: 2.103930 sec, 1 copy (server sum 2054.451 ms)
  N=2   batch 1/1: 3.866008 sec, 2 copies (server sum 3812.687 ms)
  N=4   batch 1/1: 7.645635 sec, 4 copies (server sum 7597.139 ms)
  N=8   batch 1/1: 15.218043 sec, 8 copies (server sum 15158.269 ms)
  N=16  batch 1/1: 29.713281 sec, 16 copies (server sum 29627.330 ms)
  done: 5 sizes x 1 run (0 failures)

Done. Batch rows appended to logs/warm_stepup/20260918T141724Z-9150d4/query_timing_tpch_idx.csv
Per-copy samples appended to logs/warm_stepup/20260918T141724Z-9150d4/query_samples_tpch_idx.csv
Last batch ended at epoch 1789741404.664 (PREV_END_EPOCH for the next invocation)
===== [8/159] queries/tpch/tpch-queries/q05/v1_materialized.sql run_id=5D614A79A882300B =====
query_runner configuration:
  QUERY_DIR         = queries/tpch/tpch-queries/q05/v1_materialized.sql
  LOGS_DIR          = logs/warm_stepup/20260918T141724Z-9150d4  (query_timing_/query_samples_/query_catalog_tpch_idx.csv)
  DB_NAME / DB_USER = tpch_idx / postgres
  PGPORT            = 5434  (server reports 18.4)
  RUN_ID            = 5D614A79A882300B
  WARMUP            = 2 single-copy warm-ups (the first primes the cache)
  BATCH_SIZES       = 1 2 4 8 16  x RUNS=1 measured batches each
  WORKERS           = (planner default)
  STATEMENT_TIMEOUT = 900
  THERMAL_EQUALISE  = off
  sensors           = pkg:/sys/class/hwmon/hwmon8/temp1_input cores:4 cpufreq:8 throttle:8/8
  SIGLESS_ADDR      = (disabled)
Found 1 query under queries/tpch/tpch-queries/q05/v1_materialized.sql

[1/1] queries/tpch/tpch-queries/q05/v1_materialized.sql (2 warmup + step-up 1 2 4 8 16 x1)
  warmup 1/2: 6.131234 sec (cache prime)
  warmup 2/2: 0.318661 sec
  N=1   batch 1/1: 0.316487 sec, 1 copy (server sum 254.103 ms)
  N=2   batch 1/1: 0.569072 sec, 2 copies (server sum 491.552 ms)
  N=4   batch 1/1: 1.015812 sec, 4 copies (server sum 956.260 ms)
  N=8   batch 1/1: 1.991788 sec, 8 copies (server sum 1871.761 ms)
  N=16  batch 1/1: 3.826134 sec, 16 copies (server sum 3701.112 ms)
  done: 5 sizes x 1 run (0 failures)

Done. Batch rows appended to logs/warm_stepup/20260918T141724Z-9150d4/query_timing_tpch_idx.csv
Per-copy samples appended to logs/warm_stepup/20260918T141724Z-9150d4/query_samples_tpch_idx.csv
Last batch ended at epoch 1789741422.804 (PREV_END_EPOCH for the next invocation)
===== [9/159] queries/tpch/tpch-queries/q22/v2_anti_join.sql run_id=B64FE84B06ADA7CF =====
query_runner configuration:
  QUERY_DIR         = queries/tpch/tpch-queries/q22/v2_anti_join.sql
  LOGS_DIR          = logs/warm_stepup/20260918T141724Z-9150d4  (query_timing_/query_samples_/query_catalog_tpch_idx.csv)
  DB_NAME / DB_USER = tpch_idx / postgres
  PGPORT            = 5434  (server reports 18.4)
  RUN_ID            = B64FE84B06ADA7CF
  WARMUP            = 2 single-copy warm-ups (the first primes the cache)
  BATCH_SIZES       = 1 2 4 8 16  x RUNS=1 measured batches each
  WORKERS           = (planner default)
  STATEMENT_TIMEOUT = 900
  THERMAL_EQUALISE  = off
  sensors           = pkg:/sys/class/hwmon/hwmon8/temp1_input cores:4 cpufreq:8 throttle:8/8
  SIGLESS_ADDR      = (disabled)
Found 1 query under queries/tpch/tpch-queries/q22/v2_anti_join.sql

[1/1] queries/tpch/tpch-queries/q22/v2_anti_join.sql (2 warmup + step-up 1 2 4 8 16 x1)
  warmup 1/2: 0.514203 sec (cache prime)
  warmup 2/2: 0.178223 sec
  N=1   batch 1/1: 0.144799 sec, 1 copy (server sum 104.907 ms)
  N=2   batch 1/1: 0.274064 sec, 2 copies (server sum 206.908 ms)
  N=4   batch 1/1: 0.516624 sec, 4 copies (server sum 401.029 ms)
  N=8   batch 1/1: 0.883400 sec, 8 copies (server sum 768.421 ms)
  N=16  batch 1/1: 1.672822 sec, 16 copies (server sum 1526.834 ms)
  done: 5 sizes x 1 run (0 failures)

Done. Batch rows appended to logs/warm_stepup/20260918T141724Z-9150d4/query_timing_tpch_idx.csv
Per-copy samples appended to logs/warm_stepup/20260918T141724Z-9150d4/query_samples_tpch_idx.csv
Last batch ended at epoch 1789741431.175 (PREV_END_EPOCH for the next invocation)
===== [10/159] queries/tpch/tpch-queries/q02/v2_decorrelate.sql run_id=9F1D0CE293E71C41 =====
query_runner configuration:
  QUERY_DIR         = queries/tpch/tpch-queries/q02/v2_decorrelate.sql
  LOGS_DIR          = logs/warm_stepup/20260918T141724Z-9150d4  (query_timing_/query_samples_/query_catalog_tpch_idx.csv)
  DB_NAME / DB_USER = tpch_idx / postgres
  PGPORT            = 5434  (server reports 18.4)
  RUN_ID            = 9F1D0CE293E71C41
  WARMUP            = 2 single-copy warm-ups (the first primes the cache)
  BATCH_SIZES       = 1 2 4 8 16  x RUNS=1 measured batches each
  WORKERS           = (planner default)
  STATEMENT_TIMEOUT = 900
  THERMAL_EQUALISE  = off
  sensors           = pkg:/sys/class/hwmon/hwmon8/temp1_input cores:4 cpufreq:8 throttle:8/8
  SIGLESS_ADDR      = (disabled)
Found 1 query under queries/tpch/tpch-queries/q02/v2_decorrelate.sql

[1/1] queries/tpch/tpch-queries/q02/v2_decorrelate.sql (2 warmup + step-up 1 2 4 8 16 x1)
  warmup 1/2: 2.476877 sec (cache prime)
  warmup 2/2: 0.304321 sec
  N=1   batch 1/1: 0.271375 sec, 1 copy (server sum 204.904 ms)
  N=2   batch 1/1: 0.467966 sec, 2 copies (server sum 407.003 ms)
  N=4   batch 1/1: 0.871112 sec, 4 copies (server sum 795.780 ms)
  N=8   batch 1/1: 1.624911 sec, 8 copies (server sum 1529.710 ms)
  N=16  batch 1/1: 3.029106 sec, 16 copies (server sum 2925.538 ms)
  done: 5 sizes x 1 run (0 failures)

Done. Batch rows appended to logs/warm_stepup/20260918T141724Z-9150d4/query_timing_tpch_idx.csv
Per-copy samples appended to logs/warm_stepup/20260918T141724Z-9150d4/query_samples_tpch_idx.csv
Last batch ended at epoch 1789741444.620 (PREV_END_EPOCH for the next invocation)
===== [11/159] queries/tpch/tpch-queries/q15/v1_materialized.sql run_id=988EEAF85F9FD051 =====
query_runner configuration:
  QUERY_DIR         = queries/tpch/tpch-queries/q15/v1_materialized.sql
  LOGS_DIR          = logs/warm_stepup/20260918T141724Z-9150d4  (query_timing_/query_samples_/query_catalog_tpch_idx.csv)
  DB_NAME / DB_USER = tpch_idx / postgres
  PGPORT            = 5434  (server reports 18.4)
  RUN_ID            = 988EEAF85F9FD051
  WARMUP            = 2 single-copy warm-ups (the first primes the cache)
  BATCH_SIZES       = 1 2 4 8 16  x RUNS=1 measured batches each
  WORKERS           = (planner default)
  STATEMENT_TIMEOUT = 900
  THERMAL_EQUALISE  = off
  sensors           = pkg:/sys/class/hwmon/hwmon8/temp1_input cores:4 cpufreq:8 throttle:8/8
  SIGLESS_ADDR      = (disabled)
Found 1 query under queries/tpch/tpch-queries/q15/v1_materialized.sql

[1/1] queries/tpch/tpch-queries/q15/v1_materialized.sql (2 warmup + step-up 1 2 4 8 16 x1)
  warmup 1/2: 2.115993 sec (cache prime)
  warmup 2/2: 0.340506 sec
  N=1   batch 1/1: 0.326519 sec, 1 copy (server sum 258.419 ms)
  N=2   batch 1/1: 0.505627 sec, 2 copies (server sum 462.530 ms)
  N=4   batch 1/1: 0.925383 sec, 4 copies (server sum 861.858 ms)
  N=8   batch 1/1: 1.668161 sec, 8 copies (server sum 1620.558 ms)
  N=16  batch 1/1: 3.239602 sec, 16 copies (server sum 3168.263 ms)
  done: 5 sizes x 1 run (0 failures)

Done. Batch rows appended to logs/warm_stepup/20260918T141724Z-9150d4/query_timing_tpch_idx.csv
Per-copy samples appended to logs/warm_stepup/20260918T141724Z-9150d4/query_samples_tpch_idx.csv
Last batch ended at epoch 1789741457.845 (PREV_END_EPOCH for the next invocation)
===== [12/159] queries/tpch/tpch-queries/q22/base.sql run_id=E76CD8BCFEFE76D4 =====
query_runner configuration:
  QUERY_DIR         = queries/tpch/tpch-queries/q22/base.sql
  LOGS_DIR          = logs/warm_stepup/20260918T141724Z-9150d4  (query_timing_/query_samples_/query_catalog_tpch_idx.csv)
  DB_NAME / DB_USER = tpch_idx / postgres
  PGPORT            = 5434  (server reports 18.4)
  RUN_ID            = E76CD8BCFEFE76D4
  WARMUP            = 2 single-copy warm-ups (the first primes the cache)
  BATCH_SIZES       = 1 2 4 8 16  x RUNS=1 measured batches each
  WORKERS           = (planner default)
  STATEMENT_TIMEOUT = 900
  THERMAL_EQUALISE  = off
  sensors           = pkg:/sys/class/hwmon/hwmon8/temp1_input cores:4 cpufreq:8 throttle:8/8
  SIGLESS_ADDR      = (disabled)
Found 1 query under queries/tpch/tpch-queries/q22/base.sql

[1/1] queries/tpch/tpch-queries/q22/base.sql (2 warmup + step-up 1 2 4 8 16 x1)
  warmup 1/2: 0.326713 sec (cache prime)
  warmup 2/2: 0.138590 sec
  N=1   batch 1/1: 0.142080 sec, 1 copy (server sum 52.477 ms)
  N=2   batch 1/1: 0.190203 sec, 2 copies (server sum 111.489 ms)
  N=4   batch 1/1: 0.255919 sec, 4 copies (server sum 213.791 ms)
  N=8   batch 1/1: 0.521781 sec, 8 copies (server sum 426.195 ms)
  N=16  batch 1/1: 0.940652 sec, 16 copies (server sum 831.148 ms)
  done: 5 sizes x 1 run (0 failures)

Done. Batch rows appended to logs/warm_stepup/20260918T141724Z-9150d4/query_timing_tpch_idx.csv
Per-copy samples appended to logs/warm_stepup/20260918T141724Z-9150d4/query_samples_tpch_idx.csv
Last batch ended at epoch 1789741464.343 (PREV_END_EPOCH for the next invocation)
===== [13/159] queries/tpch/tpch-queries/q07/base.sql run_id=7D39AF669F26FD1C =====
query_runner configuration:
  QUERY_DIR         = queries/tpch/tpch-queries/q07/base.sql
  LOGS_DIR          = logs/warm_stepup/20260918T141724Z-9150d4  (query_timing_/query_samples_/query_catalog_tpch_idx.csv)
  DB_NAME / DB_USER = tpch_idx / postgres
  PGPORT            = 5434  (server reports 18.4)
  RUN_ID            = 7D39AF669F26FD1C
  WARMUP            = 2 single-copy warm-ups (the first primes the cache)
  BATCH_SIZES       = 1 2 4 8 16  x RUNS=1 measured batches each
  WORKERS           = (planner default)
  STATEMENT_TIMEOUT = 900
  THERMAL_EQUALISE  = off
  sensors           = pkg:/sys/class/hwmon/hwmon8/temp1_input cores:4 cpufreq:8 throttle:8/8
  SIGLESS_ADDR      = (disabled)
Found 1 query under queries/tpch/tpch-queries/q07/base.sql

[1/1] queries/tpch/tpch-queries/q07/base.sql (2 warmup + step-up 1 2 4 8 16 x1)
  warmup 1/2: 12.103684 sec (cache prime)
  warmup 2/2: 0.675397 sec
  N=1   batch 1/1: 0.704501 sec, 1 copy (server sum 617.139 ms)
  N=2   batch 1/1: 1.266868 sec, 2 copies (server sum 1198.176 ms)
  N=4   batch 1/1: 2.509455 sec, 4 copies (server sum 2410.550 ms)
  N=8   batch 1/1: 4.772240 sec, 8 copies (server sum 4691.128 ms)
  N=16  batch 1/1: 9.462865 sec, 16 copies (server sum 9364.658 ms)
  done: 5 sizes x 1 run (0 failures)

Done. Batch rows appended to logs/warm_stepup/20260918T141724Z-9150d4/query_timing_tpch_idx.csv
Per-copy samples appended to logs/warm_stepup/20260918T141724Z-9150d4/query_samples_tpch_idx.csv
Last batch ended at epoch 1789741499.936 (PREV_END_EPOCH for the next invocation)
===== [14/159] queries/tpch/tpch-queries/q10/base.sql run_id=7CBB5FC9D69B78A6 =====
query_runner configuration:
  QUERY_DIR         = queries/tpch/tpch-queries/q10/base.sql
  LOGS_DIR          = logs/warm_stepup/20260918T141724Z-9150d4  (query_timing_/query_samples_/query_catalog_tpch_idx.csv)
  DB_NAME / DB_USER = tpch_idx / postgres
  PGPORT            = 5434  (server reports 18.4)
  RUN_ID            = 7CBB5FC9D69B78A6
  WARMUP            = 2 single-copy warm-ups (the first primes the cache)
  BATCH_SIZES       = 1 2 4 8 16  x RUNS=1 measured batches each
  WORKERS           = (planner default)
  STATEMENT_TIMEOUT = 900
  THERMAL_EQUALISE  = off
  sensors           = pkg:/sys/class/hwmon/hwmon8/temp1_input cores:4 cpufreq:8 throttle:8/8
  SIGLESS_ADDR      = (disabled)
Found 1 query under queries/tpch/tpch-queries/q10/base.sql

[1/1] queries/tpch/tpch-queries/q10/base.sql (2 warmup + step-up 1 2 4 8 16 x1)
  warmup 1/2: 2.441573 sec (cache prime)
  warmup 2/2: 0.362273 sec
  N=1   batch 1/1: 0.349799 sec, 1 copy (server sum 297.194 ms)
  N=2   batch 1/1: 0.600460 sec, 2 copies (server sum 558.229 ms)
  N=4   batch 1/1: 1.172389 sec, 4 copies (server sum 1078.376 ms)
  N=8   batch 1/1: 2.189854 sec, 8 copies (server sum 2120.032 ms)
  N=16  batch 1/1: 4.334951 sec, 16 copies (server sum 4238.036 ms)
  done: 5 sizes x 1 run (0 failures)

Done. Batch rows appended to logs/warm_stepup/20260918T141724Z-9150d4/query_timing_tpch_idx.csv
Per-copy samples appended to logs/warm_stepup/20260918T141724Z-9150d4/query_samples_tpch_idx.csv
Last batch ended at epoch 1789741515.616 (PREV_END_EPOCH for the next invocation)
===== [15/159] queries/tpch/tpch-queries/q08/v2_filter.sql run_id=CFF26E64EE31D6AF =====
query_runner configuration:
  QUERY_DIR         = queries/tpch/tpch-queries/q08/v2_filter.sql
  LOGS_DIR          = logs/warm_stepup/20260918T141724Z-9150d4  (query_timing_/query_samples_/query_catalog_tpch_idx.csv)
  DB_NAME / DB_USER = tpch_idx / postgres
  PGPORT            = 5434  (server reports 18.4)
  RUN_ID            = CFF26E64EE31D6AF
  WARMUP            = 2 single-copy warm-ups (the first primes the cache)
  BATCH_SIZES       = 1 2 4 8 16  x RUNS=1 measured batches each
  WORKERS           = (planner default)
  STATEMENT_TIMEOUT = 900
  THERMAL_EQUALISE  = off
  sensors           = pkg:/sys/class/hwmon/hwmon8/temp1_input cores:4 cpufreq:8 throttle:8/8
  SIGLESS_ADDR      = (disabled)
Found 1 query under queries/tpch/tpch-queries/q08/v2_filter.sql

[1/1] queries/tpch/tpch-queries/q08/v2_filter.sql (2 warmup + step-up 1 2 4 8 16 x1)
  warmup 1/2: 6.306128 sec (cache prime)
  warmup 2/2: 0.191063 sec
  N=1   batch 1/1: 0.177102 sec, 1 copy (server sum 130.434 ms)
  N=2   batch 1/1: 0.293220 sec, 2 copies (server sum 245.644 ms)
  N=4   batch 1/1: 0.581423 sec, 4 copies (server sum 484.845 ms)
  N=8   batch 1/1: 1.053710 sec, 8 copies (server sum 957.265 ms)
  N=16  batch 1/1: 2.014633 sec, 16 copies (server sum 1877.110 ms)
  done: 5 sizes x 1 run (0 failures)

Done. Batch rows appended to logs/warm_stepup/20260918T141724Z-9150d4/query_timing_tpch_idx.csv
Per-copy samples appended to logs/warm_stepup/20260918T141724Z-9150d4/query_samples_tpch_idx.csv
Last batch ended at epoch 1789741530.392 (PREV_END_EPOCH for the next invocation)
===== [16/159] queries/tpch/tpch-queries/q22/v1_materialized.sql run_id=F101410B42803602 =====
query_runner configuration:
  QUERY_DIR         = queries/tpch/tpch-queries/q22/v1_materialized.sql
  LOGS_DIR          = logs/warm_stepup/20260918T141724Z-9150d4  (query_timing_/query_samples_/query_catalog_tpch_idx.csv)
  DB_NAME / DB_USER = tpch_idx / postgres
  PGPORT            = 5434  (server reports 18.4)
  RUN_ID            = F101410B42803602
  WARMUP            = 2 single-copy warm-ups (the first primes the cache)
  BATCH_SIZES       = 1 2 4 8 16  x RUNS=1 measured batches each
  WORKERS           = (planner default)
  STATEMENT_TIMEOUT = 900
  THERMAL_EQUALISE  = off
  sensors           = pkg:/sys/class/hwmon/hwmon8/temp1_input cores:4 cpufreq:8 throttle:8/8
  SIGLESS_ADDR      = (disabled)
Found 1 query under queries/tpch/tpch-queries/q22/v1_materialized.sql

[1/1] queries/tpch/tpch-queries/q22/v1_materialized.sql (2 warmup + step-up 1 2 4 8 16 x1)
  warmup 1/2: 0.333774 sec (cache prime)
  warmup 2/2: 0.157982 sec
  N=1   batch 1/1: 0.107135 sec, 1 copy (server sum 52.484 ms)
  N=2   batch 1/1: 0.210558 sec, 2 copies (server sum 112.911 ms)
  N=4   batch 1/1: 0.305794 sec, 4 copies (server sum 206.011 ms)
  N=8   batch 1/1: 0.517337 sec, 8 copies (server sum 422.882 ms)
  N=16  batch 1/1: 1.028920 sec, 16 copies (server sum 920.797 ms)
  done: 5 sizes x 1 run (0 failures)

Done. Batch rows appended to logs/warm_stepup/20260918T141724Z-9150d4/query_timing_tpch_idx.csv
Per-copy samples appended to logs/warm_stepup/20260918T141724Z-9150d4/query_samples_tpch_idx.csv
Last batch ended at epoch 1789741537.383 (PREV_END_EPOCH for the next invocation)
===== [17/159] queries/tpch/tpch-queries/q09/v1_materialized.sql run_id=D6EDA8551BE653C9 =====
query_runner configuration:
  QUERY_DIR         = queries/tpch/tpch-queries/q09/v1_materialized.sql
  LOGS_DIR          = logs/warm_stepup/20260918T141724Z-9150d4  (query_timing_/query_samples_/query_catalog_tpch_idx.csv)
  DB_NAME / DB_USER = tpch_idx / postgres
  PGPORT            = 5434  (server reports 18.4)
  RUN_ID            = D6EDA8551BE653C9
  WARMUP            = 2 single-copy warm-ups (the first primes the cache)
  BATCH_SIZES       = 1 2 4 8 16  x RUNS=1 measured batches each
  WORKERS           = (planner default)
  STATEMENT_TIMEOUT = 900
  THERMAL_EQUALISE  = off
  sensors           = pkg:/sys/class/hwmon/hwmon8/temp1_input cores:4 cpufreq:8 throttle:8/8
  SIGLESS_ADDR      = (disabled)
Found 1 query under queries/tpch/tpch-queries/q09/v1_materialized.sql

[1/1] queries/tpch/tpch-queries/q09/v1_materialized.sql (2 warmup + step-up 1 2 4 8 16 x1)
  warmup 1/2: 8.719760 sec (cache prime)
  warmup 2/2: 1.101018 sec
  N=1   batch 1/1: 1.082027 sec, 1 copy (server sum 1028.942 ms)
  N=2   batch 1/1: 2.085395 sec, 2 copies (server sum 2033.822 ms)
  N=4   batch 1/1: 4.131700 sec, 4 copies (server sum 4040.295 ms)
  N=8   batch 1/1: 8.139823 sec, 8 copies (server sum 8058.727 ms)
  N=16  batch 1/1: 16.228314 sec, 16 copies (server sum 16138.568 ms)
  done: 5 sizes x 1 run (0 failures)

Done. Batch rows appended to logs/warm_stepup/20260918T141724Z-9150d4/query_timing_tpch_idx.csv
Per-copy samples appended to logs/warm_stepup/20260918T141724Z-9150d4/query_samples_tpch_idx.csv
Last batch ended at epoch 1789741582.863 (PREV_END_EPOCH for the next invocation)
===== [18/159] queries/tpch/tpch-queries/q07/v1_materialized.sql run_id=415702E991DCE834 =====
query_runner configuration:
  QUERY_DIR         = queries/tpch/tpch-queries/q07/v1_materialized.sql
  LOGS_DIR          = logs/warm_stepup/20260918T141724Z-9150d4  (query_timing_/query_samples_/query_catalog_tpch_idx.csv)
  DB_NAME / DB_USER = tpch_idx / postgres
  PGPORT            = 5434  (server reports 18.4)
  RUN_ID            = 415702E991DCE834
  WARMUP            = 2 single-copy warm-ups (the first primes the cache)
  BATCH_SIZES       = 1 2 4 8 16  x RUNS=1 measured batches each
  WORKERS           = (planner default)
  STATEMENT_TIMEOUT = 900
  THERMAL_EQUALISE  = off
  sensors           = pkg:/sys/class/hwmon/hwmon8/temp1_input cores:4 cpufreq:8 throttle:8/8
  SIGLESS_ADDR      = (disabled)
Found 1 query under queries/tpch/tpch-queries/q07/v1_materialized.sql

[1/1] queries/tpch/tpch-queries/q07/v1_materialized.sql (2 warmup + step-up 1 2 4 8 16 x1)
  warmup 1/2: 12.627131 sec (cache prime)
  warmup 2/2: 0.696199 sec
  N=1   batch 1/1: 0.674143 sec, 1 copy (server sum 613.003 ms)
  N=2   batch 1/1: 1.274647 sec, 2 copies (server sum 1210.911 ms)
  N=4   batch 1/1: 2.488339 sec, 4 copies (server sum 2393.867 ms)
  N=8   batch 1/1: 4.834190 sec, 8 copies (server sum 4755.291 ms)
  N=16  batch 1/1: 9.547419 sec, 16 copies (server sum 9442.011 ms)
  done: 5 sizes x 1 run (0 failures)

Done. Batch rows appended to logs/warm_stepup/20260918T141724Z-9150d4/query_timing_tpch_idx.csv
Per-copy samples appended to logs/warm_stepup/20260918T141724Z-9150d4/query_samples_tpch_idx.csv
Last batch ended at epoch 1789741619.746 (PREV_END_EPOCH for the next invocation)
===== [19/159] queries/tpch/tpch-queries/q21/v1_materialized.sql run_id=41852090DF5FAB8E =====
query_runner configuration:
  QUERY_DIR         = queries/tpch/tpch-queries/q21/v1_materialized.sql
  LOGS_DIR          = logs/warm_stepup/20260918T141724Z-9150d4  (query_timing_/query_samples_/query_catalog_tpch_idx.csv)
  DB_NAME / DB_USER = tpch_idx / postgres
  PGPORT            = 5434  (server reports 18.4)
  RUN_ID            = 41852090DF5FAB8E
  WARMUP            = 2 single-copy warm-ups (the first primes the cache)
  BATCH_SIZES       = 1 2 4 8 16  x RUNS=1 measured batches each
  WORKERS           = (planner default)
  STATEMENT_TIMEOUT = 900
  THERMAL_EQUALISE  = off
  sensors           = pkg:/sys/class/hwmon/hwmon8/temp1_input cores:4 cpufreq:8 throttle:8/8
  SIGLESS_ADDR      = (disabled)
Found 1 query under queries/tpch/tpch-queries/q21/v1_materialized.sql

[1/1] queries/tpch/tpch-queries/q21/v1_materialized.sql (2 warmup + step-up 1 2 4 8 16 x1)
  warmup 1/2: 11.829150 sec (cache prime)
  warmup 2/2: 0.560406 sec
  N=1   batch 1/1: 0.509817 sec, 1 copy (server sum 462.527 ms)
  N=2   batch 1/1: 1.088745 sec, 2 copies (server sum 967.338 ms)
  N=4   batch 1/1: 1.974375 sec, 4 copies (server sum 1857.971 ms)
  N=8   batch 1/1: 3.636154 sec, 8 copies (server sum 3555.959 ms)
  N=16  batch 1/1: 7.253755 sec, 16 copies (server sum 7105.576 ms)
  done: 5 sizes x 1 run (0 failures)

Done. Batch rows appended to logs/warm_stepup/20260918T141724Z-9150d4/query_timing_tpch_idx.csv
Per-copy samples appended to logs/warm_stepup/20260918T141724Z-9150d4/query_samples_tpch_idx.csv
Last batch ended at epoch 1789741651.131 (PREV_END_EPOCH for the next invocation)
===== [20/159] queries/tpch/tpch-queries/q15/base.sql run_id=7AAE594777FF8A6F =====
query_runner configuration:
  QUERY_DIR         = queries/tpch/tpch-queries/q15/base.sql
  LOGS_DIR          = logs/warm_stepup/20260918T141724Z-9150d4  (query_timing_/query_samples_/query_catalog_tpch_idx.csv)
  DB_NAME / DB_USER = tpch_idx / postgres
  PGPORT            = 5434  (server reports 18.4)
  RUN_ID            = 7AAE594777FF8A6F
  WARMUP            = 2 single-copy warm-ups (the first primes the cache)
  BATCH_SIZES       = 1 2 4 8 16  x RUNS=1 measured batches each
  WORKERS           = (planner default)
  STATEMENT_TIMEOUT = 900
  THERMAL_EQUALISE  = off
  sensors           = pkg:/sys/class/hwmon/hwmon8/temp1_input cores:4 cpufreq:8 throttle:8/8
  SIGLESS_ADDR      = (disabled)
Found 1 query under queries/tpch/tpch-queries/q15/base.sql

[1/1] queries/tpch/tpch-queries/q15/base.sql (2 warmup + step-up 1 2 4 8 16 x1)
  warmup 1/2: 2.080122 sec (cache prime)
  warmup 2/2: 0.349144 sec
  N=1   batch 1/1: 0.300171 sec, 1 copy (server sum 258.607 ms)
  N=2   batch 1/1: 0.560206 sec, 2 copies (server sum 462.520 ms)
  N=4   batch 1/1: 0.910604 sec, 4 copies (server sum 862.621 ms)
  N=8   batch 1/1: 1.701972 sec, 8 copies (server sum 1634.918 ms)
  N=16  batch 1/1: 3.300171 sec, 16 copies (server sum 3184.472 ms)
  done: 5 sizes x 1 run (0 failures)

Done. Batch rows appended to logs/warm_stepup/20260918T141724Z-9150d4/query_timing_tpch_idx.csv
Per-copy samples appended to logs/warm_stepup/20260918T141724Z-9150d4/query_samples_tpch_idx.csv
Last batch ended at epoch 1789741664.704 (PREV_END_EPOCH for the next invocation)
===== [21/159] queries/tpch/tpch-queries/q21/v1_materialized.sql run_id=73C27EF10FA0BCF4 =====
query_runner configuration:
  QUERY_DIR         = queries/tpch/tpch-queries/q21/v1_materialized.sql
  LOGS_DIR          = logs/warm_stepup/20260918T141724Z-9150d4  (query_timing_/query_samples_/query_catalog_tpch_idx.csv)
  DB_NAME / DB_USER = tpch_idx / postgres
  PGPORT            = 5434  (server reports 18.4)
  RUN_ID            = 73C27EF10FA0BCF4
  WARMUP            = 2 single-copy warm-ups (the first primes the cache)
  BATCH_SIZES       = 1 2 4 8 16  x RUNS=1 measured batches each
  WORKERS           = (planner default)
  STATEMENT_TIMEOUT = 900
  THERMAL_EQUALISE  = off
  sensors           = pkg:/sys/class/hwmon/hwmon8/temp1_input cores:4 cpufreq:8 throttle:8/8
  SIGLESS_ADDR      = (disabled)
Found 1 query under queries/tpch/tpch-queries/q21/v1_materialized.sql

[1/1] queries/tpch/tpch-queries/q21/v1_materialized.sql (2 warmup + step-up 1 2 4 8 16 x1)
  warmup 1/2: 13.050491 sec (cache prime)
  warmup 2/2: 0.559290 sec
  N=1   batch 1/1: 0.600732 sec, 1 copy (server sum 462.977 ms)
  N=2   batch 1/1: 1.023092 sec, 2 copies (server sum 922.579 ms)
  N=4   batch 1/1: 1.967114 sec, 4 copies (server sum 1837.899 ms)
  N=8   batch 1/1: 3.647269 sec, 8 copies (server sum 3575.485 ms)
  N=16  batch 1/1: 7.270022 sec, 16 copies (server sum 7122.460 ms)
  done: 5 sizes x 1 run (0 failures)

Done. Batch rows appended to logs/warm_stepup/20260918T141724Z-9150d4/query_timing_tpch_idx.csv
Per-copy samples appended to logs/warm_stepup/20260918T141724Z-9150d4/query_samples_tpch_idx.csv
Last batch ended at epoch 1789741697.129 (PREV_END_EPOCH for the next invocation)
===== [22/159] queries/tpch/tpch-queries/q07/v2_union_all.sql run_id=3D3BBDA3806A9AE9 =====
query_runner configuration:
  QUERY_DIR         = queries/tpch/tpch-queries/q07/v2_union_all.sql
  LOGS_DIR          = logs/warm_stepup/20260918T141724Z-9150d4  (query_timing_/query_samples_/query_catalog_tpch_idx.csv)
  DB_NAME / DB_USER = tpch_idx / postgres
  PGPORT            = 5434  (server reports 18.4)
  RUN_ID            = 3D3BBDA3806A9AE9
  WARMUP            = 2 single-copy warm-ups (the first primes the cache)
  BATCH_SIZES       = 1 2 4 8 16  x RUNS=1 measured batches each
  WORKERS           = (planner default)
  STATEMENT_TIMEOUT = 900
  THERMAL_EQUALISE  = off
  sensors           = pkg:/sys/class/hwmon/hwmon8/temp1_input cores:4 cpufreq:8 throttle:8/8
  SIGLESS_ADDR      = (disabled)
Found 1 query under queries/tpch/tpch-queries/q07/v2_union_all.sql

[1/1] queries/tpch/tpch-queries/q07/v2_union_all.sql (2 warmup + step-up 1 2 4 8 16 x1)
  warmup 1/2: 8.524956 sec (cache prime)
  warmup 2/2: 0.652681 sec
  N=1   batch 1/1: 0.681981 sec, 1 copy (server sum 584.158 ms)
  N=2   batch 1/1: 1.241322 sec, 2 copies (server sum 1157.977 ms)
  N=4   batch 1/1: 2.376519 sec, 4 copies (server sum 2278.267 ms)
  N=8   batch 1/1: 4.665300 sec, 8 copies (server sum 4600.385 ms)
  N=16  batch 1/1: 9.172724 sec, 16 copies (server sum 9041.704 ms)
  done: 5 sizes x 1 run (0 failures)

Done. Batch rows appended to logs/warm_stepup/20260918T141724Z-9150d4/query_timing_tpch_idx.csv
Per-copy samples appended to logs/warm_stepup/20260918T141724Z-9150d4/query_samples_tpch_idx.csv
Last batch ended at epoch 1789741728.927 (PREV_END_EPOCH for the next invocation)
===== [23/159] queries/tpch/tpch-queries/q18/v2_join.sql run_id=5A877D2472D4E908 =====
query_runner configuration:
  QUERY_DIR         = queries/tpch/tpch-queries/q18/v2_join.sql
  LOGS_DIR          = logs/warm_stepup/20260918T141724Z-9150d4  (query_timing_/query_samples_/query_catalog_tpch_idx.csv)
  DB_NAME / DB_USER = tpch_idx / postgres
  PGPORT            = 5434  (server reports 18.4)
  RUN_ID            = 5A877D2472D4E908
  WARMUP            = 2 single-copy warm-ups (the first primes the cache)
  BATCH_SIZES       = 1 2 4 8 16  x RUNS=1 measured batches each
  WORKERS           = (planner default)
  STATEMENT_TIMEOUT = 900
  THERMAL_EQUALISE  = off
  sensors           = pkg:/sys/class/hwmon/hwmon8/temp1_input cores:4 cpufreq:8 throttle:8/8
  SIGLESS_ADDR      = (disabled)
Found 1 query under queries/tpch/tpch-queries/q18/v2_join.sql

[1/1] queries/tpch/tpch-queries/q18/v2_join.sql (2 warmup + step-up 1 2 4 8 16 x1)
  warmup 1/2: 5.361765 sec (cache prime)
  warmup 2/2: 4.473236 sec
  N=1   batch 1/1: 4.689504 sec, 1 copy (server sum 4586.900 ms)
  N=2   batch 1/1: 11.705036 sec, 2 copies (server sum 11599.098 ms)
  N=4   batch 1/1: 19.016459 sec, 4 copies (server sum 18934.036 ms)
  N=8   batch 1/1: 39.438283 sec, 8 copies (server sum 39332.195 ms)
  N=16  batch 1/1: 78.889969 sec, 16 copies (server sum 78780.005 ms)
  done: 5 sizes x 1 run (0 failures)

Done. Batch rows appended to logs/warm_stepup/20260918T141724Z-9150d4/query_timing_tpch_idx.csv
Per-copy samples appended to logs/warm_stepup/20260918T141724Z-9150d4/query_samples_tpch_idx.csv
Last batch ended at epoch 1789741896.655 (PREV_END_EPOCH for the next invocation)
===== [24/159] queries/tpch/tpch-queries/q21/base.sql run_id=754170C0676A282D =====
query_runner configuration:
  QUERY_DIR         = queries/tpch/tpch-queries/q21/base.sql
  LOGS_DIR          = logs/warm_stepup/20260918T141724Z-9150d4  (query_timing_/query_samples_/query_catalog_tpch_idx.csv)
  DB_NAME / DB_USER = tpch_idx / postgres
  PGPORT            = 5434  (server reports 18.4)
  RUN_ID            = 754170C0676A282D
  WARMUP            = 2 single-copy warm-ups (the first primes the cache)
  BATCH_SIZES       = 1 2 4 8 16  x RUNS=1 measured batches each
  WORKERS           = (planner default)
  STATEMENT_TIMEOUT = 900
  THERMAL_EQUALISE  = off
  sensors           = pkg:/sys/class/hwmon/hwmon8/temp1_input cores:4 cpufreq:8 throttle:8/8
  SIGLESS_ADDR      = (disabled)
Found 1 query under queries/tpch/tpch-queries/q21/base.sql

[1/1] queries/tpch/tpch-queries/q21/base.sql (2 warmup + step-up 1 2 4 8 16 x1)
  warmup 1/2: 11.468757 sec (cache prime)
  warmup 2/2: 0.566001 sec
  N=1   batch 1/1: 0.542567 sec, 1 copy (server sum 478.606 ms)
  N=2   batch 1/1: 1.034989 sec, 2 copies (server sum 968.997 ms)
  N=4   batch 1/1: 1.994152 sec, 4 copies (server sum 1861.980 ms)
  N=8   batch 1/1: 3.732439 sec, 8 copies (server sum 3624.877 ms)
  N=16  batch 1/1: 7.372431 sec, 16 copies (server sum 7251.593 ms)
  done: 5 sizes x 1 run (0 failures)

Done. Batch rows appended to logs/warm_stepup/20260918T141724Z-9150d4/query_timing_tpch_idx.csv
Per-copy samples appended to logs/warm_stepup/20260918T141724Z-9150d4/query_samples_tpch_idx.csv
Last batch ended at epoch 1789741927.660 (PREV_END_EPOCH for the next invocation)
===== [25/159] queries/tpch/tpch-queries/q03/v1_materialized.sql run_id=C8B5D7B0D40CA337 =====
query_runner configuration:
  QUERY_DIR         = queries/tpch/tpch-queries/q03/v1_materialized.sql
  LOGS_DIR          = logs/warm_stepup/20260918T141724Z-9150d4  (query_timing_/query_samples_/query_catalog_tpch_idx.csv)
  DB_NAME / DB_USER = tpch_idx / postgres
  PGPORT            = 5434  (server reports 18.4)
  RUN_ID            = C8B5D7B0D40CA337
  WARMUP            = 2 single-copy warm-ups (the first primes the cache)
  BATCH_SIZES       = 1 2 4 8 16  x RUNS=1 measured batches each
  WORKERS           = (planner default)
  STATEMENT_TIMEOUT = 900
  THERMAL_EQUALISE  = off
  sensors           = pkg:/sys/class/hwmon/hwmon8/temp1_input cores:4 cpufreq:8 throttle:8/8
  SIGLESS_ADDR      = (disabled)
Found 1 query under queries/tpch/tpch-queries/q03/v1_materialized.sql

[1/1] queries/tpch/tpch-queries/q03/v1_materialized.sql (2 warmup + step-up 1 2 4 8 16 x1)
  warmup 1/2: 1.541888 sec (cache prime)
  warmup 2/2: 0.326357 sec
  N=1   batch 1/1: 0.364437 sec, 1 copy (server sum 276.907 ms)
  N=2   batch 1/1: 0.566847 sec, 2 copies (server sum 509.291 ms)
  N=4   batch 1/1: 1.041664 sec, 4 copies (server sum 982.264 ms)
  N=8   batch 1/1: 2.061943 sec, 8 copies (server sum 1923.580 ms)
  N=16  batch 1/1: 4.029523 sec, 16 copies (server sum 3865.740 ms)
  done: 5 sizes x 1 run (0 failures)

Done. Batch rows appended to logs/warm_stepup/20260918T141724Z-9150d4/query_timing_tpch_idx.csv
Per-copy samples appended to logs/warm_stepup/20260918T141724Z-9150d4/query_samples_tpch_idx.csv
Last batch ended at epoch 1789741941.913 (PREV_END_EPOCH for the next invocation)
===== [26/159] queries/tpch/tpch-queries/q04/base.sql run_id=C23B7BE90005D495 =====
query_runner configuration:
  QUERY_DIR         = queries/tpch/tpch-queries/q04/base.sql
  LOGS_DIR          = logs/warm_stepup/20260918T141724Z-9150d4  (query_timing_/query_samples_/query_catalog_tpch_idx.csv)
  DB_NAME / DB_USER = tpch_idx / postgres
  PGPORT            = 5434  (server reports 18.4)
  RUN_ID            = C23B7BE90005D495
  WARMUP            = 2 single-copy warm-ups (the first primes the cache)
  BATCH_SIZES       = 1 2 4 8 16  x RUNS=1 measured batches each
  WORKERS           = (planner default)
  STATEMENT_TIMEOUT = 900
  THERMAL_EQUALISE  = off
  sensors           = pkg:/sys/class/hwmon/hwmon8/temp1_input cores:4 cpufreq:8 throttle:8/8
  SIGLESS_ADDR      = (disabled)
Found 1 query under queries/tpch/tpch-queries/q04/base.sql

[1/1] queries/tpch/tpch-queries/q04/base.sql (2 warmup + step-up 1 2 4 8 16 x1)
  warmup 1/2: 1.811513 sec (cache prime)
  warmup 2/2: 0.191078 sec
  N=1   batch 1/1: 0.133589 sec, 1 copy (server sum 93.461 ms)
  N=2   batch 1/1: 0.240415 sec, 2 copies (server sum 174.773 ms)
  N=4   batch 1/1: 0.455193 sec, 4 copies (server sum 337.653 ms)
  N=8   batch 1/1: 0.828282 sec, 8 copies (server sum 696.517 ms)
  N=16  batch 1/1: 1.478807 sec, 16 copies (server sum 1342.173 ms)
  done: 5 sizes x 1 run (0 failures)

Done. Batch rows appended to logs/warm_stepup/20260918T141724Z-9150d4/query_timing_tpch_idx.csv
Per-copy samples appended to logs/warm_stepup/20260918T141724Z-9150d4/query_samples_tpch_idx.csv
Last batch ended at epoch 1789741951.781 (PREV_END_EPOCH for the next invocation)
===== [27/159] queries/tpch/tpch-queries/q08/v1_materialized.sql run_id=ED063F6524662B1B =====
query_runner configuration:
  QUERY_DIR         = queries/tpch/tpch-queries/q08/v1_materialized.sql
  LOGS_DIR          = logs/warm_stepup/20260918T141724Z-9150d4  (query_timing_/query_samples_/query_catalog_tpch_idx.csv)
  DB_NAME / DB_USER = tpch_idx / postgres
  PGPORT            = 5434  (server reports 18.4)
  RUN_ID            = ED063F6524662B1B
  WARMUP            = 2 single-copy warm-ups (the first primes the cache)
  BATCH_SIZES       = 1 2 4 8 16  x RUNS=1 measured batches each
  WORKERS           = (planner default)
  STATEMENT_TIMEOUT = 900
  THERMAL_EQUALISE  = off
  sensors           = pkg:/sys/class/hwmon/hwmon8/temp1_input cores:4 cpufreq:8 throttle:8/8
  SIGLESS_ADDR      = (disabled)
Found 1 query under queries/tpch/tpch-queries/q08/v1_materialized.sql

[1/1] queries/tpch/tpch-queries/q08/v1_materialized.sql (2 warmup + step-up 1 2 4 8 16 x1)
  warmup 1/2: 5.608421 sec (cache prime)
  warmup 2/2: 0.174984 sec
  N=1   batch 1/1: 0.176750 sec, 1 copy (server sum 127.400 ms)
  N=2   batch 1/1: 0.295433 sec, 2 copies (server sum 246.464 ms)
  N=4   batch 1/1: 0.585990 sec, 4 copies (server sum 485.635 ms)
  N=8   batch 1/1: 1.149064 sec, 8 copies (server sum 991.503 ms)
  N=16  batch 1/1: 2.020355 sec, 16 copies (server sum 1912.254 ms)
  done: 5 sizes x 1 run (0 failures)

Done. Batch rows appended to logs/warm_stepup/20260918T141724Z-9150d4/query_timing_tpch_idx.csv
Per-copy samples appended to logs/warm_stepup/20260918T141724Z-9150d4/query_samples_tpch_idx.csv
Last batch ended at epoch 1789741965.809 (PREV_END_EPOCH for the next invocation)
===== [28/159] queries/tpch/tpch-queries/q02/v2_decorrelate.sql run_id=9D698141052C2344 =====
query_runner configuration:
  QUERY_DIR         = queries/tpch/tpch-queries/q02/v2_decorrelate.sql
  LOGS_DIR          = logs/warm_stepup/20260918T141724Z-9150d4  (query_timing_/query_samples_/query_catalog_tpch_idx.csv)
  DB_NAME / DB_USER = tpch_idx / postgres
  PGPORT            = 5434  (server reports 18.4)
  RUN_ID            = 9D698141052C2344
  WARMUP            = 2 single-copy warm-ups (the first primes the cache)
  BATCH_SIZES       = 1 2 4 8 16  x RUNS=1 measured batches each
  WORKERS           = (planner default)
  STATEMENT_TIMEOUT = 900
  THERMAL_EQUALISE  = off
  sensors           = pkg:/sys/class/hwmon/hwmon8/temp1_input cores:4 cpufreq:8 throttle:8/8
  SIGLESS_ADDR      = (disabled)
Found 1 query under queries/tpch/tpch-queries/q02/v2_decorrelate.sql

[1/1] queries/tpch/tpch-queries/q02/v2_decorrelate.sql (2 warmup + step-up 1 2 4 8 16 x1)
  warmup 1/2: 2.459945 sec (cache prime)
  warmup 2/2: 0.277060 sec
  N=1   batch 1/1: 0.280271 sec, 1 copy (server sum 210.532 ms)
  N=2   batch 1/1: 0.497739 sec, 2 copies (server sum 396.811 ms)
  N=4   batch 1/1: 0.867573 sec, 4 copies (server sum 792.926 ms)
  N=8   batch 1/1: 1.594907 sec, 8 copies (server sum 1515.056 ms)
  N=16  batch 1/1: 3.102378 sec, 16 copies (server sum 2915.355 ms)
  done: 5 sizes x 1 run (0 failures)

Done. Batch rows appended to logs/warm_stepup/20260918T141724Z-9150d4/query_timing_tpch_idx.csv
Per-copy samples appended to logs/warm_stepup/20260918T141724Z-9150d4/query_samples_tpch_idx.csv
Last batch ended at epoch 1789741979.204 (PREV_END_EPOCH for the next invocation)
===== [29/159] queries/tpch/tpch-queries/q13/v2_correlated.sql run_id=1BC3FA81B62A2CF0 =====
query_runner configuration:
  QUERY_DIR         = queries/tpch/tpch-queries/q13/v2_correlated.sql
  LOGS_DIR          = logs/warm_stepup/20260918T141724Z-9150d4  (query_timing_/query_samples_/query_catalog_tpch_idx.csv)
  DB_NAME / DB_USER = tpch_idx / postgres
  PGPORT            = 5434  (server reports 18.4)
  RUN_ID            = 1BC3FA81B62A2CF0
  WARMUP            = 2 single-copy warm-ups (the first primes the cache)
  BATCH_SIZES       = 1 2 4 8 16  x RUNS=1 measured batches each
  WORKERS           = (planner default)
  STATEMENT_TIMEOUT = 900
  THERMAL_EQUALISE  = off
  sensors           = pkg:/sys/class/hwmon/hwmon8/temp1_input cores:4 cpufreq:8 throttle:8/8
  SIGLESS_ADDR      = (disabled)
Found 1 query under queries/tpch/tpch-queries/q13/v2_correlated.sql

[1/1] queries/tpch/tpch-queries/q13/v2_correlated.sql (2 warmup + step-up 1 2 4 8 16 x1)
  warmup 1/2: 4.434213 sec (cache prime)
  warmup 2/2: 2.003107 sec
  N=1   batch 1/1: 2.043417 sec, 1 copy (server sum 1957.531 ms)
  N=2   batch 1/1: 3.862975 sec, 2 copies (server sum 3813.011 ms)
  N=4   batch 1/1: 7.524736 sec, 4 copies (server sum 7476.767 ms)
  N=8   batch 1/1: 14.895793 sec, 8 copies (server sum 14847.522 ms)
  N=16  batch 1/1: 29.727988 sec, 16 copies (server sum 29673.250 ms)
  done: 5 sizes x 1 run (0 failures)

Done. Batch rows appended to logs/warm_stepup/20260918T141724Z-9150d4/query_timing_tpch_idx.csv
Per-copy samples appended to logs/warm_stepup/20260918T141724Z-9150d4/query_samples_tpch_idx.csv
Last batch ended at epoch 1789742047.886 (PREV_END_EPOCH for the next invocation)
===== [30/159] queries/tpch/tpch-queries/q18/base.sql run_id=5BF88A76B2CB070E =====
query_runner configuration:
  QUERY_DIR         = queries/tpch/tpch-queries/q18/base.sql
  LOGS_DIR          = logs/warm_stepup/20260918T141724Z-9150d4  (query_timing_/query_samples_/query_catalog_tpch_idx.csv)
  DB_NAME / DB_USER = tpch_idx / postgres
  PGPORT            = 5434  (server reports 18.4)
  RUN_ID            = 5BF88A76B2CB070E
  WARMUP            = 2 single-copy warm-ups (the first primes the cache)
  BATCH_SIZES       = 1 2 4 8 16  x RUNS=1 measured batches each
  WORKERS           = (planner default)
  STATEMENT_TIMEOUT = 900
  THERMAL_EQUALISE  = off
  sensors           = pkg:/sys/class/hwmon/hwmon8/temp1_input cores:4 cpufreq:8 throttle:8/8
  SIGLESS_ADDR      = (disabled)
Found 1 query under queries/tpch/tpch-queries/q18/base.sql

[1/1] queries/tpch/tpch-queries/q18/base.sql (2 warmup + step-up 1 2 4 8 16 x1)
  warmup 1/2: 5.455901 sec (cache prime)
  warmup 2/2: 4.342002 sec
  N=1   batch 1/1: 4.508274 sec, 1 copy (server sum 4438.088 ms)
  N=2   batch 1/1: 9.129608 sec, 2 copies (server sum 9033.858 ms)
  N=4   batch 1/1: 18.951995 sec, 4 copies (server sum 18859.393 ms)
  N=8   batch 1/1: 39.112380 sec, 8 copies (server sum 39015.341 ms)
  N=16  batch 1/1: 77.756055 sec, 16 copies (server sum 77629.468 ms)
  done: 5 sizes x 1 run (0 failures)

Done. Batch rows appended to logs/warm_stepup/20260918T141724Z-9150d4/query_timing_tpch_idx.csv
Per-copy samples appended to logs/warm_stepup/20260918T141724Z-9150d4/query_samples_tpch_idx.csv
Last batch ended at epoch 1789742211.253 (PREV_END_EPOCH for the next invocation)
===== [31/159] queries/tpch/tpch-queries/q13/base.sql run_id=EE3050432281C194 =====
query_runner configuration:
  QUERY_DIR         = queries/tpch/tpch-queries/q13/base.sql
  LOGS_DIR          = logs/warm_stepup/20260918T141724Z-9150d4  (query_timing_/query_samples_/query_catalog_tpch_idx.csv)
  DB_NAME / DB_USER = tpch_idx / postgres
  PGPORT            = 5434  (server reports 18.4)
  RUN_ID            = EE3050432281C194
  WARMUP            = 2 single-copy warm-ups (the first primes the cache)
  BATCH_SIZES       = 1 2 4 8 16  x RUNS=1 measured batches each
  WORKERS           = (planner default)
  STATEMENT_TIMEOUT = 900
  THERMAL_EQUALISE  = off
  sensors           = pkg:/sys/class/hwmon/hwmon8/temp1_input cores:4 cpufreq:8 throttle:8/8
  SIGLESS_ADDR      = (disabled)
Found 1 query under queries/tpch/tpch-queries/q13/base.sql

[1/1] queries/tpch/tpch-queries/q13/base.sql (2 warmup + step-up 1 2 4 8 16 x1)
  warmup 1/2: 1.904994 sec (cache prime)
  warmup 2/2: 1.540887 sec
  N=1   batch 1/1: 1.500333 sec, 1 copy (server sum 1454.262 ms)
  N=2   batch 1/1: 2.863653 sec, 2 copies (server sum 2805.347 ms)
  N=4   batch 1/1: 5.546562 sec, 4 copies (server sum 5485.267 ms)
  N=8   batch 1/1: 10.958852 sec, 8 copies (server sum 10905.136 ms)
  N=16  batch 1/1: 21.549608 sec, 16 copies (server sum 21480.465 ms)
  done: 5 sizes x 1 run (0 failures)

Done. Batch rows appended to logs/warm_stepup/20260918T141724Z-9150d4/query_timing_tpch_idx.csv
Per-copy samples appended to logs/warm_stepup/20260918T141724Z-9150d4/query_samples_tpch_idx.csv
Last batch ended at epoch 1789742261.517 (PREV_END_EPOCH for the next invocation)
===== [32/159] queries/tpch/tpch-queries/q11/v1_materialized.sql run_id=23A274DD932BF063 =====
query_runner configuration:
  QUERY_DIR         = queries/tpch/tpch-queries/q11/v1_materialized.sql
  LOGS_DIR          = logs/warm_stepup/20260918T141724Z-9150d4  (query_timing_/query_samples_/query_catalog_tpch_idx.csv)
  DB_NAME / DB_USER = tpch_idx / postgres
  PGPORT            = 5434  (server reports 18.4)
  RUN_ID            = 23A274DD932BF063
  WARMUP            = 2 single-copy warm-ups (the first primes the cache)
  BATCH_SIZES       = 1 2 4 8 16  x RUNS=1 measured batches each
  WORKERS           = (planner default)
  STATEMENT_TIMEOUT = 900
  THERMAL_EQUALISE  = off
  sensors           = pkg:/sys/class/hwmon/hwmon8/temp1_input cores:4 cpufreq:8 throttle:8/8
  SIGLESS_ADDR      = (disabled)
Found 1 query under queries/tpch/tpch-queries/q11/v1_materialized.sql

[1/1] queries/tpch/tpch-queries/q11/v1_materialized.sql (2 warmup + step-up 1 2 4 8 16 x1)
  warmup 1/2: 1.850656 sec (cache prime)
  warmup 2/2: 0.128189 sec
  N=1   batch 1/1: 0.154552 sec, 1 copy (server sum 76.936 ms)
  N=2   batch 1/1: 0.211120 sec, 2 copies (server sum 152.597 ms)
  N=4   batch 1/1: 0.362290 sec, 4 copies (server sum 302.170 ms)
  N=8   batch 1/1: 0.659034 sec, 8 copies (server sum 593.703 ms)
  N=16  batch 1/1: 1.244737 sec, 16 copies (server sum 1165.189 ms)
  done: 5 sizes x 1 run (0 failures)

Done. Batch rows appended to logs/warm_stepup/20260918T141724Z-9150d4/query_timing_tpch_idx.csv
Per-copy samples appended to logs/warm_stepup/20260918T141724Z-9150d4/query_samples_tpch_idx.csv
Last batch ended at epoch 1789742270.261 (PREV_END_EPOCH for the next invocation)
===== [33/159] queries/tpch/tpch-queries/q10/v1_materialized.sql run_id=E152784A1BA62135 =====
query_runner configuration:
  QUERY_DIR         = queries/tpch/tpch-queries/q10/v1_materialized.sql
  LOGS_DIR          = logs/warm_stepup/20260918T141724Z-9150d4  (query_timing_/query_samples_/query_catalog_tpch_idx.csv)
  DB_NAME / DB_USER = tpch_idx / postgres
  PGPORT            = 5434  (server reports 18.4)
  RUN_ID            = E152784A1BA62135
  WARMUP            = 2 single-copy warm-ups (the first primes the cache)
  BATCH_SIZES       = 1 2 4 8 16  x RUNS=1 measured batches each
  WORKERS           = (planner default)
  STATEMENT_TIMEOUT = 900
  THERMAL_EQUALISE  = off
  sensors           = pkg:/sys/class/hwmon/hwmon8/temp1_input cores:4 cpufreq:8 throttle:8/8
  SIGLESS_ADDR      = (disabled)
Found 1 query under queries/tpch/tpch-queries/q10/v1_materialized.sql

[1/1] queries/tpch/tpch-queries/q10/v1_materialized.sql (2 warmup + step-up 1 2 4 8 16 x1)
  warmup 1/2: 2.425885 sec (cache prime)
  warmup 2/2: 0.401415 sec
  N=1   batch 1/1: 0.392654 sec, 1 copy (server sum 304.308 ms)
  N=2   batch 1/1: 0.663210 sec, 2 copies (server sum 579.775 ms)
  N=4   batch 1/1: 1.195689 sec, 4 copies (server sum 1127.595 ms)
  N=8   batch 1/1: 2.303638 sec, 8 copies (server sum 2210.009 ms)
  N=16  batch 1/1: 4.474720 sec, 16 copies (server sum 4371.171 ms)
  done: 5 sizes x 1 run (0 failures)

Done. Batch rows appended to logs/warm_stepup/20260918T141724Z-9150d4/query_timing_tpch_idx.csv
Per-copy samples appended to logs/warm_stepup/20260918T141724Z-9150d4/query_samples_tpch_idx.csv
Last batch ended at epoch 1789742286.051 (PREV_END_EPOCH for the next invocation)
===== [34/159] queries/tpch/tpch-queries/q08/v2_filter.sql run_id=ED5D92C078286E74 =====
query_runner configuration:
  QUERY_DIR         = queries/tpch/tpch-queries/q08/v2_filter.sql
  LOGS_DIR          = logs/warm_stepup/20260918T141724Z-9150d4  (query_timing_/query_samples_/query_catalog_tpch_idx.csv)
  DB_NAME / DB_USER = tpch_idx / postgres
  PGPORT            = 5434  (server reports 18.4)
  RUN_ID            = ED5D92C078286E74
  WARMUP            = 2 single-copy warm-ups (the first primes the cache)
  BATCH_SIZES       = 1 2 4 8 16  x RUNS=1 measured batches each
  WORKERS           = (planner default)
  STATEMENT_TIMEOUT = 900
  THERMAL_EQUALISE  = off
  sensors           = pkg:/sys/class/hwmon/hwmon8/temp1_input cores:4 cpufreq:8 throttle:8/8
  SIGLESS_ADDR      = (disabled)
Found 1 query under queries/tpch/tpch-queries/q08/v2_filter.sql

[1/1] queries/tpch/tpch-queries/q08/v2_filter.sql (2 warmup + step-up 1 2 4 8 16 x1)
  warmup 1/2: 8.880406 sec (cache prime)
  warmup 2/2: 0.194975 sec
  N=1   batch 1/1: 0.171726 sec, 1 copy (server sum 125.943 ms)
  N=2   batch 1/1: 0.289445 sec, 2 copies (server sum 241.366 ms)
  N=4   batch 1/1: 0.590239 sec, 4 copies (server sum 469.355 ms)
  N=8   batch 1/1: 1.073373 sec, 8 copies (server sum 937.621 ms)
  N=16  batch 1/1: 1.946444 sec, 16 copies (server sum 1830.173 ms)
  done: 5 sizes x 1 run (0 failures)

Done. Batch rows appended to logs/warm_stepup/20260918T141724Z-9150d4/query_timing_tpch_idx.csv
Per-copy samples appended to logs/warm_stepup/20260918T141724Z-9150d4/query_samples_tpch_idx.csv
Last batch ended at epoch 1789742303.399 (PREV_END_EPOCH for the next invocation)
===== [35/159] queries/tpch/tpch-queries/q02/v2_decorrelate.sql run_id=EE48DA749DB9CB4B =====
query_runner configuration:
  QUERY_DIR         = queries/tpch/tpch-queries/q02/v2_decorrelate.sql
  LOGS_DIR          = logs/warm_stepup/20260918T141724Z-9150d4  (query_timing_/query_samples_/query_catalog_tpch_idx.csv)
  DB_NAME / DB_USER = tpch_idx / postgres
  PGPORT            = 5434  (server reports 18.4)
  RUN_ID            = EE48DA749DB9CB4B
  WARMUP            = 2 single-copy warm-ups (the first primes the cache)
  BATCH_SIZES       = 1 2 4 8 16  x RUNS=1 measured batches each
  WORKERS           = (planner default)
  STATEMENT_TIMEOUT = 900
  THERMAL_EQUALISE  = off
  sensors           = pkg:/sys/class/hwmon/hwmon8/temp1_input cores:4 cpufreq:8 throttle:8/8
  SIGLESS_ADDR      = (disabled)
Found 1 query under queries/tpch/tpch-queries/q02/v2_decorrelate.sql

[1/1] queries/tpch/tpch-queries/q02/v2_decorrelate.sql (2 warmup + step-up 1 2 4 8 16 x1)
  warmup 1/2: 2.478940 sec (cache prime)
  warmup 2/2: 0.271920 sec
  N=1   batch 1/1: 0.274581 sec, 1 copy (server sum 207.224 ms)
  N=2   batch 1/1: 0.492981 sec, 2 copies (server sum 392.106 ms)
  N=4   batch 1/1: 0.840172 sec, 4 copies (server sum 773.741 ms)
  N=8   batch 1/1: 1.580835 sec, 8 copies (server sum 1487.488 ms)
  N=16  batch 1/1: 3.054992 sec, 16 copies (server sum 2885.713 ms)
  done: 5 sizes x 1 run (0 failures)

Done. Batch rows appended to logs/warm_stepup/20260918T141724Z-9150d4/query_timing_tpch_idx.csv
Per-copy samples appended to logs/warm_stepup/20260918T141724Z-9150d4/query_samples_tpch_idx.csv
Last batch ended at epoch 1789742316.808 (PREV_END_EPOCH for the next invocation)
===== [36/159] queries/tpch/tpch-queries/q04/v1_materialized.sql run_id=88532A87D4B2E4F1 =====
query_runner configuration:
  QUERY_DIR         = queries/tpch/tpch-queries/q04/v1_materialized.sql
  LOGS_DIR          = logs/warm_stepup/20260918T141724Z-9150d4  (query_timing_/query_samples_/query_catalog_tpch_idx.csv)
  DB_NAME / DB_USER = tpch_idx / postgres
  PGPORT            = 5434  (server reports 18.4)
  RUN_ID            = 88532A87D4B2E4F1
  WARMUP            = 2 single-copy warm-ups (the first primes the cache)
  BATCH_SIZES       = 1 2 4 8 16  x RUNS=1 measured batches each
  WORKERS           = (planner default)
  STATEMENT_TIMEOUT = 900
  THERMAL_EQUALISE  = off
  sensors           = pkg:/sys/class/hwmon/hwmon8/temp1_input cores:4 cpufreq:8 throttle:8/8
  SIGLESS_ADDR      = (disabled)
Found 1 query under queries/tpch/tpch-queries/q04/v1_materialized.sql

[1/1] queries/tpch/tpch-queries/q04/v1_materialized.sql (2 warmup + step-up 1 2 4 8 16 x1)
  warmup 1/2: 1.692849 sec (cache prime)
  warmup 2/2: 0.188624 sec
  N=1   batch 1/1: 0.132052 sec, 1 copy (server sum 91.912 ms)
  N=2   batch 1/1: 0.249166 sec, 2 copies (server sum 179.232 ms)
  N=4   batch 1/1: 0.457980 sec, 4 copies (server sum 349.350 ms)
  N=8   batch 1/1: 0.801577 sec, 8 copies (server sum 670.819 ms)
  N=16  batch 1/1: 1.471387 sec, 16 copies (server sum 1362.421 ms)
  done: 5 sizes x 1 run (0 failures)

Done. Batch rows appended to logs/warm_stepup/20260918T141724Z-9150d4/query_timing_tpch_idx.csv
Per-copy samples appended to logs/warm_stepup/20260918T141724Z-9150d4/query_samples_tpch_idx.csv
Last batch ended at epoch 1789742325.747 (PREV_END_EPOCH for the next invocation)
===== [37/159] queries/tpch/tpch-queries/q22/v1_materialized.sql run_id=FC6056AE9619DDDE =====
query_runner configuration:
  QUERY_DIR         = queries/tpch/tpch-queries/q22/v1_materialized.sql
  LOGS_DIR          = logs/warm_stepup/20260918T141724Z-9150d4  (query_timing_/query_samples_/query_catalog_tpch_idx.csv)
  DB_NAME / DB_USER = tpch_idx / postgres
  PGPORT            = 5434  (server reports 18.4)
  RUN_ID            = FC6056AE9619DDDE
  WARMUP            = 2 single-copy warm-ups (the first primes the cache)
  BATCH_SIZES       = 1 2 4 8 16  x RUNS=1 measured batches each
  WORKERS           = (planner default)
  STATEMENT_TIMEOUT = 900
  THERMAL_EQUALISE  = off
  sensors           = pkg:/sys/class/hwmon/hwmon8/temp1_input cores:4 cpufreq:8 throttle:8/8
  SIGLESS_ADDR      = (disabled)
Found 1 query under queries/tpch/tpch-queries/q22/v1_materialized.sql

[1/1] queries/tpch/tpch-queries/q22/v1_materialized.sql (2 warmup + step-up 1 2 4 8 16 x1)
  warmup 1/2: 0.373852 sec (cache prime)
  warmup 2/2: 0.108973 sec
  N=1   batch 1/1: 0.148928 sec, 1 copy (server sum 53.034 ms)
  N=2   batch 1/1: 0.165122 sec, 2 copies (server sum 104.519 ms)
  N=4   batch 1/1: 0.261620 sec, 4 copies (server sum 217.102 ms)
  N=8   batch 1/1: 0.521778 sec, 8 copies (server sum 417.779 ms)
  N=16  batch 1/1: 0.945816 sec, 16 copies (server sum 835.035 ms)
  done: 5 sizes x 1 run (0 failures)

Done. Batch rows appended to logs/warm_stepup/20260918T141724Z-9150d4/query_timing_tpch_idx.csv
Per-copy samples appended to logs/warm_stepup/20260918T141724Z-9150d4/query_samples_tpch_idx.csv
Last batch ended at epoch 1789742332.357 (PREV_END_EPOCH for the next invocation)
===== [38/159] queries/tpch/tpch-queries/q18/base.sql run_id=92A416CCE3BA4FF4 =====
query_runner configuration:
  QUERY_DIR         = queries/tpch/tpch-queries/q18/base.sql
  LOGS_DIR          = logs/warm_stepup/20260918T141724Z-9150d4  (query_timing_/query_samples_/query_catalog_tpch_idx.csv)
  DB_NAME / DB_USER = tpch_idx / postgres
  PGPORT            = 5434  (server reports 18.4)
  RUN_ID            = 92A416CCE3BA4FF4
  WARMUP            = 2 single-copy warm-ups (the first primes the cache)
  BATCH_SIZES       = 1 2 4 8 16  x RUNS=1 measured batches each
  WORKERS           = (planner default)
  STATEMENT_TIMEOUT = 900
  THERMAL_EQUALISE  = off
  sensors           = pkg:/sys/class/hwmon/hwmon8/temp1_input cores:4 cpufreq:8 throttle:8/8
  SIGLESS_ADDR      = (disabled)
Found 1 query under queries/tpch/tpch-queries/q18/base.sql

[1/1] queries/tpch/tpch-queries/q18/base.sql (2 warmup + step-up 1 2 4 8 16 x1)
  warmup 1/2: 5.423743 sec (cache prime)
  warmup 2/2: 4.330433 sec
  N=1   batch 1/1: 4.514463 sec, 1 copy (server sum 4429.544 ms)
  N=2   batch 1/1: 9.174646 sec, 2 copies (server sum 9084.555 ms)
  N=4   batch 1/1: 18.746286 sec, 4 copies (server sum 18674.444 ms)
  N=8   batch 1/1: 38.969093 sec, 8 copies (server sum 38877.591 ms)
  N=16  batch 1/1: 77.745663 sec, 16 copies (server sum 77632.353 ms)
  done: 5 sizes x 1 run (0 failures)

Done. Batch rows appended to logs/warm_stepup/20260918T141724Z-9150d4/query_timing_tpch_idx.csv
Per-copy samples appended to logs/warm_stepup/20260918T141724Z-9150d4/query_samples_tpch_idx.csv
Last batch ended at epoch 1789742495.456 (PREV_END_EPOCH for the next invocation)
===== [39/159] queries/tpch/tpch-queries/q07/v1_materialized.sql run_id=B13B1A67CD598E76 =====
query_runner configuration:
  QUERY_DIR         = queries/tpch/tpch-queries/q07/v1_materialized.sql
  LOGS_DIR          = logs/warm_stepup/20260918T141724Z-9150d4  (query_timing_/query_samples_/query_catalog_tpch_idx.csv)
  DB_NAME / DB_USER = tpch_idx / postgres
  PGPORT            = 5434  (server reports 18.4)
  RUN_ID            = B13B1A67CD598E76
  WARMUP            = 2 single-copy warm-ups (the first primes the cache)
  BATCH_SIZES       = 1 2 4 8 16  x RUNS=1 measured batches each
  WORKERS           = (planner default)
  STATEMENT_TIMEOUT = 900
  THERMAL_EQUALISE  = off
  sensors           = pkg:/sys/class/hwmon/hwmon8/temp1_input cores:4 cpufreq:8 throttle:8/8
  SIGLESS_ADDR      = (disabled)
Found 1 query under queries/tpch/tpch-queries/q07/v1_materialized.sql

[1/1] queries/tpch/tpch-queries/q07/v1_materialized.sql (2 warmup + step-up 1 2 4 8 16 x1)
  warmup 1/2: 13.706926 sec (cache prime)
  warmup 2/2: 0.733022 sec
  N=1   batch 1/1: 0.676967 sec, 1 copy (server sum 632.045 ms)
  N=2   batch 1/1: 1.300900 sec, 2 copies (server sum 1237.546 ms)
  N=4   batch 1/1: 2.472911 sec, 4 copies (server sum 2406.434 ms)
  N=8   batch 1/1: 4.870466 sec, 8 copies (server sum 4788.845 ms)
  N=16  batch 1/1: 9.599788 sec, 16 copies (server sum 9498.924 ms)
  done: 5 sizes x 1 run (0 failures)

Done. Batch rows appended to logs/warm_stepup/20260918T141724Z-9150d4/query_timing_tpch_idx.csv
Per-copy samples appended to logs/warm_stepup/20260918T141724Z-9150d4/query_samples_tpch_idx.csv
Last batch ended at epoch 1789742533.327 (PREV_END_EPOCH for the next invocation)
===== [40/159] queries/tpch/tpch-queries/q10/base.sql run_id=FFCD6FBCE2FA0157 =====
query_runner configuration:
  QUERY_DIR         = queries/tpch/tpch-queries/q10/base.sql
  LOGS_DIR          = logs/warm_stepup/20260918T141724Z-9150d4  (query_timing_/query_samples_/query_catalog_tpch_idx.csv)
  DB_NAME / DB_USER = tpch_idx / postgres
  PGPORT            = 5434  (server reports 18.4)
  RUN_ID            = FFCD6FBCE2FA0157
  WARMUP            = 2 single-copy warm-ups (the first primes the cache)
  BATCH_SIZES       = 1 2 4 8 16  x RUNS=1 measured batches each
  WORKERS           = (planner default)
  STATEMENT_TIMEOUT = 900
  THERMAL_EQUALISE  = off
  sensors           = pkg:/sys/class/hwmon/hwmon8/temp1_input cores:4 cpufreq:8 throttle:8/8
  SIGLESS_ADDR      = (disabled)
Found 1 query under queries/tpch/tpch-queries/q10/base.sql

[1/1] queries/tpch/tpch-queries/q10/base.sql (2 warmup + step-up 1 2 4 8 16 x1)
  warmup 1/2: 2.517836 sec (cache prime)
  warmup 2/2: 0.421188 sec
  N=1   batch 1/1: 0.361811 sec, 1 copy (server sum 295.179 ms)
  N=2   batch 1/1: 0.607841 sec, 2 copies (server sum 558.276 ms)
  N=4   batch 1/1: 1.176624 sec, 4 copies (server sum 1081.494 ms)
  N=8   batch 1/1: 2.202916 sec, 8 copies (server sum 2127.466 ms)
  N=16  batch 1/1: 4.288037 sec, 16 copies (server sum 4224.589 ms)
  done: 5 sizes x 1 run (0 failures)

Done. Batch rows appended to logs/warm_stepup/20260918T141724Z-9150d4/query_timing_tpch_idx.csv
Per-copy samples appended to logs/warm_stepup/20260918T141724Z-9150d4/query_samples_tpch_idx.csv
Last batch ended at epoch 1789742549.297 (PREV_END_EPOCH for the next invocation)
===== [41/159] queries/tpch/tpch-queries/q02/base.sql run_id=856598011B316036 =====
query_runner configuration:
  QUERY_DIR         = queries/tpch/tpch-queries/q02/base.sql
  LOGS_DIR          = logs/warm_stepup/20260918T141724Z-9150d4  (query_timing_/query_samples_/query_catalog_tpch_idx.csv)
  DB_NAME / DB_USER = tpch_idx / postgres
  PGPORT            = 5434  (server reports 18.4)
  RUN_ID            = 856598011B316036
  WARMUP            = 2 single-copy warm-ups (the first primes the cache)
  BATCH_SIZES       = 1 2 4 8 16  x RUNS=1 measured batches each
  WORKERS           = (planner default)
  STATEMENT_TIMEOUT = 900
  THERMAL_EQUALISE  = off
  sensors           = pkg:/sys/class/hwmon/hwmon8/temp1_input cores:4 cpufreq:8 throttle:8/8
  SIGLESS_ADDR      = (disabled)
Found 1 query under queries/tpch/tpch-queries/q02/base.sql

[1/1] queries/tpch/tpch-queries/q02/base.sql (2 warmup + step-up 1 2 4 8 16 x1)
  warmup 1/2: 0.837425 sec (cache prime)
  warmup 2/2: 0.228785 sec
  N=1   batch 1/1: 0.243161 sec, 1 copy (server sum 176.466 ms)
  N=2   batch 1/1: 0.403039 sec, 2 copies (server sum 332.579 ms)
  N=4   batch 1/1: 0.696598 sec, 4 copies (server sum 623.449 ms)
  N=8   batch 1/1: 1.277992 sec, 8 copies (server sum 1212.201 ms)
  N=16  batch 1/1: 2.412294 sec, 16 copies (server sum 2328.776 ms)
  done: 5 sizes x 1 run (0 failures)

Done. Batch rows appended to logs/warm_stepup/20260918T141724Z-9150d4/query_timing_tpch_idx.csv
Per-copy samples appended to logs/warm_stepup/20260918T141724Z-9150d4/query_samples_tpch_idx.csv
Last batch ended at epoch 1789742560.185 (PREV_END_EPOCH for the next invocation)
===== [42/159] queries/tpch/tpch-queries/q18/v1_materialized.sql run_id=197F2564522CC516 =====
query_runner configuration:
  QUERY_DIR         = queries/tpch/tpch-queries/q18/v1_materialized.sql
  LOGS_DIR          = logs/warm_stepup/20260918T141724Z-9150d4  (query_timing_/query_samples_/query_catalog_tpch_idx.csv)
  DB_NAME / DB_USER = tpch_idx / postgres
  PGPORT            = 5434  (server reports 18.4)
  RUN_ID            = 197F2564522CC516
  WARMUP            = 2 single-copy warm-ups (the first primes the cache)
  BATCH_SIZES       = 1 2 4 8 16  x RUNS=1 measured batches each
  WORKERS           = (planner default)
  STATEMENT_TIMEOUT = 900
  THERMAL_EQUALISE  = off
  sensors           = pkg:/sys/class/hwmon/hwmon8/temp1_input cores:4 cpufreq:8 throttle:8/8
  SIGLESS_ADDR      = (disabled)
Found 1 query under queries/tpch/tpch-queries/q18/v1_materialized.sql

[1/1] queries/tpch/tpch-queries/q18/v1_materialized.sql (2 warmup + step-up 1 2 4 8 16 x1)
  warmup 1/2: 5.292044 sec (cache prime)
  warmup 2/2: 4.436290 sec
  N=1   batch 1/1: 4.599670 sec, 1 copy (server sum 4497.610 ms)
  N=2   batch 1/1: 9.251529 sec, 2 copies (server sum 9159.567 ms)
  N=4   batch 1/1: 19.123951 sec, 4 copies (server sum 19027.298 ms)
  N=8   batch 1/1: 38.955651 sec, 8 copies (server sum 38803.396 ms)
  N=16  batch 1/1: 78.356261 sec, 16 copies (server sum 78237.803 ms)
  done: 5 sizes x 1 run (0 failures)

Done. Batch rows appended to logs/warm_stepup/20260918T141724Z-9150d4/query_timing_tpch_idx.csv
Per-copy samples appended to logs/warm_stepup/20260918T141724Z-9150d4/query_samples_tpch_idx.csv
Last batch ended at epoch 1789742724.492 (PREV_END_EPOCH for the next invocation)
===== [43/159] queries/tpch/tpch-queries/q13/v1_materialized.sql run_id=FDB1DDE2486D1F41 =====
query_runner configuration:
  QUERY_DIR         = queries/tpch/tpch-queries/q13/v1_materialized.sql
  LOGS_DIR          = logs/warm_stepup/20260918T141724Z-9150d4  (query_timing_/query_samples_/query_catalog_tpch_idx.csv)
  DB_NAME / DB_USER = tpch_idx / postgres
  PGPORT            = 5434  (server reports 18.4)
  RUN_ID            = FDB1DDE2486D1F41
  WARMUP            = 2 single-copy warm-ups (the first primes the cache)
  BATCH_SIZES       = 1 2 4 8 16  x RUNS=1 measured batches each
  WORKERS           = (planner default)
  STATEMENT_TIMEOUT = 900
  THERMAL_EQUALISE  = off
  sensors           = pkg:/sys/class/hwmon/hwmon8/temp1_input cores:4 cpufreq:8 throttle:8/8
  SIGLESS_ADDR      = (disabled)
Found 1 query under queries/tpch/tpch-queries/q13/v1_materialized.sql

[1/1] queries/tpch/tpch-queries/q13/v1_materialized.sql (2 warmup + step-up 1 2 4 8 16 x1)
  warmup 1/2: 1.884020 sec (cache prime)
  warmup 2/2: 1.482977 sec
  N=1   batch 1/1: 1.479215 sec, 1 copy (server sum 1432.028 ms)
  N=2   batch 1/1: 2.879211 sec, 2 copies (server sum 2816.321 ms)
  N=4   batch 1/1: 5.545947 sec, 4 copies (server sum 5482.948 ms)
  N=8   batch 1/1: 10.899865 sec, 8 copies (server sum 10846.992 ms)
  N=16  batch 1/1: 21.697747 sec, 16 copies (server sum 21620.011 ms)
  done: 5 sizes x 1 run (0 failures)

Done. Batch rows appended to logs/warm_stepup/20260918T141724Z-9150d4/query_timing_tpch_idx.csv
Per-copy samples appended to logs/warm_stepup/20260918T141724Z-9150d4/query_samples_tpch_idx.csv
Last batch ended at epoch 1789742774.994 (PREV_END_EPOCH for the next invocation)
===== [44/159] queries/tpch/tpch-queries/q14/v2_filter.sql run_id=5F0D40D3E99529C3 =====
query_runner configuration:
  QUERY_DIR         = queries/tpch/tpch-queries/q14/v2_filter.sql
  LOGS_DIR          = logs/warm_stepup/20260918T141724Z-9150d4  (query_timing_/query_samples_/query_catalog_tpch_idx.csv)
  DB_NAME / DB_USER = tpch_idx / postgres
  PGPORT            = 5434  (server reports 18.4)
  RUN_ID            = 5F0D40D3E99529C3
  WARMUP            = 2 single-copy warm-ups (the first primes the cache)
  BATCH_SIZES       = 1 2 4 8 16  x RUNS=1 measured batches each
  WORKERS           = (planner default)
  STATEMENT_TIMEOUT = 900
  THERMAL_EQUALISE  = off
  sensors           = pkg:/sys/class/hwmon/hwmon8/temp1_input cores:4 cpufreq:8 throttle:8/8
  SIGLESS_ADDR      = (disabled)
Found 1 query under queries/tpch/tpch-queries/q14/v2_filter.sql

[1/1] queries/tpch/tpch-queries/q14/v2_filter.sql (2 warmup + step-up 1 2 4 8 16 x1)
  warmup 1/2: 1.483791 sec (cache prime)
  warmup 2/2: 0.230693 sec
  N=1   batch 1/1: 0.235534 sec, 1 copy (server sum 139.253 ms)
  N=2   batch 1/1: 0.345297 sec, 2 copies (server sum 246.622 ms)
  N=4   batch 1/1: 0.577330 sec, 4 copies (server sum 470.286 ms)
  N=8   batch 1/1: 1.040399 sec, 8 copies (server sum 936.981 ms)
  N=16  batch 1/1: 1.932360 sec, 16 copies (server sum 1803.114 ms)
  done: 5 sizes x 1 run (0 failures)

Done. Batch rows appended to logs/warm_stepup/20260918T141724Z-9150d4/query_timing_tpch_idx.csv
Per-copy samples appended to logs/warm_stepup/20260918T141724Z-9150d4/query_samples_tpch_idx.csv
Last batch ended at epoch 1789742784.960 (PREV_END_EPOCH for the next invocation)
===== [45/159] queries/tpch/tpch-queries/q06/base.sql run_id=22758808A559ADB3 =====
query_runner configuration:
  QUERY_DIR         = queries/tpch/tpch-queries/q06/base.sql
  LOGS_DIR          = logs/warm_stepup/20260918T141724Z-9150d4  (query_timing_/query_samples_/query_catalog_tpch_idx.csv)
  DB_NAME / DB_USER = tpch_idx / postgres
  PGPORT            = 5434  (server reports 18.4)
  RUN_ID            = 22758808A559ADB3
  WARMUP            = 2 single-copy warm-ups (the first primes the cache)
  BATCH_SIZES       = 1 2 4 8 16  x RUNS=1 measured batches each
  WORKERS           = (planner default)
  STATEMENT_TIMEOUT = 900
  THERMAL_EQUALISE  = off
  sensors           = pkg:/sys/class/hwmon/hwmon8/temp1_input cores:4 cpufreq:8 throttle:8/8
  SIGLESS_ADDR      = (disabled)
Found 1 query under queries/tpch/tpch-queries/q06/base.sql

[1/1] queries/tpch/tpch-queries/q06/base.sql (2 warmup + step-up 1 2 4 8 16 x1)
  warmup 1/2: 0.315962 sec (cache prime)
  warmup 2/2: 0.146023 sec
  N=1   batch 1/1: 0.113511 sec, 1 copy (server sum 53.396 ms)
  N=2   batch 1/1: 0.189573 sec, 2 copies (server sum 106.653 ms)
  N=4   batch 1/1: 0.256532 sec, 4 copies (server sum 216.040 ms)
  N=8   batch 1/1: 0.585649 sec, 8 copies (server sum 451.765 ms)
  N=16  batch 1/1: 1.022128 sec, 16 copies (server sum 929.314 ms)
  done: 5 sizes x 1 run (0 failures)

Done. Batch rows appended to logs/warm_stepup/20260918T141724Z-9150d4/query_timing_tpch_idx.csv
Per-copy samples appended to logs/warm_stepup/20260918T141724Z-9150d4/query_samples_tpch_idx.csv
Last batch ended at epoch 1789742791.771 (PREV_END_EPOCH for the next invocation)
===== [46/159] queries/tpch/tpch-queries/q14/base.sql run_id=9D60D49308059DF8 =====
query_runner configuration:
  QUERY_DIR         = queries/tpch/tpch-queries/q14/base.sql
  LOGS_DIR          = logs/warm_stepup/20260918T141724Z-9150d4  (query_timing_/query_samples_/query_catalog_tpch_idx.csv)
  DB_NAME / DB_USER = tpch_idx / postgres
  PGPORT            = 5434  (server reports 18.4)
  RUN_ID            = 9D60D49308059DF8
  WARMUP            = 2 single-copy warm-ups (the first primes the cache)
  BATCH_SIZES       = 1 2 4 8 16  x RUNS=1 measured batches each
  WORKERS           = (planner default)
  STATEMENT_TIMEOUT = 900
  THERMAL_EQUALISE  = off
  sensors           = pkg:/sys/class/hwmon/hwmon8/temp1_input cores:4 cpufreq:8 throttle:8/8
  SIGLESS_ADDR      = (disabled)
Found 1 query under queries/tpch/tpch-queries/q14/base.sql

[1/1] queries/tpch/tpch-queries/q14/base.sql (2 warmup + step-up 1 2 4 8 16 x1)
  warmup 1/2: 1.494193 sec (cache prime)
  warmup 2/2: 0.229645 sec
  N=1   batch 1/1: 0.227398 sec, 1 copy (server sum 132.632 ms)
  N=2   batch 1/1: 0.340833 sec, 2 copies (server sum 242.436 ms)
  N=4   batch 1/1: 0.566927 sec, 4 copies (server sum 490.262 ms)
  N=8   batch 1/1: 1.026005 sec, 8 copies (server sum 930.776 ms)
  N=16  batch 1/1: 1.933483 sec, 16 copies (server sum 1796.078 ms)
  done: 5 sizes x 1 run (0 failures)

Done. Batch rows appended to logs/warm_stepup/20260918T141724Z-9150d4/query_timing_tpch_idx.csv
Per-copy samples appended to logs/warm_stepup/20260918T141724Z-9150d4/query_samples_tpch_idx.csv
Last batch ended at epoch 1789742801.904 (PREV_END_EPOCH for the next invocation)
===== [47/159] queries/tpch/tpch-queries/q16/v1_materialized.sql run_id=8696DB7EC8943960 =====
query_runner configuration:
  QUERY_DIR         = queries/tpch/tpch-queries/q16/v1_materialized.sql
  LOGS_DIR          = logs/warm_stepup/20260918T141724Z-9150d4  (query_timing_/query_samples_/query_catalog_tpch_idx.csv)
  DB_NAME / DB_USER = tpch_idx / postgres
  PGPORT            = 5434  (server reports 18.4)
  RUN_ID            = 8696DB7EC8943960
  WARMUP            = 2 single-copy warm-ups (the first primes the cache)
  BATCH_SIZES       = 1 2 4 8 16  x RUNS=1 measured batches each
  WORKERS           = (planner default)
  STATEMENT_TIMEOUT = 900
  THERMAL_EQUALISE  = off
  sensors           = pkg:/sys/class/hwmon/hwmon8/temp1_input cores:4 cpufreq:8 throttle:8/8
  SIGLESS_ADDR      = (disabled)
Found 1 query under queries/tpch/tpch-queries/q16/v1_materialized.sql

[1/1] queries/tpch/tpch-queries/q16/v1_materialized.sql (2 warmup + step-up 1 2 4 8 16 x1)
  warmup 1/2: 0.568734 sec (cache prime)
  warmup 2/2: 0.342344 sec
  N=1   batch 1/1: 0.296883 sec, 1 copy (server sum 222.196 ms)
  N=2   batch 1/1: 0.543590 sec, 2 copies (server sum 448.540 ms)
  N=4   batch 1/1: 0.970778 sec, 4 copies (server sum 906.850 ms)
  N=8   batch 1/1: 1.855771 sec, 8 copies (server sum 1771.886 ms)
  N=16  batch 1/1: 3.798596 sec, 16 copies (server sum 3700.001 ms)
  done: 5 sizes x 1 run (0 failures)

Done. Batch rows appended to logs/warm_stepup/20260918T141724Z-9150d4/query_timing_tpch_idx.csv
Per-copy samples appended to logs/warm_stepup/20260918T141724Z-9150d4/query_samples_tpch_idx.csv
Last batch ended at epoch 1789742814.321 (PREV_END_EPOCH for the next invocation)
===== [48/159] queries/tpch/tpch-queries/q16/base.sql run_id=8306B46822D460A2 =====
query_runner configuration:
  QUERY_DIR         = queries/tpch/tpch-queries/q16/base.sql
  LOGS_DIR          = logs/warm_stepup/20260918T141724Z-9150d4  (query_timing_/query_samples_/query_catalog_tpch_idx.csv)
  DB_NAME / DB_USER = tpch_idx / postgres
  PGPORT            = 5434  (server reports 18.4)
  RUN_ID            = 8306B46822D460A2
  WARMUP            = 2 single-copy warm-ups (the first primes the cache)
  BATCH_SIZES       = 1 2 4 8 16  x RUNS=1 measured batches each
  WORKERS           = (planner default)
  STATEMENT_TIMEOUT = 900
  THERMAL_EQUALISE  = off
  sensors           = pkg:/sys/class/hwmon/hwmon8/temp1_input cores:4 cpufreq:8 throttle:8/8
  SIGLESS_ADDR      = (disabled)
Found 1 query under queries/tpch/tpch-queries/q16/base.sql

[1/1] queries/tpch/tpch-queries/q16/base.sql (2 warmup + step-up 1 2 4 8 16 x1)
  warmup 1/2: 0.528680 sec (cache prime)
  warmup 2/2: 0.330190 sec
  N=1   batch 1/1: 0.339715 sec, 1 copy (server sum 247.089 ms)
  N=2   batch 1/1: 0.566263 sec, 2 copies (server sum 482.833 ms)
  N=4   batch 1/1: 0.973599 sec, 4 copies (server sum 906.438 ms)
  N=8   batch 1/1: 1.885592 sec, 8 copies (server sum 1803.415 ms)
  N=16  batch 1/1: 3.760615 sec, 16 copies (server sum 3663.312 ms)
  done: 5 sizes x 1 run (0 failures)

Done. Batch rows appended to logs/warm_stepup/20260918T141724Z-9150d4/query_timing_tpch_idx.csv
Per-copy samples appended to logs/warm_stepup/20260918T141724Z-9150d4/query_samples_tpch_idx.csv
Last batch ended at epoch 1789742826.464 (PREV_END_EPOCH for the next invocation)
===== [49/159] queries/tpch/tpch-queries/q06/base.sql run_id=7B9AB2C3A6240B1D =====
query_runner configuration:
  QUERY_DIR         = queries/tpch/tpch-queries/q06/base.sql
  LOGS_DIR          = logs/warm_stepup/20260918T141724Z-9150d4  (query_timing_/query_samples_/query_catalog_tpch_idx.csv)
  DB_NAME / DB_USER = tpch_idx / postgres
  PGPORT            = 5434  (server reports 18.4)
  RUN_ID            = 7B9AB2C3A6240B1D
  WARMUP            = 2 single-copy warm-ups (the first primes the cache)
  BATCH_SIZES       = 1 2 4 8 16  x RUNS=1 measured batches each
  WORKERS           = (planner default)
  STATEMENT_TIMEOUT = 900
  THERMAL_EQUALISE  = off
  sensors           = pkg:/sys/class/hwmon/hwmon8/temp1_input cores:4 cpufreq:8 throttle:8/8
  SIGLESS_ADDR      = (disabled)
Found 1 query under queries/tpch/tpch-queries/q06/base.sql

[1/1] queries/tpch/tpch-queries/q06/base.sql (2 warmup + step-up 1 2 4 8 16 x1)
  warmup 1/2: 0.315000 sec (cache prime)
  warmup 2/2: 0.149629 sec
  N=1   batch 1/1: 0.108679 sec, 1 copy (server sum 60.170 ms)
  N=2   batch 1/1: 0.192804 sec, 2 copies (server sum 113.980 ms)
  N=4   batch 1/1: 0.266140 sec, 4 copies (server sum 225.143 ms)
  N=8   batch 1/1: 0.571456 sec, 8 copies (server sum 442.902 ms)
  N=16  batch 1/1: 1.043603 sec, 16 copies (server sum 964.507 ms)
  done: 5 sizes x 1 run (0 failures)

Done. Batch rows appended to logs/warm_stepup/20260918T141724Z-9150d4/query_timing_tpch_idx.csv
Per-copy samples appended to logs/warm_stepup/20260918T141724Z-9150d4/query_samples_tpch_idx.csv
Last batch ended at epoch 1789742833.096 (PREV_END_EPOCH for the next invocation)
===== [50/159] queries/tpch/tpch-queries/q11/v2_cte_threshold.sql run_id=46679A0A7184B204 =====
query_runner configuration:
  QUERY_DIR         = queries/tpch/tpch-queries/q11/v2_cte_threshold.sql
  LOGS_DIR          = logs/warm_stepup/20260918T141724Z-9150d4  (query_timing_/query_samples_/query_catalog_tpch_idx.csv)
  DB_NAME / DB_USER = tpch_idx / postgres
  PGPORT            = 5434  (server reports 18.4)
  RUN_ID            = 46679A0A7184B204
  WARMUP            = 2 single-copy warm-ups (the first primes the cache)
  BATCH_SIZES       = 1 2 4 8 16  x RUNS=1 measured batches each
  WORKERS           = (planner default)
  STATEMENT_TIMEOUT = 900
  THERMAL_EQUALISE  = off
  sensors           = pkg:/sys/class/hwmon/hwmon8/temp1_input cores:4 cpufreq:8 throttle:8/8
  SIGLESS_ADDR      = (disabled)
Found 1 query under queries/tpch/tpch-queries/q11/v2_cte_threshold.sql

[1/1] queries/tpch/tpch-queries/q11/v2_cte_threshold.sql (2 warmup + step-up 1 2 4 8 16 x1)
  warmup 1/2: 1.839972 sec (cache prime)
  warmup 2/2: 0.138792 sec
  N=1   batch 1/1: 0.125165 sec, 1 copy (server sum 77.900 ms)
  N=2   batch 1/1: 0.249107 sec, 2 copies (server sum 155.786 ms)
  N=4   batch 1/1: 0.375164 sec, 4 copies (server sum 302.376 ms)
  N=8   batch 1/1: 0.680747 sec, 8 copies (server sum 604.964 ms)
  N=16  batch 1/1: 1.263196 sec, 16 copies (server sum 1182.603 ms)
  done: 5 sizes x 1 run (0 failures)

Done. Batch rows appended to logs/warm_stepup/20260918T141724Z-9150d4/query_timing_tpch_idx.csv
Per-copy samples appended to logs/warm_stepup/20260918T141724Z-9150d4/query_samples_tpch_idx.csv
Last batch ended at epoch 1789742842.040 (PREV_END_EPOCH for the next invocation)
===== [51/159] queries/tpch/tpch-queries/q11/v1_materialized.sql run_id=94659888C651505D =====
query_runner configuration:
  QUERY_DIR         = queries/tpch/tpch-queries/q11/v1_materialized.sql
  LOGS_DIR          = logs/warm_stepup/20260918T141724Z-9150d4  (query_timing_/query_samples_/query_catalog_tpch_idx.csv)
  DB_NAME / DB_USER = tpch_idx / postgres
  PGPORT            = 5434  (server reports 18.4)
  RUN_ID            = 94659888C651505D
  WARMUP            = 2 single-copy warm-ups (the first primes the cache)
  BATCH_SIZES       = 1 2 4 8 16  x RUNS=1 measured batches each
  WORKERS           = (planner default)
  STATEMENT_TIMEOUT = 900
  THERMAL_EQUALISE  = off
  sensors           = pkg:/sys/class/hwmon/hwmon8/temp1_input cores:4 cpufreq:8 throttle:8/8
  SIGLESS_ADDR      = (disabled)
Found 1 query under queries/tpch/tpch-queries/q11/v1_materialized.sql

[1/1] queries/tpch/tpch-queries/q11/v1_materialized.sql (2 warmup + step-up 1 2 4 8 16 x1)
  warmup 1/2: 1.887184 sec (cache prime)
  warmup 2/2: 0.134107 sec
  N=1   batch 1/1: 0.125879 sec, 1 copy (server sum 78.804 ms)
  N=2   batch 1/1: 0.205070 sec, 2 copies (server sum 155.168 ms)
  N=4   batch 1/1: 0.365181 sec, 4 copies (server sum 301.546 ms)
  N=8   batch 1/1: 0.662036 sec, 8 copies (server sum 597.001 ms)
  N=16  batch 1/1: 1.260200 sec, 16 copies (server sum 1180.237 ms)
  done: 5 sizes x 1 run (0 failures)

Done. Batch rows appended to logs/warm_stepup/20260918T141724Z-9150d4/query_timing_tpch_idx.csv
Per-copy samples appended to logs/warm_stepup/20260918T141724Z-9150d4/query_samples_tpch_idx.csv
Last batch ended at epoch 1789742850.829 (PREV_END_EPOCH for the next invocation)
===== [52/159] queries/tpch/tpch-queries/q06/base.sql run_id=A8B66520EBC2885B =====
query_runner configuration:
  QUERY_DIR         = queries/tpch/tpch-queries/q06/base.sql
  LOGS_DIR          = logs/warm_stepup/20260918T141724Z-9150d4  (query_timing_/query_samples_/query_catalog_tpch_idx.csv)
  DB_NAME / DB_USER = tpch_idx / postgres
  PGPORT            = 5434  (server reports 18.4)
  RUN_ID            = A8B66520EBC2885B
  WARMUP            = 2 single-copy warm-ups (the first primes the cache)
  BATCH_SIZES       = 1 2 4 8 16  x RUNS=1 measured batches each
  WORKERS           = (planner default)
  STATEMENT_TIMEOUT = 900
  THERMAL_EQUALISE  = off
  sensors           = pkg:/sys/class/hwmon/hwmon8/temp1_input cores:4 cpufreq:8 throttle:8/8
  SIGLESS_ADDR      = (disabled)
Found 1 query under queries/tpch/tpch-queries/q06/base.sql

[1/1] queries/tpch/tpch-queries/q06/base.sql (2 warmup + step-up 1 2 4 8 16 x1)
  warmup 1/2: 0.307976 sec (cache prime)
  warmup 2/2: 0.150152 sec
  N=1   batch 1/1: 0.106922 sec, 1 copy (server sum 53.946 ms)
  N=2   batch 1/1: 0.196560 sec, 2 copies (server sum 107.730 ms)
  N=4   batch 1/1: 0.274850 sec, 4 copies (server sum 234.022 ms)
  N=8   batch 1/1: 0.564393 sec, 8 copies (server sum 436.337 ms)
  N=16  batch 1/1: 0.942849 sec, 16 copies (server sum 892.940 ms)
  done: 5 sizes x 1 run (0 failures)

Done. Batch rows appended to logs/warm_stepup/20260918T141724Z-9150d4/query_timing_tpch_idx.csv
Per-copy samples appended to logs/warm_stepup/20260918T141724Z-9150d4/query_samples_tpch_idx.csv
Last batch ended at epoch 1789742857.269 (PREV_END_EPOCH for the next invocation)
===== [53/159] queries/tpch/tpch-queries/q08/v1_materialized.sql run_id=AA69F6A12E7FFD34 =====
query_runner configuration:
  QUERY_DIR         = queries/tpch/tpch-queries/q08/v1_materialized.sql
  LOGS_DIR          = logs/warm_stepup/20260918T141724Z-9150d4  (query_timing_/query_samples_/query_catalog_tpch_idx.csv)
  DB_NAME / DB_USER = tpch_idx / postgres
  PGPORT            = 5434  (server reports 18.4)
  RUN_ID            = AA69F6A12E7FFD34
  WARMUP            = 2 single-copy warm-ups (the first primes the cache)
  BATCH_SIZES       = 1 2 4 8 16  x RUNS=1 measured batches each
  WORKERS           = (planner default)
  STATEMENT_TIMEOUT = 900
  THERMAL_EQUALISE  = off
  sensors           = pkg:/sys/class/hwmon/hwmon8/temp1_input cores:4 cpufreq:8 throttle:8/8
  SIGLESS_ADDR      = (disabled)
Found 1 query under queries/tpch/tpch-queries/q08/v1_materialized.sql

[1/1] queries/tpch/tpch-queries/q08/v1_materialized.sql (2 warmup + step-up 1 2 4 8 16 x1)
  warmup 1/2: 5.775099 sec (cache prime)
  warmup 2/2: 0.202181 sec
  N=1   batch 1/1: 0.191876 sec, 1 copy (server sum 125.931 ms)
  N=2   batch 1/1: 0.294112 sec, 2 copies (server sum 244.805 ms)
  N=4   batch 1/1: 0.550788 sec, 4 copies (server sum 487.424 ms)
  N=8   batch 1/1: 1.030807 sec, 8 copies (server sum 949.553 ms)
  N=16  batch 1/1: 2.012903 sec, 16 copies (server sum 1870.325 ms)
  done: 5 sizes x 1 run (0 failures)

Done. Batch rows appended to logs/warm_stepup/20260918T141724Z-9150d4/query_timing_tpch_idx.csv
Per-copy samples appended to logs/warm_stepup/20260918T141724Z-9150d4/query_samples_tpch_idx.csv
Last batch ended at epoch 1789742871.461 (PREV_END_EPOCH for the next invocation)
===== [54/159] queries/tpch/tpch-queries/q08/base.sql run_id=3D489E4D6BA02C59 =====
query_runner configuration:
  QUERY_DIR         = queries/tpch/tpch-queries/q08/base.sql
  LOGS_DIR          = logs/warm_stepup/20260918T141724Z-9150d4  (query_timing_/query_samples_/query_catalog_tpch_idx.csv)
  DB_NAME / DB_USER = tpch_idx / postgres
  PGPORT            = 5434  (server reports 18.4)
  RUN_ID            = 3D489E4D6BA02C59
  WARMUP            = 2 single-copy warm-ups (the first primes the cache)
  BATCH_SIZES       = 1 2 4 8 16  x RUNS=1 measured batches each
  WORKERS           = (planner default)
  STATEMENT_TIMEOUT = 900
  THERMAL_EQUALISE  = off
  sensors           = pkg:/sys/class/hwmon/hwmon8/temp1_input cores:4 cpufreq:8 throttle:8/8
  SIGLESS_ADDR      = (disabled)
Found 1 query under queries/tpch/tpch-queries/q08/base.sql

[1/1] queries/tpch/tpch-queries/q08/base.sql (2 warmup + step-up 1 2 4 8 16 x1)
  warmup 1/2: 5.730273 sec (cache prime)
  warmup 2/2: 0.195802 sec
  N=1   batch 1/1: 0.174587 sec, 1 copy (server sum 127.838 ms)
  N=2   batch 1/1: 0.303748 sec, 2 copies (server sum 242.489 ms)
  N=4   batch 1/1: 0.550414 sec, 4 copies (server sum 481.571 ms)
  N=8   batch 1/1: 1.025576 sec, 8 copies (server sum 948.996 ms)
  N=16  batch 1/1: 1.988169 sec, 16 copies (server sum 1844.482 ms)
  done: 5 sizes x 1 run (0 failures)

Done. Batch rows appended to logs/warm_stepup/20260918T141724Z-9150d4/query_timing_tpch_idx.csv
Per-copy samples appended to logs/warm_stepup/20260918T141724Z-9150d4/query_samples_tpch_idx.csv
Last batch ended at epoch 1789742885.491 (PREV_END_EPOCH for the next invocation)
===== [55/159] queries/tpch/tpch-queries/q16/v2_not_exists.sql run_id=BFCEC9B436F0ED76 =====
query_runner configuration:
  QUERY_DIR         = queries/tpch/tpch-queries/q16/v2_not_exists.sql
  LOGS_DIR          = logs/warm_stepup/20260918T141724Z-9150d4  (query_timing_/query_samples_/query_catalog_tpch_idx.csv)
  DB_NAME / DB_USER = tpch_idx / postgres
  PGPORT            = 5434  (server reports 18.4)
  RUN_ID            = BFCEC9B436F0ED76
  WARMUP            = 2 single-copy warm-ups (the first primes the cache)
  BATCH_SIZES       = 1 2 4 8 16  x RUNS=1 measured batches each
  WORKERS           = (planner default)
  STATEMENT_TIMEOUT = 900
  THERMAL_EQUALISE  = off
  sensors           = pkg:/sys/class/hwmon/hwmon8/temp1_input cores:4 cpufreq:8 throttle:8/8
  SIGLESS_ADDR      = (disabled)
Found 1 query under queries/tpch/tpch-queries/q16/v2_not_exists.sql

[1/1] queries/tpch/tpch-queries/q16/v2_not_exists.sql (2 warmup + step-up 1 2 4 8 16 x1)
  warmup 1/2: 0.577404 sec (cache prime)
  warmup 2/2: 0.293877 sec
  N=1   batch 1/1: 0.264373 sec, 1 copy (server sum 208.766 ms)
  N=2   batch 1/1: 0.504279 sec, 2 copies (server sum 408.135 ms)
  N=4   batch 1/1: 0.876631 sec, 4 copies (server sum 824.221 ms)
  N=8   batch 1/1: 1.735704 sec, 8 copies (server sum 1665.724 ms)
  N=16  batch 1/1: 3.421895 sec, 16 copies (server sum 3360.903 ms)
  done: 5 sizes x 1 run (0 failures)

Done. Batch rows appended to logs/warm_stepup/20260918T141724Z-9150d4/query_timing_tpch_idx.csv
Per-copy samples appended to logs/warm_stepup/20260918T141724Z-9150d4/query_samples_tpch_idx.csv
Last batch ended at epoch 1789742897.483 (PREV_END_EPOCH for the next invocation)
===== [56/159] queries/tpch/tpch-queries/q21/base.sql run_id=BD47868C56DA7D21 =====
query_runner configuration:
  QUERY_DIR         = queries/tpch/tpch-queries/q21/base.sql
  LOGS_DIR          = logs/warm_stepup/20260918T141724Z-9150d4  (query_timing_/query_samples_/query_catalog_tpch_idx.csv)
  DB_NAME / DB_USER = tpch_idx / postgres
  PGPORT            = 5434  (server reports 18.4)
  RUN_ID            = BD47868C56DA7D21
  WARMUP            = 2 single-copy warm-ups (the first primes the cache)
  BATCH_SIZES       = 1 2 4 8 16  x RUNS=1 measured batches each
  WORKERS           = (planner default)
  STATEMENT_TIMEOUT = 900
  THERMAL_EQUALISE  = off
  sensors           = pkg:/sys/class/hwmon/hwmon8/temp1_input cores:4 cpufreq:8 throttle:8/8
  SIGLESS_ADDR      = (disabled)
Found 1 query under queries/tpch/tpch-queries/q21/base.sql

[1/1] queries/tpch/tpch-queries/q21/base.sql (2 warmup + step-up 1 2 4 8 16 x1)
  warmup 1/2: 10.923931 sec (cache prime)
  warmup 2/2: 0.555424 sec
  N=1   batch 1/1: 0.517050 sec, 1 copy (server sum 465.107 ms)
  N=2   batch 1/1: 1.056559 sec, 2 copies (server sum 943.885 ms)
  N=4   batch 1/1: 1.924640 sec, 4 copies (server sum 1783.013 ms)
  N=8   batch 1/1: 3.694820 sec, 8 copies (server sum 3583.149 ms)
  N=16  batch 1/1: 7.299187 sec, 16 copies (server sum 7162.800 ms)
  done: 5 sizes x 1 run (0 failures)

Done. Batch rows appended to logs/warm_stepup/20260918T141724Z-9150d4/query_timing_tpch_idx.csv
Per-copy samples appended to logs/warm_stepup/20260918T141724Z-9150d4/query_samples_tpch_idx.csv
Last batch ended at epoch 1789742927.495 (PREV_END_EPOCH for the next invocation)
===== [57/159] queries/tpch/tpch-queries/q07/v2_union_all.sql run_id=3C9807AE6D49AB17 =====
query_runner configuration:
  QUERY_DIR         = queries/tpch/tpch-queries/q07/v2_union_all.sql
  LOGS_DIR          = logs/warm_stepup/20260918T141724Z-9150d4  (query_timing_/query_samples_/query_catalog_tpch_idx.csv)
  DB_NAME / DB_USER = tpch_idx / postgres
  PGPORT            = 5434  (server reports 18.4)
  RUN_ID            = 3C9807AE6D49AB17
  WARMUP            = 2 single-copy warm-ups (the first primes the cache)
  BATCH_SIZES       = 1 2 4 8 16  x RUNS=1 measured batches each
  WORKERS           = (planner default)
  STATEMENT_TIMEOUT = 900
  THERMAL_EQUALISE  = off
  sensors           = pkg:/sys/class/hwmon/hwmon8/temp1_input cores:4 cpufreq:8 throttle:8/8
  SIGLESS_ADDR      = (disabled)
Found 1 query under queries/tpch/tpch-queries/q07/v2_union_all.sql

[1/1] queries/tpch/tpch-queries/q07/v2_union_all.sql (2 warmup + step-up 1 2 4 8 16 x1)
  warmup 1/2: 8.098964 sec (cache prime)
  warmup 2/2: 0.641584 sec
  N=1   batch 1/1: 0.687201 sec, 1 copy (server sum 587.683 ms)
  N=2   batch 1/1: 1.236980 sec, 2 copies (server sum 1160.379 ms)
  N=4   batch 1/1: 2.357788 sec, 4 copies (server sum 2285.636 ms)
  N=8   batch 1/1: 4.561452 sec, 8 copies (server sum 4497.147 ms)
  N=16  batch 1/1: 9.044551 sec, 16 copies (server sum 8954.442 ms)
  done: 5 sizes x 1 run (0 failures)

Done. Batch rows appended to logs/warm_stepup/20260918T141724Z-9150d4/query_timing_tpch_idx.csv
Per-copy samples appended to logs/warm_stepup/20260918T141724Z-9150d4/query_samples_tpch_idx.csv
Last batch ended at epoch 1789742958.679 (PREV_END_EPOCH for the next invocation)
===== [58/159] queries/tpch/tpch-queries/q08/base.sql run_id=218B85432393D9F8 =====
query_runner configuration:
  QUERY_DIR         = queries/tpch/tpch-queries/q08/base.sql
  LOGS_DIR          = logs/warm_stepup/20260918T141724Z-9150d4  (query_timing_/query_samples_/query_catalog_tpch_idx.csv)
  DB_NAME / DB_USER = tpch_idx / postgres
  PGPORT            = 5434  (server reports 18.4)
  RUN_ID            = 218B85432393D9F8
  WARMUP            = 2 single-copy warm-ups (the first primes the cache)
  BATCH_SIZES       = 1 2 4 8 16  x RUNS=1 measured batches each
  WORKERS           = (planner default)
  STATEMENT_TIMEOUT = 900
  THERMAL_EQUALISE  = off
  sensors           = pkg:/sys/class/hwmon/hwmon8/temp1_input cores:4 cpufreq:8 throttle:8/8
  SIGLESS_ADDR      = (disabled)
Found 1 query under queries/tpch/tpch-queries/q08/base.sql

[1/1] queries/tpch/tpch-queries/q08/base.sql (2 warmup + step-up 1 2 4 8 16 x1)
  warmup 1/2: 6.239756 sec (cache prime)
  warmup 2/2: 0.200257 sec
  N=1   batch 1/1: 0.173837 sec, 1 copy (server sum 127.864 ms)
  N=2   batch 1/1: 0.295546 sec, 2 copies (server sum 246.768 ms)
  N=4   batch 1/1: 0.554545 sec, 4 copies (server sum 489.467 ms)
  N=8   batch 1/1: 1.033987 sec, 8 copies (server sum 960.496 ms)
  N=16  batch 1/1: 1.996728 sec, 16 copies (server sum 1891.719 ms)
  done: 5 sizes x 1 run (0 failures)

Done. Batch rows appended to logs/warm_stepup/20260918T141724Z-9150d4/query_timing_tpch_idx.csv
Per-copy samples appended to logs/warm_stepup/20260918T141724Z-9150d4/query_samples_tpch_idx.csv
Last batch ended at epoch 1789742973.399 (PREV_END_EPOCH for the next invocation)
===== [59/159] queries/tpch/tpch-queries/q19/base.sql run_id=5AD9CAB269E38348 =====
query_runner configuration:
  QUERY_DIR         = queries/tpch/tpch-queries/q19/base.sql
  LOGS_DIR          = logs/warm_stepup/20260918T141724Z-9150d4  (query_timing_/query_samples_/query_catalog_tpch_idx.csv)
  DB_NAME / DB_USER = tpch_idx / postgres
  PGPORT            = 5434  (server reports 18.4)
  RUN_ID            = 5AD9CAB269E38348
  WARMUP            = 2 single-copy warm-ups (the first primes the cache)
  BATCH_SIZES       = 1 2 4 8 16  x RUNS=1 measured batches each
  WORKERS           = (planner default)
  STATEMENT_TIMEOUT = 900
  THERMAL_EQUALISE  = off
  sensors           = pkg:/sys/class/hwmon/hwmon8/temp1_input cores:4 cpufreq:8 throttle:8/8
  SIGLESS_ADDR      = (disabled)
Found 1 query under queries/tpch/tpch-queries/q19/base.sql

[1/1] queries/tpch/tpch-queries/q19/base.sql (2 warmup + step-up 1 2 4 8 16 x1)
  warmup 1/2: 2.545253 sec (cache prime)
  warmup 2/2: 0.124754 sec
  N=1   batch 1/1: 0.116248 sec, 1 copy (server sum 26.383 ms)
  N=2   batch 1/1: 0.143676 sec, 2 copies (server sum 50.776 ms)
  N=4   batch 1/1: 0.175550 sec, 4 copies (server sum 99.285 ms)
  N=8   batch 1/1: 0.241662 sec, 8 copies (server sum 194.403 ms)
  N=16  batch 1/1: 0.491229 sec, 16 copies (server sum 382.351 ms)
  done: 5 sizes x 1 run (0 failures)

Done. Batch rows appended to logs/warm_stepup/20260918T141724Z-9150d4/query_timing_tpch_idx.csv
Per-copy samples appended to logs/warm_stepup/20260918T141724Z-9150d4/query_samples_tpch_idx.csv
Last batch ended at epoch 1789742981.296 (PREV_END_EPOCH for the next invocation)
===== [60/159] queries/tpch/tpch-queries/q11/v2_cte_threshold.sql run_id=9E02B8A1A666769F =====
query_runner configuration:
  QUERY_DIR         = queries/tpch/tpch-queries/q11/v2_cte_threshold.sql
  LOGS_DIR          = logs/warm_stepup/20260918T141724Z-9150d4  (query_timing_/query_samples_/query_catalog_tpch_idx.csv)
  DB_NAME / DB_USER = tpch_idx / postgres
  PGPORT            = 5434  (server reports 18.4)
  RUN_ID            = 9E02B8A1A666769F
  WARMUP            = 2 single-copy warm-ups (the first primes the cache)
  BATCH_SIZES       = 1 2 4 8 16  x RUNS=1 measured batches each
  WORKERS           = (planner default)
  STATEMENT_TIMEOUT = 900
  THERMAL_EQUALISE  = off
  sensors           = pkg:/sys/class/hwmon/hwmon8/temp1_input cores:4 cpufreq:8 throttle:8/8
  SIGLESS_ADDR      = (disabled)
Found 1 query under queries/tpch/tpch-queries/q11/v2_cte_threshold.sql

[1/1] queries/tpch/tpch-queries/q11/v2_cte_threshold.sql (2 warmup + step-up 1 2 4 8 16 x1)
  warmup 1/2: 1.836634 sec (cache prime)
  warmup 2/2: 0.135492 sec
  N=1   batch 1/1: 0.147699 sec, 1 copy (server sum 77.998 ms)
  N=2   batch 1/1: 0.228023 sec, 2 copies (server sum 150.189 ms)
  N=4   batch 1/1: 0.348201 sec, 4 copies (server sum 293.107 ms)
  N=8   batch 1/1: 0.671449 sec, 8 copies (server sum 596.610 ms)
  N=16  batch 1/1: 1.257554 sec, 16 copies (server sum 1179.935 ms)
  done: 5 sizes x 1 run (0 failures)

Done. Batch rows appended to logs/warm_stepup/20260918T141724Z-9150d4/query_timing_tpch_idx.csv
Per-copy samples appended to logs/warm_stepup/20260918T141724Z-9150d4/query_samples_tpch_idx.csv
Last batch ended at epoch 1789742990.159 (PREV_END_EPOCH for the next invocation)
===== [61/159] queries/tpch/tpch-queries/q13/v1_materialized.sql run_id=F0660E9861DFCA47 =====
query_runner configuration:
  QUERY_DIR         = queries/tpch/tpch-queries/q13/v1_materialized.sql
  LOGS_DIR          = logs/warm_stepup/20260918T141724Z-9150d4  (query_timing_/query_samples_/query_catalog_tpch_idx.csv)
  DB_NAME / DB_USER = tpch_idx / postgres
  PGPORT            = 5434  (server reports 18.4)
  RUN_ID            = F0660E9861DFCA47
  WARMUP            = 2 single-copy warm-ups (the first primes the cache)
  BATCH_SIZES       = 1 2 4 8 16  x RUNS=1 measured batches each
  WORKERS           = (planner default)
  STATEMENT_TIMEOUT = 900
  THERMAL_EQUALISE  = off
  sensors           = pkg:/sys/class/hwmon/hwmon8/temp1_input cores:4 cpufreq:8 throttle:8/8
  SIGLESS_ADDR      = (disabled)
Found 1 query under queries/tpch/tpch-queries/q13/v1_materialized.sql

[1/1] queries/tpch/tpch-queries/q13/v1_materialized.sql (2 warmup + step-up 1 2 4 8 16 x1)
  warmup 1/2: 1.829071 sec (cache prime)
  warmup 2/2: 1.509098 sec
  N=1   batch 1/1: 1.478677 sec, 1 copy (server sum 1420.780 ms)
  N=2   batch 1/1: 2.834095 sec, 2 copies (server sum 2784.710 ms)
  N=4   batch 1/1: 5.527879 sec, 4 copies (server sum 5460.249 ms)
  N=8   batch 1/1: 10.873848 sec, 8 copies (server sum 10811.815 ms)
  N=16  batch 1/1: 21.610411 sec, 16 copies (server sum 21538.909 ms)
  done: 5 sizes x 1 run (0 failures)

Done. Batch rows appended to logs/warm_stepup/20260918T141724Z-9150d4/query_timing_tpch_idx.csv
Per-copy samples appended to logs/warm_stepup/20260918T141724Z-9150d4/query_samples_tpch_idx.csv
Last batch ended at epoch 1789743039.952 (PREV_END_EPOCH for the next invocation)
===== [62/159] queries/tpch/tpch-queries/q09/v1_materialized.sql run_id=84081DA5A5478D48 =====
query_runner configuration:
  QUERY_DIR         = queries/tpch/tpch-queries/q09/v1_materialized.sql
  LOGS_DIR          = logs/warm_stepup/20260918T141724Z-9150d4  (query_timing_/query_samples_/query_catalog_tpch_idx.csv)
  DB_NAME / DB_USER = tpch_idx / postgres
  PGPORT            = 5434  (server reports 18.4)
  RUN_ID            = 84081DA5A5478D48
  WARMUP            = 2 single-copy warm-ups (the first primes the cache)
  BATCH_SIZES       = 1 2 4 8 16  x RUNS=1 measured batches each
  WORKERS           = (planner default)
  STATEMENT_TIMEOUT = 900
  THERMAL_EQUALISE  = off
  sensors           = pkg:/sys/class/hwmon/hwmon8/temp1_input cores:4 cpufreq:8 throttle:8/8
  SIGLESS_ADDR      = (disabled)
Found 1 query under queries/tpch/tpch-queries/q09/v1_materialized.sql

[1/1] queries/tpch/tpch-queries/q09/v1_materialized.sql (2 warmup + step-up 1 2 4 8 16 x1)
  warmup 1/2: 8.645414 sec (cache prime)
  warmup 2/2: 1.135835 sec
  N=1   batch 1/1: 1.070283 sec, 1 copy (server sum 1025.984 ms)
  N=2   batch 1/1: 2.109746 sec, 2 copies (server sum 2017.032 ms)
  N=4   batch 1/1: 4.080530 sec, 4 copies (server sum 4000.826 ms)
  N=8   batch 1/1: 8.096383 sec, 8 copies (server sum 8023.036 ms)
  N=16  batch 1/1: 16.236013 sec, 16 copies (server sum 16110.782 ms)
  done: 5 sizes x 1 run (0 failures)

Done. Batch rows appended to logs/warm_stepup/20260918T141724Z-9150d4/query_timing_tpch_idx.csv
Per-copy samples appended to logs/warm_stepup/20260918T141724Z-9150d4/query_samples_tpch_idx.csv
Last batch ended at epoch 1789743085.509 (PREV_END_EPOCH for the next invocation)
===== [63/159] queries/tpch/tpch-queries/q01/base.sql run_id=0FADA5E71A377D5C =====
query_runner configuration:
  QUERY_DIR         = queries/tpch/tpch-queries/q01/base.sql
  LOGS_DIR          = logs/warm_stepup/20260918T141724Z-9150d4  (query_timing_/query_samples_/query_catalog_tpch_idx.csv)
  DB_NAME / DB_USER = tpch_idx / postgres
  PGPORT            = 5434  (server reports 18.4)
  RUN_ID            = 0FADA5E71A377D5C
  WARMUP            = 2 single-copy warm-ups (the first primes the cache)
  BATCH_SIZES       = 1 2 4 8 16  x RUNS=1 measured batches each
  WORKERS           = (planner default)
  STATEMENT_TIMEOUT = 900
  THERMAL_EQUALISE  = off
  sensors           = pkg:/sys/class/hwmon/hwmon8/temp1_input cores:4 cpufreq:8 throttle:8/8
  SIGLESS_ADDR      = (disabled)
Found 1 query under queries/tpch/tpch-queries/q01/base.sql

[1/1] queries/tpch/tpch-queries/q01/base.sql (2 warmup + step-up 1 2 4 8 16 x1)
  warmup 1/2: 2.166662 sec (cache prime)
  warmup 2/2: 1.520154 sec
  N=1   batch 1/1: 1.619381 sec, 1 copy (server sum 1527.267 ms)
  N=2   batch 1/1: 3.181528 sec, 2 copies (server sum 3043.602 ms)
  N=4   batch 1/1: 6.288774 sec, 4 copies (server sum 6215.239 ms)
  N=8   batch 1/1: 13.107698 sec, 8 copies (server sum 12993.187 ms)
  N=16  batch 1/1: 27.151312 sec, 16 copies (server sum 26994.439 ms)
  done: 5 sizes x 1 run (0 failures)

Done. Batch rows appended to logs/warm_stepup/20260918T141724Z-9150d4/query_timing_tpch_idx.csv
Per-copy samples appended to logs/warm_stepup/20260918T141724Z-9150d4/query_samples_tpch_idx.csv
Last batch ended at epoch 1789743144.913 (PREV_END_EPOCH for the next invocation)
===== [64/159] queries/tpch/tpch-queries/q08/v2_filter.sql run_id=ED5AD0F352BBA005 =====
query_runner configuration:
  QUERY_DIR         = queries/tpch/tpch-queries/q08/v2_filter.sql
  LOGS_DIR          = logs/warm_stepup/20260918T141724Z-9150d4  (query_timing_/query_samples_/query_catalog_tpch_idx.csv)
  DB_NAME / DB_USER = tpch_idx / postgres
  PGPORT            = 5434  (server reports 18.4)
  RUN_ID            = ED5AD0F352BBA005
  WARMUP            = 2 single-copy warm-ups (the first primes the cache)
  BATCH_SIZES       = 1 2 4 8 16  x RUNS=1 measured batches each
  WORKERS           = (planner default)
  STATEMENT_TIMEOUT = 900
  THERMAL_EQUALISE  = off
  sensors           = pkg:/sys/class/hwmon/hwmon8/temp1_input cores:4 cpufreq:8 throttle:8/8
  SIGLESS_ADDR      = (disabled)
Found 1 query under queries/tpch/tpch-queries/q08/v2_filter.sql

[1/1] queries/tpch/tpch-queries/q08/v2_filter.sql (2 warmup + step-up 1 2 4 8 16 x1)
  warmup 1/2: 7.408311 sec (cache prime)
  warmup 2/2: 0.172378 sec
  N=1   batch 1/1: 0.176051 sec, 1 copy (server sum 127.747 ms)
  N=2   batch 1/1: 0.296878 sec, 2 copies (server sum 246.482 ms)
  N=4   batch 1/1: 0.556997 sec, 4 copies (server sum 487.278 ms)
  N=8   batch 1/1: 1.034466 sec, 8 copies (server sum 967.069 ms)
  N=16  batch 1/1: 2.002356 sec, 16 copies (server sum 1876.254 ms)
  done: 5 sizes x 1 run (0 failures)

Done. Batch rows appended to logs/warm_stepup/20260918T141724Z-9150d4/query_timing_tpch_idx.csv
Per-copy samples appended to logs/warm_stepup/20260918T141724Z-9150d4/query_samples_tpch_idx.csv
Last batch ended at epoch 1789743160.605 (PREV_END_EPOCH for the next invocation)
===== [65/159] queries/tpch/tpch-queries/q12/v1_materialized.sql run_id=39B0904D4548A183 =====
query_runner configuration:
  QUERY_DIR         = queries/tpch/tpch-queries/q12/v1_materialized.sql
  LOGS_DIR          = logs/warm_stepup/20260918T141724Z-9150d4  (query_timing_/query_samples_/query_catalog_tpch_idx.csv)
  DB_NAME / DB_USER = tpch_idx / postgres
  PGPORT            = 5434  (server reports 18.4)
  RUN_ID            = 39B0904D4548A183
  WARMUP            = 2 single-copy warm-ups (the first primes the cache)
  BATCH_SIZES       = 1 2 4 8 16  x RUNS=1 measured batches each
  WORKERS           = (planner default)
  STATEMENT_TIMEOUT = 900
  THERMAL_EQUALISE  = off
  sensors           = pkg:/sys/class/hwmon/hwmon8/temp1_input cores:4 cpufreq:8 throttle:8/8
  SIGLESS_ADDR      = (disabled)
Found 1 query under queries/tpch/tpch-queries/q12/v1_materialized.sql

[1/1] queries/tpch/tpch-queries/q12/v1_materialized.sql (2 warmup + step-up 1 2 4 8 16 x1)
  warmup 1/2: 1.709278 sec (cache prime)
  warmup 2/2: 0.379645 sec
  N=1   batch 1/1: 0.369492 sec, 1 copy (server sum 316.939 ms)
  N=2   batch 1/1: 0.620161 sec, 2 copies (server sum 557.246 ms)
  N=4   batch 1/1: 1.179848 sec, 4 copies (server sum 1063.268 ms)
  N=8   batch 1/1: 2.153370 sec, 8 copies (server sum 2079.717 ms)
  N=16  batch 1/1: 4.256843 sec, 16 copies (server sum 4201.476 ms)
  done: 5 sizes x 1 run (0 failures)

Done. Batch rows appended to logs/warm_stepup/20260918T141724Z-9150d4/query_timing_tpch_idx.csv
Per-copy samples appended to logs/warm_stepup/20260918T141724Z-9150d4/query_samples_tpch_idx.csv
Last batch ended at epoch 1789743175.439 (PREV_END_EPOCH for the next invocation)
===== [66/159] queries/tpch/tpch-queries/q19/v1_materialized.sql run_id=FCDC8467B670FDAB =====
query_runner configuration:
  QUERY_DIR         = queries/tpch/tpch-queries/q19/v1_materialized.sql
  LOGS_DIR          = logs/warm_stepup/20260918T141724Z-9150d4  (query_timing_/query_samples_/query_catalog_tpch_idx.csv)
  DB_NAME / DB_USER = tpch_idx / postgres
  PGPORT            = 5434  (server reports 18.4)
  RUN_ID            = FCDC8467B670FDAB
  WARMUP            = 2 single-copy warm-ups (the first primes the cache)
  BATCH_SIZES       = 1 2 4 8 16  x RUNS=1 measured batches each
  WORKERS           = (planner default)
  STATEMENT_TIMEOUT = 900
  THERMAL_EQUALISE  = off
  sensors           = pkg:/sys/class/hwmon/hwmon8/temp1_input cores:4 cpufreq:8 throttle:8/8
  SIGLESS_ADDR      = (disabled)
Found 1 query under queries/tpch/tpch-queries/q19/v1_materialized.sql

[1/1] queries/tpch/tpch-queries/q19/v1_materialized.sql (2 warmup + step-up 1 2 4 8 16 x1)
  warmup 1/2: 2.239199 sec (cache prime)
  warmup 2/2: 0.096727 sec
  N=1   batch 1/1: 0.091466 sec, 1 copy (server sum 26.226 ms)
  N=2   batch 1/1: 0.147459 sec, 2 copies (server sum 50.128 ms)
  N=4   batch 1/1: 0.181868 sec, 4 copies (server sum 103.651 ms)
  N=8   batch 1/1: 0.240772 sec, 8 copies (server sum 191.971 ms)
  N=16  batch 1/1: 0.463446 sec, 16 copies (server sum 384.263 ms)
  done: 5 sizes x 1 run (0 failures)

Done. Batch rows appended to logs/warm_stepup/20260918T141724Z-9150d4/query_timing_tpch_idx.csv
Per-copy samples appended to logs/warm_stepup/20260918T141724Z-9150d4/query_samples_tpch_idx.csv
Last batch ended at epoch 1789743183.398 (PREV_END_EPOCH for the next invocation)
===== [67/159] queries/tpch/tpch-queries/q17/v2_decorrelate.sql run_id=CC9193E389963C2C =====
query_runner configuration:
  QUERY_DIR         = queries/tpch/tpch-queries/q17/v2_decorrelate.sql
  LOGS_DIR          = logs/warm_stepup/20260918T141724Z-9150d4  (query_timing_/query_samples_/query_catalog_tpch_idx.csv)
  DB_NAME / DB_USER = tpch_idx / postgres
  PGPORT            = 5434  (server reports 18.4)
  RUN_ID            = CC9193E389963C2C
  WARMUP            = 2 single-copy warm-ups (the first primes the cache)
  BATCH_SIZES       = 1 2 4 8 16  x RUNS=1 measured batches each
  WORKERS           = (planner default)
  STATEMENT_TIMEOUT = 900
  THERMAL_EQUALISE  = off
  sensors           = pkg:/sys/class/hwmon/hwmon8/temp1_input cores:4 cpufreq:8 throttle:8/8
  SIGLESS_ADDR      = (disabled)
Found 1 query under queries/tpch/tpch-queries/q17/v2_decorrelate.sql

[1/1] queries/tpch/tpch-queries/q17/v2_decorrelate.sql (2 warmup + step-up 1 2 4 8 16 x1)
  warmup 1/2: 4.556726 sec (cache prime)
  warmup 2/2: 3.879891 sec
  N=1   batch 1/1: 3.885177 sec, 1 copy (server sum 3839.088 ms)
  N=2   batch 1/1: 7.598426 sec, 2 copies (server sum 7539.488 ms)
  N=4   batch 1/1: 15.008898 sec, 4 copies (server sum 14942.823 ms)
  N=8   batch 1/1: 30.164328 sec, 8 copies (server sum 30099.208 ms)
  N=16  batch 1/1: 59.954144 sec, 16 copies (server sum 59877.961 ms)
  done: 5 sizes x 1 run (0 failures)

Done. Batch rows appended to logs/warm_stepup/20260918T141724Z-9150d4/query_timing_tpch_idx.csv
Per-copy samples appended to logs/warm_stepup/20260918T141724Z-9150d4/query_samples_tpch_idx.csv
Last batch ended at epoch 1789743312.372 (PREV_END_EPOCH for the next invocation)
===== [68/159] queries/tpch/tpch-queries/q22/v2_anti_join.sql run_id=15AA132251F7358D =====
query_runner configuration:
  QUERY_DIR         = queries/tpch/tpch-queries/q22/v2_anti_join.sql
  LOGS_DIR          = logs/warm_stepup/20260918T141724Z-9150d4  (query_timing_/query_samples_/query_catalog_tpch_idx.csv)
  DB_NAME / DB_USER = tpch_idx / postgres
  PGPORT            = 5434  (server reports 18.4)
  RUN_ID            = 15AA132251F7358D
  WARMUP            = 2 single-copy warm-ups (the first primes the cache)
  BATCH_SIZES       = 1 2 4 8 16  x RUNS=1 measured batches each
  WORKERS           = (planner default)
  STATEMENT_TIMEOUT = 900
  THERMAL_EQUALISE  = off
  sensors           = pkg:/sys/class/hwmon/hwmon8/temp1_input cores:4 cpufreq:8 throttle:8/8
  SIGLESS_ADDR      = (disabled)
Found 1 query under queries/tpch/tpch-queries/q22/v2_anti_join.sql

[1/1] queries/tpch/tpch-queries/q22/v2_anti_join.sql (2 warmup + step-up 1 2 4 8 16 x1)
  warmup 1/2: 0.490806 sec (cache prime)
  warmup 2/2: 0.200721 sec
  N=1   batch 1/1: 0.140863 sec, 1 copy (server sum 100.811 ms)
  N=2   batch 1/1: 0.263171 sec, 2 copies (server sum 196.289 ms)
  N=4   batch 1/1: 0.502471 sec, 4 copies (server sum 384.542 ms)
  N=8   batch 1/1: 0.910191 sec, 8 copies (server sum 773.262 ms)
  N=16  batch 1/1: 1.646095 sec, 16 copies (server sum 1518.374 ms)
  done: 5 sizes x 1 run (0 failures)

Done. Batch rows appended to logs/warm_stepup/20260918T141724Z-9150d4/query_timing_tpch_idx.csv
Per-copy samples appended to logs/warm_stepup/20260918T141724Z-9150d4/query_samples_tpch_idx.csv
Last batch ended at epoch 1789743320.672 (PREV_END_EPOCH for the next invocation)
===== [69/159] queries/tpch/tpch-queries/q06/v1_materialized.sql run_id=E26D776ED4FA2894 =====
query_runner configuration:
  QUERY_DIR         = queries/tpch/tpch-queries/q06/v1_materialized.sql
  LOGS_DIR          = logs/warm_stepup/20260918T141724Z-9150d4  (query_timing_/query_samples_/query_catalog_tpch_idx.csv)
  DB_NAME / DB_USER = tpch_idx / postgres
  PGPORT            = 5434  (server reports 18.4)
  RUN_ID            = E26D776ED4FA2894
  WARMUP            = 2 single-copy warm-ups (the first primes the cache)
  BATCH_SIZES       = 1 2 4 8 16  x RUNS=1 measured batches each
  WORKERS           = (planner default)
  STATEMENT_TIMEOUT = 900
  THERMAL_EQUALISE  = off
  sensors           = pkg:/sys/class/hwmon/hwmon8/temp1_input cores:4 cpufreq:8 throttle:8/8
  SIGLESS_ADDR      = (disabled)
Found 1 query under queries/tpch/tpch-queries/q06/v1_materialized.sql

[1/1] queries/tpch/tpch-queries/q06/v1_materialized.sql (2 warmup + step-up 1 2 4 8 16 x1)
  warmup 1/2: 0.309516 sec (cache prime)
  warmup 2/2: 0.147824 sec
  N=1   batch 1/1: 0.117407 sec, 1 copy (server sum 64.304 ms)
  N=2   batch 1/1: 0.202478 sec, 2 copies (server sum 112.179 ms)
  N=4   batch 1/1: 0.318607 sec, 4 copies (server sum 219.811 ms)
  N=8   batch 1/1: 0.596561 sec, 8 copies (server sum 502.124 ms)
  N=16  batch 1/1: 1.018884 sec, 16 copies (server sum 912.165 ms)
  done: 5 sizes x 1 run (0 failures)

Done. Batch rows appended to logs/warm_stepup/20260918T141724Z-9150d4/query_timing_tpch_idx.csv
Per-copy samples appended to logs/warm_stepup/20260918T141724Z-9150d4/query_samples_tpch_idx.csv
Last batch ended at epoch 1789743327.551 (PREV_END_EPOCH for the next invocation)
===== [70/159] queries/tpch/tpch-queries/q11/v2_cte_threshold.sql run_id=1E631133F0A1752D =====
query_runner configuration:
  QUERY_DIR         = queries/tpch/tpch-queries/q11/v2_cte_threshold.sql
  LOGS_DIR          = logs/warm_stepup/20260918T141724Z-9150d4  (query_timing_/query_samples_/query_catalog_tpch_idx.csv)
  DB_NAME / DB_USER = tpch_idx / postgres
  PGPORT            = 5434  (server reports 18.4)
  RUN_ID            = 1E631133F0A1752D
  WARMUP            = 2 single-copy warm-ups (the first primes the cache)
  BATCH_SIZES       = 1 2 4 8 16  x RUNS=1 measured batches each
  WORKERS           = (planner default)
  STATEMENT_TIMEOUT = 900
  THERMAL_EQUALISE  = off
  sensors           = pkg:/sys/class/hwmon/hwmon8/temp1_input cores:4 cpufreq:8 throttle:8/8
  SIGLESS_ADDR      = (disabled)
Found 1 query under queries/tpch/tpch-queries/q11/v2_cte_threshold.sql

[1/1] queries/tpch/tpch-queries/q11/v2_cte_threshold.sql (2 warmup + step-up 1 2 4 8 16 x1)
  warmup 1/2: 1.863700 sec (cache prime)
  warmup 2/2: 0.139532 sec
  N=1   batch 1/1: 0.155410 sec, 1 copy (server sum 78.403 ms)
  N=2   batch 1/1: 0.208066 sec, 2 copies (server sum 156.977 ms)
  N=4   batch 1/1: 0.371459 sec, 4 copies (server sum 302.132 ms)
  N=8   batch 1/1: 0.664100 sec, 8 copies (server sum 592.359 ms)
  N=16  batch 1/1: 1.246320 sec, 16 copies (server sum 1154.993 ms)
  done: 5 sizes x 1 run (0 failures)

Done. Batch rows appended to logs/warm_stepup/20260918T141724Z-9150d4/query_timing_tpch_idx.csv
Per-copy samples appended to logs/warm_stepup/20260918T141724Z-9150d4/query_samples_tpch_idx.csv
Last batch ended at epoch 1789743336.563 (PREV_END_EPOCH for the next invocation)
===== [71/159] queries/tpch/tpch-queries/q22/v1_materialized.sql run_id=F79C9CDAEF7E00E8 =====
query_runner configuration:
  QUERY_DIR         = queries/tpch/tpch-queries/q22/v1_materialized.sql
  LOGS_DIR          = logs/warm_stepup/20260918T141724Z-9150d4  (query_timing_/query_samples_/query_catalog_tpch_idx.csv)
  DB_NAME / DB_USER = tpch_idx / postgres
  PGPORT            = 5434  (server reports 18.4)
  RUN_ID            = F79C9CDAEF7E00E8
  WARMUP            = 2 single-copy warm-ups (the first primes the cache)
  BATCH_SIZES       = 1 2 4 8 16  x RUNS=1 measured batches each
  WORKERS           = (planner default)
  STATEMENT_TIMEOUT = 900
  THERMAL_EQUALISE  = off
  sensors           = pkg:/sys/class/hwmon/hwmon8/temp1_input cores:4 cpufreq:8 throttle:8/8
  SIGLESS_ADDR      = (disabled)
Found 1 query under queries/tpch/tpch-queries/q22/v1_materialized.sql

[1/1] queries/tpch/tpch-queries/q22/v1_materialized.sql (2 warmup + step-up 1 2 4 8 16 x1)
  warmup 1/2: 0.349297 sec (cache prime)
  warmup 2/2: 0.128810 sec
  N=1   batch 1/1: 0.153771 sec, 1 copy (server sum 60.119 ms)
  N=2   batch 1/1: 0.190558 sec, 2 copies (server sum 130.664 ms)
  N=4   batch 1/1: 0.250530 sec, 4 copies (server sum 208.236 ms)
  N=8   batch 1/1: 0.526705 sec, 8 copies (server sum 418.215 ms)
  N=16  batch 1/1: 0.931219 sec, 16 copies (server sum 834.943 ms)
  done: 5 sizes x 1 run (0 failures)

Done. Batch rows appended to logs/warm_stepup/20260918T141724Z-9150d4/query_timing_tpch_idx.csv
Per-copy samples appended to logs/warm_stepup/20260918T141724Z-9150d4/query_samples_tpch_idx.csv
Last batch ended at epoch 1789743343.120 (PREV_END_EPOCH for the next invocation)
===== [72/159] queries/tpch/tpch-queries/q11/base.sql run_id=E481E090CD9956EC =====
query_runner configuration:
  QUERY_DIR         = queries/tpch/tpch-queries/q11/base.sql
  LOGS_DIR          = logs/warm_stepup/20260918T141724Z-9150d4  (query_timing_/query_samples_/query_catalog_tpch_idx.csv)
  DB_NAME / DB_USER = tpch_idx / postgres
  PGPORT            = 5434  (server reports 18.4)
  RUN_ID            = E481E090CD9956EC
  WARMUP            = 2 single-copy warm-ups (the first primes the cache)
  BATCH_SIZES       = 1 2 4 8 16  x RUNS=1 measured batches each
  WORKERS           = (planner default)
  STATEMENT_TIMEOUT = 900
  THERMAL_EQUALISE  = off
  sensors           = pkg:/sys/class/hwmon/hwmon8/temp1_input cores:4 cpufreq:8 throttle:8/8
  SIGLESS_ADDR      = (disabled)
Found 1 query under queries/tpch/tpch-queries/q11/base.sql

[1/1] queries/tpch/tpch-queries/q11/base.sql (2 warmup + step-up 1 2 4 8 16 x1)
  warmup 1/2: 1.897017 sec (cache prime)
  warmup 2/2: 0.129682 sec
  N=1   batch 1/1: 0.134911 sec, 1 copy (server sum 77.949 ms)
  N=2   batch 1/1: 0.208315 sec, 2 copies (server sum 151.391 ms)
  N=4   batch 1/1: 0.372598 sec, 4 copies (server sum 297.333 ms)
  N=8   batch 1/1: 0.682210 sec, 8 copies (server sum 591.555 ms)
  N=16  batch 1/1: 1.224917 sec, 16 copies (server sum 1148.069 ms)
  done: 5 sizes x 1 run (0 failures)

Done. Batch rows appended to logs/warm_stepup/20260918T141724Z-9150d4/query_timing_tpch_idx.csv
Per-copy samples appended to logs/warm_stepup/20260918T141724Z-9150d4/query_samples_tpch_idx.csv
Last batch ended at epoch 1789743352.006 (PREV_END_EPOCH for the next invocation)
===== [73/159] queries/tpch/tpch-queries/q03/v1_materialized.sql run_id=1E91EDD07A58DE11 =====
query_runner configuration:
  QUERY_DIR         = queries/tpch/tpch-queries/q03/v1_materialized.sql
  LOGS_DIR          = logs/warm_stepup/20260918T141724Z-9150d4  (query_timing_/query_samples_/query_catalog_tpch_idx.csv)
  DB_NAME / DB_USER = tpch_idx / postgres
  PGPORT            = 5434  (server reports 18.4)
  RUN_ID            = 1E91EDD07A58DE11
  WARMUP            = 2 single-copy warm-ups (the first primes the cache)
  BATCH_SIZES       = 1 2 4 8 16  x RUNS=1 measured batches each
  WORKERS           = (planner default)
  STATEMENT_TIMEOUT = 900
  THERMAL_EQUALISE  = off
  sensors           = pkg:/sys/class/hwmon/hwmon8/temp1_input cores:4 cpufreq:8 throttle:8/8
  SIGLESS_ADDR      = (disabled)
Found 1 query under queries/tpch/tpch-queries/q03/v1_materialized.sql

[1/1] queries/tpch/tpch-queries/q03/v1_materialized.sql (2 warmup + step-up 1 2 4 8 16 x1)
  warmup 1/2: 1.539722 sec (cache prime)
  warmup 2/2: 0.325755 sec
  N=1   batch 1/1: 0.340735 sec, 1 copy (server sum 276.444 ms)
  N=2   batch 1/1: 0.568008 sec, 2 copies (server sum 513.109 ms)
  N=4   batch 1/1: 1.001068 sec, 4 copies (server sum 942.300 ms)
  N=8   batch 1/1: 1.947436 sec, 8 copies (server sum 1852.382 ms)
  N=16  batch 1/1: 3.701431 sec, 16 copies (server sum 3646.247 ms)
  done: 5 sizes x 1 run (0 failures)

Done. Batch rows appended to logs/warm_stepup/20260918T141724Z-9150d4/query_timing_tpch_idx.csv
Per-copy samples appended to logs/warm_stepup/20260918T141724Z-9150d4/query_samples_tpch_idx.csv
Last batch ended at epoch 1789743365.174 (PREV_END_EPOCH for the next invocation)
===== [74/159] queries/tpch/tpch-queries/q12/base.sql run_id=E992BF192E612983 =====
query_runner configuration:
  QUERY_DIR         = queries/tpch/tpch-queries/q12/base.sql
  LOGS_DIR          = logs/warm_stepup/20260918T141724Z-9150d4  (query_timing_/query_samples_/query_catalog_tpch_idx.csv)
  DB_NAME / DB_USER = tpch_idx / postgres
  PGPORT            = 5434  (server reports 18.4)
  RUN_ID            = E992BF192E612983
  WARMUP            = 2 single-copy warm-ups (the first primes the cache)
  BATCH_SIZES       = 1 2 4 8 16  x RUNS=1 measured batches each
  WORKERS           = (planner default)
  STATEMENT_TIMEOUT = 900
  THERMAL_EQUALISE  = off
  sensors           = pkg:/sys/class/hwmon/hwmon8/temp1_input cores:4 cpufreq:8 throttle:8/8
  SIGLESS_ADDR      = (disabled)
Found 1 query under queries/tpch/tpch-queries/q12/base.sql

[1/1] queries/tpch/tpch-queries/q12/base.sql (2 warmup + step-up 1 2 4 8 16 x1)
  warmup 1/2: 1.672650 sec (cache prime)
  warmup 2/2: 0.389236 sec
  N=1   batch 1/1: 0.365128 sec, 1 copy (server sum 289.374 ms)
  N=2   batch 1/1: 0.594618 sec, 2 copies (server sum 553.552 ms)
  N=4   batch 1/1: 1.222059 sec, 4 copies (server sum 1063.181 ms)
  N=8   batch 1/1: 2.206471 sec, 8 copies (server sum 2100.416 ms)
  N=16  batch 1/1: 4.349352 sec, 16 copies (server sum 4223.102 ms)
  done: 5 sizes x 1 run (0 failures)

Done. Batch rows appended to logs/warm_stepup/20260918T141724Z-9150d4/query_timing_tpch_idx.csv
Per-copy samples appended to logs/warm_stepup/20260918T141724Z-9150d4/query_samples_tpch_idx.csv
Last batch ended at epoch 1789743380.331 (PREV_END_EPOCH for the next invocation)
===== [75/159] queries/tpch/tpch-queries/q01/v1_materialized.sql run_id=39A29C86A1A6ECC2 =====
query_runner configuration:
  QUERY_DIR         = queries/tpch/tpch-queries/q01/v1_materialized.sql
  LOGS_DIR          = logs/warm_stepup/20260918T141724Z-9150d4  (query_timing_/query_samples_/query_catalog_tpch_idx.csv)
  DB_NAME / DB_USER = tpch_idx / postgres
  PGPORT            = 5434  (server reports 18.4)
  RUN_ID            = 39A29C86A1A6ECC2
  WARMUP            = 2 single-copy warm-ups (the first primes the cache)
  BATCH_SIZES       = 1 2 4 8 16  x RUNS=1 measured batches each
  WORKERS           = (planner default)
  STATEMENT_TIMEOUT = 900
  THERMAL_EQUALISE  = off
  sensors           = pkg:/sys/class/hwmon/hwmon8/temp1_input cores:4 cpufreq:8 throttle:8/8
  SIGLESS_ADDR      = (disabled)
Found 1 query under queries/tpch/tpch-queries/q01/v1_materialized.sql

[1/1] queries/tpch/tpch-queries/q01/v1_materialized.sql (2 warmup + step-up 1 2 4 8 16 x1)
  warmup 1/2: 2.109002 sec (cache prime)
  warmup 2/2: 1.541201 sec
  N=1   batch 1/1: 1.634103 sec, 1 copy (server sum 1557.618 ms)
  N=2   batch 1/1: 3.169563 sec, 2 copies (server sum 3050.991 ms)
  N=4   batch 1/1: 6.324900 sec, 4 copies (server sum 6261.249 ms)
  N=8   batch 1/1: 12.811880 sec, 8 copies (server sum 12640.556 ms)
  N=16  batch 1/1: 26.787663 sec, 16 copies (server sum 26693.719 ms)
  done: 5 sizes x 1 run (0 failures)

Done. Batch rows appended to logs/warm_stepup/20260918T141724Z-9150d4/query_timing_tpch_idx.csv
Per-copy samples appended to logs/warm_stepup/20260918T141724Z-9150d4/query_samples_tpch_idx.csv
Last batch ended at epoch 1789743438.868 (PREV_END_EPOCH for the next invocation)
===== [76/159] queries/tpch/tpch-queries/q19/base.sql run_id=023344939BD496FF =====
query_runner configuration:
  QUERY_DIR         = queries/tpch/tpch-queries/q19/base.sql
  LOGS_DIR          = logs/warm_stepup/20260918T141724Z-9150d4  (query_timing_/query_samples_/query_catalog_tpch_idx.csv)
  DB_NAME / DB_USER = tpch_idx / postgres
  PGPORT            = 5434  (server reports 18.4)
  RUN_ID            = 023344939BD496FF
  WARMUP            = 2 single-copy warm-ups (the first primes the cache)
  BATCH_SIZES       = 1 2 4 8 16  x RUNS=1 measured batches each
  WORKERS           = (planner default)
  STATEMENT_TIMEOUT = 900
  THERMAL_EQUALISE  = off
  sensors           = pkg:/sys/class/hwmon/hwmon8/temp1_input cores:4 cpufreq:8 throttle:8/8
  SIGLESS_ADDR      = (disabled)
Found 1 query under queries/tpch/tpch-queries/q19/base.sql

[1/1] queries/tpch/tpch-queries/q19/base.sql (2 warmup + step-up 1 2 4 8 16 x1)
  warmup 1/2: 1.714089 sec (cache prime)
  warmup 2/2: 0.077168 sec
  N=1   batch 1/1: 0.122309 sec, 1 copy (server sum 26.900 ms)
  N=2   batch 1/1: 0.147042 sec, 2 copies (server sum 51.682 ms)
  N=4   batch 1/1: 0.166707 sec, 4 copies (server sum 101.273 ms)
  N=8   batch 1/1: 0.248449 sec, 8 copies (server sum 199.739 ms)
  N=16  batch 1/1: 0.516754 sec, 16 copies (server sum 405.259 ms)
  done: 5 sizes x 1 run (0 failures)

Done. Batch rows appended to logs/warm_stepup/20260918T141724Z-9150d4/query_timing_tpch_idx.csv
Per-copy samples appended to logs/warm_stepup/20260918T141724Z-9150d4/query_samples_tpch_idx.csv
Last batch ended at epoch 1789743446.134 (PREV_END_EPOCH for the next invocation)
===== [77/159] queries/tpch/tpch-queries/q02/v1_materialized.sql run_id=3F5BDEEB182BAF8E =====
query_runner configuration:
  QUERY_DIR         = queries/tpch/tpch-queries/q02/v1_materialized.sql
  LOGS_DIR          = logs/warm_stepup/20260918T141724Z-9150d4  (query_timing_/query_samples_/query_catalog_tpch_idx.csv)
  DB_NAME / DB_USER = tpch_idx / postgres
  PGPORT            = 5434  (server reports 18.4)
  RUN_ID            = 3F5BDEEB182BAF8E
  WARMUP            = 2 single-copy warm-ups (the first primes the cache)
  BATCH_SIZES       = 1 2 4 8 16  x RUNS=1 measured batches each
  WORKERS           = (planner default)
  STATEMENT_TIMEOUT = 900
  THERMAL_EQUALISE  = off
  sensors           = pkg:/sys/class/hwmon/hwmon8/temp1_input cores:4 cpufreq:8 throttle:8/8
  SIGLESS_ADDR      = (disabled)
Found 1 query under queries/tpch/tpch-queries/q02/v1_materialized.sql

[1/1] queries/tpch/tpch-queries/q02/v1_materialized.sql (2 warmup + step-up 1 2 4 8 16 x1)
  warmup 1/2: 2.318032 sec (cache prime)
  warmup 2/2: 0.268674 sec
  N=1   batch 1/1: 0.258107 sec, 1 copy (server sum 204.290 ms)
  N=2   batch 1/1: 0.441718 sec, 2 copies (server sum 369.811 ms)
  N=4   batch 1/1: 0.776830 sec, 4 copies (server sum 707.458 ms)
  N=8   batch 1/1: 1.410414 sec, 8 copies (server sum 1329.264 ms)
  N=16  batch 1/1: 2.697293 sec, 16 copies (server sum 2600.166 ms)
  done: 5 sizes x 1 run (0 failures)

Done. Batch rows appended to logs/warm_stepup/20260918T141724Z-9150d4/query_timing_tpch_idx.csv
Per-copy samples appended to logs/warm_stepup/20260918T141724Z-9150d4/query_samples_tpch_idx.csv
Last batch ended at epoch 1789743458.396 (PREV_END_EPOCH for the next invocation)
===== [78/159] queries/tpch/tpch-queries/q04/v1_materialized.sql run_id=AFF63E44A47EA31C =====
query_runner configuration:
  QUERY_DIR         = queries/tpch/tpch-queries/q04/v1_materialized.sql
  LOGS_DIR          = logs/warm_stepup/20260918T141724Z-9150d4  (query_timing_/query_samples_/query_catalog_tpch_idx.csv)
  DB_NAME / DB_USER = tpch_idx / postgres
  PGPORT            = 5434  (server reports 18.4)
  RUN_ID            = AFF63E44A47EA31C
  WARMUP            = 2 single-copy warm-ups (the first primes the cache)
  BATCH_SIZES       = 1 2 4 8 16  x RUNS=1 measured batches each
  WORKERS           = (planner default)
  STATEMENT_TIMEOUT = 900
  THERMAL_EQUALISE  = off
  sensors           = pkg:/sys/class/hwmon/hwmon8/temp1_input cores:4 cpufreq:8 throttle:8/8
  SIGLESS_ADDR      = (disabled)
Found 1 query under queries/tpch/tpch-queries/q04/v1_materialized.sql

[1/1] queries/tpch/tpch-queries/q04/v1_materialized.sql (2 warmup + step-up 1 2 4 8 16 x1)
  warmup 1/2: 1.770987 sec (cache prime)
  warmup 2/2: 0.134660 sec
  N=1   batch 1/1: 0.146801 sec, 1 copy (server sum 92.406 ms)
  N=2   batch 1/1: 0.226744 sec, 2 copies (server sum 173.739 ms)
  N=4   batch 1/1: 0.444017 sec, 4 copies (server sum 336.509 ms)
  N=8   batch 1/1: 0.813735 sec, 8 copies (server sum 681.551 ms)
  N=16  batch 1/1: 1.457015 sec, 16 copies (server sum 1332.891 ms)
  done: 5 sizes x 1 run (0 failures)

Done. Batch rows appended to logs/warm_stepup/20260918T141724Z-9150d4/query_timing_tpch_idx.csv
Per-copy samples appended to logs/warm_stepup/20260918T141724Z-9150d4/query_samples_tpch_idx.csv
Last batch ended at epoch 1789743467.585 (PREV_END_EPOCH for the next invocation)
===== [79/159] queries/tpch/tpch-queries/q07/v1_materialized.sql run_id=9E31C706D13299A3 =====
query_runner configuration:
  QUERY_DIR         = queries/tpch/tpch-queries/q07/v1_materialized.sql
  LOGS_DIR          = logs/warm_stepup/20260918T141724Z-9150d4  (query_timing_/query_samples_/query_catalog_tpch_idx.csv)
  DB_NAME / DB_USER = tpch_idx / postgres
  PGPORT            = 5434  (server reports 18.4)
  RUN_ID            = 9E31C706D13299A3
  WARMUP            = 2 single-copy warm-ups (the first primes the cache)
  BATCH_SIZES       = 1 2 4 8 16  x RUNS=1 measured batches each
  WORKERS           = (planner default)
  STATEMENT_TIMEOUT = 900
  THERMAL_EQUALISE  = off
  sensors           = pkg:/sys/class/hwmon/hwmon8/temp1_input cores:4 cpufreq:8 throttle:8/8
  SIGLESS_ADDR      = (disabled)
Found 1 query under queries/tpch/tpch-queries/q07/v1_materialized.sql

[1/1] queries/tpch/tpch-queries/q07/v1_materialized.sql (2 warmup + step-up 1 2 4 8 16 x1)
  warmup 1/2: 12.740144 sec (cache prime)
  warmup 2/2: 0.668864 sec
  N=1   batch 1/1: 0.677202 sec, 1 copy (server sum 623.669 ms)
  N=2   batch 1/1: 1.313397 sec, 2 copies (server sum 1215.082 ms)
  N=4   batch 1/1: 2.460080 sec, 4 copies (server sum 2382.521 ms)
  N=8   batch 1/1: 4.825856 sec, 8 copies (server sum 4729.613 ms)
  N=16  batch 1/1: 9.502431 sec, 16 copies (server sum 9400.028 ms)
  done: 5 sizes x 1 run (0 failures)

Done. Batch rows appended to logs/warm_stepup/20260918T141724Z-9150d4/query_timing_tpch_idx.csv
Per-copy samples appended to logs/warm_stepup/20260918T141724Z-9150d4/query_samples_tpch_idx.csv
Last batch ended at epoch 1789743504.401 (PREV_END_EPOCH for the next invocation)
===== [80/159] queries/tpch/tpch-queries/q11/base.sql run_id=AEDEA15DB82DEC8D =====
query_runner configuration:
  QUERY_DIR         = queries/tpch/tpch-queries/q11/base.sql
  LOGS_DIR          = logs/warm_stepup/20260918T141724Z-9150d4  (query_timing_/query_samples_/query_catalog_tpch_idx.csv)
  DB_NAME / DB_USER = tpch_idx / postgres
  PGPORT            = 5434  (server reports 18.4)
  RUN_ID            = AEDEA15DB82DEC8D
  WARMUP            = 2 single-copy warm-ups (the first primes the cache)
  BATCH_SIZES       = 1 2 4 8 16  x RUNS=1 measured batches each
  WORKERS           = (planner default)
  STATEMENT_TIMEOUT = 900
  THERMAL_EQUALISE  = off
  sensors           = pkg:/sys/class/hwmon/hwmon8/temp1_input cores:4 cpufreq:8 throttle:8/8
  SIGLESS_ADDR      = (disabled)
Found 1 query under queries/tpch/tpch-queries/q11/base.sql

[1/1] queries/tpch/tpch-queries/q11/base.sql (2 warmup + step-up 1 2 4 8 16 x1)
  warmup 1/2: 1.865838 sec (cache prime)
  warmup 2/2: 0.180089 sec
  N=1   batch 1/1: 0.123731 sec, 1 copy (server sum 80.508 ms)
  N=2   batch 1/1: 0.246457 sec, 2 copies (server sum 153.530 ms)
  N=4   batch 1/1: 0.365034 sec, 4 copies (server sum 307.112 ms)
  N=8   batch 1/1: 0.685796 sec, 8 copies (server sum 599.199 ms)
  N=16  batch 1/1: 1.239274 sec, 16 copies (server sum 1162.854 ms)
  done: 5 sizes x 1 run (0 failures)

Done. Batch rows appended to logs/warm_stepup/20260918T141724Z-9150d4/query_timing_tpch_idx.csv
Per-copy samples appended to logs/warm_stepup/20260918T141724Z-9150d4/query_samples_tpch_idx.csv
Last batch ended at epoch 1789743513.550 (PREV_END_EPOCH for the next invocation)
===== [81/159] queries/tpch/tpch-queries/q19/base.sql run_id=CB2A1B90667A1C23 =====
query_runner configuration:
  QUERY_DIR         = queries/tpch/tpch-queries/q19/base.sql
  LOGS_DIR          = logs/warm_stepup/20260918T141724Z-9150d4  (query_timing_/query_samples_/query_catalog_tpch_idx.csv)
  DB_NAME / DB_USER = tpch_idx / postgres
  PGPORT            = 5434  (server reports 18.4)
  RUN_ID            = CB2A1B90667A1C23
  WARMUP            = 2 single-copy warm-ups (the first primes the cache)
  BATCH_SIZES       = 1 2 4 8 16  x RUNS=1 measured batches each
  WORKERS           = (planner default)
  STATEMENT_TIMEOUT = 900
  THERMAL_EQUALISE  = off
  sensors           = pkg:/sys/class/hwmon/hwmon8/temp1_input cores:4 cpufreq:8 throttle:8/8
  SIGLESS_ADDR      = (disabled)
Found 1 query under queries/tpch/tpch-queries/q19/base.sql

[1/1] queries/tpch/tpch-queries/q19/base.sql (2 warmup + step-up 1 2 4 8 16 x1)
  warmup 1/2: 2.595486 sec (cache prime)
  warmup 2/2: 0.067612 sec
  N=1   batch 1/1: 0.127033 sec, 1 copy (server sum 26.921 ms)
  N=2   batch 1/1: 0.145579 sec, 2 copies (server sum 50.414 ms)
  N=4   batch 1/1: 0.167893 sec, 4 copies (server sum 98.206 ms)
  N=8   batch 1/1: 0.237343 sec, 8 copies (server sum 189.533 ms)
  N=16  batch 1/1: 0.489777 sec, 16 copies (server sum 375.753 ms)
  done: 5 sizes x 1 run (0 failures)

Done. Batch rows appended to logs/warm_stepup/20260918T141724Z-9150d4/query_timing_tpch_idx.csv
Per-copy samples appended to logs/warm_stepup/20260918T141724Z-9150d4/query_samples_tpch_idx.csv
Last batch ended at epoch 1789743521.340 (PREV_END_EPOCH for the next invocation)
===== [82/159] queries/tpch/tpch-queries/q14/base.sql run_id=5E68554B76571A4D =====
query_runner configuration:
  QUERY_DIR         = queries/tpch/tpch-queries/q14/base.sql
  LOGS_DIR          = logs/warm_stepup/20260918T141724Z-9150d4  (query_timing_/query_samples_/query_catalog_tpch_idx.csv)
  DB_NAME / DB_USER = tpch_idx / postgres
  PGPORT            = 5434  (server reports 18.4)
  RUN_ID            = 5E68554B76571A4D
  WARMUP            = 2 single-copy warm-ups (the first primes the cache)
  BATCH_SIZES       = 1 2 4 8 16  x RUNS=1 measured batches each
  WORKERS           = (planner default)
  STATEMENT_TIMEOUT = 900
  THERMAL_EQUALISE  = off
  sensors           = pkg:/sys/class/hwmon/hwmon8/temp1_input cores:4 cpufreq:8 throttle:8/8
  SIGLESS_ADDR      = (disabled)
Found 1 query under queries/tpch/tpch-queries/q14/base.sql

[1/1] queries/tpch/tpch-queries/q14/base.sql (2 warmup + step-up 1 2 4 8 16 x1)
  warmup 1/2: 1.478411 sec (cache prime)
  warmup 2/2: 0.234692 sec
  N=1   batch 1/1: 0.214816 sec, 1 copy (server sum 133.699 ms)
  N=2   batch 1/1: 0.350855 sec, 2 copies (server sum 248.475 ms)
  N=4   batch 1/1: 0.542687 sec, 4 copies (server sum 475.957 ms)
  N=8   batch 1/1: 1.042470 sec, 8 copies (server sum 945.198 ms)
  N=16  batch 1/1: 1.949355 sec, 16 copies (server sum 1812.370 ms)
  done: 5 sizes x 1 run (0 failures)

Done. Batch rows appended to logs/warm_stepup/20260918T141724Z-9150d4/query_timing_tpch_idx.csv
Per-copy samples appended to logs/warm_stepup/20260918T141724Z-9150d4/query_samples_tpch_idx.csv
Last batch ended at epoch 1789743531.404 (PREV_END_EPOCH for the next invocation)
===== [83/159] queries/tpch/tpch-queries/q18/v1_materialized.sql run_id=84A3FC916749F33D =====
query_runner configuration:
  QUERY_DIR         = queries/tpch/tpch-queries/q18/v1_materialized.sql
  LOGS_DIR          = logs/warm_stepup/20260918T141724Z-9150d4  (query_timing_/query_samples_/query_catalog_tpch_idx.csv)
  DB_NAME / DB_USER = tpch_idx / postgres
  PGPORT            = 5434  (server reports 18.4)
  RUN_ID            = 84A3FC916749F33D
  WARMUP            = 2 single-copy warm-ups (the first primes the cache)
  BATCH_SIZES       = 1 2 4 8 16  x RUNS=1 measured batches each
  WORKERS           = (planner default)
  STATEMENT_TIMEOUT = 900
  THERMAL_EQUALISE  = off
  sensors           = pkg:/sys/class/hwmon/hwmon8/temp1_input cores:4 cpufreq:8 throttle:8/8
  SIGLESS_ADDR      = (disabled)
Found 1 query under queries/tpch/tpch-queries/q18/v1_materialized.sql

[1/1] queries/tpch/tpch-queries/q18/v1_materialized.sql (2 warmup + step-up 1 2 4 8 16 x1)
  warmup 1/2: 5.221177 sec (cache prime)
  warmup 2/2: 4.436325 sec
  N=1   batch 1/1: 4.613876 sec, 1 copy (server sum 4514.867 ms)
  N=2   batch 1/1: 9.293990 sec, 2 copies (server sum 9188.699 ms)
  N=4   batch 1/1: 19.102129 sec, 4 copies (server sum 19003.975 ms)
  N=8   batch 1/1: 39.339962 sec, 8 copies (server sum 39233.977 ms)
  N=16  batch 1/1: 78.191916 sec, 16 copies (server sum 78069.618 ms)
  done: 5 sizes x 1 run (0 failures)

Done. Batch rows appended to logs/warm_stepup/20260918T141724Z-9150d4/query_timing_tpch_idx.csv
Per-copy samples appended to logs/warm_stepup/20260918T141724Z-9150d4/query_samples_tpch_idx.csv
Last batch ended at epoch 1789743696.342 (PREV_END_EPOCH for the next invocation)
===== [84/159] queries/tpch/tpch-queries/q19/v2_union_all.sql run_id=83933FEFEDE536F8 =====
query_runner configuration:
  QUERY_DIR         = queries/tpch/tpch-queries/q19/v2_union_all.sql
  LOGS_DIR          = logs/warm_stepup/20260918T141724Z-9150d4  (query_timing_/query_samples_/query_catalog_tpch_idx.csv)
  DB_NAME / DB_USER = tpch_idx / postgres
  PGPORT            = 5434  (server reports 18.4)
  RUN_ID            = 83933FEFEDE536F8
  WARMUP            = 2 single-copy warm-ups (the first primes the cache)
  BATCH_SIZES       = 1 2 4 8 16  x RUNS=1 measured batches each
  WORKERS           = (planner default)
  STATEMENT_TIMEOUT = 900
  THERMAL_EQUALISE  = off
  sensors           = pkg:/sys/class/hwmon/hwmon8/temp1_input cores:4 cpufreq:8 throttle:8/8
  SIGLESS_ADDR      = (disabled)
Found 1 query under queries/tpch/tpch-queries/q19/v2_union_all.sql

[1/1] queries/tpch/tpch-queries/q19/v2_union_all.sql (2 warmup + step-up 1 2 4 8 16 x1)
  warmup 1/2: 1.166586 sec (cache prime)
  warmup 2/2: 0.128264 sec
  N=1   batch 1/1: 0.131828 sec, 1 copy (server sum 37.406 ms)
  N=2   batch 1/1: 0.196829 sec, 2 copies (server sum 74.170 ms)
  N=4   batch 1/1: 0.204722 sec, 4 copies (server sum 143.231 ms)
  N=8   batch 1/1: 0.358624 sec, 8 copies (server sum 284.515 ms)
  N=16  batch 1/1: 0.657665 sec, 16 copies (server sum 568.619 ms)
  done: 5 sizes x 1 run (0 failures)

Done. Batch rows appended to logs/warm_stepup/20260918T141724Z-9150d4/query_timing_tpch_idx.csv
Per-copy samples appended to logs/warm_stepup/20260918T141724Z-9150d4/query_samples_tpch_idx.csv
Last batch ended at epoch 1789743703.417 (PREV_END_EPOCH for the next invocation)
===== [85/159] queries/tpch/tpch-queries/q14/base.sql run_id=FEC0276EDC36BD26 =====
query_runner configuration:
  QUERY_DIR         = queries/tpch/tpch-queries/q14/base.sql
  LOGS_DIR          = logs/warm_stepup/20260918T141724Z-9150d4  (query_timing_/query_samples_/query_catalog_tpch_idx.csv)
  DB_NAME / DB_USER = tpch_idx / postgres
  PGPORT            = 5434  (server reports 18.4)
  RUN_ID            = FEC0276EDC36BD26
  WARMUP            = 2 single-copy warm-ups (the first primes the cache)
  BATCH_SIZES       = 1 2 4 8 16  x RUNS=1 measured batches each
  WORKERS           = (planner default)
  STATEMENT_TIMEOUT = 900
  THERMAL_EQUALISE  = off
  sensors           = pkg:/sys/class/hwmon/hwmon8/temp1_input cores:4 cpufreq:8 throttle:8/8
  SIGLESS_ADDR      = (disabled)
Found 1 query under queries/tpch/tpch-queries/q14/base.sql

[1/1] queries/tpch/tpch-queries/q14/base.sql (2 warmup + step-up 1 2 4 8 16 x1)
  warmup 1/2: 1.490625 sec (cache prime)
  warmup 2/2: 0.233397 sec
  N=1   batch 1/1: 0.232744 sec, 1 copy (server sum 134.325 ms)
  N=2   batch 1/1: 0.342216 sec, 2 copies (server sum 246.837 ms)
  N=4   batch 1/1: 0.563789 sec, 4 copies (server sum 485.225 ms)
  N=8   batch 1/1: 1.055834 sec, 8 copies (server sum 977.678 ms)
  N=16  batch 1/1: 1.974630 sec, 16 copies (server sum 1836.828 ms)
  done: 5 sizes x 1 run (0 failures)

Done. Batch rows appended to logs/warm_stepup/20260918T141724Z-9150d4/query_timing_tpch_idx.csv
Per-copy samples appended to logs/warm_stepup/20260918T141724Z-9150d4/query_samples_tpch_idx.csv
Last batch ended at epoch 1789743713.237 (PREV_END_EPOCH for the next invocation)
===== [86/159] queries/tpch/tpch-queries/q19/v2_union_all.sql run_id=028DADE187D02631 =====
query_runner configuration:
  QUERY_DIR         = queries/tpch/tpch-queries/q19/v2_union_all.sql
  LOGS_DIR          = logs/warm_stepup/20260918T141724Z-9150d4  (query_timing_/query_samples_/query_catalog_tpch_idx.csv)
  DB_NAME / DB_USER = tpch_idx / postgres
  PGPORT            = 5434  (server reports 18.4)
  RUN_ID            = 028DADE187D02631
  WARMUP            = 2 single-copy warm-ups (the first primes the cache)
  BATCH_SIZES       = 1 2 4 8 16  x RUNS=1 measured batches each
  WORKERS           = (planner default)
  STATEMENT_TIMEOUT = 900
  THERMAL_EQUALISE  = off
  sensors           = pkg:/sys/class/hwmon/hwmon8/temp1_input cores:4 cpufreq:8 throttle:8/8
  SIGLESS_ADDR      = (disabled)
Found 1 query under queries/tpch/tpch-queries/q19/v2_union_all.sql

[1/1] queries/tpch/tpch-queries/q19/v2_union_all.sql (2 warmup + step-up 1 2 4 8 16 x1)
  warmup 1/2: 1.134937 sec (cache prime)
  warmup 2/2: 0.135200 sec
  N=1   batch 1/1: 0.130095 sec, 1 copy (server sum 37.149 ms)
  N=2   batch 1/1: 0.166014 sec, 2 copies (server sum 70.908 ms)
  N=4   batch 1/1: 0.192081 sec, 4 copies (server sum 144.315 ms)
  N=8   batch 1/1: 0.340223 sec, 8 copies (server sum 281.663 ms)
  N=16  batch 1/1: 0.679381 sec, 16 copies (server sum 575.653 ms)
  done: 5 sizes x 1 run (0 failures)

Done. Batch rows appended to logs/warm_stepup/20260918T141724Z-9150d4/query_timing_tpch_idx.csv
Per-copy samples appended to logs/warm_stepup/20260918T141724Z-9150d4/query_samples_tpch_idx.csv
Last batch ended at epoch 1789743720.085 (PREV_END_EPOCH for the next invocation)
===== [87/159] queries/tpch/tpch-queries/q14/v1_materialized.sql run_id=B58CF19FCCD82F7D =====
query_runner configuration:
  QUERY_DIR         = queries/tpch/tpch-queries/q14/v1_materialized.sql
  LOGS_DIR          = logs/warm_stepup/20260918T141724Z-9150d4  (query_timing_/query_samples_/query_catalog_tpch_idx.csv)
  DB_NAME / DB_USER = tpch_idx / postgres
  PGPORT            = 5434  (server reports 18.4)
  RUN_ID            = B58CF19FCCD82F7D
  WARMUP            = 2 single-copy warm-ups (the first primes the cache)
  BATCH_SIZES       = 1 2 4 8 16  x RUNS=1 measured batches each
  WORKERS           = (planner default)
  STATEMENT_TIMEOUT = 900
  THERMAL_EQUALISE  = off
  sensors           = pkg:/sys/class/hwmon/hwmon8/temp1_input cores:4 cpufreq:8 throttle:8/8
  SIGLESS_ADDR      = (disabled)
Found 1 query under queries/tpch/tpch-queries/q14/v1_materialized.sql

[1/1] queries/tpch/tpch-queries/q14/v1_materialized.sql (2 warmup + step-up 1 2 4 8 16 x1)
  warmup 1/2: 1.465368 sec (cache prime)
  warmup 2/2: 0.232585 sec
  N=1   batch 1/1: 0.233454 sec, 1 copy (server sum 134.842 ms)
  N=2   batch 1/1: 0.346899 sec, 2 copies (server sum 249.297 ms)
  N=4   batch 1/1: 0.551753 sec, 4 copies (server sum 474.762 ms)
  N=8   batch 1/1: 1.030118 sec, 8 copies (server sum 953.557 ms)
  N=16  batch 1/1: 1.972000 sec, 16 copies (server sum 1828.578 ms)
  done: 5 sizes x 1 run (0 failures)

Done. Batch rows appended to logs/warm_stepup/20260918T141724Z-9150d4/query_timing_tpch_idx.csv
Per-copy samples appended to logs/warm_stepup/20260918T141724Z-9150d4/query_samples_tpch_idx.csv
Last batch ended at epoch 1789743730.158 (PREV_END_EPOCH for the next invocation)
===== [88/159] queries/tpch/tpch-queries/q12/base.sql run_id=EA7ADAB13856261E =====
query_runner configuration:
  QUERY_DIR         = queries/tpch/tpch-queries/q12/base.sql
  LOGS_DIR          = logs/warm_stepup/20260918T141724Z-9150d4  (query_timing_/query_samples_/query_catalog_tpch_idx.csv)
  DB_NAME / DB_USER = tpch_idx / postgres
  PGPORT            = 5434  (server reports 18.4)
  RUN_ID            = EA7ADAB13856261E
  WARMUP            = 2 single-copy warm-ups (the first primes the cache)
  BATCH_SIZES       = 1 2 4 8 16  x RUNS=1 measured batches each
  WORKERS           = (planner default)
  STATEMENT_TIMEOUT = 900
  THERMAL_EQUALISE  = off
  sensors           = pkg:/sys/class/hwmon/hwmon8/temp1_input cores:4 cpufreq:8 throttle:8/8
  SIGLESS_ADDR      = (disabled)
Found 1 query under queries/tpch/tpch-queries/q12/base.sql

[1/1] queries/tpch/tpch-queries/q12/base.sql (2 warmup + step-up 1 2 4 8 16 x1)
  warmup 1/2: 1.723119 sec (cache prime)
  warmup 2/2: 0.383388 sec
  N=1   batch 1/1: 0.348162 sec, 1 copy (server sum 304.764 ms)
  N=2   batch 1/1: 0.603353 sec, 2 copies (server sum 559.170 ms)
  N=4   batch 1/1: 1.171747 sec, 4 copies (server sum 1047.779 ms)
  N=8   batch 1/1: 2.202933 sec, 8 copies (server sum 2136.131 ms)
  N=16  batch 1/1: 4.318355 sec, 16 copies (server sum 4218.136 ms)
  done: 5 sizes x 1 run (0 failures)

Done. Batch rows appended to logs/warm_stepup/20260918T141724Z-9150d4/query_timing_tpch_idx.csv
Per-copy samples appended to logs/warm_stepup/20260918T141724Z-9150d4/query_samples_tpch_idx.csv
Last batch ended at epoch 1789743744.926 (PREV_END_EPOCH for the next invocation)
===== [89/159] queries/tpch/tpch-queries/q01/base.sql run_id=E5BD2320F283F505 =====
query_runner configuration:
  QUERY_DIR         = queries/tpch/tpch-queries/q01/base.sql
  LOGS_DIR          = logs/warm_stepup/20260918T141724Z-9150d4  (query_timing_/query_samples_/query_catalog_tpch_idx.csv)
  DB_NAME / DB_USER = tpch_idx / postgres
  PGPORT            = 5434  (server reports 18.4)
  RUN_ID            = E5BD2320F283F505
  WARMUP            = 2 single-copy warm-ups (the first primes the cache)
  BATCH_SIZES       = 1 2 4 8 16  x RUNS=1 measured batches each
  WORKERS           = (planner default)
  STATEMENT_TIMEOUT = 900
  THERMAL_EQUALISE  = off
  sensors           = pkg:/sys/class/hwmon/hwmon8/temp1_input cores:4 cpufreq:8 throttle:8/8
  SIGLESS_ADDR      = (disabled)
Found 1 query under queries/tpch/tpch-queries/q01/base.sql

[1/1] queries/tpch/tpch-queries/q01/base.sql (2 warmup + step-up 1 2 4 8 16 x1)
  warmup 1/2: 2.171022 sec (cache prime)
  warmup 2/2: 1.517279 sec
  N=1   batch 1/1: 1.615962 sec, 1 copy (server sum 1519.434 ms)
  N=2   batch 1/1: 3.134555 sec, 2 copies (server sum 3009.468 ms)
  N=4   batch 1/1: 6.236527 sec, 4 copies (server sum 6145.735 ms)
  N=8   batch 1/1: 13.101672 sec, 8 copies (server sum 12991.073 ms)
  N=16  batch 1/1: 27.027018 sec, 16 copies (server sum 26914.902 ms)
  done: 5 sizes x 1 run (0 failures)

Done. Batch rows appended to logs/warm_stepup/20260918T141724Z-9150d4/query_timing_tpch_idx.csv
Per-copy samples appended to logs/warm_stepup/20260918T141724Z-9150d4/query_samples_tpch_idx.csv
Last batch ended at epoch 1789743804.111 (PREV_END_EPOCH for the next invocation)
===== [90/159] queries/tpch/tpch-queries/q14/v1_materialized.sql run_id=1B74897BF9D9AE66 =====
query_runner configuration:
  QUERY_DIR         = queries/tpch/tpch-queries/q14/v1_materialized.sql
  LOGS_DIR          = logs/warm_stepup/20260918T141724Z-9150d4  (query_timing_/query_samples_/query_catalog_tpch_idx.csv)
  DB_NAME / DB_USER = tpch_idx / postgres
  PGPORT            = 5434  (server reports 18.4)
  RUN_ID            = 1B74897BF9D9AE66
  WARMUP            = 2 single-copy warm-ups (the first primes the cache)
  BATCH_SIZES       = 1 2 4 8 16  x RUNS=1 measured batches each
  WORKERS           = (planner default)
  STATEMENT_TIMEOUT = 900
  THERMAL_EQUALISE  = off
  sensors           = pkg:/sys/class/hwmon/hwmon8/temp1_input cores:4 cpufreq:8 throttle:8/8
  SIGLESS_ADDR      = (disabled)
Found 1 query under queries/tpch/tpch-queries/q14/v1_materialized.sql

[1/1] queries/tpch/tpch-queries/q14/v1_materialized.sql (2 warmup + step-up 1 2 4 8 16 x1)
  warmup 1/2: 1.471347 sec (cache prime)
  warmup 2/2: 0.232880 sec
  N=1   batch 1/1: 0.232075 sec, 1 copy (server sum 133.381 ms)
  N=2   batch 1/1: 0.341312 sec, 2 copies (server sum 244.995 ms)
  N=4   batch 1/1: 0.555888 sec, 4 copies (server sum 478.553 ms)
  N=8   batch 1/1: 1.043023 sec, 8 copies (server sum 967.014 ms)
  N=16  batch 1/1: 1.966379 sec, 16 copies (server sum 1827.815 ms)
  done: 5 sizes x 1 run (0 failures)

Done. Batch rows appended to logs/warm_stepup/20260918T141724Z-9150d4/query_timing_tpch_idx.csv
Per-copy samples appended to logs/warm_stepup/20260918T141724Z-9150d4/query_samples_tpch_idx.csv
Last batch ended at epoch 1789743814.510 (PREV_END_EPOCH for the next invocation)
===== [91/159] queries/tpch/tpch-queries/q08/v1_materialized.sql run_id=7EB2E8C60DA05E65 =====
query_runner configuration:
  QUERY_DIR         = queries/tpch/tpch-queries/q08/v1_materialized.sql
  LOGS_DIR          = logs/warm_stepup/20260918T141724Z-9150d4  (query_timing_/query_samples_/query_catalog_tpch_idx.csv)
  DB_NAME / DB_USER = tpch_idx / postgres
  PGPORT            = 5434  (server reports 18.4)
  RUN_ID            = 7EB2E8C60DA05E65
  WARMUP            = 2 single-copy warm-ups (the first primes the cache)
  BATCH_SIZES       = 1 2 4 8 16  x RUNS=1 measured batches each
  WORKERS           = (planner default)
  STATEMENT_TIMEOUT = 900
  THERMAL_EQUALISE  = off
  sensors           = pkg:/sys/class/hwmon/hwmon8/temp1_input cores:4 cpufreq:8 throttle:8/8
  SIGLESS_ADDR      = (disabled)
Found 1 query under queries/tpch/tpch-queries/q08/v1_materialized.sql

[1/1] queries/tpch/tpch-queries/q08/v1_materialized.sql (2 warmup + step-up 1 2 4 8 16 x1)
  warmup 1/2: 7.543076 sec (cache prime)
  warmup 2/2: 0.227958 sec
  N=1   batch 1/1: 0.199494 sec, 1 copy (server sum 127.581 ms)
  N=2   batch 1/1: 0.302701 sec, 2 copies (server sum 249.609 ms)
  N=4   batch 1/1: 0.585167 sec, 4 copies (server sum 486.277 ms)
  N=8   batch 1/1: 1.071719 sec, 8 copies (server sum 965.881 ms)
  N=16  batch 1/1: 2.006767 sec, 16 copies (server sum 1899.521 ms)
  done: 5 sizes x 1 run (0 failures)

Done. Batch rows appended to logs/warm_stepup/20260918T141724Z-9150d4/query_timing_tpch_idx.csv
Per-copy samples appended to logs/warm_stepup/20260918T141724Z-9150d4/query_samples_tpch_idx.csv
Last batch ended at epoch 1789743830.784 (PREV_END_EPOCH for the next invocation)
===== [92/159] queries/tpch/tpch-queries/q05/base.sql run_id=48769C8DC4DF2BE1 =====
query_runner configuration:
  QUERY_DIR         = queries/tpch/tpch-queries/q05/base.sql
  LOGS_DIR          = logs/warm_stepup/20260918T141724Z-9150d4  (query_timing_/query_samples_/query_catalog_tpch_idx.csv)
  DB_NAME / DB_USER = tpch_idx / postgres
  PGPORT            = 5434  (server reports 18.4)
  RUN_ID            = 48769C8DC4DF2BE1
  WARMUP            = 2 single-copy warm-ups (the first primes the cache)
  BATCH_SIZES       = 1 2 4 8 16  x RUNS=1 measured batches each
  WORKERS           = (planner default)
  STATEMENT_TIMEOUT = 900
  THERMAL_EQUALISE  = off
  sensors           = pkg:/sys/class/hwmon/hwmon8/temp1_input cores:4 cpufreq:8 throttle:8/8
  SIGLESS_ADDR      = (disabled)
Found 1 query under queries/tpch/tpch-queries/q05/base.sql

[1/1] queries/tpch/tpch-queries/q05/base.sql (2 warmup + step-up 1 2 4 8 16 x1)
  warmup 1/2: 6.630010 sec (cache prime)
  warmup 2/2: 0.341047 sec
  N=1   batch 1/1: 0.306690 sec, 1 copy (server sum 249.065 ms)
  N=2   batch 1/1: 0.567685 sec, 2 copies (server sum 486.690 ms)
  N=4   batch 1/1: 1.017870 sec, 4 copies (server sum 951.729 ms)
  N=8   batch 1/1: 1.975762 sec, 8 copies (server sum 1865.770 ms)
  N=16  batch 1/1: 3.758556 sec, 16 copies (server sum 3672.178 ms)
  done: 5 sizes x 1 run (0 failures)

Done. Batch rows appended to logs/warm_stepup/20260918T141724Z-9150d4/query_timing_tpch_idx.csv
Per-copy samples appended to logs/warm_stepup/20260918T141724Z-9150d4/query_samples_tpch_idx.csv
Last batch ended at epoch 1789743849.716 (PREV_END_EPOCH for the next invocation)
===== [93/159] queries/tpch/tpch-queries/q09/base.sql run_id=3B6881934E107BD0 =====
query_runner configuration:
  QUERY_DIR         = queries/tpch/tpch-queries/q09/base.sql
  LOGS_DIR          = logs/warm_stepup/20260918T141724Z-9150d4  (query_timing_/query_samples_/query_catalog_tpch_idx.csv)
  DB_NAME / DB_USER = tpch_idx / postgres
  PGPORT            = 5434  (server reports 18.4)
  RUN_ID            = 3B6881934E107BD0
  WARMUP            = 2 single-copy warm-ups (the first primes the cache)
  BATCH_SIZES       = 1 2 4 8 16  x RUNS=1 measured batches each
  WORKERS           = (planner default)
  STATEMENT_TIMEOUT = 900
  THERMAL_EQUALISE  = off
  sensors           = pkg:/sys/class/hwmon/hwmon8/temp1_input cores:4 cpufreq:8 throttle:8/8
  SIGLESS_ADDR      = (disabled)
Found 1 query under queries/tpch/tpch-queries/q09/base.sql

[1/1] queries/tpch/tpch-queries/q09/base.sql (2 warmup + step-up 1 2 4 8 16 x1)
  warmup 1/2: 8.460853 sec (cache prime)
  warmup 2/2: 1.101772 sec
  N=1   batch 1/1: 1.085399 sec, 1 copy (server sum 1035.540 ms)
  N=2   batch 1/1: 2.146255 sec, 2 copies (server sum 2053.480 ms)
  N=4   batch 1/1: 4.087610 sec, 4 copies (server sum 4036.270 ms)
  N=8   batch 1/1: 8.205003 sec, 8 copies (server sum 8106.952 ms)
  N=16  batch 1/1: 16.347647 sec, 16 copies (server sum 16224.149 ms)
  done: 5 sizes x 1 run (0 failures)

Done. Batch rows appended to logs/warm_stepup/20260918T141724Z-9150d4/query_timing_tpch_idx.csv
Per-copy samples appended to logs/warm_stepup/20260918T141724Z-9150d4/query_samples_tpch_idx.csv
Last batch ended at epoch 1789743895.346 (PREV_END_EPOCH for the next invocation)
===== [94/159] queries/tpch/tpch-queries/q06/v1_materialized.sql run_id=57509649F00CBF8B =====
query_runner configuration:
  QUERY_DIR         = queries/tpch/tpch-queries/q06/v1_materialized.sql
  LOGS_DIR          = logs/warm_stepup/20260918T141724Z-9150d4  (query_timing_/query_samples_/query_catalog_tpch_idx.csv)
  DB_NAME / DB_USER = tpch_idx / postgres
  PGPORT            = 5434  (server reports 18.4)
  RUN_ID            = 57509649F00CBF8B
  WARMUP            = 2 single-copy warm-ups (the first primes the cache)
  BATCH_SIZES       = 1 2 4 8 16  x RUNS=1 measured batches each
  WORKERS           = (planner default)
  STATEMENT_TIMEOUT = 900
  THERMAL_EQUALISE  = off
  sensors           = pkg:/sys/class/hwmon/hwmon8/temp1_input cores:4 cpufreq:8 throttle:8/8
  SIGLESS_ADDR      = (disabled)
Found 1 query under queries/tpch/tpch-queries/q06/v1_materialized.sql

[1/1] queries/tpch/tpch-queries/q06/v1_materialized.sql (2 warmup + step-up 1 2 4 8 16 x1)
  warmup 1/2: 0.331264 sec (cache prime)
  warmup 2/2: 0.144675 sec
  N=1   batch 1/1: 0.117836 sec, 1 copy (server sum 53.821 ms)
  N=2   batch 1/1: 0.197884 sec, 2 copies (server sum 117.981 ms)
  N=4   batch 1/1: 0.256158 sec, 4 copies (server sum 214.839 ms)
  N=8   batch 1/1: 0.586959 sec, 8 copies (server sum 452.694 ms)
  N=16  batch 1/1: 0.991717 sec, 16 copies (server sum 911.766 ms)
  done: 5 sizes x 1 run (0 failures)

Done. Batch rows appended to logs/warm_stepup/20260918T141724Z-9150d4/query_timing_tpch_idx.csv
Per-copy samples appended to logs/warm_stepup/20260918T141724Z-9150d4/query_samples_tpch_idx.csv
Last batch ended at epoch 1789743902.116 (PREV_END_EPOCH for the next invocation)
===== [95/159] queries/tpch/tpch-queries/q17/v2_decorrelate.sql run_id=CCA2C50FA9CCC115 =====
query_runner configuration:
  QUERY_DIR         = queries/tpch/tpch-queries/q17/v2_decorrelate.sql
  LOGS_DIR          = logs/warm_stepup/20260918T141724Z-9150d4  (query_timing_/query_samples_/query_catalog_tpch_idx.csv)
  DB_NAME / DB_USER = tpch_idx / postgres
  PGPORT            = 5434  (server reports 18.4)
  RUN_ID            = CCA2C50FA9CCC115
  WARMUP            = 2 single-copy warm-ups (the first primes the cache)
  BATCH_SIZES       = 1 2 4 8 16  x RUNS=1 measured batches each
  WORKERS           = (planner default)
  STATEMENT_TIMEOUT = 900
  THERMAL_EQUALISE  = off
  sensors           = pkg:/sys/class/hwmon/hwmon8/temp1_input cores:4 cpufreq:8 throttle:8/8
  SIGLESS_ADDR      = (disabled)
Found 1 query under queries/tpch/tpch-queries/q17/v2_decorrelate.sql

[1/1] queries/tpch/tpch-queries/q17/v2_decorrelate.sql (2 warmup + step-up 1 2 4 8 16 x1)
  warmup 1/2: 4.524577 sec (cache prime)
  warmup 2/2: 3.881536 sec
  N=1   batch 1/1: 3.884490 sec, 1 copy (server sum 3839.839 ms)
  N=2   batch 1/1: 7.617873 sec, 2 copies (server sum 7568.052 ms)
  N=4   batch 1/1: 15.269257 sec, 4 copies (server sum 15181.913 ms)
  N=8   batch 1/1: 30.163285 sec, 8 copies (server sum 30100.750 ms)
  N=16  batch 1/1: 60.009209 sec, 16 copies (server sum 59947.966 ms)
  done: 5 sizes x 1 run (0 failures)

Done. Batch rows appended to logs/warm_stepup/20260918T141724Z-9150d4/query_timing_tpch_idx.csv
Per-copy samples appended to logs/warm_stepup/20260918T141724Z-9150d4/query_samples_tpch_idx.csv
Last batch ended at epoch 1789744031.628 (PREV_END_EPOCH for the next invocation)
===== [96/159] queries/tpch/tpch-queries/q15/base.sql run_id=A5F37097A9E75C6F =====
query_runner configuration:
  QUERY_DIR         = queries/tpch/tpch-queries/q15/base.sql
  LOGS_DIR          = logs/warm_stepup/20260918T141724Z-9150d4  (query_timing_/query_samples_/query_catalog_tpch_idx.csv)
  DB_NAME / DB_USER = tpch_idx / postgres
  PGPORT            = 5434  (server reports 18.4)
  RUN_ID            = A5F37097A9E75C6F
  WARMUP            = 2 single-copy warm-ups (the first primes the cache)
  BATCH_SIZES       = 1 2 4 8 16  x RUNS=1 measured batches each
  WORKERS           = (planner default)
  STATEMENT_TIMEOUT = 900
  THERMAL_EQUALISE  = off
  sensors           = pkg:/sys/class/hwmon/hwmon8/temp1_input cores:4 cpufreq:8 throttle:8/8
  SIGLESS_ADDR      = (disabled)
Found 1 query under queries/tpch/tpch-queries/q15/base.sql

[1/1] queries/tpch/tpch-queries/q15/base.sql (2 warmup + step-up 1 2 4 8 16 x1)
  warmup 1/2: 2.045925 sec (cache prime)
  warmup 2/2: 0.344328 sec
  N=1   batch 1/1: 0.311590 sec, 1 copy (server sum 254.178 ms)
  N=2   batch 1/1: 0.507376 sec, 2 copies (server sum 453.213 ms)
  N=4   batch 1/1: 0.893997 sec, 4 copies (server sum 842.888 ms)
  N=8   batch 1/1: 1.663458 sec, 8 copies (server sum 1611.564 ms)
  N=16  batch 1/1: 3.182031 sec, 16 copies (server sum 3117.553 ms)
  done: 5 sizes x 1 run (0 failures)

Done. Batch rows appended to logs/warm_stepup/20260918T141724Z-9150d4/query_timing_tpch_idx.csv
Per-copy samples appended to logs/warm_stepup/20260918T141724Z-9150d4/query_samples_tpch_idx.csv
Last batch ended at epoch 1789744044.768 (PREV_END_EPOCH for the next invocation)
===== [97/159] queries/tpch/tpch-queries/q04/v2_in.sql run_id=FD9BF36F8F39DA87 =====
query_runner configuration:
  QUERY_DIR         = queries/tpch/tpch-queries/q04/v2_in.sql
  LOGS_DIR          = logs/warm_stepup/20260918T141724Z-9150d4  (query_timing_/query_samples_/query_catalog_tpch_idx.csv)
  DB_NAME / DB_USER = tpch_idx / postgres
  PGPORT            = 5434  (server reports 18.4)
  RUN_ID            = FD9BF36F8F39DA87
  WARMUP            = 2 single-copy warm-ups (the first primes the cache)
  BATCH_SIZES       = 1 2 4 8 16  x RUNS=1 measured batches each
  WORKERS           = (planner default)
  STATEMENT_TIMEOUT = 900
  THERMAL_EQUALISE  = off
  sensors           = pkg:/sys/class/hwmon/hwmon8/temp1_input cores:4 cpufreq:8 throttle:8/8
  SIGLESS_ADDR      = (disabled)
Found 1 query under queries/tpch/tpch-queries/q04/v2_in.sql

[1/1] queries/tpch/tpch-queries/q04/v2_in.sql (2 warmup + step-up 1 2 4 8 16 x1)
  warmup 1/2: 1.708320 sec (cache prime)
  warmup 2/2: 0.185660 sec
  N=1   batch 1/1: 0.134771 sec, 1 copy (server sum 94.563 ms)
  N=2   batch 1/1: 0.229114 sec, 2 copies (server sum 174.663 ms)
  N=4   batch 1/1: 0.447529 sec, 4 copies (server sum 335.174 ms)
  N=8   batch 1/1: 0.813440 sec, 8 copies (server sum 677.838 ms)
  N=16  batch 1/1: 1.455163 sec, 16 copies (server sum 1318.444 ms)
  done: 5 sizes x 1 run (0 failures)

Done. Batch rows appended to logs/warm_stepup/20260918T141724Z-9150d4/query_timing_tpch_idx.csv
Per-copy samples appended to logs/warm_stepup/20260918T141724Z-9150d4/query_samples_tpch_idx.csv
Last batch ended at epoch 1789744054.106 (PREV_END_EPOCH for the next invocation)
===== [98/159] queries/tpch/tpch-queries/q01/v1_materialized.sql run_id=7B2C4A70F3C79593 =====
query_runner configuration:
  QUERY_DIR         = queries/tpch/tpch-queries/q01/v1_materialized.sql
  LOGS_DIR          = logs/warm_stepup/20260918T141724Z-9150d4  (query_timing_/query_samples_/query_catalog_tpch_idx.csv)
  DB_NAME / DB_USER = tpch_idx / postgres
  PGPORT            = 5434  (server reports 18.4)
  RUN_ID            = 7B2C4A70F3C79593
  WARMUP            = 2 single-copy warm-ups (the first primes the cache)
  BATCH_SIZES       = 1 2 4 8 16  x RUNS=1 measured batches each
  WORKERS           = (planner default)
  STATEMENT_TIMEOUT = 900
  THERMAL_EQUALISE  = off
  sensors           = pkg:/sys/class/hwmon/hwmon8/temp1_input cores:4 cpufreq:8 throttle:8/8
  SIGLESS_ADDR      = (disabled)
Found 1 query under queries/tpch/tpch-queries/q01/v1_materialized.sql

[1/1] queries/tpch/tpch-queries/q01/v1_materialized.sql (2 warmup + step-up 1 2 4 8 16 x1)
  warmup 1/2: 2.054395 sec (cache prime)
  warmup 2/2: 1.470413 sec
  N=1   batch 1/1: 1.523983 sec, 1 copy (server sum 1404.533 ms)
  N=2   batch 1/1: 2.892007 sec, 2 copies (server sum 2788.599 ms)
  N=4   batch 1/1: 6.133397 sec, 4 copies (server sum 6020.714 ms)
  N=8   batch 1/1: 12.479466 sec, 8 copies (server sum 12376.647 ms)
  N=16  batch 1/1: 26.518172 sec, 16 copies (server sum 26412.706 ms)
  done: 5 sizes x 1 run (0 failures)

Done. Batch rows appended to logs/warm_stepup/20260918T141724Z-9150d4/query_timing_tpch_idx.csv
Per-copy samples appended to logs/warm_stepup/20260918T141724Z-9150d4/query_samples_tpch_idx.csv
Last batch ended at epoch 1789744111.733 (PREV_END_EPOCH for the next invocation)
===== [99/159] queries/tpch/tpch-queries/q22/v2_anti_join.sql run_id=D51B78E82308C600 =====
query_runner configuration:
  QUERY_DIR         = queries/tpch/tpch-queries/q22/v2_anti_join.sql
  LOGS_DIR          = logs/warm_stepup/20260918T141724Z-9150d4  (query_timing_/query_samples_/query_catalog_tpch_idx.csv)
  DB_NAME / DB_USER = tpch_idx / postgres
  PGPORT            = 5434  (server reports 18.4)
  RUN_ID            = D51B78E82308C600
  WARMUP            = 2 single-copy warm-ups (the first primes the cache)
  BATCH_SIZES       = 1 2 4 8 16  x RUNS=1 measured batches each
  WORKERS           = (planner default)
  STATEMENT_TIMEOUT = 900
  THERMAL_EQUALISE  = off
  sensors           = pkg:/sys/class/hwmon/hwmon8/temp1_input cores:4 cpufreq:8 throttle:8/8
  SIGLESS_ADDR      = (disabled)
Found 1 query under queries/tpch/tpch-queries/q22/v2_anti_join.sql

[1/1] queries/tpch/tpch-queries/q22/v2_anti_join.sql (2 warmup + step-up 1 2 4 8 16 x1)
  warmup 1/2: 0.481565 sec (cache prime)
  warmup 2/2: 0.192189 sec
  N=1   batch 1/1: 0.194476 sec, 1 copy (server sum 102.428 ms)
  N=2   batch 1/1: 0.263348 sec, 2 copies (server sum 197.158 ms)
  N=4   batch 1/1: 0.517095 sec, 4 copies (server sum 399.182 ms)
  N=8   batch 1/1: 0.916410 sec, 8 copies (server sum 780.621 ms)
  N=16  batch 1/1: 1.832351 sec, 16 copies (server sum 1687.083 ms)
  done: 5 sizes x 1 run (0 failures)

Done. Batch rows appended to logs/warm_stepup/20260918T141724Z-9150d4/query_timing_tpch_idx.csv
Per-copy samples appended to logs/warm_stepup/20260918T141724Z-9150d4/query_samples_tpch_idx.csv
Last batch ended at epoch 1789744120.389 (PREV_END_EPOCH for the next invocation)
===== [100/159] queries/tpch/tpch-queries/q02/base.sql run_id=B0C253BD42FB3625 =====
query_runner configuration:
  QUERY_DIR         = queries/tpch/tpch-queries/q02/base.sql
  LOGS_DIR          = logs/warm_stepup/20260918T141724Z-9150d4  (query_timing_/query_samples_/query_catalog_tpch_idx.csv)
  DB_NAME / DB_USER = tpch_idx / postgres
  PGPORT            = 5434  (server reports 18.4)
  RUN_ID            = B0C253BD42FB3625
  WARMUP            = 2 single-copy warm-ups (the first primes the cache)
  BATCH_SIZES       = 1 2 4 8 16  x RUNS=1 measured batches each
  WORKERS           = (planner default)
  STATEMENT_TIMEOUT = 900
  THERMAL_EQUALISE  = off
  sensors           = pkg:/sys/class/hwmon/hwmon8/temp1_input cores:4 cpufreq:8 throttle:8/8
  SIGLESS_ADDR      = (disabled)
Found 1 query under queries/tpch/tpch-queries/q02/base.sql

[1/1] queries/tpch/tpch-queries/q02/base.sql (2 warmup + step-up 1 2 4 8 16 x1)
  warmup 1/2: 0.803557 sec (cache prime)
  warmup 2/2: 0.226573 sec
  N=1   batch 1/1: 0.247297 sec, 1 copy (server sum 178.298 ms)
  N=2   batch 1/1: 0.392669 sec, 2 copies (server sum 325.848 ms)
  N=4   batch 1/1: 0.725402 sec, 4 copies (server sum 638.160 ms)
  N=8   batch 1/1: 1.278033 sec, 8 copies (server sum 1219.401 ms)
  N=16  batch 1/1: 2.422424 sec, 16 copies (server sum 2345.624 ms)
  done: 5 sizes x 1 run (0 failures)

Done. Batch rows appended to logs/warm_stepup/20260918T141724Z-9150d4/query_timing_tpch_idx.csv
Per-copy samples appended to logs/warm_stepup/20260918T141724Z-9150d4/query_samples_tpch_idx.csv
Last batch ended at epoch 1789744130.909 (PREV_END_EPOCH for the next invocation)
===== [101/159] queries/tpch/tpch-queries/q05/base.sql run_id=3C51EE97F9B70223 =====
query_runner configuration:
  QUERY_DIR         = queries/tpch/tpch-queries/q05/base.sql
  LOGS_DIR          = logs/warm_stepup/20260918T141724Z-9150d4  (query_timing_/query_samples_/query_catalog_tpch_idx.csv)
  DB_NAME / DB_USER = tpch_idx / postgres
  PGPORT            = 5434  (server reports 18.4)
  RUN_ID            = 3C51EE97F9B70223
  WARMUP            = 2 single-copy warm-ups (the first primes the cache)
  BATCH_SIZES       = 1 2 4 8 16  x RUNS=1 measured batches each
  WORKERS           = (planner default)
  STATEMENT_TIMEOUT = 900
  THERMAL_EQUALISE  = off
  sensors           = pkg:/sys/class/hwmon/hwmon8/temp1_input cores:4 cpufreq:8 throttle:8/8
  SIGLESS_ADDR      = (disabled)
Found 1 query under queries/tpch/tpch-queries/q05/base.sql

[1/1] queries/tpch/tpch-queries/q05/base.sql (2 warmup + step-up 1 2 4 8 16 x1)
  warmup 1/2: 6.598850 sec (cache prime)
  warmup 2/2: 0.347093 sec
  N=1   batch 1/1: 0.342319 sec, 1 copy (server sum 250.101 ms)
  N=2   batch 1/1: 0.539159 sec, 2 copies (server sum 490.565 ms)
  N=4   batch 1/1: 1.034856 sec, 4 copies (server sum 956.858 ms)
  N=8   batch 1/1: 1.982979 sec, 8 copies (server sum 1864.817 ms)
  N=16  batch 1/1: 3.818521 sec, 16 copies (server sum 3707.337 ms)
  done: 5 sizes x 1 run (0 failures)

Done. Batch rows appended to logs/warm_stepup/20260918T141724Z-9150d4/query_timing_tpch_idx.csv
Per-copy samples appended to logs/warm_stepup/20260918T141724Z-9150d4/query_samples_tpch_idx.csv
Last batch ended at epoch 1789744149.324 (PREV_END_EPOCH for the next invocation)
===== [102/159] queries/tpch/tpch-queries/q17/v2_decorrelate.sql run_id=66DBAA9F264509E3 =====
query_runner configuration:
  QUERY_DIR         = queries/tpch/tpch-queries/q17/v2_decorrelate.sql
  LOGS_DIR          = logs/warm_stepup/20260918T141724Z-9150d4  (query_timing_/query_samples_/query_catalog_tpch_idx.csv)
  DB_NAME / DB_USER = tpch_idx / postgres
  PGPORT            = 5434  (server reports 18.4)
  RUN_ID            = 66DBAA9F264509E3
  WARMUP            = 2 single-copy warm-ups (the first primes the cache)
  BATCH_SIZES       = 1 2 4 8 16  x RUNS=1 measured batches each
  WORKERS           = (planner default)
  STATEMENT_TIMEOUT = 900
  THERMAL_EQUALISE  = off
  sensors           = pkg:/sys/class/hwmon/hwmon8/temp1_input cores:4 cpufreq:8 throttle:8/8
  SIGLESS_ADDR      = (disabled)
Found 1 query under queries/tpch/tpch-queries/q17/v2_decorrelate.sql

[1/1] queries/tpch/tpch-queries/q17/v2_decorrelate.sql (2 warmup + step-up 1 2 4 8 16 x1)
  warmup 1/2: 4.632345 sec (cache prime)
  warmup 2/2: 3.895022 sec
  N=1   batch 1/1: 3.888658 sec, 1 copy (server sum 3840.190 ms)
  N=2   batch 1/1: 7.630483 sec, 2 copies (server sum 7573.666 ms)
  N=4   batch 1/1: 15.091625 sec, 4 copies (server sum 15037.345 ms)
  N=8   batch 1/1: 29.980988 sec, 8 copies (server sum 29919.262 ms)
  N=16  batch 1/1: 60.303750 sec, 16 copies (server sum 60236.171 ms)
  done: 5 sizes x 1 run (0 failures)

Done. Batch rows appended to logs/warm_stepup/20260918T141724Z-9150d4/query_timing_tpch_idx.csv
Per-copy samples appended to logs/warm_stepup/20260918T141724Z-9150d4/query_samples_tpch_idx.csv
Last batch ended at epoch 1789744279.348 (PREV_END_EPOCH for the next invocation)
===== [103/159] queries/tpch/tpch-queries/q18/base.sql run_id=55B2E6804F2635A6 =====
query_runner configuration:
  QUERY_DIR         = queries/tpch/tpch-queries/q18/base.sql
  LOGS_DIR          = logs/warm_stepup/20260918T141724Z-9150d4  (query_timing_/query_samples_/query_catalog_tpch_idx.csv)
  DB_NAME / DB_USER = tpch_idx / postgres
  PGPORT            = 5434  (server reports 18.4)
  RUN_ID            = 55B2E6804F2635A6
  WARMUP            = 2 single-copy warm-ups (the first primes the cache)
  BATCH_SIZES       = 1 2 4 8 16  x RUNS=1 measured batches each
  WORKERS           = (planner default)
  STATEMENT_TIMEOUT = 900
  THERMAL_EQUALISE  = off
  sensors           = pkg:/sys/class/hwmon/hwmon8/temp1_input cores:4 cpufreq:8 throttle:8/8
  SIGLESS_ADDR      = (disabled)
Found 1 query under queries/tpch/tpch-queries/q18/base.sql

[1/1] queries/tpch/tpch-queries/q18/base.sql (2 warmup + step-up 1 2 4 8 16 x1)
  warmup 1/2: 5.430011 sec (cache prime)
  warmup 2/2: 4.266928 sec
  N=1   batch 1/1: 4.392527 sec, 1 copy (server sum 4289.260 ms)
  N=2   batch 1/1: 8.977984 sec, 2 copies (server sum 8886.685 ms)
  N=4   batch 1/1: 18.554502 sec, 4 copies (server sum 18478.218 ms)
  N=8   batch 1/1: 39.036156 sec, 8 copies (server sum 38939.340 ms)
  N=16  batch 1/1: 77.679890 sec, 16 copies (server sum 77592.648 ms)
  done: 5 sizes x 1 run (0 failures)

Done. Batch rows appended to logs/warm_stepup/20260918T141724Z-9150d4/query_timing_tpch_idx.csv
Per-copy samples appended to logs/warm_stepup/20260918T141724Z-9150d4/query_samples_tpch_idx.csv
Last batch ended at epoch 1789744441.825 (PREV_END_EPOCH for the next invocation)
===== [104/159] queries/tpch/tpch-queries/q13/base.sql run_id=4E6D90FFC351C6CA =====
query_runner configuration:
  QUERY_DIR         = queries/tpch/tpch-queries/q13/base.sql
  LOGS_DIR          = logs/warm_stepup/20260918T141724Z-9150d4  (query_timing_/query_samples_/query_catalog_tpch_idx.csv)
  DB_NAME / DB_USER = tpch_idx / postgres
  PGPORT            = 5434  (server reports 18.4)
  RUN_ID            = 4E6D90FFC351C6CA
  WARMUP            = 2 single-copy warm-ups (the first primes the cache)
  BATCH_SIZES       = 1 2 4 8 16  x RUNS=1 measured batches each
  WORKERS           = (planner default)
  STATEMENT_TIMEOUT = 900
  THERMAL_EQUALISE  = off
  sensors           = pkg:/sys/class/hwmon/hwmon8/temp1_input cores:4 cpufreq:8 throttle:8/8
  SIGLESS_ADDR      = (disabled)
Found 1 query under queries/tpch/tpch-queries/q13/base.sql

[1/1] queries/tpch/tpch-queries/q13/base.sql (2 warmup + step-up 1 2 4 8 16 x1)
  warmup 1/2: 1.873536 sec (cache prime)
  warmup 2/2: 1.552818 sec
  N=1   batch 1/1: 1.481573 sec, 1 copy (server sum 1435.266 ms)
  N=2   batch 1/1: 2.855705 sec, 2 copies (server sum 2797.447 ms)
  N=4   batch 1/1: 5.549067 sec, 4 copies (server sum 5485.854 ms)
  N=8   batch 1/1: 10.925954 sec, 8 copies (server sum 10866.772 ms)
  N=16  batch 1/1: 21.618500 sec, 16 copies (server sum 21548.949 ms)
  done: 5 sizes x 1 run (0 failures)

Done. Batch rows appended to logs/warm_stepup/20260918T141724Z-9150d4/query_timing_tpch_idx.csv
Per-copy samples appended to logs/warm_stepup/20260918T141724Z-9150d4/query_samples_tpch_idx.csv
Last batch ended at epoch 1789744492.172 (PREV_END_EPOCH for the next invocation)
===== [105/159] queries/tpch/tpch-queries/q16/base.sql run_id=0E08466CDC47E522 =====
query_runner configuration:
  QUERY_DIR         = queries/tpch/tpch-queries/q16/base.sql
  LOGS_DIR          = logs/warm_stepup/20260918T141724Z-9150d4  (query_timing_/query_samples_/query_catalog_tpch_idx.csv)
  DB_NAME / DB_USER = tpch_idx / postgres
  PGPORT            = 5434  (server reports 18.4)
  RUN_ID            = 0E08466CDC47E522
  WARMUP            = 2 single-copy warm-ups (the first primes the cache)
  BATCH_SIZES       = 1 2 4 8 16  x RUNS=1 measured batches each
  WORKERS           = (planner default)
  STATEMENT_TIMEOUT = 900
  THERMAL_EQUALISE  = off
  sensors           = pkg:/sys/class/hwmon/hwmon8/temp1_input cores:4 cpufreq:8 throttle:8/8
  SIGLESS_ADDR      = (disabled)
Found 1 query under queries/tpch/tpch-queries/q16/base.sql

[1/1] queries/tpch/tpch-queries/q16/base.sql (2 warmup + step-up 1 2 4 8 16 x1)
  warmup 1/2: 0.538050 sec (cache prime)
  warmup 2/2: 0.319484 sec
  N=1   batch 1/1: 0.312649 sec, 1 copy (server sum 219.392 ms)
  N=2   batch 1/1: 0.565912 sec, 2 copies (server sum 471.246 ms)
  N=4   batch 1/1: 1.004287 sec, 4 copies (server sum 937.553 ms)
  N=8   batch 1/1: 1.843786 sec, 8 copies (server sum 1745.537 ms)
  N=16  batch 1/1: 3.610937 sec, 16 copies (server sum 3509.981 ms)
  done: 5 sizes x 1 run (0 failures)

Done. Batch rows appended to logs/warm_stepup/20260918T141724Z-9150d4/query_timing_tpch_idx.csv
Per-copy samples appended to logs/warm_stepup/20260918T141724Z-9150d4/query_samples_tpch_idx.csv
Last batch ended at epoch 1789744504.503 (PREV_END_EPOCH for the next invocation)
===== [106/159] queries/tpch/tpch-queries/q18/v2_join.sql run_id=171BE5345D90A283 =====
query_runner configuration:
  QUERY_DIR         = queries/tpch/tpch-queries/q18/v2_join.sql
  LOGS_DIR          = logs/warm_stepup/20260918T141724Z-9150d4  (query_timing_/query_samples_/query_catalog_tpch_idx.csv)
  DB_NAME / DB_USER = tpch_idx / postgres
  PGPORT            = 5434  (server reports 18.4)
  RUN_ID            = 171BE5345D90A283
  WARMUP            = 2 single-copy warm-ups (the first primes the cache)
  BATCH_SIZES       = 1 2 4 8 16  x RUNS=1 measured batches each
  WORKERS           = (planner default)
  STATEMENT_TIMEOUT = 900
  THERMAL_EQUALISE  = off
  sensors           = pkg:/sys/class/hwmon/hwmon8/temp1_input cores:4 cpufreq:8 throttle:8/8
  SIGLESS_ADDR      = (disabled)
Found 1 query under queries/tpch/tpch-queries/q18/v2_join.sql

[1/1] queries/tpch/tpch-queries/q18/v2_join.sql (2 warmup + step-up 1 2 4 8 16 x1)
  warmup 1/2: 5.116321 sec (cache prime)
  warmup 2/2: 4.423532 sec
  N=1   batch 1/1: 4.570210 sec, 1 copy (server sum 4471.232 ms)
  N=2   batch 1/1: 9.221259 sec, 2 copies (server sum 9153.316 ms)
  N=4   batch 1/1: 18.975800 sec, 4 copies (server sum 18871.032 ms)
  N=8   batch 1/1: 38.906575 sec, 8 copies (server sum 38766.775 ms)
  N=16  batch 1/1: 77.961422 sec, 16 copies (server sum 77842.202 ms)
  done: 5 sizes x 1 run (0 failures)

Done. Batch rows appended to logs/warm_stepup/20260918T141724Z-9150d4/query_timing_tpch_idx.csv
Per-copy samples appended to logs/warm_stepup/20260918T141724Z-9150d4/query_samples_tpch_idx.csv
Last batch ended at epoch 1789744667.922 (PREV_END_EPOCH for the next invocation)
===== [107/159] queries/tpch/tpch-queries/q07/v2_union_all.sql run_id=C59761512EC2FC24 =====
query_runner configuration:
  QUERY_DIR         = queries/tpch/tpch-queries/q07/v2_union_all.sql
  LOGS_DIR          = logs/warm_stepup/20260918T141724Z-9150d4  (query_timing_/query_samples_/query_catalog_tpch_idx.csv)
  DB_NAME / DB_USER = tpch_idx / postgres
  PGPORT            = 5434  (server reports 18.4)
  RUN_ID            = C59761512EC2FC24
  WARMUP            = 2 single-copy warm-ups (the first primes the cache)
  BATCH_SIZES       = 1 2 4 8 16  x RUNS=1 measured batches each
  WORKERS           = (planner default)
  STATEMENT_TIMEOUT = 900
  THERMAL_EQUALISE  = off
  sensors           = pkg:/sys/class/hwmon/hwmon8/temp1_input cores:4 cpufreq:8 throttle:8/8
  SIGLESS_ADDR      = (disabled)
Found 1 query under queries/tpch/tpch-queries/q07/v2_union_all.sql

[1/1] queries/tpch/tpch-queries/q07/v2_union_all.sql (2 warmup + step-up 1 2 4 8 16 x1)
  warmup 1/2: 7.944133 sec (cache prime)
  warmup 2/2: 0.643276 sec
  N=1   batch 1/1: 0.688374 sec, 1 copy (server sum 591.775 ms)
  N=2   batch 1/1: 1.224870 sec, 2 copies (server sum 1163.954 ms)
  N=4   batch 1/1: 2.399470 sec, 4 copies (server sum 2319.362 ms)
  N=8   batch 1/1: 4.632432 sec, 8 copies (server sum 4561.670 ms)
  N=16  batch 1/1: 9.165357 sec, 16 copies (server sum 9062.488 ms)
  done: 5 sizes x 1 run (0 failures)

Done. Batch rows appended to logs/warm_stepup/20260918T141724Z-9150d4/query_timing_tpch_idx.csv
Per-copy samples appended to logs/warm_stepup/20260918T141724Z-9150d4/query_samples_tpch_idx.csv
Last batch ended at epoch 1789744699.099 (PREV_END_EPOCH for the next invocation)
===== [108/159] queries/tpch/tpch-queries/q02/base.sql run_id=224D828D1DD813F1 =====
query_runner configuration:
  QUERY_DIR         = queries/tpch/tpch-queries/q02/base.sql
  LOGS_DIR          = logs/warm_stepup/20260918T141724Z-9150d4  (query_timing_/query_samples_/query_catalog_tpch_idx.csv)
  DB_NAME / DB_USER = tpch_idx / postgres
  PGPORT            = 5434  (server reports 18.4)
  RUN_ID            = 224D828D1DD813F1
  WARMUP            = 2 single-copy warm-ups (the first primes the cache)
  BATCH_SIZES       = 1 2 4 8 16  x RUNS=1 measured batches each
  WORKERS           = (planner default)
  STATEMENT_TIMEOUT = 900
  THERMAL_EQUALISE  = off
  sensors           = pkg:/sys/class/hwmon/hwmon8/temp1_input cores:4 cpufreq:8 throttle:8/8
  SIGLESS_ADDR      = (disabled)
Found 1 query under queries/tpch/tpch-queries/q02/base.sql

[1/1] queries/tpch/tpch-queries/q02/base.sql (2 warmup + step-up 1 2 4 8 16 x1)
  warmup 1/2: 0.789528 sec (cache prime)
  warmup 2/2: 0.216532 sec
  N=1   batch 1/1: 0.247956 sec, 1 copy (server sum 177.747 ms)
  N=2   batch 1/1: 0.422576 sec, 2 copies (server sum 325.049 ms)
  N=4   batch 1/1: 0.693207 sec, 4 copies (server sum 623.062 ms)
  N=8   batch 1/1: 1.279580 sec, 8 copies (server sum 1203.499 ms)
  N=16  batch 1/1: 2.442063 sec, 16 copies (server sum 2354.263 ms)
  done: 5 sizes x 1 run (0 failures)

Done. Batch rows appended to logs/warm_stepup/20260918T141724Z-9150d4/query_timing_tpch_idx.csv
Per-copy samples appended to logs/warm_stepup/20260918T141724Z-9150d4/query_samples_tpch_idx.csv
Last batch ended at epoch 1789744709.864 (PREV_END_EPOCH for the next invocation)
===== [109/159] queries/tpch/tpch-queries/q04/base.sql run_id=08BB8E6D75601C3D =====
query_runner configuration:
  QUERY_DIR         = queries/tpch/tpch-queries/q04/base.sql
  LOGS_DIR          = logs/warm_stepup/20260918T141724Z-9150d4  (query_timing_/query_samples_/query_catalog_tpch_idx.csv)
  DB_NAME / DB_USER = tpch_idx / postgres
  PGPORT            = 5434  (server reports 18.4)
  RUN_ID            = 08BB8E6D75601C3D
  WARMUP            = 2 single-copy warm-ups (the first primes the cache)
  BATCH_SIZES       = 1 2 4 8 16  x RUNS=1 measured batches each
  WORKERS           = (planner default)
  STATEMENT_TIMEOUT = 900
  THERMAL_EQUALISE  = off
  sensors           = pkg:/sys/class/hwmon/hwmon8/temp1_input cores:4 cpufreq:8 throttle:8/8
  SIGLESS_ADDR      = (disabled)
Found 1 query under queries/tpch/tpch-queries/q04/base.sql

[1/1] queries/tpch/tpch-queries/q04/base.sql (2 warmup + step-up 1 2 4 8 16 x1)
  warmup 1/2: 1.707332 sec (cache prime)
  warmup 2/2: 0.189128 sec
  N=1   batch 1/1: 0.132488 sec, 1 copy (server sum 91.514 ms)
  N=2   batch 1/1: 0.230851 sec, 2 copies (server sum 173.774 ms)
  N=4   batch 1/1: 0.453796 sec, 4 copies (server sum 339.878 ms)
  N=8   batch 1/1: 0.794822 sec, 8 copies (server sum 661.399 ms)
  N=16  batch 1/1: 1.417934 sec, 16 copies (server sum 1322.288 ms)
  done: 5 sizes x 1 run (0 failures)

Done. Batch rows appended to logs/warm_stepup/20260918T141724Z-9150d4/query_timing_tpch_idx.csv
Per-copy samples appended to logs/warm_stepup/20260918T141724Z-9150d4/query_samples_tpch_idx.csv
Last batch ended at epoch 1789744718.841 (PREV_END_EPOCH for the next invocation)
===== [110/159] queries/tpch/tpch-queries/q12/v1_materialized.sql run_id=3B4EDD0F787E3B66 =====
query_runner configuration:
  QUERY_DIR         = queries/tpch/tpch-queries/q12/v1_materialized.sql
  LOGS_DIR          = logs/warm_stepup/20260918T141724Z-9150d4  (query_timing_/query_samples_/query_catalog_tpch_idx.csv)
  DB_NAME / DB_USER = tpch_idx / postgres
  PGPORT            = 5434  (server reports 18.4)
  RUN_ID            = 3B4EDD0F787E3B66
  WARMUP            = 2 single-copy warm-ups (the first primes the cache)
  BATCH_SIZES       = 1 2 4 8 16  x RUNS=1 measured batches each
  WORKERS           = (planner default)
  STATEMENT_TIMEOUT = 900
  THERMAL_EQUALISE  = off
  sensors           = pkg:/sys/class/hwmon/hwmon8/temp1_input cores:4 cpufreq:8 throttle:8/8
  SIGLESS_ADDR      = (disabled)
Found 1 query under queries/tpch/tpch-queries/q12/v1_materialized.sql

[1/1] queries/tpch/tpch-queries/q12/v1_materialized.sql (2 warmup + step-up 1 2 4 8 16 x1)
  warmup 1/2: 1.683563 sec (cache prime)
  warmup 2/2: 0.380241 sec
  N=1   batch 1/1: 0.363447 sec, 1 copy (server sum 294.215 ms)
  N=2   batch 1/1: 0.679368 sec, 2 copies (server sum 568.802 ms)
  N=4   batch 1/1: 1.188062 sec, 4 copies (server sum 1062.790 ms)
  N=8   batch 1/1: 2.182064 sec, 8 copies (server sum 2102.269 ms)
  N=16  batch 1/1: 4.245333 sec, 16 copies (server sum 4158.431 ms)
  done: 5 sizes x 1 run (0 failures)

Done. Batch rows appended to logs/warm_stepup/20260918T141724Z-9150d4/query_timing_tpch_idx.csv
Per-copy samples appended to logs/warm_stepup/20260918T141724Z-9150d4/query_samples_tpch_idx.csv
Last batch ended at epoch 1789744733.854 (PREV_END_EPOCH for the next invocation)
===== [111/159] queries/tpch/tpch-queries/q02/v1_materialized.sql run_id=CFEA785C5F26A795 =====
query_runner configuration:
  QUERY_DIR         = queries/tpch/tpch-queries/q02/v1_materialized.sql
  LOGS_DIR          = logs/warm_stepup/20260918T141724Z-9150d4  (query_timing_/query_samples_/query_catalog_tpch_idx.csv)
  DB_NAME / DB_USER = tpch_idx / postgres
  PGPORT            = 5434  (server reports 18.4)
  RUN_ID            = CFEA785C5F26A795
  WARMUP            = 2 single-copy warm-ups (the first primes the cache)
  BATCH_SIZES       = 1 2 4 8 16  x RUNS=1 measured batches each
  WORKERS           = (planner default)
  STATEMENT_TIMEOUT = 900
  THERMAL_EQUALISE  = off
  sensors           = pkg:/sys/class/hwmon/hwmon8/temp1_input cores:4 cpufreq:8 throttle:8/8
  SIGLESS_ADDR      = (disabled)
Found 1 query under queries/tpch/tpch-queries/q02/v1_materialized.sql

[1/1] queries/tpch/tpch-queries/q02/v1_materialized.sql (2 warmup + step-up 1 2 4 8 16 x1)
  warmup 1/2: 2.290215 sec (cache prime)
  warmup 2/2: 0.261391 sec
  N=1   batch 1/1: 0.300655 sec, 1 copy (server sum 203.624 ms)
  N=2   batch 1/1: 0.438900 sec, 2 copies (server sum 380.686 ms)
  N=4   batch 1/1: 0.774981 sec, 4 copies (server sum 710.167 ms)
  N=8   batch 1/1: 1.427715 sec, 8 copies (server sum 1348.758 ms)
  N=16  batch 1/1: 2.684226 sec, 16 copies (server sum 2609.575 ms)
  done: 5 sizes x 1 run (0 failures)

Done. Batch rows appended to logs/warm_stepup/20260918T141724Z-9150d4/query_timing_tpch_idx.csv
Per-copy samples appended to logs/warm_stepup/20260918T141724Z-9150d4/query_samples_tpch_idx.csv
Last batch ended at epoch 1789744746.790 (PREV_END_EPOCH for the next invocation)
===== [112/159] queries/tpch/tpch-queries/q04/base.sql run_id=247B07F6FE66DC93 =====
query_runner configuration:
  QUERY_DIR         = queries/tpch/tpch-queries/q04/base.sql
  LOGS_DIR          = logs/warm_stepup/20260918T141724Z-9150d4  (query_timing_/query_samples_/query_catalog_tpch_idx.csv)
  DB_NAME / DB_USER = tpch_idx / postgres
  PGPORT            = 5434  (server reports 18.4)
  RUN_ID            = 247B07F6FE66DC93
  WARMUP            = 2 single-copy warm-ups (the first primes the cache)
  BATCH_SIZES       = 1 2 4 8 16  x RUNS=1 measured batches each
  WORKERS           = (planner default)
  STATEMENT_TIMEOUT = 900
  THERMAL_EQUALISE  = off
  sensors           = pkg:/sys/class/hwmon/hwmon8/temp1_input cores:4 cpufreq:8 throttle:8/8
  SIGLESS_ADDR      = (disabled)
Found 1 query under queries/tpch/tpch-queries/q04/base.sql

[1/1] queries/tpch/tpch-queries/q04/base.sql (2 warmup + step-up 1 2 4 8 16 x1)
  warmup 1/2: 1.821016 sec (cache prime)
  warmup 2/2: 0.157368 sec
  N=1   batch 1/1: 0.132116 sec, 1 copy (server sum 91.778 ms)
  N=2   batch 1/1: 0.236229 sec, 2 copies (server sum 174.397 ms)
  N=4   batch 1/1: 0.452873 sec, 4 copies (server sum 338.853 ms)
  N=8   batch 1/1: 0.787856 sec, 8 copies (server sum 660.641 ms)
  N=16  batch 1/1: 1.456265 sec, 16 copies (server sum 1363.497 ms)
  done: 5 sizes x 1 run (0 failures)

Done. Batch rows appended to logs/warm_stepup/20260918T141724Z-9150d4/query_timing_tpch_idx.csv
Per-copy samples appended to logs/warm_stepup/20260918T141724Z-9150d4/query_samples_tpch_idx.csv
Last batch ended at epoch 1789744755.832 (PREV_END_EPOCH for the next invocation)
===== [113/159] queries/tpch/tpch-queries/q03/base.sql run_id=EF4EDA08A4A445A1 =====
query_runner configuration:
  QUERY_DIR         = queries/tpch/tpch-queries/q03/base.sql
  LOGS_DIR          = logs/warm_stepup/20260918T141724Z-9150d4  (query_timing_/query_samples_/query_catalog_tpch_idx.csv)
  DB_NAME / DB_USER = tpch_idx / postgres
  PGPORT            = 5434  (server reports 18.4)
  RUN_ID            = EF4EDA08A4A445A1
  WARMUP            = 2 single-copy warm-ups (the first primes the cache)
  BATCH_SIZES       = 1 2 4 8 16  x RUNS=1 measured batches each
  WORKERS           = (planner default)
  STATEMENT_TIMEOUT = 900
  THERMAL_EQUALISE  = off
  sensors           = pkg:/sys/class/hwmon/hwmon8/temp1_input cores:4 cpufreq:8 throttle:8/8
  SIGLESS_ADDR      = (disabled)
Found 1 query under queries/tpch/tpch-queries/q03/base.sql

[1/1] queries/tpch/tpch-queries/q03/base.sql (2 warmup + step-up 1 2 4 8 16 x1)
  warmup 1/2: 1.539294 sec (cache prime)
  warmup 2/2: 0.327805 sec
  N=1   batch 1/1: 0.365535 sec, 1 copy (server sum 278.482 ms)
  N=2   batch 1/1: 0.560653 sec, 2 copies (server sum 504.231 ms)
  N=4   batch 1/1: 1.003079 sec, 4 copies (server sum 950.582 ms)
  N=8   batch 1/1: 1.985501 sec, 8 copies (server sum 1851.072 ms)
  N=16  batch 1/1: 3.770563 sec, 16 copies (server sum 3687.297 ms)
  done: 5 sizes x 1 run (0 failures)

Done. Batch rows appended to logs/warm_stepup/20260918T141724Z-9150d4/query_timing_tpch_idx.csv
Per-copy samples appended to logs/warm_stepup/20260918T141724Z-9150d4/query_samples_tpch_idx.csv
Last batch ended at epoch 1789744769.662 (PREV_END_EPOCH for the next invocation)
===== [114/159] queries/tpch/tpch-queries/q05/base.sql run_id=7240162565402AFF =====
query_runner configuration:
  QUERY_DIR         = queries/tpch/tpch-queries/q05/base.sql
  LOGS_DIR          = logs/warm_stepup/20260918T141724Z-9150d4  (query_timing_/query_samples_/query_catalog_tpch_idx.csv)
  DB_NAME / DB_USER = tpch_idx / postgres
  PGPORT            = 5434  (server reports 18.4)
  RUN_ID            = 7240162565402AFF
  WARMUP            = 2 single-copy warm-ups (the first primes the cache)
  BATCH_SIZES       = 1 2 4 8 16  x RUNS=1 measured batches each
  WORKERS           = (planner default)
  STATEMENT_TIMEOUT = 900
  THERMAL_EQUALISE  = off
  sensors           = pkg:/sys/class/hwmon/hwmon8/temp1_input cores:4 cpufreq:8 throttle:8/8
  SIGLESS_ADDR      = (disabled)
Found 1 query under queries/tpch/tpch-queries/q05/base.sql

[1/1] queries/tpch/tpch-queries/q05/base.sql (2 warmup + step-up 1 2 4 8 16 x1)
  warmup 1/2: 7.001882 sec (cache prime)
  warmup 2/2: 0.294288 sec
  N=1   batch 1/1: 0.331729 sec, 1 copy (server sum 252.158 ms)
  N=2   batch 1/1: 0.569969 sec, 2 copies (server sum 493.591 ms)
  N=4   batch 1/1: 1.032965 sec, 4 copies (server sum 963.523 ms)
  N=8   batch 1/1: 1.988937 sec, 8 copies (server sum 1893.803 ms)
  N=16  batch 1/1: 3.816376 sec, 16 copies (server sum 3697.877 ms)
  done: 5 sizes x 1 run (0 failures)

Done. Batch rows appended to logs/warm_stepup/20260918T141724Z-9150d4/query_timing_tpch_idx.csv
Per-copy samples appended to logs/warm_stepup/20260918T141724Z-9150d4/query_samples_tpch_idx.csv
Last batch ended at epoch 1789744788.864 (PREV_END_EPOCH for the next invocation)
===== [115/159] queries/tpch/tpch-queries/q14/v1_materialized.sql run_id=AC1E6FECB19B04DD =====
query_runner configuration:
  QUERY_DIR         = queries/tpch/tpch-queries/q14/v1_materialized.sql
  LOGS_DIR          = logs/warm_stepup/20260918T141724Z-9150d4  (query_timing_/query_samples_/query_catalog_tpch_idx.csv)
  DB_NAME / DB_USER = tpch_idx / postgres
  PGPORT            = 5434  (server reports 18.4)
  RUN_ID            = AC1E6FECB19B04DD
  WARMUP            = 2 single-copy warm-ups (the first primes the cache)
  BATCH_SIZES       = 1 2 4 8 16  x RUNS=1 measured batches each
  WORKERS           = (planner default)
  STATEMENT_TIMEOUT = 900
  THERMAL_EQUALISE  = off
  sensors           = pkg:/sys/class/hwmon/hwmon8/temp1_input cores:4 cpufreq:8 throttle:8/8
  SIGLESS_ADDR      = (disabled)
Found 1 query under queries/tpch/tpch-queries/q14/v1_materialized.sql

[1/1] queries/tpch/tpch-queries/q14/v1_materialized.sql (2 warmup + step-up 1 2 4 8 16 x1)
  warmup 1/2: 1.482516 sec (cache prime)
  warmup 2/2: 0.228665 sec
  N=1   batch 1/1: 0.227808 sec, 1 copy (server sum 134.166 ms)
  N=2   batch 1/1: 0.350988 sec, 2 copies (server sum 254.533 ms)
  N=4   batch 1/1: 0.538879 sec, 4 copies (server sum 470.077 ms)
  N=8   batch 1/1: 1.039580 sec, 8 copies (server sum 924.348 ms)
  N=16  batch 1/1: 1.967879 sec, 16 copies (server sum 1830.166 ms)
  done: 5 sizes x 1 run (0 failures)

Done. Batch rows appended to logs/warm_stepup/20260918T141724Z-9150d4/query_timing_tpch_idx.csv
Per-copy samples appended to logs/warm_stepup/20260918T141724Z-9150d4/query_samples_tpch_idx.csv
Last batch ended at epoch 1789744799.061 (PREV_END_EPOCH for the next invocation)
===== [116/159] queries/tpch/tpch-queries/q15/base.sql run_id=4CBAB608319A56C5 =====
query_runner configuration:
  QUERY_DIR         = queries/tpch/tpch-queries/q15/base.sql
  LOGS_DIR          = logs/warm_stepup/20260918T141724Z-9150d4  (query_timing_/query_samples_/query_catalog_tpch_idx.csv)
  DB_NAME / DB_USER = tpch_idx / postgres
  PGPORT            = 5434  (server reports 18.4)
  RUN_ID            = 4CBAB608319A56C5
  WARMUP            = 2 single-copy warm-ups (the first primes the cache)
  BATCH_SIZES       = 1 2 4 8 16  x RUNS=1 measured batches each
  WORKERS           = (planner default)
  STATEMENT_TIMEOUT = 900
  THERMAL_EQUALISE  = off
  sensors           = pkg:/sys/class/hwmon/hwmon8/temp1_input cores:4 cpufreq:8 throttle:8/8
  SIGLESS_ADDR      = (disabled)
Found 1 query under queries/tpch/tpch-queries/q15/base.sql

[1/1] queries/tpch/tpch-queries/q15/base.sql (2 warmup + step-up 1 2 4 8 16 x1)
  warmup 1/2: 2.024765 sec (cache prime)
  warmup 2/2: 0.331601 sec
  N=1   batch 1/1: 0.313523 sec, 1 copy (server sum 267.156 ms)
  N=2   batch 1/1: 0.518095 sec, 2 copies (server sum 466.763 ms)
  N=4   batch 1/1: 0.910171 sec, 4 copies (server sum 859.788 ms)
  N=8   batch 1/1: 1.673540 sec, 8 copies (server sum 1619.286 ms)
  N=16  batch 1/1: 3.209735 sec, 16 copies (server sum 3151.239 ms)
  done: 5 sizes x 1 run (0 failures)

Done. Batch rows appended to logs/warm_stepup/20260918T141724Z-9150d4/query_timing_tpch_idx.csv
Per-copy samples appended to logs/warm_stepup/20260918T141724Z-9150d4/query_samples_tpch_idx.csv
Last batch ended at epoch 1789744812.447 (PREV_END_EPOCH for the next invocation)
===== [117/159] queries/tpch/tpch-queries/q19/v2_union_all.sql run_id=E6ADBD645DB87236 =====
query_runner configuration:
  QUERY_DIR         = queries/tpch/tpch-queries/q19/v2_union_all.sql
  LOGS_DIR          = logs/warm_stepup/20260918T141724Z-9150d4  (query_timing_/query_samples_/query_catalog_tpch_idx.csv)
  DB_NAME / DB_USER = tpch_idx / postgres
  PGPORT            = 5434  (server reports 18.4)
  RUN_ID            = E6ADBD645DB87236
  WARMUP            = 2 single-copy warm-ups (the first primes the cache)
  BATCH_SIZES       = 1 2 4 8 16  x RUNS=1 measured batches each
  WORKERS           = (planner default)
  STATEMENT_TIMEOUT = 900
  THERMAL_EQUALISE  = off
  sensors           = pkg:/sys/class/hwmon/hwmon8/temp1_input cores:4 cpufreq:8 throttle:8/8
  SIGLESS_ADDR      = (disabled)
Found 1 query under queries/tpch/tpch-queries/q19/v2_union_all.sql

[1/1] queries/tpch/tpch-queries/q19/v2_union_all.sql (2 warmup + step-up 1 2 4 8 16 x1)
  warmup 1/2: 1.185685 sec (cache prime)
  warmup 2/2: 0.108347 sec
  N=1   batch 1/1: 0.134659 sec, 1 copy (server sum 37.846 ms)
  N=2   batch 1/1: 0.169606 sec, 2 copies (server sum 74.573 ms)
  N=4   batch 1/1: 0.188031 sec, 4 copies (server sum 142.499 ms)
  N=8   batch 1/1: 0.331433 sec, 8 copies (server sum 280.789 ms)
  N=16  batch 1/1: 0.666920 sec, 16 copies (server sum 563.702 ms)
  done: 5 sizes x 1 run (0 failures)

Done. Batch rows appended to logs/warm_stepup/20260918T141724Z-9150d4/query_timing_tpch_idx.csv
Per-copy samples appended to logs/warm_stepup/20260918T141724Z-9150d4/query_samples_tpch_idx.csv
Last batch ended at epoch 1789744819.379 (PREV_END_EPOCH for the next invocation)
===== [118/159] queries/tpch/tpch-queries/q22/base.sql run_id=E1F0CFD13AEF5EC3 =====
query_runner configuration:
  QUERY_DIR         = queries/tpch/tpch-queries/q22/base.sql
  LOGS_DIR          = logs/warm_stepup/20260918T141724Z-9150d4  (query_timing_/query_samples_/query_catalog_tpch_idx.csv)
  DB_NAME / DB_USER = tpch_idx / postgres
  PGPORT            = 5434  (server reports 18.4)
  RUN_ID            = E1F0CFD13AEF5EC3
  WARMUP            = 2 single-copy warm-ups (the first primes the cache)
  BATCH_SIZES       = 1 2 4 8 16  x RUNS=1 measured batches each
  WORKERS           = (planner default)
  STATEMENT_TIMEOUT = 900
  THERMAL_EQUALISE  = off
  sensors           = pkg:/sys/class/hwmon/hwmon8/temp1_input cores:4 cpufreq:8 throttle:8/8
  SIGLESS_ADDR      = (disabled)
Found 1 query under queries/tpch/tpch-queries/q22/base.sql

[1/1] queries/tpch/tpch-queries/q22/base.sql (2 warmup + step-up 1 2 4 8 16 x1)
  warmup 1/2: 0.325491 sec (cache prime)
  warmup 2/2: 0.152572 sec
  N=1   batch 1/1: 0.110809 sec, 1 copy (server sum 52.514 ms)
  N=2   batch 1/1: 0.202297 sec, 2 copies (server sum 104.392 ms)
  N=4   batch 1/1: 0.301220 sec, 4 copies (server sum 206.987 ms)
  N=8   batch 1/1: 0.517014 sec, 8 copies (server sum 421.102 ms)
  N=16  batch 1/1: 0.951045 sec, 16 copies (server sum 843.285 ms)
  done: 5 sizes x 1 run (0 failures)

Done. Batch rows appended to logs/warm_stepup/20260918T141724Z-9150d4/query_timing_tpch_idx.csv
Per-copy samples appended to logs/warm_stepup/20260918T141724Z-9150d4/query_samples_tpch_idx.csv
Last batch ended at epoch 1789744826.108 (PREV_END_EPOCH for the next invocation)
===== [119/159] queries/tpch/tpch-queries/q03/base.sql run_id=16375E8EEE986BD8 =====
query_runner configuration:
  QUERY_DIR         = queries/tpch/tpch-queries/q03/base.sql
  LOGS_DIR          = logs/warm_stepup/20260918T141724Z-9150d4  (query_timing_/query_samples_/query_catalog_tpch_idx.csv)
  DB_NAME / DB_USER = tpch_idx / postgres
  PGPORT            = 5434  (server reports 18.4)
  RUN_ID            = 16375E8EEE986BD8
  WARMUP            = 2 single-copy warm-ups (the first primes the cache)
  BATCH_SIZES       = 1 2 4 8 16  x RUNS=1 measured batches each
  WORKERS           = (planner default)
  STATEMENT_TIMEOUT = 900
  THERMAL_EQUALISE  = off
  sensors           = pkg:/sys/class/hwmon/hwmon8/temp1_input cores:4 cpufreq:8 throttle:8/8
  SIGLESS_ADDR      = (disabled)
Found 1 query under queries/tpch/tpch-queries/q03/base.sql

[1/1] queries/tpch/tpch-queries/q03/base.sql (2 warmup + step-up 1 2 4 8 16 x1)
  warmup 1/2: 1.544314 sec (cache prime)
  warmup 2/2: 0.370050 sec
  N=1   batch 1/1: 0.365959 sec, 1 copy (server sum 276.793 ms)
  N=2   batch 1/1: 0.556439 sec, 2 copies (server sum 500.733 ms)
  N=4   batch 1/1: 1.117840 sec, 4 copies (server sum 962.508 ms)
  N=8   batch 1/1: 1.969775 sec, 8 copies (server sum 1879.758 ms)
  N=16  batch 1/1: 3.724060 sec, 16 copies (server sum 3654.316 ms)
  done: 5 sizes x 1 run (0 failures)

Done. Batch rows appended to logs/warm_stepup/20260918T141724Z-9150d4/query_timing_tpch_idx.csv
Per-copy samples appended to logs/warm_stepup/20260918T141724Z-9150d4/query_samples_tpch_idx.csv
Last batch ended at epoch 1789744839.494 (PREV_END_EPOCH for the next invocation)
===== [120/159] queries/tpch/tpch-queries/q10/v1_materialized.sql run_id=5D71D9582D0F70BA =====
query_runner configuration:
  QUERY_DIR         = queries/tpch/tpch-queries/q10/v1_materialized.sql
  LOGS_DIR          = logs/warm_stepup/20260918T141724Z-9150d4  (query_timing_/query_samples_/query_catalog_tpch_idx.csv)
  DB_NAME / DB_USER = tpch_idx / postgres
  PGPORT            = 5434  (server reports 18.4)
  RUN_ID            = 5D71D9582D0F70BA
  WARMUP            = 2 single-copy warm-ups (the first primes the cache)
  BATCH_SIZES       = 1 2 4 8 16  x RUNS=1 measured batches each
  WORKERS           = (planner default)
  STATEMENT_TIMEOUT = 900
  THERMAL_EQUALISE  = off
  sensors           = pkg:/sys/class/hwmon/hwmon8/temp1_input cores:4 cpufreq:8 throttle:8/8
  SIGLESS_ADDR      = (disabled)
Found 1 query under queries/tpch/tpch-queries/q10/v1_materialized.sql

[1/1] queries/tpch/tpch-queries/q10/v1_materialized.sql (2 warmup + step-up 1 2 4 8 16 x1)
  warmup 1/2: 2.501876 sec (cache prime)
  warmup 2/2: 0.372382 sec
  N=1   batch 1/1: 0.365915 sec, 1 copy (server sum 307.010 ms)
  N=2   batch 1/1: 0.633855 sec, 2 copies (server sum 577.733 ms)
  N=4   batch 1/1: 1.216372 sec, 4 copies (server sum 1120.250 ms)
  N=8   batch 1/1: 2.309547 sec, 8 copies (server sum 2204.647 ms)
  N=16  batch 1/1: 4.466308 sec, 16 copies (server sum 4374.433 ms)
  done: 5 sizes x 1 run (0 failures)

Done. Batch rows appended to logs/warm_stepup/20260918T141724Z-9150d4/query_timing_tpch_idx.csv
Per-copy samples appended to logs/warm_stepup/20260918T141724Z-9150d4/query_samples_tpch_idx.csv
Last batch ended at epoch 1789744855.858 (PREV_END_EPOCH for the next invocation)
===== [121/159] queries/tpch/tpch-queries/q11/base.sql run_id=7D8A7EECE39333C2 =====
query_runner configuration:
  QUERY_DIR         = queries/tpch/tpch-queries/q11/base.sql
  LOGS_DIR          = logs/warm_stepup/20260918T141724Z-9150d4  (query_timing_/query_samples_/query_catalog_tpch_idx.csv)
  DB_NAME / DB_USER = tpch_idx / postgres
  PGPORT            = 5434  (server reports 18.4)
  RUN_ID            = 7D8A7EECE39333C2
  WARMUP            = 2 single-copy warm-ups (the first primes the cache)
  BATCH_SIZES       = 1 2 4 8 16  x RUNS=1 measured batches each
  WORKERS           = (planner default)
  STATEMENT_TIMEOUT = 900
  THERMAL_EQUALISE  = off
  sensors           = pkg:/sys/class/hwmon/hwmon8/temp1_input cores:4 cpufreq:8 throttle:8/8
  SIGLESS_ADDR      = (disabled)
Found 1 query under queries/tpch/tpch-queries/q11/base.sql

[1/1] queries/tpch/tpch-queries/q11/base.sql (2 warmup + step-up 1 2 4 8 16 x1)
  warmup 1/2: 1.940832 sec (cache prime)
  warmup 2/2: 0.133790 sec
  N=1   batch 1/1: 0.150236 sec, 1 copy (server sum 81.039 ms)
  N=2   batch 1/1: 0.222597 sec, 2 copies (server sum 159.574 ms)
  N=4   batch 1/1: 0.366114 sec, 4 copies (server sum 306.718 ms)
  N=8   batch 1/1: 0.680521 sec, 8 copies (server sum 602.158 ms)
  N=16  batch 1/1: 1.228011 sec, 16 copies (server sum 1151.011 ms)
  done: 5 sizes x 1 run (0 failures)

Done. Batch rows appended to logs/warm_stepup/20260918T141724Z-9150d4/query_timing_tpch_idx.csv
Per-copy samples appended to logs/warm_stepup/20260918T141724Z-9150d4/query_samples_tpch_idx.csv
Last batch ended at epoch 1789744864.969 (PREV_END_EPOCH for the next invocation)
===== [122/159] queries/tpch/tpch-queries/q07/base.sql run_id=8238953127026452 =====
query_runner configuration:
  QUERY_DIR         = queries/tpch/tpch-queries/q07/base.sql
  LOGS_DIR          = logs/warm_stepup/20260918T141724Z-9150d4  (query_timing_/query_samples_/query_catalog_tpch_idx.csv)
  DB_NAME / DB_USER = tpch_idx / postgres
  PGPORT            = 5434  (server reports 18.4)
  RUN_ID            = 8238953127026452
  WARMUP            = 2 single-copy warm-ups (the first primes the cache)
  BATCH_SIZES       = 1 2 4 8 16  x RUNS=1 measured batches each
  WORKERS           = (planner default)
  STATEMENT_TIMEOUT = 900
  THERMAL_EQUALISE  = off
  sensors           = pkg:/sys/class/hwmon/hwmon8/temp1_input cores:4 cpufreq:8 throttle:8/8
  SIGLESS_ADDR      = (disabled)
Found 1 query under queries/tpch/tpch-queries/q07/base.sql

[1/1] queries/tpch/tpch-queries/q07/base.sql (2 warmup + step-up 1 2 4 8 16 x1)
  warmup 1/2: 13.460650 sec (cache prime)
  warmup 2/2: 0.691857 sec
  N=1   batch 1/1: 0.677370 sec, 1 copy (server sum 624.763 ms)
  N=2   batch 1/1: 1.272995 sec, 2 copies (server sum 1218.278 ms)
  N=4   batch 1/1: 2.445108 sec, 4 copies (server sum 2378.381 ms)
  N=8   batch 1/1: 4.782968 sec, 8 copies (server sum 4705.171 ms)
  N=16  batch 1/1: 9.505617 sec, 16 copies (server sum 9397.230 ms)
  done: 5 sizes x 1 run (0 failures)

Done. Batch rows appended to logs/warm_stepup/20260918T141724Z-9150d4/query_timing_tpch_idx.csv
Per-copy samples appended to logs/warm_stepup/20260918T141724Z-9150d4/query_samples_tpch_idx.csv
Last batch ended at epoch 1789744901.994 (PREV_END_EPOCH for the next invocation)
===== [123/159] queries/tpch/tpch-queries/q21/v1_materialized.sql run_id=A9BB04C324162758 =====
query_runner configuration:
  QUERY_DIR         = queries/tpch/tpch-queries/q21/v1_materialized.sql
  LOGS_DIR          = logs/warm_stepup/20260918T141724Z-9150d4  (query_timing_/query_samples_/query_catalog_tpch_idx.csv)
  DB_NAME / DB_USER = tpch_idx / postgres
  PGPORT            = 5434  (server reports 18.4)
  RUN_ID            = A9BB04C324162758
  WARMUP            = 2 single-copy warm-ups (the first primes the cache)
  BATCH_SIZES       = 1 2 4 8 16  x RUNS=1 measured batches each
  WORKERS           = (planner default)
  STATEMENT_TIMEOUT = 900
  THERMAL_EQUALISE  = off
  sensors           = pkg:/sys/class/hwmon/hwmon8/temp1_input cores:4 cpufreq:8 throttle:8/8
  SIGLESS_ADDR      = (disabled)
Found 1 query under queries/tpch/tpch-queries/q21/v1_materialized.sql

[1/1] queries/tpch/tpch-queries/q21/v1_materialized.sql (2 warmup + step-up 1 2 4 8 16 x1)
  warmup 1/2: 11.528364 sec (cache prime)
  warmup 2/2: 0.550274 sec
  N=1   batch 1/1: 0.518490 sec, 1 copy (server sum 468.325 ms)
  N=2   batch 1/1: 1.059429 sec, 2 copies (server sum 976.103 ms)
  N=4   batch 1/1: 1.966548 sec, 4 copies (server sum 1858.408 ms)
  N=8   batch 1/1: 3.708419 sec, 8 copies (server sum 3577.524 ms)
  N=16  batch 1/1: 7.272559 sec, 16 copies (server sum 7129.148 ms)
  done: 5 sizes x 1 run (0 failures)

Done. Batch rows appended to logs/warm_stepup/20260918T141724Z-9150d4/query_timing_tpch_idx.csv
Per-copy samples appended to logs/warm_stepup/20260918T141724Z-9150d4/query_samples_tpch_idx.csv
Last batch ended at epoch 1789744932.857 (PREV_END_EPOCH for the next invocation)
===== [124/159] queries/tpch/tpch-queries/q18/v1_materialized.sql run_id=2284BC5A9A044ADC =====
query_runner configuration:
  QUERY_DIR         = queries/tpch/tpch-queries/q18/v1_materialized.sql
  LOGS_DIR          = logs/warm_stepup/20260918T141724Z-9150d4  (query_timing_/query_samples_/query_catalog_tpch_idx.csv)
  DB_NAME / DB_USER = tpch_idx / postgres
  PGPORT            = 5434  (server reports 18.4)
  RUN_ID            = 2284BC5A9A044ADC
  WARMUP            = 2 single-copy warm-ups (the first primes the cache)
  BATCH_SIZES       = 1 2 4 8 16  x RUNS=1 measured batches each
  WORKERS           = (planner default)
  STATEMENT_TIMEOUT = 900
  THERMAL_EQUALISE  = off
  sensors           = pkg:/sys/class/hwmon/hwmon8/temp1_input cores:4 cpufreq:8 throttle:8/8
  SIGLESS_ADDR      = (disabled)
Found 1 query under queries/tpch/tpch-queries/q18/v1_materialized.sql

[1/1] queries/tpch/tpch-queries/q18/v1_materialized.sql (2 warmup + step-up 1 2 4 8 16 x1)
  warmup 1/2: 5.463196 sec (cache prime)
  warmup 2/2: 4.569691 sec
  N=1   batch 1/1: 4.697179 sec, 1 copy (server sum 4639.338 ms)
  N=2   batch 1/1: 9.436221 sec, 2 copies (server sum 9332.608 ms)
  N=4   batch 1/1: 19.195093 sec, 4 copies (server sum 19037.221 ms)
  N=8   batch 1/1: 39.060128 sec, 8 copies (server sum 38960.764 ms)
  N=16  batch 1/1: 77.898184 sec, 16 copies (server sum 77784.933 ms)
  done: 5 sizes x 1 run (0 failures)

Done. Batch rows appended to logs/warm_stepup/20260918T141724Z-9150d4/query_timing_tpch_idx.csv
Per-copy samples appended to logs/warm_stepup/20260918T141724Z-9150d4/query_samples_tpch_idx.csv
Last batch ended at epoch 1789745097.357 (PREV_END_EPOCH for the next invocation)
===== [125/159] queries/tpch/tpch-queries/q04/v1_materialized.sql run_id=4DF208A490851FFF =====
query_runner configuration:
  QUERY_DIR         = queries/tpch/tpch-queries/q04/v1_materialized.sql
  LOGS_DIR          = logs/warm_stepup/20260918T141724Z-9150d4  (query_timing_/query_samples_/query_catalog_tpch_idx.csv)
  DB_NAME / DB_USER = tpch_idx / postgres
  PGPORT            = 5434  (server reports 18.4)
  RUN_ID            = 4DF208A490851FFF
  WARMUP            = 2 single-copy warm-ups (the first primes the cache)
  BATCH_SIZES       = 1 2 4 8 16  x RUNS=1 measured batches each
  WORKERS           = (planner default)
  STATEMENT_TIMEOUT = 900
  THERMAL_EQUALISE  = off
  sensors           = pkg:/sys/class/hwmon/hwmon8/temp1_input cores:4 cpufreq:8 throttle:8/8
  SIGLESS_ADDR      = (disabled)
Found 1 query under queries/tpch/tpch-queries/q04/v1_materialized.sql

[1/1] queries/tpch/tpch-queries/q04/v1_materialized.sql (2 warmup + step-up 1 2 4 8 16 x1)
  warmup 1/2: 1.697666 sec (cache prime)
  warmup 2/2: 0.150888 sec
  N=1   batch 1/1: 0.147709 sec, 1 copy (server sum 93.549 ms)
  N=2   batch 1/1: 0.232556 sec, 2 copies (server sum 176.247 ms)
  N=4   batch 1/1: 0.446988 sec, 4 copies (server sum 339.626 ms)
  N=8   batch 1/1: 0.819498 sec, 8 copies (server sum 682.037 ms)
  N=16  batch 1/1: 1.521048 sec, 16 copies (server sum 1371.155 ms)
  done: 5 sizes x 1 run (0 failures)

Done. Batch rows appended to logs/warm_stepup/20260918T141724Z-9150d4/query_timing_tpch_idx.csv
Per-copy samples appended to logs/warm_stepup/20260918T141724Z-9150d4/query_samples_tpch_idx.csv
Last batch ended at epoch 1789745106.765 (PREV_END_EPOCH for the next invocation)
===== [126/159] queries/tpch/tpch-queries/q12/v2_filter.sql run_id=0AA45C5C873CA5E2 =====
query_runner configuration:
  QUERY_DIR         = queries/tpch/tpch-queries/q12/v2_filter.sql
  LOGS_DIR          = logs/warm_stepup/20260918T141724Z-9150d4  (query_timing_/query_samples_/query_catalog_tpch_idx.csv)
  DB_NAME / DB_USER = tpch_idx / postgres
  PGPORT            = 5434  (server reports 18.4)
  RUN_ID            = 0AA45C5C873CA5E2
  WARMUP            = 2 single-copy warm-ups (the first primes the cache)
  BATCH_SIZES       = 1 2 4 8 16  x RUNS=1 measured batches each
  WORKERS           = (planner default)
  STATEMENT_TIMEOUT = 900
  THERMAL_EQUALISE  = off
  sensors           = pkg:/sys/class/hwmon/hwmon8/temp1_input cores:4 cpufreq:8 throttle:8/8
  SIGLESS_ADDR      = (disabled)
Found 1 query under queries/tpch/tpch-queries/q12/v2_filter.sql

[1/1] queries/tpch/tpch-queries/q12/v2_filter.sql (2 warmup + step-up 1 2 4 8 16 x1)
  warmup 1/2: 1.687112 sec (cache prime)
  warmup 2/2: 0.405907 sec
  N=1   batch 1/1: 0.349435 sec, 1 copy (server sum 289.395 ms)
  N=2   batch 1/1: 0.613056 sec, 2 copies (server sum 562.351 ms)
  N=4   batch 1/1: 1.187721 sec, 4 copies (server sum 1070.729 ms)
  N=8   batch 1/1: 2.240182 sec, 8 copies (server sum 2157.031 ms)
  N=16  batch 1/1: 4.392498 sec, 16 copies (server sum 4269.045 ms)
  done: 5 sizes x 1 run (0 failures)

Done. Batch rows appended to logs/warm_stepup/20260918T141724Z-9150d4/query_timing_tpch_idx.csv
Per-copy samples appended to logs/warm_stepup/20260918T141724Z-9150d4/query_samples_tpch_idx.csv
Last batch ended at epoch 1789745122.057 (PREV_END_EPOCH for the next invocation)
===== [127/159] queries/tpch/tpch-queries/q16/base.sql run_id=6969A7FA1B952858 =====
query_runner configuration:
  QUERY_DIR         = queries/tpch/tpch-queries/q16/base.sql
  LOGS_DIR          = logs/warm_stepup/20260918T141724Z-9150d4  (query_timing_/query_samples_/query_catalog_tpch_idx.csv)
  DB_NAME / DB_USER = tpch_idx / postgres
  PGPORT            = 5434  (server reports 18.4)
  RUN_ID            = 6969A7FA1B952858
  WARMUP            = 2 single-copy warm-ups (the first primes the cache)
  BATCH_SIZES       = 1 2 4 8 16  x RUNS=1 measured batches each
  WORKERS           = (planner default)
  STATEMENT_TIMEOUT = 900
  THERMAL_EQUALISE  = off
  sensors           = pkg:/sys/class/hwmon/hwmon8/temp1_input cores:4 cpufreq:8 throttle:8/8
  SIGLESS_ADDR      = (disabled)
Found 1 query under queries/tpch/tpch-queries/q16/base.sql

[1/1] queries/tpch/tpch-queries/q16/base.sql (2 warmup + step-up 1 2 4 8 16 x1)
  warmup 1/2: 0.525638 sec (cache prime)
  warmup 2/2: 0.341723 sec
  N=1   batch 1/1: 0.289129 sec, 1 copy (server sum 216.242 ms)
  N=2   batch 1/1: 0.563683 sec, 2 copies (server sum 471.542 ms)
  N=4   batch 1/1: 0.971083 sec, 4 copies (server sum 896.514 ms)
  N=8   batch 1/1: 1.924751 sec, 8 copies (server sum 1855.191 ms)
  N=16  batch 1/1: 3.890385 sec, 16 copies (server sum 3806.722 ms)
  done: 5 sizes x 1 run (0 failures)

Done. Batch rows appended to logs/warm_stepup/20260918T141724Z-9150d4/query_timing_tpch_idx.csv
Per-copy samples appended to logs/warm_stepup/20260918T141724Z-9150d4/query_samples_tpch_idx.csv
Last batch ended at epoch 1789745134.714 (PREV_END_EPOCH for the next invocation)
===== [128/159] queries/tpch/tpch-queries/q01/v1_materialized.sql run_id=DCAA7246B263FE16 =====
query_runner configuration:
  QUERY_DIR         = queries/tpch/tpch-queries/q01/v1_materialized.sql
  LOGS_DIR          = logs/warm_stepup/20260918T141724Z-9150d4  (query_timing_/query_samples_/query_catalog_tpch_idx.csv)
  DB_NAME / DB_USER = tpch_idx / postgres
  PGPORT            = 5434  (server reports 18.4)
  RUN_ID            = DCAA7246B263FE16
  WARMUP            = 2 single-copy warm-ups (the first primes the cache)
  BATCH_SIZES       = 1 2 4 8 16  x RUNS=1 measured batches each
  WORKERS           = (planner default)
  STATEMENT_TIMEOUT = 900
  THERMAL_EQUALISE  = off
  sensors           = pkg:/sys/class/hwmon/hwmon8/temp1_input cores:4 cpufreq:8 throttle:8/8
  SIGLESS_ADDR      = (disabled)
Found 1 query under queries/tpch/tpch-queries/q01/v1_materialized.sql

[1/1] queries/tpch/tpch-queries/q01/v1_materialized.sql (2 warmup + step-up 1 2 4 8 16 x1)
  warmup 1/2: 2.166795 sec (cache prime)
  warmup 2/2: 1.559574 sec
  N=1   batch 1/1: 1.589718 sec, 1 copy (server sum 1531.168 ms)
  N=2   batch 1/1: 3.171550 sec, 2 copies (server sum 3083.748 ms)
  N=4   batch 1/1: 6.345723 sec, 4 copies (server sum 6277.863 ms)
  N=8   batch 1/1: 13.331497 sec, 8 copies (server sum 13263.294 ms)
  N=16  batch 1/1: 27.099193 sec, 16 copies (server sum 26934.232 ms)
  done: 5 sizes x 1 run (0 failures)

Done. Batch rows appended to logs/warm_stepup/20260918T141724Z-9150d4/query_timing_tpch_idx.csv
Per-copy samples appended to logs/warm_stepup/20260918T141724Z-9150d4/query_samples_tpch_idx.csv
Last batch ended at epoch 1789745193.610 (PREV_END_EPOCH for the next invocation)
===== [129/159] queries/tpch/tpch-queries/q13/base.sql run_id=7EE95B2A49A43BBC =====
query_runner configuration:
  QUERY_DIR         = queries/tpch/tpch-queries/q13/base.sql
  LOGS_DIR          = logs/warm_stepup/20260918T141724Z-9150d4  (query_timing_/query_samples_/query_catalog_tpch_idx.csv)
  DB_NAME / DB_USER = tpch_idx / postgres
  PGPORT            = 5434  (server reports 18.4)
  RUN_ID            = 7EE95B2A49A43BBC
  WARMUP            = 2 single-copy warm-ups (the first primes the cache)
  BATCH_SIZES       = 1 2 4 8 16  x RUNS=1 measured batches each
  WORKERS           = (planner default)
  STATEMENT_TIMEOUT = 900
  THERMAL_EQUALISE  = off
  sensors           = pkg:/sys/class/hwmon/hwmon8/temp1_input cores:4 cpufreq:8 throttle:8/8
  SIGLESS_ADDR      = (disabled)
Found 1 query under queries/tpch/tpch-queries/q13/base.sql

[1/1] queries/tpch/tpch-queries/q13/base.sql (2 warmup + step-up 1 2 4 8 16 x1)
  warmup 1/2: 1.902889 sec (cache prime)
  warmup 2/2: 1.551547 sec
  N=1   batch 1/1: 1.498682 sec, 1 copy (server sum 1457.292 ms)
  N=2   batch 1/1: 2.877389 sec, 2 copies (server sum 2826.926 ms)
  N=4   batch 1/1: 5.570157 sec, 4 copies (server sum 5509.545 ms)
  N=8   batch 1/1: 10.992576 sec, 8 copies (server sum 10938.015 ms)
  N=16  batch 1/1: 21.788115 sec, 16 copies (server sum 21701.168 ms)
  done: 5 sizes x 1 run (0 failures)

Done. Batch rows appended to logs/warm_stepup/20260918T141724Z-9150d4/query_timing_tpch_idx.csv
Per-copy samples appended to logs/warm_stepup/20260918T141724Z-9150d4/query_samples_tpch_idx.csv
Last batch ended at epoch 1789745244.087 (PREV_END_EPOCH for the next invocation)
===== [130/159] queries/tpch/tpch-queries/q12/v2_filter.sql run_id=7685EFC871B942BB =====
query_runner configuration:
  QUERY_DIR         = queries/tpch/tpch-queries/q12/v2_filter.sql
  LOGS_DIR          = logs/warm_stepup/20260918T141724Z-9150d4  (query_timing_/query_samples_/query_catalog_tpch_idx.csv)
  DB_NAME / DB_USER = tpch_idx / postgres
  PGPORT            = 5434  (server reports 18.4)
  RUN_ID            = 7685EFC871B942BB
  WARMUP            = 2 single-copy warm-ups (the first primes the cache)
  BATCH_SIZES       = 1 2 4 8 16  x RUNS=1 measured batches each
  WORKERS           = (planner default)
  STATEMENT_TIMEOUT = 900
  THERMAL_EQUALISE  = off
  sensors           = pkg:/sys/class/hwmon/hwmon8/temp1_input cores:4 cpufreq:8 throttle:8/8
  SIGLESS_ADDR      = (disabled)
Found 1 query under queries/tpch/tpch-queries/q12/v2_filter.sql

[1/1] queries/tpch/tpch-queries/q12/v2_filter.sql (2 warmup + step-up 1 2 4 8 16 x1)
  warmup 1/2: 1.660086 sec (cache prime)
  warmup 2/2: 0.390979 sec
  N=1   batch 1/1: 0.340223 sec, 1 copy (server sum 297.972 ms)
  N=2   batch 1/1: 0.633394 sec, 2 copies (server sum 569.589 ms)
  N=4   batch 1/1: 1.207757 sec, 4 copies (server sum 1082.385 ms)
  N=8   batch 1/1: 2.253231 sec, 8 copies (server sum 2133.532 ms)
  N=16  batch 1/1: 4.326039 sec, 16 copies (server sum 4218.872 ms)
  done: 5 sizes x 1 run (0 failures)

Done. Batch rows appended to logs/warm_stepup/20260918T141724Z-9150d4/query_timing_tpch_idx.csv
Per-copy samples appended to logs/warm_stepup/20260918T141724Z-9150d4/query_samples_tpch_idx.csv
Last batch ended at epoch 1789745259.112 (PREV_END_EPOCH for the next invocation)
===== [131/159] queries/tpch/tpch-queries/q15/v1_materialized.sql run_id=8C76ECE60F3EA3D7 =====
query_runner configuration:
  QUERY_DIR         = queries/tpch/tpch-queries/q15/v1_materialized.sql
  LOGS_DIR          = logs/warm_stepup/20260918T141724Z-9150d4  (query_timing_/query_samples_/query_catalog_tpch_idx.csv)
  DB_NAME / DB_USER = tpch_idx / postgres
  PGPORT            = 5434  (server reports 18.4)
  RUN_ID            = 8C76ECE60F3EA3D7
  WARMUP            = 2 single-copy warm-ups (the first primes the cache)
  BATCH_SIZES       = 1 2 4 8 16  x RUNS=1 measured batches each
  WORKERS           = (planner default)
  STATEMENT_TIMEOUT = 900
  THERMAL_EQUALISE  = off
  sensors           = pkg:/sys/class/hwmon/hwmon8/temp1_input cores:4 cpufreq:8 throttle:8/8
  SIGLESS_ADDR      = (disabled)
Found 1 query under queries/tpch/tpch-queries/q15/v1_materialized.sql

[1/1] queries/tpch/tpch-queries/q15/v1_materialized.sql (2 warmup + step-up 1 2 4 8 16 x1)
  warmup 1/2: 2.027914 sec (cache prime)
  warmup 2/2: 0.357951 sec
  N=1   batch 1/1: 0.308667 sec, 1 copy (server sum 264.790 ms)
  N=2   batch 1/1: 0.529620 sec, 2 copies (server sum 469.203 ms)
  N=4   batch 1/1: 0.923861 sec, 4 copies (server sum 877.030 ms)
  N=8   batch 1/1: 1.693992 sec, 8 copies (server sum 1640.936 ms)
  N=16  batch 1/1: 3.236518 sec, 16 copies (server sum 3177.574 ms)
  done: 5 sizes x 1 run (0 failures)

Done. Batch rows appended to logs/warm_stepup/20260918T141724Z-9150d4/query_timing_tpch_idx.csv
Per-copy samples appended to logs/warm_stepup/20260918T141724Z-9150d4/query_samples_tpch_idx.csv
Last batch ended at epoch 1789745272.739 (PREV_END_EPOCH for the next invocation)
===== [132/159] queries/tpch/tpch-queries/q22/base.sql run_id=0A676702D55DDE40 =====
query_runner configuration:
  QUERY_DIR         = queries/tpch/tpch-queries/q22/base.sql
  LOGS_DIR          = logs/warm_stepup/20260918T141724Z-9150d4  (query_timing_/query_samples_/query_catalog_tpch_idx.csv)
  DB_NAME / DB_USER = tpch_idx / postgres
  PGPORT            = 5434  (server reports 18.4)
  RUN_ID            = 0A676702D55DDE40
  WARMUP            = 2 single-copy warm-ups (the first primes the cache)
  BATCH_SIZES       = 1 2 4 8 16  x RUNS=1 measured batches each
  WORKERS           = (planner default)
  STATEMENT_TIMEOUT = 900
  THERMAL_EQUALISE  = off
  sensors           = pkg:/sys/class/hwmon/hwmon8/temp1_input cores:4 cpufreq:8 throttle:8/8
  SIGLESS_ADDR      = (disabled)
Found 1 query under queries/tpch/tpch-queries/q22/base.sql

[1/1] queries/tpch/tpch-queries/q22/base.sql (2 warmup + step-up 1 2 4 8 16 x1)
  warmup 1/2: 0.371729 sec (cache prime)
  warmup 2/2: 0.094628 sec
  N=1   batch 1/1: 0.151072 sec, 1 copy (server sum 52.996 ms)
  N=2   batch 1/1: 0.167772 sec, 2 copies (server sum 112.870 ms)
  N=4   batch 1/1: 0.264090 sec, 4 copies (server sum 222.010 ms)
  N=8   batch 1/1: 0.523894 sec, 8 copies (server sum 422.148 ms)
  N=16  batch 1/1: 0.949863 sec, 16 copies (server sum 849.212 ms)
  done: 5 sizes x 1 run (0 failures)

Done. Batch rows appended to logs/warm_stepup/20260918T141724Z-9150d4/query_timing_tpch_idx.csv
Per-copy samples appended to logs/warm_stepup/20260918T141724Z-9150d4/query_samples_tpch_idx.csv
Last batch ended at epoch 1789745279.319 (PREV_END_EPOCH for the next invocation)
===== [133/159] queries/tpch/tpch-queries/q10/base.sql run_id=89FC1976FF4DEFC0 =====
query_runner configuration:
  QUERY_DIR         = queries/tpch/tpch-queries/q10/base.sql
  LOGS_DIR          = logs/warm_stepup/20260918T141724Z-9150d4  (query_timing_/query_samples_/query_catalog_tpch_idx.csv)
  DB_NAME / DB_USER = tpch_idx / postgres
  PGPORT            = 5434  (server reports 18.4)
  RUN_ID            = 89FC1976FF4DEFC0
  WARMUP            = 2 single-copy warm-ups (the first primes the cache)
  BATCH_SIZES       = 1 2 4 8 16  x RUNS=1 measured batches each
  WORKERS           = (planner default)
  STATEMENT_TIMEOUT = 900
  THERMAL_EQUALISE  = off
  sensors           = pkg:/sys/class/hwmon/hwmon8/temp1_input cores:4 cpufreq:8 throttle:8/8
  SIGLESS_ADDR      = (disabled)
Found 1 query under queries/tpch/tpch-queries/q10/base.sql

[1/1] queries/tpch/tpch-queries/q10/base.sql (2 warmup + step-up 1 2 4 8 16 x1)
  warmup 1/2: 2.511217 sec (cache prime)
  warmup 2/2: 0.351135 sec
  N=1   batch 1/1: 0.332901 sec, 1 copy (server sum 291.903 ms)
  N=2   batch 1/1: 0.605467 sec, 2 copies (server sum 557.311 ms)
  N=4   batch 1/1: 1.161539 sec, 4 copies (server sum 1086.671 ms)
  N=8   batch 1/1: 2.178563 sec, 8 copies (server sum 2122.002 ms)
  N=16  batch 1/1: 4.257914 sec, 16 copies (server sum 4194.943 ms)
  done: 5 sizes x 1 run (0 failures)

Done. Batch rows appended to logs/warm_stepup/20260918T141724Z-9150d4/query_timing_tpch_idx.csv
Per-copy samples appended to logs/warm_stepup/20260918T141724Z-9150d4/query_samples_tpch_idx.csv
Last batch ended at epoch 1789745294.824 (PREV_END_EPOCH for the next invocation)
===== [134/159] queries/tpch/tpch-queries/q07/base.sql run_id=9B8255247D2456C0 =====
query_runner configuration:
  QUERY_DIR         = queries/tpch/tpch-queries/q07/base.sql
  LOGS_DIR          = logs/warm_stepup/20260918T141724Z-9150d4  (query_timing_/query_samples_/query_catalog_tpch_idx.csv)
  DB_NAME / DB_USER = tpch_idx / postgres
  PGPORT            = 5434  (server reports 18.4)
  RUN_ID            = 9B8255247D2456C0
  WARMUP            = 2 single-copy warm-ups (the first primes the cache)
  BATCH_SIZES       = 1 2 4 8 16  x RUNS=1 measured batches each
  WORKERS           = (planner default)
  STATEMENT_TIMEOUT = 900
  THERMAL_EQUALISE  = off
  sensors           = pkg:/sys/class/hwmon/hwmon8/temp1_input cores:4 cpufreq:8 throttle:8/8
  SIGLESS_ADDR      = (disabled)
Found 1 query under queries/tpch/tpch-queries/q07/base.sql

[1/1] queries/tpch/tpch-queries/q07/base.sql (2 warmup + step-up 1 2 4 8 16 x1)
  warmup 1/2: 16.553099 sec (cache prime)
  warmup 2/2: 0.711595 sec
  N=1   batch 1/1: 0.672513 sec, 1 copy (server sum 625.955 ms)
  N=2   batch 1/1: 1.309086 sec, 2 copies (server sum 1210.975 ms)
  N=4   batch 1/1: 2.495550 sec, 4 copies (server sum 2414.369 ms)
  N=8   batch 1/1: 4.846141 sec, 8 copies (server sum 4747.358 ms)
  N=16  batch 1/1: 9.504405 sec, 16 copies (server sum 9403.382 ms)
  done: 5 sizes x 1 run (0 failures)

Done. Batch rows appended to logs/warm_stepup/20260918T141724Z-9150d4/query_timing_tpch_idx.csv
Per-copy samples appended to logs/warm_stepup/20260918T141724Z-9150d4/query_samples_tpch_idx.csv
Last batch ended at epoch 1789745335.393 (PREV_END_EPOCH for the next invocation)
===== [135/159] queries/tpch/tpch-queries/q19/v1_materialized.sql run_id=B2F42A377D1FF875 =====
query_runner configuration:
  QUERY_DIR         = queries/tpch/tpch-queries/q19/v1_materialized.sql
  LOGS_DIR          = logs/warm_stepup/20260918T141724Z-9150d4  (query_timing_/query_samples_/query_catalog_tpch_idx.csv)
  DB_NAME / DB_USER = tpch_idx / postgres
  PGPORT            = 5434  (server reports 18.4)
  RUN_ID            = B2F42A377D1FF875
  WARMUP            = 2 single-copy warm-ups (the first primes the cache)
  BATCH_SIZES       = 1 2 4 8 16  x RUNS=1 measured batches each
  WORKERS           = (planner default)
  STATEMENT_TIMEOUT = 900
  THERMAL_EQUALISE  = off
  sensors           = pkg:/sys/class/hwmon/hwmon8/temp1_input cores:4 cpufreq:8 throttle:8/8
  SIGLESS_ADDR      = (disabled)
Found 1 query under queries/tpch/tpch-queries/q19/v1_materialized.sql

[1/1] queries/tpch/tpch-queries/q19/v1_materialized.sql (2 warmup + step-up 1 2 4 8 16 x1)
  warmup 1/2: 1.578710 sec (cache prime)
  warmup 2/2: 0.075316 sec
  N=1   batch 1/1: 0.124841 sec, 1 copy (server sum 27.232 ms)
  N=2   batch 1/1: 0.104104 sec, 2 copies (server sum 52.688 ms)
  N=4   batch 1/1: 0.203627 sec, 4 copies (server sum 100.102 ms)
  N=8   batch 1/1: 0.302076 sec, 8 copies (server sum 195.520 ms)
  N=16  batch 1/1: 0.462100 sec, 16 copies (server sum 387.637 ms)
  done: 5 sizes x 1 run (0 failures)

Done. Batch rows appended to logs/warm_stepup/20260918T141724Z-9150d4/query_timing_tpch_idx.csv
Per-copy samples appended to logs/warm_stepup/20260918T141724Z-9150d4/query_samples_tpch_idx.csv
Last batch ended at epoch 1789745342.572 (PREV_END_EPOCH for the next invocation)
===== [136/159] queries/tpch/tpch-queries/q14/v2_filter.sql run_id=C53E71267215D0E1 =====
query_runner configuration:
  QUERY_DIR         = queries/tpch/tpch-queries/q14/v2_filter.sql
  LOGS_DIR          = logs/warm_stepup/20260918T141724Z-9150d4  (query_timing_/query_samples_/query_catalog_tpch_idx.csv)
  DB_NAME / DB_USER = tpch_idx / postgres
  PGPORT            = 5434  (server reports 18.4)
  RUN_ID            = C53E71267215D0E1
  WARMUP            = 2 single-copy warm-ups (the first primes the cache)
  BATCH_SIZES       = 1 2 4 8 16  x RUNS=1 measured batches each
  WORKERS           = (planner default)
  STATEMENT_TIMEOUT = 900
  THERMAL_EQUALISE  = off
  sensors           = pkg:/sys/class/hwmon/hwmon8/temp1_input cores:4 cpufreq:8 throttle:8/8
  SIGLESS_ADDR      = (disabled)
Found 1 query under queries/tpch/tpch-queries/q14/v2_filter.sql

[1/1] queries/tpch/tpch-queries/q14/v2_filter.sql (2 warmup + step-up 1 2 4 8 16 x1)
  warmup 1/2: 1.462522 sec (cache prime)
  warmup 2/2: 0.229519 sec
  N=1   batch 1/1: 0.230528 sec, 1 copy (server sum 133.573 ms)
  N=2   batch 1/1: 0.343004 sec, 2 copies (server sum 243.951 ms)
  N=4   batch 1/1: 0.552655 sec, 4 copies (server sum 475.142 ms)
  N=8   batch 1/1: 1.034497 sec, 8 copies (server sum 963.003 ms)
  N=16  batch 1/1: 1.926644 sec, 16 copies (server sum 1792.494 ms)
  done: 5 sizes x 1 run (0 failures)

Done. Batch rows appended to logs/warm_stepup/20260918T141724Z-9150d4/query_timing_tpch_idx.csv
Per-copy samples appended to logs/warm_stepup/20260918T141724Z-9150d4/query_samples_tpch_idx.csv
Last batch ended at epoch 1789745352.498 (PREV_END_EPOCH for the next invocation)
===== [137/159] queries/tpch/tpch-queries/q05/v1_materialized.sql run_id=753D3AFE6612AA36 =====
query_runner configuration:
  QUERY_DIR         = queries/tpch/tpch-queries/q05/v1_materialized.sql
  LOGS_DIR          = logs/warm_stepup/20260918T141724Z-9150d4  (query_timing_/query_samples_/query_catalog_tpch_idx.csv)
  DB_NAME / DB_USER = tpch_idx / postgres
  PGPORT            = 5434  (server reports 18.4)
  RUN_ID            = 753D3AFE6612AA36
  WARMUP            = 2 single-copy warm-ups (the first primes the cache)
  BATCH_SIZES       = 1 2 4 8 16  x RUNS=1 measured batches each
  WORKERS           = (planner default)
  STATEMENT_TIMEOUT = 900
  THERMAL_EQUALISE  = off
  sensors           = pkg:/sys/class/hwmon/hwmon8/temp1_input cores:4 cpufreq:8 throttle:8/8
  SIGLESS_ADDR      = (disabled)
Found 1 query under queries/tpch/tpch-queries/q05/v1_materialized.sql

[1/1] queries/tpch/tpch-queries/q05/v1_materialized.sql (2 warmup + step-up 1 2 4 8 16 x1)
  warmup 1/2: 7.049992 sec (cache prime)
  warmup 2/2: 0.309262 sec
  N=1   batch 1/1: 0.344314 sec, 1 copy (server sum 243.541 ms)
  N=2   batch 1/1: 0.540236 sec, 2 copies (server sum 489.052 ms)
  N=4   batch 1/1: 1.034122 sec, 4 copies (server sum 970.835 ms)
  N=8   batch 1/1: 1.968270 sec, 8 copies (server sum 1893.286 ms)
  N=16  batch 1/1: 3.788260 sec, 16 copies (server sum 3691.353 ms)
  done: 5 sizes x 1 run (0 failures)

Done. Batch rows appended to logs/warm_stepup/20260918T141724Z-9150d4/query_timing_tpch_idx.csv
Per-copy samples appended to logs/warm_stepup/20260918T141724Z-9150d4/query_samples_tpch_idx.csv
Last batch ended at epoch 1789745371.640 (PREV_END_EPOCH for the next invocation)
===== [138/159] queries/tpch/tpch-queries/q12/v1_materialized.sql run_id=33581C087992FB23 =====
query_runner configuration:
  QUERY_DIR         = queries/tpch/tpch-queries/q12/v1_materialized.sql
  LOGS_DIR          = logs/warm_stepup/20260918T141724Z-9150d4  (query_timing_/query_samples_/query_catalog_tpch_idx.csv)
  DB_NAME / DB_USER = tpch_idx / postgres
  PGPORT            = 5434  (server reports 18.4)
  RUN_ID            = 33581C087992FB23
  WARMUP            = 2 single-copy warm-ups (the first primes the cache)
  BATCH_SIZES       = 1 2 4 8 16  x RUNS=1 measured batches each
  WORKERS           = (planner default)
  STATEMENT_TIMEOUT = 900
  THERMAL_EQUALISE  = off
  sensors           = pkg:/sys/class/hwmon/hwmon8/temp1_input cores:4 cpufreq:8 throttle:8/8
  SIGLESS_ADDR      = (disabled)
Found 1 query under queries/tpch/tpch-queries/q12/v1_materialized.sql

[1/1] queries/tpch/tpch-queries/q12/v1_materialized.sql (2 warmup + step-up 1 2 4 8 16 x1)
  warmup 1/2: 1.676910 sec (cache prime)
  warmup 2/2: 0.386496 sec
  N=1   batch 1/1: 0.375400 sec, 1 copy (server sum 298.838 ms)
  N=2   batch 1/1: 0.591137 sec, 2 copies (server sum 547.988 ms)
  N=4   batch 1/1: 1.158894 sec, 4 copies (server sum 1077.319 ms)
  N=8   batch 1/1: 2.156544 sec, 8 copies (server sum 2098.060 ms)
  N=16  batch 1/1: 4.181291 sec, 16 copies (server sum 4128.075 ms)
  done: 5 sizes x 1 run (0 failures)

Done. Batch rows appended to logs/warm_stepup/20260918T141724Z-9150d4/query_timing_tpch_idx.csv
Per-copy samples appended to logs/warm_stepup/20260918T141724Z-9150d4/query_samples_tpch_idx.csv
Last batch ended at epoch 1789745386.056 (PREV_END_EPOCH for the next invocation)
===== [139/159] queries/tpch/tpch-queries/q14/v2_filter.sql run_id=E42372EF3E9544AE =====
query_runner configuration:
  QUERY_DIR         = queries/tpch/tpch-queries/q14/v2_filter.sql
  LOGS_DIR          = logs/warm_stepup/20260918T141724Z-9150d4  (query_timing_/query_samples_/query_catalog_tpch_idx.csv)
  DB_NAME / DB_USER = tpch_idx / postgres
  PGPORT            = 5434  (server reports 18.4)
  RUN_ID            = E42372EF3E9544AE
  WARMUP            = 2 single-copy warm-ups (the first primes the cache)
  BATCH_SIZES       = 1 2 4 8 16  x RUNS=1 measured batches each
  WORKERS           = (planner default)
  STATEMENT_TIMEOUT = 900
  THERMAL_EQUALISE  = off
  sensors           = pkg:/sys/class/hwmon/hwmon8/temp1_input cores:4 cpufreq:8 throttle:8/8
  SIGLESS_ADDR      = (disabled)
Found 1 query under queries/tpch/tpch-queries/q14/v2_filter.sql

[1/1] queries/tpch/tpch-queries/q14/v2_filter.sql (2 warmup + step-up 1 2 4 8 16 x1)
  warmup 1/2: 1.457681 sec (cache prime)
  warmup 2/2: 0.227807 sec
  N=1   batch 1/1: 0.232085 sec, 1 copy (server sum 133.914 ms)
  N=2   batch 1/1: 0.342478 sec, 2 copies (server sum 245.214 ms)
  N=4   batch 1/1: 0.561772 sec, 4 copies (server sum 472.116 ms)
  N=8   batch 1/1: 1.017393 sec, 8 copies (server sum 929.484 ms)
  N=16  batch 1/1: 1.949914 sec, 16 copies (server sum 1806.656 ms)
  done: 5 sizes x 1 run (0 failures)

Done. Batch rows appended to logs/warm_stepup/20260918T141724Z-9150d4/query_timing_tpch_idx.csv
Per-copy samples appended to logs/warm_stepup/20260918T141724Z-9150d4/query_samples_tpch_idx.csv
Last batch ended at epoch 1789745396.489 (PREV_END_EPOCH for the next invocation)
===== [140/159] queries/tpch/tpch-queries/q13/v2_correlated.sql run_id=EAE874DD8D8557F8 =====
query_runner configuration:
  QUERY_DIR         = queries/tpch/tpch-queries/q13/v2_correlated.sql
  LOGS_DIR          = logs/warm_stepup/20260918T141724Z-9150d4  (query_timing_/query_samples_/query_catalog_tpch_idx.csv)
  DB_NAME / DB_USER = tpch_idx / postgres
  PGPORT            = 5434  (server reports 18.4)
  RUN_ID            = EAE874DD8D8557F8
  WARMUP            = 2 single-copy warm-ups (the first primes the cache)
  BATCH_SIZES       = 1 2 4 8 16  x RUNS=1 measured batches each
  WORKERS           = (planner default)
  STATEMENT_TIMEOUT = 900
  THERMAL_EQUALISE  = off
  sensors           = pkg:/sys/class/hwmon/hwmon8/temp1_input cores:4 cpufreq:8 throttle:8/8
  SIGLESS_ADDR      = (disabled)
Found 1 query under queries/tpch/tpch-queries/q13/v2_correlated.sql

[1/1] queries/tpch/tpch-queries/q13/v2_correlated.sql (2 warmup + step-up 1 2 4 8 16 x1)
  warmup 1/2: 4.604996 sec (cache prime)
  warmup 2/2: 1.979229 sec
  N=1   batch 1/1: 2.006255 sec, 1 copy (server sum 1942.922 ms)
  N=2   batch 1/1: 3.803929 sec, 2 copies (server sum 3744.464 ms)
  N=4   batch 1/1: 7.472429 sec, 4 copies (server sum 7430.993 ms)
  N=8   batch 1/1: 14.813470 sec, 8 copies (server sum 14754.556 ms)
  N=16  batch 1/1: 29.437495 sec, 16 copies (server sum 29362.763 ms)
  done: 5 sizes x 1 run (0 failures)

Done. Batch rows appended to logs/warm_stepup/20260918T141724Z-9150d4/query_timing_tpch_idx.csv
Per-copy samples appended to logs/warm_stepup/20260918T141724Z-9150d4/query_samples_tpch_idx.csv
Last batch ended at epoch 1789745464.525 (PREV_END_EPOCH for the next invocation)
===== [141/159] queries/tpch/tpch-queries/q08/base.sql run_id=C91DA81C8FD34E81 =====
query_runner configuration:
  QUERY_DIR         = queries/tpch/tpch-queries/q08/base.sql
  LOGS_DIR          = logs/warm_stepup/20260918T141724Z-9150d4  (query_timing_/query_samples_/query_catalog_tpch_idx.csv)
  DB_NAME / DB_USER = tpch_idx / postgres
  PGPORT            = 5434  (server reports 18.4)
  RUN_ID            = C91DA81C8FD34E81
  WARMUP            = 2 single-copy warm-ups (the first primes the cache)
  BATCH_SIZES       = 1 2 4 8 16  x RUNS=1 measured batches each
  WORKERS           = (planner default)
  STATEMENT_TIMEOUT = 900
  THERMAL_EQUALISE  = off
  sensors           = pkg:/sys/class/hwmon/hwmon8/temp1_input cores:4 cpufreq:8 throttle:8/8
  SIGLESS_ADDR      = (disabled)
Found 1 query under queries/tpch/tpch-queries/q08/base.sql

[1/1] queries/tpch/tpch-queries/q08/base.sql (2 warmup + step-up 1 2 4 8 16 x1)
  warmup 1/2: 6.129056 sec (cache prime)
  warmup 2/2: 0.194220 sec
  N=1   batch 1/1: 0.173737 sec, 1 copy (server sum 126.949 ms)
  N=2   batch 1/1: 0.292220 sec, 2 copies (server sum 242.579 ms)
  N=4   batch 1/1: 0.566956 sec, 4 copies (server sum 474.527 ms)
  N=8   batch 1/1: 0.996786 sec, 8 copies (server sum 933.201 ms)
  N=16  batch 1/1: 1.982923 sec, 16 copies (server sum 1852.841 ms)
  done: 5 sizes x 1 run (0 failures)

Done. Batch rows appended to logs/warm_stepup/20260918T141724Z-9150d4/query_timing_tpch_idx.csv
Per-copy samples appended to logs/warm_stepup/20260918T141724Z-9150d4/query_samples_tpch_idx.csv
Last batch ended at epoch 1789745478.435 (PREV_END_EPOCH for the next invocation)
===== [142/159] queries/tpch/tpch-queries/q04/v2_in.sql run_id=2D6D00A0038A27E6 =====
query_runner configuration:
  QUERY_DIR         = queries/tpch/tpch-queries/q04/v2_in.sql
  LOGS_DIR          = logs/warm_stepup/20260918T141724Z-9150d4  (query_timing_/query_samples_/query_catalog_tpch_idx.csv)
  DB_NAME / DB_USER = tpch_idx / postgres
  PGPORT            = 5434  (server reports 18.4)
  RUN_ID            = 2D6D00A0038A27E6
  WARMUP            = 2 single-copy warm-ups (the first primes the cache)
  BATCH_SIZES       = 1 2 4 8 16  x RUNS=1 measured batches each
  WORKERS           = (planner default)
  STATEMENT_TIMEOUT = 900
  THERMAL_EQUALISE  = off
  sensors           = pkg:/sys/class/hwmon/hwmon8/temp1_input cores:4 cpufreq:8 throttle:8/8
  SIGLESS_ADDR      = (disabled)
Found 1 query under queries/tpch/tpch-queries/q04/v2_in.sql

[1/1] queries/tpch/tpch-queries/q04/v2_in.sql (2 warmup + step-up 1 2 4 8 16 x1)
  warmup 1/2: 1.812803 sec (cache prime)
  warmup 2/2: 0.161026 sec
  N=1   batch 1/1: 0.133064 sec, 1 copy (server sum 93.204 ms)
  N=2   batch 1/1: 0.245082 sec, 2 copies (server sum 181.201 ms)
  N=4   batch 1/1: 0.451992 sec, 4 copies (server sum 339.288 ms)
  N=8   batch 1/1: 0.828027 sec, 8 copies (server sum 679.384 ms)
  N=16  batch 1/1: 1.513668 sec, 16 copies (server sum 1360.053 ms)
  done: 5 sizes x 1 run (0 failures)

Done. Batch rows appended to logs/warm_stepup/20260918T141724Z-9150d4/query_timing_tpch_idx.csv
Per-copy samples appended to logs/warm_stepup/20260918T141724Z-9150d4/query_samples_tpch_idx.csv
Last batch ended at epoch 1789745488.035 (PREV_END_EPOCH for the next invocation)
===== [143/159] queries/tpch/tpch-queries/q02/v1_materialized.sql run_id=5D293A355329D5EF =====
query_runner configuration:
  QUERY_DIR         = queries/tpch/tpch-queries/q02/v1_materialized.sql
  LOGS_DIR          = logs/warm_stepup/20260918T141724Z-9150d4  (query_timing_/query_samples_/query_catalog_tpch_idx.csv)
  DB_NAME / DB_USER = tpch_idx / postgres
  PGPORT            = 5434  (server reports 18.4)
  RUN_ID            = 5D293A355329D5EF
  WARMUP            = 2 single-copy warm-ups (the first primes the cache)
  BATCH_SIZES       = 1 2 4 8 16  x RUNS=1 measured batches each
  WORKERS           = (planner default)
  STATEMENT_TIMEOUT = 900
  THERMAL_EQUALISE  = off
  sensors           = pkg:/sys/class/hwmon/hwmon8/temp1_input cores:4 cpufreq:8 throttle:8/8
  SIGLESS_ADDR      = (disabled)
Found 1 query under queries/tpch/tpch-queries/q02/v1_materialized.sql

[1/1] queries/tpch/tpch-queries/q02/v1_materialized.sql (2 warmup + step-up 1 2 4 8 16 x1)
  warmup 1/2: 2.345252 sec (cache prime)
  warmup 2/2: 0.274394 sec
  N=1   batch 1/1: 0.270863 sec, 1 copy (server sum 202.033 ms)
  N=2   batch 1/1: 0.435006 sec, 2 copies (server sum 367.925 ms)
  N=4   batch 1/1: 0.772738 sec, 4 copies (server sum 705.680 ms)
  N=8   batch 1/1: 1.413392 sec, 8 copies (server sum 1341.527 ms)
  N=16  batch 1/1: 2.668113 sec, 16 copies (server sum 2594.125 ms)
  done: 5 sizes x 1 run (0 failures)

Done. Batch rows appended to logs/warm_stepup/20260918T141724Z-9150d4/query_timing_tpch_idx.csv
Per-copy samples appended to logs/warm_stepup/20260918T141724Z-9150d4/query_samples_tpch_idx.csv
Last batch ended at epoch 1789745500.693 (PREV_END_EPOCH for the next invocation)
===== [144/159] queries/tpch/tpch-queries/q03/v1_materialized.sql run_id=4FCE68D0563C7885 =====
query_runner configuration:
  QUERY_DIR         = queries/tpch/tpch-queries/q03/v1_materialized.sql
  LOGS_DIR          = logs/warm_stepup/20260918T141724Z-9150d4  (query_timing_/query_samples_/query_catalog_tpch_idx.csv)
  DB_NAME / DB_USER = tpch_idx / postgres
  PGPORT            = 5434  (server reports 18.4)
  RUN_ID            = 4FCE68D0563C7885
  WARMUP            = 2 single-copy warm-ups (the first primes the cache)
  BATCH_SIZES       = 1 2 4 8 16  x RUNS=1 measured batches each
  WORKERS           = (planner default)
  STATEMENT_TIMEOUT = 900
  THERMAL_EQUALISE  = off
  sensors           = pkg:/sys/class/hwmon/hwmon8/temp1_input cores:4 cpufreq:8 throttle:8/8
  SIGLESS_ADDR      = (disabled)
Found 1 query under queries/tpch/tpch-queries/q03/v1_materialized.sql

[1/1] queries/tpch/tpch-queries/q03/v1_materialized.sql (2 warmup + step-up 1 2 4 8 16 x1)
  warmup 1/2: 1.553579 sec (cache prime)
  warmup 2/2: 0.328857 sec
  N=1   batch 1/1: 0.346394 sec, 1 copy (server sum 282.226 ms)
  N=2   batch 1/1: 0.574094 sec, 2 copies (server sum 522.687 ms)
  N=4   batch 1/1: 1.042661 sec, 4 copies (server sum 976.380 ms)
  N=8   batch 1/1: 2.024316 sec, 8 copies (server sum 1899.117 ms)
  N=16  batch 1/1: 3.862685 sec, 16 copies (server sum 3727.720 ms)
  done: 5 sizes x 1 run (0 failures)

Done. Batch rows appended to logs/warm_stepup/20260918T141724Z-9150d4/query_timing_tpch_idx.csv
Per-copy samples appended to logs/warm_stepup/20260918T141724Z-9150d4/query_samples_tpch_idx.csv
Last batch ended at epoch 1789745514.516 (PREV_END_EPOCH for the next invocation)
===== [145/159] queries/tpch/tpch-queries/q10/v1_materialized.sql run_id=F91A67B74635EB2C =====
query_runner configuration:
  QUERY_DIR         = queries/tpch/tpch-queries/q10/v1_materialized.sql
  LOGS_DIR          = logs/warm_stepup/20260918T141724Z-9150d4  (query_timing_/query_samples_/query_catalog_tpch_idx.csv)
  DB_NAME / DB_USER = tpch_idx / postgres
  PGPORT            = 5434  (server reports 18.4)
  RUN_ID            = F91A67B74635EB2C
  WARMUP            = 2 single-copy warm-ups (the first primes the cache)
  BATCH_SIZES       = 1 2 4 8 16  x RUNS=1 measured batches each
  WORKERS           = (planner default)
  STATEMENT_TIMEOUT = 900
  THERMAL_EQUALISE  = off
  sensors           = pkg:/sys/class/hwmon/hwmon8/temp1_input cores:4 cpufreq:8 throttle:8/8
  SIGLESS_ADDR      = (disabled)
Found 1 query under queries/tpch/tpch-queries/q10/v1_materialized.sql

[1/1] queries/tpch/tpch-queries/q10/v1_materialized.sql (2 warmup + step-up 1 2 4 8 16 x1)
  warmup 1/2: 2.371022 sec (cache prime)
  warmup 2/2: 0.343722 sec
  N=1   batch 1/1: 0.359083 sec, 1 copy (server sum 306.243 ms)
  N=2   batch 1/1: 0.629203 sec, 2 copies (server sum 574.654 ms)
  N=4   batch 1/1: 1.192420 sec, 4 copies (server sum 1118.602 ms)
  N=8   batch 1/1: 2.302673 sec, 8 copies (server sum 2201.589 ms)
  N=16  batch 1/1: 4.434761 sec, 16 copies (server sum 4363.442 ms)
  done: 5 sizes x 1 run (0 failures)

Done. Batch rows appended to logs/warm_stepup/20260918T141724Z-9150d4/query_timing_tpch_idx.csv
Per-copy samples appended to logs/warm_stepup/20260918T141724Z-9150d4/query_samples_tpch_idx.csv
Last batch ended at epoch 1789745530.430 (PREV_END_EPOCH for the next invocation)
===== [146/159] queries/tpch/tpch-queries/q19/v1_materialized.sql run_id=EF6AA11292FD1549 =====
query_runner configuration:
  QUERY_DIR         = queries/tpch/tpch-queries/q19/v1_materialized.sql
  LOGS_DIR          = logs/warm_stepup/20260918T141724Z-9150d4  (query_timing_/query_samples_/query_catalog_tpch_idx.csv)
  DB_NAME / DB_USER = tpch_idx / postgres
  PGPORT            = 5434  (server reports 18.4)
  RUN_ID            = EF6AA11292FD1549
  WARMUP            = 2 single-copy warm-ups (the first primes the cache)
  BATCH_SIZES       = 1 2 4 8 16  x RUNS=1 measured batches each
  WORKERS           = (planner default)
  STATEMENT_TIMEOUT = 900
  THERMAL_EQUALISE  = off
  sensors           = pkg:/sys/class/hwmon/hwmon8/temp1_input cores:4 cpufreq:8 throttle:8/8
  SIGLESS_ADDR      = (disabled)
Found 1 query under queries/tpch/tpch-queries/q19/v1_materialized.sql

[1/1] queries/tpch/tpch-queries/q19/v1_materialized.sql (2 warmup + step-up 1 2 4 8 16 x1)
  warmup 1/2: 1.801547 sec (cache prime)
  warmup 2/2: 0.068948 sec
  N=1   batch 1/1: 0.122813 sec, 1 copy (server sum 27.850 ms)
  N=2   batch 1/1: 0.143477 sec, 2 copies (server sum 52.224 ms)
  N=4   batch 1/1: 0.155420 sec, 4 copies (server sum 102.141 ms)
  N=8   batch 1/1: 0.264226 sec, 8 copies (server sum 200.126 ms)
  N=16  batch 1/1: 0.465588 sec, 16 copies (server sum 399.955 ms)
  done: 5 sizes x 1 run (0 failures)

Done. Batch rows appended to logs/warm_stepup/20260918T141724Z-9150d4/query_timing_tpch_idx.csv
Per-copy samples appended to logs/warm_stepup/20260918T141724Z-9150d4/query_samples_tpch_idx.csv
Last batch ended at epoch 1789745537.621 (PREV_END_EPOCH for the next invocation)
===== [147/159] queries/tpch/tpch-queries/q13/v1_materialized.sql run_id=502F47EAFEE5A054 =====
query_runner configuration:
  QUERY_DIR         = queries/tpch/tpch-queries/q13/v1_materialized.sql
  LOGS_DIR          = logs/warm_stepup/20260918T141724Z-9150d4  (query_timing_/query_samples_/query_catalog_tpch_idx.csv)
  DB_NAME / DB_USER = tpch_idx / postgres
  PGPORT            = 5434  (server reports 18.4)
  RUN_ID            = 502F47EAFEE5A054
  WARMUP            = 2 single-copy warm-ups (the first primes the cache)
  BATCH_SIZES       = 1 2 4 8 16  x RUNS=1 measured batches each
  WORKERS           = (planner default)
  STATEMENT_TIMEOUT = 900
  THERMAL_EQUALISE  = off
  sensors           = pkg:/sys/class/hwmon/hwmon8/temp1_input cores:4 cpufreq:8 throttle:8/8
  SIGLESS_ADDR      = (disabled)
Found 1 query under queries/tpch/tpch-queries/q13/v1_materialized.sql

[1/1] queries/tpch/tpch-queries/q13/v1_materialized.sql (2 warmup + step-up 1 2 4 8 16 x1)
  warmup 1/2: 1.868866 sec (cache prime)
  warmup 2/2: 1.496408 sec
  N=1   batch 1/1: 1.501478 sec, 1 copy (server sum 1454.866 ms)
  N=2   batch 1/1: 2.865226 sec, 2 copies (server sum 2818.832 ms)
  N=4   batch 1/1: 5.529515 sec, 4 copies (server sum 5466.176 ms)
  N=8   batch 1/1: 10.871383 sec, 8 copies (server sum 10807.774 ms)
  N=16  batch 1/1: 21.431048 sec, 16 copies (server sum 21363.991 ms)
  done: 5 sizes x 1 run (0 failures)

Done. Batch rows appended to logs/warm_stepup/20260918T141724Z-9150d4/query_timing_tpch_idx.csv
Per-copy samples appended to logs/warm_stepup/20260918T141724Z-9150d4/query_samples_tpch_idx.csv
Last batch ended at epoch 1789745587.429 (PREV_END_EPOCH for the next invocation)
===== [148/159] queries/tpch/tpch-queries/q09/base.sql run_id=51FD77A2601EF38C =====
query_runner configuration:
  QUERY_DIR         = queries/tpch/tpch-queries/q09/base.sql
  LOGS_DIR          = logs/warm_stepup/20260918T141724Z-9150d4  (query_timing_/query_samples_/query_catalog_tpch_idx.csv)
  DB_NAME / DB_USER = tpch_idx / postgres
  PGPORT            = 5434  (server reports 18.4)
  RUN_ID            = 51FD77A2601EF38C
  WARMUP            = 2 single-copy warm-ups (the first primes the cache)
  BATCH_SIZES       = 1 2 4 8 16  x RUNS=1 measured batches each
  WORKERS           = (planner default)
  STATEMENT_TIMEOUT = 900
  THERMAL_EQUALISE  = off
  sensors           = pkg:/sys/class/hwmon/hwmon8/temp1_input cores:4 cpufreq:8 throttle:8/8
  SIGLESS_ADDR      = (disabled)
Found 1 query under queries/tpch/tpch-queries/q09/base.sql

[1/1] queries/tpch/tpch-queries/q09/base.sql (2 warmup + step-up 1 2 4 8 16 x1)
  warmup 1/2: 9.124194 sec (cache prime)
  warmup 2/2: 1.103093 sec
  N=1   batch 1/1: 1.110181 sec, 1 copy (server sum 1029.926 ms)
  N=2   batch 1/1: 2.101620 sec, 2 copies (server sum 2047.205 ms)
  N=4   batch 1/1: 4.164029 sec, 4 copies (server sum 4080.810 ms)
  N=8   batch 1/1: 8.205589 sec, 8 copies (server sum 8138.472 ms)
  N=16  batch 1/1: 16.361794 sec, 16 copies (server sum 16236.246 ms)
  done: 5 sizes x 1 run (0 failures)

Done. Batch rows appended to logs/warm_stepup/20260918T141724Z-9150d4/query_timing_tpch_idx.csv
Per-copy samples appended to logs/warm_stepup/20260918T141724Z-9150d4/query_samples_tpch_idx.csv
Last batch ended at epoch 1789745633.415 (PREV_END_EPOCH for the next invocation)
===== [149/159] queries/tpch/tpch-queries/q16/v1_materialized.sql run_id=CBB918275BD9120D =====
query_runner configuration:
  QUERY_DIR         = queries/tpch/tpch-queries/q16/v1_materialized.sql
  LOGS_DIR          = logs/warm_stepup/20260918T141724Z-9150d4  (query_timing_/query_samples_/query_catalog_tpch_idx.csv)
  DB_NAME / DB_USER = tpch_idx / postgres
  PGPORT            = 5434  (server reports 18.4)
  RUN_ID            = CBB918275BD9120D
  WARMUP            = 2 single-copy warm-ups (the first primes the cache)
  BATCH_SIZES       = 1 2 4 8 16  x RUNS=1 measured batches each
  WORKERS           = (planner default)
  STATEMENT_TIMEOUT = 900
  THERMAL_EQUALISE  = off
  sensors           = pkg:/sys/class/hwmon/hwmon8/temp1_input cores:4 cpufreq:8 throttle:8/8
  SIGLESS_ADDR      = (disabled)
Found 1 query under queries/tpch/tpch-queries/q16/v1_materialized.sql

[1/1] queries/tpch/tpch-queries/q16/v1_materialized.sql (2 warmup + step-up 1 2 4 8 16 x1)
  warmup 1/2: 0.534679 sec (cache prime)
  warmup 2/2: 0.314740 sec
  N=1   batch 1/1: 0.315762 sec, 1 copy (server sum 222.628 ms)
  N=2   batch 1/1: 0.566142 sec, 2 copies (server sum 472.573 ms)
  N=4   batch 1/1: 0.973940 sec, 4 copies (server sum 904.946 ms)
  N=8   batch 1/1: 1.936197 sec, 8 copies (server sum 1858.933 ms)
  N=16  batch 1/1: 3.851643 sec, 16 copies (server sum 3765.045 ms)
  done: 5 sizes x 1 run (0 failures)

Done. Batch rows appended to logs/warm_stepup/20260918T141724Z-9150d4/query_timing_tpch_idx.csv
Per-copy samples appended to logs/warm_stepup/20260918T141724Z-9150d4/query_samples_tpch_idx.csv
Last batch ended at epoch 1789745646.144 (PREV_END_EPOCH for the next invocation)
===== [150/159] queries/tpch/tpch-queries/q05/v1_materialized.sql run_id=BCE1C6C1DD377491 =====
query_runner configuration:
  QUERY_DIR         = queries/tpch/tpch-queries/q05/v1_materialized.sql
  LOGS_DIR          = logs/warm_stepup/20260918T141724Z-9150d4  (query_timing_/query_samples_/query_catalog_tpch_idx.csv)
  DB_NAME / DB_USER = tpch_idx / postgres
  PGPORT            = 5434  (server reports 18.4)
  RUN_ID            = BCE1C6C1DD377491
  WARMUP            = 2 single-copy warm-ups (the first primes the cache)
  BATCH_SIZES       = 1 2 4 8 16  x RUNS=1 measured batches each
  WORKERS           = (planner default)
  STATEMENT_TIMEOUT = 900
  THERMAL_EQUALISE  = off
  sensors           = pkg:/sys/class/hwmon/hwmon8/temp1_input cores:4 cpufreq:8 throttle:8/8
  SIGLESS_ADDR      = (disabled)
Found 1 query under queries/tpch/tpch-queries/q05/v1_materialized.sql

[1/1] queries/tpch/tpch-queries/q05/v1_materialized.sql (2 warmup + step-up 1 2 4 8 16 x1)
  warmup 1/2: 6.220107 sec (cache prime)
  warmup 2/2: 0.301810 sec
  N=1   batch 1/1: 0.307772 sec, 1 copy (server sum 252.902 ms)
  N=2   batch 1/1: 0.553729 sec, 2 copies (server sum 496.953 ms)
  N=4   batch 1/1: 1.046302 sec, 4 copies (server sum 984.418 ms)
  N=8   batch 1/1: 2.063282 sec, 8 copies (server sum 1907.825 ms)
  N=16  batch 1/1: 3.892263 sec, 16 copies (server sum 3756.303 ms)
  done: 5 sizes x 1 run (0 failures)

Done. Batch rows appended to logs/warm_stepup/20260918T141724Z-9150d4/query_timing_tpch_idx.csv
Per-copy samples appended to logs/warm_stepup/20260918T141724Z-9150d4/query_samples_tpch_idx.csv
Last batch ended at epoch 1789745664.475 (PREV_END_EPOCH for the next invocation)
===== [151/159] queries/tpch/tpch-queries/q03/base.sql run_id=94BE2F148CDF4BA9 =====
query_runner configuration:
  QUERY_DIR         = queries/tpch/tpch-queries/q03/base.sql
  LOGS_DIR          = logs/warm_stepup/20260918T141724Z-9150d4  (query_timing_/query_samples_/query_catalog_tpch_idx.csv)
  DB_NAME / DB_USER = tpch_idx / postgres
  PGPORT            = 5434  (server reports 18.4)
  RUN_ID            = 94BE2F148CDF4BA9
  WARMUP            = 2 single-copy warm-ups (the first primes the cache)
  BATCH_SIZES       = 1 2 4 8 16  x RUNS=1 measured batches each
  WORKERS           = (planner default)
  STATEMENT_TIMEOUT = 900
  THERMAL_EQUALISE  = off
  sensors           = pkg:/sys/class/hwmon/hwmon8/temp1_input cores:4 cpufreq:8 throttle:8/8
  SIGLESS_ADDR      = (disabled)
Found 1 query under queries/tpch/tpch-queries/q03/base.sql

[1/1] queries/tpch/tpch-queries/q03/base.sql (2 warmup + step-up 1 2 4 8 16 x1)
  warmup 1/2: 1.536932 sec (cache prime)
  warmup 2/2: 0.331107 sec
  N=1   batch 1/1: 0.340702 sec, 1 copy (server sum 275.309 ms)
  N=2   batch 1/1: 0.561214 sec, 2 copies (server sum 512.916 ms)
  N=4   batch 1/1: 1.008109 sec, 4 copies (server sum 954.597 ms)
  N=8   batch 1/1: 1.995715 sec, 8 copies (server sum 1851.346 ms)
  N=16  batch 1/1: 3.828408 sec, 16 copies (server sum 3731.797 ms)
  done: 5 sizes x 1 run (0 failures)

Done. Batch rows appended to logs/warm_stepup/20260918T141724Z-9150d4/query_timing_tpch_idx.csv
Per-copy samples appended to logs/warm_stepup/20260918T141724Z-9150d4/query_samples_tpch_idx.csv
Last batch ended at epoch 1789745678.282 (PREV_END_EPOCH for the next invocation)
===== [152/159] queries/tpch/tpch-queries/q09/v1_materialized.sql run_id=AEEF584B40A87829 =====
query_runner configuration:
  QUERY_DIR         = queries/tpch/tpch-queries/q09/v1_materialized.sql
  LOGS_DIR          = logs/warm_stepup/20260918T141724Z-9150d4  (query_timing_/query_samples_/query_catalog_tpch_idx.csv)
  DB_NAME / DB_USER = tpch_idx / postgres
  PGPORT            = 5434  (server reports 18.4)
  RUN_ID            = AEEF584B40A87829
  WARMUP            = 2 single-copy warm-ups (the first primes the cache)
  BATCH_SIZES       = 1 2 4 8 16  x RUNS=1 measured batches each
  WORKERS           = (planner default)
  STATEMENT_TIMEOUT = 900
  THERMAL_EQUALISE  = off
  sensors           = pkg:/sys/class/hwmon/hwmon8/temp1_input cores:4 cpufreq:8 throttle:8/8
  SIGLESS_ADDR      = (disabled)
Found 1 query under queries/tpch/tpch-queries/q09/v1_materialized.sql

[1/1] queries/tpch/tpch-queries/q09/v1_materialized.sql (2 warmup + step-up 1 2 4 8 16 x1)
  warmup 1/2: 8.424192 sec (cache prime)
  warmup 2/2: 1.115539 sec
  N=1   batch 1/1: 1.084812 sec, 1 copy (server sum 1039.697 ms)
  N=2   batch 1/1: 2.130189 sec, 2 copies (server sum 2041.629 ms)
  N=4   batch 1/1: 4.091689 sec, 4 copies (server sum 4030.113 ms)
  N=8   batch 1/1: 8.150791 sec, 8 copies (server sum 8076.204 ms)
  N=16  batch 1/1: 16.380702 sec, 16 copies (server sum 16288.770 ms)
  done: 5 sizes x 1 run (0 failures)

Done. Batch rows appended to logs/warm_stepup/20260918T141724Z-9150d4/query_timing_tpch_idx.csv
Per-copy samples appended to logs/warm_stepup/20260918T141724Z-9150d4/query_samples_tpch_idx.csv
Last batch ended at epoch 1789745724.217 (PREV_END_EPOCH for the next invocation)
===== [153/159] queries/tpch/tpch-queries/q12/v2_filter.sql run_id=BA3AC6AB7FF5719B =====
query_runner configuration:
  QUERY_DIR         = queries/tpch/tpch-queries/q12/v2_filter.sql
  LOGS_DIR          = logs/warm_stepup/20260918T141724Z-9150d4  (query_timing_/query_samples_/query_catalog_tpch_idx.csv)
  DB_NAME / DB_USER = tpch_idx / postgres
  PGPORT            = 5434  (server reports 18.4)
  RUN_ID            = BA3AC6AB7FF5719B
  WARMUP            = 2 single-copy warm-ups (the first primes the cache)
  BATCH_SIZES       = 1 2 4 8 16  x RUNS=1 measured batches each
  WORKERS           = (planner default)
  STATEMENT_TIMEOUT = 900
  THERMAL_EQUALISE  = off
  sensors           = pkg:/sys/class/hwmon/hwmon8/temp1_input cores:4 cpufreq:8 throttle:8/8
  SIGLESS_ADDR      = (disabled)
Found 1 query under queries/tpch/tpch-queries/q12/v2_filter.sql

[1/1] queries/tpch/tpch-queries/q12/v2_filter.sql (2 warmup + step-up 1 2 4 8 16 x1)
  warmup 1/2: 1.689343 sec (cache prime)
  warmup 2/2: 0.383459 sec
  N=1   batch 1/1: 0.387963 sec, 1 copy (server sum 313.202 ms)
  N=2   batch 1/1: 0.613372 sec, 2 copies (server sum 569.376 ms)
  N=4   batch 1/1: 1.194107 sec, 4 copies (server sum 1071.109 ms)
  N=8   batch 1/1: 2.206623 sec, 8 copies (server sum 2121.090 ms)
  N=16  batch 1/1: 4.394006 sec, 16 copies (server sum 4276.418 ms)
  done: 5 sizes x 1 run (0 failures)

Done. Batch rows appended to logs/warm_stepup/20260918T141724Z-9150d4/query_timing_tpch_idx.csv
Per-copy samples appended to logs/warm_stepup/20260918T141724Z-9150d4/query_samples_tpch_idx.csv
Last batch ended at epoch 1789745739.515 (PREV_END_EPOCH for the next invocation)
===== [154/159] queries/tpch/tpch-queries/q06/v1_materialized.sql run_id=678E4AAAA7929384 =====
query_runner configuration:
  QUERY_DIR         = queries/tpch/tpch-queries/q06/v1_materialized.sql
  LOGS_DIR          = logs/warm_stepup/20260918T141724Z-9150d4  (query_timing_/query_samples_/query_catalog_tpch_idx.csv)
  DB_NAME / DB_USER = tpch_idx / postgres
  PGPORT            = 5434  (server reports 18.4)
  RUN_ID            = 678E4AAAA7929384
  WARMUP            = 2 single-copy warm-ups (the first primes the cache)
  BATCH_SIZES       = 1 2 4 8 16  x RUNS=1 measured batches each
  WORKERS           = (planner default)
  STATEMENT_TIMEOUT = 900
  THERMAL_EQUALISE  = off
  sensors           = pkg:/sys/class/hwmon/hwmon8/temp1_input cores:4 cpufreq:8 throttle:8/8
  SIGLESS_ADDR      = (disabled)
Found 1 query under queries/tpch/tpch-queries/q06/v1_materialized.sql

[1/1] queries/tpch/tpch-queries/q06/v1_materialized.sql (2 warmup + step-up 1 2 4 8 16 x1)
  warmup 1/2: 0.358635 sec (cache prime)
  warmup 2/2: 0.147174 sec
  N=1   batch 1/1: 0.107122 sec, 1 copy (server sum 53.449 ms)
  N=2   batch 1/1: 0.206401 sec, 2 copies (server sum 116.326 ms)
  N=4   batch 1/1: 0.339725 sec, 4 copies (server sum 238.338 ms)
  N=8   batch 1/1: 0.593561 sec, 8 copies (server sum 522.846 ms)
  N=16  batch 1/1: 1.045679 sec, 16 copies (server sum 943.923 ms)
  done: 5 sizes x 1 run (0 failures)

Done. Batch rows appended to logs/warm_stepup/20260918T141724Z-9150d4/query_timing_tpch_idx.csv
Per-copy samples appended to logs/warm_stepup/20260918T141724Z-9150d4/query_samples_tpch_idx.csv
Last batch ended at epoch 1789745746.730 (PREV_END_EPOCH for the next invocation)
===== [155/159] queries/tpch/tpch-queries/q16/v2_not_exists.sql run_id=3D14A2566E0E85D9 =====
query_runner configuration:
  QUERY_DIR         = queries/tpch/tpch-queries/q16/v2_not_exists.sql
  LOGS_DIR          = logs/warm_stepup/20260918T141724Z-9150d4  (query_timing_/query_samples_/query_catalog_tpch_idx.csv)
  DB_NAME / DB_USER = tpch_idx / postgres
  PGPORT            = 5434  (server reports 18.4)
  RUN_ID            = 3D14A2566E0E85D9
  WARMUP            = 2 single-copy warm-ups (the first primes the cache)
  BATCH_SIZES       = 1 2 4 8 16  x RUNS=1 measured batches each
  WORKERS           = (planner default)
  STATEMENT_TIMEOUT = 900
  THERMAL_EQUALISE  = off
  sensors           = pkg:/sys/class/hwmon/hwmon8/temp1_input cores:4 cpufreq:8 throttle:8/8
  SIGLESS_ADDR      = (disabled)
Found 1 query under queries/tpch/tpch-queries/q16/v2_not_exists.sql

[1/1] queries/tpch/tpch-queries/q16/v2_not_exists.sql (2 warmup + step-up 1 2 4 8 16 x1)
  warmup 1/2: 0.557751 sec (cache prime)
  warmup 2/2: 0.259837 sec
  N=1   batch 1/1: 0.303621 sec, 1 copy (server sum 205.611 ms)
  N=2   batch 1/1: 0.470234 sec, 2 copies (server sum 409.760 ms)
  N=4   batch 1/1: 0.894021 sec, 4 copies (server sum 828.716 ms)
  N=8   batch 1/1: 1.726238 sec, 8 copies (server sum 1660.380 ms)
  N=16  batch 1/1: 3.425527 sec, 16 copies (server sum 3326.936 ms)
  done: 5 sizes x 1 run (0 failures)

Done. Batch rows appended to logs/warm_stepup/20260918T141724Z-9150d4/query_timing_tpch_idx.csv
Per-copy samples appended to logs/warm_stepup/20260918T141724Z-9150d4/query_samples_tpch_idx.csv
Last batch ended at epoch 1789745758.621 (PREV_END_EPOCH for the next invocation)
===== [156/159] queries/tpch/tpch-queries/q09/base.sql run_id=6DE37B5F993B70CA =====
query_runner configuration:
  QUERY_DIR         = queries/tpch/tpch-queries/q09/base.sql
  LOGS_DIR          = logs/warm_stepup/20260918T141724Z-9150d4  (query_timing_/query_samples_/query_catalog_tpch_idx.csv)
  DB_NAME / DB_USER = tpch_idx / postgres
  PGPORT            = 5434  (server reports 18.4)
  RUN_ID            = 6DE37B5F993B70CA
  WARMUP            = 2 single-copy warm-ups (the first primes the cache)
  BATCH_SIZES       = 1 2 4 8 16  x RUNS=1 measured batches each
  WORKERS           = (planner default)
  STATEMENT_TIMEOUT = 900
  THERMAL_EQUALISE  = off
  sensors           = pkg:/sys/class/hwmon/hwmon8/temp1_input cores:4 cpufreq:8 throttle:8/8
  SIGLESS_ADDR      = (disabled)
Found 1 query under queries/tpch/tpch-queries/q09/base.sql

[1/1] queries/tpch/tpch-queries/q09/base.sql (2 warmup + step-up 1 2 4 8 16 x1)
  warmup 1/2: 8.960136 sec (cache prime)
  warmup 2/2: 1.095554 sec
  N=1   batch 1/1: 1.094293 sec, 1 copy (server sum 1037.592 ms)
  N=2   batch 1/1: 2.137369 sec, 2 copies (server sum 2053.107 ms)
  N=4   batch 1/1: 4.130602 sec, 4 copies (server sum 4078.921 ms)
  N=8   batch 1/1: 8.212530 sec, 8 copies (server sum 8132.565 ms)
  N=16  batch 1/1: 16.563695 sec, 16 copies (server sum 16433.634 ms)
  done: 5 sizes x 1 run (0 failures)

Done. Batch rows appended to logs/warm_stepup/20260918T141724Z-9150d4/query_timing_tpch_idx.csv
Per-copy samples appended to logs/warm_stepup/20260918T141724Z-9150d4/query_samples_tpch_idx.csv
Last batch ended at epoch 1789745804.667 (PREV_END_EPOCH for the next invocation)
===== [157/159] queries/tpch/tpch-queries/q16/v1_materialized.sql run_id=C7CF5BE17B97F234 =====
query_runner configuration:
  QUERY_DIR         = queries/tpch/tpch-queries/q16/v1_materialized.sql
  LOGS_DIR          = logs/warm_stepup/20260918T141724Z-9150d4  (query_timing_/query_samples_/query_catalog_tpch_idx.csv)
  DB_NAME / DB_USER = tpch_idx / postgres
  PGPORT            = 5434  (server reports 18.4)
  RUN_ID            = C7CF5BE17B97F234
  WARMUP            = 2 single-copy warm-ups (the first primes the cache)
  BATCH_SIZES       = 1 2 4 8 16  x RUNS=1 measured batches each
  WORKERS           = (planner default)
  STATEMENT_TIMEOUT = 900
  THERMAL_EQUALISE  = off
  sensors           = pkg:/sys/class/hwmon/hwmon8/temp1_input cores:4 cpufreq:8 throttle:8/8
  SIGLESS_ADDR      = (disabled)
Found 1 query under queries/tpch/tpch-queries/q16/v1_materialized.sql

[1/1] queries/tpch/tpch-queries/q16/v1_materialized.sql (2 warmup + step-up 1 2 4 8 16 x1)
  warmup 1/2: 0.533843 sec (cache prime)
  warmup 2/2: 0.319337 sec
  N=1   batch 1/1: 0.327909 sec, 1 copy (server sum 253.862 ms)
  N=2   batch 1/1: 0.523716 sec, 2 copies (server sum 453.956 ms)
  N=4   batch 1/1: 1.048549 sec, 4 copies (server sum 958.501 ms)
  N=8   batch 1/1: 1.923258 sec, 8 copies (server sum 1829.429 ms)
  N=16  batch 1/1: 3.902769 sec, 16 copies (server sum 3813.270 ms)
  done: 5 sizes x 1 run (0 failures)

Done. Batch rows appended to logs/warm_stepup/20260918T141724Z-9150d4/query_timing_tpch_idx.csv
Per-copy samples appended to logs/warm_stepup/20260918T141724Z-9150d4/query_samples_tpch_idx.csv
Last batch ended at epoch 1789745817.604 (PREV_END_EPOCH for the next invocation)
===== [158/159] queries/tpch/tpch-queries/q15/v1_materialized.sql run_id=1752160A53DE365D =====
query_runner configuration:
  QUERY_DIR         = queries/tpch/tpch-queries/q15/v1_materialized.sql
  LOGS_DIR          = logs/warm_stepup/20260918T141724Z-9150d4  (query_timing_/query_samples_/query_catalog_tpch_idx.csv)
  DB_NAME / DB_USER = tpch_idx / postgres
  PGPORT            = 5434  (server reports 18.4)
  RUN_ID            = 1752160A53DE365D
  WARMUP            = 2 single-copy warm-ups (the first primes the cache)
  BATCH_SIZES       = 1 2 4 8 16  x RUNS=1 measured batches each
  WORKERS           = (planner default)
  STATEMENT_TIMEOUT = 900
  THERMAL_EQUALISE  = off
  sensors           = pkg:/sys/class/hwmon/hwmon8/temp1_input cores:4 cpufreq:8 throttle:8/8
  SIGLESS_ADDR      = (disabled)
Found 1 query under queries/tpch/tpch-queries/q15/v1_materialized.sql

[1/1] queries/tpch/tpch-queries/q15/v1_materialized.sql (2 warmup + step-up 1 2 4 8 16 x1)
  warmup 1/2: 1.995942 sec (cache prime)
  warmup 2/2: 0.302185 sec
  N=1   batch 1/1: 0.318367 sec, 1 copy (server sum 261.174 ms)
  N=2   batch 1/1: 0.507778 sec, 2 copies (server sum 461.540 ms)
  N=4   batch 1/1: 0.926493 sec, 4 copies (server sum 859.577 ms)
  N=8   batch 1/1: 1.695508 sec, 8 copies (server sum 1635.364 ms)
  N=16  batch 1/1: 3.218742 sec, 16 copies (server sum 3162.347 ms)
  done: 5 sizes x 1 run (0 failures)

Done. Batch rows appended to logs/warm_stepup/20260918T141724Z-9150d4/query_timing_tpch_idx.csv
Per-copy samples appended to logs/warm_stepup/20260918T141724Z-9150d4/query_samples_tpch_idx.csv
Last batch ended at epoch 1789745830.526 (PREV_END_EPOCH for the next invocation)
===== [159/159] queries/tpch/tpch-queries/q11/v1_materialized.sql run_id=B3F918D1D5FE2094 =====
query_runner configuration:
  QUERY_DIR         = queries/tpch/tpch-queries/q11/v1_materialized.sql
  LOGS_DIR          = logs/warm_stepup/20260918T141724Z-9150d4  (query_timing_/query_samples_/query_catalog_tpch_idx.csv)
  DB_NAME / DB_USER = tpch_idx / postgres
  PGPORT            = 5434  (server reports 18.4)
  RUN_ID            = B3F918D1D5FE2094
  WARMUP            = 2 single-copy warm-ups (the first primes the cache)
  BATCH_SIZES       = 1 2 4 8 16  x RUNS=1 measured batches each
  WORKERS           = (planner default)
  STATEMENT_TIMEOUT = 900
  THERMAL_EQUALISE  = off
  sensors           = pkg:/sys/class/hwmon/hwmon8/temp1_input cores:4 cpufreq:8 throttle:8/8
  SIGLESS_ADDR      = (disabled)
Found 1 query under queries/tpch/tpch-queries/q11/v1_materialized.sql

[1/1] queries/tpch/tpch-queries/q11/v1_materialized.sql (2 warmup + step-up 1 2 4 8 16 x1)
  warmup 1/2: 1.889976 sec (cache prime)
  warmup 2/2: 0.130583 sec
  N=1   batch 1/1: 0.153509 sec, 1 copy (server sum 78.008 ms)
  N=2   batch 1/1: 0.229239 sec, 2 copies (server sum 158.132 ms)
  N=4   batch 1/1: 0.403156 sec, 4 copies (server sum 298.622 ms)
  N=8   batch 1/1: 0.682615 sec, 8 copies (server sum 602.131 ms)
  N=16  batch 1/1: 1.258405 sec, 16 copies (server sum 1177.576 ms)
  done: 5 sizes x 1 run (0 failures)

Done. Batch rows appended to logs/warm_stepup/20260918T141724Z-9150d4/query_timing_tpch_idx.csv
Per-copy samples appended to logs/warm_stepup/20260918T141724Z-9150d4/query_samples_tpch_idx.csv
Last batch ended at epoch 1789745839.646 (PREV_END_EPOCH for the next invocation)
