timestamp_utc,run_id,pg_version,query,phase,batch_index,copy_index,batchnum,runs,server_planning_ms,server_execution_ms,plan_nodes,scan_nodes,rows_out,rows_processed,rows_estimated,bytes_processed,rows_removed_filter,workers_launched,relations,shared_hit_blks,shared_read_blks,shared_dirtied_blks,shared_written_blks,temp_read_blks,temp_written_blks,failed
2026-08-18T10:18:21Z,CE35193F35A98837,18.4,queries/tpch/tpch-queries/q01/base.sql,warmup,1,1,1,3,0.536,1503.359,5,1,4,5916654,6,147929854,16925,4,lineitem,112628,0,0,0,0,0,0
2026-08-18T10:18:22Z,CE35193F35A98837,18.4,queries/tpch/tpch-queries/q01/base.sql,warmup,2,1,1,3,0.604,1707.286,5,1,4,5916654,6,147929854,16925,4,lineitem,112628,0,0,0,0,0,0
2026-08-18T10:18:31Z,CE35193F35A98837,18.4,queries/tpch/tpch-queries/q01/base.sql,measured,1,1,5,3,1.093,1715.863,5,1,4,5916654,6,147929854,16925,4,lineitem,112628,0,0,0,0,0,0
2026-08-18T10:18:31Z,CE35193F35A98837,18.4,queries/tpch/tpch-queries/q01/base.sql,measured,1,2,5,3,0.122,1701.769,5,1,4,5916654,6,147929854,16925,4,lineitem,112628,0,0,0,0,0,0
2026-08-18T10:18:31Z,CE35193F35A98837,18.4,queries/tpch/tpch-queries/q01/base.sql,measured,1,3,5,3,0.121,1700.465,5,1,4,5916654,6,147929854,16925,4,lineitem,112628,0,0,0,0,0,0
2026-08-18T10:18:31Z,CE35193F35A98837,18.4,queries/tpch/tpch-queries/q01/base.sql,measured,1,4,5,3,0.120,1697.932,5,1,4,5916654,6,147929854,16925,4,lineitem,112628,0,0,0,0,0,0
2026-08-18T10:18:31Z,CE35193F35A98837,18.4,queries/tpch/tpch-queries/q01/base.sql,measured,1,5,5,3,0.129,1700.576,5,1,4,5916654,6,147929854,16925,4,lineitem,112628,0,0,0,0,0,0
2026-08-18T10:18:40Z,CE35193F35A98837,18.4,queries/tpch/tpch-queries/q01/base.sql,measured,2,1,5,3,0.860,1715.790,5,1,4,5916654,6,147929854,16925,4,lineitem,112628,0,0,0,0,0,0
2026-08-18T10:18:40Z,CE35193F35A98837,18.4,queries/tpch/tpch-queries/q01/base.sql,measured,2,2,5,3,0.123,1699.280,5,1,4,5916654,6,147929854,16925,4,lineitem,112628,0,0,0,0,0,0
2026-08-18T10:18:40Z,CE35193F35A98837,18.4,queries/tpch/tpch-queries/q01/base.sql,measured,2,3,5,3,0.120,1698.744,5,1,4,5916654,6,147929854,16925,4,lineitem,112628,0,0,0,0,0,0
2026-08-18T10:18:40Z,CE35193F35A98837,18.4,queries/tpch/tpch-queries/q01/base.sql,measured,2,4,5,3,0.121,1695.385,5,1,4,5916654,6,147929854,16925,4,lineitem,112628,0,0,0,0,0,0
2026-08-18T10:18:40Z,CE35193F35A98837,18.4,queries/tpch/tpch-queries/q01/base.sql,measured,2,5,5,3,0.184,1691.424,5,1,4,5916654,6,147929854,16925,4,lineitem,112628,0,0,0,0,0,0
2026-08-18T10:18:48Z,CE35193F35A98837,18.4,queries/tpch/tpch-queries/q01/base.sql,measured,3,1,5,3,0.790,1698.891,5,1,4,5916654,6,147929854,16925,4,lineitem,112628,0,0,0,0,0,0
2026-08-18T10:18:48Z,CE35193F35A98837,18.4,queries/tpch/tpch-queries/q01/base.sql,measured,3,2,5,3,0.122,1701.372,5,1,4,5916654,6,147929854,16925,4,lineitem,112628,0,0,0,0,0,0
2026-08-18T10:18:48Z,CE35193F35A98837,18.4,queries/tpch/tpch-queries/q01/base.sql,measured,3,3,5,3,0.118,1695.807,5,1,4,5916654,6,147929854,16925,4,lineitem,112628,0,0,0,0,0,0
2026-08-18T10:18:48Z,CE35193F35A98837,18.4,queries/tpch/tpch-queries/q01/base.sql,measured,3,4,5,3,0.117,1695.031,5,1,4,5916654,6,147929854,16925,4,lineitem,112628,0,0,0,0,0,0
2026-08-18T10:18:48Z,CE35193F35A98837,18.4,queries/tpch/tpch-queries/q01/base.sql,measured,3,5,5,3,0.122,1696.242,5,1,4,5916654,6,147929854,16925,4,lineitem,112628,0,0,0,0,0,0
2026-08-18T10:18:50Z,CE35193F35A98837,18.4,queries/tpch/tpch-queries/q01/v1_materialized.sql,warmup,1,1,1,3,0.842,1707.113,6,2,4,5916658,6,147930846,16925,4,_m;lineitem,112628,0,0,0,0,0,0
2026-08-18T10:18:52Z,CE35193F35A98837,18.4,queries/tpch/tpch-queries/q01/v1_materialized.sql,warmup,2,1,1,3,0.961,1711.019,6,2,4,5916658,6,147930846,16925,4,_m;lineitem,112628,0,0,0,0,0,0
2026-08-18T10:19:01Z,CE35193F35A98837,18.4,queries/tpch/tpch-queries/q01/v1_materialized.sql,measured,1,1,5,3,1.093,1708.523,6,2,4,5916658,6,147930846,16925,4,_m;lineitem,112628,0,0,0,0,0,0
2026-08-18T10:19:01Z,CE35193F35A98837,18.4,queries/tpch/tpch-queries/q01/v1_materialized.sql,measured,1,2,5,3,0.147,1705.509,6,2,4,5916658,6,147930846,16925,4,_m;lineitem,112628,0,0,0,0,0,0
2026-08-18T10:19:01Z,CE35193F35A98837,18.4,queries/tpch/tpch-queries/q01/v1_materialized.sql,measured,1,3,5,3,0.147,1701.819,6,2,4,5916658,6,147930846,16925,4,_m;lineitem,112628,0,0,0,0,0,0
2026-08-18T10:19:01Z,CE35193F35A98837,18.4,queries/tpch/tpch-queries/q01/v1_materialized.sql,measured,1,4,5,3,0.144,1701.319,6,2,4,5916658,6,147930846,16925,4,_m;lineitem,112628,0,0,0,0,0,0
2026-08-18T10:19:01Z,CE35193F35A98837,18.4,queries/tpch/tpch-queries/q01/v1_materialized.sql,measured,1,5,5,3,0.140,1698.644,6,2,4,5916658,6,147930846,16925,4,_m;lineitem,112628,0,0,0,0,0,0
2026-08-18T10:19:09Z,CE35193F35A98837,18.4,queries/tpch/tpch-queries/q01/v1_materialized.sql,measured,2,1,5,3,0.931,1717.982,6,2,4,5916658,6,147930846,16925,4,_m;lineitem,112628,0,0,0,0,0,0
2026-08-18T10:19:09Z,CE35193F35A98837,18.4,queries/tpch/tpch-queries/q01/v1_materialized.sql,measured,2,2,5,3,0.154,1704.723,6,2,4,5916658,6,147930846,16925,4,_m;lineitem,112628,0,0,0,0,0,0
2026-08-18T10:19:09Z,CE35193F35A98837,18.4,queries/tpch/tpch-queries/q01/v1_materialized.sql,measured,2,3,5,3,0.145,1697.613,6,2,4,5916658,6,147930846,16925,4,_m;lineitem,112628,0,0,0,0,0,0
2026-08-18T10:19:09Z,CE35193F35A98837,18.4,queries/tpch/tpch-queries/q01/v1_materialized.sql,measured,2,4,5,3,0.145,1701.756,6,2,4,5916658,6,147930846,16925,4,_m;lineitem,112628,0,0,0,0,0,0
2026-08-18T10:19:09Z,CE35193F35A98837,18.4,queries/tpch/tpch-queries/q01/v1_materialized.sql,measured,2,5,5,3,0.144,1699.782,6,2,4,5916658,6,147930846,16925,4,_m;lineitem,112628,0,0,0,0,0,0
2026-08-18T10:19:18Z,CE35193F35A98837,18.4,queries/tpch/tpch-queries/q01/v1_materialized.sql,measured,3,1,5,3,0.951,1705.255,6,2,4,5916658,6,147930846,16925,4,_m;lineitem,112628,0,0,0,0,0,0
2026-08-18T10:19:18Z,CE35193F35A98837,18.4,queries/tpch/tpch-queries/q01/v1_materialized.sql,measured,3,2,5,3,0.146,1697.640,6,2,4,5916658,6,147930846,16925,4,_m;lineitem,112628,0,0,0,0,0,0
2026-08-18T10:19:18Z,CE35193F35A98837,18.4,queries/tpch/tpch-queries/q01/v1_materialized.sql,measured,3,3,5,3,0.163,1702.695,6,2,4,5916658,6,147930846,16925,4,_m;lineitem,112628,0,0,0,0,0,0
2026-08-18T10:19:18Z,CE35193F35A98837,18.4,queries/tpch/tpch-queries/q01/v1_materialized.sql,measured,3,4,5,3,0.144,1700.699,6,2,4,5916658,6,147930846,16925,4,_m;lineitem,112628,0,0,0,0,0,0
2026-08-18T10:19:18Z,CE35193F35A98837,18.4,queries/tpch/tpch-queries/q01/v1_materialized.sql,measured,3,5,5,3,0.144,1699.892,6,2,4,5916658,6,147930846,16925,4,_m;lineitem,112628,0,0,0,0,0,0
2026-08-18T10:20:05Z,CE35193F35A98837,18.4,queries/tpch/tpch-queries/q02/base.sql,warmup,1,1,1,3,1.258,47489.358,26,9,100,25202162,1,270312202,999257,0,part;partsupp;supplier;nation;region,21486005,0,0,0,0,0,0
2026-08-18T10:20:53Z,CE35193F35A98837,18.4,queries/tpch/tpch-queries/q02/base.sql,warmup,2,1,1,3,1.013,47505.096,26,9,100,25202162,1,270312202,999257,0,part;partsupp;supplier;nation;region,21486005,0,0,0,0,0,0
2026-08-18T10:24:47Z,CE35193F35A98837,18.4,queries/tpch/tpch-queries/q02/base.sql,measured,1,1,5,3,1.036,47438.670,26,9,100,25202162,1,270312202,999257,0,part;partsupp;supplier;nation;region,21486005,0,0,0,0,0,0
2026-08-18T10:24:47Z,CE35193F35A98837,18.4,queries/tpch/tpch-queries/q02/base.sql,measured,1,2,5,3,0.330,46464.116,26,9,100,25202162,1,270312202,999257,0,part;partsupp;supplier;nation;region,21485996,0,0,0,0,0,0
2026-08-18T10:24:47Z,CE35193F35A98837,18.4,queries/tpch/tpch-queries/q02/base.sql,measured,1,3,5,3,0.327,46950.881,26,9,100,25202162,1,270312202,999257,0,part;partsupp;supplier;nation;region,21485996,0,0,0,0,0,0
2026-08-18T10:24:47Z,CE35193F35A98837,18.4,queries/tpch/tpch-queries/q02/base.sql,measured,1,4,5,3,0.333,47390.475,26,9,100,25202162,1,270312202,999257,0,part;partsupp;supplier;nation;region,21485996,0,0,0,0,0,0
2026-08-18T10:24:47Z,CE35193F35A98837,18.4,queries/tpch/tpch-queries/q02/base.sql,measured,1,5,5,3,0.323,45881.926,26,9,100,25202162,1,270312202,999257,0,part;partsupp;supplier;nation;region,21485996,0,0,0,0,0,0
2026-08-18T10:28:42Z,CE35193F35A98837,18.4,queries/tpch/tpch-queries/q02/base.sql,measured,2,1,5,3,0.971,47579.124,26,9,100,25202162,1,270312202,999257,0,part;partsupp;supplier;nation;region,21486005,0,0,0,0,0,0
2026-08-18T10:28:42Z,CE35193F35A98837,18.4,queries/tpch/tpch-queries/q02/base.sql,measured,2,2,5,3,0.330,46595.168,26,9,100,25202162,1,270312202,999257,0,part;partsupp;supplier;nation;region,21485996,0,0,0,0,0,0
2026-08-18T10:28:42Z,CE35193F35A98837,18.4,queries/tpch/tpch-queries/q02/base.sql,measured,2,3,5,3,0.333,46594.713,26,9,100,25202162,1,270312202,999257,0,part;partsupp;supplier;nation;region,21485996,0,0,0,0,0,0
2026-08-18T10:28:42Z,CE35193F35A98837,18.4,queries/tpch/tpch-queries/q02/base.sql,measured,2,4,5,3,0.332,47924.331,26,9,100,25202162,1,270312202,999257,0,part;partsupp;supplier;nation;region,21485996,0,0,0,0,0,0
2026-08-18T10:28:42Z,CE35193F35A98837,18.4,queries/tpch/tpch-queries/q02/base.sql,measured,2,5,5,3,0.327,46379.250,26,9,100,25202162,1,270312202,999257,0,part;partsupp;supplier;nation;region,21485996,0,0,0,0,0,0
2026-08-18T10:32:38Z,CE35193F35A98837,18.4,queries/tpch/tpch-queries/q02/base.sql,measured,3,1,5,3,1.103,47033.710,26,9,100,25202162,1,270312202,999257,0,part;partsupp;supplier;nation;region,21486005,0,0,0,0,0,0
2026-08-18T10:32:38Z,CE35193F35A98837,18.4,queries/tpch/tpch-queries/q02/base.sql,measured,3,2,5,3,0.327,46250.988,26,9,100,25202162,1,270312202,999257,0,part;partsupp;supplier;nation;region,21485996,0,0,0,0,0,0
2026-08-18T10:32:38Z,CE35193F35A98837,18.4,queries/tpch/tpch-queries/q02/base.sql,measured,3,3,5,3,0.319,46517.898,26,9,100,25202162,1,270312202,999257,0,part;partsupp;supplier;nation;region,21485996,0,0,0,0,0,0
2026-08-18T10:32:38Z,CE35193F35A98837,18.4,queries/tpch/tpch-queries/q02/base.sql,measured,3,4,5,3,0.336,48344.929,26,9,100,25202162,1,270312202,999257,0,part;partsupp;supplier;nation;region,21485996,0,0,0,0,0,0
2026-08-18T10:32:38Z,CE35193F35A98837,18.4,queries/tpch/tpch-queries/q02/base.sql,measured,3,5,5,3,0.332,46870.177,26,9,100,25202162,1,270312202,999257,0,part;partsupp;supplier;nation;region,21485996,0,0,0,0,0,0
2026-08-18T10:33:25Z,CE35193F35A98837,18.4,queries/tpch/tpch-queries/q02/v1_materialized.sql,warmup,1,1,1,3,0.966,47453.242,27,10,100,25202622,1,270746362,999257,0,part;partsupp;supplier;nation;region;_m,21486005,0,0,0,0,0,0
2026-08-18T10:34:13Z,CE35193F35A98837,18.4,queries/tpch/tpch-queries/q02/v1_materialized.sql,warmup,2,1,1,3,1.000,47339.093,27,10,100,25202622,1,270746362,999257,0,part;partsupp;supplier;nation;region;_m,21486005,0,0,0,0,0,0
2026-08-18T10:38:05Z,CE35193F35A98837,18.4,queries/tpch/tpch-queries/q02/v1_materialized.sql,measured,1,1,5,3,0.992,47380.381,27,10,100,25202622,1,270746362,999257,0,part;partsupp;supplier;nation;region;_m,21486005,0,0,0,0,0,0
2026-08-18T10:38:05Z,CE35193F35A98837,18.4,queries/tpch/tpch-queries/q02/v1_materialized.sql,measured,1,2,5,3,0.324,46440.222,27,10,100,25202622,1,270746362,999257,0,part;partsupp;supplier;nation;region;_m,21485996,0,0,0,0,0,0
2026-08-18T10:38:05Z,CE35193F35A98837,18.4,queries/tpch/tpch-queries/q02/v1_materialized.sql,measured,1,3,5,3,0.343,46217.474,27,10,100,25202622,1,270746362,999257,0,part;partsupp;supplier;nation;region;_m,21485996,0,0,0,0,0,0
2026-08-18T10:38:05Z,CE35193F35A98837,18.4,queries/tpch/tpch-queries/q02/v1_materialized.sql,measured,1,4,5,3,0.309,46043.622,27,10,100,25202622,1,270746362,999257,0,part;partsupp;supplier;nation;region;_m,21485996,0,0,0,0,0,0
2026-08-18T10:38:05Z,CE35193F35A98837,18.4,queries/tpch/tpch-queries/q02/v1_materialized.sql,measured,1,5,5,3,0.303,46016.132,27,10,100,25202622,1,270746362,999257,0,part;partsupp;supplier;nation;region;_m,21485996,0,0,0,0,0,0
2026-08-18T10:41:59Z,CE35193F35A98837,18.4,queries/tpch/tpch-queries/q02/v1_materialized.sql,measured,2,1,5,3,1.034,48325.054,27,10,100,25202622,1,270746362,999257,0,part;partsupp;supplier;nation;region;_m,21486005,0,0,0,0,0,0
2026-08-18T10:41:59Z,CE35193F35A98837,18.4,queries/tpch/tpch-queries/q02/v1_materialized.sql,measured,2,2,5,3,0.322,46658.861,27,10,100,25202622,1,270746362,999257,0,part;partsupp;supplier;nation;region;_m,21485996,0,0,0,0,0,0
2026-08-18T10:41:59Z,CE35193F35A98837,18.4,queries/tpch/tpch-queries/q02/v1_materialized.sql,measured,2,3,5,3,0.322,46345.022,27,10,100,25202622,1,270746362,999257,0,part;partsupp;supplier;nation;region;_m,21485996,0,0,0,0,0,0
2026-08-18T10:41:59Z,CE35193F35A98837,18.4,queries/tpch/tpch-queries/q02/v1_materialized.sql,measured,2,4,5,3,0.334,46309.887,27,10,100,25202622,1,270746362,999257,0,part;partsupp;supplier;nation;region;_m,21485996,0,0,0,0,0,0
2026-08-18T10:41:59Z,CE35193F35A98837,18.4,queries/tpch/tpch-queries/q02/v1_materialized.sql,measured,2,5,5,3,0.316,46192.278,27,10,100,25202622,1,270746362,999257,0,part;partsupp;supplier;nation;region;_m,21485996,0,0,0,0,0,0
2026-08-18T10:45:51Z,CE35193F35A98837,18.4,queries/tpch/tpch-queries/q02/v1_materialized.sql,measured,3,1,5,3,0.986,47427.059,27,10,100,25202622,1,270746362,999257,0,part;partsupp;supplier;nation;region;_m,21486005,0,0,0,0,0,0
2026-08-18T10:45:51Z,CE35193F35A98837,18.4,queries/tpch/tpch-queries/q02/v1_materialized.sql,measured,3,2,5,3,0.371,46465.047,27,10,100,25202622,1,270746362,999257,0,part;partsupp;supplier;nation;region;_m,21485996,0,0,0,0,0,0
2026-08-18T10:45:51Z,CE35193F35A98837,18.4,queries/tpch/tpch-queries/q02/v1_materialized.sql,measured,3,3,5,3,0.309,46235.870,27,10,100,25202622,1,270746362,999257,0,part;partsupp;supplier;nation;region;_m,21485996,0,0,0,0,0,0
2026-08-18T10:45:51Z,CE35193F35A98837,18.4,queries/tpch/tpch-queries/q02/v1_materialized.sql,measured,3,4,5,3,0.309,46139.518,27,10,100,25202622,1,270746362,999257,0,part;partsupp;supplier;nation;region;_m,21485996,0,0,0,0,0,0
2026-08-18T10:45:51Z,CE35193F35A98837,18.4,queries/tpch/tpch-queries/q02/v1_materialized.sql,measured,3,5,5,3,0.316,46134.011,27,10,100,25202622,1,270746362,999257,0,part;partsupp;supplier;nation;region;_m,21485996,0,0,0,0,0,0
2026-08-18T10:45:51Z,CE35193F35A98837,18.4,queries/tpch/tpch-queries/q02/v2_decorrelate.sql,warmup,1,1,1,3,1.336,206.726,29,9,100,1953497,1,37407784,49821,3,partsupp;supplier;nation;region;part,40382,0,0,0,0,0,0
2026-08-18T10:45:52Z,CE35193F35A98837,18.4,queries/tpch/tpch-queries/q02/v2_decorrelate.sql,warmup,2,1,1,3,1.386,208.500,29,9,100,1953497,1,37407784,49821,3,partsupp;supplier;nation;region;part,40382,0,0,0,0,0,0
2026-08-18T10:45:53Z,CE35193F35A98837,18.4,queries/tpch/tpch-queries/q02/v2_decorrelate.sql,measured,1,1,5,3,1.298,209.618,29,9,100,1953497,1,37407784,49821,3,partsupp;supplier;nation;region;part,40382,0,0,0,0,0,0
2026-08-18T10:45:53Z,CE35193F35A98837,18.4,queries/tpch/tpch-queries/q02/v2_decorrelate.sql,measured,1,2,5,3,0.593,202.543,29,9,100,1953497,1,37407784,49821,3,partsupp;supplier;nation;region;part,40373,0,0,0,0,0,0
2026-08-18T10:45:53Z,CE35193F35A98837,18.4,queries/tpch/tpch-queries/q02/v2_decorrelate.sql,measured,1,3,5,3,0.577,204.699,29,9,100,1953497,1,37407784,49821,3,partsupp;supplier;nation;region;part,40373,0,0,0,0,0,0
2026-08-18T10:45:53Z,CE35193F35A98837,18.4,queries/tpch/tpch-queries/q02/v2_decorrelate.sql,measured,1,4,5,3,0.627,203.934,29,9,100,1953497,1,37407784,49821,3,partsupp;supplier;nation;region;part,40373,0,0,0,0,0,0
2026-08-18T10:45:53Z,CE35193F35A98837,18.4,queries/tpch/tpch-queries/q02/v2_decorrelate.sql,measured,1,5,5,3,0.581,202.782,29,9,100,1953497,1,37407784,49821,3,partsupp;supplier;nation;region;part,40373,0,0,0,0,0,0
2026-08-18T10:45:54Z,CE35193F35A98837,18.4,queries/tpch/tpch-queries/q02/v2_decorrelate.sql,measured,2,1,5,3,1.361,214.354,29,9,100,1953497,1,37407784,49821,3,partsupp;supplier;nation;region;part,40382,0,0,0,0,0,0
2026-08-18T10:45:54Z,CE35193F35A98837,18.4,queries/tpch/tpch-queries/q02/v2_decorrelate.sql,measured,2,2,5,3,0.596,203.022,29,9,100,1953497,1,37407784,49821,3,partsupp;supplier;nation;region;part,40373,0,0,0,0,0,0
2026-08-18T10:45:54Z,CE35193F35A98837,18.4,queries/tpch/tpch-queries/q02/v2_decorrelate.sql,measured,2,3,5,3,0.586,203.553,29,9,100,1953497,1,37407784,49821,3,partsupp;supplier;nation;region;part,40373,0,0,0,0,0,0
2026-08-18T10:45:54Z,CE35193F35A98837,18.4,queries/tpch/tpch-queries/q02/v2_decorrelate.sql,measured,2,4,5,3,0.579,207.457,29,9,100,1953497,1,37407784,49821,3,partsupp;supplier;nation;region;part,40373,0,0,0,0,0,0
2026-08-18T10:45:54Z,CE35193F35A98837,18.4,queries/tpch/tpch-queries/q02/v2_decorrelate.sql,measured,2,5,5,3,0.585,202.641,29,9,100,1953497,1,37407784,49821,3,partsupp;supplier;nation;region;part,40373,0,0,0,0,0,0
2026-08-18T10:45:55Z,CE35193F35A98837,18.4,queries/tpch/tpch-queries/q02/v2_decorrelate.sql,measured,3,1,5,3,1.308,208.487,29,9,100,1953497,1,37407784,49821,3,partsupp;supplier;nation;region;part,40382,0,0,0,0,0,0
2026-08-18T10:45:55Z,CE35193F35A98837,18.4,queries/tpch/tpch-queries/q02/v2_decorrelate.sql,measured,3,2,5,3,0.598,203.106,29,9,100,1953497,1,37407784,49821,3,partsupp;supplier;nation;region;part,40373,0,0,0,0,0,0
2026-08-18T10:45:55Z,CE35193F35A98837,18.4,queries/tpch/tpch-queries/q02/v2_decorrelate.sql,measured,3,3,5,3,0.604,203.774,29,9,100,1953497,1,37407784,49821,3,partsupp;supplier;nation;region;part,40373,0,0,0,0,0,0
2026-08-18T10:45:55Z,CE35193F35A98837,18.4,queries/tpch/tpch-queries/q02/v2_decorrelate.sql,measured,3,4,5,3,0.586,204.387,29,9,100,1953497,1,37407784,49821,3,partsupp;supplier;nation;region;part,40373,0,0,0,0,0,0
2026-08-18T10:45:55Z,CE35193F35A98837,18.4,queries/tpch/tpch-queries/q02/v2_decorrelate.sql,measured,3,5,5,3,0.618,202.588,29,9,100,1953497,1,37407784,49821,3,partsupp;supplier;nation;region;part,40373,0,0,0,0,0,0
2026-08-18T10:45:56Z,CE35193F35A98837,18.4,queries/tpch/tpch-queries/q03/base.sql,warmup,1,1,1,3,0.983,259.928,10,3,10,1007383,10,15620472,223142,3,orders;customer;lineitem,626602,0,0,0,0,0,0
2026-08-18T10:45:56Z,CE35193F35A98837,18.4,queries/tpch/tpch-queries/q03/base.sql,warmup,2,1,1,3,1.060,264.453,10,3,10,1007383,10,15620472,223142,3,orders;customer;lineitem,626602,0,0,0,0,0,0
2026-08-18T10:45:57Z,CE35193F35A98837,18.4,queries/tpch/tpch-queries/q03/base.sql,measured,1,1,5,3,1.171,308.061,10,3,10,1007383,10,15620472,223142,3,orders;customer;lineitem,626602,0,0,0,0,0,0
2026-08-18T10:45:57Z,CE35193F35A98837,18.4,queries/tpch/tpch-queries/q03/base.sql,measured,1,2,5,3,0.240,236.092,10,3,10,1007383,10,15620472,223142,3,orders;customer;lineitem,626596,0,0,0,0,0,0
2026-08-18T10:45:57Z,CE35193F35A98837,18.4,queries/tpch/tpch-queries/q03/base.sql,measured,1,3,5,3,0.245,229.632,10,3,10,1007383,10,15620472,223142,3,orders;customer;lineitem,626596,0,0,0,0,0,0
2026-08-18T10:45:57Z,CE35193F35A98837,18.4,queries/tpch/tpch-queries/q03/base.sql,measured,1,4,5,3,0.249,233.905,10,3,10,1007383,10,15620472,223142,3,orders;customer;lineitem,626596,0,0,0,0,0,0
2026-08-18T10:45:57Z,CE35193F35A98837,18.4,queries/tpch/tpch-queries/q03/base.sql,measured,1,5,5,3,0.245,228.950,10,3,10,1007383,10,15620472,223142,3,orders;customer;lineitem,626596,0,0,0,0,0,0
2026-08-18T10:45:59Z,CE35193F35A98837,18.4,queries/tpch/tpch-queries/q03/base.sql,measured,2,1,5,3,0.907,284.599,10,3,10,1007383,10,15620472,223142,3,orders;customer;lineitem,626602,0,0,0,0,0,0
2026-08-18T10:45:59Z,CE35193F35A98837,18.4,queries/tpch/tpch-queries/q03/base.sql,measured,2,2,5,3,0.246,236.171,10,3,10,1007383,10,15620472,223142,3,orders;customer;lineitem,626596,0,0,0,0,0,0
2026-08-18T10:45:59Z,CE35193F35A98837,18.4,queries/tpch/tpch-queries/q03/base.sql,measured,2,3,5,3,0.255,228.873,10,3,10,1007383,10,15620472,223142,3,orders;customer;lineitem,626596,0,0,0,0,0,0
2026-08-18T10:45:59Z,CE35193F35A98837,18.4,queries/tpch/tpch-queries/q03/base.sql,measured,2,4,5,3,0.245,228.540,10,3,10,1007383,10,15620472,223142,3,orders;customer;lineitem,626596,0,0,0,0,0,0
2026-08-18T10:45:59Z,CE35193F35A98837,18.4,queries/tpch/tpch-queries/q03/base.sql,measured,2,5,5,3,0.247,229.587,10,3,10,1007383,10,15620472,223142,3,orders;customer;lineitem,626596,0,0,0,0,0,0
2026-08-18T10:46:00Z,CE35193F35A98837,18.4,queries/tpch/tpch-queries/q03/base.sql,measured,3,1,5,3,0.940,265.813,10,3,10,1007383,10,15620472,223142,3,orders;customer;lineitem,626602,0,0,0,0,0,0
2026-08-18T10:46:00Z,CE35193F35A98837,18.4,queries/tpch/tpch-queries/q03/base.sql,measured,3,2,5,3,0.238,234.039,10,3,10,1007383,10,15620472,223142,3,orders;customer;lineitem,626596,0,0,0,0,0,0
2026-08-18T10:46:00Z,CE35193F35A98837,18.4,queries/tpch/tpch-queries/q03/base.sql,measured,3,3,5,3,0.244,228.416,10,3,10,1007383,10,15620472,223142,3,orders;customer;lineitem,626596,0,0,0,0,0,0
2026-08-18T10:46:00Z,CE35193F35A98837,18.4,queries/tpch/tpch-queries/q03/base.sql,measured,3,4,5,3,0.245,229.583,10,3,10,1007383,10,15620472,223142,3,orders;customer;lineitem,626596,0,0,0,0,0,0
2026-08-18T10:46:00Z,CE35193F35A98837,18.4,queries/tpch/tpch-queries/q03/base.sql,measured,3,5,5,3,0.246,232.917,10,3,10,1007383,10,15620472,223142,3,orders;customer;lineitem,626596,0,0,0,0,0,0
2026-08-18T10:46:00Z,CE35193F35A98837,18.4,queries/tpch/tpch-queries/q03/v1_materialized.sql,warmup,1,1,1,3,1.017,294.268,11,4,10,1019003,10,16131752,223142,3,orders;customer;lineitem;_m,626602,0,0,0,0,0,0
2026-08-18T10:46:01Z,CE35193F35A98837,18.4,queries/tpch/tpch-queries/q03/v1_materialized.sql,warmup,2,1,1,3,1.199,329.052,11,4,10,1019003,10,16131752,223142,3,orders;customer;lineitem;_m,626602,0,0,0,0,0,0
2026-08-18T10:46:02Z,CE35193F35A98837,18.4,queries/tpch/tpch-queries/q03/v1_materialized.sql,measured,1,1,5,3,1.087,327.945,11,4,10,1019003,10,16131752,223142,3,orders;customer;lineitem;_m,626602,0,0,0,0,0,0
2026-08-18T10:46:02Z,CE35193F35A98837,18.4,queries/tpch/tpch-queries/q03/v1_materialized.sql,measured,1,2,5,3,0.242,234.685,11,4,10,1019003,10,16131752,223142,3,orders;customer;lineitem;_m,626596,0,0,0,0,0,0
2026-08-18T10:46:02Z,CE35193F35A98837,18.4,queries/tpch/tpch-queries/q03/v1_materialized.sql,measured,1,3,5,3,0.256,229.335,11,4,10,1019003,10,16131752,223142,3,orders;customer;lineitem;_m,626596,0,0,0,0,0,0
2026-08-18T10:46:02Z,CE35193F35A98837,18.4,queries/tpch/tpch-queries/q03/v1_materialized.sql,measured,1,4,5,3,0.243,227.967,11,4,10,1019003,10,16131752,223142,3,orders;customer;lineitem;_m,626596,0,0,0,0,0,0
2026-08-18T10:46:02Z,CE35193F35A98837,18.4,queries/tpch/tpch-queries/q03/v1_materialized.sql,measured,1,5,5,3,0.258,228.722,11,4,10,1019003,10,16131752,223142,3,orders;customer;lineitem;_m,626596,0,0,0,0,0,0
2026-08-18T10:46:03Z,CE35193F35A98837,18.4,queries/tpch/tpch-queries/q03/v1_materialized.sql,measured,2,1,5,3,0.966,282.853,11,4,10,1019003,10,16131752,223142,3,orders;customer;lineitem;_m,626602,0,0,0,0,0,0
2026-08-18T10:46:03Z,CE35193F35A98837,18.4,queries/tpch/tpch-queries/q03/v1_materialized.sql,measured,2,2,5,3,0.248,239.044,11,4,10,1019003,10,16131752,223142,3,orders;customer;lineitem;_m,626596,0,0,0,0,0,0
2026-08-18T10:46:03Z,CE35193F35A98837,18.4,queries/tpch/tpch-queries/q03/v1_materialized.sql,measured,2,3,5,3,0.258,229.814,11,4,10,1019003,10,16131752,223142,3,orders;customer;lineitem;_m,626596,0,0,0,0,0,0
2026-08-18T10:46:03Z,CE35193F35A98837,18.4,queries/tpch/tpch-queries/q03/v1_materialized.sql,measured,2,4,5,3,0.249,228.334,11,4,10,1019003,10,16131752,223142,3,orders;customer;lineitem;_m,626596,0,0,0,0,0,0
2026-08-18T10:46:03Z,CE35193F35A98837,18.4,queries/tpch/tpch-queries/q03/v1_materialized.sql,measured,2,5,5,3,0.247,229.810,11,4,10,1019003,10,16131752,223142,3,orders;customer;lineitem;_m,626596,0,0,0,0,0,0
2026-08-18T10:46:05Z,CE35193F35A98837,18.4,queries/tpch/tpch-queries/q03/v1_materialized.sql,measured,3,1,5,3,1.034,299.072,11,4,10,1019003,10,16131752,223142,3,orders;customer;lineitem;_m,626602,0,0,0,0,0,0
2026-08-18T10:46:05Z,CE35193F35A98837,18.4,queries/tpch/tpch-queries/q03/v1_materialized.sql,measured,3,2,5,3,0.249,235.749,11,4,10,1019003,10,16131752,223142,3,orders;customer;lineitem;_m,626596,0,0,0,0,0,0
2026-08-18T10:46:05Z,CE35193F35A98837,18.4,queries/tpch/tpch-queries/q03/v1_materialized.sql,measured,3,3,5,3,0.255,231.514,11,4,10,1019003,10,16131752,223142,3,orders;customer;lineitem;_m,626596,0,0,0,0,0,0
2026-08-18T10:46:05Z,CE35193F35A98837,18.4,queries/tpch/tpch-queries/q03/v1_materialized.sql,measured,3,4,5,3,0.248,233.255,11,4,10,1019003,10,16131752,223142,3,orders;customer;lineitem;_m,626596,0,0,0,0,0,0
2026-08-18T10:46:05Z,CE35193F35A98837,18.4,queries/tpch/tpch-queries/q03/v1_materialized.sql,measured,3,5,5,3,0.246,233.990,11,4,10,1019003,10,16131752,223142,3,orders;customer;lineitem;_m,626596,0,0,0,0,0,0
2026-08-18T10:46:05Z,CE35193F35A98837,18.4,queries/tpch/tpch-queries/q04/base.sql,warmup,1,1,1,3,0.812,103.590,7,2,5,162301,5,2826040,360697,3,orders;lineitem,255476,0,0,0,0,0,0
2026-08-18T10:46:05Z,CE35193F35A98837,18.4,queries/tpch/tpch-queries/q04/base.sql,warmup,2,1,1,3,0.759,97.655,7,2,5,162301,5,2826040,360697,3,orders;lineitem,255476,0,0,0,0,0,0
2026-08-18T10:46:06Z,CE35193F35A98837,18.4,queries/tpch/tpch-queries/q04/base.sql,measured,1,1,5,3,1.100,125.252,7,2,5,162301,5,2826040,360697,3,orders;lineitem,255476,0,0,0,0,0,0
2026-08-18T10:46:06Z,CE35193F35A98837,18.4,queries/tpch/tpch-queries/q04/base.sql,measured,1,2,5,3,0.153,94.322,7,2,5,162301,5,2826040,360697,3,orders;lineitem,255476,0,0,0,0,0,0
2026-08-18T10:46:06Z,CE35193F35A98837,18.4,queries/tpch/tpch-queries/q04/base.sql,measured,1,3,5,3,0.157,92.252,7,2,5,162301,5,2826040,360697,3,orders;lineitem,255476,0,0,0,0,0,0
2026-08-18T10:46:06Z,CE35193F35A98837,18.4,queries/tpch/tpch-queries/q04/base.sql,measured,1,4,5,3,0.159,92.062,7,2,5,162301,5,2826040,360697,3,orders;lineitem,255476,0,0,0,0,0,0
2026-08-18T10:46:06Z,CE35193F35A98837,18.4,queries/tpch/tpch-queries/q04/base.sql,measured,1,5,5,3,0.155,92.293,7,2,5,162301,5,2826040,360697,3,orders;lineitem,255476,0,0,0,0,0,0
2026-08-18T10:46:06Z,CE35193F35A98837,18.4,queries/tpch/tpch-queries/q04/base.sql,measured,2,1,5,3,0.889,106.035,7,2,5,162301,5,2826040,360697,3,orders;lineitem,255476,0,0,0,0,0,0
2026-08-18T10:46:06Z,CE35193F35A98837,18.4,queries/tpch/tpch-queries/q04/base.sql,measured,2,2,5,3,0.154,93.902,7,2,5,162301,5,2826040,360697,3,orders;lineitem,255476,0,0,0,0,0,0
2026-08-18T10:46:06Z,CE35193F35A98837,18.4,queries/tpch/tpch-queries/q04/base.sql,measured,2,3,5,3,0.157,93.070,7,2,5,162301,5,2826040,360697,3,orders;lineitem,255476,0,0,0,0,0,0
2026-08-18T10:46:06Z,CE35193F35A98837,18.4,queries/tpch/tpch-queries/q04/base.sql,measured,2,4,5,3,0.170,92.443,7,2,5,162301,5,2826040,360697,3,orders;lineitem,255476,0,0,0,0,0,0
2026-08-18T10:46:06Z,CE35193F35A98837,18.4,queries/tpch/tpch-queries/q04/base.sql,measured,2,5,5,3,0.153,91.701,7,2,5,162301,5,2826040,360697,3,orders;lineitem,255476,0,0,0,0,0,0
2026-08-18T10:46:07Z,CE35193F35A98837,18.4,queries/tpch/tpch-queries/q04/base.sql,measured,3,1,5,3,1.205,114.622,7,2,5,162301,5,2826040,360697,3,orders;lineitem,255476,0,0,0,0,0,0
2026-08-18T10:46:07Z,CE35193F35A98837,18.4,queries/tpch/tpch-queries/q04/base.sql,measured,3,2,5,3,0.158,94.802,7,2,5,162301,5,2826040,360697,3,orders;lineitem,255476,0,0,0,0,0,0
2026-08-18T10:46:07Z,CE35193F35A98837,18.4,queries/tpch/tpch-queries/q04/base.sql,measured,3,3,5,3,0.157,92.874,7,2,5,162301,5,2826040,360697,3,orders;lineitem,255476,0,0,0,0,0,0
2026-08-18T10:46:07Z,CE35193F35A98837,18.4,queries/tpch/tpch-queries/q04/base.sql,measured,3,4,5,3,0.157,92.397,7,2,5,162301,5,2826040,360697,3,orders;lineitem,255476,0,0,0,0,0,0
2026-08-18T10:46:07Z,CE35193F35A98837,18.4,queries/tpch/tpch-queries/q04/base.sql,measured,3,5,5,3,0.156,92.286,7,2,5,162301,5,2826040,360697,3,orders;lineitem,255476,0,0,0,0,0,0
2026-08-18T10:46:07Z,CE35193F35A98837,18.4,queries/tpch/tpch-queries/q04/v1_materialized.sql,warmup,1,1,1,3,0.794,100.227,8,3,5,162306,5,2826400,360697,3,_m;orders;lineitem,255476,0,0,0,0,0,0
2026-08-18T10:46:07Z,CE35193F35A98837,18.4,queries/tpch/tpch-queries/q04/v1_materialized.sql,warmup,2,1,1,3,0.798,98.292,8,3,5,162306,5,2826400,360697,3,_m;orders;lineitem,255476,0,0,0,0,0,0
2026-08-18T10:46:08Z,CE35193F35A98837,18.4,queries/tpch/tpch-queries/q04/v1_materialized.sql,measured,1,1,5,3,1.274,114.237,8,3,5,162306,5,2826400,360697,3,_m;orders;lineitem,255476,0,0,0,0,0,0
2026-08-18T10:46:08Z,CE35193F35A98837,18.4,queries/tpch/tpch-queries/q04/v1_materialized.sql,measured,1,2,5,3,0.175,93.902,8,3,5,162306,5,2826400,360697,3,_m;orders;lineitem,255476,0,0,0,0,0,0
2026-08-18T10:46:08Z,CE35193F35A98837,18.4,queries/tpch/tpch-queries/q04/v1_materialized.sql,measured,1,3,5,3,0.171,92.906,8,3,5,162306,5,2826400,360697,3,_m;orders;lineitem,255476,0,0,0,0,0,0
2026-08-18T10:46:08Z,CE35193F35A98837,18.4,queries/tpch/tpch-queries/q04/v1_materialized.sql,measured,1,4,5,3,0.171,93.153,8,3,5,162306,5,2826400,360697,3,_m;orders;lineitem,255476,0,0,0,0,0,0
2026-08-18T10:46:08Z,CE35193F35A98837,18.4,queries/tpch/tpch-queries/q04/v1_materialized.sql,measured,1,5,5,3,0.170,91.646,8,3,5,162306,5,2826400,360697,3,_m;orders;lineitem,255476,0,0,0,0,0,0
2026-08-18T10:46:08Z,CE35193F35A98837,18.4,queries/tpch/tpch-queries/q04/v1_materialized.sql,measured,2,1,5,3,1.132,125.363,8,3,5,162306,5,2826400,360697,3,_m;orders;lineitem,255476,0,0,0,0,0,0
2026-08-18T10:46:08Z,CE35193F35A98837,18.4,queries/tpch/tpch-queries/q04/v1_materialized.sql,measured,2,2,5,3,0.168,93.944,8,3,5,162306,5,2826400,360697,3,_m;orders;lineitem,255476,0,0,0,0,0,0
2026-08-18T10:46:08Z,CE35193F35A98837,18.4,queries/tpch/tpch-queries/q04/v1_materialized.sql,measured,2,3,5,3,0.170,93.417,8,3,5,162306,5,2826400,360697,3,_m;orders;lineitem,255476,0,0,0,0,0,0
2026-08-18T10:46:08Z,CE35193F35A98837,18.4,queries/tpch/tpch-queries/q04/v1_materialized.sql,measured,2,4,5,3,0.171,93.528,8,3,5,162306,5,2826400,360697,3,_m;orders;lineitem,255476,0,0,0,0,0,0
2026-08-18T10:46:08Z,CE35193F35A98837,18.4,queries/tpch/tpch-queries/q04/v1_materialized.sql,measured,2,5,5,3,0.180,92.945,8,3,5,162306,5,2826400,360697,3,_m;orders;lineitem,255476,0,0,0,0,0,0
2026-08-18T10:46:09Z,CE35193F35A98837,18.4,queries/tpch/tpch-queries/q04/v1_materialized.sql,measured,3,1,5,3,0.979,113.702,8,3,5,162306,5,2826400,360697,3,_m;orders;lineitem,255476,0,0,0,0,0,0
2026-08-18T10:46:09Z,CE35193F35A98837,18.4,queries/tpch/tpch-queries/q04/v1_materialized.sql,measured,3,2,5,3,0.166,95.702,8,3,5,162306,5,2826400,360697,3,_m;orders;lineitem,255476,0,0,0,0,0,0
2026-08-18T10:46:09Z,CE35193F35A98837,18.4,queries/tpch/tpch-queries/q04/v1_materialized.sql,measured,3,3,5,3,0.171,93.163,8,3,5,162306,5,2826400,360697,3,_m;orders;lineitem,255476,0,0,0,0,0,0
2026-08-18T10:46:09Z,CE35193F35A98837,18.4,queries/tpch/tpch-queries/q04/v1_materialized.sql,measured,3,4,5,3,0.171,92.965,8,3,5,162306,5,2826400,360697,3,_m;orders;lineitem,255476,0,0,0,0,0,0
2026-08-18T10:46:09Z,CE35193F35A98837,18.4,queries/tpch/tpch-queries/q04/v1_materialized.sql,measured,3,5,5,3,0.178,92.486,8,3,5,162306,5,2826400,360697,3,_m;orders;lineitem,255476,0,0,0,0,0,0
2026-08-18T10:46:09Z,CE35193F35A98837,18.4,queries/tpch/tpch-queries/q04/v2_in.sql,warmup,1,1,1,3,0.781,100.332,7,2,5,162301,5,2826040,360697,3,orders;lineitem,255476,0,0,0,0,0,0
2026-08-18T10:46:09Z,CE35193F35A98837,18.4,queries/tpch/tpch-queries/q04/v2_in.sql,warmup,2,1,1,3,0.779,99.530,7,2,5,162301,5,2826040,360697,3,orders;lineitem,255476,0,0,0,0,0,0
2026-08-18T10:46:10Z,CE35193F35A98837,18.4,queries/tpch/tpch-queries/q04/v2_in.sql,measured,1,1,5,3,1.137,128.630,7,2,5,162301,5,2826040,360697,3,orders;lineitem,255476,0,0,0,0,0,0
2026-08-18T10:46:10Z,CE35193F35A98837,18.4,queries/tpch/tpch-queries/q04/v2_in.sql,measured,1,2,5,3,0.154,93.821,7,2,5,162301,5,2826040,360697,3,orders;lineitem,255476,0,0,0,0,0,0
2026-08-18T10:46:10Z,CE35193F35A98837,18.4,queries/tpch/tpch-queries/q04/v2_in.sql,measured,1,3,5,3,0.165,94.845,7,2,5,162301,5,2826040,360697,3,orders;lineitem,255476,0,0,0,0,0,0
2026-08-18T10:46:10Z,CE35193F35A98837,18.4,queries/tpch/tpch-queries/q04/v2_in.sql,measured,1,4,5,3,0.159,94.062,7,2,5,162301,5,2826040,360697,3,orders;lineitem,255476,0,0,0,0,0,0
2026-08-18T10:46:10Z,CE35193F35A98837,18.4,queries/tpch/tpch-queries/q04/v2_in.sql,measured,1,5,5,3,0.159,93.177,7,2,5,162301,5,2826040,360697,3,orders;lineitem,255476,0,0,0,0,0,0
2026-08-18T10:46:10Z,CE35193F35A98837,18.4,queries/tpch/tpch-queries/q04/v2_in.sql,measured,2,1,5,3,0.837,103.761,7,2,5,162301,5,2826040,360697,3,orders;lineitem,255476,0,0,0,0,0,0
2026-08-18T10:46:10Z,CE35193F35A98837,18.4,queries/tpch/tpch-queries/q04/v2_in.sql,measured,2,2,5,3,0.154,96.133,7,2,5,162301,5,2826040,360697,3,orders;lineitem,255476,0,0,0,0,0,0
2026-08-18T10:46:10Z,CE35193F35A98837,18.4,queries/tpch/tpch-queries/q04/v2_in.sql,measured,2,3,5,3,0.168,95.198,7,2,5,162301,5,2826040,360697,3,orders;lineitem,255476,0,0,0,0,0,0
2026-08-18T10:46:10Z,CE35193F35A98837,18.4,queries/tpch/tpch-queries/q04/v2_in.sql,measured,2,4,5,3,0.165,93.818,7,2,5,162301,5,2826040,360697,3,orders;lineitem,255476,0,0,0,0,0,0
2026-08-18T10:46:10Z,CE35193F35A98837,18.4,queries/tpch/tpch-queries/q04/v2_in.sql,measured,2,5,5,3,0.157,93.787,7,2,5,162301,5,2826040,360697,3,orders;lineitem,255476,0,0,0,0,0,0
2026-08-18T10:46:11Z,CE35193F35A98837,18.4,queries/tpch/tpch-queries/q04/v2_in.sql,measured,3,1,5,3,0.933,111.459,7,2,5,162301,5,2826040,360697,3,orders;lineitem,255476,0,0,0,0,0,0
2026-08-18T10:46:11Z,CE35193F35A98837,18.4,queries/tpch/tpch-queries/q04/v2_in.sql,measured,3,2,5,3,0.153,97.110,7,2,5,162301,5,2826040,360697,3,orders;lineitem,255476,0,0,0,0,0,0
2026-08-18T10:46:11Z,CE35193F35A98837,18.4,queries/tpch/tpch-queries/q04/v2_in.sql,measured,3,3,5,3,0.165,95.235,7,2,5,162301,5,2826040,360697,3,orders;lineitem,255476,0,0,0,0,0,0
2026-08-18T10:46:11Z,CE35193F35A98837,18.4,queries/tpch/tpch-queries/q04/v2_in.sql,measured,3,4,5,3,0.156,95.020,7,2,5,162301,5,2826040,360697,3,orders;lineitem,255476,0,0,0,0,0,0
2026-08-18T10:46:11Z,CE35193F35A98837,18.4,queries/tpch/tpch-queries/q04/v2_in.sql,measured,3,5,5,3,0.157,94.179,7,2,5,162301,5,2826040,360697,3,orders;lineitem,255476,0,0,0,0,0,0
2026-08-18T10:46:11Z,CE35193F35A98837,18.4,queries/tpch/tpch-queries/q05/base.sql,warmup,1,1,1,3,2.096,267.722,19,6,5,699121,25,18257548,12,2,customer;nation;region;orders;lineitem;supplier,583073,0,0,0,0,0,0
2026-08-18T10:46:12Z,CE35193F35A98837,18.4,queries/tpch/tpch-queries/q05/base.sql,warmup,2,1,1,3,3.279,284.124,19,6,5,699121,25,18257548,12,2,customer;nation;region;orders;lineitem;supplier,583073,0,0,0,0,0,0
2026-08-18T10:46:13Z,CE35193F35A98837,18.4,queries/tpch/tpch-queries/q05/base.sql,measured,1,1,5,3,1.799,265.476,19,6,5,699121,25,18257548,12,2,customer;nation;region;orders;lineitem;supplier,583073,0,0,0,0,0,0
2026-08-18T10:46:13Z,CE35193F35A98837,18.4,queries/tpch/tpch-queries/q05/base.sql,measured,1,2,5,3,1.011,254.089,19,6,5,699121,25,18257548,12,2,customer;nation;region;orders;lineitem;supplier,583070,0,0,0,0,0,0
2026-08-18T10:46:13Z,CE35193F35A98837,18.4,queries/tpch/tpch-queries/q05/base.sql,measured,1,3,5,3,0.935,249.847,19,6,5,699121,25,18257548,12,2,customer;nation;region;orders;lineitem;supplier,583070,0,0,0,0,0,0
2026-08-18T10:46:13Z,CE35193F35A98837,18.4,queries/tpch/tpch-queries/q05/base.sql,measured,1,4,5,3,0.976,250.503,19,6,5,699121,25,18257548,12,2,customer;nation;region;orders;lineitem;supplier,583070,0,0,0,0,0,0
2026-08-18T10:46:13Z,CE35193F35A98837,18.4,queries/tpch/tpch-queries/q05/base.sql,measured,1,5,5,3,0.967,248.827,19,6,5,699121,25,18257548,12,2,customer;nation;region;orders;lineitem;supplier,583070,0,0,0,0,0,0
2026-08-18T10:46:14Z,CE35193F35A98837,18.4,queries/tpch/tpch-queries/q05/base.sql,measured,2,1,5,3,1.867,259.639,19,6,5,699121,25,18257548,12,2,customer;nation;region;orders;lineitem;supplier,583073,0,0,0,0,0,0
2026-08-18T10:46:14Z,CE35193F35A98837,18.4,queries/tpch/tpch-queries/q05/base.sql,measured,2,2,5,3,0.987,252.297,19,6,5,699121,25,18257548,12,2,customer;nation;region;orders;lineitem;supplier,583070,0,0,0,0,0,0
2026-08-18T10:46:14Z,CE35193F35A98837,18.4,queries/tpch/tpch-queries/q05/base.sql,measured,2,3,5,3,0.933,249.558,19,6,5,699121,25,18257548,12,2,customer;nation;region;orders;lineitem;supplier,583070,0,0,0,0,0,0
2026-08-18T10:46:14Z,CE35193F35A98837,18.4,queries/tpch/tpch-queries/q05/base.sql,measured,2,4,5,3,0.959,246.936,19,6,5,699121,25,18257548,12,2,customer;nation;region;orders;lineitem;supplier,583070,0,0,0,0,0,0
2026-08-18T10:46:14Z,CE35193F35A98837,18.4,queries/tpch/tpch-queries/q05/base.sql,measured,2,5,5,3,0.938,246.044,19,6,5,699121,25,18257548,12,2,customer;nation;region;orders;lineitem;supplier,583070,0,0,0,0,0,0
2026-08-18T10:46:16Z,CE35193F35A98837,18.4,queries/tpch/tpch-queries/q05/base.sql,measured,3,1,5,3,1.795,261.678,19,6,5,699121,25,18257548,12,2,customer;nation;region;orders;lineitem;supplier,583073,0,0,0,0,0,0
2026-08-18T10:46:16Z,CE35193F35A98837,18.4,queries/tpch/tpch-queries/q05/base.sql,measured,3,2,5,3,0.985,247.976,19,6,5,699121,25,18257548,12,2,customer;nation;region;orders;lineitem;supplier,583070,0,0,0,0,0,0
2026-08-18T10:46:16Z,CE35193F35A98837,18.4,queries/tpch/tpch-queries/q05/base.sql,measured,3,3,5,3,0.930,245.254,19,6,5,699121,25,18257548,12,2,customer;nation;region;orders;lineitem;supplier,583070,0,0,0,0,0,0
2026-08-18T10:46:16Z,CE35193F35A98837,18.4,queries/tpch/tpch-queries/q05/base.sql,measured,3,4,5,3,0.929,242.928,19,6,5,699121,25,18257548,12,2,customer;nation;region;orders;lineitem;supplier,583070,0,0,0,0,0,0
2026-08-18T10:46:16Z,CE35193F35A98837,18.4,queries/tpch/tpch-queries/q05/base.sql,measured,3,5,5,3,0.938,241.837,19,6,5,699121,25,18257548,12,2,customer;nation;region;orders;lineitem;supplier,583070,0,0,0,0,0,0
2026-08-18T10:46:16Z,CE35193F35A98837,18.4,queries/tpch/tpch-queries/q05/v1_materialized.sql,warmup,1,1,1,3,2.481,271.929,20,7,5,699126,25,18258618,12,2,customer;nation;region;orders;lineitem;supplier;_m,583073,0,0,0,0,0,0
2026-08-18T10:46:16Z,CE35193F35A98837,18.4,queries/tpch/tpch-queries/q05/v1_materialized.sql,warmup,2,1,1,3,1.822,260.271,20,7,5,699126,25,18258618,12,2,customer;nation;region;orders;lineitem;supplier;_m,583073,0,0,0,0,0,0
2026-08-18T10:46:18Z,CE35193F35A98837,18.4,queries/tpch/tpch-queries/q05/v1_materialized.sql,measured,1,1,5,3,1.912,264.417,20,7,5,699126,25,18258618,12,2,customer;nation;region;orders;lineitem;supplier;_m,583073,0,0,0,0,0,0
2026-08-18T10:46:18Z,CE35193F35A98837,18.4,queries/tpch/tpch-queries/q05/v1_materialized.sql,measured,1,2,5,3,1.018,252.516,20,7,5,699126,25,18258618,12,2,customer;nation;region;orders;lineitem;supplier;_m,583070,0,0,0,0,0,0
2026-08-18T10:46:18Z,CE35193F35A98837,18.4,queries/tpch/tpch-queries/q05/v1_materialized.sql,measured,1,3,5,3,0.934,251.432,20,7,5,699126,25,18258618,12,2,customer;nation;region;orders;lineitem;supplier;_m,583070,0,0,0,0,0,0
2026-08-18T10:46:18Z,CE35193F35A98837,18.4,queries/tpch/tpch-queries/q05/v1_materialized.sql,measured,1,4,5,3,0.958,250.240,20,7,5,699126,25,18258618,12,2,customer;nation;region;orders;lineitem;supplier;_m,583070,0,0,0,0,0,0
2026-08-18T10:46:18Z,CE35193F35A98837,18.4,queries/tpch/tpch-queries/q05/v1_materialized.sql,measured,1,5,5,3,0.968,250.393,20,7,5,699126,25,18258618,12,2,customer;nation;region;orders;lineitem;supplier;_m,583070,0,0,0,0,0,0
2026-08-18T10:46:19Z,CE35193F35A98837,18.4,queries/tpch/tpch-queries/q05/v1_materialized.sql,measured,2,1,5,3,2.299,272.958,20,7,5,699126,25,18258618,12,2,customer;nation;region;orders;lineitem;supplier;_m,583073,0,0,0,0,0,0
2026-08-18T10:46:19Z,CE35193F35A98837,18.4,queries/tpch/tpch-queries/q05/v1_materialized.sql,measured,2,2,5,3,1.017,250.908,20,7,5,699126,25,18258618,12,2,customer;nation;region;orders;lineitem;supplier;_m,583070,0,0,0,0,0,0
2026-08-18T10:46:19Z,CE35193F35A98837,18.4,queries/tpch/tpch-queries/q05/v1_materialized.sql,measured,2,3,5,3,0.932,248.733,20,7,5,699126,25,18258618,12,2,customer;nation;region;orders;lineitem;supplier;_m,583070,0,0,0,0,0,0
2026-08-18T10:46:19Z,CE35193F35A98837,18.4,queries/tpch/tpch-queries/q05/v1_materialized.sql,measured,2,4,5,3,0.938,248.954,20,7,5,699126,25,18258618,12,2,customer;nation;region;orders;lineitem;supplier;_m,583070,0,0,0,0,0,0
2026-08-18T10:46:19Z,CE35193F35A98837,18.4,queries/tpch/tpch-queries/q05/v1_materialized.sql,measured,2,5,5,3,0.938,245.395,20,7,5,699126,25,18258618,12,2,customer;nation;region;orders;lineitem;supplier;_m,583070,0,0,0,0,0,0
2026-08-18T10:46:21Z,CE35193F35A98837,18.4,queries/tpch/tpch-queries/q05/v1_materialized.sql,measured,3,1,5,3,2.271,258.705,20,7,5,699126,25,18258618,12,2,customer;nation;region;orders;lineitem;supplier;_m,583073,0,0,0,0,0,0
2026-08-18T10:46:21Z,CE35193F35A98837,18.4,queries/tpch/tpch-queries/q05/v1_materialized.sql,measured,3,2,5,3,1.012,252.751,20,7,5,699126,25,18258618,12,2,customer;nation;region;orders;lineitem;supplier;_m,583070,0,0,0,0,0,0
2026-08-18T10:46:21Z,CE35193F35A98837,18.4,queries/tpch/tpch-queries/q05/v1_materialized.sql,measured,3,3,5,3,0.936,245.971,20,7,5,699126,25,18258618,12,2,customer;nation;region;orders;lineitem;supplier;_m,583070,0,0,0,0,0,0
2026-08-18T10:46:21Z,CE35193F35A98837,18.4,queries/tpch/tpch-queries/q05/v1_materialized.sql,measured,3,4,5,3,0.934,241.640,20,7,5,699126,25,18258618,12,2,customer;nation;region;orders;lineitem;supplier;_m,583070,0,0,0,0,0,0
2026-08-18T10:46:21Z,CE35193F35A98837,18.4,queries/tpch/tpch-queries/q05/v1_materialized.sql,measured,3,5,5,3,0.939,242.659,20,7,5,699126,25,18258618,12,2,customer;nation;region;orders;lineitem;supplier;_m,583070,0,0,0,0,0,0
2026-08-18T10:46:21Z,CE35193F35A98837,18.4,queries/tpch/tpch-queries/q06/base.sql,warmup,1,1,1,3,0.492,244.284,4,1,1,114171,1,1370272,1177411,4,lineitem,112600,0,0,0,0,0,0
2026-08-18T10:46:21Z,CE35193F35A98837,18.4,queries/tpch/tpch-queries/q06/base.sql,warmup,2,1,1,3,0.549,290.279,4,1,1,114171,1,1370272,1177411,4,lineitem,112600,0,0,0,0,0,0
2026-08-18T10:46:23Z,CE35193F35A98837,18.4,queries/tpch/tpch-queries/q06/base.sql,measured,1,1,5,3,0.485,289.265,4,1,1,114171,1,1370272,1177411,4,lineitem,112600,0,0,0,0,0,0
2026-08-18T10:46:23Z,CE35193F35A98837,18.4,queries/tpch/tpch-queries/q06/base.sql,measured,1,2,5,3,0.068,224.876,4,1,1,114171,1,1370272,1177411,4,lineitem,112600,0,0,0,0,0,0
2026-08-18T10:46:23Z,CE35193F35A98837,18.4,queries/tpch/tpch-queries/q06/base.sql,measured,1,3,5,3,0.068,227.495,4,1,1,114171,1,1370272,1177411,4,lineitem,112600,0,0,0,0,0,0
2026-08-18T10:46:23Z,CE35193F35A98837,18.4,queries/tpch/tpch-queries/q06/base.sql,measured,1,4,5,3,0.068,238.350,4,1,1,114171,1,1370272,1177411,4,lineitem,112600,0,0,0,0,0,0
2026-08-18T10:46:23Z,CE35193F35A98837,18.4,queries/tpch/tpch-queries/q06/base.sql,measured,1,5,5,3,0.068,236.994,4,1,1,114171,1,1370272,1177411,4,lineitem,112600,0,0,0,0,0,0
2026-08-18T10:46:24Z,CE35193F35A98837,18.4,queries/tpch/tpch-queries/q06/base.sql,measured,2,1,5,3,0.422,262.396,4,1,1,114171,1,1370272,1177411,4,lineitem,112600,0,0,0,0,0,0
2026-08-18T10:46:24Z,CE35193F35A98837,18.4,queries/tpch/tpch-queries/q06/base.sql,measured,2,2,5,3,0.068,230.122,4,1,1,114171,1,1370272,1177411,4,lineitem,112600,0,0,0,0,0,0
2026-08-18T10:46:24Z,CE35193F35A98837,18.4,queries/tpch/tpch-queries/q06/base.sql,measured,2,3,5,3,0.069,228.133,4,1,1,114171,1,1370272,1177411,4,lineitem,112600,0,0,0,0,0,0
2026-08-18T10:46:24Z,CE35193F35A98837,18.4,queries/tpch/tpch-queries/q06/base.sql,measured,2,4,5,3,0.069,241.196,4,1,1,114171,1,1370272,1177411,4,lineitem,112600,0,0,0,0,0,0
2026-08-18T10:46:24Z,CE35193F35A98837,18.4,queries/tpch/tpch-queries/q06/base.sql,measured,2,5,5,3,0.081,238.289,4,1,1,114171,1,1370272,1177411,4,lineitem,112600,0,0,0,0,0,0
2026-08-18T10:46:25Z,CE35193F35A98837,18.4,queries/tpch/tpch-queries/q06/base.sql,measured,3,1,5,3,0.486,290.431,4,1,1,114171,1,1370272,1177411,4,lineitem,112600,0,0,0,0,0,0
2026-08-18T10:46:25Z,CE35193F35A98837,18.4,queries/tpch/tpch-queries/q06/base.sql,measured,3,2,5,3,0.068,229.772,4,1,1,114171,1,1370272,1177411,4,lineitem,112600,0,0,0,0,0,0
2026-08-18T10:46:25Z,CE35193F35A98837,18.4,queries/tpch/tpch-queries/q06/base.sql,measured,3,3,5,3,0.069,244.126,4,1,1,114171,1,1370272,1177411,4,lineitem,112600,0,0,0,0,0,0
2026-08-18T10:46:25Z,CE35193F35A98837,18.4,queries/tpch/tpch-queries/q06/base.sql,measured,3,4,5,3,0.068,232.343,4,1,1,114171,1,1370272,1177411,4,lineitem,112600,0,0,0,0,0,0
2026-08-18T10:46:25Z,CE35193F35A98837,18.4,queries/tpch/tpch-queries/q06/base.sql,measured,3,5,5,3,0.068,242.665,4,1,1,114171,1,1370272,1177411,4,lineitem,112600,0,0,0,0,0,0
2026-08-18T10:46:25Z,CE35193F35A98837,18.4,queries/tpch/tpch-queries/q06/v1_materialized.sql,warmup,1,1,1,3,0.413,259.429,5,2,1,114172,1,1370304,1177411,4,_m;lineitem,112600,0,0,0,0,0,0
2026-08-18T10:46:26Z,CE35193F35A98837,18.4,queries/tpch/tpch-queries/q06/v1_materialized.sql,warmup,2,1,1,3,0.568,302.579,5,2,1,114172,1,1370304,1177411,4,_m;lineitem,112600,0,0,0,0,0,0
2026-08-18T10:46:27Z,CE35193F35A98837,18.4,queries/tpch/tpch-queries/q06/v1_materialized.sql,measured,1,1,5,3,0.528,292.976,5,2,1,114172,1,1370304,1177411,4,_m;lineitem,112600,0,0,0,0,0,0
2026-08-18T10:46:27Z,CE35193F35A98837,18.4,queries/tpch/tpch-queries/q06/v1_materialized.sql,measured,1,2,5,3,0.080,231.869,5,2,1,114172,1,1370304,1177411,4,_m;lineitem,112600,0,0,0,0,0,0
2026-08-18T10:46:27Z,CE35193F35A98837,18.4,queries/tpch/tpch-queries/q06/v1_materialized.sql,measured,1,3,5,3,0.079,244.492,5,2,1,114172,1,1370304,1177411,4,_m;lineitem,112600,0,0,0,0,0,0
2026-08-18T10:46:27Z,CE35193F35A98837,18.4,queries/tpch/tpch-queries/q06/v1_materialized.sql,measured,1,4,5,3,0.083,243.809,5,2,1,114172,1,1370304,1177411,4,_m;lineitem,112600,0,0,0,0,0,0
2026-08-18T10:46:27Z,CE35193F35A98837,18.4,queries/tpch/tpch-queries/q06/v1_materialized.sql,measured,1,5,5,3,0.089,242.525,5,2,1,114172,1,1370304,1177411,4,_m;lineitem,112600,0,0,0,0,0,0
2026-08-18T10:46:29Z,CE35193F35A98837,18.4,queries/tpch/tpch-queries/q06/v1_materialized.sql,measured,2,1,5,3,0.521,289.164,5,2,1,114172,1,1370304,1177411,4,_m;lineitem,112600,0,0,0,0,0,0
2026-08-18T10:46:29Z,CE35193F35A98837,18.4,queries/tpch/tpch-queries/q06/v1_materialized.sql,measured,2,2,5,3,0.083,250.491,5,2,1,114172,1,1370304,1177411,4,_m;lineitem,112600,0,0,0,0,0,0
2026-08-18T10:46:29Z,CE35193F35A98837,18.4,queries/tpch/tpch-queries/q06/v1_materialized.sql,measured,2,3,5,3,0.080,236.464,5,2,1,114172,1,1370304,1177411,4,_m;lineitem,112600,0,0,0,0,0,0
2026-08-18T10:46:29Z,CE35193F35A98837,18.4,queries/tpch/tpch-queries/q06/v1_materialized.sql,measured,2,4,5,3,0.079,235.616,5,2,1,114172,1,1370304,1177411,4,_m;lineitem,112600,0,0,0,0,0,0
2026-08-18T10:46:29Z,CE35193F35A98837,18.4,queries/tpch/tpch-queries/q06/v1_materialized.sql,measured,2,5,5,3,0.080,247.646,5,2,1,114172,1,1370304,1177411,4,_m;lineitem,112600,0,0,0,0,0,0
2026-08-18T10:46:30Z,CE35193F35A98837,18.4,queries/tpch/tpch-queries/q06/v1_materialized.sql,measured,3,1,5,3,0.581,309.439,5,2,1,114172,1,1370304,1177411,4,_m;lineitem,112600,0,0,0,0,0,0
2026-08-18T10:46:30Z,CE35193F35A98837,18.4,queries/tpch/tpch-queries/q06/v1_materialized.sql,measured,3,2,5,3,0.082,246.668,5,2,1,114172,1,1370304,1177411,4,_m;lineitem,112600,0,0,0,0,0,0
2026-08-18T10:46:30Z,CE35193F35A98837,18.4,queries/tpch/tpch-queries/q06/v1_materialized.sql,measured,3,3,5,3,0.081,246.641,5,2,1,114172,1,1370304,1177411,4,_m;lineitem,112600,0,0,0,0,0,0
2026-08-18T10:46:30Z,CE35193F35A98837,18.4,queries/tpch/tpch-queries/q06/v1_materialized.sql,measured,3,4,5,3,0.082,238.411,5,2,1,114172,1,1370304,1177411,4,_m;lineitem,112600,0,0,0,0,0,0
2026-08-18T10:46:30Z,CE35193F35A98837,18.4,queries/tpch/tpch-queries/q06/v1_materialized.sql,measured,3,5,5,3,0.081,240.482,5,2,1,114172,1,1370304,1177411,4,_m;lineitem,112600,0,0,0,0,0,0
2026-08-18T10:46:30Z,CE35193F35A98837,18.4,queries/tpch/tpch-queries/q07/base.sql,warmup,1,1,1,3,1.803,318.335,17,6,4,725685,6124,17987766,49,2,customer;nation;orders;lineitem;supplier,653771,0,0,0,0,0,0
2026-08-18T10:46:31Z,CE35193F35A98837,18.4,queries/tpch/tpch-queries/q07/base.sql,warmup,2,1,1,3,1.861,320.127,17,6,4,725685,6124,17987766,49,2,customer;nation;orders;lineitem;supplier,653771,0,0,0,0,0,0
2026-08-18T10:46:32Z,CE35193F35A98837,18.4,queries/tpch/tpch-queries/q07/base.sql,measured,1,1,5,3,1.506,310.962,17,6,4,725685,6124,17987766,49,2,customer;nation;orders;lineitem;supplier,653771,0,0,0,0,0,0
2026-08-18T10:46:32Z,CE35193F35A98837,18.4,queries/tpch/tpch-queries/q07/base.sql,measured,1,2,5,3,0.649,291.981,17,6,4,725685,6124,17987766,49,2,customer;nation;orders;lineitem;supplier,653771,0,0,0,0,0,0
2026-08-18T10:46:32Z,CE35193F35A98837,18.4,queries/tpch/tpch-queries/q07/base.sql,measured,1,3,5,3,0.603,290.317,17,6,4,725685,6124,17987766,49,2,customer;nation;orders;lineitem;supplier,653771,0,0,0,0,0,0
2026-08-18T10:46:32Z,CE35193F35A98837,18.4,queries/tpch/tpch-queries/q07/base.sql,measured,1,4,5,3,0.616,287.284,17,6,4,725685,6124,17987766,49,2,customer;nation;orders;lineitem;supplier,653771,0,0,0,0,0,0
2026-08-18T10:46:32Z,CE35193F35A98837,18.4,queries/tpch/tpch-queries/q07/base.sql,measured,1,5,5,3,0.596,291.776,17,6,4,725685,6124,17987766,49,2,customer;nation;orders;lineitem;supplier,653771,0,0,0,0,0,0
2026-08-18T10:46:34Z,CE35193F35A98837,18.4,queries/tpch/tpch-queries/q07/base.sql,measured,2,1,5,3,1.564,310.514,17,6,4,725685,6124,17987766,49,2,customer;nation;orders;lineitem;supplier,653771,0,0,0,0,0,0
2026-08-18T10:46:34Z,CE35193F35A98837,18.4,queries/tpch/tpch-queries/q07/base.sql,measured,2,2,5,3,0.671,293.450,17,6,4,725685,6124,17987766,49,2,customer;nation;orders;lineitem;supplier,653771,0,0,0,0,0,0
2026-08-18T10:46:34Z,CE35193F35A98837,18.4,queries/tpch/tpch-queries/q07/base.sql,measured,2,3,5,3,0.612,292.244,17,6,4,725685,6124,17987766,49,2,customer;nation;orders;lineitem;supplier,653771,0,0,0,0,0,0
2026-08-18T10:46:34Z,CE35193F35A98837,18.4,queries/tpch/tpch-queries/q07/base.sql,measured,2,4,5,3,0.600,290.082,17,6,4,725685,6124,17987766,49,2,customer;nation;orders;lineitem;supplier,653771,0,0,0,0,0,0
2026-08-18T10:46:34Z,CE35193F35A98837,18.4,queries/tpch/tpch-queries/q07/base.sql,measured,2,5,5,3,0.614,289.093,17,6,4,725685,6124,17987766,49,2,customer;nation;orders;lineitem;supplier,653771,0,0,0,0,0,0
2026-08-18T10:46:36Z,CE35193F35A98837,18.4,queries/tpch/tpch-queries/q07/base.sql,measured,3,1,5,3,1.735,305.925,17,6,4,725685,6124,17987766,49,2,customer;nation;orders;lineitem;supplier,653771,0,0,0,0,0,0
2026-08-18T10:46:36Z,CE35193F35A98837,18.4,queries/tpch/tpch-queries/q07/base.sql,measured,3,2,5,3,0.623,295.828,17,6,4,725685,6124,17987766,49,2,customer;nation;orders;lineitem;supplier,653771,0,0,0,0,0,0
2026-08-18T10:46:36Z,CE35193F35A98837,18.4,queries/tpch/tpch-queries/q07/base.sql,measured,3,3,5,3,0.598,292.174,17,6,4,725685,6124,17987766,49,2,customer;nation;orders;lineitem;supplier,653771,0,0,0,0,0,0
2026-08-18T10:46:36Z,CE35193F35A98837,18.4,queries/tpch/tpch-queries/q07/base.sql,measured,3,4,5,3,0.594,290.975,17,6,4,725685,6124,17987766,49,2,customer;nation;orders;lineitem;supplier,653771,0,0,0,0,0,0
2026-08-18T10:46:36Z,CE35193F35A98837,18.4,queries/tpch/tpch-queries/q07/base.sql,measured,3,5,5,3,0.595,294.401,17,6,4,725685,6124,17987766,49,2,customer;nation;orders;lineitem;supplier,653771,0,0,0,0,0,0
2026-08-18T10:46:36Z,CE35193F35A98837,18.4,queries/tpch/tpch-queries/q07/v1_materialized.sql,warmup,1,1,1,3,1.489,309.608,18,7,4,725689,6124,17988854,49,2,_m;customer;nation;orders;lineitem;supplier,653771,0,0,0,0,0,0
2026-08-18T10:46:36Z,CE35193F35A98837,18.4,queries/tpch/tpch-queries/q07/v1_materialized.sql,warmup,2,1,1,3,2.409,320.025,18,7,4,725689,6124,17988854,49,2,_m;customer;nation;orders;lineitem;supplier,653771,0,0,0,0,0,0
2026-08-18T10:46:38Z,CE35193F35A98837,18.4,queries/tpch/tpch-queries/q07/v1_materialized.sql,measured,1,1,5,3,1.627,313.637,18,7,4,725689,6124,17988854,49,2,_m;customer;nation;orders;lineitem;supplier,653771,0,0,0,0,0,0
2026-08-18T10:46:38Z,CE35193F35A98837,18.4,queries/tpch/tpch-queries/q07/v1_materialized.sql,measured,1,2,5,3,0.667,293.470,18,7,4,725689,6124,17988854,49,2,_m;customer;nation;orders;lineitem;supplier,653771,0,0,0,0,0,0
2026-08-18T10:46:38Z,CE35193F35A98837,18.4,queries/tpch/tpch-queries/q07/v1_materialized.sql,measured,1,3,5,3,0.625,294.342,18,7,4,725689,6124,17988854,49,2,_m;customer;nation;orders;lineitem;supplier,653771,0,0,0,0,0,0
2026-08-18T10:46:38Z,CE35193F35A98837,18.4,queries/tpch/tpch-queries/q07/v1_materialized.sql,measured,1,4,5,3,0.640,296.149,18,7,4,725689,6124,17988854,49,2,_m;customer;nation;orders;lineitem;supplier,653771,0,0,0,0,0,0
2026-08-18T10:46:38Z,CE35193F35A98837,18.4,queries/tpch/tpch-queries/q07/v1_materialized.sql,measured,1,5,5,3,0.641,291.251,18,7,4,725689,6124,17988854,49,2,_m;customer;nation;orders;lineitem;supplier,653771,0,0,0,0,0,0
2026-08-18T10:46:39Z,CE35193F35A98837,18.4,queries/tpch/tpch-queries/q07/v1_materialized.sql,measured,2,1,5,3,1.515,310.980,18,7,4,725689,6124,17988854,49,2,_m;customer;nation;orders;lineitem;supplier,653771,0,0,0,0,0,0
2026-08-18T10:46:39Z,CE35193F35A98837,18.4,queries/tpch/tpch-queries/q07/v1_materialized.sql,measured,2,2,5,3,0.656,290.424,18,7,4,725689,6124,17988854,49,2,_m;customer;nation;orders;lineitem;supplier,653771,0,0,0,0,0,0
2026-08-18T10:46:39Z,CE35193F35A98837,18.4,queries/tpch/tpch-queries/q07/v1_materialized.sql,measured,2,3,5,3,0.615,288.751,18,7,4,725689,6124,17988854,49,2,_m;customer;nation;orders;lineitem;supplier,653771,0,0,0,0,0,0
2026-08-18T10:46:39Z,CE35193F35A98837,18.4,queries/tpch/tpch-queries/q07/v1_materialized.sql,measured,2,4,5,3,0.618,285.815,18,7,4,725689,6124,17988854,49,2,_m;customer;nation;orders;lineitem;supplier,653771,0,0,0,0,0,0
2026-08-18T10:46:39Z,CE35193F35A98837,18.4,queries/tpch/tpch-queries/q07/v1_materialized.sql,measured,2,5,5,3,0.613,285.796,18,7,4,725689,6124,17988854,49,2,_m;customer;nation;orders;lineitem;supplier,653771,0,0,0,0,0,0
2026-08-18T10:46:41Z,CE35193F35A98837,18.4,queries/tpch/tpch-queries/q07/v1_materialized.sql,measured,3,1,5,3,1.493,308.863,18,7,4,725689,6124,17988854,49,2,_m;customer;nation;orders;lineitem;supplier,653771,0,0,0,0,0,0
2026-08-18T10:46:41Z,CE35193F35A98837,18.4,queries/tpch/tpch-queries/q07/v1_materialized.sql,measured,3,2,5,3,0.652,286.987,18,7,4,725689,6124,17988854,49,2,_m;customer;nation;orders;lineitem;supplier,653771,0,0,0,0,0,0
2026-08-18T10:46:41Z,CE35193F35A98837,18.4,queries/tpch/tpch-queries/q07/v1_materialized.sql,measured,3,3,5,3,0.621,287.527,18,7,4,725689,6124,17988854,49,2,_m;customer;nation;orders;lineitem;supplier,653771,0,0,0,0,0,0
2026-08-18T10:46:41Z,CE35193F35A98837,18.4,queries/tpch/tpch-queries/q07/v1_materialized.sql,measured,3,4,5,3,0.631,289.919,18,7,4,725689,6124,17988854,49,2,_m;customer;nation;orders;lineitem;supplier,653771,0,0,0,0,0,0
2026-08-18T10:46:41Z,CE35193F35A98837,18.4,queries/tpch/tpch-queries/q07/v1_materialized.sql,measured,3,5,5,3,0.609,288.402,18,7,4,725689,6124,17988854,49,2,_m;customer;nation;orders;lineitem;supplier,653771,0,0,0,0,0,0
2026-08-18T10:46:41Z,CE35193F35A98837,18.4,queries/tpch/tpch-queries/q07/v2_union_all.sql,warmup,1,1,1,3,1.714,312.235,33,12,4,894910,589,19681370,102,2,customer;nation;orders;lineitem;supplier,657821,0,0,0,0,0,0
2026-08-18T10:46:42Z,CE35193F35A98837,18.4,queries/tpch/tpch-queries/q07/v2_union_all.sql,warmup,2,1,1,3,1.929,320.891,33,12,4,894910,589,19681370,102,2,customer;nation;orders;lineitem;supplier,657821,0,0,0,0,0,0
2026-08-18T10:46:43Z,CE35193F35A98837,18.4,queries/tpch/tpch-queries/q07/v2_union_all.sql,measured,1,1,5,3,1.889,318.996,33,12,4,894910,589,19681370,102,2,customer;nation;orders;lineitem;supplier,657821,0,0,0,0,0,0
2026-08-18T10:46:43Z,CE35193F35A98837,18.4,queries/tpch/tpch-queries/q07/v2_union_all.sql,measured,1,2,5,3,0.818,297.732,33,12,4,894910,589,19681370,102,2,customer;nation;orders;lineitem;supplier,657821,0,0,0,0,0,0
2026-08-18T10:46:43Z,CE35193F35A98837,18.4,queries/tpch/tpch-queries/q07/v2_union_all.sql,measured,1,3,5,3,0.711,296.650,33,12,4,894910,589,19681370,102,2,customer;nation;orders;lineitem;supplier,657821,0,0,0,0,0,0
2026-08-18T10:46:43Z,CE35193F35A98837,18.4,queries/tpch/tpch-queries/q07/v2_union_all.sql,measured,1,4,5,3,0.731,295.416,33,12,4,894910,589,19681370,102,2,customer;nation;orders;lineitem;supplier,657821,0,0,0,0,0,0
2026-08-18T10:46:43Z,CE35193F35A98837,18.4,queries/tpch/tpch-queries/q07/v2_union_all.sql,measured,1,5,5,3,0.738,294.146,33,12,4,894910,589,19681370,102,2,customer;nation;orders;lineitem;supplier,657821,0,0,0,0,0,0
2026-08-18T10:46:45Z,CE35193F35A98837,18.4,queries/tpch/tpch-queries/q07/v2_union_all.sql,measured,2,1,5,3,1.681,314.540,33,12,4,894910,589,19681370,102,2,customer;nation;orders;lineitem;supplier,657821,0,0,0,0,0,0
2026-08-18T10:46:45Z,CE35193F35A98837,18.4,queries/tpch/tpch-queries/q07/v2_union_all.sql,measured,2,2,5,3,0.788,293.012,33,12,4,894910,589,19681370,102,2,customer;nation;orders;lineitem;supplier,657821,0,0,0,0,0,0
2026-08-18T10:46:45Z,CE35193F35A98837,18.4,queries/tpch/tpch-queries/q07/v2_union_all.sql,measured,2,3,5,3,0.706,293.706,33,12,4,894910,589,19681370,102,2,customer;nation;orders;lineitem;supplier,657821,0,0,0,0,0,0
2026-08-18T10:46:45Z,CE35193F35A98837,18.4,queries/tpch/tpch-queries/q07/v2_union_all.sql,measured,2,4,5,3,0.731,294.094,33,12,4,894910,589,19681370,102,2,customer;nation;orders;lineitem;supplier,657821,0,0,0,0,0,0
2026-08-18T10:46:45Z,CE35193F35A98837,18.4,queries/tpch/tpch-queries/q07/v2_union_all.sql,measured,2,5,5,3,0.735,292.774,33,12,4,894910,589,19681370,102,2,customer;nation;orders;lineitem;supplier,657821,0,0,0,0,0,0
2026-08-18T10:46:47Z,CE35193F35A98837,18.4,queries/tpch/tpch-queries/q07/v2_union_all.sql,measured,3,1,5,3,1.741,310.183,33,12,4,894910,589,19681370,102,2,customer;nation;orders;lineitem;supplier,657821,0,0,0,0,0,0
2026-08-18T10:46:47Z,CE35193F35A98837,18.4,queries/tpch/tpch-queries/q07/v2_union_all.sql,measured,3,2,5,3,0.816,292.304,33,12,4,894910,589,19681370,102,2,customer;nation;orders;lineitem;supplier,657821,0,0,0,0,0,0
2026-08-18T10:46:47Z,CE35193F35A98837,18.4,queries/tpch/tpch-queries/q07/v2_union_all.sql,measured,3,3,5,3,0.728,294.535,33,12,4,894910,589,19681370,102,2,customer;nation;orders;lineitem;supplier,657821,0,0,0,0,0,0
2026-08-18T10:46:47Z,CE35193F35A98837,18.4,queries/tpch/tpch-queries/q07/v2_union_all.sql,measured,3,4,5,3,0.762,291.692,33,12,4,894910,589,19681370,102,2,customer;nation;orders;lineitem;supplier,657821,0,0,0,0,0,0
2026-08-18T10:46:47Z,CE35193F35A98837,18.4,queries/tpch/tpch-queries/q07/v2_union_all.sql,measured,3,5,5,3,0.741,291.918,33,12,4,894910,589,19681370,102,2,customer;nation;orders;lineitem;supplier,657821,0,0,0,0,0,0
2026-08-18T10:46:47Z,CE35193F35A98837,18.4,queries/tpch/tpch-queries/q08/base.sql,warmup,1,1,1,3,1.946,391.389,23,8,2,1166964,2406,21790242,198560,2,customer;nation;region;orders;lineitem;part;supplier,767161,0,0,0,0,0,0
2026-08-18T10:46:47Z,CE35193F35A98837,18.4,queries/tpch/tpch-queries/q08/base.sql,warmup,2,1,1,3,1.978,394.306,23,8,2,1166964,2406,21790242,198560,2,customer;nation;region;orders;lineitem;part;supplier,767161,0,0,0,0,0,0
2026-08-18T10:46:49Z,CE35193F35A98837,18.4,queries/tpch/tpch-queries/q08/base.sql,measured,1,1,5,3,1.679,393.309,23,8,2,1166964,2406,21790242,198560,2,customer;nation;region;orders;lineitem;part;supplier,767161,0,0,0,0,0,0
2026-08-18T10:46:49Z,CE35193F35A98837,18.4,queries/tpch/tpch-queries/q08/base.sql,measured,1,2,5,3,0.800,357.705,23,8,2,1166964,2406,21790242,198560,2,customer;nation;region;orders;lineitem;part;supplier,767161,0,0,0,0,0,0
2026-08-18T10:46:49Z,CE35193F35A98837,18.4,queries/tpch/tpch-queries/q08/base.sql,measured,1,3,5,3,0.780,357.342,23,8,2,1166964,2406,21790242,198560,2,customer;nation;region;orders;lineitem;part;supplier,767161,0,0,0,0,0,0
2026-08-18T10:46:49Z,CE35193F35A98837,18.4,queries/tpch/tpch-queries/q08/base.sql,measured,1,4,5,3,0.778,356.023,23,8,2,1166964,2406,21790242,198560,2,customer;nation;region;orders;lineitem;part;supplier,767161,0,0,0,0,0,0
2026-08-18T10:46:49Z,CE35193F35A98837,18.4,queries/tpch/tpch-queries/q08/base.sql,measured,1,5,5,3,0.779,353.734,23,8,2,1166964,2406,21790242,198560,2,customer;nation;region;orders;lineitem;part;supplier,767161,0,0,0,0,0,0
2026-08-18T10:46:51Z,CE35193F35A98837,18.4,queries/tpch/tpch-queries/q08/base.sql,measured,2,1,5,3,2.035,392.429,23,8,2,1166962,2406,21790234,66194,2,customer;nation;region;orders;lineitem;part;supplier,767161,0,0,0,0,0,0
2026-08-18T10:46:51Z,CE35193F35A98837,18.4,queries/tpch/tpch-queries/q08/base.sql,measured,2,2,5,3,0.759,354.266,23,8,2,1166964,2406,21790242,198560,2,customer;nation;region;orders;lineitem;part;supplier,767161,0,0,0,0,0,0
2026-08-18T10:46:51Z,CE35193F35A98837,18.4,queries/tpch/tpch-queries/q08/base.sql,measured,2,3,5,3,0.761,354.433,23,8,2,1166964,2406,21790242,198560,2,customer;nation;region;orders;lineitem;part;supplier,767161,0,0,0,0,0,0
2026-08-18T10:46:51Z,CE35193F35A98837,18.4,queries/tpch/tpch-queries/q08/base.sql,measured,2,4,5,3,0.759,351.854,23,8,2,1166964,2406,21790242,198560,2,customer;nation;region;orders;lineitem;part;supplier,767161,0,0,0,0,0,0
2026-08-18T10:46:51Z,CE35193F35A98837,18.4,queries/tpch/tpch-queries/q08/base.sql,measured,2,5,5,3,0.790,350.170,23,8,2,1166964,2406,21790242,198560,2,customer;nation;region;orders;lineitem;part;supplier,767161,0,0,0,0,0,0
2026-08-18T10:46:53Z,CE35193F35A98837,18.4,queries/tpch/tpch-queries/q08/base.sql,measured,3,1,5,3,1.723,392.550,23,8,2,1166964,2406,21790242,198560,2,customer;nation;region;orders;lineitem;part;supplier,767161,0,0,0,0,0,0
2026-08-18T10:46:53Z,CE35193F35A98837,18.4,queries/tpch/tpch-queries/q08/base.sql,measured,3,2,5,3,0.758,356.214,23,8,2,1166964,2406,21790242,198560,2,customer;nation;region;orders;lineitem;part;supplier,767161,0,0,0,0,0,0
2026-08-18T10:46:53Z,CE35193F35A98837,18.4,queries/tpch/tpch-queries/q08/base.sql,measured,3,3,5,3,0.824,353.182,23,8,2,1166964,2406,21790242,198560,2,customer;nation;region;orders;lineitem;part;supplier,767161,0,0,0,0,0,0
2026-08-18T10:46:53Z,CE35193F35A98837,18.4,queries/tpch/tpch-queries/q08/base.sql,measured,3,4,5,3,0.771,352.624,23,8,2,1166964,2406,21790242,198560,2,customer;nation;region;orders;lineitem;part;supplier,767161,0,0,0,0,0,0
2026-08-18T10:46:53Z,CE35193F35A98837,18.4,queries/tpch/tpch-queries/q08/base.sql,measured,3,5,5,3,0.760,349.450,23,8,2,1166964,2406,21790242,198560,2,customer;nation;region;orders;lineitem;part;supplier,767161,0,0,0,0,0,0
2026-08-18T10:46:54Z,CE35193F35A98837,18.4,queries/tpch/tpch-queries/q08/v1_materialized.sql,warmup,1,1,1,3,1.972,391.312,24,9,2,1166966,2406,21790370,198560,2,_m;customer;nation;region;orders;lineitem;part;supplier,767161,0,0,0,0,0,0
2026-08-18T10:46:54Z,CE35193F35A98837,18.4,queries/tpch/tpch-queries/q08/v1_materialized.sql,warmup,2,1,1,3,1.895,394.616,24,9,2,1166966,2406,21790370,198560,2,_m;customer;nation;region;orders;lineitem;part;supplier,767161,0,0,0,0,0,0
2026-08-18T10:46:56Z,CE35193F35A98837,18.4,queries/tpch/tpch-queries/q08/v1_materialized.sql,measured,1,1,5,3,1.855,394.706,24,9,2,1166966,2406,21790370,198560,2,_m;customer;nation;region;orders;lineitem;part;supplier,767161,0,0,0,0,0,0
2026-08-18T10:46:56Z,CE35193F35A98837,18.4,queries/tpch/tpch-queries/q08/v1_materialized.sql,measured,1,2,5,3,0.798,355.739,24,9,2,1166966,2406,21790370,198560,2,_m;customer;nation;region;orders;lineitem;part;supplier,767161,0,0,0,0,0,0
2026-08-18T10:46:56Z,CE35193F35A98837,18.4,queries/tpch/tpch-queries/q08/v1_materialized.sql,measured,1,3,5,3,0.779,352.417,24,9,2,1166966,2406,21790370,198560,2,_m;customer;nation;region;orders;lineitem;part;supplier,767161,0,0,0,0,0,0
2026-08-18T10:46:56Z,CE35193F35A98837,18.4,queries/tpch/tpch-queries/q08/v1_materialized.sql,measured,1,4,5,3,0.780,352.398,24,9,2,1166966,2406,21790370,198560,2,_m;customer;nation;region;orders;lineitem;part;supplier,767161,0,0,0,0,0,0
2026-08-18T10:46:56Z,CE35193F35A98837,18.4,queries/tpch/tpch-queries/q08/v1_materialized.sql,measured,1,5,5,3,0.809,353.359,24,9,2,1166966,2406,21790370,198560,2,_m;customer;nation;region;orders;lineitem;part;supplier,767161,0,0,0,0,0,0
2026-08-18T10:46:58Z,CE35193F35A98837,18.4,queries/tpch/tpch-queries/q08/v1_materialized.sql,measured,2,1,5,3,2.745,399.628,24,9,2,1166966,2406,21790370,198560,2,_m;customer;nation;region;orders;lineitem;part;supplier,767161,0,0,0,0,0,0
2026-08-18T10:46:58Z,CE35193F35A98837,18.4,queries/tpch/tpch-queries/q08/v1_materialized.sql,measured,2,2,5,3,0.780,354.304,24,9,2,1166966,2406,21790370,198560,2,_m;customer;nation;region;orders;lineitem;part;supplier,767161,0,0,0,0,0,0
2026-08-18T10:46:58Z,CE35193F35A98837,18.4,queries/tpch/tpch-queries/q08/v1_materialized.sql,measured,2,3,5,3,0.765,351.781,24,9,2,1166966,2406,21790370,198560,2,_m;customer;nation;region;orders;lineitem;part;supplier,767161,0,0,0,0,0,0
2026-08-18T10:46:58Z,CE35193F35A98837,18.4,queries/tpch/tpch-queries/q08/v1_materialized.sql,measured,2,4,5,3,0.818,352.165,24,9,2,1166966,2406,21790370,198560,2,_m;customer;nation;region;orders;lineitem;part;supplier,767161,0,0,0,0,0,0
2026-08-18T10:46:58Z,CE35193F35A98837,18.4,queries/tpch/tpch-queries/q08/v1_materialized.sql,measured,2,5,5,3,0.772,353.138,24,9,2,1166966,2406,21790370,198560,2,_m;customer;nation;region;orders;lineitem;part;supplier,767161,0,0,0,0,0,0
2026-08-18T10:47:00Z,CE35193F35A98837,18.4,queries/tpch/tpch-queries/q08/v1_materialized.sql,measured,3,1,5,3,1.698,391.340,24,9,2,1166966,2406,21790370,198560,2,_m;customer;nation;region;orders;lineitem;part;supplier,767161,0,0,0,0,0,0
2026-08-18T10:47:00Z,CE35193F35A98837,18.4,queries/tpch/tpch-queries/q08/v1_materialized.sql,measured,3,2,5,3,0.788,353.982,24,9,2,1166966,2406,21790370,198560,2,_m;customer;nation;region;orders;lineitem;part;supplier,767161,0,0,0,0,0,0
2026-08-18T10:47:00Z,CE35193F35A98837,18.4,queries/tpch/tpch-queries/q08/v1_materialized.sql,measured,3,3,5,3,0.784,355.253,24,9,2,1166966,2406,21790370,198560,2,_m;customer;nation;region;orders;lineitem;part;supplier,767161,0,0,0,0,0,0
2026-08-18T10:47:00Z,CE35193F35A98837,18.4,queries/tpch/tpch-queries/q08/v1_materialized.sql,measured,3,4,5,3,0.781,351.597,24,9,2,1166966,2406,21790370,198560,2,_m;customer;nation;region;orders;lineitem;part;supplier,767161,0,0,0,0,0,0
2026-08-18T10:47:00Z,CE35193F35A98837,18.4,queries/tpch/tpch-queries/q08/v1_materialized.sql,measured,3,5,5,3,0.774,349.001,24,9,2,1166966,2406,21790370,198560,2,_m;customer;nation;region;orders;lineitem;part;supplier,767161,0,0,0,0,0,0
2026-08-18T10:47:00Z,CE35193F35A98837,18.4,queries/tpch/tpch-queries/q08/v2_filter.sql,warmup,1,1,1,3,1.675,388.908,23,8,2,1166964,2406,21790242,198560,2,customer;nation;region;orders;lineitem;part;supplier,767161,0,0,0,0,0,0
2026-08-18T10:47:01Z,CE35193F35A98837,18.4,queries/tpch/tpch-queries/q08/v2_filter.sql,warmup,2,1,1,3,1.756,389.665,23,8,2,1166964,2406,21790242,198560,2,customer;nation;region;orders;lineitem;part;supplier,767161,0,0,0,0,0,0
2026-08-18T10:47:03Z,CE35193F35A98837,18.4,queries/tpch/tpch-queries/q08/v2_filter.sql,measured,1,1,5,3,1.676,393.419,23,8,2,1166964,2406,21790242,198560,2,customer;nation;region;orders;lineitem;part;supplier,767161,0,0,0,0,0,0
2026-08-18T10:47:03Z,CE35193F35A98837,18.4,queries/tpch/tpch-queries/q08/v2_filter.sql,measured,1,2,5,3,0.784,354.122,23,8,2,1166964,2406,21790242,198560,2,customer;nation;region;orders;lineitem;part;supplier,767161,0,0,0,0,0,0
2026-08-18T10:47:03Z,CE35193F35A98837,18.4,queries/tpch/tpch-queries/q08/v2_filter.sql,measured,1,3,5,3,0.757,353.126,23,8,2,1166964,2406,21790242,198560,2,customer;nation;region;orders;lineitem;part;supplier,767161,0,0,0,0,0,0
2026-08-18T10:47:03Z,CE35193F35A98837,18.4,queries/tpch/tpch-queries/q08/v2_filter.sql,measured,1,4,5,3,0.774,353.157,23,8,2,1166964,2406,21790242,198560,2,customer;nation;region;orders;lineitem;part;supplier,767161,0,0,0,0,0,0
2026-08-18T10:47:03Z,CE35193F35A98837,18.4,queries/tpch/tpch-queries/q08/v2_filter.sql,measured,1,5,5,3,0.756,353.441,23,8,2,1166964,2406,21790242,198560,2,customer;nation;region;orders;lineitem;part;supplier,767161,0,0,0,0,0,0
2026-08-18T10:47:05Z,CE35193F35A98837,18.4,queries/tpch/tpch-queries/q08/v2_filter.sql,measured,2,1,5,3,1.827,391.989,23,8,2,1166964,2406,21790242,198560,2,customer;nation;region;orders;lineitem;part;supplier,767161,0,0,0,0,0,0
2026-08-18T10:47:05Z,CE35193F35A98837,18.4,queries/tpch/tpch-queries/q08/v2_filter.sql,measured,2,2,5,3,0.766,356.183,23,8,2,1166964,2406,21790242,198560,2,customer;nation;region;orders;lineitem;part;supplier,767161,0,0,0,0,0,0
2026-08-18T10:47:05Z,CE35193F35A98837,18.4,queries/tpch/tpch-queries/q08/v2_filter.sql,measured,2,3,5,3,0.743,352.479,23,8,2,1166964,2406,21790242,198560,2,customer;nation;region;orders;lineitem;part;supplier,767161,0,0,0,0,0,0
2026-08-18T10:47:05Z,CE35193F35A98837,18.4,queries/tpch/tpch-queries/q08/v2_filter.sql,measured,2,4,5,3,0.747,352.229,23,8,2,1166964,2406,21790242,198560,2,customer;nation;region;orders;lineitem;part;supplier,767161,0,0,0,0,0,0
2026-08-18T10:47:05Z,CE35193F35A98837,18.4,queries/tpch/tpch-queries/q08/v2_filter.sql,measured,2,5,5,3,0.756,350.241,23,8,2,1166964,2406,21790242,198560,2,customer;nation;region;orders;lineitem;part;supplier,767161,0,0,0,0,0,0
2026-08-18T10:47:07Z,CE35193F35A98837,18.4,queries/tpch/tpch-queries/q08/v2_filter.sql,measured,3,1,5,3,1.674,389.283,23,8,2,1166964,2406,21790242,198560,2,customer;nation;region;orders;lineitem;part;supplier,767161,0,0,0,0,0,0
2026-08-18T10:47:07Z,CE35193F35A98837,18.4,queries/tpch/tpch-queries/q08/v2_filter.sql,measured,3,2,5,3,0.731,351.965,23,8,2,1166964,2406,21790242,198560,2,customer;nation;region;orders;lineitem;part;supplier,767161,0,0,0,0,0,0
2026-08-18T10:47:07Z,CE35193F35A98837,18.4,queries/tpch/tpch-queries/q08/v2_filter.sql,measured,3,3,5,3,0.757,351.241,23,8,2,1166964,2406,21790242,198560,2,customer;nation;region;orders;lineitem;part;supplier,767161,0,0,0,0,0,0
2026-08-18T10:47:07Z,CE35193F35A98837,18.4,queries/tpch/tpch-queries/q08/v2_filter.sql,measured,3,4,5,3,0.797,350.889,23,8,2,1166962,2406,21790234,66194,2,customer;nation;region;orders;lineitem;part;supplier,767161,0,0,0,0,0,0
2026-08-18T10:47:07Z,CE35193F35A98837,18.4,queries/tpch/tpch-queries/q08/v2_filter.sql,measured,3,5,5,3,0.756,348.975,23,8,2,1166964,2406,21790242,198560,2,customer;nation;region;orders;lineitem;part;supplier,767161,0,0,0,0,0,0
2026-08-18T10:47:08Z,CE35193F35A98837,18.4,queries/tpch/tpch-queries/q09/base.sql,warmup,1,1,1,3,2.037,896.665,19,6,175,11277551,73,337561758,47334,3,orders;partsupp;lineitem;part;supplier;nation,161362,0,0,0,0,0,0
2026-08-18T10:47:09Z,CE35193F35A98837,18.4,queries/tpch/tpch-queries/q09/base.sql,warmup,2,1,1,3,1.655,900.658,19,6,175,11277551,73,337561758,94668,3,orders;partsupp;lineitem;part;supplier;nation,161362,0,0,0,0,0,0
2026-08-18T10:47:13Z,CE35193F35A98837,18.4,queries/tpch/tpch-queries/q09/base.sql,measured,1,1,5,3,1.599,894.446,19,6,175,11277551,73,337561758,47334,3,orders;partsupp;lineitem;part;supplier;nation,161362,0,0,0,0,0,0
2026-08-18T10:47:13Z,CE35193F35A98837,18.4,queries/tpch/tpch-queries/q09/base.sql,measured,1,2,5,3,0.732,883.331,19,6,175,11277551,73,337561758,94668,3,orders;partsupp;lineitem;part;supplier;nation,161362,0,0,0,0,0,0
2026-08-18T10:47:13Z,CE35193F35A98837,18.4,queries/tpch/tpch-queries/q09/base.sql,measured,1,3,5,3,0.806,888.116,19,6,175,11277551,73,337561758,47334,3,orders;partsupp;lineitem;part;supplier;nation,161362,0,0,0,0,0,0
2026-08-18T10:47:13Z,CE35193F35A98837,18.4,queries/tpch/tpch-queries/q09/base.sql,measured,1,4,5,3,0.720,886.935,19,6,175,11277551,73,337561758,47334,3,orders;partsupp;lineitem;part;supplier;nation,161362,0,0,0,0,0,0
2026-08-18T10:47:13Z,CE35193F35A98837,18.4,queries/tpch/tpch-queries/q09/base.sql,measured,1,5,5,3,0.734,882.848,19,6,175,11277551,73,337561758,47334,3,orders;partsupp;lineitem;part;supplier;nation,161362,0,0,0,0,0,0
2026-08-18T10:47:18Z,CE35193F35A98837,18.4,queries/tpch/tpch-queries/q09/base.sql,measured,2,1,5,3,1.589,897.994,19,6,175,11277551,73,337561758,47334,3,orders;partsupp;lineitem;part;supplier;nation,161362,0,0,0,0,0,0
2026-08-18T10:47:18Z,CE35193F35A98837,18.4,queries/tpch/tpch-queries/q09/base.sql,measured,2,2,5,3,0.740,890.167,19,6,175,11277551,73,337561758,47334,3,orders;partsupp;lineitem;part;supplier;nation,161362,0,0,0,0,0,0
2026-08-18T10:47:18Z,CE35193F35A98837,18.4,queries/tpch/tpch-queries/q09/base.sql,measured,2,3,5,3,0.721,893.880,19,6,175,11277551,73,337561758,47334,3,orders;partsupp;lineitem;part;supplier;nation,161362,0,0,0,0,0,0
2026-08-18T10:47:18Z,CE35193F35A98837,18.4,queries/tpch/tpch-queries/q09/base.sql,measured,2,4,5,3,0.737,891.409,19,6,175,11277551,73,337561758,47334,3,orders;partsupp;lineitem;part;supplier;nation,161362,0,0,0,0,0,0
2026-08-18T10:47:18Z,CE35193F35A98837,18.4,queries/tpch/tpch-queries/q09/base.sql,measured,2,5,5,3,0.726,886.477,19,6,175,11277551,73,337561758,94668,3,orders;partsupp;lineitem;part;supplier;nation,161362,0,0,0,0,0,0
2026-08-18T10:47:22Z,CE35193F35A98837,18.4,queries/tpch/tpch-queries/q09/base.sql,measured,3,1,5,3,1.596,927.781,19,6,175,11277551,73,337561758,94668,3,orders;partsupp;lineitem;part;supplier;nation,161362,0,0,0,0,0,0
2026-08-18T10:47:22Z,CE35193F35A98837,18.4,queries/tpch/tpch-queries/q09/base.sql,measured,3,2,5,3,0.731,877.431,19,6,175,11277551,73,337561758,47334,3,orders;partsupp;lineitem;part;supplier;nation,161362,0,0,0,0,0,0
2026-08-18T10:47:22Z,CE35193F35A98837,18.4,queries/tpch/tpch-queries/q09/base.sql,measured,3,3,5,3,0.726,877.235,19,6,175,11277551,73,337561758,47334,3,orders;partsupp;lineitem;part;supplier;nation,161362,0,0,0,0,0,0
2026-08-18T10:47:22Z,CE35193F35A98837,18.4,queries/tpch/tpch-queries/q09/base.sql,measured,3,4,5,3,0.732,885.531,19,6,175,11277551,73,337561758,47334,3,orders;partsupp;lineitem;part;supplier;nation,161362,0,0,0,0,0,0
2026-08-18T10:47:22Z,CE35193F35A98837,18.4,queries/tpch/tpch-queries/q09/base.sql,measured,3,5,5,3,0.733,896.441,19,6,175,11277551,73,337561758,47334,3,orders;partsupp;lineitem;part;supplier;nation,161362,0,0,0,0,0,0
2026-08-18T10:47:23Z,CE35193F35A98837,18.4,queries/tpch/tpch-queries/q09/v1_materialized.sql,warmup,1,1,1,3,1.728,906.713,21,7,175,11277901,73,337620558,47334,3,orders;partsupp;lineitem;part;supplier;nation;_m,161362,0,0,0,0,0,0
2026-08-18T10:47:24Z,CE35193F35A98837,18.4,queries/tpch/tpch-queries/q09/v1_materialized.sql,warmup,2,1,1,3,1.636,910.784,21,7,175,11277901,73,337620558,47334,3,orders;partsupp;lineitem;part;supplier;nation;_m,161362,0,0,0,0,0,0
2026-08-18T10:47:29Z,CE35193F35A98837,18.4,queries/tpch/tpch-queries/q09/v1_materialized.sql,measured,1,1,5,3,1.630,917.742,21,7,175,11277901,73,337620558,47334,3,orders;partsupp;lineitem;part;supplier;nation;_m,161362,0,0,0,0,0,0
2026-08-18T10:47:29Z,CE35193F35A98837,18.4,queries/tpch/tpch-queries/q09/v1_materialized.sql,measured,1,2,5,3,0.742,912.620,21,7,175,11277901,73,337620558,47334,3,orders;partsupp;lineitem;part;supplier;nation;_m,161362,0,0,0,0,0,0
2026-08-18T10:47:29Z,CE35193F35A98837,18.4,queries/tpch/tpch-queries/q09/v1_materialized.sql,measured,1,3,5,3,0.765,901.295,21,7,175,11277901,73,337620558,47334,3,orders;partsupp;lineitem;part;supplier;nation;_m,161362,0,0,0,0,0,0
2026-08-18T10:47:29Z,CE35193F35A98837,18.4,queries/tpch/tpch-queries/q09/v1_materialized.sql,measured,1,4,5,3,0.735,895.060,21,7,175,11277901,73,337620558,47334,3,orders;partsupp;lineitem;part;supplier;nation;_m,161362,0,0,0,0,0,0
2026-08-18T10:47:29Z,CE35193F35A98837,18.4,queries/tpch/tpch-queries/q09/v1_materialized.sql,measured,1,5,5,3,0.750,906.060,21,7,175,11277901,73,337620558,47334,3,orders;partsupp;lineitem;part;supplier;nation;_m,161362,0,0,0,0,0,0
2026-08-18T10:47:34Z,CE35193F35A98837,18.4,queries/tpch/tpch-queries/q09/v1_materialized.sql,measured,2,1,5,3,1.805,931.286,21,7,175,11277901,73,337620558,47334,3,orders;partsupp;lineitem;part;supplier;nation;_m,161362,0,0,0,0,0,0
2026-08-18T10:47:34Z,CE35193F35A98837,18.4,queries/tpch/tpch-queries/q09/v1_materialized.sql,measured,2,2,5,3,0.749,906.308,21,7,175,11277901,73,337620558,47334,3,orders;partsupp;lineitem;part;supplier;nation;_m,161362,0,0,0,0,0,0
2026-08-18T10:47:34Z,CE35193F35A98837,18.4,queries/tpch/tpch-queries/q09/v1_materialized.sql,measured,2,3,5,3,0.742,913.737,21,7,175,11277901,73,337620558,47334,3,orders;partsupp;lineitem;part;supplier;nation;_m,161362,0,0,0,0,0,0
2026-08-18T10:47:34Z,CE35193F35A98837,18.4,queries/tpch/tpch-queries/q09/v1_materialized.sql,measured,2,4,5,3,0.753,923.078,21,7,175,11277901,73,337620558,47334,3,orders;partsupp;lineitem;part;supplier;nation;_m,161362,0,0,0,0,0,0
2026-08-18T10:47:34Z,CE35193F35A98837,18.4,queries/tpch/tpch-queries/q09/v1_materialized.sql,measured,2,5,5,3,0.756,906.938,21,7,175,11277901,73,337620558,47334,3,orders;partsupp;lineitem;part;supplier;nation;_m,161362,0,0,0,0,0,0
2026-08-18T10:47:38Z,CE35193F35A98837,18.4,queries/tpch/tpch-queries/q09/v1_materialized.sql,measured,3,1,5,3,1.744,919.853,21,7,175,11277901,73,337620558,47334,3,orders;partsupp;lineitem;part;supplier;nation;_m,161362,0,0,0,0,0,0
2026-08-18T10:47:38Z,CE35193F35A98837,18.4,queries/tpch/tpch-queries/q09/v1_materialized.sql,measured,3,2,5,3,0.751,904.780,21,7,175,11277901,73,337620558,47334,3,orders;partsupp;lineitem;part;supplier;nation;_m,161362,0,0,0,0,0,0
2026-08-18T10:47:38Z,CE35193F35A98837,18.4,queries/tpch/tpch-queries/q09/v1_materialized.sql,measured,3,3,5,3,0.753,892.061,21,7,175,11277899,73,337620550,63112,3,orders;partsupp;lineitem;part;supplier;nation;_m,161362,0,0,0,0,0,0
2026-08-18T10:47:38Z,CE35193F35A98837,18.4,queries/tpch/tpch-queries/q09/v1_materialized.sql,measured,3,4,5,3,0.749,884.332,21,7,175,11277901,73,337620558,94668,3,orders;partsupp;lineitem;part;supplier;nation;_m,161362,0,0,0,0,0,0
2026-08-18T10:47:38Z,CE35193F35A98837,18.4,queries/tpch/tpch-queries/q09/v1_materialized.sql,measured,3,5,5,3,0.749,888.009,21,7,175,11277901,73,337620558,94668,3,orders;partsupp;lineitem;part;supplier;nation;_m,161362,0,0,0,0,0,0
2026-08-18T10:47:39Z,CE35193F35A98837,18.4,queries/tpch/tpch-queries/q10/base.sql,warmup,1,1,1,3,1.256,260.088,13,4,20,968230,20,116306508,360735,3,orders;lineitem;customer;nation,261304,0,0,0,0,0,0
2026-08-18T10:47:39Z,CE35193F35A98837,18.4,queries/tpch/tpch-queries/q10/base.sql,warmup,2,1,1,3,1.563,271.814,13,4,20,968230,20,116306508,360735,3,orders;lineitem;customer;nation,261304,0,0,0,0,0,0
2026-08-18T10:47:40Z,CE35193F35A98837,18.4,queries/tpch/tpch-queries/q10/base.sql,measured,1,1,5,3,1.225,264.217,13,4,20,968230,20,116306508,360735,3,orders;lineitem;customer;nation,261304,0,0,0,0,0,0
2026-08-18T10:47:40Z,CE35193F35A98837,18.4,queries/tpch/tpch-queries/q10/base.sql,measured,1,2,5,3,0.407,248.198,13,4,20,968230,20,116306508,360735,3,orders;lineitem;customer;nation,261301,0,0,0,0,0,0
2026-08-18T10:47:40Z,CE35193F35A98837,18.4,queries/tpch/tpch-queries/q10/base.sql,measured,1,3,5,3,0.420,250.631,13,4,20,968230,20,116306508,360735,3,orders;lineitem;customer;nation,261301,0,0,0,0,0,0
2026-08-18T10:47:40Z,CE35193F35A98837,18.4,queries/tpch/tpch-queries/q10/base.sql,measured,1,4,5,3,0.439,250.024,13,4,20,968230,20,116306508,360735,3,orders;lineitem;customer;nation,261301,0,0,0,0,0,0
2026-08-18T10:47:40Z,CE35193F35A98837,18.4,queries/tpch/tpch-queries/q10/base.sql,measured,1,5,5,3,0.407,250.893,13,4,20,968230,20,116306508,360735,3,orders;lineitem;customer;nation,261301,0,0,0,0,0,0
2026-08-18T10:47:42Z,CE35193F35A98837,18.4,queries/tpch/tpch-queries/q10/base.sql,measured,2,1,5,3,1.436,304.347,13,4,20,968230,20,116306508,360735,3,orders;lineitem;customer;nation,261304,0,0,0,0,0,0
2026-08-18T10:47:42Z,CE35193F35A98837,18.4,queries/tpch/tpch-queries/q10/base.sql,measured,2,2,5,3,0.400,250.168,13,4,20,968230,20,116306508,360735,3,orders;lineitem;customer;nation,261301,0,0,0,0,0,0
2026-08-18T10:47:42Z,CE35193F35A98837,18.4,queries/tpch/tpch-queries/q10/base.sql,measured,2,3,5,3,0.419,249.145,13,4,20,968230,20,116306508,360735,3,orders;lineitem;customer;nation,261301,0,0,0,0,0,0
2026-08-18T10:47:42Z,CE35193F35A98837,18.4,queries/tpch/tpch-queries/q10/base.sql,measured,2,4,5,3,0.422,251.805,13,4,20,968230,20,116306508,360735,3,orders;lineitem;customer;nation,261301,0,0,0,0,0,0
2026-08-18T10:47:42Z,CE35193F35A98837,18.4,queries/tpch/tpch-queries/q10/base.sql,measured,2,5,5,3,0.411,247.864,13,4,20,968230,20,116306508,360735,3,orders;lineitem;customer;nation,261301,0,0,0,0,0,0
2026-08-18T10:47:43Z,CE35193F35A98837,18.4,queries/tpch/tpch-queries/q10/base.sql,measured,3,1,5,3,1.440,302.314,13,4,20,968230,20,116306508,360735,3,orders;lineitem;customer;nation,261304,0,0,0,0,0,0
2026-08-18T10:47:43Z,CE35193F35A98837,18.4,queries/tpch/tpch-queries/q10/base.sql,measured,3,2,5,3,0.446,250.412,13,4,20,968230,20,116306508,360735,3,orders;lineitem;customer;nation,261301,0,0,0,0,0,0
2026-08-18T10:47:43Z,CE35193F35A98837,18.4,queries/tpch/tpch-queries/q10/base.sql,measured,3,3,5,3,0.429,250.472,13,4,20,968230,20,116306508,360735,3,orders;lineitem;customer;nation,261301,0,0,0,0,0,0
2026-08-18T10:47:43Z,CE35193F35A98837,18.4,queries/tpch/tpch-queries/q10/base.sql,measured,3,4,5,3,0.414,253.763,13,4,20,968230,20,116306508,360735,3,orders;lineitem;customer;nation,261301,0,0,0,0,0,0
2026-08-18T10:47:43Z,CE35193F35A98837,18.4,queries/tpch/tpch-queries/q10/base.sql,measured,3,5,5,3,0.446,253.513,13,4,20,968230,20,116306508,360735,3,orders;lineitem;customer;nation,261301,0,0,0,0,0,0
2026-08-18T10:47:43Z,CE35193F35A98837,18.4,queries/tpch/tpch-queries/q10/v1_materialized.sql,warmup,1,1,1,3,1.249,298.581,14,5,20,1006197,20,140622908,360735,3,orders;lineitem;customer;nation;_m,261304,0,0,0,0,0,0
2026-08-18T10:47:44Z,CE35193F35A98837,18.4,queries/tpch/tpch-queries/q10/v1_materialized.sql,warmup,2,1,1,3,1.401,299.860,14,5,20,1006197,20,140622908,360735,3,orders;lineitem;customer;nation;_m,261304,0,0,0,0,0,0
2026-08-18T10:47:45Z,CE35193F35A98837,18.4,queries/tpch/tpch-queries/q10/v1_materialized.sql,measured,1,1,5,3,1.667,288.582,14,5,20,1006197,20,140622908,360735,3,orders;lineitem;customer;nation;_m,261304,0,0,0,0,0,0
2026-08-18T10:47:45Z,CE35193F35A98837,18.4,queries/tpch/tpch-queries/q10/v1_materialized.sql,measured,1,2,5,3,0.353,260.899,14,5,20,1006197,20,140622908,360735,3,orders;lineitem;customer;nation;_m,261301,0,0,0,0,0,0
2026-08-18T10:47:45Z,CE35193F35A98837,18.4,queries/tpch/tpch-queries/q10/v1_materialized.sql,measured,1,3,5,3,0.358,263.235,14,5,20,1006197,20,140622908,360735,3,orders;lineitem;customer;nation;_m,261301,0,0,0,0,0,0
2026-08-18T10:47:45Z,CE35193F35A98837,18.4,queries/tpch/tpch-queries/q10/v1_materialized.sql,measured,1,4,5,3,0.380,262.609,14,5,20,1006197,20,140622908,360735,3,orders;lineitem;customer;nation;_m,261301,0,0,0,0,0,0
2026-08-18T10:47:45Z,CE35193F35A98837,18.4,queries/tpch/tpch-queries/q10/v1_materialized.sql,measured,1,5,5,3,0.376,275.930,14,5,20,1006197,20,140622908,360735,3,orders;lineitem;customer;nation;_m,261301,0,0,0,0,0,0
2026-08-18T10:47:47Z,CE35193F35A98837,18.4,queries/tpch/tpch-queries/q10/v1_materialized.sql,measured,2,1,5,3,1.917,306.250,14,5,20,1006197,20,140622908,360735,3,orders;lineitem;customer;nation;_m,261304,0,0,0,0,0,0
2026-08-18T10:47:47Z,CE35193F35A98837,18.4,queries/tpch/tpch-queries/q10/v1_materialized.sql,measured,2,2,5,3,0.363,275.778,14,5,20,1006197,20,140622908,360735,3,orders;lineitem;customer;nation;_m,261301,0,0,0,0,0,0
2026-08-18T10:47:47Z,CE35193F35A98837,18.4,queries/tpch/tpch-queries/q10/v1_materialized.sql,measured,2,3,5,3,0.402,287.099,14,5,20,1006197,20,140622908,360735,3,orders;lineitem;customer;nation;_m,261301,0,0,0,0,0,0
2026-08-18T10:47:47Z,CE35193F35A98837,18.4,queries/tpch/tpch-queries/q10/v1_materialized.sql,measured,2,4,5,3,0.400,285.056,14,5,20,1006197,20,140622908,360735,3,orders;lineitem;customer;nation;_m,261301,0,0,0,0,0,0
2026-08-18T10:47:47Z,CE35193F35A98837,18.4,queries/tpch/tpch-queries/q10/v1_materialized.sql,measured,2,5,5,3,0.390,285.880,14,5,20,1006197,20,140622908,360735,3,orders;lineitem;customer;nation;_m,261301,0,0,0,0,0,0
2026-08-18T10:47:48Z,CE35193F35A98837,18.4,queries/tpch/tpch-queries/q10/v1_materialized.sql,measured,3,1,5,3,1.680,299.635,14,5,20,1006197,20,140622908,360735,3,orders;lineitem;customer;nation;_m,261304,0,0,0,0,0,0
2026-08-18T10:47:48Z,CE35193F35A98837,18.4,queries/tpch/tpch-queries/q10/v1_materialized.sql,measured,3,2,5,3,0.387,278.010,14,5,20,1006197,20,140622908,360735,3,orders;lineitem;customer;nation;_m,261301,0,0,0,0,0,0
2026-08-18T10:47:48Z,CE35193F35A98837,18.4,queries/tpch/tpch-queries/q10/v1_materialized.sql,measured,3,3,5,3,0.392,285.055,14,5,20,1006197,20,140622908,360735,3,orders;lineitem;customer;nation;_m,261301,0,0,0,0,0,0
2026-08-18T10:47:48Z,CE35193F35A98837,18.4,queries/tpch/tpch-queries/q10/v1_materialized.sql,measured,3,4,5,3,0.412,284.481,14,5,20,1006197,20,140622908,360735,3,orders;lineitem;customer;nation;_m,261301,0,0,0,0,0,0
2026-08-18T10:47:48Z,CE35193F35A98837,18.4,queries/tpch/tpch-queries/q10/v1_materialized.sql,measured,3,5,5,3,0.405,284.824,14,5,20,1006197,20,140622908,360735,3,orders;lineitem;customer;nation;_m,261301,0,0,0,0,0,0
2026-08-18T10:47:49Z,CE35193F35A98837,18.4,queries/tpch/tpch-queries/q11/base.sql,warmup,1,1,1,3,0.806,115.213,20,6,1048,1783497,10667,27544992,28818,3,partsupp;supplier;nation,36915,0,0,0,0,0,0
2026-08-18T10:47:49Z,CE35193F35A98837,18.4,queries/tpch/tpch-queries/q11/base.sql,warmup,2,1,1,3,0.805,110.699,20,6,1048,1783497,10667,27544992,28818,3,partsupp;supplier;nation,36915,0,0,0,0,0,0
2026-08-18T10:47:49Z,CE35193F35A98837,18.4,queries/tpch/tpch-queries/q11/base.sql,measured,1,1,5,3,0.643,87.987,20,6,1048,1783497,10667,27544992,28818,3,partsupp;supplier;nation,36915,0,0,0,0,0,0
2026-08-18T10:47:49Z,CE35193F35A98837,18.4,queries/tpch/tpch-queries/q11/base.sql,measured,1,2,5,3,0.194,86.522,20,6,1048,1783497,10667,27544992,28818,3,partsupp;supplier;nation,36912,0,0,0,0,0,0
2026-08-18T10:47:49Z,CE35193F35A98837,18.4,queries/tpch/tpch-queries/q11/base.sql,measured,1,3,5,3,0.178,81.622,20,6,1048,1783497,10667,27544992,28818,3,partsupp;supplier;nation,36912,0,0,0,0,0,0
2026-08-18T10:47:49Z,CE35193F35A98837,18.4,queries/tpch/tpch-queries/q11/base.sql,measured,1,4,5,3,0.180,75.665,20,6,1048,1783497,10667,27544992,28818,3,partsupp;supplier;nation,36912,0,0,0,0,0,0
2026-08-18T10:47:49Z,CE35193F35A98837,18.4,queries/tpch/tpch-queries/q11/base.sql,measured,1,5,5,3,0.193,75.693,20,6,1048,1783497,10667,27544992,28818,3,partsupp;supplier;nation,36912,0,0,0,0,0,0
2026-08-18T10:47:50Z,CE35193F35A98837,18.4,queries/tpch/tpch-queries/q11/base.sql,measured,2,1,5,3,0.873,116.007,20,6,1048,1783497,10667,27544992,28818,3,partsupp;supplier;nation,36915,0,0,0,0,0,0
2026-08-18T10:47:50Z,CE35193F35A98837,18.4,queries/tpch/tpch-queries/q11/base.sql,measured,2,2,5,3,0.270,94.726,20,6,1048,1783497,10667,27544992,28818,3,partsupp;supplier;nation,36912,0,0,0,0,0,0
2026-08-18T10:47:50Z,CE35193F35A98837,18.4,queries/tpch/tpch-queries/q11/base.sql,measured,2,3,5,3,0.183,73.899,20,6,1048,1783497,10667,27544992,28818,3,partsupp;supplier;nation,36912,0,0,0,0,0,0
2026-08-18T10:47:50Z,CE35193F35A98837,18.4,queries/tpch/tpch-queries/q11/base.sql,measured,2,4,5,3,0.185,75.716,20,6,1048,1783497,10667,27544992,28818,3,partsupp;supplier;nation,36912,0,0,0,0,0,0
2026-08-18T10:47:50Z,CE35193F35A98837,18.4,queries/tpch/tpch-queries/q11/base.sql,measured,2,5,5,3,0.185,75.841,20,6,1048,1783497,10667,27544992,28818,3,partsupp;supplier;nation,36912,0,0,0,0,0,0
2026-08-18T10:47:50Z,CE35193F35A98837,18.4,queries/tpch/tpch-queries/q11/base.sql,measured,3,1,5,3,0.980,118.893,20,6,1048,1783497,10667,27544992,28818,3,partsupp;supplier;nation,36915,0,0,0,0,0,0
2026-08-18T10:47:50Z,CE35193F35A98837,18.4,queries/tpch/tpch-queries/q11/base.sql,measured,3,2,5,3,0.193,74.270,20,6,1048,1783497,10667,27544992,28818,3,partsupp;supplier;nation,36912,0,0,0,0,0,0
2026-08-18T10:47:50Z,CE35193F35A98837,18.4,queries/tpch/tpch-queries/q11/base.sql,measured,3,3,5,3,0.196,75.160,20,6,1048,1783497,10667,27544992,28818,3,partsupp;supplier;nation,36912,0,0,0,0,0,0
2026-08-18T10:47:50Z,CE35193F35A98837,18.4,queries/tpch/tpch-queries/q11/base.sql,measured,3,4,5,3,0.192,76.215,20,6,1048,1783497,10667,27544992,28818,3,partsupp;supplier;nation,36912,0,0,0,0,0,0
2026-08-18T10:47:50Z,CE35193F35A98837,18.4,queries/tpch/tpch-queries/q11/base.sql,measured,3,5,5,3,0.201,76.287,20,6,1048,1783497,10667,27544992,28818,3,partsupp;supplier;nation,36912,0,0,0,0,0,0
2026-08-18T10:47:51Z,CE35193F35A98837,18.4,queries/tpch/tpch-queries/q11/v1_materialized.sql,warmup,1,1,1,3,0.832,108.674,21,7,1048,1784545,10667,27582720,28818,3,partsupp;supplier;nation;_m,36915,0,0,0,0,0,0
2026-08-18T10:47:51Z,CE35193F35A98837,18.4,queries/tpch/tpch-queries/q11/v1_materialized.sql,warmup,2,1,1,3,0.792,87.537,21,7,1048,1784545,10667,27582720,28818,3,partsupp;supplier;nation;_m,36915,0,0,0,0,0,0
2026-08-18T10:47:51Z,CE35193F35A98837,18.4,queries/tpch/tpch-queries/q11/v1_materialized.sql,measured,1,1,5,3,1.060,111.409,21,7,1048,1784545,10667,27582720,28818,3,partsupp;supplier;nation;_m,36915,0,0,0,0,0,0
2026-08-18T10:47:51Z,CE35193F35A98837,18.4,queries/tpch/tpch-queries/q11/v1_materialized.sql,measured,1,2,5,3,0.196,80.079,21,7,1048,1784545,10667,27582720,28818,3,partsupp;supplier;nation;_m,36912,0,0,0,0,0,0
2026-08-18T10:47:51Z,CE35193F35A98837,18.4,queries/tpch/tpch-queries/q11/v1_materialized.sql,measured,1,3,5,3,0.197,85.775,21,7,1048,1784545,10667,27582720,28818,3,partsupp;supplier;nation;_m,36912,0,0,0,0,0,0
2026-08-18T10:47:51Z,CE35193F35A98837,18.4,queries/tpch/tpch-queries/q11/v1_materialized.sql,measured,1,4,5,3,0.192,86.699,21,7,1048,1784545,10667,27582720,28818,3,partsupp;supplier;nation;_m,36912,0,0,0,0,0,0
2026-08-18T10:47:51Z,CE35193F35A98837,18.4,queries/tpch/tpch-queries/q11/v1_materialized.sql,measured,1,5,5,3,0.191,86.881,21,7,1048,1784545,10667,27582720,28818,3,partsupp;supplier;nation;_m,36912,0,0,0,0,0,0
2026-08-18T10:47:52Z,CE35193F35A98837,18.4,queries/tpch/tpch-queries/q11/v1_materialized.sql,measured,2,1,5,3,1.083,137.944,21,7,1048,1784545,10667,27582720,28818,3,partsupp;supplier;nation;_m,36915,0,0,0,0,0,0
2026-08-18T10:47:52Z,CE35193F35A98837,18.4,queries/tpch/tpch-queries/q11/v1_materialized.sql,measured,2,2,5,3,0.231,85.245,21,7,1048,1784545,10667,27582720,28818,3,partsupp;supplier;nation;_m,36912,0,0,0,0,0,0
2026-08-18T10:47:52Z,CE35193F35A98837,18.4,queries/tpch/tpch-queries/q11/v1_materialized.sql,measured,2,3,5,3,0.278,73.371,21,7,1048,1784545,10667,27582720,28818,3,partsupp;supplier;nation;_m,36912,0,0,0,0,0,0
2026-08-18T10:47:52Z,CE35193F35A98837,18.4,queries/tpch/tpch-queries/q11/v1_materialized.sql,measured,2,4,5,3,0.223,75.162,21,7,1048,1784545,10667,27582720,28818,3,partsupp;supplier;nation;_m,36912,0,0,0,0,0,0
2026-08-18T10:47:52Z,CE35193F35A98837,18.4,queries/tpch/tpch-queries/q11/v1_materialized.sql,measured,2,5,5,3,0.230,75.595,21,7,1048,1784545,10667,27582720,28818,3,partsupp;supplier;nation;_m,36912,0,0,0,0,0,0
2026-08-18T10:47:52Z,CE35193F35A98837,18.4,queries/tpch/tpch-queries/q11/v1_materialized.sql,measured,3,1,5,3,0.827,103.432,21,7,1048,1784545,10667,27582720,28818,3,partsupp;supplier;nation;_m,36915,0,0,0,0,0,0
2026-08-18T10:47:52Z,CE35193F35A98837,18.4,queries/tpch/tpch-queries/q11/v1_materialized.sql,measured,3,2,5,3,0.260,84.045,21,7,1048,1784545,10667,27582720,28818,3,partsupp;supplier;nation;_m,36912,0,0,0,0,0,0
2026-08-18T10:47:52Z,CE35193F35A98837,18.4,queries/tpch/tpch-queries/q11/v1_materialized.sql,measured,3,3,5,3,0.191,86.848,21,7,1048,1784545,10667,27582720,28818,3,partsupp;supplier;nation;_m,36912,0,0,0,0,0,0
2026-08-18T10:47:52Z,CE35193F35A98837,18.4,queries/tpch/tpch-queries/q11/v1_materialized.sql,measured,3,4,5,3,0.195,88.376,21,7,1048,1784545,10667,27582720,28818,3,partsupp;supplier;nation;_m,36912,0,0,0,0,0,0
2026-08-18T10:47:52Z,CE35193F35A98837,18.4,queries/tpch/tpch-queries/q11/v1_materialized.sql,measured,3,5,5,3,0.195,89.043,21,7,1048,1784545,10667,27582720,28818,3,partsupp;supplier;nation;_m,36912,0,0,0,0,0,0
2026-08-18T10:47:53Z,CE35193F35A98837,18.4,queries/tpch/tpch-queries/q11/v2_cte_threshold.sql,warmup,1,1,1,3,1.187,131.636,20,6,1048,1783497,10667,27544992,28818,3,partsupp;supplier;nation,36915,0,0,0,0,0,0
2026-08-18T10:47:53Z,CE35193F35A98837,18.4,queries/tpch/tpch-queries/q11/v2_cte_threshold.sql,warmup,2,1,1,3,1.001,117.565,20,6,1048,1783497,10667,27544992,28818,3,partsupp;supplier;nation,36915,0,0,0,0,0,0
2026-08-18T10:47:53Z,CE35193F35A98837,18.4,queries/tpch/tpch-queries/q11/v2_cte_threshold.sql,measured,1,1,5,3,0.646,83.870,20,6,1048,1783497,10667,27544992,28818,3,partsupp;supplier;nation,36915,0,0,0,0,0,0
2026-08-18T10:47:53Z,CE35193F35A98837,18.4,queries/tpch/tpch-queries/q11/v2_cte_threshold.sql,measured,1,2,5,3,0.209,81.801,20,6,1048,1783497,10667,27544992,28818,3,partsupp;supplier;nation,36912,0,0,0,0,0,0
2026-08-18T10:47:53Z,CE35193F35A98837,18.4,queries/tpch/tpch-queries/q11/v2_cte_threshold.sql,measured,1,3,5,3,0.200,75.210,20,6,1048,1783497,10667,27544992,28818,3,partsupp;supplier;nation,36912,0,0,0,0,0,0
2026-08-18T10:47:53Z,CE35193F35A98837,18.4,queries/tpch/tpch-queries/q11/v2_cte_threshold.sql,measured,1,4,5,3,0.200,76.370,20,6,1048,1783497,10667,27544992,28818,3,partsupp;supplier;nation,36912,0,0,0,0,0,0
2026-08-18T10:47:53Z,CE35193F35A98837,18.4,queries/tpch/tpch-queries/q11/v2_cte_threshold.sql,measured,1,5,5,3,0.223,85.215,20,6,1048,1783497,10667,27544992,28818,3,partsupp;supplier;nation,36912,0,0,0,0,0,0
2026-08-18T10:47:54Z,CE35193F35A98837,18.4,queries/tpch/tpch-queries/q11/v2_cte_threshold.sql,measured,2,1,5,3,1.023,141.034,20,6,1048,1783497,10667,27544992,28818,3,partsupp;supplier;nation,36915,0,0,0,0,0,0
2026-08-18T10:47:54Z,CE35193F35A98837,18.4,queries/tpch/tpch-queries/q11/v2_cte_threshold.sql,measured,2,2,5,3,0.227,82.163,20,6,1048,1783497,10667,27544992,28818,3,partsupp;supplier;nation,36912,0,0,0,0,0,0
2026-08-18T10:47:54Z,CE35193F35A98837,18.4,queries/tpch/tpch-queries/q11/v2_cte_threshold.sql,measured,2,3,5,3,0.194,73.915,20,6,1048,1783497,10667,27544992,28818,3,partsupp;supplier;nation,36912,0,0,0,0,0,0
2026-08-18T10:47:54Z,CE35193F35A98837,18.4,queries/tpch/tpch-queries/q11/v2_cte_threshold.sql,measured,2,4,5,3,0.203,75.307,20,6,1048,1783497,10667,27544992,28818,3,partsupp;supplier;nation,36912,0,0,0,0,0,0
2026-08-18T10:47:54Z,CE35193F35A98837,18.4,queries/tpch/tpch-queries/q11/v2_cte_threshold.sql,measured,2,5,5,3,0.217,75.397,20,6,1048,1783497,10667,27544992,28818,3,partsupp;supplier;nation,36912,0,0,0,0,0,0
2026-08-18T10:47:54Z,CE35193F35A98837,18.4,queries/tpch/tpch-queries/q11/v2_cte_threshold.sql,measured,3,1,5,3,0.639,89.527,20,6,1048,1783497,10667,27544992,28818,3,partsupp;supplier;nation,36915,0,0,0,0,0,0
2026-08-18T10:47:54Z,CE35193F35A98837,18.4,queries/tpch/tpch-queries/q11/v2_cte_threshold.sql,measured,3,2,5,3,0.199,84.584,20,6,1048,1783497,10667,27544992,28818,3,partsupp;supplier;nation,36912,0,0,0,0,0,0
2026-08-18T10:47:54Z,CE35193F35A98837,18.4,queries/tpch/tpch-queries/q11/v2_cte_threshold.sql,measured,3,3,5,3,0.212,75.572,20,6,1048,1783497,10667,27544992,28818,3,partsupp;supplier;nation,36912,0,0,0,0,0,0
2026-08-18T10:47:54Z,CE35193F35A98837,18.4,queries/tpch/tpch-queries/q11/v2_cte_threshold.sql,measured,3,4,5,3,0.197,76.000,20,6,1048,1783497,10667,27544992,28818,3,partsupp;supplier;nation,36912,0,0,0,0,0,0
2026-08-18T10:47:54Z,CE35193F35A98837,18.4,queries/tpch/tpch-queries/q11/v2_cte_threshold.sql,measured,3,5,5,3,0.199,76.352,20,6,1048,1783497,10667,27544992,28818,3,partsupp;supplier;nation,36912,0,0,0,0,0,0
2026-08-18T10:47:55Z,CE35193F35A98837,18.4,queries/tpch/tpch-queries/q12/base.sql,warmup,1,1,1,3,1.076,477.414,8,2,2,1623970,7,32603478,1492557,3,orders;lineitem,138757,0,0,0,0,0,0
2026-08-18T10:47:55Z,CE35193F35A98837,18.4,queries/tpch/tpch-queries/q12/base.sql,warmup,2,1,1,3,0.755,433.325,8,2,2,1623970,7,32603478,1492557,3,orders;lineitem,138757,0,0,0,0,0,0
2026-08-18T10:47:58Z,CE35193F35A98837,18.4,queries/tpch/tpch-queries/q12/base.sql,measured,1,1,5,3,1.003,471.789,8,2,2,1623970,7,32603478,1492557,3,orders;lineitem,138757,0,0,0,0,0,0
2026-08-18T10:47:58Z,CE35193F35A98837,18.4,queries/tpch/tpch-queries/q12/base.sql,measured,1,2,5,3,0.164,432.575,8,2,2,1623970,7,32603478,1492557,3,orders;lineitem,138757,0,0,0,0,0,0
2026-08-18T10:47:58Z,CE35193F35A98837,18.4,queries/tpch/tpch-queries/q12/base.sql,measured,1,3,5,3,0.190,468.947,8,2,2,1623970,7,32603478,1492557,3,orders;lineitem,138757,0,0,0,0,0,0
2026-08-18T10:47:58Z,CE35193F35A98837,18.4,queries/tpch/tpch-queries/q12/base.sql,measured,1,4,5,3,0.192,465.335,8,2,2,1623970,7,32603478,1492557,3,orders;lineitem,138757,0,0,0,0,0,0
2026-08-18T10:47:58Z,CE35193F35A98837,18.4,queries/tpch/tpch-queries/q12/base.sql,measured,1,5,5,3,0.192,467.777,8,2,2,1623970,7,32603478,1492557,3,orders;lineitem,138757,0,0,0,0,0,0
2026-08-18T10:48:00Z,CE35193F35A98837,18.4,queries/tpch/tpch-queries/q12/base.sql,measured,2,1,5,3,1.252,480.286,8,2,2,1623970,7,32603478,1492557,3,orders;lineitem,138757,0,0,0,0,0,0
2026-08-18T10:48:00Z,CE35193F35A98837,18.4,queries/tpch/tpch-queries/q12/base.sql,measured,2,2,5,3,0.190,466.497,8,2,2,1623970,7,32603478,1492557,3,orders;lineitem,138757,0,0,0,0,0,0
2026-08-18T10:48:00Z,CE35193F35A98837,18.4,queries/tpch/tpch-queries/q12/base.sql,measured,2,3,5,3,0.190,466.165,8,2,2,1623970,7,32603478,1492557,3,orders;lineitem,138757,0,0,0,0,0,0
2026-08-18T10:48:00Z,CE35193F35A98837,18.4,queries/tpch/tpch-queries/q12/base.sql,measured,2,4,5,3,0.192,471.114,8,2,2,1623970,7,32603478,1492557,3,orders;lineitem,138757,0,0,0,0,0,0
2026-08-18T10:48:00Z,CE35193F35A98837,18.4,queries/tpch/tpch-queries/q12/base.sql,measured,2,5,5,3,0.191,464.381,8,2,2,1623970,7,32603478,1492557,3,orders;lineitem,138757,0,0,0,0,0,0
2026-08-18T10:48:03Z,CE35193F35A98837,18.4,queries/tpch/tpch-queries/q12/base.sql,measured,3,1,5,3,0.999,481.942,8,2,2,1623970,7,32603478,1492557,3,orders;lineitem,138757,0,0,0,0,0,0
2026-08-18T10:48:03Z,CE35193F35A98837,18.4,queries/tpch/tpch-queries/q12/base.sql,measured,3,2,5,3,0.188,466.705,8,2,2,1623970,7,32603478,1492557,3,orders;lineitem,138757,0,0,0,0,0,0
2026-08-18T10:48:03Z,CE35193F35A98837,18.4,queries/tpch/tpch-queries/q12/base.sql,measured,3,3,5,3,0.191,470.106,8,2,2,1623970,7,32603478,1492557,3,orders;lineitem,138757,0,0,0,0,0,0
2026-08-18T10:48:03Z,CE35193F35A98837,18.4,queries/tpch/tpch-queries/q12/base.sql,measured,3,4,5,3,0.192,466.666,8,2,2,1623970,7,32603478,1492557,3,orders;lineitem,138757,0,0,0,0,0,0
2026-08-18T10:48:03Z,CE35193F35A98837,18.4,queries/tpch/tpch-queries/q12/base.sql,measured,3,5,5,3,0.191,468.100,8,2,2,1623970,7,32603478,1492557,3,orders;lineitem,138757,0,0,0,0,0,0
2026-08-18T10:48:03Z,CE35193F35A98837,18.4,queries/tpch/tpch-queries/q12/v1_materialized.sql,warmup,1,1,1,3,1.042,483.732,9,3,2,1623972,7,32603598,1492557,3,_m;orders;lineitem,138757,0,0,0,0,0,0
2026-08-18T10:48:04Z,CE35193F35A98837,18.4,queries/tpch/tpch-queries/q12/v1_materialized.sql,warmup,2,1,1,3,1.255,487.655,9,3,2,1623972,7,32603598,1492557,3,_m;orders;lineitem,138757,0,0,0,0,0,0
2026-08-18T10:48:06Z,CE35193F35A98837,18.4,queries/tpch/tpch-queries/q12/v1_materialized.sql,measured,1,1,5,3,1.216,467.058,9,3,2,1623972,7,32603598,1492557,3,_m;orders;lineitem,138757,0,0,0,0,0,0
2026-08-18T10:48:06Z,CE35193F35A98837,18.4,queries/tpch/tpch-queries/q12/v1_materialized.sql,measured,1,2,5,3,0.207,470.288,9,3,2,1623972,7,32603598,1492557,3,_m;orders;lineitem,138757,0,0,0,0,0,0
2026-08-18T10:48:06Z,CE35193F35A98837,18.4,queries/tpch/tpch-queries/q12/v1_materialized.sql,measured,1,3,5,3,0.211,470.969,9,3,2,1623972,7,32603598,1492557,3,_m;orders;lineitem,138757,0,0,0,0,0,0
2026-08-18T10:48:06Z,CE35193F35A98837,18.4,queries/tpch/tpch-queries/q12/v1_materialized.sql,measured,1,4,5,3,0.215,474.241,9,3,2,1623972,7,32603598,1492557,3,_m;orders;lineitem,138757,0,0,0,0,0,0
2026-08-18T10:48:06Z,CE35193F35A98837,18.4,queries/tpch/tpch-queries/q12/v1_materialized.sql,measured,1,5,5,3,0.214,472.770,9,3,2,1623972,7,32603598,1492557,3,_m;orders;lineitem,138757,0,0,0,0,0,0
2026-08-18T10:48:09Z,CE35193F35A98837,18.4,queries/tpch/tpch-queries/q12/v1_materialized.sql,measured,2,1,5,3,1.046,476.420,9,3,2,1623972,7,32603598,1492557,3,_m;orders;lineitem,138757,0,0,0,0,0,0
2026-08-18T10:48:09Z,CE35193F35A98837,18.4,queries/tpch/tpch-queries/q12/v1_materialized.sql,measured,2,2,5,3,0.214,472.536,9,3,2,1623972,7,32603598,1492557,3,_m;orders;lineitem,138757,0,0,0,0,0,0
2026-08-18T10:48:09Z,CE35193F35A98837,18.4,queries/tpch/tpch-queries/q12/v1_materialized.sql,measured,2,3,5,3,0.213,471.516,9,3,2,1623972,7,32603598,1492557,3,_m;orders;lineitem,138757,0,0,0,0,0,0
2026-08-18T10:48:09Z,CE35193F35A98837,18.4,queries/tpch/tpch-queries/q12/v1_materialized.sql,measured,2,4,5,3,0.214,475.160,9,3,2,1623972,7,32603598,1492557,3,_m;orders;lineitem,138757,0,0,0,0,0,0
2026-08-18T10:48:09Z,CE35193F35A98837,18.4,queries/tpch/tpch-queries/q12/v1_materialized.sql,measured,2,5,5,3,0.213,468.722,9,3,2,1623972,7,32603598,1492557,3,_m;orders;lineitem,138757,0,0,0,0,0,0
2026-08-18T10:48:11Z,CE35193F35A98837,18.4,queries/tpch/tpch-queries/q12/v1_materialized.sql,measured,3,1,5,3,1.280,481.962,9,3,2,1623972,7,32603598,1492557,3,_m;orders;lineitem,138757,0,0,0,0,0,0
2026-08-18T10:48:11Z,CE35193F35A98837,18.4,queries/tpch/tpch-queries/q12/v1_materialized.sql,measured,3,2,5,3,0.209,474.695,9,3,2,1623972,7,32603598,1492557,3,_m;orders;lineitem,138757,0,0,0,0,0,0
2026-08-18T10:48:11Z,CE35193F35A98837,18.4,queries/tpch/tpch-queries/q12/v1_materialized.sql,measured,3,3,5,3,0.212,471.692,9,3,2,1623972,7,32603598,1492557,3,_m;orders;lineitem,138757,0,0,0,0,0,0
2026-08-18T10:48:11Z,CE35193F35A98837,18.4,queries/tpch/tpch-queries/q12/v1_materialized.sql,measured,3,4,5,3,0.213,470.747,9,3,2,1623972,7,32603598,1492557,3,_m;orders;lineitem,138757,0,0,0,0,0,0
2026-08-18T10:48:11Z,CE35193F35A98837,18.4,queries/tpch/tpch-queries/q12/v1_materialized.sql,measured,3,5,5,3,0.223,468.876,9,3,2,1623972,7,32603598,1492557,3,_m;orders;lineitem,138757,0,0,0,0,0,0
2026-08-18T10:48:12Z,CE35193F35A98837,18.4,queries/tpch/tpch-queries/q12/v2_filter.sql,warmup,1,1,1,3,1.013,481.123,8,2,2,1623970,7,32603478,1492557,3,orders;lineitem,138757,0,0,0,0,0,0
2026-08-18T10:48:12Z,CE35193F35A98837,18.4,queries/tpch/tpch-queries/q12/v2_filter.sql,warmup,2,1,1,3,1.004,473.664,8,2,2,1623970,7,32603478,1492557,3,orders;lineitem,138757,0,0,0,0,0,0
2026-08-18T10:48:15Z,CE35193F35A98837,18.4,queries/tpch/tpch-queries/q12/v2_filter.sql,measured,1,1,5,3,1.164,475.623,8,2,2,1623970,7,32603478,1492557,3,orders;lineitem,138757,0,0,0,0,0,0
2026-08-18T10:48:15Z,CE35193F35A98837,18.4,queries/tpch/tpch-queries/q12/v2_filter.sql,measured,1,2,5,3,0.178,460.503,8,2,2,1623970,7,32603478,1492557,3,orders;lineitem,138757,0,0,0,0,0,0
2026-08-18T10:48:15Z,CE35193F35A98837,18.4,queries/tpch/tpch-queries/q12/v2_filter.sql,measured,1,3,5,3,0.187,467.688,8,2,2,1623970,7,32603478,1492557,3,orders;lineitem,138757,0,0,0,0,0,0
2026-08-18T10:48:15Z,CE35193F35A98837,18.4,queries/tpch/tpch-queries/q12/v2_filter.sql,measured,1,4,5,3,0.199,465.313,8,2,2,1623970,7,32603478,1492557,3,orders;lineitem,138757,0,0,0,0,0,0
2026-08-18T10:48:15Z,CE35193F35A98837,18.4,queries/tpch/tpch-queries/q12/v2_filter.sql,measured,1,5,5,3,0.187,466.932,8,2,2,1623970,7,32603478,1492557,3,orders;lineitem,138757,0,0,0,0,0,0
2026-08-18T10:48:17Z,CE35193F35A98837,18.4,queries/tpch/tpch-queries/q12/v2_filter.sql,measured,2,1,5,3,1.017,478.438,8,2,2,1623970,7,32603478,1492557,3,orders;lineitem,138757,0,0,0,0,0,0
2026-08-18T10:48:17Z,CE35193F35A98837,18.4,queries/tpch/tpch-queries/q12/v2_filter.sql,measured,2,2,5,3,0.181,464.720,8,2,2,1623970,7,32603478,1492557,3,orders;lineitem,138757,0,0,0,0,0,0
2026-08-18T10:48:17Z,CE35193F35A98837,18.4,queries/tpch/tpch-queries/q12/v2_filter.sql,measured,2,3,5,3,0.186,466.618,8,2,2,1623970,7,32603478,1492557,3,orders;lineitem,138757,0,0,0,0,0,0
2026-08-18T10:48:17Z,CE35193F35A98837,18.4,queries/tpch/tpch-queries/q12/v2_filter.sql,measured,2,4,5,3,0.185,470.484,8,2,2,1623970,7,32603478,1492557,3,orders;lineitem,138757,0,0,0,0,0,0
2026-08-18T10:48:17Z,CE35193F35A98837,18.4,queries/tpch/tpch-queries/q12/v2_filter.sql,measured,2,5,5,3,0.187,464.599,8,2,2,1623970,7,32603478,1492557,3,orders;lineitem,138757,0,0,0,0,0,0
2026-08-18T10:48:20Z,CE35193F35A98837,18.4,queries/tpch/tpch-queries/q12/v2_filter.sql,measured,3,1,5,3,0.889,480.398,8,2,2,1623970,7,32603478,1492557,3,orders;lineitem,138757,0,0,0,0,0,0
2026-08-18T10:48:20Z,CE35193F35A98837,18.4,queries/tpch/tpch-queries/q12/v2_filter.sql,measured,3,2,5,3,0.187,468.661,8,2,2,1623970,7,32603478,1492557,3,orders;lineitem,138757,0,0,0,0,0,0
2026-08-18T10:48:20Z,CE35193F35A98837,18.4,queries/tpch/tpch-queries/q12/v2_filter.sql,measured,3,3,5,3,0.198,466.016,8,2,2,1623970,7,32603478,1492557,3,orders;lineitem,138757,0,0,0,0,0,0
2026-08-18T10:48:20Z,CE35193F35A98837,18.4,queries/tpch/tpch-queries/q12/v2_filter.sql,measured,3,4,5,3,0.189,463.584,8,2,2,1623970,7,32603478,1492557,3,orders;lineitem,138757,0,0,0,0,0,0
2026-08-18T10:48:20Z,CE35193F35A98837,18.4,queries/tpch/tpch-queries/q12/v2_filter.sql,measured,3,5,5,3,0.186,467.912,8,2,2,1623970,7,32603478,1492557,3,orders;lineitem,138757,0,0,0,0,0,0
2026-08-18T10:48:21Z,CE35193F35A98837,18.4,queries/tpch/tpch-queries/q13/base.sql,warmup,1,1,1,3,0.917,1515.363,7,2,42,3467925,200,27144072,16082,0,orders;customer,29739,0,0,0,0,0,0
2026-08-18T10:48:23Z,CE35193F35A98837,18.4,queries/tpch/tpch-queries/q13/base.sql,warmup,2,1,1,3,0.790,1506.052,7,2,42,3467925,200,27144072,16082,0,orders;customer,29739,0,0,0,0,0,0
2026-08-18T10:48:30Z,CE35193F35A98837,18.4,queries/tpch/tpch-queries/q13/base.sql,measured,1,1,5,3,0.788,1520.115,7,2,42,3467925,200,27144072,16082,0,orders;customer,29739,0,0,0,0,0,0
2026-08-18T10:48:30Z,CE35193F35A98837,18.4,queries/tpch/tpch-queries/q13/base.sql,measured,1,2,5,3,0.197,1463.566,7,2,42,3467925,200,27144072,16082,0,orders;customer,29736,0,0,0,0,0,0
2026-08-18T10:48:30Z,CE35193F35A98837,18.4,queries/tpch/tpch-queries/q13/base.sql,measured,1,3,5,3,0.196,1457.292,7,2,42,3467925,200,27144072,16082,0,orders;customer,29736,0,0,0,0,0,0
2026-08-18T10:48:30Z,CE35193F35A98837,18.4,queries/tpch/tpch-queries/q13/base.sql,measured,1,4,5,3,0.189,1449.983,7,2,42,3467925,200,27144072,16082,0,orders;customer,29736,0,0,0,0,0,0
2026-08-18T10:48:30Z,CE35193F35A98837,18.4,queries/tpch/tpch-queries/q13/base.sql,measured,1,5,5,3,0.194,1461.288,7,2,42,3467925,200,27144072,16082,0,orders;customer,29736,0,0,0,0,0,0
2026-08-18T10:48:38Z,CE35193F35A98837,18.4,queries/tpch/tpch-queries/q13/base.sql,measured,2,1,5,3,0.789,1497.195,7,2,42,3467925,200,27144072,16082,0,orders;customer,29739,0,0,0,0,0,0
2026-08-18T10:48:38Z,CE35193F35A98837,18.4,queries/tpch/tpch-queries/q13/base.sql,measured,2,2,5,3,0.199,1467.811,7,2,42,3467925,200,27144072,16082,0,orders;customer,29736,0,0,0,0,0,0
2026-08-18T10:48:38Z,CE35193F35A98837,18.4,queries/tpch/tpch-queries/q13/base.sql,measured,2,3,5,3,0.194,1479.321,7,2,42,3467925,200,27144072,16082,0,orders;customer,29736,0,0,0,0,0,0
2026-08-18T10:48:38Z,CE35193F35A98837,18.4,queries/tpch/tpch-queries/q13/base.sql,measured,2,4,5,3,0.194,1474.172,7,2,42,3467925,200,27144072,16082,0,orders;customer,29736,0,0,0,0,0,0
2026-08-18T10:48:38Z,CE35193F35A98837,18.4,queries/tpch/tpch-queries/q13/base.sql,measured,2,5,5,3,0.195,1469.276,7,2,42,3467925,200,27144072,16082,0,orders;customer,29736,0,0,0,0,0,0
2026-08-18T10:48:45Z,CE35193F35A98837,18.4,queries/tpch/tpch-queries/q13/base.sql,measured,3,1,5,3,0.780,1481.696,7,2,42,3467925,200,27144072,16082,0,orders;customer,29739,0,0,0,0,0,0
2026-08-18T10:48:45Z,CE35193F35A98837,18.4,queries/tpch/tpch-queries/q13/base.sql,measured,3,2,5,3,0.201,1459.180,7,2,42,3467925,200,27144072,16082,0,orders;customer,29736,0,0,0,0,0,0
2026-08-18T10:48:45Z,CE35193F35A98837,18.4,queries/tpch/tpch-queries/q13/base.sql,measured,3,3,5,3,0.192,1459.237,7,2,42,3467925,200,27144072,16082,0,orders;customer,29736,0,0,0,0,0,0
2026-08-18T10:48:45Z,CE35193F35A98837,18.4,queries/tpch/tpch-queries/q13/base.sql,measured,3,4,5,3,0.191,1437.219,7,2,42,3467925,200,27144072,16082,0,orders;customer,29736,0,0,0,0,0,0
2026-08-18T10:48:45Z,CE35193F35A98837,18.4,queries/tpch/tpch-queries/q13/base.sql,measured,3,5,5,3,0.190,1426.037,7,2,42,3467925,200,27144072,16082,0,orders;customer,29736,0,0,0,0,0,0
2026-08-18T10:48:47Z,CE35193F35A98837,18.4,queries/tpch/tpch-queries/q13/v1_materialized.sql,warmup,1,1,1,3,0.817,1456.762,8,3,42,3467967,200,27144744,16082,0,orders;customer;_m,29739,0,0,0,0,0,0
2026-08-18T10:48:48Z,CE35193F35A98837,18.4,queries/tpch/tpch-queries/q13/v1_materialized.sql,warmup,2,1,1,3,0.791,1486.805,8,3,42,3467967,200,27144744,16082,0,orders;customer;_m,29739,0,0,0,0,0,0
2026-08-18T10:48:56Z,CE35193F35A98837,18.4,queries/tpch/tpch-queries/q13/v1_materialized.sql,measured,1,1,5,3,0.834,1493.078,8,3,42,3467967,200,27144744,16082,0,orders;customer;_m,29739,0,0,0,0,0,0
2026-08-18T10:48:56Z,CE35193F35A98837,18.4,queries/tpch/tpch-queries/q13/v1_materialized.sql,measured,1,2,5,3,0.211,1458.088,8,3,42,3467967,200,27144744,16082,0,orders;customer;_m,29736,0,0,0,0,0,0
2026-08-18T10:48:56Z,CE35193F35A98837,18.4,queries/tpch/tpch-queries/q13/v1_materialized.sql,measured,1,3,5,3,0.213,1433.982,8,3,42,3467967,200,27144744,16082,0,orders;customer;_m,29736,0,0,0,0,0,0
2026-08-18T10:48:56Z,CE35193F35A98837,18.4,queries/tpch/tpch-queries/q13/v1_materialized.sql,measured,1,4,5,3,0.208,1414.964,8,3,42,3467967,200,27144744,16082,0,orders;customer;_m,29736,0,0,0,0,0,0
2026-08-18T10:48:56Z,CE35193F35A98837,18.4,queries/tpch/tpch-queries/q13/v1_materialized.sql,measured,1,5,5,3,0.214,1428.728,8,3,42,3467967,200,27144744,16082,0,orders;customer;_m,29736,0,0,0,0,0,0
2026-08-18T10:49:03Z,CE35193F35A98837,18.4,queries/tpch/tpch-queries/q13/v1_materialized.sql,measured,2,1,5,3,0.838,1486.708,8,3,42,3467967,200,27144744,16082,0,orders;customer;_m,29739,0,0,0,0,0,0
2026-08-18T10:49:03Z,CE35193F35A98837,18.4,queries/tpch/tpch-queries/q13/v1_materialized.sql,measured,2,2,5,3,0.212,1470.242,8,3,42,3467967,200,27144744,16082,0,orders;customer;_m,29736,0,0,0,0,0,0
2026-08-18T10:49:03Z,CE35193F35A98837,18.4,queries/tpch/tpch-queries/q13/v1_materialized.sql,measured,2,3,5,3,0.215,1446.251,8,3,42,3467967,200,27144744,16082,0,orders;customer;_m,29736,0,0,0,0,0,0
2026-08-18T10:49:03Z,CE35193F35A98837,18.4,queries/tpch/tpch-queries/q13/v1_materialized.sql,measured,2,4,5,3,0.210,1438.399,8,3,42,3467967,200,27144744,16082,0,orders;customer;_m,29736,0,0,0,0,0,0
2026-08-18T10:49:03Z,CE35193F35A98837,18.4,queries/tpch/tpch-queries/q13/v1_materialized.sql,measured,2,5,5,3,0.206,1444.266,8,3,42,3467967,200,27144744,16082,0,orders;customer;_m,29736,0,0,0,0,0,0
2026-08-18T10:49:10Z,CE35193F35A98837,18.4,queries/tpch/tpch-queries/q13/v1_materialized.sql,measured,3,1,5,3,0.826,1468.453,8,3,42,3467967,200,27144744,16082,0,orders;customer;_m,29739,0,0,0,0,0,0
2026-08-18T10:49:10Z,CE35193F35A98837,18.4,queries/tpch/tpch-queries/q13/v1_materialized.sql,measured,3,2,5,3,0.211,1439.589,8,3,42,3467967,200,27144744,16082,0,orders;customer;_m,29736,0,0,0,0,0,0
2026-08-18T10:49:10Z,CE35193F35A98837,18.4,queries/tpch/tpch-queries/q13/v1_materialized.sql,measured,3,3,5,3,0.207,1420.481,8,3,42,3467967,200,27144744,16082,0,orders;customer;_m,29736,0,0,0,0,0,0
2026-08-18T10:49:10Z,CE35193F35A98837,18.4,queries/tpch/tpch-queries/q13/v1_materialized.sql,measured,3,4,5,3,0.205,1420.675,8,3,42,3467967,200,27144744,16082,0,orders;customer;_m,29736,0,0,0,0,0,0
2026-08-18T10:49:10Z,CE35193F35A98837,18.4,queries/tpch/tpch-queries/q13/v1_materialized.sql,measured,3,5,5,3,0.208,1416.798,8,3,42,3467967,200,27144744,16082,0,orders;customer;_m,29736,0,0,0,0,0,0
2026-08-18T10:49:12Z,CE35193F35A98837,18.4,queries/tpch/tpch-queries/q13/v2_correlated.sql,warmup,1,1,1,3,0.641,2040.457,7,3,42,3300084,150000,3601344,0,0,customer;orders;idx_orders_cust,1953134,0,0,0,0,0,0
2026-08-18T10:49:14Z,CE35193F35A98837,18.4,queries/tpch/tpch-queries/q13/v2_correlated.sql,warmup,2,1,1,3,0.687,2070.870,7,3,42,3300084,150000,3601344,0,0,customer;orders;idx_orders_cust,1953134,0,0,0,0,0,0
2026-08-18T10:49:25Z,CE35193F35A98837,18.4,queries/tpch/tpch-queries/q13/v2_correlated.sql,measured,1,1,5,3,0.749,2092.381,7,3,42,3300084,150000,3601344,0,0,customer;orders;idx_orders_cust,1953134,0,0,0,0,0,0
2026-08-18T10:49:25Z,CE35193F35A98837,18.4,queries/tpch/tpch-queries/q13/v2_correlated.sql,measured,1,2,5,3,0.125,1977.030,7,3,42,3300084,150000,3601344,0,0,customer;orders;idx_orders_cust,1953131,0,0,0,0,0,0
2026-08-18T10:49:25Z,CE35193F35A98837,18.4,queries/tpch/tpch-queries/q13/v2_correlated.sql,measured,1,3,5,3,0.144,1980.941,7,3,42,3300084,150000,3601344,0,0,customer;orders;idx_orders_cust,1953131,0,0,0,0,0,0
2026-08-18T10:49:25Z,CE35193F35A98837,18.4,queries/tpch/tpch-queries/q13/v2_correlated.sql,measured,1,4,5,3,0.134,1970.401,7,3,42,3300084,150000,3601344,0,0,customer;orders;idx_orders_cust,1953131,0,0,0,0,0,0
2026-08-18T10:49:25Z,CE35193F35A98837,18.4,queries/tpch/tpch-queries/q13/v2_correlated.sql,measured,1,5,5,3,0.161,1964.061,7,3,42,3300084,150000,3601344,0,0,customer;orders;idx_orders_cust,1953131,0,0,0,0,0,0
2026-08-18T10:49:35Z,CE35193F35A98837,18.4,queries/tpch/tpch-queries/q13/v2_correlated.sql,measured,2,1,5,3,0.639,2083.442,7,3,42,3300084,150000,3601344,0,0,customer;orders;idx_orders_cust,1953134,0,0,0,0,0,0
2026-08-18T10:49:35Z,CE35193F35A98837,18.4,queries/tpch/tpch-queries/q13/v2_correlated.sql,measured,2,2,5,3,0.133,1964.124,7,3,42,3300084,150000,3601344,0,0,customer;orders;idx_orders_cust,1953131,0,0,0,0,0,0
2026-08-18T10:49:35Z,CE35193F35A98837,18.4,queries/tpch/tpch-queries/q13/v2_correlated.sql,measured,2,3,5,3,0.132,1968.353,7,3,42,3300084,150000,3601344,0,0,customer;orders;idx_orders_cust,1953131,0,0,0,0,0,0
2026-08-18T10:49:35Z,CE35193F35A98837,18.4,queries/tpch/tpch-queries/q13/v2_correlated.sql,measured,2,4,5,3,0.134,1971.632,7,3,42,3300084,150000,3601344,0,0,customer;orders;idx_orders_cust,1953131,0,0,0,0,0,0
2026-08-18T10:49:35Z,CE35193F35A98837,18.4,queries/tpch/tpch-queries/q13/v2_correlated.sql,measured,2,5,5,3,0.132,1945.623,7,3,42,3300084,150000,3601344,0,0,customer;orders;idx_orders_cust,1953131,0,0,0,0,0,0
2026-08-18T10:49:44Z,CE35193F35A98837,18.4,queries/tpch/tpch-queries/q13/v2_correlated.sql,measured,3,1,5,3,0.646,2070.528,7,3,42,3300084,150000,3601344,0,0,customer;orders;idx_orders_cust,1953134,0,0,0,0,0,0
2026-08-18T10:49:44Z,CE35193F35A98837,18.4,queries/tpch/tpch-queries/q13/v2_correlated.sql,measured,3,2,5,3,0.133,1949.887,7,3,42,3300084,150000,3601344,0,0,customer;orders;idx_orders_cust,1953131,0,0,0,0,0,0
2026-08-18T10:49:44Z,CE35193F35A98837,18.4,queries/tpch/tpch-queries/q13/v2_correlated.sql,measured,3,3,5,3,0.135,1942.086,7,3,42,3300084,150000,3601344,0,0,customer;orders;idx_orders_cust,1953131,0,0,0,0,0,0
2026-08-18T10:49:44Z,CE35193F35A98837,18.4,queries/tpch/tpch-queries/q13/v2_correlated.sql,measured,3,4,5,3,0.132,1962.457,7,3,42,3300084,150000,3601344,0,0,customer;orders;idx_orders_cust,1953131,0,0,0,0,0,0
2026-08-18T10:49:44Z,CE35193F35A98837,18.4,queries/tpch/tpch-queries/q13/v2_correlated.sql,measured,3,5,5,3,0.144,1950.921,7,3,42,3300084,150000,3601344,0,0,customer;orders;idx_orders_cust,1953131,0,0,0,0,0,0
2026-08-18T10:49:45Z,CE35193F35A98837,18.4,queries/tpch/tpch-queries/q14/base.sql,warmup,1,1,1,3,0.672,250.336,7,2,1,551971,1,13723692,1185046,4,lineitem;part,116728,0,0,0,0,0,0
2026-08-18T10:49:45Z,CE35193F35A98837,18.4,queries/tpch/tpch-queries/q14/base.sql,warmup,2,1,1,3,0.847,279.763,7,2,1,551971,1,13723692,1185046,4,lineitem;part,116728,0,0,0,0,0,0
2026-08-18T10:49:47Z,CE35193F35A98837,18.4,queries/tpch/tpch-queries/q14/base.sql,measured,1,1,5,3,0.848,305.299,7,2,1,551971,1,13723692,1185046,4,lineitem;part,116728,0,0,0,0,0,0
2026-08-18T10:49:47Z,CE35193F35A98837,18.4,queries/tpch/tpch-queries/q14/base.sql,measured,1,2,5,3,0.105,232.170,7,2,1,551971,1,13723692,1185046,4,lineitem;part,116728,0,0,0,0,0,0
2026-08-18T10:49:47Z,CE35193F35A98837,18.4,queries/tpch/tpch-queries/q14/base.sql,measured,1,3,5,3,0.105,230.983,7,2,1,551971,1,13723692,1185046,4,lineitem;part,116728,0,0,0,0,0,0
2026-08-18T10:49:47Z,CE35193F35A98837,18.4,queries/tpch/tpch-queries/q14/base.sql,measured,1,4,5,3,0.104,233.239,7,2,1,551971,1,13723692,1185046,4,lineitem;part,116728,0,0,0,0,0,0
2026-08-18T10:49:47Z,CE35193F35A98837,18.4,queries/tpch/tpch-queries/q14/base.sql,measured,1,5,5,3,0.104,229.683,7,2,1,551971,1,13723692,1185046,4,lineitem;part,116728,0,0,0,0,0,0
2026-08-18T10:49:48Z,CE35193F35A98837,18.4,queries/tpch/tpch-queries/q14/base.sql,measured,2,1,5,3,0.779,272.432,7,2,1,551971,1,13723692,1185046,4,lineitem;part,116728,0,0,0,0,0,0
2026-08-18T10:49:48Z,CE35193F35A98837,18.4,queries/tpch/tpch-queries/q14/base.sql,measured,2,2,5,3,0.105,231.747,7,2,1,551971,1,13723692,1185046,4,lineitem;part,116728,0,0,0,0,0,0
2026-08-18T10:49:48Z,CE35193F35A98837,18.4,queries/tpch/tpch-queries/q14/base.sql,measured,2,3,5,3,0.103,231.982,7,2,1,551971,1,13723692,1185046,4,lineitem;part,116728,0,0,0,0,0,0
2026-08-18T10:49:48Z,CE35193F35A98837,18.4,queries/tpch/tpch-queries/q14/base.sql,measured,2,4,5,3,0.103,230.936,7,2,1,551971,1,13723692,1185046,4,lineitem;part,116728,0,0,0,0,0,0
2026-08-18T10:49:48Z,CE35193F35A98837,18.4,queries/tpch/tpch-queries/q14/base.sql,measured,2,5,5,3,0.103,229.816,7,2,1,551971,1,13723692,1185046,4,lineitem;part,116728,0,0,0,0,0,0
2026-08-18T10:49:49Z,CE35193F35A98837,18.4,queries/tpch/tpch-queries/q14/base.sql,measured,3,1,5,3,0.818,277.864,7,2,1,551971,1,13723692,1185046,4,lineitem;part,116728,0,0,0,0,0,0
2026-08-18T10:49:49Z,CE35193F35A98837,18.4,queries/tpch/tpch-queries/q14/base.sql,measured,3,2,5,3,0.104,231.891,7,2,1,551971,1,13723692,1185046,4,lineitem;part,116728,0,0,0,0,0,0
2026-08-18T10:49:49Z,CE35193F35A98837,18.4,queries/tpch/tpch-queries/q14/base.sql,measured,3,3,5,3,0.103,232.972,7,2,1,551971,1,13723692,1185046,4,lineitem;part,116728,0,0,0,0,0,0
2026-08-18T10:49:49Z,CE35193F35A98837,18.4,queries/tpch/tpch-queries/q14/base.sql,measured,3,4,5,3,0.104,232.752,7,2,1,551971,1,13723692,1185046,4,lineitem;part,116728,0,0,0,0,0,0
2026-08-18T10:49:49Z,CE35193F35A98837,18.4,queries/tpch/tpch-queries/q14/base.sql,measured,3,5,5,3,0.113,230.518,7,2,1,551971,1,13723692,1185046,4,lineitem;part,116728,0,0,0,0,0,0
2026-08-18T10:49:49Z,CE35193F35A98837,18.4,queries/tpch/tpch-queries/q14/v1_materialized.sql,warmup,1,1,1,3,0.755,267.610,8,3,1,551972,1,13723724,1185046,4,_m;lineitem;part,116728,0,0,0,0,0,0
2026-08-18T10:49:50Z,CE35193F35A98837,18.4,queries/tpch/tpch-queries/q14/v1_materialized.sql,warmup,2,1,1,3,0.697,252.985,8,3,1,551972,1,13723724,1185046,4,_m;lineitem;part,116728,0,0,0,0,0,0
2026-08-18T10:49:51Z,CE35193F35A98837,18.4,queries/tpch/tpch-queries/q14/v1_materialized.sql,measured,1,1,5,3,0.697,254.875,8,3,1,551972,1,13723724,1185046,4,_m;lineitem;part,116728,0,0,0,0,0,0
2026-08-18T10:49:51Z,CE35193F35A98837,18.4,queries/tpch/tpch-queries/q14/v1_materialized.sql,measured,1,2,5,3,0.119,239.495,8,3,1,551972,1,13723724,1185046,4,_m;lineitem;part,116728,0,0,0,0,0,0
2026-08-18T10:49:51Z,CE35193F35A98837,18.4,queries/tpch/tpch-queries/q14/v1_materialized.sql,measured,1,3,5,3,0.117,243.151,8,3,1,551972,1,13723724,1185046,4,_m;lineitem;part,116728,0,0,0,0,0,0
2026-08-18T10:49:51Z,CE35193F35A98837,18.4,queries/tpch/tpch-queries/q14/v1_materialized.sql,measured,1,4,5,3,0.135,238.343,8,3,1,551972,1,13723724,1185046,4,_m;lineitem;part,116728,0,0,0,0,0,0
2026-08-18T10:49:51Z,CE35193F35A98837,18.4,queries/tpch/tpch-queries/q14/v1_materialized.sql,measured,1,5,5,3,0.117,238.625,8,3,1,551972,1,13723724,1185046,4,_m;lineitem;part,116728,0,0,0,0,0,0
2026-08-18T10:49:52Z,CE35193F35A98837,18.4,queries/tpch/tpch-queries/q14/v1_materialized.sql,measured,2,1,5,3,0.743,280.977,8,3,1,551972,1,13723724,1185046,4,_m;lineitem;part,116728,0,0,0,0,0,0
2026-08-18T10:49:52Z,CE35193F35A98837,18.4,queries/tpch/tpch-queries/q14/v1_materialized.sql,measured,2,2,5,3,0.125,243.675,8,3,1,551972,1,13723724,1185046,4,_m;lineitem;part,116728,0,0,0,0,0,0
2026-08-18T10:49:52Z,CE35193F35A98837,18.4,queries/tpch/tpch-queries/q14/v1_materialized.sql,measured,2,3,5,3,0.118,241.362,8,3,1,551972,1,13723724,1185046,4,_m;lineitem;part,116728,0,0,0,0,0,0
2026-08-18T10:49:52Z,CE35193F35A98837,18.4,queries/tpch/tpch-queries/q14/v1_materialized.sql,measured,2,4,5,3,0.117,242.309,8,3,1,551972,1,13723724,1185046,4,_m;lineitem;part,116728,0,0,0,0,0,0
2026-08-18T10:49:52Z,CE35193F35A98837,18.4,queries/tpch/tpch-queries/q14/v1_materialized.sql,measured,2,5,5,3,0.118,241.869,8,3,1,551972,1,13723724,1185046,4,_m;lineitem;part,116728,0,0,0,0,0,0
2026-08-18T10:49:54Z,CE35193F35A98837,18.4,queries/tpch/tpch-queries/q14/v1_materialized.sql,measured,3,1,5,3,0.818,288.295,8,3,1,551972,1,13723724,1185046,4,_m;lineitem;part,116728,0,0,0,0,0,0
2026-08-18T10:49:54Z,CE35193F35A98837,18.4,queries/tpch/tpch-queries/q14/v1_materialized.sql,measured,3,2,5,3,0.125,234.716,8,3,1,551972,1,13723724,1185046,4,_m;lineitem;part,116728,0,0,0,0,0,0
2026-08-18T10:49:54Z,CE35193F35A98837,18.4,queries/tpch/tpch-queries/q14/v1_materialized.sql,measured,3,3,5,3,0.117,236.123,8,3,1,551972,1,13723724,1185046,4,_m;lineitem;part,116728,0,0,0,0,0,0
2026-08-18T10:49:54Z,CE35193F35A98837,18.4,queries/tpch/tpch-queries/q14/v1_materialized.sql,measured,3,4,5,3,0.124,235.172,8,3,1,551972,1,13723724,1185046,4,_m;lineitem;part,116728,0,0,0,0,0,0
2026-08-18T10:49:54Z,CE35193F35A98837,18.4,queries/tpch/tpch-queries/q14/v1_materialized.sql,measured,3,5,5,3,0.129,236.909,8,3,1,551972,1,13723724,1185046,4,_m;lineitem;part,116728,0,0,0,0,0,0
2026-08-18T10:49:54Z,CE35193F35A98837,18.4,queries/tpch/tpch-queries/q14/v2_filter.sql,warmup,1,1,1,3,0.722,282.847,7,2,1,551971,1,13723692,1185046,4,lineitem;part,116728,0,0,0,0,0,0
2026-08-18T10:49:54Z,CE35193F35A98837,18.4,queries/tpch/tpch-queries/q14/v2_filter.sql,warmup,2,1,1,3,0.939,318.012,7,2,1,551971,1,13723692,1185046,4,lineitem;part,116728,0,0,0,0,0,0
2026-08-18T10:49:56Z,CE35193F35A98837,18.4,queries/tpch/tpch-queries/q14/v2_filter.sql,measured,1,1,5,3,0.936,323.505,7,2,1,551971,1,13723692,1185046,4,lineitem;part,116728,0,0,0,0,0,0
2026-08-18T10:49:56Z,CE35193F35A98837,18.4,queries/tpch/tpch-queries/q14/v2_filter.sql,measured,1,2,5,3,0.108,236.706,7,2,1,551971,1,13723692,1185046,4,lineitem;part,116728,0,0,0,0,0,0
2026-08-18T10:49:56Z,CE35193F35A98837,18.4,queries/tpch/tpch-queries/q14/v2_filter.sql,measured,1,3,5,3,0.104,236.534,7,2,1,551971,1,13723692,1185046,4,lineitem;part,116728,0,0,0,0,0,0
2026-08-18T10:49:56Z,CE35193F35A98837,18.4,queries/tpch/tpch-queries/q14/v2_filter.sql,measured,1,4,5,3,0.102,240.399,7,2,1,551971,1,13723692,1185046,4,lineitem;part,116728,0,0,0,0,0,0
2026-08-18T10:49:56Z,CE35193F35A98837,18.4,queries/tpch/tpch-queries/q14/v2_filter.sql,measured,1,5,5,3,0.101,238.023,7,2,1,551971,1,13723692,1185046,4,lineitem;part,116728,0,0,0,0,0,0
2026-08-18T10:49:57Z,CE35193F35A98837,18.4,queries/tpch/tpch-queries/q14/v2_filter.sql,measured,2,1,5,3,0.726,284.733,7,2,1,551971,1,13723692,1185046,4,lineitem;part,116728,0,0,0,0,0,0
2026-08-18T10:49:57Z,CE35193F35A98837,18.4,queries/tpch/tpch-queries/q14/v2_filter.sql,measured,2,2,5,3,0.102,250.562,7,2,1,551971,1,13723692,1185046,4,lineitem;part,116728,0,0,0,0,0,0
2026-08-18T10:49:57Z,CE35193F35A98837,18.4,queries/tpch/tpch-queries/q14/v2_filter.sql,measured,2,3,5,3,0.107,244.625,7,2,1,551971,1,13723692,1185046,4,lineitem;part,116728,0,0,0,0,0,0
2026-08-18T10:49:57Z,CE35193F35A98837,18.4,queries/tpch/tpch-queries/q14/v2_filter.sql,measured,2,4,5,3,0.106,241.166,7,2,1,551971,1,13723692,1185046,4,lineitem;part,116728,0,0,0,0,0,0
2026-08-18T10:49:57Z,CE35193F35A98837,18.4,queries/tpch/tpch-queries/q14/v2_filter.sql,measured,2,5,5,3,0.103,241.470,7,2,1,551971,1,13723692,1185046,4,lineitem;part,116728,0,0,0,0,0,0
2026-08-18T10:49:59Z,CE35193F35A98837,18.4,queries/tpch/tpch-queries/q14/v2_filter.sql,measured,3,1,5,3,0.767,300.023,7,2,1,551971,1,13723692,1185046,4,lineitem;part,116728,0,0,0,0,0,0
2026-08-18T10:49:59Z,CE35193F35A98837,18.4,queries/tpch/tpch-queries/q14/v2_filter.sql,measured,3,2,5,3,0.102,252.040,7,2,1,551971,1,13723692,1185046,4,lineitem;part,116728,0,0,0,0,0,0
2026-08-18T10:49:59Z,CE35193F35A98837,18.4,queries/tpch/tpch-queries/q14/v2_filter.sql,measured,3,3,5,3,0.130,242.981,7,2,1,551971,1,13723692,1185046,4,lineitem;part,116728,0,0,0,0,0,0
2026-08-18T10:49:59Z,CE35193F35A98837,18.4,queries/tpch/tpch-queries/q14/v2_filter.sql,measured,3,4,5,3,0.103,260.970,7,2,1,551971,1,13723692,1185046,4,lineitem;part,116728,0,0,0,0,0,0
2026-08-18T10:49:59Z,CE35193F35A98837,18.4,queries/tpch/tpch-queries/q14/v2_filter.sql,measured,3,5,5,3,0.103,253.966,7,2,1,551971,1,13723692,1185046,4,lineitem;part,116728,0,0,0,0,0,0
2026-08-18T10:49:59Z,CE35193F35A98837,18.4,queries/tpch/tpch-queries/q15/base.sql,warmup,1,1,1,3,0.795,317.701,11,4,1,353487,50,8516662,1165051,4,lineitem;revenue;supplier,112826,0,0,0,0,0,0
2026-08-18T10:49:59Z,CE35193F35A98837,18.4,queries/tpch/tpch-queries/q15/base.sql,warmup,2,1,1,3,0.941,361.020,11,4,1,353407,50,8513782,1165051,4,lineitem;revenue;supplier,112826,0,0,0,0,0,0
2026-08-18T10:50:01Z,CE35193F35A98837,18.4,queries/tpch/tpch-queries/q15/base.sql,measured,1,1,5,3,0.871,340.667,11,4,1,353705,50,8524510,1165051,4,lineitem;revenue;supplier,112826,0,0,0,0,0,0
2026-08-18T10:50:01Z,CE35193F35A98837,18.4,queries/tpch/tpch-queries/q15/base.sql,measured,1,2,5,3,0.136,280.848,11,4,1,353535,50,8518390,1165051,4,lineitem;revenue;supplier,112823,0,0,0,0,0,0
2026-08-18T10:50:01Z,CE35193F35A98837,18.4,queries/tpch/tpch-queries/q15/base.sql,measured,1,3,5,3,0.142,275.679,11,4,1,353416,50,8514106,1165051,4,lineitem;revenue;supplier,112823,0,0,0,0,0,0
2026-08-18T10:50:01Z,CE35193F35A98837,18.4,queries/tpch/tpch-queries/q15/base.sql,measured,1,4,5,3,0.163,286.497,11,4,1,353457,50,8515582,1165051,4,lineitem;revenue;supplier,112823,0,0,0,0,0,0
2026-08-18T10:50:01Z,CE35193F35A98837,18.4,queries/tpch/tpch-queries/q15/base.sql,measured,1,5,5,3,0.140,287.346,11,4,1,353335,50,8511190,1165051,4,lineitem;revenue;supplier,112823,0,0,0,0,0,0
2026-08-18T10:50:03Z,CE35193F35A98837,18.4,queries/tpch/tpch-queries/q15/base.sql,measured,2,1,5,3,0.804,336.417,11,4,1,353536,50,8518426,1165051,4,lineitem;revenue;supplier,112826,0,0,0,0,0,0
2026-08-18T10:50:03Z,CE35193F35A98837,18.4,queries/tpch/tpch-queries/q15/base.sql,measured,2,2,5,3,0.133,280.477,11,4,1,353619,50,8521414,1165051,4,lineitem;revenue;supplier,112823,0,0,0,0,0,0
2026-08-18T10:50:03Z,CE35193F35A98837,18.4,queries/tpch/tpch-queries/q15/base.sql,measured,2,3,5,3,0.133,280.470,11,4,1,353329,50,8510974,1165051,4,lineitem;revenue;supplier,112823,0,0,0,0,0,0
2026-08-18T10:50:03Z,CE35193F35A98837,18.4,queries/tpch/tpch-queries/q15/base.sql,measured,2,4,5,3,0.151,279.223,11,4,1,353257,50,8508382,1165051,4,lineitem;revenue;supplier,112823,0,0,0,0,0,0
2026-08-18T10:50:03Z,CE35193F35A98837,18.4,queries/tpch/tpch-queries/q15/base.sql,measured,2,5,5,3,0.131,280.045,11,4,1,353415,50,8514070,1165051,4,lineitem;revenue;supplier,112823,0,0,0,0,0,0
2026-08-18T10:50:04Z,CE35193F35A98837,18.4,queries/tpch/tpch-queries/q15/base.sql,measured,3,1,5,3,0.686,308.672,11,4,1,353509,50,8517454,1165051,4,lineitem;revenue;supplier,112826,0,0,0,0,0,0
2026-08-18T10:50:04Z,CE35193F35A98837,18.4,queries/tpch/tpch-queries/q15/base.sql,measured,3,2,5,3,0.136,279.060,11,4,1,353316,50,8510506,1165051,4,lineitem;revenue;supplier,112823,0,0,0,0,0,0
2026-08-18T10:50:04Z,CE35193F35A98837,18.4,queries/tpch/tpch-queries/q15/base.sql,measured,3,3,5,3,0.134,280.419,11,4,1,353318,50,8510578,1165051,4,lineitem;revenue;supplier,112823,0,0,0,0,0,0
2026-08-18T10:50:04Z,CE35193F35A98837,18.4,queries/tpch/tpch-queries/q15/base.sql,measured,3,4,5,3,0.150,281.913,11,4,1,353499,50,8517094,1165051,4,lineitem;revenue;supplier,112823,0,0,0,0,0,0
2026-08-18T10:50:04Z,CE35193F35A98837,18.4,queries/tpch/tpch-queries/q15/base.sql,measured,3,5,5,3,0.146,281.721,11,4,1,353366,50,8512306,1165051,4,lineitem;revenue;supplier,112823,0,0,0,0,0,0
2026-08-18T10:50:05Z,CE35193F35A98837,18.4,queries/tpch/tpch-queries/q15/v1_materialized.sql,warmup,1,1,1,3,0.910,349.556,12,5,1,353418,50,8514643,1165051,4,lineitem;revenue;supplier;_m,112826,0,0,0,0,0,0
2026-08-18T10:50:05Z,CE35193F35A98837,18.4,queries/tpch/tpch-queries/q15/v1_materialized.sql,warmup,2,1,1,3,1.020,360.006,12,5,1,353478,50,8516803,1165051,4,lineitem;revenue;supplier;_m,112826,0,0,0,0,0,0
2026-08-18T10:50:07Z,CE35193F35A98837,18.4,queries/tpch/tpch-queries/q15/v1_materialized.sql,measured,1,1,5,3,0.758,315.280,12,5,1,353519,50,8518279,1165051,4,lineitem;revenue;supplier;_m,112826,0,0,0,0,0,0
2026-08-18T10:50:07Z,CE35193F35A98837,18.4,queries/tpch/tpch-queries/q15/v1_materialized.sql,measured,1,2,5,3,0.164,282.248,12,5,1,353476,50,8516731,1165051,4,lineitem;revenue;supplier;_m,112823,0,0,0,0,0,0
2026-08-18T10:50:07Z,CE35193F35A98837,18.4,queries/tpch/tpch-queries/q15/v1_materialized.sql,measured,1,3,5,3,0.170,282.878,12,5,1,353296,50,8510251,1165051,4,lineitem;revenue;supplier;_m,112823,0,0,0,0,0,0
2026-08-18T10:50:07Z,CE35193F35A98837,18.4,queries/tpch/tpch-queries/q15/v1_materialized.sql,measured,1,4,5,3,0.144,292.313,12,5,1,353276,50,8509531,1165051,4,lineitem;revenue;supplier;_m,112823,0,0,0,0,0,0
2026-08-18T10:50:07Z,CE35193F35A98837,18.4,queries/tpch/tpch-queries/q15/v1_materialized.sql,measured,1,5,5,3,0.156,281.366,12,5,1,353289,50,8509999,1165051,4,lineitem;revenue;supplier;_m,112823,0,0,0,0,0,0
2026-08-18T10:50:08Z,CE35193F35A98837,18.4,queries/tpch/tpch-queries/q15/v1_materialized.sql,measured,2,1,5,3,0.837,338.226,12,5,1,353559,50,8519719,1165051,4,lineitem;revenue;supplier;_m,112826,0,0,0,0,0,0
2026-08-18T10:50:08Z,CE35193F35A98837,18.4,queries/tpch/tpch-queries/q15/v1_materialized.sql,measured,2,2,5,3,0.141,284.384,12,5,1,353348,50,8512123,1165051,4,lineitem;revenue;supplier;_m,112823,0,0,0,0,0,0
2026-08-18T10:50:08Z,CE35193F35A98837,18.4,queries/tpch/tpch-queries/q15/v1_materialized.sql,measured,2,3,5,3,0.152,284.337,12,5,1,353338,50,8511763,1165051,4,lineitem;revenue;supplier;_m,112823,0,0,0,0,0,0
2026-08-18T10:50:08Z,CE35193F35A98837,18.4,queries/tpch/tpch-queries/q15/v1_materialized.sql,measured,2,4,5,3,0.155,284.726,12,5,1,353376,50,8513131,1165051,4,lineitem;revenue;supplier;_m,112823,0,0,0,0,0,0
2026-08-18T10:50:08Z,CE35193F35A98837,18.4,queries/tpch/tpch-queries/q15/v1_materialized.sql,measured,2,5,5,3,0.199,285.418,12,5,1,353287,50,8509927,1165051,4,lineitem;revenue;supplier;_m,112823,0,0,0,0,0,0
2026-08-18T10:50:10Z,CE35193F35A98837,18.4,queries/tpch/tpch-queries/q15/v1_materialized.sql,measured,3,1,5,3,1.019,347.317,12,5,1,353518,50,8518243,1165051,4,lineitem;revenue;supplier;_m,112826,0,0,0,0,0,0
2026-08-18T10:50:10Z,CE35193F35A98837,18.4,queries/tpch/tpch-queries/q15/v1_materialized.sql,measured,3,2,5,3,0.151,286.359,12,5,1,353468,50,8516443,1165051,4,lineitem;revenue;supplier;_m,112823,0,0,0,0,0,0
2026-08-18T10:50:10Z,CE35193F35A98837,18.4,queries/tpch/tpch-queries/q15/v1_materialized.sql,measured,3,3,5,3,0.143,286.196,12,5,1,353328,50,8511403,1165051,4,lineitem;revenue;supplier;_m,112823,0,0,0,0,0,0
2026-08-18T10:50:10Z,CE35193F35A98837,18.4,queries/tpch/tpch-queries/q15/v1_materialized.sql,measured,3,4,5,3,0.154,294.716,12,5,1,353286,50,8509891,1165051,4,lineitem;revenue;supplier;_m,112823,0,0,0,0,0,0
2026-08-18T10:50:10Z,CE35193F35A98837,18.4,queries/tpch/tpch-queries/q15/v1_materialized.sql,measured,3,5,5,3,0.153,285.711,12,5,1,353346,50,8512051,1165051,4,lineitem;revenue;supplier;_m,112823,0,0,0,0,0,0
2026-08-18T10:50:10Z,CE35193F35A98837,18.4,queries/tpch/tpch-queries/q16/base.sql,warmup,1,1,1,3,0.687,239.415,9,3,18314,1250302,16013,24568256,52681,3,partsupp;supplier;part,22649,0,0,0,0,0,0
2026-08-18T10:50:10Z,CE35193F35A98837,18.4,queries/tpch/tpch-queries/q16/base.sql,warmup,2,1,1,3,0.864,250.710,9,3,18314,1250302,16013,24568256,52681,3,partsupp;supplier;part,22649,0,0,0,0,0,0
2026-08-18T10:50:12Z,CE35193F35A98837,18.4,queries/tpch/tpch-queries/q16/base.sql,measured,1,1,5,3,0.678,228.028,9,3,18314,1250302,16013,24568256,52681,3,partsupp;supplier;part,22649,0,0,0,0,0,0
2026-08-18T10:50:12Z,CE35193F35A98837,18.4,queries/tpch/tpch-queries/q16/base.sql,measured,1,2,5,3,0.183,228.703,9,3,18314,1250302,16013,24568256,52681,3,partsupp;supplier;part,22646,0,0,0,0,0,0
2026-08-18T10:50:12Z,CE35193F35A98837,18.4,queries/tpch/tpch-queries/q16/base.sql,measured,1,3,5,3,0.171,229.534,9,3,18314,1250302,16013,24568256,52681,3,partsupp;supplier;part,22646,0,0,0,0,0,0
2026-08-18T10:50:12Z,CE35193F35A98837,18.4,queries/tpch/tpch-queries/q16/base.sql,measured,1,4,5,3,0.175,264.706,9,3,18314,1250302,16013,24568256,52681,3,partsupp;supplier;part,22646,0,0,0,0,0,0
2026-08-18T10:50:12Z,CE35193F35A98837,18.4,queries/tpch/tpch-queries/q16/base.sql,measured,1,5,5,3,0.179,228.750,9,3,18314,1250302,16013,24568256,52681,3,partsupp;supplier;part,22646,0,0,0,0,0,0
2026-08-18T10:50:13Z,CE35193F35A98837,18.4,queries/tpch/tpch-queries/q16/base.sql,measured,2,1,5,3,0.796,242.007,9,3,18314,1250302,16013,24568256,52681,3,partsupp;supplier;part,22649,0,0,0,0,0,0
2026-08-18T10:50:13Z,CE35193F35A98837,18.4,queries/tpch/tpch-queries/q16/base.sql,measured,2,2,5,3,0.178,239.225,9,3,18314,1250302,16013,24568256,52681,3,partsupp;supplier;part,22646,0,0,0,0,0,0
2026-08-18T10:50:13Z,CE35193F35A98837,18.4,queries/tpch/tpch-queries/q16/base.sql,measured,2,3,5,3,0.196,244.110,9,3,18314,1250302,16013,24568256,52681,3,partsupp;supplier;part,22646,0,0,0,0,0,0
2026-08-18T10:50:13Z,CE35193F35A98837,18.4,queries/tpch/tpch-queries/q16/base.sql,measured,2,4,5,3,0.197,242.694,9,3,18314,1250302,16013,24568256,52681,3,partsupp;supplier;part,22646,0,0,0,0,0,0
2026-08-18T10:50:13Z,CE35193F35A98837,18.4,queries/tpch/tpch-queries/q16/base.sql,measured,2,5,5,3,0.187,239.356,9,3,18314,1250302,16013,24568256,52681,3,partsupp;supplier;part,22646,0,0,0,0,0,0
2026-08-18T10:50:14Z,CE35193F35A98837,18.4,queries/tpch/tpch-queries/q16/base.sql,measured,3,1,5,3,0.676,237.681,9,3,18314,1250302,16013,24568256,52681,3,partsupp;supplier;part,22649,0,0,0,0,0,0
2026-08-18T10:50:14Z,CE35193F35A98837,18.4,queries/tpch/tpch-queries/q16/base.sql,measured,3,2,5,3,0.203,238.703,9,3,18314,1250302,16013,24568256,52681,3,partsupp;supplier;part,22646,0,0,0,0,0,0
2026-08-18T10:50:14Z,CE35193F35A98837,18.4,queries/tpch/tpch-queries/q16/base.sql,measured,3,3,5,3,0.182,240.465,9,3,18314,1250302,16013,24568256,52681,3,partsupp;supplier;part,22646,0,0,0,0,0,0
2026-08-18T10:50:14Z,CE35193F35A98837,18.4,queries/tpch/tpch-queries/q16/base.sql,measured,3,4,5,3,0.182,242.413,9,3,18314,1250302,16013,24568256,52681,3,partsupp;supplier;part,22646,0,0,0,0,0,0
2026-08-18T10:50:14Z,CE35193F35A98837,18.4,queries/tpch/tpch-queries/q16/base.sql,measured,3,5,5,3,0.201,243.597,9,3,18314,1250302,16013,24568256,52681,3,partsupp;supplier;part,22646,0,0,0,0,0,0
2026-08-18T10:50:15Z,CE35193F35A98837,18.4,queries/tpch/tpch-queries/q16/v1_materialized.sql,warmup,1,1,1,3,0.750,232.813,10,4,18314,1268616,16013,28304312,52681,3,partsupp;supplier;part;_m,22649,0,0,0,0,0,0
2026-08-18T10:50:15Z,CE35193F35A98837,18.4,queries/tpch/tpch-queries/q16/v1_materialized.sql,warmup,2,1,1,3,0.852,240.940,10,4,18314,1268616,16013,28304312,52681,3,partsupp;supplier;part;_m,22649,0,0,0,0,0,0
2026-08-18T10:50:16Z,CE35193F35A98837,18.4,queries/tpch/tpch-queries/q16/v1_materialized.sql,measured,1,1,5,3,0.732,230.354,10,4,18314,1268616,16013,28304312,52681,3,partsupp;supplier;part;_m,22649,0,0,0,0,0,0
2026-08-18T10:50:16Z,CE35193F35A98837,18.4,queries/tpch/tpch-queries/q16/v1_materialized.sql,measured,1,2,5,3,0.187,231.612,10,4,18314,1268616,16013,28304312,52681,3,partsupp;supplier;part;_m,22646,0,0,0,0,0,0
2026-08-18T10:50:16Z,CE35193F35A98837,18.4,queries/tpch/tpch-queries/q16/v1_materialized.sql,measured,1,3,5,3,0.215,230.235,10,4,18314,1268616,16013,28304312,52681,3,partsupp;supplier;part;_m,22646,0,0,0,0,0,0
2026-08-18T10:50:16Z,CE35193F35A98837,18.4,queries/tpch/tpch-queries/q16/v1_materialized.sql,measured,1,4,5,3,0.201,232.306,10,4,18314,1268616,16013,28304312,52681,3,partsupp;supplier;part;_m,22646,0,0,0,0,0,0
2026-08-18T10:50:16Z,CE35193F35A98837,18.4,queries/tpch/tpch-queries/q16/v1_materialized.sql,measured,1,5,5,3,0.200,233.664,10,4,18314,1268616,16013,28304312,52681,3,partsupp;supplier;part;_m,22646,0,0,0,0,0,0
2026-08-18T10:50:18Z,CE35193F35A98837,18.4,queries/tpch/tpch-queries/q16/v1_materialized.sql,measured,2,1,5,3,0.868,249.123,10,4,18314,1268616,16013,28304312,52681,3,partsupp;supplier;part;_m,22649,0,0,0,0,0,0
2026-08-18T10:50:18Z,CE35193F35A98837,18.4,queries/tpch/tpch-queries/q16/v1_materialized.sql,measured,2,2,5,3,0.223,242.416,10,4,18314,1268616,16013,28304312,52681,3,partsupp;supplier;part;_m,22646,0,0,0,0,0,0
2026-08-18T10:50:18Z,CE35193F35A98837,18.4,queries/tpch/tpch-queries/q16/v1_materialized.sql,measured,2,3,5,3,0.213,244.466,10,4,18314,1268616,16013,28304312,52681,3,partsupp;supplier;part;_m,22646,0,0,0,0,0,0
2026-08-18T10:50:18Z,CE35193F35A98837,18.4,queries/tpch/tpch-queries/q16/v1_materialized.sql,measured,2,4,5,3,0.197,242.155,10,4,18314,1268616,16013,28304312,52681,3,partsupp;supplier;part;_m,22646,0,0,0,0,0,0
2026-08-18T10:50:18Z,CE35193F35A98837,18.4,queries/tpch/tpch-queries/q16/v1_materialized.sql,measured,2,5,5,3,0.209,249.316,10,4,18314,1268616,16013,28304312,52681,3,partsupp;supplier;part;_m,22646,0,0,0,0,0,0
2026-08-18T10:50:19Z,CE35193F35A98837,18.4,queries/tpch/tpch-queries/q16/v1_materialized.sql,measured,3,1,5,3,0.744,234.166,10,4,18314,1268616,16013,28304312,52681,3,partsupp;supplier;part;_m,22649,0,0,0,0,0,0
2026-08-18T10:50:19Z,CE35193F35A98837,18.4,queries/tpch/tpch-queries/q16/v1_materialized.sql,measured,3,2,5,3,0.187,230.342,10,4,18314,1268616,16013,28304312,52681,3,partsupp;supplier;part;_m,22646,0,0,0,0,0,0
2026-08-18T10:50:19Z,CE35193F35A98837,18.4,queries/tpch/tpch-queries/q16/v1_materialized.sql,measured,3,3,5,3,0.206,233.282,10,4,18314,1268616,16013,28304312,52681,3,partsupp;supplier;part;_m,22646,0,0,0,0,0,0
2026-08-18T10:50:19Z,CE35193F35A98837,18.4,queries/tpch/tpch-queries/q16/v1_materialized.sql,measured,3,4,5,3,0.188,232.359,10,4,18314,1268616,16013,28304312,52681,3,partsupp;supplier;part;_m,22646,0,0,0,0,0,0
2026-08-18T10:50:19Z,CE35193F35A98837,18.4,queries/tpch/tpch-queries/q16/v1_materialized.sql,measured,3,5,5,3,0.188,232.136,10,4,18314,1268616,16013,28304312,52681,3,partsupp;supplier;part;_m,22646,0,0,0,0,0,0
2026-08-18T10:50:19Z,CE35193F35A98837,18.4,queries/tpch/tpch-queries/q16/v2_not_exists.sql,warmup,1,1,1,3,0.817,221.810,11,3,18314,1368962,16013,29303840,52601,3,partsupp;part;supplier,22649,0,0,0,0,0,0
2026-08-18T10:50:19Z,CE35193F35A98837,18.4,queries/tpch/tpch-queries/q16/v2_not_exists.sql,warmup,2,1,1,3,0.741,230.647,11,3,18314,1368962,16013,29303840,52601,3,partsupp;part;supplier,22649,0,0,0,0,0,0
2026-08-18T10:50:21Z,CE35193F35A98837,18.4,queries/tpch/tpch-queries/q16/v2_not_exists.sql,measured,1,1,5,3,0.713,210.511,11,3,18314,1368962,16013,29303840,52601,3,partsupp;part;supplier,22649,0,0,0,0,0,0
2026-08-18T10:50:21Z,CE35193F35A98837,18.4,queries/tpch/tpch-queries/q16/v2_not_exists.sql,measured,1,2,5,3,0.203,212.905,11,3,18314,1368962,16013,29303840,52601,3,partsupp;part;supplier,22646,0,0,0,0,0,0
2026-08-18T10:50:21Z,CE35193F35A98837,18.4,queries/tpch/tpch-queries/q16/v2_not_exists.sql,measured,1,3,5,3,0.198,213.285,11,3,18314,1368962,16013,29303840,52601,3,partsupp;part;supplier,22646,0,0,0,0,0,0
2026-08-18T10:50:21Z,CE35193F35A98837,18.4,queries/tpch/tpch-queries/q16/v2_not_exists.sql,measured,1,4,5,3,0.198,215.008,11,3,18314,1368962,16013,29303840,52601,3,partsupp;part;supplier,22646,0,0,0,0,0,0
2026-08-18T10:50:21Z,CE35193F35A98837,18.4,queries/tpch/tpch-queries/q16/v2_not_exists.sql,measured,1,5,5,3,0.195,213.403,11,3,18314,1368962,16013,29303840,52601,3,partsupp;part;supplier,22646,0,0,0,0,0,0
2026-08-18T10:50:22Z,CE35193F35A98837,18.4,queries/tpch/tpch-queries/q16/v2_not_exists.sql,measured,2,1,5,3,0.815,220.422,11,3,18314,1368962,16013,29303840,52601,3,partsupp;part;supplier,22649,0,0,0,0,0,0
2026-08-18T10:50:22Z,CE35193F35A98837,18.4,queries/tpch/tpch-queries/q16/v2_not_exists.sql,measured,2,2,5,3,0.204,223.570,11,3,18314,1368962,16013,29303840,52601,3,partsupp;part;supplier,22646,0,0,0,0,0,0
2026-08-18T10:50:22Z,CE35193F35A98837,18.4,queries/tpch/tpch-queries/q16/v2_not_exists.sql,measured,2,3,5,3,0.223,225.284,11,3,18314,1368962,16013,29303840,52601,3,partsupp;part;supplier,22646,0,0,0,0,0,0
2026-08-18T10:50:22Z,CE35193F35A98837,18.4,queries/tpch/tpch-queries/q16/v2_not_exists.sql,measured,2,4,5,3,0.224,223.092,11,3,18314,1368962,16013,29303840,52601,3,partsupp;part;supplier,22646,0,0,0,0,0,0
2026-08-18T10:50:22Z,CE35193F35A98837,18.4,queries/tpch/tpch-queries/q16/v2_not_exists.sql,measured,2,5,5,3,0.212,224.864,11,3,18314,1368962,16013,29303840,52601,3,partsupp;part;supplier,22646,0,0,0,0,0,0
2026-08-18T10:50:23Z,CE35193F35A98837,18.4,queries/tpch/tpch-queries/q16/v2_not_exists.sql,measured,3,1,5,3,0.884,215.387,11,3,18314,1368962,16013,29303840,52601,3,partsupp;part;supplier,22649,0,0,0,0,0,0
2026-08-18T10:50:23Z,CE35193F35A98837,18.4,queries/tpch/tpch-queries/q16/v2_not_exists.sql,measured,3,2,5,3,0.222,216.323,11,3,18314,1368962,16013,29303840,52601,3,partsupp;part;supplier,22646,0,0,0,0,0,0
2026-08-18T10:50:23Z,CE35193F35A98837,18.4,queries/tpch/tpch-queries/q16/v2_not_exists.sql,measured,3,3,5,3,0.201,214.444,11,3,18314,1368962,16013,29303840,52601,3,partsupp;part;supplier,22646,0,0,0,0,0,0
2026-08-18T10:50:23Z,CE35193F35A98837,18.4,queries/tpch/tpch-queries/q16/v2_not_exists.sql,measured,3,4,5,3,0.198,215.431,11,3,18314,1368962,16013,29303840,52601,3,partsupp;part;supplier,22646,0,0,0,0,0,0
2026-08-18T10:50:23Z,CE35193F35A98837,18.4,queries/tpch/tpch-queries/q16/v2_not_exists.sql,measured,3,5,5,3,0.201,216.551,11,3,18314,1368962,16013,29303840,52601,3,partsupp;part;supplier,22646,0,0,0,0,0,0
2026-08-18T10:50:29Z,CE35193F35A98837,18.4,queries/tpch/tpch-queries/q17/v2_decorrelate.sql,warmup,1,1,1,3,0.777,5439.358,11,3,1,38008486,1,444097162,39959,4,lineitem;part,679728,0,0,0,0,0,0
2026-08-18T10:50:34Z,CE35193F35A98837,18.4,queries/tpch/tpch-queries/q17/v2_decorrelate.sql,warmup,2,1,1,3,0.742,5458.108,11,3,1,38008486,1,444097162,39959,4,lineitem;part,679728,0,0,0,0,0,0
2026-08-18T10:51:01Z,CE35193F35A98837,18.4,queries/tpch/tpch-queries/q17/v2_decorrelate.sql,measured,1,1,5,3,0.729,5435.087,11,3,1,38008486,1,444097162,39959,4,lineitem;part,679728,0,0,0,0,0,0
2026-08-18T10:51:01Z,CE35193F35A98837,18.4,queries/tpch/tpch-queries/q17/v2_decorrelate.sql,measured,1,2,5,3,0.157,5380.130,11,3,1,38008486,1,444097162,39959,4,lineitem;part,679728,0,0,0,0,0,0
2026-08-18T10:51:01Z,CE35193F35A98837,18.4,queries/tpch/tpch-queries/q17/v2_decorrelate.sql,measured,1,3,5,3,0.164,5377.168,11,3,1,38008486,1,444097162,39959,4,lineitem;part,679728,0,0,0,0,0,0
2026-08-18T10:51:01Z,CE35193F35A98837,18.4,queries/tpch/tpch-queries/q17/v2_decorrelate.sql,measured,1,4,5,3,0.154,5384.423,11,3,1,38008486,1,444097162,39959,4,lineitem;part,679728,0,0,0,0,0,0
2026-08-18T10:51:01Z,CE35193F35A98837,18.4,queries/tpch/tpch-queries/q17/v2_decorrelate.sql,measured,1,5,5,3,0.155,5467.459,11,3,1,38008486,1,444097162,39959,4,lineitem;part,679728,0,0,0,0,0,0
2026-08-18T10:51:28Z,CE35193F35A98837,18.4,queries/tpch/tpch-queries/q17/v2_decorrelate.sql,measured,2,1,5,3,0.676,5425.792,11,3,1,38008486,1,444097162,39959,4,lineitem;part,679728,0,0,0,0,0,0
2026-08-18T10:51:28Z,CE35193F35A98837,18.4,queries/tpch/tpch-queries/q17/v2_decorrelate.sql,measured,2,2,5,3,0.185,5400.783,11,3,1,38008486,1,444097162,39959,4,lineitem;part,679728,0,0,0,0,0,0
2026-08-18T10:51:28Z,CE35193F35A98837,18.4,queries/tpch/tpch-queries/q17/v2_decorrelate.sql,measured,2,3,5,3,0.155,5391.472,11,3,1,38008486,1,444097162,39959,4,lineitem;part,679728,0,0,0,0,0,0
2026-08-18T10:51:28Z,CE35193F35A98837,18.4,queries/tpch/tpch-queries/q17/v2_decorrelate.sql,measured,2,4,5,3,0.155,5377.775,11,3,1,38008486,1,444097162,39959,4,lineitem;part,679728,0,0,0,0,0,0
2026-08-18T10:51:28Z,CE35193F35A98837,18.4,queries/tpch/tpch-queries/q17/v2_decorrelate.sql,measured,2,5,5,3,0.156,5391.119,11,3,1,38008486,1,444097162,39959,4,lineitem;part,679728,0,0,0,0,0,0
2026-08-18T10:51:55Z,CE35193F35A98837,18.4,queries/tpch/tpch-queries/q17/v2_decorrelate.sql,measured,3,1,5,3,0.683,5404.642,11,3,1,38008486,1,444097162,39959,4,lineitem;part,679728,0,0,0,0,0,0
2026-08-18T10:51:55Z,CE35193F35A98837,18.4,queries/tpch/tpch-queries/q17/v2_decorrelate.sql,measured,3,2,5,3,0.158,5384.974,11,3,1,38008486,1,444097162,39959,4,lineitem;part,679728,0,0,0,0,0,0
2026-08-18T10:51:55Z,CE35193F35A98837,18.4,queries/tpch/tpch-queries/q17/v2_decorrelate.sql,measured,3,3,5,3,0.162,5382.710,11,3,1,38008486,1,444097162,39959,4,lineitem;part,679728,0,0,0,0,0,0
2026-08-18T10:51:55Z,CE35193F35A98837,18.4,queries/tpch/tpch-queries/q17/v2_decorrelate.sql,measured,3,4,5,3,0.153,5398.870,11,3,1,38008486,1,444097162,39959,4,lineitem;part,679728,0,0,0,0,0,0
2026-08-18T10:51:55Z,CE35193F35A98837,18.4,queries/tpch/tpch-queries/q17/v2_decorrelate.sql,measured,3,5,5,3,0.163,5378.271,11,3,1,38008486,1,444097162,39959,4,lineitem;part,679728,0,0,0,0,0,0
2026-08-18T10:51:59Z,CE35193F35A98837,18.4,queries/tpch/tpch-queries/q18/base.sql,warmup,1,1,1,3,1.309,3800.783,14,4,57,25806453,100,252983416,1499943,3,orders;lineitem;customer,480458,0,0,0,55504,98120,0
2026-08-18T10:52:03Z,CE35193F35A98837,18.4,queries/tpch/tpch-queries/q18/base.sql,warmup,2,1,1,3,1.976,3892.403,14,4,57,25806453,100,252983416,1499943,3,orders;lineitem;customer,480458,0,0,0,55504,98120,0
2026-08-18T10:52:24Z,CE35193F35A98837,18.4,queries/tpch/tpch-queries/q18/base.sql,measured,1,1,5,3,1.254,3942.217,14,4,57,25806453,100,252983416,1499943,3,orders;lineitem;customer,480458,0,0,0,55504,98120,0
2026-08-18T10:52:24Z,CE35193F35A98837,18.4,queries/tpch/tpch-queries/q18/base.sql,measured,1,2,5,3,0.519,3961.937,14,4,57,25806453,100,252983416,1499943,3,orders;lineitem;customer,480458,0,0,0,55504,98120,0
2026-08-18T10:52:24Z,CE35193F35A98837,18.4,queries/tpch/tpch-queries/q18/base.sql,measured,1,3,5,3,0.522,4042.348,14,4,57,25806453,100,252983416,1499943,3,orders;lineitem;customer,480458,0,0,0,55504,98120,0
2026-08-18T10:52:24Z,CE35193F35A98837,18.4,queries/tpch/tpch-queries/q18/base.sql,measured,1,4,5,3,0.509,4100.134,14,4,57,25806453,100,252983416,1499943,3,orders;lineitem;customer,480458,0,0,0,55504,98120,0
2026-08-18T10:52:24Z,CE35193F35A98837,18.4,queries/tpch/tpch-queries/q18/base.sql,measured,1,5,5,3,0.556,4306.597,14,4,57,25806453,100,252983416,1499943,3,orders;lineitem;customer,480458,0,0,0,55504,98120,0
2026-08-18T10:52:45Z,CE35193F35A98837,18.4,queries/tpch/tpch-queries/q18/base.sql,measured,2,1,5,3,1.728,4343.538,14,4,57,25806453,100,252983416,1499943,3,orders;lineitem;customer,480458,0,0,0,55504,98120,0
2026-08-18T10:52:45Z,CE35193F35A98837,18.4,queries/tpch/tpch-queries/q18/base.sql,measured,2,2,5,3,0.529,4306.095,14,4,57,25806453,100,252983416,1499943,3,orders;lineitem;customer,480458,0,0,0,55504,98120,0
2026-08-18T10:52:45Z,CE35193F35A98837,18.4,queries/tpch/tpch-queries/q18/base.sql,measured,2,3,5,3,0.557,4317.435,14,4,57,25806453,100,252983416,1499943,3,orders;lineitem;customer,480458,0,0,0,55504,98120,0
2026-08-18T10:52:45Z,CE35193F35A98837,18.4,queries/tpch/tpch-queries/q18/base.sql,measured,2,4,5,3,0.548,4339.620,14,4,57,25806453,100,252983416,1499943,3,orders;lineitem;customer,480458,0,0,0,55504,98120,0
2026-08-18T10:52:45Z,CE35193F35A98837,18.4,queries/tpch/tpch-queries/q18/base.sql,measured,2,5,5,3,0.547,4357.173,14,4,57,25806453,100,252983416,1499943,3,orders;lineitem;customer,480458,0,0,0,55504,98120,0
2026-08-18T10:53:07Z,CE35193F35A98837,18.4,queries/tpch/tpch-queries/q18/base.sql,measured,3,1,5,3,1.548,4342.120,14,4,57,25806453,100,252983416,1499943,3,orders;lineitem;customer,480458,0,0,0,55504,98120,0
2026-08-18T10:53:07Z,CE35193F35A98837,18.4,queries/tpch/tpch-queries/q18/base.sql,measured,3,2,5,3,0.551,4311.142,14,4,57,25806453,100,252983416,1499943,3,orders;lineitem;customer,480458,0,0,0,55504,98120,0
2026-08-18T10:53:07Z,CE35193F35A98837,18.4,queries/tpch/tpch-queries/q18/base.sql,measured,3,3,5,3,0.560,4311.682,14,4,57,25806453,100,252983416,1499943,3,orders;lineitem;customer,480458,0,0,0,55504,98120,0
2026-08-18T10:53:07Z,CE35193F35A98837,18.4,queries/tpch/tpch-queries/q18/base.sql,measured,3,4,5,3,0.557,4320.902,14,4,57,25806453,100,252983416,1499943,3,orders;lineitem;customer,480458,0,0,0,55504,98120,0
2026-08-18T10:53:07Z,CE35193F35A98837,18.4,queries/tpch/tpch-queries/q18/base.sql,measured,3,5,5,3,0.561,4312.407,14,4,57,25806453,100,252983416,1499943,3,orders;lineitem;customer,480458,0,0,0,55504,98120,0
2026-08-18T10:53:12Z,CE35193F35A98837,18.4,queries/tpch/tpch-queries/q18/v1_materialized.sql,warmup,1,1,1,3,1.631,4367.765,15,5,57,25806850,100,253014164,1499943,3,orders;lineitem;customer;_m,480377,0,0,0,55504,98120,0
2026-08-18T10:53:16Z,CE35193F35A98837,18.4,queries/tpch/tpch-queries/q18/v1_materialized.sql,warmup,2,1,1,3,1.470,4371.000,15,5,57,25806850,100,253014164,1499943,3,orders;lineitem;customer;_m,480377,0,0,0,55504,98120,0
2026-08-18T10:53:38Z,CE35193F35A98837,18.4,queries/tpch/tpch-queries/q18/v1_materialized.sql,measured,1,1,5,3,2.035,4371.111,15,5,57,25806850,100,253014164,1499943,3,orders;lineitem;customer;_m,480377,0,0,0,55504,98120,0
2026-08-18T10:53:38Z,CE35193F35A98837,18.4,queries/tpch/tpch-queries/q18/v1_materialized.sql,measured,1,2,5,3,0.445,4324.011,15,5,57,25806850,100,253014164,1499943,3,orders;lineitem;customer;_m,480371,0,0,0,55504,98120,0
2026-08-18T10:53:38Z,CE35193F35A98837,18.4,queries/tpch/tpch-queries/q18/v1_materialized.sql,measured,1,3,5,3,0.443,4317.841,15,5,57,25806850,100,253014164,1499943,3,orders;lineitem;customer;_m,480371,0,0,0,55504,98120,0
2026-08-18T10:53:38Z,CE35193F35A98837,18.4,queries/tpch/tpch-queries/q18/v1_materialized.sql,measured,1,4,5,3,0.441,4315.186,15,5,57,25806850,100,253014164,1499943,3,orders;lineitem;customer;_m,480371,0,0,0,55504,98120,0
2026-08-18T10:53:38Z,CE35193F35A98837,18.4,queries/tpch/tpch-queries/q18/v1_materialized.sql,measured,1,5,5,3,0.447,4308.556,15,5,57,25806850,100,253014164,1499943,3,orders;lineitem;customer;_m,480371,0,0,0,55504,98120,0
2026-08-18T10:54:00Z,CE35193F35A98837,18.4,queries/tpch/tpch-queries/q18/v1_materialized.sql,measured,2,1,5,3,1.618,4370.572,15,5,57,25806850,100,253014164,1499943,3,orders;lineitem;customer;_m,480377,0,0,0,55504,98120,0
2026-08-18T10:54:00Z,CE35193F35A98837,18.4,queries/tpch/tpch-queries/q18/v1_materialized.sql,measured,2,2,5,3,0.455,4388.562,15,5,57,25806850,100,253014164,1499943,3,orders;lineitem;customer;_m,480371,0,0,0,55504,98120,0
2026-08-18T10:54:00Z,CE35193F35A98837,18.4,queries/tpch/tpch-queries/q18/v1_materialized.sql,measured,2,3,5,3,0.447,4331.588,15,5,57,25806850,100,253014164,1499943,3,orders;lineitem;customer;_m,480371,0,0,0,55504,98120,0
2026-08-18T10:54:00Z,CE35193F35A98837,18.4,queries/tpch/tpch-queries/q18/v1_materialized.sql,measured,2,4,5,3,0.456,4319.958,15,5,57,25806850,100,253014164,1499943,3,orders;lineitem;customer;_m,480371,0,0,0,55504,98120,0
2026-08-18T10:54:00Z,CE35193F35A98837,18.4,queries/tpch/tpch-queries/q18/v1_materialized.sql,measured,2,5,5,3,0.446,4326.418,15,5,57,25806850,100,253014164,1499943,3,orders;lineitem;customer;_m,480371,0,0,0,55504,98120,0
2026-08-18T10:54:21Z,CE35193F35A98837,18.4,queries/tpch/tpch-queries/q18/v1_materialized.sql,measured,3,1,5,3,1.612,4366.783,15,5,57,25806850,100,253014164,1499943,3,orders;lineitem;customer;_m,480377,0,0,0,55504,98120,0
2026-08-18T10:54:21Z,CE35193F35A98837,18.4,queries/tpch/tpch-queries/q18/v1_materialized.sql,measured,3,2,5,3,0.435,4325.284,15,5,57,25806850,100,253014164,1499943,3,orders;lineitem;customer;_m,480371,0,0,0,55504,98120,0
2026-08-18T10:54:21Z,CE35193F35A98837,18.4,queries/tpch/tpch-queries/q18/v1_materialized.sql,measured,3,3,5,3,0.456,4328.373,15,5,57,25806850,100,253014164,1499943,3,orders;lineitem;customer;_m,480371,0,0,0,55504,98120,0
2026-08-18T10:54:21Z,CE35193F35A98837,18.4,queries/tpch/tpch-queries/q18/v1_materialized.sql,measured,3,4,5,3,0.446,4328.727,15,5,57,25806850,100,253014164,1499943,3,orders;lineitem;customer;_m,480371,0,0,0,55504,98120,0
2026-08-18T10:54:21Z,CE35193F35A98837,18.4,queries/tpch/tpch-queries/q18/v1_materialized.sql,measured,3,5,5,3,0.444,4326.279,15,5,57,25806850,100,253014164,1499943,3,orders;lineitem;customer;_m,480371,0,0,0,55504,98120,0
2026-08-18T10:54:26Z,CE35193F35A98837,18.4,queries/tpch/tpch-queries/q18/v2_join.sql,warmup,1,1,1,3,1.264,4354.491,14,4,57,25806453,100,252983416,1499943,3,orders;lineitem;customer,480458,0,0,0,55504,98120,0
2026-08-18T10:54:30Z,CE35193F35A98837,18.4,queries/tpch/tpch-queries/q18/v2_join.sql,warmup,2,1,1,3,1.667,4359.847,14,4,57,25806453,100,252983416,1499943,3,orders;lineitem;customer,480458,0,0,0,55504,98120,0
2026-08-18T10:54:52Z,CE35193F35A98837,18.4,queries/tpch/tpch-queries/q18/v2_join.sql,measured,1,1,5,3,1.702,4352.807,14,4,57,25806453,100,252983416,1499943,3,orders;lineitem;customer,480458,0,0,0,55504,98120,0
2026-08-18T10:54:52Z,CE35193F35A98837,18.4,queries/tpch/tpch-queries/q18/v2_join.sql,measured,1,2,5,3,0.542,4316.786,14,4,57,25806453,100,252983416,1499943,3,orders;lineitem;customer,480458,0,0,0,55504,98120,0
2026-08-18T10:54:52Z,CE35193F35A98837,18.4,queries/tpch/tpch-queries/q18/v2_join.sql,measured,1,3,5,3,0.546,4311.251,14,4,57,25806453,100,252983416,1499943,3,orders;lineitem;customer,480458,0,0,0,55504,98120,0
2026-08-18T10:54:52Z,CE35193F35A98837,18.4,queries/tpch/tpch-queries/q18/v2_join.sql,measured,1,4,5,3,0.532,4318.204,14,4,57,25806453,100,252983416,1499943,3,orders;lineitem;customer,480458,0,0,0,55504,98120,0
2026-08-18T10:54:52Z,CE35193F35A98837,18.4,queries/tpch/tpch-queries/q18/v2_join.sql,measured,1,5,5,3,0.684,4363.495,14,4,57,25806453,100,252983416,1499943,3,orders;lineitem;customer,480458,0,0,0,55504,98120,0
2026-08-18T10:55:14Z,CE35193F35A98837,18.4,queries/tpch/tpch-queries/q18/v2_join.sql,measured,2,1,5,3,1.303,4366.628,14,4,57,25806453,100,252983416,1499943,3,orders;lineitem;customer,480458,0,0,0,55504,98120,0
2026-08-18T10:55:14Z,CE35193F35A98837,18.4,queries/tpch/tpch-queries/q18/v2_join.sql,measured,2,2,5,3,0.530,4319.100,14,4,57,25806453,100,252983416,1499943,3,orders;lineitem;customer,480458,0,0,0,55504,98120,0
2026-08-18T10:55:14Z,CE35193F35A98837,18.4,queries/tpch/tpch-queries/q18/v2_join.sql,measured,2,3,5,3,0.562,4305.592,14,4,57,25806453,100,252983416,1499943,3,orders;lineitem;customer,480458,0,0,0,55504,98120,0
2026-08-18T10:55:14Z,CE35193F35A98837,18.4,queries/tpch/tpch-queries/q18/v2_join.sql,measured,2,4,5,3,0.598,4316.825,14,4,57,25806453,100,252983416,1499943,3,orders;lineitem;customer,480458,0,0,0,55504,98120,0
2026-08-18T10:55:14Z,CE35193F35A98837,18.4,queries/tpch/tpch-queries/q18/v2_join.sql,measured,2,5,5,3,0.532,4315.615,14,4,57,25806453,100,252983416,1499943,3,orders;lineitem;customer,480458,0,0,0,55504,98120,0
2026-08-18T10:55:36Z,CE35193F35A98837,18.4,queries/tpch/tpch-queries/q18/v2_join.sql,measured,3,1,5,3,1.950,4359.299,14,4,57,25806453,100,252983416,1499943,3,orders;lineitem;customer,480458,0,0,0,55504,98120,0
2026-08-18T10:55:36Z,CE35193F35A98837,18.4,queries/tpch/tpch-queries/q18/v2_join.sql,measured,3,2,5,3,0.523,4327.223,14,4,57,25806453,100,252983416,1499943,3,orders;lineitem;customer,480458,0,0,0,55504,98120,0
2026-08-18T10:55:36Z,CE35193F35A98837,18.4,queries/tpch/tpch-queries/q18/v2_join.sql,measured,3,3,5,3,0.543,4304.923,14,4,57,25806453,100,252983416,1499943,3,orders;lineitem;customer,480458,0,0,0,55504,98120,0
2026-08-18T10:55:36Z,CE35193F35A98837,18.4,queries/tpch/tpch-queries/q18/v2_join.sql,measured,3,4,5,3,0.538,4311.756,14,4,57,25806453,100,252983416,1499943,3,orders;lineitem;customer,480458,0,0,0,55504,98120,0
2026-08-18T10:55:36Z,CE35193F35A98837,18.4,queries/tpch/tpch-queries/q18/v2_join.sql,measured,3,5,5,3,0.536,4316.399,14,4,57,25806453,100,252983416,1499943,3,orders;lineitem;customer,480458,0,0,0,55504,98120,0
2026-08-18T10:55:36Z,CE35193F35A98837,18.4,queries/tpch/tpch-queries/q19/base.sql,warmup,1,1,1,3,1.346,457.351,7,2,1,129471,1,2726662,1214472,4,lineitem;part,116728,0,0,0,0,0,0
2026-08-18T10:55:37Z,CE35193F35A98837,18.4,queries/tpch/tpch-queries/q19/base.sql,warmup,2,1,1,3,0.822,429.465,7,2,1,129471,1,2726662,1214472,4,lineitem;part,116728,0,0,0,0,0,0
2026-08-18T10:55:39Z,CE35193F35A98837,18.4,queries/tpch/tpch-queries/q19/base.sql,measured,1,1,5,3,1.000,448.296,7,2,1,129471,1,2726662,1214472,4,lineitem;part,116728,0,0,0,0,0,0
2026-08-18T10:55:39Z,CE35193F35A98837,18.4,queries/tpch/tpch-queries/q19/base.sql,measured,1,2,5,3,0.240,444.029,7,2,1,129471,1,2726662,1214472,4,lineitem;part,116728,0,0,0,0,0,0
2026-08-18T10:55:39Z,CE35193F35A98837,18.4,queries/tpch/tpch-queries/q19/base.sql,measured,1,3,5,3,0.253,447.731,7,2,1,129471,1,2726662,1214472,4,lineitem;part,116728,0,0,0,0,0,0
2026-08-18T10:55:39Z,CE35193F35A98837,18.4,queries/tpch/tpch-queries/q19/base.sql,measured,1,4,5,3,0.251,443.392,7,2,1,129471,1,2726662,1214472,4,lineitem;part,116728,0,0,0,0,0,0
2026-08-18T10:55:39Z,CE35193F35A98837,18.4,queries/tpch/tpch-queries/q19/base.sql,measured,1,5,5,3,0.244,441.427,7,2,1,129471,1,2726662,1214472,4,lineitem;part,116728,0,0,0,0,0,0
2026-08-18T10:55:41Z,CE35193F35A98837,18.4,queries/tpch/tpch-queries/q19/base.sql,measured,2,1,5,3,1.201,476.820,7,2,1,129471,1,2726662,1214472,4,lineitem;part,116728,0,0,0,0,0,0
2026-08-18T10:55:41Z,CE35193F35A98837,18.4,queries/tpch/tpch-queries/q19/base.sql,measured,2,2,5,3,0.218,425.893,7,2,1,129471,1,2726662,1214472,4,lineitem;part,116728,0,0,0,0,0,0
2026-08-18T10:55:41Z,CE35193F35A98837,18.4,queries/tpch/tpch-queries/q19/base.sql,measured,2,3,5,3,0.255,443.871,7,2,1,129471,1,2726662,1214472,4,lineitem;part,116728,0,0,0,0,0,0
2026-08-18T10:55:41Z,CE35193F35A98837,18.4,queries/tpch/tpch-queries/q19/base.sql,measured,2,4,5,3,0.246,443.403,7,2,1,129471,1,2726662,1214472,4,lineitem;part,116728,0,0,0,0,0,0
2026-08-18T10:55:41Z,CE35193F35A98837,18.4,queries/tpch/tpch-queries/q19/base.sql,measured,2,5,5,3,0.245,443.304,7,2,1,129471,1,2726662,1214472,4,lineitem;part,116728,0,0,0,0,0,0
2026-08-18T10:55:44Z,CE35193F35A98837,18.4,queries/tpch/tpch-queries/q19/base.sql,measured,3,1,5,3,1.249,467.968,7,2,1,129471,1,2726662,1214472,4,lineitem;part,116728,0,0,0,0,0,0
2026-08-18T10:55:44Z,CE35193F35A98837,18.4,queries/tpch/tpch-queries/q19/base.sql,measured,3,2,5,3,0.219,426.029,7,2,1,129471,1,2726662,1214472,4,lineitem;part,116728,0,0,0,0,0,0
2026-08-18T10:55:44Z,CE35193F35A98837,18.4,queries/tpch/tpch-queries/q19/base.sql,measured,3,3,5,3,0.245,443.951,7,2,1,129471,1,2726662,1214472,4,lineitem;part,116728,0,0,0,0,0,0
2026-08-18T10:55:44Z,CE35193F35A98837,18.4,queries/tpch/tpch-queries/q19/base.sql,measured,3,4,5,3,0.236,441.836,7,2,1,129471,1,2726662,1214472,4,lineitem;part,116728,0,0,0,0,0,0
2026-08-18T10:55:44Z,CE35193F35A98837,18.4,queries/tpch/tpch-queries/q19/base.sql,measured,3,5,5,3,0.251,441.308,7,2,1,129471,1,2726662,1214472,4,lineitem;part,116728,0,0,0,0,0,0
2026-08-18T10:55:44Z,CE35193F35A98837,18.4,queries/tpch/tpch-queries/q19/v1_materialized.sql,warmup,1,1,1,3,1.424,473.745,8,3,1,129472,1,2726694,1214472,4,_m;lineitem;part,116728,0,0,0,0,0,0
2026-08-18T10:55:45Z,CE35193F35A98837,18.4,queries/tpch/tpch-queries/q19/v1_materialized.sql,warmup,2,1,1,3,1.525,476.982,8,3,1,129472,1,2726694,1214472,4,_m;lineitem;part,116728,0,0,0,0,0,0
2026-08-18T10:55:47Z,CE35193F35A98837,18.4,queries/tpch/tpch-queries/q19/v1_materialized.sql,measured,1,1,5,3,1.099,462.011,8,3,1,129472,1,2726694,1214472,4,_m;lineitem;part,116728,0,0,0,0,0,0
2026-08-18T10:55:47Z,CE35193F35A98837,18.4,queries/tpch/tpch-queries/q19/v1_materialized.sql,measured,1,2,5,3,0.222,400.069,8,3,1,129472,1,2726694,1214472,4,_m;lineitem;part,116728,0,0,0,0,0,0
2026-08-18T10:55:47Z,CE35193F35A98837,18.4,queries/tpch/tpch-queries/q19/v1_materialized.sql,measured,1,3,5,3,0.267,441.159,8,3,1,129472,1,2726694,1214472,4,_m;lineitem;part,116728,0,0,0,0,0,0
2026-08-18T10:55:47Z,CE35193F35A98837,18.4,queries/tpch/tpch-queries/q19/v1_materialized.sql,measured,1,4,5,3,0.289,445.142,8,3,1,129472,1,2726694,1214472,4,_m;lineitem;part,116728,0,0,0,0,0,0
2026-08-18T10:55:47Z,CE35193F35A98837,18.4,queries/tpch/tpch-queries/q19/v1_materialized.sql,measured,1,5,5,3,0.269,442.844,8,3,1,129472,1,2726694,1214472,4,_m;lineitem;part,116728,0,0,0,0,0,0
2026-08-18T10:55:49Z,CE35193F35A98837,18.4,queries/tpch/tpch-queries/q19/v1_materialized.sql,measured,2,1,5,3,1.141,453.970,8,3,1,129472,1,2726694,1214472,4,_m;lineitem;part,116728,0,0,0,0,0,0
2026-08-18T10:55:49Z,CE35193F35A98837,18.4,queries/tpch/tpch-queries/q19/v1_materialized.sql,measured,2,2,5,3,0.255,436.625,8,3,1,129472,1,2726694,1214472,4,_m;lineitem;part,116728,0,0,0,0,0,0
2026-08-18T10:55:49Z,CE35193F35A98837,18.4,queries/tpch/tpch-queries/q19/v1_materialized.sql,measured,2,3,5,3,0.269,445.237,8,3,1,129472,1,2726694,1214472,4,_m;lineitem;part,116728,0,0,0,0,0,0
2026-08-18T10:55:49Z,CE35193F35A98837,18.4,queries/tpch/tpch-queries/q19/v1_materialized.sql,measured,2,4,5,3,0.268,442.874,8,3,1,129472,1,2726694,1214472,4,_m;lineitem;part,116728,0,0,0,0,0,0
2026-08-18T10:55:49Z,CE35193F35A98837,18.4,queries/tpch/tpch-queries/q19/v1_materialized.sql,measured,2,5,5,3,0.268,443.064,8,3,1,129472,1,2726694,1214472,4,_m;lineitem;part,116728,0,0,0,0,0,0
2026-08-18T10:55:52Z,CE35193F35A98837,18.4,queries/tpch/tpch-queries/q19/v1_materialized.sql,measured,3,1,5,3,1.220,464.812,8,3,1,129472,1,2726694,1214472,4,_m;lineitem;part,116728,0,0,0,0,0,0
2026-08-18T10:55:52Z,CE35193F35A98837,18.4,queries/tpch/tpch-queries/q19/v1_materialized.sql,measured,3,2,5,3,0.240,428.255,8,3,1,129472,1,2726694,1214472,4,_m;lineitem;part,116728,0,0,0,0,0,0
2026-08-18T10:55:52Z,CE35193F35A98837,18.4,queries/tpch/tpch-queries/q19/v1_materialized.sql,measured,3,3,5,3,0.270,442.561,8,3,1,129472,1,2726694,1214472,4,_m;lineitem;part,116728,0,0,0,0,0,0
2026-08-18T10:55:52Z,CE35193F35A98837,18.4,queries/tpch/tpch-queries/q19/v1_materialized.sql,measured,3,4,5,3,0.288,443.161,8,3,1,129472,1,2726694,1214472,4,_m;lineitem;part,116728,0,0,0,0,0,0
2026-08-18T10:55:52Z,CE35193F35A98837,18.4,queries/tpch/tpch-queries/q19/v1_materialized.sql,measured,3,5,5,3,0.268,440.023,8,3,1,129472,1,2726694,1214472,4,_m;lineitem;part,116728,0,0,0,0,0,0
2026-08-18T10:55:53Z,CE35193F35A98837,18.4,queries/tpch/tpch-queries/q19/v2_union_all.sql,warmup,1,1,1,3,1.325,1272.326,16,6,1,142506,1,2272532,6552196,4,lineitem;part,350184,0,0,0,0,0,0
2026-08-18T10:55:54Z,CE35193F35A98837,18.4,queries/tpch/tpch-queries/q19/v2_union_all.sql,warmup,2,1,1,3,1.107,1271.872,16,6,1,142506,1,2272532,6552196,4,lineitem;part,350184,0,0,0,0,0,0
2026-08-18T10:56:01Z,CE35193F35A98837,18.4,queries/tpch/tpch-queries/q19/v2_union_all.sql,measured,1,1,5,3,1.587,1280.727,16,6,1,142506,1,2272532,6552196,4,lineitem;part,350184,0,0,0,0,0,0
2026-08-18T10:56:01Z,CE35193F35A98837,18.4,queries/tpch/tpch-queries/q19/v2_union_all.sql,measured,1,2,5,3,0.340,1266.607,16,6,1,142506,1,2272532,6552196,4,lineitem;part,350184,0,0,0,0,0,0
2026-08-18T10:56:01Z,CE35193F35A98837,18.4,queries/tpch/tpch-queries/q19/v2_union_all.sql,measured,1,3,5,3,0.343,1260.354,16,6,1,142507,1,2272536,7544525,4,lineitem;part,350184,0,0,0,0,0,0
2026-08-18T10:56:01Z,CE35193F35A98837,18.4,queries/tpch/tpch-queries/q19/v2_union_all.sql,measured,1,4,5,3,0.332,1261.237,16,6,1,142506,1,2272532,6552196,4,lineitem;part,350184,0,0,0,0,0,0
2026-08-18T10:56:01Z,CE35193F35A98837,18.4,queries/tpch/tpch-queries/q19/v2_union_all.sql,measured,1,5,5,3,0.354,1266.743,16,6,1,142506,1,2272532,6552196,4,lineitem;part,350184,0,0,0,0,0,0
2026-08-18T10:56:07Z,CE35193F35A98837,18.4,queries/tpch/tpch-queries/q19/v2_union_all.sql,measured,2,1,5,3,1.265,1270.707,16,6,1,142506,1,2272532,6552196,4,lineitem;part,350184,0,0,0,0,0,0
2026-08-18T10:56:07Z,CE35193F35A98837,18.4,queries/tpch/tpch-queries/q19/v2_union_all.sql,measured,2,2,5,3,0.341,1264.125,16,6,1,142506,1,2272532,6552196,4,lineitem;part,350184,0,0,0,0,0,0
2026-08-18T10:56:07Z,CE35193F35A98837,18.4,queries/tpch/tpch-queries/q19/v2_union_all.sql,measured,2,3,5,3,0.330,1264.746,16,6,1,142506,1,2272532,6552196,4,lineitem;part,350184,0,0,0,0,0,0
2026-08-18T10:56:07Z,CE35193F35A98837,18.4,queries/tpch/tpch-queries/q19/v2_union_all.sql,measured,2,4,5,3,0.337,1262.961,16,6,1,142506,1,2272532,6552196,4,lineitem;part,350184,0,0,0,0,0,0
2026-08-18T10:56:07Z,CE35193F35A98837,18.4,queries/tpch/tpch-queries/q19/v2_union_all.sql,measured,2,5,5,3,0.330,1259.393,16,6,1,142506,1,2272532,6552196,4,lineitem;part,350184,0,0,0,0,0,0
2026-08-18T10:56:14Z,CE35193F35A98837,18.4,queries/tpch/tpch-queries/q19/v2_union_all.sql,measured,3,1,5,3,1.268,1269.011,16,6,1,142506,1,2272532,6552196,4,lineitem;part,350184,0,0,0,0,0,0
2026-08-18T10:56:14Z,CE35193F35A98837,18.4,queries/tpch/tpch-queries/q19/v2_union_all.sql,measured,3,2,5,3,0.331,1263.647,16,6,1,142506,1,2272532,6552196,4,lineitem;part,350184,0,0,0,0,0,0
2026-08-18T10:56:14Z,CE35193F35A98837,18.4,queries/tpch/tpch-queries/q19/v2_union_all.sql,measured,3,3,5,3,0.360,1256.216,16,6,1,142506,1,2272532,6552196,4,lineitem;part,350184,0,0,0,0,0,0
2026-08-18T10:56:14Z,CE35193F35A98837,18.4,queries/tpch/tpch-queries/q19/v2_union_all.sql,measured,3,4,5,3,0.329,1265.349,16,6,1,142506,1,2272532,6552196,4,lineitem;part,350184,0,0,0,0,0,0
2026-08-18T10:56:14Z,CE35193F35A98837,18.4,queries/tpch/tpch-queries/q19/v2_union_all.sql,measured,3,5,5,3,0.341,1252.255,16,6,1,142507,1,2272536,7544525,4,lineitem;part,350184,0,0,0,0,0,0
2026-08-18T10:56:14Z,CE35193F35A98837,18.4,queries/tpch/tpch-queries/q21/base.sql,warmup,1,1,1,3,3.399,538.859,19,6,100,4978080,1,49025860,744653,3,orders;lineitem;supplier;nation,471956,0,0,0,0,0,0
2026-08-18T10:56:15Z,CE35193F35A98837,18.4,queries/tpch/tpch-queries/q21/base.sql,warmup,2,1,1,3,1.926,528.220,19,6,100,4978080,1,49025860,744653,3,orders;lineitem;supplier;nation,471956,0,0,0,0,0,0
2026-08-18T10:56:18Z,CE35193F35A98837,18.4,queries/tpch/tpch-queries/q21/base.sql,measured,1,1,5,3,1.973,543.692,19,6,100,4978080,1,49025860,744653,3,orders;lineitem;supplier;nation,471956,0,0,0,0,0,0
2026-08-18T10:56:18Z,CE35193F35A98837,18.4,queries/tpch/tpch-queries/q21/base.sql,measured,1,2,5,3,1.110,520.650,19,6,100,4978080,1,49025860,744653,3,orders;lineitem;supplier;nation,471950,0,0,0,0,0,0
2026-08-18T10:56:18Z,CE35193F35A98837,18.4,queries/tpch/tpch-queries/q21/base.sql,measured,1,3,5,3,1.111,521.688,19,6,100,4978080,1,49025860,744653,3,orders;lineitem;supplier;nation,471950,0,0,0,0,0,0
2026-08-18T10:56:18Z,CE35193F35A98837,18.4,queries/tpch/tpch-queries/q21/base.sql,measured,1,4,5,3,1.109,523.129,19,6,100,4978080,1,49025860,744653,3,orders;lineitem;supplier;nation,471950,0,0,0,0,0,0
2026-08-18T10:56:18Z,CE35193F35A98837,18.4,queries/tpch/tpch-queries/q21/base.sql,measured,1,5,5,3,1.110,521.994,19,6,100,4978080,1,49025860,744653,3,orders;lineitem;supplier;nation,471950,0,0,0,0,0,0
2026-08-18T10:56:20Z,CE35193F35A98837,18.4,queries/tpch/tpch-queries/q21/base.sql,measured,2,1,5,3,1.920,530.914,19,6,100,4978080,1,49025860,744653,3,orders;lineitem;supplier;nation,471956,0,0,0,0,0,0
2026-08-18T10:56:20Z,CE35193F35A98837,18.4,queries/tpch/tpch-queries/q21/base.sql,measured,2,2,5,3,1.108,521.283,19,6,100,4978080,1,49025860,744653,3,orders;lineitem;supplier;nation,471950,0,0,0,0,0,0
2026-08-18T10:56:20Z,CE35193F35A98837,18.4,queries/tpch/tpch-queries/q21/base.sql,measured,2,3,5,3,1.111,521.093,19,6,100,4978080,1,49025860,744653,3,orders;lineitem;supplier;nation,471950,0,0,0,0,0,0
2026-08-18T10:56:20Z,CE35193F35A98837,18.4,queries/tpch/tpch-queries/q21/base.sql,measured,2,4,5,3,1.119,520.386,19,6,100,4978080,1,49025860,744653,3,orders;lineitem;supplier;nation,471950,0,0,0,0,0,0
2026-08-18T10:56:20Z,CE35193F35A98837,18.4,queries/tpch/tpch-queries/q21/base.sql,measured,2,5,5,3,1.111,522.160,19,6,100,4978080,1,49025860,744653,3,orders;lineitem;supplier;nation,471950,0,0,0,0,0,0
2026-08-18T10:56:23Z,CE35193F35A98837,18.4,queries/tpch/tpch-queries/q21/base.sql,measured,3,1,5,3,1.974,532.763,19,6,100,4978080,1,49025860,744653,3,orders;lineitem;supplier;nation,471956,0,0,0,0,0,0
2026-08-18T10:56:23Z,CE35193F35A98837,18.4,queries/tpch/tpch-queries/q21/base.sql,measured,3,2,5,3,1.124,522.336,19,6,100,4978080,1,49025860,744653,3,orders;lineitem;supplier;nation,471950,0,0,0,0,0,0
2026-08-18T10:56:23Z,CE35193F35A98837,18.4,queries/tpch/tpch-queries/q21/base.sql,measured,3,3,5,3,1.113,519.323,19,6,100,4978080,1,49025860,744653,3,orders;lineitem;supplier;nation,471950,0,0,0,0,0,0
2026-08-18T10:56:23Z,CE35193F35A98837,18.4,queries/tpch/tpch-queries/q21/base.sql,measured,3,4,5,3,1.128,521.841,19,6,100,4978080,1,49025860,744653,3,orders;lineitem;supplier;nation,471950,0,0,0,0,0,0
2026-08-18T10:56:23Z,CE35193F35A98837,18.4,queries/tpch/tpch-queries/q21/base.sql,measured,3,5,5,3,1.111,523.366,19,6,100,4978080,1,49025860,744653,3,orders;lineitem;supplier;nation,471950,0,0,0,0,0,0
2026-08-18T10:56:24Z,CE35193F35A98837,18.4,queries/tpch/tpch-queries/q21/v1_materialized.sql,warmup,1,1,1,3,1.671,528.659,20,7,100,4978491,1,49087492,744653,3,orders;lineitem;supplier;nation;_m,471956,0,0,0,0,0,0
2026-08-18T10:56:24Z,CE35193F35A98837,18.4,queries/tpch/tpch-queries/q21/v1_materialized.sql,warmup,2,1,1,3,1.644,533.080,20,7,100,4978491,1,49087492,744653,3,orders;lineitem;supplier;nation;_m,471956,0,0,0,0,0,0
2026-08-18T10:56:27Z,CE35193F35A98837,18.4,queries/tpch/tpch-queries/q21/v1_materialized.sql,measured,1,1,5,3,1.786,536.812,20,7,100,4978491,1,49087492,744653,3,orders;lineitem;supplier;nation;_m,471956,0,0,0,0,0,0
2026-08-18T10:56:27Z,CE35193F35A98837,18.4,queries/tpch/tpch-queries/q21/v1_materialized.sql,measured,1,2,5,3,0.808,520.367,20,7,100,4978491,1,49087492,744653,3,orders;lineitem;supplier;nation;_m,471950,0,0,0,0,0,0
2026-08-18T10:56:27Z,CE35193F35A98837,18.4,queries/tpch/tpch-queries/q21/v1_materialized.sql,measured,1,3,5,3,0.811,523.251,20,7,100,4978491,1,49087492,744653,3,orders;lineitem;supplier;nation;_m,471950,0,0,0,0,0,0
2026-08-18T10:56:27Z,CE35193F35A98837,18.4,queries/tpch/tpch-queries/q21/v1_materialized.sql,measured,1,4,5,3,0.820,519.687,20,7,100,4978491,1,49087492,744653,3,orders;lineitem;supplier;nation;_m,471950,0,0,0,0,0,0
2026-08-18T10:56:27Z,CE35193F35A98837,18.4,queries/tpch/tpch-queries/q21/v1_materialized.sql,measured,1,5,5,3,0.810,521.279,20,7,100,4978491,1,49087492,744653,3,orders;lineitem;supplier;nation;_m,471950,0,0,0,0,0,0
2026-08-18T10:56:30Z,CE35193F35A98837,18.4,queries/tpch/tpch-queries/q21/v1_materialized.sql,measured,2,1,5,3,1.646,534.406,20,7,100,4978491,1,49087492,744653,3,orders;lineitem;supplier;nation;_m,471956,0,0,0,0,0,0
2026-08-18T10:56:30Z,CE35193F35A98837,18.4,queries/tpch/tpch-queries/q21/v1_materialized.sql,measured,2,2,5,3,0.827,522.314,20,7,100,4978491,1,49087492,744653,3,orders;lineitem;supplier;nation;_m,471950,0,0,0,0,0,0
2026-08-18T10:56:30Z,CE35193F35A98837,18.4,queries/tpch/tpch-queries/q21/v1_materialized.sql,measured,2,3,5,3,0.818,519.964,20,7,100,4978491,1,49087492,744653,3,orders;lineitem;supplier;nation;_m,471950,0,0,0,0,0,0
2026-08-18T10:56:30Z,CE35193F35A98837,18.4,queries/tpch/tpch-queries/q21/v1_materialized.sql,measured,2,4,5,3,0.809,523.530,20,7,100,4978491,1,49087492,744653,3,orders;lineitem;supplier;nation;_m,471950,0,0,0,0,0,0
2026-08-18T10:56:30Z,CE35193F35A98837,18.4,queries/tpch/tpch-queries/q21/v1_materialized.sql,measured,2,5,5,3,0.810,518.666,20,7,100,4978491,1,49087492,744653,3,orders;lineitem;supplier;nation;_m,471950,0,0,0,0,0,0
2026-08-18T10:56:33Z,CE35193F35A98837,18.4,queries/tpch/tpch-queries/q21/v1_materialized.sql,measured,3,1,5,3,1.929,531.724,20,7,100,4978491,1,49087492,744653,3,orders;lineitem;supplier;nation;_m,471956,0,0,0,0,0,0
2026-08-18T10:56:33Z,CE35193F35A98837,18.4,queries/tpch/tpch-queries/q21/v1_materialized.sql,measured,3,2,5,3,0.827,520.586,20,7,100,4978491,1,49087492,744653,3,orders;lineitem;supplier;nation;_m,471950,0,0,0,0,0,0
2026-08-18T10:56:33Z,CE35193F35A98837,18.4,queries/tpch/tpch-queries/q21/v1_materialized.sql,measured,3,3,5,3,0.799,520.733,20,7,100,4978491,1,49087492,744653,3,orders;lineitem;supplier;nation;_m,471950,0,0,0,0,0,0
2026-08-18T10:56:33Z,CE35193F35A98837,18.4,queries/tpch/tpch-queries/q21/v1_materialized.sql,measured,3,4,5,3,0.817,521.360,20,7,100,4978491,1,49087492,744653,3,orders;lineitem;supplier;nation;_m,471950,0,0,0,0,0,0
2026-08-18T10:56:33Z,CE35193F35A98837,18.4,queries/tpch/tpch-queries/q21/v1_materialized.sql,measured,3,5,5,3,0.820,526.184,20,7,100,4978491,1,49087492,744653,3,orders;lineitem;supplier;nation;_m,471950,0,0,0,0,0,0
2026-08-18T10:56:33Z,CE35193F35A98837,18.4,queries/tpch/tpch-queries/q22/base.sql,warmup,1,1,1,3,0.987,69.882,10,3,7,76283,751,1451186,80960,2,customer;orders,64227,0,0,0,0,0,0
2026-08-18T10:56:33Z,CE35193F35A98837,18.4,queries/tpch/tpch-queries/q22/base.sql,warmup,2,1,1,3,0.890,63.876,10,3,7,76283,751,1451186,80960,2,customer;orders,64227,0,0,0,0,0,0
2026-08-18T10:56:33Z,CE35193F35A98837,18.4,queries/tpch/tpch-queries/q22/base.sql,measured,1,1,5,3,0.876,63.285,10,3,7,76283,751,1451186,80960,2,customer;orders,64227,0,0,0,0,0,0
2026-08-18T10:56:33Z,CE35193F35A98837,18.4,queries/tpch/tpch-queries/q22/base.sql,measured,1,2,5,3,0.209,53.905,10,3,7,76283,751,1451186,80960,2,customer;orders,64227,0,0,0,0,0,0
2026-08-18T10:56:33Z,CE35193F35A98837,18.4,queries/tpch/tpch-queries/q22/base.sql,measured,1,3,5,3,0.207,54.646,10,3,7,76283,751,1451186,80960,2,customer;orders,64227,0,0,0,0,0,0
2026-08-18T10:56:33Z,CE35193F35A98837,18.4,queries/tpch/tpch-queries/q22/base.sql,measured,1,4,5,3,0.215,55.342,10,3,7,76283,751,1451186,80960,2,customer;orders,64227,0,0,0,0,0,0
2026-08-18T10:56:33Z,CE35193F35A98837,18.4,queries/tpch/tpch-queries/q22/base.sql,measured,1,5,5,3,0.230,56.915,10,3,7,76283,751,1451186,80960,2,customer;orders,64227,0,0,0,0,0,0
2026-08-18T10:56:34Z,CE35193F35A98837,18.4,queries/tpch/tpch-queries/q22/base.sql,measured,2,1,5,3,1.231,85.815,10,3,7,76283,751,1451186,80960,2,customer;orders,64227,0,0,0,0,0,0
2026-08-18T10:56:34Z,CE35193F35A98837,18.4,queries/tpch/tpch-queries/q22/base.sql,measured,2,2,5,3,0.216,52.470,10,3,7,76283,751,1451186,80960,2,customer;orders,64227,0,0,0,0,0,0
2026-08-18T10:56:34Z,CE35193F35A98837,18.4,queries/tpch/tpch-queries/q22/base.sql,measured,2,3,5,3,0.206,52.912,10,3,7,76283,751,1451186,80960,2,customer;orders,64227,0,0,0,0,0,0
2026-08-18T10:56:34Z,CE35193F35A98837,18.4,queries/tpch/tpch-queries/q22/base.sql,measured,2,4,5,3,0.206,53.982,10,3,7,76283,751,1451186,80960,2,customer;orders,64227,0,0,0,0,0,0
2026-08-18T10:56:34Z,CE35193F35A98837,18.4,queries/tpch/tpch-queries/q22/base.sql,measured,2,5,5,3,0.205,54.310,10,3,7,76283,751,1451186,80960,2,customer;orders,64227,0,0,0,0,0,0
2026-08-18T10:56:34Z,CE35193F35A98837,18.4,queries/tpch/tpch-queries/q22/base.sql,measured,3,1,5,3,1.386,92.014,10,3,7,76283,751,1451186,80960,2,customer;orders,64227,0,0,0,0,0,0
2026-08-18T10:56:34Z,CE35193F35A98837,18.4,queries/tpch/tpch-queries/q22/base.sql,measured,3,2,5,3,0.225,54.182,10,3,7,76283,751,1451186,80960,2,customer;orders,64227,0,0,0,0,0,0
2026-08-18T10:56:34Z,CE35193F35A98837,18.4,queries/tpch/tpch-queries/q22/base.sql,measured,3,3,5,3,0.204,53.497,10,3,7,76283,751,1451186,80960,2,customer;orders,64227,0,0,0,0,0,0
2026-08-18T10:56:34Z,CE35193F35A98837,18.4,queries/tpch/tpch-queries/q22/base.sql,measured,3,4,5,3,0.209,54.363,10,3,7,76283,751,1451186,80960,2,customer;orders,64227,0,0,0,0,0,0
2026-08-18T10:56:34Z,CE35193F35A98837,18.4,queries/tpch/tpch-queries/q22/base.sql,measured,3,5,5,3,0.204,55.058,10,3,7,76283,751,1451186,80960,2,customer;orders,64227,0,0,0,0,0,0
2026-08-18T10:56:34Z,CE35193F35A98837,18.4,queries/tpch/tpch-queries/q22/v1_materialized.sql,warmup,1,1,1,3,1.280,87.846,11,4,7,76290,751,1451690,80960,2,_m;customer;orders,64227,0,0,0,0,0,0
2026-08-18T10:56:34Z,CE35193F35A98837,18.4,queries/tpch/tpch-queries/q22/v1_materialized.sql,warmup,2,1,1,3,0.901,54.036,11,4,7,76290,751,1451690,80960,2,_m;customer;orders,64227,0,0,0,0,0,0
2026-08-18T10:56:35Z,CE35193F35A98837,18.4,queries/tpch/tpch-queries/q22/v1_materialized.sql,measured,1,1,5,3,0.919,53.994,11,4,7,76290,751,1451690,80960,2,_m;customer;orders,64227,0,0,0,0,0,0
2026-08-18T10:56:35Z,CE35193F35A98837,18.4,queries/tpch/tpch-queries/q22/v1_materialized.sql,measured,1,2,5,3,0.226,53.342,11,4,7,76290,751,1451690,80960,2,_m;customer;orders,64227,0,0,0,0,0,0
2026-08-18T10:56:35Z,CE35193F35A98837,18.4,queries/tpch/tpch-queries/q22/v1_materialized.sql,measured,1,3,5,3,0.221,53.641,11,4,7,76290,751,1451690,80960,2,_m;customer;orders,64227,0,0,0,0,0,0
2026-08-18T10:56:35Z,CE35193F35A98837,18.4,queries/tpch/tpch-queries/q22/v1_materialized.sql,measured,1,4,5,3,0.221,54.215,11,4,7,76290,751,1451690,80960,2,_m;customer;orders,64227,0,0,0,0,0,0
2026-08-18T10:56:35Z,CE35193F35A98837,18.4,queries/tpch/tpch-queries/q22/v1_materialized.sql,measured,1,5,5,3,0.224,54.477,11,4,7,76290,751,1451690,80960,2,_m;customer;orders,64227,0,0,0,0,0,0
2026-08-18T10:56:35Z,CE35193F35A98837,18.4,queries/tpch/tpch-queries/q22/v1_materialized.sql,measured,2,1,5,3,1.460,91.829,11,4,7,76290,751,1451690,80960,2,_m;customer;orders,64227,0,0,0,0,0,0
2026-08-18T10:56:35Z,CE35193F35A98837,18.4,queries/tpch/tpch-queries/q22/v1_materialized.sql,measured,2,2,5,3,0.510,69.950,11,4,7,76290,751,1451690,80960,2,_m;customer;orders,64227,0,0,0,0,0,0
2026-08-18T10:56:35Z,CE35193F35A98837,18.4,queries/tpch/tpch-queries/q22/v1_materialized.sql,measured,2,3,5,3,0.224,53.269,11,4,7,76290,751,1451690,80960,2,_m;customer;orders,64227,0,0,0,0,0,0
2026-08-18T10:56:35Z,CE35193F35A98837,18.4,queries/tpch/tpch-queries/q22/v1_materialized.sql,measured,2,4,5,3,0.243,54.205,11,4,7,76290,751,1451690,80960,2,_m;customer;orders,64227,0,0,0,0,0,0
2026-08-18T10:56:35Z,CE35193F35A98837,18.4,queries/tpch/tpch-queries/q22/v1_materialized.sql,measured,2,5,5,3,0.227,54.863,11,4,7,76290,751,1451690,80960,2,_m;customer;orders,64227,0,0,0,0,0,0
2026-08-18T10:56:35Z,CE35193F35A98837,18.4,queries/tpch/tpch-queries/q22/v1_materialized.sql,measured,3,1,5,3,1.430,90.833,11,4,7,76290,751,1451690,80960,2,_m;customer;orders,64227,0,0,0,0,0,0
2026-08-18T10:56:35Z,CE35193F35A98837,18.4,queries/tpch/tpch-queries/q22/v1_materialized.sql,measured,3,2,5,3,0.243,60.567,11,4,7,76290,751,1451690,80960,2,_m;customer;orders,64227,0,0,0,0,0,0
2026-08-18T10:56:35Z,CE35193F35A98837,18.4,queries/tpch/tpch-queries/q22/v1_materialized.sql,measured,3,3,5,3,0.222,52.393,11,4,7,76290,751,1451690,80960,2,_m;customer;orders,64227,0,0,0,0,0,0
2026-08-18T10:56:35Z,CE35193F35A98837,18.4,queries/tpch/tpch-queries/q22/v1_materialized.sql,measured,3,4,5,3,0.221,52.746,11,4,7,76290,751,1451690,80960,2,_m;customer;orders,64227,0,0,0,0,0,0
2026-08-18T10:56:35Z,CE35193F35A98837,18.4,queries/tpch/tpch-queries/q22/v1_materialized.sql,measured,3,5,5,3,0.235,53.822,11,4,7,76290,751,1451690,80960,2,_m;customer;orders,64227,0,0,0,0,0,0
2026-08-18T10:56:36Z,CE35193F35A98837,18.4,queries/tpch/tpch-queries/q22/v2_anti_join.sql,warmup,1,1,1,3,1.421,143.937,11,3,7,1595284,1,13945212,117560,3,customer;orders,33345,0,0,0,0,0,0
2026-08-18T10:56:36Z,CE35193F35A98837,18.4,queries/tpch/tpch-queries/q22/v2_anti_join.sql,warmup,2,1,1,3,0.888,106.224,11,3,7,1595284,1,13945212,117560,3,customer;orders,33345,0,0,0,0,0,0
2026-08-18T10:56:36Z,CE35193F35A98837,18.4,queries/tpch/tpch-queries/q22/v2_anti_join.sql,measured,1,1,5,3,1.276,137.586,11,3,7,1595284,1,13945212,117560,3,customer;orders,33345,0,0,0,0,0,0
2026-08-18T10:56:36Z,CE35193F35A98837,18.4,queries/tpch/tpch-queries/q22/v2_anti_join.sql,measured,1,2,5,3,0.223,94.155,11,3,7,1595284,1,13945212,117560,3,customer;orders,33342,0,0,0,0,0,0
2026-08-18T10:56:36Z,CE35193F35A98837,18.4,queries/tpch/tpch-queries/q22/v2_anti_join.sql,measured,1,3,5,3,0.216,96.754,11,3,7,1595284,1,13945212,117560,3,customer;orders,33342,0,0,0,0,0,0
2026-08-18T10:56:36Z,CE35193F35A98837,18.4,queries/tpch/tpch-queries/q22/v2_anti_join.sql,measured,1,4,5,3,0.218,97.568,11,3,7,1595284,1,13945212,117560,3,customer;orders,33342,0,0,0,0,0,0
2026-08-18T10:56:36Z,CE35193F35A98837,18.4,queries/tpch/tpch-queries/q22/v2_anti_join.sql,measured,1,5,5,3,0.217,98.270,11,3,7,1595284,1,13945212,117560,3,customer;orders,33342,0,0,0,0,0,0
2026-08-18T10:56:37Z,CE35193F35A98837,18.4,queries/tpch/tpch-queries/q22/v2_anti_join.sql,measured,2,1,5,3,1.128,134.964,11,3,7,1595284,1,13945212,117560,3,customer;orders,33345,0,0,0,0,0,0
2026-08-18T10:56:37Z,CE35193F35A98837,18.4,queries/tpch/tpch-queries/q22/v2_anti_join.sql,measured,2,2,5,3,0.225,96.792,11,3,7,1595284,1,13945212,117560,3,customer;orders,33342,0,0,0,0,0,0
2026-08-18T10:56:37Z,CE35193F35A98837,18.4,queries/tpch/tpch-queries/q22/v2_anti_join.sql,measured,2,3,5,3,0.216,98.069,11,3,7,1595284,1,13945212,117560,3,customer;orders,33342,0,0,0,0,0,0
2026-08-18T10:56:37Z,CE35193F35A98837,18.4,queries/tpch/tpch-queries/q22/v2_anti_join.sql,measured,2,4,5,3,0.224,98.108,11,3,7,1595284,1,13945212,117560,3,customer;orders,33342,0,0,0,0,0,0
2026-08-18T10:56:37Z,CE35193F35A98837,18.4,queries/tpch/tpch-queries/q22/v2_anti_join.sql,measured,2,5,5,3,0.221,98.779,11,3,7,1595284,1,13945212,117560,3,customer;orders,33342,0,0,0,0,0,0
2026-08-18T10:56:38Z,CE35193F35A98837,18.4,queries/tpch/tpch-queries/q22/v2_anti_join.sql,measured,3,1,5,3,1.274,138.965,11,3,7,1595284,1,13945212,117560,3,customer;orders,33345,0,0,0,0,0,0
2026-08-18T10:56:38Z,CE35193F35A98837,18.4,queries/tpch/tpch-queries/q22/v2_anti_join.sql,measured,3,2,5,3,0.224,94.785,11,3,7,1595284,1,13945212,117560,3,customer;orders,33342,0,0,0,0,0,0
2026-08-18T10:56:38Z,CE35193F35A98837,18.4,queries/tpch/tpch-queries/q22/v2_anti_join.sql,measured,3,3,5,3,0.214,98.174,11,3,7,1595284,1,13945212,117560,3,customer;orders,33342,0,0,0,0,0,0
2026-08-18T10:56:38Z,CE35193F35A98837,18.4,queries/tpch/tpch-queries/q22/v2_anti_join.sql,measured,3,4,5,3,0.216,98.522,11,3,7,1595284,1,13945212,117560,3,customer;orders,33342,0,0,0,0,0,0
2026-08-18T10:56:38Z,CE35193F35A98837,18.4,queries/tpch/tpch-queries/q22/v2_anti_join.sql,measured,3,5,5,3,0.216,100.269,11,3,7,1595284,1,13945212,117560,3,customer;orders,33342,0,0,0,0,0,0
