timestamp_utc,run_id,pg_version,query,phase,batch_index,copy_index,batchnum,runs,server_planning_ms,server_execution_ms,plan_nodes,scan_nodes,rows_out,rows_processed,rows_estimated,bytes_processed,rows_removed_filter,workers_launched,relations,shared_hit_blks,shared_read_blks,shared_dirtied_blks,shared_written_blks,temp_read_blks,temp_written_blks,failed
2026-08-18T11:07:13Z,BCBDC9A3DC81B321,18.4,queries/tpch/tpch-queries/q01/base.sql,warmup,1,1,1,3,0.538,1490.432,5,1,4,5916654,6,147929854,16925,4,lineitem,112628,0,0,0,0,0,0
2026-08-18T11:07:15Z,BCBDC9A3DC81B321,18.4,queries/tpch/tpch-queries/q01/base.sql,warmup,2,1,1,3,0.540,1668.699,5,1,4,5916654,6,147929854,16925,4,lineitem,112628,0,0,0,0,0,0
2026-08-18T11:07:23Z,BCBDC9A3DC81B321,18.4,queries/tpch/tpch-queries/q01/base.sql,measured,1,1,5,3,0.944,1705.510,5,1,4,5916654,6,147929854,16925,4,lineitem,112628,0,0,0,0,0,0
2026-08-18T11:07:23Z,BCBDC9A3DC81B321,18.4,queries/tpch/tpch-queries/q01/base.sql,measured,1,2,5,3,0.132,1706.456,5,1,4,5916654,6,147929854,16925,4,lineitem,112628,0,0,0,0,0,0
2026-08-18T11:07:23Z,BCBDC9A3DC81B321,18.4,queries/tpch/tpch-queries/q01/base.sql,measured,1,3,5,3,0.123,1700.495,5,1,4,5916654,6,147929854,16925,4,lineitem,112628,0,0,0,0,0,0
2026-08-18T11:07:23Z,BCBDC9A3DC81B321,18.4,queries/tpch/tpch-queries/q01/base.sql,measured,1,4,5,3,0.122,1701.779,5,1,4,5916654,6,147929854,16925,4,lineitem,112628,0,0,0,0,0,0
2026-08-18T11:07:23Z,BCBDC9A3DC81B321,18.4,queries/tpch/tpch-queries/q01/base.sql,measured,1,5,5,3,0.121,1697.589,5,1,4,5916654,6,147929854,16925,4,lineitem,112628,0,0,0,0,0,0
2026-08-18T11:07:32Z,BCBDC9A3DC81B321,18.4,queries/tpch/tpch-queries/q01/base.sql,measured,2,1,5,3,0.697,1698.277,5,1,4,5916654,6,147929854,16925,4,lineitem,112628,0,0,0,0,0,0
2026-08-18T11:07:32Z,BCBDC9A3DC81B321,18.4,queries/tpch/tpch-queries/q01/base.sql,measured,2,2,5,3,0.122,1702.759,5,1,4,5916654,6,147929854,16925,4,lineitem,112628,0,0,0,0,0,0
2026-08-18T11:07:32Z,BCBDC9A3DC81B321,18.4,queries/tpch/tpch-queries/q01/base.sql,measured,2,3,5,3,0.123,1699.137,5,1,4,5916654,6,147929854,16925,4,lineitem,112628,0,0,0,0,0,0
2026-08-18T11:07:32Z,BCBDC9A3DC81B321,18.4,queries/tpch/tpch-queries/q01/base.sql,measured,2,4,5,3,0.123,1699.661,5,1,4,5916654,6,147929854,16925,4,lineitem,112628,0,0,0,0,0,0
2026-08-18T11:07:32Z,BCBDC9A3DC81B321,18.4,queries/tpch/tpch-queries/q01/base.sql,measured,2,5,5,3,0.122,1695.019,5,1,4,5916654,6,147929854,16925,4,lineitem,112628,0,0,0,0,0,0
2026-08-18T11:07:41Z,BCBDC9A3DC81B321,18.4,queries/tpch/tpch-queries/q01/base.sql,measured,3,1,5,3,0.894,1709.024,5,1,4,5916654,6,147929854,16925,4,lineitem,112628,0,0,0,0,0,0
2026-08-18T11:07:41Z,BCBDC9A3DC81B321,18.4,queries/tpch/tpch-queries/q01/base.sql,measured,3,2,5,3,0.122,1698.860,5,1,4,5916654,6,147929854,16925,4,lineitem,112628,0,0,0,0,0,0
2026-08-18T11:07:41Z,BCBDC9A3DC81B321,18.4,queries/tpch/tpch-queries/q01/base.sql,measured,3,3,5,3,0.116,1693.908,5,1,4,5916654,6,147929854,16925,4,lineitem,112628,0,0,0,0,0,0
2026-08-18T11:07:41Z,BCBDC9A3DC81B321,18.4,queries/tpch/tpch-queries/q01/base.sql,measured,3,4,5,3,0.121,1701.154,5,1,4,5916654,6,147929854,16925,4,lineitem,112628,0,0,0,0,0,0
2026-08-18T11:07:41Z,BCBDC9A3DC81B321,18.4,queries/tpch/tpch-queries/q01/base.sql,measured,3,5,5,3,0.118,1694.058,5,1,4,5916654,6,147929854,16925,4,lineitem,112628,0,0,0,0,0,0
2026-08-18T11:07:42Z,BCBDC9A3DC81B321,18.4,queries/tpch/tpch-queries/q01/v1_materialized.sql,warmup,1,1,1,3,0.671,1709.651,6,2,4,5916658,6,147930846,16925,4,_m;lineitem,112628,0,0,0,0,0,0
2026-08-18T11:07:44Z,BCBDC9A3DC81B321,18.4,queries/tpch/tpch-queries/q01/v1_materialized.sql,warmup,2,1,1,3,1.102,1709.997,6,2,4,5916658,6,147930846,16925,4,_m;lineitem,112628,0,0,0,0,0,0
2026-08-18T11:07:53Z,BCBDC9A3DC81B321,18.4,queries/tpch/tpch-queries/q01/v1_materialized.sql,measured,1,1,5,3,0.954,1700.462,6,2,4,5916658,6,147930846,16925,4,_m;lineitem,112628,0,0,0,0,0,0
2026-08-18T11:07:53Z,BCBDC9A3DC81B321,18.4,queries/tpch/tpch-queries/q01/v1_materialized.sql,measured,1,2,5,3,0.145,1706.214,6,2,4,5916658,6,147930846,16925,4,_m;lineitem,112628,0,0,0,0,0,0
2026-08-18T11:07:53Z,BCBDC9A3DC81B321,18.4,queries/tpch/tpch-queries/q01/v1_materialized.sql,measured,1,3,5,3,0.145,1703.190,6,2,4,5916658,6,147930846,16925,4,_m;lineitem,112628,0,0,0,0,0,0
2026-08-18T11:07:53Z,BCBDC9A3DC81B321,18.4,queries/tpch/tpch-queries/q01/v1_materialized.sql,measured,1,4,5,3,0.143,1701.093,6,2,4,5916658,6,147930846,16925,4,_m;lineitem,112628,0,0,0,0,0,0
2026-08-18T11:07:53Z,BCBDC9A3DC81B321,18.4,queries/tpch/tpch-queries/q01/v1_materialized.sql,measured,1,5,5,3,0.146,1695.404,6,2,4,5916658,6,147930846,16925,4,_m;lineitem,112628,0,0,0,0,0,0
2026-08-18T11:08:01Z,BCBDC9A3DC81B321,18.4,queries/tpch/tpch-queries/q01/v1_materialized.sql,measured,2,1,5,3,0.875,1707.798,6,2,4,5916658,6,147930846,16925,4,_m;lineitem,112628,0,0,0,0,0,0
2026-08-18T11:08:01Z,BCBDC9A3DC81B321,18.4,queries/tpch/tpch-queries/q01/v1_materialized.sql,measured,2,2,5,3,0.146,1700.988,6,2,4,5916658,6,147930846,16925,4,_m;lineitem,112628,0,0,0,0,0,0
2026-08-18T11:08:01Z,BCBDC9A3DC81B321,18.4,queries/tpch/tpch-queries/q01/v1_materialized.sql,measured,2,3,5,3,0.144,1704.004,6,2,4,5916658,6,147930846,16925,4,_m;lineitem,112628,0,0,0,0,0,0
2026-08-18T11:08:01Z,BCBDC9A3DC81B321,18.4,queries/tpch/tpch-queries/q01/v1_materialized.sql,measured,2,4,5,3,0.143,1700.614,6,2,4,5916658,6,147930846,16925,4,_m;lineitem,112628,0,0,0,0,0,0
2026-08-18T11:08:01Z,BCBDC9A3DC81B321,18.4,queries/tpch/tpch-queries/q01/v1_materialized.sql,measured,2,5,5,3,0.144,1695.814,6,2,4,5916658,6,147930846,16925,4,_m;lineitem,112628,0,0,0,0,0,0
2026-08-18T11:08:10Z,BCBDC9A3DC81B321,18.4,queries/tpch/tpch-queries/q01/v1_materialized.sql,measured,3,1,5,3,1.106,1707.574,6,2,4,5916658,6,147930846,16925,4,_m;lineitem,112628,0,0,0,0,0,0
2026-08-18T11:08:10Z,BCBDC9A3DC81B321,18.4,queries/tpch/tpch-queries/q01/v1_materialized.sql,measured,3,2,5,3,0.147,1703.879,6,2,4,5916658,6,147930846,16925,4,_m;lineitem,112628,0,0,0,0,0,0
2026-08-18T11:08:10Z,BCBDC9A3DC81B321,18.4,queries/tpch/tpch-queries/q01/v1_materialized.sql,measured,3,3,5,3,0.144,1702.115,6,2,4,5916658,6,147930846,16925,4,_m;lineitem,112628,0,0,0,0,0,0
2026-08-18T11:08:10Z,BCBDC9A3DC81B321,18.4,queries/tpch/tpch-queries/q01/v1_materialized.sql,measured,3,4,5,3,0.144,1701.812,6,2,4,5916658,6,147930846,16925,4,_m;lineitem,112628,0,0,0,0,0,0
2026-08-18T11:08:10Z,BCBDC9A3DC81B321,18.4,queries/tpch/tpch-queries/q01/v1_materialized.sql,measured,3,5,5,3,0.140,1694.423,6,2,4,5916658,6,147930846,16925,4,_m;lineitem,112628,0,0,0,0,0,0
2026-08-18T11:08:57Z,BCBDC9A3DC81B321,18.4,queries/tpch/tpch-queries/q02/base.sql,warmup,1,1,1,3,1.748,46438.265,26,9,100,25202162,1,270312202,999257,0,part;partsupp;supplier;nation;region,21486005,0,0,0,0,0,0
2026-08-18T11:09:44Z,BCBDC9A3DC81B321,18.4,queries/tpch/tpch-queries/q02/base.sql,warmup,2,1,1,3,0.985,47087.813,26,9,100,25202162,1,270312202,999257,0,part;partsupp;supplier;nation;region,21486005,0,0,0,0,0,0
2026-08-18T11:13:35Z,BCBDC9A3DC81B321,18.4,queries/tpch/tpch-queries/q02/base.sql,measured,1,1,5,3,0.972,46372.389,26,9,100,25202162,1,270312202,999257,0,part;partsupp;supplier;nation;region,21486005,0,0,0,0,0,0
2026-08-18T11:13:35Z,BCBDC9A3DC81B321,18.4,queries/tpch/tpch-queries/q02/base.sql,measured,1,2,5,3,0.343,46294.775,26,9,100,25202162,1,270312202,999257,0,part;partsupp;supplier;nation;region,21485996,0,0,0,0,0,0
2026-08-18T11:13:35Z,BCBDC9A3DC81B321,18.4,queries/tpch/tpch-queries/q02/base.sql,measured,1,3,5,3,0.325,46349.882,26,9,100,25202162,1,270312202,999257,0,part;partsupp;supplier;nation;region,21485996,0,0,0,0,0,0
2026-08-18T11:13:35Z,BCBDC9A3DC81B321,18.4,queries/tpch/tpch-queries/q02/base.sql,measured,1,4,5,3,0.324,46185.468,26,9,100,25202162,1,270312202,999257,0,part;partsupp;supplier;nation;region,21485996,0,0,0,0,0,0
2026-08-18T11:13:35Z,BCBDC9A3DC81B321,18.4,queries/tpch/tpch-queries/q02/base.sql,measured,1,5,5,3,0.333,46055.815,26,9,100,25202162,1,270312202,999257,0,part;partsupp;supplier;nation;region,21485996,0,0,0,0,0,0
2026-08-18T11:17:23Z,BCBDC9A3DC81B321,18.4,queries/tpch/tpch-queries/q02/base.sql,measured,2,1,5,3,1.129,45538.940,26,9,100,25202162,1,270312202,999257,0,part;partsupp;supplier;nation;region,21486005,0,0,0,0,0,0
2026-08-18T11:17:23Z,BCBDC9A3DC81B321,18.4,queries/tpch/tpch-queries/q02/base.sql,measured,2,2,5,3,0.340,45406.042,26,9,100,25202162,1,270312202,999257,0,part;partsupp;supplier;nation;region,21485996,0,0,0,0,0,0
2026-08-18T11:17:23Z,BCBDC9A3DC81B321,18.4,queries/tpch/tpch-queries/q02/base.sql,measured,2,3,5,3,0.316,45570.536,26,9,100,25202162,1,270312202,999257,0,part;partsupp;supplier;nation;region,21485996,0,0,0,0,0,0
2026-08-18T11:17:23Z,BCBDC9A3DC81B321,18.4,queries/tpch/tpch-queries/q02/base.sql,measured,2,4,5,3,0.336,45616.643,26,9,100,25202162,1,270312202,999257,0,part;partsupp;supplier;nation;region,21485996,0,0,0,0,0,0
2026-08-18T11:17:23Z,BCBDC9A3DC81B321,18.4,queries/tpch/tpch-queries/q02/base.sql,measured,2,5,5,3,0.339,45594.205,26,9,100,25202162,1,270312202,999257,0,part;partsupp;supplier;nation;region,21485996,0,0,0,0,0,0
2026-08-18T11:21:13Z,BCBDC9A3DC81B321,18.4,queries/tpch/tpch-queries/q02/base.sql,measured,3,1,5,3,0.971,46260.588,26,9,100,25202162,1,270312202,999257,0,part;partsupp;supplier;nation;region,21486005,0,0,0,0,0,0
2026-08-18T11:21:13Z,BCBDC9A3DC81B321,18.4,queries/tpch/tpch-queries/q02/base.sql,measured,3,2,5,3,0.338,45857.378,26,9,100,25202162,1,270312202,999257,0,part;partsupp;supplier;nation;region,21485996,0,0,0,0,0,0
2026-08-18T11:21:13Z,BCBDC9A3DC81B321,18.4,queries/tpch/tpch-queries/q02/base.sql,measured,3,3,5,3,0.324,45925.336,26,9,100,25202162,1,270312202,999257,0,part;partsupp;supplier;nation;region,21485996,0,0,0,0,0,0
2026-08-18T11:21:13Z,BCBDC9A3DC81B321,18.4,queries/tpch/tpch-queries/q02/base.sql,measured,3,4,5,3,0.333,46076.203,26,9,100,25202162,1,270312202,999257,0,part;partsupp;supplier;nation;region,21485996,0,0,0,0,0,0
2026-08-18T11:21:13Z,BCBDC9A3DC81B321,18.4,queries/tpch/tpch-queries/q02/base.sql,measured,3,5,5,3,0.328,45888.780,26,9,100,25202162,1,270312202,999257,0,part;partsupp;supplier;nation;region,21485996,0,0,0,0,0,0
2026-08-18T11:21:59Z,BCBDC9A3DC81B321,18.4,queries/tpch/tpch-queries/q02/v1_materialized.sql,warmup,1,1,1,3,1.023,45393.304,27,10,100,25202622,1,270746362,999257,0,part;partsupp;supplier;nation;region;_m,21486005,0,0,0,0,0,0
2026-08-18T11:22:44Z,BCBDC9A3DC81B321,18.4,queries/tpch/tpch-queries/q02/v1_materialized.sql,warmup,2,1,1,3,1.122,45520.443,27,10,100,25202622,1,270746362,999257,0,part;partsupp;supplier;nation;region;_m,21486005,0,0,0,0,0,0
2026-08-18T11:26:33Z,BCBDC9A3DC81B321,18.4,queries/tpch/tpch-queries/q02/v1_materialized.sql,measured,1,1,5,3,0.984,45786.533,27,10,100,25202622,1,270746362,999257,0,part;partsupp;supplier;nation;region;_m,21486005,0,0,0,0,0,0
2026-08-18T11:26:33Z,BCBDC9A3DC81B321,18.4,queries/tpch/tpch-queries/q02/v1_materialized.sql,measured,1,2,5,3,0.315,45727.679,27,10,100,25202622,1,270746362,999257,0,part;partsupp;supplier;nation;region;_m,21485996,0,0,0,0,0,0
2026-08-18T11:26:33Z,BCBDC9A3DC81B321,18.4,queries/tpch/tpch-queries/q02/v1_materialized.sql,measured,1,3,5,3,0.312,45608.086,27,10,100,25202622,1,270746362,999257,0,part;partsupp;supplier;nation;region;_m,21485996,0,0,0,0,0,0
2026-08-18T11:26:33Z,BCBDC9A3DC81B321,18.4,queries/tpch/tpch-queries/q02/v1_materialized.sql,measured,1,4,5,3,0.311,45586.495,27,10,100,25202622,1,270746362,999257,0,part;partsupp;supplier;nation;region;_m,21485996,0,0,0,0,0,0
2026-08-18T11:26:33Z,BCBDC9A3DC81B321,18.4,queries/tpch/tpch-queries/q02/v1_materialized.sql,measured,1,5,5,3,0.310,45945.463,27,10,100,25202622,1,270746362,999257,0,part;partsupp;supplier;nation;region;_m,21485996,0,0,0,0,0,0
2026-08-18T11:30:26Z,BCBDC9A3DC81B321,18.4,queries/tpch/tpch-queries/q02/v1_materialized.sql,measured,2,1,5,3,0.989,46733.427,27,10,100,25202622,1,270746362,999257,0,part;partsupp;supplier;nation;region;_m,21486005,0,0,0,0,0,0
2026-08-18T11:30:26Z,BCBDC9A3DC81B321,18.4,queries/tpch/tpch-queries/q02/v1_materialized.sql,measured,2,2,5,3,0.317,46549.256,27,10,100,25202622,1,270746362,999257,0,part;partsupp;supplier;nation;region;_m,21485996,0,0,0,0,0,0
2026-08-18T11:30:26Z,BCBDC9A3DC81B321,18.4,queries/tpch/tpch-queries/q02/v1_materialized.sql,measured,2,3,5,3,0.317,46235.554,27,10,100,25202622,1,270746362,999257,0,part;partsupp;supplier;nation;region;_m,21485996,0,0,0,0,0,0
2026-08-18T11:30:26Z,BCBDC9A3DC81B321,18.4,queries/tpch/tpch-queries/q02/v1_materialized.sql,measured,2,4,5,3,0.309,46716.299,27,10,100,25202622,1,270746362,999257,0,part;partsupp;supplier;nation;region;_m,21485996,0,0,0,0,0,0
2026-08-18T11:30:26Z,BCBDC9A3DC81B321,18.4,queries/tpch/tpch-queries/q02/v1_materialized.sql,measured,2,5,5,3,0.305,46619.944,27,10,100,25202622,1,270746362,999257,0,part;partsupp;supplier;nation;region;_m,21485996,0,0,0,0,0,0
2026-08-18T11:34:15Z,BCBDC9A3DC81B321,18.4,queries/tpch/tpch-queries/q02/v1_materialized.sql,measured,3,1,5,3,0.978,45646.698,27,10,100,25202622,1,270746362,999257,0,part;partsupp;supplier;nation;region;_m,21486005,0,0,0,0,0,0
2026-08-18T11:34:15Z,BCBDC9A3DC81B321,18.4,queries/tpch/tpch-queries/q02/v1_materialized.sql,measured,3,2,5,3,0.325,45653.983,27,10,100,25202622,1,270746362,999257,0,part;partsupp;supplier;nation;region;_m,21485996,0,0,0,0,0,0
2026-08-18T11:34:15Z,BCBDC9A3DC81B321,18.4,queries/tpch/tpch-queries/q02/v1_materialized.sql,measured,3,3,5,3,0.313,45894.021,27,10,100,25202622,1,270746362,999257,0,part;partsupp;supplier;nation;region;_m,21485996,0,0,0,0,0,0
2026-08-18T11:34:15Z,BCBDC9A3DC81B321,18.4,queries/tpch/tpch-queries/q02/v1_materialized.sql,measured,3,4,5,3,0.304,45812.689,27,10,100,25202622,1,270746362,999257,0,part;partsupp;supplier;nation;region;_m,21485996,0,0,0,0,0,0
2026-08-18T11:34:15Z,BCBDC9A3DC81B321,18.4,queries/tpch/tpch-queries/q02/v1_materialized.sql,measured,3,5,5,3,0.310,46027.687,27,10,100,25202622,1,270746362,999257,0,part;partsupp;supplier;nation;region;_m,21485996,0,0,0,0,0,0
2026-08-18T11:34:15Z,BCBDC9A3DC81B321,18.4,queries/tpch/tpch-queries/q02/v2_decorrelate.sql,warmup,1,1,1,3,1.288,208.445,29,9,100,1953497,1,37407784,49821,3,partsupp;supplier;nation;region;part,40382,0,0,0,0,0,0
2026-08-18T11:34:16Z,BCBDC9A3DC81B321,18.4,queries/tpch/tpch-queries/q02/v2_decorrelate.sql,warmup,2,1,1,3,1.314,209.412,29,9,100,1953497,1,37407784,49821,3,partsupp;supplier;nation;region;part,40382,0,0,0,0,0,0
2026-08-18T11:34:17Z,BCBDC9A3DC81B321,18.4,queries/tpch/tpch-queries/q02/v2_decorrelate.sql,measured,1,1,5,3,1.282,209.370,29,9,100,1953497,1,37407784,49821,3,partsupp;supplier;nation;region;part,40382,0,0,0,0,0,0
2026-08-18T11:34:17Z,BCBDC9A3DC81B321,18.4,queries/tpch/tpch-queries/q02/v2_decorrelate.sql,measured,1,2,5,3,0.606,204.666,29,9,100,1953497,1,37407784,49821,3,partsupp;supplier;nation;region;part,40373,0,0,0,0,0,0
2026-08-18T11:34:17Z,BCBDC9A3DC81B321,18.4,queries/tpch/tpch-queries/q02/v2_decorrelate.sql,measured,1,3,5,3,0.593,207.265,29,9,100,1953497,1,37407784,49821,3,partsupp;supplier;nation;region;part,40373,0,0,0,0,0,0
2026-08-18T11:34:17Z,BCBDC9A3DC81B321,18.4,queries/tpch/tpch-queries/q02/v2_decorrelate.sql,measured,1,4,5,3,0.599,204.207,29,9,100,1953497,1,37407784,49821,3,partsupp;supplier;nation;region;part,40373,0,0,0,0,0,0
2026-08-18T11:34:17Z,BCBDC9A3DC81B321,18.4,queries/tpch/tpch-queries/q02/v2_decorrelate.sql,measured,1,5,5,3,0.582,203.093,29,9,100,1953497,1,37407784,49821,3,partsupp;supplier;nation;region;part,40373,0,0,0,0,0,0
2026-08-18T11:34:18Z,BCBDC9A3DC81B321,18.4,queries/tpch/tpch-queries/q02/v2_decorrelate.sql,measured,2,1,5,3,1.299,208.831,29,9,100,1953497,1,37407784,49821,3,partsupp;supplier;nation;region;part,40382,0,0,0,0,0,0
2026-08-18T11:34:18Z,BCBDC9A3DC81B321,18.4,queries/tpch/tpch-queries/q02/v2_decorrelate.sql,measured,2,2,5,3,0.599,205.753,29,9,100,1953497,1,37407784,49821,3,partsupp;supplier;nation;region;part,40373,0,0,0,0,0,0
2026-08-18T11:34:18Z,BCBDC9A3DC81B321,18.4,queries/tpch/tpch-queries/q02/v2_decorrelate.sql,measured,2,3,5,3,0.591,203.935,29,9,100,1953497,1,37407784,49821,3,partsupp;supplier;nation;region;part,40373,0,0,0,0,0,0
2026-08-18T11:34:18Z,BCBDC9A3DC81B321,18.4,queries/tpch/tpch-queries/q02/v2_decorrelate.sql,measured,2,4,5,3,0.590,204.286,29,9,100,1953497,1,37407784,49821,3,partsupp;supplier;nation;region;part,40373,0,0,0,0,0,0
2026-08-18T11:34:18Z,BCBDC9A3DC81B321,18.4,queries/tpch/tpch-queries/q02/v2_decorrelate.sql,measured,2,5,5,3,0.594,204.392,29,9,100,1953497,1,37407784,49821,3,partsupp;supplier;nation;region;part,40373,0,0,0,0,0,0
2026-08-18T11:34:19Z,BCBDC9A3DC81B321,18.4,queries/tpch/tpch-queries/q02/v2_decorrelate.sql,measured,3,1,5,3,1.314,208.714,29,9,100,1953497,1,37407784,49821,3,partsupp;supplier;nation;region;part,40382,0,0,0,0,0,0
2026-08-18T11:34:19Z,BCBDC9A3DC81B321,18.4,queries/tpch/tpch-queries/q02/v2_decorrelate.sql,measured,3,2,5,3,0.594,205.241,29,9,100,1953497,1,37407784,49821,3,partsupp;supplier;nation;region;part,40373,0,0,0,0,0,0
2026-08-18T11:34:19Z,BCBDC9A3DC81B321,18.4,queries/tpch/tpch-queries/q02/v2_decorrelate.sql,measured,3,3,5,3,0.606,218.672,29,9,100,1953497,1,37407784,49821,3,partsupp;supplier;nation;region;part,40373,0,0,0,0,0,0
2026-08-18T11:34:19Z,BCBDC9A3DC81B321,18.4,queries/tpch/tpch-queries/q02/v2_decorrelate.sql,measured,3,4,5,3,0.585,203.294,29,9,100,1953497,1,37407784,49821,3,partsupp;supplier;nation;region;part,40373,0,0,0,0,0,0
2026-08-18T11:34:19Z,BCBDC9A3DC81B321,18.4,queries/tpch/tpch-queries/q02/v2_decorrelate.sql,measured,3,5,5,3,0.583,203.615,29,9,100,1953497,1,37407784,49821,3,partsupp;supplier;nation;region;part,40373,0,0,0,0,0,0
2026-08-18T11:34:19Z,BCBDC9A3DC81B321,18.4,queries/tpch/tpch-queries/q03/base.sql,warmup,1,1,1,3,1.129,262.460,10,3,10,1007383,10,15620472,223142,3,orders;customer;lineitem,626602,0,0,0,0,0,0
2026-08-18T11:34:20Z,BCBDC9A3DC81B321,18.4,queries/tpch/tpch-queries/q03/base.sql,warmup,2,1,1,3,0.967,274.240,10,3,10,1007383,10,15620472,223142,3,orders;customer;lineitem,626602,0,0,0,0,0,0
2026-08-18T11:34:21Z,BCBDC9A3DC81B321,18.4,queries/tpch/tpch-queries/q03/base.sql,measured,1,1,5,3,1.147,307.100,10,3,10,1007383,10,15620472,223142,3,orders;customer;lineitem,626602,0,0,0,0,0,0
2026-08-18T11:34:21Z,BCBDC9A3DC81B321,18.4,queries/tpch/tpch-queries/q03/base.sql,measured,1,2,5,3,0.237,235.246,10,3,10,1007383,10,15620472,223142,3,orders;customer;lineitem,626596,0,0,0,0,0,0
2026-08-18T11:34:21Z,BCBDC9A3DC81B321,18.4,queries/tpch/tpch-queries/q03/base.sql,measured,1,3,5,3,0.252,229.466,10,3,10,1007383,10,15620472,223142,3,orders;customer;lineitem,626596,0,0,0,0,0,0
2026-08-18T11:34:21Z,BCBDC9A3DC81B321,18.4,queries/tpch/tpch-queries/q03/base.sql,measured,1,4,5,3,0.242,229.012,10,3,10,1007383,10,15620472,223142,3,orders;customer;lineitem,626596,0,0,0,0,0,0
2026-08-18T11:34:21Z,BCBDC9A3DC81B321,18.4,queries/tpch/tpch-queries/q03/base.sql,measured,1,5,5,3,0.243,229.245,10,3,10,1007383,10,15620472,223142,3,orders;customer;lineitem,626596,0,0,0,0,0,0
2026-08-18T11:34:22Z,BCBDC9A3DC81B321,18.4,queries/tpch/tpch-queries/q03/base.sql,measured,2,1,5,3,0.911,281.069,10,3,10,1007383,10,15620472,223142,3,orders;customer;lineitem,626602,0,0,0,0,0,0
2026-08-18T11:34:22Z,BCBDC9A3DC81B321,18.4,queries/tpch/tpch-queries/q03/base.sql,measured,2,2,5,3,0.241,234.842,10,3,10,1007383,10,15620472,223142,3,orders;customer;lineitem,626596,0,0,0,0,0,0
2026-08-18T11:34:22Z,BCBDC9A3DC81B321,18.4,queries/tpch/tpch-queries/q03/base.sql,measured,2,3,5,3,0.244,228.959,10,3,10,1007383,10,15620472,223142,3,orders;customer;lineitem,626596,0,0,0,0,0,0
2026-08-18T11:34:22Z,BCBDC9A3DC81B321,18.4,queries/tpch/tpch-queries/q03/base.sql,measured,2,4,5,3,0.245,229.083,10,3,10,1007383,10,15620472,223142,3,orders;customer;lineitem,626596,0,0,0,0,0,0
2026-08-18T11:34:22Z,BCBDC9A3DC81B321,18.4,queries/tpch/tpch-queries/q03/base.sql,measured,2,5,5,3,0.245,227.205,10,3,10,1007383,10,15620472,223142,3,orders;customer;lineitem,626596,0,0,0,0,0,0
2026-08-18T11:34:24Z,BCBDC9A3DC81B321,18.4,queries/tpch/tpch-queries/q03/base.sql,measured,3,1,5,3,0.973,295.681,10,3,10,1007383,10,15620472,223142,3,orders;customer;lineitem,626602,0,0,0,0,0,0
2026-08-18T11:34:24Z,BCBDC9A3DC81B321,18.4,queries/tpch/tpch-queries/q03/base.sql,measured,3,2,5,3,0.247,235.439,10,3,10,1007383,10,15620472,223142,3,orders;customer;lineitem,626596,0,0,0,0,0,0
2026-08-18T11:34:24Z,BCBDC9A3DC81B321,18.4,queries/tpch/tpch-queries/q03/base.sql,measured,3,3,5,3,0.244,231.663,10,3,10,1007383,10,15620472,223142,3,orders;customer;lineitem,626596,0,0,0,0,0,0
2026-08-18T11:34:24Z,BCBDC9A3DC81B321,18.4,queries/tpch/tpch-queries/q03/base.sql,measured,3,4,5,3,0.241,228.646,10,3,10,1007383,10,15620472,223142,3,orders;customer;lineitem,626596,0,0,0,0,0,0
2026-08-18T11:34:24Z,BCBDC9A3DC81B321,18.4,queries/tpch/tpch-queries/q03/base.sql,measured,3,5,5,3,0.244,227.159,10,3,10,1007383,10,15620472,223142,3,orders;customer;lineitem,626596,0,0,0,0,0,0
2026-08-18T11:34:24Z,BCBDC9A3DC81B321,18.4,queries/tpch/tpch-queries/q03/v1_materialized.sql,warmup,1,1,1,3,0.959,265.768,11,4,10,1019003,10,16131752,223142,3,orders;customer;lineitem;_m,626602,0,0,0,0,0,0
2026-08-18T11:34:24Z,BCBDC9A3DC81B321,18.4,queries/tpch/tpch-queries/q03/v1_materialized.sql,warmup,2,1,1,3,1.208,309.461,11,4,10,1019003,10,16131752,223142,3,orders;customer;lineitem;_m,626602,0,0,0,0,0,0
2026-08-18T11:34:26Z,BCBDC9A3DC81B321,18.4,queries/tpch/tpch-queries/q03/v1_materialized.sql,measured,1,1,5,3,1.222,328.654,11,4,10,1019003,10,16131752,223142,3,orders;customer;lineitem;_m,626602,0,0,0,0,0,0
2026-08-18T11:34:26Z,BCBDC9A3DC81B321,18.4,queries/tpch/tpch-queries/q03/v1_materialized.sql,measured,1,2,5,3,0.247,236.455,11,4,10,1019003,10,16131752,223142,3,orders;customer;lineitem;_m,626596,0,0,0,0,0,0
2026-08-18T11:34:26Z,BCBDC9A3DC81B321,18.4,queries/tpch/tpch-queries/q03/v1_materialized.sql,measured,1,3,5,3,0.245,228.662,11,4,10,1019003,10,16131752,223142,3,orders;customer;lineitem;_m,626596,0,0,0,0,0,0
2026-08-18T11:34:26Z,BCBDC9A3DC81B321,18.4,queries/tpch/tpch-queries/q03/v1_materialized.sql,measured,1,4,5,3,0.246,228.000,11,4,10,1019003,10,16131752,223142,3,orders;customer;lineitem;_m,626596,0,0,0,0,0,0
2026-08-18T11:34:26Z,BCBDC9A3DC81B321,18.4,queries/tpch/tpch-queries/q03/v1_materialized.sql,measured,1,5,5,3,0.247,227.894,11,4,10,1019003,10,16131752,223142,3,orders;customer;lineitem;_m,626596,0,0,0,0,0,0
2026-08-18T11:34:27Z,BCBDC9A3DC81B321,18.4,queries/tpch/tpch-queries/q03/v1_materialized.sql,measured,2,1,5,3,0.942,256.803,11,4,10,1019003,10,16131752,223142,3,orders;customer;lineitem;_m,626602,0,0,0,0,0,0
2026-08-18T11:34:27Z,BCBDC9A3DC81B321,18.4,queries/tpch/tpch-queries/q03/v1_materialized.sql,measured,2,2,5,3,0.246,234.145,11,4,10,1019003,10,16131752,223142,3,orders;customer;lineitem;_m,626596,0,0,0,0,0,0
2026-08-18T11:34:27Z,BCBDC9A3DC81B321,18.4,queries/tpch/tpch-queries/q03/v1_materialized.sql,measured,2,3,5,3,0.248,228.813,11,4,10,1019003,10,16131752,223142,3,orders;customer;lineitem;_m,626596,0,0,0,0,0,0
2026-08-18T11:34:27Z,BCBDC9A3DC81B321,18.4,queries/tpch/tpch-queries/q03/v1_materialized.sql,measured,2,4,5,3,0.251,230.379,11,4,10,1019003,10,16131752,223142,3,orders;customer;lineitem;_m,626596,0,0,0,0,0,0
2026-08-18T11:34:27Z,BCBDC9A3DC81B321,18.4,queries/tpch/tpch-queries/q03/v1_materialized.sql,measured,2,5,5,3,0.248,228.177,11,4,10,1019003,10,16131752,223142,3,orders;customer;lineitem;_m,626596,0,0,0,0,0,0
2026-08-18T11:34:28Z,BCBDC9A3DC81B321,18.4,queries/tpch/tpch-queries/q03/v1_materialized.sql,measured,3,1,5,3,0.958,281.961,11,4,10,1019003,10,16131752,223142,3,orders;customer;lineitem;_m,626602,0,0,0,0,0,0
2026-08-18T11:34:28Z,BCBDC9A3DC81B321,18.4,queries/tpch/tpch-queries/q03/v1_materialized.sql,measured,3,2,5,3,0.263,234.443,11,4,10,1019003,10,16131752,223142,3,orders;customer;lineitem;_m,626596,0,0,0,0,0,0
2026-08-18T11:34:28Z,BCBDC9A3DC81B321,18.4,queries/tpch/tpch-queries/q03/v1_materialized.sql,measured,3,3,5,3,0.256,229.200,11,4,10,1019003,10,16131752,223142,3,orders;customer;lineitem;_m,626596,0,0,0,0,0,0
2026-08-18T11:34:28Z,BCBDC9A3DC81B321,18.4,queries/tpch/tpch-queries/q03/v1_materialized.sql,measured,3,4,5,3,0.256,230.355,11,4,10,1019003,10,16131752,223142,3,orders;customer;lineitem;_m,626596,0,0,0,0,0,0
2026-08-18T11:34:28Z,BCBDC9A3DC81B321,18.4,queries/tpch/tpch-queries/q03/v1_materialized.sql,measured,3,5,5,3,0.249,230.261,11,4,10,1019003,10,16131752,223142,3,orders;customer;lineitem;_m,626596,0,0,0,0,0,0
2026-08-18T11:34:28Z,BCBDC9A3DC81B321,18.4,queries/tpch/tpch-queries/q04/base.sql,warmup,1,1,1,3,0.984,109.807,7,2,5,162301,5,2826040,360697,3,orders;lineitem,255476,0,0,0,0,0,0
2026-08-18T11:34:29Z,BCBDC9A3DC81B321,18.4,queries/tpch/tpch-queries/q04/base.sql,warmup,2,1,1,3,0.764,97.632,7,2,5,162301,5,2826040,360697,3,orders;lineitem,255476,0,0,0,0,0,0
2026-08-18T11:34:29Z,BCBDC9A3DC81B321,18.4,queries/tpch/tpch-queries/q04/base.sql,measured,1,1,5,3,1.273,135.519,7,2,5,162301,5,2826040,360697,3,orders;lineitem,255476,0,0,0,0,0,0
2026-08-18T11:34:29Z,BCBDC9A3DC81B321,18.4,queries/tpch/tpch-queries/q04/base.sql,measured,1,2,5,3,0.153,94.152,7,2,5,162301,5,2826040,360697,3,orders;lineitem,255476,0,0,0,0,0,0
2026-08-18T11:34:29Z,BCBDC9A3DC81B321,18.4,queries/tpch/tpch-queries/q04/base.sql,measured,1,3,5,3,0.158,91.607,7,2,5,162301,5,2826040,360697,3,orders;lineitem,255476,0,0,0,0,0,0
2026-08-18T11:34:29Z,BCBDC9A3DC81B321,18.4,queries/tpch/tpch-queries/q04/base.sql,measured,1,4,5,3,0.156,92.000,7,2,5,162301,5,2826040,360697,3,orders;lineitem,255476,0,0,0,0,0,0
2026-08-18T11:34:29Z,BCBDC9A3DC81B321,18.4,queries/tpch/tpch-queries/q04/base.sql,measured,1,5,5,3,0.156,91.260,7,2,5,162301,5,2826040,360697,3,orders;lineitem,255476,0,0,0,0,0,0
2026-08-18T11:34:30Z,BCBDC9A3DC81B321,18.4,queries/tpch/tpch-queries/q04/base.sql,measured,2,1,5,3,0.872,108.248,7,2,5,162301,5,2826040,360697,3,orders;lineitem,255476,0,0,0,0,0,0
2026-08-18T11:34:30Z,BCBDC9A3DC81B321,18.4,queries/tpch/tpch-queries/q04/base.sql,measured,2,2,5,3,0.153,94.771,7,2,5,162301,5,2826040,360697,3,orders;lineitem,255476,0,0,0,0,0,0
2026-08-18T11:34:30Z,BCBDC9A3DC81B321,18.4,queries/tpch/tpch-queries/q04/base.sql,measured,2,3,5,3,0.156,92.280,7,2,5,162301,5,2826040,360697,3,orders;lineitem,255476,0,0,0,0,0,0
2026-08-18T11:34:30Z,BCBDC9A3DC81B321,18.4,queries/tpch/tpch-queries/q04/base.sql,measured,2,4,5,3,0.158,92.216,7,2,5,162301,5,2826040,360697,3,orders;lineitem,255476,0,0,0,0,0,0
2026-08-18T11:34:30Z,BCBDC9A3DC81B321,18.4,queries/tpch/tpch-queries/q04/base.sql,measured,2,5,5,3,0.169,92.350,7,2,5,162301,5,2826040,360697,3,orders;lineitem,255476,0,0,0,0,0,0
2026-08-18T11:34:30Z,BCBDC9A3DC81B321,18.4,queries/tpch/tpch-queries/q04/base.sql,measured,3,1,5,3,0.873,106.624,7,2,5,162301,5,2826040,360697,3,orders;lineitem,255476,0,0,0,0,0,0
2026-08-18T11:34:30Z,BCBDC9A3DC81B321,18.4,queries/tpch/tpch-queries/q04/base.sql,measured,3,2,5,3,0.153,94.769,7,2,5,162301,5,2826040,360697,3,orders;lineitem,255476,0,0,0,0,0,0
2026-08-18T11:34:30Z,BCBDC9A3DC81B321,18.4,queries/tpch/tpch-queries/q04/base.sql,measured,3,3,5,3,0.157,92.582,7,2,5,162301,5,2826040,360697,3,orders;lineitem,255476,0,0,0,0,0,0
2026-08-18T11:34:30Z,BCBDC9A3DC81B321,18.4,queries/tpch/tpch-queries/q04/base.sql,measured,3,4,5,3,0.161,92.887,7,2,5,162301,5,2826040,360697,3,orders;lineitem,255476,0,0,0,0,0,0
2026-08-18T11:34:30Z,BCBDC9A3DC81B321,18.4,queries/tpch/tpch-queries/q04/base.sql,measured,3,5,5,3,0.157,92.720,7,2,5,162301,5,2826040,360697,3,orders;lineitem,255476,0,0,0,0,0,0
2026-08-18T11:34:31Z,BCBDC9A3DC81B321,18.4,queries/tpch/tpch-queries/q04/v1_materialized.sql,warmup,1,1,1,3,0.899,106.002,8,3,5,162306,5,2826400,360697,3,_m;orders;lineitem,255476,0,0,0,0,0,0
2026-08-18T11:34:31Z,BCBDC9A3DC81B321,18.4,queries/tpch/tpch-queries/q04/v1_materialized.sql,warmup,2,1,1,3,0.791,97.747,8,3,5,162306,5,2826400,360697,3,_m;orders;lineitem,255476,0,0,0,0,0,0
2026-08-18T11:34:31Z,BCBDC9A3DC81B321,18.4,queries/tpch/tpch-queries/q04/v1_materialized.sql,measured,1,1,5,3,1.007,117.068,8,3,5,162306,5,2826400,360697,3,_m;orders;lineitem,255476,0,0,0,0,0,0
2026-08-18T11:34:31Z,BCBDC9A3DC81B321,18.4,queries/tpch/tpch-queries/q04/v1_materialized.sql,measured,1,2,5,3,0.170,94.390,8,3,5,162306,5,2826400,360697,3,_m;orders;lineitem,255476,0,0,0,0,0,0
2026-08-18T11:34:31Z,BCBDC9A3DC81B321,18.4,queries/tpch/tpch-queries/q04/v1_materialized.sql,measured,1,3,5,3,0.173,92.754,8,3,5,162306,5,2826400,360697,3,_m;orders;lineitem,255476,0,0,0,0,0,0
2026-08-18T11:34:31Z,BCBDC9A3DC81B321,18.4,queries/tpch/tpch-queries/q04/v1_materialized.sql,measured,1,4,5,3,0.173,92.005,8,3,5,162306,5,2826400,360697,3,_m;orders;lineitem,255476,0,0,0,0,0,0
2026-08-18T11:34:31Z,BCBDC9A3DC81B321,18.4,queries/tpch/tpch-queries/q04/v1_materialized.sql,measured,1,5,5,3,0.171,92.516,8,3,5,162306,5,2826400,360697,3,_m;orders;lineitem,255476,0,0,0,0,0,0
2026-08-18T11:34:32Z,BCBDC9A3DC81B321,18.4,queries/tpch/tpch-queries/q04/v1_materialized.sql,measured,2,1,5,3,0.794,99.609,8,3,5,162306,5,2826400,360697,3,_m;orders;lineitem,255476,0,0,0,0,0,0
2026-08-18T11:34:32Z,BCBDC9A3DC81B321,18.4,queries/tpch/tpch-queries/q04/v1_materialized.sql,measured,2,2,5,3,0.176,96.102,8,3,5,162306,5,2826400,360697,3,_m;orders;lineitem,255476,0,0,0,0,0,0
2026-08-18T11:34:32Z,BCBDC9A3DC81B321,18.4,queries/tpch/tpch-queries/q04/v1_materialized.sql,measured,2,3,5,3,0.172,94.454,8,3,5,162306,5,2826400,360697,3,_m;orders;lineitem,255476,0,0,0,0,0,0
2026-08-18T11:34:32Z,BCBDC9A3DC81B321,18.4,queries/tpch/tpch-queries/q04/v1_materialized.sql,measured,2,4,5,3,0.170,93.204,8,3,5,162306,5,2826400,360697,3,_m;orders;lineitem,255476,0,0,0,0,0,0
2026-08-18T11:34:32Z,BCBDC9A3DC81B321,18.4,queries/tpch/tpch-queries/q04/v1_materialized.sql,measured,2,5,5,3,0.172,93.558,8,3,5,162306,5,2826400,360697,3,_m;orders;lineitem,255476,0,0,0,0,0,0
2026-08-18T11:34:32Z,BCBDC9A3DC81B321,18.4,queries/tpch/tpch-queries/q04/v1_materialized.sql,measured,3,1,5,3,0.910,108.323,8,3,5,162306,5,2826400,360697,3,_m;orders;lineitem,255476,0,0,0,0,0,0
2026-08-18T11:34:32Z,BCBDC9A3DC81B321,18.4,queries/tpch/tpch-queries/q04/v1_materialized.sql,measured,3,2,5,3,0.167,95.249,8,3,5,162306,5,2826400,360697,3,_m;orders;lineitem,255476,0,0,0,0,0,0
2026-08-18T11:34:32Z,BCBDC9A3DC81B321,18.4,queries/tpch/tpch-queries/q04/v1_materialized.sql,measured,3,3,5,3,0.170,94.312,8,3,5,162306,5,2826400,360697,3,_m;orders;lineitem,255476,0,0,0,0,0,0
2026-08-18T11:34:32Z,BCBDC9A3DC81B321,18.4,queries/tpch/tpch-queries/q04/v1_materialized.sql,measured,3,4,5,3,0.173,94.491,8,3,5,162306,5,2826400,360697,3,_m;orders;lineitem,255476,0,0,0,0,0,0
2026-08-18T11:34:32Z,BCBDC9A3DC81B321,18.4,queries/tpch/tpch-queries/q04/v1_materialized.sql,measured,3,5,5,3,0.172,93.470,8,3,5,162306,5,2826400,360697,3,_m;orders;lineitem,255476,0,0,0,0,0,0
2026-08-18T11:34:33Z,BCBDC9A3DC81B321,18.4,queries/tpch/tpch-queries/q04/v2_in.sql,warmup,1,1,1,3,0.800,100.400,7,2,5,162301,5,2826040,360697,3,orders;lineitem,255476,0,0,0,0,0,0
2026-08-18T11:34:33Z,BCBDC9A3DC81B321,18.4,queries/tpch/tpch-queries/q04/v2_in.sql,warmup,2,1,1,3,0.784,99.029,7,2,5,162301,5,2826040,360697,3,orders;lineitem,255476,0,0,0,0,0,0
2026-08-18T11:34:33Z,BCBDC9A3DC81B321,18.4,queries/tpch/tpch-queries/q04/v2_in.sql,measured,1,1,5,3,1.138,127.974,7,2,5,162301,5,2826040,360697,3,orders;lineitem,255476,0,0,0,0,0,0
2026-08-18T11:34:33Z,BCBDC9A3DC81B321,18.4,queries/tpch/tpch-queries/q04/v2_in.sql,measured,1,2,5,3,0.154,94.749,7,2,5,162301,5,2826040,360697,3,orders;lineitem,255476,0,0,0,0,0,0
2026-08-18T11:34:33Z,BCBDC9A3DC81B321,18.4,queries/tpch/tpch-queries/q04/v2_in.sql,measured,1,3,5,3,0.162,94.038,7,2,5,162301,5,2826040,360697,3,orders;lineitem,255476,0,0,0,0,0,0
2026-08-18T11:34:33Z,BCBDC9A3DC81B321,18.4,queries/tpch/tpch-queries/q04/v2_in.sql,measured,1,4,5,3,0.157,93.813,7,2,5,162301,5,2826040,360697,3,orders;lineitem,255476,0,0,0,0,0,0
2026-08-18T11:34:33Z,BCBDC9A3DC81B321,18.4,queries/tpch/tpch-queries/q04/v2_in.sql,measured,1,5,5,3,0.157,93.772,7,2,5,162301,5,2826040,360697,3,orders;lineitem,255476,0,0,0,0,0,0
2026-08-18T11:34:34Z,BCBDC9A3DC81B321,18.4,queries/tpch/tpch-queries/q04/v2_in.sql,measured,2,1,5,3,0.973,106.756,7,2,5,162301,5,2826040,360697,3,orders;lineitem,255476,0,0,0,0,0,0
2026-08-18T11:34:34Z,BCBDC9A3DC81B321,18.4,queries/tpch/tpch-queries/q04/v2_in.sql,measured,2,2,5,3,0.154,95.485,7,2,5,162301,5,2826040,360697,3,orders;lineitem,255476,0,0,0,0,0,0
2026-08-18T11:34:34Z,BCBDC9A3DC81B321,18.4,queries/tpch/tpch-queries/q04/v2_in.sql,measured,2,3,5,3,0.162,95.014,7,2,5,162301,5,2826040,360697,3,orders;lineitem,255476,0,0,0,0,0,0
2026-08-18T11:34:34Z,BCBDC9A3DC81B321,18.4,queries/tpch/tpch-queries/q04/v2_in.sql,measured,2,4,5,3,0.157,94.748,7,2,5,162301,5,2826040,360697,3,orders;lineitem,255476,0,0,0,0,0,0
2026-08-18T11:34:34Z,BCBDC9A3DC81B321,18.4,queries/tpch/tpch-queries/q04/v2_in.sql,measured,2,5,5,3,0.158,93.710,7,2,5,162301,5,2826040,360697,3,orders;lineitem,255476,0,0,0,0,0,0
2026-08-18T11:34:34Z,BCBDC9A3DC81B321,18.4,queries/tpch/tpch-queries/q04/v2_in.sql,measured,3,1,5,3,0.985,113.209,7,2,5,162301,5,2826040,360697,3,orders;lineitem,255476,0,0,0,0,0,0
2026-08-18T11:34:34Z,BCBDC9A3DC81B321,18.4,queries/tpch/tpch-queries/q04/v2_in.sql,measured,3,2,5,3,0.153,95.024,7,2,5,162301,5,2826040,360697,3,orders;lineitem,255476,0,0,0,0,0,0
2026-08-18T11:34:34Z,BCBDC9A3DC81B321,18.4,queries/tpch/tpch-queries/q04/v2_in.sql,measured,3,3,5,3,0.162,94.952,7,2,5,162301,5,2826040,360697,3,orders;lineitem,255476,0,0,0,0,0,0
2026-08-18T11:34:34Z,BCBDC9A3DC81B321,18.4,queries/tpch/tpch-queries/q04/v2_in.sql,measured,3,4,5,3,0.161,94.466,7,2,5,162301,5,2826040,360697,3,orders;lineitem,255476,0,0,0,0,0,0
2026-08-18T11:34:34Z,BCBDC9A3DC81B321,18.4,queries/tpch/tpch-queries/q04/v2_in.sql,measured,3,5,5,3,0.166,94.397,7,2,5,162301,5,2826040,360697,3,orders;lineitem,255476,0,0,0,0,0,0
2026-08-18T11:34:35Z,BCBDC9A3DC81B321,18.4,queries/tpch/tpch-queries/q05/base.sql,warmup,1,1,1,3,2.090,272.458,19,6,5,699121,25,18257548,12,2,customer;nation;region;orders;lineitem;supplier,583073,0,0,0,0,0,0
2026-08-18T11:34:35Z,BCBDC9A3DC81B321,18.4,queries/tpch/tpch-queries/q05/base.sql,warmup,2,1,1,3,3.088,283.103,19,6,5,699121,25,18257548,12,2,customer;nation;region;orders;lineitem;supplier,583073,0,0,0,0,0,0
2026-08-18T11:34:37Z,BCBDC9A3DC81B321,18.4,queries/tpch/tpch-queries/q05/base.sql,measured,1,1,5,3,1.784,267.317,19,6,5,699121,25,18257548,12,2,customer;nation;region;orders;lineitem;supplier,583073,0,0,0,0,0,0
2026-08-18T11:34:37Z,BCBDC9A3DC81B321,18.4,queries/tpch/tpch-queries/q05/base.sql,measured,1,2,5,3,1.033,253.539,19,6,5,699121,25,18257548,12,2,customer;nation;region;orders;lineitem;supplier,583070,0,0,0,0,0,0
2026-08-18T11:34:37Z,BCBDC9A3DC81B321,18.4,queries/tpch/tpch-queries/q05/base.sql,measured,1,3,5,3,0.953,253.954,19,6,5,699121,25,18257548,12,2,customer;nation;region;orders;lineitem;supplier,583070,0,0,0,0,0,0
2026-08-18T11:34:37Z,BCBDC9A3DC81B321,18.4,queries/tpch/tpch-queries/q05/base.sql,measured,1,4,5,3,0.930,249.346,19,6,5,699121,25,18257548,12,2,customer;nation;region;orders;lineitem;supplier,583070,0,0,0,0,0,0
2026-08-18T11:34:37Z,BCBDC9A3DC81B321,18.4,queries/tpch/tpch-queries/q05/base.sql,measured,1,5,5,3,0.928,247.814,19,6,5,699121,25,18257548,12,2,customer;nation;region;orders;lineitem;supplier,583070,0,0,0,0,0,0
2026-08-18T11:34:38Z,BCBDC9A3DC81B321,18.4,queries/tpch/tpch-queries/q05/base.sql,measured,2,1,5,3,2.145,264.928,19,6,5,699121,25,18257548,12,2,customer;nation;region;orders;lineitem;supplier,583073,0,0,0,0,0,0
2026-08-18T11:34:38Z,BCBDC9A3DC81B321,18.4,queries/tpch/tpch-queries/q05/base.sql,measured,2,2,5,3,1.006,251.042,19,6,5,699121,25,18257548,12,2,customer;nation;region;orders;lineitem;supplier,583070,0,0,0,0,0,0
2026-08-18T11:34:38Z,BCBDC9A3DC81B321,18.4,queries/tpch/tpch-queries/q05/base.sql,measured,2,3,5,3,0.921,248.663,19,6,5,699121,25,18257548,12,2,customer;nation;region;orders;lineitem;supplier,583070,0,0,0,0,0,0
2026-08-18T11:34:38Z,BCBDC9A3DC81B321,18.4,queries/tpch/tpch-queries/q05/base.sql,measured,2,4,5,3,0.928,246.710,19,6,5,699121,25,18257548,12,2,customer;nation;region;orders;lineitem;supplier,583070,0,0,0,0,0,0
2026-08-18T11:34:38Z,BCBDC9A3DC81B321,18.4,queries/tpch/tpch-queries/q05/base.sql,measured,2,5,5,3,0.932,246.302,19,6,5,699121,25,18257548,12,2,customer;nation;region;orders;lineitem;supplier,583070,0,0,0,0,0,0
2026-08-18T11:34:39Z,BCBDC9A3DC81B321,18.4,queries/tpch/tpch-queries/q05/base.sql,measured,3,1,5,3,1.805,260.092,19,6,5,699121,25,18257548,12,2,customer;nation;region;orders;lineitem;supplier,583073,0,0,0,0,0,0
2026-08-18T11:34:39Z,BCBDC9A3DC81B321,18.4,queries/tpch/tpch-queries/q05/base.sql,measured,3,2,5,3,0.997,246.105,19,6,5,699121,25,18257548,12,2,customer;nation;region;orders;lineitem;supplier,583070,0,0,0,0,0,0
2026-08-18T11:34:39Z,BCBDC9A3DC81B321,18.4,queries/tpch/tpch-queries/q05/base.sql,measured,3,3,5,3,0.930,242.800,19,6,5,699121,25,18257548,12,2,customer;nation;region;orders;lineitem;supplier,583070,0,0,0,0,0,0
2026-08-18T11:34:39Z,BCBDC9A3DC81B321,18.4,queries/tpch/tpch-queries/q05/base.sql,measured,3,4,5,3,0.921,242.864,19,6,5,699121,25,18257548,12,2,customer;nation;region;orders;lineitem;supplier,583070,0,0,0,0,0,0
2026-08-18T11:34:39Z,BCBDC9A3DC81B321,18.4,queries/tpch/tpch-queries/q05/base.sql,measured,3,5,5,3,0.929,242.459,19,6,5,699121,25,18257548,12,2,customer;nation;region;orders;lineitem;supplier,583070,0,0,0,0,0,0
2026-08-18T11:34:40Z,BCBDC9A3DC81B321,18.4,queries/tpch/tpch-queries/q05/v1_materialized.sql,warmup,1,1,1,3,2.173,259.365,20,7,5,699126,25,18258618,12,2,customer;nation;region;orders;lineitem;supplier;_m,583073,0,0,0,0,0,0
2026-08-18T11:34:40Z,BCBDC9A3DC81B321,18.4,queries/tpch/tpch-queries/q05/v1_materialized.sql,warmup,2,1,1,3,1.820,258.120,20,7,5,699126,25,18258618,12,2,customer;nation;region;orders;lineitem;supplier;_m,583073,0,0,0,0,0,0
2026-08-18T11:34:41Z,BCBDC9A3DC81B321,18.4,queries/tpch/tpch-queries/q05/v1_materialized.sql,measured,1,1,5,3,2.450,272.456,20,7,5,699126,25,18258618,12,2,customer;nation;region;orders;lineitem;supplier;_m,583073,0,0,0,0,0,0
2026-08-18T11:34:41Z,BCBDC9A3DC81B321,18.4,queries/tpch/tpch-queries/q05/v1_materialized.sql,measured,1,2,5,3,1.027,250.760,20,7,5,699126,25,18258618,12,2,customer;nation;region;orders;lineitem;supplier;_m,583070,0,0,0,0,0,0
2026-08-18T11:34:41Z,BCBDC9A3DC81B321,18.4,queries/tpch/tpch-queries/q05/v1_materialized.sql,measured,1,3,5,3,0.945,247.154,20,7,5,699126,25,18258618,12,2,customer;nation;region;orders;lineitem;supplier;_m,583070,0,0,0,0,0,0
2026-08-18T11:34:41Z,BCBDC9A3DC81B321,18.4,queries/tpch/tpch-queries/q05/v1_materialized.sql,measured,1,4,5,3,0.941,246.967,20,7,5,699126,25,18258618,12,2,customer;nation;region;orders;lineitem;supplier;_m,583070,0,0,0,0,0,0
2026-08-18T11:34:41Z,BCBDC9A3DC81B321,18.4,queries/tpch/tpch-queries/q05/v1_materialized.sql,measured,1,5,5,3,0.952,243.862,20,7,5,699126,25,18258618,12,2,customer;nation;region;orders;lineitem;supplier;_m,583070,0,0,0,0,0,0
2026-08-18T11:34:43Z,BCBDC9A3DC81B321,18.4,queries/tpch/tpch-queries/q05/v1_materialized.sql,measured,2,1,5,3,1.818,257.435,20,7,5,699126,25,18258618,12,2,customer;nation;region;orders;lineitem;supplier;_m,583073,0,0,0,0,0,0
2026-08-18T11:34:43Z,BCBDC9A3DC81B321,18.4,queries/tpch/tpch-queries/q05/v1_materialized.sql,measured,2,2,5,3,1.013,245.790,20,7,5,699126,25,18258618,12,2,customer;nation;region;orders;lineitem;supplier;_m,583070,0,0,0,0,0,0
2026-08-18T11:34:43Z,BCBDC9A3DC81B321,18.4,queries/tpch/tpch-queries/q05/v1_materialized.sql,measured,2,3,5,3,0.942,244.313,20,7,5,699126,25,18258618,12,2,customer;nation;region;orders;lineitem;supplier;_m,583070,0,0,0,0,0,0
2026-08-18T11:34:43Z,BCBDC9A3DC81B321,18.4,queries/tpch/tpch-queries/q05/v1_materialized.sql,measured,2,4,5,3,0.951,243.414,20,7,5,699126,25,18258618,12,2,customer;nation;region;orders;lineitem;supplier;_m,583070,0,0,0,0,0,0
2026-08-18T11:34:43Z,BCBDC9A3DC81B321,18.4,queries/tpch/tpch-queries/q05/v1_materialized.sql,measured,2,5,5,3,0.947,242.417,20,7,5,699126,25,18258618,12,2,customer;nation;region;orders;lineitem;supplier;_m,583070,0,0,0,0,0,0
2026-08-18T11:34:44Z,BCBDC9A3DC81B321,18.4,queries/tpch/tpch-queries/q05/v1_materialized.sql,measured,3,1,5,3,2.565,266.491,20,7,5,699126,25,18258618,12,2,customer;nation;region;orders;lineitem;supplier;_m,583073,0,0,0,0,0,0
2026-08-18T11:34:44Z,BCBDC9A3DC81B321,18.4,queries/tpch/tpch-queries/q05/v1_materialized.sql,measured,3,2,5,3,1.281,246.153,20,7,5,699126,25,18258618,12,2,customer;nation;region;orders;lineitem;supplier;_m,583070,0,0,0,0,0,0
2026-08-18T11:34:44Z,BCBDC9A3DC81B321,18.4,queries/tpch/tpch-queries/q05/v1_materialized.sql,measured,3,3,5,3,0.939,247.563,20,7,5,699126,25,18258618,12,2,customer;nation;region;orders;lineitem;supplier;_m,583070,0,0,0,0,0,0
2026-08-18T11:34:44Z,BCBDC9A3DC81B321,18.4,queries/tpch/tpch-queries/q05/v1_materialized.sql,measured,3,4,5,3,0.934,243.614,20,7,5,699126,25,18258618,12,2,customer;nation;region;orders;lineitem;supplier;_m,583070,0,0,0,0,0,0
2026-08-18T11:34:44Z,BCBDC9A3DC81B321,18.4,queries/tpch/tpch-queries/q05/v1_materialized.sql,measured,3,5,5,3,0.946,242.372,20,7,5,699126,25,18258618,12,2,customer;nation;region;orders;lineitem;supplier;_m,583070,0,0,0,0,0,0
2026-08-18T11:34:44Z,BCBDC9A3DC81B321,18.4,queries/tpch/tpch-queries/q06/base.sql,warmup,1,1,1,3,0.428,245.032,4,1,1,114171,1,1370272,1177411,4,lineitem,112600,0,0,0,0,0,0
2026-08-18T11:34:45Z,BCBDC9A3DC81B321,18.4,queries/tpch/tpch-queries/q06/base.sql,warmup,2,1,1,3,0.491,276.697,4,1,1,114171,1,1370272,1177411,4,lineitem,112600,0,0,0,0,0,0
2026-08-18T11:34:46Z,BCBDC9A3DC81B321,18.4,queries/tpch/tpch-queries/q06/base.sql,measured,1,1,5,3,0.489,284.039,4,1,1,114171,1,1370272,1177411,4,lineitem,112600,0,0,0,0,0,0
2026-08-18T11:34:46Z,BCBDC9A3DC81B321,18.4,queries/tpch/tpch-queries/q06/base.sql,measured,1,2,5,3,0.069,224.098,4,1,1,114171,1,1370272,1177411,4,lineitem,112600,0,0,0,0,0,0
2026-08-18T11:34:46Z,BCBDC9A3DC81B321,18.4,queries/tpch/tpch-queries/q06/base.sql,measured,1,3,5,3,0.067,226.229,4,1,1,114171,1,1370272,1177411,4,lineitem,112600,0,0,0,0,0,0
2026-08-18T11:34:46Z,BCBDC9A3DC81B321,18.4,queries/tpch/tpch-queries/q06/base.sql,measured,1,4,5,3,0.068,237.392,4,1,1,114171,1,1370272,1177411,4,lineitem,112600,0,0,0,0,0,0
2026-08-18T11:34:46Z,BCBDC9A3DC81B321,18.4,queries/tpch/tpch-queries/q06/base.sql,measured,1,5,5,3,0.068,225.852,4,1,1,114171,1,1370272,1177411,4,lineitem,112600,0,0,0,0,0,0
2026-08-18T11:34:47Z,BCBDC9A3DC81B321,18.4,queries/tpch/tpch-queries/q06/base.sql,measured,2,1,5,3,0.503,291.103,4,1,1,114171,1,1370272,1177411,4,lineitem,112600,0,0,0,0,0,0
2026-08-18T11:34:47Z,BCBDC9A3DC81B321,18.4,queries/tpch/tpch-queries/q06/base.sql,measured,2,2,5,3,0.068,238.113,4,1,1,114171,1,1370272,1177411,4,lineitem,112600,0,0,0,0,0,0
2026-08-18T11:34:47Z,BCBDC9A3DC81B321,18.4,queries/tpch/tpch-queries/q06/base.sql,measured,2,3,5,3,0.067,237.709,4,1,1,114171,1,1370272,1177411,4,lineitem,112600,0,0,0,0,0,0
2026-08-18T11:34:47Z,BCBDC9A3DC81B321,18.4,queries/tpch/tpch-queries/q06/base.sql,measured,2,4,5,3,0.068,238.160,4,1,1,114171,1,1370272,1177411,4,lineitem,112600,0,0,0,0,0,0
2026-08-18T11:34:47Z,BCBDC9A3DC81B321,18.4,queries/tpch/tpch-queries/q06/base.sql,measured,2,5,5,3,0.067,238.630,4,1,1,114171,1,1370272,1177411,4,lineitem,112600,0,0,0,0,0,0
2026-08-18T11:34:49Z,BCBDC9A3DC81B321,18.4,queries/tpch/tpch-queries/q06/base.sql,measured,3,1,5,3,0.389,249.637,4,1,1,114171,1,1370272,1177411,4,lineitem,112600,0,0,0,0,0,0
2026-08-18T11:34:49Z,BCBDC9A3DC81B321,18.4,queries/tpch/tpch-queries/q06/base.sql,measured,3,2,5,3,0.068,243.356,4,1,1,114171,1,1370272,1177411,4,lineitem,112600,0,0,0,0,0,0
2026-08-18T11:34:49Z,BCBDC9A3DC81B321,18.4,queries/tpch/tpch-queries/q06/base.sql,measured,3,3,5,3,0.081,242.555,4,1,1,114171,1,1370272,1177411,4,lineitem,112600,0,0,0,0,0,0
2026-08-18T11:34:49Z,BCBDC9A3DC81B321,18.4,queries/tpch/tpch-queries/q06/base.sql,measured,3,4,5,3,0.070,242.598,4,1,1,114171,1,1370272,1177411,4,lineitem,112600,0,0,0,0,0,0
2026-08-18T11:34:49Z,BCBDC9A3DC81B321,18.4,queries/tpch/tpch-queries/q06/base.sql,measured,3,5,5,3,0.071,241.534,4,1,1,114171,1,1370272,1177411,4,lineitem,112600,0,0,0,0,0,0
2026-08-18T11:34:49Z,BCBDC9A3DC81B321,18.4,queries/tpch/tpch-queries/q06/v1_materialized.sql,warmup,1,1,1,3,0.522,283.938,5,2,1,114172,1,1370304,1177411,4,_m;lineitem,112600,0,0,0,0,0,0
2026-08-18T11:34:49Z,BCBDC9A3DC81B321,18.4,queries/tpch/tpch-queries/q06/v1_materialized.sql,warmup,2,1,1,3,0.503,293.335,5,2,1,114172,1,1370304,1177411,4,_m;lineitem,112600,0,0,0,0,0,0
2026-08-18T11:34:51Z,BCBDC9A3DC81B321,18.4,queries/tpch/tpch-queries/q06/v1_materialized.sql,measured,1,1,5,3,0.520,294.692,5,2,1,114172,1,1370304,1177411,4,_m;lineitem,112600,0,0,0,0,0,0
2026-08-18T11:34:51Z,BCBDC9A3DC81B321,18.4,queries/tpch/tpch-queries/q06/v1_materialized.sql,measured,1,2,5,3,0.081,243.877,5,2,1,114172,1,1370304,1177411,4,_m;lineitem,112600,0,0,0,0,0,0
2026-08-18T11:34:51Z,BCBDC9A3DC81B321,18.4,queries/tpch/tpch-queries/q06/v1_materialized.sql,measured,1,3,5,3,0.082,245.608,5,2,1,114172,1,1370304,1177411,4,_m;lineitem,112600,0,0,0,0,0,0
2026-08-18T11:34:51Z,BCBDC9A3DC81B321,18.4,queries/tpch/tpch-queries/q06/v1_materialized.sql,measured,1,4,5,3,0.081,233.816,5,2,1,114172,1,1370304,1177411,4,_m;lineitem,112600,0,0,0,0,0,0
2026-08-18T11:34:51Z,BCBDC9A3DC81B321,18.4,queries/tpch/tpch-queries/q06/v1_materialized.sql,measured,1,5,5,3,0.079,245.196,5,2,1,114172,1,1370304,1177411,4,_m;lineitem,112600,0,0,0,0,0,0
2026-08-18T11:34:52Z,BCBDC9A3DC81B321,18.4,queries/tpch/tpch-queries/q06/v1_materialized.sql,measured,2,1,5,3,0.507,295.496,5,2,1,114172,1,1370304,1177411,4,_m;lineitem,112600,0,0,0,0,0,0
2026-08-18T11:34:52Z,BCBDC9A3DC81B321,18.4,queries/tpch/tpch-queries/q06/v1_materialized.sql,measured,2,2,5,3,0.089,246.739,5,2,1,114172,1,1370304,1177411,4,_m;lineitem,112600,0,0,0,0,0,0
2026-08-18T11:34:52Z,BCBDC9A3DC81B321,18.4,queries/tpch/tpch-queries/q06/v1_materialized.sql,measured,2,3,5,3,0.083,246.126,5,2,1,114172,1,1370304,1177411,4,_m;lineitem,112600,0,0,0,0,0,0
2026-08-18T11:34:52Z,BCBDC9A3DC81B321,18.4,queries/tpch/tpch-queries/q06/v1_materialized.sql,measured,2,4,5,3,0.093,244.921,5,2,1,114172,1,1370304,1177411,4,_m;lineitem,112600,0,0,0,0,0,0
2026-08-18T11:34:52Z,BCBDC9A3DC81B321,18.4,queries/tpch/tpch-queries/q06/v1_materialized.sql,measured,2,5,5,3,0.081,245.130,5,2,1,114172,1,1370304,1177411,4,_m;lineitem,112600,0,0,0,0,0,0
2026-08-18T11:34:54Z,BCBDC9A3DC81B321,18.4,queries/tpch/tpch-queries/q06/v1_materialized.sql,measured,3,1,5,3,0.467,276.563,5,2,1,114172,1,1370304,1177411,4,_m;lineitem,112600,0,0,0,0,0,0
2026-08-18T11:34:54Z,BCBDC9A3DC81B321,18.4,queries/tpch/tpch-queries/q06/v1_materialized.sql,measured,3,2,5,3,0.092,247.241,5,2,1,114172,1,1370304,1177411,4,_m;lineitem,112600,0,0,0,0,0,0
2026-08-18T11:34:54Z,BCBDC9A3DC81B321,18.4,queries/tpch/tpch-queries/q06/v1_materialized.sql,measured,3,3,5,3,0.082,252.281,5,2,1,114172,1,1370304,1177411,4,_m;lineitem,112600,0,0,0,0,0,0
2026-08-18T11:34:54Z,BCBDC9A3DC81B321,18.4,queries/tpch/tpch-queries/q06/v1_materialized.sql,measured,3,4,5,3,0.083,249.188,5,2,1,114172,1,1370304,1177411,4,_m;lineitem,112600,0,0,0,0,0,0
2026-08-18T11:34:54Z,BCBDC9A3DC81B321,18.4,queries/tpch/tpch-queries/q06/v1_materialized.sql,measured,3,5,5,3,0.083,247.569,5,2,1,114172,1,1370304,1177411,4,_m;lineitem,112600,0,0,0,0,0,0
2026-08-18T11:34:54Z,BCBDC9A3DC81B321,18.4,queries/tpch/tpch-queries/q07/base.sql,warmup,1,1,1,3,1.802,340.851,17,6,4,725685,6124,17987766,49,2,customer;nation;orders;lineitem;supplier,653771,0,0,0,0,0,0
2026-08-18T11:34:54Z,BCBDC9A3DC81B321,18.4,queries/tpch/tpch-queries/q07/base.sql,warmup,2,1,1,3,1.474,313.110,17,6,4,725685,6124,17987766,49,2,customer;nation;orders;lineitem;supplier,653771,0,0,0,0,0,0
2026-08-18T11:34:56Z,BCBDC9A3DC81B321,18.4,queries/tpch/tpch-queries/q07/base.sql,measured,1,1,5,3,1.631,317.983,17,6,4,725685,6124,17987766,49,2,customer;nation;orders;lineitem;supplier,653771,0,0,0,0,0,0
2026-08-18T11:34:56Z,BCBDC9A3DC81B321,18.4,queries/tpch/tpch-queries/q07/base.sql,measured,1,2,5,3,0.652,296.042,17,6,4,725685,6124,17987766,49,2,customer;nation;orders;lineitem;supplier,653771,0,0,0,0,0,0
2026-08-18T11:34:56Z,BCBDC9A3DC81B321,18.4,queries/tpch/tpch-queries/q07/base.sql,measured,1,3,5,3,0.615,292.734,17,6,4,725685,6124,17987766,49,2,customer;nation;orders;lineitem;supplier,653771,0,0,0,0,0,0
2026-08-18T11:34:56Z,BCBDC9A3DC81B321,18.4,queries/tpch/tpch-queries/q07/base.sql,measured,1,4,5,3,0.609,293.457,17,6,4,725685,6124,17987766,49,2,customer;nation;orders;lineitem;supplier,653771,0,0,0,0,0,0
2026-08-18T11:34:56Z,BCBDC9A3DC81B321,18.4,queries/tpch/tpch-queries/q07/base.sql,measured,1,5,5,3,0.619,290.031,17,6,4,725685,6124,17987766,49,2,customer;nation;orders;lineitem;supplier,653771,0,0,0,0,0,0
2026-08-18T11:34:58Z,BCBDC9A3DC81B321,18.4,queries/tpch/tpch-queries/q07/base.sql,measured,2,1,5,3,1.505,311.258,17,6,4,725685,6124,17987766,49,2,customer;nation;orders;lineitem;supplier,653771,0,0,0,0,0,0
2026-08-18T11:34:58Z,BCBDC9A3DC81B321,18.4,queries/tpch/tpch-queries/q07/base.sql,measured,2,2,5,3,0.652,294.799,17,6,4,725685,6124,17987766,49,2,customer;nation;orders;lineitem;supplier,653771,0,0,0,0,0,0
2026-08-18T11:34:58Z,BCBDC9A3DC81B321,18.4,queries/tpch/tpch-queries/q07/base.sql,measured,2,3,5,3,0.607,289.385,17,6,4,725685,6124,17987766,49,2,customer;nation;orders;lineitem;supplier,653771,0,0,0,0,0,0
2026-08-18T11:34:58Z,BCBDC9A3DC81B321,18.4,queries/tpch/tpch-queries/q07/base.sql,measured,2,4,5,3,0.606,291.119,17,6,4,725685,6124,17987766,49,2,customer;nation;orders;lineitem;supplier,653771,0,0,0,0,0,0
2026-08-18T11:34:58Z,BCBDC9A3DC81B321,18.4,queries/tpch/tpch-queries/q07/base.sql,measured,2,5,5,3,0.598,287.443,17,6,4,725685,6124,17987766,49,2,customer;nation;orders;lineitem;supplier,653771,0,0,0,0,0,0
2026-08-18T11:34:59Z,BCBDC9A3DC81B321,18.4,queries/tpch/tpch-queries/q07/base.sql,measured,3,1,5,3,1.472,310.121,17,6,4,725685,6124,17987766,49,2,customer;nation;orders;lineitem;supplier,653771,0,0,0,0,0,0
2026-08-18T11:34:59Z,BCBDC9A3DC81B321,18.4,queries/tpch/tpch-queries/q07/base.sql,measured,3,2,5,3,0.650,291.529,17,6,4,725685,6124,17987766,49,2,customer;nation;orders;lineitem;supplier,653771,0,0,0,0,0,0
2026-08-18T11:34:59Z,BCBDC9A3DC81B321,18.4,queries/tpch/tpch-queries/q07/base.sql,measured,3,3,5,3,0.611,291.384,17,6,4,725685,6124,17987766,49,2,customer;nation;orders;lineitem;supplier,653771,0,0,0,0,0,0
2026-08-18T11:34:59Z,BCBDC9A3DC81B321,18.4,queries/tpch/tpch-queries/q07/base.sql,measured,3,4,5,3,0.600,290.415,17,6,4,725685,6124,17987766,49,2,customer;nation;orders;lineitem;supplier,653771,0,0,0,0,0,0
2026-08-18T11:34:59Z,BCBDC9A3DC81B321,18.4,queries/tpch/tpch-queries/q07/base.sql,measured,3,5,5,3,0.615,289.663,17,6,4,725685,6124,17987766,49,2,customer;nation;orders;lineitem;supplier,653771,0,0,0,0,0,0
2026-08-18T11:35:00Z,BCBDC9A3DC81B321,18.4,queries/tpch/tpch-queries/q07/v1_materialized.sql,warmup,1,1,1,3,1.607,307.415,18,7,4,725689,6124,17988854,49,2,_m;customer;nation;orders;lineitem;supplier,653771,0,0,0,0,0,0
2026-08-18T11:35:00Z,BCBDC9A3DC81B321,18.4,queries/tpch/tpch-queries/q07/v1_materialized.sql,warmup,2,1,1,3,1.622,310.902,18,7,4,725689,6124,17988854,49,2,_m;customer;nation;orders;lineitem;supplier,653771,0,0,0,0,0,0
2026-08-18T11:35:02Z,BCBDC9A3DC81B321,18.4,queries/tpch/tpch-queries/q07/v1_materialized.sql,measured,1,1,5,3,1.638,314.158,18,7,4,725689,6124,17988854,49,2,_m;customer;nation;orders;lineitem;supplier,653771,0,0,0,0,0,0
2026-08-18T11:35:02Z,BCBDC9A3DC81B321,18.4,queries/tpch/tpch-queries/q07/v1_materialized.sql,measured,1,2,5,3,0.666,291.991,18,7,4,725689,6124,17988854,49,2,_m;customer;nation;orders;lineitem;supplier,653771,0,0,0,0,0,0
2026-08-18T11:35:02Z,BCBDC9A3DC81B321,18.4,queries/tpch/tpch-queries/q07/v1_materialized.sql,measured,1,3,5,3,0.617,290.345,18,7,4,725689,6124,17988854,49,2,_m;customer;nation;orders;lineitem;supplier,653771,0,0,0,0,0,0
2026-08-18T11:35:02Z,BCBDC9A3DC81B321,18.4,queries/tpch/tpch-queries/q07/v1_materialized.sql,measured,1,4,5,3,0.640,289.014,18,7,4,725689,6124,17988854,49,2,_m;customer;nation;orders;lineitem;supplier,653771,0,0,0,0,0,0
2026-08-18T11:35:02Z,BCBDC9A3DC81B321,18.4,queries/tpch/tpch-queries/q07/v1_materialized.sql,measured,1,5,5,3,0.638,289.706,18,7,4,725689,6124,17988854,49,2,_m;customer;nation;orders;lineitem;supplier,653771,0,0,0,0,0,0
2026-08-18T11:35:03Z,BCBDC9A3DC81B321,18.4,queries/tpch/tpch-queries/q07/v1_materialized.sql,measured,2,1,5,3,1.531,308.337,18,7,4,725689,6124,17988854,49,2,_m;customer;nation;orders;lineitem;supplier,653771,0,0,0,0,0,0
2026-08-18T11:35:03Z,BCBDC9A3DC81B321,18.4,queries/tpch/tpch-queries/q07/v1_materialized.sql,measured,2,2,5,3,0.647,289.933,18,7,4,725689,6124,17988854,49,2,_m;customer;nation;orders;lineitem;supplier,653771,0,0,0,0,0,0
2026-08-18T11:35:03Z,BCBDC9A3DC81B321,18.4,queries/tpch/tpch-queries/q07/v1_materialized.sql,measured,2,3,5,3,0.633,289.208,18,7,4,725689,6124,17988854,49,2,_m;customer;nation;orders;lineitem;supplier,653771,0,0,0,0,0,0
2026-08-18T11:35:03Z,BCBDC9A3DC81B321,18.4,queries/tpch/tpch-queries/q07/v1_materialized.sql,measured,2,4,5,3,0.624,290.244,18,7,4,725689,6124,17988854,49,2,_m;customer;nation;orders;lineitem;supplier,653771,0,0,0,0,0,0
2026-08-18T11:35:03Z,BCBDC9A3DC81B321,18.4,queries/tpch/tpch-queries/q07/v1_materialized.sql,measured,2,5,5,3,0.614,289.682,18,7,4,725689,6124,17988854,49,2,_m;customer;nation;orders;lineitem;supplier,653771,0,0,0,0,0,0
2026-08-18T11:35:05Z,BCBDC9A3DC81B321,18.4,queries/tpch/tpch-queries/q07/v1_materialized.sql,measured,3,1,5,3,1.510,308.512,18,7,4,725689,6124,17988854,49,2,_m;customer;nation;orders;lineitem;supplier,653771,0,0,0,0,0,0
2026-08-18T11:35:05Z,BCBDC9A3DC81B321,18.4,queries/tpch/tpch-queries/q07/v1_materialized.sql,measured,3,2,5,3,0.667,288.663,18,7,4,725689,6124,17988854,49,2,_m;customer;nation;orders;lineitem;supplier,653771,0,0,0,0,0,0
2026-08-18T11:35:05Z,BCBDC9A3DC81B321,18.4,queries/tpch/tpch-queries/q07/v1_materialized.sql,measured,3,3,5,3,0.621,288.189,18,7,4,725689,6124,17988854,49,2,_m;customer;nation;orders;lineitem;supplier,653771,0,0,0,0,0,0
2026-08-18T11:35:05Z,BCBDC9A3DC81B321,18.4,queries/tpch/tpch-queries/q07/v1_materialized.sql,measured,3,4,5,3,0.610,288.765,18,7,4,725689,6124,17988854,49,2,_m;customer;nation;orders;lineitem;supplier,653771,0,0,0,0,0,0
2026-08-18T11:35:05Z,BCBDC9A3DC81B321,18.4,queries/tpch/tpch-queries/q07/v1_materialized.sql,measured,3,5,5,3,0.617,286.224,18,7,4,725689,6124,17988854,49,2,_m;customer;nation;orders;lineitem;supplier,653771,0,0,0,0,0,0
2026-08-18T11:35:05Z,BCBDC9A3DC81B321,18.4,queries/tpch/tpch-queries/q07/v2_union_all.sql,warmup,1,1,1,3,1.777,316.351,33,12,4,894910,589,19681370,102,2,customer;nation;orders;lineitem;supplier,657821,0,0,0,0,0,0
2026-08-18T11:35:05Z,BCBDC9A3DC81B321,18.4,queries/tpch/tpch-queries/q07/v2_union_all.sql,warmup,2,1,1,3,1.677,310.513,33,12,4,894910,589,19681370,102,2,customer;nation;orders;lineitem;supplier,657821,0,0,0,0,0,0
2026-08-18T11:35:07Z,BCBDC9A3DC81B321,18.4,queries/tpch/tpch-queries/q07/v2_union_all.sql,measured,1,1,5,3,1.980,318.677,33,12,4,894910,589,19681370,102,2,customer;nation;orders;lineitem;supplier,657821,0,0,0,0,0,0
2026-08-18T11:35:07Z,BCBDC9A3DC81B321,18.4,queries/tpch/tpch-queries/q07/v2_union_all.sql,measured,1,2,5,3,0.815,296.499,33,12,4,894910,589,19681370,102,2,customer;nation;orders;lineitem;supplier,657821,0,0,0,0,0,0
2026-08-18T11:35:07Z,BCBDC9A3DC81B321,18.4,queries/tpch/tpch-queries/q07/v2_union_all.sql,measured,1,3,5,3,0.732,293.907,33,12,4,894910,589,19681370,102,2,customer;nation;orders;lineitem;supplier,657821,0,0,0,0,0,0
2026-08-18T11:35:07Z,BCBDC9A3DC81B321,18.4,queries/tpch/tpch-queries/q07/v2_union_all.sql,measured,1,4,5,3,0.746,291.653,33,12,4,894910,589,19681370,102,2,customer;nation;orders;lineitem;supplier,657821,0,0,0,0,0,0
2026-08-18T11:35:07Z,BCBDC9A3DC81B321,18.4,queries/tpch/tpch-queries/q07/v2_union_all.sql,measured,1,5,5,3,0.713,292.855,33,12,4,894910,589,19681370,102,2,customer;nation;orders;lineitem;supplier,657821,0,0,0,0,0,0
2026-08-18T11:35:09Z,BCBDC9A3DC81B321,18.4,queries/tpch/tpch-queries/q07/v2_union_all.sql,measured,2,1,5,3,1.751,311.643,33,12,4,894910,589,19681370,102,2,customer;nation;orders;lineitem;supplier,657821,0,0,0,0,0,0
2026-08-18T11:35:09Z,BCBDC9A3DC81B321,18.4,queries/tpch/tpch-queries/q07/v2_union_all.sql,measured,2,2,5,3,0.788,295.027,33,12,4,894910,589,19681370,102,2,customer;nation;orders;lineitem;supplier,657821,0,0,0,0,0,0
2026-08-18T11:35:09Z,BCBDC9A3DC81B321,18.4,queries/tpch/tpch-queries/q07/v2_union_all.sql,measured,2,3,5,3,0.715,295.095,33,12,4,894910,589,19681370,102,2,customer;nation;orders;lineitem;supplier,657821,0,0,0,0,0,0
2026-08-18T11:35:09Z,BCBDC9A3DC81B321,18.4,queries/tpch/tpch-queries/q07/v2_union_all.sql,measured,2,4,5,3,0.710,295.027,33,12,4,894910,589,19681370,102,2,customer;nation;orders;lineitem;supplier,657821,0,0,0,0,0,0
2026-08-18T11:35:09Z,BCBDC9A3DC81B321,18.4,queries/tpch/tpch-queries/q07/v2_union_all.sql,measured,2,5,5,3,0.710,294.636,33,12,4,894910,589,19681370,102,2,customer;nation;orders;lineitem;supplier,657821,0,0,0,0,0,0
2026-08-18T11:35:10Z,BCBDC9A3DC81B321,18.4,queries/tpch/tpch-queries/q07/v2_union_all.sql,measured,3,1,5,3,2.313,321.931,33,12,4,894910,589,19681370,102,2,customer;nation;orders;lineitem;supplier,657821,0,0,0,0,0,0
2026-08-18T11:35:10Z,BCBDC9A3DC81B321,18.4,queries/tpch/tpch-queries/q07/v2_union_all.sql,measured,3,2,5,3,0.794,297.474,33,12,4,894910,589,19681370,102,2,customer;nation;orders;lineitem;supplier,657821,0,0,0,0,0,0
2026-08-18T11:35:10Z,BCBDC9A3DC81B321,18.4,queries/tpch/tpch-queries/q07/v2_union_all.sql,measured,3,3,5,3,0.708,292.631,33,12,4,894910,589,19681370,102,2,customer;nation;orders;lineitem;supplier,657821,0,0,0,0,0,0
2026-08-18T11:35:10Z,BCBDC9A3DC81B321,18.4,queries/tpch/tpch-queries/q07/v2_union_all.sql,measured,3,4,5,3,0.722,293.316,33,12,4,894910,589,19681370,102,2,customer;nation;orders;lineitem;supplier,657821,0,0,0,0,0,0
2026-08-18T11:35:10Z,BCBDC9A3DC81B321,18.4,queries/tpch/tpch-queries/q07/v2_union_all.sql,measured,3,5,5,3,0.759,294.319,33,12,4,894910,589,19681370,102,2,customer;nation;orders;lineitem;supplier,657821,0,0,0,0,0,0
2026-08-18T11:35:11Z,BCBDC9A3DC81B321,18.4,queries/tpch/tpch-queries/q08/base.sql,warmup,1,1,1,3,2.146,392.068,23,8,2,1166964,2406,21790242,198560,2,customer;nation;region;orders;lineitem;part;supplier,767161,0,0,0,0,0,0
2026-08-18T11:35:11Z,BCBDC9A3DC81B321,18.4,queries/tpch/tpch-queries/q08/base.sql,warmup,2,1,1,3,1.807,390.732,23,8,2,1166964,2406,21790242,198560,2,customer;nation;region;orders;lineitem;part;supplier,767161,0,0,0,0,0,0
2026-08-18T11:35:13Z,BCBDC9A3DC81B321,18.4,queries/tpch/tpch-queries/q08/base.sql,measured,1,1,5,3,1.758,393.551,23,8,2,1166964,2406,21790242,198560,2,customer;nation;region;orders;lineitem;part;supplier,767161,0,0,0,0,0,0
2026-08-18T11:35:13Z,BCBDC9A3DC81B321,18.4,queries/tpch/tpch-queries/q08/base.sql,measured,1,2,5,3,0.797,354.075,23,8,2,1166964,2406,21790242,198560,2,customer;nation;region;orders;lineitem;part;supplier,767161,0,0,0,0,0,0
2026-08-18T11:35:13Z,BCBDC9A3DC81B321,18.4,queries/tpch/tpch-queries/q08/base.sql,measured,1,3,5,3,0.762,353.941,23,8,2,1166964,2406,21790242,198560,2,customer;nation;region;orders;lineitem;part;supplier,767161,0,0,0,0,0,0
2026-08-18T11:35:13Z,BCBDC9A3DC81B321,18.4,queries/tpch/tpch-queries/q08/base.sql,measured,1,4,5,3,0.762,351.857,23,8,2,1166964,2406,21790242,198560,2,customer;nation;region;orders;lineitem;part;supplier,767161,0,0,0,0,0,0
2026-08-18T11:35:13Z,BCBDC9A3DC81B321,18.4,queries/tpch/tpch-queries/q08/base.sql,measured,1,5,5,3,0.777,352.620,23,8,2,1166964,2406,21790242,198560,2,customer;nation;region;orders;lineitem;part;supplier,767161,0,0,0,0,0,0
2026-08-18T11:35:15Z,BCBDC9A3DC81B321,18.4,queries/tpch/tpch-queries/q08/base.sql,measured,2,1,5,3,1.796,390.122,23,8,2,1166964,2406,21790242,198560,2,customer;nation;region;orders;lineitem;part;supplier,767161,0,0,0,0,0,0
2026-08-18T11:35:15Z,BCBDC9A3DC81B321,18.4,queries/tpch/tpch-queries/q08/base.sql,measured,2,2,5,3,0.760,354.859,23,8,2,1166964,2406,21790242,198560,2,customer;nation;region;orders;lineitem;part;supplier,767161,0,0,0,0,0,0
2026-08-18T11:35:15Z,BCBDC9A3DC81B321,18.4,queries/tpch/tpch-queries/q08/base.sql,measured,2,3,5,3,0.755,353.679,23,8,2,1166964,2406,21790242,198560,2,customer;nation;region;orders;lineitem;part;supplier,767161,0,0,0,0,0,0
2026-08-18T11:35:15Z,BCBDC9A3DC81B321,18.4,queries/tpch/tpch-queries/q08/base.sql,measured,2,4,5,3,0.748,351.669,23,8,2,1166964,2406,21790242,198560,2,customer;nation;region;orders;lineitem;part;supplier,767161,0,0,0,0,0,0
2026-08-18T11:35:15Z,BCBDC9A3DC81B321,18.4,queries/tpch/tpch-queries/q08/base.sql,measured,2,5,5,3,0.771,352.960,23,8,2,1166964,2406,21790242,198560,2,customer;nation;region;orders;lineitem;part;supplier,767161,0,0,0,0,0,0
2026-08-18T11:35:17Z,BCBDC9A3DC81B321,18.4,queries/tpch/tpch-queries/q08/base.sql,measured,3,1,5,3,1.802,392.823,23,8,2,1166964,2406,21790242,198560,2,customer;nation;region;orders;lineitem;part;supplier,767161,0,0,0,0,0,0
2026-08-18T11:35:17Z,BCBDC9A3DC81B321,18.4,queries/tpch/tpch-queries/q08/base.sql,measured,3,2,5,3,0.765,356.079,23,8,2,1166964,2406,21790242,198560,2,customer;nation;region;orders;lineitem;part;supplier,767161,0,0,0,0,0,0
2026-08-18T11:35:17Z,BCBDC9A3DC81B321,18.4,queries/tpch/tpch-queries/q08/base.sql,measured,3,3,5,3,0.755,351.651,23,8,2,1166964,2406,21790242,198560,2,customer;nation;region;orders;lineitem;part;supplier,767161,0,0,0,0,0,0
2026-08-18T11:35:17Z,BCBDC9A3DC81B321,18.4,queries/tpch/tpch-queries/q08/base.sql,measured,3,4,5,3,0.746,350.091,23,8,2,1166964,2406,21790242,198560,2,customer;nation;region;orders;lineitem;part;supplier,767161,0,0,0,0,0,0
2026-08-18T11:35:17Z,BCBDC9A3DC81B321,18.4,queries/tpch/tpch-queries/q08/base.sql,measured,3,5,5,3,0.752,352.778,23,8,2,1166964,2406,21790242,198560,2,customer;nation;region;orders;lineitem;part;supplier,767161,0,0,0,0,0,0
2026-08-18T11:35:17Z,BCBDC9A3DC81B321,18.4,queries/tpch/tpch-queries/q08/v1_materialized.sql,warmup,1,1,1,3,1.716,387.568,24,9,2,1166966,2406,21790370,198560,2,_m;customer;nation;region;orders;lineitem;part;supplier,767161,0,0,0,0,0,0
2026-08-18T11:35:18Z,BCBDC9A3DC81B321,18.4,queries/tpch/tpch-queries/q08/v1_materialized.sql,warmup,2,1,1,3,1.837,390.808,24,9,2,1166966,2406,21790370,198560,2,_m;customer;nation;region;orders;lineitem;part;supplier,767161,0,0,0,0,0,0
2026-08-18T11:35:20Z,BCBDC9A3DC81B321,18.4,queries/tpch/tpch-queries/q08/v1_materialized.sql,measured,1,1,5,3,1.702,390.131,24,9,2,1166966,2406,21790370,198560,2,_m;customer;nation;region;orders;lineitem;part;supplier,767161,0,0,0,0,0,0
2026-08-18T11:35:20Z,BCBDC9A3DC81B321,18.4,queries/tpch/tpch-queries/q08/v1_materialized.sql,measured,1,2,5,3,0.782,358.670,24,9,2,1166966,2406,21790370,198560,2,_m;customer;nation;region;orders;lineitem;part;supplier,767161,0,0,0,0,0,0
2026-08-18T11:35:20Z,BCBDC9A3DC81B321,18.4,queries/tpch/tpch-queries/q08/v1_materialized.sql,measured,1,3,5,3,0.796,357.133,24,9,2,1166966,2406,21790370,198560,2,_m;customer;nation;region;orders;lineitem;part;supplier,767161,0,0,0,0,0,0
2026-08-18T11:35:20Z,BCBDC9A3DC81B321,18.4,queries/tpch/tpch-queries/q08/v1_materialized.sql,measured,1,4,5,3,0.789,356.242,24,9,2,1166966,2406,21790370,198560,2,_m;customer;nation;region;orders;lineitem;part;supplier,767161,0,0,0,0,0,0
2026-08-18T11:35:20Z,BCBDC9A3DC81B321,18.4,queries/tpch/tpch-queries/q08/v1_materialized.sql,measured,1,5,5,3,0.772,356.380,24,9,2,1166966,2406,21790370,198560,2,_m;customer;nation;region;orders;lineitem;part;supplier,767161,0,0,0,0,0,0
2026-08-18T11:35:22Z,BCBDC9A3DC81B321,18.4,queries/tpch/tpch-queries/q08/v1_materialized.sql,measured,2,1,5,3,1.815,388.907,24,9,2,1166966,2406,21790370,198560,2,_m;customer;nation;region;orders;lineitem;part;supplier,767161,0,0,0,0,0,0
2026-08-18T11:35:22Z,BCBDC9A3DC81B321,18.4,queries/tpch/tpch-queries/q08/v1_materialized.sql,measured,2,2,5,3,0.806,355.438,24,9,2,1166966,2406,21790370,198560,2,_m;customer;nation;region;orders;lineitem;part;supplier,767161,0,0,0,0,0,0
2026-08-18T11:35:22Z,BCBDC9A3DC81B321,18.4,queries/tpch/tpch-queries/q08/v1_materialized.sql,measured,2,3,5,3,0.813,354.009,24,9,2,1166966,2406,21790370,198560,2,_m;customer;nation;region;orders;lineitem;part;supplier,767161,0,0,0,0,0,0
2026-08-18T11:35:22Z,BCBDC9A3DC81B321,18.4,queries/tpch/tpch-queries/q08/v1_materialized.sql,measured,2,4,5,3,0.816,355.803,24,9,2,1166966,2406,21790370,198560,2,_m;customer;nation;region;orders;lineitem;part;supplier,767161,0,0,0,0,0,0
2026-08-18T11:35:22Z,BCBDC9A3DC81B321,18.4,queries/tpch/tpch-queries/q08/v1_materialized.sql,measured,2,5,5,3,0.810,351.611,24,9,2,1166966,2406,21790370,198560,2,_m;customer;nation;region;orders;lineitem;part;supplier,767161,0,0,0,0,0,0
2026-08-18T11:35:23Z,BCBDC9A3DC81B321,18.4,queries/tpch/tpch-queries/q08/v1_materialized.sql,measured,3,1,5,3,1.747,390.121,24,9,2,1166966,2406,21790370,198560,2,_m;customer;nation;region;orders;lineitem;part;supplier,767161,0,0,0,0,0,0
2026-08-18T11:35:23Z,BCBDC9A3DC81B321,18.4,queries/tpch/tpch-queries/q08/v1_materialized.sql,measured,3,2,5,3,0.795,353.744,24,9,2,1166966,2406,21790370,198560,2,_m;customer;nation;region;orders;lineitem;part;supplier,767161,0,0,0,0,0,0
2026-08-18T11:35:23Z,BCBDC9A3DC81B321,18.4,queries/tpch/tpch-queries/q08/v1_materialized.sql,measured,3,3,5,3,0.783,352.933,24,9,2,1166966,2406,21790370,198560,2,_m;customer;nation;region;orders;lineitem;part;supplier,767161,0,0,0,0,0,0
2026-08-18T11:35:23Z,BCBDC9A3DC81B321,18.4,queries/tpch/tpch-queries/q08/v1_materialized.sql,measured,3,4,5,3,0.777,353.366,24,9,2,1166966,2406,21790370,198560,2,_m;customer;nation;region;orders;lineitem;part;supplier,767161,0,0,0,0,0,0
2026-08-18T11:35:23Z,BCBDC9A3DC81B321,18.4,queries/tpch/tpch-queries/q08/v1_materialized.sql,measured,3,5,5,3,0.777,349.981,24,9,2,1166966,2406,21790370,198560,2,_m;customer;nation;region;orders;lineitem;part;supplier,767161,0,0,0,0,0,0
2026-08-18T11:35:24Z,BCBDC9A3DC81B321,18.4,queries/tpch/tpch-queries/q08/v2_filter.sql,warmup,1,1,1,3,1.670,388.190,23,8,2,1166964,2406,21790242,198560,2,customer;nation;region;orders;lineitem;part;supplier,767161,0,0,0,0,0,0
2026-08-18T11:35:24Z,BCBDC9A3DC81B321,18.4,queries/tpch/tpch-queries/q08/v2_filter.sql,warmup,2,1,1,3,2.403,399.513,23,8,2,1166964,2406,21790242,198560,2,customer;nation;region;orders;lineitem;part;supplier,767161,0,0,0,0,0,0
2026-08-18T11:35:26Z,BCBDC9A3DC81B321,18.4,queries/tpch/tpch-queries/q08/v2_filter.sql,measured,1,1,5,3,1.706,392.076,23,8,2,1166964,2406,21790242,198560,2,customer;nation;region;orders;lineitem;part;supplier,767161,0,0,0,0,0,0
2026-08-18T11:35:26Z,BCBDC9A3DC81B321,18.4,queries/tpch/tpch-queries/q08/v2_filter.sql,measured,1,2,5,3,0.766,355.897,23,8,2,1166964,2406,21790242,198560,2,customer;nation;region;orders;lineitem;part;supplier,767161,0,0,0,0,0,0
2026-08-18T11:35:26Z,BCBDC9A3DC81B321,18.4,queries/tpch/tpch-queries/q08/v2_filter.sql,measured,1,3,5,3,0.762,353.578,23,8,2,1166964,2406,21790242,198560,2,customer;nation;region;orders;lineitem;part;supplier,767161,0,0,0,0,0,0
2026-08-18T11:35:26Z,BCBDC9A3DC81B321,18.4,queries/tpch/tpch-queries/q08/v2_filter.sql,measured,1,4,5,3,0.759,352.697,23,8,2,1166964,2406,21790242,198560,2,customer;nation;region;orders;lineitem;part;supplier,767161,0,0,0,0,0,0
2026-08-18T11:35:26Z,BCBDC9A3DC81B321,18.4,queries/tpch/tpch-queries/q08/v2_filter.sql,measured,1,5,5,3,0.786,354.909,23,8,2,1166964,2406,21790242,198560,2,customer;nation;region;orders;lineitem;part;supplier,767161,0,0,0,0,0,0
2026-08-18T11:35:28Z,BCBDC9A3DC81B321,18.4,queries/tpch/tpch-queries/q08/v2_filter.sql,measured,2,1,5,3,1.702,392.052,23,8,2,1166964,2406,21790242,198560,2,customer;nation;region;orders;lineitem;part;supplier,767161,0,0,0,0,0,0
2026-08-18T11:35:28Z,BCBDC9A3DC81B321,18.4,queries/tpch/tpch-queries/q08/v2_filter.sql,measured,2,2,5,3,0.766,355.850,23,8,2,1166964,2406,21790242,198560,2,customer;nation;region;orders;lineitem;part;supplier,767161,0,0,0,0,0,0
2026-08-18T11:35:28Z,BCBDC9A3DC81B321,18.4,queries/tpch/tpch-queries/q08/v2_filter.sql,measured,2,3,5,3,0.758,350.505,23,8,2,1166964,2406,21790242,198560,2,customer;nation;region;orders;lineitem;part;supplier,767161,0,0,0,0,0,0
2026-08-18T11:35:28Z,BCBDC9A3DC81B321,18.4,queries/tpch/tpch-queries/q08/v2_filter.sql,measured,2,4,5,3,0.783,354.755,23,8,2,1166964,2406,21790242,198560,2,customer;nation;region;orders;lineitem;part;supplier,767161,0,0,0,0,0,0
2026-08-18T11:35:28Z,BCBDC9A3DC81B321,18.4,queries/tpch/tpch-queries/q08/v2_filter.sql,measured,2,5,5,3,0.743,355.871,23,8,2,1166964,2406,21790242,198560,2,customer;nation;region;orders;lineitem;part;supplier,767161,0,0,0,0,0,0
2026-08-18T11:35:30Z,BCBDC9A3DC81B321,18.4,queries/tpch/tpch-queries/q08/v2_filter.sql,measured,3,1,5,3,2.009,396.157,23,8,2,1166964,2406,21790242,198560,2,customer;nation;region;orders;lineitem;part;supplier,767161,0,0,0,0,0,0
2026-08-18T11:35:30Z,BCBDC9A3DC81B321,18.4,queries/tpch/tpch-queries/q08/v2_filter.sql,measured,3,2,5,3,0.781,355.159,23,8,2,1166964,2406,21790242,198560,2,customer;nation;region;orders;lineitem;part;supplier,767161,0,0,0,0,0,0
2026-08-18T11:35:30Z,BCBDC9A3DC81B321,18.4,queries/tpch/tpch-queries/q08/v2_filter.sql,measured,3,3,5,3,0.764,355.980,23,8,2,1166964,2406,21790242,198560,2,customer;nation;region;orders;lineitem;part;supplier,767161,0,0,0,0,0,0
2026-08-18T11:35:30Z,BCBDC9A3DC81B321,18.4,queries/tpch/tpch-queries/q08/v2_filter.sql,measured,3,4,5,3,0.757,350.912,23,8,2,1166964,2406,21790242,198560,2,customer;nation;region;orders;lineitem;part;supplier,767161,0,0,0,0,0,0
2026-08-18T11:35:30Z,BCBDC9A3DC81B321,18.4,queries/tpch/tpch-queries/q08/v2_filter.sql,measured,3,5,5,3,0.755,351.695,23,8,2,1166964,2406,21790242,198560,2,customer;nation;region;orders;lineitem;part;supplier,767161,0,0,0,0,0,0
2026-08-18T11:35:31Z,BCBDC9A3DC81B321,18.4,queries/tpch/tpch-queries/q09/base.sql,warmup,1,1,1,3,1.609,893.437,19,6,175,11277551,73,337561758,47334,3,orders;partsupp;lineitem;part;supplier;nation,161362,0,0,0,0,0,0
2026-08-18T11:35:32Z,BCBDC9A3DC81B321,18.4,queries/tpch/tpch-queries/q09/base.sql,warmup,2,1,1,3,1.619,897.188,19,6,175,11277551,73,337561758,47334,3,orders;partsupp;lineitem;part;supplier;nation,161362,0,0,0,0,0,0
2026-08-18T11:35:37Z,BCBDC9A3DC81B321,18.4,queries/tpch/tpch-queries/q09/base.sql,measured,1,1,5,3,1.638,905.408,19,6,175,11277551,73,337561758,47334,3,orders;partsupp;lineitem;part;supplier;nation,161362,0,0,0,0,0,0
2026-08-18T11:35:37Z,BCBDC9A3DC81B321,18.4,queries/tpch/tpch-queries/q09/base.sql,measured,1,2,5,3,0.737,892.406,19,6,175,11277551,73,337561758,47334,3,orders;partsupp;lineitem;part;supplier;nation,161362,0,0,0,0,0,0
2026-08-18T11:35:37Z,BCBDC9A3DC81B321,18.4,queries/tpch/tpch-queries/q09/base.sql,measured,1,3,5,3,0.733,883.808,19,6,175,11277551,73,337561758,47334,3,orders;partsupp;lineitem;part;supplier;nation,161362,0,0,0,0,0,0
2026-08-18T11:35:37Z,BCBDC9A3DC81B321,18.4,queries/tpch/tpch-queries/q09/base.sql,measured,1,4,5,3,0.724,885.489,19,6,175,11277551,73,337561758,94668,3,orders;partsupp;lineitem;part;supplier;nation,161362,0,0,0,0,0,0
2026-08-18T11:35:37Z,BCBDC9A3DC81B321,18.4,queries/tpch/tpch-queries/q09/base.sql,measured,1,5,5,3,0.721,883.196,19,6,175,11277551,73,337561758,47334,3,orders;partsupp;lineitem;part;supplier;nation,161362,0,0,0,0,0,0
2026-08-18T11:35:41Z,BCBDC9A3DC81B321,18.4,queries/tpch/tpch-queries/q09/base.sql,measured,2,1,5,3,1.674,898.992,19,6,175,11277551,73,337561758,47334,3,orders;partsupp;lineitem;part;supplier;nation,161362,0,0,0,0,0,0
2026-08-18T11:35:41Z,BCBDC9A3DC81B321,18.4,queries/tpch/tpch-queries/q09/base.sql,measured,2,2,5,3,0.733,889.887,19,6,175,11277551,73,337561758,47334,3,orders;partsupp;lineitem;part;supplier;nation,161362,0,0,0,0,0,0
2026-08-18T11:35:41Z,BCBDC9A3DC81B321,18.4,queries/tpch/tpch-queries/q09/base.sql,measured,2,3,5,3,0.729,894.947,19,6,175,11277551,73,337561758,47334,3,orders;partsupp;lineitem;part;supplier;nation,161362,0,0,0,0,0,0
2026-08-18T11:35:41Z,BCBDC9A3DC81B321,18.4,queries/tpch/tpch-queries/q09/base.sql,measured,2,4,5,3,0.735,896.043,19,6,175,11277551,73,337561758,47334,3,orders;partsupp;lineitem;part;supplier;nation,161362,0,0,0,0,0,0
2026-08-18T11:35:41Z,BCBDC9A3DC81B321,18.4,queries/tpch/tpch-queries/q09/base.sql,measured,2,5,5,3,0.719,908.470,19,6,175,11277551,73,337561758,47334,3,orders;partsupp;lineitem;part;supplier;nation,161362,0,0,0,0,0,0
2026-08-18T11:35:46Z,BCBDC9A3DC81B321,18.4,queries/tpch/tpch-queries/q09/base.sql,measured,3,1,5,3,1.581,905.587,19,6,175,11277551,73,337561758,47334,3,orders;partsupp;lineitem;part;supplier;nation,161362,0,0,0,0,0,0
2026-08-18T11:35:46Z,BCBDC9A3DC81B321,18.4,queries/tpch/tpch-queries/q09/base.sql,measured,3,2,5,3,0.760,880.862,19,6,175,11277551,73,337561758,47334,3,orders;partsupp;lineitem;part;supplier;nation,161362,0,0,0,0,0,0
2026-08-18T11:35:46Z,BCBDC9A3DC81B321,18.4,queries/tpch/tpch-queries/q09/base.sql,measured,3,3,5,3,0.734,897.793,19,6,175,11277551,73,337561758,47334,3,orders;partsupp;lineitem;part;supplier;nation,161362,0,0,0,0,0,0
2026-08-18T11:35:46Z,BCBDC9A3DC81B321,18.4,queries/tpch/tpch-queries/q09/base.sql,measured,3,4,5,3,0.756,900.882,19,6,175,11277551,73,337561758,47334,3,orders;partsupp;lineitem;part;supplier;nation,161362,0,0,0,0,0,0
2026-08-18T11:35:46Z,BCBDC9A3DC81B321,18.4,queries/tpch/tpch-queries/q09/base.sql,measured,3,5,5,3,0.730,901.674,19,6,175,11277551,73,337561758,47334,3,orders;partsupp;lineitem;part;supplier;nation,161362,0,0,0,0,0,0
2026-08-18T11:35:47Z,BCBDC9A3DC81B321,18.4,queries/tpch/tpch-queries/q09/v1_materialized.sql,warmup,1,1,1,3,1.634,910.825,21,7,175,11277901,73,337620558,47334,3,orders;partsupp;lineitem;part;supplier;nation;_m,161362,0,0,0,0,0,0
2026-08-18T11:35:48Z,BCBDC9A3DC81B321,18.4,queries/tpch/tpch-queries/q09/v1_materialized.sql,warmup,2,1,1,3,1.628,908.505,21,7,175,11277901,73,337620558,47334,3,orders;partsupp;lineitem;part;supplier;nation;_m,161362,0,0,0,0,0,0
2026-08-18T11:35:53Z,BCBDC9A3DC81B321,18.4,queries/tpch/tpch-queries/q09/v1_materialized.sql,measured,1,1,5,3,1.720,908.585,21,7,175,11277901,73,337620558,47334,3,orders;partsupp;lineitem;part;supplier;nation;_m,161362,0,0,0,0,0,0
2026-08-18T11:35:53Z,BCBDC9A3DC81B321,18.4,queries/tpch/tpch-queries/q09/v1_materialized.sql,measured,1,2,5,3,0.762,909.915,21,7,175,11277901,73,337620558,47334,3,orders;partsupp;lineitem;part;supplier;nation;_m,161362,0,0,0,0,0,0
2026-08-18T11:35:53Z,BCBDC9A3DC81B321,18.4,queries/tpch/tpch-queries/q09/v1_materialized.sql,measured,1,3,5,3,0.752,898.094,21,7,175,11277901,73,337620558,47334,3,orders;partsupp;lineitem;part;supplier;nation;_m,161362,0,0,0,0,0,0
2026-08-18T11:35:53Z,BCBDC9A3DC81B321,18.4,queries/tpch/tpch-queries/q09/v1_materialized.sql,measured,1,4,5,3,0.744,905.213,21,7,175,11277901,73,337620558,47334,3,orders;partsupp;lineitem;part;supplier;nation;_m,161362,0,0,0,0,0,0
2026-08-18T11:35:53Z,BCBDC9A3DC81B321,18.4,queries/tpch/tpch-queries/q09/v1_materialized.sql,measured,1,5,5,3,0.746,912.499,21,7,175,11277901,73,337620558,47334,3,orders;partsupp;lineitem;part;supplier;nation;_m,161362,0,0,0,0,0,0
2026-08-18T11:35:57Z,BCBDC9A3DC81B321,18.4,queries/tpch/tpch-queries/q09/v1_materialized.sql,measured,2,1,5,3,1.625,924.472,21,7,175,11277901,73,337620558,47334,3,orders;partsupp;lineitem;part;supplier;nation;_m,161362,0,0,0,0,0,0
2026-08-18T11:35:57Z,BCBDC9A3DC81B321,18.4,queries/tpch/tpch-queries/q09/v1_materialized.sql,measured,2,2,5,3,0.753,911.598,21,7,175,11277901,73,337620558,47334,3,orders;partsupp;lineitem;part;supplier;nation;_m,161362,0,0,0,0,0,0
2026-08-18T11:35:57Z,BCBDC9A3DC81B321,18.4,queries/tpch/tpch-queries/q09/v1_materialized.sql,measured,2,3,5,3,0.751,910.914,21,7,175,11277901,73,337620558,47334,3,orders;partsupp;lineitem;part;supplier;nation;_m,161362,0,0,0,0,0,0
2026-08-18T11:35:57Z,BCBDC9A3DC81B321,18.4,queries/tpch/tpch-queries/q09/v1_materialized.sql,measured,2,4,5,3,0.738,909.533,21,7,175,11277901,73,337620558,47334,3,orders;partsupp;lineitem;part;supplier;nation;_m,161362,0,0,0,0,0,0
2026-08-18T11:35:57Z,BCBDC9A3DC81B321,18.4,queries/tpch/tpch-queries/q09/v1_materialized.sql,measured,2,5,5,3,0.738,899.922,21,7,175,11277901,73,337620558,47334,3,orders;partsupp;lineitem;part;supplier;nation;_m,161362,0,0,0,0,0,0
2026-08-18T11:36:02Z,BCBDC9A3DC81B321,18.4,queries/tpch/tpch-queries/q09/v1_materialized.sql,measured,3,1,5,3,2.263,909.697,21,7,175,11277901,73,337620558,47334,3,orders;partsupp;lineitem;part;supplier;nation;_m,161362,0,0,0,0,0,0
2026-08-18T11:36:02Z,BCBDC9A3DC81B321,18.4,queries/tpch/tpch-queries/q09/v1_materialized.sql,measured,3,2,5,3,0.747,903.509,21,7,175,11277901,73,337620558,47334,3,orders;partsupp;lineitem;part;supplier;nation;_m,161362,0,0,0,0,0,0
2026-08-18T11:36:02Z,BCBDC9A3DC81B321,18.4,queries/tpch/tpch-queries/q09/v1_materialized.sql,measured,3,3,5,3,0.737,905.366,21,7,175,11277901,73,337620558,47334,3,orders;partsupp;lineitem;part;supplier;nation;_m,161362,0,0,0,0,0,0
2026-08-18T11:36:02Z,BCBDC9A3DC81B321,18.4,queries/tpch/tpch-queries/q09/v1_materialized.sql,measured,3,4,5,3,0.737,913.475,21,7,175,11277901,73,337620558,47334,3,orders;partsupp;lineitem;part;supplier;nation;_m,161362,0,0,0,0,0,0
2026-08-18T11:36:02Z,BCBDC9A3DC81B321,18.4,queries/tpch/tpch-queries/q09/v1_materialized.sql,measured,3,5,5,3,0.749,900.331,21,7,175,11277901,73,337620558,47334,3,orders;partsupp;lineitem;part;supplier;nation;_m,161362,0,0,0,0,0,0
2026-08-18T11:36:02Z,BCBDC9A3DC81B321,18.4,queries/tpch/tpch-queries/q10/base.sql,warmup,1,1,1,3,1.225,260.786,13,4,20,968230,20,116306508,360735,3,orders;lineitem;customer;nation,261304,0,0,0,0,0,0
2026-08-18T11:36:03Z,BCBDC9A3DC81B321,18.4,queries/tpch/tpch-queries/q10/base.sql,warmup,2,1,1,3,1.967,277.386,13,4,20,968230,20,116306508,360735,3,orders;lineitem;customer;nation,261304,0,0,0,0,0,0
2026-08-18T11:36:04Z,BCBDC9A3DC81B321,18.4,queries/tpch/tpch-queries/q10/base.sql,measured,1,1,5,3,1.418,272.456,13,4,20,968230,20,116306508,360735,3,orders;lineitem;customer;nation,261304,0,0,0,0,0,0
2026-08-18T11:36:04Z,BCBDC9A3DC81B321,18.4,queries/tpch/tpch-queries/q10/base.sql,measured,1,2,5,3,0.405,249.632,13,4,20,968230,20,116306508,360735,3,orders;lineitem;customer;nation,261301,0,0,0,0,0,0
2026-08-18T11:36:04Z,BCBDC9A3DC81B321,18.4,queries/tpch/tpch-queries/q10/base.sql,measured,1,3,5,3,0.438,249.488,13,4,20,968230,20,116306508,360735,3,orders;lineitem;customer;nation,261301,0,0,0,0,0,0
2026-08-18T11:36:04Z,BCBDC9A3DC81B321,18.4,queries/tpch/tpch-queries/q10/base.sql,measured,1,4,5,3,0.415,250.050,13,4,20,968230,20,116306508,360735,3,orders;lineitem;customer;nation,261301,0,0,0,0,0,0
2026-08-18T11:36:04Z,BCBDC9A3DC81B321,18.4,queries/tpch/tpch-queries/q10/base.sql,measured,1,5,5,3,0.415,248.426,13,4,20,968230,20,116306508,360735,3,orders;lineitem;customer;nation,261301,0,0,0,0,0,0
2026-08-18T11:36:05Z,BCBDC9A3DC81B321,18.4,queries/tpch/tpch-queries/q10/base.sql,measured,2,1,5,3,1.299,277.390,13,4,20,968230,20,116306508,360735,3,orders;lineitem;customer;nation,261304,0,0,0,0,0,0
2026-08-18T11:36:05Z,BCBDC9A3DC81B321,18.4,queries/tpch/tpch-queries/q10/base.sql,measured,2,2,5,3,0.414,246.929,13,4,20,968230,20,116306508,360735,3,orders;lineitem;customer;nation,261301,0,0,0,0,0,0
2026-08-18T11:36:05Z,BCBDC9A3DC81B321,18.4,queries/tpch/tpch-queries/q10/base.sql,measured,2,3,5,3,0.428,247.840,13,4,20,968230,20,116306508,360735,3,orders;lineitem;customer;nation,261301,0,0,0,0,0,0
2026-08-18T11:36:05Z,BCBDC9A3DC81B321,18.4,queries/tpch/tpch-queries/q10/base.sql,measured,2,4,5,3,0.424,258.233,13,4,20,968230,20,116306508,360735,3,orders;lineitem;customer;nation,261301,0,0,0,0,0,0
2026-08-18T11:36:05Z,BCBDC9A3DC81B321,18.4,queries/tpch/tpch-queries/q10/base.sql,measured,2,5,5,3,0.414,247.884,13,4,20,968230,20,116306508,360735,3,orders;lineitem;customer;nation,261301,0,0,0,0,0,0
2026-08-18T11:36:07Z,BCBDC9A3DC81B321,18.4,queries/tpch/tpch-queries/q10/base.sql,measured,3,1,5,3,1.425,301.026,13,4,20,968230,20,116306508,360735,3,orders;lineitem;customer;nation,261304,0,0,0,0,0,0
2026-08-18T11:36:07Z,BCBDC9A3DC81B321,18.4,queries/tpch/tpch-queries/q10/base.sql,measured,3,2,5,3,0.435,249.566,13,4,20,968230,20,116306508,360735,3,orders;lineitem;customer;nation,261301,0,0,0,0,0,0
2026-08-18T11:36:07Z,BCBDC9A3DC81B321,18.4,queries/tpch/tpch-queries/q10/base.sql,measured,3,3,5,3,0.422,254.726,13,4,20,968230,20,116306508,360735,3,orders;lineitem;customer;nation,261301,0,0,0,0,0,0
2026-08-18T11:36:07Z,BCBDC9A3DC81B321,18.4,queries/tpch/tpch-queries/q10/base.sql,measured,3,4,5,3,0.417,253.012,13,4,20,968230,20,116306508,360735,3,orders;lineitem;customer;nation,261301,0,0,0,0,0,0
2026-08-18T11:36:07Z,BCBDC9A3DC81B321,18.4,queries/tpch/tpch-queries/q10/base.sql,measured,3,5,5,3,0.418,259.672,13,4,20,968230,20,116306508,360735,3,orders;lineitem;customer;nation,261301,0,0,0,0,0,0
2026-08-18T11:36:07Z,BCBDC9A3DC81B321,18.4,queries/tpch/tpch-queries/q10/v1_materialized.sql,warmup,1,1,1,3,1.335,305.579,14,5,20,1006197,20,140622908,360735,3,orders;lineitem;customer;nation;_m,261304,0,0,0,0,0,0
2026-08-18T11:36:08Z,BCBDC9A3DC81B321,18.4,queries/tpch/tpch-queries/q10/v1_materialized.sql,warmup,2,1,1,3,1.859,301.152,14,5,20,1006197,20,140622908,360735,3,orders;lineitem;customer;nation;_m,261304,0,0,0,0,0,0
2026-08-18T11:36:09Z,BCBDC9A3DC81B321,18.4,queries/tpch/tpch-queries/q10/v1_materialized.sql,measured,1,1,5,3,1.654,288.133,14,5,20,1006197,20,140622908,360735,3,orders;lineitem;customer;nation;_m,261304,0,0,0,0,0,0
2026-08-18T11:36:09Z,BCBDC9A3DC81B321,18.4,queries/tpch/tpch-queries/q10/v1_materialized.sql,measured,1,2,5,3,0.364,260.766,14,5,20,1006197,20,140622908,360735,3,orders;lineitem;customer;nation;_m,261301,0,0,0,0,0,0
2026-08-18T11:36:09Z,BCBDC9A3DC81B321,18.4,queries/tpch/tpch-queries/q10/v1_materialized.sql,measured,1,3,5,3,0.362,260.625,14,5,20,1006197,20,140622908,360735,3,orders;lineitem;customer;nation;_m,261301,0,0,0,0,0,0
2026-08-18T11:36:09Z,BCBDC9A3DC81B321,18.4,queries/tpch/tpch-queries/q10/v1_materialized.sql,measured,1,4,5,3,0.354,260.389,14,5,20,1006197,20,140622908,360735,3,orders;lineitem;customer;nation;_m,261301,0,0,0,0,0,0
2026-08-18T11:36:09Z,BCBDC9A3DC81B321,18.4,queries/tpch/tpch-queries/q10/v1_materialized.sql,measured,1,5,5,3,0.353,271.270,14,5,20,1006197,20,140622908,360735,3,orders;lineitem;customer;nation;_m,261301,0,0,0,0,0,0
2026-08-18T11:36:11Z,BCBDC9A3DC81B321,18.4,queries/tpch/tpch-queries/q10/v1_materialized.sql,measured,2,1,5,3,1.654,302.216,14,5,20,1006197,20,140622908,360735,3,orders;lineitem;customer;nation;_m,261304,0,0,0,0,0,0
2026-08-18T11:36:11Z,BCBDC9A3DC81B321,18.4,queries/tpch/tpch-queries/q10/v1_materialized.sql,measured,2,2,5,3,0.389,277.981,14,5,20,1006197,20,140622908,360735,3,orders;lineitem;customer;nation;_m,261301,0,0,0,0,0,0
2026-08-18T11:36:11Z,BCBDC9A3DC81B321,18.4,queries/tpch/tpch-queries/q10/v1_materialized.sql,measured,2,3,5,3,0.400,286.330,14,5,20,1006197,20,140622908,360735,3,orders;lineitem;customer;nation;_m,261301,0,0,0,0,0,0
2026-08-18T11:36:11Z,BCBDC9A3DC81B321,18.4,queries/tpch/tpch-queries/q10/v1_materialized.sql,measured,2,4,5,3,0.398,285.075,14,5,20,1006197,20,140622908,360735,3,orders;lineitem;customer;nation;_m,261301,0,0,0,0,0,0
2026-08-18T11:36:11Z,BCBDC9A3DC81B321,18.4,queries/tpch/tpch-queries/q10/v1_materialized.sql,measured,2,5,5,3,0.400,285.274,14,5,20,1006197,20,140622908,360735,3,orders;lineitem;customer;nation;_m,261301,0,0,0,0,0,0
2026-08-18T11:36:12Z,BCBDC9A3DC81B321,18.4,queries/tpch/tpch-queries/q10/v1_materialized.sql,measured,3,1,5,3,1.666,303.359,14,5,20,1006197,20,140622908,360735,3,orders;lineitem;customer;nation;_m,261304,0,0,0,0,0,0
2026-08-18T11:36:12Z,BCBDC9A3DC81B321,18.4,queries/tpch/tpch-queries/q10/v1_materialized.sql,measured,3,2,5,3,0.369,277.275,14,5,20,1006197,20,140622908,360735,3,orders;lineitem;customer;nation;_m,261301,0,0,0,0,0,0
2026-08-18T11:36:12Z,BCBDC9A3DC81B321,18.4,queries/tpch/tpch-queries/q10/v1_materialized.sql,measured,3,3,5,3,0.406,284.303,14,5,20,1006197,20,140622908,360735,3,orders;lineitem;customer;nation;_m,261301,0,0,0,0,0,0
2026-08-18T11:36:12Z,BCBDC9A3DC81B321,18.4,queries/tpch/tpch-queries/q10/v1_materialized.sql,measured,3,4,5,3,0.399,294.745,14,5,20,1006197,20,140622908,360735,3,orders;lineitem;customer;nation;_m,261301,0,0,0,0,0,0
2026-08-18T11:36:12Z,BCBDC9A3DC81B321,18.4,queries/tpch/tpch-queries/q10/v1_materialized.sql,measured,3,5,5,3,0.388,286.369,14,5,20,1006197,20,140622908,360735,3,orders;lineitem;customer;nation;_m,261301,0,0,0,0,0,0
2026-08-18T11:36:12Z,BCBDC9A3DC81B321,18.4,queries/tpch/tpch-queries/q11/base.sql,warmup,1,1,1,3,0.986,119.167,20,6,1048,1783497,10667,27544992,28818,3,partsupp;supplier;nation,36915,0,0,0,0,0,0
2026-08-18T11:36:12Z,BCBDC9A3DC81B321,18.4,queries/tpch/tpch-queries/q11/base.sql,warmup,2,1,1,3,0.608,86.485,20,6,1048,1783497,10667,27544992,28818,3,partsupp;supplier;nation,36915,0,0,0,0,0,0
2026-08-18T11:36:13Z,BCBDC9A3DC81B321,18.4,queries/tpch/tpch-queries/q11/base.sql,measured,1,1,5,3,0.831,98.500,20,6,1048,1783497,10667,27544992,28818,3,partsupp;supplier;nation,36915,0,0,0,0,0,0
2026-08-18T11:36:13Z,BCBDC9A3DC81B321,18.4,queries/tpch/tpch-queries/q11/base.sql,measured,1,2,5,3,0.197,75.453,20,6,1048,1783497,10667,27544992,28818,3,partsupp;supplier;nation,36912,0,0,0,0,0,0
2026-08-18T11:36:13Z,BCBDC9A3DC81B321,18.4,queries/tpch/tpch-queries/q11/base.sql,measured,1,3,5,3,0.180,76.745,20,6,1048,1783497,10667,27544992,28818,3,partsupp;supplier;nation,36912,0,0,0,0,0,0
2026-08-18T11:36:13Z,BCBDC9A3DC81B321,18.4,queries/tpch/tpch-queries/q11/base.sql,measured,1,4,5,3,0.186,76.904,20,6,1048,1783497,10667,27544992,28818,3,partsupp;supplier;nation,36912,0,0,0,0,0,0
2026-08-18T11:36:13Z,BCBDC9A3DC81B321,18.4,queries/tpch/tpch-queries/q11/base.sql,measured,1,5,5,3,0.181,77.892,20,6,1048,1783497,10667,27544992,28818,3,partsupp;supplier;nation,36912,0,0,0,0,0,0
2026-08-18T11:36:14Z,BCBDC9A3DC81B321,18.4,queries/tpch/tpch-queries/q11/base.sql,measured,2,1,5,3,0.798,102.956,20,6,1048,1783497,10667,27544992,28818,3,partsupp;supplier;nation,36915,0,0,0,0,0,0
2026-08-18T11:36:14Z,BCBDC9A3DC81B321,18.4,queries/tpch/tpch-queries/q11/base.sql,measured,2,2,5,3,0.239,88.380,20,6,1048,1783497,10667,27544992,28818,3,partsupp;supplier;nation,36912,0,0,0,0,0,0
2026-08-18T11:36:14Z,BCBDC9A3DC81B321,18.4,queries/tpch/tpch-queries/q11/base.sql,measured,2,3,5,3,0.199,75.446,20,6,1048,1783497,10667,27544992,28818,3,partsupp;supplier;nation,36912,0,0,0,0,0,0
2026-08-18T11:36:14Z,BCBDC9A3DC81B321,18.4,queries/tpch/tpch-queries/q11/base.sql,measured,2,4,5,3,0.180,76.730,20,6,1048,1783497,10667,27544992,28818,3,partsupp;supplier;nation,36912,0,0,0,0,0,0
2026-08-18T11:36:14Z,BCBDC9A3DC81B321,18.4,queries/tpch/tpch-queries/q11/base.sql,measured,2,5,5,3,0.178,77.120,20,6,1048,1783497,10667,27544992,28818,3,partsupp;supplier;nation,36912,0,0,0,0,0,0
2026-08-18T11:36:14Z,BCBDC9A3DC81B321,18.4,queries/tpch/tpch-queries/q11/base.sql,measured,3,1,5,3,0.865,118.550,20,6,1048,1783497,10667,27544992,28818,3,partsupp;supplier;nation,36915,0,0,0,0,0,0
2026-08-18T11:36:14Z,BCBDC9A3DC81B321,18.4,queries/tpch/tpch-queries/q11/base.sql,measured,3,2,5,3,0.240,81.853,20,6,1048,1783497,10667,27544992,28818,3,partsupp;supplier;nation,36912,0,0,0,0,0,0
2026-08-18T11:36:14Z,BCBDC9A3DC81B321,18.4,queries/tpch/tpch-queries/q11/base.sql,measured,3,3,5,3,0.190,82.115,20,6,1048,1783497,10667,27544992,28818,3,partsupp;supplier;nation,36912,0,0,0,0,0,0
2026-08-18T11:36:14Z,BCBDC9A3DC81B321,18.4,queries/tpch/tpch-queries/q11/base.sql,measured,3,4,5,3,0.186,86.315,20,6,1048,1783497,10667,27544992,28818,3,partsupp;supplier;nation,36912,0,0,0,0,0,0
2026-08-18T11:36:14Z,BCBDC9A3DC81B321,18.4,queries/tpch/tpch-queries/q11/base.sql,measured,3,5,5,3,0.191,86.110,20,6,1048,1783497,10667,27544992,28818,3,partsupp;supplier;nation,36912,0,0,0,0,0,0
2026-08-18T11:36:14Z,BCBDC9A3DC81B321,18.4,queries/tpch/tpch-queries/q11/v1_materialized.sql,warmup,1,1,1,3,0.925,112.606,21,7,1048,1784545,10667,27582720,28818,3,partsupp;supplier;nation;_m,36915,0,0,0,0,0,0
2026-08-18T11:36:15Z,BCBDC9A3DC81B321,18.4,queries/tpch/tpch-queries/q11/v1_materialized.sql,warmup,2,1,1,3,1.011,102.975,21,7,1048,1784545,10667,27582720,28818,3,partsupp;supplier;nation;_m,36915,0,0,0,0,0,0
2026-08-18T11:36:15Z,BCBDC9A3DC81B321,18.4,queries/tpch/tpch-queries/q11/v1_materialized.sql,measured,1,1,5,3,0.666,84.855,21,7,1048,1784545,10667,27582720,28818,3,partsupp;supplier;nation;_m,36915,0,0,0,0,0,0
2026-08-18T11:36:15Z,BCBDC9A3DC81B321,18.4,queries/tpch/tpch-queries/q11/v1_materialized.sql,measured,1,2,5,3,0.203,81.628,21,7,1048,1784545,10667,27582720,28818,3,partsupp;supplier;nation;_m,36912,0,0,0,0,0,0
2026-08-18T11:36:15Z,BCBDC9A3DC81B321,18.4,queries/tpch/tpch-queries/q11/v1_materialized.sql,measured,1,3,5,3,0.197,76.055,21,7,1048,1784545,10667,27582720,28818,3,partsupp;supplier;nation;_m,36912,0,0,0,0,0,0
2026-08-18T11:36:15Z,BCBDC9A3DC81B321,18.4,queries/tpch/tpch-queries/q11/v1_materialized.sql,measured,1,4,5,3,0.196,84.389,21,7,1048,1784545,10667,27582720,28818,3,partsupp;supplier;nation;_m,36912,0,0,0,0,0,0
2026-08-18T11:36:15Z,BCBDC9A3DC81B321,18.4,queries/tpch/tpch-queries/q11/v1_materialized.sql,measured,1,5,5,3,0.193,88.648,21,7,1048,1784545,10667,27582720,28818,3,partsupp;supplier;nation;_m,36912,0,0,0,0,0,0
2026-08-18T11:36:16Z,BCBDC9A3DC81B321,18.4,queries/tpch/tpch-queries/q11/v1_materialized.sql,measured,2,1,5,3,1.039,136.927,21,7,1048,1784545,10667,27582720,28818,3,partsupp;supplier;nation;_m,36915,0,0,0,0,0,0
2026-08-18T11:36:16Z,BCBDC9A3DC81B321,18.4,queries/tpch/tpch-queries/q11/v1_materialized.sql,measured,2,2,5,3,0.233,86.499,21,7,1048,1784545,10667,27582720,28818,3,partsupp;supplier;nation;_m,36912,0,0,0,0,0,0
2026-08-18T11:36:16Z,BCBDC9A3DC81B321,18.4,queries/tpch/tpch-queries/q11/v1_materialized.sql,measured,2,3,5,3,0.192,82.094,21,7,1048,1784545,10667,27582720,28818,3,partsupp;supplier;nation;_m,36912,0,0,0,0,0,0
2026-08-18T11:36:16Z,BCBDC9A3DC81B321,18.4,queries/tpch/tpch-queries/q11/v1_materialized.sql,measured,2,4,5,3,0.193,84.937,21,7,1048,1784545,10667,27582720,28818,3,partsupp;supplier;nation;_m,36912,0,0,0,0,0,0
2026-08-18T11:36:16Z,BCBDC9A3DC81B321,18.4,queries/tpch/tpch-queries/q11/v1_materialized.sql,measured,2,5,5,3,0.201,85.150,21,7,1048,1784545,10667,27582720,28818,3,partsupp;supplier;nation;_m,36912,0,0,0,0,0,0
2026-08-18T11:36:16Z,BCBDC9A3DC81B321,18.4,queries/tpch/tpch-queries/q11/v1_materialized.sql,measured,3,1,5,3,1.039,132.062,21,7,1048,1784545,10667,27582720,28818,3,partsupp;supplier;nation;_m,36915,0,0,0,0,0,0
2026-08-18T11:36:16Z,BCBDC9A3DC81B321,18.4,queries/tpch/tpch-queries/q11/v1_materialized.sql,measured,3,2,5,3,0.206,76.364,21,7,1048,1784545,10667,27582720,28818,3,partsupp;supplier;nation;_m,36912,0,0,0,0,0,0
2026-08-18T11:36:16Z,BCBDC9A3DC81B321,18.4,queries/tpch/tpch-queries/q11/v1_materialized.sql,measured,3,3,5,3,0.193,75.510,21,7,1048,1784545,10667,27582720,28818,3,partsupp;supplier;nation;_m,36912,0,0,0,0,0,0
2026-08-18T11:36:16Z,BCBDC9A3DC81B321,18.4,queries/tpch/tpch-queries/q11/v1_materialized.sql,measured,3,4,5,3,0.194,76.383,21,7,1048,1784545,10667,27582720,28818,3,partsupp;supplier;nation;_m,36912,0,0,0,0,0,0
2026-08-18T11:36:16Z,BCBDC9A3DC81B321,18.4,queries/tpch/tpch-queries/q11/v1_materialized.sql,measured,3,5,5,3,0.198,76.344,21,7,1048,1784545,10667,27582720,28818,3,partsupp;supplier;nation;_m,36912,0,0,0,0,0,0
2026-08-18T11:36:16Z,BCBDC9A3DC81B321,18.4,queries/tpch/tpch-queries/q11/v2_cte_threshold.sql,warmup,1,1,1,3,0.934,119.481,20,6,1048,1783497,10667,27544992,28818,3,partsupp;supplier;nation,36915,0,0,0,0,0,0
2026-08-18T11:36:16Z,BCBDC9A3DC81B321,18.4,queries/tpch/tpch-queries/q11/v2_cte_threshold.sql,warmup,2,1,1,3,0.627,84.160,20,6,1048,1783497,10667,27544992,28818,3,partsupp;supplier;nation,36915,0,0,0,0,0,0
2026-08-18T11:36:17Z,BCBDC9A3DC81B321,18.4,queries/tpch/tpch-queries/q11/v2_cte_threshold.sql,measured,1,1,5,3,1.011,112.577,20,6,1048,1783497,10667,27544992,28818,3,partsupp;supplier;nation,36915,0,0,0,0,0,0
2026-08-18T11:36:17Z,BCBDC9A3DC81B321,18.4,queries/tpch/tpch-queries/q11/v2_cte_threshold.sql,measured,1,2,5,3,0.194,85.153,20,6,1048,1783497,10667,27544992,28818,3,partsupp;supplier;nation,36912,0,0,0,0,0,0
2026-08-18T11:36:17Z,BCBDC9A3DC81B321,18.4,queries/tpch/tpch-queries/q11/v2_cte_threshold.sql,measured,1,3,5,3,0.192,87.791,20,6,1048,1783497,10667,27544992,28818,3,partsupp;supplier;nation,36912,0,0,0,0,0,0
2026-08-18T11:36:17Z,BCBDC9A3DC81B321,18.4,queries/tpch/tpch-queries/q11/v2_cte_threshold.sql,measured,1,4,5,3,0.202,83.660,20,6,1048,1783497,10667,27544992,28818,3,partsupp;supplier;nation,36912,0,0,0,0,0,0
2026-08-18T11:36:17Z,BCBDC9A3DC81B321,18.4,queries/tpch/tpch-queries/q11/v2_cte_threshold.sql,measured,1,5,5,3,0.207,88.538,20,6,1048,1783497,10667,27544992,28818,3,partsupp;supplier;nation,36912,0,0,0,0,0,0
2026-08-18T11:36:18Z,BCBDC9A3DC81B321,18.4,queries/tpch/tpch-queries/q11/v2_cte_threshold.sql,measured,2,1,5,3,1.169,141.685,20,6,1048,1783497,10667,27544992,28818,3,partsupp;supplier;nation,36915,0,0,0,0,0,0
2026-08-18T11:36:18Z,BCBDC9A3DC81B321,18.4,queries/tpch/tpch-queries/q11/v2_cte_threshold.sql,measured,2,2,5,3,0.204,78.421,20,6,1048,1783497,10667,27544992,28818,3,partsupp;supplier;nation,36912,0,0,0,0,0,0
2026-08-18T11:36:18Z,BCBDC9A3DC81B321,18.4,queries/tpch/tpch-queries/q11/v2_cte_threshold.sql,measured,2,3,5,3,0.208,83.449,20,6,1048,1783497,10667,27544992,28818,3,partsupp;supplier;nation,36912,0,0,0,0,0,0
2026-08-18T11:36:18Z,BCBDC9A3DC81B321,18.4,queries/tpch/tpch-queries/q11/v2_cte_threshold.sql,measured,2,4,5,3,0.196,84.291,20,6,1048,1783497,10667,27544992,28818,3,partsupp;supplier;nation,36912,0,0,0,0,0,0
2026-08-18T11:36:18Z,BCBDC9A3DC81B321,18.4,queries/tpch/tpch-queries/q11/v2_cte_threshold.sql,measured,2,5,5,3,0.197,84.477,20,6,1048,1783497,10667,27544992,28818,3,partsupp;supplier;nation,36912,0,0,0,0,0,0
2026-08-18T11:36:18Z,BCBDC9A3DC81B321,18.4,queries/tpch/tpch-queries/q11/v2_cte_threshold.sql,measured,3,1,5,3,0.911,111.100,20,6,1048,1783497,10667,27544992,28818,3,partsupp;supplier;nation,36915,0,0,0,0,0,0
2026-08-18T11:36:18Z,BCBDC9A3DC81B321,18.4,queries/tpch/tpch-queries/q11/v2_cte_threshold.sql,measured,3,2,5,3,0.210,80.566,20,6,1048,1783497,10667,27544992,28818,3,partsupp;supplier;nation,36912,0,0,0,0,0,0
2026-08-18T11:36:18Z,BCBDC9A3DC81B321,18.4,queries/tpch/tpch-queries/q11/v2_cte_threshold.sql,measured,3,3,5,3,0.196,86.859,20,6,1048,1783497,10667,27544992,28818,3,partsupp;supplier;nation,36912,0,0,0,0,0,0
2026-08-18T11:36:18Z,BCBDC9A3DC81B321,18.4,queries/tpch/tpch-queries/q11/v2_cte_threshold.sql,measured,3,4,5,3,0.211,88.614,20,6,1048,1783497,10667,27544992,28818,3,partsupp;supplier;nation,36912,0,0,0,0,0,0
2026-08-18T11:36:18Z,BCBDC9A3DC81B321,18.4,queries/tpch/tpch-queries/q11/v2_cte_threshold.sql,measured,3,5,5,3,0.206,88.621,20,6,1048,1783497,10667,27544992,28818,3,partsupp;supplier;nation,36912,0,0,0,0,0,0
2026-08-18T11:36:19Z,BCBDC9A3DC81B321,18.4,queries/tpch/tpch-queries/q12/base.sql,warmup,1,1,1,3,1.089,454.523,8,2,2,1623970,7,32603478,1492557,3,orders;lineitem,138757,0,0,0,0,0,0
2026-08-18T11:36:19Z,BCBDC9A3DC81B321,18.4,queries/tpch/tpch-queries/q12/base.sql,warmup,2,1,1,3,0.987,467.005,8,2,2,1623970,7,32603478,1492557,3,orders;lineitem,138757,0,0,0,0,0,0
2026-08-18T11:36:22Z,BCBDC9A3DC81B321,18.4,queries/tpch/tpch-queries/q12/base.sql,measured,1,1,5,3,1.014,473.126,8,2,2,1623970,7,32603478,1492557,3,orders;lineitem,138757,0,0,0,0,0,0
2026-08-18T11:36:22Z,BCBDC9A3DC81B321,18.4,queries/tpch/tpch-queries/q12/base.sql,measured,1,2,5,3,0.170,424.460,8,2,2,1623970,7,32603478,1492557,3,orders;lineitem,138757,0,0,0,0,0,0
2026-08-18T11:36:22Z,BCBDC9A3DC81B321,18.4,queries/tpch/tpch-queries/q12/base.sql,measured,1,3,5,3,0.162,419.924,8,2,2,1623970,7,32603478,1492557,3,orders;lineitem,138757,0,0,0,0,0,0
2026-08-18T11:36:22Z,BCBDC9A3DC81B321,18.4,queries/tpch/tpch-queries/q12/base.sql,measured,1,4,5,3,0.174,445.917,8,2,2,1623970,7,32603478,1492557,3,orders;lineitem,138757,0,0,0,0,0,0
2026-08-18T11:36:22Z,BCBDC9A3DC81B321,18.4,queries/tpch/tpch-queries/q12/base.sql,measured,1,5,5,3,0.192,467.517,8,2,2,1623970,7,32603478,1492557,3,orders;lineitem,138757,0,0,0,0,0,0
2026-08-18T11:36:24Z,BCBDC9A3DC81B321,18.4,queries/tpch/tpch-queries/q12/base.sql,measured,2,1,5,3,1.022,480.457,8,2,2,1623970,7,32603478,1492557,3,orders;lineitem,138757,0,0,0,0,0,0
2026-08-18T11:36:24Z,BCBDC9A3DC81B321,18.4,queries/tpch/tpch-queries/q12/base.sql,measured,2,2,5,3,0.193,467.811,8,2,2,1623970,7,32603478,1492557,3,orders;lineitem,138757,0,0,0,0,0,0
2026-08-18T11:36:24Z,BCBDC9A3DC81B321,18.4,queries/tpch/tpch-queries/q12/base.sql,measured,2,3,5,3,0.195,470.103,8,2,2,1623970,7,32603478,1492557,3,orders;lineitem,138757,0,0,0,0,0,0
2026-08-18T11:36:24Z,BCBDC9A3DC81B321,18.4,queries/tpch/tpch-queries/q12/base.sql,measured,2,4,5,3,0.190,467.989,8,2,2,1623970,7,32603478,1492557,3,orders;lineitem,138757,0,0,0,0,0,0
2026-08-18T11:36:24Z,BCBDC9A3DC81B321,18.4,queries/tpch/tpch-queries/q12/base.sql,measured,2,5,5,3,0.199,464.935,8,2,2,1623970,7,32603478,1492557,3,orders;lineitem,138757,0,0,0,0,0,0
2026-08-18T11:36:27Z,BCBDC9A3DC81B321,18.4,queries/tpch/tpch-queries/q12/base.sql,measured,3,1,5,3,1.048,481.009,8,2,2,1623970,7,32603478,1492557,3,orders;lineitem,138757,0,0,0,0,0,0
2026-08-18T11:36:27Z,BCBDC9A3DC81B321,18.4,queries/tpch/tpch-queries/q12/base.sql,measured,3,2,5,3,0.186,464.501,8,2,2,1623970,7,32603478,1492557,3,orders;lineitem,138757,0,0,0,0,0,0
2026-08-18T11:36:27Z,BCBDC9A3DC81B321,18.4,queries/tpch/tpch-queries/q12/base.sql,measured,3,3,5,3,0.199,466.389,8,2,2,1623970,7,32603478,1492557,3,orders;lineitem,138757,0,0,0,0,0,0
2026-08-18T11:36:27Z,BCBDC9A3DC81B321,18.4,queries/tpch/tpch-queries/q12/base.sql,measured,3,4,5,3,0.192,464.156,8,2,2,1623970,7,32603478,1492557,3,orders;lineitem,138757,0,0,0,0,0,0
2026-08-18T11:36:27Z,BCBDC9A3DC81B321,18.4,queries/tpch/tpch-queries/q12/base.sql,measured,3,5,5,3,0.192,465.999,8,2,2,1623970,7,32603478,1492557,3,orders;lineitem,138757,0,0,0,0,0,0
2026-08-18T11:36:27Z,BCBDC9A3DC81B321,18.4,queries/tpch/tpch-queries/q12/v1_materialized.sql,warmup,1,1,1,3,0.995,491.469,9,3,2,1623972,7,32603598,1492557,3,_m;orders;lineitem,138757,0,0,0,0,0,0
2026-08-18T11:36:28Z,BCBDC9A3DC81B321,18.4,queries/tpch/tpch-queries/q12/v1_materialized.sql,warmup,2,1,1,3,1.452,503.361,9,3,2,1623972,7,32603598,1492557,3,_m;orders;lineitem,138757,0,0,0,0,0,0
2026-08-18T11:36:30Z,BCBDC9A3DC81B321,18.4,queries/tpch/tpch-queries/q12/v1_materialized.sql,measured,1,1,5,3,1.321,497.854,9,3,2,1623972,7,32603598,1492557,3,_m;orders;lineitem,138757,0,0,0,0,0,0
2026-08-18T11:36:30Z,BCBDC9A3DC81B321,18.4,queries/tpch/tpch-queries/q12/v1_materialized.sql,measured,1,2,5,3,0.189,449.286,9,3,2,1623972,7,32603598,1492557,3,_m;orders;lineitem,138757,0,0,0,0,0,0
2026-08-18T11:36:30Z,BCBDC9A3DC81B321,18.4,queries/tpch/tpch-queries/q12/v1_materialized.sql,measured,1,3,5,3,0.225,469.660,9,3,2,1623972,7,32603598,1492557,3,_m;orders;lineitem,138757,0,0,0,0,0,0
2026-08-18T11:36:30Z,BCBDC9A3DC81B321,18.4,queries/tpch/tpch-queries/q12/v1_materialized.sql,measured,1,4,5,3,0.211,471.999,9,3,2,1623972,7,32603598,1492557,3,_m;orders;lineitem,138757,0,0,0,0,0,0
2026-08-18T11:36:30Z,BCBDC9A3DC81B321,18.4,queries/tpch/tpch-queries/q12/v1_materialized.sql,measured,1,5,5,3,0.211,467.154,9,3,2,1623972,7,32603598,1492557,3,_m;orders;lineitem,138757,0,0,0,0,0,0
2026-08-18T11:36:33Z,BCBDC9A3DC81B321,18.4,queries/tpch/tpch-queries/q12/v1_materialized.sql,measured,2,1,5,3,1.051,483.761,9,3,2,1623972,7,32603598,1492557,3,_m;orders;lineitem,138757,0,0,0,0,0,0
2026-08-18T11:36:33Z,BCBDC9A3DC81B321,18.4,queries/tpch/tpch-queries/q12/v1_materialized.sql,measured,2,2,5,3,0.213,466.815,9,3,2,1623972,7,32603598,1492557,3,_m;orders;lineitem,138757,0,0,0,0,0,0
2026-08-18T11:36:33Z,BCBDC9A3DC81B321,18.4,queries/tpch/tpch-queries/q12/v1_materialized.sql,measured,2,3,5,3,0.217,469.846,9,3,2,1623972,7,32603598,1492557,3,_m;orders;lineitem,138757,0,0,0,0,0,0
2026-08-18T11:36:33Z,BCBDC9A3DC81B321,18.4,queries/tpch/tpch-queries/q12/v1_materialized.sql,measured,2,4,5,3,0.218,466.573,9,3,2,1623972,7,32603598,1492557,3,_m;orders;lineitem,138757,0,0,0,0,0,0
2026-08-18T11:36:33Z,BCBDC9A3DC81B321,18.4,queries/tpch/tpch-queries/q12/v1_materialized.sql,measured,2,5,5,3,0.212,466.309,9,3,2,1623972,7,32603598,1492557,3,_m;orders;lineitem,138757,0,0,0,0,0,0
2026-08-18T11:36:35Z,BCBDC9A3DC81B321,18.4,queries/tpch/tpch-queries/q12/v1_materialized.sql,measured,3,1,5,3,0.955,468.992,9,3,2,1623972,7,32603598,1492557,3,_m;orders;lineitem,138757,0,0,0,0,0,0
2026-08-18T11:36:35Z,BCBDC9A3DC81B321,18.4,queries/tpch/tpch-queries/q12/v1_materialized.sql,measured,3,2,5,3,0.221,469.922,9,3,2,1623972,7,32603598,1492557,3,_m;orders;lineitem,138757,0,0,0,0,0,0
2026-08-18T11:36:35Z,BCBDC9A3DC81B321,18.4,queries/tpch/tpch-queries/q12/v1_materialized.sql,measured,3,3,5,3,0.210,468.223,9,3,2,1623972,7,32603598,1492557,3,_m;orders;lineitem,138757,0,0,0,0,0,0
2026-08-18T11:36:35Z,BCBDC9A3DC81B321,18.4,queries/tpch/tpch-queries/q12/v1_materialized.sql,measured,3,4,5,3,0.217,468.309,9,3,2,1623972,7,32603598,1492557,3,_m;orders;lineitem,138757,0,0,0,0,0,0
2026-08-18T11:36:35Z,BCBDC9A3DC81B321,18.4,queries/tpch/tpch-queries/q12/v1_materialized.sql,measured,3,5,5,3,0.218,466.832,9,3,2,1623972,7,32603598,1492557,3,_m;orders;lineitem,138757,0,0,0,0,0,0
2026-08-18T11:36:36Z,BCBDC9A3DC81B321,18.4,queries/tpch/tpch-queries/q12/v2_filter.sql,warmup,1,1,1,3,1.023,478.442,8,2,2,1623970,7,32603478,1492557,3,orders;lineitem,138757,0,0,0,0,0,0
2026-08-18T11:36:36Z,BCBDC9A3DC81B321,18.4,queries/tpch/tpch-queries/q12/v2_filter.sql,warmup,2,1,1,3,0.861,470.355,8,2,2,1623970,7,32603478,1492557,3,orders;lineitem,138757,0,0,0,0,0,0
2026-08-18T11:36:39Z,BCBDC9A3DC81B321,18.4,queries/tpch/tpch-queries/q12/v2_filter.sql,measured,1,1,5,3,1.108,486.199,8,2,2,1623970,7,32603478,1492557,3,orders;lineitem,138757,0,0,0,0,0,0
2026-08-18T11:36:39Z,BCBDC9A3DC81B321,18.4,queries/tpch/tpch-queries/q12/v2_filter.sql,measured,1,2,5,3,0.183,470.926,8,2,2,1623970,7,32603478,1492557,3,orders;lineitem,138757,0,0,0,0,0,0
2026-08-18T11:36:39Z,BCBDC9A3DC81B321,18.4,queries/tpch/tpch-queries/q12/v2_filter.sql,measured,1,3,5,3,0.187,466.374,8,2,2,1623970,7,32603478,1492557,3,orders;lineitem,138757,0,0,0,0,0,0
2026-08-18T11:36:39Z,BCBDC9A3DC81B321,18.4,queries/tpch/tpch-queries/q12/v2_filter.sql,measured,1,4,5,3,0.187,464.364,8,2,2,1623970,7,32603478,1492557,3,orders;lineitem,138757,0,0,0,0,0,0
2026-08-18T11:36:39Z,BCBDC9A3DC81B321,18.4,queries/tpch/tpch-queries/q12/v2_filter.sql,measured,1,5,5,3,0.200,462.082,8,2,2,1623970,7,32603478,1492557,3,orders;lineitem,138757,0,0,0,0,0,0
2026-08-18T11:36:41Z,BCBDC9A3DC81B321,18.4,queries/tpch/tpch-queries/q12/v2_filter.sql,measured,2,1,5,3,1.004,470.660,8,2,2,1623970,7,32603478,1492557,3,orders;lineitem,138757,0,0,0,0,0,0
2026-08-18T11:36:41Z,BCBDC9A3DC81B321,18.4,queries/tpch/tpch-queries/q12/v2_filter.sql,measured,2,2,5,3,0.194,464.510,8,2,2,1623970,7,32603478,1492557,3,orders;lineitem,138757,0,0,0,0,0,0
2026-08-18T11:36:41Z,BCBDC9A3DC81B321,18.4,queries/tpch/tpch-queries/q12/v2_filter.sql,measured,2,3,5,3,0.186,466.335,8,2,2,1623970,7,32603478,1492557,3,orders;lineitem,138757,0,0,0,0,0,0
2026-08-18T11:36:41Z,BCBDC9A3DC81B321,18.4,queries/tpch/tpch-queries/q12/v2_filter.sql,measured,2,4,5,3,0.184,465.096,8,2,2,1623970,7,32603478,1492557,3,orders;lineitem,138757,0,0,0,0,0,0
2026-08-18T11:36:41Z,BCBDC9A3DC81B321,18.4,queries/tpch/tpch-queries/q12/v2_filter.sql,measured,2,5,5,3,0.187,465.508,8,2,2,1623970,7,32603478,1492557,3,orders;lineitem,138757,0,0,0,0,0,0
2026-08-18T11:36:44Z,BCBDC9A3DC81B321,18.4,queries/tpch/tpch-queries/q12/v2_filter.sql,measured,3,1,5,3,0.926,467.413,8,2,2,1623970,7,32603478,1492557,3,orders;lineitem,138757,0,0,0,0,0,0
2026-08-18T11:36:44Z,BCBDC9A3DC81B321,18.4,queries/tpch/tpch-queries/q12/v2_filter.sql,measured,3,2,5,3,0.186,463.094,8,2,2,1623970,7,32603478,1492557,3,orders;lineitem,138757,0,0,0,0,0,0
2026-08-18T11:36:44Z,BCBDC9A3DC81B321,18.4,queries/tpch/tpch-queries/q12/v2_filter.sql,measured,3,3,5,3,0.188,465.242,8,2,2,1623970,7,32603478,1492557,3,orders;lineitem,138757,0,0,0,0,0,0
2026-08-18T11:36:44Z,BCBDC9A3DC81B321,18.4,queries/tpch/tpch-queries/q12/v2_filter.sql,measured,3,4,5,3,0.188,463.949,8,2,2,1623970,7,32603478,1492557,3,orders;lineitem,138757,0,0,0,0,0,0
2026-08-18T11:36:44Z,BCBDC9A3DC81B321,18.4,queries/tpch/tpch-queries/q12/v2_filter.sql,measured,3,5,5,3,0.196,466.976,8,2,2,1623970,7,32603478,1492557,3,orders;lineitem,138757,0,0,0,0,0,0
2026-08-18T11:36:45Z,BCBDC9A3DC81B321,18.4,queries/tpch/tpch-queries/q13/base.sql,warmup,1,1,1,3,1.036,1551.007,7,2,42,3467925,200,27144072,16082,0,orders;customer,29739,0,0,0,0,0,0
2026-08-18T11:36:47Z,BCBDC9A3DC81B321,18.4,queries/tpch/tpch-queries/q13/base.sql,warmup,2,1,1,3,0.783,1523.559,7,2,42,3467925,200,27144072,16082,0,orders;customer,29739,0,0,0,0,0,0
2026-08-18T11:36:54Z,BCBDC9A3DC81B321,18.4,queries/tpch/tpch-queries/q13/base.sql,measured,1,1,5,3,0.776,1504.791,7,2,42,3467925,200,27144072,16082,0,orders;customer,29739,0,0,0,0,0,0
2026-08-18T11:36:54Z,BCBDC9A3DC81B321,18.4,queries/tpch/tpch-queries/q13/base.sql,measured,1,2,5,3,0.200,1456.067,7,2,42,3467925,200,27144072,16082,0,orders;customer,29736,0,0,0,0,0,0
2026-08-18T11:36:54Z,BCBDC9A3DC81B321,18.4,queries/tpch/tpch-queries/q13/base.sql,measured,1,3,5,3,0.191,1464.341,7,2,42,3467925,200,27144072,16082,0,orders;customer,29736,0,0,0,0,0,0
2026-08-18T11:36:54Z,BCBDC9A3DC81B321,18.4,queries/tpch/tpch-queries/q13/base.sql,measured,1,4,5,3,0.195,1456.013,7,2,42,3467925,200,27144072,16082,0,orders;customer,29736,0,0,0,0,0,0
2026-08-18T11:36:54Z,BCBDC9A3DC81B321,18.4,queries/tpch/tpch-queries/q13/base.sql,measured,1,5,5,3,0.187,1444.241,7,2,42,3467925,200,27144072,16082,0,orders;customer,29736,0,0,0,0,0,0
2026-08-18T11:37:02Z,BCBDC9A3DC81B321,18.4,queries/tpch/tpch-queries/q13/base.sql,measured,2,1,5,3,0.797,1483.158,7,2,42,3467925,200,27144072,16082,0,orders;customer,29739,0,0,0,0,0,0
2026-08-18T11:37:02Z,BCBDC9A3DC81B321,18.4,queries/tpch/tpch-queries/q13/base.sql,measured,2,2,5,3,0.200,1475.440,7,2,42,3467925,200,27144072,16082,0,orders;customer,29736,0,0,0,0,0,0
2026-08-18T11:37:02Z,BCBDC9A3DC81B321,18.4,queries/tpch/tpch-queries/q13/base.sql,measured,2,3,5,3,0.192,1469.335,7,2,42,3467925,200,27144072,16082,0,orders;customer,29736,0,0,0,0,0,0
2026-08-18T11:37:02Z,BCBDC9A3DC81B321,18.4,queries/tpch/tpch-queries/q13/base.sql,measured,2,4,5,3,0.194,1456.675,7,2,42,3467925,200,27144072,16082,0,orders;customer,29736,0,0,0,0,0,0
2026-08-18T11:37:02Z,BCBDC9A3DC81B321,18.4,queries/tpch/tpch-queries/q13/base.sql,measured,2,5,5,3,0.192,1460.369,7,2,42,3467925,200,27144072,16082,0,orders;customer,29736,0,0,0,0,0,0
2026-08-18T11:37:09Z,BCBDC9A3DC81B321,18.4,queries/tpch/tpch-queries/q13/base.sql,measured,3,1,5,3,0.790,1493.628,7,2,42,3467925,200,27144072,16082,0,orders;customer,29739,0,0,0,0,0,0
2026-08-18T11:37:09Z,BCBDC9A3DC81B321,18.4,queries/tpch/tpch-queries/q13/base.sql,measured,3,2,5,3,0.202,1450.409,7,2,42,3467925,200,27144072,16082,0,orders;customer,29736,0,0,0,0,0,0
2026-08-18T11:37:09Z,BCBDC9A3DC81B321,18.4,queries/tpch/tpch-queries/q13/base.sql,measured,3,3,5,3,0.194,1466.419,7,2,42,3467925,200,27144072,16082,0,orders;customer,29736,0,0,0,0,0,0
2026-08-18T11:37:09Z,BCBDC9A3DC81B321,18.4,queries/tpch/tpch-queries/q13/base.sql,measured,3,4,5,3,0.195,1444.219,7,2,42,3467925,200,27144072,16082,0,orders;customer,29736,0,0,0,0,0,0
2026-08-18T11:37:09Z,BCBDC9A3DC81B321,18.4,queries/tpch/tpch-queries/q13/base.sql,measured,3,5,5,3,0.190,1442.527,7,2,42,3467925,200,27144072,16082,0,orders;customer,29736,0,0,0,0,0,0
2026-08-18T11:37:11Z,BCBDC9A3DC81B321,18.4,queries/tpch/tpch-queries/q13/v1_materialized.sql,warmup,1,1,1,3,0.833,1473.710,8,3,42,3467967,200,27144744,16082,0,orders;customer;_m,29739,0,0,0,0,0,0
2026-08-18T11:37:12Z,BCBDC9A3DC81B321,18.4,queries/tpch/tpch-queries/q13/v1_materialized.sql,warmup,2,1,1,3,0.826,1497.181,8,3,42,3467967,200,27144744,16082,0,orders;customer;_m,29739,0,0,0,0,0,0
2026-08-18T11:37:20Z,BCBDC9A3DC81B321,18.4,queries/tpch/tpch-queries/q13/v1_materialized.sql,measured,1,1,5,3,0.826,1501.087,8,3,42,3467967,200,27144744,16082,0,orders;customer;_m,29739,0,0,0,0,0,0
2026-08-18T11:37:20Z,BCBDC9A3DC81B321,18.4,queries/tpch/tpch-queries/q13/v1_materialized.sql,measured,1,2,5,3,0.208,1482.784,8,3,42,3467967,200,27144744,16082,0,orders;customer;_m,29736,0,0,0,0,0,0
2026-08-18T11:37:20Z,BCBDC9A3DC81B321,18.4,queries/tpch/tpch-queries/q13/v1_materialized.sql,measured,1,3,5,3,0.208,1460.627,8,3,42,3467967,200,27144744,16082,0,orders;customer;_m,29736,0,0,0,0,0,0
2026-08-18T11:37:20Z,BCBDC9A3DC81B321,18.4,queries/tpch/tpch-queries/q13/v1_materialized.sql,measured,1,4,5,3,0.206,1472.626,8,3,42,3467967,200,27144744,16082,0,orders;customer;_m,29736,0,0,0,0,0,0
2026-08-18T11:37:20Z,BCBDC9A3DC81B321,18.4,queries/tpch/tpch-queries/q13/v1_materialized.sql,measured,1,5,5,3,0.208,1446.579,8,3,42,3467967,200,27144744,16082,0,orders;customer;_m,29736,0,0,0,0,0,0
2026-08-18T11:37:27Z,BCBDC9A3DC81B321,18.4,queries/tpch/tpch-queries/q13/v1_materialized.sql,measured,2,1,5,3,0.877,1493.933,8,3,42,3467967,200,27144744,16082,0,orders;customer;_m,29739,0,0,0,0,0,0
2026-08-18T11:37:27Z,BCBDC9A3DC81B321,18.4,queries/tpch/tpch-queries/q13/v1_materialized.sql,measured,2,2,5,3,0.209,1452.369,8,3,42,3467967,200,27144744,16082,0,orders;customer;_m,29736,0,0,0,0,0,0
2026-08-18T11:37:27Z,BCBDC9A3DC81B321,18.4,queries/tpch/tpch-queries/q13/v1_materialized.sql,measured,2,3,5,3,0.205,1448.377,8,3,42,3467967,200,27144744,16082,0,orders;customer;_m,29736,0,0,0,0,0,0
2026-08-18T11:37:27Z,BCBDC9A3DC81B321,18.4,queries/tpch/tpch-queries/q13/v1_materialized.sql,measured,2,4,5,3,0.205,1480.968,8,3,42,3467967,200,27144744,16082,0,orders;customer;_m,29736,0,0,0,0,0,0
2026-08-18T11:37:27Z,BCBDC9A3DC81B321,18.4,queries/tpch/tpch-queries/q13/v1_materialized.sql,measured,2,5,5,3,0.203,1440.104,8,3,42,3467967,200,27144744,16082,0,orders;customer;_m,29736,0,0,0,0,0,0
2026-08-18T11:37:34Z,BCBDC9A3DC81B321,18.4,queries/tpch/tpch-queries/q13/v1_materialized.sql,measured,3,1,5,3,0.846,1455.259,8,3,42,3467967,200,27144744,16082,0,orders;customer;_m,29739,0,0,0,0,0,0
2026-08-18T11:37:34Z,BCBDC9A3DC81B321,18.4,queries/tpch/tpch-queries/q13/v1_materialized.sql,measured,3,2,5,3,0.216,1438.078,8,3,42,3467967,200,27144744,16082,0,orders;customer;_m,29736,0,0,0,0,0,0
2026-08-18T11:37:34Z,BCBDC9A3DC81B321,18.4,queries/tpch/tpch-queries/q13/v1_materialized.sql,measured,3,3,5,3,0.206,1420.793,8,3,42,3467967,200,27144744,16082,0,orders;customer;_m,29736,0,0,0,0,0,0
2026-08-18T11:37:34Z,BCBDC9A3DC81B321,18.4,queries/tpch/tpch-queries/q13/v1_materialized.sql,measured,3,4,5,3,0.206,1460.992,8,3,42,3467967,200,27144744,16082,0,orders;customer;_m,29736,0,0,0,0,0,0
2026-08-18T11:37:34Z,BCBDC9A3DC81B321,18.4,queries/tpch/tpch-queries/q13/v1_materialized.sql,measured,3,5,5,3,0.206,1466.911,8,3,42,3467967,200,27144744,16082,0,orders;customer;_m,29736,0,0,0,0,0,0
2026-08-18T11:37:37Z,BCBDC9A3DC81B321,18.4,queries/tpch/tpch-queries/q13/v2_correlated.sql,warmup,1,1,1,3,0.645,2068.305,7,3,42,3300084,150000,3601344,0,0,customer;orders;idx_orders_cust,1953134,0,0,0,0,0,0
2026-08-18T11:37:39Z,BCBDC9A3DC81B321,18.4,queries/tpch/tpch-queries/q13/v2_correlated.sql,warmup,2,1,1,3,0.708,2056.575,7,3,42,3300084,150000,3601344,0,0,customer;orders;idx_orders_cust,1953134,0,0,0,0,0,0
2026-08-18T11:37:49Z,BCBDC9A3DC81B321,18.4,queries/tpch/tpch-queries/q13/v2_correlated.sql,measured,1,1,5,3,0.646,2061.225,7,3,42,3300084,150000,3601344,0,0,customer;orders;idx_orders_cust,1953134,0,0,0,0,0,0
2026-08-18T11:37:49Z,BCBDC9A3DC81B321,18.4,queries/tpch/tpch-queries/q13/v2_correlated.sql,measured,1,2,5,3,0.123,1957.367,7,3,42,3300084,150000,3601344,0,0,customer;orders;idx_orders_cust,1953131,0,0,0,0,0,0
2026-08-18T11:37:49Z,BCBDC9A3DC81B321,18.4,queries/tpch/tpch-queries/q13/v2_correlated.sql,measured,1,3,5,3,0.132,1936.168,7,3,42,3300084,150000,3601344,0,0,customer;orders;idx_orders_cust,1953131,0,0,0,0,0,0
2026-08-18T11:37:49Z,BCBDC9A3DC81B321,18.4,queries/tpch/tpch-queries/q13/v2_correlated.sql,measured,1,4,5,3,0.131,1946.885,7,3,42,3300084,150000,3601344,0,0,customer;orders;idx_orders_cust,1953131,0,0,0,0,0,0
2026-08-18T11:37:49Z,BCBDC9A3DC81B321,18.4,queries/tpch/tpch-queries/q13/v2_correlated.sql,measured,1,5,5,3,0.132,1941.196,7,3,42,3300084,150000,3601344,0,0,customer;orders;idx_orders_cust,1953131,0,0,0,0,0,0
2026-08-18T11:37:59Z,BCBDC9A3DC81B321,18.4,queries/tpch/tpch-queries/q13/v2_correlated.sql,measured,2,1,5,3,0.645,2060.182,7,3,42,3300084,150000,3601344,0,0,customer;orders;idx_orders_cust,1953134,0,0,0,0,0,0
2026-08-18T11:37:59Z,BCBDC9A3DC81B321,18.4,queries/tpch/tpch-queries/q13/v2_correlated.sql,measured,2,2,5,3,0.133,1948.033,7,3,42,3300084,150000,3601344,0,0,customer;orders;idx_orders_cust,1953131,0,0,0,0,0,0
2026-08-18T11:37:59Z,BCBDC9A3DC81B321,18.4,queries/tpch/tpch-queries/q13/v2_correlated.sql,measured,2,3,5,3,0.133,1931.923,7,3,42,3300084,150000,3601344,0,0,customer;orders;idx_orders_cust,1953131,0,0,0,0,0,0
2026-08-18T11:37:59Z,BCBDC9A3DC81B321,18.4,queries/tpch/tpch-queries/q13/v2_correlated.sql,measured,2,4,5,3,0.134,1939.086,7,3,42,3300084,150000,3601344,0,0,customer;orders;idx_orders_cust,1953131,0,0,0,0,0,0
2026-08-18T11:37:59Z,BCBDC9A3DC81B321,18.4,queries/tpch/tpch-queries/q13/v2_correlated.sql,measured,2,5,5,3,0.134,1937.009,7,3,42,3300084,150000,3601344,0,0,customer;orders;idx_orders_cust,1953131,0,0,0,0,0,0
2026-08-18T11:38:09Z,BCBDC9A3DC81B321,18.4,queries/tpch/tpch-queries/q13/v2_correlated.sql,measured,3,1,5,3,0.688,2064.875,7,3,42,3300084,150000,3601344,0,0,customer;orders;idx_orders_cust,1953134,0,0,0,0,0,0
2026-08-18T11:38:09Z,BCBDC9A3DC81B321,18.4,queries/tpch/tpch-queries/q13/v2_correlated.sql,measured,3,2,5,3,0.132,1955.829,7,3,42,3300084,150000,3601344,0,0,customer;orders;idx_orders_cust,1953131,0,0,0,0,0,0
2026-08-18T11:38:09Z,BCBDC9A3DC81B321,18.4,queries/tpch/tpch-queries/q13/v2_correlated.sql,measured,3,3,5,3,0.133,1957.742,7,3,42,3300084,150000,3601344,0,0,customer;orders;idx_orders_cust,1953131,0,0,0,0,0,0
2026-08-18T11:38:09Z,BCBDC9A3DC81B321,18.4,queries/tpch/tpch-queries/q13/v2_correlated.sql,measured,3,4,5,3,0.135,1956.802,7,3,42,3300084,150000,3601344,0,0,customer;orders;idx_orders_cust,1953131,0,0,0,0,0,0
2026-08-18T11:38:09Z,BCBDC9A3DC81B321,18.4,queries/tpch/tpch-queries/q13/v2_correlated.sql,measured,3,5,5,3,0.123,1950.909,7,3,42,3300084,150000,3601344,0,0,customer;orders;idx_orders_cust,1953131,0,0,0,0,0,0
2026-08-18T11:38:09Z,BCBDC9A3DC81B321,18.4,queries/tpch/tpch-queries/q14/base.sql,warmup,1,1,1,3,0.662,253.847,7,2,1,551971,1,13723692,1185046,4,lineitem;part,116728,0,0,0,0,0,0
2026-08-18T11:38:09Z,BCBDC9A3DC81B321,18.4,queries/tpch/tpch-queries/q14/base.sql,warmup,2,1,1,3,0.844,280.596,7,2,1,551971,1,13723692,1185046,4,lineitem;part,116728,0,0,0,0,0,0
2026-08-18T11:38:11Z,BCBDC9A3DC81B321,18.4,queries/tpch/tpch-queries/q14/base.sql,measured,1,1,5,3,0.840,297.811,7,2,1,551971,1,13723692,1185046,4,lineitem;part,116728,0,0,0,0,0,0
2026-08-18T11:38:11Z,BCBDC9A3DC81B321,18.4,queries/tpch/tpch-queries/q14/base.sql,measured,1,2,5,3,0.117,231.945,7,2,1,551971,1,13723692,1185046,4,lineitem;part,116728,0,0,0,0,0,0
2026-08-18T11:38:11Z,BCBDC9A3DC81B321,18.4,queries/tpch/tpch-queries/q14/base.sql,measured,1,3,5,3,0.102,231.170,7,2,1,551971,1,13723692,1185046,4,lineitem;part,116728,0,0,0,0,0,0
2026-08-18T11:38:11Z,BCBDC9A3DC81B321,18.4,queries/tpch/tpch-queries/q14/base.sql,measured,1,4,5,3,0.104,230.081,7,2,1,551971,1,13723692,1185046,4,lineitem;part,116728,0,0,0,0,0,0
2026-08-18T11:38:11Z,BCBDC9A3DC81B321,18.4,queries/tpch/tpch-queries/q14/base.sql,measured,1,5,5,3,0.104,230.254,7,2,1,551971,1,13723692,1185046,4,lineitem;part,116728,0,0,0,0,0,0
2026-08-18T11:38:12Z,BCBDC9A3DC81B321,18.4,queries/tpch/tpch-queries/q14/base.sql,measured,2,1,5,3,0.777,278.923,7,2,1,551971,1,13723692,1185046,4,lineitem;part,116728,0,0,0,0,0,0
2026-08-18T11:38:12Z,BCBDC9A3DC81B321,18.4,queries/tpch/tpch-queries/q14/base.sql,measured,2,2,5,3,0.105,232.627,7,2,1,551971,1,13723692,1185046,4,lineitem;part,116728,0,0,0,0,0,0
2026-08-18T11:38:12Z,BCBDC9A3DC81B321,18.4,queries/tpch/tpch-queries/q14/base.sql,measured,2,3,5,3,0.103,232.423,7,2,1,551971,1,13723692,1185046,4,lineitem;part,116728,0,0,0,0,0,0
2026-08-18T11:38:12Z,BCBDC9A3DC81B321,18.4,queries/tpch/tpch-queries/q14/base.sql,measured,2,4,5,3,0.103,232.172,7,2,1,551971,1,13723692,1185046,4,lineitem;part,116728,0,0,0,0,0,0
2026-08-18T11:38:12Z,BCBDC9A3DC81B321,18.4,queries/tpch/tpch-queries/q14/base.sql,measured,2,5,5,3,0.103,231.132,7,2,1,551971,1,13723692,1185046,4,lineitem;part,116728,0,0,0,0,0,0
2026-08-18T11:38:13Z,BCBDC9A3DC81B321,18.4,queries/tpch/tpch-queries/q14/base.sql,measured,3,1,5,3,0.791,289.152,7,2,1,551971,1,13723692,1185046,4,lineitem;part,116728,0,0,0,0,0,0
2026-08-18T11:38:13Z,BCBDC9A3DC81B321,18.4,queries/tpch/tpch-queries/q14/base.sql,measured,3,2,5,3,0.104,232.299,7,2,1,551971,1,13723692,1185046,4,lineitem;part,116728,0,0,0,0,0,0
2026-08-18T11:38:13Z,BCBDC9A3DC81B321,18.4,queries/tpch/tpch-queries/q14/base.sql,measured,3,3,5,3,0.105,233.603,7,2,1,551971,1,13723692,1185046,4,lineitem;part,116728,0,0,0,0,0,0
2026-08-18T11:38:13Z,BCBDC9A3DC81B321,18.4,queries/tpch/tpch-queries/q14/base.sql,measured,3,4,5,3,0.105,232.743,7,2,1,551971,1,13723692,1185046,4,lineitem;part,116728,0,0,0,0,0,0
2026-08-18T11:38:13Z,BCBDC9A3DC81B321,18.4,queries/tpch/tpch-queries/q14/base.sql,measured,3,5,5,3,0.103,233.957,7,2,1,551971,1,13723692,1185046,4,lineitem;part,116728,0,0,0,0,0,0
2026-08-18T11:38:14Z,BCBDC9A3DC81B321,18.4,queries/tpch/tpch-queries/q14/v1_materialized.sql,warmup,1,1,1,3,0.851,291.172,8,3,1,551972,1,13723724,1185046,4,_m;lineitem;part,116728,0,0,0,0,0,0
2026-08-18T11:38:14Z,BCBDC9A3DC81B321,18.4,queries/tpch/tpch-queries/q14/v1_materialized.sql,warmup,2,1,1,3,0.687,254.025,8,3,1,551972,1,13723724,1185046,4,_m;lineitem;part,116728,0,0,0,0,0,0
2026-08-18T11:38:15Z,BCBDC9A3DC81B321,18.4,queries/tpch/tpch-queries/q14/v1_materialized.sql,measured,1,1,5,3,0.693,256.685,8,3,1,551972,1,13723724,1185046,4,_m;lineitem;part,116728,0,0,0,0,0,0
2026-08-18T11:38:15Z,BCBDC9A3DC81B321,18.4,queries/tpch/tpch-queries/q14/v1_materialized.sql,measured,1,2,5,3,0.118,238.250,8,3,1,551972,1,13723724,1185046,4,_m;lineitem;part,116728,0,0,0,0,0,0
2026-08-18T11:38:15Z,BCBDC9A3DC81B321,18.4,queries/tpch/tpch-queries/q14/v1_materialized.sql,measured,1,3,5,3,0.117,239.133,8,3,1,551972,1,13723724,1185046,4,_m;lineitem;part,116728,0,0,0,0,0,0
2026-08-18T11:38:15Z,BCBDC9A3DC81B321,18.4,queries/tpch/tpch-queries/q14/v1_materialized.sql,measured,1,4,5,3,0.117,230.666,8,3,1,551972,1,13723724,1185046,4,_m;lineitem;part,116728,0,0,0,0,0,0
2026-08-18T11:38:15Z,BCBDC9A3DC81B321,18.4,queries/tpch/tpch-queries/q14/v1_materialized.sql,measured,1,5,5,3,0.122,230.808,8,3,1,551972,1,13723724,1185046,4,_m;lineitem;part,116728,0,0,0,0,0,0
2026-08-18T11:38:16Z,BCBDC9A3DC81B321,18.4,queries/tpch/tpch-queries/q14/v1_materialized.sql,measured,2,1,5,3,0.844,288.155,8,3,1,551972,1,13723724,1185046,4,_m;lineitem;part,116728,0,0,0,0,0,0
2026-08-18T11:38:16Z,BCBDC9A3DC81B321,18.4,queries/tpch/tpch-queries/q14/v1_materialized.sql,measured,2,2,5,3,0.117,232.628,8,3,1,551972,1,13723724,1185046,4,_m;lineitem;part,116728,0,0,0,0,0,0
2026-08-18T11:38:16Z,BCBDC9A3DC81B321,18.4,queries/tpch/tpch-queries/q14/v1_materialized.sql,measured,2,3,5,3,0.116,245.293,8,3,1,551972,1,13723724,1185046,4,_m;lineitem;part,116728,0,0,0,0,0,0
2026-08-18T11:38:16Z,BCBDC9A3DC81B321,18.4,queries/tpch/tpch-queries/q14/v1_materialized.sql,measured,2,4,5,3,0.118,256.542,8,3,1,551972,1,13723724,1185046,4,_m;lineitem;part,116728,0,0,0,0,0,0
2026-08-18T11:38:16Z,BCBDC9A3DC81B321,18.4,queries/tpch/tpch-queries/q14/v1_materialized.sql,measured,2,5,5,3,0.116,231.631,8,3,1,551972,1,13723724,1185046,4,_m;lineitem;part,116728,0,0,0,0,0,0
2026-08-18T11:38:18Z,BCBDC9A3DC81B321,18.4,queries/tpch/tpch-queries/q14/v1_materialized.sql,measured,3,1,5,3,0.742,277.544,8,3,1,551972,1,13723724,1185046,4,_m;lineitem;part,116728,0,0,0,0,0,0
2026-08-18T11:38:18Z,BCBDC9A3DC81B321,18.4,queries/tpch/tpch-queries/q14/v1_materialized.sql,measured,3,2,5,3,0.117,243.524,8,3,1,551972,1,13723724,1185046,4,_m;lineitem;part,116728,0,0,0,0,0,0
2026-08-18T11:38:18Z,BCBDC9A3DC81B321,18.4,queries/tpch/tpch-queries/q14/v1_materialized.sql,measured,3,3,5,3,0.116,243.916,8,3,1,551972,1,13723724,1185046,4,_m;lineitem;part,116728,0,0,0,0,0,0
2026-08-18T11:38:18Z,BCBDC9A3DC81B321,18.4,queries/tpch/tpch-queries/q14/v1_materialized.sql,measured,3,4,5,3,0.124,244.534,8,3,1,551972,1,13723724,1185046,4,_m;lineitem;part,116728,0,0,0,0,0,0
2026-08-18T11:38:18Z,BCBDC9A3DC81B321,18.4,queries/tpch/tpch-queries/q14/v1_materialized.sql,measured,3,5,5,3,0.118,244.539,8,3,1,551972,1,13723724,1185046,4,_m;lineitem;part,116728,0,0,0,0,0,0
2026-08-18T11:38:18Z,BCBDC9A3DC81B321,18.4,queries/tpch/tpch-queries/q14/v2_filter.sql,warmup,1,1,1,3,0.760,287.369,7,2,1,551971,1,13723692,1185046,4,lineitem;part,116728,0,0,0,0,0,0
2026-08-18T11:38:19Z,BCBDC9A3DC81B321,18.4,queries/tpch/tpch-queries/q14/v2_filter.sql,warmup,2,1,1,3,0.840,307.276,7,2,1,551971,1,13723692,1185046,4,lineitem;part,116728,0,0,0,0,0,0
2026-08-18T11:38:20Z,BCBDC9A3DC81B321,18.4,queries/tpch/tpch-queries/q14/v2_filter.sql,measured,1,1,5,3,0.844,303.312,7,2,1,551971,1,13723692,1185046,4,lineitem;part,116728,0,0,0,0,0,0
2026-08-18T11:38:20Z,BCBDC9A3DC81B321,18.4,queries/tpch/tpch-queries/q14/v2_filter.sql,measured,1,2,5,3,0.104,235.035,7,2,1,551971,1,13723692,1185046,4,lineitem;part,116728,0,0,0,0,0,0
2026-08-18T11:38:20Z,BCBDC9A3DC81B321,18.4,queries/tpch/tpch-queries/q14/v2_filter.sql,measured,1,3,5,3,0.103,248.830,7,2,1,551971,1,13723692,1185046,4,lineitem;part,116728,0,0,0,0,0,0
2026-08-18T11:38:20Z,BCBDC9A3DC81B321,18.4,queries/tpch/tpch-queries/q14/v2_filter.sql,measured,1,4,5,3,0.102,235.039,7,2,1,551971,1,13723692,1185046,4,lineitem;part,116728,0,0,0,0,0,0
2026-08-18T11:38:20Z,BCBDC9A3DC81B321,18.4,queries/tpch/tpch-queries/q14/v2_filter.sql,measured,1,5,5,3,0.103,249.566,7,2,1,551971,1,13723692,1185046,4,lineitem;part,116728,0,0,0,0,0,0
2026-08-18T11:38:21Z,BCBDC9A3DC81B321,18.4,queries/tpch/tpch-queries/q14/v2_filter.sql,measured,2,1,5,3,0.830,291.193,7,2,1,551971,1,13723692,1185046,4,lineitem;part,116728,0,0,0,0,0,0
2026-08-18T11:38:21Z,BCBDC9A3DC81B321,18.4,queries/tpch/tpch-queries/q14/v2_filter.sql,measured,2,2,5,3,0.103,238.365,7,2,1,551971,1,13723692,1185046,4,lineitem;part,116728,0,0,0,0,0,0
2026-08-18T11:38:21Z,BCBDC9A3DC81B321,18.4,queries/tpch/tpch-queries/q14/v2_filter.sql,measured,2,3,5,3,0.103,240.309,7,2,1,551971,1,13723692,1185046,4,lineitem;part,116728,0,0,0,0,0,0
2026-08-18T11:38:21Z,BCBDC9A3DC81B321,18.4,queries/tpch/tpch-queries/q14/v2_filter.sql,measured,2,4,5,3,0.101,239.249,7,2,1,551971,1,13723692,1185046,4,lineitem;part,116728,0,0,0,0,0,0
2026-08-18T11:38:21Z,BCBDC9A3DC81B321,18.4,queries/tpch/tpch-queries/q14/v2_filter.sql,measured,2,5,5,3,0.104,253.237,7,2,1,551971,1,13723692,1185046,4,lineitem;part,116728,0,0,0,0,0,0
2026-08-18T11:38:23Z,BCBDC9A3DC81B321,18.4,queries/tpch/tpch-queries/q14/v2_filter.sql,measured,3,1,5,3,0.736,284.730,7,2,1,551971,1,13723692,1185046,4,lineitem;part,116728,0,0,0,0,0,0
2026-08-18T11:38:23Z,BCBDC9A3DC81B321,18.4,queries/tpch/tpch-queries/q14/v2_filter.sql,measured,3,2,5,3,0.102,252.387,7,2,1,551971,1,13723692,1185046,4,lineitem;part,116728,0,0,0,0,0,0
2026-08-18T11:38:23Z,BCBDC9A3DC81B321,18.4,queries/tpch/tpch-queries/q14/v2_filter.sql,measured,3,3,5,3,0.102,241.171,7,2,1,551971,1,13723692,1185046,4,lineitem;part,116728,0,0,0,0,0,0
2026-08-18T11:38:23Z,BCBDC9A3DC81B321,18.4,queries/tpch/tpch-queries/q14/v2_filter.sql,measured,3,4,5,3,0.102,244.483,7,2,1,551971,1,13723692,1185046,4,lineitem;part,116728,0,0,0,0,0,0
2026-08-18T11:38:23Z,BCBDC9A3DC81B321,18.4,queries/tpch/tpch-queries/q14/v2_filter.sql,measured,3,5,5,3,0.103,253.761,7,2,1,551971,1,13723692,1185046,4,lineitem;part,116728,0,0,0,0,0,0
2026-08-18T11:38:23Z,BCBDC9A3DC81B321,18.4,queries/tpch/tpch-queries/q15/base.sql,warmup,1,1,1,3,0.822,331.630,11,4,1,353499,50,8517094,1165051,4,lineitem;revenue;supplier,112826,0,0,0,0,0,0
2026-08-18T11:38:24Z,BCBDC9A3DC81B321,18.4,queries/tpch/tpch-queries/q15/base.sql,warmup,2,1,1,3,0.840,351.860,11,4,1,353526,50,8518066,1165051,4,lineitem;revenue;supplier,112826,0,0,0,0,0,0
2026-08-18T11:38:25Z,BCBDC9A3DC81B321,18.4,queries/tpch/tpch-queries/q15/base.sql,measured,1,1,5,3,0.926,347.535,11,4,1,353478,50,8516338,1165051,4,lineitem;revenue;supplier,112826,0,0,0,0,0,0
2026-08-18T11:38:25Z,BCBDC9A3DC81B321,18.4,queries/tpch/tpch-queries/q15/base.sql,measured,1,2,5,3,0.133,286.676,11,4,1,353287,50,8509462,1165051,4,lineitem;revenue;supplier,112823,0,0,0,0,0,0
2026-08-18T11:38:25Z,BCBDC9A3DC81B321,18.4,queries/tpch/tpch-queries/q15/base.sql,measured,1,3,5,3,0.131,287.144,11,4,1,353336,50,8511226,1165051,4,lineitem;revenue;supplier,112823,0,0,0,0,0,0
2026-08-18T11:38:25Z,BCBDC9A3DC81B321,18.4,queries/tpch/tpch-queries/q15/base.sql,measured,1,4,5,3,0.179,286.535,11,4,1,353416,50,8514106,1165051,4,lineitem;revenue;supplier,112823,0,0,0,0,0,0
2026-08-18T11:38:25Z,BCBDC9A3DC81B321,18.4,queries/tpch/tpch-queries/q15/base.sql,measured,1,5,5,3,0.143,274.520,11,4,1,353397,50,8513422,1165051,4,lineitem;revenue;supplier,112823,0,0,0,0,0,0
2026-08-18T11:38:27Z,BCBDC9A3DC81B321,18.4,queries/tpch/tpch-queries/q15/base.sql,measured,2,1,5,3,0.843,346.038,11,4,1,353335,50,8511190,1165051,4,lineitem;revenue;supplier,112826,0,0,0,0,0,0
2026-08-18T11:38:27Z,BCBDC9A3DC81B321,18.4,queries/tpch/tpch-queries/q15/base.sql,measured,2,2,5,3,0.146,277.724,11,4,1,353386,50,8513026,1165051,4,lineitem;revenue;supplier,112823,0,0,0,0,0,0
2026-08-18T11:38:27Z,BCBDC9A3DC81B321,18.4,queries/tpch/tpch-queries/q15/base.sql,measured,2,3,5,3,0.128,283.569,11,4,1,353367,50,8512342,1165051,4,lineitem;revenue;supplier,112823,0,0,0,0,0,0
2026-08-18T11:38:27Z,BCBDC9A3DC81B321,18.4,queries/tpch/tpch-queries/q15/base.sql,measured,2,4,5,3,0.156,280.358,11,4,1,353388,50,8513098,1165051,4,lineitem;revenue;supplier,112823,0,0,0,0,0,0
2026-08-18T11:38:27Z,BCBDC9A3DC81B321,18.4,queries/tpch/tpch-queries/q15/base.sql,measured,2,5,5,3,0.139,281.556,11,4,1,353399,50,8513494,1165051,4,lineitem;revenue;supplier,112823,0,0,0,0,0,0
2026-08-18T11:38:28Z,BCBDC9A3DC81B321,18.4,queries/tpch/tpch-queries/q15/base.sql,measured,3,1,5,3,0.906,321.673,11,4,1,353916,50,8532106,1165051,4,lineitem;revenue;supplier,112826,0,0,0,0,0,0
2026-08-18T11:38:28Z,BCBDC9A3DC81B321,18.4,queries/tpch/tpch-queries/q15/base.sql,measured,3,2,5,3,0.136,281.618,11,4,1,353395,50,8513350,1165051,4,lineitem;revenue;supplier,112823,0,0,0,0,0,0
2026-08-18T11:38:28Z,BCBDC9A3DC81B321,18.4,queries/tpch/tpch-queries/q15/base.sql,measured,3,3,5,3,0.148,293.849,11,4,1,353435,50,8514790,1165051,4,lineitem;revenue;supplier,112823,0,0,0,0,0,0
2026-08-18T11:38:28Z,BCBDC9A3DC81B321,18.4,queries/tpch/tpch-queries/q15/base.sql,measured,3,4,5,3,0.131,281.827,11,4,1,353309,50,8510254,1165051,4,lineitem;revenue;supplier,112823,0,0,0,0,0,0
2026-08-18T11:38:28Z,BCBDC9A3DC81B321,18.4,queries/tpch/tpch-queries/q15/base.sql,measured,3,5,5,3,0.160,296.712,11,4,1,353426,50,8514466,1165051,4,lineitem;revenue;supplier,112823,0,0,0,0,0,0
2026-08-18T11:38:29Z,BCBDC9A3DC81B321,18.4,queries/tpch/tpch-queries/q15/v1_materialized.sql,warmup,1,1,1,3,0.908,347.816,12,5,1,353527,50,8518567,1165051,4,lineitem;revenue;supplier;_m,112826,0,0,0,0,0,0
2026-08-18T11:38:29Z,BCBDC9A3DC81B321,18.4,queries/tpch/tpch-queries/q15/v1_materialized.sql,warmup,2,1,1,3,0.826,327.601,12,5,1,353528,50,8518603,1165051,4,lineitem;revenue;supplier;_m,112826,0,0,0,0,0,0
2026-08-18T11:38:31Z,BCBDC9A3DC81B321,18.4,queries/tpch/tpch-queries/q15/v1_materialized.sql,measured,1,1,5,3,1.039,370.971,12,5,1,353648,50,8522923,1165051,4,lineitem;revenue;supplier;_m,112826,0,0,0,0,0,0
2026-08-18T11:38:31Z,BCBDC9A3DC81B321,18.4,queries/tpch/tpch-queries/q15/v1_materialized.sql,measured,1,2,5,3,0.158,292.982,12,5,1,353427,50,8514967,1165051,4,lineitem;revenue;supplier;_m,112823,0,0,0,0,0,0
2026-08-18T11:38:31Z,BCBDC9A3DC81B321,18.4,queries/tpch/tpch-queries/q15/v1_materialized.sql,measured,1,3,5,3,0.152,292.885,12,5,1,353359,50,8512519,1165051,4,lineitem;revenue;supplier;_m,112823,0,0,0,0,0,0
2026-08-18T11:38:31Z,BCBDC9A3DC81B321,18.4,queries/tpch/tpch-queries/q15/v1_materialized.sql,measured,1,4,5,3,0.160,292.664,12,5,1,353319,50,8511079,1165051,4,lineitem;revenue;supplier;_m,112823,0,0,0,0,0,0
2026-08-18T11:38:31Z,BCBDC9A3DC81B321,18.4,queries/tpch/tpch-queries/q15/v1_materialized.sql,measured,1,5,5,3,0.153,290.916,12,5,1,353249,50,8508559,1165051,4,lineitem;revenue;supplier;_m,112823,0,0,0,0,0,0
2026-08-18T11:38:32Z,BCBDC9A3DC81B321,18.4,queries/tpch/tpch-queries/q15/v1_materialized.sql,measured,2,1,5,3,0.909,352.895,12,5,1,353449,50,8515759,1165051,4,lineitem;revenue;supplier;_m,112826,0,0,0,0,0,0
2026-08-18T11:38:32Z,BCBDC9A3DC81B321,18.4,queries/tpch/tpch-queries/q15/v1_materialized.sql,measured,2,2,5,3,0.145,284.115,12,5,1,353459,50,8516119,1165051,4,lineitem;revenue;supplier;_m,112823,0,0,0,0,0,0
2026-08-18T11:38:32Z,BCBDC9A3DC81B321,18.4,queries/tpch/tpch-queries/q15/v1_materialized.sql,measured,2,3,5,3,0.151,284.306,12,5,1,353350,50,8512195,1165051,4,lineitem;revenue;supplier;_m,112823,0,0,0,0,0,0
2026-08-18T11:38:32Z,BCBDC9A3DC81B321,18.4,queries/tpch/tpch-queries/q15/v1_materialized.sql,measured,2,4,5,3,0.156,285.717,12,5,1,353389,50,8513599,1165051,4,lineitem;revenue;supplier;_m,112823,0,0,0,0,0,0
2026-08-18T11:38:32Z,BCBDC9A3DC81B321,18.4,queries/tpch/tpch-queries/q15/v1_materialized.sql,measured,2,5,5,3,0.162,284.231,12,5,1,353296,50,8510251,1165051,4,lineitem;revenue;supplier;_m,112823,0,0,0,0,0,0
2026-08-18T11:38:34Z,BCBDC9A3DC81B321,18.4,queries/tpch/tpch-queries/q15/v1_materialized.sql,measured,3,1,5,3,0.922,359.792,12,5,1,353487,50,8517127,1165051,4,lineitem;revenue;supplier;_m,112826,0,0,0,0,0,0
2026-08-18T11:38:34Z,BCBDC9A3DC81B321,18.4,queries/tpch/tpch-queries/q15/v1_materialized.sql,measured,3,2,5,3,0.163,295.806,12,5,1,353477,50,8516767,1165051,4,lineitem;revenue;supplier;_m,112823,0,0,0,0,0,0
2026-08-18T11:38:34Z,BCBDC9A3DC81B321,18.4,queries/tpch/tpch-queries/q15/v1_materialized.sql,measured,3,3,5,3,0.144,295.564,12,5,1,353288,50,8509963,1165051,4,lineitem;revenue;supplier;_m,112823,0,0,0,0,0,0
2026-08-18T11:38:34Z,BCBDC9A3DC81B321,18.4,queries/tpch/tpch-queries/q15/v1_materialized.sql,measured,3,4,5,3,0.178,294.583,12,5,1,353330,50,8511475,1165051,4,lineitem;revenue;supplier;_m,112823,0,0,0,0,0,0
2026-08-18T11:38:34Z,BCBDC9A3DC81B321,18.4,queries/tpch/tpch-queries/q15/v1_materialized.sql,measured,3,5,5,3,0.143,297.323,12,5,1,353347,50,8512087,1165051,4,lineitem;revenue;supplier;_m,112823,0,0,0,0,0,0
2026-08-18T11:38:34Z,BCBDC9A3DC81B321,18.4,queries/tpch/tpch-queries/q16/base.sql,warmup,1,1,1,3,1.004,270.712,9,3,18314,1250302,16013,24568256,52681,3,partsupp;supplier;part,22649,0,0,0,0,0,0
2026-08-18T11:38:35Z,BCBDC9A3DC81B321,18.4,queries/tpch/tpch-queries/q16/base.sql,warmup,2,1,1,3,0.967,246.935,9,3,18314,1250302,16013,24568256,52681,3,partsupp;supplier;part,22649,0,0,0,0,0,0
2026-08-18T11:38:36Z,BCBDC9A3DC81B321,18.4,queries/tpch/tpch-queries/q16/base.sql,measured,1,1,5,3,0.813,240.696,9,3,18314,1250302,16013,24568256,52681,3,partsupp;supplier;part,22649,0,0,0,0,0,0
2026-08-18T11:38:36Z,BCBDC9A3DC81B321,18.4,queries/tpch/tpch-queries/q16/base.sql,measured,1,2,5,3,0.202,233.586,9,3,18314,1250302,16013,24568256,52681,3,partsupp;supplier;part,22646,0,0,0,0,0,0
2026-08-18T11:38:36Z,BCBDC9A3DC81B321,18.4,queries/tpch/tpch-queries/q16/base.sql,measured,1,3,5,3,0.182,236.365,9,3,18314,1250302,16013,24568256,52681,3,partsupp;supplier;part,22646,0,0,0,0,0,0
2026-08-18T11:38:36Z,BCBDC9A3DC81B321,18.4,queries/tpch/tpch-queries/q16/base.sql,measured,1,4,5,3,0.200,236.533,9,3,18314,1250302,16013,24568256,52681,3,partsupp;supplier;part,22646,0,0,0,0,0,0
2026-08-18T11:38:36Z,BCBDC9A3DC81B321,18.4,queries/tpch/tpch-queries/q16/base.sql,measured,1,5,5,3,0.180,236.202,9,3,18314,1250302,16013,24568256,52681,3,partsupp;supplier;part,22646,0,0,0,0,0,0
2026-08-18T11:38:37Z,BCBDC9A3DC81B321,18.4,queries/tpch/tpch-queries/q16/base.sql,measured,2,1,5,3,0.684,230.689,9,3,18314,1250302,16013,24568256,52681,3,partsupp;supplier;part,22649,0,0,0,0,0,0
2026-08-18T11:38:37Z,BCBDC9A3DC81B321,18.4,queries/tpch/tpch-queries/q16/base.sql,measured,2,2,5,3,0.178,227.982,9,3,18314,1250302,16013,24568256,52681,3,partsupp;supplier;part,22646,0,0,0,0,0,0
2026-08-18T11:38:37Z,BCBDC9A3DC81B321,18.4,queries/tpch/tpch-queries/q16/base.sql,measured,2,3,5,3,0.175,228.035,9,3,18314,1250302,16013,24568256,52681,3,partsupp;supplier;part,22646,0,0,0,0,0,0
2026-08-18T11:38:37Z,BCBDC9A3DC81B321,18.4,queries/tpch/tpch-queries/q16/base.sql,measured,2,4,5,3,0.189,232.044,9,3,18314,1250302,16013,24568256,52681,3,partsupp;supplier;part,22646,0,0,0,0,0,0
2026-08-18T11:38:37Z,BCBDC9A3DC81B321,18.4,queries/tpch/tpch-queries/q16/base.sql,measured,2,5,5,3,0.195,229.753,9,3,18314,1250302,16013,24568256,52681,3,partsupp;supplier;part,22646,0,0,0,0,0,0
2026-08-18T11:38:38Z,BCBDC9A3DC81B321,18.4,queries/tpch/tpch-queries/q16/base.sql,measured,3,1,5,3,0.818,233.847,9,3,18314,1250302,16013,24568256,52681,3,partsupp;supplier;part,22649,0,0,0,0,0,0
2026-08-18T11:38:38Z,BCBDC9A3DC81B321,18.4,queries/tpch/tpch-queries/q16/base.sql,measured,3,2,5,3,0.197,229.541,9,3,18314,1250302,16013,24568256,52681,3,partsupp;supplier;part,22646,0,0,0,0,0,0
2026-08-18T11:38:38Z,BCBDC9A3DC81B321,18.4,queries/tpch/tpch-queries/q16/base.sql,measured,3,3,5,3,0.178,230.589,9,3,18314,1250302,16013,24568256,52681,3,partsupp;supplier;part,22646,0,0,0,0,0,0
2026-08-18T11:38:38Z,BCBDC9A3DC81B321,18.4,queries/tpch/tpch-queries/q16/base.sql,measured,3,4,5,3,0.178,229.161,9,3,18314,1250302,16013,24568256,52681,3,partsupp;supplier;part,22646,0,0,0,0,0,0
2026-08-18T11:38:38Z,BCBDC9A3DC81B321,18.4,queries/tpch/tpch-queries/q16/base.sql,measured,3,5,5,3,0.196,230.162,9,3,18314,1250302,16013,24568256,52681,3,partsupp;supplier;part,22646,0,0,0,0,0,0
2026-08-18T11:38:39Z,BCBDC9A3DC81B321,18.4,queries/tpch/tpch-queries/q16/v1_materialized.sql,warmup,1,1,1,3,0.785,251.755,10,4,18314,1268616,16013,28304312,52681,3,partsupp;supplier;part;_m,22649,0,0,0,0,0,0
2026-08-18T11:38:39Z,BCBDC9A3DC81B321,18.4,queries/tpch/tpch-queries/q16/v1_materialized.sql,warmup,2,1,1,3,0.728,230.416,10,4,18314,1268616,16013,28304312,52681,3,partsupp;supplier;part;_m,22649,0,0,0,0,0,0
2026-08-18T11:38:40Z,BCBDC9A3DC81B321,18.4,queries/tpch/tpch-queries/q16/v1_materialized.sql,measured,1,1,5,3,0.822,230.695,10,4,18314,1268616,16013,28304312,52681,3,partsupp;supplier;part;_m,22649,0,0,0,0,0,0
2026-08-18T11:38:40Z,BCBDC9A3DC81B321,18.4,queries/tpch/tpch-queries/q16/v1_materialized.sql,measured,1,2,5,3,0.188,231.641,10,4,18314,1268616,16013,28304312,52681,3,partsupp;supplier;part;_m,22646,0,0,0,0,0,0
2026-08-18T11:38:40Z,BCBDC9A3DC81B321,18.4,queries/tpch/tpch-queries/q16/v1_materialized.sql,measured,1,3,5,3,0.198,236.539,10,4,18314,1268616,16013,28304312,52681,3,partsupp;supplier;part;_m,22646,0,0,0,0,0,0
2026-08-18T11:38:40Z,BCBDC9A3DC81B321,18.4,queries/tpch/tpch-queries/q16/v1_materialized.sql,measured,1,4,5,3,0.189,233.667,10,4,18314,1268616,16013,28304312,52681,3,partsupp;supplier;part;_m,22646,0,0,0,0,0,0
2026-08-18T11:38:40Z,BCBDC9A3DC81B321,18.4,queries/tpch/tpch-queries/q16/v1_materialized.sql,measured,1,5,5,3,0.194,234.331,10,4,18314,1268616,16013,28304312,52681,3,partsupp;supplier;part;_m,22646,0,0,0,0,0,0
2026-08-18T11:38:42Z,BCBDC9A3DC81B321,18.4,queries/tpch/tpch-queries/q16/v1_materialized.sql,measured,2,1,5,3,0.803,229.836,10,4,18314,1268616,16013,28304312,52681,3,partsupp;supplier;part;_m,22649,0,0,0,0,0,0
2026-08-18T11:38:42Z,BCBDC9A3DC81B321,18.4,queries/tpch/tpch-queries/q16/v1_materialized.sql,measured,2,2,5,3,0.196,230.666,10,4,18314,1268616,16013,28304312,52681,3,partsupp;supplier;part;_m,22646,0,0,0,0,0,0
2026-08-18T11:38:42Z,BCBDC9A3DC81B321,18.4,queries/tpch/tpch-queries/q16/v1_materialized.sql,measured,2,3,5,3,0.188,231.850,10,4,18314,1268616,16013,28304312,52681,3,partsupp;supplier;part;_m,22646,0,0,0,0,0,0
2026-08-18T11:38:42Z,BCBDC9A3DC81B321,18.4,queries/tpch/tpch-queries/q16/v1_materialized.sql,measured,2,4,5,3,0.196,231.516,10,4,18314,1268616,16013,28304312,52681,3,partsupp;supplier;part;_m,22646,0,0,0,0,0,0
2026-08-18T11:38:42Z,BCBDC9A3DC81B321,18.4,queries/tpch/tpch-queries/q16/v1_materialized.sql,measured,2,5,5,3,0.189,233.194,10,4,18314,1268616,16013,28304312,52681,3,partsupp;supplier;part;_m,22646,0,0,0,0,0,0
2026-08-18T11:38:43Z,BCBDC9A3DC81B321,18.4,queries/tpch/tpch-queries/q16/v1_materialized.sql,measured,3,1,5,3,0.748,236.503,10,4,18314,1268616,16013,28304312,52681,3,partsupp;supplier;part;_m,22649,0,0,0,0,0,0
2026-08-18T11:38:43Z,BCBDC9A3DC81B321,18.4,queries/tpch/tpch-queries/q16/v1_materialized.sql,measured,3,2,5,3,0.203,234.500,10,4,18314,1268616,16013,28304312,52681,3,partsupp;supplier;part;_m,22646,0,0,0,0,0,0
2026-08-18T11:38:43Z,BCBDC9A3DC81B321,18.4,queries/tpch/tpch-queries/q16/v1_materialized.sql,measured,3,3,5,3,0.188,242.979,10,4,18314,1268616,16013,28304312,52681,3,partsupp;supplier;part;_m,22646,0,0,0,0,0,0
2026-08-18T11:38:43Z,BCBDC9A3DC81B321,18.4,queries/tpch/tpch-queries/q16/v1_materialized.sql,measured,3,4,5,3,0.204,234.936,10,4,18314,1268616,16013,28304312,52681,3,partsupp;supplier;part;_m,22646,0,0,0,0,0,0
2026-08-18T11:38:43Z,BCBDC9A3DC81B321,18.4,queries/tpch/tpch-queries/q16/v1_materialized.sql,measured,3,5,5,3,0.186,235.968,10,4,18314,1268616,16013,28304312,52681,3,partsupp;supplier;part;_m,22646,0,0,0,0,0,0
2026-08-18T11:38:43Z,BCBDC9A3DC81B321,18.4,queries/tpch/tpch-queries/q16/v2_not_exists.sql,warmup,1,1,1,3,0.885,213.562,11,3,18314,1368962,16013,29303840,52601,3,partsupp;part;supplier,22649,0,0,0,0,0,0
2026-08-18T11:38:44Z,BCBDC9A3DC81B321,18.4,queries/tpch/tpch-queries/q16/v2_not_exists.sql,warmup,2,1,1,3,0.805,214.364,11,3,18314,1368962,16013,29303840,52601,3,partsupp;part;supplier,22649,0,0,0,0,0,0
2026-08-18T11:38:45Z,BCBDC9A3DC81B321,18.4,queries/tpch/tpch-queries/q16/v2_not_exists.sql,measured,1,1,5,3,0.732,216.651,11,3,18314,1368962,16013,29303840,52601,3,partsupp;part;supplier,22649,0,0,0,0,0,0
2026-08-18T11:38:45Z,BCBDC9A3DC81B321,18.4,queries/tpch/tpch-queries/q16/v2_not_exists.sql,measured,1,2,5,3,0.201,217.760,11,3,18314,1368962,16013,29303840,52601,3,partsupp;part;supplier,22646,0,0,0,0,0,0
2026-08-18T11:38:45Z,BCBDC9A3DC81B321,18.4,queries/tpch/tpch-queries/q16/v2_not_exists.sql,measured,1,3,5,3,0.222,215.005,11,3,18314,1368962,16013,29303840,52601,3,partsupp;part;supplier,22646,0,0,0,0,0,0
2026-08-18T11:38:45Z,BCBDC9A3DC81B321,18.4,queries/tpch/tpch-queries/q16/v2_not_exists.sql,measured,1,4,5,3,0.213,215.586,11,3,18314,1368962,16013,29303840,52601,3,partsupp;part;supplier,22646,0,0,0,0,0,0
2026-08-18T11:38:45Z,BCBDC9A3DC81B321,18.4,queries/tpch/tpch-queries/q16/v2_not_exists.sql,measured,1,5,5,3,0.202,215.742,11,3,18314,1368962,16013,29303840,52601,3,partsupp;part;supplier,22646,0,0,0,0,0,0
2026-08-18T11:38:46Z,BCBDC9A3DC81B321,18.4,queries/tpch/tpch-queries/q16/v2_not_exists.sql,measured,2,1,5,3,0.751,210.573,11,3,18314,1368962,16013,29303840,52601,3,partsupp;part;supplier,22649,0,0,0,0,0,0
2026-08-18T11:38:46Z,BCBDC9A3DC81B321,18.4,queries/tpch/tpch-queries/q16/v2_not_exists.sql,measured,2,2,5,3,0.198,216.349,11,3,18314,1368962,16013,29303840,52601,3,partsupp;part;supplier,22646,0,0,0,0,0,0
2026-08-18T11:38:46Z,BCBDC9A3DC81B321,18.4,queries/tpch/tpch-queries/q16/v2_not_exists.sql,measured,2,3,5,3,0.207,215.133,11,3,18314,1368962,16013,29303840,52601,3,partsupp;part;supplier,22646,0,0,0,0,0,0
2026-08-18T11:38:46Z,BCBDC9A3DC81B321,18.4,queries/tpch/tpch-queries/q16/v2_not_exists.sql,measured,2,4,5,3,0.195,216.280,11,3,18314,1368962,16013,29303840,52601,3,partsupp;part;supplier,22646,0,0,0,0,0,0
2026-08-18T11:38:46Z,BCBDC9A3DC81B321,18.4,queries/tpch/tpch-queries/q16/v2_not_exists.sql,measured,2,5,5,3,0.205,215.037,11,3,18314,1368962,16013,29303840,52601,3,partsupp;part;supplier,22646,0,0,0,0,0,0
2026-08-18T11:38:47Z,BCBDC9A3DC81B321,18.4,queries/tpch/tpch-queries/q16/v2_not_exists.sql,measured,3,1,5,3,0.789,214.787,11,3,18314,1368962,16013,29303840,52601,3,partsupp;part;supplier,22649,0,0,0,0,0,0
2026-08-18T11:38:47Z,BCBDC9A3DC81B321,18.4,queries/tpch/tpch-queries/q16/v2_not_exists.sql,measured,3,2,5,3,0.196,215.678,11,3,18314,1368962,16013,29303840,52601,3,partsupp;part;supplier,22646,0,0,0,0,0,0
2026-08-18T11:38:47Z,BCBDC9A3DC81B321,18.4,queries/tpch/tpch-queries/q16/v2_not_exists.sql,measured,3,3,5,3,0.201,218.947,11,3,18314,1368962,16013,29303840,52601,3,partsupp;part;supplier,22646,0,0,0,0,0,0
2026-08-18T11:38:47Z,BCBDC9A3DC81B321,18.4,queries/tpch/tpch-queries/q16/v2_not_exists.sql,measured,3,4,5,3,0.201,217.905,11,3,18314,1368962,16013,29303840,52601,3,partsupp;part;supplier,22646,0,0,0,0,0,0
2026-08-18T11:38:47Z,BCBDC9A3DC81B321,18.4,queries/tpch/tpch-queries/q16/v2_not_exists.sql,measured,3,5,5,3,0.209,218.364,11,3,18314,1368962,16013,29303840,52601,3,partsupp;part;supplier,22646,0,0,0,0,0,0
2026-08-18T11:38:53Z,BCBDC9A3DC81B321,18.4,queries/tpch/tpch-queries/q17/v2_decorrelate.sql,warmup,1,1,1,3,0.845,5460.720,11,3,1,38008486,1,444097162,39959,4,lineitem;part,679728,0,0,0,0,0,0
2026-08-18T11:38:58Z,BCBDC9A3DC81B321,18.4,queries/tpch/tpch-queries/q17/v2_decorrelate.sql,warmup,2,1,1,3,0.806,5440.689,11,3,1,38008486,1,444097162,39959,4,lineitem;part,679728,0,0,0,0,0,0
2026-08-18T11:39:25Z,BCBDC9A3DC81B321,18.4,queries/tpch/tpch-queries/q17/v2_decorrelate.sql,measured,1,1,5,3,0.686,5433.932,11,3,1,38008486,1,444097162,39959,4,lineitem;part,679728,0,0,0,0,0,0
2026-08-18T11:39:25Z,BCBDC9A3DC81B321,18.4,queries/tpch/tpch-queries/q17/v2_decorrelate.sql,measured,1,2,5,3,0.155,5396.337,11,3,1,38008486,1,444097162,39959,4,lineitem;part,679728,0,0,0,0,0,0
2026-08-18T11:39:25Z,BCBDC9A3DC81B321,18.4,queries/tpch/tpch-queries/q17/v2_decorrelate.sql,measured,1,3,5,3,0.155,5383.469,11,3,1,38008486,1,444097162,39959,4,lineitem;part,679728,0,0,0,0,0,0
2026-08-18T11:39:25Z,BCBDC9A3DC81B321,18.4,queries/tpch/tpch-queries/q17/v2_decorrelate.sql,measured,1,4,5,3,0.154,5389.803,11,3,1,38008486,1,444097162,39959,4,lineitem;part,679728,0,0,0,0,0,0
2026-08-18T11:39:25Z,BCBDC9A3DC81B321,18.4,queries/tpch/tpch-queries/q17/v2_decorrelate.sql,measured,1,5,5,3,0.154,5388.211,11,3,1,38008486,1,444097162,39959,4,lineitem;part,679728,0,0,0,0,0,0
2026-08-18T11:39:52Z,BCBDC9A3DC81B321,18.4,queries/tpch/tpch-queries/q17/v2_decorrelate.sql,measured,2,1,5,3,0.676,5442.650,11,3,1,38008486,1,444097162,39959,4,lineitem;part,679728,0,0,0,0,0,0
2026-08-18T11:39:52Z,BCBDC9A3DC81B321,18.4,queries/tpch/tpch-queries/q17/v2_decorrelate.sql,measured,2,2,5,3,0.154,5413.077,11,3,1,38008486,1,444097162,39959,4,lineitem;part,679728,0,0,0,0,0,0
2026-08-18T11:39:52Z,BCBDC9A3DC81B321,18.4,queries/tpch/tpch-queries/q17/v2_decorrelate.sql,measured,2,3,5,3,0.164,5399.450,11,3,1,38008486,1,444097162,39959,4,lineitem;part,679728,0,0,0,0,0,0
2026-08-18T11:39:52Z,BCBDC9A3DC81B321,18.4,queries/tpch/tpch-queries/q17/v2_decorrelate.sql,measured,2,4,5,3,0.154,5388.503,11,3,1,38008486,1,444097162,39959,4,lineitem;part,679728,0,0,0,0,0,0
2026-08-18T11:39:52Z,BCBDC9A3DC81B321,18.4,queries/tpch/tpch-queries/q17/v2_decorrelate.sql,measured,2,5,5,3,0.155,5410.784,11,3,1,38008486,1,444097162,39959,4,lineitem;part,679728,0,0,0,0,0,0
2026-08-18T11:40:19Z,BCBDC9A3DC81B321,18.4,queries/tpch/tpch-queries/q17/v2_decorrelate.sql,measured,3,1,5,3,0.680,5423.054,11,3,1,38008486,1,444097162,39959,4,lineitem;part,679728,0,0,0,0,0,0
2026-08-18T11:40:19Z,BCBDC9A3DC81B321,18.4,queries/tpch/tpch-queries/q17/v2_decorrelate.sql,measured,3,2,5,3,0.154,5383.836,11,3,1,38008486,1,444097162,39959,4,lineitem;part,679728,0,0,0,0,0,0
2026-08-18T11:40:19Z,BCBDC9A3DC81B321,18.4,queries/tpch/tpch-queries/q17/v2_decorrelate.sql,measured,3,3,5,3,0.155,5382.058,11,3,1,38008486,1,444097162,39959,4,lineitem;part,679728,0,0,0,0,0,0
2026-08-18T11:40:19Z,BCBDC9A3DC81B321,18.4,queries/tpch/tpch-queries/q17/v2_decorrelate.sql,measured,3,4,5,3,0.160,5378.648,11,3,1,38008486,1,444097162,39959,4,lineitem;part,679728,0,0,0,0,0,0
2026-08-18T11:40:19Z,BCBDC9A3DC81B321,18.4,queries/tpch/tpch-queries/q17/v2_decorrelate.sql,measured,3,5,5,3,0.154,5391.603,11,3,1,38008486,1,444097162,39959,4,lineitem;part,679728,0,0,0,0,0,0
2026-08-18T11:40:22Z,BCBDC9A3DC81B321,18.4,queries/tpch/tpch-queries/q18/base.sql,warmup,1,1,1,3,1.430,2983.434,14,4,57,25806453,100,252983416,1499943,3,orders;lineitem;customer,480458,0,0,0,1924,3860,0
2026-08-18T11:40:26Z,BCBDC9A3DC81B321,18.4,queries/tpch/tpch-queries/q18/base.sql,warmup,2,1,1,3,1.585,3024.204,14,4,57,25806453,100,252983416,1499943,3,orders;lineitem;customer,480458,0,0,0,1924,3860,0
2026-08-18T11:40:41Z,BCBDC9A3DC81B321,18.4,queries/tpch/tpch-queries/q18/base.sql,measured,1,1,5,3,1.986,3065.170,14,4,57,25806453,100,252983416,1499943,3,orders;lineitem;customer,480458,0,0,0,1924,3860,0
2026-08-18T11:40:41Z,BCBDC9A3DC81B321,18.4,queries/tpch/tpch-queries/q18/base.sql,measured,1,2,5,3,0.509,3060.207,14,4,57,25806453,100,252983416,1499943,3,orders;lineitem;customer,480458,0,0,0,1924,3860,0
2026-08-18T11:40:41Z,BCBDC9A3DC81B321,18.4,queries/tpch/tpch-queries/q18/base.sql,measured,1,3,5,3,0.516,3063.370,14,4,57,25806453,100,252983416,1499943,3,orders;lineitem;customer,480458,0,0,0,1924,3860,0
2026-08-18T11:40:41Z,BCBDC9A3DC81B321,18.4,queries/tpch/tpch-queries/q18/base.sql,measured,1,4,5,3,0.510,3080.340,14,4,57,25806453,100,252983416,1499943,3,orders;lineitem;customer,480458,0,0,0,1924,3860,0
2026-08-18T11:40:41Z,BCBDC9A3DC81B321,18.4,queries/tpch/tpch-queries/q18/base.sql,measured,1,5,5,3,0.541,3098.689,14,4,57,25806453,100,252983416,1499943,3,orders;lineitem;customer,480458,0,0,0,1924,3860,0
2026-08-18T11:40:57Z,BCBDC9A3DC81B321,18.4,queries/tpch/tpch-queries/q18/base.sql,measured,2,1,5,3,1.570,3170.071,14,4,57,25806453,100,252983416,1499943,3,orders;lineitem;customer,480458,0,0,0,1924,3860,0
2026-08-18T11:40:57Z,BCBDC9A3DC81B321,18.4,queries/tpch/tpch-queries/q18/base.sql,measured,2,2,5,3,0.520,3142.168,14,4,57,25806453,100,252983416,1499943,3,orders;lineitem;customer,480458,0,0,0,1924,3860,0
2026-08-18T11:40:57Z,BCBDC9A3DC81B321,18.4,queries/tpch/tpch-queries/q18/base.sql,measured,2,3,5,3,0.512,3276.489,14,4,57,25806453,100,252983416,1499943,3,orders;lineitem;customer,480458,0,0,0,1924,3860,0
2026-08-18T11:40:57Z,BCBDC9A3DC81B321,18.4,queries/tpch/tpch-queries/q18/base.sql,measured,2,4,5,3,0.524,3268.910,14,4,57,25806453,100,252983416,1499943,3,orders;lineitem;customer,480458,0,0,0,1924,3860,0
2026-08-18T11:40:57Z,BCBDC9A3DC81B321,18.4,queries/tpch/tpch-queries/q18/base.sql,measured,2,5,5,3,0.503,3284.804,14,4,57,25806453,100,252983416,1499943,3,orders;lineitem;customer,480458,0,0,0,1924,3860,0
2026-08-18T11:41:14Z,BCBDC9A3DC81B321,18.4,queries/tpch/tpch-queries/q18/base.sql,measured,3,1,5,3,2.180,3306.718,14,4,57,25806453,100,252983416,1499943,3,orders;lineitem;customer,480458,0,0,0,1924,3860,0
2026-08-18T11:41:14Z,BCBDC9A3DC81B321,18.4,queries/tpch/tpch-queries/q18/base.sql,measured,3,2,5,3,0.513,3296.426,14,4,57,25806453,100,252983416,1499943,3,orders;lineitem;customer,480458,0,0,0,1924,3860,0
2026-08-18T11:41:14Z,BCBDC9A3DC81B321,18.4,queries/tpch/tpch-queries/q18/base.sql,measured,3,3,5,3,0.517,3285.408,14,4,57,25806453,100,252983416,1499943,3,orders;lineitem;customer,480458,0,0,0,1924,3860,0
2026-08-18T11:41:14Z,BCBDC9A3DC81B321,18.4,queries/tpch/tpch-queries/q18/base.sql,measured,3,4,5,3,0.508,3278.188,14,4,57,25806453,100,252983416,1499943,3,orders;lineitem;customer,480458,0,0,0,1924,3860,0
2026-08-18T11:41:14Z,BCBDC9A3DC81B321,18.4,queries/tpch/tpch-queries/q18/base.sql,measured,3,5,5,3,0.516,3281.024,14,4,57,25806453,100,252983416,1499943,3,orders;lineitem;customer,480458,0,0,0,1924,3860,0
2026-08-18T11:41:17Z,BCBDC9A3DC81B321,18.4,queries/tpch/tpch-queries/q18/v1_materialized.sql,warmup,1,1,1,3,1.864,3332.657,15,5,57,25806850,100,253014164,1499943,3,orders;lineitem;customer;_m,480377,0,0,0,1924,3860,0
2026-08-18T11:41:21Z,BCBDC9A3DC81B321,18.4,queries/tpch/tpch-queries/q18/v1_materialized.sql,warmup,2,1,1,3,2.897,3335.072,15,5,57,25806850,100,253014164,1499943,3,orders;lineitem;customer;_m,480377,0,0,0,1924,3860,0
2026-08-18T11:41:37Z,BCBDC9A3DC81B321,18.4,queries/tpch/tpch-queries/q18/v1_materialized.sql,measured,1,1,5,3,1.218,3336.387,15,5,57,25806850,100,253014164,1499943,3,orders;lineitem;customer;_m,480377,0,0,0,1924,3860,0
2026-08-18T11:41:37Z,BCBDC9A3DC81B321,18.4,queries/tpch/tpch-queries/q18/v1_materialized.sql,measured,1,2,5,3,0.415,3306.375,15,5,57,25806850,100,253014164,1499943,3,orders;lineitem;customer;_m,480371,0,0,0,1924,3860,0
2026-08-18T11:41:37Z,BCBDC9A3DC81B321,18.4,queries/tpch/tpch-queries/q18/v1_materialized.sql,measured,1,3,5,3,0.407,3291.978,15,5,57,25806850,100,253014164,1499943,3,orders;lineitem;customer;_m,480371,0,0,0,1924,3860,0
2026-08-18T11:41:37Z,BCBDC9A3DC81B321,18.4,queries/tpch/tpch-queries/q18/v1_materialized.sql,measured,1,4,5,3,0.411,3284.799,15,5,57,25806850,100,253014164,1499943,3,orders;lineitem;customer;_m,480371,0,0,0,1924,3860,0
2026-08-18T11:41:37Z,BCBDC9A3DC81B321,18.4,queries/tpch/tpch-queries/q18/v1_materialized.sql,measured,1,5,5,3,0.413,3297.616,15,5,57,25806850,100,253014164,1499943,3,orders;lineitem;customer;_m,480371,0,0,0,1924,3860,0
2026-08-18T11:41:54Z,BCBDC9A3DC81B321,18.4,queries/tpch/tpch-queries/q18/v1_materialized.sql,measured,2,1,5,3,1.727,3335.967,15,5,57,25806850,100,253014164,1499943,3,orders;lineitem;customer;_m,480377,0,0,0,1924,3860,0
2026-08-18T11:41:54Z,BCBDC9A3DC81B321,18.4,queries/tpch/tpch-queries/q18/v1_materialized.sql,measured,2,2,5,3,0.419,3303.836,15,5,57,25806850,100,253014164,1499943,3,orders;lineitem;customer;_m,480371,0,0,0,1924,3860,0
2026-08-18T11:41:54Z,BCBDC9A3DC81B321,18.4,queries/tpch/tpch-queries/q18/v1_materialized.sql,measured,2,3,5,3,0.416,3284.561,15,5,57,25806850,100,253014164,1499943,3,orders;lineitem;customer;_m,480371,0,0,0,1924,3860,0
2026-08-18T11:41:54Z,BCBDC9A3DC81B321,18.4,queries/tpch/tpch-queries/q18/v1_materialized.sql,measured,2,4,5,3,0.418,3299.377,15,5,57,25806850,100,253014164,1499943,3,orders;lineitem;customer;_m,480371,0,0,0,1924,3860,0
2026-08-18T11:41:54Z,BCBDC9A3DC81B321,18.4,queries/tpch/tpch-queries/q18/v1_materialized.sql,measured,2,5,5,3,0.425,3290.320,15,5,57,25806850,100,253014164,1499943,3,orders;lineitem;customer;_m,480371,0,0,0,1924,3860,0
2026-08-18T11:42:11Z,BCBDC9A3DC81B321,18.4,queries/tpch/tpch-queries/q18/v1_materialized.sql,measured,3,1,5,3,1.664,3343.068,15,5,57,25806850,100,253014164,1499943,3,orders;lineitem;customer;_m,480377,0,0,0,1924,3860,0
2026-08-18T11:42:11Z,BCBDC9A3DC81B321,18.4,queries/tpch/tpch-queries/q18/v1_materialized.sql,measured,3,2,5,3,0.415,3305.416,15,5,57,25806850,100,253014164,1499943,3,orders;lineitem;customer;_m,480371,0,0,0,1924,3860,0
2026-08-18T11:42:11Z,BCBDC9A3DC81B321,18.4,queries/tpch/tpch-queries/q18/v1_materialized.sql,measured,3,3,5,3,0.412,3299.087,15,5,57,25806850,100,253014164,1499943,3,orders;lineitem;customer;_m,480371,0,0,0,1924,3860,0
2026-08-18T11:42:11Z,BCBDC9A3DC81B321,18.4,queries/tpch/tpch-queries/q18/v1_materialized.sql,measured,3,4,5,3,0.427,3290.949,15,5,57,25806850,100,253014164,1499943,3,orders;lineitem;customer;_m,480371,0,0,0,1924,3860,0
2026-08-18T11:42:11Z,BCBDC9A3DC81B321,18.4,queries/tpch/tpch-queries/q18/v1_materialized.sql,measured,3,5,5,3,0.418,3292.366,15,5,57,25806850,100,253014164,1499943,3,orders;lineitem;customer;_m,480371,0,0,0,1924,3860,0
2026-08-18T11:42:14Z,BCBDC9A3DC81B321,18.4,queries/tpch/tpch-queries/q18/v2_join.sql,warmup,1,1,1,3,1.704,3332.089,14,4,57,25806453,100,252983416,1499943,3,orders;lineitem;customer,480458,0,0,0,1924,3860,0
2026-08-18T11:42:17Z,BCBDC9A3DC81B321,18.4,queries/tpch/tpch-queries/q18/v2_join.sql,warmup,2,1,1,3,1.977,3330.082,14,4,57,25806453,100,252983416,1499943,3,orders;lineitem;customer,480458,0,0,0,1924,3860,0
2026-08-18T11:42:34Z,BCBDC9A3DC81B321,18.4,queries/tpch/tpch-queries/q18/v2_join.sql,measured,1,1,5,3,1.929,3311.624,14,4,57,25806453,100,252983416,1499943,3,orders;lineitem;customer,480458,0,0,0,1924,3860,0
2026-08-18T11:42:34Z,BCBDC9A3DC81B321,18.4,queries/tpch/tpch-queries/q18/v2_join.sql,measured,1,2,5,3,0.510,3295.330,14,4,57,25806453,100,252983416,1499943,3,orders;lineitem;customer,480458,0,0,0,1924,3860,0
2026-08-18T11:42:34Z,BCBDC9A3DC81B321,18.4,queries/tpch/tpch-queries/q18/v2_join.sql,measured,1,3,5,3,0.495,3305.893,14,4,57,25806453,100,252983416,1499943,3,orders;lineitem;customer,480458,0,0,0,1924,3860,0
2026-08-18T11:42:34Z,BCBDC9A3DC81B321,18.4,queries/tpch/tpch-queries/q18/v2_join.sql,measured,1,4,5,3,0.502,3289.676,14,4,57,25806453,100,252983416,1499943,3,orders;lineitem;customer,480458,0,0,0,1924,3860,0
2026-08-18T11:42:34Z,BCBDC9A3DC81B321,18.4,queries/tpch/tpch-queries/q18/v2_join.sql,measured,1,5,5,3,0.497,3290.729,14,4,57,25806453,100,252983416,1499943,3,orders;lineitem;customer,480458,0,0,0,1924,3860,0
2026-08-18T11:42:51Z,BCBDC9A3DC81B321,18.4,queries/tpch/tpch-queries/q18/v2_join.sql,measured,2,1,5,3,1.979,3326.958,14,4,57,25806453,100,252983416,1499943,3,orders;lineitem;customer,480458,0,0,0,1924,3860,0
2026-08-18T11:42:51Z,BCBDC9A3DC81B321,18.4,queries/tpch/tpch-queries/q18/v2_join.sql,measured,2,2,5,3,0.495,3307.214,14,4,57,25806453,100,252983416,1499943,3,orders;lineitem;customer,480458,0,0,0,1924,3860,0
2026-08-18T11:42:51Z,BCBDC9A3DC81B321,18.4,queries/tpch/tpch-queries/q18/v2_join.sql,measured,2,3,5,3,0.513,3293.435,14,4,57,25806453,100,252983416,1499943,3,orders;lineitem;customer,480458,0,0,0,1924,3860,0
2026-08-18T11:42:51Z,BCBDC9A3DC81B321,18.4,queries/tpch/tpch-queries/q18/v2_join.sql,measured,2,4,5,3,0.499,3291.155,14,4,57,25806453,100,252983416,1499943,3,orders;lineitem;customer,480458,0,0,0,1924,3860,0
2026-08-18T11:42:51Z,BCBDC9A3DC81B321,18.4,queries/tpch/tpch-queries/q18/v2_join.sql,measured,2,5,5,3,0.505,3298.996,14,4,57,25806453,100,252983416,1499943,3,orders;lineitem;customer,480458,0,0,0,1924,3860,0
2026-08-18T11:43:07Z,BCBDC9A3DC81B321,18.4,queries/tpch/tpch-queries/q18/v2_join.sql,measured,3,1,5,3,1.190,3393.127,14,4,57,25806453,100,252983416,1499943,3,orders;lineitem;customer,480458,0,0,0,1924,3860,0
2026-08-18T11:43:07Z,BCBDC9A3DC81B321,18.4,queries/tpch/tpch-queries/q18/v2_join.sql,measured,3,2,5,3,0.509,3278.676,14,4,57,25806453,100,252983416,1499943,3,orders;lineitem;customer,480458,0,0,0,1924,3860,0
2026-08-18T11:43:07Z,BCBDC9A3DC81B321,18.4,queries/tpch/tpch-queries/q18/v2_join.sql,measured,3,3,5,3,0.515,3296.431,14,4,57,25806453,100,252983416,1499943,3,orders;lineitem;customer,480458,0,0,0,1924,3860,0
2026-08-18T11:43:07Z,BCBDC9A3DC81B321,18.4,queries/tpch/tpch-queries/q18/v2_join.sql,measured,3,4,5,3,0.501,3289.469,14,4,57,25806453,100,252983416,1499943,3,orders;lineitem;customer,480458,0,0,0,1924,3860,0
2026-08-18T11:43:07Z,BCBDC9A3DC81B321,18.4,queries/tpch/tpch-queries/q18/v2_join.sql,measured,3,5,5,3,0.497,3304.727,14,4,57,25806453,100,252983416,1499943,3,orders;lineitem;customer,480458,0,0,0,1924,3860,0
2026-08-18T11:43:08Z,BCBDC9A3DC81B321,18.4,queries/tpch/tpch-queries/q19/base.sql,warmup,1,1,1,3,1.446,463.969,7,2,1,129471,1,2726662,1214472,4,lineitem;part,116728,0,0,0,0,0,0
2026-08-18T11:43:08Z,BCBDC9A3DC81B321,18.4,queries/tpch/tpch-queries/q19/base.sql,warmup,2,1,1,3,0.832,397.823,7,2,1,129471,1,2726662,1214472,4,lineitem;part,116728,0,0,0,0,0,0
2026-08-18T11:43:11Z,BCBDC9A3DC81B321,18.4,queries/tpch/tpch-queries/q19/base.sql,measured,1,1,5,3,1.067,448.057,7,2,1,129471,1,2726662,1214472,4,lineitem;part,116728,0,0,0,0,0,0
2026-08-18T11:43:11Z,BCBDC9A3DC81B321,18.4,queries/tpch/tpch-queries/q19/base.sql,measured,1,2,5,3,0.199,400.574,7,2,1,129471,1,2726662,1214472,4,lineitem;part,116728,0,0,0,0,0,0
2026-08-18T11:43:11Z,BCBDC9A3DC81B321,18.4,queries/tpch/tpch-queries/q19/base.sql,measured,1,3,5,3,0.216,421.501,7,2,1,129471,1,2726662,1214472,4,lineitem;part,116728,0,0,0,0,0,0
2026-08-18T11:43:11Z,BCBDC9A3DC81B321,18.4,queries/tpch/tpch-queries/q19/base.sql,measured,1,4,5,3,0.244,442.846,7,2,1,129471,1,2726662,1214472,4,lineitem;part,116728,0,0,0,0,0,0
2026-08-18T11:43:11Z,BCBDC9A3DC81B321,18.4,queries/tpch/tpch-queries/q19/base.sql,measured,1,5,5,3,0.244,441.679,7,2,1,129471,1,2726662,1214472,4,lineitem;part,116728,0,0,0,0,0,0
2026-08-18T11:43:13Z,BCBDC9A3DC81B321,18.4,queries/tpch/tpch-queries/q19/base.sql,measured,2,1,5,3,1.395,462.853,7,2,1,129471,1,2726662,1214472,4,lineitem;part,116728,0,0,0,0,0,0
2026-08-18T11:43:13Z,BCBDC9A3DC81B321,18.4,queries/tpch/tpch-queries/q19/base.sql,measured,2,2,5,3,0.225,432.785,7,2,1,129471,1,2726662,1214472,4,lineitem;part,116728,0,0,0,0,0,0
2026-08-18T11:43:13Z,BCBDC9A3DC81B321,18.4,queries/tpch/tpch-queries/q19/base.sql,measured,2,3,5,3,0.246,442.660,7,2,1,129471,1,2726662,1214472,4,lineitem;part,116728,0,0,0,0,0,0
2026-08-18T11:43:13Z,BCBDC9A3DC81B321,18.4,queries/tpch/tpch-queries/q19/base.sql,measured,2,4,5,3,0.254,442.456,7,2,1,129471,1,2726662,1214472,4,lineitem;part,116728,0,0,0,0,0,0
2026-08-18T11:43:13Z,BCBDC9A3DC81B321,18.4,queries/tpch/tpch-queries/q19/base.sql,measured,2,5,5,3,0.245,442.690,7,2,1,129471,1,2726662,1214472,4,lineitem;part,116728,0,0,0,0,0,0
2026-08-18T11:43:15Z,BCBDC9A3DC81B321,18.4,queries/tpch/tpch-queries/q19/base.sql,measured,3,1,5,3,1.081,455.926,7,2,1,129471,1,2726662,1214472,4,lineitem;part,116728,0,0,0,0,0,0
2026-08-18T11:43:15Z,BCBDC9A3DC81B321,18.4,queries/tpch/tpch-queries/q19/base.sql,measured,3,2,5,3,0.252,425.121,7,2,1,129471,1,2726662,1214472,4,lineitem;part,116728,0,0,0,0,0,0
2026-08-18T11:43:15Z,BCBDC9A3DC81B321,18.4,queries/tpch/tpch-queries/q19/base.sql,measured,3,3,5,3,0.238,440.743,7,2,1,129471,1,2726662,1214472,4,lineitem;part,116728,0,0,0,0,0,0
2026-08-18T11:43:15Z,BCBDC9A3DC81B321,18.4,queries/tpch/tpch-queries/q19/base.sql,measured,3,4,5,3,0.244,442.496,7,2,1,129471,1,2726662,1214472,4,lineitem;part,116728,0,0,0,0,0,0
2026-08-18T11:43:15Z,BCBDC9A3DC81B321,18.4,queries/tpch/tpch-queries/q19/base.sql,measured,3,5,5,3,0.244,443.003,7,2,1,129471,1,2726662,1214472,4,lineitem;part,116728,0,0,0,0,0,0
2026-08-18T11:43:16Z,BCBDC9A3DC81B321,18.4,queries/tpch/tpch-queries/q19/v1_materialized.sql,warmup,1,1,1,3,1.276,480.005,8,3,1,129472,1,2726694,1214472,4,_m;lineitem;part,116728,0,0,0,0,0,0
2026-08-18T11:43:16Z,BCBDC9A3DC81B321,18.4,queries/tpch/tpch-queries/q19/v1_materialized.sql,warmup,2,1,1,3,1.182,470.436,8,3,1,129472,1,2726694,1214472,4,_m;lineitem;part,116728,0,0,0,0,0,0
2026-08-18T11:43:19Z,BCBDC9A3DC81B321,18.4,queries/tpch/tpch-queries/q19/v1_materialized.sql,measured,1,1,5,3,1.216,463.123,8,3,1,129472,1,2726694,1214472,4,_m;lineitem;part,116728,0,0,0,0,0,0
2026-08-18T11:43:19Z,BCBDC9A3DC81B321,18.4,queries/tpch/tpch-queries/q19/v1_materialized.sql,measured,1,2,5,3,0.245,392.211,8,3,1,129472,1,2726694,1214472,4,_m;lineitem;part,116728,0,0,0,0,0,0
2026-08-18T11:43:19Z,BCBDC9A3DC81B321,18.4,queries/tpch/tpch-queries/q19/v1_materialized.sql,measured,1,3,5,3,0.269,436.962,8,3,1,129472,1,2726694,1214472,4,_m;lineitem;part,116728,0,0,0,0,0,0
2026-08-18T11:43:19Z,BCBDC9A3DC81B321,18.4,queries/tpch/tpch-queries/q19/v1_materialized.sql,measured,1,4,5,3,0.271,445.192,8,3,1,129472,1,2726694,1214472,4,_m;lineitem;part,116728,0,0,0,0,0,0
2026-08-18T11:43:19Z,BCBDC9A3DC81B321,18.4,queries/tpch/tpch-queries/q19/v1_materialized.sql,measured,1,5,5,3,0.267,443.313,8,3,1,129472,1,2726694,1214472,4,_m;lineitem;part,116728,0,0,0,0,0,0
2026-08-18T11:43:21Z,BCBDC9A3DC81B321,18.4,queries/tpch/tpch-queries/q19/v1_materialized.sql,measured,2,1,5,3,1.125,447.430,8,3,1,129472,1,2726694,1214472,4,_m;lineitem;part,116728,0,0,0,0,0,0
2026-08-18T11:43:21Z,BCBDC9A3DC81B321,18.4,queries/tpch/tpch-queries/q19/v1_materialized.sql,measured,2,2,5,3,0.253,438.377,8,3,1,129472,1,2726694,1214472,4,_m;lineitem;part,116728,0,0,0,0,0,0
2026-08-18T11:43:21Z,BCBDC9A3DC81B321,18.4,queries/tpch/tpch-queries/q19/v1_materialized.sql,measured,2,3,5,3,0.268,444.960,8,3,1,129472,1,2726694,1214472,4,_m;lineitem;part,116728,0,0,0,0,0,0
2026-08-18T11:43:21Z,BCBDC9A3DC81B321,18.4,queries/tpch/tpch-queries/q19/v1_materialized.sql,measured,2,4,5,3,0.271,445.333,8,3,1,129472,1,2726694,1214472,4,_m;lineitem;part,116728,0,0,0,0,0,0
2026-08-18T11:43:21Z,BCBDC9A3DC81B321,18.4,queries/tpch/tpch-queries/q19/v1_materialized.sql,measured,2,5,5,3,0.277,445.024,8,3,1,129472,1,2726694,1214472,4,_m;lineitem;part,116728,0,0,0,0,0,0
2026-08-18T11:43:23Z,BCBDC9A3DC81B321,18.4,queries/tpch/tpch-queries/q19/v1_materialized.sql,measured,3,1,5,3,1.434,475.386,8,3,1,129472,1,2726694,1214472,4,_m;lineitem;part,116728,0,0,0,0,0,0
2026-08-18T11:43:23Z,BCBDC9A3DC81B321,18.4,queries/tpch/tpch-queries/q19/v1_materialized.sql,measured,3,2,5,3,0.248,431.031,8,3,1,129472,1,2726694,1214472,4,_m;lineitem;part,116728,0,0,0,0,0,0
2026-08-18T11:43:23Z,BCBDC9A3DC81B321,18.4,queries/tpch/tpch-queries/q19/v1_materialized.sql,measured,3,3,5,3,0.269,443.067,8,3,1,129472,1,2726694,1214472,4,_m;lineitem;part,116728,0,0,0,0,0,0
2026-08-18T11:43:23Z,BCBDC9A3DC81B321,18.4,queries/tpch/tpch-queries/q19/v1_materialized.sql,measured,3,4,5,3,0.271,441.099,8,3,1,129472,1,2726694,1214472,4,_m;lineitem;part,116728,0,0,0,0,0,0
2026-08-18T11:43:23Z,BCBDC9A3DC81B321,18.4,queries/tpch/tpch-queries/q19/v1_materialized.sql,measured,3,5,5,3,0.269,441.351,8,3,1,129472,1,2726694,1214472,4,_m;lineitem;part,116728,0,0,0,0,0,0
2026-08-18T11:43:25Z,BCBDC9A3DC81B321,18.4,queries/tpch/tpch-queries/q19/v2_union_all.sql,warmup,1,1,1,3,1.448,1283.859,16,6,1,142506,1,2272532,6552196,4,lineitem;part,350184,0,0,0,0,0,0
2026-08-18T11:43:26Z,BCBDC9A3DC81B321,18.4,queries/tpch/tpch-queries/q19/v2_union_all.sql,warmup,2,1,1,3,1.279,1261.242,16,6,1,142506,1,2272532,6552196,4,lineitem;part,350184,0,0,0,0,0,0
2026-08-18T11:43:33Z,BCBDC9A3DC81B321,18.4,queries/tpch/tpch-queries/q19/v2_union_all.sql,measured,1,1,5,3,1.648,1275.164,16,6,1,142506,1,2272532,6552196,4,lineitem;part,350184,0,0,0,0,0,0
2026-08-18T11:43:33Z,BCBDC9A3DC81B321,18.4,queries/tpch/tpch-queries/q19/v2_union_all.sql,measured,1,2,5,3,0.330,1270.092,16,6,1,142506,1,2272532,6552196,4,lineitem;part,350184,0,0,0,0,0,0
2026-08-18T11:43:33Z,BCBDC9A3DC81B321,18.4,queries/tpch/tpch-queries/q19/v2_union_all.sql,measured,1,3,5,3,0.328,1260.162,16,6,1,142507,1,2272536,7544525,4,lineitem;part,350184,0,0,0,0,0,0
2026-08-18T11:43:33Z,BCBDC9A3DC81B321,18.4,queries/tpch/tpch-queries/q19/v2_union_all.sql,measured,1,4,5,3,0.339,1255.704,16,6,1,142506,1,2272532,6552196,4,lineitem;part,350184,0,0,0,0,0,0
2026-08-18T11:43:33Z,BCBDC9A3DC81B321,18.4,queries/tpch/tpch-queries/q19/v2_union_all.sql,measured,1,5,5,3,0.407,1255.827,16,6,1,142507,1,2272536,7544525,4,lineitem;part,350184,0,0,0,0,0,0
2026-08-18T11:43:39Z,BCBDC9A3DC81B321,18.4,queries/tpch/tpch-queries/q19/v2_union_all.sql,measured,2,1,5,3,1.663,1274.606,16,6,1,142506,1,2272532,6552196,4,lineitem;part,350184,0,0,0,0,0,0
2026-08-18T11:43:39Z,BCBDC9A3DC81B321,18.4,queries/tpch/tpch-queries/q19/v2_union_all.sql,measured,2,2,5,3,0.342,1262.591,16,6,1,142506,1,2272536,7544662,4,lineitem;part,350184,0,0,0,0,0,0
2026-08-18T11:43:39Z,BCBDC9A3DC81B321,18.4,queries/tpch/tpch-queries/q19/v2_union_all.sql,measured,2,3,5,3,0.355,1261.566,16,6,1,142506,1,2272532,6552196,4,lineitem;part,350184,0,0,0,0,0,0
2026-08-18T11:43:39Z,BCBDC9A3DC81B321,18.4,queries/tpch/tpch-queries/q19/v2_union_all.sql,measured,2,4,5,3,0.331,1254.219,16,6,1,142507,1,2272536,7544525,4,lineitem;part,350184,0,0,0,0,0,0
2026-08-18T11:43:39Z,BCBDC9A3DC81B321,18.4,queries/tpch/tpch-queries/q19/v2_union_all.sql,measured,2,5,5,3,0.342,1257.318,16,6,1,142507,1,2272536,7544525,4,lineitem;part,350184,0,0,0,0,0,0
2026-08-18T11:43:45Z,BCBDC9A3DC81B321,18.4,queries/tpch/tpch-queries/q19/v2_union_all.sql,measured,3,1,5,3,1.631,1274.952,16,6,1,142512,1,2272580,7842361,4,lineitem;part,350184,0,0,0,0,0,0
2026-08-18T11:43:45Z,BCBDC9A3DC81B321,18.4,queries/tpch/tpch-queries/q19/v2_union_all.sql,measured,3,2,5,3,0.330,1262.828,16,6,1,142506,1,2272532,6552196,4,lineitem;part,350184,0,0,0,0,0,0
2026-08-18T11:43:45Z,BCBDC9A3DC81B321,18.4,queries/tpch/tpch-queries/q19/v2_union_all.sql,measured,3,3,5,3,0.330,1261.677,16,6,1,142506,1,2272532,6552196,4,lineitem;part,350184,0,0,0,0,0,0
2026-08-18T11:43:45Z,BCBDC9A3DC81B321,18.4,queries/tpch/tpch-queries/q19/v2_union_all.sql,measured,3,4,5,3,0.330,1258.756,16,6,1,142507,1,2272536,7544525,4,lineitem;part,350184,0,0,0,0,0,0
2026-08-18T11:43:45Z,BCBDC9A3DC81B321,18.4,queries/tpch/tpch-queries/q19/v2_union_all.sql,measured,3,5,5,3,0.330,1256.240,16,6,1,142507,1,2272536,7544525,4,lineitem;part,350184,0,0,0,0,0,0
2026-08-18T11:43:46Z,BCBDC9A3DC81B321,18.4,queries/tpch/tpch-queries/q21/base.sql,warmup,1,1,1,3,2.898,539.805,19,6,100,4978080,1,49025860,744653,3,orders;lineitem;supplier;nation,471956,0,0,0,0,0,0
2026-08-18T11:43:47Z,BCBDC9A3DC81B321,18.4,queries/tpch/tpch-queries/q21/base.sql,warmup,2,1,1,3,1.910,529.275,19,6,100,4978080,1,49025860,744653,3,orders;lineitem;supplier;nation,471956,0,0,0,0,0,0
2026-08-18T11:43:49Z,BCBDC9A3DC81B321,18.4,queries/tpch/tpch-queries/q21/base.sql,measured,1,1,5,3,2.128,539.672,19,6,100,4978080,1,49025860,744653,3,orders;lineitem;supplier;nation,471956,0,0,0,0,0,0
2026-08-18T11:43:49Z,BCBDC9A3DC81B321,18.4,queries/tpch/tpch-queries/q21/base.sql,measured,1,2,5,3,1.075,517.929,19,6,100,4978080,1,49025860,744653,3,orders;lineitem;supplier;nation,471950,0,0,0,0,0,0
2026-08-18T11:43:49Z,BCBDC9A3DC81B321,18.4,queries/tpch/tpch-queries/q21/base.sql,measured,1,3,5,3,1.103,519.645,19,6,100,4978080,1,49025860,744653,3,orders;lineitem;supplier;nation,471950,0,0,0,0,0,0
2026-08-18T11:43:49Z,BCBDC9A3DC81B321,18.4,queries/tpch/tpch-queries/q21/base.sql,measured,1,4,5,3,1.101,518.437,19,6,100,4978080,1,49025860,744653,3,orders;lineitem;supplier;nation,471950,0,0,0,0,0,0
2026-08-18T11:43:49Z,BCBDC9A3DC81B321,18.4,queries/tpch/tpch-queries/q21/base.sql,measured,1,5,5,3,1.107,521.318,19,6,100,4978080,1,49025860,744653,3,orders;lineitem;supplier;nation,471950,0,0,0,0,0,0
2026-08-18T11:43:52Z,BCBDC9A3DC81B321,18.4,queries/tpch/tpch-queries/q21/base.sql,measured,2,1,5,3,1.969,544.741,19,6,100,4978080,1,49025860,744653,3,orders;lineitem;supplier;nation,471956,0,0,0,0,0,0
2026-08-18T11:43:52Z,BCBDC9A3DC81B321,18.4,queries/tpch/tpch-queries/q21/base.sql,measured,2,2,5,3,1.117,526.588,19,6,100,4978080,1,49025860,744653,3,orders;lineitem;supplier;nation,471950,0,0,0,0,0,0
2026-08-18T11:43:52Z,BCBDC9A3DC81B321,18.4,queries/tpch/tpch-queries/q21/base.sql,measured,2,3,5,3,1.105,520.652,19,6,100,4978080,1,49025860,744653,3,orders;lineitem;supplier;nation,471950,0,0,0,0,0,0
2026-08-18T11:43:52Z,BCBDC9A3DC81B321,18.4,queries/tpch/tpch-queries/q21/base.sql,measured,2,4,5,3,1.114,520.771,19,6,100,4978080,1,49025860,744653,3,orders;lineitem;supplier;nation,471950,0,0,0,0,0,0
2026-08-18T11:43:52Z,BCBDC9A3DC81B321,18.4,queries/tpch/tpch-queries/q21/base.sql,measured,2,5,5,3,1.117,520.409,19,6,100,4978080,1,49025860,744653,3,orders;lineitem;supplier;nation,471950,0,0,0,0,0,0
2026-08-18T11:43:55Z,BCBDC9A3DC81B321,18.4,queries/tpch/tpch-queries/q21/base.sql,measured,3,1,5,3,1.964,535.054,19,6,100,4978080,1,49025860,744653,3,orders;lineitem;supplier;nation,471956,0,0,0,0,0,0
2026-08-18T11:43:55Z,BCBDC9A3DC81B321,18.4,queries/tpch/tpch-queries/q21/base.sql,measured,3,2,5,3,1.116,523.309,19,6,100,4978080,1,49025860,744653,3,orders;lineitem;supplier;nation,471950,0,0,0,0,0,0
2026-08-18T11:43:55Z,BCBDC9A3DC81B321,18.4,queries/tpch/tpch-queries/q21/base.sql,measured,3,3,5,3,1.106,520.092,19,6,100,4978080,1,49025860,744653,3,orders;lineitem;supplier;nation,471950,0,0,0,0,0,0
2026-08-18T11:43:55Z,BCBDC9A3DC81B321,18.4,queries/tpch/tpch-queries/q21/base.sql,measured,3,4,5,3,1.109,521.366,19,6,100,4978080,1,49025860,744653,3,orders;lineitem;supplier;nation,471950,0,0,0,0,0,0
2026-08-18T11:43:55Z,BCBDC9A3DC81B321,18.4,queries/tpch/tpch-queries/q21/base.sql,measured,3,5,5,3,1.120,520.172,19,6,100,4978080,1,49025860,744653,3,orders;lineitem;supplier;nation,471950,0,0,0,0,0,0
2026-08-18T11:43:56Z,BCBDC9A3DC81B321,18.4,queries/tpch/tpch-queries/q21/v1_materialized.sql,warmup,1,1,1,3,1.666,537.875,20,7,100,4978491,1,49087492,744653,3,orders;lineitem;supplier;nation;_m,471956,0,0,0,0,0,0
2026-08-18T11:43:56Z,BCBDC9A3DC81B321,18.4,queries/tpch/tpch-queries/q21/v1_materialized.sql,warmup,2,1,1,3,1.647,534.753,20,7,100,4978491,1,49087492,744653,3,orders;lineitem;supplier;nation;_m,471956,0,0,0,0,0,0
2026-08-18T11:43:59Z,BCBDC9A3DC81B321,18.4,queries/tpch/tpch-queries/q21/v1_materialized.sql,measured,1,1,5,3,1.683,530.267,20,7,100,4978491,1,49087492,744653,3,orders;lineitem;supplier;nation;_m,471956,0,0,0,0,0,0
2026-08-18T11:43:59Z,BCBDC9A3DC81B321,18.4,queries/tpch/tpch-queries/q21/v1_materialized.sql,measured,1,2,5,3,0.846,522.554,20,7,100,4978491,1,49087492,744653,3,orders;lineitem;supplier;nation;_m,471950,0,0,0,0,0,0
2026-08-18T11:43:59Z,BCBDC9A3DC81B321,18.4,queries/tpch/tpch-queries/q21/v1_materialized.sql,measured,1,3,5,3,0.807,524.543,20,7,100,4978491,1,49087492,744653,3,orders;lineitem;supplier;nation;_m,471950,0,0,0,0,0,0
2026-08-18T11:43:59Z,BCBDC9A3DC81B321,18.4,queries/tpch/tpch-queries/q21/v1_materialized.sql,measured,1,4,5,3,0.796,520.152,20,7,100,4978491,1,49087492,744653,3,orders;lineitem;supplier;nation;_m,471950,0,0,0,0,0,0
2026-08-18T11:43:59Z,BCBDC9A3DC81B321,18.4,queries/tpch/tpch-queries/q21/v1_materialized.sql,measured,1,5,5,3,0.802,521.099,20,7,100,4978491,1,49087492,744653,3,orders;lineitem;supplier;nation;_m,471950,0,0,0,0,0,0
2026-08-18T11:44:02Z,BCBDC9A3DC81B321,18.4,queries/tpch/tpch-queries/q21/v1_materialized.sql,measured,2,1,5,3,1.787,537.252,20,7,100,4978491,1,49087492,744653,3,orders;lineitem;supplier;nation;_m,471956,0,0,0,0,0,0
2026-08-18T11:44:02Z,BCBDC9A3DC81B321,18.4,queries/tpch/tpch-queries/q21/v1_materialized.sql,measured,2,2,5,3,0.817,521.130,20,7,100,4978491,1,49087492,744653,3,orders;lineitem;supplier;nation;_m,471950,0,0,0,0,0,0
2026-08-18T11:44:02Z,BCBDC9A3DC81B321,18.4,queries/tpch/tpch-queries/q21/v1_materialized.sql,measured,2,3,5,3,0.796,523.034,20,7,100,4978491,1,49087492,744653,3,orders;lineitem;supplier;nation;_m,471950,0,0,0,0,0,0
2026-08-18T11:44:02Z,BCBDC9A3DC81B321,18.4,queries/tpch/tpch-queries/q21/v1_materialized.sql,measured,2,4,5,3,0.802,521.581,20,7,100,4978491,1,49087492,744653,3,orders;lineitem;supplier;nation;_m,471950,0,0,0,0,0,0
2026-08-18T11:44:02Z,BCBDC9A3DC81B321,18.4,queries/tpch/tpch-queries/q21/v1_materialized.sql,measured,2,5,5,3,0.810,518.535,20,7,100,4978491,1,49087492,744653,3,orders;lineitem;supplier;nation;_m,471950,0,0,0,0,0,0
2026-08-18T11:44:04Z,BCBDC9A3DC81B321,18.4,queries/tpch/tpch-queries/q21/v1_materialized.sql,measured,3,1,5,3,2.074,539.100,20,7,100,4978491,1,49087492,744653,3,orders;lineitem;supplier;nation;_m,471956,0,0,0,0,0,0
2026-08-18T11:44:04Z,BCBDC9A3DC81B321,18.4,queries/tpch/tpch-queries/q21/v1_materialized.sql,measured,3,2,5,3,0.817,524.180,20,7,100,4978491,1,49087492,744653,3,orders;lineitem;supplier;nation;_m,471950,0,0,0,0,0,0
2026-08-18T11:44:04Z,BCBDC9A3DC81B321,18.4,queries/tpch/tpch-queries/q21/v1_materialized.sql,measured,3,3,5,3,0.809,523.722,20,7,100,4978491,1,49087492,744653,3,orders;lineitem;supplier;nation;_m,471950,0,0,0,0,0,0
2026-08-18T11:44:04Z,BCBDC9A3DC81B321,18.4,queries/tpch/tpch-queries/q21/v1_materialized.sql,measured,3,4,5,3,0.798,521.826,20,7,100,4978491,1,49087492,744653,3,orders;lineitem;supplier;nation;_m,471950,0,0,0,0,0,0
2026-08-18T11:44:04Z,BCBDC9A3DC81B321,18.4,queries/tpch/tpch-queries/q21/v1_materialized.sql,measured,3,5,5,3,0.807,519.008,20,7,100,4978491,1,49087492,744653,3,orders;lineitem;supplier;nation;_m,471950,0,0,0,0,0,0
2026-08-18T11:44:05Z,BCBDC9A3DC81B321,18.4,queries/tpch/tpch-queries/q22/base.sql,warmup,1,1,1,3,1.019,73.731,10,3,7,76283,751,1451186,80960,2,customer;orders,64227,0,0,0,0,0,0
2026-08-18T11:44:05Z,BCBDC9A3DC81B321,18.4,queries/tpch/tpch-queries/q22/base.sql,warmup,2,1,1,3,1.012,71.804,10,3,7,76283,751,1451186,80960,2,customer;orders,64227,0,0,0,0,0,0
2026-08-18T11:44:05Z,BCBDC9A3DC81B321,18.4,queries/tpch/tpch-queries/q22/base.sql,measured,1,1,5,3,0.912,62.265,10,3,7,76283,751,1451186,80960,2,customer;orders,64227,0,0,0,0,0,0
2026-08-18T11:44:05Z,BCBDC9A3DC81B321,18.4,queries/tpch/tpch-queries/q22/base.sql,measured,1,2,5,3,0.220,53.268,10,3,7,76283,751,1451186,80960,2,customer;orders,64227,0,0,0,0,0,0
2026-08-18T11:44:05Z,BCBDC9A3DC81B321,18.4,queries/tpch/tpch-queries/q22/base.sql,measured,1,3,5,3,0.209,62.063,10,3,7,76283,751,1451186,80960,2,customer;orders,64227,0,0,0,0,0,0
2026-08-18T11:44:05Z,BCBDC9A3DC81B321,18.4,queries/tpch/tpch-queries/q22/base.sql,measured,1,4,5,3,0.232,61.887,10,3,7,76283,751,1451186,80960,2,customer;orders,64227,0,0,0,0,0,0
2026-08-18T11:44:05Z,BCBDC9A3DC81B321,18.4,queries/tpch/tpch-queries/q22/base.sql,measured,1,5,5,3,0.205,62.924,10,3,7,76283,751,1451186,80960,2,customer;orders,64227,0,0,0,0,0,0
2026-08-18T11:44:05Z,BCBDC9A3DC81B321,18.4,queries/tpch/tpch-queries/q22/base.sql,measured,2,1,5,3,0.885,62.558,10,3,7,76283,751,1451186,80960,2,customer;orders,64227,0,0,0,0,0,0
2026-08-18T11:44:05Z,BCBDC9A3DC81B321,18.4,queries/tpch/tpch-queries/q22/base.sql,measured,2,2,5,3,0.208,52.946,10,3,7,76283,751,1451186,80960,2,customer;orders,64227,0,0,0,0,0,0
2026-08-18T11:44:05Z,BCBDC9A3DC81B321,18.4,queries/tpch/tpch-queries/q22/base.sql,measured,2,3,5,3,0.214,54.723,10,3,7,76283,751,1451186,80960,2,customer;orders,64227,0,0,0,0,0,0
2026-08-18T11:44:05Z,BCBDC9A3DC81B321,18.4,queries/tpch/tpch-queries/q22/base.sql,measured,2,4,5,3,0.210,55.047,10,3,7,76283,751,1451186,80960,2,customer;orders,64227,0,0,0,0,0,0
2026-08-18T11:44:05Z,BCBDC9A3DC81B321,18.4,queries/tpch/tpch-queries/q22/base.sql,measured,2,5,5,3,0.218,55.559,10,3,7,76283,751,1451186,80960,2,customer;orders,64227,0,0,0,0,0,0
2026-08-18T11:44:06Z,BCBDC9A3DC81B321,18.4,queries/tpch/tpch-queries/q22/base.sql,measured,3,1,5,3,1.115,85.208,10,3,7,76283,751,1451186,80960,2,customer;orders,64227,0,0,0,0,0,0
2026-08-18T11:44:06Z,BCBDC9A3DC81B321,18.4,queries/tpch/tpch-queries/q22/base.sql,measured,3,2,5,3,0.211,52.471,10,3,7,76283,751,1451186,80960,2,customer;orders,64227,0,0,0,0,0,0
2026-08-18T11:44:06Z,BCBDC9A3DC81B321,18.4,queries/tpch/tpch-queries/q22/base.sql,measured,3,3,5,3,0.217,53.733,10,3,7,76283,751,1451186,80960,2,customer;orders,64227,0,0,0,0,0,0
2026-08-18T11:44:06Z,BCBDC9A3DC81B321,18.4,queries/tpch/tpch-queries/q22/base.sql,measured,3,4,5,3,0.243,54.275,10,3,7,76283,751,1451186,80960,2,customer;orders,64227,0,0,0,0,0,0
2026-08-18T11:44:06Z,BCBDC9A3DC81B321,18.4,queries/tpch/tpch-queries/q22/base.sql,measured,3,5,5,3,0.210,54.741,10,3,7,76283,751,1451186,80960,2,customer;orders,64227,0,0,0,0,0,0
2026-08-18T11:44:06Z,BCBDC9A3DC81B321,18.4,queries/tpch/tpch-queries/q22/v1_materialized.sql,warmup,1,1,1,3,0.891,54.528,11,4,7,76290,751,1451690,80960,2,_m;customer;orders,64227,0,0,0,0,0,0
2026-08-18T11:44:06Z,BCBDC9A3DC81B321,18.4,queries/tpch/tpch-queries/q22/v1_materialized.sql,warmup,2,1,1,3,0.950,56.194,11,4,7,76290,751,1451690,80960,2,_m;customer;orders,64227,0,0,0,0,0,0
2026-08-18T11:44:06Z,BCBDC9A3DC81B321,18.4,queries/tpch/tpch-queries/q22/v1_materialized.sql,measured,1,1,5,3,0.874,54.298,11,4,7,76290,751,1451690,80960,2,_m;customer;orders,64227,0,0,0,0,0,0
2026-08-18T11:44:06Z,BCBDC9A3DC81B321,18.4,queries/tpch/tpch-queries/q22/v1_materialized.sql,measured,1,2,5,3,0.248,54.983,11,4,7,76290,751,1451690,80960,2,_m;customer;orders,64227,0,0,0,0,0,0
2026-08-18T11:44:06Z,BCBDC9A3DC81B321,18.4,queries/tpch/tpch-queries/q22/v1_materialized.sql,measured,1,3,5,3,0.234,55.079,11,4,7,76290,751,1451690,80960,2,_m;customer;orders,64227,0,0,0,0,0,0
2026-08-18T11:44:06Z,BCBDC9A3DC81B321,18.4,queries/tpch/tpch-queries/q22/v1_materialized.sql,measured,1,4,5,3,0.219,56.115,11,4,7,76290,751,1451690,80960,2,_m;customer;orders,64227,0,0,0,0,0,0
2026-08-18T11:44:06Z,BCBDC9A3DC81B321,18.4,queries/tpch/tpch-queries/q22/v1_materialized.sql,measured,1,5,5,3,0.218,53.489,11,4,7,76290,751,1451690,80960,2,_m;customer;orders,64227,0,0,0,0,0,0
2026-08-18T11:44:07Z,BCBDC9A3DC81B321,18.4,queries/tpch/tpch-queries/q22/v1_materialized.sql,measured,2,1,5,3,1.267,79.965,11,4,7,76290,751,1451690,80960,2,_m;customer;orders,64227,0,0,0,0,0,0
2026-08-18T11:44:07Z,BCBDC9A3DC81B321,18.4,queries/tpch/tpch-queries/q22/v1_materialized.sql,measured,2,2,5,3,0.360,67.348,11,4,7,76290,751,1451690,80960,2,_m;customer;orders,64227,0,0,0,0,0,0
2026-08-18T11:44:07Z,BCBDC9A3DC81B321,18.4,queries/tpch/tpch-queries/q22/v1_materialized.sql,measured,2,3,5,3,0.226,53.893,11,4,7,76290,751,1451690,80960,2,_m;customer;orders,64227,0,0,0,0,0,0
2026-08-18T11:44:07Z,BCBDC9A3DC81B321,18.4,queries/tpch/tpch-queries/q22/v1_materialized.sql,measured,2,4,5,3,0.233,54.152,11,4,7,76290,751,1451690,80960,2,_m;customer;orders,64227,0,0,0,0,0,0
2026-08-18T11:44:07Z,BCBDC9A3DC81B321,18.4,queries/tpch/tpch-queries/q22/v1_materialized.sql,measured,2,5,5,3,0.233,55.191,11,4,7,76290,751,1451690,80960,2,_m;customer;orders,64227,0,0,0,0,0,0
2026-08-18T11:44:07Z,BCBDC9A3DC81B321,18.4,queries/tpch/tpch-queries/q22/v1_materialized.sql,measured,3,1,5,3,1.263,91.215,11,4,7,76290,751,1451690,80960,2,_m;customer;orders,64227,0,0,0,0,0,0
2026-08-18T11:44:07Z,BCBDC9A3DC81B321,18.4,queries/tpch/tpch-queries/q22/v1_materialized.sql,measured,3,2,5,3,0.254,52.854,11,4,7,76290,751,1451690,80960,2,_m;customer;orders,64227,0,0,0,0,0,0
2026-08-18T11:44:07Z,BCBDC9A3DC81B321,18.4,queries/tpch/tpch-queries/q22/v1_materialized.sql,measured,3,3,5,3,0.217,52.977,11,4,7,76290,751,1451690,80960,2,_m;customer;orders,64227,0,0,0,0,0,0
2026-08-18T11:44:07Z,BCBDC9A3DC81B321,18.4,queries/tpch/tpch-queries/q22/v1_materialized.sql,measured,3,4,5,3,0.218,54.250,11,4,7,76290,751,1451690,80960,2,_m;customer;orders,64227,0,0,0,0,0,0
2026-08-18T11:44:07Z,BCBDC9A3DC81B321,18.4,queries/tpch/tpch-queries/q22/v1_materialized.sql,measured,3,5,5,3,0.219,54.663,11,4,7,76290,751,1451690,80960,2,_m;customer;orders,64227,0,0,0,0,0,0
2026-08-18T11:44:07Z,BCBDC9A3DC81B321,18.4,queries/tpch/tpch-queries/q22/v2_anti_join.sql,warmup,1,1,1,3,1.131,136.152,11,3,7,1595284,1,13945212,117560,3,customer;orders,33345,0,0,0,0,0,0
2026-08-18T11:44:07Z,BCBDC9A3DC81B321,18.4,queries/tpch/tpch-queries/q22/v2_anti_join.sql,warmup,2,1,1,3,0.884,102.954,11,3,7,1595284,1,13945212,117560,3,customer;orders,33345,0,0,0,0,0,0
2026-08-18T11:44:08Z,BCBDC9A3DC81B321,18.4,queries/tpch/tpch-queries/q22/v2_anti_join.sql,measured,1,1,5,3,1.414,150.925,11,3,7,1595284,1,13945212,117560,3,customer;orders,33345,0,0,0,0,0,0
2026-08-18T11:44:08Z,BCBDC9A3DC81B321,18.4,queries/tpch/tpch-queries/q22/v2_anti_join.sql,measured,1,2,5,3,0.224,94.860,11,3,7,1595284,1,13945212,117560,3,customer;orders,33342,0,0,0,0,0,0
2026-08-18T11:44:08Z,BCBDC9A3DC81B321,18.4,queries/tpch/tpch-queries/q22/v2_anti_join.sql,measured,1,3,5,3,0.215,98.183,11,3,7,1595284,1,13945212,117560,3,customer;orders,33342,0,0,0,0,0,0
2026-08-18T11:44:08Z,BCBDC9A3DC81B321,18.4,queries/tpch/tpch-queries/q22/v2_anti_join.sql,measured,1,4,5,3,0.223,99.338,11,3,7,1595284,1,13945212,117560,3,customer;orders,33342,0,0,0,0,0,0
2026-08-18T11:44:08Z,BCBDC9A3DC81B321,18.4,queries/tpch/tpch-queries/q22/v2_anti_join.sql,measured,1,5,5,3,0.216,99.259,11,3,7,1595284,1,13945212,117560,3,customer;orders,33342,0,0,0,0,0,0
2026-08-18T11:44:09Z,BCBDC9A3DC81B321,18.4,queries/tpch/tpch-queries/q22/v2_anti_join.sql,measured,2,1,5,3,1.417,160.705,11,3,7,1595284,1,13945212,117560,3,customer;orders,33345,0,0,0,0,0,0
2026-08-18T11:44:09Z,BCBDC9A3DC81B321,18.4,queries/tpch/tpch-queries/q22/v2_anti_join.sql,measured,2,2,5,3,0.224,94.988,11,3,7,1595284,1,13945212,117560,3,customer;orders,33342,0,0,0,0,0,0
2026-08-18T11:44:09Z,BCBDC9A3DC81B321,18.4,queries/tpch/tpch-queries/q22/v2_anti_join.sql,measured,2,3,5,3,0.232,98.867,11,3,7,1595284,1,13945212,117560,3,customer;orders,33342,0,0,0,0,0,0
2026-08-18T11:44:09Z,BCBDC9A3DC81B321,18.4,queries/tpch/tpch-queries/q22/v2_anti_join.sql,measured,2,4,5,3,0.216,98.118,11,3,7,1595284,1,13945212,117560,3,customer;orders,33342,0,0,0,0,0,0
2026-08-18T11:44:09Z,BCBDC9A3DC81B321,18.4,queries/tpch/tpch-queries/q22/v2_anti_join.sql,measured,2,5,5,3,0.224,99.305,11,3,7,1595284,1,13945212,117560,3,customer;orders,33342,0,0,0,0,0,0
2026-08-18T11:44:09Z,BCBDC9A3DC81B321,18.4,queries/tpch/tpch-queries/q22/v2_anti_join.sql,measured,3,1,5,3,1.128,136.664,11,3,7,1595284,1,13945212,117560,3,customer;orders,33345,0,0,0,0,0,0
2026-08-18T11:44:09Z,BCBDC9A3DC81B321,18.4,queries/tpch/tpch-queries/q22/v2_anti_join.sql,measured,3,2,5,3,0.222,96.011,11,3,7,1595284,1,13945212,117560,3,customer;orders,33342,0,0,0,0,0,0
2026-08-18T11:44:09Z,BCBDC9A3DC81B321,18.4,queries/tpch/tpch-queries/q22/v2_anti_join.sql,measured,3,3,5,3,0.214,99.091,11,3,7,1595284,1,13945212,117560,3,customer;orders,33342,0,0,0,0,0,0
2026-08-18T11:44:09Z,BCBDC9A3DC81B321,18.4,queries/tpch/tpch-queries/q22/v2_anti_join.sql,measured,3,4,5,3,0.215,100.280,11,3,7,1595284,1,13945212,117560,3,customer;orders,33342,0,0,0,0,0,0
2026-08-18T11:44:09Z,BCBDC9A3DC81B321,18.4,queries/tpch/tpch-queries/q22/v2_anti_join.sql,measured,3,5,5,3,0.215,100.217,11,3,7,1595284,1,13945212,117560,3,customer;orders,33342,0,0,0,0,0,0
