timestamp_utc,run_id,pg_version,query,phase,batch_index,copy_index,batchnum,runs,server_planning_ms,server_execution_ms,plan_nodes,scan_nodes,rows_out,rows_processed,rows_estimated,bytes_processed,rows_removed_filter,workers_launched,relations,shared_hit_blks,shared_read_blks,shared_dirtied_blks,shared_written_blks,temp_read_blks,temp_written_blks,failed
2026-08-18T13:00:15Z,7DFDA31CCC8D0AA1,18.4,queries/tpch/tpch-queries/q01/base.sql,warmup,1,1,1,3,1.029,1761.710,5,1,4,5916654,6,147929854,16925,4,lineitem,28,112600,0,0,0,0,0
2026-08-18T13:00:17Z,7DFDA31CCC8D0AA1,18.4,queries/tpch/tpch-queries/q01/base.sql,warmup,2,1,1,3,0.837,1645.779,5,1,4,5916654,6,147929854,16925,4,lineitem,112628,0,0,0,0,0,0
2026-08-18T13:00:26Z,7DFDA31CCC8D0AA1,18.4,queries/tpch/tpch-queries/q01/base.sql,measured,1,1,5,3,1.415,1717.117,5,1,4,5916654,6,147929854,16925,4,lineitem,112628,0,0,0,0,0,0
2026-08-18T13:00:26Z,7DFDA31CCC8D0AA1,18.4,queries/tpch/tpch-queries/q01/base.sql,measured,1,2,5,3,0.171,1708.044,5,1,4,5916654,6,147929854,16925,4,lineitem,112628,0,0,0,0,0,0
2026-08-18T13:00:26Z,7DFDA31CCC8D0AA1,18.4,queries/tpch/tpch-queries/q01/base.sql,measured,1,3,5,3,0.169,1704.565,5,1,4,5916654,6,147929854,16925,4,lineitem,112628,0,0,0,0,0,0
2026-08-18T13:00:26Z,7DFDA31CCC8D0AA1,18.4,queries/tpch/tpch-queries/q01/base.sql,measured,1,4,5,3,0.169,1702.012,5,1,4,5916654,6,147929854,16925,4,lineitem,112628,0,0,0,0,0,0
2026-08-18T13:00:26Z,7DFDA31CCC8D0AA1,18.4,queries/tpch/tpch-queries/q01/base.sql,measured,1,5,5,3,0.185,1703.688,5,1,4,5916654,6,147929854,16925,4,lineitem,112628,0,0,0,0,0,0
2026-08-18T13:00:34Z,7DFDA31CCC8D0AA1,18.4,queries/tpch/tpch-queries/q01/base.sql,measured,2,1,5,3,1.276,1715.362,5,1,4,5916654,6,147929854,16925,4,lineitem,112628,0,0,0,0,0,0
2026-08-18T13:00:34Z,7DFDA31CCC8D0AA1,18.4,queries/tpch/tpch-queries/q01/base.sql,measured,2,2,5,3,0.169,1704.001,5,1,4,5916654,6,147929854,16925,4,lineitem,112628,0,0,0,0,0,0
2026-08-18T13:00:34Z,7DFDA31CCC8D0AA1,18.4,queries/tpch/tpch-queries/q01/base.sql,measured,2,3,5,3,0.169,1701.426,5,1,4,5916654,6,147929854,16925,4,lineitem,112628,0,0,0,0,0,0
2026-08-18T13:00:34Z,7DFDA31CCC8D0AA1,18.4,queries/tpch/tpch-queries/q01/base.sql,measured,2,4,5,3,0.164,1696.632,5,1,4,5916654,6,147929854,16925,4,lineitem,112628,0,0,0,0,0,0
2026-08-18T13:00:34Z,7DFDA31CCC8D0AA1,18.4,queries/tpch/tpch-queries/q01/base.sql,measured,2,5,5,3,0.170,1705.408,5,1,4,5916654,6,147929854,16925,4,lineitem,112628,0,0,0,0,0,0
2026-08-18T13:00:43Z,7DFDA31CCC8D0AA1,18.4,queries/tpch/tpch-queries/q01/base.sql,measured,3,1,5,3,0.967,1708.008,5,1,4,5916654,6,147929854,16925,4,lineitem,112628,0,0,0,0,0,0
2026-08-18T13:00:43Z,7DFDA31CCC8D0AA1,18.4,queries/tpch/tpch-queries/q01/base.sql,measured,3,2,5,3,0.166,1714.717,5,1,4,5916654,6,147929854,16925,4,lineitem,112628,0,0,0,0,0,0
2026-08-18T13:00:43Z,7DFDA31CCC8D0AA1,18.4,queries/tpch/tpch-queries/q01/base.sql,measured,3,3,5,3,0.169,1700.759,5,1,4,5916654,6,147929854,16925,4,lineitem,112628,0,0,0,0,0,0
2026-08-18T13:00:43Z,7DFDA31CCC8D0AA1,18.4,queries/tpch/tpch-queries/q01/base.sql,measured,3,4,5,3,0.194,1702.872,5,1,4,5916654,6,147929854,16925,4,lineitem,112628,0,0,0,0,0,0
2026-08-18T13:00:43Z,7DFDA31CCC8D0AA1,18.4,queries/tpch/tpch-queries/q01/base.sql,measured,3,5,5,3,0.168,1699.803,5,1,4,5916654,6,147929854,16925,4,lineitem,112628,0,0,0,0,0,0
2026-08-18T13:00:45Z,7DFDA31CCC8D0AA1,18.4,queries/tpch/tpch-queries/q01/v1_materialized.sql,warmup,1,1,1,3,1.282,1705.798,6,2,4,5916658,6,147930846,16925,4,_m;lineitem,112628,0,0,0,0,0,0
2026-08-18T13:00:47Z,7DFDA31CCC8D0AA1,18.4,queries/tpch/tpch-queries/q01/v1_materialized.sql,warmup,2,1,1,3,1.797,1712.749,6,2,4,5916658,6,147930846,16925,4,_m;lineitem,112628,0,0,0,0,0,0
2026-08-18T13:00:55Z,7DFDA31CCC8D0AA1,18.4,queries/tpch/tpch-queries/q01/v1_materialized.sql,measured,1,1,5,3,1.695,1711.162,6,2,4,5916658,6,147930846,16925,4,_m;lineitem,112628,0,0,0,0,0,0
2026-08-18T13:00:55Z,7DFDA31CCC8D0AA1,18.4,queries/tpch/tpch-queries/q01/v1_materialized.sql,measured,1,2,5,3,0.194,1702.362,6,2,4,5916658,6,147930846,16925,4,_m;lineitem,112628,0,0,0,0,0,0
2026-08-18T13:00:55Z,7DFDA31CCC8D0AA1,18.4,queries/tpch/tpch-queries/q01/v1_materialized.sql,measured,1,3,5,3,0.192,1699.158,6,2,4,5916658,6,147930846,16925,4,_m;lineitem,112628,0,0,0,0,0,0
2026-08-18T13:00:55Z,7DFDA31CCC8D0AA1,18.4,queries/tpch/tpch-queries/q01/v1_materialized.sql,measured,1,4,5,3,0.193,1705.368,6,2,4,5916658,6,147930846,16925,4,_m;lineitem,112628,0,0,0,0,0,0
2026-08-18T13:00:55Z,7DFDA31CCC8D0AA1,18.4,queries/tpch/tpch-queries/q01/v1_materialized.sql,measured,1,5,5,3,0.190,1704.130,6,2,4,5916658,6,147930846,16925,4,_m;lineitem,112628,0,0,0,0,0,0
2026-08-18T13:01:04Z,7DFDA31CCC8D0AA1,18.4,queries/tpch/tpch-queries/q01/v1_materialized.sql,measured,2,1,5,3,1.320,1715.728,6,2,4,5916658,6,147930846,16925,4,_m;lineitem,112628,0,0,0,0,0,0
2026-08-18T13:01:04Z,7DFDA31CCC8D0AA1,18.4,queries/tpch/tpch-queries/q01/v1_materialized.sql,measured,2,2,5,3,0.193,1704.901,6,2,4,5916658,6,147930846,16925,4,_m;lineitem,112628,0,0,0,0,0,0
2026-08-18T13:01:04Z,7DFDA31CCC8D0AA1,18.4,queries/tpch/tpch-queries/q01/v1_materialized.sql,measured,2,3,5,3,0.193,1706.307,6,2,4,5916658,6,147930846,16925,4,_m;lineitem,112628,0,0,0,0,0,0
2026-08-18T13:01:04Z,7DFDA31CCC8D0AA1,18.4,queries/tpch/tpch-queries/q01/v1_materialized.sql,measured,2,4,5,3,0.192,1705.541,6,2,4,5916658,6,147930846,16925,4,_m;lineitem,112628,0,0,0,0,0,0
2026-08-18T13:01:04Z,7DFDA31CCC8D0AA1,18.4,queries/tpch/tpch-queries/q01/v1_materialized.sql,measured,2,5,5,3,0.194,1705.142,6,2,4,5916658,6,147930846,16925,4,_m;lineitem,112628,0,0,0,0,0,0
2026-08-18T13:01:12Z,7DFDA31CCC8D0AA1,18.4,queries/tpch/tpch-queries/q01/v1_materialized.sql,measured,3,1,5,3,1.139,1703.313,6,2,4,5916658,6,147930846,16925,4,_m;lineitem,112628,0,0,0,0,0,0
2026-08-18T13:01:12Z,7DFDA31CCC8D0AA1,18.4,queries/tpch/tpch-queries/q01/v1_materialized.sql,measured,3,2,5,3,0.194,1702.762,6,2,4,5916658,6,147930846,16925,4,_m;lineitem,112628,0,0,0,0,0,0
2026-08-18T13:01:12Z,7DFDA31CCC8D0AA1,18.4,queries/tpch/tpch-queries/q01/v1_materialized.sql,measured,3,3,5,3,0.192,1706.629,6,2,4,5916658,6,147930846,16925,4,_m;lineitem,112628,0,0,0,0,0,0
2026-08-18T13:01:12Z,7DFDA31CCC8D0AA1,18.4,queries/tpch/tpch-queries/q01/v1_materialized.sql,measured,3,4,5,3,0.194,1701.075,6,2,4,5916658,6,147930846,16925,4,_m;lineitem,112628,0,0,0,0,0,0
2026-08-18T13:01:12Z,7DFDA31CCC8D0AA1,18.4,queries/tpch/tpch-queries/q01/v1_materialized.sql,measured,3,5,5,3,0.190,1704.624,6,2,4,5916658,6,147930846,16925,4,_m;lineitem,112628,0,0,0,0,0,0
2026-08-18T13:01:13Z,7DFDA31CCC8D0AA1,18.4,queries/tpch/tpch-queries/q02/base.sql,warmup,1,1,1,3,4.654,347.876,23,10,100,521979,1,59100592,3168,0,part;ixtest_part_size;supplier;nation;region;partsupp,176427,21536,0,0,0,0,0
2026-08-18T13:01:13Z,7DFDA31CCC8D0AA1,18.4,queries/tpch/tpch-queries/q02/base.sql,warmup,2,1,1,3,2.184,180.866,23,10,100,521979,1,59100592,3168,0,part;ixtest_part_size;supplier;nation;region;partsupp,197963,0,0,0,0,0,0
2026-08-18T13:01:14Z,7DFDA31CCC8D0AA1,18.4,queries/tpch/tpch-queries/q02/base.sql,measured,1,1,5,3,2.213,187.199,23,10,100,521979,1,59100592,3168,0,part;ixtest_part_size;supplier;nation;region;partsupp,197963,0,0,0,0,0,0
2026-08-18T13:01:14Z,7DFDA31CCC8D0AA1,18.4,queries/tpch/tpch-queries/q02/base.sql,measured,1,2,5,3,0.900,161.496,23,10,100,521979,1,59100592,3168,0,part;ixtest_part_size;supplier;nation;region;partsupp,197954,0,0,0,0,0,0
2026-08-18T13:01:14Z,7DFDA31CCC8D0AA1,18.4,queries/tpch/tpch-queries/q02/base.sql,measured,1,3,5,3,0.895,159.676,23,10,100,521979,1,59100592,3168,0,part;ixtest_part_size;supplier;nation;region;partsupp,197954,0,0,0,0,0,0
2026-08-18T13:01:14Z,7DFDA31CCC8D0AA1,18.4,queries/tpch/tpch-queries/q02/base.sql,measured,1,4,5,3,0.890,157.072,23,10,100,521979,1,59100592,3168,0,part;ixtest_part_size;supplier;nation;region;partsupp,197954,0,0,0,0,0,0
2026-08-18T13:01:14Z,7DFDA31CCC8D0AA1,18.4,queries/tpch/tpch-queries/q02/base.sql,measured,1,5,5,3,0.888,157.162,23,10,100,521979,1,59100592,3168,0,part;ixtest_part_size;supplier;nation;region;partsupp,197954,0,0,0,0,0,0
2026-08-18T13:01:15Z,7DFDA31CCC8D0AA1,18.4,queries/tpch/tpch-queries/q02/base.sql,measured,2,1,5,3,2.191,183.640,23,10,100,521979,1,59100592,3168,0,part;ixtest_part_size;supplier;nation;region;partsupp,197963,0,0,0,0,0,0
2026-08-18T13:01:15Z,7DFDA31CCC8D0AA1,18.4,queries/tpch/tpch-queries/q02/base.sql,measured,2,2,5,3,0.905,164.872,23,10,100,521979,1,59100592,3168,0,part;ixtest_part_size;supplier;nation;region;partsupp,197954,0,0,0,0,0,0
2026-08-18T13:01:15Z,7DFDA31CCC8D0AA1,18.4,queries/tpch/tpch-queries/q02/base.sql,measured,2,3,5,3,0.920,161.210,23,10,100,521979,1,59100592,3168,0,part;ixtest_part_size;supplier;nation;region;partsupp,197954,0,0,0,0,0,0
2026-08-18T13:01:15Z,7DFDA31CCC8D0AA1,18.4,queries/tpch/tpch-queries/q02/base.sql,measured,2,4,5,3,0.889,160.400,23,10,100,521979,1,59100592,3168,0,part;ixtest_part_size;supplier;nation;region;partsupp,197954,0,0,0,0,0,0
2026-08-18T13:01:15Z,7DFDA31CCC8D0AA1,18.4,queries/tpch/tpch-queries/q02/base.sql,measured,2,5,5,3,0.888,161.024,23,10,100,521979,1,59100592,3168,0,part;ixtest_part_size;supplier;nation;region;partsupp,197954,0,0,0,0,0,0
2026-08-18T13:01:16Z,7DFDA31CCC8D0AA1,18.4,queries/tpch/tpch-queries/q02/base.sql,measured,3,1,5,3,2.186,181.982,23,10,100,521979,1,59100592,3168,0,part;ixtest_part_size;supplier;nation;region;partsupp,197963,0,0,0,0,0,0
2026-08-18T13:01:16Z,7DFDA31CCC8D0AA1,18.4,queries/tpch/tpch-queries/q02/base.sql,measured,3,2,5,3,0.908,161.144,23,10,100,521979,1,59100592,3168,0,part;ixtest_part_size;supplier;nation;region;partsupp,197954,0,0,0,0,0,0
2026-08-18T13:01:16Z,7DFDA31CCC8D0AA1,18.4,queries/tpch/tpch-queries/q02/base.sql,measured,3,3,5,3,0.881,159.013,23,10,100,521979,1,59100592,3168,0,part;ixtest_part_size;supplier;nation;region;partsupp,197954,0,0,0,0,0,0
2026-08-18T13:01:16Z,7DFDA31CCC8D0AA1,18.4,queries/tpch/tpch-queries/q02/base.sql,measured,3,4,5,3,0.892,156.860,23,10,100,521979,1,59100592,3168,0,part;ixtest_part_size;supplier;nation;region;partsupp,197954,0,0,0,0,0,0
2026-08-18T13:01:16Z,7DFDA31CCC8D0AA1,18.4,queries/tpch/tpch-queries/q02/base.sql,measured,3,5,5,3,0.891,162.055,23,10,100,521979,1,59100592,3168,0,part;ixtest_part_size;supplier;nation;region;partsupp,197954,0,0,0,0,0,0
2026-08-18T13:01:16Z,7DFDA31CCC8D0AA1,18.4,queries/tpch/tpch-queries/q02/v1_materialized.sql,warmup,1,1,1,3,1.992,217.458,24,12,100,516404,1,58380442,3168,0,part;ixtest_part_size;nation;region;supplier;ixtest_supplier_nationkey;partsupp;_m,198694,5,0,0,0,0,0
2026-08-18T13:01:17Z,7DFDA31CCC8D0AA1,18.4,queries/tpch/tpch-queries/q02/v1_materialized.sql,warmup,2,1,1,3,2.351,219.114,24,12,100,516404,1,58380442,3168,0,part;ixtest_part_size;nation;region;supplier;ixtest_supplier_nationkey;partsupp;_m,198699,0,0,0,0,0,0
2026-08-18T13:01:18Z,7DFDA31CCC8D0AA1,18.4,queries/tpch/tpch-queries/q02/v1_materialized.sql,measured,1,1,5,3,2.037,221.055,24,12,100,516404,1,58380442,3168,0,part;ixtest_part_size;nation;region;supplier;ixtest_supplier_nationkey;partsupp;_m,198699,0,0,0,0,0,0
2026-08-18T13:01:18Z,7DFDA31CCC8D0AA1,18.4,queries/tpch/tpch-queries/q02/v1_materialized.sql,measured,1,2,5,3,0.818,184.925,24,12,100,516404,1,58380442,3168,0,part;ixtest_part_size;nation;region;supplier;ixtest_supplier_nationkey;partsupp;_m,198690,0,0,0,0,0,0
2026-08-18T13:01:18Z,7DFDA31CCC8D0AA1,18.4,queries/tpch/tpch-queries/q02/v1_materialized.sql,measured,1,3,5,3,0.795,182.230,24,12,100,516404,1,58380442,3168,0,part;ixtest_part_size;nation;region;supplier;ixtest_supplier_nationkey;partsupp;_m,198690,0,0,0,0,0,0
2026-08-18T13:01:18Z,7DFDA31CCC8D0AA1,18.4,queries/tpch/tpch-queries/q02/v1_materialized.sql,measured,1,4,5,3,0.770,181.123,24,12,100,516404,1,58380442,3168,0,part;ixtest_part_size;nation;region;supplier;ixtest_supplier_nationkey;partsupp;_m,198690,0,0,0,0,0,0
2026-08-18T13:01:18Z,7DFDA31CCC8D0AA1,18.4,queries/tpch/tpch-queries/q02/v1_materialized.sql,measured,1,5,5,3,0.791,183.454,24,12,100,516404,1,58380442,3168,0,part;ixtest_part_size;nation;region;supplier;ixtest_supplier_nationkey;partsupp;_m,198690,0,0,0,0,0,0
2026-08-18T13:01:19Z,7DFDA31CCC8D0AA1,18.4,queries/tpch/tpch-queries/q02/v1_materialized.sql,measured,2,1,5,3,2.035,214.959,24,12,100,516404,1,58380442,3168,0,part;ixtest_part_size;nation;region;supplier;ixtest_supplier_nationkey;partsupp;_m,198699,0,0,0,0,0,0
2026-08-18T13:01:19Z,7DFDA31CCC8D0AA1,18.4,queries/tpch/tpch-queries/q02/v1_materialized.sql,measured,2,2,5,3,0.841,187.172,24,12,100,516404,1,58380442,3168,0,part;ixtest_part_size;nation;region;supplier;ixtest_supplier_nationkey;partsupp;_m,198690,0,0,0,0,0,0
2026-08-18T13:01:19Z,7DFDA31CCC8D0AA1,18.4,queries/tpch/tpch-queries/q02/v1_materialized.sql,measured,2,3,5,3,0.762,182.453,24,12,100,516404,1,58380442,3168,0,part;ixtest_part_size;nation;region;supplier;ixtest_supplier_nationkey;partsupp;_m,198690,0,0,0,0,0,0
2026-08-18T13:01:19Z,7DFDA31CCC8D0AA1,18.4,queries/tpch/tpch-queries/q02/v1_materialized.sql,measured,2,4,5,3,0.768,179.603,24,12,100,516404,1,58380442,3168,0,part;ixtest_part_size;nation;region;supplier;ixtest_supplier_nationkey;partsupp;_m,198690,0,0,0,0,0,0
2026-08-18T13:01:19Z,7DFDA31CCC8D0AA1,18.4,queries/tpch/tpch-queries/q02/v1_materialized.sql,measured,2,5,5,3,0.771,182.333,24,12,100,516404,1,58380442,3168,0,part;ixtest_part_size;nation;region;supplier;ixtest_supplier_nationkey;partsupp;_m,198690,0,0,0,0,0,0
2026-08-18T13:01:20Z,7DFDA31CCC8D0AA1,18.4,queries/tpch/tpch-queries/q02/v1_materialized.sql,measured,3,1,5,3,2.037,216.968,24,12,100,516404,1,58380442,3168,0,part;ixtest_part_size;nation;region;supplier;ixtest_supplier_nationkey;partsupp;_m,198699,0,0,0,0,0,0
2026-08-18T13:01:20Z,7DFDA31CCC8D0AA1,18.4,queries/tpch/tpch-queries/q02/v1_materialized.sql,measured,3,2,5,3,0.821,182.820,24,12,100,516404,1,58380442,3168,0,part;ixtest_part_size;nation;region;supplier;ixtest_supplier_nationkey;partsupp;_m,198690,0,0,0,0,0,0
2026-08-18T13:01:20Z,7DFDA31CCC8D0AA1,18.4,queries/tpch/tpch-queries/q02/v1_materialized.sql,measured,3,3,5,3,0.786,183.965,24,12,100,516404,1,58380442,3168,0,part;ixtest_part_size;nation;region;supplier;ixtest_supplier_nationkey;partsupp;_m,198690,0,0,0,0,0,0
2026-08-18T13:01:20Z,7DFDA31CCC8D0AA1,18.4,queries/tpch/tpch-queries/q02/v1_materialized.sql,measured,3,4,5,3,0.805,180.192,24,12,100,516404,1,58380442,3168,0,part;ixtest_part_size;nation;region;supplier;ixtest_supplier_nationkey;partsupp;_m,198690,0,0,0,0,0,0
2026-08-18T13:01:20Z,7DFDA31CCC8D0AA1,18.4,queries/tpch/tpch-queries/q02/v1_materialized.sql,measured,3,5,5,3,0.776,180.294,24,12,100,516404,1,58380442,3168,0,part;ixtest_part_size;nation;region;supplier;ixtest_supplier_nationkey;partsupp;_m,198690,0,0,0,0,0,0
2026-08-18T13:01:20Z,7DFDA31CCC8D0AA1,18.4,queries/tpch/tpch-queries/q02/v2_decorrelate.sql,warmup,1,1,1,3,2.944,208.627,25,11,100,452023,1,8826712,3171,0,region;nation;supplier;ixtest_supplier_nationkey;partsupp;part;ixtest_part_size,171708,0,0,0,0,0,0
2026-08-18T13:01:20Z,7DFDA31CCC8D0AA1,18.4,queries/tpch/tpch-queries/q02/v2_decorrelate.sql,warmup,2,1,1,3,3.275,217.934,25,11,100,452023,1,8826712,3171,0,region;nation;supplier;ixtest_supplier_nationkey;partsupp;part;ixtest_part_size,171708,0,0,0,0,0,0
2026-08-18T13:01:22Z,7DFDA31CCC8D0AA1,18.4,queries/tpch/tpch-queries/q02/v2_decorrelate.sql,measured,1,1,5,3,2.938,215.912,25,11,100,452023,1,8826712,3171,0,region;nation;supplier;ixtest_supplier_nationkey;partsupp;part;ixtest_part_size,171708,0,0,0,0,0,0
2026-08-18T13:01:22Z,7DFDA31CCC8D0AA1,18.4,queries/tpch/tpch-queries/q02/v2_decorrelate.sql,measured,1,2,5,3,2.034,212.508,25,11,100,452023,1,8826712,3171,0,region;nation;supplier;ixtest_supplier_nationkey;partsupp;part;ixtest_part_size,171699,0,0,0,0,0,0
2026-08-18T13:01:22Z,7DFDA31CCC8D0AA1,18.4,queries/tpch/tpch-queries/q02/v2_decorrelate.sql,measured,1,3,5,3,1.932,206.096,25,11,100,452023,1,8826712,3171,0,region;nation;supplier;ixtest_supplier_nationkey;partsupp;part;ixtest_part_size,171699,0,0,0,0,0,0
2026-08-18T13:01:22Z,7DFDA31CCC8D0AA1,18.4,queries/tpch/tpch-queries/q02/v2_decorrelate.sql,measured,1,4,5,3,1.890,207.234,25,11,100,452023,1,8826712,3171,0,region;nation;supplier;ixtest_supplier_nationkey;partsupp;part;ixtest_part_size,171699,0,0,0,0,0,0
2026-08-18T13:01:22Z,7DFDA31CCC8D0AA1,18.4,queries/tpch/tpch-queries/q02/v2_decorrelate.sql,measured,1,5,5,3,1.913,204.550,25,11,100,452023,1,8826712,3171,0,region;nation;supplier;ixtest_supplier_nationkey;partsupp;part;ixtest_part_size,171699,0,0,0,0,0,0
2026-08-18T13:01:23Z,7DFDA31CCC8D0AA1,18.4,queries/tpch/tpch-queries/q02/v2_decorrelate.sql,measured,2,1,5,3,2.947,211.481,25,11,100,452023,1,8826712,3171,0,region;nation;supplier;ixtest_supplier_nationkey;partsupp;part;ixtest_part_size,171708,0,0,0,0,0,0
2026-08-18T13:01:23Z,7DFDA31CCC8D0AA1,18.4,queries/tpch/tpch-queries/q02/v2_decorrelate.sql,measured,2,2,5,3,2.029,207.160,25,11,100,452023,1,8826712,3171,0,region;nation;supplier;ixtest_supplier_nationkey;partsupp;part;ixtest_part_size,171699,0,0,0,0,0,0
2026-08-18T13:01:23Z,7DFDA31CCC8D0AA1,18.4,queries/tpch/tpch-queries/q02/v2_decorrelate.sql,measured,2,3,5,3,1.884,215.151,25,11,100,452023,1,8826712,3171,0,region;nation;supplier;ixtest_supplier_nationkey;partsupp;part;ixtest_part_size,171699,0,0,0,0,0,0
2026-08-18T13:01:23Z,7DFDA31CCC8D0AA1,18.4,queries/tpch/tpch-queries/q02/v2_decorrelate.sql,measured,2,4,5,3,2.006,207.500,25,11,100,452023,1,8826712,3171,0,region;nation;supplier;ixtest_supplier_nationkey;partsupp;part;ixtest_part_size,171699,0,0,0,0,0,0
2026-08-18T13:01:23Z,7DFDA31CCC8D0AA1,18.4,queries/tpch/tpch-queries/q02/v2_decorrelate.sql,measured,2,5,5,3,1.894,205.643,25,11,100,452023,1,8826712,3171,0,region;nation;supplier;ixtest_supplier_nationkey;partsupp;part;ixtest_part_size,171699,0,0,0,0,0,0
2026-08-18T13:01:24Z,7DFDA31CCC8D0AA1,18.4,queries/tpch/tpch-queries/q02/v2_decorrelate.sql,measured,3,1,5,3,2.944,213.348,25,11,100,452023,1,8826712,3171,0,region;nation;supplier;ixtest_supplier_nationkey;partsupp;part;ixtest_part_size,171708,0,0,0,0,0,0
2026-08-18T13:01:24Z,7DFDA31CCC8D0AA1,18.4,queries/tpch/tpch-queries/q02/v2_decorrelate.sql,measured,3,2,5,3,1.999,209.985,25,11,100,452023,1,8826712,3171,0,region;nation;supplier;ixtest_supplier_nationkey;partsupp;part;ixtest_part_size,171699,0,0,0,0,0,0
2026-08-18T13:01:24Z,7DFDA31CCC8D0AA1,18.4,queries/tpch/tpch-queries/q02/v2_decorrelate.sql,measured,3,3,5,3,1.942,209.684,25,11,100,452023,1,8826712,3171,0,region;nation;supplier;ixtest_supplier_nationkey;partsupp;part;ixtest_part_size,171699,0,0,0,0,0,0
2026-08-18T13:01:24Z,7DFDA31CCC8D0AA1,18.4,queries/tpch/tpch-queries/q02/v2_decorrelate.sql,measured,3,4,5,3,1.968,203.004,25,11,100,452023,1,8826712,3171,0,region;nation;supplier;ixtest_supplier_nationkey;partsupp;part;ixtest_part_size,171699,0,0,0,0,0,0
2026-08-18T13:01:24Z,7DFDA31CCC8D0AA1,18.4,queries/tpch/tpch-queries/q02/v2_decorrelate.sql,measured,3,5,5,3,1.886,203.992,25,11,100,452023,1,8826712,3171,0,region;nation;supplier;ixtest_supplier_nationkey;partsupp;part;ixtest_part_size,171699,0,0,0,0,0,0
2026-08-18T13:01:24Z,7DFDA31CCC8D0AA1,18.4,queries/tpch/tpch-queries/q03/base.sql,warmup,1,1,1,3,1.785,320.678,11,4,10,1037525,10,15620472,193178,3,orders;customer;ixtest_customer_mktseg;lineitem,587364,39260,0,0,0,0,0
2026-08-18T13:01:25Z,7DFDA31CCC8D0AA1,18.4,queries/tpch/tpch-queries/q03/base.sql,warmup,2,1,1,3,1.954,270.112,11,4,10,1037527,10,15620480,193178,3,orders;customer;ixtest_customer_mktseg;lineitem,626624,0,0,0,0,0,0
2026-08-18T13:01:26Z,7DFDA31CCC8D0AA1,18.4,queries/tpch/tpch-queries/q03/base.sql,measured,1,1,5,3,1.947,283.180,11,4,10,1037527,10,15620480,193178,3,orders;customer;ixtest_customer_mktseg;lineitem,626624,0,0,0,0,0,0
2026-08-18T13:01:26Z,7DFDA31CCC8D0AA1,18.4,queries/tpch/tpch-queries/q03/base.sql,measured,1,2,5,3,0.429,229.013,11,4,10,1037527,10,15620480,193178,3,orders;customer;ixtest_customer_mktseg;lineitem,626618,0,0,0,0,0,0
2026-08-18T13:01:26Z,7DFDA31CCC8D0AA1,18.4,queries/tpch/tpch-queries/q03/base.sql,measured,1,3,5,3,0.436,222.819,11,4,10,1037527,10,15620480,193178,3,orders;customer;ixtest_customer_mktseg;lineitem,626618,0,0,0,0,0,0
2026-08-18T13:01:26Z,7DFDA31CCC8D0AA1,18.4,queries/tpch/tpch-queries/q03/base.sql,measured,1,4,5,3,0.426,223.927,11,4,10,1037527,10,15620480,193178,3,orders;customer;ixtest_customer_mktseg;lineitem,626618,0,0,0,0,0,0
2026-08-18T13:01:26Z,7DFDA31CCC8D0AA1,18.4,queries/tpch/tpch-queries/q03/base.sql,measured,1,5,5,3,0.427,223.171,11,4,10,1037527,10,15620480,193178,3,orders;customer;ixtest_customer_mktseg;lineitem,626618,0,0,0,0,0,0
2026-08-18T13:01:27Z,7DFDA31CCC8D0AA1,18.4,queries/tpch/tpch-queries/q03/base.sql,measured,2,1,5,3,1.517,265.912,11,4,10,1037527,10,15620480,193178,3,orders;customer;ixtest_customer_mktseg;lineitem,626624,0,0,0,0,0,0
2026-08-18T13:01:27Z,7DFDA31CCC8D0AA1,18.4,queries/tpch/tpch-queries/q03/base.sql,measured,2,2,5,3,0.425,228.884,11,4,10,1037527,10,15620480,193178,3,orders;customer;ixtest_customer_mktseg;lineitem,626618,0,0,0,0,0,0
2026-08-18T13:01:27Z,7DFDA31CCC8D0AA1,18.4,queries/tpch/tpch-queries/q03/base.sql,measured,2,3,5,3,0.427,225.764,11,4,10,1037527,10,15620480,193178,3,orders;customer;ixtest_customer_mktseg;lineitem,626618,0,0,0,0,0,0
2026-08-18T13:01:27Z,7DFDA31CCC8D0AA1,18.4,queries/tpch/tpch-queries/q03/base.sql,measured,2,4,5,3,0.427,223.438,11,4,10,1037527,10,15620480,193178,3,orders;customer;ixtest_customer_mktseg;lineitem,626618,0,0,0,0,0,0
2026-08-18T13:01:27Z,7DFDA31CCC8D0AA1,18.4,queries/tpch/tpch-queries/q03/base.sql,measured,2,5,5,3,0.418,223.549,11,4,10,1037527,10,15620480,193178,3,orders;customer;ixtest_customer_mktseg;lineitem,626618,0,0,0,0,0,0
2026-08-18T13:01:29Z,7DFDA31CCC8D0AA1,18.4,queries/tpch/tpch-queries/q03/base.sql,measured,3,1,5,3,1.636,275.796,11,4,10,1037527,10,15620480,193178,3,orders;customer;ixtest_customer_mktseg;lineitem,626624,0,0,0,0,0,0
2026-08-18T13:01:29Z,7DFDA31CCC8D0AA1,18.4,queries/tpch/tpch-queries/q03/base.sql,measured,3,2,5,3,0.571,230.019,11,4,10,1037527,10,15620480,193178,3,orders;customer;ixtest_customer_mktseg;lineitem,626618,0,0,0,0,0,0
2026-08-18T13:01:29Z,7DFDA31CCC8D0AA1,18.4,queries/tpch/tpch-queries/q03/base.sql,measured,3,3,5,3,0.432,226.651,11,4,10,1037527,10,15620480,193178,3,orders;customer;ixtest_customer_mktseg;lineitem,626618,0,0,0,0,0,0
2026-08-18T13:01:29Z,7DFDA31CCC8D0AA1,18.4,queries/tpch/tpch-queries/q03/base.sql,measured,3,4,5,3,0.427,239.845,11,4,10,1037527,10,15620480,193178,3,orders;customer;ixtest_customer_mktseg;lineitem,626618,0,0,0,0,0,0
2026-08-18T13:01:29Z,7DFDA31CCC8D0AA1,18.4,queries/tpch/tpch-queries/q03/base.sql,measured,3,5,5,3,0.423,225.082,11,4,10,1037527,10,15620480,193178,3,orders;customer;ixtest_customer_mktseg;lineitem,626618,0,0,0,0,0,0
2026-08-18T13:01:29Z,7DFDA31CCC8D0AA1,18.4,queries/tpch/tpch-queries/q03/v1_materialized.sql,warmup,1,1,1,3,1.680,278.538,12,5,10,1049147,10,16131760,193178,3,orders;customer;ixtest_customer_mktseg;lineitem;_m,626624,0,0,0,0,0,0
2026-08-18T13:01:29Z,7DFDA31CCC8D0AA1,18.4,queries/tpch/tpch-queries/q03/v1_materialized.sql,warmup,2,1,1,3,1.644,279.576,12,5,10,1049147,10,16131760,193178,3,orders;customer;ixtest_customer_mktseg;lineitem;_m,626624,0,0,0,0,0,0
2026-08-18T13:01:31Z,7DFDA31CCC8D0AA1,18.4,queries/tpch/tpch-queries/q03/v1_materialized.sql,measured,1,1,5,3,1.785,287.932,12,5,10,1049147,10,16131760,193178,3,orders;customer;ixtest_customer_mktseg;lineitem;_m,626624,0,0,0,0,0,0
2026-08-18T13:01:31Z,7DFDA31CCC8D0AA1,18.4,queries/tpch/tpch-queries/q03/v1_materialized.sql,measured,1,2,5,3,0.395,236.855,12,5,10,1049147,10,16131760,193178,3,orders;customer;ixtest_customer_mktseg;lineitem;_m,626618,0,0,0,0,0,0
2026-08-18T13:01:31Z,7DFDA31CCC8D0AA1,18.4,queries/tpch/tpch-queries/q03/v1_materialized.sql,measured,1,3,5,3,0.446,226.085,12,5,10,1049147,10,16131760,193178,3,orders;customer;ixtest_customer_mktseg;lineitem;_m,626618,0,0,0,0,0,0
2026-08-18T13:01:31Z,7DFDA31CCC8D0AA1,18.4,queries/tpch/tpch-queries/q03/v1_materialized.sql,measured,1,4,5,3,0.404,227.780,12,5,10,1049147,10,16131760,193178,3,orders;customer;ixtest_customer_mktseg;lineitem;_m,626618,0,0,0,0,0,0
2026-08-18T13:01:31Z,7DFDA31CCC8D0AA1,18.4,queries/tpch/tpch-queries/q03/v1_materialized.sql,measured,1,5,5,3,0.399,228.128,12,5,10,1049147,10,16131760,193178,3,orders;customer;ixtest_customer_mktseg;lineitem;_m,626618,0,0,0,0,0,0
2026-08-18T13:01:32Z,7DFDA31CCC8D0AA1,18.4,queries/tpch/tpch-queries/q03/v1_materialized.sql,measured,2,1,5,3,1.643,278.218,12,5,10,1049147,10,16131760,193178,3,orders;customer;ixtest_customer_mktseg;lineitem;_m,626624,0,0,0,0,0,0
2026-08-18T13:01:32Z,7DFDA31CCC8D0AA1,18.4,queries/tpch/tpch-queries/q03/v1_materialized.sql,measured,2,2,5,3,0.393,234.217,12,5,10,1049147,10,16131760,193178,3,orders;customer;ixtest_customer_mktseg;lineitem;_m,626618,0,0,0,0,0,0
2026-08-18T13:01:32Z,7DFDA31CCC8D0AA1,18.4,queries/tpch/tpch-queries/q03/v1_materialized.sql,measured,2,3,5,3,0.399,230.593,12,5,10,1049147,10,16131760,193178,3,orders;customer;ixtest_customer_mktseg;lineitem;_m,626618,0,0,0,0,0,0
2026-08-18T13:01:32Z,7DFDA31CCC8D0AA1,18.4,queries/tpch/tpch-queries/q03/v1_materialized.sql,measured,2,4,5,3,0.399,231.633,12,5,10,1049147,10,16131760,193178,3,orders;customer;ixtest_customer_mktseg;lineitem;_m,626618,0,0,0,0,0,0
2026-08-18T13:01:32Z,7DFDA31CCC8D0AA1,18.4,queries/tpch/tpch-queries/q03/v1_materialized.sql,measured,2,5,5,3,0.406,231.227,12,5,10,1049147,10,16131760,193178,3,orders;customer;ixtest_customer_mktseg;lineitem;_m,626618,0,0,0,0,0,0
2026-08-18T13:01:33Z,7DFDA31CCC8D0AA1,18.4,queries/tpch/tpch-queries/q03/v1_materialized.sql,measured,3,1,5,3,1.534,272.125,12,5,10,1049147,10,16131760,193178,3,orders;customer;ixtest_customer_mktseg;lineitem;_m,626624,0,0,0,0,0,0
2026-08-18T13:01:33Z,7DFDA31CCC8D0AA1,18.4,queries/tpch/tpch-queries/q03/v1_materialized.sql,measured,3,2,5,3,0.404,237.023,12,5,10,1049147,10,16131760,193178,3,orders;customer;ixtest_customer_mktseg;lineitem;_m,626618,0,0,0,0,0,0
2026-08-18T13:01:33Z,7DFDA31CCC8D0AA1,18.4,queries/tpch/tpch-queries/q03/v1_materialized.sql,measured,3,3,5,3,0.408,233.271,12,5,10,1049147,10,16131760,193178,3,orders;customer;ixtest_customer_mktseg;lineitem;_m,626618,0,0,0,0,0,0
2026-08-18T13:01:33Z,7DFDA31CCC8D0AA1,18.4,queries/tpch/tpch-queries/q03/v1_materialized.sql,measured,3,4,5,3,0.401,232.829,12,5,10,1049147,10,16131760,193178,3,orders;customer;ixtest_customer_mktseg;lineitem;_m,626618,0,0,0,0,0,0
2026-08-18T13:01:33Z,7DFDA31CCC8D0AA1,18.4,queries/tpch/tpch-queries/q03/v1_materialized.sql,measured,3,5,5,3,0.400,232.767,12,5,10,1049147,10,16131760,193178,3,orders;customer;ixtest_customer_mktseg;lineitem;_m,626618,0,0,0,0,0,0
2026-08-18T13:01:33Z,7DFDA31CCC8D0AA1,18.4,queries/tpch/tpch-queries/q04/base.sql,warmup,1,1,1,3,1.262,99.315,8,3,5,219519,5,2826040,1,3,orders;ixtest_orders_orderdate;lineitem,252725,52,0,0,0,0,0
2026-08-18T13:01:34Z,7DFDA31CCC8D0AA1,18.4,queries/tpch/tpch-queries/q04/base.sql,warmup,2,1,1,3,1.758,134.472,8,3,5,219519,5,2826040,1,3,orders;ixtest_orders_orderdate;lineitem,252777,0,0,0,0,0,0
2026-08-18T13:01:34Z,7DFDA31CCC8D0AA1,18.4,queries/tpch/tpch-queries/q04/base.sql,measured,1,1,5,3,1.750,132.905,8,3,5,219519,5,2826040,1,3,orders;ixtest_orders_orderdate;lineitem,252777,0,0,0,0,0,0
2026-08-18T13:01:34Z,7DFDA31CCC8D0AA1,18.4,queries/tpch/tpch-queries/q04/base.sql,measured,1,2,5,3,0.243,90.027,8,3,5,219519,5,2826040,1,3,orders;ixtest_orders_orderdate;lineitem,252777,0,0,0,0,0,0
2026-08-18T13:01:34Z,7DFDA31CCC8D0AA1,18.4,queries/tpch/tpch-queries/q04/base.sql,measured,1,3,5,3,0.228,86.587,8,3,5,219519,5,2826040,1,3,orders;ixtest_orders_orderdate;lineitem,252777,0,0,0,0,0,0
2026-08-18T13:01:34Z,7DFDA31CCC8D0AA1,18.4,queries/tpch/tpch-queries/q04/base.sql,measured,1,4,5,3,0.237,101.207,8,3,5,219519,5,2826040,1,3,orders;ixtest_orders_orderdate;lineitem,252777,0,0,0,0,0,0
2026-08-18T13:01:34Z,7DFDA31CCC8D0AA1,18.4,queries/tpch/tpch-queries/q04/base.sql,measured,1,5,5,3,0.228,86.218,8,3,5,219519,5,2826040,1,3,orders;ixtest_orders_orderdate;lineitem,252777,0,0,0,0,0,0
2026-08-18T13:01:35Z,7DFDA31CCC8D0AA1,18.4,queries/tpch/tpch-queries/q04/base.sql,measured,2,1,5,3,1.468,124.014,8,3,5,219519,5,2826040,1,3,orders;ixtest_orders_orderdate;lineitem,252777,0,0,0,0,0,0
2026-08-18T13:01:35Z,7DFDA31CCC8D0AA1,18.4,queries/tpch/tpch-queries/q04/base.sql,measured,2,2,5,3,0.235,89.515,8,3,5,219519,5,2826040,1,3,orders;ixtest_orders_orderdate;lineitem,252777,0,0,0,0,0,0
2026-08-18T13:01:35Z,7DFDA31CCC8D0AA1,18.4,queries/tpch/tpch-queries/q04/base.sql,measured,2,3,5,3,0.227,90.813,8,3,5,219519,5,2826040,1,3,orders;ixtest_orders_orderdate;lineitem,252777,0,0,0,0,0,0
2026-08-18T13:01:35Z,7DFDA31CCC8D0AA1,18.4,queries/tpch/tpch-queries/q04/base.sql,measured,2,4,5,3,0.225,85.768,8,3,5,219519,5,2826040,1,3,orders;ixtest_orders_orderdate;lineitem,252777,0,0,0,0,0,0
2026-08-18T13:01:35Z,7DFDA31CCC8D0AA1,18.4,queries/tpch/tpch-queries/q04/base.sql,measured,2,5,5,3,0.230,85.574,8,3,5,219519,5,2826040,1,3,orders;ixtest_orders_orderdate;lineitem,252777,0,0,0,0,0,0
2026-08-18T13:01:35Z,7DFDA31CCC8D0AA1,18.4,queries/tpch/tpch-queries/q04/base.sql,measured,3,1,5,3,1.228,99.462,8,3,5,219519,5,2826040,1,3,orders;ixtest_orders_orderdate;lineitem,252777,0,0,0,0,0,0
2026-08-18T13:01:35Z,7DFDA31CCC8D0AA1,18.4,queries/tpch/tpch-queries/q04/base.sql,measured,3,2,5,3,0.228,90.180,8,3,5,219519,5,2826040,1,3,orders;ixtest_orders_orderdate;lineitem,252777,0,0,0,0,0,0
2026-08-18T13:01:35Z,7DFDA31CCC8D0AA1,18.4,queries/tpch/tpch-queries/q04/base.sql,measured,3,3,5,3,0.228,94.241,8,3,5,219519,5,2826040,1,3,orders;ixtest_orders_orderdate;lineitem,252777,0,0,0,0,0,0
2026-08-18T13:01:35Z,7DFDA31CCC8D0AA1,18.4,queries/tpch/tpch-queries/q04/base.sql,measured,3,4,5,3,0.235,90.253,8,3,5,219519,5,2826040,1,3,orders;ixtest_orders_orderdate;lineitem,252777,0,0,0,0,0,0
2026-08-18T13:01:35Z,7DFDA31CCC8D0AA1,18.4,queries/tpch/tpch-queries/q04/base.sql,measured,3,5,5,3,0.243,87.155,8,3,5,219519,5,2826040,1,3,orders;ixtest_orders_orderdate;lineitem,252777,0,0,0,0,0,0
2026-08-18T13:01:35Z,7DFDA31CCC8D0AA1,18.4,queries/tpch/tpch-queries/q04/v1_materialized.sql,warmup,1,1,1,3,1.237,99.518,9,4,5,219524,5,2826400,1,3,_m;orders;ixtest_orders_orderdate;lineitem,252777,0,0,0,0,0,0
2026-08-18T13:01:36Z,7DFDA31CCC8D0AA1,18.4,queries/tpch/tpch-queries/q04/v1_materialized.sql,warmup,2,1,1,3,1.818,132.650,9,4,5,219524,5,2826400,1,3,_m;orders;ixtest_orders_orderdate;lineitem,252777,0,0,0,0,0,0
2026-08-18T13:01:36Z,7DFDA31CCC8D0AA1,18.4,queries/tpch/tpch-queries/q04/v1_materialized.sql,measured,1,1,5,3,1.781,133.144,9,4,5,219524,5,2826400,1,3,_m;orders;ixtest_orders_orderdate;lineitem,252777,0,0,0,0,0,0
2026-08-18T13:01:36Z,7DFDA31CCC8D0AA1,18.4,queries/tpch/tpch-queries/q04/v1_materialized.sql,measured,1,2,5,3,0.254,89.726,9,4,5,219524,5,2826400,1,3,_m;orders;ixtest_orders_orderdate;lineitem,252777,0,0,0,0,0,0
2026-08-18T13:01:36Z,7DFDA31CCC8D0AA1,18.4,queries/tpch/tpch-queries/q04/v1_materialized.sql,measured,1,3,5,3,0.243,91.078,9,4,5,219524,5,2826400,1,3,_m;orders;ixtest_orders_orderdate;lineitem,252777,0,0,0,0,0,0
2026-08-18T13:01:36Z,7DFDA31CCC8D0AA1,18.4,queries/tpch/tpch-queries/q04/v1_materialized.sql,measured,1,4,5,3,0.243,86.228,9,4,5,219524,5,2826400,1,3,_m;orders;ixtest_orders_orderdate;lineitem,252777,0,0,0,0,0,0
2026-08-18T13:01:36Z,7DFDA31CCC8D0AA1,18.4,queries/tpch/tpch-queries/q04/v1_materialized.sql,measured,1,5,5,3,0.242,86.175,9,4,5,219524,5,2826400,1,3,_m;orders;ixtest_orders_orderdate;lineitem,252777,0,0,0,0,0,0
2026-08-18T13:01:37Z,7DFDA31CCC8D0AA1,18.4,queries/tpch/tpch-queries/q04/v1_materialized.sql,measured,2,1,5,3,1.345,105.251,9,4,5,219524,5,2826400,1,3,_m;orders;ixtest_orders_orderdate;lineitem,252777,0,0,0,0,0,0
2026-08-18T13:01:37Z,7DFDA31CCC8D0AA1,18.4,queries/tpch/tpch-queries/q04/v1_materialized.sql,measured,2,2,5,3,0.254,89.591,9,4,5,219524,5,2826400,1,3,_m;orders;ixtest_orders_orderdate;lineitem,252777,0,0,0,0,0,0
2026-08-18T13:01:37Z,7DFDA31CCC8D0AA1,18.4,queries/tpch/tpch-queries/q04/v1_materialized.sql,measured,2,3,5,3,0.241,87.449,9,4,5,219524,5,2826400,1,3,_m;orders;ixtest_orders_orderdate;lineitem,252777,0,0,0,0,0,0
2026-08-18T13:01:37Z,7DFDA31CCC8D0AA1,18.4,queries/tpch/tpch-queries/q04/v1_materialized.sql,measured,2,4,5,3,0.245,87.085,9,4,5,219524,5,2826400,1,3,_m;orders;ixtest_orders_orderdate;lineitem,252777,0,0,0,0,0,0
2026-08-18T13:01:37Z,7DFDA31CCC8D0AA1,18.4,queries/tpch/tpch-queries/q04/v1_materialized.sql,measured,2,5,5,3,0.241,87.241,9,4,5,219524,5,2826400,1,3,_m;orders;ixtest_orders_orderdate;lineitem,252777,0,0,0,0,0,0
2026-08-18T13:01:37Z,7DFDA31CCC8D0AA1,18.4,queries/tpch/tpch-queries/q04/v1_materialized.sql,measured,3,1,5,3,1.423,115.210,9,4,5,219524,5,2826400,1,3,_m;orders;ixtest_orders_orderdate;lineitem,252777,0,0,0,0,0,0
2026-08-18T13:01:37Z,7DFDA31CCC8D0AA1,18.4,queries/tpch/tpch-queries/q04/v1_materialized.sql,measured,3,2,5,3,0.255,89.621,9,4,5,219524,5,2826400,1,3,_m;orders;ixtest_orders_orderdate;lineitem,252777,0,0,0,0,0,0
2026-08-18T13:01:37Z,7DFDA31CCC8D0AA1,18.4,queries/tpch/tpch-queries/q04/v1_materialized.sql,measured,3,3,5,3,0.259,87.037,9,4,5,219524,5,2826400,1,3,_m;orders;ixtest_orders_orderdate;lineitem,252777,0,0,0,0,0,0
2026-08-18T13:01:37Z,7DFDA31CCC8D0AA1,18.4,queries/tpch/tpch-queries/q04/v1_materialized.sql,measured,3,4,5,3,0.242,86.949,9,4,5,219524,5,2826400,1,3,_m;orders;ixtest_orders_orderdate;lineitem,252777,0,0,0,0,0,0
2026-08-18T13:01:37Z,7DFDA31CCC8D0AA1,18.4,queries/tpch/tpch-queries/q04/v1_materialized.sql,measured,3,5,5,3,0.241,86.570,9,4,5,219524,5,2826400,1,3,_m;orders;ixtest_orders_orderdate;lineitem,252777,0,0,0,0,0,0
2026-08-18T13:01:38Z,7DFDA31CCC8D0AA1,18.4,queries/tpch/tpch-queries/q04/v2_in.sql,warmup,1,1,1,3,1.603,124.163,8,3,5,219519,5,2826040,1,3,orders;ixtest_orders_orderdate;lineitem,252777,0,0,0,0,0,0
2026-08-18T13:01:38Z,7DFDA31CCC8D0AA1,18.4,queries/tpch/tpch-queries/q04/v2_in.sql,warmup,2,1,1,3,1.760,134.877,8,3,5,219519,5,2826040,1,3,orders;ixtest_orders_orderdate;lineitem,252777,0,0,0,0,0,0
2026-08-18T13:01:38Z,7DFDA31CCC8D0AA1,18.4,queries/tpch/tpch-queries/q04/v2_in.sql,measured,1,1,5,3,1.771,133.044,8,3,5,219519,5,2826040,1,3,orders;ixtest_orders_orderdate;lineitem,252777,0,0,0,0,0,0
2026-08-18T13:01:38Z,7DFDA31CCC8D0AA1,18.4,queries/tpch/tpch-queries/q04/v2_in.sql,measured,1,2,5,3,0.243,90.042,8,3,5,219519,5,2826040,1,3,orders;ixtest_orders_orderdate;lineitem,252777,0,0,0,0,0,0
2026-08-18T13:01:38Z,7DFDA31CCC8D0AA1,18.4,queries/tpch/tpch-queries/q04/v2_in.sql,measured,1,3,5,3,0.228,86.733,8,3,5,219519,5,2826040,1,3,orders;ixtest_orders_orderdate;lineitem,252777,0,0,0,0,0,0
2026-08-18T13:01:38Z,7DFDA31CCC8D0AA1,18.4,queries/tpch/tpch-queries/q04/v2_in.sql,measured,1,4,5,3,0.228,86.368,8,3,5,219519,5,2826040,1,3,orders;ixtest_orders_orderdate;lineitem,252777,0,0,0,0,0,0
2026-08-18T13:01:38Z,7DFDA31CCC8D0AA1,18.4,queries/tpch/tpch-queries/q04/v2_in.sql,measured,1,5,5,3,0.229,86.221,8,3,5,219519,5,2826040,1,3,orders;ixtest_orders_orderdate;lineitem,252777,0,0,0,0,0,0
2026-08-18T13:01:39Z,7DFDA31CCC8D0AA1,18.4,queries/tpch/tpch-queries/q04/v2_in.sql,measured,2,1,5,3,1.580,124.530,8,3,5,219519,5,2826040,1,3,orders;ixtest_orders_orderdate;lineitem,252777,0,0,0,0,0,0
2026-08-18T13:01:39Z,7DFDA31CCC8D0AA1,18.4,queries/tpch/tpch-queries/q04/v2_in.sql,measured,2,2,5,3,0.234,89.173,8,3,5,219519,5,2826040,1,3,orders;ixtest_orders_orderdate;lineitem,252777,0,0,0,0,0,0
2026-08-18T13:01:39Z,7DFDA31CCC8D0AA1,18.4,queries/tpch/tpch-queries/q04/v2_in.sql,measured,2,3,5,3,0.255,86.766,8,3,5,219519,5,2826040,1,3,orders;ixtest_orders_orderdate;lineitem,252777,0,0,0,0,0,0
2026-08-18T13:01:39Z,7DFDA31CCC8D0AA1,18.4,queries/tpch/tpch-queries/q04/v2_in.sql,measured,2,4,5,3,0.228,91.541,8,3,5,219519,5,2826040,1,3,orders;ixtest_orders_orderdate;lineitem,252777,0,0,0,0,0,0
2026-08-18T13:01:39Z,7DFDA31CCC8D0AA1,18.4,queries/tpch/tpch-queries/q04/v2_in.sql,measured,2,5,5,3,0.230,85.567,8,3,5,219519,5,2826040,1,3,orders;ixtest_orders_orderdate;lineitem,252777,0,0,0,0,0,0
2026-08-18T13:01:40Z,7DFDA31CCC8D0AA1,18.4,queries/tpch/tpch-queries/q04/v2_in.sql,measured,3,1,5,3,1.244,98.795,8,3,5,219519,5,2826040,1,3,orders;ixtest_orders_orderdate;lineitem,252777,0,0,0,0,0,0
2026-08-18T13:01:40Z,7DFDA31CCC8D0AA1,18.4,queries/tpch/tpch-queries/q04/v2_in.sql,measured,3,2,5,3,0.232,91.334,8,3,5,219519,5,2826040,1,3,orders;ixtest_orders_orderdate;lineitem,252777,0,0,0,0,0,0
2026-08-18T13:01:40Z,7DFDA31CCC8D0AA1,18.4,queries/tpch/tpch-queries/q04/v2_in.sql,measured,3,3,5,3,0.239,87.509,8,3,5,219519,5,2826040,1,3,orders;ixtest_orders_orderdate;lineitem,252777,0,0,0,0,0,0
2026-08-18T13:01:40Z,7DFDA31CCC8D0AA1,18.4,queries/tpch/tpch-queries/q04/v2_in.sql,measured,3,4,5,3,0.230,86.590,8,3,5,219519,5,2826040,1,3,orders;ixtest_orders_orderdate;lineitem,252777,0,0,0,0,0,0
2026-08-18T13:01:40Z,7DFDA31CCC8D0AA1,18.4,queries/tpch/tpch-queries/q04/v2_in.sql,measured,3,5,5,3,0.238,86.607,8,3,5,219519,5,2826040,1,3,orders;ixtest_orders_orderdate;lineitem,252777,0,0,0,0,0,0
2026-08-18T13:01:40Z,7DFDA31CCC8D0AA1,18.4,queries/tpch/tpch-queries/q05/base.sql,warmup,1,1,1,3,3.667,279.901,19,6,5,699121,25,18257548,12,2,customer;nation;region;orders;lineitem;supplier,581531,1542,0,0,0,0,0
2026-08-18T13:01:40Z,7DFDA31CCC8D0AA1,18.4,queries/tpch/tpch-queries/q05/base.sql,warmup,2,1,1,3,4.194,280.253,19,6,5,699121,25,18257548,12,2,customer;nation;region;orders;lineitem;supplier,583073,0,0,0,0,0,0
2026-08-18T13:01:42Z,7DFDA31CCC8D0AA1,18.4,queries/tpch/tpch-queries/q05/base.sql,measured,1,1,5,3,3.436,271.008,19,6,5,699121,25,18257548,12,2,customer;nation;region;orders;lineitem;supplier,583073,0,0,0,0,0,0
2026-08-18T13:01:42Z,7DFDA31CCC8D0AA1,18.4,queries/tpch/tpch-queries/q05/base.sql,measured,1,2,5,3,1.813,254.481,19,6,5,699121,25,18257548,12,2,customer;nation;region;orders;lineitem;supplier,583070,0,0,0,0,0,0
2026-08-18T13:01:42Z,7DFDA31CCC8D0AA1,18.4,queries/tpch/tpch-queries/q05/base.sql,measured,1,3,5,3,1.725,251.519,19,6,5,699121,25,18257548,12,2,customer;nation;region;orders;lineitem;supplier,583070,0,0,0,0,0,0
2026-08-18T13:01:42Z,7DFDA31CCC8D0AA1,18.4,queries/tpch/tpch-queries/q05/base.sql,measured,1,4,5,3,1.715,251.918,19,6,5,699121,25,18257548,12,2,customer;nation;region;orders;lineitem;supplier,583070,0,0,0,0,0,0
2026-08-18T13:01:42Z,7DFDA31CCC8D0AA1,18.4,queries/tpch/tpch-queries/q05/base.sql,measured,1,5,5,3,1.726,248.622,19,6,5,699121,25,18257548,12,2,customer;nation;region;orders;lineitem;supplier,583070,0,0,0,0,0,0
2026-08-18T13:01:43Z,7DFDA31CCC8D0AA1,18.4,queries/tpch/tpch-queries/q05/base.sql,measured,2,1,5,3,3.720,267.911,19,6,5,699121,25,18257548,12,2,customer;nation;region;orders;lineitem;supplier,583073,0,0,0,0,0,0
2026-08-18T13:01:43Z,7DFDA31CCC8D0AA1,18.4,queries/tpch/tpch-queries/q05/base.sql,measured,2,2,5,3,1.760,256.491,19,6,5,699121,25,18257548,12,2,customer;nation;region;orders;lineitem;supplier,583070,0,0,0,0,0,0
2026-08-18T13:01:43Z,7DFDA31CCC8D0AA1,18.4,queries/tpch/tpch-queries/q05/base.sql,measured,2,3,5,3,1.719,251.256,19,6,5,699121,25,18257548,12,2,customer;nation;region;orders;lineitem;supplier,583070,0,0,0,0,0,0
2026-08-18T13:01:43Z,7DFDA31CCC8D0AA1,18.4,queries/tpch/tpch-queries/q05/base.sql,measured,2,4,5,3,1.700,252.281,19,6,5,699121,25,18257548,12,2,customer;nation;region;orders;lineitem;supplier,583070,0,0,0,0,0,0
2026-08-18T13:01:43Z,7DFDA31CCC8D0AA1,18.4,queries/tpch/tpch-queries/q05/base.sql,measured,2,5,5,3,1.748,251.098,19,6,5,699121,25,18257548,12,2,customer;nation;region;orders;lineitem;supplier,583070,0,0,0,0,0,0
2026-08-18T13:01:44Z,7DFDA31CCC8D0AA1,18.4,queries/tpch/tpch-queries/q05/base.sql,measured,3,1,5,3,4.206,272.749,19,6,5,699121,25,18257548,12,2,customer;nation;region;orders;lineitem;supplier,583073,0,0,0,0,0,0
2026-08-18T13:01:44Z,7DFDA31CCC8D0AA1,18.4,queries/tpch/tpch-queries/q05/base.sql,measured,3,2,5,3,1.701,250.124,19,6,5,699121,25,18257548,12,2,customer;nation;region;orders;lineitem;supplier,583070,0,0,0,0,0,0
2026-08-18T13:01:44Z,7DFDA31CCC8D0AA1,18.4,queries/tpch/tpch-queries/q05/base.sql,measured,3,3,5,3,1.693,250.404,19,6,5,699121,25,18257548,12,2,customer;nation;region;orders;lineitem;supplier,583070,0,0,0,0,0,0
2026-08-18T13:01:44Z,7DFDA31CCC8D0AA1,18.4,queries/tpch/tpch-queries/q05/base.sql,measured,3,4,5,3,1.702,248.681,19,6,5,699121,25,18257548,12,2,customer;nation;region;orders;lineitem;supplier,583070,0,0,0,0,0,0
2026-08-18T13:01:44Z,7DFDA31CCC8D0AA1,18.4,queries/tpch/tpch-queries/q05/base.sql,measured,3,5,5,3,1.710,248.218,19,6,5,699121,25,18257548,12,2,customer;nation;region;orders;lineitem;supplier,583070,0,0,0,0,0,0
2026-08-18T13:01:45Z,7DFDA31CCC8D0AA1,18.4,queries/tpch/tpch-queries/q05/v1_materialized.sql,warmup,1,1,1,3,4.561,271.997,20,7,5,699126,25,18258618,12,2,customer;nation;region;orders;lineitem;supplier;_m,583073,0,0,0,0,0,0
2026-08-18T13:01:45Z,7DFDA31CCC8D0AA1,18.4,queries/tpch/tpch-queries/q05/v1_materialized.sql,warmup,2,1,1,3,3.581,267.419,20,7,5,699126,25,18258618,12,2,customer;nation;region;orders;lineitem;supplier;_m,583073,0,0,0,0,0,0
2026-08-18T13:01:47Z,7DFDA31CCC8D0AA1,18.4,queries/tpch/tpch-queries/q05/v1_materialized.sql,measured,1,1,5,3,3.451,272.200,20,7,5,699126,25,18258618,12,2,customer;nation;region;orders;lineitem;supplier;_m,583073,0,0,0,0,0,0
2026-08-18T13:01:47Z,7DFDA31CCC8D0AA1,18.4,queries/tpch/tpch-queries/q05/v1_materialized.sql,measured,1,2,5,3,1.825,258.194,20,7,5,699126,25,18258618,12,2,customer;nation;region;orders;lineitem;supplier;_m,583070,0,0,0,0,0,0
2026-08-18T13:01:47Z,7DFDA31CCC8D0AA1,18.4,queries/tpch/tpch-queries/q05/v1_materialized.sql,measured,1,3,5,3,1.742,256.760,20,7,5,699126,25,18258618,12,2,customer;nation;region;orders;lineitem;supplier;_m,583070,0,0,0,0,0,0
2026-08-18T13:01:47Z,7DFDA31CCC8D0AA1,18.4,queries/tpch/tpch-queries/q05/v1_materialized.sql,measured,1,4,5,3,1.746,254.932,20,7,5,699126,25,18258618,12,2,customer;nation;region;orders;lineitem;supplier;_m,583070,0,0,0,0,0,0
2026-08-18T13:01:47Z,7DFDA31CCC8D0AA1,18.4,queries/tpch/tpch-queries/q05/v1_materialized.sql,measured,1,5,5,3,1.737,251.716,20,7,5,699126,25,18258618,12,2,customer;nation;region;orders;lineitem;supplier;_m,583070,0,0,0,0,0,0
2026-08-18T13:01:48Z,7DFDA31CCC8D0AA1,18.4,queries/tpch/tpch-queries/q05/v1_materialized.sql,measured,2,1,5,3,4.004,271.264,20,7,5,699126,25,18258618,12,2,customer;nation;region;orders;lineitem;supplier;_m,583073,0,0,0,0,0,0
2026-08-18T13:01:48Z,7DFDA31CCC8D0AA1,18.4,queries/tpch/tpch-queries/q05/v1_materialized.sql,measured,2,2,5,3,1.789,252.484,20,7,5,699126,25,18258618,12,2,customer;nation;region;orders;lineitem;supplier;_m,583070,0,0,0,0,0,0
2026-08-18T13:01:48Z,7DFDA31CCC8D0AA1,18.4,queries/tpch/tpch-queries/q05/v1_materialized.sql,measured,2,3,5,3,1.729,253.107,20,7,5,699126,25,18258618,12,2,customer;nation;region;orders;lineitem;supplier;_m,583070,0,0,0,0,0,0
2026-08-18T13:01:48Z,7DFDA31CCC8D0AA1,18.4,queries/tpch/tpch-queries/q05/v1_materialized.sql,measured,2,4,5,3,1.729,249.697,20,7,5,699126,25,18258618,12,2,customer;nation;region;orders;lineitem;supplier;_m,583070,0,0,0,0,0,0
2026-08-18T13:01:48Z,7DFDA31CCC8D0AA1,18.4,queries/tpch/tpch-queries/q05/v1_materialized.sql,measured,2,5,5,3,1.752,252.230,20,7,5,699126,25,18258618,12,2,customer;nation;region;orders;lineitem;supplier;_m,583070,0,0,0,0,0,0
2026-08-18T13:01:49Z,7DFDA31CCC8D0AA1,18.4,queries/tpch/tpch-queries/q05/v1_materialized.sql,measured,3,1,5,3,3.370,265.323,20,7,5,699126,25,18258618,12,2,customer;nation;region;orders;lineitem;supplier;_m,583073,0,0,0,0,0,0
2026-08-18T13:01:49Z,7DFDA31CCC8D0AA1,18.4,queries/tpch/tpch-queries/q05/v1_materialized.sql,measured,3,2,5,3,1.741,251.159,20,7,5,699126,25,18258618,12,2,customer;nation;region;orders;lineitem;supplier;_m,583070,0,0,0,0,0,0
2026-08-18T13:01:49Z,7DFDA31CCC8D0AA1,18.4,queries/tpch/tpch-queries/q05/v1_materialized.sql,measured,3,3,5,3,1.716,250.603,20,7,5,699126,25,18258618,12,2,customer;nation;region;orders;lineitem;supplier;_m,583070,0,0,0,0,0,0
2026-08-18T13:01:49Z,7DFDA31CCC8D0AA1,18.4,queries/tpch/tpch-queries/q05/v1_materialized.sql,measured,3,4,5,3,1.719,255.300,20,7,5,699126,25,18258618,12,2,customer;nation;region;orders;lineitem;supplier;_m,583070,0,0,0,0,0,0
2026-08-18T13:01:49Z,7DFDA31CCC8D0AA1,18.4,queries/tpch/tpch-queries/q05/v1_materialized.sql,measured,3,5,5,3,1.704,248.391,20,7,5,699126,25,18258618,12,2,customer;nation;region;orders;lineitem;supplier;_m,583070,0,0,0,0,0,0
2026-08-18T13:01:50Z,7DFDA31CCC8D0AA1,18.4,queries/tpch/tpch-queries/q06/base.sql,warmup,1,1,1,3,0.696,95.014,4,1,1,114171,1,1370272,159059,4,lineitem,5865,5439,0,0,0,0,0
2026-08-18T13:01:50Z,7DFDA31CCC8D0AA1,18.4,queries/tpch/tpch-queries/q06/base.sql,warmup,2,1,1,3,0.833,75.364,4,1,1,114171,1,1370272,159059,4,lineitem,11219,0,0,0,0,0,0
2026-08-18T13:01:50Z,7DFDA31CCC8D0AA1,18.4,queries/tpch/tpch-queries/q06/base.sql,measured,1,1,5,3,0.840,72.329,4,1,1,114171,1,1370272,159059,4,lineitem,11181,0,0,0,0,0,0
2026-08-18T13:01:50Z,7DFDA31CCC8D0AA1,18.4,queries/tpch/tpch-queries/q06/base.sql,measured,1,2,5,3,0.142,64.793,4,1,1,114171,1,1370272,159059,4,lineitem,11304,1,0,0,0,0,0
2026-08-18T13:01:50Z,7DFDA31CCC8D0AA1,18.4,queries/tpch/tpch-queries/q06/base.sql,measured,1,3,5,3,0.099,59.152,4,1,1,114171,1,1370272,159059,4,lineitem,11213,0,0,0,0,0,0
2026-08-18T13:01:50Z,7DFDA31CCC8D0AA1,18.4,queries/tpch/tpch-queries/q06/base.sql,measured,1,4,5,3,0.099,54.520,4,1,1,114171,1,1370272,159059,4,lineitem,11098,0,0,0,0,0,0
2026-08-18T13:01:50Z,7DFDA31CCC8D0AA1,18.4,queries/tpch/tpch-queries/q06/base.sql,measured,1,5,5,3,0.098,59.360,4,1,1,114171,1,1370272,159059,4,lineitem,11128,0,0,0,0,0,0
2026-08-18T13:01:51Z,7DFDA31CCC8D0AA1,18.4,queries/tpch/tpch-queries/q06/base.sql,measured,2,1,5,3,0.958,85.747,4,1,1,114171,1,1370272,159059,4,lineitem,11188,0,0,0,0,0,0
2026-08-18T13:01:51Z,7DFDA31CCC8D0AA1,18.4,queries/tpch/tpch-queries/q06/base.sql,measured,2,2,5,3,0.119,59.220,4,1,1,114171,1,1370272,159059,4,lineitem,11094,0,0,0,0,0,0
2026-08-18T13:01:51Z,7DFDA31CCC8D0AA1,18.4,queries/tpch/tpch-queries/q06/base.sql,measured,2,3,5,3,0.099,61.184,4,1,1,114171,1,1370272,159059,4,lineitem,11243,0,0,0,0,0,0
2026-08-18T13:01:51Z,7DFDA31CCC8D0AA1,18.4,queries/tpch/tpch-queries/q06/base.sql,measured,2,4,5,3,0.125,56.267,4,1,1,114171,1,1370272,159059,4,lineitem,11113,0,0,0,0,0,0
2026-08-18T13:01:51Z,7DFDA31CCC8D0AA1,18.4,queries/tpch/tpch-queries/q06/base.sql,measured,2,5,5,3,0.099,56.982,4,1,1,114171,1,1370272,159059,4,lineitem,11104,0,0,0,0,0,0
2026-08-18T13:01:51Z,7DFDA31CCC8D0AA1,18.4,queries/tpch/tpch-queries/q06/base.sql,measured,3,1,5,3,0.950,83.375,4,1,1,114171,1,1370272,159059,4,lineitem,11169,0,0,0,0,0,0
2026-08-18T13:01:51Z,7DFDA31CCC8D0AA1,18.4,queries/tpch/tpch-queries/q06/base.sql,measured,3,2,5,3,0.161,69.090,4,1,1,114171,1,1370272,159059,4,lineitem,11289,0,0,0,0,0,0
2026-08-18T13:01:51Z,7DFDA31CCC8D0AA1,18.4,queries/tpch/tpch-queries/q06/base.sql,measured,3,3,5,3,0.097,56.328,4,1,1,114171,1,1370272,159059,4,lineitem,11141,0,0,0,0,0,0
2026-08-18T13:01:51Z,7DFDA31CCC8D0AA1,18.4,queries/tpch/tpch-queries/q06/base.sql,measured,3,4,5,3,0.098,57.116,4,1,1,114171,1,1370272,159059,4,lineitem,11214,0,0,0,0,0,0
2026-08-18T13:01:51Z,7DFDA31CCC8D0AA1,18.4,queries/tpch/tpch-queries/q06/base.sql,measured,3,5,5,3,0.110,57.757,4,1,1,114171,1,1370272,159059,4,lineitem,11140,0,0,0,0,0,0
2026-08-18T13:01:51Z,7DFDA31CCC8D0AA1,18.4,queries/tpch/tpch-queries/q06/v1_materialized.sql,warmup,1,1,1,3,0.890,75.536,5,2,1,114172,1,1370304,159059,4,_m;lineitem,11169,0,0,0,0,0,0
2026-08-18T13:01:51Z,7DFDA31CCC8D0AA1,18.4,queries/tpch/tpch-queries/q06/v1_materialized.sql,warmup,2,1,1,3,0.891,79.853,5,2,1,114172,1,1370304,159059,4,_m;lineitem,11239,0,0,0,0,0,0
2026-08-18T13:01:52Z,7DFDA31CCC8D0AA1,18.4,queries/tpch/tpch-queries/q06/v1_materialized.sql,measured,1,1,5,3,0.911,58.976,5,2,1,114172,1,1370304,159059,4,_m;lineitem,11184,0,0,0,0,0,0
2026-08-18T13:01:52Z,7DFDA31CCC8D0AA1,18.4,queries/tpch/tpch-queries/q06/v1_materialized.sql,measured,1,2,5,3,0.145,57.262,5,2,1,114172,1,1370304,159059,4,_m;lineitem,11142,0,0,0,0,0,0
2026-08-18T13:01:52Z,7DFDA31CCC8D0AA1,18.4,queries/tpch/tpch-queries/q06/v1_materialized.sql,measured,1,3,5,3,0.109,63.060,5,2,1,114172,1,1370304,159059,4,_m;lineitem,11260,0,0,0,0,0,0
2026-08-18T13:01:52Z,7DFDA31CCC8D0AA1,18.4,queries/tpch/tpch-queries/q06/v1_materialized.sql,measured,1,4,5,3,0.119,62.701,5,2,1,114172,1,1370304,159059,4,_m;lineitem,11212,0,0,0,0,0,0
2026-08-18T13:01:52Z,7DFDA31CCC8D0AA1,18.4,queries/tpch/tpch-queries/q06/v1_materialized.sql,measured,1,5,5,3,0.143,60.360,5,2,1,114172,1,1370304,159059,4,_m;lineitem,11189,0,0,0,0,0,0
2026-08-18T13:01:52Z,7DFDA31CCC8D0AA1,18.4,queries/tpch/tpch-queries/q06/v1_materialized.sql,measured,2,1,5,3,0.993,86.090,5,2,1,114172,1,1370304,159059,4,_m;lineitem,11144,0,0,0,0,0,0
2026-08-18T13:01:52Z,7DFDA31CCC8D0AA1,18.4,queries/tpch/tpch-queries/q06/v1_materialized.sql,measured,2,2,5,3,0.142,58.484,5,2,1,114172,1,1370304,159059,4,_m;lineitem,11106,0,0,0,0,0,0
2026-08-18T13:01:52Z,7DFDA31CCC8D0AA1,18.4,queries/tpch/tpch-queries/q06/v1_materialized.sql,measured,2,3,5,3,0.124,63.825,5,2,1,114172,1,1370304,159059,4,_m;lineitem,11321,0,0,0,0,0,0
2026-08-18T13:01:52Z,7DFDA31CCC8D0AA1,18.4,queries/tpch/tpch-queries/q06/v1_materialized.sql,measured,2,4,5,3,0.109,57.405,5,2,1,114172,1,1370304,159059,4,_m;lineitem,11142,0,0,0,0,0,0
2026-08-18T13:01:52Z,7DFDA31CCC8D0AA1,18.4,queries/tpch/tpch-queries/q06/v1_materialized.sql,measured,2,5,5,3,0.142,62.559,5,2,1,114172,1,1370304,159059,4,_m;lineitem,11249,0,0,0,0,0,0
2026-08-18T13:01:53Z,7DFDA31CCC8D0AA1,18.4,queries/tpch/tpch-queries/q06/v1_materialized.sql,measured,3,1,5,3,0.694,57.884,5,2,1,114172,1,1370304,159059,4,_m;lineitem,11137,0,0,0,0,0,0
2026-08-18T13:01:53Z,7DFDA31CCC8D0AA1,18.4,queries/tpch/tpch-queries/q06/v1_materialized.sql,measured,3,2,5,3,0.115,57.041,5,2,1,114172,1,1370304,159059,4,_m;lineitem,11128,0,0,0,0,0,0
2026-08-18T13:01:53Z,7DFDA31CCC8D0AA1,18.4,queries/tpch/tpch-queries/q06/v1_materialized.sql,measured,3,3,5,3,0.142,57.332,5,2,1,114172,1,1370304,159059,4,_m;lineitem,11190,0,0,0,0,0,0
2026-08-18T13:01:53Z,7DFDA31CCC8D0AA1,18.4,queries/tpch/tpch-queries/q06/v1_materialized.sql,measured,3,4,5,3,0.110,65.497,5,2,1,114172,1,1370304,159059,4,_m;lineitem,11279,0,0,0,0,0,0
2026-08-18T13:01:53Z,7DFDA31CCC8D0AA1,18.4,queries/tpch/tpch-queries/q06/v1_materialized.sql,measured,3,5,5,3,0.142,58.345,5,2,1,114172,1,1370304,159059,4,_m;lineitem,11138,0,0,0,0,0,0
2026-08-18T13:01:53Z,7DFDA31CCC8D0AA1,18.4,queries/tpch/tpch-queries/q07/base.sql,warmup,1,1,1,3,3.469,677.385,17,6,4,1763513,6096,58849902,441,2,customer;nation;orders;supplier;lineitem,1600898,1108,0,0,0,0,0
2026-08-18T13:01:54Z,7DFDA31CCC8D0AA1,18.4,queries/tpch/tpch-queries/q07/base.sql,warmup,2,1,1,3,3.235,656.674,17,6,4,1763513,6096,58849902,441,2,customer;nation;orders;supplier;lineitem,1602006,0,0,0,0,0,0
2026-08-18T13:01:57Z,7DFDA31CCC8D0AA1,18.4,queries/tpch/tpch-queries/q07/base.sql,measured,1,1,5,3,3.263,642.797,17,6,4,1763513,6096,58849902,441,2,customer;nation;orders;supplier;lineitem,1602006,0,0,0,0,0,0
2026-08-18T13:01:57Z,7DFDA31CCC8D0AA1,18.4,queries/tpch/tpch-queries/q07/base.sql,measured,1,2,5,3,1.241,623.751,17,6,4,1763513,6096,58849902,441,2,customer;nation;orders;supplier;lineitem,1602006,0,0,0,0,0,0
2026-08-18T13:01:57Z,7DFDA31CCC8D0AA1,18.4,queries/tpch/tpch-queries/q07/base.sql,measured,1,3,5,3,1.089,616.866,17,6,4,1763513,6096,58849902,441,2,customer;nation;orders;supplier;lineitem,1602006,0,0,0,0,0,0
2026-08-18T13:01:57Z,7DFDA31CCC8D0AA1,18.4,queries/tpch/tpch-queries/q07/base.sql,measured,1,4,5,3,1.083,606.500,17,6,4,1763513,6096,58849902,441,2,customer;nation;orders;supplier;lineitem,1602006,0,0,0,0,0,0
2026-08-18T13:01:57Z,7DFDA31CCC8D0AA1,18.4,queries/tpch/tpch-queries/q07/base.sql,measured,1,5,5,3,1.095,614.734,17,6,4,1763513,6096,58849902,441,2,customer;nation;orders;supplier;lineitem,1602006,0,0,0,0,0,0
2026-08-18T13:02:00Z,7DFDA31CCC8D0AA1,18.4,queries/tpch/tpch-queries/q07/base.sql,measured,2,1,5,3,2.890,637.951,17,6,4,1763513,6096,58849902,441,2,customer;nation;orders;supplier;lineitem,1602006,0,0,0,0,0,0
2026-08-18T13:02:00Z,7DFDA31CCC8D0AA1,18.4,queries/tpch/tpch-queries/q07/base.sql,measured,2,2,5,3,1.118,606.195,17,6,4,1763513,6096,58849902,441,2,customer;nation;orders;supplier;lineitem,1602006,0,0,0,0,0,0
2026-08-18T13:02:00Z,7DFDA31CCC8D0AA1,18.4,queries/tpch/tpch-queries/q07/base.sql,measured,2,3,5,3,1.113,608.014,17,6,4,1763513,6096,58849902,441,2,customer;nation;orders;supplier;lineitem,1602006,0,0,0,0,0,0
2026-08-18T13:02:00Z,7DFDA31CCC8D0AA1,18.4,queries/tpch/tpch-queries/q07/base.sql,measured,2,4,5,3,1.087,605.184,17,6,4,1763513,6096,58849902,441,2,customer;nation;orders;supplier;lineitem,1602006,0,0,0,0,0,0
2026-08-18T13:02:00Z,7DFDA31CCC8D0AA1,18.4,queries/tpch/tpch-queries/q07/base.sql,measured,2,5,5,3,1.083,606.358,17,6,4,1763513,6096,58849902,441,2,customer;nation;orders;supplier;lineitem,1602006,0,0,0,0,0,0
2026-08-18T13:02:04Z,7DFDA31CCC8D0AA1,18.4,queries/tpch/tpch-queries/q07/base.sql,measured,3,1,5,3,2.664,631.440,17,6,4,1763513,6096,58849902,441,2,customer;nation;orders;supplier;lineitem,1602006,0,0,0,0,0,0
2026-08-18T13:02:04Z,7DFDA31CCC8D0AA1,18.4,queries/tpch/tpch-queries/q07/base.sql,measured,3,2,5,3,1.115,606.909,17,6,4,1763513,6096,58849902,441,2,customer;nation;orders;supplier;lineitem,1602006,0,0,0,0,0,0
2026-08-18T13:02:04Z,7DFDA31CCC8D0AA1,18.4,queries/tpch/tpch-queries/q07/base.sql,measured,3,3,5,3,1.087,608.031,17,6,4,1763513,6096,58849902,441,2,customer;nation;orders;supplier;lineitem,1602006,0,0,0,0,0,0
2026-08-18T13:02:04Z,7DFDA31CCC8D0AA1,18.4,queries/tpch/tpch-queries/q07/base.sql,measured,3,4,5,3,1.080,607.972,17,6,4,1763513,6096,58849902,441,2,customer;nation;orders;supplier;lineitem,1602006,0,0,0,0,0,0
2026-08-18T13:02:04Z,7DFDA31CCC8D0AA1,18.4,queries/tpch/tpch-queries/q07/base.sql,measured,3,5,5,3,1.088,600.559,17,6,4,1763513,6096,58849902,441,2,customer;nation;orders;supplier;lineitem,1602006,0,0,0,0,0,0
2026-08-18T13:02:04Z,7DFDA31CCC8D0AA1,18.4,queries/tpch/tpch-queries/q07/v1_materialized.sql,warmup,1,1,1,3,3.180,644.784,18,7,4,1763517,6096,58850990,441,2,_m;customer;nation;orders;supplier;lineitem,1602006,0,0,0,0,0,0
2026-08-18T13:02:05Z,7DFDA31CCC8D0AA1,18.4,queries/tpch/tpch-queries/q07/v1_materialized.sql,warmup,2,1,1,3,2.698,635.737,18,7,4,1763517,6096,58850990,441,2,_m;customer;nation;orders;supplier;lineitem,1602006,0,0,0,0,0,0
2026-08-18T13:02:08Z,7DFDA31CCC8D0AA1,18.4,queries/tpch/tpch-queries/q07/v1_materialized.sql,measured,1,1,5,3,2.707,644.603,18,7,4,1763517,6096,58850990,441,2,_m;customer;nation;orders;supplier;lineitem,1602006,0,0,0,0,0,0
2026-08-18T13:02:08Z,7DFDA31CCC8D0AA1,18.4,queries/tpch/tpch-queries/q07/v1_materialized.sql,measured,1,2,5,3,1.136,614.912,18,7,4,1763517,6096,58850990,441,2,_m;customer;nation;orders;supplier;lineitem,1602006,0,0,0,0,0,0
2026-08-18T13:02:08Z,7DFDA31CCC8D0AA1,18.4,queries/tpch/tpch-queries/q07/v1_materialized.sql,measured,1,3,5,3,1.095,611.212,18,7,4,1763517,6096,58850990,441,2,_m;customer;nation;orders;supplier;lineitem,1602006,0,0,0,0,0,0
2026-08-18T13:02:08Z,7DFDA31CCC8D0AA1,18.4,queries/tpch/tpch-queries/q07/v1_materialized.sql,measured,1,4,5,3,1.094,607.243,18,7,4,1763517,6096,58850990,441,2,_m;customer;nation;orders;supplier;lineitem,1602006,0,0,0,0,0,0
2026-08-18T13:02:08Z,7DFDA31CCC8D0AA1,18.4,queries/tpch/tpch-queries/q07/v1_materialized.sql,measured,1,5,5,3,1.126,609.000,18,7,4,1763517,6096,58850990,441,2,_m;customer;nation;orders;supplier;lineitem,1602006,0,0,0,0,0,0
2026-08-18T13:02:11Z,7DFDA31CCC8D0AA1,18.4,queries/tpch/tpch-queries/q07/v1_materialized.sql,measured,2,1,5,3,3.199,642.223,18,7,4,1763517,6096,58850990,441,2,_m;customer;nation;orders;supplier;lineitem,1602006,0,0,0,0,0,0
2026-08-18T13:02:11Z,7DFDA31CCC8D0AA1,18.4,queries/tpch/tpch-queries/q07/v1_materialized.sql,measured,2,2,5,3,1.136,608.989,18,7,4,1763517,6096,58850990,441,2,_m;customer;nation;orders;supplier;lineitem,1602006,0,0,0,0,0,0
2026-08-18T13:02:11Z,7DFDA31CCC8D0AA1,18.4,queries/tpch/tpch-queries/q07/v1_materialized.sql,measured,2,3,5,3,1.090,606.484,18,7,4,1763517,6096,58850990,441,2,_m;customer;nation;orders;supplier;lineitem,1602006,0,0,0,0,0,0
2026-08-18T13:02:11Z,7DFDA31CCC8D0AA1,18.4,queries/tpch/tpch-queries/q07/v1_materialized.sql,measured,2,4,5,3,1.089,611.260,18,7,4,1763517,6096,58850990,441,2,_m;customer;nation;orders;supplier;lineitem,1602006,0,0,0,0,0,0
2026-08-18T13:02:11Z,7DFDA31CCC8D0AA1,18.4,queries/tpch/tpch-queries/q07/v1_materialized.sql,measured,2,5,5,3,1.086,607.281,18,7,4,1763517,6096,58850990,441,2,_m;customer;nation;orders;supplier;lineitem,1602006,0,0,0,0,0,0
2026-08-18T13:02:15Z,7DFDA31CCC8D0AA1,18.4,queries/tpch/tpch-queries/q07/v1_materialized.sql,measured,3,1,5,3,3.512,644.320,18,7,4,1763517,6096,58850990,441,2,_m;customer;nation;orders;supplier;lineitem,1602006,0,0,0,0,0,0
2026-08-18T13:02:15Z,7DFDA31CCC8D0AA1,18.4,queries/tpch/tpch-queries/q07/v1_materialized.sql,measured,3,2,5,3,1.141,602.928,18,7,4,1763517,6096,58850990,441,2,_m;customer;nation;orders;supplier;lineitem,1602006,0,0,0,0,0,0
2026-08-18T13:02:15Z,7DFDA31CCC8D0AA1,18.4,queries/tpch/tpch-queries/q07/v1_materialized.sql,measured,3,3,5,3,1.091,606.717,18,7,4,1763517,6096,58850990,441,2,_m;customer;nation;orders;supplier;lineitem,1602006,0,0,0,0,0,0
2026-08-18T13:02:15Z,7DFDA31CCC8D0AA1,18.4,queries/tpch/tpch-queries/q07/v1_materialized.sql,measured,3,4,5,3,1.092,602.485,18,7,4,1763517,6096,58850990,441,2,_m;customer;nation;orders;supplier;lineitem,1602006,0,0,0,0,0,0
2026-08-18T13:02:15Z,7DFDA31CCC8D0AA1,18.4,queries/tpch/tpch-queries/q07/v1_materialized.sql,measured,3,5,5,3,1.090,600.833,18,7,4,1763517,6096,58850990,441,2,_m;customer;nation;orders;supplier;lineitem,1602006,0,0,0,0,0,0
2026-08-18T13:02:15Z,7DFDA31CCC8D0AA1,18.4,queries/tpch/tpch-queries/q07/v2_union_all.sql,warmup,1,1,1,3,3.622,623.176,33,14,4,1670886,586,51792124,930,2,customer;nation;orders;supplier;ixtest_supplier_nationkey;lineitem,1366677,0,0,0,0,0,0
2026-08-18T13:02:16Z,7DFDA31CCC8D0AA1,18.4,queries/tpch/tpch-queries/q07/v2_union_all.sql,warmup,2,1,1,3,3.055,621.195,33,14,4,1670882,586,51791660,930,2,customer;nation;orders;supplier;ixtest_supplier_nationkey;lineitem,1366677,0,0,0,0,0,0
2026-08-18T13:02:19Z,7DFDA31CCC8D0AA1,18.4,queries/tpch/tpch-queries/q07/v2_union_all.sql,measured,1,1,5,3,3.051,619.572,33,14,4,1670886,586,51792124,930,2,customer;nation;orders;supplier;ixtest_supplier_nationkey;lineitem,1366677,0,0,0,0,0,0
2026-08-18T13:02:19Z,7DFDA31CCC8D0AA1,18.4,queries/tpch/tpch-queries/q07/v2_union_all.sql,measured,1,2,5,3,1.530,595.928,33,14,4,1670881,586,51791544,930,2,customer;nation;orders;supplier;ixtest_supplier_nationkey;lineitem,1366677,0,0,0,0,0,0
2026-08-18T13:02:19Z,7DFDA31CCC8D0AA1,18.4,queries/tpch/tpch-queries/q07/v2_union_all.sql,measured,1,3,5,3,1.462,590.402,33,14,4,1670882,586,51791660,930,2,customer;nation;orders;supplier;ixtest_supplier_nationkey;lineitem,1366677,0,0,0,0,0,0
2026-08-18T13:02:19Z,7DFDA31CCC8D0AA1,18.4,queries/tpch/tpch-queries/q07/v2_union_all.sql,measured,1,4,5,3,1.418,595.038,33,14,4,1670882,586,51791660,930,2,customer;nation;orders;supplier;ixtest_supplier_nationkey;lineitem,1366677,0,0,0,0,0,0
2026-08-18T13:02:19Z,7DFDA31CCC8D0AA1,18.4,queries/tpch/tpch-queries/q07/v2_union_all.sql,measured,1,5,5,3,1.452,589.375,33,14,4,1670887,586,51792240,930,2,customer;nation;orders;supplier;ixtest_supplier_nationkey;lineitem,1366677,0,0,0,0,0,0
2026-08-18T13:02:22Z,7DFDA31CCC8D0AA1,18.4,queries/tpch/tpch-queries/q07/v2_union_all.sql,measured,2,1,5,3,3.061,610.596,33,14,4,1670882,586,51791660,930,2,customer;nation;orders;supplier;ixtest_supplier_nationkey;lineitem,1366677,0,0,0,0,0,0
2026-08-18T13:02:22Z,7DFDA31CCC8D0AA1,18.4,queries/tpch/tpch-queries/q07/v2_union_all.sql,measured,2,2,5,3,1.540,594.431,33,14,4,1670886,586,51792124,930,2,customer;nation;orders;supplier;ixtest_supplier_nationkey;lineitem,1366677,0,0,0,0,0,0
2026-08-18T13:02:22Z,7DFDA31CCC8D0AA1,18.4,queries/tpch/tpch-queries/q07/v2_union_all.sql,measured,2,3,5,3,1.468,590.355,33,14,4,1670886,586,51792124,930,2,customer;nation;orders;supplier;ixtest_supplier_nationkey;lineitem,1366677,0,0,0,0,0,0
2026-08-18T13:02:22Z,7DFDA31CCC8D0AA1,18.4,queries/tpch/tpch-queries/q07/v2_union_all.sql,measured,2,4,5,3,1.431,591.407,33,14,4,1670887,586,51792240,930,2,customer;nation;orders;supplier;ixtest_supplier_nationkey;lineitem,1366677,0,0,0,0,0,0
2026-08-18T13:02:22Z,7DFDA31CCC8D0AA1,18.4,queries/tpch/tpch-queries/q07/v2_union_all.sql,measured,2,5,5,3,1.432,583.519,33,14,4,1670882,586,51791660,930,2,customer;nation;orders;supplier;ixtest_supplier_nationkey;lineitem,1366677,0,0,0,0,0,0
2026-08-18T13:02:25Z,7DFDA31CCC8D0AA1,18.4,queries/tpch/tpch-queries/q07/v2_union_all.sql,measured,3,1,5,3,3.041,612.752,33,14,4,1670882,586,51791660,930,2,customer;nation;orders;supplier;ixtest_supplier_nationkey;lineitem,1366677,0,0,0,0,0,0
2026-08-18T13:02:25Z,7DFDA31CCC8D0AA1,18.4,queries/tpch/tpch-queries/q07/v2_union_all.sql,measured,3,2,5,3,1.527,590.815,33,14,4,1670882,586,51791660,930,2,customer;nation;orders;supplier;ixtest_supplier_nationkey;lineitem,1366677,0,0,0,0,0,0
2026-08-18T13:02:25Z,7DFDA31CCC8D0AA1,18.4,queries/tpch/tpch-queries/q07/v2_union_all.sql,measured,3,3,5,3,1.419,589.313,33,14,4,1670886,586,51792124,930,2,customer;nation;orders;supplier;ixtest_supplier_nationkey;lineitem,1366677,0,0,0,0,0,0
2026-08-18T13:02:25Z,7DFDA31CCC8D0AA1,18.4,queries/tpch/tpch-queries/q07/v2_union_all.sql,measured,3,4,5,3,1.415,585.003,33,14,4,1670881,586,51791544,930,2,customer;nation;orders;supplier;ixtest_supplier_nationkey;lineitem,1366677,0,0,0,0,0,0
2026-08-18T13:02:25Z,7DFDA31CCC8D0AA1,18.4,queries/tpch/tpch-queries/q07/v2_union_all.sql,measured,3,5,5,3,1.386,591.809,33,14,4,1670887,586,51792240,930,2,customer;nation;orders;supplier;ixtest_supplier_nationkey;lineitem,1366677,0,0,0,0,0,0
2026-08-18T13:02:26Z,7DFDA31CCC8D0AA1,18.4,queries/tpch/tpch-queries/q08/base.sql,warmup,1,1,1,3,3.584,175.634,21,8,2,144711,2406,3350726,66188,2,part;lineitem;orders;customer;nation;region;supplier,280967,7373,0,0,0,0,0
2026-08-18T13:02:26Z,7DFDA31CCC8D0AA1,18.4,queries/tpch/tpch-queries/q08/base.sql,warmup,2,1,1,3,3.563,153.038,21,8,2,144711,2406,3350726,66188,2,part;lineitem;orders;customer;nation;region;supplier,288340,0,0,0,0,0,0
2026-08-18T13:02:27Z,7DFDA31CCC8D0AA1,18.4,queries/tpch/tpch-queries/q08/base.sql,measured,1,1,5,3,3.523,153.678,21,8,2,144711,2406,3350726,66188,2,part;lineitem;orders;customer;nation;region;supplier,288340,0,0,0,0,0,0
2026-08-18T13:02:27Z,7DFDA31CCC8D0AA1,18.4,queries/tpch/tpch-queries/q08/base.sql,measured,1,2,5,3,1.754,141.085,21,8,2,144711,2406,3350726,66188,2,part;lineitem;orders;customer;nation;region;supplier,288340,0,0,0,0,0,0
2026-08-18T13:02:27Z,7DFDA31CCC8D0AA1,18.4,queries/tpch/tpch-queries/q08/base.sql,measured,1,3,5,3,1.719,138.996,21,8,2,144711,2406,3350726,66188,2,part;lineitem;orders;customer;nation;region;supplier,288340,0,0,0,0,0,0
2026-08-18T13:02:27Z,7DFDA31CCC8D0AA1,18.4,queries/tpch/tpch-queries/q08/base.sql,measured,1,4,5,3,1.693,135.696,21,8,2,144711,2406,3350726,66188,2,part;lineitem;orders;customer;nation;region;supplier,288340,0,0,0,0,0,0
2026-08-18T13:02:27Z,7DFDA31CCC8D0AA1,18.4,queries/tpch/tpch-queries/q08/base.sql,measured,1,5,5,3,1.731,135.351,21,8,2,144711,2406,3350726,66188,2,part;lineitem;orders;customer;nation;region;supplier,288340,0,0,0,0,0,0
2026-08-18T13:02:27Z,7DFDA31CCC8D0AA1,18.4,queries/tpch/tpch-queries/q08/base.sql,measured,2,1,5,3,3.547,151.319,21,8,2,144711,2406,3350726,66188,2,part;lineitem;orders;customer;nation;region;supplier,288340,0,0,0,0,0,0
2026-08-18T13:02:27Z,7DFDA31CCC8D0AA1,18.4,queries/tpch/tpch-queries/q08/base.sql,measured,2,2,5,3,1.769,139.826,21,8,2,144711,2406,3350726,66188,2,part;lineitem;orders;customer;nation;region;supplier,288340,0,0,0,0,0,0
2026-08-18T13:02:27Z,7DFDA31CCC8D0AA1,18.4,queries/tpch/tpch-queries/q08/base.sql,measured,2,3,5,3,1.695,138.366,21,8,2,144711,2406,3350726,66188,2,part;lineitem;orders;customer;nation;region;supplier,288340,0,0,0,0,0,0
2026-08-18T13:02:27Z,7DFDA31CCC8D0AA1,18.4,queries/tpch/tpch-queries/q08/base.sql,measured,2,4,5,3,1.689,137.425,21,8,2,144711,2406,3350726,66188,2,part;lineitem;orders;customer;nation;region;supplier,288340,0,0,0,0,0,0
2026-08-18T13:02:27Z,7DFDA31CCC8D0AA1,18.4,queries/tpch/tpch-queries/q08/base.sql,measured,2,5,5,3,1.751,136.690,21,8,2,144711,2406,3350726,66188,2,part;lineitem;orders;customer;nation;region;supplier,288340,0,0,0,0,0,0
2026-08-18T13:02:28Z,7DFDA31CCC8D0AA1,18.4,queries/tpch/tpch-queries/q08/base.sql,measured,3,1,5,3,3.544,152.215,21,8,2,144711,2406,3350726,66188,2,part;lineitem;orders;customer;nation;region;supplier,288340,0,0,0,0,0,0
2026-08-18T13:02:28Z,7DFDA31CCC8D0AA1,18.4,queries/tpch/tpch-queries/q08/base.sql,measured,3,2,5,3,1.758,138.575,21,8,2,144711,2406,3350726,66188,2,part;lineitem;orders;customer;nation;region;supplier,288340,0,0,0,0,0,0
2026-08-18T13:02:28Z,7DFDA31CCC8D0AA1,18.4,queries/tpch/tpch-queries/q08/base.sql,measured,3,3,5,3,1.636,137.680,21,8,2,144711,2406,3350726,66188,2,part;lineitem;orders;customer;nation;region;supplier,288340,0,0,0,0,0,0
2026-08-18T13:02:28Z,7DFDA31CCC8D0AA1,18.4,queries/tpch/tpch-queries/q08/base.sql,measured,3,4,5,3,1.680,136.570,21,8,2,144711,2406,3350726,66188,2,part;lineitem;orders;customer;nation;region;supplier,288340,0,0,0,0,0,0
2026-08-18T13:02:28Z,7DFDA31CCC8D0AA1,18.4,queries/tpch/tpch-queries/q08/base.sql,measured,3,5,5,3,1.675,135.450,21,8,2,144711,2406,3350726,66188,2,part;lineitem;orders;customer;nation;region;supplier,288340,0,0,0,0,0,0
2026-08-18T13:02:28Z,7DFDA31CCC8D0AA1,18.4,queries/tpch/tpch-queries/q08/v1_materialized.sql,warmup,1,1,1,3,3.579,152.417,22,9,2,144713,2406,3350854,66188,2,_m;part;lineitem;orders;customer;nation;region;supplier,288340,0,0,0,0,0,0
2026-08-18T13:02:29Z,7DFDA31CCC8D0AA1,18.4,queries/tpch/tpch-queries/q08/v1_materialized.sql,warmup,2,1,1,3,4.514,160.871,22,9,2,144713,2406,3350854,66188,2,_m;part;lineitem;orders;customer;nation;region;supplier,288340,0,0,0,0,0,0
2026-08-18T13:02:30Z,7DFDA31CCC8D0AA1,18.4,queries/tpch/tpch-queries/q08/v1_materialized.sql,measured,1,1,5,3,3.788,157.127,22,9,2,144713,2406,3350854,66188,2,_m;part;lineitem;orders;customer;nation;region;supplier,288340,0,0,0,0,0,0
2026-08-18T13:02:30Z,7DFDA31CCC8D0AA1,18.4,queries/tpch/tpch-queries/q08/v1_materialized.sql,measured,1,2,5,3,1.774,139.751,22,9,2,144713,2406,3350854,66188,2,_m;part;lineitem;orders;customer;nation;region;supplier,288340,0,0,0,0,0,0
2026-08-18T13:02:30Z,7DFDA31CCC8D0AA1,18.4,queries/tpch/tpch-queries/q08/v1_materialized.sql,measured,1,3,5,3,1.720,138.932,22,9,2,144713,2406,3350854,66188,2,_m;part;lineitem;orders;customer;nation;region;supplier,288340,0,0,0,0,0,0
2026-08-18T13:02:30Z,7DFDA31CCC8D0AA1,18.4,queries/tpch/tpch-queries/q08/v1_materialized.sql,measured,1,4,5,3,1.712,136.542,22,9,2,144713,2406,3350854,66188,2,_m;part;lineitem;orders;customer;nation;region;supplier,288340,0,0,0,0,0,0
2026-08-18T13:02:30Z,7DFDA31CCC8D0AA1,18.4,queries/tpch/tpch-queries/q08/v1_materialized.sql,measured,1,5,5,3,1.695,137.470,22,9,2,144713,2406,3350854,66188,2,_m;part;lineitem;orders;customer;nation;region;supplier,288340,0,0,0,0,0,0
2026-08-18T13:02:30Z,7DFDA31CCC8D0AA1,18.4,queries/tpch/tpch-queries/q08/v1_materialized.sql,measured,2,1,5,3,4.515,163.405,22,9,2,144713,2406,3350854,66188,2,_m;part;lineitem;orders;customer;nation;region;supplier,288340,0,0,0,0,0,0
2026-08-18T13:02:30Z,7DFDA31CCC8D0AA1,18.4,queries/tpch/tpch-queries/q08/v1_materialized.sql,measured,2,2,5,3,1.816,142.357,22,9,2,144713,2406,3350854,66188,2,_m;part;lineitem;orders;customer;nation;region;supplier,288340,0,0,0,0,0,0
2026-08-18T13:02:30Z,7DFDA31CCC8D0AA1,18.4,queries/tpch/tpch-queries/q08/v1_materialized.sql,measured,2,3,5,3,1.758,140.353,22,9,2,144713,2406,3350854,66188,2,_m;part;lineitem;orders;customer;nation;region;supplier,288340,0,0,0,0,0,0
2026-08-18T13:02:30Z,7DFDA31CCC8D0AA1,18.4,queries/tpch/tpch-queries/q08/v1_materialized.sql,measured,2,4,5,3,1.701,137.542,22,9,2,144713,2406,3350854,66188,2,_m;part;lineitem;orders;customer;nation;region;supplier,288340,0,0,0,0,0,0
2026-08-18T13:02:30Z,7DFDA31CCC8D0AA1,18.4,queries/tpch/tpch-queries/q08/v1_materialized.sql,measured,2,5,5,3,1.743,138.711,22,9,2,144713,2406,3350854,66188,2,_m;part;lineitem;orders;customer;nation;region;supplier,288340,0,0,0,0,0,0
2026-08-18T13:02:31Z,7DFDA31CCC8D0AA1,18.4,queries/tpch/tpch-queries/q08/v1_materialized.sql,measured,3,1,5,3,3.981,156.026,22,9,2,144713,2406,3350854,66188,2,_m;part;lineitem;orders;customer;nation;region;supplier,288340,0,0,0,0,0,0
2026-08-18T13:02:31Z,7DFDA31CCC8D0AA1,18.4,queries/tpch/tpch-queries/q08/v1_materialized.sql,measured,3,2,5,3,1.771,140.820,22,9,2,144713,2406,3350854,66188,2,_m;part;lineitem;orders;customer;nation;region;supplier,288340,0,0,0,0,0,0
2026-08-18T13:02:31Z,7DFDA31CCC8D0AA1,18.4,queries/tpch/tpch-queries/q08/v1_materialized.sql,measured,3,3,5,3,1.770,140.217,22,9,2,144713,2406,3350854,66188,2,_m;part;lineitem;orders;customer;nation;region;supplier,288340,0,0,0,0,0,0
2026-08-18T13:02:31Z,7DFDA31CCC8D0AA1,18.4,queries/tpch/tpch-queries/q08/v1_materialized.sql,measured,3,4,5,3,1.778,139.095,22,9,2,144713,2406,3350854,66188,2,_m;part;lineitem;orders;customer;nation;region;supplier,288340,0,0,0,0,0,0
2026-08-18T13:02:31Z,7DFDA31CCC8D0AA1,18.4,queries/tpch/tpch-queries/q08/v1_materialized.sql,measured,3,5,5,3,1.748,138.077,22,9,2,144713,2406,3350854,66188,2,_m;part;lineitem;orders;customer;nation;region;supplier,288340,0,0,0,0,0,0
2026-08-18T13:02:31Z,7DFDA31CCC8D0AA1,18.4,queries/tpch/tpch-queries/q08/v2_filter.sql,warmup,1,1,1,3,3.536,153.104,21,8,2,144711,2406,3350726,66188,2,part;lineitem;orders;customer;nation;region;supplier,288340,0,0,0,0,0,0
2026-08-18T13:02:32Z,7DFDA31CCC8D0AA1,18.4,queries/tpch/tpch-queries/q08/v2_filter.sql,warmup,2,1,1,3,3.521,153.723,21,8,2,144711,2406,3350726,66188,2,part;lineitem;orders;customer;nation;region;supplier,288340,0,0,0,0,0,0
2026-08-18T13:02:32Z,7DFDA31CCC8D0AA1,18.4,queries/tpch/tpch-queries/q08/v2_filter.sql,measured,1,1,5,3,3.528,153.742,21,8,2,144711,2406,3350726,66188,2,part;lineitem;orders;customer;nation;region;supplier,288340,0,0,0,0,0,0
2026-08-18T13:02:32Z,7DFDA31CCC8D0AA1,18.4,queries/tpch/tpch-queries/q08/v2_filter.sql,measured,1,2,5,3,1.805,143.010,21,8,2,144711,2406,3350726,66188,2,part;lineitem;orders;customer;nation;region;supplier,288340,0,0,0,0,0,0
2026-08-18T13:02:32Z,7DFDA31CCC8D0AA1,18.4,queries/tpch/tpch-queries/q08/v2_filter.sql,measured,1,3,5,3,1.735,140.574,21,8,2,144711,2406,3350726,66188,2,part;lineitem;orders;customer;nation;region;supplier,288340,0,0,0,0,0,0
2026-08-18T13:02:32Z,7DFDA31CCC8D0AA1,18.4,queries/tpch/tpch-queries/q08/v2_filter.sql,measured,1,4,5,3,1.741,139.185,21,8,2,144711,2406,3350726,66188,2,part;lineitem;orders;customer;nation;region;supplier,288340,0,0,0,0,0,0
2026-08-18T13:02:32Z,7DFDA31CCC8D0AA1,18.4,queries/tpch/tpch-queries/q08/v2_filter.sql,measured,1,5,5,3,1.728,138.642,21,8,2,144711,2406,3350726,66188,2,part;lineitem;orders;customer;nation;region;supplier,288340,0,0,0,0,0,0
2026-08-18T13:02:33Z,7DFDA31CCC8D0AA1,18.4,queries/tpch/tpch-queries/q08/v2_filter.sql,measured,2,1,5,3,3.540,153.862,21,8,2,144711,2406,3350726,66188,2,part;lineitem;orders;customer;nation;region;supplier,288340,0,0,0,0,0,0
2026-08-18T13:02:33Z,7DFDA31CCC8D0AA1,18.4,queries/tpch/tpch-queries/q08/v2_filter.sql,measured,2,2,5,3,1.761,140.034,21,8,2,144711,2406,3350726,66188,2,part;lineitem;orders;customer;nation;region;supplier,288340,0,0,0,0,0,0
2026-08-18T13:02:33Z,7DFDA31CCC8D0AA1,18.4,queries/tpch/tpch-queries/q08/v2_filter.sql,measured,2,3,5,3,1.686,138.024,21,8,2,144711,2406,3350726,66188,2,part;lineitem;orders;customer;nation;region;supplier,288340,0,0,0,0,0,0
2026-08-18T13:02:33Z,7DFDA31CCC8D0AA1,18.4,queries/tpch/tpch-queries/q08/v2_filter.sql,measured,2,4,5,3,1.694,142.048,21,8,2,144711,2406,3350726,66188,2,part;lineitem;orders;customer;nation;region;supplier,288340,0,0,0,0,0,0
2026-08-18T13:02:33Z,7DFDA31CCC8D0AA1,18.4,queries/tpch/tpch-queries/q08/v2_filter.sql,measured,2,5,5,3,1.688,135.939,21,8,2,144711,2406,3350726,66188,2,part;lineitem;orders;customer;nation;region;supplier,288340,0,0,0,0,0,0
2026-08-18T13:02:34Z,7DFDA31CCC8D0AA1,18.4,queries/tpch/tpch-queries/q08/v2_filter.sql,measured,3,1,5,3,3.734,157.322,21,8,2,144711,2406,3350726,66188,2,part;lineitem;orders;customer;nation;region;supplier,288340,0,0,0,0,0,0
2026-08-18T13:02:34Z,7DFDA31CCC8D0AA1,18.4,queries/tpch/tpch-queries/q08/v2_filter.sql,measured,3,2,5,3,1.757,142.328,21,8,2,144711,2406,3350726,66188,2,part;lineitem;orders;customer;nation;region;supplier,288340,0,0,0,0,0,0
2026-08-18T13:02:34Z,7DFDA31CCC8D0AA1,18.4,queries/tpch/tpch-queries/q08/v2_filter.sql,measured,3,3,5,3,1.760,139.244,21,8,2,144711,2406,3350726,66188,2,part;lineitem;orders;customer;nation;region;supplier,288340,0,0,0,0,0,0
2026-08-18T13:02:34Z,7DFDA31CCC8D0AA1,18.4,queries/tpch/tpch-queries/q08/v2_filter.sql,measured,3,4,5,3,1.706,139.126,21,8,2,144711,2406,3350726,66188,2,part;lineitem;orders;customer;nation;region;supplier,288340,0,0,0,0,0,0
2026-08-18T13:02:34Z,7DFDA31CCC8D0AA1,18.4,queries/tpch/tpch-queries/q08/v2_filter.sql,measured,3,5,5,3,1.715,136.102,21,8,2,144711,2406,3350726,66188,2,part;lineitem;orders;customer;nation;region;supplier,288340,0,0,0,0,0,0
2026-08-18T13:02:35Z,7DFDA31CCC8D0AA1,18.4,queries/tpch/tpch-queries/q09/base.sql,warmup,1,1,1,3,7.267,1082.827,15,6,175,2950121,48,123794846,63112,2,part;partsupp;lineitem;supplier;orders;nation,2724252,6453,0,0,0,0,0
2026-08-18T13:02:36Z,7DFDA31CCC8D0AA1,18.4,queries/tpch/tpch-queries/q09/base.sql,warmup,2,1,1,3,4.337,1050.115,15,6,175,2950121,48,123794846,63112,2,part;partsupp;lineitem;supplier;orders;nation,2730705,0,0,0,0,0,0
2026-08-18T13:02:42Z,7DFDA31CCC8D0AA1,18.4,queries/tpch/tpch-queries/q09/base.sql,measured,1,1,5,3,4.363,1047.657,15,6,175,2950121,48,123794846,63112,2,part;partsupp;lineitem;supplier;orders;nation,2730705,0,0,0,0,0,0
2026-08-18T13:02:42Z,7DFDA31CCC8D0AA1,18.4,queries/tpch/tpch-queries/q09/base.sql,measured,1,2,5,3,2.304,1017.831,15,6,175,2950121,48,123794846,63112,2,part;partsupp;lineitem;supplier;orders;nation,2730705,0,0,0,0,0,0
2026-08-18T13:02:42Z,7DFDA31CCC8D0AA1,18.4,queries/tpch/tpch-queries/q09/base.sql,measured,1,3,5,3,2.237,1041.618,15,6,175,2950121,48,123794846,63112,2,part;partsupp;lineitem;supplier;orders;nation,2730705,0,0,0,0,0,0
2026-08-18T13:02:42Z,7DFDA31CCC8D0AA1,18.4,queries/tpch/tpch-queries/q09/base.sql,measured,1,4,5,3,2.236,1019.670,15,6,175,2950121,48,123794846,63112,2,part;partsupp;lineitem;supplier;orders;nation,2730705,0,0,0,0,0,0
2026-08-18T13:02:42Z,7DFDA31CCC8D0AA1,18.4,queries/tpch/tpch-queries/q09/base.sql,measured,1,5,5,3,2.287,1029.875,15,6,175,2950121,48,123794846,63112,2,part;partsupp;lineitem;supplier;orders;nation,2730705,0,0,0,0,0,0
2026-08-18T13:02:47Z,7DFDA31CCC8D0AA1,18.4,queries/tpch/tpch-queries/q09/base.sql,measured,2,1,5,3,4.425,1039.253,15,6,175,2950121,48,123794846,63112,2,part;partsupp;lineitem;supplier;orders;nation,2730705,0,0,0,0,0,0
2026-08-18T13:02:47Z,7DFDA31CCC8D0AA1,18.4,queries/tpch/tpch-queries/q09/base.sql,measured,2,2,5,3,2.289,1017.190,15,6,175,2950121,48,123794846,63112,2,part;partsupp;lineitem;supplier;orders;nation,2730705,0,0,0,0,0,0
2026-08-18T13:02:47Z,7DFDA31CCC8D0AA1,18.4,queries/tpch/tpch-queries/q09/base.sql,measured,2,3,5,3,2.235,1014.515,15,6,175,2950121,48,123794846,63112,2,part;partsupp;lineitem;supplier;orders;nation,2730705,0,0,0,0,0,0
2026-08-18T13:02:47Z,7DFDA31CCC8D0AA1,18.4,queries/tpch/tpch-queries/q09/base.sql,measured,2,4,5,3,2.241,1018.239,15,6,175,2950121,48,123794846,63112,2,part;partsupp;lineitem;supplier;orders;nation,2730705,0,0,0,0,0,0
2026-08-18T13:02:47Z,7DFDA31CCC8D0AA1,18.4,queries/tpch/tpch-queries/q09/base.sql,measured,2,5,5,3,2.238,1010.532,15,6,175,2950121,48,123794846,63112,2,part;partsupp;lineitem;supplier;orders;nation,2730705,0,0,0,0,0,0
2026-08-18T13:02:52Z,7DFDA31CCC8D0AA1,18.4,queries/tpch/tpch-queries/q09/base.sql,measured,3,1,5,3,4.357,1036.901,15,6,175,2950121,48,123794846,63112,2,part;partsupp;lineitem;supplier;orders;nation,2730705,0,0,0,0,0,0
2026-08-18T13:02:52Z,7DFDA31CCC8D0AA1,18.4,queries/tpch/tpch-queries/q09/base.sql,measured,3,2,5,3,2.297,1028.584,15,6,175,2950121,48,123794846,63112,2,part;partsupp;lineitem;supplier;orders;nation,2730705,0,0,0,0,0,0
2026-08-18T13:02:52Z,7DFDA31CCC8D0AA1,18.4,queries/tpch/tpch-queries/q09/base.sql,measured,3,3,5,3,2.240,1014.979,15,6,175,2950121,48,123794846,63112,2,part;partsupp;lineitem;supplier;orders;nation,2730705,0,0,0,0,0,0
2026-08-18T13:02:52Z,7DFDA31CCC8D0AA1,18.4,queries/tpch/tpch-queries/q09/base.sql,measured,3,4,5,3,2.234,1019.607,15,6,175,2950121,48,123794846,63112,2,part;partsupp;lineitem;supplier;orders;nation,2730705,0,0,0,0,0,0
2026-08-18T13:02:52Z,7DFDA31CCC8D0AA1,18.4,queries/tpch/tpch-queries/q09/base.sql,measured,3,5,5,3,2.248,1024.317,15,6,175,2950121,48,123794846,63112,2,part;partsupp;lineitem;supplier;orders;nation,2730705,0,0,0,0,0,0
2026-08-18T13:02:53Z,7DFDA31CCC8D0AA1,18.4,queries/tpch/tpch-queries/q09/v1_materialized.sql,warmup,1,1,1,3,4.359,1031.457,17,7,175,2950471,48,123853646,63112,2,part;partsupp;lineitem;supplier;orders;nation;_m,2730705,0,0,0,0,0,0
2026-08-18T13:02:54Z,7DFDA31CCC8D0AA1,18.4,queries/tpch/tpch-queries/q09/v1_materialized.sql,warmup,2,1,1,3,4.381,1041.117,17,7,175,2950471,48,123853646,63112,2,part;partsupp;lineitem;supplier;orders;nation;_m,2730705,0,0,0,0,0,0
2026-08-18T13:03:00Z,7DFDA31CCC8D0AA1,18.4,queries/tpch/tpch-queries/q09/v1_materialized.sql,measured,1,1,5,3,4.387,1051.905,17,7,175,2950471,48,123853646,63112,2,part;partsupp;lineitem;supplier;orders;nation;_m,2730705,0,0,0,0,0,0
2026-08-18T13:03:00Z,7DFDA31CCC8D0AA1,18.4,queries/tpch/tpch-queries/q09/v1_materialized.sql,measured,1,2,5,3,2.347,1033.628,17,7,175,2950471,48,123853646,63112,2,part;partsupp;lineitem;supplier;orders;nation;_m,2730705,0,0,0,0,0,0
2026-08-18T13:03:00Z,7DFDA31CCC8D0AA1,18.4,queries/tpch/tpch-queries/q09/v1_materialized.sql,measured,1,3,5,3,2.260,1013.451,17,7,175,2950471,48,123853646,63112,2,part;partsupp;lineitem;supplier;orders;nation;_m,2730705,0,0,0,0,0,0
2026-08-18T13:03:00Z,7DFDA31CCC8D0AA1,18.4,queries/tpch/tpch-queries/q09/v1_materialized.sql,measured,1,4,5,3,2.269,1029.229,17,7,175,2950471,48,123853646,63112,2,part;partsupp;lineitem;supplier;orders;nation;_m,2730705,0,0,0,0,0,0
2026-08-18T13:03:00Z,7DFDA31CCC8D0AA1,18.4,queries/tpch/tpch-queries/q09/v1_materialized.sql,measured,1,5,5,3,2.259,1025.902,17,7,175,2950471,48,123853646,63112,2,part;partsupp;lineitem;supplier;orders;nation;_m,2730705,0,0,0,0,0,0
2026-08-18T13:03:05Z,7DFDA31CCC8D0AA1,18.4,queries/tpch/tpch-queries/q09/v1_materialized.sql,measured,2,1,5,3,4.399,1049.714,17,7,175,2950471,48,123853646,63112,2,part;partsupp;lineitem;supplier;orders;nation;_m,2730705,0,0,0,0,0,0
2026-08-18T13:03:05Z,7DFDA31CCC8D0AA1,18.4,queries/tpch/tpch-queries/q09/v1_materialized.sql,measured,2,2,5,3,2.326,1028.616,17,7,175,2950471,48,123853646,63112,2,part;partsupp;lineitem;supplier;orders;nation;_m,2730705,0,0,0,0,0,0
2026-08-18T13:03:05Z,7DFDA31CCC8D0AA1,18.4,queries/tpch/tpch-queries/q09/v1_materialized.sql,measured,2,3,5,3,2.269,1025.315,17,7,175,2950471,48,123853646,63112,2,part;partsupp;lineitem;supplier;orders;nation;_m,2730705,0,0,0,0,0,0
2026-08-18T13:03:05Z,7DFDA31CCC8D0AA1,18.4,queries/tpch/tpch-queries/q09/v1_materialized.sql,measured,2,4,5,3,2.268,1010.917,17,7,175,2950471,48,123853646,63112,2,part;partsupp;lineitem;supplier;orders;nation;_m,2730705,0,0,0,0,0,0
2026-08-18T13:03:05Z,7DFDA31CCC8D0AA1,18.4,queries/tpch/tpch-queries/q09/v1_materialized.sql,measured,2,5,5,3,2.272,1013.535,17,7,175,2950471,48,123853646,63112,2,part;partsupp;lineitem;supplier;orders;nation;_m,2730705,0,0,0,0,0,0
2026-08-18T13:03:10Z,7DFDA31CCC8D0AA1,18.4,queries/tpch/tpch-queries/q09/v1_materialized.sql,measured,3,1,5,3,4.365,1048.713,17,7,175,2950471,48,123853646,63112,2,part;partsupp;lineitem;supplier;orders;nation;_m,2730705,0,0,0,0,0,0
2026-08-18T13:03:10Z,7DFDA31CCC8D0AA1,18.4,queries/tpch/tpch-queries/q09/v1_materialized.sql,measured,3,2,5,3,2.325,1030.780,17,7,175,2950471,48,123853646,63112,2,part;partsupp;lineitem;supplier;orders;nation;_m,2730705,0,0,0,0,0,0
2026-08-18T13:03:10Z,7DFDA31CCC8D0AA1,18.4,queries/tpch/tpch-queries/q09/v1_materialized.sql,measured,3,3,5,3,2.263,1025.007,17,7,175,2950471,48,123853646,63112,2,part;partsupp;lineitem;supplier;orders;nation;_m,2730705,0,0,0,0,0,0
2026-08-18T13:03:10Z,7DFDA31CCC8D0AA1,18.4,queries/tpch/tpch-queries/q09/v1_materialized.sql,measured,3,4,5,3,2.269,1024.317,17,7,175,2950471,48,123853646,63112,2,part;partsupp;lineitem;supplier;orders;nation;_m,2730705,0,0,0,0,0,0
2026-08-18T13:03:10Z,7DFDA31CCC8D0AA1,18.4,queries/tpch/tpch-queries/q09/v1_materialized.sql,measured,3,5,5,3,2.269,1020.426,17,7,175,2950471,48,123853646,63112,2,part;partsupp;lineitem;supplier;orders;nation;_m,2730705,0,0,0,0,0,0
2026-08-18T13:03:10Z,7DFDA31CCC8D0AA1,18.4,queries/tpch/tpch-queries/q10/base.sql,warmup,1,1,1,3,2.157,307.022,15,5,20,951185,20,89909259,2,2,customer;orders;ixtest_orders_orderdate;lineitem;nation,258470,51,0,0,0,0,0
2026-08-18T13:03:11Z,7DFDA31CCC8D0AA1,18.4,queries/tpch/tpch-queries/q10/base.sql,warmup,2,1,1,3,2.145,306.832,15,5,20,951185,20,89909259,2,2,customer;orders;ixtest_orders_orderdate;lineitem;nation,258521,0,0,0,0,0,0
2026-08-18T13:03:12Z,7DFDA31CCC8D0AA1,18.4,queries/tpch/tpch-queries/q10/base.sql,measured,1,1,5,3,2.098,306.996,15,5,20,951185,20,89909259,2,2,customer;orders;ixtest_orders_orderdate;lineitem;nation,258521,0,0,0,0,0,0
2026-08-18T13:03:12Z,7DFDA31CCC8D0AA1,18.4,queries/tpch/tpch-queries/q10/base.sql,measured,1,2,5,3,0.730,272.784,15,5,20,951185,20,89909259,2,2,customer;orders;ixtest_orders_orderdate;lineitem;nation,258518,0,0,0,0,0,0
2026-08-18T13:03:12Z,7DFDA31CCC8D0AA1,18.4,queries/tpch/tpch-queries/q10/base.sql,measured,1,3,5,3,0.728,268.189,15,5,20,951185,20,89909259,2,2,customer;orders;ixtest_orders_orderdate;lineitem;nation,258518,0,0,0,0,0,0
2026-08-18T13:03:12Z,7DFDA31CCC8D0AA1,18.4,queries/tpch/tpch-queries/q10/base.sql,measured,1,4,5,3,0.730,268.184,15,5,20,951185,20,89909259,2,2,customer;orders;ixtest_orders_orderdate;lineitem;nation,258518,0,0,0,0,0,0
2026-08-18T13:03:12Z,7DFDA31CCC8D0AA1,18.4,queries/tpch/tpch-queries/q10/base.sql,measured,1,5,5,3,0.726,269.584,15,5,20,951185,20,89909259,2,2,customer;orders;ixtest_orders_orderdate;lineitem;nation,258518,0,0,0,0,0,0
2026-08-18T13:03:14Z,7DFDA31CCC8D0AA1,18.4,queries/tpch/tpch-queries/q10/base.sql,measured,2,1,5,3,2.115,308.463,15,5,20,951185,20,89909259,2,2,customer;orders;ixtest_orders_orderdate;lineitem;nation,258521,0,0,0,0,0,0
2026-08-18T13:03:14Z,7DFDA31CCC8D0AA1,18.4,queries/tpch/tpch-queries/q10/base.sql,measured,2,2,5,3,0.725,275.721,15,5,20,951185,20,89909259,2,2,customer;orders;ixtest_orders_orderdate;lineitem;nation,258518,0,0,0,0,0,0
2026-08-18T13:03:14Z,7DFDA31CCC8D0AA1,18.4,queries/tpch/tpch-queries/q10/base.sql,measured,2,3,5,3,0.779,271.206,15,5,20,951185,20,89909259,2,2,customer;orders;ixtest_orders_orderdate;lineitem;nation,258518,0,0,0,0,0,0
2026-08-18T13:03:14Z,7DFDA31CCC8D0AA1,18.4,queries/tpch/tpch-queries/q10/base.sql,measured,2,4,5,3,0.718,271.242,15,5,20,951185,20,89909259,2,2,customer;orders;ixtest_orders_orderdate;lineitem;nation,258518,0,0,0,0,0,0
2026-08-18T13:03:14Z,7DFDA31CCC8D0AA1,18.4,queries/tpch/tpch-queries/q10/base.sql,measured,2,5,5,3,0.742,268.800,15,5,20,951185,20,89909259,2,2,customer;orders;ixtest_orders_orderdate;lineitem;nation,258518,0,0,0,0,0,0
2026-08-18T13:03:15Z,7DFDA31CCC8D0AA1,18.4,queries/tpch/tpch-queries/q10/base.sql,measured,3,1,5,3,2.099,308.378,15,5,20,951185,20,89909259,2,2,customer;orders;ixtest_orders_orderdate;lineitem;nation,258521,0,0,0,0,0,0
2026-08-18T13:03:15Z,7DFDA31CCC8D0AA1,18.4,queries/tpch/tpch-queries/q10/base.sql,measured,3,2,5,3,0.721,275.570,15,5,20,951185,20,89909259,2,2,customer;orders;ixtest_orders_orderdate;lineitem;nation,258518,0,0,0,0,0,0
2026-08-18T13:03:15Z,7DFDA31CCC8D0AA1,18.4,queries/tpch/tpch-queries/q10/base.sql,measured,3,3,5,3,0.726,269.564,15,5,20,951185,20,89909259,2,2,customer;orders;ixtest_orders_orderdate;lineitem;nation,258518,0,0,0,0,0,0
2026-08-18T13:03:15Z,7DFDA31CCC8D0AA1,18.4,queries/tpch/tpch-queries/q10/base.sql,measured,3,4,5,3,0.724,268.942,15,5,20,951185,20,89909259,2,2,customer;orders;ixtest_orders_orderdate;lineitem;nation,258518,0,0,0,0,0,0
2026-08-18T13:03:15Z,7DFDA31CCC8D0AA1,18.4,queries/tpch/tpch-queries/q10/base.sql,measured,3,5,5,3,0.728,269.150,15,5,20,951185,20,89909259,2,2,customer;orders;ixtest_orders_orderdate;lineitem;nation,258518,0,0,0,0,0,0
2026-08-18T13:03:16Z,7DFDA31CCC8D0AA1,18.4,queries/tpch/tpch-queries/q10/v1_materialized.sql,warmup,1,1,1,3,1.898,318.997,15,6,20,1027925,20,119724972,2,2,customer;orders;ixtest_orders_orderdate;lineitem;nation;_m,258521,0,0,0,0,0,0
2026-08-18T13:03:16Z,7DFDA31CCC8D0AA1,18.4,queries/tpch/tpch-queries/q10/v1_materialized.sql,warmup,2,1,1,3,1.885,319.782,15,6,20,1027925,20,119724972,2,2,customer;orders;ixtest_orders_orderdate;lineitem;nation;_m,258521,0,0,0,0,0,0
2026-08-18T13:03:18Z,7DFDA31CCC8D0AA1,18.4,queries/tpch/tpch-queries/q10/v1_materialized.sql,measured,1,1,5,3,1.900,318.935,15,6,20,1027925,20,119724972,2,2,customer;orders;ixtest_orders_orderdate;lineitem;nation;_m,258521,0,0,0,0,0,0
2026-08-18T13:03:18Z,7DFDA31CCC8D0AA1,18.4,queries/tpch/tpch-queries/q10/v1_materialized.sql,measured,1,2,5,3,0.538,288.400,15,6,20,1027925,20,119724972,2,2,customer;orders;ixtest_orders_orderdate;lineitem;nation;_m,258518,0,0,0,0,0,0
2026-08-18T13:03:18Z,7DFDA31CCC8D0AA1,18.4,queries/tpch/tpch-queries/q10/v1_materialized.sql,measured,1,3,5,3,0.534,281.470,15,6,20,1027925,20,119724972,2,2,customer;orders;ixtest_orders_orderdate;lineitem;nation;_m,258518,0,0,0,0,0,0
2026-08-18T13:03:18Z,7DFDA31CCC8D0AA1,18.4,queries/tpch/tpch-queries/q10/v1_materialized.sql,measured,1,4,5,3,0.538,280.455,15,6,20,1027925,20,119724972,2,2,customer;orders;ixtest_orders_orderdate;lineitem;nation;_m,258518,0,0,0,0,0,0
2026-08-18T13:03:18Z,7DFDA31CCC8D0AA1,18.4,queries/tpch/tpch-queries/q10/v1_materialized.sql,measured,1,5,5,3,0.549,282.525,15,6,20,1027925,20,119724972,2,2,customer;orders;ixtest_orders_orderdate;lineitem;nation;_m,258518,0,0,0,0,0,0
2026-08-18T13:03:19Z,7DFDA31CCC8D0AA1,18.4,queries/tpch/tpch-queries/q10/v1_materialized.sql,measured,2,1,5,3,1.884,318.911,15,6,20,1027925,20,119724972,2,2,customer;orders;ixtest_orders_orderdate;lineitem;nation;_m,258521,0,0,0,0,0,0
2026-08-18T13:03:19Z,7DFDA31CCC8D0AA1,18.4,queries/tpch/tpch-queries/q10/v1_materialized.sql,measured,2,2,5,3,0.536,286.127,15,6,20,1027925,20,119724972,2,2,customer;orders;ixtest_orders_orderdate;lineitem;nation;_m,258518,0,0,0,0,0,0
2026-08-18T13:03:19Z,7DFDA31CCC8D0AA1,18.4,queries/tpch/tpch-queries/q10/v1_materialized.sql,measured,2,3,5,3,0.543,287.607,15,6,20,1027925,20,119724972,2,2,customer;orders;ixtest_orders_orderdate;lineitem;nation;_m,258518,0,0,0,0,0,0
2026-08-18T13:03:19Z,7DFDA31CCC8D0AA1,18.4,queries/tpch/tpch-queries/q10/v1_materialized.sql,measured,2,4,5,3,0.535,279.803,15,6,20,1027925,20,119724972,2,2,customer;orders;ixtest_orders_orderdate;lineitem;nation;_m,258518,0,0,0,0,0,0
2026-08-18T13:03:19Z,7DFDA31CCC8D0AA1,18.4,queries/tpch/tpch-queries/q10/v1_materialized.sql,measured,2,5,5,3,0.515,283.510,15,6,20,1027925,20,119724972,2,2,customer;orders;ixtest_orders_orderdate;lineitem;nation;_m,258518,0,0,0,0,0,0
2026-08-18T13:03:21Z,7DFDA31CCC8D0AA1,18.4,queries/tpch/tpch-queries/q10/v1_materialized.sql,measured,3,1,5,3,1.899,318.983,15,6,20,1027925,20,119724972,2,2,customer;orders;ixtest_orders_orderdate;lineitem;nation;_m,258521,0,0,0,0,0,0
2026-08-18T13:03:21Z,7DFDA31CCC8D0AA1,18.4,queries/tpch/tpch-queries/q10/v1_materialized.sql,measured,3,2,5,3,0.529,285.647,15,6,20,1027925,20,119724972,2,2,customer;orders;ixtest_orders_orderdate;lineitem;nation;_m,258518,0,0,0,0,0,0
2026-08-18T13:03:21Z,7DFDA31CCC8D0AA1,18.4,queries/tpch/tpch-queries/q10/v1_materialized.sql,measured,3,3,5,3,0.536,280.565,15,6,20,1027925,20,119724972,2,2,customer;orders;ixtest_orders_orderdate;lineitem;nation;_m,258518,0,0,0,0,0,0
2026-08-18T13:03:21Z,7DFDA31CCC8D0AA1,18.4,queries/tpch/tpch-queries/q10/v1_materialized.sql,measured,3,4,5,3,0.527,281.470,15,6,20,1027925,20,119724972,2,2,customer;orders;ixtest_orders_orderdate;lineitem;nation;_m,258518,0,0,0,0,0,0
2026-08-18T13:03:21Z,7DFDA31CCC8D0AA1,18.4,queries/tpch/tpch-queries/q10/v1_materialized.sql,measured,3,5,5,3,0.535,278.505,15,6,20,1027925,20,119724972,2,2,customer;orders;ixtest_orders_orderdate;lineitem;nation;_m,258518,0,0,0,0,0,0
2026-08-18T13:03:21Z,7DFDA31CCC8D0AA1,18.4,queries/tpch/tpch-queries/q11/base.sql,warmup,1,1,1,3,1.201,85.699,15,8,1048,131195,10620,1859080,28818,0,nation;supplier;ixtest_supplier_nationkey;partsupp,66121,0,0,0,0,0,0
2026-08-18T13:03:21Z,7DFDA31CCC8D0AA1,18.4,queries/tpch/tpch-queries/q11/base.sql,warmup,2,1,1,3,1.208,86.544,15,8,1048,131195,10620,1859080,28818,0,nation;supplier;ixtest_supplier_nationkey;partsupp,66121,0,0,0,0,0,0
2026-08-18T13:03:22Z,7DFDA31CCC8D0AA1,18.4,queries/tpch/tpch-queries/q11/base.sql,measured,1,1,5,3,1.255,87.402,15,8,1048,131195,10620,1859080,28818,0,nation;supplier;ixtest_supplier_nationkey;partsupp,66121,0,0,0,0,0,0
2026-08-18T13:03:22Z,7DFDA31CCC8D0AA1,18.4,queries/tpch/tpch-queries/q11/base.sql,measured,1,2,5,3,0.725,78.477,15,8,1048,131195,10620,1859080,28818,0,nation;supplier;ixtest_supplier_nationkey;partsupp,66118,0,0,0,0,0,0
2026-08-18T13:03:22Z,7DFDA31CCC8D0AA1,18.4,queries/tpch/tpch-queries/q11/base.sql,measured,1,3,5,3,0.481,79.769,15,8,1048,131195,10620,1859080,28818,0,nation;supplier;ixtest_supplier_nationkey;partsupp,66118,0,0,0,0,0,0
2026-08-18T13:03:22Z,7DFDA31CCC8D0AA1,18.4,queries/tpch/tpch-queries/q11/base.sql,measured,1,4,5,3,0.497,78.840,15,8,1048,131195,10620,1859080,28818,0,nation;supplier;ixtest_supplier_nationkey;partsupp,66118,0,0,0,0,0,0
2026-08-18T13:03:22Z,7DFDA31CCC8D0AA1,18.4,queries/tpch/tpch-queries/q11/base.sql,measured,1,5,5,3,0.488,81.494,15,8,1048,131195,10620,1859080,28818,0,nation;supplier;ixtest_supplier_nationkey;partsupp,66118,0,0,0,0,0,0
2026-08-18T13:03:22Z,7DFDA31CCC8D0AA1,18.4,queries/tpch/tpch-queries/q11/base.sql,measured,2,1,5,3,1.212,85.622,15,8,1048,131195,10620,1859080,28818,0,nation;supplier;ixtest_supplier_nationkey;partsupp,66121,0,0,0,0,0,0
2026-08-18T13:03:22Z,7DFDA31CCC8D0AA1,18.4,queries/tpch/tpch-queries/q11/base.sql,measured,2,2,5,3,0.519,81.554,15,8,1048,131195,10620,1859080,28818,0,nation;supplier;ixtest_supplier_nationkey;partsupp,66118,0,0,0,0,0,0
2026-08-18T13:03:22Z,7DFDA31CCC8D0AA1,18.4,queries/tpch/tpch-queries/q11/base.sql,measured,2,3,5,3,0.504,82.123,15,8,1048,131195,10620,1859080,28818,0,nation;supplier;ixtest_supplier_nationkey;partsupp,66118,0,0,0,0,0,0
2026-08-18T13:03:22Z,7DFDA31CCC8D0AA1,18.4,queries/tpch/tpch-queries/q11/base.sql,measured,2,4,5,3,0.505,82.699,15,8,1048,131195,10620,1859080,28818,0,nation;supplier;ixtest_supplier_nationkey;partsupp,66118,0,0,0,0,0,0
2026-08-18T13:03:22Z,7DFDA31CCC8D0AA1,18.4,queries/tpch/tpch-queries/q11/base.sql,measured,2,5,5,3,0.504,82.233,15,8,1048,131195,10620,1859080,28818,0,nation;supplier;ixtest_supplier_nationkey;partsupp,66118,0,0,0,0,0,0
2026-08-18T13:03:23Z,7DFDA31CCC8D0AA1,18.4,queries/tpch/tpch-queries/q11/base.sql,measured,3,1,5,3,1.223,84.551,15,8,1048,131195,10620,1859080,28818,0,nation;supplier;ixtest_supplier_nationkey;partsupp,66121,0,0,0,0,0,0
2026-08-18T13:03:23Z,7DFDA31CCC8D0AA1,18.4,queries/tpch/tpch-queries/q11/base.sql,measured,3,2,5,3,0.518,80.617,15,8,1048,131195,10620,1859080,28818,0,nation;supplier;ixtest_supplier_nationkey;partsupp,66118,0,0,0,0,0,0
2026-08-18T13:03:23Z,7DFDA31CCC8D0AA1,18.4,queries/tpch/tpch-queries/q11/base.sql,measured,3,3,5,3,0.533,81.462,15,8,1048,131195,10620,1859080,28818,0,nation;supplier;ixtest_supplier_nationkey;partsupp,66118,0,0,0,0,0,0
2026-08-18T13:03:23Z,7DFDA31CCC8D0AA1,18.4,queries/tpch/tpch-queries/q11/base.sql,measured,3,4,5,3,0.525,80.474,15,8,1048,131195,10620,1859080,28818,0,nation;supplier;ixtest_supplier_nationkey;partsupp,66118,0,0,0,0,0,0
2026-08-18T13:03:23Z,7DFDA31CCC8D0AA1,18.4,queries/tpch/tpch-queries/q11/base.sql,measured,3,5,5,3,0.503,81.085,15,8,1048,131195,10620,1859080,28818,0,nation;supplier;ixtest_supplier_nationkey;partsupp,66118,0,0,0,0,0,0
2026-08-18T13:03:23Z,7DFDA31CCC8D0AA1,18.4,queries/tpch/tpch-queries/q11/v1_materialized.sql,warmup,1,1,1,3,1.217,85.245,16,9,1048,132243,10620,1896808,28818,0,nation;supplier;ixtest_supplier_nationkey;partsupp;_m,66121,0,0,0,0,0,0
2026-08-18T13:03:23Z,7DFDA31CCC8D0AA1,18.4,queries/tpch/tpch-queries/q11/v1_materialized.sql,warmup,2,1,1,3,1.210,84.901,16,9,1048,132243,10620,1896808,28818,0,nation;supplier;ixtest_supplier_nationkey;partsupp;_m,66121,0,0,0,0,0,0
2026-08-18T13:03:23Z,7DFDA31CCC8D0AA1,18.4,queries/tpch/tpch-queries/q11/v1_materialized.sql,measured,1,1,5,3,1.212,86.357,16,9,1048,132243,10620,1896808,28818,0,nation;supplier;ixtest_supplier_nationkey;partsupp;_m,66121,0,0,0,0,0,0
2026-08-18T13:03:23Z,7DFDA31CCC8D0AA1,18.4,queries/tpch/tpch-queries/q11/v1_materialized.sql,measured,1,2,5,3,0.547,84.619,16,9,1048,132243,10620,1896808,28818,0,nation;supplier;ixtest_supplier_nationkey;partsupp;_m,66118,0,0,0,0,0,0
2026-08-18T13:03:23Z,7DFDA31CCC8D0AA1,18.4,queries/tpch/tpch-queries/q11/v1_materialized.sql,measured,1,3,5,3,0.518,82.349,16,9,1048,132243,10620,1896808,28818,0,nation;supplier;ixtest_supplier_nationkey;partsupp;_m,66118,0,0,0,0,0,0
2026-08-18T13:03:23Z,7DFDA31CCC8D0AA1,18.4,queries/tpch/tpch-queries/q11/v1_materialized.sql,measured,1,4,5,3,0.538,86.106,16,9,1048,132243,10620,1896808,28818,0,nation;supplier;ixtest_supplier_nationkey;partsupp;_m,66118,0,0,0,0,0,0
2026-08-18T13:03:23Z,7DFDA31CCC8D0AA1,18.4,queries/tpch/tpch-queries/q11/v1_materialized.sql,measured,1,5,5,3,0.539,88.410,16,9,1048,132243,10620,1896808,28818,0,nation;supplier;ixtest_supplier_nationkey;partsupp;_m,66118,0,0,0,0,0,0
2026-08-18T13:03:24Z,7DFDA31CCC8D0AA1,18.4,queries/tpch/tpch-queries/q11/v1_materialized.sql,measured,2,1,5,3,1.227,89.869,16,9,1048,132243,10620,1896808,28818,0,nation;supplier;ixtest_supplier_nationkey;partsupp;_m,66121,0,0,0,0,0,0
2026-08-18T13:03:24Z,7DFDA31CCC8D0AA1,18.4,queries/tpch/tpch-queries/q11/v1_materialized.sql,measured,2,2,5,3,0.581,85.838,16,9,1048,132243,10620,1896808,28818,0,nation;supplier;ixtest_supplier_nationkey;partsupp;_m,66118,0,0,0,0,0,0
2026-08-18T13:03:24Z,7DFDA31CCC8D0AA1,18.4,queries/tpch/tpch-queries/q11/v1_materialized.sql,measured,2,3,5,3,0.552,87.991,16,9,1048,132243,10620,1896808,28818,0,nation;supplier;ixtest_supplier_nationkey;partsupp;_m,66118,0,0,0,0,0,0
2026-08-18T13:03:24Z,7DFDA31CCC8D0AA1,18.4,queries/tpch/tpch-queries/q11/v1_materialized.sql,measured,2,4,5,3,0.572,86.780,16,9,1048,132243,10620,1896808,28818,0,nation;supplier;ixtest_supplier_nationkey;partsupp;_m,66118,0,0,0,0,0,0
2026-08-18T13:03:24Z,7DFDA31CCC8D0AA1,18.4,queries/tpch/tpch-queries/q11/v1_materialized.sql,measured,2,5,5,3,0.550,87.384,16,9,1048,132243,10620,1896808,28818,0,nation;supplier;ixtest_supplier_nationkey;partsupp;_m,66118,0,0,0,0,0,0
2026-08-18T13:03:24Z,7DFDA31CCC8D0AA1,18.4,queries/tpch/tpch-queries/q11/v1_materialized.sql,measured,3,1,5,3,1.220,89.785,16,9,1048,132243,10620,1896808,28818,0,nation;supplier;ixtest_supplier_nationkey;partsupp;_m,66121,0,0,0,0,0,0
2026-08-18T13:03:24Z,7DFDA31CCC8D0AA1,18.4,queries/tpch/tpch-queries/q11/v1_materialized.sql,measured,3,2,5,3,0.562,87.773,16,9,1048,132243,10620,1896808,28818,0,nation;supplier;ixtest_supplier_nationkey;partsupp;_m,66118,0,0,0,0,0,0
2026-08-18T13:03:24Z,7DFDA31CCC8D0AA1,18.4,queries/tpch/tpch-queries/q11/v1_materialized.sql,measured,3,3,5,3,0.557,88.234,16,9,1048,132243,10620,1896808,28818,0,nation;supplier;ixtest_supplier_nationkey;partsupp;_m,66118,0,0,0,0,0,0
2026-08-18T13:03:24Z,7DFDA31CCC8D0AA1,18.4,queries/tpch/tpch-queries/q11/v1_materialized.sql,measured,3,4,5,3,0.572,88.074,16,9,1048,132243,10620,1896808,28818,0,nation;supplier;ixtest_supplier_nationkey;partsupp;_m,66118,0,0,0,0,0,0
2026-08-18T13:03:24Z,7DFDA31CCC8D0AA1,18.4,queries/tpch/tpch-queries/q11/v1_materialized.sql,measured,3,5,5,3,0.560,88.621,16,9,1048,132243,10620,1896808,28818,0,nation;supplier;ixtest_supplier_nationkey;partsupp;_m,66118,0,0,0,0,0,0
2026-08-18T13:03:25Z,7DFDA31CCC8D0AA1,18.4,queries/tpch/tpch-queries/q11/v2_cte_threshold.sql,warmup,1,1,1,3,1.227,89.311,15,8,1048,131195,10620,1859080,28818,0,nation;supplier;ixtest_supplier_nationkey;partsupp,66121,0,0,0,0,0,0
2026-08-18T13:03:25Z,7DFDA31CCC8D0AA1,18.4,queries/tpch/tpch-queries/q11/v2_cte_threshold.sql,warmup,2,1,1,3,1.300,91.758,15,8,1048,131195,10620,1859080,28818,0,nation;supplier;ixtest_supplier_nationkey;partsupp,66121,0,0,0,0,0,0
2026-08-18T13:03:25Z,7DFDA31CCC8D0AA1,18.4,queries/tpch/tpch-queries/q11/v2_cte_threshold.sql,measured,1,1,5,3,1.232,89.980,15,8,1048,131195,10620,1859080,28818,0,nation;supplier;ixtest_supplier_nationkey;partsupp,66121,0,0,0,0,0,0
2026-08-18T13:03:25Z,7DFDA31CCC8D0AA1,18.4,queries/tpch/tpch-queries/q11/v2_cte_threshold.sql,measured,1,2,5,3,0.629,88.477,15,8,1048,131195,10620,1859080,28818,0,nation;supplier;ixtest_supplier_nationkey;partsupp,66118,0,0,0,0,0,0
2026-08-18T13:03:25Z,7DFDA31CCC8D0AA1,18.4,queries/tpch/tpch-queries/q11/v2_cte_threshold.sql,measured,1,3,5,3,0.538,83.927,15,8,1048,131195,10620,1859080,28818,0,nation;supplier;ixtest_supplier_nationkey;partsupp,66118,0,0,0,0,0,0
2026-08-18T13:03:25Z,7DFDA31CCC8D0AA1,18.4,queries/tpch/tpch-queries/q11/v2_cte_threshold.sql,measured,1,4,5,3,0.559,83.877,15,8,1048,131195,10620,1859080,28818,0,nation;supplier;ixtest_supplier_nationkey;partsupp,66118,0,0,0,0,0,0
2026-08-18T13:03:25Z,7DFDA31CCC8D0AA1,18.4,queries/tpch/tpch-queries/q11/v2_cte_threshold.sql,measured,1,5,5,3,0.556,84.605,15,8,1048,131195,10620,1859080,28818,0,nation;supplier;ixtest_supplier_nationkey;partsupp,66118,0,0,0,0,0,0
2026-08-18T13:03:26Z,7DFDA31CCC8D0AA1,18.4,queries/tpch/tpch-queries/q11/v2_cte_threshold.sql,measured,2,1,5,3,1.235,91.207,15,8,1048,131195,10620,1859080,28818,0,nation;supplier;ixtest_supplier_nationkey;partsupp,66121,0,0,0,0,0,0
2026-08-18T13:03:26Z,7DFDA31CCC8D0AA1,18.4,queries/tpch/tpch-queries/q11/v2_cte_threshold.sql,measured,2,2,5,3,0.596,88.115,15,8,1048,131195,10620,1859080,28818,0,nation;supplier;ixtest_supplier_nationkey;partsupp,66118,0,0,0,0,0,0
2026-08-18T13:03:26Z,7DFDA31CCC8D0AA1,18.4,queries/tpch/tpch-queries/q11/v2_cte_threshold.sql,measured,2,3,5,3,0.570,83.743,15,8,1048,131195,10620,1859080,28818,0,nation;supplier;ixtest_supplier_nationkey;partsupp,66118,0,0,0,0,0,0
2026-08-18T13:03:26Z,7DFDA31CCC8D0AA1,18.4,queries/tpch/tpch-queries/q11/v2_cte_threshold.sql,measured,2,4,5,3,0.540,82.311,15,8,1048,131195,10620,1859080,28818,0,nation;supplier;ixtest_supplier_nationkey;partsupp,66118,0,0,0,0,0,0
2026-08-18T13:03:26Z,7DFDA31CCC8D0AA1,18.4,queries/tpch/tpch-queries/q11/v2_cte_threshold.sql,measured,2,5,5,3,0.538,81.892,15,8,1048,131195,10620,1859080,28818,0,nation;supplier;ixtest_supplier_nationkey;partsupp,66118,0,0,0,0,0,0
2026-08-18T13:03:26Z,7DFDA31CCC8D0AA1,18.4,queries/tpch/tpch-queries/q11/v2_cte_threshold.sql,measured,3,1,5,3,1.241,85.288,15,8,1048,131195,10620,1859080,28818,0,nation;supplier;ixtest_supplier_nationkey;partsupp,66121,0,0,0,0,0,0
2026-08-18T13:03:26Z,7DFDA31CCC8D0AA1,18.4,queries/tpch/tpch-queries/q11/v2_cte_threshold.sql,measured,3,2,5,3,0.536,83.702,15,8,1048,131195,10620,1859080,28818,0,nation;supplier;ixtest_supplier_nationkey;partsupp,66118,0,0,0,0,0,0
2026-08-18T13:03:26Z,7DFDA31CCC8D0AA1,18.4,queries/tpch/tpch-queries/q11/v2_cte_threshold.sql,measured,3,3,5,3,0.531,85.260,15,8,1048,131195,10620,1859080,28818,0,nation;supplier;ixtest_supplier_nationkey;partsupp,66118,0,0,0,0,0,0
2026-08-18T13:03:26Z,7DFDA31CCC8D0AA1,18.4,queries/tpch/tpch-queries/q11/v2_cte_threshold.sql,measured,3,4,5,3,0.575,83.272,15,8,1048,131195,10620,1859080,28818,0,nation;supplier;ixtest_supplier_nationkey;partsupp,66118,0,0,0,0,0,0
2026-08-18T13:03:26Z,7DFDA31CCC8D0AA1,18.4,queries/tpch/tpch-queries/q11/v2_cte_threshold.sql,measured,3,5,5,3,0.534,82.337,15,8,1048,131195,10620,1859080,28818,0,nation;supplier;ixtest_supplier_nationkey;partsupp,66118,0,0,0,0,0,0
2026-08-18T13:03:27Z,7DFDA31CCC8D0AA1,18.4,queries/tpch/tpch-queries/q12/base.sql,warmup,1,1,1,3,1.251,301.108,8,3,2,1033809,7,2758319,175771,4,lineitem;ixtest_lineitem_receiptdate;orders,228968,789,0,0,0,0,0
2026-08-18T13:03:27Z,7DFDA31CCC8D0AA1,18.4,queries/tpch/tpch-queries/q12/base.sql,warmup,2,1,1,3,1.254,293.516,8,3,2,1033809,7,2758319,175771,4,lineitem;ixtest_lineitem_receiptdate;orders,229757,0,0,0,0,0,0
2026-08-18T13:03:29Z,7DFDA31CCC8D0AA1,18.4,queries/tpch/tpch-queries/q12/base.sql,measured,1,1,5,3,1.470,301.721,8,3,2,1033809,7,2758319,175771,4,lineitem;ixtest_lineitem_receiptdate;orders,229757,0,0,0,0,0,0
2026-08-18T13:03:29Z,7DFDA31CCC8D0AA1,18.4,queries/tpch/tpch-queries/q12/base.sql,measured,1,2,5,3,0.243,260.335,8,3,2,1033809,7,2758319,175771,4,lineitem;ixtest_lineitem_receiptdate;orders,229757,0,0,0,0,0,0
2026-08-18T13:03:29Z,7DFDA31CCC8D0AA1,18.4,queries/tpch/tpch-queries/q12/base.sql,measured,1,3,5,3,0.265,258.732,8,3,2,1033809,7,2758319,175771,4,lineitem;ixtest_lineitem_receiptdate;orders,229757,0,0,0,0,0,0
2026-08-18T13:03:29Z,7DFDA31CCC8D0AA1,18.4,queries/tpch/tpch-queries/q12/base.sql,measured,1,4,5,3,0.248,260.194,8,3,2,1033809,7,2758319,175771,4,lineitem;ixtest_lineitem_receiptdate;orders,229757,0,0,0,0,0,0
2026-08-18T13:03:29Z,7DFDA31CCC8D0AA1,18.4,queries/tpch/tpch-queries/q12/base.sql,measured,1,5,5,3,0.250,259.196,8,3,2,1033809,7,2758319,175771,4,lineitem;ixtest_lineitem_receiptdate;orders,229757,0,0,0,0,0,0
2026-08-18T13:03:30Z,7DFDA31CCC8D0AA1,18.4,queries/tpch/tpch-queries/q12/base.sql,measured,2,1,5,3,1.382,308.733,8,3,2,1033809,7,2758319,175771,4,lineitem;ixtest_lineitem_receiptdate;orders,229757,0,0,0,0,0,0
2026-08-18T13:03:30Z,7DFDA31CCC8D0AA1,18.4,queries/tpch/tpch-queries/q12/base.sql,measured,2,2,5,3,0.248,262.228,8,3,2,1033809,7,2758319,175771,4,lineitem;ixtest_lineitem_receiptdate;orders,229757,0,0,0,0,0,0
2026-08-18T13:03:30Z,7DFDA31CCC8D0AA1,18.4,queries/tpch/tpch-queries/q12/base.sql,measured,2,3,5,3,0.293,258.309,8,3,2,1033809,7,2758319,175771,4,lineitem;ixtest_lineitem_receiptdate;orders,229757,0,0,0,0,0,0
2026-08-18T13:03:30Z,7DFDA31CCC8D0AA1,18.4,queries/tpch/tpch-queries/q12/base.sql,measured,2,4,5,3,0.244,258.261,8,3,2,1033809,7,2758319,175771,4,lineitem;ixtest_lineitem_receiptdate;orders,229757,0,0,0,0,0,0
2026-08-18T13:03:30Z,7DFDA31CCC8D0AA1,18.4,queries/tpch/tpch-queries/q12/base.sql,measured,2,5,5,3,0.246,258.705,8,3,2,1033809,7,2758319,175771,4,lineitem;ixtest_lineitem_receiptdate;orders,229757,0,0,0,0,0,0
2026-08-18T13:03:32Z,7DFDA31CCC8D0AA1,18.4,queries/tpch/tpch-queries/q12/base.sql,measured,3,1,5,3,1.352,296.815,8,3,2,1033809,7,2758319,175771,4,lineitem;ixtest_lineitem_receiptdate;orders,229757,0,0,0,0,0,0
2026-08-18T13:03:32Z,7DFDA31CCC8D0AA1,18.4,queries/tpch/tpch-queries/q12/base.sql,measured,3,2,5,3,0.244,262.523,8,3,2,1033809,7,2758319,175771,4,lineitem;ixtest_lineitem_receiptdate;orders,229757,0,0,0,0,0,0
2026-08-18T13:03:32Z,7DFDA31CCC8D0AA1,18.4,queries/tpch/tpch-queries/q12/base.sql,measured,3,3,5,3,0.276,262.717,8,3,2,1033809,7,2758319,175771,4,lineitem;ixtest_lineitem_receiptdate;orders,229757,0,0,0,0,0,0
2026-08-18T13:03:32Z,7DFDA31CCC8D0AA1,18.4,queries/tpch/tpch-queries/q12/base.sql,measured,3,4,5,3,0.253,263.962,8,3,2,1033809,7,2758319,175771,4,lineitem;ixtest_lineitem_receiptdate;orders,229757,0,0,0,0,0,0
2026-08-18T13:03:32Z,7DFDA31CCC8D0AA1,18.4,queries/tpch/tpch-queries/q12/base.sql,measured,3,5,5,3,0.245,262.624,8,3,2,1033809,7,2758319,175771,4,lineitem;ixtest_lineitem_receiptdate;orders,229757,0,0,0,0,0,0
2026-08-18T13:03:32Z,7DFDA31CCC8D0AA1,18.4,queries/tpch/tpch-queries/q12/v1_materialized.sql,warmup,1,1,1,3,1.385,303.213,9,4,2,1033811,7,2758439,175771,4,_m;lineitem;ixtest_lineitem_receiptdate;orders,229757,0,0,0,0,0,0
2026-08-18T13:03:32Z,7DFDA31CCC8D0AA1,18.4,queries/tpch/tpch-queries/q12/v1_materialized.sql,warmup,2,1,1,3,1.283,308.787,9,4,2,1033811,7,2758439,175771,4,_m;lineitem;ixtest_lineitem_receiptdate;orders,229757,0,0,0,0,0,0
2026-08-18T13:03:34Z,7DFDA31CCC8D0AA1,18.4,queries/tpch/tpch-queries/q12/v1_materialized.sql,measured,1,1,5,3,1.694,314.222,9,4,2,1033811,7,2758439,175771,4,_m;lineitem;ixtest_lineitem_receiptdate;orders,229757,0,0,0,0,0,0
2026-08-18T13:03:34Z,7DFDA31CCC8D0AA1,18.4,queries/tpch/tpch-queries/q12/v1_materialized.sql,measured,1,2,5,3,0.259,270.198,9,4,2,1033811,7,2758439,175771,4,_m;lineitem;ixtest_lineitem_receiptdate;orders,229757,0,0,0,0,0,0
2026-08-18T13:03:34Z,7DFDA31CCC8D0AA1,18.4,queries/tpch/tpch-queries/q12/v1_materialized.sql,measured,1,3,5,3,0.264,271.345,9,4,2,1033811,7,2758439,175771,4,_m;lineitem;ixtest_lineitem_receiptdate;orders,229757,0,0,0,0,0,0
2026-08-18T13:03:34Z,7DFDA31CCC8D0AA1,18.4,queries/tpch/tpch-queries/q12/v1_materialized.sql,measured,1,4,5,3,0.272,260.327,9,4,2,1033811,7,2758439,175771,4,_m;lineitem;ixtest_lineitem_receiptdate;orders,229757,0,0,0,0,0,0
2026-08-18T13:03:34Z,7DFDA31CCC8D0AA1,18.4,queries/tpch/tpch-queries/q12/v1_materialized.sql,measured,1,5,5,3,0.265,262.551,9,4,2,1033811,7,2758439,175771,4,_m;lineitem;ixtest_lineitem_receiptdate;orders,229757,0,0,0,0,0,0
2026-08-18T13:03:35Z,7DFDA31CCC8D0AA1,18.4,queries/tpch/tpch-queries/q12/v1_materialized.sql,measured,2,1,5,3,1.280,308.490,9,4,2,1033811,7,2758439,175771,4,_m;lineitem;ixtest_lineitem_receiptdate;orders,229757,0,0,0,0,0,0
2026-08-18T13:03:35Z,7DFDA31CCC8D0AA1,18.4,queries/tpch/tpch-queries/q12/v1_materialized.sql,measured,2,2,5,3,0.285,261.240,9,4,2,1033811,7,2758439,175771,4,_m;lineitem;ixtest_lineitem_receiptdate;orders,229757,0,0,0,0,0,0
2026-08-18T13:03:35Z,7DFDA31CCC8D0AA1,18.4,queries/tpch/tpch-queries/q12/v1_materialized.sql,measured,2,3,5,3,0.268,265.425,9,4,2,1033811,7,2758439,175771,4,_m;lineitem;ixtest_lineitem_receiptdate;orders,229757,0,0,0,0,0,0
2026-08-18T13:03:35Z,7DFDA31CCC8D0AA1,18.4,queries/tpch/tpch-queries/q12/v1_materialized.sql,measured,2,4,5,3,0.268,273.350,9,4,2,1033811,7,2758439,175771,4,_m;lineitem;ixtest_lineitem_receiptdate;orders,229757,0,0,0,0,0,0
2026-08-18T13:03:35Z,7DFDA31CCC8D0AA1,18.4,queries/tpch/tpch-queries/q12/v1_materialized.sql,measured,2,5,5,3,0.308,269.367,9,4,2,1033811,7,2758439,175771,4,_m;lineitem;ixtest_lineitem_receiptdate;orders,229757,0,0,0,0,0,0
2026-08-18T13:03:37Z,7DFDA31CCC8D0AA1,18.4,queries/tpch/tpch-queries/q12/v1_materialized.sql,measured,3,1,5,3,1.506,309.291,9,4,2,1033811,7,2758439,175771,4,_m;lineitem;ixtest_lineitem_receiptdate;orders,229757,0,0,0,0,0,0
2026-08-18T13:03:37Z,7DFDA31CCC8D0AA1,18.4,queries/tpch/tpch-queries/q12/v1_materialized.sql,measured,3,2,5,3,0.260,270.121,9,4,2,1033811,7,2758439,175771,4,_m;lineitem;ixtest_lineitem_receiptdate;orders,229757,0,0,0,0,0,0
2026-08-18T13:03:37Z,7DFDA31CCC8D0AA1,18.4,queries/tpch/tpch-queries/q12/v1_materialized.sql,measured,3,3,5,3,0.350,279.631,9,4,2,1033811,7,2758439,175771,4,_m;lineitem;ixtest_lineitem_receiptdate;orders,229757,0,0,0,0,0,0
2026-08-18T13:03:37Z,7DFDA31CCC8D0AA1,18.4,queries/tpch/tpch-queries/q12/v1_materialized.sql,measured,3,4,5,3,0.263,260.939,9,4,2,1033811,7,2758439,175771,4,_m;lineitem;ixtest_lineitem_receiptdate;orders,229757,0,0,0,0,0,0
2026-08-18T13:03:37Z,7DFDA31CCC8D0AA1,18.4,queries/tpch/tpch-queries/q12/v1_materialized.sql,measured,3,5,5,3,0.265,261.967,9,4,2,1033811,7,2758439,175771,4,_m;lineitem;ixtest_lineitem_receiptdate;orders,229757,0,0,0,0,0,0
2026-08-18T13:03:37Z,7DFDA31CCC8D0AA1,18.4,queries/tpch/tpch-queries/q12/v2_filter.sql,warmup,1,1,1,3,1.355,298.134,8,3,2,1033809,7,2758319,175771,4,lineitem;ixtest_lineitem_receiptdate;orders,229757,0,0,0,0,0,0
2026-08-18T13:03:37Z,7DFDA31CCC8D0AA1,18.4,queries/tpch/tpch-queries/q12/v2_filter.sql,warmup,2,1,1,3,1.264,297.884,8,3,2,1033809,7,2758319,175771,4,lineitem;ixtest_lineitem_receiptdate;orders,229757,0,0,0,0,0,0
2026-08-18T13:03:39Z,7DFDA31CCC8D0AA1,18.4,queries/tpch/tpch-queries/q12/v2_filter.sql,measured,1,1,5,3,1.384,307.471,8,3,2,1033809,7,2758319,175771,4,lineitem;ixtest_lineitem_receiptdate;orders,229757,0,0,0,0,0,0
2026-08-18T13:03:39Z,7DFDA31CCC8D0AA1,18.4,queries/tpch/tpch-queries/q12/v2_filter.sql,measured,1,2,5,3,0.241,272.924,8,3,2,1033809,7,2758319,175771,4,lineitem;ixtest_lineitem_receiptdate;orders,229757,0,0,0,0,0,0
2026-08-18T13:03:39Z,7DFDA31CCC8D0AA1,18.4,queries/tpch/tpch-queries/q12/v2_filter.sql,measured,1,3,5,3,0.242,273.365,8,3,2,1033809,7,2758319,175771,4,lineitem;ixtest_lineitem_receiptdate;orders,229757,0,0,0,0,0,0
2026-08-18T13:03:39Z,7DFDA31CCC8D0AA1,18.4,queries/tpch/tpch-queries/q12/v2_filter.sql,measured,1,4,5,3,0.242,269.720,8,3,2,1033809,7,2758319,175771,4,lineitem;ixtest_lineitem_receiptdate;orders,229757,0,0,0,0,0,0
2026-08-18T13:03:39Z,7DFDA31CCC8D0AA1,18.4,queries/tpch/tpch-queries/q12/v2_filter.sql,measured,1,5,5,3,0.260,269.934,8,3,2,1033809,7,2758319,175771,4,lineitem;ixtest_lineitem_receiptdate;orders,229757,0,0,0,0,0,0
2026-08-18T13:03:40Z,7DFDA31CCC8D0AA1,18.4,queries/tpch/tpch-queries/q12/v2_filter.sql,measured,2,1,5,3,1.458,321.282,8,3,2,1033809,7,2758319,175771,4,lineitem;ixtest_lineitem_receiptdate;orders,229757,0,0,0,0,0,0
2026-08-18T13:03:40Z,7DFDA31CCC8D0AA1,18.4,queries/tpch/tpch-queries/q12/v2_filter.sql,measured,2,2,5,3,0.242,270.154,8,3,2,1033809,7,2758319,175771,4,lineitem;ixtest_lineitem_receiptdate;orders,229757,0,0,0,0,0,0
2026-08-18T13:03:40Z,7DFDA31CCC8D0AA1,18.4,queries/tpch/tpch-queries/q12/v2_filter.sql,measured,2,3,5,3,0.259,262.376,8,3,2,1033809,7,2758319,175771,4,lineitem;ixtest_lineitem_receiptdate;orders,229757,0,0,0,0,0,0
2026-08-18T13:03:40Z,7DFDA31CCC8D0AA1,18.4,queries/tpch/tpch-queries/q12/v2_filter.sql,measured,2,4,5,3,0.239,264.838,8,3,2,1033809,7,2758319,175771,4,lineitem;ixtest_lineitem_receiptdate;orders,229757,0,0,0,0,0,0
2026-08-18T13:03:40Z,7DFDA31CCC8D0AA1,18.4,queries/tpch/tpch-queries/q12/v2_filter.sql,measured,2,5,5,3,0.259,270.960,8,3,2,1033809,7,2758319,175771,4,lineitem;ixtest_lineitem_receiptdate;orders,229757,0,0,0,0,0,0
2026-08-18T13:03:42Z,7DFDA31CCC8D0AA1,18.4,queries/tpch/tpch-queries/q12/v2_filter.sql,measured,3,1,5,3,1.491,312.643,8,3,2,1033809,7,2758319,175771,4,lineitem;ixtest_lineitem_receiptdate;orders,229757,0,0,0,0,0,0
2026-08-18T13:03:42Z,7DFDA31CCC8D0AA1,18.4,queries/tpch/tpch-queries/q12/v2_filter.sql,measured,3,2,5,3,0.238,266.571,8,3,2,1033809,7,2758319,175771,4,lineitem;ixtest_lineitem_receiptdate;orders,229757,0,0,0,0,0,0
2026-08-18T13:03:42Z,7DFDA31CCC8D0AA1,18.4,queries/tpch/tpch-queries/q12/v2_filter.sql,measured,3,3,5,3,0.241,276.391,8,3,2,1033809,7,2758319,175771,4,lineitem;ixtest_lineitem_receiptdate;orders,229757,0,0,0,0,0,0
2026-08-18T13:03:42Z,7DFDA31CCC8D0AA1,18.4,queries/tpch/tpch-queries/q12/v2_filter.sql,measured,3,4,5,3,0.326,265.934,8,3,2,1033809,7,2758319,175771,4,lineitem;ixtest_lineitem_receiptdate;orders,229757,0,0,0,0,0,0
2026-08-18T13:03:42Z,7DFDA31CCC8D0AA1,18.4,queries/tpch/tpch-queries/q12/v2_filter.sql,measured,3,5,5,3,0.249,266.635,8,3,2,1033809,7,2758319,175771,4,lineitem;ixtest_lineitem_receiptdate;orders,229757,0,0,0,0,0,0
2026-08-18T13:03:44Z,7DFDA31CCC8D0AA1,18.4,queries/tpch/tpch-queries/q13/base.sql,warmup,1,1,1,3,1.238,1562.200,7,2,42,3467925,200,27144072,16082,0,orders;customer,26552,0,0,0,0,0,0
2026-08-18T13:03:45Z,7DFDA31CCC8D0AA1,18.4,queries/tpch/tpch-queries/q13/base.sql,warmup,2,1,1,3,1.114,1525.840,7,2,42,3467925,200,27144072,16082,0,orders;customer,26552,0,0,0,0,0,0
2026-08-18T13:03:53Z,7DFDA31CCC8D0AA1,18.4,queries/tpch/tpch-queries/q13/base.sql,measured,1,1,5,3,1.115,1526.959,7,2,42,3467925,200,27144072,16082,0,orders;customer,26552,0,0,0,0,0,0
2026-08-18T13:03:53Z,7DFDA31CCC8D0AA1,18.4,queries/tpch/tpch-queries/q13/base.sql,measured,1,2,5,3,0.248,1494.255,7,2,42,3467925,200,27144072,16082,0,orders;customer,26549,0,0,0,0,0,0
2026-08-18T13:03:53Z,7DFDA31CCC8D0AA1,18.4,queries/tpch/tpch-queries/q13/base.sql,measured,1,3,5,3,0.235,1460.110,7,2,42,3467925,200,27144072,16082,0,orders;customer,26549,0,0,0,0,0,0
2026-08-18T13:03:53Z,7DFDA31CCC8D0AA1,18.4,queries/tpch/tpch-queries/q13/base.sql,measured,1,4,5,3,0.243,1466.172,7,2,42,3467925,200,27144072,16082,0,orders;customer,26549,0,0,0,0,0,0
2026-08-18T13:03:53Z,7DFDA31CCC8D0AA1,18.4,queries/tpch/tpch-queries/q13/base.sql,measured,1,5,5,3,0.243,1463.864,7,2,42,3467925,200,27144072,16082,0,orders;customer,26549,0,0,0,0,0,0
2026-08-18T13:04:00Z,7DFDA31CCC8D0AA1,18.4,queries/tpch/tpch-queries/q13/base.sql,measured,2,1,5,3,1.122,1511.236,7,2,42,3467925,200,27144072,16082,0,orders;customer,26552,0,0,0,0,0,0
2026-08-18T13:04:00Z,7DFDA31CCC8D0AA1,18.4,queries/tpch/tpch-queries/q13/base.sql,measured,2,2,5,3,0.244,1474.301,7,2,42,3467925,200,27144072,16082,0,orders;customer,26549,0,0,0,0,0,0
2026-08-18T13:04:00Z,7DFDA31CCC8D0AA1,18.4,queries/tpch/tpch-queries/q13/base.sql,measured,2,3,5,3,0.241,1463.089,7,2,42,3467925,200,27144072,16082,0,orders;customer,26549,0,0,0,0,0,0
2026-08-18T13:04:00Z,7DFDA31CCC8D0AA1,18.4,queries/tpch/tpch-queries/q13/base.sql,measured,2,4,5,3,0.237,1453.180,7,2,42,3467925,200,27144072,16082,0,orders;customer,26549,0,0,0,0,0,0
2026-08-18T13:04:00Z,7DFDA31CCC8D0AA1,18.4,queries/tpch/tpch-queries/q13/base.sql,measured,2,5,5,3,0.241,1461.249,7,2,42,3467925,200,27144072,16082,0,orders;customer,26549,0,0,0,0,0,0
2026-08-18T13:04:07Z,7DFDA31CCC8D0AA1,18.4,queries/tpch/tpch-queries/q13/base.sql,measured,3,1,5,3,1.119,1493.332,7,2,42,3467925,200,27144072,16082,0,orders;customer,26552,0,0,0,0,0,0
2026-08-18T13:04:07Z,7DFDA31CCC8D0AA1,18.4,queries/tpch/tpch-queries/q13/base.sql,measured,3,2,5,3,0.244,1455.801,7,2,42,3467925,200,27144072,16082,0,orders;customer,26549,0,0,0,0,0,0
2026-08-18T13:04:07Z,7DFDA31CCC8D0AA1,18.4,queries/tpch/tpch-queries/q13/base.sql,measured,3,3,5,3,0.240,1430.707,7,2,42,3467925,200,27144072,16082,0,orders;customer,26549,0,0,0,0,0,0
2026-08-18T13:04:07Z,7DFDA31CCC8D0AA1,18.4,queries/tpch/tpch-queries/q13/base.sql,measured,3,4,5,3,0.242,1430.985,7,2,42,3467925,200,27144072,16082,0,orders;customer,26549,0,0,0,0,0,0
2026-08-18T13:04:07Z,7DFDA31CCC8D0AA1,18.4,queries/tpch/tpch-queries/q13/base.sql,measured,3,5,5,3,0.247,1427.506,7,2,42,3467925,200,27144072,16082,0,orders;customer,26549,0,0,0,0,0,0
2026-08-18T13:04:09Z,7DFDA31CCC8D0AA1,18.4,queries/tpch/tpch-queries/q13/v1_materialized.sql,warmup,1,1,1,3,1.144,1497.408,8,3,42,3467967,200,27144744,16082,0,orders;customer;_m,26552,0,0,0,0,0,0
2026-08-18T13:04:11Z,7DFDA31CCC8D0AA1,18.4,queries/tpch/tpch-queries/q13/v1_materialized.sql,warmup,2,1,1,3,1.138,1505.887,8,3,42,3467967,200,27144744,16082,0,orders;customer;_m,26552,0,0,0,0,0,0
2026-08-18T13:04:18Z,7DFDA31CCC8D0AA1,18.4,queries/tpch/tpch-queries/q13/v1_materialized.sql,measured,1,1,5,3,1.142,1499.357,8,3,42,3467967,200,27144744,16082,0,orders;customer;_m,26552,0,0,0,0,0,0
2026-08-18T13:04:18Z,7DFDA31CCC8D0AA1,18.4,queries/tpch/tpch-queries/q13/v1_materialized.sql,measured,1,2,5,3,0.264,1455.365,8,3,42,3467967,200,27144744,16082,0,orders;customer;_m,26549,0,0,0,0,0,0
2026-08-18T13:04:18Z,7DFDA31CCC8D0AA1,18.4,queries/tpch/tpch-queries/q13/v1_materialized.sql,measured,1,3,5,3,0.256,1454.040,8,3,42,3467967,200,27144744,16082,0,orders;customer;_m,26549,0,0,0,0,0,0
2026-08-18T13:04:18Z,7DFDA31CCC8D0AA1,18.4,queries/tpch/tpch-queries/q13/v1_materialized.sql,measured,1,4,5,3,0.264,1450.036,8,3,42,3467967,200,27144744,16082,0,orders;customer;_m,26549,0,0,0,0,0,0
2026-08-18T13:04:18Z,7DFDA31CCC8D0AA1,18.4,queries/tpch/tpch-queries/q13/v1_materialized.sql,measured,1,5,5,3,0.256,1445.355,8,3,42,3467967,200,27144744,16082,0,orders;customer;_m,26549,0,0,0,0,0,0
2026-08-18T13:04:25Z,7DFDA31CCC8D0AA1,18.4,queries/tpch/tpch-queries/q13/v1_materialized.sql,measured,2,1,5,3,1.139,1475.653,8,3,42,3467967,200,27144744,16082,0,orders;customer;_m,26552,0,0,0,0,0,0
2026-08-18T13:04:25Z,7DFDA31CCC8D0AA1,18.4,queries/tpch/tpch-queries/q13/v1_materialized.sql,measured,2,2,5,3,0.256,1442.091,8,3,42,3467967,200,27144744,16082,0,orders;customer;_m,26549,0,0,0,0,0,0
2026-08-18T13:04:25Z,7DFDA31CCC8D0AA1,18.4,queries/tpch/tpch-queries/q13/v1_materialized.sql,measured,2,3,5,3,0.255,1440.270,8,3,42,3467967,200,27144744,16082,0,orders;customer;_m,26549,0,0,0,0,0,0
2026-08-18T13:04:25Z,7DFDA31CCC8D0AA1,18.4,queries/tpch/tpch-queries/q13/v1_materialized.sql,measured,2,4,5,3,0.257,1439.326,8,3,42,3467967,200,27144744,16082,0,orders;customer;_m,26549,0,0,0,0,0,0
2026-08-18T13:04:25Z,7DFDA31CCC8D0AA1,18.4,queries/tpch/tpch-queries/q13/v1_materialized.sql,measured,2,5,5,3,0.254,1442.795,8,3,42,3467967,200,27144744,16082,0,orders;customer;_m,26549,0,0,0,0,0,0
2026-08-18T13:04:33Z,7DFDA31CCC8D0AA1,18.4,queries/tpch/tpch-queries/q13/v1_materialized.sql,measured,3,1,5,3,1.144,1488.176,8,3,42,3467967,200,27144744,16082,0,orders;customer;_m,26552,0,0,0,0,0,0
2026-08-18T13:04:33Z,7DFDA31CCC8D0AA1,18.4,queries/tpch/tpch-queries/q13/v1_materialized.sql,measured,3,2,5,3,0.262,1449.269,8,3,42,3467967,200,27144744,16082,0,orders;customer;_m,26549,0,0,0,0,0,0
2026-08-18T13:04:33Z,7DFDA31CCC8D0AA1,18.4,queries/tpch/tpch-queries/q13/v1_materialized.sql,measured,3,3,5,3,0.254,1459.608,8,3,42,3467967,200,27144744,16082,0,orders;customer;_m,26549,0,0,0,0,0,0
2026-08-18T13:04:33Z,7DFDA31CCC8D0AA1,18.4,queries/tpch/tpch-queries/q13/v1_materialized.sql,measured,3,4,5,3,0.255,1444.344,8,3,42,3467967,200,27144744,16082,0,orders;customer;_m,26549,0,0,0,0,0,0
2026-08-18T13:04:33Z,7DFDA31CCC8D0AA1,18.4,queries/tpch/tpch-queries/q13/v1_materialized.sql,measured,3,5,5,3,0.256,1441.460,8,3,42,3467967,200,27144744,16082,0,orders;customer;_m,26549,0,0,0,0,0,0
2026-08-18T13:04:35Z,7DFDA31CCC8D0AA1,18.4,queries/tpch/tpch-queries/q13/v2_correlated.sql,warmup,1,1,1,3,0.924,2067.358,7,3,42,3300084,150000,3601344,0,0,customer;orders;idx_orders_cust,1949947,0,0,0,0,0,0
2026-08-18T13:04:37Z,7DFDA31CCC8D0AA1,18.4,queries/tpch/tpch-queries/q13/v2_correlated.sql,warmup,2,1,1,3,0.953,2102.501,7,3,42,3300084,150000,3601344,0,0,customer;orders;idx_orders_cust,1949947,0,0,0,0,0,0
2026-08-18T13:04:47Z,7DFDA31CCC8D0AA1,18.4,queries/tpch/tpch-queries/q13/v2_correlated.sql,measured,1,1,5,3,0.944,2108.946,7,3,42,3300084,150000,3601344,0,0,customer;orders;idx_orders_cust,1949947,0,0,0,0,0,0
2026-08-18T13:04:47Z,7DFDA31CCC8D0AA1,18.4,queries/tpch/tpch-queries/q13/v2_correlated.sql,measured,1,2,5,3,0.153,1998.200,7,3,42,3300084,150000,3601344,0,0,customer;orders;idx_orders_cust,1949944,0,0,0,0,0,0
2026-08-18T13:04:47Z,7DFDA31CCC8D0AA1,18.4,queries/tpch/tpch-queries/q13/v2_correlated.sql,measured,1,3,5,3,0.161,1995.904,7,3,42,3300084,150000,3601344,0,0,customer;orders;idx_orders_cust,1949944,0,0,0,0,0,0
2026-08-18T13:04:47Z,7DFDA31CCC8D0AA1,18.4,queries/tpch/tpch-queries/q13/v2_correlated.sql,measured,1,4,5,3,0.152,1995.448,7,3,42,3300084,150000,3601344,0,0,customer;orders;idx_orders_cust,1949944,0,0,0,0,0,0
2026-08-18T13:04:47Z,7DFDA31CCC8D0AA1,18.4,queries/tpch/tpch-queries/q13/v2_correlated.sql,measured,1,5,5,3,0.152,1991.451,7,3,42,3300084,150000,3601344,0,0,customer;orders;idx_orders_cust,1949944,0,0,0,0,0,0
2026-08-18T13:04:57Z,7DFDA31CCC8D0AA1,18.4,queries/tpch/tpch-queries/q13/v2_correlated.sql,measured,2,1,5,3,0.924,2084.398,7,3,42,3300084,150000,3601344,0,0,customer;orders;idx_orders_cust,1949947,0,0,0,0,0,0
2026-08-18T13:04:57Z,7DFDA31CCC8D0AA1,18.4,queries/tpch/tpch-queries/q13/v2_correlated.sql,measured,2,2,5,3,0.162,1975.970,7,3,42,3300084,150000,3601344,0,0,customer;orders;idx_orders_cust,1949944,0,0,0,0,0,0
2026-08-18T13:04:57Z,7DFDA31CCC8D0AA1,18.4,queries/tpch/tpch-queries/q13/v2_correlated.sql,measured,2,3,5,3,0.149,1988.797,7,3,42,3300084,150000,3601344,0,0,customer;orders;idx_orders_cust,1949944,0,0,0,0,0,0
2026-08-18T13:04:57Z,7DFDA31CCC8D0AA1,18.4,queries/tpch/tpch-queries/q13/v2_correlated.sql,measured,2,4,5,3,0.162,1972.457,7,3,42,3300084,150000,3601344,0,0,customer;orders;idx_orders_cust,1949944,0,0,0,0,0,0
2026-08-18T13:04:57Z,7DFDA31CCC8D0AA1,18.4,queries/tpch/tpch-queries/q13/v2_correlated.sql,measured,2,5,5,3,0.151,1976.681,7,3,42,3300084,150000,3601344,0,0,customer;orders;idx_orders_cust,1949944,0,0,0,0,0,0
2026-08-18T13:05:07Z,7DFDA31CCC8D0AA1,18.4,queries/tpch/tpch-queries/q13/v2_correlated.sql,measured,3,1,5,3,0.926,2079.369,7,3,42,3300084,150000,3601344,0,0,customer;orders;idx_orders_cust,1949947,0,0,0,0,0,0
2026-08-18T13:05:07Z,7DFDA31CCC8D0AA1,18.4,queries/tpch/tpch-queries/q13/v2_correlated.sql,measured,3,2,5,3,0.151,1999.198,7,3,42,3300084,150000,3601344,0,0,customer;orders;idx_orders_cust,1949944,0,0,0,0,0,0
2026-08-18T13:05:07Z,7DFDA31CCC8D0AA1,18.4,queries/tpch/tpch-queries/q13/v2_correlated.sql,measured,3,3,5,3,0.149,1986.959,7,3,42,3300084,150000,3601344,0,0,customer;orders;idx_orders_cust,1949944,0,0,0,0,0,0
2026-08-18T13:05:07Z,7DFDA31CCC8D0AA1,18.4,queries/tpch/tpch-queries/q13/v2_correlated.sql,measured,3,4,5,3,0.160,1993.477,7,3,42,3300084,150000,3601344,0,0,customer;orders;idx_orders_cust,1949944,0,0,0,0,0,0
2026-08-18T13:05:07Z,7DFDA31CCC8D0AA1,18.4,queries/tpch/tpch-queries/q13/v2_correlated.sql,measured,3,5,5,3,0.153,1985.621,7,3,42,3300084,150000,3601344,0,0,customer;orders;idx_orders_cust,1949944,0,0,0,0,0,0
2026-08-18T13:05:08Z,7DFDA31CCC8D0AA1,18.4,queries/tpch/tpch-queries/q14/base.sql,warmup,1,1,1,3,1.266,144.421,8,3,1,627954,1,13723692,0,4,lineitem;ixtest_lineitem_shipdate;part,45598,68,0,0,0,0,0
2026-08-18T13:05:08Z,7DFDA31CCC8D0AA1,18.4,queries/tpch/tpch-queries/q14/base.sql,warmup,2,1,1,3,1.262,143.882,8,3,1,627954,1,13723692,0,4,lineitem;ixtest_lineitem_shipdate;part,45666,0,0,0,0,0,0
2026-08-18T13:05:09Z,7DFDA31CCC8D0AA1,18.4,queries/tpch/tpch-queries/q14/base.sql,measured,1,1,5,3,1.269,143.828,8,3,1,627954,1,13723692,0,4,lineitem;ixtest_lineitem_shipdate;part,45667,0,0,0,0,0,0
2026-08-18T13:05:09Z,7DFDA31CCC8D0AA1,18.4,queries/tpch/tpch-queries/q14/base.sql,measured,1,2,5,3,0.231,119.867,8,3,1,627954,1,13723692,0,4,lineitem;ixtest_lineitem_shipdate;part,45667,0,0,0,0,0,0
2026-08-18T13:05:09Z,7DFDA31CCC8D0AA1,18.4,queries/tpch/tpch-queries/q14/base.sql,measured,1,3,5,3,0.221,117.338,8,3,1,627954,1,13723692,0,4,lineitem;ixtest_lineitem_shipdate;part,45667,0,0,0,0,0,0
2026-08-18T13:05:09Z,7DFDA31CCC8D0AA1,18.4,queries/tpch/tpch-queries/q14/base.sql,measured,1,4,5,3,0.221,116.156,8,3,1,627954,1,13723692,0,4,lineitem;ixtest_lineitem_shipdate;part,45667,0,0,0,0,0,0
2026-08-18T13:05:09Z,7DFDA31CCC8D0AA1,18.4,queries/tpch/tpch-queries/q14/base.sql,measured,1,5,5,3,0.223,115.699,8,3,1,627954,1,13723692,0,4,lineitem;ixtest_lineitem_shipdate;part,45666,0,0,0,0,0,0
2026-08-18T13:05:09Z,7DFDA31CCC8D0AA1,18.4,queries/tpch/tpch-queries/q14/base.sql,measured,2,1,5,3,1.287,147.183,8,3,1,627954,1,13723692,0,4,lineitem;ixtest_lineitem_shipdate;part,45667,0,0,0,0,0,0
2026-08-18T13:05:09Z,7DFDA31CCC8D0AA1,18.4,queries/tpch/tpch-queries/q14/base.sql,measured,2,2,5,3,0.217,122.827,8,3,1,627954,1,13723692,0,4,lineitem;ixtest_lineitem_shipdate;part,45667,0,0,0,0,0,0
2026-08-18T13:05:09Z,7DFDA31CCC8D0AA1,18.4,queries/tpch/tpch-queries/q14/base.sql,measured,2,3,5,3,0.219,117.433,8,3,1,627954,1,13723692,0,4,lineitem;ixtest_lineitem_shipdate;part,45667,0,0,0,0,0,0
2026-08-18T13:05:09Z,7DFDA31CCC8D0AA1,18.4,queries/tpch/tpch-queries/q14/base.sql,measured,2,4,5,3,0.220,116.268,8,3,1,627954,1,13723692,0,4,lineitem;ixtest_lineitem_shipdate;part,45666,0,0,0,0,0,0
2026-08-18T13:05:09Z,7DFDA31CCC8D0AA1,18.4,queries/tpch/tpch-queries/q14/base.sql,measured,2,5,5,3,0.217,115.850,8,3,1,627954,1,13723692,0,4,lineitem;ixtest_lineitem_shipdate;part,45667,0,0,0,0,0,0
2026-08-18T13:05:10Z,7DFDA31CCC8D0AA1,18.4,queries/tpch/tpch-queries/q14/base.sql,measured,3,1,5,3,1.621,193.964,8,3,1,627954,1,13723692,0,4,lineitem;ixtest_lineitem_shipdate;part,45667,0,0,0,0,0,0
2026-08-18T13:05:10Z,7DFDA31CCC8D0AA1,18.4,queries/tpch/tpch-queries/q14/base.sql,measured,3,2,5,3,0.264,120.404,8,3,1,627954,1,13723692,0,4,lineitem;ixtest_lineitem_shipdate;part,45667,0,0,0,0,0,0
2026-08-18T13:05:10Z,7DFDA31CCC8D0AA1,18.4,queries/tpch/tpch-queries/q14/base.sql,measured,3,3,5,3,0.220,118.405,8,3,1,627954,1,13723692,0,4,lineitem;ixtest_lineitem_shipdate;part,45667,0,0,0,0,0,0
2026-08-18T13:05:10Z,7DFDA31CCC8D0AA1,18.4,queries/tpch/tpch-queries/q14/base.sql,measured,3,4,5,3,0.221,116.825,8,3,1,627954,1,13723692,0,4,lineitem;ixtest_lineitem_shipdate;part,45667,0,0,0,0,0,0
2026-08-18T13:05:10Z,7DFDA31CCC8D0AA1,18.4,queries/tpch/tpch-queries/q14/base.sql,measured,3,5,5,3,0.225,116.043,8,3,1,627954,1,13723692,0,4,lineitem;ixtest_lineitem_shipdate;part,45666,0,0,0,0,0,0
2026-08-18T13:05:10Z,7DFDA31CCC8D0AA1,18.4,queries/tpch/tpch-queries/q14/v1_materialized.sql,warmup,1,1,1,3,1.667,206.000,9,4,1,627955,1,13723724,0,4,_m;lineitem;ixtest_lineitem_shipdate;part,45667,0,0,0,0,0,0
2026-08-18T13:05:11Z,7DFDA31CCC8D0AA1,18.4,queries/tpch/tpch-queries/q14/v1_materialized.sql,warmup,2,1,1,3,1.845,190.310,9,4,1,627955,1,13723724,0,4,_m;lineitem;ixtest_lineitem_shipdate;part,45667,0,0,0,0,0,0
2026-08-18T13:05:12Z,7DFDA31CCC8D0AA1,18.4,queries/tpch/tpch-queries/q14/v1_materialized.sql,measured,1,1,5,3,2.085,156.893,9,4,1,627955,1,13723724,0,4,_m;lineitem;ixtest_lineitem_shipdate;part,45666,0,0,0,0,0,0
2026-08-18T13:05:12Z,7DFDA31CCC8D0AA1,18.4,queries/tpch/tpch-queries/q14/v1_materialized.sql,measured,1,2,5,3,0.230,125.437,9,4,1,627955,1,13723724,0,4,_m;lineitem;ixtest_lineitem_shipdate;part,45666,0,0,0,0,0,0
2026-08-18T13:05:12Z,7DFDA31CCC8D0AA1,18.4,queries/tpch/tpch-queries/q14/v1_materialized.sql,measured,1,3,5,3,0.231,122.569,9,4,1,627955,1,13723724,0,4,_m;lineitem;ixtest_lineitem_shipdate;part,45667,0,0,0,0,0,0
2026-08-18T13:05:12Z,7DFDA31CCC8D0AA1,18.4,queries/tpch/tpch-queries/q14/v1_materialized.sql,measured,1,4,5,3,0.245,117.292,9,4,1,627955,1,13723724,0,4,_m;lineitem;ixtest_lineitem_shipdate;part,45667,0,0,0,0,0,0
2026-08-18T13:05:12Z,7DFDA31CCC8D0AA1,18.4,queries/tpch/tpch-queries/q14/v1_materialized.sql,measured,1,5,5,3,0.240,115.965,9,4,1,627955,1,13723724,0,4,_m;lineitem;ixtest_lineitem_shipdate;part,45667,0,0,0,0,0,0
2026-08-18T13:05:12Z,7DFDA31CCC8D0AA1,18.4,queries/tpch/tpch-queries/q14/v1_materialized.sql,measured,2,1,5,3,1.530,191.273,9,4,1,627955,1,13723724,0,4,_m;lineitem;ixtest_lineitem_shipdate;part,45667,0,0,0,0,0,0
2026-08-18T13:05:12Z,7DFDA31CCC8D0AA1,18.4,queries/tpch/tpch-queries/q14/v1_materialized.sql,measured,2,2,5,3,0.230,119.678,9,4,1,627955,1,13723724,0,4,_m;lineitem;ixtest_lineitem_shipdate;part,45667,0,0,0,0,0,0
2026-08-18T13:05:12Z,7DFDA31CCC8D0AA1,18.4,queries/tpch/tpch-queries/q14/v1_materialized.sql,measured,2,3,5,3,0.234,120.257,9,4,1,627955,1,13723724,0,4,_m;lineitem;ixtest_lineitem_shipdate;part,45667,0,0,0,0,0,0
2026-08-18T13:05:12Z,7DFDA31CCC8D0AA1,18.4,queries/tpch/tpch-queries/q14/v1_materialized.sql,measured,2,4,5,3,0.233,115.811,9,4,1,627955,1,13723724,0,4,_m;lineitem;ixtest_lineitem_shipdate;part,45666,0,0,0,0,0,0
2026-08-18T13:05:12Z,7DFDA31CCC8D0AA1,18.4,queries/tpch/tpch-queries/q14/v1_materialized.sql,measured,2,5,5,3,0.241,121.607,9,4,1,627955,1,13723724,0,4,_m;lineitem;ixtest_lineitem_shipdate;part,45667,0,0,0,0,0,0
2026-08-18T13:05:13Z,7DFDA31CCC8D0AA1,18.4,queries/tpch/tpch-queries/q14/v1_materialized.sql,measured,3,1,5,3,1.518,182.219,9,4,1,627955,1,13723724,0,4,_m;lineitem;ixtest_lineitem_shipdate;part,45666,0,0,0,0,0,0
2026-08-18T13:05:13Z,7DFDA31CCC8D0AA1,18.4,queries/tpch/tpch-queries/q14/v1_materialized.sql,measured,3,2,5,3,0.229,123.003,9,4,1,627955,1,13723724,0,4,_m;lineitem;ixtest_lineitem_shipdate;part,45667,0,0,0,0,0,0
2026-08-18T13:05:13Z,7DFDA31CCC8D0AA1,18.4,queries/tpch/tpch-queries/q14/v1_materialized.sql,measured,3,3,5,3,0.256,123.129,9,4,1,627955,1,13723724,0,4,_m;lineitem;ixtest_lineitem_shipdate;part,45667,0,0,0,0,0,0
2026-08-18T13:05:13Z,7DFDA31CCC8D0AA1,18.4,queries/tpch/tpch-queries/q14/v1_materialized.sql,measured,3,4,5,3,0.243,119.943,9,4,1,627955,1,13723724,0,4,_m;lineitem;ixtest_lineitem_shipdate;part,45667,0,0,0,0,0,0
2026-08-18T13:05:13Z,7DFDA31CCC8D0AA1,18.4,queries/tpch/tpch-queries/q14/v1_materialized.sql,measured,3,5,5,3,0.308,117.211,9,4,1,627955,1,13723724,0,4,_m;lineitem;ixtest_lineitem_shipdate;part,45667,0,0,0,0,0,0
2026-08-18T13:05:13Z,7DFDA31CCC8D0AA1,18.4,queries/tpch/tpch-queries/q14/v2_filter.sql,warmup,1,1,1,3,1.680,196.315,8,3,1,627954,1,13723692,0,4,lineitem;ixtest_lineitem_shipdate;part,45667,0,0,0,0,0,0
2026-08-18T13:05:14Z,7DFDA31CCC8D0AA1,18.4,queries/tpch/tpch-queries/q14/v2_filter.sql,warmup,2,1,1,3,1.789,178.755,8,3,1,627954,1,13723692,0,4,lineitem;ixtest_lineitem_shipdate;part,45666,0,0,0,0,0,0
2026-08-18T13:05:14Z,7DFDA31CCC8D0AA1,18.4,queries/tpch/tpch-queries/q14/v2_filter.sql,measured,1,1,5,3,1.796,152.449,8,3,1,627954,1,13723692,0,4,lineitem;ixtest_lineitem_shipdate;part,45667,0,0,0,0,0,0
2026-08-18T13:05:14Z,7DFDA31CCC8D0AA1,18.4,queries/tpch/tpch-queries/q14/v2_filter.sql,measured,1,2,5,3,0.222,119.716,8,3,1,627954,1,13723692,0,4,lineitem;ixtest_lineitem_shipdate;part,45667,0,0,0,0,0,0
2026-08-18T13:05:14Z,7DFDA31CCC8D0AA1,18.4,queries/tpch/tpch-queries/q14/v2_filter.sql,measured,1,3,5,3,0.219,116.835,8,3,1,627954,1,13723692,0,4,lineitem;ixtest_lineitem_shipdate;part,45667,0,0,0,0,0,0
2026-08-18T13:05:14Z,7DFDA31CCC8D0AA1,18.4,queries/tpch/tpch-queries/q14/v2_filter.sql,measured,1,4,5,3,0.295,128.631,8,3,1,627954,1,13723692,0,4,lineitem;ixtest_lineitem_shipdate;part,45667,0,0,0,0,0,0
2026-08-18T13:05:14Z,7DFDA31CCC8D0AA1,18.4,queries/tpch/tpch-queries/q14/v2_filter.sql,measured,1,5,5,3,0.216,115.516,8,3,1,627954,1,13723692,0,4,lineitem;ixtest_lineitem_shipdate;part,45666,0,0,0,0,0,0
2026-08-18T13:05:15Z,7DFDA31CCC8D0AA1,18.4,queries/tpch/tpch-queries/q14/v2_filter.sql,measured,2,1,5,3,1.490,190.156,8,3,1,627954,1,13723692,0,4,lineitem;ixtest_lineitem_shipdate;part,45667,0,0,0,0,0,0
2026-08-18T13:05:15Z,7DFDA31CCC8D0AA1,18.4,queries/tpch/tpch-queries/q14/v2_filter.sql,measured,2,2,5,3,0.216,124.685,8,3,1,627954,1,13723692,0,4,lineitem;ixtest_lineitem_shipdate;part,45667,0,0,0,0,0,0
2026-08-18T13:05:15Z,7DFDA31CCC8D0AA1,18.4,queries/tpch/tpch-queries/q14/v2_filter.sql,measured,2,3,5,3,0.217,116.261,8,3,1,627954,1,13723692,0,4,lineitem;ixtest_lineitem_shipdate;part,45667,0,0,0,0,0,0
2026-08-18T13:05:15Z,7DFDA31CCC8D0AA1,18.4,queries/tpch/tpch-queries/q14/v2_filter.sql,measured,2,4,5,3,0.217,116.040,8,3,1,627954,1,13723692,0,4,lineitem;ixtest_lineitem_shipdate;part,45666,0,0,0,0,0,0
2026-08-18T13:05:15Z,7DFDA31CCC8D0AA1,18.4,queries/tpch/tpch-queries/q14/v2_filter.sql,measured,2,5,5,3,0.224,114.722,8,3,1,627954,1,13723692,0,4,lineitem;ixtest_lineitem_shipdate;part,45667,0,0,0,0,0,0
2026-08-18T13:05:16Z,7DFDA31CCC8D0AA1,18.4,queries/tpch/tpch-queries/q14/v2_filter.sql,measured,3,1,5,3,1.725,188.572,8,3,1,627954,1,13723692,0,4,lineitem;ixtest_lineitem_shipdate;part,45667,0,0,0,0,0,0
2026-08-18T13:05:16Z,7DFDA31CCC8D0AA1,18.4,queries/tpch/tpch-queries/q14/v2_filter.sql,measured,3,2,5,3,0.215,129.752,8,3,1,627954,1,13723692,0,4,lineitem;ixtest_lineitem_shipdate;part,45667,0,0,0,0,0,0
2026-08-18T13:05:16Z,7DFDA31CCC8D0AA1,18.4,queries/tpch/tpch-queries/q14/v2_filter.sql,measured,3,3,5,3,0.219,116.477,8,3,1,627954,1,13723692,0,4,lineitem;ixtest_lineitem_shipdate;part,45667,0,0,0,0,0,0
2026-08-18T13:05:16Z,7DFDA31CCC8D0AA1,18.4,queries/tpch/tpch-queries/q14/v2_filter.sql,measured,3,4,5,3,0.218,115.456,8,3,1,627954,1,13723692,0,4,lineitem;ixtest_lineitem_shipdate;part,45667,0,0,0,0,0,0
2026-08-18T13:05:16Z,7DFDA31CCC8D0AA1,18.4,queries/tpch/tpch-queries/q14/v2_filter.sql,measured,3,5,5,3,0.219,115.312,8,3,1,627954,1,13723692,0,4,lineitem;ixtest_lineitem_shipdate;part,45667,0,0,0,0,0,0
2026-08-18T13:05:16Z,7DFDA31CCC8D0AA1,18.4,queries/tpch/tpch-queries/q15/base.sql,warmup,1,1,1,3,1.407,291.292,9,5,1,471913,50,4295609,9999,0,lineitem;ixtest_lineitem_shipdate;revenue;supplier,66815,197,0,0,0,0,0
2026-08-18T13:05:17Z,7DFDA31CCC8D0AA1,18.4,queries/tpch/tpch-queries/q15/base.sql,warmup,2,1,1,3,1.072,288.385,9,5,1,471913,50,4295609,9999,0,lineitem;ixtest_lineitem_shipdate;revenue;supplier,67012,0,0,0,0,0,0
2026-08-18T13:05:18Z,7DFDA31CCC8D0AA1,18.4,queries/tpch/tpch-queries/q15/base.sql,measured,1,1,5,3,1.067,285.216,9,5,1,471913,50,4295609,9999,0,lineitem;ixtest_lineitem_shipdate;revenue;supplier,67012,0,0,0,0,0,0
2026-08-18T13:05:18Z,7DFDA31CCC8D0AA1,18.4,queries/tpch/tpch-queries/q15/base.sql,measured,1,2,5,3,0.191,218.327,9,5,1,471913,50,4295609,9999,0,lineitem;ixtest_lineitem_shipdate;revenue;supplier,67009,0,0,0,0,0,0
2026-08-18T13:05:18Z,7DFDA31CCC8D0AA1,18.4,queries/tpch/tpch-queries/q15/base.sql,measured,1,3,5,3,0.193,216.265,9,5,1,471913,50,4295609,9999,0,lineitem;ixtest_lineitem_shipdate;revenue;supplier,67009,0,0,0,0,0,0
2026-08-18T13:05:18Z,7DFDA31CCC8D0AA1,18.4,queries/tpch/tpch-queries/q15/base.sql,measured,1,4,5,3,0.194,210.127,9,5,1,471913,50,4295609,9999,0,lineitem;ixtest_lineitem_shipdate;revenue;supplier,67009,0,0,0,0,0,0
2026-08-18T13:05:18Z,7DFDA31CCC8D0AA1,18.4,queries/tpch/tpch-queries/q15/base.sql,measured,1,5,5,3,0.190,207.345,9,5,1,471913,50,4295609,9999,0,lineitem;ixtest_lineitem_shipdate;revenue;supplier,67009,0,0,0,0,0,0
2026-08-18T13:05:19Z,7DFDA31CCC8D0AA1,18.4,queries/tpch/tpch-queries/q15/base.sql,measured,2,1,5,3,1.063,274.147,9,5,1,471913,50,4295609,9999,0,lineitem;ixtest_lineitem_shipdate;revenue;supplier,67012,0,0,0,0,0,0
2026-08-18T13:05:19Z,7DFDA31CCC8D0AA1,18.4,queries/tpch/tpch-queries/q15/base.sql,measured,2,2,5,3,0.187,216.396,9,5,1,471913,50,4295609,9999,0,lineitem;ixtest_lineitem_shipdate;revenue;supplier,67009,0,0,0,0,0,0
2026-08-18T13:05:19Z,7DFDA31CCC8D0AA1,18.4,queries/tpch/tpch-queries/q15/base.sql,measured,2,3,5,3,0.202,216.822,9,5,1,471913,50,4295609,9999,0,lineitem;ixtest_lineitem_shipdate;revenue;supplier,67009,0,0,0,0,0,0
2026-08-18T13:05:19Z,7DFDA31CCC8D0AA1,18.4,queries/tpch/tpch-queries/q15/base.sql,measured,2,4,5,3,0.193,209.913,9,5,1,471913,50,4295609,9999,0,lineitem;ixtest_lineitem_shipdate;revenue;supplier,67009,0,0,0,0,0,0
2026-08-18T13:05:19Z,7DFDA31CCC8D0AA1,18.4,queries/tpch/tpch-queries/q15/base.sql,measured,2,5,5,3,0.190,210.801,9,5,1,471913,50,4295609,9999,0,lineitem;ixtest_lineitem_shipdate;revenue;supplier,67009,0,0,0,0,0,0
2026-08-18T13:05:20Z,7DFDA31CCC8D0AA1,18.4,queries/tpch/tpch-queries/q15/base.sql,measured,3,1,5,3,1.043,278.487,9,5,1,471913,50,4295609,9999,0,lineitem;ixtest_lineitem_shipdate;revenue;supplier,67012,0,0,0,0,0,0
2026-08-18T13:05:20Z,7DFDA31CCC8D0AA1,18.4,queries/tpch/tpch-queries/q15/base.sql,measured,3,2,5,3,0.187,209.479,9,5,1,471913,50,4295609,9999,0,lineitem;ixtest_lineitem_shipdate;revenue;supplier,67009,0,0,0,0,0,0
2026-08-18T13:05:20Z,7DFDA31CCC8D0AA1,18.4,queries/tpch/tpch-queries/q15/base.sql,measured,3,3,5,3,0.194,211.034,9,5,1,471913,50,4295609,9999,0,lineitem;ixtest_lineitem_shipdate;revenue;supplier,67009,0,0,0,0,0,0
2026-08-18T13:05:20Z,7DFDA31CCC8D0AA1,18.4,queries/tpch/tpch-queries/q15/base.sql,measured,3,4,5,3,0.188,211.415,9,5,1,471913,50,4295609,9999,0,lineitem;ixtest_lineitem_shipdate;revenue;supplier,67009,0,0,0,0,0,0
2026-08-18T13:05:20Z,7DFDA31CCC8D0AA1,18.4,queries/tpch/tpch-queries/q15/base.sql,measured,3,5,5,3,0.184,208.723,9,5,1,471913,50,4295609,9999,0,lineitem;ixtest_lineitem_shipdate;revenue;supplier,67009,0,0,0,0,0,0
2026-08-18T13:05:21Z,7DFDA31CCC8D0AA1,18.4,queries/tpch/tpch-queries/q15/v1_materialized.sql,warmup,1,1,1,3,1.103,270.717,10,6,1,471914,50,4296110,9999,0,lineitem;ixtest_lineitem_shipdate;revenue;supplier;_m,67012,0,0,0,0,0,0
2026-08-18T13:05:21Z,7DFDA31CCC8D0AA1,18.4,queries/tpch/tpch-queries/q15/v1_materialized.sql,warmup,2,1,1,3,1.110,272.720,10,6,1,471914,50,4296110,9999,0,lineitem;ixtest_lineitem_shipdate;revenue;supplier;_m,67012,0,0,0,0,0,0
2026-08-18T13:05:22Z,7DFDA31CCC8D0AA1,18.4,queries/tpch/tpch-queries/q15/v1_materialized.sql,measured,1,1,5,3,1.106,274.265,10,6,1,471914,50,4296110,9999,0,lineitem;ixtest_lineitem_shipdate;revenue;supplier;_m,67012,0,0,0,0,0,0
2026-08-18T13:05:22Z,7DFDA31CCC8D0AA1,18.4,queries/tpch/tpch-queries/q15/v1_materialized.sql,measured,1,2,5,3,0.199,212.942,10,6,1,471914,50,4296110,9999,0,lineitem;ixtest_lineitem_shipdate;revenue;supplier;_m,67009,0,0,0,0,0,0
2026-08-18T13:05:22Z,7DFDA31CCC8D0AA1,18.4,queries/tpch/tpch-queries/q15/v1_materialized.sql,measured,1,3,5,3,0.204,212.583,10,6,1,471914,50,4296110,9999,0,lineitem;ixtest_lineitem_shipdate;revenue;supplier;_m,67009,0,0,0,0,0,0
2026-08-18T13:05:22Z,7DFDA31CCC8D0AA1,18.4,queries/tpch/tpch-queries/q15/v1_materialized.sql,measured,1,4,5,3,0.203,214.337,10,6,1,471914,50,4296110,9999,0,lineitem;ixtest_lineitem_shipdate;revenue;supplier;_m,67009,0,0,0,0,0,0
2026-08-18T13:05:22Z,7DFDA31CCC8D0AA1,18.4,queries/tpch/tpch-queries/q15/v1_materialized.sql,measured,1,5,5,3,0.219,211.073,10,6,1,471914,50,4296110,9999,0,lineitem;ixtest_lineitem_shipdate;revenue;supplier;_m,67009,0,0,0,0,0,0
2026-08-18T13:05:23Z,7DFDA31CCC8D0AA1,18.4,queries/tpch/tpch-queries/q15/v1_materialized.sql,measured,2,1,5,3,1.122,268.779,10,6,1,471914,50,4296110,9999,0,lineitem;ixtest_lineitem_shipdate;revenue;supplier;_m,67012,0,0,0,0,0,0
2026-08-18T13:05:23Z,7DFDA31CCC8D0AA1,18.4,queries/tpch/tpch-queries/q15/v1_materialized.sql,measured,2,2,5,3,0.207,206.384,10,6,1,471914,50,4296110,9999,0,lineitem;ixtest_lineitem_shipdate;revenue;supplier;_m,67009,0,0,0,0,0,0
2026-08-18T13:05:23Z,7DFDA31CCC8D0AA1,18.4,queries/tpch/tpch-queries/q15/v1_materialized.sql,measured,2,3,5,3,0.198,211.714,10,6,1,471914,50,4296110,9999,0,lineitem;ixtest_lineitem_shipdate;revenue;supplier;_m,67009,0,0,0,0,0,0
2026-08-18T13:05:23Z,7DFDA31CCC8D0AA1,18.4,queries/tpch/tpch-queries/q15/v1_materialized.sql,measured,2,4,5,3,0.196,204.131,10,6,1,471914,50,4296110,9999,0,lineitem;ixtest_lineitem_shipdate;revenue;supplier;_m,67009,0,0,0,0,0,0
2026-08-18T13:05:23Z,7DFDA31CCC8D0AA1,18.4,queries/tpch/tpch-queries/q15/v1_materialized.sql,measured,2,5,5,3,0.199,204.106,10,6,1,471914,50,4296110,9999,0,lineitem;ixtest_lineitem_shipdate;revenue;supplier;_m,67009,0,0,0,0,0,0
2026-08-18T13:05:25Z,7DFDA31CCC8D0AA1,18.4,queries/tpch/tpch-queries/q15/v1_materialized.sql,measured,3,1,5,3,1.098,270.279,10,6,1,471914,50,4296110,9999,0,lineitem;ixtest_lineitem_shipdate;revenue;supplier;_m,67012,0,0,0,0,0,0
2026-08-18T13:05:25Z,7DFDA31CCC8D0AA1,18.4,queries/tpch/tpch-queries/q15/v1_materialized.sql,measured,3,2,5,3,0.199,212.501,10,6,1,471914,50,4296110,9999,0,lineitem;ixtest_lineitem_shipdate;revenue;supplier;_m,67009,0,0,0,0,0,0
2026-08-18T13:05:25Z,7DFDA31CCC8D0AA1,18.4,queries/tpch/tpch-queries/q15/v1_materialized.sql,measured,3,3,5,3,0.197,214.255,10,6,1,471914,50,4296110,9999,0,lineitem;ixtest_lineitem_shipdate;revenue;supplier;_m,67009,0,0,0,0,0,0
2026-08-18T13:05:25Z,7DFDA31CCC8D0AA1,18.4,queries/tpch/tpch-queries/q15/v1_materialized.sql,measured,3,4,5,3,0.196,205.697,10,6,1,471914,50,4296110,9999,0,lineitem;ixtest_lineitem_shipdate;revenue;supplier;_m,67009,0,0,0,0,0,0
2026-08-18T13:05:25Z,7DFDA31CCC8D0AA1,18.4,queries/tpch/tpch-queries/q15/v1_materialized.sql,measured,3,5,5,3,0.211,205.526,10,6,1,471914,50,4296110,9999,0,lineitem;ixtest_lineitem_shipdate;revenue;supplier;_m,67009,0,0,0,0,0,0
2026-08-18T13:05:25Z,7DFDA31CCC8D0AA1,18.4,queries/tpch/tpch-queries/q16/base.sql,warmup,1,1,1,3,1.215,238.424,10,4,18314,1282128,15815,24568112,10509,4,partsupp;supplier;part;ixtest_part_size,5397,2229,0,0,0,0,0
2026-08-18T13:05:25Z,7DFDA31CCC8D0AA1,18.4,queries/tpch/tpch-queries/q16/base.sql,warmup,2,1,1,3,1.411,233.864,10,4,18314,1282128,15815,24568112,10509,4,partsupp;supplier;part;ixtest_part_size,7626,0,0,0,0,0,0
2026-08-18T13:05:26Z,7DFDA31CCC8D0AA1,18.4,queries/tpch/tpch-queries/q16/base.sql,measured,1,1,5,3,1.406,248.382,10,4,18314,1282128,15815,24568112,10509,4,partsupp;supplier;part;ixtest_part_size,7626,0,0,0,0,0,0
2026-08-18T13:05:26Z,7DFDA31CCC8D0AA1,18.4,queries/tpch/tpch-queries/q16/base.sql,measured,1,2,5,3,0.322,222.134,10,4,18314,1282128,15815,24568112,10509,4,partsupp;supplier;part;ixtest_part_size,7622,0,0,0,0,0,0
2026-08-18T13:05:26Z,7DFDA31CCC8D0AA1,18.4,queries/tpch/tpch-queries/q16/base.sql,measured,1,3,5,3,0.316,224.146,10,4,18314,1282128,15815,24568112,10509,4,partsupp;supplier;part;ixtest_part_size,7622,0,0,0,0,0,0
2026-08-18T13:05:26Z,7DFDA31CCC8D0AA1,18.4,queries/tpch/tpch-queries/q16/base.sql,measured,1,4,5,3,0.317,239.837,10,4,18314,1282128,15815,24568112,10509,4,partsupp;supplier;part;ixtest_part_size,7622,0,0,0,0,0,0
2026-08-18T13:05:26Z,7DFDA31CCC8D0AA1,18.4,queries/tpch/tpch-queries/q16/base.sql,measured,1,5,5,3,0.305,221.343,10,4,18314,1282128,15815,24568112,10509,4,partsupp;supplier;part;ixtest_part_size,7623,0,0,0,0,0,0
2026-08-18T13:05:28Z,7DFDA31CCC8D0AA1,18.4,queries/tpch/tpch-queries/q16/base.sql,measured,2,1,5,3,1.222,231.262,10,4,18314,1282128,15815,24568112,10509,4,partsupp;supplier;part;ixtest_part_size,7626,0,0,0,0,0,0
2026-08-18T13:05:28Z,7DFDA31CCC8D0AA1,18.4,queries/tpch/tpch-queries/q16/base.sql,measured,2,2,5,3,0.315,227.010,10,4,18314,1282128,15815,24568112,10509,4,partsupp;supplier;part;ixtest_part_size,7623,0,0,0,0,0,0
2026-08-18T13:05:28Z,7DFDA31CCC8D0AA1,18.4,queries/tpch/tpch-queries/q16/base.sql,measured,2,3,5,3,0.314,221.680,10,4,18314,1282128,15815,24568112,10509,4,partsupp;supplier;part;ixtest_part_size,7623,0,0,0,0,0,0
2026-08-18T13:05:28Z,7DFDA31CCC8D0AA1,18.4,queries/tpch/tpch-queries/q16/base.sql,measured,2,4,5,3,0.308,226.084,10,4,18314,1282128,15815,24568112,10509,4,partsupp;supplier;part;ixtest_part_size,7622,0,0,0,0,0,0
2026-08-18T13:05:28Z,7DFDA31CCC8D0AA1,18.4,queries/tpch/tpch-queries/q16/base.sql,measured,2,5,5,3,0.309,223.930,10,4,18314,1282128,15815,24568112,10509,4,partsupp;supplier;part;ixtest_part_size,7623,0,0,0,0,0,0
2026-08-18T13:05:29Z,7DFDA31CCC8D0AA1,18.4,queries/tpch/tpch-queries/q16/base.sql,measured,3,1,5,3,1.228,234.303,10,4,18314,1282128,15815,24568112,10509,4,partsupp;supplier;part;ixtest_part_size,7626,0,0,0,0,0,0
2026-08-18T13:05:29Z,7DFDA31CCC8D0AA1,18.4,queries/tpch/tpch-queries/q16/base.sql,measured,3,2,5,3,0.312,222.967,10,4,18314,1282128,15815,24568112,10509,4,partsupp;supplier;part;ixtest_part_size,7622,0,0,0,0,0,0
2026-08-18T13:05:29Z,7DFDA31CCC8D0AA1,18.4,queries/tpch/tpch-queries/q16/base.sql,measured,3,3,5,3,0.313,222.283,10,4,18314,1282128,15815,24568112,10509,4,partsupp;supplier;part;ixtest_part_size,7622,0,0,0,0,0,0
2026-08-18T13:05:29Z,7DFDA31CCC8D0AA1,18.4,queries/tpch/tpch-queries/q16/base.sql,measured,3,4,5,3,0.305,223.423,10,4,18314,1282128,15815,24568112,10509,4,partsupp;supplier;part;ixtest_part_size,7623,0,0,0,0,0,0
2026-08-18T13:05:29Z,7DFDA31CCC8D0AA1,18.4,queries/tpch/tpch-queries/q16/base.sql,measured,3,5,5,3,0.307,223.700,10,4,18314,1282128,15815,24568112,10509,4,partsupp;supplier;part;ixtest_part_size,7622,0,0,0,0,0,0
2026-08-18T13:05:29Z,7DFDA31CCC8D0AA1,18.4,queries/tpch/tpch-queries/q16/v1_materialized.sql,warmup,1,1,1,3,1.360,235.323,11,5,18314,1300442,15815,28304168,10509,4,partsupp;supplier;part;ixtest_part_size;_m,7626,0,0,0,0,0,0
2026-08-18T13:05:30Z,7DFDA31CCC8D0AA1,18.4,queries/tpch/tpch-queries/q16/v1_materialized.sql,warmup,2,1,1,3,1.247,233.778,11,5,18314,1300442,15815,28304168,10509,4,partsupp;supplier;part;ixtest_part_size;_m,7626,0,0,0,0,0,0
2026-08-18T13:05:31Z,7DFDA31CCC8D0AA1,18.4,queries/tpch/tpch-queries/q16/v1_materialized.sql,measured,1,1,5,3,1.265,235.638,11,5,18314,1300442,15815,28304168,10509,4,partsupp;supplier;part;ixtest_part_size;_m,7626,0,0,0,0,0,0
2026-08-18T13:05:31Z,7DFDA31CCC8D0AA1,18.4,queries/tpch/tpch-queries/q16/v1_materialized.sql,measured,1,2,5,3,0.332,231.136,11,5,18314,1300442,15815,28304168,10509,4,partsupp;supplier;part;ixtest_part_size;_m,7623,0,0,0,0,0,0
2026-08-18T13:05:31Z,7DFDA31CCC8D0AA1,18.4,queries/tpch/tpch-queries/q16/v1_materialized.sql,measured,1,3,5,3,0.318,242.448,11,5,18314,1300442,15815,28304168,10509,4,partsupp;supplier;part;ixtest_part_size;_m,7622,0,0,0,0,0,0
2026-08-18T13:05:31Z,7DFDA31CCC8D0AA1,18.4,queries/tpch/tpch-queries/q16/v1_materialized.sql,measured,1,4,5,3,0.329,227.363,11,5,18314,1300442,15815,28304168,10509,4,partsupp;supplier;part;ixtest_part_size;_m,7623,0,0,0,0,0,0
2026-08-18T13:05:31Z,7DFDA31CCC8D0AA1,18.4,queries/tpch/tpch-queries/q16/v1_materialized.sql,measured,1,5,5,3,0.330,233.745,11,5,18314,1300442,15815,28304168,10509,4,partsupp;supplier;part;ixtest_part_size;_m,7622,0,0,0,0,0,0
2026-08-18T13:05:32Z,7DFDA31CCC8D0AA1,18.4,queries/tpch/tpch-queries/q16/v1_materialized.sql,measured,2,1,5,3,1.385,243.386,11,5,18314,1300442,15815,28304168,10509,4,partsupp;supplier;part;ixtest_part_size;_m,7625,0,0,0,0,0,0
2026-08-18T13:05:32Z,7DFDA31CCC8D0AA1,18.4,queries/tpch/tpch-queries/q16/v1_materialized.sql,measured,2,2,5,3,0.361,248.704,11,5,18314,1300442,15815,28304168,10509,4,partsupp;supplier;part;ixtest_part_size;_m,7622,0,0,0,0,0,0
2026-08-18T13:05:32Z,7DFDA31CCC8D0AA1,18.4,queries/tpch/tpch-queries/q16/v1_materialized.sql,measured,2,3,5,3,0.332,227.137,11,5,18314,1300442,15815,28304168,10509,4,partsupp;supplier;part;ixtest_part_size;_m,7623,0,0,0,0,0,0
2026-08-18T13:05:32Z,7DFDA31CCC8D0AA1,18.4,queries/tpch/tpch-queries/q16/v1_materialized.sql,measured,2,4,5,3,0.325,229.185,11,5,18314,1300442,15815,28304168,10509,4,partsupp;supplier;part;ixtest_part_size;_m,7622,0,0,0,0,0,0
2026-08-18T13:05:32Z,7DFDA31CCC8D0AA1,18.4,queries/tpch/tpch-queries/q16/v1_materialized.sql,measured,2,5,5,3,0.326,232.781,11,5,18314,1300442,15815,28304168,10509,4,partsupp;supplier;part;ixtest_part_size;_m,7622,0,0,0,0,0,0
2026-08-18T13:05:33Z,7DFDA31CCC8D0AA1,18.4,queries/tpch/tpch-queries/q16/v1_materialized.sql,measured,3,1,5,3,1.346,234.615,11,5,18314,1300442,15815,28304168,10509,4,partsupp;supplier;part;ixtest_part_size;_m,7626,0,0,0,0,0,0
2026-08-18T13:05:33Z,7DFDA31CCC8D0AA1,18.4,queries/tpch/tpch-queries/q16/v1_materialized.sql,measured,3,2,5,3,0.327,227.910,11,5,18314,1300442,15815,28304168,10509,4,partsupp;supplier;part;ixtest_part_size;_m,7623,0,0,0,0,0,0
2026-08-18T13:05:33Z,7DFDA31CCC8D0AA1,18.4,queries/tpch/tpch-queries/q16/v1_materialized.sql,measured,3,3,5,3,0.326,235.655,11,5,18314,1300442,15815,28304168,10509,4,partsupp;supplier;part;ixtest_part_size;_m,7622,0,0,0,0,0,0
2026-08-18T13:05:33Z,7DFDA31CCC8D0AA1,18.4,queries/tpch/tpch-queries/q16/v1_materialized.sql,measured,3,4,5,3,0.331,229.439,11,5,18314,1300442,15815,28304168,10509,4,partsupp;supplier;part;ixtest_part_size;_m,7622,0,0,0,0,0,0
2026-08-18T13:05:33Z,7DFDA31CCC8D0AA1,18.4,queries/tpch/tpch-queries/q16/v1_materialized.sql,measured,3,5,5,3,0.322,231.119,11,5,18314,1300442,15815,28304168,10509,4,partsupp;supplier;part;ixtest_part_size;_m,7622,0,0,0,0,0,0
2026-08-18T13:05:34Z,7DFDA31CCC8D0AA1,18.4,queries/tpch/tpch-queries/q16/v2_not_exists.sql,warmup,1,1,1,3,1.478,213.349,11,4,18314,689523,15815,22667160,10744,2,part;ixtest_part_size;partsupp;supplier,93811,7,0,0,0,0,0
2026-08-18T13:05:34Z,7DFDA31CCC8D0AA1,18.4,queries/tpch/tpch-queries/q16/v2_not_exists.sql,warmup,2,1,1,3,1.412,209.807,11,4,18314,689523,15815,22667160,10744,2,part;ixtest_part_size;partsupp;supplier,93818,0,0,0,0,0,0
2026-08-18T13:05:35Z,7DFDA31CCC8D0AA1,18.4,queries/tpch/tpch-queries/q16/v2_not_exists.sql,measured,1,1,5,3,1.447,209.660,11,4,18314,689523,15815,22667160,10744,2,part;ixtest_part_size;partsupp;supplier,93818,0,0,0,0,0,0
2026-08-18T13:05:35Z,7DFDA31CCC8D0AA1,18.4,queries/tpch/tpch-queries/q16/v2_not_exists.sql,measured,1,2,5,3,0.389,216.787,11,4,18314,689523,15815,22667160,10744,2,part;ixtest_part_size;partsupp;supplier,93815,0,0,0,0,0,0
2026-08-18T13:05:35Z,7DFDA31CCC8D0AA1,18.4,queries/tpch/tpch-queries/q16/v2_not_exists.sql,measured,1,3,5,3,0.388,216.716,11,4,18314,689523,15815,22667160,10744,2,part;ixtest_part_size;partsupp;supplier,93815,0,0,0,0,0,0
2026-08-18T13:05:35Z,7DFDA31CCC8D0AA1,18.4,queries/tpch/tpch-queries/q16/v2_not_exists.sql,measured,1,4,5,3,0.386,217.407,11,4,18314,689523,15815,22667160,10744,2,part;ixtest_part_size;partsupp;supplier,93815,0,0,0,0,0,0
2026-08-18T13:05:35Z,7DFDA31CCC8D0AA1,18.4,queries/tpch/tpch-queries/q16/v2_not_exists.sql,measured,1,5,5,3,0.385,209.980,11,4,18314,689523,15815,22667160,10744,2,part;ixtest_part_size;partsupp;supplier,93815,0,0,0,0,0,0
2026-08-18T13:05:36Z,7DFDA31CCC8D0AA1,18.4,queries/tpch/tpch-queries/q16/v2_not_exists.sql,measured,2,1,5,3,1.482,211.392,11,4,18314,689523,15815,22667160,10744,2,part;ixtest_part_size;partsupp;supplier,93818,0,0,0,0,0,0
2026-08-18T13:05:36Z,7DFDA31CCC8D0AA1,18.4,queries/tpch/tpch-queries/q16/v2_not_exists.sql,measured,2,2,5,3,0.394,216.915,11,4,18314,689523,15815,22667160,10744,2,part;ixtest_part_size;partsupp;supplier,93815,0,0,0,0,0,0
2026-08-18T13:05:36Z,7DFDA31CCC8D0AA1,18.4,queries/tpch/tpch-queries/q16/v2_not_exists.sql,measured,2,3,5,3,0.387,216.961,11,4,18314,689523,15815,22667160,10744,2,part;ixtest_part_size;partsupp;supplier,93815,0,0,0,0,0,0
2026-08-18T13:05:36Z,7DFDA31CCC8D0AA1,18.4,queries/tpch/tpch-queries/q16/v2_not_exists.sql,measured,2,4,5,3,0.387,211.019,11,4,18314,689523,15815,22667160,10744,2,part;ixtest_part_size;partsupp;supplier,93815,0,0,0,0,0,0
2026-08-18T13:05:36Z,7DFDA31CCC8D0AA1,18.4,queries/tpch/tpch-queries/q16/v2_not_exists.sql,measured,2,5,5,3,0.388,218.451,11,4,18314,689523,15815,22667160,10744,2,part;ixtest_part_size;partsupp;supplier,93815,0,0,0,0,0,0
2026-08-18T13:05:37Z,7DFDA31CCC8D0AA1,18.4,queries/tpch/tpch-queries/q16/v2_not_exists.sql,measured,3,1,5,3,1.343,211.520,11,4,18314,689523,15815,22667160,10744,2,part;ixtest_part_size;partsupp;supplier,93818,0,0,0,0,0,0
2026-08-18T13:05:37Z,7DFDA31CCC8D0AA1,18.4,queries/tpch/tpch-queries/q16/v2_not_exists.sql,measured,3,2,5,3,0.389,216.561,11,4,18314,689523,15815,22667160,10744,2,part;ixtest_part_size;partsupp;supplier,93815,0,0,0,0,0,0
2026-08-18T13:05:37Z,7DFDA31CCC8D0AA1,18.4,queries/tpch/tpch-queries/q16/v2_not_exists.sql,measured,3,3,5,3,0.384,218.862,11,4,18314,689523,15815,22667160,10744,2,part;ixtest_part_size;partsupp;supplier,93815,0,0,0,0,0,0
2026-08-18T13:05:37Z,7DFDA31CCC8D0AA1,18.4,queries/tpch/tpch-queries/q16/v2_not_exists.sql,measured,3,4,5,3,0.388,216.905,11,4,18314,689523,15815,22667160,10744,2,part;ixtest_part_size;partsupp;supplier,93815,0,0,0,0,0,0
2026-08-18T13:05:37Z,7DFDA31CCC8D0AA1,18.4,queries/tpch/tpch-queries/q16/v2_not_exists.sql,measured,3,5,5,3,0.387,216.148,11,4,18314,689523,15815,22667160,10744,2,part;ixtest_part_size;partsupp;supplier,93815,0,0,0,0,0,0
2026-08-18T13:05:42Z,7DFDA31CCC8D0AA1,18.4,queries/tpch/tpch-queries/q17/v2_decorrelate.sql,warmup,1,1,1,3,1.387,4031.253,11,5,1,6215736,1,61232391,27,0,lineitem;part;ixtest_part_container;ixtest_part_brand,119329,183,0,0,0,0,0
2026-08-18T13:05:46Z,7DFDA31CCC8D0AA1,18.4,queries/tpch/tpch-queries/q17/v2_decorrelate.sql,warmup,2,1,1,3,1.389,4020.817,11,5,1,6215736,1,61232391,27,0,lineitem;part;ixtest_part_container;ixtest_part_brand,119512,0,0,0,0,0,0
2026-08-18T13:06:05Z,7DFDA31CCC8D0AA1,18.4,queries/tpch/tpch-queries/q17/v2_decorrelate.sql,measured,1,1,5,3,1.382,3996.197,11,5,1,6215736,1,61232391,27,0,lineitem;part;ixtest_part_container;ixtest_part_brand,119512,0,0,0,0,0,0
2026-08-18T13:06:05Z,7DFDA31CCC8D0AA1,18.4,queries/tpch/tpch-queries/q17/v2_decorrelate.sql,measured,1,2,5,3,0.348,3898.746,11,5,1,6215736,1,61232391,27,0,lineitem;part;ixtest_part_container;ixtest_part_brand,119512,0,0,0,0,0,0
2026-08-18T13:06:05Z,7DFDA31CCC8D0AA1,18.4,queries/tpch/tpch-queries/q17/v2_decorrelate.sql,measured,1,3,5,3,0.359,3902.117,11,5,1,6215736,1,61232391,27,0,lineitem;part;ixtest_part_container;ixtest_part_brand,119512,0,0,0,0,0,0
2026-08-18T13:06:05Z,7DFDA31CCC8D0AA1,18.4,queries/tpch/tpch-queries/q17/v2_decorrelate.sql,measured,1,4,5,3,0.357,3911.363,11,5,1,6215736,1,61232391,27,0,lineitem;part;ixtest_part_container;ixtest_part_brand,119512,0,0,0,0,0,0
2026-08-18T13:06:05Z,7DFDA31CCC8D0AA1,18.4,queries/tpch/tpch-queries/q17/v2_decorrelate.sql,measured,1,5,5,3,0.355,3922.749,11,5,1,6215736,1,61232391,27,0,lineitem;part;ixtest_part_container;ixtest_part_brand,119512,0,0,0,0,0,0
2026-08-18T13:06:25Z,7DFDA31CCC8D0AA1,18.4,queries/tpch/tpch-queries/q17/v2_decorrelate.sql,measured,2,1,5,3,1.383,3992.226,11,5,1,6215736,1,61232391,27,0,lineitem;part;ixtest_part_container;ixtest_part_brand,119512,0,0,0,0,0,0
2026-08-18T13:06:25Z,7DFDA31CCC8D0AA1,18.4,queries/tpch/tpch-queries/q17/v2_decorrelate.sql,measured,2,2,5,3,0.364,3921.286,11,5,1,6215736,1,61232391,27,0,lineitem;part;ixtest_part_container;ixtest_part_brand,119512,0,0,0,0,0,0
2026-08-18T13:06:25Z,7DFDA31CCC8D0AA1,18.4,queries/tpch/tpch-queries/q17/v2_decorrelate.sql,measured,2,3,5,3,0.351,3892.422,11,5,1,6215736,1,61232391,27,0,lineitem;part;ixtest_part_container;ixtest_part_brand,119512,0,0,0,0,0,0
2026-08-18T13:06:25Z,7DFDA31CCC8D0AA1,18.4,queries/tpch/tpch-queries/q17/v2_decorrelate.sql,measured,2,4,5,3,0.356,3902.800,11,5,1,6215736,1,61232391,27,0,lineitem;part;ixtest_part_container;ixtest_part_brand,119512,0,0,0,0,0,0
2026-08-18T13:06:25Z,7DFDA31CCC8D0AA1,18.4,queries/tpch/tpch-queries/q17/v2_decorrelate.sql,measured,2,5,5,3,0.345,3927.657,11,5,1,6215736,1,61232391,27,0,lineitem;part;ixtest_part_container;ixtest_part_brand,119512,0,0,0,0,0,0
2026-08-18T13:06:45Z,7DFDA31CCC8D0AA1,18.4,queries/tpch/tpch-queries/q17/v2_decorrelate.sql,measured,3,1,5,3,1.387,3996.223,11,5,1,6215736,1,61232391,27,0,lineitem;part;ixtest_part_container;ixtest_part_brand,119512,0,0,0,0,0,0
2026-08-18T13:06:45Z,7DFDA31CCC8D0AA1,18.4,queries/tpch/tpch-queries/q17/v2_decorrelate.sql,measured,3,2,5,3,0.343,3913.375,11,5,1,6215736,1,61232391,27,0,lineitem;part;ixtest_part_container;ixtest_part_brand,119512,0,0,0,0,0,0
2026-08-18T13:06:45Z,7DFDA31CCC8D0AA1,18.4,queries/tpch/tpch-queries/q17/v2_decorrelate.sql,measured,3,3,5,3,0.346,3893.473,11,5,1,6215736,1,61232391,27,0,lineitem;part;ixtest_part_container;ixtest_part_brand,119512,0,0,0,0,0,0
2026-08-18T13:06:45Z,7DFDA31CCC8D0AA1,18.4,queries/tpch/tpch-queries/q17/v2_decorrelate.sql,measured,3,4,5,3,0.354,3915.492,11,5,1,6215736,1,61232391,27,0,lineitem;part;ixtest_part_container;ixtest_part_brand,119512,0,0,0,0,0,0
2026-08-18T13:06:45Z,7DFDA31CCC8D0AA1,18.4,queries/tpch/tpch-queries/q17/v2_decorrelate.sql,measured,3,5,5,3,0.349,3934.316,11,5,1,6215736,1,61232391,27,0,lineitem;part;ixtest_part_container;ixtest_part_brand,119512,0,0,0,0,0,0
2026-08-18T13:06:49Z,7DFDA31CCC8D0AA1,18.4,queries/tpch/tpch-queries/q18/base.sql,warmup,1,1,1,3,1.972,4279.326,15,4,57,25506967,100,246101490,1499943,3,orders;lineitem;customer,477047,0,0,0,82988,145432,0
2026-08-18T13:06:54Z,7DFDA31CCC8D0AA1,18.4,queries/tpch/tpch-queries/q18/base.sql,warmup,2,1,1,3,2.831,4303.720,15,4,57,25506967,100,246101490,1499943,3,orders;lineitem;customer,477047,0,0,0,82988,145432,0
2026-08-18T13:07:16Z,7DFDA31CCC8D0AA1,18.4,queries/tpch/tpch-queries/q18/base.sql,measured,1,1,5,3,2.840,4350.459,15,4,57,25506967,100,246101490,1499943,3,orders;lineitem;customer,477047,0,0,0,82988,145432,0
2026-08-18T13:07:16Z,7DFDA31CCC8D0AA1,18.4,queries/tpch/tpch-queries/q18/base.sql,measured,1,2,5,3,0.805,4372.426,15,4,57,25506967,100,246101490,1499943,3,orders;lineitem;customer,477041,0,0,0,82988,145432,0
2026-08-18T13:07:16Z,7DFDA31CCC8D0AA1,18.4,queries/tpch/tpch-queries/q18/base.sql,measured,1,3,5,3,0.808,4547.584,15,4,57,25506967,100,246101490,1499943,3,orders;lineitem;customer,477041,0,0,0,82988,145432,0
2026-08-18T13:07:16Z,7DFDA31CCC8D0AA1,18.4,queries/tpch/tpch-queries/q18/base.sql,measured,1,4,5,3,1.048,4589.601,15,4,57,25506967,100,246101490,1499943,3,orders;lineitem;customer,477041,0,0,0,82988,145432,0
2026-08-18T13:07:16Z,7DFDA31CCC8D0AA1,18.4,queries/tpch/tpch-queries/q18/base.sql,measured,1,5,5,3,0.793,4663.560,15,4,57,25506967,100,246101490,1499943,3,orders;lineitem;customer,477041,0,0,0,82988,145432,0
2026-08-18T13:07:41Z,7DFDA31CCC8D0AA1,18.4,queries/tpch/tpch-queries/q18/base.sql,measured,2,1,5,3,2.832,4775.525,15,4,57,25506967,100,246101490,1499943,3,orders;lineitem;customer,477047,0,0,0,82988,145432,0
2026-08-18T13:07:41Z,7DFDA31CCC8D0AA1,18.4,queries/tpch/tpch-queries/q18/base.sql,measured,2,2,5,3,0.798,4821.615,15,4,57,25506967,100,246101490,1499943,3,orders;lineitem;customer,477041,0,0,0,82988,145432,0
2026-08-18T13:07:41Z,7DFDA31CCC8D0AA1,18.4,queries/tpch/tpch-queries/q18/base.sql,measured,2,3,5,3,1.152,4958.984,15,4,57,25506967,100,246101490,1499943,3,orders;lineitem;customer,477041,0,0,0,82988,145432,0
2026-08-18T13:07:41Z,7DFDA31CCC8D0AA1,18.4,queries/tpch/tpch-queries/q18/base.sql,measured,2,4,5,3,0.823,4951.414,15,4,57,25506967,100,246101490,1499943,3,orders;lineitem;customer,477041,0,0,0,82988,145432,0
2026-08-18T13:07:41Z,7DFDA31CCC8D0AA1,18.4,queries/tpch/tpch-queries/q18/base.sql,measured,2,5,5,3,1.229,4952.154,15,4,57,25506967,100,246101490,1499943,3,orders;lineitem;customer,477041,0,0,0,82988,145432,0
2026-08-18T13:08:06Z,7DFDA31CCC8D0AA1,18.4,queries/tpch/tpch-queries/q18/base.sql,measured,3,1,5,3,2.742,4964.907,15,4,57,25506967,100,246101490,1499943,3,orders;lineitem;customer,477047,0,0,0,82988,145432,0
2026-08-18T13:08:06Z,7DFDA31CCC8D0AA1,18.4,queries/tpch/tpch-queries/q18/base.sql,measured,3,2,5,3,0.820,4902.677,15,4,57,25506967,100,246101490,1499943,3,orders;lineitem;customer,477041,0,0,0,82988,145432,0
2026-08-18T13:08:06Z,7DFDA31CCC8D0AA1,18.4,queries/tpch/tpch-queries/q18/base.sql,measured,3,3,5,3,0.845,4942.848,15,4,57,25506967,100,246101490,1499943,3,orders;lineitem;customer,477041,0,0,0,82988,145432,0
2026-08-18T13:08:06Z,7DFDA31CCC8D0AA1,18.4,queries/tpch/tpch-queries/q18/base.sql,measured,3,4,5,3,0.841,4913.949,15,4,57,25506967,100,246101490,1499943,3,orders;lineitem;customer,477041,0,0,0,82988,145432,0
2026-08-18T13:08:06Z,7DFDA31CCC8D0AA1,18.4,queries/tpch/tpch-queries/q18/base.sql,measured,3,5,5,3,0.845,4921.969,15,4,57,25506967,100,246101490,1499943,3,orders;lineitem;customer,477041,0,0,0,82988,145432,0
2026-08-18T13:08:11Z,7DFDA31CCC8D0AA1,18.4,queries/tpch/tpch-queries/q18/v1_materialized.sql,warmup,1,1,1,3,2.809,5032.603,15,5,57,25807190,100,253021656,1499943,3,orders;lineitem;customer;_m,480377,0,0,0,82988,145432,0
2026-08-18T13:08:16Z,7DFDA31CCC8D0AA1,18.4,queries/tpch/tpch-queries/q18/v1_materialized.sql,warmup,2,1,1,3,2.395,5033.809,15,5,57,25807190,100,253021656,1499943,3,orders;lineitem;customer;_m,480377,0,0,0,82988,145432,0
2026-08-18T13:08:41Z,7DFDA31CCC8D0AA1,18.4,queries/tpch/tpch-queries/q18/v1_materialized.sql,measured,1,1,5,3,2.696,4992.974,15,5,57,25807190,100,253021656,1499943,3,orders;lineitem;customer;_m,480377,0,0,0,82988,145432,0
2026-08-18T13:08:41Z,7DFDA31CCC8D0AA1,18.4,queries/tpch/tpch-queries/q18/v1_materialized.sql,measured,1,2,5,3,0.666,4950.933,15,5,57,25807190,100,253021656,1499943,3,orders;lineitem;customer;_m,480371,0,0,0,82988,145432,0
2026-08-18T13:08:41Z,7DFDA31CCC8D0AA1,18.4,queries/tpch/tpch-queries/q18/v1_materialized.sql,measured,1,3,5,3,0.664,4932.990,15,5,57,25807190,100,253021656,1499943,3,orders;lineitem;customer;_m,480371,0,0,0,82988,145432,0
2026-08-18T13:08:41Z,7DFDA31CCC8D0AA1,18.4,queries/tpch/tpch-queries/q18/v1_materialized.sql,measured,1,4,5,3,0.670,4956.257,15,5,57,25807190,100,253021656,1499943,3,orders;lineitem;customer;_m,480371,0,0,0,82988,145432,0
2026-08-18T13:08:41Z,7DFDA31CCC8D0AA1,18.4,queries/tpch/tpch-queries/q18/v1_materialized.sql,measured,1,5,5,3,0.661,4945.501,15,5,57,25807190,100,253021656,1499943,3,orders;lineitem;customer;_m,480371,0,0,0,82988,145432,0
2026-08-18T13:09:06Z,7DFDA31CCC8D0AA1,18.4,queries/tpch/tpch-queries/q18/v1_materialized.sql,measured,2,1,5,3,2.254,5001.243,15,5,57,25807190,100,253021656,1499943,3,orders;lineitem;customer;_m,480377,0,0,0,82988,145432,0
2026-08-18T13:09:06Z,7DFDA31CCC8D0AA1,18.4,queries/tpch/tpch-queries/q18/v1_materialized.sql,measured,2,2,5,3,0.643,4928.465,15,5,57,25807190,100,253021656,1499943,3,orders;lineitem;customer;_m,480369,0,0,0,82988,145432,0
2026-08-18T13:09:06Z,7DFDA31CCC8D0AA1,18.4,queries/tpch/tpch-queries/q18/v1_materialized.sql,measured,2,3,5,3,0.665,4957.587,15,5,57,25807190,100,253021656,1499943,3,orders;lineitem;customer;_m,480370,0,0,0,82988,145432,0
2026-08-18T13:09:06Z,7DFDA31CCC8D0AA1,18.4,queries/tpch/tpch-queries/q18/v1_materialized.sql,measured,2,4,5,3,0.643,4957.001,15,5,57,25807190,100,253021656,1499943,3,orders;lineitem;customer;_m,480371,0,0,0,82988,145432,0
2026-08-18T13:09:06Z,7DFDA31CCC8D0AA1,18.4,queries/tpch/tpch-queries/q18/v1_materialized.sql,measured,2,5,5,3,0.652,4942.582,15,5,57,25807190,100,253021656,1499943,3,orders;lineitem;customer;_m,480371,0,0,0,82988,145432,0
2026-08-18T13:09:31Z,7DFDA31CCC8D0AA1,18.4,queries/tpch/tpch-queries/q18/v1_materialized.sql,measured,3,1,5,3,2.247,5033.962,15,5,57,25807190,100,253021656,1499943,3,orders;lineitem;customer;_m,480377,0,0,0,82988,145432,0
2026-08-18T13:09:31Z,7DFDA31CCC8D0AA1,18.4,queries/tpch/tpch-queries/q18/v1_materialized.sql,measured,3,2,5,3,0.674,4930.901,15,5,57,25807190,100,253021656,1499943,3,orders;lineitem;customer;_m,480371,0,0,0,82988,145432,0
2026-08-18T13:09:31Z,7DFDA31CCC8D0AA1,18.4,queries/tpch/tpch-queries/q18/v1_materialized.sql,measured,3,3,5,3,0.657,4917.523,15,5,57,25807190,100,253021656,1499943,3,orders;lineitem;customer;_m,480371,0,0,0,82988,145432,0
2026-08-18T13:09:31Z,7DFDA31CCC8D0AA1,18.4,queries/tpch/tpch-queries/q18/v1_materialized.sql,measured,3,4,5,3,0.666,4904.363,15,5,57,25807190,100,253021656,1499943,3,orders;lineitem;customer;_m,480371,0,0,0,82988,145432,0
2026-08-18T13:09:31Z,7DFDA31CCC8D0AA1,18.4,queries/tpch/tpch-queries/q18/v1_materialized.sql,measured,3,5,5,3,0.667,4903.793,15,5,57,25807190,100,253021656,1499943,3,orders;lineitem;customer;_m,480371,0,0,0,82988,145432,0
2026-08-18T13:09:36Z,7DFDA31CCC8D0AA1,18.4,queries/tpch/tpch-queries/q18/v2_join.sql,warmup,1,1,1,3,3.558,5004.806,15,4,57,25506967,100,246101490,1499943,3,orders;lineitem;customer,477047,0,0,0,82988,145432,0
2026-08-18T13:09:41Z,7DFDA31CCC8D0AA1,18.4,queries/tpch/tpch-queries/q18/v2_join.sql,warmup,2,1,1,3,2.611,5040.183,15,4,57,25506967,100,246101490,1499943,3,orders;lineitem;customer,477047,0,0,0,82988,145432,0
2026-08-18T13:10:06Z,7DFDA31CCC8D0AA1,18.4,queries/tpch/tpch-queries/q18/v2_join.sql,measured,1,1,5,3,2.282,4983.332,15,4,57,25506967,100,246101490,1499943,3,orders;lineitem;customer,477047,0,0,0,82988,145432,0
2026-08-18T13:10:06Z,7DFDA31CCC8D0AA1,18.4,queries/tpch/tpch-queries/q18/v2_join.sql,measured,1,2,5,3,0.804,4959.997,15,4,57,25506967,100,246101490,1499943,3,orders;lineitem;customer,477041,0,0,0,82988,145432,0
2026-08-18T13:10:06Z,7DFDA31CCC8D0AA1,18.4,queries/tpch/tpch-queries/q18/v2_join.sql,measured,1,3,5,3,0.831,4957.210,15,4,57,25506967,100,246101490,1499943,3,orders;lineitem;customer,477041,0,0,0,82988,145432,0
2026-08-18T13:10:06Z,7DFDA31CCC8D0AA1,18.4,queries/tpch/tpch-queries/q18/v2_join.sql,measured,1,4,5,3,0.822,4962.679,15,4,57,25506967,100,246101490,1499943,3,orders;lineitem;customer,477041,0,0,0,82988,145432,0
2026-08-18T13:10:06Z,7DFDA31CCC8D0AA1,18.4,queries/tpch/tpch-queries/q18/v2_join.sql,measured,1,5,5,3,0.853,4948.656,15,4,57,25506967,100,246101490,1499943,3,orders;lineitem;customer,477041,0,0,0,82988,145432,0
2026-08-18T13:10:31Z,7DFDA31CCC8D0AA1,18.4,queries/tpch/tpch-queries/q18/v2_join.sql,measured,2,1,5,3,3.674,5027.191,15,4,57,25506967,100,246101490,1499943,3,orders;lineitem;customer,477047,0,0,0,82988,145432,0
2026-08-18T13:10:31Z,7DFDA31CCC8D0AA1,18.4,queries/tpch/tpch-queries/q18/v2_join.sql,measured,2,2,5,3,0.808,4948.209,15,4,57,25506967,100,246101490,1499943,3,orders;lineitem;customer,477041,0,0,0,82988,145432,0
2026-08-18T13:10:31Z,7DFDA31CCC8D0AA1,18.4,queries/tpch/tpch-queries/q18/v2_join.sql,measured,2,3,5,3,0.837,4955.722,15,4,57,25506967,100,246101490,1499943,3,orders;lineitem;customer,477041,0,0,0,82988,145432,0
2026-08-18T13:10:31Z,7DFDA31CCC8D0AA1,18.4,queries/tpch/tpch-queries/q18/v2_join.sql,measured,2,4,5,3,1.282,4928.490,15,4,57,25506967,100,246101490,1499943,3,orders;lineitem;customer,477041,0,0,0,82988,145432,0
2026-08-18T13:10:31Z,7DFDA31CCC8D0AA1,18.4,queries/tpch/tpch-queries/q18/v2_join.sql,measured,2,5,5,3,0.828,4962.162,15,4,57,25506967,100,246101490,1499943,3,orders;lineitem;customer,477041,0,0,0,82988,145432,0
2026-08-18T13:10:55Z,7DFDA31CCC8D0AA1,18.4,queries/tpch/tpch-queries/q18/v2_join.sql,measured,3,1,5,3,3.527,5022.929,15,4,57,25506967,100,246101490,1499943,3,orders;lineitem;customer,477047,0,0,0,82988,145432,0
2026-08-18T13:10:55Z,7DFDA31CCC8D0AA1,18.4,queries/tpch/tpch-queries/q18/v2_join.sql,measured,3,2,5,3,1.415,4951.581,15,4,57,25506967,100,246101490,1499943,3,orders;lineitem;customer,477041,0,0,0,82988,145432,0
2026-08-18T13:10:55Z,7DFDA31CCC8D0AA1,18.4,queries/tpch/tpch-queries/q18/v2_join.sql,measured,3,3,5,3,0.868,4911.653,15,4,57,25506967,100,246101490,1499943,3,orders;lineitem;customer,477041,0,0,0,82988,145432,0
2026-08-18T13:10:55Z,7DFDA31CCC8D0AA1,18.4,queries/tpch/tpch-queries/q18/v2_join.sql,measured,3,4,5,3,0.829,4962.250,15,4,57,25506967,100,246101490,1499943,3,orders;lineitem;customer,477041,0,0,0,82988,145432,0
2026-08-18T13:10:55Z,7DFDA31CCC8D0AA1,18.4,queries/tpch/tpch-queries/q18/v2_join.sql,measured,3,5,5,3,0.829,4951.180,15,4,57,25506967,100,246101490,1499943,3,orders;lineitem;customer,477041,0,0,0,82988,145432,0
2026-08-18T13:10:56Z,7DFDA31CCC8D0AA1,18.4,queries/tpch/tpch-queries/q19/base.sql,warmup,1,1,1,3,2.451,70.021,6,2,1,610,1,16154,66534,2,part;lineitem,19555,327,0,0,0,0,0
2026-08-18T13:10:56Z,7DFDA31CCC8D0AA1,18.4,queries/tpch/tpch-queries/q19/base.sql,warmup,2,1,1,3,1.504,42.597,6,2,1,610,1,16154,66534,2,part;lineitem,19882,0,0,0,0,0,0
2026-08-18T13:10:56Z,7DFDA31CCC8D0AA1,18.4,queries/tpch/tpch-queries/q19/base.sql,measured,1,1,5,3,1.496,42.384,6,2,1,610,1,16154,66534,2,part;lineitem,19882,0,0,0,0,0,0
2026-08-18T13:10:56Z,7DFDA31CCC8D0AA1,18.4,queries/tpch/tpch-queries/q19/base.sql,measured,1,2,5,3,0.368,36.622,6,2,1,610,1,16154,66534,2,part;lineitem,19882,0,0,0,0,0,0
2026-08-18T13:10:56Z,7DFDA31CCC8D0AA1,18.4,queries/tpch/tpch-queries/q19/base.sql,measured,1,3,5,3,0.373,33.721,6,2,1,610,1,16154,66534,2,part;lineitem,19882,0,0,0,0,0,0
2026-08-18T13:10:56Z,7DFDA31CCC8D0AA1,18.4,queries/tpch/tpch-queries/q19/base.sql,measured,1,4,5,3,0.367,32.577,6,2,1,610,1,16154,66534,2,part;lineitem,19882,0,0,0,0,0,0
2026-08-18T13:10:56Z,7DFDA31CCC8D0AA1,18.4,queries/tpch/tpch-queries/q19/base.sql,measured,1,5,5,3,0.366,32.131,6,2,1,610,1,16154,66534,2,part;lineitem,19882,0,0,0,0,0,0
2026-08-18T13:10:56Z,7DFDA31CCC8D0AA1,18.4,queries/tpch/tpch-queries/q19/base.sql,measured,2,1,5,3,1.499,42.312,6,2,1,610,1,16154,66534,2,part;lineitem,19882,0,0,0,0,0,0
2026-08-18T13:10:56Z,7DFDA31CCC8D0AA1,18.4,queries/tpch/tpch-queries/q19/base.sql,measured,2,2,5,3,0.373,37.048,6,2,1,610,1,16154,66534,2,part;lineitem,19882,0,0,0,0,0,0
2026-08-18T13:10:56Z,7DFDA31CCC8D0AA1,18.4,queries/tpch/tpch-queries/q19/base.sql,measured,2,3,5,3,0.374,35.595,6,2,1,610,1,16154,66534,2,part;lineitem,19882,0,0,0,0,0,0
2026-08-18T13:10:56Z,7DFDA31CCC8D0AA1,18.4,queries/tpch/tpch-queries/q19/base.sql,measured,2,4,5,3,0.367,33.793,6,2,1,610,1,16154,66534,2,part;lineitem,19882,0,0,0,0,0,0
2026-08-18T13:10:56Z,7DFDA31CCC8D0AA1,18.4,queries/tpch/tpch-queries/q19/base.sql,measured,2,5,5,3,0.370,33.727,6,2,1,610,1,16154,66534,2,part;lineitem,19882,0,0,0,0,0,0
2026-08-18T13:10:57Z,7DFDA31CCC8D0AA1,18.4,queries/tpch/tpch-queries/q19/base.sql,measured,3,1,5,3,1.857,48.114,6,2,1,610,1,16154,66534,2,part;lineitem,19882,0,0,0,0,0,0
2026-08-18T13:10:57Z,7DFDA31CCC8D0AA1,18.4,queries/tpch/tpch-queries/q19/base.sql,measured,3,2,5,3,0.368,36.934,6,2,1,610,1,16154,66534,2,part;lineitem,19882,0,0,0,0,0,0
2026-08-18T13:10:57Z,7DFDA31CCC8D0AA1,18.4,queries/tpch/tpch-queries/q19/base.sql,measured,3,3,5,3,0.365,34.041,6,2,1,610,1,16154,66534,2,part;lineitem,19882,0,0,0,0,0,0
2026-08-18T13:10:57Z,7DFDA31CCC8D0AA1,18.4,queries/tpch/tpch-queries/q19/base.sql,measured,3,4,5,3,0.375,32.569,6,2,1,610,1,16154,66534,2,part;lineitem,19882,0,0,0,0,0,0
2026-08-18T13:10:57Z,7DFDA31CCC8D0AA1,18.4,queries/tpch/tpch-queries/q19/base.sql,measured,3,5,5,3,0.378,32.180,6,2,1,610,1,16154,66534,2,part;lineitem,19882,0,0,0,0,0,0
2026-08-18T13:10:57Z,7DFDA31CCC8D0AA1,18.4,queries/tpch/tpch-queries/q19/v1_materialized.sql,warmup,1,1,1,3,1.535,42.689,7,3,1,611,1,16186,66534,2,_m;part;lineitem,19882,0,0,0,0,0,0
2026-08-18T13:10:57Z,7DFDA31CCC8D0AA1,18.4,queries/tpch/tpch-queries/q19/v1_materialized.sql,warmup,2,1,1,3,1.539,42.531,7,3,1,611,1,16186,66534,2,_m;part;lineitem,19882,0,0,0,0,0,0
2026-08-18T13:10:57Z,7DFDA31CCC8D0AA1,18.4,queries/tpch/tpch-queries/q19/v1_materialized.sql,measured,1,1,5,3,1.535,42.255,7,3,1,611,1,16186,66534,2,_m;part;lineitem,19882,0,0,0,0,0,0
2026-08-18T13:10:57Z,7DFDA31CCC8D0AA1,18.4,queries/tpch/tpch-queries/q19/v1_materialized.sql,measured,1,2,5,3,0.397,38.074,7,3,1,611,1,16186,66534,2,_m;part;lineitem,19882,0,0,0,0,0,0
2026-08-18T13:10:57Z,7DFDA31CCC8D0AA1,18.4,queries/tpch/tpch-queries/q19/v1_materialized.sql,measured,1,3,5,3,0.397,34.742,7,3,1,611,1,16186,66534,2,_m;part;lineitem,19882,0,0,0,0,0,0
2026-08-18T13:10:57Z,7DFDA31CCC8D0AA1,18.4,queries/tpch/tpch-queries/q19/v1_materialized.sql,measured,1,4,5,3,0.399,34.781,7,3,1,611,1,16186,66534,2,_m;part;lineitem,19882,0,0,0,0,0,0
2026-08-18T13:10:57Z,7DFDA31CCC8D0AA1,18.4,queries/tpch/tpch-queries/q19/v1_materialized.sql,measured,1,5,5,3,0.399,35.471,7,3,1,611,1,16186,66534,2,_m;part;lineitem,19882,0,0,0,0,0,0
2026-08-18T13:10:57Z,7DFDA31CCC8D0AA1,18.4,queries/tpch/tpch-queries/q19/v1_materialized.sql,measured,2,1,5,3,1.518,42.416,7,3,1,611,1,16186,66534,2,_m;part;lineitem,19882,0,0,0,0,0,0
2026-08-18T13:10:57Z,7DFDA31CCC8D0AA1,18.4,queries/tpch/tpch-queries/q19/v1_materialized.sql,measured,2,2,5,3,0.401,37.176,7,3,1,611,1,16186,66534,2,_m;part;lineitem,19882,0,0,0,0,0,0
2026-08-18T13:10:57Z,7DFDA31CCC8D0AA1,18.4,queries/tpch/tpch-queries/q19/v1_materialized.sql,measured,2,3,5,3,0.389,34.292,7,3,1,611,1,16186,66534,2,_m;part;lineitem,19882,0,0,0,0,0,0
2026-08-18T13:10:57Z,7DFDA31CCC8D0AA1,18.4,queries/tpch/tpch-queries/q19/v1_materialized.sql,measured,2,4,5,3,0.385,33.121,7,3,1,611,1,16186,66534,2,_m;part;lineitem,19882,0,0,0,0,0,0
2026-08-18T13:10:57Z,7DFDA31CCC8D0AA1,18.4,queries/tpch/tpch-queries/q19/v1_materialized.sql,measured,2,5,5,3,0.397,33.306,7,3,1,611,1,16186,66534,2,_m;part;lineitem,19882,0,0,0,0,0,0
2026-08-18T13:10:58Z,7DFDA31CCC8D0AA1,18.4,queries/tpch/tpch-queries/q19/v1_materialized.sql,measured,3,1,5,3,1.551,42.619,7,3,1,611,1,16186,66534,2,_m;part;lineitem,19882,0,0,0,0,0,0
2026-08-18T13:10:58Z,7DFDA31CCC8D0AA1,18.4,queries/tpch/tpch-queries/q19/v1_materialized.sql,measured,3,2,5,3,0.394,37.342,7,3,1,611,1,16186,66534,2,_m;part;lineitem,19882,0,0,0,0,0,0
2026-08-18T13:10:58Z,7DFDA31CCC8D0AA1,18.4,queries/tpch/tpch-queries/q19/v1_materialized.sql,measured,3,3,5,3,0.416,35.048,7,3,1,611,1,16186,66534,2,_m;part;lineitem,19882,0,0,0,0,0,0
2026-08-18T13:10:58Z,7DFDA31CCC8D0AA1,18.4,queries/tpch/tpch-queries/q19/v1_materialized.sql,measured,3,4,5,3,0.409,33.885,7,3,1,611,1,16186,66534,2,_m;part;lineitem,19882,0,0,0,0,0,0
2026-08-18T13:10:58Z,7DFDA31CCC8D0AA1,18.4,queries/tpch/tpch-queries/q19/v1_materialized.sql,measured,3,5,5,3,0.421,34.175,7,3,1,611,1,16186,66534,2,_m;part;lineitem,19882,0,0,0,0,0,0
2026-08-18T13:10:58Z,7DFDA31CCC8D0AA1,18.4,queries/tpch/tpch-queries/q19/v2_union_all.sql,warmup,1,1,1,3,1.864,52.391,13,6,1,729,1,9804,366507,2,part;lineitem,28138,0,0,0,0,0,0
2026-08-18T13:10:58Z,7DFDA31CCC8D0AA1,18.4,queries/tpch/tpch-queries/q19/v2_union_all.sql,warmup,2,1,1,3,1.831,51.772,13,6,1,729,1,9804,366507,2,part;lineitem,28138,0,0,0,0,0,0
2026-08-18T13:10:58Z,7DFDA31CCC8D0AA1,18.4,queries/tpch/tpch-queries/q19/v2_union_all.sql,measured,1,1,5,3,1.835,52.221,13,6,1,729,1,9804,366507,2,part;lineitem,28138,0,0,0,0,0,0
2026-08-18T13:10:58Z,7DFDA31CCC8D0AA1,18.4,queries/tpch/tpch-queries/q19/v2_union_all.sql,measured,1,2,5,3,0.639,47.397,13,6,1,729,1,9804,366507,2,part;lineitem,28138,0,0,0,0,0,0
2026-08-18T13:10:58Z,7DFDA31CCC8D0AA1,18.4,queries/tpch/tpch-queries/q19/v2_union_all.sql,measured,1,3,5,3,0.638,47.536,13,6,1,729,1,9804,366507,2,part;lineitem,28138,0,0,0,0,0,0
2026-08-18T13:10:58Z,7DFDA31CCC8D0AA1,18.4,queries/tpch/tpch-queries/q19/v2_union_all.sql,measured,1,4,5,3,0.635,46.739,13,6,1,729,1,9804,366507,2,part;lineitem,28138,0,0,0,0,0,0
2026-08-18T13:10:58Z,7DFDA31CCC8D0AA1,18.4,queries/tpch/tpch-queries/q19/v2_union_all.sql,measured,1,5,5,3,0.619,45.648,13,6,1,729,1,9804,366507,2,part;lineitem,28138,0,0,0,0,0,0
2026-08-18T13:10:58Z,7DFDA31CCC8D0AA1,18.4,queries/tpch/tpch-queries/q19/v2_union_all.sql,measured,2,1,5,3,2.645,62.387,13,6,1,729,1,9804,366507,2,part;lineitem,28138,0,0,0,0,0,0
2026-08-18T13:10:58Z,7DFDA31CCC8D0AA1,18.4,queries/tpch/tpch-queries/q19/v2_union_all.sql,measured,2,2,5,3,0.653,46.735,13,6,1,729,1,9804,366507,2,part;lineitem,28138,0,0,0,0,0,0
2026-08-18T13:10:58Z,7DFDA31CCC8D0AA1,18.4,queries/tpch/tpch-queries/q19/v2_union_all.sql,measured,2,3,5,3,0.610,45.278,13,6,1,729,1,9804,366507,2,part;lineitem,28138,0,0,0,0,0,0
2026-08-18T13:10:58Z,7DFDA31CCC8D0AA1,18.4,queries/tpch/tpch-queries/q19/v2_union_all.sql,measured,2,4,5,3,0.622,45.735,13,6,1,729,1,9804,366507,2,part;lineitem,28138,0,0,0,0,0,0
2026-08-18T13:10:58Z,7DFDA31CCC8D0AA1,18.4,queries/tpch/tpch-queries/q19/v2_union_all.sql,measured,2,5,5,3,0.646,44.523,13,6,1,729,1,9804,366507,2,part;lineitem,28138,0,0,0,0,0,0
2026-08-18T13:10:59Z,7DFDA31CCC8D0AA1,18.4,queries/tpch/tpch-queries/q19/v2_union_all.sql,measured,3,1,5,3,1.872,53.510,13,6,1,729,1,9804,366507,2,part;lineitem,28138,0,0,0,0,0,0
2026-08-18T13:10:59Z,7DFDA31CCC8D0AA1,18.4,queries/tpch/tpch-queries/q19/v2_union_all.sql,measured,3,2,5,3,0.635,48.478,13,6,1,729,1,9804,366507,2,part;lineitem,28138,0,0,0,0,0,0
2026-08-18T13:10:59Z,7DFDA31CCC8D0AA1,18.4,queries/tpch/tpch-queries/q19/v2_union_all.sql,measured,3,3,5,3,0.613,46.072,13,6,1,729,1,9804,366507,2,part;lineitem,28138,0,0,0,0,0,0
2026-08-18T13:10:59Z,7DFDA31CCC8D0AA1,18.4,queries/tpch/tpch-queries/q19/v2_union_all.sql,measured,3,4,5,3,0.633,46.525,13,6,1,729,1,9804,366507,2,part;lineitem,28138,0,0,0,0,0,0
2026-08-18T13:10:59Z,7DFDA31CCC8D0AA1,18.4,queries/tpch/tpch-queries/q19/v2_union_all.sql,measured,3,5,5,3,0.671,47.467,13,6,1,729,1,9804,366507,2,part;lineitem,28138,0,0,0,0,0,0
2026-08-18T13:10:59Z,7DFDA31CCC8D0AA1,18.4,queries/tpch/tpch-queries/q21/base.sql,warmup,1,1,1,3,3.174,481.578,17,6,100,2749940,1,55616028,192893,3,orders;nation;supplier;lineitem,1350578,465,0,0,0,0,0
2026-08-18T13:11:00Z,7DFDA31CCC8D0AA1,18.4,queries/tpch/tpch-queries/q21/base.sql,warmup,2,1,1,3,3.240,507.481,17,6,100,2749940,1,55616028,192893,3,orders;nation;supplier;lineitem,1351043,0,0,0,0,0,0
2026-08-18T13:11:02Z,7DFDA31CCC8D0AA1,18.4,queries/tpch/tpch-queries/q21/base.sql,measured,1,1,5,3,3.353,486.730,17,6,100,2749940,1,55616028,192893,3,orders;nation;supplier;lineitem,1351043,0,0,0,0,0,0
2026-08-18T13:11:02Z,7DFDA31CCC8D0AA1,18.4,queries/tpch/tpch-queries/q21/base.sql,measured,1,2,5,3,2.445,487.062,17,6,100,2749940,1,55616028,192893,3,orders;nation;supplier;lineitem,1351037,0,0,0,0,0,0
2026-08-18T13:11:02Z,7DFDA31CCC8D0AA1,18.4,queries/tpch/tpch-queries/q21/base.sql,measured,1,3,5,3,1.503,490.084,17,6,100,2749940,1,55616028,192893,3,orders;nation;supplier;lineitem,1351037,0,0,0,0,0,0
2026-08-18T13:11:02Z,7DFDA31CCC8D0AA1,18.4,queries/tpch/tpch-queries/q21/base.sql,measured,1,4,5,3,1.550,487.195,17,6,100,2749940,1,55616028,192893,3,orders;nation;supplier;lineitem,1351037,0,0,0,0,0,0
2026-08-18T13:11:02Z,7DFDA31CCC8D0AA1,18.4,queries/tpch/tpch-queries/q21/base.sql,measured,1,5,5,3,1.519,457.760,17,6,100,2749940,1,55616028,192893,3,orders;nation;supplier;lineitem,1351037,0,0,0,0,0,0
2026-08-18T13:11:05Z,7DFDA31CCC8D0AA1,18.4,queries/tpch/tpch-queries/q21/base.sql,measured,2,1,5,3,3.279,478.847,17,6,100,2749940,1,55616028,192893,3,orders;nation;supplier;lineitem,1351043,0,0,0,0,0,0
2026-08-18T13:11:05Z,7DFDA31CCC8D0AA1,18.4,queries/tpch/tpch-queries/q21/base.sql,measured,2,2,5,3,1.515,460.086,17,6,100,2749940,1,55616028,192893,3,orders;nation;supplier;lineitem,1351037,0,0,0,0,0,0
2026-08-18T13:11:05Z,7DFDA31CCC8D0AA1,18.4,queries/tpch/tpch-queries/q21/base.sql,measured,2,3,5,3,1.510,457.293,17,6,100,2749940,1,55616028,192893,3,orders;nation;supplier;lineitem,1351037,0,0,0,0,0,0
2026-08-18T13:11:05Z,7DFDA31CCC8D0AA1,18.4,queries/tpch/tpch-queries/q21/base.sql,measured,2,4,5,3,1.513,458.260,17,6,100,2749940,1,55616028,192893,3,orders;nation;supplier;lineitem,1351037,0,0,0,0,0,0
2026-08-18T13:11:05Z,7DFDA31CCC8D0AA1,18.4,queries/tpch/tpch-queries/q21/base.sql,measured,2,5,5,3,1.510,479.742,17,6,100,2749940,1,55616028,192893,3,orders;nation;supplier;lineitem,1351037,0,0,0,0,0,0
2026-08-18T13:11:07Z,7DFDA31CCC8D0AA1,18.4,queries/tpch/tpch-queries/q21/base.sql,measured,3,1,5,3,3.281,477.616,17,6,100,2749940,1,55616028,192893,3,orders;nation;supplier;lineitem,1351043,0,0,0,0,0,0
2026-08-18T13:11:07Z,7DFDA31CCC8D0AA1,18.4,queries/tpch/tpch-queries/q21/base.sql,measured,3,2,5,3,1.519,482.505,17,6,100,2749940,1,55616028,192893,3,orders;nation;supplier;lineitem,1351037,0,0,0,0,0,0
2026-08-18T13:11:07Z,7DFDA31CCC8D0AA1,18.4,queries/tpch/tpch-queries/q21/base.sql,measured,3,3,5,3,1.514,484.186,17,6,100,2749940,1,55616028,192893,3,orders;nation;supplier;lineitem,1351037,0,0,0,0,0,0
2026-08-18T13:11:07Z,7DFDA31CCC8D0AA1,18.4,queries/tpch/tpch-queries/q21/base.sql,measured,3,4,5,3,1.511,456.600,17,6,100,2749940,1,55616028,192893,3,orders;nation;supplier;lineitem,1351037,0,0,0,0,0,0
2026-08-18T13:11:07Z,7DFDA31CCC8D0AA1,18.4,queries/tpch/tpch-queries/q21/base.sql,measured,3,5,5,3,1.504,484.128,17,6,100,2749940,1,55616028,192893,3,orders;nation;supplier;lineitem,1351037,0,0,0,0,0,0
2026-08-18T13:11:08Z,7DFDA31CCC8D0AA1,18.4,queries/tpch/tpch-queries/q21/v1_materialized.sql,warmup,1,1,1,3,2.702,473.948,19,8,100,2713639,1,54373556,192893,3,orders;nation;supplier;ixtest_supplier_nationkey;lineitem;_m,1350894,0,0,0,0,0,0
2026-08-18T13:11:08Z,7DFDA31CCC8D0AA1,18.4,queries/tpch/tpch-queries/q21/v1_materialized.sql,warmup,2,1,1,3,3.600,481.447,19,8,100,2713639,1,54373556,192893,3,orders;nation;supplier;ixtest_supplier_nationkey;lineitem;_m,1350894,0,0,0,0,0,0
2026-08-18T13:11:11Z,7DFDA31CCC8D0AA1,18.4,queries/tpch/tpch-queries/q21/v1_materialized.sql,measured,1,1,5,3,2.713,481.297,19,8,100,2713639,1,54373556,192893,3,orders;nation;supplier;ixtest_supplier_nationkey;lineitem;_m,1350894,0,0,0,0,0,0
2026-08-18T13:11:11Z,7DFDA31CCC8D0AA1,18.4,queries/tpch/tpch-queries/q21/v1_materialized.sql,measured,1,2,5,3,1.112,465.017,19,8,100,2713639,1,54373556,192893,3,orders;nation;supplier;ixtest_supplier_nationkey;lineitem;_m,1350888,0,0,0,0,0,0
2026-08-18T13:11:11Z,7DFDA31CCC8D0AA1,18.4,queries/tpch/tpch-queries/q21/v1_materialized.sql,measured,1,3,5,3,1.055,456.070,19,8,100,2713639,1,54373556,192893,3,orders;nation;supplier;ixtest_supplier_nationkey;lineitem;_m,1350888,0,0,0,0,0,0
2026-08-18T13:11:11Z,7DFDA31CCC8D0AA1,18.4,queries/tpch/tpch-queries/q21/v1_materialized.sql,measured,1,4,5,3,1.063,454.640,19,8,100,2713639,1,54373556,192893,3,orders;nation;supplier;ixtest_supplier_nationkey;lineitem;_m,1350888,0,0,0,0,0,0
2026-08-18T13:11:11Z,7DFDA31CCC8D0AA1,18.4,queries/tpch/tpch-queries/q21/v1_materialized.sql,measured,1,5,5,3,1.055,477.446,19,8,100,2713639,1,54373556,192893,3,orders;nation;supplier;ixtest_supplier_nationkey;lineitem;_m,1350888,0,0,0,0,0,0
2026-08-18T13:11:13Z,7DFDA31CCC8D0AA1,18.4,queries/tpch/tpch-queries/q21/v1_materialized.sql,measured,2,1,5,3,2.546,483.453,19,8,100,2713639,1,54373556,192893,3,orders;nation;supplier;ixtest_supplier_nationkey;lineitem;_m,1350894,0,0,0,0,0,0
2026-08-18T13:11:13Z,7DFDA31CCC8D0AA1,18.4,queries/tpch/tpch-queries/q21/v1_materialized.sql,measured,2,2,5,3,1.085,456.474,19,8,100,2713639,1,54373556,192893,3,orders;nation;supplier;ixtest_supplier_nationkey;lineitem;_m,1350888,0,0,0,0,0,0
2026-08-18T13:11:13Z,7DFDA31CCC8D0AA1,18.4,queries/tpch/tpch-queries/q21/v1_materialized.sql,measured,2,3,5,3,1.053,456.032,19,8,100,2713639,1,54373556,192893,3,orders;nation;supplier;ixtest_supplier_nationkey;lineitem;_m,1350888,0,0,0,0,0,0
2026-08-18T13:11:13Z,7DFDA31CCC8D0AA1,18.4,queries/tpch/tpch-queries/q21/v1_materialized.sql,measured,2,4,5,3,1.055,453.314,19,8,100,2713639,1,54373556,192893,3,orders;nation;supplier;ixtest_supplier_nationkey;lineitem;_m,1350888,0,0,0,0,0,0
2026-08-18T13:11:13Z,7DFDA31CCC8D0AA1,18.4,queries/tpch/tpch-queries/q21/v1_materialized.sql,measured,2,5,5,3,1.054,455.300,19,8,100,2713639,1,54373556,192893,3,orders;nation;supplier;ixtest_supplier_nationkey;lineitem;_m,1350888,0,0,0,0,0,0
2026-08-18T13:11:16Z,7DFDA31CCC8D0AA1,18.4,queries/tpch/tpch-queries/q21/v1_materialized.sql,measured,3,1,5,3,2.483,471.087,19,8,100,2713639,1,54373556,192893,3,orders;nation;supplier;ixtest_supplier_nationkey;lineitem;_m,1350894,0,0,0,0,0,0
2026-08-18T13:11:16Z,7DFDA31CCC8D0AA1,18.4,queries/tpch/tpch-queries/q21/v1_materialized.sql,measured,3,2,5,3,1.078,486.200,19,8,100,2713639,1,54373556,192893,3,orders;nation;supplier;ixtest_supplier_nationkey;lineitem;_m,1350888,0,0,0,0,0,0
2026-08-18T13:11:16Z,7DFDA31CCC8D0AA1,18.4,queries/tpch/tpch-queries/q21/v1_materialized.sql,measured,3,3,5,3,1.048,476.444,19,8,100,2713639,1,54373556,192893,3,orders;nation;supplier;ixtest_supplier_nationkey;lineitem;_m,1350888,0,0,0,0,0,0
2026-08-18T13:11:16Z,7DFDA31CCC8D0AA1,18.4,queries/tpch/tpch-queries/q21/v1_materialized.sql,measured,3,4,5,3,1.053,454.466,19,8,100,2713639,1,54373556,192893,3,orders;nation;supplier;ixtest_supplier_nationkey;lineitem;_m,1350888,0,0,0,0,0,0
2026-08-18T13:11:16Z,7DFDA31CCC8D0AA1,18.4,queries/tpch/tpch-queries/q21/v1_materialized.sql,measured,3,5,5,3,1.048,451.064,19,8,100,2713639,1,54373556,192893,3,orders;nation;supplier;ixtest_supplier_nationkey;lineitem;_m,1350888,0,0,0,0,0,0
2026-08-18T13:11:16Z,7DFDA31CCC8D0AA1,18.4,queries/tpch/tpch-queries/q22/base.sql,warmup,1,1,1,3,1.207,64.368,10,3,7,76283,730,1451186,80960,2,customer;orders,64227,0,0,0,0,0,0
2026-08-18T13:11:16Z,7DFDA31CCC8D0AA1,18.4,queries/tpch/tpch-queries/q22/base.sql,warmup,2,1,1,3,1.266,65.971,10,3,7,76283,730,1451186,80960,2,customer;orders,64227,0,0,0,0,0,0
2026-08-18T13:11:16Z,7DFDA31CCC8D0AA1,18.4,queries/tpch/tpch-queries/q22/base.sql,measured,1,1,5,3,1.205,57.272,10,3,7,76283,730,1451186,80960,2,customer;orders,64227,0,0,0,0,0,0
2026-08-18T13:11:16Z,7DFDA31CCC8D0AA1,18.4,queries/tpch/tpch-queries/q22/base.sql,measured,1,2,5,3,0.262,55.772,10,3,7,76283,730,1451186,80960,2,customer;orders,64227,0,0,0,0,0,0
2026-08-18T13:11:16Z,7DFDA31CCC8D0AA1,18.4,queries/tpch/tpch-queries/q22/base.sql,measured,1,3,5,3,0.266,56.565,10,3,7,76283,730,1451186,80960,2,customer;orders,64227,0,0,0,0,0,0
2026-08-18T13:11:16Z,7DFDA31CCC8D0AA1,18.4,queries/tpch/tpch-queries/q22/base.sql,measured,1,4,5,3,0.258,57.606,10,3,7,76283,730,1451186,80960,2,customer;orders,64227,0,0,0,0,0,0
2026-08-18T13:11:16Z,7DFDA31CCC8D0AA1,18.4,queries/tpch/tpch-queries/q22/base.sql,measured,1,5,5,3,0.258,56.952,10,3,7,76283,730,1451186,80960,2,customer;orders,64227,0,0,0,0,0,0
2026-08-18T13:11:17Z,7DFDA31CCC8D0AA1,18.4,queries/tpch/tpch-queries/q22/base.sql,measured,2,1,5,3,1.956,91.846,10,3,7,76283,730,1451186,80960,2,customer;orders,64227,0,0,0,0,0,0
2026-08-18T13:11:17Z,7DFDA31CCC8D0AA1,18.4,queries/tpch/tpch-queries/q22/base.sql,measured,2,2,5,3,0.293,54.186,10,3,7,76283,730,1451186,80960,2,customer;orders,64227,0,0,0,0,0,0
2026-08-18T13:11:17Z,7DFDA31CCC8D0AA1,18.4,queries/tpch/tpch-queries/q22/base.sql,measured,2,3,5,3,0.271,54.427,10,3,7,76283,730,1451186,80960,2,customer;orders,64227,0,0,0,0,0,0
2026-08-18T13:11:17Z,7DFDA31CCC8D0AA1,18.4,queries/tpch/tpch-queries/q22/base.sql,measured,2,4,5,3,0.255,55.493,10,3,7,76283,730,1451186,80960,2,customer;orders,64227,0,0,0,0,0,0
2026-08-18T13:11:17Z,7DFDA31CCC8D0AA1,18.4,queries/tpch/tpch-queries/q22/base.sql,measured,2,5,5,3,0.275,56.552,10,3,7,76283,730,1451186,80960,2,customer;orders,64227,0,0,0,0,0,0
2026-08-18T13:11:17Z,7DFDA31CCC8D0AA1,18.4,queries/tpch/tpch-queries/q22/base.sql,measured,3,1,5,3,1.710,80.335,10,3,7,76283,730,1451186,80960,2,customer;orders,64227,0,0,0,0,0,0
2026-08-18T13:11:17Z,7DFDA31CCC8D0AA1,18.4,queries/tpch/tpch-queries/q22/base.sql,measured,3,2,5,3,0.389,67.130,10,3,7,76283,730,1451186,80960,2,customer;orders,64227,0,0,0,0,0,0
2026-08-18T13:11:17Z,7DFDA31CCC8D0AA1,18.4,queries/tpch/tpch-queries/q22/base.sql,measured,3,3,5,3,0.261,55.219,10,3,7,76283,730,1451186,80960,2,customer;orders,64227,0,0,0,0,0,0
2026-08-18T13:11:17Z,7DFDA31CCC8D0AA1,18.4,queries/tpch/tpch-queries/q22/base.sql,measured,3,4,5,3,0.258,54.726,10,3,7,76283,730,1451186,80960,2,customer;orders,64227,0,0,0,0,0,0
2026-08-18T13:11:17Z,7DFDA31CCC8D0AA1,18.4,queries/tpch/tpch-queries/q22/base.sql,measured,3,5,5,3,0.267,55.433,10,3,7,76283,730,1451186,80960,2,customer;orders,64227,0,0,0,0,0,0
2026-08-18T13:11:17Z,7DFDA31CCC8D0AA1,18.4,queries/tpch/tpch-queries/q22/v1_materialized.sql,warmup,1,1,1,3,1.979,91.054,11,4,7,76290,730,1451690,80960,2,_m;customer;orders,64227,0,0,0,0,0,0
2026-08-18T13:11:18Z,7DFDA31CCC8D0AA1,18.4,queries/tpch/tpch-queries/q22/v1_materialized.sql,warmup,2,1,1,3,1.237,62.819,11,4,7,76290,730,1451690,80960,2,_m;customer;orders,64227,0,0,0,0,0,0
2026-08-18T13:11:18Z,7DFDA31CCC8D0AA1,18.4,queries/tpch/tpch-queries/q22/v1_materialized.sql,measured,1,1,5,3,1.243,64.850,11,4,7,76290,730,1451690,80960,2,_m;customer;orders,64227,0,0,0,0,0,0
2026-08-18T13:11:18Z,7DFDA31CCC8D0AA1,18.4,queries/tpch/tpch-queries/q22/v1_materialized.sql,measured,1,2,5,3,0.287,53.852,11,4,7,76290,730,1451690,80960,2,_m;customer;orders,64227,0,0,0,0,0,0
2026-08-18T13:11:18Z,7DFDA31CCC8D0AA1,18.4,queries/tpch/tpch-queries/q22/v1_materialized.sql,measured,1,3,5,3,0.275,54.147,11,4,7,76290,730,1451690,80960,2,_m;customer;orders,64227,0,0,0,0,0,0
2026-08-18T13:11:18Z,7DFDA31CCC8D0AA1,18.4,queries/tpch/tpch-queries/q22/v1_materialized.sql,measured,1,4,5,3,0.274,55.102,11,4,7,76290,730,1451690,80960,2,_m;customer;orders,64227,0,0,0,0,0,0
2026-08-18T13:11:18Z,7DFDA31CCC8D0AA1,18.4,queries/tpch/tpch-queries/q22/v1_materialized.sql,measured,1,5,5,3,0.277,55.265,11,4,7,76290,730,1451690,80960,2,_m;customer;orders,64227,0,0,0,0,0,0
2026-08-18T13:11:18Z,7DFDA31CCC8D0AA1,18.4,queries/tpch/tpch-queries/q22/v1_materialized.sql,measured,2,1,5,3,1.529,67.947,11,4,7,76290,730,1451690,80960,2,_m;customer;orders,64227,0,0,0,0,0,0
2026-08-18T13:11:18Z,7DFDA31CCC8D0AA1,18.4,queries/tpch/tpch-queries/q22/v1_materialized.sql,measured,2,2,5,3,0.285,54.552,11,4,7,76290,730,1451690,80960,2,_m;customer;orders,64227,0,0,0,0,0,0
2026-08-18T13:11:18Z,7DFDA31CCC8D0AA1,18.4,queries/tpch/tpch-queries/q22/v1_materialized.sql,measured,2,3,5,3,0.275,55.648,11,4,7,76290,730,1451690,80960,2,_m;customer;orders,64227,0,0,0,0,0,0
2026-08-18T13:11:18Z,7DFDA31CCC8D0AA1,18.4,queries/tpch/tpch-queries/q22/v1_materialized.sql,measured,2,4,5,3,0.305,54.495,11,4,7,76290,730,1451690,80960,2,_m;customer;orders,64227,0,0,0,0,0,0
2026-08-18T13:11:18Z,7DFDA31CCC8D0AA1,18.4,queries/tpch/tpch-queries/q22/v1_materialized.sql,measured,2,5,5,3,0.281,55.626,11,4,7,76290,730,1451690,80960,2,_m;customer;orders,64227,0,0,0,0,0,0
2026-08-18T13:11:19Z,7DFDA31CCC8D0AA1,18.4,queries/tpch/tpch-queries/q22/v1_materialized.sql,measured,3,1,5,3,1.244,55.424,11,4,7,76290,730,1451690,80960,2,_m;customer;orders,64227,0,0,0,0,0,0
2026-08-18T13:11:19Z,7DFDA31CCC8D0AA1,18.4,queries/tpch/tpch-queries/q22/v1_materialized.sql,measured,3,2,5,3,0.290,55.137,11,4,7,76290,730,1451690,80960,2,_m;customer;orders,64227,0,0,0,0,0,0
2026-08-18T13:11:19Z,7DFDA31CCC8D0AA1,18.4,queries/tpch/tpch-queries/q22/v1_materialized.sql,measured,3,3,5,3,0.276,55.663,11,4,7,76290,730,1451690,80960,2,_m;customer;orders,64227,0,0,0,0,0,0
2026-08-18T13:11:19Z,7DFDA31CCC8D0AA1,18.4,queries/tpch/tpch-queries/q22/v1_materialized.sql,measured,3,4,5,3,0.312,56.238,11,4,7,76290,730,1451690,80960,2,_m;customer;orders,64227,0,0,0,0,0,0
2026-08-18T13:11:19Z,7DFDA31CCC8D0AA1,18.4,queries/tpch/tpch-queries/q22/v1_materialized.sql,measured,3,5,5,3,0.270,56.270,11,4,7,76290,730,1451690,80960,2,_m;customer;orders,64227,0,0,0,0,0,0
2026-08-18T13:11:19Z,7DFDA31CCC8D0AA1,18.4,queries/tpch/tpch-queries/q22/v2_anti_join.sql,warmup,1,1,1,3,1.962,141.075,11,3,7,1595284,1,13945212,117560,3,customer;orders,33345,0,0,0,0,0,0
2026-08-18T13:11:19Z,7DFDA31CCC8D0AA1,18.4,queries/tpch/tpch-queries/q22/v2_anti_join.sql,warmup,2,1,1,3,1.751,142.795,11,3,7,1595284,1,13945212,117560,3,customer;orders,33345,0,0,0,0,0,0
2026-08-18T13:11:20Z,7DFDA31CCC8D0AA1,18.4,queries/tpch/tpch-queries/q22/v2_anti_join.sql,measured,1,1,5,3,1.747,140.263,11,3,7,1595284,1,13945212,117560,3,customer;orders,33345,0,0,0,0,0,0
2026-08-18T13:11:20Z,7DFDA31CCC8D0AA1,18.4,queries/tpch/tpch-queries/q22/v2_anti_join.sql,measured,1,2,5,3,0.273,95.195,11,3,7,1595284,1,13945212,117560,3,customer;orders,33342,0,0,0,0,0,0
2026-08-18T13:11:20Z,7DFDA31CCC8D0AA1,18.4,queries/tpch/tpch-queries/q22/v2_anti_join.sql,measured,1,3,5,3,0.266,97.800,11,3,7,1595284,1,13945212,117560,3,customer;orders,33342,0,0,0,0,0,0
2026-08-18T13:11:20Z,7DFDA31CCC8D0AA1,18.4,queries/tpch/tpch-queries/q22/v2_anti_join.sql,measured,1,4,5,3,0.267,98.184,11,3,7,1595284,1,13945212,117560,3,customer;orders,33342,0,0,0,0,0,0
2026-08-18T13:11:20Z,7DFDA31CCC8D0AA1,18.4,queries/tpch/tpch-queries/q22/v2_anti_join.sql,measured,1,5,5,3,0.268,99.278,11,3,7,1595284,1,13945212,117560,3,customer;orders,33342,0,0,0,0,0,0
2026-08-18T13:11:20Z,7DFDA31CCC8D0AA1,18.4,queries/tpch/tpch-queries/q22/v2_anti_join.sql,measured,2,1,5,3,1.764,142.811,11,3,7,1595284,1,13945212,117560,3,customer;orders,33345,0,0,0,0,0,0
2026-08-18T13:11:20Z,7DFDA31CCC8D0AA1,18.4,queries/tpch/tpch-queries/q22/v2_anti_join.sql,measured,2,2,5,3,0.279,94.025,11,3,7,1595284,1,13945212,117560,3,customer;orders,33342,0,0,0,0,0,0
2026-08-18T13:11:20Z,7DFDA31CCC8D0AA1,18.4,queries/tpch/tpch-queries/q22/v2_anti_join.sql,measured,2,3,5,3,0.270,97.755,11,3,7,1595284,1,13945212,117560,3,customer;orders,33342,0,0,0,0,0,0
2026-08-18T13:11:20Z,7DFDA31CCC8D0AA1,18.4,queries/tpch/tpch-queries/q22/v2_anti_join.sql,measured,2,4,5,3,0.275,99.054,11,3,7,1595284,1,13945212,117560,3,customer;orders,33342,0,0,0,0,0,0
2026-08-18T13:11:20Z,7DFDA31CCC8D0AA1,18.4,queries/tpch/tpch-queries/q22/v2_anti_join.sql,measured,2,5,5,3,0.271,97.754,11,3,7,1595284,1,13945212,117560,3,customer;orders,33342,0,0,0,0,0,0
2026-08-18T13:11:21Z,7DFDA31CCC8D0AA1,18.4,queries/tpch/tpch-queries/q22/v2_anti_join.sql,measured,3,1,5,3,1.748,147.628,11,3,7,1595284,1,13945212,117560,3,customer;orders,33345,0,0,0,0,0,0
2026-08-18T13:11:21Z,7DFDA31CCC8D0AA1,18.4,queries/tpch/tpch-queries/q22/v2_anti_join.sql,measured,3,2,5,3,0.275,94.770,11,3,7,1595284,1,13945212,117560,3,customer;orders,33342,0,0,0,0,0,0
2026-08-18T13:11:21Z,7DFDA31CCC8D0AA1,18.4,queries/tpch/tpch-queries/q22/v2_anti_join.sql,measured,3,3,5,3,0.267,97.392,11,3,7,1595284,1,13945212,117560,3,customer;orders,33342,0,0,0,0,0,0
2026-08-18T13:11:21Z,7DFDA31CCC8D0AA1,18.4,queries/tpch/tpch-queries/q22/v2_anti_join.sql,measured,3,4,5,3,0.267,100.306,11,3,7,1595284,1,13945212,117560,3,customer;orders,33342,0,0,0,0,0,0
2026-08-18T13:11:21Z,7DFDA31CCC8D0AA1,18.4,queries/tpch/tpch-queries/q22/v2_anti_join.sql,measured,3,5,5,3,0.280,107.429,11,3,7,1595284,1,13945212,117560,3,customer;orders,33342,0,0,0,0,0,0
