timestamp_utc,run_id,pg_version,query,phase,batch_index,copy_index,batchnum,runs,server_planning_ms,server_execution_ms,plan_nodes,scan_nodes,rows_out,rows_processed,rows_estimated,bytes_processed,rows_removed_filter,workers_launched,relations,shared_hit_blks,shared_read_blks,shared_dirtied_blks,shared_written_blks,temp_read_blks,temp_written_blks,failed
2026-08-12T12:57:42Z,C5A1EA64EE534867,18.4,queries/tpch/tpch-queries/q01/base.sql,warmup,1,1,1,3,0.693,1961.064,5,1,4,5916631,6,147924215,28208,2,lineitem,14,112600,0,0,0,0,0
2026-08-12T12:57:43Z,C5A1EA64EE534867,18.4,queries/tpch/tpch-queries/q01/base.sql,warmup,2,1,1,3,0.576,1781.023,5,1,4,5916631,6,147924215,28208,2,lineitem,112614,0,0,0,0,0,0
2026-08-12T12:57:53Z,C5A1EA64EE534867,18.4,queries/tpch/tpch-queries/q01/base.sql,measured,1,1,5,3,0.715,1817.211,5,1,4,5916631,6,147924215,28208,2,lineitem,112614,0,0,0,0,0,0
2026-08-12T12:57:53Z,C5A1EA64EE534867,18.4,queries/tpch/tpch-queries/q01/base.sql,measured,1,2,5,3,0.124,1808.198,5,1,4,5916631,6,147924215,28208,2,lineitem,112614,0,0,0,0,0,0
2026-08-12T12:57:53Z,C5A1EA64EE534867,18.4,queries/tpch/tpch-queries/q01/base.sql,measured,1,3,5,3,0.108,1842.359,5,1,4,5916631,6,147924215,28208,2,lineitem,112614,0,0,0,0,0,0
2026-08-12T12:57:53Z,C5A1EA64EE534867,18.4,queries/tpch/tpch-queries/q01/base.sql,measured,1,4,5,3,0.108,1847.549,5,1,4,5916631,6,147924215,28208,2,lineitem,112614,0,0,0,0,0,0
2026-08-12T12:57:53Z,C5A1EA64EE534867,18.4,queries/tpch/tpch-queries/q01/base.sql,measured,1,5,5,3,0.108,1858.822,5,1,4,5916631,6,147924215,28208,2,lineitem,112614,0,0,0,0,0,0
2026-08-12T12:58:02Z,C5A1EA64EE534867,18.4,queries/tpch/tpch-queries/q01/base.sql,measured,2,1,5,3,0.578,1898.869,5,1,4,5916631,6,147924215,28208,2,lineitem,112614,0,0,0,0,0,0
2026-08-12T12:58:02Z,C5A1EA64EE534867,18.4,queries/tpch/tpch-queries/q01/base.sql,measured,2,2,5,3,0.111,1844.969,5,1,4,5916631,6,147924215,28208,2,lineitem,112614,0,0,0,0,0,0
2026-08-12T12:58:02Z,C5A1EA64EE534867,18.4,queries/tpch/tpch-queries/q01/base.sql,measured,2,3,5,3,0.125,1885.899,5,1,4,5916631,6,147924215,28208,2,lineitem,112614,0,0,0,0,0,0
2026-08-12T12:58:02Z,C5A1EA64EE534867,18.4,queries/tpch/tpch-queries/q01/base.sql,measured,2,4,5,3,0.113,1960.254,5,1,4,5916631,6,147924215,28208,2,lineitem,112614,0,0,0,0,0,0
2026-08-12T12:58:02Z,C5A1EA64EE534867,18.4,queries/tpch/tpch-queries/q01/base.sql,measured,2,5,5,3,0.115,1958.889,5,1,4,5916631,6,147924215,28208,2,lineitem,112614,0,0,0,0,0,0
2026-08-12T12:58:12Z,C5A1EA64EE534867,18.4,queries/tpch/tpch-queries/q01/base.sql,measured,3,1,5,3,0.619,1987.022,5,1,4,5916631,6,147924215,28208,2,lineitem,112614,0,0,0,0,0,0
2026-08-12T12:58:12Z,C5A1EA64EE534867,18.4,queries/tpch/tpch-queries/q01/base.sql,measured,3,2,5,3,0.125,1959.517,5,1,4,5916631,6,147924215,28208,2,lineitem,112614,0,0,0,0,0,0
2026-08-12T12:58:12Z,C5A1EA64EE534867,18.4,queries/tpch/tpch-queries/q01/base.sql,measured,3,3,5,3,0.117,1964.177,5,1,4,5916631,6,147924215,28208,2,lineitem,112614,0,0,0,0,0,0
2026-08-12T12:58:12Z,C5A1EA64EE534867,18.4,queries/tpch/tpch-queries/q01/base.sql,measured,3,4,5,3,0.117,1971.467,5,1,4,5916631,6,147924215,28208,2,lineitem,112614,0,0,0,0,0,0
2026-08-12T12:58:12Z,C5A1EA64EE534867,18.4,queries/tpch/tpch-queries/q01/base.sql,measured,3,5,5,3,0.116,1966.959,5,1,4,5916631,6,147924215,28208,2,lineitem,112614,0,0,0,0,0,0
2026-08-12T12:58:14Z,C5A1EA64EE534867,18.4,queries/tpch/tpch-queries/q01/v1_materialized.sql,warmup,1,1,1,3,0.880,1977.505,6,2,4,5916635,6,147925207,28208,2,_m;lineitem,112614,0,0,0,0,0,0
2026-08-12T12:58:16Z,C5A1EA64EE534867,18.4,queries/tpch/tpch-queries/q01/v1_materialized.sql,warmup,2,1,1,3,0.975,1954.941,6,2,4,5916635,6,147925207,28208,2,_m;lineitem,112614,0,0,0,0,0,0
2026-08-12T12:58:26Z,C5A1EA64EE534867,18.4,queries/tpch/tpch-queries/q01/v1_materialized.sql,measured,1,1,5,3,1.001,1969.595,6,2,4,5916635,6,147925207,28208,2,_m;lineitem,112614,0,0,0,0,0,0
2026-08-12T12:58:26Z,C5A1EA64EE534867,18.4,queries/tpch/tpch-queries/q01/v1_materialized.sql,measured,1,2,5,3,0.158,1977.947,6,2,4,5916635,6,147925207,28208,2,_m;lineitem,112614,0,0,0,0,0,0
2026-08-12T12:58:26Z,C5A1EA64EE534867,18.4,queries/tpch/tpch-queries/q01/v1_materialized.sql,measured,1,3,5,3,0.145,1962.303,6,2,4,5916635,6,147925207,28208,2,_m;lineitem,112614,0,0,0,0,0,0
2026-08-12T12:58:26Z,C5A1EA64EE534867,18.4,queries/tpch/tpch-queries/q01/v1_materialized.sql,measured,1,4,5,3,0.150,1963.548,6,2,4,5916635,6,147925207,28208,2,_m;lineitem,112614,0,0,0,0,0,0
2026-08-12T12:58:26Z,C5A1EA64EE534867,18.4,queries/tpch/tpch-queries/q01/v1_materialized.sql,measured,1,5,5,3,0.135,1965.400,6,2,4,5916635,6,147925207,28208,2,_m;lineitem,112614,0,0,0,0,0,0
2026-08-12T12:58:36Z,C5A1EA64EE534867,18.4,queries/tpch/tpch-queries/q01/v1_materialized.sql,measured,2,1,5,3,0.643,1964.573,6,2,4,5916635,6,147925207,28208,2,_m;lineitem,112614,0,0,0,0,0,0
2026-08-12T12:58:36Z,C5A1EA64EE534867,18.4,queries/tpch/tpch-queries/q01/v1_materialized.sql,measured,2,2,5,3,0.152,1972.998,6,2,4,5916635,6,147925207,28208,2,_m;lineitem,112614,0,0,0,0,0,0
2026-08-12T12:58:36Z,C5A1EA64EE534867,18.4,queries/tpch/tpch-queries/q01/v1_materialized.sql,measured,2,3,5,3,0.152,1967.449,6,2,4,5916635,6,147925207,28208,2,_m;lineitem,112614,0,0,0,0,0,0
2026-08-12T12:58:36Z,C5A1EA64EE534867,18.4,queries/tpch/tpch-queries/q01/v1_materialized.sql,measured,2,4,5,3,0.138,1966.030,6,2,4,5916635,6,147925207,28208,2,_m;lineitem,112614,0,0,0,0,0,0
2026-08-12T12:58:36Z,C5A1EA64EE534867,18.4,queries/tpch/tpch-queries/q01/v1_materialized.sql,measured,2,5,5,3,0.137,1963.213,6,2,4,5916635,6,147925207,28208,2,_m;lineitem,112614,0,0,0,0,0,0
2026-08-12T12:58:46Z,C5A1EA64EE534867,18.4,queries/tpch/tpch-queries/q01/v1_materialized.sql,measured,3,1,5,3,0.843,1968.245,6,2,4,5916635,6,147925207,28208,2,_m;lineitem,112614,0,0,0,0,0,0
2026-08-12T12:58:46Z,C5A1EA64EE534867,18.4,queries/tpch/tpch-queries/q01/v1_materialized.sql,measured,3,2,5,3,0.139,1970.254,6,2,4,5916635,6,147925207,28208,2,_m;lineitem,112614,0,0,0,0,0,0
2026-08-12T12:58:46Z,C5A1EA64EE534867,18.4,queries/tpch/tpch-queries/q01/v1_materialized.sql,measured,3,3,5,3,0.154,1964.616,6,2,4,5916635,6,147925207,28208,2,_m;lineitem,112614,0,0,0,0,0,0
2026-08-12T12:58:46Z,C5A1EA64EE534867,18.4,queries/tpch/tpch-queries/q01/v1_materialized.sql,measured,3,4,5,3,0.148,1968.122,6,2,4,5916635,6,147925207,28208,2,_m;lineitem,112614,0,0,0,0,0,0
2026-08-12T12:58:46Z,C5A1EA64EE534867,18.4,queries/tpch/tpch-queries/q01/v1_materialized.sql,measured,3,5,5,3,0.151,1967.921,6,2,4,5916635,6,147925207,28208,2,_m;lineitem,112614,0,0,0,0,0,0
2026-08-12T12:59:41Z,C5A1EA64EE534867,18.4,queries/tpch/tpch-queries/q02/base.sql,warmup,1,1,1,3,1.195,54897.149,26,9,100,25202162,1,270312202,999257,0,part;partsupp;supplier;nation;region,21464092,21913,0,0,3359,3359,0
2026-08-12T13:00:35Z,C5A1EA64EE534867,18.4,queries/tpch/tpch-queries/q02/base.sql,warmup,2,1,1,3,1.052,54242.965,26,9,100,25202162,1,270312202,999257,0,part;partsupp;supplier;nation;region,21486005,0,0,0,3359,3359,0
2026-08-12T13:05:05Z,C5A1EA64EE534867,18.4,queries/tpch/tpch-queries/q02/base.sql,measured,1,1,5,3,1.063,54631.249,26,9,100,25202162,1,270312202,999257,0,part;partsupp;supplier;nation;region,21486005,0,0,0,3359,3359,0
2026-08-12T13:05:05Z,C5A1EA64EE534867,18.4,queries/tpch/tpch-queries/q02/base.sql,measured,1,2,5,3,0.385,53634.999,26,9,100,25202162,1,270312202,999257,0,part;partsupp;supplier;nation;region,21485996,0,0,0,3359,3359,0
2026-08-12T13:05:05Z,C5A1EA64EE534867,18.4,queries/tpch/tpch-queries/q02/base.sql,measured,1,3,5,3,0.382,53533.076,26,9,100,25202162,1,270312202,999257,0,part;partsupp;supplier;nation;region,21485996,0,0,0,3359,3359,0
2026-08-12T13:05:05Z,C5A1EA64EE534867,18.4,queries/tpch/tpch-queries/q02/base.sql,measured,1,4,5,3,0.367,53582.819,26,9,100,25202162,1,270312202,999257,0,part;partsupp;supplier;nation;region,21485996,0,0,0,3359,3359,0
2026-08-12T13:05:05Z,C5A1EA64EE534867,18.4,queries/tpch/tpch-queries/q02/base.sql,measured,1,5,5,3,0.373,53742.068,26,9,100,25202162,1,270312202,999257,0,part;partsupp;supplier;nation;region,21485996,0,0,0,3359,3359,0
2026-08-12T13:09:32Z,C5A1EA64EE534867,18.4,queries/tpch/tpch-queries/q02/base.sql,measured,2,1,5,3,1.021,54442.539,26,9,100,25202162,1,270312202,999257,0,part;partsupp;supplier;nation;region,21486005,0,0,0,3359,3359,0
2026-08-12T13:09:32Z,C5A1EA64EE534867,18.4,queries/tpch/tpch-queries/q02/base.sql,measured,2,2,5,3,0.389,53339.876,26,9,100,25202162,1,270312202,999257,0,part;partsupp;supplier;nation;region,21485996,0,0,0,3359,3359,0
2026-08-12T13:09:32Z,C5A1EA64EE534867,18.4,queries/tpch/tpch-queries/q02/base.sql,measured,2,3,5,3,0.375,53039.475,26,9,100,25202162,1,270312202,999257,0,part;partsupp;supplier;nation;region,21485996,0,0,0,3359,3359,0
2026-08-12T13:09:32Z,C5A1EA64EE534867,18.4,queries/tpch/tpch-queries/q02/base.sql,measured,2,4,5,3,0.382,53093.330,26,9,100,25202162,1,270312202,999257,0,part;partsupp;supplier;nation;region,21485996,0,0,0,3359,3359,0
2026-08-12T13:09:32Z,C5A1EA64EE534867,18.4,queries/tpch/tpch-queries/q02/base.sql,measured,2,5,5,3,0.383,53308.221,26,9,100,25202162,1,270312202,999257,0,part;partsupp;supplier;nation;region,21485996,0,0,0,3359,3359,0
2026-08-12T13:13:58Z,C5A1EA64EE534867,18.4,queries/tpch/tpch-queries/q02/base.sql,measured,3,1,5,3,1.067,53830.042,26,9,100,25202162,1,270312202,999257,0,part;partsupp;supplier;nation;region,21486005,0,0,0,3359,3359,0
2026-08-12T13:13:58Z,C5A1EA64EE534867,18.4,queries/tpch/tpch-queries/q02/base.sql,measured,3,2,5,3,0.370,52944.969,26,9,100,25202162,1,270312202,999257,0,part;partsupp;supplier;nation;region,21485996,0,0,0,3359,3359,0
2026-08-12T13:13:58Z,C5A1EA64EE534867,18.4,queries/tpch/tpch-queries/q02/base.sql,measured,3,3,5,3,0.385,52930.130,26,9,100,25202162,1,270312202,999257,0,part;partsupp;supplier;nation;region,21485996,0,0,0,3359,3359,0
2026-08-12T13:13:58Z,C5A1EA64EE534867,18.4,queries/tpch/tpch-queries/q02/base.sql,measured,3,4,5,3,0.360,52963.378,26,9,100,25202162,1,270312202,999257,0,part;partsupp;supplier;nation;region,21485996,0,0,0,3359,3359,0
2026-08-12T13:13:58Z,C5A1EA64EE534867,18.4,queries/tpch/tpch-queries/q02/base.sql,measured,3,5,5,3,0.357,53142.408,26,9,100,25202162,1,270312202,999257,0,part;partsupp;supplier;nation;region,21485996,0,0,0,3359,3359,0
2026-08-12T13:14:53Z,C5A1EA64EE534867,18.4,queries/tpch/tpch-queries/q02/v1_materialized.sql,warmup,1,1,1,3,1.115,54712.649,27,10,100,25202622,1,270746362,999257,0,part;partsupp;supplier;nation;region;_m,21486005,0,0,0,3359,3359,0
2026-08-12T13:15:47Z,C5A1EA64EE534867,18.4,queries/tpch/tpch-queries/q02/v1_materialized.sql,warmup,2,1,1,3,1.025,54135.654,27,10,100,25202622,1,270746362,999257,0,part;partsupp;supplier;nation;region;_m,21486005,0,0,0,3359,3359,0
2026-08-12T13:20:15Z,C5A1EA64EE534867,18.4,queries/tpch/tpch-queries/q02/v1_materialized.sql,measured,1,1,5,3,1.036,54786.286,27,10,100,25202622,1,270746362,999257,0,part;partsupp;supplier;nation;region;_m,21486005,0,0,0,3359,3359,0
2026-08-12T13:20:15Z,C5A1EA64EE534867,18.4,queries/tpch/tpch-queries/q02/v1_materialized.sql,measured,1,2,5,3,0.360,53187.369,27,10,100,25202622,1,270746362,999257,0,part;partsupp;supplier;nation;region;_m,21485996,0,0,0,3359,3359,0
2026-08-12T13:20:15Z,C5A1EA64EE534867,18.4,queries/tpch/tpch-queries/q02/v1_materialized.sql,measured,1,3,5,3,0.348,53497.029,27,10,100,25202622,1,270746362,999257,0,part;partsupp;supplier;nation;region;_m,21485996,0,0,0,3359,3359,0
2026-08-12T13:20:15Z,C5A1EA64EE534867,18.4,queries/tpch/tpch-queries/q02/v1_materialized.sql,measured,1,4,5,3,0.354,53218.749,27,10,100,25202622,1,270746362,999257,0,part;partsupp;supplier;nation;region;_m,21485996,0,0,0,3359,3359,0
2026-08-12T13:20:15Z,C5A1EA64EE534867,18.4,queries/tpch/tpch-queries/q02/v1_materialized.sql,measured,1,5,5,3,0.361,53232.629,27,10,100,25202622,1,270746362,999257,0,part;partsupp;supplier;nation;region;_m,21485996,0,0,0,3359,3359,0
2026-08-12T13:24:40Z,C5A1EA64EE534867,18.4,queries/tpch/tpch-queries/q02/v1_materialized.sql,measured,2,1,5,3,1.118,54336.394,27,10,100,25202622,1,270746362,999257,0,part;partsupp;supplier;nation;region;_m,21486005,0,0,0,3359,3359,0
2026-08-12T13:24:40Z,C5A1EA64EE534867,18.4,queries/tpch/tpch-queries/q02/v1_materialized.sql,measured,2,2,5,3,0.367,53094.283,27,10,100,25202622,1,270746362,999257,0,part;partsupp;supplier;nation;region;_m,21485996,0,0,0,3359,3359,0
2026-08-12T13:24:40Z,C5A1EA64EE534867,18.4,queries/tpch/tpch-queries/q02/v1_materialized.sql,measured,2,3,5,3,0.354,53438.751,27,10,100,25202622,1,270746362,999257,0,part;partsupp;supplier;nation;region;_m,21485996,0,0,0,3359,3359,0
2026-08-12T13:24:40Z,C5A1EA64EE534867,18.4,queries/tpch/tpch-queries/q02/v1_materialized.sql,measured,2,4,5,3,0.339,50989.849,27,10,100,25202622,1,270746362,999257,0,part;partsupp;supplier;nation;region;_m,21485996,0,0,0,3359,3359,0
2026-08-12T13:24:40Z,C5A1EA64EE534867,18.4,queries/tpch/tpch-queries/q02/v1_materialized.sql,measured,2,5,5,3,0.321,53143.854,27,10,100,25202622,1,270746362,999257,0,part;partsupp;supplier;nation;region;_m,21485996,0,0,0,3359,3359,0
2026-08-12T13:29:05Z,C5A1EA64EE534867,18.4,queries/tpch/tpch-queries/q02/v1_materialized.sql,measured,3,1,5,3,1.039,53997.469,27,10,100,25202622,1,270746362,999257,0,part;partsupp;supplier;nation;region;_m,21486005,0,0,0,3359,3359,0
2026-08-12T13:29:05Z,C5A1EA64EE534867,18.4,queries/tpch/tpch-queries/q02/v1_materialized.sql,measured,3,2,5,3,0.346,52640.229,27,10,100,25202622,1,270746362,999257,0,part;partsupp;supplier;nation;region;_m,21485996,0,0,0,3359,3359,0
2026-08-12T13:29:05Z,C5A1EA64EE534867,18.4,queries/tpch/tpch-queries/q02/v1_materialized.sql,measured,3,3,5,3,0.341,52912.230,27,10,100,25202622,1,270746362,999257,0,part;partsupp;supplier;nation;region;_m,21485996,0,0,0,3359,3359,0
2026-08-12T13:29:05Z,C5A1EA64EE534867,18.4,queries/tpch/tpch-queries/q02/v1_materialized.sql,measured,3,4,5,3,0.355,52760.611,27,10,100,25202622,1,270746362,999257,0,part;partsupp;supplier;nation;region;_m,21485996,0,0,0,3359,3359,0
2026-08-12T13:29:05Z,C5A1EA64EE534867,18.4,queries/tpch/tpch-queries/q02/v1_materialized.sql,measured,3,5,5,3,0.351,52623.921,27,10,100,25202622,1,270746362,999257,0,part;partsupp;supplier;nation;region;_m,21485996,0,0,0,3359,3359,0
2026-08-12T13:29:05Z,C5A1EA64EE534867,18.4,queries/tpch/tpch-queries/q02/v2_decorrelate.sql,warmup,1,1,1,3,1.349,227.633,29,9,100,1939492,1,35307498,66426,2,partsupp;supplier;nation;region;part,40157,0,0,0,290,641,0
2026-08-12T13:29:06Z,C5A1EA64EE534867,18.4,queries/tpch/tpch-queries/q02/v2_decorrelate.sql,warmup,2,1,1,3,1.534,231.882,29,9,100,1939492,1,35307498,66426,2,partsupp;supplier;nation;region;part,40157,0,0,0,290,641,0
2026-08-12T13:29:07Z,C5A1EA64EE534867,18.4,queries/tpch/tpch-queries/q02/v2_decorrelate.sql,measured,1,1,5,3,1.339,233.026,29,9,100,1939492,1,35307498,66426,2,partsupp;supplier;nation;region;part,40157,0,0,0,290,641,0
2026-08-12T13:29:07Z,C5A1EA64EE534867,18.4,queries/tpch/tpch-queries/q02/v2_decorrelate.sql,measured,1,2,5,3,0.600,221.592,29,9,100,1939492,1,35307498,66426,2,partsupp;supplier;nation;region;part,40148,0,0,0,290,641,0
2026-08-12T13:29:07Z,C5A1EA64EE534867,18.4,queries/tpch/tpch-queries/q02/v2_decorrelate.sql,measured,1,3,5,3,0.591,219.862,29,9,100,1939492,1,35307498,66426,2,partsupp;supplier;nation;region;part,40148,0,0,0,290,641,0
2026-08-12T13:29:07Z,C5A1EA64EE534867,18.4,queries/tpch/tpch-queries/q02/v2_decorrelate.sql,measured,1,4,5,3,0.595,221.724,29,9,100,1939492,1,35307498,66426,2,partsupp;supplier;nation;region;part,40148,0,0,0,290,641,0
2026-08-12T13:29:07Z,C5A1EA64EE534867,18.4,queries/tpch/tpch-queries/q02/v2_decorrelate.sql,measured,1,5,5,3,0.606,216.469,29,9,100,1939492,1,35307498,66426,2,partsupp;supplier;nation;region;part,40148,0,0,0,290,641,0
2026-08-12T13:29:08Z,C5A1EA64EE534867,18.4,queries/tpch/tpch-queries/q02/v2_decorrelate.sql,measured,2,1,5,3,1.336,236.103,29,9,100,1939492,1,35307498,66426,2,partsupp;supplier;nation;region;part,40157,0,0,0,290,641,0
2026-08-12T13:29:08Z,C5A1EA64EE534867,18.4,queries/tpch/tpch-queries/q02/v2_decorrelate.sql,measured,2,2,5,3,0.610,235.179,29,9,100,1939492,1,35307498,66426,2,partsupp;supplier;nation;region;part,40148,0,0,0,290,641,0
2026-08-12T13:29:08Z,C5A1EA64EE534867,18.4,queries/tpch/tpch-queries/q02/v2_decorrelate.sql,measured,2,3,5,3,0.615,253.688,29,9,100,1939492,1,35307498,66426,2,partsupp;supplier;nation;region;part,40148,0,0,0,290,641,0
2026-08-12T13:29:08Z,C5A1EA64EE534867,18.4,queries/tpch/tpch-queries/q02/v2_decorrelate.sql,measured,2,4,5,3,0.600,239.695,29,9,100,1939492,1,35307498,66426,2,partsupp;supplier;nation;region;part,40148,0,0,0,290,641,0
2026-08-12T13:29:08Z,C5A1EA64EE534867,18.4,queries/tpch/tpch-queries/q02/v2_decorrelate.sql,measured,2,5,5,3,0.595,236.194,29,9,100,1939492,1,35307498,66426,2,partsupp;supplier;nation;region;part,40148,0,0,0,290,641,0
2026-08-12T13:29:10Z,C5A1EA64EE534867,18.4,queries/tpch/tpch-queries/q02/v2_decorrelate.sql,measured,3,1,5,3,1.353,231.854,29,9,100,1939492,1,35307498,66426,2,partsupp;supplier;nation;region;part,40157,0,0,0,290,641,0
2026-08-12T13:29:10Z,C5A1EA64EE534867,18.4,queries/tpch/tpch-queries/q02/v2_decorrelate.sql,measured,3,2,5,3,0.615,248.730,29,9,100,1939492,1,35307498,66426,2,partsupp;supplier;nation;region;part,40148,0,0,0,290,641,0
2026-08-12T13:29:10Z,C5A1EA64EE534867,18.4,queries/tpch/tpch-queries/q02/v2_decorrelate.sql,measured,3,3,5,3,0.598,220.786,29,9,100,1939492,1,35307498,66426,2,partsupp;supplier;nation;region;part,40148,0,0,0,290,641,0
2026-08-12T13:29:10Z,C5A1EA64EE534867,18.4,queries/tpch/tpch-queries/q02/v2_decorrelate.sql,measured,3,4,5,3,0.591,230.300,29,9,100,1939492,1,35307498,66426,2,partsupp;supplier;nation;region;part,40148,0,0,0,290,641,0
2026-08-12T13:29:10Z,C5A1EA64EE534867,18.4,queries/tpch/tpch-queries/q02/v2_decorrelate.sql,measured,3,5,5,3,0.610,247.456,29,9,100,1939492,1,35307498,66426,2,partsupp;supplier;nation;region;part,40148,0,0,0,290,641,0
2026-08-12T13:29:10Z,C5A1EA64EE534867,18.4,queries/tpch/tpch-queries/q03/base.sql,warmup,1,1,1,3,1.188,413.004,11,3,10,1037910,10,16353048,297522,2,orders;customer;lineitem,587390,39238,0,0,0,0,0
2026-08-12T13:29:11Z,C5A1EA64EE534867,18.4,queries/tpch/tpch-queries/q03/base.sql,warmup,2,1,1,3,1.207,323.263,11,3,10,1037910,10,16353048,297522,2,orders;customer;lineitem,626628,0,0,0,0,0,0
2026-08-12T13:29:12Z,C5A1EA64EE534867,18.4,queries/tpch/tpch-queries/q03/base.sql,measured,1,1,5,3,0.940,316.057,11,3,10,1037910,10,16353048,297522,2,orders;customer;lineitem,626628,0,0,0,0,0,0
2026-08-12T13:29:12Z,C5A1EA64EE534867,18.4,queries/tpch/tpch-queries/q03/base.sql,measured,1,2,5,3,0.244,290.966,11,3,10,1037910,10,16353048,297522,2,orders;customer;lineitem,626625,0,0,0,0,0,0
2026-08-12T13:29:12Z,C5A1EA64EE534867,18.4,queries/tpch/tpch-queries/q03/base.sql,measured,1,3,5,3,0.256,289.124,11,3,10,1037910,10,16353048,297522,2,orders;customer;lineitem,626625,0,0,0,0,0,0
2026-08-12T13:29:12Z,C5A1EA64EE534867,18.4,queries/tpch/tpch-queries/q03/base.sql,measured,1,4,5,3,0.254,288.106,11,3,10,1037910,10,16353048,297522,2,orders;customer;lineitem,626625,0,0,0,0,0,0
2026-08-12T13:29:12Z,C5A1EA64EE534867,18.4,queries/tpch/tpch-queries/q03/base.sql,measured,1,5,5,3,0.241,288.316,11,3,10,1037910,10,16353048,297522,2,orders;customer;lineitem,626625,0,0,0,0,0,0
2026-08-12T13:29:14Z,C5A1EA64EE534867,18.4,queries/tpch/tpch-queries/q03/base.sql,measured,2,1,5,3,0.946,314.135,11,3,10,1037910,10,16353048,297522,2,orders;customer;lineitem,626628,0,0,0,0,0,0
2026-08-12T13:29:14Z,C5A1EA64EE534867,18.4,queries/tpch/tpch-queries/q03/base.sql,measured,2,2,5,3,0.237,291.522,11,3,10,1037910,10,16353048,297522,2,orders;customer;lineitem,626625,0,0,0,0,0,0
2026-08-12T13:29:14Z,C5A1EA64EE534867,18.4,queries/tpch/tpch-queries/q03/base.sql,measured,2,3,5,3,0.245,289.056,11,3,10,1037910,10,16353048,297522,2,orders;customer;lineitem,626625,0,0,0,0,0,0
2026-08-12T13:29:14Z,C5A1EA64EE534867,18.4,queries/tpch/tpch-queries/q03/base.sql,measured,2,4,5,3,0.242,287.320,11,3,10,1037910,10,16353048,297522,2,orders;customer;lineitem,626625,0,0,0,0,0,0
2026-08-12T13:29:14Z,C5A1EA64EE534867,18.4,queries/tpch/tpch-queries/q03/base.sql,measured,2,5,5,3,0.244,286.333,11,3,10,1037910,10,16353048,297522,2,orders;customer;lineitem,626625,0,0,0,0,0,0
2026-08-12T13:29:15Z,C5A1EA64EE534867,18.4,queries/tpch/tpch-queries/q03/base.sql,measured,3,1,5,3,0.973,316.719,11,3,10,1037910,10,16353048,297522,2,orders;customer;lineitem,626628,0,0,0,0,0,0
2026-08-12T13:29:15Z,C5A1EA64EE534867,18.4,queries/tpch/tpch-queries/q03/base.sql,measured,3,2,5,3,0.255,293.946,11,3,10,1037910,10,16353048,297522,2,orders;customer;lineitem,626625,0,0,0,0,0,0
2026-08-12T13:29:15Z,C5A1EA64EE534867,18.4,queries/tpch/tpch-queries/q03/base.sql,measured,3,3,5,3,0.246,288.782,11,3,10,1037910,10,16353048,297522,2,orders;customer;lineitem,626625,0,0,0,0,0,0
2026-08-12T13:29:15Z,C5A1EA64EE534867,18.4,queries/tpch/tpch-queries/q03/base.sql,measured,3,4,5,3,0.248,288.206,11,3,10,1037910,10,16353048,297522,2,orders;customer;lineitem,626625,0,0,0,0,0,0
2026-08-12T13:29:15Z,C5A1EA64EE534867,18.4,queries/tpch/tpch-queries/q03/base.sql,measured,3,5,5,3,0.246,288.375,11,3,10,1037910,10,16353048,297522,2,orders;customer;lineitem,626625,0,0,0,0,0,0
2026-08-12T13:29:16Z,C5A1EA64EE534867,18.4,queries/tpch/tpch-queries/q03/v1_materialized.sql,warmup,1,1,1,3,1.079,317.169,12,4,10,1049530,10,16864328,297522,2,orders;customer;lineitem;_m,626628,0,0,0,0,0,0
2026-08-12T13:29:16Z,C5A1EA64EE534867,18.4,queries/tpch/tpch-queries/q03/v1_materialized.sql,warmup,2,1,1,3,0.956,318.291,12,4,10,1049530,10,16864328,297522,2,orders;customer;lineitem;_m,626628,0,0,0,0,0,0
2026-08-12T13:29:18Z,C5A1EA64EE534867,18.4,queries/tpch/tpch-queries/q03/v1_materialized.sql,measured,1,1,5,3,0.971,317.279,12,4,10,1049530,10,16864328,297522,2,orders;customer;lineitem;_m,626628,0,0,0,0,0,0
2026-08-12T13:29:18Z,C5A1EA64EE534867,18.4,queries/tpch/tpch-queries/q03/v1_materialized.sql,measured,1,2,5,3,0.257,292.798,12,4,10,1049530,10,16864328,297522,2,orders;customer;lineitem;_m,626625,0,0,0,0,0,0
2026-08-12T13:29:18Z,C5A1EA64EE534867,18.4,queries/tpch/tpch-queries/q03/v1_materialized.sql,measured,1,3,5,3,0.263,290.474,12,4,10,1049530,10,16864328,297522,2,orders;customer;lineitem;_m,626625,0,0,0,0,0,0
2026-08-12T13:29:18Z,C5A1EA64EE534867,18.4,queries/tpch/tpch-queries/q03/v1_materialized.sql,measured,1,4,5,3,0.255,290.701,12,4,10,1049530,10,16864328,297522,2,orders;customer;lineitem;_m,626625,0,0,0,0,0,0
2026-08-12T13:29:18Z,C5A1EA64EE534867,18.4,queries/tpch/tpch-queries/q03/v1_materialized.sql,measured,1,5,5,3,0.268,289.415,12,4,10,1049530,10,16864328,297522,2,orders;customer;lineitem;_m,626625,0,0,0,0,0,0
2026-08-12T13:29:19Z,C5A1EA64EE534867,18.4,queries/tpch/tpch-queries/q03/v1_materialized.sql,measured,2,1,5,3,1.030,320.688,12,4,10,1049530,10,16864328,297522,2,orders;customer;lineitem;_m,626628,0,0,0,0,0,0
2026-08-12T13:29:19Z,C5A1EA64EE534867,18.4,queries/tpch/tpch-queries/q03/v1_materialized.sql,measured,2,2,5,3,0.245,295.781,12,4,10,1049530,10,16864328,297522,2,orders;customer;lineitem;_m,626625,0,0,0,0,0,0
2026-08-12T13:29:19Z,C5A1EA64EE534867,18.4,queries/tpch/tpch-queries/q03/v1_materialized.sql,measured,2,3,5,3,0.255,292.035,12,4,10,1049530,10,16864328,297522,2,orders;customer;lineitem;_m,626625,0,0,0,0,0,0
2026-08-12T13:29:19Z,C5A1EA64EE534867,18.4,queries/tpch/tpch-queries/q03/v1_materialized.sql,measured,2,4,5,3,0.257,290.195,12,4,10,1049530,10,16864328,297522,2,orders;customer;lineitem;_m,626625,0,0,0,0,0,0
2026-08-12T13:29:19Z,C5A1EA64EE534867,18.4,queries/tpch/tpch-queries/q03/v1_materialized.sql,measured,2,5,5,3,0.258,290.210,12,4,10,1049530,10,16864328,297522,2,orders;customer;lineitem;_m,626625,0,0,0,0,0,0
2026-08-12T13:29:21Z,C5A1EA64EE534867,18.4,queries/tpch/tpch-queries/q03/v1_materialized.sql,measured,3,1,5,3,0.964,316.824,12,4,10,1049530,10,16864328,297522,2,orders;customer;lineitem;_m,626628,0,0,0,0,0,0
2026-08-12T13:29:21Z,C5A1EA64EE534867,18.4,queries/tpch/tpch-queries/q03/v1_materialized.sql,measured,3,2,5,3,0.251,293.887,12,4,10,1049530,10,16864328,297522,2,orders;customer;lineitem;_m,626625,0,0,0,0,0,0
2026-08-12T13:29:21Z,C5A1EA64EE534867,18.4,queries/tpch/tpch-queries/q03/v1_materialized.sql,measured,3,3,5,3,0.256,292.024,12,4,10,1049530,10,16864328,297522,2,orders;customer;lineitem;_m,626625,0,0,0,0,0,0
2026-08-12T13:29:21Z,C5A1EA64EE534867,18.4,queries/tpch/tpch-queries/q03/v1_materialized.sql,measured,3,4,5,3,0.246,288.121,12,4,10,1049530,10,16864328,297522,2,orders;customer;lineitem;_m,626625,0,0,0,0,0,0
2026-08-12T13:29:21Z,C5A1EA64EE534867,18.4,queries/tpch/tpch-queries/q03/v1_materialized.sql,measured,3,5,5,3,0.256,290.076,12,4,10,1049530,10,16864328,297522,2,orders;customer;lineitem;_m,626625,0,0,0,0,0,0
2026-08-12T13:29:21Z,C5A1EA64EE534867,18.4,queries/tpch/tpch-queries/q04/base.sql,warmup,1,1,1,3,0.773,122.941,7,2,5,162293,5,2825832,480928,2,orders;lineitem,255468,0,0,0,0,0,0
2026-08-12T13:29:21Z,C5A1EA64EE534867,18.4,queries/tpch/tpch-queries/q04/base.sql,warmup,2,1,1,3,0.769,121.879,7,2,5,162293,5,2825832,480928,2,orders;lineitem,255468,0,0,0,0,0,0
2026-08-12T13:29:22Z,C5A1EA64EE534867,18.4,queries/tpch/tpch-queries/q04/base.sql,measured,1,1,5,3,0.770,121.766,7,2,5,162293,5,2825832,480928,2,orders;lineitem,255468,0,0,0,0,0,0
2026-08-12T13:29:22Z,C5A1EA64EE534867,18.4,queries/tpch/tpch-queries/q04/base.sql,measured,1,2,5,3,0.152,116.227,7,2,5,162293,5,2825832,480928,2,orders;lineitem,255468,0,0,0,0,0,0
2026-08-12T13:29:22Z,C5A1EA64EE534867,18.4,queries/tpch/tpch-queries/q04/base.sql,measured,1,3,5,3,0.162,111.401,7,2,5,162293,5,2825832,480928,2,orders;lineitem,255468,0,0,0,0,0,0
2026-08-12T13:29:22Z,C5A1EA64EE534867,18.4,queries/tpch/tpch-queries/q04/base.sql,measured,1,4,5,3,0.156,112.643,7,2,5,162293,5,2825832,480928,2,orders;lineitem,255468,0,0,0,0,0,0
2026-08-12T13:29:22Z,C5A1EA64EE534867,18.4,queries/tpch/tpch-queries/q04/base.sql,measured,1,5,5,3,0.156,110.736,7,2,5,162293,5,2825832,480928,2,orders;lineitem,255468,0,0,0,0,0,0
2026-08-12T13:29:22Z,C5A1EA64EE534867,18.4,queries/tpch/tpch-queries/q04/base.sql,measured,2,1,5,3,0.805,122.690,7,2,5,162293,5,2825832,480928,2,orders;lineitem,255468,0,0,0,0,0,0
2026-08-12T13:29:22Z,C5A1EA64EE534867,18.4,queries/tpch/tpch-queries/q04/base.sql,measured,2,2,5,3,0.162,116.564,7,2,5,162293,5,2825832,480928,2,orders;lineitem,255468,0,0,0,0,0,0
2026-08-12T13:29:22Z,C5A1EA64EE534867,18.4,queries/tpch/tpch-queries/q04/base.sql,measured,2,3,5,3,0.166,113.853,7,2,5,162293,5,2825832,480928,2,orders;lineitem,255468,0,0,0,0,0,0
2026-08-12T13:29:22Z,C5A1EA64EE534867,18.4,queries/tpch/tpch-queries/q04/base.sql,measured,2,4,5,3,0.158,110.063,7,2,5,162293,5,2825832,480928,2,orders;lineitem,255468,0,0,0,0,0,0
2026-08-12T13:29:22Z,C5A1EA64EE534867,18.4,queries/tpch/tpch-queries/q04/base.sql,measured,2,5,5,3,0.165,112.339,7,2,5,162293,5,2825832,480928,2,orders;lineitem,255468,0,0,0,0,0,0
2026-08-12T13:29:23Z,C5A1EA64EE534867,18.4,queries/tpch/tpch-queries/q04/base.sql,measured,3,1,5,3,0.774,121.679,7,2,5,162293,5,2825832,480928,2,orders;lineitem,255468,0,0,0,0,0,0
2026-08-12T13:29:23Z,C5A1EA64EE534867,18.4,queries/tpch/tpch-queries/q04/base.sql,measured,3,2,5,3,0.152,116.312,7,2,5,162293,5,2825832,480928,2,orders;lineitem,255468,0,0,0,0,0,0
2026-08-12T13:29:23Z,C5A1EA64EE534867,18.4,queries/tpch/tpch-queries/q04/base.sql,measured,3,3,5,3,0.197,113.008,7,2,5,162293,5,2825832,480928,2,orders;lineitem,255468,0,0,0,0,0,0
2026-08-12T13:29:23Z,C5A1EA64EE534867,18.4,queries/tpch/tpch-queries/q04/base.sql,measured,3,4,5,3,0.155,110.767,7,2,5,162293,5,2825832,480928,2,orders;lineitem,255468,0,0,0,0,0,0
2026-08-12T13:29:23Z,C5A1EA64EE534867,18.4,queries/tpch/tpch-queries/q04/base.sql,measured,3,5,5,3,0.156,110.553,7,2,5,162293,5,2825832,480928,2,orders;lineitem,255468,0,0,0,0,0,0
2026-08-12T13:29:23Z,C5A1EA64EE534867,18.4,queries/tpch/tpch-queries/q04/v1_materialized.sql,warmup,1,1,1,3,0.859,128.937,8,3,5,162298,5,2826192,480928,2,_m;orders;lineitem,255468,0,0,0,0,0,0
2026-08-12T13:29:24Z,C5A1EA64EE534867,18.4,queries/tpch/tpch-queries/q04/v1_materialized.sql,warmup,2,1,1,3,1.146,129.171,8,3,5,162298,5,2826192,480928,2,_m;orders;lineitem,255468,0,0,0,0,0,0
2026-08-12T13:29:24Z,C5A1EA64EE534867,18.4,queries/tpch/tpch-queries/q04/v1_materialized.sql,measured,1,1,5,3,0.789,121.949,8,3,5,162298,5,2826192,480928,2,_m;orders;lineitem,255468,0,0,0,0,0,0
2026-08-12T13:29:24Z,C5A1EA64EE534867,18.4,queries/tpch/tpch-queries/q04/v1_materialized.sql,measured,1,2,5,3,0.172,114.795,8,3,5,162298,5,2826192,480928,2,_m;orders;lineitem,255468,0,0,0,0,0,0
2026-08-12T13:29:24Z,C5A1EA64EE534867,18.4,queries/tpch/tpch-queries/q04/v1_materialized.sql,measured,1,3,5,3,0.170,113.794,8,3,5,162298,5,2826192,480928,2,_m;orders;lineitem,255468,0,0,0,0,0,0
2026-08-12T13:29:24Z,C5A1EA64EE534867,18.4,queries/tpch/tpch-queries/q04/v1_materialized.sql,measured,1,4,5,3,0.172,110.983,8,3,5,162298,5,2826192,480928,2,_m;orders;lineitem,255468,0,0,0,0,0,0
2026-08-12T13:29:24Z,C5A1EA64EE534867,18.4,queries/tpch/tpch-queries/q04/v1_materialized.sql,measured,1,5,5,3,0.170,111.437,8,3,5,162298,5,2826192,480928,2,_m;orders;lineitem,255468,0,0,0,0,0,0
2026-08-12T13:29:25Z,C5A1EA64EE534867,18.4,queries/tpch/tpch-queries/q04/v1_materialized.sql,measured,2,1,5,3,0.954,127.748,8,3,5,162298,5,2826192,480928,2,_m;orders;lineitem,255468,0,0,0,0,0,0
2026-08-12T13:29:25Z,C5A1EA64EE534867,18.4,queries/tpch/tpch-queries/q04/v1_materialized.sql,measured,2,2,5,3,0.177,115.882,8,3,5,162298,5,2826192,480928,2,_m;orders;lineitem,255468,0,0,0,0,0,0
2026-08-12T13:29:25Z,C5A1EA64EE534867,18.4,queries/tpch/tpch-queries/q04/v1_materialized.sql,measured,2,3,5,3,0.177,113.650,8,3,5,162298,5,2826192,480928,2,_m;orders;lineitem,255468,0,0,0,0,0,0
2026-08-12T13:29:25Z,C5A1EA64EE534867,18.4,queries/tpch/tpch-queries/q04/v1_materialized.sql,measured,2,4,5,3,0.172,112.616,8,3,5,162298,5,2826192,480928,2,_m;orders;lineitem,255468,0,0,0,0,0,0
2026-08-12T13:29:25Z,C5A1EA64EE534867,18.4,queries/tpch/tpch-queries/q04/v1_materialized.sql,measured,2,5,5,3,0.170,112.841,8,3,5,162298,5,2826192,480928,2,_m;orders;lineitem,255468,0,0,0,0,0,0
2026-08-12T13:29:26Z,C5A1EA64EE534867,18.4,queries/tpch/tpch-queries/q04/v1_materialized.sql,measured,3,1,5,3,0.814,123.502,8,3,5,162298,5,2826192,480928,2,_m;orders;lineitem,255468,0,0,0,0,0,0
2026-08-12T13:29:26Z,C5A1EA64EE534867,18.4,queries/tpch/tpch-queries/q04/v1_materialized.sql,measured,3,2,5,3,0.177,115.889,8,3,5,162298,5,2826192,480928,2,_m;orders;lineitem,255468,0,0,0,0,0,0
2026-08-12T13:29:26Z,C5A1EA64EE534867,18.4,queries/tpch/tpch-queries/q04/v1_materialized.sql,measured,3,3,5,3,0.173,111.570,8,3,5,162298,5,2826192,480928,2,_m;orders;lineitem,255468,0,0,0,0,0,0
2026-08-12T13:29:26Z,C5A1EA64EE534867,18.4,queries/tpch/tpch-queries/q04/v1_materialized.sql,measured,3,4,5,3,0.169,112.409,8,3,5,162298,5,2826192,480928,2,_m;orders;lineitem,255468,0,0,0,0,0,0
2026-08-12T13:29:26Z,C5A1EA64EE534867,18.4,queries/tpch/tpch-queries/q04/v1_materialized.sql,measured,3,5,5,3,0.171,110.158,8,3,5,162298,5,2826192,480928,2,_m;orders;lineitem,255468,0,0,0,0,0,0
2026-08-12T13:29:26Z,C5A1EA64EE534867,18.4,queries/tpch/tpch-queries/q04/v2_in.sql,warmup,1,1,1,3,0.871,124.939,7,2,5,162293,5,2825832,480928,2,orders;lineitem,255468,0,0,0,0,0,0
2026-08-12T13:29:26Z,C5A1EA64EE534867,18.4,queries/tpch/tpch-queries/q04/v2_in.sql,warmup,2,1,1,3,0.771,122.161,7,2,5,162293,5,2825832,480928,2,orders;lineitem,255468,0,0,0,0,0,0
2026-08-12T13:29:27Z,C5A1EA64EE534867,18.4,queries/tpch/tpch-queries/q04/v2_in.sql,measured,1,1,5,3,0.769,121.729,7,2,5,162293,5,2825832,480928,2,orders;lineitem,255468,0,0,0,0,0,0
2026-08-12T13:29:27Z,C5A1EA64EE534867,18.4,queries/tpch/tpch-queries/q04/v2_in.sql,measured,1,2,5,3,0.168,115.976,7,2,5,162293,5,2825832,480928,2,orders;lineitem,255468,0,0,0,0,0,0
2026-08-12T13:29:27Z,C5A1EA64EE534867,18.4,queries/tpch/tpch-queries/q04/v2_in.sql,measured,1,3,5,3,0.166,112.099,7,2,5,162293,5,2825832,480928,2,orders;lineitem,255468,0,0,0,0,0,0
2026-08-12T13:29:27Z,C5A1EA64EE534867,18.4,queries/tpch/tpch-queries/q04/v2_in.sql,measured,1,4,5,3,0.157,109.909,7,2,5,162293,5,2825832,480928,2,orders;lineitem,255468,0,0,0,0,0,0
2026-08-12T13:29:27Z,C5A1EA64EE534867,18.4,queries/tpch/tpch-queries/q04/v2_in.sql,measured,1,5,5,3,0.164,109.170,7,2,5,162293,5,2825832,480928,2,orders;lineitem,255468,0,0,0,0,0,0
2026-08-12T13:29:27Z,C5A1EA64EE534867,18.4,queries/tpch/tpch-queries/q04/v2_in.sql,measured,2,1,5,3,0.767,122.383,7,2,5,162293,5,2825832,480928,2,orders;lineitem,255468,0,0,0,0,0,0
2026-08-12T13:29:27Z,C5A1EA64EE534867,18.4,queries/tpch/tpch-queries/q04/v2_in.sql,measured,2,2,5,3,0.154,118.195,7,2,5,162293,5,2825832,480928,2,orders;lineitem,255468,0,0,0,0,0,0
2026-08-12T13:29:27Z,C5A1EA64EE534867,18.4,queries/tpch/tpch-queries/q04/v2_in.sql,measured,2,3,5,3,0.170,113.839,7,2,5,162293,5,2825832,480928,2,orders;lineitem,255468,0,0,0,0,0,0
2026-08-12T13:29:27Z,C5A1EA64EE534867,18.4,queries/tpch/tpch-queries/q04/v2_in.sql,measured,2,4,5,3,0.164,111.628,7,2,5,162293,5,2825832,480928,2,orders;lineitem,255468,0,0,0,0,0,0
2026-08-12T13:29:27Z,C5A1EA64EE534867,18.4,queries/tpch/tpch-queries/q04/v2_in.sql,measured,2,5,5,3,0.157,110.670,7,2,5,162293,5,2825832,480928,2,orders;lineitem,255468,0,0,0,0,0,0
2026-08-12T13:29:28Z,C5A1EA64EE534867,18.4,queries/tpch/tpch-queries/q04/v2_in.sql,measured,3,1,5,3,0.852,122.208,7,2,5,162293,5,2825832,480928,2,orders;lineitem,255468,0,0,0,0,0,0
2026-08-12T13:29:28Z,C5A1EA64EE534867,18.4,queries/tpch/tpch-queries/q04/v2_in.sql,measured,3,2,5,3,0.160,115.422,7,2,5,162293,5,2825832,480928,2,orders;lineitem,255468,0,0,0,0,0,0
2026-08-12T13:29:28Z,C5A1EA64EE534867,18.4,queries/tpch/tpch-queries/q04/v2_in.sql,measured,3,3,5,3,0.167,113.292,7,2,5,162293,5,2825832,480928,2,orders;lineitem,255468,0,0,0,0,0,0
2026-08-12T13:29:28Z,C5A1EA64EE534867,18.4,queries/tpch/tpch-queries/q04/v2_in.sql,measured,3,4,5,3,0.159,111.616,7,2,5,162293,5,2825832,480928,2,orders;lineitem,255468,0,0,0,0,0,0
2026-08-12T13:29:28Z,C5A1EA64EE534867,18.4,queries/tpch/tpch-queries/q04/v2_in.sql,measured,3,5,5,3,0.164,110.394,7,2,5,162293,5,2825832,480928,2,orders;lineitem,255468,0,0,0,0,0,0
2026-08-12T13:29:28Z,C5A1EA64EE534867,18.4,queries/tpch/tpch-queries/q05/base.sql,warmup,1,1,1,3,1.900,278.141,19,6,5,699121,25,18257548,12,2,customer;nation;region;orders;lineitem;supplier,581537,1536,0,0,0,0,0
2026-08-12T13:29:29Z,C5A1EA64EE534867,18.4,queries/tpch/tpch-queries/q05/base.sql,warmup,2,1,1,3,2.168,272.654,19,6,5,699121,25,18257548,12,2,customer;nation;region;orders;lineitem;supplier,583073,0,0,0,0,0,0
2026-08-12T13:29:30Z,C5A1EA64EE534867,18.4,queries/tpch/tpch-queries/q05/base.sql,measured,1,1,5,3,1.976,272.508,19,6,5,699121,25,18257548,12,2,customer;nation;region;orders;lineitem;supplier,583073,0,0,0,0,0,0
2026-08-12T13:29:30Z,C5A1EA64EE534867,18.4,queries/tpch/tpch-queries/q05/base.sql,measured,1,2,5,3,1.026,260.227,19,6,5,699121,25,18257548,12,2,customer;nation;region;orders;lineitem;supplier,583070,0,0,0,0,0,0
2026-08-12T13:29:30Z,C5A1EA64EE534867,18.4,queries/tpch/tpch-queries/q05/base.sql,measured,1,3,5,3,0.949,257.604,19,6,5,699121,25,18257548,12,2,customer;nation;region;orders;lineitem;supplier,583070,0,0,0,0,0,0
2026-08-12T13:29:30Z,C5A1EA64EE534867,18.4,queries/tpch/tpch-queries/q05/base.sql,measured,1,4,5,3,0.947,253.338,19,6,5,699121,25,18257548,12,2,customer;nation;region;orders;lineitem;supplier,583070,0,0,0,0,0,0
2026-08-12T13:29:30Z,C5A1EA64EE534867,18.4,queries/tpch/tpch-queries/q05/base.sql,measured,1,5,5,3,0.930,254.942,19,6,5,699121,25,18257548,12,2,customer;nation;region;orders;lineitem;supplier,583070,0,0,0,0,0,0
2026-08-12T13:29:31Z,C5A1EA64EE534867,18.4,queries/tpch/tpch-queries/q05/base.sql,measured,2,1,5,3,2.252,268.227,19,6,5,699121,25,18257548,12,2,customer;nation;region;orders;lineitem;supplier,583073,0,0,0,0,0,0
2026-08-12T13:29:31Z,C5A1EA64EE534867,18.4,queries/tpch/tpch-queries/q05/base.sql,measured,2,2,5,3,1.017,253.244,19,6,5,699121,25,18257548,12,2,customer;nation;region;orders;lineitem;supplier,583070,0,0,0,0,0,0
2026-08-12T13:29:31Z,C5A1EA64EE534867,18.4,queries/tpch/tpch-queries/q05/base.sql,measured,2,3,5,3,0.935,249.880,19,6,5,699121,25,18257548,12,2,customer;nation;region;orders;lineitem;supplier,583070,0,0,0,0,0,0
2026-08-12T13:29:31Z,C5A1EA64EE534867,18.4,queries/tpch/tpch-queries/q05/base.sql,measured,2,4,5,3,0.926,250.550,19,6,5,699121,25,18257548,12,2,customer;nation;region;orders;lineitem;supplier,583070,0,0,0,0,0,0
2026-08-12T13:29:31Z,C5A1EA64EE534867,18.4,queries/tpch/tpch-queries/q05/base.sql,measured,2,5,5,3,0.921,245.792,19,6,5,699121,25,18257548,12,2,customer;nation;region;orders;lineitem;supplier,583070,0,0,0,0,0,0
2026-08-12T13:29:33Z,C5A1EA64EE534867,18.4,queries/tpch/tpch-queries/q05/base.sql,measured,3,1,5,3,3.116,282.958,19,6,5,699121,25,18257548,12,2,customer;nation;region;orders;lineitem;supplier,583073,0,0,0,0,0,0
2026-08-12T13:29:33Z,C5A1EA64EE534867,18.4,queries/tpch/tpch-queries/q05/base.sql,measured,3,2,5,3,0.985,254.259,19,6,5,699121,25,18257548,12,2,customer;nation;region;orders;lineitem;supplier,583070,0,0,0,0,0,0
2026-08-12T13:29:33Z,C5A1EA64EE534867,18.4,queries/tpch/tpch-queries/q05/base.sql,measured,3,3,5,3,0.934,249.843,19,6,5,699121,25,18257548,12,2,customer;nation;region;orders;lineitem;supplier,583070,0,0,0,0,0,0
2026-08-12T13:29:33Z,C5A1EA64EE534867,18.4,queries/tpch/tpch-queries/q05/base.sql,measured,3,4,5,3,0.931,249.062,19,6,5,699121,25,18257548,12,2,customer;nation;region;orders;lineitem;supplier,583070,0,0,0,0,0,0
2026-08-12T13:29:33Z,C5A1EA64EE534867,18.4,queries/tpch/tpch-queries/q05/base.sql,measured,3,5,5,3,0.917,248.649,19,6,5,699121,25,18257548,12,2,customer;nation;region;orders;lineitem;supplier,583070,0,0,0,0,0,0
2026-08-12T13:29:33Z,C5A1EA64EE534867,18.4,queries/tpch/tpch-queries/q05/v1_materialized.sql,warmup,1,1,1,3,1.862,262.535,20,7,5,699126,25,18258618,12,2,customer;nation;region;orders;lineitem;supplier;_m,583073,0,0,0,0,0,0
2026-08-12T13:29:33Z,C5A1EA64EE534867,18.4,queries/tpch/tpch-queries/q05/v1_materialized.sql,warmup,2,1,1,3,2.339,269.283,20,7,5,699126,25,18258618,12,2,customer;nation;region;orders;lineitem;supplier;_m,583073,0,0,0,0,0,0
2026-08-12T13:29:35Z,C5A1EA64EE534867,18.4,queries/tpch/tpch-queries/q05/v1_materialized.sql,measured,1,1,5,3,2.220,268.671,20,7,5,699126,25,18258618,12,2,customer;nation;region;orders;lineitem;supplier;_m,583073,0,0,0,0,0,0
2026-08-12T13:29:35Z,C5A1EA64EE534867,18.4,queries/tpch/tpch-queries/q05/v1_materialized.sql,measured,1,2,5,3,1.006,253.227,20,7,5,699126,25,18258618,12,2,customer;nation;region;orders;lineitem;supplier;_m,583070,0,0,0,0,0,0
2026-08-12T13:29:35Z,C5A1EA64EE534867,18.4,queries/tpch/tpch-queries/q05/v1_materialized.sql,measured,1,3,5,3,0.922,250.497,20,7,5,699126,25,18258618,12,2,customer;nation;region;orders;lineitem;supplier;_m,583070,0,0,0,0,0,0
2026-08-12T13:29:35Z,C5A1EA64EE534867,18.4,queries/tpch/tpch-queries/q05/v1_materialized.sql,measured,1,4,5,3,0.953,248.742,20,7,5,699126,25,18258618,12,2,customer;nation;region;orders;lineitem;supplier;_m,583070,0,0,0,0,0,0
2026-08-12T13:29:35Z,C5A1EA64EE534867,18.4,queries/tpch/tpch-queries/q05/v1_materialized.sql,measured,1,5,5,3,0.972,248.293,20,7,5,699126,25,18258618,12,2,customer;nation;region;orders;lineitem;supplier;_m,583070,0,0,0,0,0,0
2026-08-12T13:29:36Z,C5A1EA64EE534867,18.4,queries/tpch/tpch-queries/q05/v1_materialized.sql,measured,2,1,5,3,2.272,270.857,20,7,5,699126,25,18258618,12,2,customer;nation;region;orders;lineitem;supplier;_m,583073,0,0,0,0,0,0
2026-08-12T13:29:36Z,C5A1EA64EE534867,18.4,queries/tpch/tpch-queries/q05/v1_materialized.sql,measured,2,2,5,3,1.000,252.167,20,7,5,699126,25,18258618,12,2,customer;nation;region;orders;lineitem;supplier;_m,583070,0,0,0,0,0,0
2026-08-12T13:29:36Z,C5A1EA64EE534867,18.4,queries/tpch/tpch-queries/q05/v1_materialized.sql,measured,2,3,5,3,0.952,249.004,20,7,5,699126,25,18258618,12,2,customer;nation;region;orders;lineitem;supplier;_m,583070,0,0,0,0,0,0
2026-08-12T13:29:36Z,C5A1EA64EE534867,18.4,queries/tpch/tpch-queries/q05/v1_materialized.sql,measured,2,4,5,3,0.950,248.181,20,7,5,699126,25,18258618,12,2,customer;nation;region;orders;lineitem;supplier;_m,583070,0,0,0,0,0,0
2026-08-12T13:29:36Z,C5A1EA64EE534867,18.4,queries/tpch/tpch-queries/q05/v1_materialized.sql,measured,2,5,5,3,0.971,249.650,20,7,5,699126,25,18258618,12,2,customer;nation;region;orders;lineitem;supplier;_m,583070,0,0,0,0,0,0
2026-08-12T13:29:38Z,C5A1EA64EE534867,18.4,queries/tpch/tpch-queries/q05/v1_materialized.sql,measured,3,1,5,3,1.868,263.983,20,7,5,699126,25,18258618,12,2,customer;nation;region;orders;lineitem;supplier;_m,583073,0,0,0,0,0,0
2026-08-12T13:29:38Z,C5A1EA64EE534867,18.4,queries/tpch/tpch-queries/q05/v1_materialized.sql,measured,3,2,5,3,1.004,250.544,20,7,5,699126,25,18258618,12,2,customer;nation;region;orders;lineitem;supplier;_m,583070,0,0,0,0,0,0
2026-08-12T13:29:38Z,C5A1EA64EE534867,18.4,queries/tpch/tpch-queries/q05/v1_materialized.sql,measured,3,3,5,3,0.930,247.409,20,7,5,699126,25,18258618,12,2,customer;nation;region;orders;lineitem;supplier;_m,583070,0,0,0,0,0,0
2026-08-12T13:29:38Z,C5A1EA64EE534867,18.4,queries/tpch/tpch-queries/q05/v1_materialized.sql,measured,3,4,5,3,0.927,247.487,20,7,5,699126,25,18258618,12,2,customer;nation;region;orders;lineitem;supplier;_m,583070,0,0,0,0,0,0
2026-08-12T13:29:38Z,C5A1EA64EE534867,18.4,queries/tpch/tpch-queries/q05/v1_materialized.sql,measured,3,5,5,3,0.936,246.588,20,7,5,699126,25,18258618,12,2,customer;nation;region;orders;lineitem;supplier;_m,583070,0,0,0,0,0,0
2026-08-12T13:29:38Z,C5A1EA64EE534867,18.4,queries/tpch/tpch-queries/q06/base.sql,warmup,1,1,1,3,0.441,306.436,4,1,1,114166,1,1370132,1962352,2,lineitem,112600,0,0,0,0,0,0
2026-08-12T13:29:38Z,C5A1EA64EE534867,18.4,queries/tpch/tpch-queries/q06/base.sql,warmup,2,1,1,3,0.391,303.875,4,1,1,114166,1,1370132,1962352,2,lineitem,112600,0,0,0,0,0,0
2026-08-12T13:29:40Z,C5A1EA64EE534867,18.4,queries/tpch/tpch-queries/q06/base.sql,measured,1,1,5,3,0.488,306.709,4,1,1,114166,1,1370132,1962352,2,lineitem,112600,0,0,0,0,0,0
2026-08-12T13:29:40Z,C5A1EA64EE534867,18.4,queries/tpch/tpch-queries/q06/base.sql,measured,1,2,5,3,0.100,278.489,4,1,1,114166,1,1370132,1962352,2,lineitem,112600,0,0,0,0,0,0
2026-08-12T13:29:40Z,C5A1EA64EE534867,18.4,queries/tpch/tpch-queries/q06/base.sql,measured,1,3,5,3,0.082,276.707,4,1,1,114166,1,1370132,1962352,2,lineitem,112600,0,0,0,0,0,0
2026-08-12T13:29:40Z,C5A1EA64EE534867,18.4,queries/tpch/tpch-queries/q06/base.sql,measured,1,4,5,3,0.068,276.158,4,1,1,114166,1,1370132,1962352,2,lineitem,112600,0,0,0,0,0,0
2026-08-12T13:29:40Z,C5A1EA64EE534867,18.4,queries/tpch/tpch-queries/q06/base.sql,measured,1,5,5,3,0.069,277.021,4,1,1,114166,1,1370132,1962352,2,lineitem,112600,0,0,0,0,0,0
2026-08-12T13:29:41Z,C5A1EA64EE534867,18.4,queries/tpch/tpch-queries/q06/base.sql,measured,2,1,5,3,0.538,318.948,4,1,1,114166,1,1370132,1962352,2,lineitem,112600,0,0,0,0,0,0
2026-08-12T13:29:41Z,C5A1EA64EE534867,18.4,queries/tpch/tpch-queries/q06/base.sql,measured,2,2,5,3,0.068,278.141,4,1,1,114166,1,1370132,1962352,2,lineitem,112600,0,0,0,0,0,0
2026-08-12T13:29:41Z,C5A1EA64EE534867,18.4,queries/tpch/tpch-queries/q06/base.sql,measured,2,3,5,3,0.069,276.880,4,1,1,114166,1,1370132,1962352,2,lineitem,112600,0,0,0,0,0,0
2026-08-12T13:29:41Z,C5A1EA64EE534867,18.4,queries/tpch/tpch-queries/q06/base.sql,measured,2,4,5,3,0.068,275.821,4,1,1,114166,1,1370132,1962352,2,lineitem,112600,0,0,0,0,0,0
2026-08-12T13:29:41Z,C5A1EA64EE534867,18.4,queries/tpch/tpch-queries/q06/base.sql,measured,2,5,5,3,0.068,274.478,4,1,1,114166,1,1370132,1962352,2,lineitem,112600,0,0,0,0,0,0
2026-08-12T13:29:43Z,C5A1EA64EE534867,18.4,queries/tpch/tpch-queries/q06/base.sql,measured,3,1,5,3,0.408,304.353,4,1,1,114166,1,1370132,1962352,2,lineitem,112600,0,0,0,0,0,0
2026-08-12T13:29:43Z,C5A1EA64EE534867,18.4,queries/tpch/tpch-queries/q06/base.sql,measured,3,2,5,3,0.068,280.459,4,1,1,114166,1,1370132,1962352,2,lineitem,112600,0,0,0,0,0,0
2026-08-12T13:29:43Z,C5A1EA64EE534867,18.4,queries/tpch/tpch-queries/q06/base.sql,measured,3,3,5,3,0.068,276.083,4,1,1,114166,1,1370132,1962352,2,lineitem,112600,0,0,0,0,0,0
2026-08-12T13:29:43Z,C5A1EA64EE534867,18.4,queries/tpch/tpch-queries/q06/base.sql,measured,3,4,5,3,0.068,275.781,4,1,1,114166,1,1370132,1962352,2,lineitem,112600,0,0,0,0,0,0
2026-08-12T13:29:43Z,C5A1EA64EE534867,18.4,queries/tpch/tpch-queries/q06/base.sql,measured,3,5,5,3,0.077,276.244,4,1,1,114166,1,1370132,1962352,2,lineitem,112600,0,0,0,0,0,0
2026-08-12T13:29:43Z,C5A1EA64EE534867,18.4,queries/tpch/tpch-queries/q06/v1_materialized.sql,warmup,1,1,1,3,0.401,300.060,5,2,1,114167,1,1370164,1962352,2,_m;lineitem,112600,0,0,0,0,0,0
2026-08-12T13:29:44Z,C5A1EA64EE534867,18.4,queries/tpch/tpch-queries/q06/v1_materialized.sql,warmup,2,1,1,3,0.391,303.531,5,2,1,114167,1,1370164,1962352,2,_m;lineitem,112600,0,0,0,0,0,0
2026-08-12T13:29:45Z,C5A1EA64EE534867,18.4,queries/tpch/tpch-queries/q06/v1_materialized.sql,measured,1,1,5,3,0.506,305.144,5,2,1,114167,1,1370164,1962352,2,_m;lineitem,112600,0,0,0,0,0,0
2026-08-12T13:29:45Z,C5A1EA64EE534867,18.4,queries/tpch/tpch-queries/q06/v1_materialized.sql,measured,1,2,5,3,0.080,279.722,5,2,1,114167,1,1370164,1962352,2,_m;lineitem,112600,0,0,0,0,0,0
2026-08-12T13:29:45Z,C5A1EA64EE534867,18.4,queries/tpch/tpch-queries/q06/v1_materialized.sql,measured,1,3,5,3,0.078,276.218,5,2,1,114167,1,1370164,1962352,2,_m;lineitem,112600,0,0,0,0,0,0
2026-08-12T13:29:45Z,C5A1EA64EE534867,18.4,queries/tpch/tpch-queries/q06/v1_materialized.sql,measured,1,4,5,3,0.080,275.575,5,2,1,114167,1,1370164,1962352,2,_m;lineitem,112600,0,0,0,0,0,0
2026-08-12T13:29:45Z,C5A1EA64EE534867,18.4,queries/tpch/tpch-queries/q06/v1_materialized.sql,measured,1,5,5,3,0.080,276.423,5,2,1,114167,1,1370164,1962352,2,_m;lineitem,112600,0,0,0,0,0,0
2026-08-12T13:29:47Z,C5A1EA64EE534867,18.4,queries/tpch/tpch-queries/q06/v1_materialized.sql,measured,2,1,5,3,0.407,304.530,5,2,1,114167,1,1370164,1962352,2,_m;lineitem,112600,0,0,0,0,0,0
2026-08-12T13:29:47Z,C5A1EA64EE534867,18.4,queries/tpch/tpch-queries/q06/v1_materialized.sql,measured,2,2,5,3,0.086,277.923,5,2,1,114167,1,1370164,1962352,2,_m;lineitem,112600,0,0,0,0,0,0
2026-08-12T13:29:47Z,C5A1EA64EE534867,18.4,queries/tpch/tpch-queries/q06/v1_materialized.sql,measured,2,3,5,3,0.080,278.333,5,2,1,114167,1,1370164,1962352,2,_m;lineitem,112600,0,0,0,0,0,0
2026-08-12T13:29:47Z,C5A1EA64EE534867,18.4,queries/tpch/tpch-queries/q06/v1_materialized.sql,measured,2,4,5,3,0.079,277.351,5,2,1,114167,1,1370164,1962352,2,_m;lineitem,112600,0,0,0,0,0,0
2026-08-12T13:29:47Z,C5A1EA64EE534867,18.4,queries/tpch/tpch-queries/q06/v1_materialized.sql,measured,2,5,5,3,0.080,276.392,5,2,1,114167,1,1370164,1962352,2,_m;lineitem,112600,0,0,0,0,0,0
2026-08-12T13:29:48Z,C5A1EA64EE534867,18.4,queries/tpch/tpch-queries/q06/v1_materialized.sql,measured,3,1,5,3,0.515,300.677,5,2,1,114167,1,1370164,1962352,2,_m;lineitem,112600,0,0,0,0,0,0
2026-08-12T13:29:48Z,C5A1EA64EE534867,18.4,queries/tpch/tpch-queries/q06/v1_materialized.sql,measured,3,2,5,3,0.078,282.220,5,2,1,114167,1,1370164,1962352,2,_m;lineitem,112600,0,0,0,0,0,0
2026-08-12T13:29:48Z,C5A1EA64EE534867,18.4,queries/tpch/tpch-queries/q06/v1_materialized.sql,measured,3,3,5,3,0.079,279.976,5,2,1,114167,1,1370164,1962352,2,_m;lineitem,112600,0,0,0,0,0,0
2026-08-12T13:29:48Z,C5A1EA64EE534867,18.4,queries/tpch/tpch-queries/q06/v1_materialized.sql,measured,3,4,5,3,0.080,281.451,5,2,1,114167,1,1370164,1962352,2,_m;lineitem,112600,0,0,0,0,0,0
2026-08-12T13:29:48Z,C5A1EA64EE534867,18.4,queries/tpch/tpch-queries/q06/v1_materialized.sql,measured,3,5,5,3,0.080,282.566,5,2,1,114167,1,1370164,1962352,2,_m;lineitem,112600,0,0,0,0,0,0
2026-08-12T13:29:49Z,C5A1EA64EE534867,18.4,queries/tpch/tpch-queries/q07/base.sql,warmup,1,1,1,3,2.229,337.387,17,6,4,725685,6124,17987766,49,2,customer;nation;orders;lineitem;supplier,653771,0,0,0,0,0,0
2026-08-12T13:29:49Z,C5A1EA64EE534867,18.4,queries/tpch/tpch-queries/q07/base.sql,warmup,2,1,1,3,1.718,318.210,17,6,4,725685,6124,17987766,49,2,customer;nation;orders;lineitem;supplier,653771,0,0,0,0,0,0
2026-08-12T13:29:51Z,C5A1EA64EE534867,18.4,queries/tpch/tpch-queries/q07/base.sql,measured,1,1,5,3,1.504,318.819,17,6,4,725685,6124,17987766,49,2,customer;nation;orders;lineitem;supplier,653771,0,0,0,0,0,0
2026-08-12T13:29:51Z,C5A1EA64EE534867,18.4,queries/tpch/tpch-queries/q07/base.sql,measured,1,2,5,3,0.661,297.142,17,6,4,725685,6124,17987766,49,2,customer;nation;orders;lineitem;supplier,653771,0,0,0,0,0,0
2026-08-12T13:29:51Z,C5A1EA64EE534867,18.4,queries/tpch/tpch-queries/q07/base.sql,measured,1,3,5,3,0.624,301.972,17,6,4,725685,6124,17987766,49,2,customer;nation;orders;lineitem;supplier,653771,0,0,0,0,0,0
2026-08-12T13:29:51Z,C5A1EA64EE534867,18.4,queries/tpch/tpch-queries/q07/base.sql,measured,1,4,5,3,0.616,294.785,17,6,4,725685,6124,17987766,49,2,customer;nation;orders;lineitem;supplier,653771,0,0,0,0,0,0
2026-08-12T13:29:51Z,C5A1EA64EE534867,18.4,queries/tpch/tpch-queries/q07/base.sql,measured,1,5,5,3,0.626,294.382,17,6,4,725685,6124,17987766,49,2,customer;nation;orders;lineitem;supplier,653771,0,0,0,0,0,0
2026-08-12T13:29:52Z,C5A1EA64EE534867,18.4,queries/tpch/tpch-queries/q07/base.sql,measured,2,1,5,3,1.487,312.586,17,6,4,725685,6124,17987766,49,2,customer;nation;orders;lineitem;supplier,653771,0,0,0,0,0,0
2026-08-12T13:29:52Z,C5A1EA64EE534867,18.4,queries/tpch/tpch-queries/q07/base.sql,measured,2,2,5,3,0.634,294.370,17,6,4,725685,6124,17987766,49,2,customer;nation;orders;lineitem;supplier,653771,0,0,0,0,0,0
2026-08-12T13:29:52Z,C5A1EA64EE534867,18.4,queries/tpch/tpch-queries/q07/base.sql,measured,2,3,5,3,0.608,293.574,17,6,4,725685,6124,17987766,49,2,customer;nation;orders;lineitem;supplier,653771,0,0,0,0,0,0
2026-08-12T13:29:52Z,C5A1EA64EE534867,18.4,queries/tpch/tpch-queries/q07/base.sql,measured,2,4,5,3,0.603,291.760,17,6,4,725685,6124,17987766,49,2,customer;nation;orders;lineitem;supplier,653771,0,0,0,0,0,0
2026-08-12T13:29:52Z,C5A1EA64EE534867,18.4,queries/tpch/tpch-queries/q07/base.sql,measured,2,5,5,3,0.606,293.524,17,6,4,725685,6124,17987766,49,2,customer;nation;orders;lineitem;supplier,653771,0,0,0,0,0,0
2026-08-12T13:29:54Z,C5A1EA64EE534867,18.4,queries/tpch/tpch-queries/q07/base.sql,measured,3,1,5,3,1.781,308.704,17,6,4,725685,6124,17987766,49,2,customer;nation;orders;lineitem;supplier,653771,0,0,0,0,0,0
2026-08-12T13:29:54Z,C5A1EA64EE534867,18.4,queries/tpch/tpch-queries/q07/base.sql,measured,3,2,5,3,0.629,295.931,17,6,4,725685,6124,17987766,49,2,customer;nation;orders;lineitem;supplier,653771,0,0,0,0,0,0
2026-08-12T13:29:54Z,C5A1EA64EE534867,18.4,queries/tpch/tpch-queries/q07/base.sql,measured,3,3,5,3,0.629,296.445,17,6,4,725685,6124,17987766,49,2,customer;nation;orders;lineitem;supplier,653771,0,0,0,0,0,0
2026-08-12T13:29:54Z,C5A1EA64EE534867,18.4,queries/tpch/tpch-queries/q07/base.sql,measured,3,4,5,3,0.625,294.361,17,6,4,725685,6124,17987766,49,2,customer;nation;orders;lineitem;supplier,653771,0,0,0,0,0,0
2026-08-12T13:29:54Z,C5A1EA64EE534867,18.4,queries/tpch/tpch-queries/q07/base.sql,measured,3,5,5,3,0.621,296.487,17,6,4,725685,6124,17987766,49,2,customer;nation;orders;lineitem;supplier,653771,0,0,0,0,0,0
2026-08-12T13:29:54Z,C5A1EA64EE534867,18.4,queries/tpch/tpch-queries/q07/v1_materialized.sql,warmup,1,1,1,3,1.735,316.629,18,7,4,725689,6124,17988854,49,2,_m;customer;nation;orders;lineitem;supplier,653771,0,0,0,0,0,0
2026-08-12T13:29:55Z,C5A1EA64EE534867,18.4,queries/tpch/tpch-queries/q07/v1_materialized.sql,warmup,2,1,1,3,1.538,313.980,18,7,4,725689,6124,17988854,49,2,_m;customer;nation;orders;lineitem;supplier,653771,0,0,0,0,0,0
2026-08-12T13:29:56Z,C5A1EA64EE534867,18.4,queries/tpch/tpch-queries/q07/v1_materialized.sql,measured,1,1,5,3,1.657,313.386,18,7,4,725689,6124,17988854,49,2,_m;customer;nation;orders;lineitem;supplier,653771,0,0,0,0,0,0
2026-08-12T13:29:56Z,C5A1EA64EE534867,18.4,queries/tpch/tpch-queries/q07/v1_materialized.sql,measured,1,2,5,3,0.662,296.152,18,7,4,725689,6124,17988854,49,2,_m;customer;nation;orders;lineitem;supplier,653771,0,0,0,0,0,0
2026-08-12T13:29:56Z,C5A1EA64EE534867,18.4,queries/tpch/tpch-queries/q07/v1_materialized.sql,measured,1,3,5,3,0.645,295.702,18,7,4,725689,6124,17988854,49,2,_m;customer;nation;orders;lineitem;supplier,653771,0,0,0,0,0,0
2026-08-12T13:29:56Z,C5A1EA64EE534867,18.4,queries/tpch/tpch-queries/q07/v1_materialized.sql,measured,1,4,5,3,0.633,292.661,18,7,4,725689,6124,17988854,49,2,_m;customer;nation;orders;lineitem;supplier,653771,0,0,0,0,0,0
2026-08-12T13:29:56Z,C5A1EA64EE534867,18.4,queries/tpch/tpch-queries/q07/v1_materialized.sql,measured,1,5,5,3,0.662,295.942,18,7,4,725689,6124,17988854,49,2,_m;customer;nation;orders;lineitem;supplier,653771,0,0,0,0,0,0
2026-08-12T13:29:58Z,C5A1EA64EE534867,18.4,queries/tpch/tpch-queries/q07/v1_materialized.sql,measured,2,1,5,3,1.558,312.147,18,7,4,725689,6124,17988854,49,2,_m;customer;nation;orders;lineitem;supplier,653771,0,0,0,0,0,0
2026-08-12T13:29:58Z,C5A1EA64EE534867,18.4,queries/tpch/tpch-queries/q07/v1_materialized.sql,measured,2,2,5,3,0.665,292.084,18,7,4,725689,6124,17988854,49,2,_m;customer;nation;orders;lineitem;supplier,653771,0,0,0,0,0,0
2026-08-12T13:29:58Z,C5A1EA64EE534867,18.4,queries/tpch/tpch-queries/q07/v1_materialized.sql,measured,2,3,5,3,0.616,292.787,18,7,4,725689,6124,17988854,49,2,_m;customer;nation;orders;lineitem;supplier,653771,0,0,0,0,0,0
2026-08-12T13:29:58Z,C5A1EA64EE534867,18.4,queries/tpch/tpch-queries/q07/v1_materialized.sql,measured,2,4,5,3,0.619,291.606,18,7,4,725689,6124,17988854,49,2,_m;customer;nation;orders;lineitem;supplier,653771,0,0,0,0,0,0
2026-08-12T13:29:58Z,C5A1EA64EE534867,18.4,queries/tpch/tpch-queries/q07/v1_materialized.sql,measured,2,5,5,3,0.639,293.098,18,7,4,725689,6124,17988854,49,2,_m;customer;nation;orders;lineitem;supplier,653771,0,0,0,0,0,0
2026-08-12T13:29:59Z,C5A1EA64EE534867,18.4,queries/tpch/tpch-queries/q07/v1_materialized.sql,measured,3,1,5,3,1.556,311.399,18,7,4,725689,6124,17988854,49,2,_m;customer;nation;orders;lineitem;supplier,653771,0,0,0,0,0,0
2026-08-12T13:29:59Z,C5A1EA64EE534867,18.4,queries/tpch/tpch-queries/q07/v1_materialized.sql,measured,3,2,5,3,0.662,297.964,18,7,4,725689,6124,17988854,49,2,_m;customer;nation;orders;lineitem;supplier,653771,0,0,0,0,0,0
2026-08-12T13:29:59Z,C5A1EA64EE534867,18.4,queries/tpch/tpch-queries/q07/v1_materialized.sql,measured,3,3,5,3,0.644,291.828,18,7,4,725689,6124,17988854,49,2,_m;customer;nation;orders;lineitem;supplier,653771,0,0,0,0,0,0
2026-08-12T13:29:59Z,C5A1EA64EE534867,18.4,queries/tpch/tpch-queries/q07/v1_materialized.sql,measured,3,4,5,3,0.617,292.137,18,7,4,725689,6124,17988854,49,2,_m;customer;nation;orders;lineitem;supplier,653771,0,0,0,0,0,0
2026-08-12T13:29:59Z,C5A1EA64EE534867,18.4,queries/tpch/tpch-queries/q07/v1_materialized.sql,measured,3,5,5,3,0.644,291.911,18,7,4,725689,6124,17988854,49,2,_m;customer;nation;orders;lineitem;supplier,653771,0,0,0,0,0,0
2026-08-12T13:30:00Z,C5A1EA64EE534867,18.4,queries/tpch/tpch-queries/q07/v2_union_all.sql,warmup,1,1,1,3,1.697,315.318,33,12,4,894910,589,19681370,102,2,customer;nation;orders;lineitem;supplier,657821,0,0,0,0,0,0
2026-08-12T13:30:00Z,C5A1EA64EE534867,18.4,queries/tpch/tpch-queries/q07/v2_union_all.sql,warmup,2,1,1,3,2.300,327.758,33,12,4,894910,589,19681370,102,2,customer;nation;orders;lineitem;supplier,657821,0,0,0,0,0,0
2026-08-12T13:30:02Z,C5A1EA64EE534867,18.4,queries/tpch/tpch-queries/q07/v2_union_all.sql,measured,1,1,5,3,1.714,315.882,33,12,4,894910,589,19681370,102,2,customer;nation;orders;lineitem;supplier,657821,0,0,0,0,0,0
2026-08-12T13:30:02Z,C5A1EA64EE534867,18.4,queries/tpch/tpch-queries/q07/v2_union_all.sql,measured,1,2,5,3,0.803,296.825,33,12,4,894910,589,19681370,102,2,customer;nation;orders;lineitem;supplier,657821,0,0,0,0,0,0
2026-08-12T13:30:02Z,C5A1EA64EE534867,18.4,queries/tpch/tpch-queries/q07/v2_union_all.sql,measured,1,3,5,3,0.727,296.805,33,12,4,894910,589,19681370,102,2,customer;nation;orders;lineitem;supplier,657821,0,0,0,0,0,0
2026-08-12T13:30:02Z,C5A1EA64EE534867,18.4,queries/tpch/tpch-queries/q07/v2_union_all.sql,measured,1,4,5,3,0.747,297.415,33,12,4,894910,589,19681370,102,2,customer;nation;orders;lineitem;supplier,657821,0,0,0,0,0,0
2026-08-12T13:30:02Z,C5A1EA64EE534867,18.4,queries/tpch/tpch-queries/q07/v2_union_all.sql,measured,1,5,5,3,0.744,295.550,33,12,4,894910,589,19681370,102,2,customer;nation;orders;lineitem;supplier,657821,0,0,0,0,0,0
2026-08-12T13:30:03Z,C5A1EA64EE534867,18.4,queries/tpch/tpch-queries/q07/v2_union_all.sql,measured,2,1,5,3,2.169,321.203,33,12,4,894910,589,19681370,102,2,customer;nation;orders;lineitem;supplier,657821,0,0,0,0,0,0
2026-08-12T13:30:03Z,C5A1EA64EE534867,18.4,queries/tpch/tpch-queries/q07/v2_union_all.sql,measured,2,2,5,3,0.780,297.979,33,12,4,894910,589,19681370,102,2,customer;nation;orders;lineitem;supplier,657821,0,0,0,0,0,0
2026-08-12T13:30:03Z,C5A1EA64EE534867,18.4,queries/tpch/tpch-queries/q07/v2_union_all.sql,measured,2,3,5,3,0.738,295.653,33,12,4,894910,589,19681370,102,2,customer;nation;orders;lineitem;supplier,657821,0,0,0,0,0,0
2026-08-12T13:30:03Z,C5A1EA64EE534867,18.4,queries/tpch/tpch-queries/q07/v2_union_all.sql,measured,2,4,5,3,0.738,295.043,33,12,4,894910,589,19681370,102,2,customer;nation;orders;lineitem;supplier,657821,0,0,0,0,0,0
2026-08-12T13:30:03Z,C5A1EA64EE534867,18.4,queries/tpch/tpch-queries/q07/v2_union_all.sql,measured,2,5,5,3,0.735,295.799,33,12,4,894910,589,19681370,102,2,customer;nation;orders;lineitem;supplier,657821,0,0,0,0,0,0
2026-08-12T13:30:05Z,C5A1EA64EE534867,18.4,queries/tpch/tpch-queries/q07/v2_union_all.sql,measured,3,1,5,3,2.174,316.716,33,12,4,894910,589,19681370,102,2,customer;nation;orders;lineitem;supplier,657821,0,0,0,0,0,0
2026-08-12T13:30:05Z,C5A1EA64EE534867,18.4,queries/tpch/tpch-queries/q07/v2_union_all.sql,measured,3,2,5,3,0.805,302.704,33,12,4,894910,589,19681370,102,2,customer;nation;orders;lineitem;supplier,657821,0,0,0,0,0,0
2026-08-12T13:30:05Z,C5A1EA64EE534867,18.4,queries/tpch/tpch-queries/q07/v2_union_all.sql,measured,3,3,5,3,0.723,297.298,33,12,4,894910,589,19681370,102,2,customer;nation;orders;lineitem;supplier,657821,0,0,0,0,0,0
2026-08-12T13:30:05Z,C5A1EA64EE534867,18.4,queries/tpch/tpch-queries/q07/v2_union_all.sql,measured,3,4,5,3,0.746,295.604,33,12,4,894910,589,19681370,102,2,customer;nation;orders;lineitem;supplier,657821,0,0,0,0,0,0
2026-08-12T13:30:05Z,C5A1EA64EE534867,18.4,queries/tpch/tpch-queries/q07/v2_union_all.sql,measured,3,5,5,3,0.734,297.597,33,12,4,894910,589,19681370,102,2,customer;nation;orders;lineitem;supplier,657821,0,0,0,0,0,0
2026-08-12T13:30:05Z,C5A1EA64EE534867,18.4,queries/tpch/tpch-queries/q08/base.sql,warmup,1,1,1,3,1.709,393.681,23,8,2,1166964,2406,21790242,198560,2,customer;nation;region;orders;lineitem;part;supplier,767161,0,0,0,0,0,0
2026-08-12T13:30:06Z,C5A1EA64EE534867,18.4,queries/tpch/tpch-queries/q08/base.sql,warmup,2,1,1,3,1.893,395.963,23,8,2,1166964,2406,21790242,198560,2,customer;nation;region;orders;lineitem;part;supplier,767161,0,0,0,0,0,0
2026-08-12T13:30:08Z,C5A1EA64EE534867,18.4,queries/tpch/tpch-queries/q08/base.sql,measured,1,1,5,3,1.830,396.961,23,8,2,1166964,2406,21790242,198560,2,customer;nation;region;orders;lineitem;part;supplier,767161,0,0,0,0,0,0
2026-08-12T13:30:08Z,C5A1EA64EE534867,18.4,queries/tpch/tpch-queries/q08/base.sql,measured,1,2,5,3,0.780,359.982,23,8,2,1166964,2406,21790242,198560,2,customer;nation;region;orders;lineitem;part;supplier,767161,0,0,0,0,0,0
2026-08-12T13:30:08Z,C5A1EA64EE534867,18.4,queries/tpch/tpch-queries/q08/base.sql,measured,1,3,5,3,0.766,358.267,23,8,2,1166964,2406,21790242,198560,2,customer;nation;region;orders;lineitem;part;supplier,767161,0,0,0,0,0,0
2026-08-12T13:30:08Z,C5A1EA64EE534867,18.4,queries/tpch/tpch-queries/q08/base.sql,measured,1,4,5,3,0.773,353.011,23,8,2,1166964,2406,21790242,198560,2,customer;nation;region;orders;lineitem;part;supplier,767161,0,0,0,0,0,0
2026-08-12T13:30:08Z,C5A1EA64EE534867,18.4,queries/tpch/tpch-queries/q08/base.sql,measured,1,5,5,3,0.769,355.796,23,8,2,1166964,2406,21790242,198560,2,customer;nation;region;orders;lineitem;part;supplier,767161,0,0,0,0,0,0
2026-08-12T13:30:10Z,C5A1EA64EE534867,18.4,queries/tpch/tpch-queries/q08/base.sql,measured,2,1,5,3,1.702,394.310,23,8,2,1166964,2406,21790242,198560,2,customer;nation;region;orders;lineitem;part;supplier,767161,0,0,0,0,0,0
2026-08-12T13:30:10Z,C5A1EA64EE534867,18.4,queries/tpch/tpch-queries/q08/base.sql,measured,2,2,5,3,0.781,356.598,23,8,2,1166964,2406,21790242,198560,2,customer;nation;region;orders;lineitem;part;supplier,767161,0,0,0,0,0,0
2026-08-12T13:30:10Z,C5A1EA64EE534867,18.4,queries/tpch/tpch-queries/q08/base.sql,measured,2,3,5,3,0.737,354.591,23,8,2,1166964,2406,21790242,198560,2,customer;nation;region;orders;lineitem;part;supplier,767161,0,0,0,0,0,0
2026-08-12T13:30:10Z,C5A1EA64EE534867,18.4,queries/tpch/tpch-queries/q08/base.sql,measured,2,4,5,3,0.744,353.968,23,8,2,1166964,2406,21790242,198560,2,customer;nation;region;orders;lineitem;part;supplier,767161,0,0,0,0,0,0
2026-08-12T13:30:10Z,C5A1EA64EE534867,18.4,queries/tpch/tpch-queries/q08/base.sql,measured,2,5,5,3,0.777,352.079,23,8,2,1166964,2406,21790242,198560,2,customer;nation;region;orders;lineitem;part;supplier,767161,0,0,0,0,0,0
2026-08-12T13:30:12Z,C5A1EA64EE534867,18.4,queries/tpch/tpch-queries/q08/base.sql,measured,3,1,5,3,1.738,392.556,23,8,2,1166964,2406,21790242,198560,2,customer;nation;region;orders;lineitem;part;supplier,767161,0,0,0,0,0,0
2026-08-12T13:30:12Z,C5A1EA64EE534867,18.4,queries/tpch/tpch-queries/q08/base.sql,measured,3,2,5,3,0.776,360.623,23,8,2,1166964,2406,21790242,198560,2,customer;nation;region;orders;lineitem;part;supplier,767161,0,0,0,0,0,0
2026-08-12T13:30:12Z,C5A1EA64EE534867,18.4,queries/tpch/tpch-queries/q08/base.sql,measured,3,3,5,3,0.763,355.024,23,8,2,1166964,2406,21790242,198560,2,customer;nation;region;orders;lineitem;part;supplier,767161,0,0,0,0,0,0
2026-08-12T13:30:12Z,C5A1EA64EE534867,18.4,queries/tpch/tpch-queries/q08/base.sql,measured,3,4,5,3,0.754,358.409,23,8,2,1166964,2406,21790242,198560,2,customer;nation;region;orders;lineitem;part;supplier,767161,0,0,0,0,0,0
2026-08-12T13:30:12Z,C5A1EA64EE534867,18.4,queries/tpch/tpch-queries/q08/base.sql,measured,3,5,5,3,0.769,354.599,23,8,2,1166964,2406,21790242,198560,2,customer;nation;region;orders;lineitem;part;supplier,767161,0,0,0,0,0,0
2026-08-12T13:30:12Z,C5A1EA64EE534867,18.4,queries/tpch/tpch-queries/q08/v1_materialized.sql,warmup,1,1,1,3,1.869,396.360,24,9,2,1166966,2406,21790370,198560,2,_m;customer;nation;region;orders;lineitem;part;supplier,767161,0,0,0,0,0,0
2026-08-12T13:30:13Z,C5A1EA64EE534867,18.4,queries/tpch/tpch-queries/q08/v1_materialized.sql,warmup,2,1,1,3,1.726,395.123,24,9,2,1166966,2406,21790370,198560,2,_m;customer;nation;region;orders;lineitem;part;supplier,767161,0,0,0,0,0,0
2026-08-12T13:30:15Z,C5A1EA64EE534867,18.4,queries/tpch/tpch-queries/q08/v1_materialized.sql,measured,1,1,5,3,1.736,395.748,24,9,2,1166966,2406,21790370,198560,2,_m;customer;nation;region;orders;lineitem;part;supplier,767161,0,0,0,0,0,0
2026-08-12T13:30:15Z,C5A1EA64EE534867,18.4,queries/tpch/tpch-queries/q08/v1_materialized.sql,measured,1,2,5,3,0.885,380.313,24,9,2,1166966,2406,21790370,198560,2,_m;customer;nation;region;orders;lineitem;part;supplier,767161,0,0,0,0,0,0
2026-08-12T13:30:15Z,C5A1EA64EE534867,18.4,queries/tpch/tpch-queries/q08/v1_materialized.sql,measured,1,3,5,3,0.798,359.971,24,9,2,1166966,2406,21790370,198560,2,_m;customer;nation;region;orders;lineitem;part;supplier,767161,0,0,0,0,0,0
2026-08-12T13:30:15Z,C5A1EA64EE534867,18.4,queries/tpch/tpch-queries/q08/v1_materialized.sql,measured,1,4,5,3,0.792,359.314,24,9,2,1166966,2406,21790370,198560,2,_m;customer;nation;region;orders;lineitem;part;supplier,767161,0,0,0,0,0,0
2026-08-12T13:30:15Z,C5A1EA64EE534867,18.4,queries/tpch/tpch-queries/q08/v1_materialized.sql,measured,1,5,5,3,0.793,363.295,24,9,2,1166966,2406,21790370,198560,2,_m;customer;nation;region;orders;lineitem;part;supplier,767161,0,0,0,0,0,0
2026-08-12T13:30:16Z,C5A1EA64EE534867,18.4,queries/tpch/tpch-queries/q08/v1_materialized.sql,measured,2,1,5,3,1.892,396.235,24,9,2,1166966,2406,21790370,198560,2,_m;customer;nation;region;orders;lineitem;part;supplier,767161,0,0,0,0,0,0
2026-08-12T13:30:16Z,C5A1EA64EE534867,18.4,queries/tpch/tpch-queries/q08/v1_materialized.sql,measured,2,2,5,3,0.800,359.542,24,9,2,1166966,2406,21790370,198560,2,_m;customer;nation;region;orders;lineitem;part;supplier,767161,0,0,0,0,0,0
2026-08-12T13:30:16Z,C5A1EA64EE534867,18.4,queries/tpch/tpch-queries/q08/v1_materialized.sql,measured,2,3,5,3,0.797,356.643,24,9,2,1166966,2406,21790370,198560,2,_m;customer;nation;region;orders;lineitem;part;supplier,767161,0,0,0,0,0,0
2026-08-12T13:30:16Z,C5A1EA64EE534867,18.4,queries/tpch/tpch-queries/q08/v1_materialized.sql,measured,2,4,5,3,0.793,357.470,24,9,2,1166966,2406,21790370,198560,2,_m;customer;nation;region;orders;lineitem;part;supplier,767161,0,0,0,0,0,0
2026-08-12T13:30:16Z,C5A1EA64EE534867,18.4,queries/tpch/tpch-queries/q08/v1_materialized.sql,measured,2,5,5,3,0.790,359.711,24,9,2,1166966,2406,21790370,198560,2,_m;customer;nation;region;orders;lineitem;part;supplier,767161,0,0,0,0,0,0
2026-08-12T13:30:18Z,C5A1EA64EE534867,18.4,queries/tpch/tpch-queries/q08/v1_materialized.sql,measured,3,1,5,3,1.729,390.903,24,9,2,1166966,2406,21790370,198560,2,_m;customer;nation;region;orders;lineitem;part;supplier,767161,0,0,0,0,0,0
2026-08-12T13:30:18Z,C5A1EA64EE534867,18.4,queries/tpch/tpch-queries/q08/v1_materialized.sql,measured,3,2,5,3,0.802,356.515,24,9,2,1166966,2406,21790370,198560,2,_m;customer;nation;region;orders;lineitem;part;supplier,767161,0,0,0,0,0,0
2026-08-12T13:30:18Z,C5A1EA64EE534867,18.4,queries/tpch/tpch-queries/q08/v1_materialized.sql,measured,3,3,5,3,0.794,355.950,24,9,2,1166966,2406,21790370,198560,2,_m;customer;nation;region;orders;lineitem;part;supplier,767161,0,0,0,0,0,0
2026-08-12T13:30:18Z,C5A1EA64EE534867,18.4,queries/tpch/tpch-queries/q08/v1_materialized.sql,measured,3,4,5,3,0.799,357.942,24,9,2,1166966,2406,21790370,198560,2,_m;customer;nation;region;orders;lineitem;part;supplier,767161,0,0,0,0,0,0
2026-08-12T13:30:18Z,C5A1EA64EE534867,18.4,queries/tpch/tpch-queries/q08/v1_materialized.sql,measured,3,5,5,3,0.779,353.565,24,9,2,1166966,2406,21790370,198560,2,_m;customer;nation;region;orders;lineitem;part;supplier,767161,0,0,0,0,0,0
2026-08-12T13:30:19Z,C5A1EA64EE534867,18.4,queries/tpch/tpch-queries/q08/v2_filter.sql,warmup,1,1,1,3,1.912,390.141,23,8,2,1166964,2406,21790242,198560,2,customer;nation;region;orders;lineitem;part;supplier,767161,0,0,0,0,0,0
2026-08-12T13:30:19Z,C5A1EA64EE534867,18.4,queries/tpch/tpch-queries/q08/v2_filter.sql,warmup,2,1,1,3,1.798,395.141,23,8,2,1166964,2406,21790242,198560,2,customer;nation;region;orders;lineitem;part;supplier,767161,0,0,0,0,0,0
2026-08-12T13:30:21Z,C5A1EA64EE534867,18.4,queries/tpch/tpch-queries/q08/v2_filter.sql,measured,1,1,5,3,1.681,394.358,23,8,2,1166964,2406,21790242,198560,2,customer;nation;region;orders;lineitem;part;supplier,767161,0,0,0,0,0,0
2026-08-12T13:30:21Z,C5A1EA64EE534867,18.4,queries/tpch/tpch-queries/q08/v2_filter.sql,measured,1,2,5,3,0.776,361.291,23,8,2,1166964,2406,21790242,198560,2,customer;nation;region;orders;lineitem;part;supplier,767161,0,0,0,0,0,0
2026-08-12T13:30:21Z,C5A1EA64EE534867,18.4,queries/tpch/tpch-queries/q08/v2_filter.sql,measured,1,3,5,3,0.768,356.297,23,8,2,1166964,2406,21790242,198560,2,customer;nation;region;orders;lineitem;part;supplier,767161,0,0,0,0,0,0
2026-08-12T13:30:21Z,C5A1EA64EE534867,18.4,queries/tpch/tpch-queries/q08/v2_filter.sql,measured,1,4,5,3,0.768,353.131,23,8,2,1166964,2406,21790242,198560,2,customer;nation;region;orders;lineitem;part;supplier,767161,0,0,0,0,0,0
2026-08-12T13:30:21Z,C5A1EA64EE534867,18.4,queries/tpch/tpch-queries/q08/v2_filter.sql,measured,1,5,5,3,0.749,356.303,23,8,2,1166964,2406,21790242,198560,2,customer;nation;region;orders;lineitem;part;supplier,767161,0,0,0,0,0,0
2026-08-12T13:30:23Z,C5A1EA64EE534867,18.4,queries/tpch/tpch-queries/q08/v2_filter.sql,measured,2,1,5,3,1.820,395.231,23,8,2,1166964,2406,21790242,198560,2,customer;nation;region;orders;lineitem;part;supplier,767161,0,0,0,0,0,0
2026-08-12T13:30:23Z,C5A1EA64EE534867,18.4,queries/tpch/tpch-queries/q08/v2_filter.sql,measured,2,2,5,3,0.771,359.859,23,8,2,1166964,2406,21790242,198560,2,customer;nation;region;orders;lineitem;part;supplier,767161,0,0,0,0,0,0
2026-08-12T13:30:23Z,C5A1EA64EE534867,18.4,queries/tpch/tpch-queries/q08/v2_filter.sql,measured,2,3,5,3,0.767,358.005,23,8,2,1166964,2406,21790242,198560,2,customer;nation;region;orders;lineitem;part;supplier,767161,0,0,0,0,0,0
2026-08-12T13:30:23Z,C5A1EA64EE534867,18.4,queries/tpch/tpch-queries/q08/v2_filter.sql,measured,2,4,5,3,0.762,356.525,23,8,2,1166964,2406,21790242,198560,2,customer;nation;region;orders;lineitem;part;supplier,767161,0,0,0,0,0,0
2026-08-12T13:30:23Z,C5A1EA64EE534867,18.4,queries/tpch/tpch-queries/q08/v2_filter.sql,measured,2,5,5,3,0.764,356.497,23,8,2,1166964,2406,21790242,198560,2,customer;nation;region;orders;lineitem;part;supplier,767161,0,0,0,0,0,0
2026-08-12T13:30:25Z,C5A1EA64EE534867,18.4,queries/tpch/tpch-queries/q08/v2_filter.sql,measured,3,1,5,3,2.106,395.245,23,8,2,1166964,2406,21790242,198560,2,customer;nation;region;orders;lineitem;part;supplier,767161,0,0,0,0,0,0
2026-08-12T13:30:25Z,C5A1EA64EE534867,18.4,queries/tpch/tpch-queries/q08/v2_filter.sql,measured,3,2,5,3,0.771,354.547,23,8,2,1166964,2406,21790242,198560,2,customer;nation;region;orders;lineitem;part;supplier,767161,0,0,0,0,0,0
2026-08-12T13:30:25Z,C5A1EA64EE534867,18.4,queries/tpch/tpch-queries/q08/v2_filter.sql,measured,3,3,5,3,0.773,357.052,23,8,2,1166964,2406,21790242,198560,2,customer;nation;region;orders;lineitem;part;supplier,767161,0,0,0,0,0,0
2026-08-12T13:30:25Z,C5A1EA64EE534867,18.4,queries/tpch/tpch-queries/q08/v2_filter.sql,measured,3,4,5,3,0.766,354.489,23,8,2,1166964,2406,21790242,198560,2,customer;nation;region;orders;lineitem;part;supplier,767161,0,0,0,0,0,0
2026-08-12T13:30:25Z,C5A1EA64EE534867,18.4,queries/tpch/tpch-queries/q08/v2_filter.sql,measured,3,5,5,3,0.770,355.497,23,8,2,1166964,2406,21790242,198560,2,customer;nation;region;orders;lineitem;part;supplier,767161,0,0,0,0,0,0
2026-08-12T13:30:26Z,C5A1EA64EE534867,18.4,queries/tpch/tpch-queries/q09/base.sql,warmup,1,1,1,3,1.750,1164.137,19,6,175,11257498,73,337400301,63112,2,orders;partsupp;lineitem;part;supplier;nation,161124,0,0,0,28270,28363,0
2026-08-12T13:30:28Z,C5A1EA64EE534867,18.4,queries/tpch/tpch-queries/q09/base.sql,warmup,2,1,1,3,1.632,1159.232,19,6,175,11257498,73,337400301,63112,2,orders;partsupp;lineitem;part;supplier;nation,161124,0,0,0,28266,28346,0
2026-08-12T13:30:33Z,C5A1EA64EE534867,18.4,queries/tpch/tpch-queries/q09/base.sql,measured,1,1,5,3,1.616,1159.894,19,6,175,11257498,73,337400301,63112,2,orders;partsupp;lineitem;part;supplier;nation,161124,0,0,0,28266,28343,0
2026-08-12T13:30:33Z,C5A1EA64EE534867,18.4,queries/tpch/tpch-queries/q09/base.sql,measured,1,2,5,3,0.743,1129.728,19,6,175,11257498,73,337400301,63112,2,orders;partsupp;lineitem;part;supplier;nation,161124,0,0,0,28270,28339,0
2026-08-12T13:30:33Z,C5A1EA64EE534867,18.4,queries/tpch/tpch-queries/q09/base.sql,measured,1,3,5,3,0.749,1121.520,19,6,175,11257498,73,337400301,63112,2,orders;partsupp;lineitem;part;supplier;nation,161124,0,0,0,28265,28351,0
2026-08-12T13:30:33Z,C5A1EA64EE534867,18.4,queries/tpch/tpch-queries/q09/base.sql,measured,1,4,5,3,0.750,1126.216,19,6,175,11257498,73,337400301,63112,2,orders;partsupp;lineitem;part;supplier;nation,161124,0,0,0,28268,28343,0
2026-08-12T13:30:33Z,C5A1EA64EE534867,18.4,queries/tpch/tpch-queries/q09/base.sql,measured,1,5,5,3,0.979,1223.191,19,6,175,11257498,73,337400301,63112,2,orders;partsupp;lineitem;part;supplier;nation,161124,0,0,0,28267,28367,0
2026-08-12T13:30:39Z,C5A1EA64EE534867,18.4,queries/tpch/tpch-queries/q09/base.sql,measured,2,1,5,3,1.626,1166.053,19,6,175,11257498,73,337400301,63112,2,orders;partsupp;lineitem;part;supplier;nation,161124,0,0,0,28266,28355,0
2026-08-12T13:30:39Z,C5A1EA64EE534867,18.4,queries/tpch/tpch-queries/q09/base.sql,measured,2,2,5,3,0.750,1141.335,19,6,175,11257498,73,337400301,63112,2,orders;partsupp;lineitem;part;supplier;nation,161124,0,0,0,28266,28344,0
2026-08-12T13:30:39Z,C5A1EA64EE534867,18.4,queries/tpch/tpch-queries/q09/base.sql,measured,2,3,5,3,0.877,1134.135,19,6,175,11257498,73,337400301,63112,2,orders;partsupp;lineitem;part;supplier;nation,161124,0,0,0,28267,28346,0
2026-08-12T13:30:39Z,C5A1EA64EE534867,18.4,queries/tpch/tpch-queries/q09/base.sql,measured,2,4,5,3,0.743,1127.241,19,6,175,11257498,73,337400301,63112,2,orders;partsupp;lineitem;part;supplier;nation,161124,0,0,0,28268,28344,0
2026-08-12T13:30:39Z,C5A1EA64EE534867,18.4,queries/tpch/tpch-queries/q09/base.sql,measured,2,5,5,3,0.735,1141.476,19,6,175,11257498,73,337400301,63112,2,orders;partsupp;lineitem;part;supplier;nation,161124,0,0,0,28268,28335,0
2026-08-12T13:30:45Z,C5A1EA64EE534867,18.4,queries/tpch/tpch-queries/q09/base.sql,measured,3,1,5,3,2.036,1165.364,19,6,175,11257498,73,337400301,63112,2,orders;partsupp;lineitem;part;supplier;nation,161124,0,0,0,28269,28352,0
2026-08-12T13:30:45Z,C5A1EA64EE534867,18.4,queries/tpch/tpch-queries/q09/base.sql,measured,3,2,5,3,0.743,1142.993,19,6,175,11257498,73,337400301,63112,2,orders;partsupp;lineitem;part;supplier;nation,161124,0,0,0,28263,28359,0
2026-08-12T13:30:45Z,C5A1EA64EE534867,18.4,queries/tpch/tpch-queries/q09/base.sql,measured,3,3,5,3,0.890,1140.334,19,6,175,11257498,73,337400301,63112,2,orders;partsupp;lineitem;part;supplier;nation,161124,0,0,0,28268,28352,0
2026-08-12T13:30:45Z,C5A1EA64EE534867,18.4,queries/tpch/tpch-queries/q09/base.sql,measured,3,4,5,3,0.739,1134.683,19,6,175,11257498,73,337400301,63112,2,orders;partsupp;lineitem;part;supplier;nation,161124,0,0,0,28270,28340,0
2026-08-12T13:30:45Z,C5A1EA64EE534867,18.4,queries/tpch/tpch-queries/q09/base.sql,measured,3,5,5,3,0.754,1259.341,19,6,175,11257498,73,337400301,63112,2,orders;partsupp;lineitem;part;supplier;nation,161124,0,0,0,28265,28341,0
2026-08-12T13:30:46Z,C5A1EA64EE534867,18.4,queries/tpch/tpch-queries/q09/v1_materialized.sql,warmup,1,1,1,3,1.647,1169.098,21,7,175,11257848,73,337459101,63112,2,orders;partsupp;lineitem;part;supplier;nation;_m,161124,0,0,0,28267,28351,0
2026-08-12T13:30:48Z,C5A1EA64EE534867,18.4,queries/tpch/tpch-queries/q09/v1_materialized.sql,warmup,2,1,1,3,1.658,1155.253,21,7,175,11257848,73,337459101,63112,2,orders;partsupp;lineitem;part;supplier;nation;_m,161124,0,0,0,28268,28332,0
2026-08-12T13:30:54Z,C5A1EA64EE534867,18.4,queries/tpch/tpch-queries/q09/v1_materialized.sql,measured,1,1,5,3,1.713,1162.211,21,7,175,11257848,73,337459101,63112,2,orders;partsupp;lineitem;part;supplier;nation;_m,161124,0,0,0,28269,28351,0
2026-08-12T13:30:54Z,C5A1EA64EE534867,18.4,queries/tpch/tpch-queries/q09/v1_materialized.sql,measured,1,2,5,3,1.320,1153.595,21,7,175,11257848,73,337459101,63112,2,orders;partsupp;lineitem;part;supplier;nation;_m,161124,0,0,0,28265,28352,0
2026-08-12T13:30:54Z,C5A1EA64EE534867,18.4,queries/tpch/tpch-queries/q09/v1_materialized.sql,measured,1,3,5,3,0.753,1134.443,21,7,175,11257848,73,337459101,63112,2,orders;partsupp;lineitem;part;supplier;nation;_m,161124,0,0,0,28267,28324,0
2026-08-12T13:30:54Z,C5A1EA64EE534867,18.4,queries/tpch/tpch-queries/q09/v1_materialized.sql,measured,1,4,5,3,0.754,1134.450,21,7,175,11257848,73,337459101,63112,2,orders;partsupp;lineitem;part;supplier;nation;_m,161124,0,0,0,28265,28339,0
2026-08-12T13:30:54Z,C5A1EA64EE534867,18.4,queries/tpch/tpch-queries/q09/v1_materialized.sql,measured,1,5,5,3,0.764,1238.949,21,7,175,11257848,73,337459101,63112,2,orders;partsupp;lineitem;part;supplier;nation;_m,161124,0,0,0,28264,28347,0
2026-08-12T13:31:00Z,C5A1EA64EE534867,18.4,queries/tpch/tpch-queries/q09/v1_materialized.sql,measured,2,1,5,3,1.666,1175.777,21,7,175,11257848,73,337459101,63112,2,orders;partsupp;lineitem;part;supplier;nation;_m,161124,0,0,0,28266,28338,0
2026-08-12T13:31:00Z,C5A1EA64EE534867,18.4,queries/tpch/tpch-queries/q09/v1_materialized.sql,measured,2,2,5,3,0.776,1148.136,21,7,175,11257848,73,337459101,63112,2,orders;partsupp;lineitem;part;supplier;nation;_m,161124,0,0,0,28265,28346,0
2026-08-12T13:31:00Z,C5A1EA64EE534867,18.4,queries/tpch/tpch-queries/q09/v1_materialized.sql,measured,2,3,5,3,0.752,1141.509,21,7,175,11257848,73,337459101,63112,2,orders;partsupp;lineitem;part;supplier;nation;_m,161124,0,0,0,28269,28340,0
2026-08-12T13:31:00Z,C5A1EA64EE534867,18.4,queries/tpch/tpch-queries/q09/v1_materialized.sql,measured,2,4,5,3,0.757,1151.819,21,7,175,11257848,73,337459101,63112,2,orders;partsupp;lineitem;part;supplier;nation;_m,161124,0,0,0,28264,28339,0
2026-08-12T13:31:00Z,C5A1EA64EE534867,18.4,queries/tpch/tpch-queries/q09/v1_materialized.sql,measured,2,5,5,3,0.770,1200.487,21,7,175,11257848,73,337459101,63112,2,orders;partsupp;lineitem;part;supplier;nation;_m,161124,0,0,0,28269,28368,0
2026-08-12T13:31:05Z,C5A1EA64EE534867,18.4,queries/tpch/tpch-queries/q09/v1_materialized.sql,measured,3,1,5,3,1.794,1161.088,21,7,175,11257848,73,337459101,63112,2,orders;partsupp;lineitem;part;supplier;nation;_m,161124,0,0,0,28261,28350,0
2026-08-12T13:31:05Z,C5A1EA64EE534867,18.4,queries/tpch/tpch-queries/q09/v1_materialized.sql,measured,3,2,5,3,0.781,1134.523,21,7,175,11257848,73,337459101,63112,2,orders;partsupp;lineitem;part;supplier;nation;_m,161124,0,0,0,28265,28339,0
2026-08-12T13:31:05Z,C5A1EA64EE534867,18.4,queries/tpch/tpch-queries/q09/v1_materialized.sql,measured,3,3,5,3,0.760,1127.229,21,7,175,11257848,73,337459101,63112,2,orders;partsupp;lineitem;part;supplier;nation;_m,161124,0,0,0,28268,28339,0
2026-08-12T13:31:05Z,C5A1EA64EE534867,18.4,queries/tpch/tpch-queries/q09/v1_materialized.sql,measured,3,4,5,3,0.759,1130.308,21,7,175,11257848,73,337459101,63112,2,orders;partsupp;lineitem;part;supplier;nation;_m,161124,0,0,0,28267,28359,0
2026-08-12T13:31:05Z,C5A1EA64EE534867,18.4,queries/tpch/tpch-queries/q09/v1_materialized.sql,measured,3,5,5,3,0.761,1192.808,21,7,175,11257848,73,337459101,63112,2,orders;partsupp;lineitem;part;supplier;nation;_m,161124,0,0,0,28265,28360,0
2026-08-12T13:31:06Z,C5A1EA64EE534867,18.4,queries/tpch/tpch-queries/q10/base.sql,warmup,1,1,1,3,1.364,389.803,14,4,20,1025253,20,144020892,480979,2,orders;customer;lineitem;nation,261357,0,0,0,5298,5344,0
2026-08-12T13:31:06Z,C5A1EA64EE534867,18.4,queries/tpch/tpch-queries/q10/base.sql,warmup,2,1,1,3,1.252,391.947,14,4,20,1025253,20,144020892,480979,2,orders;customer;lineitem;nation,261357,0,0,0,5295,5332,0
2026-08-12T13:31:08Z,C5A1EA64EE534867,18.4,queries/tpch/tpch-queries/q10/base.sql,measured,1,1,5,3,1.239,393.471,14,4,20,1025253,20,144020892,480979,2,orders;customer;lineitem;nation,261357,0,0,0,5296,5341,0
2026-08-12T13:31:08Z,C5A1EA64EE534867,18.4,queries/tpch/tpch-queries/q10/base.sql,measured,1,2,5,3,0.433,363.199,14,4,20,1025253,20,144020892,480979,2,orders;customer;lineitem;nation,261357,0,0,0,5296,5319,0
2026-08-12T13:31:08Z,C5A1EA64EE534867,18.4,queries/tpch/tpch-queries/q10/base.sql,measured,1,3,5,3,0.405,359.993,14,4,20,1025253,20,144020892,480979,2,orders;customer;lineitem;nation,261357,0,0,0,5298,5322,0
2026-08-12T13:31:08Z,C5A1EA64EE534867,18.4,queries/tpch/tpch-queries/q10/base.sql,measured,1,4,5,3,0.407,363.377,14,4,20,1025253,20,144020892,480979,2,orders;customer;lineitem;nation,261357,0,0,0,5296,5327,0
2026-08-12T13:31:08Z,C5A1EA64EE534867,18.4,queries/tpch/tpch-queries/q10/base.sql,measured,1,5,5,3,0.583,364.638,14,4,20,1025253,20,144020892,480979,2,orders;customer;lineitem;nation,261357,0,0,0,5295,5328,0
2026-08-12T13:31:10Z,C5A1EA64EE534867,18.4,queries/tpch/tpch-queries/q10/base.sql,measured,2,1,5,3,1.257,389.125,14,4,20,1025253,20,144020892,480979,2,orders;customer;lineitem;nation,261357,0,0,0,5297,5352,0
2026-08-12T13:31:10Z,C5A1EA64EE534867,18.4,queries/tpch/tpch-queries/q10/base.sql,measured,2,2,5,3,0.409,360.706,14,4,20,1025253,20,144020892,480979,2,orders;customer;lineitem;nation,261357,0,0,0,5297,5327,0
2026-08-12T13:31:10Z,C5A1EA64EE534867,18.4,queries/tpch/tpch-queries/q10/base.sql,measured,2,3,5,3,0.397,365.518,14,4,20,1025253,20,144020892,480979,2,orders;customer;lineitem;nation,261357,0,0,0,5296,5331,0
2026-08-12T13:31:10Z,C5A1EA64EE534867,18.4,queries/tpch/tpch-queries/q10/base.sql,measured,2,4,5,3,0.398,357.782,14,4,20,1025253,20,144020892,480979,2,orders;customer;lineitem;nation,261357,0,0,0,5297,5327,0
2026-08-12T13:31:10Z,C5A1EA64EE534867,18.4,queries/tpch/tpch-queries/q10/base.sql,measured,2,5,5,3,0.415,359.235,14,4,20,1025253,20,144020892,480979,2,orders;customer;lineitem;nation,261357,0,0,0,5296,5326,0
2026-08-12T13:31:12Z,C5A1EA64EE534867,18.4,queries/tpch/tpch-queries/q10/base.sql,measured,3,1,5,3,1.264,394.598,14,4,20,1025253,20,144020892,480979,2,orders;customer;lineitem;nation,261357,0,0,0,5300,5349,0
2026-08-12T13:31:12Z,C5A1EA64EE534867,18.4,queries/tpch/tpch-queries/q10/base.sql,measured,3,2,5,3,0.398,365.273,14,4,20,1025253,20,144020892,480979,2,orders;customer;lineitem;nation,261357,0,0,0,5294,5319,0
2026-08-12T13:31:12Z,C5A1EA64EE534867,18.4,queries/tpch/tpch-queries/q10/base.sql,measured,3,3,5,3,0.401,362.524,14,4,20,1025253,20,144020892,480979,2,orders;customer;lineitem;nation,261357,0,0,0,5296,5319,0
2026-08-12T13:31:12Z,C5A1EA64EE534867,18.4,queries/tpch/tpch-queries/q10/base.sql,measured,3,4,5,3,0.416,363.015,14,4,20,1025253,20,144020892,480979,2,orders;customer;lineitem;nation,261357,0,0,0,5297,5327,0
2026-08-12T13:31:12Z,C5A1EA64EE534867,18.4,queries/tpch/tpch-queries/q10/base.sql,measured,3,5,5,3,0.410,362.913,14,4,20,1025253,20,144020892,480979,2,orders;customer;lineitem;nation,261357,0,0,0,5298,5322,0
2026-08-12T13:31:13Z,C5A1EA64EE534867,18.4,queries/tpch/tpch-queries/q10/v1_materialized.sql,warmup,1,1,1,3,1.223,412.519,15,5,20,1063220,20,168337292,480979,2,orders;customer;lineitem;nation;_m,261357,0,0,0,5297,6227,0
2026-08-12T13:31:13Z,C5A1EA64EE534867,18.4,queries/tpch/tpch-queries/q10/v1_materialized.sql,warmup,2,1,1,3,1.209,409.792,15,5,20,1063220,20,168337292,480979,2,orders;customer;lineitem;nation;_m,261357,0,0,0,5296,6222,0
2026-08-12T13:31:15Z,C5A1EA64EE534867,18.4,queries/tpch/tpch-queries/q10/v1_materialized.sql,measured,1,1,5,3,1.220,413.831,15,5,20,1063220,20,168337292,480979,2,orders;customer;lineitem;nation;_m,261357,0,0,0,5300,6235,0
2026-08-12T13:31:15Z,C5A1EA64EE534867,18.4,queries/tpch/tpch-queries/q10/v1_materialized.sql,measured,1,2,5,3,0.359,380.898,15,5,20,1063220,20,168337292,480979,2,orders;customer;lineitem;nation;_m,261357,0,0,0,5297,6210,0
2026-08-12T13:31:15Z,C5A1EA64EE534867,18.4,queries/tpch/tpch-queries/q10/v1_materialized.sql,measured,1,3,5,3,0.357,381.531,15,5,20,1063220,20,168337292,480979,2,orders;customer;lineitem;nation;_m,261357,0,0,0,5294,6205,0
2026-08-12T13:31:15Z,C5A1EA64EE534867,18.4,queries/tpch/tpch-queries/q10/v1_materialized.sql,measured,1,4,5,3,0.343,378.928,15,5,20,1063220,20,168337292,480979,2,orders;customer;lineitem;nation;_m,261357,0,0,0,5295,6205,0
2026-08-12T13:31:15Z,C5A1EA64EE534867,18.4,queries/tpch/tpch-queries/q10/v1_materialized.sql,measured,1,5,5,3,0.345,384.808,15,5,20,1063220,20,168337292,480979,2,orders;customer;lineitem;nation;_m,261357,0,0,0,5293,6205,0
2026-08-12T13:31:17Z,C5A1EA64EE534867,18.4,queries/tpch/tpch-queries/q10/v1_materialized.sql,measured,2,1,5,3,1.245,441.842,15,5,20,1063220,20,168337292,480979,2,orders;customer;lineitem;nation;_m,261357,0,0,0,5297,6227,0
2026-08-12T13:31:17Z,C5A1EA64EE534867,18.4,queries/tpch/tpch-queries/q10/v1_materialized.sql,measured,2,2,5,3,0.343,379.909,15,5,20,1063220,20,168337292,480979,2,orders;customer;lineitem;nation;_m,261357,0,0,0,5296,6206,0
2026-08-12T13:31:17Z,C5A1EA64EE534867,18.4,queries/tpch/tpch-queries/q10/v1_materialized.sql,measured,2,3,5,3,0.350,386.783,15,5,20,1063220,20,168337292,480979,2,orders;customer;lineitem;nation;_m,261357,0,0,0,5297,6210,0
2026-08-12T13:31:17Z,C5A1EA64EE534867,18.4,queries/tpch/tpch-queries/q10/v1_materialized.sql,measured,2,4,5,3,0.350,378.241,15,5,20,1063220,20,168337292,480979,2,orders;customer;lineitem;nation;_m,261357,0,0,0,5297,6201,0
2026-08-12T13:31:17Z,C5A1EA64EE534867,18.4,queries/tpch/tpch-queries/q10/v1_materialized.sql,measured,2,5,5,3,0.347,376.065,15,5,20,1063220,20,168337292,480979,2,orders;customer;lineitem;nation;_m,261357,0,0,0,5296,6203,0
2026-08-12T13:31:19Z,C5A1EA64EE534867,18.4,queries/tpch/tpch-queries/q10/v1_materialized.sql,measured,3,1,5,3,1.230,412.671,15,5,20,1063220,20,168337292,480979,2,orders;customer;lineitem;nation;_m,261357,0,0,0,5297,6223,0
2026-08-12T13:31:19Z,C5A1EA64EE534867,18.4,queries/tpch/tpch-queries/q10/v1_materialized.sql,measured,3,2,5,3,0.351,381.097,15,5,20,1063220,20,168337292,480979,2,orders;customer;lineitem;nation;_m,261357,0,0,0,5296,6201,0
2026-08-12T13:31:19Z,C5A1EA64EE534867,18.4,queries/tpch/tpch-queries/q10/v1_materialized.sql,measured,3,3,5,3,0.362,381.136,15,5,20,1063220,20,168337292,480979,2,orders;customer;lineitem;nation;_m,261357,0,0,0,5296,6209,0
2026-08-12T13:31:19Z,C5A1EA64EE534867,18.4,queries/tpch/tpch-queries/q10/v1_materialized.sql,measured,3,4,5,3,0.354,377.254,15,5,20,1063220,20,168337292,480979,2,orders;customer;lineitem;nation;_m,261357,0,0,0,5296,6209,0
2026-08-12T13:31:19Z,C5A1EA64EE534867,18.4,queries/tpch/tpch-queries/q10/v1_materialized.sql,measured,3,5,5,3,0.341,376.685,15,5,20,1063220,20,168337292,480979,2,orders;customer;lineitem;nation;_m,261357,0,0,0,5295,6203,0
2026-08-12T13:31:19Z,C5A1EA64EE534867,18.4,queries/tpch/tpch-queries/q11/base.sql,warmup,1,1,1,3,0.629,101.615,20,6,1048,1761903,10667,27378512,28818,2,partsupp;supplier;nation,36467,0,0,0,44,112,0
2026-08-12T13:31:20Z,C5A1EA64EE534867,18.4,queries/tpch/tpch-queries/q11/base.sql,warmup,2,1,1,3,0.630,92.720,20,6,1048,1761903,10667,27378512,28818,2,partsupp;supplier;nation,36467,0,0,0,44,112,0
2026-08-12T13:31:20Z,C5A1EA64EE534867,18.4,queries/tpch/tpch-queries/q11/base.sql,measured,1,1,5,3,0.635,101.946,20,6,1048,1761903,10667,27378512,28818,2,partsupp;supplier;nation,36467,0,0,0,44,111,0
2026-08-12T13:31:20Z,C5A1EA64EE534867,18.4,queries/tpch/tpch-queries/q11/base.sql,measured,1,2,5,3,0.179,95.279,20,6,1048,1761903,10667,27378512,28818,2,partsupp;supplier;nation,36464,0,0,0,44,111,0
2026-08-12T13:31:20Z,C5A1EA64EE534867,18.4,queries/tpch/tpch-queries/q11/base.sql,measured,1,3,5,3,0.177,89.993,20,6,1048,1761903,10667,27378512,28818,2,partsupp;supplier;nation,36464,0,0,0,44,112,0
2026-08-12T13:31:20Z,C5A1EA64EE534867,18.4,queries/tpch/tpch-queries/q11/base.sql,measured,1,4,5,3,0.183,89.848,20,6,1048,1761903,10667,27378512,28818,2,partsupp;supplier;nation,36464,0,0,0,44,112,0
2026-08-12T13:31:20Z,C5A1EA64EE534867,18.4,queries/tpch/tpch-queries/q11/base.sql,measured,1,5,5,3,0.186,90.319,20,6,1048,1761903,10667,27378512,28818,2,partsupp;supplier;nation,36464,0,0,0,44,112,0
2026-08-12T13:31:21Z,C5A1EA64EE534867,18.4,queries/tpch/tpch-queries/q11/base.sql,measured,2,1,5,3,0.812,114.744,20,6,1048,1761903,10667,27378512,28818,2,partsupp;supplier;nation,36467,0,0,0,44,112,0
2026-08-12T13:31:21Z,C5A1EA64EE534867,18.4,queries/tpch/tpch-queries/q11/base.sql,measured,2,2,5,3,0.179,89.532,20,6,1048,1761903,10667,27378512,28818,2,partsupp;supplier;nation,36464,0,0,0,44,113,0
2026-08-12T13:31:21Z,C5A1EA64EE534867,18.4,queries/tpch/tpch-queries/q11/base.sql,measured,2,3,5,3,0.179,88.955,20,6,1048,1761903,10667,27378512,28818,2,partsupp;supplier;nation,36464,0,0,0,44,112,0
2026-08-12T13:31:21Z,C5A1EA64EE534867,18.4,queries/tpch/tpch-queries/q11/base.sql,measured,2,4,5,3,0.180,89.810,20,6,1048,1761903,10667,27378512,28818,2,partsupp;supplier;nation,36464,0,0,0,44,111,0
2026-08-12T13:31:21Z,C5A1EA64EE534867,18.4,queries/tpch/tpch-queries/q11/base.sql,measured,2,5,5,3,0.183,89.243,20,6,1048,1761903,10667,27378512,28818,2,partsupp;supplier;nation,36464,0,0,0,44,112,0
2026-08-12T13:31:21Z,C5A1EA64EE534867,18.4,queries/tpch/tpch-queries/q11/base.sql,measured,3,1,5,3,0.912,120.564,20,6,1048,1761903,10667,27378512,28818,2,partsupp;supplier;nation,36467,0,0,0,44,111,0
2026-08-12T13:31:21Z,C5A1EA64EE534867,18.4,queries/tpch/tpch-queries/q11/base.sql,measured,3,2,5,3,0.179,92.597,20,6,1048,1761903,10667,27378512,28818,2,partsupp;supplier;nation,36464,0,0,0,43,113,0
2026-08-12T13:31:21Z,C5A1EA64EE534867,18.4,queries/tpch/tpch-queries/q11/base.sql,measured,3,3,5,3,0.179,89.968,20,6,1048,1761903,10667,27378512,28818,2,partsupp;supplier;nation,36464,0,0,0,44,113,0
2026-08-12T13:31:21Z,C5A1EA64EE534867,18.4,queries/tpch/tpch-queries/q11/base.sql,measured,3,4,5,3,0.192,90.789,20,6,1048,1761903,10667,27378512,28818,2,partsupp;supplier;nation,36464,0,0,0,44,113,0
2026-08-12T13:31:21Z,C5A1EA64EE534867,18.4,queries/tpch/tpch-queries/q11/base.sql,measured,3,5,5,3,0.180,90.567,20,6,1048,1761903,10667,27378512,28818,2,partsupp;supplier;nation,36464,0,0,0,44,112,0
2026-08-12T13:31:22Z,C5A1EA64EE534867,18.4,queries/tpch/tpch-queries/q11/v1_materialized.sql,warmup,1,1,1,3,0.992,112.719,21,7,1048,1762951,10667,27416240,28818,2,partsupp;supplier;nation;_m,36467,0,0,0,44,112,0
2026-08-12T13:31:22Z,C5A1EA64EE534867,18.4,queries/tpch/tpch-queries/q11/v1_materialized.sql,warmup,2,1,1,3,0.818,104.710,21,7,1048,1762951,10667,27416240,28818,2,partsupp;supplier;nation;_m,36467,0,0,0,43,111,0
2026-08-12T13:31:22Z,C5A1EA64EE534867,18.4,queries/tpch/tpch-queries/q11/v1_materialized.sql,measured,1,1,5,3,0.655,101.899,21,7,1048,1762951,10667,27416240,28818,2,partsupp;supplier;nation;_m,36467,0,0,0,44,112,0
2026-08-12T13:31:22Z,C5A1EA64EE534867,18.4,queries/tpch/tpch-queries/q11/v1_materialized.sql,measured,1,2,5,3,0.196,89.357,21,7,1048,1762951,10667,27416240,28818,2,partsupp;supplier;nation;_m,36464,0,0,0,44,112,0
2026-08-12T13:31:22Z,C5A1EA64EE534867,18.4,queries/tpch/tpch-queries/q11/v1_materialized.sql,measured,1,3,5,3,0.201,90.184,21,7,1048,1762951,10667,27416240,28818,2,partsupp;supplier;nation;_m,36464,0,0,0,44,111,0
2026-08-12T13:31:22Z,C5A1EA64EE534867,18.4,queries/tpch/tpch-queries/q11/v1_materialized.sql,measured,1,4,5,3,0.198,91.898,21,7,1048,1762951,10667,27416240,28818,2,partsupp;supplier;nation;_m,36464,0,0,0,44,112,0
2026-08-12T13:31:22Z,C5A1EA64EE534867,18.4,queries/tpch/tpch-queries/q11/v1_materialized.sql,measured,1,5,5,3,0.201,91.633,21,7,1048,1762951,10667,27416240,28818,2,partsupp;supplier;nation;_m,36464,0,0,0,44,112,0
2026-08-12T13:31:23Z,C5A1EA64EE534867,18.4,queries/tpch/tpch-queries/q11/v1_materialized.sql,measured,2,1,5,3,0.679,91.697,21,7,1048,1762951,10667,27416240,28818,2,partsupp;supplier;nation;_m,36467,0,0,0,44,111,0
2026-08-12T13:31:23Z,C5A1EA64EE534867,18.4,queries/tpch/tpch-queries/q11/v1_materialized.sql,measured,2,2,5,3,0.198,90.867,21,7,1048,1762951,10667,27416240,28818,2,partsupp;supplier;nation;_m,36464,0,0,0,44,112,0
2026-08-12T13:31:23Z,C5A1EA64EE534867,18.4,queries/tpch/tpch-queries/q11/v1_materialized.sql,measured,2,3,5,3,0.203,92.010,21,7,1048,1762951,10667,27416240,28818,2,partsupp;supplier;nation;_m,36464,0,0,0,44,111,0
2026-08-12T13:31:23Z,C5A1EA64EE534867,18.4,queries/tpch/tpch-queries/q11/v1_materialized.sql,measured,2,4,5,3,0.192,90.396,21,7,1048,1762951,10667,27416240,28818,2,partsupp;supplier;nation;_m,36464,0,0,0,44,112,0
2026-08-12T13:31:23Z,C5A1EA64EE534867,18.4,queries/tpch/tpch-queries/q11/v1_materialized.sql,measured,2,5,5,3,0.204,90.799,21,7,1048,1762951,10667,27416240,28818,2,partsupp;supplier;nation;_m,36464,0,0,0,44,111,0
2026-08-12T13:31:23Z,C5A1EA64EE534867,18.4,queries/tpch/tpch-queries/q11/v1_materialized.sql,measured,3,1,5,3,0.872,116.597,21,7,1048,1762951,10667,27416240,28818,2,partsupp;supplier;nation;_m,36467,0,0,0,44,112,0
2026-08-12T13:31:23Z,C5A1EA64EE534867,18.4,queries/tpch/tpch-queries/q11/v1_materialized.sql,measured,3,2,5,3,0.195,90.241,21,7,1048,1762951,10667,27416240,28818,2,partsupp;supplier;nation;_m,36464,0,0,0,44,112,0
2026-08-12T13:31:23Z,C5A1EA64EE534867,18.4,queries/tpch/tpch-queries/q11/v1_materialized.sql,measured,3,3,5,3,0.201,90.619,21,7,1048,1762951,10667,27416240,28818,2,partsupp;supplier;nation;_m,36464,0,0,0,44,114,0
2026-08-12T13:31:23Z,C5A1EA64EE534867,18.4,queries/tpch/tpch-queries/q11/v1_materialized.sql,measured,3,4,5,3,0.209,91.062,21,7,1048,1762951,10667,27416240,28818,2,partsupp;supplier;nation;_m,36464,0,0,0,44,113,0
2026-08-12T13:31:23Z,C5A1EA64EE534867,18.4,queries/tpch/tpch-queries/q11/v1_materialized.sql,measured,3,5,5,3,0.219,91.374,21,7,1048,1762951,10667,27416240,28818,2,partsupp;supplier;nation;_m,36464,0,0,0,44,113,0
2026-08-12T13:31:24Z,C5A1EA64EE534867,18.4,queries/tpch/tpch-queries/q11/v2_cte_threshold.sql,warmup,1,1,1,3,0.789,106.906,20,6,1048,1761903,10667,27378512,28818,2,partsupp;supplier;nation,36467,0,0,0,44,110,0
2026-08-12T13:31:24Z,C5A1EA64EE534867,18.4,queries/tpch/tpch-queries/q11/v2_cte_threshold.sql,warmup,2,1,1,3,0.665,93.733,20,6,1048,1761903,10667,27378512,28818,2,partsupp;supplier;nation,36467,0,0,0,44,113,0
2026-08-12T13:31:24Z,C5A1EA64EE534867,18.4,queries/tpch/tpch-queries/q11/v2_cte_threshold.sql,measured,1,1,5,3,0.673,95.045,20,6,1048,1761903,10667,27378512,28818,2,partsupp;supplier;nation,36467,0,0,0,44,112,0
2026-08-12T13:31:24Z,C5A1EA64EE534867,18.4,queries/tpch/tpch-queries/q11/v2_cte_threshold.sql,measured,1,2,5,3,0.194,88.801,20,6,1048,1761903,10667,27378512,28818,2,partsupp;supplier;nation,36464,0,0,0,44,112,0
2026-08-12T13:31:24Z,C5A1EA64EE534867,18.4,queries/tpch/tpch-queries/q11/v2_cte_threshold.sql,measured,1,3,5,3,0.197,90.624,20,6,1048,1761903,10667,27378512,28818,2,partsupp;supplier;nation,36464,0,0,0,44,113,0
2026-08-12T13:31:24Z,C5A1EA64EE534867,18.4,queries/tpch/tpch-queries/q11/v2_cte_threshold.sql,measured,1,4,5,3,0.206,90.471,20,6,1048,1761903,10667,27378512,28818,2,partsupp;supplier;nation,36464,0,0,0,44,112,0
2026-08-12T13:31:24Z,C5A1EA64EE534867,18.4,queries/tpch/tpch-queries/q11/v2_cte_threshold.sql,measured,1,5,5,3,0.201,90.659,20,6,1048,1761903,10667,27378512,28818,2,partsupp;supplier;nation,36464,0,0,0,44,114,0
2026-08-12T13:31:25Z,C5A1EA64EE534867,18.4,queries/tpch/tpch-queries/q11/v2_cte_threshold.sql,measured,2,1,5,3,1.086,113.049,20,6,1048,1761903,10667,27378512,28818,2,partsupp;supplier;nation,36467,0,0,0,44,112,0
2026-08-12T13:31:25Z,C5A1EA64EE534867,18.4,queries/tpch/tpch-queries/q11/v2_cte_threshold.sql,measured,2,2,5,3,0.194,91.027,20,6,1048,1761903,10667,27378512,28818,2,partsupp;supplier;nation,36464,0,0,0,44,112,0
2026-08-12T13:31:25Z,C5A1EA64EE534867,18.4,queries/tpch/tpch-queries/q11/v2_cte_threshold.sql,measured,2,3,5,3,0.196,90.270,20,6,1048,1761903,10667,27378512,28818,2,partsupp;supplier;nation,36464,0,0,0,44,111,0
2026-08-12T13:31:25Z,C5A1EA64EE534867,18.4,queries/tpch/tpch-queries/q11/v2_cte_threshold.sql,measured,2,4,5,3,0.199,90.443,20,6,1048,1761903,10667,27378512,28818,2,partsupp;supplier;nation,36464,0,0,0,44,112,0
2026-08-12T13:31:25Z,C5A1EA64EE534867,18.4,queries/tpch/tpch-queries/q11/v2_cte_threshold.sql,measured,2,5,5,3,0.194,90.917,20,6,1048,1761903,10667,27378512,28818,2,partsupp;supplier;nation,36464,0,0,0,44,112,0
2026-08-12T13:31:25Z,C5A1EA64EE534867,18.4,queries/tpch/tpch-queries/q11/v2_cte_threshold.sql,measured,3,1,5,3,0.650,95.199,20,6,1048,1761903,10667,27378512,28818,2,partsupp;supplier;nation,36467,0,0,0,44,113,0
2026-08-12T13:31:25Z,C5A1EA64EE534867,18.4,queries/tpch/tpch-queries/q11/v2_cte_threshold.sql,measured,3,2,5,3,0.206,92.250,20,6,1048,1761903,10667,27378512,28818,2,partsupp;supplier;nation,36464,0,0,0,44,112,0
2026-08-12T13:31:25Z,C5A1EA64EE534867,18.4,queries/tpch/tpch-queries/q11/v2_cte_threshold.sql,measured,3,3,5,3,0.198,91.026,20,6,1048,1761903,10667,27378512,28818,2,partsupp;supplier;nation,36464,0,0,0,44,112,0
2026-08-12T13:31:25Z,C5A1EA64EE534867,18.4,queries/tpch/tpch-queries/q11/v2_cte_threshold.sql,measured,3,4,5,3,0.195,91.070,20,6,1048,1761903,10667,27378512,28818,2,partsupp;supplier;nation,36464,0,0,0,44,113,0
2026-08-12T13:31:25Z,C5A1EA64EE534867,18.4,queries/tpch/tpch-queries/q11/v2_cte_threshold.sql,measured,3,5,5,3,0.205,91.194,20,6,1048,1761903,10667,27378512,28818,2,partsupp;supplier;nation,36464,0,0,0,44,112,0
2026-08-12T13:31:26Z,C5A1EA64EE534867,18.4,queries/tpch/tpch-queries/q12/base.sql,warmup,1,1,1,3,0.775,536.146,8,2,2,1623962,7,32603286,1990076,2,orders;lineitem,138750,0,0,0,0,0,0
2026-08-12T13:31:27Z,C5A1EA64EE534867,18.4,queries/tpch/tpch-queries/q12/base.sql,warmup,2,1,1,3,0.833,545.370,8,2,2,1623962,7,32603286,1990076,2,orders;lineitem,138750,0,0,0,0,0,0
2026-08-12T13:31:29Z,C5A1EA64EE534867,18.4,queries/tpch/tpch-queries/q12/base.sql,measured,1,1,5,3,0.820,548.298,8,2,2,1623962,7,32603286,1990076,2,orders;lineitem,138750,0,0,0,0,0,0
2026-08-12T13:31:29Z,C5A1EA64EE534867,18.4,queries/tpch/tpch-queries/q12/base.sql,measured,1,2,5,3,0.191,528.414,8,2,2,1623962,7,32603286,1990076,2,orders;lineitem,138750,0,0,0,0,0,0
2026-08-12T13:31:29Z,C5A1EA64EE534867,18.4,queries/tpch/tpch-queries/q12/base.sql,measured,1,3,5,3,0.176,525.896,8,2,2,1623962,7,32603286,1990076,2,orders;lineitem,138750,0,0,0,0,0,0
2026-08-12T13:31:29Z,C5A1EA64EE534867,18.4,queries/tpch/tpch-queries/q12/base.sql,measured,1,4,5,3,0.177,518.377,8,2,2,1623962,7,32603286,1990076,2,orders;lineitem,138750,0,0,0,0,0,0
2026-08-12T13:31:29Z,C5A1EA64EE534867,18.4,queries/tpch/tpch-queries/q12/base.sql,measured,1,5,5,3,0.195,525.552,8,2,2,1623962,7,32603286,1990076,2,orders;lineitem,138750,0,0,0,0,0,0
2026-08-12T13:31:32Z,C5A1EA64EE534867,18.4,queries/tpch/tpch-queries/q12/base.sql,measured,2,1,5,3,0.904,551.125,8,2,2,1623962,7,32603286,1990076,2,orders;lineitem,138750,0,0,0,0,0,0
2026-08-12T13:31:32Z,C5A1EA64EE534867,18.4,queries/tpch/tpch-queries/q12/base.sql,measured,2,2,5,3,0.177,538.253,8,2,2,1623962,7,32603286,1990076,2,orders;lineitem,138750,0,0,0,0,0,0
2026-08-12T13:31:32Z,C5A1EA64EE534867,18.4,queries/tpch/tpch-queries/q12/base.sql,measured,2,3,5,3,0.177,531.736,8,2,2,1623962,7,32603286,1990076,2,orders;lineitem,138750,0,0,0,0,0,0
2026-08-12T13:31:32Z,C5A1EA64EE534867,18.4,queries/tpch/tpch-queries/q12/base.sql,measured,2,4,5,3,0.191,540.079,8,2,2,1623962,7,32603286,1990076,2,orders;lineitem,138750,0,0,0,0,0,0
2026-08-12T13:31:32Z,C5A1EA64EE534867,18.4,queries/tpch/tpch-queries/q12/base.sql,measured,2,5,5,3,0.188,542.846,8,2,2,1623962,7,32603286,1990076,2,orders;lineitem,138750,0,0,0,0,0,0
2026-08-12T13:31:35Z,C5A1EA64EE534867,18.4,queries/tpch/tpch-queries/q12/base.sql,measured,3,1,5,3,0.902,558.241,8,2,2,1623962,7,32603286,1990076,2,orders;lineitem,138750,0,0,0,0,0,0
2026-08-12T13:31:35Z,C5A1EA64EE534867,18.4,queries/tpch/tpch-queries/q12/base.sql,measured,3,2,5,3,0.202,556.436,8,2,2,1623962,7,32603286,1990076,2,orders;lineitem,138750,0,0,0,0,0,0
2026-08-12T13:31:35Z,C5A1EA64EE534867,18.4,queries/tpch/tpch-queries/q12/base.sql,measured,3,3,5,3,0.200,552.101,8,2,2,1623962,7,32603286,1990076,2,orders;lineitem,138750,0,0,0,0,0,0
2026-08-12T13:31:35Z,C5A1EA64EE534867,18.4,queries/tpch/tpch-queries/q12/base.sql,measured,3,4,5,3,0.206,551.365,8,2,2,1623962,7,32603286,1990076,2,orders;lineitem,138750,0,0,0,0,0,0
2026-08-12T13:31:35Z,C5A1EA64EE534867,18.4,queries/tpch/tpch-queries/q12/base.sql,measured,3,5,5,3,0.199,553.078,8,2,2,1623962,7,32603286,1990076,2,orders;lineitem,138750,0,0,0,0,0,0
2026-08-12T13:31:36Z,C5A1EA64EE534867,18.4,queries/tpch/tpch-queries/q12/v1_materialized.sql,warmup,1,1,1,3,0.908,573.878,9,3,2,1623964,7,32603406,1990076,2,_m;orders;lineitem,138750,0,0,0,0,0,0
2026-08-12T13:31:36Z,C5A1EA64EE534867,18.4,queries/tpch/tpch-queries/q12/v1_materialized.sql,warmup,2,1,1,3,1.184,554.306,9,3,2,1623964,7,32603406,1990076,2,_m;orders;lineitem,138750,0,0,0,0,0,0
2026-08-12T13:31:39Z,C5A1EA64EE534867,18.4,queries/tpch/tpch-queries/q12/v1_materialized.sql,measured,1,1,5,3,0.945,553.878,9,3,2,1623964,7,32603406,1990076,2,_m;orders;lineitem,138750,0,0,0,0,0,0
2026-08-12T13:31:39Z,C5A1EA64EE534867,18.4,queries/tpch/tpch-queries/q12/v1_materialized.sql,measured,1,2,5,3,0.231,550.665,9,3,2,1623964,7,32603406,1990076,2,_m;orders;lineitem,138750,0,0,0,0,0,0
2026-08-12T13:31:39Z,C5A1EA64EE534867,18.4,queries/tpch/tpch-queries/q12/v1_materialized.sql,measured,1,3,5,3,0.207,552.306,9,3,2,1623964,7,32603406,1990076,2,_m;orders;lineitem,138750,0,0,0,0,0,0
2026-08-12T13:31:39Z,C5A1EA64EE534867,18.4,queries/tpch/tpch-queries/q12/v1_materialized.sql,measured,1,4,5,3,0.225,551.681,9,3,2,1623964,7,32603406,1990076,2,_m;orders;lineitem,138750,0,0,0,0,0,0
2026-08-12T13:31:39Z,C5A1EA64EE534867,18.4,queries/tpch/tpch-queries/q12/v1_materialized.sql,measured,1,5,5,3,0.224,552.265,9,3,2,1623964,7,32603406,1990076,2,_m;orders;lineitem,138750,0,0,0,0,0,0
2026-08-12T13:31:42Z,C5A1EA64EE534867,18.4,queries/tpch/tpch-queries/q12/v1_materialized.sql,measured,2,1,5,3,1.333,555.317,9,3,2,1623964,7,32603406,1990076,2,_m;orders;lineitem,138750,0,0,0,0,0,0
2026-08-12T13:31:42Z,C5A1EA64EE534867,18.4,queries/tpch/tpch-queries/q12/v1_materialized.sql,measured,2,2,5,3,0.207,555.425,9,3,2,1623964,7,32603406,1990076,2,_m;orders;lineitem,138750,0,0,0,0,0,0
2026-08-12T13:31:42Z,C5A1EA64EE534867,18.4,queries/tpch/tpch-queries/q12/v1_materialized.sql,measured,2,3,5,3,0.215,551.795,9,3,2,1623964,7,32603406,1990076,2,_m;orders;lineitem,138750,0,0,0,0,0,0
2026-08-12T13:31:42Z,C5A1EA64EE534867,18.4,queries/tpch/tpch-queries/q12/v1_materialized.sql,measured,2,4,5,3,0.232,556.817,9,3,2,1623964,7,32603406,1990076,2,_m;orders;lineitem,138750,0,0,0,0,0,0
2026-08-12T13:31:42Z,C5A1EA64EE534867,18.4,queries/tpch/tpch-queries/q12/v1_materialized.sql,measured,2,5,5,3,0.210,547.183,9,3,2,1623964,7,32603406,1990076,2,_m;orders;lineitem,138750,0,0,0,0,0,0
2026-08-12T13:31:45Z,C5A1EA64EE534867,18.4,queries/tpch/tpch-queries/q12/v1_materialized.sql,measured,3,1,5,3,0.922,557.945,9,3,2,1623964,7,32603406,1990076,2,_m;orders;lineitem,138750,0,0,0,0,0,0
2026-08-12T13:31:45Z,C5A1EA64EE534867,18.4,queries/tpch/tpch-queries/q12/v1_materialized.sql,measured,3,2,5,3,0.205,550.870,9,3,2,1623964,7,32603406,1990076,2,_m;orders;lineitem,138750,0,0,0,0,0,0
2026-08-12T13:31:45Z,C5A1EA64EE534867,18.4,queries/tpch/tpch-queries/q12/v1_materialized.sql,measured,3,3,5,3,0.211,550.777,9,3,2,1623964,7,32603406,1990076,2,_m;orders;lineitem,138750,0,0,0,0,0,0
2026-08-12T13:31:45Z,C5A1EA64EE534867,18.4,queries/tpch/tpch-queries/q12/v1_materialized.sql,measured,3,4,5,3,0.236,548.582,9,3,2,1623964,7,32603406,1990076,2,_m;orders;lineitem,138750,0,0,0,0,0,0
2026-08-12T13:31:45Z,C5A1EA64EE534867,18.4,queries/tpch/tpch-queries/q12/v1_materialized.sql,measured,3,5,5,3,0.214,551.493,9,3,2,1623964,7,32603406,1990076,2,_m;orders;lineitem,138750,0,0,0,0,0,0
2026-08-12T13:31:45Z,C5A1EA64EE534867,18.4,queries/tpch/tpch-queries/q12/v2_filter.sql,warmup,1,1,1,3,0.831,558.666,8,2,2,1623962,7,32603286,1990076,2,orders;lineitem,138750,0,0,0,0,0,0
2026-08-12T13:31:46Z,C5A1EA64EE534867,18.4,queries/tpch/tpch-queries/q12/v2_filter.sql,warmup,2,1,1,3,0.926,553.802,8,2,2,1623962,7,32603286,1990076,2,orders;lineitem,138750,0,0,0,0,0,0
2026-08-12T13:31:49Z,C5A1EA64EE534867,18.4,queries/tpch/tpch-queries/q12/v2_filter.sql,measured,1,1,5,3,0.927,550.889,8,2,2,1623962,7,32603286,1990076,2,orders;lineitem,138750,0,0,0,0,0,0
2026-08-12T13:31:49Z,C5A1EA64EE534867,18.4,queries/tpch/tpch-queries/q12/v2_filter.sql,measured,1,2,5,3,0.190,552.943,8,2,2,1623962,7,32603286,1990076,2,orders;lineitem,138750,0,0,0,0,0,0
2026-08-12T13:31:49Z,C5A1EA64EE534867,18.4,queries/tpch/tpch-queries/q12/v2_filter.sql,measured,1,3,5,3,0.187,550.845,8,2,2,1623962,7,32603286,1990076,2,orders;lineitem,138750,0,0,0,0,0,0
2026-08-12T13:31:49Z,C5A1EA64EE534867,18.4,queries/tpch/tpch-queries/q12/v2_filter.sql,measured,1,4,5,3,0.203,545.850,8,2,2,1623962,7,32603286,1990076,2,orders;lineitem,138750,0,0,0,0,0,0
2026-08-12T13:31:49Z,C5A1EA64EE534867,18.4,queries/tpch/tpch-queries/q12/v2_filter.sql,measured,1,5,5,3,0.187,548.621,8,2,2,1623962,7,32603286,1990076,2,orders;lineitem,138750,0,0,0,0,0,0
2026-08-12T13:31:52Z,C5A1EA64EE534867,18.4,queries/tpch/tpch-queries/q12/v2_filter.sql,measured,2,1,5,3,0.927,554.711,8,2,2,1623962,7,32603286,1990076,2,orders;lineitem,138750,0,0,0,0,0,0
2026-08-12T13:31:52Z,C5A1EA64EE534867,18.4,queries/tpch/tpch-queries/q12/v2_filter.sql,measured,2,2,5,3,0.199,548.829,8,2,2,1623962,7,32603286,1990076,2,orders;lineitem,138750,0,0,0,0,0,0
2026-08-12T13:31:52Z,C5A1EA64EE534867,18.4,queries/tpch/tpch-queries/q12/v2_filter.sql,measured,2,3,5,3,0.204,548.299,8,2,2,1623962,7,32603286,1990076,2,orders;lineitem,138750,0,0,0,0,0,0
2026-08-12T13:31:52Z,C5A1EA64EE534867,18.4,queries/tpch/tpch-queries/q12/v2_filter.sql,measured,2,4,5,3,0.186,546.991,8,2,2,1623962,7,32603286,1990076,2,orders;lineitem,138750,0,0,0,0,0,0
2026-08-12T13:31:52Z,C5A1EA64EE534867,18.4,queries/tpch/tpch-queries/q12/v2_filter.sql,measured,2,5,5,3,0.203,550.628,8,2,2,1623962,7,32603286,1990076,2,orders;lineitem,138750,0,0,0,0,0,0
2026-08-12T13:31:55Z,C5A1EA64EE534867,18.4,queries/tpch/tpch-queries/q12/v2_filter.sql,measured,3,1,5,3,0.947,559.294,8,2,2,1623962,7,32603286,1990076,2,orders;lineitem,138750,0,0,0,0,0,0
2026-08-12T13:31:55Z,C5A1EA64EE534867,18.4,queries/tpch/tpch-queries/q12/v2_filter.sql,measured,3,2,5,3,0.197,553.383,8,2,2,1623962,7,32603286,1990076,2,orders;lineitem,138750,0,0,0,0,0,0
2026-08-12T13:31:55Z,C5A1EA64EE534867,18.4,queries/tpch/tpch-queries/q12/v2_filter.sql,measured,3,3,5,3,0.196,550.158,8,2,2,1623962,7,32603286,1990076,2,orders;lineitem,138750,0,0,0,0,0,0
2026-08-12T13:31:55Z,C5A1EA64EE534867,18.4,queries/tpch/tpch-queries/q12/v2_filter.sql,measured,3,4,5,3,0.193,549.245,8,2,2,1623962,7,32603286,1990076,2,orders;lineitem,138750,0,0,0,0,0,0
2026-08-12T13:31:55Z,C5A1EA64EE534867,18.4,queries/tpch/tpch-queries/q12/v2_filter.sql,measured,3,5,5,3,0.192,548.733,8,2,2,1623962,7,32603286,1990076,2,orders;lineitem,138750,0,0,0,0,0,0
2026-08-12T13:31:56Z,C5A1EA64EE534867,18.4,queries/tpch/tpch-queries/q13/base.sql,warmup,1,1,1,3,0.883,796.345,10,2,42,4500710,200,39537504,5361,2,orders;customer,29753,0,0,0,1247,1414,0
2026-08-12T13:31:56Z,C5A1EA64EE534867,18.4,queries/tpch/tpch-queries/q13/base.sql,warmup,2,1,1,3,0.863,800.957,10,2,42,4500547,200,39535548,5361,2,orders;customer,29753,0,0,0,1223,1392,0
2026-08-12T13:32:00Z,C5A1EA64EE534867,18.4,queries/tpch/tpch-queries/q13/base.sql,measured,1,1,5,3,0.844,805.437,10,2,42,4500890,200,39539664,5361,2,orders;customer,29753,0,0,0,1235,1402,0
2026-08-12T13:32:00Z,C5A1EA64EE534867,18.4,queries/tpch/tpch-queries/q13/base.sql,measured,1,2,5,3,0.224,780.829,10,2,42,4500916,200,39539976,5361,2,orders;customer,29750,0,0,0,1223,1390,0
2026-08-12T13:32:00Z,C5A1EA64EE534867,18.4,queries/tpch/tpch-queries/q13/base.sql,measured,1,3,5,3,0.202,772.690,10,2,42,4500735,200,39537804,5361,2,orders;customer,29750,0,0,0,1239,1405,0
2026-08-12T13:32:00Z,C5A1EA64EE534867,18.4,queries/tpch/tpch-queries/q13/base.sql,measured,1,4,5,3,0.207,773.134,10,2,42,4500709,200,39537492,5361,2,orders;customer,29750,0,0,0,1241,1406,0
2026-08-12T13:32:00Z,C5A1EA64EE534867,18.4,queries/tpch/tpch-queries/q13/base.sql,measured,1,5,5,3,0.228,774.444,10,2,42,4500627,200,39536508,5361,2,orders;customer,29750,0,0,0,1235,1402,0
2026-08-12T13:32:04Z,C5A1EA64EE534867,18.4,queries/tpch/tpch-queries/q13/base.sql,measured,2,1,5,3,0.847,795.026,10,2,42,4500853,200,39539220,5361,2,orders;customer,29753,0,0,0,1246,1413,0
2026-08-12T13:32:04Z,C5A1EA64EE534867,18.4,queries/tpch/tpch-queries/q13/base.sql,measured,2,2,5,3,0.202,784.582,10,2,42,4500402,200,39533808,5361,2,orders;customer,29750,0,0,0,1232,1396,0
2026-08-12T13:32:04Z,C5A1EA64EE534867,18.4,queries/tpch/tpch-queries/q13/base.sql,measured,2,3,5,3,0.217,784.657,10,2,42,4500754,200,39538032,5361,2,orders;customer,29750,0,0,0,1233,1397,0
2026-08-12T13:32:04Z,C5A1EA64EE534867,18.4,queries/tpch/tpch-queries/q13/base.sql,measured,2,4,5,3,0.215,774.871,10,2,42,4500628,200,39536520,5361,2,orders;customer,29750,0,0,0,1246,1412,0
2026-08-12T13:32:04Z,C5A1EA64EE534867,18.4,queries/tpch/tpch-queries/q13/base.sql,measured,2,5,5,3,0.222,772.923,10,2,42,4500483,200,39534780,5361,2,orders;customer,29750,0,0,0,1242,1407,0
2026-08-12T13:32:08Z,C5A1EA64EE534867,18.4,queries/tpch/tpch-queries/q13/base.sql,measured,3,1,5,3,0.848,798.667,10,2,42,4500944,200,39540312,5361,2,orders;customer,29753,0,0,0,1241,1406,0
2026-08-12T13:32:08Z,C5A1EA64EE534867,18.4,queries/tpch/tpch-queries/q13/base.sql,measured,3,2,5,3,0.215,781.309,10,2,42,4500638,200,39536640,5361,2,orders;customer,29750,0,0,0,1224,1391,0
2026-08-12T13:32:08Z,C5A1EA64EE534867,18.4,queries/tpch/tpch-queries/q13/base.sql,measured,3,3,5,3,0.219,773.401,10,2,42,4500483,200,39534780,5361,2,orders;customer,29750,0,0,0,1234,1399,0
2026-08-12T13:32:08Z,C5A1EA64EE534867,18.4,queries/tpch/tpch-queries/q13/base.sql,measured,3,4,5,3,0.201,773.543,10,2,42,4500691,200,39537276,5361,2,orders;customer,29750,0,0,0,1241,1406,0
2026-08-12T13:32:08Z,C5A1EA64EE534867,18.4,queries/tpch/tpch-queries/q13/base.sql,measured,3,5,5,3,0.209,773.617,10,2,42,4500898,200,39539760,5361,2,orders;customer,29750,0,0,0,1242,1407,0
2026-08-12T13:32:09Z,C5A1EA64EE534867,18.4,queries/tpch/tpch-queries/q13/v1_materialized.sql,warmup,1,1,1,3,0.876,793.573,11,3,42,4500589,200,39536220,5361,2,orders;customer;_m,29753,0,0,0,1246,1412,0
2026-08-12T13:32:10Z,C5A1EA64EE534867,18.4,queries/tpch/tpch-queries/q13/v1_materialized.sql,warmup,2,1,1,3,0.890,806.592,11,3,42,4501049,200,39541740,5361,2,orders;customer;_m,29753,0,0,0,1235,1402,0
2026-08-12T13:32:14Z,C5A1EA64EE534867,18.4,queries/tpch/tpch-queries/q13/v1_materialized.sql,measured,1,1,5,3,0.896,801.307,11,3,42,4500545,200,39535692,5361,2,orders;customer;_m,29753,0,0,0,1219,1384,0
2026-08-12T13:32:14Z,C5A1EA64EE534867,18.4,queries/tpch/tpch-queries/q13/v1_materialized.sql,measured,1,2,5,3,0.214,779.493,11,3,42,4500894,200,39539880,5361,2,orders;customer;_m,29750,0,0,0,1236,1403,0
2026-08-12T13:32:14Z,C5A1EA64EE534867,18.4,queries/tpch/tpch-queries/q13/v1_materialized.sql,measured,1,3,5,3,0.214,775.208,11,3,42,4500651,200,39536964,5361,2,orders;customer;_m,29750,0,0,0,1240,1406,0
2026-08-12T13:32:14Z,C5A1EA64EE534867,18.4,queries/tpch/tpch-queries/q13/v1_materialized.sql,measured,1,4,5,3,0.230,774.663,11,3,42,4500742,200,39538056,5361,2,orders;customer;_m,29750,0,0,0,1242,1407,0
2026-08-12T13:32:14Z,C5A1EA64EE534867,18.4,queries/tpch/tpch-queries/q13/v1_materialized.sql,measured,1,5,5,3,0.212,775.384,11,3,42,4500707,200,39537636,5361,2,orders;customer;_m,29750,0,0,0,1228,1395,0
2026-08-12T13:32:18Z,C5A1EA64EE534867,18.4,queries/tpch/tpch-queries/q13/v1_materialized.sql,measured,2,1,5,3,0.871,806.637,11,3,42,4500653,200,39536988,5361,2,orders;customer;_m,29753,0,0,0,1235,1402,0
2026-08-12T13:32:18Z,C5A1EA64EE534867,18.4,queries/tpch/tpch-queries/q13/v1_materialized.sql,measured,2,2,5,3,0.218,773.897,11,3,42,4501290,200,39544632,5361,2,orders;customer;_m,29750,0,0,0,1224,1391,0
2026-08-12T13:32:18Z,C5A1EA64EE534867,18.4,queries/tpch/tpch-queries/q13/v1_materialized.sql,measured,2,3,5,3,0.218,775.316,11,3,42,4500788,200,39538608,5361,2,orders;customer;_m,29750,0,0,0,1224,1391,0
2026-08-12T13:32:18Z,C5A1EA64EE534867,18.4,queries/tpch/tpch-queries/q13/v1_materialized.sql,measured,2,4,5,3,0.230,768.531,11,3,42,4500678,200,39537288,5361,2,orders;customer;_m,29750,0,0,0,1247,1415,0
2026-08-12T13:32:18Z,C5A1EA64EE534867,18.4,queries/tpch/tpch-queries/q13/v1_materialized.sql,measured,2,5,5,3,0.226,771.316,11,3,42,4500561,200,39535884,5361,2,orders;customer;_m,29750,0,0,0,1236,1403,0
2026-08-12T13:32:22Z,C5A1EA64EE534867,18.4,queries/tpch/tpch-queries/q13/v1_materialized.sql,measured,3,1,5,3,0.892,794.756,11,3,42,4500824,200,39539040,5361,2,orders;customer;_m,29753,0,0,0,1241,1406,0
2026-08-12T13:32:22Z,C5A1EA64EE534867,18.4,queries/tpch/tpch-queries/q13/v1_materialized.sql,measured,3,2,5,3,0.228,777.700,11,3,42,4500580,200,39536112,5361,2,orders;customer;_m,29750,0,0,0,1241,1406,0
2026-08-12T13:32:22Z,C5A1EA64EE534867,18.4,queries/tpch/tpch-queries/q13/v1_materialized.sql,measured,3,3,5,3,0.233,773.699,11,3,42,4500354,200,39533400,5361,2,orders;customer;_m,29750,0,0,0,1241,1406,0
2026-08-12T13:32:22Z,C5A1EA64EE534867,18.4,queries/tpch/tpch-queries/q13/v1_materialized.sql,measured,3,4,5,3,0.215,769.779,11,3,42,4500643,200,39536868,5361,2,orders;customer;_m,29750,0,0,0,1242,1407,0
2026-08-12T13:32:22Z,C5A1EA64EE534867,18.4,queries/tpch/tpch-queries/q13/v1_materialized.sql,measured,3,5,5,3,0.243,771.007,11,3,42,4500417,200,39534156,5361,2,orders;customer;_m,29750,0,0,0,1223,1392,0
2026-08-12T13:32:25Z,C5A1EA64EE534867,18.4,queries/tpch/tpch-queries/q13/v2_correlated.sql,warmup,1,1,1,3,0.670,2225.730,7,3,42,3300084,150000,3601344,0,0,customer;orders;idx_orders_cust,1953134,0,0,0,0,0,0
2026-08-12T13:32:27Z,C5A1EA64EE534867,18.4,queries/tpch/tpch-queries/q13/v2_correlated.sql,warmup,2,1,1,3,0.709,2204.503,7,3,42,3300084,150000,3601344,0,0,customer;orders;idx_orders_cust,1953134,0,0,0,0,0,0
2026-08-12T13:32:37Z,C5A1EA64EE534867,18.4,queries/tpch/tpch-queries/q13/v2_correlated.sql,measured,1,1,5,3,0.663,2185.590,7,3,42,3300084,150000,3601344,0,0,customer;orders;idx_orders_cust,1953134,0,0,0,0,0,0
2026-08-12T13:32:37Z,C5A1EA64EE534867,18.4,queries/tpch/tpch-queries/q13/v2_correlated.sql,measured,1,2,5,3,0.134,2050.690,7,3,42,3300084,150000,3601344,0,0,customer;orders;idx_orders_cust,1953131,0,0,0,0,0,0
2026-08-12T13:32:37Z,C5A1EA64EE534867,18.4,queries/tpch/tpch-queries/q13/v2_correlated.sql,measured,1,3,5,3,0.131,2060.014,7,3,42,3300084,150000,3601344,0,0,customer;orders;idx_orders_cust,1953131,0,0,0,0,0,0
2026-08-12T13:32:37Z,C5A1EA64EE534867,18.4,queries/tpch/tpch-queries/q13/v2_correlated.sql,measured,1,4,5,3,0.133,2039.004,7,3,42,3300084,150000,3601344,0,0,customer;orders;idx_orders_cust,1953131,0,0,0,0,0,0
2026-08-12T13:32:37Z,C5A1EA64EE534867,18.4,queries/tpch/tpch-queries/q13/v2_correlated.sql,measured,1,5,5,3,0.130,2040.720,7,3,42,3300084,150000,3601344,0,0,customer;orders;idx_orders_cust,1953131,0,0,0,0,0,0
2026-08-12T13:32:48Z,C5A1EA64EE534867,18.4,queries/tpch/tpch-queries/q13/v2_correlated.sql,measured,2,1,5,3,0.657,2151.566,7,3,42,3300084,150000,3601344,0,0,customer;orders;idx_orders_cust,1953134,0,0,0,0,0,0
2026-08-12T13:32:48Z,C5A1EA64EE534867,18.4,queries/tpch/tpch-queries/q13/v2_correlated.sql,measured,2,2,5,3,0.146,2034.414,7,3,42,3300084,150000,3601344,0,0,customer;orders;idx_orders_cust,1953131,0,0,0,0,0,0
2026-08-12T13:32:48Z,C5A1EA64EE534867,18.4,queries/tpch/tpch-queries/q13/v2_correlated.sql,measured,2,3,5,3,0.148,2040.138,7,3,42,3300084,150000,3601344,0,0,customer;orders;idx_orders_cust,1953131,0,0,0,0,0,0
2026-08-12T13:32:48Z,C5A1EA64EE534867,18.4,queries/tpch/tpch-queries/q13/v2_correlated.sql,measured,2,4,5,3,0.132,2032.478,7,3,42,3300084,150000,3601344,0,0,customer;orders;idx_orders_cust,1953131,0,0,0,0,0,0
2026-08-12T13:32:48Z,C5A1EA64EE534867,18.4,queries/tpch/tpch-queries/q13/v2_correlated.sql,measured,2,5,5,3,0.133,2044.193,7,3,42,3300084,150000,3601344,0,0,customer;orders;idx_orders_cust,1953131,0,0,0,0,0,0
2026-08-12T13:32:58Z,C5A1EA64EE534867,18.4,queries/tpch/tpch-queries/q13/v2_correlated.sql,measured,3,1,5,3,0.673,2151.781,7,3,42,3300084,150000,3601344,0,0,customer;orders;idx_orders_cust,1953134,0,0,0,0,0,0
2026-08-12T13:32:58Z,C5A1EA64EE534867,18.4,queries/tpch/tpch-queries/q13/v2_correlated.sql,measured,3,2,5,3,0.135,2038.148,7,3,42,3300084,150000,3601344,0,0,customer;orders;idx_orders_cust,1953131,0,0,0,0,0,0
2026-08-12T13:32:58Z,C5A1EA64EE534867,18.4,queries/tpch/tpch-queries/q13/v2_correlated.sql,measured,3,3,5,3,0.140,2050.914,7,3,42,3300084,150000,3601344,0,0,customer;orders;idx_orders_cust,1953131,0,0,0,0,0,0
2026-08-12T13:32:58Z,C5A1EA64EE534867,18.4,queries/tpch/tpch-queries/q13/v2_correlated.sql,measured,3,4,5,3,0.149,2031.115,7,3,42,3300084,150000,3601344,0,0,customer;orders;idx_orders_cust,1953131,0,0,0,0,0,0
2026-08-12T13:32:58Z,C5A1EA64EE534867,18.4,queries/tpch/tpch-queries/q13/v2_correlated.sql,measured,3,5,5,3,0.132,2034.286,7,3,42,3300084,150000,3601344,0,0,customer;orders;idx_orders_cust,1953131,0,0,0,0,0,0
2026-08-12T13:32:58Z,C5A1EA64EE534867,18.4,queries/tpch/tpch-queries/q14/base.sql,warmup,1,1,1,3,0.719,331.934,7,2,1,551965,1,13723385,1975077,2,lineitem;part,116728,0,0,0,0,0,0
2026-08-12T13:32:59Z,C5A1EA64EE534867,18.4,queries/tpch/tpch-queries/q14/base.sql,warmup,2,1,1,3,0.789,331.675,7,2,1,551965,1,13723385,1975077,2,lineitem;part,116728,0,0,0,0,0,0
2026-08-12T13:33:01Z,C5A1EA64EE534867,18.4,queries/tpch/tpch-queries/q14/base.sql,measured,1,1,5,3,0.985,338.049,7,2,1,551965,1,13723385,1975077,2,lineitem;part,116728,0,0,0,0,0,0
2026-08-12T13:33:01Z,C5A1EA64EE534867,18.4,queries/tpch/tpch-queries/q14/base.sql,measured,1,2,5,3,0.137,308.887,7,2,1,551965,1,13723385,1975077,2,lineitem;part,116728,0,0,0,0,0,0
2026-08-12T13:33:01Z,C5A1EA64EE534867,18.4,queries/tpch/tpch-queries/q14/base.sql,measured,1,3,5,3,0.127,306.540,7,2,1,551965,1,13723385,1975077,2,lineitem;part,116728,0,0,0,0,0,0
2026-08-12T13:33:01Z,C5A1EA64EE534867,18.4,queries/tpch/tpch-queries/q14/base.sql,measured,1,4,5,3,0.111,305.828,7,2,1,551965,1,13723385,1975077,2,lineitem;part,116728,0,0,0,0,0,0
2026-08-12T13:33:01Z,C5A1EA64EE534867,18.4,queries/tpch/tpch-queries/q14/base.sql,measured,1,5,5,3,0.111,305.556,7,2,1,551965,1,13723385,1975077,2,lineitem;part,116728,0,0,0,0,0,0
2026-08-12T13:33:02Z,C5A1EA64EE534867,18.4,queries/tpch/tpch-queries/q14/base.sql,measured,2,1,5,3,0.784,336.072,7,2,1,551965,1,13723385,1975077,2,lineitem;part,116728,0,0,0,0,0,0
2026-08-12T13:33:02Z,C5A1EA64EE534867,18.4,queries/tpch/tpch-queries/q14/base.sql,measured,2,2,5,3,0.175,312.439,7,2,1,551965,1,13723385,1975077,2,lineitem;part,116728,0,0,0,0,0,0
2026-08-12T13:33:02Z,C5A1EA64EE534867,18.4,queries/tpch/tpch-queries/q14/base.sql,measured,2,3,5,3,0.114,310.491,7,2,1,551965,1,13723385,1975077,2,lineitem;part,116728,0,0,0,0,0,0
2026-08-12T13:33:02Z,C5A1EA64EE534867,18.4,queries/tpch/tpch-queries/q14/base.sql,measured,2,4,5,3,0.112,309.865,7,2,1,551965,1,13723385,1975077,2,lineitem;part,116728,0,0,0,0,0,0
2026-08-12T13:33:02Z,C5A1EA64EE534867,18.4,queries/tpch/tpch-queries/q14/base.sql,measured,2,5,5,3,0.131,307.966,7,2,1,551965,1,13723385,1975077,2,lineitem;part,116728,0,0,0,0,0,0
2026-08-12T13:33:04Z,C5A1EA64EE534867,18.4,queries/tpch/tpch-queries/q14/base.sql,measured,3,1,5,3,0.937,339.861,7,2,1,551965,1,13723385,1975077,2,lineitem;part,116728,0,0,0,0,0,0
2026-08-12T13:33:04Z,C5A1EA64EE534867,18.4,queries/tpch/tpch-queries/q14/base.sql,measured,3,2,5,3,0.112,313.490,7,2,1,551965,1,13723385,1975077,2,lineitem;part,116728,0,0,0,0,0,0
2026-08-12T13:33:04Z,C5A1EA64EE534867,18.4,queries/tpch/tpch-queries/q14/base.sql,measured,3,3,5,3,0.114,311.856,7,2,1,551965,1,13723385,1975077,2,lineitem;part,116728,0,0,0,0,0,0
2026-08-12T13:33:04Z,C5A1EA64EE534867,18.4,queries/tpch/tpch-queries/q14/base.sql,measured,3,4,5,3,0.129,305.674,7,2,1,551965,1,13723385,1975077,2,lineitem;part,116728,0,0,0,0,0,0
2026-08-12T13:33:04Z,C5A1EA64EE534867,18.4,queries/tpch/tpch-queries/q14/base.sql,measured,3,5,5,3,0.129,306.095,7,2,1,551965,1,13723385,1975077,2,lineitem;part,116728,0,0,0,0,0,0
2026-08-12T13:33:04Z,C5A1EA64EE534867,18.4,queries/tpch/tpch-queries/q14/v1_materialized.sql,warmup,1,1,1,3,0.866,340.196,8,3,1,551966,1,13723417,1975077,2,_m;lineitem;part,116728,0,0,0,0,0,0
2026-08-12T13:33:05Z,C5A1EA64EE534867,18.4,queries/tpch/tpch-queries/q14/v1_materialized.sql,warmup,2,1,1,3,1.026,338.419,8,3,1,551966,1,13723417,1975077,2,_m;lineitem;part,116728,0,0,0,0,0,0
2026-08-12T13:33:06Z,C5A1EA64EE534867,18.4,queries/tpch/tpch-queries/q14/v1_materialized.sql,measured,1,1,5,3,0.978,338.822,8,3,1,551966,1,13723417,1975077,2,_m;lineitem;part,116728,0,0,0,0,0,0
2026-08-12T13:33:06Z,C5A1EA64EE534867,18.4,queries/tpch/tpch-queries/q14/v1_materialized.sql,measured,1,2,5,3,0.125,309.072,8,3,1,551966,1,13723417,1975077,2,_m;lineitem;part,116728,0,0,0,0,0,0
2026-08-12T13:33:06Z,C5A1EA64EE534867,18.4,queries/tpch/tpch-queries/q14/v1_materialized.sql,measured,1,3,5,3,0.142,323.988,8,3,1,551966,1,13723417,1975077,2,_m;lineitem;part,116728,0,0,0,0,0,0
2026-08-12T13:33:06Z,C5A1EA64EE534867,18.4,queries/tpch/tpch-queries/q14/v1_materialized.sql,measured,1,4,5,3,0.134,310.495,8,3,1,551966,1,13723417,1975077,2,_m;lineitem;part,116728,0,0,0,0,0,0
2026-08-12T13:33:06Z,C5A1EA64EE534867,18.4,queries/tpch/tpch-queries/q14/v1_materialized.sql,measured,1,5,5,3,0.127,306.267,8,3,1,551966,1,13723417,1975077,2,_m;lineitem;part,116728,0,0,0,0,0,0
2026-08-12T13:33:08Z,C5A1EA64EE534867,18.4,queries/tpch/tpch-queries/q14/v1_materialized.sql,measured,2,1,5,3,0.910,335.000,8,3,1,551966,1,13723417,1975077,2,_m;lineitem;part,116728,0,0,0,0,0,0
2026-08-12T13:33:08Z,C5A1EA64EE534867,18.4,queries/tpch/tpch-queries/q14/v1_materialized.sql,measured,2,2,5,3,0.144,309.979,8,3,1,551966,1,13723417,1975077,2,_m;lineitem;part,116728,0,0,0,0,0,0
2026-08-12T13:33:08Z,C5A1EA64EE534867,18.4,queries/tpch/tpch-queries/q14/v1_materialized.sql,measured,2,3,5,3,0.127,308.147,8,3,1,551966,1,13723417,1975077,2,_m;lineitem;part,116728,0,0,0,0,0,0
2026-08-12T13:33:08Z,C5A1EA64EE534867,18.4,queries/tpch/tpch-queries/q14/v1_materialized.sql,measured,2,4,5,3,0.143,310.718,8,3,1,551966,1,13723417,1975077,2,_m;lineitem;part,116728,0,0,0,0,0,0
2026-08-12T13:33:08Z,C5A1EA64EE534867,18.4,queries/tpch/tpch-queries/q14/v1_materialized.sql,measured,2,5,5,3,0.135,308.082,8,3,1,551966,1,13723417,1975077,2,_m;lineitem;part,116728,0,0,0,0,0,0
2026-08-12T13:33:10Z,C5A1EA64EE534867,18.4,queries/tpch/tpch-queries/q14/v1_materialized.sql,measured,3,1,5,3,0.795,343.829,8,3,1,551966,1,13723417,1975077,2,_m;lineitem;part,116728,0,0,0,0,0,0
2026-08-12T13:33:10Z,C5A1EA64EE534867,18.4,queries/tpch/tpch-queries/q14/v1_materialized.sql,measured,3,2,5,3,0.135,313.298,8,3,1,551966,1,13723417,1975077,2,_m;lineitem;part,116728,0,0,0,0,0,0
2026-08-12T13:33:10Z,C5A1EA64EE534867,18.4,queries/tpch/tpch-queries/q14/v1_materialized.sql,measured,3,3,5,3,0.134,311.553,8,3,1,551966,1,13723417,1975077,2,_m;lineitem;part,116728,0,0,0,0,0,0
2026-08-12T13:33:10Z,C5A1EA64EE534867,18.4,queries/tpch/tpch-queries/q14/v1_materialized.sql,measured,3,4,5,3,0.126,305.147,8,3,1,551966,1,13723417,1975077,2,_m;lineitem;part,116728,0,0,0,0,0,0
2026-08-12T13:33:10Z,C5A1EA64EE534867,18.4,queries/tpch/tpch-queries/q14/v1_materialized.sql,measured,3,5,5,3,0.134,307.840,8,3,1,551966,1,13723417,1975077,2,_m;lineitem;part,116728,0,0,0,0,0,0
2026-08-12T13:33:10Z,C5A1EA64EE534867,18.4,queries/tpch/tpch-queries/q14/v2_filter.sql,warmup,1,1,1,3,0.817,336.557,7,2,1,551965,1,13723385,1975077,2,lineitem;part,116728,0,0,0,0,0,0
2026-08-12T13:33:11Z,C5A1EA64EE534867,18.4,queries/tpch/tpch-queries/q14/v2_filter.sql,warmup,2,1,1,3,0.991,337.594,7,2,1,551965,1,13723385,1975077,2,lineitem;part,116728,0,0,0,0,0,0
2026-08-12T13:33:12Z,C5A1EA64EE534867,18.4,queries/tpch/tpch-queries/q14/v2_filter.sql,measured,1,1,5,3,0.728,330.833,7,2,1,551965,1,13723385,1975077,2,lineitem;part,116728,0,0,0,0,0,0
2026-08-12T13:33:12Z,C5A1EA64EE534867,18.4,queries/tpch/tpch-queries/q14/v2_filter.sql,measured,1,2,5,3,0.113,311.324,7,2,1,551965,1,13723385,1975077,2,lineitem;part,116728,0,0,0,0,0,0
2026-08-12T13:33:12Z,C5A1EA64EE534867,18.4,queries/tpch/tpch-queries/q14/v2_filter.sql,measured,1,3,5,3,0.112,307.115,7,2,1,551965,1,13723385,1975077,2,lineitem;part,116728,0,0,0,0,0,0
2026-08-12T13:33:12Z,C5A1EA64EE534867,18.4,queries/tpch/tpch-queries/q14/v2_filter.sql,measured,1,4,5,3,0.117,308.773,7,2,1,551965,1,13723385,1975077,2,lineitem;part,116728,0,0,0,0,0,0
2026-08-12T13:33:12Z,C5A1EA64EE534867,18.4,queries/tpch/tpch-queries/q14/v2_filter.sql,measured,1,5,5,3,0.129,306.450,7,2,1,551965,1,13723385,1975077,2,lineitem;part,116728,0,0,0,0,0,0
2026-08-12T13:33:14Z,C5A1EA64EE534867,18.4,queries/tpch/tpch-queries/q14/v2_filter.sql,measured,2,1,5,3,0.754,321.504,7,2,1,551965,1,13723385,1975077,2,lineitem;part,116728,0,0,0,0,0,0
2026-08-12T13:33:14Z,C5A1EA64EE534867,18.4,queries/tpch/tpch-queries/q14/v2_filter.sql,measured,2,2,5,3,0.110,294.055,7,2,1,551965,1,13723385,1975077,2,lineitem;part,116728,0,0,0,0,0,0
2026-08-12T13:33:14Z,C5A1EA64EE534867,18.4,queries/tpch/tpch-queries/q14/v2_filter.sql,measured,2,3,5,3,0.103,292.865,7,2,1,551965,1,13723385,1975077,2,lineitem;part,116728,0,0,0,0,0,0
2026-08-12T13:33:14Z,C5A1EA64EE534867,18.4,queries/tpch/tpch-queries/q14/v2_filter.sql,measured,2,4,5,3,0.106,294.522,7,2,1,551965,1,13723385,1975077,2,lineitem;part,116728,0,0,0,0,0,0
2026-08-12T13:33:14Z,C5A1EA64EE534867,18.4,queries/tpch/tpch-queries/q14/v2_filter.sql,measured,2,5,5,3,0.109,296.430,7,2,1,551965,1,13723385,1975077,2,lineitem;part,116728,0,0,0,0,0,0
2026-08-12T13:33:16Z,C5A1EA64EE534867,18.4,queries/tpch/tpch-queries/q14/v2_filter.sql,measured,3,1,5,3,0.730,319.826,7,2,1,551965,1,13723385,1975077,2,lineitem;part,116728,0,0,0,0,0,0
2026-08-12T13:33:16Z,C5A1EA64EE534867,18.4,queries/tpch/tpch-queries/q14/v2_filter.sql,measured,3,2,5,3,0.104,294.267,7,2,1,551965,1,13723385,1975077,2,lineitem;part,116728,0,0,0,0,0,0
2026-08-12T13:33:16Z,C5A1EA64EE534867,18.4,queries/tpch/tpch-queries/q14/v2_filter.sql,measured,3,3,5,3,0.103,291.697,7,2,1,551965,1,13723385,1975077,2,lineitem;part,116728,0,0,0,0,0,0
2026-08-12T13:33:16Z,C5A1EA64EE534867,18.4,queries/tpch/tpch-queries/q14/v2_filter.sql,measured,3,4,5,3,0.103,291.609,7,2,1,551965,1,13723385,1975077,2,lineitem;part,116728,0,0,0,0,0,0
2026-08-12T13:33:16Z,C5A1EA64EE534867,18.4,queries/tpch/tpch-queries/q14/v2_filter.sql,measured,3,5,5,3,0.110,291.815,7,2,1,551965,1,13723385,1975077,2,lineitem;part,116728,0,0,0,0,0,0
2026-08-12T13:33:16Z,C5A1EA64EE534867,18.4,queries/tpch/tpch-queries/q15/base.sql,warmup,1,1,1,3,0.770,343.524,12,4,1,345906,50,8243666,1935086,2,lineitem;revenue;supplier,112837,0,0,0,0,0,0
2026-08-12T13:33:16Z,C5A1EA64EE534867,18.4,queries/tpch/tpch-queries/q15/base.sql,warmup,2,1,1,3,0.931,350.163,12,4,1,345897,50,8243342,1935086,2,lineitem;revenue;supplier,112837,0,0,0,0,0,0
2026-08-12T13:33:18Z,C5A1EA64EE534867,18.4,queries/tpch/tpch-queries/q15/base.sql,measured,1,1,5,3,0.823,342.527,12,4,1,345916,50,8244026,1935086,2,lineitem;revenue;supplier,112837,0,0,0,0,0,0
2026-08-12T13:33:18Z,C5A1EA64EE534867,18.4,queries/tpch/tpch-queries/q15/base.sql,measured,1,2,5,3,0.129,321.995,12,4,1,345898,50,8243378,1935086,2,lineitem;revenue;supplier,112837,0,0,0,0,0,0
2026-08-12T13:33:18Z,C5A1EA64EE534867,18.4,queries/tpch/tpch-queries/q15/base.sql,measured,1,3,5,3,0.130,319.840,12,4,1,345897,50,8243342,1935086,2,lineitem;revenue;supplier,112837,0,0,0,0,0,0
2026-08-12T13:33:18Z,C5A1EA64EE534867,18.4,queries/tpch/tpch-queries/q15/base.sql,measured,1,4,5,3,0.142,317.424,12,4,1,345898,50,8243378,1935086,2,lineitem;revenue;supplier,112837,0,0,0,0,0,0
2026-08-12T13:33:18Z,C5A1EA64EE534867,18.4,queries/tpch/tpch-queries/q15/base.sql,measured,1,5,5,3,0.142,317.526,12,4,1,345897,50,8243342,1935086,2,lineitem;revenue;supplier,112837,0,0,0,0,0,0
2026-08-12T13:33:20Z,C5A1EA64EE534867,18.4,queries/tpch/tpch-queries/q15/base.sql,measured,2,1,5,3,0.761,342.199,12,4,1,345915,50,8243990,1935086,2,lineitem;revenue;supplier,112837,0,0,0,0,0,0
2026-08-12T13:33:20Z,C5A1EA64EE534867,18.4,queries/tpch/tpch-queries/q15/base.sql,measured,2,2,5,3,0.131,318.991,12,4,1,345907,50,8243702,1935086,2,lineitem;revenue;supplier,112837,0,0,0,0,0,0
2026-08-12T13:33:20Z,C5A1EA64EE534867,18.4,queries/tpch/tpch-queries/q15/base.sql,measured,2,3,5,3,0.136,318.380,12,4,1,345916,50,8244026,1935086,2,lineitem;revenue;supplier,112837,0,0,0,0,0,0
2026-08-12T13:33:20Z,C5A1EA64EE534867,18.4,queries/tpch/tpch-queries/q15/base.sql,measured,2,4,5,3,0.130,315.971,12,4,1,345897,50,8243342,1935086,2,lineitem;revenue;supplier,112837,0,0,0,0,0,0
2026-08-12T13:33:20Z,C5A1EA64EE534867,18.4,queries/tpch/tpch-queries/q15/base.sql,measured,2,5,5,3,0.133,317.073,12,4,1,345905,50,8243630,1935086,2,lineitem;revenue;supplier,112837,0,0,0,0,0,0
2026-08-12T13:33:22Z,C5A1EA64EE534867,18.4,queries/tpch/tpch-queries/q15/base.sql,measured,3,1,5,3,0.710,342.912,12,4,1,345933,50,8244638,1935086,2,lineitem;revenue;supplier,112837,0,0,0,0,0,0
2026-08-12T13:33:22Z,C5A1EA64EE534867,18.4,queries/tpch/tpch-queries/q15/base.sql,measured,3,2,5,3,0.136,322.785,12,4,1,345896,50,8243306,1935086,2,lineitem;revenue;supplier,112837,0,0,0,0,0,0
2026-08-12T13:33:22Z,C5A1EA64EE534867,18.4,queries/tpch/tpch-queries/q15/base.sql,measured,3,3,5,3,0.129,321.245,12,4,1,345897,50,8243342,1935086,2,lineitem;revenue;supplier,112837,0,0,0,0,0,0
2026-08-12T13:33:22Z,C5A1EA64EE534867,18.4,queries/tpch/tpch-queries/q15/base.sql,measured,3,4,5,3,0.129,323.341,12,4,1,345905,50,8243630,1935086,2,lineitem;revenue;supplier,112837,0,0,0,0,0,0
2026-08-12T13:33:22Z,C5A1EA64EE534867,18.4,queries/tpch/tpch-queries/q15/base.sql,measured,3,5,5,3,0.127,321.873,12,4,1,345906,50,8243666,1935086,2,lineitem;revenue;supplier,112837,0,0,0,0,0,0
2026-08-12T13:33:22Z,C5A1EA64EE534867,18.4,queries/tpch/tpch-queries/q15/v1_materialized.sql,warmup,1,1,1,3,0.828,342.691,13,5,1,345924,50,8244779,1935086,2,lineitem;revenue;supplier;_m,112837,0,0,0,0,0,0
2026-08-12T13:33:22Z,C5A1EA64EE534867,18.4,queries/tpch/tpch-queries/q15/v1_materialized.sql,warmup,2,1,1,3,0.725,341.518,13,5,1,345934,50,8245139,1935086,2,lineitem;revenue;supplier;_m,112837,0,0,0,0,0,0
2026-08-12T13:33:24Z,C5A1EA64EE534867,18.4,queries/tpch/tpch-queries/q15/v1_materialized.sql,measured,1,1,5,3,0.837,342.849,13,5,1,345906,50,8244131,1935086,2,lineitem;revenue;supplier;_m,112837,0,0,0,0,0,0
2026-08-12T13:33:24Z,C5A1EA64EE534867,18.4,queries/tpch/tpch-queries/q15/v1_materialized.sql,measured,1,2,5,3,0.142,324.205,13,5,1,345906,50,8244131,1935086,2,lineitem;revenue;supplier;_m,112837,0,0,0,0,0,0
2026-08-12T13:33:24Z,C5A1EA64EE534867,18.4,queries/tpch/tpch-queries/q15/v1_materialized.sql,measured,1,3,5,3,0.141,320.395,13,5,1,345924,50,8244779,1935086,2,lineitem;revenue;supplier;_m,112837,0,0,0,0,0,0
2026-08-12T13:33:24Z,C5A1EA64EE534867,18.4,queries/tpch/tpch-queries/q15/v1_materialized.sql,measured,1,4,5,3,0.141,322.067,13,5,1,345897,50,8243807,1935086,2,lineitem;revenue;supplier;_m,112837,0,0,0,0,0,0
2026-08-12T13:33:24Z,C5A1EA64EE534867,18.4,queries/tpch/tpch-queries/q15/v1_materialized.sql,measured,1,5,5,3,0.142,324.257,13,5,1,345889,50,8243519,1935086,2,lineitem;revenue;supplier;_m,112837,0,0,0,0,0,0
2026-08-12T13:33:26Z,C5A1EA64EE534867,18.4,queries/tpch/tpch-queries/q15/v1_materialized.sql,measured,2,1,5,3,0.905,347.114,13,5,1,345899,50,8243879,1935086,2,lineitem;revenue;supplier;_m,112837,0,0,0,0,0,0
2026-08-12T13:33:26Z,C5A1EA64EE534867,18.4,queries/tpch/tpch-queries/q15/v1_materialized.sql,measured,2,2,5,3,0.142,328.450,13,5,1,345908,50,8244203,1935086,2,lineitem;revenue;supplier;_m,112837,0,0,0,0,0,0
2026-08-12T13:33:26Z,C5A1EA64EE534867,18.4,queries/tpch/tpch-queries/q15/v1_materialized.sql,measured,2,3,5,3,0.139,330.756,13,5,1,345897,50,8243807,1935086,2,lineitem;revenue;supplier;_m,112837,0,0,0,0,0,0
2026-08-12T13:33:26Z,C5A1EA64EE534867,18.4,queries/tpch/tpch-queries/q15/v1_materialized.sql,measured,2,4,5,3,0.139,326.704,13,5,1,345899,50,8243879,1935086,2,lineitem;revenue;supplier;_m,112837,0,0,0,0,0,0
2026-08-12T13:33:26Z,C5A1EA64EE534867,18.4,queries/tpch/tpch-queries/q15/v1_materialized.sql,measured,2,5,5,3,0.141,326.338,13,5,1,345908,50,8244203,1935086,2,lineitem;revenue;supplier;_m,112837,0,0,0,0,0,0
2026-08-12T13:33:28Z,C5A1EA64EE534867,18.4,queries/tpch/tpch-queries/q15/v1_materialized.sql,measured,3,1,5,3,0.732,347.645,13,5,1,345934,50,8245139,1935086,2,lineitem;revenue;supplier;_m,112837,0,0,0,0,0,0
2026-08-12T13:33:28Z,C5A1EA64EE534867,18.4,queries/tpch/tpch-queries/q15/v1_materialized.sql,measured,3,2,5,3,0.151,328.143,13,5,1,345906,50,8244131,1935086,2,lineitem;revenue;supplier;_m,112837,0,0,0,0,0,0
2026-08-12T13:33:28Z,C5A1EA64EE534867,18.4,queries/tpch/tpch-queries/q15/v1_materialized.sql,measured,3,3,5,3,0.142,325.579,13,5,1,345897,50,8243807,1935086,2,lineitem;revenue;supplier;_m,112837,0,0,0,0,0,0
2026-08-12T13:33:28Z,C5A1EA64EE534867,18.4,queries/tpch/tpch-queries/q15/v1_materialized.sql,measured,3,4,5,3,0.143,322.750,13,5,1,345917,50,8244527,1935086,2,lineitem;revenue;supplier;_m,112837,0,0,0,0,0,0
2026-08-12T13:33:28Z,C5A1EA64EE534867,18.4,queries/tpch/tpch-queries/q15/v1_materialized.sql,measured,3,5,5,3,0.142,323.782,13,5,1,345926,50,8244851,1935086,2,lineitem;revenue;supplier;_m,112837,0,0,0,0,0,0
2026-08-12T13:33:28Z,C5A1EA64EE534867,18.4,queries/tpch/tpch-queries/q16/base.sql,warmup,1,1,1,3,0.782,258.234,9,3,18314,1250298,16013,24568240,66909,2,partsupp;supplier;part,22404,0,0,0,0,0,0
2026-08-12T13:33:28Z,C5A1EA64EE534867,18.4,queries/tpch/tpch-queries/q16/base.sql,warmup,2,1,1,3,0.682,255.452,9,3,18314,1250298,16013,24568240,66909,2,partsupp;supplier;part,22404,0,0,0,0,0,0
2026-08-12T13:33:30Z,C5A1EA64EE534867,18.4,queries/tpch/tpch-queries/q16/base.sql,measured,1,1,5,3,0.687,255.947,9,3,18314,1250298,16013,24568240,66909,2,partsupp;supplier;part,22404,0,0,0,0,0,0
2026-08-12T13:33:30Z,C5A1EA64EE534867,18.4,queries/tpch/tpch-queries/q16/base.sql,measured,1,2,5,3,0.161,251.986,9,3,18314,1250298,16013,24568240,66909,2,partsupp;supplier;part,22401,0,0,0,0,0,0
2026-08-12T13:33:30Z,C5A1EA64EE534867,18.4,queries/tpch/tpch-queries/q16/base.sql,measured,1,3,5,3,0.168,253.007,9,3,18314,1250298,16013,24568240,66909,2,partsupp;supplier;part,22401,0,0,0,0,0,0
2026-08-12T13:33:30Z,C5A1EA64EE534867,18.4,queries/tpch/tpch-queries/q16/base.sql,measured,1,4,5,3,0.162,257.011,9,3,18314,1250298,16013,24568240,66909,2,partsupp;supplier;part,22401,0,0,0,0,0,0
2026-08-12T13:33:30Z,C5A1EA64EE534867,18.4,queries/tpch/tpch-queries/q16/base.sql,measured,1,5,5,3,0.161,253.267,9,3,18314,1250298,16013,24568240,66909,2,partsupp;supplier;part,22401,0,0,0,0,0,0
2026-08-12T13:33:31Z,C5A1EA64EE534867,18.4,queries/tpch/tpch-queries/q16/base.sql,measured,2,1,5,3,0.922,257.189,9,3,18314,1250298,16013,24568240,66909,2,partsupp;supplier;part,22404,0,0,0,0,0,0
2026-08-12T13:33:31Z,C5A1EA64EE534867,18.4,queries/tpch/tpch-queries/q16/base.sql,measured,2,2,5,3,0.160,258.898,9,3,18314,1250298,16013,24568240,66909,2,partsupp;supplier;part,22401,0,0,0,0,0,0
2026-08-12T13:33:31Z,C5A1EA64EE534867,18.4,queries/tpch/tpch-queries/q16/base.sql,measured,2,3,5,3,0.165,259.766,9,3,18314,1250298,16013,24568240,66909,2,partsupp;supplier;part,22401,0,0,0,0,0,0
2026-08-12T13:33:31Z,C5A1EA64EE534867,18.4,queries/tpch/tpch-queries/q16/base.sql,measured,2,4,5,3,0.167,259.906,9,3,18314,1250298,16013,24568240,66909,2,partsupp;supplier;part,22401,0,0,0,0,0,0
2026-08-12T13:33:31Z,C5A1EA64EE534867,18.4,queries/tpch/tpch-queries/q16/base.sql,measured,2,5,5,3,0.165,259.878,9,3,18314,1250298,16013,24568240,66909,2,partsupp;supplier;part,22401,0,0,0,0,0,0
2026-08-12T13:33:33Z,C5A1EA64EE534867,18.4,queries/tpch/tpch-queries/q16/base.sql,measured,3,1,5,3,0.720,256.321,9,3,18314,1250298,16013,24568240,66909,2,partsupp;supplier;part,22404,0,0,0,0,0,0
2026-08-12T13:33:33Z,C5A1EA64EE534867,18.4,queries/tpch/tpch-queries/q16/base.sql,measured,3,2,5,3,0.170,253.585,9,3,18314,1250298,16013,24568240,66909,2,partsupp;supplier;part,22401,0,0,0,0,0,0
2026-08-12T13:33:33Z,C5A1EA64EE534867,18.4,queries/tpch/tpch-queries/q16/base.sql,measured,3,3,5,3,0.163,256.884,9,3,18314,1250298,16013,24568240,66909,2,partsupp;supplier;part,22401,0,0,0,0,0,0
2026-08-12T13:33:33Z,C5A1EA64EE534867,18.4,queries/tpch/tpch-queries/q16/base.sql,measured,3,4,5,3,0.169,259.654,9,3,18314,1250298,16013,24568240,66909,2,partsupp;supplier;part,22401,0,0,0,0,0,0
2026-08-12T13:33:33Z,C5A1EA64EE534867,18.4,queries/tpch/tpch-queries/q16/base.sql,measured,3,5,5,3,0.168,253.964,9,3,18314,1250298,16013,24568240,66909,2,partsupp;supplier;part,22401,0,0,0,0,0,0
2026-08-12T13:33:33Z,C5A1EA64EE534867,18.4,queries/tpch/tpch-queries/q16/v1_materialized.sql,warmup,1,1,1,3,0.873,258.747,10,4,18314,1268612,16013,28304296,66909,2,partsupp;supplier;part;_m,22404,0,0,0,0,0,0
2026-08-12T13:33:33Z,C5A1EA64EE534867,18.4,queries/tpch/tpch-queries/q16/v1_materialized.sql,warmup,2,1,1,3,0.733,263.702,10,4,18314,1268612,16013,28304296,66909,2,partsupp;supplier;part;_m,22404,0,0,0,0,0,0
2026-08-12T13:33:35Z,C5A1EA64EE534867,18.4,queries/tpch/tpch-queries/q16/v1_materialized.sql,measured,1,1,5,3,0.735,268.133,10,4,18314,1268612,16013,28304296,66909,2,partsupp;supplier;part;_m,22404,0,0,0,0,0,0
2026-08-12T13:33:35Z,C5A1EA64EE534867,18.4,queries/tpch/tpch-queries/q16/v1_materialized.sql,measured,1,2,5,3,0.178,263.494,10,4,18314,1268612,16013,28304296,66909,2,partsupp;supplier;part;_m,22401,0,0,0,0,0,0
2026-08-12T13:33:35Z,C5A1EA64EE534867,18.4,queries/tpch/tpch-queries/q16/v1_materialized.sql,measured,1,3,5,3,0.179,264.818,10,4,18314,1268612,16013,28304296,66909,2,partsupp;supplier;part;_m,22401,0,0,0,0,0,0
2026-08-12T13:33:35Z,C5A1EA64EE534867,18.4,queries/tpch/tpch-queries/q16/v1_materialized.sql,measured,1,4,5,3,0.179,266.830,10,4,18314,1268612,16013,28304296,66909,2,partsupp;supplier;part;_m,22401,0,0,0,0,0,0
2026-08-12T13:33:35Z,C5A1EA64EE534867,18.4,queries/tpch/tpch-queries/q16/v1_materialized.sql,measured,1,5,5,3,0.186,267.078,10,4,18314,1268612,16013,28304296,66909,2,partsupp;supplier;part;_m,22401,0,0,0,0,0,0
2026-08-12T13:33:36Z,C5A1EA64EE534867,18.4,queries/tpch/tpch-queries/q16/v1_materialized.sql,measured,2,1,5,3,0.732,265.868,10,4,18314,1268612,16013,28304296,66909,2,partsupp;supplier;part;_m,22404,0,0,0,0,0,0
2026-08-12T13:33:36Z,C5A1EA64EE534867,18.4,queries/tpch/tpch-queries/q16/v1_materialized.sql,measured,2,2,5,3,0.185,267.042,10,4,18314,1268612,16013,28304296,66909,2,partsupp;supplier;part;_m,22401,0,0,0,0,0,0
2026-08-12T13:33:36Z,C5A1EA64EE534867,18.4,queries/tpch/tpch-queries/q16/v1_materialized.sql,measured,2,3,5,3,0.176,263.504,10,4,18314,1268612,16013,28304296,66909,2,partsupp;supplier;part;_m,22401,0,0,0,0,0,0
2026-08-12T13:33:36Z,C5A1EA64EE534867,18.4,queries/tpch/tpch-queries/q16/v1_materialized.sql,measured,2,4,5,3,0.190,265.551,10,4,18314,1268612,16013,28304296,66909,2,partsupp;supplier;part;_m,22401,0,0,0,0,0,0
2026-08-12T13:33:36Z,C5A1EA64EE534867,18.4,queries/tpch/tpch-queries/q16/v1_materialized.sql,measured,2,5,5,3,0.200,264.729,10,4,18314,1268612,16013,28304296,66909,2,partsupp;supplier;part;_m,22401,0,0,0,0,0,0
2026-08-12T13:33:37Z,C5A1EA64EE534867,18.4,queries/tpch/tpch-queries/q16/v1_materialized.sql,measured,3,1,5,3,0.834,259.116,10,4,18314,1268612,16013,28304296,66909,2,partsupp;supplier;part;_m,22404,0,0,0,0,0,0
2026-08-12T13:33:37Z,C5A1EA64EE534867,18.4,queries/tpch/tpch-queries/q16/v1_materialized.sql,measured,3,2,5,3,0.197,261.212,10,4,18314,1268612,16013,28304296,66909,2,partsupp;supplier;part;_m,22401,0,0,0,0,0,0
2026-08-12T13:33:37Z,C5A1EA64EE534867,18.4,queries/tpch/tpch-queries/q16/v1_materialized.sql,measured,3,3,5,3,0.206,261.208,10,4,18314,1268612,16013,28304296,66909,2,partsupp;supplier;part;_m,22401,0,0,0,0,0,0
2026-08-12T13:33:37Z,C5A1EA64EE534867,18.4,queries/tpch/tpch-queries/q16/v1_materialized.sql,measured,3,4,5,3,0.195,267.638,10,4,18314,1268612,16013,28304296,66909,2,partsupp;supplier;part;_m,22401,0,0,0,0,0,0
2026-08-12T13:33:37Z,C5A1EA64EE534867,18.4,queries/tpch/tpch-queries/q16/v1_materialized.sql,measured,3,5,5,3,0.184,262.144,10,4,18314,1268612,16013,28304296,66909,2,partsupp;supplier;part;_m,22401,0,0,0,0,0,0
2026-08-12T13:33:38Z,C5A1EA64EE534867,18.4,queries/tpch/tpch-queries/q16/v2_not_exists.sql,warmup,1,1,1,3,0.710,241.414,11,3,18314,1368951,16013,29303752,66802,2,partsupp;part;supplier,22404,0,0,0,0,0,0
2026-08-12T13:33:38Z,C5A1EA64EE534867,18.4,queries/tpch/tpch-queries/q16/v2_not_exists.sql,warmup,2,1,1,3,0.741,239.350,11,3,18314,1368951,16013,29303752,66802,2,partsupp;part;supplier,22404,0,0,0,0,0,0
2026-08-12T13:33:39Z,C5A1EA64EE534867,18.4,queries/tpch/tpch-queries/q16/v2_not_exists.sql,measured,1,1,5,3,0.728,241.343,11,3,18314,1368951,16013,29303752,66802,2,partsupp;part;supplier,22404,0,0,0,0,0,0
2026-08-12T13:33:39Z,C5A1EA64EE534867,18.4,queries/tpch/tpch-queries/q16/v2_not_exists.sql,measured,1,2,5,3,0.184,236.182,11,3,18314,1368951,16013,29303752,66802,2,partsupp;part;supplier,22401,0,0,0,0,0,0
2026-08-12T13:33:39Z,C5A1EA64EE534867,18.4,queries/tpch/tpch-queries/q16/v2_not_exists.sql,measured,1,3,5,3,0.190,239.138,11,3,18314,1368951,16013,29303752,66802,2,partsupp;part;supplier,22401,0,0,0,0,0,0
2026-08-12T13:33:39Z,C5A1EA64EE534867,18.4,queries/tpch/tpch-queries/q16/v2_not_exists.sql,measured,1,4,5,3,0.206,238.996,11,3,18314,1368951,16013,29303752,66802,2,partsupp;part;supplier,22401,0,0,0,0,0,0
2026-08-12T13:33:39Z,C5A1EA64EE534867,18.4,queries/tpch/tpch-queries/q16/v2_not_exists.sql,measured,1,5,5,3,0.188,241.388,11,3,18314,1368951,16013,29303752,66802,2,partsupp;part;supplier,22401,0,0,0,0,0,0
2026-08-12T13:33:41Z,C5A1EA64EE534867,18.4,queries/tpch/tpch-queries/q16/v2_not_exists.sql,measured,2,1,5,3,0.727,241.671,11,3,18314,1368951,16013,29303752,66802,2,partsupp;part;supplier,22404,0,0,0,0,0,0
2026-08-12T13:33:41Z,C5A1EA64EE534867,18.4,queries/tpch/tpch-queries/q16/v2_not_exists.sql,measured,2,2,5,3,0.189,238.167,11,3,18314,1368951,16013,29303752,66802,2,partsupp;part;supplier,22401,0,0,0,0,0,0
2026-08-12T13:33:41Z,C5A1EA64EE534867,18.4,queries/tpch/tpch-queries/q16/v2_not_exists.sql,measured,2,3,5,3,0.216,240.963,11,3,18314,1368951,16013,29303752,66802,2,partsupp;part;supplier,22401,0,0,0,0,0,0
2026-08-12T13:33:41Z,C5A1EA64EE534867,18.4,queries/tpch/tpch-queries/q16/v2_not_exists.sql,measured,2,4,5,3,0.186,242.826,11,3,18314,1368951,16013,29303752,66802,2,partsupp;part;supplier,22401,0,0,0,0,0,0
2026-08-12T13:33:41Z,C5A1EA64EE534867,18.4,queries/tpch/tpch-queries/q16/v2_not_exists.sql,measured,2,5,5,3,0.185,241.307,11,3,18314,1368951,16013,29303752,66802,2,partsupp;part;supplier,22401,0,0,0,0,0,0
2026-08-12T13:33:42Z,C5A1EA64EE534867,18.4,queries/tpch/tpch-queries/q16/v2_not_exists.sql,measured,3,1,5,3,0.730,238.152,11,3,18314,1368951,16013,29303752,66802,2,partsupp;part;supplier,22404,0,0,0,0,0,0
2026-08-12T13:33:42Z,C5A1EA64EE534867,18.4,queries/tpch/tpch-queries/q16/v2_not_exists.sql,measured,3,2,5,3,0.188,240.089,11,3,18314,1368951,16013,29303752,66802,2,partsupp;part;supplier,22401,0,0,0,0,0,0
2026-08-12T13:33:42Z,C5A1EA64EE534867,18.4,queries/tpch/tpch-queries/q16/v2_not_exists.sql,measured,3,3,5,3,0.185,239.519,11,3,18314,1368951,16013,29303752,66802,2,partsupp;part;supplier,22401,0,0,0,0,0,0
2026-08-12T13:33:42Z,C5A1EA64EE534867,18.4,queries/tpch/tpch-queries/q16/v2_not_exists.sql,measured,3,4,5,3,0.198,240.805,11,3,18314,1368951,16013,29303752,66802,2,partsupp;part;supplier,22401,0,0,0,0,0,0
2026-08-12T13:33:42Z,C5A1EA64EE534867,18.4,queries/tpch/tpch-queries/q16/v2_not_exists.sql,measured,3,5,5,3,0.188,242.269,11,3,18314,1368951,16013,29303752,66802,2,partsupp;part;supplier,22401,0,0,0,0,0,0
2026-08-12T13:33:45Z,C5A1EA64EE534867,18.4,queries/tpch/tpch-queries/q17/v2_decorrelate.sql,warmup,1,1,1,3,0.801,2655.209,13,3,1,14215475,1,235489089,66599,2,lineitem;part,229342,0,0,0,32307,54396,0
2026-08-12T13:33:48Z,C5A1EA64EE534867,18.4,queries/tpch/tpch-queries/q17/v2_decorrelate.sql,warmup,2,1,1,3,0.893,2690.531,13,3,1,14215484,1,235489413,66599,2,lineitem;part,229342,0,0,0,31987,54077,0
2026-08-12T13:34:01Z,C5A1EA64EE534867,18.4,queries/tpch/tpch-queries/q17/v2_decorrelate.sql,measured,1,1,5,3,0.741,2677.943,13,3,1,14215466,1,235488765,66599,2,lineitem;part,229342,0,0,0,33046,55134,0
2026-08-12T13:34:01Z,C5A1EA64EE534867,18.4,queries/tpch/tpch-queries/q17/v2_decorrelate.sql,measured,1,2,5,3,0.152,2625.288,13,3,1,14215475,1,235489089,66599,2,lineitem;part,229342,0,0,0,33393,55505,0
2026-08-12T13:34:01Z,C5A1EA64EE534867,18.4,queries/tpch/tpch-queries/q17/v2_decorrelate.sql,measured,1,3,5,3,0.151,2539.435,13,3,1,14215459,1,235488513,66599,2,lineitem;part,229342,0,0,0,33106,55220,0
2026-08-12T13:34:01Z,C5A1EA64EE534867,18.4,queries/tpch/tpch-queries/q17/v2_decorrelate.sql,measured,1,4,5,3,0.162,2617.347,13,3,1,14215467,1,235488801,66599,2,lineitem;part,229342,0,0,0,33128,55489,0
2026-08-12T13:34:01Z,C5A1EA64EE534867,18.4,queries/tpch/tpch-queries/q17/v2_decorrelate.sql,measured,1,5,5,3,0.152,2567.764,13,3,1,14215475,1,235489089,66599,2,lineitem;part,229342,0,0,0,31856,54842,0
2026-08-12T13:34:14Z,C5A1EA64EE534867,18.4,queries/tpch/tpch-queries/q17/v2_decorrelate.sql,measured,2,1,5,3,0.691,2690.896,13,3,1,14215441,1,235487865,66599,2,lineitem;part,229342,0,0,0,31754,53869,0
2026-08-12T13:34:14Z,C5A1EA64EE534867,18.4,queries/tpch/tpch-queries/q17/v2_decorrelate.sql,measured,2,2,5,3,0.161,2584.993,13,3,1,14215475,1,235489089,66599,2,lineitem;part,229342,0,0,0,34227,57203,0
2026-08-12T13:34:14Z,C5A1EA64EE534867,18.4,queries/tpch/tpch-queries/q17/v2_decorrelate.sql,measured,2,3,5,3,0.154,2558.114,13,3,1,14215458,1,235488477,66599,2,lineitem;part,229342,0,0,0,32825,55054,0
2026-08-12T13:34:14Z,C5A1EA64EE534867,18.4,queries/tpch/tpch-queries/q17/v2_decorrelate.sql,measured,2,4,5,3,0.158,2542.861,13,3,1,14215494,1,235489773,66599,2,lineitem;part,229342,0,0,0,33420,55409,0
2026-08-12T13:34:14Z,C5A1EA64EE534867,18.4,queries/tpch/tpch-queries/q17/v2_decorrelate.sql,measured,2,5,5,3,0.182,2550.889,13,3,1,14215431,1,235487505,66599,2,lineitem;part,229342,0,0,0,33194,55691,0
2026-08-12T13:34:27Z,C5A1EA64EE534867,18.4,queries/tpch/tpch-queries/q17/v2_decorrelate.sql,measured,3,1,5,3,0.745,2675.116,13,3,1,14215484,1,235489413,66599,2,lineitem;part,229342,0,0,0,32199,54172,0
2026-08-12T13:34:27Z,C5A1EA64EE534867,18.4,queries/tpch/tpch-queries/q17/v2_decorrelate.sql,measured,3,2,5,3,0.160,2557.220,13,3,1,14215486,1,235489485,66599,2,lineitem;part,229342,0,0,0,32970,54953,0
2026-08-12T13:34:27Z,C5A1EA64EE534867,18.4,queries/tpch/tpch-queries/q17/v2_decorrelate.sql,measured,3,3,5,3,0.151,2570.213,13,3,1,14215477,1,235489161,66599,2,lineitem;part,229342,0,0,0,32686,54918,0
2026-08-12T13:34:27Z,C5A1EA64EE534867,18.4,queries/tpch/tpch-queries/q17/v2_decorrelate.sql,measured,3,4,5,3,0.151,2644.890,13,3,1,14215485,1,235489449,66599,2,lineitem;part,229342,0,0,0,32939,54919,0
2026-08-12T13:34:27Z,C5A1EA64EE534867,18.4,queries/tpch/tpch-queries/q17/v2_decorrelate.sql,measured,3,5,5,3,0.153,2545.145,13,3,1,14215485,1,235489449,66599,2,lineitem;part,229342,0,0,0,33294,55281,0
2026-08-12T13:34:29Z,C5A1EA64EE534867,18.4,queries/tpch/tpch-queries/q18/base.sql,warmup,1,1,1,3,1.240,2243.950,14,4,57,19805127,100,198972135,1499943,2,orders;lineitem;customer,397317,0,0,0,0,0,0
2026-08-12T13:34:31Z,C5A1EA64EE534867,18.4,queries/tpch/tpch-queries/q18/base.sql,warmup,2,1,1,3,1.279,2294.162,14,4,57,19805127,100,198972135,1499943,2,orders;lineitem;customer,397317,0,0,0,0,0,0
2026-08-12T13:34:43Z,C5A1EA64EE534867,18.4,queries/tpch/tpch-queries/q18/base.sql,measured,1,1,5,3,1.351,2370.691,14,4,57,19805127,100,198972135,1499943,2,orders;lineitem;customer,397317,0,0,0,0,0,0
2026-08-12T13:34:43Z,C5A1EA64EE534867,18.4,queries/tpch/tpch-queries/q18/base.sql,measured,1,2,5,3,0.568,2383.859,14,4,57,19805127,100,198972135,1499943,2,orders;lineitem;customer,397317,0,0,0,0,0,0
2026-08-12T13:34:43Z,C5A1EA64EE534867,18.4,queries/tpch/tpch-queries/q18/base.sql,measured,1,3,5,3,0.562,2356.509,14,4,57,19805127,100,198972135,1499943,2,orders;lineitem;customer,397317,0,0,0,0,0,0
2026-08-12T13:34:43Z,C5A1EA64EE534867,18.4,queries/tpch/tpch-queries/q18/base.sql,measured,1,4,5,3,0.536,2402.156,14,4,57,19805127,100,198972135,1499943,2,orders;lineitem;customer,397317,0,0,0,0,0,0
2026-08-12T13:34:43Z,C5A1EA64EE534867,18.4,queries/tpch/tpch-queries/q18/base.sql,measured,1,5,5,3,0.537,2393.104,14,4,57,19805127,100,198972135,1499943,2,orders;lineitem;customer,397317,0,0,0,0,0,0
2026-08-12T13:34:56Z,C5A1EA64EE534867,18.4,queries/tpch/tpch-queries/q18/base.sql,measured,2,1,5,3,1.297,2433.054,14,4,57,19805127,100,198972135,1499943,2,orders;lineitem;customer,397317,0,0,0,0,0,0
2026-08-12T13:34:56Z,C5A1EA64EE534867,18.4,queries/tpch/tpch-queries/q18/base.sql,measured,2,2,5,3,0.566,2377.932,14,4,57,19805127,100,198972135,1499943,2,orders;lineitem;customer,397317,0,0,0,0,0,0
2026-08-12T13:34:56Z,C5A1EA64EE534867,18.4,queries/tpch/tpch-queries/q18/base.sql,measured,2,3,5,3,0.573,2368.408,14,4,57,19805127,100,198972135,1499943,2,orders;lineitem;customer,397317,0,0,0,0,0,0
2026-08-12T13:34:56Z,C5A1EA64EE534867,18.4,queries/tpch/tpch-queries/q18/base.sql,measured,2,4,5,3,0.544,2347.039,14,4,57,19805127,100,198972135,1499943,2,orders;lineitem;customer,397317,0,0,0,0,0,0
2026-08-12T13:34:56Z,C5A1EA64EE534867,18.4,queries/tpch/tpch-queries/q18/base.sql,measured,2,5,5,3,0.553,2390.853,14,4,57,19805127,100,198972135,1499943,2,orders;lineitem;customer,397317,0,0,0,0,0,0
2026-08-12T13:35:07Z,C5A1EA64EE534867,18.4,queries/tpch/tpch-queries/q18/base.sql,measured,3,1,5,3,1.304,2381.304,14,4,57,19805127,100,198972135,1499943,2,orders;lineitem;customer,397317,0,0,0,0,0,0
2026-08-12T13:35:07Z,C5A1EA64EE534867,18.4,queries/tpch/tpch-queries/q18/base.sql,measured,3,2,5,3,0.554,2437.646,14,4,57,19805127,100,198972135,1499943,2,orders;lineitem;customer,397317,0,0,0,0,0,0
2026-08-12T13:35:07Z,C5A1EA64EE534867,18.4,queries/tpch/tpch-queries/q18/base.sql,measured,3,3,5,3,0.522,2308.384,14,4,57,19805127,100,198972135,1499943,2,orders;lineitem;customer,397317,0,0,0,0,0,0
2026-08-12T13:35:07Z,C5A1EA64EE534867,18.4,queries/tpch/tpch-queries/q18/base.sql,measured,3,4,5,3,0.573,2410.369,14,4,57,19805127,100,198972135,1499943,2,orders;lineitem;customer,397317,0,0,0,0,0,0
2026-08-12T13:35:07Z,C5A1EA64EE534867,18.4,queries/tpch/tpch-queries/q18/base.sql,measured,3,5,5,3,0.520,2264.835,14,4,57,19805127,100,198972135,1499943,2,orders;lineitem;customer,397317,0,0,0,0,0,0
2026-08-12T13:35:10Z,C5A1EA64EE534867,18.4,queries/tpch/tpch-queries/q18/v1_materialized.sql,warmup,1,1,1,3,1.200,2536.556,16,5,57,19805925,100,199020528,1499943,2,orders;lineitem;customer;_m,397317,0,0,0,0,0,0
2026-08-12T13:35:13Z,C5A1EA64EE534867,18.4,queries/tpch/tpch-queries/q18/v1_materialized.sql,warmup,2,1,1,3,1.293,2589.574,16,5,57,19805925,100,199020528,1499943,2,orders;lineitem;customer;_m,397317,0,0,0,0,0,0
2026-08-12T13:35:26Z,C5A1EA64EE534867,18.4,queries/tpch/tpch-queries/q18/v1_materialized.sql,measured,1,1,5,3,1.221,2602.872,16,5,57,19805925,100,199020528,1499943,2,orders;lineitem;customer;_m,397317,0,0,0,0,0,0
2026-08-12T13:35:26Z,C5A1EA64EE534867,18.4,queries/tpch/tpch-queries/q18/v1_materialized.sql,measured,1,2,5,3,0.454,2585.727,16,5,57,19805925,100,199020528,1499943,2,orders;lineitem;customer;_m,397317,0,0,0,0,0,0
2026-08-12T13:35:26Z,C5A1EA64EE534867,18.4,queries/tpch/tpch-queries/q18/v1_materialized.sql,measured,1,3,5,3,0.434,2442.039,16,5,57,19805925,100,199020528,1499943,2,orders;lineitem;customer;_m,397317,0,0,0,0,0,0
2026-08-12T13:35:26Z,C5A1EA64EE534867,18.4,queries/tpch/tpch-queries/q18/v1_materialized.sql,measured,1,4,5,3,0.468,2549.910,16,5,57,19805925,100,199020528,1499943,2,orders;lineitem;customer;_m,397317,0,0,0,0,0,0
2026-08-12T13:35:26Z,C5A1EA64EE534867,18.4,queries/tpch/tpch-queries/q18/v1_materialized.sql,measured,1,5,5,3,0.425,2582.605,16,5,57,19805925,100,199020528,1499943,2,orders;lineitem;customer;_m,397317,0,0,0,0,0,0
2026-08-12T13:35:38Z,C5A1EA64EE534867,18.4,queries/tpch/tpch-queries/q18/v1_materialized.sql,measured,2,1,5,3,1.455,2522.597,16,5,57,19805925,100,199020528,1499943,2,orders;lineitem;customer;_m,397317,0,0,0,0,0,0
2026-08-12T13:35:38Z,C5A1EA64EE534867,18.4,queries/tpch/tpch-queries/q18/v1_materialized.sql,measured,2,2,5,3,0.446,2414.438,16,5,57,19805925,100,199020528,1499943,2,orders;lineitem;customer;_m,397317,0,0,0,0,0,0
2026-08-12T13:35:38Z,C5A1EA64EE534867,18.4,queries/tpch/tpch-queries/q18/v1_materialized.sql,measured,2,3,5,3,0.463,2450.895,16,5,57,19805925,100,199020528,1499943,2,orders;lineitem;customer;_m,397317,0,0,0,0,0,0
2026-08-12T13:35:38Z,C5A1EA64EE534867,18.4,queries/tpch/tpch-queries/q18/v1_materialized.sql,measured,2,4,5,3,0.471,2560.638,16,5,57,19805925,100,199020528,1499943,2,orders;lineitem;customer;_m,397317,0,0,0,0,0,0
2026-08-12T13:35:38Z,C5A1EA64EE534867,18.4,queries/tpch/tpch-queries/q18/v1_materialized.sql,measured,2,5,5,3,0.452,2530.922,16,5,57,19805925,100,199020528,1499943,2,orders;lineitem;customer;_m,397317,0,0,0,0,0,0
2026-08-12T13:35:51Z,C5A1EA64EE534867,18.4,queries/tpch/tpch-queries/q18/v1_materialized.sql,measured,3,1,5,3,1.210,2599.305,16,5,57,19805925,100,199020528,1499943,2,orders;lineitem;customer;_m,397317,0,0,0,0,0,0
2026-08-12T13:35:51Z,C5A1EA64EE534867,18.4,queries/tpch/tpch-queries/q18/v1_materialized.sql,measured,3,2,5,3,0.458,2552.505,16,5,57,19805925,100,199020528,1499943,2,orders;lineitem;customer;_m,397317,0,0,0,0,0,0
2026-08-12T13:35:51Z,C5A1EA64EE534867,18.4,queries/tpch/tpch-queries/q18/v1_materialized.sql,measured,3,3,5,3,0.436,2557.838,16,5,57,19805925,100,199020528,1499943,2,orders;lineitem;customer;_m,397317,0,0,0,0,0,0
2026-08-12T13:35:51Z,C5A1EA64EE534867,18.4,queries/tpch/tpch-queries/q18/v1_materialized.sql,measured,3,4,5,3,0.438,2505.905,16,5,57,19805925,100,199020528,1499943,2,orders;lineitem;customer;_m,397317,0,0,0,0,0,0
2026-08-12T13:35:51Z,C5A1EA64EE534867,18.4,queries/tpch/tpch-queries/q18/v1_materialized.sql,measured,3,5,5,3,0.439,2554.612,16,5,57,19805925,100,199020528,1499943,2,orders;lineitem;customer;_m,397317,0,0,0,0,0,0
2026-08-12T13:35:54Z,C5A1EA64EE534867,18.4,queries/tpch/tpch-queries/q18/v2_join.sql,warmup,1,1,1,3,1.322,2376.330,14,4,57,19805127,100,198972135,1499943,2,orders;lineitem;customer,397317,0,0,0,0,0,0
2026-08-12T13:35:56Z,C5A1EA64EE534867,18.4,queries/tpch/tpch-queries/q18/v2_join.sql,warmup,2,1,1,3,1.524,2295.771,14,4,57,19805127,100,198972135,1499943,2,orders;lineitem;customer,397317,0,0,0,0,0,0
2026-08-12T13:36:08Z,C5A1EA64EE534867,18.4,queries/tpch/tpch-queries/q18/v2_join.sql,measured,1,1,5,3,1.448,2415.884,14,4,57,19805127,100,198972135,1499943,2,orders;lineitem;customer,397317,0,0,0,0,0,0
2026-08-12T13:36:08Z,C5A1EA64EE534867,18.4,queries/tpch/tpch-queries/q18/v2_join.sql,measured,1,2,5,3,0.580,2395.978,14,4,57,19805127,100,198972135,1499943,2,orders;lineitem;customer,397317,0,0,0,0,0,0
2026-08-12T13:36:08Z,C5A1EA64EE534867,18.4,queries/tpch/tpch-queries/q18/v2_join.sql,measured,1,3,5,3,0.525,2358.674,14,4,57,19805127,100,198972135,1499943,2,orders;lineitem;customer,397317,0,0,0,0,0,0
2026-08-12T13:36:08Z,C5A1EA64EE534867,18.4,queries/tpch/tpch-queries/q18/v2_join.sql,measured,1,4,5,3,0.566,2329.858,14,4,57,19805127,100,198972135,1499943,2,orders;lineitem;customer,397317,0,0,0,0,0,0
2026-08-12T13:36:08Z,C5A1EA64EE534867,18.4,queries/tpch/tpch-queries/q18/v2_join.sql,measured,1,5,5,3,0.528,2360.828,14,4,57,19805127,100,198972135,1499943,2,orders;lineitem;customer,397317,0,0,0,0,0,0
2026-08-12T13:36:20Z,C5A1EA64EE534867,18.4,queries/tpch/tpch-queries/q18/v2_join.sql,measured,2,1,5,3,1.300,2430.556,14,4,57,19805127,100,198972135,1499943,2,orders;lineitem;customer,397317,0,0,0,0,0,0
2026-08-12T13:36:20Z,C5A1EA64EE534867,18.4,queries/tpch/tpch-queries/q18/v2_join.sql,measured,2,2,5,3,0.558,2390.962,14,4,57,19805127,100,198972135,1499943,2,orders;lineitem;customer,397317,0,0,0,0,0,0
2026-08-12T13:36:20Z,C5A1EA64EE534867,18.4,queries/tpch/tpch-queries/q18/v2_join.sql,measured,2,3,5,3,0.523,2315.053,14,4,57,19805127,100,198972135,1499943,2,orders;lineitem;customer,397317,0,0,0,0,0,0
2026-08-12T13:36:20Z,C5A1EA64EE534867,18.4,queries/tpch/tpch-queries/q18/v2_join.sql,measured,2,4,5,3,0.536,2398.369,14,4,57,19805127,100,198972135,1499943,2,orders;lineitem;customer,397317,0,0,0,0,0,0
2026-08-12T13:36:20Z,C5A1EA64EE534867,18.4,queries/tpch/tpch-queries/q18/v2_join.sql,measured,2,5,5,3,0.547,2352.959,14,4,57,19805127,100,198972135,1499943,2,orders;lineitem;customer,397317,0,0,0,0,0,0
2026-08-12T13:36:32Z,C5A1EA64EE534867,18.4,queries/tpch/tpch-queries/q18/v2_join.sql,measured,3,1,5,3,1.309,2410.594,14,4,57,19805127,100,198972135,1499943,2,orders;lineitem;customer,397317,0,0,0,0,0,0
2026-08-12T13:36:32Z,C5A1EA64EE534867,18.4,queries/tpch/tpch-queries/q18/v2_join.sql,measured,3,2,5,3,0.567,2400.861,14,4,57,19805127,100,198972135,1499943,2,orders;lineitem;customer,397317,0,0,0,0,0,0
2026-08-12T13:36:32Z,C5A1EA64EE534867,18.4,queries/tpch/tpch-queries/q18/v2_join.sql,measured,3,3,5,3,0.533,2393.817,14,4,57,19805127,100,198972135,1499943,2,orders;lineitem;customer,397317,0,0,0,0,0,0
2026-08-12T13:36:32Z,C5A1EA64EE534867,18.4,queries/tpch/tpch-queries/q18/v2_join.sql,measured,3,4,5,3,0.536,2333.702,14,4,57,19805127,100,198972135,1499943,2,orders;lineitem;customer,397317,0,0,0,0,0,0
2026-08-12T13:36:32Z,C5A1EA64EE534867,18.4,queries/tpch/tpch-queries/q18/v2_join.sql,measured,3,5,5,3,0.560,2372.102,14,4,57,19805127,100,198972135,1499943,2,orders;lineitem;customer,397317,0,0,0,0,0,0
2026-08-12T13:36:32Z,C5A1EA64EE534867,18.4,queries/tpch/tpch-queries/q19/base.sql,warmup,1,1,1,3,0.866,510.132,7,2,1,129463,1,2726414,2024120,2,lineitem;part,116728,0,0,0,0,0,0
2026-08-12T13:36:33Z,C5A1EA64EE534867,18.4,queries/tpch/tpch-queries/q19/base.sql,warmup,2,1,1,3,1.210,513.712,7,2,1,129463,1,2726414,2024120,2,lineitem;part,116728,0,0,0,0,0,0
2026-08-12T13:36:36Z,C5A1EA64EE534867,18.4,queries/tpch/tpch-queries/q19/base.sql,measured,1,1,5,3,1.394,500.324,7,2,1,129463,1,2726414,2024120,2,lineitem;part,116728,0,0,0,0,0,0
2026-08-12T13:36:36Z,C5A1EA64EE534867,18.4,queries/tpch/tpch-queries/q19/base.sql,measured,1,2,5,3,0.219,494.039,7,2,1,129463,1,2726414,2024120,2,lineitem;part,116728,0,0,0,0,0,0
2026-08-12T13:36:36Z,C5A1EA64EE534867,18.4,queries/tpch/tpch-queries/q19/base.sql,measured,1,3,5,3,0.239,496.816,7,2,1,129463,1,2726414,2024120,2,lineitem;part,116728,0,0,0,0,0,0
2026-08-12T13:36:36Z,C5A1EA64EE534867,18.4,queries/tpch/tpch-queries/q19/base.sql,measured,1,4,5,3,0.242,499.377,7,2,1,129463,1,2726414,2024120,2,lineitem;part,116728,0,0,0,0,0,0
2026-08-12T13:36:36Z,C5A1EA64EE534867,18.4,queries/tpch/tpch-queries/q19/base.sql,measured,1,5,5,3,0.234,496.671,7,2,1,129463,1,2726414,2024120,2,lineitem;part,116728,0,0,0,0,0,0
2026-08-12T13:36:38Z,C5A1EA64EE534867,18.4,queries/tpch/tpch-queries/q19/base.sql,measured,2,1,5,3,0.870,512.743,7,2,1,129463,1,2726414,2024120,2,lineitem;part,116728,0,0,0,0,0,0
2026-08-12T13:36:38Z,C5A1EA64EE534867,18.4,queries/tpch/tpch-queries/q19/base.sql,measured,2,2,5,3,0.239,498.424,7,2,1,129463,1,2726414,2024120,2,lineitem;part,116728,0,0,0,0,0,0
2026-08-12T13:36:38Z,C5A1EA64EE534867,18.4,queries/tpch/tpch-queries/q19/base.sql,measured,2,3,5,3,0.222,512.266,7,2,1,129463,1,2726414,2024120,2,lineitem;part,116728,0,0,0,0,0,0
2026-08-12T13:36:38Z,C5A1EA64EE534867,18.4,queries/tpch/tpch-queries/q19/base.sql,measured,2,4,5,3,0.231,503.674,7,2,1,129463,1,2726414,2024120,2,lineitem;part,116728,0,0,0,0,0,0
2026-08-12T13:36:38Z,C5A1EA64EE534867,18.4,queries/tpch/tpch-queries/q19/base.sql,measured,2,5,5,3,0.222,499.764,7,2,1,129463,1,2726414,2024120,2,lineitem;part,116728,0,0,0,0,0,0
2026-08-12T13:36:41Z,C5A1EA64EE534867,18.4,queries/tpch/tpch-queries/q19/base.sql,measured,3,1,5,3,0.863,510.048,7,2,1,129463,1,2726414,2024120,2,lineitem;part,116728,0,0,0,0,0,0
2026-08-12T13:36:41Z,C5A1EA64EE534867,18.4,queries/tpch/tpch-queries/q19/base.sql,measured,3,2,5,3,0.248,503.383,7,2,1,129463,1,2726414,2024120,2,lineitem;part,116728,0,0,0,0,0,0
2026-08-12T13:36:41Z,C5A1EA64EE534867,18.4,queries/tpch/tpch-queries/q19/base.sql,measured,3,3,5,3,0.225,494.316,7,2,1,129463,1,2726414,2024120,2,lineitem;part,116728,0,0,0,0,0,0
2026-08-12T13:36:41Z,C5A1EA64EE534867,18.4,queries/tpch/tpch-queries/q19/base.sql,measured,3,4,5,3,0.228,495.033,7,2,1,129463,1,2726414,2024120,2,lineitem;part,116728,0,0,0,0,0,0
2026-08-12T13:36:41Z,C5A1EA64EE534867,18.4,queries/tpch/tpch-queries/q19/base.sql,measured,3,5,5,3,0.222,492.515,7,2,1,129463,1,2726414,2024120,2,lineitem;part,116728,0,0,0,0,0,0
2026-08-12T13:36:42Z,C5A1EA64EE534867,18.4,queries/tpch/tpch-queries/q19/v1_materialized.sql,warmup,1,1,1,3,0.977,506.706,8,3,1,129464,1,2726446,2024120,2,_m;lineitem;part,116728,0,0,0,0,0,0
2026-08-12T13:36:42Z,C5A1EA64EE534867,18.4,queries/tpch/tpch-queries/q19/v1_materialized.sql,warmup,2,1,1,3,0.968,506.248,8,3,1,129464,1,2726446,2024120,2,_m;lineitem;part,116728,0,0,0,0,0,0
2026-08-12T13:36:45Z,C5A1EA64EE534867,18.4,queries/tpch/tpch-queries/q19/v1_materialized.sql,measured,1,1,5,3,1.775,508.038,8,3,1,129464,1,2726446,2024120,2,_m;lineitem;part,116728,0,0,0,0,0,0
2026-08-12T13:36:45Z,C5A1EA64EE534867,18.4,queries/tpch/tpch-queries/q19/v1_materialized.sql,measured,1,2,5,3,0.239,492.995,8,3,1,129464,1,2726446,2024120,2,_m;lineitem;part,116728,0,0,0,0,0,0
2026-08-12T13:36:45Z,C5A1EA64EE534867,18.4,queries/tpch/tpch-queries/q19/v1_materialized.sql,measured,1,3,5,3,0.245,501.428,8,3,1,129464,1,2726446,2024120,2,_m;lineitem;part,116728,0,0,0,0,0,0
2026-08-12T13:36:45Z,C5A1EA64EE534867,18.4,queries/tpch/tpch-queries/q19/v1_materialized.sql,measured,1,4,5,3,0.244,494.894,8,3,1,129464,1,2726446,2024120,2,_m;lineitem;part,116728,0,0,0,0,0,0
2026-08-12T13:36:45Z,C5A1EA64EE534867,18.4,queries/tpch/tpch-queries/q19/v1_materialized.sql,measured,1,5,5,3,0.261,498.578,8,3,1,129464,1,2726446,2024120,2,_m;lineitem;part,116728,0,0,0,0,0,0
2026-08-12T13:36:47Z,C5A1EA64EE534867,18.4,queries/tpch/tpch-queries/q19/v1_materialized.sql,measured,2,1,5,3,0.958,518.723,8,3,1,129464,1,2726446,2024120,2,_m;lineitem;part,116728,0,0,0,0,0,0
2026-08-12T13:36:47Z,C5A1EA64EE534867,18.4,queries/tpch/tpch-queries/q19/v1_materialized.sql,measured,2,2,5,3,0.256,498.916,8,3,1,129464,1,2726446,2024120,2,_m;lineitem;part,116728,0,0,0,0,0,0
2026-08-12T13:36:47Z,C5A1EA64EE534867,18.4,queries/tpch/tpch-queries/q19/v1_materialized.sql,measured,2,3,5,3,0.244,496.143,8,3,1,129464,1,2726446,2024120,2,_m;lineitem;part,116728,0,0,0,0,0,0
2026-08-12T13:36:47Z,C5A1EA64EE534867,18.4,queries/tpch/tpch-queries/q19/v1_materialized.sql,measured,2,4,5,3,0.244,498.185,8,3,1,129464,1,2726446,2024120,2,_m;lineitem;part,116728,0,0,0,0,0,0
2026-08-12T13:36:47Z,C5A1EA64EE534867,18.4,queries/tpch/tpch-queries/q19/v1_materialized.sql,measured,2,5,5,3,0.259,511.627,8,3,1,129464,1,2726446,2024120,2,_m;lineitem;part,116728,0,0,0,0,0,0
2026-08-12T13:36:50Z,C5A1EA64EE534867,18.4,queries/tpch/tpch-queries/q19/v1_materialized.sql,measured,3,1,5,3,1.060,502.201,8,3,1,129464,1,2726446,2024120,2,_m;lineitem;part,116728,0,0,0,0,0,0
2026-08-12T13:36:50Z,C5A1EA64EE534867,18.4,queries/tpch/tpch-queries/q19/v1_materialized.sql,measured,3,2,5,3,0.247,497.570,8,3,1,129464,1,2726446,2024120,2,_m;lineitem;part,116728,0,0,0,0,0,0
2026-08-12T13:36:50Z,C5A1EA64EE534867,18.4,queries/tpch/tpch-queries/q19/v1_materialized.sql,measured,3,3,5,3,0.262,495.627,8,3,1,129464,1,2726446,2024120,2,_m;lineitem;part,116728,0,0,0,0,0,0
2026-08-12T13:36:50Z,C5A1EA64EE534867,18.4,queries/tpch/tpch-queries/q19/v1_materialized.sql,measured,3,4,5,3,0.247,497.818,8,3,1,129464,1,2726446,2024120,2,_m;lineitem;part,116728,0,0,0,0,0,0
2026-08-12T13:36:50Z,C5A1EA64EE534867,18.4,queries/tpch/tpch-queries/q19/v1_materialized.sql,measured,3,5,5,3,0.258,493.813,8,3,1,129464,1,2726446,2024120,2,_m;lineitem;part,116728,0,0,0,0,0,0
2026-08-12T13:36:52Z,C5A1EA64EE534867,18.4,queries/tpch/tpch-queries/q19/v2_union_all.sql,warmup,1,1,1,3,1.089,1691.349,16,6,1,142509,1,2272468,15484882,2,lineitem;part,350184,0,0,0,0,0,0
2026-08-12T13:36:53Z,C5A1EA64EE534867,18.4,queries/tpch/tpch-queries/q19/v2_union_all.sql,warmup,2,1,1,3,1.394,1693.339,16,6,1,142509,1,2272440,11515260,2,lineitem;part,350184,0,0,0,0,0,0
2026-08-12T13:37:02Z,C5A1EA64EE534867,18.4,queries/tpch/tpch-queries/q19/v2_union_all.sql,measured,1,1,5,3,1.115,1684.133,16,6,1,142509,1,2272440,11515260,2,lineitem;part,350184,0,0,0,0,0,0
2026-08-12T13:37:02Z,C5A1EA64EE534867,18.4,queries/tpch/tpch-queries/q19/v2_union_all.sql,measured,1,2,5,3,0.309,1646.815,16,6,1,142505,1,2272400,11515351,2,lineitem;part,350184,0,0,0,0,0,0
2026-08-12T13:37:02Z,C5A1EA64EE534867,18.4,queries/tpch/tpch-queries/q19/v2_union_all.sql,measured,1,3,5,3,0.309,1662.356,16,6,1,142505,1,2272400,11515351,2,lineitem;part,350184,0,0,0,0,0,0
2026-08-12T13:37:02Z,C5A1EA64EE534867,18.4,queries/tpch/tpch-queries/q19/v2_union_all.sql,measured,1,4,5,3,0.308,1652.740,16,6,1,142505,1,2272400,11515351,2,lineitem;part,350184,0,0,0,0,0,0
2026-08-12T13:37:02Z,C5A1EA64EE534867,18.4,queries/tpch/tpch-queries/q19/v2_union_all.sql,measured,1,5,5,3,0.309,1638.297,16,6,1,142505,1,2272400,11515351,2,lineitem;part,350184,0,0,0,0,0,0
2026-08-12T13:37:10Z,C5A1EA64EE534867,18.4,queries/tpch/tpch-queries/q19/v2_union_all.sql,measured,2,1,5,3,1.039,1690.185,16,6,1,142510,1,2272472,14492245,2,lineitem;part,350184,0,0,0,0,0,0
2026-08-12T13:37:10Z,C5A1EA64EE534867,18.4,queries/tpch/tpch-queries/q19/v2_union_all.sql,measured,2,2,5,3,0.300,1648.127,16,6,1,142505,1,2272400,11515351,2,lineitem;part,350184,0,0,0,0,0,0
2026-08-12T13:37:10Z,C5A1EA64EE534867,18.4,queries/tpch/tpch-queries/q19/v2_union_all.sql,measured,2,3,5,3,0.311,1637.216,16,6,1,142505,1,2272400,11515351,2,lineitem;part,350184,0,0,0,0,0,0
2026-08-12T13:37:10Z,C5A1EA64EE534867,18.4,queries/tpch/tpch-queries/q19/v2_union_all.sql,measured,2,4,5,3,0.316,1639.432,16,6,1,142505,1,2272400,11515351,2,lineitem;part,350184,0,0,0,0,0,0
2026-08-12T13:37:10Z,C5A1EA64EE534867,18.4,queries/tpch/tpch-queries/q19/v2_union_all.sql,measured,2,5,5,3,0.310,1636.045,16,6,1,142505,1,2272400,11515351,2,lineitem;part,350184,0,0,0,0,0,0
2026-08-12T13:37:19Z,C5A1EA64EE534867,18.4,queries/tpch/tpch-queries/q19/v2_union_all.sql,measured,3,1,5,3,1.440,1673.103,16,6,1,142510,1,2272472,14492245,2,lineitem;part,350184,0,0,0,0,0,0
2026-08-12T13:37:19Z,C5A1EA64EE534867,18.4,queries/tpch/tpch-queries/q19/v2_union_all.sql,measured,3,2,5,3,0.317,1651.667,16,6,1,142505,1,2272400,11515351,2,lineitem;part,350184,0,0,0,0,0,0
2026-08-12T13:37:19Z,C5A1EA64EE534867,18.4,queries/tpch/tpch-queries/q19/v2_union_all.sql,measured,3,3,5,3,0.300,1646.121,16,6,1,142505,1,2272400,11515351,2,lineitem;part,350184,0,0,0,0,0,0
2026-08-12T13:37:19Z,C5A1EA64EE534867,18.4,queries/tpch/tpch-queries/q19/v2_union_all.sql,measured,3,4,5,3,0.321,1640.950,16,6,1,142505,1,2272400,11515351,2,lineitem;part,350184,0,0,0,0,0,0
2026-08-12T13:37:19Z,C5A1EA64EE534867,18.4,queries/tpch/tpch-queries/q19/v2_union_all.sql,measured,3,5,5,3,0.322,1657.233,16,6,1,142505,1,2272400,11515351,2,lineitem;part,350184,0,0,0,0,0,0
2026-08-12T13:37:19Z,C5A1EA64EE534867,18.4,queries/tpch/tpch-queries/q21/base.sql,warmup,1,1,1,3,1.784,637.951,19,6,100,4967262,1,48661438,992861,2,orders;lineitem;supplier;nation,471731,0,0,0,0,0,0
2026-08-12T13:37:20Z,C5A1EA64EE534867,18.4,queries/tpch/tpch-queries/q21/base.sql,warmup,2,1,1,3,1.913,636.079,19,6,100,4967262,1,48661438,992861,2,orders;lineitem;supplier;nation,471731,0,0,0,0,0,0
2026-08-12T13:37:23Z,C5A1EA64EE534867,18.4,queries/tpch/tpch-queries/q21/base.sql,measured,1,1,5,3,1.826,635.390,19,6,100,4967262,1,48661438,992861,2,orders;lineitem;supplier;nation,471731,0,0,0,0,0,0
2026-08-12T13:37:23Z,C5A1EA64EE534867,18.4,queries/tpch/tpch-queries/q21/base.sql,measured,1,2,5,3,1.074,607.432,19,6,100,4967262,1,48661438,992861,2,orders;lineitem;supplier;nation,471725,0,0,0,0,0,0
2026-08-12T13:37:23Z,C5A1EA64EE534867,18.4,queries/tpch/tpch-queries/q21/base.sql,measured,1,3,5,3,0.997,614.812,19,6,100,4967262,1,48661438,992861,2,orders;lineitem;supplier;nation,471725,0,0,0,0,0,0
2026-08-12T13:37:23Z,C5A1EA64EE534867,18.4,queries/tpch/tpch-queries/q21/base.sql,measured,1,4,5,3,0.990,614.458,19,6,100,4967262,1,48661438,992861,2,orders;lineitem;supplier;nation,471725,0,0,0,0,0,0
2026-08-12T13:37:23Z,C5A1EA64EE534867,18.4,queries/tpch/tpch-queries/q21/base.sql,measured,1,5,5,3,1.001,612.527,19,6,100,4967262,1,48661438,992861,2,orders;lineitem;supplier;nation,471725,0,0,0,0,0,0
2026-08-12T13:37:26Z,C5A1EA64EE534867,18.4,queries/tpch/tpch-queries/q21/base.sql,measured,2,1,5,3,1.863,637.332,19,6,100,4967262,1,48661438,992861,2,orders;lineitem;supplier;nation,471731,0,0,0,0,0,0
2026-08-12T13:37:26Z,C5A1EA64EE534867,18.4,queries/tpch/tpch-queries/q21/base.sql,measured,2,2,5,3,0.974,613.936,19,6,100,4967262,1,48661438,992861,2,orders;lineitem;supplier;nation,471725,0,0,0,0,0,0
2026-08-12T13:37:26Z,C5A1EA64EE534867,18.4,queries/tpch/tpch-queries/q21/base.sql,measured,2,3,5,3,0.964,611.817,19,6,100,4967262,1,48661438,992861,2,orders;lineitem;supplier;nation,471725,0,0,0,0,0,0
2026-08-12T13:37:26Z,C5A1EA64EE534867,18.4,queries/tpch/tpch-queries/q21/base.sql,measured,2,4,5,3,0.981,615.185,19,6,100,4967262,1,48661438,992861,2,orders;lineitem;supplier;nation,471725,0,0,0,0,0,0
2026-08-12T13:37:26Z,C5A1EA64EE534867,18.4,queries/tpch/tpch-queries/q21/base.sql,measured,2,5,5,3,0.993,619.796,19,6,100,4967262,1,48661438,992861,2,orders;lineitem;supplier;nation,471725,0,0,0,0,0,0
2026-08-12T13:37:30Z,C5A1EA64EE534867,18.4,queries/tpch/tpch-queries/q21/base.sql,measured,3,1,5,3,1.818,638.996,19,6,100,4967262,1,48661438,992861,2,orders;lineitem;supplier;nation,471731,0,0,0,0,0,0
2026-08-12T13:37:30Z,C5A1EA64EE534867,18.4,queries/tpch/tpch-queries/q21/base.sql,measured,3,2,5,3,0.978,610.249,19,6,100,4967262,1,48661438,992861,2,orders;lineitem;supplier;nation,471725,0,0,0,0,0,0
2026-08-12T13:37:30Z,C5A1EA64EE534867,18.4,queries/tpch/tpch-queries/q21/base.sql,measured,3,3,5,3,1.019,613.482,19,6,100,4967262,1,48661438,992861,2,orders;lineitem;supplier;nation,471725,0,0,0,0,0,0
2026-08-12T13:37:30Z,C5A1EA64EE534867,18.4,queries/tpch/tpch-queries/q21/base.sql,measured,3,4,5,3,1.009,612.631,19,6,100,4967262,1,48661438,992861,2,orders;lineitem;supplier;nation,471725,0,0,0,0,0,0
2026-08-12T13:37:30Z,C5A1EA64EE534867,18.4,queries/tpch/tpch-queries/q21/base.sql,measured,3,5,5,3,0.987,617.000,19,6,100,4967262,1,48661438,992861,2,orders;lineitem;supplier;nation,471725,0,0,0,0,0,0
2026-08-12T13:37:30Z,C5A1EA64EE534867,18.4,queries/tpch/tpch-queries/q21/v1_materialized.sql,warmup,1,1,1,3,1.628,639.084,20,7,100,4967673,1,48723070,992861,2,orders;lineitem;supplier;nation;_m,471731,0,0,0,0,0,0
2026-08-12T13:37:31Z,C5A1EA64EE534867,18.4,queries/tpch/tpch-queries/q21/v1_materialized.sql,warmup,2,1,1,3,1.770,641.223,20,7,100,4967673,1,48723070,992861,2,orders;lineitem;supplier;nation;_m,471731,0,0,0,0,0,0
2026-08-12T13:37:34Z,C5A1EA64EE534867,18.4,queries/tpch/tpch-queries/q21/v1_materialized.sql,measured,1,1,5,3,2.159,649.252,20,7,100,4967673,1,48723070,992861,2,orders;lineitem;supplier;nation;_m,471731,0,0,0,0,0,0
2026-08-12T13:37:34Z,C5A1EA64EE534867,18.4,queries/tpch/tpch-queries/q21/v1_materialized.sql,measured,1,2,5,3,0.765,610.290,20,7,100,4967673,1,48723070,992861,2,orders;lineitem;supplier;nation;_m,471725,0,0,0,0,0,0
2026-08-12T13:37:34Z,C5A1EA64EE534867,18.4,queries/tpch/tpch-queries/q21/v1_materialized.sql,measured,1,3,5,3,0.782,604.012,20,7,100,4967673,1,48723070,992861,2,orders;lineitem;supplier;nation;_m,471725,0,0,0,0,0,0
2026-08-12T13:37:34Z,C5A1EA64EE534867,18.4,queries/tpch/tpch-queries/q21/v1_materialized.sql,measured,1,4,5,3,0.775,601.774,20,7,100,4967673,1,48723070,992861,2,orders;lineitem;supplier;nation;_m,471725,0,0,0,0,0,0
2026-08-12T13:37:34Z,C5A1EA64EE534867,18.4,queries/tpch/tpch-queries/q21/v1_materialized.sql,measured,1,5,5,3,0.748,601.934,20,7,100,4967673,1,48723070,992861,2,orders;lineitem;supplier;nation;_m,471725,0,0,0,0,0,0
2026-08-12T13:37:37Z,C5A1EA64EE534867,18.4,queries/tpch/tpch-queries/q21/v1_materialized.sql,measured,2,1,5,3,1.498,637.647,20,7,100,4967673,1,48723070,992861,2,orders;lineitem;supplier;nation;_m,471731,0,0,0,0,0,0
2026-08-12T13:37:37Z,C5A1EA64EE534867,18.4,queries/tpch/tpch-queries/q21/v1_materialized.sql,measured,2,2,5,3,0.783,606.696,20,7,100,4967673,1,48723070,992861,2,orders;lineitem;supplier;nation;_m,471725,0,0,0,0,0,0
2026-08-12T13:37:37Z,C5A1EA64EE534867,18.4,queries/tpch/tpch-queries/q21/v1_materialized.sql,measured,2,3,5,3,0.793,611.756,20,7,100,4967673,1,48723070,992861,2,orders;lineitem;supplier;nation;_m,471725,0,0,0,0,0,0
2026-08-12T13:37:37Z,C5A1EA64EE534867,18.4,queries/tpch/tpch-queries/q21/v1_materialized.sql,measured,2,4,5,3,0.725,617.735,20,7,100,4967673,1,48723070,992861,2,orders;lineitem;supplier;nation;_m,471725,0,0,0,0,0,0
2026-08-12T13:37:37Z,C5A1EA64EE534867,18.4,queries/tpch/tpch-queries/q21/v1_materialized.sql,measured,2,5,5,3,0.758,612.453,20,7,100,4967673,1,48723070,992861,2,orders;lineitem;supplier;nation;_m,471725,0,0,0,0,0,0
2026-08-12T13:37:41Z,C5A1EA64EE534867,18.4,queries/tpch/tpch-queries/q21/v1_materialized.sql,measured,3,1,5,3,1.551,636.997,20,7,100,4967673,1,48723070,992861,2,orders;lineitem;supplier;nation;_m,471731,0,0,0,0,0,0
2026-08-12T13:37:41Z,C5A1EA64EE534867,18.4,queries/tpch/tpch-queries/q21/v1_materialized.sql,measured,3,2,5,3,0.734,613.620,20,7,100,4967673,1,48723070,992861,2,orders;lineitem;supplier;nation;_m,471725,0,0,0,0,0,0
2026-08-12T13:37:41Z,C5A1EA64EE534867,18.4,queries/tpch/tpch-queries/q21/v1_materialized.sql,measured,3,3,5,3,0.739,616.103,20,7,100,4967673,1,48723070,992861,2,orders;lineitem;supplier;nation;_m,471725,0,0,0,0,0,0
2026-08-12T13:37:41Z,C5A1EA64EE534867,18.4,queries/tpch/tpch-queries/q21/v1_materialized.sql,measured,3,4,5,3,0.737,620.885,20,7,100,4967673,1,48723070,992861,2,orders;lineitem;supplier;nation;_m,471725,0,0,0,0,0,0
2026-08-12T13:37:41Z,C5A1EA64EE534867,18.4,queries/tpch/tpch-queries/q21/v1_materialized.sql,measured,3,5,5,3,0.758,612.396,20,7,100,4967673,1,48723070,992861,2,orders;lineitem;supplier;nation;_m,471725,0,0,0,0,0,0
2026-08-12T13:37:41Z,C5A1EA64EE534867,18.4,queries/tpch/tpch-queries/q22/base.sql,warmup,1,1,1,3,0.990,58.265,10,3,7,76283,751,1451186,80960,2,customer;orders,64227,0,0,0,0,0,0
2026-08-12T13:37:41Z,C5A1EA64EE534867,18.4,queries/tpch/tpch-queries/q22/base.sql,warmup,2,1,1,3,0.929,55.758,10,3,7,76283,751,1451186,80960,2,customer;orders,64227,0,0,0,0,0,0
2026-08-12T13:37:41Z,C5A1EA64EE534867,18.4,queries/tpch/tpch-queries/q22/base.sql,measured,1,1,5,3,0.971,57.054,10,3,7,76283,751,1451186,80960,2,customer;orders,64227,0,0,0,0,0,0
2026-08-12T13:37:41Z,C5A1EA64EE534867,18.4,queries/tpch/tpch-queries/q22/base.sql,measured,1,2,5,3,0.228,54.814,10,3,7,76283,751,1451186,80960,2,customer;orders,64227,0,0,0,0,0,0
2026-08-12T13:37:41Z,C5A1EA64EE534867,18.4,queries/tpch/tpch-queries/q22/base.sql,measured,1,3,5,3,0.234,54.731,10,3,7,76283,751,1451186,80960,2,customer;orders,64227,0,0,0,0,0,0
2026-08-12T13:37:41Z,C5A1EA64EE534867,18.4,queries/tpch/tpch-queries/q22/base.sql,measured,1,4,5,3,0.233,55.169,10,3,7,76283,751,1451186,80960,2,customer;orders,64227,0,0,0,0,0,0
2026-08-12T13:37:41Z,C5A1EA64EE534867,18.4,queries/tpch/tpch-queries/q22/base.sql,measured,1,5,5,3,0.235,56.085,10,3,7,76283,751,1451186,80960,2,customer;orders,64227,0,0,0,0,0,0
2026-08-12T13:37:42Z,C5A1EA64EE534867,18.4,queries/tpch/tpch-queries/q22/base.sql,measured,2,1,5,3,1.638,95.414,10,3,7,76283,751,1451186,80960,2,customer;orders,64227,0,0,0,0,0,0
2026-08-12T13:37:42Z,C5A1EA64EE534867,18.4,queries/tpch/tpch-queries/q22/base.sql,measured,2,2,5,3,0.212,54.763,10,3,7,76283,751,1451186,80960,2,customer;orders,64227,0,0,0,0,0,0
2026-08-12T13:37:42Z,C5A1EA64EE534867,18.4,queries/tpch/tpch-queries/q22/base.sql,measured,2,3,5,3,0.216,61.301,10,3,7,76283,751,1451186,80960,2,customer;orders,64227,0,0,0,0,0,0
2026-08-12T13:37:42Z,C5A1EA64EE534867,18.4,queries/tpch/tpch-queries/q22/base.sql,measured,2,4,5,3,0.233,54.389,10,3,7,76283,751,1451186,80960,2,customer;orders,64227,0,0,0,0,0,0
2026-08-12T13:37:42Z,C5A1EA64EE534867,18.4,queries/tpch/tpch-queries/q22/base.sql,measured,2,5,5,3,0.219,55.263,10,3,7,76283,751,1451186,80960,2,customer;orders,64227,0,0,0,0,0,0
2026-08-12T13:37:42Z,C5A1EA64EE534867,18.4,queries/tpch/tpch-queries/q22/base.sql,measured,3,1,5,3,1.495,89.401,10,3,7,76283,751,1451186,80960,2,customer;orders,64227,0,0,0,0,0,0
2026-08-12T13:37:42Z,C5A1EA64EE534867,18.4,queries/tpch/tpch-queries/q22/base.sql,measured,3,2,5,3,0.213,54.240,10,3,7,76283,751,1451186,80960,2,customer;orders,64227,0,0,0,0,0,0
2026-08-12T13:37:42Z,C5A1EA64EE534867,18.4,queries/tpch/tpch-queries/q22/base.sql,measured,3,3,5,3,0.217,54.827,10,3,7,76283,751,1451186,80960,2,customer;orders,64227,0,0,0,0,0,0
2026-08-12T13:37:42Z,C5A1EA64EE534867,18.4,queries/tpch/tpch-queries/q22/base.sql,measured,3,4,5,3,0.214,54.094,10,3,7,76283,751,1451186,80960,2,customer;orders,64227,0,0,0,0,0,0
2026-08-12T13:37:42Z,C5A1EA64EE534867,18.4,queries/tpch/tpch-queries/q22/base.sql,measured,3,5,5,3,0.228,54.108,10,3,7,76283,751,1451186,80960,2,customer;orders,64227,0,0,0,0,0,0
2026-08-12T13:37:42Z,C5A1EA64EE534867,18.4,queries/tpch/tpch-queries/q22/v1_materialized.sql,warmup,1,1,1,3,1.563,94.891,11,4,7,76290,751,1451690,80960,2,_m;customer;orders,64227,0,0,0,0,0,0
2026-08-12T13:37:42Z,C5A1EA64EE534867,18.4,queries/tpch/tpch-queries/q22/v1_materialized.sql,warmup,2,1,1,3,0.952,65.756,11,4,7,76290,751,1451690,80960,2,_m;customer;orders,64227,0,0,0,0,0,0
2026-08-12T13:37:43Z,C5A1EA64EE534867,18.4,queries/tpch/tpch-queries/q22/v1_materialized.sql,measured,1,1,5,3,1.044,68.638,11,4,7,76290,751,1451690,80960,2,_m;customer;orders,64227,0,0,0,0,0,0
2026-08-12T13:37:43Z,C5A1EA64EE534867,18.4,queries/tpch/tpch-queries/q22/v1_materialized.sql,measured,1,2,5,3,0.239,54.760,11,4,7,76290,751,1451690,80960,2,_m;customer;orders,64227,0,0,0,0,0,0
2026-08-12T13:37:43Z,C5A1EA64EE534867,18.4,queries/tpch/tpch-queries/q22/v1_materialized.sql,measured,1,3,5,3,0.246,54.287,11,4,7,76290,751,1451690,80960,2,_m;customer;orders,64227,0,0,0,0,0,0
2026-08-12T13:37:43Z,C5A1EA64EE534867,18.4,queries/tpch/tpch-queries/q22/v1_materialized.sql,measured,1,4,5,3,0.238,54.188,11,4,7,76290,751,1451690,80960,2,_m;customer;orders,64227,0,0,0,0,0,0
2026-08-12T13:37:43Z,C5A1EA64EE534867,18.4,queries/tpch/tpch-queries/q22/v1_materialized.sql,measured,1,5,5,3,0.240,54.477,11,4,7,76290,751,1451690,80960,2,_m;customer;orders,64227,0,0,0,0,0,0
2026-08-12T13:37:43Z,C5A1EA64EE534867,18.4,queries/tpch/tpch-queries/q22/v1_materialized.sql,measured,2,1,5,3,0.959,55.624,11,4,7,76290,751,1451690,80960,2,_m;customer;orders,64227,0,0,0,0,0,0
2026-08-12T13:37:43Z,C5A1EA64EE534867,18.4,queries/tpch/tpch-queries/q22/v1_materialized.sql,measured,2,2,5,3,0.242,55.432,11,4,7,76290,751,1451690,80960,2,_m;customer;orders,64227,0,0,0,0,0,0
2026-08-12T13:37:43Z,C5A1EA64EE534867,18.4,queries/tpch/tpch-queries/q22/v1_materialized.sql,measured,2,3,5,3,0.233,56.160,11,4,7,76290,751,1451690,80960,2,_m;customer;orders,64227,0,0,0,0,0,0
2026-08-12T13:37:43Z,C5A1EA64EE534867,18.4,queries/tpch/tpch-queries/q22/v1_materialized.sql,measured,2,4,5,3,0.247,55.990,11,4,7,76290,751,1451690,80960,2,_m;customer;orders,64227,0,0,0,0,0,0
2026-08-12T13:37:43Z,C5A1EA64EE534867,18.4,queries/tpch/tpch-queries/q22/v1_materialized.sql,measured,2,5,5,3,0.235,56.041,11,4,7,76290,751,1451690,80960,2,_m;customer;orders,64227,0,0,0,0,0,0
2026-08-12T13:37:43Z,C5A1EA64EE534867,18.4,queries/tpch/tpch-queries/q22/v1_materialized.sql,measured,3,1,5,3,1.534,94.668,11,4,7,76290,751,1451690,80960,2,_m;customer;orders,64227,0,0,0,0,0,0
2026-08-12T13:37:43Z,C5A1EA64EE534867,18.4,queries/tpch/tpch-queries/q22/v1_materialized.sql,measured,3,2,5,3,0.257,54.600,11,4,7,76290,751,1451690,80960,2,_m;customer;orders,64227,0,0,0,0,0,0
2026-08-12T13:37:43Z,C5A1EA64EE534867,18.4,queries/tpch/tpch-queries/q22/v1_materialized.sql,measured,3,3,5,3,0.249,54.524,11,4,7,76290,751,1451690,80960,2,_m;customer;orders,64227,0,0,0,0,0,0
2026-08-12T13:37:43Z,C5A1EA64EE534867,18.4,queries/tpch/tpch-queries/q22/v1_materialized.sql,measured,3,4,5,3,0.234,54.583,11,4,7,76290,751,1451690,80960,2,_m;customer;orders,64227,0,0,0,0,0,0
2026-08-12T13:37:43Z,C5A1EA64EE534867,18.4,queries/tpch/tpch-queries/q22/v1_materialized.sql,measured,3,5,5,3,0.233,56.089,11,4,7,76290,751,1451690,80960,2,_m;customer;orders,64227,0,0,0,0,0,0
2026-08-12T13:37:44Z,C5A1EA64EE534867,18.4,queries/tpch/tpch-queries/q22/v2_anti_join.sql,warmup,1,1,1,3,1.501,160.692,11,3,7,1595282,1,13945160,144316,2,customer;orders,33345,0,0,0,0,0,0
2026-08-12T13:37:44Z,C5A1EA64EE534867,18.4,queries/tpch/tpch-queries/q22/v2_anti_join.sql,warmup,2,1,1,3,0.953,122.893,11,3,7,1595282,1,13945160,144316,2,customer;orders,33345,0,0,0,0,0,0
2026-08-12T13:37:45Z,C5A1EA64EE534867,18.4,queries/tpch/tpch-queries/q22/v2_anti_join.sql,measured,1,1,5,3,0.945,117.375,11,3,7,1595282,1,13945160,144316,2,customer;orders,33345,0,0,0,0,0,0
2026-08-12T13:37:45Z,C5A1EA64EE534867,18.4,queries/tpch/tpch-queries/q22/v2_anti_join.sql,measured,1,2,5,3,0.263,116.841,11,3,7,1595282,1,13945160,144316,2,customer;orders,33342,0,0,0,0,0,0
2026-08-12T13:37:45Z,C5A1EA64EE534867,18.4,queries/tpch/tpch-queries/q22/v2_anti_join.sql,measured,1,3,5,3,0.228,118.731,11,3,7,1595282,1,13945160,144316,2,customer;orders,33342,0,0,0,0,0,0
2026-08-12T13:37:45Z,C5A1EA64EE534867,18.4,queries/tpch/tpch-queries/q22/v2_anti_join.sql,measured,1,4,5,3,0.230,118.772,11,3,7,1595282,1,13945160,144316,2,customer;orders,33342,0,0,0,0,0,0
2026-08-12T13:37:45Z,C5A1EA64EE534867,18.4,queries/tpch/tpch-queries/q22/v2_anti_join.sql,measured,1,5,5,3,0.243,117.762,11,3,7,1595282,1,13945160,144316,2,customer;orders,33342,0,0,0,0,0,0
2026-08-12T13:37:45Z,C5A1EA64EE534867,18.4,queries/tpch/tpch-queries/q22/v2_anti_join.sql,measured,2,1,5,3,1.347,157.665,11,3,7,1595282,1,13945160,144316,2,customer;orders,33345,0,0,0,0,0,0
2026-08-12T13:37:45Z,C5A1EA64EE534867,18.4,queries/tpch/tpch-queries/q22/v2_anti_join.sql,measured,2,2,5,3,0.230,115.159,11,3,7,1595282,1,13945160,144316,2,customer;orders,33342,0,0,0,0,0,0
2026-08-12T13:37:45Z,C5A1EA64EE534867,18.4,queries/tpch/tpch-queries/q22/v2_anti_join.sql,measured,2,3,5,3,0.245,118.516,11,3,7,1595282,1,13945160,144316,2,customer;orders,33342,0,0,0,0,0,0
2026-08-12T13:37:45Z,C5A1EA64EE534867,18.4,queries/tpch/tpch-queries/q22/v2_anti_join.sql,measured,2,4,5,3,0.229,120.057,11,3,7,1595282,1,13945160,144316,2,customer;orders,33342,0,0,0,0,0,0
2026-08-12T13:37:45Z,C5A1EA64EE534867,18.4,queries/tpch/tpch-queries/q22/v2_anti_join.sql,measured,2,5,5,3,0.228,122.637,11,3,7,1595282,1,13945160,144316,2,customer;orders,33342,0,0,0,0,0,0
2026-08-12T13:37:46Z,C5A1EA64EE534867,18.4,queries/tpch/tpch-queries/q22/v2_anti_join.sql,measured,3,1,5,3,1.379,157.275,11,3,7,1595282,1,13945160,144316,2,customer;orders,33345,0,0,0,0,0,0
2026-08-12T13:37:46Z,C5A1EA64EE534867,18.4,queries/tpch/tpch-queries/q22/v2_anti_join.sql,measured,3,2,5,3,0.246,115.303,11,3,7,1595282,1,13945160,144316,2,customer;orders,33342,0,0,0,0,0,0
2026-08-12T13:37:46Z,C5A1EA64EE534867,18.4,queries/tpch/tpch-queries/q22/v2_anti_join.sql,measured,3,3,5,3,0.248,118.051,11,3,7,1595282,1,13945160,144316,2,customer;orders,33342,0,0,0,0,0,0
2026-08-12T13:37:46Z,C5A1EA64EE534867,18.4,queries/tpch/tpch-queries/q22/v2_anti_join.sql,measured,3,4,5,3,0.242,118.021,11,3,7,1595282,1,13945160,144316,2,customer;orders,33342,0,0,0,0,0,0
2026-08-12T13:37:46Z,C5A1EA64EE534867,18.4,queries/tpch/tpch-queries/q22/v2_anti_join.sql,measured,3,5,5,3,0.227,118.033,11,3,7,1595282,1,13945160,144316,2,customer;orders,33342,0,0,0,0,0,0
