timestamp_utc,run_id,pg_version,query,phase,batch_index,copy_index,batchnum,runs,server_planning_ms,server_execution_ms,plan_nodes,scan_nodes,rows_out,rows_processed,rows_estimated,bytes_processed,rows_removed_filter,workers_launched,relations,shared_hit_blks,shared_read_blks,shared_dirtied_blks,shared_written_blks,temp_read_blks,temp_written_blks,failed
2026-08-12T13:37:48Z,BE62DDE0EAA80693,18.4,queries/tpch/tpch-queries/q01/base.sql,warmup,1,1,1,3,1.100,2031.230,5,1,4,5916631,6,147924215,28208,2,lineitem,14,112600,0,0,0,0,0
2026-08-12T13:37:51Z,BE62DDE0EAA80693,18.4,queries/tpch/tpch-queries/q01/base.sql,warmup,2,1,1,3,0.963,1977.599,5,1,4,5916631,6,147924215,28208,2,lineitem,112614,0,0,0,0,0,0
2026-08-12T13:38:00Z,BE62DDE0EAA80693,18.4,queries/tpch/tpch-queries/q01/base.sql,measured,1,1,5,3,2.319,1953.224,5,1,4,5916631,6,147924215,28208,2,lineitem,112614,0,0,0,0,0,0
2026-08-12T13:38:00Z,BE62DDE0EAA80693,18.4,queries/tpch/tpch-queries/q01/base.sql,measured,1,2,5,3,0.162,1964.022,5,1,4,5916631,6,147924215,28208,2,lineitem,112614,0,0,0,0,0,0
2026-08-12T13:38:00Z,BE62DDE0EAA80693,18.4,queries/tpch/tpch-queries/q01/base.sql,measured,1,3,5,3,0.182,1958.173,5,1,4,5916631,6,147924215,28208,2,lineitem,112614,0,0,0,0,0,0
2026-08-12T13:38:00Z,BE62DDE0EAA80693,18.4,queries/tpch/tpch-queries/q01/base.sql,measured,1,4,5,3,0.171,1962.730,5,1,4,5916631,6,147924215,28208,2,lineitem,112614,0,0,0,0,0,0
2026-08-12T13:38:00Z,BE62DDE0EAA80693,18.4,queries/tpch/tpch-queries/q01/base.sql,measured,1,5,5,3,0.163,1960.851,5,1,4,5916631,6,147924215,28208,2,lineitem,112614,0,0,0,0,0,0
2026-08-12T13:38:10Z,BE62DDE0EAA80693,18.4,queries/tpch/tpch-queries/q01/base.sql,measured,2,1,5,3,0.889,1966.161,5,1,4,5916631,6,147924215,28208,2,lineitem,112614,0,0,0,0,0,0
2026-08-12T13:38:10Z,BE62DDE0EAA80693,18.4,queries/tpch/tpch-queries/q01/base.sql,measured,2,2,5,3,0.161,1979.046,5,1,4,5916631,6,147924215,28208,2,lineitem,112614,0,0,0,0,0,0
2026-08-12T13:38:10Z,BE62DDE0EAA80693,18.4,queries/tpch/tpch-queries/q01/base.sql,measured,2,3,5,3,0.181,1963.844,5,1,4,5916631,6,147924215,28208,2,lineitem,112614,0,0,0,0,0,0
2026-08-12T13:38:10Z,BE62DDE0EAA80693,18.4,queries/tpch/tpch-queries/q01/base.sql,measured,2,4,5,3,0.161,1967.368,5,1,4,5916631,6,147924215,28208,2,lineitem,112614,0,0,0,0,0,0
2026-08-12T13:38:10Z,BE62DDE0EAA80693,18.4,queries/tpch/tpch-queries/q01/base.sql,measured,2,5,5,3,0.164,1970.345,5,1,4,5916631,6,147924215,28208,2,lineitem,112614,0,0,0,0,0,0
2026-08-12T13:38:20Z,BE62DDE0EAA80693,18.4,queries/tpch/tpch-queries/q01/base.sql,measured,3,1,5,3,1.116,1969.481,5,1,4,5916631,6,147924215,28208,2,lineitem,112614,0,0,0,0,0,0
2026-08-12T13:38:20Z,BE62DDE0EAA80693,18.4,queries/tpch/tpch-queries/q01/base.sql,measured,3,2,5,3,0.179,1990.194,5,1,4,5916631,6,147924215,28208,2,lineitem,112614,0,0,0,0,0,0
2026-08-12T13:38:20Z,BE62DDE0EAA80693,18.4,queries/tpch/tpch-queries/q01/base.sql,measured,3,3,5,3,0.162,1974.521,5,1,4,5916631,6,147924215,28208,2,lineitem,112614,0,0,0,0,0,0
2026-08-12T13:38:20Z,BE62DDE0EAA80693,18.4,queries/tpch/tpch-queries/q01/base.sql,measured,3,4,5,3,0.161,1966.949,5,1,4,5916631,6,147924215,28208,2,lineitem,112614,0,0,0,0,0,0
2026-08-12T13:38:20Z,BE62DDE0EAA80693,18.4,queries/tpch/tpch-queries/q01/base.sql,measured,3,5,5,3,0.176,1960.196,5,1,4,5916631,6,147924215,28208,2,lineitem,112614,0,0,0,0,0,0
2026-08-12T13:38:22Z,BE62DDE0EAA80693,18.4,queries/tpch/tpch-queries/q01/v1_materialized.sql,warmup,1,1,1,3,1.265,1976.445,6,2,4,5916635,6,147925207,28208,2,_m;lineitem,112614,0,0,0,0,0,0
2026-08-12T13:38:24Z,BE62DDE0EAA80693,18.4,queries/tpch/tpch-queries/q01/v1_materialized.sql,warmup,2,1,1,3,0.928,1961.260,6,2,4,5916635,6,147925207,28208,2,_m;lineitem,112614,0,0,0,0,0,0
2026-08-12T13:38:34Z,BE62DDE0EAA80693,18.4,queries/tpch/tpch-queries/q01/v1_materialized.sql,measured,1,1,5,3,1.470,1960.456,6,2,4,5916635,6,147925207,28208,2,_m;lineitem,112614,0,0,0,0,0,0
2026-08-12T13:38:34Z,BE62DDE0EAA80693,18.4,queries/tpch/tpch-queries/q01/v1_materialized.sql,measured,1,2,5,3,0.206,1969.712,6,2,4,5916635,6,147925207,28208,2,_m;lineitem,112614,0,0,0,0,0,0
2026-08-12T13:38:34Z,BE62DDE0EAA80693,18.4,queries/tpch/tpch-queries/q01/v1_materialized.sql,measured,1,3,5,3,0.185,1958.893,6,2,4,5916635,6,147925207,28208,2,_m;lineitem,112614,0,0,0,0,0,0
2026-08-12T13:38:34Z,BE62DDE0EAA80693,18.4,queries/tpch/tpch-queries/q01/v1_materialized.sql,measured,1,4,5,3,0.218,1957.244,6,2,4,5916635,6,147925207,28208,2,_m;lineitem,112614,0,0,0,0,0,0
2026-08-12T13:38:34Z,BE62DDE0EAA80693,18.4,queries/tpch/tpch-queries/q01/v1_materialized.sql,measured,1,5,5,3,0.192,1955.134,6,2,4,5916635,6,147925207,28208,2,_m;lineitem,112614,0,0,0,0,0,0
2026-08-12T13:38:44Z,BE62DDE0EAA80693,18.4,queries/tpch/tpch-queries/q01/v1_materialized.sql,measured,2,1,5,3,0.912,1974.730,6,2,4,5916635,6,147925207,28208,2,_m;lineitem,112614,0,0,0,0,0,0
2026-08-12T13:38:44Z,BE62DDE0EAA80693,18.4,queries/tpch/tpch-queries/q01/v1_materialized.sql,measured,2,2,5,3,0.203,1964.313,6,2,4,5916635,6,147925207,28208,2,_m;lineitem,112614,0,0,0,0,0,0
2026-08-12T13:38:44Z,BE62DDE0EAA80693,18.4,queries/tpch/tpch-queries/q01/v1_materialized.sql,measured,2,3,5,3,0.206,1961.564,6,2,4,5916635,6,147925207,28208,2,_m;lineitem,112614,0,0,0,0,0,0
2026-08-12T13:38:44Z,BE62DDE0EAA80693,18.4,queries/tpch/tpch-queries/q01/v1_materialized.sql,measured,2,4,5,3,0.192,1961.655,6,2,4,5916635,6,147925207,28208,2,_m;lineitem,112614,0,0,0,0,0,0
2026-08-12T13:38:44Z,BE62DDE0EAA80693,18.4,queries/tpch/tpch-queries/q01/v1_materialized.sql,measured,2,5,5,3,0.198,1959.159,6,2,4,5916635,6,147925207,28208,2,_m;lineitem,112614,0,0,0,0,0,0
2026-08-12T13:38:54Z,BE62DDE0EAA80693,18.4,queries/tpch/tpch-queries/q01/v1_materialized.sql,measured,3,1,5,3,0.985,1970.678,6,2,4,5916635,6,147925207,28208,2,_m;lineitem,112614,0,0,0,0,0,0
2026-08-12T13:38:54Z,BE62DDE0EAA80693,18.4,queries/tpch/tpch-queries/q01/v1_materialized.sql,measured,3,2,5,3,0.193,1961.790,6,2,4,5916635,6,147925207,28208,2,_m;lineitem,112614,0,0,0,0,0,0
2026-08-12T13:38:54Z,BE62DDE0EAA80693,18.4,queries/tpch/tpch-queries/q01/v1_materialized.sql,measured,3,3,5,3,0.183,1961.608,6,2,4,5916635,6,147925207,28208,2,_m;lineitem,112614,0,0,0,0,0,0
2026-08-12T13:38:54Z,BE62DDE0EAA80693,18.4,queries/tpch/tpch-queries/q01/v1_materialized.sql,measured,3,4,5,3,0.188,1959.340,6,2,4,5916635,6,147925207,28208,2,_m;lineitem,112614,0,0,0,0,0,0
2026-08-12T13:38:54Z,BE62DDE0EAA80693,18.4,queries/tpch/tpch-queries/q01/v1_materialized.sql,measured,3,5,5,3,0.191,1957.165,6,2,4,5916635,6,147925207,28208,2,_m;lineitem,112614,0,0,0,0,0,0
2026-08-12T13:38:55Z,BE62DDE0EAA80693,18.4,queries/tpch/tpch-queries/q02/base.sql,warmup,1,1,1,3,2.848,330.348,23,10,100,521979,1,59100592,3168,0,part;ixtest_part_size;supplier;nation;region;partsupp,176427,21536,0,0,3359,3359,0
2026-08-12T13:38:55Z,BE62DDE0EAA80693,18.4,queries/tpch/tpch-queries/q02/base.sql,warmup,2,1,1,3,2.290,195.760,23,10,100,521979,1,59100592,3168,0,part;ixtest_part_size;supplier;nation;region;partsupp,197963,0,0,0,3359,3359,0
2026-08-12T13:38:56Z,BE62DDE0EAA80693,18.4,queries/tpch/tpch-queries/q02/base.sql,measured,1,1,5,3,2.339,199.311,23,10,100,521979,1,59100592,3168,0,part;ixtest_part_size;supplier;nation;region;partsupp,197963,0,0,0,3359,3359,0
2026-08-12T13:38:56Z,BE62DDE0EAA80693,18.4,queries/tpch/tpch-queries/q02/base.sql,measured,1,2,5,3,0.936,186.039,23,10,100,521979,1,59100592,3168,0,part;ixtest_part_size;supplier;nation;region;partsupp,197954,0,0,0,3359,3359,0
2026-08-12T13:38:56Z,BE62DDE0EAA80693,18.4,queries/tpch/tpch-queries/q02/base.sql,measured,1,3,5,3,0.925,186.280,23,10,100,521979,1,59100592,3168,0,part;ixtest_part_size;supplier;nation;region;partsupp,197954,0,0,0,3359,3359,0
2026-08-12T13:38:56Z,BE62DDE0EAA80693,18.4,queries/tpch/tpch-queries/q02/base.sql,measured,1,4,5,3,0.925,185.276,23,10,100,521979,1,59100592,3168,0,part;ixtest_part_size;supplier;nation;region;partsupp,197954,0,0,0,3359,3359,0
2026-08-12T13:38:56Z,BE62DDE0EAA80693,18.4,queries/tpch/tpch-queries/q02/base.sql,measured,1,5,5,3,0.905,184.210,23,10,100,521979,1,59100592,3168,0,part;ixtest_part_size;supplier;nation;region;partsupp,197954,0,0,0,3359,3359,0
2026-08-12T13:38:57Z,BE62DDE0EAA80693,18.4,queries/tpch/tpch-queries/q02/base.sql,measured,2,1,5,3,2.334,196.402,23,10,100,521979,1,59100592,3168,0,part;ixtest_part_size;supplier;nation;region;partsupp,197963,0,0,0,3359,3359,0
2026-08-12T13:38:57Z,BE62DDE0EAA80693,18.4,queries/tpch/tpch-queries/q02/base.sql,measured,2,2,5,3,0.932,183.126,23,10,100,521979,1,59100592,3168,0,part;ixtest_part_size;supplier;nation;region;partsupp,197954,0,0,0,3359,3359,0
2026-08-12T13:38:57Z,BE62DDE0EAA80693,18.4,queries/tpch/tpch-queries/q02/base.sql,measured,2,3,5,3,0.912,184.353,23,10,100,521979,1,59100592,3168,0,part;ixtest_part_size;supplier;nation;region;partsupp,197954,0,0,0,3359,3359,0
2026-08-12T13:38:57Z,BE62DDE0EAA80693,18.4,queries/tpch/tpch-queries/q02/base.sql,measured,2,4,5,3,0.909,181.563,23,10,100,521979,1,59100592,3168,0,part;ixtest_part_size;supplier;nation;region;partsupp,197954,0,0,0,3359,3359,0
2026-08-12T13:38:57Z,BE62DDE0EAA80693,18.4,queries/tpch/tpch-queries/q02/base.sql,measured,2,5,5,3,0.901,180.242,23,10,100,521979,1,59100592,3168,0,part;ixtest_part_size;supplier;nation;region;partsupp,197954,0,0,0,3359,3359,0
2026-08-12T13:38:58Z,BE62DDE0EAA80693,18.4,queries/tpch/tpch-queries/q02/base.sql,measured,3,1,5,3,2.376,195.554,23,10,100,521979,1,59100592,3168,0,part;ixtest_part_size;supplier;nation;region;partsupp,197963,0,0,0,3359,3359,0
2026-08-12T13:38:58Z,BE62DDE0EAA80693,18.4,queries/tpch/tpch-queries/q02/base.sql,measured,3,2,5,3,0.944,184.111,23,10,100,521979,1,59100592,3168,0,part;ixtest_part_size;supplier;nation;region;partsupp,197954,0,0,0,3359,3359,0
2026-08-12T13:38:58Z,BE62DDE0EAA80693,18.4,queries/tpch/tpch-queries/q02/base.sql,measured,3,3,5,3,1.371,183.649,23,10,100,521979,1,59100592,3168,0,part;ixtest_part_size;supplier;nation;region;partsupp,197954,0,0,0,3359,3359,0
2026-08-12T13:38:58Z,BE62DDE0EAA80693,18.4,queries/tpch/tpch-queries/q02/base.sql,measured,3,4,5,3,0.911,186.406,23,10,100,521979,1,59100592,3168,0,part;ixtest_part_size;supplier;nation;region;partsupp,197954,0,0,0,3359,3359,0
2026-08-12T13:38:58Z,BE62DDE0EAA80693,18.4,queries/tpch/tpch-queries/q02/base.sql,measured,3,5,5,3,0.914,182.284,23,10,100,521979,1,59100592,3168,0,part;ixtest_part_size;supplier;nation;region;partsupp,197954,0,0,0,3359,3359,0
2026-08-12T13:38:58Z,BE62DDE0EAA80693,18.4,queries/tpch/tpch-queries/q02/v1_materialized.sql,warmup,1,1,1,3,2.155,223.544,24,12,100,516404,1,58380442,3168,0,part;ixtest_part_size;nation;region;supplier;ixtest_supplier_nationkey;partsupp;_m,198694,5,0,0,3359,3359,0
2026-08-12T13:38:59Z,BE62DDE0EAA80693,18.4,queries/tpch/tpch-queries/q02/v1_materialized.sql,warmup,2,1,1,3,2.470,232.846,24,12,100,516404,1,58380442,3168,0,part;ixtest_part_size;nation;region;supplier;ixtest_supplier_nationkey;partsupp;_m,198699,0,0,0,3359,3359,0
2026-08-12T13:39:00Z,BE62DDE0EAA80693,18.4,queries/tpch/tpch-queries/q02/v1_materialized.sql,measured,1,1,5,3,2.127,230.568,24,12,100,516404,1,58380442,3168,0,part;ixtest_part_size;nation;region;supplier;ixtest_supplier_nationkey;partsupp;_m,198699,0,0,0,3359,3359,0
2026-08-12T13:39:00Z,BE62DDE0EAA80693,18.4,queries/tpch/tpch-queries/q02/v1_materialized.sql,measured,1,2,5,3,0.800,221.654,24,12,100,516404,1,58380442,3168,0,part;ixtest_part_size;nation;region;supplier;ixtest_supplier_nationkey;partsupp;_m,198690,0,0,0,3359,3359,0
2026-08-12T13:39:00Z,BE62DDE0EAA80693,18.4,queries/tpch/tpch-queries/q02/v1_materialized.sql,measured,1,3,5,3,0.812,226.633,24,12,100,516404,1,58380442,3168,0,part;ixtest_part_size;nation;region;supplier;ixtest_supplier_nationkey;partsupp;_m,198690,0,0,0,3359,3359,0
2026-08-12T13:39:00Z,BE62DDE0EAA80693,18.4,queries/tpch/tpch-queries/q02/v1_materialized.sql,measured,1,4,5,3,0.788,220.368,24,12,100,516404,1,58380442,3168,0,part;ixtest_part_size;nation;region;supplier;ixtest_supplier_nationkey;partsupp;_m,198690,0,0,0,3359,3359,0
2026-08-12T13:39:00Z,BE62DDE0EAA80693,18.4,queries/tpch/tpch-queries/q02/v1_materialized.sql,measured,1,5,5,3,0.783,212.989,24,12,100,516404,1,58380442,3168,0,part;ixtest_part_size;nation;region;supplier;ixtest_supplier_nationkey;partsupp;_m,198690,0,0,0,3359,3359,0
2026-08-12T13:39:01Z,BE62DDE0EAA80693,18.4,queries/tpch/tpch-queries/q02/v1_materialized.sql,measured,2,1,5,3,2.109,231.068,24,12,100,516404,1,58380442,3168,0,part;ixtest_part_size;nation;region;supplier;ixtest_supplier_nationkey;partsupp;_m,198699,0,0,0,3359,3359,0
2026-08-12T13:39:01Z,BE62DDE0EAA80693,18.4,queries/tpch/tpch-queries/q02/v1_materialized.sql,measured,2,2,5,3,0.812,216.431,24,12,100,516404,1,58380442,3168,0,part;ixtest_part_size;nation;region;supplier;ixtest_supplier_nationkey;partsupp;_m,198690,0,0,0,3359,3359,0
2026-08-12T13:39:01Z,BE62DDE0EAA80693,18.4,queries/tpch/tpch-queries/q02/v1_materialized.sql,measured,2,3,5,3,0.782,217.334,24,12,100,516404,1,58380442,3168,0,part;ixtest_part_size;nation;region;supplier;ixtest_supplier_nationkey;partsupp;_m,198690,0,0,0,3359,3359,0
2026-08-12T13:39:01Z,BE62DDE0EAA80693,18.4,queries/tpch/tpch-queries/q02/v1_materialized.sql,measured,2,4,5,3,0.793,215.529,24,12,100,516404,1,58380442,3168,0,part;ixtest_part_size;nation;region;supplier;ixtest_supplier_nationkey;partsupp;_m,198690,0,0,0,3359,3359,0
2026-08-12T13:39:01Z,BE62DDE0EAA80693,18.4,queries/tpch/tpch-queries/q02/v1_materialized.sql,measured,2,5,5,3,0.784,212.188,24,12,100,516404,1,58380442,3168,0,part;ixtest_part_size;nation;region;supplier;ixtest_supplier_nationkey;partsupp;_m,198690,0,0,0,3359,3359,0
2026-08-12T13:39:02Z,BE62DDE0EAA80693,18.4,queries/tpch/tpch-queries/q02/v1_materialized.sql,measured,3,1,5,3,2.131,225.098,24,12,100,516404,1,58380442,3168,0,part;ixtest_part_size;nation;region;supplier;ixtest_supplier_nationkey;partsupp;_m,198699,0,0,0,3359,3359,0
2026-08-12T13:39:02Z,BE62DDE0EAA80693,18.4,queries/tpch/tpch-queries/q02/v1_materialized.sql,measured,3,2,5,3,0.806,213.104,24,12,100,516404,1,58380442,3168,0,part;ixtest_part_size;nation;region;supplier;ixtest_supplier_nationkey;partsupp;_m,198690,0,0,0,3359,3359,0
2026-08-12T13:39:02Z,BE62DDE0EAA80693,18.4,queries/tpch/tpch-queries/q02/v1_materialized.sql,measured,3,3,5,3,0.773,210.562,24,12,100,516404,1,58380442,3168,0,part;ixtest_part_size;nation;region;supplier;ixtest_supplier_nationkey;partsupp;_m,198690,0,0,0,3359,3359,0
2026-08-12T13:39:02Z,BE62DDE0EAA80693,18.4,queries/tpch/tpch-queries/q02/v1_materialized.sql,measured,3,4,5,3,0.787,205.850,24,12,100,516404,1,58380442,3168,0,part;ixtest_part_size;nation;region;supplier;ixtest_supplier_nationkey;partsupp;_m,198690,0,0,0,3359,3359,0
2026-08-12T13:39:02Z,BE62DDE0EAA80693,18.4,queries/tpch/tpch-queries/q02/v1_materialized.sql,measured,3,5,5,3,0.798,216.503,24,12,100,516404,1,58380442,3168,0,part;ixtest_part_size;nation;region;supplier;ixtest_supplier_nationkey;partsupp;_m,198690,0,0,0,3359,3359,0
2026-08-12T13:39:03Z,BE62DDE0EAA80693,18.4,queries/tpch/tpch-queries/q02/v2_decorrelate.sql,warmup,1,1,1,3,3.074,218.377,25,11,100,452023,1,8826712,3171,0,region;nation;supplier;ixtest_supplier_nationkey;partsupp;part;ixtest_part_size,171708,0,0,0,257,607,0
2026-08-12T13:39:03Z,BE62DDE0EAA80693,18.4,queries/tpch/tpch-queries/q02/v2_decorrelate.sql,warmup,2,1,1,3,3.379,219.510,25,11,100,452023,1,8826712,3171,0,region;nation;supplier;ixtest_supplier_nationkey;partsupp;part;ixtest_part_size,171708,0,0,0,257,607,0
2026-08-12T13:39:04Z,BE62DDE0EAA80693,18.4,queries/tpch/tpch-queries/q02/v2_decorrelate.sql,measured,1,1,5,3,3.025,218.151,25,11,100,452023,1,8826712,3171,0,region;nation;supplier;ixtest_supplier_nationkey;partsupp;part;ixtest_part_size,171708,0,0,0,257,607,0
2026-08-12T13:39:04Z,BE62DDE0EAA80693,18.4,queries/tpch/tpch-queries/q02/v2_decorrelate.sql,measured,1,2,5,3,1.572,209.033,25,11,100,452023,1,8826712,3171,0,region;nation;supplier;ixtest_supplier_nationkey;partsupp;part;ixtest_part_size,171699,0,0,0,257,607,0
2026-08-12T13:39:04Z,BE62DDE0EAA80693,18.4,queries/tpch/tpch-queries/q02/v2_decorrelate.sql,measured,1,3,5,3,1.548,209.360,25,11,100,452023,1,8826712,3171,0,region;nation;supplier;ixtest_supplier_nationkey;partsupp;part;ixtest_part_size,171699,0,0,0,257,607,0
2026-08-12T13:39:04Z,BE62DDE0EAA80693,18.4,queries/tpch/tpch-queries/q02/v2_decorrelate.sql,measured,1,4,5,3,1.537,204.558,25,11,100,452023,1,8826712,3171,0,region;nation;supplier;ixtest_supplier_nationkey;partsupp;part;ixtest_part_size,171699,0,0,0,257,607,0
2026-08-12T13:39:04Z,BE62DDE0EAA80693,18.4,queries/tpch/tpch-queries/q02/v2_decorrelate.sql,measured,1,5,5,3,1.547,204.009,25,11,100,452023,1,8826712,3171,0,region;nation;supplier;ixtest_supplier_nationkey;partsupp;part;ixtest_part_size,171699,0,0,0,257,607,0
2026-08-12T13:39:05Z,BE62DDE0EAA80693,18.4,queries/tpch/tpch-queries/q02/v2_decorrelate.sql,measured,2,1,5,3,3.105,214.059,25,11,100,452023,1,8826712,3171,0,region;nation;supplier;ixtest_supplier_nationkey;partsupp;part;ixtest_part_size,171708,0,0,0,257,607,0
2026-08-12T13:39:05Z,BE62DDE0EAA80693,18.4,queries/tpch/tpch-queries/q02/v2_decorrelate.sql,measured,2,2,5,3,1.577,205.365,25,11,100,452023,1,8826712,3171,0,region;nation;supplier;ixtest_supplier_nationkey;partsupp;part;ixtest_part_size,171699,0,0,0,257,607,0
2026-08-12T13:39:05Z,BE62DDE0EAA80693,18.4,queries/tpch/tpch-queries/q02/v2_decorrelate.sql,measured,2,3,5,3,1.544,200.236,25,11,100,452023,1,8826712,3171,0,region;nation;supplier;ixtest_supplier_nationkey;partsupp;part;ixtest_part_size,171699,0,0,0,257,607,0
2026-08-12T13:39:05Z,BE62DDE0EAA80693,18.4,queries/tpch/tpch-queries/q02/v2_decorrelate.sql,measured,2,4,5,3,1.531,196.840,25,11,100,452023,1,8826712,3171,0,region;nation;supplier;ixtest_supplier_nationkey;partsupp;part;ixtest_part_size,171699,0,0,0,257,607,0
2026-08-12T13:39:05Z,BE62DDE0EAA80693,18.4,queries/tpch/tpch-queries/q02/v2_decorrelate.sql,measured,2,5,5,3,1.527,198.759,25,11,100,452023,1,8826712,3171,0,region;nation;supplier;ixtest_supplier_nationkey;partsupp;part;ixtest_part_size,171699,0,0,0,257,607,0
2026-08-12T13:39:06Z,BE62DDE0EAA80693,18.4,queries/tpch/tpch-queries/q02/v2_decorrelate.sql,measured,3,1,5,3,3.030,222.962,25,11,100,452023,1,8826712,3171,0,region;nation;supplier;ixtest_supplier_nationkey;partsupp;part;ixtest_part_size,171708,0,0,0,257,607,0
2026-08-12T13:39:06Z,BE62DDE0EAA80693,18.4,queries/tpch/tpch-queries/q02/v2_decorrelate.sql,measured,3,2,5,3,1.591,203.886,25,11,100,452023,1,8826712,3171,0,region;nation;supplier;ixtest_supplier_nationkey;partsupp;part;ixtest_part_size,171699,0,0,0,257,607,0
2026-08-12T13:39:06Z,BE62DDE0EAA80693,18.4,queries/tpch/tpch-queries/q02/v2_decorrelate.sql,measured,3,3,5,3,1.536,206.095,25,11,100,452023,1,8826712,3171,0,region;nation;supplier;ixtest_supplier_nationkey;partsupp;part;ixtest_part_size,171699,0,0,0,257,607,0
2026-08-12T13:39:06Z,BE62DDE0EAA80693,18.4,queries/tpch/tpch-queries/q02/v2_decorrelate.sql,measured,3,4,5,3,1.535,198.880,25,11,100,452023,1,8826712,3171,0,region;nation;supplier;ixtest_supplier_nationkey;partsupp;part;ixtest_part_size,171699,0,0,0,257,607,0
2026-08-12T13:39:06Z,BE62DDE0EAA80693,18.4,queries/tpch/tpch-queries/q02/v2_decorrelate.sql,measured,3,5,5,3,1.534,202.663,25,11,100,452023,1,8826712,3171,0,region;nation;supplier;ixtest_supplier_nationkey;partsupp;part;ixtest_part_size,171699,0,0,0,257,607,0
2026-08-12T13:39:07Z,BE62DDE0EAA80693,18.4,queries/tpch/tpch-queries/q03/base.sql,warmup,1,1,1,3,1.914,399.329,12,4,10,1068053,10,16353052,257569,2,orders;customer;ixtest_customer_mktseg;lineitem,587390,39260,0,0,0,0,0
2026-08-12T13:39:07Z,BE62DDE0EAA80693,18.4,queries/tpch/tpch-queries/q03/base.sql,warmup,2,1,1,3,1.828,313.896,12,4,10,1068053,10,16353052,257569,2,orders;customer;ixtest_customer_mktseg;lineitem,626650,0,0,0,0,0,0
2026-08-12T13:39:09Z,BE62DDE0EAA80693,18.4,queries/tpch/tpch-queries/q03/base.sql,measured,1,1,5,3,1.658,308.321,12,4,10,1068053,10,16353052,257569,2,orders;customer;ixtest_customer_mktseg;lineitem,626650,0,0,0,0,0,0
2026-08-12T13:39:09Z,BE62DDE0EAA80693,18.4,queries/tpch/tpch-queries/q03/base.sql,measured,1,2,5,3,0.427,280.674,12,4,10,1068053,10,16353052,257569,2,orders;customer;ixtest_customer_mktseg;lineitem,626647,0,0,0,0,0,0
2026-08-12T13:39:09Z,BE62DDE0EAA80693,18.4,queries/tpch/tpch-queries/q03/base.sql,measured,1,3,5,3,0.418,278.362,12,4,10,1068053,10,16353052,257569,2,orders;customer;ixtest_customer_mktseg;lineitem,626647,0,0,0,0,0,0
2026-08-12T13:39:09Z,BE62DDE0EAA80693,18.4,queries/tpch/tpch-queries/q03/base.sql,measured,1,4,5,3,0.437,276.455,12,4,10,1068053,10,16353052,257569,2,orders;customer;ixtest_customer_mktseg;lineitem,626647,0,0,0,0,0,0
2026-08-12T13:39:09Z,BE62DDE0EAA80693,18.4,queries/tpch/tpch-queries/q03/base.sql,measured,1,5,5,3,0.424,278.991,12,4,10,1068053,10,16353052,257569,2,orders;customer;ixtest_customer_mktseg;lineitem,626647,0,0,0,0,0,0
2026-08-12T13:39:10Z,BE62DDE0EAA80693,18.4,queries/tpch/tpch-queries/q03/base.sql,measured,2,1,5,3,1.568,306.682,12,4,10,1068053,10,16353052,257569,2,orders;customer;ixtest_customer_mktseg;lineitem,626650,0,0,0,0,0,0
2026-08-12T13:39:10Z,BE62DDE0EAA80693,18.4,queries/tpch/tpch-queries/q03/base.sql,measured,2,2,5,3,0.421,278.950,12,4,10,1068053,10,16353052,257569,2,orders;customer;ixtest_customer_mktseg;lineitem,626647,0,0,0,0,0,0
2026-08-12T13:39:10Z,BE62DDE0EAA80693,18.4,queries/tpch/tpch-queries/q03/base.sql,measured,2,3,5,3,0.422,280.845,12,4,10,1068053,10,16353052,257569,2,orders;customer;ixtest_customer_mktseg;lineitem,626647,0,0,0,0,0,0
2026-08-12T13:39:10Z,BE62DDE0EAA80693,18.4,queries/tpch/tpch-queries/q03/base.sql,measured,2,4,5,3,0.431,275.544,12,4,10,1068053,10,16353052,257569,2,orders;customer;ixtest_customer_mktseg;lineitem,626647,0,0,0,0,0,0
2026-08-12T13:39:10Z,BE62DDE0EAA80693,18.4,queries/tpch/tpch-queries/q03/base.sql,measured,2,5,5,3,0.417,275.389,12,4,10,1068053,10,16353052,257569,2,orders;customer;ixtest_customer_mktseg;lineitem,626647,0,0,0,0,0,0
2026-08-12T13:39:12Z,BE62DDE0EAA80693,18.4,queries/tpch/tpch-queries/q03/base.sql,measured,3,1,5,3,1.715,306.978,12,4,10,1068053,10,16353052,257569,2,orders;customer;ixtest_customer_mktseg;lineitem,626650,0,0,0,0,0,0
2026-08-12T13:39:12Z,BE62DDE0EAA80693,18.4,queries/tpch/tpch-queries/q03/base.sql,measured,3,2,5,3,0.422,280.357,12,4,10,1068053,10,16353052,257569,2,orders;customer;ixtest_customer_mktseg;lineitem,626647,0,0,0,0,0,0
2026-08-12T13:39:12Z,BE62DDE0EAA80693,18.4,queries/tpch/tpch-queries/q03/base.sql,measured,3,3,5,3,0.432,276.591,12,4,10,1068053,10,16353052,257569,2,orders;customer;ixtest_customer_mktseg;lineitem,626647,0,0,0,0,0,0
2026-08-12T13:39:12Z,BE62DDE0EAA80693,18.4,queries/tpch/tpch-queries/q03/base.sql,measured,3,4,5,3,0.418,277.848,12,4,10,1068053,10,16353052,257569,2,orders;customer;ixtest_customer_mktseg;lineitem,626647,0,0,0,0,0,0
2026-08-12T13:39:12Z,BE62DDE0EAA80693,18.4,queries/tpch/tpch-queries/q03/base.sql,measured,3,5,5,3,0.418,282.045,12,4,10,1068053,10,16353052,257569,2,orders;customer;ixtest_customer_mktseg;lineitem,626647,0,0,0,0,0,0
2026-08-12T13:39:12Z,BE62DDE0EAA80693,18.4,queries/tpch/tpch-queries/q03/v1_materialized.sql,warmup,1,1,1,3,1.568,306.528,13,5,10,1079673,10,16864332,257569,2,orders;customer;ixtest_customer_mktseg;lineitem;_m,626650,0,0,0,0,0,0
2026-08-12T13:39:12Z,BE62DDE0EAA80693,18.4,queries/tpch/tpch-queries/q03/v1_materialized.sql,warmup,2,1,1,3,1.695,322.875,13,5,10,1079673,10,16864332,257569,2,orders;customer;ixtest_customer_mktseg;lineitem;_m,626650,0,0,0,0,0,0
2026-08-12T13:39:14Z,BE62DDE0EAA80693,18.4,queries/tpch/tpch-queries/q03/v1_materialized.sql,measured,1,1,5,3,1.704,308.485,13,5,10,1079673,10,16864332,257569,2,orders;customer;ixtest_customer_mktseg;lineitem;_m,626650,0,0,0,0,0,0
2026-08-12T13:39:14Z,BE62DDE0EAA80693,18.4,queries/tpch/tpch-queries/q03/v1_materialized.sql,measured,1,2,5,3,0.400,281.958,13,5,10,1079673,10,16864332,257569,2,orders;customer;ixtest_customer_mktseg;lineitem;_m,626647,0,0,0,0,0,0
2026-08-12T13:39:14Z,BE62DDE0EAA80693,18.4,queries/tpch/tpch-queries/q03/v1_materialized.sql,measured,1,3,5,3,0.410,281.326,13,5,10,1079673,10,16864332,257569,2,orders;customer;ixtest_customer_mktseg;lineitem;_m,626647,0,0,0,0,0,0
2026-08-12T13:39:14Z,BE62DDE0EAA80693,18.4,queries/tpch/tpch-queries/q03/v1_materialized.sql,measured,1,4,5,3,0.422,278.315,13,5,10,1079673,10,16864332,257569,2,orders;customer;ixtest_customer_mktseg;lineitem;_m,626647,0,0,0,0,0,0
2026-08-12T13:39:14Z,BE62DDE0EAA80693,18.4,queries/tpch/tpch-queries/q03/v1_materialized.sql,measured,1,5,5,3,0.458,280.117,13,5,10,1079673,10,16864332,257569,2,orders;customer;ixtest_customer_mktseg;lineitem;_m,626647,0,0,0,0,0,0
2026-08-12T13:39:15Z,BE62DDE0EAA80693,18.4,queries/tpch/tpch-queries/q03/v1_materialized.sql,measured,2,1,5,3,1.562,307.014,13,5,10,1079673,10,16864332,257569,2,orders;customer;ixtest_customer_mktseg;lineitem;_m,626650,0,0,0,0,0,0
2026-08-12T13:39:15Z,BE62DDE0EAA80693,18.4,queries/tpch/tpch-queries/q03/v1_materialized.sql,measured,2,2,5,3,0.402,285.219,13,5,10,1079673,10,16864332,257569,2,orders;customer;ixtest_customer_mktseg;lineitem;_m,626647,0,0,0,0,0,0
2026-08-12T13:39:15Z,BE62DDE0EAA80693,18.4,queries/tpch/tpch-queries/q03/v1_materialized.sql,measured,2,3,5,3,0.412,279.590,13,5,10,1079673,10,16864332,257569,2,orders;customer;ixtest_customer_mktseg;lineitem;_m,626647,0,0,0,0,0,0
2026-08-12T13:39:15Z,BE62DDE0EAA80693,18.4,queries/tpch/tpch-queries/q03/v1_materialized.sql,measured,2,4,5,3,0.408,279.232,13,5,10,1079673,10,16864332,257569,2,orders;customer;ixtest_customer_mktseg;lineitem;_m,626647,0,0,0,0,0,0
2026-08-12T13:39:15Z,BE62DDE0EAA80693,18.4,queries/tpch/tpch-queries/q03/v1_materialized.sql,measured,2,5,5,3,0.401,278.887,13,5,10,1079673,10,16864332,257569,2,orders;customer;ixtest_customer_mktseg;lineitem;_m,626647,0,0,0,0,0,0
2026-08-12T13:39:17Z,BE62DDE0EAA80693,18.4,queries/tpch/tpch-queries/q03/v1_materialized.sql,measured,3,1,5,3,1.606,307.843,13,5,10,1079673,10,16864332,257569,2,orders;customer;ixtest_customer_mktseg;lineitem;_m,626650,0,0,0,0,0,0
2026-08-12T13:39:17Z,BE62DDE0EAA80693,18.4,queries/tpch/tpch-queries/q03/v1_materialized.sql,measured,3,2,5,3,0.402,281.964,13,5,10,1079673,10,16864332,257569,2,orders;customer;ixtest_customer_mktseg;lineitem;_m,626647,0,0,0,0,0,0
2026-08-12T13:39:17Z,BE62DDE0EAA80693,18.4,queries/tpch/tpch-queries/q03/v1_materialized.sql,measured,3,3,5,3,0.407,281.285,13,5,10,1079673,10,16864332,257569,2,orders;customer;ixtest_customer_mktseg;lineitem;_m,626647,0,0,0,0,0,0
2026-08-12T13:39:17Z,BE62DDE0EAA80693,18.4,queries/tpch/tpch-queries/q03/v1_materialized.sql,measured,3,4,5,3,0.402,279.955,13,5,10,1079673,10,16864332,257569,2,orders;customer;ixtest_customer_mktseg;lineitem;_m,626647,0,0,0,0,0,0
2026-08-12T13:39:17Z,BE62DDE0EAA80693,18.4,queries/tpch/tpch-queries/q03/v1_materialized.sql,measured,3,5,5,3,0.403,277.025,13,5,10,1079673,10,16864332,257569,2,orders;customer;ixtest_customer_mktseg;lineitem;_m,626647,0,0,0,0,0,0
2026-08-12T13:39:17Z,BE62DDE0EAA80693,18.4,queries/tpch/tpch-queries/q04/base.sql,warmup,1,1,1,3,1.320,116.400,8,3,5,219511,5,2825832,1,2,orders;ixtest_orders_orderdate;lineitem,252697,52,0,0,0,0,0
2026-08-12T13:39:17Z,BE62DDE0EAA80693,18.4,queries/tpch/tpch-queries/q04/base.sql,warmup,2,1,1,3,1.228,118.040,8,3,5,219511,5,2825832,1,2,orders;ixtest_orders_orderdate;lineitem,252749,0,0,0,0,0,0
2026-08-12T13:39:18Z,BE62DDE0EAA80693,18.4,queries/tpch/tpch-queries/q04/base.sql,measured,1,1,5,3,1.225,116.487,8,3,5,219511,5,2825832,1,2,orders;ixtest_orders_orderdate;lineitem,252749,0,0,0,0,0,0
2026-08-12T13:39:18Z,BE62DDE0EAA80693,18.4,queries/tpch/tpch-queries/q04/base.sql,measured,1,2,5,3,0.237,101.508,8,3,5,219511,5,2825832,1,2,orders;ixtest_orders_orderdate;lineitem,252749,0,0,0,0,0,0
2026-08-12T13:39:18Z,BE62DDE0EAA80693,18.4,queries/tpch/tpch-queries/q04/base.sql,measured,1,3,5,3,0.229,96.954,8,3,5,219511,5,2825832,1,2,orders;ixtest_orders_orderdate;lineitem,252749,0,0,0,0,0,0
2026-08-12T13:39:18Z,BE62DDE0EAA80693,18.4,queries/tpch/tpch-queries/q04/base.sql,measured,1,4,5,3,0.232,96.405,8,3,5,219511,5,2825832,1,2,orders;ixtest_orders_orderdate;lineitem,252749,0,0,0,0,0,0
2026-08-12T13:39:18Z,BE62DDE0EAA80693,18.4,queries/tpch/tpch-queries/q04/base.sql,measured,1,5,5,3,0.226,96.227,8,3,5,219511,5,2825832,1,2,orders;ixtest_orders_orderdate;lineitem,252749,0,0,0,0,0,0
2026-08-12T13:39:18Z,BE62DDE0EAA80693,18.4,queries/tpch/tpch-queries/q04/base.sql,measured,2,1,5,3,1.291,116.160,8,3,5,219511,5,2825832,1,2,orders;ixtest_orders_orderdate;lineitem,252749,0,0,0,0,0,0
2026-08-12T13:39:18Z,BE62DDE0EAA80693,18.4,queries/tpch/tpch-queries/q04/base.sql,measured,2,2,5,3,0.232,101.978,8,3,5,219511,5,2825832,1,2,orders;ixtest_orders_orderdate;lineitem,252749,0,0,0,0,0,0
2026-08-12T13:39:18Z,BE62DDE0EAA80693,18.4,queries/tpch/tpch-queries/q04/base.sql,measured,2,3,5,3,0.231,98.811,8,3,5,219511,5,2825832,1,2,orders;ixtest_orders_orderdate;lineitem,252749,0,0,0,0,0,0
2026-08-12T13:39:18Z,BE62DDE0EAA80693,18.4,queries/tpch/tpch-queries/q04/base.sql,measured,2,4,5,3,0.232,97.152,8,3,5,219511,5,2825832,1,2,orders;ixtest_orders_orderdate;lineitem,252749,0,0,0,0,0,0
2026-08-12T13:39:18Z,BE62DDE0EAA80693,18.4,queries/tpch/tpch-queries/q04/base.sql,measured,2,5,5,3,0.224,97.254,8,3,5,219511,5,2825832,1,2,orders;ixtest_orders_orderdate;lineitem,252749,0,0,0,0,0,0
2026-08-12T13:39:19Z,BE62DDE0EAA80693,18.4,queries/tpch/tpch-queries/q04/base.sql,measured,3,1,5,3,1.246,115.838,8,3,5,219511,5,2825832,1,2,orders;ixtest_orders_orderdate;lineitem,252749,0,0,0,0,0,0
2026-08-12T13:39:19Z,BE62DDE0EAA80693,18.4,queries/tpch/tpch-queries/q04/base.sql,measured,3,2,5,3,0.246,102.254,8,3,5,219511,5,2825832,1,2,orders;ixtest_orders_orderdate;lineitem,252749,0,0,0,0,0,0
2026-08-12T13:39:19Z,BE62DDE0EAA80693,18.4,queries/tpch/tpch-queries/q04/base.sql,measured,3,3,5,3,0.232,98.237,8,3,5,219511,5,2825832,1,2,orders;ixtest_orders_orderdate;lineitem,252749,0,0,0,0,0,0
2026-08-12T13:39:19Z,BE62DDE0EAA80693,18.4,queries/tpch/tpch-queries/q04/base.sql,measured,3,4,5,3,0.231,97.665,8,3,5,219511,5,2825832,1,2,orders;ixtest_orders_orderdate;lineitem,252749,0,0,0,0,0,0
2026-08-12T13:39:19Z,BE62DDE0EAA80693,18.4,queries/tpch/tpch-queries/q04/base.sql,measured,3,5,5,3,0.227,97.314,8,3,5,219511,5,2825832,1,2,orders;ixtest_orders_orderdate;lineitem,252749,0,0,0,0,0,0
2026-08-12T13:39:19Z,BE62DDE0EAA80693,18.4,queries/tpch/tpch-queries/q04/v1_materialized.sql,warmup,1,1,1,3,1.358,115.927,9,4,5,219516,5,2826192,1,2,_m;orders;ixtest_orders_orderdate;lineitem,252749,0,0,0,0,0,0
2026-08-12T13:39:19Z,BE62DDE0EAA80693,18.4,queries/tpch/tpch-queries/q04/v1_materialized.sql,warmup,2,1,1,3,1.280,116.198,9,4,5,219516,5,2826192,1,2,_m;orders;ixtest_orders_orderdate;lineitem,252749,0,0,0,0,0,0
2026-08-12T13:39:20Z,BE62DDE0EAA80693,18.4,queries/tpch/tpch-queries/q04/v1_materialized.sql,measured,1,1,5,3,1.288,116.528,9,4,5,219516,5,2826192,1,2,_m;orders;ixtest_orders_orderdate;lineitem,252749,0,0,0,0,0,0
2026-08-12T13:39:20Z,BE62DDE0EAA80693,18.4,queries/tpch/tpch-queries/q04/v1_materialized.sql,measured,1,2,5,3,0.248,101.382,9,4,5,219516,5,2826192,1,2,_m;orders;ixtest_orders_orderdate;lineitem,252749,0,0,0,0,0,0
2026-08-12T13:39:20Z,BE62DDE0EAA80693,18.4,queries/tpch/tpch-queries/q04/v1_materialized.sql,measured,1,3,5,3,0.242,97.555,9,4,5,219516,5,2826192,1,2,_m;orders;ixtest_orders_orderdate;lineitem,252749,0,0,0,0,0,0
2026-08-12T13:39:20Z,BE62DDE0EAA80693,18.4,queries/tpch/tpch-queries/q04/v1_materialized.sql,measured,1,4,5,3,0.252,96.820,9,4,5,219516,5,2826192,1,2,_m;orders;ixtest_orders_orderdate;lineitem,252749,0,0,0,0,0,0
2026-08-12T13:39:20Z,BE62DDE0EAA80693,18.4,queries/tpch/tpch-queries/q04/v1_materialized.sql,measured,1,5,5,3,0.241,96.306,9,4,5,219516,5,2826192,1,2,_m;orders;ixtest_orders_orderdate;lineitem,252749,0,0,0,0,0,0
2026-08-12T13:39:21Z,BE62DDE0EAA80693,18.4,queries/tpch/tpch-queries/q04/v1_materialized.sql,measured,2,1,5,3,1.377,119.357,9,4,5,219516,5,2826192,1,2,_m;orders;ixtest_orders_orderdate;lineitem,252749,0,0,0,0,0,0
2026-08-12T13:39:21Z,BE62DDE0EAA80693,18.4,queries/tpch/tpch-queries/q04/v1_materialized.sql,measured,2,2,5,3,0.260,101.577,9,4,5,219516,5,2826192,1,2,_m;orders;ixtest_orders_orderdate;lineitem,252749,0,0,0,0,0,0
2026-08-12T13:39:21Z,BE62DDE0EAA80693,18.4,queries/tpch/tpch-queries/q04/v1_materialized.sql,measured,2,3,5,3,0.246,98.577,9,4,5,219516,5,2826192,1,2,_m;orders;ixtest_orders_orderdate;lineitem,252749,0,0,0,0,0,0
2026-08-12T13:39:21Z,BE62DDE0EAA80693,18.4,queries/tpch/tpch-queries/q04/v1_materialized.sql,measured,2,4,5,3,0.239,97.641,9,4,5,219516,5,2826192,1,2,_m;orders;ixtest_orders_orderdate;lineitem,252749,0,0,0,0,0,0
2026-08-12T13:39:21Z,BE62DDE0EAA80693,18.4,queries/tpch/tpch-queries/q04/v1_materialized.sql,measured,2,5,5,3,0.256,97.287,9,4,5,219516,5,2826192,1,2,_m;orders;ixtest_orders_orderdate;lineitem,252749,0,0,0,0,0,0
2026-08-12T13:39:21Z,BE62DDE0EAA80693,18.4,queries/tpch/tpch-queries/q04/v1_materialized.sql,measured,3,1,5,3,1.311,116.075,9,4,5,219516,5,2826192,1,2,_m;orders;ixtest_orders_orderdate;lineitem,252749,0,0,0,0,0,0
2026-08-12T13:39:21Z,BE62DDE0EAA80693,18.4,queries/tpch/tpch-queries/q04/v1_materialized.sql,measured,3,2,5,3,0.266,101.961,9,4,5,219516,5,2826192,1,2,_m;orders;ixtest_orders_orderdate;lineitem,252749,0,0,0,0,0,0
2026-08-12T13:39:21Z,BE62DDE0EAA80693,18.4,queries/tpch/tpch-queries/q04/v1_materialized.sql,measured,3,3,5,3,0.248,97.743,9,4,5,219516,5,2826192,1,2,_m;orders;ixtest_orders_orderdate;lineitem,252749,0,0,0,0,0,0
2026-08-12T13:39:21Z,BE62DDE0EAA80693,18.4,queries/tpch/tpch-queries/q04/v1_materialized.sql,measured,3,4,5,3,0.250,96.788,9,4,5,219516,5,2826192,1,2,_m;orders;ixtest_orders_orderdate;lineitem,252749,0,0,0,0,0,0
2026-08-12T13:39:21Z,BE62DDE0EAA80693,18.4,queries/tpch/tpch-queries/q04/v1_materialized.sql,measured,3,5,5,3,0.242,97.212,9,4,5,219516,5,2826192,1,2,_m;orders;ixtest_orders_orderdate;lineitem,252749,0,0,0,0,0,0
2026-08-12T13:39:21Z,BE62DDE0EAA80693,18.4,queries/tpch/tpch-queries/q04/v2_in.sql,warmup,1,1,1,3,1.238,116.950,8,3,5,219511,5,2825832,1,2,orders;ixtest_orders_orderdate;lineitem,252749,0,0,0,0,0,0
2026-08-12T13:39:22Z,BE62DDE0EAA80693,18.4,queries/tpch/tpch-queries/q04/v2_in.sql,warmup,2,1,1,3,1.241,116.531,8,3,5,219511,5,2825832,1,2,orders;ixtest_orders_orderdate;lineitem,252749,0,0,0,0,0,0
2026-08-12T13:39:22Z,BE62DDE0EAA80693,18.4,queries/tpch/tpch-queries/q04/v2_in.sql,measured,1,1,5,3,1.245,116.263,8,3,5,219511,5,2825832,1,2,orders;ixtest_orders_orderdate;lineitem,252749,0,0,0,0,0,0
2026-08-12T13:39:22Z,BE62DDE0EAA80693,18.4,queries/tpch/tpch-queries/q04/v2_in.sql,measured,1,2,5,3,0.236,101.878,8,3,5,219511,5,2825832,1,2,orders;ixtest_orders_orderdate;lineitem,252749,0,0,0,0,0,0
2026-08-12T13:39:22Z,BE62DDE0EAA80693,18.4,queries/tpch/tpch-queries/q04/v2_in.sql,measured,1,3,5,3,0.230,97.815,8,3,5,219511,5,2825832,1,2,orders;ixtest_orders_orderdate;lineitem,252749,0,0,0,0,0,0
2026-08-12T13:39:22Z,BE62DDE0EAA80693,18.4,queries/tpch/tpch-queries/q04/v2_in.sql,measured,1,4,5,3,0.225,97.070,8,3,5,219511,5,2825832,1,2,orders;ixtest_orders_orderdate;lineitem,252749,0,0,0,0,0,0
2026-08-12T13:39:22Z,BE62DDE0EAA80693,18.4,queries/tpch/tpch-queries/q04/v2_in.sql,measured,1,5,5,3,0.225,96.626,8,3,5,219511,5,2825832,1,2,orders;ixtest_orders_orderdate;lineitem,252749,0,0,0,0,0,0
2026-08-12T13:39:23Z,BE62DDE0EAA80693,18.4,queries/tpch/tpch-queries/q04/v2_in.sql,measured,2,1,5,3,1.282,116.226,8,3,5,219511,5,2825832,1,2,orders;ixtest_orders_orderdate;lineitem,252749,0,0,0,0,0,0
2026-08-12T13:39:23Z,BE62DDE0EAA80693,18.4,queries/tpch/tpch-queries/q04/v2_in.sql,measured,2,2,5,3,0.236,101.617,8,3,5,219511,5,2825832,1,2,orders;ixtest_orders_orderdate;lineitem,252749,0,0,0,0,0,0
2026-08-12T13:39:23Z,BE62DDE0EAA80693,18.4,queries/tpch/tpch-queries/q04/v2_in.sql,measured,2,3,5,3,0.240,97.569,8,3,5,219511,5,2825832,1,2,orders;ixtest_orders_orderdate;lineitem,252749,0,0,0,0,0,0
2026-08-12T13:39:23Z,BE62DDE0EAA80693,18.4,queries/tpch/tpch-queries/q04/v2_in.sql,measured,2,4,5,3,0.291,96.799,8,3,5,219511,5,2825832,1,2,orders;ixtest_orders_orderdate;lineitem,252749,0,0,0,0,0,0
2026-08-12T13:39:23Z,BE62DDE0EAA80693,18.4,queries/tpch/tpch-queries/q04/v2_in.sql,measured,2,5,5,3,0.231,96.423,8,3,5,219511,5,2825832,1,2,orders;ixtest_orders_orderdate;lineitem,252749,0,0,0,0,0,0
2026-08-12T13:39:23Z,BE62DDE0EAA80693,18.4,queries/tpch/tpch-queries/q04/v2_in.sql,measured,3,1,5,3,1.371,123.260,8,3,5,219511,5,2825832,1,2,orders;ixtest_orders_orderdate;lineitem,252749,0,0,0,0,0,0
2026-08-12T13:39:23Z,BE62DDE0EAA80693,18.4,queries/tpch/tpch-queries/q04/v2_in.sql,measured,3,2,5,3,0.232,101.046,8,3,5,219511,5,2825832,1,2,orders;ixtest_orders_orderdate;lineitem,252749,0,0,0,0,0,0
2026-08-12T13:39:23Z,BE62DDE0EAA80693,18.4,queries/tpch/tpch-queries/q04/v2_in.sql,measured,3,3,5,3,0.235,97.584,8,3,5,219511,5,2825832,1,2,orders;ixtest_orders_orderdate;lineitem,252749,0,0,0,0,0,0
2026-08-12T13:39:23Z,BE62DDE0EAA80693,18.4,queries/tpch/tpch-queries/q04/v2_in.sql,measured,3,4,5,3,0.237,96.708,8,3,5,219511,5,2825832,1,2,orders;ixtest_orders_orderdate;lineitem,252749,0,0,0,0,0,0
2026-08-12T13:39:23Z,BE62DDE0EAA80693,18.4,queries/tpch/tpch-queries/q04/v2_in.sql,measured,3,5,5,3,0.228,96.543,8,3,5,219511,5,2825832,1,2,orders;ixtest_orders_orderdate;lineitem,252749,0,0,0,0,0,0
2026-08-12T13:39:24Z,BE62DDE0EAA80693,18.4,queries/tpch/tpch-queries/q05/base.sql,warmup,1,1,1,3,3.643,278.929,19,6,5,699121,25,18257548,12,2,customer;nation;region;orders;lineitem;supplier,581531,1542,0,0,0,0,0
2026-08-12T13:39:24Z,BE62DDE0EAA80693,18.4,queries/tpch/tpch-queries/q05/base.sql,warmup,2,1,1,3,4.137,273.407,19,6,5,699121,25,18257548,12,2,customer;nation;region;orders;lineitem;supplier,583073,0,0,0,0,0,0
2026-08-12T13:39:26Z,BE62DDE0EAA80693,18.4,queries/tpch/tpch-queries/q05/base.sql,measured,1,1,5,3,3.669,273.969,19,6,5,699121,25,18257548,12,2,customer;nation;region;orders;lineitem;supplier,583073,0,0,0,0,0,0
2026-08-12T13:39:26Z,BE62DDE0EAA80693,18.4,queries/tpch/tpch-queries/q05/base.sql,measured,1,2,5,3,1.804,260.304,19,6,5,699121,25,18257548,12,2,customer;nation;region;orders;lineitem;supplier,583070,0,0,0,0,0,0
2026-08-12T13:39:26Z,BE62DDE0EAA80693,18.4,queries/tpch/tpch-queries/q05/base.sql,measured,1,3,5,3,1.694,258.582,19,6,5,699121,25,18257548,12,2,customer;nation;region;orders;lineitem;supplier,583070,0,0,0,0,0,0
2026-08-12T13:39:26Z,BE62DDE0EAA80693,18.4,queries/tpch/tpch-queries/q05/base.sql,measured,1,4,5,3,1.695,262.361,19,6,5,699121,25,18257548,12,2,customer;nation;region;orders;lineitem;supplier,583070,0,0,0,0,0,0
2026-08-12T13:39:26Z,BE62DDE0EAA80693,18.4,queries/tpch/tpch-queries/q05/base.sql,measured,1,5,5,3,2.660,267.520,19,6,5,699121,25,18257548,12,2,customer;nation;region;orders;lineitem;supplier,583070,0,0,0,0,0,0
2026-08-12T13:39:27Z,BE62DDE0EAA80693,18.4,queries/tpch/tpch-queries/q05/base.sql,measured,2,1,5,3,4.449,278.933,19,6,5,699121,25,18257548,12,2,customer;nation;region;orders;lineitem;supplier,583073,0,0,0,0,0,0
2026-08-12T13:39:27Z,BE62DDE0EAA80693,18.4,queries/tpch/tpch-queries/q05/base.sql,measured,2,2,5,3,1.752,257.996,19,6,5,699121,25,18257548,12,2,customer;nation;region;orders;lineitem;supplier,583070,0,0,0,0,0,0
2026-08-12T13:39:27Z,BE62DDE0EAA80693,18.4,queries/tpch/tpch-queries/q05/base.sql,measured,2,3,5,3,1.714,254.772,19,6,5,699121,25,18257548,12,2,customer;nation;region;orders;lineitem;supplier,583070,0,0,0,0,0,0
2026-08-12T13:39:27Z,BE62DDE0EAA80693,18.4,queries/tpch/tpch-queries/q05/base.sql,measured,2,4,5,3,1.702,253.989,19,6,5,699121,25,18257548,12,2,customer;nation;region;orders;lineitem;supplier,583070,0,0,0,0,0,0
2026-08-12T13:39:27Z,BE62DDE0EAA80693,18.4,queries/tpch/tpch-queries/q05/base.sql,measured,2,5,5,3,1.668,252.266,19,6,5,699121,25,18257548,12,2,customer;nation;region;orders;lineitem;supplier,583070,0,0,0,0,0,0
2026-08-12T13:39:28Z,BE62DDE0EAA80693,18.4,queries/tpch/tpch-queries/q05/base.sql,measured,3,1,5,3,4.154,274.058,19,6,5,699121,25,18257548,12,2,customer;nation;region;orders;lineitem;supplier,583073,0,0,0,0,0,0
2026-08-12T13:39:28Z,BE62DDE0EAA80693,18.4,queries/tpch/tpch-queries/q05/base.sql,measured,3,2,5,3,1.806,260.377,19,6,5,699121,25,18257548,12,2,customer;nation;region;orders;lineitem;supplier,583070,0,0,0,0,0,0
2026-08-12T13:39:28Z,BE62DDE0EAA80693,18.4,queries/tpch/tpch-queries/q05/base.sql,measured,3,3,5,3,1.721,256.962,19,6,5,699121,25,18257548,12,2,customer;nation;region;orders;lineitem;supplier,583070,0,0,0,0,0,0
2026-08-12T13:39:28Z,BE62DDE0EAA80693,18.4,queries/tpch/tpch-queries/q05/base.sql,measured,3,4,5,3,1.713,254.564,19,6,5,699121,25,18257548,12,2,customer;nation;region;orders;lineitem;supplier,583070,0,0,0,0,0,0
2026-08-12T13:39:28Z,BE62DDE0EAA80693,18.4,queries/tpch/tpch-queries/q05/base.sql,measured,3,5,5,3,1.716,249.408,19,6,5,699121,25,18257548,12,2,customer;nation;region;orders;lineitem;supplier,583070,0,0,0,0,0,0
2026-08-12T13:39:29Z,BE62DDE0EAA80693,18.4,queries/tpch/tpch-queries/q05/v1_materialized.sql,warmup,1,1,1,3,3.731,266.414,20,7,5,699126,25,18258618,12,2,customer;nation;region;orders;lineitem;supplier;_m,583073,0,0,0,0,0,0
2026-08-12T13:39:29Z,BE62DDE0EAA80693,18.4,queries/tpch/tpch-queries/q05/v1_materialized.sql,warmup,2,1,1,3,4.160,273.924,20,7,5,699126,25,18258618,12,2,customer;nation;region;orders;lineitem;supplier;_m,583073,0,0,0,0,0,0
2026-08-12T13:39:31Z,BE62DDE0EAA80693,18.4,queries/tpch/tpch-queries/q05/v1_materialized.sql,measured,1,1,5,3,4.046,273.701,20,7,5,699126,25,18258618,12,2,customer;nation;region;orders;lineitem;supplier;_m,583073,0,0,0,0,0,0
2026-08-12T13:39:31Z,BE62DDE0EAA80693,18.4,queries/tpch/tpch-queries/q05/v1_materialized.sql,measured,1,2,5,3,1.774,257.651,20,7,5,699126,25,18258618,12,2,customer;nation;region;orders;lineitem;supplier;_m,583070,0,0,0,0,0,0
2026-08-12T13:39:31Z,BE62DDE0EAA80693,18.4,queries/tpch/tpch-queries/q05/v1_materialized.sql,measured,1,3,5,3,1.742,257.932,20,7,5,699126,25,18258618,12,2,customer;nation;region;orders;lineitem;supplier;_m,583070,0,0,0,0,0,0
2026-08-12T13:39:31Z,BE62DDE0EAA80693,18.4,queries/tpch/tpch-queries/q05/v1_materialized.sql,measured,1,4,5,3,1.745,255.740,20,7,5,699126,25,18258618,12,2,customer;nation;region;orders;lineitem;supplier;_m,583070,0,0,0,0,0,0
2026-08-12T13:39:31Z,BE62DDE0EAA80693,18.4,queries/tpch/tpch-queries/q05/v1_materialized.sql,measured,1,5,5,3,1.700,255.377,20,7,5,699126,25,18258618,12,2,customer;nation;region;orders;lineitem;supplier;_m,583070,0,0,0,0,0,0
2026-08-12T13:39:32Z,BE62DDE0EAA80693,18.4,queries/tpch/tpch-queries/q05/v1_materialized.sql,measured,2,1,5,3,3.508,286.964,20,7,5,699126,25,18258618,12,2,customer;nation;region;orders;lineitem;supplier;_m,583073,0,0,0,0,0,0
2026-08-12T13:39:32Z,BE62DDE0EAA80693,18.4,queries/tpch/tpch-queries/q05/v1_materialized.sql,measured,2,2,5,3,1.776,258.523,20,7,5,699126,25,18258618,12,2,customer;nation;region;orders;lineitem;supplier;_m,583070,0,0,0,0,0,0
2026-08-12T13:39:32Z,BE62DDE0EAA80693,18.4,queries/tpch/tpch-queries/q05/v1_materialized.sql,measured,2,3,5,3,1.671,254.078,20,7,5,699126,25,18258618,12,2,customer;nation;region;orders;lineitem;supplier;_m,583070,0,0,0,0,0,0
2026-08-12T13:39:32Z,BE62DDE0EAA80693,18.4,queries/tpch/tpch-queries/q05/v1_materialized.sql,measured,2,4,5,3,1.699,281.539,20,7,5,699126,25,18258618,12,2,customer;nation;region;orders;lineitem;supplier;_m,583070,0,0,0,0,0,0
2026-08-12T13:39:32Z,BE62DDE0EAA80693,18.4,queries/tpch/tpch-queries/q05/v1_materialized.sql,measured,2,5,5,3,1.904,271.965,20,7,5,699126,25,18258618,12,2,customer;nation;region;orders;lineitem;supplier;_m,583070,0,0,0,0,0,0
2026-08-12T13:39:33Z,BE62DDE0EAA80693,18.4,queries/tpch/tpch-queries/q05/v1_materialized.sql,measured,3,1,5,3,4.686,281.879,20,7,5,699126,25,18258618,12,2,customer;nation;region;orders;lineitem;supplier;_m,583073,0,0,0,0,0,0
2026-08-12T13:39:33Z,BE62DDE0EAA80693,18.4,queries/tpch/tpch-queries/q05/v1_materialized.sql,measured,3,2,5,3,1.770,259.037,20,7,5,699126,25,18258618,12,2,customer;nation;region;orders;lineitem;supplier;_m,583070,0,0,0,0,0,0
2026-08-12T13:39:33Z,BE62DDE0EAA80693,18.4,queries/tpch/tpch-queries/q05/v1_materialized.sql,measured,3,3,5,3,1.751,262.152,20,7,5,699126,25,18258618,12,2,customer;nation;region;orders;lineitem;supplier;_m,583070,0,0,0,0,0,0
2026-08-12T13:39:33Z,BE62DDE0EAA80693,18.4,queries/tpch/tpch-queries/q05/v1_materialized.sql,measured,3,4,5,3,1.768,275.118,20,7,5,699126,25,18258618,12,2,customer;nation;region;orders;lineitem;supplier;_m,583070,0,0,0,0,0,0
2026-08-12T13:39:33Z,BE62DDE0EAA80693,18.4,queries/tpch/tpch-queries/q05/v1_materialized.sql,measured,3,5,5,3,2.006,269.013,20,7,5,699126,25,18258618,12,2,customer;nation;region;orders;lineitem;supplier;_m,583070,0,0,0,0,0,0
2026-08-12T13:39:34Z,BE62DDE0EAA80693,18.4,queries/tpch/tpch-queries/q06/base.sql,warmup,1,1,1,3,0.689,82.867,4,1,1,114166,1,1370132,265098,2,lineitem,4250,5439,0,0,0,0,0
2026-08-12T13:39:34Z,BE62DDE0EAA80693,18.4,queries/tpch/tpch-queries/q06/base.sql,warmup,2,1,1,3,1.060,68.475,4,1,1,114166,1,1370132,265098,2,lineitem,9722,0,0,0,0,0,0
2026-08-12T13:39:34Z,BE62DDE0EAA80693,18.4,queries/tpch/tpch-queries/q06/base.sql,measured,1,1,5,3,1.022,68.210,4,1,1,114166,1,1370132,265098,2,lineitem,9718,0,0,0,0,0,0
2026-08-12T13:39:34Z,BE62DDE0EAA80693,18.4,queries/tpch/tpch-queries/q06/base.sql,measured,1,2,5,3,0.098,76.194,4,1,1,114166,1,1370132,265098,2,lineitem,9633,0,0,0,0,0,0
2026-08-12T13:39:34Z,BE62DDE0EAA80693,18.4,queries/tpch/tpch-queries/q06/base.sql,measured,1,3,5,3,0.158,78.196,4,1,1,114166,1,1370132,265098,2,lineitem,9643,0,0,0,0,0,0
2026-08-12T13:39:34Z,BE62DDE0EAA80693,18.4,queries/tpch/tpch-queries/q06/base.sql,measured,1,4,5,3,0.141,73.706,4,1,1,114166,1,1370132,265098,2,lineitem,9680,0,0,0,0,0,0
2026-08-12T13:39:34Z,BE62DDE0EAA80693,18.4,queries/tpch/tpch-queries/q06/base.sql,measured,1,5,5,3,0.108,66.598,4,1,1,114166,1,1370132,265098,2,lineitem,9696,0,0,0,0,0,0
2026-08-12T13:39:35Z,BE62DDE0EAA80693,18.4,queries/tpch/tpch-queries/q06/base.sql,measured,2,1,5,3,0.974,95.962,4,1,1,114166,1,1370132,265098,2,lineitem,9703,0,0,0,0,0,0
2026-08-12T13:39:35Z,BE62DDE0EAA80693,18.4,queries/tpch/tpch-queries/q06/base.sql,measured,2,2,5,3,0.113,66.191,4,1,1,114166,1,1370132,265098,2,lineitem,9700,0,0,0,0,0,0
2026-08-12T13:39:35Z,BE62DDE0EAA80693,18.4,queries/tpch/tpch-queries/q06/base.sql,measured,2,3,5,3,0.113,65.234,4,1,1,114166,1,1370132,265098,2,lineitem,9695,0,0,0,0,0,0
2026-08-12T13:39:35Z,BE62DDE0EAA80693,18.4,queries/tpch/tpch-queries/q06/base.sql,measured,2,4,5,3,0.097,64.528,4,1,1,114166,1,1370132,265098,2,lineitem,9703,0,0,0,0,0,0
2026-08-12T13:39:35Z,BE62DDE0EAA80693,18.4,queries/tpch/tpch-queries/q06/base.sql,measured,2,5,5,3,0.106,65.279,4,1,1,114166,1,1370132,265098,2,lineitem,9694,0,0,0,0,0,0
2026-08-12T13:39:35Z,BE62DDE0EAA80693,18.4,queries/tpch/tpch-queries/q06/base.sql,measured,3,1,5,3,1.111,109.727,4,1,1,114166,1,1370132,265098,2,lineitem,9709,0,0,0,0,0,0
2026-08-12T13:39:35Z,BE62DDE0EAA80693,18.4,queries/tpch/tpch-queries/q06/base.sql,measured,3,2,5,3,0.116,68.883,4,1,1,114166,1,1370132,265098,2,lineitem,9704,0,0,0,0,0,0
2026-08-12T13:39:35Z,BE62DDE0EAA80693,18.4,queries/tpch/tpch-queries/q06/base.sql,measured,3,3,5,3,0.095,64.701,4,1,1,114166,1,1370132,265098,2,lineitem,9706,0,0,0,0,0,0
2026-08-12T13:39:35Z,BE62DDE0EAA80693,18.4,queries/tpch/tpch-queries/q06/base.sql,measured,3,4,5,3,0.103,64.757,4,1,1,114166,1,1370132,265098,2,lineitem,9699,0,0,0,0,0,0
2026-08-12T13:39:35Z,BE62DDE0EAA80693,18.4,queries/tpch/tpch-queries/q06/base.sql,measured,3,5,5,3,0.094,64.556,4,1,1,114166,1,1370132,265098,2,lineitem,9706,0,0,0,0,0,0
2026-08-12T13:39:35Z,BE62DDE0EAA80693,18.4,queries/tpch/tpch-queries/q06/v1_materialized.sql,warmup,1,1,1,3,0.807,66.802,5,2,1,114167,1,1370164,265098,2,_m;lineitem,9721,0,0,0,0,0,0
2026-08-12T13:39:35Z,BE62DDE0EAA80693,18.4,queries/tpch/tpch-queries/q06/v1_materialized.sql,warmup,2,1,1,3,0.698,65.533,5,2,1,114167,1,1370164,265098,2,_m;lineitem,9715,0,0,0,0,0,0
2026-08-12T13:39:36Z,BE62DDE0EAA80693,18.4,queries/tpch/tpch-queries/q06/v1_materialized.sql,measured,1,1,5,3,0.701,65.831,5,2,1,114167,1,1370164,265098,2,_m;lineitem,9715,0,0,0,0,0,0
2026-08-12T13:39:36Z,BE62DDE0EAA80693,18.4,queries/tpch/tpch-queries/q06/v1_materialized.sql,measured,1,2,5,3,0.109,65.405,5,2,1,114167,1,1370164,265098,2,_m;lineitem,9691,0,0,0,0,0,0
2026-08-12T13:39:36Z,BE62DDE0EAA80693,18.4,queries/tpch/tpch-queries/q06/v1_materialized.sql,measured,1,3,5,3,0.108,68.271,5,2,1,114167,1,1370164,265098,2,_m;lineitem,9667,0,0,0,0,0,0
2026-08-12T13:39:36Z,BE62DDE0EAA80693,18.4,queries/tpch/tpch-queries/q06/v1_materialized.sql,measured,1,4,5,3,0.107,64.396,5,2,1,114167,1,1370164,265098,2,_m;lineitem,9706,0,0,0,0,0,0
2026-08-12T13:39:36Z,BE62DDE0EAA80693,18.4,queries/tpch/tpch-queries/q06/v1_materialized.sql,measured,1,5,5,3,0.106,64.566,5,2,1,114167,1,1370164,265098,2,_m;lineitem,9708,0,0,0,0,0,0
2026-08-12T13:39:36Z,BE62DDE0EAA80693,18.4,queries/tpch/tpch-queries/q06/v1_materialized.sql,measured,2,1,5,3,1.108,92.339,5,2,1,114167,1,1370164,265098,2,_m;lineitem,9711,0,0,0,0,0,0
2026-08-12T13:39:36Z,BE62DDE0EAA80693,18.4,queries/tpch/tpch-queries/q06/v1_materialized.sql,measured,2,2,5,3,0.108,64.994,5,2,1,114167,1,1370164,265098,2,_m;lineitem,9702,0,0,0,0,0,0
2026-08-12T13:39:36Z,BE62DDE0EAA80693,18.4,queries/tpch/tpch-queries/q06/v1_materialized.sql,measured,2,3,5,3,0.109,72.974,5,2,1,114167,1,1370164,265098,2,_m;lineitem,9663,0,0,0,0,0,0
2026-08-12T13:39:36Z,BE62DDE0EAA80693,18.4,queries/tpch/tpch-queries/q06/v1_materialized.sql,measured,2,4,5,3,0.112,76.687,5,2,1,114167,1,1370164,265098,2,_m;lineitem,9659,0,0,0,0,0,0
2026-08-12T13:39:36Z,BE62DDE0EAA80693,18.4,queries/tpch/tpch-queries/q06/v1_materialized.sql,measured,2,5,5,3,0.109,74.652,5,2,1,114167,1,1370164,265098,2,_m;lineitem,9653,0,0,0,0,0,0
2026-08-12T13:39:37Z,BE62DDE0EAA80693,18.4,queries/tpch/tpch-queries/q06/v1_materialized.sql,measured,3,1,5,3,0.687,65.060,5,2,1,114167,1,1370164,265098,2,_m;lineitem,9715,0,0,0,0,0,0
2026-08-12T13:39:37Z,BE62DDE0EAA80693,18.4,queries/tpch/tpch-queries/q06/v1_materialized.sql,measured,3,2,5,3,0.109,65.066,5,2,1,114167,1,1370164,265098,2,_m;lineitem,9697,0,0,0,0,0,0
2026-08-12T13:39:37Z,BE62DDE0EAA80693,18.4,queries/tpch/tpch-queries/q06/v1_materialized.sql,measured,3,3,5,3,0.107,70.511,5,2,1,114167,1,1370164,265098,2,_m;lineitem,9676,0,0,0,0,0,0
2026-08-12T13:39:37Z,BE62DDE0EAA80693,18.4,queries/tpch/tpch-queries/q06/v1_materialized.sql,measured,3,4,5,3,0.110,64.824,5,2,1,114167,1,1370164,265098,2,_m;lineitem,9674,0,0,0,0,0,0
2026-08-12T13:39:37Z,BE62DDE0EAA80693,18.4,queries/tpch/tpch-queries/q06/v1_materialized.sql,measured,3,5,5,3,0.125,65.514,5,2,1,114167,1,1370164,265098,2,_m;lineitem,9688,0,0,0,0,0,0
2026-08-12T13:39:37Z,BE62DDE0EAA80693,18.4,queries/tpch/tpch-queries/q07/base.sql,warmup,1,1,1,3,4.493,678.830,17,6,4,1763513,6096,58849902,441,2,customer;nation;orders;supplier;lineitem,1600972,1108,0,0,2219,2219,0
2026-08-12T13:39:38Z,BE62DDE0EAA80693,18.4,queries/tpch/tpch-queries/q07/base.sql,warmup,2,1,1,3,3.446,652.877,17,6,4,1763513,6096,58849902,441,2,customer;nation;orders;supplier;lineitem,1602080,0,0,0,2219,2219,0
2026-08-12T13:39:41Z,BE62DDE0EAA80693,18.4,queries/tpch/tpch-queries/q07/base.sql,measured,1,1,5,3,3.106,656.455,17,6,4,1763513,6096,58849902,441,2,customer;nation;orders;supplier;lineitem,1602080,0,0,0,2219,2219,0
2026-08-12T13:39:41Z,BE62DDE0EAA80693,18.4,queries/tpch/tpch-queries/q07/base.sql,measured,1,2,5,3,1.152,614.217,17,6,4,1763513,6096,58849902,441,2,customer;nation;orders;supplier;lineitem,1602080,0,0,0,2220,2220,0
2026-08-12T13:39:41Z,BE62DDE0EAA80693,18.4,queries/tpch/tpch-queries/q07/base.sql,measured,1,3,5,3,1.099,613.411,17,6,4,1763513,6096,58849902,441,2,customer;nation;orders;supplier;lineitem,1602080,0,0,0,2219,2219,0
2026-08-12T13:39:41Z,BE62DDE0EAA80693,18.4,queries/tpch/tpch-queries/q07/base.sql,measured,1,4,5,3,1.086,610.161,17,6,4,1763513,6096,58849902,441,2,customer;nation;orders;supplier;lineitem,1602080,0,0,0,2220,2220,0
2026-08-12T13:39:41Z,BE62DDE0EAA80693,18.4,queries/tpch/tpch-queries/q07/base.sql,measured,1,5,5,3,1.092,606.276,17,6,4,1763513,6096,58849902,441,2,customer;nation;orders;supplier;lineitem,1602080,0,0,0,2220,2220,0
2026-08-12T13:39:45Z,BE62DDE0EAA80693,18.4,queries/tpch/tpch-queries/q07/base.sql,measured,2,1,5,3,2.937,642.865,17,6,4,1763513,6096,58849902,441,2,customer;nation;orders;supplier;lineitem,1602080,0,0,0,2220,2220,0
2026-08-12T13:39:45Z,BE62DDE0EAA80693,18.4,queries/tpch/tpch-queries/q07/base.sql,measured,2,2,5,3,1.150,612.768,17,6,4,1763513,6096,58849902,441,2,customer;nation;orders;supplier;lineitem,1602080,0,0,0,2219,2219,0
2026-08-12T13:39:45Z,BE62DDE0EAA80693,18.4,queries/tpch/tpch-queries/q07/base.sql,measured,2,3,5,3,1.092,625.367,17,6,4,1763513,6096,58849902,441,2,customer;nation;orders;supplier;lineitem,1602080,0,0,0,2220,2220,0
2026-08-12T13:39:45Z,BE62DDE0EAA80693,18.4,queries/tpch/tpch-queries/q07/base.sql,measured,2,4,5,3,1.095,606.107,17,6,4,1763513,6096,58849902,441,2,customer;nation;orders;supplier;lineitem,1602080,0,0,0,2220,2220,0
2026-08-12T13:39:45Z,BE62DDE0EAA80693,18.4,queries/tpch/tpch-queries/q07/base.sql,measured,2,5,5,3,1.092,603.308,17,6,4,1763513,6096,58849902,441,2,customer;nation;orders;supplier;lineitem,1602080,0,0,0,2220,2220,0
2026-08-12T13:39:48Z,BE62DDE0EAA80693,18.4,queries/tpch/tpch-queries/q07/base.sql,measured,3,1,5,3,2.749,640.688,17,6,4,1763513,6096,58849902,441,2,customer;nation;orders;supplier;lineitem,1602080,0,0,0,2220,2220,0
2026-08-12T13:39:48Z,BE62DDE0EAA80693,18.4,queries/tpch/tpch-queries/q07/base.sql,measured,3,2,5,3,1.152,619.673,17,6,4,1763513,6096,58849902,441,2,customer;nation;orders;supplier;lineitem,1602080,0,0,0,2220,2220,0
2026-08-12T13:39:48Z,BE62DDE0EAA80693,18.4,queries/tpch/tpch-queries/q07/base.sql,measured,3,3,5,3,1.103,610.027,17,6,4,1763513,6096,58849902,441,2,customer;nation;orders;supplier;lineitem,1602080,0,0,0,2220,2220,0
2026-08-12T13:39:48Z,BE62DDE0EAA80693,18.4,queries/tpch/tpch-queries/q07/base.sql,measured,3,4,5,3,1.099,603.728,17,6,4,1763513,6096,58849902,441,2,customer;nation;orders;supplier;lineitem,1602080,0,0,0,2219,2219,0
2026-08-12T13:39:48Z,BE62DDE0EAA80693,18.4,queries/tpch/tpch-queries/q07/base.sql,measured,3,5,5,3,1.086,612.517,17,6,4,1763513,6096,58849902,441,2,customer;nation;orders;supplier;lineitem,1602080,0,0,0,2219,2219,0
2026-08-12T13:39:49Z,BE62DDE0EAA80693,18.4,queries/tpch/tpch-queries/q07/v1_materialized.sql,warmup,1,1,1,3,2.970,656.489,18,7,4,1763517,6096,58850990,441,2,_m;customer;nation;orders;supplier;lineitem,1602080,0,0,0,2220,2220,0
2026-08-12T13:39:49Z,BE62DDE0EAA80693,18.4,queries/tpch/tpch-queries/q07/v1_materialized.sql,warmup,2,1,1,3,3.599,656.363,18,7,4,1763517,6096,58850990,441,2,_m;customer;nation;orders;supplier;lineitem,1602080,0,0,0,2220,2220,0
2026-08-12T13:39:53Z,BE62DDE0EAA80693,18.4,queries/tpch/tpch-queries/q07/v1_materialized.sql,measured,1,1,5,3,3.238,645.722,18,7,4,1763517,6096,58850990,441,2,_m;customer;nation;orders;supplier;lineitem,1602080,0,0,0,2219,2219,0
2026-08-12T13:39:53Z,BE62DDE0EAA80693,18.4,queries/tpch/tpch-queries/q07/v1_materialized.sql,measured,1,2,5,3,1.180,612.238,18,7,4,1763517,6096,58850990,441,2,_m;customer;nation;orders;supplier;lineitem,1602080,0,0,0,2219,2219,0
2026-08-12T13:39:53Z,BE62DDE0EAA80693,18.4,queries/tpch/tpch-queries/q07/v1_materialized.sql,measured,1,3,5,3,1.102,631.821,18,7,4,1763517,6096,58850990,441,2,_m;customer;nation;orders;supplier;lineitem,1602080,0,0,0,2220,2220,0
2026-08-12T13:39:53Z,BE62DDE0EAA80693,18.4,queries/tpch/tpch-queries/q07/v1_materialized.sql,measured,1,4,5,3,1.100,611.543,18,7,4,1763517,6096,58850990,441,2,_m;customer;nation;orders;supplier;lineitem,1602080,0,0,0,2220,2220,0
2026-08-12T13:39:53Z,BE62DDE0EAA80693,18.4,queries/tpch/tpch-queries/q07/v1_materialized.sql,measured,1,5,5,3,1.104,607.186,18,7,4,1763517,6096,58850990,441,2,_m;customer;nation;orders;supplier;lineitem,1602080,0,0,0,2220,2220,0
2026-08-12T13:39:56Z,BE62DDE0EAA80693,18.4,queries/tpch/tpch-queries/q07/v1_materialized.sql,measured,2,1,5,3,3.117,646.080,18,7,4,1763517,6096,58850990,441,2,_m;customer;nation;orders;supplier;lineitem,1602080,0,0,0,2219,2219,0
2026-08-12T13:39:56Z,BE62DDE0EAA80693,18.4,queries/tpch/tpch-queries/q07/v1_materialized.sql,measured,2,2,5,3,1.181,602.811,18,7,4,1763517,6096,58850990,441,2,_m;customer;nation;orders;supplier;lineitem,1602080,0,0,0,2219,2219,0
2026-08-12T13:39:56Z,BE62DDE0EAA80693,18.4,queries/tpch/tpch-queries/q07/v1_materialized.sql,measured,2,3,5,3,1.110,605.471,18,7,4,1763517,6096,58850990,441,2,_m;customer;nation;orders;supplier;lineitem,1602080,0,0,0,2219,2219,0
2026-08-12T13:39:56Z,BE62DDE0EAA80693,18.4,queries/tpch/tpch-queries/q07/v1_materialized.sql,measured,2,4,5,3,1.098,604.058,18,7,4,1763517,6096,58850990,441,2,_m;customer;nation;orders;supplier;lineitem,1602080,0,0,0,2219,2219,0
2026-08-12T13:39:56Z,BE62DDE0EAA80693,18.4,queries/tpch/tpch-queries/q07/v1_materialized.sql,measured,2,5,5,3,1.551,608.219,18,7,4,1763517,6096,58850990,441,2,_m;customer;nation;orders;supplier;lineitem,1602080,0,0,0,2220,2220,0
2026-08-12T13:39:59Z,BE62DDE0EAA80693,18.4,queries/tpch/tpch-queries/q07/v1_materialized.sql,measured,3,1,5,3,3.019,653.587,18,7,4,1763517,6096,58850990,441,2,_m;customer;nation;orders;supplier;lineitem,1602080,0,0,0,2219,2219,0
2026-08-12T13:39:59Z,BE62DDE0EAA80693,18.4,queries/tpch/tpch-queries/q07/v1_materialized.sql,measured,3,2,5,3,1.181,602.825,18,7,4,1763517,6096,58850990,441,2,_m;customer;nation;orders;supplier;lineitem,1602080,0,0,0,2220,2220,0
2026-08-12T13:39:59Z,BE62DDE0EAA80693,18.4,queries/tpch/tpch-queries/q07/v1_materialized.sql,measured,3,3,5,3,1.100,611.105,18,7,4,1763517,6096,58850990,441,2,_m;customer;nation;orders;supplier;lineitem,1602080,0,0,0,2219,2219,0
2026-08-12T13:39:59Z,BE62DDE0EAA80693,18.4,queries/tpch/tpch-queries/q07/v1_materialized.sql,measured,3,4,5,3,1.099,605.410,18,7,4,1763517,6096,58850990,441,2,_m;customer;nation;orders;supplier;lineitem,1602080,0,0,0,2219,2219,0
2026-08-12T13:39:59Z,BE62DDE0EAA80693,18.4,queries/tpch/tpch-queries/q07/v1_materialized.sql,measured,3,5,5,3,1.093,602.372,18,7,4,1763517,6096,58850990,441,2,_m;customer;nation;orders;supplier;lineitem,1602080,0,0,0,2220,2220,0
2026-08-12T13:40:00Z,BE62DDE0EAA80693,18.4,queries/tpch/tpch-queries/q07/v2_union_all.sql,warmup,1,1,1,3,3.390,616.098,33,14,4,1670886,586,51792124,930,2,customer;nation;orders;supplier;ixtest_supplier_nationkey;lineitem,1366677,0,0,0,0,0,0
2026-08-12T13:40:00Z,BE62DDE0EAA80693,18.4,queries/tpch/tpch-queries/q07/v2_union_all.sql,warmup,2,1,1,3,3.160,608.571,33,14,4,1670881,586,51791544,930,2,customer;nation;orders;supplier;ixtest_supplier_nationkey;lineitem,1366677,0,0,0,0,0,0
2026-08-12T13:40:03Z,BE62DDE0EAA80693,18.4,queries/tpch/tpch-queries/q07/v2_union_all.sql,measured,1,1,5,3,3.151,609.285,33,14,4,1670886,586,51792124,930,2,customer;nation;orders;supplier;ixtest_supplier_nationkey;lineitem,1366677,0,0,0,0,0,0
2026-08-12T13:40:03Z,BE62DDE0EAA80693,18.4,queries/tpch/tpch-queries/q07/v2_union_all.sql,measured,1,2,5,3,1.462,585.883,33,14,4,1670886,586,51792124,930,2,customer;nation;orders;supplier;ixtest_supplier_nationkey;lineitem,1366677,0,0,0,0,0,0
2026-08-12T13:40:03Z,BE62DDE0EAA80693,18.4,queries/tpch/tpch-queries/q07/v2_union_all.sql,measured,1,3,5,3,1.407,581.945,33,14,4,1670882,586,51791660,930,2,customer;nation;orders;supplier;ixtest_supplier_nationkey;lineitem,1366677,0,0,0,0,0,0
2026-08-12T13:40:03Z,BE62DDE0EAA80693,18.4,queries/tpch/tpch-queries/q07/v2_union_all.sql,measured,1,4,5,3,1.351,580.979,33,14,4,1670886,586,51792124,930,2,customer;nation;orders;supplier;ixtest_supplier_nationkey;lineitem,1366677,0,0,0,0,0,0
2026-08-12T13:40:03Z,BE62DDE0EAA80693,18.4,queries/tpch/tpch-queries/q07/v2_union_all.sql,measured,1,5,5,3,1.364,579.040,33,14,4,1670887,586,51792240,930,2,customer;nation;orders;supplier;ixtest_supplier_nationkey;lineitem,1366677,0,0,0,0,0,0
2026-08-12T13:40:06Z,BE62DDE0EAA80693,18.4,queries/tpch/tpch-queries/q07/v2_union_all.sql,measured,2,1,5,3,3.089,613.495,33,14,4,1670881,586,51791544,930,2,customer;nation;orders;supplier;ixtest_supplier_nationkey;lineitem,1366677,0,0,0,0,0,0
2026-08-12T13:40:06Z,BE62DDE0EAA80693,18.4,queries/tpch/tpch-queries/q07/v2_union_all.sql,measured,2,2,5,3,1.414,579.236,33,14,4,1670887,586,51792240,930,2,customer;nation;orders;supplier;ixtest_supplier_nationkey;lineitem,1366677,0,0,0,0,0,0
2026-08-12T13:40:06Z,BE62DDE0EAA80693,18.4,queries/tpch/tpch-queries/q07/v2_union_all.sql,measured,2,3,5,3,1.362,579.021,33,14,4,1670881,586,51791544,930,2,customer;nation;orders;supplier;ixtest_supplier_nationkey;lineitem,1366677,0,0,0,0,0,0
2026-08-12T13:40:06Z,BE62DDE0EAA80693,18.4,queries/tpch/tpch-queries/q07/v2_union_all.sql,measured,2,4,5,3,1.354,579.218,33,14,4,1670886,586,51792124,930,2,customer;nation;orders;supplier;ixtest_supplier_nationkey;lineitem,1366677,0,0,0,0,0,0
2026-08-12T13:40:06Z,BE62DDE0EAA80693,18.4,queries/tpch/tpch-queries/q07/v2_union_all.sql,measured,2,5,5,3,1.339,577.597,33,14,4,1670886,586,51792124,930,2,customer;nation;orders;supplier;ixtest_supplier_nationkey;lineitem,1366677,0,0,0,0,0,0
2026-08-12T13:40:09Z,BE62DDE0EAA80693,18.4,queries/tpch/tpch-queries/q07/v2_union_all.sql,measured,3,1,5,3,3.315,614.700,33,14,4,1670886,586,51792124,930,2,customer;nation;orders;supplier;ixtest_supplier_nationkey;lineitem,1366677,0,0,0,0,0,0
2026-08-12T13:40:09Z,BE62DDE0EAA80693,18.4,queries/tpch/tpch-queries/q07/v2_union_all.sql,measured,3,2,5,3,1.403,585.487,33,14,4,1670886,586,51792124,930,2,customer;nation;orders;supplier;ixtest_supplier_nationkey;lineitem,1366677,0,0,0,0,0,0
2026-08-12T13:40:09Z,BE62DDE0EAA80693,18.4,queries/tpch/tpch-queries/q07/v2_union_all.sql,measured,3,3,5,3,1.355,578.165,33,14,4,1670886,586,51792124,930,2,customer;nation;orders;supplier;ixtest_supplier_nationkey;lineitem,1366677,0,0,0,0,0,0
2026-08-12T13:40:09Z,BE62DDE0EAA80693,18.4,queries/tpch/tpch-queries/q07/v2_union_all.sql,measured,3,4,5,3,1.379,603.192,33,14,4,1670881,586,51791544,930,2,customer;nation;orders;supplier;ixtest_supplier_nationkey;lineitem,1366677,0,0,0,0,0,0
2026-08-12T13:40:09Z,BE62DDE0EAA80693,18.4,queries/tpch/tpch-queries/q07/v2_union_all.sql,measured,3,5,5,3,1.550,582.300,33,14,4,1670887,586,51792240,930,2,customer;nation;orders;supplier;ixtest_supplier_nationkey;lineitem,1366677,0,0,0,0,0,0
2026-08-12T13:40:10Z,BE62DDE0EAA80693,18.4,queries/tpch/tpch-queries/q08/base.sql,warmup,1,1,1,3,3.666,179.433,21,8,2,144711,2406,3350726,66188,2,part;lineitem;orders;customer;nation;region;supplier,280967,7373,0,0,0,0,0
2026-08-12T13:40:10Z,BE62DDE0EAA80693,18.4,queries/tpch/tpch-queries/q08/base.sql,warmup,2,1,1,3,3.606,152.542,21,8,2,144711,2406,3350726,66188,2,part;lineitem;orders;customer;nation;region;supplier,288340,0,0,0,0,0,0
2026-08-12T13:40:11Z,BE62DDE0EAA80693,18.4,queries/tpch/tpch-queries/q08/base.sql,measured,1,1,5,3,3.555,152.797,21,8,2,144711,2406,3350726,66188,2,part;lineitem;orders;customer;nation;region;supplier,288340,0,0,0,0,0,0
2026-08-12T13:40:11Z,BE62DDE0EAA80693,18.4,queries/tpch/tpch-queries/q08/base.sql,measured,1,2,5,3,1.758,140.720,21,8,2,144711,2406,3350726,66188,2,part;lineitem;orders;customer;nation;region;supplier,288340,0,0,0,0,0,0
2026-08-12T13:40:11Z,BE62DDE0EAA80693,18.4,queries/tpch/tpch-queries/q08/base.sql,measured,1,3,5,3,1.681,139.240,21,8,2,144711,2406,3350726,66188,2,part;lineitem;orders;customer;nation;region;supplier,288340,0,0,0,0,0,0
2026-08-12T13:40:11Z,BE62DDE0EAA80693,18.4,queries/tpch/tpch-queries/q08/base.sql,measured,1,4,5,3,1.684,136.410,21,8,2,144711,2406,3350726,66188,2,part;lineitem;orders;customer;nation;region;supplier,288340,0,0,0,0,0,0
2026-08-12T13:40:11Z,BE62DDE0EAA80693,18.4,queries/tpch/tpch-queries/q08/base.sql,measured,1,5,5,3,1.676,138.817,21,8,2,144711,2406,3350726,66188,2,part;lineitem;orders;customer;nation;region;supplier,288340,0,0,0,0,0,0
2026-08-12T13:40:12Z,BE62DDE0EAA80693,18.4,queries/tpch/tpch-queries/q08/base.sql,measured,2,1,5,3,3.664,152.580,21,8,2,144711,2406,3350726,66188,2,part;lineitem;orders;customer;nation;region;supplier,288340,0,0,0,0,0,0
2026-08-12T13:40:12Z,BE62DDE0EAA80693,18.4,queries/tpch/tpch-queries/q08/base.sql,measured,2,2,5,3,1.735,140.300,21,8,2,144711,2406,3350726,66188,2,part;lineitem;orders;customer;nation;region;supplier,288340,0,0,0,0,0,0
2026-08-12T13:40:12Z,BE62DDE0EAA80693,18.4,queries/tpch/tpch-queries/q08/base.sql,measured,2,3,5,3,1.693,137.780,21,8,2,144711,2406,3350726,66188,2,part;lineitem;orders;customer;nation;region;supplier,288340,0,0,0,0,0,0
2026-08-12T13:40:12Z,BE62DDE0EAA80693,18.4,queries/tpch/tpch-queries/q08/base.sql,measured,2,4,5,3,1.690,138.595,21,8,2,144711,2406,3350726,66188,2,part;lineitem;orders;customer;nation;region;supplier,288340,0,0,0,0,0,0
2026-08-12T13:40:12Z,BE62DDE0EAA80693,18.4,queries/tpch/tpch-queries/q08/base.sql,measured,2,5,5,3,1.690,136.794,21,8,2,144711,2406,3350726,66188,2,part;lineitem;orders;customer;nation;region;supplier,288340,0,0,0,0,0,0
2026-08-12T13:40:12Z,BE62DDE0EAA80693,18.4,queries/tpch/tpch-queries/q08/base.sql,measured,3,1,5,3,3.547,156.311,21,8,2,144711,2406,3350726,66188,2,part;lineitem;orders;customer;nation;region;supplier,288340,0,0,0,0,0,0
2026-08-12T13:40:12Z,BE62DDE0EAA80693,18.4,queries/tpch/tpch-queries/q08/base.sql,measured,3,2,5,3,1.691,137.550,21,8,2,144711,2406,3350726,66188,2,part;lineitem;orders;customer;nation;region;supplier,288340,0,0,0,0,0,0
2026-08-12T13:40:12Z,BE62DDE0EAA80693,18.4,queries/tpch/tpch-queries/q08/base.sql,measured,3,3,5,3,1.643,137.976,21,8,2,144711,2406,3350726,66188,2,part;lineitem;orders;customer;nation;region;supplier,288340,0,0,0,0,0,0
2026-08-12T13:40:12Z,BE62DDE0EAA80693,18.4,queries/tpch/tpch-queries/q08/base.sql,measured,3,4,5,3,1.652,135.870,21,8,2,144711,2406,3350726,66188,2,part;lineitem;orders;customer;nation;region;supplier,288340,0,0,0,0,0,0
2026-08-12T13:40:12Z,BE62DDE0EAA80693,18.4,queries/tpch/tpch-queries/q08/base.sql,measured,3,5,5,3,1.680,135.516,21,8,2,144711,2406,3350726,66188,2,part;lineitem;orders;customer;nation;region;supplier,288340,0,0,0,0,0,0
2026-08-12T13:40:13Z,BE62DDE0EAA80693,18.4,queries/tpch/tpch-queries/q08/v1_materialized.sql,warmup,1,1,1,3,3.953,154.063,22,9,2,144713,2406,3350854,66188,2,_m;part;lineitem;orders;customer;nation;region;supplier,288340,0,0,0,0,0,0
2026-08-12T13:40:13Z,BE62DDE0EAA80693,18.4,queries/tpch/tpch-queries/q08/v1_materialized.sql,warmup,2,1,1,3,3.599,154.510,22,9,2,144713,2406,3350854,66188,2,_m;part;lineitem;orders;customer;nation;region;supplier,288340,0,0,0,0,0,0
2026-08-12T13:40:14Z,BE62DDE0EAA80693,18.4,queries/tpch/tpch-queries/q08/v1_materialized.sql,measured,1,1,5,3,3.608,154.809,22,9,2,144713,2406,3350854,66188,2,_m;part;lineitem;orders;customer;nation;region;supplier,288340,0,0,0,0,0,0
2026-08-12T13:40:14Z,BE62DDE0EAA80693,18.4,queries/tpch/tpch-queries/q08/v1_materialized.sql,measured,1,2,5,3,1.774,142.344,22,9,2,144713,2406,3350854,66188,2,_m;part;lineitem;orders;customer;nation;region;supplier,288340,0,0,0,0,0,0
2026-08-12T13:40:14Z,BE62DDE0EAA80693,18.4,queries/tpch/tpch-queries/q08/v1_materialized.sql,measured,1,3,5,3,1.703,142.490,22,9,2,144713,2406,3350854,66188,2,_m;part;lineitem;orders;customer;nation;region;supplier,288340,0,0,0,0,0,0
2026-08-12T13:40:14Z,BE62DDE0EAA80693,18.4,queries/tpch/tpch-queries/q08/v1_materialized.sql,measured,1,4,5,3,1.775,140.859,22,9,2,144713,2406,3350854,66188,2,_m;part;lineitem;orders;customer;nation;region;supplier,288340,0,0,0,0,0,0
2026-08-12T13:40:14Z,BE62DDE0EAA80693,18.4,queries/tpch/tpch-queries/q08/v1_materialized.sql,measured,1,5,5,3,1.773,134.967,22,9,2,144713,2406,3350854,66188,2,_m;part;lineitem;orders;customer;nation;region;supplier,288340,0,0,0,0,0,0
2026-08-12T13:40:14Z,BE62DDE0EAA80693,18.4,queries/tpch/tpch-queries/q08/v1_materialized.sql,measured,2,1,5,3,4.596,159.696,22,9,2,144713,2406,3350854,66188,2,_m;part;lineitem;orders;customer;nation;region;supplier,288340,0,0,0,0,0,0
2026-08-12T13:40:14Z,BE62DDE0EAA80693,18.4,queries/tpch/tpch-queries/q08/v1_materialized.sql,measured,2,2,5,3,1.722,140.458,22,9,2,144713,2406,3350854,66188,2,_m;part;lineitem;orders;customer;nation;region;supplier,288340,0,0,0,0,0,0
2026-08-12T13:40:14Z,BE62DDE0EAA80693,18.4,queries/tpch/tpch-queries/q08/v1_materialized.sql,measured,2,3,5,3,1.736,137.164,22,9,2,144713,2406,3350854,66188,2,_m;part;lineitem;orders;customer;nation;region;supplier,288340,0,0,0,0,0,0
2026-08-12T13:40:14Z,BE62DDE0EAA80693,18.4,queries/tpch/tpch-queries/q08/v1_materialized.sql,measured,2,4,5,3,1.708,139.376,22,9,2,144713,2406,3350854,66188,2,_m;part;lineitem;orders;customer;nation;region;supplier,288340,0,0,0,0,0,0
2026-08-12T13:40:14Z,BE62DDE0EAA80693,18.4,queries/tpch/tpch-queries/q08/v1_materialized.sql,measured,2,5,5,3,1.728,137.040,22,9,2,144713,2406,3350854,66188,2,_m;part;lineitem;orders;customer;nation;region;supplier,288340,0,0,0,0,0,0
2026-08-12T13:40:15Z,BE62DDE0EAA80693,18.4,queries/tpch/tpch-queries/q08/v1_materialized.sql,measured,3,1,5,3,3.927,153.119,22,9,2,144713,2406,3350854,66188,2,_m;part;lineitem;orders;customer;nation;region;supplier,288340,0,0,0,0,0,0
2026-08-12T13:40:15Z,BE62DDE0EAA80693,18.4,queries/tpch/tpch-queries/q08/v1_materialized.sql,measured,3,2,5,3,1.757,142.436,22,9,2,144713,2406,3350854,66188,2,_m;part;lineitem;orders;customer;nation;region;supplier,288340,0,0,0,0,0,0
2026-08-12T13:40:15Z,BE62DDE0EAA80693,18.4,queries/tpch/tpch-queries/q08/v1_materialized.sql,measured,3,3,5,3,1.674,137.732,22,9,2,144713,2406,3350854,66188,2,_m;part;lineitem;orders;customer;nation;region;supplier,288340,0,0,0,0,0,0
2026-08-12T13:40:15Z,BE62DDE0EAA80693,18.4,queries/tpch/tpch-queries/q08/v1_materialized.sql,measured,3,4,5,3,1.711,137.296,22,9,2,144713,2406,3350854,66188,2,_m;part;lineitem;orders;customer;nation;region;supplier,288340,0,0,0,0,0,0
2026-08-12T13:40:15Z,BE62DDE0EAA80693,18.4,queries/tpch/tpch-queries/q08/v1_materialized.sql,measured,3,5,5,3,1.702,136.322,22,9,2,144713,2406,3350854,66188,2,_m;part;lineitem;orders;customer;nation;region;supplier,288340,0,0,0,0,0,0
2026-08-12T13:40:15Z,BE62DDE0EAA80693,18.4,queries/tpch/tpch-queries/q08/v2_filter.sql,warmup,1,1,1,3,3.574,151.827,21,8,2,144711,2406,3350726,66188,2,part;lineitem;orders;customer;nation;region;supplier,288340,0,0,0,0,0,0
2026-08-12T13:40:16Z,BE62DDE0EAA80693,18.4,queries/tpch/tpch-queries/q08/v2_filter.sql,warmup,2,1,1,3,3.874,155.182,21,8,2,144711,2406,3350726,66188,2,part;lineitem;orders;customer;nation;region;supplier,288340,0,0,0,0,0,0
2026-08-12T13:40:16Z,BE62DDE0EAA80693,18.4,queries/tpch/tpch-queries/q08/v2_filter.sql,measured,1,1,5,3,3.572,153.524,21,8,2,144711,2406,3350726,66188,2,part;lineitem;orders;customer;nation;region;supplier,288340,0,0,0,0,0,0
2026-08-12T13:40:16Z,BE62DDE0EAA80693,18.4,queries/tpch/tpch-queries/q08/v2_filter.sql,measured,1,2,5,3,1.716,140.187,21,8,2,144711,2406,3350726,66188,2,part;lineitem;orders;customer;nation;region;supplier,288340,0,0,0,0,0,0
2026-08-12T13:40:16Z,BE62DDE0EAA80693,18.4,queries/tpch/tpch-queries/q08/v2_filter.sql,measured,1,3,5,3,1.691,138.279,21,8,2,144711,2406,3350726,66188,2,part;lineitem;orders;customer;nation;region;supplier,288340,0,0,0,0,0,0
2026-08-12T13:40:16Z,BE62DDE0EAA80693,18.4,queries/tpch/tpch-queries/q08/v2_filter.sql,measured,1,4,5,3,1.660,138.289,21,8,2,144711,2406,3350726,66188,2,part;lineitem;orders;customer;nation;region;supplier,288340,0,0,0,0,0,0
2026-08-12T13:40:16Z,BE62DDE0EAA80693,18.4,queries/tpch/tpch-queries/q08/v2_filter.sql,measured,1,5,5,3,1.687,136.291,21,8,2,144711,2406,3350726,66188,2,part;lineitem;orders;customer;nation;region;supplier,288340,0,0,0,0,0,0
2026-08-12T13:40:17Z,BE62DDE0EAA80693,18.4,queries/tpch/tpch-queries/q08/v2_filter.sql,measured,2,1,5,3,3.720,153.695,21,8,2,144711,2406,3350726,66188,2,part;lineitem;orders;customer;nation;region;supplier,288340,0,0,0,0,0,0
2026-08-12T13:40:17Z,BE62DDE0EAA80693,18.4,queries/tpch/tpch-queries/q08/v2_filter.sql,measured,2,2,5,3,1.748,139.966,21,8,2,144711,2406,3350726,66188,2,part;lineitem;orders;customer;nation;region;supplier,288340,0,0,0,0,0,0
2026-08-12T13:40:17Z,BE62DDE0EAA80693,18.4,queries/tpch/tpch-queries/q08/v2_filter.sql,measured,2,3,5,3,1.650,137.620,21,8,2,144711,2406,3350726,66188,2,part;lineitem;orders;customer;nation;region;supplier,288340,0,0,0,0,0,0
2026-08-12T13:40:17Z,BE62DDE0EAA80693,18.4,queries/tpch/tpch-queries/q08/v2_filter.sql,measured,2,4,5,3,1.703,139.085,21,8,2,144711,2406,3350726,66188,2,part;lineitem;orders;customer;nation;region;supplier,288340,0,0,0,0,0,0
2026-08-12T13:40:17Z,BE62DDE0EAA80693,18.4,queries/tpch/tpch-queries/q08/v2_filter.sql,measured,2,5,5,3,1.683,137.748,21,8,2,144711,2406,3350726,66188,2,part;lineitem;orders;customer;nation;region;supplier,288340,0,0,0,0,0,0
2026-08-12T13:40:18Z,BE62DDE0EAA80693,18.4,queries/tpch/tpch-queries/q08/v2_filter.sql,measured,3,1,5,3,3.611,151.382,21,8,2,144711,2406,3350726,66188,2,part;lineitem;orders;customer;nation;region;supplier,288340,0,0,0,0,0,0
2026-08-12T13:40:18Z,BE62DDE0EAA80693,18.4,queries/tpch/tpch-queries/q08/v2_filter.sql,measured,3,2,5,3,1.695,143.034,21,8,2,144711,2406,3350726,66188,2,part;lineitem;orders;customer;nation;region;supplier,288340,0,0,0,0,0,0
2026-08-12T13:40:18Z,BE62DDE0EAA80693,18.4,queries/tpch/tpch-queries/q08/v2_filter.sql,measured,3,3,5,3,1.631,136.261,21,8,2,144711,2406,3350726,66188,2,part;lineitem;orders;customer;nation;region;supplier,288340,0,0,0,0,0,0
2026-08-12T13:40:18Z,BE62DDE0EAA80693,18.4,queries/tpch/tpch-queries/q08/v2_filter.sql,measured,3,4,5,3,1.654,137.170,21,8,2,144711,2406,3350726,66188,2,part;lineitem;orders;customer;nation;region;supplier,288340,0,0,0,0,0,0
2026-08-12T13:40:18Z,BE62DDE0EAA80693,18.4,queries/tpch/tpch-queries/q08/v2_filter.sql,measured,3,5,5,3,1.685,136.487,21,8,2,144711,2406,3350726,66188,2,part;lineitem;orders;customer;nation;region;supplier,288340,0,0,0,0,0,0
2026-08-12T13:40:19Z,BE62DDE0EAA80693,18.4,queries/tpch/tpch-queries/q09/base.sql,warmup,1,1,1,3,4.430,1093.849,15,6,175,2950121,48,123794846,63112,2,part;partsupp;lineitem;supplier;orders;nation,2724252,6453,0,0,2601,2607,0
2026-08-12T13:40:20Z,BE62DDE0EAA80693,18.4,queries/tpch/tpch-queries/q09/base.sql,warmup,2,1,1,3,4.481,1056.634,15,6,175,2950121,48,123794846,63112,2,part;partsupp;lineitem;supplier;orders;nation,2730705,0,0,0,2601,2607,0
2026-08-12T13:40:26Z,BE62DDE0EAA80693,18.4,queries/tpch/tpch-queries/q09/base.sql,measured,1,1,5,3,4.460,1060.634,15,6,175,2950121,48,123794846,63112,2,part;partsupp;lineitem;supplier;orders;nation,2730705,0,0,0,2601,2607,0
2026-08-12T13:40:26Z,BE62DDE0EAA80693,18.4,queries/tpch/tpch-queries/q09/base.sql,measured,1,2,5,3,2.308,1040.795,15,6,175,2950121,48,123794846,63112,2,part;partsupp;lineitem;supplier;orders;nation,2730705,0,0,0,2602,2608,0
2026-08-12T13:40:26Z,BE62DDE0EAA80693,18.4,queries/tpch/tpch-queries/q09/base.sql,measured,1,3,5,3,2.319,1153.936,15,6,175,2950121,48,123794846,63112,2,part;partsupp;lineitem;supplier;orders;nation,2730705,0,0,0,2602,2608,0
2026-08-12T13:40:26Z,BE62DDE0EAA80693,18.4,queries/tpch/tpch-queries/q09/base.sql,measured,1,4,5,3,2.320,1148.097,15,6,175,2950121,48,123794846,63112,2,part;partsupp;lineitem;supplier;orders;nation,2730705,0,0,0,2601,2607,0
2026-08-12T13:40:26Z,BE62DDE0EAA80693,18.4,queries/tpch/tpch-queries/q09/base.sql,measured,1,5,5,3,2.329,1155.151,15,6,175,2950121,48,123794846,63112,2,part;partsupp;lineitem;supplier;orders;nation,2730705,0,0,0,2601,2607,0
2026-08-12T13:40:32Z,BE62DDE0EAA80693,18.4,queries/tpch/tpch-queries/q09/base.sql,measured,2,1,5,3,4.558,1174.656,15,6,175,2950121,48,123794846,63112,2,part;partsupp;lineitem;supplier;orders;nation,2730705,0,0,0,2601,2607,0
2026-08-12T13:40:32Z,BE62DDE0EAA80693,18.4,queries/tpch/tpch-queries/q09/base.sql,measured,2,2,5,3,2.361,1152.854,15,6,175,2950121,48,123794846,63112,2,part;partsupp;lineitem;supplier;orders;nation,2730705,0,0,0,2601,2607,0
2026-08-12T13:40:32Z,BE62DDE0EAA80693,18.4,queries/tpch/tpch-queries/q09/base.sql,measured,2,3,5,3,2.306,1146.808,15,6,175,2950121,48,123794846,63112,2,part;partsupp;lineitem;supplier;orders;nation,2730705,0,0,0,2601,2607,0
2026-08-12T13:40:32Z,BE62DDE0EAA80693,18.4,queries/tpch/tpch-queries/q09/base.sql,measured,2,4,5,3,2.331,1144.155,15,6,175,2950121,48,123794846,63112,2,part;partsupp;lineitem;supplier;orders;nation,2730705,0,0,0,2601,2607,0
2026-08-12T13:40:32Z,BE62DDE0EAA80693,18.4,queries/tpch/tpch-queries/q09/base.sql,measured,2,5,5,3,2.308,1195.528,15,6,175,2950121,48,123794846,63112,2,part;partsupp;lineitem;supplier;orders;nation,2730705,0,0,0,2601,2607,0
2026-08-12T13:40:38Z,BE62DDE0EAA80693,18.4,queries/tpch/tpch-queries/q09/base.sql,measured,3,1,5,3,4.560,1171.277,15,6,175,2950121,48,123794846,63112,2,part;partsupp;lineitem;supplier;orders;nation,2730705,0,0,0,2601,2607,0
2026-08-12T13:40:38Z,BE62DDE0EAA80693,18.4,queries/tpch/tpch-queries/q09/base.sql,measured,3,2,5,3,2.356,1148.500,15,6,175,2950121,48,123794846,63112,2,part;partsupp;lineitem;supplier;orders;nation,2730705,0,0,0,2601,2607,0
2026-08-12T13:40:38Z,BE62DDE0EAA80693,18.4,queries/tpch/tpch-queries/q09/base.sql,measured,3,3,5,3,2.300,1146.969,15,6,175,2950121,48,123794846,63112,2,part;partsupp;lineitem;supplier;orders;nation,2730705,0,0,0,2601,2607,0
2026-08-12T13:40:38Z,BE62DDE0EAA80693,18.4,queries/tpch/tpch-queries/q09/base.sql,measured,3,4,5,3,2.319,1146.231,15,6,175,2950121,48,123794846,63112,2,part;partsupp;lineitem;supplier;orders;nation,2730705,0,0,0,2601,2607,0
2026-08-12T13:40:38Z,BE62DDE0EAA80693,18.4,queries/tpch/tpch-queries/q09/base.sql,measured,3,5,5,3,2.343,1166.440,15,6,175,2950121,48,123794846,63112,2,part;partsupp;lineitem;supplier;orders;nation,2730705,0,0,0,2601,2607,0
2026-08-12T13:40:39Z,BE62DDE0EAA80693,18.4,queries/tpch/tpch-queries/q09/v1_materialized.sql,warmup,1,1,1,3,4.647,1163.883,17,7,175,2950471,48,123853646,63112,2,part;partsupp;lineitem;supplier;orders;nation;_m,2730705,0,0,0,2601,2607,0
2026-08-12T13:40:40Z,BE62DDE0EAA80693,18.4,queries/tpch/tpch-queries/q09/v1_materialized.sql,warmup,2,1,1,3,4.653,1183.095,17,7,175,2950471,48,123853646,63112,2,part;partsupp;lineitem;supplier;orders;nation;_m,2730705,0,0,0,2602,2608,0
2026-08-12T13:40:46Z,BE62DDE0EAA80693,18.4,queries/tpch/tpch-queries/q09/v1_materialized.sql,measured,1,1,5,3,4.669,1178.398,17,7,175,2950471,48,123853646,63112,2,part;partsupp;lineitem;supplier;orders;nation;_m,2730705,0,0,0,2601,2607,0
2026-08-12T13:40:46Z,BE62DDE0EAA80693,18.4,queries/tpch/tpch-queries/q09/v1_materialized.sql,measured,1,2,5,3,2.462,1147.292,17,7,175,2950471,48,123853646,63112,2,part;partsupp;lineitem;supplier;orders;nation;_m,2730705,0,0,0,2601,2607,0
2026-08-12T13:40:46Z,BE62DDE0EAA80693,18.4,queries/tpch/tpch-queries/q09/v1_materialized.sql,measured,1,3,5,3,2.405,1149.718,17,7,175,2950471,48,123853646,63112,2,part;partsupp;lineitem;supplier;orders;nation;_m,2730705,0,0,0,2602,2608,0
2026-08-12T13:40:46Z,BE62DDE0EAA80693,18.4,queries/tpch/tpch-queries/q09/v1_materialized.sql,measured,1,4,5,3,2.377,1146.862,17,7,175,2950471,48,123853646,63112,2,part;partsupp;lineitem;supplier;orders;nation;_m,2730705,0,0,0,2601,2607,0
2026-08-12T13:40:46Z,BE62DDE0EAA80693,18.4,queries/tpch/tpch-queries/q09/v1_materialized.sql,measured,1,5,5,3,2.336,1179.582,17,7,175,2950471,48,123853646,63112,2,part;partsupp;lineitem;supplier;orders;nation;_m,2730705,0,0,0,2601,2607,0
2026-08-12T13:40:52Z,BE62DDE0EAA80693,18.4,queries/tpch/tpch-queries/q09/v1_materialized.sql,measured,2,1,5,3,4.848,1172.678,17,7,175,2950471,48,123853646,63112,2,part;partsupp;lineitem;supplier;orders;nation;_m,2730705,0,0,0,2601,2607,0
2026-08-12T13:40:52Z,BE62DDE0EAA80693,18.4,queries/tpch/tpch-queries/q09/v1_materialized.sql,measured,2,2,5,3,2.465,1200.079,17,7,175,2950471,48,123853646,63112,2,part;partsupp;lineitem;supplier;orders;nation;_m,2730705,0,0,0,2601,2607,0
2026-08-12T13:40:52Z,BE62DDE0EAA80693,18.4,queries/tpch/tpch-queries/q09/v1_materialized.sql,measured,2,3,5,3,2.375,1146.990,17,7,175,2950471,48,123853646,63112,2,part;partsupp;lineitem;supplier;orders;nation;_m,2730705,0,0,0,2600,2606,0
2026-08-12T13:40:52Z,BE62DDE0EAA80693,18.4,queries/tpch/tpch-queries/q09/v1_materialized.sql,measured,2,4,5,3,2.382,1144.733,17,7,175,2950471,48,123853646,63112,2,part;partsupp;lineitem;supplier;orders;nation;_m,2730705,0,0,0,2602,2608,0
2026-08-12T13:40:52Z,BE62DDE0EAA80693,18.4,queries/tpch/tpch-queries/q09/v1_materialized.sql,measured,2,5,5,3,2.371,1150.260,17,7,175,2950471,48,123853646,63112,2,part;partsupp;lineitem;supplier;orders;nation;_m,2730705,0,0,0,2602,2608,0
2026-08-12T13:40:58Z,BE62DDE0EAA80693,18.4,queries/tpch/tpch-queries/q09/v1_materialized.sql,measured,3,1,5,3,4.851,1169.337,17,7,175,2950471,48,123853646,63112,2,part;partsupp;lineitem;supplier;orders;nation;_m,2730705,0,0,0,2601,2607,0
2026-08-12T13:40:58Z,BE62DDE0EAA80693,18.4,queries/tpch/tpch-queries/q09/v1_materialized.sql,measured,3,2,5,3,2.466,1148.956,17,7,175,2950471,48,123853646,63112,2,part;partsupp;lineitem;supplier;orders;nation;_m,2730705,0,0,0,2601,2607,0
2026-08-12T13:40:58Z,BE62DDE0EAA80693,18.4,queries/tpch/tpch-queries/q09/v1_materialized.sql,measured,3,3,5,3,2.388,1153.865,17,7,175,2950471,48,123853646,63112,2,part;partsupp;lineitem;supplier;orders;nation;_m,2730705,0,0,0,2602,2608,0
2026-08-12T13:40:58Z,BE62DDE0EAA80693,18.4,queries/tpch/tpch-queries/q09/v1_materialized.sql,measured,3,4,5,3,2.382,1146.828,17,7,175,2950471,48,123853646,63112,2,part;partsupp;lineitem;supplier;orders;nation;_m,2730705,0,0,0,2601,2607,0
2026-08-12T13:40:58Z,BE62DDE0EAA80693,18.4,queries/tpch/tpch-queries/q09/v1_materialized.sql,measured,3,5,5,3,2.399,1186.028,17,7,175,2950471,48,123853646,63112,2,part;partsupp;lineitem;supplier;orders;nation;_m,2730705,0,0,0,2602,2608,0
2026-08-12T13:40:59Z,BE62DDE0EAA80693,18.4,queries/tpch/tpch-queries/q10/base.sql,warmup,1,1,1,3,2.418,331.453,15,5,20,1104663,20,116170137,2,2,customer;orders;ixtest_orders_orderdate;lineitem;nation,258525,51,0,0,2740,2746,0
2026-08-12T13:40:59Z,BE62DDE0EAA80693,18.4,queries/tpch/tpch-queries/q10/base.sql,warmup,2,1,1,3,2.373,337.147,15,5,20,1104663,20,116170137,2,2,customer;orders;ixtest_orders_orderdate;lineitem;nation,258576,0,0,0,2739,2745,0
2026-08-12T13:41:01Z,BE62DDE0EAA80693,18.4,queries/tpch/tpch-queries/q10/base.sql,measured,1,1,5,3,2.206,333.780,15,5,20,1104663,20,116170137,2,2,customer;orders;ixtest_orders_orderdate;lineitem;nation,258576,0,0,0,2739,2745,0
2026-08-12T13:41:01Z,BE62DDE0EAA80693,18.4,queries/tpch/tpch-queries/q10/base.sql,measured,1,2,5,3,0.749,299.006,15,5,20,1104663,20,116170137,2,2,customer;orders;ixtest_orders_orderdate;lineitem;nation,258576,0,0,0,2740,2746,0
2026-08-12T13:41:01Z,BE62DDE0EAA80693,18.4,queries/tpch/tpch-queries/q10/base.sql,measured,1,3,5,3,0.718,299.214,15,5,20,1104663,20,116170137,2,2,customer;orders;ixtest_orders_orderdate;lineitem;nation,258576,0,0,0,2739,2745,0
2026-08-12T13:41:01Z,BE62DDE0EAA80693,18.4,queries/tpch/tpch-queries/q10/base.sql,measured,1,4,5,3,0.730,295.809,15,5,20,1104663,20,116170137,2,2,customer;orders;ixtest_orders_orderdate;lineitem;nation,258576,0,0,0,2738,2743,0
2026-08-12T13:41:01Z,BE62DDE0EAA80693,18.4,queries/tpch/tpch-queries/q10/base.sql,measured,1,5,5,3,0.752,295.198,15,5,20,1104663,20,116170137,2,2,customer;orders;ixtest_orders_orderdate;lineitem;nation,258576,0,0,0,2739,2745,0
2026-08-12T13:41:02Z,BE62DDE0EAA80693,18.4,queries/tpch/tpch-queries/q10/base.sql,measured,2,1,5,3,2.296,330.667,15,5,20,1104663,20,116170137,2,2,customer;orders;ixtest_orders_orderdate;lineitem;nation,258576,0,0,0,2739,2745,0
2026-08-12T13:41:02Z,BE62DDE0EAA80693,18.4,queries/tpch/tpch-queries/q10/base.sql,measured,2,2,5,3,0.725,294.656,15,5,20,1104663,20,116170137,2,2,customer;orders;ixtest_orders_orderdate;lineitem;nation,258576,0,0,0,2739,2745,0
2026-08-12T13:41:02Z,BE62DDE0EAA80693,18.4,queries/tpch/tpch-queries/q10/base.sql,measured,2,3,5,3,0.740,296.022,15,5,20,1104663,20,116170137,2,2,customer;orders;ixtest_orders_orderdate;lineitem;nation,258576,0,0,0,2739,2745,0
2026-08-12T13:41:02Z,BE62DDE0EAA80693,18.4,queries/tpch/tpch-queries/q10/base.sql,measured,2,4,5,3,0.737,289.675,15,5,20,1104663,20,116170137,2,2,customer;orders;ixtest_orders_orderdate;lineitem;nation,258576,0,0,0,2740,2746,0
2026-08-12T13:41:02Z,BE62DDE0EAA80693,18.4,queries/tpch/tpch-queries/q10/base.sql,measured,2,5,5,3,0.731,302.308,15,5,20,1104663,20,116170137,2,2,customer;orders;ixtest_orders_orderdate;lineitem;nation,258576,0,0,0,2739,2745,0
2026-08-12T13:41:04Z,BE62DDE0EAA80693,18.4,queries/tpch/tpch-queries/q10/base.sql,measured,3,1,5,3,2.234,333.772,15,5,20,1104663,20,116170137,2,2,customer;orders;ixtest_orders_orderdate;lineitem;nation,258576,0,0,0,2739,2745,0
2026-08-12T13:41:04Z,BE62DDE0EAA80693,18.4,queries/tpch/tpch-queries/q10/base.sql,measured,3,2,5,3,0.725,294.165,15,5,20,1104663,20,116170137,2,2,customer;orders;ixtest_orders_orderdate;lineitem;nation,258576,0,0,0,2738,2742,0
2026-08-12T13:41:04Z,BE62DDE0EAA80693,18.4,queries/tpch/tpch-queries/q10/base.sql,measured,3,3,5,3,0.736,304.663,15,5,20,1104663,20,116170137,2,2,customer;orders;ixtest_orders_orderdate;lineitem;nation,258576,0,0,0,2739,2745,0
2026-08-12T13:41:04Z,BE62DDE0EAA80693,18.4,queries/tpch/tpch-queries/q10/base.sql,measured,3,4,5,3,0.716,299.953,15,5,20,1104663,20,116170137,2,2,customer;orders;ixtest_orders_orderdate;lineitem;nation,258576,0,0,0,2739,2745,0
2026-08-12T13:41:04Z,BE62DDE0EAA80693,18.4,queries/tpch/tpch-queries/q10/base.sql,measured,3,5,5,3,0.727,300.190,15,5,20,1104663,20,116170137,2,2,customer;orders;ixtest_orders_orderdate;lineitem;nation,258576,0,0,0,2738,2744,0
2026-08-12T13:41:04Z,BE62DDE0EAA80693,18.4,queries/tpch/tpch-queries/q10/v1_materialized.sql,warmup,1,1,1,3,2.036,349.748,16,6,20,1142630,20,140486577,2,2,customer;orders;ixtest_orders_orderdate;lineitem;nation;_m,258576,0,0,0,2739,3627,0
2026-08-12T13:41:05Z,BE62DDE0EAA80693,18.4,queries/tpch/tpch-queries/q10/v1_materialized.sql,warmup,2,1,1,3,2.035,347.797,16,6,20,1142630,20,140486577,2,2,customer;orders;ixtest_orders_orderdate;lineitem;nation;_m,258576,0,0,0,2738,3626,0
2026-08-12T13:41:06Z,BE62DDE0EAA80693,18.4,queries/tpch/tpch-queries/q10/v1_materialized.sql,measured,1,1,5,3,2.003,351.967,16,6,20,1142630,20,140486577,2,2,customer;orders;ixtest_orders_orderdate;lineitem;nation;_m,258576,0,0,0,2739,3627,0
2026-08-12T13:41:06Z,BE62DDE0EAA80693,18.4,queries/tpch/tpch-queries/q10/v1_materialized.sql,measured,1,2,5,3,0.583,313.161,16,6,20,1142630,20,140486577,2,2,customer;orders;ixtest_orders_orderdate;lineitem;nation;_m,258576,0,0,0,2738,3624,0
2026-08-12T13:41:06Z,BE62DDE0EAA80693,18.4,queries/tpch/tpch-queries/q10/v1_materialized.sql,measured,1,3,5,3,0.564,314.824,16,6,20,1142630,20,140486577,2,2,customer;orders;ixtest_orders_orderdate;lineitem;nation;_m,258576,0,0,0,2738,3626,0
2026-08-12T13:41:06Z,BE62DDE0EAA80693,18.4,queries/tpch/tpch-queries/q10/v1_materialized.sql,measured,1,4,5,3,0.544,316.212,16,6,20,1142630,20,140486577,2,2,customer;orders;ixtest_orders_orderdate;lineitem;nation;_m,258576,0,0,0,2739,3627,0
2026-08-12T13:41:06Z,BE62DDE0EAA80693,18.4,queries/tpch/tpch-queries/q10/v1_materialized.sql,measured,1,5,5,3,0.554,315.999,16,6,20,1142630,20,140486577,2,2,customer;orders;ixtest_orders_orderdate;lineitem;nation;_m,258576,0,0,0,2739,3627,0
2026-08-12T13:41:08Z,BE62DDE0EAA80693,18.4,queries/tpch/tpch-queries/q10/v1_materialized.sql,measured,2,1,5,3,2.006,349.856,16,6,20,1142630,20,140486577,2,2,customer;orders;ixtest_orders_orderdate;lineitem;nation;_m,258576,0,0,0,2740,3628,0
2026-08-12T13:41:08Z,BE62DDE0EAA80693,18.4,queries/tpch/tpch-queries/q10/v1_materialized.sql,measured,2,2,5,3,0.563,314.598,16,6,20,1142630,20,140486577,2,2,customer;orders;ixtest_orders_orderdate;lineitem;nation;_m,258576,0,0,0,2739,3627,0
2026-08-12T13:41:08Z,BE62DDE0EAA80693,18.4,queries/tpch/tpch-queries/q10/v1_materialized.sql,measured,2,3,5,3,0.539,314.807,16,6,20,1142630,20,140486577,2,2,customer;orders;ixtest_orders_orderdate;lineitem;nation;_m,258576,0,0,0,2739,3627,0
2026-08-12T13:41:08Z,BE62DDE0EAA80693,18.4,queries/tpch/tpch-queries/q10/v1_materialized.sql,measured,2,4,5,3,0.540,315.482,16,6,20,1142630,20,140486577,2,2,customer;orders;ixtest_orders_orderdate;lineitem;nation;_m,258576,0,0,0,2739,3627,0
2026-08-12T13:41:08Z,BE62DDE0EAA80693,18.4,queries/tpch/tpch-queries/q10/v1_materialized.sql,measured,2,5,5,3,0.561,313.566,16,6,20,1142630,20,140486577,2,2,customer;orders;ixtest_orders_orderdate;lineitem;nation;_m,258576,0,0,0,2738,3626,0
2026-08-12T13:41:10Z,BE62DDE0EAA80693,18.4,queries/tpch/tpch-queries/q10/v1_materialized.sql,measured,3,1,5,3,2.168,347.137,16,6,20,1142630,20,140486577,2,2,customer;orders;ixtest_orders_orderdate;lineitem;nation;_m,258576,0,0,0,2739,3627,0
2026-08-12T13:41:10Z,BE62DDE0EAA80693,18.4,queries/tpch/tpch-queries/q10/v1_materialized.sql,measured,3,2,5,3,0.566,314.717,16,6,20,1142630,20,140486577,2,2,customer;orders;ixtest_orders_orderdate;lineitem;nation;_m,258576,0,0,0,2738,3626,0
2026-08-12T13:41:10Z,BE62DDE0EAA80693,18.4,queries/tpch/tpch-queries/q10/v1_materialized.sql,measured,3,3,5,3,0.565,313.342,16,6,20,1142630,20,140486577,2,2,customer;orders;ixtest_orders_orderdate;lineitem;nation;_m,258576,0,0,0,2739,3627,0
2026-08-12T13:41:10Z,BE62DDE0EAA80693,18.4,queries/tpch/tpch-queries/q10/v1_materialized.sql,measured,3,4,5,3,0.569,305.012,16,6,20,1142630,20,140486577,2,2,customer;orders;ixtest_orders_orderdate;lineitem;nation;_m,258576,0,0,0,2738,3624,0
2026-08-12T13:41:10Z,BE62DDE0EAA80693,18.4,queries/tpch/tpch-queries/q10/v1_materialized.sql,measured,3,5,5,3,0.578,315.702,16,6,20,1142630,20,140486577,2,2,customer;orders;ixtest_orders_orderdate;lineitem;nation;_m,258576,0,0,0,2739,3627,0
2026-08-12T13:41:10Z,BE62DDE0EAA80693,18.4,queries/tpch/tpch-queries/q11/base.sql,warmup,1,1,1,3,1.267,88.590,15,8,1048,131195,10620,1859080,28818,0,nation;supplier;ixtest_supplier_nationkey;partsupp,66121,0,0,0,41,110,0
2026-08-12T13:41:10Z,BE62DDE0EAA80693,18.4,queries/tpch/tpch-queries/q11/base.sql,warmup,2,1,1,3,1.262,87.760,15,8,1048,131195,10620,1859080,28818,0,nation;supplier;ixtest_supplier_nationkey;partsupp,66121,0,0,0,41,110,0
2026-08-12T13:41:11Z,BE62DDE0EAA80693,18.4,queries/tpch/tpch-queries/q11/base.sql,measured,1,1,5,3,1.364,90.770,15,8,1048,131195,10620,1859080,28818,0,nation;supplier;ixtest_supplier_nationkey;partsupp,66121,0,0,0,41,110,0
2026-08-12T13:41:11Z,BE62DDE0EAA80693,18.4,queries/tpch/tpch-queries/q11/base.sql,measured,1,2,5,3,0.475,79.565,15,8,1048,131195,10620,1859080,28818,0,nation;supplier;ixtest_supplier_nationkey;partsupp,66118,0,0,0,41,110,0
2026-08-12T13:41:11Z,BE62DDE0EAA80693,18.4,queries/tpch/tpch-queries/q11/base.sql,measured,1,3,5,3,0.464,79.667,15,8,1048,131195,10620,1859080,28818,0,nation;supplier;ixtest_supplier_nationkey;partsupp,66118,0,0,0,41,110,0
2026-08-12T13:41:11Z,BE62DDE0EAA80693,18.4,queries/tpch/tpch-queries/q11/base.sql,measured,1,4,5,3,0.446,78.878,15,8,1048,131195,10620,1859080,28818,0,nation;supplier;ixtest_supplier_nationkey;partsupp,66118,0,0,0,41,110,0
2026-08-12T13:41:11Z,BE62DDE0EAA80693,18.4,queries/tpch/tpch-queries/q11/base.sql,measured,1,5,5,3,0.438,78.340,15,8,1048,131195,10620,1859080,28818,0,nation;supplier;ixtest_supplier_nationkey;partsupp,66118,0,0,0,41,110,0
2026-08-12T13:41:11Z,BE62DDE0EAA80693,18.4,queries/tpch/tpch-queries/q11/base.sql,measured,2,1,5,3,1.277,89.586,15,8,1048,131195,10620,1859080,28818,0,nation;supplier;ixtest_supplier_nationkey;partsupp,66121,0,0,0,41,110,0
2026-08-12T13:41:11Z,BE62DDE0EAA80693,18.4,queries/tpch/tpch-queries/q11/base.sql,measured,2,2,5,3,0.489,80.691,15,8,1048,131195,10620,1859080,28818,0,nation;supplier;ixtest_supplier_nationkey;partsupp,66118,0,0,0,41,110,0
2026-08-12T13:41:11Z,BE62DDE0EAA80693,18.4,queries/tpch/tpch-queries/q11/base.sql,measured,2,3,5,3,0.461,81.570,15,8,1048,131195,10620,1859080,28818,0,nation;supplier;ixtest_supplier_nationkey;partsupp,66118,0,0,0,41,110,0
2026-08-12T13:41:11Z,BE62DDE0EAA80693,18.4,queries/tpch/tpch-queries/q11/base.sql,measured,2,4,5,3,0.465,80.420,15,8,1048,131195,10620,1859080,28818,0,nation;supplier;ixtest_supplier_nationkey;partsupp,66118,0,0,0,41,110,0
2026-08-12T13:41:11Z,BE62DDE0EAA80693,18.4,queries/tpch/tpch-queries/q11/base.sql,measured,2,5,5,3,0.464,81.660,15,8,1048,131195,10620,1859080,28818,0,nation;supplier;ixtest_supplier_nationkey;partsupp,66118,0,0,0,41,110,0
2026-08-12T13:41:12Z,BE62DDE0EAA80693,18.4,queries/tpch/tpch-queries/q11/base.sql,measured,3,1,5,3,1.276,92.532,15,8,1048,131195,10620,1859080,28818,0,nation;supplier;ixtest_supplier_nationkey;partsupp,66121,0,0,0,41,110,0
2026-08-12T13:41:12Z,BE62DDE0EAA80693,18.4,queries/tpch/tpch-queries/q11/base.sql,measured,3,2,5,3,0.500,84.755,15,8,1048,131195,10620,1859080,28818,0,nation;supplier;ixtest_supplier_nationkey;partsupp,66118,0,0,0,41,110,0
2026-08-12T13:41:12Z,BE62DDE0EAA80693,18.4,queries/tpch/tpch-queries/q11/base.sql,measured,3,3,5,3,0.486,84.092,15,8,1048,131195,10620,1859080,28818,0,nation;supplier;ixtest_supplier_nationkey;partsupp,66118,0,0,0,41,110,0
2026-08-12T13:41:12Z,BE62DDE0EAA80693,18.4,queries/tpch/tpch-queries/q11/base.sql,measured,3,4,5,3,0.463,83.965,15,8,1048,131195,10620,1859080,28818,0,nation;supplier;ixtest_supplier_nationkey;partsupp,66118,0,0,0,41,110,0
2026-08-12T13:41:12Z,BE62DDE0EAA80693,18.4,queries/tpch/tpch-queries/q11/base.sql,measured,3,5,5,3,0.487,84.263,15,8,1048,131195,10620,1859080,28818,0,nation;supplier;ixtest_supplier_nationkey;partsupp,66118,0,0,0,41,110,0
2026-08-12T13:41:12Z,BE62DDE0EAA80693,18.4,queries/tpch/tpch-queries/q11/v1_materialized.sql,warmup,1,1,1,3,1.304,90.187,16,9,1048,132243,10620,1896808,28818,0,nation;supplier;ixtest_supplier_nationkey;partsupp;_m,66121,0,0,0,41,110,0
2026-08-12T13:41:12Z,BE62DDE0EAA80693,18.4,queries/tpch/tpch-queries/q11/v1_materialized.sql,warmup,2,1,1,3,1.295,88.901,16,9,1048,132243,10620,1896808,28818,0,nation;supplier;ixtest_supplier_nationkey;partsupp;_m,66121,0,0,0,41,110,0
2026-08-12T13:41:13Z,BE62DDE0EAA80693,18.4,queries/tpch/tpch-queries/q11/v1_materialized.sql,measured,1,1,5,3,1.481,93.977,16,9,1048,132243,10620,1896808,28818,0,nation;supplier;ixtest_supplier_nationkey;partsupp;_m,66121,0,0,0,41,110,0
2026-08-12T13:41:13Z,BE62DDE0EAA80693,18.4,queries/tpch/tpch-queries/q11/v1_materialized.sql,measured,1,2,5,3,0.508,83.711,16,9,1048,132243,10620,1896808,28818,0,nation;supplier;ixtest_supplier_nationkey;partsupp;_m,66118,0,0,0,41,110,0
2026-08-12T13:41:13Z,BE62DDE0EAA80693,18.4,queries/tpch/tpch-queries/q11/v1_materialized.sql,measured,1,3,5,3,0.493,86.556,16,9,1048,132243,10620,1896808,28818,0,nation;supplier;ixtest_supplier_nationkey;partsupp;_m,66118,0,0,0,41,110,0
2026-08-12T13:41:13Z,BE62DDE0EAA80693,18.4,queries/tpch/tpch-queries/q11/v1_materialized.sql,measured,1,4,5,3,0.543,84.431,16,9,1048,132243,10620,1896808,28818,0,nation;supplier;ixtest_supplier_nationkey;partsupp;_m,66118,0,0,0,41,110,0
2026-08-12T13:41:13Z,BE62DDE0EAA80693,18.4,queries/tpch/tpch-queries/q11/v1_materialized.sql,measured,1,5,5,3,0.496,83.987,16,9,1048,132243,10620,1896808,28818,0,nation;supplier;ixtest_supplier_nationkey;partsupp;_m,66118,0,0,0,41,110,0
2026-08-12T13:41:13Z,BE62DDE0EAA80693,18.4,queries/tpch/tpch-queries/q11/v1_materialized.sql,measured,2,1,5,3,1.315,93.278,16,9,1048,132243,10620,1896808,28818,0,nation;supplier;ixtest_supplier_nationkey;partsupp;_m,66121,0,0,0,41,110,0
2026-08-12T13:41:13Z,BE62DDE0EAA80693,18.4,queries/tpch/tpch-queries/q11/v1_materialized.sql,measured,2,2,5,3,0.498,82.494,16,9,1048,132243,10620,1896808,28818,0,nation;supplier;ixtest_supplier_nationkey;partsupp;_m,66118,0,0,0,41,110,0
2026-08-12T13:41:13Z,BE62DDE0EAA80693,18.4,queries/tpch/tpch-queries/q11/v1_materialized.sql,measured,2,3,5,3,0.475,84.807,16,9,1048,132243,10620,1896808,28818,0,nation;supplier;ixtest_supplier_nationkey;partsupp;_m,66118,0,0,0,41,110,0
2026-08-12T13:41:13Z,BE62DDE0EAA80693,18.4,queries/tpch/tpch-queries/q11/v1_materialized.sql,measured,2,4,5,3,0.472,84.294,16,9,1048,132243,10620,1896808,28818,0,nation;supplier;ixtest_supplier_nationkey;partsupp;_m,66118,0,0,0,41,110,0
2026-08-12T13:41:13Z,BE62DDE0EAA80693,18.4,queries/tpch/tpch-queries/q11/v1_materialized.sql,measured,2,5,5,3,0.495,82.053,16,9,1048,132243,10620,1896808,28818,0,nation;supplier;ixtest_supplier_nationkey;partsupp;_m,66118,0,0,0,41,110,0
2026-08-12T13:41:14Z,BE62DDE0EAA80693,18.4,queries/tpch/tpch-queries/q11/v1_materialized.sql,measured,3,1,5,3,1.307,94.365,16,9,1048,132243,10620,1896808,28818,0,nation;supplier;ixtest_supplier_nationkey;partsupp;_m,66121,0,0,0,41,110,0
2026-08-12T13:41:14Z,BE62DDE0EAA80693,18.4,queries/tpch/tpch-queries/q11/v1_materialized.sql,measured,3,2,5,3,0.498,86.369,16,9,1048,132243,10620,1896808,28818,0,nation;supplier;ixtest_supplier_nationkey;partsupp;_m,66118,0,0,0,41,110,0
2026-08-12T13:41:14Z,BE62DDE0EAA80693,18.4,queries/tpch/tpch-queries/q11/v1_materialized.sql,measured,3,3,5,3,0.530,87.833,16,9,1048,132243,10620,1896808,28818,0,nation;supplier;ixtest_supplier_nationkey;partsupp;_m,66118,0,0,0,41,110,0
2026-08-12T13:41:14Z,BE62DDE0EAA80693,18.4,queries/tpch/tpch-queries/q11/v1_materialized.sql,measured,3,4,5,3,0.515,87.421,16,9,1048,132243,10620,1896808,28818,0,nation;supplier;ixtest_supplier_nationkey;partsupp;_m,66118,0,0,0,41,110,0
2026-08-12T13:41:14Z,BE62DDE0EAA80693,18.4,queries/tpch/tpch-queries/q11/v1_materialized.sql,measured,3,5,5,3,0.511,85.858,16,9,1048,132243,10620,1896808,28818,0,nation;supplier;ixtest_supplier_nationkey;partsupp;_m,66118,0,0,0,41,110,0
2026-08-12T13:41:14Z,BE62DDE0EAA80693,18.4,queries/tpch/tpch-queries/q11/v2_cte_threshold.sql,warmup,1,1,1,3,1.312,90.732,15,8,1048,131195,10620,1859080,28818,0,nation;supplier;ixtest_supplier_nationkey;partsupp,66121,0,0,0,41,110,0
2026-08-12T13:41:14Z,BE62DDE0EAA80693,18.4,queries/tpch/tpch-queries/q11/v2_cte_threshold.sql,warmup,2,1,1,3,1.304,90.920,15,8,1048,131195,10620,1859080,28818,0,nation;supplier;ixtest_supplier_nationkey;partsupp,66121,0,0,0,41,110,0
2026-08-12T13:41:15Z,BE62DDE0EAA80693,18.4,queries/tpch/tpch-queries/q11/v2_cte_threshold.sql,measured,1,1,5,3,1.321,90.756,15,8,1048,131195,10620,1859080,28818,0,nation;supplier;ixtest_supplier_nationkey;partsupp,66121,0,0,0,41,110,0
2026-08-12T13:41:15Z,BE62DDE0EAA80693,18.4,queries/tpch/tpch-queries/q11/v2_cte_threshold.sql,measured,1,2,5,3,0.543,84.059,15,8,1048,131195,10620,1859080,28818,0,nation;supplier;ixtest_supplier_nationkey;partsupp,66118,0,0,0,41,110,0
2026-08-12T13:41:15Z,BE62DDE0EAA80693,18.4,queries/tpch/tpch-queries/q11/v2_cte_threshold.sql,measured,1,3,5,3,0.500,83.604,15,8,1048,131195,10620,1859080,28818,0,nation;supplier;ixtest_supplier_nationkey;partsupp,66118,0,0,0,41,110,0
2026-08-12T13:41:15Z,BE62DDE0EAA80693,18.4,queries/tpch/tpch-queries/q11/v2_cte_threshold.sql,measured,1,4,5,3,0.515,86.070,15,8,1048,131195,10620,1859080,28818,0,nation;supplier;ixtest_supplier_nationkey;partsupp,66118,0,0,0,41,110,0
2026-08-12T13:41:15Z,BE62DDE0EAA80693,18.4,queries/tpch/tpch-queries/q11/v2_cte_threshold.sql,measured,1,5,5,3,0.514,87.434,15,8,1048,131195,10620,1859080,28818,0,nation;supplier;ixtest_supplier_nationkey;partsupp,66118,0,0,0,41,110,0
2026-08-12T13:41:15Z,BE62DDE0EAA80693,18.4,queries/tpch/tpch-queries/q11/v2_cte_threshold.sql,measured,2,1,5,3,1.308,93.387,15,8,1048,131195,10620,1859080,28818,0,nation;supplier;ixtest_supplier_nationkey;partsupp,66121,0,0,0,41,110,0
2026-08-12T13:41:15Z,BE62DDE0EAA80693,18.4,queries/tpch/tpch-queries/q11/v2_cte_threshold.sql,measured,2,2,5,3,0.502,86.231,15,8,1048,131195,10620,1859080,28818,0,nation;supplier;ixtest_supplier_nationkey;partsupp,66118,0,0,0,41,110,0
2026-08-12T13:41:15Z,BE62DDE0EAA80693,18.4,queries/tpch/tpch-queries/q11/v2_cte_threshold.sql,measured,2,3,5,3,0.508,88.254,15,8,1048,131195,10620,1859080,28818,0,nation;supplier;ixtest_supplier_nationkey;partsupp,66118,0,0,0,41,110,0
2026-08-12T13:41:15Z,BE62DDE0EAA80693,18.4,queries/tpch/tpch-queries/q11/v2_cte_threshold.sql,measured,2,4,5,3,0.508,88.603,15,8,1048,131195,10620,1859080,28818,0,nation;supplier;ixtest_supplier_nationkey;partsupp,66118,0,0,0,41,110,0
2026-08-12T13:41:15Z,BE62DDE0EAA80693,18.4,queries/tpch/tpch-queries/q11/v2_cte_threshold.sql,measured,2,5,5,3,0.520,86.845,15,8,1048,131195,10620,1859080,28818,0,nation;supplier;ixtest_supplier_nationkey;partsupp,66118,0,0,0,41,110,0
2026-08-12T13:41:16Z,BE62DDE0EAA80693,18.4,queries/tpch/tpch-queries/q11/v2_cte_threshold.sql,measured,3,1,5,3,1.290,92.948,15,8,1048,131195,10620,1859080,28818,0,nation;supplier;ixtest_supplier_nationkey;partsupp,66121,0,0,0,41,110,0
2026-08-12T13:41:16Z,BE62DDE0EAA80693,18.4,queries/tpch/tpch-queries/q11/v2_cte_threshold.sql,measured,3,2,5,3,0.575,86.832,15,8,1048,131195,10620,1859080,28818,0,nation;supplier;ixtest_supplier_nationkey;partsupp,66118,0,0,0,41,110,0
2026-08-12T13:41:16Z,BE62DDE0EAA80693,18.4,queries/tpch/tpch-queries/q11/v2_cte_threshold.sql,measured,3,3,5,3,0.501,81.402,15,8,1048,131195,10620,1859080,28818,0,nation;supplier;ixtest_supplier_nationkey;partsupp,66118,0,0,0,41,110,0
2026-08-12T13:41:16Z,BE62DDE0EAA80693,18.4,queries/tpch/tpch-queries/q11/v2_cte_threshold.sql,measured,3,4,5,3,0.511,80.590,15,8,1048,131195,10620,1859080,28818,0,nation;supplier;ixtest_supplier_nationkey;partsupp,66118,0,0,0,41,110,0
2026-08-12T13:41:16Z,BE62DDE0EAA80693,18.4,queries/tpch/tpch-queries/q11/v2_cte_threshold.sql,measured,3,5,5,3,0.478,80.459,15,8,1048,131195,10620,1859080,28818,0,nation;supplier;ixtest_supplier_nationkey;partsupp,66118,0,0,0,41,110,0
2026-08-12T13:41:16Z,BE62DDE0EAA80693,18.4,queries/tpch/tpch-queries/q12/base.sql,warmup,1,1,1,3,1.322,479.102,9,3,2,2533806,7,32603286,292952,2,orders;lineitem;ixtest_lineitem_receiptdate,131054,789,0,0,0,0,0
2026-08-12T13:41:17Z,BE62DDE0EAA80693,18.4,queries/tpch/tpch-queries/q12/base.sql,warmup,2,1,1,3,1.324,472.844,9,3,2,2533806,7,32603286,292952,2,orders;lineitem;ixtest_lineitem_receiptdate,131843,0,0,0,0,0,0
2026-08-12T13:41:19Z,BE62DDE0EAA80693,18.4,queries/tpch/tpch-queries/q12/base.sql,measured,1,1,5,3,1.395,471.164,9,3,2,2533806,7,32603286,292952,2,orders;lineitem;ixtest_lineitem_receiptdate,131843,0,0,0,0,0,0
2026-08-12T13:41:19Z,BE62DDE0EAA80693,18.4,queries/tpch/tpch-queries/q12/base.sql,measured,1,2,5,3,0.268,434.835,9,3,2,2533806,7,32603286,292952,2,orders;lineitem;ixtest_lineitem_receiptdate,131843,0,0,0,0,0,0
2026-08-12T13:41:19Z,BE62DDE0EAA80693,18.4,queries/tpch/tpch-queries/q12/base.sql,measured,1,3,5,3,0.263,437.717,9,3,2,2533806,7,32603286,292952,2,orders;lineitem;ixtest_lineitem_receiptdate,131843,0,0,0,0,0,0
2026-08-12T13:41:19Z,BE62DDE0EAA80693,18.4,queries/tpch/tpch-queries/q12/base.sql,measured,1,4,5,3,0.276,437.374,9,3,2,2533806,7,32603286,292952,2,orders;lineitem;ixtest_lineitem_receiptdate,131843,0,0,0,0,0,0
2026-08-12T13:41:19Z,BE62DDE0EAA80693,18.4,queries/tpch/tpch-queries/q12/base.sql,measured,1,5,5,3,0.272,434.932,9,3,2,2533806,7,32603286,292952,2,orders;lineitem;ixtest_lineitem_receiptdate,131843,0,0,0,0,0,0
2026-08-12T13:41:21Z,BE62DDE0EAA80693,18.4,queries/tpch/tpch-queries/q12/base.sql,measured,2,1,5,3,1.591,472.056,9,3,2,2533806,7,32603286,292952,2,orders;lineitem;ixtest_lineitem_receiptdate,131843,0,0,0,0,0,0
2026-08-12T13:41:21Z,BE62DDE0EAA80693,18.4,queries/tpch/tpch-queries/q12/base.sql,measured,2,2,5,3,0.273,435.928,9,3,2,2533806,7,32603286,292952,2,orders;lineitem;ixtest_lineitem_receiptdate,131843,0,0,0,0,0,0
2026-08-12T13:41:21Z,BE62DDE0EAA80693,18.4,queries/tpch/tpch-queries/q12/base.sql,measured,2,3,5,3,0.276,445.548,9,3,2,2533806,7,32603286,292952,2,orders;lineitem;ixtest_lineitem_receiptdate,131843,0,0,0,0,0,0
2026-08-12T13:41:21Z,BE62DDE0EAA80693,18.4,queries/tpch/tpch-queries/q12/base.sql,measured,2,4,5,3,0.269,436.441,9,3,2,2533806,7,32603286,292952,2,orders;lineitem;ixtest_lineitem_receiptdate,131843,0,0,0,0,0,0
2026-08-12T13:41:21Z,BE62DDE0EAA80693,18.4,queries/tpch/tpch-queries/q12/base.sql,measured,2,5,5,3,0.283,435.031,9,3,2,2533806,7,32603286,292952,2,orders;lineitem;ixtest_lineitem_receiptdate,131843,0,0,0,0,0,0
2026-08-12T13:41:24Z,BE62DDE0EAA80693,18.4,queries/tpch/tpch-queries/q12/base.sql,measured,3,1,5,3,1.358,475.288,9,3,2,2533806,7,32603286,292952,2,orders;lineitem;ixtest_lineitem_receiptdate,131843,0,0,0,0,0,0
2026-08-12T13:41:24Z,BE62DDE0EAA80693,18.4,queries/tpch/tpch-queries/q12/base.sql,measured,3,2,5,3,0.260,438.321,9,3,2,2533806,7,32603286,292952,2,orders;lineitem;ixtest_lineitem_receiptdate,131843,0,0,0,0,0,0
2026-08-12T13:41:24Z,BE62DDE0EAA80693,18.4,queries/tpch/tpch-queries/q12/base.sql,measured,3,3,5,3,0.263,440.683,9,3,2,2533806,7,32603286,292952,2,orders;lineitem;ixtest_lineitem_receiptdate,131843,0,0,0,0,0,0
2026-08-12T13:41:24Z,BE62DDE0EAA80693,18.4,queries/tpch/tpch-queries/q12/base.sql,measured,3,4,5,3,0.257,438.909,9,3,2,2533806,7,32603286,292952,2,orders;lineitem;ixtest_lineitem_receiptdate,131843,0,0,0,0,0,0
2026-08-12T13:41:24Z,BE62DDE0EAA80693,18.4,queries/tpch/tpch-queries/q12/base.sql,measured,3,5,5,3,0.276,435.079,9,3,2,2533806,7,32603286,292952,2,orders;lineitem;ixtest_lineitem_receiptdate,131843,0,0,0,0,0,0
2026-08-12T13:41:24Z,BE62DDE0EAA80693,18.4,queries/tpch/tpch-queries/q12/v1_materialized.sql,warmup,1,1,1,3,1.436,474.154,10,4,2,2533808,7,32603406,292952,2,_m;orders;lineitem;ixtest_lineitem_receiptdate,131843,0,0,0,0,0,0
2026-08-12T13:41:25Z,BE62DDE0EAA80693,18.4,queries/tpch/tpch-queries/q12/v1_materialized.sql,warmup,2,1,1,3,1.365,470.255,10,4,2,2533808,7,32603406,292952,2,_m;orders;lineitem;ixtest_lineitem_receiptdate,131843,0,0,0,0,0,0
2026-08-12T13:41:27Z,BE62DDE0EAA80693,18.4,queries/tpch/tpch-queries/q12/v1_materialized.sql,measured,1,1,5,3,1.350,473.723,10,4,2,2533808,7,32603406,292952,2,_m;orders;lineitem;ixtest_lineitem_receiptdate,131843,0,0,0,0,0,0
2026-08-12T13:41:27Z,BE62DDE0EAA80693,18.4,queries/tpch/tpch-queries/q12/v1_materialized.sql,measured,1,2,5,3,0.272,439.041,10,4,2,2533808,7,32603406,292952,2,_m;orders;lineitem;ixtest_lineitem_receiptdate,131843,0,0,0,0,0,0
2026-08-12T13:41:27Z,BE62DDE0EAA80693,18.4,queries/tpch/tpch-queries/q12/v1_materialized.sql,measured,1,3,5,3,0.295,436.025,10,4,2,2533808,7,32603406,292952,2,_m;orders;lineitem;ixtest_lineitem_receiptdate,131843,0,0,0,0,0,0
2026-08-12T13:41:27Z,BE62DDE0EAA80693,18.4,queries/tpch/tpch-queries/q12/v1_materialized.sql,measured,1,4,5,3,0.292,436.261,10,4,2,2533808,7,32603406,292952,2,_m;orders;lineitem;ixtest_lineitem_receiptdate,131843,0,0,0,0,0,0
2026-08-12T13:41:27Z,BE62DDE0EAA80693,18.4,queries/tpch/tpch-queries/q12/v1_materialized.sql,measured,1,5,5,3,0.298,435.540,10,4,2,2533808,7,32603406,292952,2,_m;orders;lineitem;ixtest_lineitem_receiptdate,131843,0,0,0,0,0,0
2026-08-12T13:41:29Z,BE62DDE0EAA80693,18.4,queries/tpch/tpch-queries/q12/v1_materialized.sql,measured,2,1,5,3,1.387,471.469,10,4,2,2533808,7,32603406,292952,2,_m;orders;lineitem;ixtest_lineitem_receiptdate,131843,0,0,0,0,0,0
2026-08-12T13:41:29Z,BE62DDE0EAA80693,18.4,queries/tpch/tpch-queries/q12/v1_materialized.sql,measured,2,2,5,3,0.273,436.414,10,4,2,2533808,7,32603406,292952,2,_m;orders;lineitem;ixtest_lineitem_receiptdate,131843,0,0,0,0,0,0
2026-08-12T13:41:29Z,BE62DDE0EAA80693,18.4,queries/tpch/tpch-queries/q12/v1_materialized.sql,measured,2,3,5,3,0.286,437.893,10,4,2,2533808,7,32603406,292952,2,_m;orders;lineitem;ixtest_lineitem_receiptdate,131843,0,0,0,0,0,0
2026-08-12T13:41:29Z,BE62DDE0EAA80693,18.4,queries/tpch/tpch-queries/q12/v1_materialized.sql,measured,2,4,5,3,0.279,436.869,10,4,2,2533808,7,32603406,292952,2,_m;orders;lineitem;ixtest_lineitem_receiptdate,131843,0,0,0,0,0,0
2026-08-12T13:41:29Z,BE62DDE0EAA80693,18.4,queries/tpch/tpch-queries/q12/v1_materialized.sql,measured,2,5,5,3,0.298,436.622,10,4,2,2533808,7,32603406,292952,2,_m;orders;lineitem;ixtest_lineitem_receiptdate,131843,0,0,0,0,0,0
2026-08-12T13:41:32Z,BE62DDE0EAA80693,18.4,queries/tpch/tpch-queries/q12/v1_materialized.sql,measured,3,1,5,3,1.359,470.563,10,4,2,2533808,7,32603406,292952,2,_m;orders;lineitem;ixtest_lineitem_receiptdate,131843,0,0,0,0,0,0
2026-08-12T13:41:32Z,BE62DDE0EAA80693,18.4,queries/tpch/tpch-queries/q12/v1_materialized.sql,measured,3,2,5,3,0.268,441.320,10,4,2,2533808,7,32603406,292952,2,_m;orders;lineitem;ixtest_lineitem_receiptdate,131843,0,0,0,0,0,0
2026-08-12T13:41:32Z,BE62DDE0EAA80693,18.4,queries/tpch/tpch-queries/q12/v1_materialized.sql,measured,3,3,5,3,0.276,438.068,10,4,2,2533808,7,32603406,292952,2,_m;orders;lineitem;ixtest_lineitem_receiptdate,131843,0,0,0,0,0,0
2026-08-12T13:41:32Z,BE62DDE0EAA80693,18.4,queries/tpch/tpch-queries/q12/v1_materialized.sql,measured,3,4,5,3,0.278,435.640,10,4,2,2533808,7,32603406,292952,2,_m;orders;lineitem;ixtest_lineitem_receiptdate,131843,0,0,0,0,0,0
2026-08-12T13:41:32Z,BE62DDE0EAA80693,18.4,queries/tpch/tpch-queries/q12/v1_materialized.sql,measured,3,5,5,3,0.287,437.439,10,4,2,2533808,7,32603406,292952,2,_m;orders;lineitem;ixtest_lineitem_receiptdate,131843,0,0,0,0,0,0
2026-08-12T13:41:32Z,BE62DDE0EAA80693,18.4,queries/tpch/tpch-queries/q12/v2_filter.sql,warmup,1,1,1,3,1.352,471.143,9,3,2,2533806,7,32603286,292952,2,orders;lineitem;ixtest_lineitem_receiptdate,131843,0,0,0,0,0,0
2026-08-12T13:41:33Z,BE62DDE0EAA80693,18.4,queries/tpch/tpch-queries/q12/v2_filter.sql,warmup,2,1,1,3,1.446,472.578,9,3,2,2533806,7,32603286,292952,2,orders;lineitem;ixtest_lineitem_receiptdate,131843,0,0,0,0,0,0
2026-08-12T13:41:35Z,BE62DDE0EAA80693,18.4,queries/tpch/tpch-queries/q12/v2_filter.sql,measured,1,1,5,3,1.324,470.934,9,3,2,2533806,7,32603286,292952,2,orders;lineitem;ixtest_lineitem_receiptdate,131843,0,0,0,0,0,0
2026-08-12T13:41:35Z,BE62DDE0EAA80693,18.4,queries/tpch/tpch-queries/q12/v2_filter.sql,measured,1,2,5,3,0.247,439.568,9,3,2,2533806,7,32603286,292952,2,orders;lineitem;ixtest_lineitem_receiptdate,131843,0,0,0,0,0,0
2026-08-12T13:41:35Z,BE62DDE0EAA80693,18.4,queries/tpch/tpch-queries/q12/v2_filter.sql,measured,1,3,5,3,0.271,437.823,9,3,2,2533806,7,32603286,292952,2,orders;lineitem;ixtest_lineitem_receiptdate,131843,0,0,0,0,0,0
2026-08-12T13:41:35Z,BE62DDE0EAA80693,18.4,queries/tpch/tpch-queries/q12/v2_filter.sql,measured,1,4,5,3,0.263,440.573,9,3,2,2533806,7,32603286,292952,2,orders;lineitem;ixtest_lineitem_receiptdate,131843,0,0,0,0,0,0
2026-08-12T13:41:35Z,BE62DDE0EAA80693,18.4,queries/tpch/tpch-queries/q12/v2_filter.sql,measured,1,5,5,3,0.273,440.768,9,3,2,2533806,7,32603286,292952,2,orders;lineitem;ixtest_lineitem_receiptdate,131843,0,0,0,0,0,0
2026-08-12T13:41:38Z,BE62DDE0EAA80693,18.4,queries/tpch/tpch-queries/q12/v2_filter.sql,measured,2,1,5,3,1.331,473.910,9,3,2,2533806,7,32603286,292952,2,orders;lineitem;ixtest_lineitem_receiptdate,131843,0,0,0,0,0,0
2026-08-12T13:41:38Z,BE62DDE0EAA80693,18.4,queries/tpch/tpch-queries/q12/v2_filter.sql,measured,2,2,5,3,0.268,441.406,9,3,2,2533806,7,32603286,292952,2,orders;lineitem;ixtest_lineitem_receiptdate,131843,0,0,0,0,0,0
2026-08-12T13:41:38Z,BE62DDE0EAA80693,18.4,queries/tpch/tpch-queries/q12/v2_filter.sql,measured,2,3,5,3,0.267,443.333,9,3,2,2533806,7,32603286,292952,2,orders;lineitem;ixtest_lineitem_receiptdate,131843,0,0,0,0,0,0
2026-08-12T13:41:38Z,BE62DDE0EAA80693,18.4,queries/tpch/tpch-queries/q12/v2_filter.sql,measured,2,4,5,3,0.288,440.421,9,3,2,2533806,7,32603286,292952,2,orders;lineitem;ixtest_lineitem_receiptdate,131843,0,0,0,0,0,0
2026-08-12T13:41:38Z,BE62DDE0EAA80693,18.4,queries/tpch/tpch-queries/q12/v2_filter.sql,measured,2,5,5,3,0.263,446.375,9,3,2,2533806,7,32603286,292952,2,orders;lineitem;ixtest_lineitem_receiptdate,131843,0,0,0,0,0,0
2026-08-12T13:41:40Z,BE62DDE0EAA80693,18.4,queries/tpch/tpch-queries/q12/v2_filter.sql,measured,3,1,5,3,1.345,476.201,9,3,2,2533806,7,32603286,292952,2,orders;lineitem;ixtest_lineitem_receiptdate,131843,0,0,0,0,0,0
2026-08-12T13:41:40Z,BE62DDE0EAA80693,18.4,queries/tpch/tpch-queries/q12/v2_filter.sql,measured,3,2,5,3,0.255,445.993,9,3,2,2533806,7,32603286,292952,2,orders;lineitem;ixtest_lineitem_receiptdate,131843,0,0,0,0,0,0
2026-08-12T13:41:40Z,BE62DDE0EAA80693,18.4,queries/tpch/tpch-queries/q12/v2_filter.sql,measured,3,3,5,3,0.265,447.328,9,3,2,2533806,7,32603286,292952,2,orders;lineitem;ixtest_lineitem_receiptdate,131843,0,0,0,0,0,0
2026-08-12T13:41:40Z,BE62DDE0EAA80693,18.4,queries/tpch/tpch-queries/q12/v2_filter.sql,measured,3,4,5,3,0.263,442.553,9,3,2,2533806,7,32603286,292952,2,orders;lineitem;ixtest_lineitem_receiptdate,131843,0,0,0,0,0,0
2026-08-12T13:41:40Z,BE62DDE0EAA80693,18.4,queries/tpch/tpch-queries/q12/v2_filter.sql,measured,3,5,5,3,0.264,444.157,9,3,2,2533806,7,32603286,292952,2,orders;lineitem;ixtest_lineitem_receiptdate,131843,0,0,0,0,0,0
2026-08-12T13:41:41Z,BE62DDE0EAA80693,18.4,queries/tpch/tpch-queries/q13/base.sql,warmup,1,1,1,3,1.291,794.530,10,2,42,4500484,200,39534792,5361,2,orders;customer,26568,0,0,0,1241,1406,0
2026-08-12T13:41:42Z,BE62DDE0EAA80693,18.4,queries/tpch/tpch-queries/q13/base.sql,warmup,2,1,1,3,1.306,800.820,10,2,42,4500591,200,39536076,5361,2,orders;customer,26568,0,0,0,1228,1395,0
2026-08-12T13:41:46Z,BE62DDE0EAA80693,18.4,queries/tpch/tpch-queries/q13/base.sql,measured,1,1,5,3,1.198,799.102,10,2,42,4500601,200,39536196,5361,2,orders;customer,26568,0,0,0,1247,1414,0
2026-08-12T13:41:46Z,BE62DDE0EAA80693,18.4,queries/tpch/tpch-queries/q13/base.sql,measured,1,2,5,3,0.246,783.397,10,2,42,4500573,200,39535860,5361,2,orders;customer,26565,0,0,0,1235,1402,0
2026-08-12T13:41:46Z,BE62DDE0EAA80693,18.4,queries/tpch/tpch-queries/q13/base.sql,measured,1,3,5,3,0.273,774.539,10,2,42,4500600,200,39536184,5361,2,orders;customer,26565,0,0,0,1236,1402,0
2026-08-12T13:41:46Z,BE62DDE0EAA80693,18.4,queries/tpch/tpch-queries/q13/base.sql,measured,1,4,5,3,0.265,769.366,10,2,42,4500503,200,39535020,5361,2,orders;customer,26565,0,0,0,1242,1407,0
2026-08-12T13:41:46Z,BE62DDE0EAA80693,18.4,queries/tpch/tpch-queries/q13/base.sql,measured,1,5,5,3,0.261,770.536,10,2,42,4500699,200,39537372,5361,2,orders;customer,26565,0,0,0,1242,1407,0
2026-08-12T13:41:50Z,BE62DDE0EAA80693,18.4,queries/tpch/tpch-queries/q13/base.sql,measured,2,1,5,3,1.206,800.288,10,2,42,4500861,200,39539316,5361,2,orders;customer,26568,0,0,0,1232,1396,0
2026-08-12T13:41:50Z,BE62DDE0EAA80693,18.4,queries/tpch/tpch-queries/q13/base.sql,measured,2,2,5,3,0.244,779.366,10,2,42,4500699,200,39537372,5361,2,orders;customer,26565,0,0,0,1241,1406,0
2026-08-12T13:41:50Z,BE62DDE0EAA80693,18.4,queries/tpch/tpch-queries/q13/base.sql,measured,2,3,5,3,0.270,770.144,10,2,42,4500710,200,39537504,5361,2,orders;customer,26565,0,0,0,1242,1407,0
2026-08-12T13:41:50Z,BE62DDE0EAA80693,18.4,queries/tpch/tpch-queries/q13/base.sql,measured,2,4,5,3,0.291,769.139,10,2,42,4500791,200,39538476,5361,2,orders;customer,26565,0,0,0,1242,1407,0
2026-08-12T13:41:50Z,BE62DDE0EAA80693,18.4,queries/tpch/tpch-queries/q13/base.sql,measured,2,5,5,3,0.271,766.054,10,2,42,4500619,200,39536412,5361,2,orders;customer,26565,0,0,0,1247,1414,0
2026-08-12T13:41:54Z,BE62DDE0EAA80693,18.4,queries/tpch/tpch-queries/q13/base.sql,measured,3,1,5,3,1.221,799.535,10,2,42,4500610,200,39536304,5361,2,orders;customer,26568,0,0,0,1235,1402,0
2026-08-12T13:41:54Z,BE62DDE0EAA80693,18.4,queries/tpch/tpch-queries/q13/base.sql,measured,3,2,5,3,0.247,770.998,10,2,42,4500763,200,39538140,5361,2,orders;customer,26565,0,0,0,1227,1394,0
2026-08-12T13:41:54Z,BE62DDE0EAA80693,18.4,queries/tpch/tpch-queries/q13/base.sql,measured,3,3,5,3,0.272,767.745,10,2,42,4500726,200,39537696,5361,2,orders;customer,26565,0,0,0,1236,1403,0
2026-08-12T13:41:54Z,BE62DDE0EAA80693,18.4,queries/tpch/tpch-queries/q13/base.sql,measured,3,4,5,3,0.248,772.258,10,2,42,4500600,200,39536184,5361,2,orders;customer,26565,0,0,0,1220,1385,0
2026-08-12T13:41:54Z,BE62DDE0EAA80693,18.4,queries/tpch/tpch-queries/q13/base.sql,measured,3,5,5,3,0.264,766.411,10,2,42,4500647,200,39536748,5361,2,orders;customer,26565,0,0,0,1242,1407,0
2026-08-12T13:41:55Z,BE62DDE0EAA80693,18.4,queries/tpch/tpch-queries/q13/v1_materialized.sql,warmup,1,1,1,3,1.296,798.464,11,3,42,4500697,200,39537516,5361,2,orders;customer;_m,26568,0,0,0,1235,1402,0
2026-08-12T13:41:55Z,BE62DDE0EAA80693,18.4,queries/tpch/tpch-queries/q13/v1_materialized.sql,warmup,2,1,1,3,1.253,794.967,11,3,42,4500741,200,39538044,5361,2,orders;customer;_m,26568,0,0,0,1246,1413,0
2026-08-12T13:41:59Z,BE62DDE0EAA80693,18.4,queries/tpch/tpch-queries/q13/v1_materialized.sql,measured,1,1,5,3,1.487,796.177,11,3,42,4500688,200,39537408,5361,2,orders;customer;_m,26568,0,0,0,1241,1406,0
2026-08-12T13:41:59Z,BE62DDE0EAA80693,18.4,queries/tpch/tpch-queries/q13/v1_materialized.sql,measured,1,2,5,3,0.259,776.950,11,3,42,4500948,200,39540528,5361,2,orders;customer;_m,26565,0,0,0,1227,1394,0
2026-08-12T13:41:59Z,BE62DDE0EAA80693,18.4,queries/tpch/tpch-queries/q13/v1_materialized.sql,measured,1,3,5,3,0.275,772.077,11,3,42,4500741,200,39538044,5361,2,orders;customer;_m,26565,0,0,0,1227,1394,0
2026-08-12T13:41:59Z,BE62DDE0EAA80693,18.4,queries/tpch/tpch-queries/q13/v1_materialized.sql,measured,1,4,5,3,0.261,771.718,11,3,42,4500687,200,39537396,5361,2,orders;customer;_m,26565,0,0,0,1241,1406,0
2026-08-12T13:41:59Z,BE62DDE0EAA80693,18.4,queries/tpch/tpch-queries/q13/v1_materialized.sql,measured,1,5,5,3,0.259,769.790,11,3,42,4500454,200,39534600,5361,2,orders;customer;_m,26565,0,0,0,1235,1402,0
2026-08-12T13:42:03Z,BE62DDE0EAA80693,18.4,queries/tpch/tpch-queries/q13/v1_materialized.sql,measured,2,1,5,3,1.259,788.381,11,3,42,4500769,200,39538380,5361,2,orders;customer;_m,26568,0,0,0,1246,1413,0
2026-08-12T13:42:03Z,BE62DDE0EAA80693,18.4,queries/tpch/tpch-queries/q13/v1_materialized.sql,measured,2,2,5,3,0.272,772.958,11,3,42,4500680,200,39537312,5361,2,orders;customer;_m,26565,0,0,0,1227,1394,0
2026-08-12T13:42:03Z,BE62DDE0EAA80693,18.4,queries/tpch/tpch-queries/q13/v1_materialized.sql,measured,2,3,5,3,0.258,770.845,11,3,42,4501157,200,39543036,5361,2,orders;customer;_m,26565,0,0,0,1242,1407,0
2026-08-12T13:42:03Z,BE62DDE0EAA80693,18.4,queries/tpch/tpch-queries/q13/v1_materialized.sql,measured,2,4,5,3,0.275,771.860,11,3,42,4500930,200,39540312,5361,2,orders;customer;_m,26565,0,0,0,1235,1401,0
2026-08-12T13:42:03Z,BE62DDE0EAA80693,18.4,queries/tpch/tpch-queries/q13/v1_materialized.sql,measured,2,5,5,3,0.261,766.301,11,3,42,4500409,200,39534060,5361,2,orders;customer;_m,26565,0,0,0,1232,1397,0
2026-08-12T13:42:07Z,BE62DDE0EAA80693,18.4,queries/tpch/tpch-queries/q13/v1_materialized.sql,measured,3,1,5,3,1.311,793.774,11,3,42,4500544,200,39535680,5361,2,orders;customer;_m,26568,0,0,0,1223,1390,0
2026-08-12T13:42:07Z,BE62DDE0EAA80693,18.4,queries/tpch/tpch-queries/q13/v1_materialized.sql,measured,3,2,5,3,0.255,779.677,11,3,42,4500742,200,39538056,5361,2,orders;customer;_m,26565,0,0,0,1227,1394,0
2026-08-12T13:42:07Z,BE62DDE0EAA80693,18.4,queries/tpch/tpch-queries/q13/v1_materialized.sql,measured,3,3,5,3,0.282,771.370,11,3,42,4500725,200,39537852,5361,2,orders;customer;_m,26565,0,0,0,1236,1403,0
2026-08-12T13:42:07Z,BE62DDE0EAA80693,18.4,queries/tpch/tpch-queries/q13/v1_materialized.sql,measured,3,4,5,3,0.267,765.560,11,3,42,4500535,200,39535572,5361,2,orders;customer;_m,26565,0,0,0,1220,1386,0
2026-08-12T13:42:07Z,BE62DDE0EAA80693,18.4,queries/tpch/tpch-queries/q13/v1_materialized.sql,measured,3,5,5,3,0.258,765.546,11,3,42,4500642,200,39536856,5361,2,orders;customer;_m,26565,0,0,0,1236,1403,0
2026-08-12T13:42:10Z,BE62DDE0EAA80693,18.4,queries/tpch/tpch-queries/q13/v2_correlated.sql,warmup,1,1,1,3,1.028,2190.825,7,3,42,3300084,150000,3601344,0,0,customer;orders;idx_orders_cust,1949947,0,0,0,0,0,0
2026-08-12T13:42:12Z,BE62DDE0EAA80693,18.4,queries/tpch/tpch-queries/q13/v2_correlated.sql,warmup,2,1,1,3,1.013,2193.817,7,3,42,3300084,150000,3601344,0,0,customer;orders;idx_orders_cust,1949947,0,0,0,0,0,0
2026-08-12T13:42:22Z,BE62DDE0EAA80693,18.4,queries/tpch/tpch-queries/q13/v2_correlated.sql,measured,1,1,5,3,0.976,2190.394,7,3,42,3300084,150000,3601344,0,0,customer;orders;idx_orders_cust,1949947,0,0,0,0,0,0
2026-08-12T13:42:22Z,BE62DDE0EAA80693,18.4,queries/tpch/tpch-queries/q13/v2_correlated.sql,measured,1,2,5,3,0.151,2067.674,7,3,42,3300084,150000,3601344,0,0,customer;orders;idx_orders_cust,1949944,0,0,0,0,0,0
2026-08-12T13:42:22Z,BE62DDE0EAA80693,18.4,queries/tpch/tpch-queries/q13/v2_correlated.sql,measured,1,3,5,3,0.162,2045.023,7,3,42,3300084,150000,3601344,0,0,customer;orders;idx_orders_cust,1949944,0,0,0,0,0,0
2026-08-12T13:42:22Z,BE62DDE0EAA80693,18.4,queries/tpch/tpch-queries/q13/v2_correlated.sql,measured,1,4,5,3,0.162,2057.743,7,3,42,3300084,150000,3601344,0,0,customer;orders;idx_orders_cust,1949944,0,0,0,0,0,0
2026-08-12T13:42:22Z,BE62DDE0EAA80693,18.4,queries/tpch/tpch-queries/q13/v2_correlated.sql,measured,1,5,5,3,0.149,2029.778,7,3,42,3300084,150000,3601344,0,0,customer;orders;idx_orders_cust,1949944,0,0,0,0,0,0
2026-08-12T13:42:33Z,BE62DDE0EAA80693,18.4,queries/tpch/tpch-queries/q13/v2_correlated.sql,measured,2,1,5,3,0.997,2177.436,7,3,42,3300084,150000,3601344,0,0,customer;orders;idx_orders_cust,1949947,0,0,0,0,0,0
2026-08-12T13:42:33Z,BE62DDE0EAA80693,18.4,queries/tpch/tpch-queries/q13/v2_correlated.sql,measured,2,2,5,3,0.149,2060.276,7,3,42,3300084,150000,3601344,0,0,customer;orders;idx_orders_cust,1949944,0,0,0,0,0,0
2026-08-12T13:42:33Z,BE62DDE0EAA80693,18.4,queries/tpch/tpch-queries/q13/v2_correlated.sql,measured,2,3,5,3,0.148,2050.987,7,3,42,3300084,150000,3601344,0,0,customer;orders;idx_orders_cust,1949944,0,0,0,0,0,0
2026-08-12T13:42:33Z,BE62DDE0EAA80693,18.4,queries/tpch/tpch-queries/q13/v2_correlated.sql,measured,2,4,5,3,0.147,2054.618,7,3,42,3300084,150000,3601344,0,0,customer;orders;idx_orders_cust,1949944,0,0,0,0,0,0
2026-08-12T13:42:33Z,BE62DDE0EAA80693,18.4,queries/tpch/tpch-queries/q13/v2_correlated.sql,measured,2,5,5,3,0.147,2038.553,7,3,42,3300084,150000,3601344,0,0,customer;orders;idx_orders_cust,1949944,0,0,0,0,0,0
2026-08-12T13:42:43Z,BE62DDE0EAA80693,18.4,queries/tpch/tpch-queries/q13/v2_correlated.sql,measured,3,1,5,3,0.959,2150.618,7,3,42,3300084,150000,3601344,0,0,customer;orders;idx_orders_cust,1949947,0,0,0,0,0,0
2026-08-12T13:42:43Z,BE62DDE0EAA80693,18.4,queries/tpch/tpch-queries/q13/v2_correlated.sql,measured,3,2,5,3,0.167,2051.094,7,3,42,3300084,150000,3601344,0,0,customer;orders;idx_orders_cust,1949944,0,0,0,0,0,0
2026-08-12T13:42:43Z,BE62DDE0EAA80693,18.4,queries/tpch/tpch-queries/q13/v2_correlated.sql,measured,3,3,5,3,0.151,2050.707,7,3,42,3300084,150000,3601344,0,0,customer;orders;idx_orders_cust,1949944,0,0,0,0,0,0
2026-08-12T13:42:43Z,BE62DDE0EAA80693,18.4,queries/tpch/tpch-queries/q13/v2_correlated.sql,measured,3,4,5,3,0.162,2043.557,7,3,42,3300084,150000,3601344,0,0,customer;orders;idx_orders_cust,1949944,0,0,0,0,0,0
2026-08-12T13:42:43Z,BE62DDE0EAA80693,18.4,queries/tpch/tpch-queries/q13/v2_correlated.sql,measured,3,5,5,3,0.149,2026.696,7,3,42,3300084,150000,3601344,0,0,customer;orders;idx_orders_cust,1949944,0,0,0,0,0,0
2026-08-12T13:42:43Z,BE62DDE0EAA80693,18.4,queries/tpch/tpch-queries/q14/base.sql,warmup,1,1,1,3,1.316,167.358,8,3,1,627948,1,13723385,0,2,lineitem;ixtest_lineitem_shipdate;part,45599,68,0,0,0,0,0
2026-08-12T13:42:44Z,BE62DDE0EAA80693,18.4,queries/tpch/tpch-queries/q14/base.sql,warmup,2,1,1,3,1.326,164.948,8,3,1,627948,1,13723385,0,2,lineitem;ixtest_lineitem_shipdate;part,45666,0,0,0,0,0,0
2026-08-12T13:42:44Z,BE62DDE0EAA80693,18.4,queries/tpch/tpch-queries/q14/base.sql,measured,1,1,5,3,1.336,164.594,8,3,1,627948,1,13723385,0,2,lineitem;ixtest_lineitem_shipdate;part,45666,0,0,0,0,0,0
2026-08-12T13:42:44Z,BE62DDE0EAA80693,18.4,queries/tpch/tpch-queries/q14/base.sql,measured,1,2,5,3,0.229,134.931,8,3,1,627948,1,13723385,0,2,lineitem;ixtest_lineitem_shipdate;part,45666,0,0,0,0,0,0
2026-08-12T13:42:44Z,BE62DDE0EAA80693,18.4,queries/tpch/tpch-queries/q14/base.sql,measured,1,3,5,3,0.243,133.608,8,3,1,627948,1,13723385,0,2,lineitem;ixtest_lineitem_shipdate;part,45666,0,0,0,0,0,0
2026-08-12T13:42:44Z,BE62DDE0EAA80693,18.4,queries/tpch/tpch-queries/q14/base.sql,measured,1,4,5,3,0.247,132.845,8,3,1,627948,1,13723385,0,2,lineitem;ixtest_lineitem_shipdate;part,45667,0,0,0,0,0,0
2026-08-12T13:42:44Z,BE62DDE0EAA80693,18.4,queries/tpch/tpch-queries/q14/base.sql,measured,1,5,5,3,0.229,133.790,8,3,1,627948,1,13723385,0,2,lineitem;ixtest_lineitem_shipdate;part,45667,0,0,0,0,0,0
2026-08-12T13:42:45Z,BE62DDE0EAA80693,18.4,queries/tpch/tpch-queries/q14/base.sql,measured,2,1,5,3,1.428,164.573,8,3,1,627948,1,13723385,0,2,lineitem;ixtest_lineitem_shipdate;part,45667,0,0,0,0,0,0
2026-08-12T13:42:45Z,BE62DDE0EAA80693,18.4,queries/tpch/tpch-queries/q14/base.sql,measured,2,2,5,3,0.244,135.093,8,3,1,627948,1,13723385,0,2,lineitem;ixtest_lineitem_shipdate;part,45667,0,0,0,0,0,0
2026-08-12T13:42:45Z,BE62DDE0EAA80693,18.4,queries/tpch/tpch-queries/q14/base.sql,measured,2,3,5,3,0.232,134.022,8,3,1,627948,1,13723385,0,2,lineitem;ixtest_lineitem_shipdate;part,45666,0,0,0,0,0,0
2026-08-12T13:42:45Z,BE62DDE0EAA80693,18.4,queries/tpch/tpch-queries/q14/base.sql,measured,2,4,5,3,0.236,133.101,8,3,1,627948,1,13723385,0,2,lineitem;ixtest_lineitem_shipdate;part,45667,0,0,0,0,0,0
2026-08-12T13:42:45Z,BE62DDE0EAA80693,18.4,queries/tpch/tpch-queries/q14/base.sql,measured,2,5,5,3,0.228,133.355,8,3,1,627948,1,13723385,0,2,lineitem;ixtest_lineitem_shipdate;part,45667,0,0,0,0,0,0
2026-08-12T13:42:46Z,BE62DDE0EAA80693,18.4,queries/tpch/tpch-queries/q14/base.sql,measured,3,1,5,3,1.509,168.696,8,3,1,627948,1,13723385,0,2,lineitem;ixtest_lineitem_shipdate;part,45666,0,0,0,0,0,0
2026-08-12T13:42:46Z,BE62DDE0EAA80693,18.4,queries/tpch/tpch-queries/q14/base.sql,measured,3,2,5,3,0.243,136.451,8,3,1,627948,1,13723385,0,2,lineitem;ixtest_lineitem_shipdate;part,45667,0,0,0,0,0,0
2026-08-12T13:42:46Z,BE62DDE0EAA80693,18.4,queries/tpch/tpch-queries/q14/base.sql,measured,3,3,5,3,0.231,134.893,8,3,1,627948,1,13723385,0,2,lineitem;ixtest_lineitem_shipdate;part,45667,0,0,0,0,0,0
2026-08-12T13:42:46Z,BE62DDE0EAA80693,18.4,queries/tpch/tpch-queries/q14/base.sql,measured,3,4,5,3,0.237,135.446,8,3,1,627948,1,13723385,0,2,lineitem;ixtest_lineitem_shipdate;part,45667,0,0,0,0,0,0
2026-08-12T13:42:46Z,BE62DDE0EAA80693,18.4,queries/tpch/tpch-queries/q14/base.sql,measured,3,5,5,3,0.249,135.225,8,3,1,627948,1,13723385,0,2,lineitem;ixtest_lineitem_shipdate;part,45666,0,0,0,0,0,0
2026-08-12T13:42:46Z,BE62DDE0EAA80693,18.4,queries/tpch/tpch-queries/q14/v1_materialized.sql,warmup,1,1,1,3,1.423,167.168,9,4,1,627949,1,13723417,0,2,_m;lineitem;ixtest_lineitem_shipdate;part,45667,0,0,0,0,0,0
2026-08-12T13:42:47Z,BE62DDE0EAA80693,18.4,queries/tpch/tpch-queries/q14/v1_materialized.sql,warmup,2,1,1,3,1.356,165.974,9,4,1,627949,1,13723417,0,2,_m;lineitem;ixtest_lineitem_shipdate;part,45667,0,0,0,0,0,0
2026-08-12T13:42:47Z,BE62DDE0EAA80693,18.4,queries/tpch/tpch-queries/q14/v1_materialized.sql,measured,1,1,5,3,1.358,165.076,9,4,1,627949,1,13723417,0,2,_m;lineitem;ixtest_lineitem_shipdate;part,45667,0,0,0,0,0,0
2026-08-12T13:42:47Z,BE62DDE0EAA80693,18.4,queries/tpch/tpch-queries/q14/v1_materialized.sql,measured,1,2,5,3,0.239,137.426,9,4,1,627949,1,13723417,0,2,_m;lineitem;ixtest_lineitem_shipdate;part,45667,0,0,0,0,0,0
2026-08-12T13:42:47Z,BE62DDE0EAA80693,18.4,queries/tpch/tpch-queries/q14/v1_materialized.sql,measured,1,3,5,3,0.262,133.707,9,4,1,627949,1,13723417,0,2,_m;lineitem;ixtest_lineitem_shipdate;part,45666,0,0,0,0,0,0
2026-08-12T13:42:47Z,BE62DDE0EAA80693,18.4,queries/tpch/tpch-queries/q14/v1_materialized.sql,measured,1,4,5,3,0.248,133.275,9,4,1,627949,1,13723417,0,2,_m;lineitem;ixtest_lineitem_shipdate;part,45666,0,0,0,0,0,0
2026-08-12T13:42:47Z,BE62DDE0EAA80693,18.4,queries/tpch/tpch-queries/q14/v1_materialized.sql,measured,1,5,5,3,0.247,133.677,9,4,1,627949,1,13723417,0,2,_m;lineitem;ixtest_lineitem_shipdate;part,45666,0,0,0,0,0,0
2026-08-12T13:42:48Z,BE62DDE0EAA80693,18.4,queries/tpch/tpch-queries/q14/v1_materialized.sql,measured,2,1,5,3,1.402,166.475,9,4,1,627949,1,13723417,0,2,_m;lineitem;ixtest_lineitem_shipdate;part,45667,0,0,0,0,0,0
2026-08-12T13:42:48Z,BE62DDE0EAA80693,18.4,queries/tpch/tpch-queries/q14/v1_materialized.sql,measured,2,2,5,3,0.243,138.467,9,4,1,627949,1,13723417,0,2,_m;lineitem;ixtest_lineitem_shipdate;part,45666,0,0,0,0,0,0
2026-08-12T13:42:48Z,BE62DDE0EAA80693,18.4,queries/tpch/tpch-queries/q14/v1_materialized.sql,measured,2,3,5,3,0.250,134.861,9,4,1,627949,1,13723417,0,2,_m;lineitem;ixtest_lineitem_shipdate;part,45666,0,0,0,0,0,0
2026-08-12T13:42:48Z,BE62DDE0EAA80693,18.4,queries/tpch/tpch-queries/q14/v1_materialized.sql,measured,2,4,5,3,0.251,136.821,9,4,1,627949,1,13723417,0,2,_m;lineitem;ixtest_lineitem_shipdate;part,45666,0,0,0,0,0,0
2026-08-12T13:42:48Z,BE62DDE0EAA80693,18.4,queries/tpch/tpch-queries/q14/v1_materialized.sql,measured,2,5,5,3,0.267,136.257,9,4,1,627949,1,13723417,0,2,_m;lineitem;ixtest_lineitem_shipdate;part,45667,0,0,0,0,0,0
2026-08-12T13:42:49Z,BE62DDE0EAA80693,18.4,queries/tpch/tpch-queries/q14/v1_materialized.sql,measured,3,1,5,3,1.384,166.492,9,4,1,627949,1,13723417,0,2,_m;lineitem;ixtest_lineitem_shipdate;part,45667,0,0,0,0,0,0
2026-08-12T13:42:49Z,BE62DDE0EAA80693,18.4,queries/tpch/tpch-queries/q14/v1_materialized.sql,measured,3,2,5,3,0.266,137.512,9,4,1,627949,1,13723417,0,2,_m;lineitem;ixtest_lineitem_shipdate;part,45667,0,0,0,0,0,0
2026-08-12T13:42:49Z,BE62DDE0EAA80693,18.4,queries/tpch/tpch-queries/q14/v1_materialized.sql,measured,3,3,5,3,0.260,137.273,9,4,1,627949,1,13723417,0,2,_m;lineitem;ixtest_lineitem_shipdate;part,45667,0,0,0,0,0,0
2026-08-12T13:42:49Z,BE62DDE0EAA80693,18.4,queries/tpch/tpch-queries/q14/v1_materialized.sql,measured,3,4,5,3,0.284,134.565,9,4,1,627949,1,13723417,0,2,_m;lineitem;ixtest_lineitem_shipdate;part,45666,0,0,0,0,0,0
2026-08-12T13:42:49Z,BE62DDE0EAA80693,18.4,queries/tpch/tpch-queries/q14/v1_materialized.sql,measured,3,5,5,3,0.267,136.403,9,4,1,627949,1,13723417,0,2,_m;lineitem;ixtest_lineitem_shipdate;part,45667,0,0,0,0,0,0
2026-08-12T13:42:49Z,BE62DDE0EAA80693,18.4,queries/tpch/tpch-queries/q14/v2_filter.sql,warmup,1,1,1,3,1.367,167.709,8,3,1,627948,1,13723385,0,2,lineitem;ixtest_lineitem_shipdate;part,45667,0,0,0,0,0,0
2026-08-12T13:42:49Z,BE62DDE0EAA80693,18.4,queries/tpch/tpch-queries/q14/v2_filter.sql,warmup,2,1,1,3,1.309,166.639,8,3,1,627948,1,13723385,0,2,lineitem;ixtest_lineitem_shipdate;part,45667,0,0,0,0,0,0
2026-08-12T13:42:50Z,BE62DDE0EAA80693,18.4,queries/tpch/tpch-queries/q14/v2_filter.sql,measured,1,1,5,3,1.340,166.346,8,3,1,627948,1,13723385,0,2,lineitem;ixtest_lineitem_shipdate;part,45667,0,0,0,0,0,0
2026-08-12T13:42:50Z,BE62DDE0EAA80693,18.4,queries/tpch/tpch-queries/q14/v2_filter.sql,measured,1,2,5,3,0.234,136.996,8,3,1,627948,1,13723385,0,2,lineitem;ixtest_lineitem_shipdate;part,45667,0,0,0,0,0,0
2026-08-12T13:42:50Z,BE62DDE0EAA80693,18.4,queries/tpch/tpch-queries/q14/v2_filter.sql,measured,1,3,5,3,0.239,134.185,8,3,1,627948,1,13723385,0,2,lineitem;ixtest_lineitem_shipdate;part,45667,0,0,0,0,0,0
2026-08-12T13:42:50Z,BE62DDE0EAA80693,18.4,queries/tpch/tpch-queries/q14/v2_filter.sql,measured,1,4,5,3,0.234,134.245,8,3,1,627948,1,13723385,0,2,lineitem;ixtest_lineitem_shipdate;part,45666,0,0,0,0,0,0
2026-08-12T13:42:50Z,BE62DDE0EAA80693,18.4,queries/tpch/tpch-queries/q14/v2_filter.sql,measured,1,5,5,3,0.236,134.568,8,3,1,627948,1,13723385,0,2,lineitem;ixtest_lineitem_shipdate;part,45666,0,0,0,0,0,0
2026-08-12T13:42:51Z,BE62DDE0EAA80693,18.4,queries/tpch/tpch-queries/q14/v2_filter.sql,measured,2,1,5,3,1.390,164.547,8,3,1,627948,1,13723385,0,2,lineitem;ixtest_lineitem_shipdate;part,45666,0,0,0,0,0,0
2026-08-12T13:42:51Z,BE62DDE0EAA80693,18.4,queries/tpch/tpch-queries/q14/v2_filter.sql,measured,2,2,5,3,0.235,136.777,8,3,1,627948,1,13723385,0,2,lineitem;ixtest_lineitem_shipdate;part,45667,0,0,0,0,0,0
2026-08-12T13:42:51Z,BE62DDE0EAA80693,18.4,queries/tpch/tpch-queries/q14/v2_filter.sql,measured,2,3,5,3,0.245,135.202,8,3,1,627948,1,13723385,0,2,lineitem;ixtest_lineitem_shipdate;part,45667,0,0,0,0,0,0
2026-08-12T13:42:51Z,BE62DDE0EAA80693,18.4,queries/tpch/tpch-queries/q14/v2_filter.sql,measured,2,4,5,3,0.256,134.891,8,3,1,627948,1,13723385,0,2,lineitem;ixtest_lineitem_shipdate;part,45667,0,0,0,0,0,0
2026-08-12T13:42:51Z,BE62DDE0EAA80693,18.4,queries/tpch/tpch-queries/q14/v2_filter.sql,measured,2,5,5,3,0.235,134.666,8,3,1,627948,1,13723385,0,2,lineitem;ixtest_lineitem_shipdate;part,45667,0,0,0,0,0,0
2026-08-12T13:42:52Z,BE62DDE0EAA80693,18.4,queries/tpch/tpch-queries/q14/v2_filter.sql,measured,3,1,5,3,1.368,167.195,8,3,1,627948,1,13723385,0,2,lineitem;ixtest_lineitem_shipdate;part,45667,0,0,0,0,0,0
2026-08-12T13:42:52Z,BE62DDE0EAA80693,18.4,queries/tpch/tpch-queries/q14/v2_filter.sql,measured,3,2,5,3,0.242,136.930,8,3,1,627948,1,13723385,0,2,lineitem;ixtest_lineitem_shipdate;part,45667,0,0,0,0,0,0
2026-08-12T13:42:52Z,BE62DDE0EAA80693,18.4,queries/tpch/tpch-queries/q14/v2_filter.sql,measured,3,3,5,3,0.249,136.220,8,3,1,627948,1,13723385,0,2,lineitem;ixtest_lineitem_shipdate;part,45667,0,0,0,0,0,0
2026-08-12T13:42:52Z,BE62DDE0EAA80693,18.4,queries/tpch/tpch-queries/q14/v2_filter.sql,measured,3,4,5,3,0.256,137.094,8,3,1,627948,1,13723385,0,2,lineitem;ixtest_lineitem_shipdate;part,45666,0,0,0,0,0,0
2026-08-12T13:42:52Z,BE62DDE0EAA80693,18.4,queries/tpch/tpch-queries/q14/v2_filter.sql,measured,3,5,5,3,0.251,134.713,8,3,1,627948,1,13723385,0,2,lineitem;ixtest_lineitem_shipdate;part,45667,0,0,0,0,0,0
2026-08-12T13:42:52Z,BE62DDE0EAA80693,18.4,queries/tpch/tpch-queries/q15/base.sql,warmup,1,1,1,3,1.180,286.690,11,5,1,561868,50,7533922,9999,2,lineitem;ixtest_lineitem_shipdate;revenue;supplier,66866,197,0,0,0,0,0
2026-08-12T13:42:53Z,BE62DDE0EAA80693,18.4,queries/tpch/tpch-queries/q15/base.sql,warmup,2,1,1,3,1.153,282.882,11,5,1,561878,50,7534282,9999,2,lineitem;ixtest_lineitem_shipdate;revenue;supplier,67063,0,0,0,0,0,0
2026-08-12T13:42:54Z,BE62DDE0EAA80693,18.4,queries/tpch/tpch-queries/q15/base.sql,measured,1,1,5,3,1.168,283.843,11,5,1,561868,50,7533922,9999,2,lineitem;ixtest_lineitem_shipdate;revenue;supplier,67063,0,0,0,0,0,0
2026-08-12T13:42:54Z,BE62DDE0EAA80693,18.4,queries/tpch/tpch-queries/q15/base.sql,measured,1,2,5,3,0.205,255.797,11,5,1,561822,50,7532266,9999,2,lineitem;ixtest_lineitem_shipdate;revenue;supplier,67063,0,0,0,0,0,0
2026-08-12T13:42:54Z,BE62DDE0EAA80693,18.4,queries/tpch/tpch-queries/q15/base.sql,measured,1,3,5,3,0.193,257.688,11,5,1,561840,50,7532914,9999,2,lineitem;ixtest_lineitem_shipdate;revenue;supplier,67063,0,0,0,0,0,0
2026-08-12T13:42:54Z,BE62DDE0EAA80693,18.4,queries/tpch/tpch-queries/q15/base.sql,measured,1,4,5,3,0.224,254.037,11,5,1,561869,50,7533958,9999,2,lineitem;ixtest_lineitem_shipdate;revenue;supplier,67063,0,0,0,0,0,0
2026-08-12T13:42:54Z,BE62DDE0EAA80693,18.4,queries/tpch/tpch-queries/q15/base.sql,measured,1,5,5,3,0.197,259.625,11,5,1,561842,50,7532986,9999,2,lineitem;ixtest_lineitem_shipdate;revenue;supplier,67063,0,0,0,0,0,0
2026-08-12T13:42:55Z,BE62DDE0EAA80693,18.4,queries/tpch/tpch-queries/q15/base.sql,measured,2,1,5,3,1.482,294.298,11,5,1,561885,50,7534534,9999,2,lineitem;ixtest_lineitem_shipdate;revenue;supplier,67063,0,0,0,0,0,0
2026-08-12T13:42:55Z,BE62DDE0EAA80693,18.4,queries/tpch/tpch-queries/q15/base.sql,measured,2,2,5,3,0.189,256.750,11,5,1,561849,50,7533238,9999,2,lineitem;ixtest_lineitem_shipdate;revenue;supplier,67063,0,0,0,0,0,0
2026-08-12T13:42:55Z,BE62DDE0EAA80693,18.4,queries/tpch/tpch-queries/q15/base.sql,measured,2,3,5,3,0.189,256.307,11,5,1,561842,50,7532986,9999,2,lineitem;ixtest_lineitem_shipdate;revenue;supplier,67063,0,0,0,0,0,0
2026-08-12T13:42:55Z,BE62DDE0EAA80693,18.4,queries/tpch/tpch-queries/q15/base.sql,measured,2,4,5,3,0.206,255.234,11,5,1,561840,50,7532914,9999,2,lineitem;ixtest_lineitem_shipdate;revenue;supplier,67063,0,0,0,0,0,0
2026-08-12T13:42:55Z,BE62DDE0EAA80693,18.4,queries/tpch/tpch-queries/q15/base.sql,measured,2,5,5,3,0.197,256.289,11,5,1,561850,50,7533274,9999,2,lineitem;ixtest_lineitem_shipdate;revenue;supplier,67063,0,0,0,0,0,0
2026-08-12T13:42:57Z,BE62DDE0EAA80693,18.4,queries/tpch/tpch-queries/q15/base.sql,measured,3,1,5,3,1.318,287.328,11,5,1,561869,50,7533958,9999,2,lineitem;ixtest_lineitem_shipdate;revenue;supplier,67063,0,0,0,0,0,0
2026-08-12T13:42:57Z,BE62DDE0EAA80693,18.4,queries/tpch/tpch-queries/q15/base.sql,measured,3,2,5,3,0.204,257.068,11,5,1,561840,50,7532914,9999,2,lineitem;ixtest_lineitem_shipdate;revenue;supplier,67063,0,0,0,0,0,0
2026-08-12T13:42:57Z,BE62DDE0EAA80693,18.4,queries/tpch/tpch-queries/q15/base.sql,measured,3,3,5,3,0.188,255.109,11,5,1,561849,50,7533238,9999,2,lineitem;ixtest_lineitem_shipdate;revenue;supplier,67063,0,0,0,0,0,0
2026-08-12T13:42:57Z,BE62DDE0EAA80693,18.4,queries/tpch/tpch-queries/q15/base.sql,measured,3,4,5,3,0.196,257.074,11,5,1,561815,50,7532014,9999,2,lineitem;ixtest_lineitem_shipdate;revenue;supplier,67063,0,0,0,0,0,0
2026-08-12T13:42:57Z,BE62DDE0EAA80693,18.4,queries/tpch/tpch-queries/q15/base.sql,measured,3,5,5,3,0.195,258.121,11,5,1,561869,50,7533958,9999,2,lineitem;ixtest_lineitem_shipdate;revenue;supplier,67063,0,0,0,0,0,0
2026-08-12T13:42:57Z,BE62DDE0EAA80693,18.4,queries/tpch/tpch-queries/q15/v1_materialized.sql,warmup,1,1,1,3,1.272,289.151,13,6,1,561870,50,7534526,9999,2,lineitem;ixtest_lineitem_shipdate;revenue;supplier;_m,67063,0,0,0,0,0,0
2026-08-12T13:42:58Z,BE62DDE0EAA80693,18.4,queries/tpch/tpch-queries/q15/v1_materialized.sql,warmup,2,1,1,3,1.186,283.071,13,6,1,561852,50,7533878,9999,2,lineitem;ixtest_lineitem_shipdate;revenue;supplier;_m,67063,0,0,0,0,0,0
2026-08-12T13:42:59Z,BE62DDE0EAA80693,18.4,queries/tpch/tpch-queries/q15/v1_materialized.sql,measured,1,1,5,3,1.172,283.618,13,6,1,561843,50,7533554,9999,2,lineitem;ixtest_lineitem_shipdate;revenue;supplier;_m,67063,0,0,0,0,0,0
2026-08-12T13:42:59Z,BE62DDE0EAA80693,18.4,queries/tpch/tpch-queries/q15/v1_materialized.sql,measured,1,2,5,3,0.202,263.719,13,6,1,561860,50,7534166,9999,2,lineitem;ixtest_lineitem_shipdate;revenue;supplier;_m,67063,0,0,0,0,0,0
2026-08-12T13:42:59Z,BE62DDE0EAA80693,18.4,queries/tpch/tpch-queries/q15/v1_materialized.sql,measured,1,3,5,3,0.211,257.351,13,6,1,561835,50,7533266,9999,2,lineitem;ixtest_lineitem_shipdate;revenue;supplier;_m,67063,0,0,0,0,0,0
2026-08-12T13:42:59Z,BE62DDE0EAA80693,18.4,queries/tpch/tpch-queries/q15/v1_materialized.sql,measured,1,4,5,3,0.202,253.630,13,6,1,561860,50,7534166,9999,2,lineitem;ixtest_lineitem_shipdate;revenue;supplier;_m,67063,0,0,0,0,0,0
2026-08-12T13:42:59Z,BE62DDE0EAA80693,18.4,queries/tpch/tpch-queries/q15/v1_materialized.sql,measured,1,5,5,3,0.251,262.285,13,6,1,561852,50,7533878,9999,2,lineitem;ixtest_lineitem_shipdate;revenue;supplier;_m,67063,0,0,0,0,0,0
2026-08-12T13:43:00Z,BE62DDE0EAA80693,18.4,queries/tpch/tpch-queries/q15/v1_materialized.sql,measured,2,1,5,3,1.590,286.889,13,6,1,561852,50,7533878,9999,2,lineitem;ixtest_lineitem_shipdate;revenue;supplier;_m,67063,0,0,0,0,0,0
2026-08-12T13:43:00Z,BE62DDE0EAA80693,18.4,queries/tpch/tpch-queries/q15/v1_materialized.sql,measured,2,2,5,3,0.220,253.979,13,6,1,561843,50,7533554,9999,2,lineitem;ixtest_lineitem_shipdate;revenue;supplier;_m,67063,0,0,0,0,0,0
2026-08-12T13:43:00Z,BE62DDE0EAA80693,18.4,queries/tpch/tpch-queries/q15/v1_materialized.sql,measured,2,3,5,3,0.202,259.302,13,6,1,561851,50,7533842,9999,2,lineitem;ixtest_lineitem_shipdate;revenue;supplier;_m,67063,0,0,0,0,0,0
2026-08-12T13:43:00Z,BE62DDE0EAA80693,18.4,queries/tpch/tpch-queries/q15/v1_materialized.sql,measured,2,4,5,3,0.218,254.771,13,6,1,561853,50,7533914,9999,2,lineitem;ixtest_lineitem_shipdate;revenue;supplier;_m,67063,0,0,0,0,0,0
2026-08-12T13:43:00Z,BE62DDE0EAA80693,18.4,queries/tpch/tpch-queries/q15/v1_materialized.sql,measured,2,5,5,3,0.207,257.302,13,6,1,561853,50,7533914,9999,2,lineitem;ixtest_lineitem_shipdate;revenue;supplier;_m,67063,0,0,0,0,0,0
2026-08-12T13:43:02Z,BE62DDE0EAA80693,18.4,queries/tpch/tpch-queries/q15/v1_materialized.sql,measured,3,1,5,3,1.309,282.907,13,6,1,561852,50,7533878,9999,2,lineitem;ixtest_lineitem_shipdate;revenue;supplier;_m,67063,0,0,0,0,0,0
2026-08-12T13:43:02Z,BE62DDE0EAA80693,18.4,queries/tpch/tpch-queries/q15/v1_materialized.sql,measured,3,2,5,3,0.201,265.016,13,6,1,561826,50,7532942,9999,2,lineitem;ixtest_lineitem_shipdate;revenue;supplier;_m,67063,0,0,0,0,0,0
2026-08-12T13:43:02Z,BE62DDE0EAA80693,18.4,queries/tpch/tpch-queries/q15/v1_materialized.sql,measured,3,3,5,3,0.200,280.121,13,6,1,561861,50,7534202,9999,2,lineitem;ixtest_lineitem_shipdate;revenue;supplier;_m,67063,0,0,0,0,0,0
2026-08-12T13:43:02Z,BE62DDE0EAA80693,18.4,queries/tpch/tpch-queries/q15/v1_materialized.sql,measured,3,4,5,3,0.215,252.870,13,6,1,561843,50,7533554,9999,2,lineitem;ixtest_lineitem_shipdate;revenue;supplier;_m,67063,0,0,0,0,0,0
2026-08-12T13:43:02Z,BE62DDE0EAA80693,18.4,queries/tpch/tpch-queries/q15/v1_materialized.sql,measured,3,5,5,3,0.217,254.111,13,6,1,561844,50,7533590,9999,2,lineitem;ixtest_lineitem_shipdate;revenue;supplier;_m,67063,0,0,0,0,0,0
2026-08-12T13:43:02Z,BE62DDE0EAA80693,18.4,queries/tpch/tpch-queries/q16/base.sql,warmup,1,1,1,3,1.489,255.982,10,4,18314,1282124,15815,24568240,10851,2,partsupp;supplier;part;ixtest_part_size,4864,2229,0,0,0,0,0
2026-08-12T13:43:03Z,BE62DDE0EAA80693,18.4,queries/tpch/tpch-queries/q16/base.sql,warmup,2,1,1,3,1.259,243.071,10,4,18314,1282124,15815,24568240,10851,2,partsupp;supplier;part;ixtest_part_size,7093,0,0,0,0,0,0
2026-08-12T13:43:04Z,BE62DDE0EAA80693,18.4,queries/tpch/tpch-queries/q16/base.sql,measured,1,1,5,3,1.296,245.950,10,4,18314,1282124,15815,24568240,10851,2,partsupp;supplier;part;ixtest_part_size,7094,0,0,0,0,0,0
2026-08-12T13:43:04Z,BE62DDE0EAA80693,18.4,queries/tpch/tpch-queries/q16/base.sql,measured,1,2,5,3,0.313,239.647,10,4,18314,1282124,15815,24568240,10851,2,partsupp;supplier;part;ixtest_part_size,7091,0,0,0,0,0,0
2026-08-12T13:43:04Z,BE62DDE0EAA80693,18.4,queries/tpch/tpch-queries/q16/base.sql,measured,1,3,5,3,0.304,239.215,10,4,18314,1282124,15815,24568240,10851,2,partsupp;supplier;part;ixtest_part_size,7090,0,0,0,0,0,0
2026-08-12T13:43:04Z,BE62DDE0EAA80693,18.4,queries/tpch/tpch-queries/q16/base.sql,measured,1,4,5,3,0.319,237.879,10,4,18314,1282124,15815,24568240,10851,2,partsupp;supplier;part;ixtest_part_size,7091,0,0,0,0,0,0
2026-08-12T13:43:04Z,BE62DDE0EAA80693,18.4,queries/tpch/tpch-queries/q16/base.sql,measured,1,5,5,3,0.299,239.210,10,4,18314,1282124,15815,24568240,10851,2,partsupp;supplier;part;ixtest_part_size,7091,0,0,0,0,0,0
2026-08-12T13:43:05Z,BE62DDE0EAA80693,18.4,queries/tpch/tpch-queries/q16/base.sql,measured,2,1,5,3,1.327,241.947,10,4,18314,1282124,15815,24568240,10851,2,partsupp;supplier;part;ixtest_part_size,7094,0,0,0,0,0,0
2026-08-12T13:43:05Z,BE62DDE0EAA80693,18.4,queries/tpch/tpch-queries/q16/base.sql,measured,2,2,5,3,0.313,243.512,10,4,18314,1282124,15815,24568240,10851,2,partsupp;supplier;part;ixtest_part_size,7090,0,0,0,0,0,0
2026-08-12T13:43:05Z,BE62DDE0EAA80693,18.4,queries/tpch/tpch-queries/q16/base.sql,measured,2,3,5,3,0.317,238.992,10,4,18314,1282124,15815,24568240,10851,2,partsupp;supplier;part;ixtest_part_size,7091,0,0,0,0,0,0
2026-08-12T13:43:05Z,BE62DDE0EAA80693,18.4,queries/tpch/tpch-queries/q16/base.sql,measured,2,4,5,3,0.297,241.020,10,4,18314,1282124,15815,24568240,10851,2,partsupp;supplier;part;ixtest_part_size,7091,0,0,0,0,0,0
2026-08-12T13:43:05Z,BE62DDE0EAA80693,18.4,queries/tpch/tpch-queries/q16/base.sql,measured,2,5,5,3,0.314,240.191,10,4,18314,1282124,15815,24568240,10851,2,partsupp;supplier;part;ixtest_part_size,7091,0,0,0,0,0,0
2026-08-12T13:43:06Z,BE62DDE0EAA80693,18.4,queries/tpch/tpch-queries/q16/base.sql,measured,3,1,5,3,1.290,244.125,10,4,18314,1282124,15815,24568240,10851,2,partsupp;supplier;part;ixtest_part_size,7093,0,0,0,0,0,0
2026-08-12T13:43:06Z,BE62DDE0EAA80693,18.4,queries/tpch/tpch-queries/q16/base.sql,measured,3,2,5,3,0.295,239.354,10,4,18314,1282124,15815,24568240,10851,2,partsupp;supplier;part;ixtest_part_size,7091,0,0,0,0,0,0
2026-08-12T13:43:06Z,BE62DDE0EAA80693,18.4,queries/tpch/tpch-queries/q16/base.sql,measured,3,3,5,3,0.300,240.293,10,4,18314,1282124,15815,24568240,10851,2,partsupp;supplier;part;ixtest_part_size,7091,0,0,0,0,0,0
2026-08-12T13:43:06Z,BE62DDE0EAA80693,18.4,queries/tpch/tpch-queries/q16/base.sql,measured,3,4,5,3,0.320,239.593,10,4,18314,1282124,15815,24568240,10851,2,partsupp;supplier;part;ixtest_part_size,7091,0,0,0,0,0,0
2026-08-12T13:43:06Z,BE62DDE0EAA80693,18.4,queries/tpch/tpch-queries/q16/base.sql,measured,3,5,5,3,0.324,240.868,10,4,18314,1282124,15815,24568240,10851,2,partsupp;supplier;part;ixtest_part_size,7091,0,0,0,0,0,0
2026-08-12T13:43:07Z,BE62DDE0EAA80693,18.4,queries/tpch/tpch-queries/q16/v1_materialized.sql,warmup,1,1,1,3,1.314,247.174,11,5,18314,1300438,15815,28304296,10851,2,partsupp;supplier;part;ixtest_part_size;_m,7093,0,0,0,0,0,0
2026-08-12T13:43:07Z,BE62DDE0EAA80693,18.4,queries/tpch/tpch-queries/q16/v1_materialized.sql,warmup,2,1,1,3,1.329,246.701,11,5,18314,1300438,15815,28304296,10851,2,partsupp;supplier;part;ixtest_part_size;_m,7094,0,0,0,0,0,0
2026-08-12T13:43:08Z,BE62DDE0EAA80693,18.4,queries/tpch/tpch-queries/q16/v1_materialized.sql,measured,1,1,5,3,1.318,248.356,11,5,18314,1300438,15815,28304296,10851,2,partsupp;supplier;part;ixtest_part_size;_m,7094,0,0,0,0,0,0
2026-08-12T13:43:08Z,BE62DDE0EAA80693,18.4,queries/tpch/tpch-queries/q16/v1_materialized.sql,measured,1,2,5,3,0.332,242.801,11,5,18314,1300438,15815,28304296,10851,2,partsupp;supplier;part;ixtest_part_size;_m,7091,0,0,0,0,0,0
2026-08-12T13:43:08Z,BE62DDE0EAA80693,18.4,queries/tpch/tpch-queries/q16/v1_materialized.sql,measured,1,3,5,3,0.343,244.651,11,5,18314,1300438,15815,28304296,10851,2,partsupp;supplier;part;ixtest_part_size;_m,7090,0,0,0,0,0,0
2026-08-12T13:43:08Z,BE62DDE0EAA80693,18.4,queries/tpch/tpch-queries/q16/v1_materialized.sql,measured,1,4,5,3,0.334,241.969,11,5,18314,1300438,15815,28304296,10851,2,partsupp;supplier;part;ixtest_part_size;_m,7091,0,0,0,0,0,0
2026-08-12T13:43:08Z,BE62DDE0EAA80693,18.4,queries/tpch/tpch-queries/q16/v1_materialized.sql,measured,1,5,5,3,0.311,241.280,11,5,18314,1300438,15815,28304296,10851,2,partsupp;supplier;part;ixtest_part_size;_m,7091,0,0,0,0,0,0
2026-08-12T13:43:10Z,BE62DDE0EAA80693,18.4,queries/tpch/tpch-queries/q16/v1_materialized.sql,measured,2,1,5,3,1.447,246.970,11,5,18314,1300438,15815,28304296,10851,2,partsupp;supplier;part;ixtest_part_size;_m,7094,0,0,0,0,0,0
2026-08-12T13:43:10Z,BE62DDE0EAA80693,18.4,queries/tpch/tpch-queries/q16/v1_materialized.sql,measured,2,2,5,3,0.332,243.713,11,5,18314,1300438,15815,28304296,10851,2,partsupp;supplier;part;ixtest_part_size;_m,7091,0,0,0,0,0,0
2026-08-12T13:43:10Z,BE62DDE0EAA80693,18.4,queries/tpch/tpch-queries/q16/v1_materialized.sql,measured,2,3,5,3,0.326,242.899,11,5,18314,1300438,15815,28304296,10851,2,partsupp;supplier;part;ixtest_part_size;_m,7091,0,0,0,0,0,0
2026-08-12T13:43:10Z,BE62DDE0EAA80693,18.4,queries/tpch/tpch-queries/q16/v1_materialized.sql,measured,2,4,5,3,0.327,242.693,11,5,18314,1300438,15815,28304296,10851,2,partsupp;supplier;part;ixtest_part_size;_m,7091,0,0,0,0,0,0
2026-08-12T13:43:10Z,BE62DDE0EAA80693,18.4,queries/tpch/tpch-queries/q16/v1_materialized.sql,measured,2,5,5,3,0.327,243.012,11,5,18314,1300438,15815,28304296,10851,2,partsupp;supplier;part;ixtest_part_size;_m,7091,0,0,0,0,0,0
2026-08-12T13:43:11Z,BE62DDE0EAA80693,18.4,queries/tpch/tpch-queries/q16/v1_materialized.sql,measured,3,1,5,3,1.384,244.816,11,5,18314,1300438,15815,28304296,10851,2,partsupp;supplier;part;ixtest_part_size;_m,7093,0,0,0,0,0,0
2026-08-12T13:43:11Z,BE62DDE0EAA80693,18.4,queries/tpch/tpch-queries/q16/v1_materialized.sql,measured,3,2,5,3,0.340,243.331,11,5,18314,1300438,15815,28304296,10851,2,partsupp;supplier;part;ixtest_part_size;_m,7091,0,0,0,0,0,0
2026-08-12T13:43:11Z,BE62DDE0EAA80693,18.4,queries/tpch/tpch-queries/q16/v1_materialized.sql,measured,3,3,5,3,0.330,241.936,11,5,18314,1300438,15815,28304296,10851,2,partsupp;supplier;part;ixtest_part_size;_m,7091,0,0,0,0,0,0
2026-08-12T13:43:11Z,BE62DDE0EAA80693,18.4,queries/tpch/tpch-queries/q16/v1_materialized.sql,measured,3,4,5,3,0.317,243.690,11,5,18314,1300438,15815,28304296,10851,2,partsupp;supplier;part;ixtest_part_size;_m,7091,0,0,0,0,0,0
2026-08-12T13:43:11Z,BE62DDE0EAA80693,18.4,queries/tpch/tpch-queries/q16/v1_materialized.sql,measured,3,5,5,3,0.329,242.930,11,5,18314,1300438,15815,28304296,10851,2,partsupp;supplier;part;ixtest_part_size;_m,7091,0,0,0,0,0,0
2026-08-12T13:43:11Z,BE62DDE0EAA80693,18.4,queries/tpch/tpch-queries/q16/v2_not_exists.sql,warmup,1,1,1,3,1.476,208.200,11,4,18314,689523,15815,22667160,10744,2,part;ixtest_part_size;partsupp;supplier,93811,7,0,0,0,0,0
2026-08-12T13:43:12Z,BE62DDE0EAA80693,18.4,queries/tpch/tpch-queries/q16/v2_not_exists.sql,warmup,2,1,1,3,1.479,210.049,11,4,18314,689523,15815,22667160,10744,2,part;ixtest_part_size;partsupp;supplier,93818,0,0,0,0,0,0
2026-08-12T13:43:13Z,BE62DDE0EAA80693,18.4,queries/tpch/tpch-queries/q16/v2_not_exists.sql,measured,1,1,5,3,1.430,206.992,11,4,18314,689523,15815,22667160,10744,2,part;ixtest_part_size;partsupp;supplier,93818,0,0,0,0,0,0
2026-08-12T13:43:13Z,BE62DDE0EAA80693,18.4,queries/tpch/tpch-queries/q16/v2_not_exists.sql,measured,1,2,5,3,0.386,212.431,11,4,18314,689523,15815,22667160,10744,2,part;ixtest_part_size;partsupp;supplier,93815,0,0,0,0,0,0
2026-08-12T13:43:13Z,BE62DDE0EAA80693,18.4,queries/tpch/tpch-queries/q16/v2_not_exists.sql,measured,1,3,5,3,0.394,212.505,11,4,18314,689523,15815,22667160,10744,2,part;ixtest_part_size;partsupp;supplier,93815,0,0,0,0,0,0
2026-08-12T13:43:13Z,BE62DDE0EAA80693,18.4,queries/tpch/tpch-queries/q16/v2_not_exists.sql,measured,1,4,5,3,0.390,214.434,11,4,18314,689523,15815,22667160,10744,2,part;ixtest_part_size;partsupp;supplier,93815,0,0,0,0,0,0
2026-08-12T13:43:13Z,BE62DDE0EAA80693,18.4,queries/tpch/tpch-queries/q16/v2_not_exists.sql,measured,1,5,5,3,0.400,213.311,11,4,18314,689523,15815,22667160,10744,2,part;ixtest_part_size;partsupp;supplier,93815,0,0,0,0,0,0
2026-08-12T13:43:14Z,BE62DDE0EAA80693,18.4,queries/tpch/tpch-queries/q16/v2_not_exists.sql,measured,2,1,5,3,1.410,207.688,11,4,18314,689523,15815,22667160,10744,2,part;ixtest_part_size;partsupp;supplier,93818,0,0,0,0,0,0
2026-08-12T13:43:14Z,BE62DDE0EAA80693,18.4,queries/tpch/tpch-queries/q16/v2_not_exists.sql,measured,2,2,5,3,0.404,213.533,11,4,18314,689523,15815,22667160,10744,2,part;ixtest_part_size;partsupp;supplier,93815,0,0,0,0,0,0
2026-08-12T13:43:14Z,BE62DDE0EAA80693,18.4,queries/tpch/tpch-queries/q16/v2_not_exists.sql,measured,2,3,5,3,0.396,213.840,11,4,18314,689523,15815,22667160,10744,2,part;ixtest_part_size;partsupp;supplier,93815,0,0,0,0,0,0
2026-08-12T13:43:14Z,BE62DDE0EAA80693,18.4,queries/tpch/tpch-queries/q16/v2_not_exists.sql,measured,2,4,5,3,0.389,213.764,11,4,18314,689523,15815,22667160,10744,2,part;ixtest_part_size;partsupp;supplier,93815,0,0,0,0,0,0
2026-08-12T13:43:14Z,BE62DDE0EAA80693,18.4,queries/tpch/tpch-queries/q16/v2_not_exists.sql,measured,2,5,5,3,0.387,212.451,11,4,18314,689523,15815,22667160,10744,2,part;ixtest_part_size;partsupp;supplier,93815,0,0,0,0,0,0
2026-08-12T13:43:15Z,BE62DDE0EAA80693,18.4,queries/tpch/tpch-queries/q16/v2_not_exists.sql,measured,3,1,5,3,1.416,206.173,11,4,18314,689523,15815,22667160,10744,2,part;ixtest_part_size;partsupp;supplier,93818,0,0,0,0,0,0
2026-08-12T13:43:15Z,BE62DDE0EAA80693,18.4,queries/tpch/tpch-queries/q16/v2_not_exists.sql,measured,3,2,5,3,0.394,212.535,11,4,18314,689523,15815,22667160,10744,2,part;ixtest_part_size;partsupp;supplier,93815,0,0,0,0,0,0
2026-08-12T13:43:15Z,BE62DDE0EAA80693,18.4,queries/tpch/tpch-queries/q16/v2_not_exists.sql,measured,3,3,5,3,0.404,212.687,11,4,18314,689523,15815,22667160,10744,2,part;ixtest_part_size;partsupp;supplier,93815,0,0,0,0,0,0
2026-08-12T13:43:15Z,BE62DDE0EAA80693,18.4,queries/tpch/tpch-queries/q16/v2_not_exists.sql,measured,3,4,5,3,0.383,210.459,11,4,18314,689523,15815,22667160,10744,2,part;ixtest_part_size;partsupp;supplier,93815,0,0,0,0,0,0
2026-08-12T13:43:15Z,BE62DDE0EAA80693,18.4,queries/tpch/tpch-queries/q16/v2_not_exists.sql,measured,3,5,5,3,0.381,211.426,11,4,18314,689523,15815,22667160,10744,2,part;ixtest_part_size;partsupp;supplier,93815,0,0,0,0,0,0
2026-08-12T13:43:17Z,BE62DDE0EAA80693,18.4,queries/tpch/tpch-queries/q17/v2_decorrelate.sql,warmup,1,1,1,3,1.619,2210.011,14,5,1,8013218,1,125941743,27,2,part;ixtest_part_container;ixtest_part_brand;lineitem,119343,183,0,0,33203,54802,0
2026-08-12T13:43:20Z,BE62DDE0EAA80693,18.4,queries/tpch/tpch-queries/q17/v2_decorrelate.sql,warmup,2,1,1,3,1.387,2096.752,14,5,1,8013225,1,125941995,27,2,part;ixtest_part_container;ixtest_part_brand;lineitem,119526,0,0,0,33176,54783,0
2026-08-12T13:43:30Z,BE62DDE0EAA80693,18.4,queries/tpch/tpch-queries/q17/v2_decorrelate.sql,measured,1,1,5,3,1.404,2084.179,14,5,1,8013192,1,125940807,27,2,part;ixtest_part_container;ixtest_part_brand;lineitem,119526,0,0,0,33099,54699,0
2026-08-12T13:43:30Z,BE62DDE0EAA80693,18.4,queries/tpch/tpch-queries/q17/v2_decorrelate.sql,measured,1,2,5,3,0.310,2062.673,14,5,1,8013208,1,125941383,27,2,part;ixtest_part_container;ixtest_part_brand;lineitem,119526,0,0,0,32304,54276,0
2026-08-12T13:43:30Z,BE62DDE0EAA80693,18.4,queries/tpch/tpch-queries/q17/v2_decorrelate.sql,measured,1,3,5,3,0.319,2073.738,14,5,1,8013190,1,125940735,27,2,part;ixtest_part_container;ixtest_part_brand;lineitem,119526,0,0,0,32128,54226,0
2026-08-12T13:43:30Z,BE62DDE0EAA80693,18.4,queries/tpch/tpch-queries/q17/v2_decorrelate.sql,measured,1,4,5,3,0.707,2059.388,14,5,1,8013208,1,125941383,27,2,part;ixtest_part_container;ixtest_part_brand;lineitem,119526,0,0,0,32964,55056,0
2026-08-12T13:43:30Z,BE62DDE0EAA80693,18.4,queries/tpch/tpch-queries/q17/v2_decorrelate.sql,measured,1,5,5,3,0.318,2072.104,14,5,1,8013218,1,125941743,27,2,part;ixtest_part_container;ixtest_part_brand;lineitem,119526,0,0,0,31665,53766,0
2026-08-12T13:43:41Z,BE62DDE0EAA80693,18.4,queries/tpch/tpch-queries/q17/v2_decorrelate.sql,measured,2,1,5,3,1.447,2104.274,14,5,1,8013218,1,125941743,27,2,part;ixtest_part_container;ixtest_part_brand;lineitem,119526,0,0,0,32358,53834,0
2026-08-12T13:43:41Z,BE62DDE0EAA80693,18.4,queries/tpch/tpch-queries/q17/v2_decorrelate.sql,measured,2,2,5,3,0.316,2068.526,14,5,1,8013209,1,125941419,27,2,part;ixtest_part_container;ixtest_part_brand;lineitem,119526,0,0,0,31640,53621,0
2026-08-12T13:43:41Z,BE62DDE0EAA80693,18.4,queries/tpch/tpch-queries/q17/v2_decorrelate.sql,measured,2,3,5,3,0.321,2086.348,14,5,1,8013207,1,125941347,27,2,part;ixtest_part_container;ixtest_part_brand;lineitem,119526,0,0,0,31689,53793,0
2026-08-12T13:43:41Z,BE62DDE0EAA80693,18.4,queries/tpch/tpch-queries/q17/v2_decorrelate.sql,measured,2,4,5,3,0.318,2071.933,14,5,1,8013200,1,125941095,27,2,part;ixtest_part_container;ixtest_part_brand;lineitem,119526,0,0,0,31099,53197,0
2026-08-12T13:43:41Z,BE62DDE0EAA80693,18.4,queries/tpch/tpch-queries/q17/v2_decorrelate.sql,measured,2,5,5,3,0.328,2162.090,14,5,1,8013199,1,125941059,27,2,part;ixtest_part_container;ixtest_part_brand;lineitem,119526,0,0,0,31307,53399,0
2026-08-12T13:43:51Z,BE62DDE0EAA80693,18.4,queries/tpch/tpch-queries/q17/v2_decorrelate.sql,measured,3,1,5,3,1.432,2119.977,14,5,1,8013198,1,125941023,27,2,part;ixtest_part_container;ixtest_part_brand;lineitem,119526,0,0,0,32864,54465,0
2026-08-12T13:43:51Z,BE62DDE0EAA80693,18.4,queries/tpch/tpch-queries/q17/v2_decorrelate.sql,measured,3,2,5,3,0.329,2072.755,14,5,1,8013209,1,125941419,27,2,part;ixtest_part_container;ixtest_part_brand;lineitem,119526,0,0,0,31890,53982,0
2026-08-12T13:43:51Z,BE62DDE0EAA80693,18.4,queries/tpch/tpch-queries/q17/v2_decorrelate.sql,measured,3,3,5,3,0.312,2093.764,14,5,1,8013198,1,125941023,27,2,part;ixtest_part_container;ixtest_part_brand;lineitem,119526,0,0,0,33049,54775,0
2026-08-12T13:43:51Z,BE62DDE0EAA80693,18.4,queries/tpch/tpch-queries/q17/v2_decorrelate.sql,measured,3,4,5,3,0.323,2073.277,14,5,1,8013190,1,125940735,27,2,part;ixtest_part_container;ixtest_part_brand;lineitem,119526,0,0,0,32642,54740,0
2026-08-12T13:43:51Z,BE62DDE0EAA80693,18.4,queries/tpch/tpch-queries/q17/v2_decorrelate.sql,measured,3,5,5,3,0.321,2145.203,14,5,1,8013226,1,125942031,27,2,part;ixtest_part_container;ixtest_part_brand;lineitem,119526,0,0,0,32112,54205,0
2026-08-12T13:43:54Z,BE62DDE0EAA80693,18.4,queries/tpch/tpch-queries/q18/base.sql,warmup,1,1,1,3,1.986,2173.649,15,4,57,19505640,100,192090147,1499943,2,orders;lineitem;customer,393921,0,0,0,0,0,0
2026-08-12T13:43:56Z,BE62DDE0EAA80693,18.4,queries/tpch/tpch-queries/q18/base.sql,warmup,2,1,1,3,2.087,2239.424,15,4,57,19505640,100,192090147,1499943,2,orders;lineitem;customer,393921,0,0,0,0,0,0
2026-08-12T13:44:07Z,BE62DDE0EAA80693,18.4,queries/tpch/tpch-queries/q18/base.sql,measured,1,1,5,3,2.075,2228.180,15,4,57,19505640,100,192090147,1499943,2,orders;lineitem;customer,393921,0,0,0,0,0,0
2026-08-12T13:44:07Z,BE62DDE0EAA80693,18.4,queries/tpch/tpch-queries/q18/base.sql,measured,1,2,5,3,0.777,2261.328,15,4,57,19505640,100,192090147,1499943,2,orders;lineitem;customer,393915,0,0,0,0,0,0
2026-08-12T13:44:07Z,BE62DDE0EAA80693,18.4,queries/tpch/tpch-queries/q18/base.sql,measured,1,3,5,3,0.799,2296.607,15,4,57,19505640,100,192090147,1499943,2,orders;lineitem;customer,393915,0,0,0,0,0,0
2026-08-12T13:44:07Z,BE62DDE0EAA80693,18.4,queries/tpch/tpch-queries/q18/base.sql,measured,1,4,5,3,0.798,2321.049,15,4,57,19505640,100,192090147,1499943,2,orders;lineitem;customer,393915,0,0,0,0,0,0
2026-08-12T13:44:07Z,BE62DDE0EAA80693,18.4,queries/tpch/tpch-queries/q18/base.sql,measured,1,5,5,3,0.833,2342.648,15,4,57,19505640,100,192090147,1499943,2,orders;lineitem;customer,393915,0,0,0,0,0,0
2026-08-12T13:44:19Z,BE62DDE0EAA80693,18.4,queries/tpch/tpch-queries/q18/base.sql,measured,2,1,5,3,2.087,2335.364,15,4,57,19505640,100,192090147,1499943,2,orders;lineitem;customer,393921,0,0,0,0,0,0
2026-08-12T13:44:19Z,BE62DDE0EAA80693,18.4,queries/tpch/tpch-queries/q18/base.sql,measured,2,2,5,3,0.846,2356.418,15,4,57,19505640,100,192090147,1499943,2,orders;lineitem;customer,393915,0,0,0,0,0,0
2026-08-12T13:44:19Z,BE62DDE0EAA80693,18.4,queries/tpch/tpch-queries/q18/base.sql,measured,2,3,5,3,0.845,2375.514,15,4,57,19505640,100,192090147,1499943,2,orders;lineitem;customer,393915,0,0,0,0,0,0
2026-08-12T13:44:19Z,BE62DDE0EAA80693,18.4,queries/tpch/tpch-queries/q18/base.sql,measured,2,4,5,3,0.826,2360.053,15,4,57,19505640,100,192090147,1499943,2,orders;lineitem;customer,393915,0,0,0,0,0,0
2026-08-12T13:44:19Z,BE62DDE0EAA80693,18.4,queries/tpch/tpch-queries/q18/base.sql,measured,2,5,5,3,0.794,2350.843,15,4,57,19505640,100,192090147,1499943,2,orders;lineitem;customer,393915,0,0,0,0,0,0
2026-08-12T13:44:31Z,BE62DDE0EAA80693,18.4,queries/tpch/tpch-queries/q18/base.sql,measured,3,1,5,3,2.055,2360.800,15,4,57,19505640,100,192090147,1499943,2,orders;lineitem;customer,393921,0,0,0,0,0,0
2026-08-12T13:44:31Z,BE62DDE0EAA80693,18.4,queries/tpch/tpch-queries/q18/base.sql,measured,3,2,5,3,1.158,2276.543,15,4,57,19505640,100,192090147,1499943,2,orders;lineitem;customer,393915,0,0,0,0,0,0
2026-08-12T13:44:31Z,BE62DDE0EAA80693,18.4,queries/tpch/tpch-queries/q18/base.sql,measured,3,3,5,3,0.868,2351.899,15,4,57,19505640,100,192090147,1499943,2,orders;lineitem;customer,393915,0,0,0,0,0,0
2026-08-12T13:44:31Z,BE62DDE0EAA80693,18.4,queries/tpch/tpch-queries/q18/base.sql,measured,3,4,5,3,0.821,2370.621,15,4,57,19505640,100,192090147,1499943,2,orders;lineitem;customer,393915,0,0,0,0,0,0
2026-08-12T13:44:31Z,BE62DDE0EAA80693,18.4,queries/tpch/tpch-queries/q18/base.sql,measured,3,5,5,3,0.820,2364.559,15,4,57,19505640,100,192090147,1499943,2,orders;lineitem;customer,393915,0,0,0,0,0,0
2026-08-12T13:44:34Z,BE62DDE0EAA80693,18.4,queries/tpch/tpch-queries/q18/v1_materialized.sql,warmup,1,1,1,3,1.896,2482.400,16,5,57,19655982,100,195571896,1499943,2,customer;orders;lineitem;_m,397317,0,0,0,0,0,0
2026-08-12T13:44:36Z,BE62DDE0EAA80693,18.4,queries/tpch/tpch-queries/q18/v1_materialized.sql,warmup,2,1,1,3,1.916,2595.047,16,5,57,19655982,100,195571896,1499943,2,customer;orders;lineitem;_m,397317,0,0,0,0,0,0
2026-08-12T13:44:49Z,BE62DDE0EAA80693,18.4,queries/tpch/tpch-queries/q18/v1_materialized.sql,measured,1,1,5,3,1.921,2576.457,16,5,57,19655982,100,195571896,1499943,2,customer;orders;lineitem;_m,397317,0,0,0,0,0,0
2026-08-12T13:44:49Z,BE62DDE0EAA80693,18.4,queries/tpch/tpch-queries/q18/v1_materialized.sql,measured,1,2,5,3,0.653,2582.925,16,5,57,19655982,100,195571896,1499943,2,customer;orders;lineitem;_m,397317,0,0,0,0,0,0
2026-08-12T13:44:49Z,BE62DDE0EAA80693,18.4,queries/tpch/tpch-queries/q18/v1_materialized.sql,measured,1,3,5,3,0.802,2548.256,16,5,57,19655982,100,195571896,1499943,2,customer;orders;lineitem;_m,397317,0,0,0,0,0,0
2026-08-12T13:44:49Z,BE62DDE0EAA80693,18.4,queries/tpch/tpch-queries/q18/v1_materialized.sql,measured,1,4,5,3,0.656,2494.149,16,5,57,19655982,100,195571896,1499943,2,customer;orders;lineitem;_m,397317,0,0,0,0,0,0
2026-08-12T13:44:49Z,BE62DDE0EAA80693,18.4,queries/tpch/tpch-queries/q18/v1_materialized.sql,measured,1,5,5,3,0.636,2360.612,16,5,57,19655982,100,195571896,1499943,2,customer;orders;lineitem;_m,397317,0,0,0,0,0,0
2026-08-12T13:45:02Z,BE62DDE0EAA80693,18.4,queries/tpch/tpch-queries/q18/v1_materialized.sql,measured,2,1,5,3,1.955,2656.167,16,5,57,19655982,100,195571896,1499943,2,customer;orders;lineitem;_m,397317,0,0,0,0,0,0
2026-08-12T13:45:02Z,BE62DDE0EAA80693,18.4,queries/tpch/tpch-queries/q18/v1_materialized.sql,measured,2,2,5,3,0.652,2586.996,16,5,57,19655982,100,195571896,1499943,2,customer;orders;lineitem;_m,397317,0,0,0,0,0,0
2026-08-12T13:45:02Z,BE62DDE0EAA80693,18.4,queries/tpch/tpch-queries/q18/v1_materialized.sql,measured,2,3,5,3,0.641,2574.175,16,5,57,19655982,100,195571896,1499943,2,customer;orders;lineitem;_m,397317,0,0,0,0,0,0
2026-08-12T13:45:02Z,BE62DDE0EAA80693,18.4,queries/tpch/tpch-queries/q18/v1_materialized.sql,measured,2,4,5,3,0.637,2545.909,16,5,57,19655982,100,195571896,1499943,2,customer;orders;lineitem;_m,397317,0,0,0,0,0,0
2026-08-12T13:45:02Z,BE62DDE0EAA80693,18.4,queries/tpch/tpch-queries/q18/v1_materialized.sql,measured,2,5,5,3,0.653,2412.741,16,5,57,19655982,100,195571896,1499943,2,customer;orders;lineitem;_m,397317,0,0,0,0,0,0
2026-08-12T13:45:15Z,BE62DDE0EAA80693,18.4,queries/tpch/tpch-queries/q18/v1_materialized.sql,measured,3,1,5,3,1.904,2521.892,16,5,57,19655982,100,195571896,1499943,2,customer;orders;lineitem;_m,397317,0,0,0,0,0,0
2026-08-12T13:45:15Z,BE62DDE0EAA80693,18.4,queries/tpch/tpch-queries/q18/v1_materialized.sql,measured,3,2,5,3,0.636,2359.442,16,5,57,19655982,100,195571896,1499943,2,customer;orders;lineitem;_m,397317,0,0,0,0,0,0
2026-08-12T13:45:15Z,BE62DDE0EAA80693,18.4,queries/tpch/tpch-queries/q18/v1_materialized.sql,measured,3,3,5,3,0.666,2546.107,16,5,57,19655982,100,195571896,1499943,2,customer;orders;lineitem;_m,397317,0,0,0,0,0,0
2026-08-12T13:45:15Z,BE62DDE0EAA80693,18.4,queries/tpch/tpch-queries/q18/v1_materialized.sql,measured,3,4,5,3,0.614,2573.288,16,5,57,19655982,100,195571896,1499943,2,customer;orders;lineitem;_m,397317,0,0,0,0,0,0
2026-08-12T13:45:15Z,BE62DDE0EAA80693,18.4,queries/tpch/tpch-queries/q18/v1_materialized.sql,measured,3,5,5,3,0.653,2528.332,16,5,57,19655982,100,195571896,1499943,2,customer;orders;lineitem;_m,397317,0,0,0,0,0,0
2026-08-12T13:45:17Z,BE62DDE0EAA80693,18.4,queries/tpch/tpch-queries/q18/v2_join.sql,warmup,1,1,1,3,2.084,2299.186,15,4,57,19505640,100,192090147,1499943,2,orders;lineitem;customer,393921,0,0,0,0,0,0
2026-08-12T13:45:20Z,BE62DDE0EAA80693,18.4,queries/tpch/tpch-queries/q18/v2_join.sql,warmup,2,1,1,3,2.086,2376.686,15,4,57,19505640,100,192090147,1499943,2,orders;lineitem;customer,393921,0,0,0,0,0,0
2026-08-12T13:45:31Z,BE62DDE0EAA80693,18.4,queries/tpch/tpch-queries/q18/v2_join.sql,measured,1,1,5,3,2.092,2340.897,15,4,57,19505640,100,192090147,1499943,2,orders;lineitem;customer,393921,0,0,0,0,0,0
2026-08-12T13:45:31Z,BE62DDE0EAA80693,18.4,queries/tpch/tpch-queries/q18/v2_join.sql,measured,1,2,5,3,0.857,2368.517,15,4,57,19505640,100,192090147,1499943,2,orders;lineitem;customer,393915,0,0,0,0,0,0
2026-08-12T13:45:31Z,BE62DDE0EAA80693,18.4,queries/tpch/tpch-queries/q18/v2_join.sql,measured,1,3,5,3,0.821,2292.738,15,4,57,19505640,100,192090147,1499943,2,orders;lineitem;customer,393915,0,0,0,0,0,0
2026-08-12T13:45:31Z,BE62DDE0EAA80693,18.4,queries/tpch/tpch-queries/q18/v2_join.sql,measured,1,4,5,3,0.858,2406.016,15,4,57,19505640,100,192090147,1499943,2,orders;lineitem;customer,393915,0,0,0,0,0,0
2026-08-12T13:45:31Z,BE62DDE0EAA80693,18.4,queries/tpch/tpch-queries/q18/v2_join.sql,measured,1,5,5,3,0.790,2315.829,15,4,57,19505640,100,192090147,1499943,2,orders;lineitem;customer,393915,0,0,0,0,0,0
2026-08-12T13:45:43Z,BE62DDE0EAA80693,18.4,queries/tpch/tpch-queries/q18/v2_join.sql,measured,2,1,5,3,2.120,2331.780,15,4,57,19505640,100,192090147,1499943,2,orders;lineitem;customer,393921,0,0,0,0,0,0
2026-08-12T13:45:43Z,BE62DDE0EAA80693,18.4,queries/tpch/tpch-queries/q18/v2_join.sql,measured,2,2,5,3,0.864,2412.529,15,4,57,19505640,100,192090147,1499943,2,orders;lineitem;customer,393915,0,0,0,0,0,0
2026-08-12T13:45:43Z,BE62DDE0EAA80693,18.4,queries/tpch/tpch-queries/q18/v2_join.sql,measured,2,3,5,3,0.822,2208.143,15,4,57,19505640,100,192090147,1499943,2,orders;lineitem;customer,393915,0,0,0,0,0,0
2026-08-12T13:45:43Z,BE62DDE0EAA80693,18.4,queries/tpch/tpch-queries/q18/v2_join.sql,measured,2,4,5,3,0.874,2250.452,15,4,57,19505640,100,192090147,1499943,2,orders;lineitem;customer,393915,0,0,0,0,0,0
2026-08-12T13:45:43Z,BE62DDE0EAA80693,18.4,queries/tpch/tpch-queries/q18/v2_join.sql,measured,2,5,5,3,0.867,2391.925,15,4,57,19505640,100,192090147,1499943,2,orders;lineitem;customer,393915,0,0,0,0,0,0
2026-08-12T13:45:55Z,BE62DDE0EAA80693,18.4,queries/tpch/tpch-queries/q18/v2_join.sql,measured,3,1,5,3,2.098,2312.491,15,4,57,19505640,100,192090147,1499943,2,orders;lineitem;customer,393921,0,0,0,0,0,0
2026-08-12T13:45:55Z,BE62DDE0EAA80693,18.4,queries/tpch/tpch-queries/q18/v2_join.sql,measured,3,2,5,3,0.850,2374.040,15,4,57,19505640,100,192090147,1499943,2,orders;lineitem;customer,393915,0,0,0,0,0,0
2026-08-12T13:45:55Z,BE62DDE0EAA80693,18.4,queries/tpch/tpch-queries/q18/v2_join.sql,measured,3,3,5,3,0.801,2282.313,15,4,57,19505640,100,192090147,1499943,2,orders;lineitem;customer,393915,0,0,0,0,0,0
2026-08-12T13:45:55Z,BE62DDE0EAA80693,18.4,queries/tpch/tpch-queries/q18/v2_join.sql,measured,3,4,5,3,0.856,2301.387,15,4,57,19505640,100,192090147,1499943,2,orders;lineitem;customer,393915,0,0,0,0,0,0
2026-08-12T13:45:55Z,BE62DDE0EAA80693,18.4,queries/tpch/tpch-queries/q18/v2_join.sql,measured,3,5,5,3,0.839,2311.536,15,4,57,19505640,100,192090147,1499943,2,orders;lineitem;customer,393915,0,0,0,0,0,0
2026-08-12T13:45:55Z,BE62DDE0EAA80693,18.4,queries/tpch/tpch-queries/q19/base.sql,warmup,1,1,1,3,1.574,46.255,6,2,1,610,1,16154,66534,2,part;lineitem,19555,327,0,0,0,0,0
2026-08-12T13:45:55Z,BE62DDE0EAA80693,18.4,queries/tpch/tpch-queries/q19/base.sql,warmup,2,1,1,3,1.584,43.823,6,2,1,610,1,16154,66534,2,part;lineitem,19882,0,0,0,0,0,0
2026-08-12T13:45:55Z,BE62DDE0EAA80693,18.4,queries/tpch/tpch-queries/q19/base.sql,measured,1,1,5,3,1.611,45.347,6,2,1,610,1,16154,66534,2,part;lineitem,19882,0,0,0,0,0,0
2026-08-12T13:45:55Z,BE62DDE0EAA80693,18.4,queries/tpch/tpch-queries/q19/base.sql,measured,1,2,5,3,0.382,39.440,6,2,1,610,1,16154,66534,2,part;lineitem,19882,0,0,0,0,0,0
2026-08-12T13:45:55Z,BE62DDE0EAA80693,18.4,queries/tpch/tpch-queries/q19/base.sql,measured,1,3,5,3,0.395,37.143,6,2,1,610,1,16154,66534,2,part;lineitem,19882,0,0,0,0,0,0
2026-08-12T13:45:55Z,BE62DDE0EAA80693,18.4,queries/tpch/tpch-queries/q19/base.sql,measured,1,4,5,3,0.430,36.853,6,2,1,610,1,16154,66534,2,part;lineitem,19882,0,0,0,0,0,0
2026-08-12T13:45:55Z,BE62DDE0EAA80693,18.4,queries/tpch/tpch-queries/q19/base.sql,measured,1,5,5,3,0.385,36.838,6,2,1,610,1,16154,66534,2,part;lineitem,19882,0,0,0,0,0,0
2026-08-12T13:45:56Z,BE62DDE0EAA80693,18.4,queries/tpch/tpch-queries/q19/base.sql,measured,2,1,5,3,1.748,46.440,6,2,1,610,1,16154,66534,2,part;lineitem,19882,0,0,0,0,0,0
2026-08-12T13:45:56Z,BE62DDE0EAA80693,18.4,queries/tpch/tpch-queries/q19/base.sql,measured,2,2,5,3,0.423,40.742,6,2,1,610,1,16154,66534,2,part;lineitem,19882,0,0,0,0,0,0
2026-08-12T13:45:56Z,BE62DDE0EAA80693,18.4,queries/tpch/tpch-queries/q19/base.sql,measured,2,3,5,3,0.414,38.691,6,2,1,610,1,16154,66534,2,part;lineitem,19882,0,0,0,0,0,0
2026-08-12T13:45:56Z,BE62DDE0EAA80693,18.4,queries/tpch/tpch-queries/q19/base.sql,measured,2,4,5,3,0.418,37.755,6,2,1,610,1,16154,66534,2,part;lineitem,19882,0,0,0,0,0,0
2026-08-12T13:45:56Z,BE62DDE0EAA80693,18.4,queries/tpch/tpch-queries/q19/base.sql,measured,2,5,5,3,0.427,37.214,6,2,1,610,1,16154,66534,2,part;lineitem,19882,0,0,0,0,0,0
2026-08-12T13:45:56Z,BE62DDE0EAA80693,18.4,queries/tpch/tpch-queries/q19/base.sql,measured,3,1,5,3,1.587,44.314,6,2,1,610,1,16154,66534,2,part;lineitem,19882,0,0,0,0,0,0
2026-08-12T13:45:56Z,BE62DDE0EAA80693,18.4,queries/tpch/tpch-queries/q19/base.sql,measured,3,2,5,3,0.395,41.343,6,2,1,610,1,16154,66534,2,part;lineitem,19882,0,0,0,0,0,0
2026-08-12T13:45:56Z,BE62DDE0EAA80693,18.4,queries/tpch/tpch-queries/q19/base.sql,measured,3,3,5,3,0.399,39.642,6,2,1,610,1,16154,66534,2,part;lineitem,19882,0,0,0,0,0,0
2026-08-12T13:45:56Z,BE62DDE0EAA80693,18.4,queries/tpch/tpch-queries/q19/base.sql,measured,3,4,5,3,0.435,39.984,6,2,1,610,1,16154,66534,2,part;lineitem,19882,0,0,0,0,0,0
2026-08-12T13:45:56Z,BE62DDE0EAA80693,18.4,queries/tpch/tpch-queries/q19/base.sql,measured,3,5,5,3,0.435,39.619,6,2,1,610,1,16154,66534,2,part;lineitem,19882,0,0,0,0,0,0
2026-08-12T13:45:56Z,BE62DDE0EAA80693,18.4,queries/tpch/tpch-queries/q19/v1_materialized.sql,warmup,1,1,1,3,1.656,44.101,7,3,1,611,1,16186,66534,2,_m;part;lineitem,19882,0,0,0,0,0,0
2026-08-12T13:45:56Z,BE62DDE0EAA80693,18.4,queries/tpch/tpch-queries/q19/v1_materialized.sql,warmup,2,1,1,3,1.611,43.704,7,3,1,611,1,16186,66534,2,_m;part;lineitem,19882,0,0,0,0,0,0
2026-08-12T13:45:56Z,BE62DDE0EAA80693,18.4,queries/tpch/tpch-queries/q19/v1_materialized.sql,measured,1,1,5,3,1.603,45.387,7,3,1,611,1,16186,66534,2,_m;part;lineitem,19882,0,0,0,0,0,0
2026-08-12T13:45:56Z,BE62DDE0EAA80693,18.4,queries/tpch/tpch-queries/q19/v1_materialized.sql,measured,1,2,5,3,0.414,40.619,7,3,1,611,1,16186,66534,2,_m;part;lineitem,19882,0,0,0,0,0,0
2026-08-12T13:45:56Z,BE62DDE0EAA80693,18.4,queries/tpch/tpch-queries/q19/v1_materialized.sql,measured,1,3,5,3,0.422,38.054,7,3,1,611,1,16186,66534,2,_m;part;lineitem,19882,0,0,0,0,0,0
2026-08-12T13:45:56Z,BE62DDE0EAA80693,18.4,queries/tpch/tpch-queries/q19/v1_materialized.sql,measured,1,4,5,3,0.429,38.100,7,3,1,611,1,16186,66534,2,_m;part;lineitem,19882,0,0,0,0,0,0
2026-08-12T13:45:56Z,BE62DDE0EAA80693,18.4,queries/tpch/tpch-queries/q19/v1_materialized.sql,measured,1,5,5,3,0.428,38.038,7,3,1,611,1,16186,66534,2,_m;part;lineitem,19882,0,0,0,0,0,0
2026-08-12T13:45:57Z,BE62DDE0EAA80693,18.4,queries/tpch/tpch-queries/q19/v1_materialized.sql,measured,2,1,5,3,1.590,44.048,7,3,1,611,1,16186,66534,2,_m;part;lineitem,19882,0,0,0,0,0,0
2026-08-12T13:45:57Z,BE62DDE0EAA80693,18.4,queries/tpch/tpch-queries/q19/v1_materialized.sql,measured,2,2,5,3,0.421,40.281,7,3,1,611,1,16186,66534,2,_m;part;lineitem,19882,0,0,0,0,0,0
2026-08-12T13:45:57Z,BE62DDE0EAA80693,18.4,queries/tpch/tpch-queries/q19/v1_materialized.sql,measured,2,3,5,3,0.423,38.026,7,3,1,611,1,16186,66534,2,_m;part;lineitem,19882,0,0,0,0,0,0
2026-08-12T13:45:57Z,BE62DDE0EAA80693,18.4,queries/tpch/tpch-queries/q19/v1_materialized.sql,measured,2,4,5,3,0.451,38.691,7,3,1,611,1,16186,66534,2,_m;part;lineitem,19882,0,0,0,0,0,0
2026-08-12T13:45:57Z,BE62DDE0EAA80693,18.4,queries/tpch/tpch-queries/q19/v1_materialized.sql,measured,2,5,5,3,0.436,38.598,7,3,1,611,1,16186,66534,2,_m;part;lineitem,19882,0,0,0,0,0,0
2026-08-12T13:45:57Z,BE62DDE0EAA80693,18.4,queries/tpch/tpch-queries/q19/v1_materialized.sql,measured,3,1,5,3,1.596,45.292,7,3,1,611,1,16186,66534,2,_m;part;lineitem,19882,0,0,0,0,0,0
2026-08-12T13:45:57Z,BE62DDE0EAA80693,18.4,queries/tpch/tpch-queries/q19/v1_materialized.sql,measured,3,2,5,3,0.474,42.287,7,3,1,611,1,16186,66534,2,_m;part;lineitem,19882,0,0,0,0,0,0
2026-08-12T13:45:57Z,BE62DDE0EAA80693,18.4,queries/tpch/tpch-queries/q19/v1_materialized.sql,measured,3,3,5,3,0.447,38.672,7,3,1,611,1,16186,66534,2,_m;part;lineitem,19882,0,0,0,0,0,0
2026-08-12T13:45:57Z,BE62DDE0EAA80693,18.4,queries/tpch/tpch-queries/q19/v1_materialized.sql,measured,3,4,5,3,0.435,38.675,7,3,1,611,1,16186,66534,2,_m;part;lineitem,19882,0,0,0,0,0,0
2026-08-12T13:45:57Z,BE62DDE0EAA80693,18.4,queries/tpch/tpch-queries/q19/v1_materialized.sql,measured,3,5,5,3,0.453,39.407,7,3,1,611,1,16186,66534,2,_m;part;lineitem,19882,0,0,0,0,0,0
2026-08-12T13:45:57Z,BE62DDE0EAA80693,18.4,queries/tpch/tpch-queries/q19/v2_union_all.sql,warmup,1,1,1,3,1.907,56.268,13,6,1,729,1,9804,366507,2,part;lineitem,28138,0,0,0,0,0,0
2026-08-12T13:45:57Z,BE62DDE0EAA80693,18.4,queries/tpch/tpch-queries/q19/v2_union_all.sql,warmup,2,1,1,3,1.896,56.566,13,6,1,729,1,9804,366507,2,part;lineitem,28138,0,0,0,0,0,0
2026-08-12T13:45:57Z,BE62DDE0EAA80693,18.4,queries/tpch/tpch-queries/q19/v2_union_all.sql,measured,1,1,5,3,1.957,56.641,13,6,1,729,1,9804,366507,2,part;lineitem,28138,0,0,0,0,0,0
2026-08-12T13:45:57Z,BE62DDE0EAA80693,18.4,queries/tpch/tpch-queries/q19/v2_union_all.sql,measured,1,2,5,3,0.675,52.646,13,6,1,729,1,9804,366507,2,part;lineitem,28138,0,0,0,0,0,0
2026-08-12T13:45:57Z,BE62DDE0EAA80693,18.4,queries/tpch/tpch-queries/q19/v2_union_all.sql,measured,1,3,5,3,0.685,52.062,13,6,1,729,1,9804,366507,2,part;lineitem,28138,0,0,0,0,0,0
2026-08-12T13:45:57Z,BE62DDE0EAA80693,18.4,queries/tpch/tpch-queries/q19/v2_union_all.sql,measured,1,4,5,3,0.701,51.260,13,6,1,729,1,9804,366507,2,part;lineitem,28138,0,0,0,0,0,0
2026-08-12T13:45:57Z,BE62DDE0EAA80693,18.4,queries/tpch/tpch-queries/q19/v2_union_all.sql,measured,1,5,5,3,0.702,49.009,13,6,1,729,1,9804,366507,2,part;lineitem,28138,0,0,0,0,0,0
2026-08-12T13:45:58Z,BE62DDE0EAA80693,18.4,queries/tpch/tpch-queries/q19/v2_union_all.sql,measured,2,1,5,3,1.829,51.232,13,6,1,729,1,9804,366507,2,part;lineitem,28138,0,0,0,0,0,0
2026-08-12T13:45:58Z,BE62DDE0EAA80693,18.4,queries/tpch/tpch-queries/q19/v2_union_all.sql,measured,2,2,5,3,0.709,46.086,13,6,1,729,1,9804,366507,2,part;lineitem,28138,0,0,0,0,0,0
2026-08-12T13:45:58Z,BE62DDE0EAA80693,18.4,queries/tpch/tpch-queries/q19/v2_union_all.sql,measured,2,3,5,3,0.595,45.662,13,6,1,729,1,9804,366507,2,part;lineitem,28138,0,0,0,0,0,0
2026-08-12T13:45:58Z,BE62DDE0EAA80693,18.4,queries/tpch/tpch-queries/q19/v2_union_all.sql,measured,2,4,5,3,0.618,47.278,13,6,1,729,1,9804,366507,2,part;lineitem,28138,0,0,0,0,0,0
2026-08-12T13:45:58Z,BE62DDE0EAA80693,18.4,queries/tpch/tpch-queries/q19/v2_union_all.sql,measured,2,5,5,3,0.635,46.398,13,6,1,729,1,9804,366507,2,part;lineitem,28138,0,0,0,0,0,0
2026-08-12T13:45:58Z,BE62DDE0EAA80693,18.4,queries/tpch/tpch-queries/q19/v2_union_all.sql,measured,3,1,5,3,1.952,52.461,13,6,1,729,1,9804,366507,2,part;lineitem,28138,0,0,0,0,0,0
2026-08-12T13:45:58Z,BE62DDE0EAA80693,18.4,queries/tpch/tpch-queries/q19/v2_union_all.sql,measured,3,2,5,3,0.619,44.945,13,6,1,729,1,9804,366507,2,part;lineitem,28138,0,0,0,0,0,0
2026-08-12T13:45:58Z,BE62DDE0EAA80693,18.4,queries/tpch/tpch-queries/q19/v2_union_all.sql,measured,3,3,5,3,0.607,45.103,13,6,1,729,1,9804,366507,2,part;lineitem,28138,0,0,0,0,0,0
2026-08-12T13:45:58Z,BE62DDE0EAA80693,18.4,queries/tpch/tpch-queries/q19/v2_union_all.sql,measured,3,4,5,3,0.612,44.984,13,6,1,729,1,9804,366507,2,part;lineitem,28138,0,0,0,0,0,0
2026-08-12T13:45:58Z,BE62DDE0EAA80693,18.4,queries/tpch/tpch-queries/q19/v2_union_all.sql,measured,3,5,5,3,0.608,43.965,13,6,1,729,1,9804,366507,2,part;lineitem,28138,0,0,0,0,0,0
2026-08-12T13:45:59Z,BE62DDE0EAA80693,18.4,queries/tpch/tpch-queries/q21/base.sql,warmup,1,1,1,3,3.487,577.819,17,6,100,2269461,1,43352824,257108,2,orders;nation;supplier;lineitem,1102431,465,0,0,7369,7369,0
2026-08-12T13:46:00Z,BE62DDE0EAA80693,18.4,queries/tpch/tpch-queries/q21/base.sql,warmup,2,1,1,3,2.987,626.407,17,6,100,2269461,1,43352824,257108,2,orders;nation;supplier;lineitem,1102896,0,0,0,7369,7369,0
2026-08-12T13:46:03Z,BE62DDE0EAA80693,18.4,queries/tpch/tpch-queries/q21/base.sql,measured,1,1,5,3,3.847,577.050,17,6,100,2269461,1,43352824,257108,2,orders;nation;supplier;lineitem,1102896,0,0,0,7369,7369,0
2026-08-12T13:46:03Z,BE62DDE0EAA80693,18.4,queries/tpch/tpch-queries/q21/base.sql,measured,1,2,5,3,1.484,571.291,17,6,100,2269461,1,43352824,257108,2,orders;nation;supplier;lineitem,1102890,0,0,0,7368,7368,0
2026-08-12T13:46:03Z,BE62DDE0EAA80693,18.4,queries/tpch/tpch-queries/q21/base.sql,measured,1,3,5,3,1.456,567.833,17,6,100,2269461,1,43352824,257108,2,orders;nation;supplier;lineitem,1102890,0,0,0,7369,7369,0
2026-08-12T13:46:03Z,BE62DDE0EAA80693,18.4,queries/tpch/tpch-queries/q21/base.sql,measured,1,4,5,3,1.468,571.690,17,6,100,2269461,1,43352824,257108,2,orders;nation;supplier;lineitem,1102890,0,0,0,7369,7369,0
2026-08-12T13:46:03Z,BE62DDE0EAA80693,18.4,queries/tpch/tpch-queries/q21/base.sql,measured,1,5,5,3,1.461,560.398,17,6,100,2269461,1,43352824,257108,2,orders;nation;supplier;lineitem,1102890,0,0,0,7368,7368,0
2026-08-12T13:46:05Z,BE62DDE0EAA80693,18.4,queries/tpch/tpch-queries/q21/base.sql,measured,2,1,5,3,3.260,565.373,17,6,100,2269461,1,43352824,257108,2,orders;nation;supplier;lineitem,1102896,0,0,0,7368,7368,0
2026-08-12T13:46:05Z,BE62DDE0EAA80693,18.4,queries/tpch/tpch-queries/q21/base.sql,measured,2,2,5,3,1.474,565.259,17,6,100,2269461,1,43352824,257108,2,orders;nation;supplier;lineitem,1102890,0,0,0,7368,7368,0
2026-08-12T13:46:05Z,BE62DDE0EAA80693,18.4,queries/tpch/tpch-queries/q21/base.sql,measured,2,3,5,3,1.467,562.050,17,6,100,2269461,1,43352824,257108,2,orders;nation;supplier;lineitem,1102890,0,0,0,7368,7368,0
2026-08-12T13:46:05Z,BE62DDE0EAA80693,18.4,queries/tpch/tpch-queries/q21/base.sql,measured,2,4,5,3,1.467,560.396,17,6,100,2269461,1,43352824,257108,2,orders;nation;supplier;lineitem,1102890,0,0,0,7369,7369,0
2026-08-12T13:46:05Z,BE62DDE0EAA80693,18.4,queries/tpch/tpch-queries/q21/base.sql,measured,2,5,5,3,1.464,563.345,17,6,100,2269461,1,43352824,257108,2,orders;nation;supplier;lineitem,1102890,0,0,0,7368,7368,0
2026-08-12T13:46:08Z,BE62DDE0EAA80693,18.4,queries/tpch/tpch-queries/q21/base.sql,measured,3,1,5,3,2.952,565.025,17,6,100,2269461,1,43352824,257108,2,orders;nation;supplier;lineitem,1102896,0,0,0,7368,7368,0
2026-08-12T13:46:08Z,BE62DDE0EAA80693,18.4,queries/tpch/tpch-queries/q21/base.sql,measured,3,2,5,3,1.470,565.416,17,6,100,2269461,1,43352824,257108,2,orders;nation;supplier;lineitem,1102890,0,0,0,7368,7368,0
2026-08-12T13:46:08Z,BE62DDE0EAA80693,18.4,queries/tpch/tpch-queries/q21/base.sql,measured,3,3,5,3,1.470,562.390,17,6,100,2269461,1,43352824,257108,2,orders;nation;supplier;lineitem,1102890,0,0,0,7369,7369,0
2026-08-12T13:46:08Z,BE62DDE0EAA80693,18.4,queries/tpch/tpch-queries/q21/base.sql,measured,3,4,5,3,1.459,560.240,17,6,100,2269461,1,43352824,257108,2,orders;nation;supplier;lineitem,1102890,0,0,0,7368,7368,0
2026-08-12T13:46:08Z,BE62DDE0EAA80693,18.4,queries/tpch/tpch-queries/q21/base.sql,measured,3,5,5,3,1.470,559.516,17,6,100,2269461,1,43352824,257108,2,orders;nation;supplier;lineitem,1102890,0,0,0,7367,7367,0
2026-08-12T13:46:09Z,BE62DDE0EAA80693,18.4,queries/tpch/tpch-queries/q21/v1_materialized.sql,warmup,1,1,1,3,2.707,567.719,19,8,100,2242338,1,42436378,257108,2,orders;nation;supplier;ixtest_supplier_nationkey;lineitem;_m,1102784,0,0,0,7369,7369,0
2026-08-12T13:46:10Z,BE62DDE0EAA80693,18.4,queries/tpch/tpch-queries/q21/v1_materialized.sql,warmup,2,1,1,3,2.598,569.434,19,8,100,2242338,1,42436378,257108,2,orders;nation;supplier;ixtest_supplier_nationkey;lineitem;_m,1102784,0,0,0,7369,7369,0
2026-08-12T13:46:13Z,BE62DDE0EAA80693,18.4,queries/tpch/tpch-queries/q21/v1_materialized.sql,measured,1,1,5,3,2.555,565.609,19,8,100,2242338,1,42436378,257108,2,orders;nation;supplier;ixtest_supplier_nationkey;lineitem;_m,1102784,0,0,0,7369,7369,0
2026-08-12T13:46:13Z,BE62DDE0EAA80693,18.4,queries/tpch/tpch-queries/q21/v1_materialized.sql,measured,1,2,5,3,1.091,569.537,19,8,100,2242338,1,42436378,257108,2,orders;nation;supplier;ixtest_supplier_nationkey;lineitem;_m,1102778,0,0,0,7369,7369,0
2026-08-12T13:46:13Z,BE62DDE0EAA80693,18.4,queries/tpch/tpch-queries/q21/v1_materialized.sql,measured,1,3,5,3,1.051,562.615,19,8,100,2242338,1,42436378,257108,2,orders;nation;supplier;ixtest_supplier_nationkey;lineitem;_m,1102778,0,0,0,7369,7369,0
2026-08-12T13:46:13Z,BE62DDE0EAA80693,18.4,queries/tpch/tpch-queries/q21/v1_materialized.sql,measured,1,4,5,3,1.046,568.923,19,8,100,2242338,1,42436378,257108,2,orders;nation;supplier;ixtest_supplier_nationkey;lineitem;_m,1102778,0,0,0,7368,7368,0
2026-08-12T13:46:13Z,BE62DDE0EAA80693,18.4,queries/tpch/tpch-queries/q21/v1_materialized.sql,measured,1,5,5,3,1.046,561.719,19,8,100,2242338,1,42436378,257108,2,orders;nation;supplier;ixtest_supplier_nationkey;lineitem;_m,1102778,0,0,0,7368,7368,0
2026-08-12T13:46:15Z,BE62DDE0EAA80693,18.4,queries/tpch/tpch-queries/q21/v1_materialized.sql,measured,2,1,5,3,2.714,563.931,19,8,100,2242338,1,42436378,257108,2,orders;nation;supplier;ixtest_supplier_nationkey;lineitem;_m,1102784,0,0,0,7368,7368,0
2026-08-12T13:46:15Z,BE62DDE0EAA80693,18.4,queries/tpch/tpch-queries/q21/v1_materialized.sql,measured,2,2,5,3,1.086,572.080,19,8,100,2242338,1,42436378,257108,2,orders;nation;supplier;ixtest_supplier_nationkey;lineitem;_m,1102778,0,0,0,7368,7368,0
2026-08-12T13:46:15Z,BE62DDE0EAA80693,18.4,queries/tpch/tpch-queries/q21/v1_materialized.sql,measured,2,3,5,3,1.047,559.170,19,8,100,2242338,1,42436378,257108,2,orders;nation;supplier;ixtest_supplier_nationkey;lineitem;_m,1102778,0,0,0,7368,7368,0
2026-08-12T13:46:15Z,BE62DDE0EAA80693,18.4,queries/tpch/tpch-queries/q21/v1_materialized.sql,measured,2,4,5,3,1.048,561.854,19,8,100,2242338,1,42436378,257108,2,orders;nation;supplier;ixtest_supplier_nationkey;lineitem;_m,1102778,0,0,0,7368,7368,0
2026-08-12T13:46:15Z,BE62DDE0EAA80693,18.4,queries/tpch/tpch-queries/q21/v1_materialized.sql,measured,2,5,5,3,1.038,558.492,19,8,100,2242338,1,42436378,257108,2,orders;nation;supplier;ixtest_supplier_nationkey;lineitem;_m,1102778,0,0,0,7369,7369,0
2026-08-12T13:46:18Z,BE62DDE0EAA80693,18.4,queries/tpch/tpch-queries/q21/v1_materialized.sql,measured,3,1,5,3,2.524,562.997,19,8,100,2242338,1,42436378,257108,2,orders;nation;supplier;ixtest_supplier_nationkey;lineitem;_m,1102784,0,0,0,7369,7369,0
2026-08-12T13:46:18Z,BE62DDE0EAA80693,18.4,queries/tpch/tpch-queries/q21/v1_materialized.sql,measured,3,2,5,3,1.092,565.011,19,8,100,2242338,1,42436378,257108,2,orders;nation;supplier;ixtest_supplier_nationkey;lineitem;_m,1102778,0,0,0,7369,7369,0
2026-08-12T13:46:18Z,BE62DDE0EAA80693,18.4,queries/tpch/tpch-queries/q21/v1_materialized.sql,measured,3,3,5,3,1.050,564.410,19,8,100,2242338,1,42436378,257108,2,orders;nation;supplier;ixtest_supplier_nationkey;lineitem;_m,1102778,0,0,0,7368,7368,0
2026-08-12T13:46:18Z,BE62DDE0EAA80693,18.4,queries/tpch/tpch-queries/q21/v1_materialized.sql,measured,3,4,5,3,1.047,567.194,19,8,100,2242338,1,42436378,257108,2,orders;nation;supplier;ixtest_supplier_nationkey;lineitem;_m,1102778,0,0,0,7368,7368,0
2026-08-12T13:46:18Z,BE62DDE0EAA80693,18.4,queries/tpch/tpch-queries/q21/v1_materialized.sql,measured,3,5,5,3,1.048,558.096,19,8,100,2242338,1,42436378,257108,2,orders;nation;supplier;ixtest_supplier_nationkey;lineitem;_m,1102778,0,0,0,7368,7368,0
2026-08-12T13:46:19Z,BE62DDE0EAA80693,18.4,queries/tpch/tpch-queries/q22/base.sql,warmup,1,1,1,3,1.239,63.949,10,3,7,76283,730,1451186,80960,2,customer;orders,64227,0,0,0,0,0,0
2026-08-12T13:46:19Z,BE62DDE0EAA80693,18.4,queries/tpch/tpch-queries/q22/base.sql,warmup,2,1,1,3,1.220,55.361,10,3,7,76283,730,1451186,80960,2,customer;orders,64227,0,0,0,0,0,0
2026-08-12T13:46:19Z,BE62DDE0EAA80693,18.4,queries/tpch/tpch-queries/q22/base.sql,measured,1,1,5,3,1.252,63.838,10,3,7,76283,730,1451186,80960,2,customer;orders,64227,0,0,0,0,0,0
2026-08-12T13:46:19Z,BE62DDE0EAA80693,18.4,queries/tpch/tpch-queries/q22/base.sql,measured,1,2,5,3,0.254,53.506,10,3,7,76283,730,1451186,80960,2,customer;orders,64227,0,0,0,0,0,0
2026-08-12T13:46:19Z,BE62DDE0EAA80693,18.4,queries/tpch/tpch-queries/q22/base.sql,measured,1,3,5,3,0.262,60.534,10,3,7,76283,730,1451186,80960,2,customer;orders,64227,0,0,0,0,0,0
2026-08-12T13:46:19Z,BE62DDE0EAA80693,18.4,queries/tpch/tpch-queries/q22/base.sql,measured,1,4,5,3,0.272,53.241,10,3,7,76283,730,1451186,80960,2,customer;orders,64227,0,0,0,0,0,0
2026-08-12T13:46:19Z,BE62DDE0EAA80693,18.4,queries/tpch/tpch-queries/q22/base.sql,measured,1,5,5,3,0.266,53.554,10,3,7,76283,730,1451186,80960,2,customer;orders,64227,0,0,0,0,0,0
2026-08-12T13:46:19Z,BE62DDE0EAA80693,18.4,queries/tpch/tpch-queries/q22/base.sql,measured,2,1,5,3,1.757,83.401,10,3,7,76283,730,1451186,80960,2,customer;orders,64227,0,0,0,0,0,0
2026-08-12T13:46:19Z,BE62DDE0EAA80693,18.4,queries/tpch/tpch-queries/q22/base.sql,measured,2,2,5,3,0.260,53.512,10,3,7,76283,730,1451186,80960,2,customer;orders,64227,0,0,0,0,0,0
2026-08-12T13:46:19Z,BE62DDE0EAA80693,18.4,queries/tpch/tpch-queries/q22/base.sql,measured,2,3,5,3,0.265,53.280,10,3,7,76283,730,1451186,80960,2,customer;orders,64227,0,0,0,0,0,0
2026-08-12T13:46:19Z,BE62DDE0EAA80693,18.4,queries/tpch/tpch-queries/q22/base.sql,measured,2,4,5,3,0.255,54.486,10,3,7,76283,730,1451186,80960,2,customer;orders,64227,0,0,0,0,0,0
2026-08-12T13:46:19Z,BE62DDE0EAA80693,18.4,queries/tpch/tpch-queries/q22/base.sql,measured,2,5,5,3,0.260,53.223,10,3,7,76283,730,1451186,80960,2,customer;orders,64227,0,0,0,0,0,0
2026-08-12T13:46:20Z,BE62DDE0EAA80693,18.4,queries/tpch/tpch-queries/q22/base.sql,measured,3,1,5,3,1.994,94.833,10,3,7,76283,730,1451186,80960,2,customer;orders,64227,0,0,0,0,0,0
2026-08-12T13:46:20Z,BE62DDE0EAA80693,18.4,queries/tpch/tpch-queries/q22/base.sql,measured,3,2,5,3,0.274,62.119,10,3,7,76283,730,1451186,80960,2,customer;orders,64227,0,0,0,0,0,0
2026-08-12T13:46:20Z,BE62DDE0EAA80693,18.4,queries/tpch/tpch-queries/q22/base.sql,measured,3,3,5,3,0.264,53.286,10,3,7,76283,730,1451186,80960,2,customer;orders,64227,0,0,0,0,0,0
2026-08-12T13:46:20Z,BE62DDE0EAA80693,18.4,queries/tpch/tpch-queries/q22/base.sql,measured,3,4,5,3,0.265,53.507,10,3,7,76283,730,1451186,80960,2,customer;orders,64227,0,0,0,0,0,0
2026-08-12T13:46:20Z,BE62DDE0EAA80693,18.4,queries/tpch/tpch-queries/q22/base.sql,measured,3,5,5,3,0.262,53.436,10,3,7,76283,730,1451186,80960,2,customer;orders,64227,0,0,0,0,0,0
2026-08-12T13:46:20Z,BE62DDE0EAA80693,18.4,queries/tpch/tpch-queries/q22/v1_materialized.sql,warmup,1,1,1,3,2.082,93.995,11,4,7,76290,730,1451690,80960,2,_m;customer;orders,64227,0,0,0,0,0,0
2026-08-12T13:46:20Z,BE62DDE0EAA80693,18.4,queries/tpch/tpch-queries/q22/v1_materialized.sql,warmup,2,1,1,3,1.273,54.677,11,4,7,76290,730,1451690,80960,2,_m;customer;orders,64227,0,0,0,0,0,0
2026-08-12T13:46:20Z,BE62DDE0EAA80693,18.4,queries/tpch/tpch-queries/q22/v1_materialized.sql,measured,1,1,5,3,1.350,63.524,11,4,7,76290,730,1451690,80960,2,_m;customer;orders,64227,0,0,0,0,0,0
2026-08-12T13:46:20Z,BE62DDE0EAA80693,18.4,queries/tpch/tpch-queries/q22/v1_materialized.sql,measured,1,2,5,3,0.304,54.299,11,4,7,76290,730,1451690,80960,2,_m;customer;orders,64227,0,0,0,0,0,0
2026-08-12T13:46:20Z,BE62DDE0EAA80693,18.4,queries/tpch/tpch-queries/q22/v1_materialized.sql,measured,1,3,5,3,0.281,54.788,11,4,7,76290,730,1451690,80960,2,_m;customer;orders,64227,0,0,0,0,0,0
2026-08-12T13:46:20Z,BE62DDE0EAA80693,18.4,queries/tpch/tpch-queries/q22/v1_materialized.sql,measured,1,4,5,3,0.282,53.403,11,4,7,76290,730,1451690,80960,2,_m;customer;orders,64227,0,0,0,0,0,0
2026-08-12T13:46:20Z,BE62DDE0EAA80693,18.4,queries/tpch/tpch-queries/q22/v1_materialized.sql,measured,1,5,5,3,0.279,53.555,11,4,7,76290,730,1451690,80960,2,_m;customer;orders,64227,0,0,0,0,0,0
2026-08-12T13:46:21Z,BE62DDE0EAA80693,18.4,queries/tpch/tpch-queries/q22/v1_materialized.sql,measured,2,1,5,3,2.243,83.031,11,4,7,76290,730,1451690,80960,2,_m;customer;orders,64227,0,0,0,0,0,0
2026-08-12T13:46:21Z,BE62DDE0EAA80693,18.4,queries/tpch/tpch-queries/q22/v1_materialized.sql,measured,2,2,5,3,0.401,79.326,11,4,7,76290,730,1451690,80960,2,_m;customer;orders,64227,0,0,0,0,0,0
2026-08-12T13:46:21Z,BE62DDE0EAA80693,18.4,queries/tpch/tpch-queries/q22/v1_materialized.sql,measured,2,3,5,3,0.279,56.599,11,4,7,76290,730,1451690,80960,2,_m;customer;orders,64227,0,0,0,0,0,0
2026-08-12T13:46:21Z,BE62DDE0EAA80693,18.4,queries/tpch/tpch-queries/q22/v1_materialized.sql,measured,2,4,5,3,0.278,61.515,11,4,7,76290,730,1451690,80960,2,_m;customer;orders,64227,0,0,0,0,0,0
2026-08-12T13:46:21Z,BE62DDE0EAA80693,18.4,queries/tpch/tpch-queries/q22/v1_materialized.sql,measured,2,5,5,3,0.280,60.768,11,4,7,76290,730,1451690,80960,2,_m;customer;orders,64227,0,0,0,0,0,0
2026-08-12T13:46:21Z,BE62DDE0EAA80693,18.4,queries/tpch/tpch-queries/q22/v1_materialized.sql,measured,3,1,5,3,1.828,64.949,11,4,7,76290,730,1451690,80960,2,_m;customer;orders,64227,0,0,0,0,0,0
2026-08-12T13:46:21Z,BE62DDE0EAA80693,18.4,queries/tpch/tpch-queries/q22/v1_materialized.sql,measured,3,2,5,3,0.291,53.146,11,4,7,76290,730,1451690,80960,2,_m;customer;orders,64227,0,0,0,0,0,0
2026-08-12T13:46:21Z,BE62DDE0EAA80693,18.4,queries/tpch/tpch-queries/q22/v1_materialized.sql,measured,3,3,5,3,0.279,53.262,11,4,7,76290,730,1451690,80960,2,_m;customer;orders,64227,0,0,0,0,0,0
2026-08-12T13:46:21Z,BE62DDE0EAA80693,18.4,queries/tpch/tpch-queries/q22/v1_materialized.sql,measured,3,4,5,3,0.279,53.302,11,4,7,76290,730,1451690,80960,2,_m;customer;orders,64227,0,0,0,0,0,0
2026-08-12T13:46:21Z,BE62DDE0EAA80693,18.4,queries/tpch/tpch-queries/q22/v1_materialized.sql,measured,3,5,5,3,0.281,54.052,11,4,7,76290,730,1451690,80960,2,_m;customer;orders,64227,0,0,0,0,0,0
2026-08-12T13:46:21Z,BE62DDE0EAA80693,18.4,queries/tpch/tpch-queries/q22/v2_anti_join.sql,warmup,1,1,1,3,1.236,124.507,10,3,7,266283,1,2971186,144316,2,customer;orders,254223,0,0,0,0,0,0
2026-08-12T13:46:22Z,BE62DDE0EAA80693,18.4,queries/tpch/tpch-queries/q22/v2_anti_join.sql,warmup,2,1,1,3,1.279,130.357,10,3,7,266283,1,2971186,144316,2,customer;orders,254223,0,0,0,0,0,0
2026-08-12T13:46:22Z,BE62DDE0EAA80693,18.4,queries/tpch/tpch-queries/q22/v2_anti_join.sql,measured,1,1,5,3,1.269,129.575,10,3,7,266283,1,2971186,144316,2,customer;orders,254223,0,0,0,0,0,0
2026-08-12T13:46:22Z,BE62DDE0EAA80693,18.4,queries/tpch/tpch-queries/q22/v2_anti_join.sql,measured,1,2,5,3,0.313,118.012,10,3,7,266283,1,2971186,144316,2,customer;orders,254220,0,0,0,0,0,0
2026-08-12T13:46:22Z,BE62DDE0EAA80693,18.4,queries/tpch/tpch-queries/q22/v2_anti_join.sql,measured,1,3,5,3,0.306,119.105,10,3,7,266283,1,2971186,144316,2,customer;orders,254220,0,0,0,0,0,0
2026-08-12T13:46:22Z,BE62DDE0EAA80693,18.4,queries/tpch/tpch-queries/q22/v2_anti_join.sql,measured,1,4,5,3,0.301,118.366,10,3,7,266283,1,2971186,144316,2,customer;orders,254220,0,0,0,0,0,0
2026-08-12T13:46:22Z,BE62DDE0EAA80693,18.4,queries/tpch/tpch-queries/q22/v2_anti_join.sql,measured,1,5,5,3,0.300,118.335,10,3,7,266283,1,2971186,144316,2,customer;orders,254220,0,0,0,0,0,0
2026-08-12T13:46:23Z,BE62DDE0EAA80693,18.4,queries/tpch/tpch-queries/q22/v2_anti_join.sql,measured,2,1,5,3,1.994,155.332,10,3,7,266283,1,2971186,144316,2,customer;orders,254223,0,0,0,0,0,0
2026-08-12T13:46:23Z,BE62DDE0EAA80693,18.4,queries/tpch/tpch-queries/q22/v2_anti_join.sql,measured,2,2,5,3,0.306,121.826,10,3,7,266283,1,2971186,144316,2,customer;orders,254220,0,0,0,0,0,0
2026-08-12T13:46:23Z,BE62DDE0EAA80693,18.4,queries/tpch/tpch-queries/q22/v2_anti_join.sql,measured,2,3,5,3,0.331,118.176,10,3,7,266283,1,2971186,144316,2,customer;orders,254220,0,0,0,0,0,0
2026-08-12T13:46:23Z,BE62DDE0EAA80693,18.4,queries/tpch/tpch-queries/q22/v2_anti_join.sql,measured,2,4,5,3,0.321,118.072,10,3,7,266283,1,2971186,144316,2,customer;orders,254220,0,0,0,0,0,0
2026-08-12T13:46:23Z,BE62DDE0EAA80693,18.4,queries/tpch/tpch-queries/q22/v2_anti_join.sql,measured,2,5,5,3,0.326,118.591,10,3,7,266283,1,2971186,144316,2,customer;orders,254220,0,0,0,0,0,0
2026-08-12T13:46:24Z,BE62DDE0EAA80693,18.4,queries/tpch/tpch-queries/q22/v2_anti_join.sql,measured,3,1,5,3,2.543,173.109,10,3,7,266283,1,2971186,144316,2,customer;orders,254223,0,0,0,0,0,0
2026-08-12T13:46:24Z,BE62DDE0EAA80693,18.4,queries/tpch/tpch-queries/q22/v2_anti_join.sql,measured,3,2,5,3,0.306,118.404,10,3,7,266283,1,2971186,144316,2,customer;orders,254220,0,0,0,0,0,0
2026-08-12T13:46:24Z,BE62DDE0EAA80693,18.4,queries/tpch/tpch-queries/q22/v2_anti_join.sql,measured,3,3,5,3,0.316,121.034,10,3,7,266283,1,2971186,144316,2,customer;orders,254220,0,0,0,0,0,0
2026-08-12T13:46:24Z,BE62DDE0EAA80693,18.4,queries/tpch/tpch-queries/q22/v2_anti_join.sql,measured,3,4,5,3,0.308,118.644,10,3,7,266283,1,2971186,144316,2,customer;orders,254220,0,0,0,0,0,0
2026-08-12T13:46:24Z,BE62DDE0EAA80693,18.4,queries/tpch/tpch-queries/q22/v2_anti_join.sql,measured,3,5,5,3,0.308,119.193,10,3,7,266283,1,2971186,144316,2,customer;orders,254220,0,0,0,0,0,0
