===== [1/280] queries/tpch/sqlstorm_slope/reference/15338.sql run_id=D70138D9EC25F09B =====
query_runner configuration:
  QUERY_DIR         = queries/tpch/sqlstorm_slope/reference/15338.sql
  LOGS_DIR          = logs/slope_sample/warm_stepup/reference_20260921T230207Z  (query_timing_/query_samples_/query_catalog_tpch_idx.csv)
  DB_NAME / DB_USER = tpch_idx / postgres
  PGPORT            = 5434  (server reports 18.4)
  RUN_ID            = D70138D9EC25F09B
  WARMUP            = 2 single-copy warm-ups (the first primes the cache)
  BATCH_SIZES       = 1 2 4 8 16  x RUNS=1 measured batches each
  WORKERS           = (planner default)
  STATEMENT_TIMEOUT = 60
  THERMAL_EQUALISE  = gate (T_LO=55 T_HI=60 preheat<=60s cooldown<=120s)
  sensors           = pkg:/sys/class/hwmon/hwmon8/temp1_input cores:4 cpufreq:8 throttle:8/8
  SIGLESS_ADDR      = (disabled)
Found 1 query under queries/tpch/sqlstorm_slope/reference/15338.sql

Catalog snapshot: 37 relations -> logs/slope_sample/warm_stepup/reference_20260921T230207Z/query_catalog_tpch_idx.csv
[1/1] queries/tpch/sqlstorm_slope/reference/15338.sql (2 warmup + step-up 1 2 4 8 16 x1)
  thermal gate: pre-heated 15s -> 56.0 C
  warmup 1/2: 1.459520 sec (cache prime)
  warmup 2/2: 1.305163 sec
  N=1   batch 1/1: 1.309877 sec, 1 copy (server sum 1253.278 ms)
  N=2   batch 1/1: 2.523041 sec, 2 copies (server sum 2465.897 ms)
  N=4   batch 1/1: 4.926456 sec, 4 copies (server sum 4866.690 ms)
  N=8   batch 1/1: 9.690830 sec, 8 copies (server sum 9624.972 ms)
  N=16  batch 1/1: 19.300735 sec, 16 copies (server sum 19198.367 ms)
  done: 5 sizes x 1 run (0 failures)

Done. Batch rows appended to logs/slope_sample/warm_stepup/reference_20260921T230207Z/query_timing_tpch_idx.csv
Per-copy samples appended to logs/slope_sample/warm_stepup/reference_20260921T230207Z/query_samples_tpch_idx.csv
Relation sizes appended to logs/slope_sample/warm_stepup/reference_20260921T230207Z/query_catalog_tpch_idx.csv
Last batch ended at epoch 1790031789.683 (PREV_END_EPOCH for the next invocation)
===== [2/280] queries/tpch/sqlstorm_slope/reference/29659.sql run_id=9FAF0E024838AF87 =====
query_runner configuration:
  QUERY_DIR         = queries/tpch/sqlstorm_slope/reference/29659.sql
  LOGS_DIR          = logs/slope_sample/warm_stepup/reference_20260921T230207Z  (query_timing_/query_samples_/query_catalog_tpch_idx.csv)
  DB_NAME / DB_USER = tpch_idx / postgres
  PGPORT            = 5434  (server reports 18.4)
  RUN_ID            = 9FAF0E024838AF87
  WARMUP            = 2 single-copy warm-ups (the first primes the cache)
  BATCH_SIZES       = 1 2 4 8 16  x RUNS=1 measured batches each
  WORKERS           = (planner default)
  STATEMENT_TIMEOUT = 60
  THERMAL_EQUALISE  = gate (T_LO=55 T_HI=60 preheat<=60s cooldown<=120s)
  sensors           = pkg:/sys/class/hwmon/hwmon8/temp1_input cores:4 cpufreq:8 throttle:8/8
  SIGLESS_ADDR      = (disabled)
Found 1 query under queries/tpch/sqlstorm_slope/reference/29659.sql

[1/1] queries/tpch/sqlstorm_slope/reference/29659.sql (2 warmup + step-up 1 2 4 8 16 x1)
  thermal gate: pre-heated 5s -> 57.0 C
  warmup 1/2: 3.592473 sec (cache prime)
  warmup 2/2: 2.487931 sec
  N=1   batch 1/1: 2.484775 sec, 1 copy (server sum 2424.195 ms)
  N=2   batch 1/1: 4.873005 sec, 2 copies (server sum 4809.880 ms)
  N=4   batch 1/1: 9.817249 sec, 4 copies (server sum 9700.007 ms)
  N=8   batch 1/1: 19.346879 sec, 8 copies (server sum 19214.795 ms)
  N=16  batch 1/1: 40.153251 sec, 16 copies (server sum 40040.243 ms)
  done: 5 sizes x 1 run (0 failures)

Done. Batch rows appended to logs/slope_sample/warm_stepup/reference_20260921T230207Z/query_timing_tpch_idx.csv
Per-copy samples appended to logs/slope_sample/warm_stepup/reference_20260921T230207Z/query_samples_tpch_idx.csv
Last batch ended at epoch 1790031881.630 (PREV_END_EPOCH for the next invocation)
===== [3/280] queries/tpch/sqlstorm_slope/reference/26387.sql run_id=6FFE52CBA65F4D0A =====
query_runner configuration:
  QUERY_DIR         = queries/tpch/sqlstorm_slope/reference/26387.sql
  LOGS_DIR          = logs/slope_sample/warm_stepup/reference_20260921T230207Z  (query_timing_/query_samples_/query_catalog_tpch_idx.csv)
  DB_NAME / DB_USER = tpch_idx / postgres
  PGPORT            = 5434  (server reports 18.4)
  RUN_ID            = 6FFE52CBA65F4D0A
  WARMUP            = 2 single-copy warm-ups (the first primes the cache)
  BATCH_SIZES       = 1 2 4 8 16  x RUNS=1 measured batches each
  WORKERS           = (planner default)
  STATEMENT_TIMEOUT = 60
  THERMAL_EQUALISE  = gate (T_LO=55 T_HI=60 preheat<=60s cooldown<=120s)
  sensors           = pkg:/sys/class/hwmon/hwmon8/temp1_input cores:4 cpufreq:8 throttle:8/8
  SIGLESS_ADDR      = (disabled)
Found 1 query under queries/tpch/sqlstorm_slope/reference/26387.sql

[1/1] queries/tpch/sqlstorm_slope/reference/26387.sql (2 warmup + step-up 1 2 4 8 16 x1)
  thermal gate: waited 6s -> 60.0 C
  warmup 1/2: 5.140742 sec (cache prime)
  warmup 2/2: 4.531899 sec
  N=1   batch 1/1: 4.323175 sec, 1 copy (server sum 4265.838 ms)
  N=2   batch 1/1: 8.489093 sec, 2 copies (server sum 8430.839 ms)
  N=4   batch 1/1: 17.076448 sec, 4 copies (server sum 17015.470 ms)
  N=8   batch 1/1: 34.222356 sec, 8 copies (server sum 34102.511 ms)
  N=16  batch 1/1: 68.143755 sec, 16 copies (server sum 68066.342 ms)
  done: 5 sizes x 1 run (0 failures)

Done. Batch rows appended to logs/slope_sample/warm_stepup/reference_20260921T230207Z/query_timing_tpch_idx.csv
Per-copy samples appended to logs/slope_sample/warm_stepup/reference_20260921T230207Z/query_samples_tpch_idx.csv
Last batch ended at epoch 1790032033.855 (PREV_END_EPOCH for the next invocation)
===== [4/280] queries/tpch/sqlstorm_slope/reference/11767.sql run_id=D10145EB16B1E8D3 =====
query_runner configuration:
  QUERY_DIR         = queries/tpch/sqlstorm_slope/reference/11767.sql
  LOGS_DIR          = logs/slope_sample/warm_stepup/reference_20260921T230207Z  (query_timing_/query_samples_/query_catalog_tpch_idx.csv)
  DB_NAME / DB_USER = tpch_idx / postgres
  PGPORT            = 5434  (server reports 18.4)
  RUN_ID            = D10145EB16B1E8D3
  WARMUP            = 2 single-copy warm-ups (the first primes the cache)
  BATCH_SIZES       = 1 2 4 8 16  x RUNS=1 measured batches each
  WORKERS           = (planner default)
  STATEMENT_TIMEOUT = 60
  THERMAL_EQUALISE  = gate (T_LO=55 T_HI=60 preheat<=60s cooldown<=120s)
  sensors           = pkg:/sys/class/hwmon/hwmon8/temp1_input cores:4 cpufreq:8 throttle:8/8
  SIGLESS_ADDR      = (disabled)
Found 1 query under queries/tpch/sqlstorm_slope/reference/11767.sql

[1/1] queries/tpch/sqlstorm_slope/reference/11767.sql (2 warmup + step-up 1 2 4 8 16 x1)
  warmup 1/2: 1.533270 sec (cache prime)
  warmup 2/2: 0.739769 sec
  N=1   batch 1/1: 0.737649 sec, 1 copy (server sum 679.676 ms)
  N=2   batch 1/1: 1.397215 sec, 2 copies (server sum 1335.380 ms)
  N=4   batch 1/1: 2.696615 sec, 4 copies (server sum 2627.322 ms)
  N=8   batch 1/1: 5.335259 sec, 8 copies (server sum 5262.161 ms)
  N=16  batch 1/1: 10.565104 sec, 16 copies (server sum 10475.898 ms)
  done: 5 sizes x 1 run (0 failures)

Done. Batch rows appended to logs/slope_sample/warm_stepup/reference_20260921T230207Z/query_timing_tpch_idx.csv
Per-copy samples appended to logs/slope_sample/warm_stepup/reference_20260921T230207Z/query_samples_tpch_idx.csv
Last batch ended at epoch 1790032060.808 (PREV_END_EPOCH for the next invocation)
===== [5/280] queries/tpch/sqlstorm_slope/reference/5820.sql run_id=26C0805987C3677E =====
query_runner configuration:
  QUERY_DIR         = queries/tpch/sqlstorm_slope/reference/5820.sql
  LOGS_DIR          = logs/slope_sample/warm_stepup/reference_20260921T230207Z  (query_timing_/query_samples_/query_catalog_tpch_idx.csv)
  DB_NAME / DB_USER = tpch_idx / postgres
  PGPORT            = 5434  (server reports 18.4)
  RUN_ID            = 26C0805987C3677E
  WARMUP            = 2 single-copy warm-ups (the first primes the cache)
  BATCH_SIZES       = 1 2 4 8 16  x RUNS=1 measured batches each
  WORKERS           = (planner default)
  STATEMENT_TIMEOUT = 60
  THERMAL_EQUALISE  = gate (T_LO=55 T_HI=60 preheat<=60s cooldown<=120s)
  sensors           = pkg:/sys/class/hwmon/hwmon8/temp1_input cores:4 cpufreq:8 throttle:8/8
  SIGLESS_ADDR      = (disabled)
Found 1 query under queries/tpch/sqlstorm_slope/reference/5820.sql

[1/1] queries/tpch/sqlstorm_slope/reference/5820.sql (2 warmup + step-up 1 2 4 8 16 x1)
  warmup 1/2: 0.608151 sec (cache prime)
  warmup 2/2: 0.423073 sec
  N=1   batch 1/1: 0.375895 sec, 1 copy (server sum 318.380 ms)
  N=2   batch 1/1: 0.699418 sec, 2 copies (server sum 617.528 ms)
  N=4   batch 1/1: 1.279688 sec, 4 copies (server sum 1215.647 ms)
  N=8   batch 1/1: 2.532761 sec, 8 copies (server sum 2459.991 ms)
  N=16  batch 1/1: 5.023382 sec, 16 copies (server sum 4895.571 ms)
  done: 5 sizes x 1 run (0 failures)

Done. Batch rows appended to logs/slope_sample/warm_stepup/reference_20260921T230207Z/query_timing_tpch_idx.csv
Per-copy samples appended to logs/slope_sample/warm_stepup/reference_20260921T230207Z/query_samples_tpch_idx.csv
Last batch ended at epoch 1790032076.430 (PREV_END_EPOCH for the next invocation)
===== [6/280] queries/tpch/sqlstorm_slope/reference/8033.sql run_id=958592B2EA923B6B =====
query_runner configuration:
  QUERY_DIR         = queries/tpch/sqlstorm_slope/reference/8033.sql
  LOGS_DIR          = logs/slope_sample/warm_stepup/reference_20260921T230207Z  (query_timing_/query_samples_/query_catalog_tpch_idx.csv)
  DB_NAME / DB_USER = tpch_idx / postgres
  PGPORT            = 5434  (server reports 18.4)
  RUN_ID            = 958592B2EA923B6B
  WARMUP            = 2 single-copy warm-ups (the first primes the cache)
  BATCH_SIZES       = 1 2 4 8 16  x RUNS=1 measured batches each
  WORKERS           = (planner default)
  STATEMENT_TIMEOUT = 60
  THERMAL_EQUALISE  = gate (T_LO=55 T_HI=60 preheat<=60s cooldown<=120s)
  sensors           = pkg:/sys/class/hwmon/hwmon8/temp1_input cores:4 cpufreq:8 throttle:8/8
  SIGLESS_ADDR      = (disabled)
Found 1 query under queries/tpch/sqlstorm_slope/reference/8033.sql

[1/1] queries/tpch/sqlstorm_slope/reference/8033.sql (2 warmup + step-up 1 2 4 8 16 x1)
  warmup 1/2: 3.599958 sec (cache prime)
  warmup 2/2: 1.465524 sec
  N=1   batch 1/1: 1.436995 sec, 1 copy (server sum 1378.897 ms)
  N=2   batch 1/1: 2.780253 sec, 2 copies (server sum 2719.600 ms)
  N=4   batch 1/1: 5.494898 sec, 4 copies (server sum 5400.226 ms)
  N=8   batch 1/1: 10.782970 sec, 8 copies (server sum 10705.949 ms)
  N=16  batch 1/1: 21.685716 sec, 16 copies (server sum 21582.251 ms)
  done: 5 sizes x 1 run (0 failures)

Done. Batch rows appended to logs/slope_sample/warm_stepup/reference_20260921T230207Z/query_timing_tpch_idx.csv
Per-copy samples appended to logs/slope_sample/warm_stepup/reference_20260921T230207Z/query_samples_tpch_idx.csv
Last batch ended at epoch 1790032127.582 (PREV_END_EPOCH for the next invocation)
===== [7/280] queries/tpch/sqlstorm_slope/reference/15598.sql run_id=1E6D3CD8D33A5166 =====
query_runner configuration:
  QUERY_DIR         = queries/tpch/sqlstorm_slope/reference/15598.sql
  LOGS_DIR          = logs/slope_sample/warm_stepup/reference_20260921T230207Z  (query_timing_/query_samples_/query_catalog_tpch_idx.csv)
  DB_NAME / DB_USER = tpch_idx / postgres
  PGPORT            = 5434  (server reports 18.4)
  RUN_ID            = 1E6D3CD8D33A5166
  WARMUP            = 2 single-copy warm-ups (the first primes the cache)
  BATCH_SIZES       = 1 2 4 8 16  x RUNS=1 measured batches each
  WORKERS           = (planner default)
  STATEMENT_TIMEOUT = 60
  THERMAL_EQUALISE  = gate (T_LO=55 T_HI=60 preheat<=60s cooldown<=120s)
  sensors           = pkg:/sys/class/hwmon/hwmon8/temp1_input cores:4 cpufreq:8 throttle:8/8
  SIGLESS_ADDR      = (disabled)
Found 1 query under queries/tpch/sqlstorm_slope/reference/15598.sql

[1/1] queries/tpch/sqlstorm_slope/reference/15598.sql (2 warmup + step-up 1 2 4 8 16 x1)
  thermal gate: waited 2s -> 59.0 C
  warmup 1/2: 5.780925 sec (cache prime)
  warmup 2/2: 5.070609 sec
  N=1   batch 1/1: 4.978335 sec, 1 copy (server sum 4892.885 ms)
  N=2   batch 1/1: 10.851970 sec, 2 copies (server sum 10793.039 ms)
  N=4   batch 1/1: 19.936139 sec, 4 copies (server sum 19870.938 ms)
  N=8   batch 1/1: 39.509470 sec, 8 copies (server sum 39390.809 ms)
  N=16  batch 1/1: 77.927561 sec, 16 copies (server sum 77792.925 ms)
  done: 5 sizes x 1 run (0 failures)

Done. Batch rows appended to logs/slope_sample/warm_stepup/reference_20260921T230207Z/query_timing_tpch_idx.csv
Per-copy samples appended to logs/slope_sample/warm_stepup/reference_20260921T230207Z/query_samples_tpch_idx.csv
Last batch ended at epoch 1790032298.252 (PREV_END_EPOCH for the next invocation)
===== [8/280] queries/tpch/sqlstorm_slope/reference/5820.sql run_id=66A2D59198A88C71 =====
query_runner configuration:
  QUERY_DIR         = queries/tpch/sqlstorm_slope/reference/5820.sql
  LOGS_DIR          = logs/slope_sample/warm_stepup/reference_20260921T230207Z  (query_timing_/query_samples_/query_catalog_tpch_idx.csv)
  DB_NAME / DB_USER = tpch_idx / postgres
  PGPORT            = 5434  (server reports 18.4)
  RUN_ID            = 66A2D59198A88C71
  WARMUP            = 2 single-copy warm-ups (the first primes the cache)
  BATCH_SIZES       = 1 2 4 8 16  x RUNS=1 measured batches each
  WORKERS           = (planner default)
  STATEMENT_TIMEOUT = 60
  THERMAL_EQUALISE  = gate (T_LO=55 T_HI=60 preheat<=60s cooldown<=120s)
  sensors           = pkg:/sys/class/hwmon/hwmon8/temp1_input cores:4 cpufreq:8 throttle:8/8
  SIGLESS_ADDR      = (disabled)
Found 1 query under queries/tpch/sqlstorm_slope/reference/5820.sql

[1/1] queries/tpch/sqlstorm_slope/reference/5820.sql (2 warmup + step-up 1 2 4 8 16 x1)
  thermal gate: waited 2s -> 60.0 C
  warmup 1/2: 0.514965 sec (cache prime)
  warmup 2/2: 0.357542 sec
  N=1   batch 1/1: 0.360089 sec, 1 copy (server sum 300.266 ms)
  N=2   batch 1/1: 0.668098 sec, 2 copies (server sum 598.345 ms)
  N=4   batch 1/1: 1.268889 sec, 4 copies (server sum 1205.291 ms)
  N=8   batch 1/1: 2.458336 sec, 8 copies (server sum 2385.102 ms)
  N=16  batch 1/1: 4.854147 sec, 16 copies (server sum 4761.712 ms)
  done: 5 sizes x 1 run (0 failures)

Done. Batch rows appended to logs/slope_sample/warm_stepup/reference_20260921T230207Z/query_timing_tpch_idx.csv
Per-copy samples appended to logs/slope_sample/warm_stepup/reference_20260921T230207Z/query_samples_tpch_idx.csv
Last batch ended at epoch 1790032315.376 (PREV_END_EPOCH for the next invocation)
===== [9/280] queries/tpch/sqlstorm_slope/reference/10945.sql run_id=57B6E98200D2AE13 =====
query_runner configuration:
  QUERY_DIR         = queries/tpch/sqlstorm_slope/reference/10945.sql
  LOGS_DIR          = logs/slope_sample/warm_stepup/reference_20260921T230207Z  (query_timing_/query_samples_/query_catalog_tpch_idx.csv)
  DB_NAME / DB_USER = tpch_idx / postgres
  PGPORT            = 5434  (server reports 18.4)
  RUN_ID            = 57B6E98200D2AE13
  WARMUP            = 2 single-copy warm-ups (the first primes the cache)
  BATCH_SIZES       = 1 2 4 8 16  x RUNS=1 measured batches each
  WORKERS           = (planner default)
  STATEMENT_TIMEOUT = 60
  THERMAL_EQUALISE  = gate (T_LO=55 T_HI=60 preheat<=60s cooldown<=120s)
  sensors           = pkg:/sys/class/hwmon/hwmon8/temp1_input cores:4 cpufreq:8 throttle:8/8
  SIGLESS_ADDR      = (disabled)
Found 1 query under queries/tpch/sqlstorm_slope/reference/10945.sql

[1/1] queries/tpch/sqlstorm_slope/reference/10945.sql (2 warmup + step-up 1 2 4 8 16 x1)
  thermal gate: waited 2s -> 59.0 C
  warmup 1/2: 0.308447 sec (cache prime)
  warmup 2/2: 0.103194 sec
  N=1   batch 1/1: 0.101508 sec, 1 copy (server sum 41.488 ms)
  N=2   batch 1/1: 0.147410 sec, 2 copies (server sum 83.406 ms)
  N=4   batch 1/1: 0.234713 sec, 4 copies (server sum 161.621 ms)
  N=8   batch 1/1: 0.410194 sec, 8 copies (server sum 324.705 ms)
  N=16  batch 1/1: 0.771681 sec, 16 copies (server sum 655.432 ms)
  done: 5 sizes x 1 run (0 failures)

Done. Batch rows appended to logs/slope_sample/warm_stepup/reference_20260921T230207Z/query_timing_tpch_idx.csv
Per-copy samples appended to logs/slope_sample/warm_stepup/reference_20260921T230207Z/query_samples_tpch_idx.csv
Last batch ended at epoch 1790032323.382 (PREV_END_EPOCH for the next invocation)
===== [10/280] queries/tpch/sqlstorm_slope/reference/8865.sql run_id=83DBBEB9E0C79EC6 =====
query_runner configuration:
  QUERY_DIR         = queries/tpch/sqlstorm_slope/reference/8865.sql
  LOGS_DIR          = logs/slope_sample/warm_stepup/reference_20260921T230207Z  (query_timing_/query_samples_/query_catalog_tpch_idx.csv)
  DB_NAME / DB_USER = tpch_idx / postgres
  PGPORT            = 5434  (server reports 18.4)
  RUN_ID            = 83DBBEB9E0C79EC6
  WARMUP            = 2 single-copy warm-ups (the first primes the cache)
  BATCH_SIZES       = 1 2 4 8 16  x RUNS=1 measured batches each
  WORKERS           = (planner default)
  STATEMENT_TIMEOUT = 60
  THERMAL_EQUALISE  = gate (T_LO=55 T_HI=60 preheat<=60s cooldown<=120s)
  sensors           = pkg:/sys/class/hwmon/hwmon8/temp1_input cores:4 cpufreq:8 throttle:8/8
  SIGLESS_ADDR      = (disabled)
Found 1 query under queries/tpch/sqlstorm_slope/reference/8865.sql

[1/1] queries/tpch/sqlstorm_slope/reference/8865.sql (2 warmup + step-up 1 2 4 8 16 x1)
  warmup 1/2: 8.843789 sec (cache prime)
  warmup 2/2: 8.200815 sec
  N=1   batch 1/1: 8.281655 sec, 1 copy (server sum 8196.561 ms)
  N=2   batch 1/1: 16.365506 sec, 2 copies (server sum 16306.191 ms)
  N=4   batch 1/1: 32.446129 sec, 4 copies (server sum 32378.879 ms)
  N=8   batch 1/1: 64.971173 sec, 8 copies (server sum 64896.782 ms)
  N=16  batch 1/1: 129.704351 sec, 16 copies (server sum 129582.341 ms)
  done: 5 sizes x 1 run (0 failures)

Done. Batch rows appended to logs/slope_sample/warm_stepup/reference_20260921T230207Z/query_timing_tpch_idx.csv
Per-copy samples appended to logs/slope_sample/warm_stepup/reference_20260921T230207Z/query_samples_tpch_idx.csv
Last batch ended at epoch 1790032596.193 (PREV_END_EPOCH for the next invocation)
===== [11/280] queries/tpch/sqlstorm_slope/reference/8033.sql run_id=D9FC27CA6E299CA9 =====
query_runner configuration:
  QUERY_DIR         = queries/tpch/sqlstorm_slope/reference/8033.sql
  LOGS_DIR          = logs/slope_sample/warm_stepup/reference_20260921T230207Z  (query_timing_/query_samples_/query_catalog_tpch_idx.csv)
  DB_NAME / DB_USER = tpch_idx / postgres
  PGPORT            = 5434  (server reports 18.4)
  RUN_ID            = D9FC27CA6E299CA9
  WARMUP            = 2 single-copy warm-ups (the first primes the cache)
  BATCH_SIZES       = 1 2 4 8 16  x RUNS=1 measured batches each
  WORKERS           = (planner default)
  STATEMENT_TIMEOUT = 60
  THERMAL_EQUALISE  = gate (T_LO=55 T_HI=60 preheat<=60s cooldown<=120s)
  sensors           = pkg:/sys/class/hwmon/hwmon8/temp1_input cores:4 cpufreq:8 throttle:8/8
  SIGLESS_ADDR      = (disabled)
Found 1 query under queries/tpch/sqlstorm_slope/reference/8033.sql

[1/1] queries/tpch/sqlstorm_slope/reference/8033.sql (2 warmup + step-up 1 2 4 8 16 x1)
  thermal gate: pre-heated 5s -> 59.0 C
  warmup 1/2: 3.570874 sec (cache prime)
  warmup 2/2: 1.483660 sec
  N=1   batch 1/1: 1.438550 sec, 1 copy (server sum 1379.928 ms)
  N=2   batch 1/1: 2.792561 sec, 2 copies (server sum 2730.998 ms)
  N=4   batch 1/1: 5.517593 sec, 4 copies (server sum 5416.989 ms)
  N=8   batch 1/1: 10.901424 sec, 8 copies (server sum 10777.540 ms)
  N=16  batch 1/1: 21.428164 sec, 16 copies (server sum 21330.125 ms)
  done: 5 sizes x 1 run (0 failures)

Done. Batch rows appended to logs/slope_sample/warm_stepup/reference_20260921T230207Z/query_timing_tpch_idx.csv
Per-copy samples appended to logs/slope_sample/warm_stepup/reference_20260921T230207Z/query_samples_tpch_idx.csv
Last batch ended at epoch 1790032652.298 (PREV_END_EPOCH for the next invocation)
===== [12/280] queries/tpch/sqlstorm_slope/reference/26382.sql run_id=353D63A23AB433F2 =====
query_runner configuration:
  QUERY_DIR         = queries/tpch/sqlstorm_slope/reference/26382.sql
  LOGS_DIR          = logs/slope_sample/warm_stepup/reference_20260921T230207Z  (query_timing_/query_samples_/query_catalog_tpch_idx.csv)
  DB_NAME / DB_USER = tpch_idx / postgres
  PGPORT            = 5434  (server reports 18.4)
  RUN_ID            = 353D63A23AB433F2
  WARMUP            = 2 single-copy warm-ups (the first primes the cache)
  BATCH_SIZES       = 1 2 4 8 16  x RUNS=1 measured batches each
  WORKERS           = (planner default)
  STATEMENT_TIMEOUT = 60
  THERMAL_EQUALISE  = gate (T_LO=55 T_HI=60 preheat<=60s cooldown<=120s)
  sensors           = pkg:/sys/class/hwmon/hwmon8/temp1_input cores:4 cpufreq:8 throttle:8/8
  SIGLESS_ADDR      = (disabled)
Found 1 query under queries/tpch/sqlstorm_slope/reference/26382.sql

[1/1] queries/tpch/sqlstorm_slope/reference/26382.sql (2 warmup + step-up 1 2 4 8 16 x1)
  thermal gate: waited 2s -> 58.0 C
  warmup 1/2: 0.369625 sec (cache prime)
  warmup 2/2: 0.119160 sec
  N=1   batch 1/1: 0.115914 sec, 1 copy (server sum 58.470 ms)
  N=2   batch 1/1: 0.174262 sec, 2 copies (server sum 114.858 ms)
  N=4   batch 1/1: 0.313306 sec, 4 copies (server sum 229.657 ms)
  N=8   batch 1/1: 0.524878 sec, 8 copies (server sum 454.866 ms)
  N=16  batch 1/1: 0.989759 sec, 16 copies (server sum 907.401 ms)
  done: 5 sizes x 1 run (0 failures)

Done. Batch rows appended to logs/slope_sample/warm_stepup/reference_20260921T230207Z/query_timing_tpch_idx.csv
Per-copy samples appended to logs/slope_sample/warm_stepup/reference_20260921T230207Z/query_samples_tpch_idx.csv
Last batch ended at epoch 1790032661.159 (PREV_END_EPOCH for the next invocation)
===== [13/280] queries/tpch/sqlstorm_slope/reference/1022.sql run_id=594B9D713A8B8A80 =====
query_runner configuration:
  QUERY_DIR         = queries/tpch/sqlstorm_slope/reference/1022.sql
  LOGS_DIR          = logs/slope_sample/warm_stepup/reference_20260921T230207Z  (query_timing_/query_samples_/query_catalog_tpch_idx.csv)
  DB_NAME / DB_USER = tpch_idx / postgres
  PGPORT            = 5434  (server reports 18.4)
  RUN_ID            = 594B9D713A8B8A80
  WARMUP            = 2 single-copy warm-ups (the first primes the cache)
  BATCH_SIZES       = 1 2 4 8 16  x RUNS=1 measured batches each
  WORKERS           = (planner default)
  STATEMENT_TIMEOUT = 60
  THERMAL_EQUALISE  = gate (T_LO=55 T_HI=60 preheat<=60s cooldown<=120s)
  sensors           = pkg:/sys/class/hwmon/hwmon8/temp1_input cores:4 cpufreq:8 throttle:8/8
  SIGLESS_ADDR      = (disabled)
Found 1 query under queries/tpch/sqlstorm_slope/reference/1022.sql

[1/1] queries/tpch/sqlstorm_slope/reference/1022.sql (2 warmup + step-up 1 2 4 8 16 x1)
  warmup 1/2: 4.707851 sec (cache prime)
  warmup 2/2: 3.384180 sec
  N=1   batch 1/1: 3.405692 sec, 1 copy (server sum 3323.144 ms)
  N=2   batch 1/1: 6.755421 sec, 2 copies (server sum 6598.007 ms)
  N=4   batch 1/1: 13.055600 sec, 4 copies (server sum 12989.073 ms)
  N=8   batch 1/1: 26.073325 sec, 8 copies (server sum 25939.223 ms)
  N=16  batch 1/1: 51.910548 sec, 16 copies (server sum 51737.404 ms)
  done: 5 sizes x 1 run (0 failures)

Done. Batch rows appended to logs/slope_sample/warm_stepup/reference_20260921T230207Z/query_timing_tpch_idx.csv
Per-copy samples appended to logs/slope_sample/warm_stepup/reference_20260921T230207Z/query_samples_tpch_idx.csv
Last batch ended at epoch 1790032774.269 (PREV_END_EPOCH for the next invocation)
===== [14/280] queries/tpch/sqlstorm_slope/reference/5116.sql run_id=E32F6B85622EE968 =====
query_runner configuration:
  QUERY_DIR         = queries/tpch/sqlstorm_slope/reference/5116.sql
  LOGS_DIR          = logs/slope_sample/warm_stepup/reference_20260921T230207Z  (query_timing_/query_samples_/query_catalog_tpch_idx.csv)
  DB_NAME / DB_USER = tpch_idx / postgres
  PGPORT            = 5434  (server reports 18.4)
  RUN_ID            = E32F6B85622EE968
  WARMUP            = 2 single-copy warm-ups (the first primes the cache)
  BATCH_SIZES       = 1 2 4 8 16  x RUNS=1 measured batches each
  WORKERS           = (planner default)
  STATEMENT_TIMEOUT = 60
  THERMAL_EQUALISE  = gate (T_LO=55 T_HI=60 preheat<=60s cooldown<=120s)
  sensors           = pkg:/sys/class/hwmon/hwmon8/temp1_input cores:4 cpufreq:8 throttle:8/8
  SIGLESS_ADDR      = (disabled)
Found 1 query under queries/tpch/sqlstorm_slope/reference/5116.sql

[1/1] queries/tpch/sqlstorm_slope/reference/5116.sql (2 warmup + step-up 1 2 4 8 16 x1)
  thermal gate: pre-heated 5s -> 60.0 C
  warmup 1/2: 8.621291 sec (cache prime)
  warmup 2/2: 5.699266 sec
  N=1   batch 1/1: 5.662652 sec, 1 copy (server sum 5603.368 ms)
  N=2   batch 1/1: 11.132745 sec, 2 copies (server sum 11062.928 ms)
  N=4   batch 1/1: 22.005744 sec, 4 copies (server sum 21889.648 ms)
  N=8   batch 1/1: 43.825260 sec, 8 copies (server sum 43588.262 ms)
  N=16  batch 1/1: 87.182322 sec, 16 copies (server sum 87037.111 ms)
  done: 5 sizes x 1 run (0 failures)

Done. Batch rows appended to logs/slope_sample/warm_stepup/reference_20260921T230207Z/query_timing_tpch_idx.csv
Per-copy samples appended to logs/slope_sample/warm_stepup/reference_20260921T230207Z/query_samples_tpch_idx.csv
Last batch ended at epoch 1790032967.879 (PREV_END_EPOCH for the next invocation)
===== [15/280] queries/tpch/sqlstorm_slope/reference/26382.sql run_id=6CCE35E8CAEA3E89 =====
query_runner configuration:
  QUERY_DIR         = queries/tpch/sqlstorm_slope/reference/26382.sql
  LOGS_DIR          = logs/slope_sample/warm_stepup/reference_20260921T230207Z  (query_timing_/query_samples_/query_catalog_tpch_idx.csv)
  DB_NAME / DB_USER = tpch_idx / postgres
  PGPORT            = 5434  (server reports 18.4)
  RUN_ID            = 6CCE35E8CAEA3E89
  WARMUP            = 2 single-copy warm-ups (the first primes the cache)
  BATCH_SIZES       = 1 2 4 8 16  x RUNS=1 measured batches each
  WORKERS           = (planner default)
  STATEMENT_TIMEOUT = 60
  THERMAL_EQUALISE  = gate (T_LO=55 T_HI=60 preheat<=60s cooldown<=120s)
  sensors           = pkg:/sys/class/hwmon/hwmon8/temp1_input cores:4 cpufreq:8 throttle:8/8
  SIGLESS_ADDR      = (disabled)
Found 1 query under queries/tpch/sqlstorm_slope/reference/26382.sql

[1/1] queries/tpch/sqlstorm_slope/reference/26382.sql (2 warmup + step-up 1 2 4 8 16 x1)
  warmup 1/2: 0.353291 sec (cache prime)
  warmup 2/2: 0.114828 sec
  N=1   batch 1/1: 0.114429 sec, 1 copy (server sum 57.394 ms)
  N=2   batch 1/1: 0.174841 sec, 2 copies (server sum 114.954 ms)
  N=4   batch 1/1: 0.311059 sec, 4 copies (server sum 226.901 ms)
  N=8   batch 1/1: 0.522778 sec, 8 copies (server sum 453.958 ms)
  N=16  batch 1/1: 0.989641 sec, 16 copies (server sum 905.807 ms)
  done: 5 sizes x 1 run (0 failures)

Done. Batch rows appended to logs/slope_sample/warm_stepup/reference_20260921T230207Z/query_timing_tpch_idx.csv
Per-copy samples appended to logs/slope_sample/warm_stepup/reference_20260921T230207Z/query_samples_tpch_idx.csv
Last batch ended at epoch 1790032974.682 (PREV_END_EPOCH for the next invocation)
===== [16/280] queries/tpch/sqlstorm_slope/reference/14523.sql run_id=73EC8B467B9F2A45 =====
query_runner configuration:
  QUERY_DIR         = queries/tpch/sqlstorm_slope/reference/14523.sql
  LOGS_DIR          = logs/slope_sample/warm_stepup/reference_20260921T230207Z  (query_timing_/query_samples_/query_catalog_tpch_idx.csv)
  DB_NAME / DB_USER = tpch_idx / postgres
  PGPORT            = 5434  (server reports 18.4)
  RUN_ID            = 73EC8B467B9F2A45
  WARMUP            = 2 single-copy warm-ups (the first primes the cache)
  BATCH_SIZES       = 1 2 4 8 16  x RUNS=1 measured batches each
  WORKERS           = (planner default)
  STATEMENT_TIMEOUT = 60
  THERMAL_EQUALISE  = gate (T_LO=55 T_HI=60 preheat<=60s cooldown<=120s)
  sensors           = pkg:/sys/class/hwmon/hwmon8/temp1_input cores:4 cpufreq:8 throttle:8/8
  SIGLESS_ADDR      = (disabled)
Found 1 query under queries/tpch/sqlstorm_slope/reference/14523.sql

[1/1] queries/tpch/sqlstorm_slope/reference/14523.sql (2 warmup + step-up 1 2 4 8 16 x1)
  warmup 1/2: 1.580199 sec (cache prime)
  warmup 2/2: 0.472762 sec
  N=1   batch 1/1: 0.518487 sec, 1 copy (server sum 415.034 ms)
  N=2   batch 1/1: 0.849564 sec, 2 copies (server sum 793.097 ms)
  N=4   batch 1/1: 1.605727 sec, 4 copies (server sum 1546.328 ms)
  N=8   batch 1/1: 3.108678 sec, 8 copies (server sum 3045.981 ms)
  N=16  batch 1/1: 6.168061 sec, 16 copies (server sum 6099.579 ms)
  done: 5 sizes x 1 run (0 failures)

Done. Batch rows appended to logs/slope_sample/warm_stepup/reference_20260921T230207Z/query_timing_tpch_idx.csv
Per-copy samples appended to logs/slope_sample/warm_stepup/reference_20260921T230207Z/query_samples_tpch_idx.csv
Last batch ended at epoch 1790032993.063 (PREV_END_EPOCH for the next invocation)
===== [17/280] queries/tpch/sqlstorm_slope/reference/6127.sql run_id=EF2DB0DAF4933070 =====
query_runner configuration:
  QUERY_DIR         = queries/tpch/sqlstorm_slope/reference/6127.sql
  LOGS_DIR          = logs/slope_sample/warm_stepup/reference_20260921T230207Z  (query_timing_/query_samples_/query_catalog_tpch_idx.csv)
  DB_NAME / DB_USER = tpch_idx / postgres
  PGPORT            = 5434  (server reports 18.4)
  RUN_ID            = EF2DB0DAF4933070
  WARMUP            = 2 single-copy warm-ups (the first primes the cache)
  BATCH_SIZES       = 1 2 4 8 16  x RUNS=1 measured batches each
  WORKERS           = (planner default)
  STATEMENT_TIMEOUT = 60
  THERMAL_EQUALISE  = gate (T_LO=55 T_HI=60 preheat<=60s cooldown<=120s)
  sensors           = pkg:/sys/class/hwmon/hwmon8/temp1_input cores:4 cpufreq:8 throttle:8/8
  SIGLESS_ADDR      = (disabled)
Found 1 query under queries/tpch/sqlstorm_slope/reference/6127.sql

[1/1] queries/tpch/sqlstorm_slope/reference/6127.sql (2 warmup + step-up 1 2 4 8 16 x1)
  warmup 1/2: 8.410533 sec (cache prime)
  warmup 2/2: 7.171865 sec
  N=1   batch 1/1: 7.148247 sec, 1 copy (server sum 7086.195 ms)
  N=2   batch 1/1: 13.612594 sec, 2 copies (server sum 13550.517 ms)
  N=4   batch 1/1: 27.322829 sec, 4 copies (server sum 27224.463 ms)
  N=8   batch 1/1: 55.355451 sec, 8 copies (server sum 55280.273 ms)
  N=16  batch 1/1: 110.972667 sec, 16 copies (server sum 110879.007 ms)
  done: 5 sizes x 1 run (0 failures)

Done. Batch rows appended to logs/slope_sample/warm_stepup/reference_20260921T230207Z/query_timing_tpch_idx.csv
Per-copy samples appended to logs/slope_sample/warm_stepup/reference_20260921T230207Z/query_samples_tpch_idx.csv
Last batch ended at epoch 1790033227.326 (PREV_END_EPOCH for the next invocation)
===== [18/280] queries/tpch/sqlstorm_slope/reference/9307.sql run_id=63EA4154E073FC00 =====
query_runner configuration:
  QUERY_DIR         = queries/tpch/sqlstorm_slope/reference/9307.sql
  LOGS_DIR          = logs/slope_sample/warm_stepup/reference_20260921T230207Z  (query_timing_/query_samples_/query_catalog_tpch_idx.csv)
  DB_NAME / DB_USER = tpch_idx / postgres
  PGPORT            = 5434  (server reports 18.4)
  RUN_ID            = 63EA4154E073FC00
  WARMUP            = 2 single-copy warm-ups (the first primes the cache)
  BATCH_SIZES       = 1 2 4 8 16  x RUNS=1 measured batches each
  WORKERS           = (planner default)
  STATEMENT_TIMEOUT = 60
  THERMAL_EQUALISE  = gate (T_LO=55 T_HI=60 preheat<=60s cooldown<=120s)
  sensors           = pkg:/sys/class/hwmon/hwmon8/temp1_input cores:4 cpufreq:8 throttle:8/8
  SIGLESS_ADDR      = (disabled)
Found 1 query under queries/tpch/sqlstorm_slope/reference/9307.sql

[1/1] queries/tpch/sqlstorm_slope/reference/9307.sql (2 warmup + step-up 1 2 4 8 16 x1)
  thermal gate: waited 2s -> 59.0 C
  warmup 1/2: 16.319314 sec (cache prime)
  warmup 2/2: 13.533626 sec
  N=1   batch 1/1: 13.529768 sec, 1 copy (server sum 13471.174 ms)
  N=2   batch 1/1: 26.748565 sec, 2 copies (server sum 26688.353 ms)
  N=4   batch 1/1: 53.147771 sec, 4 copies (server sum 53083.374 ms)
  N=8   batch 1/1: 106.273633 sec, 8 copies (server sum 106202.606 ms)
  N=16  batch 1/1: 211.511355 sec, 16 copies (server sum 211397.888 ms)
  done: 5 sizes x 1 run (0 failures)

Done. Batch rows appended to logs/slope_sample/warm_stepup/reference_20260921T230207Z/query_timing_tpch_idx.csv
Per-copy samples appended to logs/slope_sample/warm_stepup/reference_20260921T230207Z/query_samples_tpch_idx.csv
Last batch ended at epoch 1790033675.090 (PREV_END_EPOCH for the next invocation)
===== [19/280] queries/tpch/sqlstorm_slope/reference/15338.sql run_id=91D70FF24F51E843 =====
query_runner configuration:
  QUERY_DIR         = queries/tpch/sqlstorm_slope/reference/15338.sql
  LOGS_DIR          = logs/slope_sample/warm_stepup/reference_20260921T230207Z  (query_timing_/query_samples_/query_catalog_tpch_idx.csv)
  DB_NAME / DB_USER = tpch_idx / postgres
  PGPORT            = 5434  (server reports 18.4)
  RUN_ID            = 91D70FF24F51E843
  WARMUP            = 2 single-copy warm-ups (the first primes the cache)
  BATCH_SIZES       = 1 2 4 8 16  x RUNS=1 measured batches each
  WORKERS           = (planner default)
  STATEMENT_TIMEOUT = 60
  THERMAL_EQUALISE  = gate (T_LO=55 T_HI=60 preheat<=60s cooldown<=120s)
  sensors           = pkg:/sys/class/hwmon/hwmon8/temp1_input cores:4 cpufreq:8 throttle:8/8
  SIGLESS_ADDR      = (disabled)
Found 1 query under queries/tpch/sqlstorm_slope/reference/15338.sql

[1/1] queries/tpch/sqlstorm_slope/reference/15338.sql (2 warmup + step-up 1 2 4 8 16 x1)
  thermal gate: pre-heated 5s -> 59.0 C
  warmup 1/2: 1.461185 sec (cache prime)
  warmup 2/2: 1.310057 sec
  N=1   batch 1/1: 1.301570 sec, 1 copy (server sum 1244.064 ms)
  N=2   batch 1/1: 2.517770 sec, 2 copies (server sum 2460.426 ms)
  N=4   batch 1/1: 4.939017 sec, 4 copies (server sum 4878.936 ms)
  N=8   batch 1/1: 9.712234 sec, 8 copies (server sum 9601.638 ms)
  N=16  batch 1/1: 19.233598 sec, 16 copies (server sum 19162.278 ms)
  done: 5 sizes x 1 run (0 failures)

Done. Batch rows appended to logs/slope_sample/warm_stepup/reference_20260921T230207Z/query_timing_tpch_idx.csv
Per-copy samples appended to logs/slope_sample/warm_stepup/reference_20260921T230207Z/query_samples_tpch_idx.csv
Last batch ended at epoch 1790033725.102 (PREV_END_EPOCH for the next invocation)
===== [20/280] queries/tpch/sqlstorm_slope/reference/14616.sql run_id=D989C632EA2E0AFB =====
query_runner configuration:
  QUERY_DIR         = queries/tpch/sqlstorm_slope/reference/14616.sql
  LOGS_DIR          = logs/slope_sample/warm_stepup/reference_20260921T230207Z  (query_timing_/query_samples_/query_catalog_tpch_idx.csv)
  DB_NAME / DB_USER = tpch_idx / postgres
  PGPORT            = 5434  (server reports 18.4)
  RUN_ID            = D989C632EA2E0AFB
  WARMUP            = 2 single-copy warm-ups (the first primes the cache)
  BATCH_SIZES       = 1 2 4 8 16  x RUNS=1 measured batches each
  WORKERS           = (planner default)
  STATEMENT_TIMEOUT = 60
  THERMAL_EQUALISE  = gate (T_LO=55 T_HI=60 preheat<=60s cooldown<=120s)
  sensors           = pkg:/sys/class/hwmon/hwmon8/temp1_input cores:4 cpufreq:8 throttle:8/8
  SIGLESS_ADDR      = (disabled)
Found 1 query under queries/tpch/sqlstorm_slope/reference/14616.sql

[1/1] queries/tpch/sqlstorm_slope/reference/14616.sql (2 warmup + step-up 1 2 4 8 16 x1)
  thermal gate: pre-heated 5s -> 59.0 C
  warmup 1/2: 0.126034 sec (cache prime)
  warmup 2/2: 0.068944 sec
  N=1   batch 1/1: 0.069048 sec, 1 copy (server sum 9.549 ms)
  N=2   batch 1/1: 0.079915 sec, 2 copies (server sum 18.204 ms)
  N=4   batch 1/1: 0.103952 sec, 4 copies (server sum 34.973 ms)
  N=8   batch 1/1: 0.150496 sec, 8 copies (server sum 72.933 ms)
  N=16  batch 1/1: 0.240901 sec, 16 copies (server sum 140.298 ms)
  done: 5 sizes x 1 run (0 failures)

Done. Batch rows appended to logs/slope_sample/warm_stepup/reference_20260921T230207Z/query_timing_tpch_idx.csv
Per-copy samples appended to logs/slope_sample/warm_stepup/reference_20260921T230207Z/query_samples_tpch_idx.csv
Last batch ended at epoch 1790033735.197 (PREV_END_EPOCH for the next invocation)
===== [21/280] queries/tpch/sqlstorm_slope/reference/11767.sql run_id=526658A735F74629 =====
query_runner configuration:
  QUERY_DIR         = queries/tpch/sqlstorm_slope/reference/11767.sql
  LOGS_DIR          = logs/slope_sample/warm_stepup/reference_20260921T230207Z  (query_timing_/query_samples_/query_catalog_tpch_idx.csv)
  DB_NAME / DB_USER = tpch_idx / postgres
  PGPORT            = 5434  (server reports 18.4)
  RUN_ID            = 526658A735F74629
  WARMUP            = 2 single-copy warm-ups (the first primes the cache)
  BATCH_SIZES       = 1 2 4 8 16  x RUNS=1 measured batches each
  WORKERS           = (planner default)
  STATEMENT_TIMEOUT = 60
  THERMAL_EQUALISE  = gate (T_LO=55 T_HI=60 preheat<=60s cooldown<=120s)
  sensors           = pkg:/sys/class/hwmon/hwmon8/temp1_input cores:4 cpufreq:8 throttle:8/8
  SIGLESS_ADDR      = (disabled)
Found 1 query under queries/tpch/sqlstorm_slope/reference/11767.sql

[1/1] queries/tpch/sqlstorm_slope/reference/11767.sql (2 warmup + step-up 1 2 4 8 16 x1)
  thermal gate: pre-heated 5s -> 60.0 C
  warmup 1/2: 1.547985 sec (cache prime)
  warmup 2/2: 0.738025 sec
  N=1   batch 1/1: 0.794840 sec, 1 copy (server sum 688.976 ms)
  N=2   batch 1/1: 1.384556 sec, 2 copies (server sum 1324.537 ms)
  N=4   batch 1/1: 2.717861 sec, 4 copies (server sum 2622.314 ms)
  N=8   batch 1/1: 5.264733 sec, 8 copies (server sum 5190.116 ms)
  N=16  batch 1/1: 10.440471 sec, 16 copies (server sum 10347.834 ms)
  done: 5 sizes x 1 run (0 failures)

Done. Batch rows appended to logs/slope_sample/warm_stepup/reference_20260921T230207Z/query_timing_tpch_idx.csv
Per-copy samples appended to logs/slope_sample/warm_stepup/reference_20260921T230207Z/query_samples_tpch_idx.csv
Last batch ended at epoch 1790033766.782 (PREV_END_EPOCH for the next invocation)
===== [22/280] queries/tpch/sqlstorm_slope/reference/2950.sql run_id=34106CA6FF6733FF =====
query_runner configuration:
  QUERY_DIR         = queries/tpch/sqlstorm_slope/reference/2950.sql
  LOGS_DIR          = logs/slope_sample/warm_stepup/reference_20260921T230207Z  (query_timing_/query_samples_/query_catalog_tpch_idx.csv)
  DB_NAME / DB_USER = tpch_idx / postgres
  PGPORT            = 5434  (server reports 18.4)
  RUN_ID            = 34106CA6FF6733FF
  WARMUP            = 2 single-copy warm-ups (the first primes the cache)
  BATCH_SIZES       = 1 2 4 8 16  x RUNS=1 measured batches each
  WORKERS           = (planner default)
  STATEMENT_TIMEOUT = 60
  THERMAL_EQUALISE  = gate (T_LO=55 T_HI=60 preheat<=60s cooldown<=120s)
  sensors           = pkg:/sys/class/hwmon/hwmon8/temp1_input cores:4 cpufreq:8 throttle:8/8
  SIGLESS_ADDR      = (disabled)
Found 1 query under queries/tpch/sqlstorm_slope/reference/2950.sql

[1/1] queries/tpch/sqlstorm_slope/reference/2950.sql (2 warmup + step-up 1 2 4 8 16 x1)
  warmup 1/2: 14.112978 sec (cache prime)
  warmup 2/2: 12.787809 sec
  N=1   batch 1/1: 12.852485 sec, 1 copy (server sum 12793.240 ms)
  N=2   batch 1/1: 25.574716 sec, 2 copies (server sum 25512.799 ms)
  N=4   batch 1/1: 50.403864 sec, 4 copies (server sum 50337.454 ms)
  N=8   batch 1/1: 101.447360 sec, 8 copies (server sum 101371.201 ms)
  N=16  batch 1/1: 202.251131 sec, 16 copies (server sum 202155.686 ms)
  done: 5 sizes x 1 run (0 failures)

Done. Batch rows appended to logs/slope_sample/warm_stepup/reference_20260921T230207Z/query_timing_tpch_idx.csv
Per-copy samples appended to logs/slope_sample/warm_stepup/reference_20260921T230207Z/query_samples_tpch_idx.csv
Last batch ended at epoch 1790034190.890 (PREV_END_EPOCH for the next invocation)
===== [23/280] queries/tpch/sqlstorm_slope/reference/26387.sql run_id=7C899240AE7FB9ED =====
query_runner configuration:
  QUERY_DIR         = queries/tpch/sqlstorm_slope/reference/26387.sql
  LOGS_DIR          = logs/slope_sample/warm_stepup/reference_20260921T230207Z  (query_timing_/query_samples_/query_catalog_tpch_idx.csv)
  DB_NAME / DB_USER = tpch_idx / postgres
  PGPORT            = 5434  (server reports 18.4)
  RUN_ID            = 7C899240AE7FB9ED
  WARMUP            = 2 single-copy warm-ups (the first primes the cache)
  BATCH_SIZES       = 1 2 4 8 16  x RUNS=1 measured batches each
  WORKERS           = (planner default)
  STATEMENT_TIMEOUT = 60
  THERMAL_EQUALISE  = gate (T_LO=55 T_HI=60 preheat<=60s cooldown<=120s)
  sensors           = pkg:/sys/class/hwmon/hwmon8/temp1_input cores:4 cpufreq:8 throttle:8/8
  SIGLESS_ADDR      = (disabled)
Found 1 query under queries/tpch/sqlstorm_slope/reference/26387.sql

[1/1] queries/tpch/sqlstorm_slope/reference/26387.sql (2 warmup + step-up 1 2 4 8 16 x1)
  warmup 1/2: 4.811839 sec (cache prime)
  warmup 2/2: 4.231417 sec
  N=1   batch 1/1: 4.184695 sec, 1 copy (server sum 4127.311 ms)
  N=2   batch 1/1: 8.294805 sec, 2 copies (server sum 8213.749 ms)
  N=4   batch 1/1: 16.629769 sec, 4 copies (server sum 16567.474 ms)
  N=8   batch 1/1: 33.131262 sec, 8 copies (server sum 33026.964 ms)
  N=16  batch 1/1: 66.046486 sec, 16 copies (server sum 65968.573 ms)
  done: 5 sizes x 1 run (0 failures)

Done. Batch rows appended to logs/slope_sample/warm_stepup/reference_20260921T230207Z/query_timing_tpch_idx.csv
Per-copy samples appended to logs/slope_sample/warm_stepup/reference_20260921T230207Z/query_samples_tpch_idx.csv
Last batch ended at epoch 1790034332.592 (PREV_END_EPOCH for the next invocation)
===== [24/280] queries/tpch/sqlstorm_slope/reference/5561.sql run_id=F45B8588883CD30A =====
query_runner configuration:
  QUERY_DIR         = queries/tpch/sqlstorm_slope/reference/5561.sql
  LOGS_DIR          = logs/slope_sample/warm_stepup/reference_20260921T230207Z  (query_timing_/query_samples_/query_catalog_tpch_idx.csv)
  DB_NAME / DB_USER = tpch_idx / postgres
  PGPORT            = 5434  (server reports 18.4)
  RUN_ID            = F45B8588883CD30A
  WARMUP            = 2 single-copy warm-ups (the first primes the cache)
  BATCH_SIZES       = 1 2 4 8 16  x RUNS=1 measured batches each
  WORKERS           = (planner default)
  STATEMENT_TIMEOUT = 60
  THERMAL_EQUALISE  = gate (T_LO=55 T_HI=60 preheat<=60s cooldown<=120s)
  sensors           = pkg:/sys/class/hwmon/hwmon8/temp1_input cores:4 cpufreq:8 throttle:8/8
  SIGLESS_ADDR      = (disabled)
Found 1 query under queries/tpch/sqlstorm_slope/reference/5561.sql

[1/1] queries/tpch/sqlstorm_slope/reference/5561.sql (2 warmup + step-up 1 2 4 8 16 x1)
  warmup 1/2: 8.436971 sec (cache prime)
  warmup 2/2: 7.247704 sec
  N=1   batch 1/1: 7.325877 sec, 1 copy (server sum 7266.924 ms)
  N=2   batch 1/1: 14.421090 sec, 2 copies (server sum 14358.956 ms)
  N=4   batch 1/1: 28.862582 sec, 4 copies (server sum 28756.332 ms)
  N=8   batch 1/1: 57.311135 sec, 8 copies (server sum 57187.589 ms)
  N=16  batch 1/1: 114.477343 sec, 16 copies (server sum 114350.749 ms)
  done: 5 sizes x 1 run (0 failures)

Done. Batch rows appended to logs/slope_sample/warm_stepup/reference_20260921T230207Z/query_timing_tpch_idx.csv
Per-copy samples appended to logs/slope_sample/warm_stepup/reference_20260921T230207Z/query_samples_tpch_idx.csv
Last batch ended at epoch 1790034574.898 (PREV_END_EPOCH for the next invocation)
===== [25/280] queries/tpch/sqlstorm_slope/reference/32103.sql run_id=D377075960B7F6A7 =====
query_runner configuration:
  QUERY_DIR         = queries/tpch/sqlstorm_slope/reference/32103.sql
  LOGS_DIR          = logs/slope_sample/warm_stepup/reference_20260921T230207Z  (query_timing_/query_samples_/query_catalog_tpch_idx.csv)
  DB_NAME / DB_USER = tpch_idx / postgres
  PGPORT            = 5434  (server reports 18.4)
  RUN_ID            = D377075960B7F6A7
  WARMUP            = 2 single-copy warm-ups (the first primes the cache)
  BATCH_SIZES       = 1 2 4 8 16  x RUNS=1 measured batches each
  WORKERS           = (planner default)
  STATEMENT_TIMEOUT = 60
  THERMAL_EQUALISE  = gate (T_LO=55 T_HI=60 preheat<=60s cooldown<=120s)
  sensors           = pkg:/sys/class/hwmon/hwmon8/temp1_input cores:4 cpufreq:8 throttle:8/8
  SIGLESS_ADDR      = (disabled)
Found 1 query under queries/tpch/sqlstorm_slope/reference/32103.sql

[1/1] queries/tpch/sqlstorm_slope/reference/32103.sql (2 warmup + step-up 1 2 4 8 16 x1)
  thermal gate: waited 2s -> 58.0 C
  warmup 1/2: 1.460257 sec (cache prime)
  warmup 2/2: 0.594742 sec
  N=1   batch 1/1: 0.633036 sec, 1 copy (server sum 531.882 ms)
  N=2   batch 1/1: 1.099003 sec, 2 copies (server sum 1034.333 ms)
  N=4   batch 1/1: 2.110323 sec, 4 copies (server sum 2038.270 ms)
  N=8   batch 1/1: 4.131380 sec, 8 copies (server sum 4043.738 ms)
  N=16  batch 1/1: 8.189901 sec, 16 copies (server sum 8071.616 ms)
  done: 5 sizes x 1 run (0 failures)

Done. Batch rows appended to logs/slope_sample/warm_stepup/reference_20260921T230207Z/query_timing_tpch_idx.csv
Per-copy samples appended to logs/slope_sample/warm_stepup/reference_20260921T230207Z/query_samples_tpch_idx.csv
Last batch ended at epoch 1790034599.463 (PREV_END_EPOCH for the next invocation)
===== [26/280] queries/tpch/sqlstorm_slope/reference/32103.sql run_id=CCA96BADE10096E3 =====
query_runner configuration:
  QUERY_DIR         = queries/tpch/sqlstorm_slope/reference/32103.sql
  LOGS_DIR          = logs/slope_sample/warm_stepup/reference_20260921T230207Z  (query_timing_/query_samples_/query_catalog_tpch_idx.csv)
  DB_NAME / DB_USER = tpch_idx / postgres
  PGPORT            = 5434  (server reports 18.4)
  RUN_ID            = CCA96BADE10096E3
  WARMUP            = 2 single-copy warm-ups (the first primes the cache)
  BATCH_SIZES       = 1 2 4 8 16  x RUNS=1 measured batches each
  WORKERS           = (planner default)
  STATEMENT_TIMEOUT = 60
  THERMAL_EQUALISE  = gate (T_LO=55 T_HI=60 preheat<=60s cooldown<=120s)
  sensors           = pkg:/sys/class/hwmon/hwmon8/temp1_input cores:4 cpufreq:8 throttle:8/8
  SIGLESS_ADDR      = (disabled)
Found 1 query under queries/tpch/sqlstorm_slope/reference/32103.sql

[1/1] queries/tpch/sqlstorm_slope/reference/32103.sql (2 warmup + step-up 1 2 4 8 16 x1)
  thermal gate: waited 2s -> 59.0 C
  warmup 1/2: 1.443309 sec (cache prime)
  warmup 2/2: 0.594175 sec
  N=1   batch 1/1: 0.685567 sec, 1 copy (server sum 535.799 ms)
  N=2   batch 1/1: 1.104772 sec, 2 copies (server sum 1040.446 ms)
  N=4   batch 1/1: 2.131820 sec, 4 copies (server sum 2059.846 ms)
  N=8   batch 1/1: 4.157212 sec, 8 copies (server sum 4070.159 ms)
  N=16  batch 1/1: 8.252842 sec, 16 copies (server sum 8088.269 ms)
  done: 5 sizes x 1 run (0 failures)

Done. Batch rows appended to logs/slope_sample/warm_stepup/reference_20260921T230207Z/query_timing_tpch_idx.csv
Per-copy samples appended to logs/slope_sample/warm_stepup/reference_20260921T230207Z/query_samples_tpch_idx.csv
Last batch ended at epoch 1790034624.453 (PREV_END_EPOCH for the next invocation)
===== [27/280] queries/tpch/sqlstorm_slope/reference/29659.sql run_id=71DC8DC080DAB8D3 =====
query_runner configuration:
  QUERY_DIR         = queries/tpch/sqlstorm_slope/reference/29659.sql
  LOGS_DIR          = logs/slope_sample/warm_stepup/reference_20260921T230207Z  (query_timing_/query_samples_/query_catalog_tpch_idx.csv)
  DB_NAME / DB_USER = tpch_idx / postgres
  PGPORT            = 5434  (server reports 18.4)
  RUN_ID            = 71DC8DC080DAB8D3
  WARMUP            = 2 single-copy warm-ups (the first primes the cache)
  BATCH_SIZES       = 1 2 4 8 16  x RUNS=1 measured batches each
  WORKERS           = (planner default)
  STATEMENT_TIMEOUT = 60
  THERMAL_EQUALISE  = gate (T_LO=55 T_HI=60 preheat<=60s cooldown<=120s)
  sensors           = pkg:/sys/class/hwmon/hwmon8/temp1_input cores:4 cpufreq:8 throttle:8/8
  SIGLESS_ADDR      = (disabled)
Found 1 query under queries/tpch/sqlstorm_slope/reference/29659.sql

[1/1] queries/tpch/sqlstorm_slope/reference/29659.sql (2 warmup + step-up 1 2 4 8 16 x1)
  thermal gate: waited 2s -> 59.0 C
  warmup 1/2: 3.676604 sec (cache prime)
  warmup 2/2: 2.529922 sec
  N=1   batch 1/1: 2.466462 sec, 1 copy (server sum 2405.513 ms)
  N=2   batch 1/1: 4.866576 sec, 2 copies (server sum 4802.421 ms)
  N=4   batch 1/1: 9.613550 sec, 4 copies (server sum 9543.578 ms)
  N=8   batch 1/1: 19.243887 sec, 8 copies (server sum 19123.386 ms)
  N=16  batch 1/1: 38.254750 sec, 16 copies (server sum 38097.054 ms)
  done: 5 sizes x 1 run (0 failures)

Done. Batch rows appended to logs/slope_sample/warm_stepup/reference_20260921T230207Z/query_timing_tpch_idx.csv
Per-copy samples appended to logs/slope_sample/warm_stepup/reference_20260921T230207Z/query_samples_tpch_idx.csv
Last batch ended at epoch 1790034711.713 (PREV_END_EPOCH for the next invocation)
===== [28/280] queries/tpch/sqlstorm_slope/reference/7925.sql run_id=457E3323A0D9C528 =====
query_runner configuration:
  QUERY_DIR         = queries/tpch/sqlstorm_slope/reference/7925.sql
  LOGS_DIR          = logs/slope_sample/warm_stepup/reference_20260921T230207Z  (query_timing_/query_samples_/query_catalog_tpch_idx.csv)
  DB_NAME / DB_USER = tpch_idx / postgres
  PGPORT            = 5434  (server reports 18.4)
  RUN_ID            = 457E3323A0D9C528
  WARMUP            = 2 single-copy warm-ups (the first primes the cache)
  BATCH_SIZES       = 1 2 4 8 16  x RUNS=1 measured batches each
  WORKERS           = (planner default)
  STATEMENT_TIMEOUT = 60
  THERMAL_EQUALISE  = gate (T_LO=55 T_HI=60 preheat<=60s cooldown<=120s)
  sensors           = pkg:/sys/class/hwmon/hwmon8/temp1_input cores:4 cpufreq:8 throttle:8/8
  SIGLESS_ADDR      = (disabled)
Found 1 query under queries/tpch/sqlstorm_slope/reference/7925.sql

[1/1] queries/tpch/sqlstorm_slope/reference/7925.sql (2 warmup + step-up 1 2 4 8 16 x1)
  thermal gate: waited 2s -> 58.0 C
  warmup 1/2: 7.614037 sec (cache prime)
  warmup 2/2: 6.410144 sec
  N=1   batch 1/1: 6.453432 sec, 1 copy (server sum 6349.041 ms)
  N=2   batch 1/1: 12.767762 sec, 2 copies (server sum 12704.079 ms)
  N=4   batch 1/1: 25.422311 sec, 4 copies (server sum 25351.135 ms)
  N=8   batch 1/1: 50.851240 sec, 8 copies (server sum 50747.054 ms)
  N=16  batch 1/1: 101.647954 sec, 16 copies (server sum 101532.938 ms)
  done: 5 sizes x 1 run (0 failures)

Done. Batch rows appended to logs/slope_sample/warm_stepup/reference_20260921T230207Z/query_timing_tpch_idx.csv
Per-copy samples appended to logs/slope_sample/warm_stepup/reference_20260921T230207Z/query_samples_tpch_idx.csv
Last batch ended at epoch 1790034929.304 (PREV_END_EPOCH for the next invocation)
===== [29/280] queries/tpch/sqlstorm_slope/reference/26382.sql run_id=E4944EA9D87BB332 =====
query_runner configuration:
  QUERY_DIR         = queries/tpch/sqlstorm_slope/reference/26382.sql
  LOGS_DIR          = logs/slope_sample/warm_stepup/reference_20260921T230207Z  (query_timing_/query_samples_/query_catalog_tpch_idx.csv)
  DB_NAME / DB_USER = tpch_idx / postgres
  PGPORT            = 5434  (server reports 18.4)
  RUN_ID            = E4944EA9D87BB332
  WARMUP            = 2 single-copy warm-ups (the first primes the cache)
  BATCH_SIZES       = 1 2 4 8 16  x RUNS=1 measured batches each
  WORKERS           = (planner default)
  STATEMENT_TIMEOUT = 60
  THERMAL_EQUALISE  = gate (T_LO=55 T_HI=60 preheat<=60s cooldown<=120s)
  sensors           = pkg:/sys/class/hwmon/hwmon8/temp1_input cores:4 cpufreq:8 throttle:8/8
  SIGLESS_ADDR      = (disabled)
Found 1 query under queries/tpch/sqlstorm_slope/reference/26382.sql

[1/1] queries/tpch/sqlstorm_slope/reference/26382.sql (2 warmup + step-up 1 2 4 8 16 x1)
  thermal gate: waited 8s -> 60.0 C
  warmup 1/2: 0.328319 sec (cache prime)
  warmup 2/2: 0.115480 sec
  N=1   batch 1/1: 0.117311 sec, 1 copy (server sum 59.765 ms)
  N=2   batch 1/1: 0.174189 sec, 2 copies (server sum 114.919 ms)
  N=4   batch 1/1: 0.312657 sec, 4 copies (server sum 229.378 ms)
  N=8   batch 1/1: 0.527268 sec, 8 copies (server sum 458.158 ms)
  N=16  batch 1/1: 0.995253 sec, 16 copies (server sum 912.880 ms)
  done: 5 sizes x 1 run (0 failures)

Done. Batch rows appended to logs/slope_sample/warm_stepup/reference_20260921T230207Z/query_timing_tpch_idx.csv
Per-copy samples appended to logs/slope_sample/warm_stepup/reference_20260921T230207Z/query_samples_tpch_idx.csv
Last batch ended at epoch 1790034944.328 (PREV_END_EPOCH for the next invocation)
===== [30/280] queries/tpch/sqlstorm_slope/reference/10538.sql run_id=F5CE91BE38505AE8 =====
query_runner configuration:
  QUERY_DIR         = queries/tpch/sqlstorm_slope/reference/10538.sql
  LOGS_DIR          = logs/slope_sample/warm_stepup/reference_20260921T230207Z  (query_timing_/query_samples_/query_catalog_tpch_idx.csv)
  DB_NAME / DB_USER = tpch_idx / postgres
  PGPORT            = 5434  (server reports 18.4)
  RUN_ID            = F5CE91BE38505AE8
  WARMUP            = 2 single-copy warm-ups (the first primes the cache)
  BATCH_SIZES       = 1 2 4 8 16  x RUNS=1 measured batches each
  WORKERS           = (planner default)
  STATEMENT_TIMEOUT = 60
  THERMAL_EQUALISE  = gate (T_LO=55 T_HI=60 preheat<=60s cooldown<=120s)
  sensors           = pkg:/sys/class/hwmon/hwmon8/temp1_input cores:4 cpufreq:8 throttle:8/8
  SIGLESS_ADDR      = (disabled)
Found 1 query under queries/tpch/sqlstorm_slope/reference/10538.sql

[1/1] queries/tpch/sqlstorm_slope/reference/10538.sql (2 warmup + step-up 1 2 4 8 16 x1)
  warmup 1/2: 0.342221 sec (cache prime)
  warmup 2/2: 0.177147 sec
  N=1   batch 1/1: 0.203174 sec, 1 copy (server sum 123.913 ms)
  N=2   batch 1/1: 0.283912 sec, 2 copies (server sum 228.099 ms)
  N=4   batch 1/1: 0.534909 sec, 4 copies (server sum 476.662 ms)
  N=8   batch 1/1: 0.983953 sec, 8 copies (server sum 924.302 ms)
  N=16  batch 1/1: 1.942199 sec, 16 copies (server sum 1847.742 ms)
  done: 5 sizes x 1 run (0 failures)

Done. Batch rows appended to logs/slope_sample/warm_stepup/reference_20260921T230207Z/query_timing_tpch_idx.csv
Per-copy samples appended to logs/slope_sample/warm_stepup/reference_20260921T230207Z/query_samples_tpch_idx.csv
Last batch ended at epoch 1790034952.613 (PREV_END_EPOCH for the next invocation)
===== [31/280] queries/tpch/sqlstorm_slope/reference/5820.sql run_id=DA5A045CA23F3650 =====
query_runner configuration:
  QUERY_DIR         = queries/tpch/sqlstorm_slope/reference/5820.sql
  LOGS_DIR          = logs/slope_sample/warm_stepup/reference_20260921T230207Z  (query_timing_/query_samples_/query_catalog_tpch_idx.csv)
  DB_NAME / DB_USER = tpch_idx / postgres
  PGPORT            = 5434  (server reports 18.4)
  RUN_ID            = DA5A045CA23F3650
  WARMUP            = 2 single-copy warm-ups (the first primes the cache)
  BATCH_SIZES       = 1 2 4 8 16  x RUNS=1 measured batches each
  WORKERS           = (planner default)
  STATEMENT_TIMEOUT = 60
  THERMAL_EQUALISE  = gate (T_LO=55 T_HI=60 preheat<=60s cooldown<=120s)
  sensors           = pkg:/sys/class/hwmon/hwmon8/temp1_input cores:4 cpufreq:8 throttle:8/8
  SIGLESS_ADDR      = (disabled)
Found 1 query under queries/tpch/sqlstorm_slope/reference/5820.sql

[1/1] queries/tpch/sqlstorm_slope/reference/5820.sql (2 warmup + step-up 1 2 4 8 16 x1)
  thermal gate: waited 2s -> 58.0 C
  warmup 1/2: 0.528109 sec (cache prime)
  warmup 2/2: 0.360073 sec
  N=1   batch 1/1: 0.366883 sec, 1 copy (server sum 304.566 ms)
  N=2   batch 1/1: 0.722423 sec, 2 copies (server sum 597.749 ms)
  N=4   batch 1/1: 1.266367 sec, 4 copies (server sum 1202.936 ms)
  N=8   batch 1/1: 2.519632 sec, 8 copies (server sum 2397.335 ms)
  N=16  batch 1/1: 4.869106 sec, 16 copies (server sum 4776.778 ms)
  done: 5 sizes x 1 run (0 failures)

Done. Batch rows appended to logs/slope_sample/warm_stepup/reference_20260921T230207Z/query_timing_tpch_idx.csv
Per-copy samples appended to logs/slope_sample/warm_stepup/reference_20260921T230207Z/query_samples_tpch_idx.csv
Last batch ended at epoch 1790034969.074 (PREV_END_EPOCH for the next invocation)
===== [32/280] queries/tpch/sqlstorm_slope/reference/10945.sql run_id=1FE6283F6E374F2E =====
query_runner configuration:
  QUERY_DIR         = queries/tpch/sqlstorm_slope/reference/10945.sql
  LOGS_DIR          = logs/slope_sample/warm_stepup/reference_20260921T230207Z  (query_timing_/query_samples_/query_catalog_tpch_idx.csv)
  DB_NAME / DB_USER = tpch_idx / postgres
  PGPORT            = 5434  (server reports 18.4)
  RUN_ID            = 1FE6283F6E374F2E
  WARMUP            = 2 single-copy warm-ups (the first primes the cache)
  BATCH_SIZES       = 1 2 4 8 16  x RUNS=1 measured batches each
  WORKERS           = (planner default)
  STATEMENT_TIMEOUT = 60
  THERMAL_EQUALISE  = gate (T_LO=55 T_HI=60 preheat<=60s cooldown<=120s)
  sensors           = pkg:/sys/class/hwmon/hwmon8/temp1_input cores:4 cpufreq:8 throttle:8/8
  SIGLESS_ADDR      = (disabled)
Found 1 query under queries/tpch/sqlstorm_slope/reference/10945.sql

[1/1] queries/tpch/sqlstorm_slope/reference/10945.sql (2 warmup + step-up 1 2 4 8 16 x1)
  thermal gate: waited 2s -> 58.0 C
  warmup 1/2: 0.334966 sec (cache prime)
  warmup 2/2: 0.101819 sec
  N=1   batch 1/1: 0.101999 sec, 1 copy (server sum 41.514 ms)
  N=2   batch 1/1: 0.145361 sec, 2 copies (server sum 81.315 ms)
  N=4   batch 1/1: 0.232539 sec, 4 copies (server sum 161.772 ms)
  N=8   batch 1/1: 0.410117 sec, 8 copies (server sum 325.027 ms)
  N=16  batch 1/1: 0.775447 sec, 16 copies (server sum 659.212 ms)
  done: 5 sizes x 1 run (0 failures)

Done. Batch rows appended to logs/slope_sample/warm_stepup/reference_20260921T230207Z/query_timing_tpch_idx.csv
Per-copy samples appended to logs/slope_sample/warm_stepup/reference_20260921T230207Z/query_samples_tpch_idx.csv
Last batch ended at epoch 1790034977.303 (PREV_END_EPOCH for the next invocation)
===== [33/280] queries/tpch/sqlstorm_slope/reference/17087.sql run_id=CABECF8880AB65F1 =====
query_runner configuration:
  QUERY_DIR         = queries/tpch/sqlstorm_slope/reference/17087.sql
  LOGS_DIR          = logs/slope_sample/warm_stepup/reference_20260921T230207Z  (query_timing_/query_samples_/query_catalog_tpch_idx.csv)
  DB_NAME / DB_USER = tpch_idx / postgres
  PGPORT            = 5434  (server reports 18.4)
  RUN_ID            = CABECF8880AB65F1
  WARMUP            = 2 single-copy warm-ups (the first primes the cache)
  BATCH_SIZES       = 1 2 4 8 16  x RUNS=1 measured batches each
  WORKERS           = (planner default)
  STATEMENT_TIMEOUT = 60
  THERMAL_EQUALISE  = gate (T_LO=55 T_HI=60 preheat<=60s cooldown<=120s)
  sensors           = pkg:/sys/class/hwmon/hwmon8/temp1_input cores:4 cpufreq:8 throttle:8/8
  SIGLESS_ADDR      = (disabled)
Found 1 query under queries/tpch/sqlstorm_slope/reference/17087.sql

[1/1] queries/tpch/sqlstorm_slope/reference/17087.sql (2 warmup + step-up 1 2 4 8 16 x1)
  warmup 1/2: 2.031572 sec (cache prime)
  warmup 2/2: 0.811591 sec
  N=1   batch 1/1: 0.808209 sec, 1 copy (server sum 750.596 ms)
  N=2   batch 1/1: 1.535729 sec, 2 copies (server sum 1477.240 ms)
  N=4   batch 1/1: 2.955095 sec, 4 copies (server sum 2893.355 ms)
  N=8   batch 1/1: 5.776751 sec, 8 copies (server sum 5708.772 ms)
  N=16  batch 1/1: 11.499862 sec, 16 copies (server sum 11407.034 ms)
  done: 5 sizes x 1 run (0 failures)

Done. Batch rows appended to logs/slope_sample/warm_stepup/reference_20260921T230207Z/query_timing_tpch_idx.csv
Per-copy samples appended to logs/slope_sample/warm_stepup/reference_20260921T230207Z/query_samples_tpch_idx.csv
Last batch ended at epoch 1790035006.879 (PREV_END_EPOCH for the next invocation)
===== [34/280] queries/tpch/sqlstorm_slope/reference/28614.sql run_id=FF9BF0C48490387C =====
query_runner configuration:
  QUERY_DIR         = queries/tpch/sqlstorm_slope/reference/28614.sql
  LOGS_DIR          = logs/slope_sample/warm_stepup/reference_20260921T230207Z  (query_timing_/query_samples_/query_catalog_tpch_idx.csv)
  DB_NAME / DB_USER = tpch_idx / postgres
  PGPORT            = 5434  (server reports 18.4)
  RUN_ID            = FF9BF0C48490387C
  WARMUP            = 2 single-copy warm-ups (the first primes the cache)
  BATCH_SIZES       = 1 2 4 8 16  x RUNS=1 measured batches each
  WORKERS           = (planner default)
  STATEMENT_TIMEOUT = 60
  THERMAL_EQUALISE  = gate (T_LO=55 T_HI=60 preheat<=60s cooldown<=120s)
  sensors           = pkg:/sys/class/hwmon/hwmon8/temp1_input cores:4 cpufreq:8 throttle:8/8
  SIGLESS_ADDR      = (disabled)
Found 1 query under queries/tpch/sqlstorm_slope/reference/28614.sql

[1/1] queries/tpch/sqlstorm_slope/reference/28614.sql (2 warmup + step-up 1 2 4 8 16 x1)
  thermal gate: waited 2s -> 59.0 C
  warmup 1/2: 0.272811 sec (cache prime)
  warmup 2/2: 0.079056 sec
  N=1   batch 1/1: 0.079403 sec, 1 copy (server sum 18.056 ms)
  N=2   batch 1/1: 0.098542 sec, 2 copies (server sum 33.187 ms)
  N=4   batch 1/1: 0.142237 sec, 4 copies (server sum 67.587 ms)
  N=8   batch 1/1: 0.222794 sec, 8 copies (server sum 130.783 ms)
  N=16  batch 1/1: 0.376186 sec, 16 copies (server sum 251.794 ms)
  done: 5 sizes x 1 run (0 failures)

Done. Batch rows appended to logs/slope_sample/warm_stepup/reference_20260921T230207Z/query_timing_tpch_idx.csv
Per-copy samples appended to logs/slope_sample/warm_stepup/reference_20260921T230207Z/query_samples_tpch_idx.csv
Last batch ended at epoch 1790035014.697 (PREV_END_EPOCH for the next invocation)
===== [35/280] queries/tpch/sqlstorm_slope/reference/5554.sql run_id=20C6A04225D5EF99 =====
query_runner configuration:
  QUERY_DIR         = queries/tpch/sqlstorm_slope/reference/5554.sql
  LOGS_DIR          = logs/slope_sample/warm_stepup/reference_20260921T230207Z  (query_timing_/query_samples_/query_catalog_tpch_idx.csv)
  DB_NAME / DB_USER = tpch_idx / postgres
  PGPORT            = 5434  (server reports 18.4)
  RUN_ID            = 20C6A04225D5EF99
  WARMUP            = 2 single-copy warm-ups (the first primes the cache)
  BATCH_SIZES       = 1 2 4 8 16  x RUNS=1 measured batches each
  WORKERS           = (planner default)
  STATEMENT_TIMEOUT = 60
  THERMAL_EQUALISE  = gate (T_LO=55 T_HI=60 preheat<=60s cooldown<=120s)
  sensors           = pkg:/sys/class/hwmon/hwmon8/temp1_input cores:4 cpufreq:8 throttle:8/8
  SIGLESS_ADDR      = (disabled)
Found 1 query under queries/tpch/sqlstorm_slope/reference/5554.sql

[1/1] queries/tpch/sqlstorm_slope/reference/5554.sql (2 warmup + step-up 1 2 4 8 16 x1)
  warmup 1/2: 8.319945 sec (cache prime)
  warmup 2/2: 7.184975 sec
  N=1   batch 1/1: 7.205361 sec, 1 copy (server sum 7144.546 ms)
  N=2   batch 1/1: 14.241983 sec, 2 copies (server sum 14141.232 ms)
  N=4   batch 1/1: 28.339689 sec, 4 copies (server sum 28270.908 ms)
  N=8   batch 1/1: 56.416210 sec, 8 copies (server sum 56333.967 ms)
  N=16  batch 1/1: 112.703244 sec, 16 copies (server sum 112595.330 ms)
  done: 5 sizes x 1 run (0 failures)

Done. Batch rows appended to logs/slope_sample/warm_stepup/reference_20260921T230207Z/query_timing_tpch_idx.csv
Per-copy samples appended to logs/slope_sample/warm_stepup/reference_20260921T230207Z/query_samples_tpch_idx.csv
Last batch ended at epoch 1790035253.171 (PREV_END_EPOCH for the next invocation)
===== [36/280] queries/tpch/sqlstorm_slope/reference/28614.sql run_id=461A0ADB47B24777 =====
query_runner configuration:
  QUERY_DIR         = queries/tpch/sqlstorm_slope/reference/28614.sql
  LOGS_DIR          = logs/slope_sample/warm_stepup/reference_20260921T230207Z  (query_timing_/query_samples_/query_catalog_tpch_idx.csv)
  DB_NAME / DB_USER = tpch_idx / postgres
  PGPORT            = 5434  (server reports 18.4)
  RUN_ID            = 461A0ADB47B24777
  WARMUP            = 2 single-copy warm-ups (the first primes the cache)
  BATCH_SIZES       = 1 2 4 8 16  x RUNS=1 measured batches each
  WORKERS           = (planner default)
  STATEMENT_TIMEOUT = 60
  THERMAL_EQUALISE  = gate (T_LO=55 T_HI=60 preheat<=60s cooldown<=120s)
  sensors           = pkg:/sys/class/hwmon/hwmon8/temp1_input cores:4 cpufreq:8 throttle:8/8
  SIGLESS_ADDR      = (disabled)
Found 1 query under queries/tpch/sqlstorm_slope/reference/28614.sql

[1/1] queries/tpch/sqlstorm_slope/reference/28614.sql (2 warmup + step-up 1 2 4 8 16 x1)
  thermal gate: waited 8s -> 60.0 C
  warmup 1/2: 0.248065 sec (cache prime)
  warmup 2/2: 0.078839 sec
  N=1   batch 1/1: 0.079074 sec, 1 copy (server sum 17.604 ms)
  N=2   batch 1/1: 0.098911 sec, 2 copies (server sum 33.465 ms)
  N=4   batch 1/1: 0.138621 sec, 4 copies (server sum 64.268 ms)
  N=8   batch 1/1: 0.220981 sec, 8 copies (server sum 130.587 ms)
  N=16  batch 1/1: 0.374625 sec, 16 copies (server sum 250.978 ms)
  done: 5 sizes x 1 run (0 failures)

Done. Batch rows appended to logs/slope_sample/warm_stepup/reference_20260921T230207Z/query_timing_tpch_idx.csv
Per-copy samples appended to logs/slope_sample/warm_stepup/reference_20260921T230207Z/query_samples_tpch_idx.csv
Last batch ended at epoch 1790035267.050 (PREV_END_EPOCH for the next invocation)
===== [37/280] queries/tpch/sqlstorm_slope/reference/3396.sql run_id=D38BD05C680A5DDF =====
query_runner configuration:
  QUERY_DIR         = queries/tpch/sqlstorm_slope/reference/3396.sql
  LOGS_DIR          = logs/slope_sample/warm_stepup/reference_20260921T230207Z  (query_timing_/query_samples_/query_catalog_tpch_idx.csv)
  DB_NAME / DB_USER = tpch_idx / postgres
  PGPORT            = 5434  (server reports 18.4)
  RUN_ID            = D38BD05C680A5DDF
  WARMUP            = 2 single-copy warm-ups (the first primes the cache)
  BATCH_SIZES       = 1 2 4 8 16  x RUNS=1 measured batches each
  WORKERS           = (planner default)
  STATEMENT_TIMEOUT = 60
  THERMAL_EQUALISE  = gate (T_LO=55 T_HI=60 preheat<=60s cooldown<=120s)
  sensors           = pkg:/sys/class/hwmon/hwmon8/temp1_input cores:4 cpufreq:8 throttle:8/8
  SIGLESS_ADDR      = (disabled)
Found 1 query under queries/tpch/sqlstorm_slope/reference/3396.sql

[1/1] queries/tpch/sqlstorm_slope/reference/3396.sql (2 warmup + step-up 1 2 4 8 16 x1)
  warmup 1/2: 14.980935 sec (cache prime)
  warmup 2/2: 13.137360 sec
  N=1   batch 1/1: 12.974299 sec, 1 copy (server sum 12914.861 ms)
  N=2   batch 1/1: 26.080061 sec, 2 copies (server sum 26017.818 ms)
  N=4   batch 1/1: 51.979989 sec, 4 copies (server sum 51911.012 ms)
  N=8   batch 1/1: 102.506042 sec, 8 copies (server sum 102425.018 ms)
  N=16  batch 1/1: 208.003280 sec, 16 copies (server sum 207899.235 ms)
  done: 5 sizes x 1 run (0 failures)

Done. Batch rows appended to logs/slope_sample/warm_stepup/reference_20260921T230207Z/query_timing_tpch_idx.csv
Per-copy samples appended to logs/slope_sample/warm_stepup/reference_20260921T230207Z/query_samples_tpch_idx.csv
Last batch ended at epoch 1790035700.631 (PREV_END_EPOCH for the next invocation)
===== [38/280] queries/tpch/sqlstorm_slope/reference/3396.sql run_id=5EE2FA5D4127E253 =====
query_runner configuration:
  QUERY_DIR         = queries/tpch/sqlstorm_slope/reference/3396.sql
  LOGS_DIR          = logs/slope_sample/warm_stepup/reference_20260921T230207Z  (query_timing_/query_samples_/query_catalog_tpch_idx.csv)
  DB_NAME / DB_USER = tpch_idx / postgres
  PGPORT            = 5434  (server reports 18.4)
  RUN_ID            = 5EE2FA5D4127E253
  WARMUP            = 2 single-copy warm-ups (the first primes the cache)
  BATCH_SIZES       = 1 2 4 8 16  x RUNS=1 measured batches each
  WORKERS           = (planner default)
  STATEMENT_TIMEOUT = 60
  THERMAL_EQUALISE  = gate (T_LO=55 T_HI=60 preheat<=60s cooldown<=120s)
  sensors           = pkg:/sys/class/hwmon/hwmon8/temp1_input cores:4 cpufreq:8 throttle:8/8
  SIGLESS_ADDR      = (disabled)
Found 1 query under queries/tpch/sqlstorm_slope/reference/3396.sql

[1/1] queries/tpch/sqlstorm_slope/reference/3396.sql (2 warmup + step-up 1 2 4 8 16 x1)
  thermal gate: waited 2s -> 59.0 C
  warmup 1/2: 14.681368 sec (cache prime)
  warmup 2/2: 12.926066 sec
  N=1   batch 1/1: 13.196527 sec, 1 copy (server sum 13136.988 ms)
  N=2   batch 1/1: 25.915354 sec, 2 copies (server sum 25838.543 ms)
  N=4   batch 1/1: 52.180639 sec, 4 copies (server sum 52111.268 ms)
  N=8   batch 1/1: 101.951144 sec, 8 copies (server sum 101871.525 ms)
  N=16  batch 1/1: 207.220601 sec, 16 copies (server sum 207117.614 ms)
  done: 5 sizes x 1 run (0 failures)

Done. Batch rows appended to logs/slope_sample/warm_stepup/reference_20260921T230207Z/query_timing_tpch_idx.csv
Per-copy samples appended to logs/slope_sample/warm_stepup/reference_20260921T230207Z/query_samples_tpch_idx.csv
Last batch ended at epoch 1790036135.329 (PREV_END_EPOCH for the next invocation)
===== [39/280] queries/tpch/sqlstorm_slope/reference/3396.sql run_id=A5D1EFA75A53F163 =====
query_runner configuration:
  QUERY_DIR         = queries/tpch/sqlstorm_slope/reference/3396.sql
  LOGS_DIR          = logs/slope_sample/warm_stepup/reference_20260921T230207Z  (query_timing_/query_samples_/query_catalog_tpch_idx.csv)
  DB_NAME / DB_USER = tpch_idx / postgres
  PGPORT            = 5434  (server reports 18.4)
  RUN_ID            = A5D1EFA75A53F163
  WARMUP            = 2 single-copy warm-ups (the first primes the cache)
  BATCH_SIZES       = 1 2 4 8 16  x RUNS=1 measured batches each
  WORKERS           = (planner default)
  STATEMENT_TIMEOUT = 60
  THERMAL_EQUALISE  = gate (T_LO=55 T_HI=60 preheat<=60s cooldown<=120s)
  sensors           = pkg:/sys/class/hwmon/hwmon8/temp1_input cores:4 cpufreq:8 throttle:8/8
  SIGLESS_ADDR      = (disabled)
Found 1 query under queries/tpch/sqlstorm_slope/reference/3396.sql

[1/1] queries/tpch/sqlstorm_slope/reference/3396.sql (2 warmup + step-up 1 2 4 8 16 x1)
  thermal gate: waited 2s -> 59.0 C
  warmup 1/2: 15.184684 sec (cache prime)
  warmup 2/2: 12.935965 sec
  N=1   batch 1/1: 13.053274 sec, 1 copy (server sum 12993.639 ms)
  N=2   batch 1/1: 26.057008 sec, 2 copies (server sum 25992.866 ms)
  N=4   batch 1/1: 51.377036 sec, 4 copies (server sum 51260.307 ms)
  N=8   batch 1/1: 101.873830 sec, 8 copies (server sum 101793.842 ms)
  N=16  batch 1/1: 206.719928 sec, 16 copies (server sum 206616.010 ms)
  done: 5 sizes x 1 run (0 failures)

Done. Batch rows appended to logs/slope_sample/warm_stepup/reference_20260921T230207Z/query_timing_tpch_idx.csv
Per-copy samples appended to logs/slope_sample/warm_stepup/reference_20260921T230207Z/query_samples_tpch_idx.csv
Last batch ended at epoch 1790036569.078 (PREV_END_EPOCH for the next invocation)
===== [40/280] queries/tpch/sqlstorm_slope/reference/11750.sql run_id=2F30613B20923806 =====
query_runner configuration:
  QUERY_DIR         = queries/tpch/sqlstorm_slope/reference/11750.sql
  LOGS_DIR          = logs/slope_sample/warm_stepup/reference_20260921T230207Z  (query_timing_/query_samples_/query_catalog_tpch_idx.csv)
  DB_NAME / DB_USER = tpch_idx / postgres
  PGPORT            = 5434  (server reports 18.4)
  RUN_ID            = 2F30613B20923806
  WARMUP            = 2 single-copy warm-ups (the first primes the cache)
  BATCH_SIZES       = 1 2 4 8 16  x RUNS=1 measured batches each
  WORKERS           = (planner default)
  STATEMENT_TIMEOUT = 60
  THERMAL_EQUALISE  = gate (T_LO=55 T_HI=60 preheat<=60s cooldown<=120s)
  sensors           = pkg:/sys/class/hwmon/hwmon8/temp1_input cores:4 cpufreq:8 throttle:8/8
  SIGLESS_ADDR      = (disabled)
Found 1 query under queries/tpch/sqlstorm_slope/reference/11750.sql

[1/1] queries/tpch/sqlstorm_slope/reference/11750.sql (2 warmup + step-up 1 2 4 8 16 x1)
  thermal gate: waited 2s -> 59.0 C
  warmup 1/2: 2.783130 sec (cache prime)
  warmup 2/2: 1.508264 sec
  N=1   batch 1/1: 1.618541 sec, 1 copy (server sum 1511.579 ms)
  N=2   batch 1/1: 2.919294 sec, 2 copies (server sum 2859.884 ms)
  N=4   batch 1/1: 5.865469 sec, 4 copies (server sum 5804.636 ms)
  N=8   batch 1/1: 11.559639 sec, 8 copies (server sum 11493.358 ms)
  N=16  batch 1/1: 22.820997 sec, 16 copies (server sum 22744.624 ms)
  done: 5 sizes x 1 run (0 failures)

Done. Batch rows appended to logs/slope_sample/warm_stepup/reference_20260921T230207Z/query_timing_tpch_idx.csv
Per-copy samples appended to logs/slope_sample/warm_stepup/reference_20260921T230207Z/query_samples_tpch_idx.csv
Last batch ended at epoch 1790036624.732 (PREV_END_EPOCH for the next invocation)
===== [41/280] queries/tpch/sqlstorm_slope/reference/5554.sql run_id=FE795DD0E6A3281D =====
query_runner configuration:
  QUERY_DIR         = queries/tpch/sqlstorm_slope/reference/5554.sql
  LOGS_DIR          = logs/slope_sample/warm_stepup/reference_20260921T230207Z  (query_timing_/query_samples_/query_catalog_tpch_idx.csv)
  DB_NAME / DB_USER = tpch_idx / postgres
  PGPORT            = 5434  (server reports 18.4)
  RUN_ID            = FE795DD0E6A3281D
  WARMUP            = 2 single-copy warm-ups (the first primes the cache)
  BATCH_SIZES       = 1 2 4 8 16  x RUNS=1 measured batches each
  WORKERS           = (planner default)
  STATEMENT_TIMEOUT = 60
  THERMAL_EQUALISE  = gate (T_LO=55 T_HI=60 preheat<=60s cooldown<=120s)
  sensors           = pkg:/sys/class/hwmon/hwmon8/temp1_input cores:4 cpufreq:8 throttle:8/8
  SIGLESS_ADDR      = (disabled)
Found 1 query under queries/tpch/sqlstorm_slope/reference/5554.sql

[1/1] queries/tpch/sqlstorm_slope/reference/5554.sql (2 warmup + step-up 1 2 4 8 16 x1)
  thermal gate: waited 2s -> 57.0 C
  warmup 1/2: 8.336245 sec (cache prime)
  warmup 2/2: 7.207681 sec
  N=1   batch 1/1: 7.210074 sec, 1 copy (server sum 7149.653 ms)
  N=2   batch 1/1: 14.311694 sec, 2 copies (server sum 14206.712 ms)
  N=4   batch 1/1: 28.319622 sec, 4 copies (server sum 28250.505 ms)
  N=8   batch 1/1: 56.516076 sec, 8 copies (server sum 56434.537 ms)
  N=16  batch 1/1: 112.963468 sec, 16 copies (server sum 112815.454 ms)
  done: 5 sizes x 1 run (0 failures)

Done. Batch rows appended to logs/slope_sample/warm_stepup/reference_20260921T230207Z/query_timing_tpch_idx.csv
Per-copy samples appended to logs/slope_sample/warm_stepup/reference_20260921T230207Z/query_samples_tpch_idx.csv
Last batch ended at epoch 1790036865.909 (PREV_END_EPOCH for the next invocation)
===== [42/280] queries/tpch/sqlstorm_slope/reference/14616.sql run_id=8DE8862DE893B660 =====
query_runner configuration:
  QUERY_DIR         = queries/tpch/sqlstorm_slope/reference/14616.sql
  LOGS_DIR          = logs/slope_sample/warm_stepup/reference_20260921T230207Z  (query_timing_/query_samples_/query_catalog_tpch_idx.csv)
  DB_NAME / DB_USER = tpch_idx / postgres
  PGPORT            = 5434  (server reports 18.4)
  RUN_ID            = 8DE8862DE893B660
  WARMUP            = 2 single-copy warm-ups (the first primes the cache)
  BATCH_SIZES       = 1 2 4 8 16  x RUNS=1 measured batches each
  WORKERS           = (planner default)
  STATEMENT_TIMEOUT = 60
  THERMAL_EQUALISE  = gate (T_LO=55 T_HI=60 preheat<=60s cooldown<=120s)
  sensors           = pkg:/sys/class/hwmon/hwmon8/temp1_input cores:4 cpufreq:8 throttle:8/8
  SIGLESS_ADDR      = (disabled)
Found 1 query under queries/tpch/sqlstorm_slope/reference/14616.sql

[1/1] queries/tpch/sqlstorm_slope/reference/14616.sql (2 warmup + step-up 1 2 4 8 16 x1)
  thermal gate: waited 8s -> 60.0 C
  warmup 1/2: 0.129177 sec (cache prime)
  warmup 2/2: 0.068570 sec
  N=1   batch 1/1: 0.068082 sec, 1 copy (server sum 9.131 ms)
  N=2   batch 1/1: 0.084030 sec, 2 copies (server sum 21.815 ms)
  N=4   batch 1/1: 0.102527 sec, 4 copies (server sum 35.460 ms)
  N=8   batch 1/1: 0.148214 sec, 8 copies (server sum 70.225 ms)
  N=16  batch 1/1: 0.242222 sec, 16 copies (server sum 143.462 ms)
  done: 5 sizes x 1 run (0 failures)

Done. Batch rows appended to logs/slope_sample/warm_stepup/reference_20260921T230207Z/query_timing_tpch_idx.csv
Per-copy samples appended to logs/slope_sample/warm_stepup/reference_20260921T230207Z/query_samples_tpch_idx.csv
Last batch ended at epoch 1790036879.335 (PREV_END_EPOCH for the next invocation)
===== [43/280] queries/tpch/sqlstorm_slope/reference/9307.sql run_id=F978FF2ABCB29D55 =====
query_runner configuration:
  QUERY_DIR         = queries/tpch/sqlstorm_slope/reference/9307.sql
  LOGS_DIR          = logs/slope_sample/warm_stepup/reference_20260921T230207Z  (query_timing_/query_samples_/query_catalog_tpch_idx.csv)
  DB_NAME / DB_USER = tpch_idx / postgres
  PGPORT            = 5434  (server reports 18.4)
  RUN_ID            = F978FF2ABCB29D55
  WARMUP            = 2 single-copy warm-ups (the first primes the cache)
  BATCH_SIZES       = 1 2 4 8 16  x RUNS=1 measured batches each
  WORKERS           = (planner default)
  STATEMENT_TIMEOUT = 60
  THERMAL_EQUALISE  = gate (T_LO=55 T_HI=60 preheat<=60s cooldown<=120s)
  sensors           = pkg:/sys/class/hwmon/hwmon8/temp1_input cores:4 cpufreq:8 throttle:8/8
  SIGLESS_ADDR      = (disabled)
Found 1 query under queries/tpch/sqlstorm_slope/reference/9307.sql

[1/1] queries/tpch/sqlstorm_slope/reference/9307.sql (2 warmup + step-up 1 2 4 8 16 x1)
  thermal gate: waited 2s -> 58.0 C
  warmup 1/2: 16.378982 sec (cache prime)
  warmup 2/2: 13.553568 sec
  N=1   batch 1/1: 13.436511 sec, 1 copy (server sum 13378.298 ms)
  N=2   batch 1/1: 26.832875 sec, 2 copies (server sum 26726.177 ms)
  N=4   batch 1/1: 53.064459 sec, 4 copies (server sum 52987.988 ms)
  N=8   batch 1/1: 106.035299 sec, 8 copies (server sum 105947.808 ms)
  N=16  batch 1/1: 211.636169 sec, 16 copies (server sum 211549.382 ms)
  done: 5 sizes x 1 run (0 failures)

Done. Batch rows appended to logs/slope_sample/warm_stepup/reference_20260921T230207Z/query_timing_tpch_idx.csv
Per-copy samples appended to logs/slope_sample/warm_stepup/reference_20260921T230207Z/query_samples_tpch_idx.csv
Last batch ended at epoch 1790037326.081 (PREV_END_EPOCH for the next invocation)
===== [44/280] queries/tpch/sqlstorm_slope/reference/17087.sql run_id=4656353F76336C39 =====
query_runner configuration:
  QUERY_DIR         = queries/tpch/sqlstorm_slope/reference/17087.sql
  LOGS_DIR          = logs/slope_sample/warm_stepup/reference_20260921T230207Z  (query_timing_/query_samples_/query_catalog_tpch_idx.csv)
  DB_NAME / DB_USER = tpch_idx / postgres
  PGPORT            = 5434  (server reports 18.4)
  RUN_ID            = 4656353F76336C39
  WARMUP            = 2 single-copy warm-ups (the first primes the cache)
  BATCH_SIZES       = 1 2 4 8 16  x RUNS=1 measured batches each
  WORKERS           = (planner default)
  STATEMENT_TIMEOUT = 60
  THERMAL_EQUALISE  = gate (T_LO=55 T_HI=60 preheat<=60s cooldown<=120s)
  sensors           = pkg:/sys/class/hwmon/hwmon8/temp1_input cores:4 cpufreq:8 throttle:8/8
  SIGLESS_ADDR      = (disabled)
Found 1 query under queries/tpch/sqlstorm_slope/reference/17087.sql

[1/1] queries/tpch/sqlstorm_slope/reference/17087.sql (2 warmup + step-up 1 2 4 8 16 x1)
  thermal gate: pre-heated 5s -> 59.0 C
  warmup 1/2: 2.074922 sec (cache prime)
  warmup 2/2: 0.859742 sec
  N=1   batch 1/1: 0.805785 sec, 1 copy (server sum 748.191 ms)
  N=2   batch 1/1: 1.533284 sec, 2 copies (server sum 1474.276 ms)
  N=4   batch 1/1: 2.941291 sec, 4 copies (server sum 2879.359 ms)
  N=8   batch 1/1: 5.796109 sec, 8 copies (server sum 5728.014 ms)
  N=16  batch 1/1: 11.521021 sec, 16 copies (server sum 11410.453 ms)
  done: 5 sizes x 1 run (0 failures)

Done. Batch rows appended to logs/slope_sample/warm_stepup/reference_20260921T230207Z/query_timing_tpch_idx.csv
Per-copy samples appended to logs/slope_sample/warm_stepup/reference_20260921T230207Z/query_samples_tpch_idx.csv
Last batch ended at epoch 1790037360.815 (PREV_END_EPOCH for the next invocation)
===== [45/280] queries/tpch/sqlstorm_slope/reference/10945.sql run_id=BAB6BE4B019267E6 =====
query_runner configuration:
  QUERY_DIR         = queries/tpch/sqlstorm_slope/reference/10945.sql
  LOGS_DIR          = logs/slope_sample/warm_stepup/reference_20260921T230207Z  (query_timing_/query_samples_/query_catalog_tpch_idx.csv)
  DB_NAME / DB_USER = tpch_idx / postgres
  PGPORT            = 5434  (server reports 18.4)
  RUN_ID            = BAB6BE4B019267E6
  WARMUP            = 2 single-copy warm-ups (the first primes the cache)
  BATCH_SIZES       = 1 2 4 8 16  x RUNS=1 measured batches each
  WORKERS           = (planner default)
  STATEMENT_TIMEOUT = 60
  THERMAL_EQUALISE  = gate (T_LO=55 T_HI=60 preheat<=60s cooldown<=120s)
  sensors           = pkg:/sys/class/hwmon/hwmon8/temp1_input cores:4 cpufreq:8 throttle:8/8
  SIGLESS_ADDR      = (disabled)
Found 1 query under queries/tpch/sqlstorm_slope/reference/10945.sql

[1/1] queries/tpch/sqlstorm_slope/reference/10945.sql (2 warmup + step-up 1 2 4 8 16 x1)
  warmup 1/2: 0.313773 sec (cache prime)
  warmup 2/2: 0.100811 sec
  N=1   batch 1/1: 0.101712 sec, 1 copy (server sum 41.600 ms)
  N=2   batch 1/1: 0.144944 sec, 2 copies (server sum 81.524 ms)
  N=4   batch 1/1: 0.240371 sec, 4 copies (server sum 169.720 ms)
  N=8   batch 1/1: 0.408498 sec, 8 copies (server sum 323.370 ms)
  N=16  batch 1/1: 0.778184 sec, 16 copies (server sum 657.588 ms)
  done: 5 sizes x 1 run (0 failures)

Done. Batch rows appended to logs/slope_sample/warm_stepup/reference_20260921T230207Z/query_timing_tpch_idx.csv
Per-copy samples appended to logs/slope_sample/warm_stepup/reference_20260921T230207Z/query_samples_tpch_idx.csv
Last batch ended at epoch 1790037367.414 (PREV_END_EPOCH for the next invocation)
===== [46/280] queries/tpch/sqlstorm_slope/reference/8865.sql run_id=EEFE9D1617B21AC7 =====
query_runner configuration:
  QUERY_DIR         = queries/tpch/sqlstorm_slope/reference/8865.sql
  LOGS_DIR          = logs/slope_sample/warm_stepup/reference_20260921T230207Z  (query_timing_/query_samples_/query_catalog_tpch_idx.csv)
  DB_NAME / DB_USER = tpch_idx / postgres
  PGPORT            = 5434  (server reports 18.4)
  RUN_ID            = EEFE9D1617B21AC7
  WARMUP            = 2 single-copy warm-ups (the first primes the cache)
  BATCH_SIZES       = 1 2 4 8 16  x RUNS=1 measured batches each
  WORKERS           = (planner default)
  STATEMENT_TIMEOUT = 60
  THERMAL_EQUALISE  = gate (T_LO=55 T_HI=60 preheat<=60s cooldown<=120s)
  sensors           = pkg:/sys/class/hwmon/hwmon8/temp1_input cores:4 cpufreq:8 throttle:8/8
  SIGLESS_ADDR      = (disabled)
Found 1 query under queries/tpch/sqlstorm_slope/reference/8865.sql

[1/1] queries/tpch/sqlstorm_slope/reference/8865.sql (2 warmup + step-up 1 2 4 8 16 x1)
  warmup 1/2: 8.857748 sec (cache prime)
  warmup 2/2: 8.215529 sec
  N=1   batch 1/1: 8.292517 sec, 1 copy (server sum 8234.393 ms)
  N=2   batch 1/1: 16.324419 sec, 2 copies (server sum 16264.104 ms)
  N=4   batch 1/1: 32.594180 sec, 4 copies (server sum 32530.947 ms)
  N=8   batch 1/1: 65.070555 sec, 8 copies (server sum 64993.420 ms)
  N=16  batch 1/1: 129.491152 sec, 16 copies (server sum 129392.694 ms)
  done: 5 sizes x 1 run (0 failures)

Done. Batch rows appended to logs/slope_sample/warm_stepup/reference_20260921T230207Z/query_timing_tpch_idx.csv
Per-copy samples appended to logs/slope_sample/warm_stepup/reference_20260921T230207Z/query_samples_tpch_idx.csv
Last batch ended at epoch 1790037640.362 (PREV_END_EPOCH for the next invocation)
===== [47/280] queries/tpch/sqlstorm_slope/reference/5554.sql run_id=5DF7FA8E8B3CE37F =====
query_runner configuration:
  QUERY_DIR         = queries/tpch/sqlstorm_slope/reference/5554.sql
  LOGS_DIR          = logs/slope_sample/warm_stepup/reference_20260921T230207Z  (query_timing_/query_samples_/query_catalog_tpch_idx.csv)
  DB_NAME / DB_USER = tpch_idx / postgres
  PGPORT            = 5434  (server reports 18.4)
  RUN_ID            = 5DF7FA8E8B3CE37F
  WARMUP            = 2 single-copy warm-ups (the first primes the cache)
  BATCH_SIZES       = 1 2 4 8 16  x RUNS=1 measured batches each
  WORKERS           = (planner default)
  STATEMENT_TIMEOUT = 60
  THERMAL_EQUALISE  = gate (T_LO=55 T_HI=60 preheat<=60s cooldown<=120s)
  sensors           = pkg:/sys/class/hwmon/hwmon8/temp1_input cores:4 cpufreq:8 throttle:8/8
  SIGLESS_ADDR      = (disabled)
Found 1 query under queries/tpch/sqlstorm_slope/reference/5554.sql

[1/1] queries/tpch/sqlstorm_slope/reference/5554.sql (2 warmup + step-up 1 2 4 8 16 x1)
  thermal gate: pre-heated 5s -> 58.0 C
  warmup 1/2: 8.530160 sec (cache prime)
  warmup 2/2: 7.202879 sec
  N=1   batch 1/1: 7.240520 sec, 1 copy (server sum 7145.980 ms)
  N=2   batch 1/1: 14.215003 sec, 2 copies (server sum 14151.742 ms)
  N=4   batch 1/1: 28.286923 sec, 4 copies (server sum 28184.904 ms)
  N=8   batch 1/1: 56.339371 sec, 8 copies (server sum 56256.585 ms)
  N=16  batch 1/1: 112.574823 sec, 16 copies (server sum 112465.540 ms)
  done: 5 sizes x 1 run (0 failures)

Done. Batch rows appended to logs/slope_sample/warm_stepup/reference_20260921T230207Z/query_timing_tpch_idx.csv
Per-copy samples appended to logs/slope_sample/warm_stepup/reference_20260921T230207Z/query_samples_tpch_idx.csv
Last batch ended at epoch 1790037884.061 (PREV_END_EPOCH for the next invocation)
===== [48/280] queries/tpch/sqlstorm_slope/reference/27574.sql run_id=B131A2284E3C0528 =====
query_runner configuration:
  QUERY_DIR         = queries/tpch/sqlstorm_slope/reference/27574.sql
  LOGS_DIR          = logs/slope_sample/warm_stepup/reference_20260921T230207Z  (query_timing_/query_samples_/query_catalog_tpch_idx.csv)
  DB_NAME / DB_USER = tpch_idx / postgres
  PGPORT            = 5434  (server reports 18.4)
  RUN_ID            = B131A2284E3C0528
  WARMUP            = 2 single-copy warm-ups (the first primes the cache)
  BATCH_SIZES       = 1 2 4 8 16  x RUNS=1 measured batches each
  WORKERS           = (planner default)
  STATEMENT_TIMEOUT = 60
  THERMAL_EQUALISE  = gate (T_LO=55 T_HI=60 preheat<=60s cooldown<=120s)
  sensors           = pkg:/sys/class/hwmon/hwmon8/temp1_input cores:4 cpufreq:8 throttle:8/8
  SIGLESS_ADDR      = (disabled)
Found 1 query under queries/tpch/sqlstorm_slope/reference/27574.sql

[1/1] queries/tpch/sqlstorm_slope/reference/27574.sql (2 warmup + step-up 1 2 4 8 16 x1)
  thermal gate: waited 6s -> 60.0 C
  warmup 1/2: 13.332025 sec (cache prime)
  warmup 2/2: 11.805488 sec
  N=1   batch 1/1: 11.791831 sec, 1 copy (server sum 11702.936 ms)
  N=2   batch 1/1: 23.437358 sec, 2 copies (server sum 23360.605 ms)
  N=4   batch 1/1: 46.572183 sec, 4 copies (server sum 46466.399 ms)
  N=8   batch 1/1: 92.986352 sec, 8 copies (server sum 92899.577 ms)
  N=16  batch 1/1: 186.915765 sec, 16 copies (server sum 186779.656 ms)
  done: 5 sizes x 1 run (0 failures)

Done. Batch rows appended to logs/slope_sample/warm_stepup/reference_20260921T230207Z/query_timing_tpch_idx.csv
Per-copy samples appended to logs/slope_sample/warm_stepup/reference_20260921T230207Z/query_samples_tpch_idx.csv
Last batch ended at epoch 1790038281.324 (PREV_END_EPOCH for the next invocation)
===== [49/280] queries/tpch/sqlstorm_slope/reference/7925.sql run_id=2D4CA7E5A1BE128F =====
query_runner configuration:
  QUERY_DIR         = queries/tpch/sqlstorm_slope/reference/7925.sql
  LOGS_DIR          = logs/slope_sample/warm_stepup/reference_20260921T230207Z  (query_timing_/query_samples_/query_catalog_tpch_idx.csv)
  DB_NAME / DB_USER = tpch_idx / postgres
  PGPORT            = 5434  (server reports 18.4)
  RUN_ID            = 2D4CA7E5A1BE128F
  WARMUP            = 2 single-copy warm-ups (the first primes the cache)
  BATCH_SIZES       = 1 2 4 8 16  x RUNS=1 measured batches each
  WORKERS           = (planner default)
  STATEMENT_TIMEOUT = 60
  THERMAL_EQUALISE  = gate (T_LO=55 T_HI=60 preheat<=60s cooldown<=120s)
  sensors           = pkg:/sys/class/hwmon/hwmon8/temp1_input cores:4 cpufreq:8 throttle:8/8
  SIGLESS_ADDR      = (disabled)
Found 1 query under queries/tpch/sqlstorm_slope/reference/7925.sql

[1/1] queries/tpch/sqlstorm_slope/reference/7925.sql (2 warmup + step-up 1 2 4 8 16 x1)
  thermal gate: waited 2s -> 59.0 C
  warmup 1/2: 7.587910 sec (cache prime)
  warmup 2/2: 6.381191 sec
  N=1   batch 1/1: 6.407244 sec, 1 copy (server sum 6332.644 ms)
  N=2   batch 1/1: 12.764293 sec, 2 copies (server sum 12643.106 ms)
  N=4   batch 1/1: 25.311629 sec, 4 copies (server sum 25240.169 ms)
  N=8   batch 1/1: 50.557031 sec, 8 copies (server sum 50471.873 ms)
  N=16  batch 1/1: 101.077519 sec, 16 copies (server sum 100963.438 ms)
  done: 5 sizes x 1 run (0 failures)

Done. Batch rows appended to logs/slope_sample/warm_stepup/reference_20260921T230207Z/query_timing_tpch_idx.csv
Per-copy samples appended to logs/slope_sample/warm_stepup/reference_20260921T230207Z/query_samples_tpch_idx.csv
Last batch ended at epoch 1790038497.896 (PREV_END_EPOCH for the next invocation)
===== [50/280] queries/tpch/sqlstorm_slope/reference/11750.sql run_id=27516C30041DA1F3 =====
query_runner configuration:
  QUERY_DIR         = queries/tpch/sqlstorm_slope/reference/11750.sql
  LOGS_DIR          = logs/slope_sample/warm_stepup/reference_20260921T230207Z  (query_timing_/query_samples_/query_catalog_tpch_idx.csv)
  DB_NAME / DB_USER = tpch_idx / postgres
  PGPORT            = 5434  (server reports 18.4)
  RUN_ID            = 27516C30041DA1F3
  WARMUP            = 2 single-copy warm-ups (the first primes the cache)
  BATCH_SIZES       = 1 2 4 8 16  x RUNS=1 measured batches each
  WORKERS           = (planner default)
  STATEMENT_TIMEOUT = 60
  THERMAL_EQUALISE  = gate (T_LO=55 T_HI=60 preheat<=60s cooldown<=120s)
  sensors           = pkg:/sys/class/hwmon/hwmon8/temp1_input cores:4 cpufreq:8 throttle:8/8
  SIGLESS_ADDR      = (disabled)
Found 1 query under queries/tpch/sqlstorm_slope/reference/11750.sql

[1/1] queries/tpch/sqlstorm_slope/reference/11750.sql (2 warmup + step-up 1 2 4 8 16 x1)
  thermal gate: waited 10s -> 59.0 C
  warmup 1/2: 2.848590 sec (cache prime)
  warmup 2/2: 1.510233 sec
  N=1   batch 1/1: 1.518934 sec, 1 copy (server sum 1462.169 ms)
  N=2   batch 1/1: 2.949652 sec, 2 copies (server sum 2891.318 ms)
  N=4   batch 1/1: 5.759429 sec, 4 copies (server sum 5698.725 ms)
  N=8   batch 1/1: 11.504385 sec, 8 copies (server sum 11438.635 ms)
  N=16  batch 1/1: 22.954070 sec, 16 copies (server sum 22877.984 ms)
  done: 5 sizes x 1 run (0 failures)

Done. Batch rows appended to logs/slope_sample/warm_stepup/reference_20260921T230207Z/query_timing_tpch_idx.csv
Per-copy samples appended to logs/slope_sample/warm_stepup/reference_20260921T230207Z/query_samples_tpch_idx.csv
Last batch ended at epoch 1790038561.523 (PREV_END_EPOCH for the next invocation)
===== [51/280] queries/tpch/sqlstorm_slope/reference/27574.sql run_id=013ED96D357556FA =====
query_runner configuration:
  QUERY_DIR         = queries/tpch/sqlstorm_slope/reference/27574.sql
  LOGS_DIR          = logs/slope_sample/warm_stepup/reference_20260921T230207Z  (query_timing_/query_samples_/query_catalog_tpch_idx.csv)
  DB_NAME / DB_USER = tpch_idx / postgres
  PGPORT            = 5434  (server reports 18.4)
  RUN_ID            = 013ED96D357556FA
  WARMUP            = 2 single-copy warm-ups (the first primes the cache)
  BATCH_SIZES       = 1 2 4 8 16  x RUNS=1 measured batches each
  WORKERS           = (planner default)
  STATEMENT_TIMEOUT = 60
  THERMAL_EQUALISE  = gate (T_LO=55 T_HI=60 preheat<=60s cooldown<=120s)
  sensors           = pkg:/sys/class/hwmon/hwmon8/temp1_input cores:4 cpufreq:8 throttle:8/8
  SIGLESS_ADDR      = (disabled)
Found 1 query under queries/tpch/sqlstorm_slope/reference/27574.sql

[1/1] queries/tpch/sqlstorm_slope/reference/27574.sql (2 warmup + step-up 1 2 4 8 16 x1)
  thermal gate: waited 2s -> 57.0 C
  warmup 1/2: 13.595223 sec (cache prime)
  warmup 2/2: 11.883929 sec
  N=1   batch 1/1: 11.631091 sec, 1 copy (server sum 11570.759 ms)
  N=2   batch 1/1: 23.672463 sec, 2 copies (server sum 23607.190 ms)
  N=4   batch 1/1: 46.607249 sec, 4 copies (server sum 46535.212 ms)
  N=8   batch 1/1: 92.741804 sec, 8 copies (server sum 92655.127 ms)
  N=16  batch 1/1: 186.125047 sec, 16 copies (server sum 186009.017 ms)
  done: 5 sizes x 1 run (0 failures)

Done. Batch rows appended to logs/slope_sample/warm_stepup/reference_20260921T230207Z/query_timing_tpch_idx.csv
Per-copy samples appended to logs/slope_sample/warm_stepup/reference_20260921T230207Z/query_samples_tpch_idx.csv
Last batch ended at epoch 1790038954.482 (PREV_END_EPOCH for the next invocation)
===== [52/280] queries/tpch/sqlstorm_slope/reference/1022.sql run_id=46CC468958784B4C =====
query_runner configuration:
  QUERY_DIR         = queries/tpch/sqlstorm_slope/reference/1022.sql
  LOGS_DIR          = logs/slope_sample/warm_stepup/reference_20260921T230207Z  (query_timing_/query_samples_/query_catalog_tpch_idx.csv)
  DB_NAME / DB_USER = tpch_idx / postgres
  PGPORT            = 5434  (server reports 18.4)
  RUN_ID            = 46CC468958784B4C
  WARMUP            = 2 single-copy warm-ups (the first primes the cache)
  BATCH_SIZES       = 1 2 4 8 16  x RUNS=1 measured batches each
  WORKERS           = (planner default)
  STATEMENT_TIMEOUT = 60
  THERMAL_EQUALISE  = gate (T_LO=55 T_HI=60 preheat<=60s cooldown<=120s)
  sensors           = pkg:/sys/class/hwmon/hwmon8/temp1_input cores:4 cpufreq:8 throttle:8/8
  SIGLESS_ADDR      = (disabled)
Found 1 query under queries/tpch/sqlstorm_slope/reference/1022.sql

[1/1] queries/tpch/sqlstorm_slope/reference/1022.sql (2 warmup + step-up 1 2 4 8 16 x1)
  warmup 1/2: 4.718431 sec (cache prime)
  warmup 2/2: 3.385681 sec
  N=1   batch 1/1: 3.394737 sec, 1 copy (server sum 3312.594 ms)
  N=2   batch 1/1: 6.620320 sec, 2 copies (server sum 6526.229 ms)
  N=4   batch 1/1: 13.062587 sec, 4 copies (server sum 12989.964 ms)
  N=8   batch 1/1: 25.938738 sec, 8 copies (server sum 25848.185 ms)
  N=16  batch 1/1: 51.738762 sec, 16 copies (server sum 51623.987 ms)
  done: 5 sizes x 1 run (0 failures)

Done. Batch rows appended to logs/slope_sample/warm_stepup/reference_20260921T230207Z/query_timing_tpch_idx.csv
Per-copy samples appended to logs/slope_sample/warm_stepup/reference_20260921T230207Z/query_samples_tpch_idx.csv
Last batch ended at epoch 1790039067.761 (PREV_END_EPOCH for the next invocation)
===== [53/280] queries/tpch/sqlstorm_slope/reference/17087.sql run_id=B5CE737738FA3BFB =====
query_runner configuration:
  QUERY_DIR         = queries/tpch/sqlstorm_slope/reference/17087.sql
  LOGS_DIR          = logs/slope_sample/warm_stepup/reference_20260921T230207Z  (query_timing_/query_samples_/query_catalog_tpch_idx.csv)
  DB_NAME / DB_USER = tpch_idx / postgres
  PGPORT            = 5434  (server reports 18.4)
  RUN_ID            = B5CE737738FA3BFB
  WARMUP            = 2 single-copy warm-ups (the first primes the cache)
  BATCH_SIZES       = 1 2 4 8 16  x RUNS=1 measured batches each
  WORKERS           = (planner default)
  STATEMENT_TIMEOUT = 60
  THERMAL_EQUALISE  = gate (T_LO=55 T_HI=60 preheat<=60s cooldown<=120s)
  sensors           = pkg:/sys/class/hwmon/hwmon8/temp1_input cores:4 cpufreq:8 throttle:8/8
  SIGLESS_ADDR      = (disabled)
Found 1 query under queries/tpch/sqlstorm_slope/reference/17087.sql

[1/1] queries/tpch/sqlstorm_slope/reference/17087.sql (2 warmup + step-up 1 2 4 8 16 x1)
  warmup 1/2: 2.052545 sec (cache prime)
  warmup 2/2: 0.814392 sec
  N=1   batch 1/1: 0.821066 sec, 1 copy (server sum 762.261 ms)
  N=2   batch 1/1: 1.545344 sec, 2 copies (server sum 1486.557 ms)
  N=4   batch 1/1: 3.015119 sec, 4 copies (server sum 2902.705 ms)
  N=8   batch 1/1: 5.833083 sec, 8 copies (server sum 5765.876 ms)
  N=16  batch 1/1: 11.581401 sec, 16 copies (server sum 11499.032 ms)
  done: 5 sizes x 1 run (0 failures)

Done. Batch rows appended to logs/slope_sample/warm_stepup/reference_20260921T230207Z/query_timing_tpch_idx.csv
Per-copy samples appended to logs/slope_sample/warm_stepup/reference_20260921T230207Z/query_samples_tpch_idx.csv
Last batch ended at epoch 1790039098.250 (PREV_END_EPOCH for the next invocation)
===== [54/280] queries/tpch/sqlstorm_slope/reference/8411.sql run_id=A77021B3E936ACDF =====
query_runner configuration:
  QUERY_DIR         = queries/tpch/sqlstorm_slope/reference/8411.sql
  LOGS_DIR          = logs/slope_sample/warm_stepup/reference_20260921T230207Z  (query_timing_/query_samples_/query_catalog_tpch_idx.csv)
  DB_NAME / DB_USER = tpch_idx / postgres
  PGPORT            = 5434  (server reports 18.4)
  RUN_ID            = A77021B3E936ACDF
  WARMUP            = 2 single-copy warm-ups (the first primes the cache)
  BATCH_SIZES       = 1 2 4 8 16  x RUNS=1 measured batches each
  WORKERS           = (planner default)
  STATEMENT_TIMEOUT = 60
  THERMAL_EQUALISE  = gate (T_LO=55 T_HI=60 preheat<=60s cooldown<=120s)
  sensors           = pkg:/sys/class/hwmon/hwmon8/temp1_input cores:4 cpufreq:8 throttle:8/8
  SIGLESS_ADDR      = (disabled)
Found 1 query under queries/tpch/sqlstorm_slope/reference/8411.sql

[1/1] queries/tpch/sqlstorm_slope/reference/8411.sql (2 warmup + step-up 1 2 4 8 16 x1)
  warmup 1/2: 14.664438 sec (cache prime)
  warmup 2/2: 11.772163 sec
  N=1   batch 1/1: 11.780329 sec, 1 copy (server sum 11719.408 ms)
  N=2   batch 1/1: 23.328333 sec, 2 copies (server sum 23264.077 ms)
  N=4   batch 1/1: 46.501170 sec, 4 copies (server sum 46435.172 ms)
  N=8   batch 1/1: 92.789583 sec, 8 copies (server sum 92710.352 ms)
  N=16  batch 1/1: 185.306951 sec, 16 copies (server sum 185210.337 ms)
  done: 5 sizes x 1 run (0 failures)

Done. Batch rows appended to logs/slope_sample/warm_stepup/reference_20260921T230207Z/query_timing_tpch_idx.csv
Per-copy samples appended to logs/slope_sample/warm_stepup/reference_20260921T230207Z/query_samples_tpch_idx.csv
Last batch ended at epoch 1790039488.620 (PREV_END_EPOCH for the next invocation)
===== [55/280] queries/tpch/sqlstorm_slope/reference/26387.sql run_id=BE5E41E1DEC6891F =====
query_runner configuration:
  QUERY_DIR         = queries/tpch/sqlstorm_slope/reference/26387.sql
  LOGS_DIR          = logs/slope_sample/warm_stepup/reference_20260921T230207Z  (query_timing_/query_samples_/query_catalog_tpch_idx.csv)
  DB_NAME / DB_USER = tpch_idx / postgres
  PGPORT            = 5434  (server reports 18.4)
  RUN_ID            = BE5E41E1DEC6891F
  WARMUP            = 2 single-copy warm-ups (the first primes the cache)
  BATCH_SIZES       = 1 2 4 8 16  x RUNS=1 measured batches each
  WORKERS           = (planner default)
  STATEMENT_TIMEOUT = 60
  THERMAL_EQUALISE  = gate (T_LO=55 T_HI=60 preheat<=60s cooldown<=120s)
  sensors           = pkg:/sys/class/hwmon/hwmon8/temp1_input cores:4 cpufreq:8 throttle:8/8
  SIGLESS_ADDR      = (disabled)
Found 1 query under queries/tpch/sqlstorm_slope/reference/26387.sql

[1/1] queries/tpch/sqlstorm_slope/reference/26387.sql (2 warmup + step-up 1 2 4 8 16 x1)
  thermal gate: waited 8s -> 59.0 C
  warmup 1/2: 4.975634 sec (cache prime)
  warmup 2/2: 4.402586 sec
  N=1   batch 1/1: 4.403710 sec, 1 copy (server sum 4306.823 ms)
  N=2   batch 1/1: 8.608031 sec, 2 copies (server sum 8509.418 ms)
  N=4   batch 1/1: 16.951039 sec, 4 copies (server sum 16853.324 ms)
  N=8   batch 1/1: 33.979120 sec, 8 copies (server sum 33913.282 ms)
  N=16  batch 1/1: 67.803999 sec, 16 copies (server sum 67726.133 ms)
  done: 5 sizes x 1 run (0 failures)

Done. Batch rows appended to logs/slope_sample/warm_stepup/reference_20260921T230207Z/query_timing_tpch_idx.csv
Per-copy samples appended to logs/slope_sample/warm_stepup/reference_20260921T230207Z/query_samples_tpch_idx.csv
Last batch ended at epoch 1790039642.009 (PREV_END_EPOCH for the next invocation)
===== [56/280] queries/tpch/sqlstorm_slope/reference/7925.sql run_id=90D1D27968CA709F =====
query_runner configuration:
  QUERY_DIR         = queries/tpch/sqlstorm_slope/reference/7925.sql
  LOGS_DIR          = logs/slope_sample/warm_stepup/reference_20260921T230207Z  (query_timing_/query_samples_/query_catalog_tpch_idx.csv)
  DB_NAME / DB_USER = tpch_idx / postgres
  PGPORT            = 5434  (server reports 18.4)
  RUN_ID            = 90D1D27968CA709F
  WARMUP            = 2 single-copy warm-ups (the first primes the cache)
  BATCH_SIZES       = 1 2 4 8 16  x RUNS=1 measured batches each
  WORKERS           = (planner default)
  STATEMENT_TIMEOUT = 60
  THERMAL_EQUALISE  = gate (T_LO=55 T_HI=60 preheat<=60s cooldown<=120s)
  sensors           = pkg:/sys/class/hwmon/hwmon8/temp1_input cores:4 cpufreq:8 throttle:8/8
  SIGLESS_ADDR      = (disabled)
Found 1 query under queries/tpch/sqlstorm_slope/reference/7925.sql

[1/1] queries/tpch/sqlstorm_slope/reference/7925.sql (2 warmup + step-up 1 2 4 8 16 x1)
  warmup 1/2: 7.648414 sec (cache prime)
  warmup 2/2: 6.395185 sec
  N=1   batch 1/1: 6.431786 sec, 1 copy (server sum 6341.840 ms)
  N=2   batch 1/1: 12.747736 sec, 2 copies (server sum 12683.811 ms)
  N=4   batch 1/1: 25.377593 sec, 4 copies (server sum 25306.612 ms)
  N=8   batch 1/1: 50.653917 sec, 8 copies (server sum 50568.717 ms)
  N=16  batch 1/1: 101.163909 sec, 16 copies (server sum 101047.926 ms)
  done: 5 sizes x 1 run (0 failures)

Done. Batch rows appended to logs/slope_sample/warm_stepup/reference_20260921T230207Z/query_timing_tpch_idx.csv
Per-copy samples appended to logs/slope_sample/warm_stepup/reference_20260921T230207Z/query_samples_tpch_idx.csv
Last batch ended at epoch 1790039856.663 (PREV_END_EPOCH for the next invocation)
===== [57/280] queries/tpch/sqlstorm_slope/reference/10538.sql run_id=D6D563F5DC8CE599 =====
query_runner configuration:
  QUERY_DIR         = queries/tpch/sqlstorm_slope/reference/10538.sql
  LOGS_DIR          = logs/slope_sample/warm_stepup/reference_20260921T230207Z  (query_timing_/query_samples_/query_catalog_tpch_idx.csv)
  DB_NAME / DB_USER = tpch_idx / postgres
  PGPORT            = 5434  (server reports 18.4)
  RUN_ID            = D6D563F5DC8CE599
  WARMUP            = 2 single-copy warm-ups (the first primes the cache)
  BATCH_SIZES       = 1 2 4 8 16  x RUNS=1 measured batches each
  WORKERS           = (planner default)
  STATEMENT_TIMEOUT = 60
  THERMAL_EQUALISE  = gate (T_LO=55 T_HI=60 preheat<=60s cooldown<=120s)
  sensors           = pkg:/sys/class/hwmon/hwmon8/temp1_input cores:4 cpufreq:8 throttle:8/8
  SIGLESS_ADDR      = (disabled)
Found 1 query under queries/tpch/sqlstorm_slope/reference/10538.sql

[1/1] queries/tpch/sqlstorm_slope/reference/10538.sql (2 warmup + step-up 1 2 4 8 16 x1)
  thermal gate: waited 10s -> 60.0 C
  warmup 1/2: 0.346274 sec (cache prime)
  warmup 2/2: 0.186727 sec
  N=1   batch 1/1: 0.201191 sec, 1 copy (server sum 112.399 ms)
  N=2   batch 1/1: 0.280823 sec, 2 copies (server sum 224.143 ms)
  N=4   batch 1/1: 0.525758 sec, 4 copies (server sum 468.829 ms)
  N=8   batch 1/1: 0.993157 sec, 8 copies (server sum 933.747 ms)
  N=16  batch 1/1: 1.902981 sec, 16 copies (server sum 1839.579 ms)
  done: 5 sizes x 1 run (0 failures)

Done. Batch rows appended to logs/slope_sample/warm_stepup/reference_20260921T230207Z/query_timing_tpch_idx.csv
Per-copy samples appended to logs/slope_sample/warm_stepup/reference_20260921T230207Z/query_samples_tpch_idx.csv
Last batch ended at epoch 1790039875.496 (PREV_END_EPOCH for the next invocation)
===== [58/280] queries/tpch/sqlstorm_slope/reference/14616.sql run_id=1F28DEFC11E7CE7C =====
query_runner configuration:
  QUERY_DIR         = queries/tpch/sqlstorm_slope/reference/14616.sql
  LOGS_DIR          = logs/slope_sample/warm_stepup/reference_20260921T230207Z  (query_timing_/query_samples_/query_catalog_tpch_idx.csv)
  DB_NAME / DB_USER = tpch_idx / postgres
  PGPORT            = 5434  (server reports 18.4)
  RUN_ID            = 1F28DEFC11E7CE7C
  WARMUP            = 2 single-copy warm-ups (the first primes the cache)
  BATCH_SIZES       = 1 2 4 8 16  x RUNS=1 measured batches each
  WORKERS           = (planner default)
  STATEMENT_TIMEOUT = 60
  THERMAL_EQUALISE  = gate (T_LO=55 T_HI=60 preheat<=60s cooldown<=120s)
  sensors           = pkg:/sys/class/hwmon/hwmon8/temp1_input cores:4 cpufreq:8 throttle:8/8
  SIGLESS_ADDR      = (disabled)
Found 1 query under queries/tpch/sqlstorm_slope/reference/14616.sql

[1/1] queries/tpch/sqlstorm_slope/reference/14616.sql (2 warmup + step-up 1 2 4 8 16 x1)
  thermal gate: waited 2s -> 59.0 C
  warmup 1/2: 0.126330 sec (cache prime)
  warmup 2/2: 0.069030 sec
  N=1   batch 1/1: 0.068579 sec, 1 copy (server sum 9.206 ms)
  N=2   batch 1/1: 0.079967 sec, 2 copies (server sum 17.906 ms)
  N=4   batch 1/1: 0.104340 sec, 4 copies (server sum 35.085 ms)
  N=8   batch 1/1: 0.148793 sec, 8 copies (server sum 70.165 ms)
  N=16  batch 1/1: 0.240806 sec, 16 copies (server sum 141.563 ms)
  done: 5 sizes x 1 run (0 failures)

Done. Batch rows appended to logs/slope_sample/warm_stepup/reference_20260921T230207Z/query_timing_tpch_idx.csv
Per-copy samples appended to logs/slope_sample/warm_stepup/reference_20260921T230207Z/query_samples_tpch_idx.csv
Last batch ended at epoch 1790039882.557 (PREV_END_EPOCH for the next invocation)
===== [59/280] queries/tpch/sqlstorm_slope/reference/15598.sql run_id=72192BDC2FAE6865 =====
query_runner configuration:
  QUERY_DIR         = queries/tpch/sqlstorm_slope/reference/15598.sql
  LOGS_DIR          = logs/slope_sample/warm_stepup/reference_20260921T230207Z  (query_timing_/query_samples_/query_catalog_tpch_idx.csv)
  DB_NAME / DB_USER = tpch_idx / postgres
  PGPORT            = 5434  (server reports 18.4)
  RUN_ID            = 72192BDC2FAE6865
  WARMUP            = 2 single-copy warm-ups (the first primes the cache)
  BATCH_SIZES       = 1 2 4 8 16  x RUNS=1 measured batches each
  WORKERS           = (planner default)
  STATEMENT_TIMEOUT = 60
  THERMAL_EQUALISE  = gate (T_LO=55 T_HI=60 preheat<=60s cooldown<=120s)
  sensors           = pkg:/sys/class/hwmon/hwmon8/temp1_input cores:4 cpufreq:8 throttle:8/8
  SIGLESS_ADDR      = (disabled)
Found 1 query under queries/tpch/sqlstorm_slope/reference/15598.sql

[1/1] queries/tpch/sqlstorm_slope/reference/15598.sql (2 warmup + step-up 1 2 4 8 16 x1)
  warmup 1/2: 5.690226 sec (cache prime)
  warmup 2/2: 4.854981 sec
  N=1   batch 1/1: 4.899053 sec, 1 copy (server sum 4794.205 ms)
  N=2   batch 1/1: 9.561741 sec, 2 copies (server sum 9502.991 ms)
  N=4   batch 1/1: 19.187286 sec, 4 copies (server sum 19126.423 ms)
  N=8   batch 1/1: 38.197241 sec, 8 copies (server sum 38077.530 ms)
  N=16  batch 1/1: 76.268321 sec, 16 copies (server sum 76191.309 ms)
  done: 5 sizes x 1 run (0 failures)

Done. Batch rows appended to logs/slope_sample/warm_stepup/reference_20260921T230207Z/query_timing_tpch_idx.csv
Per-copy samples appended to logs/slope_sample/warm_stepup/reference_20260921T230207Z/query_samples_tpch_idx.csv
Last batch ended at epoch 1790040045.308 (PREV_END_EPOCH for the next invocation)
===== [60/280] queries/tpch/sqlstorm_slope/reference/5561.sql run_id=34EDE509C2931944 =====
query_runner configuration:
  QUERY_DIR         = queries/tpch/sqlstorm_slope/reference/5561.sql
  LOGS_DIR          = logs/slope_sample/warm_stepup/reference_20260921T230207Z  (query_timing_/query_samples_/query_catalog_tpch_idx.csv)
  DB_NAME / DB_USER = tpch_idx / postgres
  PGPORT            = 5434  (server reports 18.4)
  RUN_ID            = 34EDE509C2931944
  WARMUP            = 2 single-copy warm-ups (the first primes the cache)
  BATCH_SIZES       = 1 2 4 8 16  x RUNS=1 measured batches each
  WORKERS           = (planner default)
  STATEMENT_TIMEOUT = 60
  THERMAL_EQUALISE  = gate (T_LO=55 T_HI=60 preheat<=60s cooldown<=120s)
  sensors           = pkg:/sys/class/hwmon/hwmon8/temp1_input cores:4 cpufreq:8 throttle:8/8
  SIGLESS_ADDR      = (disabled)
Found 1 query under queries/tpch/sqlstorm_slope/reference/5561.sql

[1/1] queries/tpch/sqlstorm_slope/reference/5561.sql (2 warmup + step-up 1 2 4 8 16 x1)
  thermal gate: waited 6s -> 59.0 C
  warmup 1/2: 8.581662 sec (cache prime)
  warmup 2/2: 7.277830 sec
  N=1   batch 1/1: 7.305660 sec, 1 copy (server sum 7245.729 ms)
  N=2   batch 1/1: 14.565525 sec, 2 copies (server sum 14503.870 ms)
  N=4   batch 1/1: 28.887071 sec, 4 copies (server sum 28819.854 ms)
  N=8   batch 1/1: 57.527718 sec, 8 copies (server sum 57449.795 ms)
  N=16  batch 1/1: 115.206788 sec, 16 copies (server sum 115106.664 ms)
  done: 5 sizes x 1 run (0 failures)

Done. Batch rows appended to logs/slope_sample/warm_stepup/reference_20260921T230207Z/query_timing_tpch_idx.csv
Per-copy samples appended to logs/slope_sample/warm_stepup/reference_20260921T230207Z/query_samples_tpch_idx.csv
Last batch ended at epoch 1790040295.029 (PREV_END_EPOCH for the next invocation)
===== [61/280] queries/tpch/sqlstorm_slope/reference/11767.sql run_id=25D033E1E9DA7835 =====
query_runner configuration:
  QUERY_DIR         = queries/tpch/sqlstorm_slope/reference/11767.sql
  LOGS_DIR          = logs/slope_sample/warm_stepup/reference_20260921T230207Z  (query_timing_/query_samples_/query_catalog_tpch_idx.csv)
  DB_NAME / DB_USER = tpch_idx / postgres
  PGPORT            = 5434  (server reports 18.4)
  RUN_ID            = 25D033E1E9DA7835
  WARMUP            = 2 single-copy warm-ups (the first primes the cache)
  BATCH_SIZES       = 1 2 4 8 16  x RUNS=1 measured batches each
  WORKERS           = (planner default)
  STATEMENT_TIMEOUT = 60
  THERMAL_EQUALISE  = gate (T_LO=55 T_HI=60 preheat<=60s cooldown<=120s)
  sensors           = pkg:/sys/class/hwmon/hwmon8/temp1_input cores:4 cpufreq:8 throttle:8/8
  SIGLESS_ADDR      = (disabled)
Found 1 query under queries/tpch/sqlstorm_slope/reference/11767.sql

[1/1] queries/tpch/sqlstorm_slope/reference/11767.sql (2 warmup + step-up 1 2 4 8 16 x1)
  thermal gate: waited 2s -> 59.0 C
  warmup 1/2: 1.569753 sec (cache prime)
  warmup 2/2: 0.742311 sec
  N=1   batch 1/1: 0.739745 sec, 1 copy (server sum 681.495 ms)
  N=2   batch 1/1: 1.389441 sec, 2 copies (server sum 1329.452 ms)
  N=4   batch 1/1: 2.726008 sec, 4 copies (server sum 2628.492 ms)
  N=8   batch 1/1: 5.312374 sec, 8 copies (server sum 5209.691 ms)
  N=16  batch 1/1: 10.482977 sec, 16 copies (server sum 10391.457 ms)
  done: 5 sizes x 1 run (0 failures)

Done. Batch rows appended to logs/slope_sample/warm_stepup/reference_20260921T230207Z/query_timing_tpch_idx.csv
Per-copy samples appended to logs/slope_sample/warm_stepup/reference_20260921T230207Z/query_samples_tpch_idx.csv
Last batch ended at epoch 1790040324.292 (PREV_END_EPOCH for the next invocation)
===== [62/280] queries/tpch/sqlstorm_slope/reference/14523.sql run_id=7D0DFC458DEB6BEE =====
query_runner configuration:
  QUERY_DIR         = queries/tpch/sqlstorm_slope/reference/14523.sql
  LOGS_DIR          = logs/slope_sample/warm_stepup/reference_20260921T230207Z  (query_timing_/query_samples_/query_catalog_tpch_idx.csv)
  DB_NAME / DB_USER = tpch_idx / postgres
  PGPORT            = 5434  (server reports 18.4)
  RUN_ID            = 7D0DFC458DEB6BEE
  WARMUP            = 2 single-copy warm-ups (the first primes the cache)
  BATCH_SIZES       = 1 2 4 8 16  x RUNS=1 measured batches each
  WORKERS           = (planner default)
  STATEMENT_TIMEOUT = 60
  THERMAL_EQUALISE  = gate (T_LO=55 T_HI=60 preheat<=60s cooldown<=120s)
  sensors           = pkg:/sys/class/hwmon/hwmon8/temp1_input cores:4 cpufreq:8 throttle:8/8
  SIGLESS_ADDR      = (disabled)
Found 1 query under queries/tpch/sqlstorm_slope/reference/14523.sql

[1/1] queries/tpch/sqlstorm_slope/reference/14523.sql (2 warmup + step-up 1 2 4 8 16 x1)
  thermal gate: waited 2s -> 59.0 C
  warmup 1/2: 1.588868 sec (cache prime)
  warmup 2/2: 0.473684 sec
  N=1   batch 1/1: 0.469509 sec, 1 copy (server sum 413.877 ms)
  N=2   batch 1/1: 0.846179 sec, 2 copies (server sum 788.534 ms)
  N=4   batch 1/1: 1.643806 sec, 4 copies (server sum 1585.540 ms)
  N=8   batch 1/1: 3.133377 sec, 8 copies (server sum 3069.368 ms)
  N=16  batch 1/1: 6.127173 sec, 16 copies (server sum 6058.043 ms)
  done: 5 sizes x 1 run (0 failures)

Done. Batch rows appended to logs/slope_sample/warm_stepup/reference_20260921T230207Z/query_timing_tpch_idx.csv
Per-copy samples appended to logs/slope_sample/warm_stepup/reference_20260921T230207Z/query_samples_tpch_idx.csv
Last batch ended at epoch 1790040345.227 (PREV_END_EPOCH for the next invocation)
===== [63/280] queries/tpch/sqlstorm_slope/reference/11767.sql run_id=56389A59E47C808F =====
query_runner configuration:
  QUERY_DIR         = queries/tpch/sqlstorm_slope/reference/11767.sql
  LOGS_DIR          = logs/slope_sample/warm_stepup/reference_20260921T230207Z  (query_timing_/query_samples_/query_catalog_tpch_idx.csv)
  DB_NAME / DB_USER = tpch_idx / postgres
  PGPORT            = 5434  (server reports 18.4)
  RUN_ID            = 56389A59E47C808F
  WARMUP            = 2 single-copy warm-ups (the first primes the cache)
  BATCH_SIZES       = 1 2 4 8 16  x RUNS=1 measured batches each
  WORKERS           = (planner default)
  STATEMENT_TIMEOUT = 60
  THERMAL_EQUALISE  = gate (T_LO=55 T_HI=60 preheat<=60s cooldown<=120s)
  sensors           = pkg:/sys/class/hwmon/hwmon8/temp1_input cores:4 cpufreq:8 throttle:8/8
  SIGLESS_ADDR      = (disabled)
Found 1 query under queries/tpch/sqlstorm_slope/reference/11767.sql

[1/1] queries/tpch/sqlstorm_slope/reference/11767.sql (2 warmup + step-up 1 2 4 8 16 x1)
  thermal gate: waited 2s -> 58.0 C
  warmup 1/2: 1.567712 sec (cache prime)
  warmup 2/2: 0.734902 sec
  N=1   batch 1/1: 0.736642 sec, 1 copy (server sum 679.161 ms)
  N=2   batch 1/1: 1.380203 sec, 2 copies (server sum 1319.992 ms)
  N=4   batch 1/1: 2.706247 sec, 4 copies (server sum 2615.880 ms)
  N=8   batch 1/1: 5.255808 sec, 8 copies (server sum 5183.318 ms)
  N=16  batch 1/1: 10.434303 sec, 16 copies (server sum 10345.196 ms)
  done: 5 sizes x 1 run (0 failures)

Done. Batch rows appended to logs/slope_sample/warm_stepup/reference_20260921T230207Z/query_timing_tpch_idx.csv
Per-copy samples appended to logs/slope_sample/warm_stepup/reference_20260921T230207Z/query_samples_tpch_idx.csv
Last batch ended at epoch 1790040374.532 (PREV_END_EPOCH for the next invocation)
===== [64/280] queries/tpch/sqlstorm_slope/reference/6127.sql run_id=348C30436D9551BB =====
query_runner configuration:
  QUERY_DIR         = queries/tpch/sqlstorm_slope/reference/6127.sql
  LOGS_DIR          = logs/slope_sample/warm_stepup/reference_20260921T230207Z  (query_timing_/query_samples_/query_catalog_tpch_idx.csv)
  DB_NAME / DB_USER = tpch_idx / postgres
  PGPORT            = 5434  (server reports 18.4)
  RUN_ID            = 348C30436D9551BB
  WARMUP            = 2 single-copy warm-ups (the first primes the cache)
  BATCH_SIZES       = 1 2 4 8 16  x RUNS=1 measured batches each
  WORKERS           = (planner default)
  STATEMENT_TIMEOUT = 60
  THERMAL_EQUALISE  = gate (T_LO=55 T_HI=60 preheat<=60s cooldown<=120s)
  sensors           = pkg:/sys/class/hwmon/hwmon8/temp1_input cores:4 cpufreq:8 throttle:8/8
  SIGLESS_ADDR      = (disabled)
Found 1 query under queries/tpch/sqlstorm_slope/reference/6127.sql

[1/1] queries/tpch/sqlstorm_slope/reference/6127.sql (2 warmup + step-up 1 2 4 8 16 x1)
  thermal gate: waited 2s -> 59.0 C
  warmup 1/2: 8.397320 sec (cache prime)
  warmup 2/2: 7.034397 sec
  N=1   batch 1/1: 7.262115 sec, 1 copy (server sum 7203.552 ms)
  N=2   batch 1/1: 13.724371 sec, 2 copies (server sum 13663.272 ms)
  N=4   batch 1/1: 28.371258 sec, 4 copies (server sum 28305.255 ms)
  N=8   batch 1/1: 55.827554 sec, 8 copies (server sum 55750.943 ms)
  N=16  batch 1/1: 111.195844 sec, 16 copies (server sum 111100.835 ms)
  done: 5 sizes x 1 run (0 failures)

Done. Batch rows appended to logs/slope_sample/warm_stepup/reference_20260921T230207Z/query_timing_tpch_idx.csv
Per-copy samples appended to logs/slope_sample/warm_stepup/reference_20260921T230207Z/query_samples_tpch_idx.csv
Last batch ended at epoch 1790040612.893 (PREV_END_EPOCH for the next invocation)
===== [65/280] queries/tpch/sqlstorm_slope/reference/5116.sql run_id=7E1BC014189E2FF8 =====
query_runner configuration:
  QUERY_DIR         = queries/tpch/sqlstorm_slope/reference/5116.sql
  LOGS_DIR          = logs/slope_sample/warm_stepup/reference_20260921T230207Z  (query_timing_/query_samples_/query_catalog_tpch_idx.csv)
  DB_NAME / DB_USER = tpch_idx / postgres
  PGPORT            = 5434  (server reports 18.4)
  RUN_ID            = 7E1BC014189E2FF8
  WARMUP            = 2 single-copy warm-ups (the first primes the cache)
  BATCH_SIZES       = 1 2 4 8 16  x RUNS=1 measured batches each
  WORKERS           = (planner default)
  STATEMENT_TIMEOUT = 60
  THERMAL_EQUALISE  = gate (T_LO=55 T_HI=60 preheat<=60s cooldown<=120s)
  sensors           = pkg:/sys/class/hwmon/hwmon8/temp1_input cores:4 cpufreq:8 throttle:8/8
  SIGLESS_ADDR      = (disabled)
Found 1 query under queries/tpch/sqlstorm_slope/reference/5116.sql

[1/1] queries/tpch/sqlstorm_slope/reference/5116.sql (2 warmup + step-up 1 2 4 8 16 x1)
  thermal gate: waited 2s -> 59.0 C
  warmup 1/2: 8.569060 sec (cache prime)
  warmup 2/2: 5.718035 sec
  N=1   batch 1/1: 5.641416 sec, 1 copy (server sum 5581.914 ms)
  N=2   batch 1/1: 11.147135 sec, 2 copies (server sum 11039.220 ms)
  N=4   batch 1/1: 21.972843 sec, 4 copies (server sum 21873.257 ms)
  N=8   batch 1/1: 43.806737 sec, 8 copies (server sum 43708.622 ms)
  N=16  batch 1/1: 87.414208 sec, 16 copies (server sum 87250.086 ms)
  done: 5 sizes x 1 run (0 failures)

Done. Batch rows appended to logs/slope_sample/warm_stepup/reference_20260921T230207Z/query_timing_tpch_idx.csv
Per-copy samples appended to logs/slope_sample/warm_stepup/reference_20260921T230207Z/query_samples_tpch_idx.csv
Last batch ended at epoch 1790040803.660 (PREV_END_EPOCH for the next invocation)
===== [66/280] queries/tpch/sqlstorm_slope/reference/17087.sql run_id=413A8D9E99EE8F8D =====
query_runner configuration:
  QUERY_DIR         = queries/tpch/sqlstorm_slope/reference/17087.sql
  LOGS_DIR          = logs/slope_sample/warm_stepup/reference_20260921T230207Z  (query_timing_/query_samples_/query_catalog_tpch_idx.csv)
  DB_NAME / DB_USER = tpch_idx / postgres
  PGPORT            = 5434  (server reports 18.4)
  RUN_ID            = 413A8D9E99EE8F8D
  WARMUP            = 2 single-copy warm-ups (the first primes the cache)
  BATCH_SIZES       = 1 2 4 8 16  x RUNS=1 measured batches each
  WORKERS           = (planner default)
  STATEMENT_TIMEOUT = 60
  THERMAL_EQUALISE  = gate (T_LO=55 T_HI=60 preheat<=60s cooldown<=120s)
  sensors           = pkg:/sys/class/hwmon/hwmon8/temp1_input cores:4 cpufreq:8 throttle:8/8
  SIGLESS_ADDR      = (disabled)
Found 1 query under queries/tpch/sqlstorm_slope/reference/17087.sql

[1/1] queries/tpch/sqlstorm_slope/reference/17087.sql (2 warmup + step-up 1 2 4 8 16 x1)
  warmup 1/2: 2.058150 sec (cache prime)
  warmup 2/2: 0.880581 sec
  N=1   batch 1/1: 0.824362 sec, 1 copy (server sum 767.100 ms)
  N=2   batch 1/1: 1.548823 sec, 2 copies (server sum 1490.461 ms)
  N=4   batch 1/1: 3.017688 sec, 4 copies (server sum 2952.524 ms)
  N=8   batch 1/1: 5.932628 sec, 8 copies (server sum 5816.049 ms)
  N=16  batch 1/1: 11.672759 sec, 16 copies (server sum 11590.955 ms)
  done: 5 sizes x 1 run (0 failures)

Done. Batch rows appended to logs/slope_sample/warm_stepup/reference_20260921T230207Z/query_timing_tpch_idx.csv
Per-copy samples appended to logs/slope_sample/warm_stepup/reference_20260921T230207Z/query_samples_tpch_idx.csv
Last batch ended at epoch 1790040834.445 (PREV_END_EPOCH for the next invocation)
===== [67/280] queries/tpch/sqlstorm_slope/reference/14616.sql run_id=B8670E94A5A13958 =====
query_runner configuration:
  QUERY_DIR         = queries/tpch/sqlstorm_slope/reference/14616.sql
  LOGS_DIR          = logs/slope_sample/warm_stepup/reference_20260921T230207Z  (query_timing_/query_samples_/query_catalog_tpch_idx.csv)
  DB_NAME / DB_USER = tpch_idx / postgres
  PGPORT            = 5434  (server reports 18.4)
  RUN_ID            = B8670E94A5A13958
  WARMUP            = 2 single-copy warm-ups (the first primes the cache)
  BATCH_SIZES       = 1 2 4 8 16  x RUNS=1 measured batches each
  WORKERS           = (planner default)
  STATEMENT_TIMEOUT = 60
  THERMAL_EQUALISE  = gate (T_LO=55 T_HI=60 preheat<=60s cooldown<=120s)
  sensors           = pkg:/sys/class/hwmon/hwmon8/temp1_input cores:4 cpufreq:8 throttle:8/8
  SIGLESS_ADDR      = (disabled)
Found 1 query under queries/tpch/sqlstorm_slope/reference/14616.sql

[1/1] queries/tpch/sqlstorm_slope/reference/14616.sql (2 warmup + step-up 1 2 4 8 16 x1)
  warmup 1/2: 0.270097 sec (cache prime)
  warmup 2/2: 0.068513 sec
  N=1   batch 1/1: 0.069442 sec, 1 copy (server sum 9.739 ms)
  N=2   batch 1/1: 0.079760 sec, 2 copies (server sum 17.833 ms)
  N=4   batch 1/1: 0.102576 sec, 4 copies (server sum 35.371 ms)
  N=8   batch 1/1: 0.149433 sec, 8 copies (server sum 71.616 ms)
  N=16  batch 1/1: 0.239750 sec, 16 copies (server sum 140.482 ms)
  done: 5 sizes x 1 run (0 failures)

Done. Batch rows appended to logs/slope_sample/warm_stepup/reference_20260921T230207Z/query_timing_tpch_idx.csv
Per-copy samples appended to logs/slope_sample/warm_stepup/reference_20260921T230207Z/query_samples_tpch_idx.csv
Last batch ended at epoch 1790040840.105 (PREV_END_EPOCH for the next invocation)
===== [68/280] queries/tpch/sqlstorm_slope/reference/1022.sql run_id=4CBB08ACB5DBB0B6 =====
query_runner configuration:
  QUERY_DIR         = queries/tpch/sqlstorm_slope/reference/1022.sql
  LOGS_DIR          = logs/slope_sample/warm_stepup/reference_20260921T230207Z  (query_timing_/query_samples_/query_catalog_tpch_idx.csv)
  DB_NAME / DB_USER = tpch_idx / postgres
  PGPORT            = 5434  (server reports 18.4)
  RUN_ID            = 4CBB08ACB5DBB0B6
  WARMUP            = 2 single-copy warm-ups (the first primes the cache)
  BATCH_SIZES       = 1 2 4 8 16  x RUNS=1 measured batches each
  WORKERS           = (planner default)
  STATEMENT_TIMEOUT = 60
  THERMAL_EQUALISE  = gate (T_LO=55 T_HI=60 preheat<=60s cooldown<=120s)
  sensors           = pkg:/sys/class/hwmon/hwmon8/temp1_input cores:4 cpufreq:8 throttle:8/8
  SIGLESS_ADDR      = (disabled)
Found 1 query under queries/tpch/sqlstorm_slope/reference/1022.sql

[1/1] queries/tpch/sqlstorm_slope/reference/1022.sql (2 warmup + step-up 1 2 4 8 16 x1)
  warmup 1/2: 4.712987 sec (cache prime)
  warmup 2/2: 3.392925 sec
  N=1   batch 1/1: 3.419953 sec, 1 copy (server sum 3332.084 ms)
  N=2   batch 1/1: 6.627438 sec, 2 copies (server sum 6564.189 ms)
  N=4   batch 1/1: 13.078063 sec, 4 copies (server sum 13011.713 ms)
  N=8   batch 1/1: 26.025060 sec, 8 copies (server sum 25941.097 ms)
  N=16  batch 1/1: 51.866862 sec, 16 copies (server sum 51755.484 ms)
  done: 5 sizes x 1 run (0 failures)

Done. Batch rows appended to logs/slope_sample/warm_stepup/reference_20260921T230207Z/query_timing_tpch_idx.csv
Per-copy samples appended to logs/slope_sample/warm_stepup/reference_20260921T230207Z/query_samples_tpch_idx.csv
Last batch ended at epoch 1790040953.361 (PREV_END_EPOCH for the next invocation)
===== [69/280] queries/tpch/sqlstorm_slope/reference/26387.sql run_id=9D1CC009CBF4E10F =====
query_runner configuration:
  QUERY_DIR         = queries/tpch/sqlstorm_slope/reference/26387.sql
  LOGS_DIR          = logs/slope_sample/warm_stepup/reference_20260921T230207Z  (query_timing_/query_samples_/query_catalog_tpch_idx.csv)
  DB_NAME / DB_USER = tpch_idx / postgres
  PGPORT            = 5434  (server reports 18.4)
  RUN_ID            = 9D1CC009CBF4E10F
  WARMUP            = 2 single-copy warm-ups (the first primes the cache)
  BATCH_SIZES       = 1 2 4 8 16  x RUNS=1 measured batches each
  WORKERS           = (planner default)
  STATEMENT_TIMEOUT = 60
  THERMAL_EQUALISE  = gate (T_LO=55 T_HI=60 preheat<=60s cooldown<=120s)
  sensors           = pkg:/sys/class/hwmon/hwmon8/temp1_input cores:4 cpufreq:8 throttle:8/8
  SIGLESS_ADDR      = (disabled)
Found 1 query under queries/tpch/sqlstorm_slope/reference/26387.sql

[1/1] queries/tpch/sqlstorm_slope/reference/26387.sql (2 warmup + step-up 1 2 4 8 16 x1)
  thermal gate: pre-heated 5s -> 61.0 C
  warmup 1/2: 4.940463 sec (cache prime)
  warmup 2/2: 4.428247 sec
  N=1   batch 1/1: 4.417177 sec, 1 copy (server sum 4359.854 ms)
  N=2   batch 1/1: 8.734584 sec, 2 copies (server sum 8676.483 ms)
  N=4   batch 1/1: 17.488690 sec, 4 copies (server sum 17427.599 ms)
  N=8   batch 1/1: 34.706484 sec, 8 copies (server sum 34639.909 ms)
  N=16  batch 1/1: 69.125512 sec, 16 copies (server sum 69048.833 ms)
  done: 5 sizes x 1 run (0 failures)

Done. Batch rows appended to logs/slope_sample/warm_stepup/reference_20260921T230207Z/query_timing_tpch_idx.csv
Per-copy samples appended to logs/slope_sample/warm_stepup/reference_20260921T230207Z/query_samples_tpch_idx.csv
Last batch ended at epoch 1790041106.948 (PREV_END_EPOCH for the next invocation)
===== [70/280] queries/tpch/sqlstorm_slope/reference/8411.sql run_id=CC1945B061FED2DE =====
query_runner configuration:
  QUERY_DIR         = queries/tpch/sqlstorm_slope/reference/8411.sql
  LOGS_DIR          = logs/slope_sample/warm_stepup/reference_20260921T230207Z  (query_timing_/query_samples_/query_catalog_tpch_idx.csv)
  DB_NAME / DB_USER = tpch_idx / postgres
  PGPORT            = 5434  (server reports 18.4)
  RUN_ID            = CC1945B061FED2DE
  WARMUP            = 2 single-copy warm-ups (the first primes the cache)
  BATCH_SIZES       = 1 2 4 8 16  x RUNS=1 measured batches each
  WORKERS           = (planner default)
  STATEMENT_TIMEOUT = 60
  THERMAL_EQUALISE  = gate (T_LO=55 T_HI=60 preheat<=60s cooldown<=120s)
  sensors           = pkg:/sys/class/hwmon/hwmon8/temp1_input cores:4 cpufreq:8 throttle:8/8
  SIGLESS_ADDR      = (disabled)
Found 1 query under queries/tpch/sqlstorm_slope/reference/8411.sql

[1/1] queries/tpch/sqlstorm_slope/reference/8411.sql (2 warmup + step-up 1 2 4 8 16 x1)
  warmup 1/2: 14.627351 sec (cache prime)
  warmup 2/2: 11.670572 sec
  N=1   batch 1/1: 11.674997 sec, 1 copy (server sum 11615.481 ms)
  N=2   batch 1/1: 23.202910 sec, 2 copies (server sum 23141.458 ms)
  N=4   batch 1/1: 46.270333 sec, 4 copies (server sum 46199.138 ms)
  N=8   batch 1/1: 92.497091 sec, 8 copies (server sum 92403.059 ms)
  N=16  batch 1/1: 184.871339 sec, 16 copies (server sum 184775.260 ms)
  done: 5 sizes x 1 run (0 failures)

Done. Batch rows appended to logs/slope_sample/warm_stepup/reference_20260921T230207Z/query_timing_tpch_idx.csv
Per-copy samples appended to logs/slope_sample/warm_stepup/reference_20260921T230207Z/query_samples_tpch_idx.csv
Last batch ended at epoch 1790041495.896 (PREV_END_EPOCH for the next invocation)
===== [71/280] queries/tpch/sqlstorm_slope/reference/8411.sql run_id=FB5733B49BCFD732 =====
query_runner configuration:
  QUERY_DIR         = queries/tpch/sqlstorm_slope/reference/8411.sql
  LOGS_DIR          = logs/slope_sample/warm_stepup/reference_20260921T230207Z  (query_timing_/query_samples_/query_catalog_tpch_idx.csv)
  DB_NAME / DB_USER = tpch_idx / postgres
  PGPORT            = 5434  (server reports 18.4)
  RUN_ID            = FB5733B49BCFD732
  WARMUP            = 2 single-copy warm-ups (the first primes the cache)
  BATCH_SIZES       = 1 2 4 8 16  x RUNS=1 measured batches each
  WORKERS           = (planner default)
  STATEMENT_TIMEOUT = 60
  THERMAL_EQUALISE  = gate (T_LO=55 T_HI=60 preheat<=60s cooldown<=120s)
  sensors           = pkg:/sys/class/hwmon/hwmon8/temp1_input cores:4 cpufreq:8 throttle:8/8
  SIGLESS_ADDR      = (disabled)
Found 1 query under queries/tpch/sqlstorm_slope/reference/8411.sql

[1/1] queries/tpch/sqlstorm_slope/reference/8411.sql (2 warmup + step-up 1 2 4 8 16 x1)
  thermal gate: waited 6s -> 59.0 C
  warmup 1/2: 14.638707 sec (cache prime)
  warmup 2/2: 11.780485 sec
  N=1   batch 1/1: 11.757249 sec, 1 copy (server sum 11695.614 ms)
  N=2   batch 1/1: 23.281600 sec, 2 copies (server sum 23220.299 ms)
  N=4   batch 1/1: 46.383243 sec, 4 copies (server sum 46316.364 ms)
  N=8   batch 1/1: 92.677815 sec, 8 copies (server sum 92601.041 ms)
  N=16  batch 1/1: 185.213628 sec, 16 copies (server sum 185117.090 ms)
  done: 5 sizes x 1 run (0 failures)

Done. Batch rows appended to logs/slope_sample/warm_stepup/reference_20260921T230207Z/query_timing_tpch_idx.csv
Per-copy samples appended to logs/slope_sample/warm_stepup/reference_20260921T230207Z/query_samples_tpch_idx.csv
Last batch ended at epoch 1790041892.502 (PREV_END_EPOCH for the next invocation)
===== [72/280] queries/tpch/sqlstorm_slope/reference/32103.sql run_id=E2364DF9553424C2 =====
query_runner configuration:
  QUERY_DIR         = queries/tpch/sqlstorm_slope/reference/32103.sql
  LOGS_DIR          = logs/slope_sample/warm_stepup/reference_20260921T230207Z  (query_timing_/query_samples_/query_catalog_tpch_idx.csv)
  DB_NAME / DB_USER = tpch_idx / postgres
  PGPORT            = 5434  (server reports 18.4)
  RUN_ID            = E2364DF9553424C2
  WARMUP            = 2 single-copy warm-ups (the first primes the cache)
  BATCH_SIZES       = 1 2 4 8 16  x RUNS=1 measured batches each
  WORKERS           = (planner default)
  STATEMENT_TIMEOUT = 60
  THERMAL_EQUALISE  = gate (T_LO=55 T_HI=60 preheat<=60s cooldown<=120s)
  sensors           = pkg:/sys/class/hwmon/hwmon8/temp1_input cores:4 cpufreq:8 throttle:8/8
  SIGLESS_ADDR      = (disabled)
Found 1 query under queries/tpch/sqlstorm_slope/reference/32103.sql

[1/1] queries/tpch/sqlstorm_slope/reference/32103.sql (2 warmup + step-up 1 2 4 8 16 x1)
  thermal gate: waited 6s -> 60.0 C
  warmup 1/2: 1.456530 sec (cache prime)
  warmup 2/2: 0.591404 sec
  N=1   batch 1/1: 0.629065 sec, 1 copy (server sum 530.721 ms)
  N=2   batch 1/1: 1.098930 sec, 2 copies (server sum 1034.201 ms)
  N=4   batch 1/1: 2.131475 sec, 4 copies (server sum 2059.709 ms)
  N=8   batch 1/1: 4.170882 sec, 8 copies (server sum 4036.298 ms)
  N=16  batch 1/1: 8.238659 sec, 16 copies (server sum 8072.519 ms)
  done: 5 sizes x 1 run (0 failures)

Done. Batch rows appended to logs/slope_sample/warm_stepup/reference_20260921T230207Z/query_timing_tpch_idx.csv
Per-copy samples appended to logs/slope_sample/warm_stepup/reference_20260921T230207Z/query_samples_tpch_idx.csv
Last batch ended at epoch 1790041921.503 (PREV_END_EPOCH for the next invocation)
===== [73/280] queries/tpch/sqlstorm_slope/reference/1022.sql run_id=5C5EE13740B7F2CA =====
query_runner configuration:
  QUERY_DIR         = queries/tpch/sqlstorm_slope/reference/1022.sql
  LOGS_DIR          = logs/slope_sample/warm_stepup/reference_20260921T230207Z  (query_timing_/query_samples_/query_catalog_tpch_idx.csv)
  DB_NAME / DB_USER = tpch_idx / postgres
  PGPORT            = 5434  (server reports 18.4)
  RUN_ID            = 5C5EE13740B7F2CA
  WARMUP            = 2 single-copy warm-ups (the first primes the cache)
  BATCH_SIZES       = 1 2 4 8 16  x RUNS=1 measured batches each
  WORKERS           = (planner default)
  STATEMENT_TIMEOUT = 60
  THERMAL_EQUALISE  = gate (T_LO=55 T_HI=60 preheat<=60s cooldown<=120s)
  sensors           = pkg:/sys/class/hwmon/hwmon8/temp1_input cores:4 cpufreq:8 throttle:8/8
  SIGLESS_ADDR      = (disabled)
Found 1 query under queries/tpch/sqlstorm_slope/reference/1022.sql

[1/1] queries/tpch/sqlstorm_slope/reference/1022.sql (2 warmup + step-up 1 2 4 8 16 x1)
  thermal gate: waited 2s -> 60.0 C
  warmup 1/2: 4.665110 sec (cache prime)
  warmup 2/2: 3.378354 sec
  N=1   batch 1/1: 3.389186 sec, 1 copy (server sum 3313.522 ms)
  N=2   batch 1/1: 6.671273 sec, 2 copies (server sum 6582.569 ms)
  N=4   batch 1/1: 13.089758 sec, 4 copies (server sum 13023.645 ms)
  N=8   batch 1/1: 26.057443 sec, 8 copies (server sum 25973.648 ms)
  N=16  batch 1/1: 51.747487 sec, 16 copies (server sum 51600.920 ms)
  done: 5 sizes x 1 run (0 failures)

Done. Batch rows appended to logs/slope_sample/warm_stepup/reference_20260921T230207Z/query_timing_tpch_idx.csv
Per-copy samples appended to logs/slope_sample/warm_stepup/reference_20260921T230207Z/query_samples_tpch_idx.csv
Last batch ended at epoch 1790042036.972 (PREV_END_EPOCH for the next invocation)
===== [74/280] queries/tpch/sqlstorm_slope/reference/5561.sql run_id=BF8A073ED2D0A1B0 =====
query_runner configuration:
  QUERY_DIR         = queries/tpch/sqlstorm_slope/reference/5561.sql
  LOGS_DIR          = logs/slope_sample/warm_stepup/reference_20260921T230207Z  (query_timing_/query_samples_/query_catalog_tpch_idx.csv)
  DB_NAME / DB_USER = tpch_idx / postgres
  PGPORT            = 5434  (server reports 18.4)
  RUN_ID            = BF8A073ED2D0A1B0
  WARMUP            = 2 single-copy warm-ups (the first primes the cache)
  BATCH_SIZES       = 1 2 4 8 16  x RUNS=1 measured batches each
  WORKERS           = (planner default)
  STATEMENT_TIMEOUT = 60
  THERMAL_EQUALISE  = gate (T_LO=55 T_HI=60 preheat<=60s cooldown<=120s)
  sensors           = pkg:/sys/class/hwmon/hwmon8/temp1_input cores:4 cpufreq:8 throttle:8/8
  SIGLESS_ADDR      = (disabled)
Found 1 query under queries/tpch/sqlstorm_slope/reference/5561.sql

[1/1] queries/tpch/sqlstorm_slope/reference/5561.sql (2 warmup + step-up 1 2 4 8 16 x1)
  warmup 1/2: 8.538943 sec (cache prime)
  warmup 2/2: 7.277226 sec
  N=1   batch 1/1: 7.353422 sec, 1 copy (server sum 7294.282 ms)
  N=2   batch 1/1: 14.440084 sec, 2 copies (server sum 14378.176 ms)
  N=4   batch 1/1: 28.798105 sec, 4 copies (server sum 28730.296 ms)
  N=8   batch 1/1: 57.554198 sec, 8 copies (server sum 57476.081 ms)
  N=16  batch 1/1: 114.810136 sec, 16 copies (server sum 114711.372 ms)
  done: 5 sizes x 1 run (0 failures)

Done. Batch rows appended to logs/slope_sample/warm_stepup/reference_20260921T230207Z/query_timing_tpch_idx.csv
Per-copy samples appended to logs/slope_sample/warm_stepup/reference_20260921T230207Z/query_samples_tpch_idx.csv
Last batch ended at epoch 1790042280.371 (PREV_END_EPOCH for the next invocation)
===== [75/280] queries/tpch/sqlstorm_slope/reference/8411.sql run_id=E15CE447E3C161D1 =====
query_runner configuration:
  QUERY_DIR         = queries/tpch/sqlstorm_slope/reference/8411.sql
  LOGS_DIR          = logs/slope_sample/warm_stepup/reference_20260921T230207Z  (query_timing_/query_samples_/query_catalog_tpch_idx.csv)
  DB_NAME / DB_USER = tpch_idx / postgres
  PGPORT            = 5434  (server reports 18.4)
  RUN_ID            = E15CE447E3C161D1
  WARMUP            = 2 single-copy warm-ups (the first primes the cache)
  BATCH_SIZES       = 1 2 4 8 16  x RUNS=1 measured batches each
  WORKERS           = (planner default)
  STATEMENT_TIMEOUT = 60
  THERMAL_EQUALISE  = gate (T_LO=55 T_HI=60 preheat<=60s cooldown<=120s)
  sensors           = pkg:/sys/class/hwmon/hwmon8/temp1_input cores:4 cpufreq:8 throttle:8/8
  SIGLESS_ADDR      = (disabled)
Found 1 query under queries/tpch/sqlstorm_slope/reference/8411.sql

[1/1] queries/tpch/sqlstorm_slope/reference/8411.sql (2 warmup + step-up 1 2 4 8 16 x1)
  thermal gate: waited 2s -> 59.0 C
  warmup 1/2: 14.556334 sec (cache prime)
  warmup 2/2: 11.829818 sec
  N=1   batch 1/1: 11.765148 sec, 1 copy (server sum 11705.833 ms)
  N=2   batch 1/1: 23.365337 sec, 2 copies (server sum 23303.814 ms)
  N=4   batch 1/1: 46.452531 sec, 4 copies (server sum 46383.277 ms)
  N=8   batch 1/1: 92.825854 sec, 8 copies (server sum 92744.954 ms)
  N=16  batch 1/1: 185.503571 sec, 16 copies (server sum 185402.907 ms)
  done: 5 sizes x 1 run (0 failures)

Done. Batch rows appended to logs/slope_sample/warm_stepup/reference_20260921T230207Z/query_timing_tpch_idx.csv
Per-copy samples appended to logs/slope_sample/warm_stepup/reference_20260921T230207Z/query_samples_tpch_idx.csv
Last batch ended at epoch 1790042673.313 (PREV_END_EPOCH for the next invocation)
===== [76/280] queries/tpch/sqlstorm_slope/reference/6127.sql run_id=906ABA6E9BE83E7F =====
query_runner configuration:
  QUERY_DIR         = queries/tpch/sqlstorm_slope/reference/6127.sql
  LOGS_DIR          = logs/slope_sample/warm_stepup/reference_20260921T230207Z  (query_timing_/query_samples_/query_catalog_tpch_idx.csv)
  DB_NAME / DB_USER = tpch_idx / postgres
  PGPORT            = 5434  (server reports 18.4)
  RUN_ID            = 906ABA6E9BE83E7F
  WARMUP            = 2 single-copy warm-ups (the first primes the cache)
  BATCH_SIZES       = 1 2 4 8 16  x RUNS=1 measured batches each
  WORKERS           = (planner default)
  STATEMENT_TIMEOUT = 60
  THERMAL_EQUALISE  = gate (T_LO=55 T_HI=60 preheat<=60s cooldown<=120s)
  sensors           = pkg:/sys/class/hwmon/hwmon8/temp1_input cores:4 cpufreq:8 throttle:8/8
  SIGLESS_ADDR      = (disabled)
Found 1 query under queries/tpch/sqlstorm_slope/reference/6127.sql

[1/1] queries/tpch/sqlstorm_slope/reference/6127.sql (2 warmup + step-up 1 2 4 8 16 x1)
  thermal gate: waited 6s -> 59.0 C
  warmup 1/2: 8.692223 sec (cache prime)
  warmup 2/2: 7.015004 sec
  N=1   batch 1/1: 6.929355 sec, 1 copy (server sum 6870.082 ms)
  N=2   batch 1/1: 13.621589 sec, 2 copies (server sum 13560.349 ms)
  N=4   batch 1/1: 27.385826 sec, 4 copies (server sum 27278.255 ms)
  N=8   batch 1/1: 55.460392 sec, 8 copies (server sum 55385.359 ms)
  N=16  batch 1/1: 110.099942 sec, 16 copies (server sum 110005.752 ms)
  done: 5 sizes x 1 run (0 failures)

Done. Batch rows appended to logs/slope_sample/warm_stepup/reference_20260921T230207Z/query_timing_tpch_idx.csv
Per-copy samples appended to logs/slope_sample/warm_stepup/reference_20260921T230207Z/query_samples_tpch_idx.csv
Last batch ended at epoch 1790042913.145 (PREV_END_EPOCH for the next invocation)
===== [77/280] queries/tpch/sqlstorm_slope/reference/5554.sql run_id=F831471B87ED4062 =====
query_runner configuration:
  QUERY_DIR         = queries/tpch/sqlstorm_slope/reference/5554.sql
  LOGS_DIR          = logs/slope_sample/warm_stepup/reference_20260921T230207Z  (query_timing_/query_samples_/query_catalog_tpch_idx.csv)
  DB_NAME / DB_USER = tpch_idx / postgres
  PGPORT            = 5434  (server reports 18.4)
  RUN_ID            = F831471B87ED4062
  WARMUP            = 2 single-copy warm-ups (the first primes the cache)
  BATCH_SIZES       = 1 2 4 8 16  x RUNS=1 measured batches each
  WORKERS           = (planner default)
  STATEMENT_TIMEOUT = 60
  THERMAL_EQUALISE  = gate (T_LO=55 T_HI=60 preheat<=60s cooldown<=120s)
  sensors           = pkg:/sys/class/hwmon/hwmon8/temp1_input cores:4 cpufreq:8 throttle:8/8
  SIGLESS_ADDR      = (disabled)
Found 1 query under queries/tpch/sqlstorm_slope/reference/5554.sql

[1/1] queries/tpch/sqlstorm_slope/reference/5554.sql (2 warmup + step-up 1 2 4 8 16 x1)
  thermal gate: waited 2s -> 59.0 C
  warmup 1/2: 8.486889 sec (cache prime)
  warmup 2/2: 7.193793 sec
  N=1   batch 1/1: 7.222432 sec, 1 copy (server sum 7137.025 ms)
  N=2   batch 1/1: 14.233749 sec, 2 copies (server sum 14170.853 ms)
  N=4   batch 1/1: 28.246129 sec, 4 copies (server sum 28177.376 ms)
  N=8   batch 1/1: 56.583655 sec, 8 copies (server sum 56464.015 ms)
  N=16  batch 1/1: 112.602247 sec, 16 copies (server sum 112492.864 ms)
  done: 5 sizes x 1 run (0 failures)

Done. Batch rows appended to logs/slope_sample/warm_stepup/reference_20260921T230207Z/query_timing_tpch_idx.csv
Per-copy samples appended to logs/slope_sample/warm_stepup/reference_20260921T230207Z/query_samples_tpch_idx.csv
Last batch ended at epoch 1790043154.303 (PREV_END_EPOCH for the next invocation)
===== [78/280] queries/tpch/sqlstorm_slope/reference/9307.sql run_id=4A4D560E74E3E9BD =====
query_runner configuration:
  QUERY_DIR         = queries/tpch/sqlstorm_slope/reference/9307.sql
  LOGS_DIR          = logs/slope_sample/warm_stepup/reference_20260921T230207Z  (query_timing_/query_samples_/query_catalog_tpch_idx.csv)
  DB_NAME / DB_USER = tpch_idx / postgres
  PGPORT            = 5434  (server reports 18.4)
  RUN_ID            = 4A4D560E74E3E9BD
  WARMUP            = 2 single-copy warm-ups (the first primes the cache)
  BATCH_SIZES       = 1 2 4 8 16  x RUNS=1 measured batches each
  WORKERS           = (planner default)
  STATEMENT_TIMEOUT = 60
  THERMAL_EQUALISE  = gate (T_LO=55 T_HI=60 preheat<=60s cooldown<=120s)
  sensors           = pkg:/sys/class/hwmon/hwmon8/temp1_input cores:4 cpufreq:8 throttle:8/8
  SIGLESS_ADDR      = (disabled)
Found 1 query under queries/tpch/sqlstorm_slope/reference/9307.sql

[1/1] queries/tpch/sqlstorm_slope/reference/9307.sql (2 warmup + step-up 1 2 4 8 16 x1)
  thermal gate: waited 10s -> 59.0 C
  warmup 1/2: 16.347428 sec (cache prime)
  warmup 2/2: 13.493823 sec
  N=1   batch 1/1: 13.468633 sec, 1 copy (server sum 13410.586 ms)
  N=2   batch 1/1: 26.526988 sec, 2 copies (server sum 26467.256 ms)
  N=4   batch 1/1: 52.867970 sec, 4 copies (server sum 52804.680 ms)
  N=8   batch 1/1: 105.429824 sec, 8 copies (server sum 105359.151 ms)
  N=16  batch 1/1: 210.887645 sec, 16 copies (server sum 210802.149 ms)
  done: 5 sizes x 1 run (0 failures)

Done. Batch rows appended to logs/slope_sample/warm_stepup/reference_20260921T230207Z/query_timing_tpch_idx.csv
Per-copy samples appended to logs/slope_sample/warm_stepup/reference_20260921T230207Z/query_samples_tpch_idx.csv
Last batch ended at epoch 1790043607.997 (PREV_END_EPOCH for the next invocation)
===== [79/280] queries/tpch/sqlstorm_slope/reference/10945.sql run_id=960A67AB66F699FA =====
query_runner configuration:
  QUERY_DIR         = queries/tpch/sqlstorm_slope/reference/10945.sql
  LOGS_DIR          = logs/slope_sample/warm_stepup/reference_20260921T230207Z  (query_timing_/query_samples_/query_catalog_tpch_idx.csv)
  DB_NAME / DB_USER = tpch_idx / postgres
  PGPORT            = 5434  (server reports 18.4)
  RUN_ID            = 960A67AB66F699FA
  WARMUP            = 2 single-copy warm-ups (the first primes the cache)
  BATCH_SIZES       = 1 2 4 8 16  x RUNS=1 measured batches each
  WORKERS           = (planner default)
  STATEMENT_TIMEOUT = 60
  THERMAL_EQUALISE  = gate (T_LO=55 T_HI=60 preheat<=60s cooldown<=120s)
  sensors           = pkg:/sys/class/hwmon/hwmon8/temp1_input cores:4 cpufreq:8 throttle:8/8
  SIGLESS_ADDR      = (disabled)
Found 1 query under queries/tpch/sqlstorm_slope/reference/10945.sql

[1/1] queries/tpch/sqlstorm_slope/reference/10945.sql (2 warmup + step-up 1 2 4 8 16 x1)
  thermal gate: pre-heated 5s -> 59.0 C
  warmup 1/2: 0.306705 sec (cache prime)
  warmup 2/2: 0.103298 sec
  N=1   batch 1/1: 0.102081 sec, 1 copy (server sum 41.525 ms)
  N=2   batch 1/1: 0.147668 sec, 2 copies (server sum 81.884 ms)
  N=4   batch 1/1: 0.238217 sec, 4 copies (server sum 166.128 ms)
  N=8   batch 1/1: 0.412467 sec, 8 copies (server sum 326.750 ms)
  N=16  batch 1/1: 0.761231 sec, 16 copies (server sum 645.429 ms)
  done: 5 sizes x 1 run (0 failures)

Done. Batch rows appended to logs/slope_sample/warm_stepup/reference_20260921T230207Z/query_timing_tpch_idx.csv
Per-copy samples appended to logs/slope_sample/warm_stepup/reference_20260921T230207Z/query_samples_tpch_idx.csv
Last batch ended at epoch 1790043619.687 (PREV_END_EPOCH for the next invocation)
===== [80/280] queries/tpch/sqlstorm_slope/reference/7925.sql run_id=90619691A7B05172 =====
query_runner configuration:
  QUERY_DIR         = queries/tpch/sqlstorm_slope/reference/7925.sql
  LOGS_DIR          = logs/slope_sample/warm_stepup/reference_20260921T230207Z  (query_timing_/query_samples_/query_catalog_tpch_idx.csv)
  DB_NAME / DB_USER = tpch_idx / postgres
  PGPORT            = 5434  (server reports 18.4)
  RUN_ID            = 90619691A7B05172
  WARMUP            = 2 single-copy warm-ups (the first primes the cache)
  BATCH_SIZES       = 1 2 4 8 16  x RUNS=1 measured batches each
  WORKERS           = (planner default)
  STATEMENT_TIMEOUT = 60
  THERMAL_EQUALISE  = gate (T_LO=55 T_HI=60 preheat<=60s cooldown<=120s)
  sensors           = pkg:/sys/class/hwmon/hwmon8/temp1_input cores:4 cpufreq:8 throttle:8/8
  SIGLESS_ADDR      = (disabled)
Found 1 query under queries/tpch/sqlstorm_slope/reference/7925.sql

[1/1] queries/tpch/sqlstorm_slope/reference/7925.sql (2 warmup + step-up 1 2 4 8 16 x1)
  thermal gate: pre-heated 5s -> 60.0 C
  warmup 1/2: 7.595481 sec (cache prime)
  warmup 2/2: 6.420486 sec
  N=1   batch 1/1: 6.409114 sec, 1 copy (server sum 6348.695 ms)
  N=2   batch 1/1: 12.756117 sec, 2 copies (server sum 12648.978 ms)
  N=4   batch 1/1: 25.354778 sec, 4 copies (server sum 25283.830 ms)
  N=8   batch 1/1: 50.609146 sec, 8 copies (server sum 50523.858 ms)
  N=16  batch 1/1: 101.202630 sec, 16 copies (server sum 101086.627 ms)
  done: 5 sizes x 1 run (0 failures)

Done. Batch rows appended to logs/slope_sample/warm_stepup/reference_20260921T230207Z/query_timing_tpch_idx.csv
Per-copy samples appended to logs/slope_sample/warm_stepup/reference_20260921T230207Z/query_samples_tpch_idx.csv
Last batch ended at epoch 1790043838.957 (PREV_END_EPOCH for the next invocation)
===== [81/280] queries/tpch/sqlstorm_slope/reference/28614.sql run_id=6025E7F55C8C3B74 =====
query_runner configuration:
  QUERY_DIR         = queries/tpch/sqlstorm_slope/reference/28614.sql
  LOGS_DIR          = logs/slope_sample/warm_stepup/reference_20260921T230207Z  (query_timing_/query_samples_/query_catalog_tpch_idx.csv)
  DB_NAME / DB_USER = tpch_idx / postgres
  PGPORT            = 5434  (server reports 18.4)
  RUN_ID            = 6025E7F55C8C3B74
  WARMUP            = 2 single-copy warm-ups (the first primes the cache)
  BATCH_SIZES       = 1 2 4 8 16  x RUNS=1 measured batches each
  WORKERS           = (planner default)
  STATEMENT_TIMEOUT = 60
  THERMAL_EQUALISE  = gate (T_LO=55 T_HI=60 preheat<=60s cooldown<=120s)
  sensors           = pkg:/sys/class/hwmon/hwmon8/temp1_input cores:4 cpufreq:8 throttle:8/8
  SIGLESS_ADDR      = (disabled)
Found 1 query under queries/tpch/sqlstorm_slope/reference/28614.sql

[1/1] queries/tpch/sqlstorm_slope/reference/28614.sql (2 warmup + step-up 1 2 4 8 16 x1)
  thermal gate: waited 8s -> 60.0 C
  warmup 1/2: 0.241439 sec (cache prime)
  warmup 2/2: 0.078648 sec
  N=1   batch 1/1: 0.079211 sec, 1 copy (server sum 17.978 ms)
  N=2   batch 1/1: 0.098108 sec, 2 copies (server sum 32.687 ms)
  N=4   batch 1/1: 0.141566 sec, 4 copies (server sum 67.369 ms)
  N=8   batch 1/1: 0.216511 sec, 8 copies (server sum 126.256 ms)
  N=16  batch 1/1: 0.379978 sec, 16 copies (server sum 256.267 ms)
  done: 5 sizes x 1 run (0 failures)

Done. Batch rows appended to logs/slope_sample/warm_stepup/reference_20260921T230207Z/query_timing_tpch_idx.csv
Per-copy samples appended to logs/slope_sample/warm_stepup/reference_20260921T230207Z/query_samples_tpch_idx.csv
Last batch ended at epoch 1790043852.883 (PREV_END_EPOCH for the next invocation)
===== [82/280] queries/tpch/sqlstorm_slope/reference/8033.sql run_id=AA620F7686F6B347 =====
query_runner configuration:
  QUERY_DIR         = queries/tpch/sqlstorm_slope/reference/8033.sql
  LOGS_DIR          = logs/slope_sample/warm_stepup/reference_20260921T230207Z  (query_timing_/query_samples_/query_catalog_tpch_idx.csv)
  DB_NAME / DB_USER = tpch_idx / postgres
  PGPORT            = 5434  (server reports 18.4)
  RUN_ID            = AA620F7686F6B347
  WARMUP            = 2 single-copy warm-ups (the first primes the cache)
  BATCH_SIZES       = 1 2 4 8 16  x RUNS=1 measured batches each
  WORKERS           = (planner default)
  STATEMENT_TIMEOUT = 60
  THERMAL_EQUALISE  = gate (T_LO=55 T_HI=60 preheat<=60s cooldown<=120s)
  sensors           = pkg:/sys/class/hwmon/hwmon8/temp1_input cores:4 cpufreq:8 throttle:8/8
  SIGLESS_ADDR      = (disabled)
Found 1 query under queries/tpch/sqlstorm_slope/reference/8033.sql

[1/1] queries/tpch/sqlstorm_slope/reference/8033.sql (2 warmup + step-up 1 2 4 8 16 x1)
  warmup 1/2: 3.570890 sec (cache prime)
  warmup 2/2: 1.436953 sec
  N=1   batch 1/1: 1.425695 sec, 1 copy (server sum 1367.472 ms)
  N=2   batch 1/1: 2.763914 sec, 2 copies (server sum 2702.966 ms)
  N=4   batch 1/1: 5.423925 sec, 4 copies (server sum 5353.107 ms)
  N=8   batch 1/1: 10.791235 sec, 8 copies (server sum 10715.117 ms)
  N=16  batch 1/1: 21.591972 sec, 16 copies (server sum 21376.676 ms)
  done: 5 sizes x 1 run (0 failures)

Done. Batch rows appended to logs/slope_sample/warm_stepup/reference_20260921T230207Z/query_timing_tpch_idx.csv
Per-copy samples appended to logs/slope_sample/warm_stepup/reference_20260921T230207Z/query_samples_tpch_idx.csv
Last batch ended at epoch 1790043903.979 (PREV_END_EPOCH for the next invocation)
===== [83/280] queries/tpch/sqlstorm_slope/reference/7925.sql run_id=93BB1FC8C12E55D8 =====
query_runner configuration:
  QUERY_DIR         = queries/tpch/sqlstorm_slope/reference/7925.sql
  LOGS_DIR          = logs/slope_sample/warm_stepup/reference_20260921T230207Z  (query_timing_/query_samples_/query_catalog_tpch_idx.csv)
  DB_NAME / DB_USER = tpch_idx / postgres
  PGPORT            = 5434  (server reports 18.4)
  RUN_ID            = 93BB1FC8C12E55D8
  WARMUP            = 2 single-copy warm-ups (the first primes the cache)
  BATCH_SIZES       = 1 2 4 8 16  x RUNS=1 measured batches each
  WORKERS           = (planner default)
  STATEMENT_TIMEOUT = 60
  THERMAL_EQUALISE  = gate (T_LO=55 T_HI=60 preheat<=60s cooldown<=120s)
  sensors           = pkg:/sys/class/hwmon/hwmon8/temp1_input cores:4 cpufreq:8 throttle:8/8
  SIGLESS_ADDR      = (disabled)
Found 1 query under queries/tpch/sqlstorm_slope/reference/7925.sql

[1/1] queries/tpch/sqlstorm_slope/reference/7925.sql (2 warmup + step-up 1 2 4 8 16 x1)
  thermal gate: waited 4s -> 59.0 C
  warmup 1/2: 7.628875 sec (cache prime)
  warmup 2/2: 6.475296 sec
  N=1   batch 1/1: 6.448060 sec, 1 copy (server sum 6387.010 ms)
  N=2   batch 1/1: 12.844969 sec, 2 copies (server sum 12778.987 ms)
  N=4   batch 1/1: 25.654782 sec, 4 copies (server sum 25583.477 ms)
  N=8   batch 1/1: 51.187495 sec, 8 copies (server sum 51102.536 ms)
  N=16  batch 1/1: 102.441791 sec, 16 copies (server sum 102327.930 ms)
  done: 5 sizes x 1 run (0 failures)

Done. Batch rows appended to logs/slope_sample/warm_stepup/reference_20260921T230207Z/query_timing_tpch_idx.csv
Per-copy samples appended to logs/slope_sample/warm_stepup/reference_20260921T230207Z/query_samples_tpch_idx.csv
Last batch ended at epoch 1790044125.722 (PREV_END_EPOCH for the next invocation)
===== [84/280] queries/tpch/sqlstorm_slope/reference/3396.sql run_id=638FCF5CA2F8CC17 =====
query_runner configuration:
  QUERY_DIR         = queries/tpch/sqlstorm_slope/reference/3396.sql
  LOGS_DIR          = logs/slope_sample/warm_stepup/reference_20260921T230207Z  (query_timing_/query_samples_/query_catalog_tpch_idx.csv)
  DB_NAME / DB_USER = tpch_idx / postgres
  PGPORT            = 5434  (server reports 18.4)
  RUN_ID            = 638FCF5CA2F8CC17
  WARMUP            = 2 single-copy warm-ups (the first primes the cache)
  BATCH_SIZES       = 1 2 4 8 16  x RUNS=1 measured batches each
  WORKERS           = (planner default)
  STATEMENT_TIMEOUT = 60
  THERMAL_EQUALISE  = gate (T_LO=55 T_HI=60 preheat<=60s cooldown<=120s)
  sensors           = pkg:/sys/class/hwmon/hwmon8/temp1_input cores:4 cpufreq:8 throttle:8/8
  SIGLESS_ADDR      = (disabled)
Found 1 query under queries/tpch/sqlstorm_slope/reference/3396.sql

[1/1] queries/tpch/sqlstorm_slope/reference/3396.sql (2 warmup + step-up 1 2 4 8 16 x1)
  thermal gate: waited 10s -> 59.0 C
  warmup 1/2: 15.344562 sec (cache prime)
  warmup 2/2: 13.101552 sec
  N=1   batch 1/1: 13.227764 sec, 1 copy (server sum 13166.775 ms)
  N=2   batch 1/1: 25.997551 sec, 2 copies (server sum 25889.958 ms)
  N=4   batch 1/1: 51.596319 sec, 4 copies (server sum 51510.892 ms)
  N=8   batch 1/1: 102.837556 sec, 8 copies (server sum 102757.962 ms)
  N=16  batch 1/1: 206.484478 sec, 16 copies (server sum 206380.755 ms)
  done: 5 sizes x 1 run (0 failures)

Done. Batch rows appended to logs/slope_sample/warm_stepup/reference_20260921T230207Z/query_timing_tpch_idx.csv
Per-copy samples appended to logs/slope_sample/warm_stepup/reference_20260921T230207Z/query_samples_tpch_idx.csv
Last batch ended at epoch 1790044569.059 (PREV_END_EPOCH for the next invocation)
===== [85/280] queries/tpch/sqlstorm_slope/reference/15338.sql run_id=630AEE2CA83F5881 =====
query_runner configuration:
  QUERY_DIR         = queries/tpch/sqlstorm_slope/reference/15338.sql
  LOGS_DIR          = logs/slope_sample/warm_stepup/reference_20260921T230207Z  (query_timing_/query_samples_/query_catalog_tpch_idx.csv)
  DB_NAME / DB_USER = tpch_idx / postgres
  PGPORT            = 5434  (server reports 18.4)
  RUN_ID            = 630AEE2CA83F5881
  WARMUP            = 2 single-copy warm-ups (the first primes the cache)
  BATCH_SIZES       = 1 2 4 8 16  x RUNS=1 measured batches each
  WORKERS           = (planner default)
  STATEMENT_TIMEOUT = 60
  THERMAL_EQUALISE  = gate (T_LO=55 T_HI=60 preheat<=60s cooldown<=120s)
  sensors           = pkg:/sys/class/hwmon/hwmon8/temp1_input cores:4 cpufreq:8 throttle:8/8
  SIGLESS_ADDR      = (disabled)
Found 1 query under queries/tpch/sqlstorm_slope/reference/15338.sql

[1/1] queries/tpch/sqlstorm_slope/reference/15338.sql (2 warmup + step-up 1 2 4 8 16 x1)
  warmup 1/2: 1.592742 sec (cache prime)
  warmup 2/2: 1.314965 sec
  N=1   batch 1/1: 1.319048 sec, 1 copy (server sum 1262.510 ms)
  N=2   batch 1/1: 2.522015 sec, 2 copies (server sum 2464.483 ms)
  N=4   batch 1/1: 4.933310 sec, 4 copies (server sum 4874.223 ms)
  N=8   batch 1/1: 9.779533 sec, 8 copies (server sum 9715.732 ms)
  N=16  batch 1/1: 19.384031 sec, 16 copies (server sum 19311.968 ms)
  done: 5 sizes x 1 run (0 failures)

Done. Batch rows appended to logs/slope_sample/warm_stepup/reference_20260921T230207Z/query_timing_tpch_idx.csv
Per-copy samples appended to logs/slope_sample/warm_stepup/reference_20260921T230207Z/query_samples_tpch_idx.csv
Last batch ended at epoch 1790044614.309 (PREV_END_EPOCH for the next invocation)
===== [86/280] queries/tpch/sqlstorm_slope/reference/5561.sql run_id=7DBD63F345242F89 =====
query_runner configuration:
  QUERY_DIR         = queries/tpch/sqlstorm_slope/reference/5561.sql
  LOGS_DIR          = logs/slope_sample/warm_stepup/reference_20260921T230207Z  (query_timing_/query_samples_/query_catalog_tpch_idx.csv)
  DB_NAME / DB_USER = tpch_idx / postgres
  PGPORT            = 5434  (server reports 18.4)
  RUN_ID            = 7DBD63F345242F89
  WARMUP            = 2 single-copy warm-ups (the first primes the cache)
  BATCH_SIZES       = 1 2 4 8 16  x RUNS=1 measured batches each
  WORKERS           = (planner default)
  STATEMENT_TIMEOUT = 60
  THERMAL_EQUALISE  = gate (T_LO=55 T_HI=60 preheat<=60s cooldown<=120s)
  sensors           = pkg:/sys/class/hwmon/hwmon8/temp1_input cores:4 cpufreq:8 throttle:8/8
  SIGLESS_ADDR      = (disabled)
Found 1 query under queries/tpch/sqlstorm_slope/reference/5561.sql

[1/1] queries/tpch/sqlstorm_slope/reference/5561.sql (2 warmup + step-up 1 2 4 8 16 x1)
  warmup 1/2: 8.516136 sec (cache prime)
  warmup 2/2: 7.384897 sec
  N=1   batch 1/1: 7.354615 sec, 1 copy (server sum 7281.204 ms)
  N=2   batch 1/1: 14.550881 sec, 2 copies (server sum 14489.075 ms)
  N=4   batch 1/1: 28.953857 sec, 4 copies (server sum 28886.343 ms)
  N=8   batch 1/1: 57.325985 sec, 8 copies (server sum 57248.837 ms)
  N=16  batch 1/1: 114.977964 sec, 16 copies (server sum 114838.148 ms)
  done: 5 sizes x 1 run (0 failures)

Done. Batch rows appended to logs/slope_sample/warm_stepup/reference_20260921T230207Z/query_timing_tpch_idx.csv
Per-copy samples appended to logs/slope_sample/warm_stepup/reference_20260921T230207Z/query_samples_tpch_idx.csv
Last batch ended at epoch 1790044857.406 (PREV_END_EPOCH for the next invocation)
===== [87/280] queries/tpch/sqlstorm_slope/reference/9307.sql run_id=697F2F4DA302B8D3 =====
query_runner configuration:
  QUERY_DIR         = queries/tpch/sqlstorm_slope/reference/9307.sql
  LOGS_DIR          = logs/slope_sample/warm_stepup/reference_20260921T230207Z  (query_timing_/query_samples_/query_catalog_tpch_idx.csv)
  DB_NAME / DB_USER = tpch_idx / postgres
  PGPORT            = 5434  (server reports 18.4)
  RUN_ID            = 697F2F4DA302B8D3
  WARMUP            = 2 single-copy warm-ups (the first primes the cache)
  BATCH_SIZES       = 1 2 4 8 16  x RUNS=1 measured batches each
  WORKERS           = (planner default)
  STATEMENT_TIMEOUT = 60
  THERMAL_EQUALISE  = gate (T_LO=55 T_HI=60 preheat<=60s cooldown<=120s)
  sensors           = pkg:/sys/class/hwmon/hwmon8/temp1_input cores:4 cpufreq:8 throttle:8/8
  SIGLESS_ADDR      = (disabled)
Found 1 query under queries/tpch/sqlstorm_slope/reference/9307.sql

[1/1] queries/tpch/sqlstorm_slope/reference/9307.sql (2 warmup + step-up 1 2 4 8 16 x1)
  thermal gate: waited 2s -> 59.0 C
  warmup 1/2: 16.198441 sec (cache prime)
  warmup 2/2: 13.487407 sec
  N=1   batch 1/1: 13.454301 sec, 1 copy (server sum 13396.388 ms)
  N=2   batch 1/1: 26.493318 sec, 2 copies (server sum 26433.250 ms)
  N=4   batch 1/1: 52.812563 sec, 4 copies (server sum 52749.145 ms)
  N=8   batch 1/1: 105.128336 sec, 8 copies (server sum 105057.596 ms)
  N=16  batch 1/1: 210.001601 sec, 16 copies (server sum 209916.342 ms)
  done: 5 sizes x 1 run (0 failures)

Done. Batch rows appended to logs/slope_sample/warm_stepup/reference_20260921T230207Z/query_timing_tpch_idx.csv
Per-copy samples appended to logs/slope_sample/warm_stepup/reference_20260921T230207Z/query_samples_tpch_idx.csv
Last batch ended at epoch 1790045301.768 (PREV_END_EPOCH for the next invocation)
===== [88/280] queries/tpch/sqlstorm_slope/reference/6127.sql run_id=B663504DFC95BE62 =====
query_runner configuration:
  QUERY_DIR         = queries/tpch/sqlstorm_slope/reference/6127.sql
  LOGS_DIR          = logs/slope_sample/warm_stepup/reference_20260921T230207Z  (query_timing_/query_samples_/query_catalog_tpch_idx.csv)
  DB_NAME / DB_USER = tpch_idx / postgres
  PGPORT            = 5434  (server reports 18.4)
  RUN_ID            = B663504DFC95BE62
  WARMUP            = 2 single-copy warm-ups (the first primes the cache)
  BATCH_SIZES       = 1 2 4 8 16  x RUNS=1 measured batches each
  WORKERS           = (planner default)
  STATEMENT_TIMEOUT = 60
  THERMAL_EQUALISE  = gate (T_LO=55 T_HI=60 preheat<=60s cooldown<=120s)
  sensors           = pkg:/sys/class/hwmon/hwmon8/temp1_input cores:4 cpufreq:8 throttle:8/8
  SIGLESS_ADDR      = (disabled)
Found 1 query under queries/tpch/sqlstorm_slope/reference/6127.sql

[1/1] queries/tpch/sqlstorm_slope/reference/6127.sql (2 warmup + step-up 1 2 4 8 16 x1)
  thermal gate: pre-heated 5s -> 60.0 C
  warmup 1/2: 8.072154 sec (cache prime)
  warmup 2/2: 7.117928 sec
  N=1   batch 1/1: 6.980208 sec, 1 copy (server sum 6921.691 ms)
  N=2   batch 1/1: 13.746571 sec, 2 copies (server sum 13671.896 ms)
  N=4   batch 1/1: 27.494424 sec, 4 copies (server sum 27428.784 ms)
  N=8   batch 1/1: 56.145968 sec, 8 copies (server sum 56070.811 ms)
  N=16  batch 1/1: 110.224998 sec, 16 copies (server sum 110131.657 ms)
  done: 5 sizes x 1 run (0 failures)

Done. Batch rows appended to logs/slope_sample/warm_stepup/reference_20260921T230207Z/query_timing_tpch_idx.csv
Per-copy samples appended to logs/slope_sample/warm_stepup/reference_20260921T230207Z/query_samples_tpch_idx.csv
Last batch ended at epoch 1790045541.282 (PREV_END_EPOCH for the next invocation)
===== [89/280] queries/tpch/sqlstorm_slope/reference/9307.sql run_id=419CF06704395949 =====
query_runner configuration:
  QUERY_DIR         = queries/tpch/sqlstorm_slope/reference/9307.sql
  LOGS_DIR          = logs/slope_sample/warm_stepup/reference_20260921T230207Z  (query_timing_/query_samples_/query_catalog_tpch_idx.csv)
  DB_NAME / DB_USER = tpch_idx / postgres
  PGPORT            = 5434  (server reports 18.4)
  RUN_ID            = 419CF06704395949
  WARMUP            = 2 single-copy warm-ups (the first primes the cache)
  BATCH_SIZES       = 1 2 4 8 16  x RUNS=1 measured batches each
  WORKERS           = (planner default)
  STATEMENT_TIMEOUT = 60
  THERMAL_EQUALISE  = gate (T_LO=55 T_HI=60 preheat<=60s cooldown<=120s)
  sensors           = pkg:/sys/class/hwmon/hwmon8/temp1_input cores:4 cpufreq:8 throttle:8/8
  SIGLESS_ADDR      = (disabled)
Found 1 query under queries/tpch/sqlstorm_slope/reference/9307.sql

[1/1] queries/tpch/sqlstorm_slope/reference/9307.sql (2 warmup + step-up 1 2 4 8 16 x1)
  thermal gate: waited 2s -> 59.0 C
  warmup 1/2: 16.252539 sec (cache prime)
  warmup 2/2: 13.459386 sec
  N=1   batch 1/1: 13.433526 sec, 1 copy (server sum 13373.410 ms)
  N=2   batch 1/1: 26.663787 sec, 2 copies (server sum 26559.226 ms)
  N=4   batch 1/1: 52.910374 sec, 4 copies (server sum 52800.066 ms)
  N=8   batch 1/1: 105.580665 sec, 8 copies (server sum 105496.226 ms)
  N=16  batch 1/1: 211.402973 sec, 16 copies (server sum 211294.711 ms)
  done: 5 sizes x 1 run (0 failures)

Done. Batch rows appended to logs/slope_sample/warm_stepup/reference_20260921T230207Z/query_timing_tpch_idx.csv
Per-copy samples appended to logs/slope_sample/warm_stepup/reference_20260921T230207Z/query_samples_tpch_idx.csv
Last batch ended at epoch 1790045987.656 (PREV_END_EPOCH for the next invocation)
===== [90/280] queries/tpch/sqlstorm_slope/reference/8865.sql run_id=890D5D33323F3B1C =====
query_runner configuration:
  QUERY_DIR         = queries/tpch/sqlstorm_slope/reference/8865.sql
  LOGS_DIR          = logs/slope_sample/warm_stepup/reference_20260921T230207Z  (query_timing_/query_samples_/query_catalog_tpch_idx.csv)
  DB_NAME / DB_USER = tpch_idx / postgres
  PGPORT            = 5434  (server reports 18.4)
  RUN_ID            = 890D5D33323F3B1C
  WARMUP            = 2 single-copy warm-ups (the first primes the cache)
  BATCH_SIZES       = 1 2 4 8 16  x RUNS=1 measured batches each
  WORKERS           = (planner default)
  STATEMENT_TIMEOUT = 60
  THERMAL_EQUALISE  = gate (T_LO=55 T_HI=60 preheat<=60s cooldown<=120s)
  sensors           = pkg:/sys/class/hwmon/hwmon8/temp1_input cores:4 cpufreq:8 throttle:8/8
  SIGLESS_ADDR      = (disabled)
Found 1 query under queries/tpch/sqlstorm_slope/reference/8865.sql

[1/1] queries/tpch/sqlstorm_slope/reference/8865.sql (2 warmup + step-up 1 2 4 8 16 x1)
  thermal gate: pre-heated 5s -> 58.0 C
  warmup 1/2: 8.839069 sec (cache prime)
  warmup 2/2: 8.203098 sec
  N=1   batch 1/1: 8.222213 sec, 1 copy (server sum 8135.049 ms)
  N=2   batch 1/1: 16.293446 sec, 2 copies (server sum 16229.596 ms)
  N=4   batch 1/1: 32.439287 sec, 4 copies (server sum 32364.468 ms)
  N=8   batch 1/1: 64.833904 sec, 8 copies (server sum 64752.023 ms)
  N=16  batch 1/1: 129.354569 sec, 16 copies (server sum 129240.730 ms)
  done: 5 sizes x 1 run (0 failures)

Done. Batch rows appended to logs/slope_sample/warm_stepup/reference_20260921T230207Z/query_timing_tpch_idx.csv
Per-copy samples appended to logs/slope_sample/warm_stepup/reference_20260921T230207Z/query_samples_tpch_idx.csv
Last batch ended at epoch 1790046265.823 (PREV_END_EPOCH for the next invocation)
===== [91/280] queries/tpch/sqlstorm_slope/reference/32103.sql run_id=2A918514B4CF82C7 =====
query_runner configuration:
  QUERY_DIR         = queries/tpch/sqlstorm_slope/reference/32103.sql
  LOGS_DIR          = logs/slope_sample/warm_stepup/reference_20260921T230207Z  (query_timing_/query_samples_/query_catalog_tpch_idx.csv)
  DB_NAME / DB_USER = tpch_idx / postgres
  PGPORT            = 5434  (server reports 18.4)
  RUN_ID            = 2A918514B4CF82C7
  WARMUP            = 2 single-copy warm-ups (the first primes the cache)
  BATCH_SIZES       = 1 2 4 8 16  x RUNS=1 measured batches each
  WORKERS           = (planner default)
  STATEMENT_TIMEOUT = 60
  THERMAL_EQUALISE  = gate (T_LO=55 T_HI=60 preheat<=60s cooldown<=120s)
  sensors           = pkg:/sys/class/hwmon/hwmon8/temp1_input cores:4 cpufreq:8 throttle:8/8
  SIGLESS_ADDR      = (disabled)
Found 1 query under queries/tpch/sqlstorm_slope/reference/32103.sql

[1/1] queries/tpch/sqlstorm_slope/reference/32103.sql (2 warmup + step-up 1 2 4 8 16 x1)
  thermal gate: pre-heated 5s -> 58.0 C
  warmup 1/2: 1.463347 sec (cache prime)
  warmup 2/2: 0.591473 sec
  N=1   batch 1/1: 0.632128 sec, 1 copy (server sum 532.488 ms)
  N=2   batch 1/1: 1.150622 sec, 2 copies (server sum 1034.874 ms)
  N=4   batch 1/1: 2.109676 sec, 4 copies (server sum 2035.848 ms)
  N=8   batch 1/1: 4.203949 sec, 8 copies (server sum 4068.929 ms)
  N=16  batch 1/1: 8.254841 sec, 16 copies (server sum 8085.373 ms)
  done: 5 sizes x 1 run (0 failures)

Done. Batch rows appended to logs/slope_sample/warm_stepup/reference_20260921T230207Z/query_timing_tpch_idx.csv
Per-copy samples appended to logs/slope_sample/warm_stepup/reference_20260921T230207Z/query_samples_tpch_idx.csv
Last batch ended at epoch 1790046293.497 (PREV_END_EPOCH for the next invocation)
===== [92/280] queries/tpch/sqlstorm_slope/reference/10538.sql run_id=04CC829F8BA75533 =====
query_runner configuration:
  QUERY_DIR         = queries/tpch/sqlstorm_slope/reference/10538.sql
  LOGS_DIR          = logs/slope_sample/warm_stepup/reference_20260921T230207Z  (query_timing_/query_samples_/query_catalog_tpch_idx.csv)
  DB_NAME / DB_USER = tpch_idx / postgres
  PGPORT            = 5434  (server reports 18.4)
  RUN_ID            = 04CC829F8BA75533
  WARMUP            = 2 single-copy warm-ups (the first primes the cache)
  BATCH_SIZES       = 1 2 4 8 16  x RUNS=1 measured batches each
  WORKERS           = (planner default)
  STATEMENT_TIMEOUT = 60
  THERMAL_EQUALISE  = gate (T_LO=55 T_HI=60 preheat<=60s cooldown<=120s)
  sensors           = pkg:/sys/class/hwmon/hwmon8/temp1_input cores:4 cpufreq:8 throttle:8/8
  SIGLESS_ADDR      = (disabled)
Found 1 query under queries/tpch/sqlstorm_slope/reference/10538.sql

[1/1] queries/tpch/sqlstorm_slope/reference/10538.sql (2 warmup + step-up 1 2 4 8 16 x1)
  warmup 1/2: 0.376750 sec (cache prime)
  warmup 2/2: 0.169297 sec
  N=1   batch 1/1: 0.188019 sec, 1 copy (server sum 117.408 ms)
  N=2   batch 1/1: 0.315409 sec, 2 copies (server sum 224.429 ms)
  N=4   batch 1/1: 0.533962 sec, 4 copies (server sum 477.186 ms)
  N=8   batch 1/1: 0.974160 sec, 8 copies (server sum 912.926 ms)
  N=16  batch 1/1: 1.948712 sec, 16 copies (server sum 1884.395 ms)
  done: 5 sizes x 1 run (0 failures)

Done. Batch rows appended to logs/slope_sample/warm_stepup/reference_20260921T230207Z/query_timing_tpch_idx.csv
Per-copy samples appended to logs/slope_sample/warm_stepup/reference_20260921T230207Z/query_samples_tpch_idx.csv
Last batch ended at epoch 1790046302.204 (PREV_END_EPOCH for the next invocation)
===== [93/280] queries/tpch/sqlstorm_slope/reference/11767.sql run_id=6B6E7C0ECD19B0D5 =====
query_runner configuration:
  QUERY_DIR         = queries/tpch/sqlstorm_slope/reference/11767.sql
  LOGS_DIR          = logs/slope_sample/warm_stepup/reference_20260921T230207Z  (query_timing_/query_samples_/query_catalog_tpch_idx.csv)
  DB_NAME / DB_USER = tpch_idx / postgres
  PGPORT            = 5434  (server reports 18.4)
  RUN_ID            = 6B6E7C0ECD19B0D5
  WARMUP            = 2 single-copy warm-ups (the first primes the cache)
  BATCH_SIZES       = 1 2 4 8 16  x RUNS=1 measured batches each
  WORKERS           = (planner default)
  STATEMENT_TIMEOUT = 60
  THERMAL_EQUALISE  = gate (T_LO=55 T_HI=60 preheat<=60s cooldown<=120s)
  sensors           = pkg:/sys/class/hwmon/hwmon8/temp1_input cores:4 cpufreq:8 throttle:8/8
  SIGLESS_ADDR      = (disabled)
Found 1 query under queries/tpch/sqlstorm_slope/reference/11767.sql

[1/1] queries/tpch/sqlstorm_slope/reference/11767.sql (2 warmup + step-up 1 2 4 8 16 x1)
  warmup 1/2: 1.545721 sec (cache prime)
  warmup 2/2: 0.737624 sec
  N=1   batch 1/1: 0.736907 sec, 1 copy (server sum 678.884 ms)
  N=2   batch 1/1: 1.385276 sec, 2 copies (server sum 1324.832 ms)
  N=4   batch 1/1: 2.711952 sec, 4 copies (server sum 2618.490 ms)
  N=8   batch 1/1: 5.290166 sec, 8 copies (server sum 5216.469 ms)
  N=16  batch 1/1: 10.458184 sec, 16 copies (server sum 10368.155 ms)
  done: 5 sizes x 1 run (0 failures)

Done. Batch rows appended to logs/slope_sample/warm_stepup/reference_20260921T230207Z/query_timing_tpch_idx.csv
Per-copy samples appended to logs/slope_sample/warm_stepup/reference_20260921T230207Z/query_samples_tpch_idx.csv
Last batch ended at epoch 1790046329.026 (PREV_END_EPOCH for the next invocation)
===== [94/280] queries/tpch/sqlstorm_slope/reference/27574.sql run_id=7E423542DD51AA90 =====
query_runner configuration:
  QUERY_DIR         = queries/tpch/sqlstorm_slope/reference/27574.sql
  LOGS_DIR          = logs/slope_sample/warm_stepup/reference_20260921T230207Z  (query_timing_/query_samples_/query_catalog_tpch_idx.csv)
  DB_NAME / DB_USER = tpch_idx / postgres
  PGPORT            = 5434  (server reports 18.4)
  RUN_ID            = 7E423542DD51AA90
  WARMUP            = 2 single-copy warm-ups (the first primes the cache)
  BATCH_SIZES       = 1 2 4 8 16  x RUNS=1 measured batches each
  WORKERS           = (planner default)
  STATEMENT_TIMEOUT = 60
  THERMAL_EQUALISE  = gate (T_LO=55 T_HI=60 preheat<=60s cooldown<=120s)
  sensors           = pkg:/sys/class/hwmon/hwmon8/temp1_input cores:4 cpufreq:8 throttle:8/8
  SIGLESS_ADDR      = (disabled)
Found 1 query under queries/tpch/sqlstorm_slope/reference/27574.sql

[1/1] queries/tpch/sqlstorm_slope/reference/27574.sql (2 warmup + step-up 1 2 4 8 16 x1)
  warmup 1/2: 13.453633 sec (cache prime)
  warmup 2/2: 11.642591 sec
  N=1   batch 1/1: 11.594760 sec, 1 copy (server sum 11533.862 ms)
  N=2   batch 1/1: 23.252681 sec, 2 copies (server sum 23168.811 ms)
  N=4   batch 1/1: 46.772917 sec, 4 copies (server sum 46701.145 ms)
  N=8   batch 1/1: 93.563960 sec, 8 copies (server sum 93475.805 ms)
  N=16  batch 1/1: 186.258717 sec, 16 copies (server sum 186142.726 ms)
  done: 5 sizes x 1 run (0 failures)

Done. Batch rows appended to logs/slope_sample/warm_stepup/reference_20260921T230207Z/query_timing_tpch_idx.csv
Per-copy samples appended to logs/slope_sample/warm_stepup/reference_20260921T230207Z/query_samples_tpch_idx.csv
Last batch ended at epoch 1790046720.360 (PREV_END_EPOCH for the next invocation)
===== [95/280] queries/tpch/sqlstorm_slope/reference/6127.sql run_id=D170C2CC1057E0E5 =====
query_runner configuration:
  QUERY_DIR         = queries/tpch/sqlstorm_slope/reference/6127.sql
  LOGS_DIR          = logs/slope_sample/warm_stepup/reference_20260921T230207Z  (query_timing_/query_samples_/query_catalog_tpch_idx.csv)
  DB_NAME / DB_USER = tpch_idx / postgres
  PGPORT            = 5434  (server reports 18.4)
  RUN_ID            = D170C2CC1057E0E5
  WARMUP            = 2 single-copy warm-ups (the first primes the cache)
  BATCH_SIZES       = 1 2 4 8 16  x RUNS=1 measured batches each
  WORKERS           = (planner default)
  STATEMENT_TIMEOUT = 60
  THERMAL_EQUALISE  = gate (T_LO=55 T_HI=60 preheat<=60s cooldown<=120s)
  sensors           = pkg:/sys/class/hwmon/hwmon8/temp1_input cores:4 cpufreq:8 throttle:8/8
  SIGLESS_ADDR      = (disabled)
Found 1 query under queries/tpch/sqlstorm_slope/reference/6127.sql

[1/1] queries/tpch/sqlstorm_slope/reference/6127.sql (2 warmup + step-up 1 2 4 8 16 x1)
  warmup 1/2: 8.592519 sec (cache prime)
  warmup 2/2: 6.947388 sec
  N=1   batch 1/1: 7.045530 sec, 1 copy (server sum 6986.767 ms)
  N=2   batch 1/1: 14.368302 sec, 2 copies (server sum 14307.024 ms)
  N=4   batch 1/1: 27.864410 sec, 4 copies (server sum 27798.618 ms)
  N=8   batch 1/1: 55.342043 sec, 8 copies (server sum 55266.821 ms)
  N=16  batch 1/1: 109.951649 sec, 16 copies (server sum 109858.835 ms)
  done: 5 sizes x 1 run (0 failures)

Done. Batch rows appended to logs/slope_sample/warm_stepup/reference_20260921T230207Z/query_timing_tpch_idx.csv
Per-copy samples appended to logs/slope_sample/warm_stepup/reference_20260921T230207Z/query_samples_tpch_idx.csv
Last batch ended at epoch 1790046955.213 (PREV_END_EPOCH for the next invocation)
===== [96/280] queries/tpch/sqlstorm_slope/reference/10538.sql run_id=7163835A811861DC =====
query_runner configuration:
  QUERY_DIR         = queries/tpch/sqlstorm_slope/reference/10538.sql
  LOGS_DIR          = logs/slope_sample/warm_stepup/reference_20260921T230207Z  (query_timing_/query_samples_/query_catalog_tpch_idx.csv)
  DB_NAME / DB_USER = tpch_idx / postgres
  PGPORT            = 5434  (server reports 18.4)
  RUN_ID            = 7163835A811861DC
  WARMUP            = 2 single-copy warm-ups (the first primes the cache)
  BATCH_SIZES       = 1 2 4 8 16  x RUNS=1 measured batches each
  WORKERS           = (planner default)
  STATEMENT_TIMEOUT = 60
  THERMAL_EQUALISE  = gate (T_LO=55 T_HI=60 preheat<=60s cooldown<=120s)
  sensors           = pkg:/sys/class/hwmon/hwmon8/temp1_input cores:4 cpufreq:8 throttle:8/8
  SIGLESS_ADDR      = (disabled)
Found 1 query under queries/tpch/sqlstorm_slope/reference/10538.sql

[1/1] queries/tpch/sqlstorm_slope/reference/10538.sql (2 warmup + step-up 1 2 4 8 16 x1)
  thermal gate: waited 4s -> 59.0 C
  warmup 1/2: 0.351743 sec (cache prime)
  warmup 2/2: 0.170476 sec
  N=1   batch 1/1: 0.193889 sec, 1 copy (server sum 121.438 ms)
  N=2   batch 1/1: 0.327024 sec, 2 copies (server sum 230.162 ms)
  N=4   batch 1/1: 0.525509 sec, 4 copies (server sum 469.133 ms)
  N=8   batch 1/1: 0.991230 sec, 8 copies (server sum 932.524 ms)
  N=16  batch 1/1: 1.945484 sec, 16 copies (server sum 1844.630 ms)
  done: 5 sizes x 1 run (0 failures)

Done. Batch rows appended to logs/slope_sample/warm_stepup/reference_20260921T230207Z/query_timing_tpch_idx.csv
Per-copy samples appended to logs/slope_sample/warm_stepup/reference_20260921T230207Z/query_samples_tpch_idx.csv
Last batch ended at epoch 1790046967.868 (PREV_END_EPOCH for the next invocation)
===== [97/280] queries/tpch/sqlstorm_slope/reference/7925.sql run_id=4ABD3BF5B50C2354 =====
query_runner configuration:
  QUERY_DIR         = queries/tpch/sqlstorm_slope/reference/7925.sql
  LOGS_DIR          = logs/slope_sample/warm_stepup/reference_20260921T230207Z  (query_timing_/query_samples_/query_catalog_tpch_idx.csv)
  DB_NAME / DB_USER = tpch_idx / postgres
  PGPORT            = 5434  (server reports 18.4)
  RUN_ID            = 4ABD3BF5B50C2354
  WARMUP            = 2 single-copy warm-ups (the first primes the cache)
  BATCH_SIZES       = 1 2 4 8 16  x RUNS=1 measured batches each
  WORKERS           = (planner default)
  STATEMENT_TIMEOUT = 60
  THERMAL_EQUALISE  = gate (T_LO=55 T_HI=60 preheat<=60s cooldown<=120s)
  sensors           = pkg:/sys/class/hwmon/hwmon8/temp1_input cores:4 cpufreq:8 throttle:8/8
  SIGLESS_ADDR      = (disabled)
Found 1 query under queries/tpch/sqlstorm_slope/reference/7925.sql

[1/1] queries/tpch/sqlstorm_slope/reference/7925.sql (2 warmup + step-up 1 2 4 8 16 x1)
  thermal gate: waited 2s -> 58.0 C
  warmup 1/2: 7.923853 sec (cache prime)
  warmup 2/2: 6.517245 sec
  N=1   batch 1/1: 6.520439 sec, 1 copy (server sum 6460.248 ms)
  N=2   batch 1/1: 12.939097 sec, 2 copies (server sum 12874.473 ms)
  N=4   batch 1/1: 25.808730 sec, 4 copies (server sum 25737.613 ms)
  N=8   batch 1/1: 51.638991 sec, 8 copies (server sum 51550.514 ms)
  N=16  batch 1/1: 103.177246 sec, 16 copies (server sum 103063.870 ms)
  done: 5 sizes x 1 run (0 failures)

Done. Batch rows appended to logs/slope_sample/warm_stepup/reference_20260921T230207Z/query_timing_tpch_idx.csv
Per-copy samples appended to logs/slope_sample/warm_stepup/reference_20260921T230207Z/query_samples_tpch_idx.csv
Last batch ended at epoch 1790047188.329 (PREV_END_EPOCH for the next invocation)
===== [98/280] queries/tpch/sqlstorm_slope/reference/29659.sql run_id=E5AE839D41DA67AF =====
query_runner configuration:
  QUERY_DIR         = queries/tpch/sqlstorm_slope/reference/29659.sql
  LOGS_DIR          = logs/slope_sample/warm_stepup/reference_20260921T230207Z  (query_timing_/query_samples_/query_catalog_tpch_idx.csv)
  DB_NAME / DB_USER = tpch_idx / postgres
  PGPORT            = 5434  (server reports 18.4)
  RUN_ID            = E5AE839D41DA67AF
  WARMUP            = 2 single-copy warm-ups (the first primes the cache)
  BATCH_SIZES       = 1 2 4 8 16  x RUNS=1 measured batches each
  WORKERS           = (planner default)
  STATEMENT_TIMEOUT = 60
  THERMAL_EQUALISE  = gate (T_LO=55 T_HI=60 preheat<=60s cooldown<=120s)
  sensors           = pkg:/sys/class/hwmon/hwmon8/temp1_input cores:4 cpufreq:8 throttle:8/8
  SIGLESS_ADDR      = (disabled)
Found 1 query under queries/tpch/sqlstorm_slope/reference/29659.sql

[1/1] queries/tpch/sqlstorm_slope/reference/29659.sql (2 warmup + step-up 1 2 4 8 16 x1)
  thermal gate: waited 10s -> 59.0 C
  warmup 1/2: 3.597784 sec (cache prime)
  warmup 2/2: 2.507877 sec
  N=1   batch 1/1: 2.472885 sec, 1 copy (server sum 2413.088 ms)
  N=2   batch 1/1: 4.875818 sec, 2 copies (server sum 4812.814 ms)
  N=4   batch 1/1: 9.612967 sec, 4 copies (server sum 9543.443 ms)
  N=8   batch 1/1: 19.277802 sec, 8 copies (server sum 19154.964 ms)
  N=16  batch 1/1: 38.288617 sec, 16 copies (server sum 38179.977 ms)
  done: 5 sizes x 1 run (0 failures)

Done. Batch rows appended to logs/slope_sample/warm_stepup/reference_20260921T230207Z/query_timing_tpch_idx.csv
Per-copy samples appended to logs/slope_sample/warm_stepup/reference_20260921T230207Z/query_samples_tpch_idx.csv
Last batch ended at epoch 1790047283.374 (PREV_END_EPOCH for the next invocation)
===== [99/280] queries/tpch/sqlstorm_slope/reference/1022.sql run_id=EC99CD990E3CF892 =====
query_runner configuration:
  QUERY_DIR         = queries/tpch/sqlstorm_slope/reference/1022.sql
  LOGS_DIR          = logs/slope_sample/warm_stepup/reference_20260921T230207Z  (query_timing_/query_samples_/query_catalog_tpch_idx.csv)
  DB_NAME / DB_USER = tpch_idx / postgres
  PGPORT            = 5434  (server reports 18.4)
  RUN_ID            = EC99CD990E3CF892
  WARMUP            = 2 single-copy warm-ups (the first primes the cache)
  BATCH_SIZES       = 1 2 4 8 16  x RUNS=1 measured batches each
  WORKERS           = (planner default)
  STATEMENT_TIMEOUT = 60
  THERMAL_EQUALISE  = gate (T_LO=55 T_HI=60 preheat<=60s cooldown<=120s)
  sensors           = pkg:/sys/class/hwmon/hwmon8/temp1_input cores:4 cpufreq:8 throttle:8/8
  SIGLESS_ADDR      = (disabled)
Found 1 query under queries/tpch/sqlstorm_slope/reference/1022.sql

[1/1] queries/tpch/sqlstorm_slope/reference/1022.sql (2 warmup + step-up 1 2 4 8 16 x1)
  thermal gate: waited 2s -> 59.0 C
  warmup 1/2: 4.675998 sec (cache prime)
  warmup 2/2: 3.421523 sec
  N=1   batch 1/1: 3.373414 sec, 1 copy (server sum 3314.745 ms)
  N=2   batch 1/1: 6.596501 sec, 2 copies (server sum 6523.857 ms)
  N=4   batch 1/1: 13.035687 sec, 4 copies (server sum 12967.589 ms)
  N=8   batch 1/1: 25.860486 sec, 8 copies (server sum 25766.479 ms)
  N=16  batch 1/1: 51.652171 sec, 16 copies (server sum 51491.694 ms)
  done: 5 sizes x 1 run (0 failures)

Done. Batch rows appended to logs/slope_sample/warm_stepup/reference_20260921T230207Z/query_timing_tpch_idx.csv
Per-copy samples appended to logs/slope_sample/warm_stepup/reference_20260921T230207Z/query_samples_tpch_idx.csv
Last batch ended at epoch 1790047398.618 (PREV_END_EPOCH for the next invocation)
===== [100/280] queries/tpch/sqlstorm_slope/reference/28614.sql run_id=62A3918299DF6834 =====
query_runner configuration:
  QUERY_DIR         = queries/tpch/sqlstorm_slope/reference/28614.sql
  LOGS_DIR          = logs/slope_sample/warm_stepup/reference_20260921T230207Z  (query_timing_/query_samples_/query_catalog_tpch_idx.csv)
  DB_NAME / DB_USER = tpch_idx / postgres
  PGPORT            = 5434  (server reports 18.4)
  RUN_ID            = 62A3918299DF6834
  WARMUP            = 2 single-copy warm-ups (the first primes the cache)
  BATCH_SIZES       = 1 2 4 8 16  x RUNS=1 measured batches each
  WORKERS           = (planner default)
  STATEMENT_TIMEOUT = 60
  THERMAL_EQUALISE  = gate (T_LO=55 T_HI=60 preheat<=60s cooldown<=120s)
  sensors           = pkg:/sys/class/hwmon/hwmon8/temp1_input cores:4 cpufreq:8 throttle:8/8
  SIGLESS_ADDR      = (disabled)
Found 1 query under queries/tpch/sqlstorm_slope/reference/28614.sql

[1/1] queries/tpch/sqlstorm_slope/reference/28614.sql (2 warmup + step-up 1 2 4 8 16 x1)
  thermal gate: pre-heated 5s -> 62.0 C
  warmup 1/2: 0.243012 sec (cache prime)
  warmup 2/2: 0.078958 sec
  N=1   batch 1/1: 0.078520 sec, 1 copy (server sum 17.125 ms)
  N=2   batch 1/1: 0.099312 sec, 2 copies (server sum 33.975 ms)
  N=4   batch 1/1: 0.138294 sec, 4 copies (server sum 64.678 ms)
  N=8   batch 1/1: 0.217979 sec, 8 copies (server sum 126.413 ms)
  N=16  batch 1/1: 0.374608 sec, 16 copies (server sum 250.392 ms)
  done: 5 sizes x 1 run (0 failures)

Done. Batch rows appended to logs/slope_sample/warm_stepup/reference_20260921T230207Z/query_timing_tpch_idx.csv
Per-copy samples appended to logs/slope_sample/warm_stepup/reference_20260921T230207Z/query_samples_tpch_idx.csv
Last batch ended at epoch 1790047409.535 (PREV_END_EPOCH for the next invocation)
===== [101/280] queries/tpch/sqlstorm_slope/reference/10538.sql run_id=02AE15810E846DEF =====
query_runner configuration:
  QUERY_DIR         = queries/tpch/sqlstorm_slope/reference/10538.sql
  LOGS_DIR          = logs/slope_sample/warm_stepup/reference_20260921T230207Z  (query_timing_/query_samples_/query_catalog_tpch_idx.csv)
  DB_NAME / DB_USER = tpch_idx / postgres
  PGPORT            = 5434  (server reports 18.4)
  RUN_ID            = 02AE15810E846DEF
  WARMUP            = 2 single-copy warm-ups (the first primes the cache)
  BATCH_SIZES       = 1 2 4 8 16  x RUNS=1 measured batches each
  WORKERS           = (planner default)
  STATEMENT_TIMEOUT = 60
  THERMAL_EQUALISE  = gate (T_LO=55 T_HI=60 preheat<=60s cooldown<=120s)
  sensors           = pkg:/sys/class/hwmon/hwmon8/temp1_input cores:4 cpufreq:8 throttle:8/8
  SIGLESS_ADDR      = (disabled)
Found 1 query under queries/tpch/sqlstorm_slope/reference/10538.sql

[1/1] queries/tpch/sqlstorm_slope/reference/10538.sql (2 warmup + step-up 1 2 4 8 16 x1)
  warmup 1/2: 0.368765 sec (cache prime)
  warmup 2/2: 0.168645 sec
  N=1   batch 1/1: 0.186300 sec, 1 copy (server sum 114.983 ms)
  N=2   batch 1/1: 0.316380 sec, 2 copies (server sum 226.985 ms)
  N=4   batch 1/1: 0.511780 sec, 4 copies (server sum 455.008 ms)
  N=8   batch 1/1: 0.989251 sec, 8 copies (server sum 929.785 ms)
  N=16  batch 1/1: 1.975434 sec, 16 copies (server sum 1911.737 ms)
  done: 5 sizes x 1 run (0 failures)

Done. Batch rows appended to logs/slope_sample/warm_stepup/reference_20260921T230207Z/query_timing_tpch_idx.csv
Per-copy samples appended to logs/slope_sample/warm_stepup/reference_20260921T230207Z/query_samples_tpch_idx.csv
Last batch ended at epoch 1790047417.765 (PREV_END_EPOCH for the next invocation)
===== [102/280] queries/tpch/sqlstorm_slope/reference/26382.sql run_id=F739F6712B547E31 =====
query_runner configuration:
  QUERY_DIR         = queries/tpch/sqlstorm_slope/reference/26382.sql
  LOGS_DIR          = logs/slope_sample/warm_stepup/reference_20260921T230207Z  (query_timing_/query_samples_/query_catalog_tpch_idx.csv)
  DB_NAME / DB_USER = tpch_idx / postgres
  PGPORT            = 5434  (server reports 18.4)
  RUN_ID            = F739F6712B547E31
  WARMUP            = 2 single-copy warm-ups (the first primes the cache)
  BATCH_SIZES       = 1 2 4 8 16  x RUNS=1 measured batches each
  WORKERS           = (planner default)
  STATEMENT_TIMEOUT = 60
  THERMAL_EQUALISE  = gate (T_LO=55 T_HI=60 preheat<=60s cooldown<=120s)
  sensors           = pkg:/sys/class/hwmon/hwmon8/temp1_input cores:4 cpufreq:8 throttle:8/8
  SIGLESS_ADDR      = (disabled)
Found 1 query under queries/tpch/sqlstorm_slope/reference/26382.sql

[1/1] queries/tpch/sqlstorm_slope/reference/26382.sql (2 warmup + step-up 1 2 4 8 16 x1)
  warmup 1/2: 0.348126 sec (cache prime)
  warmup 2/2: 0.117804 sec
  N=1   batch 1/1: 0.115680 sec, 1 copy (server sum 58.458 ms)
  N=2   batch 1/1: 0.175728 sec, 2 copies (server sum 116.960 ms)
  N=4   batch 1/1: 0.315122 sec, 4 copies (server sum 230.436 ms)
  N=8   batch 1/1: 0.537719 sec, 8 copies (server sum 468.461 ms)
  N=16  batch 1/1: 1.011026 sec, 16 copies (server sum 928.601 ms)
  done: 5 sizes x 1 run (0 failures)

Done. Batch rows appended to logs/slope_sample/warm_stepup/reference_20260921T230207Z/query_timing_tpch_idx.csv
Per-copy samples appended to logs/slope_sample/warm_stepup/reference_20260921T230207Z/query_samples_tpch_idx.csv
Last batch ended at epoch 1790047424.363 (PREV_END_EPOCH for the next invocation)
===== [103/280] queries/tpch/sqlstorm_slope/reference/8865.sql run_id=117A878F320993ED =====
query_runner configuration:
  QUERY_DIR         = queries/tpch/sqlstorm_slope/reference/8865.sql
  LOGS_DIR          = logs/slope_sample/warm_stepup/reference_20260921T230207Z  (query_timing_/query_samples_/query_catalog_tpch_idx.csv)
  DB_NAME / DB_USER = tpch_idx / postgres
  PGPORT            = 5434  (server reports 18.4)
  RUN_ID            = 117A878F320993ED
  WARMUP            = 2 single-copy warm-ups (the first primes the cache)
  BATCH_SIZES       = 1 2 4 8 16  x RUNS=1 measured batches each
  WORKERS           = (planner default)
  STATEMENT_TIMEOUT = 60
  THERMAL_EQUALISE  = gate (T_LO=55 T_HI=60 preheat<=60s cooldown<=120s)
  sensors           = pkg:/sys/class/hwmon/hwmon8/temp1_input cores:4 cpufreq:8 throttle:8/8
  SIGLESS_ADDR      = (disabled)
Found 1 query under queries/tpch/sqlstorm_slope/reference/8865.sql

[1/1] queries/tpch/sqlstorm_slope/reference/8865.sql (2 warmup + step-up 1 2 4 8 16 x1)
  warmup 1/2: 8.788751 sec (cache prime)
  warmup 2/2: 8.209501 sec
  N=1   batch 1/1: 8.335868 sec, 1 copy (server sum 8241.996 ms)
  N=2   batch 1/1: 16.334906 sec, 2 copies (server sum 16274.662 ms)
  N=4   batch 1/1: 32.395340 sec, 4 copies (server sum 32325.433 ms)
  N=8   batch 1/1: 64.792316 sec, 8 copies (server sum 64707.968 ms)
  N=16  batch 1/1: 129.677265 sec, 16 copies (server sum 129564.338 ms)
  done: 5 sizes x 1 run (0 failures)

Done. Batch rows appended to logs/slope_sample/warm_stepup/reference_20260921T230207Z/query_timing_tpch_idx.csv
Per-copy samples appended to logs/slope_sample/warm_stepup/reference_20260921T230207Z/query_samples_tpch_idx.csv
Last batch ended at epoch 1790047696.922 (PREV_END_EPOCH for the next invocation)
===== [104/280] queries/tpch/sqlstorm_slope/reference/28614.sql run_id=2A466ED2FFE4B1CE =====
query_runner configuration:
  QUERY_DIR         = queries/tpch/sqlstorm_slope/reference/28614.sql
  LOGS_DIR          = logs/slope_sample/warm_stepup/reference_20260921T230207Z  (query_timing_/query_samples_/query_catalog_tpch_idx.csv)
  DB_NAME / DB_USER = tpch_idx / postgres
  PGPORT            = 5434  (server reports 18.4)
  RUN_ID            = 2A466ED2FFE4B1CE
  WARMUP            = 2 single-copy warm-ups (the first primes the cache)
  BATCH_SIZES       = 1 2 4 8 16  x RUNS=1 measured batches each
  WORKERS           = (planner default)
  STATEMENT_TIMEOUT = 60
  THERMAL_EQUALISE  = gate (T_LO=55 T_HI=60 preheat<=60s cooldown<=120s)
  sensors           = pkg:/sys/class/hwmon/hwmon8/temp1_input cores:4 cpufreq:8 throttle:8/8
  SIGLESS_ADDR      = (disabled)
Found 1 query under queries/tpch/sqlstorm_slope/reference/28614.sql

[1/1] queries/tpch/sqlstorm_slope/reference/28614.sql (2 warmup + step-up 1 2 4 8 16 x1)
  thermal gate: pre-heated 5s -> 60.0 C
  warmup 1/2: 0.242760 sec (cache prime)
  warmup 2/2: 0.079345 sec
  N=1   batch 1/1: 0.079356 sec, 1 copy (server sum 18.142 ms)
  N=2   batch 1/1: 0.099842 sec, 2 copies (server sum 34.134 ms)
  N=4   batch 1/1: 0.138329 sec, 4 copies (server sum 64.070 ms)
  N=8   batch 1/1: 0.219408 sec, 8 copies (server sum 128.431 ms)
  N=16  batch 1/1: 0.381453 sec, 16 copies (server sum 257.590 ms)
  done: 5 sizes x 1 run (0 failures)

Done. Batch rows appended to logs/slope_sample/warm_stepup/reference_20260921T230207Z/query_timing_tpch_idx.csv
Per-copy samples appended to logs/slope_sample/warm_stepup/reference_20260921T230207Z/query_samples_tpch_idx.csv
Last batch ended at epoch 1790047707.407 (PREV_END_EPOCH for the next invocation)
===== [105/280] queries/tpch/sqlstorm_slope/reference/9307.sql run_id=CAA21010FF7EDCED =====
query_runner configuration:
  QUERY_DIR         = queries/tpch/sqlstorm_slope/reference/9307.sql
  LOGS_DIR          = logs/slope_sample/warm_stepup/reference_20260921T230207Z  (query_timing_/query_samples_/query_catalog_tpch_idx.csv)
  DB_NAME / DB_USER = tpch_idx / postgres
  PGPORT            = 5434  (server reports 18.4)
  RUN_ID            = CAA21010FF7EDCED
  WARMUP            = 2 single-copy warm-ups (the first primes the cache)
  BATCH_SIZES       = 1 2 4 8 16  x RUNS=1 measured batches each
  WORKERS           = (planner default)
  STATEMENT_TIMEOUT = 60
  THERMAL_EQUALISE  = gate (T_LO=55 T_HI=60 preheat<=60s cooldown<=120s)
  sensors           = pkg:/sys/class/hwmon/hwmon8/temp1_input cores:4 cpufreq:8 throttle:8/8
  SIGLESS_ADDR      = (disabled)
Found 1 query under queries/tpch/sqlstorm_slope/reference/9307.sql

[1/1] queries/tpch/sqlstorm_slope/reference/9307.sql (2 warmup + step-up 1 2 4 8 16 x1)
  thermal gate: pre-heated 5s -> 60.0 C
  warmup 1/2: 16.298877 sec (cache prime)
  warmup 2/2: 13.530209 sec
  N=1   batch 1/1: 13.569915 sec, 1 copy (server sum 13510.382 ms)
  N=2   batch 1/1: 26.835509 sec, 2 copies (server sum 26775.608 ms)
  N=4   batch 1/1: 53.419682 sec, 4 copies (server sum 53348.644 ms)
  N=8   batch 1/1: 106.000496 sec, 8 copies (server sum 105929.730 ms)
  N=16  batch 1/1: 211.934475 sec, 16 copies (server sum 211848.649 ms)
  done: 5 sizes x 1 run (0 failures)

Done. Batch rows appended to logs/slope_sample/warm_stepup/reference_20260921T230207Z/query_timing_tpch_idx.csv
Per-copy samples appended to logs/slope_sample/warm_stepup/reference_20260921T230207Z/query_samples_tpch_idx.csv
Last batch ended at epoch 1790048158.134 (PREV_END_EPOCH for the next invocation)
===== [106/280] queries/tpch/sqlstorm_slope/reference/6127.sql run_id=534D531313F306B7 =====
query_runner configuration:
  QUERY_DIR         = queries/tpch/sqlstorm_slope/reference/6127.sql
  LOGS_DIR          = logs/slope_sample/warm_stepup/reference_20260921T230207Z  (query_timing_/query_samples_/query_catalog_tpch_idx.csv)
  DB_NAME / DB_USER = tpch_idx / postgres
  PGPORT            = 5434  (server reports 18.4)
  RUN_ID            = 534D531313F306B7
  WARMUP            = 2 single-copy warm-ups (the first primes the cache)
  BATCH_SIZES       = 1 2 4 8 16  x RUNS=1 measured batches each
  WORKERS           = (planner default)
  STATEMENT_TIMEOUT = 60
  THERMAL_EQUALISE  = gate (T_LO=55 T_HI=60 preheat<=60s cooldown<=120s)
  sensors           = pkg:/sys/class/hwmon/hwmon8/temp1_input cores:4 cpufreq:8 throttle:8/8
  SIGLESS_ADDR      = (disabled)
Found 1 query under queries/tpch/sqlstorm_slope/reference/6127.sql

[1/1] queries/tpch/sqlstorm_slope/reference/6127.sql (2 warmup + step-up 1 2 4 8 16 x1)
  thermal gate: pre-heated 5s -> 60.0 C
  warmup 1/2: 8.375149 sec (cache prime)
  warmup 2/2: 7.176054 sec
  N=1   batch 1/1: 7.234563 sec, 1 copy (server sum 7169.831 ms)
  N=2   batch 1/1: 13.718212 sec, 2 copies (server sum 13657.426 ms)
  N=4   batch 1/1: 27.686158 sec, 4 copies (server sum 27620.690 ms)
  N=8   batch 1/1: 55.721208 sec, 8 copies (server sum 55646.047 ms)
  N=16  batch 1/1: 110.446942 sec, 16 copies (server sum 110351.570 ms)
  done: 5 sizes x 1 run (0 failures)

Done. Batch rows appended to logs/slope_sample/warm_stepup/reference_20260921T230207Z/query_timing_tpch_idx.csv
Per-copy samples appended to logs/slope_sample/warm_stepup/reference_20260921T230207Z/query_samples_tpch_idx.csv
Last batch ended at epoch 1790048398.293 (PREV_END_EPOCH for the next invocation)
===== [107/280] queries/tpch/sqlstorm_slope/reference/1022.sql run_id=BEC0FDF37988E0E5 =====
query_runner configuration:
  QUERY_DIR         = queries/tpch/sqlstorm_slope/reference/1022.sql
  LOGS_DIR          = logs/slope_sample/warm_stepup/reference_20260921T230207Z  (query_timing_/query_samples_/query_catalog_tpch_idx.csv)
  DB_NAME / DB_USER = tpch_idx / postgres
  PGPORT            = 5434  (server reports 18.4)
  RUN_ID            = BEC0FDF37988E0E5
  WARMUP            = 2 single-copy warm-ups (the first primes the cache)
  BATCH_SIZES       = 1 2 4 8 16  x RUNS=1 measured batches each
  WORKERS           = (planner default)
  STATEMENT_TIMEOUT = 60
  THERMAL_EQUALISE  = gate (T_LO=55 T_HI=60 preheat<=60s cooldown<=120s)
  sensors           = pkg:/sys/class/hwmon/hwmon8/temp1_input cores:4 cpufreq:8 throttle:8/8
  SIGLESS_ADDR      = (disabled)
Found 1 query under queries/tpch/sqlstorm_slope/reference/1022.sql

[1/1] queries/tpch/sqlstorm_slope/reference/1022.sql (2 warmup + step-up 1 2 4 8 16 x1)
  thermal gate: waited 2s -> 59.0 C
  warmup 1/2: 4.653064 sec (cache prime)
  warmup 2/2: 3.362735 sec
  N=1   batch 1/1: 3.374218 sec, 1 copy (server sum 3314.094 ms)
  N=2   batch 1/1: 6.622975 sec, 2 copies (server sum 6550.031 ms)
  N=4   batch 1/1: 13.110663 sec, 4 copies (server sum 13042.880 ms)
  N=8   batch 1/1: 25.982549 sec, 8 copies (server sum 25897.246 ms)
  N=16  batch 1/1: 51.907276 sec, 16 copies (server sum 51794.993 ms)
  done: 5 sizes x 1 run (0 failures)

Done. Batch rows appended to logs/slope_sample/warm_stepup/reference_20260921T230207Z/query_timing_tpch_idx.csv
Per-copy samples appended to logs/slope_sample/warm_stepup/reference_20260921T230207Z/query_samples_tpch_idx.csv
Last batch ended at epoch 1790048514.018 (PREV_END_EPOCH for the next invocation)
===== [108/280] queries/tpch/sqlstorm_slope/reference/14616.sql run_id=774C652377EAA1A4 =====
query_runner configuration:
  QUERY_DIR         = queries/tpch/sqlstorm_slope/reference/14616.sql
  LOGS_DIR          = logs/slope_sample/warm_stepup/reference_20260921T230207Z  (query_timing_/query_samples_/query_catalog_tpch_idx.csv)
  DB_NAME / DB_USER = tpch_idx / postgres
  PGPORT            = 5434  (server reports 18.4)
  RUN_ID            = 774C652377EAA1A4
  WARMUP            = 2 single-copy warm-ups (the first primes the cache)
  BATCH_SIZES       = 1 2 4 8 16  x RUNS=1 measured batches each
  WORKERS           = (planner default)
  STATEMENT_TIMEOUT = 60
  THERMAL_EQUALISE  = gate (T_LO=55 T_HI=60 preheat<=60s cooldown<=120s)
  sensors           = pkg:/sys/class/hwmon/hwmon8/temp1_input cores:4 cpufreq:8 throttle:8/8
  SIGLESS_ADDR      = (disabled)
Found 1 query under queries/tpch/sqlstorm_slope/reference/14616.sql

[1/1] queries/tpch/sqlstorm_slope/reference/14616.sql (2 warmup + step-up 1 2 4 8 16 x1)
  thermal gate: pre-heated 5s -> 60.0 C
  warmup 1/2: 0.126148 sec (cache prime)
  warmup 2/2: 0.068721 sec
  N=1   batch 1/1: 0.068663 sec, 1 copy (server sum 9.364 ms)
  N=2   batch 1/1: 0.080015 sec, 2 copies (server sum 18.024 ms)
  N=4   batch 1/1: 0.102826 sec, 4 copies (server sum 35.582 ms)
  N=8   batch 1/1: 0.148059 sec, 8 copies (server sum 69.917 ms)
  N=16  batch 1/1: 0.243172 sec, 16 copies (server sum 141.522 ms)
  done: 5 sizes x 1 run (0 failures)

Done. Batch rows appended to logs/slope_sample/warm_stepup/reference_20260921T230207Z/query_timing_tpch_idx.csv
Per-copy samples appended to logs/slope_sample/warm_stepup/reference_20260921T230207Z/query_samples_tpch_idx.csv
Last batch ended at epoch 1790048524.466 (PREV_END_EPOCH for the next invocation)
===== [109/280] queries/tpch/sqlstorm_slope/reference/10945.sql run_id=60D0CFBFE53B1DA1 =====
query_runner configuration:
  QUERY_DIR         = queries/tpch/sqlstorm_slope/reference/10945.sql
  LOGS_DIR          = logs/slope_sample/warm_stepup/reference_20260921T230207Z  (query_timing_/query_samples_/query_catalog_tpch_idx.csv)
  DB_NAME / DB_USER = tpch_idx / postgres
  PGPORT            = 5434  (server reports 18.4)
  RUN_ID            = 60D0CFBFE53B1DA1
  WARMUP            = 2 single-copy warm-ups (the first primes the cache)
  BATCH_SIZES       = 1 2 4 8 16  x RUNS=1 measured batches each
  WORKERS           = (planner default)
  STATEMENT_TIMEOUT = 60
  THERMAL_EQUALISE  = gate (T_LO=55 T_HI=60 preheat<=60s cooldown<=120s)
  sensors           = pkg:/sys/class/hwmon/hwmon8/temp1_input cores:4 cpufreq:8 throttle:8/8
  SIGLESS_ADDR      = (disabled)
Found 1 query under queries/tpch/sqlstorm_slope/reference/10945.sql

[1/1] queries/tpch/sqlstorm_slope/reference/10945.sql (2 warmup + step-up 1 2 4 8 16 x1)
  warmup 1/2: 0.326057 sec (cache prime)
  warmup 2/2: 0.101679 sec
  N=1   batch 1/1: 0.101621 sec, 1 copy (server sum 41.377 ms)
  N=2   batch 1/1: 0.143623 sec, 2 copies (server sum 80.346 ms)
  N=4   batch 1/1: 0.243114 sec, 4 copies (server sum 172.284 ms)
  N=8   batch 1/1: 0.409711 sec, 8 copies (server sum 323.193 ms)
  N=16  batch 1/1: 0.779029 sec, 16 copies (server sum 663.428 ms)
  done: 5 sizes x 1 run (0 failures)

Done. Batch rows appended to logs/slope_sample/warm_stepup/reference_20260921T230207Z/query_timing_tpch_idx.csv
Per-copy samples appended to logs/slope_sample/warm_stepup/reference_20260921T230207Z/query_samples_tpch_idx.csv
Last batch ended at epoch 1790048530.629 (PREV_END_EPOCH for the next invocation)
===== [110/280] queries/tpch/sqlstorm_slope/reference/27574.sql run_id=FA36A5C96D49A7A2 =====
query_runner configuration:
  QUERY_DIR         = queries/tpch/sqlstorm_slope/reference/27574.sql
  LOGS_DIR          = logs/slope_sample/warm_stepup/reference_20260921T230207Z  (query_timing_/query_samples_/query_catalog_tpch_idx.csv)
  DB_NAME / DB_USER = tpch_idx / postgres
  PGPORT            = 5434  (server reports 18.4)
  RUN_ID            = FA36A5C96D49A7A2
  WARMUP            = 2 single-copy warm-ups (the first primes the cache)
  BATCH_SIZES       = 1 2 4 8 16  x RUNS=1 measured batches each
  WORKERS           = (planner default)
  STATEMENT_TIMEOUT = 60
  THERMAL_EQUALISE  = gate (T_LO=55 T_HI=60 preheat<=60s cooldown<=120s)
  sensors           = pkg:/sys/class/hwmon/hwmon8/temp1_input cores:4 cpufreq:8 throttle:8/8
  SIGLESS_ADDR      = (disabled)
Found 1 query under queries/tpch/sqlstorm_slope/reference/27574.sql

[1/1] queries/tpch/sqlstorm_slope/reference/27574.sql (2 warmup + step-up 1 2 4 8 16 x1)
  thermal gate: pre-heated 5s -> 61.0 C
  warmup 1/2: 13.564175 sec (cache prime)
  warmup 2/2: 11.753578 sec
  N=1   batch 1/1: 11.754206 sec, 1 copy (server sum 11693.344 ms)
  N=2   batch 1/1: 23.541675 sec, 2 copies (server sum 23477.514 ms)
  N=4   batch 1/1: 47.128422 sec, 4 copies (server sum 47054.323 ms)
  N=8   batch 1/1: 94.556122 sec, 8 copies (server sum 94469.609 ms)
  N=16  batch 1/1: 187.807458 sec, 16 copies (server sum 187689.680 ms)
  done: 5 sizes x 1 run (0 failures)

Done. Batch rows appended to logs/slope_sample/warm_stepup/reference_20260921T230207Z/query_timing_tpch_idx.csv
Per-copy samples appended to logs/slope_sample/warm_stepup/reference_20260921T230207Z/query_samples_tpch_idx.csv
Last batch ended at epoch 1790048929.740 (PREV_END_EPOCH for the next invocation)
===== [111/280] queries/tpch/sqlstorm_slope/reference/2950.sql run_id=C62A551239C538DF =====
query_runner configuration:
  QUERY_DIR         = queries/tpch/sqlstorm_slope/reference/2950.sql
  LOGS_DIR          = logs/slope_sample/warm_stepup/reference_20260921T230207Z  (query_timing_/query_samples_/query_catalog_tpch_idx.csv)
  DB_NAME / DB_USER = tpch_idx / postgres
  PGPORT            = 5434  (server reports 18.4)
  RUN_ID            = C62A551239C538DF
  WARMUP            = 2 single-copy warm-ups (the first primes the cache)
  BATCH_SIZES       = 1 2 4 8 16  x RUNS=1 measured batches each
  WORKERS           = (planner default)
  STATEMENT_TIMEOUT = 60
  THERMAL_EQUALISE  = gate (T_LO=55 T_HI=60 preheat<=60s cooldown<=120s)
  sensors           = pkg:/sys/class/hwmon/hwmon8/temp1_input cores:4 cpufreq:8 throttle:8/8
  SIGLESS_ADDR      = (disabled)
Found 1 query under queries/tpch/sqlstorm_slope/reference/2950.sql

[1/1] queries/tpch/sqlstorm_slope/reference/2950.sql (2 warmup + step-up 1 2 4 8 16 x1)
  warmup 1/2: 14.215109 sec (cache prime)
  warmup 2/2: 12.584319 sec
  N=1   batch 1/1: 12.846606 sec, 1 copy (server sum 12784.910 ms)
  N=2   batch 1/1: 25.322268 sec, 2 copies (server sum 25261.358 ms)
  N=4   batch 1/1: 51.425356 sec, 4 copies (server sum 51359.414 ms)
  N=8   batch 1/1: 101.450409 sec, 8 copies (server sum 101375.056 ms)
  N=16  batch 1/1: 202.750164 sec, 16 copies (server sum 202640.374 ms)
  done: 5 sizes x 1 run (0 failures)

Done. Batch rows appended to logs/slope_sample/warm_stepup/reference_20260921T230207Z/query_timing_tpch_idx.csv
Per-copy samples appended to logs/slope_sample/warm_stepup/reference_20260921T230207Z/query_samples_tpch_idx.csv
Last batch ended at epoch 1790049355.033 (PREV_END_EPOCH for the next invocation)
===== [112/280] queries/tpch/sqlstorm_slope/reference/8033.sql run_id=02EE62F0B4782004 =====
query_runner configuration:
  QUERY_DIR         = queries/tpch/sqlstorm_slope/reference/8033.sql
  LOGS_DIR          = logs/slope_sample/warm_stepup/reference_20260921T230207Z  (query_timing_/query_samples_/query_catalog_tpch_idx.csv)
  DB_NAME / DB_USER = tpch_idx / postgres
  PGPORT            = 5434  (server reports 18.4)
  RUN_ID            = 02EE62F0B4782004
  WARMUP            = 2 single-copy warm-ups (the first primes the cache)
  BATCH_SIZES       = 1 2 4 8 16  x RUNS=1 measured batches each
  WORKERS           = (planner default)
  STATEMENT_TIMEOUT = 60
  THERMAL_EQUALISE  = gate (T_LO=55 T_HI=60 preheat<=60s cooldown<=120s)
  sensors           = pkg:/sys/class/hwmon/hwmon8/temp1_input cores:4 cpufreq:8 throttle:8/8
  SIGLESS_ADDR      = (disabled)
Found 1 query under queries/tpch/sqlstorm_slope/reference/8033.sql

[1/1] queries/tpch/sqlstorm_slope/reference/8033.sql (2 warmup + step-up 1 2 4 8 16 x1)
  warmup 1/2: 3.579439 sec (cache prime)
  warmup 2/2: 1.427186 sec
  N=1   batch 1/1: 1.429964 sec, 1 copy (server sum 1371.719 ms)
  N=2   batch 1/1: 2.782102 sec, 2 copies (server sum 2721.221 ms)
  N=4   batch 1/1: 5.436617 sec, 4 copies (server sum 5347.272 ms)
  N=8   batch 1/1: 10.850356 sec, 8 copies (server sum 10726.232 ms)
  N=16  batch 1/1: 21.492101 sec, 16 copies (server sum 21394.639 ms)
  done: 5 sizes x 1 run (0 failures)

Done. Batch rows appended to logs/slope_sample/warm_stepup/reference_20260921T230207Z/query_timing_tpch_idx.csv
Per-copy samples appended to logs/slope_sample/warm_stepup/reference_20260921T230207Z/query_samples_tpch_idx.csv
Last batch ended at epoch 1790049406.762 (PREV_END_EPOCH for the next invocation)
===== [113/280] queries/tpch/sqlstorm_slope/reference/11767.sql run_id=449D262D22401ADC =====
query_runner configuration:
  QUERY_DIR         = queries/tpch/sqlstorm_slope/reference/11767.sql
  LOGS_DIR          = logs/slope_sample/warm_stepup/reference_20260921T230207Z  (query_timing_/query_samples_/query_catalog_tpch_idx.csv)
  DB_NAME / DB_USER = tpch_idx / postgres
  PGPORT            = 5434  (server reports 18.4)
  RUN_ID            = 449D262D22401ADC
  WARMUP            = 2 single-copy warm-ups (the first primes the cache)
  BATCH_SIZES       = 1 2 4 8 16  x RUNS=1 measured batches each
  WORKERS           = (planner default)
  STATEMENT_TIMEOUT = 60
  THERMAL_EQUALISE  = gate (T_LO=55 T_HI=60 preheat<=60s cooldown<=120s)
  sensors           = pkg:/sys/class/hwmon/hwmon8/temp1_input cores:4 cpufreq:8 throttle:8/8
  SIGLESS_ADDR      = (disabled)
Found 1 query under queries/tpch/sqlstorm_slope/reference/11767.sql

[1/1] queries/tpch/sqlstorm_slope/reference/11767.sql (2 warmup + step-up 1 2 4 8 16 x1)
  thermal gate: waited 2s -> 60.0 C
  warmup 1/2: 1.551882 sec (cache prime)
  warmup 2/2: 0.736519 sec
  N=1   batch 1/1: 0.739418 sec, 1 copy (server sum 681.278 ms)
  N=2   batch 1/1: 1.435697 sec, 2 copies (server sum 1326.430 ms)
  N=4   batch 1/1: 2.685290 sec, 4 copies (server sum 2620.665 ms)
  N=8   batch 1/1: 5.327803 sec, 8 copies (server sum 5204.719 ms)
  N=16  batch 1/1: 10.455696 sec, 16 copies (server sum 10366.357 ms)
  done: 5 sizes x 1 run (0 failures)

Done. Batch rows appended to logs/slope_sample/warm_stepup/reference_20260921T230207Z/query_timing_tpch_idx.csv
Per-copy samples appended to logs/slope_sample/warm_stepup/reference_20260921T230207Z/query_samples_tpch_idx.csv
Last batch ended at epoch 1790049436.224 (PREV_END_EPOCH for the next invocation)
===== [114/280] queries/tpch/sqlstorm_slope/reference/28614.sql run_id=C0A42DDD1E556896 =====
query_runner configuration:
  QUERY_DIR         = queries/tpch/sqlstorm_slope/reference/28614.sql
  LOGS_DIR          = logs/slope_sample/warm_stepup/reference_20260921T230207Z  (query_timing_/query_samples_/query_catalog_tpch_idx.csv)
  DB_NAME / DB_USER = tpch_idx / postgres
  PGPORT            = 5434  (server reports 18.4)
  RUN_ID            = C0A42DDD1E556896
  WARMUP            = 2 single-copy warm-ups (the first primes the cache)
  BATCH_SIZES       = 1 2 4 8 16  x RUNS=1 measured batches each
  WORKERS           = (planner default)
  STATEMENT_TIMEOUT = 60
  THERMAL_EQUALISE  = gate (T_LO=55 T_HI=60 preheat<=60s cooldown<=120s)
  sensors           = pkg:/sys/class/hwmon/hwmon8/temp1_input cores:4 cpufreq:8 throttle:8/8
  SIGLESS_ADDR      = (disabled)
Found 1 query under queries/tpch/sqlstorm_slope/reference/28614.sql

[1/1] queries/tpch/sqlstorm_slope/reference/28614.sql (2 warmup + step-up 1 2 4 8 16 x1)
  thermal gate: waited 2s -> 60.0 C
  warmup 1/2: 0.292913 sec (cache prime)
  warmup 2/2: 0.079139 sec
  N=1   batch 1/1: 0.078624 sec, 1 copy (server sum 17.420 ms)
  N=2   batch 1/1: 0.098777 sec, 2 copies (server sum 33.155 ms)
  N=4   batch 1/1: 0.138175 sec, 4 copies (server sum 63.814 ms)
  N=8   batch 1/1: 0.217305 sec, 8 copies (server sum 125.785 ms)
  N=16  batch 1/1: 0.376305 sec, 16 copies (server sum 251.819 ms)
  done: 5 sizes x 1 run (0 failures)

Done. Batch rows appended to logs/slope_sample/warm_stepup/reference_20260921T230207Z/query_timing_tpch_idx.csv
Per-copy samples appended to logs/slope_sample/warm_stepup/reference_20260921T230207Z/query_samples_tpch_idx.csv
Last batch ended at epoch 1790049444.084 (PREV_END_EPOCH for the next invocation)
===== [115/280] queries/tpch/sqlstorm_slope/reference/15598.sql run_id=7ED582ED3064BE78 =====
query_runner configuration:
  QUERY_DIR         = queries/tpch/sqlstorm_slope/reference/15598.sql
  LOGS_DIR          = logs/slope_sample/warm_stepup/reference_20260921T230207Z  (query_timing_/query_samples_/query_catalog_tpch_idx.csv)
  DB_NAME / DB_USER = tpch_idx / postgres
  PGPORT            = 5434  (server reports 18.4)
  RUN_ID            = 7ED582ED3064BE78
  WARMUP            = 2 single-copy warm-ups (the first primes the cache)
  BATCH_SIZES       = 1 2 4 8 16  x RUNS=1 measured batches each
  WORKERS           = (planner default)
  STATEMENT_TIMEOUT = 60
  THERMAL_EQUALISE  = gate (T_LO=55 T_HI=60 preheat<=60s cooldown<=120s)
  sensors           = pkg:/sys/class/hwmon/hwmon8/temp1_input cores:4 cpufreq:8 throttle:8/8
  SIGLESS_ADDR      = (disabled)
Found 1 query under queries/tpch/sqlstorm_slope/reference/15598.sql

[1/1] queries/tpch/sqlstorm_slope/reference/15598.sql (2 warmup + step-up 1 2 4 8 16 x1)
  warmup 1/2: 5.654986 sec (cache prime)
  warmup 2/2: 4.925615 sec
  N=1   batch 1/1: 4.851177 sec, 1 copy (server sum 4794.708 ms)
  N=2   batch 1/1: 9.643384 sec, 2 copies (server sum 9584.711 ms)
  N=4   batch 1/1: 19.179333 sec, 4 copies (server sum 19116.762 ms)
  N=8   batch 1/1: 38.161094 sec, 8 copies (server sum 38093.203 ms)
  N=16  batch 1/1: 76.433619 sec, 16 copies (server sum 76358.369 ms)
  done: 5 sizes x 1 run (0 failures)

Done. Batch rows appended to logs/slope_sample/warm_stepup/reference_20260921T230207Z/query_timing_tpch_idx.csv
Per-copy samples appended to logs/slope_sample/warm_stepup/reference_20260921T230207Z/query_samples_tpch_idx.csv
Last batch ended at epoch 1790049607.267 (PREV_END_EPOCH for the next invocation)
===== [116/280] queries/tpch/sqlstorm_slope/reference/27574.sql run_id=6A0A30C2275AC347 =====
query_runner configuration:
  QUERY_DIR         = queries/tpch/sqlstorm_slope/reference/27574.sql
  LOGS_DIR          = logs/slope_sample/warm_stepup/reference_20260921T230207Z  (query_timing_/query_samples_/query_catalog_tpch_idx.csv)
  DB_NAME / DB_USER = tpch_idx / postgres
  PGPORT            = 5434  (server reports 18.4)
  RUN_ID            = 6A0A30C2275AC347
  WARMUP            = 2 single-copy warm-ups (the first primes the cache)
  BATCH_SIZES       = 1 2 4 8 16  x RUNS=1 measured batches each
  WORKERS           = (planner default)
  STATEMENT_TIMEOUT = 60
  THERMAL_EQUALISE  = gate (T_LO=55 T_HI=60 preheat<=60s cooldown<=120s)
  sensors           = pkg:/sys/class/hwmon/hwmon8/temp1_input cores:4 cpufreq:8 throttle:8/8
  SIGLESS_ADDR      = (disabled)
Found 1 query under queries/tpch/sqlstorm_slope/reference/27574.sql

[1/1] queries/tpch/sqlstorm_slope/reference/27574.sql (2 warmup + step-up 1 2 4 8 16 x1)
  thermal gate: waited 6s -> 60.0 C
  warmup 1/2: 13.407760 sec (cache prime)
  warmup 2/2: 11.722201 sec
  N=1   batch 1/1: 11.670467 sec, 1 copy (server sum 11609.830 ms)
  N=2   batch 1/1: 23.317756 sec, 2 copies (server sum 23253.920 ms)
  N=4   batch 1/1: 46.910735 sec, 4 copies (server sum 46839.219 ms)
  N=8   batch 1/1: 93.688516 sec, 8 copies (server sum 93601.520 ms)
  N=16  batch 1/1: 187.294256 sec, 16 copies (server sum 187176.829 ms)
  done: 5 sizes x 1 run (0 failures)

Done. Batch rows appended to logs/slope_sample/warm_stepup/reference_20260921T230207Z/query_timing_tpch_idx.csv
Per-copy samples appended to logs/slope_sample/warm_stepup/reference_20260921T230207Z/query_samples_tpch_idx.csv
Last batch ended at epoch 1790050005.972 (PREV_END_EPOCH for the next invocation)
===== [117/280] queries/tpch/sqlstorm_slope/reference/27574.sql run_id=C2D4126E5267A0A4 =====
query_runner configuration:
  QUERY_DIR         = queries/tpch/sqlstorm_slope/reference/27574.sql
  LOGS_DIR          = logs/slope_sample/warm_stepup/reference_20260921T230207Z  (query_timing_/query_samples_/query_catalog_tpch_idx.csv)
  DB_NAME / DB_USER = tpch_idx / postgres
  PGPORT            = 5434  (server reports 18.4)
  RUN_ID            = C2D4126E5267A0A4
  WARMUP            = 2 single-copy warm-ups (the first primes the cache)
  BATCH_SIZES       = 1 2 4 8 16  x RUNS=1 measured batches each
  WORKERS           = (planner default)
  STATEMENT_TIMEOUT = 60
  THERMAL_EQUALISE  = gate (T_LO=55 T_HI=60 preheat<=60s cooldown<=120s)
  sensors           = pkg:/sys/class/hwmon/hwmon8/temp1_input cores:4 cpufreq:8 throttle:8/8
  SIGLESS_ADDR      = (disabled)
Found 1 query under queries/tpch/sqlstorm_slope/reference/27574.sql

[1/1] queries/tpch/sqlstorm_slope/reference/27574.sql (2 warmup + step-up 1 2 4 8 16 x1)
  thermal gate: waited 2s -> 58.0 C
  warmup 1/2: 13.717308 sec (cache prime)
  warmup 2/2: 11.723170 sec
  N=1   batch 1/1: 11.838886 sec, 1 copy (server sum 11777.786 ms)
  N=2   batch 1/1: 23.468543 sec, 2 copies (server sum 23403.238 ms)
  N=4   batch 1/1: 46.850543 sec, 4 copies (server sum 46778.013 ms)
  N=8   batch 1/1: 93.341571 sec, 8 copies (server sum 93253.944 ms)
  N=16  batch 1/1: 187.586978 sec, 16 copies (server sum 187467.148 ms)
  done: 5 sizes x 1 run (0 failures)

Done. Batch rows appended to logs/slope_sample/warm_stepup/reference_20260921T230207Z/query_timing_tpch_idx.csv
Per-copy samples appended to logs/slope_sample/warm_stepup/reference_20260921T230207Z/query_samples_tpch_idx.csv
Last batch ended at epoch 1790050401.202 (PREV_END_EPOCH for the next invocation)
===== [118/280] queries/tpch/sqlstorm_slope/reference/10538.sql run_id=466FF9E4CB774958 =====
query_runner configuration:
  QUERY_DIR         = queries/tpch/sqlstorm_slope/reference/10538.sql
  LOGS_DIR          = logs/slope_sample/warm_stepup/reference_20260921T230207Z  (query_timing_/query_samples_/query_catalog_tpch_idx.csv)
  DB_NAME / DB_USER = tpch_idx / postgres
  PGPORT            = 5434  (server reports 18.4)
  RUN_ID            = 466FF9E4CB774958
  WARMUP            = 2 single-copy warm-ups (the first primes the cache)
  BATCH_SIZES       = 1 2 4 8 16  x RUNS=1 measured batches each
  WORKERS           = (planner default)
  STATEMENT_TIMEOUT = 60
  THERMAL_EQUALISE  = gate (T_LO=55 T_HI=60 preheat<=60s cooldown<=120s)
  sensors           = pkg:/sys/class/hwmon/hwmon8/temp1_input cores:4 cpufreq:8 throttle:8/8
  SIGLESS_ADDR      = (disabled)
Found 1 query under queries/tpch/sqlstorm_slope/reference/10538.sql

[1/1] queries/tpch/sqlstorm_slope/reference/10538.sql (2 warmup + step-up 1 2 4 8 16 x1)
  thermal gate: waited 2s -> 58.0 C
  warmup 1/2: 0.393570 sec (cache prime)
  warmup 2/2: 0.229237 sec
  N=1   batch 1/1: 0.167715 sec, 1 copy (server sum 112.775 ms)
  N=2   batch 1/1: 0.309764 sec, 2 copies (server sum 238.734 ms)
  N=4   batch 1/1: 0.512906 sec, 4 copies (server sum 455.967 ms)
  N=8   batch 1/1: 0.980028 sec, 8 copies (server sum 920.929 ms)
  N=16  batch 1/1: 1.924509 sec, 16 copies (server sum 1835.818 ms)
  done: 5 sizes x 1 run (0 failures)

Done. Batch rows appended to logs/slope_sample/warm_stepup/reference_20260921T230207Z/query_timing_tpch_idx.csv
Per-copy samples appended to logs/slope_sample/warm_stepup/reference_20260921T230207Z/query_samples_tpch_idx.csv
Last batch ended at epoch 1790050412.142 (PREV_END_EPOCH for the next invocation)
===== [119/280] queries/tpch/sqlstorm_slope/reference/3396.sql run_id=2209E74BBF92D21B =====
query_runner configuration:
  QUERY_DIR         = queries/tpch/sqlstorm_slope/reference/3396.sql
  LOGS_DIR          = logs/slope_sample/warm_stepup/reference_20260921T230207Z  (query_timing_/query_samples_/query_catalog_tpch_idx.csv)
  DB_NAME / DB_USER = tpch_idx / postgres
  PGPORT            = 5434  (server reports 18.4)
  RUN_ID            = 2209E74BBF92D21B
  WARMUP            = 2 single-copy warm-ups (the first primes the cache)
  BATCH_SIZES       = 1 2 4 8 16  x RUNS=1 measured batches each
  WORKERS           = (planner default)
  STATEMENT_TIMEOUT = 60
  THERMAL_EQUALISE  = gate (T_LO=55 T_HI=60 preheat<=60s cooldown<=120s)
  sensors           = pkg:/sys/class/hwmon/hwmon8/temp1_input cores:4 cpufreq:8 throttle:8/8
  SIGLESS_ADDR      = (disabled)
Found 1 query under queries/tpch/sqlstorm_slope/reference/3396.sql

[1/1] queries/tpch/sqlstorm_slope/reference/3396.sql (2 warmup + step-up 1 2 4 8 16 x1)
  warmup 1/2: 14.637004 sec (cache prime)
  warmup 2/2: 13.011336 sec
  N=1   batch 1/1: 12.971654 sec, 1 copy (server sum 12912.180 ms)
  N=2   batch 1/1: 25.693548 sec, 2 copies (server sum 25631.349 ms)
  N=4   batch 1/1: 51.136876 sec, 4 copies (server sum 51068.665 ms)
  N=8   batch 1/1: 102.954018 sec, 8 copies (server sum 102872.115 ms)
  N=16  batch 1/1: 205.486844 sec, 16 copies (server sum 205384.329 ms)
  done: 5 sizes x 1 run (0 failures)

Done. Batch rows appended to logs/slope_sample/warm_stepup/reference_20260921T230207Z/query_timing_tpch_idx.csv
Per-copy samples appended to logs/slope_sample/warm_stepup/reference_20260921T230207Z/query_samples_tpch_idx.csv
Last batch ended at epoch 1790050842.148 (PREV_END_EPOCH for the next invocation)
===== [120/280] queries/tpch/sqlstorm_slope/reference/15598.sql run_id=C16253FAA8F05DFA =====
query_runner configuration:
  QUERY_DIR         = queries/tpch/sqlstorm_slope/reference/15598.sql
  LOGS_DIR          = logs/slope_sample/warm_stepup/reference_20260921T230207Z  (query_timing_/query_samples_/query_catalog_tpch_idx.csv)
  DB_NAME / DB_USER = tpch_idx / postgres
  PGPORT            = 5434  (server reports 18.4)
  RUN_ID            = C16253FAA8F05DFA
  WARMUP            = 2 single-copy warm-ups (the first primes the cache)
  BATCH_SIZES       = 1 2 4 8 16  x RUNS=1 measured batches each
  WORKERS           = (planner default)
  STATEMENT_TIMEOUT = 60
  THERMAL_EQUALISE  = gate (T_LO=55 T_HI=60 preheat<=60s cooldown<=120s)
  sensors           = pkg:/sys/class/hwmon/hwmon8/temp1_input cores:4 cpufreq:8 throttle:8/8
  SIGLESS_ADDR      = (disabled)
Found 1 query under queries/tpch/sqlstorm_slope/reference/15598.sql

[1/1] queries/tpch/sqlstorm_slope/reference/15598.sql (2 warmup + step-up 1 2 4 8 16 x1)
  thermal gate: waited 2s -> 60.0 C
  warmup 1/2: 5.638607 sec (cache prime)
  warmup 2/2: 4.839346 sec
  N=1   batch 1/1: 4.842430 sec, 1 copy (server sum 4785.776 ms)
  N=2   batch 1/1: 9.607915 sec, 2 copies (server sum 9549.851 ms)
  N=4   batch 1/1: 19.128750 sec, 4 copies (server sum 19032.766 ms)
  N=8   batch 1/1: 38.182850 sec, 8 copies (server sum 38116.881 ms)
  N=16  batch 1/1: 76.234744 sec, 16 copies (server sum 76158.814 ms)
  done: 5 sizes x 1 run (0 failures)

Done. Batch rows appended to logs/slope_sample/warm_stepup/reference_20260921T230207Z/query_timing_tpch_idx.csv
Per-copy samples appended to logs/slope_sample/warm_stepup/reference_20260921T230207Z/query_samples_tpch_idx.csv
Last batch ended at epoch 1790051007.437 (PREV_END_EPOCH for the next invocation)
===== [121/280] queries/tpch/sqlstorm_slope/reference/8411.sql run_id=DE6A242CC3553518 =====
query_runner configuration:
  QUERY_DIR         = queries/tpch/sqlstorm_slope/reference/8411.sql
  LOGS_DIR          = logs/slope_sample/warm_stepup/reference_20260921T230207Z  (query_timing_/query_samples_/query_catalog_tpch_idx.csv)
  DB_NAME / DB_USER = tpch_idx / postgres
  PGPORT            = 5434  (server reports 18.4)
  RUN_ID            = DE6A242CC3553518
  WARMUP            = 2 single-copy warm-ups (the first primes the cache)
  BATCH_SIZES       = 1 2 4 8 16  x RUNS=1 measured batches each
  WORKERS           = (planner default)
  STATEMENT_TIMEOUT = 60
  THERMAL_EQUALISE  = gate (T_LO=55 T_HI=60 preheat<=60s cooldown<=120s)
  sensors           = pkg:/sys/class/hwmon/hwmon8/temp1_input cores:4 cpufreq:8 throttle:8/8
  SIGLESS_ADDR      = (disabled)
Found 1 query under queries/tpch/sqlstorm_slope/reference/8411.sql

[1/1] queries/tpch/sqlstorm_slope/reference/8411.sql (2 warmup + step-up 1 2 4 8 16 x1)
  thermal gate: waited 4s -> 60.0 C
  warmup 1/2: 14.525070 sec (cache prime)
  warmup 2/2: 11.735170 sec
  N=1   batch 1/1: 11.755830 sec, 1 copy (server sum 11696.316 ms)
  N=2   batch 1/1: 23.278458 sec, 2 copies (server sum 23216.506 ms)
  N=4   batch 1/1: 46.437881 sec, 4 copies (server sum 46371.518 ms)
  N=8   batch 1/1: 92.410037 sec, 8 copies (server sum 92331.170 ms)
  N=16  batch 1/1: 185.006525 sec, 16 copies (server sum 184908.265 ms)
  done: 5 sizes x 1 run (0 failures)

Done. Batch rows appended to logs/slope_sample/warm_stepup/reference_20260921T230207Z/query_timing_tpch_idx.csv
Per-copy samples appended to logs/slope_sample/warm_stepup/reference_20260921T230207Z/query_samples_tpch_idx.csv
Last batch ended at epoch 1790051401.376 (PREV_END_EPOCH for the next invocation)
===== [122/280] queries/tpch/sqlstorm_slope/reference/11750.sql run_id=4607B6ACDD19423A =====
query_runner configuration:
  QUERY_DIR         = queries/tpch/sqlstorm_slope/reference/11750.sql
  LOGS_DIR          = logs/slope_sample/warm_stepup/reference_20260921T230207Z  (query_timing_/query_samples_/query_catalog_tpch_idx.csv)
  DB_NAME / DB_USER = tpch_idx / postgres
  PGPORT            = 5434  (server reports 18.4)
  RUN_ID            = 4607B6ACDD19423A
  WARMUP            = 2 single-copy warm-ups (the first primes the cache)
  BATCH_SIZES       = 1 2 4 8 16  x RUNS=1 measured batches each
  WORKERS           = (planner default)
  STATEMENT_TIMEOUT = 60
  THERMAL_EQUALISE  = gate (T_LO=55 T_HI=60 preheat<=60s cooldown<=120s)
  sensors           = pkg:/sys/class/hwmon/hwmon8/temp1_input cores:4 cpufreq:8 throttle:8/8
  SIGLESS_ADDR      = (disabled)
Found 1 query under queries/tpch/sqlstorm_slope/reference/11750.sql

[1/1] queries/tpch/sqlstorm_slope/reference/11750.sql (2 warmup + step-up 1 2 4 8 16 x1)
  thermal gate: waited 6s -> 59.0 C
  warmup 1/2: 2.784732 sec (cache prime)
  warmup 2/2: 1.526216 sec
  N=1   batch 1/1: 1.528844 sec, 1 copy (server sum 1472.055 ms)
  N=2   batch 1/1: 2.934200 sec, 2 copies (server sum 2876.211 ms)
  N=4   batch 1/1: 5.826956 sec, 4 copies (server sum 5766.293 ms)
  N=8   batch 1/1: 11.461252 sec, 8 copies (server sum 11393.323 ms)
  N=16  batch 1/1: 22.925744 sec, 16 copies (server sum 22849.540 ms)
  done: 5 sizes x 1 run (0 failures)

Done. Batch rows appended to logs/slope_sample/warm_stepup/reference_20260921T230207Z/query_timing_tpch_idx.csv
Per-copy samples appended to logs/slope_sample/warm_stepup/reference_20260921T230207Z/query_samples_tpch_idx.csv
Last batch ended at epoch 1790051461.098 (PREV_END_EPOCH for the next invocation)
===== [123/280] queries/tpch/sqlstorm_slope/reference/1022.sql run_id=E1DDFB75D82FA554 =====
query_runner configuration:
  QUERY_DIR         = queries/tpch/sqlstorm_slope/reference/1022.sql
  LOGS_DIR          = logs/slope_sample/warm_stepup/reference_20260921T230207Z  (query_timing_/query_samples_/query_catalog_tpch_idx.csv)
  DB_NAME / DB_USER = tpch_idx / postgres
  PGPORT            = 5434  (server reports 18.4)
  RUN_ID            = E1DDFB75D82FA554
  WARMUP            = 2 single-copy warm-ups (the first primes the cache)
  BATCH_SIZES       = 1 2 4 8 16  x RUNS=1 measured batches each
  WORKERS           = (planner default)
  STATEMENT_TIMEOUT = 60
  THERMAL_EQUALISE  = gate (T_LO=55 T_HI=60 preheat<=60s cooldown<=120s)
  sensors           = pkg:/sys/class/hwmon/hwmon8/temp1_input cores:4 cpufreq:8 throttle:8/8
  SIGLESS_ADDR      = (disabled)
Found 1 query under queries/tpch/sqlstorm_slope/reference/1022.sql

[1/1] queries/tpch/sqlstorm_slope/reference/1022.sql (2 warmup + step-up 1 2 4 8 16 x1)
  warmup 1/2: 4.730441 sec (cache prime)
  warmup 2/2: 3.403854 sec
  N=1   batch 1/1: 3.452146 sec, 1 copy (server sum 3341.072 ms)
  N=2   batch 1/1: 6.651922 sec, 2 copies (server sum 6590.522 ms)
  N=4   batch 1/1: 13.133103 sec, 4 copies (server sum 13067.173 ms)
  N=8   batch 1/1: 26.050234 sec, 8 copies (server sum 25972.168 ms)
  N=16  batch 1/1: 51.976398 sec, 16 copies (server sum 51833.568 ms)
  done: 5 sizes x 1 run (0 failures)

Done. Batch rows appended to logs/slope_sample/warm_stepup/reference_20260921T230207Z/query_timing_tpch_idx.csv
Per-copy samples appended to logs/slope_sample/warm_stepup/reference_20260921T230207Z/query_samples_tpch_idx.csv
Last batch ended at epoch 1790051575.124 (PREV_END_EPOCH for the next invocation)
===== [124/280] queries/tpch/sqlstorm_slope/reference/14616.sql run_id=463D248E7B52B8C7 =====
query_runner configuration:
  QUERY_DIR         = queries/tpch/sqlstorm_slope/reference/14616.sql
  LOGS_DIR          = logs/slope_sample/warm_stepup/reference_20260921T230207Z  (query_timing_/query_samples_/query_catalog_tpch_idx.csv)
  DB_NAME / DB_USER = tpch_idx / postgres
  PGPORT            = 5434  (server reports 18.4)
  RUN_ID            = 463D248E7B52B8C7
  WARMUP            = 2 single-copy warm-ups (the first primes the cache)
  BATCH_SIZES       = 1 2 4 8 16  x RUNS=1 measured batches each
  WORKERS           = (planner default)
  STATEMENT_TIMEOUT = 60
  THERMAL_EQUALISE  = gate (T_LO=55 T_HI=60 preheat<=60s cooldown<=120s)
  sensors           = pkg:/sys/class/hwmon/hwmon8/temp1_input cores:4 cpufreq:8 throttle:8/8
  SIGLESS_ADDR      = (disabled)
Found 1 query under queries/tpch/sqlstorm_slope/reference/14616.sql

[1/1] queries/tpch/sqlstorm_slope/reference/14616.sql (2 warmup + step-up 1 2 4 8 16 x1)
  warmup 1/2: 0.270365 sec (cache prime)
  warmup 2/2: 0.068484 sec
  N=1   batch 1/1: 0.069149 sec, 1 copy (server sum 9.254 ms)
  N=2   batch 1/1: 0.079863 sec, 2 copies (server sum 18.073 ms)
  N=4   batch 1/1: 0.102884 sec, 4 copies (server sum 35.338 ms)
  N=8   batch 1/1: 0.154025 sec, 8 copies (server sum 75.791 ms)
  N=16  batch 1/1: 0.240780 sec, 16 copies (server sum 141.527 ms)
  done: 5 sizes x 1 run (0 failures)

Done. Batch rows appended to logs/slope_sample/warm_stepup/reference_20260921T230207Z/query_timing_tpch_idx.csv
Per-copy samples appended to logs/slope_sample/warm_stepup/reference_20260921T230207Z/query_samples_tpch_idx.csv
Last batch ended at epoch 1790051580.800 (PREV_END_EPOCH for the next invocation)
===== [125/280] queries/tpch/sqlstorm_slope/reference/26382.sql run_id=76AEFF56D9B0F4B9 =====
query_runner configuration:
  QUERY_DIR         = queries/tpch/sqlstorm_slope/reference/26382.sql
  LOGS_DIR          = logs/slope_sample/warm_stepup/reference_20260921T230207Z  (query_timing_/query_samples_/query_catalog_tpch_idx.csv)
  DB_NAME / DB_USER = tpch_idx / postgres
  PGPORT            = 5434  (server reports 18.4)
  RUN_ID            = 76AEFF56D9B0F4B9
  WARMUP            = 2 single-copy warm-ups (the first primes the cache)
  BATCH_SIZES       = 1 2 4 8 16  x RUNS=1 measured batches each
  WORKERS           = (planner default)
  STATEMENT_TIMEOUT = 60
  THERMAL_EQUALISE  = gate (T_LO=55 T_HI=60 preheat<=60s cooldown<=120s)
  sensors           = pkg:/sys/class/hwmon/hwmon8/temp1_input cores:4 cpufreq:8 throttle:8/8
  SIGLESS_ADDR      = (disabled)
Found 1 query under queries/tpch/sqlstorm_slope/reference/26382.sql

[1/1] queries/tpch/sqlstorm_slope/reference/26382.sql (2 warmup + step-up 1 2 4 8 16 x1)
  thermal gate: pre-heated 5s -> 61.0 C
  warmup 1/2: 0.329302 sec (cache prime)
  warmup 2/2: 0.115070 sec
  N=1   batch 1/1: 0.116372 sec, 1 copy (server sum 58.591 ms)
  N=2   batch 1/1: 0.174333 sec, 2 copies (server sum 115.106 ms)
  N=4   batch 1/1: 0.313600 sec, 4 copies (server sum 230.127 ms)
  N=8   batch 1/1: 0.524753 sec, 8 copies (server sum 454.966 ms)
  N=16  batch 1/1: 0.987647 sec, 16 copies (server sum 905.339 ms)
  done: 5 sizes x 1 run (0 failures)

Done. Batch rows appended to logs/slope_sample/warm_stepup/reference_20260921T230207Z/query_timing_tpch_idx.csv
Per-copy samples appended to logs/slope_sample/warm_stepup/reference_20260921T230207Z/query_samples_tpch_idx.csv
Last batch ended at epoch 1790051592.264 (PREV_END_EPOCH for the next invocation)
===== [126/280] queries/tpch/sqlstorm_slope/reference/32103.sql run_id=99A42F7C24C1B9B5 =====
query_runner configuration:
  QUERY_DIR         = queries/tpch/sqlstorm_slope/reference/32103.sql
  LOGS_DIR          = logs/slope_sample/warm_stepup/reference_20260921T230207Z  (query_timing_/query_samples_/query_catalog_tpch_idx.csv)
  DB_NAME / DB_USER = tpch_idx / postgres
  PGPORT            = 5434  (server reports 18.4)
  RUN_ID            = 99A42F7C24C1B9B5
  WARMUP            = 2 single-copy warm-ups (the first primes the cache)
  BATCH_SIZES       = 1 2 4 8 16  x RUNS=1 measured batches each
  WORKERS           = (planner default)
  STATEMENT_TIMEOUT = 60
  THERMAL_EQUALISE  = gate (T_LO=55 T_HI=60 preheat<=60s cooldown<=120s)
  sensors           = pkg:/sys/class/hwmon/hwmon8/temp1_input cores:4 cpufreq:8 throttle:8/8
  SIGLESS_ADDR      = (disabled)
Found 1 query under queries/tpch/sqlstorm_slope/reference/32103.sql

[1/1] queries/tpch/sqlstorm_slope/reference/32103.sql (2 warmup + step-up 1 2 4 8 16 x1)
  warmup 1/2: 1.430843 sec (cache prime)
  warmup 2/2: 0.626762 sec
  N=1   batch 1/1: 0.594096 sec, 1 copy (server sum 533.235 ms)
  N=2   batch 1/1: 1.142637 sec, 2 copies (server sum 1038.130 ms)
  N=4   batch 1/1: 2.105917 sec, 4 copies (server sum 2032.894 ms)
  N=8   batch 1/1: 4.127322 sec, 8 copies (server sum 4040.480 ms)
  N=16  batch 1/1: 8.235479 sec, 16 copies (server sum 8070.281 ms)
  done: 5 sizes x 1 run (0 failures)

Done. Batch rows appended to logs/slope_sample/warm_stepup/reference_20260921T230207Z/query_timing_tpch_idx.csv
Per-copy samples appended to logs/slope_sample/warm_stepup/reference_20260921T230207Z/query_samples_tpch_idx.csv
Last batch ended at epoch 1790051614.594 (PREV_END_EPOCH for the next invocation)
===== [127/280] queries/tpch/sqlstorm_slope/reference/5820.sql run_id=0A761DAF446C14D9 =====
query_runner configuration:
  QUERY_DIR         = queries/tpch/sqlstorm_slope/reference/5820.sql
  LOGS_DIR          = logs/slope_sample/warm_stepup/reference_20260921T230207Z  (query_timing_/query_samples_/query_catalog_tpch_idx.csv)
  DB_NAME / DB_USER = tpch_idx / postgres
  PGPORT            = 5434  (server reports 18.4)
  RUN_ID            = 0A761DAF446C14D9
  WARMUP            = 2 single-copy warm-ups (the first primes the cache)
  BATCH_SIZES       = 1 2 4 8 16  x RUNS=1 measured batches each
  WORKERS           = (planner default)
  STATEMENT_TIMEOUT = 60
  THERMAL_EQUALISE  = gate (T_LO=55 T_HI=60 preheat<=60s cooldown<=120s)
  sensors           = pkg:/sys/class/hwmon/hwmon8/temp1_input cores:4 cpufreq:8 throttle:8/8
  SIGLESS_ADDR      = (disabled)
Found 1 query under queries/tpch/sqlstorm_slope/reference/5820.sql

[1/1] queries/tpch/sqlstorm_slope/reference/5820.sql (2 warmup + step-up 1 2 4 8 16 x1)
  warmup 1/2: 0.634038 sec (cache prime)
  warmup 2/2: 0.360958 sec
  N=1   batch 1/1: 0.362269 sec, 1 copy (server sum 298.707 ms)
  N=2   batch 1/1: 0.671703 sec, 2 copies (server sum 604.615 ms)
  N=4   batch 1/1: 1.255589 sec, 4 copies (server sum 1191.845 ms)
  N=8   batch 1/1: 2.454770 sec, 8 copies (server sum 2382.006 ms)
  N=16  batch 1/1: 4.848598 sec, 16 copies (server sum 4757.066 ms)
  done: 5 sizes x 1 run (0 failures)

Done. Batch rows appended to logs/slope_sample/warm_stepup/reference_20260921T230207Z/query_timing_tpch_idx.csv
Per-copy samples appended to logs/slope_sample/warm_stepup/reference_20260921T230207Z/query_samples_tpch_idx.csv
Last batch ended at epoch 1790051629.902 (PREV_END_EPOCH for the next invocation)
===== [128/280] queries/tpch/sqlstorm_slope/reference/8033.sql run_id=E0A5B9679FCC6E29 =====
query_runner configuration:
  QUERY_DIR         = queries/tpch/sqlstorm_slope/reference/8033.sql
  LOGS_DIR          = logs/slope_sample/warm_stepup/reference_20260921T230207Z  (query_timing_/query_samples_/query_catalog_tpch_idx.csv)
  DB_NAME / DB_USER = tpch_idx / postgres
  PGPORT            = 5434  (server reports 18.4)
  RUN_ID            = E0A5B9679FCC6E29
  WARMUP            = 2 single-copy warm-ups (the first primes the cache)
  BATCH_SIZES       = 1 2 4 8 16  x RUNS=1 measured batches each
  WORKERS           = (planner default)
  STATEMENT_TIMEOUT = 60
  THERMAL_EQUALISE  = gate (T_LO=55 T_HI=60 preheat<=60s cooldown<=120s)
  sensors           = pkg:/sys/class/hwmon/hwmon8/temp1_input cores:4 cpufreq:8 throttle:8/8
  SIGLESS_ADDR      = (disabled)
Found 1 query under queries/tpch/sqlstorm_slope/reference/8033.sql

[1/1] queries/tpch/sqlstorm_slope/reference/8033.sql (2 warmup + step-up 1 2 4 8 16 x1)
  warmup 1/2: 3.550138 sec (cache prime)
  warmup 2/2: 1.432920 sec
  N=1   batch 1/1: 1.430093 sec, 1 copy (server sum 1371.004 ms)
  N=2   batch 1/1: 2.795721 sec, 2 copies (server sum 2733.780 ms)
  N=4   batch 1/1: 5.512283 sec, 4 copies (server sum 5361.684 ms)
  N=8   batch 1/1: 10.779293 sec, 8 copies (server sum 10700.575 ms)
  N=16  batch 1/1: 21.558860 sec, 16 copies (server sum 21406.764 ms)
  done: 5 sizes x 1 run (0 failures)

Done. Batch rows appended to logs/slope_sample/warm_stepup/reference_20260921T230207Z/query_timing_tpch_idx.csv
Per-copy samples appended to logs/slope_sample/warm_stepup/reference_20260921T230207Z/query_samples_tpch_idx.csv
Last batch ended at epoch 1790051680.991 (PREV_END_EPOCH for the next invocation)
===== [129/280] queries/tpch/sqlstorm_slope/reference/26382.sql run_id=27B7642A5C9DBF14 =====
query_runner configuration:
  QUERY_DIR         = queries/tpch/sqlstorm_slope/reference/26382.sql
  LOGS_DIR          = logs/slope_sample/warm_stepup/reference_20260921T230207Z  (query_timing_/query_samples_/query_catalog_tpch_idx.csv)
  DB_NAME / DB_USER = tpch_idx / postgres
  PGPORT            = 5434  (server reports 18.4)
  RUN_ID            = 27B7642A5C9DBF14
  WARMUP            = 2 single-copy warm-ups (the first primes the cache)
  BATCH_SIZES       = 1 2 4 8 16  x RUNS=1 measured batches each
  WORKERS           = (planner default)
  STATEMENT_TIMEOUT = 60
  THERMAL_EQUALISE  = gate (T_LO=55 T_HI=60 preheat<=60s cooldown<=120s)
  sensors           = pkg:/sys/class/hwmon/hwmon8/temp1_input cores:4 cpufreq:8 throttle:8/8
  SIGLESS_ADDR      = (disabled)
Found 1 query under queries/tpch/sqlstorm_slope/reference/26382.sql

[1/1] queries/tpch/sqlstorm_slope/reference/26382.sql (2 warmup + step-up 1 2 4 8 16 x1)
  thermal gate: waited 2s -> 60.0 C
  warmup 1/2: 0.329216 sec (cache prime)
  warmup 2/2: 0.115857 sec
  N=1   batch 1/1: 0.116679 sec, 1 copy (server sum 59.276 ms)
  N=2   batch 1/1: 0.172926 sec, 2 copies (server sum 114.392 ms)
  N=4   batch 1/1: 0.309145 sec, 4 copies (server sum 227.255 ms)
  N=8   batch 1/1: 0.524351 sec, 8 copies (server sum 454.888 ms)
  N=16  batch 1/1: 0.989096 sec, 16 copies (server sum 906.623 ms)
  done: 5 sizes x 1 run (0 failures)

Done. Batch rows appended to logs/slope_sample/warm_stepup/reference_20260921T230207Z/query_timing_tpch_idx.csv
Per-copy samples appended to logs/slope_sample/warm_stepup/reference_20260921T230207Z/query_samples_tpch_idx.csv
Last batch ended at epoch 1790051689.767 (PREV_END_EPOCH for the next invocation)
===== [130/280] queries/tpch/sqlstorm_slope/reference/14523.sql run_id=5D72FF105A97B200 =====
query_runner configuration:
  QUERY_DIR         = queries/tpch/sqlstorm_slope/reference/14523.sql
  LOGS_DIR          = logs/slope_sample/warm_stepup/reference_20260921T230207Z  (query_timing_/query_samples_/query_catalog_tpch_idx.csv)
  DB_NAME / DB_USER = tpch_idx / postgres
  PGPORT            = 5434  (server reports 18.4)
  RUN_ID            = 5D72FF105A97B200
  WARMUP            = 2 single-copy warm-ups (the first primes the cache)
  BATCH_SIZES       = 1 2 4 8 16  x RUNS=1 measured batches each
  WORKERS           = (planner default)
  STATEMENT_TIMEOUT = 60
  THERMAL_EQUALISE  = gate (T_LO=55 T_HI=60 preheat<=60s cooldown<=120s)
  sensors           = pkg:/sys/class/hwmon/hwmon8/temp1_input cores:4 cpufreq:8 throttle:8/8
  SIGLESS_ADDR      = (disabled)
Found 1 query under queries/tpch/sqlstorm_slope/reference/14523.sql

[1/1] queries/tpch/sqlstorm_slope/reference/14523.sql (2 warmup + step-up 1 2 4 8 16 x1)
  warmup 1/2: 1.582977 sec (cache prime)
  warmup 2/2: 0.531167 sec
  N=1   batch 1/1: 0.519813 sec, 1 copy (server sum 414.199 ms)
  N=2   batch 1/1: 0.853274 sec, 2 copies (server sum 796.515 ms)
  N=4   batch 1/1: 1.611801 sec, 4 copies (server sum 1553.412 ms)
  N=8   batch 1/1: 3.120635 sec, 8 copies (server sum 3057.696 ms)
  N=16  batch 1/1: 6.178577 sec, 16 copies (server sum 6108.892 ms)
  done: 5 sizes x 1 run (0 failures)

Done. Batch rows appended to logs/slope_sample/warm_stepup/reference_20260921T230207Z/query_timing_tpch_idx.csv
Per-copy samples appended to logs/slope_sample/warm_stepup/reference_20260921T230207Z/query_samples_tpch_idx.csv
Last batch ended at epoch 1790051708.201 (PREV_END_EPOCH for the next invocation)
===== [131/280] queries/tpch/sqlstorm_slope/reference/14523.sql run_id=CA136A400E860595 =====
query_runner configuration:
  QUERY_DIR         = queries/tpch/sqlstorm_slope/reference/14523.sql
  LOGS_DIR          = logs/slope_sample/warm_stepup/reference_20260921T230207Z  (query_timing_/query_samples_/query_catalog_tpch_idx.csv)
  DB_NAME / DB_USER = tpch_idx / postgres
  PGPORT            = 5434  (server reports 18.4)
  RUN_ID            = CA136A400E860595
  WARMUP            = 2 single-copy warm-ups (the first primes the cache)
  BATCH_SIZES       = 1 2 4 8 16  x RUNS=1 measured batches each
  WORKERS           = (planner default)
  STATEMENT_TIMEOUT = 60
  THERMAL_EQUALISE  = gate (T_LO=55 T_HI=60 preheat<=60s cooldown<=120s)
  sensors           = pkg:/sys/class/hwmon/hwmon8/temp1_input cores:4 cpufreq:8 throttle:8/8
  SIGLESS_ADDR      = (disabled)
Found 1 query under queries/tpch/sqlstorm_slope/reference/14523.sql

[1/1] queries/tpch/sqlstorm_slope/reference/14523.sql (2 warmup + step-up 1 2 4 8 16 x1)
  thermal gate: waited 2s -> 58.0 C
  warmup 1/2: 1.595169 sec (cache prime)
  warmup 2/2: 0.475801 sec
  N=1   batch 1/1: 0.478852 sec, 1 copy (server sum 423.496 ms)
  N=2   batch 1/1: 0.868946 sec, 2 copies (server sum 812.126 ms)
  N=4   batch 1/1: 1.621569 sec, 4 copies (server sum 1564.143 ms)
  N=8   batch 1/1: 3.185757 sec, 8 copies (server sum 3124.037 ms)
  N=16  batch 1/1: 6.258332 sec, 16 copies (server sum 6164.415 ms)
  done: 5 sizes x 1 run (0 failures)

Done. Batch rows appended to logs/slope_sample/warm_stepup/reference_20260921T230207Z/query_timing_tpch_idx.csv
Per-copy samples appended to logs/slope_sample/warm_stepup/reference_20260921T230207Z/query_samples_tpch_idx.csv
Last batch ended at epoch 1790051729.215 (PREV_END_EPOCH for the next invocation)
===== [132/280] queries/tpch/sqlstorm_slope/reference/1022.sql run_id=E6022634B6E27141 =====
query_runner configuration:
  QUERY_DIR         = queries/tpch/sqlstorm_slope/reference/1022.sql
  LOGS_DIR          = logs/slope_sample/warm_stepup/reference_20260921T230207Z  (query_timing_/query_samples_/query_catalog_tpch_idx.csv)
  DB_NAME / DB_USER = tpch_idx / postgres
  PGPORT            = 5434  (server reports 18.4)
  RUN_ID            = E6022634B6E27141
  WARMUP            = 2 single-copy warm-ups (the first primes the cache)
  BATCH_SIZES       = 1 2 4 8 16  x RUNS=1 measured batches each
  WORKERS           = (planner default)
  STATEMENT_TIMEOUT = 60
  THERMAL_EQUALISE  = gate (T_LO=55 T_HI=60 preheat<=60s cooldown<=120s)
  sensors           = pkg:/sys/class/hwmon/hwmon8/temp1_input cores:4 cpufreq:8 throttle:8/8
  SIGLESS_ADDR      = (disabled)
Found 1 query under queries/tpch/sqlstorm_slope/reference/1022.sql

[1/1] queries/tpch/sqlstorm_slope/reference/1022.sql (2 warmup + step-up 1 2 4 8 16 x1)
  warmup 1/2: 4.679145 sec (cache prime)
  warmup 2/2: 3.371905 sec
  N=1   batch 1/1: 3.375696 sec, 1 copy (server sum 3317.151 ms)
  N=2   batch 1/1: 6.600883 sec, 2 copies (server sum 6525.581 ms)
  N=4   batch 1/1: 13.093102 sec, 4 copies (server sum 12994.586 ms)
  N=8   batch 1/1: 26.036933 sec, 8 copies (server sum 25942.083 ms)
  N=16  batch 1/1: 51.784382 sec, 16 copies (server sum 51627.265 ms)
  done: 5 sizes x 1 run (0 failures)

Done. Batch rows appended to logs/slope_sample/warm_stepup/reference_20260921T230207Z/query_timing_tpch_idx.csv
Per-copy samples appended to logs/slope_sample/warm_stepup/reference_20260921T230207Z/query_samples_tpch_idx.csv
Last batch ended at epoch 1790051842.589 (PREV_END_EPOCH for the next invocation)
===== [133/280] queries/tpch/sqlstorm_slope/reference/29659.sql run_id=B3192BA10E7814BD =====
query_runner configuration:
  QUERY_DIR         = queries/tpch/sqlstorm_slope/reference/29659.sql
  LOGS_DIR          = logs/slope_sample/warm_stepup/reference_20260921T230207Z  (query_timing_/query_samples_/query_catalog_tpch_idx.csv)
  DB_NAME / DB_USER = tpch_idx / postgres
  PGPORT            = 5434  (server reports 18.4)
  RUN_ID            = B3192BA10E7814BD
  WARMUP            = 2 single-copy warm-ups (the first primes the cache)
  BATCH_SIZES       = 1 2 4 8 16  x RUNS=1 measured batches each
  WORKERS           = (planner default)
  STATEMENT_TIMEOUT = 60
  THERMAL_EQUALISE  = gate (T_LO=55 T_HI=60 preheat<=60s cooldown<=120s)
  sensors           = pkg:/sys/class/hwmon/hwmon8/temp1_input cores:4 cpufreq:8 throttle:8/8
  SIGLESS_ADDR      = (disabled)
Found 1 query under queries/tpch/sqlstorm_slope/reference/29659.sql

[1/1] queries/tpch/sqlstorm_slope/reference/29659.sql (2 warmup + step-up 1 2 4 8 16 x1)
  thermal gate: pre-heated 5s -> 61.0 C
  warmup 1/2: 3.698950 sec (cache prime)
  warmup 2/2: 2.473927 sec
  N=1   batch 1/1: 2.543379 sec, 1 copy (server sum 2431.444 ms)
  N=2   batch 1/1: 5.013992 sec, 2 copies (server sum 4950.071 ms)
  N=4   batch 1/1: 9.658382 sec, 4 copies (server sum 9569.438 ms)
  N=8   batch 1/1: 19.205305 sec, 8 copies (server sum 19120.039 ms)
  N=16  batch 1/1: 38.451753 sec, 16 copies (server sum 38341.757 ms)
  done: 5 sizes x 1 run (0 failures)

Done. Batch rows appended to logs/slope_sample/warm_stepup/reference_20260921T230207Z/query_timing_tpch_idx.csv
Per-copy samples appended to logs/slope_sample/warm_stepup/reference_20260921T230207Z/query_samples_tpch_idx.csv
Last batch ended at epoch 1790051933.346 (PREV_END_EPOCH for the next invocation)
===== [134/280] queries/tpch/sqlstorm_slope/reference/2950.sql run_id=678980BF4BC93142 =====
query_runner configuration:
  QUERY_DIR         = queries/tpch/sqlstorm_slope/reference/2950.sql
  LOGS_DIR          = logs/slope_sample/warm_stepup/reference_20260921T230207Z  (query_timing_/query_samples_/query_catalog_tpch_idx.csv)
  DB_NAME / DB_USER = tpch_idx / postgres
  PGPORT            = 5434  (server reports 18.4)
  RUN_ID            = 678980BF4BC93142
  WARMUP            = 2 single-copy warm-ups (the first primes the cache)
  BATCH_SIZES       = 1 2 4 8 16  x RUNS=1 measured batches each
  WORKERS           = (planner default)
  STATEMENT_TIMEOUT = 60
  THERMAL_EQUALISE  = gate (T_LO=55 T_HI=60 preheat<=60s cooldown<=120s)
  sensors           = pkg:/sys/class/hwmon/hwmon8/temp1_input cores:4 cpufreq:8 throttle:8/8
  SIGLESS_ADDR      = (disabled)
Found 1 query under queries/tpch/sqlstorm_slope/reference/2950.sql

[1/1] queries/tpch/sqlstorm_slope/reference/2950.sql (2 warmup + step-up 1 2 4 8 16 x1)
  warmup 1/2: 13.975826 sec (cache prime)
  warmup 2/2: 12.787527 sec
  N=1   batch 1/1: 12.704532 sec, 1 copy (server sum 12645.644 ms)
  N=2   batch 1/1: 25.098066 sec, 2 copies (server sum 25036.997 ms)
  N=4   batch 1/1: 49.952490 sec, 4 copies (server sum 49886.637 ms)
  N=8   batch 1/1: 101.796652 sec, 8 copies (server sum 101707.109 ms)
  N=16  batch 1/1: 202.044978 sec, 16 copies (server sum 201942.534 ms)
  done: 5 sizes x 1 run (0 failures)

Done. Batch rows appended to logs/slope_sample/warm_stepup/reference_20260921T230207Z/query_timing_tpch_idx.csv
Per-copy samples appended to logs/slope_sample/warm_stepup/reference_20260921T230207Z/query_samples_tpch_idx.csv
Last batch ended at epoch 1790052356.199 (PREV_END_EPOCH for the next invocation)
===== [135/280] queries/tpch/sqlstorm_slope/reference/5554.sql run_id=29B69FA0F7D389E0 =====
query_runner configuration:
  QUERY_DIR         = queries/tpch/sqlstorm_slope/reference/5554.sql
  LOGS_DIR          = logs/slope_sample/warm_stepup/reference_20260921T230207Z  (query_timing_/query_samples_/query_catalog_tpch_idx.csv)
  DB_NAME / DB_USER = tpch_idx / postgres
  PGPORT            = 5434  (server reports 18.4)
  RUN_ID            = 29B69FA0F7D389E0
  WARMUP            = 2 single-copy warm-ups (the first primes the cache)
  BATCH_SIZES       = 1 2 4 8 16  x RUNS=1 measured batches each
  WORKERS           = (planner default)
  STATEMENT_TIMEOUT = 60
  THERMAL_EQUALISE  = gate (T_LO=55 T_HI=60 preheat<=60s cooldown<=120s)
  sensors           = pkg:/sys/class/hwmon/hwmon8/temp1_input cores:4 cpufreq:8 throttle:8/8
  SIGLESS_ADDR      = (disabled)
Found 1 query under queries/tpch/sqlstorm_slope/reference/5554.sql

[1/1] queries/tpch/sqlstorm_slope/reference/5554.sql (2 warmup + step-up 1 2 4 8 16 x1)
  warmup 1/2: 8.388826 sec (cache prime)
  warmup 2/2: 7.210367 sec
  N=1   batch 1/1: 7.259496 sec, 1 copy (server sum 7158.677 ms)
  N=2   batch 1/1: 14.273300 sec, 2 copies (server sum 14210.368 ms)
  N=4   batch 1/1: 28.356362 sec, 4 copies (server sum 28286.082 ms)
  N=8   batch 1/1: 56.545384 sec, 8 copies (server sum 56463.352 ms)
  N=16  batch 1/1: 112.878339 sec, 16 copies (server sum 112770.550 ms)
  done: 5 sizes x 1 run (0 failures)

Done. Batch rows appended to logs/slope_sample/warm_stepup/reference_20260921T230207Z/query_timing_tpch_idx.csv
Per-copy samples appended to logs/slope_sample/warm_stepup/reference_20260921T230207Z/query_samples_tpch_idx.csv
Last batch ended at epoch 1790052595.663 (PREV_END_EPOCH for the next invocation)
===== [136/280] queries/tpch/sqlstorm_slope/reference/27574.sql run_id=E5534C4963D94A1A =====
query_runner configuration:
  QUERY_DIR         = queries/tpch/sqlstorm_slope/reference/27574.sql
  LOGS_DIR          = logs/slope_sample/warm_stepup/reference_20260921T230207Z  (query_timing_/query_samples_/query_catalog_tpch_idx.csv)
  DB_NAME / DB_USER = tpch_idx / postgres
  PGPORT            = 5434  (server reports 18.4)
  RUN_ID            = E5534C4963D94A1A
  WARMUP            = 2 single-copy warm-ups (the first primes the cache)
  BATCH_SIZES       = 1 2 4 8 16  x RUNS=1 measured batches each
  WORKERS           = (planner default)
  STATEMENT_TIMEOUT = 60
  THERMAL_EQUALISE  = gate (T_LO=55 T_HI=60 preheat<=60s cooldown<=120s)
  sensors           = pkg:/sys/class/hwmon/hwmon8/temp1_input cores:4 cpufreq:8 throttle:8/8
  SIGLESS_ADDR      = (disabled)
Found 1 query under queries/tpch/sqlstorm_slope/reference/27574.sql

[1/1] queries/tpch/sqlstorm_slope/reference/27574.sql (2 warmup + step-up 1 2 4 8 16 x1)
  thermal gate: waited 6s -> 60.0 C
  warmup 1/2: 13.271556 sec (cache prime)
  warmup 2/2: 11.997359 sec
  N=1   batch 1/1: 11.860451 sec, 1 copy (server sum 11780.910 ms)
  N=2   batch 1/1: 23.871812 sec, 2 copies (server sum 23806.825 ms)
  N=4   batch 1/1: 46.716413 sec, 4 copies (server sum 46644.106 ms)
  N=8   batch 1/1: 93.797842 sec, 8 copies (server sum 93710.677 ms)
  N=16  batch 1/1: 186.942049 sec, 16 copies (server sum 186796.682 ms)
  done: 5 sizes x 1 run (0 failures)

Done. Batch rows appended to logs/slope_sample/warm_stepup/reference_20260921T230207Z/query_timing_tpch_idx.csv
Per-copy samples appended to logs/slope_sample/warm_stepup/reference_20260921T230207Z/query_samples_tpch_idx.csv
Last batch ended at epoch 1790052994.830 (PREV_END_EPOCH for the next invocation)
===== [137/280] queries/tpch/sqlstorm_slope/reference/10538.sql run_id=450E340550C430BA =====
query_runner configuration:
  QUERY_DIR         = queries/tpch/sqlstorm_slope/reference/10538.sql
  LOGS_DIR          = logs/slope_sample/warm_stepup/reference_20260921T230207Z  (query_timing_/query_samples_/query_catalog_tpch_idx.csv)
  DB_NAME / DB_USER = tpch_idx / postgres
  PGPORT            = 5434  (server reports 18.4)
  RUN_ID            = 450E340550C430BA
  WARMUP            = 2 single-copy warm-ups (the first primes the cache)
  BATCH_SIZES       = 1 2 4 8 16  x RUNS=1 measured batches each
  WORKERS           = (planner default)
  STATEMENT_TIMEOUT = 60
  THERMAL_EQUALISE  = gate (T_LO=55 T_HI=60 preheat<=60s cooldown<=120s)
  sensors           = pkg:/sys/class/hwmon/hwmon8/temp1_input cores:4 cpufreq:8 throttle:8/8
  SIGLESS_ADDR      = (disabled)
Found 1 query under queries/tpch/sqlstorm_slope/reference/10538.sql

[1/1] queries/tpch/sqlstorm_slope/reference/10538.sql (2 warmup + step-up 1 2 4 8 16 x1)
  warmup 1/2: 0.328362 sec (cache prime)
  warmup 2/2: 0.173173 sec
  N=1   batch 1/1: 0.188688 sec, 1 copy (server sum 113.722 ms)
  N=2   batch 1/1: 0.330447 sec, 2 copies (server sum 238.971 ms)
  N=4   batch 1/1: 0.520751 sec, 4 copies (server sum 463.637 ms)
  N=8   batch 1/1: 1.016939 sec, 8 copies (server sum 957.783 ms)
  N=16  batch 1/1: 1.891952 sec, 16 copies (server sum 1827.710 ms)
  done: 5 sizes x 1 run (0 failures)

Done. Batch rows appended to logs/slope_sample/warm_stepup/reference_20260921T230207Z/query_timing_tpch_idx.csv
Per-copy samples appended to logs/slope_sample/warm_stepup/reference_20260921T230207Z/query_samples_tpch_idx.csv
Last batch ended at epoch 1790053003.669 (PREV_END_EPOCH for the next invocation)
===== [138/280] queries/tpch/sqlstorm_slope/reference/26387.sql run_id=2E8461D2A11C0CD7 =====
query_runner configuration:
  QUERY_DIR         = queries/tpch/sqlstorm_slope/reference/26387.sql
  LOGS_DIR          = logs/slope_sample/warm_stepup/reference_20260921T230207Z  (query_timing_/query_samples_/query_catalog_tpch_idx.csv)
  DB_NAME / DB_USER = tpch_idx / postgres
  PGPORT            = 5434  (server reports 18.4)
  RUN_ID            = 2E8461D2A11C0CD7
  WARMUP            = 2 single-copy warm-ups (the first primes the cache)
  BATCH_SIZES       = 1 2 4 8 16  x RUNS=1 measured batches each
  WORKERS           = (planner default)
  STATEMENT_TIMEOUT = 60
  THERMAL_EQUALISE  = gate (T_LO=55 T_HI=60 preheat<=60s cooldown<=120s)
  sensors           = pkg:/sys/class/hwmon/hwmon8/temp1_input cores:4 cpufreq:8 throttle:8/8
  SIGLESS_ADDR      = (disabled)
Found 1 query under queries/tpch/sqlstorm_slope/reference/26387.sql

[1/1] queries/tpch/sqlstorm_slope/reference/26387.sql (2 warmup + step-up 1 2 4 8 16 x1)
  warmup 1/2: 4.932650 sec (cache prime)
  warmup 2/2: 4.339341 sec
  N=1   batch 1/1: 4.307279 sec, 1 copy (server sum 4249.975 ms)
  N=2   batch 1/1: 8.542697 sec, 2 copies (server sum 8484.817 ms)
  N=4   batch 1/1: 17.009850 sec, 4 copies (server sum 16894.846 ms)
  N=8   batch 1/1: 34.117421 sec, 8 copies (server sum 34051.639 ms)
  N=16  batch 1/1: 67.921985 sec, 16 copies (server sum 67845.591 ms)
  done: 5 sizes x 1 run (0 failures)

Done. Batch rows appended to logs/slope_sample/warm_stepup/reference_20260921T230207Z/query_timing_tpch_idx.csv
Per-copy samples appended to logs/slope_sample/warm_stepup/reference_20260921T230207Z/query_samples_tpch_idx.csv
Last batch ended at epoch 1790053148.793 (PREV_END_EPOCH for the next invocation)
===== [139/280] queries/tpch/sqlstorm_slope/reference/5561.sql run_id=8F298C47840DDB58 =====
query_runner configuration:
  QUERY_DIR         = queries/tpch/sqlstorm_slope/reference/5561.sql
  LOGS_DIR          = logs/slope_sample/warm_stepup/reference_20260921T230207Z  (query_timing_/query_samples_/query_catalog_tpch_idx.csv)
  DB_NAME / DB_USER = tpch_idx / postgres
  PGPORT            = 5434  (server reports 18.4)
  RUN_ID            = 8F298C47840DDB58
  WARMUP            = 2 single-copy warm-ups (the first primes the cache)
  BATCH_SIZES       = 1 2 4 8 16  x RUNS=1 measured batches each
  WORKERS           = (planner default)
  STATEMENT_TIMEOUT = 60
  THERMAL_EQUALISE  = gate (T_LO=55 T_HI=60 preheat<=60s cooldown<=120s)
  sensors           = pkg:/sys/class/hwmon/hwmon8/temp1_input cores:4 cpufreq:8 throttle:8/8
  SIGLESS_ADDR      = (disabled)
Found 1 query under queries/tpch/sqlstorm_slope/reference/5561.sql

[1/1] queries/tpch/sqlstorm_slope/reference/5561.sql (2 warmup + step-up 1 2 4 8 16 x1)
  warmup 1/2: 8.423303 sec (cache prime)
  warmup 2/2: 7.284642 sec
  N=1   batch 1/1: 7.304520 sec, 1 copy (server sum 7245.286 ms)
  N=2   batch 1/1: 14.461376 sec, 2 copies (server sum 14399.759 ms)
  N=4   batch 1/1: 28.815080 sec, 4 copies (server sum 28747.982 ms)
  N=8   batch 1/1: 57.181913 sec, 8 copies (server sum 57092.114 ms)
  N=16  batch 1/1: 114.796487 sec, 16 copies (server sum 114697.931 ms)
  done: 5 sizes x 1 run (0 failures)

Done. Batch rows appended to logs/slope_sample/warm_stepup/reference_20260921T230207Z/query_timing_tpch_idx.csv
Per-copy samples appended to logs/slope_sample/warm_stepup/reference_20260921T230207Z/query_samples_tpch_idx.csv
Last batch ended at epoch 1790053391.495 (PREV_END_EPOCH for the next invocation)
===== [140/280] queries/tpch/sqlstorm_slope/reference/17087.sql run_id=D94D9834868FD257 =====
query_runner configuration:
  QUERY_DIR         = queries/tpch/sqlstorm_slope/reference/17087.sql
  LOGS_DIR          = logs/slope_sample/warm_stepup/reference_20260921T230207Z  (query_timing_/query_samples_/query_catalog_tpch_idx.csv)
  DB_NAME / DB_USER = tpch_idx / postgres
  PGPORT            = 5434  (server reports 18.4)
  RUN_ID            = D94D9834868FD257
  WARMUP            = 2 single-copy warm-ups (the first primes the cache)
  BATCH_SIZES       = 1 2 4 8 16  x RUNS=1 measured batches each
  WORKERS           = (planner default)
  STATEMENT_TIMEOUT = 60
  THERMAL_EQUALISE  = gate (T_LO=55 T_HI=60 preheat<=60s cooldown<=120s)
  sensors           = pkg:/sys/class/hwmon/hwmon8/temp1_input cores:4 cpufreq:8 throttle:8/8
  SIGLESS_ADDR      = (disabled)
Found 1 query under queries/tpch/sqlstorm_slope/reference/17087.sql

[1/1] queries/tpch/sqlstorm_slope/reference/17087.sql (2 warmup + step-up 1 2 4 8 16 x1)
  thermal gate: waited 2s -> 58.0 C
  warmup 1/2: 2.021566 sec (cache prime)
  warmup 2/2: 0.807692 sec
  N=1   batch 1/1: 0.812929 sec, 1 copy (server sum 756.007 ms)
  N=2   batch 1/1: 1.523756 sec, 2 copies (server sum 1465.556 ms)
  N=4   batch 1/1: 2.952089 sec, 4 copies (server sum 2890.958 ms)
  N=8   batch 1/1: 5.779818 sec, 8 copies (server sum 5712.682 ms)
  N=16  batch 1/1: 11.531917 sec, 16 copies (server sum 11425.912 ms)
  done: 5 sizes x 1 run (0 failures)

Done. Batch rows appended to logs/slope_sample/warm_stepup/reference_20260921T230207Z/query_timing_tpch_idx.csv
Per-copy samples appended to logs/slope_sample/warm_stepup/reference_20260921T230207Z/query_samples_tpch_idx.csv
Last batch ended at epoch 1790053423.708 (PREV_END_EPOCH for the next invocation)
===== [141/280] queries/tpch/sqlstorm_slope/reference/27574.sql run_id=180D3A4F39814E6E =====
query_runner configuration:
  QUERY_DIR         = queries/tpch/sqlstorm_slope/reference/27574.sql
  LOGS_DIR          = logs/slope_sample/warm_stepup/reference_20260921T230207Z  (query_timing_/query_samples_/query_catalog_tpch_idx.csv)
  DB_NAME / DB_USER = tpch_idx / postgres
  PGPORT            = 5434  (server reports 18.4)
  RUN_ID            = 180D3A4F39814E6E
  WARMUP            = 2 single-copy warm-ups (the first primes the cache)
  BATCH_SIZES       = 1 2 4 8 16  x RUNS=1 measured batches each
  WORKERS           = (planner default)
  STATEMENT_TIMEOUT = 60
  THERMAL_EQUALISE  = gate (T_LO=55 T_HI=60 preheat<=60s cooldown<=120s)
  sensors           = pkg:/sys/class/hwmon/hwmon8/temp1_input cores:4 cpufreq:8 throttle:8/8
  SIGLESS_ADDR      = (disabled)
Found 1 query under queries/tpch/sqlstorm_slope/reference/27574.sql

[1/1] queries/tpch/sqlstorm_slope/reference/27574.sql (2 warmup + step-up 1 2 4 8 16 x1)
  thermal gate: waited 2s -> 59.0 C
  warmup 1/2: 13.374218 sec (cache prime)
  warmup 2/2: 11.657731 sec
  N=1   batch 1/1: 11.607744 sec, 1 copy (server sum 11547.067 ms)
  N=2   batch 1/1: 23.675256 sec, 2 copies (server sum 23580.161 ms)
  N=4   batch 1/1: 46.511741 sec, 4 copies (server sum 46439.874 ms)
  N=8   batch 1/1: 93.258581 sec, 8 copies (server sum 93171.440 ms)
  N=16  batch 1/1: 185.736037 sec, 16 copies (server sum 185619.707 ms)
  done: 5 sizes x 1 run (0 failures)

Done. Batch rows appended to logs/slope_sample/warm_stepup/reference_20260921T230207Z/query_timing_tpch_idx.csv
Per-copy samples appended to logs/slope_sample/warm_stepup/reference_20260921T230207Z/query_samples_tpch_idx.csv
Last batch ended at epoch 1790053816.249 (PREV_END_EPOCH for the next invocation)
===== [142/280] queries/tpch/sqlstorm_slope/reference/5820.sql run_id=F0937B78B0D33536 =====
query_runner configuration:
  QUERY_DIR         = queries/tpch/sqlstorm_slope/reference/5820.sql
  LOGS_DIR          = logs/slope_sample/warm_stepup/reference_20260921T230207Z  (query_timing_/query_samples_/query_catalog_tpch_idx.csv)
  DB_NAME / DB_USER = tpch_idx / postgres
  PGPORT            = 5434  (server reports 18.4)
  RUN_ID            = F0937B78B0D33536
  WARMUP            = 2 single-copy warm-ups (the first primes the cache)
  BATCH_SIZES       = 1 2 4 8 16  x RUNS=1 measured batches each
  WORKERS           = (planner default)
  STATEMENT_TIMEOUT = 60
  THERMAL_EQUALISE  = gate (T_LO=55 T_HI=60 preheat<=60s cooldown<=120s)
  sensors           = pkg:/sys/class/hwmon/hwmon8/temp1_input cores:4 cpufreq:8 throttle:8/8
  SIGLESS_ADDR      = (disabled)
Found 1 query under queries/tpch/sqlstorm_slope/reference/5820.sql

[1/1] queries/tpch/sqlstorm_slope/reference/5820.sql (2 warmup + step-up 1 2 4 8 16 x1)
  thermal gate: waited 2s -> 58.0 C
  warmup 1/2: 0.505675 sec (cache prime)
  warmup 2/2: 0.357900 sec
  N=1   batch 1/1: 0.358475 sec, 1 copy (server sum 298.287 ms)
  N=2   batch 1/1: 0.664560 sec, 2 copies (server sum 601.232 ms)
  N=4   batch 1/1: 1.259617 sec, 4 copies (server sum 1194.973 ms)
  N=8   batch 1/1: 2.462950 sec, 8 copies (server sum 2390.882 ms)
  N=16  batch 1/1: 4.885182 sec, 16 copies (server sum 4746.638 ms)
  done: 5 sizes x 1 run (0 failures)

Done. Batch rows appended to logs/slope_sample/warm_stepup/reference_20260921T230207Z/query_timing_tpch_idx.csv
Per-copy samples appended to logs/slope_sample/warm_stepup/reference_20260921T230207Z/query_samples_tpch_idx.csv
Last batch ended at epoch 1790053833.253 (PREV_END_EPOCH for the next invocation)
===== [143/280] queries/tpch/sqlstorm_slope/reference/14523.sql run_id=7EE82E56A66C70D6 =====
query_runner configuration:
  QUERY_DIR         = queries/tpch/sqlstorm_slope/reference/14523.sql
  LOGS_DIR          = logs/slope_sample/warm_stepup/reference_20260921T230207Z  (query_timing_/query_samples_/query_catalog_tpch_idx.csv)
  DB_NAME / DB_USER = tpch_idx / postgres
  PGPORT            = 5434  (server reports 18.4)
  RUN_ID            = 7EE82E56A66C70D6
  WARMUP            = 2 single-copy warm-ups (the first primes the cache)
  BATCH_SIZES       = 1 2 4 8 16  x RUNS=1 measured batches each
  WORKERS           = (planner default)
  STATEMENT_TIMEOUT = 60
  THERMAL_EQUALISE  = gate (T_LO=55 T_HI=60 preheat<=60s cooldown<=120s)
  sensors           = pkg:/sys/class/hwmon/hwmon8/temp1_input cores:4 cpufreq:8 throttle:8/8
  SIGLESS_ADDR      = (disabled)
Found 1 query under queries/tpch/sqlstorm_slope/reference/14523.sql

[1/1] queries/tpch/sqlstorm_slope/reference/14523.sql (2 warmup + step-up 1 2 4 8 16 x1)
  thermal gate: waited 2s -> 59.0 C
  warmup 1/2: 1.575103 sec (cache prime)
  warmup 2/2: 0.479145 sec
  N=1   batch 1/1: 0.527754 sec, 1 copy (server sum 420.725 ms)
  N=2   batch 1/1: 0.854819 sec, 2 copies (server sum 797.772 ms)
  N=4   batch 1/1: 1.606707 sec, 4 copies (server sum 1548.124 ms)
  N=8   batch 1/1: 3.114785 sec, 8 copies (server sum 3052.687 ms)
  N=16  batch 1/1: 6.187348 sec, 16 copies (server sum 6120.109 ms)
  done: 5 sizes x 1 run (0 failures)

Done. Batch rows appended to logs/slope_sample/warm_stepup/reference_20260921T230207Z/query_timing_tpch_idx.csv
Per-copy samples appended to logs/slope_sample/warm_stepup/reference_20260921T230207Z/query_samples_tpch_idx.csv
Last batch ended at epoch 1790053853.630 (PREV_END_EPOCH for the next invocation)
===== [144/280] queries/tpch/sqlstorm_slope/reference/10538.sql run_id=24B38F5E431354D9 =====
query_runner configuration:
  QUERY_DIR         = queries/tpch/sqlstorm_slope/reference/10538.sql
  LOGS_DIR          = logs/slope_sample/warm_stepup/reference_20260921T230207Z  (query_timing_/query_samples_/query_catalog_tpch_idx.csv)
  DB_NAME / DB_USER = tpch_idx / postgres
  PGPORT            = 5434  (server reports 18.4)
  RUN_ID            = 24B38F5E431354D9
  WARMUP            = 2 single-copy warm-ups (the first primes the cache)
  BATCH_SIZES       = 1 2 4 8 16  x RUNS=1 measured batches each
  WORKERS           = (planner default)
  STATEMENT_TIMEOUT = 60
  THERMAL_EQUALISE  = gate (T_LO=55 T_HI=60 preheat<=60s cooldown<=120s)
  sensors           = pkg:/sys/class/hwmon/hwmon8/temp1_input cores:4 cpufreq:8 throttle:8/8
  SIGLESS_ADDR      = (disabled)
Found 1 query under queries/tpch/sqlstorm_slope/reference/10538.sql

[1/1] queries/tpch/sqlstorm_slope/reference/10538.sql (2 warmup + step-up 1 2 4 8 16 x1)
  thermal gate: waited 2s -> 58.0 C
  warmup 1/2: 0.343671 sec (cache prime)
  warmup 2/2: 0.169439 sec
  N=1   batch 1/1: 0.190203 sec, 1 copy (server sum 124.318 ms)
  N=2   batch 1/1: 0.326727 sec, 2 copies (server sum 233.376 ms)
  N=4   batch 1/1: 0.512834 sec, 4 copies (server sum 455.473 ms)
  N=8   batch 1/1: 1.000039 sec, 8 copies (server sum 940.963 ms)
  N=16  batch 1/1: 1.973139 sec, 16 copies (server sum 1863.406 ms)
  done: 5 sizes x 1 run (0 failures)

Done. Batch rows appended to logs/slope_sample/warm_stepup/reference_20260921T230207Z/query_timing_tpch_idx.csv
Per-copy samples appended to logs/slope_sample/warm_stepup/reference_20260921T230207Z/query_samples_tpch_idx.csv
Last batch ended at epoch 1790053864.199 (PREV_END_EPOCH for the next invocation)
===== [145/280] queries/tpch/sqlstorm_slope/reference/29659.sql run_id=B1725D84C66B9924 =====
query_runner configuration:
  QUERY_DIR         = queries/tpch/sqlstorm_slope/reference/29659.sql
  LOGS_DIR          = logs/slope_sample/warm_stepup/reference_20260921T230207Z  (query_timing_/query_samples_/query_catalog_tpch_idx.csv)
  DB_NAME / DB_USER = tpch_idx / postgres
  PGPORT            = 5434  (server reports 18.4)
  RUN_ID            = B1725D84C66B9924
  WARMUP            = 2 single-copy warm-ups (the first primes the cache)
  BATCH_SIZES       = 1 2 4 8 16  x RUNS=1 measured batches each
  WORKERS           = (planner default)
  STATEMENT_TIMEOUT = 60
  THERMAL_EQUALISE  = gate (T_LO=55 T_HI=60 preheat<=60s cooldown<=120s)
  sensors           = pkg:/sys/class/hwmon/hwmon8/temp1_input cores:4 cpufreq:8 throttle:8/8
  SIGLESS_ADDR      = (disabled)
Found 1 query under queries/tpch/sqlstorm_slope/reference/29659.sql

[1/1] queries/tpch/sqlstorm_slope/reference/29659.sql (2 warmup + step-up 1 2 4 8 16 x1)
  thermal gate: waited 2s -> 58.0 C
  warmup 1/2: 3.634639 sec (cache prime)
  warmup 2/2: 2.566697 sec
  N=1   batch 1/1: 2.561854 sec, 1 copy (server sum 2454.063 ms)
  N=2   batch 1/1: 4.884171 sec, 2 copies (server sum 4820.391 ms)
  N=4   batch 1/1: 9.632215 sec, 4 copies (server sum 9562.324 ms)
  N=8   batch 1/1: 19.236211 sec, 8 copies (server sum 19153.411 ms)
  N=16  batch 1/1: 38.377703 sec, 16 copies (server sum 38213.614 ms)
  done: 5 sizes x 1 run (0 failures)

Done. Batch rows appended to logs/slope_sample/warm_stepup/reference_20260921T230207Z/query_timing_tpch_idx.csv
Per-copy samples appended to logs/slope_sample/warm_stepup/reference_20260921T230207Z/query_samples_tpch_idx.csv
Last batch ended at epoch 1790053951.178 (PREV_END_EPOCH for the next invocation)
===== [146/280] queries/tpch/sqlstorm_slope/reference/8865.sql run_id=4B36358C806D9883 =====
query_runner configuration:
  QUERY_DIR         = queries/tpch/sqlstorm_slope/reference/8865.sql
  LOGS_DIR          = logs/slope_sample/warm_stepup/reference_20260921T230207Z  (query_timing_/query_samples_/query_catalog_tpch_idx.csv)
  DB_NAME / DB_USER = tpch_idx / postgres
  PGPORT            = 5434  (server reports 18.4)
  RUN_ID            = 4B36358C806D9883
  WARMUP            = 2 single-copy warm-ups (the first primes the cache)
  BATCH_SIZES       = 1 2 4 8 16  x RUNS=1 measured batches each
  WORKERS           = (planner default)
  STATEMENT_TIMEOUT = 60
  THERMAL_EQUALISE  = gate (T_LO=55 T_HI=60 preheat<=60s cooldown<=120s)
  sensors           = pkg:/sys/class/hwmon/hwmon8/temp1_input cores:4 cpufreq:8 throttle:8/8
  SIGLESS_ADDR      = (disabled)
Found 1 query under queries/tpch/sqlstorm_slope/reference/8865.sql

[1/1] queries/tpch/sqlstorm_slope/reference/8865.sql (2 warmup + step-up 1 2 4 8 16 x1)
  thermal gate: waited 2s -> 59.0 C
  warmup 1/2: 8.686166 sec (cache prime)
  warmup 2/2: 8.225835 sec
  N=1   batch 1/1: 8.214085 sec, 1 copy (server sum 8156.045 ms)
  N=2   batch 1/1: 16.373587 sec, 2 copies (server sum 16290.620 ms)
  N=4   batch 1/1: 32.423473 sec, 4 copies (server sum 32359.830 ms)
  N=8   batch 1/1: 64.700452 sec, 8 copies (server sum 64624.400 ms)
  N=16  batch 1/1: 129.781672 sec, 16 copies (server sum 129683.428 ms)
  done: 5 sizes x 1 run (0 failures)

Done. Batch rows appended to logs/slope_sample/warm_stepup/reference_20260921T230207Z/query_timing_tpch_idx.csv
Per-copy samples appended to logs/slope_sample/warm_stepup/reference_20260921T230207Z/query_samples_tpch_idx.csv
Last batch ended at epoch 1790054226.157 (PREV_END_EPOCH for the next invocation)
===== [147/280] queries/tpch/sqlstorm_slope/reference/15338.sql run_id=821682262A25161D =====
query_runner configuration:
  QUERY_DIR         = queries/tpch/sqlstorm_slope/reference/15338.sql
  LOGS_DIR          = logs/slope_sample/warm_stepup/reference_20260921T230207Z  (query_timing_/query_samples_/query_catalog_tpch_idx.csv)
  DB_NAME / DB_USER = tpch_idx / postgres
  PGPORT            = 5434  (server reports 18.4)
  RUN_ID            = 821682262A25161D
  WARMUP            = 2 single-copy warm-ups (the first primes the cache)
  BATCH_SIZES       = 1 2 4 8 16  x RUNS=1 measured batches each
  WORKERS           = (planner default)
  STATEMENT_TIMEOUT = 60
  THERMAL_EQUALISE  = gate (T_LO=55 T_HI=60 preheat<=60s cooldown<=120s)
  sensors           = pkg:/sys/class/hwmon/hwmon8/temp1_input cores:4 cpufreq:8 throttle:8/8
  SIGLESS_ADDR      = (disabled)
Found 1 query under queries/tpch/sqlstorm_slope/reference/15338.sql

[1/1] queries/tpch/sqlstorm_slope/reference/15338.sql (2 warmup + step-up 1 2 4 8 16 x1)
  thermal gate: pre-heated 5s -> 60.0 C
  warmup 1/2: 1.466267 sec (cache prime)
  warmup 2/2: 1.360592 sec
  N=1   batch 1/1: 1.316432 sec, 1 copy (server sum 1259.436 ms)
  N=2   batch 1/1: 2.527799 sec, 2 copies (server sum 2470.429 ms)
  N=4   batch 1/1: 4.913718 sec, 4 copies (server sum 4854.450 ms)
  N=8   batch 1/1: 9.769639 sec, 8 copies (server sum 9706.461 ms)
  N=16  batch 1/1: 19.360523 sec, 16 copies (server sum 19289.403 ms)
  done: 5 sizes x 1 run (0 failures)

Done. Batch rows appended to logs/slope_sample/warm_stepup/reference_20260921T230207Z/query_timing_tpch_idx.csv
Per-copy samples appended to logs/slope_sample/warm_stepup/reference_20260921T230207Z/query_samples_tpch_idx.csv
Last batch ended at epoch 1790054276.004 (PREV_END_EPOCH for the next invocation)
===== [148/280] queries/tpch/sqlstorm_slope/reference/7925.sql run_id=1DD1EEF556F0DD55 =====
query_runner configuration:
  QUERY_DIR         = queries/tpch/sqlstorm_slope/reference/7925.sql
  LOGS_DIR          = logs/slope_sample/warm_stepup/reference_20260921T230207Z  (query_timing_/query_samples_/query_catalog_tpch_idx.csv)
  DB_NAME / DB_USER = tpch_idx / postgres
  PGPORT            = 5434  (server reports 18.4)
  RUN_ID            = 1DD1EEF556F0DD55
  WARMUP            = 2 single-copy warm-ups (the first primes the cache)
  BATCH_SIZES       = 1 2 4 8 16  x RUNS=1 measured batches each
  WORKERS           = (planner default)
  STATEMENT_TIMEOUT = 60
  THERMAL_EQUALISE  = gate (T_LO=55 T_HI=60 preheat<=60s cooldown<=120s)
  sensors           = pkg:/sys/class/hwmon/hwmon8/temp1_input cores:4 cpufreq:8 throttle:8/8
  SIGLESS_ADDR      = (disabled)
Found 1 query under queries/tpch/sqlstorm_slope/reference/7925.sql

[1/1] queries/tpch/sqlstorm_slope/reference/7925.sql (2 warmup + step-up 1 2 4 8 16 x1)
  thermal gate: pre-heated 5s -> 60.0 C
  warmup 1/2: 7.544134 sec (cache prime)
  warmup 2/2: 6.378383 sec
  N=1   batch 1/1: 6.484019 sec, 1 copy (server sum 6359.432 ms)
  N=2   batch 1/1: 12.722273 sec, 2 copies (server sum 12658.482 ms)
  N=4   batch 1/1: 25.366193 sec, 4 copies (server sum 25293.528 ms)
  N=8   batch 1/1: 50.553311 sec, 8 copies (server sum 50467.827 ms)
  N=16  batch 1/1: 101.117300 sec, 16 copies (server sum 101003.257 ms)
  done: 5 sizes x 1 run (0 failures)

Done. Batch rows appended to logs/slope_sample/warm_stepup/reference_20260921T230207Z/query_timing_tpch_idx.csv
Per-copy samples appended to logs/slope_sample/warm_stepup/reference_20260921T230207Z/query_samples_tpch_idx.csv
Last batch ended at epoch 1790054495.350 (PREV_END_EPOCH for the next invocation)
===== [149/280] queries/tpch/sqlstorm_slope/reference/28614.sql run_id=8EEFE33B291D02C0 =====
query_runner configuration:
  QUERY_DIR         = queries/tpch/sqlstorm_slope/reference/28614.sql
  LOGS_DIR          = logs/slope_sample/warm_stepup/reference_20260921T230207Z  (query_timing_/query_samples_/query_catalog_tpch_idx.csv)
  DB_NAME / DB_USER = tpch_idx / postgres
  PGPORT            = 5434  (server reports 18.4)
  RUN_ID            = 8EEFE33B291D02C0
  WARMUP            = 2 single-copy warm-ups (the first primes the cache)
  BATCH_SIZES       = 1 2 4 8 16  x RUNS=1 measured batches each
  WORKERS           = (planner default)
  STATEMENT_TIMEOUT = 60
  THERMAL_EQUALISE  = gate (T_LO=55 T_HI=60 preheat<=60s cooldown<=120s)
  sensors           = pkg:/sys/class/hwmon/hwmon8/temp1_input cores:4 cpufreq:8 throttle:8/8
  SIGLESS_ADDR      = (disabled)
Found 1 query under queries/tpch/sqlstorm_slope/reference/28614.sql

[1/1] queries/tpch/sqlstorm_slope/reference/28614.sql (2 warmup + step-up 1 2 4 8 16 x1)
  thermal gate: waited 8s -> 59.0 C
  warmup 1/2: 0.247813 sec (cache prime)
  warmup 2/2: 0.079428 sec
  N=1   batch 1/1: 0.078510 sec, 1 copy (server sum 17.584 ms)
  N=2   batch 1/1: 0.099627 sec, 2 copies (server sum 33.738 ms)
  N=4   batch 1/1: 0.138218 sec, 4 copies (server sum 64.458 ms)
  N=8   batch 1/1: 0.220102 sec, 8 copies (server sum 129.806 ms)
  N=16  batch 1/1: 0.378919 sec, 16 copies (server sum 254.991 ms)
  done: 5 sizes x 1 run (0 failures)

Done. Batch rows appended to logs/slope_sample/warm_stepup/reference_20260921T230207Z/query_timing_tpch_idx.csv
Per-copy samples appended to logs/slope_sample/warm_stepup/reference_20260921T230207Z/query_samples_tpch_idx.csv
Last batch ended at epoch 1790054509.279 (PREV_END_EPOCH for the next invocation)
===== [150/280] queries/tpch/sqlstorm_slope/reference/8411.sql run_id=9C1B8B41BBC3886D =====
query_runner configuration:
  QUERY_DIR         = queries/tpch/sqlstorm_slope/reference/8411.sql
  LOGS_DIR          = logs/slope_sample/warm_stepup/reference_20260921T230207Z  (query_timing_/query_samples_/query_catalog_tpch_idx.csv)
  DB_NAME / DB_USER = tpch_idx / postgres
  PGPORT            = 5434  (server reports 18.4)
  RUN_ID            = 9C1B8B41BBC3886D
  WARMUP            = 2 single-copy warm-ups (the first primes the cache)
  BATCH_SIZES       = 1 2 4 8 16  x RUNS=1 measured batches each
  WORKERS           = (planner default)
  STATEMENT_TIMEOUT = 60
  THERMAL_EQUALISE  = gate (T_LO=55 T_HI=60 preheat<=60s cooldown<=120s)
  sensors           = pkg:/sys/class/hwmon/hwmon8/temp1_input cores:4 cpufreq:8 throttle:8/8
  SIGLESS_ADDR      = (disabled)
Found 1 query under queries/tpch/sqlstorm_slope/reference/8411.sql

[1/1] queries/tpch/sqlstorm_slope/reference/8411.sql (2 warmup + step-up 1 2 4 8 16 x1)
  warmup 1/2: 15.217396 sec (cache prime)
  warmup 2/2: 11.723751 sec
  N=1   batch 1/1: 11.721501 sec, 1 copy (server sum 11662.223 ms)
  N=2   batch 1/1: 23.239842 sec, 2 copies (server sum 23177.965 ms)
  N=4   batch 1/1: 46.464818 sec, 4 copies (server sum 46361.950 ms)
  N=8   batch 1/1: 92.570273 sec, 8 copies (server sum 92479.553 ms)
  N=16  batch 1/1: 184.707963 sec, 16 copies (server sum 184594.983 ms)
  done: 5 sizes x 1 run (0 failures)

Done. Batch rows appended to logs/slope_sample/warm_stepup/reference_20260921T230207Z/query_timing_tpch_idx.csv
Per-copy samples appended to logs/slope_sample/warm_stepup/reference_20260921T230207Z/query_samples_tpch_idx.csv
Last batch ended at epoch 1790054898.703 (PREV_END_EPOCH for the next invocation)
===== [151/280] queries/tpch/sqlstorm_slope/reference/10538.sql run_id=7764E01703D114A3 =====
query_runner configuration:
  QUERY_DIR         = queries/tpch/sqlstorm_slope/reference/10538.sql
  LOGS_DIR          = logs/slope_sample/warm_stepup/reference_20260921T230207Z  (query_timing_/query_samples_/query_catalog_tpch_idx.csv)
  DB_NAME / DB_USER = tpch_idx / postgres
  PGPORT            = 5434  (server reports 18.4)
  RUN_ID            = 7764E01703D114A3
  WARMUP            = 2 single-copy warm-ups (the first primes the cache)
  BATCH_SIZES       = 1 2 4 8 16  x RUNS=1 measured batches each
  WORKERS           = (planner default)
  STATEMENT_TIMEOUT = 60
  THERMAL_EQUALISE  = gate (T_LO=55 T_HI=60 preheat<=60s cooldown<=120s)
  sensors           = pkg:/sys/class/hwmon/hwmon8/temp1_input cores:4 cpufreq:8 throttle:8/8
  SIGLESS_ADDR      = (disabled)
Found 1 query under queries/tpch/sqlstorm_slope/reference/10538.sql

[1/1] queries/tpch/sqlstorm_slope/reference/10538.sql (2 warmup + step-up 1 2 4 8 16 x1)
  thermal gate: waited 4s -> 60.0 C
  warmup 1/2: 0.350328 sec (cache prime)
  warmup 2/2: 0.170326 sec
  N=1   batch 1/1: 0.184484 sec, 1 copy (server sum 112.766 ms)
  N=2   batch 1/1: 0.312157 sec, 2 copies (server sum 225.188 ms)
  N=4   batch 1/1: 0.509915 sec, 4 copies (server sum 452.964 ms)
  N=8   batch 1/1: 1.013544 sec, 8 copies (server sum 952.175 ms)
  N=16  batch 1/1: 1.898482 sec, 16 copies (server sum 1833.516 ms)
  done: 5 sizes x 1 run (0 failures)

Done. Batch rows appended to logs/slope_sample/warm_stepup/reference_20260921T230207Z/query_timing_tpch_idx.csv
Per-copy samples appended to logs/slope_sample/warm_stepup/reference_20260921T230207Z/query_samples_tpch_idx.csv
Last batch ended at epoch 1790054911.637 (PREV_END_EPOCH for the next invocation)
===== [152/280] queries/tpch/sqlstorm_slope/reference/8865.sql run_id=2612B2958AA449E9 =====
query_runner configuration:
  QUERY_DIR         = queries/tpch/sqlstorm_slope/reference/8865.sql
  LOGS_DIR          = logs/slope_sample/warm_stepup/reference_20260921T230207Z  (query_timing_/query_samples_/query_catalog_tpch_idx.csv)
  DB_NAME / DB_USER = tpch_idx / postgres
  PGPORT            = 5434  (server reports 18.4)
  RUN_ID            = 2612B2958AA449E9
  WARMUP            = 2 single-copy warm-ups (the first primes the cache)
  BATCH_SIZES       = 1 2 4 8 16  x RUNS=1 measured batches each
  WORKERS           = (planner default)
  STATEMENT_TIMEOUT = 60
  THERMAL_EQUALISE  = gate (T_LO=55 T_HI=60 preheat<=60s cooldown<=120s)
  sensors           = pkg:/sys/class/hwmon/hwmon8/temp1_input cores:4 cpufreq:8 throttle:8/8
  SIGLESS_ADDR      = (disabled)
Found 1 query under queries/tpch/sqlstorm_slope/reference/8865.sql

[1/1] queries/tpch/sqlstorm_slope/reference/8865.sql (2 warmup + step-up 1 2 4 8 16 x1)
  thermal gate: waited 2s -> 59.0 C
  warmup 1/2: 8.801133 sec (cache prime)
  warmup 2/2: 8.255370 sec
  N=1   batch 1/1: 8.217540 sec, 1 copy (server sum 8159.491 ms)
  N=2   batch 1/1: 16.382333 sec, 2 copies (server sum 16280.642 ms)
  N=4   batch 1/1: 32.417250 sec, 4 copies (server sum 32353.538 ms)
  N=8   batch 1/1: 64.981842 sec, 8 copies (server sum 64899.942 ms)
  N=16  batch 1/1: 129.733142 sec, 16 copies (server sum 129614.379 ms)
  done: 5 sizes x 1 run (0 failures)

Done. Batch rows appended to logs/slope_sample/warm_stepup/reference_20260921T230207Z/query_timing_tpch_idx.csv
Per-copy samples appended to logs/slope_sample/warm_stepup/reference_20260921T230207Z/query_samples_tpch_idx.csv
Last batch ended at epoch 1790055186.217 (PREV_END_EPOCH for the next invocation)
===== [153/280] queries/tpch/sqlstorm_slope/reference/14523.sql run_id=D18172A7D8812201 =====
query_runner configuration:
  QUERY_DIR         = queries/tpch/sqlstorm_slope/reference/14523.sql
  LOGS_DIR          = logs/slope_sample/warm_stepup/reference_20260921T230207Z  (query_timing_/query_samples_/query_catalog_tpch_idx.csv)
  DB_NAME / DB_USER = tpch_idx / postgres
  PGPORT            = 5434  (server reports 18.4)
  RUN_ID            = D18172A7D8812201
  WARMUP            = 2 single-copy warm-ups (the first primes the cache)
  BATCH_SIZES       = 1 2 4 8 16  x RUNS=1 measured batches each
  WORKERS           = (planner default)
  STATEMENT_TIMEOUT = 60
  THERMAL_EQUALISE  = gate (T_LO=55 T_HI=60 preheat<=60s cooldown<=120s)
  sensors           = pkg:/sys/class/hwmon/hwmon8/temp1_input cores:4 cpufreq:8 throttle:8/8
  SIGLESS_ADDR      = (disabled)
Found 1 query under queries/tpch/sqlstorm_slope/reference/14523.sql

[1/1] queries/tpch/sqlstorm_slope/reference/14523.sql (2 warmup + step-up 1 2 4 8 16 x1)
  thermal gate: pre-heated 5s -> 60.0 C
  warmup 1/2: 1.598605 sec (cache prime)
  warmup 2/2: 0.476227 sec
  N=1   batch 1/1: 0.475571 sec, 1 copy (server sum 419.624 ms)
  N=2   batch 1/1: 0.853961 sec, 2 copies (server sum 796.917 ms)
  N=4   batch 1/1: 1.622712 sec, 4 copies (server sum 1561.584 ms)
  N=8   batch 1/1: 3.643162 sec, 8 copies (server sum 3581.159 ms)
  N=16  batch 1/1: 7.138364 sec, 16 copies (server sum 7068.947 ms)
  done: 5 sizes x 1 run (0 failures)

Done. Batch rows appended to logs/slope_sample/warm_stepup/reference_20260921T230207Z/query_timing_tpch_idx.csv
Per-copy samples appended to logs/slope_sample/warm_stepup/reference_20260921T230207Z/query_samples_tpch_idx.csv
Last batch ended at epoch 1790055211.465 (PREV_END_EPOCH for the next invocation)
===== [154/280] queries/tpch/sqlstorm_slope/reference/26387.sql run_id=B4EB78F6464F22F3 =====
query_runner configuration:
  QUERY_DIR         = queries/tpch/sqlstorm_slope/reference/26387.sql
  LOGS_DIR          = logs/slope_sample/warm_stepup/reference_20260921T230207Z  (query_timing_/query_samples_/query_catalog_tpch_idx.csv)
  DB_NAME / DB_USER = tpch_idx / postgres
  PGPORT            = 5434  (server reports 18.4)
  RUN_ID            = B4EB78F6464F22F3
  WARMUP            = 2 single-copy warm-ups (the first primes the cache)
  BATCH_SIZES       = 1 2 4 8 16  x RUNS=1 measured batches each
  WORKERS           = (planner default)
  STATEMENT_TIMEOUT = 60
  THERMAL_EQUALISE  = gate (T_LO=55 T_HI=60 preheat<=60s cooldown<=120s)
  sensors           = pkg:/sys/class/hwmon/hwmon8/temp1_input cores:4 cpufreq:8 throttle:8/8
  SIGLESS_ADDR      = (disabled)
Found 1 query under queries/tpch/sqlstorm_slope/reference/26387.sql

[1/1] queries/tpch/sqlstorm_slope/reference/26387.sql (2 warmup + step-up 1 2 4 8 16 x1)
  warmup 1/2: 4.905081 sec (cache prime)
  warmup 2/2: 4.248210 sec
  N=1   batch 1/1: 4.268323 sec, 1 copy (server sum 4210.747 ms)
  N=2   batch 1/1: 8.457095 sec, 2 copies (server sum 8397.794 ms)
  N=4   batch 1/1: 16.815839 sec, 4 copies (server sum 16752.294 ms)
  N=8   batch 1/1: 33.690577 sec, 8 copies (server sum 33601.949 ms)
  N=16  batch 1/1: 67.272595 sec, 16 copies (server sum 67196.056 ms)
  done: 5 sizes x 1 run (0 failures)

Done. Batch rows appended to logs/slope_sample/warm_stepup/reference_20260921T230207Z/query_timing_tpch_idx.csv
Per-copy samples appended to logs/slope_sample/warm_stepup/reference_20260921T230207Z/query_samples_tpch_idx.csv
Last batch ended at epoch 1790055356.170 (PREV_END_EPOCH for the next invocation)
===== [155/280] queries/tpch/sqlstorm_slope/reference/26387.sql run_id=116C0765ADF11F8B =====
query_runner configuration:
  QUERY_DIR         = queries/tpch/sqlstorm_slope/reference/26387.sql
  LOGS_DIR          = logs/slope_sample/warm_stepup/reference_20260921T230207Z  (query_timing_/query_samples_/query_catalog_tpch_idx.csv)
  DB_NAME / DB_USER = tpch_idx / postgres
  PGPORT            = 5434  (server reports 18.4)
  RUN_ID            = 116C0765ADF11F8B
  WARMUP            = 2 single-copy warm-ups (the first primes the cache)
  BATCH_SIZES       = 1 2 4 8 16  x RUNS=1 measured batches each
  WORKERS           = (planner default)
  STATEMENT_TIMEOUT = 60
  THERMAL_EQUALISE  = gate (T_LO=55 T_HI=60 preheat<=60s cooldown<=120s)
  sensors           = pkg:/sys/class/hwmon/hwmon8/temp1_input cores:4 cpufreq:8 throttle:8/8
  SIGLESS_ADDR      = (disabled)
Found 1 query under queries/tpch/sqlstorm_slope/reference/26387.sql

[1/1] queries/tpch/sqlstorm_slope/reference/26387.sql (2 warmup + step-up 1 2 4 8 16 x1)
  warmup 1/2: 5.086241 sec (cache prime)
  warmup 2/2: 4.373007 sec
  N=1   batch 1/1: 4.379656 sec, 1 copy (server sum 4313.127 ms)
  N=2   batch 1/1: 8.675654 sec, 2 copies (server sum 8553.589 ms)
  N=4   batch 1/1: 17.226640 sec, 4 copies (server sum 17165.370 ms)
  N=8   batch 1/1: 34.626557 sec, 8 copies (server sum 34525.330 ms)
  N=16  batch 1/1: 68.517343 sec, 16 copies (server sum 68440.754 ms)
  done: 5 sizes x 1 run (0 failures)

Done. Batch rows appended to logs/slope_sample/warm_stepup/reference_20260921T230207Z/query_timing_tpch_idx.csv
Per-copy samples appended to logs/slope_sample/warm_stepup/reference_20260921T230207Z/query_samples_tpch_idx.csv
Last batch ended at epoch 1790055503.053 (PREV_END_EPOCH for the next invocation)
===== [156/280] queries/tpch/sqlstorm_slope/reference/15338.sql run_id=4601CCBB65F2C933 =====
query_runner configuration:
  QUERY_DIR         = queries/tpch/sqlstorm_slope/reference/15338.sql
  LOGS_DIR          = logs/slope_sample/warm_stepup/reference_20260921T230207Z  (query_timing_/query_samples_/query_catalog_tpch_idx.csv)
  DB_NAME / DB_USER = tpch_idx / postgres
  PGPORT            = 5434  (server reports 18.4)
  RUN_ID            = 4601CCBB65F2C933
  WARMUP            = 2 single-copy warm-ups (the first primes the cache)
  BATCH_SIZES       = 1 2 4 8 16  x RUNS=1 measured batches each
  WORKERS           = (planner default)
  STATEMENT_TIMEOUT = 60
  THERMAL_EQUALISE  = gate (T_LO=55 T_HI=60 preheat<=60s cooldown<=120s)
  sensors           = pkg:/sys/class/hwmon/hwmon8/temp1_input cores:4 cpufreq:8 throttle:8/8
  SIGLESS_ADDR      = (disabled)
Found 1 query under queries/tpch/sqlstorm_slope/reference/15338.sql

[1/1] queries/tpch/sqlstorm_slope/reference/15338.sql (2 warmup + step-up 1 2 4 8 16 x1)
  warmup 1/2: 1.559772 sec (cache prime)
  warmup 2/2: 1.353108 sec
  N=1   batch 1/1: 1.304629 sec, 1 copy (server sum 1248.412 ms)
  N=2   batch 1/1: 2.502543 sec, 2 copies (server sum 2445.003 ms)
  N=4   batch 1/1: 4.929619 sec, 4 copies (server sum 4870.260 ms)
  N=8   batch 1/1: 9.703781 sec, 8 copies (server sum 9640.558 ms)
  N=16  batch 1/1: 19.301749 sec, 16 copies (server sum 19213.206 ms)
  done: 5 sizes x 1 run (0 failures)

Done. Batch rows appended to logs/slope_sample/warm_stepup/reference_20260921T230207Z/query_timing_tpch_idx.csv
Per-copy samples appended to logs/slope_sample/warm_stepup/reference_20260921T230207Z/query_samples_tpch_idx.csv
Last batch ended at epoch 1790055547.840 (PREV_END_EPOCH for the next invocation)
===== [157/280] queries/tpch/sqlstorm_slope/reference/5554.sql run_id=F502E26E5490B0A9 =====
query_runner configuration:
  QUERY_DIR         = queries/tpch/sqlstorm_slope/reference/5554.sql
  LOGS_DIR          = logs/slope_sample/warm_stepup/reference_20260921T230207Z  (query_timing_/query_samples_/query_catalog_tpch_idx.csv)
  DB_NAME / DB_USER = tpch_idx / postgres
  PGPORT            = 5434  (server reports 18.4)
  RUN_ID            = F502E26E5490B0A9
  WARMUP            = 2 single-copy warm-ups (the first primes the cache)
  BATCH_SIZES       = 1 2 4 8 16  x RUNS=1 measured batches each
  WORKERS           = (planner default)
  STATEMENT_TIMEOUT = 60
  THERMAL_EQUALISE  = gate (T_LO=55 T_HI=60 preheat<=60s cooldown<=120s)
  sensors           = pkg:/sys/class/hwmon/hwmon8/temp1_input cores:4 cpufreq:8 throttle:8/8
  SIGLESS_ADDR      = (disabled)
Found 1 query under queries/tpch/sqlstorm_slope/reference/5554.sql

[1/1] queries/tpch/sqlstorm_slope/reference/5554.sql (2 warmup + step-up 1 2 4 8 16 x1)
  thermal gate: pre-heated 5s -> 61.0 C
  warmup 1/2: 8.438966 sec (cache prime)
  warmup 2/2: 7.206321 sec
  N=1   batch 1/1: 7.255472 sec, 1 copy (server sum 7157.043 ms)
  N=2   batch 1/1: 14.251986 sec, 2 copies (server sum 14188.075 ms)
  N=4   batch 1/1: 28.427565 sec, 4 copies (server sum 28305.685 ms)
  N=8   batch 1/1: 56.547839 sec, 8 copies (server sum 56465.357 ms)
  N=16  batch 1/1: 112.820183 sec, 16 copies (server sum 112705.605 ms)
  done: 5 sizes x 1 run (0 failures)

Done. Batch rows appended to logs/slope_sample/warm_stepup/reference_20260921T230207Z/query_timing_tpch_idx.csv
Per-copy samples appended to logs/slope_sample/warm_stepup/reference_20260921T230207Z/query_samples_tpch_idx.csv
Last batch ended at epoch 1790055791.978 (PREV_END_EPOCH for the next invocation)
===== [158/280] queries/tpch/sqlstorm_slope/reference/2950.sql run_id=2208CD1183B21F14 =====
query_runner configuration:
  QUERY_DIR         = queries/tpch/sqlstorm_slope/reference/2950.sql
  LOGS_DIR          = logs/slope_sample/warm_stepup/reference_20260921T230207Z  (query_timing_/query_samples_/query_catalog_tpch_idx.csv)
  DB_NAME / DB_USER = tpch_idx / postgres
  PGPORT            = 5434  (server reports 18.4)
  RUN_ID            = 2208CD1183B21F14
  WARMUP            = 2 single-copy warm-ups (the first primes the cache)
  BATCH_SIZES       = 1 2 4 8 16  x RUNS=1 measured batches each
  WORKERS           = (planner default)
  STATEMENT_TIMEOUT = 60
  THERMAL_EQUALISE  = gate (T_LO=55 T_HI=60 preheat<=60s cooldown<=120s)
  sensors           = pkg:/sys/class/hwmon/hwmon8/temp1_input cores:4 cpufreq:8 throttle:8/8
  SIGLESS_ADDR      = (disabled)
Found 1 query under queries/tpch/sqlstorm_slope/reference/2950.sql

[1/1] queries/tpch/sqlstorm_slope/reference/2950.sql (2 warmup + step-up 1 2 4 8 16 x1)
  thermal gate: waited 6s -> 60.0 C
  warmup 1/2: 14.005187 sec (cache prime)
  warmup 2/2: 12.840957 sec
  N=1   batch 1/1: 12.650073 sec, 1 copy (server sum 12591.115 ms)
  N=2   batch 1/1: 25.511627 sec, 2 copies (server sum 25450.299 ms)
  N=4   batch 1/1: 50.058287 sec, 4 copies (server sum 49981.468 ms)
  N=8   batch 1/1: 101.430581 sec, 8 copies (server sum 101354.128 ms)
  N=16  batch 1/1: 204.350911 sec, 16 copies (server sum 204198.798 ms)
  done: 5 sizes x 1 run (0 failures)

Done. Batch rows appended to logs/slope_sample/warm_stepup/reference_20260921T230207Z/query_timing_tpch_idx.csv
Per-copy samples appended to logs/slope_sample/warm_stepup/reference_20260921T230207Z/query_samples_tpch_idx.csv
Last batch ended at epoch 1790056223.523 (PREV_END_EPOCH for the next invocation)
===== [159/280] queries/tpch/sqlstorm_slope/reference/8033.sql run_id=D0F9EDBBB8B70969 =====
query_runner configuration:
  QUERY_DIR         = queries/tpch/sqlstorm_slope/reference/8033.sql
  LOGS_DIR          = logs/slope_sample/warm_stepup/reference_20260921T230207Z  (query_timing_/query_samples_/query_catalog_tpch_idx.csv)
  DB_NAME / DB_USER = tpch_idx / postgres
  PGPORT            = 5434  (server reports 18.4)
  RUN_ID            = D0F9EDBBB8B70969
  WARMUP            = 2 single-copy warm-ups (the first primes the cache)
  BATCH_SIZES       = 1 2 4 8 16  x RUNS=1 measured batches each
  WORKERS           = (planner default)
  STATEMENT_TIMEOUT = 60
  THERMAL_EQUALISE  = gate (T_LO=55 T_HI=60 preheat<=60s cooldown<=120s)
  sensors           = pkg:/sys/class/hwmon/hwmon8/temp1_input cores:4 cpufreq:8 throttle:8/8
  SIGLESS_ADDR      = (disabled)
Found 1 query under queries/tpch/sqlstorm_slope/reference/8033.sql

[1/1] queries/tpch/sqlstorm_slope/reference/8033.sql (2 warmup + step-up 1 2 4 8 16 x1)
  warmup 1/2: 3.573119 sec (cache prime)
  warmup 2/2: 1.429619 sec
  N=1   batch 1/1: 1.426363 sec, 1 copy (server sum 1368.420 ms)
  N=2   batch 1/1: 2.779907 sec, 2 copies (server sum 2719.669 ms)
  N=4   batch 1/1: 5.470102 sec, 4 copies (server sum 5382.542 ms)
  N=8   batch 1/1: 10.743146 sec, 8 copies (server sum 10667.206 ms)
  N=16  batch 1/1: 21.525149 sec, 16 copies (server sum 21379.534 ms)
  done: 5 sizes x 1 run (0 failures)

Done. Batch rows appended to logs/slope_sample/warm_stepup/reference_20260921T230207Z/query_timing_tpch_idx.csv
Per-copy samples appended to logs/slope_sample/warm_stepup/reference_20260921T230207Z/query_samples_tpch_idx.csv
Last batch ended at epoch 1790056274.970 (PREV_END_EPOCH for the next invocation)
===== [160/280] queries/tpch/sqlstorm_slope/reference/15338.sql run_id=DBCD0BDAFD2116F5 =====
query_runner configuration:
  QUERY_DIR         = queries/tpch/sqlstorm_slope/reference/15338.sql
  LOGS_DIR          = logs/slope_sample/warm_stepup/reference_20260921T230207Z  (query_timing_/query_samples_/query_catalog_tpch_idx.csv)
  DB_NAME / DB_USER = tpch_idx / postgres
  PGPORT            = 5434  (server reports 18.4)
  RUN_ID            = DBCD0BDAFD2116F5
  WARMUP            = 2 single-copy warm-ups (the first primes the cache)
  BATCH_SIZES       = 1 2 4 8 16  x RUNS=1 measured batches each
  WORKERS           = (planner default)
  STATEMENT_TIMEOUT = 60
  THERMAL_EQUALISE  = gate (T_LO=55 T_HI=60 preheat<=60s cooldown<=120s)
  sensors           = pkg:/sys/class/hwmon/hwmon8/temp1_input cores:4 cpufreq:8 throttle:8/8
  SIGLESS_ADDR      = (disabled)
Found 1 query under queries/tpch/sqlstorm_slope/reference/15338.sql

[1/1] queries/tpch/sqlstorm_slope/reference/15338.sql (2 warmup + step-up 1 2 4 8 16 x1)
  thermal gate: waited 4s -> 59.0 C
  warmup 1/2: 1.452474 sec (cache prime)
  warmup 2/2: 1.288337 sec
  N=1   batch 1/1: 1.344954 sec, 1 copy (server sum 1240.757 ms)
  N=2   batch 1/1: 2.506787 sec, 2 copies (server sum 2449.076 ms)
  N=4   batch 1/1: 4.926537 sec, 4 copies (server sum 4815.601 ms)
  N=8   batch 1/1: 9.621824 sec, 8 copies (server sum 9558.788 ms)
  N=16  batch 1/1: 19.192855 sec, 16 copies (server sum 19079.601 ms)
  done: 5 sizes x 1 run (0 failures)

Done. Batch rows appended to logs/slope_sample/warm_stepup/reference_20260921T230207Z/query_timing_tpch_idx.csv
Per-copy samples appended to logs/slope_sample/warm_stepup/reference_20260921T230207Z/query_samples_tpch_idx.csv
Last batch ended at epoch 1790056323.546 (PREV_END_EPOCH for the next invocation)
===== [161/280] queries/tpch/sqlstorm_slope/reference/8411.sql run_id=5A23792D97147080 =====
query_runner configuration:
  QUERY_DIR         = queries/tpch/sqlstorm_slope/reference/8411.sql
  LOGS_DIR          = logs/slope_sample/warm_stepup/reference_20260921T230207Z  (query_timing_/query_samples_/query_catalog_tpch_idx.csv)
  DB_NAME / DB_USER = tpch_idx / postgres
  PGPORT            = 5434  (server reports 18.4)
  RUN_ID            = 5A23792D97147080
  WARMUP            = 2 single-copy warm-ups (the first primes the cache)
  BATCH_SIZES       = 1 2 4 8 16  x RUNS=1 measured batches each
  WORKERS           = (planner default)
  STATEMENT_TIMEOUT = 60
  THERMAL_EQUALISE  = gate (T_LO=55 T_HI=60 preheat<=60s cooldown<=120s)
  sensors           = pkg:/sys/class/hwmon/hwmon8/temp1_input cores:4 cpufreq:8 throttle:8/8
  SIGLESS_ADDR      = (disabled)
Found 1 query under queries/tpch/sqlstorm_slope/reference/8411.sql

[1/1] queries/tpch/sqlstorm_slope/reference/8411.sql (2 warmup + step-up 1 2 4 8 16 x1)
  warmup 1/2: 14.790128 sec (cache prime)
  warmup 2/2: 11.714975 sec
  N=1   batch 1/1: 11.769294 sec, 1 copy (server sum 11710.450 ms)
  N=2   batch 1/1: 23.322605 sec, 2 copies (server sum 23260.018 ms)
  N=4   batch 1/1: 46.420002 sec, 4 copies (server sum 46353.685 ms)
  N=8   batch 1/1: 92.749084 sec, 8 copies (server sum 92671.729 ms)
  N=16  batch 1/1: 185.395021 sec, 16 copies (server sum 185294.236 ms)
  done: 5 sizes x 1 run (0 failures)

Done. Batch rows appended to logs/slope_sample/warm_stepup/reference_20260921T230207Z/query_timing_tpch_idx.csv
Per-copy samples appended to logs/slope_sample/warm_stepup/reference_20260921T230207Z/query_samples_tpch_idx.csv
Last batch ended at epoch 1790056713.868 (PREV_END_EPOCH for the next invocation)
===== [162/280] queries/tpch/sqlstorm_slope/reference/32103.sql run_id=1168B07B8E9830F4 =====
query_runner configuration:
  QUERY_DIR         = queries/tpch/sqlstorm_slope/reference/32103.sql
  LOGS_DIR          = logs/slope_sample/warm_stepup/reference_20260921T230207Z  (query_timing_/query_samples_/query_catalog_tpch_idx.csv)
  DB_NAME / DB_USER = tpch_idx / postgres
  PGPORT            = 5434  (server reports 18.4)
  RUN_ID            = 1168B07B8E9830F4
  WARMUP            = 2 single-copy warm-ups (the first primes the cache)
  BATCH_SIZES       = 1 2 4 8 16  x RUNS=1 measured batches each
  WORKERS           = (planner default)
  STATEMENT_TIMEOUT = 60
  THERMAL_EQUALISE  = gate (T_LO=55 T_HI=60 preheat<=60s cooldown<=120s)
  sensors           = pkg:/sys/class/hwmon/hwmon8/temp1_input cores:4 cpufreq:8 throttle:8/8
  SIGLESS_ADDR      = (disabled)
Found 1 query under queries/tpch/sqlstorm_slope/reference/32103.sql

[1/1] queries/tpch/sqlstorm_slope/reference/32103.sql (2 warmup + step-up 1 2 4 8 16 x1)
  thermal gate: waited 4s -> 60.0 C
  warmup 1/2: 1.463963 sec (cache prime)
  warmup 2/2: 0.607441 sec
  N=1   batch 1/1: 0.610171 sec, 1 copy (server sum 548.472 ms)
  N=2   batch 1/1: 1.130323 sec, 2 copies (server sum 1065.741 ms)
  N=4   batch 1/1: 2.175764 sec, 4 copies (server sum 2102.915 ms)
  N=8   batch 1/1: 4.294823 sec, 8 copies (server sum 4188.254 ms)
  N=16  batch 1/1: 8.501011 sec, 16 copies (server sum 8334.888 ms)
  done: 5 sizes x 1 run (0 failures)

Done. Batch rows appended to logs/slope_sample/warm_stepup/reference_20260921T230207Z/query_timing_tpch_idx.csv
Per-copy samples appended to logs/slope_sample/warm_stepup/reference_20260921T230207Z/query_samples_tpch_idx.csv
Last batch ended at epoch 1790056741.494 (PREV_END_EPOCH for the next invocation)
===== [163/280] queries/tpch/sqlstorm_slope/reference/9307.sql run_id=F86AB4B02C81BDF8 =====
query_runner configuration:
  QUERY_DIR         = queries/tpch/sqlstorm_slope/reference/9307.sql
  LOGS_DIR          = logs/slope_sample/warm_stepup/reference_20260921T230207Z  (query_timing_/query_samples_/query_catalog_tpch_idx.csv)
  DB_NAME / DB_USER = tpch_idx / postgres
  PGPORT            = 5434  (server reports 18.4)
  RUN_ID            = F86AB4B02C81BDF8
  WARMUP            = 2 single-copy warm-ups (the first primes the cache)
  BATCH_SIZES       = 1 2 4 8 16  x RUNS=1 measured batches each
  WORKERS           = (planner default)
  STATEMENT_TIMEOUT = 60
  THERMAL_EQUALISE  = gate (T_LO=55 T_HI=60 preheat<=60s cooldown<=120s)
  sensors           = pkg:/sys/class/hwmon/hwmon8/temp1_input cores:4 cpufreq:8 throttle:8/8
  SIGLESS_ADDR      = (disabled)
Found 1 query under queries/tpch/sqlstorm_slope/reference/9307.sql

[1/1] queries/tpch/sqlstorm_slope/reference/9307.sql (2 warmup + step-up 1 2 4 8 16 x1)
  thermal gate: waited 4s -> 59.0 C
  warmup 1/2: 16.363722 sec (cache prime)
  warmup 2/2: 13.550519 sec
  N=1   batch 1/1: 13.491840 sec, 1 copy (server sum 13433.817 ms)
  N=2   batch 1/1: 26.879259 sec, 2 copies (server sum 26818.613 ms)
  N=4   batch 1/1: 53.205352 sec, 4 copies (server sum 53135.446 ms)
  N=8   batch 1/1: 105.906712 sec, 8 copies (server sum 105836.016 ms)
  N=16  batch 1/1: 212.158802 sec, 16 copies (server sum 212071.331 ms)
  done: 5 sizes x 1 run (0 failures)

Done. Batch rows appended to logs/slope_sample/warm_stepup/reference_20260921T230207Z/query_timing_tpch_idx.csv
Per-copy samples appended to logs/slope_sample/warm_stepup/reference_20260921T230207Z/query_samples_tpch_idx.csv
Last batch ended at epoch 1790057191.790 (PREV_END_EPOCH for the next invocation)
===== [164/280] queries/tpch/sqlstorm_slope/reference/15598.sql run_id=595DA07A0444FCB4 =====
query_runner configuration:
  QUERY_DIR         = queries/tpch/sqlstorm_slope/reference/15598.sql
  LOGS_DIR          = logs/slope_sample/warm_stepup/reference_20260921T230207Z  (query_timing_/query_samples_/query_catalog_tpch_idx.csv)
  DB_NAME / DB_USER = tpch_idx / postgres
  PGPORT            = 5434  (server reports 18.4)
  RUN_ID            = 595DA07A0444FCB4
  WARMUP            = 2 single-copy warm-ups (the first primes the cache)
  BATCH_SIZES       = 1 2 4 8 16  x RUNS=1 measured batches each
  WORKERS           = (planner default)
  STATEMENT_TIMEOUT = 60
  THERMAL_EQUALISE  = gate (T_LO=55 T_HI=60 preheat<=60s cooldown<=120s)
  sensors           = pkg:/sys/class/hwmon/hwmon8/temp1_input cores:4 cpufreq:8 throttle:8/8
  SIGLESS_ADDR      = (disabled)
Found 1 query under queries/tpch/sqlstorm_slope/reference/15598.sql

[1/1] queries/tpch/sqlstorm_slope/reference/15598.sql (2 warmup + step-up 1 2 4 8 16 x1)
  thermal gate: pre-heated 5s -> 60.0 C
  warmup 1/2: 5.644276 sec (cache prime)
  warmup 2/2: 4.908731 sec
  N=1   batch 1/1: 4.876773 sec, 1 copy (server sum 4804.890 ms)
  N=2   batch 1/1: 9.597977 sec, 2 copies (server sum 9539.866 ms)
  N=4   batch 1/1: 19.179556 sec, 4 copies (server sum 19090.862 ms)
  N=8   batch 1/1: 38.112439 sec, 8 copies (server sum 38046.650 ms)
  N=16  batch 1/1: 76.336098 sec, 16 copies (server sum 76259.366 ms)
  done: 5 sizes x 1 run (0 failures)

Done. Batch rows appended to logs/slope_sample/warm_stepup/reference_20260921T230207Z/query_timing_tpch_idx.csv
Per-copy samples appended to logs/slope_sample/warm_stepup/reference_20260921T230207Z/query_samples_tpch_idx.csv
Last batch ended at epoch 1790057360.113 (PREV_END_EPOCH for the next invocation)
===== [165/280] queries/tpch/sqlstorm_slope/reference/32103.sql run_id=4A897FA3E28962AB =====
query_runner configuration:
  QUERY_DIR         = queries/tpch/sqlstorm_slope/reference/32103.sql
  LOGS_DIR          = logs/slope_sample/warm_stepup/reference_20260921T230207Z  (query_timing_/query_samples_/query_catalog_tpch_idx.csv)
  DB_NAME / DB_USER = tpch_idx / postgres
  PGPORT            = 5434  (server reports 18.4)
  RUN_ID            = 4A897FA3E28962AB
  WARMUP            = 2 single-copy warm-ups (the first primes the cache)
  BATCH_SIZES       = 1 2 4 8 16  x RUNS=1 measured batches each
  WORKERS           = (planner default)
  STATEMENT_TIMEOUT = 60
  THERMAL_EQUALISE  = gate (T_LO=55 T_HI=60 preheat<=60s cooldown<=120s)
  sensors           = pkg:/sys/class/hwmon/hwmon8/temp1_input cores:4 cpufreq:8 throttle:8/8
  SIGLESS_ADDR      = (disabled)
Found 1 query under queries/tpch/sqlstorm_slope/reference/32103.sql

[1/1] queries/tpch/sqlstorm_slope/reference/32103.sql (2 warmup + step-up 1 2 4 8 16 x1)
  thermal gate: waited 4s -> 59.0 C
  warmup 1/2: 1.458399 sec (cache prime)
  warmup 2/2: 0.595235 sec
  N=1   batch 1/1: 0.634216 sec, 1 copy (server sum 532.361 ms)
  N=2   batch 1/1: 1.108437 sec, 2 copies (server sum 1044.306 ms)
  N=4   batch 1/1: 2.120356 sec, 4 copies (server sum 2048.684 ms)
  N=8   batch 1/1: 4.196157 sec, 8 copies (server sum 4058.269 ms)
  N=16  batch 1/1: 8.208004 sec, 16 copies (server sum 8089.029 ms)
  done: 5 sizes x 1 run (0 failures)

Done. Batch rows appended to logs/slope_sample/warm_stepup/reference_20260921T230207Z/query_timing_tpch_idx.csv
Per-copy samples appended to logs/slope_sample/warm_stepup/reference_20260921T230207Z/query_samples_tpch_idx.csv
Last batch ended at epoch 1790057386.804 (PREV_END_EPOCH for the next invocation)
===== [166/280] queries/tpch/sqlstorm_slope/reference/14616.sql run_id=FFBFFC60A38F8300 =====
query_runner configuration:
  QUERY_DIR         = queries/tpch/sqlstorm_slope/reference/14616.sql
  LOGS_DIR          = logs/slope_sample/warm_stepup/reference_20260921T230207Z  (query_timing_/query_samples_/query_catalog_tpch_idx.csv)
  DB_NAME / DB_USER = tpch_idx / postgres
  PGPORT            = 5434  (server reports 18.4)
  RUN_ID            = FFBFFC60A38F8300
  WARMUP            = 2 single-copy warm-ups (the first primes the cache)
  BATCH_SIZES       = 1 2 4 8 16  x RUNS=1 measured batches each
  WORKERS           = (planner default)
  STATEMENT_TIMEOUT = 60
  THERMAL_EQUALISE  = gate (T_LO=55 T_HI=60 preheat<=60s cooldown<=120s)
  sensors           = pkg:/sys/class/hwmon/hwmon8/temp1_input cores:4 cpufreq:8 throttle:8/8
  SIGLESS_ADDR      = (disabled)
Found 1 query under queries/tpch/sqlstorm_slope/reference/14616.sql

[1/1] queries/tpch/sqlstorm_slope/reference/14616.sql (2 warmup + step-up 1 2 4 8 16 x1)
  thermal gate: waited 2s -> 59.0 C
  warmup 1/2: 0.246537 sec (cache prime)
  warmup 2/2: 0.068722 sec
  N=1   batch 1/1: 0.071068 sec, 1 copy (server sum 9.207 ms)
  N=2   batch 1/1: 0.079866 sec, 2 copies (server sum 17.827 ms)
  N=4   batch 1/1: 0.104127 sec, 4 copies (server sum 35.470 ms)
  N=8   batch 1/1: 0.200794 sec, 8 copies (server sum 70.876 ms)
  N=16  batch 1/1: 0.313836 sec, 16 copies (server sum 161.343 ms)
  done: 5 sizes x 1 run (0 failures)

Done. Batch rows appended to logs/slope_sample/warm_stepup/reference_20260921T230207Z/query_timing_tpch_idx.csv
Per-copy samples appended to logs/slope_sample/warm_stepup/reference_20260921T230207Z/query_samples_tpch_idx.csv
Last batch ended at epoch 1790057394.664 (PREV_END_EPOCH for the next invocation)
===== [167/280] queries/tpch/sqlstorm_slope/reference/14523.sql run_id=C62E8A6B865BD76F =====
query_runner configuration:
  QUERY_DIR         = queries/tpch/sqlstorm_slope/reference/14523.sql
  LOGS_DIR          = logs/slope_sample/warm_stepup/reference_20260921T230207Z  (query_timing_/query_samples_/query_catalog_tpch_idx.csv)
  DB_NAME / DB_USER = tpch_idx / postgres
  PGPORT            = 5434  (server reports 18.4)
  RUN_ID            = C62E8A6B865BD76F
  WARMUP            = 2 single-copy warm-ups (the first primes the cache)
  BATCH_SIZES       = 1 2 4 8 16  x RUNS=1 measured batches each
  WORKERS           = (planner default)
  STATEMENT_TIMEOUT = 60
  THERMAL_EQUALISE  = gate (T_LO=55 T_HI=60 preheat<=60s cooldown<=120s)
  sensors           = pkg:/sys/class/hwmon/hwmon8/temp1_input cores:4 cpufreq:8 throttle:8/8
  SIGLESS_ADDR      = (disabled)
Found 1 query under queries/tpch/sqlstorm_slope/reference/14523.sql

[1/1] queries/tpch/sqlstorm_slope/reference/14523.sql (2 warmup + step-up 1 2 4 8 16 x1)
  thermal gate: waited 2s -> 57.0 C
  warmup 1/2: 1.593165 sec (cache prime)
  warmup 2/2: 0.477865 sec
  N=1   batch 1/1: 0.473523 sec, 1 copy (server sum 417.959 ms)
  N=2   batch 1/1: 0.854322 sec, 2 copies (server sum 797.398 ms)
  N=4   batch 1/1: 1.630289 sec, 4 copies (server sum 1571.779 ms)
  N=8   batch 1/1: 3.141129 sec, 8 copies (server sum 3078.546 ms)
  N=16  batch 1/1: 6.185054 sec, 16 copies (server sum 6116.869 ms)
  done: 5 sizes x 1 run (0 failures)

Done. Batch rows appended to logs/slope_sample/warm_stepup/reference_20260921T230207Z/query_timing_tpch_idx.csv
Per-copy samples appended to logs/slope_sample/warm_stepup/reference_20260921T230207Z/query_samples_tpch_idx.csv
Last batch ended at epoch 1790057415.052 (PREV_END_EPOCH for the next invocation)
===== [168/280] queries/tpch/sqlstorm_slope/reference/5116.sql run_id=836C1F7887A3D577 =====
query_runner configuration:
  QUERY_DIR         = queries/tpch/sqlstorm_slope/reference/5116.sql
  LOGS_DIR          = logs/slope_sample/warm_stepup/reference_20260921T230207Z  (query_timing_/query_samples_/query_catalog_tpch_idx.csv)
  DB_NAME / DB_USER = tpch_idx / postgres
  PGPORT            = 5434  (server reports 18.4)
  RUN_ID            = 836C1F7887A3D577
  WARMUP            = 2 single-copy warm-ups (the first primes the cache)
  BATCH_SIZES       = 1 2 4 8 16  x RUNS=1 measured batches each
  WORKERS           = (planner default)
  STATEMENT_TIMEOUT = 60
  THERMAL_EQUALISE  = gate (T_LO=55 T_HI=60 preheat<=60s cooldown<=120s)
  sensors           = pkg:/sys/class/hwmon/hwmon8/temp1_input cores:4 cpufreq:8 throttle:8/8
  SIGLESS_ADDR      = (disabled)
Found 1 query under queries/tpch/sqlstorm_slope/reference/5116.sql

[1/1] queries/tpch/sqlstorm_slope/reference/5116.sql (2 warmup + step-up 1 2 4 8 16 x1)
  warmup 1/2: 8.610302 sec (cache prime)
  warmup 2/2: 5.641901 sec
  N=1   batch 1/1: 5.643547 sec, 1 copy (server sum 5584.614 ms)
  N=2   batch 1/1: 11.119100 sec, 2 copies (server sum 11010.862 ms)
  N=4   batch 1/1: 21.995184 sec, 4 copies (server sum 21929.533 ms)
  N=8   batch 1/1: 43.690783 sec, 8 copies (server sum 43613.524 ms)
  N=16  batch 1/1: 87.454137 sec, 16 copies (server sum 87307.084 ms)
  done: 5 sizes x 1 run (0 failures)

Done. Batch rows appended to logs/slope_sample/warm_stepup/reference_20260921T230207Z/query_timing_tpch_idx.csv
Per-copy samples appended to logs/slope_sample/warm_stepup/reference_20260921T230207Z/query_samples_tpch_idx.csv
Last batch ended at epoch 1790057603.716 (PREV_END_EPOCH for the next invocation)
===== [169/280] queries/tpch/sqlstorm_slope/reference/15598.sql run_id=B6F3DFA7B6A421CE =====
query_runner configuration:
  QUERY_DIR         = queries/tpch/sqlstorm_slope/reference/15598.sql
  LOGS_DIR          = logs/slope_sample/warm_stepup/reference_20260921T230207Z  (query_timing_/query_samples_/query_catalog_tpch_idx.csv)
  DB_NAME / DB_USER = tpch_idx / postgres
  PGPORT            = 5434  (server reports 18.4)
  RUN_ID            = B6F3DFA7B6A421CE
  WARMUP            = 2 single-copy warm-ups (the first primes the cache)
  BATCH_SIZES       = 1 2 4 8 16  x RUNS=1 measured batches each
  WORKERS           = (planner default)
  STATEMENT_TIMEOUT = 60
  THERMAL_EQUALISE  = gate (T_LO=55 T_HI=60 preheat<=60s cooldown<=120s)
  sensors           = pkg:/sys/class/hwmon/hwmon8/temp1_input cores:4 cpufreq:8 throttle:8/8
  SIGLESS_ADDR      = (disabled)
Found 1 query under queries/tpch/sqlstorm_slope/reference/15598.sql

[1/1] queries/tpch/sqlstorm_slope/reference/15598.sql (2 warmup + step-up 1 2 4 8 16 x1)
  warmup 1/2: 5.668995 sec (cache prime)
  warmup 2/2: 4.908965 sec
  N=1   batch 1/1: 4.923749 sec, 1 copy (server sum 4818.897 ms)
  N=2   batch 1/1: 9.620738 sec, 2 copies (server sum 9562.347 ms)
  N=4   batch 1/1: 19.217138 sec, 4 copies (server sum 19108.851 ms)
  N=8   batch 1/1: 38.186100 sec, 8 copies (server sum 38119.949 ms)
  N=16  batch 1/1: 76.334152 sec, 16 copies (server sum 76257.617 ms)
  done: 5 sizes x 1 run (0 failures)

Done. Batch rows appended to logs/slope_sample/warm_stepup/reference_20260921T230207Z/query_timing_tpch_idx.csv
Per-copy samples appended to logs/slope_sample/warm_stepup/reference_20260921T230207Z/query_samples_tpch_idx.csv
Last batch ended at epoch 1790057767.205 (PREV_END_EPOCH for the next invocation)
===== [170/280] queries/tpch/sqlstorm_slope/reference/5116.sql run_id=44BBBD0E528C255F =====
query_runner configuration:
  QUERY_DIR         = queries/tpch/sqlstorm_slope/reference/5116.sql
  LOGS_DIR          = logs/slope_sample/warm_stepup/reference_20260921T230207Z  (query_timing_/query_samples_/query_catalog_tpch_idx.csv)
  DB_NAME / DB_USER = tpch_idx / postgres
  PGPORT            = 5434  (server reports 18.4)
  RUN_ID            = 44BBBD0E528C255F
  WARMUP            = 2 single-copy warm-ups (the first primes the cache)
  BATCH_SIZES       = 1 2 4 8 16  x RUNS=1 measured batches each
  WORKERS           = (planner default)
  STATEMENT_TIMEOUT = 60
  THERMAL_EQUALISE  = gate (T_LO=55 T_HI=60 preheat<=60s cooldown<=120s)
  sensors           = pkg:/sys/class/hwmon/hwmon8/temp1_input cores:4 cpufreq:8 throttle:8/8
  SIGLESS_ADDR      = (disabled)
Found 1 query under queries/tpch/sqlstorm_slope/reference/5116.sql

[1/1] queries/tpch/sqlstorm_slope/reference/5116.sql (2 warmup + step-up 1 2 4 8 16 x1)
  thermal gate: waited 4s -> 60.0 C
  warmup 1/2: 8.629812 sec (cache prime)
  warmup 2/2: 5.646406 sec
  N=1   batch 1/1: 5.673785 sec, 1 copy (server sum 5563.417 ms)
  N=2   batch 1/1: 11.037230 sec, 2 copies (server sum 10976.361 ms)
  N=4   batch 1/1: 21.924584 sec, 4 copies (server sum 21830.166 ms)
  N=8   batch 1/1: 43.534948 sec, 8 copies (server sum 43460.017 ms)
  N=16  batch 1/1: 87.340996 sec, 16 copies (server sum 87095.806 ms)
  done: 5 sizes x 1 run (0 failures)

Done. Batch rows appended to logs/slope_sample/warm_stepup/reference_20260921T230207Z/query_timing_tpch_idx.csv
Per-copy samples appended to logs/slope_sample/warm_stepup/reference_20260921T230207Z/query_samples_tpch_idx.csv
Last batch ended at epoch 1790057959.975 (PREV_END_EPOCH for the next invocation)
===== [171/280] queries/tpch/sqlstorm_slope/reference/5554.sql run_id=55B416029DE0A88B =====
query_runner configuration:
  QUERY_DIR         = queries/tpch/sqlstorm_slope/reference/5554.sql
  LOGS_DIR          = logs/slope_sample/warm_stepup/reference_20260921T230207Z  (query_timing_/query_samples_/query_catalog_tpch_idx.csv)
  DB_NAME / DB_USER = tpch_idx / postgres
  PGPORT            = 5434  (server reports 18.4)
  RUN_ID            = 55B416029DE0A88B
  WARMUP            = 2 single-copy warm-ups (the first primes the cache)
  BATCH_SIZES       = 1 2 4 8 16  x RUNS=1 measured batches each
  WORKERS           = (planner default)
  STATEMENT_TIMEOUT = 60
  THERMAL_EQUALISE  = gate (T_LO=55 T_HI=60 preheat<=60s cooldown<=120s)
  sensors           = pkg:/sys/class/hwmon/hwmon8/temp1_input cores:4 cpufreq:8 throttle:8/8
  SIGLESS_ADDR      = (disabled)
Found 1 query under queries/tpch/sqlstorm_slope/reference/5554.sql

[1/1] queries/tpch/sqlstorm_slope/reference/5554.sql (2 warmup + step-up 1 2 4 8 16 x1)
  warmup 1/2: 8.291177 sec (cache prime)
  warmup 2/2: 7.169284 sec
  N=1   batch 1/1: 7.182182 sec, 1 copy (server sum 7122.737 ms)
  N=2   batch 1/1: 14.195452 sec, 2 copies (server sum 14132.644 ms)
  N=4   batch 1/1: 28.262867 sec, 4 copies (server sum 28168.202 ms)
  N=8   batch 1/1: 56.386129 sec, 8 copies (server sum 56259.089 ms)
  N=16  batch 1/1: 112.498824 sec, 16 copies (server sum 112390.101 ms)
  done: 5 sizes x 1 run (0 failures)

Done. Batch rows appended to logs/slope_sample/warm_stepup/reference_20260921T230207Z/query_timing_tpch_idx.csv
Per-copy samples appended to logs/slope_sample/warm_stepup/reference_20260921T230207Z/query_samples_tpch_idx.csv
Last batch ended at epoch 1790058198.306 (PREV_END_EPOCH for the next invocation)
===== [172/280] queries/tpch/sqlstorm_slope/reference/5554.sql run_id=378BAA3700F5A995 =====
query_runner configuration:
  QUERY_DIR         = queries/tpch/sqlstorm_slope/reference/5554.sql
  LOGS_DIR          = logs/slope_sample/warm_stepup/reference_20260921T230207Z  (query_timing_/query_samples_/query_catalog_tpch_idx.csv)
  DB_NAME / DB_USER = tpch_idx / postgres
  PGPORT            = 5434  (server reports 18.4)
  RUN_ID            = 378BAA3700F5A995
  WARMUP            = 2 single-copy warm-ups (the first primes the cache)
  BATCH_SIZES       = 1 2 4 8 16  x RUNS=1 measured batches each
  WORKERS           = (planner default)
  STATEMENT_TIMEOUT = 60
  THERMAL_EQUALISE  = gate (T_LO=55 T_HI=60 preheat<=60s cooldown<=120s)
  sensors           = pkg:/sys/class/hwmon/hwmon8/temp1_input cores:4 cpufreq:8 throttle:8/8
  SIGLESS_ADDR      = (disabled)
Found 1 query under queries/tpch/sqlstorm_slope/reference/5554.sql

[1/1] queries/tpch/sqlstorm_slope/reference/5554.sql (2 warmup + step-up 1 2 4 8 16 x1)
  thermal gate: waited 6s -> 60.0 C
  warmup 1/2: 8.514844 sec (cache prime)
  warmup 2/2: 7.205978 sec
  N=1   batch 1/1: 7.251292 sec, 1 copy (server sum 7153.698 ms)
  N=2   batch 1/1: 14.261000 sec, 2 copies (server sum 14198.038 ms)
  N=4   batch 1/1: 28.325808 sec, 4 copies (server sum 28257.096 ms)
  N=8   batch 1/1: 56.623635 sec, 8 copies (server sum 56541.951 ms)
  N=16  batch 1/1: 112.766679 sec, 16 copies (server sum 112658.376 ms)
  done: 5 sizes x 1 run (0 failures)

Done. Batch rows appended to logs/slope_sample/warm_stepup/reference_20260921T230207Z/query_timing_tpch_idx.csv
Per-copy samples appended to logs/slope_sample/warm_stepup/reference_20260921T230207Z/query_samples_tpch_idx.csv
Last batch ended at epoch 1790058443.928 (PREV_END_EPOCH for the next invocation)
===== [173/280] queries/tpch/sqlstorm_slope/reference/5561.sql run_id=B4BA27216F704015 =====
query_runner configuration:
  QUERY_DIR         = queries/tpch/sqlstorm_slope/reference/5561.sql
  LOGS_DIR          = logs/slope_sample/warm_stepup/reference_20260921T230207Z  (query_timing_/query_samples_/query_catalog_tpch_idx.csv)
  DB_NAME / DB_USER = tpch_idx / postgres
  PGPORT            = 5434  (server reports 18.4)
  RUN_ID            = B4BA27216F704015
  WARMUP            = 2 single-copy warm-ups (the first primes the cache)
  BATCH_SIZES       = 1 2 4 8 16  x RUNS=1 measured batches each
  WORKERS           = (planner default)
  STATEMENT_TIMEOUT = 60
  THERMAL_EQUALISE  = gate (T_LO=55 T_HI=60 preheat<=60s cooldown<=120s)
  sensors           = pkg:/sys/class/hwmon/hwmon8/temp1_input cores:4 cpufreq:8 throttle:8/8
  SIGLESS_ADDR      = (disabled)
Found 1 query under queries/tpch/sqlstorm_slope/reference/5561.sql

[1/1] queries/tpch/sqlstorm_slope/reference/5561.sql (2 warmup + step-up 1 2 4 8 16 x1)
  thermal gate: waited 8s -> 60.0 C
  warmup 1/2: 8.470139 sec (cache prime)
  warmup 2/2: 7.285873 sec
  N=1   batch 1/1: 7.275855 sec, 1 copy (server sum 7214.585 ms)
  N=2   batch 1/1: 14.481941 sec, 2 copies (server sum 14420.230 ms)
  N=4   batch 1/1: 28.946086 sec, 4 copies (server sum 28878.936 ms)
  N=8   batch 1/1: 57.555672 sec, 8 copies (server sum 57478.290 ms)
  N=16  batch 1/1: 114.926157 sec, 16 copies (server sum 114827.276 ms)
  done: 5 sizes x 1 run (0 failures)

Done. Batch rows appended to logs/slope_sample/warm_stepup/reference_20260921T230207Z/query_timing_tpch_idx.csv
Per-copy samples appended to logs/slope_sample/warm_stepup/reference_20260921T230207Z/query_samples_tpch_idx.csv
Last batch ended at epoch 1790058695.807 (PREV_END_EPOCH for the next invocation)
===== [174/280] queries/tpch/sqlstorm_slope/reference/5561.sql run_id=EA007A0FF8C2F29A =====
query_runner configuration:
  QUERY_DIR         = queries/tpch/sqlstorm_slope/reference/5561.sql
  LOGS_DIR          = logs/slope_sample/warm_stepup/reference_20260921T230207Z  (query_timing_/query_samples_/query_catalog_tpch_idx.csv)
  DB_NAME / DB_USER = tpch_idx / postgres
  PGPORT            = 5434  (server reports 18.4)
  RUN_ID            = EA007A0FF8C2F29A
  WARMUP            = 2 single-copy warm-ups (the first primes the cache)
  BATCH_SIZES       = 1 2 4 8 16  x RUNS=1 measured batches each
  WORKERS           = (planner default)
  STATEMENT_TIMEOUT = 60
  THERMAL_EQUALISE  = gate (T_LO=55 T_HI=60 preheat<=60s cooldown<=120s)
  sensors           = pkg:/sys/class/hwmon/hwmon8/temp1_input cores:4 cpufreq:8 throttle:8/8
  SIGLESS_ADDR      = (disabled)
Found 1 query under queries/tpch/sqlstorm_slope/reference/5561.sql

[1/1] queries/tpch/sqlstorm_slope/reference/5561.sql (2 warmup + step-up 1 2 4 8 16 x1)
  thermal gate: waited 2s -> 58.0 C
  warmup 1/2: 8.341981 sec (cache prime)
  warmup 2/2: 7.345613 sec
  N=1   batch 1/1: 7.352447 sec, 1 copy (server sum 7293.752 ms)
  N=2   batch 1/1: 14.438269 sec, 2 copies (server sum 14376.185 ms)
  N=4   batch 1/1: 28.929692 sec, 4 copies (server sum 28862.659 ms)
  N=8   batch 1/1: 57.342506 sec, 8 copies (server sum 57264.946 ms)
  N=16  batch 1/1: 114.955266 sec, 16 copies (server sum 114856.647 ms)
  done: 5 sizes x 1 run (0 failures)

Done. Batch rows appended to logs/slope_sample/warm_stepup/reference_20260921T230207Z/query_timing_tpch_idx.csv
Per-copy samples appended to logs/slope_sample/warm_stepup/reference_20260921T230207Z/query_samples_tpch_idx.csv
Last batch ended at epoch 1790058941.171 (PREV_END_EPOCH for the next invocation)
===== [175/280] queries/tpch/sqlstorm_slope/reference/14616.sql run_id=6308FD9F251792DD =====
query_runner configuration:
  QUERY_DIR         = queries/tpch/sqlstorm_slope/reference/14616.sql
  LOGS_DIR          = logs/slope_sample/warm_stepup/reference_20260921T230207Z  (query_timing_/query_samples_/query_catalog_tpch_idx.csv)
  DB_NAME / DB_USER = tpch_idx / postgres
  PGPORT            = 5434  (server reports 18.4)
  RUN_ID            = 6308FD9F251792DD
  WARMUP            = 2 single-copy warm-ups (the first primes the cache)
  BATCH_SIZES       = 1 2 4 8 16  x RUNS=1 measured batches each
  WORKERS           = (planner default)
  STATEMENT_TIMEOUT = 60
  THERMAL_EQUALISE  = gate (T_LO=55 T_HI=60 preheat<=60s cooldown<=120s)
  sensors           = pkg:/sys/class/hwmon/hwmon8/temp1_input cores:4 cpufreq:8 throttle:8/8
  SIGLESS_ADDR      = (disabled)
Found 1 query under queries/tpch/sqlstorm_slope/reference/14616.sql

[1/1] queries/tpch/sqlstorm_slope/reference/14616.sql (2 warmup + step-up 1 2 4 8 16 x1)
  thermal gate: waited 2s -> 58.0 C
  warmup 1/2: 0.243138 sec (cache prime)
  warmup 2/2: 0.068445 sec
  N=1   batch 1/1: 0.069792 sec, 1 copy (server sum 9.251 ms)
  N=2   batch 1/1: 0.080718 sec, 2 copies (server sum 18.728 ms)
  N=4   batch 1/1: 0.102622 sec, 4 copies (server sum 35.221 ms)
  N=8   batch 1/1: 0.148568 sec, 8 copies (server sum 70.819 ms)
  N=16  batch 1/1: 0.241610 sec, 16 copies (server sum 140.977 ms)
  done: 5 sizes x 1 run (0 failures)

Done. Batch rows appended to logs/slope_sample/warm_stepup/reference_20260921T230207Z/query_timing_tpch_idx.csv
Per-copy samples appended to logs/slope_sample/warm_stepup/reference_20260921T230207Z/query_samples_tpch_idx.csv
Last batch ended at epoch 1790058948.843 (PREV_END_EPOCH for the next invocation)
===== [176/280] queries/tpch/sqlstorm_slope/reference/26387.sql run_id=123E9742738A56E9 =====
query_runner configuration:
  QUERY_DIR         = queries/tpch/sqlstorm_slope/reference/26387.sql
  LOGS_DIR          = logs/slope_sample/warm_stepup/reference_20260921T230207Z  (query_timing_/query_samples_/query_catalog_tpch_idx.csv)
  DB_NAME / DB_USER = tpch_idx / postgres
  PGPORT            = 5434  (server reports 18.4)
  RUN_ID            = 123E9742738A56E9
  WARMUP            = 2 single-copy warm-ups (the first primes the cache)
  BATCH_SIZES       = 1 2 4 8 16  x RUNS=1 measured batches each
  WORKERS           = (planner default)
  STATEMENT_TIMEOUT = 60
  THERMAL_EQUALISE  = gate (T_LO=55 T_HI=60 preheat<=60s cooldown<=120s)
  sensors           = pkg:/sys/class/hwmon/hwmon8/temp1_input cores:4 cpufreq:8 throttle:8/8
  SIGLESS_ADDR      = (disabled)
Found 1 query under queries/tpch/sqlstorm_slope/reference/26387.sql

[1/1] queries/tpch/sqlstorm_slope/reference/26387.sql (2 warmup + step-up 1 2 4 8 16 x1)
  warmup 1/2: 4.800021 sec (cache prime)
  warmup 2/2: 4.262958 sec
  N=1   batch 1/1: 4.259767 sec, 1 copy (server sum 4202.307 ms)
  N=2   batch 1/1: 8.437502 sec, 2 copies (server sum 8379.374 ms)
  N=4   batch 1/1: 16.950381 sec, 4 copies (server sum 16889.283 ms)
  N=8   batch 1/1: 34.044911 sec, 8 copies (server sum 33963.481 ms)
  N=16  batch 1/1: 67.649141 sec, 16 copies (server sum 67561.065 ms)
  done: 5 sizes x 1 run (0 failures)

Done. Batch rows appended to logs/slope_sample/warm_stepup/reference_20260921T230207Z/query_timing_tpch_idx.csv
Per-copy samples appended to logs/slope_sample/warm_stepup/reference_20260921T230207Z/query_samples_tpch_idx.csv
Last batch ended at epoch 1790059093.347 (PREV_END_EPOCH for the next invocation)
===== [177/280] queries/tpch/sqlstorm_slope/reference/9307.sql run_id=B3DC679DBEF80395 =====
query_runner configuration:
  QUERY_DIR         = queries/tpch/sqlstorm_slope/reference/9307.sql
  LOGS_DIR          = logs/slope_sample/warm_stepup/reference_20260921T230207Z  (query_timing_/query_samples_/query_catalog_tpch_idx.csv)
  DB_NAME / DB_USER = tpch_idx / postgres
  PGPORT            = 5434  (server reports 18.4)
  RUN_ID            = B3DC679DBEF80395
  WARMUP            = 2 single-copy warm-ups (the first primes the cache)
  BATCH_SIZES       = 1 2 4 8 16  x RUNS=1 measured batches each
  WORKERS           = (planner default)
  STATEMENT_TIMEOUT = 60
  THERMAL_EQUALISE  = gate (T_LO=55 T_HI=60 preheat<=60s cooldown<=120s)
  sensors           = pkg:/sys/class/hwmon/hwmon8/temp1_input cores:4 cpufreq:8 throttle:8/8
  SIGLESS_ADDR      = (disabled)
Found 1 query under queries/tpch/sqlstorm_slope/reference/9307.sql

[1/1] queries/tpch/sqlstorm_slope/reference/9307.sql (2 warmup + step-up 1 2 4 8 16 x1)
  warmup 1/2: 16.368435 sec (cache prime)
  warmup 2/2: 13.602869 sec
  N=1   batch 1/1: 13.595931 sec, 1 copy (server sum 13522.784 ms)
  N=2   batch 1/1: 26.774130 sec, 2 copies (server sum 26706.938 ms)
  N=4   batch 1/1: 53.031480 sec, 4 copies (server sum 52968.361 ms)
  N=8   batch 1/1: 105.846701 sec, 8 copies (server sum 105775.443 ms)
  N=16  batch 1/1: 211.202673 sec, 16 copies (server sum 211116.884 ms)
  done: 5 sizes x 1 run (0 failures)

Done. Batch rows appended to logs/slope_sample/warm_stepup/reference_20260921T230207Z/query_timing_tpch_idx.csv
Per-copy samples appended to logs/slope_sample/warm_stepup/reference_20260921T230207Z/query_samples_tpch_idx.csv
Last batch ended at epoch 1790059537.902 (PREV_END_EPOCH for the next invocation)
===== [178/280] queries/tpch/sqlstorm_slope/reference/17087.sql run_id=E3C1AC74755206E3 =====
query_runner configuration:
  QUERY_DIR         = queries/tpch/sqlstorm_slope/reference/17087.sql
  LOGS_DIR          = logs/slope_sample/warm_stepup/reference_20260921T230207Z  (query_timing_/query_samples_/query_catalog_tpch_idx.csv)
  DB_NAME / DB_USER = tpch_idx / postgres
  PGPORT            = 5434  (server reports 18.4)
  RUN_ID            = E3C1AC74755206E3
  WARMUP            = 2 single-copy warm-ups (the first primes the cache)
  BATCH_SIZES       = 1 2 4 8 16  x RUNS=1 measured batches each
  WORKERS           = (planner default)
  STATEMENT_TIMEOUT = 60
  THERMAL_EQUALISE  = gate (T_LO=55 T_HI=60 preheat<=60s cooldown<=120s)
  sensors           = pkg:/sys/class/hwmon/hwmon8/temp1_input cores:4 cpufreq:8 throttle:8/8
  SIGLESS_ADDR      = (disabled)
Found 1 query under queries/tpch/sqlstorm_slope/reference/17087.sql

[1/1] queries/tpch/sqlstorm_slope/reference/17087.sql (2 warmup + step-up 1 2 4 8 16 x1)
  thermal gate: pre-heated 5s -> 59.0 C
  warmup 1/2: 2.046870 sec (cache prime)
  warmup 2/2: 0.867052 sec
  N=1   batch 1/1: 0.807801 sec, 1 copy (server sum 750.776 ms)
  N=2   batch 1/1: 1.532272 sec, 2 copies (server sum 1472.872 ms)
  N=4   batch 1/1: 2.939468 sec, 4 copies (server sum 2877.752 ms)
  N=8   batch 1/1: 5.814760 sec, 8 copies (server sum 5747.653 ms)
  N=16  batch 1/1: 11.476860 sec, 16 copies (server sum 11395.116 ms)
  done: 5 sizes x 1 run (0 failures)

Done. Batch rows appended to logs/slope_sample/warm_stepup/reference_20260921T230207Z/query_timing_tpch_idx.csv
Per-copy samples appended to logs/slope_sample/warm_stepup/reference_20260921T230207Z/query_samples_tpch_idx.csv
Last batch ended at epoch 1790059573.256 (PREV_END_EPOCH for the next invocation)
===== [179/280] queries/tpch/sqlstorm_slope/reference/5561.sql run_id=AEBC89CB053D7D4E =====
query_runner configuration:
  QUERY_DIR         = queries/tpch/sqlstorm_slope/reference/5561.sql
  LOGS_DIR          = logs/slope_sample/warm_stepup/reference_20260921T230207Z  (query_timing_/query_samples_/query_catalog_tpch_idx.csv)
  DB_NAME / DB_USER = tpch_idx / postgres
  PGPORT            = 5434  (server reports 18.4)
  RUN_ID            = AEBC89CB053D7D4E
  WARMUP            = 2 single-copy warm-ups (the first primes the cache)
  BATCH_SIZES       = 1 2 4 8 16  x RUNS=1 measured batches each
  WORKERS           = (planner default)
  STATEMENT_TIMEOUT = 60
  THERMAL_EQUALISE  = gate (T_LO=55 T_HI=60 preheat<=60s cooldown<=120s)
  sensors           = pkg:/sys/class/hwmon/hwmon8/temp1_input cores:4 cpufreq:8 throttle:8/8
  SIGLESS_ADDR      = (disabled)
Found 1 query under queries/tpch/sqlstorm_slope/reference/5561.sql

[1/1] queries/tpch/sqlstorm_slope/reference/5561.sql (2 warmup + step-up 1 2 4 8 16 x1)
  warmup 1/2: 8.315825 sec (cache prime)
  warmup 2/2: 7.286123 sec
  N=1   batch 1/1: 7.328905 sec, 1 copy (server sum 7269.739 ms)
  N=2   batch 1/1: 14.503825 sec, 2 copies (server sum 14441.319 ms)
  N=4   batch 1/1: 28.788136 sec, 4 copies (server sum 28720.595 ms)
  N=8   batch 1/1: 57.513534 sec, 8 copies (server sum 57435.853 ms)
  N=16  batch 1/1: 114.773247 sec, 16 copies (server sum 114645.804 ms)
  done: 5 sizes x 1 run (0 failures)

Done. Batch rows appended to logs/slope_sample/warm_stepup/reference_20260921T230207Z/query_timing_tpch_idx.csv
Per-copy samples appended to logs/slope_sample/warm_stepup/reference_20260921T230207Z/query_samples_tpch_idx.csv
Last batch ended at epoch 1790059816.365 (PREV_END_EPOCH for the next invocation)
===== [180/280] queries/tpch/sqlstorm_slope/reference/5116.sql run_id=58421C31FF5DC292 =====
query_runner configuration:
  QUERY_DIR         = queries/tpch/sqlstorm_slope/reference/5116.sql
  LOGS_DIR          = logs/slope_sample/warm_stepup/reference_20260921T230207Z  (query_timing_/query_samples_/query_catalog_tpch_idx.csv)
  DB_NAME / DB_USER = tpch_idx / postgres
  PGPORT            = 5434  (server reports 18.4)
  RUN_ID            = 58421C31FF5DC292
  WARMUP            = 2 single-copy warm-ups (the first primes the cache)
  BATCH_SIZES       = 1 2 4 8 16  x RUNS=1 measured batches each
  WORKERS           = (planner default)
  STATEMENT_TIMEOUT = 60
  THERMAL_EQUALISE  = gate (T_LO=55 T_HI=60 preheat<=60s cooldown<=120s)
  sensors           = pkg:/sys/class/hwmon/hwmon8/temp1_input cores:4 cpufreq:8 throttle:8/8
  SIGLESS_ADDR      = (disabled)
Found 1 query under queries/tpch/sqlstorm_slope/reference/5116.sql

[1/1] queries/tpch/sqlstorm_slope/reference/5116.sql (2 warmup + step-up 1 2 4 8 16 x1)
  thermal gate: waited 2s -> 58.0 C
  warmup 1/2: 8.579905 sec (cache prime)
  warmup 2/2: 5.621228 sec
  N=1   batch 1/1: 5.646867 sec, 1 copy (server sum 5587.360 ms)
  N=2   batch 1/1: 11.116589 sec, 2 copies (server sum 11008.244 ms)
  N=4   batch 1/1: 21.894557 sec, 4 copies (server sum 21779.252 ms)
  N=8   batch 1/1: 43.685211 sec, 8 copies (server sum 43510.017 ms)
  N=16  batch 1/1: 87.044687 sec, 16 copies (server sum 86847.692 ms)
  done: 5 sizes x 1 run (0 failures)

Done. Batch rows appended to logs/slope_sample/warm_stepup/reference_20260921T230207Z/query_timing_tpch_idx.csv
Per-copy samples appended to logs/slope_sample/warm_stepup/reference_20260921T230207Z/query_samples_tpch_idx.csv
Last batch ended at epoch 1790060006.823 (PREV_END_EPOCH for the next invocation)
===== [181/280] queries/tpch/sqlstorm_slope/reference/11767.sql run_id=6E39156A39A51F3B =====
query_runner configuration:
  QUERY_DIR         = queries/tpch/sqlstorm_slope/reference/11767.sql
  LOGS_DIR          = logs/slope_sample/warm_stepup/reference_20260921T230207Z  (query_timing_/query_samples_/query_catalog_tpch_idx.csv)
  DB_NAME / DB_USER = tpch_idx / postgres
  PGPORT            = 5434  (server reports 18.4)
  RUN_ID            = 6E39156A39A51F3B
  WARMUP            = 2 single-copy warm-ups (the first primes the cache)
  BATCH_SIZES       = 1 2 4 8 16  x RUNS=1 measured batches each
  WORKERS           = (planner default)
  STATEMENT_TIMEOUT = 60
  THERMAL_EQUALISE  = gate (T_LO=55 T_HI=60 preheat<=60s cooldown<=120s)
  sensors           = pkg:/sys/class/hwmon/hwmon8/temp1_input cores:4 cpufreq:8 throttle:8/8
  SIGLESS_ADDR      = (disabled)
Found 1 query under queries/tpch/sqlstorm_slope/reference/11767.sql

[1/1] queries/tpch/sqlstorm_slope/reference/11767.sql (2 warmup + step-up 1 2 4 8 16 x1)
  warmup 1/2: 1.554109 sec (cache prime)
  warmup 2/2: 0.757027 sec
  N=1   batch 1/1: 0.758771 sec, 1 copy (server sum 699.520 ms)
  N=2   batch 1/1: 1.428872 sec, 2 copies (server sum 1364.567 ms)
  N=4   batch 1/1: 2.755325 sec, 4 copies (server sum 2691.288 ms)
  N=8   batch 1/1: 5.428822 sec, 8 copies (server sum 5355.396 ms)
  N=16  batch 1/1: 10.756650 sec, 16 copies (server sum 10664.188 ms)
  done: 5 sizes x 1 run (0 failures)

Done. Batch rows appended to logs/slope_sample/warm_stepup/reference_20260921T230207Z/query_timing_tpch_idx.csv
Per-copy samples appended to logs/slope_sample/warm_stepup/reference_20260921T230207Z/query_samples_tpch_idx.csv
Last batch ended at epoch 1790060034.847 (PREV_END_EPOCH for the next invocation)
===== [182/280] queries/tpch/sqlstorm_slope/reference/10945.sql run_id=50AAA4AE269CF784 =====
query_runner configuration:
  QUERY_DIR         = queries/tpch/sqlstorm_slope/reference/10945.sql
  LOGS_DIR          = logs/slope_sample/warm_stepup/reference_20260921T230207Z  (query_timing_/query_samples_/query_catalog_tpch_idx.csv)
  DB_NAME / DB_USER = tpch_idx / postgres
  PGPORT            = 5434  (server reports 18.4)
  RUN_ID            = 50AAA4AE269CF784
  WARMUP            = 2 single-copy warm-ups (the first primes the cache)
  BATCH_SIZES       = 1 2 4 8 16  x RUNS=1 measured batches each
  WORKERS           = (planner default)
  STATEMENT_TIMEOUT = 60
  THERMAL_EQUALISE  = gate (T_LO=55 T_HI=60 preheat<=60s cooldown<=120s)
  sensors           = pkg:/sys/class/hwmon/hwmon8/temp1_input cores:4 cpufreq:8 throttle:8/8
  SIGLESS_ADDR      = (disabled)
Found 1 query under queries/tpch/sqlstorm_slope/reference/10945.sql

[1/1] queries/tpch/sqlstorm_slope/reference/10945.sql (2 warmup + step-up 1 2 4 8 16 x1)
  thermal gate: waited 2s -> 58.0 C
  warmup 1/2: 0.311169 sec (cache prime)
  warmup 2/2: 0.101535 sec
  N=1   batch 1/1: 0.101874 sec, 1 copy (server sum 41.763 ms)
  N=2   batch 1/1: 0.145956 sec, 2 copies (server sum 81.748 ms)
  N=4   batch 1/1: 0.238580 sec, 4 copies (server sum 167.482 ms)
  N=8   batch 1/1: 0.412970 sec, 8 copies (server sum 326.664 ms)
  N=16  batch 1/1: 0.772298 sec, 16 copies (server sum 654.366 ms)
  done: 5 sizes x 1 run (0 failures)

Done. Batch rows appended to logs/slope_sample/warm_stepup/reference_20260921T230207Z/query_timing_tpch_idx.csv
Per-copy samples appended to logs/slope_sample/warm_stepup/reference_20260921T230207Z/query_samples_tpch_idx.csv
Last batch ended at epoch 1790060043.506 (PREV_END_EPOCH for the next invocation)
===== [183/280] queries/tpch/sqlstorm_slope/reference/26382.sql run_id=CCAB2739A1267E15 =====
query_runner configuration:
  QUERY_DIR         = queries/tpch/sqlstorm_slope/reference/26382.sql
  LOGS_DIR          = logs/slope_sample/warm_stepup/reference_20260921T230207Z  (query_timing_/query_samples_/query_catalog_tpch_idx.csv)
  DB_NAME / DB_USER = tpch_idx / postgres
  PGPORT            = 5434  (server reports 18.4)
  RUN_ID            = CCAB2739A1267E15
  WARMUP            = 2 single-copy warm-ups (the first primes the cache)
  BATCH_SIZES       = 1 2 4 8 16  x RUNS=1 measured batches each
  WORKERS           = (planner default)
  STATEMENT_TIMEOUT = 60
  THERMAL_EQUALISE  = gate (T_LO=55 T_HI=60 preheat<=60s cooldown<=120s)
  sensors           = pkg:/sys/class/hwmon/hwmon8/temp1_input cores:4 cpufreq:8 throttle:8/8
  SIGLESS_ADDR      = (disabled)
Found 1 query under queries/tpch/sqlstorm_slope/reference/26382.sql

[1/1] queries/tpch/sqlstorm_slope/reference/26382.sql (2 warmup + step-up 1 2 4 8 16 x1)
  warmup 1/2: 0.348757 sec (cache prime)
  warmup 2/2: 0.114667 sec
  N=1   batch 1/1: 0.115766 sec, 1 copy (server sum 58.260 ms)
  N=2   batch 1/1: 0.177179 sec, 2 copies (server sum 116.102 ms)
  N=4   batch 1/1: 0.313477 sec, 4 copies (server sum 227.024 ms)
  N=8   batch 1/1: 0.524400 sec, 8 copies (server sum 455.430 ms)
  N=16  batch 1/1: 0.992029 sec, 16 copies (server sum 909.724 ms)
  done: 5 sizes x 1 run (0 failures)

Done. Batch rows appended to logs/slope_sample/warm_stepup/reference_20260921T230207Z/query_timing_tpch_idx.csv
Per-copy samples appended to logs/slope_sample/warm_stepup/reference_20260921T230207Z/query_samples_tpch_idx.csv
Last batch ended at epoch 1790060049.888 (PREV_END_EPOCH for the next invocation)
===== [184/280] queries/tpch/sqlstorm_slope/reference/9307.sql run_id=7F9DEFAF4C41BDC7 =====
query_runner configuration:
  QUERY_DIR         = queries/tpch/sqlstorm_slope/reference/9307.sql
  LOGS_DIR          = logs/slope_sample/warm_stepup/reference_20260921T230207Z  (query_timing_/query_samples_/query_catalog_tpch_idx.csv)
  DB_NAME / DB_USER = tpch_idx / postgres
  PGPORT            = 5434  (server reports 18.4)
  RUN_ID            = 7F9DEFAF4C41BDC7
  WARMUP            = 2 single-copy warm-ups (the first primes the cache)
  BATCH_SIZES       = 1 2 4 8 16  x RUNS=1 measured batches each
  WORKERS           = (planner default)
  STATEMENT_TIMEOUT = 60
  THERMAL_EQUALISE  = gate (T_LO=55 T_HI=60 preheat<=60s cooldown<=120s)
  sensors           = pkg:/sys/class/hwmon/hwmon8/temp1_input cores:4 cpufreq:8 throttle:8/8
  SIGLESS_ADDR      = (disabled)
Found 1 query under queries/tpch/sqlstorm_slope/reference/9307.sql

[1/1] queries/tpch/sqlstorm_slope/reference/9307.sql (2 warmup + step-up 1 2 4 8 16 x1)
  warmup 1/2: 16.262326 sec (cache prime)
  warmup 2/2: 13.519346 sec
  N=1   batch 1/1: 13.432479 sec, 1 copy (server sum 13373.989 ms)
  N=2   batch 1/1: 26.632402 sec, 2 copies (server sum 26529.069 ms)
  N=4   batch 1/1: 52.931535 sec, 4 copies (server sum 52852.917 ms)
  measured batch 1 FAILED (exit code 2) for queries/tpch/sqlstorm_slope/reference/9307.sql
      psql:/tmp/query_runner_batch_1564521.sql:281: FATAL:  terminating connection due to administrator command
  N=8   batch 1/1: 71.114276 sec, 5 copies (server sum 66401.234 ms)
  measured batch 1 FAILED (exit code 2) for queries/tpch/sqlstorm_slope/reference/9307.sql
      psql: error: connection to server on socket "/var/run/postgresql/.s.PGSQL.5434" failed: server closed the connection unexpectedly
  N=16  batch 1/1: 0.186730 sec, 0 copies
  done: 5 sizes x 1 run (2 failures)

Done. Batch rows appended to logs/slope_sample/warm_stepup/reference_20260921T230207Z/query_timing_tpch_idx.csv
Per-copy samples appended to logs/slope_sample/warm_stepup/reference_20260921T230207Z/query_samples_tpch_idx.csv
Last batch ended at epoch 1790060247.700 (PREV_END_EPOCH for the next invocation)
2 batch failures (see the failed column)
===== [185/280] queries/tpch/sqlstorm_slope/reference/7925.sql run_id=A5511F3F63C853D5 =====
query_runner configuration:
  QUERY_DIR         = queries/tpch/sqlstorm_slope/reference/7925.sql
  LOGS_DIR          = logs/slope_sample/warm_stepup/reference_20260921T230207Z  (query_timing_/query_samples_/query_catalog_tpch_idx.csv)
  DB_NAME / DB_USER = tpch_idx / postgres
  PGPORT            = 5434  (server reports 18.4)
  RUN_ID            = A5511F3F63C853D5
  WARMUP            = 2 single-copy warm-ups (the first primes the cache)
  BATCH_SIZES       = 1 2 4 8 16  x RUNS=1 measured batches each
  WORKERS           = (planner default)
  STATEMENT_TIMEOUT = 60
  THERMAL_EQUALISE  = gate (T_LO=55 T_HI=60 preheat<=60s cooldown<=120s)
  sensors           = pkg:/sys/class/hwmon/hwmon8/temp1_input cores:4 cpufreq:8 throttle:8/8
  SIGLESS_ADDR      = (disabled)
Found 1 query under queries/tpch/sqlstorm_slope/reference/7925.sql

[1/1] queries/tpch/sqlstorm_slope/reference/7925.sql (2 warmup + step-up 1 2 4 8 16 x1)
  thermal gate: pre-heated 5s -> 61.0 C
  warmup 1/2: 8.467372 sec (cache prime)
  warmup 2/2: 7.038312 sec
  N=1   batch 1/1: 6.408028 sec, 1 copy (server sum 6346.919 ms)
  N=2   batch 1/1: 12.830659 sec, 2 copies (server sum 12722.834 ms)
  N=4   batch 1/1: 25.475609 sec, 4 copies (server sum 25404.364 ms)
  N=8   batch 1/1: 50.733833 sec, 8 copies (server sum 50647.513 ms)
  N=16  batch 1/1: 101.420174 sec, 16 copies (server sum 101306.638 ms)
  done: 5 sizes x 1 run (0 failures)

Done. Batch rows appended to logs/slope_sample/warm_stepup/reference_20260921T230207Z/query_timing_tpch_idx.csv
Per-copy samples appended to logs/slope_sample/warm_stepup/reference_20260921T230207Z/query_samples_tpch_idx.csv
Last batch ended at epoch 1790060469.749 (PREV_END_EPOCH for the next invocation)
===== [186/280] queries/tpch/sqlstorm_slope/reference/5820.sql run_id=E592F98015D16359 =====
query_runner configuration:
  QUERY_DIR         = queries/tpch/sqlstorm_slope/reference/5820.sql
  LOGS_DIR          = logs/slope_sample/warm_stepup/reference_20260921T230207Z  (query_timing_/query_samples_/query_catalog_tpch_idx.csv)
  DB_NAME / DB_USER = tpch_idx / postgres
  PGPORT            = 5434  (server reports 18.4)
  RUN_ID            = E592F98015D16359
  WARMUP            = 2 single-copy warm-ups (the first primes the cache)
  BATCH_SIZES       = 1 2 4 8 16  x RUNS=1 measured batches each
  WORKERS           = (planner default)
  STATEMENT_TIMEOUT = 60
  THERMAL_EQUALISE  = gate (T_LO=55 T_HI=60 preheat<=60s cooldown<=120s)
  sensors           = pkg:/sys/class/hwmon/hwmon8/temp1_input cores:4 cpufreq:8 throttle:8/8
  SIGLESS_ADDR      = (disabled)
Found 1 query under queries/tpch/sqlstorm_slope/reference/5820.sql

[1/1] queries/tpch/sqlstorm_slope/reference/5820.sql (2 warmup + step-up 1 2 4 8 16 x1)
  thermal gate: waited 10s -> 59.0 C
  warmup 1/2: 0.574843 sec (cache prime)
  warmup 2/2: 0.354684 sec
  N=1   batch 1/1: 0.355483 sec, 1 copy (server sum 297.834 ms)
  N=2   batch 1/1: 0.714762 sec, 2 copies (server sum 606.522 ms)
  N=4   batch 1/1: 1.253590 sec, 4 copies (server sum 1189.624 ms)
  N=8   batch 1/1: 2.457423 sec, 8 copies (server sum 2384.516 ms)
  N=16  batch 1/1: 4.829283 sec, 16 copies (server sum 4738.609 ms)
  done: 5 sizes x 1 run (0 failures)

Done. Batch rows appended to logs/slope_sample/warm_stepup/reference_20260921T230207Z/query_timing_tpch_idx.csv
Per-copy samples appended to logs/slope_sample/warm_stepup/reference_20260921T230207Z/query_samples_tpch_idx.csv
Last batch ended at epoch 1790060494.995 (PREV_END_EPOCH for the next invocation)
===== [187/280] queries/tpch/sqlstorm_slope/reference/5561.sql run_id=5EAE72808C709435 =====
query_runner configuration:
  QUERY_DIR         = queries/tpch/sqlstorm_slope/reference/5561.sql
  LOGS_DIR          = logs/slope_sample/warm_stepup/reference_20260921T230207Z  (query_timing_/query_samples_/query_catalog_tpch_idx.csv)
  DB_NAME / DB_USER = tpch_idx / postgres
  PGPORT            = 5434  (server reports 18.4)
  RUN_ID            = 5EAE72808C709435
  WARMUP            = 2 single-copy warm-ups (the first primes the cache)
  BATCH_SIZES       = 1 2 4 8 16  x RUNS=1 measured batches each
  WORKERS           = (planner default)
  STATEMENT_TIMEOUT = 60
  THERMAL_EQUALISE  = gate (T_LO=55 T_HI=60 preheat<=60s cooldown<=120s)
  sensors           = pkg:/sys/class/hwmon/hwmon8/temp1_input cores:4 cpufreq:8 throttle:8/8
  SIGLESS_ADDR      = (disabled)
Found 1 query under queries/tpch/sqlstorm_slope/reference/5561.sql

[1/1] queries/tpch/sqlstorm_slope/reference/5561.sql (2 warmup + step-up 1 2 4 8 16 x1)
  thermal gate: waited 2s -> 59.0 C
  warmup 1/2: 8.478152 sec (cache prime)
  warmup 2/2: 7.335288 sec
  N=1   batch 1/1: 7.388811 sec, 1 copy (server sum 7329.634 ms)
  N=2   batch 1/1: 14.475722 sec, 2 copies (server sum 14393.906 ms)
  N=4   batch 1/1: 28.930002 sec, 4 copies (server sum 28838.940 ms)
  N=8   batch 1/1: 57.577659 sec, 8 copies (server sum 57499.852 ms)
  N=16  batch 1/1: 114.917537 sec, 16 copies (server sum 114818.698 ms)
  done: 5 sizes x 1 run (0 failures)

Done. Batch rows appended to logs/slope_sample/warm_stepup/reference_20260921T230207Z/query_timing_tpch_idx.csv
Per-copy samples appended to logs/slope_sample/warm_stepup/reference_20260921T230207Z/query_samples_tpch_idx.csv
Last batch ended at epoch 1790060740.450 (PREV_END_EPOCH for the next invocation)
===== [188/280] queries/tpch/sqlstorm_slope/reference/8411.sql run_id=BEB277A2E8C74BFE =====
query_runner configuration:
  QUERY_DIR         = queries/tpch/sqlstorm_slope/reference/8411.sql
  LOGS_DIR          = logs/slope_sample/warm_stepup/reference_20260921T230207Z  (query_timing_/query_samples_/query_catalog_tpch_idx.csv)
  DB_NAME / DB_USER = tpch_idx / postgres
  PGPORT            = 5434  (server reports 18.4)
  RUN_ID            = BEB277A2E8C74BFE
  WARMUP            = 2 single-copy warm-ups (the first primes the cache)
  BATCH_SIZES       = 1 2 4 8 16  x RUNS=1 measured batches each
  WORKERS           = (planner default)
  STATEMENT_TIMEOUT = 60
  THERMAL_EQUALISE  = gate (T_LO=55 T_HI=60 preheat<=60s cooldown<=120s)
  sensors           = pkg:/sys/class/hwmon/hwmon8/temp1_input cores:4 cpufreq:8 throttle:8/8
  SIGLESS_ADDR      = (disabled)
Found 1 query under queries/tpch/sqlstorm_slope/reference/8411.sql

[1/1] queries/tpch/sqlstorm_slope/reference/8411.sql (2 warmup + step-up 1 2 4 8 16 x1)
  warmup 1/2: 14.617315 sec (cache prime)
  warmup 2/2: 11.754994 sec
  N=1   batch 1/1: 11.810200 sec, 1 copy (server sum 11751.165 ms)
  N=2   batch 1/1: 23.286993 sec, 2 copies (server sum 23224.895 ms)
  N=4   batch 1/1: 46.322186 sec, 4 copies (server sum 46255.171 ms)
  N=8   batch 1/1: 92.453824 sec, 8 copies (server sum 92373.686 ms)
  N=16  batch 1/1: 184.669255 sec, 16 copies (server sum 184572.012 ms)
  done: 5 sizes x 1 run (0 failures)

Done. Batch rows appended to logs/slope_sample/warm_stepup/reference_20260921T230207Z/query_timing_tpch_idx.csv
Per-copy samples appended to logs/slope_sample/warm_stepup/reference_20260921T230207Z/query_samples_tpch_idx.csv
Last batch ended at epoch 1790061129.825 (PREV_END_EPOCH for the next invocation)
===== [189/280] queries/tpch/sqlstorm_slope/reference/32103.sql run_id=07E6DD49A403FD6A =====
query_runner configuration:
  QUERY_DIR         = queries/tpch/sqlstorm_slope/reference/32103.sql
  LOGS_DIR          = logs/slope_sample/warm_stepup/reference_20260921T230207Z  (query_timing_/query_samples_/query_catalog_tpch_idx.csv)
  DB_NAME / DB_USER = tpch_idx / postgres
  PGPORT            = 5434  (server reports 18.4)
  RUN_ID            = 07E6DD49A403FD6A
  WARMUP            = 2 single-copy warm-ups (the first primes the cache)
  BATCH_SIZES       = 1 2 4 8 16  x RUNS=1 measured batches each
  WORKERS           = (planner default)
  STATEMENT_TIMEOUT = 60
  THERMAL_EQUALISE  = gate (T_LO=55 T_HI=60 preheat<=60s cooldown<=120s)
  sensors           = pkg:/sys/class/hwmon/hwmon8/temp1_input cores:4 cpufreq:8 throttle:8/8
  SIGLESS_ADDR      = (disabled)
Found 1 query under queries/tpch/sqlstorm_slope/reference/32103.sql

[1/1] queries/tpch/sqlstorm_slope/reference/32103.sql (2 warmup + step-up 1 2 4 8 16 x1)
  thermal gate: waited 8s -> 59.0 C
  warmup 1/2: 1.453651 sec (cache prime)
  warmup 2/2: 0.608543 sec
  N=1   batch 1/1: 0.644178 sec, 1 copy (server sum 531.773 ms)
  N=2   batch 1/1: 1.102423 sec, 2 copies (server sum 1038.152 ms)
  N=4   batch 1/1: 2.160813 sec, 4 copies (server sum 2034.948 ms)
  N=8   batch 1/1: 4.187602 sec, 8 copies (server sum 4050.548 ms)
  N=16  batch 1/1: 8.198332 sec, 16 copies (server sum 8070.660 ms)
  done: 5 sizes x 1 run (0 failures)

Done. Batch rows appended to logs/slope_sample/warm_stepup/reference_20260921T230207Z/query_timing_tpch_idx.csv
Per-copy samples appended to logs/slope_sample/warm_stepup/reference_20260921T230207Z/query_samples_tpch_idx.csv
Last batch ended at epoch 1790061160.931 (PREV_END_EPOCH for the next invocation)
===== [190/280] queries/tpch/sqlstorm_slope/reference/14523.sql run_id=8310270216A79347 =====
query_runner configuration:
  QUERY_DIR         = queries/tpch/sqlstorm_slope/reference/14523.sql
  LOGS_DIR          = logs/slope_sample/warm_stepup/reference_20260921T230207Z  (query_timing_/query_samples_/query_catalog_tpch_idx.csv)
  DB_NAME / DB_USER = tpch_idx / postgres
  PGPORT            = 5434  (server reports 18.4)
  RUN_ID            = 8310270216A79347
  WARMUP            = 2 single-copy warm-ups (the first primes the cache)
  BATCH_SIZES       = 1 2 4 8 16  x RUNS=1 measured batches each
  WORKERS           = (planner default)
  STATEMENT_TIMEOUT = 60
  THERMAL_EQUALISE  = gate (T_LO=55 T_HI=60 preheat<=60s cooldown<=120s)
  sensors           = pkg:/sys/class/hwmon/hwmon8/temp1_input cores:4 cpufreq:8 throttle:8/8
  SIGLESS_ADDR      = (disabled)
Found 1 query under queries/tpch/sqlstorm_slope/reference/14523.sql

[1/1] queries/tpch/sqlstorm_slope/reference/14523.sql (2 warmup + step-up 1 2 4 8 16 x1)
  thermal gate: waited 4s -> 59.0 C
  warmup 1/2: 1.565835 sec (cache prime)
  warmup 2/2: 0.472977 sec
  N=1   batch 1/1: 0.470138 sec, 1 copy (server sum 414.337 ms)
  N=2   batch 1/1: 0.850171 sec, 2 copies (server sum 793.566 ms)
  N=4   batch 1/1: 1.614293 sec, 4 copies (server sum 1555.617 ms)
  N=8   batch 1/1: 3.121077 sec, 8 copies (server sum 3059.985 ms)
  N=16  batch 1/1: 6.167599 sec, 16 copies (server sum 6099.072 ms)
  done: 5 sizes x 1 run (0 failures)

Done. Batch rows appended to logs/slope_sample/warm_stepup/reference_20260921T230207Z/query_timing_tpch_idx.csv
Per-copy samples appended to logs/slope_sample/warm_stepup/reference_20260921T230207Z/query_samples_tpch_idx.csv
Last batch ended at epoch 1790061183.902 (PREV_END_EPOCH for the next invocation)
===== [191/280] queries/tpch/sqlstorm_slope/reference/17087.sql run_id=1393C6563F5DF082 =====
query_runner configuration:
  QUERY_DIR         = queries/tpch/sqlstorm_slope/reference/17087.sql
  LOGS_DIR          = logs/slope_sample/warm_stepup/reference_20260921T230207Z  (query_timing_/query_samples_/query_catalog_tpch_idx.csv)
  DB_NAME / DB_USER = tpch_idx / postgres
  PGPORT            = 5434  (server reports 18.4)
  RUN_ID            = 1393C6563F5DF082
  WARMUP            = 2 single-copy warm-ups (the first primes the cache)
  BATCH_SIZES       = 1 2 4 8 16  x RUNS=1 measured batches each
  WORKERS           = (planner default)
  STATEMENT_TIMEOUT = 60
  THERMAL_EQUALISE  = gate (T_LO=55 T_HI=60 preheat<=60s cooldown<=120s)
  sensors           = pkg:/sys/class/hwmon/hwmon8/temp1_input cores:4 cpufreq:8 throttle:8/8
  SIGLESS_ADDR      = (disabled)
Found 1 query under queries/tpch/sqlstorm_slope/reference/17087.sql

[1/1] queries/tpch/sqlstorm_slope/reference/17087.sql (2 warmup + step-up 1 2 4 8 16 x1)
  thermal gate: waited 2s -> 59.0 C
  warmup 1/2: 2.062966 sec (cache prime)
  warmup 2/2: 0.812379 sec
  N=1   batch 1/1: 0.807262 sec, 1 copy (server sum 750.259 ms)
  N=2   batch 1/1: 1.534033 sec, 2 copies (server sum 1475.100 ms)
  N=4   batch 1/1: 2.947626 sec, 4 copies (server sum 2886.046 ms)
  N=8   batch 1/1: 5.871682 sec, 8 copies (server sum 5752.404 ms)
  N=16  batch 1/1: 11.511310 sec, 16 copies (server sum 11432.040 ms)
  done: 5 sizes x 1 run (0 failures)

Done. Batch rows appended to logs/slope_sample/warm_stepup/reference_20260921T230207Z/query_timing_tpch_idx.csv
Per-copy samples appended to logs/slope_sample/warm_stepup/reference_20260921T230207Z/query_samples_tpch_idx.csv
Last batch ended at epoch 1790061216.175 (PREV_END_EPOCH for the next invocation)
===== [192/280] queries/tpch/sqlstorm_slope/reference/2950.sql run_id=7056392502236FC3 =====
query_runner configuration:
  QUERY_DIR         = queries/tpch/sqlstorm_slope/reference/2950.sql
  LOGS_DIR          = logs/slope_sample/warm_stepup/reference_20260921T230207Z  (query_timing_/query_samples_/query_catalog_tpch_idx.csv)
  DB_NAME / DB_USER = tpch_idx / postgres
  PGPORT            = 5434  (server reports 18.4)
  RUN_ID            = 7056392502236FC3
  WARMUP            = 2 single-copy warm-ups (the first primes the cache)
  BATCH_SIZES       = 1 2 4 8 16  x RUNS=1 measured batches each
  WORKERS           = (planner default)
  STATEMENT_TIMEOUT = 60
  THERMAL_EQUALISE  = gate (T_LO=55 T_HI=60 preheat<=60s cooldown<=120s)
  sensors           = pkg:/sys/class/hwmon/hwmon8/temp1_input cores:4 cpufreq:8 throttle:8/8
  SIGLESS_ADDR      = (disabled)
Found 1 query under queries/tpch/sqlstorm_slope/reference/2950.sql

[1/1] queries/tpch/sqlstorm_slope/reference/2950.sql (2 warmup + step-up 1 2 4 8 16 x1)
  thermal gate: waited 2s -> 59.0 C
  warmup 1/2: 14.277889 sec (cache prime)
  warmup 2/2: 12.874575 sec
  N=1   batch 1/1: 12.971641 sec, 1 copy (server sum 12881.631 ms)
  N=2   batch 1/1: 25.867646 sec, 2 copies (server sum 25806.554 ms)
  N=4   batch 1/1: 50.515653 sec, 4 copies (server sum 50449.646 ms)
  N=8   batch 1/1: 100.869834 sec, 8 copies (server sum 100753.700 ms)
  N=16  batch 1/1: 201.090125 sec, 16 copies (server sum 200983.089 ms)
  done: 5 sizes x 1 run (0 failures)

Done. Batch rows appended to logs/slope_sample/warm_stepup/reference_20260921T230207Z/query_timing_tpch_idx.csv
Per-copy samples appended to logs/slope_sample/warm_stepup/reference_20260921T230207Z/query_samples_tpch_idx.csv
Last batch ended at epoch 1790061641.428 (PREV_END_EPOCH for the next invocation)
===== [193/280] queries/tpch/sqlstorm_slope/reference/14616.sql run_id=53AE4ABABE582269 =====
query_runner configuration:
  QUERY_DIR         = queries/tpch/sqlstorm_slope/reference/14616.sql
  LOGS_DIR          = logs/slope_sample/warm_stepup/reference_20260921T230207Z  (query_timing_/query_samples_/query_catalog_tpch_idx.csv)
  DB_NAME / DB_USER = tpch_idx / postgres
  PGPORT            = 5434  (server reports 18.4)
  RUN_ID            = 53AE4ABABE582269
  WARMUP            = 2 single-copy warm-ups (the first primes the cache)
  BATCH_SIZES       = 1 2 4 8 16  x RUNS=1 measured batches each
  WORKERS           = (planner default)
  STATEMENT_TIMEOUT = 60
  THERMAL_EQUALISE  = gate (T_LO=55 T_HI=60 preheat<=60s cooldown<=120s)
  sensors           = pkg:/sys/class/hwmon/hwmon8/temp1_input cores:4 cpufreq:8 throttle:8/8
  SIGLESS_ADDR      = (disabled)
Found 1 query under queries/tpch/sqlstorm_slope/reference/14616.sql

[1/1] queries/tpch/sqlstorm_slope/reference/14616.sql (2 warmup + step-up 1 2 4 8 16 x1)
  warmup 1/2: 0.273040 sec (cache prime)
  warmup 2/2: 0.068371 sec
  N=1   batch 1/1: 0.069582 sec, 1 copy (server sum 9.407 ms)
  N=2   batch 1/1: 0.079726 sec, 2 copies (server sum 18.074 ms)
  N=4   batch 1/1: 0.102562 sec, 4 copies (server sum 35.177 ms)
  N=8   batch 1/1: 0.152388 sec, 8 copies (server sum 74.194 ms)
  N=16  batch 1/1: 0.241327 sec, 16 copies (server sum 142.160 ms)
  done: 5 sizes x 1 run (0 failures)

Done. Batch rows appended to logs/slope_sample/warm_stepup/reference_20260921T230207Z/query_timing_tpch_idx.csv
Per-copy samples appended to logs/slope_sample/warm_stepup/reference_20260921T230207Z/query_samples_tpch_idx.csv
Last batch ended at epoch 1790061647.138 (PREV_END_EPOCH for the next invocation)
===== [194/280] queries/tpch/sqlstorm_slope/reference/15338.sql run_id=5B2D6B548E188B67 =====
query_runner configuration:
  QUERY_DIR         = queries/tpch/sqlstorm_slope/reference/15338.sql
  LOGS_DIR          = logs/slope_sample/warm_stepup/reference_20260921T230207Z  (query_timing_/query_samples_/query_catalog_tpch_idx.csv)
  DB_NAME / DB_USER = tpch_idx / postgres
  PGPORT            = 5434  (server reports 18.4)
  RUN_ID            = 5B2D6B548E188B67
  WARMUP            = 2 single-copy warm-ups (the first primes the cache)
  BATCH_SIZES       = 1 2 4 8 16  x RUNS=1 measured batches each
  WORKERS           = (planner default)
  STATEMENT_TIMEOUT = 60
  THERMAL_EQUALISE  = gate (T_LO=55 T_HI=60 preheat<=60s cooldown<=120s)
  sensors           = pkg:/sys/class/hwmon/hwmon8/temp1_input cores:4 cpufreq:8 throttle:8/8
  SIGLESS_ADDR      = (disabled)
Found 1 query under queries/tpch/sqlstorm_slope/reference/15338.sql

[1/1] queries/tpch/sqlstorm_slope/reference/15338.sql (2 warmup + step-up 1 2 4 8 16 x1)
  warmup 1/2: 1.534020 sec (cache prime)
  warmup 2/2: 1.296450 sec
  N=1   batch 1/1: 1.295785 sec, 1 copy (server sum 1239.773 ms)
  N=2   batch 1/1: 2.499116 sec, 2 copies (server sum 2441.786 ms)
  N=4   batch 1/1: 4.867856 sec, 4 copies (server sum 4808.158 ms)
  N=8   batch 1/1: 9.695934 sec, 8 copies (server sum 9578.898 ms)
  N=16  batch 1/1: 19.161042 sec, 16 copies (server sum 19089.576 ms)
  done: 5 sizes x 1 run (0 failures)

Done. Batch rows appended to logs/slope_sample/warm_stepup/reference_20260921T230207Z/query_timing_tpch_idx.csv
Per-copy samples appended to logs/slope_sample/warm_stepup/reference_20260921T230207Z/query_samples_tpch_idx.csv
Last batch ended at epoch 1790061691.436 (PREV_END_EPOCH for the next invocation)
===== [195/280] queries/tpch/sqlstorm_slope/reference/2950.sql run_id=F5AB97D764BCC82B =====
query_runner configuration:
  QUERY_DIR         = queries/tpch/sqlstorm_slope/reference/2950.sql
  LOGS_DIR          = logs/slope_sample/warm_stepup/reference_20260921T230207Z  (query_timing_/query_samples_/query_catalog_tpch_idx.csv)
  DB_NAME / DB_USER = tpch_idx / postgres
  PGPORT            = 5434  (server reports 18.4)
  RUN_ID            = F5AB97D764BCC82B
  WARMUP            = 2 single-copy warm-ups (the first primes the cache)
  BATCH_SIZES       = 1 2 4 8 16  x RUNS=1 measured batches each
  WORKERS           = (planner default)
  STATEMENT_TIMEOUT = 60
  THERMAL_EQUALISE  = gate (T_LO=55 T_HI=60 preheat<=60s cooldown<=120s)
  sensors           = pkg:/sys/class/hwmon/hwmon8/temp1_input cores:4 cpufreq:8 throttle:8/8
  SIGLESS_ADDR      = (disabled)
Found 1 query under queries/tpch/sqlstorm_slope/reference/2950.sql

[1/1] queries/tpch/sqlstorm_slope/reference/2950.sql (2 warmup + step-up 1 2 4 8 16 x1)
  warmup 1/2: 13.879888 sec (cache prime)
  warmup 2/2: 12.689542 sec
  N=1   batch 1/1: 12.922306 sec, 1 copy (server sum 12863.467 ms)
  N=2   batch 1/1: 25.516066 sec, 2 copies (server sum 25454.934 ms)
  N=4   batch 1/1: 51.677549 sec, 4 copies (server sum 51610.878 ms)
  N=8   batch 1/1: 100.640557 sec, 8 copies (server sum 100551.169 ms)
  N=16  batch 1/1: 203.898188 sec, 16 copies (server sum 203755.001 ms)
  done: 5 sizes x 1 run (0 failures)

Done. Batch rows appended to logs/slope_sample/warm_stepup/reference_20260921T230207Z/query_timing_tpch_idx.csv
Per-copy samples appended to logs/slope_sample/warm_stepup/reference_20260921T230207Z/query_samples_tpch_idx.csv
Last batch ended at epoch 1790062116.939 (PREV_END_EPOCH for the next invocation)
===== [196/280] queries/tpch/sqlstorm_slope/reference/3396.sql run_id=A77EE7D01EA69DBC =====
query_runner configuration:
  QUERY_DIR         = queries/tpch/sqlstorm_slope/reference/3396.sql
  LOGS_DIR          = logs/slope_sample/warm_stepup/reference_20260921T230207Z  (query_timing_/query_samples_/query_catalog_tpch_idx.csv)
  DB_NAME / DB_USER = tpch_idx / postgres
  PGPORT            = 5434  (server reports 18.4)
  RUN_ID            = A77EE7D01EA69DBC
  WARMUP            = 2 single-copy warm-ups (the first primes the cache)
  BATCH_SIZES       = 1 2 4 8 16  x RUNS=1 measured batches each
  WORKERS           = (planner default)
  STATEMENT_TIMEOUT = 60
  THERMAL_EQUALISE  = gate (T_LO=55 T_HI=60 preheat<=60s cooldown<=120s)
  sensors           = pkg:/sys/class/hwmon/hwmon8/temp1_input cores:4 cpufreq:8 throttle:8/8
  SIGLESS_ADDR      = (disabled)
Found 1 query under queries/tpch/sqlstorm_slope/reference/3396.sql

[1/1] queries/tpch/sqlstorm_slope/reference/3396.sql (2 warmup + step-up 1 2 4 8 16 x1)
  warmup 1/2: 14.629204 sec (cache prime)
  warmup 2/2: 13.070807 sec
  N=1   batch 1/1: 13.014699 sec, 1 copy (server sum 12903.971 ms)
  N=2   batch 1/1: 26.653302 sec, 2 copies (server sum 26590.538 ms)
  N=4   batch 1/1: 51.071293 sec, 4 copies (server sum 51002.090 ms)
  N=8   batch 1/1: 104.211271 sec, 8 copies (server sum 104124.502 ms)
  N=16  batch 1/1: 205.851054 sec, 16 copies (server sum 205725.495 ms)
  done: 5 sizes x 1 run (0 failures)

Done. Batch rows appended to logs/slope_sample/warm_stepup/reference_20260921T230207Z/query_timing_tpch_idx.csv
Per-copy samples appended to logs/slope_sample/warm_stepup/reference_20260921T230207Z/query_samples_tpch_idx.csv
Last batch ended at epoch 1790062549.568 (PREV_END_EPOCH for the next invocation)
===== [197/280] queries/tpch/sqlstorm_slope/reference/3396.sql run_id=EA645C35EDB53036 =====
query_runner configuration:
  QUERY_DIR         = queries/tpch/sqlstorm_slope/reference/3396.sql
  LOGS_DIR          = logs/slope_sample/warm_stepup/reference_20260921T230207Z  (query_timing_/query_samples_/query_catalog_tpch_idx.csv)
  DB_NAME / DB_USER = tpch_idx / postgres
  PGPORT            = 5434  (server reports 18.4)
  RUN_ID            = EA645C35EDB53036
  WARMUP            = 2 single-copy warm-ups (the first primes the cache)
  BATCH_SIZES       = 1 2 4 8 16  x RUNS=1 measured batches each
  WORKERS           = (planner default)
  STATEMENT_TIMEOUT = 60
  THERMAL_EQUALISE  = gate (T_LO=55 T_HI=60 preheat<=60s cooldown<=120s)
  sensors           = pkg:/sys/class/hwmon/hwmon8/temp1_input cores:4 cpufreq:8 throttle:8/8
  SIGLESS_ADDR      = (disabled)
Found 1 query under queries/tpch/sqlstorm_slope/reference/3396.sql

[1/1] queries/tpch/sqlstorm_slope/reference/3396.sql (2 warmup + step-up 1 2 4 8 16 x1)
  thermal gate: waited 6s -> 59.0 C
  warmup 1/2: 14.452904 sec (cache prime)
  warmup 2/2: 12.929984 sec
  N=1   batch 1/1: 13.067960 sec, 1 copy (server sum 13008.119 ms)
  N=2   batch 1/1: 26.341416 sec, 2 copies (server sum 26278.494 ms)
  N=4   batch 1/1: 51.263492 sec, 4 copies (server sum 51195.268 ms)
  N=8   batch 1/1: 102.689379 sec, 8 copies (server sum 102608.173 ms)
  N=16  batch 1/1: 206.485046 sec, 16 copies (server sum 206382.473 ms)
  done: 5 sizes x 1 run (0 failures)

Done. Batch rows appended to logs/slope_sample/warm_stepup/reference_20260921T230207Z/query_timing_tpch_idx.csv
Per-copy samples appended to logs/slope_sample/warm_stepup/reference_20260921T230207Z/query_samples_tpch_idx.csv
Last batch ended at epoch 1790062987.693 (PREV_END_EPOCH for the next invocation)
===== [198/280] queries/tpch/sqlstorm_slope/reference/15598.sql run_id=C61AADDA13CBFDD4 =====
query_runner configuration:
  QUERY_DIR         = queries/tpch/sqlstorm_slope/reference/15598.sql
  LOGS_DIR          = logs/slope_sample/warm_stepup/reference_20260921T230207Z  (query_timing_/query_samples_/query_catalog_tpch_idx.csv)
  DB_NAME / DB_USER = tpch_idx / postgres
  PGPORT            = 5434  (server reports 18.4)
  RUN_ID            = C61AADDA13CBFDD4
  WARMUP            = 2 single-copy warm-ups (the first primes the cache)
  BATCH_SIZES       = 1 2 4 8 16  x RUNS=1 measured batches each
  WORKERS           = (planner default)
  STATEMENT_TIMEOUT = 60
  THERMAL_EQUALISE  = gate (T_LO=55 T_HI=60 preheat<=60s cooldown<=120s)
  sensors           = pkg:/sys/class/hwmon/hwmon8/temp1_input cores:4 cpufreq:8 throttle:8/8
  SIGLESS_ADDR      = (disabled)
Found 1 query under queries/tpch/sqlstorm_slope/reference/15598.sql

[1/1] queries/tpch/sqlstorm_slope/reference/15598.sql (2 warmup + step-up 1 2 4 8 16 x1)
  thermal gate: waited 2s -> 59.0 C
  warmup 1/2: 5.631519 sec (cache prime)
  warmup 2/2: 4.873759 sec
  N=1   batch 1/1: 4.858359 sec, 1 copy (server sum 4801.787 ms)
  N=2   batch 1/1: 9.617378 sec, 2 copies (server sum 9559.381 ms)
  N=4   batch 1/1: 19.218026 sec, 4 copies (server sum 19108.537 ms)
  N=8   batch 1/1: 38.203586 sec, 8 copies (server sum 38111.406 ms)
  N=16  batch 1/1: 76.149133 sec, 16 copies (server sum 76071.440 ms)
  done: 5 sizes x 1 run (0 failures)

Done. Batch rows appended to logs/slope_sample/warm_stepup/reference_20260921T230207Z/query_timing_tpch_idx.csv
Per-copy samples appended to logs/slope_sample/warm_stepup/reference_20260921T230207Z/query_samples_tpch_idx.csv
Last batch ended at epoch 1790063152.868 (PREV_END_EPOCH for the next invocation)
===== [199/280] queries/tpch/sqlstorm_slope/reference/26382.sql run_id=A4C53651F3A57285 =====
query_runner configuration:
  QUERY_DIR         = queries/tpch/sqlstorm_slope/reference/26382.sql
  LOGS_DIR          = logs/slope_sample/warm_stepup/reference_20260921T230207Z  (query_timing_/query_samples_/query_catalog_tpch_idx.csv)
  DB_NAME / DB_USER = tpch_idx / postgres
  PGPORT            = 5434  (server reports 18.4)
  RUN_ID            = A4C53651F3A57285
  WARMUP            = 2 single-copy warm-ups (the first primes the cache)
  BATCH_SIZES       = 1 2 4 8 16  x RUNS=1 measured batches each
  WORKERS           = (planner default)
  STATEMENT_TIMEOUT = 60
  THERMAL_EQUALISE  = gate (T_LO=55 T_HI=60 preheat<=60s cooldown<=120s)
  sensors           = pkg:/sys/class/hwmon/hwmon8/temp1_input cores:4 cpufreq:8 throttle:8/8
  SIGLESS_ADDR      = (disabled)
Found 1 query under queries/tpch/sqlstorm_slope/reference/26382.sql

[1/1] queries/tpch/sqlstorm_slope/reference/26382.sql (2 warmup + step-up 1 2 4 8 16 x1)
  thermal gate: waited 6s -> 60.0 C
  warmup 1/2: 0.324382 sec (cache prime)
  warmup 2/2: 0.115693 sec
  N=1   batch 1/1: 0.114192 sec, 1 copy (server sum 57.231 ms)
  N=2   batch 1/1: 0.172122 sec, 2 copies (server sum 113.057 ms)
  N=4   batch 1/1: 0.312419 sec, 4 copies (server sum 231.578 ms)
  N=8   batch 1/1: 0.517855 sec, 8 copies (server sum 448.353 ms)
  N=16  batch 1/1: 0.981458 sec, 16 copies (server sum 899.168 ms)
  done: 5 sizes x 1 run (0 failures)

Done. Batch rows appended to logs/slope_sample/warm_stepup/reference_20260921T230207Z/query_timing_tpch_idx.csv
Per-copy samples appended to logs/slope_sample/warm_stepup/reference_20260921T230207Z/query_samples_tpch_idx.csv
Last batch ended at epoch 1790063165.812 (PREV_END_EPOCH for the next invocation)
===== [200/280] queries/tpch/sqlstorm_slope/reference/5116.sql run_id=3F38C6E7056B5EFE =====
query_runner configuration:
  QUERY_DIR         = queries/tpch/sqlstorm_slope/reference/5116.sql
  LOGS_DIR          = logs/slope_sample/warm_stepup/reference_20260921T230207Z  (query_timing_/query_samples_/query_catalog_tpch_idx.csv)
  DB_NAME / DB_USER = tpch_idx / postgres
  PGPORT            = 5434  (server reports 18.4)
  RUN_ID            = 3F38C6E7056B5EFE
  WARMUP            = 2 single-copy warm-ups (the first primes the cache)
  BATCH_SIZES       = 1 2 4 8 16  x RUNS=1 measured batches each
  WORKERS           = (planner default)
  STATEMENT_TIMEOUT = 60
  THERMAL_EQUALISE  = gate (T_LO=55 T_HI=60 preheat<=60s cooldown<=120s)
  sensors           = pkg:/sys/class/hwmon/hwmon8/temp1_input cores:4 cpufreq:8 throttle:8/8
  SIGLESS_ADDR      = (disabled)
Found 1 query under queries/tpch/sqlstorm_slope/reference/5116.sql

[1/1] queries/tpch/sqlstorm_slope/reference/5116.sql (2 warmup + step-up 1 2 4 8 16 x1)
  warmup 1/2: 8.621735 sec (cache prime)
  warmup 2/2: 5.633422 sec
  N=1   batch 1/1: 5.637301 sec, 1 copy (server sum 5578.774 ms)
  N=2   batch 1/1: 11.030154 sec, 2 copies (server sum 10968.509 ms)
  N=4   batch 1/1: 21.864068 sec, 4 copies (server sum 21795.249 ms)
  N=8   batch 1/1: 43.471291 sec, 8 copies (server sum 43342.892 ms)
  N=16  batch 1/1: 86.641357 sec, 16 copies (server sum 86538.403 ms)
  done: 5 sizes x 1 run (0 failures)

Done. Batch rows appended to logs/slope_sample/warm_stepup/reference_20260921T230207Z/query_timing_tpch_idx.csv
Per-copy samples appended to logs/slope_sample/warm_stepup/reference_20260921T230207Z/query_samples_tpch_idx.csv
Last batch ended at epoch 1790063352.900 (PREV_END_EPOCH for the next invocation)
===== [201/280] queries/tpch/sqlstorm_slope/reference/28614.sql run_id=F53027D721CA5B29 =====
query_runner configuration:
  QUERY_DIR         = queries/tpch/sqlstorm_slope/reference/28614.sql
  LOGS_DIR          = logs/slope_sample/warm_stepup/reference_20260921T230207Z  (query_timing_/query_samples_/query_catalog_tpch_idx.csv)
  DB_NAME / DB_USER = tpch_idx / postgres
  PGPORT            = 5434  (server reports 18.4)
  RUN_ID            = F53027D721CA5B29
  WARMUP            = 2 single-copy warm-ups (the first primes the cache)
  BATCH_SIZES       = 1 2 4 8 16  x RUNS=1 measured batches each
  WORKERS           = (planner default)
  STATEMENT_TIMEOUT = 60
  THERMAL_EQUALISE  = gate (T_LO=55 T_HI=60 preheat<=60s cooldown<=120s)
  sensors           = pkg:/sys/class/hwmon/hwmon8/temp1_input cores:4 cpufreq:8 throttle:8/8
  SIGLESS_ADDR      = (disabled)
Found 1 query under queries/tpch/sqlstorm_slope/reference/28614.sql

[1/1] queries/tpch/sqlstorm_slope/reference/28614.sql (2 warmup + step-up 1 2 4 8 16 x1)
  warmup 1/2: 0.304711 sec (cache prime)
  warmup 2/2: 0.079344 sec
  N=1   batch 1/1: 0.079578 sec, 1 copy (server sum 17.766 ms)
  N=2   batch 1/1: 0.099738 sec, 2 copies (server sum 33.472 ms)
  N=4   batch 1/1: 0.138784 sec, 4 copies (server sum 64.875 ms)
  N=8   batch 1/1: 0.220778 sec, 8 copies (server sum 129.090 ms)
  N=16  batch 1/1: 0.380975 sec, 16 copies (server sum 254.723 ms)
  done: 5 sizes x 1 run (0 failures)

Done. Batch rows appended to logs/slope_sample/warm_stepup/reference_20260921T230207Z/query_timing_tpch_idx.csv
Per-copy samples appended to logs/slope_sample/warm_stepup/reference_20260921T230207Z/query_samples_tpch_idx.csv
Last batch ended at epoch 1790063358.773 (PREV_END_EPOCH for the next invocation)
===== [202/280] queries/tpch/sqlstorm_slope/reference/8865.sql run_id=431B00DFA7122E86 =====
query_runner configuration:
  QUERY_DIR         = queries/tpch/sqlstorm_slope/reference/8865.sql
  LOGS_DIR          = logs/slope_sample/warm_stepup/reference_20260921T230207Z  (query_timing_/query_samples_/query_catalog_tpch_idx.csv)
  DB_NAME / DB_USER = tpch_idx / postgres
  PGPORT            = 5434  (server reports 18.4)
  RUN_ID            = 431B00DFA7122E86
  WARMUP            = 2 single-copy warm-ups (the first primes the cache)
  BATCH_SIZES       = 1 2 4 8 16  x RUNS=1 measured batches each
  WORKERS           = (planner default)
  STATEMENT_TIMEOUT = 60
  THERMAL_EQUALISE  = gate (T_LO=55 T_HI=60 preheat<=60s cooldown<=120s)
  sensors           = pkg:/sys/class/hwmon/hwmon8/temp1_input cores:4 cpufreq:8 throttle:8/8
  SIGLESS_ADDR      = (disabled)
Found 1 query under queries/tpch/sqlstorm_slope/reference/8865.sql

[1/1] queries/tpch/sqlstorm_slope/reference/8865.sql (2 warmup + step-up 1 2 4 8 16 x1)
  warmup 1/2: 8.791858 sec (cache prime)
  warmup 2/2: 8.220475 sec
  N=1   batch 1/1: 8.314778 sec, 1 copy (server sum 8213.472 ms)
  N=2   batch 1/1: 16.342415 sec, 2 copies (server sum 16282.900 ms)
  N=4   batch 1/1: 32.494253 sec, 4 copies (server sum 32408.928 ms)
  N=8   batch 1/1: 64.451380 sec, 8 copies (server sum 64329.525 ms)
  N=16  batch 1/1: 128.930041 sec, 16 copies (server sum 128828.238 ms)
  done: 5 sizes x 1 run (0 failures)

Done. Batch rows appended to logs/slope_sample/warm_stepup/reference_20260921T230207Z/query_timing_tpch_idx.csv
Per-copy samples appended to logs/slope_sample/warm_stepup/reference_20260921T230207Z/query_samples_tpch_idx.csv
Last batch ended at epoch 1790063630.121 (PREV_END_EPOCH for the next invocation)
===== [203/280] queries/tpch/sqlstorm_slope/reference/1022.sql run_id=6BA7388B5A9F9E06 =====
query_runner configuration:
  QUERY_DIR         = queries/tpch/sqlstorm_slope/reference/1022.sql
  LOGS_DIR          = logs/slope_sample/warm_stepup/reference_20260921T230207Z  (query_timing_/query_samples_/query_catalog_tpch_idx.csv)
  DB_NAME / DB_USER = tpch_idx / postgres
  PGPORT            = 5434  (server reports 18.4)
  RUN_ID            = 6BA7388B5A9F9E06
  WARMUP            = 2 single-copy warm-ups (the first primes the cache)
  BATCH_SIZES       = 1 2 4 8 16  x RUNS=1 measured batches each
  WORKERS           = (planner default)
  STATEMENT_TIMEOUT = 60
  THERMAL_EQUALISE  = gate (T_LO=55 T_HI=60 preheat<=60s cooldown<=120s)
  sensors           = pkg:/sys/class/hwmon/hwmon8/temp1_input cores:4 cpufreq:8 throttle:8/8
  SIGLESS_ADDR      = (disabled)
Found 1 query under queries/tpch/sqlstorm_slope/reference/1022.sql

[1/1] queries/tpch/sqlstorm_slope/reference/1022.sql (2 warmup + step-up 1 2 4 8 16 x1)
  thermal gate: pre-heated 5s -> 60.0 C
  warmup 1/2: 4.659477 sec (cache prime)
  warmup 2/2: 3.375345 sec
  N=1   batch 1/1: 3.392173 sec, 1 copy (server sum 3319.886 ms)
  N=2   batch 1/1: 6.614216 sec, 2 copies (server sum 6521.710 ms)
  N=4   batch 1/1: 13.115294 sec, 4 copies (server sum 13003.063 ms)
  N=8   batch 1/1: 25.799149 sec, 8 copies (server sum 25712.459 ms)
  N=16  batch 1/1: 51.722446 sec, 16 copies (server sum 51605.411 ms)
  done: 5 sizes x 1 run (0 failures)

Done. Batch rows appended to logs/slope_sample/warm_stepup/reference_20260921T230207Z/query_timing_tpch_idx.csv
Per-copy samples appended to logs/slope_sample/warm_stepup/reference_20260921T230207Z/query_samples_tpch_idx.csv
Last batch ended at epoch 1790063747.900 (PREV_END_EPOCH for the next invocation)
===== [204/280] queries/tpch/sqlstorm_slope/reference/29659.sql run_id=E2A39554C30545DA =====
query_runner configuration:
  QUERY_DIR         = queries/tpch/sqlstorm_slope/reference/29659.sql
  LOGS_DIR          = logs/slope_sample/warm_stepup/reference_20260921T230207Z  (query_timing_/query_samples_/query_catalog_tpch_idx.csv)
  DB_NAME / DB_USER = tpch_idx / postgres
  PGPORT            = 5434  (server reports 18.4)
  RUN_ID            = E2A39554C30545DA
  WARMUP            = 2 single-copy warm-ups (the first primes the cache)
  BATCH_SIZES       = 1 2 4 8 16  x RUNS=1 measured batches each
  WORKERS           = (planner default)
  STATEMENT_TIMEOUT = 60
  THERMAL_EQUALISE  = gate (T_LO=55 T_HI=60 preheat<=60s cooldown<=120s)
  sensors           = pkg:/sys/class/hwmon/hwmon8/temp1_input cores:4 cpufreq:8 throttle:8/8
  SIGLESS_ADDR      = (disabled)
Found 1 query under queries/tpch/sqlstorm_slope/reference/29659.sql

[1/1] queries/tpch/sqlstorm_slope/reference/29659.sql (2 warmup + step-up 1 2 4 8 16 x1)
  thermal gate: pre-heated 5s -> 61.0 C
  warmup 1/2: 3.730545 sec (cache prime)
  warmup 2/2: 2.561331 sec
  N=1   batch 1/1: 2.558753 sec, 1 copy (server sum 2496.305 ms)
  N=2   batch 1/1: 5.048149 sec, 2 copies (server sum 4985.085 ms)
  N=4   batch 1/1: 9.976576 sec, 4 copies (server sum 9907.024 ms)
  N=8   batch 1/1: 19.845791 sec, 8 copies (server sum 19759.210 ms)
  N=16  batch 1/1: 39.821093 sec, 16 copies (server sum 39664.285 ms)
  done: 5 sizes x 1 run (0 failures)

Done. Batch rows appended to logs/slope_sample/warm_stepup/reference_20260921T230207Z/query_timing_tpch_idx.csv
Per-copy samples appended to logs/slope_sample/warm_stepup/reference_20260921T230207Z/query_samples_tpch_idx.csv
Last batch ended at epoch 1790063840.752 (PREV_END_EPOCH for the next invocation)
===== [205/280] queries/tpch/sqlstorm_slope/reference/29659.sql run_id=F3B65678295497C5 =====
query_runner configuration:
  QUERY_DIR         = queries/tpch/sqlstorm_slope/reference/29659.sql
  LOGS_DIR          = logs/slope_sample/warm_stepup/reference_20260921T230207Z  (query_timing_/query_samples_/query_catalog_tpch_idx.csv)
  DB_NAME / DB_USER = tpch_idx / postgres
  PGPORT            = 5434  (server reports 18.4)
  RUN_ID            = F3B65678295497C5
  WARMUP            = 2 single-copy warm-ups (the first primes the cache)
  BATCH_SIZES       = 1 2 4 8 16  x RUNS=1 measured batches each
  WORKERS           = (planner default)
  STATEMENT_TIMEOUT = 60
  THERMAL_EQUALISE  = gate (T_LO=55 T_HI=60 preheat<=60s cooldown<=120s)
  sensors           = pkg:/sys/class/hwmon/hwmon8/temp1_input cores:4 cpufreq:8 throttle:8/8
  SIGLESS_ADDR      = (disabled)
Found 1 query under queries/tpch/sqlstorm_slope/reference/29659.sql

[1/1] queries/tpch/sqlstorm_slope/reference/29659.sql (2 warmup + step-up 1 2 4 8 16 x1)
  warmup 1/2: 3.683960 sec (cache prime)
  warmup 2/2: 2.506061 sec
  N=1   batch 1/1: 2.491929 sec, 1 copy (server sum 2429.877 ms)
  N=2   batch 1/1: 4.943205 sec, 2 copies (server sum 4832.120 ms)
  N=4   batch 1/1: 9.860919 sec, 4 copies (server sum 9790.710 ms)
  N=8   batch 1/1: 19.276416 sec, 8 copies (server sum 19193.575 ms)
  N=16  batch 1/1: 38.626797 sec, 16 copies (server sum 38517.221 ms)
  done: 5 sizes x 1 run (0 failures)

Done. Batch rows appended to logs/slope_sample/warm_stepup/reference_20260921T230207Z/query_timing_tpch_idx.csv
Per-copy samples appended to logs/slope_sample/warm_stepup/reference_20260921T230207Z/query_samples_tpch_idx.csv
Last batch ended at epoch 1790063926.894 (PREV_END_EPOCH for the next invocation)
===== [206/280] queries/tpch/sqlstorm_slope/reference/17087.sql run_id=B298EAD1255971D6 =====
query_runner configuration:
  QUERY_DIR         = queries/tpch/sqlstorm_slope/reference/17087.sql
  LOGS_DIR          = logs/slope_sample/warm_stepup/reference_20260921T230207Z  (query_timing_/query_samples_/query_catalog_tpch_idx.csv)
  DB_NAME / DB_USER = tpch_idx / postgres
  PGPORT            = 5434  (server reports 18.4)
  RUN_ID            = B298EAD1255971D6
  WARMUP            = 2 single-copy warm-ups (the first primes the cache)
  BATCH_SIZES       = 1 2 4 8 16  x RUNS=1 measured batches each
  WORKERS           = (planner default)
  STATEMENT_TIMEOUT = 60
  THERMAL_EQUALISE  = gate (T_LO=55 T_HI=60 preheat<=60s cooldown<=120s)
  sensors           = pkg:/sys/class/hwmon/hwmon8/temp1_input cores:4 cpufreq:8 throttle:8/8
  SIGLESS_ADDR      = (disabled)
Found 1 query under queries/tpch/sqlstorm_slope/reference/17087.sql

[1/1] queries/tpch/sqlstorm_slope/reference/17087.sql (2 warmup + step-up 1 2 4 8 16 x1)
  thermal gate: waited 2s -> 58.0 C
  warmup 1/2: 2.052936 sec (cache prime)
  warmup 2/2: 0.808451 sec
  N=1   batch 1/1: 0.804882 sec, 1 copy (server sum 747.594 ms)
  N=2   batch 1/1: 1.576765 sec, 2 copies (server sum 1466.478 ms)
  N=4   batch 1/1: 2.935737 sec, 4 copies (server sum 2873.264 ms)
  N=8   batch 1/1: 5.788125 sec, 8 copies (server sum 5718.964 ms)
  N=16  batch 1/1: 11.515798 sec, 16 copies (server sum 11409.353 ms)
  done: 5 sizes x 1 run (0 failures)

Done. Batch rows appended to logs/slope_sample/warm_stepup/reference_20260921T230207Z/query_timing_tpch_idx.csv
Per-copy samples appended to logs/slope_sample/warm_stepup/reference_20260921T230207Z/query_samples_tpch_idx.csv
Last batch ended at epoch 1790063959.063 (PREV_END_EPOCH for the next invocation)
===== [207/280] queries/tpch/sqlstorm_slope/reference/7925.sql run_id=49D63B28135C1D6E =====
query_runner configuration:
  QUERY_DIR         = queries/tpch/sqlstorm_slope/reference/7925.sql
  LOGS_DIR          = logs/slope_sample/warm_stepup/reference_20260921T230207Z  (query_timing_/query_samples_/query_catalog_tpch_idx.csv)
  DB_NAME / DB_USER = tpch_idx / postgres
  PGPORT            = 5434  (server reports 18.4)
  RUN_ID            = 49D63B28135C1D6E
  WARMUP            = 2 single-copy warm-ups (the first primes the cache)
  BATCH_SIZES       = 1 2 4 8 16  x RUNS=1 measured batches each
  WORKERS           = (planner default)
  STATEMENT_TIMEOUT = 60
  THERMAL_EQUALISE  = gate (T_LO=55 T_HI=60 preheat<=60s cooldown<=120s)
  sensors           = pkg:/sys/class/hwmon/hwmon8/temp1_input cores:4 cpufreq:8 throttle:8/8
  SIGLESS_ADDR      = (disabled)
Found 1 query under queries/tpch/sqlstorm_slope/reference/7925.sql

[1/1] queries/tpch/sqlstorm_slope/reference/7925.sql (2 warmup + step-up 1 2 4 8 16 x1)
  thermal gate: waited 2s -> 58.0 C
  warmup 1/2: 7.836387 sec (cache prime)
  warmup 2/2: 6.452024 sec
  N=1   batch 1/1: 6.461044 sec, 1 copy (server sum 6400.504 ms)
  N=2   batch 1/1: 12.865481 sec, 2 copies (server sum 12801.148 ms)
  N=4   batch 1/1: 25.579525 sec, 4 copies (server sum 25508.458 ms)
  N=8   batch 1/1: 51.051502 sec, 8 copies (server sum 50965.036 ms)
  N=16  batch 1/1: 102.024823 sec, 16 copies (server sum 101911.240 ms)
  done: 5 sizes x 1 run (0 failures)

Done. Batch rows appended to logs/slope_sample/warm_stepup/reference_20260921T230207Z/query_timing_tpch_idx.csv
Per-copy samples appended to logs/slope_sample/warm_stepup/reference_20260921T230207Z/query_samples_tpch_idx.csv
Last batch ended at epoch 1790064178.278 (PREV_END_EPOCH for the next invocation)
===== [208/280] queries/tpch/sqlstorm_slope/reference/1022.sql run_id=B89084F0DC4F215A =====
query_runner configuration:
  QUERY_DIR         = queries/tpch/sqlstorm_slope/reference/1022.sql
  LOGS_DIR          = logs/slope_sample/warm_stepup/reference_20260921T230207Z  (query_timing_/query_samples_/query_catalog_tpch_idx.csv)
  DB_NAME / DB_USER = tpch_idx / postgres
  PGPORT            = 5434  (server reports 18.4)
  RUN_ID            = B89084F0DC4F215A
  WARMUP            = 2 single-copy warm-ups (the first primes the cache)
  BATCH_SIZES       = 1 2 4 8 16  x RUNS=1 measured batches each
  WORKERS           = (planner default)
  STATEMENT_TIMEOUT = 60
  THERMAL_EQUALISE  = gate (T_LO=55 T_HI=60 preheat<=60s cooldown<=120s)
  sensors           = pkg:/sys/class/hwmon/hwmon8/temp1_input cores:4 cpufreq:8 throttle:8/8
  SIGLESS_ADDR      = (disabled)
Found 1 query under queries/tpch/sqlstorm_slope/reference/1022.sql

[1/1] queries/tpch/sqlstorm_slope/reference/1022.sql (2 warmup + step-up 1 2 4 8 16 x1)
  thermal gate: waited 10s -> 60.0 C
  warmup 1/2: 4.681181 sec (cache prime)
  warmup 2/2: 3.372778 sec
  N=1   batch 1/1: 3.392098 sec, 1 copy (server sum 3324.127 ms)
  N=2   batch 1/1: 6.648510 sec, 2 copies (server sum 6556.704 ms)
  N=4   batch 1/1: 13.067180 sec, 4 copies (server sum 12998.992 ms)
  N=8   batch 1/1: 25.875750 sec, 8 copies (server sum 25791.781 ms)
  N=16  batch 1/1: 51.675474 sec, 16 copies (server sum 51554.407 ms)
  done: 5 sizes x 1 run (0 failures)

Done. Batch rows appended to logs/slope_sample/warm_stepup/reference_20260921T230207Z/query_timing_tpch_idx.csv
Per-copy samples appended to logs/slope_sample/warm_stepup/reference_20260921T230207Z/query_samples_tpch_idx.csv
Last batch ended at epoch 1790064301.809 (PREV_END_EPOCH for the next invocation)
===== [209/280] queries/tpch/sqlstorm_slope/reference/11767.sql run_id=33DB12ACAAB7BE41 =====
query_runner configuration:
  QUERY_DIR         = queries/tpch/sqlstorm_slope/reference/11767.sql
  LOGS_DIR          = logs/slope_sample/warm_stepup/reference_20260921T230207Z  (query_timing_/query_samples_/query_catalog_tpch_idx.csv)
  DB_NAME / DB_USER = tpch_idx / postgres
  PGPORT            = 5434  (server reports 18.4)
  RUN_ID            = 33DB12ACAAB7BE41
  WARMUP            = 2 single-copy warm-ups (the first primes the cache)
  BATCH_SIZES       = 1 2 4 8 16  x RUNS=1 measured batches each
  WORKERS           = (planner default)
  STATEMENT_TIMEOUT = 60
  THERMAL_EQUALISE  = gate (T_LO=55 T_HI=60 preheat<=60s cooldown<=120s)
  sensors           = pkg:/sys/class/hwmon/hwmon8/temp1_input cores:4 cpufreq:8 throttle:8/8
  SIGLESS_ADDR      = (disabled)
Found 1 query under queries/tpch/sqlstorm_slope/reference/11767.sql

[1/1] queries/tpch/sqlstorm_slope/reference/11767.sql (2 warmup + step-up 1 2 4 8 16 x1)
  warmup 1/2: 1.529169 sec (cache prime)
  warmup 2/2: 0.742197 sec
  N=1   batch 1/1: 0.740591 sec, 1 copy (server sum 682.340 ms)
  N=2   batch 1/1: 1.393441 sec, 2 copies (server sum 1332.936 ms)
  N=4   batch 1/1: 2.742993 sec, 4 copies (server sum 2640.753 ms)
  N=8   batch 1/1: 5.302778 sec, 8 copies (server sum 5230.517 ms)
  N=16  batch 1/1: 10.528663 sec, 16 copies (server sum 10436.641 ms)
  done: 5 sizes x 1 run (0 failures)

Done. Batch rows appended to logs/slope_sample/warm_stepup/reference_20260921T230207Z/query_timing_tpch_idx.csv
Per-copy samples appended to logs/slope_sample/warm_stepup/reference_20260921T230207Z/query_samples_tpch_idx.csv
Last batch ended at epoch 1790064329.126 (PREV_END_EPOCH for the next invocation)
===== [210/280] queries/tpch/sqlstorm_slope/reference/10945.sql run_id=115B1765A192C822 =====
query_runner configuration:
  QUERY_DIR         = queries/tpch/sqlstorm_slope/reference/10945.sql
  LOGS_DIR          = logs/slope_sample/warm_stepup/reference_20260921T230207Z  (query_timing_/query_samples_/query_catalog_tpch_idx.csv)
  DB_NAME / DB_USER = tpch_idx / postgres
  PGPORT            = 5434  (server reports 18.4)
  RUN_ID            = 115B1765A192C822
  WARMUP            = 2 single-copy warm-ups (the first primes the cache)
  BATCH_SIZES       = 1 2 4 8 16  x RUNS=1 measured batches each
  WORKERS           = (planner default)
  STATEMENT_TIMEOUT = 60
  THERMAL_EQUALISE  = gate (T_LO=55 T_HI=60 preheat<=60s cooldown<=120s)
  sensors           = pkg:/sys/class/hwmon/hwmon8/temp1_input cores:4 cpufreq:8 throttle:8/8
  SIGLESS_ADDR      = (disabled)
Found 1 query under queries/tpch/sqlstorm_slope/reference/10945.sql

[1/1] queries/tpch/sqlstorm_slope/reference/10945.sql (2 warmup + step-up 1 2 4 8 16 x1)
  thermal gate: waited 2s -> 59.0 C
  warmup 1/2: 0.320932 sec (cache prime)
  warmup 2/2: 0.100262 sec
  N=1   batch 1/1: 0.101225 sec, 1 copy (server sum 41.383 ms)
  N=2   batch 1/1: 0.144966 sec, 2 copies (server sum 81.631 ms)
  N=4   batch 1/1: 0.233179 sec, 4 copies (server sum 161.789 ms)
  N=8   batch 1/1: 0.405673 sec, 8 copies (server sum 320.265 ms)
  N=16  batch 1/1: 0.767160 sec, 16 copies (server sum 648.738 ms)
  done: 5 sizes x 1 run (0 failures)

Done. Batch rows appended to logs/slope_sample/warm_stepup/reference_20260921T230207Z/query_timing_tpch_idx.csv
Per-copy samples appended to logs/slope_sample/warm_stepup/reference_20260921T230207Z/query_samples_tpch_idx.csv
Last batch ended at epoch 1790064337.729 (PREV_END_EPOCH for the next invocation)
===== [211/280] queries/tpch/sqlstorm_slope/reference/5820.sql run_id=CA52C48B520A962B =====
query_runner configuration:
  QUERY_DIR         = queries/tpch/sqlstorm_slope/reference/5820.sql
  LOGS_DIR          = logs/slope_sample/warm_stepup/reference_20260921T230207Z  (query_timing_/query_samples_/query_catalog_tpch_idx.csv)
  DB_NAME / DB_USER = tpch_idx / postgres
  PGPORT            = 5434  (server reports 18.4)
  RUN_ID            = CA52C48B520A962B
  WARMUP            = 2 single-copy warm-ups (the first primes the cache)
  BATCH_SIZES       = 1 2 4 8 16  x RUNS=1 measured batches each
  WORKERS           = (planner default)
  STATEMENT_TIMEOUT = 60
  THERMAL_EQUALISE  = gate (T_LO=55 T_HI=60 preheat<=60s cooldown<=120s)
  sensors           = pkg:/sys/class/hwmon/hwmon8/temp1_input cores:4 cpufreq:8 throttle:8/8
  SIGLESS_ADDR      = (disabled)
Found 1 query under queries/tpch/sqlstorm_slope/reference/5820.sql

[1/1] queries/tpch/sqlstorm_slope/reference/5820.sql (2 warmup + step-up 1 2 4 8 16 x1)
  warmup 1/2: 0.628491 sec (cache prime)
  warmup 2/2: 0.358433 sec
  N=1   batch 1/1: 0.356262 sec, 1 copy (server sum 299.805 ms)
  N=2   batch 1/1: 0.662130 sec, 2 copies (server sum 601.508 ms)
  N=4   batch 1/1: 1.278132 sec, 4 copies (server sum 1190.879 ms)
  N=8   batch 1/1: 2.463192 sec, 8 copies (server sum 2390.711 ms)
  N=16  batch 1/1: 4.859890 sec, 16 copies (server sum 4766.520 ms)
  done: 5 sizes x 1 run (0 failures)

Done. Batch rows appended to logs/slope_sample/warm_stepup/reference_20260921T230207Z/query_timing_tpch_idx.csv
Per-copy samples appended to logs/slope_sample/warm_stepup/reference_20260921T230207Z/query_samples_tpch_idx.csv
Last batch ended at epoch 1790064352.599 (PREV_END_EPOCH for the next invocation)
===== [212/280] queries/tpch/sqlstorm_slope/reference/8411.sql run_id=6FAC898FF61CAF68 =====
query_runner configuration:
  QUERY_DIR         = queries/tpch/sqlstorm_slope/reference/8411.sql
  LOGS_DIR          = logs/slope_sample/warm_stepup/reference_20260921T230207Z  (query_timing_/query_samples_/query_catalog_tpch_idx.csv)
  DB_NAME / DB_USER = tpch_idx / postgres
  PGPORT            = 5434  (server reports 18.4)
  RUN_ID            = 6FAC898FF61CAF68
  WARMUP            = 2 single-copy warm-ups (the first primes the cache)
  BATCH_SIZES       = 1 2 4 8 16  x RUNS=1 measured batches each
  WORKERS           = (planner default)
  STATEMENT_TIMEOUT = 60
  THERMAL_EQUALISE  = gate (T_LO=55 T_HI=60 preheat<=60s cooldown<=120s)
  sensors           = pkg:/sys/class/hwmon/hwmon8/temp1_input cores:4 cpufreq:8 throttle:8/8
  SIGLESS_ADDR      = (disabled)
Found 1 query under queries/tpch/sqlstorm_slope/reference/8411.sql

[1/1] queries/tpch/sqlstorm_slope/reference/8411.sql (2 warmup + step-up 1 2 4 8 16 x1)
  warmup 1/2: 14.627940 sec (cache prime)
  warmup 2/2: 11.720799 sec
  N=1   batch 1/1: 11.782785 sec, 1 copy (server sum 11670.547 ms)
  N=2   batch 1/1: 23.241317 sec, 2 copies (server sum 23179.722 ms)
  N=4   batch 1/1: 46.284662 sec, 4 copies (server sum 46217.217 ms)
  N=8   batch 1/1: 92.386044 sec, 8 copies (server sum 92274.858 ms)
  N=16  batch 1/1: 184.733996 sec, 16 copies (server sum 184606.216 ms)
  done: 5 sizes x 1 run (0 failures)

Done. Batch rows appended to logs/slope_sample/warm_stepup/reference_20260921T230207Z/query_timing_tpch_idx.csv
Per-copy samples appended to logs/slope_sample/warm_stepup/reference_20260921T230207Z/query_samples_tpch_idx.csv
Last batch ended at epoch 1790064740.836 (PREV_END_EPOCH for the next invocation)
===== [213/280] queries/tpch/sqlstorm_slope/reference/26382.sql run_id=03081D0E6739CD3F =====
query_runner configuration:
  QUERY_DIR         = queries/tpch/sqlstorm_slope/reference/26382.sql
  LOGS_DIR          = logs/slope_sample/warm_stepup/reference_20260921T230207Z  (query_timing_/query_samples_/query_catalog_tpch_idx.csv)
  DB_NAME / DB_USER = tpch_idx / postgres
  PGPORT            = 5434  (server reports 18.4)
  RUN_ID            = 03081D0E6739CD3F
  WARMUP            = 2 single-copy warm-ups (the first primes the cache)
  BATCH_SIZES       = 1 2 4 8 16  x RUNS=1 measured batches each
  WORKERS           = (planner default)
  STATEMENT_TIMEOUT = 60
  THERMAL_EQUALISE  = gate (T_LO=55 T_HI=60 preheat<=60s cooldown<=120s)
  sensors           = pkg:/sys/class/hwmon/hwmon8/temp1_input cores:4 cpufreq:8 throttle:8/8
  SIGLESS_ADDR      = (disabled)
Found 1 query under queries/tpch/sqlstorm_slope/reference/26382.sql

[1/1] queries/tpch/sqlstorm_slope/reference/26382.sql (2 warmup + step-up 1 2 4 8 16 x1)
  thermal gate: waited 6s -> 60.0 C
  warmup 1/2: 0.324736 sec (cache prime)
  warmup 2/2: 0.120429 sec
  N=1   batch 1/1: 0.114624 sec, 1 copy (server sum 57.709 ms)
  N=2   batch 1/1: 0.174930 sec, 2 copies (server sum 115.631 ms)
  N=4   batch 1/1: 0.293860 sec, 4 copies (server sum 231.409 ms)
  N=8   batch 1/1: 0.525671 sec, 8 copies (server sum 456.770 ms)
  N=16  batch 1/1: 0.998474 sec, 16 copies (server sum 916.197 ms)
  done: 5 sizes x 1 run (0 failures)

Done. Batch rows appended to logs/slope_sample/warm_stepup/reference_20260921T230207Z/query_timing_tpch_idx.csv
Per-copy samples appended to logs/slope_sample/warm_stepup/reference_20260921T230207Z/query_samples_tpch_idx.csv
Last batch ended at epoch 1790064753.757 (PREV_END_EPOCH for the next invocation)
===== [214/280] queries/tpch/sqlstorm_slope/reference/15598.sql run_id=F21523F20D1FF4B6 =====
query_runner configuration:
  QUERY_DIR         = queries/tpch/sqlstorm_slope/reference/15598.sql
  LOGS_DIR          = logs/slope_sample/warm_stepup/reference_20260921T230207Z  (query_timing_/query_samples_/query_catalog_tpch_idx.csv)
  DB_NAME / DB_USER = tpch_idx / postgres
  PGPORT            = 5434  (server reports 18.4)
  RUN_ID            = F21523F20D1FF4B6
  WARMUP            = 2 single-copy warm-ups (the first primes the cache)
  BATCH_SIZES       = 1 2 4 8 16  x RUNS=1 measured batches each
  WORKERS           = (planner default)
  STATEMENT_TIMEOUT = 60
  THERMAL_EQUALISE  = gate (T_LO=55 T_HI=60 preheat<=60s cooldown<=120s)
  sensors           = pkg:/sys/class/hwmon/hwmon8/temp1_input cores:4 cpufreq:8 throttle:8/8
  SIGLESS_ADDR      = (disabled)
Found 1 query under queries/tpch/sqlstorm_slope/reference/15598.sql

[1/1] queries/tpch/sqlstorm_slope/reference/15598.sql (2 warmup + step-up 1 2 4 8 16 x1)
  thermal gate: waited 2s -> 58.0 C
  warmup 1/2: 5.566421 sec (cache prime)
  warmup 2/2: 4.849320 sec
  N=1   batch 1/1: 4.821181 sec, 1 copy (server sum 4764.282 ms)
  N=2   batch 1/1: 9.626185 sec, 2 copies (server sum 9568.116 ms)
  N=4   batch 1/1: 19.116074 sec, 4 copies (server sum 19054.410 ms)
  N=8   batch 1/1: 38.268271 sec, 8 copies (server sum 38177.487 ms)
  N=16  batch 1/1: 76.330544 sec, 16 copies (server sum 76254.804 ms)
  done: 5 sizes x 1 run (0 failures)

Done. Batch rows appended to logs/slope_sample/warm_stepup/reference_20260921T230207Z/query_timing_tpch_idx.csv
Per-copy samples appended to logs/slope_sample/warm_stepup/reference_20260921T230207Z/query_samples_tpch_idx.csv
Last batch ended at epoch 1790064918.573 (PREV_END_EPOCH for the next invocation)
===== [215/280] queries/tpch/sqlstorm_slope/reference/17087.sql run_id=60A18F6F07FC0325 =====
query_runner configuration:
  QUERY_DIR         = queries/tpch/sqlstorm_slope/reference/17087.sql
  LOGS_DIR          = logs/slope_sample/warm_stepup/reference_20260921T230207Z  (query_timing_/query_samples_/query_catalog_tpch_idx.csv)
  DB_NAME / DB_USER = tpch_idx / postgres
  PGPORT            = 5434  (server reports 18.4)
  RUN_ID            = 60A18F6F07FC0325
  WARMUP            = 2 single-copy warm-ups (the first primes the cache)
  BATCH_SIZES       = 1 2 4 8 16  x RUNS=1 measured batches each
  WORKERS           = (planner default)
  STATEMENT_TIMEOUT = 60
  THERMAL_EQUALISE  = gate (T_LO=55 T_HI=60 preheat<=60s cooldown<=120s)
  sensors           = pkg:/sys/class/hwmon/hwmon8/temp1_input cores:4 cpufreq:8 throttle:8/8
  SIGLESS_ADDR      = (disabled)
Found 1 query under queries/tpch/sqlstorm_slope/reference/17087.sql

[1/1] queries/tpch/sqlstorm_slope/reference/17087.sql (2 warmup + step-up 1 2 4 8 16 x1)
  thermal gate: waited 6s -> 59.0 C
  warmup 1/2: 2.081812 sec (cache prime)
  warmup 2/2: 0.813877 sec
  N=1   batch 1/1: 0.811516 sec, 1 copy (server sum 754.676 ms)
  N=2   batch 1/1: 1.525487 sec, 2 copies (server sum 1466.030 ms)
  N=4   batch 1/1: 3.011885 sec, 4 copies (server sum 2901.162 ms)
  N=8   batch 1/1: 5.823126 sec, 8 copies (server sum 5756.119 ms)
  N=16  batch 1/1: 11.633490 sec, 16 copies (server sum 11452.650 ms)
  done: 5 sizes x 1 run (0 failures)

Done. Batch rows appended to logs/slope_sample/warm_stepup/reference_20260921T230207Z/query_timing_tpch_idx.csv
Per-copy samples appended to logs/slope_sample/warm_stepup/reference_20260921T230207Z/query_samples_tpch_idx.csv
Last batch ended at epoch 1790064955.359 (PREV_END_EPOCH for the next invocation)
===== [216/280] queries/tpch/sqlstorm_slope/reference/15338.sql run_id=CDF622F3B48308AD =====
query_runner configuration:
  QUERY_DIR         = queries/tpch/sqlstorm_slope/reference/15338.sql
  LOGS_DIR          = logs/slope_sample/warm_stepup/reference_20260921T230207Z  (query_timing_/query_samples_/query_catalog_tpch_idx.csv)
  DB_NAME / DB_USER = tpch_idx / postgres
  PGPORT            = 5434  (server reports 18.4)
  RUN_ID            = CDF622F3B48308AD
  WARMUP            = 2 single-copy warm-ups (the first primes the cache)
  BATCH_SIZES       = 1 2 4 8 16  x RUNS=1 measured batches each
  WORKERS           = (planner default)
  STATEMENT_TIMEOUT = 60
  THERMAL_EQUALISE  = gate (T_LO=55 T_HI=60 preheat<=60s cooldown<=120s)
  sensors           = pkg:/sys/class/hwmon/hwmon8/temp1_input cores:4 cpufreq:8 throttle:8/8
  SIGLESS_ADDR      = (disabled)
Found 1 query under queries/tpch/sqlstorm_slope/reference/15338.sql

[1/1] queries/tpch/sqlstorm_slope/reference/15338.sql (2 warmup + step-up 1 2 4 8 16 x1)
  thermal gate: waited 2s -> 59.0 C
  warmup 1/2: 1.475792 sec (cache prime)
  warmup 2/2: 1.300167 sec
  N=1   batch 1/1: 1.296634 sec, 1 copy (server sum 1240.437 ms)
  N=2   batch 1/1: 2.506584 sec, 2 copies (server sum 2448.941 ms)
  N=4   batch 1/1: 4.957793 sec, 4 copies (server sum 4841.563 ms)
  N=8   batch 1/1: 9.743525 sec, 8 copies (server sum 9680.534 ms)
  N=16  batch 1/1: 19.393521 sec, 16 copies (server sum 19321.995 ms)
  done: 5 sizes x 1 run (0 failures)

Done. Batch rows appended to logs/slope_sample/warm_stepup/reference_20260921T230207Z/query_timing_tpch_idx.csv
Per-copy samples appended to logs/slope_sample/warm_stepup/reference_20260921T230207Z/query_samples_tpch_idx.csv
Last batch ended at epoch 1790065002.607 (PREV_END_EPOCH for the next invocation)
===== [217/280] queries/tpch/sqlstorm_slope/reference/27574.sql run_id=C4EC18638C6E790A =====
query_runner configuration:
  QUERY_DIR         = queries/tpch/sqlstorm_slope/reference/27574.sql
  LOGS_DIR          = logs/slope_sample/warm_stepup/reference_20260921T230207Z  (query_timing_/query_samples_/query_catalog_tpch_idx.csv)
  DB_NAME / DB_USER = tpch_idx / postgres
  PGPORT            = 5434  (server reports 18.4)
  RUN_ID            = C4EC18638C6E790A
  WARMUP            = 2 single-copy warm-ups (the first primes the cache)
  BATCH_SIZES       = 1 2 4 8 16  x RUNS=1 measured batches each
  WORKERS           = (planner default)
  STATEMENT_TIMEOUT = 60
  THERMAL_EQUALISE  = gate (T_LO=55 T_HI=60 preheat<=60s cooldown<=120s)
  sensors           = pkg:/sys/class/hwmon/hwmon8/temp1_input cores:4 cpufreq:8 throttle:8/8
  SIGLESS_ADDR      = (disabled)
Found 1 query under queries/tpch/sqlstorm_slope/reference/27574.sql

[1/1] queries/tpch/sqlstorm_slope/reference/27574.sql (2 warmup + step-up 1 2 4 8 16 x1)
  warmup 1/2: 13.429771 sec (cache prime)
  warmup 2/2: 11.693805 sec
  N=1   batch 1/1: 11.770803 sec, 1 copy (server sum 11710.524 ms)
  N=2   batch 1/1: 23.794819 sec, 2 copies (server sum 23728.623 ms)
  N=4   batch 1/1: 46.848763 sec, 4 copies (server sum 46777.072 ms)
  N=8   batch 1/1: 93.378464 sec, 8 copies (server sum 93291.652 ms)
  N=16  batch 1/1: 186.151985 sec, 16 copies (server sum 186014.322 ms)
  done: 5 sizes x 1 run (0 failures)

Done. Batch rows appended to logs/slope_sample/warm_stepup/reference_20260921T230207Z/query_timing_tpch_idx.csv
Per-copy samples appended to logs/slope_sample/warm_stepup/reference_20260921T230207Z/query_samples_tpch_idx.csv
Last batch ended at epoch 1790065393.605 (PREV_END_EPOCH for the next invocation)
===== [218/280] queries/tpch/sqlstorm_slope/reference/5820.sql run_id=49DD260A408B19BB =====
query_runner configuration:
  QUERY_DIR         = queries/tpch/sqlstorm_slope/reference/5820.sql
  LOGS_DIR          = logs/slope_sample/warm_stepup/reference_20260921T230207Z  (query_timing_/query_samples_/query_catalog_tpch_idx.csv)
  DB_NAME / DB_USER = tpch_idx / postgres
  PGPORT            = 5434  (server reports 18.4)
  RUN_ID            = 49DD260A408B19BB
  WARMUP            = 2 single-copy warm-ups (the first primes the cache)
  BATCH_SIZES       = 1 2 4 8 16  x RUNS=1 measured batches each
  WORKERS           = (planner default)
  STATEMENT_TIMEOUT = 60
  THERMAL_EQUALISE  = gate (T_LO=55 T_HI=60 preheat<=60s cooldown<=120s)
  sensors           = pkg:/sys/class/hwmon/hwmon8/temp1_input cores:4 cpufreq:8 throttle:8/8
  SIGLESS_ADDR      = (disabled)
Found 1 query under queries/tpch/sqlstorm_slope/reference/5820.sql

[1/1] queries/tpch/sqlstorm_slope/reference/5820.sql (2 warmup + step-up 1 2 4 8 16 x1)
  thermal gate: waited 2s -> 59.0 C
  warmup 1/2: 0.554054 sec (cache prime)
  warmup 2/2: 0.359843 sec
  N=1   batch 1/1: 0.361391 sec, 1 copy (server sum 299.343 ms)
  N=2   batch 1/1: 0.719119 sec, 2 copies (server sum 601.059 ms)
  N=4   batch 1/1: 1.259339 sec, 4 copies (server sum 1194.431 ms)
  N=8   batch 1/1: 2.456895 sec, 8 copies (server sum 2384.020 ms)
  N=16  batch 1/1: 4.902728 sec, 16 copies (server sum 4761.851 ms)
  done: 5 sizes x 1 run (0 failures)

Done. Batch rows appended to logs/slope_sample/warm_stepup/reference_20260921T230207Z/query_timing_tpch_idx.csv
Per-copy samples appended to logs/slope_sample/warm_stepup/reference_20260921T230207Z/query_samples_tpch_idx.csv
Last batch ended at epoch 1790065410.713 (PREV_END_EPOCH for the next invocation)
===== [219/280] queries/tpch/sqlstorm_slope/reference/14616.sql run_id=A2FF26B41B7ED706 =====
query_runner configuration:
  QUERY_DIR         = queries/tpch/sqlstorm_slope/reference/14616.sql
  LOGS_DIR          = logs/slope_sample/warm_stepup/reference_20260921T230207Z  (query_timing_/query_samples_/query_catalog_tpch_idx.csv)
  DB_NAME / DB_USER = tpch_idx / postgres
  PGPORT            = 5434  (server reports 18.4)
  RUN_ID            = A2FF26B41B7ED706
  WARMUP            = 2 single-copy warm-ups (the first primes the cache)
  BATCH_SIZES       = 1 2 4 8 16  x RUNS=1 measured batches each
  WORKERS           = (planner default)
  STATEMENT_TIMEOUT = 60
  THERMAL_EQUALISE  = gate (T_LO=55 T_HI=60 preheat<=60s cooldown<=120s)
  sensors           = pkg:/sys/class/hwmon/hwmon8/temp1_input cores:4 cpufreq:8 throttle:8/8
  SIGLESS_ADDR      = (disabled)
Found 1 query under queries/tpch/sqlstorm_slope/reference/14616.sql

[1/1] queries/tpch/sqlstorm_slope/reference/14616.sql (2 warmup + step-up 1 2 4 8 16 x1)
  thermal gate: waited 2s -> 59.0 C
  warmup 1/2: 0.240744 sec (cache prime)
  warmup 2/2: 0.069218 sec
  N=1   batch 1/1: 0.068504 sec, 1 copy (server sum 9.385 ms)
  N=2   batch 1/1: 0.079780 sec, 2 copies (server sum 17.919 ms)
  N=4   batch 1/1: 0.104087 sec, 4 copies (server sum 35.868 ms)
  N=8   batch 1/1: 0.201190 sec, 8 copies (server sum 70.763 ms)
  N=16  batch 1/1: 0.244011 sec, 16 copies (server sum 144.452 ms)
  done: 5 sizes x 1 run (0 failures)

Done. Batch rows appended to logs/slope_sample/warm_stepup/reference_20260921T230207Z/query_timing_tpch_idx.csv
Per-copy samples appended to logs/slope_sample/warm_stepup/reference_20260921T230207Z/query_samples_tpch_idx.csv
Last batch ended at epoch 1790065418.203 (PREV_END_EPOCH for the next invocation)
===== [220/280] queries/tpch/sqlstorm_slope/reference/14523.sql run_id=162CCD7E0D667287 =====
query_runner configuration:
  QUERY_DIR         = queries/tpch/sqlstorm_slope/reference/14523.sql
  LOGS_DIR          = logs/slope_sample/warm_stepup/reference_20260921T230207Z  (query_timing_/query_samples_/query_catalog_tpch_idx.csv)
  DB_NAME / DB_USER = tpch_idx / postgres
  PGPORT            = 5434  (server reports 18.4)
  RUN_ID            = 162CCD7E0D667287
  WARMUP            = 2 single-copy warm-ups (the first primes the cache)
  BATCH_SIZES       = 1 2 4 8 16  x RUNS=1 measured batches each
  WORKERS           = (planner default)
  STATEMENT_TIMEOUT = 60
  THERMAL_EQUALISE  = gate (T_LO=55 T_HI=60 preheat<=60s cooldown<=120s)
  sensors           = pkg:/sys/class/hwmon/hwmon8/temp1_input cores:4 cpufreq:8 throttle:8/8
  SIGLESS_ADDR      = (disabled)
Found 1 query under queries/tpch/sqlstorm_slope/reference/14523.sql

[1/1] queries/tpch/sqlstorm_slope/reference/14523.sql (2 warmup + step-up 1 2 4 8 16 x1)
  warmup 1/2: 1.564499 sec (cache prime)
  warmup 2/2: 0.472498 sec
  N=1   batch 1/1: 0.518243 sec, 1 copy (server sum 414.598 ms)
  N=2   batch 1/1: 0.847163 sec, 2 copies (server sum 790.579 ms)
  N=4   batch 1/1: 1.602002 sec, 4 copies (server sum 1542.951 ms)
  N=8   batch 1/1: 3.204918 sec, 8 copies (server sum 3096.454 ms)
  N=16  batch 1/1: 6.168764 sec, 16 copies (server sum 6051.110 ms)
  done: 5 sizes x 1 run (0 failures)

Done. Batch rows appended to logs/slope_sample/warm_stepup/reference_20260921T230207Z/query_timing_tpch_idx.csv
Per-copy samples appended to logs/slope_sample/warm_stepup/reference_20260921T230207Z/query_samples_tpch_idx.csv
Last batch ended at epoch 1790065436.398 (PREV_END_EPOCH for the next invocation)
===== [221/280] queries/tpch/sqlstorm_slope/reference/26382.sql run_id=1E1C7F675A3CC911 =====
query_runner configuration:
  QUERY_DIR         = queries/tpch/sqlstorm_slope/reference/26382.sql
  LOGS_DIR          = logs/slope_sample/warm_stepup/reference_20260921T230207Z  (query_timing_/query_samples_/query_catalog_tpch_idx.csv)
  DB_NAME / DB_USER = tpch_idx / postgres
  PGPORT            = 5434  (server reports 18.4)
  RUN_ID            = 1E1C7F675A3CC911
  WARMUP            = 2 single-copy warm-ups (the first primes the cache)
  BATCH_SIZES       = 1 2 4 8 16  x RUNS=1 measured batches each
  WORKERS           = (planner default)
  STATEMENT_TIMEOUT = 60
  THERMAL_EQUALISE  = gate (T_LO=55 T_HI=60 preheat<=60s cooldown<=120s)
  sensors           = pkg:/sys/class/hwmon/hwmon8/temp1_input cores:4 cpufreq:8 throttle:8/8
  SIGLESS_ADDR      = (disabled)
Found 1 query under queries/tpch/sqlstorm_slope/reference/26382.sql

[1/1] queries/tpch/sqlstorm_slope/reference/26382.sql (2 warmup + step-up 1 2 4 8 16 x1)
  thermal gate: waited 2s -> 59.0 C
  warmup 1/2: 0.337580 sec (cache prime)
  warmup 2/2: 0.115859 sec
  N=1   batch 1/1: 0.118634 sec, 1 copy (server sum 60.984 ms)
  N=2   batch 1/1: 0.173288 sec, 2 copies (server sum 114.433 ms)
  N=4   batch 1/1: 0.362029 sec, 4 copies (server sum 226.809 ms)
  N=8   batch 1/1: 0.524886 sec, 8 copies (server sum 455.775 ms)
  N=16  batch 1/1: 0.993195 sec, 16 copies (server sum 909.525 ms)
  done: 5 sizes x 1 run (0 failures)

Done. Batch rows appended to logs/slope_sample/warm_stepup/reference_20260921T230207Z/query_timing_tpch_idx.csv
Per-copy samples appended to logs/slope_sample/warm_stepup/reference_20260921T230207Z/query_samples_tpch_idx.csv
Last batch ended at epoch 1790065445.264 (PREV_END_EPOCH for the next invocation)
===== [222/280] queries/tpch/sqlstorm_slope/reference/5116.sql run_id=A5426377EC382BC6 =====
query_runner configuration:
  QUERY_DIR         = queries/tpch/sqlstorm_slope/reference/5116.sql
  LOGS_DIR          = logs/slope_sample/warm_stepup/reference_20260921T230207Z  (query_timing_/query_samples_/query_catalog_tpch_idx.csv)
  DB_NAME / DB_USER = tpch_idx / postgres
  PGPORT            = 5434  (server reports 18.4)
  RUN_ID            = A5426377EC382BC6
  WARMUP            = 2 single-copy warm-ups (the first primes the cache)
  BATCH_SIZES       = 1 2 4 8 16  x RUNS=1 measured batches each
  WORKERS           = (planner default)
  STATEMENT_TIMEOUT = 60
  THERMAL_EQUALISE  = gate (T_LO=55 T_HI=60 preheat<=60s cooldown<=120s)
  sensors           = pkg:/sys/class/hwmon/hwmon8/temp1_input cores:4 cpufreq:8 throttle:8/8
  SIGLESS_ADDR      = (disabled)
Found 1 query under queries/tpch/sqlstorm_slope/reference/5116.sql

[1/1] queries/tpch/sqlstorm_slope/reference/5116.sql (2 warmup + step-up 1 2 4 8 16 x1)
  warmup 1/2: 8.457500 sec (cache prime)
  warmup 2/2: 5.713526 sec
  N=1   batch 1/1: 5.658533 sec, 1 copy (server sum 5599.895 ms)
  N=2   batch 1/1: 11.138195 sec, 2 copies (server sum 11028.591 ms)
  N=4   batch 1/1: 21.951195 sec, 4 copies (server sum 21834.428 ms)
  N=8   batch 1/1: 43.868672 sec, 8 copies (server sum 43692.956 ms)
  N=16  batch 1/1: 87.214629 sec, 16 copies (server sum 87061.778 ms)
  done: 5 sizes x 1 run (0 failures)

Done. Batch rows appended to logs/slope_sample/warm_stepup/reference_20260921T230207Z/query_timing_tpch_idx.csv
Per-copy samples appended to logs/slope_sample/warm_stepup/reference_20260921T230207Z/query_samples_tpch_idx.csv
Last batch ended at epoch 1790065633.428 (PREV_END_EPOCH for the next invocation)
===== [223/280] queries/tpch/sqlstorm_slope/reference/9307.sql run_id=4ADCDDB7C1F63C15 =====
query_runner configuration:
  QUERY_DIR         = queries/tpch/sqlstorm_slope/reference/9307.sql
  LOGS_DIR          = logs/slope_sample/warm_stepup/reference_20260921T230207Z  (query_timing_/query_samples_/query_catalog_tpch_idx.csv)
  DB_NAME / DB_USER = tpch_idx / postgres
  PGPORT            = 5434  (server reports 18.4)
  RUN_ID            = 4ADCDDB7C1F63C15
  WARMUP            = 2 single-copy warm-ups (the first primes the cache)
  BATCH_SIZES       = 1 2 4 8 16  x RUNS=1 measured batches each
  WORKERS           = (planner default)
  STATEMENT_TIMEOUT = 60
  THERMAL_EQUALISE  = gate (T_LO=55 T_HI=60 preheat<=60s cooldown<=120s)
  sensors           = pkg:/sys/class/hwmon/hwmon8/temp1_input cores:4 cpufreq:8 throttle:8/8
  SIGLESS_ADDR      = (disabled)
Found 1 query under queries/tpch/sqlstorm_slope/reference/9307.sql

[1/1] queries/tpch/sqlstorm_slope/reference/9307.sql (2 warmup + step-up 1 2 4 8 16 x1)
  warmup 1/2: 16.818737 sec (cache prime)
  warmup 2/2: 13.999631 sec
  N=1   batch 1/1: 14.037469 sec, 1 copy (server sum 13967.216 ms)
  N=2   batch 1/1: 27.763427 sec, 2 copies (server sum 27702.339 ms)
  N=4   batch 1/1: 55.067574 sec, 4 copies (server sum 55003.937 ms)
  N=8   batch 1/1: 109.866811 sec, 8 copies (server sum 109795.882 ms)
  N=16  batch 1/1: 218.849840 sec, 16 copies (server sum 218758.445 ms)
  done: 5 sizes x 1 run (0 failures)

Done. Batch rows appended to logs/slope_sample/warm_stepup/reference_20260921T230207Z/query_timing_tpch_idx.csv
Per-copy samples appended to logs/slope_sample/warm_stepup/reference_20260921T230207Z/query_samples_tpch_idx.csv
Last batch ended at epoch 1790066094.120 (PREV_END_EPOCH for the next invocation)
===== [224/280] queries/tpch/sqlstorm_slope/reference/29659.sql run_id=552AA97A8A168F7D =====
query_runner configuration:
  QUERY_DIR         = queries/tpch/sqlstorm_slope/reference/29659.sql
  LOGS_DIR          = logs/slope_sample/warm_stepup/reference_20260921T230207Z  (query_timing_/query_samples_/query_catalog_tpch_idx.csv)
  DB_NAME / DB_USER = tpch_idx / postgres
  PGPORT            = 5434  (server reports 18.4)
  RUN_ID            = 552AA97A8A168F7D
  WARMUP            = 2 single-copy warm-ups (the first primes the cache)
  BATCH_SIZES       = 1 2 4 8 16  x RUNS=1 measured batches each
  WORKERS           = (planner default)
  STATEMENT_TIMEOUT = 60
  THERMAL_EQUALISE  = gate (T_LO=55 T_HI=60 preheat<=60s cooldown<=120s)
  sensors           = pkg:/sys/class/hwmon/hwmon8/temp1_input cores:4 cpufreq:8 throttle:8/8
  SIGLESS_ADDR      = (disabled)
Found 1 query under queries/tpch/sqlstorm_slope/reference/29659.sql

[1/1] queries/tpch/sqlstorm_slope/reference/29659.sql (2 warmup + step-up 1 2 4 8 16 x1)
  thermal gate: pre-heated 5s -> 59.0 C
  warmup 1/2: 3.635658 sec (cache prime)
  warmup 2/2: 2.478519 sec
  N=1   batch 1/1: 2.516209 sec, 1 copy (server sum 2456.269 ms)
  N=2   batch 1/1: 4.875367 sec, 2 copies (server sum 4812.333 ms)
  N=4   batch 1/1: 9.673399 sec, 4 copies (server sum 9603.815 ms)
  N=8   batch 1/1: 19.326406 sec, 8 copies (server sum 19191.574 ms)
  N=16  batch 1/1: 38.334034 sec, 16 copies (server sum 38223.775 ms)
  done: 5 sizes x 1 run (0 failures)

Done. Batch rows appended to logs/slope_sample/warm_stepup/reference_20260921T230207Z/query_timing_tpch_idx.csv
Per-copy samples appended to logs/slope_sample/warm_stepup/reference_20260921T230207Z/query_samples_tpch_idx.csv
Last batch ended at epoch 1790066184.826 (PREV_END_EPOCH for the next invocation)
===== [225/280] queries/tpch/sqlstorm_slope/reference/26387.sql run_id=AA7013A27B234E1D =====
query_runner configuration:
  QUERY_DIR         = queries/tpch/sqlstorm_slope/reference/26387.sql
  LOGS_DIR          = logs/slope_sample/warm_stepup/reference_20260921T230207Z  (query_timing_/query_samples_/query_catalog_tpch_idx.csv)
  DB_NAME / DB_USER = tpch_idx / postgres
  PGPORT            = 5434  (server reports 18.4)
  RUN_ID            = AA7013A27B234E1D
  WARMUP            = 2 single-copy warm-ups (the first primes the cache)
  BATCH_SIZES       = 1 2 4 8 16  x RUNS=1 measured batches each
  WORKERS           = (planner default)
  STATEMENT_TIMEOUT = 60
  THERMAL_EQUALISE  = gate (T_LO=55 T_HI=60 preheat<=60s cooldown<=120s)
  sensors           = pkg:/sys/class/hwmon/hwmon8/temp1_input cores:4 cpufreq:8 throttle:8/8
  SIGLESS_ADDR      = (disabled)
Found 1 query under queries/tpch/sqlstorm_slope/reference/26387.sql

[1/1] queries/tpch/sqlstorm_slope/reference/26387.sql (2 warmup + step-up 1 2 4 8 16 x1)
  warmup 1/2: 4.900751 sec (cache prime)
  warmup 2/2: 4.297920 sec
  N=1   batch 1/1: 4.238897 sec, 1 copy (server sum 4181.758 ms)
  N=2   batch 1/1: 8.394434 sec, 2 copies (server sum 8336.334 ms)
  N=4   batch 1/1: 16.817069 sec, 4 copies (server sum 16736.144 ms)
  N=8   batch 1/1: 33.548405 sec, 8 copies (server sum 33455.490 ms)
  N=16  batch 1/1: 66.966790 sec, 16 copies (server sum 66889.756 ms)
  done: 5 sizes x 1 run (0 failures)

Done. Batch rows appended to logs/slope_sample/warm_stepup/reference_20260921T230207Z/query_timing_tpch_idx.csv
Per-copy samples appended to logs/slope_sample/warm_stepup/reference_20260921T230207Z/query_samples_tpch_idx.csv
Last batch ended at epoch 1790066328.511 (PREV_END_EPOCH for the next invocation)
===== [226/280] queries/tpch/sqlstorm_slope/reference/8865.sql run_id=FD9F588CB22B98AE =====
query_runner configuration:
  QUERY_DIR         = queries/tpch/sqlstorm_slope/reference/8865.sql
  LOGS_DIR          = logs/slope_sample/warm_stepup/reference_20260921T230207Z  (query_timing_/query_samples_/query_catalog_tpch_idx.csv)
  DB_NAME / DB_USER = tpch_idx / postgres
  PGPORT            = 5434  (server reports 18.4)
  RUN_ID            = FD9F588CB22B98AE
  WARMUP            = 2 single-copy warm-ups (the first primes the cache)
  BATCH_SIZES       = 1 2 4 8 16  x RUNS=1 measured batches each
  WORKERS           = (planner default)
  STATEMENT_TIMEOUT = 60
  THERMAL_EQUALISE  = gate (T_LO=55 T_HI=60 preheat<=60s cooldown<=120s)
  sensors           = pkg:/sys/class/hwmon/hwmon8/temp1_input cores:4 cpufreq:8 throttle:8/8
  SIGLESS_ADDR      = (disabled)
Found 1 query under queries/tpch/sqlstorm_slope/reference/8865.sql

[1/1] queries/tpch/sqlstorm_slope/reference/8865.sql (2 warmup + step-up 1 2 4 8 16 x1)
  warmup 1/2: 8.756471 sec (cache prime)
  warmup 2/2: 8.202652 sec
  N=1   batch 1/1: 8.250906 sec, 1 copy (server sum 8165.399 ms)
  N=2   batch 1/1: 16.287002 sec, 2 copies (server sum 16227.578 ms)
  N=4   batch 1/1: 32.445026 sec, 4 copies (server sum 32377.815 ms)
  N=8   batch 1/1: 64.586370 sec, 8 copies (server sum 64508.358 ms)
  N=16  batch 1/1: 128.739980 sec, 16 copies (server sum 128644.313 ms)
  done: 5 sizes x 1 run (0 failures)

Done. Batch rows appended to logs/slope_sample/warm_stepup/reference_20260921T230207Z/query_timing_tpch_idx.csv
Per-copy samples appended to logs/slope_sample/warm_stepup/reference_20260921T230207Z/query_samples_tpch_idx.csv
Last batch ended at epoch 1790066599.990 (PREV_END_EPOCH for the next invocation)
===== [227/280] queries/tpch/sqlstorm_slope/reference/3396.sql run_id=B127CD6B24260D05 =====
query_runner configuration:
  QUERY_DIR         = queries/tpch/sqlstorm_slope/reference/3396.sql
  LOGS_DIR          = logs/slope_sample/warm_stepup/reference_20260921T230207Z  (query_timing_/query_samples_/query_catalog_tpch_idx.csv)
  DB_NAME / DB_USER = tpch_idx / postgres
  PGPORT            = 5434  (server reports 18.4)
  RUN_ID            = B127CD6B24260D05
  WARMUP            = 2 single-copy warm-ups (the first primes the cache)
  BATCH_SIZES       = 1 2 4 8 16  x RUNS=1 measured batches each
  WORKERS           = (planner default)
  STATEMENT_TIMEOUT = 60
  THERMAL_EQUALISE  = gate (T_LO=55 T_HI=60 preheat<=60s cooldown<=120s)
  sensors           = pkg:/sys/class/hwmon/hwmon8/temp1_input cores:4 cpufreq:8 throttle:8/8
  SIGLESS_ADDR      = (disabled)
Found 1 query under queries/tpch/sqlstorm_slope/reference/3396.sql

[1/1] queries/tpch/sqlstorm_slope/reference/3396.sql (2 warmup + step-up 1 2 4 8 16 x1)
  thermal gate: pre-heated 5s -> 60.0 C
  warmup 1/2: 14.456774 sec (cache prime)
  warmup 2/2: 12.959970 sec
  N=1   batch 1/1: 12.927726 sec, 1 copy (server sum 12867.973 ms)
  N=2   batch 1/1: 25.706508 sec, 2 copies (server sum 25642.822 ms)
  N=4   batch 1/1: 51.968621 sec, 4 copies (server sum 51900.879 ms)
  N=8   batch 1/1: 102.256221 sec, 8 copies (server sum 102176.149 ms)
  N=16  batch 1/1: 204.986100 sec, 16 copies (server sum 204884.986 ms)
  done: 5 sizes x 1 run (0 failures)

Done. Batch rows appended to logs/slope_sample/warm_stepup/reference_20260921T230207Z/query_timing_tpch_idx.csv
Per-copy samples appended to logs/slope_sample/warm_stepup/reference_20260921T230207Z/query_samples_tpch_idx.csv
Last batch ended at epoch 1790067034.804 (PREV_END_EPOCH for the next invocation)
===== [228/280] queries/tpch/sqlstorm_slope/reference/3396.sql run_id=6A5A7CB3836FCC11 =====
query_runner configuration:
  QUERY_DIR         = queries/tpch/sqlstorm_slope/reference/3396.sql
  LOGS_DIR          = logs/slope_sample/warm_stepup/reference_20260921T230207Z  (query_timing_/query_samples_/query_catalog_tpch_idx.csv)
  DB_NAME / DB_USER = tpch_idx / postgres
  PGPORT            = 5434  (server reports 18.4)
  RUN_ID            = 6A5A7CB3836FCC11
  WARMUP            = 2 single-copy warm-ups (the first primes the cache)
  BATCH_SIZES       = 1 2 4 8 16  x RUNS=1 measured batches each
  WORKERS           = (planner default)
  STATEMENT_TIMEOUT = 60
  THERMAL_EQUALISE  = gate (T_LO=55 T_HI=60 preheat<=60s cooldown<=120s)
  sensors           = pkg:/sys/class/hwmon/hwmon8/temp1_input cores:4 cpufreq:8 throttle:8/8
  SIGLESS_ADDR      = (disabled)
Found 1 query under queries/tpch/sqlstorm_slope/reference/3396.sql

[1/1] queries/tpch/sqlstorm_slope/reference/3396.sql (2 warmup + step-up 1 2 4 8 16 x1)
  thermal gate: waited 4s -> 59.0 C
  warmup 1/2: 14.895823 sec (cache prime)
  warmup 2/2: 13.345002 sec
  N=1   batch 1/1: 13.050549 sec, 1 copy (server sum 12990.950 ms)
  N=2   batch 1/1: 26.059732 sec, 2 copies (server sum 25996.602 ms)
  N=4   batch 1/1: 51.523405 sec, 4 copies (server sum 51455.152 ms)
  N=8   batch 1/1: 102.634439 sec, 8 copies (server sum 102554.714 ms)
  N=16  batch 1/1: 206.266645 sec, 16 copies (server sum 206163.639 ms)
  done: 5 sizes x 1 run (0 failures)

Done. Batch rows appended to logs/slope_sample/warm_stepup/reference_20260921T230207Z/query_timing_tpch_idx.csv
Per-copy samples appended to logs/slope_sample/warm_stepup/reference_20260921T230207Z/query_samples_tpch_idx.csv
Last batch ended at epoch 1790067471.681 (PREV_END_EPOCH for the next invocation)
===== [229/280] queries/tpch/sqlstorm_slope/reference/10945.sql run_id=0E4E2A1745C231F8 =====
query_runner configuration:
  QUERY_DIR         = queries/tpch/sqlstorm_slope/reference/10945.sql
  LOGS_DIR          = logs/slope_sample/warm_stepup/reference_20260921T230207Z  (query_timing_/query_samples_/query_catalog_tpch_idx.csv)
  DB_NAME / DB_USER = tpch_idx / postgres
  PGPORT            = 5434  (server reports 18.4)
  RUN_ID            = 0E4E2A1745C231F8
  WARMUP            = 2 single-copy warm-ups (the first primes the cache)
  BATCH_SIZES       = 1 2 4 8 16  x RUNS=1 measured batches each
  WORKERS           = (planner default)
  STATEMENT_TIMEOUT = 60
  THERMAL_EQUALISE  = gate (T_LO=55 T_HI=60 preheat<=60s cooldown<=120s)
  sensors           = pkg:/sys/class/hwmon/hwmon8/temp1_input cores:4 cpufreq:8 throttle:8/8
  SIGLESS_ADDR      = (disabled)
Found 1 query under queries/tpch/sqlstorm_slope/reference/10945.sql

[1/1] queries/tpch/sqlstorm_slope/reference/10945.sql (2 warmup + step-up 1 2 4 8 16 x1)
  thermal gate: waited 2s -> 60.0 C
  warmup 1/2: 0.311999 sec (cache prime)
  warmup 2/2: 0.101643 sec
  N=1   batch 1/1: 0.100595 sec, 1 copy (server sum 40.647 ms)
  N=2   batch 1/1: 0.149742 sec, 2 copies (server sum 86.035 ms)
  N=4   batch 1/1: 0.241884 sec, 4 copies (server sum 169.990 ms)
  N=8   batch 1/1: 0.413292 sec, 8 copies (server sum 326.750 ms)
  N=16  batch 1/1: 0.833487 sec, 16 copies (server sum 659.890 ms)
  done: 5 sizes x 1 run (0 failures)

Done. Batch rows appended to logs/slope_sample/warm_stepup/reference_20260921T230207Z/query_timing_tpch_idx.csv
Per-copy samples appended to logs/slope_sample/warm_stepup/reference_20260921T230207Z/query_samples_tpch_idx.csv
Last batch ended at epoch 1790067480.505 (PREV_END_EPOCH for the next invocation)
===== [230/280] queries/tpch/sqlstorm_slope/reference/6127.sql run_id=7CB8A7036D3AF432 =====
query_runner configuration:
  QUERY_DIR         = queries/tpch/sqlstorm_slope/reference/6127.sql
  LOGS_DIR          = logs/slope_sample/warm_stepup/reference_20260921T230207Z  (query_timing_/query_samples_/query_catalog_tpch_idx.csv)
  DB_NAME / DB_USER = tpch_idx / postgres
  PGPORT            = 5434  (server reports 18.4)
  RUN_ID            = 7CB8A7036D3AF432
  WARMUP            = 2 single-copy warm-ups (the first primes the cache)
  BATCH_SIZES       = 1 2 4 8 16  x RUNS=1 measured batches each
  WORKERS           = (planner default)
  STATEMENT_TIMEOUT = 60
  THERMAL_EQUALISE  = gate (T_LO=55 T_HI=60 preheat<=60s cooldown<=120s)
  sensors           = pkg:/sys/class/hwmon/hwmon8/temp1_input cores:4 cpufreq:8 throttle:8/8
  SIGLESS_ADDR      = (disabled)
Found 1 query under queries/tpch/sqlstorm_slope/reference/6127.sql

[1/1] queries/tpch/sqlstorm_slope/reference/6127.sql (2 warmup + step-up 1 2 4 8 16 x1)
  thermal gate: waited 2s -> 58.0 C
  warmup 1/2: 8.736714 sec (cache prime)
  warmup 2/2: 7.076879 sec
  N=1   batch 1/1: 6.950018 sec, 1 copy (server sum 6891.458 ms)
  N=2   batch 1/1: 14.100817 sec, 2 copies (server sum 14038.987 ms)
  N=4   batch 1/1: 27.751676 sec, 4 copies (server sum 27685.888 ms)
  N=8   batch 1/1: 55.888772 sec, 8 copies (server sum 55813.983 ms)
  N=16  batch 1/1: 109.892673 sec, 16 copies (server sum 109782.985 ms)
  done: 5 sizes x 1 run (0 failures)

Done. Batch rows appended to logs/slope_sample/warm_stepup/reference_20260921T230207Z/query_timing_tpch_idx.csv
Per-copy samples appended to logs/slope_sample/warm_stepup/reference_20260921T230207Z/query_samples_tpch_idx.csv
Last batch ended at epoch 1790067717.036 (PREV_END_EPOCH for the next invocation)
===== [231/280] queries/tpch/sqlstorm_slope/reference/29659.sql run_id=4C7737D3838022B1 =====
query_runner configuration:
  QUERY_DIR         = queries/tpch/sqlstorm_slope/reference/29659.sql
  LOGS_DIR          = logs/slope_sample/warm_stepup/reference_20260921T230207Z  (query_timing_/query_samples_/query_catalog_tpch_idx.csv)
  DB_NAME / DB_USER = tpch_idx / postgres
  PGPORT            = 5434  (server reports 18.4)
  RUN_ID            = 4C7737D3838022B1
  WARMUP            = 2 single-copy warm-ups (the first primes the cache)
  BATCH_SIZES       = 1 2 4 8 16  x RUNS=1 measured batches each
  WORKERS           = (planner default)
  STATEMENT_TIMEOUT = 60
  THERMAL_EQUALISE  = gate (T_LO=55 T_HI=60 preheat<=60s cooldown<=120s)
  sensors           = pkg:/sys/class/hwmon/hwmon8/temp1_input cores:4 cpufreq:8 throttle:8/8
  SIGLESS_ADDR      = (disabled)
Found 1 query under queries/tpch/sqlstorm_slope/reference/29659.sql

[1/1] queries/tpch/sqlstorm_slope/reference/29659.sql (2 warmup + step-up 1 2 4 8 16 x1)
  thermal gate: waited 2s -> 60.0 C
  warmup 1/2: 3.637455 sec (cache prime)
  warmup 2/2: 2.531156 sec
  N=1   batch 1/1: 2.519029 sec, 1 copy (server sum 2458.918 ms)
  N=2   batch 1/1: 4.917800 sec, 2 copies (server sum 4853.735 ms)
  N=4   batch 1/1: 9.808254 sec, 4 copies (server sum 9688.164 ms)
  N=8   batch 1/1: 19.372137 sec, 8 copies (server sum 19253.764 ms)
  N=16  batch 1/1: 38.557365 sec, 16 copies (server sum 38449.070 ms)
  done: 5 sizes x 1 run (0 failures)

Done. Batch rows appended to logs/slope_sample/warm_stepup/reference_20260921T230207Z/query_timing_tpch_idx.csv
Per-copy samples appended to logs/slope_sample/warm_stepup/reference_20260921T230207Z/query_samples_tpch_idx.csv
Last batch ended at epoch 1790067805.005 (PREV_END_EPOCH for the next invocation)
===== [232/280] queries/tpch/sqlstorm_slope/reference/15338.sql run_id=83DAFE76F7757C1E =====
query_runner configuration:
  QUERY_DIR         = queries/tpch/sqlstorm_slope/reference/15338.sql
  LOGS_DIR          = logs/slope_sample/warm_stepup/reference_20260921T230207Z  (query_timing_/query_samples_/query_catalog_tpch_idx.csv)
  DB_NAME / DB_USER = tpch_idx / postgres
  PGPORT            = 5434  (server reports 18.4)
  RUN_ID            = 83DAFE76F7757C1E
  WARMUP            = 2 single-copy warm-ups (the first primes the cache)
  BATCH_SIZES       = 1 2 4 8 16  x RUNS=1 measured batches each
  WORKERS           = (planner default)
  STATEMENT_TIMEOUT = 60
  THERMAL_EQUALISE  = gate (T_LO=55 T_HI=60 preheat<=60s cooldown<=120s)
  sensors           = pkg:/sys/class/hwmon/hwmon8/temp1_input cores:4 cpufreq:8 throttle:8/8
  SIGLESS_ADDR      = (disabled)
Found 1 query under queries/tpch/sqlstorm_slope/reference/15338.sql

[1/1] queries/tpch/sqlstorm_slope/reference/15338.sql (2 warmup + step-up 1 2 4 8 16 x1)
  thermal gate: waited 2s -> 58.0 C
  warmup 1/2: 1.421870 sec (cache prime)
  warmup 2/2: 1.293827 sec
  N=1   batch 1/1: 1.293953 sec, 1 copy (server sum 1237.536 ms)
  N=2   batch 1/1: 2.552769 sec, 2 copies (server sum 2447.276 ms)
  N=4   batch 1/1: 4.946544 sec, 4 copies (server sum 4839.373 ms)
  N=8   batch 1/1: 9.682133 sec, 8 copies (server sum 9616.167 ms)
  N=16  batch 1/1: 19.111757 sec, 16 copies (server sum 18991.536 ms)
  done: 5 sizes x 1 run (0 failures)

Done. Batch rows appended to logs/slope_sample/warm_stepup/reference_20260921T230207Z/query_timing_tpch_idx.csv
Per-copy samples appended to logs/slope_sample/warm_stepup/reference_20260921T230207Z/query_samples_tpch_idx.csv
Last batch ended at epoch 1790067852.106 (PREV_END_EPOCH for the next invocation)
===== [233/280] queries/tpch/sqlstorm_slope/reference/11750.sql run_id=7EC5B94A7C191AFD =====
query_runner configuration:
  QUERY_DIR         = queries/tpch/sqlstorm_slope/reference/11750.sql
  LOGS_DIR          = logs/slope_sample/warm_stepup/reference_20260921T230207Z  (query_timing_/query_samples_/query_catalog_tpch_idx.csv)
  DB_NAME / DB_USER = tpch_idx / postgres
  PGPORT            = 5434  (server reports 18.4)
  RUN_ID            = 7EC5B94A7C191AFD
  WARMUP            = 2 single-copy warm-ups (the first primes the cache)
  BATCH_SIZES       = 1 2 4 8 16  x RUNS=1 measured batches each
  WORKERS           = (planner default)
  STATEMENT_TIMEOUT = 60
  THERMAL_EQUALISE  = gate (T_LO=55 T_HI=60 preheat<=60s cooldown<=120s)
  sensors           = pkg:/sys/class/hwmon/hwmon8/temp1_input cores:4 cpufreq:8 throttle:8/8
  SIGLESS_ADDR      = (disabled)
Found 1 query under queries/tpch/sqlstorm_slope/reference/11750.sql

[1/1] queries/tpch/sqlstorm_slope/reference/11750.sql (2 warmup + step-up 1 2 4 8 16 x1)
  warmup 1/2: 2.745477 sec (cache prime)
  warmup 2/2: 1.509517 sec
  N=1   batch 1/1: 1.507115 sec, 1 copy (server sum 1448.828 ms)
  N=2   batch 1/1: 2.944994 sec, 2 copies (server sum 2886.997 ms)
  N=4   batch 1/1: 5.839006 sec, 4 copies (server sum 5777.571 ms)
  N=8   batch 1/1: 11.485823 sec, 8 copies (server sum 11419.997 ms)
  N=16  batch 1/1: 22.910423 sec, 16 copies (server sum 22804.651 ms)
  done: 5 sizes x 1 run (0 failures)

Done. Batch rows appended to logs/slope_sample/warm_stepup/reference_20260921T230207Z/query_timing_tpch_idx.csv
Per-copy samples appended to logs/slope_sample/warm_stepup/reference_20260921T230207Z/query_samples_tpch_idx.csv
Last batch ended at epoch 1790067905.324 (PREV_END_EPOCH for the next invocation)
===== [234/280] queries/tpch/sqlstorm_slope/reference/5116.sql run_id=B86A161EEAEABC4D =====
query_runner configuration:
  QUERY_DIR         = queries/tpch/sqlstorm_slope/reference/5116.sql
  LOGS_DIR          = logs/slope_sample/warm_stepup/reference_20260921T230207Z  (query_timing_/query_samples_/query_catalog_tpch_idx.csv)
  DB_NAME / DB_USER = tpch_idx / postgres
  PGPORT            = 5434  (server reports 18.4)
  RUN_ID            = B86A161EEAEABC4D
  WARMUP            = 2 single-copy warm-ups (the first primes the cache)
  BATCH_SIZES       = 1 2 4 8 16  x RUNS=1 measured batches each
  WORKERS           = (planner default)
  STATEMENT_TIMEOUT = 60
  THERMAL_EQUALISE  = gate (T_LO=55 T_HI=60 preheat<=60s cooldown<=120s)
  sensors           = pkg:/sys/class/hwmon/hwmon8/temp1_input cores:4 cpufreq:8 throttle:8/8
  SIGLESS_ADDR      = (disabled)
Found 1 query under queries/tpch/sqlstorm_slope/reference/5116.sql

[1/1] queries/tpch/sqlstorm_slope/reference/5116.sql (2 warmup + step-up 1 2 4 8 16 x1)
  warmup 1/2: 8.614527 sec (cache prime)
  warmup 2/2: 5.643106 sec
  N=1   batch 1/1: 5.642739 sec, 1 copy (server sum 5584.088 ms)
  N=2   batch 1/1: 11.080984 sec, 2 copies (server sum 11019.621 ms)
  N=4   batch 1/1: 21.880032 sec, 4 copies (server sum 21809.902 ms)
  N=8   batch 1/1: 43.501088 sec, 8 copies (server sum 43424.537 ms)
  N=16  batch 1/1: 86.670099 sec, 16 copies (server sum 86538.741 ms)
  done: 5 sizes x 1 run (0 failures)

Done. Batch rows appended to logs/slope_sample/warm_stepup/reference_20260921T230207Z/query_timing_tpch_idx.csv
Per-copy samples appended to logs/slope_sample/warm_stepup/reference_20260921T230207Z/query_samples_tpch_idx.csv
Last batch ended at epoch 1790068093.128 (PREV_END_EPOCH for the next invocation)
===== [235/280] queries/tpch/sqlstorm_slope/reference/8033.sql run_id=A8C1865B5F2A5CBD =====
query_runner configuration:
  QUERY_DIR         = queries/tpch/sqlstorm_slope/reference/8033.sql
  LOGS_DIR          = logs/slope_sample/warm_stepup/reference_20260921T230207Z  (query_timing_/query_samples_/query_catalog_tpch_idx.csv)
  DB_NAME / DB_USER = tpch_idx / postgres
  PGPORT            = 5434  (server reports 18.4)
  RUN_ID            = A8C1865B5F2A5CBD
  WARMUP            = 2 single-copy warm-ups (the first primes the cache)
  BATCH_SIZES       = 1 2 4 8 16  x RUNS=1 measured batches each
  WORKERS           = (planner default)
  STATEMENT_TIMEOUT = 60
  THERMAL_EQUALISE  = gate (T_LO=55 T_HI=60 preheat<=60s cooldown<=120s)
  sensors           = pkg:/sys/class/hwmon/hwmon8/temp1_input cores:4 cpufreq:8 throttle:8/8
  SIGLESS_ADDR      = (disabled)
Found 1 query under queries/tpch/sqlstorm_slope/reference/8033.sql

[1/1] queries/tpch/sqlstorm_slope/reference/8033.sql (2 warmup + step-up 1 2 4 8 16 x1)
  warmup 1/2: 3.574620 sec (cache prime)
  warmup 2/2: 1.433057 sec
  N=1   batch 1/1: 1.430313 sec, 1 copy (server sum 1371.784 ms)
  N=2   batch 1/1: 2.768452 sec, 2 copies (server sum 2706.667 ms)
  N=4   batch 1/1: 5.490039 sec, 4 copies (server sum 5363.703 ms)
  N=8   batch 1/1: 10.819852 sec, 8 copies (server sum 10721.831 ms)
  N=16  batch 1/1: 21.427713 sec, 16 copies (server sum 21325.774 ms)
  done: 5 sizes x 1 run (0 failures)

Done. Batch rows appended to logs/slope_sample/warm_stepup/reference_20260921T230207Z/query_timing_tpch_idx.csv
Per-copy samples appended to logs/slope_sample/warm_stepup/reference_20260921T230207Z/query_samples_tpch_idx.csv
Last batch ended at epoch 1790068144.537 (PREV_END_EPOCH for the next invocation)
===== [236/280] queries/tpch/sqlstorm_slope/reference/8865.sql run_id=E9F65CF9076AE43A =====
query_runner configuration:
  QUERY_DIR         = queries/tpch/sqlstorm_slope/reference/8865.sql
  LOGS_DIR          = logs/slope_sample/warm_stepup/reference_20260921T230207Z  (query_timing_/query_samples_/query_catalog_tpch_idx.csv)
  DB_NAME / DB_USER = tpch_idx / postgres
  PGPORT            = 5434  (server reports 18.4)
  RUN_ID            = E9F65CF9076AE43A
  WARMUP            = 2 single-copy warm-ups (the first primes the cache)
  BATCH_SIZES       = 1 2 4 8 16  x RUNS=1 measured batches each
  WORKERS           = (planner default)
  STATEMENT_TIMEOUT = 60
  THERMAL_EQUALISE  = gate (T_LO=55 T_HI=60 preheat<=60s cooldown<=120s)
  sensors           = pkg:/sys/class/hwmon/hwmon8/temp1_input cores:4 cpufreq:8 throttle:8/8
  SIGLESS_ADDR      = (disabled)
Found 1 query under queries/tpch/sqlstorm_slope/reference/8865.sql

[1/1] queries/tpch/sqlstorm_slope/reference/8865.sql (2 warmup + step-up 1 2 4 8 16 x1)
  thermal gate: waited 4s -> 59.0 C
  warmup 1/2: 8.649976 sec (cache prime)
  warmup 2/2: 8.285985 sec
  N=1   batch 1/1: 8.212846 sec, 1 copy (server sum 8154.783 ms)
  N=2   batch 1/1: 16.421834 sec, 2 copies (server sum 16325.748 ms)
  N=4   batch 1/1: 32.564897 sec, 4 copies (server sum 32474.904 ms)
  N=8   batch 1/1: 64.801850 sec, 8 copies (server sum 64720.029 ms)
  N=16  batch 1/1: 129.426391 sec, 16 copies (server sum 129304.711 ms)
  done: 5 sizes x 1 run (0 failures)

Done. Batch rows appended to logs/slope_sample/warm_stepup/reference_20260921T230207Z/query_timing_tpch_idx.csv
Per-copy samples appended to logs/slope_sample/warm_stepup/reference_20260921T230207Z/query_samples_tpch_idx.csv
Last batch ended at epoch 1790068421.593 (PREV_END_EPOCH for the next invocation)
===== [237/280] queries/tpch/sqlstorm_slope/reference/11750.sql run_id=4D80FF6E7F53AF0E =====
query_runner configuration:
  QUERY_DIR         = queries/tpch/sqlstorm_slope/reference/11750.sql
  LOGS_DIR          = logs/slope_sample/warm_stepup/reference_20260921T230207Z  (query_timing_/query_samples_/query_catalog_tpch_idx.csv)
  DB_NAME / DB_USER = tpch_idx / postgres
  PGPORT            = 5434  (server reports 18.4)
  RUN_ID            = 4D80FF6E7F53AF0E
  WARMUP            = 2 single-copy warm-ups (the first primes the cache)
  BATCH_SIZES       = 1 2 4 8 16  x RUNS=1 measured batches each
  WORKERS           = (planner default)
  STATEMENT_TIMEOUT = 60
  THERMAL_EQUALISE  = gate (T_LO=55 T_HI=60 preheat<=60s cooldown<=120s)
  sensors           = pkg:/sys/class/hwmon/hwmon8/temp1_input cores:4 cpufreq:8 throttle:8/8
  SIGLESS_ADDR      = (disabled)
Found 1 query under queries/tpch/sqlstorm_slope/reference/11750.sql

[1/1] queries/tpch/sqlstorm_slope/reference/11750.sql (2 warmup + step-up 1 2 4 8 16 x1)
  thermal gate: pre-heated 5s -> 60.0 C
  warmup 1/2: 2.808681 sec (cache prime)
  warmup 2/2: 1.507693 sec
  N=1   batch 1/1: 1.553590 sec, 1 copy (server sum 1445.614 ms)
  N=2   batch 1/1: 2.962885 sec, 2 copies (server sum 2904.577 ms)
  N=4   batch 1/1: 5.819779 sec, 4 copies (server sum 5757.183 ms)
  N=8   batch 1/1: 11.511850 sec, 8 copies (server sum 11444.926 ms)
  N=16  batch 1/1: 23.066935 sec, 16 copies (server sum 22942.442 ms)
  done: 5 sizes x 1 run (0 failures)

Done. Batch rows appended to logs/slope_sample/warm_stepup/reference_20260921T230207Z/query_timing_tpch_idx.csv
Per-copy samples appended to logs/slope_sample/warm_stepup/reference_20260921T230207Z/query_samples_tpch_idx.csv
Last batch ended at epoch 1790068480.347 (PREV_END_EPOCH for the next invocation)
===== [238/280] queries/tpch/sqlstorm_slope/reference/5561.sql run_id=BCA8EE5A50495FC5 =====
query_runner configuration:
  QUERY_DIR         = queries/tpch/sqlstorm_slope/reference/5561.sql
  LOGS_DIR          = logs/slope_sample/warm_stepup/reference_20260921T230207Z  (query_timing_/query_samples_/query_catalog_tpch_idx.csv)
  DB_NAME / DB_USER = tpch_idx / postgres
  PGPORT            = 5434  (server reports 18.4)
  RUN_ID            = BCA8EE5A50495FC5
  WARMUP            = 2 single-copy warm-ups (the first primes the cache)
  BATCH_SIZES       = 1 2 4 8 16  x RUNS=1 measured batches each
  WORKERS           = (planner default)
  STATEMENT_TIMEOUT = 60
  THERMAL_EQUALISE  = gate (T_LO=55 T_HI=60 preheat<=60s cooldown<=120s)
  sensors           = pkg:/sys/class/hwmon/hwmon8/temp1_input cores:4 cpufreq:8 throttle:8/8
  SIGLESS_ADDR      = (disabled)
Found 1 query under queries/tpch/sqlstorm_slope/reference/5561.sql

[1/1] queries/tpch/sqlstorm_slope/reference/5561.sql (2 warmup + step-up 1 2 4 8 16 x1)
  warmup 1/2: 8.326215 sec (cache prime)
  warmup 2/2: 7.345155 sec
  N=1   batch 1/1: 7.339449 sec, 1 copy (server sum 7279.818 ms)
  N=2   batch 1/1: 14.541637 sec, 2 copies (server sum 14479.476 ms)
  N=4   batch 1/1: 28.906796 sec, 4 copies (server sum 28839.062 ms)
  N=8   batch 1/1: 57.414093 sec, 8 copies (server sum 57336.928 ms)
  N=16  batch 1/1: 114.539101 sec, 16 copies (server sum 114440.701 ms)
  done: 5 sizes x 1 run (0 failures)

Done. Batch rows appended to logs/slope_sample/warm_stepup/reference_20260921T230207Z/query_timing_tpch_idx.csv
Per-copy samples appended to logs/slope_sample/warm_stepup/reference_20260921T230207Z/query_samples_tpch_idx.csv
Last batch ended at epoch 1790068723.415 (PREV_END_EPOCH for the next invocation)
===== [239/280] queries/tpch/sqlstorm_slope/reference/10538.sql run_id=4F92262188771ACD =====
query_runner configuration:
  QUERY_DIR         = queries/tpch/sqlstorm_slope/reference/10538.sql
  LOGS_DIR          = logs/slope_sample/warm_stepup/reference_20260921T230207Z  (query_timing_/query_samples_/query_catalog_tpch_idx.csv)
  DB_NAME / DB_USER = tpch_idx / postgres
  PGPORT            = 5434  (server reports 18.4)
  RUN_ID            = 4F92262188771ACD
  WARMUP            = 2 single-copy warm-ups (the first primes the cache)
  BATCH_SIZES       = 1 2 4 8 16  x RUNS=1 measured batches each
  WORKERS           = (planner default)
  STATEMENT_TIMEOUT = 60
  THERMAL_EQUALISE  = gate (T_LO=55 T_HI=60 preheat<=60s cooldown<=120s)
  sensors           = pkg:/sys/class/hwmon/hwmon8/temp1_input cores:4 cpufreq:8 throttle:8/8
  SIGLESS_ADDR      = (disabled)
Found 1 query under queries/tpch/sqlstorm_slope/reference/10538.sql

[1/1] queries/tpch/sqlstorm_slope/reference/10538.sql (2 warmup + step-up 1 2 4 8 16 x1)
  thermal gate: waited 2s -> 59.0 C
  warmup 1/2: 0.351481 sec (cache prime)
  warmup 2/2: 0.215952 sec
  N=1   batch 1/1: 0.169609 sec, 1 copy (server sum 114.671 ms)
  N=2   batch 1/1: 0.290526 sec, 2 copies (server sum 234.851 ms)
  N=4   batch 1/1: 0.523496 sec, 4 copies (server sum 467.133 ms)
  N=8   batch 1/1: 0.982259 sec, 8 copies (server sum 922.813 ms)
  N=16  batch 1/1: 1.961278 sec, 16 copies (server sum 1870.926 ms)
  done: 5 sizes x 1 run (0 failures)

Done. Batch rows appended to logs/slope_sample/warm_stepup/reference_20260921T230207Z/query_timing_tpch_idx.csv
Per-copy samples appended to logs/slope_sample/warm_stepup/reference_20260921T230207Z/query_samples_tpch_idx.csv
Last batch ended at epoch 1790068734.286 (PREV_END_EPOCH for the next invocation)
===== [240/280] queries/tpch/sqlstorm_slope/reference/11750.sql run_id=69559FBD322A67E6 =====
query_runner configuration:
  QUERY_DIR         = queries/tpch/sqlstorm_slope/reference/11750.sql
  LOGS_DIR          = logs/slope_sample/warm_stepup/reference_20260921T230207Z  (query_timing_/query_samples_/query_catalog_tpch_idx.csv)
  DB_NAME / DB_USER = tpch_idx / postgres
  PGPORT            = 5434  (server reports 18.4)
  RUN_ID            = 69559FBD322A67E6
  WARMUP            = 2 single-copy warm-ups (the first primes the cache)
  BATCH_SIZES       = 1 2 4 8 16  x RUNS=1 measured batches each
  WORKERS           = (planner default)
  STATEMENT_TIMEOUT = 60
  THERMAL_EQUALISE  = gate (T_LO=55 T_HI=60 preheat<=60s cooldown<=120s)
  sensors           = pkg:/sys/class/hwmon/hwmon8/temp1_input cores:4 cpufreq:8 throttle:8/8
  SIGLESS_ADDR      = (disabled)
Found 1 query under queries/tpch/sqlstorm_slope/reference/11750.sql

[1/1] queries/tpch/sqlstorm_slope/reference/11750.sql (2 warmup + step-up 1 2 4 8 16 x1)
  thermal gate: waited 2s -> 58.0 C
  warmup 1/2: 2.747713 sec (cache prime)
  warmup 2/2: 1.506443 sec
  N=1   batch 1/1: 1.514997 sec, 1 copy (server sum 1457.720 ms)
  N=2   batch 1/1: 2.926051 sec, 2 copies (server sum 2867.931 ms)
  N=4   batch 1/1: 5.773372 sec, 4 copies (server sum 5712.699 ms)
  N=8   batch 1/1: 11.548429 sec, 8 copies (server sum 11425.844 ms)
  N=16  batch 1/1: 22.890549 sec, 16 copies (server sum 22814.311 ms)
  done: 5 sizes x 1 run (0 failures)

Done. Batch rows appended to logs/slope_sample/warm_stepup/reference_20260921T230207Z/query_timing_tpch_idx.csv
Per-copy samples appended to logs/slope_sample/warm_stepup/reference_20260921T230207Z/query_samples_tpch_idx.csv
Last batch ended at epoch 1790068789.187 (PREV_END_EPOCH for the next invocation)
===== [241/280] queries/tpch/sqlstorm_slope/reference/15338.sql run_id=F8945FB5FADECEF1 =====
query_runner configuration:
  QUERY_DIR         = queries/tpch/sqlstorm_slope/reference/15338.sql
  LOGS_DIR          = logs/slope_sample/warm_stepup/reference_20260921T230207Z  (query_timing_/query_samples_/query_catalog_tpch_idx.csv)
  DB_NAME / DB_USER = tpch_idx / postgres
  PGPORT            = 5434  (server reports 18.4)
  RUN_ID            = F8945FB5FADECEF1
  WARMUP            = 2 single-copy warm-ups (the first primes the cache)
  BATCH_SIZES       = 1 2 4 8 16  x RUNS=1 measured batches each
  WORKERS           = (planner default)
  STATEMENT_TIMEOUT = 60
  THERMAL_EQUALISE  = gate (T_LO=55 T_HI=60 preheat<=60s cooldown<=120s)
  sensors           = pkg:/sys/class/hwmon/hwmon8/temp1_input cores:4 cpufreq:8 throttle:8/8
  SIGLESS_ADDR      = (disabled)
Found 1 query under queries/tpch/sqlstorm_slope/reference/15338.sql

[1/1] queries/tpch/sqlstorm_slope/reference/15338.sql (2 warmup + step-up 1 2 4 8 16 x1)
  warmup 1/2: 1.572213 sec (cache prime)
  warmup 2/2: 1.304870 sec
  N=1   batch 1/1: 1.299643 sec, 1 copy (server sum 1242.666 ms)
  N=2   batch 1/1: 2.510160 sec, 2 copies (server sum 2452.704 ms)
  N=4   batch 1/1: 4.937776 sec, 4 copies (server sum 4866.051 ms)
  N=8   batch 1/1: 9.709709 sec, 8 copies (server sum 9646.112 ms)
  N=16  batch 1/1: 19.311458 sec, 16 copies (server sum 19192.366 ms)
  done: 5 sizes x 1 run (0 failures)

Done. Batch rows appended to logs/slope_sample/warm_stepup/reference_20260921T230207Z/query_timing_tpch_idx.csv
Per-copy samples appended to logs/slope_sample/warm_stepup/reference_20260921T230207Z/query_samples_tpch_idx.csv
Last batch ended at epoch 1790068834.310 (PREV_END_EPOCH for the next invocation)
===== [242/280] queries/tpch/sqlstorm_slope/reference/6127.sql run_id=2F9C69F16F1FED2A =====
query_runner configuration:
  QUERY_DIR         = queries/tpch/sqlstorm_slope/reference/6127.sql
  LOGS_DIR          = logs/slope_sample/warm_stepup/reference_20260921T230207Z  (query_timing_/query_samples_/query_catalog_tpch_idx.csv)
  DB_NAME / DB_USER = tpch_idx / postgres
  PGPORT            = 5434  (server reports 18.4)
  RUN_ID            = 2F9C69F16F1FED2A
  WARMUP            = 2 single-copy warm-ups (the first primes the cache)
  BATCH_SIZES       = 1 2 4 8 16  x RUNS=1 measured batches each
  WORKERS           = (planner default)
  STATEMENT_TIMEOUT = 60
  THERMAL_EQUALISE  = gate (T_LO=55 T_HI=60 preheat<=60s cooldown<=120s)
  sensors           = pkg:/sys/class/hwmon/hwmon8/temp1_input cores:4 cpufreq:8 throttle:8/8
  SIGLESS_ADDR      = (disabled)
Found 1 query under queries/tpch/sqlstorm_slope/reference/6127.sql

[1/1] queries/tpch/sqlstorm_slope/reference/6127.sql (2 warmup + step-up 1 2 4 8 16 x1)
  warmup 1/2: 8.178024 sec (cache prime)
  warmup 2/2: 7.145165 sec
  N=1   batch 1/1: 6.884369 sec, 1 copy (server sum 6825.305 ms)
  N=2   batch 1/1: 14.059184 sec, 2 copies (server sum 13997.675 ms)
  N=4   batch 1/1: 27.833754 sec, 4 copies (server sum 27768.224 ms)
  N=8   batch 1/1: 55.064969 sec, 8 copies (server sum 54989.022 ms)
  N=16  batch 1/1: 109.893033 sec, 16 copies (server sum 109798.575 ms)
  done: 5 sizes x 1 run (0 failures)

Done. Batch rows appended to logs/slope_sample/warm_stepup/reference_20260921T230207Z/query_timing_tpch_idx.csv
Per-copy samples appended to logs/slope_sample/warm_stepup/reference_20260921T230207Z/query_samples_tpch_idx.csv
Last batch ended at epoch 1790069067.464 (PREV_END_EPOCH for the next invocation)
===== [243/280] queries/tpch/sqlstorm_slope/reference/2950.sql run_id=77CF6F753D6098F1 =====
query_runner configuration:
  QUERY_DIR         = queries/tpch/sqlstorm_slope/reference/2950.sql
  LOGS_DIR          = logs/slope_sample/warm_stepup/reference_20260921T230207Z  (query_timing_/query_samples_/query_catalog_tpch_idx.csv)
  DB_NAME / DB_USER = tpch_idx / postgres
  PGPORT            = 5434  (server reports 18.4)
  RUN_ID            = 77CF6F753D6098F1
  WARMUP            = 2 single-copy warm-ups (the first primes the cache)
  BATCH_SIZES       = 1 2 4 8 16  x RUNS=1 measured batches each
  WORKERS           = (planner default)
  STATEMENT_TIMEOUT = 60
  THERMAL_EQUALISE  = gate (T_LO=55 T_HI=60 preheat<=60s cooldown<=120s)
  sensors           = pkg:/sys/class/hwmon/hwmon8/temp1_input cores:4 cpufreq:8 throttle:8/8
  SIGLESS_ADDR      = (disabled)
Found 1 query under queries/tpch/sqlstorm_slope/reference/2950.sql

[1/1] queries/tpch/sqlstorm_slope/reference/2950.sql (2 warmup + step-up 1 2 4 8 16 x1)
  thermal gate: waited 4s -> 60.0 C
  warmup 1/2: 13.743494 sec (cache prime)
  warmup 2/2: 12.701433 sec
  N=1   batch 1/1: 12.956369 sec, 1 copy (server sum 12845.876 ms)
  N=2   batch 1/1: 25.870521 sec, 2 copies (server sum 25809.147 ms)
  N=4   batch 1/1: 50.907720 sec, 4 copies (server sum 50841.387 ms)
  N=8   batch 1/1: 102.202785 sec, 8 copies (server sum 102091.586 ms)
  N=16  batch 1/1: 203.170342 sec, 16 copies (server sum 203056.407 ms)
  done: 5 sizes x 1 run (0 failures)

Done. Batch rows appended to logs/slope_sample/warm_stepup/reference_20260921T230207Z/query_timing_tpch_idx.csv
Per-copy samples appended to logs/slope_sample/warm_stepup/reference_20260921T230207Z/query_samples_tpch_idx.csv
Last batch ended at epoch 1790069497.603 (PREV_END_EPOCH for the next invocation)
===== [244/280] queries/tpch/sqlstorm_slope/reference/11750.sql run_id=F297A7F0C5F99A60 =====
query_runner configuration:
  QUERY_DIR         = queries/tpch/sqlstorm_slope/reference/11750.sql
  LOGS_DIR          = logs/slope_sample/warm_stepup/reference_20260921T230207Z  (query_timing_/query_samples_/query_catalog_tpch_idx.csv)
  DB_NAME / DB_USER = tpch_idx / postgres
  PGPORT            = 5434  (server reports 18.4)
  RUN_ID            = F297A7F0C5F99A60
  WARMUP            = 2 single-copy warm-ups (the first primes the cache)
  BATCH_SIZES       = 1 2 4 8 16  x RUNS=1 measured batches each
  WORKERS           = (planner default)
  STATEMENT_TIMEOUT = 60
  THERMAL_EQUALISE  = gate (T_LO=55 T_HI=60 preheat<=60s cooldown<=120s)
  sensors           = pkg:/sys/class/hwmon/hwmon8/temp1_input cores:4 cpufreq:8 throttle:8/8
  SIGLESS_ADDR      = (disabled)
Found 1 query under queries/tpch/sqlstorm_slope/reference/11750.sql

[1/1] queries/tpch/sqlstorm_slope/reference/11750.sql (2 warmup + step-up 1 2 4 8 16 x1)
  warmup 1/2: 2.819055 sec (cache prime)
  warmup 2/2: 1.507565 sec
  N=1   batch 1/1: 1.508221 sec, 1 copy (server sum 1451.289 ms)
  N=2   batch 1/1: 2.929284 sec, 2 copies (server sum 2870.210 ms)
  N=4   batch 1/1: 5.831136 sec, 4 copies (server sum 5716.587 ms)
  N=8   batch 1/1: 11.669288 sec, 8 copies (server sum 11602.967 ms)
  N=16  batch 1/1: 23.007804 sec, 16 copies (server sum 22929.660 ms)
  done: 5 sizes x 1 run (0 failures)

Done. Batch rows appended to logs/slope_sample/warm_stepup/reference_20260921T230207Z/query_timing_tpch_idx.csv
Per-copy samples appended to logs/slope_sample/warm_stepup/reference_20260921T230207Z/query_samples_tpch_idx.csv
Last batch ended at epoch 1790069551.560 (PREV_END_EPOCH for the next invocation)
===== [245/280] queries/tpch/sqlstorm_slope/reference/11750.sql run_id=30E0B1844EC6C346 =====
query_runner configuration:
  QUERY_DIR         = queries/tpch/sqlstorm_slope/reference/11750.sql
  LOGS_DIR          = logs/slope_sample/warm_stepup/reference_20260921T230207Z  (query_timing_/query_samples_/query_catalog_tpch_idx.csv)
  DB_NAME / DB_USER = tpch_idx / postgres
  PGPORT            = 5434  (server reports 18.4)
  RUN_ID            = 30E0B1844EC6C346
  WARMUP            = 2 single-copy warm-ups (the first primes the cache)
  BATCH_SIZES       = 1 2 4 8 16  x RUNS=1 measured batches each
  WORKERS           = (planner default)
  STATEMENT_TIMEOUT = 60
  THERMAL_EQUALISE  = gate (T_LO=55 T_HI=60 preheat<=60s cooldown<=120s)
  sensors           = pkg:/sys/class/hwmon/hwmon8/temp1_input cores:4 cpufreq:8 throttle:8/8
  SIGLESS_ADDR      = (disabled)
Found 1 query under queries/tpch/sqlstorm_slope/reference/11750.sql

[1/1] queries/tpch/sqlstorm_slope/reference/11750.sql (2 warmup + step-up 1 2 4 8 16 x1)
  warmup 1/2: 2.764522 sec (cache prime)
  warmup 2/2: 1.504763 sec
  N=1   batch 1/1: 1.519293 sec, 1 copy (server sum 1461.989 ms)
  N=2   batch 1/1: 2.975197 sec, 2 copies (server sum 2917.146 ms)
  N=4   batch 1/1: 5.801149 sec, 4 copies (server sum 5725.164 ms)
  N=8   batch 1/1: 11.596517 sec, 8 copies (server sum 11447.873 ms)
  N=16  batch 1/1: 23.007209 sec, 16 copies (server sum 22926.029 ms)
  done: 5 sizes x 1 run (0 failures)

Done. Batch rows appended to logs/slope_sample/warm_stepup/reference_20260921T230207Z/query_timing_tpch_idx.csv
Per-copy samples appended to logs/slope_sample/warm_stepup/reference_20260921T230207Z/query_samples_tpch_idx.csv
Last batch ended at epoch 1790069605.039 (PREV_END_EPOCH for the next invocation)
===== [246/280] queries/tpch/sqlstorm_slope/reference/11767.sql run_id=BC1A315AE76CE82C =====
query_runner configuration:
  QUERY_DIR         = queries/tpch/sqlstorm_slope/reference/11767.sql
  LOGS_DIR          = logs/slope_sample/warm_stepup/reference_20260921T230207Z  (query_timing_/query_samples_/query_catalog_tpch_idx.csv)
  DB_NAME / DB_USER = tpch_idx / postgres
  PGPORT            = 5434  (server reports 18.4)
  RUN_ID            = BC1A315AE76CE82C
  WARMUP            = 2 single-copy warm-ups (the first primes the cache)
  BATCH_SIZES       = 1 2 4 8 16  x RUNS=1 measured batches each
  WORKERS           = (planner default)
  STATEMENT_TIMEOUT = 60
  THERMAL_EQUALISE  = gate (T_LO=55 T_HI=60 preheat<=60s cooldown<=120s)
  sensors           = pkg:/sys/class/hwmon/hwmon8/temp1_input cores:4 cpufreq:8 throttle:8/8
  SIGLESS_ADDR      = (disabled)
Found 1 query under queries/tpch/sqlstorm_slope/reference/11767.sql

[1/1] queries/tpch/sqlstorm_slope/reference/11767.sql (2 warmup + step-up 1 2 4 8 16 x1)
  warmup 1/2: 1.529868 sec (cache prime)
  warmup 2/2: 0.739721 sec
  N=1   batch 1/1: 0.737124 sec, 1 copy (server sum 679.024 ms)
  N=2   batch 1/1: 1.384571 sec, 2 copies (server sum 1324.168 ms)
  N=4   batch 1/1: 2.717184 sec, 4 copies (server sum 2624.349 ms)
  N=8   batch 1/1: 5.273311 sec, 8 copies (server sum 5199.895 ms)
  N=16  batch 1/1: 10.519476 sec, 16 copies (server sum 10380.414 ms)
  done: 5 sizes x 1 run (0 failures)

Done. Batch rows appended to logs/slope_sample/warm_stepup/reference_20260921T230207Z/query_timing_tpch_idx.csv
Per-copy samples appended to logs/slope_sample/warm_stepup/reference_20260921T230207Z/query_samples_tpch_idx.csv
Last batch ended at epoch 1790069632.351 (PREV_END_EPOCH for the next invocation)
===== [247/280] queries/tpch/sqlstorm_slope/reference/5820.sql run_id=BCDCBF4F37E9F881 =====
query_runner configuration:
  QUERY_DIR         = queries/tpch/sqlstorm_slope/reference/5820.sql
  LOGS_DIR          = logs/slope_sample/warm_stepup/reference_20260921T230207Z  (query_timing_/query_samples_/query_catalog_tpch_idx.csv)
  DB_NAME / DB_USER = tpch_idx / postgres
  PGPORT            = 5434  (server reports 18.4)
  RUN_ID            = BCDCBF4F37E9F881
  WARMUP            = 2 single-copy warm-ups (the first primes the cache)
  BATCH_SIZES       = 1 2 4 8 16  x RUNS=1 measured batches each
  WORKERS           = (planner default)
  STATEMENT_TIMEOUT = 60
  THERMAL_EQUALISE  = gate (T_LO=55 T_HI=60 preheat<=60s cooldown<=120s)
  sensors           = pkg:/sys/class/hwmon/hwmon8/temp1_input cores:4 cpufreq:8 throttle:8/8
  SIGLESS_ADDR      = (disabled)
Found 1 query under queries/tpch/sqlstorm_slope/reference/5820.sql

[1/1] queries/tpch/sqlstorm_slope/reference/5820.sql (2 warmup + step-up 1 2 4 8 16 x1)
  thermal gate: waited 2s -> 60.0 C
  warmup 1/2: 0.490682 sec (cache prime)
  warmup 2/2: 0.360225 sec
  N=1   batch 1/1: 0.362850 sec, 1 copy (server sum 300.199 ms)
  N=2   batch 1/1: 0.669668 sec, 2 copies (server sum 600.480 ms)
  N=4   batch 1/1: 1.258811 sec, 4 copies (server sum 1195.260 ms)
  N=8   batch 1/1: 2.474687 sec, 8 copies (server sum 2401.817 ms)
  N=16  batch 1/1: 4.909518 sec, 16 copies (server sum 4760.584 ms)
  done: 5 sizes x 1 run (0 failures)

Done. Batch rows appended to logs/slope_sample/warm_stepup/reference_20260921T230207Z/query_timing_tpch_idx.csv
Per-copy samples appended to logs/slope_sample/warm_stepup/reference_20260921T230207Z/query_samples_tpch_idx.csv
Last batch ended at epoch 1790069649.419 (PREV_END_EPOCH for the next invocation)
===== [248/280] queries/tpch/sqlstorm_slope/reference/27574.sql run_id=FF3D976A3289FE75 =====
query_runner configuration:
  QUERY_DIR         = queries/tpch/sqlstorm_slope/reference/27574.sql
  LOGS_DIR          = logs/slope_sample/warm_stepup/reference_20260921T230207Z  (query_timing_/query_samples_/query_catalog_tpch_idx.csv)
  DB_NAME / DB_USER = tpch_idx / postgres
  PGPORT            = 5434  (server reports 18.4)
  RUN_ID            = FF3D976A3289FE75
  WARMUP            = 2 single-copy warm-ups (the first primes the cache)
  BATCH_SIZES       = 1 2 4 8 16  x RUNS=1 measured batches each
  WORKERS           = (planner default)
  STATEMENT_TIMEOUT = 60
  THERMAL_EQUALISE  = gate (T_LO=55 T_HI=60 preheat<=60s cooldown<=120s)
  sensors           = pkg:/sys/class/hwmon/hwmon8/temp1_input cores:4 cpufreq:8 throttle:8/8
  SIGLESS_ADDR      = (disabled)
Found 1 query under queries/tpch/sqlstorm_slope/reference/27574.sql

[1/1] queries/tpch/sqlstorm_slope/reference/27574.sql (2 warmup + step-up 1 2 4 8 16 x1)
  thermal gate: waited 2s -> 59.0 C
  warmup 1/2: 13.537790 sec (cache prime)
  warmup 2/2: 11.645307 sec
  N=1   batch 1/1: 11.808454 sec, 1 copy (server sum 11747.566 ms)
  N=2   batch 1/1: 23.332204 sec, 2 copies (server sum 23239.839 ms)
  N=4   batch 1/1: 46.259386 sec, 4 copies (server sum 46186.398 ms)
  N=8   batch 1/1: 92.879680 sec, 8 copies (server sum 92783.911 ms)
  N=16  batch 1/1: 187.065660 sec, 16 copies (server sum 186947.734 ms)
  done: 5 sizes x 1 run (0 failures)

Done. Batch rows appended to logs/slope_sample/warm_stepup/reference_20260921T230207Z/query_timing_tpch_idx.csv
Per-copy samples appended to logs/slope_sample/warm_stepup/reference_20260921T230207Z/query_samples_tpch_idx.csv
Last batch ended at epoch 1790070042.133 (PREV_END_EPOCH for the next invocation)
===== [249/280] queries/tpch/sqlstorm_slope/reference/32103.sql run_id=B2D009FB6AF2C47A =====
query_runner configuration:
  QUERY_DIR         = queries/tpch/sqlstorm_slope/reference/32103.sql
  LOGS_DIR          = logs/slope_sample/warm_stepup/reference_20260921T230207Z  (query_timing_/query_samples_/query_catalog_tpch_idx.csv)
  DB_NAME / DB_USER = tpch_idx / postgres
  PGPORT            = 5434  (server reports 18.4)
  RUN_ID            = B2D009FB6AF2C47A
  WARMUP            = 2 single-copy warm-ups (the first primes the cache)
  BATCH_SIZES       = 1 2 4 8 16  x RUNS=1 measured batches each
  WORKERS           = (planner default)
  STATEMENT_TIMEOUT = 60
  THERMAL_EQUALISE  = gate (T_LO=55 T_HI=60 preheat<=60s cooldown<=120s)
  sensors           = pkg:/sys/class/hwmon/hwmon8/temp1_input cores:4 cpufreq:8 throttle:8/8
  SIGLESS_ADDR      = (disabled)
Found 1 query under queries/tpch/sqlstorm_slope/reference/32103.sql

[1/1] queries/tpch/sqlstorm_slope/reference/32103.sql (2 warmup + step-up 1 2 4 8 16 x1)
  thermal gate: waited 2s -> 59.0 C
  warmup 1/2: 1.450335 sec (cache prime)
  warmup 2/2: 0.590991 sec
  N=1   batch 1/1: 0.632345 sec, 1 copy (server sum 534.685 ms)
  N=2   batch 1/1: 1.102488 sec, 2 copies (server sum 1037.423 ms)
  N=4   batch 1/1: 2.119722 sec, 4 copies (server sum 2048.160 ms)
  N=8   batch 1/1: 4.153780 sec, 8 copies (server sum 4066.553 ms)
  N=16  batch 1/1: 8.226927 sec, 16 copies (server sum 8111.135 ms)
  done: 5 sizes x 1 run (0 failures)

Done. Batch rows appended to logs/slope_sample/warm_stepup/reference_20260921T230207Z/query_timing_tpch_idx.csv
Per-copy samples appended to logs/slope_sample/warm_stepup/reference_20260921T230207Z/query_samples_tpch_idx.csv
Last batch ended at epoch 1790070067.067 (PREV_END_EPOCH for the next invocation)
===== [250/280] queries/tpch/sqlstorm_slope/reference/6127.sql run_id=4ACBC453E42D6F77 =====
query_runner configuration:
  QUERY_DIR         = queries/tpch/sqlstorm_slope/reference/6127.sql
  LOGS_DIR          = logs/slope_sample/warm_stepup/reference_20260921T230207Z  (query_timing_/query_samples_/query_catalog_tpch_idx.csv)
  DB_NAME / DB_USER = tpch_idx / postgres
  PGPORT            = 5434  (server reports 18.4)
  RUN_ID            = 4ACBC453E42D6F77
  WARMUP            = 2 single-copy warm-ups (the first primes the cache)
  BATCH_SIZES       = 1 2 4 8 16  x RUNS=1 measured batches each
  WORKERS           = (planner default)
  STATEMENT_TIMEOUT = 60
  THERMAL_EQUALISE  = gate (T_LO=55 T_HI=60 preheat<=60s cooldown<=120s)
  sensors           = pkg:/sys/class/hwmon/hwmon8/temp1_input cores:4 cpufreq:8 throttle:8/8
  SIGLESS_ADDR      = (disabled)
Found 1 query under queries/tpch/sqlstorm_slope/reference/6127.sql

[1/1] queries/tpch/sqlstorm_slope/reference/6127.sql (2 warmup + step-up 1 2 4 8 16 x1)
  thermal gate: waited 4s -> 60.0 C
  warmup 1/2: 8.565745 sec (cache prime)
  warmup 2/2: 7.120599 sec
  N=1   batch 1/1: 6.920851 sec, 1 copy (server sum 6862.214 ms)
  N=2   batch 1/1: 13.743990 sec, 2 copies (server sum 13683.025 ms)
  N=4   batch 1/1: 27.867845 sec, 4 copies (server sum 27800.916 ms)
  N=8   batch 1/1: 55.798733 sec, 8 copies (server sum 55721.837 ms)
  N=16  batch 1/1: 110.501349 sec, 16 copies (server sum 110406.522 ms)
  done: 5 sizes x 1 run (0 failures)

Done. Batch rows appended to logs/slope_sample/warm_stepup/reference_20260921T230207Z/query_timing_tpch_idx.csv
Per-copy samples appended to logs/slope_sample/warm_stepup/reference_20260921T230207Z/query_samples_tpch_idx.csv
Last batch ended at epoch 1790070306.308 (PREV_END_EPOCH for the next invocation)
===== [251/280] queries/tpch/sqlstorm_slope/reference/5116.sql run_id=1F4AE724E6051CDC =====
query_runner configuration:
  QUERY_DIR         = queries/tpch/sqlstorm_slope/reference/5116.sql
  LOGS_DIR          = logs/slope_sample/warm_stepup/reference_20260921T230207Z  (query_timing_/query_samples_/query_catalog_tpch_idx.csv)
  DB_NAME / DB_USER = tpch_idx / postgres
  PGPORT            = 5434  (server reports 18.4)
  RUN_ID            = 1F4AE724E6051CDC
  WARMUP            = 2 single-copy warm-ups (the first primes the cache)
  BATCH_SIZES       = 1 2 4 8 16  x RUNS=1 measured batches each
  WORKERS           = (planner default)
  STATEMENT_TIMEOUT = 60
  THERMAL_EQUALISE  = gate (T_LO=55 T_HI=60 preheat<=60s cooldown<=120s)
  sensors           = pkg:/sys/class/hwmon/hwmon8/temp1_input cores:4 cpufreq:8 throttle:8/8
  SIGLESS_ADDR      = (disabled)
Found 1 query under queries/tpch/sqlstorm_slope/reference/5116.sql

[1/1] queries/tpch/sqlstorm_slope/reference/5116.sql (2 warmup + step-up 1 2 4 8 16 x1)
  thermal gate: waited 2s -> 60.0 C
  warmup 1/2: 8.621881 sec (cache prime)
  warmup 2/2: 5.718495 sec
  N=1   batch 1/1: 5.696422 sec, 1 copy (server sum 5633.777 ms)
  N=2   batch 1/1: 11.205882 sec, 2 copies (server sum 11144.646 ms)
  N=4   batch 1/1: 22.295218 sec, 4 copies (server sum 22181.736 ms)
  N=8   batch 1/1: 44.223584 sec, 8 copies (server sum 44111.963 ms)
  N=16  batch 1/1: 88.123394 sec, 16 copies (server sum 87989.718 ms)
  done: 5 sizes x 1 run (0 failures)

Done. Batch rows appended to logs/slope_sample/warm_stepup/reference_20260921T230207Z/query_timing_tpch_idx.csv
Per-copy samples appended to logs/slope_sample/warm_stepup/reference_20260921T230207Z/query_samples_tpch_idx.csv
Last batch ended at epoch 1790070498.741 (PREV_END_EPOCH for the next invocation)
===== [252/280] queries/tpch/sqlstorm_slope/reference/6127.sql run_id=9DE81E42E2A35BEA =====
query_runner configuration:
  QUERY_DIR         = queries/tpch/sqlstorm_slope/reference/6127.sql
  LOGS_DIR          = logs/slope_sample/warm_stepup/reference_20260921T230207Z  (query_timing_/query_samples_/query_catalog_tpch_idx.csv)
  DB_NAME / DB_USER = tpch_idx / postgres
  PGPORT            = 5434  (server reports 18.4)
  RUN_ID            = 9DE81E42E2A35BEA
  WARMUP            = 2 single-copy warm-ups (the first primes the cache)
  BATCH_SIZES       = 1 2 4 8 16  x RUNS=1 measured batches each
  WORKERS           = (planner default)
  STATEMENT_TIMEOUT = 60
  THERMAL_EQUALISE  = gate (T_LO=55 T_HI=60 preheat<=60s cooldown<=120s)
  sensors           = pkg:/sys/class/hwmon/hwmon8/temp1_input cores:4 cpufreq:8 throttle:8/8
  SIGLESS_ADDR      = (disabled)
Found 1 query under queries/tpch/sqlstorm_slope/reference/6127.sql

[1/1] queries/tpch/sqlstorm_slope/reference/6127.sql (2 warmup + step-up 1 2 4 8 16 x1)
  warmup 1/2: 8.538798 sec (cache prime)
  warmup 2/2: 6.918413 sec
  N=1   batch 1/1: 6.889122 sec, 1 copy (server sum 6830.847 ms)
  N=2   batch 1/1: 13.842543 sec, 2 copies (server sum 13781.785 ms)
  N=4   batch 1/1: 28.272955 sec, 4 copies (server sum 28207.302 ms)
  N=8   batch 1/1: 54.935608 sec, 8 copies (server sum 54859.993 ms)
  N=16  batch 1/1: 109.709309 sec, 16 copies (server sum 109603.193 ms)
  done: 5 sizes x 1 run (0 failures)

Done. Batch rows appended to logs/slope_sample/warm_stepup/reference_20260921T230207Z/query_timing_tpch_idx.csv
Per-copy samples appended to logs/slope_sample/warm_stepup/reference_20260921T230207Z/query_samples_tpch_idx.csv
Last batch ended at epoch 1790070732.647 (PREV_END_EPOCH for the next invocation)
===== [253/280] queries/tpch/sqlstorm_slope/reference/7925.sql run_id=EC9DFD85386DD3B2 =====
query_runner configuration:
  QUERY_DIR         = queries/tpch/sqlstorm_slope/reference/7925.sql
  LOGS_DIR          = logs/slope_sample/warm_stepup/reference_20260921T230207Z  (query_timing_/query_samples_/query_catalog_tpch_idx.csv)
  DB_NAME / DB_USER = tpch_idx / postgres
  PGPORT            = 5434  (server reports 18.4)
  RUN_ID            = EC9DFD85386DD3B2
  WARMUP            = 2 single-copy warm-ups (the first primes the cache)
  BATCH_SIZES       = 1 2 4 8 16  x RUNS=1 measured batches each
  WORKERS           = (planner default)
  STATEMENT_TIMEOUT = 60
  THERMAL_EQUALISE  = gate (T_LO=55 T_HI=60 preheat<=60s cooldown<=120s)
  sensors           = pkg:/sys/class/hwmon/hwmon8/temp1_input cores:4 cpufreq:8 throttle:8/8
  SIGLESS_ADDR      = (disabled)
Found 1 query under queries/tpch/sqlstorm_slope/reference/7925.sql

[1/1] queries/tpch/sqlstorm_slope/reference/7925.sql (2 warmup + step-up 1 2 4 8 16 x1)
  thermal gate: waited 4s -> 60.0 C
  warmup 1/2: 7.753696 sec (cache prime)
  warmup 2/2: 6.409415 sec
  N=1   batch 1/1: 6.460675 sec, 1 copy (server sum 6356.663 ms)
  N=2   batch 1/1: 12.768110 sec, 2 copies (server sum 12704.144 ms)
  N=4   batch 1/1: 25.493618 sec, 4 copies (server sum 25422.634 ms)
  N=8   batch 1/1: 50.792395 sec, 8 copies (server sum 50706.729 ms)
  N=16  batch 1/1: 101.441126 sec, 16 copies (server sum 101327.062 ms)
  done: 5 sizes x 1 run (0 failures)

Done. Batch rows appended to logs/slope_sample/warm_stepup/reference_20260921T230207Z/query_timing_tpch_idx.csv
Per-copy samples appended to logs/slope_sample/warm_stepup/reference_20260921T230207Z/query_samples_tpch_idx.csv
Last batch ended at epoch 1790070952.287 (PREV_END_EPOCH for the next invocation)
===== [254/280] queries/tpch/sqlstorm_slope/reference/15598.sql run_id=353CBFC6782840C0 =====
query_runner configuration:
  QUERY_DIR         = queries/tpch/sqlstorm_slope/reference/15598.sql
  LOGS_DIR          = logs/slope_sample/warm_stepup/reference_20260921T230207Z  (query_timing_/query_samples_/query_catalog_tpch_idx.csv)
  DB_NAME / DB_USER = tpch_idx / postgres
  PGPORT            = 5434  (server reports 18.4)
  RUN_ID            = 353CBFC6782840C0
  WARMUP            = 2 single-copy warm-ups (the first primes the cache)
  BATCH_SIZES       = 1 2 4 8 16  x RUNS=1 measured batches each
  WORKERS           = (planner default)
  STATEMENT_TIMEOUT = 60
  THERMAL_EQUALISE  = gate (T_LO=55 T_HI=60 preheat<=60s cooldown<=120s)
  sensors           = pkg:/sys/class/hwmon/hwmon8/temp1_input cores:4 cpufreq:8 throttle:8/8
  SIGLESS_ADDR      = (disabled)
Found 1 query under queries/tpch/sqlstorm_slope/reference/15598.sql

[1/1] queries/tpch/sqlstorm_slope/reference/15598.sql (2 warmup + step-up 1 2 4 8 16 x1)
  thermal gate: waited 12s -> 59.0 C
  warmup 1/2: 5.626645 sec (cache prime)
  warmup 2/2: 4.899930 sec
  N=1   batch 1/1: 4.900093 sec, 1 copy (server sum 4795.725 ms)
  N=2   batch 1/1: 9.605247 sec, 2 copies (server sum 9547.026 ms)
  N=4   batch 1/1: 19.026424 sec, 4 copies (server sum 18933.835 ms)
  N=8   batch 1/1: 38.219857 sec, 8 copies (server sum 38118.279 ms)
  N=16  batch 1/1: 76.293082 sec, 16 copies (server sum 76216.884 ms)
  done: 5 sizes x 1 run (0 failures)

Done. Batch rows appended to logs/slope_sample/warm_stepup/reference_20260921T230207Z/query_timing_tpch_idx.csv
Per-copy samples appended to logs/slope_sample/warm_stepup/reference_20260921T230207Z/query_samples_tpch_idx.csv
Last batch ended at epoch 1790071127.400 (PREV_END_EPOCH for the next invocation)
===== [255/280] queries/tpch/sqlstorm_slope/reference/2950.sql run_id=DADEB4C5CA2586E4 =====
query_runner configuration:
  QUERY_DIR         = queries/tpch/sqlstorm_slope/reference/2950.sql
  LOGS_DIR          = logs/slope_sample/warm_stepup/reference_20260921T230207Z  (query_timing_/query_samples_/query_catalog_tpch_idx.csv)
  DB_NAME / DB_USER = tpch_idx / postgres
  PGPORT            = 5434  (server reports 18.4)
  RUN_ID            = DADEB4C5CA2586E4
  WARMUP            = 2 single-copy warm-ups (the first primes the cache)
  BATCH_SIZES       = 1 2 4 8 16  x RUNS=1 measured batches each
  WORKERS           = (planner default)
  STATEMENT_TIMEOUT = 60
  THERMAL_EQUALISE  = gate (T_LO=55 T_HI=60 preheat<=60s cooldown<=120s)
  sensors           = pkg:/sys/class/hwmon/hwmon8/temp1_input cores:4 cpufreq:8 throttle:8/8
  SIGLESS_ADDR      = (disabled)
Found 1 query under queries/tpch/sqlstorm_slope/reference/2950.sql

[1/1] queries/tpch/sqlstorm_slope/reference/2950.sql (2 warmup + step-up 1 2 4 8 16 x1)
  thermal gate: waited 8s -> 59.0 C
  warmup 1/2: 14.264345 sec (cache prime)
  warmup 2/2: 12.572327 sec
  N=1   batch 1/1: 13.013292 sec, 1 copy (server sum 12954.744 ms)
  N=2   batch 1/1: 25.154593 sec, 2 copies (server sum 25063.700 ms)
  N=4   batch 1/1: 50.567704 sec, 4 copies (server sum 50483.754 ms)
  N=8   batch 1/1: 101.856818 sec, 8 copies (server sum 101775.415 ms)
  N=16  batch 1/1: 201.209330 sec, 16 copies (server sum 201107.444 ms)
  done: 5 sizes x 1 run (0 failures)

Done. Batch rows appended to logs/slope_sample/warm_stepup/reference_20260921T230207Z/query_timing_tpch_idx.csv
Per-copy samples appended to logs/slope_sample/warm_stepup/reference_20260921T230207Z/query_samples_tpch_idx.csv
Last batch ended at epoch 1790071558.683 (PREV_END_EPOCH for the next invocation)
===== [256/280] queries/tpch/sqlstorm_slope/reference/11767.sql run_id=6817556C701246A6 =====
query_runner configuration:
  QUERY_DIR         = queries/tpch/sqlstorm_slope/reference/11767.sql
  LOGS_DIR          = logs/slope_sample/warm_stepup/reference_20260921T230207Z  (query_timing_/query_samples_/query_catalog_tpch_idx.csv)
  DB_NAME / DB_USER = tpch_idx / postgres
  PGPORT            = 5434  (server reports 18.4)
  RUN_ID            = 6817556C701246A6
  WARMUP            = 2 single-copy warm-ups (the first primes the cache)
  BATCH_SIZES       = 1 2 4 8 16  x RUNS=1 measured batches each
  WORKERS           = (planner default)
  STATEMENT_TIMEOUT = 60
  THERMAL_EQUALISE  = gate (T_LO=55 T_HI=60 preheat<=60s cooldown<=120s)
  sensors           = pkg:/sys/class/hwmon/hwmon8/temp1_input cores:4 cpufreq:8 throttle:8/8
  SIGLESS_ADDR      = (disabled)
Found 1 query under queries/tpch/sqlstorm_slope/reference/11767.sql

[1/1] queries/tpch/sqlstorm_slope/reference/11767.sql (2 warmup + step-up 1 2 4 8 16 x1)
  warmup 1/2: 1.543326 sec (cache prime)
  warmup 2/2: 0.735580 sec
  N=1   batch 1/1: 0.734888 sec, 1 copy (server sum 676.567 ms)
  N=2   batch 1/1: 1.390079 sec, 2 copies (server sum 1329.736 ms)
  N=4   batch 1/1: 2.745720 sec, 4 copies (server sum 2613.220 ms)
  N=8   batch 1/1: 5.260877 sec, 8 copies (server sum 5187.574 ms)
  N=16  batch 1/1: 10.490257 sec, 16 copies (server sum 10352.932 ms)
  done: 5 sizes x 1 run (0 failures)

Done. Batch rows appended to logs/slope_sample/warm_stepup/reference_20260921T230207Z/query_timing_tpch_idx.csv
Per-copy samples appended to logs/slope_sample/warm_stepup/reference_20260921T230207Z/query_samples_tpch_idx.csv
Last batch ended at epoch 1790071586.018 (PREV_END_EPOCH for the next invocation)
===== [257/280] queries/tpch/sqlstorm_slope/reference/5554.sql run_id=483BBD11E64BE8AF =====
query_runner configuration:
  QUERY_DIR         = queries/tpch/sqlstorm_slope/reference/5554.sql
  LOGS_DIR          = logs/slope_sample/warm_stepup/reference_20260921T230207Z  (query_timing_/query_samples_/query_catalog_tpch_idx.csv)
  DB_NAME / DB_USER = tpch_idx / postgres
  PGPORT            = 5434  (server reports 18.4)
  RUN_ID            = 483BBD11E64BE8AF
  WARMUP            = 2 single-copy warm-ups (the first primes the cache)
  BATCH_SIZES       = 1 2 4 8 16  x RUNS=1 measured batches each
  WORKERS           = (planner default)
  STATEMENT_TIMEOUT = 60
  THERMAL_EQUALISE  = gate (T_LO=55 T_HI=60 preheat<=60s cooldown<=120s)
  sensors           = pkg:/sys/class/hwmon/hwmon8/temp1_input cores:4 cpufreq:8 throttle:8/8
  SIGLESS_ADDR      = (disabled)
Found 1 query under queries/tpch/sqlstorm_slope/reference/5554.sql

[1/1] queries/tpch/sqlstorm_slope/reference/5554.sql (2 warmup + step-up 1 2 4 8 16 x1)
  thermal gate: waited 4s -> 60.0 C
  warmup 1/2: 8.496435 sec (cache prime)
  warmup 2/2: 7.215951 sec
  N=1   batch 1/1: 7.254874 sec, 1 copy (server sum 7150.000 ms)
  N=2   batch 1/1: 14.232749 sec, 2 copies (server sum 14169.625 ms)
  N=4   batch 1/1: 28.277689 sec, 4 copies (server sum 28208.132 ms)
  N=8   batch 1/1: 56.336869 sec, 8 copies (server sum 56254.575 ms)
  N=16  batch 1/1: 112.533029 sec, 16 copies (server sum 112425.473 ms)
  done: 5 sizes x 1 run (0 failures)

Done. Batch rows appended to logs/slope_sample/warm_stepup/reference_20260921T230207Z/query_timing_tpch_idx.csv
Per-copy samples appended to logs/slope_sample/warm_stepup/reference_20260921T230207Z/query_samples_tpch_idx.csv
Last batch ended at epoch 1790071829.298 (PREV_END_EPOCH for the next invocation)
===== [258/280] queries/tpch/sqlstorm_slope/reference/11750.sql run_id=6119D76195376C5C =====
query_runner configuration:
  QUERY_DIR         = queries/tpch/sqlstorm_slope/reference/11750.sql
  LOGS_DIR          = logs/slope_sample/warm_stepup/reference_20260921T230207Z  (query_timing_/query_samples_/query_catalog_tpch_idx.csv)
  DB_NAME / DB_USER = tpch_idx / postgres
  PGPORT            = 5434  (server reports 18.4)
  RUN_ID            = 6119D76195376C5C
  WARMUP            = 2 single-copy warm-ups (the first primes the cache)
  BATCH_SIZES       = 1 2 4 8 16  x RUNS=1 measured batches each
  WORKERS           = (planner default)
  STATEMENT_TIMEOUT = 60
  THERMAL_EQUALISE  = gate (T_LO=55 T_HI=60 preheat<=60s cooldown<=120s)
  sensors           = pkg:/sys/class/hwmon/hwmon8/temp1_input cores:4 cpufreq:8 throttle:8/8
  SIGLESS_ADDR      = (disabled)
Found 1 query under queries/tpch/sqlstorm_slope/reference/11750.sql

[1/1] queries/tpch/sqlstorm_slope/reference/11750.sql (2 warmup + step-up 1 2 4 8 16 x1)
  thermal gate: waited 10s -> 59.0 C
  warmup 1/2: 2.818862 sec (cache prime)
  warmup 2/2: 1.507423 sec
  N=1   batch 1/1: 1.503691 sec, 1 copy (server sum 1446.413 ms)
  N=2   batch 1/1: 2.961557 sec, 2 copies (server sum 2873.477 ms)
  N=4   batch 1/1: 5.769142 sec, 4 copies (server sum 5708.429 ms)
  N=8   batch 1/1: 11.433950 sec, 8 copies (server sum 11367.444 ms)
  N=16  batch 1/1: 22.911967 sec, 16 copies (server sum 22835.027 ms)
  done: 5 sizes x 1 run (0 failures)

Done. Batch rows appended to logs/slope_sample/warm_stepup/reference_20260921T230207Z/query_timing_tpch_idx.csv
Per-copy samples appended to logs/slope_sample/warm_stepup/reference_20260921T230207Z/query_samples_tpch_idx.csv
Last batch ended at epoch 1790071893.043 (PREV_END_EPOCH for the next invocation)
===== [259/280] queries/tpch/sqlstorm_slope/reference/11750.sql run_id=9A92EB901186439A =====
query_runner configuration:
  QUERY_DIR         = queries/tpch/sqlstorm_slope/reference/11750.sql
  LOGS_DIR          = logs/slope_sample/warm_stepup/reference_20260921T230207Z  (query_timing_/query_samples_/query_catalog_tpch_idx.csv)
  DB_NAME / DB_USER = tpch_idx / postgres
  PGPORT            = 5434  (server reports 18.4)
  RUN_ID            = 9A92EB901186439A
  WARMUP            = 2 single-copy warm-ups (the first primes the cache)
  BATCH_SIZES       = 1 2 4 8 16  x RUNS=1 measured batches each
  WORKERS           = (planner default)
  STATEMENT_TIMEOUT = 60
  THERMAL_EQUALISE  = gate (T_LO=55 T_HI=60 preheat<=60s cooldown<=120s)
  sensors           = pkg:/sys/class/hwmon/hwmon8/temp1_input cores:4 cpufreq:8 throttle:8/8
  SIGLESS_ADDR      = (disabled)
Found 1 query under queries/tpch/sqlstorm_slope/reference/11750.sql

[1/1] queries/tpch/sqlstorm_slope/reference/11750.sql (2 warmup + step-up 1 2 4 8 16 x1)
  warmup 1/2: 2.739179 sec (cache prime)
  warmup 2/2: 1.557595 sec
  N=1   batch 1/1: 1.504325 sec, 1 copy (server sum 1447.363 ms)
  N=2   batch 1/1: 2.941159 sec, 2 copies (server sum 2882.383 ms)
  N=4   batch 1/1: 5.931810 sec, 4 copies (server sum 5859.947 ms)
  N=8   batch 1/1: 11.507343 sec, 8 copies (server sum 11390.824 ms)
  N=16  batch 1/1: 22.965905 sec, 16 copies (server sum 22889.404 ms)
  done: 5 sizes x 1 run (0 failures)

Done. Batch rows appended to logs/slope_sample/warm_stepup/reference_20260921T230207Z/query_timing_tpch_idx.csv
Per-copy samples appended to logs/slope_sample/warm_stepup/reference_20260921T230207Z/query_samples_tpch_idx.csv
Last batch ended at epoch 1790071946.588 (PREV_END_EPOCH for the next invocation)
===== [260/280] queries/tpch/sqlstorm_slope/reference/5554.sql run_id=061B9F1E97C32393 =====
query_runner configuration:
  QUERY_DIR         = queries/tpch/sqlstorm_slope/reference/5554.sql
  LOGS_DIR          = logs/slope_sample/warm_stepup/reference_20260921T230207Z  (query_timing_/query_samples_/query_catalog_tpch_idx.csv)
  DB_NAME / DB_USER = tpch_idx / postgres
  PGPORT            = 5434  (server reports 18.4)
  RUN_ID            = 061B9F1E97C32393
  WARMUP            = 2 single-copy warm-ups (the first primes the cache)
  BATCH_SIZES       = 1 2 4 8 16  x RUNS=1 measured batches each
  WORKERS           = (planner default)
  STATEMENT_TIMEOUT = 60
  THERMAL_EQUALISE  = gate (T_LO=55 T_HI=60 preheat<=60s cooldown<=120s)
  sensors           = pkg:/sys/class/hwmon/hwmon8/temp1_input cores:4 cpufreq:8 throttle:8/8
  SIGLESS_ADDR      = (disabled)
Found 1 query under queries/tpch/sqlstorm_slope/reference/5554.sql

[1/1] queries/tpch/sqlstorm_slope/reference/5554.sql (2 warmup + step-up 1 2 4 8 16 x1)
  thermal gate: waited 2s -> 57.0 C
  warmup 1/2: 8.413431 sec (cache prime)
  warmup 2/2: 7.183059 sec
  N=1   batch 1/1: 7.182466 sec, 1 copy (server sum 7122.869 ms)
  N=2   batch 1/1: 14.209636 sec, 2 copies (server sum 14131.960 ms)
  N=4   batch 1/1: 28.238187 sec, 4 copies (server sum 28138.278 ms)
  N=8   batch 1/1: 56.398844 sec, 8 copies (server sum 56288.844 ms)
  N=16  batch 1/1: 112.384967 sec, 16 copies (server sum 112276.495 ms)
  done: 5 sizes x 1 run (0 failures)

Done. Batch rows appended to logs/slope_sample/warm_stepup/reference_20260921T230207Z/query_timing_tpch_idx.csv
Per-copy samples appended to logs/slope_sample/warm_stepup/reference_20260921T230207Z/query_samples_tpch_idx.csv
Last batch ended at epoch 1790072186.716 (PREV_END_EPOCH for the next invocation)
===== [261/280] queries/tpch/sqlstorm_slope/reference/14523.sql run_id=7DA1B0E448F81828 =====
query_runner configuration:
  QUERY_DIR         = queries/tpch/sqlstorm_slope/reference/14523.sql
  LOGS_DIR          = logs/slope_sample/warm_stepup/reference_20260921T230207Z  (query_timing_/query_samples_/query_catalog_tpch_idx.csv)
  DB_NAME / DB_USER = tpch_idx / postgres
  PGPORT            = 5434  (server reports 18.4)
  RUN_ID            = 7DA1B0E448F81828
  WARMUP            = 2 single-copy warm-ups (the first primes the cache)
  BATCH_SIZES       = 1 2 4 8 16  x RUNS=1 measured batches each
  WORKERS           = (planner default)
  STATEMENT_TIMEOUT = 60
  THERMAL_EQUALISE  = gate (T_LO=55 T_HI=60 preheat<=60s cooldown<=120s)
  sensors           = pkg:/sys/class/hwmon/hwmon8/temp1_input cores:4 cpufreq:8 throttle:8/8
  SIGLESS_ADDR      = (disabled)
Found 1 query under queries/tpch/sqlstorm_slope/reference/14523.sql

[1/1] queries/tpch/sqlstorm_slope/reference/14523.sql (2 warmup + step-up 1 2 4 8 16 x1)
  thermal gate: waited 10s -> 59.0 C
  warmup 1/2: 1.586548 sec (cache prime)
  warmup 2/2: 0.472028 sec
  N=1   batch 1/1: 0.481480 sec, 1 copy (server sum 425.893 ms)
  N=2   batch 1/1: 0.852892 sec, 2 copies (server sum 796.127 ms)
  N=4   batch 1/1: 1.623800 sec, 4 copies (server sum 1565.783 ms)
  N=8   batch 1/1: 3.129251 sec, 8 copies (server sum 3067.678 ms)
  N=16  batch 1/1: 6.168236 sec, 16 copies (server sum 6095.359 ms)
  done: 5 sizes x 1 run (0 failures)

Done. Batch rows appended to logs/slope_sample/warm_stepup/reference_20260921T230207Z/query_timing_tpch_idx.csv
Per-copy samples appended to logs/slope_sample/warm_stepup/reference_20260921T230207Z/query_samples_tpch_idx.csv
Last batch ended at epoch 1790072215.608 (PREV_END_EPOCH for the next invocation)
===== [262/280] queries/tpch/sqlstorm_slope/reference/10945.sql run_id=218341E5A5907825 =====
query_runner configuration:
  QUERY_DIR         = queries/tpch/sqlstorm_slope/reference/10945.sql
  LOGS_DIR          = logs/slope_sample/warm_stepup/reference_20260921T230207Z  (query_timing_/query_samples_/query_catalog_tpch_idx.csv)
  DB_NAME / DB_USER = tpch_idx / postgres
  PGPORT            = 5434  (server reports 18.4)
  RUN_ID            = 218341E5A5907825
  WARMUP            = 2 single-copy warm-ups (the first primes the cache)
  BATCH_SIZES       = 1 2 4 8 16  x RUNS=1 measured batches each
  WORKERS           = (planner default)
  STATEMENT_TIMEOUT = 60
  THERMAL_EQUALISE  = gate (T_LO=55 T_HI=60 preheat<=60s cooldown<=120s)
  sensors           = pkg:/sys/class/hwmon/hwmon8/temp1_input cores:4 cpufreq:8 throttle:8/8
  SIGLESS_ADDR      = (disabled)
Found 1 query under queries/tpch/sqlstorm_slope/reference/10945.sql

[1/1] queries/tpch/sqlstorm_slope/reference/10945.sql (2 warmup + step-up 1 2 4 8 16 x1)
  thermal gate: waited 2s -> 59.0 C
  warmup 1/2: 0.351339 sec (cache prime)
  warmup 2/2: 0.101225 sec
  N=1   batch 1/1: 0.102351 sec, 1 copy (server sum 41.483 ms)
  N=2   batch 1/1: 0.144701 sec, 2 copies (server sum 80.937 ms)
  N=4   batch 1/1: 0.236669 sec, 4 copies (server sum 165.782 ms)
  N=8   batch 1/1: 0.408118 sec, 8 copies (server sum 322.643 ms)
  N=16  batch 1/1: 0.768022 sec, 16 copies (server sum 651.630 ms)
  done: 5 sizes x 1 run (0 failures)

Done. Batch rows appended to logs/slope_sample/warm_stepup/reference_20260921T230207Z/query_timing_tpch_idx.csv
Per-copy samples appended to logs/slope_sample/warm_stepup/reference_20260921T230207Z/query_samples_tpch_idx.csv
Last batch ended at epoch 1790072224.235 (PREV_END_EPOCH for the next invocation)
===== [263/280] queries/tpch/sqlstorm_slope/reference/8411.sql run_id=BFB590EF3F5651A2 =====
query_runner configuration:
  QUERY_DIR         = queries/tpch/sqlstorm_slope/reference/8411.sql
  LOGS_DIR          = logs/slope_sample/warm_stepup/reference_20260921T230207Z  (query_timing_/query_samples_/query_catalog_tpch_idx.csv)
  DB_NAME / DB_USER = tpch_idx / postgres
  PGPORT            = 5434  (server reports 18.4)
  RUN_ID            = BFB590EF3F5651A2
  WARMUP            = 2 single-copy warm-ups (the first primes the cache)
  BATCH_SIZES       = 1 2 4 8 16  x RUNS=1 measured batches each
  WORKERS           = (planner default)
  STATEMENT_TIMEOUT = 60
  THERMAL_EQUALISE  = gate (T_LO=55 T_HI=60 preheat<=60s cooldown<=120s)
  sensors           = pkg:/sys/class/hwmon/hwmon8/temp1_input cores:4 cpufreq:8 throttle:8/8
  SIGLESS_ADDR      = (disabled)
Found 1 query under queries/tpch/sqlstorm_slope/reference/8411.sql

[1/1] queries/tpch/sqlstorm_slope/reference/8411.sql (2 warmup + step-up 1 2 4 8 16 x1)
  warmup 1/2: 14.579984 sec (cache prime)
  warmup 2/2: 11.755417 sec
  N=1   batch 1/1: 11.815760 sec, 1 copy (server sum 11756.611 ms)
  N=2   batch 1/1: 23.365046 sec, 2 copies (server sum 23259.082 ms)
  N=4   batch 1/1: 46.483625 sec, 4 copies (server sum 46417.754 ms)
  N=8   batch 1/1: 92.703162 sec, 8 copies (server sum 92592.223 ms)
  N=16  batch 1/1: 185.189316 sec, 16 copies (server sum 185090.366 ms)
  done: 5 sizes x 1 run (0 failures)

Done. Batch rows appended to logs/slope_sample/warm_stepup/reference_20260921T230207Z/query_timing_tpch_idx.csv
Per-copy samples appended to logs/slope_sample/warm_stepup/reference_20260921T230207Z/query_samples_tpch_idx.csv
Last batch ended at epoch 1790072613.849 (PREV_END_EPOCH for the next invocation)
===== [264/280] queries/tpch/sqlstorm_slope/reference/2950.sql run_id=110D59951F3DBAE8 =====
query_runner configuration:
  QUERY_DIR         = queries/tpch/sqlstorm_slope/reference/2950.sql
  LOGS_DIR          = logs/slope_sample/warm_stepup/reference_20260921T230207Z  (query_timing_/query_samples_/query_catalog_tpch_idx.csv)
  DB_NAME / DB_USER = tpch_idx / postgres
  PGPORT            = 5434  (server reports 18.4)
  RUN_ID            = 110D59951F3DBAE8
  WARMUP            = 2 single-copy warm-ups (the first primes the cache)
  BATCH_SIZES       = 1 2 4 8 16  x RUNS=1 measured batches each
  WORKERS           = (planner default)
  STATEMENT_TIMEOUT = 60
  THERMAL_EQUALISE  = gate (T_LO=55 T_HI=60 preheat<=60s cooldown<=120s)
  sensors           = pkg:/sys/class/hwmon/hwmon8/temp1_input cores:4 cpufreq:8 throttle:8/8
  SIGLESS_ADDR      = (disabled)
Found 1 query under queries/tpch/sqlstorm_slope/reference/2950.sql

[1/1] queries/tpch/sqlstorm_slope/reference/2950.sql (2 warmup + step-up 1 2 4 8 16 x1)
  thermal gate: waited 10s -> 59.0 C
  warmup 1/2: 14.141546 sec (cache prime)
  warmup 2/2: 12.752360 sec
  N=1   batch 1/1: 12.879549 sec, 1 copy (server sum 12769.746 ms)
  N=2   batch 1/1: 25.504712 sec, 2 copies (server sum 25442.971 ms)
  N=4   batch 1/1: 50.689854 sec, 4 copies (server sum 50623.781 ms)
  N=8   batch 1/1: 101.134268 sec, 8 copies (server sum 101035.878 ms)
  N=16  batch 1/1: 201.374591 sec, 16 copies (server sum 201273.730 ms)
  done: 5 sizes x 1 run (0 failures)

Done. Batch rows appended to logs/slope_sample/warm_stepup/reference_20260921T230207Z/query_timing_tpch_idx.csv
Per-copy samples appended to logs/slope_sample/warm_stepup/reference_20260921T230207Z/query_samples_tpch_idx.csv
Last batch ended at epoch 1790073047.044 (PREV_END_EPOCH for the next invocation)
===== [265/280] queries/tpch/sqlstorm_slope/reference/29659.sql run_id=6FB12E9A88F030FB =====
query_runner configuration:
  QUERY_DIR         = queries/tpch/sqlstorm_slope/reference/29659.sql
  LOGS_DIR          = logs/slope_sample/warm_stepup/reference_20260921T230207Z  (query_timing_/query_samples_/query_catalog_tpch_idx.csv)
  DB_NAME / DB_USER = tpch_idx / postgres
  PGPORT            = 5434  (server reports 18.4)
  RUN_ID            = 6FB12E9A88F030FB
  WARMUP            = 2 single-copy warm-ups (the first primes the cache)
  BATCH_SIZES       = 1 2 4 8 16  x RUNS=1 measured batches each
  WORKERS           = (planner default)
  STATEMENT_TIMEOUT = 60
  THERMAL_EQUALISE  = gate (T_LO=55 T_HI=60 preheat<=60s cooldown<=120s)
  sensors           = pkg:/sys/class/hwmon/hwmon8/temp1_input cores:4 cpufreq:8 throttle:8/8
  SIGLESS_ADDR      = (disabled)
Found 1 query under queries/tpch/sqlstorm_slope/reference/29659.sql

[1/1] queries/tpch/sqlstorm_slope/reference/29659.sql (2 warmup + step-up 1 2 4 8 16 x1)
  thermal gate: waited 2s -> 58.0 C
  warmup 1/2: 3.678653 sec (cache prime)
  warmup 2/2: 2.484393 sec
  N=1   batch 1/1: 2.493922 sec, 1 copy (server sum 2433.540 ms)
  N=2   batch 1/1: 4.887702 sec, 2 copies (server sum 4821.832 ms)
  N=4   batch 1/1: 9.734152 sec, 4 copies (server sum 9612.717 ms)
  N=8   batch 1/1: 19.244772 sec, 8 copies (server sum 19162.405 ms)
  N=16  batch 1/1: 38.568013 sec, 16 copies (server sum 38411.973 ms)
  done: 5 sizes x 1 run (0 failures)

Done. Batch rows appended to logs/slope_sample/warm_stepup/reference_20260921T230207Z/query_timing_tpch_idx.csv
Per-copy samples appended to logs/slope_sample/warm_stepup/reference_20260921T230207Z/query_samples_tpch_idx.csv
Last batch ended at epoch 1790073134.986 (PREV_END_EPOCH for the next invocation)
===== [266/280] queries/tpch/sqlstorm_slope/reference/10945.sql run_id=880FDEDE8F5605B9 =====
query_runner configuration:
  QUERY_DIR         = queries/tpch/sqlstorm_slope/reference/10945.sql
  LOGS_DIR          = logs/slope_sample/warm_stepup/reference_20260921T230207Z  (query_timing_/query_samples_/query_catalog_tpch_idx.csv)
  DB_NAME / DB_USER = tpch_idx / postgres
  PGPORT            = 5434  (server reports 18.4)
  RUN_ID            = 880FDEDE8F5605B9
  WARMUP            = 2 single-copy warm-ups (the first primes the cache)
  BATCH_SIZES       = 1 2 4 8 16  x RUNS=1 measured batches each
  WORKERS           = (planner default)
  STATEMENT_TIMEOUT = 60
  THERMAL_EQUALISE  = gate (T_LO=55 T_HI=60 preheat<=60s cooldown<=120s)
  sensors           = pkg:/sys/class/hwmon/hwmon8/temp1_input cores:4 cpufreq:8 throttle:8/8
  SIGLESS_ADDR      = (disabled)
Found 1 query under queries/tpch/sqlstorm_slope/reference/10945.sql

[1/1] queries/tpch/sqlstorm_slope/reference/10945.sql (2 warmup + step-up 1 2 4 8 16 x1)
  thermal gate: waited 2s -> 59.0 C
  warmup 1/2: 0.299019 sec (cache prime)
  warmup 2/2: 0.102369 sec
  N=1   batch 1/1: 0.100400 sec, 1 copy (server sum 40.521 ms)
  N=2   batch 1/1: 0.144192 sec, 2 copies (server sum 80.582 ms)
  N=4   batch 1/1: 0.236831 sec, 4 copies (server sum 166.097 ms)
  N=8   batch 1/1: 0.418417 sec, 8 copies (server sum 332.353 ms)
  N=16  batch 1/1: 0.775214 sec, 16 copies (server sum 659.943 ms)
  done: 5 sizes x 1 run (0 failures)

Done. Batch rows appended to logs/slope_sample/warm_stepup/reference_20260921T230207Z/query_timing_tpch_idx.csv
Per-copy samples appended to logs/slope_sample/warm_stepup/reference_20260921T230207Z/query_samples_tpch_idx.csv
Last batch ended at epoch 1790073143.588 (PREV_END_EPOCH for the next invocation)
===== [267/280] queries/tpch/sqlstorm_slope/reference/26387.sql run_id=072D808CD3EA9932 =====
query_runner configuration:
  QUERY_DIR         = queries/tpch/sqlstorm_slope/reference/26387.sql
  LOGS_DIR          = logs/slope_sample/warm_stepup/reference_20260921T230207Z  (query_timing_/query_samples_/query_catalog_tpch_idx.csv)
  DB_NAME / DB_USER = tpch_idx / postgres
  PGPORT            = 5434  (server reports 18.4)
  RUN_ID            = 072D808CD3EA9932
  WARMUP            = 2 single-copy warm-ups (the first primes the cache)
  BATCH_SIZES       = 1 2 4 8 16  x RUNS=1 measured batches each
  WORKERS           = (planner default)
  STATEMENT_TIMEOUT = 60
  THERMAL_EQUALISE  = gate (T_LO=55 T_HI=60 preheat<=60s cooldown<=120s)
  sensors           = pkg:/sys/class/hwmon/hwmon8/temp1_input cores:4 cpufreq:8 throttle:8/8
  SIGLESS_ADDR      = (disabled)
Found 1 query under queries/tpch/sqlstorm_slope/reference/26387.sql

[1/1] queries/tpch/sqlstorm_slope/reference/26387.sql (2 warmup + step-up 1 2 4 8 16 x1)
  warmup 1/2: 4.943654 sec (cache prime)
  warmup 2/2: 4.441488 sec
  N=1   batch 1/1: 4.459309 sec, 1 copy (server sum 4350.548 ms)
  N=2   batch 1/1: 8.690650 sec, 2 copies (server sum 8628.824 ms)
  N=4   batch 1/1: 17.162676 sec, 4 copies (server sum 17101.323 ms)
  N=8   batch 1/1: 34.247786 sec, 8 copies (server sum 34128.114 ms)
  N=16  batch 1/1: 68.524987 sec, 16 copies (server sum 68448.475 ms)
  done: 5 sizes x 1 run (0 failures)

Done. Batch rows appended to logs/slope_sample/warm_stepup/reference_20260921T230207Z/query_timing_tpch_idx.csv
Per-copy samples appended to logs/slope_sample/warm_stepup/reference_20260921T230207Z/query_samples_tpch_idx.csv
Last batch ended at epoch 1790073290.143 (PREV_END_EPOCH for the next invocation)
===== [268/280] queries/tpch/sqlstorm_slope/reference/32103.sql run_id=3DA5189C8CE72CB7 =====
query_runner configuration:
  QUERY_DIR         = queries/tpch/sqlstorm_slope/reference/32103.sql
  LOGS_DIR          = logs/slope_sample/warm_stepup/reference_20260921T230207Z  (query_timing_/query_samples_/query_catalog_tpch_idx.csv)
  DB_NAME / DB_USER = tpch_idx / postgres
  PGPORT            = 5434  (server reports 18.4)
  RUN_ID            = 3DA5189C8CE72CB7
  WARMUP            = 2 single-copy warm-ups (the first primes the cache)
  BATCH_SIZES       = 1 2 4 8 16  x RUNS=1 measured batches each
  WORKERS           = (planner default)
  STATEMENT_TIMEOUT = 60
  THERMAL_EQUALISE  = gate (T_LO=55 T_HI=60 preheat<=60s cooldown<=120s)
  sensors           = pkg:/sys/class/hwmon/hwmon8/temp1_input cores:4 cpufreq:8 throttle:8/8
  SIGLESS_ADDR      = (disabled)
Found 1 query under queries/tpch/sqlstorm_slope/reference/32103.sql

[1/1] queries/tpch/sqlstorm_slope/reference/32103.sql (2 warmup + step-up 1 2 4 8 16 x1)
  warmup 1/2: 1.434061 sec (cache prime)
  warmup 2/2: 0.593593 sec
  N=1   batch 1/1: 0.635565 sec, 1 copy (server sum 534.514 ms)
  N=2   batch 1/1: 1.098534 sec, 2 copies (server sum 1034.119 ms)
  N=4   batch 1/1: 2.123812 sec, 4 copies (server sum 2051.033 ms)
  N=8   batch 1/1: 4.168727 sec, 8 copies (server sum 4082.189 ms)
  N=16  batch 1/1: 8.201696 sec, 16 copies (server sum 8075.609 ms)
  done: 5 sizes x 1 run (0 failures)

Done. Batch rows appended to logs/slope_sample/warm_stepup/reference_20260921T230207Z/query_timing_tpch_idx.csv
Per-copy samples appended to logs/slope_sample/warm_stepup/reference_20260921T230207Z/query_samples_tpch_idx.csv
Last batch ended at epoch 1790073312.321 (PREV_END_EPOCH for the next invocation)
===== [269/280] queries/tpch/sqlstorm_slope/reference/3396.sql run_id=BE796BA4CA90E365 =====
query_runner configuration:
  QUERY_DIR         = queries/tpch/sqlstorm_slope/reference/3396.sql
  LOGS_DIR          = logs/slope_sample/warm_stepup/reference_20260921T230207Z  (query_timing_/query_samples_/query_catalog_tpch_idx.csv)
  DB_NAME / DB_USER = tpch_idx / postgres
  PGPORT            = 5434  (server reports 18.4)
  RUN_ID            = BE796BA4CA90E365
  WARMUP            = 2 single-copy warm-ups (the first primes the cache)
  BATCH_SIZES       = 1 2 4 8 16  x RUNS=1 measured batches each
  WORKERS           = (planner default)
  STATEMENT_TIMEOUT = 60
  THERMAL_EQUALISE  = gate (T_LO=55 T_HI=60 preheat<=60s cooldown<=120s)
  sensors           = pkg:/sys/class/hwmon/hwmon8/temp1_input cores:4 cpufreq:8 throttle:8/8
  SIGLESS_ADDR      = (disabled)
Found 1 query under queries/tpch/sqlstorm_slope/reference/3396.sql

[1/1] queries/tpch/sqlstorm_slope/reference/3396.sql (2 warmup + step-up 1 2 4 8 16 x1)
  thermal gate: waited 2s -> 59.0 C
  warmup 1/2: 14.523986 sec (cache prime)
  warmup 2/2: 12.962425 sec
  N=1   batch 1/1: 13.063770 sec, 1 copy (server sum 13004.005 ms)
  N=2   batch 1/1: 25.933830 sec, 2 copies (server sum 25871.108 ms)
  N=4   batch 1/1: 51.621411 sec, 4 copies (server sum 51551.295 ms)
  N=8   batch 1/1: 102.602973 sec, 8 copies (server sum 102523.204 ms)
  N=16  batch 1/1: 204.782192 sec, 16 copies (server sum 204657.466 ms)
  done: 5 sizes x 1 run (0 failures)

Done. Batch rows appended to logs/slope_sample/warm_stepup/reference_20260921T230207Z/query_timing_tpch_idx.csv
Per-copy samples appended to logs/slope_sample/warm_stepup/reference_20260921T230207Z/query_samples_tpch_idx.csv
Last batch ended at epoch 1790073744.418 (PREV_END_EPOCH for the next invocation)
===== [270/280] queries/tpch/sqlstorm_slope/reference/28614.sql run_id=07BE4863F1CC41BB =====
query_runner configuration:
  QUERY_DIR         = queries/tpch/sqlstorm_slope/reference/28614.sql
  LOGS_DIR          = logs/slope_sample/warm_stepup/reference_20260921T230207Z  (query_timing_/query_samples_/query_catalog_tpch_idx.csv)
  DB_NAME / DB_USER = tpch_idx / postgres
  PGPORT            = 5434  (server reports 18.4)
  RUN_ID            = 07BE4863F1CC41BB
  WARMUP            = 2 single-copy warm-ups (the first primes the cache)
  BATCH_SIZES       = 1 2 4 8 16  x RUNS=1 measured batches each
  WORKERS           = (planner default)
  STATEMENT_TIMEOUT = 60
  THERMAL_EQUALISE  = gate (T_LO=55 T_HI=60 preheat<=60s cooldown<=120s)
  sensors           = pkg:/sys/class/hwmon/hwmon8/temp1_input cores:4 cpufreq:8 throttle:8/8
  SIGLESS_ADDR      = (disabled)
Found 1 query under queries/tpch/sqlstorm_slope/reference/28614.sql

[1/1] queries/tpch/sqlstorm_slope/reference/28614.sql (2 warmup + step-up 1 2 4 8 16 x1)
  thermal gate: waited 2s -> 60.0 C
  warmup 1/2: 0.248438 sec (cache prime)
  warmup 2/2: 0.079135 sec
  N=1   batch 1/1: 0.078725 sec, 1 copy (server sum 17.664 ms)
  N=2   batch 1/1: 0.099344 sec, 2 copies (server sum 33.664 ms)
  N=4   batch 1/1: 0.136990 sec, 4 copies (server sum 63.062 ms)
  N=8   batch 1/1: 0.222690 sec, 8 copies (server sum 132.624 ms)
  N=16  batch 1/1: 0.380190 sec, 16 copies (server sum 256.037 ms)
  done: 5 sizes x 1 run (0 failures)

Done. Batch rows appended to logs/slope_sample/warm_stepup/reference_20260921T230207Z/query_timing_tpch_idx.csv
Per-copy samples appended to logs/slope_sample/warm_stepup/reference_20260921T230207Z/query_samples_tpch_idx.csv
Last batch ended at epoch 1790073752.319 (PREV_END_EPOCH for the next invocation)
===== [271/280] queries/tpch/sqlstorm_slope/reference/17087.sql run_id=E2F8A43440EB594F =====
query_runner configuration:
  QUERY_DIR         = queries/tpch/sqlstorm_slope/reference/17087.sql
  LOGS_DIR          = logs/slope_sample/warm_stepup/reference_20260921T230207Z  (query_timing_/query_samples_/query_catalog_tpch_idx.csv)
  DB_NAME / DB_USER = tpch_idx / postgres
  PGPORT            = 5434  (server reports 18.4)
  RUN_ID            = E2F8A43440EB594F
  WARMUP            = 2 single-copy warm-ups (the first primes the cache)
  BATCH_SIZES       = 1 2 4 8 16  x RUNS=1 measured batches each
  WORKERS           = (planner default)
  STATEMENT_TIMEOUT = 60
  THERMAL_EQUALISE  = gate (T_LO=55 T_HI=60 preheat<=60s cooldown<=120s)
  sensors           = pkg:/sys/class/hwmon/hwmon8/temp1_input cores:4 cpufreq:8 throttle:8/8
  SIGLESS_ADDR      = (disabled)
Found 1 query under queries/tpch/sqlstorm_slope/reference/17087.sql

[1/1] queries/tpch/sqlstorm_slope/reference/17087.sql (2 warmup + step-up 1 2 4 8 16 x1)
  warmup 1/2: 2.046730 sec (cache prime)
  warmup 2/2: 0.859284 sec
  N=1   batch 1/1: 0.814354 sec, 1 copy (server sum 757.420 ms)
  N=2   batch 1/1: 1.527916 sec, 2 copies (server sum 1469.542 ms)
  N=4   batch 1/1: 3.011366 sec, 4 copies (server sum 2898.925 ms)
  N=8   batch 1/1: 5.877209 sec, 8 copies (server sum 5758.610 ms)
  N=16  batch 1/1: 11.612300 sec, 16 copies (server sum 11528.896 ms)
  done: 5 sizes x 1 run (0 failures)

Done. Batch rows appended to logs/slope_sample/warm_stepup/reference_20260921T230207Z/query_timing_tpch_idx.csv
Per-copy samples appended to logs/slope_sample/warm_stepup/reference_20260921T230207Z/query_samples_tpch_idx.csv
Last batch ended at epoch 1790073782.431 (PREV_END_EPOCH for the next invocation)
===== [272/280] queries/tpch/sqlstorm_slope/reference/8033.sql run_id=C3626EE323469B0E =====
query_runner configuration:
  QUERY_DIR         = queries/tpch/sqlstorm_slope/reference/8033.sql
  LOGS_DIR          = logs/slope_sample/warm_stepup/reference_20260921T230207Z  (query_timing_/query_samples_/query_catalog_tpch_idx.csv)
  DB_NAME / DB_USER = tpch_idx / postgres
  PGPORT            = 5434  (server reports 18.4)
  RUN_ID            = C3626EE323469B0E
  WARMUP            = 2 single-copy warm-ups (the first primes the cache)
  BATCH_SIZES       = 1 2 4 8 16  x RUNS=1 measured batches each
  WORKERS           = (planner default)
  STATEMENT_TIMEOUT = 60
  THERMAL_EQUALISE  = gate (T_LO=55 T_HI=60 preheat<=60s cooldown<=120s)
  sensors           = pkg:/sys/class/hwmon/hwmon8/temp1_input cores:4 cpufreq:8 throttle:8/8
  SIGLESS_ADDR      = (disabled)
Found 1 query under queries/tpch/sqlstorm_slope/reference/8033.sql

[1/1] queries/tpch/sqlstorm_slope/reference/8033.sql (2 warmup + step-up 1 2 4 8 16 x1)
  thermal gate: waited 2s -> 59.0 C
  warmup 1/2: 3.603433 sec (cache prime)
  warmup 2/2: 1.430719 sec
  N=1   batch 1/1: 1.438721 sec, 1 copy (server sum 1380.759 ms)
  N=2   batch 1/1: 2.833965 sec, 2 copies (server sum 2723.321 ms)
  N=4   batch 1/1: 5.414117 sec, 4 copies (server sum 5349.180 ms)
  N=8   batch 1/1: 10.761358 sec, 8 copies (server sum 10684.315 ms)
  N=16  batch 1/1: 21.565443 sec, 16 copies (server sum 21417.857 ms)
  done: 5 sizes x 1 run (0 failures)

Done. Batch rows appended to logs/slope_sample/warm_stepup/reference_20260921T230207Z/query_timing_tpch_idx.csv
Per-copy samples appended to logs/slope_sample/warm_stepup/reference_20260921T230207Z/query_samples_tpch_idx.csv
Last batch ended at epoch 1790073836.248 (PREV_END_EPOCH for the next invocation)
===== [273/280] queries/tpch/sqlstorm_slope/reference/15598.sql run_id=844EEC24578FA4FC =====
query_runner configuration:
  QUERY_DIR         = queries/tpch/sqlstorm_slope/reference/15598.sql
  LOGS_DIR          = logs/slope_sample/warm_stepup/reference_20260921T230207Z  (query_timing_/query_samples_/query_catalog_tpch_idx.csv)
  DB_NAME / DB_USER = tpch_idx / postgres
  PGPORT            = 5434  (server reports 18.4)
  RUN_ID            = 844EEC24578FA4FC
  WARMUP            = 2 single-copy warm-ups (the first primes the cache)
  BATCH_SIZES       = 1 2 4 8 16  x RUNS=1 measured batches each
  WORKERS           = (planner default)
  STATEMENT_TIMEOUT = 60
  THERMAL_EQUALISE  = gate (T_LO=55 T_HI=60 preheat<=60s cooldown<=120s)
  sensors           = pkg:/sys/class/hwmon/hwmon8/temp1_input cores:4 cpufreq:8 throttle:8/8
  SIGLESS_ADDR      = (disabled)
Found 1 query under queries/tpch/sqlstorm_slope/reference/15598.sql

[1/1] queries/tpch/sqlstorm_slope/reference/15598.sql (2 warmup + step-up 1 2 4 8 16 x1)
  thermal gate: waited 4s -> 60.0 C
  warmup 1/2: 5.618081 sec (cache prime)
  warmup 2/2: 4.959697 sec
  N=1   batch 1/1: 4.835421 sec, 1 copy (server sum 4778.266 ms)
  N=2   batch 1/1: 9.658112 sec, 2 copies (server sum 9599.667 ms)
  N=4   batch 1/1: 19.094729 sec, 4 copies (server sum 19034.200 ms)
  N=8   batch 1/1: 38.055737 sec, 8 copies (server sum 37989.825 ms)
  N=16  batch 1/1: 76.138294 sec, 16 copies (server sum 76038.625 ms)
  done: 5 sizes x 1 run (0 failures)

Done. Batch rows appended to logs/slope_sample/warm_stepup/reference_20260921T230207Z/query_timing_tpch_idx.csv
Per-copy samples appended to logs/slope_sample/warm_stepup/reference_20260921T230207Z/query_samples_tpch_idx.csv
Last batch ended at epoch 1790074003.177 (PREV_END_EPOCH for the next invocation)
===== [274/280] queries/tpch/sqlstorm_slope/reference/2950.sql run_id=8D0DBD9FB483333C =====
query_runner configuration:
  QUERY_DIR         = queries/tpch/sqlstorm_slope/reference/2950.sql
  LOGS_DIR          = logs/slope_sample/warm_stepup/reference_20260921T230207Z  (query_timing_/query_samples_/query_catalog_tpch_idx.csv)
  DB_NAME / DB_USER = tpch_idx / postgres
  PGPORT            = 5434  (server reports 18.4)
  RUN_ID            = 8D0DBD9FB483333C
  WARMUP            = 2 single-copy warm-ups (the first primes the cache)
  BATCH_SIZES       = 1 2 4 8 16  x RUNS=1 measured batches each
  WORKERS           = (planner default)
  STATEMENT_TIMEOUT = 60
  THERMAL_EQUALISE  = gate (T_LO=55 T_HI=60 preheat<=60s cooldown<=120s)
  sensors           = pkg:/sys/class/hwmon/hwmon8/temp1_input cores:4 cpufreq:8 throttle:8/8
  SIGLESS_ADDR      = (disabled)
Found 1 query under queries/tpch/sqlstorm_slope/reference/2950.sql

[1/1] queries/tpch/sqlstorm_slope/reference/2950.sql (2 warmup + step-up 1 2 4 8 16 x1)
  thermal gate: waited 6s -> 60.0 C
  warmup 1/2: 14.105827 sec (cache prime)
  warmup 2/2: 13.026953 sec
  N=1   batch 1/1: 12.838944 sec, 1 copy (server sum 12779.830 ms)
  N=2   batch 1/1: 25.864808 sec, 2 copies (server sum 25802.096 ms)
  N=4   batch 1/1: 50.449307 sec, 4 copies (server sum 50383.617 ms)
  N=8   batch 1/1: 101.972900 sec, 8 copies (server sum 101897.812 ms)
  N=16  batch 1/1: 203.621559 sec, 16 copies (server sum 203527.095 ms)
  done: 5 sizes x 1 run (0 failures)

Done. Batch rows appended to logs/slope_sample/warm_stepup/reference_20260921T230207Z/query_timing_tpch_idx.csv
Per-copy samples appended to logs/slope_sample/warm_stepup/reference_20260921T230207Z/query_samples_tpch_idx.csv
Last batch ended at epoch 1790074435.660 (PREV_END_EPOCH for the next invocation)
===== [275/280] queries/tpch/sqlstorm_slope/reference/5820.sql run_id=8B1443013615BBF2 =====
query_runner configuration:
  QUERY_DIR         = queries/tpch/sqlstorm_slope/reference/5820.sql
  LOGS_DIR          = logs/slope_sample/warm_stepup/reference_20260921T230207Z  (query_timing_/query_samples_/query_catalog_tpch_idx.csv)
  DB_NAME / DB_USER = tpch_idx / postgres
  PGPORT            = 5434  (server reports 18.4)
  RUN_ID            = 8B1443013615BBF2
  WARMUP            = 2 single-copy warm-ups (the first primes the cache)
  BATCH_SIZES       = 1 2 4 8 16  x RUNS=1 measured batches each
  WORKERS           = (planner default)
  STATEMENT_TIMEOUT = 60
  THERMAL_EQUALISE  = gate (T_LO=55 T_HI=60 preheat<=60s cooldown<=120s)
  sensors           = pkg:/sys/class/hwmon/hwmon8/temp1_input cores:4 cpufreq:8 throttle:8/8
  SIGLESS_ADDR      = (disabled)
Found 1 query under queries/tpch/sqlstorm_slope/reference/5820.sql

[1/1] queries/tpch/sqlstorm_slope/reference/5820.sql (2 warmup + step-up 1 2 4 8 16 x1)
  warmup 1/2: 0.669939 sec (cache prime)
  warmup 2/2: 0.354818 sec
  N=1   batch 1/1: 0.355578 sec, 1 copy (server sum 298.365 ms)
  N=2   batch 1/1: 0.662637 sec, 2 copies (server sum 602.084 ms)
  N=4   batch 1/1: 1.256669 sec, 4 copies (server sum 1193.105 ms)
  N=8   batch 1/1: 2.467026 sec, 8 copies (server sum 2394.236 ms)
  N=16  batch 1/1: 4.865610 sec, 16 copies (server sum 4771.989 ms)
  done: 5 sizes x 1 run (0 failures)

Done. Batch rows appended to logs/slope_sample/warm_stepup/reference_20260921T230207Z/query_timing_tpch_idx.csv
Per-copy samples appended to logs/slope_sample/warm_stepup/reference_20260921T230207Z/query_samples_tpch_idx.csv
Last batch ended at epoch 1790074450.900 (PREV_END_EPOCH for the next invocation)
===== [276/280] queries/tpch/sqlstorm_slope/reference/28614.sql run_id=909BE5CC44E0F59F =====
query_runner configuration:
  QUERY_DIR         = queries/tpch/sqlstorm_slope/reference/28614.sql
  LOGS_DIR          = logs/slope_sample/warm_stepup/reference_20260921T230207Z  (query_timing_/query_samples_/query_catalog_tpch_idx.csv)
  DB_NAME / DB_USER = tpch_idx / postgres
  PGPORT            = 5434  (server reports 18.4)
  RUN_ID            = 909BE5CC44E0F59F
  WARMUP            = 2 single-copy warm-ups (the first primes the cache)
  BATCH_SIZES       = 1 2 4 8 16  x RUNS=1 measured batches each
  WORKERS           = (planner default)
  STATEMENT_TIMEOUT = 60
  THERMAL_EQUALISE  = gate (T_LO=55 T_HI=60 preheat<=60s cooldown<=120s)
  sensors           = pkg:/sys/class/hwmon/hwmon8/temp1_input cores:4 cpufreq:8 throttle:8/8
  SIGLESS_ADDR      = (disabled)
Found 1 query under queries/tpch/sqlstorm_slope/reference/28614.sql

[1/1] queries/tpch/sqlstorm_slope/reference/28614.sql (2 warmup + step-up 1 2 4 8 16 x1)
  thermal gate: waited 2s -> 58.0 C
  warmup 1/2: 0.323934 sec (cache prime)
  warmup 2/2: 0.078827 sec
  N=1   batch 1/1: 0.078658 sec, 1 copy (server sum 16.661 ms)
  N=2   batch 1/1: 0.099231 sec, 2 copies (server sum 32.972 ms)
  N=4   batch 1/1: 0.139507 sec, 4 copies (server sum 65.367 ms)
  N=8   batch 1/1: 0.219677 sec, 8 copies (server sum 126.450 ms)
  N=16  batch 1/1: 0.386375 sec, 16 copies (server sum 261.136 ms)
  done: 5 sizes x 1 run (0 failures)

Done. Batch rows appended to logs/slope_sample/warm_stepup/reference_20260921T230207Z/query_timing_tpch_idx.csv
Per-copy samples appended to logs/slope_sample/warm_stepup/reference_20260921T230207Z/query_samples_tpch_idx.csv
Last batch ended at epoch 1790074458.339 (PREV_END_EPOCH for the next invocation)
===== [277/280] queries/tpch/sqlstorm_slope/reference/8033.sql run_id=9762EF45C1E5AF3B =====
query_runner configuration:
  QUERY_DIR         = queries/tpch/sqlstorm_slope/reference/8033.sql
  LOGS_DIR          = logs/slope_sample/warm_stepup/reference_20260921T230207Z  (query_timing_/query_samples_/query_catalog_tpch_idx.csv)
  DB_NAME / DB_USER = tpch_idx / postgres
  PGPORT            = 5434  (server reports 18.4)
  RUN_ID            = 9762EF45C1E5AF3B
  WARMUP            = 2 single-copy warm-ups (the first primes the cache)
  BATCH_SIZES       = 1 2 4 8 16  x RUNS=1 measured batches each
  WORKERS           = (planner default)
  STATEMENT_TIMEOUT = 60
  THERMAL_EQUALISE  = gate (T_LO=55 T_HI=60 preheat<=60s cooldown<=120s)
  sensors           = pkg:/sys/class/hwmon/hwmon8/temp1_input cores:4 cpufreq:8 throttle:8/8
  SIGLESS_ADDR      = (disabled)
Found 1 query under queries/tpch/sqlstorm_slope/reference/8033.sql

[1/1] queries/tpch/sqlstorm_slope/reference/8033.sql (2 warmup + step-up 1 2 4 8 16 x1)
  warmup 1/2: 3.581795 sec (cache prime)
  warmup 2/2: 1.434788 sec
  N=1   batch 1/1: 1.468943 sec, 1 copy (server sum 1410.469 ms)
  N=2   batch 1/1: 2.822928 sec, 2 copies (server sum 2762.985 ms)
  N=4   batch 1/1: 5.467742 sec, 4 copies (server sum 5400.362 ms)
  N=8   batch 1/1: 10.878167 sec, 8 copies (server sum 10702.111 ms)
  N=16  batch 1/1: 21.581107 sec, 16 copies (server sum 21468.434 ms)
  done: 5 sizes x 1 run (0 failures)

Done. Batch rows appended to logs/slope_sample/warm_stepup/reference_20260921T230207Z/query_timing_tpch_idx.csv
Per-copy samples appended to logs/slope_sample/warm_stepup/reference_20260921T230207Z/query_samples_tpch_idx.csv
Last batch ended at epoch 1790074509.847 (PREV_END_EPOCH for the next invocation)
===== [278/280] queries/tpch/sqlstorm_slope/reference/8865.sql run_id=C6D8F0EDE8BA9E19 =====
query_runner configuration:
  QUERY_DIR         = queries/tpch/sqlstorm_slope/reference/8865.sql
  LOGS_DIR          = logs/slope_sample/warm_stepup/reference_20260921T230207Z  (query_timing_/query_samples_/query_catalog_tpch_idx.csv)
  DB_NAME / DB_USER = tpch_idx / postgres
  PGPORT            = 5434  (server reports 18.4)
  RUN_ID            = C6D8F0EDE8BA9E19
  WARMUP            = 2 single-copy warm-ups (the first primes the cache)
  BATCH_SIZES       = 1 2 4 8 16  x RUNS=1 measured batches each
  WORKERS           = (planner default)
  STATEMENT_TIMEOUT = 60
  THERMAL_EQUALISE  = gate (T_LO=55 T_HI=60 preheat<=60s cooldown<=120s)
  sensors           = pkg:/sys/class/hwmon/hwmon8/temp1_input cores:4 cpufreq:8 throttle:8/8
  SIGLESS_ADDR      = (disabled)
Found 1 query under queries/tpch/sqlstorm_slope/reference/8865.sql

[1/1] queries/tpch/sqlstorm_slope/reference/8865.sql (2 warmup + step-up 1 2 4 8 16 x1)
  thermal gate: waited 4s -> 60.0 C
  warmup 1/2: 8.785431 sec (cache prime)
  warmup 2/2: 8.250875 sec
  N=1   batch 1/1: 8.208488 sec, 1 copy (server sum 8150.736 ms)
  N=2   batch 1/1: 16.366962 sec, 2 copies (server sum 16276.435 ms)
  N=4   batch 1/1: 32.709934 sec, 4 copies (server sum 32647.057 ms)
  N=8   batch 1/1: 64.754226 sec, 8 copies (server sum 64673.680 ms)
  N=16  batch 1/1: 129.378284 sec, 16 copies (server sum 129257.418 ms)
  done: 5 sizes x 1 run (0 failures)

Done. Batch rows appended to logs/slope_sample/warm_stepup/reference_20260921T230207Z/query_timing_tpch_idx.csv
Per-copy samples appended to logs/slope_sample/warm_stepup/reference_20260921T230207Z/query_samples_tpch_idx.csv
Last batch ended at epoch 1790074786.733 (PREV_END_EPOCH for the next invocation)
===== [279/280] queries/tpch/sqlstorm_slope/reference/8033.sql run_id=5E31B47AB471AF67 =====
query_runner configuration:
  QUERY_DIR         = queries/tpch/sqlstorm_slope/reference/8033.sql
  LOGS_DIR          = logs/slope_sample/warm_stepup/reference_20260921T230207Z  (query_timing_/query_samples_/query_catalog_tpch_idx.csv)
  DB_NAME / DB_USER = tpch_idx / postgres
  PGPORT            = 5434  (server reports 18.4)
  RUN_ID            = 5E31B47AB471AF67
  WARMUP            = 2 single-copy warm-ups (the first primes the cache)
  BATCH_SIZES       = 1 2 4 8 16  x RUNS=1 measured batches each
  WORKERS           = (planner default)
  STATEMENT_TIMEOUT = 60
  THERMAL_EQUALISE  = gate (T_LO=55 T_HI=60 preheat<=60s cooldown<=120s)
  sensors           = pkg:/sys/class/hwmon/hwmon8/temp1_input cores:4 cpufreq:8 throttle:8/8
  SIGLESS_ADDR      = (disabled)
Found 1 query under queries/tpch/sqlstorm_slope/reference/8033.sql

[1/1] queries/tpch/sqlstorm_slope/reference/8033.sql (2 warmup + step-up 1 2 4 8 16 x1)
  thermal gate: pre-heated 5s -> 60.0 C
  warmup 1/2: 3.582096 sec (cache prime)
  warmup 2/2: 1.444959 sec
  N=1   batch 1/1: 1.466026 sec, 1 copy (server sum 1393.576 ms)
  N=2   batch 1/1: 2.773686 sec, 2 copies (server sum 2710.456 ms)
  N=4   batch 1/1: 5.471105 sec, 4 copies (server sum 5386.731 ms)
  N=8   batch 1/1: 10.826524 sec, 8 copies (server sum 10744.029 ms)
  N=16  batch 1/1: 21.526619 sec, 16 copies (server sum 21428.111 ms)
  done: 5 sizes x 1 run (0 failures)

Done. Batch rows appended to logs/slope_sample/warm_stepup/reference_20260921T230207Z/query_timing_tpch_idx.csv
Per-copy samples appended to logs/slope_sample/warm_stepup/reference_20260921T230207Z/query_samples_tpch_idx.csv
Last batch ended at epoch 1790074843.245 (PREV_END_EPOCH for the next invocation)
===== [280/280] queries/tpch/sqlstorm_slope/reference/5116.sql run_id=C7B85E17A52146BE =====
query_runner configuration:
  QUERY_DIR         = queries/tpch/sqlstorm_slope/reference/5116.sql
  LOGS_DIR          = logs/slope_sample/warm_stepup/reference_20260921T230207Z  (query_timing_/query_samples_/query_catalog_tpch_idx.csv)
  DB_NAME / DB_USER = tpch_idx / postgres
  PGPORT            = 5434  (server reports 18.4)
  RUN_ID            = C7B85E17A52146BE
  WARMUP            = 2 single-copy warm-ups (the first primes the cache)
  BATCH_SIZES       = 1 2 4 8 16  x RUNS=1 measured batches each
  WORKERS           = (planner default)
  STATEMENT_TIMEOUT = 60
  THERMAL_EQUALISE  = gate (T_LO=55 T_HI=60 preheat<=60s cooldown<=120s)
  sensors           = pkg:/sys/class/hwmon/hwmon8/temp1_input cores:4 cpufreq:8 throttle:8/8
  SIGLESS_ADDR      = (disabled)
Found 1 query under queries/tpch/sqlstorm_slope/reference/5116.sql

[1/1] queries/tpch/sqlstorm_slope/reference/5116.sql (2 warmup + step-up 1 2 4 8 16 x1)
  thermal gate: waited 2s -> 59.0 C
  warmup 1/2: 8.556275 sec (cache prime)
  warmup 2/2: 5.653333 sec
  N=1   batch 1/1: 5.694385 sec, 1 copy (server sum 5588.654 ms)
  N=2   batch 1/1: 11.216504 sec, 2 copies (server sum 11057.200 ms)
  N=4   batch 1/1: 22.075082 sec, 4 copies (server sum 22009.096 ms)
  N=8   batch 1/1: 44.114979 sec, 8 copies (server sum 43936.849 ms)
  N=16  batch 1/1: 87.862523 sec, 16 copies (server sum 87658.194 ms)
  done: 5 sizes x 1 run (0 failures)

Done. Batch rows appended to logs/slope_sample/warm_stepup/reference_20260921T230207Z/query_timing_tpch_idx.csv
Per-copy samples appended to logs/slope_sample/warm_stepup/reference_20260921T230207Z/query_samples_tpch_idx.csv
Last batch ended at epoch 1790075034.895 (PREV_END_EPOCH for the next invocation)
