timestamp_utc,run_id,pg_version,query,phase,batch_index,copy_index,batchnum,runs,server_planning_ms,server_execution_ms,plan_nodes,scan_nodes,rows_out,rows_processed,rows_estimated,bytes_processed,rows_removed_filter,workers_launched,relations,shared_hit_blks,shared_read_blks,shared_dirtied_blks,shared_written_blks,temp_read_blks,temp_written_blks,failed
2026-08-12T10:07:56Z,49472BC5FD3EF57F,18.4,queries/tpch/tpch-queries/q01/base.sql,warmup,1,1,1,3,12.024,2211.446,5,1,4,5916631,6,147924215,28208,2,lineitem,14,112600,0,0,0,0,0
2026-08-12T10:07:58Z,49472BC5FD3EF57F,18.4,queries/tpch/tpch-queries/q01/base.sql,warmup,2,1,1,3,0.779,2025.405,5,1,4,5916631,6,147924215,28208,2,lineitem,296,112318,0,0,0,0,0
2026-08-12T10:08:08Z,49472BC5FD3EF57F,18.4,queries/tpch/tpch-queries/q01/base.sql,measured,1,1,5,3,0.925,2017.024,5,1,4,5916631,6,147924215,28208,2,lineitem,578,112036,0,0,0,0,0
2026-08-12T10:08:08Z,49472BC5FD3EF57F,18.4,queries/tpch/tpch-queries/q01/base.sql,measured,1,2,5,3,0.174,2015.880,5,1,4,5916631,6,147924215,28208,2,lineitem,860,111754,0,0,0,0,0
2026-08-12T10:08:08Z,49472BC5FD3EF57F,18.4,queries/tpch/tpch-queries/q01/base.sql,measured,1,3,5,3,0.167,2044.285,5,1,4,5916631,6,147924215,28208,2,lineitem,1142,111472,0,0,0,0,0
2026-08-12T10:08:08Z,49472BC5FD3EF57F,18.4,queries/tpch/tpch-queries/q01/base.sql,measured,1,4,5,3,0.177,2019.565,5,1,4,5916631,6,147924215,28208,2,lineitem,1424,111190,0,0,0,0,0
2026-08-12T10:08:08Z,49472BC5FD3EF57F,18.4,queries/tpch/tpch-queries/q01/base.sql,measured,1,5,5,3,0.162,1996.323,5,1,4,5916631,6,147924215,28208,2,lineitem,1706,110908,0,0,0,0,0
2026-08-12T10:08:19Z,49472BC5FD3EF57F,18.4,queries/tpch/tpch-queries/q01/base.sql,measured,2,1,5,3,1.948,2041.243,5,1,4,5916631,6,147924215,28208,2,lineitem,1988,110626,0,0,0,0,0
2026-08-12T10:08:19Z,49472BC5FD3EF57F,18.4,queries/tpch/tpch-queries/q01/base.sql,measured,2,2,5,3,0.163,2021.740,5,1,4,5916631,6,147924215,28208,2,lineitem,2270,110344,0,0,0,0,0
2026-08-12T10:08:19Z,49472BC5FD3EF57F,18.4,queries/tpch/tpch-queries/q01/base.sql,measured,2,3,5,3,0.164,2031.328,5,1,4,5916631,6,147924215,28208,2,lineitem,2552,110062,0,0,0,0,0
2026-08-12T10:08:19Z,49472BC5FD3EF57F,18.4,queries/tpch/tpch-queries/q01/base.sql,measured,2,4,5,3,0.180,2035.217,5,1,4,5916631,6,147924215,28208,2,lineitem,2834,109780,0,0,0,0,0
2026-08-12T10:08:19Z,49472BC5FD3EF57F,18.4,queries/tpch/tpch-queries/q01/base.sql,measured,2,5,5,3,0.160,2035.292,5,1,4,5916631,6,147924215,28208,2,lineitem,3116,109498,0,0,0,0,0
2026-08-12T10:08:29Z,49472BC5FD3EF57F,18.4,queries/tpch/tpch-queries/q01/base.sql,measured,3,1,5,3,1.506,2002.327,5,1,4,5916631,6,147924215,28208,2,lineitem,3398,109216,0,0,0,0,0
2026-08-12T10:08:29Z,49472BC5FD3EF57F,18.4,queries/tpch/tpch-queries/q01/base.sql,measured,3,2,5,3,0.166,2035.371,5,1,4,5916631,6,147924215,28208,2,lineitem,3680,108934,0,0,0,0,0
2026-08-12T10:08:29Z,49472BC5FD3EF57F,18.4,queries/tpch/tpch-queries/q01/base.sql,measured,3,3,5,3,0.159,2036.866,5,1,4,5916631,6,147924215,28208,2,lineitem,3962,108652,0,0,0,0,0
2026-08-12T10:08:29Z,49472BC5FD3EF57F,18.4,queries/tpch/tpch-queries/q01/base.sql,measured,3,4,5,3,0.158,2035.575,5,1,4,5916631,6,147924215,28208,2,lineitem,4244,108370,0,0,0,0,0
2026-08-12T10:08:29Z,49472BC5FD3EF57F,18.4,queries/tpch/tpch-queries/q01/base.sql,measured,3,5,5,3,0.160,2014.442,5,1,4,5916631,6,147924215,28208,2,lineitem,4526,108088,0,0,0,0,0
2026-08-12T10:08:31Z,49472BC5FD3EF57F,18.4,queries/tpch/tpch-queries/q01/v1_materialized.sql,warmup,1,1,1,3,1.339,2037.380,6,2,4,5916635,6,147925207,28208,2,_m;lineitem,4808,107806,0,0,0,0,0
2026-08-12T10:08:33Z,49472BC5FD3EF57F,18.4,queries/tpch/tpch-queries/q01/v1_materialized.sql,warmup,2,1,1,3,0.874,2000.175,6,2,4,5916635,6,147925207,28208,2,_m;lineitem,5090,107524,0,0,0,0,0
2026-08-12T10:08:43Z,49472BC5FD3EF57F,18.4,queries/tpch/tpch-queries/q01/v1_materialized.sql,measured,1,1,5,3,0.847,2076.646,6,2,4,5916635,6,147925207,28208,2,_m;lineitem,5372,107242,0,0,0,0,0
2026-08-12T10:08:43Z,49472BC5FD3EF57F,18.4,queries/tpch/tpch-queries/q01/v1_materialized.sql,measured,1,2,5,3,0.202,2021.050,6,2,4,5916635,6,147925207,28208,2,_m;lineitem,5654,106960,0,0,0,0,0
2026-08-12T10:08:43Z,49472BC5FD3EF57F,18.4,queries/tpch/tpch-queries/q01/v1_materialized.sql,measured,1,3,5,3,0.199,2017.041,6,2,4,5916635,6,147925207,28208,2,_m;lineitem,5936,106678,0,0,0,0,0
2026-08-12T10:08:43Z,49472BC5FD3EF57F,18.4,queries/tpch/tpch-queries/q01/v1_materialized.sql,measured,1,4,5,3,0.181,2021.125,6,2,4,5916635,6,147925207,28208,2,_m;lineitem,6218,106396,0,0,0,0,0
2026-08-12T10:08:43Z,49472BC5FD3EF57F,18.4,queries/tpch/tpch-queries/q01/v1_materialized.sql,measured,1,5,5,3,0.184,2012.107,6,2,4,5916635,6,147925207,28208,2,_m;lineitem,6500,106114,0,0,0,0,0
2026-08-12T10:08:53Z,49472BC5FD3EF57F,18.4,queries/tpch/tpch-queries/q01/v1_materialized.sql,measured,2,1,5,3,1.291,2020.944,6,2,4,5916635,6,147925207,28208,2,_m;lineitem,6782,105832,0,0,0,0,0
2026-08-12T10:08:53Z,49472BC5FD3EF57F,18.4,queries/tpch/tpch-queries/q01/v1_materialized.sql,measured,2,2,5,3,0.190,2041.976,6,2,4,5916635,6,147925207,28208,2,_m;lineitem,7064,105550,0,0,0,0,0
2026-08-12T10:08:53Z,49472BC5FD3EF57F,18.4,queries/tpch/tpch-queries/q01/v1_materialized.sql,measured,2,3,5,3,0.197,2030.764,6,2,4,5916635,6,147925207,28208,2,_m;lineitem,7346,105268,0,0,0,0,0
2026-08-12T10:08:53Z,49472BC5FD3EF57F,18.4,queries/tpch/tpch-queries/q01/v1_materialized.sql,measured,2,4,5,3,0.194,2047.272,6,2,4,5916635,6,147925207,28208,2,_m;lineitem,7628,104986,0,0,0,0,0
2026-08-12T10:08:53Z,49472BC5FD3EF57F,18.4,queries/tpch/tpch-queries/q01/v1_materialized.sql,measured,2,5,5,3,0.195,1998.767,6,2,4,5916635,6,147925207,28208,2,_m;lineitem,7910,104704,0,0,0,0,0
2026-08-12T10:09:04Z,49472BC5FD3EF57F,18.4,queries/tpch/tpch-queries/q01/v1_materialized.sql,measured,3,1,5,3,0.866,2033.261,6,2,4,5916635,6,147925207,28208,2,_m;lineitem,8192,104422,0,0,0,0,0
2026-08-12T10:09:04Z,49472BC5FD3EF57F,18.4,queries/tpch/tpch-queries/q01/v1_materialized.sql,measured,3,2,5,3,0.185,2021.174,6,2,4,5916635,6,147925207,28208,2,_m;lineitem,8474,104140,0,0,0,0,0
2026-08-12T10:09:04Z,49472BC5FD3EF57F,18.4,queries/tpch/tpch-queries/q01/v1_materialized.sql,measured,3,3,5,3,0.180,2026.415,6,2,4,5916635,6,147925207,28208,2,_m;lineitem,8756,103858,0,0,0,0,0
2026-08-12T10:09:04Z,49472BC5FD3EF57F,18.4,queries/tpch/tpch-queries/q01/v1_materialized.sql,measured,3,4,5,3,0.196,2031.317,6,2,4,5916635,6,147925207,28208,2,_m;lineitem,9038,103576,0,0,0,0,0
2026-08-12T10:09:04Z,49472BC5FD3EF57F,18.4,queries/tpch/tpch-queries/q01/v1_materialized.sql,measured,3,5,5,3,0.181,2023.853,6,2,4,5916635,6,147925207,28208,2,_m;lineitem,9320,103294,0,0,0,0,0
2026-08-12T10:09:05Z,49472BC5FD3EF57F,18.4,queries/tpch/tpch-queries/q02/base.sql,warmup,1,1,1,3,18.177,719.589,23,10,100,521979,1,59100592,3168,0,part;ixtest_part_size;supplier;nation;region;partsupp,164637,33326,0,0,3359,3359,0
2026-08-12T10:09:05Z,49472BC5FD3EF57F,18.4,queries/tpch/tpch-queries/q02/base.sql,warmup,2,1,1,3,2.419,369.572,23,10,100,521979,1,59100592,3168,0,part;ixtest_part_size;supplier;nation;region;partsupp,171643,26320,0,0,3359,3359,0
2026-08-12T10:09:07Z,49472BC5FD3EF57F,18.4,queries/tpch/tpch-queries/q02/base.sql,measured,1,1,5,3,2.399,311.671,23,10,100,521979,1,59100592,3168,0,part;ixtest_part_size;supplier;nation;region;partsupp,171700,26263,0,0,3359,3359,0
2026-08-12T10:09:07Z,49472BC5FD3EF57F,18.4,queries/tpch/tpch-queries/q02/base.sql,measured,1,2,5,3,1.020,290.178,23,10,100,521979,1,59100592,3168,0,part;ixtest_part_size;supplier;nation;region;partsupp,171507,26447,0,0,3359,3359,0
2026-08-12T10:09:07Z,49472BC5FD3EF57F,18.4,queries/tpch/tpch-queries/q02/base.sql,measured,1,3,5,3,0.953,293.607,23,10,100,521979,1,59100592,3168,0,part;ixtest_part_size;supplier;nation;region;partsupp,171543,26411,0,0,3359,3359,0
2026-08-12T10:09:07Z,49472BC5FD3EF57F,18.4,queries/tpch/tpch-queries/q02/base.sql,measured,1,4,5,3,0.966,302.014,23,10,100,521979,1,59100592,3168,0,part;ixtest_part_size;supplier;nation;region;partsupp,171937,26017,0,0,3359,3359,0
2026-08-12T10:09:07Z,49472BC5FD3EF57F,18.4,queries/tpch/tpch-queries/q02/base.sql,measured,1,5,5,3,0.972,292.520,23,10,100,521979,1,59100592,3168,0,part;ixtest_part_size;supplier;nation;region;partsupp,171413,26541,0,0,3359,3359,0
2026-08-12T10:09:08Z,49472BC5FD3EF57F,18.4,queries/tpch/tpch-queries/q02/base.sql,measured,2,1,5,3,2.396,316.352,23,10,100,521979,1,59100592,3168,0,part;ixtest_part_size;supplier;nation;region;partsupp,171305,26658,0,0,3359,3359,0
2026-08-12T10:09:08Z,49472BC5FD3EF57F,18.4,queries/tpch/tpch-queries/q02/base.sql,measured,2,2,5,3,0.975,292.872,23,10,100,521979,1,59100592,3168,0,part;ixtest_part_size;supplier;nation;region;partsupp,171897,26057,0,0,3359,3359,0
2026-08-12T10:09:08Z,49472BC5FD3EF57F,18.4,queries/tpch/tpch-queries/q02/base.sql,measured,2,3,5,3,0.958,287.374,23,10,100,521979,1,59100592,3168,0,part;ixtest_part_size;supplier;nation;region;partsupp,171411,26543,0,0,3359,3359,0
2026-08-12T10:09:08Z,49472BC5FD3EF57F,18.4,queries/tpch/tpch-queries/q02/base.sql,measured,2,4,5,3,0.963,280.098,23,10,100,521979,1,59100592,3168,0,part;ixtest_part_size;supplier;nation;region;partsupp,171589,26365,0,0,3359,3359,0
2026-08-12T10:09:08Z,49472BC5FD3EF57F,18.4,queries/tpch/tpch-queries/q02/base.sql,measured,2,5,5,3,0.940,278.024,23,10,100,521979,1,59100592,3168,0,part;ixtest_part_size;supplier;nation;region;partsupp,171817,26137,0,0,3359,3359,0
2026-08-12T10:09:10Z,49472BC5FD3EF57F,18.4,queries/tpch/tpch-queries/q02/base.sql,measured,3,1,5,3,2.440,303.379,23,10,100,521979,1,59100592,3168,0,part;ixtest_part_size;supplier;nation;region;partsupp,171198,26765,0,0,3359,3359,0
2026-08-12T10:09:10Z,49472BC5FD3EF57F,18.4,queries/tpch/tpch-queries/q02/base.sql,measured,3,2,5,3,0.997,281.660,23,10,100,521979,1,59100592,3168,0,part;ixtest_part_size;supplier;nation;region;partsupp,171605,26349,0,0,3359,3359,0
2026-08-12T10:09:10Z,49472BC5FD3EF57F,18.4,queries/tpch/tpch-queries/q02/base.sql,measured,3,3,5,3,0.991,284.393,23,10,100,521979,1,59100592,3168,0,part;ixtest_part_size;supplier;nation;region;partsupp,171795,26159,0,0,3359,3359,0
2026-08-12T10:09:10Z,49472BC5FD3EF57F,18.4,queries/tpch/tpch-queries/q02/base.sql,measured,3,4,5,3,0.966,302.760,23,10,100,521979,1,59100592,3168,0,part;ixtest_part_size;supplier;nation;region;partsupp,171464,26490,0,0,3359,3359,0
2026-08-12T10:09:10Z,49472BC5FD3EF57F,18.4,queries/tpch/tpch-queries/q02/base.sql,measured,3,5,5,3,0.955,282.369,23,10,100,521979,1,59100592,3168,0,part;ixtest_part_size;supplier;nation;region;partsupp,171516,26438,0,0,3359,3359,0
2026-08-12T10:09:10Z,49472BC5FD3EF57F,18.4,queries/tpch/tpch-queries/q02/v1_materialized.sql,warmup,1,1,1,3,2.320,424.390,24,12,100,516404,1,58380442,3168,0,part;ixtest_part_size;nation;region;supplier;ixtest_supplier_nationkey;partsupp;_m,173600,25099,0,0,3359,3359,0
2026-08-12T10:09:11Z,49472BC5FD3EF57F,18.4,queries/tpch/tpch-queries/q02/v1_materialized.sql,warmup,2,1,1,3,2.306,348.488,24,12,100,516404,1,58380442,3168,0,part;ixtest_part_size;nation;region;supplier;ixtest_supplier_nationkey;partsupp;_m,172696,26003,0,0,3359,3359,0
2026-08-12T10:09:12Z,49472BC5FD3EF57F,18.4,queries/tpch/tpch-queries/q02/v1_materialized.sql,measured,1,1,5,3,2.241,348.809,24,12,100,516404,1,58380442,3168,0,part;ixtest_part_size;nation;region;supplier;ixtest_supplier_nationkey;partsupp;_m,172216,26483,0,0,3359,3359,0
2026-08-12T10:09:12Z,49472BC5FD3EF57F,18.4,queries/tpch/tpch-queries/q02/v1_materialized.sql,measured,1,2,5,3,0.861,335.232,24,12,100,516404,1,58380442,3168,0,part;ixtest_part_size;nation;region;supplier;ixtest_supplier_nationkey;partsupp;_m,172937,25753,0,0,3359,3359,0
2026-08-12T10:09:12Z,49472BC5FD3EF57F,18.4,queries/tpch/tpch-queries/q02/v1_materialized.sql,measured,1,3,5,3,0.875,324.638,24,12,100,516404,1,58380442,3168,0,part;ixtest_part_size;nation;region;supplier;ixtest_supplier_nationkey;partsupp;_m,173201,25489,0,0,3359,3359,0
2026-08-12T10:09:12Z,49472BC5FD3EF57F,18.4,queries/tpch/tpch-queries/q02/v1_materialized.sql,measured,1,4,5,3,0.840,320.456,24,12,100,516404,1,58380442,3168,0,part;ixtest_part_size;nation;region;supplier;ixtest_supplier_nationkey;partsupp;_m,172847,25843,0,0,3359,3359,0
2026-08-12T10:09:12Z,49472BC5FD3EF57F,18.4,queries/tpch/tpch-queries/q02/v1_materialized.sql,measured,1,5,5,3,0.830,315.791,24,12,100,516404,1,58380442,3168,0,part;ixtest_part_size;nation;region;supplier;ixtest_supplier_nationkey;partsupp;_m,173008,25682,0,0,3359,3359,0
2026-08-12T10:09:14Z,49472BC5FD3EF57F,18.4,queries/tpch/tpch-queries/q02/v1_materialized.sql,measured,2,1,5,3,2.372,349.197,24,12,100,516404,1,58380442,3168,0,part;ixtest_part_size;nation;region;supplier;ixtest_supplier_nationkey;partsupp;_m,172581,26118,0,0,3359,3359,0
2026-08-12T10:09:14Z,49472BC5FD3EF57F,18.4,queries/tpch/tpch-queries/q02/v1_materialized.sql,measured,2,2,5,3,0.862,326.249,24,12,100,516404,1,58380442,3168,0,part;ixtest_part_size;nation;region;supplier;ixtest_supplier_nationkey;partsupp;_m,172977,25713,0,0,3359,3359,0
2026-08-12T10:09:14Z,49472BC5FD3EF57F,18.4,queries/tpch/tpch-queries/q02/v1_materialized.sql,measured,2,3,5,3,0.834,328.149,24,12,100,516404,1,58380442,3168,0,part;ixtest_part_size;nation;region;supplier;ixtest_supplier_nationkey;partsupp;_m,173043,25647,0,0,3359,3359,0
2026-08-12T10:09:14Z,49472BC5FD3EF57F,18.4,queries/tpch/tpch-queries/q02/v1_materialized.sql,measured,2,4,5,3,0.819,324.068,24,12,100,516404,1,58380442,3168,0,part;ixtest_part_size;nation;region;supplier;ixtest_supplier_nationkey;partsupp;_m,173113,25577,0,0,3359,3359,0
2026-08-12T10:09:14Z,49472BC5FD3EF57F,18.4,queries/tpch/tpch-queries/q02/v1_materialized.sql,measured,2,5,5,3,0.814,326.314,24,12,100,516404,1,58380442,3168,0,part;ixtest_part_size;nation;region;supplier;ixtest_supplier_nationkey;partsupp;_m,172855,25835,0,0,3359,3359,0
2026-08-12T10:09:16Z,49472BC5FD3EF57F,18.4,queries/tpch/tpch-queries/q02/v1_materialized.sql,measured,3,1,5,3,2.406,342.414,24,12,100,516404,1,58380442,3168,0,part;ixtest_part_size;nation;region;supplier;ixtest_supplier_nationkey;partsupp;_m,172448,26251,0,0,3359,3359,0
2026-08-12T10:09:16Z,49472BC5FD3EF57F,18.4,queries/tpch/tpch-queries/q02/v1_materialized.sql,measured,3,2,5,3,0.879,318.540,24,12,100,516404,1,58380442,3168,0,part;ixtest_part_size;nation;region;supplier;ixtest_supplier_nationkey;partsupp;_m,173189,25501,0,0,3359,3359,0
2026-08-12T10:09:16Z,49472BC5FD3EF57F,18.4,queries/tpch/tpch-queries/q02/v1_materialized.sql,measured,3,3,5,3,0.874,319.420,24,12,100,516404,1,58380442,3168,0,part;ixtest_part_size;nation;region;supplier;ixtest_supplier_nationkey;partsupp;_m,172925,25765,0,0,3359,3359,0
2026-08-12T10:09:16Z,49472BC5FD3EF57F,18.4,queries/tpch/tpch-queries/q02/v1_materialized.sql,measured,3,4,5,3,0.828,317.439,24,12,100,516404,1,58380442,3168,0,part;ixtest_part_size;nation;region;supplier;ixtest_supplier_nationkey;partsupp;_m,172951,25739,0,0,3359,3359,0
2026-08-12T10:09:16Z,49472BC5FD3EF57F,18.4,queries/tpch/tpch-queries/q02/v1_materialized.sql,measured,3,5,5,3,0.818,314.915,24,12,100,516404,1,58380442,3168,0,part;ixtest_part_size;nation;region;supplier;ixtest_supplier_nationkey;partsupp;_m,173164,25526,0,0,3359,3359,0
2026-08-12T10:09:16Z,49472BC5FD3EF57F,18.4,queries/tpch/tpch-queries/q02/v2_decorrelate.sql,warmup,1,1,1,3,3.366,345.877,25,11,100,452023,1,8826712,3171,0,region;nation;supplier;ixtest_supplier_nationkey;partsupp;part;ixtest_part_size,147253,24455,0,0,257,607,0
2026-08-12T10:09:17Z,49472BC5FD3EF57F,18.4,queries/tpch/tpch-queries/q02/v2_decorrelate.sql,warmup,2,1,1,3,3.279,342.204,25,11,100,452023,1,8826712,3171,0,region;nation;supplier;ixtest_supplier_nationkey;partsupp;part;ixtest_part_size,146223,25485,0,0,257,607,0
2026-08-12T10:09:18Z,49472BC5FD3EF57F,18.4,queries/tpch/tpch-queries/q02/v2_decorrelate.sql,measured,1,1,5,3,3.184,344.186,25,11,100,452023,1,8826712,3171,0,region;nation;supplier;ixtest_supplier_nationkey;partsupp;part;ixtest_part_size,146332,25376,0,0,257,607,0
2026-08-12T10:09:18Z,49472BC5FD3EF57F,18.4,queries/tpch/tpch-queries/q02/v2_decorrelate.sql,measured,1,2,5,3,1.632,334.203,25,11,100,452023,1,8826712,3171,0,region;nation;supplier;ixtest_supplier_nationkey;partsupp;part;ixtest_part_size,146345,25354,0,0,257,607,0
2026-08-12T10:09:18Z,49472BC5FD3EF57F,18.4,queries/tpch/tpch-queries/q02/v2_decorrelate.sql,measured,1,3,5,3,1.614,326.807,25,11,100,452023,1,8826712,3171,0,region;nation;supplier;ixtest_supplier_nationkey;partsupp;part;ixtest_part_size,146081,25618,0,0,257,607,0
2026-08-12T10:09:18Z,49472BC5FD3EF57F,18.4,queries/tpch/tpch-queries/q02/v2_decorrelate.sql,measured,1,4,5,3,1.612,317.474,25,11,100,452023,1,8826712,3171,0,region;nation;supplier;ixtest_supplier_nationkey;partsupp;part;ixtest_part_size,146317,25382,0,0,257,607,0
2026-08-12T10:09:18Z,49472BC5FD3EF57F,18.4,queries/tpch/tpch-queries/q02/v2_decorrelate.sql,measured,1,5,5,3,1.607,314.059,25,11,100,452023,1,8826712,3171,0,region;nation;supplier;ixtest_supplier_nationkey;partsupp;part;ixtest_part_size,146558,25141,0,0,257,607,0
2026-08-12T10:09:20Z,49472BC5FD3EF57F,18.4,queries/tpch/tpch-queries/q02/v2_decorrelate.sql,measured,2,1,5,3,3.170,330.839,25,11,100,452023,1,8826712,3171,0,region;nation;supplier;ixtest_supplier_nationkey;partsupp;part;ixtest_part_size,146227,25481,0,0,257,607,0
2026-08-12T10:09:20Z,49472BC5FD3EF57F,18.4,queries/tpch/tpch-queries/q02/v2_decorrelate.sql,measured,2,2,5,3,1.632,324.691,25,11,100,452023,1,8826712,3171,0,region;nation;supplier;ixtest_supplier_nationkey;partsupp;part;ixtest_part_size,145995,25704,0,0,257,607,0
2026-08-12T10:09:20Z,49472BC5FD3EF57F,18.4,queries/tpch/tpch-queries/q02/v2_decorrelate.sql,measured,2,3,5,3,1.607,322.946,25,11,100,452023,1,8826712,3171,0,region;nation;supplier;ixtest_supplier_nationkey;partsupp;part;ixtest_part_size,146224,25475,0,0,257,607,0
2026-08-12T10:09:20Z,49472BC5FD3EF57F,18.4,queries/tpch/tpch-queries/q02/v2_decorrelate.sql,measured,2,4,5,3,1.587,317.913,25,11,100,452023,1,8826712,3171,0,region;nation;supplier;ixtest_supplier_nationkey;partsupp;part;ixtest_part_size,146516,25183,0,0,257,607,0
2026-08-12T10:09:20Z,49472BC5FD3EF57F,18.4,queries/tpch/tpch-queries/q02/v2_decorrelate.sql,measured,2,5,5,3,1.581,320.838,25,11,100,452023,1,8826712,3171,0,region;nation;supplier;ixtest_supplier_nationkey;partsupp;part;ixtest_part_size,146365,25334,0,0,257,607,0
2026-08-12T10:09:22Z,49472BC5FD3EF57F,18.4,queries/tpch/tpch-queries/q02/v2_decorrelate.sql,measured,3,1,5,3,3.193,346.012,25,11,100,452023,1,8826712,3171,0,region;nation;supplier;ixtest_supplier_nationkey;partsupp;part;ixtest_part_size,145853,25855,0,0,257,607,0
2026-08-12T10:09:22Z,49472BC5FD3EF57F,18.4,queries/tpch/tpch-queries/q02/v2_decorrelate.sql,measured,3,2,5,3,1.628,321.406,25,11,100,452023,1,8826712,3171,0,region;nation;supplier;ixtest_supplier_nationkey;partsupp;part;ixtest_part_size,146194,25505,0,0,257,607,0
2026-08-12T10:09:22Z,49472BC5FD3EF57F,18.4,queries/tpch/tpch-queries/q02/v2_decorrelate.sql,measured,3,3,5,3,1.611,329.422,25,11,100,452023,1,8826712,3171,0,region;nation;supplier;ixtest_supplier_nationkey;partsupp;part;ixtest_part_size,146471,25228,0,0,257,607,0
2026-08-12T10:09:22Z,49472BC5FD3EF57F,18.4,queries/tpch/tpch-queries/q02/v2_decorrelate.sql,measured,3,4,5,3,1.623,321.233,25,11,100,452023,1,8826712,3171,0,region;nation;supplier;ixtest_supplier_nationkey;partsupp;part;ixtest_part_size,146362,25337,0,0,257,607,0
2026-08-12T10:09:22Z,49472BC5FD3EF57F,18.4,queries/tpch/tpch-queries/q02/v2_decorrelate.sql,measured,3,5,5,3,1.584,316.995,25,11,100,452023,1,8826712,3171,0,region;nation;supplier;ixtest_supplier_nationkey;partsupp;part;ixtest_part_size,146044,25655,0,0,257,607,0
2026-08-12T10:09:23Z,49472BC5FD3EF57F,18.4,queries/tpch/tpch-queries/q03/base.sql,warmup,1,1,1,3,16.934,696.593,12,4,10,1068052,10,16353048,257569,2,orders;customer;ixtest_customer_mktseg;lineitem,501681,124969,0,0,0,0,0
2026-08-12T10:09:23Z,49472BC5FD3EF57F,18.4,queries/tpch/tpch-queries/q03/base.sql,warmup,2,1,1,3,1.694,456.597,12,4,10,1068052,10,16353048,257569,2,orders;customer;ixtest_customer_mktseg;lineitem,501681,124969,0,0,0,0,0
2026-08-12T10:09:26Z,49472BC5FD3EF57F,18.4,queries/tpch/tpch-queries/q03/base.sql,measured,1,1,5,3,2.012,455.286,12,4,10,1068053,10,16353052,257569,2,orders;customer;ixtest_customer_mktseg;lineitem,501681,124969,0,0,0,0,0
2026-08-12T10:09:26Z,49472BC5FD3EF57F,18.4,queries/tpch/tpch-queries/q03/base.sql,measured,1,2,5,3,0.485,437.769,12,4,10,1068052,10,16353048,257569,2,orders;customer;ixtest_customer_mktseg;lineitem,501675,124972,0,0,0,0,0
2026-08-12T10:09:26Z,49472BC5FD3EF57F,18.4,queries/tpch/tpch-queries/q03/base.sql,measured,1,3,5,3,0.498,422.051,12,4,10,1068053,10,16353052,257569,2,orders;customer;ixtest_customer_mktseg;lineitem,501675,124972,0,0,0,0,0
2026-08-12T10:09:26Z,49472BC5FD3EF57F,18.4,queries/tpch/tpch-queries/q03/base.sql,measured,1,4,5,3,0.490,434.216,12,4,10,1068052,10,16353048,257569,2,orders;customer;ixtest_customer_mktseg;lineitem,501675,124972,0,0,0,0,0
2026-08-12T10:09:26Z,49472BC5FD3EF57F,18.4,queries/tpch/tpch-queries/q03/base.sql,measured,1,5,5,3,0.491,433.389,12,4,10,1068052,10,16353048,257569,2,orders;customer;ixtest_customer_mktseg;lineitem,501675,124972,0,0,0,0,0
2026-08-12T10:09:28Z,49472BC5FD3EF57F,18.4,queries/tpch/tpch-queries/q03/base.sql,measured,2,1,5,3,2.549,448.726,12,4,10,1068053,10,16353052,257569,2,orders;customer;ixtest_customer_mktseg;lineitem,501681,124969,0,0,0,0,0
2026-08-12T10:09:28Z,49472BC5FD3EF57F,18.4,queries/tpch/tpch-queries/q03/base.sql,measured,2,2,5,3,0.496,431.972,12,4,10,1068053,10,16353052,257569,2,orders;customer;ixtest_customer_mktseg;lineitem,501675,124972,0,0,0,0,0
2026-08-12T10:09:28Z,49472BC5FD3EF57F,18.4,queries/tpch/tpch-queries/q03/base.sql,measured,2,3,5,3,0.493,427.490,12,4,10,1068053,10,16353052,257569,2,orders;customer;ixtest_customer_mktseg;lineitem,501675,124972,0,0,0,0,0
2026-08-12T10:09:28Z,49472BC5FD3EF57F,18.4,queries/tpch/tpch-queries/q03/base.sql,measured,2,4,5,3,0.499,435.931,12,4,10,1068052,10,16353048,257569,2,orders;customer;ixtest_customer_mktseg;lineitem,501675,124972,0,0,0,0,0
2026-08-12T10:09:28Z,49472BC5FD3EF57F,18.4,queries/tpch/tpch-queries/q03/base.sql,measured,2,5,5,3,0.501,431.126,12,4,10,1068052,10,16353048,257569,2,orders;customer;ixtest_customer_mktseg;lineitem,501675,124972,0,0,0,0,0
2026-08-12T10:09:30Z,49472BC5FD3EF57F,18.4,queries/tpch/tpch-queries/q03/base.sql,measured,3,1,5,3,2.530,459.049,12,4,10,1068053,10,16353052,257569,2,orders;customer;ixtest_customer_mktseg;lineitem,501681,124969,0,0,0,0,0
2026-08-12T10:09:30Z,49472BC5FD3EF57F,18.4,queries/tpch/tpch-queries/q03/base.sql,measured,3,2,5,3,0.501,425.460,12,4,10,1068053,10,16353052,257569,2,orders;customer;ixtest_customer_mktseg;lineitem,501675,124972,0,0,0,0,0
2026-08-12T10:09:30Z,49472BC5FD3EF57F,18.4,queries/tpch/tpch-queries/q03/base.sql,measured,3,3,5,3,0.501,420.894,12,4,10,1068053,10,16353052,257569,2,orders;customer;ixtest_customer_mktseg;lineitem,501675,124972,0,0,0,0,0
2026-08-12T10:09:30Z,49472BC5FD3EF57F,18.4,queries/tpch/tpch-queries/q03/base.sql,measured,3,4,5,3,0.496,418.325,12,4,10,1068053,10,16353052,257569,2,orders;customer;ixtest_customer_mktseg;lineitem,501676,124971,0,0,0,0,0
2026-08-12T10:09:30Z,49472BC5FD3EF57F,18.4,queries/tpch/tpch-queries/q03/base.sql,measured,3,5,5,3,0.516,419.665,12,4,10,1068053,10,16353052,257569,2,orders;customer;ixtest_customer_mktseg;lineitem,501675,124972,0,0,0,0,0
2026-08-12T10:09:31Z,49472BC5FD3EF57F,18.4,queries/tpch/tpch-queries/q03/v1_materialized.sql,warmup,1,1,1,3,2.890,462.336,13,5,10,1079673,10,16864332,257569,2,orders;customer;ixtest_customer_mktseg;lineitem;_m,501679,124971,0,0,0,0,0
2026-08-12T10:09:31Z,49472BC5FD3EF57F,18.4,queries/tpch/tpch-queries/q03/v1_materialized.sql,warmup,2,1,1,3,2.262,458.170,13,5,10,1079673,10,16864332,257569,2,orders;customer;ixtest_customer_mktseg;lineitem;_m,501681,124969,0,0,0,0,0
2026-08-12T10:09:33Z,49472BC5FD3EF57F,18.4,queries/tpch/tpch-queries/q03/v1_materialized.sql,measured,1,1,5,3,2.284,465.041,13,5,10,1079673,10,16864332,257569,2,orders;customer;ixtest_customer_mktseg;lineitem;_m,501681,124969,0,0,0,0,0
2026-08-12T10:09:33Z,49472BC5FD3EF57F,18.4,queries/tpch/tpch-queries/q03/v1_materialized.sql,measured,1,2,5,3,0.483,432.732,13,5,10,1079672,10,16864328,257569,2,orders;customer;ixtest_customer_mktseg;lineitem;_m,501675,124972,0,0,0,0,0
2026-08-12T10:09:33Z,49472BC5FD3EF57F,18.4,queries/tpch/tpch-queries/q03/v1_materialized.sql,measured,1,3,5,3,0.472,434.541,13,5,10,1079673,10,16864332,257569,2,orders;customer;ixtest_customer_mktseg;lineitem;_m,501675,124972,0,0,0,0,0
2026-08-12T10:09:33Z,49472BC5FD3EF57F,18.4,queries/tpch/tpch-queries/q03/v1_materialized.sql,measured,1,4,5,3,0.493,434.253,13,5,10,1079673,10,16864332,257569,2,orders;customer;ixtest_customer_mktseg;lineitem;_m,501675,124972,0,0,0,0,0
2026-08-12T10:09:33Z,49472BC5FD3EF57F,18.4,queries/tpch/tpch-queries/q03/v1_materialized.sql,measured,1,5,5,3,0.472,433.156,13,5,10,1079673,10,16864332,257569,2,orders;customer;ixtest_customer_mktseg;lineitem;_m,501675,124972,0,0,0,0,0
2026-08-12T10:09:36Z,49472BC5FD3EF57F,18.4,queries/tpch/tpch-queries/q03/v1_materialized.sql,measured,2,1,5,3,2.524,461.585,13,5,10,1079673,10,16864332,257569,2,orders;customer;ixtest_customer_mktseg;lineitem;_m,501681,124969,0,0,0,0,0
2026-08-12T10:09:36Z,49472BC5FD3EF57F,18.4,queries/tpch/tpch-queries/q03/v1_materialized.sql,measured,2,2,5,3,0.476,431.747,13,5,10,1079673,10,16864332,257569,2,orders;customer;ixtest_customer_mktseg;lineitem;_m,501677,124970,0,0,0,0,0
2026-08-12T10:09:36Z,49472BC5FD3EF57F,18.4,queries/tpch/tpch-queries/q03/v1_materialized.sql,measured,2,3,5,3,0.476,436.420,13,5,10,1079673,10,16864332,257569,2,orders;customer;ixtest_customer_mktseg;lineitem;_m,501675,124972,0,0,0,0,0
2026-08-12T10:09:36Z,49472BC5FD3EF57F,18.4,queries/tpch/tpch-queries/q03/v1_materialized.sql,measured,2,4,5,3,0.487,440.724,13,5,10,1079672,10,16864328,257569,2,orders;customer;ixtest_customer_mktseg;lineitem;_m,501675,124972,0,0,0,0,0
2026-08-12T10:09:36Z,49472BC5FD3EF57F,18.4,queries/tpch/tpch-queries/q03/v1_materialized.sql,measured,2,5,5,3,0.469,443.628,13,5,10,1079672,10,16864328,257569,2,orders;customer;ixtest_customer_mktseg;lineitem;_m,501675,124972,0,0,0,0,0
2026-08-12T10:09:38Z,49472BC5FD3EF57F,18.4,queries/tpch/tpch-queries/q03/v1_materialized.sql,measured,3,1,5,3,2.489,464.766,13,5,10,1079673,10,16864332,257569,2,orders;customer;ixtest_customer_mktseg;lineitem;_m,501681,124969,0,0,0,0,0
2026-08-12T10:09:38Z,49472BC5FD3EF57F,18.4,queries/tpch/tpch-queries/q03/v1_materialized.sql,measured,3,2,5,3,0.459,438.572,13,5,10,1079673,10,16864332,257569,2,orders;customer;ixtest_customer_mktseg;lineitem;_m,501673,124974,0,0,0,0,0
2026-08-12T10:09:38Z,49472BC5FD3EF57F,18.4,queries/tpch/tpch-queries/q03/v1_materialized.sql,measured,3,3,5,3,0.494,436.667,13,5,10,1079673,10,16864332,257569,2,orders;customer;ixtest_customer_mktseg;lineitem;_m,501675,124972,0,0,0,0,0
2026-08-12T10:09:38Z,49472BC5FD3EF57F,18.4,queries/tpch/tpch-queries/q03/v1_materialized.sql,measured,3,4,5,3,0.470,435.751,13,5,10,1079673,10,16864332,257569,2,orders;customer;ixtest_customer_mktseg;lineitem;_m,501675,124972,0,0,0,0,0
2026-08-12T10:09:38Z,49472BC5FD3EF57F,18.4,queries/tpch/tpch-queries/q03/v1_materialized.sql,measured,3,5,5,3,0.473,442.224,13,5,10,1079672,10,16864328,257569,2,orders;customer;ixtest_customer_mktseg;lineitem;_m,501675,124972,0,0,0,0,0
2026-08-12T10:09:38Z,49472BC5FD3EF57F,18.4,queries/tpch/tpch-queries/q04/base.sql,warmup,1,1,1,3,2.006,208.982,8,3,5,219511,5,2825832,1,2,orders;ixtest_orders_orderdate;lineitem,174264,78485,0,0,0,0,0
2026-08-12T10:09:39Z,49472BC5FD3EF57F,18.4,queries/tpch/tpch-queries/q04/base.sql,warmup,2,1,1,3,1.943,198.751,8,3,5,219511,5,2825832,1,2,orders;ixtest_orders_orderdate;lineitem,174264,78485,0,0,0,0,0
2026-08-12T10:09:40Z,49472BC5FD3EF57F,18.4,queries/tpch/tpch-queries/q04/base.sql,measured,1,1,5,3,1.974,185.429,8,3,5,219511,5,2825832,1,2,orders;ixtest_orders_orderdate;lineitem,174264,78485,0,0,0,0,0
2026-08-12T10:09:40Z,49472BC5FD3EF57F,18.4,queries/tpch/tpch-queries/q04/base.sql,measured,1,2,5,3,0.270,170.512,8,3,5,219511,5,2825832,1,2,orders;ixtest_orders_orderdate;lineitem,174259,78490,0,0,0,0,0
2026-08-12T10:09:40Z,49472BC5FD3EF57F,18.4,queries/tpch/tpch-queries/q04/base.sql,measured,1,3,5,3,0.262,179.073,8,3,5,219511,5,2825832,1,2,orders;ixtest_orders_orderdate;lineitem,174259,78490,0,0,0,0,0
2026-08-12T10:09:40Z,49472BC5FD3EF57F,18.4,queries/tpch/tpch-queries/q04/base.sql,measured,1,4,5,3,0.265,183.772,8,3,5,219511,5,2825832,1,2,orders;ixtest_orders_orderdate;lineitem,174259,78490,0,0,0,0,0
2026-08-12T10:09:40Z,49472BC5FD3EF57F,18.4,queries/tpch/tpch-queries/q04/base.sql,measured,1,5,5,3,0.275,184.233,8,3,5,219511,5,2825832,1,2,orders;ixtest_orders_orderdate;lineitem,174259,78490,0,0,0,0,0
2026-08-12T10:09:41Z,49472BC5FD3EF57F,18.4,queries/tpch/tpch-queries/q04/base.sql,measured,2,1,5,3,2.030,204.530,8,3,5,219511,5,2825832,1,2,orders;ixtest_orders_orderdate;lineitem,174264,78485,0,0,0,0,0
2026-08-12T10:09:41Z,49472BC5FD3EF57F,18.4,queries/tpch/tpch-queries/q04/base.sql,measured,2,2,5,3,0.280,171.027,8,3,5,219511,5,2825832,1,2,orders;ixtest_orders_orderdate;lineitem,174259,78490,0,0,0,0,0
2026-08-12T10:09:41Z,49472BC5FD3EF57F,18.4,queries/tpch/tpch-queries/q04/base.sql,measured,2,3,5,3,0.268,167.794,8,3,5,219511,5,2825832,1,2,orders;ixtest_orders_orderdate;lineitem,174259,78490,0,0,0,0,0
2026-08-12T10:09:41Z,49472BC5FD3EF57F,18.4,queries/tpch/tpch-queries/q04/base.sql,measured,2,4,5,3,0.262,176.081,8,3,5,219511,5,2825832,1,2,orders;ixtest_orders_orderdate;lineitem,174259,78490,0,0,0,0,0
2026-08-12T10:09:41Z,49472BC5FD3EF57F,18.4,queries/tpch/tpch-queries/q04/base.sql,measured,2,5,5,3,0.264,184.502,8,3,5,219511,5,2825832,1,2,orders;ixtest_orders_orderdate;lineitem,174259,78490,0,0,0,0,0
2026-08-12T10:09:42Z,49472BC5FD3EF57F,18.4,queries/tpch/tpch-queries/q04/base.sql,measured,3,1,5,3,1.985,194.705,8,3,5,219511,5,2825832,1,2,orders;ixtest_orders_orderdate;lineitem,174264,78485,0,0,0,0,0
2026-08-12T10:09:42Z,49472BC5FD3EF57F,18.4,queries/tpch/tpch-queries/q04/base.sql,measured,3,2,5,3,0.275,172.331,8,3,5,219511,5,2825832,1,2,orders;ixtest_orders_orderdate;lineitem,174259,78490,0,0,0,0,0
2026-08-12T10:09:42Z,49472BC5FD3EF57F,18.4,queries/tpch/tpch-queries/q04/base.sql,measured,3,3,5,3,0.263,185.271,8,3,5,219511,5,2825832,1,2,orders;ixtest_orders_orderdate;lineitem,174259,78490,0,0,0,0,0
2026-08-12T10:09:42Z,49472BC5FD3EF57F,18.4,queries/tpch/tpch-queries/q04/base.sql,measured,3,4,5,3,0.261,185.085,8,3,5,219511,5,2825832,1,2,orders;ixtest_orders_orderdate;lineitem,174259,78490,0,0,0,0,0
2026-08-12T10:09:42Z,49472BC5FD3EF57F,18.4,queries/tpch/tpch-queries/q04/base.sql,measured,3,5,5,3,0.262,180.682,8,3,5,219511,5,2825832,1,2,orders;ixtest_orders_orderdate;lineitem,174259,78490,0,0,0,0,0
2026-08-12T10:09:42Z,49472BC5FD3EF57F,18.4,queries/tpch/tpch-queries/q04/v1_materialized.sql,warmup,1,1,1,3,2.085,194.225,9,4,5,219516,5,2826192,1,2,_m;orders;ixtest_orders_orderdate;lineitem,174264,78485,0,0,0,0,0
2026-08-12T10:09:42Z,49472BC5FD3EF57F,18.4,queries/tpch/tpch-queries/q04/v1_materialized.sql,warmup,2,1,1,3,1.375,193.192,9,4,5,219516,5,2826192,1,2,_m;orders;ixtest_orders_orderdate;lineitem,174264,78485,0,0,0,0,0
2026-08-12T10:09:43Z,49472BC5FD3EF57F,18.4,queries/tpch/tpch-queries/q04/v1_materialized.sql,measured,1,1,5,3,1.376,183.745,9,4,5,219516,5,2826192,1,2,_m;orders;ixtest_orders_orderdate;lineitem,174264,78485,0,0,0,0,0
2026-08-12T10:09:43Z,49472BC5FD3EF57F,18.4,queries/tpch/tpch-queries/q04/v1_materialized.sql,measured,1,2,5,3,0.305,184.960,9,4,5,219516,5,2826192,1,2,_m;orders;ixtest_orders_orderdate;lineitem,174259,78490,0,0,0,0,0
2026-08-12T10:09:43Z,49472BC5FD3EF57F,18.4,queries/tpch/tpch-queries/q04/v1_materialized.sql,measured,1,3,5,3,0.277,184.854,9,4,5,219516,5,2826192,1,2,_m;orders;ixtest_orders_orderdate;lineitem,174259,78490,0,0,0,0,0
2026-08-12T10:09:43Z,49472BC5FD3EF57F,18.4,queries/tpch/tpch-queries/q04/v1_materialized.sql,measured,1,4,5,3,0.284,166.026,9,4,5,219516,5,2826192,1,2,_m;orders;ixtest_orders_orderdate;lineitem,174259,78490,0,0,0,0,0
2026-08-12T10:09:43Z,49472BC5FD3EF57F,18.4,queries/tpch/tpch-queries/q04/v1_materialized.sql,measured,1,5,5,3,0.292,172.999,9,4,5,219516,5,2826192,1,2,_m;orders;ixtest_orders_orderdate;lineitem,174259,78490,0,0,0,0,0
2026-08-12T10:09:44Z,49472BC5FD3EF57F,18.4,queries/tpch/tpch-queries/q04/v1_materialized.sql,measured,2,1,5,3,2.675,269.985,9,4,5,219516,5,2826192,1,2,_m;orders;ixtest_orders_orderdate;lineitem,174264,78485,0,0,0,0,0
2026-08-12T10:09:44Z,49472BC5FD3EF57F,18.4,queries/tpch/tpch-queries/q04/v1_materialized.sql,measured,2,2,5,3,0.296,172.517,9,4,5,219516,5,2826192,1,2,_m;orders;ixtest_orders_orderdate;lineitem,174259,78490,0,0,0,0,0
2026-08-12T10:09:44Z,49472BC5FD3EF57F,18.4,queries/tpch/tpch-queries/q04/v1_materialized.sql,measured,2,3,5,3,0.369,176.407,9,4,5,219516,5,2826192,1,2,_m;orders;ixtest_orders_orderdate;lineitem,174259,78490,0,0,0,0,0
2026-08-12T10:09:44Z,49472BC5FD3EF57F,18.4,queries/tpch/tpch-queries/q04/v1_materialized.sql,measured,2,4,5,3,0.277,170.524,9,4,5,219516,5,2826192,1,2,_m;orders;ixtest_orders_orderdate;lineitem,174259,78490,0,0,0,0,0
2026-08-12T10:09:44Z,49472BC5FD3EF57F,18.4,queries/tpch/tpch-queries/q04/v1_materialized.sql,measured,2,5,5,3,0.285,180.623,9,4,5,219516,5,2826192,1,2,_m;orders;ixtest_orders_orderdate;lineitem,174259,78490,0,0,0,0,0
2026-08-12T10:09:45Z,49472BC5FD3EF57F,18.4,queries/tpch/tpch-queries/q04/v1_materialized.sql,measured,3,1,5,3,2.521,251.645,9,4,5,219516,5,2826192,1,2,_m;orders;ixtest_orders_orderdate;lineitem,174264,78485,0,0,0,0,0
2026-08-12T10:09:45Z,49472BC5FD3EF57F,18.4,queries/tpch/tpch-queries/q04/v1_materialized.sql,measured,3,2,5,3,0.293,185.085,9,4,5,219516,5,2826192,1,2,_m;orders;ixtest_orders_orderdate;lineitem,174259,78490,0,0,0,0,0
2026-08-12T10:09:45Z,49472BC5FD3EF57F,18.4,queries/tpch/tpch-queries/q04/v1_materialized.sql,measured,3,3,5,3,0.285,187.828,9,4,5,219516,5,2826192,1,2,_m;orders;ixtest_orders_orderdate;lineitem,174259,78490,0,0,0,0,0
2026-08-12T10:09:45Z,49472BC5FD3EF57F,18.4,queries/tpch/tpch-queries/q04/v1_materialized.sql,measured,3,4,5,3,0.287,186.008,9,4,5,219516,5,2826192,1,2,_m;orders;ixtest_orders_orderdate;lineitem,174259,78490,0,0,0,0,0
2026-08-12T10:09:45Z,49472BC5FD3EF57F,18.4,queries/tpch/tpch-queries/q04/v1_materialized.sql,measured,3,5,5,3,0.362,187.080,9,4,5,219516,5,2826192,1,2,_m;orders;ixtest_orders_orderdate;lineitem,174259,78490,0,0,0,0,0
2026-08-12T10:09:46Z,49472BC5FD3EF57F,18.4,queries/tpch/tpch-queries/q04/v2_in.sql,warmup,1,1,1,3,1.940,197.179,8,3,5,219511,5,2825832,1,2,orders;ixtest_orders_orderdate;lineitem,174264,78485,0,0,0,0,0
2026-08-12T10:09:46Z,49472BC5FD3EF57F,18.4,queries/tpch/tpch-queries/q04/v2_in.sql,warmup,2,1,1,3,2.255,226.629,8,3,5,219511,5,2825832,1,2,orders;ixtest_orders_orderdate;lineitem,174264,78485,0,0,0,0,0
2026-08-12T10:09:47Z,49472BC5FD3EF57F,18.4,queries/tpch/tpch-queries/q04/v2_in.sql,measured,1,1,5,3,1.951,210.783,8,3,5,219511,5,2825832,1,2,orders;ixtest_orders_orderdate;lineitem,174264,78485,0,0,0,0,0
2026-08-12T10:09:47Z,49472BC5FD3EF57F,18.4,queries/tpch/tpch-queries/q04/v2_in.sql,measured,1,2,5,3,0.272,187.112,8,3,5,219511,5,2825832,1,2,orders;ixtest_orders_orderdate;lineitem,174259,78490,0,0,0,0,0
2026-08-12T10:09:47Z,49472BC5FD3EF57F,18.4,queries/tpch/tpch-queries/q04/v2_in.sql,measured,1,3,5,3,0.264,178.486,8,3,5,219511,5,2825832,1,2,orders;ixtest_orders_orderdate;lineitem,174259,78490,0,0,0,0,0
2026-08-12T10:09:47Z,49472BC5FD3EF57F,18.4,queries/tpch/tpch-queries/q04/v2_in.sql,measured,1,4,5,3,0.268,182.358,8,3,5,219511,5,2825832,1,2,orders;ixtest_orders_orderdate;lineitem,174259,78490,0,0,0,0,0
2026-08-12T10:09:47Z,49472BC5FD3EF57F,18.4,queries/tpch/tpch-queries/q04/v2_in.sql,measured,1,5,5,3,0.274,193.915,8,3,5,219511,5,2825832,1,2,orders;ixtest_orders_orderdate;lineitem,174259,78490,0,0,0,0,0
2026-08-12T10:09:48Z,49472BC5FD3EF57F,18.4,queries/tpch/tpch-queries/q04/v2_in.sql,measured,2,1,5,3,2.006,190.035,8,3,5,219511,5,2825832,1,2,orders;ixtest_orders_orderdate;lineitem,174264,78485,0,0,0,0,0
2026-08-12T10:09:48Z,49472BC5FD3EF57F,18.4,queries/tpch/tpch-queries/q04/v2_in.sql,measured,2,2,5,3,0.274,184.310,8,3,5,219511,5,2825832,1,2,orders;ixtest_orders_orderdate;lineitem,174259,78490,0,0,0,0,0
2026-08-12T10:09:48Z,49472BC5FD3EF57F,18.4,queries/tpch/tpch-queries/q04/v2_in.sql,measured,2,3,5,3,0.264,185.627,8,3,5,219511,5,2825832,1,2,orders;ixtest_orders_orderdate;lineitem,174259,78490,0,0,0,0,0
2026-08-12T10:09:48Z,49472BC5FD3EF57F,18.4,queries/tpch/tpch-queries/q04/v2_in.sql,measured,2,4,5,3,0.268,181.093,8,3,5,219511,5,2825832,1,2,orders;ixtest_orders_orderdate;lineitem,174259,78490,0,0,0,0,0
2026-08-12T10:09:48Z,49472BC5FD3EF57F,18.4,queries/tpch/tpch-queries/q04/v2_in.sql,measured,2,5,5,3,0.265,179.300,8,3,5,219511,5,2825832,1,2,orders;ixtest_orders_orderdate;lineitem,174259,78490,0,0,0,0,0
2026-08-12T10:09:49Z,49472BC5FD3EF57F,18.4,queries/tpch/tpch-queries/q04/v2_in.sql,measured,3,1,5,3,1.354,193.613,8,3,5,219511,5,2825832,1,2,orders;ixtest_orders_orderdate;lineitem,174264,78485,0,0,0,0,0
2026-08-12T10:09:49Z,49472BC5FD3EF57F,18.4,queries/tpch/tpch-queries/q04/v2_in.sql,measured,3,2,5,3,0.279,177.763,8,3,5,219511,5,2825832,1,2,orders;ixtest_orders_orderdate;lineitem,174259,78490,0,0,0,0,0
2026-08-12T10:09:49Z,49472BC5FD3EF57F,18.4,queries/tpch/tpch-queries/q04/v2_in.sql,measured,3,3,5,3,0.264,184.862,8,3,5,219511,5,2825832,1,2,orders;ixtest_orders_orderdate;lineitem,174259,78490,0,0,0,0,0
2026-08-12T10:09:49Z,49472BC5FD3EF57F,18.4,queries/tpch/tpch-queries/q04/v2_in.sql,measured,3,4,5,3,0.269,190.427,8,3,5,219511,5,2825832,1,2,orders;ixtest_orders_orderdate;lineitem,174259,78490,0,0,0,0,0
2026-08-12T10:09:49Z,49472BC5FD3EF57F,18.4,queries/tpch/tpch-queries/q04/v2_in.sql,measured,3,5,5,3,0.267,199.635,8,3,5,219511,5,2825832,1,2,orders;ixtest_orders_orderdate;lineitem,174259,78490,0,0,0,0,0
2026-08-12T10:09:50Z,49472BC5FD3EF57F,18.4,queries/tpch/tpch-queries/q05/base.sql,warmup,1,1,1,3,7.000,799.050,19,6,5,699121,25,18257548,12,2,customer;nation;region;orders;lineitem;supplier,319851,263222,0,0,0,0,0
2026-08-12T10:09:51Z,49472BC5FD3EF57F,18.4,queries/tpch/tpch-queries/q05/base.sql,warmup,2,1,1,3,3.544,565.142,19,6,5,699121,25,18257548,12,2,customer;nation;region;orders;lineitem;supplier,321655,261418,0,0,0,0,0
2026-08-12T10:09:54Z,49472BC5FD3EF57F,18.4,queries/tpch/tpch-queries/q05/base.sql,measured,1,1,5,3,5.727,579.427,19,6,5,699121,25,18257548,12,2,customer;nation;region;orders;lineitem;supplier,322053,261020,0,0,0,0,0
2026-08-12T10:09:54Z,49472BC5FD3EF57F,18.4,queries/tpch/tpch-queries/q05/base.sql,measured,1,2,5,3,1.884,569.385,19,6,5,699121,25,18257548,12,2,customer;nation;region;orders;lineitem;supplier,321826,261244,0,0,0,0,0
2026-08-12T10:09:54Z,49472BC5FD3EF57F,18.4,queries/tpch/tpch-queries/q05/base.sql,measured,1,3,5,3,1.841,556.360,19,6,5,699121,25,18257548,12,2,customer;nation;region;orders;lineitem;supplier,321989,261081,0,0,0,0,0
2026-08-12T10:09:54Z,49472BC5FD3EF57F,18.4,queries/tpch/tpch-queries/q05/base.sql,measured,1,4,5,3,1.733,547.423,19,6,5,699121,25,18257548,12,2,customer;nation;region;orders;lineitem;supplier,321850,261220,0,0,0,0,0
2026-08-12T10:09:54Z,49472BC5FD3EF57F,18.4,queries/tpch/tpch-queries/q05/base.sql,measured,1,5,5,3,1.859,542.272,19,6,5,699121,25,18257548,12,2,customer;nation;region;orders;lineitem;supplier,321817,261253,0,0,0,0,0
2026-08-12T10:09:57Z,49472BC5FD3EF57F,18.4,queries/tpch/tpch-queries/q05/base.sql,measured,2,1,5,3,5.726,595.276,19,6,5,699121,25,18257548,12,2,customer;nation;region;orders;lineitem;supplier,321742,261331,0,0,0,0,0
2026-08-12T10:09:57Z,49472BC5FD3EF57F,18.4,queries/tpch/tpch-queries/q05/base.sql,measured,2,2,5,3,1.858,554.026,19,6,5,699121,25,18257548,12,2,customer;nation;region;orders;lineitem;supplier,321866,261204,0,0,0,0,0
2026-08-12T10:09:57Z,49472BC5FD3EF57F,18.4,queries/tpch/tpch-queries/q05/base.sql,measured,2,3,5,3,1.740,552.451,19,6,5,699121,25,18257548,12,2,customer;nation;region;orders;lineitem;supplier,322009,261061,0,0,0,0,0
2026-08-12T10:09:57Z,49472BC5FD3EF57F,18.4,queries/tpch/tpch-queries/q05/base.sql,measured,2,4,5,3,1.770,541.151,19,6,5,699121,25,18257548,12,2,customer;nation;region;orders;lineitem;supplier,321787,261283,0,0,0,0,0
2026-08-12T10:09:57Z,49472BC5FD3EF57F,18.4,queries/tpch/tpch-queries/q05/base.sql,measured,2,5,5,3,1.740,559.665,19,6,5,699121,25,18257548,12,2,customer;nation;region;orders;lineitem;supplier,321679,261391,0,0,0,0,0
2026-08-12T10:10:00Z,49472BC5FD3EF57F,18.4,queries/tpch/tpch-queries/q05/base.sql,measured,3,1,5,3,9.009,613.762,19,6,5,699121,25,18257548,12,2,customer;nation;region;orders;lineitem;supplier,321923,261150,0,0,0,0,0
2026-08-12T10:10:00Z,49472BC5FD3EF57F,18.4,queries/tpch/tpch-queries/q05/base.sql,measured,3,2,5,3,1.914,550.163,19,6,5,699121,25,18257548,12,2,customer;nation;region;orders;lineitem;supplier,321899,261171,0,0,0,0,0
2026-08-12T10:10:00Z,49472BC5FD3EF57F,18.4,queries/tpch/tpch-queries/q05/base.sql,measured,3,3,5,3,1.758,545.951,19,6,5,699121,25,18257548,12,2,customer;nation;region;orders;lineitem;supplier,322095,260975,0,0,0,0,0
2026-08-12T10:10:00Z,49472BC5FD3EF57F,18.4,queries/tpch/tpch-queries/q05/base.sql,measured,3,4,5,3,1.765,545.576,19,6,5,699121,25,18257548,12,2,customer;nation;region;orders;lineitem;supplier,321799,261271,0,0,0,0,0
2026-08-12T10:10:00Z,49472BC5FD3EF57F,18.4,queries/tpch/tpch-queries/q05/base.sql,measured,3,5,5,3,1.773,542.642,19,6,5,699121,25,18257548,12,2,customer;nation;region;orders;lineitem;supplier,321713,261357,0,0,0,0,0
2026-08-12T10:10:00Z,49472BC5FD3EF57F,18.4,queries/tpch/tpch-queries/q05/v1_materialized.sql,warmup,1,1,1,3,4.706,560.407,20,7,5,699126,25,18258618,12,2,customer;nation;region;orders;lineitem;supplier;_m,321779,261294,0,0,0,0,0
2026-08-12T10:10:01Z,49472BC5FD3EF57F,18.4,queries/tpch/tpch-queries/q05/v1_materialized.sql,warmup,2,1,1,3,3.873,570.001,20,7,5,699126,25,18258618,12,2,customer;nation;region;orders;lineitem;supplier;_m,321785,261288,0,0,0,0,0
2026-08-12T10:10:04Z,49472BC5FD3EF57F,18.4,queries/tpch/tpch-queries/q05/v1_materialized.sql,measured,1,1,5,3,3.905,563.423,20,7,5,699126,25,18258618,12,2,customer;nation;region;orders;lineitem;supplier;_m,322175,260898,0,0,0,0,0
2026-08-12T10:10:04Z,49472BC5FD3EF57F,18.4,queries/tpch/tpch-queries/q05/v1_materialized.sql,measured,1,2,5,3,1.932,563.849,20,7,5,699126,25,18258618,12,2,customer;nation;region;orders;lineitem;supplier;_m,321964,261106,0,0,0,0,0
2026-08-12T10:10:04Z,49472BC5FD3EF57F,18.4,queries/tpch/tpch-queries/q05/v1_materialized.sql,measured,1,3,5,3,1.821,552.958,20,7,5,699126,25,18258618,12,2,customer;nation;region;orders;lineitem;supplier;_m,321716,261354,0,0,0,0,0
2026-08-12T10:10:04Z,49472BC5FD3EF57F,18.4,queries/tpch/tpch-queries/q05/v1_materialized.sql,measured,1,4,5,3,1.815,547.938,20,7,5,699126,25,18258618,12,2,customer;nation;region;orders;lineitem;supplier;_m,321817,261253,0,0,0,0,0
2026-08-12T10:10:04Z,49472BC5FD3EF57F,18.4,queries/tpch/tpch-queries/q05/v1_materialized.sql,measured,1,5,5,3,1.767,543.161,20,7,5,699126,25,18258618,12,2,customer;nation;region;orders;lineitem;supplier;_m,321791,261279,0,0,0,0,0
2026-08-12T10:10:07Z,49472BC5FD3EF57F,18.4,queries/tpch/tpch-queries/q05/v1_materialized.sql,measured,2,1,5,3,5.282,579.117,20,7,5,699126,25,18258618,12,2,customer;nation;region;orders;lineitem;supplier;_m,321966,261107,0,0,0,0,0
2026-08-12T10:10:07Z,49472BC5FD3EF57F,18.4,queries/tpch/tpch-queries/q05/v1_materialized.sql,measured,2,2,5,3,1.874,546.461,20,7,5,699126,25,18258618,12,2,customer;nation;region;orders;lineitem;supplier;_m,322004,261066,0,0,0,0,0
2026-08-12T10:10:07Z,49472BC5FD3EF57F,18.4,queries/tpch/tpch-queries/q05/v1_materialized.sql,measured,2,3,5,3,1.826,545.271,20,7,5,699126,25,18258618,12,2,customer;nation;region;orders;lineitem;supplier;_m,322297,260773,0,0,0,0,0
2026-08-12T10:10:07Z,49472BC5FD3EF57F,18.4,queries/tpch/tpch-queries/q05/v1_materialized.sql,measured,2,4,5,3,1.795,545.309,20,7,5,699126,25,18258618,12,2,customer;nation;region;orders;lineitem;supplier;_m,321848,261222,0,0,0,0,0
2026-08-12T10:10:07Z,49472BC5FD3EF57F,18.4,queries/tpch/tpch-queries/q05/v1_materialized.sql,measured,2,5,5,3,1.821,555.946,20,7,5,699126,25,18258618,12,2,customer;nation;region;orders;lineitem;supplier;_m,322144,260926,0,0,0,0,0
2026-08-12T10:10:10Z,49472BC5FD3EF57F,18.4,queries/tpch/tpch-queries/q05/v1_materialized.sql,measured,3,1,5,3,6.054,580.705,20,7,5,699126,25,18258618,12,2,customer;nation;region;orders;lineitem;supplier;_m,321747,261326,0,0,0,0,0
2026-08-12T10:10:10Z,49472BC5FD3EF57F,18.4,queries/tpch/tpch-queries/q05/v1_materialized.sql,measured,3,2,5,3,1.952,547.902,20,7,5,699126,25,18258618,12,2,customer;nation;region;orders;lineitem;supplier;_m,321802,261268,0,0,0,0,0
2026-08-12T10:10:10Z,49472BC5FD3EF57F,18.4,queries/tpch/tpch-queries/q05/v1_materialized.sql,measured,3,3,5,3,1.827,542.884,20,7,5,699126,25,18258618,12,2,customer;nation;region;orders;lineitem;supplier;_m,321886,261184,0,0,0,0,0
2026-08-12T10:10:10Z,49472BC5FD3EF57F,18.4,queries/tpch/tpch-queries/q05/v1_materialized.sql,measured,3,4,5,3,1.835,540.083,20,7,5,699126,25,18258618,12,2,customer;nation;region;orders;lineitem;supplier;_m,322004,261066,0,0,0,0,0
2026-08-12T10:10:10Z,49472BC5FD3EF57F,18.4,queries/tpch/tpch-queries/q05/v1_materialized.sql,measured,3,5,5,3,1.770,551.683,20,7,5,699126,25,18258618,12,2,customer;nation;region;orders;lineitem;supplier;_m,321853,261217,0,0,0,0,0
2026-08-12T10:10:10Z,49472BC5FD3EF57F,18.4,queries/tpch/tpch-queries/q06/base.sql,warmup,1,1,1,3,1.203,278.678,4,1,1,114166,1,1370132,265098,2,lineitem,4265,5442,0,0,0,0,0
2026-08-12T10:10:10Z,49472BC5FD3EF57F,18.4,queries/tpch/tpch-queries/q06/base.sql,warmup,2,1,1,3,0.578,66.534,4,1,1,114166,1,1370132,265098,2,lineitem,9717,0,0,0,0,0,0
2026-08-12T10:10:10Z,49472BC5FD3EF57F,18.4,queries/tpch/tpch-queries/q06/base.sql,measured,1,1,5,3,0.585,66.902,4,1,1,114166,1,1370132,265098,2,lineitem,9714,0,0,0,0,0,0
2026-08-12T10:10:10Z,49472BC5FD3EF57F,18.4,queries/tpch/tpch-queries/q06/base.sql,measured,1,2,5,3,0.107,66.804,4,1,1,114166,1,1370132,265098,2,lineitem,9704,0,0,0,0,0,0
2026-08-12T10:10:10Z,49472BC5FD3EF57F,18.4,queries/tpch/tpch-queries/q06/base.sql,measured,1,3,5,3,0.104,67.347,4,1,1,114166,1,1370132,265098,2,lineitem,9702,0,0,0,0,0,0
2026-08-12T10:10:10Z,49472BC5FD3EF57F,18.4,queries/tpch/tpch-queries/q06/base.sql,measured,1,4,5,3,0.105,67.190,4,1,1,114166,1,1370132,265098,2,lineitem,9707,0,0,0,0,0,0
2026-08-12T10:10:10Z,49472BC5FD3EF57F,18.4,queries/tpch/tpch-queries/q06/base.sql,measured,1,5,5,3,0.107,66.950,4,1,1,114166,1,1370132,265098,2,lineitem,9703,0,0,0,0,0,0
2026-08-12T10:10:11Z,49472BC5FD3EF57F,18.4,queries/tpch/tpch-queries/q06/base.sql,measured,2,1,5,3,1.085,102.690,4,1,1,114166,1,1370132,265098,2,lineitem,9716,0,0,0,0,0,0
2026-08-12T10:10:11Z,49472BC5FD3EF57F,18.4,queries/tpch/tpch-queries/q06/base.sql,measured,2,2,5,3,0.103,67.147,4,1,1,114166,1,1370132,265098,2,lineitem,9705,0,0,0,0,0,0
2026-08-12T10:10:11Z,49472BC5FD3EF57F,18.4,queries/tpch/tpch-queries/q06/base.sql,measured,2,3,5,3,0.103,66.622,4,1,1,114166,1,1370132,265098,2,lineitem,9710,1,0,0,0,0,0
2026-08-12T10:10:11Z,49472BC5FD3EF57F,18.4,queries/tpch/tpch-queries/q06/base.sql,measured,2,4,5,3,0.105,66.551,4,1,1,114166,1,1370132,265098,2,lineitem,9697,0,0,0,0,0,0
2026-08-12T10:10:11Z,49472BC5FD3EF57F,18.4,queries/tpch/tpch-queries/q06/base.sql,measured,2,5,5,3,0.105,66.613,4,1,1,114166,1,1370132,265098,2,lineitem,9707,0,0,0,0,0,0
2026-08-12T10:10:11Z,49472BC5FD3EF57F,18.4,queries/tpch/tpch-queries/q06/base.sql,measured,3,1,5,3,0.926,104.658,4,1,1,114166,1,1370132,265098,2,lineitem,9716,0,0,0,0,0,0
2026-08-12T10:10:11Z,49472BC5FD3EF57F,18.4,queries/tpch/tpch-queries/q06/base.sql,measured,3,2,5,3,0.113,66.908,4,1,1,114166,1,1370132,265098,2,lineitem,9711,0,0,0,0,0,0
2026-08-12T10:10:11Z,49472BC5FD3EF57F,18.4,queries/tpch/tpch-queries/q06/base.sql,measured,3,3,5,3,0.105,67.537,4,1,1,114166,1,1370132,265098,2,lineitem,9704,0,0,0,0,0,0
2026-08-12T10:10:11Z,49472BC5FD3EF57F,18.4,queries/tpch/tpch-queries/q06/base.sql,measured,3,4,5,3,0.104,66.517,4,1,1,114166,1,1370132,265098,2,lineitem,9705,0,0,0,0,0,0
2026-08-12T10:10:11Z,49472BC5FD3EF57F,18.4,queries/tpch/tpch-queries/q06/base.sql,measured,3,5,5,3,0.104,66.982,4,1,1,114166,1,1370132,265098,2,lineitem,9702,0,0,0,0,0,0
2026-08-12T10:10:12Z,49472BC5FD3EF57F,18.4,queries/tpch/tpch-queries/q06/v1_materialized.sql,warmup,1,1,1,3,0.973,95.328,5,2,1,114167,1,1370164,265098,2,_m;lineitem,9709,0,0,0,0,0,0
2026-08-12T10:10:12Z,49472BC5FD3EF57F,18.4,queries/tpch/tpch-queries/q06/v1_materialized.sql,warmup,2,1,1,3,0.620,69.709,5,2,1,114167,1,1370164,265098,2,_m;lineitem,9695,0,0,0,0,0,0
2026-08-12T10:10:12Z,49472BC5FD3EF57F,18.4,queries/tpch/tpch-queries/q06/v1_materialized.sql,measured,1,1,5,3,0.600,75.858,5,2,1,114167,1,1370164,265098,2,_m;lineitem,9669,0,0,0,0,0,0
2026-08-12T10:10:12Z,49472BC5FD3EF57F,18.4,queries/tpch/tpch-queries/q06/v1_materialized.sql,measured,1,2,5,3,0.143,67.858,5,2,1,114167,1,1370164,265098,2,_m;lineitem,9661,0,0,0,0,0,0
2026-08-12T10:10:12Z,49472BC5FD3EF57F,18.4,queries/tpch/tpch-queries/q06/v1_materialized.sql,measured,1,3,5,3,0.134,66.383,5,2,1,114167,1,1370164,265098,2,_m;lineitem,9708,0,0,0,0,0,0
2026-08-12T10:10:12Z,49472BC5FD3EF57F,18.4,queries/tpch/tpch-queries/q06/v1_materialized.sql,measured,1,4,5,3,0.115,66.737,5,2,1,114167,1,1370164,265098,2,_m;lineitem,9705,0,0,0,0,0,0
2026-08-12T10:10:12Z,49472BC5FD3EF57F,18.4,queries/tpch/tpch-queries/q06/v1_materialized.sql,measured,1,5,5,3,0.116,65.995,5,2,1,114167,1,1370164,265098,2,_m;lineitem,9708,0,0,0,0,0,0
2026-08-12T10:10:13Z,49472BC5FD3EF57F,18.4,queries/tpch/tpch-queries/q06/v1_materialized.sql,measured,2,1,5,3,0.855,86.365,5,2,1,114167,1,1370164,265098,2,_m;lineitem,9716,0,0,0,0,0,0
2026-08-12T10:10:13Z,49472BC5FD3EF57F,18.4,queries/tpch/tpch-queries/q06/v1_materialized.sql,measured,2,2,5,3,0.117,66.756,5,2,1,114167,1,1370164,265098,2,_m;lineitem,9712,0,0,0,0,0,0
2026-08-12T10:10:13Z,49472BC5FD3EF57F,18.4,queries/tpch/tpch-queries/q06/v1_materialized.sql,measured,2,3,5,3,0.114,66.660,5,2,1,114167,1,1370164,265098,2,_m;lineitem,9708,0,0,0,0,0,0
2026-08-12T10:10:13Z,49472BC5FD3EF57F,18.4,queries/tpch/tpch-queries/q06/v1_materialized.sql,measured,2,4,5,3,0.133,66.499,5,2,1,114167,1,1370164,265098,2,_m;lineitem,9710,0,0,0,0,0,0
2026-08-12T10:10:13Z,49472BC5FD3EF57F,18.4,queries/tpch/tpch-queries/q06/v1_materialized.sql,measured,2,5,5,3,0.124,66.936,5,2,1,114167,1,1370164,265098,2,_m;lineitem,9706,0,0,0,0,0,0
2026-08-12T10:10:13Z,49472BC5FD3EF57F,18.4,queries/tpch/tpch-queries/q06/v1_materialized.sql,measured,3,1,5,3,0.859,90.745,5,2,1,114167,1,1370164,265098,2,_m;lineitem,9710,0,0,0,0,0,0
2026-08-12T10:10:13Z,49472BC5FD3EF57F,18.4,queries/tpch/tpch-queries/q06/v1_materialized.sql,measured,3,2,5,3,0.118,66.719,5,2,1,114167,1,1370164,265098,2,_m;lineitem,9709,0,0,0,0,0,0
2026-08-12T10:10:13Z,49472BC5FD3EF57F,18.4,queries/tpch/tpch-queries/q06/v1_materialized.sql,measured,3,3,5,3,0.129,68.367,5,2,1,114167,1,1370164,265098,2,_m;lineitem,9671,0,0,0,0,0,0
2026-08-12T10:10:13Z,49472BC5FD3EF57F,18.4,queries/tpch/tpch-queries/q06/v1_materialized.sql,measured,3,4,5,3,0.131,66.244,5,2,1,114167,1,1370164,265098,2,_m;lineitem,9714,0,0,0,0,0,0
2026-08-12T10:10:13Z,49472BC5FD3EF57F,18.4,queries/tpch/tpch-queries/q06/v1_materialized.sql,measured,3,5,5,3,0.132,67.075,5,2,1,114167,1,1370164,265098,2,_m;lineitem,9712,0,0,0,0,0,0
2026-08-12T10:10:17Z,49472BC5FD3EF57F,18.4,queries/tpch/tpch-queries/q07/base.sql,warmup,1,1,1,3,3.924,3744.434,17,6,4,1763513,6096,58849902,441,2,customer;nation;orders;supplier;lineitem,1124696,477384,0,0,2219,2219,0
2026-08-12T10:10:20Z,49472BC5FD3EF57F,18.4,queries/tpch/tpch-queries/q07/base.sql,warmup,2,1,1,3,4.828,3228.154,17,6,4,1763513,6096,58849902,441,2,customer;nation;orders;supplier;lineitem,1125132,476948,0,0,2219,2219,0
2026-08-12T10:10:37Z,49472BC5FD3EF57F,18.4,queries/tpch/tpch-queries/q07/base.sql,measured,1,1,5,3,4.786,3296.148,17,6,4,1763513,6096,58849902,441,2,customer;nation;orders;supplier;lineitem,1125146,476934,0,0,2219,2219,0
2026-08-12T10:10:37Z,49472BC5FD3EF57F,18.4,queries/tpch/tpch-queries/q07/base.sql,measured,1,2,5,3,1.474,3187.654,17,6,4,1763513,6096,58849902,441,2,customer;nation;orders;supplier;lineitem,1125078,477002,0,0,2219,2219,0
2026-08-12T10:10:37Z,49472BC5FD3EF57F,18.4,queries/tpch/tpch-queries/q07/base.sql,measured,1,3,5,3,1.388,3256.772,17,6,4,1763513,6096,58849902,441,2,customer;nation;orders;supplier;lineitem,1125159,476921,0,0,2220,2220,0
2026-08-12T10:10:37Z,49472BC5FD3EF57F,18.4,queries/tpch/tpch-queries/q07/base.sql,measured,1,4,5,3,1.388,3299.999,17,6,4,1763513,6096,58849902,441,2,customer;nation;orders;supplier;lineitem,1125099,476981,0,0,2220,2220,0
2026-08-12T10:10:37Z,49472BC5FD3EF57F,18.4,queries/tpch/tpch-queries/q07/base.sql,measured,1,5,5,3,1.408,3248.024,17,6,4,1763513,6096,58849902,441,2,customer;nation;orders;supplier;lineitem,1124991,477089,0,0,2219,2219,0
2026-08-12T10:10:53Z,49472BC5FD3EF57F,18.4,queries/tpch/tpch-queries/q07/base.sql,measured,2,1,5,3,5.307,3284.324,17,6,4,1763513,6096,58849902,441,2,customer;nation;orders;supplier;lineitem,1125070,477010,0,0,2220,2220,0
2026-08-12T10:10:53Z,49472BC5FD3EF57F,18.4,queries/tpch/tpch-queries/q07/base.sql,measured,2,2,5,3,1.513,3205.153,17,6,4,1763513,6096,58849902,441,2,customer;nation;orders;supplier;lineitem,1125110,476970,0,0,2220,2220,0
2026-08-12T10:10:53Z,49472BC5FD3EF57F,18.4,queries/tpch/tpch-queries/q07/base.sql,measured,2,3,5,3,1.420,3257.190,17,6,4,1763513,6096,58849902,441,2,customer;nation;orders;supplier;lineitem,1125034,477046,0,0,2220,2220,0
2026-08-12T10:10:53Z,49472BC5FD3EF57F,18.4,queries/tpch/tpch-queries/q07/base.sql,measured,2,4,5,3,1.701,3270.022,17,6,4,1763513,6096,58849902,441,2,customer;nation;orders;supplier;lineitem,1125109,476971,0,0,2219,2219,0
2026-08-12T10:10:53Z,49472BC5FD3EF57F,18.4,queries/tpch/tpch-queries/q07/base.sql,measured,2,5,5,3,1.400,3200.607,17,6,4,1763513,6096,58849902,441,2,customer;nation;orders;supplier;lineitem,1125100,476980,0,0,2220,2220,0
2026-08-12T10:11:09Z,49472BC5FD3EF57F,18.4,queries/tpch/tpch-queries/q07/base.sql,measured,3,1,5,3,5.975,3289.411,17,6,4,1763513,6096,58849902,441,2,customer;nation;orders;supplier;lineitem,1125166,476914,0,0,2220,2220,0
2026-08-12T10:11:09Z,49472BC5FD3EF57F,18.4,queries/tpch/tpch-queries/q07/base.sql,measured,3,2,5,3,1.480,3289.970,17,6,4,1763513,6096,58849902,441,2,customer;nation;orders;supplier;lineitem,1125145,476935,0,0,2220,2220,0
2026-08-12T10:11:09Z,49472BC5FD3EF57F,18.4,queries/tpch/tpch-queries/q07/base.sql,measured,3,3,5,3,1.414,3258.348,17,6,4,1763513,6096,58849902,441,2,customer;nation;orders;supplier;lineitem,1125078,477002,0,0,2219,2219,0
2026-08-12T10:11:09Z,49472BC5FD3EF57F,18.4,queries/tpch/tpch-queries/q07/base.sql,measured,3,4,5,3,1.393,3266.550,17,6,4,1763513,6096,58849902,441,2,customer;nation;orders;supplier;lineitem,1125069,477011,0,0,2220,2220,0
2026-08-12T10:11:09Z,49472BC5FD3EF57F,18.4,queries/tpch/tpch-queries/q07/base.sql,measured,3,5,5,3,1.389,3268.127,17,6,4,1763513,6096,58849902,441,2,customer;nation;orders;supplier;lineitem,1125062,477018,0,0,2219,2219,0
2026-08-12T10:11:13Z,49472BC5FD3EF57F,18.4,queries/tpch/tpch-queries/q07/v1_materialized.sql,warmup,1,1,1,3,5.144,3273.386,18,7,4,1763517,6096,58850990,441,2,_m;customer;nation;orders;supplier;lineitem,1125052,477028,0,0,2219,2219,0
2026-08-12T10:11:16Z,49472BC5FD3EF57F,18.4,queries/tpch/tpch-queries/q07/v1_materialized.sql,warmup,2,1,1,3,5.384,3281.448,18,7,4,1763517,6096,58850990,441,2,_m;customer;nation;orders;supplier;lineitem,1125102,476978,0,0,2220,2220,0
2026-08-12T10:11:33Z,49472BC5FD3EF57F,18.4,queries/tpch/tpch-queries/q07/v1_materialized.sql,measured,1,1,5,3,3.865,3237.029,18,7,4,1763517,6096,58850990,441,2,_m;customer;nation;orders;supplier;lineitem,1125087,476993,0,0,2220,2220,0
2026-08-12T10:11:33Z,49472BC5FD3EF57F,18.4,queries/tpch/tpch-queries/q07/v1_materialized.sql,measured,1,2,5,3,1.560,3248.411,18,7,4,1763517,6096,58850990,441,2,_m;customer;nation;orders;supplier;lineitem,1125103,476977,0,0,2219,2219,0
2026-08-12T10:11:33Z,49472BC5FD3EF57F,18.4,queries/tpch/tpch-queries/q07/v1_materialized.sql,measured,1,3,5,3,1.586,3279.026,18,7,4,1763517,6096,58850990,441,2,_m;customer;nation;orders;supplier;lineitem,1125048,477032,0,0,2219,2219,0
2026-08-12T10:11:33Z,49472BC5FD3EF57F,18.4,queries/tpch/tpch-queries/q07/v1_materialized.sql,measured,1,4,5,3,1.587,3297.302,18,7,4,1763517,6096,58850990,441,2,_m;customer;nation;orders;supplier;lineitem,1125022,477058,0,0,2219,2219,0
2026-08-12T10:11:33Z,49472BC5FD3EF57F,18.4,queries/tpch/tpch-queries/q07/v1_materialized.sql,measured,1,5,5,3,1.508,3263.168,18,7,4,1763517,6096,58850990,441,2,_m;customer;nation;orders;supplier;lineitem,1125039,477041,0,0,2220,2220,0
2026-08-12T10:11:49Z,49472BC5FD3EF57F,18.4,queries/tpch/tpch-queries/q07/v1_materialized.sql,measured,2,1,5,3,4.315,3295.576,18,7,4,1763517,6096,58850990,441,2,_m;customer;nation;orders;supplier;lineitem,1125080,477000,0,0,2219,2219,0
2026-08-12T10:11:49Z,49472BC5FD3EF57F,18.4,queries/tpch/tpch-queries/q07/v1_materialized.sql,measured,2,2,5,3,1.544,3348.715,18,7,4,1763517,6096,58850990,441,2,_m;customer;nation;orders;supplier;lineitem,1125013,477067,0,0,2220,2220,0
2026-08-12T10:11:49Z,49472BC5FD3EF57F,18.4,queries/tpch/tpch-queries/q07/v1_materialized.sql,measured,2,3,5,3,1.446,3243.245,18,7,4,1763517,6096,58850990,441,2,_m;customer;nation;orders;supplier;lineitem,1125103,476977,0,0,2219,2219,0
2026-08-12T10:11:49Z,49472BC5FD3EF57F,18.4,queries/tpch/tpch-queries/q07/v1_materialized.sql,measured,2,4,5,3,1.429,3278.582,18,7,4,1763517,6096,58850990,441,2,_m;customer;nation;orders;supplier;lineitem,1125090,476990,0,0,2220,2220,0
2026-08-12T10:11:49Z,49472BC5FD3EF57F,18.4,queries/tpch/tpch-queries/q07/v1_materialized.sql,measured,2,5,5,3,1.442,3300.622,18,7,4,1763517,6096,58850990,441,2,_m;customer;nation;orders;supplier;lineitem,1125137,476943,0,0,2219,2219,0
2026-08-12T10:12:06Z,49472BC5FD3EF57F,18.4,queries/tpch/tpch-queries/q07/v1_materialized.sql,measured,3,1,5,3,5.094,3267.996,18,7,4,1763517,6096,58850990,441,2,_m;customer;nation;orders;supplier;lineitem,1125133,476947,0,0,2220,2220,0
2026-08-12T10:12:06Z,49472BC5FD3EF57F,18.4,queries/tpch/tpch-queries/q07/v1_materialized.sql,measured,3,2,5,3,1.503,3236.889,18,7,4,1763517,6096,58850990,441,2,_m;customer;nation;orders;supplier;lineitem,1125127,476953,0,0,2220,2220,0
2026-08-12T10:12:06Z,49472BC5FD3EF57F,18.4,queries/tpch/tpch-queries/q07/v1_materialized.sql,measured,3,3,5,3,1.449,3223.046,18,7,4,1763517,6096,58850990,441,2,_m;customer;nation;orders;supplier;lineitem,1125104,476976,0,0,2220,2220,0
2026-08-12T10:12:06Z,49472BC5FD3EF57F,18.4,queries/tpch/tpch-queries/q07/v1_materialized.sql,measured,3,4,5,3,1.440,3292.325,18,7,4,1763517,6096,58850990,441,2,_m;customer;nation;orders;supplier;lineitem,1125063,477017,0,0,2220,2220,0
2026-08-12T10:12:06Z,49472BC5FD3EF57F,18.4,queries/tpch/tpch-queries/q07/v1_materialized.sql,measured,3,5,5,3,1.437,3291.073,18,7,4,1763517,6096,58850990,441,2,_m;customer;nation;orders;supplier;lineitem,1125143,476937,0,0,2220,2220,0
2026-08-12T10:12:08Z,49472BC5FD3EF57F,18.4,queries/tpch/tpch-queries/q07/v2_union_all.sql,warmup,1,1,1,3,4.729,2076.478,33,14,4,1447888,586,43199860,930,2,customer;nation;orders;supplier;ixtest_supplier_nationkey;lineitem,401982,721289,0,0,0,0,0
2026-08-12T10:12:10Z,49472BC5FD3EF57F,18.4,queries/tpch/tpch-queries/q07/v2_union_all.sql,warmup,2,1,1,3,3.198,2004.606,33,14,4,1447888,586,43199860,930,2,customer;nation;orders;supplier;ixtest_supplier_nationkey;lineitem,401955,721319,0,0,0,0,0
2026-08-12T10:12:20Z,49472BC5FD3EF57F,18.4,queries/tpch/tpch-queries/q07/v2_union_all.sql,measured,1,1,5,3,3.238,2002.959,33,14,4,1447888,586,43199860,930,2,customer;nation;orders;supplier;ixtest_supplier_nationkey;lineitem,402298,720971,0,0,0,0,0
2026-08-12T10:12:20Z,49472BC5FD3EF57F,18.4,queries/tpch/tpch-queries/q07/v2_union_all.sql,measured,1,2,5,3,1.526,1999.601,33,14,4,1447888,586,43199860,930,2,customer;nation;orders;supplier;ixtest_supplier_nationkey;lineitem,404900,718373,0,0,0,0,0
2026-08-12T10:12:20Z,49472BC5FD3EF57F,18.4,queries/tpch/tpch-queries/q07/v2_union_all.sql,measured,1,3,5,3,1.450,2004.126,33,14,4,1447888,586,43199860,930,2,customer;nation;orders;supplier;ixtest_supplier_nationkey;lineitem,401833,721440,0,0,0,0,0
2026-08-12T10:12:20Z,49472BC5FD3EF57F,18.4,queries/tpch/tpch-queries/q07/v2_union_all.sql,measured,1,4,5,3,1.455,1985.512,33,14,4,1447888,586,43199860,930,2,customer;nation;orders;supplier;ixtest_supplier_nationkey;lineitem,401619,721652,0,0,0,0,0
2026-08-12T10:12:20Z,49472BC5FD3EF57F,18.4,queries/tpch/tpch-queries/q07/v2_union_all.sql,measured,1,5,5,3,1.446,2010.543,33,14,4,1447888,586,43199860,930,2,customer;nation;orders;supplier;ixtest_supplier_nationkey;lineitem,401718,721555,0,0,0,0,0
2026-08-12T10:12:30Z,49472BC5FD3EF57F,18.4,queries/tpch/tpch-queries/q07/v2_union_all.sql,measured,2,1,5,3,3.211,1999.619,33,14,4,1447888,586,43199860,930,2,customer;nation;orders;supplier;ixtest_supplier_nationkey;lineitem,402862,720411,0,0,0,0,0
2026-08-12T10:12:30Z,49472BC5FD3EF57F,18.4,queries/tpch/tpch-queries/q07/v2_union_all.sql,measured,2,2,5,3,1.509,2040.098,33,14,4,1447888,586,43199860,930,2,customer;nation;orders;supplier;ixtest_supplier_nationkey;lineitem,401639,721635,0,0,0,0,0
2026-08-12T10:12:30Z,49472BC5FD3EF57F,18.4,queries/tpch/tpch-queries/q07/v2_union_all.sql,measured,2,3,5,3,1.462,2021.761,33,14,4,1447888,586,43199860,930,2,customer;nation;orders;supplier;ixtest_supplier_nationkey;lineitem,401555,721698,0,0,0,0,0
2026-08-12T10:12:30Z,49472BC5FD3EF57F,18.4,queries/tpch/tpch-queries/q07/v2_union_all.sql,measured,2,4,5,3,1.440,1985.325,33,14,4,1447888,586,43199860,930,2,customer;nation;orders;supplier;ixtest_supplier_nationkey;lineitem,401482,721791,0,0,0,0,0
2026-08-12T10:12:30Z,49472BC5FD3EF57F,18.4,queries/tpch/tpch-queries/q07/v2_union_all.sql,measured,2,5,5,3,1.454,1991.121,33,14,4,1447888,586,43199860,930,2,customer;nation;orders;supplier;ixtest_supplier_nationkey;lineitem,402533,720739,0,0,0,0,0
2026-08-12T10:12:40Z,49472BC5FD3EF57F,18.4,queries/tpch/tpch-queries/q07/v2_union_all.sql,measured,3,1,5,3,3.347,1999.109,33,14,4,1447888,586,43199860,930,2,customer;nation;orders;supplier;ixtest_supplier_nationkey;lineitem,404270,719000,0,0,0,0,0
2026-08-12T10:12:40Z,49472BC5FD3EF57F,18.4,queries/tpch/tpch-queries/q07/v2_union_all.sql,measured,3,2,5,3,1.515,2011.247,33,14,4,1447888,586,43199860,930,2,customer;nation;orders;supplier;ixtest_supplier_nationkey;lineitem,401624,721645,0,0,0,0,0
2026-08-12T10:12:40Z,49472BC5FD3EF57F,18.4,queries/tpch/tpch-queries/q07/v2_union_all.sql,measured,3,3,5,3,1.447,1984.891,33,14,4,1447888,586,43199860,930,2,customer;nation;orders;supplier;ixtest_supplier_nationkey;lineitem,401488,721783,0,0,0,0,0
2026-08-12T10:12:40Z,49472BC5FD3EF57F,18.4,queries/tpch/tpch-queries/q07/v2_union_all.sql,measured,3,4,5,3,1.456,1992.420,33,14,4,1447888,586,43199860,930,2,customer;nation;orders;supplier;ixtest_supplier_nationkey;lineitem,401555,721717,0,0,0,0,0
2026-08-12T10:12:40Z,49472BC5FD3EF57F,18.4,queries/tpch/tpch-queries/q07/v2_union_all.sql,measured,3,5,5,3,1.461,1981.726,33,14,4,1447888,586,43199860,930,2,customer;nation;orders;supplier;ixtest_supplier_nationkey;lineitem,403327,719946,0,0,0,0,0
2026-08-12T10:12:41Z,49472BC5FD3EF57F,18.4,queries/tpch/tpch-queries/q08/base.sql,warmup,1,1,1,3,6.713,623.682,21,8,2,144711,2406,3350726,66188,2,part;lineitem;orders;customer;nation;region;supplier,185628,102712,0,0,0,0,0
2026-08-12T10:12:41Z,49472BC5FD3EF57F,18.4,queries/tpch/tpch-queries/q08/base.sql,warmup,2,1,1,3,3.718,242.851,21,8,2,144711,2406,3350726,66188,2,part;lineitem;orders;customer;nation;region;supplier,189102,99238,0,0,0,0,0
2026-08-12T10:12:43Z,49472BC5FD3EF57F,18.4,queries/tpch/tpch-queries/q08/base.sql,measured,1,1,5,3,7.873,261.215,21,8,2,144711,2406,3350726,66188,2,part;lineitem;orders;customer;nation;region;supplier,188950,99390,0,0,0,0,0
2026-08-12T10:12:43Z,49472BC5FD3EF57F,18.4,queries/tpch/tpch-queries/q08/base.sql,measured,1,2,5,3,2.084,242.355,21,8,2,144711,2406,3350726,66188,2,part;lineitem;orders;customer;nation;region;supplier,189072,99268,0,0,0,0,0
2026-08-12T10:12:43Z,49472BC5FD3EF57F,18.4,queries/tpch/tpch-queries/q08/base.sql,measured,1,3,5,3,1.971,241.472,21,8,2,144711,2406,3350726,66188,2,part;lineitem;orders;customer;nation;region;supplier,189050,99290,0,0,0,0,0
2026-08-12T10:12:43Z,49472BC5FD3EF57F,18.4,queries/tpch/tpch-queries/q08/base.sql,measured,1,4,5,3,1.879,241.814,21,8,2,144711,2406,3350726,66188,2,part;lineitem;orders;customer;nation;region;supplier,189127,99213,0,0,0,0,0
2026-08-12T10:12:43Z,49472BC5FD3EF57F,18.4,queries/tpch/tpch-queries/q08/base.sql,measured,1,5,5,3,1.935,245.226,21,8,2,144711,2406,3350726,66188,2,part;lineitem;orders;customer;nation;region;supplier,189118,99222,0,0,0,0,0
2026-08-12T10:12:44Z,49472BC5FD3EF57F,18.4,queries/tpch/tpch-queries/q08/base.sql,measured,2,1,5,3,6.201,272.397,21,8,2,144711,2406,3350726,66188,2,part;lineitem;orders;customer;nation;region;supplier,189009,99331,0,0,0,0,0
2026-08-12T10:12:44Z,49472BC5FD3EF57F,18.4,queries/tpch/tpch-queries/q08/base.sql,measured,2,2,5,3,2.028,240.396,21,8,2,144711,2406,3350726,66188,2,part;lineitem;orders;customer;nation;region;supplier,189036,99304,0,0,0,0,0
2026-08-12T10:12:44Z,49472BC5FD3EF57F,18.4,queries/tpch/tpch-queries/q08/base.sql,measured,2,3,5,3,1.991,240.707,21,8,2,144711,2406,3350726,66188,2,part;lineitem;orders;customer;nation;region;supplier,189125,99215,0,0,0,0,0
2026-08-12T10:12:44Z,49472BC5FD3EF57F,18.4,queries/tpch/tpch-queries/q08/base.sql,measured,2,4,5,3,1.890,241.101,21,8,2,144711,2406,3350726,66188,2,part;lineitem;orders;customer;nation;region;supplier,189130,99210,0,0,0,0,0
2026-08-12T10:12:44Z,49472BC5FD3EF57F,18.4,queries/tpch/tpch-queries/q08/base.sql,measured,2,5,5,3,1.941,239.232,21,8,2,144711,2406,3350726,66188,2,part;lineitem;orders;customer;nation;region;supplier,189066,99274,0,0,0,0,0
2026-08-12T10:12:45Z,49472BC5FD3EF57F,18.4,queries/tpch/tpch-queries/q08/base.sql,measured,3,1,5,3,4.120,261.110,21,8,2,144711,2406,3350726,66188,2,part;lineitem;orders;customer;nation;region;supplier,189038,99302,0,0,0,0,0
2026-08-12T10:12:45Z,49472BC5FD3EF57F,18.4,queries/tpch/tpch-queries/q08/base.sql,measured,3,2,5,3,2.053,243.133,21,8,2,144711,2406,3350726,66188,2,part;lineitem;orders;customer;nation;region;supplier,189065,99275,0,0,0,0,0
2026-08-12T10:12:45Z,49472BC5FD3EF57F,18.4,queries/tpch/tpch-queries/q08/base.sql,measured,3,3,5,3,1.917,238.529,21,8,2,144711,2406,3350726,66188,2,part;lineitem;orders;customer;nation;region;supplier,189091,99249,0,0,0,0,0
2026-08-12T10:12:45Z,49472BC5FD3EF57F,18.4,queries/tpch/tpch-queries/q08/base.sql,measured,3,4,5,3,1.916,247.025,21,8,2,144711,2406,3350726,66188,2,part;lineitem;orders;customer;nation;region;supplier,189062,99278,0,0,0,0,0
2026-08-12T10:12:45Z,49472BC5FD3EF57F,18.4,queries/tpch/tpch-queries/q08/base.sql,measured,3,5,5,3,1.949,242.732,21,8,2,144711,2406,3350726,66188,2,part;lineitem;orders;customer;nation;region;supplier,189087,99253,0,0,0,0,0
2026-08-12T10:12:46Z,49472BC5FD3EF57F,18.4,queries/tpch/tpch-queries/q08/v1_materialized.sql,warmup,1,1,1,3,3.848,248.430,22,9,2,144713,2406,3350854,66188,2,_m;part;lineitem;orders;customer;nation;region;supplier,189048,99292,0,0,0,0,0
2026-08-12T10:12:46Z,49472BC5FD3EF57F,18.4,queries/tpch/tpch-queries/q08/v1_materialized.sql,warmup,2,1,1,3,7.898,273.989,22,9,2,144713,2406,3350854,66188,2,_m;part;lineitem;orders;customer;nation;region;supplier,189012,99328,0,0,0,0,0
2026-08-12T10:12:48Z,49472BC5FD3EF57F,18.4,queries/tpch/tpch-queries/q08/v1_materialized.sql,measured,1,1,5,3,7.041,284.771,22,9,2,144713,2406,3350854,66188,2,_m;part;lineitem;orders;customer;nation;region;supplier,189084,99256,0,0,0,0,0
2026-08-12T10:12:48Z,49472BC5FD3EF57F,18.4,queries/tpch/tpch-queries/q08/v1_materialized.sql,measured,1,2,5,3,2.212,246.922,22,9,2,144713,2406,3350854,66188,2,_m;part;lineitem;orders;customer;nation;region;supplier,189027,99313,0,0,0,0,0
2026-08-12T10:12:48Z,49472BC5FD3EF57F,18.4,queries/tpch/tpch-queries/q08/v1_materialized.sql,measured,1,3,5,3,1.939,250.933,22,9,2,144713,2406,3350854,66188,2,_m;part;lineitem;orders;customer;nation;region;supplier,189178,99162,0,0,0,0,0
2026-08-12T10:12:48Z,49472BC5FD3EF57F,18.4,queries/tpch/tpch-queries/q08/v1_materialized.sql,measured,1,4,5,3,1.969,244.304,22,9,2,144713,2406,3350854,66188,2,_m;part;lineitem;orders;customer;nation;region;supplier,189112,99228,0,0,0,0,0
2026-08-12T10:12:48Z,49472BC5FD3EF57F,18.4,queries/tpch/tpch-queries/q08/v1_materialized.sql,measured,1,5,5,3,1.947,242.914,22,9,2,144713,2406,3350854,66188,2,_m;part;lineitem;orders;customer;nation;region;supplier,189152,99188,0,0,0,0,0
2026-08-12T10:12:49Z,49472BC5FD3EF57F,18.4,queries/tpch/tpch-queries/q08/v1_materialized.sql,measured,2,1,5,3,3.848,246.534,22,9,2,144713,2406,3350854,66188,2,_m;part;lineitem;orders;customer;nation;region;supplier,189054,99286,0,0,0,0,0
2026-08-12T10:12:49Z,49472BC5FD3EF57F,18.4,queries/tpch/tpch-queries/q08/v1_materialized.sql,measured,2,2,5,3,2.063,239.906,22,9,2,144713,2406,3350854,66188,2,_m;part;lineitem;orders;customer;nation;region;supplier,189102,99238,0,0,0,0,0
2026-08-12T10:12:49Z,49472BC5FD3EF57F,18.4,queries/tpch/tpch-queries/q08/v1_materialized.sql,measured,2,3,5,3,1.943,241.696,22,9,2,144713,2406,3350854,66188,2,_m;part;lineitem;orders;customer;nation;region;supplier,189092,99248,0,0,0,0,0
2026-08-12T10:12:49Z,49472BC5FD3EF57F,18.4,queries/tpch/tpch-queries/q08/v1_materialized.sql,measured,2,4,5,3,1.938,239.072,22,9,2,144713,2406,3350854,66188,2,_m;part;lineitem;orders;customer;nation;region;supplier,189117,99223,0,0,0,0,0
2026-08-12T10:12:49Z,49472BC5FD3EF57F,18.4,queries/tpch/tpch-queries/q08/v1_materialized.sql,measured,2,5,5,3,1.921,236.811,22,9,2,144713,2406,3350854,66188,2,_m;part;lineitem;orders;customer;nation;region;supplier,189166,99174,0,0,0,0,0
2026-08-12T10:12:50Z,49472BC5FD3EF57F,18.4,queries/tpch/tpch-queries/q08/v1_materialized.sql,measured,3,1,5,3,4.682,252.094,22,9,2,144713,2406,3350854,66188,2,_m;part;lineitem;orders;customer;nation;region;supplier,189059,99281,0,0,0,0,0
2026-08-12T10:12:50Z,49472BC5FD3EF57F,18.4,queries/tpch/tpch-queries/q08/v1_materialized.sql,measured,3,2,5,3,2.053,242.833,22,9,2,144713,2406,3350854,66188,2,_m;part;lineitem;orders;customer;nation;region;supplier,189079,99261,0,0,0,0,0
2026-08-12T10:12:50Z,49472BC5FD3EF57F,18.4,queries/tpch/tpch-queries/q08/v1_materialized.sql,measured,3,3,5,3,1.942,241.312,22,9,2,144713,2406,3350854,66188,2,_m;part;lineitem;orders;customer;nation;region;supplier,189081,99259,0,0,0,0,0
2026-08-12T10:12:50Z,49472BC5FD3EF57F,18.4,queries/tpch/tpch-queries/q08/v1_materialized.sql,measured,3,4,5,3,1.934,242.464,22,9,2,144713,2406,3350854,66188,2,_m;part;lineitem;orders;customer;nation;region;supplier,189072,99268,0,0,0,0,0
2026-08-12T10:12:50Z,49472BC5FD3EF57F,18.4,queries/tpch/tpch-queries/q08/v1_materialized.sql,measured,3,5,5,3,1.903,241.152,22,9,2,144713,2406,3350854,66188,2,_m;part;lineitem;orders;customer;nation;region;supplier,189105,99235,0,0,0,0,0
2026-08-12T10:12:51Z,49472BC5FD3EF57F,18.4,queries/tpch/tpch-queries/q08/v2_filter.sql,warmup,1,1,1,3,6.326,273.480,21,8,2,144711,2406,3350726,66188,2,part;lineitem;orders;customer;nation;region;supplier,189048,99292,0,0,0,0,0
2026-08-12T10:12:51Z,49472BC5FD3EF57F,18.4,queries/tpch/tpch-queries/q08/v2_filter.sql,warmup,2,1,1,3,5.714,267.058,21,8,2,144711,2406,3350726,66188,2,part;lineitem;orders;customer;nation;region;supplier,189075,99265,0,0,0,0,0
2026-08-12T10:12:52Z,49472BC5FD3EF57F,18.4,queries/tpch/tpch-queries/q08/v2_filter.sql,measured,1,1,5,3,6.260,269.423,21,8,2,144711,2406,3350726,66188,2,part;lineitem;orders;customer;nation;region;supplier,189012,99328,0,0,0,0,0
2026-08-12T10:12:52Z,49472BC5FD3EF57F,18.4,queries/tpch/tpch-queries/q08/v2_filter.sql,measured,1,2,5,3,2.052,243.156,21,8,2,144711,2406,3350726,66188,2,part;lineitem;orders;customer;nation;region;supplier,189184,99156,0,0,0,0,0
2026-08-12T10:12:52Z,49472BC5FD3EF57F,18.4,queries/tpch/tpch-queries/q08/v2_filter.sql,measured,1,3,5,3,1.919,242.409,21,8,2,144711,2406,3350726,66188,2,part;lineitem;orders;customer;nation;region;supplier,189118,99222,0,0,0,0,0
2026-08-12T10:12:52Z,49472BC5FD3EF57F,18.4,queries/tpch/tpch-queries/q08/v2_filter.sql,measured,1,4,5,3,1.977,238.167,21,8,2,144711,2406,3350726,66188,2,part;lineitem;orders;customer;nation;region;supplier,189040,99300,0,0,0,0,0
2026-08-12T10:12:52Z,49472BC5FD3EF57F,18.4,queries/tpch/tpch-queries/q08/v2_filter.sql,measured,1,5,5,3,1.993,241.020,21,8,2,144711,2406,3350726,66188,2,part;lineitem;orders;customer;nation;region;supplier,189100,99240,0,0,0,0,0
2026-08-12T10:12:54Z,49472BC5FD3EF57F,18.4,queries/tpch/tpch-queries/q08/v2_filter.sql,measured,2,1,5,3,4.138,262.025,21,8,2,144711,2406,3350726,66188,2,part;lineitem;orders;customer;nation;region;supplier,188960,99380,0,0,0,0,0
2026-08-12T10:12:54Z,49472BC5FD3EF57F,18.4,queries/tpch/tpch-queries/q08/v2_filter.sql,measured,2,2,5,3,2.121,245.185,21,8,2,144711,2406,3350726,66188,2,part;lineitem;orders;customer;nation;region;supplier,189095,99245,0,0,0,0,0
2026-08-12T10:12:54Z,49472BC5FD3EF57F,18.4,queries/tpch/tpch-queries/q08/v2_filter.sql,measured,2,3,5,3,1.995,246.357,21,8,2,144711,2406,3350726,66188,2,part;lineitem;orders;customer;nation;region;supplier,189065,99275,0,0,0,0,0
2026-08-12T10:12:54Z,49472BC5FD3EF57F,18.4,queries/tpch/tpch-queries/q08/v2_filter.sql,measured,2,4,5,3,1.931,243.206,21,8,2,144711,2406,3350726,66188,2,part;lineitem;orders;customer;nation;region;supplier,189066,99274,0,0,0,0,0
2026-08-12T10:12:54Z,49472BC5FD3EF57F,18.4,queries/tpch/tpch-queries/q08/v2_filter.sql,measured,2,5,5,3,1.932,240.912,21,8,2,144711,2406,3350726,66188,2,part;lineitem;orders;customer;nation;region;supplier,189114,99226,0,0,0,0,0
2026-08-12T10:12:55Z,49472BC5FD3EF57F,18.4,queries/tpch/tpch-queries/q08/v2_filter.sql,measured,3,1,5,3,6.154,269.959,21,8,2,144711,2406,3350726,66188,2,part;lineitem;orders;customer;nation;region;supplier,189013,99327,0,0,0,0,0
2026-08-12T10:12:55Z,49472BC5FD3EF57F,18.4,queries/tpch/tpch-queries/q08/v2_filter.sql,measured,3,2,5,3,2.047,241.347,21,8,2,144711,2406,3350726,66188,2,part;lineitem;orders;customer;nation;region;supplier,189155,99185,0,0,0,0,0
2026-08-12T10:12:55Z,49472BC5FD3EF57F,18.4,queries/tpch/tpch-queries/q08/v2_filter.sql,measured,3,3,5,3,1.927,241.779,21,8,2,144711,2406,3350726,66188,2,part;lineitem;orders;customer;nation;region;supplier,189079,99261,0,0,0,0,0
2026-08-12T10:12:55Z,49472BC5FD3EF57F,18.4,queries/tpch/tpch-queries/q08/v2_filter.sql,measured,3,4,5,3,1.993,240.928,21,8,2,144711,2406,3350726,66188,2,part;lineitem;orders;customer;nation;region;supplier,189186,99154,0,0,0,0,0
2026-08-12T10:12:55Z,49472BC5FD3EF57F,18.4,queries/tpch/tpch-queries/q08/v2_filter.sql,measured,3,5,5,3,1.928,237.568,21,8,2,144711,2406,3350726,66188,2,part;lineitem;orders;customer;nation;region;supplier,189095,99245,0,0,0,0,0
2026-08-12T10:12:57Z,49472BC5FD3EF57F,18.4,queries/tpch/tpch-queries/q09/base.sql,warmup,1,1,1,3,12.532,2239.768,15,6,175,2950121,48,123794846,63112,2,part;partsupp;lineitem;supplier;orders;nation,2111837,618868,0,0,2601,2607,0
2026-08-12T10:12:59Z,49472BC5FD3EF57F,18.4,queries/tpch/tpch-queries/q09/base.sql,warmup,2,1,1,3,4.670,1837.766,15,6,175,2950121,48,123794846,63112,2,part;partsupp;lineitem;supplier;orders;nation,2112610,618095,0,0,2601,2607,0
2026-08-12T10:13:08Z,49472BC5FD3EF57F,18.4,queries/tpch/tpch-queries/q09/base.sql,measured,1,1,5,3,4.570,1826.012,15,6,175,2950121,48,123794846,63112,2,part;partsupp;lineitem;supplier;orders;nation,2112575,618130,0,0,2601,2607,0
2026-08-12T10:13:08Z,49472BC5FD3EF57F,18.4,queries/tpch/tpch-queries/q09/base.sql,measured,1,2,5,3,2.480,1816.023,15,6,175,2950121,48,123794846,63112,2,part;partsupp;lineitem;supplier;orders;nation,2112263,618442,0,0,2601,2607,0
2026-08-12T10:13:08Z,49472BC5FD3EF57F,18.4,queries/tpch/tpch-queries/q09/base.sql,measured,1,3,5,3,2.410,1812.448,15,6,175,2950121,48,123794846,63112,2,part;partsupp;lineitem;supplier;orders;nation,2112734,617971,0,0,2602,2608,0
2026-08-12T10:13:08Z,49472BC5FD3EF57F,18.4,queries/tpch/tpch-queries/q09/base.sql,measured,1,4,5,3,2.411,1799.883,15,6,175,2950121,48,123794846,63112,2,part;partsupp;lineitem;supplier;orders;nation,2112663,618042,0,0,2601,2607,0
2026-08-12T10:13:08Z,49472BC5FD3EF57F,18.4,queries/tpch/tpch-queries/q09/base.sql,measured,1,5,5,3,2.419,1804.496,15,6,175,2950121,48,123794846,63112,2,part;partsupp;lineitem;supplier;orders;nation,2112910,617795,0,0,2601,2607,0
2026-08-12T10:13:18Z,49472BC5FD3EF57F,18.4,queries/tpch/tpch-queries/q09/base.sql,measured,2,1,5,3,4.726,1842.959,15,6,175,2950121,48,123794846,63112,2,part;partsupp;lineitem;supplier;orders;nation,2112437,618268,0,0,2602,2608,0
2026-08-12T10:13:18Z,49472BC5FD3EF57F,18.4,queries/tpch/tpch-queries/q09/base.sql,measured,2,2,5,3,2.487,1814.635,15,6,175,2950121,48,123794846,63112,2,part;partsupp;lineitem;supplier;orders;nation,2112626,618079,0,0,2602,2608,0
2026-08-12T10:13:18Z,49472BC5FD3EF57F,18.4,queries/tpch/tpch-queries/q09/base.sql,measured,2,3,5,3,2.419,1797.956,15,6,175,2950121,48,123794846,63112,2,part;partsupp;lineitem;supplier;orders;nation,2112661,618044,0,0,2601,2607,0
2026-08-12T10:13:18Z,49472BC5FD3EF57F,18.4,queries/tpch/tpch-queries/q09/base.sql,measured,2,4,5,3,2.409,1809.897,15,6,175,2950121,48,123794846,63112,2,part;partsupp;lineitem;supplier;orders;nation,2112601,618104,0,0,2602,2608,0
2026-08-12T10:13:18Z,49472BC5FD3EF57F,18.4,queries/tpch/tpch-queries/q09/base.sql,measured,2,5,5,3,2.397,1782.753,15,6,175,2950121,48,123794846,63112,2,part;partsupp;lineitem;supplier;orders;nation,2112779,617926,0,0,2600,2606,0
2026-08-12T10:13:27Z,49472BC5FD3EF57F,18.4,queries/tpch/tpch-queries/q09/base.sql,measured,3,1,5,3,4.730,1849.493,15,6,175,2950121,48,123794846,63112,2,part;partsupp;lineitem;supplier;orders;nation,2112717,617988,0,0,2601,2607,0
2026-08-12T10:13:27Z,49472BC5FD3EF57F,18.4,queries/tpch/tpch-queries/q09/base.sql,measured,3,2,5,3,2.542,1853.558,15,6,175,2950121,48,123794846,63112,2,part;partsupp;lineitem;supplier;orders;nation,2112806,617899,0,0,2601,2607,0
2026-08-12T10:13:27Z,49472BC5FD3EF57F,18.4,queries/tpch/tpch-queries/q09/base.sql,measured,3,3,5,3,2.489,1842.633,15,6,175,2950121,48,123794846,63112,2,part;partsupp;lineitem;supplier;orders;nation,2112487,618218,0,0,2601,2607,0
2026-08-12T10:13:27Z,49472BC5FD3EF57F,18.4,queries/tpch/tpch-queries/q09/base.sql,measured,3,4,5,3,2.389,1798.728,15,6,175,2950121,48,123794846,63112,2,part;partsupp;lineitem;supplier;orders;nation,2112535,618170,0,0,2600,2606,0
2026-08-12T10:13:27Z,49472BC5FD3EF57F,18.4,queries/tpch/tpch-queries/q09/base.sql,measured,3,5,5,3,2.388,1791.819,15,6,175,2950121,48,123794846,63112,2,part;partsupp;lineitem;supplier;orders;nation,2112471,618234,0,0,2601,2607,0
2026-08-12T10:13:29Z,49472BC5FD3EF57F,18.4,queries/tpch/tpch-queries/q09/v1_materialized.sql,warmup,1,1,1,3,4.661,1871.469,17,7,175,2950471,48,123853646,63112,2,part;partsupp;lineitem;supplier;orders;nation;_m,2112289,618416,0,0,2601,2607,0
2026-08-12T10:13:31Z,49472BC5FD3EF57F,18.4,queries/tpch/tpch-queries/q09/v1_materialized.sql,warmup,2,1,1,3,4.665,1845.908,17,7,175,2950471,48,123853646,63112,2,part;partsupp;lineitem;supplier;orders;nation;_m,2112533,618172,0,0,2601,2607,0
2026-08-12T10:13:40Z,49472BC5FD3EF57F,18.4,queries/tpch/tpch-queries/q09/v1_materialized.sql,measured,1,1,5,3,4.750,1874.989,17,7,175,2950471,48,123853646,63112,2,part;partsupp;lineitem;supplier;orders;nation;_m,2112647,618058,0,0,2602,2608,0
2026-08-12T10:13:40Z,49472BC5FD3EF57F,18.4,queries/tpch/tpch-queries/q09/v1_materialized.sql,measured,1,2,5,3,2.503,1819.135,17,7,175,2950471,48,123853646,63112,2,part;partsupp;lineitem;supplier;orders;nation;_m,2112489,618216,0,0,2601,2607,0
2026-08-12T10:13:40Z,49472BC5FD3EF57F,18.4,queries/tpch/tpch-queries/q09/v1_materialized.sql,measured,1,3,5,3,2.398,1824.781,17,7,175,2950471,48,123853646,63112,2,part;partsupp;lineitem;supplier;orders;nation;_m,2112525,618180,0,0,2601,2607,0
2026-08-12T10:13:40Z,49472BC5FD3EF57F,18.4,queries/tpch/tpch-queries/q09/v1_materialized.sql,measured,1,4,5,3,2.462,1853.671,17,7,175,2950471,48,123853646,63112,2,part;partsupp;lineitem;supplier;orders;nation;_m,2112826,617879,0,0,2601,2607,0
2026-08-12T10:13:40Z,49472BC5FD3EF57F,18.4,queries/tpch/tpch-queries/q09/v1_materialized.sql,measured,1,5,5,3,2.429,1811.397,17,7,175,2950471,48,123853646,63112,2,part;partsupp;lineitem;supplier;orders;nation;_m,2112419,618286,0,0,2601,2607,0
2026-08-12T10:13:49Z,49472BC5FD3EF57F,18.4,queries/tpch/tpch-queries/q09/v1_materialized.sql,measured,2,1,5,3,4.611,1833.226,17,7,175,2950471,48,123853646,63112,2,part;partsupp;lineitem;supplier;orders;nation;_m,2112289,618416,0,0,2601,2607,0
2026-08-12T10:13:49Z,49472BC5FD3EF57F,18.4,queries/tpch/tpch-queries/q09/v1_materialized.sql,measured,2,2,5,3,2.560,1860.002,17,7,175,2950471,48,123853646,63112,2,part;partsupp;lineitem;supplier;orders;nation;_m,2112317,618388,0,0,2601,2607,0
2026-08-12T10:13:49Z,49472BC5FD3EF57F,18.4,queries/tpch/tpch-queries/q09/v1_materialized.sql,measured,2,3,5,3,2.482,1848.492,17,7,175,2950471,48,123853646,63112,2,part;partsupp;lineitem;supplier;orders;nation;_m,2112186,618519,0,0,2601,2607,0
2026-08-12T10:13:49Z,49472BC5FD3EF57F,18.4,queries/tpch/tpch-queries/q09/v1_materialized.sql,measured,2,4,5,3,2.454,1861.980,17,7,175,2950471,48,123853646,63112,2,part;partsupp;lineitem;supplier;orders;nation;_m,2112794,617911,0,0,2601,2607,0
2026-08-12T10:13:49Z,49472BC5FD3EF57F,18.4,queries/tpch/tpch-queries/q09/v1_materialized.sql,measured,2,5,5,3,2.478,1852.903,17,7,175,2950471,48,123853646,63112,2,part;partsupp;lineitem;supplier;orders;nation;_m,2112440,618265,0,0,2601,2607,0
2026-08-12T10:13:59Z,49472BC5FD3EF57F,18.4,queries/tpch/tpch-queries/q09/v1_materialized.sql,measured,3,1,5,3,4.590,1824.081,17,7,175,2950471,48,123853646,63112,2,part;partsupp;lineitem;supplier;orders;nation;_m,2112428,618277,0,0,2601,2607,0
2026-08-12T10:13:59Z,49472BC5FD3EF57F,18.4,queries/tpch/tpch-queries/q09/v1_materialized.sql,measured,3,2,5,3,2.481,1838.480,17,7,175,2950471,48,123853646,63112,2,part;partsupp;lineitem;supplier;orders;nation;_m,2112398,618307,0,0,2601,2607,0
2026-08-12T10:13:59Z,49472BC5FD3EF57F,18.4,queries/tpch/tpch-queries/q09/v1_materialized.sql,measured,3,3,5,3,2.469,1853.519,17,7,175,2950471,48,123853646,63112,2,part;partsupp;lineitem;supplier;orders;nation;_m,2112560,618145,0,0,2601,2607,0
2026-08-12T10:13:59Z,49472BC5FD3EF57F,18.4,queries/tpch/tpch-queries/q09/v1_materialized.sql,measured,3,4,5,3,2.452,1853.321,17,7,175,2950471,48,123853646,63112,2,part;partsupp;lineitem;supplier;orders;nation;_m,2112232,618473,0,0,2601,2607,0
2026-08-12T10:13:59Z,49472BC5FD3EF57F,18.4,queries/tpch/tpch-queries/q09/v1_materialized.sql,measured,3,5,5,3,2.406,1849.331,17,7,175,2950471,48,123853646,63112,2,part;partsupp;lineitem;supplier;orders;nation;_m,2112725,617980,0,0,2601,2607,0
2026-08-12T10:13:59Z,49472BC5FD3EF57F,18.4,queries/tpch/tpch-queries/q10/base.sql,warmup,1,1,1,3,3.834,403.380,15,5,20,1104663,20,116170137,2,2,customer;orders;ixtest_orders_orderdate;lineitem;nation,175603,82973,0,0,2738,2744,0
2026-08-12T10:14:00Z,49472BC5FD3EF57F,18.4,queries/tpch/tpch-queries/q10/base.sql,warmup,2,1,1,3,2.248,391.760,15,5,20,1104663,20,116170137,2,2,customer;orders;ixtest_orders_orderdate;lineitem;nation,174897,83679,0,0,2739,2745,0
2026-08-12T10:14:02Z,49472BC5FD3EF57F,18.4,queries/tpch/tpch-queries/q10/base.sql,measured,1,1,5,3,2.371,413.223,15,5,20,1104663,20,116170137,2,2,customer;orders;ixtest_orders_orderdate;lineitem;nation,174897,83679,0,0,2739,2745,0
2026-08-12T10:14:02Z,49472BC5FD3EF57F,18.4,queries/tpch/tpch-queries/q10/base.sql,measured,1,2,5,3,0.791,392.254,15,5,20,1104663,20,116170137,2,2,customer;orders;ixtest_orders_orderdate;lineitem;nation,174893,83683,0,0,2739,2744,0
2026-08-12T10:14:02Z,49472BC5FD3EF57F,18.4,queries/tpch/tpch-queries/q10/base.sql,measured,1,3,5,3,0.780,403.979,15,5,20,1104663,20,116170137,2,2,customer;orders;ixtest_orders_orderdate;lineitem;nation,174893,83683,0,0,2737,2742,0
2026-08-12T10:14:02Z,49472BC5FD3EF57F,18.4,queries/tpch/tpch-queries/q10/base.sql,measured,1,4,5,3,0.798,400.066,15,5,20,1104663,20,116170137,2,2,customer;orders;ixtest_orders_orderdate;lineitem;nation,174893,83683,0,0,2739,2745,0
2026-08-12T10:14:02Z,49472BC5FD3EF57F,18.4,queries/tpch/tpch-queries/q10/base.sql,measured,1,5,5,3,0.818,390.696,15,5,20,1104663,20,116170137,2,2,customer;orders;ixtest_orders_orderdate;lineitem;nation,174893,83683,0,0,2739,2745,0
2026-08-12T10:14:04Z,49472BC5FD3EF57F,18.4,queries/tpch/tpch-queries/q10/base.sql,measured,2,1,5,3,2.581,410.889,15,5,20,1104663,20,116170137,2,2,customer;orders;ixtest_orders_orderdate;lineitem;nation,174897,83679,0,0,2740,2746,0
2026-08-12T10:14:04Z,49472BC5FD3EF57F,18.4,queries/tpch/tpch-queries/q10/base.sql,measured,2,2,5,3,0.786,399.336,15,5,20,1104663,20,116170137,2,2,customer;orders;ixtest_orders_orderdate;lineitem;nation,174893,83683,0,0,2738,2743,0
2026-08-12T10:14:04Z,49472BC5FD3EF57F,18.4,queries/tpch/tpch-queries/q10/base.sql,measured,2,3,5,3,0.807,395.905,15,5,20,1104663,20,116170137,2,2,customer;orders;ixtest_orders_orderdate;lineitem;nation,174893,83683,0,0,2739,2745,0
2026-08-12T10:14:04Z,49472BC5FD3EF57F,18.4,queries/tpch/tpch-queries/q10/base.sql,measured,2,4,5,3,0.824,418.693,15,5,20,1104663,20,116170137,2,2,customer;orders;ixtest_orders_orderdate;lineitem;nation,174893,83683,0,0,2740,2746,0
2026-08-12T10:14:04Z,49472BC5FD3EF57F,18.4,queries/tpch/tpch-queries/q10/base.sql,measured,2,5,5,3,0.798,407.171,15,5,20,1104663,20,116170137,2,2,customer;orders;ixtest_orders_orderdate;lineitem;nation,174893,83683,0,0,2738,2744,0
2026-08-12T10:14:06Z,49472BC5FD3EF57F,18.4,queries/tpch/tpch-queries/q10/base.sql,measured,3,1,5,3,2.351,411.633,15,5,20,1104663,20,116170137,2,2,customer;orders;ixtest_orders_orderdate;lineitem;nation,174897,83679,0,0,2738,2744,0
2026-08-12T10:14:06Z,49472BC5FD3EF57F,18.4,queries/tpch/tpch-queries/q10/base.sql,measured,3,2,5,3,0.804,387.718,15,5,20,1104663,20,116170137,2,2,customer;orders;ixtest_orders_orderdate;lineitem;nation,174893,83683,0,0,2739,2745,0
2026-08-12T10:14:06Z,49472BC5FD3EF57F,18.4,queries/tpch/tpch-queries/q10/base.sql,measured,3,3,5,3,0.819,410.496,15,5,20,1104663,20,116170137,2,2,customer;orders;ixtest_orders_orderdate;lineitem;nation,174893,83683,0,0,2739,2745,0
2026-08-12T10:14:06Z,49472BC5FD3EF57F,18.4,queries/tpch/tpch-queries/q10/base.sql,measured,3,4,5,3,0.803,406.640,15,5,20,1104663,20,116170137,2,2,customer;orders;ixtest_orders_orderdate;lineitem;nation,174893,83683,0,0,2739,2745,0
2026-08-12T10:14:06Z,49472BC5FD3EF57F,18.4,queries/tpch/tpch-queries/q10/base.sql,measured,3,5,5,3,0.813,414.769,15,5,20,1104663,20,116170137,2,2,customer;orders;ixtest_orders_orderdate;lineitem;nation,174893,83683,0,0,2740,2745,0
2026-08-12T10:14:07Z,49472BC5FD3EF57F,18.4,queries/tpch/tpch-queries/q10/v1_materialized.sql,warmup,1,1,1,3,2.068,433.007,16,6,20,1142630,20,140486577,2,2,customer;orders;ixtest_orders_orderdate;lineitem;nation;_m,174897,83679,0,0,2739,3627,0
2026-08-12T10:14:07Z,49472BC5FD3EF57F,18.4,queries/tpch/tpch-queries/q10/v1_materialized.sql,warmup,2,1,1,3,2.067,411.214,16,6,20,1142630,20,140486577,2,2,customer;orders;ixtest_orders_orderdate;lineitem;nation;_m,174897,83679,0,0,2739,3627,0
2026-08-12T10:14:09Z,49472BC5FD3EF57F,18.4,queries/tpch/tpch-queries/q10/v1_materialized.sql,measured,1,1,5,3,2.110,429.884,16,6,20,1142630,20,140486577,2,2,customer;orders;ixtest_orders_orderdate;lineitem;nation;_m,174897,83679,0,0,2738,3626,0
2026-08-12T10:14:09Z,49472BC5FD3EF57F,18.4,queries/tpch/tpch-queries/q10/v1_materialized.sql,measured,1,2,5,3,0.612,405.929,16,6,20,1142630,20,140486577,2,2,customer;orders;ixtest_orders_orderdate;lineitem;nation;_m,174893,83683,0,0,2739,3626,0
2026-08-12T10:14:09Z,49472BC5FD3EF57F,18.4,queries/tpch/tpch-queries/q10/v1_materialized.sql,measured,1,3,5,3,0.604,406.601,16,6,20,1142630,20,140486577,2,2,customer;orders;ixtest_orders_orderdate;lineitem;nation;_m,174893,83683,0,0,2739,3627,0
2026-08-12T10:14:09Z,49472BC5FD3EF57F,18.4,queries/tpch/tpch-queries/q10/v1_materialized.sql,measured,1,4,5,3,0.619,413.025,16,6,20,1142630,20,140486577,2,2,customer;orders;ixtest_orders_orderdate;lineitem;nation;_m,174893,83683,0,0,2739,3627,0
2026-08-12T10:14:09Z,49472BC5FD3EF57F,18.4,queries/tpch/tpch-queries/q10/v1_materialized.sql,measured,1,5,5,3,0.637,419.124,16,6,20,1142630,20,140486577,2,2,customer;orders;ixtest_orders_orderdate;lineitem;nation;_m,174893,83683,0,0,2739,3627,0
2026-08-12T10:14:12Z,49472BC5FD3EF57F,18.4,queries/tpch/tpch-queries/q10/v1_materialized.sql,measured,2,1,5,3,2.081,429.628,16,6,20,1142630,20,140486577,2,2,customer;orders;ixtest_orders_orderdate;lineitem;nation;_m,174897,83679,0,0,2739,3627,0
2026-08-12T10:14:12Z,49472BC5FD3EF57F,18.4,queries/tpch/tpch-queries/q10/v1_materialized.sql,measured,2,2,5,3,0.621,431.965,16,6,20,1142630,20,140486577,2,2,customer;orders;ixtest_orders_orderdate;lineitem;nation;_m,174893,83683,0,0,2739,3627,0
2026-08-12T10:14:12Z,49472BC5FD3EF57F,18.4,queries/tpch/tpch-queries/q10/v1_materialized.sql,measured,2,3,5,3,0.629,425.606,16,6,20,1142630,20,140486577,2,2,customer;orders;ixtest_orders_orderdate;lineitem;nation;_m,174893,83683,0,0,2738,3625,0
2026-08-12T10:14:12Z,49472BC5FD3EF57F,18.4,queries/tpch/tpch-queries/q10/v1_materialized.sql,measured,2,4,5,3,0.621,427.195,16,6,20,1142630,20,140486577,2,2,customer;orders;ixtest_orders_orderdate;lineitem;nation;_m,174893,83683,0,0,2740,3628,0
2026-08-12T10:14:12Z,49472BC5FD3EF57F,18.4,queries/tpch/tpch-queries/q10/v1_materialized.sql,measured,2,5,5,3,0.627,412.336,16,6,20,1142630,20,140486577,2,2,customer;orders;ixtest_orders_orderdate;lineitem;nation;_m,174893,83683,0,0,2739,3627,0
2026-08-12T10:14:14Z,49472BC5FD3EF57F,18.4,queries/tpch/tpch-queries/q10/v1_materialized.sql,measured,3,1,5,3,2.174,436.866,16,6,20,1142630,20,140486577,2,2,customer;orders;ixtest_orders_orderdate;lineitem;nation;_m,174897,83679,0,0,2740,3628,0
2026-08-12T10:14:14Z,49472BC5FD3EF57F,18.4,queries/tpch/tpch-queries/q10/v1_materialized.sql,measured,3,2,5,3,0.609,410.654,16,6,20,1142630,20,140486577,2,2,customer;orders;ixtest_orders_orderdate;lineitem;nation;_m,174893,83683,0,0,2738,3625,0
2026-08-12T10:14:14Z,49472BC5FD3EF57F,18.4,queries/tpch/tpch-queries/q10/v1_materialized.sql,measured,3,3,5,3,0.599,408.115,16,6,20,1142630,20,140486577,2,2,customer;orders;ixtest_orders_orderdate;lineitem;nation;_m,174893,83683,0,0,2739,3627,0
2026-08-12T10:14:14Z,49472BC5FD3EF57F,18.4,queries/tpch/tpch-queries/q10/v1_materialized.sql,measured,3,4,5,3,0.622,410.015,16,6,20,1142630,20,140486577,2,2,customer;orders;ixtest_orders_orderdate;lineitem;nation;_m,174893,83683,0,0,2741,3629,0
2026-08-12T10:14:14Z,49472BC5FD3EF57F,18.4,queries/tpch/tpch-queries/q10/v1_materialized.sql,measured,3,5,5,3,0.614,417.769,16,6,20,1142630,20,140486577,2,2,customer;orders;ixtest_orders_orderdate;lineitem;nation;_m,174893,83683,0,0,2740,3628,0
2026-08-12T10:14:14Z,49472BC5FD3EF57F,18.4,queries/tpch/tpch-queries/q11/base.sql,warmup,1,1,1,3,1.413,157.710,15,8,1048,131195,10620,1859080,28818,0,nation;supplier;ixtest_supplier_nationkey;partsupp,47992,18129,0,0,41,110,0
2026-08-12T10:14:14Z,49472BC5FD3EF57F,18.4,queries/tpch/tpch-queries/q11/base.sql,warmup,2,1,1,3,1.247,76.721,15,8,1048,131195,10620,1859080,28818,0,nation;supplier;ixtest_supplier_nationkey;partsupp,66121,0,0,0,41,110,0
2026-08-12T10:14:15Z,49472BC5FD3EF57F,18.4,queries/tpch/tpch-queries/q11/base.sql,measured,1,1,5,3,1.102,72.273,15,8,1048,131195,10620,1859080,28818,0,nation;supplier;ixtest_supplier_nationkey;partsupp,66121,0,0,0,41,110,0
2026-08-12T10:14:15Z,49472BC5FD3EF57F,18.4,queries/tpch/tpch-queries/q11/base.sql,measured,1,2,5,3,0.410,67.270,15,8,1048,131195,10620,1859080,28818,0,nation;supplier;ixtest_supplier_nationkey;partsupp,66118,0,0,0,41,110,0
2026-08-12T10:14:15Z,49472BC5FD3EF57F,18.4,queries/tpch/tpch-queries/q11/base.sql,measured,1,3,5,3,0.404,66.818,15,8,1048,131195,10620,1859080,28818,0,nation;supplier;ixtest_supplier_nationkey;partsupp,66118,0,0,0,41,110,0
2026-08-12T10:14:15Z,49472BC5FD3EF57F,18.4,queries/tpch/tpch-queries/q11/base.sql,measured,1,4,5,3,0.402,66.917,15,8,1048,131195,10620,1859080,28818,0,nation;supplier;ixtest_supplier_nationkey;partsupp,66118,0,0,0,41,110,0
2026-08-12T10:14:15Z,49472BC5FD3EF57F,18.4,queries/tpch/tpch-queries/q11/base.sql,measured,1,5,5,3,0.424,67.429,15,8,1048,131195,10620,1859080,28818,0,nation;supplier;ixtest_supplier_nationkey;partsupp,66118,0,0,0,41,110,0
2026-08-12T10:14:15Z,49472BC5FD3EF57F,18.4,queries/tpch/tpch-queries/q11/base.sql,measured,2,1,5,3,1.102,75.633,15,8,1048,131195,10620,1859080,28818,0,nation;supplier;ixtest_supplier_nationkey;partsupp,66121,0,0,0,41,110,0
2026-08-12T10:14:15Z,49472BC5FD3EF57F,18.4,queries/tpch/tpch-queries/q11/base.sql,measured,2,2,5,3,0.430,65.158,15,8,1048,131195,10620,1859080,28818,0,nation;supplier;ixtest_supplier_nationkey;partsupp,66118,0,0,0,41,110,0
2026-08-12T10:14:15Z,49472BC5FD3EF57F,18.4,queries/tpch/tpch-queries/q11/base.sql,measured,2,3,5,3,0.407,68.256,15,8,1048,131195,10620,1859080,28818,0,nation;supplier;ixtest_supplier_nationkey;partsupp,66118,0,0,0,41,110,0
2026-08-12T10:14:15Z,49472BC5FD3EF57F,18.4,queries/tpch/tpch-queries/q11/base.sql,measured,2,4,5,3,0.389,66.536,15,8,1048,131195,10620,1859080,28818,0,nation;supplier;ixtest_supplier_nationkey;partsupp,66118,0,0,0,41,110,0
2026-08-12T10:14:15Z,49472BC5FD3EF57F,18.4,queries/tpch/tpch-queries/q11/base.sql,measured,2,5,5,3,0.408,69.274,15,8,1048,131195,10620,1859080,28818,0,nation;supplier;ixtest_supplier_nationkey;partsupp,66118,0,0,0,41,110,0
2026-08-12T10:14:16Z,49472BC5FD3EF57F,18.4,queries/tpch/tpch-queries/q11/base.sql,measured,3,1,5,3,1.138,84.122,15,8,1048,131195,10620,1859080,28818,0,nation;supplier;ixtest_supplier_nationkey;partsupp,66121,0,0,0,41,110,0
2026-08-12T10:14:16Z,49472BC5FD3EF57F,18.4,queries/tpch/tpch-queries/q11/base.sql,measured,3,2,5,3,0.491,77.575,15,8,1048,131195,10620,1859080,28818,0,nation;supplier;ixtest_supplier_nationkey;partsupp,66118,0,0,0,41,110,0
2026-08-12T10:14:16Z,49472BC5FD3EF57F,18.4,queries/tpch/tpch-queries/q11/base.sql,measured,3,3,5,3,0.465,74.520,15,8,1048,131195,10620,1859080,28818,0,nation;supplier;ixtest_supplier_nationkey;partsupp,66118,0,0,0,41,110,0
2026-08-12T10:14:16Z,49472BC5FD3EF57F,18.4,queries/tpch/tpch-queries/q11/base.sql,measured,3,4,5,3,0.469,76.490,15,8,1048,131195,10620,1859080,28818,0,nation;supplier;ixtest_supplier_nationkey;partsupp,66118,0,0,0,41,110,0
2026-08-12T10:14:16Z,49472BC5FD3EF57F,18.4,queries/tpch/tpch-queries/q11/base.sql,measured,3,5,5,3,0.454,78.128,15,8,1048,131195,10620,1859080,28818,0,nation;supplier;ixtest_supplier_nationkey;partsupp,66118,0,0,0,41,110,0
2026-08-12T10:14:16Z,49472BC5FD3EF57F,18.4,queries/tpch/tpch-queries/q11/v1_materialized.sql,warmup,1,1,1,3,1.151,86.804,16,9,1048,132243,10620,1896808,28818,0,nation;supplier;ixtest_supplier_nationkey;partsupp;_m,66121,0,0,0,41,110,0
2026-08-12T10:14:16Z,49472BC5FD3EF57F,18.4,queries/tpch/tpch-queries/q11/v1_materialized.sql,warmup,2,1,1,3,1.175,84.684,16,9,1048,132243,10620,1896808,28818,0,nation;supplier;ixtest_supplier_nationkey;partsupp;_m,66121,0,0,0,41,110,0
2026-08-12T10:14:16Z,49472BC5FD3EF57F,18.4,queries/tpch/tpch-queries/q11/v1_materialized.sql,measured,1,1,5,3,1.188,85.143,16,9,1048,132243,10620,1896808,28818,0,nation;supplier;ixtest_supplier_nationkey;partsupp;_m,66121,0,0,0,41,110,0
2026-08-12T10:14:16Z,49472BC5FD3EF57F,18.4,queries/tpch/tpch-queries/q11/v1_materialized.sql,measured,1,2,5,3,0.528,82.178,16,9,1048,132243,10620,1896808,28818,0,nation;supplier;ixtest_supplier_nationkey;partsupp;_m,66118,0,0,0,41,110,0
2026-08-12T10:14:16Z,49472BC5FD3EF57F,18.4,queries/tpch/tpch-queries/q11/v1_materialized.sql,measured,1,3,5,3,0.477,77.578,16,9,1048,132243,10620,1896808,28818,0,nation;supplier;ixtest_supplier_nationkey;partsupp;_m,66118,0,0,0,41,110,0
2026-08-12T10:14:16Z,49472BC5FD3EF57F,18.4,queries/tpch/tpch-queries/q11/v1_materialized.sql,measured,1,4,5,3,0.453,75.172,16,9,1048,132243,10620,1896808,28818,0,nation;supplier;ixtest_supplier_nationkey;partsupp;_m,66118,0,0,0,41,110,0
2026-08-12T10:14:16Z,49472BC5FD3EF57F,18.4,queries/tpch/tpch-queries/q11/v1_materialized.sql,measured,1,5,5,3,0.490,75.339,16,9,1048,132243,10620,1896808,28818,0,nation;supplier;ixtest_supplier_nationkey;partsupp;_m,66118,0,0,0,41,110,0
2026-08-12T10:14:17Z,49472BC5FD3EF57F,18.4,queries/tpch/tpch-queries/q11/v1_materialized.sql,measured,2,1,5,3,1.241,85.419,16,9,1048,132243,10620,1896808,28818,0,nation;supplier;ixtest_supplier_nationkey;partsupp;_m,66121,0,0,0,41,110,0
2026-08-12T10:14:17Z,49472BC5FD3EF57F,18.4,queries/tpch/tpch-queries/q11/v1_materialized.sql,measured,2,2,5,3,0.506,79.979,16,9,1048,132243,10620,1896808,28818,0,nation;supplier;ixtest_supplier_nationkey;partsupp;_m,66118,0,0,0,41,110,0
2026-08-12T10:14:17Z,49472BC5FD3EF57F,18.4,queries/tpch/tpch-queries/q11/v1_materialized.sql,measured,2,3,5,3,0.488,79.593,16,9,1048,132243,10620,1896808,28818,0,nation;supplier;ixtest_supplier_nationkey;partsupp;_m,66118,0,0,0,41,110,0
2026-08-12T10:14:17Z,49472BC5FD3EF57F,18.4,queries/tpch/tpch-queries/q11/v1_materialized.sql,measured,2,4,5,3,0.492,80.314,16,9,1048,132243,10620,1896808,28818,0,nation;supplier;ixtest_supplier_nationkey;partsupp;_m,66118,0,0,0,41,110,0
2026-08-12T10:14:17Z,49472BC5FD3EF57F,18.4,queries/tpch/tpch-queries/q11/v1_materialized.sql,measured,2,5,5,3,0.531,78.403,16,9,1048,132243,10620,1896808,28818,0,nation;supplier;ixtest_supplier_nationkey;partsupp;_m,66118,0,0,0,41,110,0
2026-08-12T10:14:17Z,49472BC5FD3EF57F,18.4,queries/tpch/tpch-queries/q11/v1_materialized.sql,measured,3,1,5,3,1.153,85.352,16,9,1048,132243,10620,1896808,28818,0,nation;supplier;ixtest_supplier_nationkey;partsupp;_m,66121,0,0,0,41,110,0
2026-08-12T10:14:17Z,49472BC5FD3EF57F,18.4,queries/tpch/tpch-queries/q11/v1_materialized.sql,measured,3,2,5,3,0.510,75.607,16,9,1048,132243,10620,1896808,28818,0,nation;supplier;ixtest_supplier_nationkey;partsupp;_m,66118,0,0,0,41,110,0
2026-08-12T10:14:17Z,49472BC5FD3EF57F,18.4,queries/tpch/tpch-queries/q11/v1_materialized.sql,measured,3,3,5,3,0.490,79.225,16,9,1048,132243,10620,1896808,28818,0,nation;supplier;ixtest_supplier_nationkey;partsupp;_m,66118,0,0,0,41,110,0
2026-08-12T10:14:17Z,49472BC5FD3EF57F,18.4,queries/tpch/tpch-queries/q11/v1_materialized.sql,measured,3,4,5,3,0.523,77.209,16,9,1048,132243,10620,1896808,28818,0,nation;supplier;ixtest_supplier_nationkey;partsupp;_m,66118,0,0,0,41,110,0
2026-08-12T10:14:17Z,49472BC5FD3EF57F,18.4,queries/tpch/tpch-queries/q11/v1_materialized.sql,measured,3,5,5,3,0.470,78.265,16,9,1048,132243,10620,1896808,28818,0,nation;supplier;ixtest_supplier_nationkey;partsupp;_m,66118,0,0,0,41,110,0
2026-08-12T10:14:18Z,49472BC5FD3EF57F,18.4,queries/tpch/tpch-queries/q11/v2_cte_threshold.sql,warmup,1,1,1,3,1.157,80.675,15,8,1048,131195,10620,1859080,28818,0,nation;supplier;ixtest_supplier_nationkey;partsupp,66121,0,0,0,41,110,0
2026-08-12T10:14:18Z,49472BC5FD3EF57F,18.4,queries/tpch/tpch-queries/q11/v2_cte_threshold.sql,warmup,2,1,1,3,1.151,82.282,15,8,1048,131195,10620,1859080,28818,0,nation;supplier;ixtest_supplier_nationkey;partsupp,66121,0,0,0,41,110,0
2026-08-12T10:14:18Z,49472BC5FD3EF57F,18.4,queries/tpch/tpch-queries/q11/v2_cte_threshold.sql,measured,1,1,5,3,1.177,79.696,15,8,1048,131195,10620,1859080,28818,0,nation;supplier;ixtest_supplier_nationkey;partsupp,66121,0,0,0,41,110,0
2026-08-12T10:14:18Z,49472BC5FD3EF57F,18.4,queries/tpch/tpch-queries/q11/v2_cte_threshold.sql,measured,1,2,5,3,0.457,75.630,15,8,1048,131195,10620,1859080,28818,0,nation;supplier;ixtest_supplier_nationkey;partsupp,66118,0,0,0,41,110,0
2026-08-12T10:14:18Z,49472BC5FD3EF57F,18.4,queries/tpch/tpch-queries/q11/v2_cte_threshold.sql,measured,1,3,5,3,0.475,80.389,15,8,1048,131195,10620,1859080,28818,0,nation;supplier;ixtest_supplier_nationkey;partsupp,66118,0,0,0,41,110,0
2026-08-12T10:14:18Z,49472BC5FD3EF57F,18.4,queries/tpch/tpch-queries/q11/v2_cte_threshold.sql,measured,1,4,5,3,0.450,78.509,15,8,1048,131195,10620,1859080,28818,0,nation;supplier;ixtest_supplier_nationkey;partsupp,66118,0,0,0,41,110,0
2026-08-12T10:14:18Z,49472BC5FD3EF57F,18.4,queries/tpch/tpch-queries/q11/v2_cte_threshold.sql,measured,1,5,5,3,0.489,78.351,15,8,1048,131195,10620,1859080,28818,0,nation;supplier;ixtest_supplier_nationkey;partsupp,66118,0,0,0,41,110,0
2026-08-12T10:14:19Z,49472BC5FD3EF57F,18.4,queries/tpch/tpch-queries/q11/v2_cte_threshold.sql,measured,2,1,5,3,1.180,81.198,15,8,1048,131195,10620,1859080,28818,0,nation;supplier;ixtest_supplier_nationkey;partsupp,66121,0,0,0,41,110,0
2026-08-12T10:14:19Z,49472BC5FD3EF57F,18.4,queries/tpch/tpch-queries/q11/v2_cte_threshold.sql,measured,2,2,5,3,0.487,79.794,15,8,1048,131195,10620,1859080,28818,0,nation;supplier;ixtest_supplier_nationkey;partsupp,66118,0,0,0,41,110,0
2026-08-12T10:14:19Z,49472BC5FD3EF57F,18.4,queries/tpch/tpch-queries/q11/v2_cte_threshold.sql,measured,2,3,5,3,0.484,73.808,15,8,1048,131195,10620,1859080,28818,0,nation;supplier;ixtest_supplier_nationkey;partsupp,66118,0,0,0,41,110,0
2026-08-12T10:14:19Z,49472BC5FD3EF57F,18.4,queries/tpch/tpch-queries/q11/v2_cte_threshold.sql,measured,2,4,5,3,0.460,76.047,15,8,1048,131195,10620,1859080,28818,0,nation;supplier;ixtest_supplier_nationkey;partsupp,66118,0,0,0,41,110,0
2026-08-12T10:14:19Z,49472BC5FD3EF57F,18.4,queries/tpch/tpch-queries/q11/v2_cte_threshold.sql,measured,2,5,5,3,0.479,74.794,15,8,1048,131195,10620,1859080,28818,0,nation;supplier;ixtest_supplier_nationkey;partsupp,66118,0,0,0,41,110,0
2026-08-12T10:14:19Z,49472BC5FD3EF57F,18.4,queries/tpch/tpch-queries/q11/v2_cte_threshold.sql,measured,3,1,5,3,1.174,79.896,15,8,1048,131195,10620,1859080,28818,0,nation;supplier;ixtest_supplier_nationkey;partsupp,66121,0,0,0,41,110,0
2026-08-12T10:14:19Z,49472BC5FD3EF57F,18.4,queries/tpch/tpch-queries/q11/v2_cte_threshold.sql,measured,3,2,5,3,0.509,78.465,15,8,1048,131195,10620,1859080,28818,0,nation;supplier;ixtest_supplier_nationkey;partsupp,66118,0,0,0,41,110,0
2026-08-12T10:14:19Z,49472BC5FD3EF57F,18.4,queries/tpch/tpch-queries/q11/v2_cte_threshold.sql,measured,3,3,5,3,0.482,76.457,15,8,1048,131195,10620,1859080,28818,0,nation;supplier;ixtest_supplier_nationkey;partsupp,66118,0,0,0,41,110,0
2026-08-12T10:14:19Z,49472BC5FD3EF57F,18.4,queries/tpch/tpch-queries/q11/v2_cte_threshold.sql,measured,3,4,5,3,0.470,77.024,15,8,1048,131195,10620,1859080,28818,0,nation;supplier;ixtest_supplier_nationkey;partsupp,66118,0,0,0,41,110,0
2026-08-12T10:14:19Z,49472BC5FD3EF57F,18.4,queries/tpch/tpch-queries/q11/v2_cte_threshold.sql,measured,3,5,5,3,0.504,76.889,15,8,1048,131195,10620,1859080,28818,0,nation;supplier;ixtest_supplier_nationkey;partsupp,66118,0,0,0,41,110,0
2026-08-12T10:14:20Z,49472BC5FD3EF57F,18.4,queries/tpch/tpch-queries/q12/base.sql,warmup,1,1,1,3,1.353,595.925,9,3,2,2533806,7,32603286,292952,2,orders;lineitem;ixtest_lineitem_receiptdate,14,131829,0,0,0,0,0
2026-08-12T10:14:20Z,49472BC5FD3EF57F,18.4,queries/tpch/tpch-queries/q12/base.sql,warmup,2,1,1,3,1.365,518.764,9,3,2,2533806,7,32603286,292952,2,orders;lineitem;ixtest_lineitem_receiptdate,14,131829,0,0,0,0,0
2026-08-12T10:14:23Z,49472BC5FD3EF57F,18.4,queries/tpch/tpch-queries/q12/base.sql,measured,1,1,5,3,1.379,586.901,9,3,2,2533806,7,32603286,292952,2,orders;lineitem;ixtest_lineitem_receiptdate,14,131829,0,0,0,0,0
2026-08-12T10:14:23Z,49472BC5FD3EF57F,18.4,queries/tpch/tpch-queries/q12/base.sql,measured,1,2,5,3,0.290,588.481,9,3,2,2533806,7,32603286,292952,2,orders;lineitem;ixtest_lineitem_receiptdate,13,131830,0,0,0,0,0
2026-08-12T10:14:23Z,49472BC5FD3EF57F,18.4,queries/tpch/tpch-queries/q12/base.sql,measured,1,3,5,3,0.462,522.757,9,3,2,2533806,7,32603286,292952,2,orders;lineitem;ixtest_lineitem_receiptdate,13,131830,0,0,0,0,0
2026-08-12T10:14:23Z,49472BC5FD3EF57F,18.4,queries/tpch/tpch-queries/q12/base.sql,measured,1,4,5,3,0.298,506.937,9,3,2,2533806,7,32603286,292952,2,orders;lineitem;ixtest_lineitem_receiptdate,13,131830,0,0,0,0,0
2026-08-12T10:14:23Z,49472BC5FD3EF57F,18.4,queries/tpch/tpch-queries/q12/base.sql,measured,1,5,5,3,0.311,593.222,9,3,2,2533806,7,32603286,292952,2,orders;lineitem;ixtest_lineitem_receiptdate,13,131830,0,0,0,0,0
2026-08-12T10:14:26Z,49472BC5FD3EF57F,18.4,queries/tpch/tpch-queries/q12/base.sql,measured,2,1,5,3,1.349,616.370,9,3,2,2533806,7,32603286,292952,2,orders;lineitem;ixtest_lineitem_receiptdate,14,131829,0,0,0,0,0
2026-08-12T10:14:26Z,49472BC5FD3EF57F,18.4,queries/tpch/tpch-queries/q12/base.sql,measured,2,2,5,3,0.305,540.834,9,3,2,2533806,7,32603286,292952,2,orders;lineitem;ixtest_lineitem_receiptdate,13,131830,0,0,0,0,0
2026-08-12T10:14:26Z,49472BC5FD3EF57F,18.4,queries/tpch/tpch-queries/q12/base.sql,measured,2,3,5,3,0.299,530.876,9,3,2,2533806,7,32603286,292952,2,orders;lineitem;ixtest_lineitem_receiptdate,13,131830,0,0,0,0,0
2026-08-12T10:14:26Z,49472BC5FD3EF57F,18.4,queries/tpch/tpch-queries/q12/base.sql,measured,2,4,5,3,0.298,605.731,9,3,2,2533806,7,32603286,292952,2,orders;lineitem;ixtest_lineitem_receiptdate,13,131830,0,0,0,0,0
2026-08-12T10:14:26Z,49472BC5FD3EF57F,18.4,queries/tpch/tpch-queries/q12/base.sql,measured,2,5,5,3,0.321,546.716,9,3,2,2533806,7,32603286,292952,2,orders;lineitem;ixtest_lineitem_receiptdate,13,131830,0,0,0,0,0
2026-08-12T10:14:29Z,49472BC5FD3EF57F,18.4,queries/tpch/tpch-queries/q12/base.sql,measured,3,1,5,3,2.006,628.736,9,3,2,2533806,7,32603286,292952,2,orders;lineitem;ixtest_lineitem_receiptdate,14,131829,0,0,0,0,0
2026-08-12T10:14:29Z,49472BC5FD3EF57F,18.4,queries/tpch/tpch-queries/q12/base.sql,measured,3,2,5,3,0.295,573.372,9,3,2,2533806,7,32603286,292952,2,orders;lineitem;ixtest_lineitem_receiptdate,13,131830,0,0,0,0,0
2026-08-12T10:14:29Z,49472BC5FD3EF57F,18.4,queries/tpch/tpch-queries/q12/base.sql,measured,3,3,5,3,0.327,548.441,9,3,2,2533806,7,32603286,292952,2,orders;lineitem;ixtest_lineitem_receiptdate,13,131830,0,0,0,0,0
2026-08-12T10:14:29Z,49472BC5FD3EF57F,18.4,queries/tpch/tpch-queries/q12/base.sql,measured,3,4,5,3,0.361,629.895,9,3,2,2533806,7,32603286,292952,2,orders;lineitem;ixtest_lineitem_receiptdate,13,131830,0,0,0,0,0
2026-08-12T10:14:29Z,49472BC5FD3EF57F,18.4,queries/tpch/tpch-queries/q12/base.sql,measured,3,5,5,3,0.353,669.331,9,3,2,2533806,7,32603286,292952,2,orders;lineitem;ixtest_lineitem_receiptdate,13,131830,0,0,0,0,0
2026-08-12T10:14:30Z,49472BC5FD3EF57F,18.4,queries/tpch/tpch-queries/q12/v1_materialized.sql,warmup,1,1,1,3,1.482,607.771,10,4,2,2533808,7,32603406,292952,2,_m;orders;lineitem;ixtest_lineitem_receiptdate,14,131829,0,0,0,0,0
2026-08-12T10:14:31Z,49472BC5FD3EF57F,18.4,queries/tpch/tpch-queries/q12/v1_materialized.sql,warmup,2,1,1,3,3.943,653.040,10,4,2,2533808,7,32603406,292952,2,_m;orders;lineitem;ixtest_lineitem_receiptdate,14,131829,0,0,0,0,0
2026-08-12T10:14:34Z,49472BC5FD3EF57F,18.4,queries/tpch/tpch-queries/q12/v1_materialized.sql,measured,1,1,5,3,2.436,615.374,10,4,2,2533808,7,32603406,292952,2,_m;orders;lineitem;ixtest_lineitem_receiptdate,14,131829,0,0,0,0,0
2026-08-12T10:14:34Z,49472BC5FD3EF57F,18.4,queries/tpch/tpch-queries/q12/v1_materialized.sql,measured,1,2,5,3,0.350,680.601,10,4,2,2533808,7,32603406,292952,2,_m;orders;lineitem;ixtest_lineitem_receiptdate,13,131830,0,0,0,0,0
2026-08-12T10:14:34Z,49472BC5FD3EF57F,18.4,queries/tpch/tpch-queries/q12/v1_materialized.sql,measured,1,3,5,3,0.363,636.219,10,4,2,2533808,7,32603406,292952,2,_m;orders;lineitem;ixtest_lineitem_receiptdate,13,131830,0,0,0,0,0
2026-08-12T10:14:34Z,49472BC5FD3EF57F,18.4,queries/tpch/tpch-queries/q12/v1_materialized.sql,measured,1,4,5,3,0.369,570.886,10,4,2,2533808,7,32603406,292952,2,_m;orders;lineitem;ixtest_lineitem_receiptdate,13,131830,0,0,0,0,0
2026-08-12T10:14:34Z,49472BC5FD3EF57F,18.4,queries/tpch/tpch-queries/q12/v1_materialized.sql,measured,1,5,5,3,0.479,621.732,10,4,2,2533808,7,32603406,292952,2,_m;orders;lineitem;ixtest_lineitem_receiptdate,13,131830,0,0,0,0,0
2026-08-12T10:14:37Z,49472BC5FD3EF57F,18.4,queries/tpch/tpch-queries/q12/v1_materialized.sql,measured,2,1,5,3,2.353,666.114,10,4,2,2533808,7,32603406,292952,2,_m;orders;lineitem;ixtest_lineitem_receiptdate,14,131829,0,0,0,0,0
2026-08-12T10:14:37Z,49472BC5FD3EF57F,18.4,queries/tpch/tpch-queries/q12/v1_materialized.sql,measured,2,2,5,3,0.348,567.334,10,4,2,2533808,7,32603406,292952,2,_m;orders;lineitem;ixtest_lineitem_receiptdate,13,131830,0,0,0,0,0
2026-08-12T10:14:37Z,49472BC5FD3EF57F,18.4,queries/tpch/tpch-queries/q12/v1_materialized.sql,measured,2,3,5,3,0.371,570.987,10,4,2,2533808,7,32603406,292952,2,_m;orders;lineitem;ixtest_lineitem_receiptdate,13,131830,0,0,0,0,0
2026-08-12T10:14:37Z,49472BC5FD3EF57F,18.4,queries/tpch/tpch-queries/q12/v1_materialized.sql,measured,2,4,5,3,0.371,610.998,10,4,2,2533808,7,32603406,292952,2,_m;orders;lineitem;ixtest_lineitem_receiptdate,13,131830,0,0,0,0,0
2026-08-12T10:14:37Z,49472BC5FD3EF57F,18.4,queries/tpch/tpch-queries/q12/v1_materialized.sql,measured,2,5,5,3,0.366,620.058,10,4,2,2533808,7,32603406,292952,2,_m;orders;lineitem;ixtest_lineitem_receiptdate,13,131830,0,0,0,0,0
2026-08-12T10:14:40Z,49472BC5FD3EF57F,18.4,queries/tpch/tpch-queries/q12/v1_materialized.sql,measured,3,1,5,3,2.621,645.638,10,4,2,2533808,7,32603406,292952,2,_m;orders;lineitem;ixtest_lineitem_receiptdate,14,131829,0,0,0,0,0
2026-08-12T10:14:40Z,49472BC5FD3EF57F,18.4,queries/tpch/tpch-queries/q12/v1_materialized.sql,measured,3,2,5,3,0.347,617.822,10,4,2,2533808,7,32603406,292952,2,_m;orders;lineitem;ixtest_lineitem_receiptdate,13,131830,0,0,0,0,0
2026-08-12T10:14:40Z,49472BC5FD3EF57F,18.4,queries/tpch/tpch-queries/q12/v1_materialized.sql,measured,3,3,5,3,0.432,629.664,10,4,2,2533808,7,32603406,292952,2,_m;orders;lineitem;ixtest_lineitem_receiptdate,13,131830,0,0,0,0,0
2026-08-12T10:14:40Z,49472BC5FD3EF57F,18.4,queries/tpch/tpch-queries/q12/v1_materialized.sql,measured,3,4,5,3,0.371,611.026,10,4,2,2533808,7,32603406,292952,2,_m;orders;lineitem;ixtest_lineitem_receiptdate,13,131830,0,0,0,0,0
2026-08-12T10:14:40Z,49472BC5FD3EF57F,18.4,queries/tpch/tpch-queries/q12/v1_materialized.sql,measured,3,5,5,3,0.376,658.267,10,4,2,2533808,7,32603406,292952,2,_m;orders;lineitem;ixtest_lineitem_receiptdate,13,131830,0,0,0,0,0
2026-08-12T10:14:41Z,49472BC5FD3EF57F,18.4,queries/tpch/tpch-queries/q12/v2_filter.sql,warmup,1,1,1,3,2.954,601.643,9,3,2,2533806,7,32603286,292952,2,orders;lineitem;ixtest_lineitem_receiptdate,14,131829,0,0,0,0,0
2026-08-12T10:14:42Z,49472BC5FD3EF57F,18.4,queries/tpch/tpch-queries/q12/v2_filter.sql,warmup,2,1,1,3,2.425,630.625,9,3,2,2533806,7,32603286,292952,2,orders;lineitem;ixtest_lineitem_receiptdate,14,131829,0,0,0,0,0
2026-08-12T10:14:45Z,49472BC5FD3EF57F,18.4,queries/tpch/tpch-queries/q12/v2_filter.sql,measured,1,1,5,3,1.556,666.186,9,3,2,2533806,7,32603286,292952,2,orders;lineitem;ixtest_lineitem_receiptdate,14,131829,0,0,0,0,0
2026-08-12T10:14:45Z,49472BC5FD3EF57F,18.4,queries/tpch/tpch-queries/q12/v2_filter.sql,measured,1,2,5,3,0.345,671.360,9,3,2,2533806,7,32603286,292952,2,orders;lineitem;ixtest_lineitem_receiptdate,13,131830,0,0,0,0,0
2026-08-12T10:14:45Z,49472BC5FD3EF57F,18.4,queries/tpch/tpch-queries/q12/v2_filter.sql,measured,1,3,5,3,0.343,593.948,9,3,2,2533806,7,32603286,292952,2,orders;lineitem;ixtest_lineitem_receiptdate,13,131830,0,0,0,0,0
2026-08-12T10:14:45Z,49472BC5FD3EF57F,18.4,queries/tpch/tpch-queries/q12/v2_filter.sql,measured,1,4,5,3,0.370,579.790,9,3,2,2533806,7,32603286,292952,2,orders;lineitem;ixtest_lineitem_receiptdate,13,131830,0,0,0,0,0
2026-08-12T10:14:45Z,49472BC5FD3EF57F,18.4,queries/tpch/tpch-queries/q12/v2_filter.sql,measured,1,5,5,3,0.358,586.109,9,3,2,2533806,7,32603286,292952,2,orders;lineitem;ixtest_lineitem_receiptdate,13,131830,0,0,0,0,0
2026-08-12T10:14:48Z,49472BC5FD3EF57F,18.4,queries/tpch/tpch-queries/q12/v2_filter.sql,measured,2,1,5,3,3.420,618.898,9,3,2,2533806,7,32603286,292952,2,orders;lineitem;ixtest_lineitem_receiptdate,14,131829,0,0,0,0,0
2026-08-12T10:14:48Z,49472BC5FD3EF57F,18.4,queries/tpch/tpch-queries/q12/v2_filter.sql,measured,2,2,5,3,0.326,607.295,9,3,2,2533806,7,32603286,292952,2,orders;lineitem;ixtest_lineitem_receiptdate,13,131830,0,0,0,0,0
2026-08-12T10:14:48Z,49472BC5FD3EF57F,18.4,queries/tpch/tpch-queries/q12/v2_filter.sql,measured,2,3,5,3,0.345,635.668,9,3,2,2533806,7,32603286,292952,2,orders;lineitem;ixtest_lineitem_receiptdate,13,131830,0,0,0,0,0
2026-08-12T10:14:48Z,49472BC5FD3EF57F,18.4,queries/tpch/tpch-queries/q12/v2_filter.sql,measured,2,4,5,3,0.349,627.984,9,3,2,2533806,7,32603286,292952,2,orders;lineitem;ixtest_lineitem_receiptdate,13,131830,0,0,0,0,0
2026-08-12T10:14:48Z,49472BC5FD3EF57F,18.4,queries/tpch/tpch-queries/q12/v2_filter.sql,measured,2,5,5,3,0.358,563.256,9,3,2,2533806,7,32603286,292952,2,orders;lineitem;ixtest_lineitem_receiptdate,13,131830,0,0,0,0,0
2026-08-12T10:14:51Z,49472BC5FD3EF57F,18.4,queries/tpch/tpch-queries/q12/v2_filter.sql,measured,3,1,5,3,3.245,617.107,9,3,2,2533806,7,32603286,292952,2,orders;lineitem;ixtest_lineitem_receiptdate,14,131829,0,0,0,0,0
2026-08-12T10:14:51Z,49472BC5FD3EF57F,18.4,queries/tpch/tpch-queries/q12/v2_filter.sql,measured,3,2,5,3,0.328,569.233,9,3,2,2533806,7,32603286,292952,2,orders;lineitem;ixtest_lineitem_receiptdate,13,131830,0,0,0,0,0
2026-08-12T10:14:51Z,49472BC5FD3EF57F,18.4,queries/tpch/tpch-queries/q12/v2_filter.sql,measured,3,3,5,3,0.348,698.868,9,3,2,2533806,7,32603286,292952,2,orders;lineitem;ixtest_lineitem_receiptdate,13,131830,0,0,0,0,0
2026-08-12T10:14:51Z,49472BC5FD3EF57F,18.4,queries/tpch/tpch-queries/q12/v2_filter.sql,measured,3,4,5,3,0.339,621.344,9,3,2,2533806,7,32603286,292952,2,orders;lineitem;ixtest_lineitem_receiptdate,13,131830,0,0,0,0,0
2026-08-12T10:14:51Z,49472BC5FD3EF57F,18.4,queries/tpch/tpch-queries/q12/v2_filter.sql,measured,3,5,5,3,0.346,601.686,9,3,2,2533806,7,32603286,292952,2,orders;lineitem;ixtest_lineitem_receiptdate,13,131830,0,0,0,0,0
2026-08-12T10:14:52Z,49472BC5FD3EF57F,18.4,queries/tpch/tpch-queries/q13/base.sql,warmup,1,1,1,3,1.398,753.989,10,2,42,4500591,200,39536076,5361,2,orders;customer,306,26262,0,0,1236,1402,0
2026-08-12T10:14:53Z,49472BC5FD3EF57F,18.4,queries/tpch/tpch-queries/q13/base.sql,warmup,2,1,1,3,0.832,734.843,10,2,42,4500583,200,39535980,5361,2,orders;customer,996,25572,0,0,1240,1406,0
2026-08-12T10:14:57Z,49472BC5FD3EF57F,18.4,queries/tpch/tpch-queries/q13/base.sql,measured,1,1,5,3,0.829,735.197,10,2,42,4500970,200,39540624,5361,2,orders;customer,1278,25290,0,0,1241,1406,0
2026-08-12T10:14:57Z,49472BC5FD3EF57F,18.4,queries/tpch/tpch-queries/q13/base.sql,measured,1,2,5,3,0.245,712.146,10,2,42,4500872,200,39539448,5361,2,orders;customer,1557,25008,0,0,1236,1403,0
2026-08-12T10:14:57Z,49472BC5FD3EF57F,18.4,queries/tpch/tpch-queries/q13/base.sql,measured,1,3,5,3,0.247,705.202,10,2,42,4500710,200,39537504,5361,2,orders;customer,1839,24726,0,0,1241,1407,0
2026-08-12T10:14:57Z,49472BC5FD3EF57F,18.4,queries/tpch/tpch-queries/q13/base.sql,measured,1,4,5,3,0.239,704.766,10,2,42,4500627,200,39536508,5361,2,orders;customer,2121,24444,0,0,1224,1393,0
2026-08-12T10:14:57Z,49472BC5FD3EF57F,18.4,queries/tpch/tpch-queries/q13/base.sql,measured,1,5,5,3,0.231,706.044,10,2,42,4500646,200,39536736,5361,2,orders;customer,2403,24162,0,0,1224,1393,0
2026-08-12T10:15:00Z,49472BC5FD3EF57F,18.4,queries/tpch/tpch-queries/q13/base.sql,measured,2,1,5,3,0.859,732.635,10,2,42,4500690,200,39537264,5361,2,orders;customer,2688,23880,0,0,1223,1390,0
2026-08-12T10:15:00Z,49472BC5FD3EF57F,18.4,queries/tpch/tpch-queries/q13/base.sql,measured,2,2,5,3,0.233,703.345,10,2,42,4500701,200,39537396,5361,2,orders;customer,2967,23598,0,0,1246,1414,0
2026-08-12T10:15:00Z,49472BC5FD3EF57F,18.4,queries/tpch/tpch-queries/q13/base.sql,measured,2,3,5,3,0.232,704.798,10,2,42,4500872,200,39539448,5361,2,orders;customer,3249,23316,0,0,1248,1413,0
2026-08-12T10:15:00Z,49472BC5FD3EF57F,18.4,queries/tpch/tpch-queries/q13/base.sql,measured,2,4,5,3,0.238,702.196,10,2,42,4500683,200,39537180,5361,2,orders;customer,3531,23034,0,0,1243,1408,0
2026-08-12T10:15:00Z,49472BC5FD3EF57F,18.4,queries/tpch/tpch-queries/q13/base.sql,measured,2,5,5,3,0.230,701.462,10,2,42,4500224,200,39531672,5361,2,orders;customer,3813,22752,0,0,1245,1413,0
2026-08-12T10:15:04Z,49472BC5FD3EF57F,18.4,queries/tpch/tpch-queries/q13/base.sql,measured,3,1,5,3,0.881,725.279,10,2,42,4500340,200,39533064,5361,2,orders;customer,4098,22470,0,0,1223,1390,0
2026-08-12T10:15:04Z,49472BC5FD3EF57F,18.4,queries/tpch/tpch-queries/q13/base.sql,measured,3,2,5,3,0.235,716.412,10,2,42,4500798,200,39538560,5361,2,orders;customer,4377,22188,0,0,1242,1407,0
2026-08-12T10:15:04Z,49472BC5FD3EF57F,18.4,queries/tpch/tpch-queries/q13/base.sql,measured,3,3,5,3,0.232,701.873,10,2,42,4500753,200,39538020,5361,2,orders;customer,4659,21906,0,0,1239,1405,0
2026-08-12T10:15:04Z,49472BC5FD3EF57F,18.4,queries/tpch/tpch-queries/q13/base.sql,measured,3,4,5,3,0.234,703.163,10,2,42,4500467,200,39534588,5361,2,orders;customer,4941,21624,0,0,1223,1390,0
2026-08-12T10:15:04Z,49472BC5FD3EF57F,18.4,queries/tpch/tpch-queries/q13/base.sql,measured,3,5,5,3,0.241,701.056,10,2,42,4500609,200,39536292,5361,2,orders;customer,5223,21342,0,0,1223,1392,0
2026-08-12T10:15:05Z,49472BC5FD3EF57F,18.4,queries/tpch/tpch-queries/q13/v1_materialized.sql,warmup,1,1,1,3,0.949,729.238,11,3,42,4500957,200,39540636,5361,2,orders;customer;_m,5508,21060,0,0,1232,1396,0
2026-08-12T10:15:06Z,49472BC5FD3EF57F,18.4,queries/tpch/tpch-queries/q13/v1_materialized.sql,warmup,2,1,1,3,0.892,737.870,11,3,42,4500948,200,39540528,5361,2,orders;customer;_m,5790,20778,0,0,1235,1402,0
2026-08-12T10:15:09Z,49472BC5FD3EF57F,18.4,queries/tpch/tpch-queries/q13/v1_materialized.sql,measured,1,1,5,3,0.859,732.511,11,3,42,4500617,200,39536556,5361,2,orders;customer;_m,6072,20496,0,0,1247,1412,0
2026-08-12T10:15:09Z,49472BC5FD3EF57F,18.4,queries/tpch/tpch-queries/q13/v1_materialized.sql,measured,1,2,5,3,0.247,722.673,11,3,42,4500552,200,39535776,5361,2,orders;customer;_m,6351,20214,0,0,1228,1395,0
2026-08-12T10:15:09Z,49472BC5FD3EF57F,18.4,queries/tpch/tpch-queries/q13/v1_materialized.sql,measured,1,3,5,3,0.254,707.137,11,3,42,4500660,200,39537072,5361,2,orders;customer;_m,6633,19932,0,0,1240,1406,0
2026-08-12T10:15:09Z,49472BC5FD3EF57F,18.4,queries/tpch/tpch-queries/q13/v1_materialized.sql,measured,1,4,5,3,0.253,704.303,11,3,42,4500319,200,39532980,5361,2,orders;customer;_m,6915,19650,0,0,1235,1401,0
2026-08-12T10:15:09Z,49472BC5FD3EF57F,18.4,queries/tpch/tpch-queries/q13/v1_materialized.sql,measured,1,5,5,3,0.254,699.222,11,3,42,4500877,200,39539676,5361,2,orders;customer;_m,7197,19368,0,0,1236,1402,0
2026-08-12T10:15:13Z,49472BC5FD3EF57F,18.4,queries/tpch/tpch-queries/q13/v1_materialized.sql,measured,2,1,5,3,0.884,729.195,11,3,42,4500553,200,39535788,5361,2,orders;customer;_m,7482,19086,0,0,1235,1400,0
2026-08-12T10:15:13Z,49472BC5FD3EF57F,18.4,queries/tpch/tpch-queries/q13/v1_materialized.sql,measured,2,2,5,3,0.252,705.185,11,3,42,4500399,200,39533940,5361,2,orders;customer;_m,7761,18804,0,0,1223,1390,0
2026-08-12T10:15:13Z,49472BC5FD3EF57F,18.4,queries/tpch/tpch-queries/q13/v1_materialized.sql,measured,2,3,5,3,0.248,697.070,11,3,42,4500859,200,39539460,5361,2,orders;customer;_m,8043,18522,0,0,1224,1391,0
2026-08-12T10:15:13Z,49472BC5FD3EF57F,18.4,queries/tpch/tpch-queries/q13/v1_materialized.sql,measured,2,4,5,3,0.247,707.182,11,3,42,4500626,200,39536664,5361,2,orders;customer;_m,8325,18240,0,0,1241,1406,0
2026-08-12T10:15:13Z,49472BC5FD3EF57F,18.4,queries/tpch/tpch-queries/q13/v1_materialized.sql,measured,2,5,5,3,0.245,683.892,11,3,42,4500606,200,39536424,5361,2,orders;customer;_m,8607,17958,0,0,1223,1392,0
2026-08-12T10:15:16Z,49472BC5FD3EF57F,18.4,queries/tpch/tpch-queries/q13/v1_materialized.sql,measured,3,1,5,3,0.845,715.896,11,3,42,4500733,200,39537948,5361,2,orders;customer;_m,8892,17676,0,0,1227,1394,0
2026-08-12T10:15:16Z,49472BC5FD3EF57F,18.4,queries/tpch/tpch-queries/q13/v1_materialized.sql,measured,3,2,5,3,0.238,698.972,11,3,42,4500337,200,39533196,5361,2,orders;customer;_m,9171,17394,0,0,1247,1413,0
2026-08-12T10:15:16Z,49472BC5FD3EF57F,18.4,queries/tpch/tpch-queries/q13/v1_materialized.sql,measured,3,3,5,3,0.246,701.781,11,3,42,4500085,200,39530172,5361,2,orders;customer;_m,9453,17112,0,0,1239,1405,0
2026-08-12T10:15:16Z,49472BC5FD3EF57F,18.4,queries/tpch/tpch-queries/q13/v1_materialized.sql,measured,3,4,5,3,0.251,693.502,11,3,42,4500876,200,39539664,5361,2,orders;customer;_m,9735,16830,0,0,1235,1402,0
2026-08-12T10:15:16Z,49472BC5FD3EF57F,18.4,queries/tpch/tpch-queries/q13/v1_materialized.sql,measured,3,5,5,3,0.249,698.036,11,3,42,4500607,200,39536436,5361,2,orders;customer;_m,10017,16548,0,0,1239,1405,0
2026-08-12T10:15:26Z,49472BC5FD3EF57F,18.4,queries/tpch/tpch-queries/q13/v2_correlated.sql,warmup,1,1,1,3,0.643,9767.667,7,3,42,3300084,150000,3601344,0,0,customer;orders;idx_orders_cust,1370012,579935,0,0,0,0,0
2026-08-12T10:15:37Z,49472BC5FD3EF57F,18.4,queries/tpch/tpch-queries/q13/v2_correlated.sql,warmup,2,1,1,3,0.983,10255.073,7,3,42,3300084,150000,3601344,0,0,customer;orders;idx_orders_cust,1372277,577670,0,0,0,0,0
2026-08-12T10:16:27Z,49472BC5FD3EF57F,18.4,queries/tpch/tpch-queries/q13/v2_correlated.sql,measured,1,1,5,3,0.985,10074.557,7,3,42,3300084,150000,3601344,0,0,customer;orders;idx_orders_cust,1372324,577623,0,0,0,0,0
2026-08-12T10:16:27Z,49472BC5FD3EF57F,18.4,queries/tpch/tpch-queries/q13/v2_correlated.sql,measured,1,2,5,3,0.150,10645.071,7,3,42,3300084,150000,3601344,0,0,customer;orders;idx_orders_cust,1372567,577377,0,0,0,0,0
2026-08-12T10:16:27Z,49472BC5FD3EF57F,18.4,queries/tpch/tpch-queries/q13/v2_correlated.sql,measured,1,3,5,3,0.167,9979.181,7,3,42,3300084,150000,3601344,0,0,customer;orders;idx_orders_cust,1372467,577477,0,0,0,0,0
2026-08-12T10:16:27Z,49472BC5FD3EF57F,18.4,queries/tpch/tpch-queries/q13/v2_correlated.sql,measured,1,4,5,3,0.186,9782.983,7,3,42,3300084,150000,3601344,0,0,customer;orders;idx_orders_cust,1372525,577419,0,0,0,0,0
2026-08-12T10:16:27Z,49472BC5FD3EF57F,18.4,queries/tpch/tpch-queries/q13/v2_correlated.sql,measured,1,5,5,3,0.151,9605.337,7,3,42,3300084,150000,3601344,0,0,customer;orders;idx_orders_cust,1372557,577387,0,0,0,0,0
2026-08-12T10:17:17Z,49472BC5FD3EF57F,18.4,queries/tpch/tpch-queries/q13/v2_correlated.sql,measured,2,1,5,3,1.038,10079.496,7,3,42,3300084,150000,3601344,0,0,customer;orders;idx_orders_cust,1372275,577672,0,0,0,0,0
2026-08-12T10:17:17Z,49472BC5FD3EF57F,18.4,queries/tpch/tpch-queries/q13/v2_correlated.sql,measured,2,2,5,3,0.177,10291.154,7,3,42,3300084,150000,3601344,0,0,customer;orders;idx_orders_cust,1372489,577455,0,0,0,0,0
2026-08-12T10:17:17Z,49472BC5FD3EF57F,18.4,queries/tpch/tpch-queries/q13/v2_correlated.sql,measured,2,3,5,3,0.151,10559.055,7,3,42,3300084,150000,3601344,0,0,customer;orders;idx_orders_cust,1372540,577404,0,0,0,0,0
2026-08-12T10:17:17Z,49472BC5FD3EF57F,18.4,queries/tpch/tpch-queries/q13/v2_correlated.sql,measured,2,4,5,3,0.162,9978.965,7,3,42,3300084,150000,3601344,0,0,customer;orders;idx_orders_cust,1372484,577460,0,0,0,0,0
2026-08-12T10:17:17Z,49472BC5FD3EF57F,18.4,queries/tpch/tpch-queries/q13/v2_correlated.sql,measured,2,5,5,3,0.162,9617.368,7,3,42,3300084,150000,3601344,0,0,customer;orders;idx_orders_cust,1372531,577413,0,0,0,0,0
2026-08-12T10:18:06Z,49472BC5FD3EF57F,18.4,queries/tpch/tpch-queries/q13/v2_correlated.sql,measured,3,1,5,3,1.035,9767.212,7,3,42,3300084,150000,3601344,0,0,customer;orders;idx_orders_cust,1372317,577630,0,0,0,0,0
2026-08-12T10:18:06Z,49472BC5FD3EF57F,18.4,queries/tpch/tpch-queries/q13/v2_correlated.sql,measured,3,2,5,3,0.169,9620.291,7,3,42,3300084,150000,3601344,0,0,customer;orders;idx_orders_cust,1372469,577475,0,0,0,0,0
2026-08-12T10:18:06Z,49472BC5FD3EF57F,18.4,queries/tpch/tpch-queries/q13/v2_correlated.sql,measured,3,3,5,3,0.152,9774.677,7,3,42,3300084,150000,3601344,0,0,customer;orders;idx_orders_cust,1372529,577415,0,0,0,0,0
2026-08-12T10:18:06Z,49472BC5FD3EF57F,18.4,queries/tpch/tpch-queries/q13/v2_correlated.sql,measured,3,4,5,3,0.175,9744.218,7,3,42,3300084,150000,3601344,0,0,customer;orders;idx_orders_cust,1372560,577384,0,0,0,0,0
2026-08-12T10:18:06Z,49472BC5FD3EF57F,18.4,queries/tpch/tpch-queries/q13/v2_correlated.sql,measured,3,5,5,3,0.160,9849.111,7,3,42,3300084,150000,3601344,0,0,customer;orders;idx_orders_cust,1372515,577429,0,0,0,0,0
2026-08-12T10:18:07Z,49472BC5FD3EF57F,18.4,queries/tpch/tpch-queries/q14/base.sql,warmup,1,1,1,3,1.457,198.041,8,3,1,627948,1,13723385,0,2,lineitem;ixtest_lineitem_shipdate;part,1,45666,0,0,0,0,0
2026-08-12T10:18:07Z,49472BC5FD3EF57F,18.4,queries/tpch/tpch-queries/q14/base.sql,warmup,2,1,1,3,1.625,183.400,8,3,1,627948,1,13723385,0,2,lineitem;ixtest_lineitem_shipdate;part,1,45666,0,0,0,0,0
2026-08-12T10:18:08Z,49472BC5FD3EF57F,18.4,queries/tpch/tpch-queries/q14/base.sql,measured,1,1,5,3,2.318,185.508,8,3,1,627948,1,13723385,0,2,lineitem;ixtest_lineitem_shipdate;part,1,45666,0,0,0,0,0
2026-08-12T10:18:08Z,49472BC5FD3EF57F,18.4,queries/tpch/tpch-queries/q14/base.sql,measured,1,2,5,3,0.310,174.678,8,3,1,627948,1,13723385,0,2,lineitem;ixtest_lineitem_shipdate;part,0,45667,0,0,0,0,0
2026-08-12T10:18:08Z,49472BC5FD3EF57F,18.4,queries/tpch/tpch-queries/q14/base.sql,measured,1,3,5,3,0.307,172.081,8,3,1,627948,1,13723385,0,2,lineitem;ixtest_lineitem_shipdate;part,0,45667,0,0,0,0,0
2026-08-12T10:18:08Z,49472BC5FD3EF57F,18.4,queries/tpch/tpch-queries/q14/base.sql,measured,1,4,5,3,0.325,168.348,8,3,1,627948,1,13723385,0,2,lineitem;ixtest_lineitem_shipdate;part,0,45666,0,0,0,0,0
2026-08-12T10:18:08Z,49472BC5FD3EF57F,18.4,queries/tpch/tpch-queries/q14/base.sql,measured,1,5,5,3,0.319,172.697,8,3,1,627948,1,13723385,0,2,lineitem;ixtest_lineitem_shipdate;part,0,45667,0,0,0,0,0
2026-08-12T10:18:09Z,49472BC5FD3EF57F,18.4,queries/tpch/tpch-queries/q14/base.sql,measured,2,1,5,3,2.353,241.764,8,3,1,627948,1,13723385,0,2,lineitem;ixtest_lineitem_shipdate;part,0,45666,0,0,0,0,0
2026-08-12T10:18:09Z,49472BC5FD3EF57F,18.4,queries/tpch/tpch-queries/q14/base.sql,measured,2,2,5,3,0.308,172.703,8,3,1,627948,1,13723385,0,2,lineitem;ixtest_lineitem_shipdate;part,0,45667,0,0,0,0,0
2026-08-12T10:18:09Z,49472BC5FD3EF57F,18.4,queries/tpch/tpch-queries/q14/base.sql,measured,2,3,5,3,0.324,172.275,8,3,1,627948,1,13723385,0,2,lineitem;ixtest_lineitem_shipdate;part,0,45667,0,0,0,0,0
2026-08-12T10:18:09Z,49472BC5FD3EF57F,18.4,queries/tpch/tpch-queries/q14/base.sql,measured,2,4,5,3,0.316,177.905,8,3,1,627948,1,13723385,0,2,lineitem;ixtest_lineitem_shipdate;part,0,45667,0,0,0,0,0
2026-08-12T10:18:09Z,49472BC5FD3EF57F,18.4,queries/tpch/tpch-queries/q14/base.sql,measured,2,5,5,3,0.297,158.859,8,3,1,627948,1,13723385,0,2,lineitem;ixtest_lineitem_shipdate;part,0,45667,0,0,0,0,0
2026-08-12T10:18:10Z,49472BC5FD3EF57F,18.4,queries/tpch/tpch-queries/q14/base.sql,measured,3,1,5,3,2.907,256.836,8,3,1,627948,1,13723385,0,2,lineitem;ixtest_lineitem_shipdate;part,1,45666,0,0,0,0,0
2026-08-12T10:18:10Z,49472BC5FD3EF57F,18.4,queries/tpch/tpch-queries/q14/base.sql,measured,3,2,5,3,0.287,170.018,8,3,1,627948,1,13723385,0,2,lineitem;ixtest_lineitem_shipdate;part,0,45666,0,0,0,0,0
2026-08-12T10:18:10Z,49472BC5FD3EF57F,18.4,queries/tpch/tpch-queries/q14/base.sql,measured,3,3,5,3,0.318,157.639,8,3,1,627948,1,13723385,0,2,lineitem;ixtest_lineitem_shipdate;part,0,45666,0,0,0,0,0
2026-08-12T10:18:10Z,49472BC5FD3EF57F,18.4,queries/tpch/tpch-queries/q14/base.sql,measured,3,4,5,3,0.343,171.047,8,3,1,627948,1,13723385,0,2,lineitem;ixtest_lineitem_shipdate;part,0,45666,0,0,0,0,0
2026-08-12T10:18:10Z,49472BC5FD3EF57F,18.4,queries/tpch/tpch-queries/q14/base.sql,measured,3,5,5,3,0.325,169.438,8,3,1,627948,1,13723385,0,2,lineitem;ixtest_lineitem_shipdate;part,0,45667,0,0,0,0,0
2026-08-12T10:18:10Z,49472BC5FD3EF57F,18.4,queries/tpch/tpch-queries/q14/v1_materialized.sql,warmup,1,1,1,3,2.538,254.549,9,4,1,627949,1,13723417,0,2,_m;lineitem;ixtest_lineitem_shipdate;part,1,45666,0,0,0,0,0
2026-08-12T10:18:11Z,49472BC5FD3EF57F,18.4,queries/tpch/tpch-queries/q14/v1_materialized.sql,warmup,2,1,1,3,2.170,244.495,9,4,1,627949,1,13723417,0,2,_m;lineitem;ixtest_lineitem_shipdate;part,1,45666,0,0,0,0,0
2026-08-12T10:18:12Z,49472BC5FD3EF57F,18.4,queries/tpch/tpch-queries/q14/v1_materialized.sql,measured,1,1,5,3,2.336,229.740,9,4,1,627949,1,13723417,0,2,_m;lineitem;ixtest_lineitem_shipdate;part,1,45666,0,0,0,0,0
2026-08-12T10:18:12Z,49472BC5FD3EF57F,18.4,queries/tpch/tpch-queries/q14/v1_materialized.sql,measured,1,2,5,3,0.346,175.044,9,4,1,627949,1,13723417,0,2,_m;lineitem;ixtest_lineitem_shipdate;part,0,45667,0,0,0,0,0
2026-08-12T10:18:12Z,49472BC5FD3EF57F,18.4,queries/tpch/tpch-queries/q14/v1_materialized.sql,measured,1,3,5,3,0.334,157.190,9,4,1,627949,1,13723417,0,2,_m;lineitem;ixtest_lineitem_shipdate;part,0,45667,0,0,0,0,0
2026-08-12T10:18:12Z,49472BC5FD3EF57F,18.4,queries/tpch/tpch-queries/q14/v1_materialized.sql,measured,1,4,5,3,0.350,161.377,9,4,1,627949,1,13723417,0,2,_m;lineitem;ixtest_lineitem_shipdate;part,0,45666,0,0,0,0,0
2026-08-12T10:18:12Z,49472BC5FD3EF57F,18.4,queries/tpch/tpch-queries/q14/v1_materialized.sql,measured,1,5,5,3,0.405,157.490,9,4,1,627949,1,13723417,0,2,_m;lineitem;ixtest_lineitem_shipdate;part,0,45666,0,0,0,0,0
2026-08-12T10:18:13Z,49472BC5FD3EF57F,18.4,queries/tpch/tpch-queries/q14/v1_materialized.sql,measured,2,1,5,3,2.978,219.433,9,4,1,627949,1,13723417,0,2,_m;lineitem;ixtest_lineitem_shipdate;part,1,45666,0,0,0,0,0
2026-08-12T10:18:13Z,49472BC5FD3EF57F,18.4,queries/tpch/tpch-queries/q14/v1_materialized.sql,measured,2,2,5,3,0.347,174.650,9,4,1,627949,1,13723417,0,2,_m;lineitem;ixtest_lineitem_shipdate;part,0,45666,0,0,0,0,0
2026-08-12T10:18:13Z,49472BC5FD3EF57F,18.4,queries/tpch/tpch-queries/q14/v1_materialized.sql,measured,2,3,5,3,0.380,158.037,9,4,1,627949,1,13723417,0,2,_m;lineitem;ixtest_lineitem_shipdate;part,0,45667,0,0,0,0,0
2026-08-12T10:18:13Z,49472BC5FD3EF57F,18.4,queries/tpch/tpch-queries/q14/v1_materialized.sql,measured,2,4,5,3,0.354,158.588,9,4,1,627949,1,13723417,0,2,_m;lineitem;ixtest_lineitem_shipdate;part,0,45666,0,0,0,0,0
2026-08-12T10:18:13Z,49472BC5FD3EF57F,18.4,queries/tpch/tpch-queries/q14/v1_materialized.sql,measured,2,5,5,3,0.354,157.208,9,4,1,627949,1,13723417,0,2,_m;lineitem;ixtest_lineitem_shipdate;part,0,45666,0,0,0,0,0
2026-08-12T10:18:14Z,49472BC5FD3EF57F,18.4,queries/tpch/tpch-queries/q14/v1_materialized.sql,measured,3,1,5,3,2.311,259.543,9,4,1,627949,1,13723417,0,2,_m;lineitem;ixtest_lineitem_shipdate;part,1,45666,0,0,0,0,0
2026-08-12T10:18:14Z,49472BC5FD3EF57F,18.4,queries/tpch/tpch-queries/q14/v1_materialized.sql,measured,3,2,5,3,0.425,162.479,9,4,1,627949,1,13723417,0,2,_m;lineitem;ixtest_lineitem_shipdate;part,0,45667,0,0,0,0,0
2026-08-12T10:18:14Z,49472BC5FD3EF57F,18.4,queries/tpch/tpch-queries/q14/v1_materialized.sql,measured,3,3,5,3,0.361,164.809,9,4,1,627949,1,13723417,0,2,_m;lineitem;ixtest_lineitem_shipdate;part,0,45666,0,0,0,0,0
2026-08-12T10:18:14Z,49472BC5FD3EF57F,18.4,queries/tpch/tpch-queries/q14/v1_materialized.sql,measured,3,4,5,3,0.378,165.174,9,4,1,627949,1,13723417,0,2,_m;lineitem;ixtest_lineitem_shipdate;part,0,45667,0,0,0,0,0
2026-08-12T10:18:14Z,49472BC5FD3EF57F,18.4,queries/tpch/tpch-queries/q14/v1_materialized.sql,measured,3,5,5,3,0.336,161.528,9,4,1,627949,1,13723417,0,2,_m;lineitem;ixtest_lineitem_shipdate;part,0,45667,0,0,0,0,0
2026-08-12T10:18:14Z,49472BC5FD3EF57F,18.4,queries/tpch/tpch-queries/q14/v2_filter.sql,warmup,1,1,1,3,2.049,266.688,8,3,1,627948,1,13723385,0,2,lineitem;ixtest_lineitem_shipdate;part,1,45666,0,0,0,0,0
2026-08-12T10:18:14Z,49472BC5FD3EF57F,18.4,queries/tpch/tpch-queries/q14/v2_filter.sql,warmup,2,1,1,3,2.829,212.752,8,3,1,627948,1,13723385,0,2,lineitem;ixtest_lineitem_shipdate;part,0,45666,0,0,0,0,0
2026-08-12T10:18:15Z,49472BC5FD3EF57F,18.4,queries/tpch/tpch-queries/q14/v2_filter.sql,measured,1,1,5,3,2.505,205.342,8,3,1,627948,1,13723385,0,2,lineitem;ixtest_lineitem_shipdate;part,0,45666,0,0,0,0,0
2026-08-12T10:18:15Z,49472BC5FD3EF57F,18.4,queries/tpch/tpch-queries/q14/v2_filter.sql,measured,1,2,5,3,0.339,167.645,8,3,1,627948,1,13723385,0,2,lineitem;ixtest_lineitem_shipdate;part,0,45666,0,0,0,0,0
2026-08-12T10:18:15Z,49472BC5FD3EF57F,18.4,queries/tpch/tpch-queries/q14/v2_filter.sql,measured,1,3,5,3,0.338,176.123,8,3,1,627948,1,13723385,0,2,lineitem;ixtest_lineitem_shipdate;part,0,45666,0,0,0,0,0
2026-08-12T10:18:15Z,49472BC5FD3EF57F,18.4,queries/tpch/tpch-queries/q14/v2_filter.sql,measured,1,4,5,3,0.324,163.642,8,3,1,627948,1,13723385,0,2,lineitem;ixtest_lineitem_shipdate;part,0,45667,0,0,0,0,0
2026-08-12T10:18:15Z,49472BC5FD3EF57F,18.4,queries/tpch/tpch-queries/q14/v2_filter.sql,measured,1,5,5,3,0.344,154.564,8,3,1,627948,1,13723385,0,2,lineitem;ixtest_lineitem_shipdate;part,0,45667,0,0,0,0,0
2026-08-12T10:18:16Z,49472BC5FD3EF57F,18.4,queries/tpch/tpch-queries/q14/v2_filter.sql,measured,2,1,5,3,2.804,231.877,8,3,1,627948,1,13723385,0,2,lineitem;ixtest_lineitem_shipdate;part,1,45666,0,0,0,0,0
2026-08-12T10:18:16Z,49472BC5FD3EF57F,18.4,queries/tpch/tpch-queries/q14/v2_filter.sql,measured,2,2,5,3,0.322,172.341,8,3,1,627948,1,13723385,0,2,lineitem;ixtest_lineitem_shipdate;part,0,45666,0,0,0,0,0
2026-08-12T10:18:16Z,49472BC5FD3EF57F,18.4,queries/tpch/tpch-queries/q14/v2_filter.sql,measured,2,3,5,3,0.333,166.708,8,3,1,627948,1,13723385,0,2,lineitem;ixtest_lineitem_shipdate;part,0,45667,0,0,0,0,0
2026-08-12T10:18:16Z,49472BC5FD3EF57F,18.4,queries/tpch/tpch-queries/q14/v2_filter.sql,measured,2,4,5,3,0.314,173.411,8,3,1,627948,1,13723385,0,2,lineitem;ixtest_lineitem_shipdate;part,0,45666,0,0,0,0,0
2026-08-12T10:18:16Z,49472BC5FD3EF57F,18.4,queries/tpch/tpch-queries/q14/v2_filter.sql,measured,2,5,5,3,0.315,172.140,8,3,1,627948,1,13723385,0,2,lineitem;ixtest_lineitem_shipdate;part,0,45666,0,0,0,0,0
2026-08-12T10:18:18Z,49472BC5FD3EF57F,18.4,queries/tpch/tpch-queries/q14/v2_filter.sql,measured,3,1,5,3,2.300,249.805,8,3,1,627948,1,13723385,0,2,lineitem;ixtest_lineitem_shipdate;part,0,45666,0,0,0,0,0
2026-08-12T10:18:18Z,49472BC5FD3EF57F,18.4,queries/tpch/tpch-queries/q14/v2_filter.sql,measured,3,2,5,3,0.318,163.131,8,3,1,627948,1,13723385,0,2,lineitem;ixtest_lineitem_shipdate;part,0,45667,0,0,0,0,0
2026-08-12T10:18:18Z,49472BC5FD3EF57F,18.4,queries/tpch/tpch-queries/q14/v2_filter.sql,measured,3,3,5,3,0.328,156.150,8,3,1,627948,1,13723385,0,2,lineitem;ixtest_lineitem_shipdate;part,0,45666,0,0,0,0,0
2026-08-12T10:18:18Z,49472BC5FD3EF57F,18.4,queries/tpch/tpch-queries/q14/v2_filter.sql,measured,3,4,5,3,0.328,174.212,8,3,1,627948,1,13723385,0,2,lineitem;ixtest_lineitem_shipdate;part,0,45666,0,0,0,0,0
2026-08-12T10:18:18Z,49472BC5FD3EF57F,18.4,queries/tpch/tpch-queries/q14/v2_filter.sql,measured,3,5,5,3,0.317,172.211,8,3,1,627948,1,13723385,0,2,lineitem;ixtest_lineitem_shipdate;part,0,45667,0,0,0,0,0
2026-08-12T10:18:18Z,49472BC5FD3EF57F,18.4,queries/tpch/tpch-queries/q15/base.sql,warmup,1,1,1,3,2.203,404.320,11,5,1,561678,50,7527082,9999,2,lineitem;ixtest_lineitem_shipdate;revenue;supplier,54,67009,0,0,0,0,0
2026-08-12T10:18:19Z,49472BC5FD3EF57F,18.4,queries/tpch/tpch-queries/q15/base.sql,warmup,2,1,1,3,2.069,412.447,11,5,1,561607,50,7524526,9999,2,lineitem;ixtest_lineitem_shipdate;revenue;supplier,54,67009,0,0,0,0,0
2026-08-12T10:18:20Z,49472BC5FD3EF57F,18.4,queries/tpch/tpch-queries/q15/base.sql,measured,1,1,5,3,1.606,396.653,11,5,1,561858,50,7533562,9999,2,lineitem;ixtest_lineitem_shipdate;revenue;supplier,54,67009,0,0,0,0,0
2026-08-12T10:18:20Z,49472BC5FD3EF57F,18.4,queries/tpch/tpch-queries/q15/base.sql,measured,1,2,5,3,0.177,367.814,11,5,1,561795,50,7531294,9999,2,lineitem;ixtest_lineitem_shipdate;revenue;supplier,51,67012,0,0,0,0,0
2026-08-12T10:18:20Z,49472BC5FD3EF57F,18.4,queries/tpch/tpch-queries/q15/base.sql,measured,1,3,5,3,0.183,371.319,11,5,1,561849,50,7533238,9999,2,lineitem;ixtest_lineitem_shipdate;revenue;supplier,51,67012,0,0,0,0,0
2026-08-12T10:18:20Z,49472BC5FD3EF57F,18.4,queries/tpch/tpch-queries/q15/base.sql,measured,1,4,5,3,0.185,343.836,11,5,1,561761,50,7530070,9999,2,lineitem;ixtest_lineitem_shipdate;revenue;supplier,51,67012,0,0,0,0,0
2026-08-12T10:18:20Z,49472BC5FD3EF57F,18.4,queries/tpch/tpch-queries/q15/base.sql,measured,1,5,5,3,0.176,347.504,11,5,1,561787,50,7531006,9999,2,lineitem;ixtest_lineitem_shipdate;revenue;supplier,51,67012,0,0,0,0,0
2026-08-12T10:18:22Z,49472BC5FD3EF57F,18.4,queries/tpch/tpch-queries/q15/base.sql,measured,2,1,5,3,2.195,399.156,11,5,1,561850,50,7533274,9999,2,lineitem;ixtest_lineitem_shipdate;revenue;supplier,54,67009,0,0,0,0,0
2026-08-12T10:18:22Z,49472BC5FD3EF57F,18.4,queries/tpch/tpch-queries/q15/base.sql,measured,2,2,5,3,0.177,352.142,11,5,1,561750,50,7529674,9999,2,lineitem;ixtest_lineitem_shipdate;revenue;supplier,51,67012,0,0,0,0,0
2026-08-12T10:18:22Z,49472BC5FD3EF57F,18.4,queries/tpch/tpch-queries/q15/base.sql,measured,2,3,5,3,0.177,351.933,11,5,1,561769,50,7530358,9999,2,lineitem;ixtest_lineitem_shipdate;revenue;supplier,51,67012,0,0,0,0,0
2026-08-12T10:18:22Z,49472BC5FD3EF57F,18.4,queries/tpch/tpch-queries/q15/base.sql,measured,2,4,5,3,0.183,321.887,11,5,1,561689,50,7527478,9999,2,lineitem;ixtest_lineitem_shipdate;revenue;supplier,51,67012,0,0,0,0,0
2026-08-12T10:18:22Z,49472BC5FD3EF57F,18.4,queries/tpch/tpch-queries/q15/base.sql,measured,2,5,5,3,0.235,351.373,11,5,1,561833,50,7532662,9999,2,lineitem;ixtest_lineitem_shipdate;revenue;supplier,51,67012,0,0,0,0,0
2026-08-12T10:18:24Z,49472BC5FD3EF57F,18.4,queries/tpch/tpch-queries/q15/base.sql,measured,3,1,5,3,1.585,392.266,11,5,1,561725,50,7528774,9999,2,lineitem;ixtest_lineitem_shipdate;revenue;supplier,54,67009,0,0,0,0,0
2026-08-12T10:18:24Z,49472BC5FD3EF57F,18.4,queries/tpch/tpch-queries/q15/base.sql,measured,3,2,5,3,0.176,348.549,11,5,1,561779,50,7530718,9999,2,lineitem;ixtest_lineitem_shipdate;revenue;supplier,51,67012,0,0,0,0,0
2026-08-12T10:18:24Z,49472BC5FD3EF57F,18.4,queries/tpch/tpch-queries/q15/base.sql,measured,3,3,5,3,0.192,345.591,11,5,1,561706,50,7528090,9999,2,lineitem;ixtest_lineitem_shipdate;revenue;supplier,51,67012,0,0,0,0,0
2026-08-12T10:18:24Z,49472BC5FD3EF57F,18.4,queries/tpch/tpch-queries/q15/base.sql,measured,3,4,5,3,0.176,303.799,11,5,1,561608,50,7524562,9999,2,lineitem;ixtest_lineitem_shipdate;revenue;supplier,51,67012,0,0,0,0,0
2026-08-12T10:18:24Z,49472BC5FD3EF57F,18.4,queries/tpch/tpch-queries/q15/base.sql,measured,3,5,5,3,0.204,354.397,11,5,1,561786,50,7530970,9999,2,lineitem;ixtest_lineitem_shipdate;revenue;supplier,51,67012,0,0,0,0,0
2026-08-12T10:18:25Z,49472BC5FD3EF57F,18.4,queries/tpch/tpch-queries/q15/v1_materialized.sql,warmup,1,1,1,3,1.874,374.963,13,6,1,561646,50,7526462,9999,2,lineitem;ixtest_lineitem_shipdate;revenue;supplier;_m,54,67009,0,0,0,0,0
2026-08-12T10:18:25Z,49472BC5FD3EF57F,18.4,queries/tpch/tpch-queries/q15/v1_materialized.sql,warmup,2,1,1,3,2.079,390.359,13,6,1,561835,50,7533266,9999,2,lineitem;ixtest_lineitem_shipdate;revenue;supplier;_m,54,67009,0,0,0,0,0
2026-08-12T10:18:27Z,49472BC5FD3EF57F,18.4,queries/tpch/tpch-queries/q15/v1_materialized.sql,measured,1,1,5,3,1.838,412.386,13,6,1,561772,50,7530998,9999,2,lineitem;ixtest_lineitem_shipdate;revenue;supplier;_m,54,67009,0,0,0,0,0
2026-08-12T10:18:27Z,49472BC5FD3EF57F,18.4,queries/tpch/tpch-queries/q15/v1_materialized.sql,measured,1,2,5,3,0.197,329.188,13,6,1,561671,50,7527362,9999,2,lineitem;ixtest_lineitem_shipdate;revenue;supplier;_m,51,67012,0,0,0,0,0
2026-08-12T10:18:27Z,49472BC5FD3EF57F,18.4,queries/tpch/tpch-queries/q15/v1_materialized.sql,measured,1,3,5,3,0.191,293.796,13,6,1,561779,50,7531250,9999,2,lineitem;ixtest_lineitem_shipdate;revenue;supplier;_m,51,67012,0,0,0,0,0
2026-08-12T10:18:27Z,49472BC5FD3EF57F,18.4,queries/tpch/tpch-queries/q15/v1_materialized.sql,measured,1,4,5,3,0.196,358.426,13,6,1,561673,50,7527434,9999,2,lineitem;ixtest_lineitem_shipdate;revenue;supplier;_m,51,67012,0,0,0,0,0
2026-08-12T10:18:27Z,49472BC5FD3EF57F,18.4,queries/tpch/tpch-queries/q15/v1_materialized.sql,measured,1,5,5,3,0.193,331.489,13,6,1,561862,50,7534238,9999,2,lineitem;ixtest_lineitem_shipdate;revenue;supplier;_m,51,67012,0,0,0,0,0
2026-08-12T10:18:29Z,49472BC5FD3EF57F,18.4,queries/tpch/tpch-queries/q15/v1_materialized.sql,measured,2,1,5,3,3.848,363.927,13,6,1,561824,50,7532870,9999,2,lineitem;ixtest_lineitem_shipdate;revenue;supplier;_m,54,67009,0,0,0,0,0
2026-08-12T10:18:29Z,49472BC5FD3EF57F,18.4,queries/tpch/tpch-queries/q15/v1_materialized.sql,measured,2,2,5,3,0.206,323.922,13,6,1,561808,50,7532294,9999,2,lineitem;ixtest_lineitem_shipdate;revenue;supplier;_m,51,67012,0,0,0,0,0
2026-08-12T10:18:29Z,49472BC5FD3EF57F,18.4,queries/tpch/tpch-queries/q15/v1_materialized.sql,measured,2,3,5,3,0.189,375.262,13,6,1,561844,50,7533590,9999,2,lineitem;ixtest_lineitem_shipdate;revenue;supplier;_m,51,67012,0,0,0,0,0
2026-08-12T10:18:29Z,49472BC5FD3EF57F,18.4,queries/tpch/tpch-queries/q15/v1_materialized.sql,measured,2,4,5,3,0.190,311.567,13,6,1,561745,50,7530026,9999,2,lineitem;ixtest_lineitem_shipdate;revenue;supplier;_m,51,67012,0,0,0,0,0
2026-08-12T10:18:29Z,49472BC5FD3EF57F,18.4,queries/tpch/tpch-queries/q15/v1_materialized.sql,measured,2,5,5,3,0.190,367.115,13,6,1,561727,50,7529378,9999,2,lineitem;ixtest_lineitem_shipdate;revenue;supplier;_m,51,67012,0,0,0,0,0
2026-08-12T10:18:31Z,49472BC5FD3EF57F,18.4,queries/tpch/tpch-queries/q15/v1_materialized.sql,measured,3,1,5,3,2.129,412.310,13,6,1,561833,50,7533194,9999,2,lineitem;ixtest_lineitem_shipdate;revenue;supplier;_m,54,67009,0,0,0,0,0
2026-08-12T10:18:31Z,49472BC5FD3EF57F,18.4,queries/tpch/tpch-queries/q15/v1_materialized.sql,measured,3,2,5,3,0.197,355.702,13,6,1,561744,50,7529990,9999,2,lineitem;ixtest_lineitem_shipdate;revenue;supplier;_m,51,67012,0,0,0,0,0
2026-08-12T10:18:31Z,49472BC5FD3EF57F,18.4,queries/tpch/tpch-queries/q15/v1_materialized.sql,measured,3,3,5,3,0.188,357.074,13,6,1,561852,50,7533878,9999,2,lineitem;ixtest_lineitem_shipdate;revenue;supplier;_m,51,67012,0,0,0,0,0
2026-08-12T10:18:31Z,49472BC5FD3EF57F,18.4,queries/tpch/tpch-queries/q15/v1_materialized.sql,measured,3,4,5,3,0.189,360.290,13,6,1,561707,50,7528658,9999,2,lineitem;ixtest_lineitem_shipdate;revenue;supplier;_m,51,67012,0,0,0,0,0
2026-08-12T10:18:31Z,49472BC5FD3EF57F,18.4,queries/tpch/tpch-queries/q15/v1_materialized.sql,measured,3,5,5,3,0.186,355.633,13,6,1,561726,50,7529342,9999,2,lineitem;ixtest_lineitem_shipdate;revenue;supplier;_m,51,67012,0,0,0,0,0
2026-08-12T10:18:31Z,49472BC5FD3EF57F,18.4,queries/tpch/tpch-queries/q16/base.sql,warmup,1,1,1,3,2.252,395.789,10,4,18314,1282124,15815,24568240,10851,2,partsupp;supplier;part;ixtest_part_size,501,6549,0,0,0,0,0
2026-08-12T10:18:32Z,49472BC5FD3EF57F,18.4,queries/tpch/tpch-queries/q16/base.sql,warmup,2,1,1,3,0.948,247.723,10,4,18314,1282124,15815,24568240,10851,2,partsupp;supplier;part;ixtest_part_size,7093,0,0,0,0,0,0
2026-08-12T10:18:33Z,49472BC5FD3EF57F,18.4,queries/tpch/tpch-queries/q16/base.sql,measured,1,1,5,3,1.010,249.994,10,4,18314,1282124,15815,24568240,10851,2,partsupp;supplier;part;ixtest_part_size,7094,0,0,0,0,0,0
2026-08-12T10:18:33Z,49472BC5FD3EF57F,18.4,queries/tpch/tpch-queries/q16/base.sql,measured,1,2,5,3,0.308,246.208,10,4,18314,1282124,15815,24568240,10851,2,partsupp;supplier;part;ixtest_part_size,7091,0,0,0,0,0,0
2026-08-12T10:18:33Z,49472BC5FD3EF57F,18.4,queries/tpch/tpch-queries/q16/base.sql,measured,1,3,5,3,0.298,246.446,10,4,18314,1282124,15815,24568240,10851,2,partsupp;supplier;part;ixtest_part_size,7091,0,0,0,0,0,0
2026-08-12T10:18:33Z,49472BC5FD3EF57F,18.4,queries/tpch/tpch-queries/q16/base.sql,measured,1,4,5,3,0.286,249.522,10,4,18314,1282124,15815,24568240,10851,2,partsupp;supplier;part;ixtest_part_size,7091,0,0,0,0,0,0
2026-08-12T10:18:33Z,49472BC5FD3EF57F,18.4,queries/tpch/tpch-queries/q16/base.sql,measured,1,5,5,3,0.291,248.408,10,4,18314,1282124,15815,24568240,10851,2,partsupp;supplier;part;ixtest_part_size,7091,0,0,0,0,0,0
2026-08-12T10:18:34Z,49472BC5FD3EF57F,18.4,queries/tpch/tpch-queries/q16/base.sql,measured,2,1,5,3,0.932,250.890,10,4,18314,1282124,15815,24568240,10851,2,partsupp;supplier;part;ixtest_part_size,7094,0,0,0,0,0,0
2026-08-12T10:18:34Z,49472BC5FD3EF57F,18.4,queries/tpch/tpch-queries/q16/base.sql,measured,2,2,5,3,0.307,251.485,10,4,18314,1282124,15815,24568240,10851,2,partsupp;supplier;part;ixtest_part_size,7091,0,0,0,0,0,0
2026-08-12T10:18:34Z,49472BC5FD3EF57F,18.4,queries/tpch/tpch-queries/q16/base.sql,measured,2,3,5,3,0.281,249.936,10,4,18314,1282124,15815,24568240,10851,2,partsupp;supplier;part;ixtest_part_size,7091,0,0,0,0,0,0
2026-08-12T10:18:34Z,49472BC5FD3EF57F,18.4,queries/tpch/tpch-queries/q16/base.sql,measured,2,4,5,3,0.296,251.258,10,4,18314,1282124,15815,24568240,10851,2,partsupp;supplier;part;ixtest_part_size,7091,0,0,0,0,0,0
2026-08-12T10:18:34Z,49472BC5FD3EF57F,18.4,queries/tpch/tpch-queries/q16/base.sql,measured,2,5,5,3,0.294,262.230,10,4,18314,1282124,15815,24568240,10851,2,partsupp;supplier;part;ixtest_part_size,7090,0,0,0,0,0,0
2026-08-12T10:18:36Z,49472BC5FD3EF57F,18.4,queries/tpch/tpch-queries/q16/base.sql,measured,3,1,5,3,0.940,251.998,10,4,18314,1282124,15815,24568240,10851,2,partsupp;supplier;part;ixtest_part_size,7093,0,0,0,0,0,0
2026-08-12T10:18:36Z,49472BC5FD3EF57F,18.4,queries/tpch/tpch-queries/q16/base.sql,measured,3,2,5,3,0.288,251.172,10,4,18314,1282124,15815,24568240,10851,2,partsupp;supplier;part;ixtest_part_size,7090,0,0,0,0,0,0
2026-08-12T10:18:36Z,49472BC5FD3EF57F,18.4,queries/tpch/tpch-queries/q16/base.sql,measured,3,3,5,3,0.281,242.715,10,4,18314,1282124,15815,24568240,10851,2,partsupp;supplier;part;ixtest_part_size,7091,0,0,0,0,0,0
2026-08-12T10:18:36Z,49472BC5FD3EF57F,18.4,queries/tpch/tpch-queries/q16/base.sql,measured,3,4,5,3,0.296,242.729,10,4,18314,1282124,15815,24568240,10851,2,partsupp;supplier;part;ixtest_part_size,7091,0,0,0,0,0,0
2026-08-12T10:18:36Z,49472BC5FD3EF57F,18.4,queries/tpch/tpch-queries/q16/base.sql,measured,3,5,5,3,0.288,241.846,10,4,18314,1282124,15815,24568240,10851,2,partsupp;supplier;part;ixtest_part_size,7091,0,0,0,0,0,0
2026-08-12T10:18:36Z,49472BC5FD3EF57F,18.4,queries/tpch/tpch-queries/q16/v1_materialized.sql,warmup,1,1,1,3,1.022,246.050,11,5,18314,1300438,15815,28304296,10851,2,partsupp;supplier;part;ixtest_part_size;_m,7093,0,0,0,0,0,0
2026-08-12T10:18:36Z,49472BC5FD3EF57F,18.4,queries/tpch/tpch-queries/q16/v1_materialized.sql,warmup,2,1,1,3,0.981,247.998,11,5,18314,1300438,15815,28304296,10851,2,partsupp;supplier;part;ixtest_part_size;_m,7093,0,0,0,0,0,0
2026-08-12T10:18:38Z,49472BC5FD3EF57F,18.4,queries/tpch/tpch-queries/q16/v1_materialized.sql,measured,1,1,5,3,1.034,268.420,11,5,18314,1300438,15815,28304296,10851,2,partsupp;supplier;part;ixtest_part_size;_m,7094,0,0,0,0,0,0
2026-08-12T10:18:38Z,49472BC5FD3EF57F,18.4,queries/tpch/tpch-queries/q16/v1_materialized.sql,measured,1,2,5,3,0.321,247.803,11,5,18314,1300438,15815,28304296,10851,2,partsupp;supplier;part;ixtest_part_size;_m,7091,0,0,0,0,0,0
2026-08-12T10:18:38Z,49472BC5FD3EF57F,18.4,queries/tpch/tpch-queries/q16/v1_materialized.sql,measured,1,3,5,3,0.301,245.163,11,5,18314,1300438,15815,28304296,10851,2,partsupp;supplier;part;ixtest_part_size;_m,7091,0,0,0,0,0,0
2026-08-12T10:18:38Z,49472BC5FD3EF57F,18.4,queries/tpch/tpch-queries/q16/v1_materialized.sql,measured,1,4,5,3,0.301,245.991,11,5,18314,1300438,15815,28304296,10851,2,partsupp;supplier;part;ixtest_part_size;_m,7091,0,0,0,0,0,0
2026-08-12T10:18:38Z,49472BC5FD3EF57F,18.4,queries/tpch/tpch-queries/q16/v1_materialized.sql,measured,1,5,5,3,0.300,246.922,11,5,18314,1300438,15815,28304296,10851,2,partsupp;supplier;part;ixtest_part_size;_m,7091,0,0,0,0,0,0
2026-08-12T10:18:39Z,49472BC5FD3EF57F,18.4,queries/tpch/tpch-queries/q16/v1_materialized.sql,measured,2,1,5,3,0.964,246.944,11,5,18314,1300438,15815,28304296,10851,2,partsupp;supplier;part;ixtest_part_size;_m,7094,0,0,0,0,0,0
2026-08-12T10:18:39Z,49472BC5FD3EF57F,18.4,queries/tpch/tpch-queries/q16/v1_materialized.sql,measured,2,2,5,3,0.315,245.344,11,5,18314,1300438,15815,28304296,10851,2,partsupp;supplier;part;ixtest_part_size;_m,7091,0,0,0,0,0,0
2026-08-12T10:18:39Z,49472BC5FD3EF57F,18.4,queries/tpch/tpch-queries/q16/v1_materialized.sql,measured,2,3,5,3,0.311,247.156,11,5,18314,1300438,15815,28304296,10851,2,partsupp;supplier;part;ixtest_part_size;_m,7091,0,0,0,0,0,0
2026-08-12T10:18:39Z,49472BC5FD3EF57F,18.4,queries/tpch/tpch-queries/q16/v1_materialized.sql,measured,2,4,5,3,0.305,245.639,11,5,18314,1300438,15815,28304296,10851,2,partsupp;supplier;part;ixtest_part_size;_m,7091,0,0,0,0,0,0
2026-08-12T10:18:39Z,49472BC5FD3EF57F,18.4,queries/tpch/tpch-queries/q16/v1_materialized.sql,measured,2,5,5,3,0.298,245.031,11,5,18314,1300438,15815,28304296,10851,2,partsupp;supplier;part;ixtest_part_size;_m,7091,0,0,0,0,0,0
2026-08-12T10:18:40Z,49472BC5FD3EF57F,18.4,queries/tpch/tpch-queries/q16/v1_materialized.sql,measured,3,1,5,3,1.019,270.726,11,5,18314,1300438,15815,28304296,10851,2,partsupp;supplier;part;ixtest_part_size;_m,7094,0,0,0,0,0,0
2026-08-12T10:18:40Z,49472BC5FD3EF57F,18.4,queries/tpch/tpch-queries/q16/v1_materialized.sql,measured,3,2,5,3,0.316,247.572,11,5,18314,1300438,15815,28304296,10851,2,partsupp;supplier;part;ixtest_part_size;_m,7090,0,0,0,0,0,0
2026-08-12T10:18:40Z,49472BC5FD3EF57F,18.4,queries/tpch/tpch-queries/q16/v1_materialized.sql,measured,3,3,5,3,0.312,246.873,11,5,18314,1300438,15815,28304296,10851,2,partsupp;supplier;part;ixtest_part_size;_m,7091,0,0,0,0,0,0
2026-08-12T10:18:40Z,49472BC5FD3EF57F,18.4,queries/tpch/tpch-queries/q16/v1_materialized.sql,measured,3,4,5,3,0.296,247.604,11,5,18314,1300438,15815,28304296,10851,2,partsupp;supplier;part;ixtest_part_size;_m,7091,0,0,0,0,0,0
2026-08-12T10:18:40Z,49472BC5FD3EF57F,18.4,queries/tpch/tpch-queries/q16/v1_materialized.sql,measured,3,5,5,3,0.298,244.130,11,5,18314,1300438,15815,28304296,10851,2,partsupp;supplier;part;ixtest_part_size;_m,7091,0,0,0,0,0,0
2026-08-12T10:18:41Z,49472BC5FD3EF57F,18.4,queries/tpch/tpch-queries/q16/v2_not_exists.sql,warmup,1,1,1,3,1.239,206.620,11,4,18314,689523,15815,22667160,10744,2,part;ixtest_part_size;partsupp;supplier,93811,7,0,0,0,0,0
2026-08-12T10:18:41Z,49472BC5FD3EF57F,18.4,queries/tpch/tpch-queries/q16/v2_not_exists.sql,warmup,2,1,1,3,1.049,206.506,11,4,18314,689523,15815,22667160,10744,2,part;ixtest_part_size;partsupp;supplier,93818,0,0,0,0,0,0
2026-08-12T10:18:42Z,49472BC5FD3EF57F,18.4,queries/tpch/tpch-queries/q16/v2_not_exists.sql,measured,1,1,5,3,1.137,207.703,11,4,18314,689523,15815,22667160,10744,2,part;ixtest_part_size;partsupp;supplier,93818,0,0,0,0,0,0
2026-08-12T10:18:42Z,49472BC5FD3EF57F,18.4,queries/tpch/tpch-queries/q16/v2_not_exists.sql,measured,1,2,5,3,0.365,218.224,11,4,18314,689523,15815,22667160,10744,2,part;ixtest_part_size;partsupp;supplier,93815,0,0,0,0,0,0
2026-08-12T10:18:42Z,49472BC5FD3EF57F,18.4,queries/tpch/tpch-queries/q16/v2_not_exists.sql,measured,1,3,5,3,0.359,213.442,11,4,18314,689523,15815,22667160,10744,2,part;ixtest_part_size;partsupp;supplier,93815,0,0,0,0,0,0
2026-08-12T10:18:42Z,49472BC5FD3EF57F,18.4,queries/tpch/tpch-queries/q16/v2_not_exists.sql,measured,1,4,5,3,0.391,216.221,11,4,18314,689523,15815,22667160,10744,2,part;ixtest_part_size;partsupp;supplier,93815,0,0,0,0,0,0
2026-08-12T10:18:42Z,49472BC5FD3EF57F,18.4,queries/tpch/tpch-queries/q16/v2_not_exists.sql,measured,1,5,5,3,0.399,215.980,11,4,18314,689523,15815,22667160,10744,2,part;ixtest_part_size;partsupp;supplier,93815,0,0,0,0,0,0
2026-08-12T10:18:43Z,49472BC5FD3EF57F,18.4,queries/tpch/tpch-queries/q16/v2_not_exists.sql,measured,2,1,5,3,1.058,206.545,11,4,18314,689523,15815,22667160,10744,2,part;ixtest_part_size;partsupp;supplier,93818,0,0,0,0,0,0
2026-08-12T10:18:43Z,49472BC5FD3EF57F,18.4,queries/tpch/tpch-queries/q16/v2_not_exists.sql,measured,2,2,5,3,0.373,209.926,11,4,18314,689523,15815,22667160,10744,2,part;ixtest_part_size;partsupp;supplier,93815,0,0,0,0,0,0
2026-08-12T10:18:43Z,49472BC5FD3EF57F,18.4,queries/tpch/tpch-queries/q16/v2_not_exists.sql,measured,2,3,5,3,0.371,209.671,11,4,18314,689523,15815,22667160,10744,2,part;ixtest_part_size;partsupp;supplier,93815,0,0,0,0,0,0
2026-08-12T10:18:43Z,49472BC5FD3EF57F,18.4,queries/tpch/tpch-queries/q16/v2_not_exists.sql,measured,2,4,5,3,0.358,207.211,11,4,18314,689523,15815,22667160,10744,2,part;ixtest_part_size;partsupp;supplier,93815,0,0,0,0,0,0
2026-08-12T10:18:43Z,49472BC5FD3EF57F,18.4,queries/tpch/tpch-queries/q16/v2_not_exists.sql,measured,2,5,5,3,0.368,208.512,11,4,18314,689523,15815,22667160,10744,2,part;ixtest_part_size;partsupp;supplier,93815,0,0,0,0,0,0
2026-08-12T10:18:44Z,49472BC5FD3EF57F,18.4,queries/tpch/tpch-queries/q16/v2_not_exists.sql,measured,3,1,5,3,1.104,205.134,11,4,18314,689523,15815,22667160,10744,2,part;ixtest_part_size;partsupp;supplier,93818,0,0,0,0,0,0
2026-08-12T10:18:44Z,49472BC5FD3EF57F,18.4,queries/tpch/tpch-queries/q16/v2_not_exists.sql,measured,3,2,5,3,0.372,210.626,11,4,18314,689523,15815,22667160,10744,2,part;ixtest_part_size;partsupp;supplier,93815,0,0,0,0,0,0
2026-08-12T10:18:44Z,49472BC5FD3EF57F,18.4,queries/tpch/tpch-queries/q16/v2_not_exists.sql,measured,3,3,5,3,0.354,213.832,11,4,18314,689523,15815,22667160,10744,2,part;ixtest_part_size;partsupp;supplier,93815,0,0,0,0,0,0
2026-08-12T10:18:44Z,49472BC5FD3EF57F,18.4,queries/tpch/tpch-queries/q16/v2_not_exists.sql,measured,3,4,5,3,0.373,210.346,11,4,18314,689523,15815,22667160,10744,2,part;ixtest_part_size;partsupp;supplier,93815,0,0,0,0,0,0
2026-08-12T10:18:44Z,49472BC5FD3EF57F,18.4,queries/tpch/tpch-queries/q16/v2_not_exists.sql,measured,3,5,5,3,0.367,217.839,11,4,18314,689523,15815,22667160,10744,2,part;ixtest_part_size;partsupp;supplier,93815,0,0,0,0,0,0
2026-08-12T10:18:47Z,49472BC5FD3EF57F,18.4,queries/tpch/tpch-queries/q17/v2_decorrelate.sql,warmup,1,1,1,3,1.245,2368.094,14,5,1,8013153,1,125939403,27,2,part;ixtest_part_container;ixtest_part_brand;lineitem,10396,109130,0,0,32486,55237,0
2026-08-12T10:18:49Z,49472BC5FD3EF57F,18.4,queries/tpch/tpch-queries/q17/v2_decorrelate.sql,warmup,2,1,1,3,1.103,2285.889,14,5,1,8013028,1,125934903,27,2,part;ixtest_part_container;ixtest_part_brand;lineitem,15977,103549,0,0,32316,54424,0
2026-08-12T10:19:01Z,49472BC5FD3EF57F,18.4,queries/tpch/tpch-queries/q17/v2_decorrelate.sql,measured,1,1,5,3,1.147,2269.289,14,5,1,8013162,1,125939727,27,2,part;ixtest_part_container;ixtest_part_brand;lineitem,15991,103535,0,0,32840,54931,0
2026-08-12T10:19:01Z,49472BC5FD3EF57F,18.4,queries/tpch/tpch-queries/q17/v2_decorrelate.sql,measured,1,2,5,3,0.314,2250.615,14,5,1,8013019,1,125934579,27,2,part;ixtest_part_container;ixtest_part_brand;lineitem,15993,103533,0,0,32066,54173,0
2026-08-12T10:19:01Z,49472BC5FD3EF57F,18.4,queries/tpch/tpch-queries/q17/v2_decorrelate.sql,measured,1,3,5,3,0.311,2293.404,14,5,1,8013174,1,125940159,27,2,part;ixtest_part_container;ixtest_part_brand;lineitem,16022,103504,0,0,32599,54687,0
2026-08-12T10:19:01Z,49472BC5FD3EF57F,18.4,queries/tpch/tpch-queries/q17/v2_decorrelate.sql,measured,1,4,5,3,0.505,2202.096,14,5,1,8013119,1,125938179,27,2,part;ixtest_part_container;ixtest_part_brand;lineitem,16304,103222,0,0,32771,54866,0
2026-08-12T10:19:01Z,49472BC5FD3EF57F,18.4,queries/tpch/tpch-queries/q17/v2_decorrelate.sql,measured,1,5,5,3,0.324,2257.155,14,5,1,8013055,1,125935875,27,2,part;ixtest_part_container;ixtest_part_brand;lineitem,16586,102940,0,0,32931,55025,0
2026-08-12T10:19:12Z,49472BC5FD3EF57F,18.4,queries/tpch/tpch-queries/q17/v2_decorrelate.sql,measured,2,1,5,3,1.204,2289.810,14,5,1,8013054,1,125935839,27,2,part;ixtest_part_container;ixtest_part_brand;lineitem,16868,102658,0,0,32418,54920,0
2026-08-12T10:19:12Z,49472BC5FD3EF57F,18.4,queries/tpch/tpch-queries/q17/v2_decorrelate.sql,measured,2,2,5,3,0.318,2254.658,14,5,1,8012975,1,125932995,27,2,part;ixtest_part_container;ixtest_part_brand;lineitem,17150,102376,0,0,32166,53529,0
2026-08-12T10:19:12Z,49472BC5FD3EF57F,18.4,queries/tpch/tpch-queries/q17/v2_decorrelate.sql,measured,2,3,5,3,0.328,2191.948,14,5,1,8013144,1,125939079,27,2,part;ixtest_part_container;ixtest_part_brand;lineitem,17432,102094,0,0,31986,54076,0
2026-08-12T10:19:12Z,49472BC5FD3EF57F,18.4,queries/tpch/tpch-queries/q17/v2_decorrelate.sql,measured,2,4,5,3,0.313,2133.871,14,5,1,8013225,1,125941995,27,2,part;ixtest_part_container;ixtest_part_brand;lineitem,17714,101812,0,0,32985,55119,0
2026-08-12T10:19:12Z,49472BC5FD3EF57F,18.4,queries/tpch/tpch-queries/q17/v2_decorrelate.sql,measured,2,5,5,3,0.317,2250.904,14,5,1,8013154,1,125939439,27,2,part;ixtest_part_container;ixtest_part_brand;lineitem,17996,101530,0,0,33004,54601,0
2026-08-12T10:19:23Z,49472BC5FD3EF57F,18.4,queries/tpch/tpch-queries/q17/v2_decorrelate.sql,measured,3,1,5,3,1.116,2269.486,14,5,1,8013162,1,125939727,27,2,part;ixtest_part_container;ixtest_part_brand;lineitem,18278,101248,0,0,32974,55065,0
2026-08-12T10:19:23Z,49472BC5FD3EF57F,18.4,queries/tpch/tpch-queries/q17/v2_decorrelate.sql,measured,3,2,5,3,0.323,2278.111,14,5,1,8012965,1,125932635,27,2,part;ixtest_part_container;ixtest_part_brand;lineitem,18560,100966,0,0,31715,54091,0
2026-08-12T10:19:23Z,49472BC5FD3EF57F,18.4,queries/tpch/tpch-queries/q17/v2_decorrelate.sql,measured,3,3,5,3,0.321,2276.415,14,5,1,8013001,1,125933931,27,2,part;ixtest_part_container;ixtest_part_brand;lineitem,18842,100684,0,0,31357,53091,0
2026-08-12T10:19:23Z,49472BC5FD3EF57F,18.4,queries/tpch/tpch-queries/q17/v2_decorrelate.sql,measured,3,4,5,3,0.304,2203.895,14,5,1,8013191,1,125940771,27,2,part;ixtest_part_container;ixtest_part_brand;lineitem,19124,100402,0,0,31670,53768,0
2026-08-12T10:19:23Z,49472BC5FD3EF57F,18.4,queries/tpch/tpch-queries/q17/v2_decorrelate.sql,measured,3,5,5,3,0.472,2203.838,14,5,1,8013126,1,125938431,27,2,part;ixtest_part_container;ixtest_part_brand;lineitem,19406,100120,0,0,32702,54808,0
2026-08-12T10:19:26Z,49472BC5FD3EF57F,18.4,queries/tpch/tpch-queries/q18/base.sql,warmup,1,1,1,3,1.935,2797.823,15,4,57,19505640,100,192090147,1499943,2,orders;lineitem;customer,246624,147297,0,0,0,0,0
2026-08-12T10:19:29Z,49472BC5FD3EF57F,18.4,queries/tpch/tpch-queries/q18/base.sql,warmup,2,1,1,3,4.401,2933.988,15,4,57,19505640,100,192090147,1499943,2,orders;lineitem;customer,245513,148408,0,0,0,0,0
2026-08-12T10:19:44Z,49472BC5FD3EF57F,18.4,queries/tpch/tpch-queries/q18/base.sql,measured,1,1,5,3,3.203,3129.671,15,4,57,19505640,100,192090147,1499943,2,orders;lineitem;customer,245513,148408,0,0,0,0,0
2026-08-12T10:19:44Z,49472BC5FD3EF57F,18.4,queries/tpch/tpch-queries/q18/base.sql,measured,1,2,5,3,0.945,2960.282,15,4,57,19505640,100,192090147,1499943,2,orders;lineitem;customer,245502,148413,0,0,0,0,0
2026-08-12T10:19:44Z,49472BC5FD3EF57F,18.4,queries/tpch/tpch-queries/q18/base.sql,measured,1,3,5,3,0.959,3016.863,15,4,57,19505640,100,192090147,1499943,2,orders;lineitem;customer,245502,148413,0,0,0,0,0
2026-08-12T10:19:44Z,49472BC5FD3EF57F,18.4,queries/tpch/tpch-queries/q18/base.sql,measured,1,4,5,3,0.974,2990.409,15,4,57,19505640,100,192090147,1499943,2,orders;lineitem;customer,245502,148413,0,0,0,0,0
2026-08-12T10:19:44Z,49472BC5FD3EF57F,18.4,queries/tpch/tpch-queries/q18/base.sql,measured,1,5,5,3,0.974,2996.321,15,4,57,19505640,100,192090147,1499943,2,orders;lineitem;customer,245502,148413,0,0,0,0,0
2026-08-12T10:19:59Z,49472BC5FD3EF57F,18.4,queries/tpch/tpch-queries/q18/base.sql,measured,2,1,5,3,3.804,2978.211,15,4,57,19505640,100,192090147,1499943,2,orders;lineitem;customer,245513,148408,0,0,0,0,0
2026-08-12T10:19:59Z,49472BC5FD3EF57F,18.4,queries/tpch/tpch-queries/q18/base.sql,measured,2,2,5,3,0.931,3035.882,15,4,57,19505640,100,192090147,1499943,2,orders;lineitem;customer,245502,148413,0,0,0,0,0
2026-08-12T10:19:59Z,49472BC5FD3EF57F,18.4,queries/tpch/tpch-queries/q18/base.sql,measured,2,3,5,3,0.970,3021.366,15,4,57,19505640,100,192090147,1499943,2,orders;lineitem;customer,245502,148413,0,0,0,0,0
2026-08-12T10:19:59Z,49472BC5FD3EF57F,18.4,queries/tpch/tpch-queries/q18/base.sql,measured,2,4,5,3,0.946,3014.732,15,4,57,19505640,100,192090147,1499943,2,orders;lineitem;customer,245502,148413,0,0,0,0,0
2026-08-12T10:19:59Z,49472BC5FD3EF57F,18.4,queries/tpch/tpch-queries/q18/base.sql,measured,2,5,5,3,0.942,2939.795,15,4,57,19505640,100,192090147,1499943,2,orders;lineitem;customer,245502,148413,0,0,0,0,0
2026-08-12T10:20:15Z,49472BC5FD3EF57F,18.4,queries/tpch/tpch-queries/q18/base.sql,measured,3,1,5,3,5.014,3078.301,15,4,57,19505640,100,192090147,1499943,2,orders;lineitem;customer,245513,148408,0,0,0,0,0
2026-08-12T10:20:15Z,49472BC5FD3EF57F,18.4,queries/tpch/tpch-queries/q18/base.sql,measured,3,2,5,3,0.975,3056.299,15,4,57,19505640,100,192090147,1499943,2,orders;lineitem;customer,245502,148413,0,0,0,0,0
2026-08-12T10:20:15Z,49472BC5FD3EF57F,18.4,queries/tpch/tpch-queries/q18/base.sql,measured,3,3,5,3,1.071,3010.121,15,4,57,19505640,100,192090147,1499943,2,orders;lineitem;customer,245502,148413,0,0,0,0,0
2026-08-12T10:20:15Z,49472BC5FD3EF57F,18.4,queries/tpch/tpch-queries/q18/base.sql,measured,3,4,5,3,0.990,3063.872,15,4,57,19505640,100,192090147,1499943,2,orders;lineitem;customer,245502,148413,0,0,0,0,0
2026-08-12T10:20:15Z,49472BC5FD3EF57F,18.4,queries/tpch/tpch-queries/q18/base.sql,measured,3,5,5,3,0.973,3079.494,15,4,57,19505640,100,192090147,1499943,2,orders;lineitem;customer,245502,148413,0,0,0,0,0
2026-08-12T10:20:18Z,49472BC5FD3EF57F,18.4,queries/tpch/tpch-queries/q18/v1_materialized.sql,warmup,1,1,1,3,4.613,3136.272,16,5,57,19655982,100,195571896,1499943,2,customer;orders;lineitem;_m,123404,273913,0,0,0,0,0
2026-08-12T10:20:21Z,49472BC5FD3EF57F,18.4,queries/tpch/tpch-queries/q18/v1_materialized.sql,warmup,2,1,1,3,2.087,3131.975,16,5,57,19655982,100,195571896,1499943,2,customer;orders;lineitem;_m,126078,271239,0,0,0,0,0
2026-08-12T10:20:37Z,49472BC5FD3EF57F,18.4,queries/tpch/tpch-queries/q18/v1_materialized.sql,measured,1,1,5,3,2.006,3014.856,16,5,57,19655982,100,195571896,1499943,2,customer;orders;lineitem;_m,125839,271478,0,0,0,0,0
2026-08-12T10:20:37Z,49472BC5FD3EF57F,18.4,queries/tpch/tpch-queries/q18/v1_materialized.sql,measured,1,2,5,3,0.714,3017.668,16,5,57,19655982,100,195571896,1499943,2,customer;orders;lineitem;_m,123991,273326,0,0,0,0,0
2026-08-12T10:20:37Z,49472BC5FD3EF57F,18.4,queries/tpch/tpch-queries/q18/v1_materialized.sql,measured,1,3,5,3,0.699,2996.617,16,5,57,19655982,100,195571896,1499943,2,customer;orders;lineitem;_m,125040,272277,0,0,0,0,0
2026-08-12T10:20:37Z,49472BC5FD3EF57F,18.4,queries/tpch/tpch-queries/q18/v1_materialized.sql,measured,1,4,5,3,0.706,2984.172,16,5,57,19655982,100,195571896,1499943,2,customer;orders;lineitem;_m,124096,273221,0,0,0,0,0
2026-08-12T10:20:37Z,49472BC5FD3EF57F,18.4,queries/tpch/tpch-queries/q18/v1_materialized.sql,measured,1,5,5,3,0.714,3064.251,16,5,57,19655982,100,195571896,1499943,2,customer;orders;lineitem;_m,123421,273896,0,0,0,0,0
2026-08-12T10:20:52Z,49472BC5FD3EF57F,18.4,queries/tpch/tpch-queries/q18/v1_materialized.sql,measured,2,1,5,3,2.020,3099.755,16,5,57,19655982,100,195571896,1499943,2,customer;orders;lineitem;_m,124738,272579,0,0,0,0,0
2026-08-12T10:20:52Z,49472BC5FD3EF57F,18.4,queries/tpch/tpch-queries/q18/v1_materialized.sql,measured,2,2,5,3,0.734,3050.043,16,5,57,19655982,100,195571896,1499943,2,customer;orders;lineitem;_m,124075,273242,0,0,0,0,0
2026-08-12T10:20:52Z,49472BC5FD3EF57F,18.4,queries/tpch/tpch-queries/q18/v1_materialized.sql,measured,2,3,5,3,0.753,3033.988,16,5,57,19655982,100,195571896,1499943,2,customer;orders;lineitem;_m,124265,273052,0,0,0,0,0
2026-08-12T10:20:52Z,49472BC5FD3EF57F,18.4,queries/tpch/tpch-queries/q18/v1_materialized.sql,measured,2,4,5,3,0.701,3056.578,16,5,57,19655982,100,195571896,1499943,2,customer;orders;lineitem;_m,124099,273218,0,0,0,0,0
2026-08-12T10:20:52Z,49472BC5FD3EF57F,18.4,queries/tpch/tpch-queries/q18/v1_materialized.sql,measured,2,5,5,3,0.719,3062.525,16,5,57,19655982,100,195571896,1499943,2,customer;orders;lineitem;_m,123421,273896,0,0,0,0,0
2026-08-12T10:21:07Z,49472BC5FD3EF57F,18.4,queries/tpch/tpch-queries/q18/v1_materialized.sql,measured,3,1,5,3,2.185,3111.667,16,5,57,19655982,100,195571896,1499943,2,customer;orders;lineitem;_m,125776,271541,0,0,0,0,0
2026-08-12T10:21:07Z,49472BC5FD3EF57F,18.4,queries/tpch/tpch-queries/q18/v1_materialized.sql,measured,3,2,5,3,0.707,3013.580,16,5,57,19655982,100,195571896,1499943,2,customer;orders;lineitem;_m,123633,273684,0,0,0,0,0
2026-08-12T10:21:07Z,49472BC5FD3EF57F,18.4,queries/tpch/tpch-queries/q18/v1_materialized.sql,measured,3,3,5,3,0.720,3040.172,16,5,57,19655982,100,195571896,1499943,2,customer;orders;lineitem;_m,123419,273898,0,0,0,0,0
2026-08-12T10:21:07Z,49472BC5FD3EF57F,18.4,queries/tpch/tpch-queries/q18/v1_materialized.sql,measured,3,4,5,3,0.716,3056.585,16,5,57,19655982,100,195571896,1499943,2,customer;orders;lineitem;_m,124044,273273,0,0,0,0,0
2026-08-12T10:21:07Z,49472BC5FD3EF57F,18.4,queries/tpch/tpch-queries/q18/v1_materialized.sql,measured,3,5,5,3,0.714,3043.134,16,5,57,19655982,100,195571896,1499943,2,customer;orders;lineitem;_m,123923,273394,0,0,0,0,0
2026-08-12T10:21:10Z,49472BC5FD3EF57F,18.4,queries/tpch/tpch-queries/q18/v2_join.sql,warmup,1,1,1,3,2.217,2968.129,15,4,57,19505640,100,192090147,1499943,2,orders;lineitem;customer,245521,148400,0,0,0,0,0
2026-08-12T10:21:14Z,49472BC5FD3EF57F,18.4,queries/tpch/tpch-queries/q18/v2_join.sql,warmup,2,1,1,3,3.515,3060.076,15,4,57,19505640,100,192090147,1499943,2,orders;lineitem;customer,245517,148404,0,0,0,0,0
2026-08-12T10:21:29Z,49472BC5FD3EF57F,18.4,queries/tpch/tpch-queries/q18/v2_join.sql,measured,1,1,5,3,3.283,3051.551,15,4,57,19505640,100,192090147,1499943,2,orders;lineitem;customer,245515,148406,0,0,0,0,0
2026-08-12T10:21:29Z,49472BC5FD3EF57F,18.4,queries/tpch/tpch-queries/q18/v2_join.sql,measured,1,2,5,3,0.943,3038.363,15,4,57,19505640,100,192090147,1499943,2,orders;lineitem;customer,245504,148411,0,0,0,0,0
2026-08-12T10:21:29Z,49472BC5FD3EF57F,18.4,queries/tpch/tpch-queries/q18/v2_join.sql,measured,1,3,5,3,0.942,2964.833,15,4,57,19505640,100,192090147,1499943,2,orders;lineitem;customer,245502,148413,0,0,0,0,0
2026-08-12T10:21:29Z,49472BC5FD3EF57F,18.4,queries/tpch/tpch-queries/q18/v2_join.sql,measured,1,4,5,3,0.948,2987.957,15,4,57,19505640,100,192090147,1499943,2,orders;lineitem;customer,245502,148413,0,0,0,0,0
2026-08-12T10:21:29Z,49472BC5FD3EF57F,18.4,queries/tpch/tpch-queries/q18/v2_join.sql,measured,1,5,5,3,0.952,3060.353,15,4,57,19505640,100,192090147,1499943,2,orders;lineitem;customer,245502,148413,0,0,0,0,0
2026-08-12T10:21:44Z,49472BC5FD3EF57F,18.4,queries/tpch/tpch-queries/q18/v2_join.sql,measured,2,1,5,3,3.555,3107.074,15,4,57,19505640,100,192090147,1499943,2,orders;lineitem;customer,245513,148408,0,0,0,0,0
2026-08-12T10:21:44Z,49472BC5FD3EF57F,18.4,queries/tpch/tpch-queries/q18/v2_join.sql,measured,2,2,5,3,0.952,3015.650,15,4,57,19505640,100,192090147,1499943,2,orders;lineitem;customer,245502,148413,0,0,0,0,0
2026-08-12T10:21:44Z,49472BC5FD3EF57F,18.4,queries/tpch/tpch-queries/q18/v2_join.sql,measured,2,3,5,3,0.946,3017.588,15,4,57,19505640,100,192090147,1499943,2,orders;lineitem;customer,245502,148413,0,0,0,0,0
2026-08-12T10:21:44Z,49472BC5FD3EF57F,18.4,queries/tpch/tpch-queries/q18/v2_join.sql,measured,2,4,5,3,0.962,2963.591,15,4,57,19505640,100,192090147,1499943,2,orders;lineitem;customer,245502,148413,0,0,0,0,0
2026-08-12T10:21:44Z,49472BC5FD3EF57F,18.4,queries/tpch/tpch-queries/q18/v2_join.sql,measured,2,5,5,3,0.942,3031.489,15,4,57,19505640,100,192090147,1499943,2,orders;lineitem;customer,245502,148413,0,0,0,0,0
2026-08-12T10:21:59Z,49472BC5FD3EF57F,18.4,queries/tpch/tpch-queries/q18/v2_join.sql,measured,3,1,5,3,5.089,3051.762,15,4,57,19505640,100,192090147,1499943,2,orders;lineitem;customer,245513,148408,0,0,0,0,0
2026-08-12T10:21:59Z,49472BC5FD3EF57F,18.4,queries/tpch/tpch-queries/q18/v2_join.sql,measured,3,2,5,3,0.941,3004.180,15,4,57,19505640,100,192090147,1499943,2,orders;lineitem;customer,245502,148413,0,0,0,0,0
2026-08-12T10:21:59Z,49472BC5FD3EF57F,18.4,queries/tpch/tpch-queries/q18/v2_join.sql,measured,3,3,5,3,0.955,2955.754,15,4,57,19505640,100,192090147,1499943,2,orders;lineitem;customer,245502,148413,0,0,0,0,0
2026-08-12T10:21:59Z,49472BC5FD3EF57F,18.4,queries/tpch/tpch-queries/q18/v2_join.sql,measured,3,4,5,3,0.976,2852.139,15,4,57,19505640,100,192090147,1499943,2,orders;lineitem;customer,245502,148413,0,0,0,0,0
2026-08-12T10:21:59Z,49472BC5FD3EF57F,18.4,queries/tpch/tpch-queries/q18/v2_join.sql,measured,3,5,5,3,0.946,2896.150,15,4,57,19505640,100,192090147,1499943,2,orders;lineitem;customer,245502,148413,0,0,0,0,0
2026-08-12T10:21:59Z,49472BC5FD3EF57F,18.4,queries/tpch/tpch-queries/q19/base.sql,warmup,1,1,1,3,2.852,159.271,6,2,1,610,1,16154,66534,2,part;lineitem,2906,16976,0,0,0,0,0
2026-08-12T10:21:59Z,49472BC5FD3EF57F,18.4,queries/tpch/tpch-queries/q19/base.sql,warmup,2,1,1,3,1.524,45.372,6,2,1,610,1,16154,66534,2,part;lineitem,8990,10892,0,0,0,0,0
2026-08-12T10:22:00Z,49472BC5FD3EF57F,18.4,queries/tpch/tpch-queries/q19/base.sql,measured,1,1,5,3,1.256,29.215,6,2,1,610,1,16154,66534,2,part;lineitem,16318,3564,0,0,0,0,0
2026-08-12T10:22:00Z,49472BC5FD3EF57F,18.4,queries/tpch/tpch-queries/q19/base.sql,measured,1,2,5,3,0.367,28.431,6,2,1,610,1,16154,66534,2,part;lineitem,16600,3282,0,0,0,0,0
2026-08-12T10:22:00Z,49472BC5FD3EF57F,18.4,queries/tpch/tpch-queries/q19/base.sql,measured,1,3,5,3,0.381,27.544,6,2,1,610,1,16154,66534,2,part;lineitem,16882,3000,0,0,0,0,0
2026-08-12T10:22:00Z,49472BC5FD3EF57F,18.4,queries/tpch/tpch-queries/q19/base.sql,measured,1,4,5,3,0.378,27.426,6,2,1,610,1,16154,66534,2,part;lineitem,17164,2718,0,0,0,0,0
2026-08-12T10:22:00Z,49472BC5FD3EF57F,18.4,queries/tpch/tpch-queries/q19/base.sql,measured,1,5,5,3,0.389,27.193,6,2,1,610,1,16154,66534,2,part;lineitem,17446,2436,0,0,0,0,0
2026-08-12T10:22:00Z,49472BC5FD3EF57F,18.4,queries/tpch/tpch-queries/q19/base.sql,measured,2,1,5,3,1.431,29.466,6,2,1,610,1,16154,66534,2,part;lineitem,17728,2154,0,0,0,0,0
2026-08-12T10:22:00Z,49472BC5FD3EF57F,18.4,queries/tpch/tpch-queries/q19/base.sql,measured,2,2,5,3,0.458,30.774,6,2,1,610,1,16154,66534,2,part;lineitem,17748,2134,0,0,0,0,0
2026-08-12T10:22:00Z,49472BC5FD3EF57F,18.4,queries/tpch/tpch-queries/q19/base.sql,measured,2,3,5,3,0.398,29.051,6,2,1,610,1,16154,66534,2,part;lineitem,17755,2127,0,0,0,0,0
2026-08-12T10:22:00Z,49472BC5FD3EF57F,18.4,queries/tpch/tpch-queries/q19/base.sql,measured,2,4,5,3,0.386,28.860,6,2,1,610,1,16154,66534,2,part;lineitem,17794,2088,0,0,0,0,0
2026-08-12T10:22:00Z,49472BC5FD3EF57F,18.4,queries/tpch/tpch-queries/q19/base.sql,measured,2,5,5,3,0.378,30.614,6,2,1,610,1,16154,66534,2,part;lineitem,17794,2088,0,0,0,0,0
2026-08-12T10:22:00Z,49472BC5FD3EF57F,18.4,queries/tpch/tpch-queries/q19/base.sql,measured,3,1,5,3,2.048,32.131,6,2,1,610,1,16154,66534,2,part;lineitem,17755,2127,0,0,0,0,0
2026-08-12T10:22:00Z,49472BC5FD3EF57F,18.4,queries/tpch/tpch-queries/q19/base.sql,measured,3,2,5,3,0.382,28.050,6,2,1,610,1,16154,66534,2,part;lineitem,17755,2127,0,0,0,0,0
2026-08-12T10:22:00Z,49472BC5FD3EF57F,18.4,queries/tpch/tpch-queries/q19/base.sql,measured,3,3,5,3,0.376,26.615,6,2,1,610,1,16154,66534,2,part;lineitem,17799,2083,0,0,0,0,0
2026-08-12T10:22:00Z,49472BC5FD3EF57F,18.4,queries/tpch/tpch-queries/q19/base.sql,measured,3,4,5,3,0.392,27.731,6,2,1,610,1,16154,66534,2,part;lineitem,17809,2073,0,0,0,0,0
2026-08-12T10:22:00Z,49472BC5FD3EF57F,18.4,queries/tpch/tpch-queries/q19/base.sql,measured,3,5,5,3,0.379,27.248,6,2,1,610,1,16154,66534,2,part;lineitem,17820,2062,0,0,0,0,0
2026-08-12T10:22:00Z,49472BC5FD3EF57F,18.4,queries/tpch/tpch-queries/q19/v1_materialized.sql,warmup,1,1,1,3,1.921,33.093,7,3,1,611,1,16186,66534,2,_m;part;lineitem,17722,2160,0,0,0,0,0
2026-08-12T10:22:00Z,49472BC5FD3EF57F,18.4,queries/tpch/tpch-queries/q19/v1_materialized.sql,warmup,2,1,1,3,1.309,29.868,7,3,1,611,1,16186,66534,2,_m;part;lineitem,17722,2160,0,0,0,0,0
2026-08-12T10:22:01Z,49472BC5FD3EF57F,18.4,queries/tpch/tpch-queries/q19/v1_materialized.sql,measured,1,1,5,3,1.321,32.903,7,3,1,611,1,16186,66534,2,_m;part;lineitem,17736,2146,0,0,0,0,0
2026-08-12T10:22:01Z,49472BC5FD3EF57F,18.4,queries/tpch/tpch-queries/q19/v1_materialized.sql,measured,1,2,5,3,0.422,30.101,7,3,1,611,1,16186,66534,2,_m;part;lineitem,17738,2144,0,0,0,0,0
2026-08-12T10:22:01Z,49472BC5FD3EF57F,18.4,queries/tpch/tpch-queries/q19/v1_materialized.sql,measured,1,3,5,3,0.392,29.622,7,3,1,611,1,16186,66534,2,_m;part;lineitem,17790,2092,0,0,0,0,0
2026-08-12T10:22:01Z,49472BC5FD3EF57F,18.4,queries/tpch/tpch-queries/q19/v1_materialized.sql,measured,1,4,5,3,0.415,29.102,7,3,1,611,1,16186,66534,2,_m;part;lineitem,17794,2088,0,0,0,0,0
2026-08-12T10:22:01Z,49472BC5FD3EF57F,18.4,queries/tpch/tpch-queries/q19/v1_materialized.sql,measured,1,5,5,3,0.402,28.562,7,3,1,611,1,16186,66534,2,_m;part;lineitem,17800,2082,0,0,0,0,0
2026-08-12T10:22:01Z,49472BC5FD3EF57F,18.4,queries/tpch/tpch-queries/q19/v1_materialized.sql,measured,2,1,5,3,1.866,31.860,7,3,1,611,1,16186,66534,2,_m;part;lineitem,17755,2127,0,0,0,0,0
2026-08-12T10:22:01Z,49472BC5FD3EF57F,18.4,queries/tpch/tpch-queries/q19/v1_materialized.sql,measured,2,2,5,3,0.443,32.692,7,3,1,611,1,16186,66534,2,_m;part;lineitem,17772,2110,0,0,0,0,0
2026-08-12T10:22:01Z,49472BC5FD3EF57F,18.4,queries/tpch/tpch-queries/q19/v1_materialized.sql,measured,2,3,5,3,0.395,28.492,7,3,1,611,1,16186,66534,2,_m;part;lineitem,17798,2084,0,0,0,0,0
2026-08-12T10:22:01Z,49472BC5FD3EF57F,18.4,queries/tpch/tpch-queries/q19/v1_materialized.sql,measured,2,4,5,3,0.405,34.407,7,3,1,611,1,16186,66534,2,_m;part;lineitem,17809,2073,0,0,0,0,0
2026-08-12T10:22:01Z,49472BC5FD3EF57F,18.4,queries/tpch/tpch-queries/q19/v1_materialized.sql,measured,2,5,5,3,0.406,27.437,7,3,1,611,1,16186,66534,2,_m;part;lineitem,17820,2062,0,0,0,0,0
2026-08-12T10:22:01Z,49472BC5FD3EF57F,18.4,queries/tpch/tpch-queries/q19/v1_materialized.sql,measured,3,1,5,3,1.624,30.626,7,3,1,611,1,16186,66534,2,_m;part;lineitem,17755,2127,0,0,0,0,0
2026-08-12T10:22:01Z,49472BC5FD3EF57F,18.4,queries/tpch/tpch-queries/q19/v1_materialized.sql,measured,3,2,5,3,0.432,33.654,7,3,1,611,1,16186,66534,2,_m;part;lineitem,17755,2127,0,0,0,0,0
2026-08-12T10:22:01Z,49472BC5FD3EF57F,18.4,queries/tpch/tpch-queries/q19/v1_materialized.sql,measured,3,3,5,3,0.427,27.987,7,3,1,611,1,16186,66534,2,_m;part;lineitem,17794,2088,0,0,0,0,0
2026-08-12T10:22:01Z,49472BC5FD3EF57F,18.4,queries/tpch/tpch-queries/q19/v1_materialized.sql,measured,3,4,5,3,0.425,27.662,7,3,1,611,1,16186,66534,2,_m;part;lineitem,17808,2074,0,0,0,0,0
2026-08-12T10:22:01Z,49472BC5FD3EF57F,18.4,queries/tpch/tpch-queries/q19/v1_materialized.sql,measured,3,5,5,3,0.417,27.615,7,3,1,611,1,16186,66534,2,_m;part;lineitem,17817,2065,0,0,0,0,0
2026-08-12T10:22:01Z,49472BC5FD3EF57F,18.4,queries/tpch/tpch-queries/q19/v2_union_all.sql,warmup,1,1,1,3,1.960,41.818,13,6,1,729,1,9804,366507,2,part;lineitem,22915,5223,0,0,0,0,0
2026-08-12T10:22:01Z,49472BC5FD3EF57F,18.4,queries/tpch/tpch-queries/q19/v2_union_all.sql,warmup,2,1,1,3,1.598,44.011,13,6,1,731,1,9840,466328,2,part;lineitem,24355,3716,0,0,0,0,0
2026-08-12T10:22:02Z,49472BC5FD3EF57F,18.4,queries/tpch/tpch-queries/q19/v2_union_all.sql,measured,1,1,5,3,1.607,51.981,13,6,1,729,1,9804,366507,2,part;lineitem,21608,6530,0,0,0,0,0
2026-08-12T10:22:02Z,49472BC5FD3EF57F,18.4,queries/tpch/tpch-queries/q19/v2_union_all.sql,measured,1,2,5,3,0.613,47.117,13,6,1,729,1,9804,366507,2,part;lineitem,20627,7497,0,0,0,0,0
2026-08-12T10:22:02Z,49472BC5FD3EF57F,18.4,queries/tpch/tpch-queries/q19/v2_union_all.sql,measured,1,3,5,3,0.644,47.751,13,6,1,729,1,9804,366507,2,part;lineitem,20384,7754,0,0,0,0,0
2026-08-12T10:22:02Z,49472BC5FD3EF57F,18.4,queries/tpch/tpch-queries/q19/v2_union_all.sql,measured,1,4,5,3,0.669,53.035,13,6,1,729,1,9804,366507,2,part;lineitem,21598,6532,0,0,0,0,0
2026-08-12T10:22:02Z,49472BC5FD3EF57F,18.4,queries/tpch/tpch-queries/q19/v2_union_all.sql,measured,1,5,5,3,0.636,44.917,13,6,1,729,1,9804,366507,2,part;lineitem,21092,7046,0,0,0,0,0
2026-08-12T10:22:02Z,49472BC5FD3EF57F,18.4,queries/tpch/tpch-queries/q19/v2_union_all.sql,measured,2,1,5,3,2.643,43.082,13,6,1,729,1,9804,366507,2,part;lineitem,23390,4744,0,0,0,0,0
2026-08-12T10:22:02Z,49472BC5FD3EF57F,18.4,queries/tpch/tpch-queries/q19/v2_union_all.sql,measured,2,2,5,3,0.678,41.385,13,6,1,729,1,9804,366507,2,part;lineitem,22001,6137,0,0,0,0,0
2026-08-12T10:22:02Z,49472BC5FD3EF57F,18.4,queries/tpch/tpch-queries/q19/v2_union_all.sql,measured,2,3,5,3,0.584,38.380,13,6,1,729,1,9804,366507,2,part;lineitem,22760,5359,0,0,0,0,0
2026-08-12T10:22:02Z,49472BC5FD3EF57F,18.4,queries/tpch/tpch-queries/q19/v2_union_all.sql,measured,2,4,5,3,0.588,46.600,13,6,1,729,1,9804,366507,2,part;lineitem,22385,5749,0,0,0,0,0
2026-08-12T10:22:02Z,49472BC5FD3EF57F,18.4,queries/tpch/tpch-queries/q19/v2_union_all.sql,measured,2,5,5,3,0.579,38.023,13,6,1,729,1,9804,366507,2,part;lineitem,23417,4717,0,0,0,0,0
2026-08-12T10:22:02Z,49472BC5FD3EF57F,18.4,queries/tpch/tpch-queries/q19/v2_union_all.sql,measured,3,1,5,3,2.960,42.093,13,6,1,729,1,9804,366507,2,part;lineitem,25309,2824,0,0,0,0,0
2026-08-12T10:22:02Z,49472BC5FD3EF57F,18.4,queries/tpch/tpch-queries/q19/v2_union_all.sql,measured,3,2,5,3,0.626,42.541,13,6,1,729,1,9804,366507,2,part;lineitem,22796,5328,0,0,0,0,0
2026-08-12T10:22:02Z,49472BC5FD3EF57F,18.4,queries/tpch/tpch-queries/q19/v2_union_all.sql,measured,3,3,5,3,0.594,40.244,13,6,1,729,1,9804,366507,2,part;lineitem,23035,5103,0,0,0,0,0
2026-08-12T10:22:02Z,49472BC5FD3EF57F,18.4,queries/tpch/tpch-queries/q19/v2_union_all.sql,measured,3,4,5,3,0.597,35.619,13,6,1,729,1,9804,366507,2,part;lineitem,23868,4270,0,0,0,0,0
2026-08-12T10:22:02Z,49472BC5FD3EF57F,18.4,queries/tpch/tpch-queries/q19/v2_union_all.sql,measured,3,5,5,3,0.591,39.835,13,6,1,729,1,9804,366507,2,part;lineitem,22461,5677,0,0,0,0,0
2026-08-12T10:22:04Z,49472BC5FD3EF57F,18.4,queries/tpch/tpch-queries/q21/base.sql,warmup,1,1,1,3,4.241,2000.232,17,6,100,2269461,1,43352824,257108,2,orders;nation;supplier;lineitem,783509,319370,0,0,7368,7368,0
2026-08-12T10:22:06Z,49472BC5FD3EF57F,18.4,queries/tpch/tpch-queries/q21/base.sql,warmup,2,1,1,3,3.087,1921.344,17,6,100,2269461,1,43352824,257108,2,orders;nation;supplier;lineitem,783279,319610,0,0,7369,7369,0
2026-08-12T10:22:16Z,49472BC5FD3EF57F,18.4,queries/tpch/tpch-queries/q21/base.sql,measured,1,1,5,3,3.364,2019.866,17,6,100,2269461,1,43352824,257108,2,orders;nation;supplier;lineitem,783193,319702,0,0,7368,7368,0
2026-08-12T10:22:16Z,49472BC5FD3EF57F,18.4,queries/tpch/tpch-queries/q21/base.sql,measured,1,2,5,3,1.570,1937.185,17,6,100,2269461,1,43352824,257108,2,orders;nation;supplier;lineitem,783074,319807,0,0,7369,7369,0
2026-08-12T10:22:16Z,49472BC5FD3EF57F,18.4,queries/tpch/tpch-queries/q21/base.sql,measured,1,3,5,3,1.566,1934.495,17,6,100,2269461,1,43352824,257108,2,orders;nation;supplier;lineitem,783080,319795,0,0,7369,7369,0
2026-08-12T10:22:16Z,49472BC5FD3EF57F,18.4,queries/tpch/tpch-queries/q21/base.sql,measured,1,4,5,3,1.601,1996.134,17,6,100,2269461,1,43352824,257108,2,orders;nation;supplier;lineitem,783365,319523,0,0,7368,7368,0
2026-08-12T10:22:16Z,49472BC5FD3EF57F,18.4,queries/tpch/tpch-queries/q21/base.sql,measured,1,5,5,3,1.611,1980.544,17,6,100,2269461,1,43352824,257108,2,orders;nation;supplier;lineitem,783329,319560,0,0,7368,7368,0
2026-08-12T10:22:26Z,49472BC5FD3EF57F,18.4,queries/tpch/tpch-queries/q21/base.sql,measured,2,1,5,3,4.609,2010.904,17,6,100,2269461,1,43352824,257108,2,orders;nation;supplier;lineitem,783076,319817,0,0,7369,7369,0
2026-08-12T10:22:26Z,49472BC5FD3EF57F,18.4,queries/tpch/tpch-queries/q21/base.sql,measured,2,2,5,3,1.567,1991.539,17,6,100,2269461,1,43352824,257108,2,orders;nation;supplier;lineitem,783101,319786,0,0,7369,7369,0
2026-08-12T10:22:26Z,49472BC5FD3EF57F,18.4,queries/tpch/tpch-queries/q21/base.sql,measured,2,3,5,3,1.622,1992.411,17,6,100,2269461,1,43352824,257108,2,orders;nation;supplier;lineitem,783098,319791,0,0,7369,7369,0
2026-08-12T10:22:26Z,49472BC5FD3EF57F,18.4,queries/tpch/tpch-queries/q21/base.sql,measured,2,4,5,3,1.688,1971.506,17,6,100,2269461,1,43352824,257108,2,orders;nation;supplier;lineitem,783141,319734,0,0,7369,7369,0
2026-08-12T10:22:26Z,49472BC5FD3EF57F,18.4,queries/tpch/tpch-queries/q21/base.sql,measured,2,5,5,3,1.573,1988.607,17,6,100,2269461,1,43352824,257108,2,orders;nation;supplier;lineitem,783373,319511,0,0,7368,7368,0
2026-08-12T10:22:36Z,49472BC5FD3EF57F,18.4,queries/tpch/tpch-queries/q21/base.sql,measured,3,1,5,3,3.121,1965.411,17,6,100,2269461,1,43352824,257108,2,orders;nation;supplier;lineitem,783061,319827,0,0,7368,7368,0
2026-08-12T10:22:36Z,49472BC5FD3EF57F,18.4,queries/tpch/tpch-queries/q21/base.sql,measured,3,2,5,3,1.558,1967.637,17,6,100,2269461,1,43352824,257108,2,orders;nation;supplier;lineitem,783059,319830,0,0,7369,7369,0
2026-08-12T10:22:36Z,49472BC5FD3EF57F,18.4,queries/tpch/tpch-queries/q21/base.sql,measured,3,3,5,3,1.597,1991.568,17,6,100,2269461,1,43352824,257108,2,orders;nation;supplier;lineitem,783170,319714,0,0,7368,7368,0
2026-08-12T10:22:36Z,49472BC5FD3EF57F,18.4,queries/tpch/tpch-queries/q21/base.sql,measured,3,4,5,3,1.595,1982.328,17,6,100,2269461,1,43352824,257108,2,orders;nation;supplier;lineitem,783241,319638,0,0,7368,7368,0
2026-08-12T10:22:36Z,49472BC5FD3EF57F,18.4,queries/tpch/tpch-queries/q21/base.sql,measured,3,5,5,3,1.667,2008.627,17,6,100,2269461,1,43352824,257108,2,orders;nation;supplier;lineitem,783244,319642,0,0,7369,7369,0
2026-08-12T10:22:39Z,49472BC5FD3EF57F,18.4,queries/tpch/tpch-queries/q21/v1_materialized.sql,warmup,1,1,1,3,3.473,1967.785,19,8,100,2242338,1,42436378,257108,2,orders;nation;supplier;ixtest_supplier_nationkey;lineitem;_m,783011,319772,0,0,7369,7369,0
2026-08-12T10:22:41Z,49472BC5FD3EF57F,18.4,queries/tpch/tpch-queries/q21/v1_materialized.sql,warmup,2,1,1,3,5.338,2058.294,19,8,100,2242338,1,42436378,257108,2,orders;nation;supplier;ixtest_supplier_nationkey;lineitem;_m,783287,319497,0,0,7369,7369,0
2026-08-12T10:22:51Z,49472BC5FD3EF57F,18.4,queries/tpch/tpch-queries/q21/v1_materialized.sql,measured,1,1,5,3,3.974,1993.214,19,8,100,2242338,1,42436378,257108,2,orders;nation;supplier;ixtest_supplier_nationkey;lineitem;_m,783034,319749,0,0,7369,7369,0
2026-08-12T10:22:51Z,49472BC5FD3EF57F,18.4,queries/tpch/tpch-queries/q21/v1_materialized.sql,measured,1,2,5,3,1.165,1978.381,19,8,100,2242338,1,42436378,257108,2,orders;nation;supplier;ixtest_supplier_nationkey;lineitem;_m,783014,319763,0,0,7369,7369,0
2026-08-12T10:22:51Z,49472BC5FD3EF57F,18.4,queries/tpch/tpch-queries/q21/v1_materialized.sql,measured,1,3,5,3,1.123,1982.780,19,8,100,2242338,1,42436378,257108,2,orders;nation;supplier;ixtest_supplier_nationkey;lineitem;_m,783025,319753,0,0,7369,7369,0
2026-08-12T10:22:51Z,49472BC5FD3EF57F,18.4,queries/tpch/tpch-queries/q21/v1_materialized.sql,measured,1,4,5,3,1.120,1917.731,19,8,100,2242338,1,42436378,257108,2,orders;nation;supplier;ixtest_supplier_nationkey;lineitem;_m,783211,319566,0,0,7369,7369,0
2026-08-12T10:22:51Z,49472BC5FD3EF57F,18.4,queries/tpch/tpch-queries/q21/v1_materialized.sql,measured,1,5,5,3,1.198,1987.305,19,8,100,2242338,1,42436378,257108,2,orders;nation;supplier;ixtest_supplier_nationkey;lineitem;_m,783195,319582,0,0,7369,7369,0
2026-08-12T10:23:01Z,49472BC5FD3EF57F,18.4,queries/tpch/tpch-queries/q21/v1_materialized.sql,measured,2,1,5,3,4.057,1972.095,19,8,100,2242338,1,42436378,257108,2,orders;nation;supplier;ixtest_supplier_nationkey;lineitem;_m,783327,319453,0,0,7368,7368,0
2026-08-12T10:23:01Z,49472BC5FD3EF57F,18.4,queries/tpch/tpch-queries/q21/v1_materialized.sql,measured,2,2,5,3,1.145,1915.197,19,8,100,2242338,1,42436378,257108,2,orders;nation;supplier;ixtest_supplier_nationkey;lineitem;_m,783121,319657,0,0,7368,7368,0
2026-08-12T10:23:01Z,49472BC5FD3EF57F,18.4,queries/tpch/tpch-queries/q21/v1_materialized.sql,measured,2,3,5,3,1.120,1965.642,19,8,100,2242338,1,42436378,257108,2,orders;nation;supplier;ixtest_supplier_nationkey;lineitem;_m,783215,319563,0,0,7368,7368,0
2026-08-12T10:23:01Z,49472BC5FD3EF57F,18.4,queries/tpch/tpch-queries/q21/v1_materialized.sql,measured,2,4,5,3,1.165,1943.725,19,8,100,2242338,1,42436378,257108,2,orders;nation;supplier;ixtest_supplier_nationkey;lineitem;_m,783289,319488,0,0,7368,7368,0
2026-08-12T10:23:01Z,49472BC5FD3EF57F,18.4,queries/tpch/tpch-queries/q21/v1_materialized.sql,measured,2,5,5,3,1.152,1975.895,19,8,100,2242338,1,42436378,257108,2,orders;nation;supplier;ixtest_supplier_nationkey;lineitem;_m,783027,319751,0,0,7368,7368,0
2026-08-12T10:23:11Z,49472BC5FD3EF57F,18.4,queries/tpch/tpch-queries/q21/v1_materialized.sql,measured,3,1,5,3,6.126,2018.966,19,8,100,2242338,1,42436378,257108,2,orders;nation;supplier;ixtest_supplier_nationkey;lineitem;_m,782985,319794,0,0,7369,7369,0
2026-08-12T10:23:11Z,49472BC5FD3EF57F,18.4,queries/tpch/tpch-queries/q21/v1_materialized.sql,measured,3,2,5,3,1.155,1969.893,19,8,100,2242338,1,42436378,257108,2,orders;nation;supplier;ixtest_supplier_nationkey;lineitem;_m,783295,319482,0,0,7368,7368,0
2026-08-12T10:23:11Z,49472BC5FD3EF57F,18.4,queries/tpch/tpch-queries/q21/v1_materialized.sql,measured,3,3,5,3,1.151,1928.637,19,8,100,2242338,1,42436378,257108,2,orders;nation;supplier;ixtest_supplier_nationkey;lineitem;_m,783164,319614,0,0,7369,7369,0
2026-08-12T10:23:11Z,49472BC5FD3EF57F,18.4,queries/tpch/tpch-queries/q21/v1_materialized.sql,measured,3,4,5,3,1.127,1967.195,19,8,100,2242338,1,42436378,257108,2,orders;nation;supplier;ixtest_supplier_nationkey;lineitem;_m,783003,319774,0,0,7368,7368,0
2026-08-12T10:23:11Z,49472BC5FD3EF57F,18.4,queries/tpch/tpch-queries/q21/v1_materialized.sql,measured,3,5,5,3,1.158,1996.441,19,8,100,2242338,1,42436378,257108,2,orders;nation;supplier;ixtest_supplier_nationkey;lineitem;_m,783015,319762,0,0,7369,7369,0
2026-08-12T10:23:11Z,49472BC5FD3EF57F,18.4,queries/tpch/tpch-queries/q22/base.sql,warmup,1,1,1,3,2.007,80.868,10,3,7,76283,730,1451186,80960,2,customer;orders,59092,5135,0,0,0,0,0
2026-08-12T10:23:11Z,49472BC5FD3EF57F,18.4,queries/tpch/tpch-queries/q22/base.sql,warmup,2,1,1,3,0.964,56.268,10,3,7,76283,730,1451186,80960,2,customer;orders,64227,0,0,0,0,0,0
2026-08-12T10:23:11Z,49472BC5FD3EF57F,18.4,queries/tpch/tpch-queries/q22/base.sql,measured,1,1,5,3,0.975,59.097,10,3,7,76283,730,1451186,80960,2,customer;orders,64227,0,0,0,0,0,0
2026-08-12T10:23:11Z,49472BC5FD3EF57F,18.4,queries/tpch/tpch-queries/q22/base.sql,measured,1,2,5,3,0.267,54.328,10,3,7,76283,730,1451186,80960,2,customer;orders,64227,0,0,0,0,0,0
2026-08-12T10:23:11Z,49472BC5FD3EF57F,18.4,queries/tpch/tpch-queries/q22/base.sql,measured,1,3,5,3,0.257,54.729,10,3,7,76283,730,1451186,80960,2,customer;orders,64227,0,0,0,0,0,0
2026-08-12T10:23:11Z,49472BC5FD3EF57F,18.4,queries/tpch/tpch-queries/q22/base.sql,measured,1,4,5,3,0.263,61.619,10,3,7,76283,730,1451186,80960,2,customer;orders,64227,0,0,0,0,0,0
2026-08-12T10:23:11Z,49472BC5FD3EF57F,18.4,queries/tpch/tpch-queries/q22/base.sql,measured,1,5,5,3,0.260,54.610,10,3,7,76283,730,1451186,80960,2,customer;orders,64227,0,0,0,0,0,0
2026-08-12T10:23:12Z,49472BC5FD3EF57F,18.4,queries/tpch/tpch-queries/q22/base.sql,measured,2,1,5,3,1.666,95.136,10,3,7,76283,730,1451186,80960,2,customer;orders,64227,0,0,0,0,0,0
2026-08-12T10:23:12Z,49472BC5FD3EF57F,18.4,queries/tpch/tpch-queries/q22/base.sql,measured,2,2,5,3,0.258,53.666,10,3,7,76283,730,1451186,80960,2,customer;orders,64227,0,0,0,0,0,0
2026-08-12T10:23:12Z,49472BC5FD3EF57F,18.4,queries/tpch/tpch-queries/q22/base.sql,measured,2,3,5,3,0.254,53.606,10,3,7,76283,730,1451186,80960,2,customer;orders,64227,0,0,0,0,0,0
2026-08-12T10:23:12Z,49472BC5FD3EF57F,18.4,queries/tpch/tpch-queries/q22/base.sql,measured,2,4,5,3,0.254,53.743,10,3,7,76283,730,1451186,80960,2,customer;orders,64227,0,0,0,0,0,0
2026-08-12T10:23:12Z,49472BC5FD3EF57F,18.4,queries/tpch/tpch-queries/q22/base.sql,measured,2,5,5,3,0.254,53.552,10,3,7,76283,730,1451186,80960,2,customer;orders,64227,0,0,0,0,0,0
2026-08-12T10:23:12Z,49472BC5FD3EF57F,18.4,queries/tpch/tpch-queries/q22/base.sql,measured,3,1,5,3,1.617,98.111,10,3,7,76283,730,1451186,80960,2,customer;orders,64227,0,0,0,0,0,0
2026-08-12T10:23:12Z,49472BC5FD3EF57F,18.4,queries/tpch/tpch-queries/q22/base.sql,measured,3,2,5,3,0.253,53.967,10,3,7,76283,730,1451186,80960,2,customer;orders,64227,0,0,0,0,0,0
2026-08-12T10:23:12Z,49472BC5FD3EF57F,18.4,queries/tpch/tpch-queries/q22/base.sql,measured,3,3,5,3,0.251,54.299,10,3,7,76283,730,1451186,80960,2,customer;orders,64227,0,0,0,0,0,0
2026-08-12T10:23:12Z,49472BC5FD3EF57F,18.4,queries/tpch/tpch-queries/q22/base.sql,measured,3,4,5,3,0.252,54.602,10,3,7,76283,730,1451186,80960,2,customer;orders,64227,0,0,0,0,0,0
2026-08-12T10:23:12Z,49472BC5FD3EF57F,18.4,queries/tpch/tpch-queries/q22/base.sql,measured,3,5,5,3,0.271,55.252,10,3,7,76283,730,1451186,80960,2,customer;orders,64227,0,0,0,0,0,0
2026-08-12T10:23:12Z,49472BC5FD3EF57F,18.4,queries/tpch/tpch-queries/q22/v1_materialized.sql,warmup,1,1,1,3,1.315,88.143,11,4,7,76290,730,1451690,80960,2,_m;customer;orders,64227,0,0,0,0,0,0
2026-08-12T10:23:12Z,49472BC5FD3EF57F,18.4,queries/tpch/tpch-queries/q22/v1_materialized.sql,warmup,2,1,1,3,1.013,56.470,11,4,7,76290,730,1451690,80960,2,_m;customer;orders,64227,0,0,0,0,0,0
2026-08-12T10:23:13Z,49472BC5FD3EF57F,18.4,queries/tpch/tpch-queries/q22/v1_materialized.sql,measured,1,1,5,3,1.064,57.545,11,4,7,76290,730,1451690,80960,2,_m;customer;orders,64227,0,0,0,0,0,0
2026-08-12T10:23:13Z,49472BC5FD3EF57F,18.4,queries/tpch/tpch-queries/q22/v1_materialized.sql,measured,1,2,5,3,0.298,54.033,11,4,7,76290,730,1451690,80960,2,_m;customer;orders,64227,0,0,0,0,0,0
2026-08-12T10:23:13Z,49472BC5FD3EF57F,18.4,queries/tpch/tpch-queries/q22/v1_materialized.sql,measured,1,3,5,3,0.278,53.953,11,4,7,76290,730,1451690,80960,2,_m;customer;orders,64227,0,0,0,0,0,0
2026-08-12T10:23:13Z,49472BC5FD3EF57F,18.4,queries/tpch/tpch-queries/q22/v1_materialized.sql,measured,1,4,5,3,0.278,53.743,11,4,7,76290,730,1451690,80960,2,_m;customer;orders,64227,0,0,0,0,0,0
2026-08-12T10:23:13Z,49472BC5FD3EF57F,18.4,queries/tpch/tpch-queries/q22/v1_materialized.sql,measured,1,5,5,3,0.286,54.118,11,4,7,76290,730,1451690,80960,2,_m;customer;orders,64227,0,0,0,0,0,0
2026-08-12T10:23:13Z,49472BC5FD3EF57F,18.4,queries/tpch/tpch-queries/q22/v1_materialized.sql,measured,2,1,5,3,1.661,96.052,11,4,7,76290,730,1451690,80960,2,_m;customer;orders,64227,0,0,0,0,0,0
2026-08-12T10:23:13Z,49472BC5FD3EF57F,18.4,queries/tpch/tpch-queries/q22/v1_materialized.sql,measured,2,2,5,3,0.319,55.544,11,4,7,76290,730,1451690,80960,2,_m;customer;orders,64227,0,0,0,0,0,0
2026-08-12T10:23:13Z,49472BC5FD3EF57F,18.4,queries/tpch/tpch-queries/q22/v1_materialized.sql,measured,2,3,5,3,0.279,53.770,11,4,7,76290,730,1451690,80960,2,_m;customer;orders,64227,0,0,0,0,0,0
2026-08-12T10:23:13Z,49472BC5FD3EF57F,18.4,queries/tpch/tpch-queries/q22/v1_materialized.sql,measured,2,4,5,3,0.282,55.007,11,4,7,76290,730,1451690,80960,2,_m;customer;orders,64227,0,0,0,0,0,0
2026-08-12T10:23:13Z,49472BC5FD3EF57F,18.4,queries/tpch/tpch-queries/q22/v1_materialized.sql,measured,2,5,5,3,0.276,55.258,11,4,7,76290,730,1451690,80960,2,_m;customer;orders,64227,0,0,0,0,0,0
2026-08-12T10:23:13Z,49472BC5FD3EF57F,18.4,queries/tpch/tpch-queries/q22/v1_materialized.sql,measured,3,1,5,3,1.659,95.486,11,4,7,76290,730,1451690,80960,2,_m;customer;orders,64227,0,0,0,0,0,0
2026-08-12T10:23:13Z,49472BC5FD3EF57F,18.4,queries/tpch/tpch-queries/q22/v1_materialized.sql,measured,3,2,5,3,0.669,64.540,11,4,7,76290,730,1451690,80960,2,_m;customer;orders,64227,0,0,0,0,0,0
2026-08-12T10:23:13Z,49472BC5FD3EF57F,18.4,queries/tpch/tpch-queries/q22/v1_materialized.sql,measured,3,3,5,3,0.283,53.768,11,4,7,76290,730,1451690,80960,2,_m;customer;orders,64227,0,0,0,0,0,0
2026-08-12T10:23:13Z,49472BC5FD3EF57F,18.4,queries/tpch/tpch-queries/q22/v1_materialized.sql,measured,3,4,5,3,0.275,54.423,11,4,7,76290,730,1451690,80960,2,_m;customer;orders,64227,0,0,0,0,0,0
2026-08-12T10:23:13Z,49472BC5FD3EF57F,18.4,queries/tpch/tpch-queries/q22/v1_materialized.sql,measured,3,5,5,3,0.272,54.881,11,4,7,76290,730,1451690,80960,2,_m;customer;orders,64227,0,0,0,0,0,0
2026-08-12T10:23:14Z,49472BC5FD3EF57F,18.4,queries/tpch/tpch-queries/q22/v2_anti_join.sql,warmup,1,1,1,3,1.447,281.885,10,3,7,266283,1,2971186,144316,2,customer;orders,160664,93559,0,0,0,0,0
2026-08-12T10:23:14Z,49472BC5FD3EF57F,18.4,queries/tpch/tpch-queries/q22/v2_anti_join.sql,warmup,2,1,1,3,2.206,281.178,10,3,7,266283,1,2971186,144316,2,customer;orders,163763,90460,0,0,0,0,0
2026-08-12T10:23:16Z,49472BC5FD3EF57F,18.4,queries/tpch/tpch-queries/q22/v2_anti_join.sql,measured,1,1,5,3,2.588,294.976,10,3,7,266283,1,2971186,144316,2,customer;orders,163911,90312,0,0,0,0,0
2026-08-12T10:23:16Z,49472BC5FD3EF57F,18.4,queries/tpch/tpch-queries/q22/v2_anti_join.sql,measured,1,2,5,3,0.350,239.521,10,3,7,266283,1,2971186,144316,2,customer;orders,163839,90381,0,0,0,0,0
2026-08-12T10:23:16Z,49472BC5FD3EF57F,18.4,queries/tpch/tpch-queries/q22/v2_anti_join.sql,measured,1,3,5,3,0.346,243.803,10,3,7,266283,1,2971186,144316,2,customer;orders,163932,90288,0,0,0,0,0
2026-08-12T10:23:16Z,49472BC5FD3EF57F,18.4,queries/tpch/tpch-queries/q22/v2_anti_join.sql,measured,1,4,5,3,0.342,240.956,10,3,7,266283,1,2971186,144316,2,customer;orders,163861,90359,0,0,0,0,0
2026-08-12T10:23:16Z,49472BC5FD3EF57F,18.4,queries/tpch/tpch-queries/q22/v2_anti_join.sql,measured,1,5,5,3,0.354,250.218,10,3,7,266283,1,2971186,144316,2,customer;orders,163963,90257,0,0,0,0,0
2026-08-12T10:23:17Z,49472BC5FD3EF57F,18.4,queries/tpch/tpch-queries/q22/v2_anti_join.sql,measured,2,1,5,3,1.349,237.575,10,3,7,266283,1,2971186,144316,2,customer;orders,163721,90502,0,0,0,0,0
2026-08-12T10:23:17Z,49472BC5FD3EF57F,18.4,queries/tpch/tpch-queries/q22/v2_anti_join.sql,measured,2,2,5,3,0.339,234.088,10,3,7,266283,1,2971186,144316,2,customer;orders,164023,90197,0,0,0,0,0
2026-08-12T10:23:17Z,49472BC5FD3EF57F,18.4,queries/tpch/tpch-queries/q22/v2_anti_join.sql,measured,2,3,5,3,0.335,236.969,10,3,7,266283,1,2971186,144316,2,customer;orders,164019,90201,0,0,0,0,0
2026-08-12T10:23:17Z,49472BC5FD3EF57F,18.4,queries/tpch/tpch-queries/q22/v2_anti_join.sql,measured,2,4,5,3,0.336,243.323,10,3,7,266283,1,2971186,144316,2,customer;orders,163901,90319,0,0,0,0,0
2026-08-12T10:23:17Z,49472BC5FD3EF57F,18.4,queries/tpch/tpch-queries/q22/v2_anti_join.sql,measured,2,5,5,3,0.344,230.911,10,3,7,266283,1,2971186,144316,2,customer;orders,163905,90315,0,0,0,0,0
2026-08-12T10:23:18Z,49472BC5FD3EF57F,18.4,queries/tpch/tpch-queries/q22/v2_anti_join.sql,measured,3,1,5,3,1.755,268.699,10,3,7,266283,1,2971186,144316,2,customer;orders,163962,90261,0,0,0,0,0
2026-08-12T10:23:18Z,49472BC5FD3EF57F,18.4,queries/tpch/tpch-queries/q22/v2_anti_join.sql,measured,3,2,5,3,0.331,232.788,10,3,7,266283,1,2971186,144316,2,customer;orders,163875,90345,0,0,0,0,0
2026-08-12T10:23:18Z,49472BC5FD3EF57F,18.4,queries/tpch/tpch-queries/q22/v2_anti_join.sql,measured,3,3,5,3,0.343,238.495,10,3,7,266283,1,2971186,144316,2,customer;orders,164020,90200,0,0,0,0,0
2026-08-12T10:23:18Z,49472BC5FD3EF57F,18.4,queries/tpch/tpch-queries/q22/v2_anti_join.sql,measured,3,4,5,3,0.333,235.658,10,3,7,266283,1,2971186,144316,2,customer;orders,163853,90367,0,0,0,0,0
2026-08-12T10:23:18Z,49472BC5FD3EF57F,18.4,queries/tpch/tpch-queries/q22/v2_anti_join.sql,measured,3,5,5,3,0.348,235.278,10,3,7,266283,1,2971186,144316,2,customer;orders,163779,90441,0,0,0,0,0
