===== [1/159] queries/tpch/tpch-queries/q01/base.sql run_id=DFFDE7CED3116F6A =====
query_runner configuration:
  QUERY_DIR         = queries/tpch/tpch-queries/q01/base.sql
  LOGS_DIR          = logs/warm_stepup/20260918T204804Z-d479ea  (query_timing_/query_samples_/query_catalog_tpch_idx.csv)
  DB_NAME / DB_USER = tpch_idx / postgres
  PGPORT            = 5434  (server reports 18.4)
  RUN_ID            = DFFDE7CED3116F6A
  WARMUP            = 2 single-copy warm-ups (the first primes the cache)
  BATCH_SIZES       = 1 2 4 8 16  x RUNS=1 measured batches each
  WORKERS           = (planner default)
  STATEMENT_TIMEOUT = 900
  THERMAL_EQUALISE  = gate (T_LO=55 T_HI=60 preheat<=60s cooldown<=120s)
  sensors           = pkg:/sys/class/hwmon/hwmon8/temp1_input cores:4 cpufreq:8 throttle:8/8
  SIGLESS_ADDR      = (disabled)
Found 1 query under queries/tpch/tpch-queries/q01/base.sql

Catalog snapshot: 37 relations -> logs/warm_stepup/20260918T204804Z-d479ea/query_catalog_tpch_idx.csv
[1/1] queries/tpch/tpch-queries/q01/base.sql (2 warmup + step-up 1 2 4 8 16 x1)
  thermal gate: pre-heated 55s -> 55.0 C
  warmup 1/2: 3.231046 sec (cache prime)
  warmup 2/2: 2.441199 sec
  N=1   batch 1/1: 2.447126 sec, 1 copy (server sum 2377.876 ms)
  N=2   batch 1/1: 4.799653 sec, 2 copies (server sum 4729.275 ms)
  N=4   batch 1/1: 9.513242 sec, 4 copies (server sum 9405.027 ms)
  N=8   batch 1/1: 18.845403 sec, 8 copies (server sum 18765.697 ms)
  N=16  batch 1/1: 37.590093 sec, 16 copies (server sum 37507.231 ms)
  done: 5 sizes x 1 run (0 failures)

Done. Batch rows appended to logs/warm_stepup/20260918T204804Z-d479ea/query_timing_tpch_idx.csv
Per-copy samples appended to logs/warm_stepup/20260918T204804Z-d479ea/query_samples_tpch_idx.csv
Relation sizes appended to logs/warm_stepup/20260918T204804Z-d479ea/query_catalog_tpch_idx.csv
Last batch ended at epoch 1789764623.543 (PREV_END_EPOCH for the next invocation)
===== [2/159] queries/tpch/tpch-queries/q07/v1_materialized.sql run_id=4F585D0B6A9D7EF5 =====
query_runner configuration:
  QUERY_DIR         = queries/tpch/tpch-queries/q07/v1_materialized.sql
  LOGS_DIR          = logs/warm_stepup/20260918T204804Z-d479ea  (query_timing_/query_samples_/query_catalog_tpch_idx.csv)
  DB_NAME / DB_USER = tpch_idx / postgres
  PGPORT            = 5434  (server reports 18.4)
  RUN_ID            = 4F585D0B6A9D7EF5
  WARMUP            = 2 single-copy warm-ups (the first primes the cache)
  BATCH_SIZES       = 1 2 4 8 16  x RUNS=1 measured batches each
  WORKERS           = (planner default)
  STATEMENT_TIMEOUT = 900
  THERMAL_EQUALISE  = gate (T_LO=55 T_HI=60 preheat<=60s cooldown<=120s)
  sensors           = pkg:/sys/class/hwmon/hwmon8/temp1_input cores:4 cpufreq:8 throttle:8/8
  SIGLESS_ADDR      = (disabled)
Found 1 query under queries/tpch/tpch-queries/q07/v1_materialized.sql

[1/1] queries/tpch/tpch-queries/q07/v1_materialized.sql (2 warmup + step-up 1 2 4 8 16 x1)
  warmup 1/2: 14.288703 sec (cache prime)
  warmup 2/2: 0.923690 sec
  N=1   batch 1/1: 0.912226 sec, 1 copy (server sum 838.084 ms)
  N=2   batch 1/1: 1.719391 sec, 2 copies (server sum 1640.458 ms)
  N=4   batch 1/1: 3.325551 sec, 4 copies (server sum 3238.124 ms)
  N=8   batch 1/1: 6.528096 sec, 8 copies (server sum 6422.670 ms)
  N=16  batch 1/1: 12.872037 sec, 16 copies (server sum 12730.855 ms)
  done: 5 sizes x 1 run (0 failures)

Done. Batch rows appended to logs/warm_stepup/20260918T204804Z-d479ea/query_timing_tpch_idx.csv
Per-copy samples appended to logs/warm_stepup/20260918T204804Z-d479ea/query_samples_tpch_idx.csv
Last batch ended at epoch 1789764668.937 (PREV_END_EPOCH for the next invocation)
===== [3/159] queries/tpch/tpch-queries/q11/base.sql run_id=CA9768D0ADD84212 =====
query_runner configuration:
  QUERY_DIR         = queries/tpch/tpch-queries/q11/base.sql
  LOGS_DIR          = logs/warm_stepup/20260918T204804Z-d479ea  (query_timing_/query_samples_/query_catalog_tpch_idx.csv)
  DB_NAME / DB_USER = tpch_idx / postgres
  PGPORT            = 5434  (server reports 18.4)
  RUN_ID            = CA9768D0ADD84212
  WARMUP            = 2 single-copy warm-ups (the first primes the cache)
  BATCH_SIZES       = 1 2 4 8 16  x RUNS=1 measured batches each
  WORKERS           = (planner default)
  STATEMENT_TIMEOUT = 900
  THERMAL_EQUALISE  = gate (T_LO=55 T_HI=60 preheat<=60s cooldown<=120s)
  sensors           = pkg:/sys/class/hwmon/hwmon8/temp1_input cores:4 cpufreq:8 throttle:8/8
  SIGLESS_ADDR      = (disabled)
Found 1 query under queries/tpch/tpch-queries/q11/base.sql

[1/1] queries/tpch/tpch-queries/q11/base.sql (2 warmup + step-up 1 2 4 8 16 x1)
  thermal gate: pre-heated 5s -> 56.0 C
  warmup 1/2: 1.693070 sec (cache prime)
  warmup 2/2: 0.193015 sec
  N=1   batch 1/1: 0.232264 sec, 1 copy (server sum 122.581 ms)
  N=2   batch 1/1: 0.310923 sec, 2 copies (server sum 238.198 ms)
  N=4   batch 1/1: 0.520958 sec, 4 copies (server sum 443.830 ms)
  N=8   batch 1/1: 0.973073 sec, 8 copies (server sum 885.346 ms)
  N=16  batch 1/1: 1.857260 sec, 16 copies (server sum 1733.313 ms)
  done: 5 sizes x 1 run (0 failures)

Done. Batch rows appended to logs/warm_stepup/20260918T204804Z-d479ea/query_timing_tpch_idx.csv
Per-copy samples appended to logs/warm_stepup/20260918T204804Z-d479ea/query_samples_tpch_idx.csv
Last batch ended at epoch 1789764684.531 (PREV_END_EPOCH for the next invocation)
===== [4/159] queries/tpch/tpch-queries/q09/base.sql run_id=BB8BB50DF2E7CDF9 =====
query_runner configuration:
  QUERY_DIR         = queries/tpch/tpch-queries/q09/base.sql
  LOGS_DIR          = logs/warm_stepup/20260918T204804Z-d479ea  (query_timing_/query_samples_/query_catalog_tpch_idx.csv)
  DB_NAME / DB_USER = tpch_idx / postgres
  PGPORT            = 5434  (server reports 18.4)
  RUN_ID            = BB8BB50DF2E7CDF9
  WARMUP            = 2 single-copy warm-ups (the first primes the cache)
  BATCH_SIZES       = 1 2 4 8 16  x RUNS=1 measured batches each
  WORKERS           = (planner default)
  STATEMENT_TIMEOUT = 900
  THERMAL_EQUALISE  = gate (T_LO=55 T_HI=60 preheat<=60s cooldown<=120s)
  sensors           = pkg:/sys/class/hwmon/hwmon8/temp1_input cores:4 cpufreq:8 throttle:8/8
  SIGLESS_ADDR      = (disabled)
Found 1 query under queries/tpch/tpch-queries/q09/base.sql

[1/1] queries/tpch/tpch-queries/q09/base.sql (2 warmup + step-up 1 2 4 8 16 x1)
  thermal gate: pre-heated 5s -> 55.0 C
  warmup 1/2: 9.430647 sec (cache prime)
  warmup 2/2: 1.722767 sec
  N=1   batch 1/1: 1.729351 sec, 1 copy (server sum 1653.395 ms)
  N=2   batch 1/1: 3.329720 sec, 2 copies (server sum 3248.834 ms)
  N=4   batch 1/1: 6.585379 sec, 4 copies (server sum 6493.897 ms)
  N=8   batch 1/1: 13.142571 sec, 8 copies (server sum 13013.842 ms)
  N=16  batch 1/1: 26.198620 sec, 16 copies (server sum 26044.122 ms)
  done: 5 sizes x 1 run (0 failures)

Done. Batch rows appended to logs/warm_stepup/20260918T204804Z-d479ea/query_timing_tpch_idx.csv
Per-copy samples appended to logs/warm_stepup/20260918T204804Z-d479ea/query_samples_tpch_idx.csv
Last batch ended at epoch 1789764755.933 (PREV_END_EPOCH for the next invocation)
===== [5/159] queries/tpch/tpch-queries/q19/base.sql run_id=B278FBC5D42D359C =====
query_runner configuration:
  QUERY_DIR         = queries/tpch/tpch-queries/q19/base.sql
  LOGS_DIR          = logs/warm_stepup/20260918T204804Z-d479ea  (query_timing_/query_samples_/query_catalog_tpch_idx.csv)
  DB_NAME / DB_USER = tpch_idx / postgres
  PGPORT            = 5434  (server reports 18.4)
  RUN_ID            = B278FBC5D42D359C
  WARMUP            = 2 single-copy warm-ups (the first primes the cache)
  BATCH_SIZES       = 1 2 4 8 16  x RUNS=1 measured batches each
  WORKERS           = (planner default)
  STATEMENT_TIMEOUT = 900
  THERMAL_EQUALISE  = gate (T_LO=55 T_HI=60 preheat<=60s cooldown<=120s)
  sensors           = pkg:/sys/class/hwmon/hwmon8/temp1_input cores:4 cpufreq:8 throttle:8/8
  SIGLESS_ADDR      = (disabled)
Found 1 query under queries/tpch/tpch-queries/q19/base.sql

[1/1] queries/tpch/tpch-queries/q19/base.sql (2 warmup + step-up 1 2 4 8 16 x1)
  warmup 1/2: 1.277023 sec (cache prime)
  warmup 2/2: 0.118506 sec
  N=1   batch 1/1: 0.117749 sec, 1 copy (server sum 45.852 ms)
  N=2   batch 1/1: 0.158992 sec, 2 copies (server sum 87.000 ms)
  N=4   batch 1/1: 0.296616 sec, 4 copies (server sum 169.740 ms)
  N=8   batch 1/1: 0.412966 sec, 8 copies (server sum 331.141 ms)
  N=16  batch 1/1: 0.740943 sec, 16 copies (server sum 647.991 ms)
  done: 5 sizes x 1 run (0 failures)

Done. Batch rows appended to logs/warm_stepup/20260918T204804Z-d479ea/query_timing_tpch_idx.csv
Per-copy samples appended to logs/warm_stepup/20260918T204804Z-d479ea/query_samples_tpch_idx.csv
Last batch ended at epoch 1789764763.964 (PREV_END_EPOCH for the next invocation)
===== [6/159] queries/tpch/tpch-queries/q16/v2_not_exists.sql run_id=8A9C1CDF05068D9F =====
query_runner configuration:
  QUERY_DIR         = queries/tpch/tpch-queries/q16/v2_not_exists.sql
  LOGS_DIR          = logs/warm_stepup/20260918T204804Z-d479ea  (query_timing_/query_samples_/query_catalog_tpch_idx.csv)
  DB_NAME / DB_USER = tpch_idx / postgres
  PGPORT            = 5434  (server reports 18.4)
  RUN_ID            = 8A9C1CDF05068D9F
  WARMUP            = 2 single-copy warm-ups (the first primes the cache)
  BATCH_SIZES       = 1 2 4 8 16  x RUNS=1 measured batches each
  WORKERS           = (planner default)
  STATEMENT_TIMEOUT = 900
  THERMAL_EQUALISE  = gate (T_LO=55 T_HI=60 preheat<=60s cooldown<=120s)
  sensors           = pkg:/sys/class/hwmon/hwmon8/temp1_input cores:4 cpufreq:8 throttle:8/8
  SIGLESS_ADDR      = (disabled)
Found 1 query under queries/tpch/tpch-queries/q16/v2_not_exists.sql

[1/1] queries/tpch/tpch-queries/q16/v2_not_exists.sql (2 warmup + step-up 1 2 4 8 16 x1)
  warmup 1/2: 0.808212 sec (cache prime)
  warmup 2/2: 0.431243 sec
  N=1   batch 1/1: 0.430733 sec, 1 copy (server sum 359.901 ms)
  N=2   batch 1/1: 0.798107 sec, 2 copies (server sum 726.188 ms)
  N=4   batch 1/1: 1.607877 sec, 4 copies (server sum 1475.537 ms)
  N=8   batch 1/1: 3.044693 sec, 8 copies (server sum 2963.471 ms)
  N=16  batch 1/1: 6.021352 sec, 16 copies (server sum 5928.852 ms)
  done: 5 sizes x 1 run (0 failures)

Done. Batch rows appended to logs/warm_stepup/20260918T204804Z-d479ea/query_timing_tpch_idx.csv
Per-copy samples appended to logs/warm_stepup/20260918T204804Z-d479ea/query_samples_tpch_idx.csv
Last batch ended at epoch 1789764781.887 (PREV_END_EPOCH for the next invocation)
===== [7/159] queries/tpch/tpch-queries/q21/base.sql run_id=AAA061EDD72C5FA2 =====
query_runner configuration:
  QUERY_DIR         = queries/tpch/tpch-queries/q21/base.sql
  LOGS_DIR          = logs/warm_stepup/20260918T204804Z-d479ea  (query_timing_/query_samples_/query_catalog_tpch_idx.csv)
  DB_NAME / DB_USER = tpch_idx / postgres
  PGPORT            = 5434  (server reports 18.4)
  RUN_ID            = AAA061EDD72C5FA2
  WARMUP            = 2 single-copy warm-ups (the first primes the cache)
  BATCH_SIZES       = 1 2 4 8 16  x RUNS=1 measured batches each
  WORKERS           = (planner default)
  STATEMENT_TIMEOUT = 900
  THERMAL_EQUALISE  = gate (T_LO=55 T_HI=60 preheat<=60s cooldown<=120s)
  sensors           = pkg:/sys/class/hwmon/hwmon8/temp1_input cores:4 cpufreq:8 throttle:8/8
  SIGLESS_ADDR      = (disabled)
Found 1 query under queries/tpch/tpch-queries/q21/base.sql

[1/1] queries/tpch/tpch-queries/q21/base.sql (2 warmup + step-up 1 2 4 8 16 x1)
  warmup 1/2: 12.943811 sec (cache prime)
  warmup 2/2: 0.728028 sec
  N=1   batch 1/1: 0.730377 sec, 1 copy (server sum 656.706 ms)
  N=2   batch 1/1: 1.335456 sec, 2 copies (server sum 1257.984 ms)
  N=4   batch 1/1: 2.515155 sec, 4 copies (server sum 2429.840 ms)
  N=8   batch 1/1: 4.914446 sec, 8 copies (server sum 4764.425 ms)
  N=16  batch 1/1: 9.625984 sec, 16 copies (server sum 9497.057 ms)
  done: 5 sizes x 1 run (0 failures)

Done. Batch rows appended to logs/warm_stepup/20260918T204804Z-d479ea/query_timing_tpch_idx.csv
Per-copy samples appended to logs/warm_stepup/20260918T204804Z-d479ea/query_samples_tpch_idx.csv
Last batch ended at epoch 1789764818.802 (PREV_END_EPOCH for the next invocation)
===== [8/159] queries/tpch/tpch-queries/q11/base.sql run_id=C6A1F7C0E0DF8078 =====
query_runner configuration:
  QUERY_DIR         = queries/tpch/tpch-queries/q11/base.sql
  LOGS_DIR          = logs/warm_stepup/20260918T204804Z-d479ea  (query_timing_/query_samples_/query_catalog_tpch_idx.csv)
  DB_NAME / DB_USER = tpch_idx / postgres
  PGPORT            = 5434  (server reports 18.4)
  RUN_ID            = C6A1F7C0E0DF8078
  WARMUP            = 2 single-copy warm-ups (the first primes the cache)
  BATCH_SIZES       = 1 2 4 8 16  x RUNS=1 measured batches each
  WORKERS           = (planner default)
  STATEMENT_TIMEOUT = 900
  THERMAL_EQUALISE  = gate (T_LO=55 T_HI=60 preheat<=60s cooldown<=120s)
  sensors           = pkg:/sys/class/hwmon/hwmon8/temp1_input cores:4 cpufreq:8 throttle:8/8
  SIGLESS_ADDR      = (disabled)
Found 1 query under queries/tpch/tpch-queries/q11/base.sql

[1/1] queries/tpch/tpch-queries/q11/base.sql (2 warmup + step-up 1 2 4 8 16 x1)
  warmup 1/2: 1.718641 sec (cache prime)
  warmup 2/2: 0.194748 sec
  N=1   batch 1/1: 0.233210 sec, 1 copy (server sum 121.612 ms)
  N=2   batch 1/1: 0.337662 sec, 2 copies (server sum 228.071 ms)
  N=4   batch 1/1: 0.520556 sec, 4 copies (server sum 442.320 ms)
  N=8   batch 1/1: 0.952916 sec, 8 copies (server sum 864.191 ms)
  N=16  batch 1/1: 1.830551 sec, 16 copies (server sum 1722.024 ms)
  done: 5 sizes x 1 run (0 failures)

Done. Batch rows appended to logs/warm_stepup/20260918T204804Z-d479ea/query_timing_tpch_idx.csv
Per-copy samples appended to logs/warm_stepup/20260918T204804Z-d479ea/query_samples_tpch_idx.csv
Last batch ended at epoch 1789764829.345 (PREV_END_EPOCH for the next invocation)
===== [9/159] queries/tpch/tpch-queries/q07/v2_union_all.sql run_id=DA2B85E0CDC219D9 =====
query_runner configuration:
  QUERY_DIR         = queries/tpch/tpch-queries/q07/v2_union_all.sql
  LOGS_DIR          = logs/warm_stepup/20260918T204804Z-d479ea  (query_timing_/query_samples_/query_catalog_tpch_idx.csv)
  DB_NAME / DB_USER = tpch_idx / postgres
  PGPORT            = 5434  (server reports 18.4)
  RUN_ID            = DA2B85E0CDC219D9
  WARMUP            = 2 single-copy warm-ups (the first primes the cache)
  BATCH_SIZES       = 1 2 4 8 16  x RUNS=1 measured batches each
  WORKERS           = (planner default)
  STATEMENT_TIMEOUT = 900
  THERMAL_EQUALISE  = gate (T_LO=55 T_HI=60 preheat<=60s cooldown<=120s)
  sensors           = pkg:/sys/class/hwmon/hwmon8/temp1_input cores:4 cpufreq:8 throttle:8/8
  SIGLESS_ADDR      = (disabled)
Found 1 query under queries/tpch/tpch-queries/q07/v2_union_all.sql

[1/1] queries/tpch/tpch-queries/q07/v2_union_all.sql (2 warmup + step-up 1 2 4 8 16 x1)
  warmup 1/2: 8.638536 sec (cache prime)
  warmup 2/2: 0.882356 sec
  N=1   batch 1/1: 0.879181 sec, 1 copy (server sum 804.045 ms)
  N=2   batch 1/1: 1.602878 sec, 2 copies (server sum 1523.208 ms)
  N=4   batch 1/1: 3.074863 sec, 4 copies (server sum 2941.532 ms)
  N=8   batch 1/1: 5.970342 sec, 8 copies (server sum 5814.454 ms)
  N=16  batch 1/1: 11.806344 sec, 16 copies (server sum 11607.178 ms)
  done: 5 sizes x 1 run (0 failures)

Done. Batch rows appended to logs/warm_stepup/20260918T204804Z-d479ea/query_timing_tpch_idx.csv
Per-copy samples appended to logs/warm_stepup/20260918T204804Z-d479ea/query_samples_tpch_idx.csv
Last batch ended at epoch 1789764866.356 (PREV_END_EPOCH for the next invocation)
===== [10/159] queries/tpch/tpch-queries/q13/v1_materialized.sql run_id=CF5FBABD50D5D638 =====
query_runner configuration:
  QUERY_DIR         = queries/tpch/tpch-queries/q13/v1_materialized.sql
  LOGS_DIR          = logs/warm_stepup/20260918T204804Z-d479ea  (query_timing_/query_samples_/query_catalog_tpch_idx.csv)
  DB_NAME / DB_USER = tpch_idx / postgres
  PGPORT            = 5434  (server reports 18.4)
  RUN_ID            = CF5FBABD50D5D638
  WARMUP            = 2 single-copy warm-ups (the first primes the cache)
  BATCH_SIZES       = 1 2 4 8 16  x RUNS=1 measured batches each
  WORKERS           = (planner default)
  STATEMENT_TIMEOUT = 900
  THERMAL_EQUALISE  = gate (T_LO=55 T_HI=60 preheat<=60s cooldown<=120s)
  sensors           = pkg:/sys/class/hwmon/hwmon8/temp1_input cores:4 cpufreq:8 throttle:8/8
  SIGLESS_ADDR      = (disabled)
Found 1 query under queries/tpch/tpch-queries/q13/v1_materialized.sql

[1/1] queries/tpch/tpch-queries/q13/v1_materialized.sql (2 warmup + step-up 1 2 4 8 16 x1)
  warmup 1/2: 2.272295 sec (cache prime)
  warmup 2/2: 2.009419 sec
  N=1   batch 1/1: 2.015571 sec, 1 copy (server sum 1946.093 ms)
  N=2   batch 1/1: 3.953086 sec, 2 copies (server sum 3875.016 ms)
  N=4   batch 1/1: 7.754509 sec, 4 copies (server sum 7677.575 ms)
  N=8   batch 1/1: 15.466400 sec, 8 copies (server sum 15380.114 ms)
  N=16  batch 1/1: 30.807472 sec, 16 copies (server sum 30703.842 ms)
  done: 5 sizes x 1 run (0 failures)

Done. Batch rows appended to logs/warm_stepup/20260918T204804Z-d479ea/query_timing_tpch_idx.csv
Per-copy samples appended to logs/warm_stepup/20260918T204804Z-d479ea/query_samples_tpch_idx.csv
Last batch ended at epoch 1789764935.680 (PREV_END_EPOCH for the next invocation)
===== [11/159] queries/tpch/tpch-queries/q13/base.sql run_id=C52F2168AA5B1F14 =====
query_runner configuration:
  QUERY_DIR         = queries/tpch/tpch-queries/q13/base.sql
  LOGS_DIR          = logs/warm_stepup/20260918T204804Z-d479ea  (query_timing_/query_samples_/query_catalog_tpch_idx.csv)
  DB_NAME / DB_USER = tpch_idx / postgres
  PGPORT            = 5434  (server reports 18.4)
  RUN_ID            = C52F2168AA5B1F14
  WARMUP            = 2 single-copy warm-ups (the first primes the cache)
  BATCH_SIZES       = 1 2 4 8 16  x RUNS=1 measured batches each
  WORKERS           = (planner default)
  STATEMENT_TIMEOUT = 900
  THERMAL_EQUALISE  = gate (T_LO=55 T_HI=60 preheat<=60s cooldown<=120s)
  sensors           = pkg:/sys/class/hwmon/hwmon8/temp1_input cores:4 cpufreq:8 throttle:8/8
  SIGLESS_ADDR      = (disabled)
Found 1 query under queries/tpch/tpch-queries/q13/base.sql

[1/1] queries/tpch/tpch-queries/q13/base.sql (2 warmup + step-up 1 2 4 8 16 x1)
  thermal gate: pre-heated 5s -> 57.0 C
  warmup 1/2: 2.133635 sec (cache prime)
  warmup 2/2: 2.048857 sec
  N=1   batch 1/1: 1.989470 sec, 1 copy (server sum 1919.653 ms)
  N=2   batch 1/1: 3.921883 sec, 2 copies (server sum 3819.677 ms)
  N=4   batch 1/1: 7.646733 sec, 4 copies (server sum 7569.792 ms)
  N=8   batch 1/1: 15.226145 sec, 8 copies (server sum 15140.887 ms)
  N=16  batch 1/1: 30.287448 sec, 16 copies (server sum 30164.073 ms)
  done: 5 sizes x 1 run (0 failures)

Done. Batch rows appended to logs/warm_stepup/20260918T204804Z-d479ea/query_timing_tpch_idx.csv
Per-copy samples appended to logs/warm_stepup/20260918T204804Z-d479ea/query_samples_tpch_idx.csv
Last batch ended at epoch 1789765008.072 (PREV_END_EPOCH for the next invocation)
===== [12/159] queries/tpch/tpch-queries/q22/v1_materialized.sql run_id=098BE7F65C618457 =====
query_runner configuration:
  QUERY_DIR         = queries/tpch/tpch-queries/q22/v1_materialized.sql
  LOGS_DIR          = logs/warm_stepup/20260918T204804Z-d479ea  (query_timing_/query_samples_/query_catalog_tpch_idx.csv)
  DB_NAME / DB_USER = tpch_idx / postgres
  PGPORT            = 5434  (server reports 18.4)
  RUN_ID            = 098BE7F65C618457
  WARMUP            = 2 single-copy warm-ups (the first primes the cache)
  BATCH_SIZES       = 1 2 4 8 16  x RUNS=1 measured batches each
  WORKERS           = (planner default)
  STATEMENT_TIMEOUT = 900
  THERMAL_EQUALISE  = gate (T_LO=55 T_HI=60 preheat<=60s cooldown<=120s)
  sensors           = pkg:/sys/class/hwmon/hwmon8/temp1_input cores:4 cpufreq:8 throttle:8/8
  SIGLESS_ADDR      = (disabled)
Found 1 query under queries/tpch/tpch-queries/q22/v1_materialized.sql

[1/1] queries/tpch/tpch-queries/q22/v1_materialized.sql (2 warmup + step-up 1 2 4 8 16 x1)
  thermal gate: pre-heated 5s -> 57.0 C
  warmup 1/2: 0.411219 sec (cache prime)
  warmup 2/2: 0.170323 sec
  N=1   batch 1/1: 0.188582 sec, 1 copy (server sum 101.876 ms)
  N=2   batch 1/1: 0.306484 sec, 2 copies (server sum 200.901 ms)
  N=4   batch 1/1: 0.467723 sec, 4 copies (server sum 393.945 ms)
  N=8   batch 1/1: 0.916497 sec, 8 copies (server sum 784.772 ms)
  N=16  batch 1/1: 1.622155 sec, 16 copies (server sum 1532.356 ms)
  done: 5 sizes x 1 run (0 failures)

Done. Batch rows appended to logs/warm_stepup/20260918T204804Z-d479ea/query_timing_tpch_idx.csv
Per-copy samples appended to logs/warm_stepup/20260918T204804Z-d479ea/query_samples_tpch_idx.csv
Last batch ended at epoch 1789765021.636 (PREV_END_EPOCH for the next invocation)
===== [13/159] queries/tpch/tpch-queries/q06/base.sql run_id=05365501E40CA60A =====
query_runner configuration:
  QUERY_DIR         = queries/tpch/tpch-queries/q06/base.sql
  LOGS_DIR          = logs/warm_stepup/20260918T204804Z-d479ea  (query_timing_/query_samples_/query_catalog_tpch_idx.csv)
  DB_NAME / DB_USER = tpch_idx / postgres
  PGPORT            = 5434  (server reports 18.4)
  RUN_ID            = 05365501E40CA60A
  WARMUP            = 2 single-copy warm-ups (the first primes the cache)
  BATCH_SIZES       = 1 2 4 8 16  x RUNS=1 measured batches each
  WORKERS           = (planner default)
  STATEMENT_TIMEOUT = 900
  THERMAL_EQUALISE  = gate (T_LO=55 T_HI=60 preheat<=60s cooldown<=120s)
  sensors           = pkg:/sys/class/hwmon/hwmon8/temp1_input cores:4 cpufreq:8 throttle:8/8
  SIGLESS_ADDR      = (disabled)
Found 1 query under queries/tpch/tpch-queries/q06/base.sql

[1/1] queries/tpch/tpch-queries/q06/base.sql (2 warmup + step-up 1 2 4 8 16 x1)
  thermal gate: pre-heated 5s -> 57.0 C
  warmup 1/2: 0.415342 sec (cache prime)
  warmup 2/2: 0.163806 sec
  N=1   batch 1/1: 0.177964 sec, 1 copy (server sum 99.521 ms)
  N=2   batch 1/1: 0.287529 sec, 2 copies (server sum 193.433 ms)
  N=4   batch 1/1: 0.460478 sec, 4 copies (server sum 388.214 ms)
  N=8   batch 1/1: 0.854885 sec, 8 copies (server sum 780.316 ms)
  N=16  batch 1/1: 1.609839 sec, 16 copies (server sum 1525.996 ms)
  done: 5 sizes x 1 run (0 failures)

Done. Batch rows appended to logs/warm_stepup/20260918T204804Z-d479ea/query_timing_tpch_idx.csv
Per-copy samples appended to logs/warm_stepup/20260918T204804Z-d479ea/query_samples_tpch_idx.csv
Last batch ended at epoch 1789765034.957 (PREV_END_EPOCH for the next invocation)
===== [14/159] queries/tpch/tpch-queries/q09/v1_materialized.sql run_id=C5FC0CCB817B1579 =====
query_runner configuration:
  QUERY_DIR         = queries/tpch/tpch-queries/q09/v1_materialized.sql
  LOGS_DIR          = logs/warm_stepup/20260918T204804Z-d479ea  (query_timing_/query_samples_/query_catalog_tpch_idx.csv)
  DB_NAME / DB_USER = tpch_idx / postgres
  PGPORT            = 5434  (server reports 18.4)
  RUN_ID            = C5FC0CCB817B1579
  WARMUP            = 2 single-copy warm-ups (the first primes the cache)
  BATCH_SIZES       = 1 2 4 8 16  x RUNS=1 measured batches each
  WORKERS           = (planner default)
  STATEMENT_TIMEOUT = 900
  THERMAL_EQUALISE  = gate (T_LO=55 T_HI=60 preheat<=60s cooldown<=120s)
  sensors           = pkg:/sys/class/hwmon/hwmon8/temp1_input cores:4 cpufreq:8 throttle:8/8
  SIGLESS_ADDR      = (disabled)
Found 1 query under queries/tpch/tpch-queries/q09/v1_materialized.sql

[1/1] queries/tpch/tpch-queries/q09/v1_materialized.sql (2 warmup + step-up 1 2 4 8 16 x1)
  warmup 1/2: 10.316405 sec (cache prime)
  warmup 2/2: 1.724848 sec
  N=1   batch 1/1: 1.724851 sec, 1 copy (server sum 1647.864 ms)
  N=2   batch 1/1: 3.342516 sec, 2 copies (server sum 3261.680 ms)
  N=4   batch 1/1: 6.564918 sec, 4 copies (server sum 6474.123 ms)
  N=8   batch 1/1: 13.033681 sec, 8 copies (server sum 12923.415 ms)
  N=16  batch 1/1: 26.420962 sec, 16 copies (server sum 26269.040 ms)
  done: 5 sizes x 1 run (0 failures)

Done. Batch rows appended to logs/warm_stepup/20260918T204804Z-d479ea/query_timing_tpch_idx.csv
Per-copy samples appended to logs/warm_stepup/20260918T204804Z-d479ea/query_samples_tpch_idx.csv
Last batch ended at epoch 1789765102.290 (PREV_END_EPOCH for the next invocation)
===== [15/159] queries/tpch/tpch-queries/q04/base.sql run_id=FB8063A6F9EBC768 =====
query_runner configuration:
  QUERY_DIR         = queries/tpch/tpch-queries/q04/base.sql
  LOGS_DIR          = logs/warm_stepup/20260918T204804Z-d479ea  (query_timing_/query_samples_/query_catalog_tpch_idx.csv)
  DB_NAME / DB_USER = tpch_idx / postgres
  PGPORT            = 5434  (server reports 18.4)
  RUN_ID            = FB8063A6F9EBC768
  WARMUP            = 2 single-copy warm-ups (the first primes the cache)
  BATCH_SIZES       = 1 2 4 8 16  x RUNS=1 measured batches each
  WORKERS           = (planner default)
  STATEMENT_TIMEOUT = 900
  THERMAL_EQUALISE  = gate (T_LO=55 T_HI=60 preheat<=60s cooldown<=120s)
  sensors           = pkg:/sys/class/hwmon/hwmon8/temp1_input cores:4 cpufreq:8 throttle:8/8
  SIGLESS_ADDR      = (disabled)
Found 1 query under queries/tpch/tpch-queries/q04/base.sql

[1/1] queries/tpch/tpch-queries/q04/base.sql (2 warmup + step-up 1 2 4 8 16 x1)
  warmup 1/2: 1.953493 sec (cache prime)
  warmup 2/2: 0.226502 sec
  N=1   batch 1/1: 0.275153 sec, 1 copy (server sum 156.649 ms)
  N=2   batch 1/1: 0.362761 sec, 2 copies (server sum 292.017 ms)
  N=4   batch 1/1: 0.649794 sec, 4 copies (server sum 569.094 ms)
  N=8   batch 1/1: 1.190014 sec, 8 copies (server sum 1110.917 ms)
  N=16  batch 1/1: 2.339295 sec, 16 copies (server sum 2215.901 ms)
  done: 5 sizes x 1 run (0 failures)

Done. Batch rows appended to logs/warm_stepup/20260918T204804Z-d479ea/query_timing_tpch_idx.csv
Per-copy samples appended to logs/warm_stepup/20260918T204804Z-d479ea/query_samples_tpch_idx.csv
Last batch ended at epoch 1789765113.866 (PREV_END_EPOCH for the next invocation)
===== [16/159] queries/tpch/tpch-queries/q22/v2_anti_join.sql run_id=0F807FEC2AA2C36B =====
query_runner configuration:
  QUERY_DIR         = queries/tpch/tpch-queries/q22/v2_anti_join.sql
  LOGS_DIR          = logs/warm_stepup/20260918T204804Z-d479ea  (query_timing_/query_samples_/query_catalog_tpch_idx.csv)
  DB_NAME / DB_USER = tpch_idx / postgres
  PGPORT            = 5434  (server reports 18.4)
  RUN_ID            = 0F807FEC2AA2C36B
  WARMUP            = 2 single-copy warm-ups (the first primes the cache)
  BATCH_SIZES       = 1 2 4 8 16  x RUNS=1 measured batches each
  WORKERS           = (planner default)
  STATEMENT_TIMEOUT = 900
  THERMAL_EQUALISE  = gate (T_LO=55 T_HI=60 preheat<=60s cooldown<=120s)
  sensors           = pkg:/sys/class/hwmon/hwmon8/temp1_input cores:4 cpufreq:8 throttle:8/8
  SIGLESS_ADDR      = (disabled)
Found 1 query under queries/tpch/tpch-queries/q22/v2_anti_join.sql

[1/1] queries/tpch/tpch-queries/q22/v2_anti_join.sql (2 warmup + step-up 1 2 4 8 16 x1)
  warmup 1/2: 0.582813 sec (cache prime)
  warmup 2/2: 0.244118 sec
  N=1   batch 1/1: 0.244024 sec, 1 copy (server sum 174.817 ms)
  N=2   batch 1/1: 0.401874 sec, 2 copies (server sum 330.450 ms)
  N=4   batch 1/1: 0.760064 sec, 4 copies (server sum 686.036 ms)
  N=8   batch 1/1: 1.486062 sec, 8 copies (server sum 1403.149 ms)
  N=16  batch 1/1: 2.826661 sec, 16 copies (server sum 2737.953 ms)
  done: 5 sizes x 1 run (0 failures)

Done. Batch rows appended to logs/warm_stepup/20260918T204804Z-d479ea/query_timing_tpch_idx.csv
Per-copy samples appended to logs/warm_stepup/20260918T204804Z-d479ea/query_samples_tpch_idx.csv
Last batch ended at epoch 1789765125.223 (PREV_END_EPOCH for the next invocation)
===== [17/159] queries/tpch/tpch-queries/q07/base.sql run_id=943E2638F726A4F8 =====
query_runner configuration:
  QUERY_DIR         = queries/tpch/tpch-queries/q07/base.sql
  LOGS_DIR          = logs/warm_stepup/20260918T204804Z-d479ea  (query_timing_/query_samples_/query_catalog_tpch_idx.csv)
  DB_NAME / DB_USER = tpch_idx / postgres
  PGPORT            = 5434  (server reports 18.4)
  RUN_ID            = 943E2638F726A4F8
  WARMUP            = 2 single-copy warm-ups (the first primes the cache)
  BATCH_SIZES       = 1 2 4 8 16  x RUNS=1 measured batches each
  WORKERS           = (planner default)
  STATEMENT_TIMEOUT = 900
  THERMAL_EQUALISE  = gate (T_LO=55 T_HI=60 preheat<=60s cooldown<=120s)
  sensors           = pkg:/sys/class/hwmon/hwmon8/temp1_input cores:4 cpufreq:8 throttle:8/8
  SIGLESS_ADDR      = (disabled)
Found 1 query under queries/tpch/tpch-queries/q07/base.sql

[1/1] queries/tpch/tpch-queries/q07/base.sql (2 warmup + step-up 1 2 4 8 16 x1)
  warmup 1/2: 14.325520 sec (cache prime)
  warmup 2/2: 0.925620 sec
  N=1   batch 1/1: 0.920178 sec, 1 copy (server sum 846.031 ms)
  N=2   batch 1/1: 1.739398 sec, 2 copies (server sum 1660.438 ms)
  N=4   batch 1/1: 3.301503 sec, 4 copies (server sum 3213.641 ms)
  N=8   batch 1/1: 6.491211 sec, 8 copies (server sum 6385.999 ms)
  N=16  batch 1/1: 12.881629 sec, 16 copies (server sum 12739.812 ms)
  done: 5 sizes x 1 run (0 failures)

Done. Batch rows appended to logs/warm_stepup/20260918T204804Z-d479ea/query_timing_tpch_idx.csv
Per-copy samples appended to logs/warm_stepup/20260918T204804Z-d479ea/query_samples_tpch_idx.csv
Last batch ended at epoch 1789765170.169 (PREV_END_EPOCH for the next invocation)
===== [18/159] queries/tpch/tpch-queries/q01/base.sql run_id=D655C4F1CCC36883 =====
query_runner configuration:
  QUERY_DIR         = queries/tpch/tpch-queries/q01/base.sql
  LOGS_DIR          = logs/warm_stepup/20260918T204804Z-d479ea  (query_timing_/query_samples_/query_catalog_tpch_idx.csv)
  DB_NAME / DB_USER = tpch_idx / postgres
  PGPORT            = 5434  (server reports 18.4)
  RUN_ID            = D655C4F1CCC36883
  WARMUP            = 2 single-copy warm-ups (the first primes the cache)
  BATCH_SIZES       = 1 2 4 8 16  x RUNS=1 measured batches each
  WORKERS           = (planner default)
  STATEMENT_TIMEOUT = 900
  THERMAL_EQUALISE  = gate (T_LO=55 T_HI=60 preheat<=60s cooldown<=120s)
  sensors           = pkg:/sys/class/hwmon/hwmon8/temp1_input cores:4 cpufreq:8 throttle:8/8
  SIGLESS_ADDR      = (disabled)
Found 1 query under queries/tpch/tpch-queries/q01/base.sql

[1/1] queries/tpch/tpch-queries/q01/base.sql (2 warmup + step-up 1 2 4 8 16 x1)
  thermal gate: pre-heated 5s -> 57.0 C
  warmup 1/2: 3.234930 sec (cache prime)
  warmup 2/2: 2.478270 sec
  N=1   batch 1/1: 2.429998 sec, 1 copy (server sum 2361.071 ms)
  N=2   batch 1/1: 4.773150 sec, 2 copies (server sum 4702.013 ms)
  N=4   batch 1/1: 9.426066 sec, 4 copies (server sum 9352.510 ms)
  N=8   batch 1/1: 18.810352 sec, 8 copies (server sum 18719.439 ms)
  N=16  batch 1/1: 37.452327 sec, 16 copies (server sum 37356.183 ms)
  done: 5 sizes x 1 run (0 failures)

Done. Batch rows appended to logs/warm_stepup/20260918T204804Z-d479ea/query_timing_tpch_idx.csv
Per-copy samples appended to logs/warm_stepup/20260918T204804Z-d479ea/query_samples_tpch_idx.csv
Last batch ended at epoch 1789765258.741 (PREV_END_EPOCH for the next invocation)
===== [19/159] queries/tpch/tpch-queries/q04/v2_in.sql run_id=C2AF30F053DEC589 =====
query_runner configuration:
  QUERY_DIR         = queries/tpch/tpch-queries/q04/v2_in.sql
  LOGS_DIR          = logs/warm_stepup/20260918T204804Z-d479ea  (query_timing_/query_samples_/query_catalog_tpch_idx.csv)
  DB_NAME / DB_USER = tpch_idx / postgres
  PGPORT            = 5434  (server reports 18.4)
  RUN_ID            = C2AF30F053DEC589
  WARMUP            = 2 single-copy warm-ups (the first primes the cache)
  BATCH_SIZES       = 1 2 4 8 16  x RUNS=1 measured batches each
  WORKERS           = (planner default)
  STATEMENT_TIMEOUT = 900
  THERMAL_EQUALISE  = gate (T_LO=55 T_HI=60 preheat<=60s cooldown<=120s)
  sensors           = pkg:/sys/class/hwmon/hwmon8/temp1_input cores:4 cpufreq:8 throttle:8/8
  SIGLESS_ADDR      = (disabled)
Found 1 query under queries/tpch/tpch-queries/q04/v2_in.sql

[1/1] queries/tpch/tpch-queries/q04/v2_in.sql (2 warmup + step-up 1 2 4 8 16 x1)
  warmup 1/2: 1.936511 sec (cache prime)
  warmup 2/2: 0.226323 sec
  N=1   batch 1/1: 0.278268 sec, 1 copy (server sum 161.956 ms)
  N=2   batch 1/1: 0.363910 sec, 2 copies (server sum 292.918 ms)
  N=4   batch 1/1: 0.655509 sec, 4 copies (server sum 573.695 ms)
  N=8   batch 1/1: 1.187324 sec, 8 copies (server sum 1110.276 ms)
  N=16  batch 1/1: 2.321026 sec, 16 copies (server sum 2203.709 ms)
  done: 5 sizes x 1 run (0 failures)

Done. Batch rows appended to logs/warm_stepup/20260918T204804Z-d479ea/query_timing_tpch_idx.csv
Per-copy samples appended to logs/warm_stepup/20260918T204804Z-d479ea/query_samples_tpch_idx.csv
Last batch ended at epoch 1789765270.258 (PREV_END_EPOCH for the next invocation)
===== [20/159] queries/tpch/tpch-queries/q08/v1_materialized.sql run_id=3B25750E5EBCAB9C =====
query_runner configuration:
  QUERY_DIR         = queries/tpch/tpch-queries/q08/v1_materialized.sql
  LOGS_DIR          = logs/warm_stepup/20260918T204804Z-d479ea  (query_timing_/query_samples_/query_catalog_tpch_idx.csv)
  DB_NAME / DB_USER = tpch_idx / postgres
  PGPORT            = 5434  (server reports 18.4)
  RUN_ID            = 3B25750E5EBCAB9C
  WARMUP            = 2 single-copy warm-ups (the first primes the cache)
  BATCH_SIZES       = 1 2 4 8 16  x RUNS=1 measured batches each
  WORKERS           = (planner default)
  STATEMENT_TIMEOUT = 900
  THERMAL_EQUALISE  = gate (T_LO=55 T_HI=60 preheat<=60s cooldown<=120s)
  sensors           = pkg:/sys/class/hwmon/hwmon8/temp1_input cores:4 cpufreq:8 throttle:8/8
  SIGLESS_ADDR      = (disabled)
Found 1 query under queries/tpch/tpch-queries/q08/v1_materialized.sql

[1/1] queries/tpch/tpch-queries/q08/v1_materialized.sql (2 warmup + step-up 1 2 4 8 16 x1)
  warmup 1/2: 5.524591 sec (cache prime)
  warmup 2/2: 0.259647 sec
  N=1   batch 1/1: 0.256394 sec, 1 copy (server sum 181.082 ms)
  N=2   batch 1/1: 0.430061 sec, 2 copies (server sum 351.058 ms)
  N=4   batch 1/1: 0.765362 sec, 4 copies (server sum 678.179 ms)
  N=8   batch 1/1: 1.432322 sec, 8 copies (server sum 1319.828 ms)
  N=16  batch 1/1: 2.747347 sec, 16 copies (server sum 2612.106 ms)
  done: 5 sizes x 1 run (0 failures)

Done. Batch rows appended to logs/warm_stepup/20260918T204804Z-d479ea/query_timing_tpch_idx.csv
Per-copy samples appended to logs/warm_stepup/20260918T204804Z-d479ea/query_samples_tpch_idx.csv
Last batch ended at epoch 1789765286.380 (PREV_END_EPOCH for the next invocation)
===== [21/159] queries/tpch/tpch-queries/q19/v2_union_all.sql run_id=766CE376CC9BAEFA =====
query_runner configuration:
  QUERY_DIR         = queries/tpch/tpch-queries/q19/v2_union_all.sql
  LOGS_DIR          = logs/warm_stepup/20260918T204804Z-d479ea  (query_timing_/query_samples_/query_catalog_tpch_idx.csv)
  DB_NAME / DB_USER = tpch_idx / postgres
  PGPORT            = 5434  (server reports 18.4)
  RUN_ID            = 766CE376CC9BAEFA
  WARMUP            = 2 single-copy warm-ups (the first primes the cache)
  BATCH_SIZES       = 1 2 4 8 16  x RUNS=1 measured batches each
  WORKERS           = (planner default)
  STATEMENT_TIMEOUT = 900
  THERMAL_EQUALISE  = gate (T_LO=55 T_HI=60 preheat<=60s cooldown<=120s)
  sensors           = pkg:/sys/class/hwmon/hwmon8/temp1_input cores:4 cpufreq:8 throttle:8/8
  SIGLESS_ADDR      = (disabled)
Found 1 query under queries/tpch/tpch-queries/q19/v2_union_all.sql

[1/1] queries/tpch/tpch-queries/q19/v2_union_all.sql (2 warmup + step-up 1 2 4 8 16 x1)
  warmup 1/2: 1.132460 sec (cache prime)
  warmup 2/2: 0.134777 sec
  N=1   batch 1/1: 0.135889 sec, 1 copy (server sum 61.938 ms)
  N=2   batch 1/1: 0.193225 sec, 2 copies (server sum 119.608 ms)
  N=4   batch 1/1: 0.309368 sec, 4 copies (server sum 231.971 ms)
  N=8   batch 1/1: 0.544123 sec, 8 copies (server sum 458.083 ms)
  N=16  batch 1/1: 1.018095 sec, 16 copies (server sum 916.229 ms)
  done: 5 sizes x 1 run (0 failures)

Done. Batch rows appended to logs/warm_stepup/20260918T204804Z-d479ea/query_timing_tpch_idx.csv
Per-copy samples appended to logs/warm_stepup/20260918T204804Z-d479ea/query_samples_tpch_idx.csv
Last batch ended at epoch 1789765294.274 (PREV_END_EPOCH for the next invocation)
===== [22/159] queries/tpch/tpch-queries/q16/v2_not_exists.sql run_id=2775163B6F284FD5 =====
query_runner configuration:
  QUERY_DIR         = queries/tpch/tpch-queries/q16/v2_not_exists.sql
  LOGS_DIR          = logs/warm_stepup/20260918T204804Z-d479ea  (query_timing_/query_samples_/query_catalog_tpch_idx.csv)
  DB_NAME / DB_USER = tpch_idx / postgres
  PGPORT            = 5434  (server reports 18.4)
  RUN_ID            = 2775163B6F284FD5
  WARMUP            = 2 single-copy warm-ups (the first primes the cache)
  BATCH_SIZES       = 1 2 4 8 16  x RUNS=1 measured batches each
  WORKERS           = (planner default)
  STATEMENT_TIMEOUT = 900
  THERMAL_EQUALISE  = gate (T_LO=55 T_HI=60 preheat<=60s cooldown<=120s)
  sensors           = pkg:/sys/class/hwmon/hwmon8/temp1_input cores:4 cpufreq:8 throttle:8/8
  SIGLESS_ADDR      = (disabled)
Found 1 query under queries/tpch/tpch-queries/q16/v2_not_exists.sql

[1/1] queries/tpch/tpch-queries/q16/v2_not_exists.sql (2 warmup + step-up 1 2 4 8 16 x1)
  thermal gate: pre-heated 5s -> 58.0 C
  warmup 1/2: 0.776733 sec (cache prime)
  warmup 2/2: 0.433699 sec
  N=1   batch 1/1: 0.430909 sec, 1 copy (server sum 360.573 ms)
  N=2   batch 1/1: 0.851590 sec, 2 copies (server sum 730.293 ms)
  N=4   batch 1/1: 1.537038 sec, 4 copies (server sum 1462.195 ms)
  N=8   batch 1/1: 3.024261 sec, 8 copies (server sum 2942.865 ms)
  N=16  batch 1/1: 5.979596 sec, 16 copies (server sum 5886.064 ms)
  done: 5 sizes x 1 run (0 failures)

Done. Batch rows appended to logs/warm_stepup/20260918T204804Z-d479ea/query_timing_tpch_idx.csv
Per-copy samples appended to logs/warm_stepup/20260918T204804Z-d479ea/query_samples_tpch_idx.csv
Last batch ended at epoch 1789765316.858 (PREV_END_EPOCH for the next invocation)
===== [23/159] queries/tpch/tpch-queries/q22/v1_materialized.sql run_id=BB6A8DCCA88CFB35 =====
query_runner configuration:
  QUERY_DIR         = queries/tpch/tpch-queries/q22/v1_materialized.sql
  LOGS_DIR          = logs/warm_stepup/20260918T204804Z-d479ea  (query_timing_/query_samples_/query_catalog_tpch_idx.csv)
  DB_NAME / DB_USER = tpch_idx / postgres
  PGPORT            = 5434  (server reports 18.4)
  RUN_ID            = BB6A8DCCA88CFB35
  WARMUP            = 2 single-copy warm-ups (the first primes the cache)
  BATCH_SIZES       = 1 2 4 8 16  x RUNS=1 measured batches each
  WORKERS           = (planner default)
  STATEMENT_TIMEOUT = 900
  THERMAL_EQUALISE  = gate (T_LO=55 T_HI=60 preheat<=60s cooldown<=120s)
  sensors           = pkg:/sys/class/hwmon/hwmon8/temp1_input cores:4 cpufreq:8 throttle:8/8
  SIGLESS_ADDR      = (disabled)
Found 1 query under queries/tpch/tpch-queries/q22/v1_materialized.sql

[1/1] queries/tpch/tpch-queries/q22/v1_materialized.sql (2 warmup + step-up 1 2 4 8 16 x1)
  warmup 1/2: 0.445528 sec (cache prime)
  warmup 2/2: 0.168683 sec
  N=1   batch 1/1: 0.184919 sec, 1 copy (server sum 99.848 ms)
  N=2   batch 1/1: 0.263471 sec, 2 copies (server sum 192.396 ms)
  N=4   batch 1/1: 0.475976 sec, 4 copies (server sum 401.550 ms)
  N=8   batch 1/1: 0.832182 sec, 8 copies (server sum 752.579 ms)
  N=16  batch 1/1: 1.654531 sec, 16 copies (server sum 1564.208 ms)
  done: 5 sizes x 1 run (0 failures)

Done. Batch rows appended to logs/warm_stepup/20260918T204804Z-d479ea/query_timing_tpch_idx.csv
Per-copy samples appended to logs/warm_stepup/20260918T204804Z-d479ea/query_samples_tpch_idx.csv
Last batch ended at epoch 1789765325.100 (PREV_END_EPOCH for the next invocation)
===== [24/159] queries/tpch/tpch-queries/q21/v1_materialized.sql run_id=44078071C6D973AB =====
query_runner configuration:
  QUERY_DIR         = queries/tpch/tpch-queries/q21/v1_materialized.sql
  LOGS_DIR          = logs/warm_stepup/20260918T204804Z-d479ea  (query_timing_/query_samples_/query_catalog_tpch_idx.csv)
  DB_NAME / DB_USER = tpch_idx / postgres
  PGPORT            = 5434  (server reports 18.4)
  RUN_ID            = 44078071C6D973AB
  WARMUP            = 2 single-copy warm-ups (the first primes the cache)
  BATCH_SIZES       = 1 2 4 8 16  x RUNS=1 measured batches each
  WORKERS           = (planner default)
  STATEMENT_TIMEOUT = 900
  THERMAL_EQUALISE  = gate (T_LO=55 T_HI=60 preheat<=60s cooldown<=120s)
  sensors           = pkg:/sys/class/hwmon/hwmon8/temp1_input cores:4 cpufreq:8 throttle:8/8
  SIGLESS_ADDR      = (disabled)
Found 1 query under queries/tpch/tpch-queries/q21/v1_materialized.sql

[1/1] queries/tpch/tpch-queries/q21/v1_materialized.sql (2 warmup + step-up 1 2 4 8 16 x1)
  thermal gate: pre-heated 5s -> 57.0 C
  warmup 1/2: 13.185337 sec (cache prime)
  warmup 2/2: 0.719013 sec
  N=1   batch 1/1: 0.721102 sec, 1 copy (server sum 649.004 ms)
  N=2   batch 1/1: 1.296527 sec, 2 copies (server sum 1220.257 ms)
  N=4   batch 1/1: 2.525437 sec, 4 copies (server sum 2393.840 ms)
  N=8   batch 1/1: 4.805695 sec, 8 copies (server sum 4712.760 ms)
  N=16  batch 1/1: 9.502568 sec, 16 copies (server sum 9345.503 ms)
  done: 5 sizes x 1 run (0 failures)

Done. Batch rows appended to logs/warm_stepup/20260918T204804Z-d479ea/query_timing_tpch_idx.csv
Per-copy samples appended to logs/warm_stepup/20260918T204804Z-d479ea/query_samples_tpch_idx.csv
Last batch ended at epoch 1789765366.869 (PREV_END_EPOCH for the next invocation)
===== [25/159] queries/tpch/tpch-queries/q14/v2_filter.sql run_id=114ED995BFF4C447 =====
query_runner configuration:
  QUERY_DIR         = queries/tpch/tpch-queries/q14/v2_filter.sql
  LOGS_DIR          = logs/warm_stepup/20260918T204804Z-d479ea  (query_timing_/query_samples_/query_catalog_tpch_idx.csv)
  DB_NAME / DB_USER = tpch_idx / postgres
  PGPORT            = 5434  (server reports 18.4)
  RUN_ID            = 114ED995BFF4C447
  WARMUP            = 2 single-copy warm-ups (the first primes the cache)
  BATCH_SIZES       = 1 2 4 8 16  x RUNS=1 measured batches each
  WORKERS           = (planner default)
  STATEMENT_TIMEOUT = 900
  THERMAL_EQUALISE  = gate (T_LO=55 T_HI=60 preheat<=60s cooldown<=120s)
  sensors           = pkg:/sys/class/hwmon/hwmon8/temp1_input cores:4 cpufreq:8 throttle:8/8
  SIGLESS_ADDR      = (disabled)
Found 1 query under queries/tpch/tpch-queries/q14/v2_filter.sql

[1/1] queries/tpch/tpch-queries/q14/v2_filter.sql (2 warmup + step-up 1 2 4 8 16 x1)
  warmup 1/2: 1.678452 sec (cache prime)
  warmup 2/2: 0.293628 sec
  N=1   batch 1/1: 0.292596 sec, 1 copy (server sum 222.789 ms)
  N=2   batch 1/1: 0.477471 sec, 2 copies (server sum 405.991 ms)
  N=4   batch 1/1: 0.876023 sec, 4 copies (server sum 802.961 ms)
  N=8   batch 1/1: 1.618418 sec, 8 copies (server sum 1539.300 ms)
  N=16  batch 1/1: 3.171980 sec, 16 copies (server sum 3081.695 ms)
  done: 5 sizes x 1 run (0 failures)

Done. Batch rows appended to logs/warm_stepup/20260918T204804Z-d479ea/query_timing_tpch_idx.csv
Per-copy samples appended to logs/warm_stepup/20260918T204804Z-d479ea/query_samples_tpch_idx.csv
Last batch ended at epoch 1789765380.159 (PREV_END_EPOCH for the next invocation)
===== [26/159] queries/tpch/tpch-queries/q15/v1_materialized.sql run_id=E1EA825CCF849DC4 =====
query_runner configuration:
  QUERY_DIR         = queries/tpch/tpch-queries/q15/v1_materialized.sql
  LOGS_DIR          = logs/warm_stepup/20260918T204804Z-d479ea  (query_timing_/query_samples_/query_catalog_tpch_idx.csv)
  DB_NAME / DB_USER = tpch_idx / postgres
  PGPORT            = 5434  (server reports 18.4)
  RUN_ID            = E1EA825CCF849DC4
  WARMUP            = 2 single-copy warm-ups (the first primes the cache)
  BATCH_SIZES       = 1 2 4 8 16  x RUNS=1 measured batches each
  WORKERS           = (planner default)
  STATEMENT_TIMEOUT = 900
  THERMAL_EQUALISE  = gate (T_LO=55 T_HI=60 preheat<=60s cooldown<=120s)
  sensors           = pkg:/sys/class/hwmon/hwmon8/temp1_input cores:4 cpufreq:8 throttle:8/8
  SIGLESS_ADDR      = (disabled)
Found 1 query under queries/tpch/tpch-queries/q15/v1_materialized.sql

[1/1] queries/tpch/tpch-queries/q15/v1_materialized.sql (2 warmup + step-up 1 2 4 8 16 x1)
  thermal gate: pre-heated 5s -> 57.0 C
  warmup 1/2: 2.395273 sec (cache prime)
  warmup 2/2: 0.481995 sec
  N=1   batch 1/1: 0.484760 sec, 1 copy (server sum 411.361 ms)
  N=2   batch 1/1: 0.822550 sec, 2 copies (server sum 751.667 ms)
  N=4   batch 1/1: 1.484331 sec, 4 copies (server sum 1411.696 ms)
  N=8   batch 1/1: 2.751086 sec, 8 copies (server sum 2673.375 ms)
  N=16  batch 1/1: 5.345909 sec, 16 copies (server sum 5257.454 ms)
  done: 5 sizes x 1 run (0 failures)

Done. Batch rows appended to logs/warm_stepup/20260918T204804Z-d479ea/query_timing_tpch_idx.csv
Per-copy samples appended to logs/warm_stepup/20260918T204804Z-d479ea/query_samples_tpch_idx.csv
Last batch ended at epoch 1789765403.211 (PREV_END_EPOCH for the next invocation)
===== [27/159] queries/tpch/tpch-queries/q15/base.sql run_id=02AA73DCA00C60CC =====
query_runner configuration:
  QUERY_DIR         = queries/tpch/tpch-queries/q15/base.sql
  LOGS_DIR          = logs/warm_stepup/20260918T204804Z-d479ea  (query_timing_/query_samples_/query_catalog_tpch_idx.csv)
  DB_NAME / DB_USER = tpch_idx / postgres
  PGPORT            = 5434  (server reports 18.4)
  RUN_ID            = 02AA73DCA00C60CC
  WARMUP            = 2 single-copy warm-ups (the first primes the cache)
  BATCH_SIZES       = 1 2 4 8 16  x RUNS=1 measured batches each
  WORKERS           = (planner default)
  STATEMENT_TIMEOUT = 900
  THERMAL_EQUALISE  = gate (T_LO=55 T_HI=60 preheat<=60s cooldown<=120s)
  sensors           = pkg:/sys/class/hwmon/hwmon8/temp1_input cores:4 cpufreq:8 throttle:8/8
  SIGLESS_ADDR      = (disabled)
Found 1 query under queries/tpch/tpch-queries/q15/base.sql

[1/1] queries/tpch/tpch-queries/q15/base.sql (2 warmup + step-up 1 2 4 8 16 x1)
  thermal gate: pre-heated 5s -> 55.0 C
  warmup 1/2: 2.392089 sec (cache prime)
  warmup 2/2: 0.493522 sec
  N=1   batch 1/1: 0.482375 sec, 1 copy (server sum 412.266 ms)
  N=2   batch 1/1: 0.814784 sec, 2 copies (server sum 744.047 ms)
  N=4   batch 1/1: 1.467242 sec, 4 copies (server sum 1394.224 ms)
  N=8   batch 1/1: 2.775631 sec, 8 copies (server sum 2696.869 ms)
  N=16  batch 1/1: 5.391731 sec, 16 copies (server sum 5252.274 ms)
  done: 5 sizes x 1 run (0 failures)

Done. Batch rows appended to logs/warm_stepup/20260918T204804Z-d479ea/query_timing_tpch_idx.csv
Per-copy samples appended to logs/warm_stepup/20260918T204804Z-d479ea/query_samples_tpch_idx.csv
Last batch ended at epoch 1789765426.609 (PREV_END_EPOCH for the next invocation)
===== [28/159] queries/tpch/tpch-queries/q19/base.sql run_id=0B02EAABC425EC56 =====
query_runner configuration:
  QUERY_DIR         = queries/tpch/tpch-queries/q19/base.sql
  LOGS_DIR          = logs/warm_stepup/20260918T204804Z-d479ea  (query_timing_/query_samples_/query_catalog_tpch_idx.csv)
  DB_NAME / DB_USER = tpch_idx / postgres
  PGPORT            = 5434  (server reports 18.4)
  RUN_ID            = 0B02EAABC425EC56
  WARMUP            = 2 single-copy warm-ups (the first primes the cache)
  BATCH_SIZES       = 1 2 4 8 16  x RUNS=1 measured batches each
  WORKERS           = (planner default)
  STATEMENT_TIMEOUT = 900
  THERMAL_EQUALISE  = gate (T_LO=55 T_HI=60 preheat<=60s cooldown<=120s)
  sensors           = pkg:/sys/class/hwmon/hwmon8/temp1_input cores:4 cpufreq:8 throttle:8/8
  SIGLESS_ADDR      = (disabled)
Found 1 query under queries/tpch/tpch-queries/q19/base.sql

[1/1] queries/tpch/tpch-queries/q19/base.sql (2 warmup + step-up 1 2 4 8 16 x1)
  thermal gate: pre-heated 5s -> 55.0 C
  warmup 1/2: 1.656836 sec (cache prime)
  warmup 2/2: 0.115400 sec
  N=1   batch 1/1: 0.114974 sec, 1 copy (server sum 44.721 ms)
  N=2   batch 1/1: 0.158779 sec, 2 copies (server sum 86.325 ms)
  N=4   batch 1/1: 0.247494 sec, 4 copies (server sum 167.735 ms)
  N=8   batch 1/1: 0.401377 sec, 8 copies (server sum 320.357 ms)
  N=16  batch 1/1: 0.727817 sec, 16 copies (server sum 634.971 ms)
  done: 5 sizes x 1 run (0 failures)

Done. Batch rows appended to logs/warm_stepup/20260918T204804Z-d479ea/query_timing_tpch_idx.csv
Per-copy samples appended to logs/warm_stepup/20260918T204804Z-d479ea/query_samples_tpch_idx.csv
Last batch ended at epoch 1789765439.754 (PREV_END_EPOCH for the next invocation)
===== [29/159] queries/tpch/tpch-queries/q16/v2_not_exists.sql run_id=F01597F6679E3F0D =====
query_runner configuration:
  QUERY_DIR         = queries/tpch/tpch-queries/q16/v2_not_exists.sql
  LOGS_DIR          = logs/warm_stepup/20260918T204804Z-d479ea  (query_timing_/query_samples_/query_catalog_tpch_idx.csv)
  DB_NAME / DB_USER = tpch_idx / postgres
  PGPORT            = 5434  (server reports 18.4)
  RUN_ID            = F01597F6679E3F0D
  WARMUP            = 2 single-copy warm-ups (the first primes the cache)
  BATCH_SIZES       = 1 2 4 8 16  x RUNS=1 measured batches each
  WORKERS           = (planner default)
  STATEMENT_TIMEOUT = 900
  THERMAL_EQUALISE  = gate (T_LO=55 T_HI=60 preheat<=60s cooldown<=120s)
  sensors           = pkg:/sys/class/hwmon/hwmon8/temp1_input cores:4 cpufreq:8 throttle:8/8
  SIGLESS_ADDR      = (disabled)
Found 1 query under queries/tpch/tpch-queries/q16/v2_not_exists.sql

[1/1] queries/tpch/tpch-queries/q16/v2_not_exists.sql (2 warmup + step-up 1 2 4 8 16 x1)
  thermal gate: pre-heated 5s -> 55.0 C
  warmup 1/2: 0.673262 sec (cache prime)
  warmup 2/2: 0.430260 sec
  N=1   batch 1/1: 0.448039 sec, 1 copy (server sum 367.525 ms)
  N=2   batch 1/1: 0.850256 sec, 2 copies (server sum 730.227 ms)
  N=4   batch 1/1: 1.543082 sec, 4 copies (server sum 1468.475 ms)
  N=8   batch 1/1: 3.051366 sec, 8 copies (server sum 2970.320 ms)
  N=16  batch 1/1: 6.008116 sec, 16 copies (server sum 5915.908 ms)
  done: 5 sizes x 1 run (0 failures)

Done. Batch rows appended to logs/warm_stepup/20260918T204804Z-d479ea/query_timing_tpch_idx.csv
Per-copy samples appended to logs/warm_stepup/20260918T204804Z-d479ea/query_samples_tpch_idx.csv
Last batch ended at epoch 1789765462.186 (PREV_END_EPOCH for the next invocation)
===== [30/159] queries/tpch/tpch-queries/q12/v2_filter.sql run_id=40610A163ABDFB7C =====
query_runner configuration:
  QUERY_DIR         = queries/tpch/tpch-queries/q12/v2_filter.sql
  LOGS_DIR          = logs/warm_stepup/20260918T204804Z-d479ea  (query_timing_/query_samples_/query_catalog_tpch_idx.csv)
  DB_NAME / DB_USER = tpch_idx / postgres
  PGPORT            = 5434  (server reports 18.4)
  RUN_ID            = 40610A163ABDFB7C
  WARMUP            = 2 single-copy warm-ups (the first primes the cache)
  BATCH_SIZES       = 1 2 4 8 16  x RUNS=1 measured batches each
  WORKERS           = (planner default)
  STATEMENT_TIMEOUT = 900
  THERMAL_EQUALISE  = gate (T_LO=55 T_HI=60 preheat<=60s cooldown<=120s)
  sensors           = pkg:/sys/class/hwmon/hwmon8/temp1_input cores:4 cpufreq:8 throttle:8/8
  SIGLESS_ADDR      = (disabled)
Found 1 query under queries/tpch/tpch-queries/q12/v2_filter.sql

[1/1] queries/tpch/tpch-queries/q12/v2_filter.sql (2 warmup + step-up 1 2 4 8 16 x1)
  thermal gate: pre-heated 5s -> 55.0 C
  warmup 1/2: 1.917713 sec (cache prime)
  warmup 2/2: 0.555545 sec
  N=1   batch 1/1: 0.551959 sec, 1 copy (server sum 480.380 ms)
  N=2   batch 1/1: 0.997766 sec, 2 copies (server sum 925.984 ms)
  N=4   batch 1/1: 1.942796 sec, 4 copies (server sum 1786.156 ms)
  N=8   batch 1/1: 3.672341 sec, 8 copies (server sum 3593.132 ms)
  N=16  batch 1/1: 7.171235 sec, 16 copies (server sum 7081.014 ms)
  done: 5 sizes x 1 run (0 failures)

Done. Batch rows appended to logs/warm_stepup/20260918T204804Z-d479ea/query_timing_tpch_idx.csv
Per-copy samples appended to logs/warm_stepup/20260918T204804Z-d479ea/query_samples_tpch_idx.csv
Last batch ended at epoch 1789765487.759 (PREV_END_EPOCH for the next invocation)
===== [31/159] queries/tpch/tpch-queries/q11/v2_cte_threshold.sql run_id=F0E2790C24487D4D =====
query_runner configuration:
  QUERY_DIR         = queries/tpch/tpch-queries/q11/v2_cte_threshold.sql
  LOGS_DIR          = logs/warm_stepup/20260918T204804Z-d479ea  (query_timing_/query_samples_/query_catalog_tpch_idx.csv)
  DB_NAME / DB_USER = tpch_idx / postgres
  PGPORT            = 5434  (server reports 18.4)
  RUN_ID            = F0E2790C24487D4D
  WARMUP            = 2 single-copy warm-ups (the first primes the cache)
  BATCH_SIZES       = 1 2 4 8 16  x RUNS=1 measured batches each
  WORKERS           = (planner default)
  STATEMENT_TIMEOUT = 900
  THERMAL_EQUALISE  = gate (T_LO=55 T_HI=60 preheat<=60s cooldown<=120s)
  sensors           = pkg:/sys/class/hwmon/hwmon8/temp1_input cores:4 cpufreq:8 throttle:8/8
  SIGLESS_ADDR      = (disabled)
Found 1 query under queries/tpch/tpch-queries/q11/v2_cte_threshold.sql

[1/1] queries/tpch/tpch-queries/q11/v2_cte_threshold.sql (2 warmup + step-up 1 2 4 8 16 x1)
  thermal gate: pre-heated 5s -> 57.0 C
  warmup 1/2: 1.733116 sec (cache prime)
  warmup 2/2: 0.192848 sec
  N=1   batch 1/1: 0.232186 sec, 1 copy (server sum 122.045 ms)
  N=2   batch 1/1: 0.306725 sec, 2 copies (server sum 233.882 ms)
  N=4   batch 1/1: 0.521901 sec, 4 copies (server sum 443.976 ms)
  N=8   batch 1/1: 1.023591 sec, 8 copies (server sum 883.509 ms)
  N=16  batch 1/1: 1.835512 sec, 16 copies (server sum 1727.009 ms)
  done: 5 sizes x 1 run (0 failures)

Done. Batch rows appended to logs/warm_stepup/20260918T204804Z-d479ea/query_timing_tpch_idx.csv
Per-copy samples appended to logs/warm_stepup/20260918T204804Z-d479ea/query_samples_tpch_idx.csv
Last batch ended at epoch 1789765503.386 (PREV_END_EPOCH for the next invocation)
===== [32/159] queries/tpch/tpch-queries/q08/base.sql run_id=6272F06678B0F2D0 =====
query_runner configuration:
  QUERY_DIR         = queries/tpch/tpch-queries/q08/base.sql
  LOGS_DIR          = logs/warm_stepup/20260918T204804Z-d479ea  (query_timing_/query_samples_/query_catalog_tpch_idx.csv)
  DB_NAME / DB_USER = tpch_idx / postgres
  PGPORT            = 5434  (server reports 18.4)
  RUN_ID            = 6272F06678B0F2D0
  WARMUP            = 2 single-copy warm-ups (the first primes the cache)
  BATCH_SIZES       = 1 2 4 8 16  x RUNS=1 measured batches each
  WORKERS           = (planner default)
  STATEMENT_TIMEOUT = 900
  THERMAL_EQUALISE  = gate (T_LO=55 T_HI=60 preheat<=60s cooldown<=120s)
  sensors           = pkg:/sys/class/hwmon/hwmon8/temp1_input cores:4 cpufreq:8 throttle:8/8
  SIGLESS_ADDR      = (disabled)
Found 1 query under queries/tpch/tpch-queries/q08/base.sql

[1/1] queries/tpch/tpch-queries/q08/base.sql (2 warmup + step-up 1 2 4 8 16 x1)
  thermal gate: pre-heated 5s -> 56.0 C
  warmup 1/2: 5.601335 sec (cache prime)
  warmup 2/2: 0.260865 sec
  N=1   batch 1/1: 0.258474 sec, 1 copy (server sum 184.257 ms)
  N=2   batch 1/1: 0.473304 sec, 2 copies (server sum 342.261 ms)
  N=4   batch 1/1: 0.756043 sec, 4 copies (server sum 668.235 ms)
  N=8   batch 1/1: 1.417724 sec, 8 copies (server sum 1315.451 ms)
  N=16  batch 1/1: 2.736367 sec, 16 copies (server sum 2603.310 ms)
  done: 5 sizes x 1 run (0 failures)

Done. Batch rows appended to logs/warm_stepup/20260918T204804Z-d479ea/query_timing_tpch_idx.csv
Per-copy samples appended to logs/warm_stepup/20260918T204804Z-d479ea/query_samples_tpch_idx.csv
Last batch ended at epoch 1789765524.200 (PREV_END_EPOCH for the next invocation)
===== [33/159] queries/tpch/tpch-queries/q10/base.sql run_id=41C7E7A8E54CF3DA =====
query_runner configuration:
  QUERY_DIR         = queries/tpch/tpch-queries/q10/base.sql
  LOGS_DIR          = logs/warm_stepup/20260918T204804Z-d479ea  (query_timing_/query_samples_/query_catalog_tpch_idx.csv)
  DB_NAME / DB_USER = tpch_idx / postgres
  PGPORT            = 5434  (server reports 18.4)
  RUN_ID            = 41C7E7A8E54CF3DA
  WARMUP            = 2 single-copy warm-ups (the first primes the cache)
  BATCH_SIZES       = 1 2 4 8 16  x RUNS=1 measured batches each
  WORKERS           = (planner default)
  STATEMENT_TIMEOUT = 900
  THERMAL_EQUALISE  = gate (T_LO=55 T_HI=60 preheat<=60s cooldown<=120s)
  sensors           = pkg:/sys/class/hwmon/hwmon8/temp1_input cores:4 cpufreq:8 throttle:8/8
  SIGLESS_ADDR      = (disabled)
Found 1 query under queries/tpch/tpch-queries/q10/base.sql

[1/1] queries/tpch/tpch-queries/q10/base.sql (2 warmup + step-up 1 2 4 8 16 x1)
  thermal gate: pre-heated 5s -> 56.0 C
  warmup 1/2: 2.797993 sec (cache prime)
  warmup 2/2: 0.572499 sec
  N=1   batch 1/1: 0.595978 sec, 1 copy (server sum 506.834 ms)
  N=2   batch 1/1: 1.064226 sec, 2 copies (server sum 948.589 ms)
  N=4   batch 1/1: 1.911988 sec, 4 copies (server sum 1833.277 ms)
  N=8   batch 1/1: 3.721980 sec, 8 copies (server sum 3634.277 ms)
  N=16  batch 1/1: 7.282770 sec, 16 copies (server sum 7177.083 ms)
  done: 5 sizes x 1 run (0 failures)

Done. Batch rows appended to logs/warm_stepup/20260918T204804Z-d479ea/query_timing_tpch_idx.csv
Per-copy samples appended to logs/warm_stepup/20260918T204804Z-d479ea/query_samples_tpch_idx.csv
Last batch ended at epoch 1789765551.442 (PREV_END_EPOCH for the next invocation)
===== [34/159] queries/tpch/tpch-queries/q12/v2_filter.sql run_id=4BDB0F7F22E46B6C =====
query_runner configuration:
  QUERY_DIR         = queries/tpch/tpch-queries/q12/v2_filter.sql
  LOGS_DIR          = logs/warm_stepup/20260918T204804Z-d479ea  (query_timing_/query_samples_/query_catalog_tpch_idx.csv)
  DB_NAME / DB_USER = tpch_idx / postgres
  PGPORT            = 5434  (server reports 18.4)
  RUN_ID            = 4BDB0F7F22E46B6C
  WARMUP            = 2 single-copy warm-ups (the first primes the cache)
  BATCH_SIZES       = 1 2 4 8 16  x RUNS=1 measured batches each
  WORKERS           = (planner default)
  STATEMENT_TIMEOUT = 900
  THERMAL_EQUALISE  = gate (T_LO=55 T_HI=60 preheat<=60s cooldown<=120s)
  sensors           = pkg:/sys/class/hwmon/hwmon8/temp1_input cores:4 cpufreq:8 throttle:8/8
  SIGLESS_ADDR      = (disabled)
Found 1 query under queries/tpch/tpch-queries/q12/v2_filter.sql

[1/1] queries/tpch/tpch-queries/q12/v2_filter.sql (2 warmup + step-up 1 2 4 8 16 x1)
  thermal gate: pre-heated 5s -> 56.0 C
  warmup 1/2: 1.923202 sec (cache prime)
  warmup 2/2: 0.551199 sec
  N=1   batch 1/1: 0.554390 sec, 1 copy (server sum 484.360 ms)
  N=2   batch 1/1: 0.996616 sec, 2 copies (server sum 926.144 ms)
  N=4   batch 1/1: 1.905558 sec, 4 copies (server sum 1789.680 ms)
  N=8   batch 1/1: 3.672018 sec, 8 copies (server sum 3591.107 ms)
  N=16  batch 1/1: 7.194255 sec, 16 copies (server sum 7102.738 ms)
  done: 5 sizes x 1 run (0 failures)

Done. Batch rows appended to logs/warm_stepup/20260918T204804Z-d479ea/query_timing_tpch_idx.csv
Per-copy samples appended to logs/warm_stepup/20260918T204804Z-d479ea/query_samples_tpch_idx.csv
Last batch ended at epoch 1789765577.606 (PREV_END_EPOCH for the next invocation)
===== [35/159] queries/tpch/tpch-queries/q10/v1_materialized.sql run_id=B667EF581EAF024E =====
query_runner configuration:
  QUERY_DIR         = queries/tpch/tpch-queries/q10/v1_materialized.sql
  LOGS_DIR          = logs/warm_stepup/20260918T204804Z-d479ea  (query_timing_/query_samples_/query_catalog_tpch_idx.csv)
  DB_NAME / DB_USER = tpch_idx / postgres
  PGPORT            = 5434  (server reports 18.4)
  RUN_ID            = B667EF581EAF024E
  WARMUP            = 2 single-copy warm-ups (the first primes the cache)
  BATCH_SIZES       = 1 2 4 8 16  x RUNS=1 measured batches each
  WORKERS           = (planner default)
  STATEMENT_TIMEOUT = 900
  THERMAL_EQUALISE  = gate (T_LO=55 T_HI=60 preheat<=60s cooldown<=120s)
  sensors           = pkg:/sys/class/hwmon/hwmon8/temp1_input cores:4 cpufreq:8 throttle:8/8
  SIGLESS_ADDR      = (disabled)
Found 1 query under queries/tpch/tpch-queries/q10/v1_materialized.sql

[1/1] queries/tpch/tpch-queries/q10/v1_materialized.sql (2 warmup + step-up 1 2 4 8 16 x1)
  thermal gate: pre-heated 5s -> 57.0 C
  warmup 1/2: 2.771321 sec (cache prime)
  warmup 2/2: 0.598618 sec
  N=1   batch 1/1: 0.639022 sec, 1 copy (server sum 523.780 ms)
  N=2   batch 1/1: 1.113473 sec, 2 copies (server sum 1036.032 ms)
  N=4   batch 1/1: 2.022130 sec, 4 copies (server sum 1943.054 ms)
  N=8   batch 1/1: 3.918083 sec, 8 copies (server sum 3827.013 ms)
  N=16  batch 1/1: 7.830376 sec, 16 copies (server sum 7721.482 ms)
  done: 5 sizes x 1 run (0 failures)

Done. Batch rows appended to logs/warm_stepup/20260918T204804Z-d479ea/query_timing_tpch_idx.csv
Per-copy samples appended to logs/warm_stepup/20260918T204804Z-d479ea/query_samples_tpch_idx.csv
Last batch ended at epoch 1789765606.307 (PREV_END_EPOCH for the next invocation)
===== [36/159] queries/tpch/tpch-queries/q11/v1_materialized.sql run_id=3CA4CD7675588C36 =====
query_runner configuration:
  QUERY_DIR         = queries/tpch/tpch-queries/q11/v1_materialized.sql
  LOGS_DIR          = logs/warm_stepup/20260918T204804Z-d479ea  (query_timing_/query_samples_/query_catalog_tpch_idx.csv)
  DB_NAME / DB_USER = tpch_idx / postgres
  PGPORT            = 5434  (server reports 18.4)
  RUN_ID            = 3CA4CD7675588C36
  WARMUP            = 2 single-copy warm-ups (the first primes the cache)
  BATCH_SIZES       = 1 2 4 8 16  x RUNS=1 measured batches each
  WORKERS           = (planner default)
  STATEMENT_TIMEOUT = 900
  THERMAL_EQUALISE  = gate (T_LO=55 T_HI=60 preheat<=60s cooldown<=120s)
  sensors           = pkg:/sys/class/hwmon/hwmon8/temp1_input cores:4 cpufreq:8 throttle:8/8
  SIGLESS_ADDR      = (disabled)
Found 1 query under queries/tpch/tpch-queries/q11/v1_materialized.sql

[1/1] queries/tpch/tpch-queries/q11/v1_materialized.sql (2 warmup + step-up 1 2 4 8 16 x1)
  thermal gate: pre-heated 5s -> 57.0 C
  warmup 1/2: 1.701444 sec (cache prime)
  warmup 2/2: 0.195323 sec
  N=1   batch 1/1: 0.235212 sec, 1 copy (server sum 124.364 ms)
  N=2   batch 1/1: 0.304910 sec, 2 copies (server sum 232.018 ms)
  N=4   batch 1/1: 0.526295 sec, 4 copies (server sum 447.550 ms)
  N=8   batch 1/1: 0.974422 sec, 8 copies (server sum 885.174 ms)
  N=16  batch 1/1: 1.880020 sec, 16 copies (server sum 1752.181 ms)
  done: 5 sizes x 1 run (0 failures)

Done. Batch rows appended to logs/warm_stepup/20260918T204804Z-d479ea/query_timing_tpch_idx.csv
Per-copy samples appended to logs/warm_stepup/20260918T204804Z-d479ea/query_samples_tpch_idx.csv
Last batch ended at epoch 1789765621.430 (PREV_END_EPOCH for the next invocation)
===== [37/159] queries/tpch/tpch-queries/q12/v1_materialized.sql run_id=B2E80DBA2005B940 =====
query_runner configuration:
  QUERY_DIR         = queries/tpch/tpch-queries/q12/v1_materialized.sql
  LOGS_DIR          = logs/warm_stepup/20260918T204804Z-d479ea  (query_timing_/query_samples_/query_catalog_tpch_idx.csv)
  DB_NAME / DB_USER = tpch_idx / postgres
  PGPORT            = 5434  (server reports 18.4)
  RUN_ID            = B2E80DBA2005B940
  WARMUP            = 2 single-copy warm-ups (the first primes the cache)
  BATCH_SIZES       = 1 2 4 8 16  x RUNS=1 measured batches each
  WORKERS           = (planner default)
  STATEMENT_TIMEOUT = 900
  THERMAL_EQUALISE  = gate (T_LO=55 T_HI=60 preheat<=60s cooldown<=120s)
  sensors           = pkg:/sys/class/hwmon/hwmon8/temp1_input cores:4 cpufreq:8 throttle:8/8
  SIGLESS_ADDR      = (disabled)
Found 1 query under queries/tpch/tpch-queries/q12/v1_materialized.sql

[1/1] queries/tpch/tpch-queries/q12/v1_materialized.sql (2 warmup + step-up 1 2 4 8 16 x1)
  thermal gate: pre-heated 5s -> 56.0 C
  warmup 1/2: 1.931524 sec (cache prime)
  warmup 2/2: 0.554381 sec
  N=1   batch 1/1: 0.563194 sec, 1 copy (server sum 493.371 ms)
  N=2   batch 1/1: 1.003935 sec, 2 copies (server sum 923.373 ms)
  N=4   batch 1/1: 1.889780 sec, 4 copies (server sum 1815.363 ms)
  N=8   batch 1/1: 3.695550 sec, 8 copies (server sum 3567.561 ms)
  N=16  batch 1/1: 7.161228 sec, 16 copies (server sum 7068.907 ms)
  done: 5 sizes x 1 run (0 failures)

Done. Batch rows appended to logs/warm_stepup/20260918T204804Z-d479ea/query_timing_tpch_idx.csv
Per-copy samples appended to logs/warm_stepup/20260918T204804Z-d479ea/query_samples_tpch_idx.csv
Last batch ended at epoch 1789765647.400 (PREV_END_EPOCH for the next invocation)
===== [38/159] queries/tpch/tpch-queries/q03/base.sql run_id=0323080888034881 =====
query_runner configuration:
  QUERY_DIR         = queries/tpch/tpch-queries/q03/base.sql
  LOGS_DIR          = logs/warm_stepup/20260918T204804Z-d479ea  (query_timing_/query_samples_/query_catalog_tpch_idx.csv)
  DB_NAME / DB_USER = tpch_idx / postgres
  PGPORT            = 5434  (server reports 18.4)
  RUN_ID            = 0323080888034881
  WARMUP            = 2 single-copy warm-ups (the first primes the cache)
  BATCH_SIZES       = 1 2 4 8 16  x RUNS=1 measured batches each
  WORKERS           = (planner default)
  STATEMENT_TIMEOUT = 900
  THERMAL_EQUALISE  = gate (T_LO=55 T_HI=60 preheat<=60s cooldown<=120s)
  sensors           = pkg:/sys/class/hwmon/hwmon8/temp1_input cores:4 cpufreq:8 throttle:8/8
  SIGLESS_ADDR      = (disabled)
Found 1 query under queries/tpch/tpch-queries/q03/base.sql

[1/1] queries/tpch/tpch-queries/q03/base.sql (2 warmup + step-up 1 2 4 8 16 x1)
  thermal gate: pre-heated 5s -> 57.0 C
  warmup 1/2: 1.780469 sec (cache prime)
  warmup 2/2: 0.512050 sec
  N=1   batch 1/1: 0.511032 sec, 1 copy (server sum 440.449 ms)
  N=2   batch 1/1: 0.915381 sec, 2 copies (server sum 843.276 ms)
  N=4   batch 1/1: 1.734649 sec, 4 copies (server sum 1608.318 ms)
  N=8   batch 1/1: 3.214750 sec, 8 copies (server sum 3132.993 ms)
  N=16  batch 1/1: 6.289804 sec, 16 copies (server sum 6195.627 ms)
  done: 5 sizes x 1 run (0 failures)

Done. Batch rows appended to logs/warm_stepup/20260918T204804Z-d479ea/query_timing_tpch_idx.csv
Per-copy samples appended to logs/warm_stepup/20260918T204804Z-d479ea/query_samples_tpch_idx.csv
Last batch ended at epoch 1789765672.187 (PREV_END_EPOCH for the next invocation)
===== [39/159] queries/tpch/tpch-queries/q13/v1_materialized.sql run_id=77D9AAFECBAFB0A1 =====
query_runner configuration:
  QUERY_DIR         = queries/tpch/tpch-queries/q13/v1_materialized.sql
  LOGS_DIR          = logs/warm_stepup/20260918T204804Z-d479ea  (query_timing_/query_samples_/query_catalog_tpch_idx.csv)
  DB_NAME / DB_USER = tpch_idx / postgres
  PGPORT            = 5434  (server reports 18.4)
  RUN_ID            = 77D9AAFECBAFB0A1
  WARMUP            = 2 single-copy warm-ups (the first primes the cache)
  BATCH_SIZES       = 1 2 4 8 16  x RUNS=1 measured batches each
  WORKERS           = (planner default)
  STATEMENT_TIMEOUT = 900
  THERMAL_EQUALISE  = gate (T_LO=55 T_HI=60 preheat<=60s cooldown<=120s)
  sensors           = pkg:/sys/class/hwmon/hwmon8/temp1_input cores:4 cpufreq:8 throttle:8/8
  SIGLESS_ADDR      = (disabled)
Found 1 query under queries/tpch/tpch-queries/q13/v1_materialized.sql

[1/1] queries/tpch/tpch-queries/q13/v1_materialized.sql (2 warmup + step-up 1 2 4 8 16 x1)
  warmup 1/2: 2.281077 sec (cache prime)
  warmup 2/2: 1.980668 sec
  N=1   batch 1/1: 2.013133 sec, 1 copy (server sum 1922.375 ms)
  N=2   batch 1/1: 3.866479 sec, 2 copies (server sum 3794.401 ms)
  N=4   batch 1/1: 7.649975 sec, 4 copies (server sum 7572.735 ms)
  N=8   batch 1/1: 15.199514 sec, 8 copies (server sum 15113.291 ms)
  N=16  batch 1/1: 30.260672 sec, 16 copies (server sum 30152.167 ms)
  done: 5 sizes x 1 run (0 failures)

Done. Batch rows appended to logs/warm_stepup/20260918T204804Z-d479ea/query_timing_tpch_idx.csv
Per-copy samples appended to logs/warm_stepup/20260918T204804Z-d479ea/query_samples_tpch_idx.csv
Last batch ended at epoch 1789765740.043 (PREV_END_EPOCH for the next invocation)
===== [40/159] queries/tpch/tpch-queries/q08/v2_filter.sql run_id=791908FBF10C564C =====
query_runner configuration:
  QUERY_DIR         = queries/tpch/tpch-queries/q08/v2_filter.sql
  LOGS_DIR          = logs/warm_stepup/20260918T204804Z-d479ea  (query_timing_/query_samples_/query_catalog_tpch_idx.csv)
  DB_NAME / DB_USER = tpch_idx / postgres
  PGPORT            = 5434  (server reports 18.4)
  RUN_ID            = 791908FBF10C564C
  WARMUP            = 2 single-copy warm-ups (the first primes the cache)
  BATCH_SIZES       = 1 2 4 8 16  x RUNS=1 measured batches each
  WORKERS           = (planner default)
  STATEMENT_TIMEOUT = 900
  THERMAL_EQUALISE  = gate (T_LO=55 T_HI=60 preheat<=60s cooldown<=120s)
  sensors           = pkg:/sys/class/hwmon/hwmon8/temp1_input cores:4 cpufreq:8 throttle:8/8
  SIGLESS_ADDR      = (disabled)
Found 1 query under queries/tpch/tpch-queries/q08/v2_filter.sql

[1/1] queries/tpch/tpch-queries/q08/v2_filter.sql (2 warmup + step-up 1 2 4 8 16 x1)
  thermal gate: pre-heated 10s -> 55.0 C
  warmup 1/2: 5.713285 sec (cache prime)
  warmup 2/2: 0.270236 sec
  N=1   batch 1/1: 0.266345 sec, 1 copy (server sum 186.193 ms)
  N=2   batch 1/1: 0.430610 sec, 2 copies (server sum 349.322 ms)
  N=4   batch 1/1: 0.762330 sec, 4 copies (server sum 675.116 ms)
  N=8   batch 1/1: 1.421029 sec, 8 copies (server sum 1317.791 ms)
  N=16  batch 1/1: 2.754982 sec, 16 copies (server sum 2618.471 ms)
  done: 5 sizes x 1 run (0 failures)

Done. Batch rows appended to logs/warm_stepup/20260918T204804Z-d479ea/query_timing_tpch_idx.csv
Per-copy samples appended to logs/warm_stepup/20260918T204804Z-d479ea/query_samples_tpch_idx.csv
Last batch ended at epoch 1789765766.140 (PREV_END_EPOCH for the next invocation)
===== [41/159] queries/tpch/tpch-queries/q18/v1_materialized.sql run_id=AE15AFFDB9A2FF98 =====
query_runner configuration:
  QUERY_DIR         = queries/tpch/tpch-queries/q18/v1_materialized.sql
  LOGS_DIR          = logs/warm_stepup/20260918T204804Z-d479ea  (query_timing_/query_samples_/query_catalog_tpch_idx.csv)
  DB_NAME / DB_USER = tpch_idx / postgres
  PGPORT            = 5434  (server reports 18.4)
  RUN_ID            = AE15AFFDB9A2FF98
  WARMUP            = 2 single-copy warm-ups (the first primes the cache)
  BATCH_SIZES       = 1 2 4 8 16  x RUNS=1 measured batches each
  WORKERS           = (planner default)
  STATEMENT_TIMEOUT = 900
  THERMAL_EQUALISE  = gate (T_LO=55 T_HI=60 preheat<=60s cooldown<=120s)
  sensors           = pkg:/sys/class/hwmon/hwmon8/temp1_input cores:4 cpufreq:8 throttle:8/8
  SIGLESS_ADDR      = (disabled)
Found 1 query under queries/tpch/tpch-queries/q18/v1_materialized.sql

[1/1] queries/tpch/tpch-queries/q18/v1_materialized.sql (2 warmup + step-up 1 2 4 8 16 x1)
  thermal gate: pre-heated 5s -> 57.0 C
  warmup 1/2: 8.254252 sec (cache prime)
  warmup 2/2: 6.961700 sec
  N=1   batch 1/1: 6.902474 sec, 1 copy (server sum 6830.988 ms)
  N=2   batch 1/1: 13.663155 sec, 2 copies (server sum 13589.591 ms)
  N=4   batch 1/1: 27.307429 sec, 4 copies (server sum 27226.590 ms)
  N=8   batch 1/1: 54.278348 sec, 8 copies (server sum 54190.611 ms)
  N=16  batch 1/1: 108.965294 sec, 16 copies (server sum 108860.018 ms)
  done: 5 sizes x 1 run (0 failures)

Done. Batch rows appended to logs/warm_stepup/20260918T204804Z-d479ea/query_timing_tpch_idx.csv
Per-copy samples appended to logs/warm_stepup/20260918T204804Z-d479ea/query_samples_tpch_idx.csv
Last batch ended at epoch 1789766001.760 (PREV_END_EPOCH for the next invocation)
===== [42/159] queries/tpch/tpch-queries/q16/v1_materialized.sql run_id=9026B5C9F89E6E93 =====
query_runner configuration:
  QUERY_DIR         = queries/tpch/tpch-queries/q16/v1_materialized.sql
  LOGS_DIR          = logs/warm_stepup/20260918T204804Z-d479ea  (query_timing_/query_samples_/query_catalog_tpch_idx.csv)
  DB_NAME / DB_USER = tpch_idx / postgres
  PGPORT            = 5434  (server reports 18.4)
  RUN_ID            = 9026B5C9F89E6E93
  WARMUP            = 2 single-copy warm-ups (the first primes the cache)
  BATCH_SIZES       = 1 2 4 8 16  x RUNS=1 measured batches each
  WORKERS           = (planner default)
  STATEMENT_TIMEOUT = 900
  THERMAL_EQUALISE  = gate (T_LO=55 T_HI=60 preheat<=60s cooldown<=120s)
  sensors           = pkg:/sys/class/hwmon/hwmon8/temp1_input cores:4 cpufreq:8 throttle:8/8
  SIGLESS_ADDR      = (disabled)
Found 1 query under queries/tpch/tpch-queries/q16/v1_materialized.sql

[1/1] queries/tpch/tpch-queries/q16/v1_materialized.sql (2 warmup + step-up 1 2 4 8 16 x1)
  warmup 1/2: 0.754295 sec (cache prime)
  warmup 2/2: 0.511470 sec
  N=1   batch 1/1: 0.499527 sec, 1 copy (server sum 428.927 ms)
  N=2   batch 1/1: 0.869983 sec, 2 copies (server sum 797.969 ms)
  N=4   batch 1/1: 1.657516 sec, 4 copies (server sum 1583.319 ms)
  N=8   batch 1/1: 3.356067 sec, 8 copies (server sum 3225.322 ms)
  N=16  batch 1/1: 6.494557 sec, 16 copies (server sum 6402.978 ms)
  done: 5 sizes x 1 run (0 failures)

Done. Batch rows appended to logs/warm_stepup/20260918T204804Z-d479ea/query_timing_tpch_idx.csv
Per-copy samples appended to logs/warm_stepup/20260918T204804Z-d479ea/query_samples_tpch_idx.csv
Last batch ended at epoch 1789766020.666 (PREV_END_EPOCH for the next invocation)
===== [43/159] queries/tpch/tpch-queries/q18/v1_materialized.sql run_id=1C8B69C8ABC40719 =====
query_runner configuration:
  QUERY_DIR         = queries/tpch/tpch-queries/q18/v1_materialized.sql
  LOGS_DIR          = logs/warm_stepup/20260918T204804Z-d479ea  (query_timing_/query_samples_/query_catalog_tpch_idx.csv)
  DB_NAME / DB_USER = tpch_idx / postgres
  PGPORT            = 5434  (server reports 18.4)
  RUN_ID            = 1C8B69C8ABC40719
  WARMUP            = 2 single-copy warm-ups (the first primes the cache)
  BATCH_SIZES       = 1 2 4 8 16  x RUNS=1 measured batches each
  WORKERS           = (planner default)
  STATEMENT_TIMEOUT = 900
  THERMAL_EQUALISE  = gate (T_LO=55 T_HI=60 preheat<=60s cooldown<=120s)
  sensors           = pkg:/sys/class/hwmon/hwmon8/temp1_input cores:4 cpufreq:8 throttle:8/8
  SIGLESS_ADDR      = (disabled)
Found 1 query under queries/tpch/tpch-queries/q18/v1_materialized.sql

[1/1] queries/tpch/tpch-queries/q18/v1_materialized.sql (2 warmup + step-up 1 2 4 8 16 x1)
  warmup 1/2: 7.931351 sec (cache prime)
  warmup 2/2: 6.915014 sec
  N=1   batch 1/1: 6.964689 sec, 1 copy (server sum 6893.402 ms)
  N=2   batch 1/1: 13.755225 sec, 2 copies (server sum 13681.517 ms)
  N=4   batch 1/1: 27.301825 sec, 4 copies (server sum 27222.383 ms)
  N=8   batch 1/1: 54.160295 sec, 8 copies (server sum 54073.661 ms)
  N=16  batch 1/1: 108.743774 sec, 16 copies (server sum 108586.652 ms)
  done: 5 sizes x 1 run (0 failures)

Done. Batch rows appended to logs/warm_stepup/20260918T204804Z-d479ea/query_timing_tpch_idx.csv
Per-copy samples appended to logs/warm_stepup/20260918T204804Z-d479ea/query_samples_tpch_idx.csv
Last batch ended at epoch 1789766250.579 (PREV_END_EPOCH for the next invocation)
===== [44/159] queries/tpch/tpch-queries/q08/v2_filter.sql run_id=84C4166618329809 =====
query_runner configuration:
  QUERY_DIR         = queries/tpch/tpch-queries/q08/v2_filter.sql
  LOGS_DIR          = logs/warm_stepup/20260918T204804Z-d479ea  (query_timing_/query_samples_/query_catalog_tpch_idx.csv)
  DB_NAME / DB_USER = tpch_idx / postgres
  PGPORT            = 5434  (server reports 18.4)
  RUN_ID            = 84C4166618329809
  WARMUP            = 2 single-copy warm-ups (the first primes the cache)
  BATCH_SIZES       = 1 2 4 8 16  x RUNS=1 measured batches each
  WORKERS           = (planner default)
  STATEMENT_TIMEOUT = 900
  THERMAL_EQUALISE  = gate (T_LO=55 T_HI=60 preheat<=60s cooldown<=120s)
  sensors           = pkg:/sys/class/hwmon/hwmon8/temp1_input cores:4 cpufreq:8 throttle:8/8
  SIGLESS_ADDR      = (disabled)
Found 1 query under queries/tpch/tpch-queries/q08/v2_filter.sql

[1/1] queries/tpch/tpch-queries/q08/v2_filter.sql (2 warmup + step-up 1 2 4 8 16 x1)
  warmup 1/2: 7.577357 sec (cache prime)
  warmup 2/2: 0.257504 sec
  N=1   batch 1/1: 0.254540 sec, 1 copy (server sum 179.486 ms)
  N=2   batch 1/1: 0.420595 sec, 2 copies (server sum 342.160 ms)
  N=4   batch 1/1: 0.746328 sec, 4 copies (server sum 659.199 ms)
  N=8   batch 1/1: 1.402543 sec, 8 copies (server sum 1300.366 ms)
  N=16  batch 1/1: 2.768002 sec, 16 copies (server sum 2588.906 ms)
  done: 5 sizes x 1 run (0 failures)

Done. Batch rows appended to logs/warm_stepup/20260918T204804Z-d479ea/query_timing_tpch_idx.csv
Per-copy samples appended to logs/warm_stepup/20260918T204804Z-d479ea/query_samples_tpch_idx.csv
Last batch ended at epoch 1789766268.592 (PREV_END_EPOCH for the next invocation)
===== [45/159] queries/tpch/tpch-queries/q02/base.sql run_id=221F73FAC9393972 =====
query_runner configuration:
  QUERY_DIR         = queries/tpch/tpch-queries/q02/base.sql
  LOGS_DIR          = logs/warm_stepup/20260918T204804Z-d479ea  (query_timing_/query_samples_/query_catalog_tpch_idx.csv)
  DB_NAME / DB_USER = tpch_idx / postgres
  PGPORT            = 5434  (server reports 18.4)
  RUN_ID            = 221F73FAC9393972
  WARMUP            = 2 single-copy warm-ups (the first primes the cache)
  BATCH_SIZES       = 1 2 4 8 16  x RUNS=1 measured batches each
  WORKERS           = (planner default)
  STATEMENT_TIMEOUT = 900
  THERMAL_EQUALISE  = gate (T_LO=55 T_HI=60 preheat<=60s cooldown<=120s)
  sensors           = pkg:/sys/class/hwmon/hwmon8/temp1_input cores:4 cpufreq:8 throttle:8/8
  SIGLESS_ADDR      = (disabled)
Found 1 query under queries/tpch/tpch-queries/q02/base.sql

[1/1] queries/tpch/tpch-queries/q02/base.sql (2 warmup + step-up 1 2 4 8 16 x1)
  warmup 1/2: 1.047140 sec (cache prime)
  warmup 2/2: 0.354435 sec
  N=1   batch 1/1: 0.353631 sec, 1 copy (server sum 280.771 ms)
  N=2   batch 1/1: 0.586550 sec, 2 copies (server sum 511.699 ms)
  N=4   batch 1/1: 1.050615 sec, 4 copies (server sum 970.466 ms)
  N=8   batch 1/1: 1.980473 sec, 8 copies (server sum 1889.940 ms)
  N=16  batch 1/1: 3.898413 sec, 16 copies (server sum 3764.816 ms)
  done: 5 sizes x 1 run (0 failures)

Done. Batch rows appended to logs/warm_stepup/20260918T204804Z-d479ea/query_timing_tpch_idx.csv
Per-copy samples appended to logs/warm_stepup/20260918T204804Z-d479ea/query_samples_tpch_idx.csv
Last batch ended at epoch 1789766282.334 (PREV_END_EPOCH for the next invocation)
===== [46/159] queries/tpch/tpch-queries/q06/base.sql run_id=0FB683438BB79A10 =====
query_runner configuration:
  QUERY_DIR         = queries/tpch/tpch-queries/q06/base.sql
  LOGS_DIR          = logs/warm_stepup/20260918T204804Z-d479ea  (query_timing_/query_samples_/query_catalog_tpch_idx.csv)
  DB_NAME / DB_USER = tpch_idx / postgres
  PGPORT            = 5434  (server reports 18.4)
  RUN_ID            = 0FB683438BB79A10
  WARMUP            = 2 single-copy warm-ups (the first primes the cache)
  BATCH_SIZES       = 1 2 4 8 16  x RUNS=1 measured batches each
  WORKERS           = (planner default)
  STATEMENT_TIMEOUT = 900
  THERMAL_EQUALISE  = gate (T_LO=55 T_HI=60 preheat<=60s cooldown<=120s)
  sensors           = pkg:/sys/class/hwmon/hwmon8/temp1_input cores:4 cpufreq:8 throttle:8/8
  SIGLESS_ADDR      = (disabled)
Found 1 query under queries/tpch/tpch-queries/q06/base.sql

[1/1] queries/tpch/tpch-queries/q06/base.sql (2 warmup + step-up 1 2 4 8 16 x1)
  thermal gate: pre-heated 5s -> 58.0 C
  warmup 1/2: 0.413746 sec (cache prime)
  warmup 2/2: 0.172725 sec
  N=1   batch 1/1: 0.185354 sec, 1 copy (server sum 94.732 ms)
  N=2   batch 1/1: 0.293034 sec, 2 copies (server sum 187.785 ms)
  N=4   batch 1/1: 0.464960 sec, 4 copies (server sum 393.743 ms)
  N=8   batch 1/1: 0.862441 sec, 8 copies (server sum 786.605 ms)
  N=16  batch 1/1: 1.617031 sec, 16 copies (server sum 1535.441 ms)
  done: 5 sizes x 1 run (0 failures)

Done. Batch rows appended to logs/warm_stepup/20260918T204804Z-d479ea/query_timing_tpch_idx.csv
Per-copy samples appended to logs/warm_stepup/20260918T204804Z-d479ea/query_samples_tpch_idx.csv
Last batch ended at epoch 1789766295.770 (PREV_END_EPOCH for the next invocation)
===== [47/159] queries/tpch/tpch-queries/q12/v1_materialized.sql run_id=C803EC381144C230 =====
query_runner configuration:
  QUERY_DIR         = queries/tpch/tpch-queries/q12/v1_materialized.sql
  LOGS_DIR          = logs/warm_stepup/20260918T204804Z-d479ea  (query_timing_/query_samples_/query_catalog_tpch_idx.csv)
  DB_NAME / DB_USER = tpch_idx / postgres
  PGPORT            = 5434  (server reports 18.4)
  RUN_ID            = C803EC381144C230
  WARMUP            = 2 single-copy warm-ups (the first primes the cache)
  BATCH_SIZES       = 1 2 4 8 16  x RUNS=1 measured batches each
  WORKERS           = (planner default)
  STATEMENT_TIMEOUT = 900
  THERMAL_EQUALISE  = gate (T_LO=55 T_HI=60 preheat<=60s cooldown<=120s)
  sensors           = pkg:/sys/class/hwmon/hwmon8/temp1_input cores:4 cpufreq:8 throttle:8/8
  SIGLESS_ADDR      = (disabled)
Found 1 query under queries/tpch/tpch-queries/q12/v1_materialized.sql

[1/1] queries/tpch/tpch-queries/q12/v1_materialized.sql (2 warmup + step-up 1 2 4 8 16 x1)
  thermal gate: pre-heated 5s -> 58.0 C
  warmup 1/2: 1.929230 sec (cache prime)
  warmup 2/2: 0.554090 sec
  N=1   batch 1/1: 0.551228 sec, 1 copy (server sum 478.519 ms)
  N=2   batch 1/1: 0.983553 sec, 2 copies (server sum 910.771 ms)
  N=4   batch 1/1: 1.887886 sec, 4 copies (server sum 1784.327 ms)
  N=8   batch 1/1: 3.668327 sec, 8 copies (server sum 3586.415 ms)
  N=16  batch 1/1: 7.174783 sec, 16 copies (server sum 7075.177 ms)
  done: 5 sizes x 1 run (0 failures)

Done. Batch rows appended to logs/warm_stepup/20260918T204804Z-d479ea/query_timing_tpch_idx.csv
Per-copy samples appended to logs/warm_stepup/20260918T204804Z-d479ea/query_samples_tpch_idx.csv
Last batch ended at epoch 1789766321.584 (PREV_END_EPOCH for the next invocation)
===== [48/159] queries/tpch/tpch-queries/q12/base.sql run_id=0B51F49A40556F32 =====
query_runner configuration:
  QUERY_DIR         = queries/tpch/tpch-queries/q12/base.sql
  LOGS_DIR          = logs/warm_stepup/20260918T204804Z-d479ea  (query_timing_/query_samples_/query_catalog_tpch_idx.csv)
  DB_NAME / DB_USER = tpch_idx / postgres
  PGPORT            = 5434  (server reports 18.4)
  RUN_ID            = 0B51F49A40556F32
  WARMUP            = 2 single-copy warm-ups (the first primes the cache)
  BATCH_SIZES       = 1 2 4 8 16  x RUNS=1 measured batches each
  WORKERS           = (planner default)
  STATEMENT_TIMEOUT = 900
  THERMAL_EQUALISE  = gate (T_LO=55 T_HI=60 preheat<=60s cooldown<=120s)
  sensors           = pkg:/sys/class/hwmon/hwmon8/temp1_input cores:4 cpufreq:8 throttle:8/8
  SIGLESS_ADDR      = (disabled)
Found 1 query under queries/tpch/tpch-queries/q12/base.sql

[1/1] queries/tpch/tpch-queries/q12/base.sql (2 warmup + step-up 1 2 4 8 16 x1)
  warmup 1/2: 1.918491 sec (cache prime)
  warmup 2/2: 0.612085 sec
  N=1   batch 1/1: 0.563181 sec, 1 copy (server sum 492.277 ms)
  N=2   batch 1/1: 0.987332 sec, 2 copies (server sum 907.991 ms)
  N=4   batch 1/1: 1.909672 sec, 4 copies (server sum 1804.548 ms)
  N=8   batch 1/1: 3.678248 sec, 8 copies (server sum 3599.003 ms)
  N=16  batch 1/1: 7.074871 sec, 16 copies (server sum 6985.443 ms)
  done: 5 sizes x 1 run (0 failures)

Done. Batch rows appended to logs/warm_stepup/20260918T204804Z-d479ea/query_timing_tpch_idx.csv
Per-copy samples appended to logs/warm_stepup/20260918T204804Z-d479ea/query_samples_tpch_idx.csv
Last batch ended at epoch 1789766343.086 (PREV_END_EPOCH for the next invocation)
===== [49/159] queries/tpch/tpch-queries/q12/v2_filter.sql run_id=A7C605C98F10FD77 =====
query_runner configuration:
  QUERY_DIR         = queries/tpch/tpch-queries/q12/v2_filter.sql
  LOGS_DIR          = logs/warm_stepup/20260918T204804Z-d479ea  (query_timing_/query_samples_/query_catalog_tpch_idx.csv)
  DB_NAME / DB_USER = tpch_idx / postgres
  PGPORT            = 5434  (server reports 18.4)
  RUN_ID            = A7C605C98F10FD77
  WARMUP            = 2 single-copy warm-ups (the first primes the cache)
  BATCH_SIZES       = 1 2 4 8 16  x RUNS=1 measured batches each
  WORKERS           = (planner default)
  STATEMENT_TIMEOUT = 900
  THERMAL_EQUALISE  = gate (T_LO=55 T_HI=60 preheat<=60s cooldown<=120s)
  sensors           = pkg:/sys/class/hwmon/hwmon8/temp1_input cores:4 cpufreq:8 throttle:8/8
  SIGLESS_ADDR      = (disabled)
Found 1 query under queries/tpch/tpch-queries/q12/v2_filter.sql

[1/1] queries/tpch/tpch-queries/q12/v2_filter.sql (2 warmup + step-up 1 2 4 8 16 x1)
  thermal gate: pre-heated 5s -> 59.0 C
  warmup 1/2: 1.921666 sec (cache prime)
  warmup 2/2: 0.552801 sec
  N=1   batch 1/1: 0.556709 sec, 1 copy (server sum 484.202 ms)
  N=2   batch 1/1: 1.003926 sec, 2 copies (server sum 930.661 ms)
  N=4   batch 1/1: 1.869491 sec, 4 copies (server sum 1795.553 ms)
  N=8   batch 1/1: 3.643425 sec, 8 copies (server sum 3534.133 ms)
  N=16  batch 1/1: 7.240830 sec, 16 copies (server sum 7148.837 ms)
  done: 5 sizes x 1 run (0 failures)

Done. Batch rows appended to logs/warm_stepup/20260918T204804Z-d479ea/query_timing_tpch_idx.csv
Per-copy samples appended to logs/warm_stepup/20260918T204804Z-d479ea/query_samples_tpch_idx.csv
Last batch ended at epoch 1789766369.796 (PREV_END_EPOCH for the next invocation)
===== [50/159] queries/tpch/tpch-queries/q19/v2_union_all.sql run_id=506E3EB69A2E9E5D =====
query_runner configuration:
  QUERY_DIR         = queries/tpch/tpch-queries/q19/v2_union_all.sql
  LOGS_DIR          = logs/warm_stepup/20260918T204804Z-d479ea  (query_timing_/query_samples_/query_catalog_tpch_idx.csv)
  DB_NAME / DB_USER = tpch_idx / postgres
  PGPORT            = 5434  (server reports 18.4)
  RUN_ID            = 506E3EB69A2E9E5D
  WARMUP            = 2 single-copy warm-ups (the first primes the cache)
  BATCH_SIZES       = 1 2 4 8 16  x RUNS=1 measured batches each
  WORKERS           = (planner default)
  STATEMENT_TIMEOUT = 900
  THERMAL_EQUALISE  = gate (T_LO=55 T_HI=60 preheat<=60s cooldown<=120s)
  sensors           = pkg:/sys/class/hwmon/hwmon8/temp1_input cores:4 cpufreq:8 throttle:8/8
  SIGLESS_ADDR      = (disabled)
Found 1 query under queries/tpch/tpch-queries/q19/v2_union_all.sql

[1/1] queries/tpch/tpch-queries/q19/v2_union_all.sql (2 warmup + step-up 1 2 4 8 16 x1)
  thermal gate: pre-heated 5s -> 58.0 C
  warmup 1/2: 1.165822 sec (cache prime)
  warmup 2/2: 0.134622 sec
  N=1   batch 1/1: 0.133556 sec, 1 copy (server sum 61.515 ms)
  N=2   batch 1/1: 0.191198 sec, 2 copies (server sum 117.202 ms)
  N=4   batch 1/1: 0.347083 sec, 4 copies (server sum 229.934 ms)
  N=8   batch 1/1: 0.539096 sec, 8 copies (server sum 453.227 ms)
  N=16  batch 1/1: 1.001624 sec, 16 copies (server sum 900.129 ms)
  done: 5 sizes x 1 run (0 failures)

Done. Batch rows appended to logs/warm_stepup/20260918T204804Z-d479ea/query_timing_tpch_idx.csv
Per-copy samples appended to logs/warm_stepup/20260918T204804Z-d479ea/query_samples_tpch_idx.csv
Last batch ended at epoch 1789766382.720 (PREV_END_EPOCH for the next invocation)
===== [51/159] queries/tpch/tpch-queries/q14/v1_materialized.sql run_id=E4F4BC406588CED0 =====
query_runner configuration:
  QUERY_DIR         = queries/tpch/tpch-queries/q14/v1_materialized.sql
  LOGS_DIR          = logs/warm_stepup/20260918T204804Z-d479ea  (query_timing_/query_samples_/query_catalog_tpch_idx.csv)
  DB_NAME / DB_USER = tpch_idx / postgres
  PGPORT            = 5434  (server reports 18.4)
  RUN_ID            = E4F4BC406588CED0
  WARMUP            = 2 single-copy warm-ups (the first primes the cache)
  BATCH_SIZES       = 1 2 4 8 16  x RUNS=1 measured batches each
  WORKERS           = (planner default)
  STATEMENT_TIMEOUT = 900
  THERMAL_EQUALISE  = gate (T_LO=55 T_HI=60 preheat<=60s cooldown<=120s)
  sensors           = pkg:/sys/class/hwmon/hwmon8/temp1_input cores:4 cpufreq:8 throttle:8/8
  SIGLESS_ADDR      = (disabled)
Found 1 query under queries/tpch/tpch-queries/q14/v1_materialized.sql

[1/1] queries/tpch/tpch-queries/q14/v1_materialized.sql (2 warmup + step-up 1 2 4 8 16 x1)
  thermal gate: pre-heated 5s -> 58.0 C
  warmup 1/2: 1.696128 sec (cache prime)
  warmup 2/2: 0.295751 sec
  N=1   batch 1/1: 0.296114 sec, 1 copy (server sum 226.586 ms)
  N=2   batch 1/1: 0.489940 sec, 2 copies (server sum 418.358 ms)
  N=4   batch 1/1: 0.867832 sec, 4 copies (server sum 793.623 ms)
  N=8   batch 1/1: 1.635951 sec, 8 copies (server sum 1553.566 ms)
  N=16  batch 1/1: 3.168827 sec, 16 copies (server sum 3078.982 ms)
  done: 5 sizes x 1 run (0 failures)

Done. Batch rows appended to logs/warm_stepup/20260918T204804Z-d479ea/query_timing_tpch_idx.csv
Per-copy samples appended to logs/warm_stepup/20260918T204804Z-d479ea/query_samples_tpch_idx.csv
Last batch ended at epoch 1789766400.650 (PREV_END_EPOCH for the next invocation)
===== [52/159] queries/tpch/tpch-queries/q02/v1_materialized.sql run_id=8798131D7B637648 =====
query_runner configuration:
  QUERY_DIR         = queries/tpch/tpch-queries/q02/v1_materialized.sql
  LOGS_DIR          = logs/warm_stepup/20260918T204804Z-d479ea  (query_timing_/query_samples_/query_catalog_tpch_idx.csv)
  DB_NAME / DB_USER = tpch_idx / postgres
  PGPORT            = 5434  (server reports 18.4)
  RUN_ID            = 8798131D7B637648
  WARMUP            = 2 single-copy warm-ups (the first primes the cache)
  BATCH_SIZES       = 1 2 4 8 16  x RUNS=1 measured batches each
  WORKERS           = (planner default)
  STATEMENT_TIMEOUT = 900
  THERMAL_EQUALISE  = gate (T_LO=55 T_HI=60 preheat<=60s cooldown<=120s)
  sensors           = pkg:/sys/class/hwmon/hwmon8/temp1_input cores:4 cpufreq:8 throttle:8/8
  SIGLESS_ADDR      = (disabled)
Found 1 query under queries/tpch/tpch-queries/q02/v1_materialized.sql

[1/1] queries/tpch/tpch-queries/q02/v1_materialized.sql (2 warmup + step-up 1 2 4 8 16 x1)
  thermal gate: pre-heated 5s -> 57.0 C
  warmup 1/2: 2.229837 sec (cache prime)
  warmup 2/2: 0.417769 sec
  N=1   batch 1/1: 0.371850 sec, 1 copy (server sum 299.442 ms)
  N=2   batch 1/1: 0.632005 sec, 2 copies (server sum 540.511 ms)
  N=4   batch 1/1: 1.159769 sec, 4 copies (server sum 1031.087 ms)
  N=8   batch 1/1: 2.083034 sec, 8 copies (server sum 1994.601 ms)
  N=16  batch 1/1: 4.068234 sec, 16 copies (server sum 3959.427 ms)
  done: 5 sizes x 1 run (0 failures)

Done. Batch rows appended to logs/warm_stepup/20260918T204804Z-d479ea/query_timing_tpch_idx.csv
Per-copy samples appended to logs/warm_stepup/20260918T204804Z-d479ea/query_samples_tpch_idx.csv
Last batch ended at epoch 1789766421.271 (PREV_END_EPOCH for the next invocation)
===== [53/159] queries/tpch/tpch-queries/q10/base.sql run_id=D56A17CC6015B75E =====
query_runner configuration:
  QUERY_DIR         = queries/tpch/tpch-queries/q10/base.sql
  LOGS_DIR          = logs/warm_stepup/20260918T204804Z-d479ea  (query_timing_/query_samples_/query_catalog_tpch_idx.csv)
  DB_NAME / DB_USER = tpch_idx / postgres
  PGPORT            = 5434  (server reports 18.4)
  RUN_ID            = D56A17CC6015B75E
  WARMUP            = 2 single-copy warm-ups (the first primes the cache)
  BATCH_SIZES       = 1 2 4 8 16  x RUNS=1 measured batches each
  WORKERS           = (planner default)
  STATEMENT_TIMEOUT = 900
  THERMAL_EQUALISE  = gate (T_LO=55 T_HI=60 preheat<=60s cooldown<=120s)
  sensors           = pkg:/sys/class/hwmon/hwmon8/temp1_input cores:4 cpufreq:8 throttle:8/8
  SIGLESS_ADDR      = (disabled)
Found 1 query under queries/tpch/tpch-queries/q10/base.sql

[1/1] queries/tpch/tpch-queries/q10/base.sql (2 warmup + step-up 1 2 4 8 16 x1)
  thermal gate: pre-heated 5s -> 57.0 C
  warmup 1/2: 2.738542 sec (cache prime)
  warmup 2/2: 0.634066 sec
  N=1   batch 1/1: 0.577733 sec, 1 copy (server sum 505.662 ms)
  N=2   batch 1/1: 1.049802 sec, 2 copies (server sum 952.528 ms)
  N=4   batch 1/1: 1.921870 sec, 4 copies (server sum 1842.120 ms)
  N=8   batch 1/1: 3.722217 sec, 8 copies (server sum 3631.544 ms)
  N=16  batch 1/1: 7.325612 sec, 16 copies (server sum 7214.102 ms)
  done: 5 sizes x 1 run (0 failures)

Done. Batch rows appended to logs/warm_stepup/20260918T204804Z-d479ea/query_timing_tpch_idx.csv
Per-copy samples appended to logs/warm_stepup/20260918T204804Z-d479ea/query_samples_tpch_idx.csv
Last batch ended at epoch 1789766448.579 (PREV_END_EPOCH for the next invocation)
===== [54/159] queries/tpch/tpch-queries/q04/v2_in.sql run_id=4C4EF382EBA84177 =====
query_runner configuration:
  QUERY_DIR         = queries/tpch/tpch-queries/q04/v2_in.sql
  LOGS_DIR          = logs/warm_stepup/20260918T204804Z-d479ea  (query_timing_/query_samples_/query_catalog_tpch_idx.csv)
  DB_NAME / DB_USER = tpch_idx / postgres
  PGPORT            = 5434  (server reports 18.4)
  RUN_ID            = 4C4EF382EBA84177
  WARMUP            = 2 single-copy warm-ups (the first primes the cache)
  BATCH_SIZES       = 1 2 4 8 16  x RUNS=1 measured batches each
  WORKERS           = (planner default)
  STATEMENT_TIMEOUT = 900
  THERMAL_EQUALISE  = gate (T_LO=55 T_HI=60 preheat<=60s cooldown<=120s)
  sensors           = pkg:/sys/class/hwmon/hwmon8/temp1_input cores:4 cpufreq:8 throttle:8/8
  SIGLESS_ADDR      = (disabled)
Found 1 query under queries/tpch/tpch-queries/q04/v2_in.sql

[1/1] queries/tpch/tpch-queries/q04/v2_in.sql (2 warmup + step-up 1 2 4 8 16 x1)
  thermal gate: pre-heated 5s -> 57.0 C
  warmup 1/2: 1.974311 sec (cache prime)
  warmup 2/2: 0.227246 sec
  N=1   batch 1/1: 0.227552 sec, 1 copy (server sum 156.716 ms)
  N=2   batch 1/1: 0.364780 sec, 2 copies (server sum 294.216 ms)
  N=4   batch 1/1: 0.654286 sec, 4 copies (server sum 570.621 ms)
  N=8   batch 1/1: 1.207149 sec, 8 copies (server sum 1129.293 ms)
  N=16  batch 1/1: 2.361221 sec, 16 copies (server sum 2221.944 ms)
  done: 5 sizes x 1 run (0 failures)

Done. Batch rows appended to logs/warm_stepup/20260918T204804Z-d479ea/query_timing_tpch_idx.csv
Per-copy samples appended to logs/warm_stepup/20260918T204804Z-d479ea/query_samples_tpch_idx.csv
Last batch ended at epoch 1789766465.420 (PREV_END_EPOCH for the next invocation)
===== [55/159] queries/tpch/tpch-queries/q18/base.sql run_id=8FA6806007D27E7A =====
query_runner configuration:
  QUERY_DIR         = queries/tpch/tpch-queries/q18/base.sql
  LOGS_DIR          = logs/warm_stepup/20260918T204804Z-d479ea  (query_timing_/query_samples_/query_catalog_tpch_idx.csv)
  DB_NAME / DB_USER = tpch_idx / postgres
  PGPORT            = 5434  (server reports 18.4)
  RUN_ID            = 8FA6806007D27E7A
  WARMUP            = 2 single-copy warm-ups (the first primes the cache)
  BATCH_SIZES       = 1 2 4 8 16  x RUNS=1 measured batches each
  WORKERS           = (planner default)
  STATEMENT_TIMEOUT = 900
  THERMAL_EQUALISE  = gate (T_LO=55 T_HI=60 preheat<=60s cooldown<=120s)
  sensors           = pkg:/sys/class/hwmon/hwmon8/temp1_input cores:4 cpufreq:8 throttle:8/8
  SIGLESS_ADDR      = (disabled)
Found 1 query under queries/tpch/tpch-queries/q18/base.sql

[1/1] queries/tpch/tpch-queries/q18/base.sql (2 warmup + step-up 1 2 4 8 16 x1)
  warmup 1/2: 8.385836 sec (cache prime)
  warmup 2/2: 6.888649 sec
  N=1   batch 1/1: 6.891600 sec, 1 copy (server sum 6819.389 ms)
  N=2   batch 1/1: 13.639137 sec, 2 copies (server sum 13564.687 ms)
  N=4   batch 1/1: 27.183308 sec, 4 copies (server sum 27104.130 ms)
  N=8   batch 1/1: 54.334401 sec, 8 copies (server sum 54232.294 ms)
  N=16  batch 1/1: 108.438718 sec, 16 copies (server sum 108316.526 ms)
  done: 5 sizes x 1 run (0 failures)

Done. Batch rows appended to logs/warm_stepup/20260918T204804Z-d479ea/query_timing_tpch_idx.csv
Per-copy samples appended to logs/warm_stepup/20260918T204804Z-d479ea/query_samples_tpch_idx.csv
Last batch ended at epoch 1789766695.927 (PREV_END_EPOCH for the next invocation)
===== [56/159] queries/tpch/tpch-queries/q14/v2_filter.sql run_id=D3E92F30209D960B =====
query_runner configuration:
  QUERY_DIR         = queries/tpch/tpch-queries/q14/v2_filter.sql
  LOGS_DIR          = logs/warm_stepup/20260918T204804Z-d479ea  (query_timing_/query_samples_/query_catalog_tpch_idx.csv)
  DB_NAME / DB_USER = tpch_idx / postgres
  PGPORT            = 5434  (server reports 18.4)
  RUN_ID            = D3E92F30209D960B
  WARMUP            = 2 single-copy warm-ups (the first primes the cache)
  BATCH_SIZES       = 1 2 4 8 16  x RUNS=1 measured batches each
  WORKERS           = (planner default)
  STATEMENT_TIMEOUT = 900
  THERMAL_EQUALISE  = gate (T_LO=55 T_HI=60 preheat<=60s cooldown<=120s)
  sensors           = pkg:/sys/class/hwmon/hwmon8/temp1_input cores:4 cpufreq:8 throttle:8/8
  SIGLESS_ADDR      = (disabled)
Found 1 query under queries/tpch/tpch-queries/q14/v2_filter.sql

[1/1] queries/tpch/tpch-queries/q14/v2_filter.sql (2 warmup + step-up 1 2 4 8 16 x1)
  warmup 1/2: 1.465933 sec (cache prime)
  warmup 2/2: 0.299251 sec
  N=1   batch 1/1: 0.295039 sec, 1 copy (server sum 225.142 ms)
  N=2   batch 1/1: 0.480887 sec, 2 copies (server sum 409.738 ms)
  N=4   batch 1/1: 0.887780 sec, 4 copies (server sum 812.212 ms)
  N=8   batch 1/1: 1.664005 sec, 8 copies (server sum 1585.022 ms)
  N=16  batch 1/1: 3.189296 sec, 16 copies (server sum 3095.587 ms)
  done: 5 sizes x 1 run (0 failures)

Done. Batch rows appended to logs/warm_stepup/20260918T204804Z-d479ea/query_timing_tpch_idx.csv
Per-copy samples appended to logs/warm_stepup/20260918T204804Z-d479ea/query_samples_tpch_idx.csv
Last batch ended at epoch 1789766708.613 (PREV_END_EPOCH for the next invocation)
===== [57/159] queries/tpch/tpch-queries/q21/v1_materialized.sql run_id=8684E8FAF8184879 =====
query_runner configuration:
  QUERY_DIR         = queries/tpch/tpch-queries/q21/v1_materialized.sql
  LOGS_DIR          = logs/warm_stepup/20260918T204804Z-d479ea  (query_timing_/query_samples_/query_catalog_tpch_idx.csv)
  DB_NAME / DB_USER = tpch_idx / postgres
  PGPORT            = 5434  (server reports 18.4)
  RUN_ID            = 8684E8FAF8184879
  WARMUP            = 2 single-copy warm-ups (the first primes the cache)
  BATCH_SIZES       = 1 2 4 8 16  x RUNS=1 measured batches each
  WORKERS           = (planner default)
  STATEMENT_TIMEOUT = 900
  THERMAL_EQUALISE  = gate (T_LO=55 T_HI=60 preheat<=60s cooldown<=120s)
  sensors           = pkg:/sys/class/hwmon/hwmon8/temp1_input cores:4 cpufreq:8 throttle:8/8
  SIGLESS_ADDR      = (disabled)
Found 1 query under queries/tpch/tpch-queries/q21/v1_materialized.sql

[1/1] queries/tpch/tpch-queries/q21/v1_materialized.sql (2 warmup + step-up 1 2 4 8 16 x1)
  warmup 1/2: 12.907620 sec (cache prime)
  warmup 2/2: 0.730899 sec
  N=1   batch 1/1: 0.727423 sec, 1 copy (server sum 655.074 ms)
  N=2   batch 1/1: 1.307925 sec, 2 copies (server sum 1232.377 ms)
  N=4   batch 1/1: 2.483370 sec, 4 copies (server sum 2401.524 ms)
  N=8   batch 1/1: 4.905082 sec, 8 copies (server sum 4761.900 ms)
  N=16  batch 1/1: 9.586057 sec, 16 copies (server sum 9468.154 ms)
  done: 5 sizes x 1 run (0 failures)

Done. Batch rows appended to logs/warm_stepup/20260918T204804Z-d479ea/query_timing_tpch_idx.csv
Per-copy samples appended to logs/warm_stepup/20260918T204804Z-d479ea/query_samples_tpch_idx.csv
Last batch ended at epoch 1789766745.379 (PREV_END_EPOCH for the next invocation)
===== [58/159] queries/tpch/tpch-queries/q14/v2_filter.sql run_id=E13B6413DA64F213 =====
query_runner configuration:
  QUERY_DIR         = queries/tpch/tpch-queries/q14/v2_filter.sql
  LOGS_DIR          = logs/warm_stepup/20260918T204804Z-d479ea  (query_timing_/query_samples_/query_catalog_tpch_idx.csv)
  DB_NAME / DB_USER = tpch_idx / postgres
  PGPORT            = 5434  (server reports 18.4)
  RUN_ID            = E13B6413DA64F213
  WARMUP            = 2 single-copy warm-ups (the first primes the cache)
  BATCH_SIZES       = 1 2 4 8 16  x RUNS=1 measured batches each
  WORKERS           = (planner default)
  STATEMENT_TIMEOUT = 900
  THERMAL_EQUALISE  = gate (T_LO=55 T_HI=60 preheat<=60s cooldown<=120s)
  sensors           = pkg:/sys/class/hwmon/hwmon8/temp1_input cores:4 cpufreq:8 throttle:8/8
  SIGLESS_ADDR      = (disabled)
Found 1 query under queries/tpch/tpch-queries/q14/v2_filter.sql

[1/1] queries/tpch/tpch-queries/q14/v2_filter.sql (2 warmup + step-up 1 2 4 8 16 x1)
  warmup 1/2: 1.657704 sec (cache prime)
  warmup 2/2: 0.293055 sec
  N=1   batch 1/1: 0.345041 sec, 1 copy (server sum 223.795 ms)
  N=2   batch 1/1: 0.483181 sec, 2 copies (server sum 412.765 ms)
  N=4   batch 1/1: 0.874809 sec, 4 copies (server sum 800.817 ms)
  N=8   batch 1/1: 1.625433 sec, 8 copies (server sum 1544.530 ms)
  N=16  batch 1/1: 3.146074 sec, 16 copies (server sum 3054.973 ms)
  done: 5 sizes x 1 run (0 failures)

Done. Batch rows appended to logs/warm_stepup/20260918T204804Z-d479ea/query_timing_tpch_idx.csv
Per-copy samples appended to logs/warm_stepup/20260918T204804Z-d479ea/query_samples_tpch_idx.csv
Last batch ended at epoch 1789766758.749 (PREV_END_EPOCH for the next invocation)
===== [59/159] queries/tpch/tpch-queries/q02/base.sql run_id=9299A82D34B49050 =====
query_runner configuration:
  QUERY_DIR         = queries/tpch/tpch-queries/q02/base.sql
  LOGS_DIR          = logs/warm_stepup/20260918T204804Z-d479ea  (query_timing_/query_samples_/query_catalog_tpch_idx.csv)
  DB_NAME / DB_USER = tpch_idx / postgres
  PGPORT            = 5434  (server reports 18.4)
  RUN_ID            = 9299A82D34B49050
  WARMUP            = 2 single-copy warm-ups (the first primes the cache)
  BATCH_SIZES       = 1 2 4 8 16  x RUNS=1 measured batches each
  WORKERS           = (planner default)
  STATEMENT_TIMEOUT = 900
  THERMAL_EQUALISE  = gate (T_LO=55 T_HI=60 preheat<=60s cooldown<=120s)
  sensors           = pkg:/sys/class/hwmon/hwmon8/temp1_input cores:4 cpufreq:8 throttle:8/8
  SIGLESS_ADDR      = (disabled)
Found 1 query under queries/tpch/tpch-queries/q02/base.sql

[1/1] queries/tpch/tpch-queries/q02/base.sql (2 warmup + step-up 1 2 4 8 16 x1)
  warmup 1/2: 0.994302 sec (cache prime)
  warmup 2/2: 0.354102 sec
  N=1   batch 1/1: 0.355319 sec, 1 copy (server sum 283.812 ms)
  N=2   batch 1/1: 0.589001 sec, 2 copies (server sum 513.133 ms)
  N=4   batch 1/1: 1.087268 sec, 4 copies (server sum 973.345 ms)
  N=8   batch 1/1: 1.993507 sec, 8 copies (server sum 1902.508 ms)
  N=16  batch 1/1: 3.908800 sec, 16 copies (server sum 3763.822 ms)
  done: 5 sizes x 1 run (0 failures)

Done. Batch rows appended to logs/warm_stepup/20260918T204804Z-d479ea/query_timing_tpch_idx.csv
Per-copy samples appended to logs/warm_stepup/20260918T204804Z-d479ea/query_samples_tpch_idx.csv
Last batch ended at epoch 1789766772.086 (PREV_END_EPOCH for the next invocation)
===== [60/159] queries/tpch/tpch-queries/q15/base.sql run_id=011B5D35FE06752A =====
query_runner configuration:
  QUERY_DIR         = queries/tpch/tpch-queries/q15/base.sql
  LOGS_DIR          = logs/warm_stepup/20260918T204804Z-d479ea  (query_timing_/query_samples_/query_catalog_tpch_idx.csv)
  DB_NAME / DB_USER = tpch_idx / postgres
  PGPORT            = 5434  (server reports 18.4)
  RUN_ID            = 011B5D35FE06752A
  WARMUP            = 2 single-copy warm-ups (the first primes the cache)
  BATCH_SIZES       = 1 2 4 8 16  x RUNS=1 measured batches each
  WORKERS           = (planner default)
  STATEMENT_TIMEOUT = 900
  THERMAL_EQUALISE  = gate (T_LO=55 T_HI=60 preheat<=60s cooldown<=120s)
  sensors           = pkg:/sys/class/hwmon/hwmon8/temp1_input cores:4 cpufreq:8 throttle:8/8
  SIGLESS_ADDR      = (disabled)
Found 1 query under queries/tpch/tpch-queries/q15/base.sql

[1/1] queries/tpch/tpch-queries/q15/base.sql (2 warmup + step-up 1 2 4 8 16 x1)
  thermal gate: pre-heated 5s -> 58.0 C
  warmup 1/2: 2.404314 sec (cache prime)
  warmup 2/2: 0.486247 sec
  N=1   batch 1/1: 0.486802 sec, 1 copy (server sum 417.178 ms)
  N=2   batch 1/1: 0.814287 sec, 2 copies (server sum 743.732 ms)
  N=4   batch 1/1: 1.457920 sec, 4 copies (server sum 1384.717 ms)
  N=8   batch 1/1: 2.781511 sec, 8 copies (server sum 2704.085 ms)
  N=16  batch 1/1: 5.404929 sec, 16 copies (server sum 5296.290 ms)
  done: 5 sizes x 1 run (0 failures)

Done. Batch rows appended to logs/warm_stepup/20260918T204804Z-d479ea/query_timing_tpch_idx.csv
Per-copy samples appended to logs/warm_stepup/20260918T204804Z-d479ea/query_samples_tpch_idx.csv
Last batch ended at epoch 1789766795.183 (PREV_END_EPOCH for the next invocation)
===== [61/159] queries/tpch/tpch-queries/q02/base.sql run_id=0E0EDF3B0B3DF500 =====
query_runner configuration:
  QUERY_DIR         = queries/tpch/tpch-queries/q02/base.sql
  LOGS_DIR          = logs/warm_stepup/20260918T204804Z-d479ea  (query_timing_/query_samples_/query_catalog_tpch_idx.csv)
  DB_NAME / DB_USER = tpch_idx / postgres
  PGPORT            = 5434  (server reports 18.4)
  RUN_ID            = 0E0EDF3B0B3DF500
  WARMUP            = 2 single-copy warm-ups (the first primes the cache)
  BATCH_SIZES       = 1 2 4 8 16  x RUNS=1 measured batches each
  WORKERS           = (planner default)
  STATEMENT_TIMEOUT = 900
  THERMAL_EQUALISE  = gate (T_LO=55 T_HI=60 preheat<=60s cooldown<=120s)
  sensors           = pkg:/sys/class/hwmon/hwmon8/temp1_input cores:4 cpufreq:8 throttle:8/8
  SIGLESS_ADDR      = (disabled)
Found 1 query under queries/tpch/tpch-queries/q02/base.sql

[1/1] queries/tpch/tpch-queries/q02/base.sql (2 warmup + step-up 1 2 4 8 16 x1)
  thermal gate: pre-heated 5s -> 57.0 C
  warmup 1/2: 1.059974 sec (cache prime)
  warmup 2/2: 0.351318 sec
  N=1   batch 1/1: 0.352473 sec, 1 copy (server sum 279.553 ms)
  N=2   batch 1/1: 0.590271 sec, 2 copies (server sum 515.650 ms)
  N=4   batch 1/1: 1.054056 sec, 4 copies (server sum 973.721 ms)
  N=8   batch 1/1: 1.981164 sec, 8 copies (server sum 1890.293 ms)
  N=16  batch 1/1: 3.900188 sec, 16 copies (server sum 3726.280 ms)
  done: 5 sizes x 1 run (0 failures)

Done. Batch rows appended to logs/warm_stepup/20260918T204804Z-d479ea/query_timing_tpch_idx.csv
Per-copy samples appended to logs/warm_stepup/20260918T204804Z-d479ea/query_samples_tpch_idx.csv
Last batch ended at epoch 1789766813.907 (PREV_END_EPOCH for the next invocation)
===== [62/159] queries/tpch/tpch-queries/q17/v2_decorrelate.sql run_id=F9855E0E4D62E492 =====
query_runner configuration:
  QUERY_DIR         = queries/tpch/tpch-queries/q17/v2_decorrelate.sql
  LOGS_DIR          = logs/warm_stepup/20260918T204804Z-d479ea  (query_timing_/query_samples_/query_catalog_tpch_idx.csv)
  DB_NAME / DB_USER = tpch_idx / postgres
  PGPORT            = 5434  (server reports 18.4)
  RUN_ID            = F9855E0E4D62E492
  WARMUP            = 2 single-copy warm-ups (the first primes the cache)
  BATCH_SIZES       = 1 2 4 8 16  x RUNS=1 measured batches each
  WORKERS           = (planner default)
  STATEMENT_TIMEOUT = 900
  THERMAL_EQUALISE  = gate (T_LO=55 T_HI=60 preheat<=60s cooldown<=120s)
  sensors           = pkg:/sys/class/hwmon/hwmon8/temp1_input cores:4 cpufreq:8 throttle:8/8
  SIGLESS_ADDR      = (disabled)
Found 1 query under queries/tpch/tpch-queries/q17/v2_decorrelate.sql

[1/1] queries/tpch/tpch-queries/q17/v2_decorrelate.sql (2 warmup + step-up 1 2 4 8 16 x1)
  thermal gate: pre-heated 5s -> 56.0 C
  warmup 1/2: 5.178951 sec (cache prime)
  warmup 2/2: 4.565103 sec
  N=1   batch 1/1: 4.594663 sec, 1 copy (server sum 4524.597 ms)
  N=2   batch 1/1: 9.045565 sec, 2 copies (server sum 8946.341 ms)
  N=4   batch 1/1: 17.828440 sec, 4 copies (server sum 17752.657 ms)
  N=8   batch 1/1: 35.557521 sec, 8 copies (server sum 35464.046 ms)
  N=16  batch 1/1: 70.407736 sec, 16 copies (server sum 70317.002 ms)
  done: 5 sizes x 1 run (0 failures)

Done. Batch rows appended to logs/warm_stepup/20260918T204804Z-d479ea/query_timing_tpch_idx.csv
Per-copy samples appended to logs/warm_stepup/20260918T204804Z-d479ea/query_samples_tpch_idx.csv
Last batch ended at epoch 1789766970.194 (PREV_END_EPOCH for the next invocation)
===== [63/159] queries/tpch/tpch-queries/q21/base.sql run_id=164DE950813693A1 =====
query_runner configuration:
  QUERY_DIR         = queries/tpch/tpch-queries/q21/base.sql
  LOGS_DIR          = logs/warm_stepup/20260918T204804Z-d479ea  (query_timing_/query_samples_/query_catalog_tpch_idx.csv)
  DB_NAME / DB_USER = tpch_idx / postgres
  PGPORT            = 5434  (server reports 18.4)
  RUN_ID            = 164DE950813693A1
  WARMUP            = 2 single-copy warm-ups (the first primes the cache)
  BATCH_SIZES       = 1 2 4 8 16  x RUNS=1 measured batches each
  WORKERS           = (planner default)
  STATEMENT_TIMEOUT = 900
  THERMAL_EQUALISE  = gate (T_LO=55 T_HI=60 preheat<=60s cooldown<=120s)
  sensors           = pkg:/sys/class/hwmon/hwmon8/temp1_input cores:4 cpufreq:8 throttle:8/8
  SIGLESS_ADDR      = (disabled)
Found 1 query under queries/tpch/tpch-queries/q21/base.sql

[1/1] queries/tpch/tpch-queries/q21/base.sql (2 warmup + step-up 1 2 4 8 16 x1)
  thermal gate: pre-heated 10s -> 55.0 C
  warmup 1/2: 12.841505 sec (cache prime)
  warmup 2/2: 0.725650 sec
  N=1   batch 1/1: 0.733819 sec, 1 copy (server sum 659.241 ms)
  N=2   batch 1/1: 1.316354 sec, 2 copies (server sum 1238.909 ms)
  N=4   batch 1/1: 2.564968 sec, 4 copies (server sum 2414.821 ms)
  N=8   batch 1/1: 4.920248 sec, 8 copies (server sum 4762.462 ms)
  N=16  batch 1/1: 9.581510 sec, 16 copies (server sum 9451.101 ms)
  done: 5 sizes x 1 run (0 failures)

Done. Batch rows appended to logs/warm_stepup/20260918T204804Z-d479ea/query_timing_tpch_idx.csv
Per-copy samples appended to logs/warm_stepup/20260918T204804Z-d479ea/query_samples_tpch_idx.csv
Last batch ended at epoch 1789767017.594 (PREV_END_EPOCH for the next invocation)
===== [64/159] queries/tpch/tpch-queries/q16/base.sql run_id=B01D3DBCCB16D27F =====
query_runner configuration:
  QUERY_DIR         = queries/tpch/tpch-queries/q16/base.sql
  LOGS_DIR          = logs/warm_stepup/20260918T204804Z-d479ea  (query_timing_/query_samples_/query_catalog_tpch_idx.csv)
  DB_NAME / DB_USER = tpch_idx / postgres
  PGPORT            = 5434  (server reports 18.4)
  RUN_ID            = B01D3DBCCB16D27F
  WARMUP            = 2 single-copy warm-ups (the first primes the cache)
  BATCH_SIZES       = 1 2 4 8 16  x RUNS=1 measured batches each
  WORKERS           = (planner default)
  STATEMENT_TIMEOUT = 900
  THERMAL_EQUALISE  = gate (T_LO=55 T_HI=60 preheat<=60s cooldown<=120s)
  sensors           = pkg:/sys/class/hwmon/hwmon8/temp1_input cores:4 cpufreq:8 throttle:8/8
  SIGLESS_ADDR      = (disabled)
Found 1 query under queries/tpch/tpch-queries/q16/base.sql

[1/1] queries/tpch/tpch-queries/q16/base.sql (2 warmup + step-up 1 2 4 8 16 x1)
  thermal gate: pre-heated 5s -> 57.0 C
  warmup 1/2: 0.732034 sec (cache prime)
  warmup 2/2: 0.454193 sec
  N=1   batch 1/1: 0.468825 sec, 1 copy (server sum 398.398 ms)
  N=2   batch 1/1: 0.869131 sec, 2 copies (server sum 796.525 ms)
  N=4   batch 1/1: 1.640285 sec, 4 copies (server sum 1564.379 ms)
  N=8   batch 1/1: 3.220038 sec, 8 copies (server sum 3138.984 ms)
  N=16  batch 1/1: 6.396166 sec, 16 copies (server sum 6302.267 ms)
  done: 5 sizes x 1 run (0 failures)

Done. Batch rows appended to logs/warm_stepup/20260918T204804Z-d479ea/query_timing_tpch_idx.csv
Per-copy samples appended to logs/warm_stepup/20260918T204804Z-d479ea/query_samples_tpch_idx.csv
Last batch ended at epoch 1789767041.430 (PREV_END_EPOCH for the next invocation)
===== [65/159] queries/tpch/tpch-queries/q18/v2_join.sql run_id=EC6D58F914F98C62 =====
query_runner configuration:
  QUERY_DIR         = queries/tpch/tpch-queries/q18/v2_join.sql
  LOGS_DIR          = logs/warm_stepup/20260918T204804Z-d479ea  (query_timing_/query_samples_/query_catalog_tpch_idx.csv)
  DB_NAME / DB_USER = tpch_idx / postgres
  PGPORT            = 5434  (server reports 18.4)
  RUN_ID            = EC6D58F914F98C62
  WARMUP            = 2 single-copy warm-ups (the first primes the cache)
  BATCH_SIZES       = 1 2 4 8 16  x RUNS=1 measured batches each
  WORKERS           = (planner default)
  STATEMENT_TIMEOUT = 900
  THERMAL_EQUALISE  = gate (T_LO=55 T_HI=60 preheat<=60s cooldown<=120s)
  sensors           = pkg:/sys/class/hwmon/hwmon8/temp1_input cores:4 cpufreq:8 throttle:8/8
  SIGLESS_ADDR      = (disabled)
Found 1 query under queries/tpch/tpch-queries/q18/v2_join.sql

[1/1] queries/tpch/tpch-queries/q18/v2_join.sql (2 warmup + step-up 1 2 4 8 16 x1)
  thermal gate: pre-heated 5s -> 57.0 C
  warmup 1/2: 8.122829 sec (cache prime)
  warmup 2/2: 6.855464 sec
  N=1   batch 1/1: 6.909290 sec, 1 copy (server sum 6785.339 ms)
  N=2   batch 1/1: 13.704572 sec, 2 copies (server sum 13630.510 ms)
  N=4   batch 1/1: 27.229667 sec, 4 copies (server sum 27104.582 ms)
  N=8   batch 1/1: 54.015899 sec, 8 copies (server sum 53916.333 ms)
  N=16  batch 1/1: 108.650943 sec, 16 copies (server sum 108483.689 ms)
  done: 5 sizes x 1 run (0 failures)

Done. Batch rows appended to logs/warm_stepup/20260918T204804Z-d479ea/query_timing_tpch_idx.csv
Per-copy samples appended to logs/warm_stepup/20260918T204804Z-d479ea/query_samples_tpch_idx.csv
Last batch ended at epoch 1789767276.171 (PREV_END_EPOCH for the next invocation)
===== [66/159] queries/tpch/tpch-queries/q07/v1_materialized.sql run_id=08016D84C51B23F7 =====
query_runner configuration:
  QUERY_DIR         = queries/tpch/tpch-queries/q07/v1_materialized.sql
  LOGS_DIR          = logs/warm_stepup/20260918T204804Z-d479ea  (query_timing_/query_samples_/query_catalog_tpch_idx.csv)
  DB_NAME / DB_USER = tpch_idx / postgres
  PGPORT            = 5434  (server reports 18.4)
  RUN_ID            = 08016D84C51B23F7
  WARMUP            = 2 single-copy warm-ups (the first primes the cache)
  BATCH_SIZES       = 1 2 4 8 16  x RUNS=1 measured batches each
  WORKERS           = (planner default)
  STATEMENT_TIMEOUT = 900
  THERMAL_EQUALISE  = gate (T_LO=55 T_HI=60 preheat<=60s cooldown<=120s)
  sensors           = pkg:/sys/class/hwmon/hwmon8/temp1_input cores:4 cpufreq:8 throttle:8/8
  SIGLESS_ADDR      = (disabled)
Found 1 query under queries/tpch/tpch-queries/q07/v1_materialized.sql

[1/1] queries/tpch/tpch-queries/q07/v1_materialized.sql (2 warmup + step-up 1 2 4 8 16 x1)
  warmup 1/2: 14.341096 sec (cache prime)
  warmup 2/2: 0.935016 sec
  N=1   batch 1/1: 0.920944 sec, 1 copy (server sum 846.727 ms)
  N=2   batch 1/1: 1.720920 sec, 2 copies (server sum 1642.030 ms)
  N=4   batch 1/1: 3.326929 sec, 4 copies (server sum 3238.790 ms)
  N=8   batch 1/1: 6.547068 sec, 8 copies (server sum 6438.008 ms)
  N=16  batch 1/1: 12.999582 sec, 16 copies (server sum 12854.156 ms)
  done: 5 sizes x 1 run (0 failures)

Done. Batch rows appended to logs/warm_stepup/20260918T204804Z-d479ea/query_timing_tpch_idx.csv
Per-copy samples appended to logs/warm_stepup/20260918T204804Z-d479ea/query_samples_tpch_idx.csv
Last batch ended at epoch 1789767321.525 (PREV_END_EPOCH for the next invocation)
===== [67/159] queries/tpch/tpch-queries/q16/v1_materialized.sql run_id=6462259E7AD20CC9 =====
query_runner configuration:
  QUERY_DIR         = queries/tpch/tpch-queries/q16/v1_materialized.sql
  LOGS_DIR          = logs/warm_stepup/20260918T204804Z-d479ea  (query_timing_/query_samples_/query_catalog_tpch_idx.csv)
  DB_NAME / DB_USER = tpch_idx / postgres
  PGPORT            = 5434  (server reports 18.4)
  RUN_ID            = 6462259E7AD20CC9
  WARMUP            = 2 single-copy warm-ups (the first primes the cache)
  BATCH_SIZES       = 1 2 4 8 16  x RUNS=1 measured batches each
  WORKERS           = (planner default)
  STATEMENT_TIMEOUT = 900
  THERMAL_EQUALISE  = gate (T_LO=55 T_HI=60 preheat<=60s cooldown<=120s)
  sensors           = pkg:/sys/class/hwmon/hwmon8/temp1_input cores:4 cpufreq:8 throttle:8/8
  SIGLESS_ADDR      = (disabled)
Found 1 query under queries/tpch/tpch-queries/q16/v1_materialized.sql

[1/1] queries/tpch/tpch-queries/q16/v1_materialized.sql (2 warmup + step-up 1 2 4 8 16 x1)
  warmup 1/2: 0.767438 sec (cache prime)
  warmup 2/2: 0.468941 sec
  N=1   batch 1/1: 0.478965 sec, 1 copy (server sum 408.213 ms)
  N=2   batch 1/1: 0.927309 sec, 2 copies (server sum 806.715 ms)
  N=4   batch 1/1: 1.703796 sec, 4 copies (server sum 1629.007 ms)
  N=8   batch 1/1: 3.306452 sec, 8 copies (server sum 3179.198 ms)
  N=16  batch 1/1: 6.486771 sec, 16 copies (server sum 6395.486 ms)
  done: 5 sizes x 1 run (0 failures)

Done. Batch rows appended to logs/warm_stepup/20260918T204804Z-d479ea/query_timing_tpch_idx.csv
Per-copy samples appended to logs/warm_stepup/20260918T204804Z-d479ea/query_samples_tpch_idx.csv
Last batch ended at epoch 1789767340.529 (PREV_END_EPOCH for the next invocation)
===== [68/159] queries/tpch/tpch-queries/q12/base.sql run_id=7D30DBC5E12B4D4F =====
query_runner configuration:
  QUERY_DIR         = queries/tpch/tpch-queries/q12/base.sql
  LOGS_DIR          = logs/warm_stepup/20260918T204804Z-d479ea  (query_timing_/query_samples_/query_catalog_tpch_idx.csv)
  DB_NAME / DB_USER = tpch_idx / postgres
  PGPORT            = 5434  (server reports 18.4)
  RUN_ID            = 7D30DBC5E12B4D4F
  WARMUP            = 2 single-copy warm-ups (the first primes the cache)
  BATCH_SIZES       = 1 2 4 8 16  x RUNS=1 measured batches each
  WORKERS           = (planner default)
  STATEMENT_TIMEOUT = 900
  THERMAL_EQUALISE  = gate (T_LO=55 T_HI=60 preheat<=60s cooldown<=120s)
  sensors           = pkg:/sys/class/hwmon/hwmon8/temp1_input cores:4 cpufreq:8 throttle:8/8
  SIGLESS_ADDR      = (disabled)
Found 1 query under queries/tpch/tpch-queries/q12/base.sql

[1/1] queries/tpch/tpch-queries/q12/base.sql (2 warmup + step-up 1 2 4 8 16 x1)
  warmup 1/2: 1.921129 sec (cache prime)
  warmup 2/2: 0.556640 sec
  N=1   batch 1/1: 0.560011 sec, 1 copy (server sum 489.428 ms)
  N=2   batch 1/1: 1.002816 sec, 2 copies (server sum 925.640 ms)
  N=4   batch 1/1: 1.901294 sec, 4 copies (server sum 1827.867 ms)
  N=8   batch 1/1: 3.710269 sec, 8 copies (server sum 3629.021 ms)
  N=16  batch 1/1: 7.180396 sec, 16 copies (server sum 7087.243 ms)
  done: 5 sizes x 1 run (0 failures)

Done. Batch rows appended to logs/warm_stepup/20260918T204804Z-d479ea/query_timing_tpch_idx.csv
Per-copy samples appended to logs/warm_stepup/20260918T204804Z-d479ea/query_samples_tpch_idx.csv
Last batch ended at epoch 1789767361.417 (PREV_END_EPOCH for the next invocation)
===== [69/159] queries/tpch/tpch-queries/q15/v1_materialized.sql run_id=95E88CB1930002D0 =====
query_runner configuration:
  QUERY_DIR         = queries/tpch/tpch-queries/q15/v1_materialized.sql
  LOGS_DIR          = logs/warm_stepup/20260918T204804Z-d479ea  (query_timing_/query_samples_/query_catalog_tpch_idx.csv)
  DB_NAME / DB_USER = tpch_idx / postgres
  PGPORT            = 5434  (server reports 18.4)
  RUN_ID            = 95E88CB1930002D0
  WARMUP            = 2 single-copy warm-ups (the first primes the cache)
  BATCH_SIZES       = 1 2 4 8 16  x RUNS=1 measured batches each
  WORKERS           = (planner default)
  STATEMENT_TIMEOUT = 900
  THERMAL_EQUALISE  = gate (T_LO=55 T_HI=60 preheat<=60s cooldown<=120s)
  sensors           = pkg:/sys/class/hwmon/hwmon8/temp1_input cores:4 cpufreq:8 throttle:8/8
  SIGLESS_ADDR      = (disabled)
Found 1 query under queries/tpch/tpch-queries/q15/v1_materialized.sql

[1/1] queries/tpch/tpch-queries/q15/v1_materialized.sql (2 warmup + step-up 1 2 4 8 16 x1)
  warmup 1/2: 2.361044 sec (cache prime)
  warmup 2/2: 0.481266 sec
  N=1   batch 1/1: 0.480888 sec, 1 copy (server sum 411.068 ms)
  N=2   batch 1/1: 0.807075 sec, 2 copies (server sum 736.228 ms)
  N=4   batch 1/1: 1.449601 sec, 4 copies (server sum 1375.616 ms)
  N=8   batch 1/1: 2.744144 sec, 8 copies (server sum 2666.201 ms)
  N=16  batch 1/1: 5.308332 sec, 16 copies (server sum 5221.308 ms)
  done: 5 sizes x 1 run (0 failures)

Done. Batch rows appended to logs/warm_stepup/20260918T204804Z-d479ea/query_timing_tpch_idx.csv
Per-copy samples appended to logs/warm_stepup/20260918T204804Z-d479ea/query_samples_tpch_idx.csv
Last batch ended at epoch 1789767379.881 (PREV_END_EPOCH for the next invocation)
===== [70/159] queries/tpch/tpch-queries/q09/base.sql run_id=1A112D092E1514FE =====
query_runner configuration:
  QUERY_DIR         = queries/tpch/tpch-queries/q09/base.sql
  LOGS_DIR          = logs/warm_stepup/20260918T204804Z-d479ea  (query_timing_/query_samples_/query_catalog_tpch_idx.csv)
  DB_NAME / DB_USER = tpch_idx / postgres
  PGPORT            = 5434  (server reports 18.4)
  RUN_ID            = 1A112D092E1514FE
  WARMUP            = 2 single-copy warm-ups (the first primes the cache)
  BATCH_SIZES       = 1 2 4 8 16  x RUNS=1 measured batches each
  WORKERS           = (planner default)
  STATEMENT_TIMEOUT = 900
  THERMAL_EQUALISE  = gate (T_LO=55 T_HI=60 preheat<=60s cooldown<=120s)
  sensors           = pkg:/sys/class/hwmon/hwmon8/temp1_input cores:4 cpufreq:8 throttle:8/8
  SIGLESS_ADDR      = (disabled)
Found 1 query under queries/tpch/tpch-queries/q09/base.sql

[1/1] queries/tpch/tpch-queries/q09/base.sql (2 warmup + step-up 1 2 4 8 16 x1)
  thermal gate: pre-heated 5s -> 57.0 C
  warmup 1/2: 10.142136 sec (cache prime)
  warmup 2/2: 1.740051 sec
  N=1   batch 1/1: 1.720064 sec, 1 copy (server sum 1645.073 ms)
  N=2   batch 1/1: 3.339540 sec, 2 copies (server sum 3258.999 ms)
  N=4   batch 1/1: 6.559758 sec, 4 copies (server sum 6467.706 ms)
  N=8   batch 1/1: 13.028973 sec, 8 copies (server sum 12918.812 ms)
  N=16  batch 1/1: 26.222530 sec, 16 copies (server sum 25974.732 ms)
  done: 5 sizes x 1 run (0 failures)

Done. Batch rows appended to logs/warm_stepup/20260918T204804Z-d479ea/query_timing_tpch_idx.csv
Per-copy samples appended to logs/warm_stepup/20260918T204804Z-d479ea/query_samples_tpch_idx.csv
Last batch ended at epoch 1789767451.837 (PREV_END_EPOCH for the next invocation)
===== [71/159] queries/tpch/tpch-queries/q04/v1_materialized.sql run_id=888D2D636CA42E30 =====
query_runner configuration:
  QUERY_DIR         = queries/tpch/tpch-queries/q04/v1_materialized.sql
  LOGS_DIR          = logs/warm_stepup/20260918T204804Z-d479ea  (query_timing_/query_samples_/query_catalog_tpch_idx.csv)
  DB_NAME / DB_USER = tpch_idx / postgres
  PGPORT            = 5434  (server reports 18.4)
  RUN_ID            = 888D2D636CA42E30
  WARMUP            = 2 single-copy warm-ups (the first primes the cache)
  BATCH_SIZES       = 1 2 4 8 16  x RUNS=1 measured batches each
  WORKERS           = (planner default)
  STATEMENT_TIMEOUT = 900
  THERMAL_EQUALISE  = gate (T_LO=55 T_HI=60 preheat<=60s cooldown<=120s)
  sensors           = pkg:/sys/class/hwmon/hwmon8/temp1_input cores:4 cpufreq:8 throttle:8/8
  SIGLESS_ADDR      = (disabled)
Found 1 query under queries/tpch/tpch-queries/q04/v1_materialized.sql

[1/1] queries/tpch/tpch-queries/q04/v1_materialized.sql (2 warmup + step-up 1 2 4 8 16 x1)
  thermal gate: pre-heated 5s -> 58.0 C
  warmup 1/2: 1.966088 sec (cache prime)
  warmup 2/2: 0.233476 sec
  N=1   batch 1/1: 0.226746 sec, 1 copy (server sum 157.132 ms)
  N=2   batch 1/1: 0.362873 sec, 2 copies (server sum 292.147 ms)
  N=4   batch 1/1: 0.644265 sec, 4 copies (server sum 563.300 ms)
  N=8   batch 1/1: 1.192485 sec, 8 copies (server sum 1111.273 ms)
  N=16  batch 1/1: 2.335907 sec, 16 copies (server sum 2211.387 ms)
  done: 5 sizes x 1 run (0 failures)

Done. Batch rows appended to logs/warm_stepup/20260918T204804Z-d479ea/query_timing_tpch_idx.csv
Per-copy samples appended to logs/warm_stepup/20260918T204804Z-d479ea/query_samples_tpch_idx.csv
Last batch ended at epoch 1789767468.537 (PREV_END_EPOCH for the next invocation)
===== [72/159] queries/tpch/tpch-queries/q05/v1_materialized.sql run_id=B830E55F27609AE1 =====
query_runner configuration:
  QUERY_DIR         = queries/tpch/tpch-queries/q05/v1_materialized.sql
  LOGS_DIR          = logs/warm_stepup/20260918T204804Z-d479ea  (query_timing_/query_samples_/query_catalog_tpch_idx.csv)
  DB_NAME / DB_USER = tpch_idx / postgres
  PGPORT            = 5434  (server reports 18.4)
  RUN_ID            = B830E55F27609AE1
  WARMUP            = 2 single-copy warm-ups (the first primes the cache)
  BATCH_SIZES       = 1 2 4 8 16  x RUNS=1 measured batches each
  WORKERS           = (planner default)
  STATEMENT_TIMEOUT = 900
  THERMAL_EQUALISE  = gate (T_LO=55 T_HI=60 preheat<=60s cooldown<=120s)
  sensors           = pkg:/sys/class/hwmon/hwmon8/temp1_input cores:4 cpufreq:8 throttle:8/8
  SIGLESS_ADDR      = (disabled)
Found 1 query under queries/tpch/tpch-queries/q05/v1_materialized.sql

[1/1] queries/tpch/tpch-queries/q05/v1_materialized.sql (2 warmup + step-up 1 2 4 8 16 x1)
  thermal gate: pre-heated 5s -> 58.0 C
  warmup 1/2: 6.395130 sec (cache prime)
  warmup 2/2: 0.402226 sec
  N=1   batch 1/1: 0.399520 sec, 1 copy (server sum 325.092 ms)
  N=2   batch 1/1: 0.755924 sec, 2 copies (server sum 631.565 ms)
  N=4   batch 1/1: 1.321785 sec, 4 copies (server sum 1233.861 ms)
  N=8   batch 1/1: 2.543371 sec, 8 copies (server sum 2440.804 ms)
  N=16  batch 1/1: 4.981163 sec, 16 copies (server sum 4848.699 ms)
  done: 5 sizes x 1 run (0 failures)

Done. Batch rows appended to logs/warm_stepup/20260918T204804Z-d479ea/query_timing_tpch_idx.csv
Per-copy samples appended to logs/warm_stepup/20260918T204804Z-d479ea/query_samples_tpch_idx.csv
Last batch ended at epoch 1789767494.679 (PREV_END_EPOCH for the next invocation)
===== [73/159] queries/tpch/tpch-queries/q19/v2_union_all.sql run_id=7DC9BA0B6FE3019B =====
query_runner configuration:
  QUERY_DIR         = queries/tpch/tpch-queries/q19/v2_union_all.sql
  LOGS_DIR          = logs/warm_stepup/20260918T204804Z-d479ea  (query_timing_/query_samples_/query_catalog_tpch_idx.csv)
  DB_NAME / DB_USER = tpch_idx / postgres
  PGPORT            = 5434  (server reports 18.4)
  RUN_ID            = 7DC9BA0B6FE3019B
  WARMUP            = 2 single-copy warm-ups (the first primes the cache)
  BATCH_SIZES       = 1 2 4 8 16  x RUNS=1 measured batches each
  WORKERS           = (planner default)
  STATEMENT_TIMEOUT = 900
  THERMAL_EQUALISE  = gate (T_LO=55 T_HI=60 preheat<=60s cooldown<=120s)
  sensors           = pkg:/sys/class/hwmon/hwmon8/temp1_input cores:4 cpufreq:8 throttle:8/8
  SIGLESS_ADDR      = (disabled)
Found 1 query under queries/tpch/tpch-queries/q19/v2_union_all.sql

[1/1] queries/tpch/tpch-queries/q19/v2_union_all.sql (2 warmup + step-up 1 2 4 8 16 x1)
  warmup 1/2: 1.159220 sec (cache prime)
  warmup 2/2: 0.133828 sec
  N=1   batch 1/1: 0.134288 sec, 1 copy (server sum 63.248 ms)
  N=2   batch 1/1: 0.193112 sec, 2 copies (server sum 119.368 ms)
  N=4   batch 1/1: 0.342591 sec, 4 copies (server sum 225.572 ms)
  N=8   batch 1/1: 0.540432 sec, 8 copies (server sum 455.014 ms)
  N=16  batch 1/1: 1.002618 sec, 16 copies (server sum 900.831 ms)
  done: 5 sizes x 1 run (0 failures)

Done. Batch rows appended to logs/warm_stepup/20260918T204804Z-d479ea/query_timing_tpch_idx.csv
Per-copy samples appended to logs/warm_stepup/20260918T204804Z-d479ea/query_samples_tpch_idx.csv
Last batch ended at epoch 1789767502.569 (PREV_END_EPOCH for the next invocation)
===== [74/159] queries/tpch/tpch-queries/q18/v2_join.sql run_id=D6FFC81408F0FA6C =====
query_runner configuration:
  QUERY_DIR         = queries/tpch/tpch-queries/q18/v2_join.sql
  LOGS_DIR          = logs/warm_stepup/20260918T204804Z-d479ea  (query_timing_/query_samples_/query_catalog_tpch_idx.csv)
  DB_NAME / DB_USER = tpch_idx / postgres
  PGPORT            = 5434  (server reports 18.4)
  RUN_ID            = D6FFC81408F0FA6C
  WARMUP            = 2 single-copy warm-ups (the first primes the cache)
  BATCH_SIZES       = 1 2 4 8 16  x RUNS=1 measured batches each
  WORKERS           = (planner default)
  STATEMENT_TIMEOUT = 900
  THERMAL_EQUALISE  = gate (T_LO=55 T_HI=60 preheat<=60s cooldown<=120s)
  sensors           = pkg:/sys/class/hwmon/hwmon8/temp1_input cores:4 cpufreq:8 throttle:8/8
  SIGLESS_ADDR      = (disabled)
Found 1 query under queries/tpch/tpch-queries/q18/v2_join.sql

[1/1] queries/tpch/tpch-queries/q18/v2_join.sql (2 warmup + step-up 1 2 4 8 16 x1)
  thermal gate: pre-heated 5s -> 57.0 C
  warmup 1/2: 7.827140 sec (cache prime)
  warmup 2/2: 6.898951 sec
  N=1   batch 1/1: 6.928666 sec, 1 copy (server sum 6856.500 ms)
  N=2   batch 1/1: 13.681554 sec, 2 copies (server sum 13607.407 ms)
  N=4   batch 1/1: 27.280833 sec, 4 copies (server sum 27202.016 ms)
  N=8   batch 1/1: 54.178469 sec, 8 copies (server sum 54089.978 ms)
  N=16  batch 1/1: 108.214863 sec, 16 copies (server sum 108070.994 ms)
  done: 5 sizes x 1 run (0 failures)

Done. Batch rows appended to logs/warm_stepup/20260918T204804Z-d479ea/query_timing_tpch_idx.csv
Per-copy samples appended to logs/warm_stepup/20260918T204804Z-d479ea/query_samples_tpch_idx.csv
Last batch ended at epoch 1789767737.273 (PREV_END_EPOCH for the next invocation)
===== [75/159] queries/tpch/tpch-queries/q01/base.sql run_id=77F6808B6CEFEC52 =====
query_runner configuration:
  QUERY_DIR         = queries/tpch/tpch-queries/q01/base.sql
  LOGS_DIR          = logs/warm_stepup/20260918T204804Z-d479ea  (query_timing_/query_samples_/query_catalog_tpch_idx.csv)
  DB_NAME / DB_USER = tpch_idx / postgres
  PGPORT            = 5434  (server reports 18.4)
  RUN_ID            = 77F6808B6CEFEC52
  WARMUP            = 2 single-copy warm-ups (the first primes the cache)
  BATCH_SIZES       = 1 2 4 8 16  x RUNS=1 measured batches each
  WORKERS           = (planner default)
  STATEMENT_TIMEOUT = 900
  THERMAL_EQUALISE  = gate (T_LO=55 T_HI=60 preheat<=60s cooldown<=120s)
  sensors           = pkg:/sys/class/hwmon/hwmon8/temp1_input cores:4 cpufreq:8 throttle:8/8
  SIGLESS_ADDR      = (disabled)
Found 1 query under queries/tpch/tpch-queries/q01/base.sql

[1/1] queries/tpch/tpch-queries/q01/base.sql (2 warmup + step-up 1 2 4 8 16 x1)
  warmup 1/2: 3.257027 sec (cache prime)
  warmup 2/2: 2.438313 sec
  N=1   batch 1/1: 2.439082 sec, 1 copy (server sum 2369.669 ms)
  N=2   batch 1/1: 4.827825 sec, 2 copies (server sum 4709.616 ms)
  N=4   batch 1/1: 9.459957 sec, 4 copies (server sum 9386.853 ms)
  N=8   batch 1/1: 18.781218 sec, 8 copies (server sum 18702.638 ms)
  N=16  batch 1/1: 37.457127 sec, 16 copies (server sum 37373.597 ms)
  done: 5 sizes x 1 run (0 failures)

Done. Batch rows appended to logs/warm_stepup/20260918T204804Z-d479ea/query_timing_tpch_idx.csv
Per-copy samples appended to logs/warm_stepup/20260918T204804Z-d479ea/query_samples_tpch_idx.csv
Last batch ended at epoch 1789767820.922 (PREV_END_EPOCH for the next invocation)
===== [76/159] queries/tpch/tpch-queries/q19/v1_materialized.sql run_id=ED191C423BC318C2 =====
query_runner configuration:
  QUERY_DIR         = queries/tpch/tpch-queries/q19/v1_materialized.sql
  LOGS_DIR          = logs/warm_stepup/20260918T204804Z-d479ea  (query_timing_/query_samples_/query_catalog_tpch_idx.csv)
  DB_NAME / DB_USER = tpch_idx / postgres
  PGPORT            = 5434  (server reports 18.4)
  RUN_ID            = ED191C423BC318C2
  WARMUP            = 2 single-copy warm-ups (the first primes the cache)
  BATCH_SIZES       = 1 2 4 8 16  x RUNS=1 measured batches each
  WORKERS           = (planner default)
  STATEMENT_TIMEOUT = 900
  THERMAL_EQUALISE  = gate (T_LO=55 T_HI=60 preheat<=60s cooldown<=120s)
  sensors           = pkg:/sys/class/hwmon/hwmon8/temp1_input cores:4 cpufreq:8 throttle:8/8
  SIGLESS_ADDR      = (disabled)
Found 1 query under queries/tpch/tpch-queries/q19/v1_materialized.sql

[1/1] queries/tpch/tpch-queries/q19/v1_materialized.sql (2 warmup + step-up 1 2 4 8 16 x1)
  warmup 1/2: 2.025482 sec (cache prime)
  warmup 2/2: 0.115058 sec
  N=1   batch 1/1: 0.114966 sec, 1 copy (server sum 44.202 ms)
  N=2   batch 1/1: 0.156206 sec, 2 copies (server sum 84.036 ms)
  N=4   batch 1/1: 0.237909 sec, 4 copies (server sum 160.400 ms)
  N=8   batch 1/1: 0.397959 sec, 8 copies (server sum 316.418 ms)
  N=16  batch 1/1: 0.762365 sec, 16 copies (server sum 624.872 ms)
  done: 5 sizes x 1 run (0 failures)

Done. Batch rows appended to logs/warm_stepup/20260918T204804Z-d479ea/query_timing_tpch_idx.csv
Per-copy samples appended to logs/warm_stepup/20260918T204804Z-d479ea/query_samples_tpch_idx.csv
Last batch ended at epoch 1789767829.298 (PREV_END_EPOCH for the next invocation)
===== [77/159] queries/tpch/tpch-queries/q22/base.sql run_id=4B67A2F61A1EBE63 =====
query_runner configuration:
  QUERY_DIR         = queries/tpch/tpch-queries/q22/base.sql
  LOGS_DIR          = logs/warm_stepup/20260918T204804Z-d479ea  (query_timing_/query_samples_/query_catalog_tpch_idx.csv)
  DB_NAME / DB_USER = tpch_idx / postgres
  PGPORT            = 5434  (server reports 18.4)
  RUN_ID            = 4B67A2F61A1EBE63
  WARMUP            = 2 single-copy warm-ups (the first primes the cache)
  BATCH_SIZES       = 1 2 4 8 16  x RUNS=1 measured batches each
  WORKERS           = (planner default)
  STATEMENT_TIMEOUT = 900
  THERMAL_EQUALISE  = gate (T_LO=55 T_HI=60 preheat<=60s cooldown<=120s)
  sensors           = pkg:/sys/class/hwmon/hwmon8/temp1_input cores:4 cpufreq:8 throttle:8/8
  SIGLESS_ADDR      = (disabled)
Found 1 query under queries/tpch/tpch-queries/q22/base.sql

[1/1] queries/tpch/tpch-queries/q22/base.sql (2 warmup + step-up 1 2 4 8 16 x1)
  warmup 1/2: 0.433991 sec (cache prime)
  warmup 2/2: 0.172702 sec
  N=1   batch 1/1: 0.190028 sec, 1 copy (server sum 101.751 ms)
  N=2   batch 1/1: 0.297481 sec, 2 copies (server sum 190.708 ms)
  N=4   batch 1/1: 0.451734 sec, 4 copies (server sum 377.833 ms)
  N=8   batch 1/1: 0.833228 sec, 8 copies (server sum 755.341 ms)
  N=16  batch 1/1: 1.604667 sec, 16 copies (server sum 1516.535 ms)
  done: 5 sizes x 1 run (0 failures)

Done. Batch rows appended to logs/warm_stepup/20260918T204804Z-d479ea/query_timing_tpch_idx.csv
Per-copy samples appended to logs/warm_stepup/20260918T204804Z-d479ea/query_samples_tpch_idx.csv
Last batch ended at epoch 1789767837.707 (PREV_END_EPOCH for the next invocation)
===== [78/159] queries/tpch/tpch-queries/q06/v1_materialized.sql run_id=9BC27F94C4DCF65C =====
query_runner configuration:
  QUERY_DIR         = queries/tpch/tpch-queries/q06/v1_materialized.sql
  LOGS_DIR          = logs/warm_stepup/20260918T204804Z-d479ea  (query_timing_/query_samples_/query_catalog_tpch_idx.csv)
  DB_NAME / DB_USER = tpch_idx / postgres
  PGPORT            = 5434  (server reports 18.4)
  RUN_ID            = 9BC27F94C4DCF65C
  WARMUP            = 2 single-copy warm-ups (the first primes the cache)
  BATCH_SIZES       = 1 2 4 8 16  x RUNS=1 measured batches each
  WORKERS           = (planner default)
  STATEMENT_TIMEOUT = 900
  THERMAL_EQUALISE  = gate (T_LO=55 T_HI=60 preheat<=60s cooldown<=120s)
  sensors           = pkg:/sys/class/hwmon/hwmon8/temp1_input cores:4 cpufreq:8 throttle:8/8
  SIGLESS_ADDR      = (disabled)
Found 1 query under queries/tpch/tpch-queries/q06/v1_materialized.sql

[1/1] queries/tpch/tpch-queries/q06/v1_materialized.sql (2 warmup + step-up 1 2 4 8 16 x1)
  warmup 1/2: 0.449887 sec (cache prime)
  warmup 2/2: 0.175248 sec
  N=1   batch 1/1: 0.185600 sec, 1 copy (server sum 95.620 ms)
  N=2   batch 1/1: 0.288357 sec, 2 copies (server sum 186.421 ms)
  N=4   batch 1/1: 0.454333 sec, 4 copies (server sum 382.907 ms)
  N=8   batch 1/1: 0.834665 sec, 8 copies (server sum 759.439 ms)
  N=16  batch 1/1: 1.640835 sec, 16 copies (server sum 1558.245 ms)
  done: 5 sizes x 1 run (0 failures)

Done. Batch rows appended to logs/warm_stepup/20260918T204804Z-d479ea/query_timing_tpch_idx.csv
Per-copy samples appended to logs/warm_stepup/20260918T204804Z-d479ea/query_samples_tpch_idx.csv
Last batch ended at epoch 1789767846.078 (PREV_END_EPOCH for the next invocation)
===== [79/159] queries/tpch/tpch-queries/q14/base.sql run_id=F426D442AF5337D3 =====
query_runner configuration:
  QUERY_DIR         = queries/tpch/tpch-queries/q14/base.sql
  LOGS_DIR          = logs/warm_stepup/20260918T204804Z-d479ea  (query_timing_/query_samples_/query_catalog_tpch_idx.csv)
  DB_NAME / DB_USER = tpch_idx / postgres
  PGPORT            = 5434  (server reports 18.4)
  RUN_ID            = F426D442AF5337D3
  WARMUP            = 2 single-copy warm-ups (the first primes the cache)
  BATCH_SIZES       = 1 2 4 8 16  x RUNS=1 measured batches each
  WORKERS           = (planner default)
  STATEMENT_TIMEOUT = 900
  THERMAL_EQUALISE  = gate (T_LO=55 T_HI=60 preheat<=60s cooldown<=120s)
  sensors           = pkg:/sys/class/hwmon/hwmon8/temp1_input cores:4 cpufreq:8 throttle:8/8
  SIGLESS_ADDR      = (disabled)
Found 1 query under queries/tpch/tpch-queries/q14/base.sql

[1/1] queries/tpch/tpch-queries/q14/base.sql (2 warmup + step-up 1 2 4 8 16 x1)
  warmup 1/2: 1.648068 sec (cache prime)
  warmup 2/2: 0.293815 sec
  N=1   batch 1/1: 0.293982 sec, 1 copy (server sum 224.451 ms)
  N=2   batch 1/1: 0.485064 sec, 2 copies (server sum 410.701 ms)
  N=4   batch 1/1: 0.864539 sec, 4 copies (server sum 790.496 ms)
  N=8   batch 1/1: 1.630823 sec, 8 copies (server sum 1550.600 ms)
  N=16  batch 1/1: 3.170564 sec, 16 copies (server sum 3081.007 ms)
  done: 5 sizes x 1 run (0 failures)

Done. Batch rows appended to logs/warm_stepup/20260918T204804Z-d479ea/query_timing_tpch_idx.csv
Per-copy samples appended to logs/warm_stepup/20260918T204804Z-d479ea/query_samples_tpch_idx.csv
Last batch ended at epoch 1789767858.766 (PREV_END_EPOCH for the next invocation)
===== [80/159] queries/tpch/tpch-queries/q13/base.sql run_id=D5F0B368B83C85BC =====
query_runner configuration:
  QUERY_DIR         = queries/tpch/tpch-queries/q13/base.sql
  LOGS_DIR          = logs/warm_stepup/20260918T204804Z-d479ea  (query_timing_/query_samples_/query_catalog_tpch_idx.csv)
  DB_NAME / DB_USER = tpch_idx / postgres
  PGPORT            = 5434  (server reports 18.4)
  RUN_ID            = D5F0B368B83C85BC
  WARMUP            = 2 single-copy warm-ups (the first primes the cache)
  BATCH_SIZES       = 1 2 4 8 16  x RUNS=1 measured batches each
  WORKERS           = (planner default)
  STATEMENT_TIMEOUT = 900
  THERMAL_EQUALISE  = gate (T_LO=55 T_HI=60 preheat<=60s cooldown<=120s)
  sensors           = pkg:/sys/class/hwmon/hwmon8/temp1_input cores:4 cpufreq:8 throttle:8/8
  SIGLESS_ADDR      = (disabled)
Found 1 query under queries/tpch/tpch-queries/q13/base.sql

[1/1] queries/tpch/tpch-queries/q13/base.sql (2 warmup + step-up 1 2 4 8 16 x1)
  thermal gate: pre-heated 5s -> 59.0 C
  warmup 1/2: 2.176370 sec (cache prime)
  warmup 2/2: 2.004073 sec
  N=1   batch 1/1: 2.044103 sec, 1 copy (server sum 1929.996 ms)
  N=2   batch 1/1: 3.884002 sec, 2 copies (server sum 3812.199 ms)
  N=4   batch 1/1: 7.643393 sec, 4 copies (server sum 7567.378 ms)
  N=8   batch 1/1: 15.100550 sec, 8 copies (server sum 15014.629 ms)
  N=16  batch 1/1: 30.201394 sec, 16 copies (server sum 30097.109 ms)
  done: 5 sizes x 1 run (0 failures)

Done. Batch rows appended to logs/warm_stepup/20260918T204804Z-d479ea/query_timing_tpch_idx.csv
Per-copy samples appended to logs/warm_stepup/20260918T204804Z-d479ea/query_samples_tpch_idx.csv
Last batch ended at epoch 1789767931.420 (PREV_END_EPOCH for the next invocation)
===== [81/159] queries/tpch/tpch-queries/q19/v1_materialized.sql run_id=DF83E449188039A6 =====
query_runner configuration:
  QUERY_DIR         = queries/tpch/tpch-queries/q19/v1_materialized.sql
  LOGS_DIR          = logs/warm_stepup/20260918T204804Z-d479ea  (query_timing_/query_samples_/query_catalog_tpch_idx.csv)
  DB_NAME / DB_USER = tpch_idx / postgres
  PGPORT            = 5434  (server reports 18.4)
  RUN_ID            = DF83E449188039A6
  WARMUP            = 2 single-copy warm-ups (the first primes the cache)
  BATCH_SIZES       = 1 2 4 8 16  x RUNS=1 measured batches each
  WORKERS           = (planner default)
  STATEMENT_TIMEOUT = 900
  THERMAL_EQUALISE  = gate (T_LO=55 T_HI=60 preheat<=60s cooldown<=120s)
  sensors           = pkg:/sys/class/hwmon/hwmon8/temp1_input cores:4 cpufreq:8 throttle:8/8
  SIGLESS_ADDR      = (disabled)
Found 1 query under queries/tpch/tpch-queries/q19/v1_materialized.sql

[1/1] queries/tpch/tpch-queries/q19/v1_materialized.sql (2 warmup + step-up 1 2 4 8 16 x1)
  thermal gate: pre-heated 5s -> 56.0 C
  warmup 1/2: 1.934259 sec (cache prime)
  warmup 2/2: 0.115367 sec
  N=1   batch 1/1: 0.115066 sec, 1 copy (server sum 44.028 ms)
  N=2   batch 1/1: 0.158683 sec, 2 copies (server sum 85.982 ms)
  N=4   batch 1/1: 0.242607 sec, 4 copies (server sum 167.126 ms)
  N=8   batch 1/1: 0.407624 sec, 8 copies (server sum 326.028 ms)
  N=16  batch 1/1: 0.733821 sec, 16 copies (server sum 638.991 ms)
  done: 5 sizes x 1 run (0 failures)

Done. Batch rows appended to logs/warm_stepup/20260918T204804Z-d479ea/query_timing_tpch_idx.csv
Per-copy samples appended to logs/warm_stepup/20260918T204804Z-d479ea/query_samples_tpch_idx.csv
Last batch ended at epoch 1789767944.368 (PREV_END_EPOCH for the next invocation)
===== [82/159] queries/tpch/tpch-queries/q18/base.sql run_id=7DEC7BEF54C81282 =====
query_runner configuration:
  QUERY_DIR         = queries/tpch/tpch-queries/q18/base.sql
  LOGS_DIR          = logs/warm_stepup/20260918T204804Z-d479ea  (query_timing_/query_samples_/query_catalog_tpch_idx.csv)
  DB_NAME / DB_USER = tpch_idx / postgres
  PGPORT            = 5434  (server reports 18.4)
  RUN_ID            = 7DEC7BEF54C81282
  WARMUP            = 2 single-copy warm-ups (the first primes the cache)
  BATCH_SIZES       = 1 2 4 8 16  x RUNS=1 measured batches each
  WORKERS           = (planner default)
  STATEMENT_TIMEOUT = 900
  THERMAL_EQUALISE  = gate (T_LO=55 T_HI=60 preheat<=60s cooldown<=120s)
  sensors           = pkg:/sys/class/hwmon/hwmon8/temp1_input cores:4 cpufreq:8 throttle:8/8
  SIGLESS_ADDR      = (disabled)
Found 1 query under queries/tpch/tpch-queries/q18/base.sql

[1/1] queries/tpch/tpch-queries/q18/base.sql (2 warmup + step-up 1 2 4 8 16 x1)
  thermal gate: pre-heated 5s -> 56.0 C
  warmup 1/2: 8.063108 sec (cache prime)
  warmup 2/2: 6.885817 sec
  N=1   batch 1/1: 6.915473 sec, 1 copy (server sum 6843.650 ms)
  N=2   batch 1/1: 13.669185 sec, 2 copies (server sum 13594.144 ms)
  N=4   batch 1/1: 27.191936 sec, 4 copies (server sum 27112.432 ms)
  N=8   batch 1/1: 54.060023 sec, 8 copies (server sum 53971.324 ms)
  N=16  batch 1/1: 107.811944 sec, 16 copies (server sum 107702.987 ms)
  done: 5 sizes x 1 run (0 failures)

Done. Batch rows appended to logs/warm_stepup/20260918T204804Z-d479ea/query_timing_tpch_idx.csv
Per-copy samples appended to logs/warm_stepup/20260918T204804Z-d479ea/query_samples_tpch_idx.csv
Last batch ended at epoch 1789768178.368 (PREV_END_EPOCH for the next invocation)
===== [83/159] queries/tpch/tpch-queries/q10/base.sql run_id=33C722F8054B2D96 =====
query_runner configuration:
  QUERY_DIR         = queries/tpch/tpch-queries/q10/base.sql
  LOGS_DIR          = logs/warm_stepup/20260918T204804Z-d479ea  (query_timing_/query_samples_/query_catalog_tpch_idx.csv)
  DB_NAME / DB_USER = tpch_idx / postgres
  PGPORT            = 5434  (server reports 18.4)
  RUN_ID            = 33C722F8054B2D96
  WARMUP            = 2 single-copy warm-ups (the first primes the cache)
  BATCH_SIZES       = 1 2 4 8 16  x RUNS=1 measured batches each
  WORKERS           = (planner default)
  STATEMENT_TIMEOUT = 900
  THERMAL_EQUALISE  = gate (T_LO=55 T_HI=60 preheat<=60s cooldown<=120s)
  sensors           = pkg:/sys/class/hwmon/hwmon8/temp1_input cores:4 cpufreq:8 throttle:8/8
  SIGLESS_ADDR      = (disabled)
Found 1 query under queries/tpch/tpch-queries/q10/base.sql

[1/1] queries/tpch/tpch-queries/q10/base.sql (2 warmup + step-up 1 2 4 8 16 x1)
  warmup 1/2: 2.757614 sec (cache prime)
  warmup 2/2: 0.579078 sec
  N=1   batch 1/1: 0.598156 sec, 1 copy (server sum 502.545 ms)
  N=2   batch 1/1: 1.064377 sec, 2 copies (server sum 946.243 ms)
  N=4   batch 1/1: 1.912813 sec, 4 copies (server sum 1833.821 ms)
  N=8   batch 1/1: 3.703564 sec, 8 copies (server sum 3615.648 ms)
  N=16  batch 1/1: 7.344888 sec, 16 copies (server sum 7186.129 ms)
  done: 5 sizes x 1 run (0 failures)

Done. Batch rows appended to logs/warm_stepup/20260918T204804Z-d479ea/query_timing_tpch_idx.csv
Per-copy samples appended to logs/warm_stepup/20260918T204804Z-d479ea/query_samples_tpch_idx.csv
Last batch ended at epoch 1789768200.890 (PREV_END_EPOCH for the next invocation)
===== [84/159] queries/tpch/tpch-queries/q03/base.sql run_id=480516D3FADB9348 =====
query_runner configuration:
  QUERY_DIR         = queries/tpch/tpch-queries/q03/base.sql
  LOGS_DIR          = logs/warm_stepup/20260918T204804Z-d479ea  (query_timing_/query_samples_/query_catalog_tpch_idx.csv)
  DB_NAME / DB_USER = tpch_idx / postgres
  PGPORT            = 5434  (server reports 18.4)
  RUN_ID            = 480516D3FADB9348
  WARMUP            = 2 single-copy warm-ups (the first primes the cache)
  BATCH_SIZES       = 1 2 4 8 16  x RUNS=1 measured batches each
  WORKERS           = (planner default)
  STATEMENT_TIMEOUT = 900
  THERMAL_EQUALISE  = gate (T_LO=55 T_HI=60 preheat<=60s cooldown<=120s)
  sensors           = pkg:/sys/class/hwmon/hwmon8/temp1_input cores:4 cpufreq:8 throttle:8/8
  SIGLESS_ADDR      = (disabled)
Found 1 query under queries/tpch/tpch-queries/q03/base.sql

[1/1] queries/tpch/tpch-queries/q03/base.sql (2 warmup + step-up 1 2 4 8 16 x1)
  warmup 1/2: 1.834712 sec (cache prime)
  warmup 2/2: 0.521965 sec
  N=1   batch 1/1: 0.515486 sec, 1 copy (server sum 444.844 ms)
  N=2   batch 1/1: 0.921516 sec, 2 copies (server sum 849.332 ms)
  N=4   batch 1/1: 1.700470 sec, 4 copies (server sum 1625.438 ms)
  N=8   batch 1/1: 3.276621 sec, 8 copies (server sum 3195.487 ms)
  N=16  batch 1/1: 6.367660 sec, 16 copies (server sum 6273.741 ms)
  done: 5 sizes x 1 run (0 failures)

Done. Batch rows appended to logs/warm_stepup/20260918T204804Z-d479ea/query_timing_tpch_idx.csv
Per-copy samples appended to logs/warm_stepup/20260918T204804Z-d479ea/query_samples_tpch_idx.csv
Last batch ended at epoch 1789768220.651 (PREV_END_EPOCH for the next invocation)
===== [85/159] queries/tpch/tpch-queries/q11/base.sql run_id=F5DD5D1A1023C6B7 =====
query_runner configuration:
  QUERY_DIR         = queries/tpch/tpch-queries/q11/base.sql
  LOGS_DIR          = logs/warm_stepup/20260918T204804Z-d479ea  (query_timing_/query_samples_/query_catalog_tpch_idx.csv)
  DB_NAME / DB_USER = tpch_idx / postgres
  PGPORT            = 5434  (server reports 18.4)
  RUN_ID            = F5DD5D1A1023C6B7
  WARMUP            = 2 single-copy warm-ups (the first primes the cache)
  BATCH_SIZES       = 1 2 4 8 16  x RUNS=1 measured batches each
  WORKERS           = (planner default)
  STATEMENT_TIMEOUT = 900
  THERMAL_EQUALISE  = gate (T_LO=55 T_HI=60 preheat<=60s cooldown<=120s)
  sensors           = pkg:/sys/class/hwmon/hwmon8/temp1_input cores:4 cpufreq:8 throttle:8/8
  SIGLESS_ADDR      = (disabled)
Found 1 query under queries/tpch/tpch-queries/q11/base.sql

[1/1] queries/tpch/tpch-queries/q11/base.sql (2 warmup + step-up 1 2 4 8 16 x1)
  warmup 1/2: 1.745003 sec (cache prime)
  warmup 2/2: 0.195074 sec
  N=1   batch 1/1: 0.233965 sec, 1 copy (server sum 122.694 ms)
  N=2   batch 1/1: 0.307226 sec, 2 copies (server sum 234.968 ms)
  N=4   batch 1/1: 0.519380 sec, 4 copies (server sum 441.784 ms)
  N=8   batch 1/1: 1.012984 sec, 8 copies (server sum 872.998 ms)
  N=16  batch 1/1: 1.838463 sec, 16 copies (server sum 1728.989 ms)
  done: 5 sizes x 1 run (0 failures)

Done. Batch rows appended to logs/warm_stepup/20260918T204804Z-d479ea/query_timing_tpch_idx.csv
Per-copy samples appended to logs/warm_stepup/20260918T204804Z-d479ea/query_samples_tpch_idx.csv
Last batch ended at epoch 1789768231.287 (PREV_END_EPOCH for the next invocation)
===== [86/159] queries/tpch/tpch-queries/q11/v2_cte_threshold.sql run_id=C462F26679380A28 =====
query_runner configuration:
  QUERY_DIR         = queries/tpch/tpch-queries/q11/v2_cte_threshold.sql
  LOGS_DIR          = logs/warm_stepup/20260918T204804Z-d479ea  (query_timing_/query_samples_/query_catalog_tpch_idx.csv)
  DB_NAME / DB_USER = tpch_idx / postgres
  PGPORT            = 5434  (server reports 18.4)
  RUN_ID            = C462F26679380A28
  WARMUP            = 2 single-copy warm-ups (the first primes the cache)
  BATCH_SIZES       = 1 2 4 8 16  x RUNS=1 measured batches each
  WORKERS           = (planner default)
  STATEMENT_TIMEOUT = 900
  THERMAL_EQUALISE  = gate (T_LO=55 T_HI=60 preheat<=60s cooldown<=120s)
  sensors           = pkg:/sys/class/hwmon/hwmon8/temp1_input cores:4 cpufreq:8 throttle:8/8
  SIGLESS_ADDR      = (disabled)
Found 1 query under queries/tpch/tpch-queries/q11/v2_cte_threshold.sql

[1/1] queries/tpch/tpch-queries/q11/v2_cte_threshold.sql (2 warmup + step-up 1 2 4 8 16 x1)
  thermal gate: pre-heated 5s -> 58.0 C
  warmup 1/2: 1.739400 sec (cache prime)
  warmup 2/2: 0.192507 sec
  N=1   batch 1/1: 0.230342 sec, 1 copy (server sum 122.080 ms)
  N=2   batch 1/1: 0.348799 sec, 2 copies (server sum 229.109 ms)
  N=4   batch 1/1: 0.525241 sec, 4 copies (server sum 447.987 ms)
  N=8   batch 1/1: 0.964969 sec, 8 copies (server sum 877.285 ms)
  N=16  batch 1/1: 1.840858 sec, 16 copies (server sum 1724.060 ms)
  done: 5 sizes x 1 run (0 failures)

Done. Batch rows appended to logs/warm_stepup/20260918T204804Z-d479ea/query_timing_tpch_idx.csv
Per-copy samples appended to logs/warm_stepup/20260918T204804Z-d479ea/query_samples_tpch_idx.csv
Last batch ended at epoch 1789768246.345 (PREV_END_EPOCH for the next invocation)
===== [87/159] queries/tpch/tpch-queries/q19/v1_materialized.sql run_id=327CE23C60BB9FB6 =====
query_runner configuration:
  QUERY_DIR         = queries/tpch/tpch-queries/q19/v1_materialized.sql
  LOGS_DIR          = logs/warm_stepup/20260918T204804Z-d479ea  (query_timing_/query_samples_/query_catalog_tpch_idx.csv)
  DB_NAME / DB_USER = tpch_idx / postgres
  PGPORT            = 5434  (server reports 18.4)
  RUN_ID            = 327CE23C60BB9FB6
  WARMUP            = 2 single-copy warm-ups (the first primes the cache)
  BATCH_SIZES       = 1 2 4 8 16  x RUNS=1 measured batches each
  WORKERS           = (planner default)
  STATEMENT_TIMEOUT = 900
  THERMAL_EQUALISE  = gate (T_LO=55 T_HI=60 preheat<=60s cooldown<=120s)
  sensors           = pkg:/sys/class/hwmon/hwmon8/temp1_input cores:4 cpufreq:8 throttle:8/8
  SIGLESS_ADDR      = (disabled)
Found 1 query under queries/tpch/tpch-queries/q19/v1_materialized.sql

[1/1] queries/tpch/tpch-queries/q19/v1_materialized.sql (2 warmup + step-up 1 2 4 8 16 x1)
  thermal gate: pre-heated 5s -> 57.0 C
  warmup 1/2: 1.333332 sec (cache prime)
  warmup 2/2: 0.116901 sec
  N=1   batch 1/1: 0.116586 sec, 1 copy (server sum 45.766 ms)
  N=2   batch 1/1: 0.158929 sec, 2 copies (server sum 86.677 ms)
  N=4   batch 1/1: 0.246746 sec, 4 copies (server sum 170.727 ms)
  N=8   batch 1/1: 0.414534 sec, 8 copies (server sum 331.460 ms)
  N=16  batch 1/1: 0.747831 sec, 16 copies (server sum 653.366 ms)
  done: 5 sizes x 1 run (0 failures)

Done. Batch rows appended to logs/warm_stepup/20260918T204804Z-d479ea/query_timing_tpch_idx.csv
Per-copy samples appended to logs/warm_stepup/20260918T204804Z-d479ea/query_samples_tpch_idx.csv
Last batch ended at epoch 1789768258.793 (PREV_END_EPOCH for the next invocation)
===== [88/159] queries/tpch/tpch-queries/q22/v2_anti_join.sql run_id=59C81945EE4402AC =====
query_runner configuration:
  QUERY_DIR         = queries/tpch/tpch-queries/q22/v2_anti_join.sql
  LOGS_DIR          = logs/warm_stepup/20260918T204804Z-d479ea  (query_timing_/query_samples_/query_catalog_tpch_idx.csv)
  DB_NAME / DB_USER = tpch_idx / postgres
  PGPORT            = 5434  (server reports 18.4)
  RUN_ID            = 59C81945EE4402AC
  WARMUP            = 2 single-copy warm-ups (the first primes the cache)
  BATCH_SIZES       = 1 2 4 8 16  x RUNS=1 measured batches each
  WORKERS           = (planner default)
  STATEMENT_TIMEOUT = 900
  THERMAL_EQUALISE  = gate (T_LO=55 T_HI=60 preheat<=60s cooldown<=120s)
  sensors           = pkg:/sys/class/hwmon/hwmon8/temp1_input cores:4 cpufreq:8 throttle:8/8
  SIGLESS_ADDR      = (disabled)
Found 1 query under queries/tpch/tpch-queries/q22/v2_anti_join.sql

[1/1] queries/tpch/tpch-queries/q22/v2_anti_join.sql (2 warmup + step-up 1 2 4 8 16 x1)
  thermal gate: pre-heated 5s -> 57.0 C
  warmup 1/2: 0.629038 sec (cache prime)
  warmup 2/2: 0.243771 sec
  N=1   batch 1/1: 0.247341 sec, 1 copy (server sum 177.578 ms)
  N=2   batch 1/1: 0.404203 sec, 2 copies (server sum 333.177 ms)
  N=4   batch 1/1: 0.762367 sec, 4 copies (server sum 688.677 ms)
  N=8   batch 1/1: 1.458131 sec, 8 copies (server sum 1372.297 ms)
  N=16  batch 1/1: 2.884219 sec, 16 copies (server sum 2795.498 ms)
  done: 5 sizes x 1 run (0 failures)

Done. Batch rows appended to logs/warm_stepup/20260918T204804Z-d479ea/query_timing_tpch_idx.csv
Per-copy samples appended to logs/warm_stepup/20260918T204804Z-d479ea/query_samples_tpch_idx.csv
Last batch ended at epoch 1789768275.055 (PREV_END_EPOCH for the next invocation)
===== [89/159] queries/tpch/tpch-queries/q16/base.sql run_id=82C85962C995BED5 =====
query_runner configuration:
  QUERY_DIR         = queries/tpch/tpch-queries/q16/base.sql
  LOGS_DIR          = logs/warm_stepup/20260918T204804Z-d479ea  (query_timing_/query_samples_/query_catalog_tpch_idx.csv)
  DB_NAME / DB_USER = tpch_idx / postgres
  PGPORT            = 5434  (server reports 18.4)
  RUN_ID            = 82C85962C995BED5
  WARMUP            = 2 single-copy warm-ups (the first primes the cache)
  BATCH_SIZES       = 1 2 4 8 16  x RUNS=1 measured batches each
  WORKERS           = (planner default)
  STATEMENT_TIMEOUT = 900
  THERMAL_EQUALISE  = gate (T_LO=55 T_HI=60 preheat<=60s cooldown<=120s)
  sensors           = pkg:/sys/class/hwmon/hwmon8/temp1_input cores:4 cpufreq:8 throttle:8/8
  SIGLESS_ADDR      = (disabled)
Found 1 query under queries/tpch/tpch-queries/q16/base.sql

[1/1] queries/tpch/tpch-queries/q16/base.sql (2 warmup + step-up 1 2 4 8 16 x1)
  thermal gate: pre-heated 5s -> 57.0 C
  warmup 1/2: 0.703568 sec (cache prime)
  warmup 2/2: 0.458519 sec
  N=1   batch 1/1: 0.457303 sec, 1 copy (server sum 386.707 ms)
  N=2   batch 1/1: 0.854523 sec, 2 copies (server sum 783.269 ms)
  N=4   batch 1/1: 1.625552 sec, 4 copies (server sum 1550.923 ms)
  N=8   batch 1/1: 3.241174 sec, 8 copies (server sum 3160.996 ms)
  N=16  batch 1/1: 6.435326 sec, 16 copies (server sum 6344.749 ms)
  done: 5 sizes x 1 run (0 failures)

Done. Batch rows appended to logs/warm_stepup/20260918T204804Z-d479ea/query_timing_tpch_idx.csv
Per-copy samples appended to logs/warm_stepup/20260918T204804Z-d479ea/query_samples_tpch_idx.csv
Last batch ended at epoch 1789768298.454 (PREV_END_EPOCH for the next invocation)
===== [90/159] queries/tpch/tpch-queries/q10/v1_materialized.sql run_id=B98FDD08FE5500AC =====
query_runner configuration:
  QUERY_DIR         = queries/tpch/tpch-queries/q10/v1_materialized.sql
  LOGS_DIR          = logs/warm_stepup/20260918T204804Z-d479ea  (query_timing_/query_samples_/query_catalog_tpch_idx.csv)
  DB_NAME / DB_USER = tpch_idx / postgres
  PGPORT            = 5434  (server reports 18.4)
  RUN_ID            = B98FDD08FE5500AC
  WARMUP            = 2 single-copy warm-ups (the first primes the cache)
  BATCH_SIZES       = 1 2 4 8 16  x RUNS=1 measured batches each
  WORKERS           = (planner default)
  STATEMENT_TIMEOUT = 900
  THERMAL_EQUALISE  = gate (T_LO=55 T_HI=60 preheat<=60s cooldown<=120s)
  sensors           = pkg:/sys/class/hwmon/hwmon8/temp1_input cores:4 cpufreq:8 throttle:8/8
  SIGLESS_ADDR      = (disabled)
Found 1 query under queries/tpch/tpch-queries/q10/v1_materialized.sql

[1/1] queries/tpch/tpch-queries/q10/v1_materialized.sql (2 warmup + step-up 1 2 4 8 16 x1)
  thermal gate: pre-heated 5s -> 57.0 C
  warmup 1/2: 2.801084 sec (cache prime)
  warmup 2/2: 0.599390 sec
  N=1   batch 1/1: 0.643409 sec, 1 copy (server sum 527.203 ms)
  N=2   batch 1/1: 1.085299 sec, 2 copies (server sum 1009.568 ms)
  N=4   batch 1/1: 2.024215 sec, 4 copies (server sum 1947.355 ms)
  N=8   batch 1/1: 3.930022 sec, 8 copies (server sum 3844.573 ms)
  N=16  batch 1/1: 7.727367 sec, 16 copies (server sum 7624.377 ms)
  done: 5 sizes x 1 run (0 failures)

Done. Batch rows appended to logs/warm_stepup/20260918T204804Z-d479ea/query_timing_tpch_idx.csv
Per-copy samples appended to logs/warm_stepup/20260918T204804Z-d479ea/query_samples_tpch_idx.csv
Last batch ended at epoch 1789768326.466 (PREV_END_EPOCH for the next invocation)
===== [91/159] queries/tpch/tpch-queries/q09/v1_materialized.sql run_id=BC32DD73BAECD5A9 =====
query_runner configuration:
  QUERY_DIR         = queries/tpch/tpch-queries/q09/v1_materialized.sql
  LOGS_DIR          = logs/warm_stepup/20260918T204804Z-d479ea  (query_timing_/query_samples_/query_catalog_tpch_idx.csv)
  DB_NAME / DB_USER = tpch_idx / postgres
  PGPORT            = 5434  (server reports 18.4)
  RUN_ID            = BC32DD73BAECD5A9
  WARMUP            = 2 single-copy warm-ups (the first primes the cache)
  BATCH_SIZES       = 1 2 4 8 16  x RUNS=1 measured batches each
  WORKERS           = (planner default)
  STATEMENT_TIMEOUT = 900
  THERMAL_EQUALISE  = gate (T_LO=55 T_HI=60 preheat<=60s cooldown<=120s)
  sensors           = pkg:/sys/class/hwmon/hwmon8/temp1_input cores:4 cpufreq:8 throttle:8/8
  SIGLESS_ADDR      = (disabled)
Found 1 query under queries/tpch/tpch-queries/q09/v1_materialized.sql

[1/1] queries/tpch/tpch-queries/q09/v1_materialized.sql (2 warmup + step-up 1 2 4 8 16 x1)
  thermal gate: pre-heated 5s -> 57.0 C
  warmup 1/2: 11.573354 sec (cache prime)
  warmup 2/2: 1.751771 sec
  N=1   batch 1/1: 1.739080 sec, 1 copy (server sum 1663.340 ms)
  N=2   batch 1/1: 3.338941 sec, 2 copies (server sum 3256.661 ms)
  N=4   batch 1/1: 6.604460 sec, 4 copies (server sum 6512.783 ms)
  N=8   batch 1/1: 13.077523 sec, 8 copies (server sum 12931.599 ms)
  N=16  batch 1/1: 26.026369 sec, 16 copies (server sum 25874.008 ms)
  done: 5 sizes x 1 run (0 failures)

Done. Batch rows appended to logs/warm_stepup/20260918T204804Z-d479ea/query_timing_tpch_idx.csv
Per-copy samples appended to logs/warm_stepup/20260918T204804Z-d479ea/query_samples_tpch_idx.csv
Last batch ended at epoch 1789768399.911 (PREV_END_EPOCH for the next invocation)
===== [92/159] queries/tpch/tpch-queries/q06/v1_materialized.sql run_id=551DF9184B300BC3 =====
query_runner configuration:
  QUERY_DIR         = queries/tpch/tpch-queries/q06/v1_materialized.sql
  LOGS_DIR          = logs/warm_stepup/20260918T204804Z-d479ea  (query_timing_/query_samples_/query_catalog_tpch_idx.csv)
  DB_NAME / DB_USER = tpch_idx / postgres
  PGPORT            = 5434  (server reports 18.4)
  RUN_ID            = 551DF9184B300BC3
  WARMUP            = 2 single-copy warm-ups (the first primes the cache)
  BATCH_SIZES       = 1 2 4 8 16  x RUNS=1 measured batches each
  WORKERS           = (planner default)
  STATEMENT_TIMEOUT = 900
  THERMAL_EQUALISE  = gate (T_LO=55 T_HI=60 preheat<=60s cooldown<=120s)
  sensors           = pkg:/sys/class/hwmon/hwmon8/temp1_input cores:4 cpufreq:8 throttle:8/8
  SIGLESS_ADDR      = (disabled)
Found 1 query under queries/tpch/tpch-queries/q06/v1_materialized.sql

[1/1] queries/tpch/tpch-queries/q06/v1_materialized.sql (2 warmup + step-up 1 2 4 8 16 x1)
  warmup 1/2: 0.446365 sec (cache prime)
  warmup 2/2: 0.226011 sec
  N=1   batch 1/1: 0.163825 sec, 1 copy (server sum 94.971 ms)
  N=2   batch 1/1: 0.263118 sec, 2 copies (server sum 192.858 ms)
  N=4   batch 1/1: 0.453544 sec, 4 copies (server sum 381.386 ms)
  N=8   batch 1/1: 0.839730 sec, 8 copies (server sum 764.254 ms)
  N=16  batch 1/1: 1.614650 sec, 16 copies (server sum 1531.489 ms)
  done: 5 sizes x 1 run (0 failures)

Done. Batch rows appended to logs/warm_stepup/20260918T204804Z-d479ea/query_timing_tpch_idx.csv
Per-copy samples appended to logs/warm_stepup/20260918T204804Z-d479ea/query_samples_tpch_idx.csv
Last batch ended at epoch 1789768409.074 (PREV_END_EPOCH for the next invocation)
===== [93/159] queries/tpch/tpch-queries/q09/v1_materialized.sql run_id=5ABAA3F8BC3E0B13 =====
query_runner configuration:
  QUERY_DIR         = queries/tpch/tpch-queries/q09/v1_materialized.sql
  LOGS_DIR          = logs/warm_stepup/20260918T204804Z-d479ea  (query_timing_/query_samples_/query_catalog_tpch_idx.csv)
  DB_NAME / DB_USER = tpch_idx / postgres
  PGPORT            = 5434  (server reports 18.4)
  RUN_ID            = 5ABAA3F8BC3E0B13
  WARMUP            = 2 single-copy warm-ups (the first primes the cache)
  BATCH_SIZES       = 1 2 4 8 16  x RUNS=1 measured batches each
  WORKERS           = (planner default)
  STATEMENT_TIMEOUT = 900
  THERMAL_EQUALISE  = gate (T_LO=55 T_HI=60 preheat<=60s cooldown<=120s)
  sensors           = pkg:/sys/class/hwmon/hwmon8/temp1_input cores:4 cpufreq:8 throttle:8/8
  SIGLESS_ADDR      = (disabled)
Found 1 query under queries/tpch/tpch-queries/q09/v1_materialized.sql

[1/1] queries/tpch/tpch-queries/q09/v1_materialized.sql (2 warmup + step-up 1 2 4 8 16 x1)
  thermal gate: pre-heated 5s -> 57.0 C
  warmup 1/2: 9.516878 sec (cache prime)
  warmup 2/2: 1.731777 sec
  N=1   batch 1/1: 1.738781 sec, 1 copy (server sum 1663.088 ms)
  N=2   batch 1/1: 3.345274 sec, 2 copies (server sum 3264.632 ms)
  N=4   batch 1/1: 6.559597 sec, 4 copies (server sum 6467.356 ms)
  N=8   batch 1/1: 13.020714 sec, 8 copies (server sum 12909.483 ms)
  N=16  batch 1/1: 26.123918 sec, 16 copies (server sum 25875.374 ms)
  done: 5 sizes x 1 run (0 failures)

Done. Batch rows appended to logs/warm_stepup/20260918T204804Z-d479ea/query_timing_tpch_idx.csv
Per-copy samples appended to logs/warm_stepup/20260918T204804Z-d479ea/query_samples_tpch_idx.csv
Last batch ended at epoch 1789768480.166 (PREV_END_EPOCH for the next invocation)
===== [94/159] queries/tpch/tpch-queries/q03/v1_materialized.sql run_id=48D9D4F3528689FB =====
query_runner configuration:
  QUERY_DIR         = queries/tpch/tpch-queries/q03/v1_materialized.sql
  LOGS_DIR          = logs/warm_stepup/20260918T204804Z-d479ea  (query_timing_/query_samples_/query_catalog_tpch_idx.csv)
  DB_NAME / DB_USER = tpch_idx / postgres
  PGPORT            = 5434  (server reports 18.4)
  RUN_ID            = 48D9D4F3528689FB
  WARMUP            = 2 single-copy warm-ups (the first primes the cache)
  BATCH_SIZES       = 1 2 4 8 16  x RUNS=1 measured batches each
  WORKERS           = (planner default)
  STATEMENT_TIMEOUT = 900
  THERMAL_EQUALISE  = gate (T_LO=55 T_HI=60 preheat<=60s cooldown<=120s)
  sensors           = pkg:/sys/class/hwmon/hwmon8/temp1_input cores:4 cpufreq:8 throttle:8/8
  SIGLESS_ADDR      = (disabled)
Found 1 query under queries/tpch/tpch-queries/q03/v1_materialized.sql

[1/1] queries/tpch/tpch-queries/q03/v1_materialized.sql (2 warmup + step-up 1 2 4 8 16 x1)
  thermal gate: pre-heated 5s -> 57.0 C
  warmup 1/2: 1.883535 sec (cache prime)
  warmup 2/2: 0.520598 sec
  N=1   batch 1/1: 0.516554 sec, 1 copy (server sum 446.321 ms)
  N=2   batch 1/1: 0.921604 sec, 2 copies (server sum 848.584 ms)
  N=4   batch 1/1: 1.690826 sec, 4 copies (server sum 1615.477 ms)
  N=8   batch 1/1: 3.235539 sec, 8 copies (server sum 3154.314 ms)
  N=16  batch 1/1: 6.372502 sec, 16 copies (server sum 6231.592 ms)
  done: 5 sizes x 1 run (0 failures)

Done. Batch rows appended to logs/warm_stepup/20260918T204804Z-d479ea/query_timing_tpch_idx.csv
Per-copy samples appended to logs/warm_stepup/20260918T204804Z-d479ea/query_samples_tpch_idx.csv
Last batch ended at epoch 1789768505.330 (PREV_END_EPOCH for the next invocation)
===== [95/159] queries/tpch/tpch-queries/q18/base.sql run_id=C9864294609D1025 =====
query_runner configuration:
  QUERY_DIR         = queries/tpch/tpch-queries/q18/base.sql
  LOGS_DIR          = logs/warm_stepup/20260918T204804Z-d479ea  (query_timing_/query_samples_/query_catalog_tpch_idx.csv)
  DB_NAME / DB_USER = tpch_idx / postgres
  PGPORT            = 5434  (server reports 18.4)
  RUN_ID            = C9864294609D1025
  WARMUP            = 2 single-copy warm-ups (the first primes the cache)
  BATCH_SIZES       = 1 2 4 8 16  x RUNS=1 measured batches each
  WORKERS           = (planner default)
  STATEMENT_TIMEOUT = 900
  THERMAL_EQUALISE  = gate (T_LO=55 T_HI=60 preheat<=60s cooldown<=120s)
  sensors           = pkg:/sys/class/hwmon/hwmon8/temp1_input cores:4 cpufreq:8 throttle:8/8
  SIGLESS_ADDR      = (disabled)
Found 1 query under queries/tpch/tpch-queries/q18/base.sql

[1/1] queries/tpch/tpch-queries/q18/base.sql (2 warmup + step-up 1 2 4 8 16 x1)
  warmup 1/2: 7.809766 sec (cache prime)
  warmup 2/2: 6.895490 sec
  N=1   batch 1/1: 6.946237 sec, 1 copy (server sum 6874.268 ms)
  N=2   batch 1/1: 13.631948 sec, 2 copies (server sum 13544.731 ms)
  N=4   batch 1/1: 27.156195 sec, 4 copies (server sum 27012.307 ms)
  N=8   batch 1/1: 54.128596 sec, 8 copies (server sum 53988.705 ms)
  N=16  batch 1/1: 108.280212 sec, 16 copies (server sum 108076.766 ms)
  done: 5 sizes x 1 run (0 failures)

Done. Batch rows appended to logs/warm_stepup/20260918T204804Z-d479ea/query_timing_tpch_idx.csv
Per-copy samples appended to logs/warm_stepup/20260918T204804Z-d479ea/query_samples_tpch_idx.csv
Last batch ended at epoch 1789768734.699 (PREV_END_EPOCH for the next invocation)
===== [96/159] queries/tpch/tpch-queries/q07/v2_union_all.sql run_id=20F3821EAD923CBA =====
query_runner configuration:
  QUERY_DIR         = queries/tpch/tpch-queries/q07/v2_union_all.sql
  LOGS_DIR          = logs/warm_stepup/20260918T204804Z-d479ea  (query_timing_/query_samples_/query_catalog_tpch_idx.csv)
  DB_NAME / DB_USER = tpch_idx / postgres
  PGPORT            = 5434  (server reports 18.4)
  RUN_ID            = 20F3821EAD923CBA
  WARMUP            = 2 single-copy warm-ups (the first primes the cache)
  BATCH_SIZES       = 1 2 4 8 16  x RUNS=1 measured batches each
  WORKERS           = (planner default)
  STATEMENT_TIMEOUT = 900
  THERMAL_EQUALISE  = gate (T_LO=55 T_HI=60 preheat<=60s cooldown<=120s)
  sensors           = pkg:/sys/class/hwmon/hwmon8/temp1_input cores:4 cpufreq:8 throttle:8/8
  SIGLESS_ADDR      = (disabled)
Found 1 query under queries/tpch/tpch-queries/q07/v2_union_all.sql

[1/1] queries/tpch/tpch-queries/q07/v2_union_all.sql (2 warmup + step-up 1 2 4 8 16 x1)
  warmup 1/2: 8.722892 sec (cache prime)
  warmup 2/2: 0.874197 sec
  N=1   batch 1/1: 0.878757 sec, 1 copy (server sum 804.330 ms)
  N=2   batch 1/1: 1.597392 sec, 2 copies (server sum 1518.849 ms)
  N=4   batch 1/1: 3.087975 sec, 4 copies (server sum 2960.134 ms)
  N=8   batch 1/1: 5.931682 sec, 8 copies (server sum 5824.263 ms)
  N=16  batch 1/1: 11.720707 sec, 16 copies (server sum 11568.831 ms)
  done: 5 sizes x 1 run (0 failures)

Done. Batch rows appended to logs/warm_stepup/20260918T204804Z-d479ea/query_timing_tpch_idx.csv
Per-copy samples appended to logs/warm_stepup/20260918T204804Z-d479ea/query_samples_tpch_idx.csv
Last batch ended at epoch 1789768772.128 (PREV_END_EPOCH for the next invocation)
===== [97/159] queries/tpch/tpch-queries/q03/base.sql run_id=1F4431DC8CA6ED6A =====
query_runner configuration:
  QUERY_DIR         = queries/tpch/tpch-queries/q03/base.sql
  LOGS_DIR          = logs/warm_stepup/20260918T204804Z-d479ea  (query_timing_/query_samples_/query_catalog_tpch_idx.csv)
  DB_NAME / DB_USER = tpch_idx / postgres
  PGPORT            = 5434  (server reports 18.4)
  RUN_ID            = 1F4431DC8CA6ED6A
  WARMUP            = 2 single-copy warm-ups (the first primes the cache)
  BATCH_SIZES       = 1 2 4 8 16  x RUNS=1 measured batches each
  WORKERS           = (planner default)
  STATEMENT_TIMEOUT = 900
  THERMAL_EQUALISE  = gate (T_LO=55 T_HI=60 preheat<=60s cooldown<=120s)
  sensors           = pkg:/sys/class/hwmon/hwmon8/temp1_input cores:4 cpufreq:8 throttle:8/8
  SIGLESS_ADDR      = (disabled)
Found 1 query under queries/tpch/tpch-queries/q03/base.sql

[1/1] queries/tpch/tpch-queries/q03/base.sql (2 warmup + step-up 1 2 4 8 16 x1)
  warmup 1/2: 1.764641 sec (cache prime)
  warmup 2/2: 0.516148 sec
  N=1   batch 1/1: 0.518779 sec, 1 copy (server sum 448.737 ms)
  N=2   batch 1/1: 0.919219 sec, 2 copies (server sum 845.094 ms)
  N=4   batch 1/1: 1.698987 sec, 4 copies (server sum 1622.445 ms)
  N=8   batch 1/1: 3.245729 sec, 8 copies (server sum 3163.968 ms)
  N=16  batch 1/1: 6.356502 sec, 16 copies (server sum 6261.566 ms)
  done: 5 sizes x 1 run (0 failures)

Done. Batch rows appended to logs/warm_stepup/20260918T204804Z-d479ea/query_timing_tpch_idx.csv
Per-copy samples appended to logs/warm_stepup/20260918T204804Z-d479ea/query_samples_tpch_idx.csv
Last batch ended at epoch 1789768791.890 (PREV_END_EPOCH for the next invocation)
===== [98/159] queries/tpch/tpch-queries/q15/v1_materialized.sql run_id=E2CF742D21BB95FC =====
query_runner configuration:
  QUERY_DIR         = queries/tpch/tpch-queries/q15/v1_materialized.sql
  LOGS_DIR          = logs/warm_stepup/20260918T204804Z-d479ea  (query_timing_/query_samples_/query_catalog_tpch_idx.csv)
  DB_NAME / DB_USER = tpch_idx / postgres
  PGPORT            = 5434  (server reports 18.4)
  RUN_ID            = E2CF742D21BB95FC
  WARMUP            = 2 single-copy warm-ups (the first primes the cache)
  BATCH_SIZES       = 1 2 4 8 16  x RUNS=1 measured batches each
  WORKERS           = (planner default)
  STATEMENT_TIMEOUT = 900
  THERMAL_EQUALISE  = gate (T_LO=55 T_HI=60 preheat<=60s cooldown<=120s)
  sensors           = pkg:/sys/class/hwmon/hwmon8/temp1_input cores:4 cpufreq:8 throttle:8/8
  SIGLESS_ADDR      = (disabled)
Found 1 query under queries/tpch/tpch-queries/q15/v1_materialized.sql

[1/1] queries/tpch/tpch-queries/q15/v1_materialized.sql (2 warmup + step-up 1 2 4 8 16 x1)
  warmup 1/2: 2.373791 sec (cache prime)
  warmup 2/2: 0.483372 sec
  N=1   batch 1/1: 0.482683 sec, 1 copy (server sum 413.187 ms)
  N=2   batch 1/1: 0.814611 sec, 2 copies (server sum 744.141 ms)
  N=4   batch 1/1: 1.491457 sec, 4 copies (server sum 1396.101 ms)
  N=8   batch 1/1: 2.783973 sec, 8 copies (server sum 2706.286 ms)
  N=16  batch 1/1: 5.424865 sec, 16 copies (server sum 5315.092 ms)
  done: 5 sizes x 1 run (0 failures)

Done. Batch rows appended to logs/warm_stepup/20260918T204804Z-d479ea/query_timing_tpch_idx.csv
Per-copy samples appended to logs/warm_stepup/20260918T204804Z-d479ea/query_samples_tpch_idx.csv
Last batch ended at epoch 1789768810.501 (PREV_END_EPOCH for the next invocation)
===== [99/159] queries/tpch/tpch-queries/q02/v1_materialized.sql run_id=28143A6CAE75E3A4 =====
query_runner configuration:
  QUERY_DIR         = queries/tpch/tpch-queries/q02/v1_materialized.sql
  LOGS_DIR          = logs/warm_stepup/20260918T204804Z-d479ea  (query_timing_/query_samples_/query_catalog_tpch_idx.csv)
  DB_NAME / DB_USER = tpch_idx / postgres
  PGPORT            = 5434  (server reports 18.4)
  RUN_ID            = 28143A6CAE75E3A4
  WARMUP            = 2 single-copy warm-ups (the first primes the cache)
  BATCH_SIZES       = 1 2 4 8 16  x RUNS=1 measured batches each
  WORKERS           = (planner default)
  STATEMENT_TIMEOUT = 900
  THERMAL_EQUALISE  = gate (T_LO=55 T_HI=60 preheat<=60s cooldown<=120s)
  sensors           = pkg:/sys/class/hwmon/hwmon8/temp1_input cores:4 cpufreq:8 throttle:8/8
  SIGLESS_ADDR      = (disabled)
Found 1 query under queries/tpch/tpch-queries/q02/v1_materialized.sql

[1/1] queries/tpch/tpch-queries/q02/v1_materialized.sql (2 warmup + step-up 1 2 4 8 16 x1)
  thermal gate: pre-heated 5s -> 56.0 C
  warmup 1/2: 2.227605 sec (cache prime)
  warmup 2/2: 0.373443 sec
  N=1   batch 1/1: 0.371059 sec, 1 copy (server sum 297.686 ms)
  N=2   batch 1/1: 0.644078 sec, 2 copies (server sum 553.480 ms)
  N=4   batch 1/1: 1.107773 sec, 4 copies (server sum 1028.582 ms)
  N=8   batch 1/1: 2.092743 sec, 8 copies (server sum 2003.846 ms)
  N=16  batch 1/1: 4.055203 sec, 16 copies (server sum 3946.710 ms)
  done: 5 sizes x 1 run (0 failures)

Done. Batch rows appended to logs/warm_stepup/20260918T204804Z-d479ea/query_timing_tpch_idx.csv
Per-copy samples appended to logs/warm_stepup/20260918T204804Z-d479ea/query_samples_tpch_idx.csv
Last batch ended at epoch 1789768831.134 (PREV_END_EPOCH for the next invocation)
===== [100/159] queries/tpch/tpch-queries/q04/base.sql run_id=A5765943CD5A611A =====
query_runner configuration:
  QUERY_DIR         = queries/tpch/tpch-queries/q04/base.sql
  LOGS_DIR          = logs/warm_stepup/20260918T204804Z-d479ea  (query_timing_/query_samples_/query_catalog_tpch_idx.csv)
  DB_NAME / DB_USER = tpch_idx / postgres
  PGPORT            = 5434  (server reports 18.4)
  RUN_ID            = A5765943CD5A611A
  WARMUP            = 2 single-copy warm-ups (the first primes the cache)
  BATCH_SIZES       = 1 2 4 8 16  x RUNS=1 measured batches each
  WORKERS           = (planner default)
  STATEMENT_TIMEOUT = 900
  THERMAL_EQUALISE  = gate (T_LO=55 T_HI=60 preheat<=60s cooldown<=120s)
  sensors           = pkg:/sys/class/hwmon/hwmon8/temp1_input cores:4 cpufreq:8 throttle:8/8
  SIGLESS_ADDR      = (disabled)
Found 1 query under queries/tpch/tpch-queries/q04/base.sql

[1/1] queries/tpch/tpch-queries/q04/base.sql (2 warmup + step-up 1 2 4 8 16 x1)
  thermal gate: pre-heated 5s -> 57.0 C
  warmup 1/2: 1.966843 sec (cache prime)
  warmup 2/2: 0.226239 sec
  N=1   batch 1/1: 0.225242 sec, 1 copy (server sum 155.865 ms)
  N=2   batch 1/1: 0.363519 sec, 2 copies (server sum 292.210 ms)
  N=4   batch 1/1: 0.659641 sec, 4 copies (server sum 576.545 ms)
  N=8   batch 1/1: 1.286535 sec, 8 copies (server sum 1112.114 ms)
  N=16  batch 1/1: 2.298458 sec, 16 copies (server sum 2211.039 ms)
  done: 5 sizes x 1 run (0 failures)

Done. Batch rows appended to logs/warm_stepup/20260918T204804Z-d479ea/query_timing_tpch_idx.csv
Per-copy samples appended to logs/warm_stepup/20260918T204804Z-d479ea/query_samples_tpch_idx.csv
Last batch ended at epoch 1789768847.465 (PREV_END_EPOCH for the next invocation)
===== [101/159] queries/tpch/tpch-queries/q21/base.sql run_id=C629C716D7375BE6 =====
query_runner configuration:
  QUERY_DIR         = queries/tpch/tpch-queries/q21/base.sql
  LOGS_DIR          = logs/warm_stepup/20260918T204804Z-d479ea  (query_timing_/query_samples_/query_catalog_tpch_idx.csv)
  DB_NAME / DB_USER = tpch_idx / postgres
  PGPORT            = 5434  (server reports 18.4)
  RUN_ID            = C629C716D7375BE6
  WARMUP            = 2 single-copy warm-ups (the first primes the cache)
  BATCH_SIZES       = 1 2 4 8 16  x RUNS=1 measured batches each
  WORKERS           = (planner default)
  STATEMENT_TIMEOUT = 900
  THERMAL_EQUALISE  = gate (T_LO=55 T_HI=60 preheat<=60s cooldown<=120s)
  sensors           = pkg:/sys/class/hwmon/hwmon8/temp1_input cores:4 cpufreq:8 throttle:8/8
  SIGLESS_ADDR      = (disabled)
Found 1 query under queries/tpch/tpch-queries/q21/base.sql

[1/1] queries/tpch/tpch-queries/q21/base.sql (2 warmup + step-up 1 2 4 8 16 x1)
  thermal gate: pre-heated 5s -> 57.0 C
  warmup 1/2: 13.114455 sec (cache prime)
  warmup 2/2: 0.728735 sec
  N=1   batch 1/1: 0.722156 sec, 1 copy (server sum 648.649 ms)
  N=2   batch 1/1: 1.314952 sec, 2 copies (server sum 1236.382 ms)
  N=4   batch 1/1: 2.509087 sec, 4 copies (server sum 2424.488 ms)
  N=8   batch 1/1: 4.869335 sec, 8 copies (server sum 4765.836 ms)
  N=16  batch 1/1: 9.652670 sec, 16 copies (server sum 9472.437 ms)
  done: 5 sizes x 1 run (0 failures)

Done. Batch rows appended to logs/warm_stepup/20260918T204804Z-d479ea/query_timing_tpch_idx.csv
Per-copy samples appended to logs/warm_stepup/20260918T204804Z-d479ea/query_samples_tpch_idx.csv
Last batch ended at epoch 1789768890.138 (PREV_END_EPOCH for the next invocation)
===== [102/159] queries/tpch/tpch-queries/q13/v1_materialized.sql run_id=8A168CB05AA52BFE =====
query_runner configuration:
  QUERY_DIR         = queries/tpch/tpch-queries/q13/v1_materialized.sql
  LOGS_DIR          = logs/warm_stepup/20260918T204804Z-d479ea  (query_timing_/query_samples_/query_catalog_tpch_idx.csv)
  DB_NAME / DB_USER = tpch_idx / postgres
  PGPORT            = 5434  (server reports 18.4)
  RUN_ID            = 8A168CB05AA52BFE
  WARMUP            = 2 single-copy warm-ups (the first primes the cache)
  BATCH_SIZES       = 1 2 4 8 16  x RUNS=1 measured batches each
  WORKERS           = (planner default)
  STATEMENT_TIMEOUT = 900
  THERMAL_EQUALISE  = gate (T_LO=55 T_HI=60 preheat<=60s cooldown<=120s)
  sensors           = pkg:/sys/class/hwmon/hwmon8/temp1_input cores:4 cpufreq:8 throttle:8/8
  SIGLESS_ADDR      = (disabled)
Found 1 query under queries/tpch/tpch-queries/q13/v1_materialized.sql

[1/1] queries/tpch/tpch-queries/q13/v1_materialized.sql (2 warmup + step-up 1 2 4 8 16 x1)
  warmup 1/2: 2.288933 sec (cache prime)
  warmup 2/2: 1.984450 sec
  N=1   batch 1/1: 2.008001 sec, 1 copy (server sum 1913.517 ms)
  N=2   batch 1/1: 3.866779 sec, 2 copies (server sum 3794.912 ms)
  N=4   batch 1/1: 7.678347 sec, 4 copies (server sum 7601.445 ms)
  N=8   batch 1/1: 15.243722 sec, 8 copies (server sum 15156.595 ms)
  N=16  batch 1/1: 30.522881 sec, 16 copies (server sum 30272.887 ms)
  done: 5 sizes x 1 run (0 failures)

Done. Batch rows appended to logs/warm_stepup/20260918T204804Z-d479ea/query_timing_tpch_idx.csv
Per-copy samples appended to logs/warm_stepup/20260918T204804Z-d479ea/query_samples_tpch_idx.csv
Last batch ended at epoch 1789768958.617 (PREV_END_EPOCH for the next invocation)
===== [103/159] queries/tpch/tpch-queries/q08/v2_filter.sql run_id=CA23D77002296BBF =====
query_runner configuration:
  QUERY_DIR         = queries/tpch/tpch-queries/q08/v2_filter.sql
  LOGS_DIR          = logs/warm_stepup/20260918T204804Z-d479ea  (query_timing_/query_samples_/query_catalog_tpch_idx.csv)
  DB_NAME / DB_USER = tpch_idx / postgres
  PGPORT            = 5434  (server reports 18.4)
  RUN_ID            = CA23D77002296BBF
  WARMUP            = 2 single-copy warm-ups (the first primes the cache)
  BATCH_SIZES       = 1 2 4 8 16  x RUNS=1 measured batches each
  WORKERS           = (planner default)
  STATEMENT_TIMEOUT = 900
  THERMAL_EQUALISE  = gate (T_LO=55 T_HI=60 preheat<=60s cooldown<=120s)
  sensors           = pkg:/sys/class/hwmon/hwmon8/temp1_input cores:4 cpufreq:8 throttle:8/8
  SIGLESS_ADDR      = (disabled)
Found 1 query under queries/tpch/tpch-queries/q08/v2_filter.sql

[1/1] queries/tpch/tpch-queries/q08/v2_filter.sql (2 warmup + step-up 1 2 4 8 16 x1)
  thermal gate: pre-heated 5s -> 55.0 C
  warmup 1/2: 7.717096 sec (cache prime)
  warmup 2/2: 0.255175 sec
  N=1   batch 1/1: 0.254809 sec, 1 copy (server sum 177.881 ms)
  N=2   batch 1/1: 0.420079 sec, 2 copies (server sum 340.257 ms)
  N=4   batch 1/1: 0.747926 sec, 4 copies (server sum 659.394 ms)
  N=8   batch 1/1: 1.402961 sec, 8 copies (server sum 1299.215 ms)
  N=16  batch 1/1: 2.744766 sec, 16 copies (server sum 2566.116 ms)
  done: 5 sizes x 1 run (0 failures)

Done. Batch rows appended to logs/warm_stepup/20260918T204804Z-d479ea/query_timing_tpch_idx.csv
Per-copy samples appended to logs/warm_stepup/20260918T204804Z-d479ea/query_samples_tpch_idx.csv
Last batch ended at epoch 1789768981.564 (PREV_END_EPOCH for the next invocation)
===== [104/159] queries/tpch/tpch-queries/q04/base.sql run_id=01EA1449A7348459 =====
query_runner configuration:
  QUERY_DIR         = queries/tpch/tpch-queries/q04/base.sql
  LOGS_DIR          = logs/warm_stepup/20260918T204804Z-d479ea  (query_timing_/query_samples_/query_catalog_tpch_idx.csv)
  DB_NAME / DB_USER = tpch_idx / postgres
  PGPORT            = 5434  (server reports 18.4)
  RUN_ID            = 01EA1449A7348459
  WARMUP            = 2 single-copy warm-ups (the first primes the cache)
  BATCH_SIZES       = 1 2 4 8 16  x RUNS=1 measured batches each
  WORKERS           = (planner default)
  STATEMENT_TIMEOUT = 900
  THERMAL_EQUALISE  = gate (T_LO=55 T_HI=60 preheat<=60s cooldown<=120s)
  sensors           = pkg:/sys/class/hwmon/hwmon8/temp1_input cores:4 cpufreq:8 throttle:8/8
  SIGLESS_ADDR      = (disabled)
Found 1 query under queries/tpch/tpch-queries/q04/base.sql

[1/1] queries/tpch/tpch-queries/q04/base.sql (2 warmup + step-up 1 2 4 8 16 x1)
  thermal gate: pre-heated 5s -> 55.0 C
  warmup 1/2: 1.944113 sec (cache prime)
  warmup 2/2: 0.226139 sec
  N=1   batch 1/1: 0.228523 sec, 1 copy (server sum 158.758 ms)
  N=2   batch 1/1: 0.365672 sec, 2 copies (server sum 294.782 ms)
  N=4   batch 1/1: 0.654362 sec, 4 copies (server sum 570.323 ms)
  N=8   batch 1/1: 1.189276 sec, 8 copies (server sum 1112.022 ms)
  N=16  batch 1/1: 2.332291 sec, 16 copies (server sum 2212.473 ms)
  done: 5 sizes x 1 run (0 failures)

Done. Batch rows appended to logs/warm_stepup/20260918T204804Z-d479ea/query_timing_tpch_idx.csv
Per-copy samples appended to logs/warm_stepup/20260918T204804Z-d479ea/query_samples_tpch_idx.csv
Last batch ended at epoch 1789768998.054 (PREV_END_EPOCH for the next invocation)
===== [105/159] queries/tpch/tpch-queries/q21/v1_materialized.sql run_id=2A95B985E3E1C361 =====
query_runner configuration:
  QUERY_DIR         = queries/tpch/tpch-queries/q21/v1_materialized.sql
  LOGS_DIR          = logs/warm_stepup/20260918T204804Z-d479ea  (query_timing_/query_samples_/query_catalog_tpch_idx.csv)
  DB_NAME / DB_USER = tpch_idx / postgres
  PGPORT            = 5434  (server reports 18.4)
  RUN_ID            = 2A95B985E3E1C361
  WARMUP            = 2 single-copy warm-ups (the first primes the cache)
  BATCH_SIZES       = 1 2 4 8 16  x RUNS=1 measured batches each
  WORKERS           = (planner default)
  STATEMENT_TIMEOUT = 900
  THERMAL_EQUALISE  = gate (T_LO=55 T_HI=60 preheat<=60s cooldown<=120s)
  sensors           = pkg:/sys/class/hwmon/hwmon8/temp1_input cores:4 cpufreq:8 throttle:8/8
  SIGLESS_ADDR      = (disabled)
Found 1 query under queries/tpch/tpch-queries/q21/v1_materialized.sql

[1/1] queries/tpch/tpch-queries/q21/v1_materialized.sql (2 warmup + step-up 1 2 4 8 16 x1)
  thermal gate: pre-heated 5s -> 56.0 C
  warmup 1/2: 12.976168 sec (cache prime)
  warmup 2/2: 0.712645 sec
  N=1   batch 1/1: 0.723272 sec, 1 copy (server sum 651.466 ms)
  N=2   batch 1/1: 1.299317 sec, 2 copies (server sum 1224.098 ms)
  N=4   batch 1/1: 2.486436 sec, 4 copies (server sum 2404.643 ms)
  N=8   batch 1/1: 4.799216 sec, 8 copies (server sum 4706.321 ms)
  N=16  batch 1/1: 9.492471 sec, 16 copies (server sum 9340.972 ms)
  done: 5 sizes x 1 run (0 failures)

Done. Batch rows appended to logs/warm_stepup/20260918T204804Z-d479ea/query_timing_tpch_idx.csv
Per-copy samples appended to logs/warm_stepup/20260918T204804Z-d479ea/query_samples_tpch_idx.csv
Last batch ended at epoch 1789769040.019 (PREV_END_EPOCH for the next invocation)
===== [106/159] queries/tpch/tpch-queries/q13/v2_correlated.sql run_id=73DBACEA94A0DAAD =====
query_runner configuration:
  QUERY_DIR         = queries/tpch/tpch-queries/q13/v2_correlated.sql
  LOGS_DIR          = logs/warm_stepup/20260918T204804Z-d479ea  (query_timing_/query_samples_/query_catalog_tpch_idx.csv)
  DB_NAME / DB_USER = tpch_idx / postgres
  PGPORT            = 5434  (server reports 18.4)
  RUN_ID            = 73DBACEA94A0DAAD
  WARMUP            = 2 single-copy warm-ups (the first primes the cache)
  BATCH_SIZES       = 1 2 4 8 16  x RUNS=1 measured batches each
  WORKERS           = (planner default)
  STATEMENT_TIMEOUT = 900
  THERMAL_EQUALISE  = gate (T_LO=55 T_HI=60 preheat<=60s cooldown<=120s)
  sensors           = pkg:/sys/class/hwmon/hwmon8/temp1_input cores:4 cpufreq:8 throttle:8/8
  SIGLESS_ADDR      = (disabled)
Found 1 query under queries/tpch/tpch-queries/q13/v2_correlated.sql

[1/1] queries/tpch/tpch-queries/q13/v2_correlated.sql (2 warmup + step-up 1 2 4 8 16 x1)
  thermal gate: pre-heated 5s -> 58.0 C
  warmup 1/2: 6.233249 sec (cache prime)
  warmup 2/2: 3.343271 sec
  N=1   batch 1/1: 3.347052 sec, 1 copy (server sum 3277.771 ms)
  N=2   batch 1/1: 6.410677 sec, 2 copies (server sum 6340.878 ms)
  N=4   batch 1/1: 12.672535 sec, 4 copies (server sum 12563.483 ms)
  N=8   batch 1/1: 24.939735 sec, 8 copies (server sum 24863.956 ms)
  N=16  batch 1/1: 49.481418 sec, 16 copies (server sum 49397.701 ms)
  done: 5 sizes x 1 run (0 failures)

Done. Batch rows appended to logs/warm_stepup/20260918T204804Z-d479ea/query_timing_tpch_idx.csv
Per-copy samples appended to logs/warm_stepup/20260918T204804Z-d479ea/query_samples_tpch_idx.csv
Last batch ended at epoch 1789769156.384 (PREV_END_EPOCH for the next invocation)
===== [107/159] queries/tpch/tpch-queries/q16/v1_materialized.sql run_id=7D62AA2F03EE1125 =====
query_runner configuration:
  QUERY_DIR         = queries/tpch/tpch-queries/q16/v1_materialized.sql
  LOGS_DIR          = logs/warm_stepup/20260918T204804Z-d479ea  (query_timing_/query_samples_/query_catalog_tpch_idx.csv)
  DB_NAME / DB_USER = tpch_idx / postgres
  PGPORT            = 5434  (server reports 18.4)
  RUN_ID            = 7D62AA2F03EE1125
  WARMUP            = 2 single-copy warm-ups (the first primes the cache)
  BATCH_SIZES       = 1 2 4 8 16  x RUNS=1 measured batches each
  WORKERS           = (planner default)
  STATEMENT_TIMEOUT = 900
  THERMAL_EQUALISE  = gate (T_LO=55 T_HI=60 preheat<=60s cooldown<=120s)
  sensors           = pkg:/sys/class/hwmon/hwmon8/temp1_input cores:4 cpufreq:8 throttle:8/8
  SIGLESS_ADDR      = (disabled)
Found 1 query under queries/tpch/tpch-queries/q16/v1_materialized.sql

[1/1] queries/tpch/tpch-queries/q16/v1_materialized.sql (2 warmup + step-up 1 2 4 8 16 x1)
  thermal gate: pre-heated 10s -> 55.0 C
  warmup 1/2: 0.738316 sec (cache prime)
  warmup 2/2: 0.509329 sec
  N=1   batch 1/1: 0.510598 sec, 1 copy (server sum 404.088 ms)
  N=2   batch 1/1: 0.892203 sec, 2 copies (server sum 820.625 ms)
  N=4   batch 1/1: 1.677988 sec, 4 copies (server sum 1598.261 ms)
  N=8   batch 1/1: 3.319413 sec, 8 copies (server sum 3239.260 ms)
  N=16  batch 1/1: 6.459837 sec, 16 copies (server sum 6368.276 ms)
  done: 5 sizes x 1 run (0 failures)

Done. Batch rows appended to logs/warm_stepup/20260918T204804Z-d479ea/query_timing_tpch_idx.csv
Per-copy samples appended to logs/warm_stepup/20260918T204804Z-d479ea/query_samples_tpch_idx.csv
Last batch ended at epoch 1789769184.853 (PREV_END_EPOCH for the next invocation)
===== [108/159] queries/tpch/tpch-queries/q06/v1_materialized.sql run_id=CD2033EFA229805A =====
query_runner configuration:
  QUERY_DIR         = queries/tpch/tpch-queries/q06/v1_materialized.sql
  LOGS_DIR          = logs/warm_stepup/20260918T204804Z-d479ea  (query_timing_/query_samples_/query_catalog_tpch_idx.csv)
  DB_NAME / DB_USER = tpch_idx / postgres
  PGPORT            = 5434  (server reports 18.4)
  RUN_ID            = CD2033EFA229805A
  WARMUP            = 2 single-copy warm-ups (the first primes the cache)
  BATCH_SIZES       = 1 2 4 8 16  x RUNS=1 measured batches each
  WORKERS           = (planner default)
  STATEMENT_TIMEOUT = 900
  THERMAL_EQUALISE  = gate (T_LO=55 T_HI=60 preheat<=60s cooldown<=120s)
  sensors           = pkg:/sys/class/hwmon/hwmon8/temp1_input cores:4 cpufreq:8 throttle:8/8
  SIGLESS_ADDR      = (disabled)
Found 1 query under queries/tpch/tpch-queries/q06/v1_materialized.sql

[1/1] queries/tpch/tpch-queries/q06/v1_materialized.sql (2 warmup + step-up 1 2 4 8 16 x1)
  thermal gate: pre-heated 5s -> 56.0 C
  warmup 1/2: 0.415536 sec (cache prime)
  warmup 2/2: 0.166832 sec
  N=1   batch 1/1: 0.177387 sec, 1 copy (server sum 95.900 ms)
  N=2   batch 1/1: 0.337824 sec, 2 copies (server sum 190.474 ms)
  N=4   batch 1/1: 0.457648 sec, 4 copies (server sum 386.342 ms)
  N=8   batch 1/1: 0.861241 sec, 8 copies (server sum 785.248 ms)
  N=16  batch 1/1: 1.616494 sec, 16 copies (server sum 1534.569 ms)
  done: 5 sizes x 1 run (0 failures)

Done. Batch rows appended to logs/warm_stepup/20260918T204804Z-d479ea/query_timing_tpch_idx.csv
Per-copy samples appended to logs/warm_stepup/20260918T204804Z-d479ea/query_samples_tpch_idx.csv
Last batch ended at epoch 1789769198.106 (PREV_END_EPOCH for the next invocation)
===== [109/159] queries/tpch/tpch-queries/q22/v2_anti_join.sql run_id=E726D4F6247F19EB =====
query_runner configuration:
  QUERY_DIR         = queries/tpch/tpch-queries/q22/v2_anti_join.sql
  LOGS_DIR          = logs/warm_stepup/20260918T204804Z-d479ea  (query_timing_/query_samples_/query_catalog_tpch_idx.csv)
  DB_NAME / DB_USER = tpch_idx / postgres
  PGPORT            = 5434  (server reports 18.4)
  RUN_ID            = E726D4F6247F19EB
  WARMUP            = 2 single-copy warm-ups (the first primes the cache)
  BATCH_SIZES       = 1 2 4 8 16  x RUNS=1 measured batches each
  WORKERS           = (planner default)
  STATEMENT_TIMEOUT = 900
  THERMAL_EQUALISE  = gate (T_LO=55 T_HI=60 preheat<=60s cooldown<=120s)
  sensors           = pkg:/sys/class/hwmon/hwmon8/temp1_input cores:4 cpufreq:8 throttle:8/8
  SIGLESS_ADDR      = (disabled)
Found 1 query under queries/tpch/tpch-queries/q22/v2_anti_join.sql

[1/1] queries/tpch/tpch-queries/q22/v2_anti_join.sql (2 warmup + step-up 1 2 4 8 16 x1)
  thermal gate: pre-heated 5s -> 56.0 C
  warmup 1/2: 0.586220 sec (cache prime)
  warmup 2/2: 0.242600 sec
  N=1   batch 1/1: 0.246824 sec, 1 copy (server sum 177.135 ms)
  N=2   batch 1/1: 0.416511 sec, 2 copies (server sum 344.929 ms)
  N=4   batch 1/1: 0.769827 sec, 4 copies (server sum 696.093 ms)
  N=8   batch 1/1: 1.466870 sec, 8 copies (server sum 1374.023 ms)
  N=16  batch 1/1: 2.846788 sec, 16 copies (server sum 2757.619 ms)
  done: 5 sizes x 1 run (0 failures)

Done. Batch rows appended to logs/warm_stepup/20260918T204804Z-d479ea/query_timing_tpch_idx.csv
Per-copy samples appended to logs/warm_stepup/20260918T204804Z-d479ea/query_samples_tpch_idx.csv
Last batch ended at epoch 1789769214.139 (PREV_END_EPOCH for the next invocation)
===== [110/159] queries/tpch/tpch-queries/q17/v2_decorrelate.sql run_id=83EF2970AAFD9E53 =====
query_runner configuration:
  QUERY_DIR         = queries/tpch/tpch-queries/q17/v2_decorrelate.sql
  LOGS_DIR          = logs/warm_stepup/20260918T204804Z-d479ea  (query_timing_/query_samples_/query_catalog_tpch_idx.csv)
  DB_NAME / DB_USER = tpch_idx / postgres
  PGPORT            = 5434  (server reports 18.4)
  RUN_ID            = 83EF2970AAFD9E53
  WARMUP            = 2 single-copy warm-ups (the first primes the cache)
  BATCH_SIZES       = 1 2 4 8 16  x RUNS=1 measured batches each
  WORKERS           = (planner default)
  STATEMENT_TIMEOUT = 900
  THERMAL_EQUALISE  = gate (T_LO=55 T_HI=60 preheat<=60s cooldown<=120s)
  sensors           = pkg:/sys/class/hwmon/hwmon8/temp1_input cores:4 cpufreq:8 throttle:8/8
  SIGLESS_ADDR      = (disabled)
Found 1 query under queries/tpch/tpch-queries/q17/v2_decorrelate.sql

[1/1] queries/tpch/tpch-queries/q17/v2_decorrelate.sql (2 warmup + step-up 1 2 4 8 16 x1)
  thermal gate: pre-heated 5s -> 56.0 C
  warmup 1/2: 5.247218 sec (cache prime)
  warmup 2/2: 4.584578 sec
  N=1   batch 1/1: 4.630310 sec, 1 copy (server sum 4543.087 ms)
  N=2   batch 1/1: 9.039929 sec, 2 copies (server sum 8968.925 ms)
  N=4   batch 1/1: 17.862317 sec, 4 copies (server sum 17788.927 ms)
  N=8   batch 1/1: 35.432130 sec, 8 copies (server sum 35303.938 ms)
  N=16  batch 1/1: 70.670117 sec, 16 copies (server sum 70579.049 ms)
  done: 5 sizes x 1 run (0 failures)

Done. Batch rows appended to logs/warm_stepup/20260918T204804Z-d479ea/query_timing_tpch_idx.csv
Per-copy samples appended to logs/warm_stepup/20260918T204804Z-d479ea/query_samples_tpch_idx.csv
Last batch ended at epoch 1789769371.384 (PREV_END_EPOCH for the next invocation)
===== [111/159] queries/tpch/tpch-queries/q02/v1_materialized.sql run_id=14747F3A3F229FBF =====
query_runner configuration:
  QUERY_DIR         = queries/tpch/tpch-queries/q02/v1_materialized.sql
  LOGS_DIR          = logs/warm_stepup/20260918T204804Z-d479ea  (query_timing_/query_samples_/query_catalog_tpch_idx.csv)
  DB_NAME / DB_USER = tpch_idx / postgres
  PGPORT            = 5434  (server reports 18.4)
  RUN_ID            = 14747F3A3F229FBF
  WARMUP            = 2 single-copy warm-ups (the first primes the cache)
  BATCH_SIZES       = 1 2 4 8 16  x RUNS=1 measured batches each
  WORKERS           = (planner default)
  STATEMENT_TIMEOUT = 900
  THERMAL_EQUALISE  = gate (T_LO=55 T_HI=60 preheat<=60s cooldown<=120s)
  sensors           = pkg:/sys/class/hwmon/hwmon8/temp1_input cores:4 cpufreq:8 throttle:8/8
  SIGLESS_ADDR      = (disabled)
Found 1 query under queries/tpch/tpch-queries/q02/v1_materialized.sql

[1/1] queries/tpch/tpch-queries/q02/v1_materialized.sql (2 warmup + step-up 1 2 4 8 16 x1)
  thermal gate: pre-heated 5s -> 56.0 C
  warmup 1/2: 2.237678 sec (cache prime)
  warmup 2/2: 0.370985 sec
  N=1   batch 1/1: 0.368204 sec, 1 copy (server sum 296.669 ms)
  N=2   batch 1/1: 0.629433 sec, 2 copies (server sum 540.836 ms)
  N=4   batch 1/1: 1.107038 sec, 4 copies (server sum 1028.039 ms)
  N=8   batch 1/1: 2.080434 sec, 8 copies (server sum 1991.698 ms)
  N=16  batch 1/1: 4.032741 sec, 16 copies (server sum 3923.414 ms)
  done: 5 sizes x 1 run (0 failures)

Done. Batch rows appended to logs/warm_stepup/20260918T204804Z-d479ea/query_timing_tpch_idx.csv
Per-copy samples appended to logs/warm_stepup/20260918T204804Z-d479ea/query_samples_tpch_idx.csv
Last batch ended at epoch 1789769392.134 (PREV_END_EPOCH for the next invocation)
===== [112/159] queries/tpch/tpch-queries/q04/v1_materialized.sql run_id=709D8FE01228F591 =====
query_runner configuration:
  QUERY_DIR         = queries/tpch/tpch-queries/q04/v1_materialized.sql
  LOGS_DIR          = logs/warm_stepup/20260918T204804Z-d479ea  (query_timing_/query_samples_/query_catalog_tpch_idx.csv)
  DB_NAME / DB_USER = tpch_idx / postgres
  PGPORT            = 5434  (server reports 18.4)
  RUN_ID            = 709D8FE01228F591
  WARMUP            = 2 single-copy warm-ups (the first primes the cache)
  BATCH_SIZES       = 1 2 4 8 16  x RUNS=1 measured batches each
  WORKERS           = (planner default)
  STATEMENT_TIMEOUT = 900
  THERMAL_EQUALISE  = gate (T_LO=55 T_HI=60 preheat<=60s cooldown<=120s)
  sensors           = pkg:/sys/class/hwmon/hwmon8/temp1_input cores:4 cpufreq:8 throttle:8/8
  SIGLESS_ADDR      = (disabled)
Found 1 query under queries/tpch/tpch-queries/q04/v1_materialized.sql

[1/1] queries/tpch/tpch-queries/q04/v1_materialized.sql (2 warmup + step-up 1 2 4 8 16 x1)
  thermal gate: pre-heated 5s -> 56.0 C
  warmup 1/2: 1.963583 sec (cache prime)
  warmup 2/2: 0.227147 sec
  N=1   batch 1/1: 0.227621 sec, 1 copy (server sum 157.403 ms)
  N=2   batch 1/1: 0.365307 sec, 2 copies (server sum 293.938 ms)
  N=4   batch 1/1: 0.653185 sec, 4 copies (server sum 567.585 ms)
  N=8   batch 1/1: 1.193703 sec, 8 copies (server sum 1113.490 ms)
  N=16  batch 1/1: 2.302605 sec, 16 copies (server sum 2211.668 ms)
  done: 5 sizes x 1 run (0 failures)

Done. Batch rows appended to logs/warm_stepup/20260918T204804Z-d479ea/query_timing_tpch_idx.csv
Per-copy samples appended to logs/warm_stepup/20260918T204804Z-d479ea/query_samples_tpch_idx.csv
Last batch ended at epoch 1789769408.344 (PREV_END_EPOCH for the next invocation)
===== [113/159] queries/tpch/tpch-queries/q08/base.sql run_id=57ABE09C376BC84A =====
query_runner configuration:
  QUERY_DIR         = queries/tpch/tpch-queries/q08/base.sql
  LOGS_DIR          = logs/warm_stepup/20260918T204804Z-d479ea  (query_timing_/query_samples_/query_catalog_tpch_idx.csv)
  DB_NAME / DB_USER = tpch_idx / postgres
  PGPORT            = 5434  (server reports 18.4)
  RUN_ID            = 57ABE09C376BC84A
  WARMUP            = 2 single-copy warm-ups (the first primes the cache)
  BATCH_SIZES       = 1 2 4 8 16  x RUNS=1 measured batches each
  WORKERS           = (planner default)
  STATEMENT_TIMEOUT = 900
  THERMAL_EQUALISE  = gate (T_LO=55 T_HI=60 preheat<=60s cooldown<=120s)
  sensors           = pkg:/sys/class/hwmon/hwmon8/temp1_input cores:4 cpufreq:8 throttle:8/8
  SIGLESS_ADDR      = (disabled)
Found 1 query under queries/tpch/tpch-queries/q08/base.sql

[1/1] queries/tpch/tpch-queries/q08/base.sql (2 warmup + step-up 1 2 4 8 16 x1)
  thermal gate: pre-heated 5s -> 58.0 C
  warmup 1/2: 5.533896 sec (cache prime)
  warmup 2/2: 0.260439 sec
  N=1   batch 1/1: 0.259311 sec, 1 copy (server sum 182.333 ms)
  N=2   batch 1/1: 0.425592 sec, 2 copies (server sum 346.640 ms)
  N=4   batch 1/1: 0.763170 sec, 4 copies (server sum 667.975 ms)
  N=8   batch 1/1: 1.416234 sec, 8 copies (server sum 1306.237 ms)
  N=16  batch 1/1: 2.732255 sec, 16 copies (server sum 2597.166 ms)
  done: 5 sizes x 1 run (0 failures)

Done. Batch rows appended to logs/warm_stepup/20260918T204804Z-d479ea/query_timing_tpch_idx.csv
Per-copy samples appended to logs/warm_stepup/20260918T204804Z-d479ea/query_samples_tpch_idx.csv
Last batch ended at epoch 1789769429.582 (PREV_END_EPOCH for the next invocation)
===== [114/159] queries/tpch/tpch-queries/q11/v1_materialized.sql run_id=5A1D87F0AE6220AA =====
query_runner configuration:
  QUERY_DIR         = queries/tpch/tpch-queries/q11/v1_materialized.sql
  LOGS_DIR          = logs/warm_stepup/20260918T204804Z-d479ea  (query_timing_/query_samples_/query_catalog_tpch_idx.csv)
  DB_NAME / DB_USER = tpch_idx / postgres
  PGPORT            = 5434  (server reports 18.4)
  RUN_ID            = 5A1D87F0AE6220AA
  WARMUP            = 2 single-copy warm-ups (the first primes the cache)
  BATCH_SIZES       = 1 2 4 8 16  x RUNS=1 measured batches each
  WORKERS           = (planner default)
  STATEMENT_TIMEOUT = 900
  THERMAL_EQUALISE  = gate (T_LO=55 T_HI=60 preheat<=60s cooldown<=120s)
  sensors           = pkg:/sys/class/hwmon/hwmon8/temp1_input cores:4 cpufreq:8 throttle:8/8
  SIGLESS_ADDR      = (disabled)
Found 1 query under queries/tpch/tpch-queries/q11/v1_materialized.sql

[1/1] queries/tpch/tpch-queries/q11/v1_materialized.sql (2 warmup + step-up 1 2 4 8 16 x1)
  warmup 1/2: 1.730592 sec (cache prime)
  warmup 2/2: 0.192595 sec
  N=1   batch 1/1: 0.236138 sec, 1 copy (server sum 126.717 ms)
  N=2   batch 1/1: 0.315258 sec, 2 copies (server sum 234.489 ms)
  N=4   batch 1/1: 0.528550 sec, 4 copies (server sum 450.000 ms)
  N=8   batch 1/1: 0.966533 sec, 8 copies (server sum 877.043 ms)
  N=16  batch 1/1: 1.858795 sec, 16 copies (server sum 1737.866 ms)
  done: 5 sizes x 1 run (0 failures)

Done. Batch rows appended to logs/warm_stepup/20260918T204804Z-d479ea/query_timing_tpch_idx.csv
Per-copy samples appended to logs/warm_stepup/20260918T204804Z-d479ea/query_samples_tpch_idx.csv
Last batch ended at epoch 1789769439.816 (PREV_END_EPOCH for the next invocation)
===== [115/159] queries/tpch/tpch-queries/q04/v2_in.sql run_id=93DA4F294A07B418 =====
query_runner configuration:
  QUERY_DIR         = queries/tpch/tpch-queries/q04/v2_in.sql
  LOGS_DIR          = logs/warm_stepup/20260918T204804Z-d479ea  (query_timing_/query_samples_/query_catalog_tpch_idx.csv)
  DB_NAME / DB_USER = tpch_idx / postgres
  PGPORT            = 5434  (server reports 18.4)
  RUN_ID            = 93DA4F294A07B418
  WARMUP            = 2 single-copy warm-ups (the first primes the cache)
  BATCH_SIZES       = 1 2 4 8 16  x RUNS=1 measured batches each
  WORKERS           = (planner default)
  STATEMENT_TIMEOUT = 900
  THERMAL_EQUALISE  = gate (T_LO=55 T_HI=60 preheat<=60s cooldown<=120s)
  sensors           = pkg:/sys/class/hwmon/hwmon8/temp1_input cores:4 cpufreq:8 throttle:8/8
  SIGLESS_ADDR      = (disabled)
Found 1 query under queries/tpch/tpch-queries/q04/v2_in.sql

[1/1] queries/tpch/tpch-queries/q04/v2_in.sql (2 warmup + step-up 1 2 4 8 16 x1)
  thermal gate: pre-heated 5s -> 57.0 C
  warmup 1/2: 1.965596 sec (cache prime)
  warmup 2/2: 0.227992 sec
  N=1   batch 1/1: 0.224900 sec, 1 copy (server sum 155.447 ms)
  N=2   batch 1/1: 0.366001 sec, 2 copies (server sum 294.595 ms)
  N=4   batch 1/1: 0.654725 sec, 4 copies (server sum 570.416 ms)
  N=8   batch 1/1: 1.193742 sec, 8 copies (server sum 1113.575 ms)
  N=16  batch 1/1: 2.339978 sec, 16 copies (server sum 2214.800 ms)
  done: 5 sizes x 1 run (0 failures)

Done. Batch rows appended to logs/warm_stepup/20260918T204804Z-d479ea/query_timing_tpch_idx.csv
Per-copy samples appended to logs/warm_stepup/20260918T204804Z-d479ea/query_samples_tpch_idx.csv
Last batch ended at epoch 1789769456.078 (PREV_END_EPOCH for the next invocation)
===== [116/159] queries/tpch/tpch-queries/q22/v1_materialized.sql run_id=D191073130B5F938 =====
query_runner configuration:
  QUERY_DIR         = queries/tpch/tpch-queries/q22/v1_materialized.sql
  LOGS_DIR          = logs/warm_stepup/20260918T204804Z-d479ea  (query_timing_/query_samples_/query_catalog_tpch_idx.csv)
  DB_NAME / DB_USER = tpch_idx / postgres
  PGPORT            = 5434  (server reports 18.4)
  RUN_ID            = D191073130B5F938
  WARMUP            = 2 single-copy warm-ups (the first primes the cache)
  BATCH_SIZES       = 1 2 4 8 16  x RUNS=1 measured batches each
  WORKERS           = (planner default)
  STATEMENT_TIMEOUT = 900
  THERMAL_EQUALISE  = gate (T_LO=55 T_HI=60 preheat<=60s cooldown<=120s)
  sensors           = pkg:/sys/class/hwmon/hwmon8/temp1_input cores:4 cpufreq:8 throttle:8/8
  SIGLESS_ADDR      = (disabled)
Found 1 query under queries/tpch/tpch-queries/q22/v1_materialized.sql

[1/1] queries/tpch/tpch-queries/q22/v1_materialized.sql (2 warmup + step-up 1 2 4 8 16 x1)
  thermal gate: pre-heated 5s -> 59.0 C
  warmup 1/2: 0.403651 sec (cache prime)
  warmup 2/2: 0.169245 sec
  N=1   batch 1/1: 0.184340 sec, 1 copy (server sum 99.050 ms)
  N=2   batch 1/1: 0.297671 sec, 2 copies (server sum 195.862 ms)
  N=4   batch 1/1: 0.463988 sec, 4 copies (server sum 390.519 ms)
  N=8   batch 1/1: 0.848622 sec, 8 copies (server sum 770.044 ms)
  N=16  batch 1/1: 1.658790 sec, 16 copies (server sum 1569.491 ms)
  done: 5 sizes x 1 run (0 failures)

Done. Batch rows appended to logs/warm_stepup/20260918T204804Z-d479ea/query_timing_tpch_idx.csv
Per-copy samples appended to logs/warm_stepup/20260918T204804Z-d479ea/query_samples_tpch_idx.csv
Last batch ended at epoch 1789769469.881 (PREV_END_EPOCH for the next invocation)
===== [117/159] queries/tpch/tpch-queries/q02/v2_decorrelate.sql run_id=C0283027D4324009 =====
query_runner configuration:
  QUERY_DIR         = queries/tpch/tpch-queries/q02/v2_decorrelate.sql
  LOGS_DIR          = logs/warm_stepup/20260918T204804Z-d479ea  (query_timing_/query_samples_/query_catalog_tpch_idx.csv)
  DB_NAME / DB_USER = tpch_idx / postgres
  PGPORT            = 5434  (server reports 18.4)
  RUN_ID            = C0283027D4324009
  WARMUP            = 2 single-copy warm-ups (the first primes the cache)
  BATCH_SIZES       = 1 2 4 8 16  x RUNS=1 measured batches each
  WORKERS           = (planner default)
  STATEMENT_TIMEOUT = 900
  THERMAL_EQUALISE  = gate (T_LO=55 T_HI=60 preheat<=60s cooldown<=120s)
  sensors           = pkg:/sys/class/hwmon/hwmon8/temp1_input cores:4 cpufreq:8 throttle:8/8
  SIGLESS_ADDR      = (disabled)
Found 1 query under queries/tpch/tpch-queries/q02/v2_decorrelate.sql

[1/1] queries/tpch/tpch-queries/q02/v2_decorrelate.sql (2 warmup + step-up 1 2 4 8 16 x1)
  warmup 1/2: 2.273650 sec (cache prime)
  warmup 2/2: 0.343612 sec
  N=1   batch 1/1: 0.346776 sec, 1 copy (server sum 273.330 ms)
  N=2   batch 1/1: 0.602293 sec, 2 copies (server sum 523.982 ms)
  N=4   batch 1/1: 1.110023 sec, 4 copies (server sum 1018.549 ms)
  N=8   batch 1/1: 2.144220 sec, 8 copies (server sum 2035.576 ms)
  N=16  batch 1/1: 4.237672 sec, 16 copies (server sum 4039.937 ms)
  done: 5 sizes x 1 run (0 failures)

Done. Batch rows appended to logs/warm_stepup/20260918T204804Z-d479ea/query_timing_tpch_idx.csv
Per-copy samples appended to logs/warm_stepup/20260918T204804Z-d479ea/query_samples_tpch_idx.csv
Last batch ended at epoch 1789769485.182 (PREV_END_EPOCH for the next invocation)
===== [118/159] queries/tpch/tpch-queries/q01/v1_materialized.sql run_id=31B42BC067F8A330 =====
query_runner configuration:
  QUERY_DIR         = queries/tpch/tpch-queries/q01/v1_materialized.sql
  LOGS_DIR          = logs/warm_stepup/20260918T204804Z-d479ea  (query_timing_/query_samples_/query_catalog_tpch_idx.csv)
  DB_NAME / DB_USER = tpch_idx / postgres
  PGPORT            = 5434  (server reports 18.4)
  RUN_ID            = 31B42BC067F8A330
  WARMUP            = 2 single-copy warm-ups (the first primes the cache)
  BATCH_SIZES       = 1 2 4 8 16  x RUNS=1 measured batches each
  WORKERS           = (planner default)
  STATEMENT_TIMEOUT = 900
  THERMAL_EQUALISE  = gate (T_LO=55 T_HI=60 preheat<=60s cooldown<=120s)
  sensors           = pkg:/sys/class/hwmon/hwmon8/temp1_input cores:4 cpufreq:8 throttle:8/8
  SIGLESS_ADDR      = (disabled)
Found 1 query under queries/tpch/tpch-queries/q01/v1_materialized.sql

[1/1] queries/tpch/tpch-queries/q01/v1_materialized.sql (2 warmup + step-up 1 2 4 8 16 x1)
  thermal gate: pre-heated 5s -> 58.0 C
  warmup 1/2: 3.235199 sec (cache prime)
  warmup 2/2: 2.437090 sec
  N=1   batch 1/1: 2.434101 sec, 1 copy (server sum 2364.550 ms)
  N=2   batch 1/1: 4.773421 sec, 2 copies (server sum 4703.431 ms)
  N=4   batch 1/1: 9.450213 sec, 4 copies (server sum 9365.468 ms)
  N=8   batch 1/1: 18.784087 sec, 8 copies (server sum 18707.272 ms)
  N=16  batch 1/1: 37.449777 sec, 16 copies (server sum 37365.341 ms)
  done: 5 sizes x 1 run (0 failures)

Done. Batch rows appended to logs/warm_stepup/20260918T204804Z-d479ea/query_timing_tpch_idx.csv
Per-copy samples appended to logs/warm_stepup/20260918T204804Z-d479ea/query_samples_tpch_idx.csv
Last batch ended at epoch 1789769573.317 (PREV_END_EPOCH for the next invocation)
===== [119/159] queries/tpch/tpch-queries/q06/base.sql run_id=9E867A122CCE60F1 =====
query_runner configuration:
  QUERY_DIR         = queries/tpch/tpch-queries/q06/base.sql
  LOGS_DIR          = logs/warm_stepup/20260918T204804Z-d479ea  (query_timing_/query_samples_/query_catalog_tpch_idx.csv)
  DB_NAME / DB_USER = tpch_idx / postgres
  PGPORT            = 5434  (server reports 18.4)
  RUN_ID            = 9E867A122CCE60F1
  WARMUP            = 2 single-copy warm-ups (the first primes the cache)
  BATCH_SIZES       = 1 2 4 8 16  x RUNS=1 measured batches each
  WORKERS           = (planner default)
  STATEMENT_TIMEOUT = 900
  THERMAL_EQUALISE  = gate (T_LO=55 T_HI=60 preheat<=60s cooldown<=120s)
  sensors           = pkg:/sys/class/hwmon/hwmon8/temp1_input cores:4 cpufreq:8 throttle:8/8
  SIGLESS_ADDR      = (disabled)
Found 1 query under queries/tpch/tpch-queries/q06/base.sql

[1/1] queries/tpch/tpch-queries/q06/base.sql (2 warmup + step-up 1 2 4 8 16 x1)
  warmup 1/2: 0.405005 sec (cache prime)
  warmup 2/2: 0.166377 sec
  N=1   batch 1/1: 0.177296 sec, 1 copy (server sum 95.643 ms)
  N=2   batch 1/1: 0.285551 sec, 2 copies (server sum 191.414 ms)
  N=4   batch 1/1: 0.470198 sec, 4 copies (server sum 398.432 ms)
  N=8   batch 1/1: 0.849810 sec, 8 copies (server sum 775.260 ms)
  N=16  batch 1/1: 1.614787 sec, 16 copies (server sum 1534.023 ms)
  done: 5 sizes x 1 run (0 failures)

Done. Batch rows appended to logs/warm_stepup/20260918T204804Z-d479ea/query_timing_tpch_idx.csv
Per-copy samples appended to logs/warm_stepup/20260918T204804Z-d479ea/query_samples_tpch_idx.csv
Last batch ended at epoch 1789769582.138 (PREV_END_EPOCH for the next invocation)
===== [120/159] queries/tpch/tpch-queries/q05/v1_materialized.sql run_id=8E69842A6A0442D2 =====
query_runner configuration:
  QUERY_DIR         = queries/tpch/tpch-queries/q05/v1_materialized.sql
  LOGS_DIR          = logs/warm_stepup/20260918T204804Z-d479ea  (query_timing_/query_samples_/query_catalog_tpch_idx.csv)
  DB_NAME / DB_USER = tpch_idx / postgres
  PGPORT            = 5434  (server reports 18.4)
  RUN_ID            = 8E69842A6A0442D2
  WARMUP            = 2 single-copy warm-ups (the first primes the cache)
  BATCH_SIZES       = 1 2 4 8 16  x RUNS=1 measured batches each
  WORKERS           = (planner default)
  STATEMENT_TIMEOUT = 900
  THERMAL_EQUALISE  = gate (T_LO=55 T_HI=60 preheat<=60s cooldown<=120s)
  sensors           = pkg:/sys/class/hwmon/hwmon8/temp1_input cores:4 cpufreq:8 throttle:8/8
  SIGLESS_ADDR      = (disabled)
Found 1 query under queries/tpch/tpch-queries/q05/v1_materialized.sql

[1/1] queries/tpch/tpch-queries/q05/v1_materialized.sql (2 warmup + step-up 1 2 4 8 16 x1)
  warmup 1/2: 6.356065 sec (cache prime)
  warmup 2/2: 0.395519 sec
  N=1   batch 1/1: 0.437505 sec, 1 copy (server sum 322.211 ms)
  N=2   batch 1/1: 0.703379 sec, 2 copies (server sum 624.688 ms)
  N=4   batch 1/1: 1.306578 sec, 4 copies (server sum 1221.110 ms)
  N=8   batch 1/1: 2.531353 sec, 8 copies (server sum 2430.160 ms)
  N=16  batch 1/1: 4.959931 sec, 16 copies (server sum 4829.355 ms)
  done: 5 sizes x 1 run (0 failures)

Done. Batch rows appended to logs/warm_stepup/20260918T204804Z-d479ea/query_timing_tpch_idx.csv
Per-copy samples appended to logs/warm_stepup/20260918T204804Z-d479ea/query_samples_tpch_idx.csv
Last batch ended at epoch 1789769602.887 (PREV_END_EPOCH for the next invocation)
===== [121/159] queries/tpch/tpch-queries/q18/v1_materialized.sql run_id=F695D3364BE3BC1C =====
query_runner configuration:
  QUERY_DIR         = queries/tpch/tpch-queries/q18/v1_materialized.sql
  LOGS_DIR          = logs/warm_stepup/20260918T204804Z-d479ea  (query_timing_/query_samples_/query_catalog_tpch_idx.csv)
  DB_NAME / DB_USER = tpch_idx / postgres
  PGPORT            = 5434  (server reports 18.4)
  RUN_ID            = F695D3364BE3BC1C
  WARMUP            = 2 single-copy warm-ups (the first primes the cache)
  BATCH_SIZES       = 1 2 4 8 16  x RUNS=1 measured batches each
  WORKERS           = (planner default)
  STATEMENT_TIMEOUT = 900
  THERMAL_EQUALISE  = gate (T_LO=55 T_HI=60 preheat<=60s cooldown<=120s)
  sensors           = pkg:/sys/class/hwmon/hwmon8/temp1_input cores:4 cpufreq:8 throttle:8/8
  SIGLESS_ADDR      = (disabled)
Found 1 query under queries/tpch/tpch-queries/q18/v1_materialized.sql

[1/1] queries/tpch/tpch-queries/q18/v1_materialized.sql (2 warmup + step-up 1 2 4 8 16 x1)
  warmup 1/2: 8.249438 sec (cache prime)
  warmup 2/2: 6.926660 sec
  N=1   batch 1/1: 6.916105 sec, 1 copy (server sum 6843.748 ms)
  N=2   batch 1/1: 13.725481 sec, 2 copies (server sum 13651.905 ms)
  N=4   batch 1/1: 27.261245 sec, 4 copies (server sum 27183.724 ms)
  N=8   batch 1/1: 54.314226 sec, 8 copies (server sum 54179.618 ms)
  N=16  batch 1/1: 108.145039 sec, 16 copies (server sum 108013.238 ms)
  done: 5 sizes x 1 run (0 failures)

Done. Batch rows appended to logs/warm_stepup/20260918T204804Z-d479ea/query_timing_tpch_idx.csv
Per-copy samples appended to logs/warm_stepup/20260918T204804Z-d479ea/query_samples_tpch_idx.csv
Last batch ended at epoch 1789769832.940 (PREV_END_EPOCH for the next invocation)
===== [122/159] queries/tpch/tpch-queries/q03/v1_materialized.sql run_id=9469E701E13FF076 =====
query_runner configuration:
  QUERY_DIR         = queries/tpch/tpch-queries/q03/v1_materialized.sql
  LOGS_DIR          = logs/warm_stepup/20260918T204804Z-d479ea  (query_timing_/query_samples_/query_catalog_tpch_idx.csv)
  DB_NAME / DB_USER = tpch_idx / postgres
  PGPORT            = 5434  (server reports 18.4)
  RUN_ID            = 9469E701E13FF076
  WARMUP            = 2 single-copy warm-ups (the first primes the cache)
  BATCH_SIZES       = 1 2 4 8 16  x RUNS=1 measured batches each
  WORKERS           = (planner default)
  STATEMENT_TIMEOUT = 900
  THERMAL_EQUALISE  = gate (T_LO=55 T_HI=60 preheat<=60s cooldown<=120s)
  sensors           = pkg:/sys/class/hwmon/hwmon8/temp1_input cores:4 cpufreq:8 throttle:8/8
  SIGLESS_ADDR      = (disabled)
Found 1 query under queries/tpch/tpch-queries/q03/v1_materialized.sql

[1/1] queries/tpch/tpch-queries/q03/v1_materialized.sql (2 warmup + step-up 1 2 4 8 16 x1)
  warmup 1/2: 1.845140 sec (cache prime)
  warmup 2/2: 0.557479 sec
  N=1   batch 1/1: 0.514893 sec, 1 copy (server sum 444.236 ms)
  N=2   batch 1/1: 0.917356 sec, 2 copies (server sum 845.118 ms)
  N=4   batch 1/1: 1.680926 sec, 4 copies (server sum 1605.219 ms)
  N=8   batch 1/1: 3.227377 sec, 8 copies (server sum 3144.336 ms)
  N=16  batch 1/1: 6.308288 sec, 16 copies (server sum 6214.599 ms)
  done: 5 sizes x 1 run (0 failures)

Done. Batch rows appended to logs/warm_stepup/20260918T204804Z-d479ea/query_timing_tpch_idx.csv
Per-copy samples appended to logs/warm_stepup/20260918T204804Z-d479ea/query_samples_tpch_idx.csv
Last batch ended at epoch 1789769852.853 (PREV_END_EPOCH for the next invocation)
===== [123/159] queries/tpch/tpch-queries/q13/base.sql run_id=88F34C3F01FF6EF9 =====
query_runner configuration:
  QUERY_DIR         = queries/tpch/tpch-queries/q13/base.sql
  LOGS_DIR          = logs/warm_stepup/20260918T204804Z-d479ea  (query_timing_/query_samples_/query_catalog_tpch_idx.csv)
  DB_NAME / DB_USER = tpch_idx / postgres
  PGPORT            = 5434  (server reports 18.4)
  RUN_ID            = 88F34C3F01FF6EF9
  WARMUP            = 2 single-copy warm-ups (the first primes the cache)
  BATCH_SIZES       = 1 2 4 8 16  x RUNS=1 measured batches each
  WORKERS           = (planner default)
  STATEMENT_TIMEOUT = 900
  THERMAL_EQUALISE  = gate (T_LO=55 T_HI=60 preheat<=60s cooldown<=120s)
  sensors           = pkg:/sys/class/hwmon/hwmon8/temp1_input cores:4 cpufreq:8 throttle:8/8
  SIGLESS_ADDR      = (disabled)
Found 1 query under queries/tpch/tpch-queries/q13/base.sql

[1/1] queries/tpch/tpch-queries/q13/base.sql (2 warmup + step-up 1 2 4 8 16 x1)
  warmup 1/2: 2.330250 sec (cache prime)
  warmup 2/2: 1.982248 sec
  N=1   batch 1/1: 2.009651 sec, 1 copy (server sum 1917.685 ms)
  N=2   batch 1/1: 3.851850 sec, 2 copies (server sum 3779.763 ms)
  N=4   batch 1/1: 7.610350 sec, 4 copies (server sum 7533.374 ms)
  N=8   batch 1/1: 15.211725 sec, 8 copies (server sum 15092.262 ms)
  N=16  batch 1/1: 30.296444 sec, 16 copies (server sum 30185.234 ms)
  done: 5 sizes x 1 run (0 failures)

Done. Batch rows appended to logs/warm_stepup/20260918T204804Z-d479ea/query_timing_tpch_idx.csv
Per-copy samples appended to logs/warm_stepup/20260918T204804Z-d479ea/query_samples_tpch_idx.csv
Last batch ended at epoch 1789769920.700 (PREV_END_EPOCH for the next invocation)
===== [124/159] queries/tpch/tpch-queries/q07/v1_materialized.sql run_id=3786503727F8F317 =====
query_runner configuration:
  QUERY_DIR         = queries/tpch/tpch-queries/q07/v1_materialized.sql
  LOGS_DIR          = logs/warm_stepup/20260918T204804Z-d479ea  (query_timing_/query_samples_/query_catalog_tpch_idx.csv)
  DB_NAME / DB_USER = tpch_idx / postgres
  PGPORT            = 5434  (server reports 18.4)
  RUN_ID            = 3786503727F8F317
  WARMUP            = 2 single-copy warm-ups (the first primes the cache)
  BATCH_SIZES       = 1 2 4 8 16  x RUNS=1 measured batches each
  WORKERS           = (planner default)
  STATEMENT_TIMEOUT = 900
  THERMAL_EQUALISE  = gate (T_LO=55 T_HI=60 preheat<=60s cooldown<=120s)
  sensors           = pkg:/sys/class/hwmon/hwmon8/temp1_input cores:4 cpufreq:8 throttle:8/8
  SIGLESS_ADDR      = (disabled)
Found 1 query under queries/tpch/tpch-queries/q07/v1_materialized.sql

[1/1] queries/tpch/tpch-queries/q07/v1_materialized.sql (2 warmup + step-up 1 2 4 8 16 x1)
  thermal gate: pre-heated 5s -> 56.0 C
  warmup 1/2: 14.268802 sec (cache prime)
  warmup 2/2: 0.929414 sec
  N=1   batch 1/1: 0.916744 sec, 1 copy (server sum 842.728 ms)
  N=2   batch 1/1: 1.710196 sec, 2 copies (server sum 1631.053 ms)
  N=4   batch 1/1: 3.304495 sec, 4 copies (server sum 3216.970 ms)
  N=8   batch 1/1: 6.504166 sec, 8 copies (server sum 6399.181 ms)
  N=16  batch 1/1: 12.929855 sec, 16 copies (server sum 12740.415 ms)
  done: 5 sizes x 1 run (0 failures)

Done. Batch rows appended to logs/warm_stepup/20260918T204804Z-d479ea/query_timing_tpch_idx.csv
Per-copy samples appended to logs/warm_stepup/20260918T204804Z-d479ea/query_samples_tpch_idx.csv
Last batch ended at epoch 1789769970.751 (PREV_END_EPOCH for the next invocation)
===== [125/159] queries/tpch/tpch-queries/q18/v2_join.sql run_id=939E0E671E21BB14 =====
query_runner configuration:
  QUERY_DIR         = queries/tpch/tpch-queries/q18/v2_join.sql
  LOGS_DIR          = logs/warm_stepup/20260918T204804Z-d479ea  (query_timing_/query_samples_/query_catalog_tpch_idx.csv)
  DB_NAME / DB_USER = tpch_idx / postgres
  PGPORT            = 5434  (server reports 18.4)
  RUN_ID            = 939E0E671E21BB14
  WARMUP            = 2 single-copy warm-ups (the first primes the cache)
  BATCH_SIZES       = 1 2 4 8 16  x RUNS=1 measured batches each
  WORKERS           = (planner default)
  STATEMENT_TIMEOUT = 900
  THERMAL_EQUALISE  = gate (T_LO=55 T_HI=60 preheat<=60s cooldown<=120s)
  sensors           = pkg:/sys/class/hwmon/hwmon8/temp1_input cores:4 cpufreq:8 throttle:8/8
  SIGLESS_ADDR      = (disabled)
Found 1 query under queries/tpch/tpch-queries/q18/v2_join.sql

[1/1] queries/tpch/tpch-queries/q18/v2_join.sql (2 warmup + step-up 1 2 4 8 16 x1)
  thermal gate: pre-heated 5s -> 57.0 C
  warmup 1/2: 8.315760 sec (cache prime)
  warmup 2/2: 6.966247 sec
  N=1   batch 1/1: 6.881458 sec, 1 copy (server sum 6809.763 ms)
  N=2   batch 1/1: 13.619160 sec, 2 copies (server sum 13527.335 ms)
  N=4   batch 1/1: 27.273360 sec, 4 copies (server sum 27161.233 ms)
  N=8   batch 1/1: 53.938108 sec, 8 copies (server sum 53847.490 ms)
  N=16  batch 1/1: 108.076292 sec, 16 copies (server sum 107968.330 ms)
  done: 5 sizes x 1 run (0 failures)

Done. Batch rows appended to logs/warm_stepup/20260918T204804Z-d479ea/query_timing_tpch_idx.csv
Per-copy samples appended to logs/warm_stepup/20260918T204804Z-d479ea/query_samples_tpch_idx.csv
Last batch ended at epoch 1789770205.813 (PREV_END_EPOCH for the next invocation)
===== [126/159] queries/tpch/tpch-queries/q08/base.sql run_id=B582E9BF40E45520 =====
query_runner configuration:
  QUERY_DIR         = queries/tpch/tpch-queries/q08/base.sql
  LOGS_DIR          = logs/warm_stepup/20260918T204804Z-d479ea  (query_timing_/query_samples_/query_catalog_tpch_idx.csv)
  DB_NAME / DB_USER = tpch_idx / postgres
  PGPORT            = 5434  (server reports 18.4)
  RUN_ID            = B582E9BF40E45520
  WARMUP            = 2 single-copy warm-ups (the first primes the cache)
  BATCH_SIZES       = 1 2 4 8 16  x RUNS=1 measured batches each
  WORKERS           = (planner default)
  STATEMENT_TIMEOUT = 900
  THERMAL_EQUALISE  = gate (T_LO=55 T_HI=60 preheat<=60s cooldown<=120s)
  sensors           = pkg:/sys/class/hwmon/hwmon8/temp1_input cores:4 cpufreq:8 throttle:8/8
  SIGLESS_ADDR      = (disabled)
Found 1 query under queries/tpch/tpch-queries/q08/base.sql

[1/1] queries/tpch/tpch-queries/q08/base.sql (2 warmup + step-up 1 2 4 8 16 x1)
  thermal gate: waited 2s -> 57.0 C
  warmup 1/2: 7.586427 sec (cache prime)
  warmup 2/2: 0.256572 sec
  N=1   batch 1/1: 0.255150 sec, 1 copy (server sum 180.306 ms)
  N=2   batch 1/1: 0.418266 sec, 2 copies (server sum 338.214 ms)
  N=4   batch 1/1: 0.745826 sec, 4 copies (server sum 659.337 ms)
  N=8   batch 1/1: 1.403275 sec, 8 copies (server sum 1300.735 ms)
  N=16  batch 1/1: 2.741950 sec, 16 copies (server sum 2561.969 ms)
  done: 5 sizes x 1 run (0 failures)

Done. Batch rows appended to logs/warm_stepup/20260918T204804Z-d479ea/query_timing_tpch_idx.csv
Per-copy samples appended to logs/warm_stepup/20260918T204804Z-d479ea/query_samples_tpch_idx.csv
Last batch ended at epoch 1789770226.047 (PREV_END_EPOCH for the next invocation)
===== [127/159] queries/tpch/tpch-queries/q09/base.sql run_id=2C953AED0E5DEA1E =====
query_runner configuration:
  QUERY_DIR         = queries/tpch/tpch-queries/q09/base.sql
  LOGS_DIR          = logs/warm_stepup/20260918T204804Z-d479ea  (query_timing_/query_samples_/query_catalog_tpch_idx.csv)
  DB_NAME / DB_USER = tpch_idx / postgres
  PGPORT            = 5434  (server reports 18.4)
  RUN_ID            = 2C953AED0E5DEA1E
  WARMUP            = 2 single-copy warm-ups (the first primes the cache)
  BATCH_SIZES       = 1 2 4 8 16  x RUNS=1 measured batches each
  WORKERS           = (planner default)
  STATEMENT_TIMEOUT = 900
  THERMAL_EQUALISE  = gate (T_LO=55 T_HI=60 preheat<=60s cooldown<=120s)
  sensors           = pkg:/sys/class/hwmon/hwmon8/temp1_input cores:4 cpufreq:8 throttle:8/8
  SIGLESS_ADDR      = (disabled)
Found 1 query under queries/tpch/tpch-queries/q09/base.sql

[1/1] queries/tpch/tpch-queries/q09/base.sql (2 warmup + step-up 1 2 4 8 16 x1)
  warmup 1/2: 9.715969 sec (cache prime)
  warmup 2/2: 1.743938 sec
  N=1   batch 1/1: 1.729440 sec, 1 copy (server sum 1653.258 ms)
  N=2   batch 1/1: 3.357410 sec, 2 copies (server sum 3276.321 ms)
  N=4   batch 1/1: 6.609365 sec, 4 copies (server sum 6518.712 ms)
  N=8   batch 1/1: 13.086232 sec, 8 copies (server sum 12932.873 ms)
  N=16  batch 1/1: 25.987375 sec, 16 copies (server sum 25838.514 ms)
  done: 5 sizes x 1 run (0 failures)

Done. Batch rows appended to logs/warm_stepup/20260918T204804Z-d479ea/query_timing_tpch_idx.csv
Per-copy samples appended to logs/warm_stepup/20260918T204804Z-d479ea/query_samples_tpch_idx.csv
Last batch ended at epoch 1789770292.711 (PREV_END_EPOCH for the next invocation)
===== [128/159] queries/tpch/tpch-queries/q08/v1_materialized.sql run_id=36E9CC3CC0F9BB6E =====
query_runner configuration:
  QUERY_DIR         = queries/tpch/tpch-queries/q08/v1_materialized.sql
  LOGS_DIR          = logs/warm_stepup/20260918T204804Z-d479ea  (query_timing_/query_samples_/query_catalog_tpch_idx.csv)
  DB_NAME / DB_USER = tpch_idx / postgres
  PGPORT            = 5434  (server reports 18.4)
  RUN_ID            = 36E9CC3CC0F9BB6E
  WARMUP            = 2 single-copy warm-ups (the first primes the cache)
  BATCH_SIZES       = 1 2 4 8 16  x RUNS=1 measured batches each
  WORKERS           = (planner default)
  STATEMENT_TIMEOUT = 900
  THERMAL_EQUALISE  = gate (T_LO=55 T_HI=60 preheat<=60s cooldown<=120s)
  sensors           = pkg:/sys/class/hwmon/hwmon8/temp1_input cores:4 cpufreq:8 throttle:8/8
  SIGLESS_ADDR      = (disabled)
Found 1 query under queries/tpch/tpch-queries/q08/v1_materialized.sql

[1/1] queries/tpch/tpch-queries/q08/v1_materialized.sql (2 warmup + step-up 1 2 4 8 16 x1)
  warmup 1/2: 7.578807 sec (cache prime)
  warmup 2/2: 0.258690 sec
  N=1   batch 1/1: 0.253032 sec, 1 copy (server sum 178.319 ms)
  N=2   batch 1/1: 0.425648 sec, 2 copies (server sum 346.782 ms)
  N=4   batch 1/1: 0.756401 sec, 4 copies (server sum 667.194 ms)
  N=8   batch 1/1: 1.408941 sec, 8 copies (server sum 1304.967 ms)
  N=16  batch 1/1: 2.726423 sec, 16 copies (server sum 2590.985 ms)
  done: 5 sizes x 1 run (0 failures)

Done. Batch rows appended to logs/warm_stepup/20260918T204804Z-d479ea/query_timing_tpch_idx.csv
Per-copy samples appended to logs/warm_stepup/20260918T204804Z-d479ea/query_samples_tpch_idx.csv
Last batch ended at epoch 1789770311.011 (PREV_END_EPOCH for the next invocation)
===== [129/159] queries/tpch/tpch-queries/q14/base.sql run_id=B4E09598891C31E4 =====
query_runner configuration:
  QUERY_DIR         = queries/tpch/tpch-queries/q14/base.sql
  LOGS_DIR          = logs/warm_stepup/20260918T204804Z-d479ea  (query_timing_/query_samples_/query_catalog_tpch_idx.csv)
  DB_NAME / DB_USER = tpch_idx / postgres
  PGPORT            = 5434  (server reports 18.4)
  RUN_ID            = B4E09598891C31E4
  WARMUP            = 2 single-copy warm-ups (the first primes the cache)
  BATCH_SIZES       = 1 2 4 8 16  x RUNS=1 measured batches each
  WORKERS           = (planner default)
  STATEMENT_TIMEOUT = 900
  THERMAL_EQUALISE  = gate (T_LO=55 T_HI=60 preheat<=60s cooldown<=120s)
  sensors           = pkg:/sys/class/hwmon/hwmon8/temp1_input cores:4 cpufreq:8 throttle:8/8
  SIGLESS_ADDR      = (disabled)
Found 1 query under queries/tpch/tpch-queries/q14/base.sql

[1/1] queries/tpch/tpch-queries/q14/base.sql (2 warmup + step-up 1 2 4 8 16 x1)
  thermal gate: pre-heated 5s -> 57.0 C
  warmup 1/2: 1.688716 sec (cache prime)
  warmup 2/2: 0.297079 sec
  N=1   batch 1/1: 0.294384 sec, 1 copy (server sum 224.079 ms)
  N=2   batch 1/1: 0.479295 sec, 2 copies (server sum 407.926 ms)
  N=4   batch 1/1: 0.868823 sec, 4 copies (server sum 794.566 ms)
  N=8   batch 1/1: 1.633472 sec, 8 copies (server sum 1552.114 ms)
  N=16  batch 1/1: 3.147905 sec, 16 copies (server sum 3054.191 ms)
  done: 5 sizes x 1 run (0 failures)

Done. Batch rows appended to logs/warm_stepup/20260918T204804Z-d479ea/query_timing_tpch_idx.csv
Per-copy samples appended to logs/warm_stepup/20260918T204804Z-d479ea/query_samples_tpch_idx.csv
Last batch ended at epoch 1789770329.233 (PREV_END_EPOCH for the next invocation)
===== [130/159] queries/tpch/tpch-queries/q17/v2_decorrelate.sql run_id=A3441C6F34EF6CEF =====
query_runner configuration:
  QUERY_DIR         = queries/tpch/tpch-queries/q17/v2_decorrelate.sql
  LOGS_DIR          = logs/warm_stepup/20260918T204804Z-d479ea  (query_timing_/query_samples_/query_catalog_tpch_idx.csv)
  DB_NAME / DB_USER = tpch_idx / postgres
  PGPORT            = 5434  (server reports 18.4)
  RUN_ID            = A3441C6F34EF6CEF
  WARMUP            = 2 single-copy warm-ups (the first primes the cache)
  BATCH_SIZES       = 1 2 4 8 16  x RUNS=1 measured batches each
  WORKERS           = (planner default)
  STATEMENT_TIMEOUT = 900
  THERMAL_EQUALISE  = gate (T_LO=55 T_HI=60 preheat<=60s cooldown<=120s)
  sensors           = pkg:/sys/class/hwmon/hwmon8/temp1_input cores:4 cpufreq:8 throttle:8/8
  SIGLESS_ADDR      = (disabled)
Found 1 query under queries/tpch/tpch-queries/q17/v2_decorrelate.sql

[1/1] queries/tpch/tpch-queries/q17/v2_decorrelate.sql (2 warmup + step-up 1 2 4 8 16 x1)
  thermal gate: pre-heated 5s -> 57.0 C
  warmup 1/2: 5.178506 sec (cache prime)
  warmup 2/2: 4.590059 sec
  N=1   batch 1/1: 4.595859 sec, 1 copy (server sum 4504.437 ms)
  N=2   batch 1/1: 9.016192 sec, 2 copies (server sum 8914.972 ms)
  N=4   batch 1/1: 17.934961 sec, 4 copies (server sum 17821.784 ms)
  N=8   batch 1/1: 35.271327 sec, 8 copies (server sum 35191.654 ms)
  N=16  batch 1/1: 70.494022 sec, 16 copies (server sum 70400.877 ms)
  done: 5 sizes x 1 run (0 failures)

Done. Batch rows appended to logs/warm_stepup/20260918T204804Z-d479ea/query_timing_tpch_idx.csv
Per-copy samples appended to logs/warm_stepup/20260918T204804Z-d479ea/query_samples_tpch_idx.csv
Last batch ended at epoch 1789770485.503 (PREV_END_EPOCH for the next invocation)
===== [131/159] queries/tpch/tpch-queries/q03/v1_materialized.sql run_id=570A550B86347E87 =====
query_runner configuration:
  QUERY_DIR         = queries/tpch/tpch-queries/q03/v1_materialized.sql
  LOGS_DIR          = logs/warm_stepup/20260918T204804Z-d479ea  (query_timing_/query_samples_/query_catalog_tpch_idx.csv)
  DB_NAME / DB_USER = tpch_idx / postgres
  PGPORT            = 5434  (server reports 18.4)
  RUN_ID            = 570A550B86347E87
  WARMUP            = 2 single-copy warm-ups (the first primes the cache)
  BATCH_SIZES       = 1 2 4 8 16  x RUNS=1 measured batches each
  WORKERS           = (planner default)
  STATEMENT_TIMEOUT = 900
  THERMAL_EQUALISE  = gate (T_LO=55 T_HI=60 preheat<=60s cooldown<=120s)
  sensors           = pkg:/sys/class/hwmon/hwmon8/temp1_input cores:4 cpufreq:8 throttle:8/8
  SIGLESS_ADDR      = (disabled)
Found 1 query under queries/tpch/tpch-queries/q03/v1_materialized.sql

[1/1] queries/tpch/tpch-queries/q03/v1_materialized.sql (2 warmup + step-up 1 2 4 8 16 x1)
  thermal gate: pre-heated 10s -> 55.0 C
  warmup 1/2: 1.778935 sec (cache prime)
  warmup 2/2: 0.517990 sec
  N=1   batch 1/1: 0.514273 sec, 1 copy (server sum 443.496 ms)
  N=2   batch 1/1: 0.913992 sec, 2 copies (server sum 841.744 ms)
  N=4   batch 1/1: 1.682783 sec, 4 copies (server sum 1607.599 ms)
  N=8   batch 1/1: 3.226812 sec, 8 copies (server sum 3145.569 ms)
  N=16  batch 1/1: 6.294530 sec, 16 copies (server sum 6201.223 ms)
  done: 5 sizes x 1 run (0 failures)

Done. Batch rows appended to logs/warm_stepup/20260918T204804Z-d479ea/query_timing_tpch_idx.csv
Per-copy samples appended to logs/warm_stepup/20260918T204804Z-d479ea/query_samples_tpch_idx.csv
Last batch ended at epoch 1789770515.043 (PREV_END_EPOCH for the next invocation)
===== [132/159] queries/tpch/tpch-queries/q14/base.sql run_id=B9F7976BA4A9959B =====
query_runner configuration:
  QUERY_DIR         = queries/tpch/tpch-queries/q14/base.sql
  LOGS_DIR          = logs/warm_stepup/20260918T204804Z-d479ea  (query_timing_/query_samples_/query_catalog_tpch_idx.csv)
  DB_NAME / DB_USER = tpch_idx / postgres
  PGPORT            = 5434  (server reports 18.4)
  RUN_ID            = B9F7976BA4A9959B
  WARMUP            = 2 single-copy warm-ups (the first primes the cache)
  BATCH_SIZES       = 1 2 4 8 16  x RUNS=1 measured batches each
  WORKERS           = (planner default)
  STATEMENT_TIMEOUT = 900
  THERMAL_EQUALISE  = gate (T_LO=55 T_HI=60 preheat<=60s cooldown<=120s)
  sensors           = pkg:/sys/class/hwmon/hwmon8/temp1_input cores:4 cpufreq:8 throttle:8/8
  SIGLESS_ADDR      = (disabled)
Found 1 query under queries/tpch/tpch-queries/q14/base.sql

[1/1] queries/tpch/tpch-queries/q14/base.sql (2 warmup + step-up 1 2 4 8 16 x1)
  thermal gate: pre-heated 5s -> 57.0 C
  warmup 1/2: 1.696050 sec (cache prime)
  warmup 2/2: 0.293989 sec
  N=1   batch 1/1: 0.291858 sec, 1 copy (server sum 222.564 ms)
  N=2   batch 1/1: 0.477712 sec, 2 copies (server sum 407.223 ms)
  N=4   batch 1/1: 0.889419 sec, 4 copies (server sum 815.156 ms)
  N=8   batch 1/1: 1.654967 sec, 8 copies (server sum 1554.614 ms)
  N=16  batch 1/1: 3.165987 sec, 16 copies (server sum 3076.981 ms)
  done: 5 sizes x 1 run (0 failures)

Done. Batch rows appended to logs/warm_stepup/20260918T204804Z-d479ea/query_timing_tpch_idx.csv
Per-copy samples appended to logs/warm_stepup/20260918T204804Z-d479ea/query_samples_tpch_idx.csv
Last batch ended at epoch 1789770533.353 (PREV_END_EPOCH for the next invocation)
===== [133/159] queries/tpch/tpch-queries/q15/base.sql run_id=EC59A764F225B7F8 =====
query_runner configuration:
  QUERY_DIR         = queries/tpch/tpch-queries/q15/base.sql
  LOGS_DIR          = logs/warm_stepup/20260918T204804Z-d479ea  (query_timing_/query_samples_/query_catalog_tpch_idx.csv)
  DB_NAME / DB_USER = tpch_idx / postgres
  PGPORT            = 5434  (server reports 18.4)
  RUN_ID            = EC59A764F225B7F8
  WARMUP            = 2 single-copy warm-ups (the first primes the cache)
  BATCH_SIZES       = 1 2 4 8 16  x RUNS=1 measured batches each
  WORKERS           = (planner default)
  STATEMENT_TIMEOUT = 900
  THERMAL_EQUALISE  = gate (T_LO=55 T_HI=60 preheat<=60s cooldown<=120s)
  sensors           = pkg:/sys/class/hwmon/hwmon8/temp1_input cores:4 cpufreq:8 throttle:8/8
  SIGLESS_ADDR      = (disabled)
Found 1 query under queries/tpch/tpch-queries/q15/base.sql

[1/1] queries/tpch/tpch-queries/q15/base.sql (2 warmup + step-up 1 2 4 8 16 x1)
  thermal gate: pre-heated 5s -> 57.0 C
  warmup 1/2: 2.410876 sec (cache prime)
  warmup 2/2: 0.486241 sec
  N=1   batch 1/1: 0.487004 sec, 1 copy (server sum 417.123 ms)
  N=2   batch 1/1: 0.815917 sec, 2 copies (server sum 745.042 ms)
  N=4   batch 1/1: 1.472328 sec, 4 copies (server sum 1399.003 ms)
  N=8   batch 1/1: 2.770626 sec, 8 copies (server sum 2693.175 ms)
  N=16  batch 1/1: 5.341591 sec, 16 copies (server sum 5247.185 ms)
  done: 5 sizes x 1 run (0 failures)

Done. Batch rows appended to logs/warm_stepup/20260918T204804Z-d479ea/query_timing_tpch_idx.csv
Per-copy samples appended to logs/warm_stepup/20260918T204804Z-d479ea/query_samples_tpch_idx.csv
Last batch ended at epoch 1789770556.775 (PREV_END_EPOCH for the next invocation)
===== [134/159] queries/tpch/tpch-queries/q12/base.sql run_id=2DBCA5FA70E132DF =====
query_runner configuration:
  QUERY_DIR         = queries/tpch/tpch-queries/q12/base.sql
  LOGS_DIR          = logs/warm_stepup/20260918T204804Z-d479ea  (query_timing_/query_samples_/query_catalog_tpch_idx.csv)
  DB_NAME / DB_USER = tpch_idx / postgres
  PGPORT            = 5434  (server reports 18.4)
  RUN_ID            = 2DBCA5FA70E132DF
  WARMUP            = 2 single-copy warm-ups (the first primes the cache)
  BATCH_SIZES       = 1 2 4 8 16  x RUNS=1 measured batches each
  WORKERS           = (planner default)
  STATEMENT_TIMEOUT = 900
  THERMAL_EQUALISE  = gate (T_LO=55 T_HI=60 preheat<=60s cooldown<=120s)
  sensors           = pkg:/sys/class/hwmon/hwmon8/temp1_input cores:4 cpufreq:8 throttle:8/8
  SIGLESS_ADDR      = (disabled)
Found 1 query under queries/tpch/tpch-queries/q12/base.sql

[1/1] queries/tpch/tpch-queries/q12/base.sql (2 warmup + step-up 1 2 4 8 16 x1)
  thermal gate: pre-heated 5s -> 56.0 C
  warmup 1/2: 1.925356 sec (cache prime)
  warmup 2/2: 0.552969 sec
  N=1   batch 1/1: 0.551223 sec, 1 copy (server sum 481.959 ms)
  N=2   batch 1/1: 0.986067 sec, 2 copies (server sum 915.623 ms)
  N=4   batch 1/1: 1.881498 sec, 4 copies (server sum 1778.842 ms)
  N=8   batch 1/1: 3.685024 sec, 8 copies (server sum 3602.470 ms)
  N=16  batch 1/1: 7.159877 sec, 16 copies (server sum 7069.221 ms)
  done: 5 sizes x 1 run (0 failures)

Done. Batch rows appended to logs/warm_stepup/20260918T204804Z-d479ea/query_timing_tpch_idx.csv
Per-copy samples appended to logs/warm_stepup/20260918T204804Z-d479ea/query_samples_tpch_idx.csv
Last batch ended at epoch 1789770582.866 (PREV_END_EPOCH for the next invocation)
===== [135/159] queries/tpch/tpch-queries/q11/v1_materialized.sql run_id=D833E0E37A39508A =====
query_runner configuration:
  QUERY_DIR         = queries/tpch/tpch-queries/q11/v1_materialized.sql
  LOGS_DIR          = logs/warm_stepup/20260918T204804Z-d479ea  (query_timing_/query_samples_/query_catalog_tpch_idx.csv)
  DB_NAME / DB_USER = tpch_idx / postgres
  PGPORT            = 5434  (server reports 18.4)
  RUN_ID            = D833E0E37A39508A
  WARMUP            = 2 single-copy warm-ups (the first primes the cache)
  BATCH_SIZES       = 1 2 4 8 16  x RUNS=1 measured batches each
  WORKERS           = (planner default)
  STATEMENT_TIMEOUT = 900
  THERMAL_EQUALISE  = gate (T_LO=55 T_HI=60 preheat<=60s cooldown<=120s)
  sensors           = pkg:/sys/class/hwmon/hwmon8/temp1_input cores:4 cpufreq:8 throttle:8/8
  SIGLESS_ADDR      = (disabled)
Found 1 query under queries/tpch/tpch-queries/q11/v1_materialized.sql

[1/1] queries/tpch/tpch-queries/q11/v1_materialized.sql (2 warmup + step-up 1 2 4 8 16 x1)
  thermal gate: pre-heated 5s -> 57.0 C
  warmup 1/2: 1.742346 sec (cache prime)
  warmup 2/2: 0.191905 sec
  N=1   batch 1/1: 0.231699 sec, 1 copy (server sum 122.428 ms)
  N=2   batch 1/1: 0.305913 sec, 2 copies (server sum 232.389 ms)
  N=4   batch 1/1: 0.525294 sec, 4 copies (server sum 446.763 ms)
  N=8   batch 1/1: 0.985155 sec, 8 copies (server sum 895.173 ms)
  N=16  batch 1/1: 1.882032 sec, 16 copies (server sum 1741.876 ms)
  done: 5 sizes x 1 run (0 failures)

Done. Batch rows appended to logs/warm_stepup/20260918T204804Z-d479ea/query_timing_tpch_idx.csv
Per-copy samples appended to logs/warm_stepup/20260918T204804Z-d479ea/query_samples_tpch_idx.csv
Last batch ended at epoch 1789770598.342 (PREV_END_EPOCH for the next invocation)
===== [136/159] queries/tpch/tpch-queries/q04/v1_materialized.sql run_id=230CFFA4DACD429E =====
query_runner configuration:
  QUERY_DIR         = queries/tpch/tpch-queries/q04/v1_materialized.sql
  LOGS_DIR          = logs/warm_stepup/20260918T204804Z-d479ea  (query_timing_/query_samples_/query_catalog_tpch_idx.csv)
  DB_NAME / DB_USER = tpch_idx / postgres
  PGPORT            = 5434  (server reports 18.4)
  RUN_ID            = 230CFFA4DACD429E
  WARMUP            = 2 single-copy warm-ups (the first primes the cache)
  BATCH_SIZES       = 1 2 4 8 16  x RUNS=1 measured batches each
  WORKERS           = (planner default)
  STATEMENT_TIMEOUT = 900
  THERMAL_EQUALISE  = gate (T_LO=55 T_HI=60 preheat<=60s cooldown<=120s)
  sensors           = pkg:/sys/class/hwmon/hwmon8/temp1_input cores:4 cpufreq:8 throttle:8/8
  SIGLESS_ADDR      = (disabled)
Found 1 query under queries/tpch/tpch-queries/q04/v1_materialized.sql

[1/1] queries/tpch/tpch-queries/q04/v1_materialized.sql (2 warmup + step-up 1 2 4 8 16 x1)
  thermal gate: pre-heated 5s -> 56.0 C
  warmup 1/2: 1.978034 sec (cache prime)
  warmup 2/2: 0.227403 sec
  N=1   batch 1/1: 0.229627 sec, 1 copy (server sum 157.603 ms)
  N=2   batch 1/1: 0.364779 sec, 2 copies (server sum 293.708 ms)
  N=4   batch 1/1: 0.648538 sec, 4 copies (server sum 565.502 ms)
  N=8   batch 1/1: 1.202436 sec, 8 copies (server sum 1120.842 ms)
  N=16  batch 1/1: 2.297183 sec, 16 copies (server sum 2204.565 ms)
  done: 5 sizes x 1 run (0 failures)

Done. Batch rows appended to logs/warm_stepup/20260918T204804Z-d479ea/query_timing_tpch_idx.csv
Per-copy samples appended to logs/warm_stepup/20260918T204804Z-d479ea/query_samples_tpch_idx.csv
Last batch ended at epoch 1789770614.612 (PREV_END_EPOCH for the next invocation)
===== [137/159] queries/tpch/tpch-queries/q05/base.sql run_id=D35F3FF04017CF1E =====
query_runner configuration:
  QUERY_DIR         = queries/tpch/tpch-queries/q05/base.sql
  LOGS_DIR          = logs/warm_stepup/20260918T204804Z-d479ea  (query_timing_/query_samples_/query_catalog_tpch_idx.csv)
  DB_NAME / DB_USER = tpch_idx / postgres
  PGPORT            = 5434  (server reports 18.4)
  RUN_ID            = D35F3FF04017CF1E
  WARMUP            = 2 single-copy warm-ups (the first primes the cache)
  BATCH_SIZES       = 1 2 4 8 16  x RUNS=1 measured batches each
  WORKERS           = (planner default)
  STATEMENT_TIMEOUT = 900
  THERMAL_EQUALISE  = gate (T_LO=55 T_HI=60 preheat<=60s cooldown<=120s)
  sensors           = pkg:/sys/class/hwmon/hwmon8/temp1_input cores:4 cpufreq:8 throttle:8/8
  SIGLESS_ADDR      = (disabled)
Found 1 query under queries/tpch/tpch-queries/q05/base.sql

[1/1] queries/tpch/tpch-queries/q05/base.sql (2 warmup + step-up 1 2 4 8 16 x1)
  thermal gate: pre-heated 5s -> 56.0 C
  warmup 1/2: 8.634113 sec (cache prime)
  warmup 2/2: 0.398849 sec
  N=1   batch 1/1: 0.442987 sec, 1 copy (server sum 324.873 ms)
  N=2   batch 1/1: 0.751149 sec, 2 copies (server sum 626.295 ms)
  N=4   batch 1/1: 1.328084 sec, 4 copies (server sum 1242.714 ms)
  N=8   batch 1/1: 2.543595 sec, 8 copies (server sum 2443.378 ms)
  N=16  batch 1/1: 4.984672 sec, 16 copies (server sum 4854.516 ms)
  done: 5 sizes x 1 run (0 failures)

Done. Batch rows appended to logs/warm_stepup/20260918T204804Z-d479ea/query_timing_tpch_idx.csv
Per-copy samples appended to logs/warm_stepup/20260918T204804Z-d479ea/query_samples_tpch_idx.csv
Last batch ended at epoch 1789770643.317 (PREV_END_EPOCH for the next invocation)
===== [138/159] queries/tpch/tpch-queries/q13/v2_correlated.sql run_id=5380341C6533ADD3 =====
query_runner configuration:
  QUERY_DIR         = queries/tpch/tpch-queries/q13/v2_correlated.sql
  LOGS_DIR          = logs/warm_stepup/20260918T204804Z-d479ea  (query_timing_/query_samples_/query_catalog_tpch_idx.csv)
  DB_NAME / DB_USER = tpch_idx / postgres
  PGPORT            = 5434  (server reports 18.4)
  RUN_ID            = 5380341C6533ADD3
  WARMUP            = 2 single-copy warm-ups (the first primes the cache)
  BATCH_SIZES       = 1 2 4 8 16  x RUNS=1 measured batches each
  WORKERS           = (planner default)
  STATEMENT_TIMEOUT = 900
  THERMAL_EQUALISE  = gate (T_LO=55 T_HI=60 preheat<=60s cooldown<=120s)
  sensors           = pkg:/sys/class/hwmon/hwmon8/temp1_input cores:4 cpufreq:8 throttle:8/8
  SIGLESS_ADDR      = (disabled)
Found 1 query under queries/tpch/tpch-queries/q13/v2_correlated.sql

[1/1] queries/tpch/tpch-queries/q13/v2_correlated.sql (2 warmup + step-up 1 2 4 8 16 x1)
  thermal gate: pre-heated 5s -> 56.0 C
  warmup 1/2: 6.255522 sec (cache prime)
  warmup 2/2: 3.328798 sec
  N=1   batch 1/1: 3.355240 sec, 1 copy (server sum 3285.685 ms)
  N=2   batch 1/1: 6.434304 sec, 2 copies (server sum 6364.318 ms)
  N=4   batch 1/1: 12.581108 sec, 4 copies (server sum 12509.147 ms)
  N=8   batch 1/1: 24.763009 sec, 8 copies (server sum 24687.400 ms)
  N=16  batch 1/1: 49.821324 sec, 16 copies (server sum 49738.052 ms)
  done: 5 sizes x 1 run (0 failures)

Done. Batch rows appended to logs/warm_stepup/20260918T204804Z-d479ea/query_timing_tpch_idx.csv
Per-copy samples appended to logs/warm_stepup/20260918T204804Z-d479ea/query_samples_tpch_idx.csv
Last batch ended at epoch 1789770759.517 (PREV_END_EPOCH for the next invocation)
===== [139/159] queries/tpch/tpch-queries/q22/base.sql run_id=9A898F6A0AD7CA9D =====
query_runner configuration:
  QUERY_DIR         = queries/tpch/tpch-queries/q22/base.sql
  LOGS_DIR          = logs/warm_stepup/20260918T204804Z-d479ea  (query_timing_/query_samples_/query_catalog_tpch_idx.csv)
  DB_NAME / DB_USER = tpch_idx / postgres
  PGPORT            = 5434  (server reports 18.4)
  RUN_ID            = 9A898F6A0AD7CA9D
  WARMUP            = 2 single-copy warm-ups (the first primes the cache)
  BATCH_SIZES       = 1 2 4 8 16  x RUNS=1 measured batches each
  WORKERS           = (planner default)
  STATEMENT_TIMEOUT = 900
  THERMAL_EQUALISE  = gate (T_LO=55 T_HI=60 preheat<=60s cooldown<=120s)
  sensors           = pkg:/sys/class/hwmon/hwmon8/temp1_input cores:4 cpufreq:8 throttle:8/8
  SIGLESS_ADDR      = (disabled)
Found 1 query under queries/tpch/tpch-queries/q22/base.sql

[1/1] queries/tpch/tpch-queries/q22/base.sql (2 warmup + step-up 1 2 4 8 16 x1)
  thermal gate: pre-heated 5s -> 55.0 C
  warmup 1/2: 0.376811 sec (cache prime)
  warmup 2/2: 0.172006 sec
  N=1   batch 1/1: 0.179254 sec, 1 copy (server sum 90.883 ms)
  N=2   batch 1/1: 0.287348 sec, 2 copies (server sum 189.075 ms)
  N=4   batch 1/1: 0.456179 sec, 4 copies (server sum 382.946 ms)
  N=8   batch 1/1: 0.858209 sec, 8 copies (server sum 779.589 ms)
  N=16  batch 1/1: 1.666138 sec, 16 copies (server sum 1577.380 ms)
  done: 5 sizes x 1 run (0 failures)

Done. Batch rows appended to logs/warm_stepup/20260918T204804Z-d479ea/query_timing_tpch_idx.csv
Per-copy samples appended to logs/warm_stepup/20260918T204804Z-d479ea/query_samples_tpch_idx.csv
Last batch ended at epoch 1789770772.858 (PREV_END_EPOCH for the next invocation)
===== [140/159] queries/tpch/tpch-queries/q05/base.sql run_id=260F7ADCC896EAFE =====
query_runner configuration:
  QUERY_DIR         = queries/tpch/tpch-queries/q05/base.sql
  LOGS_DIR          = logs/warm_stepup/20260918T204804Z-d479ea  (query_timing_/query_samples_/query_catalog_tpch_idx.csv)
  DB_NAME / DB_USER = tpch_idx / postgres
  PGPORT            = 5434  (server reports 18.4)
  RUN_ID            = 260F7ADCC896EAFE
  WARMUP            = 2 single-copy warm-ups (the first primes the cache)
  BATCH_SIZES       = 1 2 4 8 16  x RUNS=1 measured batches each
  WORKERS           = (planner default)
  STATEMENT_TIMEOUT = 900
  THERMAL_EQUALISE  = gate (T_LO=55 T_HI=60 preheat<=60s cooldown<=120s)
  sensors           = pkg:/sys/class/hwmon/hwmon8/temp1_input cores:4 cpufreq:8 throttle:8/8
  SIGLESS_ADDR      = (disabled)
Found 1 query under queries/tpch/tpch-queries/q05/base.sql

[1/1] queries/tpch/tpch-queries/q05/base.sql (2 warmup + step-up 1 2 4 8 16 x1)
  thermal gate: pre-heated 5s -> 56.0 C
  warmup 1/2: 6.138979 sec (cache prime)
  warmup 2/2: 0.408069 sec
  N=1   batch 1/1: 0.403789 sec, 1 copy (server sum 330.090 ms)
  N=2   batch 1/1: 0.706898 sec, 2 copies (server sum 629.115 ms)
  N=4   batch 1/1: 1.324603 sec, 4 copies (server sum 1239.662 ms)
  N=8   batch 1/1: 2.552859 sec, 8 copies (server sum 2453.012 ms)
  N=16  batch 1/1: 5.019713 sec, 16 copies (server sum 4885.509 ms)
  done: 5 sizes x 1 run (0 failures)

Done. Batch rows appended to logs/warm_stepup/20260918T204804Z-d479ea/query_timing_tpch_idx.csv
Per-copy samples appended to logs/warm_stepup/20260918T204804Z-d479ea/query_samples_tpch_idx.csv
Last batch ended at epoch 1789770798.822 (PREV_END_EPOCH for the next invocation)
===== [141/159] queries/tpch/tpch-queries/q14/v1_materialized.sql run_id=59FAA8044CE26741 =====
query_runner configuration:
  QUERY_DIR         = queries/tpch/tpch-queries/q14/v1_materialized.sql
  LOGS_DIR          = logs/warm_stepup/20260918T204804Z-d479ea  (query_timing_/query_samples_/query_catalog_tpch_idx.csv)
  DB_NAME / DB_USER = tpch_idx / postgres
  PGPORT            = 5434  (server reports 18.4)
  RUN_ID            = 59FAA8044CE26741
  WARMUP            = 2 single-copy warm-ups (the first primes the cache)
  BATCH_SIZES       = 1 2 4 8 16  x RUNS=1 measured batches each
  WORKERS           = (planner default)
  STATEMENT_TIMEOUT = 900
  THERMAL_EQUALISE  = gate (T_LO=55 T_HI=60 preheat<=60s cooldown<=120s)
  sensors           = pkg:/sys/class/hwmon/hwmon8/temp1_input cores:4 cpufreq:8 throttle:8/8
  SIGLESS_ADDR      = (disabled)
Found 1 query under queries/tpch/tpch-queries/q14/v1_materialized.sql

[1/1] queries/tpch/tpch-queries/q14/v1_materialized.sql (2 warmup + step-up 1 2 4 8 16 x1)
  thermal gate: pre-heated 5s -> 58.0 C
  warmup 1/2: 1.676368 sec (cache prime)
  warmup 2/2: 0.296889 sec
  N=1   batch 1/1: 0.291748 sec, 1 copy (server sum 222.170 ms)
  N=2   batch 1/1: 0.481982 sec, 2 copies (server sum 411.115 ms)
  N=4   batch 1/1: 0.880801 sec, 4 copies (server sum 807.273 ms)
  N=8   batch 1/1: 1.632613 sec, 8 copies (server sum 1550.881 ms)
  N=16  batch 1/1: 3.082198 sec, 16 copies (server sum 2991.167 ms)
  done: 5 sizes x 1 run (0 failures)

Done. Batch rows appended to logs/warm_stepup/20260918T204804Z-d479ea/query_timing_tpch_idx.csv
Per-copy samples appended to logs/warm_stepup/20260918T204804Z-d479ea/query_samples_tpch_idx.csv
Last batch ended at epoch 1789770817.048 (PREV_END_EPOCH for the next invocation)
===== [142/159] queries/tpch/tpch-queries/q02/v2_decorrelate.sql run_id=6AFE54A2F3820790 =====
query_runner configuration:
  QUERY_DIR         = queries/tpch/tpch-queries/q02/v2_decorrelate.sql
  LOGS_DIR          = logs/warm_stepup/20260918T204804Z-d479ea  (query_timing_/query_samples_/query_catalog_tpch_idx.csv)
  DB_NAME / DB_USER = tpch_idx / postgres
  PGPORT            = 5434  (server reports 18.4)
  RUN_ID            = 6AFE54A2F3820790
  WARMUP            = 2 single-copy warm-ups (the first primes the cache)
  BATCH_SIZES       = 1 2 4 8 16  x RUNS=1 measured batches each
  WORKERS           = (planner default)
  STATEMENT_TIMEOUT = 900
  THERMAL_EQUALISE  = gate (T_LO=55 T_HI=60 preheat<=60s cooldown<=120s)
  sensors           = pkg:/sys/class/hwmon/hwmon8/temp1_input cores:4 cpufreq:8 throttle:8/8
  SIGLESS_ADDR      = (disabled)
Found 1 query under queries/tpch/tpch-queries/q02/v2_decorrelate.sql

[1/1] queries/tpch/tpch-queries/q02/v2_decorrelate.sql (2 warmup + step-up 1 2 4 8 16 x1)
  warmup 1/2: 2.109847 sec (cache prime)
  warmup 2/2: 0.345722 sec
  N=1   batch 1/1: 0.343881 sec, 1 copy (server sum 270.715 ms)
  N=2   batch 1/1: 0.598019 sec, 2 copies (server sum 519.885 ms)
  N=4   batch 1/1: 1.155642 sec, 4 copies (server sum 1021.872 ms)
  N=8   batch 1/1: 2.143259 sec, 8 copies (server sum 2035.157 ms)
  N=16  batch 1/1: 4.178872 sec, 16 copies (server sum 4030.752 ms)
  done: 5 sizes x 1 run (0 failures)

Done. Batch rows appended to logs/warm_stepup/20260918T204804Z-d479ea/query_timing_tpch_idx.csv
Per-copy samples appended to logs/warm_stepup/20260918T204804Z-d479ea/query_samples_tpch_idx.csv
Last batch ended at epoch 1789770831.929 (PREV_END_EPOCH for the next invocation)
===== [143/159] queries/tpch/tpch-queries/q11/v2_cte_threshold.sql run_id=ED6F65328FC77392 =====
query_runner configuration:
  QUERY_DIR         = queries/tpch/tpch-queries/q11/v2_cte_threshold.sql
  LOGS_DIR          = logs/warm_stepup/20260918T204804Z-d479ea  (query_timing_/query_samples_/query_catalog_tpch_idx.csv)
  DB_NAME / DB_USER = tpch_idx / postgres
  PGPORT            = 5434  (server reports 18.4)
  RUN_ID            = ED6F65328FC77392
  WARMUP            = 2 single-copy warm-ups (the first primes the cache)
  BATCH_SIZES       = 1 2 4 8 16  x RUNS=1 measured batches each
  WORKERS           = (planner default)
  STATEMENT_TIMEOUT = 900
  THERMAL_EQUALISE  = gate (T_LO=55 T_HI=60 preheat<=60s cooldown<=120s)
  sensors           = pkg:/sys/class/hwmon/hwmon8/temp1_input cores:4 cpufreq:8 throttle:8/8
  SIGLESS_ADDR      = (disabled)
Found 1 query under queries/tpch/tpch-queries/q11/v2_cte_threshold.sql

[1/1] queries/tpch/tpch-queries/q11/v2_cte_threshold.sql (2 warmup + step-up 1 2 4 8 16 x1)
  thermal gate: pre-heated 5s -> 57.0 C
  warmup 1/2: 1.746445 sec (cache prime)
  warmup 2/2: 0.243400 sec
  N=1   batch 1/1: 0.193866 sec, 1 copy (server sum 123.132 ms)
  N=2   batch 1/1: 0.349160 sec, 2 copies (server sum 235.780 ms)
  N=4   batch 1/1: 0.527455 sec, 4 copies (server sum 449.487 ms)
  N=8   batch 1/1: 0.985206 sec, 8 copies (server sum 897.161 ms)
  N=16  batch 1/1: 1.902666 sec, 16 copies (server sum 1764.404 ms)
  done: 5 sizes x 1 run (0 failures)

Done. Batch rows appended to logs/warm_stepup/20260918T204804Z-d479ea/query_timing_tpch_idx.csv
Per-copy samples appended to logs/warm_stepup/20260918T204804Z-d479ea/query_samples_tpch_idx.csv
Last batch ended at epoch 1789770846.956 (PREV_END_EPOCH for the next invocation)
===== [144/159] queries/tpch/tpch-queries/q22/base.sql run_id=B80727DB5E5440C1 =====
query_runner configuration:
  QUERY_DIR         = queries/tpch/tpch-queries/q22/base.sql
  LOGS_DIR          = logs/warm_stepup/20260918T204804Z-d479ea  (query_timing_/query_samples_/query_catalog_tpch_idx.csv)
  DB_NAME / DB_USER = tpch_idx / postgres
  PGPORT            = 5434  (server reports 18.4)
  RUN_ID            = B80727DB5E5440C1
  WARMUP            = 2 single-copy warm-ups (the first primes the cache)
  BATCH_SIZES       = 1 2 4 8 16  x RUNS=1 measured batches each
  WORKERS           = (planner default)
  STATEMENT_TIMEOUT = 900
  THERMAL_EQUALISE  = gate (T_LO=55 T_HI=60 preheat<=60s cooldown<=120s)
  sensors           = pkg:/sys/class/hwmon/hwmon8/temp1_input cores:4 cpufreq:8 throttle:8/8
  SIGLESS_ADDR      = (disabled)
Found 1 query under queries/tpch/tpch-queries/q22/base.sql

[1/1] queries/tpch/tpch-queries/q22/base.sql (2 warmup + step-up 1 2 4 8 16 x1)
  thermal gate: pre-heated 5s -> 58.0 C
  warmup 1/2: 0.426772 sec (cache prime)
  warmup 2/2: 0.168934 sec
  N=1   batch 1/1: 0.190121 sec, 1 copy (server sum 105.222 ms)
  N=2   batch 1/1: 0.304232 sec, 2 copies (server sum 196.727 ms)
  N=4   batch 1/1: 0.464804 sec, 4 copies (server sum 391.155 ms)
  N=8   batch 1/1: 0.859307 sec, 8 copies (server sum 780.476 ms)
  N=16  batch 1/1: 1.650004 sec, 16 copies (server sum 1560.398 ms)
  done: 5 sizes x 1 run (0 failures)

Done. Batch rows appended to logs/warm_stepup/20260918T204804Z-d479ea/query_timing_tpch_idx.csv
Per-copy samples appended to logs/warm_stepup/20260918T204804Z-d479ea/query_samples_tpch_idx.csv
Last batch ended at epoch 1789770860.437 (PREV_END_EPOCH for the next invocation)
===== [145/159] queries/tpch/tpch-queries/q05/base.sql run_id=EC429447F3272A6C =====
query_runner configuration:
  QUERY_DIR         = queries/tpch/tpch-queries/q05/base.sql
  LOGS_DIR          = logs/warm_stepup/20260918T204804Z-d479ea  (query_timing_/query_samples_/query_catalog_tpch_idx.csv)
  DB_NAME / DB_USER = tpch_idx / postgres
  PGPORT            = 5434  (server reports 18.4)
  RUN_ID            = EC429447F3272A6C
  WARMUP            = 2 single-copy warm-ups (the first primes the cache)
  BATCH_SIZES       = 1 2 4 8 16  x RUNS=1 measured batches each
  WORKERS           = (planner default)
  STATEMENT_TIMEOUT = 900
  THERMAL_EQUALISE  = gate (T_LO=55 T_HI=60 preheat<=60s cooldown<=120s)
  sensors           = pkg:/sys/class/hwmon/hwmon8/temp1_input cores:4 cpufreq:8 throttle:8/8
  SIGLESS_ADDR      = (disabled)
Found 1 query under queries/tpch/tpch-queries/q05/base.sql

[1/1] queries/tpch/tpch-queries/q05/base.sql (2 warmup + step-up 1 2 4 8 16 x1)
  warmup 1/2: 6.121635 sec (cache prime)
  warmup 2/2: 0.396659 sec
  N=1   batch 1/1: 0.440307 sec, 1 copy (server sum 322.492 ms)
  N=2   batch 1/1: 0.755018 sec, 2 copies (server sum 629.858 ms)
  N=4   batch 1/1: 1.318052 sec, 4 copies (server sum 1233.248 ms)
  N=8   batch 1/1: 2.525921 sec, 8 copies (server sum 2426.087 ms)
  N=16  batch 1/1: 4.966954 sec, 16 copies (server sum 4836.687 ms)
  done: 5 sizes x 1 run (0 failures)

Done. Batch rows appended to logs/warm_stepup/20260918T204804Z-d479ea/query_timing_tpch_idx.csv
Per-copy samples appended to logs/warm_stepup/20260918T204804Z-d479ea/query_samples_tpch_idx.csv
Last batch ended at epoch 1789770880.934 (PREV_END_EPOCH for the next invocation)
===== [146/159] queries/tpch/tpch-queries/q14/v1_materialized.sql run_id=7288EEE18CB22731 =====
query_runner configuration:
  QUERY_DIR         = queries/tpch/tpch-queries/q14/v1_materialized.sql
  LOGS_DIR          = logs/warm_stepup/20260918T204804Z-d479ea  (query_timing_/query_samples_/query_catalog_tpch_idx.csv)
  DB_NAME / DB_USER = tpch_idx / postgres
  PGPORT            = 5434  (server reports 18.4)
  RUN_ID            = 7288EEE18CB22731
  WARMUP            = 2 single-copy warm-ups (the first primes the cache)
  BATCH_SIZES       = 1 2 4 8 16  x RUNS=1 measured batches each
  WORKERS           = (planner default)
  STATEMENT_TIMEOUT = 900
  THERMAL_EQUALISE  = gate (T_LO=55 T_HI=60 preheat<=60s cooldown<=120s)
  sensors           = pkg:/sys/class/hwmon/hwmon8/temp1_input cores:4 cpufreq:8 throttle:8/8
  SIGLESS_ADDR      = (disabled)
Found 1 query under queries/tpch/tpch-queries/q14/v1_materialized.sql

[1/1] queries/tpch/tpch-queries/q14/v1_materialized.sql (2 warmup + step-up 1 2 4 8 16 x1)
  warmup 1/2: 1.641621 sec (cache prime)
  warmup 2/2: 0.294680 sec
  N=1   batch 1/1: 0.293701 sec, 1 copy (server sum 223.613 ms)
  N=2   batch 1/1: 0.484386 sec, 2 copies (server sum 411.389 ms)
  N=4   batch 1/1: 0.866513 sec, 4 copies (server sum 793.320 ms)
  N=8   batch 1/1: 1.639293 sec, 8 copies (server sum 1558.118 ms)
  N=16  batch 1/1: 3.170759 sec, 16 copies (server sum 3078.023 ms)
  done: 5 sizes x 1 run (0 failures)

Done. Batch rows appended to logs/warm_stepup/20260918T204804Z-d479ea/query_timing_tpch_idx.csv
Per-copy samples appended to logs/warm_stepup/20260918T204804Z-d479ea/query_samples_tpch_idx.csv
Last batch ended at epoch 1789770894.017 (PREV_END_EPOCH for the next invocation)
===== [147/159] queries/tpch/tpch-queries/q07/v2_union_all.sql run_id=7FBB7DA819F0F0FE =====
query_runner configuration:
  QUERY_DIR         = queries/tpch/tpch-queries/q07/v2_union_all.sql
  LOGS_DIR          = logs/warm_stepup/20260918T204804Z-d479ea  (query_timing_/query_samples_/query_catalog_tpch_idx.csv)
  DB_NAME / DB_USER = tpch_idx / postgres
  PGPORT            = 5434  (server reports 18.4)
  RUN_ID            = 7FBB7DA819F0F0FE
  WARMUP            = 2 single-copy warm-ups (the first primes the cache)
  BATCH_SIZES       = 1 2 4 8 16  x RUNS=1 measured batches each
  WORKERS           = (planner default)
  STATEMENT_TIMEOUT = 900
  THERMAL_EQUALISE  = gate (T_LO=55 T_HI=60 preheat<=60s cooldown<=120s)
  sensors           = pkg:/sys/class/hwmon/hwmon8/temp1_input cores:4 cpufreq:8 throttle:8/8
  SIGLESS_ADDR      = (disabled)
Found 1 query under queries/tpch/tpch-queries/q07/v2_union_all.sql

[1/1] queries/tpch/tpch-queries/q07/v2_union_all.sql (2 warmup + step-up 1 2 4 8 16 x1)
  warmup 1/2: 8.827860 sec (cache prime)
  warmup 2/2: 0.881186 sec
  N=1   batch 1/1: 0.888890 sec, 1 copy (server sum 813.836 ms)
  N=2   batch 1/1: 1.612256 sec, 2 copies (server sum 1532.865 ms)
  N=4   batch 1/1: 3.067715 sec, 4 copies (server sum 2978.689 ms)
  N=8   batch 1/1: 5.948026 sec, 8 copies (server sum 5838.675 ms)
  N=16  batch 1/1: 11.771244 sec, 16 copies (server sum 11577.718 ms)
  done: 5 sizes x 1 run (0 failures)

Done. Batch rows appended to logs/warm_stepup/20260918T204804Z-d479ea/query_timing_tpch_idx.csv
Per-copy samples appended to logs/warm_stepup/20260918T204804Z-d479ea/query_samples_tpch_idx.csv
Last batch ended at epoch 1789770931.631 (PREV_END_EPOCH for the next invocation)
===== [148/159] queries/tpch/tpch-queries/q10/v1_materialized.sql run_id=68EF1EFA3E797840 =====
query_runner configuration:
  QUERY_DIR         = queries/tpch/tpch-queries/q10/v1_materialized.sql
  LOGS_DIR          = logs/warm_stepup/20260918T204804Z-d479ea  (query_timing_/query_samples_/query_catalog_tpch_idx.csv)
  DB_NAME / DB_USER = tpch_idx / postgres
  PGPORT            = 5434  (server reports 18.4)
  RUN_ID            = 68EF1EFA3E797840
  WARMUP            = 2 single-copy warm-ups (the first primes the cache)
  BATCH_SIZES       = 1 2 4 8 16  x RUNS=1 measured batches each
  WORKERS           = (planner default)
  STATEMENT_TIMEOUT = 900
  THERMAL_EQUALISE  = gate (T_LO=55 T_HI=60 preheat<=60s cooldown<=120s)
  sensors           = pkg:/sys/class/hwmon/hwmon8/temp1_input cores:4 cpufreq:8 throttle:8/8
  SIGLESS_ADDR      = (disabled)
Found 1 query under queries/tpch/tpch-queries/q10/v1_materialized.sql

[1/1] queries/tpch/tpch-queries/q10/v1_materialized.sql (2 warmup + step-up 1 2 4 8 16 x1)
  warmup 1/2: 2.786158 sec (cache prime)
  warmup 2/2: 0.651384 sec
  N=1   batch 1/1: 0.596632 sec, 1 copy (server sum 524.756 ms)
  N=2   batch 1/1: 1.117824 sec, 2 copies (server sum 1002.355 ms)
  N=4   batch 1/1: 2.010223 sec, 4 copies (server sum 1933.315 ms)
  N=8   batch 1/1: 3.932377 sec, 8 copies (server sum 3847.364 ms)
  N=16  batch 1/1: 7.754907 sec, 16 copies (server sum 7603.773 ms)
  done: 5 sizes x 1 run (0 failures)

Done. Batch rows appended to logs/warm_stepup/20260918T204804Z-d479ea/query_timing_tpch_idx.csv
Per-copy samples appended to logs/warm_stepup/20260918T204804Z-d479ea/query_samples_tpch_idx.csv
Last batch ended at epoch 1789770955.117 (PREV_END_EPOCH for the next invocation)
===== [149/159] queries/tpch/tpch-queries/q13/v2_correlated.sql run_id=056AC6B45B4B00A3 =====
query_runner configuration:
  QUERY_DIR         = queries/tpch/tpch-queries/q13/v2_correlated.sql
  LOGS_DIR          = logs/warm_stepup/20260918T204804Z-d479ea  (query_timing_/query_samples_/query_catalog_tpch_idx.csv)
  DB_NAME / DB_USER = tpch_idx / postgres
  PGPORT            = 5434  (server reports 18.4)
  RUN_ID            = 056AC6B45B4B00A3
  WARMUP            = 2 single-copy warm-ups (the first primes the cache)
  BATCH_SIZES       = 1 2 4 8 16  x RUNS=1 measured batches each
  WORKERS           = (planner default)
  STATEMENT_TIMEOUT = 900
  THERMAL_EQUALISE  = gate (T_LO=55 T_HI=60 preheat<=60s cooldown<=120s)
  sensors           = pkg:/sys/class/hwmon/hwmon8/temp1_input cores:4 cpufreq:8 throttle:8/8
  SIGLESS_ADDR      = (disabled)
Found 1 query under queries/tpch/tpch-queries/q13/v2_correlated.sql

[1/1] queries/tpch/tpch-queries/q13/v2_correlated.sql (2 warmup + step-up 1 2 4 8 16 x1)
  thermal gate: pre-heated 5s -> 57.0 C
  warmup 1/2: 6.178323 sec (cache prime)
  warmup 2/2: 3.342991 sec
  N=1   batch 1/1: 3.313325 sec, 1 copy (server sum 3243.931 ms)
  N=2   batch 1/1: 6.395915 sec, 2 copies (server sum 6323.065 ms)
  N=4   batch 1/1: 12.510974 sec, 4 copies (server sum 12414.901 ms)
  N=8   batch 1/1: 24.855387 sec, 8 copies (server sum 24780.335 ms)
  N=16  batch 1/1: 49.453419 sec, 16 copies (server sum 49369.449 ms)
  done: 5 sizes x 1 run (0 failures)

Done. Batch rows appended to logs/warm_stepup/20260918T204804Z-d479ea/query_timing_tpch_idx.csv
Per-copy samples appended to logs/warm_stepup/20260918T204804Z-d479ea/query_samples_tpch_idx.csv
Last batch ended at epoch 1789771070.671 (PREV_END_EPOCH for the next invocation)
===== [150/159] queries/tpch/tpch-queries/q16/base.sql run_id=478FA4EA126BD243 =====
query_runner configuration:
  QUERY_DIR         = queries/tpch/tpch-queries/q16/base.sql
  LOGS_DIR          = logs/warm_stepup/20260918T204804Z-d479ea  (query_timing_/query_samples_/query_catalog_tpch_idx.csv)
  DB_NAME / DB_USER = tpch_idx / postgres
  PGPORT            = 5434  (server reports 18.4)
  RUN_ID            = 478FA4EA126BD243
  WARMUP            = 2 single-copy warm-ups (the first primes the cache)
  BATCH_SIZES       = 1 2 4 8 16  x RUNS=1 measured batches each
  WORKERS           = (planner default)
  STATEMENT_TIMEOUT = 900
  THERMAL_EQUALISE  = gate (T_LO=55 T_HI=60 preheat<=60s cooldown<=120s)
  sensors           = pkg:/sys/class/hwmon/hwmon8/temp1_input cores:4 cpufreq:8 throttle:8/8
  SIGLESS_ADDR      = (disabled)
Found 1 query under queries/tpch/tpch-queries/q16/base.sql

[1/1] queries/tpch/tpch-queries/q16/base.sql (2 warmup + step-up 1 2 4 8 16 x1)
  thermal gate: pre-heated 10s -> 56.0 C
  warmup 1/2: 0.735426 sec (cache prime)
  warmup 2/2: 0.491349 sec
  N=1   batch 1/1: 0.467678 sec, 1 copy (server sum 397.764 ms)
  N=2   batch 1/1: 0.856276 sec, 2 copies (server sum 785.080 ms)
  N=4   batch 1/1: 1.643441 sec, 4 copies (server sum 1568.970 ms)
  N=8   batch 1/1: 3.285759 sec, 8 copies (server sum 3205.809 ms)
  N=16  batch 1/1: 6.402672 sec, 16 copies (server sum 6311.593 ms)
  done: 5 sizes x 1 run (0 failures)

Done. Batch rows appended to logs/warm_stepup/20260918T204804Z-d479ea/query_timing_tpch_idx.csv
Per-copy samples appended to logs/warm_stepup/20260918T204804Z-d479ea/query_samples_tpch_idx.csv
Last batch ended at epoch 1789771098.926 (PREV_END_EPOCH for the next invocation)
===== [151/159] queries/tpch/tpch-queries/q01/v1_materialized.sql run_id=AF0C8C5D82FED40D =====
query_runner configuration:
  QUERY_DIR         = queries/tpch/tpch-queries/q01/v1_materialized.sql
  LOGS_DIR          = logs/warm_stepup/20260918T204804Z-d479ea  (query_timing_/query_samples_/query_catalog_tpch_idx.csv)
  DB_NAME / DB_USER = tpch_idx / postgres
  PGPORT            = 5434  (server reports 18.4)
  RUN_ID            = AF0C8C5D82FED40D
  WARMUP            = 2 single-copy warm-ups (the first primes the cache)
  BATCH_SIZES       = 1 2 4 8 16  x RUNS=1 measured batches each
  WORKERS           = (planner default)
  STATEMENT_TIMEOUT = 900
  THERMAL_EQUALISE  = gate (T_LO=55 T_HI=60 preheat<=60s cooldown<=120s)
  sensors           = pkg:/sys/class/hwmon/hwmon8/temp1_input cores:4 cpufreq:8 throttle:8/8
  SIGLESS_ADDR      = (disabled)
Found 1 query under queries/tpch/tpch-queries/q01/v1_materialized.sql

[1/1] queries/tpch/tpch-queries/q01/v1_materialized.sql (2 warmup + step-up 1 2 4 8 16 x1)
  warmup 1/2: 3.258924 sec (cache prime)
  warmup 2/2: 2.439467 sec
  N=1   batch 1/1: 2.443623 sec, 1 copy (server sum 2372.598 ms)
  N=2   batch 1/1: 4.780855 sec, 2 copies (server sum 4710.385 ms)
  N=4   batch 1/1: 9.467115 sec, 4 copies (server sum 9377.972 ms)
  N=8   batch 1/1: 18.870650 sec, 8 copies (server sum 18794.007 ms)
  N=16  batch 1/1: 37.619177 sec, 16 copies (server sum 37456.089 ms)
  done: 5 sizes x 1 run (0 failures)

Done. Batch rows appended to logs/warm_stepup/20260918T204804Z-d479ea/query_timing_tpch_idx.csv
Per-copy samples appended to logs/warm_stepup/20260918T204804Z-d479ea/query_samples_tpch_idx.csv
Last batch ended at epoch 1789771182.257 (PREV_END_EPOCH for the next invocation)
===== [152/159] queries/tpch/tpch-queries/q19/base.sql run_id=125357BC925ADB6D =====
query_runner configuration:
  QUERY_DIR         = queries/tpch/tpch-queries/q19/base.sql
  LOGS_DIR          = logs/warm_stepup/20260918T204804Z-d479ea  (query_timing_/query_samples_/query_catalog_tpch_idx.csv)
  DB_NAME / DB_USER = tpch_idx / postgres
  PGPORT            = 5434  (server reports 18.4)
  RUN_ID            = 125357BC925ADB6D
  WARMUP            = 2 single-copy warm-ups (the first primes the cache)
  BATCH_SIZES       = 1 2 4 8 16  x RUNS=1 measured batches each
  WORKERS           = (planner default)
  STATEMENT_TIMEOUT = 900
  THERMAL_EQUALISE  = gate (T_LO=55 T_HI=60 preheat<=60s cooldown<=120s)
  sensors           = pkg:/sys/class/hwmon/hwmon8/temp1_input cores:4 cpufreq:8 throttle:8/8
  SIGLESS_ADDR      = (disabled)
Found 1 query under queries/tpch/tpch-queries/q19/base.sql

[1/1] queries/tpch/tpch-queries/q19/base.sql (2 warmup + step-up 1 2 4 8 16 x1)
  warmup 1/2: 1.565872 sec (cache prime)
  warmup 2/2: 0.116213 sec
  N=1   batch 1/1: 0.118808 sec, 1 copy (server sum 47.126 ms)
  N=2   batch 1/1: 0.156770 sec, 2 copies (server sum 84.658 ms)
  N=4   batch 1/1: 0.243887 sec, 4 copies (server sum 166.012 ms)
  N=8   batch 1/1: 0.403537 sec, 8 copies (server sum 321.560 ms)
  N=16  batch 1/1: 0.720446 sec, 16 copies (server sum 627.114 ms)
  done: 5 sizes x 1 run (0 failures)

Done. Batch rows appended to logs/warm_stepup/20260918T204804Z-d479ea/query_timing_tpch_idx.csv
Per-copy samples appended to logs/warm_stepup/20260918T204804Z-d479ea/query_samples_tpch_idx.csv
Last batch ended at epoch 1789771190.342 (PREV_END_EPOCH for the next invocation)
===== [153/159] queries/tpch/tpch-queries/q07/base.sql run_id=9A636E75A9C6EB2B =====
query_runner configuration:
  QUERY_DIR         = queries/tpch/tpch-queries/q07/base.sql
  LOGS_DIR          = logs/warm_stepup/20260918T204804Z-d479ea  (query_timing_/query_samples_/query_catalog_tpch_idx.csv)
  DB_NAME / DB_USER = tpch_idx / postgres
  PGPORT            = 5434  (server reports 18.4)
  RUN_ID            = 9A636E75A9C6EB2B
  WARMUP            = 2 single-copy warm-ups (the first primes the cache)
  BATCH_SIZES       = 1 2 4 8 16  x RUNS=1 measured batches each
  WORKERS           = (planner default)
  STATEMENT_TIMEOUT = 900
  THERMAL_EQUALISE  = gate (T_LO=55 T_HI=60 preheat<=60s cooldown<=120s)
  sensors           = pkg:/sys/class/hwmon/hwmon8/temp1_input cores:4 cpufreq:8 throttle:8/8
  SIGLESS_ADDR      = (disabled)
Found 1 query under queries/tpch/tpch-queries/q07/base.sql

[1/1] queries/tpch/tpch-queries/q07/base.sql (2 warmup + step-up 1 2 4 8 16 x1)
  warmup 1/2: 14.911223 sec (cache prime)
  warmup 2/2: 0.926270 sec
  N=1   batch 1/1: 0.919410 sec, 1 copy (server sum 845.842 ms)
  N=2   batch 1/1: 1.728252 sec, 2 copies (server sum 1649.677 ms)
  N=4   batch 1/1: 3.320697 sec, 4 copies (server sum 3232.984 ms)
  N=8   batch 1/1: 6.557037 sec, 8 copies (server sum 6452.659 ms)
  N=16  batch 1/1: 13.004247 sec, 16 copies (server sum 12863.868 ms)
  done: 5 sizes x 1 run (0 failures)

Done. Batch rows appended to logs/warm_stepup/20260918T204804Z-d479ea/query_timing_tpch_idx.csv
Per-copy samples appended to logs/warm_stepup/20260918T204804Z-d479ea/query_samples_tpch_idx.csv
Last batch ended at epoch 1789771235.836 (PREV_END_EPOCH for the next invocation)
===== [154/159] queries/tpch/tpch-queries/q05/v1_materialized.sql run_id=9BFE65304EA0AEF4 =====
query_runner configuration:
  QUERY_DIR         = queries/tpch/tpch-queries/q05/v1_materialized.sql
  LOGS_DIR          = logs/warm_stepup/20260918T204804Z-d479ea  (query_timing_/query_samples_/query_catalog_tpch_idx.csv)
  DB_NAME / DB_USER = tpch_idx / postgres
  PGPORT            = 5434  (server reports 18.4)
  RUN_ID            = 9BFE65304EA0AEF4
  WARMUP            = 2 single-copy warm-ups (the first primes the cache)
  BATCH_SIZES       = 1 2 4 8 16  x RUNS=1 measured batches each
  WORKERS           = (planner default)
  STATEMENT_TIMEOUT = 900
  THERMAL_EQUALISE  = gate (T_LO=55 T_HI=60 preheat<=60s cooldown<=120s)
  sensors           = pkg:/sys/class/hwmon/hwmon8/temp1_input cores:4 cpufreq:8 throttle:8/8
  SIGLESS_ADDR      = (disabled)
Found 1 query under queries/tpch/tpch-queries/q05/v1_materialized.sql

[1/1] queries/tpch/tpch-queries/q05/v1_materialized.sql (2 warmup + step-up 1 2 4 8 16 x1)
  thermal gate: pre-heated 5s -> 58.0 C
  warmup 1/2: 7.388597 sec (cache prime)
  warmup 2/2: 0.402047 sec
  N=1   batch 1/1: 0.397938 sec, 1 copy (server sum 323.774 ms)
  N=2   batch 1/1: 0.751710 sec, 2 copies (server sum 630.051 ms)
  N=4   batch 1/1: 1.365560 sec, 4 copies (server sum 1229.931 ms)
  N=8   batch 1/1: 2.580627 sec, 8 copies (server sum 2468.323 ms)
  N=16  batch 1/1: 5.019485 sec, 16 copies (server sum 4865.124 ms)
  done: 5 sizes x 1 run (0 failures)

Done. Batch rows appended to logs/warm_stepup/20260918T204804Z-d479ea/query_timing_tpch_idx.csv
Per-copy samples appended to logs/warm_stepup/20260918T204804Z-d479ea/query_samples_tpch_idx.csv
Last batch ended at epoch 1789771263.422 (PREV_END_EPOCH for the next invocation)
===== [155/159] queries/tpch/tpch-queries/q12/v1_materialized.sql run_id=2B3112BF0F53FC95 =====
query_runner configuration:
  QUERY_DIR         = queries/tpch/tpch-queries/q12/v1_materialized.sql
  LOGS_DIR          = logs/warm_stepup/20260918T204804Z-d479ea  (query_timing_/query_samples_/query_catalog_tpch_idx.csv)
  DB_NAME / DB_USER = tpch_idx / postgres
  PGPORT            = 5434  (server reports 18.4)
  RUN_ID            = 2B3112BF0F53FC95
  WARMUP            = 2 single-copy warm-ups (the first primes the cache)
  BATCH_SIZES       = 1 2 4 8 16  x RUNS=1 measured batches each
  WORKERS           = (planner default)
  STATEMENT_TIMEOUT = 900
  THERMAL_EQUALISE  = gate (T_LO=55 T_HI=60 preheat<=60s cooldown<=120s)
  sensors           = pkg:/sys/class/hwmon/hwmon8/temp1_input cores:4 cpufreq:8 throttle:8/8
  SIGLESS_ADDR      = (disabled)
Found 1 query under queries/tpch/tpch-queries/q12/v1_materialized.sql

[1/1] queries/tpch/tpch-queries/q12/v1_materialized.sql (2 warmup + step-up 1 2 4 8 16 x1)
  warmup 1/2: 1.923731 sec (cache prime)
  warmup 2/2: 0.560365 sec
  N=1   batch 1/1: 0.552279 sec, 1 copy (server sum 482.149 ms)
  N=2   batch 1/1: 0.978052 sec, 2 copies (server sum 906.483 ms)
  N=4   batch 1/1: 1.881643 sec, 4 copies (server sum 1783.296 ms)
  N=8   batch 1/1: 3.593195 sec, 8 copies (server sum 3512.268 ms)
  N=16  batch 1/1: 7.212259 sec, 16 copies (server sum 7084.780 ms)
  done: 5 sizes x 1 run (0 failures)

Done. Batch rows appended to logs/warm_stepup/20260918T204804Z-d479ea/query_timing_tpch_idx.csv
Per-copy samples appended to logs/warm_stepup/20260918T204804Z-d479ea/query_samples_tpch_idx.csv
Last batch ended at epoch 1789771284.289 (PREV_END_EPOCH for the next invocation)
===== [156/159] queries/tpch/tpch-queries/q01/v1_materialized.sql run_id=E18AB9262C35CBA0 =====
query_runner configuration:
  QUERY_DIR         = queries/tpch/tpch-queries/q01/v1_materialized.sql
  LOGS_DIR          = logs/warm_stepup/20260918T204804Z-d479ea  (query_timing_/query_samples_/query_catalog_tpch_idx.csv)
  DB_NAME / DB_USER = tpch_idx / postgres
  PGPORT            = 5434  (server reports 18.4)
  RUN_ID            = E18AB9262C35CBA0
  WARMUP            = 2 single-copy warm-ups (the first primes the cache)
  BATCH_SIZES       = 1 2 4 8 16  x RUNS=1 measured batches each
  WORKERS           = (planner default)
  STATEMENT_TIMEOUT = 900
  THERMAL_EQUALISE  = gate (T_LO=55 T_HI=60 preheat<=60s cooldown<=120s)
  sensors           = pkg:/sys/class/hwmon/hwmon8/temp1_input cores:4 cpufreq:8 throttle:8/8
  SIGLESS_ADDR      = (disabled)
Found 1 query under queries/tpch/tpch-queries/q01/v1_materialized.sql

[1/1] queries/tpch/tpch-queries/q01/v1_materialized.sql (2 warmup + step-up 1 2 4 8 16 x1)
  warmup 1/2: 3.265173 sec (cache prime)
  warmup 2/2: 2.433088 sec
  N=1   batch 1/1: 2.436499 sec, 1 copy (server sum 2367.040 ms)
  N=2   batch 1/1: 4.774060 sec, 2 copies (server sum 4703.133 ms)
  N=4   batch 1/1: 9.445266 sec, 4 copies (server sum 9371.788 ms)
  N=8   batch 1/1: 18.798930 sec, 8 copies (server sum 18722.188 ms)
  N=16  batch 1/1: 37.573479 sec, 16 copies (server sum 37430.346 ms)
  done: 5 sizes x 1 run (0 failures)

Done. Batch rows appended to logs/warm_stepup/20260918T204804Z-d479ea/query_timing_tpch_idx.csv
Per-copy samples appended to logs/warm_stepup/20260918T204804Z-d479ea/query_samples_tpch_idx.csv
Last batch ended at epoch 1789771368.045 (PREV_END_EPOCH for the next invocation)
===== [157/159] queries/tpch/tpch-queries/q08/v1_materialized.sql run_id=2EEBD5BD134D6896 =====
query_runner configuration:
  QUERY_DIR         = queries/tpch/tpch-queries/q08/v1_materialized.sql
  LOGS_DIR          = logs/warm_stepup/20260918T204804Z-d479ea  (query_timing_/query_samples_/query_catalog_tpch_idx.csv)
  DB_NAME / DB_USER = tpch_idx / postgres
  PGPORT            = 5434  (server reports 18.4)
  RUN_ID            = 2EEBD5BD134D6896
  WARMUP            = 2 single-copy warm-ups (the first primes the cache)
  BATCH_SIZES       = 1 2 4 8 16  x RUNS=1 measured batches each
  WORKERS           = (planner default)
  STATEMENT_TIMEOUT = 900
  THERMAL_EQUALISE  = gate (T_LO=55 T_HI=60 preheat<=60s cooldown<=120s)
  sensors           = pkg:/sys/class/hwmon/hwmon8/temp1_input cores:4 cpufreq:8 throttle:8/8
  SIGLESS_ADDR      = (disabled)
Found 1 query under queries/tpch/tpch-queries/q08/v1_materialized.sql

[1/1] queries/tpch/tpch-queries/q08/v1_materialized.sql (2 warmup + step-up 1 2 4 8 16 x1)
  warmup 1/2: 5.529545 sec (cache prime)
  warmup 2/2: 0.259618 sec
  N=1   batch 1/1: 0.255274 sec, 1 copy (server sum 180.498 ms)
  N=2   batch 1/1: 0.425650 sec, 2 copies (server sum 346.065 ms)
  N=4   batch 1/1: 0.754558 sec, 4 copies (server sum 667.401 ms)
  N=8   batch 1/1: 1.411931 sec, 8 copies (server sum 1308.821 ms)
  N=16  batch 1/1: 2.749512 sec, 16 copies (server sum 2613.329 ms)
  done: 5 sizes x 1 run (0 failures)

Done. Batch rows appended to logs/warm_stepup/20260918T204804Z-d479ea/query_timing_tpch_idx.csv
Per-copy samples appended to logs/warm_stepup/20260918T204804Z-d479ea/query_samples_tpch_idx.csv
Last batch ended at epoch 1789771384.192 (PREV_END_EPOCH for the next invocation)
===== [158/159] queries/tpch/tpch-queries/q02/v2_decorrelate.sql run_id=DA1BA7F0383C153A =====
query_runner configuration:
  QUERY_DIR         = queries/tpch/tpch-queries/q02/v2_decorrelate.sql
  LOGS_DIR          = logs/warm_stepup/20260918T204804Z-d479ea  (query_timing_/query_samples_/query_catalog_tpch_idx.csv)
  DB_NAME / DB_USER = tpch_idx / postgres
  PGPORT            = 5434  (server reports 18.4)
  RUN_ID            = DA1BA7F0383C153A
  WARMUP            = 2 single-copy warm-ups (the first primes the cache)
  BATCH_SIZES       = 1 2 4 8 16  x RUNS=1 measured batches each
  WORKERS           = (planner default)
  STATEMENT_TIMEOUT = 900
  THERMAL_EQUALISE  = gate (T_LO=55 T_HI=60 preheat<=60s cooldown<=120s)
  sensors           = pkg:/sys/class/hwmon/hwmon8/temp1_input cores:4 cpufreq:8 throttle:8/8
  SIGLESS_ADDR      = (disabled)
Found 1 query under queries/tpch/tpch-queries/q02/v2_decorrelate.sql

[1/1] queries/tpch/tpch-queries/q02/v2_decorrelate.sql (2 warmup + step-up 1 2 4 8 16 x1)
  warmup 1/2: 2.254835 sec (cache prime)
  warmup 2/2: 0.346170 sec
  N=1   batch 1/1: 0.345736 sec, 1 copy (server sum 272.487 ms)
  N=2   batch 1/1: 0.604193 sec, 2 copies (server sum 524.726 ms)
  N=4   batch 1/1: 1.114755 sec, 4 copies (server sum 1026.048 ms)
  N=8   batch 1/1: 2.153586 sec, 8 copies (server sum 2045.274 ms)
  N=16  batch 1/1: 4.196665 sec, 16 copies (server sum 4049.151 ms)
  done: 5 sizes x 1 run (0 failures)

Done. Batch rows appended to logs/warm_stepup/20260918T204804Z-d479ea/query_timing_tpch_idx.csv
Per-copy samples appended to logs/warm_stepup/20260918T204804Z-d479ea/query_samples_tpch_idx.csv
Last batch ended at epoch 1789771399.651 (PREV_END_EPOCH for the next invocation)
===== [159/159] queries/tpch/tpch-queries/q07/base.sql run_id=FD824C9BD58E9264 =====
query_runner configuration:
  QUERY_DIR         = queries/tpch/tpch-queries/q07/base.sql
  LOGS_DIR          = logs/warm_stepup/20260918T204804Z-d479ea  (query_timing_/query_samples_/query_catalog_tpch_idx.csv)
  DB_NAME / DB_USER = tpch_idx / postgres
  PGPORT            = 5434  (server reports 18.4)
  RUN_ID            = FD824C9BD58E9264
  WARMUP            = 2 single-copy warm-ups (the first primes the cache)
  BATCH_SIZES       = 1 2 4 8 16  x RUNS=1 measured batches each
  WORKERS           = (planner default)
  STATEMENT_TIMEOUT = 900
  THERMAL_EQUALISE  = gate (T_LO=55 T_HI=60 preheat<=60s cooldown<=120s)
  sensors           = pkg:/sys/class/hwmon/hwmon8/temp1_input cores:4 cpufreq:8 throttle:8/8
  SIGLESS_ADDR      = (disabled)
Found 1 query under queries/tpch/tpch-queries/q07/base.sql

[1/1] queries/tpch/tpch-queries/q07/base.sql (2 warmup + step-up 1 2 4 8 16 x1)
  thermal gate: pre-heated 5s -> 57.0 C
  warmup 1/2: 14.368732 sec (cache prime)
  warmup 2/2: 0.916007 sec
  N=1   batch 1/1: 0.920398 sec, 1 copy (server sum 846.514 ms)
  N=2   batch 1/1: 1.719438 sec, 2 copies (server sum 1641.378 ms)
  N=4   batch 1/1: 3.333921 sec, 4 copies (server sum 3246.681 ms)
  N=8   batch 1/1: 6.630239 sec, 8 copies (server sum 6475.246 ms)
  N=16  batch 1/1: 12.926062 sec, 16 copies (server sum 12782.303 ms)
  done: 5 sizes x 1 run (0 failures)

Done. Batch rows appended to logs/warm_stepup/20260918T204804Z-d479ea/query_timing_tpch_idx.csv
Per-copy samples appended to logs/warm_stepup/20260918T204804Z-d479ea/query_samples_tpch_idx.csv
Last batch ended at epoch 1789771449.723 (PREV_END_EPOCH for the next invocation)
