===== [1/159] queries/tpch/tpch-queries/q11/v1_materialized.sql run_id=CEBF090234A25B2C =====
query_runner configuration:
  QUERY_DIR         = queries/tpch/tpch-queries/q11/v1_materialized.sql
  LOGS_DIR          = logs/warm_stepup/20260918T224909Z-a543de  (query_timing_/query_samples_/query_catalog_tpch_idx.csv)
  DB_NAME / DB_USER = tpch_idx / postgres
  PGPORT            = 5434  (server reports 18.4)
  RUN_ID            = CEBF090234A25B2C
  WARMUP            = 2 single-copy warm-ups (the first primes the cache)
  BATCH_SIZES       = 1 2 4 8 16  x RUNS=1 measured batches each
  WORKERS           = (planner default)
  STATEMENT_TIMEOUT = 900
  THERMAL_EQUALISE  = gate (T_LO=55 T_HI=60 preheat<=60s cooldown<=120s)
  sensors           = pkg:/sys/class/hwmon/hwmon8/temp1_input cores:4 cpufreq:8 throttle:8/8
  SIGLESS_ADDR      = (disabled)
Found 1 query under queries/tpch/tpch-queries/q11/v1_materialized.sql

Catalog snapshot: 37 relations -> logs/warm_stepup/20260918T224909Z-a543de/query_catalog_tpch_idx.csv
[1/1] queries/tpch/tpch-queries/q11/v1_materialized.sql (2 warmup + step-up 1 2 4 8 16 x1)
  thermal gate: pre-heated 10s -> 56.0 C
  warmup 1/2: 1.628417 sec (cache prime)
  warmup 2/2: 0.157736 sec
  N=1   batch 1/1: 0.159015 sec, 1 copy (server sum 102.938 ms)
  N=2   batch 1/1: 0.252468 sec, 2 copies (server sum 187.986 ms)
  N=4   batch 1/1: 0.432166 sec, 4 copies (server sum 369.060 ms)
  N=8   batch 1/1: 0.800142 sec, 8 copies (server sum 726.553 ms)
  N=16  batch 1/1: 1.571277 sec, 16 copies (server sum 1435.198 ms)
  done: 5 sizes x 1 run (0 failures)

Done. Batch rows appended to logs/warm_stepup/20260918T224909Z-a543de/query_timing_tpch_idx.csv
Per-copy samples appended to logs/warm_stepup/20260918T224909Z-a543de/query_samples_tpch_idx.csv
Relation sizes appended to logs/warm_stepup/20260918T224909Z-a543de/query_catalog_tpch_idx.csv
Last batch ended at epoch 1789771769.801 (PREV_END_EPOCH for the next invocation)
===== [2/159] queries/tpch/tpch-queries/q12/v1_materialized.sql run_id=B14DAC80E5705757 =====
query_runner configuration:
  QUERY_DIR         = queries/tpch/tpch-queries/q12/v1_materialized.sql
  LOGS_DIR          = logs/warm_stepup/20260918T224909Z-a543de  (query_timing_/query_samples_/query_catalog_tpch_idx.csv)
  DB_NAME / DB_USER = tpch_idx / postgres
  PGPORT            = 5434  (server reports 18.4)
  RUN_ID            = B14DAC80E5705757
  WARMUP            = 2 single-copy warm-ups (the first primes the cache)
  BATCH_SIZES       = 1 2 4 8 16  x RUNS=1 measured batches each
  WORKERS           = (planner default)
  STATEMENT_TIMEOUT = 900
  THERMAL_EQUALISE  = gate (T_LO=55 T_HI=60 preheat<=60s cooldown<=120s)
  sensors           = pkg:/sys/class/hwmon/hwmon8/temp1_input cores:4 cpufreq:8 throttle:8/8
  SIGLESS_ADDR      = (disabled)
Found 1 query under queries/tpch/tpch-queries/q12/v1_materialized.sql

[1/1] queries/tpch/tpch-queries/q12/v1_materialized.sql (2 warmup + step-up 1 2 4 8 16 x1)
  thermal gate: pre-heated 5s -> 58.0 C
  warmup 1/2: 1.792657 sec (cache prime)
  warmup 2/2: 0.454339 sec
  N=1   batch 1/1: 0.502642 sec, 1 copy (server sum 398.213 ms)
  N=2   batch 1/1: 0.804324 sec, 2 copies (server sum 746.490 ms)
  N=4   batch 1/1: 1.519101 sec, 4 copies (server sum 1458.313 ms)
  N=8   batch 1/1: 2.950473 sec, 8 copies (server sum 2883.001 ms)
  N=16  batch 1/1: 5.798924 sec, 16 copies (server sum 5723.303 ms)
  done: 5 sizes x 1 run (0 failures)

Done. Batch rows appended to logs/warm_stepup/20260918T224909Z-a543de/query_timing_tpch_idx.csv
Per-copy samples appended to logs/warm_stepup/20260918T224909Z-a543de/query_samples_tpch_idx.csv
Last batch ended at epoch 1789771792.573 (PREV_END_EPOCH for the next invocation)
===== [3/159] queries/tpch/tpch-queries/q07/v1_materialized.sql run_id=7CF2EB27B65220D4 =====
query_runner configuration:
  QUERY_DIR         = queries/tpch/tpch-queries/q07/v1_materialized.sql
  LOGS_DIR          = logs/warm_stepup/20260918T224909Z-a543de  (query_timing_/query_samples_/query_catalog_tpch_idx.csv)
  DB_NAME / DB_USER = tpch_idx / postgres
  PGPORT            = 5434  (server reports 18.4)
  RUN_ID            = 7CF2EB27B65220D4
  WARMUP            = 2 single-copy warm-ups (the first primes the cache)
  BATCH_SIZES       = 1 2 4 8 16  x RUNS=1 measured batches each
  WORKERS           = (planner default)
  STATEMENT_TIMEOUT = 900
  THERMAL_EQUALISE  = gate (T_LO=55 T_HI=60 preheat<=60s cooldown<=120s)
  sensors           = pkg:/sys/class/hwmon/hwmon8/temp1_input cores:4 cpufreq:8 throttle:8/8
  SIGLESS_ADDR      = (disabled)
Found 1 query under queries/tpch/tpch-queries/q07/v1_materialized.sql

[1/1] queries/tpch/tpch-queries/q07/v1_materialized.sql (2 warmup + step-up 1 2 4 8 16 x1)
  warmup 1/2: 13.407860 sec (cache prime)
  warmup 2/2: 0.774876 sec
  N=1   batch 1/1: 0.791657 sec, 1 copy (server sum 707.800 ms)
  N=2   batch 1/1: 1.480785 sec, 2 copies (server sum 1380.298 ms)
  N=4   batch 1/1: 2.847662 sec, 4 copies (server sum 2729.777 ms)
  N=8   batch 1/1: 5.506532 sec, 8 copies (server sum 5421.761 ms)
  N=16  batch 1/1: 10.911268 sec, 16 copies (server sum 10795.379 ms)
  done: 5 sizes x 1 run (0 failures)

Done. Batch rows appended to logs/warm_stepup/20260918T224909Z-a543de/query_timing_tpch_idx.csv
Per-copy samples appended to logs/warm_stepup/20260918T224909Z-a543de/query_samples_tpch_idx.csv
Last batch ended at epoch 1789771832.623 (PREV_END_EPOCH for the next invocation)
===== [4/159] queries/tpch/tpch-queries/q02/base.sql run_id=DD7F35717FA62AB1 =====
query_runner configuration:
  QUERY_DIR         = queries/tpch/tpch-queries/q02/base.sql
  LOGS_DIR          = logs/warm_stepup/20260918T224909Z-a543de  (query_timing_/query_samples_/query_catalog_tpch_idx.csv)
  DB_NAME / DB_USER = tpch_idx / postgres
  PGPORT            = 5434  (server reports 18.4)
  RUN_ID            = DD7F35717FA62AB1
  WARMUP            = 2 single-copy warm-ups (the first primes the cache)
  BATCH_SIZES       = 1 2 4 8 16  x RUNS=1 measured batches each
  WORKERS           = (planner default)
  STATEMENT_TIMEOUT = 900
  THERMAL_EQUALISE  = gate (T_LO=55 T_HI=60 preheat<=60s cooldown<=120s)
  sensors           = pkg:/sys/class/hwmon/hwmon8/temp1_input cores:4 cpufreq:8 throttle:8/8
  SIGLESS_ADDR      = (disabled)
Found 1 query under queries/tpch/tpch-queries/q02/base.sql

[1/1] queries/tpch/tpch-queries/q02/base.sql (2 warmup + step-up 1 2 4 8 16 x1)
  warmup 1/2: 0.876276 sec (cache prime)
  warmup 2/2: 0.288685 sec
  N=1   batch 1/1: 0.288351 sec, 1 copy (server sum 230.120 ms)
  N=2   batch 1/1: 0.479972 sec, 2 copies (server sum 419.126 ms)
  N=4   batch 1/1: 0.861173 sec, 4 copies (server sum 796.030 ms)
  N=8   batch 1/1: 1.629971 sec, 8 copies (server sum 1556.809 ms)
  N=16  batch 1/1: 3.204838 sec, 16 copies (server sum 3064.290 ms)
  done: 5 sizes x 1 run (0 failures)

Done. Batch rows appended to logs/warm_stepup/20260918T224909Z-a543de/query_timing_tpch_idx.csv
Per-copy samples appended to logs/warm_stepup/20260918T224909Z-a543de/query_samples_tpch_idx.csv
Last batch ended at epoch 1789771844.813 (PREV_END_EPOCH for the next invocation)
===== [5/159] queries/tpch/tpch-queries/q08/v2_filter.sql run_id=735405D1F8E29C3E =====
query_runner configuration:
  QUERY_DIR         = queries/tpch/tpch-queries/q08/v2_filter.sql
  LOGS_DIR          = logs/warm_stepup/20260918T224909Z-a543de  (query_timing_/query_samples_/query_catalog_tpch_idx.csv)
  DB_NAME / DB_USER = tpch_idx / postgres
  PGPORT            = 5434  (server reports 18.4)
  RUN_ID            = 735405D1F8E29C3E
  WARMUP            = 2 single-copy warm-ups (the first primes the cache)
  BATCH_SIZES       = 1 2 4 8 16  x RUNS=1 measured batches each
  WORKERS           = (planner default)
  STATEMENT_TIMEOUT = 900
  THERMAL_EQUALISE  = gate (T_LO=55 T_HI=60 preheat<=60s cooldown<=120s)
  sensors           = pkg:/sys/class/hwmon/hwmon8/temp1_input cores:4 cpufreq:8 throttle:8/8
  SIGLESS_ADDR      = (disabled)
Found 1 query under queries/tpch/tpch-queries/q08/v2_filter.sql

[1/1] queries/tpch/tpch-queries/q08/v2_filter.sql (2 warmup + step-up 1 2 4 8 16 x1)
  warmup 1/2: 5.224104 sec (cache prime)
  warmup 2/2: 0.215009 sec
  N=1   batch 1/1: 0.210445 sec, 1 copy (server sum 150.341 ms)
  N=2   batch 1/1: 0.348955 sec, 2 copies (server sum 285.281 ms)
  N=4   batch 1/1: 0.623052 sec, 4 copies (server sum 553.314 ms)
  N=8   batch 1/1: 1.171081 sec, 8 copies (server sum 1083.395 ms)
  N=16  batch 1/1: 2.277823 sec, 16 copies (server sum 2152.591 ms)
  done: 5 sizes x 1 run (0 failures)

Done. Batch rows appended to logs/warm_stepup/20260918T224909Z-a543de/query_timing_tpch_idx.csv
Per-copy samples appended to logs/warm_stepup/20260918T224909Z-a543de/query_samples_tpch_idx.csv
Last batch ended at epoch 1789771859.328 (PREV_END_EPOCH for the next invocation)
===== [6/159] queries/tpch/tpch-queries/q08/v1_materialized.sql run_id=9A20D6EDABF36C92 =====
query_runner configuration:
  QUERY_DIR         = queries/tpch/tpch-queries/q08/v1_materialized.sql
  LOGS_DIR          = logs/warm_stepup/20260918T224909Z-a543de  (query_timing_/query_samples_/query_catalog_tpch_idx.csv)
  DB_NAME / DB_USER = tpch_idx / postgres
  PGPORT            = 5434  (server reports 18.4)
  RUN_ID            = 9A20D6EDABF36C92
  WARMUP            = 2 single-copy warm-ups (the first primes the cache)
  BATCH_SIZES       = 1 2 4 8 16  x RUNS=1 measured batches each
  WORKERS           = (planner default)
  STATEMENT_TIMEOUT = 900
  THERMAL_EQUALISE  = gate (T_LO=55 T_HI=60 preheat<=60s cooldown<=120s)
  sensors           = pkg:/sys/class/hwmon/hwmon8/temp1_input cores:4 cpufreq:8 throttle:8/8
  SIGLESS_ADDR      = (disabled)
Found 1 query under queries/tpch/tpch-queries/q08/v1_materialized.sql

[1/1] queries/tpch/tpch-queries/q08/v1_materialized.sql (2 warmup + step-up 1 2 4 8 16 x1)
  warmup 1/2: 7.713166 sec (cache prime)
  warmup 2/2: 0.211098 sec
  N=1   batch 1/1: 0.208054 sec, 1 copy (server sum 148.022 ms)
  N=2   batch 1/1: 0.348474 sec, 2 copies (server sum 284.864 ms)
  N=4   batch 1/1: 0.615142 sec, 4 copies (server sum 544.533 ms)
  N=8   batch 1/1: 1.158521 sec, 8 copies (server sum 1074.442 ms)
  N=16  batch 1/1: 2.243219 sec, 16 copies (server sum 2131.028 ms)
  done: 5 sizes x 1 run (0 failures)

Done. Batch rows appended to logs/warm_stepup/20260918T224909Z-a543de/query_timing_tpch_idx.csv
Per-copy samples appended to logs/warm_stepup/20260918T224909Z-a543de/query_samples_tpch_idx.csv
Last batch ended at epoch 1789771876.316 (PREV_END_EPOCH for the next invocation)
===== [7/159] queries/tpch/tpch-queries/q13/v2_correlated.sql run_id=568BC499BC10B71B =====
query_runner configuration:
  QUERY_DIR         = queries/tpch/tpch-queries/q13/v2_correlated.sql
  LOGS_DIR          = logs/warm_stepup/20260918T224909Z-a543de  (query_timing_/query_samples_/query_catalog_tpch_idx.csv)
  DB_NAME / DB_USER = tpch_idx / postgres
  PGPORT            = 5434  (server reports 18.4)
  RUN_ID            = 568BC499BC10B71B
  WARMUP            = 2 single-copy warm-ups (the first primes the cache)
  BATCH_SIZES       = 1 2 4 8 16  x RUNS=1 measured batches each
  WORKERS           = (planner default)
  STATEMENT_TIMEOUT = 900
  THERMAL_EQUALISE  = gate (T_LO=55 T_HI=60 preheat<=60s cooldown<=120s)
  sensors           = pkg:/sys/class/hwmon/hwmon8/temp1_input cores:4 cpufreq:8 throttle:8/8
  SIGLESS_ADDR      = (disabled)
Found 1 query under queries/tpch/tpch-queries/q13/v2_correlated.sql

[1/1] queries/tpch/tpch-queries/q13/v2_correlated.sql (2 warmup + step-up 1 2 4 8 16 x1)
  warmup 1/2: 5.364653 sec (cache prime)
  warmup 2/2: 2.703534 sec
  N=1   batch 1/1: 2.700087 sec, 1 copy (server sum 2644.862 ms)
  N=2   batch 1/1: 5.288192 sec, 2 copies (server sum 5184.296 ms)
  N=4   batch 1/1: 10.268587 sec, 4 copies (server sum 10210.366 ms)
  N=8   batch 1/1: 20.349083 sec, 8 copies (server sum 20288.122 ms)
  N=16  batch 1/1: 40.690194 sec, 16 copies (server sum 40623.273 ms)
  done: 5 sizes x 1 run (0 failures)

Done. Batch rows appended to logs/warm_stepup/20260918T224909Z-a543de/query_timing_tpch_idx.csv
Per-copy samples appended to logs/warm_stepup/20260918T224909Z-a543de/query_samples_tpch_idx.csv
Last batch ended at epoch 1789771967.865 (PREV_END_EPOCH for the next invocation)
===== [8/159] queries/tpch/tpch-queries/q16/v1_materialized.sql run_id=A1A55BA6A8E9ABCF =====
query_runner configuration:
  QUERY_DIR         = queries/tpch/tpch-queries/q16/v1_materialized.sql
  LOGS_DIR          = logs/warm_stepup/20260918T224909Z-a543de  (query_timing_/query_samples_/query_catalog_tpch_idx.csv)
  DB_NAME / DB_USER = tpch_idx / postgres
  PGPORT            = 5434  (server reports 18.4)
  RUN_ID            = A1A55BA6A8E9ABCF
  WARMUP            = 2 single-copy warm-ups (the first primes the cache)
  BATCH_SIZES       = 1 2 4 8 16  x RUNS=1 measured batches each
  WORKERS           = (planner default)
  STATEMENT_TIMEOUT = 900
  THERMAL_EQUALISE  = gate (T_LO=55 T_HI=60 preheat<=60s cooldown<=120s)
  sensors           = pkg:/sys/class/hwmon/hwmon8/temp1_input cores:4 cpufreq:8 throttle:8/8
  SIGLESS_ADDR      = (disabled)
Found 1 query under queries/tpch/tpch-queries/q16/v1_materialized.sql

[1/1] queries/tpch/tpch-queries/q16/v1_materialized.sql (2 warmup + step-up 1 2 4 8 16 x1)
  warmup 1/2: 0.629333 sec (cache prime)
  warmup 2/2: 0.382983 sec
  N=1   batch 1/1: 0.410275 sec, 1 copy (server sum 323.341 ms)
  N=2   batch 1/1: 0.814646 sec, 2 copies (server sum 708.584 ms)
  N=4   batch 1/1: 1.359897 sec, 4 copies (server sum 1300.048 ms)
  N=8   batch 1/1: 2.681803 sec, 8 copies (server sum 2607.910 ms)
  N=16  batch 1/1: 5.189297 sec, 16 copies (server sum 5115.592 ms)
  done: 5 sizes x 1 run (0 failures)

Done. Batch rows appended to logs/warm_stepup/20260918T224909Z-a543de/query_timing_tpch_idx.csv
Per-copy samples appended to logs/warm_stepup/20260918T224909Z-a543de/query_samples_tpch_idx.csv
Last batch ended at epoch 1789771983.571 (PREV_END_EPOCH for the next invocation)
===== [9/159] queries/tpch/tpch-queries/q16/v2_not_exists.sql run_id=7318DFC6092C01BE =====
query_runner configuration:
  QUERY_DIR         = queries/tpch/tpch-queries/q16/v2_not_exists.sql
  LOGS_DIR          = logs/warm_stepup/20260918T224909Z-a543de  (query_timing_/query_samples_/query_catalog_tpch_idx.csv)
  DB_NAME / DB_USER = tpch_idx / postgres
  PGPORT            = 5434  (server reports 18.4)
  RUN_ID            = 7318DFC6092C01BE
  WARMUP            = 2 single-copy warm-ups (the first primes the cache)
  BATCH_SIZES       = 1 2 4 8 16  x RUNS=1 measured batches each
  WORKERS           = (planner default)
  STATEMENT_TIMEOUT = 900
  THERMAL_EQUALISE  = gate (T_LO=55 T_HI=60 preheat<=60s cooldown<=120s)
  sensors           = pkg:/sys/class/hwmon/hwmon8/temp1_input cores:4 cpufreq:8 throttle:8/8
  SIGLESS_ADDR      = (disabled)
Found 1 query under queries/tpch/tpch-queries/q16/v2_not_exists.sql

[1/1] queries/tpch/tpch-queries/q16/v2_not_exists.sql (2 warmup + step-up 1 2 4 8 16 x1)
  thermal gate: waited 2s -> 56.0 C
  warmup 1/2: 0.644440 sec (cache prime)
  warmup 2/2: 0.347445 sec
  N=1   batch 1/1: 0.348060 sec, 1 copy (server sum 291.300 ms)
  N=2   batch 1/1: 0.645586 sec, 2 copies (server sum 587.781 ms)
  N=4   batch 1/1: 1.239243 sec, 4 copies (server sum 1179.406 ms)
  N=8   batch 1/1: 2.436161 sec, 8 copies (server sum 2370.923 ms)
  N=16  batch 1/1: 4.834817 sec, 16 copies (server sum 4759.986 ms)
  done: 5 sizes x 1 run (0 failures)

Done. Batch rows appended to logs/warm_stepup/20260918T224909Z-a543de/query_timing_tpch_idx.csv
Per-copy samples appended to logs/warm_stepup/20260918T224909Z-a543de/query_samples_tpch_idx.csv
Last batch ended at epoch 1789772000.389 (PREV_END_EPOCH for the next invocation)
===== [10/159] queries/tpch/tpch-queries/q06/v1_materialized.sql run_id=438B32E66F548264 =====
query_runner configuration:
  QUERY_DIR         = queries/tpch/tpch-queries/q06/v1_materialized.sql
  LOGS_DIR          = logs/warm_stepup/20260918T224909Z-a543de  (query_timing_/query_samples_/query_catalog_tpch_idx.csv)
  DB_NAME / DB_USER = tpch_idx / postgres
  PGPORT            = 5434  (server reports 18.4)
  RUN_ID            = 438B32E66F548264
  WARMUP            = 2 single-copy warm-ups (the first primes the cache)
  BATCH_SIZES       = 1 2 4 8 16  x RUNS=1 measured batches each
  WORKERS           = (planner default)
  STATEMENT_TIMEOUT = 900
  THERMAL_EQUALISE  = gate (T_LO=55 T_HI=60 preheat<=60s cooldown<=120s)
  sensors           = pkg:/sys/class/hwmon/hwmon8/temp1_input cores:4 cpufreq:8 throttle:8/8
  SIGLESS_ADDR      = (disabled)
Found 1 query under queries/tpch/tpch-queries/q06/v1_materialized.sql

[1/1] queries/tpch/tpch-queries/q06/v1_materialized.sql (2 warmup + step-up 1 2 4 8 16 x1)
  warmup 1/2: 0.334368 sec (cache prime)
  warmup 2/2: 0.132223 sec
  N=1   batch 1/1: 0.131811 sec, 1 copy (server sum 76.735 ms)
  N=2   batch 1/1: 0.208958 sec, 2 copies (server sum 152.714 ms)
  N=4   batch 1/1: 0.363925 sec, 4 copies (server sum 305.209 ms)
  N=8   batch 1/1: 0.727257 sec, 8 copies (server sum 656.448 ms)
  N=16  batch 1/1: 1.319908 sec, 16 copies (server sum 1252.760 ms)
  done: 5 sizes x 1 run (0 failures)

Done. Batch rows appended to logs/warm_stepup/20260918T224909Z-a543de/query_timing_tpch_idx.csv
Per-copy samples appended to logs/warm_stepup/20260918T224909Z-a543de/query_samples_tpch_idx.csv
Last batch ended at epoch 1789772007.543 (PREV_END_EPOCH for the next invocation)
===== [11/159] queries/tpch/tpch-queries/q02/v2_decorrelate.sql run_id=97C3AD94D535D4D8 =====
query_runner configuration:
  QUERY_DIR         = queries/tpch/tpch-queries/q02/v2_decorrelate.sql
  LOGS_DIR          = logs/warm_stepup/20260918T224909Z-a543de  (query_timing_/query_samples_/query_catalog_tpch_idx.csv)
  DB_NAME / DB_USER = tpch_idx / postgres
  PGPORT            = 5434  (server reports 18.4)
  RUN_ID            = 97C3AD94D535D4D8
  WARMUP            = 2 single-copy warm-ups (the first primes the cache)
  BATCH_SIZES       = 1 2 4 8 16  x RUNS=1 measured batches each
  WORKERS           = (planner default)
  STATEMENT_TIMEOUT = 900
  THERMAL_EQUALISE  = gate (T_LO=55 T_HI=60 preheat<=60s cooldown<=120s)
  sensors           = pkg:/sys/class/hwmon/hwmon8/temp1_input cores:4 cpufreq:8 throttle:8/8
  SIGLESS_ADDR      = (disabled)
Found 1 query under queries/tpch/tpch-queries/q02/v2_decorrelate.sql

[1/1] queries/tpch/tpch-queries/q02/v2_decorrelate.sql (2 warmup + step-up 1 2 4 8 16 x1)
  warmup 1/2: 2.211875 sec (cache prime)
  warmup 2/2: 0.281836 sec
  N=1   batch 1/1: 0.284714 sec, 1 copy (server sum 225.214 ms)
  N=2   batch 1/1: 0.492332 sec, 2 copies (server sum 429.266 ms)
  N=4   batch 1/1: 0.920147 sec, 4 copies (server sum 848.577 ms)
  N=8   batch 1/1: 1.762577 sec, 8 copies (server sum 1675.719 ms)
  N=16  batch 1/1: 3.469071 sec, 16 copies (server sum 3345.935 ms)
  done: 5 sizes x 1 run (0 failures)

Done. Batch rows appended to logs/warm_stepup/20260918T224909Z-a543de/query_timing_tpch_idx.csv
Per-copy samples appended to logs/warm_stepup/20260918T224909Z-a543de/query_samples_tpch_idx.csv
Last batch ended at epoch 1789772021.079 (PREV_END_EPOCH for the next invocation)
===== [12/159] queries/tpch/tpch-queries/q15/v1_materialized.sql run_id=7D10BABF48F4A2D8 =====
query_runner configuration:
  QUERY_DIR         = queries/tpch/tpch-queries/q15/v1_materialized.sql
  LOGS_DIR          = logs/warm_stepup/20260918T224909Z-a543de  (query_timing_/query_samples_/query_catalog_tpch_idx.csv)
  DB_NAME / DB_USER = tpch_idx / postgres
  PGPORT            = 5434  (server reports 18.4)
  RUN_ID            = 7D10BABF48F4A2D8
  WARMUP            = 2 single-copy warm-ups (the first primes the cache)
  BATCH_SIZES       = 1 2 4 8 16  x RUNS=1 measured batches each
  WORKERS           = (planner default)
  STATEMENT_TIMEOUT = 900
  THERMAL_EQUALISE  = gate (T_LO=55 T_HI=60 preheat<=60s cooldown<=120s)
  sensors           = pkg:/sys/class/hwmon/hwmon8/temp1_input cores:4 cpufreq:8 throttle:8/8
  SIGLESS_ADDR      = (disabled)
Found 1 query under queries/tpch/tpch-queries/q15/v1_materialized.sql

[1/1] queries/tpch/tpch-queries/q15/v1_materialized.sql (2 warmup + step-up 1 2 4 8 16 x1)
  warmup 1/2: 2.230527 sec (cache prime)
  warmup 2/2: 0.439917 sec
  N=1   batch 1/1: 0.397218 sec, 1 copy (server sum 341.236 ms)
  N=2   batch 1/1: 0.706842 sec, 2 copies (server sum 606.674 ms)
  N=4   batch 1/1: 1.193598 sec, 4 copies (server sum 1134.809 ms)
  N=8   batch 1/1: 2.277876 sec, 8 copies (server sum 2176.922 ms)
  N=16  batch 1/1: 4.362946 sec, 16 copies (server sum 4292.447 ms)
  done: 5 sizes x 1 run (0 failures)

Done. Batch rows appended to logs/warm_stepup/20260918T224909Z-a543de/query_timing_tpch_idx.csv
Per-copy samples appended to logs/warm_stepup/20260918T224909Z-a543de/query_samples_tpch_idx.csv
Last batch ended at epoch 1789772036.661 (PREV_END_EPOCH for the next invocation)
===== [13/159] queries/tpch/tpch-queries/q08/base.sql run_id=77AB63409D785A2E =====
query_runner configuration:
  QUERY_DIR         = queries/tpch/tpch-queries/q08/base.sql
  LOGS_DIR          = logs/warm_stepup/20260918T224909Z-a543de  (query_timing_/query_samples_/query_catalog_tpch_idx.csv)
  DB_NAME / DB_USER = tpch_idx / postgres
  PGPORT            = 5434  (server reports 18.4)
  RUN_ID            = 77AB63409D785A2E
  WARMUP            = 2 single-copy warm-ups (the first primes the cache)
  BATCH_SIZES       = 1 2 4 8 16  x RUNS=1 measured batches each
  WORKERS           = (planner default)
  STATEMENT_TIMEOUT = 900
  THERMAL_EQUALISE  = gate (T_LO=55 T_HI=60 preheat<=60s cooldown<=120s)
  sensors           = pkg:/sys/class/hwmon/hwmon8/temp1_input cores:4 cpufreq:8 throttle:8/8
  SIGLESS_ADDR      = (disabled)
Found 1 query under queries/tpch/tpch-queries/q08/base.sql

[1/1] queries/tpch/tpch-queries/q08/base.sql (2 warmup + step-up 1 2 4 8 16 x1)
  thermal gate: pre-heated 5s -> 60.0 C
  warmup 1/2: 7.761843 sec (cache prime)
  warmup 2/2: 0.209234 sec
  N=1   batch 1/1: 0.207509 sec, 1 copy (server sum 147.336 ms)
  N=2   batch 1/1: 0.342788 sec, 2 copies (server sum 279.586 ms)
  N=4   batch 1/1: 0.614130 sec, 4 copies (server sum 544.384 ms)
  N=8   batch 1/1: 1.153055 sec, 8 copies (server sum 1070.622 ms)
  N=16  batch 1/1: 2.226622 sec, 16 copies (server sum 2118.214 ms)
  done: 5 sizes x 1 run (0 failures)

Done. Batch rows appended to logs/warm_stepup/20260918T224909Z-a543de/query_timing_tpch_idx.csv
Per-copy samples appended to logs/warm_stepup/20260918T224909Z-a543de/query_samples_tpch_idx.csv
Last batch ended at epoch 1789772058.645 (PREV_END_EPOCH for the next invocation)
===== [14/159] queries/tpch/tpch-queries/q08/v2_filter.sql run_id=F12466B55A193855 =====
query_runner configuration:
  QUERY_DIR         = queries/tpch/tpch-queries/q08/v2_filter.sql
  LOGS_DIR          = logs/warm_stepup/20260918T224909Z-a543de  (query_timing_/query_samples_/query_catalog_tpch_idx.csv)
  DB_NAME / DB_USER = tpch_idx / postgres
  PGPORT            = 5434  (server reports 18.4)
  RUN_ID            = F12466B55A193855
  WARMUP            = 2 single-copy warm-ups (the first primes the cache)
  BATCH_SIZES       = 1 2 4 8 16  x RUNS=1 measured batches each
  WORKERS           = (planner default)
  STATEMENT_TIMEOUT = 900
  THERMAL_EQUALISE  = gate (T_LO=55 T_HI=60 preheat<=60s cooldown<=120s)
  sensors           = pkg:/sys/class/hwmon/hwmon8/temp1_input cores:4 cpufreq:8 throttle:8/8
  SIGLESS_ADDR      = (disabled)
Found 1 query under queries/tpch/tpch-queries/q08/v2_filter.sql

[1/1] queries/tpch/tpch-queries/q08/v2_filter.sql (2 warmup + step-up 1 2 4 8 16 x1)
  thermal gate: pre-heated 5s -> 61.0 C
  warmup 1/2: 7.365345 sec (cache prime)
  warmup 2/2: 0.211712 sec
  N=1   batch 1/1: 0.209256 sec, 1 copy (server sum 149.125 ms)
  N=2   batch 1/1: 0.345112 sec, 2 copies (server sum 281.981 ms)
  N=4   batch 1/1: 0.614708 sec, 4 copies (server sum 544.519 ms)
  N=8   batch 1/1: 1.156429 sec, 8 copies (server sum 1071.644 ms)
  N=16  batch 1/1: 2.235854 sec, 16 copies (server sum 2125.199 ms)
  done: 5 sizes x 1 run (0 failures)

Done. Batch rows appended to logs/warm_stepup/20260918T224909Z-a543de/query_timing_tpch_idx.csv
Per-copy samples appended to logs/warm_stepup/20260918T224909Z-a543de/query_samples_tpch_idx.csv
Last batch ended at epoch 1789772080.345 (PREV_END_EPOCH for the next invocation)
===== [15/159] queries/tpch/tpch-queries/q11/v2_cte_threshold.sql run_id=D20A0DDF85150EAD =====
query_runner configuration:
  QUERY_DIR         = queries/tpch/tpch-queries/q11/v2_cte_threshold.sql
  LOGS_DIR          = logs/warm_stepup/20260918T224909Z-a543de  (query_timing_/query_samples_/query_catalog_tpch_idx.csv)
  DB_NAME / DB_USER = tpch_idx / postgres
  PGPORT            = 5434  (server reports 18.4)
  RUN_ID            = D20A0DDF85150EAD
  WARMUP            = 2 single-copy warm-ups (the first primes the cache)
  BATCH_SIZES       = 1 2 4 8 16  x RUNS=1 measured batches each
  WORKERS           = (planner default)
  STATEMENT_TIMEOUT = 900
  THERMAL_EQUALISE  = gate (T_LO=55 T_HI=60 preheat<=60s cooldown<=120s)
  sensors           = pkg:/sys/class/hwmon/hwmon8/temp1_input cores:4 cpufreq:8 throttle:8/8
  SIGLESS_ADDR      = (disabled)
Found 1 query under queries/tpch/tpch-queries/q11/v2_cte_threshold.sql

[1/1] queries/tpch/tpch-queries/q11/v2_cte_threshold.sql (2 warmup + step-up 1 2 4 8 16 x1)
  thermal gate: pre-heated 5s -> 61.0 C
  warmup 1/2: 1.651247 sec (cache prime)
  warmup 2/2: 0.159899 sec
  N=1   batch 1/1: 0.163355 sec, 1 copy (server sum 100.472 ms)
  N=2   batch 1/1: 0.258511 sec, 2 copies (server sum 190.004 ms)
  N=4   batch 1/1: 0.425106 sec, 4 copies (server sum 362.108 ms)
  N=8   batch 1/1: 0.786166 sec, 8 copies (server sum 714.751 ms)
  N=16  batch 1/1: 1.528727 sec, 16 copies (server sum 1407.541 ms)
  done: 5 sizes x 1 run (0 failures)

Done. Batch rows appended to logs/warm_stepup/20260918T224909Z-a543de/query_timing_tpch_idx.csv
Per-copy samples appended to logs/warm_stepup/20260918T224909Z-a543de/query_samples_tpch_idx.csv
Last batch ended at epoch 1789772094.568 (PREV_END_EPOCH for the next invocation)
===== [16/159] queries/tpch/tpch-queries/q06/v1_materialized.sql run_id=0B3C94FB9C8BD0B6 =====
query_runner configuration:
  QUERY_DIR         = queries/tpch/tpch-queries/q06/v1_materialized.sql
  LOGS_DIR          = logs/warm_stepup/20260918T224909Z-a543de  (query_timing_/query_samples_/query_catalog_tpch_idx.csv)
  DB_NAME / DB_USER = tpch_idx / postgres
  PGPORT            = 5434  (server reports 18.4)
  RUN_ID            = 0B3C94FB9C8BD0B6
  WARMUP            = 2 single-copy warm-ups (the first primes the cache)
  BATCH_SIZES       = 1 2 4 8 16  x RUNS=1 measured batches each
  WORKERS           = (planner default)
  STATEMENT_TIMEOUT = 900
  THERMAL_EQUALISE  = gate (T_LO=55 T_HI=60 preheat<=60s cooldown<=120s)
  sensors           = pkg:/sys/class/hwmon/hwmon8/temp1_input cores:4 cpufreq:8 throttle:8/8
  SIGLESS_ADDR      = (disabled)
Found 1 query under queries/tpch/tpch-queries/q06/v1_materialized.sql

[1/1] queries/tpch/tpch-queries/q06/v1_materialized.sql (2 warmup + step-up 1 2 4 8 16 x1)
  warmup 1/2: 0.347072 sec (cache prime)
  warmup 2/2: 0.135308 sec
  N=1   batch 1/1: 0.131976 sec, 1 copy (server sum 76.510 ms)
  N=2   batch 1/1: 0.208401 sec, 2 copies (server sum 152.135 ms)
  N=4   batch 1/1: 0.360092 sec, 4 copies (server sum 301.761 ms)
  N=8   batch 1/1: 0.697319 sec, 8 copies (server sum 628.864 ms)
  N=16  batch 1/1: 1.352355 sec, 16 copies (server sum 1272.104 ms)
  done: 5 sizes x 1 run (0 failures)

Done. Batch rows appended to logs/warm_stepup/20260918T224909Z-a543de/query_timing_tpch_idx.csv
Per-copy samples appended to logs/warm_stepup/20260918T224909Z-a543de/query_samples_tpch_idx.csv
Last batch ended at epoch 1789772101.640 (PREV_END_EPOCH for the next invocation)
===== [17/159] queries/tpch/tpch-queries/q03/v1_materialized.sql run_id=60C4D62A3A2D1960 =====
query_runner configuration:
  QUERY_DIR         = queries/tpch/tpch-queries/q03/v1_materialized.sql
  LOGS_DIR          = logs/warm_stepup/20260918T224909Z-a543de  (query_timing_/query_samples_/query_catalog_tpch_idx.csv)
  DB_NAME / DB_USER = tpch_idx / postgres
  PGPORT            = 5434  (server reports 18.4)
  RUN_ID            = 60C4D62A3A2D1960
  WARMUP            = 2 single-copy warm-ups (the first primes the cache)
  BATCH_SIZES       = 1 2 4 8 16  x RUNS=1 measured batches each
  WORKERS           = (planner default)
  STATEMENT_TIMEOUT = 900
  THERMAL_EQUALISE  = gate (T_LO=55 T_HI=60 preheat<=60s cooldown<=120s)
  sensors           = pkg:/sys/class/hwmon/hwmon8/temp1_input cores:4 cpufreq:8 throttle:8/8
  SIGLESS_ADDR      = (disabled)
Found 1 query under queries/tpch/tpch-queries/q03/v1_materialized.sql

[1/1] queries/tpch/tpch-queries/q03/v1_materialized.sql (2 warmup + step-up 1 2 4 8 16 x1)
  warmup 1/2: 1.606862 sec (cache prime)
  warmup 2/2: 0.473988 sec
  N=1   batch 1/1: 0.414909 sec, 1 copy (server sum 357.925 ms)
  N=2   batch 1/1: 0.738696 sec, 2 copies (server sum 680.228 ms)
  N=4   batch 1/1: 1.367351 sec, 4 copies (server sum 1305.620 ms)
  N=8   batch 1/1: 2.680799 sec, 8 copies (server sum 2555.661 ms)
  N=16  batch 1/1: 5.110111 sec, 16 copies (server sum 5032.861 ms)
  done: 5 sizes x 1 run (0 failures)

Done. Batch rows appended to logs/warm_stepup/20260918T224909Z-a543de/query_timing_tpch_idx.csv
Per-copy samples appended to logs/warm_stepup/20260918T224909Z-a543de/query_samples_tpch_idx.csv
Last batch ended at epoch 1789772118.179 (PREV_END_EPOCH for the next invocation)
===== [18/159] queries/tpch/tpch-queries/q16/v2_not_exists.sql run_id=ACEFF2DA6E1C44B4 =====
query_runner configuration:
  QUERY_DIR         = queries/tpch/tpch-queries/q16/v2_not_exists.sql
  LOGS_DIR          = logs/warm_stepup/20260918T224909Z-a543de  (query_timing_/query_samples_/query_catalog_tpch_idx.csv)
  DB_NAME / DB_USER = tpch_idx / postgres
  PGPORT            = 5434  (server reports 18.4)
  RUN_ID            = ACEFF2DA6E1C44B4
  WARMUP            = 2 single-copy warm-ups (the first primes the cache)
  BATCH_SIZES       = 1 2 4 8 16  x RUNS=1 measured batches each
  WORKERS           = (planner default)
  STATEMENT_TIMEOUT = 900
  THERMAL_EQUALISE  = gate (T_LO=55 T_HI=60 preheat<=60s cooldown<=120s)
  sensors           = pkg:/sys/class/hwmon/hwmon8/temp1_input cores:4 cpufreq:8 throttle:8/8
  SIGLESS_ADDR      = (disabled)
Found 1 query under queries/tpch/tpch-queries/q16/v2_not_exists.sql

[1/1] queries/tpch/tpch-queries/q16/v2_not_exists.sql (2 warmup + step-up 1 2 4 8 16 x1)
  warmup 1/2: 0.698922 sec (cache prime)
  warmup 2/2: 0.346549 sec
  N=1   batch 1/1: 0.346457 sec, 1 copy (server sum 289.986 ms)
  N=2   batch 1/1: 0.647441 sec, 2 copies (server sum 589.315 ms)
  N=4   batch 1/1: 1.233479 sec, 4 copies (server sum 1172.168 ms)
  N=8   batch 1/1: 2.426089 sec, 8 copies (server sum 2360.903 ms)
  N=16  batch 1/1: 4.859925 sec, 16 copies (server sum 4782.786 ms)
  done: 5 sizes x 1 run (0 failures)

Done. Batch rows appended to logs/warm_stepup/20260918T224909Z-a543de/query_timing_tpch_idx.csv
Per-copy samples appended to logs/warm_stepup/20260918T224909Z-a543de/query_samples_tpch_idx.csv
Last batch ended at epoch 1789772133.344 (PREV_END_EPOCH for the next invocation)
===== [19/159] queries/tpch/tpch-queries/q12/v2_filter.sql run_id=0C7E5F40293AED74 =====
query_runner configuration:
  QUERY_DIR         = queries/tpch/tpch-queries/q12/v2_filter.sql
  LOGS_DIR          = logs/warm_stepup/20260918T224909Z-a543de  (query_timing_/query_samples_/query_catalog_tpch_idx.csv)
  DB_NAME / DB_USER = tpch_idx / postgres
  PGPORT            = 5434  (server reports 18.4)
  RUN_ID            = 0C7E5F40293AED74
  WARMUP            = 2 single-copy warm-ups (the first primes the cache)
  BATCH_SIZES       = 1 2 4 8 16  x RUNS=1 measured batches each
  WORKERS           = (planner default)
  STATEMENT_TIMEOUT = 900
  THERMAL_EQUALISE  = gate (T_LO=55 T_HI=60 preheat<=60s cooldown<=120s)
  sensors           = pkg:/sys/class/hwmon/hwmon8/temp1_input cores:4 cpufreq:8 throttle:8/8
  SIGLESS_ADDR      = (disabled)
Found 1 query under queries/tpch/tpch-queries/q12/v2_filter.sql

[1/1] queries/tpch/tpch-queries/q12/v2_filter.sql (2 warmup + step-up 1 2 4 8 16 x1)
  warmup 1/2: 1.781613 sec (cache prime)
  warmup 2/2: 0.447432 sec
  N=1   batch 1/1: 0.447701 sec, 1 copy (server sum 391.202 ms)
  N=2   batch 1/1: 0.810317 sec, 2 copies (server sum 753.166 ms)
  N=4   batch 1/1: 1.522214 sec, 4 copies (server sum 1462.364 ms)
  N=8   batch 1/1: 2.897891 sec, 8 copies (server sum 2833.777 ms)
  N=16  batch 1/1: 5.734950 sec, 16 copies (server sum 5633.806 ms)
  done: 5 sizes x 1 run (0 failures)

Done. Batch rows appended to logs/warm_stepup/20260918T224909Z-a543de/query_timing_tpch_idx.csv
Per-copy samples appended to logs/warm_stepup/20260918T224909Z-a543de/query_samples_tpch_idx.csv
Last batch ended at epoch 1789772151.002 (PREV_END_EPOCH for the next invocation)
===== [20/159] queries/tpch/tpch-queries/q09/base.sql run_id=0FD72ED2BDA01E09 =====
query_runner configuration:
  QUERY_DIR         = queries/tpch/tpch-queries/q09/base.sql
  LOGS_DIR          = logs/warm_stepup/20260918T224909Z-a543de  (query_timing_/query_samples_/query_catalog_tpch_idx.csv)
  DB_NAME / DB_USER = tpch_idx / postgres
  PGPORT            = 5434  (server reports 18.4)
  RUN_ID            = 0FD72ED2BDA01E09
  WARMUP            = 2 single-copy warm-ups (the first primes the cache)
  BATCH_SIZES       = 1 2 4 8 16  x RUNS=1 measured batches each
  WORKERS           = (planner default)
  STATEMENT_TIMEOUT = 900
  THERMAL_EQUALISE  = gate (T_LO=55 T_HI=60 preheat<=60s cooldown<=120s)
  sensors           = pkg:/sys/class/hwmon/hwmon8/temp1_input cores:4 cpufreq:8 throttle:8/8
  SIGLESS_ADDR      = (disabled)
Found 1 query under queries/tpch/tpch-queries/q09/base.sql

[1/1] queries/tpch/tpch-queries/q09/base.sql (2 warmup + step-up 1 2 4 8 16 x1)
  warmup 1/2: 8.838644 sec (cache prime)
  warmup 2/2: 1.420078 sec
  N=1   batch 1/1: 1.411767 sec, 1 copy (server sum 1350.928 ms)
  N=2   batch 1/1: 2.729637 sec, 2 copies (server sum 2664.732 ms)
  N=4   batch 1/1: 5.389744 sec, 4 copies (server sum 5314.882 ms)
  N=8   batch 1/1: 10.781739 sec, 8 copies (server sum 10613.879 ms)
  N=16  batch 1/1: 21.320425 sec, 16 copies (server sum 21145.484 ms)
  done: 5 sizes x 1 run (0 failures)

Done. Batch rows appended to logs/warm_stepup/20260918T224909Z-a543de/query_timing_tpch_idx.csv
Per-copy samples appended to logs/warm_stepup/20260918T224909Z-a543de/query_samples_tpch_idx.csv
Last batch ended at epoch 1789772207.451 (PREV_END_EPOCH for the next invocation)
===== [21/159] queries/tpch/tpch-queries/q11/v1_materialized.sql run_id=6CE8FB99F76475EA =====
query_runner configuration:
  QUERY_DIR         = queries/tpch/tpch-queries/q11/v1_materialized.sql
  LOGS_DIR          = logs/warm_stepup/20260918T224909Z-a543de  (query_timing_/query_samples_/query_catalog_tpch_idx.csv)
  DB_NAME / DB_USER = tpch_idx / postgres
  PGPORT            = 5434  (server reports 18.4)
  RUN_ID            = 6CE8FB99F76475EA
  WARMUP            = 2 single-copy warm-ups (the first primes the cache)
  BATCH_SIZES       = 1 2 4 8 16  x RUNS=1 measured batches each
  WORKERS           = (planner default)
  STATEMENT_TIMEOUT = 900
  THERMAL_EQUALISE  = gate (T_LO=55 T_HI=60 preheat<=60s cooldown<=120s)
  sensors           = pkg:/sys/class/hwmon/hwmon8/temp1_input cores:4 cpufreq:8 throttle:8/8
  SIGLESS_ADDR      = (disabled)
Found 1 query under queries/tpch/tpch-queries/q11/v1_materialized.sql

[1/1] queries/tpch/tpch-queries/q11/v1_materialized.sql (2 warmup + step-up 1 2 4 8 16 x1)
  warmup 1/2: 1.677850 sec (cache prime)
  warmup 2/2: 0.157792 sec
  N=1   batch 1/1: 0.157588 sec, 1 copy (server sum 101.253 ms)
  N=2   batch 1/1: 0.251225 sec, 2 copies (server sum 188.689 ms)
  N=4   batch 1/1: 0.435727 sec, 4 copies (server sum 372.297 ms)
  N=8   batch 1/1: 0.805105 sec, 8 copies (server sum 733.396 ms)
  N=16  batch 1/1: 1.528026 sec, 16 copies (server sum 1438.267 ms)
  done: 5 sizes x 1 run (0 failures)

Done. Batch rows appended to logs/warm_stepup/20260918T224909Z-a543de/query_timing_tpch_idx.csv
Per-copy samples appended to logs/warm_stepup/20260918T224909Z-a543de/query_samples_tpch_idx.csv
Last batch ended at epoch 1789772217.150 (PREV_END_EPOCH for the next invocation)
===== [22/159] queries/tpch/tpch-queries/q10/v1_materialized.sql run_id=F1953C53C97198FF =====
query_runner configuration:
  QUERY_DIR         = queries/tpch/tpch-queries/q10/v1_materialized.sql
  LOGS_DIR          = logs/warm_stepup/20260918T224909Z-a543de  (query_timing_/query_samples_/query_catalog_tpch_idx.csv)
  DB_NAME / DB_USER = tpch_idx / postgres
  PGPORT            = 5434  (server reports 18.4)
  RUN_ID            = F1953C53C97198FF
  WARMUP            = 2 single-copy warm-ups (the first primes the cache)
  BATCH_SIZES       = 1 2 4 8 16  x RUNS=1 measured batches each
  WORKERS           = (planner default)
  STATEMENT_TIMEOUT = 900
  THERMAL_EQUALISE  = gate (T_LO=55 T_HI=60 preheat<=60s cooldown<=120s)
  sensors           = pkg:/sys/class/hwmon/hwmon8/temp1_input cores:4 cpufreq:8 throttle:8/8
  SIGLESS_ADDR      = (disabled)
Found 1 query under queries/tpch/tpch-queries/q10/v1_materialized.sql

[1/1] queries/tpch/tpch-queries/q10/v1_materialized.sql (2 warmup + step-up 1 2 4 8 16 x1)
  warmup 1/2: 2.519694 sec (cache prime)
  warmup 2/2: 0.489500 sec
  N=1   batch 1/1: 0.490723 sec, 1 copy (server sum 432.904 ms)
  N=2   batch 1/1: 0.876983 sec, 2 copies (server sum 815.086 ms)
  N=4   batch 1/1: 1.641952 sec, 4 copies (server sum 1579.079 ms)
  N=8   batch 1/1: 3.175228 sec, 8 copies (server sum 3106.829 ms)
  N=16  batch 1/1: 6.272665 sec, 16 copies (server sum 6172.866 ms)
  done: 5 sizes x 1 run (0 failures)

Done. Batch rows appended to logs/warm_stepup/20260918T224909Z-a543de/query_timing_tpch_idx.csv
Per-copy samples appended to logs/warm_stepup/20260918T224909Z-a543de/query_samples_tpch_idx.csv
Last batch ended at epoch 1789772236.662 (PREV_END_EPOCH for the next invocation)
===== [23/159] queries/tpch/tpch-queries/q22/v2_anti_join.sql run_id=069C07EA29F022EA =====
query_runner configuration:
  QUERY_DIR         = queries/tpch/tpch-queries/q22/v2_anti_join.sql
  LOGS_DIR          = logs/warm_stepup/20260918T224909Z-a543de  (query_timing_/query_samples_/query_catalog_tpch_idx.csv)
  DB_NAME / DB_USER = tpch_idx / postgres
  PGPORT            = 5434  (server reports 18.4)
  RUN_ID            = 069C07EA29F022EA
  WARMUP            = 2 single-copy warm-ups (the first primes the cache)
  BATCH_SIZES       = 1 2 4 8 16  x RUNS=1 measured batches each
  WORKERS           = (planner default)
  STATEMENT_TIMEOUT = 900
  THERMAL_EQUALISE  = gate (T_LO=55 T_HI=60 preheat<=60s cooldown<=120s)
  sensors           = pkg:/sys/class/hwmon/hwmon8/temp1_input cores:4 cpufreq:8 throttle:8/8
  SIGLESS_ADDR      = (disabled)
Found 1 query under queries/tpch/tpch-queries/q22/v2_anti_join.sql

[1/1] queries/tpch/tpch-queries/q22/v2_anti_join.sql (2 warmup + step-up 1 2 4 8 16 x1)
  warmup 1/2: 0.514878 sec (cache prime)
  warmup 2/2: 0.200300 sec
  N=1   batch 1/1: 0.251363 sec, 1 copy (server sum 148.363 ms)
  N=2   batch 1/1: 0.395765 sec, 2 copies (server sum 291.266 ms)
  N=4   batch 1/1: 0.603542 sec, 4 copies (server sum 543.017 ms)
  N=8   batch 1/1: 1.172758 sec, 8 copies (server sum 1106.964 ms)
  N=16  batch 1/1: 2.342771 sec, 16 copies (server sum 2251.755 ms)
  done: 5 sizes x 1 run (0 failures)

Done. Batch rows appended to logs/warm_stepup/20260918T224909Z-a543de/query_timing_tpch_idx.csv
Per-copy samples appended to logs/warm_stepup/20260918T224909Z-a543de/query_samples_tpch_idx.csv
Last batch ended at epoch 1789772246.293 (PREV_END_EPOCH for the next invocation)
===== [24/159] queries/tpch/tpch-queries/q19/base.sql run_id=1287ED14D06E6573 =====
query_runner configuration:
  QUERY_DIR         = queries/tpch/tpch-queries/q19/base.sql
  LOGS_DIR          = logs/warm_stepup/20260918T224909Z-a543de  (query_timing_/query_samples_/query_catalog_tpch_idx.csv)
  DB_NAME / DB_USER = tpch_idx / postgres
  PGPORT            = 5434  (server reports 18.4)
  RUN_ID            = 1287ED14D06E6573
  WARMUP            = 2 single-copy warm-ups (the first primes the cache)
  BATCH_SIZES       = 1 2 4 8 16  x RUNS=1 measured batches each
  WORKERS           = (planner default)
  STATEMENT_TIMEOUT = 900
  THERMAL_EQUALISE  = gate (T_LO=55 T_HI=60 preheat<=60s cooldown<=120s)
  sensors           = pkg:/sys/class/hwmon/hwmon8/temp1_input cores:4 cpufreq:8 throttle:8/8
  SIGLESS_ADDR      = (disabled)
Found 1 query under queries/tpch/tpch-queries/q19/base.sql

[1/1] queries/tpch/tpch-queries/q19/base.sql (2 warmup + step-up 1 2 4 8 16 x1)
  warmup 1/2: 2.201540 sec (cache prime)
  warmup 2/2: 0.092969 sec
  N=1   batch 1/1: 0.092664 sec, 1 copy (server sum 35.547 ms)
  N=2   batch 1/1: 0.126325 sec, 2 copies (server sum 67.837 ms)
  N=4   batch 1/1: 0.193107 sec, 4 copies (server sum 132.005 ms)
  N=8   batch 1/1: 0.328919 sec, 8 copies (server sum 263.419 ms)
  N=16  batch 1/1: 0.586613 sec, 16 copies (server sum 511.660 ms)
  done: 5 sizes x 1 run (0 failures)

Done. Batch rows appended to logs/warm_stepup/20260918T224909Z-a543de/query_timing_tpch_idx.csv
Per-copy samples appended to logs/warm_stepup/20260918T224909Z-a543de/query_samples_tpch_idx.csv
Last batch ended at epoch 1789772253.698 (PREV_END_EPOCH for the next invocation)
===== [25/159] queries/tpch/tpch-queries/q10/v1_materialized.sql run_id=C575BF7F1F8A43D9 =====
query_runner configuration:
  QUERY_DIR         = queries/tpch/tpch-queries/q10/v1_materialized.sql
  LOGS_DIR          = logs/warm_stepup/20260918T224909Z-a543de  (query_timing_/query_samples_/query_catalog_tpch_idx.csv)
  DB_NAME / DB_USER = tpch_idx / postgres
  PGPORT            = 5434  (server reports 18.4)
  RUN_ID            = C575BF7F1F8A43D9
  WARMUP            = 2 single-copy warm-ups (the first primes the cache)
  BATCH_SIZES       = 1 2 4 8 16  x RUNS=1 measured batches each
  WORKERS           = (planner default)
  STATEMENT_TIMEOUT = 900
  THERMAL_EQUALISE  = gate (T_LO=55 T_HI=60 preheat<=60s cooldown<=120s)
  sensors           = pkg:/sys/class/hwmon/hwmon8/temp1_input cores:4 cpufreq:8 throttle:8/8
  SIGLESS_ADDR      = (disabled)
Found 1 query under queries/tpch/tpch-queries/q10/v1_materialized.sql

[1/1] queries/tpch/tpch-queries/q10/v1_materialized.sql (2 warmup + step-up 1 2 4 8 16 x1)
  warmup 1/2: 2.516652 sec (cache prime)
  warmup 2/2: 0.486185 sec
  N=1   batch 1/1: 0.486083 sec, 1 copy (server sum 428.457 ms)
  N=2   batch 1/1: 0.868660 sec, 2 copies (server sum 809.232 ms)
  N=4   batch 1/1: 1.630915 sec, 4 copies (server sum 1566.755 ms)
  N=8   batch 1/1: 3.152187 sec, 8 copies (server sum 3083.372 ms)
  N=16  batch 1/1: 6.223137 sec, 16 copies (server sum 6131.196 ms)
  done: 5 sizes x 1 run (0 failures)

Done. Batch rows appended to logs/warm_stepup/20260918T224909Z-a543de/query_timing_tpch_idx.csv
Per-copy samples appended to logs/warm_stepup/20260918T224909Z-a543de/query_samples_tpch_idx.csv
Last batch ended at epoch 1789772273.184 (PREV_END_EPOCH for the next invocation)
===== [26/159] queries/tpch/tpch-queries/q02/base.sql run_id=E4463E8F76D8F674 =====
query_runner configuration:
  QUERY_DIR         = queries/tpch/tpch-queries/q02/base.sql
  LOGS_DIR          = logs/warm_stepup/20260918T224909Z-a543de  (query_timing_/query_samples_/query_catalog_tpch_idx.csv)
  DB_NAME / DB_USER = tpch_idx / postgres
  PGPORT            = 5434  (server reports 18.4)
  RUN_ID            = E4463E8F76D8F674
  WARMUP            = 2 single-copy warm-ups (the first primes the cache)
  BATCH_SIZES       = 1 2 4 8 16  x RUNS=1 measured batches each
  WORKERS           = (planner default)
  STATEMENT_TIMEOUT = 900
  THERMAL_EQUALISE  = gate (T_LO=55 T_HI=60 preheat<=60s cooldown<=120s)
  sensors           = pkg:/sys/class/hwmon/hwmon8/temp1_input cores:4 cpufreq:8 throttle:8/8
  SIGLESS_ADDR      = (disabled)
Found 1 query under queries/tpch/tpch-queries/q02/base.sql

[1/1] queries/tpch/tpch-queries/q02/base.sql (2 warmup + step-up 1 2 4 8 16 x1)
  warmup 1/2: 0.909004 sec (cache prime)
  warmup 2/2: 0.288153 sec
  N=1   batch 1/1: 0.287558 sec, 1 copy (server sum 229.349 ms)
  N=2   batch 1/1: 0.481450 sec, 2 copies (server sum 420.610 ms)
  N=4   batch 1/1: 0.861245 sec, 4 copies (server sum 796.648 ms)
  N=8   batch 1/1: 1.620308 sec, 8 copies (server sum 1547.162 ms)
  N=16  batch 1/1: 3.164283 sec, 16 copies (server sum 3074.269 ms)
  done: 5 sizes x 1 run (0 failures)

Done. Batch rows appended to logs/warm_stepup/20260918T224909Z-a543de/query_timing_tpch_idx.csv
Per-copy samples appended to logs/warm_stepup/20260918T224909Z-a543de/query_samples_tpch_idx.csv
Last batch ended at epoch 1789772285.279 (PREV_END_EPOCH for the next invocation)
===== [27/159] queries/tpch/tpch-queries/q09/v1_materialized.sql run_id=F2E27E5D7C3527E0 =====
query_runner configuration:
  QUERY_DIR         = queries/tpch/tpch-queries/q09/v1_materialized.sql
  LOGS_DIR          = logs/warm_stepup/20260918T224909Z-a543de  (query_timing_/query_samples_/query_catalog_tpch_idx.csv)
  DB_NAME / DB_USER = tpch_idx / postgres
  PGPORT            = 5434  (server reports 18.4)
  RUN_ID            = F2E27E5D7C3527E0
  WARMUP            = 2 single-copy warm-ups (the first primes the cache)
  BATCH_SIZES       = 1 2 4 8 16  x RUNS=1 measured batches each
  WORKERS           = (planner default)
  STATEMENT_TIMEOUT = 900
  THERMAL_EQUALISE  = gate (T_LO=55 T_HI=60 preheat<=60s cooldown<=120s)
  sensors           = pkg:/sys/class/hwmon/hwmon8/temp1_input cores:4 cpufreq:8 throttle:8/8
  SIGLESS_ADDR      = (disabled)
Found 1 query under queries/tpch/tpch-queries/q09/v1_materialized.sql

[1/1] queries/tpch/tpch-queries/q09/v1_materialized.sql (2 warmup + step-up 1 2 4 8 16 x1)
  thermal gate: pre-heated 5s -> 61.0 C
  warmup 1/2: 9.276155 sec (cache prime)
  warmup 2/2: 1.413025 sec
  N=1   batch 1/1: 1.417524 sec, 1 copy (server sum 1355.742 ms)
  N=2   batch 1/1: 2.722971 sec, 2 copies (server sum 2657.065 ms)
  N=4   batch 1/1: 5.383762 sec, 4 copies (server sum 5310.074 ms)
  N=8   batch 1/1: 10.622942 sec, 8 copies (server sum 10512.180 ms)
  N=16  batch 1/1: 21.330093 sec, 16 copies (server sum 21131.259 ms)
  done: 5 sizes x 1 run (0 failures)

Done. Batch rows appended to logs/warm_stepup/20260918T224909Z-a543de/query_timing_tpch_idx.csv
Per-copy samples appended to logs/warm_stepup/20260918T224909Z-a543de/query_samples_tpch_idx.csv
Last batch ended at epoch 1789772346.790 (PREV_END_EPOCH for the next invocation)
===== [28/159] queries/tpch/tpch-queries/q19/v1_materialized.sql run_id=E58BF5837A343BC1 =====
query_runner configuration:
  QUERY_DIR         = queries/tpch/tpch-queries/q19/v1_materialized.sql
  LOGS_DIR          = logs/warm_stepup/20260918T224909Z-a543de  (query_timing_/query_samples_/query_catalog_tpch_idx.csv)
  DB_NAME / DB_USER = tpch_idx / postgres
  PGPORT            = 5434  (server reports 18.4)
  RUN_ID            = E58BF5837A343BC1
  WARMUP            = 2 single-copy warm-ups (the first primes the cache)
  BATCH_SIZES       = 1 2 4 8 16  x RUNS=1 measured batches each
  WORKERS           = (planner default)
  STATEMENT_TIMEOUT = 900
  THERMAL_EQUALISE  = gate (T_LO=55 T_HI=60 preheat<=60s cooldown<=120s)
  sensors           = pkg:/sys/class/hwmon/hwmon8/temp1_input cores:4 cpufreq:8 throttle:8/8
  SIGLESS_ADDR      = (disabled)
Found 1 query under queries/tpch/tpch-queries/q19/v1_materialized.sql

[1/1] queries/tpch/tpch-queries/q19/v1_materialized.sql (2 warmup + step-up 1 2 4 8 16 x1)
  warmup 1/2: 1.514310 sec (cache prime)
  warmup 2/2: 0.096349 sec
  N=1   batch 1/1: 0.096302 sec, 1 copy (server sum 37.148 ms)
  N=2   batch 1/1: 0.128397 sec, 2 copies (server sum 70.218 ms)
  N=4   batch 1/1: 0.200219 sec, 4 copies (server sum 138.780 ms)
  N=8   batch 1/1: 0.385039 sec, 8 copies (server sum 271.074 ms)
  N=16  batch 1/1: 0.639795 sec, 16 copies (server sum 531.187 ms)
  done: 5 sizes x 1 run (0 failures)

Done. Batch rows appended to logs/warm_stepup/20260918T224909Z-a543de/query_timing_tpch_idx.csv
Per-copy samples appended to logs/warm_stepup/20260918T224909Z-a543de/query_samples_tpch_idx.csv
Last batch ended at epoch 1789772354.121 (PREV_END_EPOCH for the next invocation)
===== [29/159] queries/tpch/tpch-queries/q12/v2_filter.sql run_id=F3F4702297AC97F3 =====
query_runner configuration:
  QUERY_DIR         = queries/tpch/tpch-queries/q12/v2_filter.sql
  LOGS_DIR          = logs/warm_stepup/20260918T224909Z-a543de  (query_timing_/query_samples_/query_catalog_tpch_idx.csv)
  DB_NAME / DB_USER = tpch_idx / postgres
  PGPORT            = 5434  (server reports 18.4)
  RUN_ID            = F3F4702297AC97F3
  WARMUP            = 2 single-copy warm-ups (the first primes the cache)
  BATCH_SIZES       = 1 2 4 8 16  x RUNS=1 measured batches each
  WORKERS           = (planner default)
  STATEMENT_TIMEOUT = 900
  THERMAL_EQUALISE  = gate (T_LO=55 T_HI=60 preheat<=60s cooldown<=120s)
  sensors           = pkg:/sys/class/hwmon/hwmon8/temp1_input cores:4 cpufreq:8 throttle:8/8
  SIGLESS_ADDR      = (disabled)
Found 1 query under queries/tpch/tpch-queries/q12/v2_filter.sql

[1/1] queries/tpch/tpch-queries/q12/v2_filter.sql (2 warmup + step-up 1 2 4 8 16 x1)
  warmup 1/2: 1.781783 sec (cache prime)
  warmup 2/2: 0.495777 sec
  N=1   batch 1/1: 0.449497 sec, 1 copy (server sum 392.900 ms)
  N=2   batch 1/1: 0.800702 sec, 2 copies (server sum 743.886 ms)
  N=4   batch 1/1: 1.559987 sec, 4 copies (server sum 1453.518 ms)
  N=8   batch 1/1: 2.924956 sec, 8 copies (server sum 2858.402 ms)
  N=16  batch 1/1: 5.769064 sec, 16 copies (server sum 5695.376 ms)
  done: 5 sizes x 1 run (0 failures)

Done. Batch rows appended to logs/warm_stepup/20260918T224909Z-a543de/query_timing_tpch_idx.csv
Per-copy samples appended to logs/warm_stepup/20260918T224909Z-a543de/query_samples_tpch_idx.csv
Last batch ended at epoch 1789772371.574 (PREV_END_EPOCH for the next invocation)
===== [30/159] queries/tpch/tpch-queries/q13/v1_materialized.sql run_id=366F0D66268E79BA =====
query_runner configuration:
  QUERY_DIR         = queries/tpch/tpch-queries/q13/v1_materialized.sql
  LOGS_DIR          = logs/warm_stepup/20260918T224909Z-a543de  (query_timing_/query_samples_/query_catalog_tpch_idx.csv)
  DB_NAME / DB_USER = tpch_idx / postgres
  PGPORT            = 5434  (server reports 18.4)
  RUN_ID            = 366F0D66268E79BA
  WARMUP            = 2 single-copy warm-ups (the first primes the cache)
  BATCH_SIZES       = 1 2 4 8 16  x RUNS=1 measured batches each
  WORKERS           = (planner default)
  STATEMENT_TIMEOUT = 900
  THERMAL_EQUALISE  = gate (T_LO=55 T_HI=60 preheat<=60s cooldown<=120s)
  sensors           = pkg:/sys/class/hwmon/hwmon8/temp1_input cores:4 cpufreq:8 throttle:8/8
  SIGLESS_ADDR      = (disabled)
Found 1 query under queries/tpch/tpch-queries/q13/v1_materialized.sql

[1/1] queries/tpch/tpch-queries/q13/v1_materialized.sql (2 warmup + step-up 1 2 4 8 16 x1)
  warmup 1/2: 1.891002 sec (cache prime)
  warmup 2/2: 1.647216 sec
  N=1   batch 1/1: 1.641681 sec, 1 copy (server sum 1585.680 ms)
  N=2   batch 1/1: 3.271033 sec, 2 copies (server sum 3165.160 ms)
  N=4   batch 1/1: 6.374553 sec, 4 copies (server sum 6312.947 ms)
  N=8   batch 1/1: 12.729462 sec, 8 copies (server sum 12654.027 ms)
  N=16  batch 1/1: 25.421575 sec, 16 copies (server sum 25320.084 ms)
  done: 5 sizes x 1 run (0 failures)

Done. Batch rows appended to logs/warm_stepup/20260918T224909Z-a543de/query_timing_tpch_idx.csv
Per-copy samples appended to logs/warm_stepup/20260918T224909Z-a543de/query_samples_tpch_idx.csv
Last batch ended at epoch 1789772429.029 (PREV_END_EPOCH for the next invocation)
===== [31/159] queries/tpch/tpch-queries/q21/v1_materialized.sql run_id=DA7850DA96AB1393 =====
query_runner configuration:
  QUERY_DIR         = queries/tpch/tpch-queries/q21/v1_materialized.sql
  LOGS_DIR          = logs/warm_stepup/20260918T224909Z-a543de  (query_timing_/query_samples_/query_catalog_tpch_idx.csv)
  DB_NAME / DB_USER = tpch_idx / postgres
  PGPORT            = 5434  (server reports 18.4)
  RUN_ID            = DA7850DA96AB1393
  WARMUP            = 2 single-copy warm-ups (the first primes the cache)
  BATCH_SIZES       = 1 2 4 8 16  x RUNS=1 measured batches each
  WORKERS           = (planner default)
  STATEMENT_TIMEOUT = 900
  THERMAL_EQUALISE  = gate (T_LO=55 T_HI=60 preheat<=60s cooldown<=120s)
  sensors           = pkg:/sys/class/hwmon/hwmon8/temp1_input cores:4 cpufreq:8 throttle:8/8
  SIGLESS_ADDR      = (disabled)
Found 1 query under queries/tpch/tpch-queries/q21/v1_materialized.sql

[1/1] queries/tpch/tpch-queries/q21/v1_materialized.sql (2 warmup + step-up 1 2 4 8 16 x1)
  thermal gate: pre-heated 5s -> 60.0 C
  warmup 1/2: 11.970242 sec (cache prime)
  warmup 2/2: 0.605848 sec
  N=1   batch 1/1: 0.674123 sec, 1 copy (server sum 564.301 ms)
  N=2   batch 1/1: 1.115630 sec, 2 copies (server sum 1055.301 ms)
  N=4   batch 1/1: 2.109829 sec, 4 copies (server sum 2043.189 ms)
  N=8   batch 1/1: 4.113523 sec, 8 copies (server sum 4037.831 ms)
  N=16  batch 1/1: 8.116628 sec, 16 copies (server sum 8020.351 ms)
  done: 5 sizes x 1 run (0 failures)

Done. Batch rows appended to logs/warm_stepup/20260918T224909Z-a543de/query_timing_tpch_idx.csv
Per-copy samples appended to logs/warm_stepup/20260918T224909Z-a543de/query_samples_tpch_idx.csv
Last batch ended at epoch 1789772466.930 (PREV_END_EPOCH for the next invocation)
===== [32/159] queries/tpch/tpch-queries/q03/base.sql run_id=29F39E23AC4EE220 =====
query_runner configuration:
  QUERY_DIR         = queries/tpch/tpch-queries/q03/base.sql
  LOGS_DIR          = logs/warm_stepup/20260918T224909Z-a543de  (query_timing_/query_samples_/query_catalog_tpch_idx.csv)
  DB_NAME / DB_USER = tpch_idx / postgres
  PGPORT            = 5434  (server reports 18.4)
  RUN_ID            = 29F39E23AC4EE220
  WARMUP            = 2 single-copy warm-ups (the first primes the cache)
  BATCH_SIZES       = 1 2 4 8 16  x RUNS=1 measured batches each
  WORKERS           = (planner default)
  STATEMENT_TIMEOUT = 900
  THERMAL_EQUALISE  = gate (T_LO=55 T_HI=60 preheat<=60s cooldown<=120s)
  sensors           = pkg:/sys/class/hwmon/hwmon8/temp1_input cores:4 cpufreq:8 throttle:8/8
  SIGLESS_ADDR      = (disabled)
Found 1 query under queries/tpch/tpch-queries/q03/base.sql

[1/1] queries/tpch/tpch-queries/q03/base.sql (2 warmup + step-up 1 2 4 8 16 x1)
  warmup 1/2: 1.667730 sec (cache prime)
  warmup 2/2: 0.425064 sec
  N=1   batch 1/1: 0.423570 sec, 1 copy (server sum 366.845 ms)
  N=2   batch 1/1: 0.753489 sec, 2 copies (server sum 695.194 ms)
  N=4   batch 1/1: 1.395285 sec, 4 copies (server sum 1333.751 ms)
  N=8   batch 1/1: 2.768614 sec, 8 copies (server sum 2615.462 ms)
  N=16  batch 1/1: 5.277730 sec, 16 copies (server sum 5151.025 ms)
  done: 5 sizes x 1 run (0 failures)

Done. Batch rows appended to logs/warm_stepup/20260918T224909Z-a543de/query_timing_tpch_idx.csv
Per-copy samples appended to logs/warm_stepup/20260918T224909Z-a543de/query_samples_tpch_idx.csv
Last batch ended at epoch 1789772484.180 (PREV_END_EPOCH for the next invocation)
===== [33/159] queries/tpch/tpch-queries/q10/base.sql run_id=786414B5DF04ADDD =====
query_runner configuration:
  QUERY_DIR         = queries/tpch/tpch-queries/q10/base.sql
  LOGS_DIR          = logs/warm_stepup/20260918T224909Z-a543de  (query_timing_/query_samples_/query_catalog_tpch_idx.csv)
  DB_NAME / DB_USER = tpch_idx / postgres
  PGPORT            = 5434  (server reports 18.4)
  RUN_ID            = 786414B5DF04ADDD
  WARMUP            = 2 single-copy warm-ups (the first primes the cache)
  BATCH_SIZES       = 1 2 4 8 16  x RUNS=1 measured batches each
  WORKERS           = (planner default)
  STATEMENT_TIMEOUT = 900
  THERMAL_EQUALISE  = gate (T_LO=55 T_HI=60 preheat<=60s cooldown<=120s)
  sensors           = pkg:/sys/class/hwmon/hwmon8/temp1_input cores:4 cpufreq:8 throttle:8/8
  SIGLESS_ADDR      = (disabled)
Found 1 query under queries/tpch/tpch-queries/q10/base.sql

[1/1] queries/tpch/tpch-queries/q10/base.sql (2 warmup + step-up 1 2 4 8 16 x1)
  thermal gate: waited 2s -> 56.0 C
  warmup 1/2: 2.517382 sec (cache prime)
  warmup 2/2: 0.462809 sec
  N=1   batch 1/1: 0.461950 sec, 1 copy (server sum 404.385 ms)
  N=2   batch 1/1: 0.826192 sec, 2 copies (server sum 766.136 ms)
  N=4   batch 1/1: 1.547178 sec, 4 copies (server sum 1483.554 ms)
  N=8   batch 1/1: 2.999880 sec, 8 copies (server sum 2928.535 ms)
  N=16  batch 1/1: 5.926489 sec, 16 copies (server sum 5797.565 ms)
  done: 5 sizes x 1 run (0 failures)

Done. Batch rows appended to logs/warm_stepup/20260918T224909Z-a543de/query_timing_tpch_idx.csv
Per-copy samples appended to logs/warm_stepup/20260918T224909Z-a543de/query_samples_tpch_idx.csv
Last batch ended at epoch 1789772505.487 (PREV_END_EPOCH for the next invocation)
===== [34/159] queries/tpch/tpch-queries/q11/v2_cte_threshold.sql run_id=88EF24B83EE4D649 =====
query_runner configuration:
  QUERY_DIR         = queries/tpch/tpch-queries/q11/v2_cte_threshold.sql
  LOGS_DIR          = logs/warm_stepup/20260918T224909Z-a543de  (query_timing_/query_samples_/query_catalog_tpch_idx.csv)
  DB_NAME / DB_USER = tpch_idx / postgres
  PGPORT            = 5434  (server reports 18.4)
  RUN_ID            = 88EF24B83EE4D649
  WARMUP            = 2 single-copy warm-ups (the first primes the cache)
  BATCH_SIZES       = 1 2 4 8 16  x RUNS=1 measured batches each
  WORKERS           = (planner default)
  STATEMENT_TIMEOUT = 900
  THERMAL_EQUALISE  = gate (T_LO=55 T_HI=60 preheat<=60s cooldown<=120s)
  sensors           = pkg:/sys/class/hwmon/hwmon8/temp1_input cores:4 cpufreq:8 throttle:8/8
  SIGLESS_ADDR      = (disabled)
Found 1 query under queries/tpch/tpch-queries/q11/v2_cte_threshold.sql

[1/1] queries/tpch/tpch-queries/q11/v2_cte_threshold.sql (2 warmup + step-up 1 2 4 8 16 x1)
  warmup 1/2: 1.637537 sec (cache prime)
  warmup 2/2: 0.156526 sec
  N=1   batch 1/1: 0.160450 sec, 1 copy (server sum 103.923 ms)
  N=2   batch 1/1: 0.253414 sec, 2 copies (server sum 188.532 ms)
  N=4   batch 1/1: 0.425691 sec, 4 copies (server sum 363.019 ms)
  N=8   batch 1/1: 0.786957 sec, 8 copies (server sum 715.435 ms)
  N=16  batch 1/1: 1.535919 sec, 16 copies (server sum 1413.814 ms)
  done: 5 sizes x 1 run (0 failures)

Done. Batch rows appended to logs/warm_stepup/20260918T224909Z-a543de/query_timing_tpch_idx.csv
Per-copy samples appended to logs/warm_stepup/20260918T224909Z-a543de/query_samples_tpch_idx.csv
Last batch ended at epoch 1789772514.790 (PREV_END_EPOCH for the next invocation)
===== [35/159] queries/tpch/tpch-queries/q14/v1_materialized.sql run_id=4081998B3B4F74DC =====
query_runner configuration:
  QUERY_DIR         = queries/tpch/tpch-queries/q14/v1_materialized.sql
  LOGS_DIR          = logs/warm_stepup/20260918T224909Z-a543de  (query_timing_/query_samples_/query_catalog_tpch_idx.csv)
  DB_NAME / DB_USER = tpch_idx / postgres
  PGPORT            = 5434  (server reports 18.4)
  RUN_ID            = 4081998B3B4F74DC
  WARMUP            = 2 single-copy warm-ups (the first primes the cache)
  BATCH_SIZES       = 1 2 4 8 16  x RUNS=1 measured batches each
  WORKERS           = (planner default)
  STATEMENT_TIMEOUT = 900
  THERMAL_EQUALISE  = gate (T_LO=55 T_HI=60 preheat<=60s cooldown<=120s)
  sensors           = pkg:/sys/class/hwmon/hwmon8/temp1_input cores:4 cpufreq:8 throttle:8/8
  SIGLESS_ADDR      = (disabled)
Found 1 query under queries/tpch/tpch-queries/q14/v1_materialized.sql

[1/1] queries/tpch/tpch-queries/q14/v1_materialized.sql (2 warmup + step-up 1 2 4 8 16 x1)
  warmup 1/2: 1.521250 sec (cache prime)
  warmup 2/2: 0.240392 sec
  N=1   batch 1/1: 0.239381 sec, 1 copy (server sum 182.649 ms)
  N=2   batch 1/1: 0.446524 sec, 2 copies (server sum 341.287 ms)
  N=4   batch 1/1: 0.693031 sec, 4 copies (server sum 634.318 ms)
  N=8   batch 1/1: 1.302806 sec, 8 copies (server sum 1236.753 ms)
  N=16  batch 1/1: 2.516922 sec, 16 copies (server sum 2441.971 ms)
  done: 5 sizes x 1 run (0 failures)

Done. Batch rows appended to logs/warm_stepup/20260918T224909Z-a543de/query_timing_tpch_idx.csv
Per-copy samples appended to logs/warm_stepup/20260918T224909Z-a543de/query_samples_tpch_idx.csv
Last batch ended at epoch 1789772525.829 (PREV_END_EPOCH for the next invocation)
===== [36/159] queries/tpch/tpch-queries/q07/base.sql run_id=200FB2AFCA02F7F2 =====
query_runner configuration:
  QUERY_DIR         = queries/tpch/tpch-queries/q07/base.sql
  LOGS_DIR          = logs/warm_stepup/20260918T224909Z-a543de  (query_timing_/query_samples_/query_catalog_tpch_idx.csv)
  DB_NAME / DB_USER = tpch_idx / postgres
  PGPORT            = 5434  (server reports 18.4)
  RUN_ID            = 200FB2AFCA02F7F2
  WARMUP            = 2 single-copy warm-ups (the first primes the cache)
  BATCH_SIZES       = 1 2 4 8 16  x RUNS=1 measured batches each
  WORKERS           = (planner default)
  STATEMENT_TIMEOUT = 900
  THERMAL_EQUALISE  = gate (T_LO=55 T_HI=60 preheat<=60s cooldown<=120s)
  sensors           = pkg:/sys/class/hwmon/hwmon8/temp1_input cores:4 cpufreq:8 throttle:8/8
  SIGLESS_ADDR      = (disabled)
Found 1 query under queries/tpch/tpch-queries/q07/base.sql

[1/1] queries/tpch/tpch-queries/q07/base.sql (2 warmup + step-up 1 2 4 8 16 x1)
  warmup 1/2: 13.224287 sec (cache prime)
  warmup 2/2: 0.773781 sec
  N=1   batch 1/1: 0.787108 sec, 1 copy (server sum 708.213 ms)
  N=2   batch 1/1: 1.484340 sec, 2 copies (server sum 1388.424 ms)
  N=4   batch 1/1: 2.803406 sec, 4 copies (server sum 2731.559 ms)
  N=8   batch 1/1: 5.524134 sec, 8 copies (server sum 5395.213 ms)
  N=16  batch 1/1: 10.841464 sec, 16 copies (server sum 10725.114 ms)
  done: 5 sizes x 1 run (0 failures)

Done. Batch rows appended to logs/warm_stepup/20260918T224909Z-a543de/query_timing_tpch_idx.csv
Per-copy samples appended to logs/warm_stepup/20260918T224909Z-a543de/query_samples_tpch_idx.csv
Last batch ended at epoch 1789772565.132 (PREV_END_EPOCH for the next invocation)
===== [37/159] queries/tpch/tpch-queries/q18/v1_materialized.sql run_id=5B871171FDF0F457 =====
query_runner configuration:
  QUERY_DIR         = queries/tpch/tpch-queries/q18/v1_materialized.sql
  LOGS_DIR          = logs/warm_stepup/20260918T224909Z-a543de  (query_timing_/query_samples_/query_catalog_tpch_idx.csv)
  DB_NAME / DB_USER = tpch_idx / postgres
  PGPORT            = 5434  (server reports 18.4)
  RUN_ID            = 5B871171FDF0F457
  WARMUP            = 2 single-copy warm-ups (the first primes the cache)
  BATCH_SIZES       = 1 2 4 8 16  x RUNS=1 measured batches each
  WORKERS           = (planner default)
  STATEMENT_TIMEOUT = 900
  THERMAL_EQUALISE  = gate (T_LO=55 T_HI=60 preheat<=60s cooldown<=120s)
  sensors           = pkg:/sys/class/hwmon/hwmon8/temp1_input cores:4 cpufreq:8 throttle:8/8
  SIGLESS_ADDR      = (disabled)
Found 1 query under queries/tpch/tpch-queries/q18/v1_materialized.sql

[1/1] queries/tpch/tpch-queries/q18/v1_materialized.sql (2 warmup + step-up 1 2 4 8 16 x1)
  warmup 1/2: 6.478313 sec (cache prime)
  warmup 2/2: 5.671776 sec
  N=1   batch 1/1: 5.655652 sec, 1 copy (server sum 5598.100 ms)
  N=2   batch 1/1: 11.186744 sec, 2 copies (server sum 11126.241 ms)
  N=4   batch 1/1: 22.348470 sec, 4 copies (server sum 22274.656 ms)
  N=8   batch 1/1: 44.244903 sec, 8 copies (server sum 44175.333 ms)
  N=16  batch 1/1: 88.401093 sec, 16 copies (server sum 88300.467 ms)
  done: 5 sizes x 1 run (0 failures)

Done. Batch rows appended to logs/warm_stepup/20260918T224909Z-a543de/query_timing_tpch_idx.csv
Per-copy samples appended to logs/warm_stepup/20260918T224909Z-a543de/query_samples_tpch_idx.csv
Last batch ended at epoch 1789772753.737 (PREV_END_EPOCH for the next invocation)
===== [38/159] queries/tpch/tpch-queries/q10/base.sql run_id=28437043661F05E4 =====
query_runner configuration:
  QUERY_DIR         = queries/tpch/tpch-queries/q10/base.sql
  LOGS_DIR          = logs/warm_stepup/20260918T224909Z-a543de  (query_timing_/query_samples_/query_catalog_tpch_idx.csv)
  DB_NAME / DB_USER = tpch_idx / postgres
  PGPORT            = 5434  (server reports 18.4)
  RUN_ID            = 28437043661F05E4
  WARMUP            = 2 single-copy warm-ups (the first primes the cache)
  BATCH_SIZES       = 1 2 4 8 16  x RUNS=1 measured batches each
  WORKERS           = (planner default)
  STATEMENT_TIMEOUT = 900
  THERMAL_EQUALISE  = gate (T_LO=55 T_HI=60 preheat<=60s cooldown<=120s)
  sensors           = pkg:/sys/class/hwmon/hwmon8/temp1_input cores:4 cpufreq:8 throttle:8/8
  SIGLESS_ADDR      = (disabled)
Found 1 query under queries/tpch/tpch-queries/q10/base.sql

[1/1] queries/tpch/tpch-queries/q10/base.sql (2 warmup + step-up 1 2 4 8 16 x1)
  thermal gate: waited 8s -> 60.0 C
  warmup 1/2: 2.560363 sec (cache prime)
  warmup 2/2: 0.466484 sec
  N=1   batch 1/1: 0.465861 sec, 1 copy (server sum 407.738 ms)
  N=2   batch 1/1: 0.836983 sec, 2 copies (server sum 776.739 ms)
  N=4   batch 1/1: 1.555773 sec, 4 copies (server sum 1490.825 ms)
  N=8   batch 1/1: 3.019223 sec, 8 copies (server sum 2944.650 ms)
  N=16  batch 1/1: 6.016894 sec, 16 copies (server sum 5879.185 ms)
  done: 5 sizes x 1 run (0 failures)

Done. Batch rows appended to logs/warm_stepup/20260918T224909Z-a543de/query_timing_tpch_idx.csv
Per-copy samples appended to logs/warm_stepup/20260918T224909Z-a543de/query_samples_tpch_idx.csv
Last batch ended at epoch 1789772781.261 (PREV_END_EPOCH for the next invocation)
===== [39/159] queries/tpch/tpch-queries/q15/v1_materialized.sql run_id=4E3D8023919004DE =====
query_runner configuration:
  QUERY_DIR         = queries/tpch/tpch-queries/q15/v1_materialized.sql
  LOGS_DIR          = logs/warm_stepup/20260918T224909Z-a543de  (query_timing_/query_samples_/query_catalog_tpch_idx.csv)
  DB_NAME / DB_USER = tpch_idx / postgres
  PGPORT            = 5434  (server reports 18.4)
  RUN_ID            = 4E3D8023919004DE
  WARMUP            = 2 single-copy warm-ups (the first primes the cache)
  BATCH_SIZES       = 1 2 4 8 16  x RUNS=1 measured batches each
  WORKERS           = (planner default)
  STATEMENT_TIMEOUT = 900
  THERMAL_EQUALISE  = gate (T_LO=55 T_HI=60 preheat<=60s cooldown<=120s)
  sensors           = pkg:/sys/class/hwmon/hwmon8/temp1_input cores:4 cpufreq:8 throttle:8/8
  SIGLESS_ADDR      = (disabled)
Found 1 query under queries/tpch/tpch-queries/q15/v1_materialized.sql

[1/1] queries/tpch/tpch-queries/q15/v1_materialized.sql (2 warmup + step-up 1 2 4 8 16 x1)
  thermal gate: waited 2s -> 58.0 C
  warmup 1/2: 2.241174 sec (cache prime)
  warmup 2/2: 0.392521 sec
  N=1   batch 1/1: 0.430588 sec, 1 copy (server sum 333.109 ms)
  N=2   batch 1/1: 0.654742 sec, 2 copies (server sum 597.826 ms)
  N=4   batch 1/1: 1.182173 sec, 4 copies (server sum 1123.239 ms)
  N=8   batch 1/1: 2.231214 sec, 8 copies (server sum 2167.402 ms)
  N=16  batch 1/1: 4.298444 sec, 16 copies (server sum 4228.043 ms)
  done: 5 sizes x 1 run (0 failures)

Done. Batch rows appended to logs/warm_stepup/20260918T224909Z-a543de/query_timing_tpch_idx.csv
Per-copy samples appended to logs/warm_stepup/20260918T224909Z-a543de/query_samples_tpch_idx.csv
Last batch ended at epoch 1789772799.239 (PREV_END_EPOCH for the next invocation)
===== [40/159] queries/tpch/tpch-queries/q02/v1_materialized.sql run_id=DCFEDF656D015E21 =====
query_runner configuration:
  QUERY_DIR         = queries/tpch/tpch-queries/q02/v1_materialized.sql
  LOGS_DIR          = logs/warm_stepup/20260918T224909Z-a543de  (query_timing_/query_samples_/query_catalog_tpch_idx.csv)
  DB_NAME / DB_USER = tpch_idx / postgres
  PGPORT            = 5434  (server reports 18.4)
  RUN_ID            = DCFEDF656D015E21
  WARMUP            = 2 single-copy warm-ups (the first primes the cache)
  BATCH_SIZES       = 1 2 4 8 16  x RUNS=1 measured batches each
  WORKERS           = (planner default)
  STATEMENT_TIMEOUT = 900
  THERMAL_EQUALISE  = gate (T_LO=55 T_HI=60 preheat<=60s cooldown<=120s)
  sensors           = pkg:/sys/class/hwmon/hwmon8/temp1_input cores:4 cpufreq:8 throttle:8/8
  SIGLESS_ADDR      = (disabled)
Found 1 query under queries/tpch/tpch-queries/q02/v1_materialized.sql

[1/1] queries/tpch/tpch-queries/q02/v1_materialized.sql (2 warmup + step-up 1 2 4 8 16 x1)
  warmup 1/2: 2.143184 sec (cache prime)
  warmup 2/2: 0.301750 sec
  N=1   batch 1/1: 0.303517 sec, 1 copy (server sum 245.768 ms)
  N=2   batch 1/1: 0.504620 sec, 2 copies (server sum 444.359 ms)
  N=4   batch 1/1: 0.909931 sec, 4 copies (server sum 845.735 ms)
  N=8   batch 1/1: 1.719400 sec, 8 copies (server sum 1647.748 ms)
  N=16  batch 1/1: 3.327376 sec, 16 copies (server sum 3239.850 ms)
  done: 5 sizes x 1 run (0 failures)

Done. Batch rows appended to logs/warm_stepup/20260918T224909Z-a543de/query_timing_tpch_idx.csv
Per-copy samples appended to logs/warm_stepup/20260918T224909Z-a543de/query_samples_tpch_idx.csv
Last batch ended at epoch 1789772812.582 (PREV_END_EPOCH for the next invocation)
===== [41/159] queries/tpch/tpch-queries/q18/v2_join.sql run_id=99C7B39EF9EE4BD8 =====
query_runner configuration:
  QUERY_DIR         = queries/tpch/tpch-queries/q18/v2_join.sql
  LOGS_DIR          = logs/warm_stepup/20260918T224909Z-a543de  (query_timing_/query_samples_/query_catalog_tpch_idx.csv)
  DB_NAME / DB_USER = tpch_idx / postgres
  PGPORT            = 5434  (server reports 18.4)
  RUN_ID            = 99C7B39EF9EE4BD8
  WARMUP            = 2 single-copy warm-ups (the first primes the cache)
  BATCH_SIZES       = 1 2 4 8 16  x RUNS=1 measured batches each
  WORKERS           = (planner default)
  STATEMENT_TIMEOUT = 900
  THERMAL_EQUALISE  = gate (T_LO=55 T_HI=60 preheat<=60s cooldown<=120s)
  sensors           = pkg:/sys/class/hwmon/hwmon8/temp1_input cores:4 cpufreq:8 throttle:8/8
  SIGLESS_ADDR      = (disabled)
Found 1 query under queries/tpch/tpch-queries/q18/v2_join.sql

[1/1] queries/tpch/tpch-queries/q18/v2_join.sql (2 warmup + step-up 1 2 4 8 16 x1)
  warmup 1/2: 6.479669 sec (cache prime)
  warmup 2/2: 5.644963 sec
  N=1   batch 1/1: 5.607219 sec, 1 copy (server sum 5547.472 ms)
  N=2   batch 1/1: 11.111212 sec, 2 copies (server sum 11007.811 ms)
  N=4   batch 1/1: 21.998858 sec, 4 copies (server sum 21935.400 ms)
  N=8   batch 1/1: 43.912831 sec, 8 copies (server sum 43837.176 ms)
  N=16  batch 1/1: 87.571623 sec, 16 copies (server sum 87483.376 ms)
  done: 5 sizes x 1 run (0 failures)

Done. Batch rows appended to logs/warm_stepup/20260918T224909Z-a543de/query_timing_tpch_idx.csv
Per-copy samples appended to logs/warm_stepup/20260918T224909Z-a543de/query_samples_tpch_idx.csv
Last batch ended at epoch 1789772998.923 (PREV_END_EPOCH for the next invocation)
===== [42/159] queries/tpch/tpch-queries/q10/base.sql run_id=628857A080954F03 =====
query_runner configuration:
  QUERY_DIR         = queries/tpch/tpch-queries/q10/base.sql
  LOGS_DIR          = logs/warm_stepup/20260918T224909Z-a543de  (query_timing_/query_samples_/query_catalog_tpch_idx.csv)
  DB_NAME / DB_USER = tpch_idx / postgres
  PGPORT            = 5434  (server reports 18.4)
  RUN_ID            = 628857A080954F03
  WARMUP            = 2 single-copy warm-ups (the first primes the cache)
  BATCH_SIZES       = 1 2 4 8 16  x RUNS=1 measured batches each
  WORKERS           = (planner default)
  STATEMENT_TIMEOUT = 900
  THERMAL_EQUALISE  = gate (T_LO=55 T_HI=60 preheat<=60s cooldown<=120s)
  sensors           = pkg:/sys/class/hwmon/hwmon8/temp1_input cores:4 cpufreq:8 throttle:8/8
  SIGLESS_ADDR      = (disabled)
Found 1 query under queries/tpch/tpch-queries/q10/base.sql

[1/1] queries/tpch/tpch-queries/q10/base.sql (2 warmup + step-up 1 2 4 8 16 x1)
  thermal gate: waited 8s -> 60.0 C
  warmup 1/2: 2.553387 sec (cache prime)
  warmup 2/2: 0.463293 sec
  N=1   batch 1/1: 0.464122 sec, 1 copy (server sum 406.424 ms)
  N=2   batch 1/1: 0.824243 sec, 2 copies (server sum 764.688 ms)
  N=4   batch 1/1: 1.547046 sec, 4 copies (server sum 1483.128 ms)
  N=8   batch 1/1: 3.002124 sec, 8 copies (server sum 2929.801 ms)
  N=16  batch 1/1: 5.955822 sec, 16 copies (server sum 5824.012 ms)
  done: 5 sizes x 1 run (0 failures)

Done. Batch rows appended to logs/warm_stepup/20260918T224909Z-a543de/query_timing_tpch_idx.csv
Per-copy samples appended to logs/warm_stepup/20260918T224909Z-a543de/query_samples_tpch_idx.csv
Last batch ended at epoch 1789773026.175 (PREV_END_EPOCH for the next invocation)
===== [43/159] queries/tpch/tpch-queries/q18/v1_materialized.sql run_id=7420370FF3FF9B63 =====
query_runner configuration:
  QUERY_DIR         = queries/tpch/tpch-queries/q18/v1_materialized.sql
  LOGS_DIR          = logs/warm_stepup/20260918T224909Z-a543de  (query_timing_/query_samples_/query_catalog_tpch_idx.csv)
  DB_NAME / DB_USER = tpch_idx / postgres
  PGPORT            = 5434  (server reports 18.4)
  RUN_ID            = 7420370FF3FF9B63
  WARMUP            = 2 single-copy warm-ups (the first primes the cache)
  BATCH_SIZES       = 1 2 4 8 16  x RUNS=1 measured batches each
  WORKERS           = (planner default)
  STATEMENT_TIMEOUT = 900
  THERMAL_EQUALISE  = gate (T_LO=55 T_HI=60 preheat<=60s cooldown<=120s)
  sensors           = pkg:/sys/class/hwmon/hwmon8/temp1_input cores:4 cpufreq:8 throttle:8/8
  SIGLESS_ADDR      = (disabled)
Found 1 query under queries/tpch/tpch-queries/q18/v1_materialized.sql

[1/1] queries/tpch/tpch-queries/q18/v1_materialized.sql (2 warmup + step-up 1 2 4 8 16 x1)
  thermal gate: waited 2s -> 58.0 C
  warmup 1/2: 6.538341 sec (cache prime)
  warmup 2/2: 5.663116 sec
  N=1   batch 1/1: 5.620651 sec, 1 copy (server sum 5563.143 ms)
  N=2   batch 1/1: 11.102408 sec, 2 copies (server sum 11043.149 ms)
  N=4   batch 1/1: 22.183235 sec, 4 copies (server sum 22120.705 ms)
  N=8   batch 1/1: 43.955011 sec, 8 copies (server sum 43868.649 ms)
  N=16  batch 1/1: 87.825972 sec, 16 copies (server sum 87742.001 ms)
  done: 5 sizes x 1 run (0 failures)

Done. Batch rows appended to logs/warm_stepup/20260918T224909Z-a543de/query_timing_tpch_idx.csv
Per-copy samples appended to logs/warm_stepup/20260918T224909Z-a543de/query_samples_tpch_idx.csv
Last batch ended at epoch 1789773215.626 (PREV_END_EPOCH for the next invocation)
===== [44/159] queries/tpch/tpch-queries/q07/v1_materialized.sql run_id=AE18E67C55C83E9E =====
query_runner configuration:
  QUERY_DIR         = queries/tpch/tpch-queries/q07/v1_materialized.sql
  LOGS_DIR          = logs/warm_stepup/20260918T224909Z-a543de  (query_timing_/query_samples_/query_catalog_tpch_idx.csv)
  DB_NAME / DB_USER = tpch_idx / postgres
  PGPORT            = 5434  (server reports 18.4)
  RUN_ID            = AE18E67C55C83E9E
  WARMUP            = 2 single-copy warm-ups (the first primes the cache)
  BATCH_SIZES       = 1 2 4 8 16  x RUNS=1 measured batches each
  WORKERS           = (planner default)
  STATEMENT_TIMEOUT = 900
  THERMAL_EQUALISE  = gate (T_LO=55 T_HI=60 preheat<=60s cooldown<=120s)
  sensors           = pkg:/sys/class/hwmon/hwmon8/temp1_input cores:4 cpufreq:8 throttle:8/8
  SIGLESS_ADDR      = (disabled)
Found 1 query under queries/tpch/tpch-queries/q07/v1_materialized.sql

[1/1] queries/tpch/tpch-queries/q07/v1_materialized.sql (2 warmup + step-up 1 2 4 8 16 x1)
  thermal gate: waited 8s -> 60.0 C
  warmup 1/2: 13.046001 sec (cache prime)
  warmup 2/2: 0.771693 sec
  N=1   batch 1/1: 0.792838 sec, 1 copy (server sum 716.015 ms)
  N=2   batch 1/1: 1.496281 sec, 2 copies (server sum 1394.575 ms)
  N=4   batch 1/1: 2.804783 sec, 4 copies (server sum 2733.723 ms)
  N=8   batch 1/1: 5.559358 sec, 8 copies (server sum 5425.858 ms)
  N=16  batch 1/1: 10.899676 sec, 16 copies (server sum 10785.236 ms)
  done: 5 sizes x 1 run (0 failures)

Done. Batch rows appended to logs/warm_stepup/20260918T224909Z-a543de/query_timing_tpch_idx.csv
Per-copy samples appended to logs/warm_stepup/20260918T224909Z-a543de/query_samples_tpch_idx.csv
Last batch ended at epoch 1789773263.369 (PREV_END_EPOCH for the next invocation)
===== [45/159] queries/tpch/tpch-queries/q11/base.sql run_id=A8F74D3073B13ADC =====
query_runner configuration:
  QUERY_DIR         = queries/tpch/tpch-queries/q11/base.sql
  LOGS_DIR          = logs/warm_stepup/20260918T224909Z-a543de  (query_timing_/query_samples_/query_catalog_tpch_idx.csv)
  DB_NAME / DB_USER = tpch_idx / postgres
  PGPORT            = 5434  (server reports 18.4)
  RUN_ID            = A8F74D3073B13ADC
  WARMUP            = 2 single-copy warm-ups (the first primes the cache)
  BATCH_SIZES       = 1 2 4 8 16  x RUNS=1 measured batches each
  WORKERS           = (planner default)
  STATEMENT_TIMEOUT = 900
  THERMAL_EQUALISE  = gate (T_LO=55 T_HI=60 preheat<=60s cooldown<=120s)
  sensors           = pkg:/sys/class/hwmon/hwmon8/temp1_input cores:4 cpufreq:8 throttle:8/8
  SIGLESS_ADDR      = (disabled)
Found 1 query under queries/tpch/tpch-queries/q11/base.sql

[1/1] queries/tpch/tpch-queries/q11/base.sql (2 warmup + step-up 1 2 4 8 16 x1)
  thermal gate: waited 2s -> 58.0 C
  warmup 1/2: 1.657110 sec (cache prime)
  warmup 2/2: 0.161014 sec
  N=1   batch 1/1: 0.165563 sec, 1 copy (server sum 101.690 ms)
  N=2   batch 1/1: 0.261905 sec, 2 copies (server sum 191.478 ms)
  N=4   batch 1/1: 0.427682 sec, 4 copies (server sum 363.334 ms)
  N=8   batch 1/1: 0.788828 sec, 8 copies (server sum 718.068 ms)
  N=16  batch 1/1: 1.549640 sec, 16 copies (server sum 1427.828 ms)
  done: 5 sizes x 1 run (0 failures)

Done. Batch rows appended to logs/warm_stepup/20260918T224909Z-a543de/query_timing_tpch_idx.csv
Per-copy samples appended to logs/warm_stepup/20260918T224909Z-a543de/query_samples_tpch_idx.csv
Last batch ended at epoch 1789773274.734 (PREV_END_EPOCH for the next invocation)
===== [46/159] queries/tpch/tpch-queries/q08/base.sql run_id=221E245601DADC56 =====
query_runner configuration:
  QUERY_DIR         = queries/tpch/tpch-queries/q08/base.sql
  LOGS_DIR          = logs/warm_stepup/20260918T224909Z-a543de  (query_timing_/query_samples_/query_catalog_tpch_idx.csv)
  DB_NAME / DB_USER = tpch_idx / postgres
  PGPORT            = 5434  (server reports 18.4)
  RUN_ID            = 221E245601DADC56
  WARMUP            = 2 single-copy warm-ups (the first primes the cache)
  BATCH_SIZES       = 1 2 4 8 16  x RUNS=1 measured batches each
  WORKERS           = (planner default)
  STATEMENT_TIMEOUT = 900
  THERMAL_EQUALISE  = gate (T_LO=55 T_HI=60 preheat<=60s cooldown<=120s)
  sensors           = pkg:/sys/class/hwmon/hwmon8/temp1_input cores:4 cpufreq:8 throttle:8/8
  SIGLESS_ADDR      = (disabled)
Found 1 query under queries/tpch/tpch-queries/q08/base.sql

[1/1] queries/tpch/tpch-queries/q08/base.sql (2 warmup + step-up 1 2 4 8 16 x1)
  warmup 1/2: 7.518382 sec (cache prime)
  warmup 2/2: 0.257625 sec
  N=1   batch 1/1: 0.206813 sec, 1 copy (server sum 146.742 ms)
  N=2   batch 1/1: 0.343513 sec, 2 copies (server sum 279.474 ms)
  N=4   batch 1/1: 0.613743 sec, 4 copies (server sum 543.879 ms)
  N=8   batch 1/1: 1.153835 sec, 8 copies (server sum 1070.409 ms)
  N=16  batch 1/1: 2.229632 sec, 16 copies (server sum 2121.576 ms)
  done: 5 sizes x 1 run (0 failures)

Done. Batch rows appended to logs/warm_stepup/20260918T224909Z-a543de/query_timing_tpch_idx.csv
Per-copy samples appended to logs/warm_stepup/20260918T224909Z-a543de/query_samples_tpch_idx.csv
Last batch ended at epoch 1789773291.184 (PREV_END_EPOCH for the next invocation)
===== [47/159] queries/tpch/tpch-queries/q13/v1_materialized.sql run_id=08A277BCBCC9AD13 =====
query_runner configuration:
  QUERY_DIR         = queries/tpch/tpch-queries/q13/v1_materialized.sql
  LOGS_DIR          = logs/warm_stepup/20260918T224909Z-a543de  (query_timing_/query_samples_/query_catalog_tpch_idx.csv)
  DB_NAME / DB_USER = tpch_idx / postgres
  PGPORT            = 5434  (server reports 18.4)
  RUN_ID            = 08A277BCBCC9AD13
  WARMUP            = 2 single-copy warm-ups (the first primes the cache)
  BATCH_SIZES       = 1 2 4 8 16  x RUNS=1 measured batches each
  WORKERS           = (planner default)
  STATEMENT_TIMEOUT = 900
  THERMAL_EQUALISE  = gate (T_LO=55 T_HI=60 preheat<=60s cooldown<=120s)
  sensors           = pkg:/sys/class/hwmon/hwmon8/temp1_input cores:4 cpufreq:8 throttle:8/8
  SIGLESS_ADDR      = (disabled)
Found 1 query under queries/tpch/tpch-queries/q13/v1_materialized.sql

[1/1] queries/tpch/tpch-queries/q13/v1_materialized.sql (2 warmup + step-up 1 2 4 8 16 x1)
  warmup 1/2: 1.890445 sec (cache prime)
  warmup 2/2: 1.653501 sec
  N=1   batch 1/1: 1.637189 sec, 1 copy (server sum 1580.907 ms)
  N=2   batch 1/1: 3.209373 sec, 2 copies (server sum 3146.645 ms)
  N=4   batch 1/1: 6.322017 sec, 4 copies (server sum 6260.121 ms)
  N=8   batch 1/1: 12.679009 sec, 8 copies (server sum 12609.640 ms)
  N=16  batch 1/1: 25.239660 sec, 16 copies (server sum 25101.060 ms)
  done: 5 sizes x 1 run (0 failures)

Done. Batch rows appended to logs/warm_stepup/20260918T224909Z-a543de/query_timing_tpch_idx.csv
Per-copy samples appended to logs/warm_stepup/20260918T224909Z-a543de/query_samples_tpch_idx.csv
Last batch ended at epoch 1789773348.396 (PREV_END_EPOCH for the next invocation)
===== [48/159] queries/tpch/tpch-queries/q13/base.sql run_id=8BD5305AD5DEB4D4 =====
query_runner configuration:
  QUERY_DIR         = queries/tpch/tpch-queries/q13/base.sql
  LOGS_DIR          = logs/warm_stepup/20260918T224909Z-a543de  (query_timing_/query_samples_/query_catalog_tpch_idx.csv)
  DB_NAME / DB_USER = tpch_idx / postgres
  PGPORT            = 5434  (server reports 18.4)
  RUN_ID            = 8BD5305AD5DEB4D4
  WARMUP            = 2 single-copy warm-ups (the first primes the cache)
  BATCH_SIZES       = 1 2 4 8 16  x RUNS=1 measured batches each
  WORKERS           = (planner default)
  STATEMENT_TIMEOUT = 900
  THERMAL_EQUALISE  = gate (T_LO=55 T_HI=60 preheat<=60s cooldown<=120s)
  sensors           = pkg:/sys/class/hwmon/hwmon8/temp1_input cores:4 cpufreq:8 throttle:8/8
  SIGLESS_ADDR      = (disabled)
Found 1 query under queries/tpch/tpch-queries/q13/base.sql

[1/1] queries/tpch/tpch-queries/q13/base.sql (2 warmup + step-up 1 2 4 8 16 x1)
  warmup 1/2: 1.936722 sec (cache prime)
  warmup 2/2: 1.648023 sec
  N=1   batch 1/1: 1.662416 sec, 1 copy (server sum 1606.313 ms)
  N=2   batch 1/1: 3.222728 sec, 2 copies (server sum 3164.668 ms)
  N=4   batch 1/1: 6.417138 sec, 4 copies (server sum 6355.498 ms)
  N=8   batch 1/1: 12.732201 sec, 8 copies (server sum 12614.711 ms)
  N=16  batch 1/1: 25.272761 sec, 16 copies (server sum 25188.826 ms)
  done: 5 sizes x 1 run (0 failures)

Done. Batch rows appended to logs/warm_stepup/20260918T224909Z-a543de/query_timing_tpch_idx.csv
Per-copy samples appended to logs/warm_stepup/20260918T224909Z-a543de/query_samples_tpch_idx.csv
Last batch ended at epoch 1789773405.518 (PREV_END_EPOCH for the next invocation)
===== [49/159] queries/tpch/tpch-queries/q21/v1_materialized.sql run_id=5CB57B7D82BFB876 =====
query_runner configuration:
  QUERY_DIR         = queries/tpch/tpch-queries/q21/v1_materialized.sql
  LOGS_DIR          = logs/warm_stepup/20260918T224909Z-a543de  (query_timing_/query_samples_/query_catalog_tpch_idx.csv)
  DB_NAME / DB_USER = tpch_idx / postgres
  PGPORT            = 5434  (server reports 18.4)
  RUN_ID            = 5CB57B7D82BFB876
  WARMUP            = 2 single-copy warm-ups (the first primes the cache)
  BATCH_SIZES       = 1 2 4 8 16  x RUNS=1 measured batches each
  WORKERS           = (planner default)
  STATEMENT_TIMEOUT = 900
  THERMAL_EQUALISE  = gate (T_LO=55 T_HI=60 preheat<=60s cooldown<=120s)
  sensors           = pkg:/sys/class/hwmon/hwmon8/temp1_input cores:4 cpufreq:8 throttle:8/8
  SIGLESS_ADDR      = (disabled)
Found 1 query under queries/tpch/tpch-queries/q21/v1_materialized.sql

[1/1] queries/tpch/tpch-queries/q21/v1_materialized.sql (2 warmup + step-up 1 2 4 8 16 x1)
  thermal gate: pre-heated 5s -> 61.0 C
  warmup 1/2: 11.955355 sec (cache prime)
  warmup 2/2: 0.619277 sec
  N=1   batch 1/1: 0.607133 sec, 1 copy (server sum 549.199 ms)
  N=2   batch 1/1: 1.083114 sec, 2 copies (server sum 1022.827 ms)
  N=4   batch 1/1: 2.099206 sec, 4 copies (server sum 2033.351 ms)
  N=8   batch 1/1: 4.117037 sec, 8 copies (server sum 4041.477 ms)
  N=16  batch 1/1: 8.011880 sec, 16 copies (server sum 7917.620 ms)
  done: 5 sizes x 1 run (0 failures)

Done. Batch rows appended to logs/warm_stepup/20260918T224909Z-a543de/query_timing_tpch_idx.csv
Per-copy samples appended to logs/warm_stepup/20260918T224909Z-a543de/query_samples_tpch_idx.csv
Last batch ended at epoch 1789773443.274 (PREV_END_EPOCH for the next invocation)
===== [50/159] queries/tpch/tpch-queries/q22/v1_materialized.sql run_id=FD77B8CC25051964 =====
query_runner configuration:
  QUERY_DIR         = queries/tpch/tpch-queries/q22/v1_materialized.sql
  LOGS_DIR          = logs/warm_stepup/20260918T224909Z-a543de  (query_timing_/query_samples_/query_catalog_tpch_idx.csv)
  DB_NAME / DB_USER = tpch_idx / postgres
  PGPORT            = 5434  (server reports 18.4)
  RUN_ID            = FD77B8CC25051964
  WARMUP            = 2 single-copy warm-ups (the first primes the cache)
  BATCH_SIZES       = 1 2 4 8 16  x RUNS=1 measured batches each
  WORKERS           = (planner default)
  STATEMENT_TIMEOUT = 900
  THERMAL_EQUALISE  = gate (T_LO=55 T_HI=60 preheat<=60s cooldown<=120s)
  sensors           = pkg:/sys/class/hwmon/hwmon8/temp1_input cores:4 cpufreq:8 throttle:8/8
  SIGLESS_ADDR      = (disabled)
Found 1 query under queries/tpch/tpch-queries/q22/v1_materialized.sql

[1/1] queries/tpch/tpch-queries/q22/v1_materialized.sql (2 warmup + step-up 1 2 4 8 16 x1)
  warmup 1/2: 0.347144 sec (cache prime)
  warmup 2/2: 0.138588 sec
  N=1   batch 1/1: 0.138093 sec, 1 copy (server sum 82.026 ms)
  N=2   batch 1/1: 0.212064 sec, 2 copies (server sum 154.878 ms)
  N=4   batch 1/1: 0.360398 sec, 4 copies (server sum 298.624 ms)
  N=8   batch 1/1: 0.667052 sec, 8 copies (server sum 596.315 ms)
  N=16  batch 1/1: 1.241165 sec, 16 copies (server sum 1168.466 ms)
  done: 5 sizes x 1 run (0 failures)

Done. Batch rows appended to logs/warm_stepup/20260918T224909Z-a543de/query_timing_tpch_idx.csv
Per-copy samples appended to logs/warm_stepup/20260918T224909Z-a543de/query_samples_tpch_idx.csv
Last batch ended at epoch 1789773450.894 (PREV_END_EPOCH for the next invocation)
===== [51/159] queries/tpch/tpch-queries/q07/base.sql run_id=1BB32AD50F709A09 =====
query_runner configuration:
  QUERY_DIR         = queries/tpch/tpch-queries/q07/base.sql
  LOGS_DIR          = logs/warm_stepup/20260918T224909Z-a543de  (query_timing_/query_samples_/query_catalog_tpch_idx.csv)
  DB_NAME / DB_USER = tpch_idx / postgres
  PGPORT            = 5434  (server reports 18.4)
  RUN_ID            = 1BB32AD50F709A09
  WARMUP            = 2 single-copy warm-ups (the first primes the cache)
  BATCH_SIZES       = 1 2 4 8 16  x RUNS=1 measured batches each
  WORKERS           = (planner default)
  STATEMENT_TIMEOUT = 900
  THERMAL_EQUALISE  = gate (T_LO=55 T_HI=60 preheat<=60s cooldown<=120s)
  sensors           = pkg:/sys/class/hwmon/hwmon8/temp1_input cores:4 cpufreq:8 throttle:8/8
  SIGLESS_ADDR      = (disabled)
Found 1 query under queries/tpch/tpch-queries/q07/base.sql

[1/1] queries/tpch/tpch-queries/q07/base.sql (2 warmup + step-up 1 2 4 8 16 x1)
  warmup 1/2: 13.038723 sec (cache prime)
  warmup 2/2: 0.768077 sec
  N=1   batch 1/1: 0.791399 sec, 1 copy (server sum 717.922 ms)
  N=2   batch 1/1: 1.486138 sec, 2 copies (server sum 1385.591 ms)
  N=4   batch 1/1: 2.816282 sec, 4 copies (server sum 2745.920 ms)
  N=8   batch 1/1: 5.520922 sec, 8 copies (server sum 5436.751 ms)
  N=16  batch 1/1: 10.898901 sec, 16 copies (server sum 10786.356 ms)
  done: 5 sizes x 1 run (0 failures)

Done. Batch rows appended to logs/warm_stepup/20260918T224909Z-a543de/query_timing_tpch_idx.csv
Per-copy samples appended to logs/warm_stepup/20260918T224909Z-a543de/query_samples_tpch_idx.csv
Last batch ended at epoch 1789773490.271 (PREV_END_EPOCH for the next invocation)
===== [52/159] queries/tpch/tpch-queries/q18/v1_materialized.sql run_id=0BAC5D8399B378B3 =====
query_runner configuration:
  QUERY_DIR         = queries/tpch/tpch-queries/q18/v1_materialized.sql
  LOGS_DIR          = logs/warm_stepup/20260918T224909Z-a543de  (query_timing_/query_samples_/query_catalog_tpch_idx.csv)
  DB_NAME / DB_USER = tpch_idx / postgres
  PGPORT            = 5434  (server reports 18.4)
  RUN_ID            = 0BAC5D8399B378B3
  WARMUP            = 2 single-copy warm-ups (the first primes the cache)
  BATCH_SIZES       = 1 2 4 8 16  x RUNS=1 measured batches each
  WORKERS           = (planner default)
  STATEMENT_TIMEOUT = 900
  THERMAL_EQUALISE  = gate (T_LO=55 T_HI=60 preheat<=60s cooldown<=120s)
  sensors           = pkg:/sys/class/hwmon/hwmon8/temp1_input cores:4 cpufreq:8 throttle:8/8
  SIGLESS_ADDR      = (disabled)
Found 1 query under queries/tpch/tpch-queries/q18/v1_materialized.sql

[1/1] queries/tpch/tpch-queries/q18/v1_materialized.sql (2 warmup + step-up 1 2 4 8 16 x1)
  warmup 1/2: 6.825144 sec (cache prime)
  warmup 2/2: 5.632272 sec
  N=1   batch 1/1: 5.641127 sec, 1 copy (server sum 5583.100 ms)
  N=2   batch 1/1: 11.117526 sec, 2 copies (server sum 11058.422 ms)
  N=4   batch 1/1: 22.106687 sec, 4 copies (server sum 22043.545 ms)
  N=8   batch 1/1: 44.166901 sec, 8 copies (server sum 44052.400 ms)
  N=16  batch 1/1: 88.127668 sec, 16 copies (server sum 88044.566 ms)
  done: 5 sizes x 1 run (0 failures)

Done. Batch rows appended to logs/warm_stepup/20260918T224909Z-a543de/query_timing_tpch_idx.csv
Per-copy samples appended to logs/warm_stepup/20260918T224909Z-a543de/query_samples_tpch_idx.csv
Last batch ended at epoch 1789773678.617 (PREV_END_EPOCH for the next invocation)
===== [53/159] queries/tpch/tpch-queries/q08/v1_materialized.sql run_id=9F0228FAF7A75B00 =====
query_runner configuration:
  QUERY_DIR         = queries/tpch/tpch-queries/q08/v1_materialized.sql
  LOGS_DIR          = logs/warm_stepup/20260918T224909Z-a543de  (query_timing_/query_samples_/query_catalog_tpch_idx.csv)
  DB_NAME / DB_USER = tpch_idx / postgres
  PGPORT            = 5434  (server reports 18.4)
  RUN_ID            = 9F0228FAF7A75B00
  WARMUP            = 2 single-copy warm-ups (the first primes the cache)
  BATCH_SIZES       = 1 2 4 8 16  x RUNS=1 measured batches each
  WORKERS           = (planner default)
  STATEMENT_TIMEOUT = 900
  THERMAL_EQUALISE  = gate (T_LO=55 T_HI=60 preheat<=60s cooldown<=120s)
  sensors           = pkg:/sys/class/hwmon/hwmon8/temp1_input cores:4 cpufreq:8 throttle:8/8
  SIGLESS_ADDR      = (disabled)
Found 1 query under queries/tpch/tpch-queries/q08/v1_materialized.sql

[1/1] queries/tpch/tpch-queries/q08/v1_materialized.sql (2 warmup + step-up 1 2 4 8 16 x1)
  thermal gate: waited 8s -> 60.0 C
  warmup 1/2: 6.434597 sec (cache prime)
  warmup 2/2: 0.211657 sec
  N=1   batch 1/1: 0.209747 sec, 1 copy (server sum 149.978 ms)
  N=2   batch 1/1: 0.348381 sec, 2 copies (server sum 284.781 ms)
  N=4   batch 1/1: 0.616941 sec, 4 copies (server sum 547.064 ms)
  N=8   batch 1/1: 1.164466 sec, 8 copies (server sum 1081.611 ms)
  N=16  batch 1/1: 2.252022 sec, 16 copies (server sum 2134.229 ms)
  done: 5 sizes x 1 run (0 failures)

Done. Batch rows appended to logs/warm_stepup/20260918T224909Z-a543de/query_timing_tpch_idx.csv
Per-copy samples appended to logs/warm_stepup/20260918T224909Z-a543de/query_samples_tpch_idx.csv
Last batch ended at epoch 1789773702.689 (PREV_END_EPOCH for the next invocation)
===== [54/159] queries/tpch/tpch-queries/q07/v1_materialized.sql run_id=EE9EB1C36615BDFE =====
query_runner configuration:
  QUERY_DIR         = queries/tpch/tpch-queries/q07/v1_materialized.sql
  LOGS_DIR          = logs/warm_stepup/20260918T224909Z-a543de  (query_timing_/query_samples_/query_catalog_tpch_idx.csv)
  DB_NAME / DB_USER = tpch_idx / postgres
  PGPORT            = 5434  (server reports 18.4)
  RUN_ID            = EE9EB1C36615BDFE
  WARMUP            = 2 single-copy warm-ups (the first primes the cache)
  BATCH_SIZES       = 1 2 4 8 16  x RUNS=1 measured batches each
  WORKERS           = (planner default)
  STATEMENT_TIMEOUT = 900
  THERMAL_EQUALISE  = gate (T_LO=55 T_HI=60 preheat<=60s cooldown<=120s)
  sensors           = pkg:/sys/class/hwmon/hwmon8/temp1_input cores:4 cpufreq:8 throttle:8/8
  SIGLESS_ADDR      = (disabled)
Found 1 query under queries/tpch/tpch-queries/q07/v1_materialized.sql

[1/1] queries/tpch/tpch-queries/q07/v1_materialized.sql (2 warmup + step-up 1 2 4 8 16 x1)
  warmup 1/2: 12.986623 sec (cache prime)
  warmup 2/2: 0.772265 sec
  N=1   batch 1/1: 0.781811 sec, 1 copy (server sum 704.423 ms)
  N=2   batch 1/1: 1.485816 sec, 2 copies (server sum 1394.816 ms)
  N=4   batch 1/1: 2.781878 sec, 4 copies (server sum 2711.275 ms)
  N=8   batch 1/1: 5.546901 sec, 8 copies (server sum 5436.777 ms)
  N=16  batch 1/1: 11.002675 sec, 16 copies (server sum 10887.125 ms)
  done: 5 sizes x 1 run (0 failures)

Done. Batch rows appended to logs/warm_stepup/20260918T224909Z-a543de/query_timing_tpch_idx.csv
Per-copy samples appended to logs/warm_stepup/20260918T224909Z-a543de/query_samples_tpch_idx.csv
Last batch ended at epoch 1789773741.910 (PREV_END_EPOCH for the next invocation)
===== [55/159] queries/tpch/tpch-queries/q02/v1_materialized.sql run_id=3987726BB6842CEB =====
query_runner configuration:
  QUERY_DIR         = queries/tpch/tpch-queries/q02/v1_materialized.sql
  LOGS_DIR          = logs/warm_stepup/20260918T224909Z-a543de  (query_timing_/query_samples_/query_catalog_tpch_idx.csv)
  DB_NAME / DB_USER = tpch_idx / postgres
  PGPORT            = 5434  (server reports 18.4)
  RUN_ID            = 3987726BB6842CEB
  WARMUP            = 2 single-copy warm-ups (the first primes the cache)
  BATCH_SIZES       = 1 2 4 8 16  x RUNS=1 measured batches each
  WORKERS           = (planner default)
  STATEMENT_TIMEOUT = 900
  THERMAL_EQUALISE  = gate (T_LO=55 T_HI=60 preheat<=60s cooldown<=120s)
  sensors           = pkg:/sys/class/hwmon/hwmon8/temp1_input cores:4 cpufreq:8 throttle:8/8
  SIGLESS_ADDR      = (disabled)
Found 1 query under queries/tpch/tpch-queries/q02/v1_materialized.sql

[1/1] queries/tpch/tpch-queries/q02/v1_materialized.sql (2 warmup + step-up 1 2 4 8 16 x1)
  warmup 1/2: 2.117035 sec (cache prime)
  warmup 2/2: 0.303644 sec
  N=1   batch 1/1: 0.303391 sec, 1 copy (server sum 245.669 ms)
  N=2   batch 1/1: 0.511286 sec, 2 copies (server sum 451.113 ms)
  N=4   batch 1/1: 0.907553 sec, 4 copies (server sum 843.864 ms)
  N=8   batch 1/1: 1.716498 sec, 8 copies (server sum 1645.090 ms)
  N=16  batch 1/1: 3.322608 sec, 16 copies (server sum 3234.952 ms)
  done: 5 sizes x 1 run (0 failures)

Done. Batch rows appended to logs/warm_stepup/20260918T224909Z-a543de/query_timing_tpch_idx.csv
Per-copy samples appended to logs/warm_stepup/20260918T224909Z-a543de/query_samples_tpch_idx.csv
Last batch ended at epoch 1789773755.494 (PREV_END_EPOCH for the next invocation)
===== [56/159] queries/tpch/tpch-queries/q21/base.sql run_id=AB001A266A6F385F =====
query_runner configuration:
  QUERY_DIR         = queries/tpch/tpch-queries/q21/base.sql
  LOGS_DIR          = logs/warm_stepup/20260918T224909Z-a543de  (query_timing_/query_samples_/query_catalog_tpch_idx.csv)
  DB_NAME / DB_USER = tpch_idx / postgres
  PGPORT            = 5434  (server reports 18.4)
  RUN_ID            = AB001A266A6F385F
  WARMUP            = 2 single-copy warm-ups (the first primes the cache)
  BATCH_SIZES       = 1 2 4 8 16  x RUNS=1 measured batches each
  WORKERS           = (planner default)
  STATEMENT_TIMEOUT = 900
  THERMAL_EQUALISE  = gate (T_LO=55 T_HI=60 preheat<=60s cooldown<=120s)
  sensors           = pkg:/sys/class/hwmon/hwmon8/temp1_input cores:4 cpufreq:8 throttle:8/8
  SIGLESS_ADDR      = (disabled)
Found 1 query under queries/tpch/tpch-queries/q21/base.sql

[1/1] queries/tpch/tpch-queries/q21/base.sql (2 warmup + step-up 1 2 4 8 16 x1)
  warmup 1/2: 11.863000 sec (cache prime)
  warmup 2/2: 0.620206 sec
  N=1   batch 1/1: 0.596698 sec, 1 copy (server sum 537.187 ms)
  N=2   batch 1/1: 1.168907 sec, 2 copies (server sum 1063.792 ms)
  N=4   batch 1/1: 2.147320 sec, 4 copies (server sum 2065.645 ms)
  N=8   batch 1/1: 4.187481 sec, 8 copies (server sum 4107.049 ms)
  N=16  batch 1/1: 8.208648 sec, 16 copies (server sum 8075.907 ms)
  done: 5 sizes x 1 run (0 failures)

Done. Batch rows appended to logs/warm_stepup/20260918T224909Z-a543de/query_timing_tpch_idx.csv
Per-copy samples appended to logs/warm_stepup/20260918T224909Z-a543de/query_samples_tpch_idx.csv
Last batch ended at epoch 1789773788.192 (PREV_END_EPOCH for the next invocation)
===== [57/159] queries/tpch/tpch-queries/q11/v1_materialized.sql run_id=8E7F3566EDA49F97 =====
query_runner configuration:
  QUERY_DIR         = queries/tpch/tpch-queries/q11/v1_materialized.sql
  LOGS_DIR          = logs/warm_stepup/20260918T224909Z-a543de  (query_timing_/query_samples_/query_catalog_tpch_idx.csv)
  DB_NAME / DB_USER = tpch_idx / postgres
  PGPORT            = 5434  (server reports 18.4)
  RUN_ID            = 8E7F3566EDA49F97
  WARMUP            = 2 single-copy warm-ups (the first primes the cache)
  BATCH_SIZES       = 1 2 4 8 16  x RUNS=1 measured batches each
  WORKERS           = (planner default)
  STATEMENT_TIMEOUT = 900
  THERMAL_EQUALISE  = gate (T_LO=55 T_HI=60 preheat<=60s cooldown<=120s)
  sensors           = pkg:/sys/class/hwmon/hwmon8/temp1_input cores:4 cpufreq:8 throttle:8/8
  SIGLESS_ADDR      = (disabled)
Found 1 query under queries/tpch/tpch-queries/q11/v1_materialized.sql

[1/1] queries/tpch/tpch-queries/q11/v1_materialized.sql (2 warmup + step-up 1 2 4 8 16 x1)
  thermal gate: waited 2s -> 58.0 C
  warmup 1/2: 1.709462 sec (cache prime)
  warmup 2/2: 0.157885 sec
  N=1   batch 1/1: 0.163448 sec, 1 copy (server sum 102.767 ms)
  N=2   batch 1/1: 0.257778 sec, 2 copies (server sum 188.854 ms)
  N=4   batch 1/1: 0.430854 sec, 4 copies (server sum 367.119 ms)
  N=8   batch 1/1: 0.799736 sec, 8 copies (server sum 727.746 ms)
  N=16  batch 1/1: 1.590665 sec, 16 copies (server sum 1434.379 ms)
  done: 5 sizes x 1 run (0 failures)

Done. Batch rows appended to logs/warm_stepup/20260918T224909Z-a543de/query_timing_tpch_idx.csv
Per-copy samples appended to logs/warm_stepup/20260918T224909Z-a543de/query_samples_tpch_idx.csv
Last batch ended at epoch 1789773799.577 (PREV_END_EPOCH for the next invocation)
===== [58/159] queries/tpch/tpch-queries/q03/v1_materialized.sql run_id=5582E761F49B0D39 =====
query_runner configuration:
  QUERY_DIR         = queries/tpch/tpch-queries/q03/v1_materialized.sql
  LOGS_DIR          = logs/warm_stepup/20260918T224909Z-a543de  (query_timing_/query_samples_/query_catalog_tpch_idx.csv)
  DB_NAME / DB_USER = tpch_idx / postgres
  PGPORT            = 5434  (server reports 18.4)
  RUN_ID            = 5582E761F49B0D39
  WARMUP            = 2 single-copy warm-ups (the first primes the cache)
  BATCH_SIZES       = 1 2 4 8 16  x RUNS=1 measured batches each
  WORKERS           = (planner default)
  STATEMENT_TIMEOUT = 900
  THERMAL_EQUALISE  = gate (T_LO=55 T_HI=60 preheat<=60s cooldown<=120s)
  sensors           = pkg:/sys/class/hwmon/hwmon8/temp1_input cores:4 cpufreq:8 throttle:8/8
  SIGLESS_ADDR      = (disabled)
Found 1 query under queries/tpch/tpch-queries/q03/v1_materialized.sql

[1/1] queries/tpch/tpch-queries/q03/v1_materialized.sql (2 warmup + step-up 1 2 4 8 16 x1)
  warmup 1/2: 1.664154 sec (cache prime)
  warmup 2/2: 0.418995 sec
  N=1   batch 1/1: 0.415158 sec, 1 copy (server sum 357.878 ms)
  N=2   batch 1/1: 0.738138 sec, 2 copies (server sum 680.056 ms)
  N=4   batch 1/1: 1.363662 sec, 4 copies (server sum 1303.083 ms)
  N=8   batch 1/1: 2.619273 sec, 8 copies (server sum 2545.672 ms)
  N=16  batch 1/1: 5.147757 sec, 16 copies (server sum 5039.561 ms)
  done: 5 sizes x 1 run (0 failures)

Done. Batch rows appended to logs/warm_stepup/20260918T224909Z-a543de/query_timing_tpch_idx.csv
Per-copy samples appended to logs/warm_stepup/20260918T224909Z-a543de/query_samples_tpch_idx.csv
Last batch ended at epoch 1789773816.138 (PREV_END_EPOCH for the next invocation)
===== [59/159] queries/tpch/tpch-queries/q09/v1_materialized.sql run_id=0107EA5325DA3775 =====
query_runner configuration:
  QUERY_DIR         = queries/tpch/tpch-queries/q09/v1_materialized.sql
  LOGS_DIR          = logs/warm_stepup/20260918T224909Z-a543de  (query_timing_/query_samples_/query_catalog_tpch_idx.csv)
  DB_NAME / DB_USER = tpch_idx / postgres
  PGPORT            = 5434  (server reports 18.4)
  RUN_ID            = 0107EA5325DA3775
  WARMUP            = 2 single-copy warm-ups (the first primes the cache)
  BATCH_SIZES       = 1 2 4 8 16  x RUNS=1 measured batches each
  WORKERS           = (planner default)
  STATEMENT_TIMEOUT = 900
  THERMAL_EQUALISE  = gate (T_LO=55 T_HI=60 preheat<=60s cooldown<=120s)
  sensors           = pkg:/sys/class/hwmon/hwmon8/temp1_input cores:4 cpufreq:8 throttle:8/8
  SIGLESS_ADDR      = (disabled)
Found 1 query under queries/tpch/tpch-queries/q09/v1_materialized.sql

[1/1] queries/tpch/tpch-queries/q09/v1_materialized.sql (2 warmup + step-up 1 2 4 8 16 x1)
  warmup 1/2: 8.604346 sec (cache prime)
  warmup 2/2: 1.421140 sec
  N=1   batch 1/1: 1.431588 sec, 1 copy (server sum 1370.251 ms)
  N=2   batch 1/1: 2.748917 sec, 2 copies (server sum 2683.266 ms)
  N=4   batch 1/1: 5.399584 sec, 4 copies (server sum 5325.865 ms)
  N=8   batch 1/1: 10.737510 sec, 8 copies (server sum 10646.992 ms)
  N=16  batch 1/1: 21.424612 sec, 16 copies (server sum 21303.036 ms)
  done: 5 sizes x 1 run (0 failures)

Done. Batch rows appended to logs/warm_stepup/20260918T224909Z-a543de/query_timing_tpch_idx.csv
Per-copy samples appended to logs/warm_stepup/20260918T224909Z-a543de/query_samples_tpch_idx.csv
Last batch ended at epoch 1789773872.119 (PREV_END_EPOCH for the next invocation)
===== [60/159] queries/tpch/tpch-queries/q13/v1_materialized.sql run_id=D7ADB6D5CE254525 =====
query_runner configuration:
  QUERY_DIR         = queries/tpch/tpch-queries/q13/v1_materialized.sql
  LOGS_DIR          = logs/warm_stepup/20260918T224909Z-a543de  (query_timing_/query_samples_/query_catalog_tpch_idx.csv)
  DB_NAME / DB_USER = tpch_idx / postgres
  PGPORT            = 5434  (server reports 18.4)
  RUN_ID            = D7ADB6D5CE254525
  WARMUP            = 2 single-copy warm-ups (the first primes the cache)
  BATCH_SIZES       = 1 2 4 8 16  x RUNS=1 measured batches each
  WORKERS           = (planner default)
  STATEMENT_TIMEOUT = 900
  THERMAL_EQUALISE  = gate (T_LO=55 T_HI=60 preheat<=60s cooldown<=120s)
  sensors           = pkg:/sys/class/hwmon/hwmon8/temp1_input cores:4 cpufreq:8 throttle:8/8
  SIGLESS_ADDR      = (disabled)
Found 1 query under queries/tpch/tpch-queries/q13/v1_materialized.sql

[1/1] queries/tpch/tpch-queries/q13/v1_materialized.sql (2 warmup + step-up 1 2 4 8 16 x1)
  warmup 1/2: 1.884940 sec (cache prime)
  warmup 2/2: 1.656189 sec
  N=1   batch 1/1: 1.656819 sec, 1 copy (server sum 1599.499 ms)
  N=2   batch 1/1: 3.212941 sec, 2 copies (server sum 3155.119 ms)
  N=4   batch 1/1: 6.348130 sec, 4 copies (server sum 6286.603 ms)
  N=8   batch 1/1: 12.704934 sec, 8 copies (server sum 12635.591 ms)
  N=16  batch 1/1: 25.286140 sec, 16 copies (server sum 25201.187 ms)
  done: 5 sizes x 1 run (0 failures)

Done. Batch rows appended to logs/warm_stepup/20260918T224909Z-a543de/query_timing_tpch_idx.csv
Per-copy samples appended to logs/warm_stepup/20260918T224909Z-a543de/query_samples_tpch_idx.csv
Last batch ended at epoch 1789773929.673 (PREV_END_EPOCH for the next invocation)
===== [61/159] queries/tpch/tpch-queries/q02/v2_decorrelate.sql run_id=D9D9823CBDAC2E96 =====
query_runner configuration:
  QUERY_DIR         = queries/tpch/tpch-queries/q02/v2_decorrelate.sql
  LOGS_DIR          = logs/warm_stepup/20260918T224909Z-a543de  (query_timing_/query_samples_/query_catalog_tpch_idx.csv)
  DB_NAME / DB_USER = tpch_idx / postgres
  PGPORT            = 5434  (server reports 18.4)
  RUN_ID            = D9D9823CBDAC2E96
  WARMUP            = 2 single-copy warm-ups (the first primes the cache)
  BATCH_SIZES       = 1 2 4 8 16  x RUNS=1 measured batches each
  WORKERS           = (planner default)
  STATEMENT_TIMEOUT = 900
  THERMAL_EQUALISE  = gate (T_LO=55 T_HI=60 preheat<=60s cooldown<=120s)
  sensors           = pkg:/sys/class/hwmon/hwmon8/temp1_input cores:4 cpufreq:8 throttle:8/8
  SIGLESS_ADDR      = (disabled)
Found 1 query under queries/tpch/tpch-queries/q02/v2_decorrelate.sql

[1/1] queries/tpch/tpch-queries/q02/v2_decorrelate.sql (2 warmup + step-up 1 2 4 8 16 x1)
  warmup 1/2: 1.809211 sec (cache prime)
  warmup 2/2: 0.282380 sec
  N=1   batch 1/1: 0.332004 sec, 1 copy (server sum 222.976 ms)
  N=2   batch 1/1: 0.497213 sec, 2 copies (server sum 433.203 ms)
  N=4   batch 1/1: 0.914602 sec, 4 copies (server sum 843.502 ms)
  N=8   batch 1/1: 1.762189 sec, 8 copies (server sum 1674.093 ms)
  N=16  batch 1/1: 3.439766 sec, 16 copies (server sum 3316.731 ms)
  done: 5 sizes x 1 run (0 failures)

Done. Batch rows appended to logs/warm_stepup/20260918T224909Z-a543de/query_timing_tpch_idx.csv
Per-copy samples appended to logs/warm_stepup/20260918T224909Z-a543de/query_samples_tpch_idx.csv
Last batch ended at epoch 1789773942.944 (PREV_END_EPOCH for the next invocation)
===== [62/159] queries/tpch/tpch-queries/q09/v1_materialized.sql run_id=DF251A9F153912D2 =====
query_runner configuration:
  QUERY_DIR         = queries/tpch/tpch-queries/q09/v1_materialized.sql
  LOGS_DIR          = logs/warm_stepup/20260918T224909Z-a543de  (query_timing_/query_samples_/query_catalog_tpch_idx.csv)
  DB_NAME / DB_USER = tpch_idx / postgres
  PGPORT            = 5434  (server reports 18.4)
  RUN_ID            = DF251A9F153912D2
  WARMUP            = 2 single-copy warm-ups (the first primes the cache)
  BATCH_SIZES       = 1 2 4 8 16  x RUNS=1 measured batches each
  WORKERS           = (planner default)
  STATEMENT_TIMEOUT = 900
  THERMAL_EQUALISE  = gate (T_LO=55 T_HI=60 preheat<=60s cooldown<=120s)
  sensors           = pkg:/sys/class/hwmon/hwmon8/temp1_input cores:4 cpufreq:8 throttle:8/8
  SIGLESS_ADDR      = (disabled)
Found 1 query under queries/tpch/tpch-queries/q09/v1_materialized.sql

[1/1] queries/tpch/tpch-queries/q09/v1_materialized.sql (2 warmup + step-up 1 2 4 8 16 x1)
  thermal gate: pre-heated 5s -> 61.0 C
  warmup 1/2: 8.610786 sec (cache prime)
  warmup 2/2: 1.401873 sec
  N=1   batch 1/1: 1.444229 sec, 1 copy (server sum 1337.328 ms)
  N=2   batch 1/1: 2.734082 sec, 2 copies (server sum 2668.865 ms)
  N=4   batch 1/1: 5.396047 sec, 4 copies (server sum 5272.001 ms)
  N=8   batch 1/1: 10.713311 sec, 8 copies (server sum 10542.129 ms)
  N=16  batch 1/1: 21.206479 sec, 16 copies (server sum 21084.835 ms)
  done: 5 sizes x 1 run (0 failures)

Done. Batch rows appended to logs/warm_stepup/20260918T224909Z-a543de/query_timing_tpch_idx.csv
Per-copy samples appended to logs/warm_stepup/20260918T224909Z-a543de/query_samples_tpch_idx.csv
Last batch ended at epoch 1789774003.219 (PREV_END_EPOCH for the next invocation)
===== [63/159] queries/tpch/tpch-queries/q05/base.sql run_id=EE0C94746F189989 =====
query_runner configuration:
  QUERY_DIR         = queries/tpch/tpch-queries/q05/base.sql
  LOGS_DIR          = logs/warm_stepup/20260918T224909Z-a543de  (query_timing_/query_samples_/query_catalog_tpch_idx.csv)
  DB_NAME / DB_USER = tpch_idx / postgres
  PGPORT            = 5434  (server reports 18.4)
  RUN_ID            = EE0C94746F189989
  WARMUP            = 2 single-copy warm-ups (the first primes the cache)
  BATCH_SIZES       = 1 2 4 8 16  x RUNS=1 measured batches each
  WORKERS           = (planner default)
  STATEMENT_TIMEOUT = 900
  THERMAL_EQUALISE  = gate (T_LO=55 T_HI=60 preheat<=60s cooldown<=120s)
  sensors           = pkg:/sys/class/hwmon/hwmon8/temp1_input cores:4 cpufreq:8 throttle:8/8
  SIGLESS_ADDR      = (disabled)
Found 1 query under queries/tpch/tpch-queries/q05/base.sql

[1/1] queries/tpch/tpch-queries/q05/base.sql (2 warmup + step-up 1 2 4 8 16 x1)
  warmup 1/2: 6.368796 sec (cache prime)
  warmup 2/2: 0.332097 sec
  N=1   batch 1/1: 0.329298 sec, 1 copy (server sum 269.430 ms)
  N=2   batch 1/1: 0.636514 sec, 2 copies (server sum 525.398 ms)
  N=4   batch 1/1: 1.090939 sec, 4 copies (server sum 1022.706 ms)
  N=8   batch 1/1: 2.110497 sec, 8 copies (server sum 2030.126 ms)
  N=16  batch 1/1: 4.140851 sec, 16 copies (server sum 4035.413 ms)
  done: 5 sizes x 1 run (0 failures)

Done. Batch rows appended to logs/warm_stepup/20260918T224909Z-a543de/query_timing_tpch_idx.csv
Per-copy samples appended to logs/warm_stepup/20260918T224909Z-a543de/query_samples_tpch_idx.csv
Last batch ended at epoch 1789774022.680 (PREV_END_EPOCH for the next invocation)
===== [64/159] queries/tpch/tpch-queries/q03/v1_materialized.sql run_id=26DEE02DB47C851F =====
query_runner configuration:
  QUERY_DIR         = queries/tpch/tpch-queries/q03/v1_materialized.sql
  LOGS_DIR          = logs/warm_stepup/20260918T224909Z-a543de  (query_timing_/query_samples_/query_catalog_tpch_idx.csv)
  DB_NAME / DB_USER = tpch_idx / postgres
  PGPORT            = 5434  (server reports 18.4)
  RUN_ID            = 26DEE02DB47C851F
  WARMUP            = 2 single-copy warm-ups (the first primes the cache)
  BATCH_SIZES       = 1 2 4 8 16  x RUNS=1 measured batches each
  WORKERS           = (planner default)
  STATEMENT_TIMEOUT = 900
  THERMAL_EQUALISE  = gate (T_LO=55 T_HI=60 preheat<=60s cooldown<=120s)
  sensors           = pkg:/sys/class/hwmon/hwmon8/temp1_input cores:4 cpufreq:8 throttle:8/8
  SIGLESS_ADDR      = (disabled)
Found 1 query under queries/tpch/tpch-queries/q03/v1_materialized.sql

[1/1] queries/tpch/tpch-queries/q03/v1_materialized.sql (2 warmup + step-up 1 2 4 8 16 x1)
  warmup 1/2: 1.631214 sec (cache prime)
  warmup 2/2: 0.420723 sec
  N=1   batch 1/1: 0.419014 sec, 1 copy (server sum 362.148 ms)
  N=2   batch 1/1: 0.738524 sec, 2 copies (server sum 680.361 ms)
  N=4   batch 1/1: 1.369301 sec, 4 copies (server sum 1308.569 ms)
  N=8   batch 1/1: 2.685314 sec, 8 copies (server sum 2557.153 ms)
  N=16  batch 1/1: 5.170218 sec, 16 copies (server sum 5044.781 ms)
  done: 5 sizes x 1 run (0 failures)

Done. Batch rows appended to logs/warm_stepup/20260918T224909Z-a543de/query_timing_tpch_idx.csv
Per-copy samples appended to logs/warm_stepup/20260918T224909Z-a543de/query_samples_tpch_idx.csv
Last batch ended at epoch 1789774039.532 (PREV_END_EPOCH for the next invocation)
===== [65/159] queries/tpch/tpch-queries/q18/base.sql run_id=4696253314A3BA2E =====
query_runner configuration:
  QUERY_DIR         = queries/tpch/tpch-queries/q18/base.sql
  LOGS_DIR          = logs/warm_stepup/20260918T224909Z-a543de  (query_timing_/query_samples_/query_catalog_tpch_idx.csv)
  DB_NAME / DB_USER = tpch_idx / postgres
  PGPORT            = 5434  (server reports 18.4)
  RUN_ID            = 4696253314A3BA2E
  WARMUP            = 2 single-copy warm-ups (the first primes the cache)
  BATCH_SIZES       = 1 2 4 8 16  x RUNS=1 measured batches each
  WORKERS           = (planner default)
  STATEMENT_TIMEOUT = 900
  THERMAL_EQUALISE  = gate (T_LO=55 T_HI=60 preheat<=60s cooldown<=120s)
  sensors           = pkg:/sys/class/hwmon/hwmon8/temp1_input cores:4 cpufreq:8 throttle:8/8
  SIGLESS_ADDR      = (disabled)
Found 1 query under queries/tpch/tpch-queries/q18/base.sql

[1/1] queries/tpch/tpch-queries/q18/base.sql (2 warmup + step-up 1 2 4 8 16 x1)
  warmup 1/2: 6.691636 sec (cache prime)
  warmup 2/2: 5.605862 sec
  N=1   batch 1/1: 5.692598 sec, 1 copy (server sum 5592.699 ms)
  N=2   batch 1/1: 11.110602 sec, 2 copies (server sum 11050.970 ms)
  N=4   batch 1/1: 22.108912 sec, 4 copies (server sum 22045.266 ms)
  N=8   batch 1/1: 43.913487 sec, 8 copies (server sum 43839.417 ms)
  N=16  batch 1/1: 87.767565 sec, 16 copies (server sum 87679.950 ms)
  done: 5 sizes x 1 run (0 failures)

Done. Batch rows appended to logs/warm_stepup/20260918T224909Z-a543de/query_timing_tpch_idx.csv
Per-copy samples appended to logs/warm_stepup/20260918T224909Z-a543de/query_samples_tpch_idx.csv
Last batch ended at epoch 1789774226.915 (PREV_END_EPOCH for the next invocation)
===== [66/159] queries/tpch/tpch-queries/q05/v1_materialized.sql run_id=A1A017E2883D439E =====
query_runner configuration:
  QUERY_DIR         = queries/tpch/tpch-queries/q05/v1_materialized.sql
  LOGS_DIR          = logs/warm_stepup/20260918T224909Z-a543de  (query_timing_/query_samples_/query_catalog_tpch_idx.csv)
  DB_NAME / DB_USER = tpch_idx / postgres
  PGPORT            = 5434  (server reports 18.4)
  RUN_ID            = A1A017E2883D439E
  WARMUP            = 2 single-copy warm-ups (the first primes the cache)
  BATCH_SIZES       = 1 2 4 8 16  x RUNS=1 measured batches each
  WORKERS           = (planner default)
  STATEMENT_TIMEOUT = 900
  THERMAL_EQUALISE  = gate (T_LO=55 T_HI=60 preheat<=60s cooldown<=120s)
  sensors           = pkg:/sys/class/hwmon/hwmon8/temp1_input cores:4 cpufreq:8 throttle:8/8
  SIGLESS_ADDR      = (disabled)
Found 1 query under queries/tpch/tpch-queries/q05/v1_materialized.sql

[1/1] queries/tpch/tpch-queries/q05/v1_materialized.sql (2 warmup + step-up 1 2 4 8 16 x1)
  thermal gate: waited 10s -> 59.0 C
  warmup 1/2: 6.951954 sec (cache prime)
  warmup 2/2: 0.334412 sec
  N=1   batch 1/1: 0.334466 sec, 1 copy (server sum 274.777 ms)
  N=2   batch 1/1: 0.589639 sec, 2 copies (server sum 527.229 ms)
  N=4   batch 1/1: 1.137468 sec, 4 copies (server sum 1032.200 ms)
  N=8   batch 1/1: 2.129545 sec, 8 copies (server sum 2047.777 ms)
  N=16  batch 1/1: 4.243092 sec, 16 copies (server sum 4085.090 ms)
  done: 5 sizes x 1 run (0 failures)

Done. Batch rows appended to logs/warm_stepup/20260918T224909Z-a543de/query_timing_tpch_idx.csv
Per-copy samples appended to logs/warm_stepup/20260918T224909Z-a543de/query_samples_tpch_idx.csv
Last batch ended at epoch 1789774256.763 (PREV_END_EPOCH for the next invocation)
===== [67/159] queries/tpch/tpch-queries/q19/v1_materialized.sql run_id=A6E274D4AEC6AFC3 =====
query_runner configuration:
  QUERY_DIR         = queries/tpch/tpch-queries/q19/v1_materialized.sql
  LOGS_DIR          = logs/warm_stepup/20260918T224909Z-a543de  (query_timing_/query_samples_/query_catalog_tpch_idx.csv)
  DB_NAME / DB_USER = tpch_idx / postgres
  PGPORT            = 5434  (server reports 18.4)
  RUN_ID            = A6E274D4AEC6AFC3
  WARMUP            = 2 single-copy warm-ups (the first primes the cache)
  BATCH_SIZES       = 1 2 4 8 16  x RUNS=1 measured batches each
  WORKERS           = (planner default)
  STATEMENT_TIMEOUT = 900
  THERMAL_EQUALISE  = gate (T_LO=55 T_HI=60 preheat<=60s cooldown<=120s)
  sensors           = pkg:/sys/class/hwmon/hwmon8/temp1_input cores:4 cpufreq:8 throttle:8/8
  SIGLESS_ADDR      = (disabled)
Found 1 query under queries/tpch/tpch-queries/q19/v1_materialized.sql

[1/1] queries/tpch/tpch-queries/q19/v1_materialized.sql (2 warmup + step-up 1 2 4 8 16 x1)
  warmup 1/2: 2.171046 sec (cache prime)
  warmup 2/2: 0.092605 sec
  N=1   batch 1/1: 0.093000 sec, 1 copy (server sum 35.740 ms)
  N=2   batch 1/1: 0.127157 sec, 2 copies (server sum 68.635 ms)
  N=4   batch 1/1: 0.196099 sec, 4 copies (server sum 135.697 ms)
  N=8   batch 1/1: 0.372930 sec, 8 copies (server sum 263.248 ms)
  N=16  batch 1/1: 0.619657 sec, 16 copies (server sum 524.057 ms)
  done: 5 sizes x 1 run (0 failures)

Done. Batch rows appended to logs/warm_stepup/20260918T224909Z-a543de/query_timing_tpch_idx.csv
Per-copy samples appended to logs/warm_stepup/20260918T224909Z-a543de/query_samples_tpch_idx.csv
Last batch ended at epoch 1789774264.557 (PREV_END_EPOCH for the next invocation)
===== [68/159] queries/tpch/tpch-queries/q18/base.sql run_id=812E6FF5420DBB99 =====
query_runner configuration:
  QUERY_DIR         = queries/tpch/tpch-queries/q18/base.sql
  LOGS_DIR          = logs/warm_stepup/20260918T224909Z-a543de  (query_timing_/query_samples_/query_catalog_tpch_idx.csv)
  DB_NAME / DB_USER = tpch_idx / postgres
  PGPORT            = 5434  (server reports 18.4)
  RUN_ID            = 812E6FF5420DBB99
  WARMUP            = 2 single-copy warm-ups (the first primes the cache)
  BATCH_SIZES       = 1 2 4 8 16  x RUNS=1 measured batches each
  WORKERS           = (planner default)
  STATEMENT_TIMEOUT = 900
  THERMAL_EQUALISE  = gate (T_LO=55 T_HI=60 preheat<=60s cooldown<=120s)
  sensors           = pkg:/sys/class/hwmon/hwmon8/temp1_input cores:4 cpufreq:8 throttle:8/8
  SIGLESS_ADDR      = (disabled)
Found 1 query under queries/tpch/tpch-queries/q18/base.sql

[1/1] queries/tpch/tpch-queries/q18/base.sql (2 warmup + step-up 1 2 4 8 16 x1)
  warmup 1/2: 6.447676 sec (cache prime)
  warmup 2/2: 5.617972 sec
  N=1   batch 1/1: 5.608176 sec, 1 copy (server sum 5550.049 ms)
  N=2   batch 1/1: 11.110364 sec, 2 copies (server sum 11005.315 ms)
  N=4   batch 1/1: 22.097565 sec, 4 copies (server sum 22033.441 ms)
  N=8   batch 1/1: 43.839743 sec, 8 copies (server sum 43768.116 ms)
  N=16  batch 1/1: 87.694770 sec, 16 copies (server sum 87606.700 ms)
  done: 5 sizes x 1 run (0 failures)

Done. Batch rows appended to logs/warm_stepup/20260918T224909Z-a543de/query_timing_tpch_idx.csv
Per-copy samples appended to logs/warm_stepup/20260918T224909Z-a543de/query_samples_tpch_idx.csv
Last batch ended at epoch 1789774451.050 (PREV_END_EPOCH for the next invocation)
===== [69/159] queries/tpch/tpch-queries/q03/base.sql run_id=E6261958185AB311 =====
query_runner configuration:
  QUERY_DIR         = queries/tpch/tpch-queries/q03/base.sql
  LOGS_DIR          = logs/warm_stepup/20260918T224909Z-a543de  (query_timing_/query_samples_/query_catalog_tpch_idx.csv)
  DB_NAME / DB_USER = tpch_idx / postgres
  PGPORT            = 5434  (server reports 18.4)
  RUN_ID            = E6261958185AB311
  WARMUP            = 2 single-copy warm-ups (the first primes the cache)
  BATCH_SIZES       = 1 2 4 8 16  x RUNS=1 measured batches each
  WORKERS           = (planner default)
  STATEMENT_TIMEOUT = 900
  THERMAL_EQUALISE  = gate (T_LO=55 T_HI=60 preheat<=60s cooldown<=120s)
  sensors           = pkg:/sys/class/hwmon/hwmon8/temp1_input cores:4 cpufreq:8 throttle:8/8
  SIGLESS_ADDR      = (disabled)
Found 1 query under queries/tpch/tpch-queries/q03/base.sql

[1/1] queries/tpch/tpch-queries/q03/base.sql (2 warmup + step-up 1 2 4 8 16 x1)
  thermal gate: waited 10s -> 60.0 C
  warmup 1/2: 1.623802 sec (cache prime)
  warmup 2/2: 0.416868 sec
  N=1   batch 1/1: 0.417370 sec, 1 copy (server sum 360.848 ms)
  N=2   batch 1/1: 0.744364 sec, 2 copies (server sum 686.327 ms)
  N=4   batch 1/1: 1.400247 sec, 4 copies (server sum 1311.739 ms)
  N=8   batch 1/1: 2.636368 sec, 8 copies (server sum 2568.359 ms)
  N=16  batch 1/1: 5.146711 sec, 16 copies (server sum 5069.643 ms)
  done: 5 sizes x 1 run (0 failures)

Done. Batch rows appended to logs/warm_stepup/20260918T224909Z-a543de/query_timing_tpch_idx.csv
Per-copy samples appended to logs/warm_stepup/20260918T224909Z-a543de/query_samples_tpch_idx.csv
Last batch ended at epoch 1789774478.124 (PREV_END_EPOCH for the next invocation)
===== [70/159] queries/tpch/tpch-queries/q14/v1_materialized.sql run_id=79674F662401857B =====
query_runner configuration:
  QUERY_DIR         = queries/tpch/tpch-queries/q14/v1_materialized.sql
  LOGS_DIR          = logs/warm_stepup/20260918T224909Z-a543de  (query_timing_/query_samples_/query_catalog_tpch_idx.csv)
  DB_NAME / DB_USER = tpch_idx / postgres
  PGPORT            = 5434  (server reports 18.4)
  RUN_ID            = 79674F662401857B
  WARMUP            = 2 single-copy warm-ups (the first primes the cache)
  BATCH_SIZES       = 1 2 4 8 16  x RUNS=1 measured batches each
  WORKERS           = (planner default)
  STATEMENT_TIMEOUT = 900
  THERMAL_EQUALISE  = gate (T_LO=55 T_HI=60 preheat<=60s cooldown<=120s)
  sensors           = pkg:/sys/class/hwmon/hwmon8/temp1_input cores:4 cpufreq:8 throttle:8/8
  SIGLESS_ADDR      = (disabled)
Found 1 query under queries/tpch/tpch-queries/q14/v1_materialized.sql

[1/1] queries/tpch/tpch-queries/q14/v1_materialized.sql (2 warmup + step-up 1 2 4 8 16 x1)
  thermal gate: waited 2s -> 59.0 C
  warmup 1/2: 1.534505 sec (cache prime)
  warmup 2/2: 0.239459 sec
  N=1   batch 1/1: 0.240019 sec, 1 copy (server sum 183.543 ms)
  N=2   batch 1/1: 0.394187 sec, 2 copies (server sum 336.281 ms)
  N=4   batch 1/1: 0.738391 sec, 4 copies (server sum 636.557 ms)
  N=8   batch 1/1: 1.303146 sec, 8 copies (server sum 1238.990 ms)
  N=16  batch 1/1: 2.519389 sec, 16 copies (server sum 2446.046 ms)
  done: 5 sizes x 1 run (0 failures)

Done. Batch rows appended to logs/warm_stepup/20260918T224909Z-a543de/query_timing_tpch_idx.csv
Per-copy samples appended to logs/warm_stepup/20260918T224909Z-a543de/query_samples_tpch_idx.csv
Last batch ended at epoch 1789774491.552 (PREV_END_EPOCH for the next invocation)
===== [71/159] queries/tpch/tpch-queries/q22/base.sql run_id=A83C94E58F1F449A =====
query_runner configuration:
  QUERY_DIR         = queries/tpch/tpch-queries/q22/base.sql
  LOGS_DIR          = logs/warm_stepup/20260918T224909Z-a543de  (query_timing_/query_samples_/query_catalog_tpch_idx.csv)
  DB_NAME / DB_USER = tpch_idx / postgres
  PGPORT            = 5434  (server reports 18.4)
  RUN_ID            = A83C94E58F1F449A
  WARMUP            = 2 single-copy warm-ups (the first primes the cache)
  BATCH_SIZES       = 1 2 4 8 16  x RUNS=1 measured batches each
  WORKERS           = (planner default)
  STATEMENT_TIMEOUT = 900
  THERMAL_EQUALISE  = gate (T_LO=55 T_HI=60 preheat<=60s cooldown<=120s)
  sensors           = pkg:/sys/class/hwmon/hwmon8/temp1_input cores:4 cpufreq:8 throttle:8/8
  SIGLESS_ADDR      = (disabled)
Found 1 query under queries/tpch/tpch-queries/q22/base.sql

[1/1] queries/tpch/tpch-queries/q22/base.sql (2 warmup + step-up 1 2 4 8 16 x1)
  thermal gate: waited 2s -> 58.0 C
  warmup 1/2: 0.392154 sec (cache prime)
  warmup 2/2: 0.139840 sec
  N=1   batch 1/1: 0.129630 sec, 1 copy (server sum 73.293 ms)
  N=2   batch 1/1: 0.212633 sec, 2 copies (server sum 155.181 ms)
  N=4   batch 1/1: 0.356089 sec, 4 copies (server sum 296.782 ms)
  N=8   batch 1/1: 0.667692 sec, 8 copies (server sum 602.610 ms)
  N=16  batch 1/1: 1.252071 sec, 16 copies (server sum 1179.122 ms)
  done: 5 sizes x 1 run (0 failures)

Done. Batch rows appended to logs/warm_stepup/20260918T224909Z-a543de/query_timing_tpch_idx.csv
Per-copy samples appended to logs/warm_stepup/20260918T224909Z-a543de/query_samples_tpch_idx.csv
Last batch ended at epoch 1789774500.870 (PREV_END_EPOCH for the next invocation)
===== [72/159] queries/tpch/tpch-queries/q05/base.sql run_id=05F4F358FE5F94EA =====
query_runner configuration:
  QUERY_DIR         = queries/tpch/tpch-queries/q05/base.sql
  LOGS_DIR          = logs/warm_stepup/20260918T224909Z-a543de  (query_timing_/query_samples_/query_catalog_tpch_idx.csv)
  DB_NAME / DB_USER = tpch_idx / postgres
  PGPORT            = 5434  (server reports 18.4)
  RUN_ID            = 05F4F358FE5F94EA
  WARMUP            = 2 single-copy warm-ups (the first primes the cache)
  BATCH_SIZES       = 1 2 4 8 16  x RUNS=1 measured batches each
  WORKERS           = (planner default)
  STATEMENT_TIMEOUT = 900
  THERMAL_EQUALISE  = gate (T_LO=55 T_HI=60 preheat<=60s cooldown<=120s)
  sensors           = pkg:/sys/class/hwmon/hwmon8/temp1_input cores:4 cpufreq:8 throttle:8/8
  SIGLESS_ADDR      = (disabled)
Found 1 query under queries/tpch/tpch-queries/q05/base.sql

[1/1] queries/tpch/tpch-queries/q05/base.sql (2 warmup + step-up 1 2 4 8 16 x1)
  warmup 1/2: 5.901771 sec (cache prime)
  warmup 2/2: 0.335903 sec
  N=1   batch 1/1: 0.331143 sec, 1 copy (server sum 271.251 ms)
  N=2   batch 1/1: 0.582930 sec, 2 copies (server sum 520.446 ms)
  N=4   batch 1/1: 1.136185 sec, 4 copies (server sum 1037.937 ms)
  N=8   batch 1/1: 2.129520 sec, 8 copies (server sum 2048.708 ms)
  N=16  batch 1/1: 4.181616 sec, 16 copies (server sum 4076.648 ms)
  done: 5 sizes x 1 run (0 failures)

Done. Batch rows appended to logs/warm_stepup/20260918T224909Z-a543de/query_timing_tpch_idx.csv
Per-copy samples appended to logs/warm_stepup/20260918T224909Z-a543de/query_samples_tpch_idx.csv
Last batch ended at epoch 1789774519.087 (PREV_END_EPOCH for the next invocation)
===== [73/159] queries/tpch/tpch-queries/q01/base.sql run_id=A3AF5A5EFEFFB909 =====
query_runner configuration:
  QUERY_DIR         = queries/tpch/tpch-queries/q01/base.sql
  LOGS_DIR          = logs/warm_stepup/20260918T224909Z-a543de  (query_timing_/query_samples_/query_catalog_tpch_idx.csv)
  DB_NAME / DB_USER = tpch_idx / postgres
  PGPORT            = 5434  (server reports 18.4)
  RUN_ID            = A3AF5A5EFEFFB909
  WARMUP            = 2 single-copy warm-ups (the first primes the cache)
  BATCH_SIZES       = 1 2 4 8 16  x RUNS=1 measured batches each
  WORKERS           = (planner default)
  STATEMENT_TIMEOUT = 900
  THERMAL_EQUALISE  = gate (T_LO=55 T_HI=60 preheat<=60s cooldown<=120s)
  sensors           = pkg:/sys/class/hwmon/hwmon8/temp1_input cores:4 cpufreq:8 throttle:8/8
  SIGLESS_ADDR      = (disabled)
Found 1 query under queries/tpch/tpch-queries/q01/base.sql

[1/1] queries/tpch/tpch-queries/q01/base.sql (2 warmup + step-up 1 2 4 8 16 x1)
  thermal gate: waited 2s -> 56.0 C
  warmup 1/2: 2.696487 sec (cache prime)
  warmup 2/2: 1.952551 sec
  N=1   batch 1/1: 1.953303 sec, 1 copy (server sum 1897.790 ms)
  N=2   batch 1/1: 3.831880 sec, 2 copies (server sum 3774.895 ms)
  N=4   batch 1/1: 7.621731 sec, 4 copies (server sum 7515.721 ms)
  N=8   batch 1/1: 15.050491 sec, 8 copies (server sum 14989.261 ms)
  N=16  batch 1/1: 30.061819 sec, 16 copies (server sum 29973.746 ms)
  done: 5 sizes x 1 run (0 failures)

Done. Batch rows appended to logs/warm_stepup/20260918T224909Z-a543de/query_timing_tpch_idx.csv
Per-copy samples appended to logs/warm_stepup/20260918T224909Z-a543de/query_samples_tpch_idx.csv
Last batch ended at epoch 1789774588.873 (PREV_END_EPOCH for the next invocation)
===== [74/159] queries/tpch/tpch-queries/q14/base.sql run_id=6B8AC07ECE2342F3 =====
query_runner configuration:
  QUERY_DIR         = queries/tpch/tpch-queries/q14/base.sql
  LOGS_DIR          = logs/warm_stepup/20260918T224909Z-a543de  (query_timing_/query_samples_/query_catalog_tpch_idx.csv)
  DB_NAME / DB_USER = tpch_idx / postgres
  PGPORT            = 5434  (server reports 18.4)
  RUN_ID            = 6B8AC07ECE2342F3
  WARMUP            = 2 single-copy warm-ups (the first primes the cache)
  BATCH_SIZES       = 1 2 4 8 16  x RUNS=1 measured batches each
  WORKERS           = (planner default)
  STATEMENT_TIMEOUT = 900
  THERMAL_EQUALISE  = gate (T_LO=55 T_HI=60 preheat<=60s cooldown<=120s)
  sensors           = pkg:/sys/class/hwmon/hwmon8/temp1_input cores:4 cpufreq:8 throttle:8/8
  SIGLESS_ADDR      = (disabled)
Found 1 query under queries/tpch/tpch-queries/q14/base.sql

[1/1] queries/tpch/tpch-queries/q14/base.sql (2 warmup + step-up 1 2 4 8 16 x1)
  thermal gate: waited 8s -> 60.0 C
  warmup 1/2: 1.545374 sec (cache prime)
  warmup 2/2: 0.237953 sec
  N=1   batch 1/1: 0.237532 sec, 1 copy (server sum 181.772 ms)
  N=2   batch 1/1: 0.442540 sec, 2 copies (server sum 333.418 ms)
  N=4   batch 1/1: 0.694830 sec, 4 copies (server sum 636.309 ms)
  N=8   batch 1/1: 1.309020 sec, 8 copies (server sum 1236.538 ms)
  N=16  batch 1/1: 2.496613 sec, 16 copies (server sum 2421.708 ms)
  done: 5 sizes x 1 run (0 failures)

Done. Batch rows appended to logs/warm_stepup/20260918T224909Z-a543de/query_timing_tpch_idx.csv
Per-copy samples appended to logs/warm_stepup/20260918T224909Z-a543de/query_samples_tpch_idx.csv
Last batch ended at epoch 1789774608.482 (PREV_END_EPOCH for the next invocation)
===== [75/159] queries/tpch/tpch-queries/q07/v2_union_all.sql run_id=20BD35DEA344E61A =====
query_runner configuration:
  QUERY_DIR         = queries/tpch/tpch-queries/q07/v2_union_all.sql
  LOGS_DIR          = logs/warm_stepup/20260918T224909Z-a543de  (query_timing_/query_samples_/query_catalog_tpch_idx.csv)
  DB_NAME / DB_USER = tpch_idx / postgres
  PGPORT            = 5434  (server reports 18.4)
  RUN_ID            = 20BD35DEA344E61A
  WARMUP            = 2 single-copy warm-ups (the first primes the cache)
  BATCH_SIZES       = 1 2 4 8 16  x RUNS=1 measured batches each
  WORKERS           = (planner default)
  STATEMENT_TIMEOUT = 900
  THERMAL_EQUALISE  = gate (T_LO=55 T_HI=60 preheat<=60s cooldown<=120s)
  sensors           = pkg:/sys/class/hwmon/hwmon8/temp1_input cores:4 cpufreq:8 throttle:8/8
  SIGLESS_ADDR      = (disabled)
Found 1 query under queries/tpch/tpch-queries/q07/v2_union_all.sql

[1/1] queries/tpch/tpch-queries/q07/v2_union_all.sql (2 warmup + step-up 1 2 4 8 16 x1)
  thermal gate: waited 2s -> 58.0 C
  warmup 1/2: 7.993462 sec (cache prime)
  warmup 2/2: 0.733407 sec
  N=1   batch 1/1: 0.737383 sec, 1 copy (server sum 677.348 ms)
  N=2   batch 1/1: 1.343474 sec, 2 copies (server sum 1279.095 ms)
  N=4   batch 1/1: 2.596692 sec, 4 copies (server sum 2477.741 ms)
  N=8   batch 1/1: 5.017639 sec, 8 copies (server sum 4880.925 ms)
  N=16  batch 1/1: 9.809673 sec, 16 copies (server sum 9692.887 ms)
  done: 5 sizes x 1 run (0 failures)

Done. Batch rows appended to logs/warm_stepup/20260918T224909Z-a543de/query_timing_tpch_idx.csv
Per-copy samples appended to logs/warm_stepup/20260918T224909Z-a543de/query_samples_tpch_idx.csv
Last batch ended at epoch 1789774642.596 (PREV_END_EPOCH for the next invocation)
===== [76/159] queries/tpch/tpch-queries/q08/v2_filter.sql run_id=5B09BB2E04595B7B =====
query_runner configuration:
  QUERY_DIR         = queries/tpch/tpch-queries/q08/v2_filter.sql
  LOGS_DIR          = logs/warm_stepup/20260918T224909Z-a543de  (query_timing_/query_samples_/query_catalog_tpch_idx.csv)
  DB_NAME / DB_USER = tpch_idx / postgres
  PGPORT            = 5434  (server reports 18.4)
  RUN_ID            = 5B09BB2E04595B7B
  WARMUP            = 2 single-copy warm-ups (the first primes the cache)
  BATCH_SIZES       = 1 2 4 8 16  x RUNS=1 measured batches each
  WORKERS           = (planner default)
  STATEMENT_TIMEOUT = 900
  THERMAL_EQUALISE  = gate (T_LO=55 T_HI=60 preheat<=60s cooldown<=120s)
  sensors           = pkg:/sys/class/hwmon/hwmon8/temp1_input cores:4 cpufreq:8 throttle:8/8
  SIGLESS_ADDR      = (disabled)
Found 1 query under queries/tpch/tpch-queries/q08/v2_filter.sql

[1/1] queries/tpch/tpch-queries/q08/v2_filter.sql (2 warmup + step-up 1 2 4 8 16 x1)
  warmup 1/2: 7.478049 sec (cache prime)
  warmup 2/2: 0.207924 sec
  N=1   batch 1/1: 0.209625 sec, 1 copy (server sum 147.646 ms)
  N=2   batch 1/1: 0.342473 sec, 2 copies (server sum 279.512 ms)
  N=4   batch 1/1: 0.614187 sec, 4 copies (server sum 544.487 ms)
  N=8   batch 1/1: 1.150613 sec, 8 copies (server sum 1068.477 ms)
  N=16  batch 1/1: 2.272629 sec, 16 copies (server sum 2117.219 ms)
  done: 5 sizes x 1 run (0 failures)

Done. Batch rows appended to logs/warm_stepup/20260918T224909Z-a543de/query_timing_tpch_idx.csv
Per-copy samples appended to logs/warm_stepup/20260918T224909Z-a543de/query_samples_tpch_idx.csv
Last batch ended at epoch 1789774659.608 (PREV_END_EPOCH for the next invocation)
===== [77/159] queries/tpch/tpch-queries/q15/v1_materialized.sql run_id=3E34AD37E416AB5D =====
query_runner configuration:
  QUERY_DIR         = queries/tpch/tpch-queries/q15/v1_materialized.sql
  LOGS_DIR          = logs/warm_stepup/20260918T224909Z-a543de  (query_timing_/query_samples_/query_catalog_tpch_idx.csv)
  DB_NAME / DB_USER = tpch_idx / postgres
  PGPORT            = 5434  (server reports 18.4)
  RUN_ID            = 3E34AD37E416AB5D
  WARMUP            = 2 single-copy warm-ups (the first primes the cache)
  BATCH_SIZES       = 1 2 4 8 16  x RUNS=1 measured batches each
  WORKERS           = (planner default)
  STATEMENT_TIMEOUT = 900
  THERMAL_EQUALISE  = gate (T_LO=55 T_HI=60 preheat<=60s cooldown<=120s)
  sensors           = pkg:/sys/class/hwmon/hwmon8/temp1_input cores:4 cpufreq:8 throttle:8/8
  SIGLESS_ADDR      = (disabled)
Found 1 query under queries/tpch/tpch-queries/q15/v1_materialized.sql

[1/1] queries/tpch/tpch-queries/q15/v1_materialized.sql (2 warmup + step-up 1 2 4 8 16 x1)
  warmup 1/2: 2.216146 sec (cache prime)
  warmup 2/2: 0.389379 sec
  N=1   batch 1/1: 0.391427 sec, 1 copy (server sum 334.514 ms)
  N=2   batch 1/1: 0.699196 sec, 2 copies (server sum 603.870 ms)
  N=4   batch 1/1: 1.179994 sec, 4 copies (server sum 1121.225 ms)
  N=8   batch 1/1: 2.266623 sec, 8 copies (server sum 2179.287 ms)
  N=16  batch 1/1: 4.343123 sec, 16 copies (server sum 4259.283 ms)
  done: 5 sizes x 1 run (0 failures)

Done. Batch rows appended to logs/warm_stepup/20260918T224909Z-a543de/query_timing_tpch_idx.csv
Per-copy samples appended to logs/warm_stepup/20260918T224909Z-a543de/query_samples_tpch_idx.csv
Last batch ended at epoch 1789774675.212 (PREV_END_EPOCH for the next invocation)
===== [78/159] queries/tpch/tpch-queries/q06/base.sql run_id=0968C05F36E5A6C6 =====
query_runner configuration:
  QUERY_DIR         = queries/tpch/tpch-queries/q06/base.sql
  LOGS_DIR          = logs/warm_stepup/20260918T224909Z-a543de  (query_timing_/query_samples_/query_catalog_tpch_idx.csv)
  DB_NAME / DB_USER = tpch_idx / postgres
  PGPORT            = 5434  (server reports 18.4)
  RUN_ID            = 0968C05F36E5A6C6
  WARMUP            = 2 single-copy warm-ups (the first primes the cache)
  BATCH_SIZES       = 1 2 4 8 16  x RUNS=1 measured batches each
  WORKERS           = (planner default)
  STATEMENT_TIMEOUT = 900
  THERMAL_EQUALISE  = gate (T_LO=55 T_HI=60 preheat<=60s cooldown<=120s)
  sensors           = pkg:/sys/class/hwmon/hwmon8/temp1_input cores:4 cpufreq:8 throttle:8/8
  SIGLESS_ADDR      = (disabled)
Found 1 query under queries/tpch/tpch-queries/q06/base.sql

[1/1] queries/tpch/tpch-queries/q06/base.sql (2 warmup + step-up 1 2 4 8 16 x1)
  warmup 1/2: 0.344778 sec (cache prime)
  warmup 2/2: 0.133106 sec
  N=1   batch 1/1: 0.145908 sec, 1 copy (server sum 90.515 ms)
  N=2   batch 1/1: 0.207289 sec, 2 copies (server sum 151.688 ms)
  N=4   batch 1/1: 0.362851 sec, 4 copies (server sum 305.575 ms)
  N=8   batch 1/1: 0.690131 sec, 8 copies (server sum 621.973 ms)
  N=16  batch 1/1: 1.359073 sec, 16 copies (server sum 1292.829 ms)
  done: 5 sizes x 1 run (0 failures)

Done. Batch rows appended to logs/warm_stepup/20260918T224909Z-a543de/query_timing_tpch_idx.csv
Per-copy samples appended to logs/warm_stepup/20260918T224909Z-a543de/query_samples_tpch_idx.csv
Last batch ended at epoch 1789774682.545 (PREV_END_EPOCH for the next invocation)
===== [79/159] queries/tpch/tpch-queries/q22/v2_anti_join.sql run_id=CB4C59EC5BE6DE31 =====
query_runner configuration:
  QUERY_DIR         = queries/tpch/tpch-queries/q22/v2_anti_join.sql
  LOGS_DIR          = logs/warm_stepup/20260918T224909Z-a543de  (query_timing_/query_samples_/query_catalog_tpch_idx.csv)
  DB_NAME / DB_USER = tpch_idx / postgres
  PGPORT            = 5434  (server reports 18.4)
  RUN_ID            = CB4C59EC5BE6DE31
  WARMUP            = 2 single-copy warm-ups (the first primes the cache)
  BATCH_SIZES       = 1 2 4 8 16  x RUNS=1 measured batches each
  WORKERS           = (planner default)
  STATEMENT_TIMEOUT = 900
  THERMAL_EQUALISE  = gate (T_LO=55 T_HI=60 preheat<=60s cooldown<=120s)
  sensors           = pkg:/sys/class/hwmon/hwmon8/temp1_input cores:4 cpufreq:8 throttle:8/8
  SIGLESS_ADDR      = (disabled)
Found 1 query under queries/tpch/tpch-queries/q22/v2_anti_join.sql

[1/1] queries/tpch/tpch-queries/q22/v2_anti_join.sql (2 warmup + step-up 1 2 4 8 16 x1)
  warmup 1/2: 0.566763 sec (cache prime)
  warmup 2/2: 0.201785 sec
  N=1   batch 1/1: 0.203370 sec, 1 copy (server sum 147.559 ms)
  N=2   batch 1/1: 0.333713 sec, 2 copies (server sum 276.275 ms)
  N=4   batch 1/1: 0.590464 sec, 4 copies (server sum 531.255 ms)
  N=8   batch 1/1: 1.146251 sec, 8 copies (server sum 1081.745 ms)
  N=16  batch 1/1: 2.291634 sec, 16 copies (server sum 2220.130 ms)
  done: 5 sizes x 1 run (0 failures)

Done. Batch rows appended to logs/warm_stepup/20260918T224909Z-a543de/query_timing_tpch_idx.csv
Per-copy samples appended to logs/warm_stepup/20260918T224909Z-a543de/query_samples_tpch_idx.csv
Last batch ended at epoch 1789774691.829 (PREV_END_EPOCH for the next invocation)
===== [80/159] queries/tpch/tpch-queries/q01/v1_materialized.sql run_id=02F1645E7088B902 =====
query_runner configuration:
  QUERY_DIR         = queries/tpch/tpch-queries/q01/v1_materialized.sql
  LOGS_DIR          = logs/warm_stepup/20260918T224909Z-a543de  (query_timing_/query_samples_/query_catalog_tpch_idx.csv)
  DB_NAME / DB_USER = tpch_idx / postgres
  PGPORT            = 5434  (server reports 18.4)
  RUN_ID            = 02F1645E7088B902
  WARMUP            = 2 single-copy warm-ups (the first primes the cache)
  BATCH_SIZES       = 1 2 4 8 16  x RUNS=1 measured batches each
  WORKERS           = (planner default)
  STATEMENT_TIMEOUT = 900
  THERMAL_EQUALISE  = gate (T_LO=55 T_HI=60 preheat<=60s cooldown<=120s)
  sensors           = pkg:/sys/class/hwmon/hwmon8/temp1_input cores:4 cpufreq:8 throttle:8/8
  SIGLESS_ADDR      = (disabled)
Found 1 query under queries/tpch/tpch-queries/q01/v1_materialized.sql

[1/1] queries/tpch/tpch-queries/q01/v1_materialized.sql (2 warmup + step-up 1 2 4 8 16 x1)
  warmup 1/2: 2.675492 sec (cache prime)
  warmup 2/2: 1.955359 sec
  N=1   batch 1/1: 1.950576 sec, 1 copy (server sum 1892.536 ms)
  N=2   batch 1/1: 3.820564 sec, 2 copies (server sum 3764.447 ms)
  N=4   batch 1/1: 7.614841 sec, 4 copies (server sum 7506.802 ms)
  N=8   batch 1/1: 15.030691 sec, 8 copies (server sum 14968.349 ms)
  N=16  batch 1/1: 30.020871 sec, 16 copies (server sum 29951.607 ms)
  done: 5 sizes x 1 run (0 failures)

Done. Batch rows appended to logs/warm_stepup/20260918T224909Z-a543de/query_timing_tpch_idx.csv
Per-copy samples appended to logs/warm_stepup/20260918T224909Z-a543de/query_samples_tpch_idx.csv
Last batch ended at epoch 1789774759.216 (PREV_END_EPOCH for the next invocation)
===== [81/159] queries/tpch/tpch-queries/q14/v1_materialized.sql run_id=42CE6D035986FF74 =====
query_runner configuration:
  QUERY_DIR         = queries/tpch/tpch-queries/q14/v1_materialized.sql
  LOGS_DIR          = logs/warm_stepup/20260918T224909Z-a543de  (query_timing_/query_samples_/query_catalog_tpch_idx.csv)
  DB_NAME / DB_USER = tpch_idx / postgres
  PGPORT            = 5434  (server reports 18.4)
  RUN_ID            = 42CE6D035986FF74
  WARMUP            = 2 single-copy warm-ups (the first primes the cache)
  BATCH_SIZES       = 1 2 4 8 16  x RUNS=1 measured batches each
  WORKERS           = (planner default)
  STATEMENT_TIMEOUT = 900
  THERMAL_EQUALISE  = gate (T_LO=55 T_HI=60 preheat<=60s cooldown<=120s)
  sensors           = pkg:/sys/class/hwmon/hwmon8/temp1_input cores:4 cpufreq:8 throttle:8/8
  SIGLESS_ADDR      = (disabled)
Found 1 query under queries/tpch/tpch-queries/q14/v1_materialized.sql

[1/1] queries/tpch/tpch-queries/q14/v1_materialized.sql (2 warmup + step-up 1 2 4 8 16 x1)
  thermal gate: waited 10s -> 60.0 C
  warmup 1/2: 1.558091 sec (cache prime)
  warmup 2/2: 0.238507 sec
  N=1   batch 1/1: 0.243393 sec, 1 copy (server sum 187.479 ms)
  N=2   batch 1/1: 0.390791 sec, 2 copies (server sum 333.595 ms)
  N=4   batch 1/1: 0.697177 sec, 4 copies (server sum 638.145 ms)
  N=8   batch 1/1: 1.309413 sec, 8 copies (server sum 1243.954 ms)
  N=16  batch 1/1: 2.505182 sec, 16 copies (server sum 2432.613 ms)
  done: 5 sizes x 1 run (0 failures)

Done. Batch rows appended to logs/warm_stepup/20260918T224909Z-a543de/query_timing_tpch_idx.csv
Per-copy samples appended to logs/warm_stepup/20260918T224909Z-a543de/query_samples_tpch_idx.csv
Last batch ended at epoch 1789774780.543 (PREV_END_EPOCH for the next invocation)
===== [82/159] queries/tpch/tpch-queries/q05/base.sql run_id=1B53168E25FCA778 =====
query_runner configuration:
  QUERY_DIR         = queries/tpch/tpch-queries/q05/base.sql
  LOGS_DIR          = logs/warm_stepup/20260918T224909Z-a543de  (query_timing_/query_samples_/query_catalog_tpch_idx.csv)
  DB_NAME / DB_USER = tpch_idx / postgres
  PGPORT            = 5434  (server reports 18.4)
  RUN_ID            = 1B53168E25FCA778
  WARMUP            = 2 single-copy warm-ups (the first primes the cache)
  BATCH_SIZES       = 1 2 4 8 16  x RUNS=1 measured batches each
  WORKERS           = (planner default)
  STATEMENT_TIMEOUT = 900
  THERMAL_EQUALISE  = gate (T_LO=55 T_HI=60 preheat<=60s cooldown<=120s)
  sensors           = pkg:/sys/class/hwmon/hwmon8/temp1_input cores:4 cpufreq:8 throttle:8/8
  SIGLESS_ADDR      = (disabled)
Found 1 query under queries/tpch/tpch-queries/q05/base.sql

[1/1] queries/tpch/tpch-queries/q05/base.sql (2 warmup + step-up 1 2 4 8 16 x1)
  thermal gate: waited 2s -> 58.0 C
  warmup 1/2: 6.315757 sec (cache prime)
  warmup 2/2: 0.337011 sec
  N=1   batch 1/1: 0.330818 sec, 1 copy (server sum 270.998 ms)
  N=2   batch 1/1: 0.586156 sec, 2 copies (server sum 523.513 ms)
  N=4   batch 1/1: 1.127461 sec, 4 copies (server sum 1026.873 ms)
  N=8   batch 1/1: 2.114796 sec, 8 copies (server sum 2033.815 ms)
  N=16  batch 1/1: 4.149320 sec, 16 copies (server sum 4043.507 ms)
  done: 5 sizes x 1 run (0 failures)

Done. Batch rows appended to logs/warm_stepup/20260918T224909Z-a543de/query_timing_tpch_idx.csv
Per-copy samples appended to logs/warm_stepup/20260918T224909Z-a543de/query_samples_tpch_idx.csv
Last batch ended at epoch 1789774801.495 (PREV_END_EPOCH for the next invocation)
===== [83/159] queries/tpch/tpch-queries/q12/base.sql run_id=B8371AF4ED67F3A8 =====
query_runner configuration:
  QUERY_DIR         = queries/tpch/tpch-queries/q12/base.sql
  LOGS_DIR          = logs/warm_stepup/20260918T224909Z-a543de  (query_timing_/query_samples_/query_catalog_tpch_idx.csv)
  DB_NAME / DB_USER = tpch_idx / postgres
  PGPORT            = 5434  (server reports 18.4)
  RUN_ID            = B8371AF4ED67F3A8
  WARMUP            = 2 single-copy warm-ups (the first primes the cache)
  BATCH_SIZES       = 1 2 4 8 16  x RUNS=1 measured batches each
  WORKERS           = (planner default)
  STATEMENT_TIMEOUT = 900
  THERMAL_EQUALISE  = gate (T_LO=55 T_HI=60 preheat<=60s cooldown<=120s)
  sensors           = pkg:/sys/class/hwmon/hwmon8/temp1_input cores:4 cpufreq:8 throttle:8/8
  SIGLESS_ADDR      = (disabled)
Found 1 query under queries/tpch/tpch-queries/q12/base.sql

[1/1] queries/tpch/tpch-queries/q12/base.sql (2 warmup + step-up 1 2 4 8 16 x1)
  warmup 1/2: 1.768578 sec (cache prime)
  warmup 2/2: 0.455500 sec
  N=1   batch 1/1: 0.446333 sec, 1 copy (server sum 389.404 ms)
  N=2   batch 1/1: 0.796392 sec, 2 copies (server sum 738.672 ms)
  N=4   batch 1/1: 1.549710 sec, 4 copies (server sum 1449.013 ms)
  N=8   batch 1/1: 2.897391 sec, 8 copies (server sum 2833.043 ms)
  N=16  batch 1/1: 5.723018 sec, 16 copies (server sum 5650.022 ms)
  done: 5 sizes x 1 run (0 failures)

Done. Batch rows appended to logs/warm_stepup/20260918T224909Z-a543de/query_timing_tpch_idx.csv
Per-copy samples appended to logs/warm_stepup/20260918T224909Z-a543de/query_samples_tpch_idx.csv
Last batch ended at epoch 1789774819.239 (PREV_END_EPOCH for the next invocation)
===== [84/159] queries/tpch/tpch-queries/q16/v1_materialized.sql run_id=D0B3E8C9E10071BA =====
query_runner configuration:
  QUERY_DIR         = queries/tpch/tpch-queries/q16/v1_materialized.sql
  LOGS_DIR          = logs/warm_stepup/20260918T224909Z-a543de  (query_timing_/query_samples_/query_catalog_tpch_idx.csv)
  DB_NAME / DB_USER = tpch_idx / postgres
  PGPORT            = 5434  (server reports 18.4)
  RUN_ID            = D0B3E8C9E10071BA
  WARMUP            = 2 single-copy warm-ups (the first primes the cache)
  BATCH_SIZES       = 1 2 4 8 16  x RUNS=1 measured batches each
  WORKERS           = (planner default)
  STATEMENT_TIMEOUT = 900
  THERMAL_EQUALISE  = gate (T_LO=55 T_HI=60 preheat<=60s cooldown<=120s)
  sensors           = pkg:/sys/class/hwmon/hwmon8/temp1_input cores:4 cpufreq:8 throttle:8/8
  SIGLESS_ADDR      = (disabled)
Found 1 query under queries/tpch/tpch-queries/q16/v1_materialized.sql

[1/1] queries/tpch/tpch-queries/q16/v1_materialized.sql (2 warmup + step-up 1 2 4 8 16 x1)
  thermal gate: waited 2s -> 58.0 C
  warmup 1/2: 0.655071 sec (cache prime)
  warmup 2/2: 0.383329 sec
  N=1   batch 1/1: 0.409957 sec, 1 copy (server sum 323.282 ms)
  N=2   batch 1/1: 0.701564 sec, 2 copies (server sum 644.003 ms)
  N=4   batch 1/1: 1.329329 sec, 4 copies (server sum 1269.333 ms)
  N=8   batch 1/1: 2.625993 sec, 8 copies (server sum 2561.161 ms)
  N=16  batch 1/1: 5.241679 sec, 16 copies (server sum 5164.121 ms)
  done: 5 sizes x 1 run (0 failures)

Done. Batch rows appended to logs/warm_stepup/20260918T224909Z-a543de/query_timing_tpch_idx.csv
Per-copy samples appended to logs/warm_stepup/20260918T224909Z-a543de/query_samples_tpch_idx.csv
Last batch ended at epoch 1789774837.256 (PREV_END_EPOCH for the next invocation)
===== [85/159] queries/tpch/tpch-queries/q14/v2_filter.sql run_id=9AF9AC77D95CBECB =====
query_runner configuration:
  QUERY_DIR         = queries/tpch/tpch-queries/q14/v2_filter.sql
  LOGS_DIR          = logs/warm_stepup/20260918T224909Z-a543de  (query_timing_/query_samples_/query_catalog_tpch_idx.csv)
  DB_NAME / DB_USER = tpch_idx / postgres
  PGPORT            = 5434  (server reports 18.4)
  RUN_ID            = 9AF9AC77D95CBECB
  WARMUP            = 2 single-copy warm-ups (the first primes the cache)
  BATCH_SIZES       = 1 2 4 8 16  x RUNS=1 measured batches each
  WORKERS           = (planner default)
  STATEMENT_TIMEOUT = 900
  THERMAL_EQUALISE  = gate (T_LO=55 T_HI=60 preheat<=60s cooldown<=120s)
  sensors           = pkg:/sys/class/hwmon/hwmon8/temp1_input cores:4 cpufreq:8 throttle:8/8
  SIGLESS_ADDR      = (disabled)
Found 1 query under queries/tpch/tpch-queries/q14/v2_filter.sql

[1/1] queries/tpch/tpch-queries/q14/v2_filter.sql (2 warmup + step-up 1 2 4 8 16 x1)
  warmup 1/2: 1.545955 sec (cache prime)
  warmup 2/2: 0.239347 sec
  N=1   batch 1/1: 0.237386 sec, 1 copy (server sum 181.023 ms)
  N=2   batch 1/1: 0.398832 sec, 2 copies (server sum 341.331 ms)
  N=4   batch 1/1: 0.733564 sec, 4 copies (server sum 628.503 ms)
  N=8   batch 1/1: 1.291638 sec, 8 copies (server sum 1227.849 ms)
  N=16  batch 1/1: 2.506633 sec, 16 copies (server sum 2429.089 ms)
  done: 5 sizes x 1 run (0 failures)

Done. Batch rows appended to logs/warm_stepup/20260918T224909Z-a543de/query_timing_tpch_idx.csv
Per-copy samples appended to logs/warm_stepup/20260918T224909Z-a543de/query_samples_tpch_idx.csv
Last batch ended at epoch 1789774848.053 (PREV_END_EPOCH for the next invocation)
===== [86/159] queries/tpch/tpch-queries/q04/v1_materialized.sql run_id=805D446D7A24551F =====
query_runner configuration:
  QUERY_DIR         = queries/tpch/tpch-queries/q04/v1_materialized.sql
  LOGS_DIR          = logs/warm_stepup/20260918T224909Z-a543de  (query_timing_/query_samples_/query_catalog_tpch_idx.csv)
  DB_NAME / DB_USER = tpch_idx / postgres
  PGPORT            = 5434  (server reports 18.4)
  RUN_ID            = 805D446D7A24551F
  WARMUP            = 2 single-copy warm-ups (the first primes the cache)
  BATCH_SIZES       = 1 2 4 8 16  x RUNS=1 measured batches each
  WORKERS           = (planner default)
  STATEMENT_TIMEOUT = 900
  THERMAL_EQUALISE  = gate (T_LO=55 T_HI=60 preheat<=60s cooldown<=120s)
  sensors           = pkg:/sys/class/hwmon/hwmon8/temp1_input cores:4 cpufreq:8 throttle:8/8
  SIGLESS_ADDR      = (disabled)
Found 1 query under queries/tpch/tpch-queries/q04/v1_materialized.sql

[1/1] queries/tpch/tpch-queries/q04/v1_materialized.sql (2 warmup + step-up 1 2 4 8 16 x1)
  warmup 1/2: 1.841103 sec (cache prime)
  warmup 2/2: 0.183871 sec
  N=1   batch 1/1: 0.213026 sec, 1 copy (server sum 126.863 ms)
  N=2   batch 1/1: 0.297662 sec, 2 copies (server sum 238.893 ms)
  N=4   batch 1/1: 0.527729 sec, 4 copies (server sum 469.012 ms)
  N=8   batch 1/1: 0.972653 sec, 8 copies (server sum 907.418 ms)
  N=16  batch 1/1: 1.891998 sec, 16 copies (server sum 1803.537 ms)
  done: 5 sizes x 1 run (0 failures)

Done. Batch rows appended to logs/warm_stepup/20260918T224909Z-a543de/query_timing_tpch_idx.csv
Per-copy samples appended to logs/warm_stepup/20260918T224909Z-a543de/query_samples_tpch_idx.csv
Last batch ended at epoch 1789774858.160 (PREV_END_EPOCH for the next invocation)
===== [87/159] queries/tpch/tpch-queries/q11/base.sql run_id=E8EF918BB36E532F =====
query_runner configuration:
  QUERY_DIR         = queries/tpch/tpch-queries/q11/base.sql
  LOGS_DIR          = logs/warm_stepup/20260918T224909Z-a543de  (query_timing_/query_samples_/query_catalog_tpch_idx.csv)
  DB_NAME / DB_USER = tpch_idx / postgres
  PGPORT            = 5434  (server reports 18.4)
  RUN_ID            = E8EF918BB36E532F
  WARMUP            = 2 single-copy warm-ups (the first primes the cache)
  BATCH_SIZES       = 1 2 4 8 16  x RUNS=1 measured batches each
  WORKERS           = (planner default)
  STATEMENT_TIMEOUT = 900
  THERMAL_EQUALISE  = gate (T_LO=55 T_HI=60 preheat<=60s cooldown<=120s)
  sensors           = pkg:/sys/class/hwmon/hwmon8/temp1_input cores:4 cpufreq:8 throttle:8/8
  SIGLESS_ADDR      = (disabled)
Found 1 query under queries/tpch/tpch-queries/q11/base.sql

[1/1] queries/tpch/tpch-queries/q11/base.sql (2 warmup + step-up 1 2 4 8 16 x1)
  warmup 1/2: 1.577500 sec (cache prime)
  warmup 2/2: 0.159153 sec
  N=1   batch 1/1: 0.161307 sec, 1 copy (server sum 99.818 ms)
  N=2   batch 1/1: 0.245575 sec, 2 copies (server sum 187.247 ms)
  N=4   batch 1/1: 0.427838 sec, 4 copies (server sum 364.791 ms)
  N=8   batch 1/1: 0.787910 sec, 8 copies (server sum 716.463 ms)
  N=16  batch 1/1: 1.522084 sec, 16 copies (server sum 1400.724 ms)
  done: 5 sizes x 1 run (0 failures)

Done. Batch rows appended to logs/warm_stepup/20260918T224909Z-a543de/query_timing_tpch_idx.csv
Per-copy samples appended to logs/warm_stepup/20260918T224909Z-a543de/query_samples_tpch_idx.csv
Last batch ended at epoch 1789774867.248 (PREV_END_EPOCH for the next invocation)
===== [88/159] queries/tpch/tpch-queries/q08/base.sql run_id=FE2C275D7E69D99B =====
query_runner configuration:
  QUERY_DIR         = queries/tpch/tpch-queries/q08/base.sql
  LOGS_DIR          = logs/warm_stepup/20260918T224909Z-a543de  (query_timing_/query_samples_/query_catalog_tpch_idx.csv)
  DB_NAME / DB_USER = tpch_idx / postgres
  PGPORT            = 5434  (server reports 18.4)
  RUN_ID            = FE2C275D7E69D99B
  WARMUP            = 2 single-copy warm-ups (the first primes the cache)
  BATCH_SIZES       = 1 2 4 8 16  x RUNS=1 measured batches each
  WORKERS           = (planner default)
  STATEMENT_TIMEOUT = 900
  THERMAL_EQUALISE  = gate (T_LO=55 T_HI=60 preheat<=60s cooldown<=120s)
  sensors           = pkg:/sys/class/hwmon/hwmon8/temp1_input cores:4 cpufreq:8 throttle:8/8
  SIGLESS_ADDR      = (disabled)
Found 1 query under queries/tpch/tpch-queries/q08/base.sql

[1/1] queries/tpch/tpch-queries/q08/base.sql (2 warmup + step-up 1 2 4 8 16 x1)
  warmup 1/2: 5.851407 sec (cache prime)
  warmup 2/2: 0.210615 sec
  N=1   batch 1/1: 0.208456 sec, 1 copy (server sum 147.925 ms)
  N=2   batch 1/1: 0.348931 sec, 2 copies (server sum 285.820 ms)
  N=4   batch 1/1: 0.619026 sec, 4 copies (server sum 549.148 ms)
  N=8   batch 1/1: 1.161232 sec, 8 copies (server sum 1077.902 ms)
  N=16  batch 1/1: 2.247657 sec, 16 copies (server sum 2131.167 ms)
  done: 5 sizes x 1 run (0 failures)

Done. Batch rows appended to logs/warm_stepup/20260918T224909Z-a543de/query_timing_tpch_idx.csv
Per-copy samples appended to logs/warm_stepup/20260918T224909Z-a543de/query_samples_tpch_idx.csv
Last batch ended at epoch 1789774882.196 (PREV_END_EPOCH for the next invocation)
===== [89/159] queries/tpch/tpch-queries/q13/base.sql run_id=F54F7CB3109B3ADC =====
query_runner configuration:
  QUERY_DIR         = queries/tpch/tpch-queries/q13/base.sql
  LOGS_DIR          = logs/warm_stepup/20260918T224909Z-a543de  (query_timing_/query_samples_/query_catalog_tpch_idx.csv)
  DB_NAME / DB_USER = tpch_idx / postgres
  PGPORT            = 5434  (server reports 18.4)
  RUN_ID            = F54F7CB3109B3ADC
  WARMUP            = 2 single-copy warm-ups (the first primes the cache)
  BATCH_SIZES       = 1 2 4 8 16  x RUNS=1 measured batches each
  WORKERS           = (planner default)
  STATEMENT_TIMEOUT = 900
  THERMAL_EQUALISE  = gate (T_LO=55 T_HI=60 preheat<=60s cooldown<=120s)
  sensors           = pkg:/sys/class/hwmon/hwmon8/temp1_input cores:4 cpufreq:8 throttle:8/8
  SIGLESS_ADDR      = (disabled)
Found 1 query under queries/tpch/tpch-queries/q13/base.sql

[1/1] queries/tpch/tpch-queries/q13/base.sql (2 warmup + step-up 1 2 4 8 16 x1)
  warmup 1/2: 1.958112 sec (cache prime)
  warmup 2/2: 1.638833 sec
  N=1   batch 1/1: 1.636807 sec, 1 copy (server sum 1581.139 ms)
  N=2   batch 1/1: 3.191093 sec, 2 copies (server sum 3132.981 ms)
  N=4   batch 1/1: 6.334755 sec, 4 copies (server sum 6244.291 ms)
  N=8   batch 1/1: 12.544390 sec, 8 copies (server sum 12474.869 ms)
  N=16  batch 1/1: 25.034029 sec, 16 copies (server sum 24950.091 ms)
  done: 5 sizes x 1 run (0 failures)

Done. Batch rows appended to logs/warm_stepup/20260918T224909Z-a543de/query_timing_tpch_idx.csv
Per-copy samples appended to logs/warm_stepup/20260918T224909Z-a543de/query_samples_tpch_idx.csv
Last batch ended at epoch 1789774938.636 (PREV_END_EPOCH for the next invocation)
===== [90/159] queries/tpch/tpch-queries/q17/v2_decorrelate.sql run_id=A506390D7EF9FFB5 =====
query_runner configuration:
  QUERY_DIR         = queries/tpch/tpch-queries/q17/v2_decorrelate.sql
  LOGS_DIR          = logs/warm_stepup/20260918T224909Z-a543de  (query_timing_/query_samples_/query_catalog_tpch_idx.csv)
  DB_NAME / DB_USER = tpch_idx / postgres
  PGPORT            = 5434  (server reports 18.4)
  RUN_ID            = A506390D7EF9FFB5
  WARMUP            = 2 single-copy warm-ups (the first primes the cache)
  BATCH_SIZES       = 1 2 4 8 16  x RUNS=1 measured batches each
  WORKERS           = (planner default)
  STATEMENT_TIMEOUT = 900
  THERMAL_EQUALISE  = gate (T_LO=55 T_HI=60 preheat<=60s cooldown<=120s)
  sensors           = pkg:/sys/class/hwmon/hwmon8/temp1_input cores:4 cpufreq:8 throttle:8/8
  SIGLESS_ADDR      = (disabled)
Found 1 query under queries/tpch/tpch-queries/q17/v2_decorrelate.sql

[1/1] queries/tpch/tpch-queries/q17/v2_decorrelate.sql (2 warmup + step-up 1 2 4 8 16 x1)
  warmup 1/2: 4.469969 sec (cache prime)
  warmup 2/2: 3.892894 sec
  N=1   batch 1/1: 3.890171 sec, 1 copy (server sum 3834.174 ms)
  N=2   batch 1/1: 7.605113 sec, 2 copies (server sum 7547.529 ms)
  N=4   batch 1/1: 15.177466 sec, 4 copies (server sum 15086.093 ms)
  N=8   batch 1/1: 29.883469 sec, 8 copies (server sum 29799.039 ms)
  N=16  batch 1/1: 59.709419 sec, 16 copies (server sum 59600.263 ms)
  done: 5 sizes x 1 run (0 failures)

Done. Batch rows appended to logs/warm_stepup/20260918T224909Z-a543de/query_timing_tpch_idx.csv
Per-copy samples appended to logs/warm_stepup/20260918T224909Z-a543de/query_samples_tpch_idx.csv
Last batch ended at epoch 1789775067.210 (PREV_END_EPOCH for the next invocation)
===== [91/159] queries/tpch/tpch-queries/q04/v2_in.sql run_id=6F6B6B61F2A22A6A =====
query_runner configuration:
  QUERY_DIR         = queries/tpch/tpch-queries/q04/v2_in.sql
  LOGS_DIR          = logs/warm_stepup/20260918T224909Z-a543de  (query_timing_/query_samples_/query_catalog_tpch_idx.csv)
  DB_NAME / DB_USER = tpch_idx / postgres
  PGPORT            = 5434  (server reports 18.4)
  RUN_ID            = 6F6B6B61F2A22A6A
  WARMUP            = 2 single-copy warm-ups (the first primes the cache)
  BATCH_SIZES       = 1 2 4 8 16  x RUNS=1 measured batches each
  WORKERS           = (planner default)
  STATEMENT_TIMEOUT = 900
  THERMAL_EQUALISE  = gate (T_LO=55 T_HI=60 preheat<=60s cooldown<=120s)
  sensors           = pkg:/sys/class/hwmon/hwmon8/temp1_input cores:4 cpufreq:8 throttle:8/8
  SIGLESS_ADDR      = (disabled)
Found 1 query under queries/tpch/tpch-queries/q04/v2_in.sql

[1/1] queries/tpch/tpch-queries/q04/v2_in.sql (2 warmup + step-up 1 2 4 8 16 x1)
  thermal gate: pre-heated 5s -> 60.0 C
  warmup 1/2: 1.814747 sec (cache prime)
  warmup 2/2: 0.182985 sec
  N=1   batch 1/1: 0.211837 sec, 1 copy (server sum 126.384 ms)
  N=2   batch 1/1: 0.343506 sec, 2 copies (server sum 237.468 ms)
  N=4   batch 1/1: 0.518643 sec, 4 copies (server sum 459.769 ms)
  N=8   batch 1/1: 0.965712 sec, 8 copies (server sum 901.223 ms)
  N=16  batch 1/1: 1.881536 sec, 16 copies (server sum 1798.456 ms)
  done: 5 sizes x 1 run (0 failures)

Done. Batch rows appended to logs/warm_stepup/20260918T224909Z-a543de/query_timing_tpch_idx.csv
Per-copy samples appended to logs/warm_stepup/20260918T224909Z-a543de/query_samples_tpch_idx.csv
Last batch ended at epoch 1789775082.496 (PREV_END_EPOCH for the next invocation)
===== [92/159] queries/tpch/tpch-queries/q10/v1_materialized.sql run_id=490CF09F82D7CDDE =====
query_runner configuration:
  QUERY_DIR         = queries/tpch/tpch-queries/q10/v1_materialized.sql
  LOGS_DIR          = logs/warm_stepup/20260918T224909Z-a543de  (query_timing_/query_samples_/query_catalog_tpch_idx.csv)
  DB_NAME / DB_USER = tpch_idx / postgres
  PGPORT            = 5434  (server reports 18.4)
  RUN_ID            = 490CF09F82D7CDDE
  WARMUP            = 2 single-copy warm-ups (the first primes the cache)
  BATCH_SIZES       = 1 2 4 8 16  x RUNS=1 measured batches each
  WORKERS           = (planner default)
  STATEMENT_TIMEOUT = 900
  THERMAL_EQUALISE  = gate (T_LO=55 T_HI=60 preheat<=60s cooldown<=120s)
  sensors           = pkg:/sys/class/hwmon/hwmon8/temp1_input cores:4 cpufreq:8 throttle:8/8
  SIGLESS_ADDR      = (disabled)
Found 1 query under queries/tpch/tpch-queries/q10/v1_materialized.sql

[1/1] queries/tpch/tpch-queries/q10/v1_materialized.sql (2 warmup + step-up 1 2 4 8 16 x1)
  warmup 1/2: 2.594701 sec (cache prime)
  warmup 2/2: 0.484252 sec
  N=1   batch 1/1: 0.482581 sec, 1 copy (server sum 425.139 ms)
  N=2   batch 1/1: 0.865867 sec, 2 copies (server sum 806.688 ms)
  N=4   batch 1/1: 1.624382 sec, 4 copies (server sum 1560.858 ms)
  N=8   batch 1/1: 3.155900 sec, 8 copies (server sum 3081.854 ms)
  N=16  batch 1/1: 6.263440 sec, 16 copies (server sum 6173.487 ms)
  done: 5 sizes x 1 run (0 failures)

Done. Batch rows appended to logs/warm_stepup/20260918T224909Z-a543de/query_timing_tpch_idx.csv
Per-copy samples appended to logs/warm_stepup/20260918T224909Z-a543de/query_samples_tpch_idx.csv
Last batch ended at epoch 1789775102.398 (PREV_END_EPOCH for the next invocation)
===== [93/159] queries/tpch/tpch-queries/q01/base.sql run_id=B426CFFC4A497B85 =====
query_runner configuration:
  QUERY_DIR         = queries/tpch/tpch-queries/q01/base.sql
  LOGS_DIR          = logs/warm_stepup/20260918T224909Z-a543de  (query_timing_/query_samples_/query_catalog_tpch_idx.csv)
  DB_NAME / DB_USER = tpch_idx / postgres
  PGPORT            = 5434  (server reports 18.4)
  RUN_ID            = B426CFFC4A497B85
  WARMUP            = 2 single-copy warm-ups (the first primes the cache)
  BATCH_SIZES       = 1 2 4 8 16  x RUNS=1 measured batches each
  WORKERS           = (planner default)
  STATEMENT_TIMEOUT = 900
  THERMAL_EQUALISE  = gate (T_LO=55 T_HI=60 preheat<=60s cooldown<=120s)
  sensors           = pkg:/sys/class/hwmon/hwmon8/temp1_input cores:4 cpufreq:8 throttle:8/8
  SIGLESS_ADDR      = (disabled)
Found 1 query under queries/tpch/tpch-queries/q01/base.sql

[1/1] queries/tpch/tpch-queries/q01/base.sql (2 warmup + step-up 1 2 4 8 16 x1)
  warmup 1/2: 2.663087 sec (cache prime)
  warmup 2/2: 1.954161 sec
  N=1   batch 1/1: 1.953695 sec, 1 copy (server sum 1897.714 ms)
  N=2   batch 1/1: 3.890223 sec, 2 copies (server sum 3781.355 ms)
  N=4   batch 1/1: 7.586491 sec, 4 copies (server sum 7527.761 ms)
  N=8   batch 1/1: 15.074344 sec, 8 copies (server sum 14992.247 ms)
  N=16  batch 1/1: 30.059604 sec, 16 copies (server sum 29989.418 ms)
  done: 5 sizes x 1 run (0 failures)

Done. Batch rows appended to logs/warm_stepup/20260918T224909Z-a543de/query_timing_tpch_idx.csv
Per-copy samples appended to logs/warm_stepup/20260918T224909Z-a543de/query_samples_tpch_idx.csv
Last batch ended at epoch 1789775170.005 (PREV_END_EPOCH for the next invocation)
===== [94/159] queries/tpch/tpch-queries/q13/v2_correlated.sql run_id=B867E0A2A88ECDA8 =====
query_runner configuration:
  QUERY_DIR         = queries/tpch/tpch-queries/q13/v2_correlated.sql
  LOGS_DIR          = logs/warm_stepup/20260918T224909Z-a543de  (query_timing_/query_samples_/query_catalog_tpch_idx.csv)
  DB_NAME / DB_USER = tpch_idx / postgres
  PGPORT            = 5434  (server reports 18.4)
  RUN_ID            = B867E0A2A88ECDA8
  WARMUP            = 2 single-copy warm-ups (the first primes the cache)
  BATCH_SIZES       = 1 2 4 8 16  x RUNS=1 measured batches each
  WORKERS           = (planner default)
  STATEMENT_TIMEOUT = 900
  THERMAL_EQUALISE  = gate (T_LO=55 T_HI=60 preheat<=60s cooldown<=120s)
  sensors           = pkg:/sys/class/hwmon/hwmon8/temp1_input cores:4 cpufreq:8 throttle:8/8
  SIGLESS_ADDR      = (disabled)
Found 1 query under queries/tpch/tpch-queries/q13/v2_correlated.sql

[1/1] queries/tpch/tpch-queries/q13/v2_correlated.sql (2 warmup + step-up 1 2 4 8 16 x1)
  thermal gate: waited 6s -> 60.0 C
  warmup 1/2: 5.241364 sec (cache prime)
  warmup 2/2: 2.676076 sec
  N=1   batch 1/1: 2.667683 sec, 1 copy (server sum 2611.991 ms)
  N=2   batch 1/1: 5.227591 sec, 2 copies (server sum 5129.553 ms)
  N=4   batch 1/1: 10.233669 sec, 4 copies (server sum 10175.689 ms)
  N=8   batch 1/1: 20.398355 sec, 8 copies (server sum 20337.117 ms)
  N=16  batch 1/1: 40.245510 sec, 16 copies (server sum 40124.335 ms)
  done: 5 sizes x 1 run (0 failures)

Done. Batch rows appended to logs/warm_stepup/20260918T224909Z-a543de/query_timing_tpch_idx.csv
Per-copy samples appended to logs/warm_stepup/20260918T224909Z-a543de/query_samples_tpch_idx.csv
Last batch ended at epoch 1789775267.515 (PREV_END_EPOCH for the next invocation)
===== [95/159] queries/tpch/tpch-queries/q04/v2_in.sql run_id=F15F0C0B131C88E2 =====
query_runner configuration:
  QUERY_DIR         = queries/tpch/tpch-queries/q04/v2_in.sql
  LOGS_DIR          = logs/warm_stepup/20260918T224909Z-a543de  (query_timing_/query_samples_/query_catalog_tpch_idx.csv)
  DB_NAME / DB_USER = tpch_idx / postgres
  PGPORT            = 5434  (server reports 18.4)
  RUN_ID            = F15F0C0B131C88E2
  WARMUP            = 2 single-copy warm-ups (the first primes the cache)
  BATCH_SIZES       = 1 2 4 8 16  x RUNS=1 measured batches each
  WORKERS           = (planner default)
  STATEMENT_TIMEOUT = 900
  THERMAL_EQUALISE  = gate (T_LO=55 T_HI=60 preheat<=60s cooldown<=120s)
  sensors           = pkg:/sys/class/hwmon/hwmon8/temp1_input cores:4 cpufreq:8 throttle:8/8
  SIGLESS_ADDR      = (disabled)
Found 1 query under queries/tpch/tpch-queries/q04/v2_in.sql

[1/1] queries/tpch/tpch-queries/q04/v2_in.sql (2 warmup + step-up 1 2 4 8 16 x1)
  thermal gate: pre-heated 5s -> 61.0 C
  warmup 1/2: 1.862173 sec (cache prime)
  warmup 2/2: 0.183577 sec
  N=1   batch 1/1: 0.212197 sec, 1 copy (server sum 125.746 ms)
  N=2   batch 1/1: 0.346805 sec, 2 copies (server sum 238.286 ms)
  N=4   batch 1/1: 0.526346 sec, 4 copies (server sum 467.109 ms)
  N=8   batch 1/1: 0.967858 sec, 8 copies (server sum 905.515 ms)
  N=16  batch 1/1: 1.901682 sec, 16 copies (server sum 1816.635 ms)
  done: 5 sizes x 1 run (0 failures)

Done. Batch rows appended to logs/warm_stepup/20260918T224909Z-a543de/query_timing_tpch_idx.csv
Per-copy samples appended to logs/warm_stepup/20260918T224909Z-a543de/query_samples_tpch_idx.csv
Last batch ended at epoch 1789775282.593 (PREV_END_EPOCH for the next invocation)
===== [96/159] queries/tpch/tpch-queries/q16/v1_materialized.sql run_id=68F27B74ACF431D1 =====
query_runner configuration:
  QUERY_DIR         = queries/tpch/tpch-queries/q16/v1_materialized.sql
  LOGS_DIR          = logs/warm_stepup/20260918T224909Z-a543de  (query_timing_/query_samples_/query_catalog_tpch_idx.csv)
  DB_NAME / DB_USER = tpch_idx / postgres
  PGPORT            = 5434  (server reports 18.4)
  RUN_ID            = 68F27B74ACF431D1
  WARMUP            = 2 single-copy warm-ups (the first primes the cache)
  BATCH_SIZES       = 1 2 4 8 16  x RUNS=1 measured batches each
  WORKERS           = (planner default)
  STATEMENT_TIMEOUT = 900
  THERMAL_EQUALISE  = gate (T_LO=55 T_HI=60 preheat<=60s cooldown<=120s)
  sensors           = pkg:/sys/class/hwmon/hwmon8/temp1_input cores:4 cpufreq:8 throttle:8/8
  SIGLESS_ADDR      = (disabled)
Found 1 query under queries/tpch/tpch-queries/q16/v1_materialized.sql

[1/1] queries/tpch/tpch-queries/q16/v1_materialized.sql (2 warmup + step-up 1 2 4 8 16 x1)
  warmup 1/2: 0.651535 sec (cache prime)
  warmup 2/2: 0.372746 sec
  N=1   batch 1/1: 0.393349 sec, 1 copy (server sum 317.952 ms)
  N=2   batch 1/1: 0.740684 sec, 2 copies (server sum 643.405 ms)
  N=4   batch 1/1: 1.337477 sec, 4 copies (server sum 1277.655 ms)
  N=8   batch 1/1: 2.595831 sec, 8 copies (server sum 2531.521 ms)
  N=16  batch 1/1: 5.300828 sec, 16 copies (server sum 5140.043 ms)
  done: 5 sizes x 1 run (0 failures)

Done. Batch rows appended to logs/warm_stepup/20260918T224909Z-a543de/query_timing_tpch_idx.csv
Per-copy samples appended to logs/warm_stepup/20260918T224909Z-a543de/query_samples_tpch_idx.csv
Last batch ended at epoch 1789775298.070 (PREV_END_EPOCH for the next invocation)
===== [97/159] queries/tpch/tpch-queries/q11/v2_cte_threshold.sql run_id=9FF044C83B9A2503 =====
query_runner configuration:
  QUERY_DIR         = queries/tpch/tpch-queries/q11/v2_cte_threshold.sql
  LOGS_DIR          = logs/warm_stepup/20260918T224909Z-a543de  (query_timing_/query_samples_/query_catalog_tpch_idx.csv)
  DB_NAME / DB_USER = tpch_idx / postgres
  PGPORT            = 5434  (server reports 18.4)
  RUN_ID            = 9FF044C83B9A2503
  WARMUP            = 2 single-copy warm-ups (the first primes the cache)
  BATCH_SIZES       = 1 2 4 8 16  x RUNS=1 measured batches each
  WORKERS           = (planner default)
  STATEMENT_TIMEOUT = 900
  THERMAL_EQUALISE  = gate (T_LO=55 T_HI=60 preheat<=60s cooldown<=120s)
  sensors           = pkg:/sys/class/hwmon/hwmon8/temp1_input cores:4 cpufreq:8 throttle:8/8
  SIGLESS_ADDR      = (disabled)
Found 1 query under queries/tpch/tpch-queries/q11/v2_cte_threshold.sql

[1/1] queries/tpch/tpch-queries/q11/v2_cte_threshold.sql (2 warmup + step-up 1 2 4 8 16 x1)
  warmup 1/2: 1.646852 sec (cache prime)
  warmup 2/2: 0.158733 sec
  N=1   batch 1/1: 0.161545 sec, 1 copy (server sum 99.973 ms)
  N=2   batch 1/1: 0.248801 sec, 2 copies (server sum 190.249 ms)
  N=4   batch 1/1: 0.428681 sec, 4 copies (server sum 366.165 ms)
  N=8   batch 1/1: 0.785248 sec, 8 copies (server sum 713.561 ms)
  N=16  batch 1/1: 1.533564 sec, 16 copies (server sum 1415.350 ms)
  done: 5 sizes x 1 run (0 failures)

Done. Batch rows appended to logs/warm_stepup/20260918T224909Z-a543de/query_timing_tpch_idx.csv
Per-copy samples appended to logs/warm_stepup/20260918T224909Z-a543de/query_samples_tpch_idx.csv
Last batch ended at epoch 1789775307.016 (PREV_END_EPOCH for the next invocation)
===== [98/159] queries/tpch/tpch-queries/q22/base.sql run_id=E3B94DC32DFA110E =====
query_runner configuration:
  QUERY_DIR         = queries/tpch/tpch-queries/q22/base.sql
  LOGS_DIR          = logs/warm_stepup/20260918T224909Z-a543de  (query_timing_/query_samples_/query_catalog_tpch_idx.csv)
  DB_NAME / DB_USER = tpch_idx / postgres
  PGPORT            = 5434  (server reports 18.4)
  RUN_ID            = E3B94DC32DFA110E
  WARMUP            = 2 single-copy warm-ups (the first primes the cache)
  BATCH_SIZES       = 1 2 4 8 16  x RUNS=1 measured batches each
  WORKERS           = (planner default)
  STATEMENT_TIMEOUT = 900
  THERMAL_EQUALISE  = gate (T_LO=55 T_HI=60 preheat<=60s cooldown<=120s)
  sensors           = pkg:/sys/class/hwmon/hwmon8/temp1_input cores:4 cpufreq:8 throttle:8/8
  SIGLESS_ADDR      = (disabled)
Found 1 query under queries/tpch/tpch-queries/q22/base.sql

[1/1] queries/tpch/tpch-queries/q22/base.sql (2 warmup + step-up 1 2 4 8 16 x1)
  warmup 1/2: 0.355789 sec (cache prime)
  warmup 2/2: 0.138151 sec
  N=1   batch 1/1: 0.147821 sec, 1 copy (server sum 92.035 ms)
  N=2   batch 1/1: 0.214688 sec, 2 copies (server sum 157.161 ms)
  N=4   batch 1/1: 0.356490 sec, 4 copies (server sum 297.135 ms)
  N=8   batch 1/1: 0.653766 sec, 8 copies (server sum 585.886 ms)
  N=16  batch 1/1: 1.244552 sec, 16 copies (server sum 1172.164 ms)
  done: 5 sizes x 1 run (0 failures)

Done. Batch rows appended to logs/warm_stepup/20260918T224909Z-a543de/query_timing_tpch_idx.csv
Per-copy samples appended to logs/warm_stepup/20260918T224909Z-a543de/query_samples_tpch_idx.csv
Last batch ended at epoch 1789775314.101 (PREV_END_EPOCH for the next invocation)
===== [99/159] queries/tpch/tpch-queries/q22/v1_materialized.sql run_id=D19A193DD3BBFB05 =====
query_runner configuration:
  QUERY_DIR         = queries/tpch/tpch-queries/q22/v1_materialized.sql
  LOGS_DIR          = logs/warm_stepup/20260918T224909Z-a543de  (query_timing_/query_samples_/query_catalog_tpch_idx.csv)
  DB_NAME / DB_USER = tpch_idx / postgres
  PGPORT            = 5434  (server reports 18.4)
  RUN_ID            = D19A193DD3BBFB05
  WARMUP            = 2 single-copy warm-ups (the first primes the cache)
  BATCH_SIZES       = 1 2 4 8 16  x RUNS=1 measured batches each
  WORKERS           = (planner default)
  STATEMENT_TIMEOUT = 900
  THERMAL_EQUALISE  = gate (T_LO=55 T_HI=60 preheat<=60s cooldown<=120s)
  sensors           = pkg:/sys/class/hwmon/hwmon8/temp1_input cores:4 cpufreq:8 throttle:8/8
  SIGLESS_ADDR      = (disabled)
Found 1 query under queries/tpch/tpch-queries/q22/v1_materialized.sql

[1/1] queries/tpch/tpch-queries/q22/v1_materialized.sql (2 warmup + step-up 1 2 4 8 16 x1)
  warmup 1/2: 0.344094 sec (cache prime)
  warmup 2/2: 0.140613 sec
  N=1   batch 1/1: 0.138349 sec, 1 copy (server sum 81.983 ms)
  N=2   batch 1/1: 0.211612 sec, 2 copies (server sum 154.045 ms)
  N=4   batch 1/1: 0.358236 sec, 4 copies (server sum 297.984 ms)
  N=8   batch 1/1: 0.681575 sec, 8 copies (server sum 613.093 ms)
  N=16  batch 1/1: 1.233914 sec, 16 copies (server sum 1160.815 ms)
  done: 5 sizes x 1 run (0 failures)

Done. Batch rows appended to logs/warm_stepup/20260918T224909Z-a543de/query_timing_tpch_idx.csv
Per-copy samples appended to logs/warm_stepup/20260918T224909Z-a543de/query_samples_tpch_idx.csv
Last batch ended at epoch 1789775321.158 (PREV_END_EPOCH for the next invocation)
===== [100/159] queries/tpch/tpch-queries/q04/v1_materialized.sql run_id=45F2469B78ACC02B =====
query_runner configuration:
  QUERY_DIR         = queries/tpch/tpch-queries/q04/v1_materialized.sql
  LOGS_DIR          = logs/warm_stepup/20260918T224909Z-a543de  (query_timing_/query_samples_/query_catalog_tpch_idx.csv)
  DB_NAME / DB_USER = tpch_idx / postgres
  PGPORT            = 5434  (server reports 18.4)
  RUN_ID            = 45F2469B78ACC02B
  WARMUP            = 2 single-copy warm-ups (the first primes the cache)
  BATCH_SIZES       = 1 2 4 8 16  x RUNS=1 measured batches each
  WORKERS           = (planner default)
  STATEMENT_TIMEOUT = 900
  THERMAL_EQUALISE  = gate (T_LO=55 T_HI=60 preheat<=60s cooldown<=120s)
  sensors           = pkg:/sys/class/hwmon/hwmon8/temp1_input cores:4 cpufreq:8 throttle:8/8
  SIGLESS_ADDR      = (disabled)
Found 1 query under queries/tpch/tpch-queries/q04/v1_materialized.sql

[1/1] queries/tpch/tpch-queries/q04/v1_materialized.sql (2 warmup + step-up 1 2 4 8 16 x1)
  warmup 1/2: 1.826721 sec (cache prime)
  warmup 2/2: 0.188528 sec
  N=1   batch 1/1: 0.181528 sec, 1 copy (server sum 125.571 ms)
  N=2   batch 1/1: 0.373400 sec, 2 copies (server sum 237.343 ms)
  N=4   batch 1/1: 0.541530 sec, 4 copies (server sum 462.076 ms)
  N=8   batch 1/1: 0.967191 sec, 8 copies (server sum 902.367 ms)
  N=16  batch 1/1: 1.876324 sec, 16 copies (server sum 1789.728 ms)
  done: 5 sizes x 1 run (0 failures)

Done. Batch rows appended to logs/warm_stepup/20260918T224909Z-a543de/query_timing_tpch_idx.csv
Per-copy samples appended to logs/warm_stepup/20260918T224909Z-a543de/query_samples_tpch_idx.csv
Last batch ended at epoch 1789775330.936 (PREV_END_EPOCH for the next invocation)
===== [101/159] queries/tpch/tpch-queries/q02/v1_materialized.sql run_id=C66F6939C3E2B42E =====
query_runner configuration:
  QUERY_DIR         = queries/tpch/tpch-queries/q02/v1_materialized.sql
  LOGS_DIR          = logs/warm_stepup/20260918T224909Z-a543de  (query_timing_/query_samples_/query_catalog_tpch_idx.csv)
  DB_NAME / DB_USER = tpch_idx / postgres
  PGPORT            = 5434  (server reports 18.4)
  RUN_ID            = C66F6939C3E2B42E
  WARMUP            = 2 single-copy warm-ups (the first primes the cache)
  BATCH_SIZES       = 1 2 4 8 16  x RUNS=1 measured batches each
  WORKERS           = (planner default)
  STATEMENT_TIMEOUT = 900
  THERMAL_EQUALISE  = gate (T_LO=55 T_HI=60 preheat<=60s cooldown<=120s)
  sensors           = pkg:/sys/class/hwmon/hwmon8/temp1_input cores:4 cpufreq:8 throttle:8/8
  SIGLESS_ADDR      = (disabled)
Found 1 query under queries/tpch/tpch-queries/q02/v1_materialized.sql

[1/1] queries/tpch/tpch-queries/q02/v1_materialized.sql (2 warmup + step-up 1 2 4 8 16 x1)
  warmup 1/2: 2.138093 sec (cache prime)
  warmup 2/2: 0.303962 sec
  N=1   batch 1/1: 0.304329 sec, 1 copy (server sum 247.028 ms)
  N=2   batch 1/1: 0.506456 sec, 2 copies (server sum 444.511 ms)
  N=4   batch 1/1: 0.908514 sec, 4 copies (server sum 845.050 ms)
  N=8   batch 1/1: 1.722223 sec, 8 copies (server sum 1648.264 ms)
  N=16  batch 1/1: 3.401683 sec, 16 copies (server sum 3264.714 ms)
  done: 5 sizes x 1 run (0 failures)

Done. Batch rows appended to logs/warm_stepup/20260918T224909Z-a543de/query_timing_tpch_idx.csv
Per-copy samples appended to logs/warm_stepup/20260918T224909Z-a543de/query_samples_tpch_idx.csv
Last batch ended at epoch 1789775344.347 (PREV_END_EPOCH for the next invocation)
===== [102/159] queries/tpch/tpch-queries/q12/v1_materialized.sql run_id=80BBD3AF1CD93C76 =====
query_runner configuration:
  QUERY_DIR         = queries/tpch/tpch-queries/q12/v1_materialized.sql
  LOGS_DIR          = logs/warm_stepup/20260918T224909Z-a543de  (query_timing_/query_samples_/query_catalog_tpch_idx.csv)
  DB_NAME / DB_USER = tpch_idx / postgres
  PGPORT            = 5434  (server reports 18.4)
  RUN_ID            = 80BBD3AF1CD93C76
  WARMUP            = 2 single-copy warm-ups (the first primes the cache)
  BATCH_SIZES       = 1 2 4 8 16  x RUNS=1 measured batches each
  WORKERS           = (planner default)
  STATEMENT_TIMEOUT = 900
  THERMAL_EQUALISE  = gate (T_LO=55 T_HI=60 preheat<=60s cooldown<=120s)
  sensors           = pkg:/sys/class/hwmon/hwmon8/temp1_input cores:4 cpufreq:8 throttle:8/8
  SIGLESS_ADDR      = (disabled)
Found 1 query under queries/tpch/tpch-queries/q12/v1_materialized.sql

[1/1] queries/tpch/tpch-queries/q12/v1_materialized.sql (2 warmup + step-up 1 2 4 8 16 x1)
  thermal gate: pre-heated 5s -> 60.0 C
  warmup 1/2: 1.775722 sec (cache prime)
  warmup 2/2: 0.459755 sec
  N=1   batch 1/1: 0.461407 sec, 1 copy (server sum 404.530 ms)
  N=2   batch 1/1: 0.800535 sec, 2 copies (server sum 743.567 ms)
  N=4   batch 1/1: 1.563301 sec, 4 copies (server sum 1458.078 ms)
  N=8   batch 1/1: 2.938440 sec, 8 copies (server sum 2862.394 ms)
  N=16  batch 1/1: 5.724952 sec, 16 copies (server sum 5651.415 ms)
  done: 5 sizes x 1 run (0 failures)

Done. Batch rows appended to logs/warm_stepup/20260918T224909Z-a543de/query_timing_tpch_idx.csv
Per-copy samples appended to logs/warm_stepup/20260918T224909Z-a543de/query_samples_tpch_idx.csv
Last batch ended at epoch 1789775367.055 (PREV_END_EPOCH for the next invocation)
===== [103/159] queries/tpch/tpch-queries/q04/v1_materialized.sql run_id=F9A60E368568E10D =====
query_runner configuration:
  QUERY_DIR         = queries/tpch/tpch-queries/q04/v1_materialized.sql
  LOGS_DIR          = logs/warm_stepup/20260918T224909Z-a543de  (query_timing_/query_samples_/query_catalog_tpch_idx.csv)
  DB_NAME / DB_USER = tpch_idx / postgres
  PGPORT            = 5434  (server reports 18.4)
  RUN_ID            = F9A60E368568E10D
  WARMUP            = 2 single-copy warm-ups (the first primes the cache)
  BATCH_SIZES       = 1 2 4 8 16  x RUNS=1 measured batches each
  WORKERS           = (planner default)
  STATEMENT_TIMEOUT = 900
  THERMAL_EQUALISE  = gate (T_LO=55 T_HI=60 preheat<=60s cooldown<=120s)
  sensors           = pkg:/sys/class/hwmon/hwmon8/temp1_input cores:4 cpufreq:8 throttle:8/8
  SIGLESS_ADDR      = (disabled)
Found 1 query under queries/tpch/tpch-queries/q04/v1_materialized.sql

[1/1] queries/tpch/tpch-queries/q04/v1_materialized.sql (2 warmup + step-up 1 2 4 8 16 x1)
  warmup 1/2: 1.842201 sec (cache prime)
  warmup 2/2: 0.184353 sec
  N=1   batch 1/1: 0.216614 sec, 1 copy (server sum 129.658 ms)
  N=2   batch 1/1: 0.295647 sec, 2 copies (server sum 238.332 ms)
  N=4   batch 1/1: 0.521301 sec, 4 copies (server sum 462.180 ms)
  N=8   batch 1/1: 0.971032 sec, 8 copies (server sum 907.894 ms)
  N=16  batch 1/1: 1.896633 sec, 16 copies (server sum 1805.600 ms)
  done: 5 sizes x 1 run (0 failures)

Done. Batch rows appended to logs/warm_stepup/20260918T224909Z-a543de/query_timing_tpch_idx.csv
Per-copy samples appended to logs/warm_stepup/20260918T224909Z-a543de/query_samples_tpch_idx.csv
Last batch ended at epoch 1789775377.470 (PREV_END_EPOCH for the next invocation)
===== [104/159] queries/tpch/tpch-queries/q17/v2_decorrelate.sql run_id=E6EED770CDB73BE1 =====
query_runner configuration:
  QUERY_DIR         = queries/tpch/tpch-queries/q17/v2_decorrelate.sql
  LOGS_DIR          = logs/warm_stepup/20260918T224909Z-a543de  (query_timing_/query_samples_/query_catalog_tpch_idx.csv)
  DB_NAME / DB_USER = tpch_idx / postgres
  PGPORT            = 5434  (server reports 18.4)
  RUN_ID            = E6EED770CDB73BE1
  WARMUP            = 2 single-copy warm-ups (the first primes the cache)
  BATCH_SIZES       = 1 2 4 8 16  x RUNS=1 measured batches each
  WORKERS           = (planner default)
  STATEMENT_TIMEOUT = 900
  THERMAL_EQUALISE  = gate (T_LO=55 T_HI=60 preheat<=60s cooldown<=120s)
  sensors           = pkg:/sys/class/hwmon/hwmon8/temp1_input cores:4 cpufreq:8 throttle:8/8
  SIGLESS_ADDR      = (disabled)
Found 1 query under queries/tpch/tpch-queries/q17/v2_decorrelate.sql

[1/1] queries/tpch/tpch-queries/q17/v2_decorrelate.sql (2 warmup + step-up 1 2 4 8 16 x1)
  warmup 1/2: 4.447249 sec (cache prime)
  warmup 2/2: 3.953834 sec
  N=1   batch 1/1: 3.871983 sec, 1 copy (server sum 3814.619 ms)
  N=2   batch 1/1: 7.605501 sec, 2 copies (server sum 7548.102 ms)
  N=4   batch 1/1: 15.070546 sec, 4 copies (server sum 14965.346 ms)
  N=8   batch 1/1: 29.831430 sec, 8 copies (server sum 29711.371 ms)
  N=16  batch 1/1: 59.373108 sec, 16 copies (server sum 59300.200 ms)
  done: 5 sizes x 1 run (0 failures)

Done. Batch rows appended to logs/warm_stepup/20260918T224909Z-a543de/query_timing_tpch_idx.csv
Per-copy samples appended to logs/warm_stepup/20260918T224909Z-a543de/query_samples_tpch_idx.csv
Last batch ended at epoch 1789775506.012 (PREV_END_EPOCH for the next invocation)
===== [105/159] queries/tpch/tpch-queries/q16/base.sql run_id=01BCB2946E16C4F9 =====
query_runner configuration:
  QUERY_DIR         = queries/tpch/tpch-queries/q16/base.sql
  LOGS_DIR          = logs/warm_stepup/20260918T224909Z-a543de  (query_timing_/query_samples_/query_catalog_tpch_idx.csv)
  DB_NAME / DB_USER = tpch_idx / postgres
  PGPORT            = 5434  (server reports 18.4)
  RUN_ID            = 01BCB2946E16C4F9
  WARMUP            = 2 single-copy warm-ups (the first primes the cache)
  BATCH_SIZES       = 1 2 4 8 16  x RUNS=1 measured batches each
  WORKERS           = (planner default)
  STATEMENT_TIMEOUT = 900
  THERMAL_EQUALISE  = gate (T_LO=55 T_HI=60 preheat<=60s cooldown<=120s)
  sensors           = pkg:/sys/class/hwmon/hwmon8/temp1_input cores:4 cpufreq:8 throttle:8/8
  SIGLESS_ADDR      = (disabled)
Found 1 query under queries/tpch/tpch-queries/q16/base.sql

[1/1] queries/tpch/tpch-queries/q16/base.sql (2 warmup + step-up 1 2 4 8 16 x1)
  thermal gate: pre-heated 5s -> 60.0 C
  warmup 1/2: 0.604049 sec (cache prime)
  warmup 2/2: 0.366013 sec
  N=1   batch 1/1: 0.387982 sec, 1 copy (server sum 319.795 ms)
  N=2   batch 1/1: 0.719016 sec, 2 copies (server sum 627.828 ms)
  N=4   batch 1/1: 1.317403 sec, 4 copies (server sum 1257.444 ms)
  N=8   batch 1/1: 2.595560 sec, 8 copies (server sum 2531.518 ms)
  N=16  batch 1/1: 5.187141 sec, 16 copies (server sum 5074.618 ms)
  done: 5 sizes x 1 run (0 failures)

Done. Batch rows appended to logs/warm_stepup/20260918T224909Z-a543de/query_timing_tpch_idx.csv
Per-copy samples appended to logs/warm_stepup/20260918T224909Z-a543de/query_samples_tpch_idx.csv
Last batch ended at epoch 1789775526.420 (PREV_END_EPOCH for the next invocation)
===== [106/159] queries/tpch/tpch-queries/q07/v2_union_all.sql run_id=1969020295D23B9A =====
query_runner configuration:
  QUERY_DIR         = queries/tpch/tpch-queries/q07/v2_union_all.sql
  LOGS_DIR          = logs/warm_stepup/20260918T224909Z-a543de  (query_timing_/query_samples_/query_catalog_tpch_idx.csv)
  DB_NAME / DB_USER = tpch_idx / postgres
  PGPORT            = 5434  (server reports 18.4)
  RUN_ID            = 1969020295D23B9A
  WARMUP            = 2 single-copy warm-ups (the first primes the cache)
  BATCH_SIZES       = 1 2 4 8 16  x RUNS=1 measured batches each
  WORKERS           = (planner default)
  STATEMENT_TIMEOUT = 900
  THERMAL_EQUALISE  = gate (T_LO=55 T_HI=60 preheat<=60s cooldown<=120s)
  sensors           = pkg:/sys/class/hwmon/hwmon8/temp1_input cores:4 cpufreq:8 throttle:8/8
  SIGLESS_ADDR      = (disabled)
Found 1 query under queries/tpch/tpch-queries/q07/v2_union_all.sql

[1/1] queries/tpch/tpch-queries/q07/v2_union_all.sql (2 warmup + step-up 1 2 4 8 16 x1)
  warmup 1/2: 7.838985 sec (cache prime)
  warmup 2/2: 0.732827 sec
  N=1   batch 1/1: 0.734202 sec, 1 copy (server sum 674.087 ms)
  N=2   batch 1/1: 1.336270 sec, 2 copies (server sum 1271.630 ms)
  N=4   batch 1/1: 2.563485 sec, 4 copies (server sum 2492.342 ms)
  N=8   batch 1/1: 5.027800 sec, 8 copies (server sum 4931.846 ms)
  N=16  batch 1/1: 9.892629 sec, 16 copies (server sum 9774.241 ms)
  done: 5 sizes x 1 run (0 failures)

Done. Batch rows appended to logs/warm_stepup/20260918T224909Z-a543de/query_timing_tpch_idx.csv
Per-copy samples appended to logs/warm_stepup/20260918T224909Z-a543de/query_samples_tpch_idx.csv
Last batch ended at epoch 1789775558.472 (PREV_END_EPOCH for the next invocation)
===== [107/159] queries/tpch/tpch-queries/q01/v1_materialized.sql run_id=51D5E29DBC93940A =====
query_runner configuration:
  QUERY_DIR         = queries/tpch/tpch-queries/q01/v1_materialized.sql
  LOGS_DIR          = logs/warm_stepup/20260918T224909Z-a543de  (query_timing_/query_samples_/query_catalog_tpch_idx.csv)
  DB_NAME / DB_USER = tpch_idx / postgres
  PGPORT            = 5434  (server reports 18.4)
  RUN_ID            = 51D5E29DBC93940A
  WARMUP            = 2 single-copy warm-ups (the first primes the cache)
  BATCH_SIZES       = 1 2 4 8 16  x RUNS=1 measured batches each
  WORKERS           = (planner default)
  STATEMENT_TIMEOUT = 900
  THERMAL_EQUALISE  = gate (T_LO=55 T_HI=60 preheat<=60s cooldown<=120s)
  sensors           = pkg:/sys/class/hwmon/hwmon8/temp1_input cores:4 cpufreq:8 throttle:8/8
  SIGLESS_ADDR      = (disabled)
Found 1 query under queries/tpch/tpch-queries/q01/v1_materialized.sql

[1/1] queries/tpch/tpch-queries/q01/v1_materialized.sql (2 warmup + step-up 1 2 4 8 16 x1)
  warmup 1/2: 2.657158 sec (cache prime)
  warmup 2/2: 1.951974 sec
  N=1   batch 1/1: 1.952486 sec, 1 copy (server sum 1896.210 ms)
  N=2   batch 1/1: 3.826138 sec, 2 copies (server sum 3769.217 ms)
  N=4   batch 1/1: 7.582216 sec, 4 copies (server sum 7523.624 ms)
  N=8   batch 1/1: 15.048430 sec, 8 copies (server sum 14969.645 ms)
  N=16  batch 1/1: 30.005639 sec, 16 copies (server sum 29936.681 ms)
  done: 5 sizes x 1 run (0 failures)

Done. Batch rows appended to logs/warm_stepup/20260918T224909Z-a543de/query_timing_tpch_idx.csv
Per-copy samples appended to logs/warm_stepup/20260918T224909Z-a543de/query_samples_tpch_idx.csv
Last batch ended at epoch 1789775625.928 (PREV_END_EPOCH for the next invocation)
===== [108/159] queries/tpch/tpch-queries/q01/base.sql run_id=50E4C20DD43D825F =====
query_runner configuration:
  QUERY_DIR         = queries/tpch/tpch-queries/q01/base.sql
  LOGS_DIR          = logs/warm_stepup/20260918T224909Z-a543de  (query_timing_/query_samples_/query_catalog_tpch_idx.csv)
  DB_NAME / DB_USER = tpch_idx / postgres
  PGPORT            = 5434  (server reports 18.4)
  RUN_ID            = 50E4C20DD43D825F
  WARMUP            = 2 single-copy warm-ups (the first primes the cache)
  BATCH_SIZES       = 1 2 4 8 16  x RUNS=1 measured batches each
  WORKERS           = (planner default)
  STATEMENT_TIMEOUT = 900
  THERMAL_EQUALISE  = gate (T_LO=55 T_HI=60 preheat<=60s cooldown<=120s)
  sensors           = pkg:/sys/class/hwmon/hwmon8/temp1_input cores:4 cpufreq:8 throttle:8/8
  SIGLESS_ADDR      = (disabled)
Found 1 query under queries/tpch/tpch-queries/q01/base.sql

[1/1] queries/tpch/tpch-queries/q01/base.sql (2 warmup + step-up 1 2 4 8 16 x1)
  thermal gate: waited 6s -> 60.0 C
  warmup 1/2: 2.677044 sec (cache prime)
  warmup 2/2: 1.952112 sec
  N=1   batch 1/1: 1.955752 sec, 1 copy (server sum 1900.040 ms)
  N=2   batch 1/1: 3.828451 sec, 2 copies (server sum 3771.148 ms)
  N=4   batch 1/1: 7.573499 sec, 4 copies (server sum 7515.234 ms)
  N=8   batch 1/1: 15.075731 sec, 8 copies (server sum 14982.446 ms)
  N=16  batch 1/1: 30.018261 sec, 16 copies (server sum 29950.004 ms)
  done: 5 sizes x 1 run (0 failures)

Done. Batch rows appended to logs/warm_stepup/20260918T224909Z-a543de/query_timing_tpch_idx.csv
Per-copy samples appended to logs/warm_stepup/20260918T224909Z-a543de/query_samples_tpch_idx.csv
Last batch ended at epoch 1789775699.410 (PREV_END_EPOCH for the next invocation)
===== [109/159] queries/tpch/tpch-queries/q02/base.sql run_id=947A60B17A744A04 =====
query_runner configuration:
  QUERY_DIR         = queries/tpch/tpch-queries/q02/base.sql
  LOGS_DIR          = logs/warm_stepup/20260918T224909Z-a543de  (query_timing_/query_samples_/query_catalog_tpch_idx.csv)
  DB_NAME / DB_USER = tpch_idx / postgres
  PGPORT            = 5434  (server reports 18.4)
  RUN_ID            = 947A60B17A744A04
  WARMUP            = 2 single-copy warm-ups (the first primes the cache)
  BATCH_SIZES       = 1 2 4 8 16  x RUNS=1 measured batches each
  WORKERS           = (planner default)
  STATEMENT_TIMEOUT = 900
  THERMAL_EQUALISE  = gate (T_LO=55 T_HI=60 preheat<=60s cooldown<=120s)
  sensors           = pkg:/sys/class/hwmon/hwmon8/temp1_input cores:4 cpufreq:8 throttle:8/8
  SIGLESS_ADDR      = (disabled)
Found 1 query under queries/tpch/tpch-queries/q02/base.sql

[1/1] queries/tpch/tpch-queries/q02/base.sql (2 warmup + step-up 1 2 4 8 16 x1)
  thermal gate: waited 10s -> 59.0 C
  warmup 1/2: 0.906417 sec (cache prime)
  warmup 2/2: 0.289713 sec
  N=1   batch 1/1: 0.288377 sec, 1 copy (server sum 230.655 ms)
  N=2   batch 1/1: 0.481348 sec, 2 copies (server sum 421.009 ms)
  N=4   batch 1/1: 0.859326 sec, 4 copies (server sum 794.668 ms)
  N=8   batch 1/1: 1.668964 sec, 8 copies (server sum 1547.993 ms)
  N=16  batch 1/1: 3.172197 sec, 16 copies (server sum 3082.155 ms)
  done: 5 sizes x 1 run (0 failures)

Done. Batch rows appended to logs/warm_stepup/20260918T224909Z-a543de/query_timing_tpch_idx.csv
Per-copy samples appended to logs/warm_stepup/20260918T224909Z-a543de/query_samples_tpch_idx.csv
Last batch ended at epoch 1789775721.618 (PREV_END_EPOCH for the next invocation)
===== [110/159] queries/tpch/tpch-queries/q17/v2_decorrelate.sql run_id=B9F8E3DB01A041C6 =====
query_runner configuration:
  QUERY_DIR         = queries/tpch/tpch-queries/q17/v2_decorrelate.sql
  LOGS_DIR          = logs/warm_stepup/20260918T224909Z-a543de  (query_timing_/query_samples_/query_catalog_tpch_idx.csv)
  DB_NAME / DB_USER = tpch_idx / postgres
  PGPORT            = 5434  (server reports 18.4)
  RUN_ID            = B9F8E3DB01A041C6
  WARMUP            = 2 single-copy warm-ups (the first primes the cache)
  BATCH_SIZES       = 1 2 4 8 16  x RUNS=1 measured batches each
  WORKERS           = (planner default)
  STATEMENT_TIMEOUT = 900
  THERMAL_EQUALISE  = gate (T_LO=55 T_HI=60 preheat<=60s cooldown<=120s)
  sensors           = pkg:/sys/class/hwmon/hwmon8/temp1_input cores:4 cpufreq:8 throttle:8/8
  SIGLESS_ADDR      = (disabled)
Found 1 query under queries/tpch/tpch-queries/q17/v2_decorrelate.sql

[1/1] queries/tpch/tpch-queries/q17/v2_decorrelate.sql (2 warmup + step-up 1 2 4 8 16 x1)
  warmup 1/2: 4.515040 sec (cache prime)
  warmup 2/2: 3.875052 sec
  N=1   batch 1/1: 3.878688 sec, 1 copy (server sum 3822.378 ms)
  N=2   batch 1/1: 7.599893 sec, 2 copies (server sum 7542.747 ms)
  N=4   batch 1/1: 15.209108 sec, 4 copies (server sum 15124.723 ms)
  N=8   batch 1/1: 29.971895 sec, 8 copies (server sum 29889.960 ms)
  N=16  batch 1/1: 60.369093 sec, 16 copies (server sum 60295.998 ms)
  done: 5 sizes x 1 run (0 failures)

Done. Batch rows appended to logs/warm_stepup/20260918T224909Z-a543de/query_timing_tpch_idx.csv
Per-copy samples appended to logs/warm_stepup/20260918T224909Z-a543de/query_samples_tpch_idx.csv
Last batch ended at epoch 1789775851.186 (PREV_END_EPOCH for the next invocation)
===== [111/159] queries/tpch/tpch-queries/q13/base.sql run_id=F8F21DBA6802A685 =====
query_runner configuration:
  QUERY_DIR         = queries/tpch/tpch-queries/q13/base.sql
  LOGS_DIR          = logs/warm_stepup/20260918T224909Z-a543de  (query_timing_/query_samples_/query_catalog_tpch_idx.csv)
  DB_NAME / DB_USER = tpch_idx / postgres
  PGPORT            = 5434  (server reports 18.4)
  RUN_ID            = F8F21DBA6802A685
  WARMUP            = 2 single-copy warm-ups (the first primes the cache)
  BATCH_SIZES       = 1 2 4 8 16  x RUNS=1 measured batches each
  WORKERS           = (planner default)
  STATEMENT_TIMEOUT = 900
  THERMAL_EQUALISE  = gate (T_LO=55 T_HI=60 preheat<=60s cooldown<=120s)
  sensors           = pkg:/sys/class/hwmon/hwmon8/temp1_input cores:4 cpufreq:8 throttle:8/8
  SIGLESS_ADDR      = (disabled)
Found 1 query under queries/tpch/tpch-queries/q13/base.sql

[1/1] queries/tpch/tpch-queries/q13/base.sql (2 warmup + step-up 1 2 4 8 16 x1)
  thermal gate: pre-heated 5s -> 60.0 C
  warmup 1/2: 1.835818 sec (cache prime)
  warmup 2/2: 1.645746 sec
  N=1   batch 1/1: 1.643561 sec, 1 copy (server sum 1587.161 ms)
  N=2   batch 1/1: 3.232142 sec, 2 copies (server sum 3126.202 ms)
  N=4   batch 1/1: 6.362001 sec, 4 copies (server sum 6300.355 ms)
  N=8   batch 1/1: 12.654824 sec, 8 copies (server sum 12585.191 ms)
  N=16  batch 1/1: 25.010557 sec, 16 copies (server sum 24925.489 ms)
  done: 5 sizes x 1 run (0 failures)

Done. Batch rows appended to logs/warm_stepup/20260918T224909Z-a543de/query_timing_tpch_idx.csv
Per-copy samples appended to logs/warm_stepup/20260918T224909Z-a543de/query_samples_tpch_idx.csv
Last batch ended at epoch 1789775913.306 (PREV_END_EPOCH for the next invocation)
===== [112/159] queries/tpch/tpch-queries/q09/base.sql run_id=A93BAE86540BD91C =====
query_runner configuration:
  QUERY_DIR         = queries/tpch/tpch-queries/q09/base.sql
  LOGS_DIR          = logs/warm_stepup/20260918T224909Z-a543de  (query_timing_/query_samples_/query_catalog_tpch_idx.csv)
  DB_NAME / DB_USER = tpch_idx / postgres
  PGPORT            = 5434  (server reports 18.4)
  RUN_ID            = A93BAE86540BD91C
  WARMUP            = 2 single-copy warm-ups (the first primes the cache)
  BATCH_SIZES       = 1 2 4 8 16  x RUNS=1 measured batches each
  WORKERS           = (planner default)
  STATEMENT_TIMEOUT = 900
  THERMAL_EQUALISE  = gate (T_LO=55 T_HI=60 preheat<=60s cooldown<=120s)
  sensors           = pkg:/sys/class/hwmon/hwmon8/temp1_input cores:4 cpufreq:8 throttle:8/8
  SIGLESS_ADDR      = (disabled)
Found 1 query under queries/tpch/tpch-queries/q09/base.sql

[1/1] queries/tpch/tpch-queries/q09/base.sql (2 warmup + step-up 1 2 4 8 16 x1)
  warmup 1/2: 9.492633 sec (cache prime)
  warmup 2/2: 1.414150 sec
  N=1   batch 1/1: 1.400547 sec, 1 copy (server sum 1339.672 ms)
  N=2   batch 1/1: 2.725499 sec, 2 copies (server sum 2658.148 ms)
  N=4   batch 1/1: 5.392943 sec, 4 copies (server sum 5319.974 ms)
  N=8   batch 1/1: 10.696052 sec, 8 copies (server sum 10558.490 ms)
  N=16  batch 1/1: 21.174250 sec, 16 copies (server sum 21053.393 ms)
  done: 5 sizes x 1 run (0 failures)

Done. Batch rows appended to logs/warm_stepup/20260918T224909Z-a543de/query_timing_tpch_idx.csv
Per-copy samples appended to logs/warm_stepup/20260918T224909Z-a543de/query_samples_tpch_idx.csv
Last batch ended at epoch 1789775969.587 (PREV_END_EPOCH for the next invocation)
===== [113/159] queries/tpch/tpch-queries/q07/base.sql run_id=FE222129D779082D =====
query_runner configuration:
  QUERY_DIR         = queries/tpch/tpch-queries/q07/base.sql
  LOGS_DIR          = logs/warm_stepup/20260918T224909Z-a543de  (query_timing_/query_samples_/query_catalog_tpch_idx.csv)
  DB_NAME / DB_USER = tpch_idx / postgres
  PGPORT            = 5434  (server reports 18.4)
  RUN_ID            = FE222129D779082D
  WARMUP            = 2 single-copy warm-ups (the first primes the cache)
  BATCH_SIZES       = 1 2 4 8 16  x RUNS=1 measured batches each
  WORKERS           = (planner default)
  STATEMENT_TIMEOUT = 900
  THERMAL_EQUALISE  = gate (T_LO=55 T_HI=60 preheat<=60s cooldown<=120s)
  sensors           = pkg:/sys/class/hwmon/hwmon8/temp1_input cores:4 cpufreq:8 throttle:8/8
  SIGLESS_ADDR      = (disabled)
Found 1 query under queries/tpch/tpch-queries/q07/base.sql

[1/1] queries/tpch/tpch-queries/q07/base.sql (2 warmup + step-up 1 2 4 8 16 x1)
  warmup 1/2: 13.143427 sec (cache prime)
  warmup 2/2: 0.770716 sec
  N=1   batch 1/1: 0.792040 sec, 1 copy (server sum 716.116 ms)
  N=2   batch 1/1: 1.491954 sec, 2 copies (server sum 1390.570 ms)
  N=4   batch 1/1: 2.792553 sec, 4 copies (server sum 2722.061 ms)
  N=8   batch 1/1: 5.541183 sec, 8 copies (server sum 5418.631 ms)
  N=16  batch 1/1: 11.007486 sec, 16 copies (server sum 10891.408 ms)
  done: 5 sizes x 1 run (0 failures)

Done. Batch rows appended to logs/warm_stepup/20260918T224909Z-a543de/query_timing_tpch_idx.csv
Per-copy samples appended to logs/warm_stepup/20260918T224909Z-a543de/query_samples_tpch_idx.csv
Last batch ended at epoch 1789776009.242 (PREV_END_EPOCH for the next invocation)
===== [114/159] queries/tpch/tpch-queries/q12/base.sql run_id=FF73E3E191C76052 =====
query_runner configuration:
  QUERY_DIR         = queries/tpch/tpch-queries/q12/base.sql
  LOGS_DIR          = logs/warm_stepup/20260918T224909Z-a543de  (query_timing_/query_samples_/query_catalog_tpch_idx.csv)
  DB_NAME / DB_USER = tpch_idx / postgres
  PGPORT            = 5434  (server reports 18.4)
  RUN_ID            = FF73E3E191C76052
  WARMUP            = 2 single-copy warm-ups (the first primes the cache)
  BATCH_SIZES       = 1 2 4 8 16  x RUNS=1 measured batches each
  WORKERS           = (planner default)
  STATEMENT_TIMEOUT = 900
  THERMAL_EQUALISE  = gate (T_LO=55 T_HI=60 preheat<=60s cooldown<=120s)
  sensors           = pkg:/sys/class/hwmon/hwmon8/temp1_input cores:4 cpufreq:8 throttle:8/8
  SIGLESS_ADDR      = (disabled)
Found 1 query under queries/tpch/tpch-queries/q12/base.sql

[1/1] queries/tpch/tpch-queries/q12/base.sql (2 warmup + step-up 1 2 4 8 16 x1)
  warmup 1/2: 1.758473 sec (cache prime)
  warmup 2/2: 0.451718 sec
  N=1   batch 1/1: 0.451208 sec, 1 copy (server sum 394.384 ms)
  N=2   batch 1/1: 0.797818 sec, 2 copies (server sum 739.140 ms)
  N=4   batch 1/1: 1.550612 sec, 4 copies (server sum 1447.028 ms)
  N=8   batch 1/1: 2.929477 sec, 8 copies (server sum 2863.474 ms)
  N=16  batch 1/1: 5.693027 sec, 16 copies (server sum 5618.174 ms)
  done: 5 sizes x 1 run (0 failures)

Done. Batch rows appended to logs/warm_stepup/20260918T224909Z-a543de/query_timing_tpch_idx.csv
Per-copy samples appended to logs/warm_stepup/20260918T224909Z-a543de/query_samples_tpch_idx.csv
Last batch ended at epoch 1789776027.316 (PREV_END_EPOCH for the next invocation)
===== [115/159] queries/tpch/tpch-queries/q04/base.sql run_id=C13645064080E9A9 =====
query_runner configuration:
  QUERY_DIR         = queries/tpch/tpch-queries/q04/base.sql
  LOGS_DIR          = logs/warm_stepup/20260918T224909Z-a543de  (query_timing_/query_samples_/query_catalog_tpch_idx.csv)
  DB_NAME / DB_USER = tpch_idx / postgres
  PGPORT            = 5434  (server reports 18.4)
  RUN_ID            = C13645064080E9A9
  WARMUP            = 2 single-copy warm-ups (the first primes the cache)
  BATCH_SIZES       = 1 2 4 8 16  x RUNS=1 measured batches each
  WORKERS           = (planner default)
  STATEMENT_TIMEOUT = 900
  THERMAL_EQUALISE  = gate (T_LO=55 T_HI=60 preheat<=60s cooldown<=120s)
  sensors           = pkg:/sys/class/hwmon/hwmon8/temp1_input cores:4 cpufreq:8 throttle:8/8
  SIGLESS_ADDR      = (disabled)
Found 1 query under queries/tpch/tpch-queries/q04/base.sql

[1/1] queries/tpch/tpch-queries/q04/base.sql (2 warmup + step-up 1 2 4 8 16 x1)
  warmup 1/2: 1.842349 sec (cache prime)
  warmup 2/2: 0.183554 sec
  N=1   batch 1/1: 0.183584 sec, 1 copy (server sum 126.350 ms)
  N=2   batch 1/1: 0.345131 sec, 2 copies (server sum 238.409 ms)
  N=4   batch 1/1: 0.519876 sec, 4 copies (server sum 460.885 ms)
  N=8   batch 1/1: 0.974608 sec, 8 copies (server sum 911.721 ms)
  N=16  batch 1/1: 1.904134 sec, 16 copies (server sum 1815.569 ms)
  done: 5 sizes x 1 run (0 failures)

Done. Batch rows appended to logs/warm_stepup/20260918T224909Z-a543de/query_timing_tpch_idx.csv
Per-copy samples appended to logs/warm_stepup/20260918T224909Z-a543de/query_samples_tpch_idx.csv
Last batch ended at epoch 1789776037.524 (PREV_END_EPOCH for the next invocation)
===== [116/159] queries/tpch/tpch-queries/q08/v1_materialized.sql run_id=E237DEF34F85D7EA =====
query_runner configuration:
  QUERY_DIR         = queries/tpch/tpch-queries/q08/v1_materialized.sql
  LOGS_DIR          = logs/warm_stepup/20260918T224909Z-a543de  (query_timing_/query_samples_/query_catalog_tpch_idx.csv)
  DB_NAME / DB_USER = tpch_idx / postgres
  PGPORT            = 5434  (server reports 18.4)
  RUN_ID            = E237DEF34F85D7EA
  WARMUP            = 2 single-copy warm-ups (the first primes the cache)
  BATCH_SIZES       = 1 2 4 8 16  x RUNS=1 measured batches each
  WORKERS           = (planner default)
  STATEMENT_TIMEOUT = 900
  THERMAL_EQUALISE  = gate (T_LO=55 T_HI=60 preheat<=60s cooldown<=120s)
  sensors           = pkg:/sys/class/hwmon/hwmon8/temp1_input cores:4 cpufreq:8 throttle:8/8
  SIGLESS_ADDR      = (disabled)
Found 1 query under queries/tpch/tpch-queries/q08/v1_materialized.sql

[1/1] queries/tpch/tpch-queries/q08/v1_materialized.sql (2 warmup + step-up 1 2 4 8 16 x1)
  warmup 1/2: 7.534685 sec (cache prime)
  warmup 2/2: 0.256162 sec
  N=1   batch 1/1: 0.207830 sec, 1 copy (server sum 147.794 ms)
  N=2   batch 1/1: 0.344758 sec, 2 copies (server sum 281.373 ms)
  N=4   batch 1/1: 0.618299 sec, 4 copies (server sum 548.322 ms)
  N=8   batch 1/1: 1.156974 sec, 8 copies (server sum 1071.886 ms)
  N=16  batch 1/1: 2.248019 sec, 16 copies (server sum 2137.797 ms)
  done: 5 sizes x 1 run (0 failures)

Done. Batch rows appended to logs/warm_stepup/20260918T224909Z-a543de/query_timing_tpch_idx.csv
Per-copy samples appended to logs/warm_stepup/20260918T224909Z-a543de/query_samples_tpch_idx.csv
Last batch ended at epoch 1789776054.353 (PREV_END_EPOCH for the next invocation)
===== [117/159] queries/tpch/tpch-queries/q15/base.sql run_id=DA190126F7C5597A =====
query_runner configuration:
  QUERY_DIR         = queries/tpch/tpch-queries/q15/base.sql
  LOGS_DIR          = logs/warm_stepup/20260918T224909Z-a543de  (query_timing_/query_samples_/query_catalog_tpch_idx.csv)
  DB_NAME / DB_USER = tpch_idx / postgres
  PGPORT            = 5434  (server reports 18.4)
  RUN_ID            = DA190126F7C5597A
  WARMUP            = 2 single-copy warm-ups (the first primes the cache)
  BATCH_SIZES       = 1 2 4 8 16  x RUNS=1 measured batches each
  WORKERS           = (planner default)
  STATEMENT_TIMEOUT = 900
  THERMAL_EQUALISE  = gate (T_LO=55 T_HI=60 preheat<=60s cooldown<=120s)
  sensors           = pkg:/sys/class/hwmon/hwmon8/temp1_input cores:4 cpufreq:8 throttle:8/8
  SIGLESS_ADDR      = (disabled)
Found 1 query under queries/tpch/tpch-queries/q15/base.sql

[1/1] queries/tpch/tpch-queries/q15/base.sql (2 warmup + step-up 1 2 4 8 16 x1)
  warmup 1/2: 2.215869 sec (cache prime)
  warmup 2/2: 0.397938 sec
  N=1   batch 1/1: 0.395715 sec, 1 copy (server sum 338.873 ms)
  N=2   batch 1/1: 0.663907 sec, 2 copies (server sum 605.885 ms)
  N=4   batch 1/1: 1.192608 sec, 4 copies (server sum 1132.848 ms)
  N=8   batch 1/1: 2.308762 sec, 8 copies (server sum 2178.834 ms)
  N=16  batch 1/1: 4.361437 sec, 16 copies (server sum 4289.739 ms)
  done: 5 sizes x 1 run (0 failures)

Done. Batch rows appended to logs/warm_stepup/20260918T224909Z-a543de/query_timing_tpch_idx.csv
Per-copy samples appended to logs/warm_stepup/20260918T224909Z-a543de/query_samples_tpch_idx.csv
Last batch ended at epoch 1789776070.000 (PREV_END_EPOCH for the next invocation)
===== [118/159] queries/tpch/tpch-queries/q19/base.sql run_id=E7709D05DBAB8D17 =====
query_runner configuration:
  QUERY_DIR         = queries/tpch/tpch-queries/q19/base.sql
  LOGS_DIR          = logs/warm_stepup/20260918T224909Z-a543de  (query_timing_/query_samples_/query_catalog_tpch_idx.csv)
  DB_NAME / DB_USER = tpch_idx / postgres
  PGPORT            = 5434  (server reports 18.4)
  RUN_ID            = E7709D05DBAB8D17
  WARMUP            = 2 single-copy warm-ups (the first primes the cache)
  BATCH_SIZES       = 1 2 4 8 16  x RUNS=1 measured batches each
  WORKERS           = (planner default)
  STATEMENT_TIMEOUT = 900
  THERMAL_EQUALISE  = gate (T_LO=55 T_HI=60 preheat<=60s cooldown<=120s)
  sensors           = pkg:/sys/class/hwmon/hwmon8/temp1_input cores:4 cpufreq:8 throttle:8/8
  SIGLESS_ADDR      = (disabled)
Found 1 query under queries/tpch/tpch-queries/q19/base.sql

[1/1] queries/tpch/tpch-queries/q19/base.sql (2 warmup + step-up 1 2 4 8 16 x1)
  warmup 1/2: 1.943589 sec (cache prime)
  warmup 2/2: 0.095127 sec
  N=1   batch 1/1: 0.092923 sec, 1 copy (server sum 36.142 ms)
  N=2   batch 1/1: 0.126490 sec, 2 copies (server sum 68.532 ms)
  N=4   batch 1/1: 0.192156 sec, 4 copies (server sum 131.925 ms)
  N=8   batch 1/1: 0.324058 sec, 8 copies (server sum 258.689 ms)
  N=16  batch 1/1: 0.585640 sec, 16 copies (server sum 510.795 ms)
  done: 5 sizes x 1 run (0 failures)

Done. Batch rows appended to logs/warm_stepup/20260918T224909Z-a543de/query_timing_tpch_idx.csv
Per-copy samples appended to logs/warm_stepup/20260918T224909Z-a543de/query_samples_tpch_idx.csv
Last batch ended at epoch 1789776077.240 (PREV_END_EPOCH for the next invocation)
===== [119/159] queries/tpch/tpch-queries/q21/base.sql run_id=8EE35AAA3996F897 =====
query_runner configuration:
  QUERY_DIR         = queries/tpch/tpch-queries/q21/base.sql
  LOGS_DIR          = logs/warm_stepup/20260918T224909Z-a543de  (query_timing_/query_samples_/query_catalog_tpch_idx.csv)
  DB_NAME / DB_USER = tpch_idx / postgres
  PGPORT            = 5434  (server reports 18.4)
  RUN_ID            = 8EE35AAA3996F897
  WARMUP            = 2 single-copy warm-ups (the first primes the cache)
  BATCH_SIZES       = 1 2 4 8 16  x RUNS=1 measured batches each
  WORKERS           = (planner default)
  STATEMENT_TIMEOUT = 900
  THERMAL_EQUALISE  = gate (T_LO=55 T_HI=60 preheat<=60s cooldown<=120s)
  sensors           = pkg:/sys/class/hwmon/hwmon8/temp1_input cores:4 cpufreq:8 throttle:8/8
  SIGLESS_ADDR      = (disabled)
Found 1 query under queries/tpch/tpch-queries/q21/base.sql

[1/1] queries/tpch/tpch-queries/q21/base.sql (2 warmup + step-up 1 2 4 8 16 x1)
  warmup 1/2: 11.844523 sec (cache prime)
  warmup 2/2: 0.621669 sec
  N=1   batch 1/1: 0.602724 sec, 1 copy (server sum 543.099 ms)
  N=2   batch 1/1: 1.117279 sec, 2 copies (server sum 1054.807 ms)
  N=4   batch 1/1: 2.166728 sec, 4 copies (server sum 2048.564 ms)
  N=8   batch 1/1: 4.161436 sec, 8 copies (server sum 4080.542 ms)
  N=16  batch 1/1: 8.303194 sec, 16 copies (server sum 8099.077 ms)
  done: 5 sizes x 1 run (0 failures)

Done. Batch rows appended to logs/warm_stepup/20260918T224909Z-a543de/query_timing_tpch_idx.csv
Per-copy samples appended to logs/warm_stepup/20260918T224909Z-a543de/query_samples_tpch_idx.csv
Last batch ended at epoch 1789776110.265 (PREV_END_EPOCH for the next invocation)
===== [120/159] queries/tpch/tpch-queries/q14/v2_filter.sql run_id=0D802890CEB10FD8 =====
query_runner configuration:
  QUERY_DIR         = queries/tpch/tpch-queries/q14/v2_filter.sql
  LOGS_DIR          = logs/warm_stepup/20260918T224909Z-a543de  (query_timing_/query_samples_/query_catalog_tpch_idx.csv)
  DB_NAME / DB_USER = tpch_idx / postgres
  PGPORT            = 5434  (server reports 18.4)
  RUN_ID            = 0D802890CEB10FD8
  WARMUP            = 2 single-copy warm-ups (the first primes the cache)
  BATCH_SIZES       = 1 2 4 8 16  x RUNS=1 measured batches each
  WORKERS           = (planner default)
  STATEMENT_TIMEOUT = 900
  THERMAL_EQUALISE  = gate (T_LO=55 T_HI=60 preheat<=60s cooldown<=120s)
  sensors           = pkg:/sys/class/hwmon/hwmon8/temp1_input cores:4 cpufreq:8 throttle:8/8
  SIGLESS_ADDR      = (disabled)
Found 1 query under queries/tpch/tpch-queries/q14/v2_filter.sql

[1/1] queries/tpch/tpch-queries/q14/v2_filter.sql (2 warmup + step-up 1 2 4 8 16 x1)
  warmup 1/2: 1.515930 sec (cache prime)
  warmup 2/2: 0.239255 sec
  N=1   batch 1/1: 0.237665 sec, 1 copy (server sum 181.821 ms)
  N=2   batch 1/1: 0.388487 sec, 2 copies (server sum 331.264 ms)
  N=4   batch 1/1: 0.692030 sec, 4 copies (server sum 632.016 ms)
  N=8   batch 1/1: 1.302370 sec, 8 copies (server sum 1236.268 ms)
  N=16  batch 1/1: 2.509585 sec, 16 copies (server sum 2436.052 ms)
  done: 5 sizes x 1 run (0 failures)

Done. Batch rows appended to logs/warm_stepup/20260918T224909Z-a543de/query_timing_tpch_idx.csv
Per-copy samples appended to logs/warm_stepup/20260918T224909Z-a543de/query_samples_tpch_idx.csv
Last batch ended at epoch 1789776121.592 (PREV_END_EPOCH for the next invocation)
===== [121/159] queries/tpch/tpch-queries/q13/v2_correlated.sql run_id=2EE0DAF12C559144 =====
query_runner configuration:
  QUERY_DIR         = queries/tpch/tpch-queries/q13/v2_correlated.sql
  LOGS_DIR          = logs/warm_stepup/20260918T224909Z-a543de  (query_timing_/query_samples_/query_catalog_tpch_idx.csv)
  DB_NAME / DB_USER = tpch_idx / postgres
  PGPORT            = 5434  (server reports 18.4)
  RUN_ID            = 2EE0DAF12C559144
  WARMUP            = 2 single-copy warm-ups (the first primes the cache)
  BATCH_SIZES       = 1 2 4 8 16  x RUNS=1 measured batches each
  WORKERS           = (planner default)
  STATEMENT_TIMEOUT = 900
  THERMAL_EQUALISE  = gate (T_LO=55 T_HI=60 preheat<=60s cooldown<=120s)
  sensors           = pkg:/sys/class/hwmon/hwmon8/temp1_input cores:4 cpufreq:8 throttle:8/8
  SIGLESS_ADDR      = (disabled)
Found 1 query under queries/tpch/tpch-queries/q13/v2_correlated.sql

[1/1] queries/tpch/tpch-queries/q13/v2_correlated.sql (2 warmup + step-up 1 2 4 8 16 x1)
  warmup 1/2: 5.322846 sec (cache prime)
  warmup 2/2: 2.695988 sec
  N=1   batch 1/1: 2.700790 sec, 1 copy (server sum 2645.344 ms)
  N=2   batch 1/1: 5.269897 sec, 2 copies (server sum 5162.280 ms)
  N=4   batch 1/1: 10.177294 sec, 4 copies (server sum 10119.023 ms)
  N=8   batch 1/1: 20.134295 sec, 8 copies (server sum 20073.170 ms)
  N=16  batch 1/1: 40.027209 sec, 16 copies (server sum 39960.224 ms)
  done: 5 sizes x 1 run (0 failures)

Done. Batch rows appended to logs/warm_stepup/20260918T224909Z-a543de/query_timing_tpch_idx.csv
Per-copy samples appended to logs/warm_stepup/20260918T224909Z-a543de/query_samples_tpch_idx.csv
Last batch ended at epoch 1789776212.020 (PREV_END_EPOCH for the next invocation)
===== [122/159] queries/tpch/tpch-queries/q03/base.sql run_id=7283CCB7CCC550F6 =====
query_runner configuration:
  QUERY_DIR         = queries/tpch/tpch-queries/q03/base.sql
  LOGS_DIR          = logs/warm_stepup/20260918T224909Z-a543de  (query_timing_/query_samples_/query_catalog_tpch_idx.csv)
  DB_NAME / DB_USER = tpch_idx / postgres
  PGPORT            = 5434  (server reports 18.4)
  RUN_ID            = 7283CCB7CCC550F6
  WARMUP            = 2 single-copy warm-ups (the first primes the cache)
  BATCH_SIZES       = 1 2 4 8 16  x RUNS=1 measured batches each
  WORKERS           = (planner default)
  STATEMENT_TIMEOUT = 900
  THERMAL_EQUALISE  = gate (T_LO=55 T_HI=60 preheat<=60s cooldown<=120s)
  sensors           = pkg:/sys/class/hwmon/hwmon8/temp1_input cores:4 cpufreq:8 throttle:8/8
  SIGLESS_ADDR      = (disabled)
Found 1 query under queries/tpch/tpch-queries/q03/base.sql

[1/1] queries/tpch/tpch-queries/q03/base.sql (2 warmup + step-up 1 2 4 8 16 x1)
  thermal gate: pre-heated 5s -> 60.0 C
  warmup 1/2: 1.712967 sec (cache prime)
  warmup 2/2: 0.416094 sec
  N=1   batch 1/1: 0.416402 sec, 1 copy (server sum 359.353 ms)
  N=2   batch 1/1: 0.737921 sec, 2 copies (server sum 679.462 ms)
  N=4   batch 1/1: 1.363160 sec, 4 copies (server sum 1302.759 ms)
  N=8   batch 1/1: 2.609574 sec, 8 copies (server sum 2543.342 ms)
  N=16  batch 1/1: 5.124296 sec, 16 copies (server sum 5047.017 ms)
  done: 5 sizes x 1 run (0 failures)

Done. Batch rows appended to logs/warm_stepup/20260918T224909Z-a543de/query_timing_tpch_idx.csv
Per-copy samples appended to logs/warm_stepup/20260918T224909Z-a543de/query_samples_tpch_idx.csv
Last batch ended at epoch 1789776233.730 (PREV_END_EPOCH for the next invocation)
===== [123/159] queries/tpch/tpch-queries/q14/base.sql run_id=98D04D1354570ADA =====
query_runner configuration:
  QUERY_DIR         = queries/tpch/tpch-queries/q14/base.sql
  LOGS_DIR          = logs/warm_stepup/20260918T224909Z-a543de  (query_timing_/query_samples_/query_catalog_tpch_idx.csv)
  DB_NAME / DB_USER = tpch_idx / postgres
  PGPORT            = 5434  (server reports 18.4)
  RUN_ID            = 98D04D1354570ADA
  WARMUP            = 2 single-copy warm-ups (the first primes the cache)
  BATCH_SIZES       = 1 2 4 8 16  x RUNS=1 measured batches each
  WORKERS           = (planner default)
  STATEMENT_TIMEOUT = 900
  THERMAL_EQUALISE  = gate (T_LO=55 T_HI=60 preheat<=60s cooldown<=120s)
  sensors           = pkg:/sys/class/hwmon/hwmon8/temp1_input cores:4 cpufreq:8 throttle:8/8
  SIGLESS_ADDR      = (disabled)
Found 1 query under queries/tpch/tpch-queries/q14/base.sql

[1/1] queries/tpch/tpch-queries/q14/base.sql (2 warmup + step-up 1 2 4 8 16 x1)
  warmup 1/2: 1.522494 sec (cache prime)
  warmup 2/2: 0.237806 sec
  N=1   batch 1/1: 0.244830 sec, 1 copy (server sum 185.738 ms)
  N=2   batch 1/1: 0.395573 sec, 2 copies (server sum 339.014 ms)
  N=4   batch 1/1: 0.692069 sec, 4 copies (server sum 632.199 ms)
  N=8   batch 1/1: 1.303868 sec, 8 copies (server sum 1241.424 ms)
  N=16  batch 1/1: 2.509042 sec, 16 copies (server sum 2435.546 ms)
  done: 5 sizes x 1 run (0 failures)

Done. Batch rows appended to logs/warm_stepup/20260918T224909Z-a543de/query_timing_tpch_idx.csv
Per-copy samples appended to logs/warm_stepup/20260918T224909Z-a543de/query_samples_tpch_idx.csv
Last batch ended at epoch 1789776244.989 (PREV_END_EPOCH for the next invocation)
===== [124/159] queries/tpch/tpch-queries/q12/base.sql run_id=E07BB94D93D95BA5 =====
query_runner configuration:
  QUERY_DIR         = queries/tpch/tpch-queries/q12/base.sql
  LOGS_DIR          = logs/warm_stepup/20260918T224909Z-a543de  (query_timing_/query_samples_/query_catalog_tpch_idx.csv)
  DB_NAME / DB_USER = tpch_idx / postgres
  PGPORT            = 5434  (server reports 18.4)
  RUN_ID            = E07BB94D93D95BA5
  WARMUP            = 2 single-copy warm-ups (the first primes the cache)
  BATCH_SIZES       = 1 2 4 8 16  x RUNS=1 measured batches each
  WORKERS           = (planner default)
  STATEMENT_TIMEOUT = 900
  THERMAL_EQUALISE  = gate (T_LO=55 T_HI=60 preheat<=60s cooldown<=120s)
  sensors           = pkg:/sys/class/hwmon/hwmon8/temp1_input cores:4 cpufreq:8 throttle:8/8
  SIGLESS_ADDR      = (disabled)
Found 1 query under queries/tpch/tpch-queries/q12/base.sql

[1/1] queries/tpch/tpch-queries/q12/base.sql (2 warmup + step-up 1 2 4 8 16 x1)
  warmup 1/2: 1.773754 sec (cache prime)
  warmup 2/2: 0.457015 sec
  N=1   batch 1/1: 0.449032 sec, 1 copy (server sum 393.196 ms)
  N=2   batch 1/1: 0.811572 sec, 2 copies (server sum 753.283 ms)
  N=4   batch 1/1: 1.499891 sec, 4 copies (server sum 1439.914 ms)
  N=8   batch 1/1: 2.925366 sec, 8 copies (server sum 2860.688 ms)
  N=16  batch 1/1: 5.740080 sec, 16 copies (server sum 5666.590 ms)
  done: 5 sizes x 1 run (0 failures)

Done. Batch rows appended to logs/warm_stepup/20260918T224909Z-a543de/query_timing_tpch_idx.csv
Per-copy samples appended to logs/warm_stepup/20260918T224909Z-a543de/query_samples_tpch_idx.csv
Last batch ended at epoch 1789776262.862 (PREV_END_EPOCH for the next invocation)
===== [125/159] queries/tpch/tpch-queries/q12/v1_materialized.sql run_id=C23E293E902003ED =====
query_runner configuration:
  QUERY_DIR         = queries/tpch/tpch-queries/q12/v1_materialized.sql
  LOGS_DIR          = logs/warm_stepup/20260918T224909Z-a543de  (query_timing_/query_samples_/query_catalog_tpch_idx.csv)
  DB_NAME / DB_USER = tpch_idx / postgres
  PGPORT            = 5434  (server reports 18.4)
  RUN_ID            = C23E293E902003ED
  WARMUP            = 2 single-copy warm-ups (the first primes the cache)
  BATCH_SIZES       = 1 2 4 8 16  x RUNS=1 measured batches each
  WORKERS           = (planner default)
  STATEMENT_TIMEOUT = 900
  THERMAL_EQUALISE  = gate (T_LO=55 T_HI=60 preheat<=60s cooldown<=120s)
  sensors           = pkg:/sys/class/hwmon/hwmon8/temp1_input cores:4 cpufreq:8 throttle:8/8
  SIGLESS_ADDR      = (disabled)
Found 1 query under queries/tpch/tpch-queries/q12/v1_materialized.sql

[1/1] queries/tpch/tpch-queries/q12/v1_materialized.sql (2 warmup + step-up 1 2 4 8 16 x1)
  warmup 1/2: 1.778085 sec (cache prime)
  warmup 2/2: 0.450251 sec
  N=1   batch 1/1: 0.448823 sec, 1 copy (server sum 392.456 ms)
  N=2   batch 1/1: 0.798697 sec, 2 copies (server sum 741.673 ms)
  N=4   batch 1/1: 1.534836 sec, 4 copies (server sum 1430.662 ms)
  N=8   batch 1/1: 2.919954 sec, 8 copies (server sum 2853.704 ms)
  N=16  batch 1/1: 5.748658 sec, 16 copies (server sum 5672.111 ms)
  done: 5 sizes x 1 run (0 failures)

Done. Batch rows appended to logs/warm_stepup/20260918T224909Z-a543de/query_timing_tpch_idx.csv
Per-copy samples appended to logs/warm_stepup/20260918T224909Z-a543de/query_samples_tpch_idx.csv
Last batch ended at epoch 1789776280.788 (PREV_END_EPOCH for the next invocation)
===== [126/159] queries/tpch/tpch-queries/q09/base.sql run_id=2F87DCD49B617733 =====
query_runner configuration:
  QUERY_DIR         = queries/tpch/tpch-queries/q09/base.sql
  LOGS_DIR          = logs/warm_stepup/20260918T224909Z-a543de  (query_timing_/query_samples_/query_catalog_tpch_idx.csv)
  DB_NAME / DB_USER = tpch_idx / postgres
  PGPORT            = 5434  (server reports 18.4)
  RUN_ID            = 2F87DCD49B617733
  WARMUP            = 2 single-copy warm-ups (the first primes the cache)
  BATCH_SIZES       = 1 2 4 8 16  x RUNS=1 measured batches each
  WORKERS           = (planner default)
  STATEMENT_TIMEOUT = 900
  THERMAL_EQUALISE  = gate (T_LO=55 T_HI=60 preheat<=60s cooldown<=120s)
  sensors           = pkg:/sys/class/hwmon/hwmon8/temp1_input cores:4 cpufreq:8 throttle:8/8
  SIGLESS_ADDR      = (disabled)
Found 1 query under queries/tpch/tpch-queries/q09/base.sql

[1/1] queries/tpch/tpch-queries/q09/base.sql (2 warmup + step-up 1 2 4 8 16 x1)
  warmup 1/2: 8.934079 sec (cache prime)
  warmup 2/2: 1.413852 sec
  N=1   batch 1/1: 1.430465 sec, 1 copy (server sum 1369.501 ms)
  N=2   batch 1/1: 2.724491 sec, 2 copies (server sum 2659.534 ms)
  N=4   batch 1/1: 5.386897 sec, 4 copies (server sum 5313.780 ms)
  N=8   batch 1/1: 10.770601 sec, 8 copies (server sum 10607.099 ms)
  N=16  batch 1/1: 21.276661 sec, 16 copies (server sum 21103.627 ms)
  done: 5 sizes x 1 run (0 failures)

Done. Batch rows appended to logs/warm_stepup/20260918T224909Z-a543de/query_timing_tpch_idx.csv
Per-copy samples appended to logs/warm_stepup/20260918T224909Z-a543de/query_samples_tpch_idx.csv
Last batch ended at epoch 1789776337.211 (PREV_END_EPOCH for the next invocation)
===== [127/159] queries/tpch/tpch-queries/q15/base.sql run_id=8C002970F346678F =====
query_runner configuration:
  QUERY_DIR         = queries/tpch/tpch-queries/q15/base.sql
  LOGS_DIR          = logs/warm_stepup/20260918T224909Z-a543de  (query_timing_/query_samples_/query_catalog_tpch_idx.csv)
  DB_NAME / DB_USER = tpch_idx / postgres
  PGPORT            = 5434  (server reports 18.4)
  RUN_ID            = 8C002970F346678F
  WARMUP            = 2 single-copy warm-ups (the first primes the cache)
  BATCH_SIZES       = 1 2 4 8 16  x RUNS=1 measured batches each
  WORKERS           = (planner default)
  STATEMENT_TIMEOUT = 900
  THERMAL_EQUALISE  = gate (T_LO=55 T_HI=60 preheat<=60s cooldown<=120s)
  sensors           = pkg:/sys/class/hwmon/hwmon8/temp1_input cores:4 cpufreq:8 throttle:8/8
  SIGLESS_ADDR      = (disabled)
Found 1 query under queries/tpch/tpch-queries/q15/base.sql

[1/1] queries/tpch/tpch-queries/q15/base.sql (2 warmup + step-up 1 2 4 8 16 x1)
  warmup 1/2: 2.223852 sec (cache prime)
  warmup 2/2: 0.390791 sec
  N=1   batch 1/1: 0.429081 sec, 1 copy (server sum 335.701 ms)
  N=2   batch 1/1: 0.657728 sec, 2 copies (server sum 600.775 ms)
  N=4   batch 1/1: 1.187438 sec, 4 copies (server sum 1128.538 ms)
  N=8   batch 1/1: 2.260013 sec, 8 copies (server sum 2165.915 ms)
  N=16  batch 1/1: 4.354475 sec, 16 copies (server sum 4284.702 ms)
  done: 5 sizes x 1 run (0 failures)

Done. Batch rows appended to logs/warm_stepup/20260918T224909Z-a543de/query_timing_tpch_idx.csv
Per-copy samples appended to logs/warm_stepup/20260918T224909Z-a543de/query_samples_tpch_idx.csv
Last batch ended at epoch 1789776353.391 (PREV_END_EPOCH for the next invocation)
===== [128/159] queries/tpch/tpch-queries/q19/base.sql run_id=C5F4056D6D5AC870 =====
query_runner configuration:
  QUERY_DIR         = queries/tpch/tpch-queries/q19/base.sql
  LOGS_DIR          = logs/warm_stepup/20260918T224909Z-a543de  (query_timing_/query_samples_/query_catalog_tpch_idx.csv)
  DB_NAME / DB_USER = tpch_idx / postgres
  PGPORT            = 5434  (server reports 18.4)
  RUN_ID            = C5F4056D6D5AC870
  WARMUP            = 2 single-copy warm-ups (the first primes the cache)
  BATCH_SIZES       = 1 2 4 8 16  x RUNS=1 measured batches each
  WORKERS           = (planner default)
  STATEMENT_TIMEOUT = 900
  THERMAL_EQUALISE  = gate (T_LO=55 T_HI=60 preheat<=60s cooldown<=120s)
  sensors           = pkg:/sys/class/hwmon/hwmon8/temp1_input cores:4 cpufreq:8 throttle:8/8
  SIGLESS_ADDR      = (disabled)
Found 1 query under queries/tpch/tpch-queries/q19/base.sql

[1/1] queries/tpch/tpch-queries/q19/base.sql (2 warmup + step-up 1 2 4 8 16 x1)
  warmup 1/2: 1.390694 sec (cache prime)
  warmup 2/2: 0.093109 sec
  N=1   batch 1/1: 0.094114 sec, 1 copy (server sum 36.501 ms)
  N=2   batch 1/1: 0.128560 sec, 2 copies (server sum 70.258 ms)
  N=4   batch 1/1: 0.196476 sec, 4 copies (server sum 135.998 ms)
  N=8   batch 1/1: 0.374686 sec, 8 copies (server sum 266.118 ms)
  N=16  batch 1/1: 0.598831 sec, 16 copies (server sum 524.011 ms)
  done: 5 sizes x 1 run (0 failures)

Done. Batch rows appended to logs/warm_stepup/20260918T224909Z-a543de/query_timing_tpch_idx.csv
Per-copy samples appended to logs/warm_stepup/20260918T224909Z-a543de/query_samples_tpch_idx.csv
Last batch ended at epoch 1789776360.074 (PREV_END_EPOCH for the next invocation)
===== [129/159] queries/tpch/tpch-queries/q04/base.sql run_id=BA4E6D89EEE0F3CA =====
query_runner configuration:
  QUERY_DIR         = queries/tpch/tpch-queries/q04/base.sql
  LOGS_DIR          = logs/warm_stepup/20260918T224909Z-a543de  (query_timing_/query_samples_/query_catalog_tpch_idx.csv)
  DB_NAME / DB_USER = tpch_idx / postgres
  PGPORT            = 5434  (server reports 18.4)
  RUN_ID            = BA4E6D89EEE0F3CA
  WARMUP            = 2 single-copy warm-ups (the first primes the cache)
  BATCH_SIZES       = 1 2 4 8 16  x RUNS=1 measured batches each
  WORKERS           = (planner default)
  STATEMENT_TIMEOUT = 900
  THERMAL_EQUALISE  = gate (T_LO=55 T_HI=60 preheat<=60s cooldown<=120s)
  sensors           = pkg:/sys/class/hwmon/hwmon8/temp1_input cores:4 cpufreq:8 throttle:8/8
  SIGLESS_ADDR      = (disabled)
Found 1 query under queries/tpch/tpch-queries/q04/base.sql

[1/1] queries/tpch/tpch-queries/q04/base.sql (2 warmup + step-up 1 2 4 8 16 x1)
  warmup 1/2: 1.822870 sec (cache prime)
  warmup 2/2: 0.183830 sec
  N=1   batch 1/1: 0.212464 sec, 1 copy (server sum 126.134 ms)
  N=2   batch 1/1: 0.295213 sec, 2 copies (server sum 238.494 ms)
  N=4   batch 1/1: 0.518706 sec, 4 copies (server sum 459.851 ms)
  N=8   batch 1/1: 0.986021 sec, 8 copies (server sum 922.445 ms)
  N=16  batch 1/1: 1.922342 sec, 16 copies (server sum 1820.718 ms)
  done: 5 sizes x 1 run (0 failures)

Done. Batch rows appended to logs/warm_stepup/20260918T224909Z-a543de/query_timing_tpch_idx.csv
Per-copy samples appended to logs/warm_stepup/20260918T224909Z-a543de/query_samples_tpch_idx.csv
Last batch ended at epoch 1789776370.071 (PREV_END_EPOCH for the next invocation)
===== [130/159] queries/tpch/tpch-queries/q16/base.sql run_id=F17DA8181D43FEF4 =====
query_runner configuration:
  QUERY_DIR         = queries/tpch/tpch-queries/q16/base.sql
  LOGS_DIR          = logs/warm_stepup/20260918T224909Z-a543de  (query_timing_/query_samples_/query_catalog_tpch_idx.csv)
  DB_NAME / DB_USER = tpch_idx / postgres
  PGPORT            = 5434  (server reports 18.4)
  RUN_ID            = F17DA8181D43FEF4
  WARMUP            = 2 single-copy warm-ups (the first primes the cache)
  BATCH_SIZES       = 1 2 4 8 16  x RUNS=1 measured batches each
  WORKERS           = (planner default)
  STATEMENT_TIMEOUT = 900
  THERMAL_EQUALISE  = gate (T_LO=55 T_HI=60 preheat<=60s cooldown<=120s)
  sensors           = pkg:/sys/class/hwmon/hwmon8/temp1_input cores:4 cpufreq:8 throttle:8/8
  SIGLESS_ADDR      = (disabled)
Found 1 query under queries/tpch/tpch-queries/q16/base.sql

[1/1] queries/tpch/tpch-queries/q16/base.sql (2 warmup + step-up 1 2 4 8 16 x1)
  warmup 1/2: 0.655567 sec (cache prime)
  warmup 2/2: 0.375281 sec
  N=1   batch 1/1: 0.417897 sec, 1 copy (server sum 339.811 ms)
  N=2   batch 1/1: 0.711934 sec, 2 copies (server sum 654.270 ms)
  N=4   batch 1/1: 1.336228 sec, 4 copies (server sum 1276.336 ms)
  N=8   batch 1/1: 2.605387 sec, 8 copies (server sum 2540.530 ms)
  N=16  batch 1/1: 5.195164 sec, 16 copies (server sum 5075.214 ms)
  done: 5 sizes x 1 run (0 failures)

Done. Batch rows appended to logs/warm_stepup/20260918T224909Z-a543de/query_timing_tpch_idx.csv
Per-copy samples appended to logs/warm_stepup/20260918T224909Z-a543de/query_samples_tpch_idx.csv
Last batch ended at epoch 1789776385.545 (PREV_END_EPOCH for the next invocation)
===== [131/159] queries/tpch/tpch-queries/q22/base.sql run_id=33D73CBC5171AEFC =====
query_runner configuration:
  QUERY_DIR         = queries/tpch/tpch-queries/q22/base.sql
  LOGS_DIR          = logs/warm_stepup/20260918T224909Z-a543de  (query_timing_/query_samples_/query_catalog_tpch_idx.csv)
  DB_NAME / DB_USER = tpch_idx / postgres
  PGPORT            = 5434  (server reports 18.4)
  RUN_ID            = 33D73CBC5171AEFC
  WARMUP            = 2 single-copy warm-ups (the first primes the cache)
  BATCH_SIZES       = 1 2 4 8 16  x RUNS=1 measured batches each
  WORKERS           = (planner default)
  STATEMENT_TIMEOUT = 900
  THERMAL_EQUALISE  = gate (T_LO=55 T_HI=60 preheat<=60s cooldown<=120s)
  sensors           = pkg:/sys/class/hwmon/hwmon8/temp1_input cores:4 cpufreq:8 throttle:8/8
  SIGLESS_ADDR      = (disabled)
Found 1 query under queries/tpch/tpch-queries/q22/base.sql

[1/1] queries/tpch/tpch-queries/q22/base.sql (2 warmup + step-up 1 2 4 8 16 x1)
  warmup 1/2: 0.375674 sec (cache prime)
  warmup 2/2: 0.137634 sec
  N=1   batch 1/1: 0.137695 sec, 1 copy (server sum 81.623 ms)
  N=2   batch 1/1: 0.210638 sec, 2 copies (server sum 153.651 ms)
  N=4   batch 1/1: 0.355438 sec, 4 copies (server sum 296.342 ms)
  N=8   batch 1/1: 0.696311 sec, 8 copies (server sum 631.501 ms)
  N=16  batch 1/1: 1.237670 sec, 16 copies (server sum 1165.444 ms)
  done: 5 sizes x 1 run (0 failures)

Done. Batch rows appended to logs/warm_stepup/20260918T224909Z-a543de/query_timing_tpch_idx.csv
Per-copy samples appended to logs/warm_stepup/20260918T224909Z-a543de/query_samples_tpch_idx.csv
Last batch ended at epoch 1789776392.656 (PREV_END_EPOCH for the next invocation)
===== [132/159] queries/tpch/tpch-queries/q21/v1_materialized.sql run_id=F06ED8E20CB942E2 =====
query_runner configuration:
  QUERY_DIR         = queries/tpch/tpch-queries/q21/v1_materialized.sql
  LOGS_DIR          = logs/warm_stepup/20260918T224909Z-a543de  (query_timing_/query_samples_/query_catalog_tpch_idx.csv)
  DB_NAME / DB_USER = tpch_idx / postgres
  PGPORT            = 5434  (server reports 18.4)
  RUN_ID            = F06ED8E20CB942E2
  WARMUP            = 2 single-copy warm-ups (the first primes the cache)
  BATCH_SIZES       = 1 2 4 8 16  x RUNS=1 measured batches each
  WORKERS           = (planner default)
  STATEMENT_TIMEOUT = 900
  THERMAL_EQUALISE  = gate (T_LO=55 T_HI=60 preheat<=60s cooldown<=120s)
  sensors           = pkg:/sys/class/hwmon/hwmon8/temp1_input cores:4 cpufreq:8 throttle:8/8
  SIGLESS_ADDR      = (disabled)
Found 1 query under queries/tpch/tpch-queries/q21/v1_materialized.sql

[1/1] queries/tpch/tpch-queries/q21/v1_materialized.sql (2 warmup + step-up 1 2 4 8 16 x1)
  warmup 1/2: 11.926789 sec (cache prime)
  warmup 2/2: 0.609861 sec
  N=1   batch 1/1: 0.607558 sec, 1 copy (server sum 549.661 ms)
  N=2   batch 1/1: 1.122160 sec, 2 copies (server sum 1061.353 ms)
  N=4   batch 1/1: 2.162440 sec, 4 copies (server sum 2049.483 ms)
  N=8   batch 1/1: 4.125969 sec, 8 copies (server sum 4050.685 ms)
  N=16  batch 1/1: 8.154931 sec, 16 copies (server sum 8060.366 ms)
  done: 5 sizes x 1 run (0 failures)

Done. Batch rows appended to logs/warm_stepup/20260918T224909Z-a543de/query_timing_tpch_idx.csv
Per-copy samples appended to logs/warm_stepup/20260918T224909Z-a543de/query_samples_tpch_idx.csv
Last batch ended at epoch 1789776425.298 (PREV_END_EPOCH for the next invocation)
===== [133/159] queries/tpch/tpch-queries/q06/v1_materialized.sql run_id=354EFC2D4DFFEBC1 =====
query_runner configuration:
  QUERY_DIR         = queries/tpch/tpch-queries/q06/v1_materialized.sql
  LOGS_DIR          = logs/warm_stepup/20260918T224909Z-a543de  (query_timing_/query_samples_/query_catalog_tpch_idx.csv)
  DB_NAME / DB_USER = tpch_idx / postgres
  PGPORT            = 5434  (server reports 18.4)
  RUN_ID            = 354EFC2D4DFFEBC1
  WARMUP            = 2 single-copy warm-ups (the first primes the cache)
  BATCH_SIZES       = 1 2 4 8 16  x RUNS=1 measured batches each
  WORKERS           = (planner default)
  STATEMENT_TIMEOUT = 900
  THERMAL_EQUALISE  = gate (T_LO=55 T_HI=60 preheat<=60s cooldown<=120s)
  sensors           = pkg:/sys/class/hwmon/hwmon8/temp1_input cores:4 cpufreq:8 throttle:8/8
  SIGLESS_ADDR      = (disabled)
Found 1 query under queries/tpch/tpch-queries/q06/v1_materialized.sql

[1/1] queries/tpch/tpch-queries/q06/v1_materialized.sql (2 warmup + step-up 1 2 4 8 16 x1)
  warmup 1/2: 0.373237 sec (cache prime)
  warmup 2/2: 0.134551 sec
  N=1   batch 1/1: 0.135559 sec, 1 copy (server sum 80.498 ms)
  N=2   batch 1/1: 0.225733 sec, 2 copies (server sum 169.854 ms)
  N=4   batch 1/1: 0.375310 sec, 4 copies (server sum 317.728 ms)
  N=8   batch 1/1: 0.692163 sec, 8 copies (server sum 632.076 ms)
  N=16  batch 1/1: 1.330665 sec, 16 copies (server sum 1264.259 ms)
  done: 5 sizes x 1 run (0 failures)

Done. Batch rows appended to logs/warm_stepup/20260918T224909Z-a543de/query_timing_tpch_idx.csv
Per-copy samples appended to logs/warm_stepup/20260918T224909Z-a543de/query_samples_tpch_idx.csv
Last batch ended at epoch 1789776432.753 (PREV_END_EPOCH for the next invocation)
===== [134/159] queries/tpch/tpch-queries/q19/v2_union_all.sql run_id=5D19FA0615AB860E =====
query_runner configuration:
  QUERY_DIR         = queries/tpch/tpch-queries/q19/v2_union_all.sql
  LOGS_DIR          = logs/warm_stepup/20260918T224909Z-a543de  (query_timing_/query_samples_/query_catalog_tpch_idx.csv)
  DB_NAME / DB_USER = tpch_idx / postgres
  PGPORT            = 5434  (server reports 18.4)
  RUN_ID            = 5D19FA0615AB860E
  WARMUP            = 2 single-copy warm-ups (the first primes the cache)
  BATCH_SIZES       = 1 2 4 8 16  x RUNS=1 measured batches each
  WORKERS           = (planner default)
  STATEMENT_TIMEOUT = 900
  THERMAL_EQUALISE  = gate (T_LO=55 T_HI=60 preheat<=60s cooldown<=120s)
  sensors           = pkg:/sys/class/hwmon/hwmon8/temp1_input cores:4 cpufreq:8 throttle:8/8
  SIGLESS_ADDR      = (disabled)
Found 1 query under queries/tpch/tpch-queries/q19/v2_union_all.sql

[1/1] queries/tpch/tpch-queries/q19/v2_union_all.sql (2 warmup + step-up 1 2 4 8 16 x1)
  warmup 1/2: 1.057474 sec (cache prime)
  warmup 2/2: 0.109230 sec
  N=1   batch 1/1: 0.107546 sec, 1 copy (server sum 50.353 ms)
  N=2   batch 1/1: 0.155881 sec, 2 copies (server sum 96.415 ms)
  N=4   batch 1/1: 0.256676 sec, 4 copies (server sum 190.730 ms)
  N=8   batch 1/1: 0.445530 sec, 8 copies (server sum 373.879 ms)
  N=16  batch 1/1: 0.820562 sec, 16 copies (server sum 737.928 ms)
  done: 5 sizes x 1 run (0 failures)

Done. Batch rows appended to logs/warm_stepup/20260918T224909Z-a543de/query_timing_tpch_idx.csv
Per-copy samples appended to logs/warm_stepup/20260918T224909Z-a543de/query_samples_tpch_idx.csv
Last batch ended at epoch 1789776439.878 (PREV_END_EPOCH for the next invocation)
===== [135/159] queries/tpch/tpch-queries/q05/v1_materialized.sql run_id=14726C48664F155E =====
query_runner configuration:
  QUERY_DIR         = queries/tpch/tpch-queries/q05/v1_materialized.sql
  LOGS_DIR          = logs/warm_stepup/20260918T224909Z-a543de  (query_timing_/query_samples_/query_catalog_tpch_idx.csv)
  DB_NAME / DB_USER = tpch_idx / postgres
  PGPORT            = 5434  (server reports 18.4)
  RUN_ID            = 14726C48664F155E
  WARMUP            = 2 single-copy warm-ups (the first primes the cache)
  BATCH_SIZES       = 1 2 4 8 16  x RUNS=1 measured batches each
  WORKERS           = (planner default)
  STATEMENT_TIMEOUT = 900
  THERMAL_EQUALISE  = gate (T_LO=55 T_HI=60 preheat<=60s cooldown<=120s)
  sensors           = pkg:/sys/class/hwmon/hwmon8/temp1_input cores:4 cpufreq:8 throttle:8/8
  SIGLESS_ADDR      = (disabled)
Found 1 query under queries/tpch/tpch-queries/q05/v1_materialized.sql

[1/1] queries/tpch/tpch-queries/q05/v1_materialized.sql (2 warmup + step-up 1 2 4 8 16 x1)
  warmup 1/2: 6.164029 sec (cache prime)
  warmup 2/2: 0.328604 sec
  N=1   batch 1/1: 0.329620 sec, 1 copy (server sum 269.972 ms)
  N=2   batch 1/1: 0.585307 sec, 2 copies (server sum 522.537 ms)
  N=4   batch 1/1: 1.089538 sec, 4 copies (server sum 1020.210 ms)
  N=8   batch 1/1: 2.098728 sec, 8 copies (server sum 2017.602 ms)
  N=16  batch 1/1: 4.118745 sec, 16 copies (server sum 4012.762 ms)
  done: 5 sizes x 1 run (0 failures)

Done. Batch rows appended to logs/warm_stepup/20260918T224909Z-a543de/query_timing_tpch_idx.csv
Per-copy samples appended to logs/warm_stepup/20260918T224909Z-a543de/query_samples_tpch_idx.csv
Last batch ended at epoch 1789776458.450 (PREV_END_EPOCH for the next invocation)
===== [136/159] queries/tpch/tpch-queries/q21/base.sql run_id=6DD5C929ADE11154 =====
query_runner configuration:
  QUERY_DIR         = queries/tpch/tpch-queries/q21/base.sql
  LOGS_DIR          = logs/warm_stepup/20260918T224909Z-a543de  (query_timing_/query_samples_/query_catalog_tpch_idx.csv)
  DB_NAME / DB_USER = tpch_idx / postgres
  PGPORT            = 5434  (server reports 18.4)
  RUN_ID            = 6DD5C929ADE11154
  WARMUP            = 2 single-copy warm-ups (the first primes the cache)
  BATCH_SIZES       = 1 2 4 8 16  x RUNS=1 measured batches each
  WORKERS           = (planner default)
  STATEMENT_TIMEOUT = 900
  THERMAL_EQUALISE  = gate (T_LO=55 T_HI=60 preheat<=60s cooldown<=120s)
  sensors           = pkg:/sys/class/hwmon/hwmon8/temp1_input cores:4 cpufreq:8 throttle:8/8
  SIGLESS_ADDR      = (disabled)
Found 1 query under queries/tpch/tpch-queries/q21/base.sql

[1/1] queries/tpch/tpch-queries/q21/base.sql (2 warmup + step-up 1 2 4 8 16 x1)
  warmup 1/2: 11.900443 sec (cache prime)
  warmup 2/2: 0.607281 sec
  N=1   batch 1/1: 0.613718 sec, 1 copy (server sum 554.417 ms)
  N=2   batch 1/1: 1.124416 sec, 2 copies (server sum 1061.506 ms)
  N=4   batch 1/1: 2.176374 sec, 4 copies (server sum 2060.252 ms)
  N=8   batch 1/1: 4.129138 sec, 8 copies (server sum 4048.608 ms)
  N=16  batch 1/1: 8.222512 sec, 16 copies (server sum 8067.850 ms)
  done: 5 sizes x 1 run (0 failures)

Done. Batch rows appended to logs/warm_stepup/20260918T224909Z-a543de/query_timing_tpch_idx.csv
Per-copy samples appended to logs/warm_stepup/20260918T224909Z-a543de/query_samples_tpch_idx.csv
Last batch ended at epoch 1789776491.683 (PREV_END_EPOCH for the next invocation)
===== [137/159] queries/tpch/tpch-queries/q04/base.sql run_id=61EC671A57B1C841 =====
query_runner configuration:
  QUERY_DIR         = queries/tpch/tpch-queries/q04/base.sql
  LOGS_DIR          = logs/warm_stepup/20260918T224909Z-a543de  (query_timing_/query_samples_/query_catalog_tpch_idx.csv)
  DB_NAME / DB_USER = tpch_idx / postgres
  PGPORT            = 5434  (server reports 18.4)
  RUN_ID            = 61EC671A57B1C841
  WARMUP            = 2 single-copy warm-ups (the first primes the cache)
  BATCH_SIZES       = 1 2 4 8 16  x RUNS=1 measured batches each
  WORKERS           = (planner default)
  STATEMENT_TIMEOUT = 900
  THERMAL_EQUALISE  = gate (T_LO=55 T_HI=60 preheat<=60s cooldown<=120s)
  sensors           = pkg:/sys/class/hwmon/hwmon8/temp1_input cores:4 cpufreq:8 throttle:8/8
  SIGLESS_ADDR      = (disabled)
Found 1 query under queries/tpch/tpch-queries/q04/base.sql

[1/1] queries/tpch/tpch-queries/q04/base.sql (2 warmup + step-up 1 2 4 8 16 x1)
  warmup 1/2: 1.814235 sec (cache prime)
  warmup 2/2: 0.187837 sec
  N=1   batch 1/1: 0.217933 sec, 1 copy (server sum 126.899 ms)
  N=2   batch 1/1: 0.311286 sec, 2 copies (server sum 254.619 ms)
  N=4   batch 1/1: 0.521349 sec, 4 copies (server sum 462.719 ms)
  N=8   batch 1/1: 0.972023 sec, 8 copies (server sum 910.037 ms)
  N=16  batch 1/1: 1.887518 sec, 16 copies (server sum 1801.101 ms)
  done: 5 sizes x 1 run (0 failures)

Done. Batch rows appended to logs/warm_stepup/20260918T224909Z-a543de/query_timing_tpch_idx.csv
Per-copy samples appended to logs/warm_stepup/20260918T224909Z-a543de/query_samples_tpch_idx.csv
Last batch ended at epoch 1789776502.169 (PREV_END_EPOCH for the next invocation)
===== [138/159] queries/tpch/tpch-queries/q19/v2_union_all.sql run_id=9C55D558632B90B3 =====
query_runner configuration:
  QUERY_DIR         = queries/tpch/tpch-queries/q19/v2_union_all.sql
  LOGS_DIR          = logs/warm_stepup/20260918T224909Z-a543de  (query_timing_/query_samples_/query_catalog_tpch_idx.csv)
  DB_NAME / DB_USER = tpch_idx / postgres
  PGPORT            = 5434  (server reports 18.4)
  RUN_ID            = 9C55D558632B90B3
  WARMUP            = 2 single-copy warm-ups (the first primes the cache)
  BATCH_SIZES       = 1 2 4 8 16  x RUNS=1 measured batches each
  WORKERS           = (planner default)
  STATEMENT_TIMEOUT = 900
  THERMAL_EQUALISE  = gate (T_LO=55 T_HI=60 preheat<=60s cooldown<=120s)
  sensors           = pkg:/sys/class/hwmon/hwmon8/temp1_input cores:4 cpufreq:8 throttle:8/8
  SIGLESS_ADDR      = (disabled)
Found 1 query under queries/tpch/tpch-queries/q19/v2_union_all.sql

[1/1] queries/tpch/tpch-queries/q19/v2_union_all.sql (2 warmup + step-up 1 2 4 8 16 x1)
  warmup 1/2: 1.067166 sec (cache prime)
  warmup 2/2: 0.108683 sec
  N=1   batch 1/1: 0.108955 sec, 1 copy (server sum 50.135 ms)
  N=2   batch 1/1: 0.158145 sec, 2 copies (server sum 98.245 ms)
  N=4   batch 1/1: 0.258472 sec, 4 copies (server sum 190.214 ms)
  N=8   batch 1/1: 0.444321 sec, 8 copies (server sum 374.903 ms)
  N=16  batch 1/1: 0.827423 sec, 16 copies (server sum 744.925 ms)
  done: 5 sizes x 1 run (0 failures)

Done. Batch rows appended to logs/warm_stepup/20260918T224909Z-a543de/query_timing_tpch_idx.csv
Per-copy samples appended to logs/warm_stepup/20260918T224909Z-a543de/query_samples_tpch_idx.csv
Last batch ended at epoch 1789776509.630 (PREV_END_EPOCH for the next invocation)
===== [139/159] queries/tpch/tpch-queries/q05/v1_materialized.sql run_id=E1124B14669CCFA0 =====
query_runner configuration:
  QUERY_DIR         = queries/tpch/tpch-queries/q05/v1_materialized.sql
  LOGS_DIR          = logs/warm_stepup/20260918T224909Z-a543de  (query_timing_/query_samples_/query_catalog_tpch_idx.csv)
  DB_NAME / DB_USER = tpch_idx / postgres
  PGPORT            = 5434  (server reports 18.4)
  RUN_ID            = E1124B14669CCFA0
  WARMUP            = 2 single-copy warm-ups (the first primes the cache)
  BATCH_SIZES       = 1 2 4 8 16  x RUNS=1 measured batches each
  WORKERS           = (planner default)
  STATEMENT_TIMEOUT = 900
  THERMAL_EQUALISE  = gate (T_LO=55 T_HI=60 preheat<=60s cooldown<=120s)
  sensors           = pkg:/sys/class/hwmon/hwmon8/temp1_input cores:4 cpufreq:8 throttle:8/8
  SIGLESS_ADDR      = (disabled)
Found 1 query under queries/tpch/tpch-queries/q05/v1_materialized.sql

[1/1] queries/tpch/tpch-queries/q05/v1_materialized.sql (2 warmup + step-up 1 2 4 8 16 x1)
  warmup 1/2: 7.447923 sec (cache prime)
  warmup 2/2: 0.331456 sec
  N=1   batch 1/1: 0.329643 sec, 1 copy (server sum 269.933 ms)
  N=2   batch 1/1: 0.584333 sec, 2 copies (server sum 521.717 ms)
  N=4   batch 1/1: 1.121817 sec, 4 copies (server sum 1022.004 ms)
  N=8   batch 1/1: 2.114358 sec, 8 copies (server sum 2032.839 ms)
  N=16  batch 1/1: 4.152956 sec, 16 copies (server sum 4047.761 ms)
  done: 5 sizes x 1 run (0 failures)

Done. Batch rows appended to logs/warm_stepup/20260918T224909Z-a543de/query_timing_tpch_idx.csv
Per-copy samples appended to logs/warm_stepup/20260918T224909Z-a543de/query_samples_tpch_idx.csv
Last batch ended at epoch 1789776529.557 (PREV_END_EPOCH for the next invocation)
===== [140/159] queries/tpch/tpch-queries/q18/v2_join.sql run_id=FBDECF8652F6AB12 =====
query_runner configuration:
  QUERY_DIR         = queries/tpch/tpch-queries/q18/v2_join.sql
  LOGS_DIR          = logs/warm_stepup/20260918T224909Z-a543de  (query_timing_/query_samples_/query_catalog_tpch_idx.csv)
  DB_NAME / DB_USER = tpch_idx / postgres
  PGPORT            = 5434  (server reports 18.4)
  RUN_ID            = FBDECF8652F6AB12
  WARMUP            = 2 single-copy warm-ups (the first primes the cache)
  BATCH_SIZES       = 1 2 4 8 16  x RUNS=1 measured batches each
  WORKERS           = (planner default)
  STATEMENT_TIMEOUT = 900
  THERMAL_EQUALISE  = gate (T_LO=55 T_HI=60 preheat<=60s cooldown<=120s)
  sensors           = pkg:/sys/class/hwmon/hwmon8/temp1_input cores:4 cpufreq:8 throttle:8/8
  SIGLESS_ADDR      = (disabled)
Found 1 query under queries/tpch/tpch-queries/q18/v2_join.sql

[1/1] queries/tpch/tpch-queries/q18/v2_join.sql (2 warmup + step-up 1 2 4 8 16 x1)
  warmup 1/2: 6.418626 sec (cache prime)
  warmup 2/2: 5.636088 sec
  N=1   batch 1/1: 5.632163 sec, 1 copy (server sum 5574.550 ms)
  N=2   batch 1/1: 11.135855 sec, 2 copies (server sum 11075.807 ms)
  N=4   batch 1/1: 22.017234 sec, 4 copies (server sum 21953.625 ms)
  N=8   batch 1/1: 44.185826 sec, 8 copies (server sum 44093.040 ms)
  N=16  batch 1/1: 87.803626 sec, 16 copies (server sum 87716.338 ms)
  done: 5 sizes x 1 run (0 failures)

Done. Batch rows appended to logs/warm_stepup/20260918T224909Z-a543de/query_timing_tpch_idx.csv
Per-copy samples appended to logs/warm_stepup/20260918T224909Z-a543de/query_samples_tpch_idx.csv
Last batch ended at epoch 1789776717.006 (PREV_END_EPOCH for the next invocation)
===== [141/159] queries/tpch/tpch-queries/q14/base.sql run_id=28688A8915723435 =====
query_runner configuration:
  QUERY_DIR         = queries/tpch/tpch-queries/q14/base.sql
  LOGS_DIR          = logs/warm_stepup/20260918T224909Z-a543de  (query_timing_/query_samples_/query_catalog_tpch_idx.csv)
  DB_NAME / DB_USER = tpch_idx / postgres
  PGPORT            = 5434  (server reports 18.4)
  RUN_ID            = 28688A8915723435
  WARMUP            = 2 single-copy warm-ups (the first primes the cache)
  BATCH_SIZES       = 1 2 4 8 16  x RUNS=1 measured batches each
  WORKERS           = (planner default)
  STATEMENT_TIMEOUT = 900
  THERMAL_EQUALISE  = gate (T_LO=55 T_HI=60 preheat<=60s cooldown<=120s)
  sensors           = pkg:/sys/class/hwmon/hwmon8/temp1_input cores:4 cpufreq:8 throttle:8/8
  SIGLESS_ADDR      = (disabled)
Found 1 query under queries/tpch/tpch-queries/q14/base.sql

[1/1] queries/tpch/tpch-queries/q14/base.sql (2 warmup + step-up 1 2 4 8 16 x1)
  thermal gate: waited 8s -> 60.0 C
  warmup 1/2: 1.545521 sec (cache prime)
  warmup 2/2: 0.241366 sec
  N=1   batch 1/1: 0.239604 sec, 1 copy (server sum 183.721 ms)
  N=2   batch 1/1: 0.392803 sec, 2 copies (server sum 335.287 ms)
  N=4   batch 1/1: 0.736628 sec, 4 copies (server sum 636.331 ms)
  N=8   batch 1/1: 1.308100 sec, 8 copies (server sum 1245.026 ms)
  N=16  batch 1/1: 2.514884 sec, 16 copies (server sum 2440.737 ms)
  done: 5 sizes x 1 run (0 failures)

Done. Batch rows appended to logs/warm_stepup/20260918T224909Z-a543de/query_timing_tpch_idx.csv
Per-copy samples appended to logs/warm_stepup/20260918T224909Z-a543de/query_samples_tpch_idx.csv
Last batch ended at epoch 1789776736.599 (PREV_END_EPOCH for the next invocation)
===== [142/159] queries/tpch/tpch-queries/q11/base.sql run_id=188F2A29A3217C4A =====
query_runner configuration:
  QUERY_DIR         = queries/tpch/tpch-queries/q11/base.sql
  LOGS_DIR          = logs/warm_stepup/20260918T224909Z-a543de  (query_timing_/query_samples_/query_catalog_tpch_idx.csv)
  DB_NAME / DB_USER = tpch_idx / postgres
  PGPORT            = 5434  (server reports 18.4)
  RUN_ID            = 188F2A29A3217C4A
  WARMUP            = 2 single-copy warm-ups (the first primes the cache)
  BATCH_SIZES       = 1 2 4 8 16  x RUNS=1 measured batches each
  WORKERS           = (planner default)
  STATEMENT_TIMEOUT = 900
  THERMAL_EQUALISE  = gate (T_LO=55 T_HI=60 preheat<=60s cooldown<=120s)
  sensors           = pkg:/sys/class/hwmon/hwmon8/temp1_input cores:4 cpufreq:8 throttle:8/8
  SIGLESS_ADDR      = (disabled)
Found 1 query under queries/tpch/tpch-queries/q11/base.sql

[1/1] queries/tpch/tpch-queries/q11/base.sql (2 warmup + step-up 1 2 4 8 16 x1)
  thermal gate: waited 2s -> 58.0 C
  warmup 1/2: 1.673388 sec (cache prime)
  warmup 2/2: 0.159413 sec
  N=1   batch 1/1: 0.164897 sec, 1 copy (server sum 102.248 ms)
  N=2   batch 1/1: 0.263980 sec, 2 copies (server sum 193.932 ms)
  N=4   batch 1/1: 0.431071 sec, 4 copies (server sum 368.060 ms)
  N=8   batch 1/1: 0.796389 sec, 8 copies (server sum 724.973 ms)
  N=16  batch 1/1: 1.571770 sec, 16 copies (server sum 1442.335 ms)
  done: 5 sizes x 1 run (0 failures)

Done. Batch rows appended to logs/warm_stepup/20260918T224909Z-a543de/query_timing_tpch_idx.csv
Per-copy samples appended to logs/warm_stepup/20260918T224909Z-a543de/query_samples_tpch_idx.csv
Last batch ended at epoch 1789776747.741 (PREV_END_EPOCH for the next invocation)
===== [143/159] queries/tpch/tpch-queries/q15/base.sql run_id=E9B839E7F05E2FDA =====
query_runner configuration:
  QUERY_DIR         = queries/tpch/tpch-queries/q15/base.sql
  LOGS_DIR          = logs/warm_stepup/20260918T224909Z-a543de  (query_timing_/query_samples_/query_catalog_tpch_idx.csv)
  DB_NAME / DB_USER = tpch_idx / postgres
  PGPORT            = 5434  (server reports 18.4)
  RUN_ID            = E9B839E7F05E2FDA
  WARMUP            = 2 single-copy warm-ups (the first primes the cache)
  BATCH_SIZES       = 1 2 4 8 16  x RUNS=1 measured batches each
  WORKERS           = (planner default)
  STATEMENT_TIMEOUT = 900
  THERMAL_EQUALISE  = gate (T_LO=55 T_HI=60 preheat<=60s cooldown<=120s)
  sensors           = pkg:/sys/class/hwmon/hwmon8/temp1_input cores:4 cpufreq:8 throttle:8/8
  SIGLESS_ADDR      = (disabled)
Found 1 query under queries/tpch/tpch-queries/q15/base.sql

[1/1] queries/tpch/tpch-queries/q15/base.sql (2 warmup + step-up 1 2 4 8 16 x1)
  warmup 1/2: 2.200780 sec (cache prime)
  warmup 2/2: 0.406416 sec
  N=1   batch 1/1: 0.391121 sec, 1 copy (server sum 335.033 ms)
  N=2   batch 1/1: 0.694780 sec, 2 copies (server sum 601.060 ms)
  N=4   batch 1/1: 1.185162 sec, 4 copies (server sum 1126.408 ms)
  N=8   batch 1/1: 2.237069 sec, 8 copies (server sum 2175.077 ms)
  N=16  batch 1/1: 4.337908 sec, 16 copies (server sum 4268.600 ms)
  done: 5 sizes x 1 run (0 failures)

Done. Batch rows appended to logs/warm_stepup/20260918T224909Z-a543de/query_timing_tpch_idx.csv
Per-copy samples appended to logs/warm_stepup/20260918T224909Z-a543de/query_samples_tpch_idx.csv
Last batch ended at epoch 1789776763.046 (PREV_END_EPOCH for the next invocation)
===== [144/159] queries/tpch/tpch-queries/q18/v2_join.sql run_id=1A59E4E7C35C8D1F =====
query_runner configuration:
  QUERY_DIR         = queries/tpch/tpch-queries/q18/v2_join.sql
  LOGS_DIR          = logs/warm_stepup/20260918T224909Z-a543de  (query_timing_/query_samples_/query_catalog_tpch_idx.csv)
  DB_NAME / DB_USER = tpch_idx / postgres
  PGPORT            = 5434  (server reports 18.4)
  RUN_ID            = 1A59E4E7C35C8D1F
  WARMUP            = 2 single-copy warm-ups (the first primes the cache)
  BATCH_SIZES       = 1 2 4 8 16  x RUNS=1 measured batches each
  WORKERS           = (planner default)
  STATEMENT_TIMEOUT = 900
  THERMAL_EQUALISE  = gate (T_LO=55 T_HI=60 preheat<=60s cooldown<=120s)
  sensors           = pkg:/sys/class/hwmon/hwmon8/temp1_input cores:4 cpufreq:8 throttle:8/8
  SIGLESS_ADDR      = (disabled)
Found 1 query under queries/tpch/tpch-queries/q18/v2_join.sql

[1/1] queries/tpch/tpch-queries/q18/v2_join.sql (2 warmup + step-up 1 2 4 8 16 x1)
  warmup 1/2: 6.541065 sec (cache prime)
  warmup 2/2: 5.656647 sec
  N=1   batch 1/1: 5.648169 sec, 1 copy (server sum 5590.637 ms)
  N=2   batch 1/1: 11.151730 sec, 2 copies (server sum 11091.603 ms)
  N=4   batch 1/1: 22.160563 sec, 4 copies (server sum 22096.521 ms)
  N=8   batch 1/1: 44.148553 sec, 8 copies (server sum 44077.163 ms)
  N=16  batch 1/1: 88.113993 sec, 16 copies (server sum 88025.198 ms)
  done: 5 sizes x 1 run (0 failures)

Done. Batch rows appended to logs/warm_stepup/20260918T224909Z-a543de/query_timing_tpch_idx.csv
Per-copy samples appended to logs/warm_stepup/20260918T224909Z-a543de/query_samples_tpch_idx.csv
Last batch ended at epoch 1789776950.804 (PREV_END_EPOCH for the next invocation)
===== [145/159] queries/tpch/tpch-queries/q22/v2_anti_join.sql run_id=5A9B49755F908653 =====
query_runner configuration:
  QUERY_DIR         = queries/tpch/tpch-queries/q22/v2_anti_join.sql
  LOGS_DIR          = logs/warm_stepup/20260918T224909Z-a543de  (query_timing_/query_samples_/query_catalog_tpch_idx.csv)
  DB_NAME / DB_USER = tpch_idx / postgres
  PGPORT            = 5434  (server reports 18.4)
  RUN_ID            = 5A9B49755F908653
  WARMUP            = 2 single-copy warm-ups (the first primes the cache)
  BATCH_SIZES       = 1 2 4 8 16  x RUNS=1 measured batches each
  WORKERS           = (planner default)
  STATEMENT_TIMEOUT = 900
  THERMAL_EQUALISE  = gate (T_LO=55 T_HI=60 preheat<=60s cooldown<=120s)
  sensors           = pkg:/sys/class/hwmon/hwmon8/temp1_input cores:4 cpufreq:8 throttle:8/8
  SIGLESS_ADDR      = (disabled)
Found 1 query under queries/tpch/tpch-queries/q22/v2_anti_join.sql

[1/1] queries/tpch/tpch-queries/q22/v2_anti_join.sql (2 warmup + step-up 1 2 4 8 16 x1)
  thermal gate: waited 10s -> 60.0 C
  warmup 1/2: 0.502912 sec (cache prime)
  warmup 2/2: 0.193660 sec
  N=1   batch 1/1: 0.238665 sec, 1 copy (server sum 140.214 ms)
  N=2   batch 1/1: 0.335708 sec, 2 copies (server sum 278.184 ms)
  N=4   batch 1/1: 0.649047 sec, 4 copies (server sum 590.033 ms)
  N=8   batch 1/1: 1.154252 sec, 8 copies (server sum 1089.888 ms)
  N=16  batch 1/1: 2.243852 sec, 16 copies (server sum 2171.471 ms)
  done: 5 sizes x 1 run (0 failures)

Done. Batch rows appended to logs/warm_stepup/20260918T224909Z-a543de/query_timing_tpch_idx.csv
Per-copy samples appended to logs/warm_stepup/20260918T224909Z-a543de/query_samples_tpch_idx.csv
Last batch ended at epoch 1789776970.590 (PREV_END_EPOCH for the next invocation)
===== [146/159] queries/tpch/tpch-queries/q06/base.sql run_id=9110812C76A101E6 =====
query_runner configuration:
  QUERY_DIR         = queries/tpch/tpch-queries/q06/base.sql
  LOGS_DIR          = logs/warm_stepup/20260918T224909Z-a543de  (query_timing_/query_samples_/query_catalog_tpch_idx.csv)
  DB_NAME / DB_USER = tpch_idx / postgres
  PGPORT            = 5434  (server reports 18.4)
  RUN_ID            = 9110812C76A101E6
  WARMUP            = 2 single-copy warm-ups (the first primes the cache)
  BATCH_SIZES       = 1 2 4 8 16  x RUNS=1 measured batches each
  WORKERS           = (planner default)
  STATEMENT_TIMEOUT = 900
  THERMAL_EQUALISE  = gate (T_LO=55 T_HI=60 preheat<=60s cooldown<=120s)
  sensors           = pkg:/sys/class/hwmon/hwmon8/temp1_input cores:4 cpufreq:8 throttle:8/8
  SIGLESS_ADDR      = (disabled)
Found 1 query under queries/tpch/tpch-queries/q06/base.sql

[1/1] queries/tpch/tpch-queries/q06/base.sql (2 warmup + step-up 1 2 4 8 16 x1)
  thermal gate: waited 2s -> 59.0 C
  warmup 1/2: 0.425963 sec (cache prime)
  warmup 2/2: 0.133145 sec
  N=1   batch 1/1: 0.132401 sec, 1 copy (server sum 77.082 ms)
  N=2   batch 1/1: 0.209243 sec, 2 copies (server sum 153.059 ms)
  N=4   batch 1/1: 0.368253 sec, 4 copies (server sum 310.129 ms)
  N=8   batch 1/1: 0.693519 sec, 8 copies (server sum 617.738 ms)
  N=16  batch 1/1: 1.329595 sec, 16 copies (server sum 1264.950 ms)
  done: 5 sizes x 1 run (0 failures)

Done. Batch rows appended to logs/warm_stepup/20260918T224909Z-a543de/query_timing_tpch_idx.csv
Per-copy samples appended to logs/warm_stepup/20260918T224909Z-a543de/query_samples_tpch_idx.csv
Last batch ended at epoch 1789776980.001 (PREV_END_EPOCH for the next invocation)
===== [147/159] queries/tpch/tpch-queries/q18/base.sql run_id=4B2551337A17183D =====
query_runner configuration:
  QUERY_DIR         = queries/tpch/tpch-queries/q18/base.sql
  LOGS_DIR          = logs/warm_stepup/20260918T224909Z-a543de  (query_timing_/query_samples_/query_catalog_tpch_idx.csv)
  DB_NAME / DB_USER = tpch_idx / postgres
  PGPORT            = 5434  (server reports 18.4)
  RUN_ID            = 4B2551337A17183D
  WARMUP            = 2 single-copy warm-ups (the first primes the cache)
  BATCH_SIZES       = 1 2 4 8 16  x RUNS=1 measured batches each
  WORKERS           = (planner default)
  STATEMENT_TIMEOUT = 900
  THERMAL_EQUALISE  = gate (T_LO=55 T_HI=60 preheat<=60s cooldown<=120s)
  sensors           = pkg:/sys/class/hwmon/hwmon8/temp1_input cores:4 cpufreq:8 throttle:8/8
  SIGLESS_ADDR      = (disabled)
Found 1 query under queries/tpch/tpch-queries/q18/base.sql

[1/1] queries/tpch/tpch-queries/q18/base.sql (2 warmup + step-up 1 2 4 8 16 x1)
  thermal gate: waited 2s -> 57.0 C
  warmup 1/2: 6.876227 sec (cache prime)
  warmup 2/2: 5.601247 sec
  N=1   batch 1/1: 5.628181 sec, 1 copy (server sum 5533.143 ms)
  N=2   batch 1/1: 11.096001 sec, 2 copies (server sum 11036.352 ms)
  N=4   batch 1/1: 22.093892 sec, 4 copies (server sum 22029.879 ms)
  N=8   batch 1/1: 43.910817 sec, 8 copies (server sum 43838.832 ms)
  N=16  batch 1/1: 87.882033 sec, 16 copies (server sum 87794.408 ms)
  done: 5 sizes x 1 run (0 failures)

Done. Batch rows appended to logs/warm_stepup/20260918T224909Z-a543de/query_timing_tpch_idx.csv
Per-copy samples appended to logs/warm_stepup/20260918T224909Z-a543de/query_samples_tpch_idx.csv
Last batch ended at epoch 1789777169.344 (PREV_END_EPOCH for the next invocation)
===== [148/159] queries/tpch/tpch-queries/q16/v2_not_exists.sql run_id=912098157FFEF0A3 =====
query_runner configuration:
  QUERY_DIR         = queries/tpch/tpch-queries/q16/v2_not_exists.sql
  LOGS_DIR          = logs/warm_stepup/20260918T224909Z-a543de  (query_timing_/query_samples_/query_catalog_tpch_idx.csv)
  DB_NAME / DB_USER = tpch_idx / postgres
  PGPORT            = 5434  (server reports 18.4)
  RUN_ID            = 912098157FFEF0A3
  WARMUP            = 2 single-copy warm-ups (the first primes the cache)
  BATCH_SIZES       = 1 2 4 8 16  x RUNS=1 measured batches each
  WORKERS           = (planner default)
  STATEMENT_TIMEOUT = 900
  THERMAL_EQUALISE  = gate (T_LO=55 T_HI=60 preheat<=60s cooldown<=120s)
  sensors           = pkg:/sys/class/hwmon/hwmon8/temp1_input cores:4 cpufreq:8 throttle:8/8
  SIGLESS_ADDR      = (disabled)
Found 1 query under queries/tpch/tpch-queries/q16/v2_not_exists.sql

[1/1] queries/tpch/tpch-queries/q16/v2_not_exists.sql (2 warmup + step-up 1 2 4 8 16 x1)
  thermal gate: waited 10s -> 60.0 C
  warmup 1/2: 0.640959 sec (cache prime)
  warmup 2/2: 0.343819 sec
  N=1   batch 1/1: 0.345042 sec, 1 copy (server sum 288.417 ms)
  N=2   batch 1/1: 0.641094 sec, 2 copies (server sum 583.010 ms)
  N=4   batch 1/1: 1.296268 sec, 4 copies (server sum 1184.106 ms)
  N=8   batch 1/1: 2.419093 sec, 8 copies (server sum 2353.972 ms)
  N=16  batch 1/1: 4.813798 sec, 16 copies (server sum 4739.040 ms)
  done: 5 sizes x 1 run (0 failures)

Done. Batch rows appended to logs/warm_stepup/20260918T224909Z-a543de/query_timing_tpch_idx.csv
Per-copy samples appended to logs/warm_stepup/20260918T224909Z-a543de/query_samples_tpch_idx.csv
Last batch ended at epoch 1789777194.624 (PREV_END_EPOCH for the next invocation)
===== [149/159] queries/tpch/tpch-queries/q01/v1_materialized.sql run_id=CBAC4D0CD1538244 =====
query_runner configuration:
  QUERY_DIR         = queries/tpch/tpch-queries/q01/v1_materialized.sql
  LOGS_DIR          = logs/warm_stepup/20260918T224909Z-a543de  (query_timing_/query_samples_/query_catalog_tpch_idx.csv)
  DB_NAME / DB_USER = tpch_idx / postgres
  PGPORT            = 5434  (server reports 18.4)
  RUN_ID            = CBAC4D0CD1538244
  WARMUP            = 2 single-copy warm-ups (the first primes the cache)
  BATCH_SIZES       = 1 2 4 8 16  x RUNS=1 measured batches each
  WORKERS           = (planner default)
  STATEMENT_TIMEOUT = 900
  THERMAL_EQUALISE  = gate (T_LO=55 T_HI=60 preheat<=60s cooldown<=120s)
  sensors           = pkg:/sys/class/hwmon/hwmon8/temp1_input cores:4 cpufreq:8 throttle:8/8
  SIGLESS_ADDR      = (disabled)
Found 1 query under queries/tpch/tpch-queries/q01/v1_materialized.sql

[1/1] queries/tpch/tpch-queries/q01/v1_materialized.sql (2 warmup + step-up 1 2 4 8 16 x1)
  thermal gate: waited 2s -> 58.0 C
  warmup 1/2: 2.723118 sec (cache prime)
  warmup 2/2: 1.965731 sec
  N=1   batch 1/1: 1.974747 sec, 1 copy (server sum 1909.769 ms)
  N=2   batch 1/1: 3.848886 sec, 2 copies (server sum 3774.334 ms)
  N=4   batch 1/1: 7.588888 sec, 4 copies (server sum 7530.510 ms)
  N=8   batch 1/1: 15.061315 sec, 8 copies (server sum 14975.549 ms)
  N=16  batch 1/1: 30.023769 sec, 16 copies (server sum 29955.115 ms)
  done: 5 sizes x 1 run (0 failures)

Done. Batch rows appended to logs/warm_stepup/20260918T224909Z-a543de/query_timing_tpch_idx.csv
Per-copy samples appended to logs/warm_stepup/20260918T224909Z-a543de/query_samples_tpch_idx.csv
Last batch ended at epoch 1789777263.700 (PREV_END_EPOCH for the next invocation)
===== [150/159] queries/tpch/tpch-queries/q07/v2_union_all.sql run_id=DD28AC5C354D7389 =====
query_runner configuration:
  QUERY_DIR         = queries/tpch/tpch-queries/q07/v2_union_all.sql
  LOGS_DIR          = logs/warm_stepup/20260918T224909Z-a543de  (query_timing_/query_samples_/query_catalog_tpch_idx.csv)
  DB_NAME / DB_USER = tpch_idx / postgres
  PGPORT            = 5434  (server reports 18.4)
  RUN_ID            = DD28AC5C354D7389
  WARMUP            = 2 single-copy warm-ups (the first primes the cache)
  BATCH_SIZES       = 1 2 4 8 16  x RUNS=1 measured batches each
  WORKERS           = (planner default)
  STATEMENT_TIMEOUT = 900
  THERMAL_EQUALISE  = gate (T_LO=55 T_HI=60 preheat<=60s cooldown<=120s)
  sensors           = pkg:/sys/class/hwmon/hwmon8/temp1_input cores:4 cpufreq:8 throttle:8/8
  SIGLESS_ADDR      = (disabled)
Found 1 query under queries/tpch/tpch-queries/q07/v2_union_all.sql

[1/1] queries/tpch/tpch-queries/q07/v2_union_all.sql (2 warmup + step-up 1 2 4 8 16 x1)
  thermal gate: waited 10s -> 59.0 C
  warmup 1/2: 8.133710 sec (cache prime)
  warmup 2/2: 0.735208 sec
  N=1   batch 1/1: 0.735013 sec, 1 copy (server sum 675.329 ms)
  N=2   batch 1/1: 1.341408 sec, 2 copies (server sum 1277.688 ms)
  N=4   batch 1/1: 2.544713 sec, 4 copies (server sum 2473.900 ms)
  N=8   batch 1/1: 4.967663 sec, 8 copies (server sum 4879.425 ms)
  N=16  batch 1/1: 9.853418 sec, 16 copies (server sum 9687.774 ms)
  done: 5 sizes x 1 run (0 failures)

Done. Batch rows appended to logs/warm_stepup/20260918T224909Z-a543de/query_timing_tpch_idx.csv
Per-copy samples appended to logs/warm_stepup/20260918T224909Z-a543de/query_samples_tpch_idx.csv
Last batch ended at epoch 1789777306.284 (PREV_END_EPOCH for the next invocation)
===== [151/159] queries/tpch/tpch-queries/q04/v2_in.sql run_id=EDF6E4425A620B58 =====
query_runner configuration:
  QUERY_DIR         = queries/tpch/tpch-queries/q04/v2_in.sql
  LOGS_DIR          = logs/warm_stepup/20260918T224909Z-a543de  (query_timing_/query_samples_/query_catalog_tpch_idx.csv)
  DB_NAME / DB_USER = tpch_idx / postgres
  PGPORT            = 5434  (server reports 18.4)
  RUN_ID            = EDF6E4425A620B58
  WARMUP            = 2 single-copy warm-ups (the first primes the cache)
  BATCH_SIZES       = 1 2 4 8 16  x RUNS=1 measured batches each
  WORKERS           = (planner default)
  STATEMENT_TIMEOUT = 900
  THERMAL_EQUALISE  = gate (T_LO=55 T_HI=60 preheat<=60s cooldown<=120s)
  sensors           = pkg:/sys/class/hwmon/hwmon8/temp1_input cores:4 cpufreq:8 throttle:8/8
  SIGLESS_ADDR      = (disabled)
Found 1 query under queries/tpch/tpch-queries/q04/v2_in.sql

[1/1] queries/tpch/tpch-queries/q04/v2_in.sql (2 warmup + step-up 1 2 4 8 16 x1)
  thermal gate: waited 2s -> 58.0 C
  warmup 1/2: 1.865771 sec (cache prime)
  warmup 2/2: 0.183025 sec
  N=1   batch 1/1: 0.212624 sec, 1 copy (server sum 127.409 ms)
  N=2   batch 1/1: 0.294080 sec, 2 copies (server sum 237.159 ms)
  N=4   batch 1/1: 0.526242 sec, 4 copies (server sum 466.486 ms)
  N=8   batch 1/1: 0.973455 sec, 8 copies (server sum 911.640 ms)
  N=16  batch 1/1: 1.889109 sec, 16 copies (server sum 1800.999 ms)
  done: 5 sizes x 1 run (0 failures)

Done. Batch rows appended to logs/warm_stepup/20260918T224909Z-a543de/query_timing_tpch_idx.csv
Per-copy samples appended to logs/warm_stepup/20260918T224909Z-a543de/query_samples_tpch_idx.csv
Last batch ended at epoch 1789777318.861 (PREV_END_EPOCH for the next invocation)
===== [152/159] queries/tpch/tpch-queries/q22/v1_materialized.sql run_id=49BA8A3FF8584B8F =====
query_runner configuration:
  QUERY_DIR         = queries/tpch/tpch-queries/q22/v1_materialized.sql
  LOGS_DIR          = logs/warm_stepup/20260918T224909Z-a543de  (query_timing_/query_samples_/query_catalog_tpch_idx.csv)
  DB_NAME / DB_USER = tpch_idx / postgres
  PGPORT            = 5434  (server reports 18.4)
  RUN_ID            = 49BA8A3FF8584B8F
  WARMUP            = 2 single-copy warm-ups (the first primes the cache)
  BATCH_SIZES       = 1 2 4 8 16  x RUNS=1 measured batches each
  WORKERS           = (planner default)
  STATEMENT_TIMEOUT = 900
  THERMAL_EQUALISE  = gate (T_LO=55 T_HI=60 preheat<=60s cooldown<=120s)
  sensors           = pkg:/sys/class/hwmon/hwmon8/temp1_input cores:4 cpufreq:8 throttle:8/8
  SIGLESS_ADDR      = (disabled)
Found 1 query under queries/tpch/tpch-queries/q22/v1_materialized.sql

[1/1] queries/tpch/tpch-queries/q22/v1_materialized.sql (2 warmup + step-up 1 2 4 8 16 x1)
  warmup 1/2: 0.323886 sec (cache prime)
  warmup 2/2: 0.138098 sec
  N=1   batch 1/1: 0.137984 sec, 1 copy (server sum 81.498 ms)
  N=2   batch 1/1: 0.218089 sec, 2 copies (server sum 160.912 ms)
  N=4   batch 1/1: 0.355305 sec, 4 copies (server sum 295.857 ms)
  N=8   batch 1/1: 0.681720 sec, 8 copies (server sum 617.738 ms)
  N=16  batch 1/1: 1.241727 sec, 16 copies (server sum 1169.639 ms)
  done: 5 sizes x 1 run (0 failures)

Done. Batch rows appended to logs/warm_stepup/20260918T224909Z-a543de/query_timing_tpch_idx.csv
Per-copy samples appended to logs/warm_stepup/20260918T224909Z-a543de/query_samples_tpch_idx.csv
Last batch ended at epoch 1789777326.269 (PREV_END_EPOCH for the next invocation)
===== [153/159] queries/tpch/tpch-queries/q16/base.sql run_id=D98EAB11C2702EC3 =====
query_runner configuration:
  QUERY_DIR         = queries/tpch/tpch-queries/q16/base.sql
  LOGS_DIR          = logs/warm_stepup/20260918T224909Z-a543de  (query_timing_/query_samples_/query_catalog_tpch_idx.csv)
  DB_NAME / DB_USER = tpch_idx / postgres
  PGPORT            = 5434  (server reports 18.4)
  RUN_ID            = D98EAB11C2702EC3
  WARMUP            = 2 single-copy warm-ups (the first primes the cache)
  BATCH_SIZES       = 1 2 4 8 16  x RUNS=1 measured batches each
  WORKERS           = (planner default)
  STATEMENT_TIMEOUT = 900
  THERMAL_EQUALISE  = gate (T_LO=55 T_HI=60 preheat<=60s cooldown<=120s)
  sensors           = pkg:/sys/class/hwmon/hwmon8/temp1_input cores:4 cpufreq:8 throttle:8/8
  SIGLESS_ADDR      = (disabled)
Found 1 query under queries/tpch/tpch-queries/q16/base.sql

[1/1] queries/tpch/tpch-queries/q16/base.sql (2 warmup + step-up 1 2 4 8 16 x1)
  warmup 1/2: 0.626980 sec (cache prime)
  warmup 2/2: 0.401550 sec
  N=1   batch 1/1: 0.365211 sec, 1 copy (server sum 309.053 ms)
  N=2   batch 1/1: 0.691022 sec, 2 copies (server sum 621.934 ms)
  N=4   batch 1/1: 1.303147 sec, 4 copies (server sum 1243.516 ms)
  N=8   batch 1/1: 2.557639 sec, 8 copies (server sum 2493.376 ms)
  N=16  batch 1/1: 5.057981 sec, 16 copies (server sum 4985.488 ms)
  done: 5 sizes x 1 run (0 failures)

Done. Batch rows appended to logs/warm_stepup/20260918T224909Z-a543de/query_timing_tpch_idx.csv
Per-copy samples appended to logs/warm_stepup/20260918T224909Z-a543de/query_samples_tpch_idx.csv
Last batch ended at epoch 1789777341.416 (PREV_END_EPOCH for the next invocation)
===== [154/159] queries/tpch/tpch-queries/q12/v2_filter.sql run_id=6D0A8D11A48223E5 =====
query_runner configuration:
  QUERY_DIR         = queries/tpch/tpch-queries/q12/v2_filter.sql
  LOGS_DIR          = logs/warm_stepup/20260918T224909Z-a543de  (query_timing_/query_samples_/query_catalog_tpch_idx.csv)
  DB_NAME / DB_USER = tpch_idx / postgres
  PGPORT            = 5434  (server reports 18.4)
  RUN_ID            = 6D0A8D11A48223E5
  WARMUP            = 2 single-copy warm-ups (the first primes the cache)
  BATCH_SIZES       = 1 2 4 8 16  x RUNS=1 measured batches each
  WORKERS           = (planner default)
  STATEMENT_TIMEOUT = 900
  THERMAL_EQUALISE  = gate (T_LO=55 T_HI=60 preheat<=60s cooldown<=120s)
  sensors           = pkg:/sys/class/hwmon/hwmon8/temp1_input cores:4 cpufreq:8 throttle:8/8
  SIGLESS_ADDR      = (disabled)
Found 1 query under queries/tpch/tpch-queries/q12/v2_filter.sql

[1/1] queries/tpch/tpch-queries/q12/v2_filter.sql (2 warmup + step-up 1 2 4 8 16 x1)
  thermal gate: waited 2s -> 56.0 C
  warmup 1/2: 1.797832 sec (cache prime)
  warmup 2/2: 0.453028 sec
  N=1   batch 1/1: 0.449098 sec, 1 copy (server sum 392.914 ms)
  N=2   batch 1/1: 0.795878 sec, 2 copies (server sum 739.166 ms)
  N=4   batch 1/1: 1.544355 sec, 4 copies (server sum 1441.993 ms)
  N=8   batch 1/1: 2.901433 sec, 8 copies (server sum 2838.249 ms)
  N=16  batch 1/1: 5.772710 sec, 16 copies (server sum 5650.537 ms)
  done: 5 sizes x 1 run (0 failures)

Done. Batch rows appended to logs/warm_stepup/20260918T224909Z-a543de/query_timing_tpch_idx.csv
Per-copy samples appended to logs/warm_stepup/20260918T224909Z-a543de/query_samples_tpch_idx.csv
Last batch ended at epoch 1789777360.971 (PREV_END_EPOCH for the next invocation)
===== [155/159] queries/tpch/tpch-queries/q14/v2_filter.sql run_id=FD7482100156B5B7 =====
query_runner configuration:
  QUERY_DIR         = queries/tpch/tpch-queries/q14/v2_filter.sql
  LOGS_DIR          = logs/warm_stepup/20260918T224909Z-a543de  (query_timing_/query_samples_/query_catalog_tpch_idx.csv)
  DB_NAME / DB_USER = tpch_idx / postgres
  PGPORT            = 5434  (server reports 18.4)
  RUN_ID            = FD7482100156B5B7
  WARMUP            = 2 single-copy warm-ups (the first primes the cache)
  BATCH_SIZES       = 1 2 4 8 16  x RUNS=1 measured batches each
  WORKERS           = (planner default)
  STATEMENT_TIMEOUT = 900
  THERMAL_EQUALISE  = gate (T_LO=55 T_HI=60 preheat<=60s cooldown<=120s)
  sensors           = pkg:/sys/class/hwmon/hwmon8/temp1_input cores:4 cpufreq:8 throttle:8/8
  SIGLESS_ADDR      = (disabled)
Found 1 query under queries/tpch/tpch-queries/q14/v2_filter.sql

[1/1] queries/tpch/tpch-queries/q14/v2_filter.sql (2 warmup + step-up 1 2 4 8 16 x1)
  warmup 1/2: 1.524380 sec (cache prime)
  warmup 2/2: 0.238294 sec
  N=1   batch 1/1: 0.237525 sec, 1 copy (server sum 181.650 ms)
  N=2   batch 1/1: 0.392047 sec, 2 copies (server sum 332.827 ms)
  N=4   batch 1/1: 0.699154 sec, 4 copies (server sum 635.940 ms)
  N=8   batch 1/1: 1.295845 sec, 8 copies (server sum 1232.527 ms)
  N=16  batch 1/1: 2.519922 sec, 16 copies (server sum 2448.239 ms)
  done: 5 sizes x 1 run (0 failures)

Done. Batch rows appended to logs/warm_stepup/20260918T224909Z-a543de/query_timing_tpch_idx.csv
Per-copy samples appended to logs/warm_stepup/20260918T224909Z-a543de/query_samples_tpch_idx.csv
Last batch ended at epoch 1789777372.351 (PREV_END_EPOCH for the next invocation)
===== [156/159] queries/tpch/tpch-queries/q19/v1_materialized.sql run_id=DE6B6AE09EC515B5 =====
query_runner configuration:
  QUERY_DIR         = queries/tpch/tpch-queries/q19/v1_materialized.sql
  LOGS_DIR          = logs/warm_stepup/20260918T224909Z-a543de  (query_timing_/query_samples_/query_catalog_tpch_idx.csv)
  DB_NAME / DB_USER = tpch_idx / postgres
  PGPORT            = 5434  (server reports 18.4)
  RUN_ID            = DE6B6AE09EC515B5
  WARMUP            = 2 single-copy warm-ups (the first primes the cache)
  BATCH_SIZES       = 1 2 4 8 16  x RUNS=1 measured batches each
  WORKERS           = (planner default)
  STATEMENT_TIMEOUT = 900
  THERMAL_EQUALISE  = gate (T_LO=55 T_HI=60 preheat<=60s cooldown<=120s)
  sensors           = pkg:/sys/class/hwmon/hwmon8/temp1_input cores:4 cpufreq:8 throttle:8/8
  SIGLESS_ADDR      = (disabled)
Found 1 query under queries/tpch/tpch-queries/q19/v1_materialized.sql

[1/1] queries/tpch/tpch-queries/q19/v1_materialized.sql (2 warmup + step-up 1 2 4 8 16 x1)
  warmup 1/2: 1.948111 sec (cache prime)
  warmup 2/2: 0.093197 sec
  N=1   batch 1/1: 0.092241 sec, 1 copy (server sum 35.332 ms)
  N=2   batch 1/1: 0.127333 sec, 2 copies (server sum 68.939 ms)
  N=4   batch 1/1: 0.192652 sec, 4 copies (server sum 131.817 ms)
  N=8   batch 1/1: 0.368559 sec, 8 copies (server sum 263.217 ms)
  N=16  batch 1/1: 0.609026 sec, 16 copies (server sum 518.243 ms)
  done: 5 sizes x 1 run (0 failures)

Done. Batch rows appended to logs/warm_stepup/20260918T224909Z-a543de/query_timing_tpch_idx.csv
Per-copy samples appended to logs/warm_stepup/20260918T224909Z-a543de/query_samples_tpch_idx.csv
Last batch ended at epoch 1789777379.760 (PREV_END_EPOCH for the next invocation)
===== [157/159] queries/tpch/tpch-queries/q06/base.sql run_id=8E8E33473012AADE =====
query_runner configuration:
  QUERY_DIR         = queries/tpch/tpch-queries/q06/base.sql
  LOGS_DIR          = logs/warm_stepup/20260918T224909Z-a543de  (query_timing_/query_samples_/query_catalog_tpch_idx.csv)
  DB_NAME / DB_USER = tpch_idx / postgres
  PGPORT            = 5434  (server reports 18.4)
  RUN_ID            = 8E8E33473012AADE
  WARMUP            = 2 single-copy warm-ups (the first primes the cache)
  BATCH_SIZES       = 1 2 4 8 16  x RUNS=1 measured batches each
  WORKERS           = (planner default)
  STATEMENT_TIMEOUT = 900
  THERMAL_EQUALISE  = gate (T_LO=55 T_HI=60 preheat<=60s cooldown<=120s)
  sensors           = pkg:/sys/class/hwmon/hwmon8/temp1_input cores:4 cpufreq:8 throttle:8/8
  SIGLESS_ADDR      = (disabled)
Found 1 query under queries/tpch/tpch-queries/q06/base.sql

[1/1] queries/tpch/tpch-queries/q06/base.sql (2 warmup + step-up 1 2 4 8 16 x1)
  warmup 1/2: 0.326532 sec (cache prime)
  warmup 2/2: 0.135143 sec
  N=1   batch 1/1: 0.132151 sec, 1 copy (server sum 76.193 ms)
  N=2   batch 1/1: 0.214903 sec, 2 copies (server sum 158.393 ms)
  N=4   batch 1/1: 0.384673 sec, 4 copies (server sum 327.335 ms)
  N=8   batch 1/1: 0.701954 sec, 8 copies (server sum 611.259 ms)
  N=16  batch 1/1: 1.300314 sec, 16 copies (server sum 1233.174 ms)
  done: 5 sizes x 1 run (0 failures)

Done. Batch rows appended to logs/warm_stepup/20260918T224909Z-a543de/query_timing_tpch_idx.csv
Per-copy samples appended to logs/warm_stepup/20260918T224909Z-a543de/query_samples_tpch_idx.csv
Last batch ended at epoch 1789777386.954 (PREV_END_EPOCH for the next invocation)
===== [158/159] queries/tpch/tpch-queries/q02/v2_decorrelate.sql run_id=3BF0EB86BE8C5D8D =====
query_runner configuration:
  QUERY_DIR         = queries/tpch/tpch-queries/q02/v2_decorrelate.sql
  LOGS_DIR          = logs/warm_stepup/20260918T224909Z-a543de  (query_timing_/query_samples_/query_catalog_tpch_idx.csv)
  DB_NAME / DB_USER = tpch_idx / postgres
  PGPORT            = 5434  (server reports 18.4)
  RUN_ID            = 3BF0EB86BE8C5D8D
  WARMUP            = 2 single-copy warm-ups (the first primes the cache)
  BATCH_SIZES       = 1 2 4 8 16  x RUNS=1 measured batches each
  WORKERS           = (planner default)
  STATEMENT_TIMEOUT = 900
  THERMAL_EQUALISE  = gate (T_LO=55 T_HI=60 preheat<=60s cooldown<=120s)
  sensors           = pkg:/sys/class/hwmon/hwmon8/temp1_input cores:4 cpufreq:8 throttle:8/8
  SIGLESS_ADDR      = (disabled)
Found 1 query under queries/tpch/tpch-queries/q02/v2_decorrelate.sql

[1/1] queries/tpch/tpch-queries/q02/v2_decorrelate.sql (2 warmup + step-up 1 2 4 8 16 x1)
  warmup 1/2: 2.193816 sec (cache prime)
  warmup 2/2: 0.286219 sec
  N=1   batch 1/1: 0.282500 sec, 1 copy (server sum 223.248 ms)
  N=2   batch 1/1: 0.490539 sec, 2 copies (server sum 427.256 ms)
  N=4   batch 1/1: 0.916917 sec, 4 copies (server sum 845.474 ms)
  N=8   batch 1/1: 1.746152 sec, 8 copies (server sum 1659.196 ms)
  N=16  batch 1/1: 3.486726 sec, 16 copies (server sum 3317.955 ms)
  done: 5 sizes x 1 run (0 failures)

Done. Batch rows appended to logs/warm_stepup/20260918T224909Z-a543de/query_timing_tpch_idx.csv
Per-copy samples appended to logs/warm_stepup/20260918T224909Z-a543de/query_samples_tpch_idx.csv
Last batch ended at epoch 1789777400.247 (PREV_END_EPOCH for the next invocation)
===== [159/159] queries/tpch/tpch-queries/q19/v2_union_all.sql run_id=4454D779655494BB =====
query_runner configuration:
  QUERY_DIR         = queries/tpch/tpch-queries/q19/v2_union_all.sql
  LOGS_DIR          = logs/warm_stepup/20260918T224909Z-a543de  (query_timing_/query_samples_/query_catalog_tpch_idx.csv)
  DB_NAME / DB_USER = tpch_idx / postgres
  PGPORT            = 5434  (server reports 18.4)
  RUN_ID            = 4454D779655494BB
  WARMUP            = 2 single-copy warm-ups (the first primes the cache)
  BATCH_SIZES       = 1 2 4 8 16  x RUNS=1 measured batches each
  WORKERS           = (planner default)
  STATEMENT_TIMEOUT = 900
  THERMAL_EQUALISE  = gate (T_LO=55 T_HI=60 preheat<=60s cooldown<=120s)
  sensors           = pkg:/sys/class/hwmon/hwmon8/temp1_input cores:4 cpufreq:8 throttle:8/8
  SIGLESS_ADDR      = (disabled)
Found 1 query under queries/tpch/tpch-queries/q19/v2_union_all.sql

[1/1] queries/tpch/tpch-queries/q19/v2_union_all.sql (2 warmup + step-up 1 2 4 8 16 x1)
  warmup 1/2: 1.080582 sec (cache prime)
  warmup 2/2: 0.109785 sec
  N=1   batch 1/1: 0.108130 sec, 1 copy (server sum 50.765 ms)
  N=2   batch 1/1: 0.157533 sec, 2 copies (server sum 98.356 ms)
  N=4   batch 1/1: 0.251042 sec, 4 copies (server sum 188.606 ms)
  N=8   batch 1/1: 0.445121 sec, 8 copies (server sum 373.320 ms)
  N=16  batch 1/1: 0.824163 sec, 16 copies (server sum 741.546 ms)
  done: 5 sizes x 1 run (0 failures)

Done. Batch rows appended to logs/warm_stepup/20260918T224909Z-a543de/query_timing_tpch_idx.csv
Per-copy samples appended to logs/warm_stepup/20260918T224909Z-a543de/query_samples_tpch_idx.csv
Last batch ended at epoch 1789777407.497 (PREV_END_EPOCH for the next invocation)
