===== detach.sh start 2026-09-29T10:07:21Z  pid 2381417
===== command: make outputs DB_NAME=stackoverflow_1gb DIR=queries/stackoverflow/SQLStorm STATEMENT_TIMEOUT=60
===== suspend inhibited: yes
output_runner configuration:
  QUERY_DIR   = queries/stackoverflow/SQLStorm
  OUTPUTS_DIR = outputs
  DB_NAME     = stackoverflow_1gb
  outputs ->    outputs/stackoverflow_1gb/
  DB_USER     = postgres
  TIMEOUT     = 60 s per query
  MAX_ROWS    = 1000 rows/query

Found 11794 queries under queries/stackoverflow/SQLStorm

  [1/11794] 10000.sql -> outputs/stackoverflow_1gb/10000.txt  (106 bytes, EXPLAIN stripped)
  [2/11794] 10004.sql -> outputs/stackoverflow_1gb/10004.txt  (712 bytes, EXPLAIN stripped)
  [3/11794] 10006.sql -> outputs/stackoverflow_1gb/10006.txt  (95807 bytes, EXPLAIN stripped)
  [4/11794] 10007.sql -> outputs/stackoverflow_1gb/10007.txt  (96403 bytes, EXPLAIN stripped)
  [5/11794] 10008.sql -> outputs/stackoverflow_1gb/10008.txt  (12266 bytes, EXPLAIN stripped)
  [6/11794] 10009.sql -> outputs/stackoverflow_1gb/10009.txt  (80783 bytes, EXPLAIN stripped)
  [7/11794] 10010.sql -> outputs/stackoverflow_1gb/10010.txt  (709 bytes, EXPLAIN stripped)
  [8/11794] 10011.sql -> outputs/stackoverflow_1gb/10011.txt  (87897 bytes, EXPLAIN stripped)
  [9/11794] 10016.sql -> outputs/stackoverflow_1gb/10016.txt  (66743 bytes, EXPLAIN stripped)
  [10/11794] 10017.sql -> outputs/stackoverflow_1gb/10017.txt  (424 bytes, EXPLAIN stripped)
  [11/11794] 10018.sql -> outputs/stackoverflow_1gb/10018.txt  (304 bytes, EXPLAIN stripped)
  [12/11794] 1002.sql -> outputs/stackoverflow_1gb/1002.txt  (6314 bytes, EXPLAIN stripped)
  [13/11794] 10021.sql -> outputs/stackoverflow_1gb/10021.txt  (4082 bytes, EXPLAIN stripped)
  [14/11794] 10023.sql -> outputs/stackoverflow_1gb/10023.txt  (75647 bytes, EXPLAIN stripped)
  [15/11794] 10026.sql -> outputs/stackoverflow_1gb/10026.txt  (35333 bytes, EXPLAIN stripped)
  [16/11794] 10028.sql -> outputs/stackoverflow_1gb/10028.txt  (300 bytes, EXPLAIN stripped)
  [17/11794] 10029.sql -> outputs/stackoverflow_1gb/10029.txt  (460 bytes, EXPLAIN stripped)
  [18/11794] 10030.sql -> outputs/stackoverflow_1gb/10030.txt  (109263 bytes, EXPLAIN stripped)
  [19/11794] 10031.sql -> outputs/stackoverflow_1gb/10031.txt  (112406 bytes, EXPLAIN stripped)
  [20/11794] 10035.sql -> outputs/stackoverflow_1gb/10035.txt  (4237 bytes, EXPLAIN stripped)
  [21/11794] 10036.sql -> outputs/stackoverflow_1gb/10036.txt  (22659 bytes, EXPLAIN stripped)
  [22/11794] 10042.sql -> outputs/stackoverflow_1gb/10042.txt  (65727 bytes, EXPLAIN stripped)
  [23/11794] 10043.sql -> outputs/stackoverflow_1gb/10043.txt  (82398 bytes, EXPLAIN stripped)
  [24/11794] 10044.sql -> outputs/stackoverflow_1gb/10044.txt  (620 bytes, EXPLAIN stripped)
  [25/11794] 10051.sql -> outputs/stackoverflow_1gb/10051.txt  (11583 bytes, EXPLAIN stripped)
  [26/11794] 10053.sql -> outputs/stackoverflow_1gb/10053.txt  (57936 bytes, EXPLAIN stripped)
  [27/11794] 10054.sql -> outputs/stackoverflow_1gb/10054.txt  (304 bytes, EXPLAIN stripped)
  [28/11794] 10056.sql -> outputs/stackoverflow_1gb/10056.txt  (57373 bytes, EXPLAIN stripped)
  [29/11794] 10057.sql -> outputs/stackoverflow_1gb/10057.txt  (459 bytes, EXPLAIN stripped)
  [30/11794] 10060.sql -> outputs/stackoverflow_1gb/10060.txt  (16692 bytes, EXPLAIN stripped)
  [31/11794] 10061.sql -> outputs/stackoverflow_1gb/10061.txt  (417 bytes, EXPLAIN stripped)
  [32/11794] 10063.sql -> outputs/stackoverflow_1gb/10063.txt  (333 bytes, EXPLAIN stripped)
  [33/11794] 10064.sql -> outputs/stackoverflow_1gb/10064.txt  (130 bytes, EXPLAIN stripped)
  [34/11794] 10065.sql -> outputs/stackoverflow_1gb/10065.txt  (277 bytes, EXPLAIN stripped)
  [35/11794] 10066.sql -> outputs/stackoverflow_1gb/10066.txt  (326 bytes, EXPLAIN stripped)
  [36/11794] 10068.sql -> outputs/stackoverflow_1gb/10068.txt  (5126 bytes, EXPLAIN stripped)
  [37/11794] 10069.sql -> outputs/stackoverflow_1gb/10069.txt  (583 bytes, EXPLAIN stripped)
  [38/11794] 1007.sql -> outputs/stackoverflow_1gb/1007.txt  (71199 bytes, EXPLAIN stripped)
  [39/11794] 10074.sql -> outputs/stackoverflow_1gb/10074.txt  (341 bytes, EXPLAIN stripped)
  [40/11794] 10075.sql -> outputs/stackoverflow_1gb/10075.txt  (234 bytes, EXPLAIN stripped)
  [41/11794] 10076.sql -> outputs/stackoverflow_1gb/10076.txt  (100556 bytes, EXPLAIN stripped)
  [42/11794] 10078.sql -> outputs/stackoverflow_1gb/10078.txt  (83547 bytes, EXPLAIN stripped)
  [43/11794] 10083.sql -> outputs/stackoverflow_1gb/10083.txt  (160 bytes, EXPLAIN stripped)
  [44/11794] 10085.sql -> outputs/stackoverflow_1gb/10085.txt  (318 bytes, EXPLAIN stripped)
  [45/11794] 10092.sql -> outputs/stackoverflow_1gb/10092.txt  (84388 bytes, EXPLAIN stripped)
  [46/11794] 10093.sql -> outputs/stackoverflow_1gb/10093.txt  (11050 bytes, EXPLAIN stripped)
  [47/11794] 10094.sql -> outputs/stackoverflow_1gb/10094.txt  (95183 bytes, EXPLAIN stripped)
  [48/11794] 10096.sql -> outputs/stackoverflow_1gb/10096.txt  (3155 bytes, EXPLAIN stripped)
  [49/11794] 10098.sql -> outputs/stackoverflow_1gb/10098.txt  (633 bytes, EXPLAIN stripped)
  [50/11794] 10099.sql -> outputs/stackoverflow_1gb/10099.txt  (307 bytes, EXPLAIN stripped)
  [51/11794] 101.sql -> outputs/stackoverflow_1gb/101.txt  (6713 bytes, EXPLAIN stripped)
  [52/11794] 10102.sql -> outputs/stackoverflow_1gb/10102.txt  (547 bytes, EXPLAIN stripped)
  [53/11794] 10105.sql -> outputs/stackoverflow_1gb/10105.txt  (7761 bytes, EXPLAIN stripped)
  [54/11794] 10106.sql -> outputs/stackoverflow_1gb/10106.txt  (9004 bytes, EXPLAIN stripped)
  [55/11794] 10107.sql -> outputs/stackoverflow_1gb/10107.txt  (14738 bytes, EXPLAIN stripped)
  [56/11794] 10108.sql -> outputs/stackoverflow_1gb/10108.txt  (11694 bytes, EXPLAIN stripped)
  [57/11794] 10111.sql -> outputs/stackoverflow_1gb/10111.txt  (9607 bytes, EXPLAIN stripped)
  [58/11794] 10113.sql -> outputs/stackoverflow_1gb/10113.txt  (314 bytes, EXPLAIN stripped)
  [59/11794] 10114.sql -> outputs/stackoverflow_1gb/10114.txt  (60803 bytes, EXPLAIN stripped)
  [60/11794] 10116.sql -> outputs/stackoverflow_1gb/10116.txt  (2831 bytes, EXPLAIN stripped)
  [61/11794] 10117.sql -> outputs/stackoverflow_1gb/10117.txt  (130 bytes, EXPLAIN stripped)
  [62/11794] 10118.sql -> outputs/stackoverflow_1gb/10118.txt  (355 bytes, EXPLAIN stripped)
  [63/11794] 10119.sql -> outputs/stackoverflow_1gb/10119.txt  (273 bytes, EXPLAIN stripped)
  [64/11794] 10123.sql -> outputs/stackoverflow_1gb/10123.txt  (56901 bytes, EXPLAIN stripped)
  [65/11794] 10125.sql -> outputs/stackoverflow_1gb/10125.txt  (49373 bytes, EXPLAIN stripped)
  [66/11794] 10127.sql -> outputs/stackoverflow_1gb/10127.txt  (830 bytes, EXPLAIN stripped)
  [67/11794] 10130.sql -> outputs/stackoverflow_1gb/10130.txt  (478 bytes, EXPLAIN stripped)
  [68/11794] 10131.sql -> outputs/stackoverflow_1gb/10131.txt  (2822 bytes, EXPLAIN stripped)
  [69/11794] 10133.sql -> outputs/stackoverflow_1gb/10133.txt  (2802 bytes, EXPLAIN stripped)
  [70/11794] 10136.sql -> outputs/stackoverflow_1gb/10136.txt  (130952 bytes, EXPLAIN stripped)
  [71/11794] 10137.sql -> outputs/stackoverflow_1gb/10137.txt  (56885 bytes, EXPLAIN stripped)
  [72/11794] 1014.sql -> outputs/stackoverflow_1gb/1014.txt  (1319 bytes, EXPLAIN stripped)
  [73/11794] 10140.sql -> outputs/stackoverflow_1gb/10140.txt  (7420 bytes, EXPLAIN stripped)
  [74/11794] 10141.sql -> outputs/stackoverflow_1gb/10141.txt  (267 bytes, EXPLAIN stripped)
  [75/11794] 10144.sql -> outputs/stackoverflow_1gb/10144.txt  (12156 bytes, EXPLAIN stripped)
  [76/11794] 10147.sql -> outputs/stackoverflow_1gb/10147.txt  (11971 bytes, EXPLAIN stripped)
  [77/11794] 10149.sql -> outputs/stackoverflow_1gb/10149.txt  (370 bytes, EXPLAIN stripped)
  [78/11794] 10150.sql -> outputs/stackoverflow_1gb/10150.txt  (164231 bytes, EXPLAIN stripped)
  [79/11794] 10152.sql -> outputs/stackoverflow_1gb/10152.txt  (28708 bytes, EXPLAIN stripped)
  [80/11794] 10155.sql -> outputs/stackoverflow_1gb/10155.txt  (624 bytes, EXPLAIN stripped)
  [81/11794] 10159.sql -> outputs/stackoverflow_1gb/10159.txt  (9727 bytes, EXPLAIN stripped)
  [82/11794] 10161.sql -> outputs/stackoverflow_1gb/10161.txt  (50957 bytes, EXPLAIN stripped)
  [83/11794] 10162.sql -> outputs/stackoverflow_1gb/10162.txt  (175 bytes, EXPLAIN stripped)
  [84/11794] 10163.sql -> outputs/stackoverflow_1gb/10163.txt  (28708 bytes, EXPLAIN stripped)
  [85/11794] 10165.sql -> outputs/stackoverflow_1gb/10165.txt  (303 bytes, EXPLAIN stripped)
  [86/11794] 10166.sql -> outputs/stackoverflow_1gb/10166.txt  (67328 bytes, EXPLAIN stripped)
  [87/11794] 10169.sql -> outputs/stackoverflow_1gb/10169.txt  (132494 bytes, EXPLAIN stripped)
  [88/11794] 1017.sql -> outputs/stackoverflow_1gb/1017.txt  (939 bytes, EXPLAIN stripped)
  [89/11794] 10170.sql -> outputs/stackoverflow_1gb/10170.txt  (462 bytes, EXPLAIN stripped)
  [90/11794] 10171.sql -> outputs/stackoverflow_1gb/10171.txt  (9987 bytes, EXPLAIN stripped)
  [91/11794] 10176.sql -> outputs/stackoverflow_1gb/10176.txt  (313 bytes, EXPLAIN stripped)
  [92/11794] 10177.sql -> outputs/stackoverflow_1gb/10177.txt  (11714 bytes, EXPLAIN stripped)
  [93/11794] 1018.sql -> outputs/stackoverflow_1gb/1018.txt  (64191 bytes, EXPLAIN stripped)
  [94/11794] 10181.sql -> outputs/stackoverflow_1gb/10181.txt  (8081 bytes, EXPLAIN stripped)
  [95/11794] 10182.sql -> outputs/stackoverflow_1gb/10182.txt  (413 bytes, EXPLAIN stripped)
  [96/11794] 10183.sql -> outputs/stackoverflow_1gb/10183.txt  (91058 bytes, EXPLAIN stripped)
  [97/11794] 10184.sql -> outputs/stackoverflow_1gb/10184.txt  (740 bytes, EXPLAIN stripped)
  [98/11794] 10185.sql -> outputs/stackoverflow_1gb/10185.txt  (471 bytes, EXPLAIN stripped)
  [99/11794] 10186.sql -> outputs/stackoverflow_1gb/10186.txt  (303 bytes, EXPLAIN stripped)
  [100/11794] 10187.sql -> outputs/stackoverflow_1gb/10187.txt  (237 bytes, EXPLAIN stripped)
  [101/11794] 10189.sql -> outputs/stackoverflow_1gb/10189.txt  (48 bytes, EXPLAIN stripped)
  [102/11794] 10190.sql -> outputs/stackoverflow_1gb/10190.txt  (300 bytes, EXPLAIN stripped)
  [103/11794] 10191.sql -> outputs/stackoverflow_1gb/10191.txt  (49077 bytes, EXPLAIN stripped)
  [104/11794] 10193.sql -> outputs/stackoverflow_1gb/10193.txt  (72382 bytes, EXPLAIN stripped)
  [105/11794] 10199.sql -> outputs/stackoverflow_1gb/10199.txt  (300 bytes, EXPLAIN stripped)
  [106/11794] 102.sql -> outputs/stackoverflow_1gb/102.txt  (499 bytes, EXPLAIN stripped)
  [107/11794] 10204.sql -> outputs/stackoverflow_1gb/10204.txt  (933 bytes, EXPLAIN stripped)
  [108/11794] 10207.sql -> outputs/stackoverflow_1gb/10207.txt  (8582 bytes, EXPLAIN stripped)
  [109/11794] 10209.sql -> outputs/stackoverflow_1gb/10209.txt  (73410 bytes, EXPLAIN stripped)
  [110/11794] 1021.sql -> outputs/stackoverflow_1gb/1021.txt  (110346 bytes, EXPLAIN stripped)
  [111/11794] 10210.sql -> outputs/stackoverflow_1gb/10210.txt  (417 bytes, EXPLAIN stripped)
  [112/11794] 10212.sql -> outputs/stackoverflow_1gb/10212.txt  (37055 bytes, EXPLAIN stripped)
  [113/11794] 10213.sql -> outputs/stackoverflow_1gb/10213.txt  (54100 bytes, EXPLAIN stripped)
  [114/11794] 10214.sql -> outputs/stackoverflow_1gb/10214.txt  (12711 bytes, EXPLAIN stripped)
  [115/11794] 10215.sql -> outputs/stackoverflow_1gb/10215.txt  (14207 bytes, EXPLAIN stripped)
  [116/11794] 10216.sql -> outputs/stackoverflow_1gb/10216.txt  (550 bytes, EXPLAIN stripped)
  [117/11794] 10217.sql -> outputs/stackoverflow_1gb/10217.txt  (591 bytes, EXPLAIN stripped)
  [118/11794] 10218.sql -> outputs/stackoverflow_1gb/10218.txt  (1820 bytes, EXPLAIN stripped)
  [119/11794] 10220.sql -> outputs/stackoverflow_1gb/10220.txt  (322 bytes, EXPLAIN stripped)
  [120/11794] 10221.sql -> outputs/stackoverflow_1gb/10221.txt  (46378 bytes, EXPLAIN stripped)
  [121/11794] 10223.sql -> outputs/stackoverflow_1gb/10223.txt  (9248 bytes, EXPLAIN stripped)
  [122/11794] 10226.sql -> outputs/stackoverflow_1gb/10226.txt  (35767 bytes, EXPLAIN stripped)
  [123/11794] 10227.sql -> outputs/stackoverflow_1gb/10227.txt  (768 bytes, EXPLAIN stripped)
  [124/11794] 10230.sql -> outputs/stackoverflow_1gb/10230.txt  (300 bytes, EXPLAIN stripped)
  [125/11794] 10231.sql -> outputs/stackoverflow_1gb/10231.txt  (6740 bytes, EXPLAIN stripped)
  [126/11794] 10232.sql -> outputs/stackoverflow_1gb/10232.txt  (109048 bytes, EXPLAIN stripped)
  [127/11794] 10233.sql -> outputs/stackoverflow_1gb/10233.txt  (31347 bytes, EXPLAIN stripped)
  [128/11794] 10235.sql -> outputs/stackoverflow_1gb/10235.txt  (130 bytes, EXPLAIN stripped)
  [129/11794] 10238.sql -> outputs/stackoverflow_1gb/10238.txt  (494 bytes, EXPLAIN stripped)
  [130/11794] 10239.sql -> outputs/stackoverflow_1gb/10239.txt  (47965 bytes, EXPLAIN stripped)
  [131/11794] 10241.sql -> outputs/stackoverflow_1gb/10241.txt  (828 bytes, EXPLAIN stripped)
  [132/11794] 10246.sql -> outputs/stackoverflow_1gb/10246.txt  (5773 bytes, EXPLAIN stripped)
  [133/11794] 10247.sql -> outputs/stackoverflow_1gb/10247.txt  (425 bytes, EXPLAIN stripped)
  [134/11794] 10252.sql -> outputs/stackoverflow_1gb/10252.txt  (206 bytes, EXPLAIN stripped)
  [135/11794] 10253.sql -> outputs/stackoverflow_1gb/10253.txt  (355 bytes, EXPLAIN stripped)
  [136/11794] 10254.sql -> outputs/stackoverflow_1gb/10254.txt  (6009 bytes, EXPLAIN stripped)
  [137/11794] 10255.sql -> outputs/stackoverflow_1gb/10255.txt  (9516 bytes, EXPLAIN stripped)
  [138/11794] 10256.sql -> outputs/stackoverflow_1gb/10256.txt  (117 bytes, EXPLAIN stripped)
  [139/11794] 10261.sql -> outputs/stackoverflow_1gb/10261.txt  (829 bytes, EXPLAIN stripped)
  [140/11794] 10266.sql -> outputs/stackoverflow_1gb/10266.txt  (51340 bytes, EXPLAIN stripped)
  [141/11794] 10268.sql -> outputs/stackoverflow_1gb/10268.txt  (1297 bytes, EXPLAIN stripped)
  [142/11794] 10269.sql -> outputs/stackoverflow_1gb/10269.txt  (2615 bytes, EXPLAIN stripped)
  [143/11794] 10271.sql -> outputs/stackoverflow_1gb/10271.txt  (8555 bytes, EXPLAIN stripped)
  [144/11794] 10272.sql -> outputs/stackoverflow_1gb/10272.txt  (80144 bytes, EXPLAIN stripped)
  [145/11794] 10274.sql -> outputs/stackoverflow_1gb/10274.txt  (499 bytes, EXPLAIN stripped)
  [146/11794] 10277.sql -> outputs/stackoverflow_1gb/10277.txt  (31660 bytes, EXPLAIN stripped)
  [147/11794] 10280.sql -> outputs/stackoverflow_1gb/10280.txt  (51121 bytes, EXPLAIN stripped)
  [148/11794] 10281.sql -> outputs/stackoverflow_1gb/10281.txt  (11911 bytes, EXPLAIN stripped)
  [149/11794] 10283.sql -> outputs/stackoverflow_1gb/10283.txt  (36045 bytes, EXPLAIN stripped)
  [150/11794] 10284.sql -> outputs/stackoverflow_1gb/10284.txt  (1597 bytes, EXPLAIN stripped)
  [151/11794] 10285.sql -> outputs/stackoverflow_1gb/10285.txt  (546 bytes, EXPLAIN stripped)
  [152/11794] 10286.sql -> outputs/stackoverflow_1gb/10286.txt  (82460 bytes, EXPLAIN stripped)
  [153/11794] 10287.sql -> outputs/stackoverflow_1gb/10287.txt  (52262 bytes, EXPLAIN stripped)
  [154/11794] 10288.sql -> outputs/stackoverflow_1gb/10288.txt  (47798 bytes, EXPLAIN stripped)
  [155/11794] 10296.sql -> outputs/stackoverflow_1gb/10296.txt  (304 bytes, EXPLAIN stripped)
  [156/11794] 10297.sql -> outputs/stackoverflow_1gb/10297.txt  (5963 bytes, EXPLAIN stripped)
  [157/11794] 10301.sql -> outputs/stackoverflow_1gb/10301.txt  (28366 bytes, EXPLAIN stripped)
  [158/11794] 10302.sql -> outputs/stackoverflow_1gb/10302.txt  (95428 bytes, EXPLAIN stripped)
  [159/11794] 10303.sql -> outputs/stackoverflow_1gb/10303.txt  (75756 bytes, EXPLAIN stripped)
  [160/11794] 10304.sql -> outputs/stackoverflow_1gb/10304.txt  (647 bytes, EXPLAIN stripped)
  [161/11794] 10306.sql -> outputs/stackoverflow_1gb/10306.txt  (49139 bytes, EXPLAIN stripped)
  [162/11794] 10307.sql -> outputs/stackoverflow_1gb/10307.txt  (94434 bytes, EXPLAIN stripped)
  [163/11794] 10308.sql -> outputs/stackoverflow_1gb/10308.txt  (201 bytes, EXPLAIN stripped)
  [164/11794] 10309.sql -> outputs/stackoverflow_1gb/10309.txt  (128063 bytes, EXPLAIN stripped)
  [165/11794] 10310.sql -> outputs/stackoverflow_1gb/10310.txt  (9613 bytes, EXPLAIN stripped)
  [166/11794] 10312.sql -> outputs/stackoverflow_1gb/10312.txt  (77446 bytes, EXPLAIN stripped)
  [167/11794] 10313.sql -> outputs/stackoverflow_1gb/10313.txt  (8476 bytes, EXPLAIN stripped)
  [168/11794] 10314.sql -> outputs/stackoverflow_1gb/10314.txt  (34747 bytes, EXPLAIN stripped)
  [169/11794] 10315.sql -> outputs/stackoverflow_1gb/10315.txt  (117785 bytes, EXPLAIN stripped)
  [170/11794] 10316.sql -> outputs/stackoverflow_1gb/10316.txt  (130782 bytes, EXPLAIN stripped)
  [171/11794] 10318.sql -> outputs/stackoverflow_1gb/10318.txt  (7695 bytes, EXPLAIN stripped)
  [172/11794] 10322.sql -> outputs/stackoverflow_1gb/10322.txt  (256 bytes, EXPLAIN stripped)
  [173/11794] 10325.sql -> outputs/stackoverflow_1gb/10325.txt  (4592 bytes, EXPLAIN stripped)
  [174/11794] 10327.sql -> outputs/stackoverflow_1gb/10327.txt  (11997 bytes, EXPLAIN stripped)
  [175/11794] 10328.sql -> outputs/stackoverflow_1gb/10328.txt  (33468 bytes, EXPLAIN stripped)
  [176/11794] 10331.sql -> outputs/stackoverflow_1gb/10331.txt  (9258 bytes, EXPLAIN stripped)
  [177/11794] 10332.sql -> outputs/stackoverflow_1gb/10332.txt  (3646 bytes, EXPLAIN stripped)
  [178/11794] 10333.sql -> outputs/stackoverflow_1gb/10333.txt  (11785 bytes, EXPLAIN stripped)
  [179/11794] 10334.sql -> outputs/stackoverflow_1gb/10334.txt  (425 bytes, EXPLAIN stripped)
  [180/11794] 10336.sql -> outputs/stackoverflow_1gb/10336.txt  (789 bytes, EXPLAIN stripped)
  [181/11794] 10338.sql -> outputs/stackoverflow_1gb/10338.txt  (95956 bytes, EXPLAIN stripped)
  [182/11794] 10342.sql -> outputs/stackoverflow_1gb/10342.txt  (5068 bytes, EXPLAIN stripped)
  [183/11794] 10346.sql -> outputs/stackoverflow_1gb/10346.txt  (541 bytes, EXPLAIN stripped)
  [184/11794] 10347.sql -> outputs/stackoverflow_1gb/10347.txt  (307 bytes, EXPLAIN stripped)
  [185/11794] 10348.sql -> outputs/stackoverflow_1gb/10348.txt  (47251 bytes, EXPLAIN stripped)
  [186/11794] 10349.sql -> outputs/stackoverflow_1gb/10349.txt  (7295 bytes, EXPLAIN stripped)
  [187/11794] 1035.sql -> outputs/stackoverflow_1gb/1035.txt  (4865 bytes, EXPLAIN stripped)
  [188/11794] 10350.sql -> outputs/stackoverflow_1gb/10350.txt  (130184 bytes, EXPLAIN stripped)
  [189/11794] 10351.sql -> outputs/stackoverflow_1gb/10351.txt  (13789 bytes, EXPLAIN stripped)
  [190/11794] 10356.sql -> outputs/stackoverflow_1gb/10356.txt  (425 bytes, EXPLAIN stripped)
  [191/11794] 10359.sql -> outputs/stackoverflow_1gb/10359.txt  (143 bytes, EXPLAIN stripped)
  [192/11794] 10360.sql -> outputs/stackoverflow_1gb/10360.txt  (154 bytes, EXPLAIN stripped)
  [193/11794] 10363.sql -> outputs/stackoverflow_1gb/10363.txt  (342 bytes, EXPLAIN stripped)
  [194/11794] 10364.sql -> outputs/stackoverflow_1gb/10364.txt  (13310 bytes, EXPLAIN stripped)
  [195/11794] 10365.sql -> outputs/stackoverflow_1gb/10365.txt  (13825 bytes, EXPLAIN stripped)
  [196/11794] 10367.sql -> outputs/stackoverflow_1gb/10367.txt  (300 bytes, EXPLAIN stripped)
  [197/11794] 10368.sql -> outputs/stackoverflow_1gb/10368.txt  (698 bytes, EXPLAIN stripped)
  [198/11794] 10370.sql -> outputs/stackoverflow_1gb/10370.txt  (5427 bytes, EXPLAIN stripped)
  [199/11794] 10371.sql -> outputs/stackoverflow_1gb/10371.txt  (8554 bytes, EXPLAIN stripped)
  [200/11794] 10372.sql -> outputs/stackoverflow_1gb/10372.txt  (100264 bytes, EXPLAIN stripped)
  [201/11794] 10377.sql -> outputs/stackoverflow_1gb/10377.txt  (4110 bytes, EXPLAIN stripped)
  [202/11794] 10378.sql -> outputs/stackoverflow_1gb/10378.txt  (121 bytes, EXPLAIN stripped)
  [203/11794] 10379.sql -> outputs/stackoverflow_1gb/10379.txt  (66150 bytes, EXPLAIN stripped)
  [204/11794] 10380.sql -> outputs/stackoverflow_1gb/10380.txt  (430 bytes, EXPLAIN stripped)
  [205/11794] 10381.sql -> outputs/stackoverflow_1gb/10381.txt  (454 bytes, EXPLAIN stripped)
  [206/11794] 10382.sql -> outputs/stackoverflow_1gb/10382.txt  (26695 bytes, EXPLAIN stripped)
  [207/11794] 10383.sql -> outputs/stackoverflow_1gb/10383.txt  (433 bytes, EXPLAIN stripped)
  [208/11794] 10384.sql -> outputs/stackoverflow_1gb/10384.txt  (433 bytes, EXPLAIN stripped)
  [209/11794] 10386.sql -> outputs/stackoverflow_1gb/10386.txt  (11332 bytes, EXPLAIN stripped)
  [210/11794] 10387.sql -> outputs/stackoverflow_1gb/10387.txt  (72365 bytes, EXPLAIN stripped)
  [211/11794] 10391.sql -> outputs/stackoverflow_1gb/10391.txt  (76026 bytes, EXPLAIN stripped)
  [212/11794] 10393.sql -> outputs/stackoverflow_1gb/10393.txt  (53641 bytes, EXPLAIN stripped)
  [213/11794] 10395.sql -> outputs/stackoverflow_1gb/10395.txt  (26988 bytes, EXPLAIN stripped)
  [214/11794] 10397.sql -> outputs/stackoverflow_1gb/10397.txt  (463 bytes, EXPLAIN stripped)
  [215/11794] 10398.sql -> outputs/stackoverflow_1gb/10398.txt  (3765 bytes, EXPLAIN stripped)
  [216/11794] 10399.sql -> outputs/stackoverflow_1gb/10399.txt  (124963 bytes, EXPLAIN stripped)
  [217/11794] 1040.sql -> outputs/stackoverflow_1gb/1040.txt  (694 bytes, EXPLAIN stripped)
  [218/11794] 10403.sql -> outputs/stackoverflow_1gb/10403.txt  (49937 bytes, EXPLAIN stripped)
  [219/11794] 10406.sql -> outputs/stackoverflow_1gb/10406.txt  (99558 bytes, EXPLAIN stripped)
  [220/11794] 10408.sql -> outputs/stackoverflow_1gb/10408.txt  (4602 bytes, EXPLAIN stripped)
  [221/11794] 1041.sql -> outputs/stackoverflow_1gb/1041.txt  (6096 bytes, EXPLAIN stripped)
  [222/11794] 10410.sql -> outputs/stackoverflow_1gb/10410.txt  (111624 bytes, EXPLAIN stripped)
  [223/11794] 10414.sql -> outputs/stackoverflow_1gb/10414.txt  (128 bytes, EXPLAIN stripped)
  [224/11794] 10415.sql -> outputs/stackoverflow_1gb/10415.txt  (75485 bytes, EXPLAIN stripped)
  [225/11794] 10417.sql -> outputs/stackoverflow_1gb/10417.txt  (9572 bytes, EXPLAIN stripped)
  [226/11794] 10418.sql -> outputs/stackoverflow_1gb/10418.txt  (7875 bytes, EXPLAIN stripped)
  [227/11794] 10422.sql -> outputs/stackoverflow_1gb/10422.txt  (136 bytes, EXPLAIN stripped)
  [228/11794] 10423.sql -> outputs/stackoverflow_1gb/10423.txt  (39293 bytes, EXPLAIN stripped)
  [229/11794] 10426.sql -> outputs/stackoverflow_1gb/10426.txt  (430 bytes, EXPLAIN stripped)
  [230/11794] 10427.sql -> outputs/stackoverflow_1gb/10427.txt  (95522 bytes, EXPLAIN stripped)
  [231/11794] 10428.sql -> outputs/stackoverflow_1gb/10428.txt  (469 bytes, EXPLAIN stripped)
  [232/11794] 1043.sql -> outputs/stackoverflow_1gb/1043.txt  (4410 bytes, EXPLAIN stripped)
  [233/11794] 10430.sql -> outputs/stackoverflow_1gb/10430.txt  (5577 bytes, EXPLAIN stripped)
  [234/11794] 10433.sql -> outputs/stackoverflow_1gb/10433.txt  (411 bytes, EXPLAIN stripped)
  [235/11794] 10434.sql -> outputs/stackoverflow_1gb/10434.txt  (336 bytes, EXPLAIN stripped)
  [236/11794] 10435.sql -> outputs/stackoverflow_1gb/10435.txt  (290 bytes, EXPLAIN stripped)
  [237/11794] 10437.sql -> outputs/stackoverflow_1gb/10437.txt  (108 bytes, EXPLAIN stripped)
  [238/11794] 10438.sql -> outputs/stackoverflow_1gb/10438.txt  (257 bytes, EXPLAIN stripped)
  [239/11794] 1044.sql -> outputs/stackoverflow_1gb/1044.txt  (940 bytes, EXPLAIN stripped)
  [240/11794] 10440.sql -> outputs/stackoverflow_1gb/10440.txt  (133 bytes, EXPLAIN stripped)
  [241/11794] 10441.sql -> outputs/stackoverflow_1gb/10441.txt  (273 bytes, EXPLAIN stripped)
  [242/11794] 10443.sql -> outputs/stackoverflow_1gb/10443.txt  (1804 bytes, EXPLAIN stripped)
  [243/11794] 10444.sql -> outputs/stackoverflow_1gb/10444.txt  (9233 bytes, EXPLAIN stripped)
  [244/11794] 10448.sql -> outputs/stackoverflow_1gb/10448.txt  (9724 bytes, EXPLAIN stripped)
  [245/11794] 10450.sql -> outputs/stackoverflow_1gb/10450.txt  (85722 bytes, EXPLAIN stripped)
  [246/11794] 10452.sql -> outputs/stackoverflow_1gb/10452.txt  (146 bytes, EXPLAIN stripped)
  [247/11794] 10453.sql -> outputs/stackoverflow_1gb/10453.txt  (28705 bytes, EXPLAIN stripped)
  [248/11794] 10456.sql -> outputs/stackoverflow_1gb/10456.txt  (300 bytes, EXPLAIN stripped)
  [249/11794] 10457.sql -> outputs/stackoverflow_1gb/10457.txt  (603 bytes, EXPLAIN stripped)
  [250/11794] 10459.sql -> outputs/stackoverflow_1gb/10459.txt  (39628 bytes, EXPLAIN stripped)
  [251/11794] 10460.sql -> outputs/stackoverflow_1gb/10460.txt  (2197 bytes, EXPLAIN stripped)
  [252/11794] 10461.sql -> outputs/stackoverflow_1gb/10461.txt  (432 bytes, EXPLAIN stripped)
  [253/11794] 10464.sql -> outputs/stackoverflow_1gb/10464.txt  (435 bytes, EXPLAIN stripped)
  [254/11794] 10465.sql -> outputs/stackoverflow_1gb/10465.txt  (37854 bytes, EXPLAIN stripped)
  [255/11794] 10467.sql -> outputs/stackoverflow_1gb/10467.txt  (116058 bytes, EXPLAIN stripped)
  [256/11794] 10469.sql -> outputs/stackoverflow_1gb/10469.txt  (97963 bytes, EXPLAIN stripped)
  [257/11794] 10470.sql -> outputs/stackoverflow_1gb/10470.txt  (380 bytes, EXPLAIN stripped)
  [258/11794] 10472.sql -> outputs/stackoverflow_1gb/10472.txt  (48024 bytes, EXPLAIN stripped)
  [259/11794] 10473.sql -> outputs/stackoverflow_1gb/10473.txt  (420 bytes, EXPLAIN stripped)
  [260/11794] 10474.sql -> outputs/stackoverflow_1gb/10474.txt  (28708 bytes, EXPLAIN stripped)
  [261/11794] 10475.sql -> outputs/stackoverflow_1gb/10475.txt  (7628 bytes, EXPLAIN stripped)
  [262/11794] 10477.sql -> outputs/stackoverflow_1gb/10477.txt  (317 bytes, EXPLAIN stripped)
  [263/11794] 10478.sql -> outputs/stackoverflow_1gb/10478.txt  (125 bytes, EXPLAIN stripped)
  [264/11794] 10480.sql -> outputs/stackoverflow_1gb/10480.txt  (7512 bytes, EXPLAIN stripped)
  [265/11794] 10481.sql -> outputs/stackoverflow_1gb/10481.txt  (5259 bytes, EXPLAIN stripped)
  [266/11794] 10486.sql -> outputs/stackoverflow_1gb/10486.txt  (13266 bytes, EXPLAIN stripped)
  [267/11794] 10488.sql -> outputs/stackoverflow_1gb/10488.txt  (464 bytes, EXPLAIN stripped)
  [268/11794] 1049.sql -> outputs/stackoverflow_1gb/1049.txt  (1757 bytes, EXPLAIN stripped)
  [269/11794] 10490.sql -> outputs/stackoverflow_1gb/10490.txt  (132 bytes, EXPLAIN stripped)
  [270/11794] 10491.sql -> outputs/stackoverflow_1gb/10491.txt  (47452 bytes, EXPLAIN stripped)
  [271/11794] 10493.sql -> outputs/stackoverflow_1gb/10493.txt  (11137 bytes, EXPLAIN stripped)
  [272/11794] 10495.sql -> outputs/stackoverflow_1gb/10495.txt  (10666 bytes, EXPLAIN stripped)
  [273/11794] 10497.sql -> outputs/stackoverflow_1gb/10497.txt  (85282 bytes, EXPLAIN stripped)
  [274/11794] 1050.sql -> outputs/stackoverflow_1gb/1050.txt  (3827 bytes, EXPLAIN stripped)
  [275/11794] 10501.sql -> outputs/stackoverflow_1gb/10501.txt  (39635 bytes, EXPLAIN stripped)
  [276/11794] 10507.sql -> outputs/stackoverflow_1gb/10507.txt  (273 bytes, EXPLAIN stripped)
  [277/11794] 10509.sql -> outputs/stackoverflow_1gb/10509.txt  (55499 bytes, EXPLAIN stripped)
  [278/11794] 1051.sql -> outputs/stackoverflow_1gb/1051.txt  (3465 bytes, EXPLAIN stripped)
  [279/11794] 10514.sql -> outputs/stackoverflow_1gb/10514.txt  (224 bytes, EXPLAIN stripped)
  [280/11794] 10518.sql -> outputs/stackoverflow_1gb/10518.txt  (70799 bytes, EXPLAIN stripped)
  [281/11794] 10519.sql -> outputs/stackoverflow_1gb/10519.txt  (42429 bytes, EXPLAIN stripped)
  [282/11794] 10523.sql -> outputs/stackoverflow_1gb/10523.txt  (62 bytes, EXPLAIN stripped)
  [283/11794] 10526.sql -> outputs/stackoverflow_1gb/10526.txt  (27713 bytes, EXPLAIN stripped)
  [284/11794] 10528.sql -> outputs/stackoverflow_1gb/10528.txt  (82396 bytes, EXPLAIN stripped)
  [285/11794] 10529.sql -> outputs/stackoverflow_1gb/10529.txt  (129083 bytes, EXPLAIN stripped)
  [286/11794] 10530.sql -> outputs/stackoverflow_1gb/10530.txt  (10876 bytes, EXPLAIN stripped)
  [287/11794] 10531.sql -> outputs/stackoverflow_1gb/10531.txt  (7695 bytes, EXPLAIN stripped)
  [288/11794] 10532.sql -> outputs/stackoverflow_1gb/10532.txt  (141 bytes, EXPLAIN stripped)
  [289/11794] 10533.sql -> outputs/stackoverflow_1gb/10533.txt  (45162 bytes, EXPLAIN stripped)
  [290/11794] 10534.sql -> outputs/stackoverflow_1gb/10534.txt  (370 bytes, EXPLAIN stripped)
  [291/11794] 10535.sql -> outputs/stackoverflow_1gb/10535.txt  (215 bytes, EXPLAIN stripped)
  [292/11794] 10536.sql -> outputs/stackoverflow_1gb/10536.txt  (8958 bytes, EXPLAIN stripped)
  [293/11794] 10537.sql -> outputs/stackoverflow_1gb/10537.txt  (187 bytes, EXPLAIN stripped)
  [294/11794] 10538.sql -> outputs/stackoverflow_1gb/10538.txt  (8761 bytes, EXPLAIN stripped)
  [295/11794] 10539.sql -> outputs/stackoverflow_1gb/10539.txt  (9339 bytes, EXPLAIN stripped)
  [296/11794] 10540.sql -> outputs/stackoverflow_1gb/10540.txt  (41075 bytes, EXPLAIN stripped)
  [297/11794] 10543.sql -> outputs/stackoverflow_1gb/10543.txt  (8268 bytes, EXPLAIN stripped)
  [298/11794] 10544.sql -> outputs/stackoverflow_1gb/10544.txt  (8219 bytes, EXPLAIN stripped)
  [299/11794] 10545.sql -> outputs/stackoverflow_1gb/10545.txt  (736 bytes, EXPLAIN stripped)
  [300/11794] 10546.sql -> outputs/stackoverflow_1gb/10546.txt  (60566 bytes, EXPLAIN stripped)
  [301/11794] 10547.sql -> outputs/stackoverflow_1gb/10547.txt  (37938 bytes, EXPLAIN stripped)
  [302/11794] 10549.sql -> outputs/stackoverflow_1gb/10549.txt  (147 bytes, EXPLAIN stripped)
  [303/11794] 10550.sql -> outputs/stackoverflow_1gb/10550.txt  (7878 bytes, EXPLAIN stripped)
  [304/11794] 10551.sql -> outputs/stackoverflow_1gb/10551.txt  (83869 bytes, EXPLAIN stripped)
  [305/11794] 10552.sql -> outputs/stackoverflow_1gb/10552.txt  (117207 bytes, EXPLAIN stripped)
  [306/11794] 10553.sql -> outputs/stackoverflow_1gb/10553.txt  (187 bytes, EXPLAIN stripped)
  [307/11794] 10555.sql -> outputs/stackoverflow_1gb/10555.txt  (1752 bytes, EXPLAIN stripped)
  [308/11794] 1056.sql -> outputs/stackoverflow_1gb/1056.txt  (1189 bytes, EXPLAIN stripped)
  [309/11794] 10563.sql -> outputs/stackoverflow_1gb/10563.txt  (8182 bytes, EXPLAIN stripped)
  [310/11794] 10564.sql -> outputs/stackoverflow_1gb/10564.txt  (12486 bytes, EXPLAIN stripped)
  [311/11794] 10565.sql -> outputs/stackoverflow_1gb/10565.txt  (1344 bytes, EXPLAIN stripped)
  [312/11794] 10566.sql -> outputs/stackoverflow_1gb/10566.txt  (9999 bytes, EXPLAIN stripped)
  [313/11794] 10567.sql -> outputs/stackoverflow_1gb/10567.txt  (13774 bytes, EXPLAIN stripped)
  [314/11794] 10568.sql -> outputs/stackoverflow_1gb/10568.txt  (11845 bytes, EXPLAIN stripped)
  [315/11794] 10569.sql -> outputs/stackoverflow_1gb/10569.txt  (3800 bytes, EXPLAIN stripped)
  [316/11794] 1057.sql -> outputs/stackoverflow_1gb/1057.txt  (569 bytes, EXPLAIN stripped)
  [317/11794] 10571.sql -> outputs/stackoverflow_1gb/10571.txt  (30527 bytes, EXPLAIN stripped)
  [318/11794] 10572.sql -> outputs/stackoverflow_1gb/10572.txt  (65989 bytes, EXPLAIN stripped)
  [319/11794] 10573.sql -> outputs/stackoverflow_1gb/10573.txt  (10796 bytes, EXPLAIN stripped)
  [320/11794] 10574.sql -> outputs/stackoverflow_1gb/10574.txt  (7313 bytes, EXPLAIN stripped)
  [321/11794] 10576.sql -> outputs/stackoverflow_1gb/10576.txt  (69 bytes, EXPLAIN stripped)
  [322/11794] 10579.sql -> outputs/stackoverflow_1gb/10579.txt  (98627 bytes, EXPLAIN stripped)
  [323/11794] 10581.sql -> outputs/stackoverflow_1gb/10581.txt  (343 bytes, EXPLAIN stripped)
  [324/11794] 10582.sql -> outputs/stackoverflow_1gb/10582.txt  (227 bytes, EXPLAIN stripped)
  [325/11794] 10583.sql -> outputs/stackoverflow_1gb/10583.txt  (8972 bytes, EXPLAIN stripped)
  [326/11794] 10584.sql -> outputs/stackoverflow_1gb/10584.txt  (2176 bytes, EXPLAIN stripped)
  [327/11794] 10585.sql -> outputs/stackoverflow_1gb/10585.txt  (652 bytes, EXPLAIN stripped)
  [328/11794] 10586.sql -> outputs/stackoverflow_1gb/10586.txt  (460 bytes, EXPLAIN stripped)
  [329/11794] 10587.sql -> outputs/stackoverflow_1gb/10587.txt  (339 bytes, EXPLAIN stripped)
  [330/11794] 10588.sql -> outputs/stackoverflow_1gb/10588.txt  (461 bytes, EXPLAIN stripped)
  [331/11794] 10590.sql -> outputs/stackoverflow_1gb/10590.txt  (650 bytes, EXPLAIN stripped)
  [332/11794] 10591.sql -> outputs/stackoverflow_1gb/10591.txt  (78486 bytes, EXPLAIN stripped)
  [333/11794] 10592.sql -> outputs/stackoverflow_1gb/10592.txt  (315 bytes, EXPLAIN stripped)
  [334/11794] 10596.sql -> outputs/stackoverflow_1gb/10596.txt  (380 bytes, EXPLAIN stripped)
  [335/11794] 10597.sql -> outputs/stackoverflow_1gb/10597.txt  (11043 bytes, EXPLAIN stripped)
  [336/11794] 10600.sql -> outputs/stackoverflow_1gb/10600.txt  (519 bytes, EXPLAIN stripped)
  [337/11794] 10604.sql -> outputs/stackoverflow_1gb/10604.txt  (43388 bytes, EXPLAIN stripped)
  [338/11794] 10605.sql -> outputs/stackoverflow_1gb/10605.txt  (334 bytes, EXPLAIN stripped)
  [339/11794] 10606.sql -> outputs/stackoverflow_1gb/10606.txt  (8167 bytes, EXPLAIN stripped)
  [340/11794] 10608.sql -> outputs/stackoverflow_1gb/10608.txt  (34365 bytes, EXPLAIN stripped)
  [341/11794] 1061.sql -> outputs/stackoverflow_1gb/1061.txt  (608 bytes, EXPLAIN stripped)
  [342/11794] 10610.sql -> outputs/stackoverflow_1gb/10610.txt  (8544 bytes, EXPLAIN stripped)
  [343/11794] 10611.sql -> outputs/stackoverflow_1gb/10611.txt  (243 bytes, EXPLAIN stripped)
  [344/11794] 10612.sql -> outputs/stackoverflow_1gb/10612.txt  (168099 bytes, EXPLAIN stripped)
  [345/11794] 10616.sql -> outputs/stackoverflow_1gb/10616.txt  (70247 bytes, EXPLAIN stripped)
  [346/11794] 10619.sql -> outputs/stackoverflow_1gb/10619.txt  (588 bytes, EXPLAIN stripped)
  [347/11794] 10620.sql -> outputs/stackoverflow_1gb/10620.txt  (435 bytes, EXPLAIN stripped)
  [348/11794] 10621.sql -> outputs/stackoverflow_1gb/10621.txt  (203 bytes, EXPLAIN stripped)
  [349/11794] 10629.sql -> outputs/stackoverflow_1gb/10629.txt  (322 bytes, EXPLAIN stripped)
  [350/11794] 10631.sql -> outputs/stackoverflow_1gb/10631.txt  (4855 bytes, EXPLAIN stripped)
  [351/11794] 10635.sql -> outputs/stackoverflow_1gb/10635.txt  (189 bytes, EXPLAIN stripped)
  [352/11794] 10636.sql -> outputs/stackoverflow_1gb/10636.txt  (34359 bytes, EXPLAIN stripped)
  [353/11794] 10639.sql -> outputs/stackoverflow_1gb/10639.txt  (69539 bytes, EXPLAIN stripped)
  [354/11794] 10640.sql -> outputs/stackoverflow_1gb/10640.txt  (1004 bytes, EXPLAIN stripped)
  [355/11794] 10641.sql -> outputs/stackoverflow_1gb/10641.txt  (207 bytes, EXPLAIN stripped)
  [356/11794] 10643.sql -> outputs/stackoverflow_1gb/10643.txt  (5967 bytes, EXPLAIN stripped)
  [357/11794] 10644.sql -> outputs/stackoverflow_1gb/10644.txt  (98296 bytes, EXPLAIN stripped)
  [358/11794] 10645.sql -> outputs/stackoverflow_1gb/10645.txt  (7404 bytes, EXPLAIN stripped)
  [359/11794] 10646.sql -> outputs/stackoverflow_1gb/10646.txt  (18433 bytes, EXPLAIN stripped)
  [360/11794] 10647.sql -> outputs/stackoverflow_1gb/10647.txt  (274 bytes, EXPLAIN stripped)
  [361/11794] 10649.sql -> outputs/stackoverflow_1gb/10649.txt  (431 bytes, EXPLAIN stripped)
  [362/11794] 10650.sql -> outputs/stackoverflow_1gb/10650.txt  (396 bytes, EXPLAIN stripped)
  [363/11794] 10651.sql -> outputs/stackoverflow_1gb/10651.txt  (325 bytes, EXPLAIN stripped)
  [364/11794] 10652.sql -> outputs/stackoverflow_1gb/10652.txt  (89942 bytes, EXPLAIN stripped)
  [365/11794] 10653.sql -> outputs/stackoverflow_1gb/10653.txt  (11020 bytes, EXPLAIN stripped)
  [366/11794] 10654.sql -> outputs/stackoverflow_1gb/10654.txt  (161 bytes, EXPLAIN stripped)
  [367/11794] 10656.sql -> outputs/stackoverflow_1gb/10656.txt  (331 bytes, EXPLAIN stripped)
  [368/11794] 10657.sql -> outputs/stackoverflow_1gb/10657.txt  (340 bytes, EXPLAIN stripped)
  [369/11794] 10658.sql -> outputs/stackoverflow_1gb/10658.txt  (54066 bytes, EXPLAIN stripped)
  [370/11794] 1066.sql -> outputs/stackoverflow_1gb/1066.txt  (50 bytes, EXPLAIN stripped)
  [371/11794] 10660.sql -> outputs/stackoverflow_1gb/10660.txt  (66246 bytes, EXPLAIN stripped)
  [372/11794] 10661.sql -> outputs/stackoverflow_1gb/10661.txt  (70006 bytes, EXPLAIN stripped)
  [373/11794] 10662.sql -> outputs/stackoverflow_1gb/10662.txt  (5868 bytes, EXPLAIN stripped)
  [374/11794] 10663.sql -> outputs/stackoverflow_1gb/10663.txt  (6159 bytes, EXPLAIN stripped)
  [375/11794] 10664.sql -> outputs/stackoverflow_1gb/10664.txt  (8109 bytes, EXPLAIN stripped)
  [376/11794] 10665.sql -> outputs/stackoverflow_1gb/10665.txt  (86701 bytes, EXPLAIN stripped)
  [377/11794] 10667.sql -> outputs/stackoverflow_1gb/10667.txt  (67081 bytes, EXPLAIN stripped)
  [378/11794] 10668.sql -> outputs/stackoverflow_1gb/10668.txt  (211 bytes, EXPLAIN stripped)
  [379/11794] 10675.sql -> outputs/stackoverflow_1gb/10675.txt  (9014 bytes, EXPLAIN stripped)
  [380/11794] 10677.sql -> outputs/stackoverflow_1gb/10677.txt  (440 bytes, EXPLAIN stripped)
  [381/11794] 10679.sql -> outputs/stackoverflow_1gb/10679.txt  (4886 bytes, EXPLAIN stripped)
  [382/11794] 1068.sql -> outputs/stackoverflow_1gb/1068.txt  (3236 bytes, EXPLAIN stripped)
  [383/11794] 10681.sql -> outputs/stackoverflow_1gb/10681.txt  (341 bytes, EXPLAIN stripped)
  [384/11794] 10682.sql -> outputs/stackoverflow_1gb/10682.txt  (1432 bytes, EXPLAIN stripped)
  [385/11794] 10685.sql -> outputs/stackoverflow_1gb/10685.txt  (8725 bytes, EXPLAIN stripped)
  [386/11794] 10687.sql -> outputs/stackoverflow_1gb/10687.txt  (66948 bytes, EXPLAIN stripped)
  [387/11794] 10688.sql -> outputs/stackoverflow_1gb/10688.txt  (46848 bytes, EXPLAIN stripped)
  [388/11794] 10689.sql -> outputs/stackoverflow_1gb/10689.txt  (119 bytes, EXPLAIN stripped)
  [389/11794] 10693.sql -> outputs/stackoverflow_1gb/10693.txt  (10729 bytes, EXPLAIN stripped)
  [390/11794] 10694.sql -> outputs/stackoverflow_1gb/10694.txt  (329 bytes, EXPLAIN stripped)
  [391/11794] 10695.sql -> outputs/stackoverflow_1gb/10695.txt  (62123 bytes, EXPLAIN stripped)
  [392/11794] 10696.sql -> outputs/stackoverflow_1gb/10696.txt  (195 bytes, EXPLAIN stripped)
  [393/11794] 10698.sql -> outputs/stackoverflow_1gb/10698.txt  (583 bytes, EXPLAIN stripped)
  [394/11794] 10703.sql -> outputs/stackoverflow_1gb/10703.txt  (8933 bytes, EXPLAIN stripped)
  [395/11794] 10705.sql -> outputs/stackoverflow_1gb/10705.txt  (303 bytes, EXPLAIN stripped)
  [396/11794] 10706.sql -> outputs/stackoverflow_1gb/10706.txt  (9511 bytes, EXPLAIN stripped)
  [397/11794] 10707.sql -> outputs/stackoverflow_1gb/10707.txt  (14611 bytes, EXPLAIN stripped)
  [398/11794] 10708.sql -> outputs/stackoverflow_1gb/10708.txt  (3679 bytes, EXPLAIN stripped)
  [399/11794] 10709.sql -> outputs/stackoverflow_1gb/10709.txt  (55066 bytes, EXPLAIN stripped)
  [400/11794] 10710.sql -> outputs/stackoverflow_1gb/10710.txt  (5007 bytes, EXPLAIN stripped)
  [401/11794] 10713.sql -> outputs/stackoverflow_1gb/10713.txt  (152 bytes, EXPLAIN stripped)
  [402/11794] 10714.sql -> outputs/stackoverflow_1gb/10714.txt  (99 bytes, EXPLAIN stripped)
  [403/11794] 10715.sql -> outputs/stackoverflow_1gb/10715.txt  (466 bytes, EXPLAIN stripped)
  [404/11794] 10716.sql -> outputs/stackoverflow_1gb/10716.txt  (47382 bytes, EXPLAIN stripped)
  [405/11794] 10717.sql -> outputs/stackoverflow_1gb/10717.txt  (86528 bytes, EXPLAIN stripped)
  [406/11794] 10718.sql -> outputs/stackoverflow_1gb/10718.txt  (38773 bytes, EXPLAIN stripped)
  [407/11794] 10719.sql -> outputs/stackoverflow_1gb/10719.txt  (1098 bytes, EXPLAIN stripped)
  [408/11794] 10723.sql -> outputs/stackoverflow_1gb/10723.txt  (832 bytes, EXPLAIN stripped)
  [409/11794] 10724.sql -> outputs/stackoverflow_1gb/10724.txt  (7018 bytes, EXPLAIN stripped)
  [410/11794] 10725.sql -> outputs/stackoverflow_1gb/10725.txt  (24051 bytes, EXPLAIN stripped)
  [411/11794] 10728.sql -> outputs/stackoverflow_1gb/10728.txt  (10236 bytes, EXPLAIN stripped)
  [412/11794] 10729.sql -> outputs/stackoverflow_1gb/10729.txt  (41706 bytes, EXPLAIN stripped)
  [413/11794] 10734.sql -> outputs/stackoverflow_1gb/10734.txt  (4385 bytes, EXPLAIN stripped)
  [414/11794] 10735.sql -> outputs/stackoverflow_1gb/10735.txt  (175 bytes, EXPLAIN stripped)
  [415/11794] 10737.sql -> outputs/stackoverflow_1gb/10737.txt  (240 bytes, EXPLAIN stripped)
  [416/11794] 1074.sql -> outputs/stackoverflow_1gb/1074.txt  (2830 bytes, EXPLAIN stripped)
  [417/11794] 10743.sql -> outputs/stackoverflow_1gb/10743.txt  (501 bytes, EXPLAIN stripped)
  [418/11794] 10746.sql -> outputs/stackoverflow_1gb/10746.txt  (450 bytes, EXPLAIN stripped)
  [419/11794] 10747.sql -> outputs/stackoverflow_1gb/10747.txt  (77498 bytes, EXPLAIN stripped)
  [420/11794] 10749.sql -> outputs/stackoverflow_1gb/10749.txt  (318 bytes, EXPLAIN stripped)
  [421/11794] 10751.sql -> outputs/stackoverflow_1gb/10751.txt  (38705 bytes, EXPLAIN stripped)
  [422/11794] 10752.sql -> outputs/stackoverflow_1gb/10752.txt  (80781 bytes, EXPLAIN stripped)
  [423/11794] 10753.sql -> outputs/stackoverflow_1gb/10753.txt  (1183 bytes, EXPLAIN stripped)
  [424/11794] 10754.sql -> outputs/stackoverflow_1gb/10754.txt  (753 bytes, EXPLAIN stripped)
  [425/11794] 10755.sql -> outputs/stackoverflow_1gb/10755.txt  (317 bytes, EXPLAIN stripped)
  [426/11794] 10756.sql -> outputs/stackoverflow_1gb/10756.txt  (106 bytes, EXPLAIN stripped)
  [427/11794] 10757.sql -> outputs/stackoverflow_1gb/10757.txt  (45602 bytes, EXPLAIN stripped)
  [428/11794] 10760.sql -> outputs/stackoverflow_1gb/10760.txt  (3962 bytes, EXPLAIN stripped)
  [429/11794] 10762.sql -> outputs/stackoverflow_1gb/10762.txt  (5755 bytes, EXPLAIN stripped)
  [430/11794] 10764.sql -> outputs/stackoverflow_1gb/10764.txt  (97017 bytes, EXPLAIN stripped)
  [431/11794] 10766.sql -> outputs/stackoverflow_1gb/10766.txt  (575 bytes, EXPLAIN stripped)
  [432/11794] 10767.sql -> outputs/stackoverflow_1gb/10767.txt  (131 bytes, EXPLAIN stripped)
  [433/11794] 10768.sql -> outputs/stackoverflow_1gb/10768.txt  (38131 bytes, EXPLAIN stripped)
  [434/11794] 10770.sql -> outputs/stackoverflow_1gb/10770.txt  (34355 bytes, EXPLAIN stripped)
  [435/11794] 10771.sql -> outputs/stackoverflow_1gb/10771.txt  (377 bytes, EXPLAIN stripped)
  [436/11794] 10774.sql -> outputs/stackoverflow_1gb/10774.txt  (300 bytes, EXPLAIN stripped)
  [437/11794] 1078.sql -> outputs/stackoverflow_1gb/1078.txt  (7320 bytes, EXPLAIN stripped)
  [438/11794] 10781.sql -> outputs/stackoverflow_1gb/10781.txt  (36137 bytes, EXPLAIN stripped)
  [439/11794] 10785.sql -> outputs/stackoverflow_1gb/10785.txt  (34624 bytes, EXPLAIN stripped)
  [440/11794] 10786.sql -> outputs/stackoverflow_1gb/10786.txt  (122123 bytes, EXPLAIN stripped)
  [441/11794] 10788.sql -> outputs/stackoverflow_1gb/10788.txt  (28623 bytes, EXPLAIN stripped)
  [442/11794] 10789.sql -> outputs/stackoverflow_1gb/10789.txt  (442 bytes, EXPLAIN stripped)
  [443/11794] 10790.sql -> outputs/stackoverflow_1gb/10790.txt  (10317 bytes, EXPLAIN stripped)
  [444/11794] 10791.sql -> outputs/stackoverflow_1gb/10791.txt  (5238 bytes, EXPLAIN stripped)
  [445/11794] 10792.sql -> outputs/stackoverflow_1gb/10792.txt  (117917 bytes, EXPLAIN stripped)
  [446/11794] 10794.sql -> outputs/stackoverflow_1gb/10794.txt  (954 bytes, EXPLAIN stripped)
  [447/11794] 10797.sql -> outputs/stackoverflow_1gb/10797.txt  (146 bytes, EXPLAIN stripped)
  [448/11794] 10798.sql -> outputs/stackoverflow_1gb/10798.txt  (563 bytes, EXPLAIN stripped)
  [449/11794] 10799.sql -> outputs/stackoverflow_1gb/10799.txt  (8151 bytes, EXPLAIN stripped)
  [450/11794] 1080.sql -> outputs/stackoverflow_1gb/1080.txt  (116 bytes, EXPLAIN stripped)
  [451/11794] 10801.sql -> outputs/stackoverflow_1gb/10801.txt  (342 bytes, EXPLAIN stripped)
  [452/11794] 10803.sql -> outputs/stackoverflow_1gb/10803.txt  (79 bytes, EXPLAIN stripped)
  [453/11794] 10804.sql -> outputs/stackoverflow_1gb/10804.txt  (278 bytes, EXPLAIN stripped)
  [454/11794] 10806.sql -> outputs/stackoverflow_1gb/10806.txt  (8718 bytes, EXPLAIN stripped)
  [455/11794] 10807.sql -> outputs/stackoverflow_1gb/10807.txt  (8659 bytes, EXPLAIN stripped)
  [456/11794] 10809.sql -> outputs/stackoverflow_1gb/10809.txt  (109296 bytes, EXPLAIN stripped)
  [457/11794] 1081.sql -> outputs/stackoverflow_1gb/1081.txt  (755 bytes, EXPLAIN stripped)
  [458/11794] 10810.sql -> outputs/stackoverflow_1gb/10810.txt  (11086 bytes, EXPLAIN stripped)
  [459/11794] 10811.sql -> outputs/stackoverflow_1gb/10811.txt  (7338 bytes, EXPLAIN stripped)
  [460/11794] 10814.sql -> outputs/stackoverflow_1gb/10814.txt  (5238 bytes, EXPLAIN stripped)
  [461/11794] 10815.sql -> outputs/stackoverflow_1gb/10815.txt  (28709 bytes, EXPLAIN stripped)
  [462/11794] 10817.sql -> outputs/stackoverflow_1gb/10817.txt  (317 bytes, EXPLAIN stripped)
  [463/11794] 10818.sql -> outputs/stackoverflow_1gb/10818.txt  (311 bytes, EXPLAIN stripped)
  [464/11794] 10819.sql -> outputs/stackoverflow_1gb/10819.txt  (114041 bytes, EXPLAIN stripped)
  [465/11794] 10820.sql -> outputs/stackoverflow_1gb/10820.txt  (321 bytes, EXPLAIN stripped)
  [466/11794] 10821.sql -> outputs/stackoverflow_1gb/10821.txt  (569 bytes, EXPLAIN stripped)
  [467/11794] 10823.sql -> outputs/stackoverflow_1gb/10823.txt  (841 bytes, EXPLAIN stripped)
  [468/11794] 10825.sql -> outputs/stackoverflow_1gb/10825.txt  (416 bytes, EXPLAIN stripped)
  [469/11794] 10830.sql -> outputs/stackoverflow_1gb/10830.txt  (44664 bytes, EXPLAIN stripped)
  [470/11794] 10831.sql -> outputs/stackoverflow_1gb/10831.txt  (26704 bytes, EXPLAIN stripped)
  [471/11794] 10835.sql -> outputs/stackoverflow_1gb/10835.txt  (985 bytes, EXPLAIN stripped)
  [472/11794] 10837.sql -> outputs/stackoverflow_1gb/10837.txt  (575 bytes, EXPLAIN stripped)
  [473/11794] 10839.sql -> outputs/stackoverflow_1gb/10839.txt  (8866 bytes, EXPLAIN stripped)
  [474/11794] 1084.sql -> outputs/stackoverflow_1gb/1084.txt  (12783 bytes, EXPLAIN stripped)
  [475/11794] 10840.sql -> outputs/stackoverflow_1gb/10840.txt  (311 bytes, EXPLAIN stripped)
  [476/11794] 10841.sql -> outputs/stackoverflow_1gb/10841.txt  (162365 bytes, EXPLAIN stripped)
  [477/11794] 10842.sql -> outputs/stackoverflow_1gb/10842.txt  (61741 bytes, EXPLAIN stripped)
  [478/11794] 10845.sql -> outputs/stackoverflow_1gb/10845.txt  (8339 bytes, EXPLAIN stripped)
  [479/11794] 10846.sql -> outputs/stackoverflow_1gb/10846.txt  (8889 bytes, EXPLAIN stripped)
  [480/11794] 10847.sql -> outputs/stackoverflow_1gb/10847.txt  (9207 bytes, EXPLAIN stripped)
  [481/11794] 10848.sql -> outputs/stackoverflow_1gb/10848.txt  (168 bytes, EXPLAIN stripped)
  [482/11794] 10849.sql -> outputs/stackoverflow_1gb/10849.txt  (770 bytes, EXPLAIN stripped)
  [483/11794] 10850.sql -> outputs/stackoverflow_1gb/10850.txt  (11758 bytes, EXPLAIN stripped)
  [484/11794] 10851.sql -> outputs/stackoverflow_1gb/10851.txt  (469 bytes, EXPLAIN stripped)
  [485/11794] 10852.sql -> outputs/stackoverflow_1gb/10852.txt  (312 bytes, EXPLAIN stripped)
  [486/11794] 10855.sql -> outputs/stackoverflow_1gb/10855.txt  (11113 bytes, EXPLAIN stripped)
  [487/11794] 10859.sql -> outputs/stackoverflow_1gb/10859.txt  (78239 bytes, EXPLAIN stripped)
  [488/11794] 10860.sql -> outputs/stackoverflow_1gb/10860.txt  (415 bytes, EXPLAIN stripped)
  [489/11794] 10861.sql -> outputs/stackoverflow_1gb/10861.txt  (101533 bytes, EXPLAIN stripped)
  [490/11794] 10863.sql -> outputs/stackoverflow_1gb/10863.txt  (22818 bytes, EXPLAIN stripped)
  [491/11794] 10865.sql -> outputs/stackoverflow_1gb/10865.txt  (42561 bytes, EXPLAIN stripped)
  [492/11794] 10867.sql -> outputs/stackoverflow_1gb/10867.txt  (83752 bytes, EXPLAIN stripped)
  [493/11794] 10868.sql -> outputs/stackoverflow_1gb/10868.txt  (595 bytes, EXPLAIN stripped)
  [494/11794] 10869.sql -> outputs/stackoverflow_1gb/10869.txt  (379 bytes, EXPLAIN stripped)
  [495/11794] 10871.sql -> outputs/stackoverflow_1gb/10871.txt  (9393 bytes, EXPLAIN stripped)
  [496/11794] 10872.sql -> outputs/stackoverflow_1gb/10872.txt  (350 bytes, EXPLAIN stripped)
  [497/11794] 10873.sql -> outputs/stackoverflow_1gb/10873.txt  (5602 bytes, EXPLAIN stripped)
  [498/11794] 10877.sql -> outputs/stackoverflow_1gb/10877.txt  (78947 bytes, EXPLAIN stripped)
  [499/11794] 10879.sql -> outputs/stackoverflow_1gb/10879.txt  (56927 bytes, EXPLAIN stripped)
  [500/11794] 10880.sql -> outputs/stackoverflow_1gb/10880.txt  (611 bytes, EXPLAIN stripped)
  [501/11794] 10881.sql -> outputs/stackoverflow_1gb/10881.txt  (150908 bytes, EXPLAIN stripped)
  [502/11794] 10882.sql -> outputs/stackoverflow_1gb/10882.txt  (882 bytes, EXPLAIN stripped)
  [503/11794] 10885.sql -> outputs/stackoverflow_1gb/10885.txt  (950 bytes, EXPLAIN stripped)
  [504/11794] 10886.sql -> outputs/stackoverflow_1gb/10886.txt  (659 bytes, EXPLAIN stripped)
  [505/11794] 10888.sql -> outputs/stackoverflow_1gb/10888.txt  (370 bytes, EXPLAIN stripped)
  [506/11794] 10890.sql -> outputs/stackoverflow_1gb/10890.txt  (50702 bytes, EXPLAIN stripped)
  [507/11794] 10892.sql -> outputs/stackoverflow_1gb/10892.txt  (136249 bytes, EXPLAIN stripped)
  [508/11794] 10893.sql -> outputs/stackoverflow_1gb/10893.txt  (49387 bytes, EXPLAIN stripped)
  [509/11794] 10895.sql -> outputs/stackoverflow_1gb/10895.txt  (17515 bytes, EXPLAIN stripped)
  [510/11794] 10896.sql -> outputs/stackoverflow_1gb/10896.txt  (9364 bytes, EXPLAIN stripped)
  [511/11794] 10899.sql -> outputs/stackoverflow_1gb/10899.txt  (89348 bytes, EXPLAIN stripped)
  [512/11794] 1090.sql -> outputs/stackoverflow_1gb/1090.txt  (300 bytes, EXPLAIN stripped)
  [513/11794] 10900.sql -> outputs/stackoverflow_1gb/10900.txt  (131 bytes, EXPLAIN stripped)
  [514/11794] 10903.sql -> outputs/stackoverflow_1gb/10903.txt  (6276 bytes, EXPLAIN stripped)
  [515/11794] 10907.sql -> outputs/stackoverflow_1gb/10907.txt  (625 bytes, EXPLAIN stripped)
  [516/11794] 10908.sql -> outputs/stackoverflow_1gb/10908.txt  (44897 bytes, EXPLAIN stripped)
  [517/11794] 10909.sql -> outputs/stackoverflow_1gb/10909.txt  (346 bytes, EXPLAIN stripped)
  [518/11794] 10910.sql -> outputs/stackoverflow_1gb/10910.txt  (61752 bytes, EXPLAIN stripped)
  [519/11794] 10911.sql -> outputs/stackoverflow_1gb/10911.txt  (701 bytes, EXPLAIN stripped)
  [520/11794] 10912.sql -> outputs/stackoverflow_1gb/10912.txt  (6149 bytes, EXPLAIN stripped)
  [521/11794] 10916.sql -> outputs/stackoverflow_1gb/10916.txt  (4568 bytes, EXPLAIN stripped)
  [522/11794] 10919.sql -> outputs/stackoverflow_1gb/10919.txt  (79838 bytes, EXPLAIN stripped)
  [523/11794] 10921.sql -> outputs/stackoverflow_1gb/10921.txt  (554 bytes, EXPLAIN stripped)
  [524/11794] 10922.sql -> outputs/stackoverflow_1gb/10922.txt  (92300 bytes, EXPLAIN stripped)
  [525/11794] 10923.sql -> outputs/stackoverflow_1gb/10923.txt  (919 bytes, EXPLAIN stripped)
  [526/11794] 10924.sql -> outputs/stackoverflow_1gb/10924.txt  (4423 bytes, EXPLAIN stripped)
  [527/11794] 10925.sql -> outputs/stackoverflow_1gb/10925.txt  (11061 bytes, EXPLAIN stripped)
  [528/11794] 10926.sql -> outputs/stackoverflow_1gb/10926.txt  (29698 bytes, EXPLAIN stripped)
  [529/11794] 10928.sql -> outputs/stackoverflow_1gb/10928.txt  (98537 bytes, EXPLAIN stripped)
  [530/11794] 10933.sql -> outputs/stackoverflow_1gb/10933.txt  (10347 bytes, EXPLAIN stripped)
  [531/11794] 10934.sql -> outputs/stackoverflow_1gb/10934.txt  (62267 bytes, EXPLAIN stripped)
  [532/11794] 10936.sql -> outputs/stackoverflow_1gb/10936.txt  (55958 bytes, EXPLAIN stripped)
  [533/11794] 10937.sql -> outputs/stackoverflow_1gb/10937.txt  (355 bytes, EXPLAIN stripped)
  [534/11794] 10939.sql -> outputs/stackoverflow_1gb/10939.txt  (34541 bytes, EXPLAIN stripped)
  [535/11794] 10940.sql -> outputs/stackoverflow_1gb/10940.txt  (300 bytes, EXPLAIN stripped)
  [536/11794] 10941.sql -> outputs/stackoverflow_1gb/10941.txt  (370 bytes, EXPLAIN stripped)
  [537/11794] 10944.sql -> outputs/stackoverflow_1gb/10944.txt  (770 bytes, EXPLAIN stripped)
  [538/11794] 10945.sql -> outputs/stackoverflow_1gb/10945.txt  (37283 bytes, EXPLAIN stripped)
  [539/11794] 10946.sql -> outputs/stackoverflow_1gb/10946.txt  (10652 bytes, EXPLAIN stripped)
  [540/11794] 10948.sql -> outputs/stackoverflow_1gb/10948.txt  (8563 bytes, EXPLAIN stripped)
  [541/11794] 10949.sql -> outputs/stackoverflow_1gb/10949.txt  (60585 bytes, EXPLAIN stripped)
  [542/11794] 1095.sql -> outputs/stackoverflow_1gb/1095.txt  (904 bytes, EXPLAIN stripped)
  [543/11794] 10951.sql -> outputs/stackoverflow_1gb/10951.txt  (8099 bytes, EXPLAIN stripped)
  [544/11794] 10952.sql -> outputs/stackoverflow_1gb/10952.txt  (8896 bytes, EXPLAIN stripped)
  [545/11794] 10955.sql -> outputs/stackoverflow_1gb/10955.txt  (9031 bytes, EXPLAIN stripped)
  [546/11794] 10960.sql -> outputs/stackoverflow_1gb/10960.txt  (58812 bytes, EXPLAIN stripped)
  [547/11794] 10961.sql -> outputs/stackoverflow_1gb/10961.txt  (110498 bytes, EXPLAIN stripped)
  [548/11794] 10964.sql -> outputs/stackoverflow_1gb/10964.txt  (118 bytes, EXPLAIN stripped)
  [549/11794] 10965.sql -> outputs/stackoverflow_1gb/10965.txt  (79731 bytes, EXPLAIN stripped)
  [550/11794] 10966.sql -> outputs/stackoverflow_1gb/10966.txt  (264 bytes, EXPLAIN stripped)
  [551/11794] 1097.sql -> outputs/stackoverflow_1gb/1097.txt  (692 bytes, EXPLAIN stripped)
  [552/11794] 10971.sql -> outputs/stackoverflow_1gb/10971.txt  (677 bytes, EXPLAIN stripped)
  [553/11794] 10972.sql -> outputs/stackoverflow_1gb/10972.txt  (8737 bytes, EXPLAIN stripped)
  [554/11794] 10973.sql -> outputs/stackoverflow_1gb/10973.txt  (8915 bytes, EXPLAIN stripped)
  [555/11794] 10974.sql -> outputs/stackoverflow_1gb/10974.txt  (9864 bytes, EXPLAIN stripped)
  [556/11794] 10975.sql -> outputs/stackoverflow_1gb/10975.txt  (105038 bytes, EXPLAIN stripped)
  [557/11794] 10978.sql -> outputs/stackoverflow_1gb/10978.txt  (68539 bytes, EXPLAIN stripped)
  [558/11794] 10979.sql -> outputs/stackoverflow_1gb/10979.txt  (31335 bytes, EXPLAIN stripped)
  [559/11794] 10980.sql -> outputs/stackoverflow_1gb/10980.txt  (2841 bytes, EXPLAIN stripped)
  [560/11794] 10981.sql -> outputs/stackoverflow_1gb/10981.txt  (763 bytes, EXPLAIN stripped)
  [561/11794] 10982.sql -> outputs/stackoverflow_1gb/10982.txt  (112 bytes, EXPLAIN stripped)
  [562/11794] 10984.sql -> outputs/stackoverflow_1gb/10984.txt  (39606 bytes, EXPLAIN stripped)
  [563/11794] 10988.sql -> outputs/stackoverflow_1gb/10988.txt  (68982 bytes, EXPLAIN stripped)
  [564/11794] 10989.sql -> outputs/stackoverflow_1gb/10989.txt  (80162 bytes, EXPLAIN stripped)
  [565/11794] 10992.sql -> outputs/stackoverflow_1gb/10992.txt  (70720 bytes, EXPLAIN stripped)
  [566/11794] 10993.sql -> outputs/stackoverflow_1gb/10993.txt  (4197 bytes, EXPLAIN stripped)
  [567/11794] 10994.sql -> outputs/stackoverflow_1gb/10994.txt  (40918 bytes, EXPLAIN stripped)
  [568/11794] 10995.sql -> outputs/stackoverflow_1gb/10995.txt  (302 bytes, EXPLAIN stripped)
  [569/11794] 10998.sql -> outputs/stackoverflow_1gb/10998.txt  (141287 bytes, EXPLAIN stripped)
  [570/11794] 11.sql -> outputs/stackoverflow_1gb/11.txt  (6773 bytes, EXPLAIN stripped)
  [571/11794] 11001.sql -> outputs/stackoverflow_1gb/11001.txt  (66853 bytes, EXPLAIN stripped)
  [572/11794] 11002.sql -> outputs/stackoverflow_1gb/11002.txt  (1009 bytes, EXPLAIN stripped)
  [573/11794] 11004.sql -> outputs/stackoverflow_1gb/11004.txt  (9435 bytes, EXPLAIN stripped)
  [574/11794] 11005.sql -> outputs/stackoverflow_1gb/11005.txt  (7428 bytes, EXPLAIN stripped)
  [575/11794] 11006.sql -> outputs/stackoverflow_1gb/11006.txt  (36688 bytes, EXPLAIN stripped)
  [576/11794] 11008.sql -> outputs/stackoverflow_1gb/11008.txt  (337 bytes, EXPLAIN stripped)
  [577/11794] 11009.sql -> outputs/stackoverflow_1gb/11009.txt  (46500 bytes, EXPLAIN stripped)
  [578/11794] 11010.sql -> outputs/stackoverflow_1gb/11010.txt  (8689 bytes, EXPLAIN stripped)
  [579/11794] 11011.sql -> outputs/stackoverflow_1gb/11011.txt  (88266 bytes, EXPLAIN stripped)
  [580/11794] 11012.sql -> outputs/stackoverflow_1gb/11012.txt  (9118 bytes, EXPLAIN stripped)
  [581/11794] 11014.sql -> outputs/stackoverflow_1gb/11014.txt  (225 bytes, EXPLAIN stripped)
  [582/11794] 11018.sql -> outputs/stackoverflow_1gb/11018.txt  (64219 bytes, EXPLAIN stripped)
  [583/11794] 1102.sql -> outputs/stackoverflow_1gb/1102.txt  (108928 bytes, EXPLAIN stripped)
  [584/11794] 11020.sql -> outputs/stackoverflow_1gb/11020.txt  (402 bytes, EXPLAIN stripped)
  [585/11794] 11022.sql -> outputs/stackoverflow_1gb/11022.txt  (108299 bytes, EXPLAIN stripped)
  [586/11794] 11024.sql -> outputs/stackoverflow_1gb/11024.txt  (56943 bytes, EXPLAIN stripped)
  [587/11794] 11026.sql -> outputs/stackoverflow_1gb/11026.txt  (9251 bytes, EXPLAIN stripped)
  [588/11794] 11029.sql -> outputs/stackoverflow_1gb/11029.txt  (6699 bytes, EXPLAIN stripped)
  [589/11794] 11032.sql -> outputs/stackoverflow_1gb/11032.txt  (36770 bytes, EXPLAIN stripped)
  [590/11794] 11034.sql -> outputs/stackoverflow_1gb/11034.txt  (337 bytes, EXPLAIN stripped)
  [591/11794] 11035.sql -> outputs/stackoverflow_1gb/11035.txt  (8603 bytes, EXPLAIN stripped)
  [592/11794] 11036.sql -> outputs/stackoverflow_1gb/11036.txt  (32050 bytes, EXPLAIN stripped)
  [593/11794] 11037.sql -> outputs/stackoverflow_1gb/11037.txt  (9144 bytes, EXPLAIN stripped)
  [594/11794] 11039.sql -> outputs/stackoverflow_1gb/11039.txt  (354 bytes, EXPLAIN stripped)
  [595/11794] 11040.sql -> outputs/stackoverflow_1gb/11040.txt  (364 bytes, EXPLAIN stripped)
  [596/11794] 11043.sql -> outputs/stackoverflow_1gb/11043.txt  (30022 bytes, EXPLAIN stripped)
  [597/11794] 11045.sql -> outputs/stackoverflow_1gb/11045.txt  (418 bytes, EXPLAIN stripped)
  [598/11794] 1105.sql -> outputs/stackoverflow_1gb/1105.txt  (1324 bytes, EXPLAIN stripped)
  [599/11794] 11050.sql -> outputs/stackoverflow_1gb/11050.txt  (719 bytes, EXPLAIN stripped)
  [600/11794] 11053.sql -> outputs/stackoverflow_1gb/11053.txt  (131 bytes, EXPLAIN stripped)
  [601/11794] 11055.sql -> outputs/stackoverflow_1gb/11055.txt  (47692 bytes, EXPLAIN stripped)
  [602/11794] 11057.sql -> outputs/stackoverflow_1gb/11057.txt  (14400 bytes, EXPLAIN stripped)
  [603/11794] 11058.sql -> outputs/stackoverflow_1gb/11058.txt  (557 bytes, EXPLAIN stripped)
  [604/11794] 11059.sql -> outputs/stackoverflow_1gb/11059.txt  (424 bytes, EXPLAIN stripped)
  [605/11794] 11065.sql -> outputs/stackoverflow_1gb/11065.txt  (71562 bytes, EXPLAIN stripped)
  [606/11794] 11068.sql -> outputs/stackoverflow_1gb/11068.txt  (143 bytes, EXPLAIN stripped)
  [607/11794] 11070.sql -> outputs/stackoverflow_1gb/11070.txt  (10225 bytes, EXPLAIN stripped)
  [608/11794] 11073.sql -> outputs/stackoverflow_1gb/11073.txt  (332 bytes, EXPLAIN stripped)
  [609/11794] 11074.sql -> outputs/stackoverflow_1gb/11074.txt  (111487 bytes, EXPLAIN stripped)
  [610/11794] 11075.sql -> outputs/stackoverflow_1gb/11075.txt  (30920 bytes, EXPLAIN stripped)
  [611/11794] 11076.sql -> outputs/stackoverflow_1gb/11076.txt  (504 bytes, EXPLAIN stripped)
  [612/11794] 11077.sql -> outputs/stackoverflow_1gb/11077.txt  (250 bytes, EXPLAIN stripped)
  [613/11794] 11079.sql -> outputs/stackoverflow_1gb/11079.txt  (73193 bytes, EXPLAIN stripped)
  [614/11794] 11080.sql -> outputs/stackoverflow_1gb/11080.txt  (127752 bytes, EXPLAIN stripped)
  [615/11794] 11082.sql -> outputs/stackoverflow_1gb/11082.txt  (27976 bytes, EXPLAIN stripped)
  [616/11794] 11083.sql -> outputs/stackoverflow_1gb/11083.txt  (90890 bytes, EXPLAIN stripped)
  [617/11794] 11084.sql -> outputs/stackoverflow_1gb/11084.txt  (10909 bytes, EXPLAIN stripped)
  [618/11794] 11085.sql -> outputs/stackoverflow_1gb/11085.txt  (3076 bytes, EXPLAIN stripped)
  [619/11794] 11087.sql -> outputs/stackoverflow_1gb/11087.txt  (312 bytes, EXPLAIN stripped)
  [620/11794] 11089.sql -> outputs/stackoverflow_1gb/11089.txt  (94721 bytes, EXPLAIN stripped)
  [621/11794] 11090.sql -> outputs/stackoverflow_1gb/11090.txt  (129795 bytes, EXPLAIN stripped)
  [622/11794] 11091.sql -> outputs/stackoverflow_1gb/11091.txt  (65940 bytes, EXPLAIN stripped)
  [623/11794] 11092.sql -> outputs/stackoverflow_1gb/11092.txt  (351 bytes, EXPLAIN stripped)
  [624/11794] 11094.sql -> outputs/stackoverflow_1gb/11094.txt  (391 bytes, EXPLAIN stripped)
  [625/11794] 11095.sql -> outputs/stackoverflow_1gb/11095.txt  (481 bytes, EXPLAIN stripped)
  [626/11794] 11096.sql -> outputs/stackoverflow_1gb/11096.txt  (103523 bytes, EXPLAIN stripped)
  [627/11794] 11099.sql -> outputs/stackoverflow_1gb/11099.txt  (776 bytes, EXPLAIN stripped)
  [628/11794] 1110.sql -> outputs/stackoverflow_1gb/1110.txt  (661 bytes, EXPLAIN stripped)
  [629/11794] 11102.sql -> outputs/stackoverflow_1gb/11102.txt  (124 bytes, EXPLAIN stripped)
  [630/11794] 11103.sql -> outputs/stackoverflow_1gb/11103.txt  (103623 bytes, EXPLAIN stripped)
  [631/11794] 11104.sql -> outputs/stackoverflow_1gb/11104.txt  (10234 bytes, EXPLAIN stripped)
  [632/11794] 11105.sql -> outputs/stackoverflow_1gb/11105.txt  (163973 bytes, EXPLAIN stripped)
  [633/11794] 11108.sql -> outputs/stackoverflow_1gb/11108.txt  (12004 bytes, EXPLAIN stripped)
  [634/11794] 11111.sql -> outputs/stackoverflow_1gb/11111.txt  (10490 bytes, EXPLAIN stripped)
  [635/11794] 11113.sql -> outputs/stackoverflow_1gb/11113.txt  (2828 bytes, EXPLAIN stripped)
  [636/11794] 11115.sql -> outputs/stackoverflow_1gb/11115.txt  (31779 bytes, EXPLAIN stripped)
  [637/11794] 11118.sql -> outputs/stackoverflow_1gb/11118.txt  (60796 bytes, EXPLAIN stripped)
  [638/11794] 11119.sql -> outputs/stackoverflow_1gb/11119.txt  (51755 bytes, EXPLAIN stripped)
  [639/11794] 11120.sql -> outputs/stackoverflow_1gb/11120.txt  (432 bytes, EXPLAIN stripped)
  [640/11794] 11121.sql -> outputs/stackoverflow_1gb/11121.txt  (38598 bytes, EXPLAIN stripped)
  [641/11794] 11123.sql -> outputs/stackoverflow_1gb/11123.txt  (73998 bytes, EXPLAIN stripped)
  [642/11794] 11124.sql -> outputs/stackoverflow_1gb/11124.txt  (8622 bytes, EXPLAIN stripped)
  [643/11794] 11125.sql -> outputs/stackoverflow_1gb/11125.txt  (112628 bytes, EXPLAIN stripped)
  [644/11794] 11127.sql -> outputs/stackoverflow_1gb/11127.txt  (547 bytes, EXPLAIN stripped)
  [645/11794] 11128.sql -> outputs/stackoverflow_1gb/11128.txt  (300 bytes, EXPLAIN stripped)
  [646/11794] 11129.sql -> outputs/stackoverflow_1gb/11129.txt  (435 bytes, EXPLAIN stripped)
  [647/11794] 11131.sql -> outputs/stackoverflow_1gb/11131.txt  (8486 bytes, EXPLAIN stripped)
  [648/11794] 11133.sql -> outputs/stackoverflow_1gb/11133.txt  (12070 bytes, EXPLAIN stripped)
  [649/11794] 11134.sql -> outputs/stackoverflow_1gb/11134.txt  (1258 bytes, EXPLAIN stripped)
  [650/11794] 11135.sql -> outputs/stackoverflow_1gb/11135.txt  (731 bytes, EXPLAIN stripped)
  [651/11794] 11136.sql -> outputs/stackoverflow_1gb/11136.txt  (7873 bytes, EXPLAIN stripped)
  [652/11794] 11137.sql -> outputs/stackoverflow_1gb/11137.txt  (8393 bytes, EXPLAIN stripped)
  [653/11794] 11138.sql -> outputs/stackoverflow_1gb/11138.txt  (86645 bytes, EXPLAIN stripped)
  [654/11794] 11143.sql -> outputs/stackoverflow_1gb/11143.txt  (47963 bytes, EXPLAIN stripped)
  [655/11794] 11144.sql -> outputs/stackoverflow_1gb/11144.txt  (114747 bytes, EXPLAIN stripped)
  [656/11794] 11147.sql -> outputs/stackoverflow_1gb/11147.txt  (912 bytes, EXPLAIN stripped)
  [657/11794] 11148.sql -> outputs/stackoverflow_1gb/11148.txt  (132 bytes, EXPLAIN stripped)
  [658/11794] 11150.sql -> outputs/stackoverflow_1gb/11150.txt  (71681 bytes, EXPLAIN stripped)
  [659/11794] 11151.sql -> outputs/stackoverflow_1gb/11151.txt  (136246 bytes, EXPLAIN stripped)
  [660/11794] 11152.sql -> outputs/stackoverflow_1gb/11152.txt  (217 bytes, EXPLAIN stripped)
  [661/11794] 11153.sql -> outputs/stackoverflow_1gb/11153.txt  (6214 bytes, EXPLAIN stripped)
  [662/11794] 11154.sql -> outputs/stackoverflow_1gb/11154.txt  (182726 bytes, EXPLAIN stripped)
  [663/11794] 11155.sql -> outputs/stackoverflow_1gb/11155.txt  (103269 bytes, EXPLAIN stripped)
  [664/11794] 11157.sql -> outputs/stackoverflow_1gb/11157.txt  (36782 bytes, EXPLAIN stripped)
  [665/11794] 11158.sql -> outputs/stackoverflow_1gb/11158.txt  (9500 bytes, EXPLAIN stripped)
  [666/11794] 1116.sql -> outputs/stackoverflow_1gb/1116.txt  (5996 bytes, EXPLAIN stripped)
  [667/11794] 11163.sql -> outputs/stackoverflow_1gb/11163.txt  (7171 bytes, EXPLAIN stripped)
  [668/11794] 11164.sql -> outputs/stackoverflow_1gb/11164.txt  (307 bytes, EXPLAIN stripped)
  [669/11794] 11165.sql -> outputs/stackoverflow_1gb/11165.txt  (6240 bytes, EXPLAIN stripped)
  [670/11794] 11166.sql -> outputs/stackoverflow_1gb/11166.txt  (88988 bytes, EXPLAIN stripped)
  [671/11794] 11167.sql -> outputs/stackoverflow_1gb/11167.txt  (71379 bytes, EXPLAIN stripped)
  [672/11794] 11171.sql -> outputs/stackoverflow_1gb/11171.txt  (1256 bytes, EXPLAIN stripped)
  [673/11794] 11173.sql -> outputs/stackoverflow_1gb/11173.txt  (7525 bytes, EXPLAIN stripped)
  [674/11794] 11174.sql -> outputs/stackoverflow_1gb/11174.txt  (29052 bytes, EXPLAIN stripped)
  [675/11794] 11178.sql -> outputs/stackoverflow_1gb/11178.txt  (2640 bytes, EXPLAIN stripped)
  [676/11794] 11180.sql -> outputs/stackoverflow_1gb/11180.txt  (70841 bytes, EXPLAIN stripped)
  [677/11794] 11181.sql -> outputs/stackoverflow_1gb/11181.txt  (36715 bytes, EXPLAIN stripped)
  [678/11794] 11182.sql -> outputs/stackoverflow_1gb/11182.txt  (81823 bytes, EXPLAIN stripped)
  [679/11794] 11186.sql -> outputs/stackoverflow_1gb/11186.txt  (362 bytes, EXPLAIN stripped)
  [680/11794] 11187.sql -> outputs/stackoverflow_1gb/11187.txt  (370 bytes, EXPLAIN stripped)
  [681/11794] 1119.sql -> outputs/stackoverflow_1gb/1119.txt  (94053 bytes, EXPLAIN stripped)
  [682/11794] 11190.sql -> outputs/stackoverflow_1gb/11190.txt  (8050 bytes, EXPLAIN stripped)
  [683/11794] 11197.sql -> outputs/stackoverflow_1gb/11197.txt  (7788 bytes, EXPLAIN stripped)
  [684/11794] 11198.sql -> outputs/stackoverflow_1gb/11198.txt  (48411 bytes, EXPLAIN stripped)
  [685/11794] 11199.sql -> outputs/stackoverflow_1gb/11199.txt  (324 bytes, EXPLAIN stripped)
  [686/11794] 1120.sql -> outputs/stackoverflow_1gb/1120.txt  (12999 bytes, EXPLAIN stripped)
  [687/11794] 11200.sql -> outputs/stackoverflow_1gb/11200.txt  (207 bytes, EXPLAIN stripped)
  [688/11794] 11201.sql -> outputs/stackoverflow_1gb/11201.txt  (101078 bytes, EXPLAIN stripped)
  [689/11794] 11205.sql -> outputs/stackoverflow_1gb/11205.txt  (213 bytes, EXPLAIN stripped)
  [690/11794] 11207.sql -> outputs/stackoverflow_1gb/11207.txt  (4246 bytes, EXPLAIN stripped)
  [691/11794] 11210.sql -> outputs/stackoverflow_1gb/11210.txt  (347 bytes, EXPLAIN stripped)
  [692/11794] 11211.sql -> outputs/stackoverflow_1gb/11211.txt  (80106 bytes, EXPLAIN stripped)
  [693/11794] 11212.sql -> outputs/stackoverflow_1gb/11212.txt  (80817 bytes, EXPLAIN stripped)
  [694/11794] 11215.sql -> outputs/stackoverflow_1gb/11215.txt  (393 bytes, EXPLAIN stripped)
  [695/11794] 11216.sql -> outputs/stackoverflow_1gb/11216.txt  (756 bytes, EXPLAIN stripped)
  [696/11794] 11220.sql -> outputs/stackoverflow_1gb/11220.txt  (4728 bytes, EXPLAIN stripped)
  [697/11794] 11221.sql -> outputs/stackoverflow_1gb/11221.txt  (5112 bytes, EXPLAIN stripped)
  [698/11794] 11222.sql -> outputs/stackoverflow_1gb/11222.txt  (435 bytes, EXPLAIN stripped)
  [699/11794] 11224.sql -> outputs/stackoverflow_1gb/11224.txt  (9819 bytes, EXPLAIN stripped)
  [700/11794] 11225.sql -> outputs/stackoverflow_1gb/11225.txt  (60473 bytes, EXPLAIN stripped)
  [701/11794] 11226.sql -> outputs/stackoverflow_1gb/11226.txt  (127 bytes, EXPLAIN stripped)
  [702/11794] 11227.sql -> outputs/stackoverflow_1gb/11227.txt  (86747 bytes, EXPLAIN stripped)
  [703/11794] 11228.sql -> outputs/stackoverflow_1gb/11228.txt  (461 bytes, EXPLAIN stripped)
  [704/11794] 11229.sql -> outputs/stackoverflow_1gb/11229.txt  (310 bytes, EXPLAIN stripped)
  [705/11794] 11230.sql -> outputs/stackoverflow_1gb/11230.txt  (685 bytes, EXPLAIN stripped)
  [706/11794] 11231.sql -> outputs/stackoverflow_1gb/11231.txt  (88153 bytes, EXPLAIN stripped)
  [707/11794] 11233.sql -> outputs/stackoverflow_1gb/11233.txt  (475 bytes, EXPLAIN stripped)
  [708/11794] 11234.sql -> outputs/stackoverflow_1gb/11234.txt  (216 bytes, EXPLAIN stripped)
  [709/11794] 11235.sql -> outputs/stackoverflow_1gb/11235.txt  (7688 bytes, EXPLAIN stripped)
  [710/11794] 11236.sql -> outputs/stackoverflow_1gb/11236.txt  (21614 bytes, EXPLAIN stripped)
  [711/11794] 11237.sql -> outputs/stackoverflow_1gb/11237.txt  (43548 bytes, EXPLAIN stripped)
  [712/11794] 11239.sql -> outputs/stackoverflow_1gb/11239.txt  (198 bytes, EXPLAIN stripped)
  [713/11794] 11240.sql -> outputs/stackoverflow_1gb/11240.txt  (586 bytes, EXPLAIN stripped)
  [714/11794] 11242.sql -> outputs/stackoverflow_1gb/11242.txt  (67241 bytes, EXPLAIN stripped)
  [715/11794] 11243.sql -> outputs/stackoverflow_1gb/11243.txt  (104758 bytes, EXPLAIN stripped)
  [716/11794] 11245.sql -> outputs/stackoverflow_1gb/11245.txt  (2310 bytes, EXPLAIN stripped)
  [717/11794] 11246.sql -> outputs/stackoverflow_1gb/11246.txt  (259 bytes, EXPLAIN stripped)
  [718/11794] 11247.sql -> outputs/stackoverflow_1gb/11247.txt  (86020 bytes, EXPLAIN stripped)
  [719/11794] 1125.sql -> outputs/stackoverflow_1gb/1125.txt  (43378 bytes, EXPLAIN stripped)
  [720/11794] 11250.sql -> outputs/stackoverflow_1gb/11250.txt  (461 bytes, EXPLAIN stripped)
  [721/11794] 11251.sql -> outputs/stackoverflow_1gb/11251.txt  (515 bytes, EXPLAIN stripped)
  [722/11794] 11252.sql -> outputs/stackoverflow_1gb/11252.txt  (106635 bytes, EXPLAIN stripped)
  [723/11794] 11253.sql -> outputs/stackoverflow_1gb/11253.txt  (86315 bytes, EXPLAIN stripped)
  [724/11794] 11256.sql -> outputs/stackoverflow_1gb/11256.txt  (546 bytes, EXPLAIN stripped)
  [725/11794] 11259.sql -> outputs/stackoverflow_1gb/11259.txt  (34148 bytes, EXPLAIN stripped)
  [726/11794] 11261.sql -> outputs/stackoverflow_1gb/11261.txt  (550 bytes, EXPLAIN stripped)
  [727/11794] 11262.sql -> outputs/stackoverflow_1gb/11262.txt  (446 bytes, EXPLAIN stripped)
  [728/11794] 11263.sql -> outputs/stackoverflow_1gb/11263.txt  (715 bytes, EXPLAIN stripped)
  [729/11794] 11264.sql -> outputs/stackoverflow_1gb/11264.txt  (497 bytes, EXPLAIN stripped)
  [730/11794] 11265.sql -> outputs/stackoverflow_1gb/11265.txt  (746 bytes, EXPLAIN stripped)
  [731/11794] 11266.sql -> outputs/stackoverflow_1gb/11266.txt  (518 bytes, EXPLAIN stripped)
  [732/11794] 11267.sql -> outputs/stackoverflow_1gb/11267.txt  (11104 bytes, EXPLAIN stripped)
  [733/11794] 11268.sql -> outputs/stackoverflow_1gb/11268.txt  (6714 bytes, EXPLAIN stripped)
  [734/11794] 11269.sql -> outputs/stackoverflow_1gb/11269.txt  (12116 bytes, EXPLAIN stripped)
  [735/11794] 1127.sql -> outputs/stackoverflow_1gb/1127.txt  (88 bytes, EXPLAIN stripped)
  [736/11794] 11270.sql -> outputs/stackoverflow_1gb/11270.txt  (27787 bytes, EXPLAIN stripped)
  [737/11794] 11271.sql -> outputs/stackoverflow_1gb/11271.txt  (300 bytes, EXPLAIN stripped)
  [738/11794] 11272.sql -> outputs/stackoverflow_1gb/11272.txt  (8632 bytes, EXPLAIN stripped)
  [739/11794] 11274.sql -> outputs/stackoverflow_1gb/11274.txt  (12578 bytes, EXPLAIN stripped)
  [740/11794] 11275.sql -> outputs/stackoverflow_1gb/11275.txt  (65372 bytes, EXPLAIN stripped)
  [741/11794] 11276.sql -> outputs/stackoverflow_1gb/11276.txt  (117278 bytes, EXPLAIN stripped)
  [742/11794] 11277.sql -> outputs/stackoverflow_1gb/11277.txt  (110173 bytes, EXPLAIN stripped)
  [743/11794] 1128.sql -> outputs/stackoverflow_1gb/1128.txt  (6049 bytes, EXPLAIN stripped)
  [744/11794] 11280.sql -> outputs/stackoverflow_1gb/11280.txt  (372 bytes, EXPLAIN stripped)
  [745/11794] 11282.sql -> outputs/stackoverflow_1gb/11282.txt  (11882 bytes, EXPLAIN stripped)
  [746/11794] 11283.sql -> outputs/stackoverflow_1gb/11283.txt  (3575 bytes, EXPLAIN stripped)
  [747/11794] 11284.sql -> outputs/stackoverflow_1gb/11284.txt  (47835 bytes, EXPLAIN stripped)
  [748/11794] 11285.sql -> outputs/stackoverflow_1gb/11285.txt  (12038 bytes, EXPLAIN stripped)
  [749/11794] 11286.sql -> outputs/stackoverflow_1gb/11286.txt  (358 bytes, EXPLAIN stripped)
  [750/11794] 11287.sql -> outputs/stackoverflow_1gb/11287.txt  (10883 bytes, EXPLAIN stripped)
  [751/11794] 11289.sql -> outputs/stackoverflow_1gb/11289.txt  (633 bytes, EXPLAIN stripped)
  [752/11794] 11293.sql -> outputs/stackoverflow_1gb/11293.txt  (180 bytes, EXPLAIN stripped)
  [753/11794] 11294.sql -> outputs/stackoverflow_1gb/11294.txt  (616 bytes, EXPLAIN stripped)
  [754/11794] 11299.sql -> outputs/stackoverflow_1gb/11299.txt  (55583 bytes, EXPLAIN stripped)
  [755/11794] 11304.sql -> outputs/stackoverflow_1gb/11304.txt  (33482 bytes, EXPLAIN stripped)
  [756/11794] 11307.sql -> outputs/stackoverflow_1gb/11307.txt  (220705 bytes, EXPLAIN stripped)
  [757/11794] 11308.sql -> outputs/stackoverflow_1gb/11308.txt  (308 bytes, EXPLAIN stripped)
  [758/11794] 11309.sql -> outputs/stackoverflow_1gb/11309.txt  (599 bytes, EXPLAIN stripped)
  [759/11794] 11310.sql -> outputs/stackoverflow_1gb/11310.txt  (50399 bytes, EXPLAIN stripped)
  [760/11794] 11312.sql -> outputs/stackoverflow_1gb/11312.txt  (87447 bytes, EXPLAIN stripped)
  [761/11794] 11314.sql -> outputs/stackoverflow_1gb/11314.txt  (189 bytes, EXPLAIN stripped)
  [762/11794] 11315.sql -> outputs/stackoverflow_1gb/11315.txt  (369 bytes, EXPLAIN stripped)
  [763/11794] 11318.sql -> outputs/stackoverflow_1gb/11318.txt  (37495 bytes, EXPLAIN stripped)
  [764/11794] 11319.sql -> outputs/stackoverflow_1gb/11319.txt  (113834 bytes, EXPLAIN stripped)
  [765/11794] 11321.sql -> outputs/stackoverflow_1gb/11321.txt  (4607 bytes, EXPLAIN stripped)
  [766/11794] 11322.sql -> outputs/stackoverflow_1gb/11322.txt  (58621 bytes, EXPLAIN stripped)
  [767/11794] 11325.sql -> outputs/stackoverflow_1gb/11325.txt  (81857 bytes, EXPLAIN stripped)
  [768/11794] 11326.sql -> outputs/stackoverflow_1gb/11326.txt  (8445 bytes, EXPLAIN stripped)
  [769/11794] 11327.sql -> outputs/stackoverflow_1gb/11327.txt  (101661 bytes, EXPLAIN stripped)
  [770/11794] 11329.sql -> outputs/stackoverflow_1gb/11329.txt  (522 bytes, EXPLAIN stripped)
  [771/11794] 11330.sql -> outputs/stackoverflow_1gb/11330.txt  (12040 bytes, EXPLAIN stripped)
  [772/11794] 11333.sql -> outputs/stackoverflow_1gb/11333.txt  (225 bytes, EXPLAIN stripped)
  [773/11794] 11335.sql -> outputs/stackoverflow_1gb/11335.txt  (4578 bytes, EXPLAIN stripped)
  [774/11794] 11336.sql -> outputs/stackoverflow_1gb/11336.txt  (66190 bytes, EXPLAIN stripped)
  [775/11794] 1134.sql -> outputs/stackoverflow_1gb/1134.txt  (86972 bytes, EXPLAIN stripped)
  [776/11794] 11342.sql -> outputs/stackoverflow_1gb/11342.txt  (26248 bytes, EXPLAIN stripped)
  [777/11794] 11344.sql -> outputs/stackoverflow_1gb/11344.txt  (300 bytes, EXPLAIN stripped)
  [778/11794] 11345.sql -> outputs/stackoverflow_1gb/11345.txt  (516 bytes, EXPLAIN stripped)
  [779/11794] 11348.sql -> outputs/stackoverflow_1gb/11348.txt  (519 bytes, EXPLAIN stripped)
  [780/11794] 11349.sql -> outputs/stackoverflow_1gb/11349.txt  (8828 bytes, EXPLAIN stripped)
  [781/11794] 11351.sql -> outputs/stackoverflow_1gb/11351.txt  (473 bytes, EXPLAIN stripped)
  [782/11794] 11352.sql -> outputs/stackoverflow_1gb/11352.txt  (63137 bytes, EXPLAIN stripped)
  [783/11794] 11353.sql -> outputs/stackoverflow_1gb/11353.txt  (61624 bytes, EXPLAIN stripped)
  [784/11794] 11357.sql -> outputs/stackoverflow_1gb/11357.txt  (7645 bytes, EXPLAIN stripped)
  [785/11794] 11358.sql -> outputs/stackoverflow_1gb/11358.txt  (8559 bytes, EXPLAIN stripped)
  [786/11794] 1136.sql -> outputs/stackoverflow_1gb/1136.txt  (3734 bytes, EXPLAIN stripped)
  [787/11794] 11360.sql -> outputs/stackoverflow_1gb/11360.txt  (11345 bytes, EXPLAIN stripped)
  [788/11794] 11362.sql -> outputs/stackoverflow_1gb/11362.txt  (980 bytes, EXPLAIN stripped)
  [789/11794] 11363.sql -> outputs/stackoverflow_1gb/11363.txt  (43016 bytes, EXPLAIN stripped)
  [790/11794] 11364.sql -> outputs/stackoverflow_1gb/11364.txt  (3983 bytes, EXPLAIN stripped)
  [791/11794] 11366.sql -> outputs/stackoverflow_1gb/11366.txt  (187 bytes, EXPLAIN stripped)
  [792/11794] 11369.sql -> outputs/stackoverflow_1gb/11369.txt  (317 bytes, EXPLAIN stripped)
  [793/11794] 11370.sql -> outputs/stackoverflow_1gb/11370.txt  (24320 bytes, EXPLAIN stripped)
  [794/11794] 11373.sql -> outputs/stackoverflow_1gb/11373.txt  (14293 bytes, EXPLAIN stripped)
  [795/11794] 11374.sql -> outputs/stackoverflow_1gb/11374.txt  (17361 bytes, EXPLAIN stripped)
  [796/11794] 11375.sql -> outputs/stackoverflow_1gb/11375.txt  (6258 bytes, EXPLAIN stripped)
  [797/11794] 11376.sql -> outputs/stackoverflow_1gb/11376.txt  (80477 bytes, EXPLAIN stripped)
  [798/11794] 11383.sql -> outputs/stackoverflow_1gb/11383.txt  (92778 bytes, EXPLAIN stripped)
  [799/11794] 11384.sql -> outputs/stackoverflow_1gb/11384.txt  (75603 bytes, EXPLAIN stripped)
  [800/11794] 11386.sql -> outputs/stackoverflow_1gb/11386.txt  (595 bytes, EXPLAIN stripped)
  [801/11794] 11387.sql -> outputs/stackoverflow_1gb/11387.txt  (321 bytes, EXPLAIN stripped)
  [802/11794] 11388.sql -> outputs/stackoverflow_1gb/11388.txt  (18918 bytes, EXPLAIN stripped)
  [803/11794] 11389.sql -> outputs/stackoverflow_1gb/11389.txt  (983 bytes, EXPLAIN stripped)
  [804/11794] 11391.sql -> outputs/stackoverflow_1gb/11391.txt  (140 bytes, EXPLAIN stripped)
  [805/11794] 11392.sql -> outputs/stackoverflow_1gb/11392.txt  (7965 bytes, EXPLAIN stripped)
  [806/11794] 11393.sql -> outputs/stackoverflow_1gb/11393.txt  (97791 bytes, EXPLAIN stripped)
  [807/11794] 11395.sql -> outputs/stackoverflow_1gb/11395.txt  (9095 bytes, EXPLAIN stripped)
  [808/11794] 11396.sql -> outputs/stackoverflow_1gb/11396.txt  (99955 bytes, EXPLAIN stripped)
  [809/11794] 11397.sql -> outputs/stackoverflow_1gb/11397.txt  (8827 bytes, EXPLAIN stripped)
  [810/11794] 114.sql -> outputs/stackoverflow_1gb/114.txt  (705 bytes, EXPLAIN stripped)
  [811/11794] 1140.sql -> outputs/stackoverflow_1gb/1140.txt  (32968 bytes, EXPLAIN stripped)
  [812/11794] 11400.sql -> outputs/stackoverflow_1gb/11400.txt  (67865 bytes, EXPLAIN stripped)
  [813/11794] 11404.sql -> outputs/stackoverflow_1gb/11404.txt  (88693 bytes, EXPLAIN stripped)
  [814/11794] 11405.sql -> outputs/stackoverflow_1gb/11405.txt  (31041 bytes, EXPLAIN stripped)
  [815/11794] 11406.sql -> outputs/stackoverflow_1gb/11406.txt  (317 bytes, EXPLAIN stripped)
  [816/11794] 11409.sql -> outputs/stackoverflow_1gb/11409.txt  (120221 bytes, EXPLAIN stripped)
  [817/11794] 11410.sql -> outputs/stackoverflow_1gb/11410.txt  (9996 bytes, EXPLAIN stripped)
  [818/11794] 11412.sql -> outputs/stackoverflow_1gb/11412.txt  (33050 bytes, EXPLAIN stripped)
  [819/11794] 11414.sql -> outputs/stackoverflow_1gb/11414.txt  (33085 bytes, EXPLAIN stripped)
  [820/11794] 11422.sql -> outputs/stackoverflow_1gb/11422.txt  (43777 bytes, EXPLAIN stripped)
  [821/11794] 11423.sql -> outputs/stackoverflow_1gb/11423.txt  (7963 bytes, EXPLAIN stripped)
  [822/11794] 11425.sql -> outputs/stackoverflow_1gb/11425.txt  (910 bytes, EXPLAIN stripped)
  [823/11794] 11427.sql -> outputs/stackoverflow_1gb/11427.txt  (109084 bytes, EXPLAIN stripped)
  [824/11794] 1143.sql -> outputs/stackoverflow_1gb/1143.txt  (438 bytes, EXPLAIN stripped)
  [825/11794] 11430.sql -> outputs/stackoverflow_1gb/11430.txt  (587 bytes, EXPLAIN stripped)
  [826/11794] 11432.sql -> outputs/stackoverflow_1gb/11432.txt  (502 bytes, EXPLAIN stripped)
  [827/11794] 11435.sql -> outputs/stackoverflow_1gb/11435.txt  (54618 bytes, EXPLAIN stripped)
  [828/11794] 11441.sql -> outputs/stackoverflow_1gb/11441.txt  (3582 bytes, EXPLAIN stripped)
  [829/11794] 11444.sql -> outputs/stackoverflow_1gb/11444.txt  (422 bytes, EXPLAIN stripped)
  [830/11794] 11446.sql -> outputs/stackoverflow_1gb/11446.txt  (44779 bytes, EXPLAIN stripped)
  [831/11794] 11449.sql -> outputs/stackoverflow_1gb/11449.txt  (3080 bytes, EXPLAIN stripped)
  [832/11794] 11450.sql -> outputs/stackoverflow_1gb/11450.txt  (112208 bytes, EXPLAIN stripped)
  [833/11794] 11453.sql -> outputs/stackoverflow_1gb/11453.txt  (123 bytes, EXPLAIN stripped)
  [834/11794] 11454.sql -> outputs/stackoverflow_1gb/11454.txt  (140297 bytes, EXPLAIN stripped)
  [835/11794] 11457.sql -> outputs/stackoverflow_1gb/11457.txt  (1516 bytes, EXPLAIN stripped)
  [836/11794] 11459.sql -> outputs/stackoverflow_1gb/11459.txt  (9880 bytes, EXPLAIN stripped)
  [837/11794] 11460.sql -> outputs/stackoverflow_1gb/11460.txt  (87113 bytes, EXPLAIN stripped)
  [838/11794] 11461.sql -> outputs/stackoverflow_1gb/11461.txt  (7799 bytes, EXPLAIN stripped)
  [839/11794] 11462.sql -> outputs/stackoverflow_1gb/11462.txt  (14392 bytes, EXPLAIN stripped)
  [840/11794] 11463.sql -> outputs/stackoverflow_1gb/11463.txt  (777 bytes, EXPLAIN stripped)
  [841/11794] 11464.sql -> outputs/stackoverflow_1gb/11464.txt  (1088 bytes, EXPLAIN stripped)
  [842/11794] 11465.sql -> outputs/stackoverflow_1gb/11465.txt  (1014 bytes, EXPLAIN stripped)
  [843/11794] 11466.sql -> outputs/stackoverflow_1gb/11466.txt  (66343 bytes, EXPLAIN stripped)
  [844/11794] 11468.sql -> outputs/stackoverflow_1gb/11468.txt  (3851 bytes, EXPLAIN stripped)
  [845/11794] 11469.sql -> outputs/stackoverflow_1gb/11469.txt  (875 bytes, EXPLAIN stripped)
  [846/11794] 11470.sql -> outputs/stackoverflow_1gb/11470.txt  (317 bytes, EXPLAIN stripped)
  [847/11794] 11471.sql -> outputs/stackoverflow_1gb/11471.txt  (28890 bytes, EXPLAIN stripped)
  [848/11794] 11473.sql -> outputs/stackoverflow_1gb/11473.txt  (35252 bytes, EXPLAIN stripped)
  [849/11794] 11476.sql -> outputs/stackoverflow_1gb/11476.txt  (165 bytes, EXPLAIN stripped)
  [850/11794] 11477.sql -> outputs/stackoverflow_1gb/11477.txt  (51614 bytes, EXPLAIN stripped)
  [851/11794] 11478.sql -> outputs/stackoverflow_1gb/11478.txt  (535 bytes, EXPLAIN stripped)
  [852/11794] 11479.sql -> outputs/stackoverflow_1gb/11479.txt  (472 bytes, EXPLAIN stripped)
  [853/11794] 11482.sql -> outputs/stackoverflow_1gb/11482.txt  (56519 bytes, EXPLAIN stripped)
  [854/11794] 11484.sql -> outputs/stackoverflow_1gb/11484.txt  (311 bytes, EXPLAIN stripped)
  [855/11794] 11485.sql -> outputs/stackoverflow_1gb/11485.txt  (4993 bytes, EXPLAIN stripped)
  [856/11794] 11488.sql -> outputs/stackoverflow_1gb/11488.txt  (10487 bytes, EXPLAIN stripped)
  [857/11794] 11489.sql -> outputs/stackoverflow_1gb/11489.txt  (90007 bytes, EXPLAIN stripped)
  [858/11794] 11490.sql -> outputs/stackoverflow_1gb/11490.txt  (109 bytes, EXPLAIN stripped)
  [859/11794] 11492.sql -> outputs/stackoverflow_1gb/11492.txt  (299 bytes, EXPLAIN stripped)
  [860/11794] 11493.sql -> outputs/stackoverflow_1gb/11493.txt  (106795 bytes, EXPLAIN stripped)
  [861/11794] 11494.sql -> outputs/stackoverflow_1gb/11494.txt  (49041 bytes, EXPLAIN stripped)
  [862/11794] 11495.sql -> outputs/stackoverflow_1gb/11495.txt  (9400 bytes, EXPLAIN stripped)
  [863/11794] 11499.sql -> outputs/stackoverflow_1gb/11499.txt  (28615 bytes, EXPLAIN stripped)
  [864/11794] 115.sql -> outputs/stackoverflow_1gb/115.txt  (1457 bytes, EXPLAIN stripped)
  [865/11794] 11500.sql -> outputs/stackoverflow_1gb/11500.txt  (4780 bytes, EXPLAIN stripped)
  [866/11794] 11501.sql -> outputs/stackoverflow_1gb/11501.txt  (3073 bytes, EXPLAIN stripped)
  [867/11794] 11502.sql -> outputs/stackoverflow_1gb/11502.txt  (295 bytes, EXPLAIN stripped)
  [868/11794] 11504.sql -> outputs/stackoverflow_1gb/11504.txt  (13010 bytes, EXPLAIN stripped)
  [869/11794] 11506.sql -> outputs/stackoverflow_1gb/11506.txt  (304 bytes, EXPLAIN stripped)
  [870/11794] 11508.sql -> outputs/stackoverflow_1gb/11508.txt  (65339 bytes, EXPLAIN stripped)
  [871/11794] 11510.sql -> outputs/stackoverflow_1gb/11510.txt  (4905 bytes, EXPLAIN stripped)
  [872/11794] 11514.sql -> outputs/stackoverflow_1gb/11514.txt  (326 bytes, EXPLAIN stripped)
  [873/11794] 11516.sql -> outputs/stackoverflow_1gb/11516.txt  (9623 bytes, EXPLAIN stripped)
  [874/11794] 11520.sql -> outputs/stackoverflow_1gb/11520.txt  (76706 bytes, EXPLAIN stripped)
  [875/11794] 11527.sql -> outputs/stackoverflow_1gb/11527.txt  (8898 bytes, EXPLAIN stripped)
  [876/11794] 11529.sql -> outputs/stackoverflow_1gb/11529.txt  (56815 bytes, EXPLAIN stripped)
  [877/11794] 11530.sql -> outputs/stackoverflow_1gb/11530.txt  (74819 bytes, EXPLAIN stripped)
  [878/11794] 11531.sql -> outputs/stackoverflow_1gb/11531.txt  (92937 bytes, EXPLAIN stripped)
  [879/11794] 11532.sql -> outputs/stackoverflow_1gb/11532.txt  (11293 bytes, EXPLAIN stripped)
  [880/11794] 11535.sql -> outputs/stackoverflow_1gb/11535.txt  (10926 bytes, EXPLAIN stripped)
  [881/11794] 11537.sql -> outputs/stackoverflow_1gb/11537.txt  (318 bytes, EXPLAIN stripped)
  [882/11794] 11539.sql -> outputs/stackoverflow_1gb/11539.txt  (36874 bytes, EXPLAIN stripped)
  [883/11794] 1154.sql -> outputs/stackoverflow_1gb/1154.txt  (486 bytes, EXPLAIN stripped)
  [884/11794] 11540.sql -> outputs/stackoverflow_1gb/11540.txt  (299 bytes, EXPLAIN stripped)
  [885/11794] 11541.sql -> outputs/stackoverflow_1gb/11541.txt  (4676 bytes, EXPLAIN stripped)
  [886/11794] 11542.sql -> outputs/stackoverflow_1gb/11542.txt  (352 bytes, EXPLAIN stripped)
  [887/11794] 11543.sql -> outputs/stackoverflow_1gb/11543.txt  (31140 bytes, EXPLAIN stripped)
  [888/11794] 11545.sql -> outputs/stackoverflow_1gb/11545.txt  (135624 bytes, EXPLAIN stripped)
  [889/11794] 11547.sql -> outputs/stackoverflow_1gb/11547.txt  (49452 bytes, EXPLAIN stripped)
  [890/11794] 11549.sql -> outputs/stackoverflow_1gb/11549.txt  (317 bytes, EXPLAIN stripped)
  [891/11794] 11550.sql -> outputs/stackoverflow_1gb/11550.txt  (506 bytes, EXPLAIN stripped)
  [892/11794] 11551.sql -> outputs/stackoverflow_1gb/11551.txt  (8347 bytes, EXPLAIN stripped)
  [893/11794] 11552.sql -> outputs/stackoverflow_1gb/11552.txt  (958 bytes, EXPLAIN stripped)
  [894/11794] 11554.sql -> outputs/stackoverflow_1gb/11554.txt  (15567 bytes, EXPLAIN stripped)
  [895/11794] 11556.sql -> outputs/stackoverflow_1gb/11556.txt  (56686 bytes, EXPLAIN stripped)
  [896/11794] 1156.sql -> outputs/stackoverflow_1gb/1156.txt  (44774 bytes, EXPLAIN stripped)
  [897/11794] 11561.sql -> outputs/stackoverflow_1gb/11561.txt  (10696 bytes, EXPLAIN stripped)
  [898/11794] 11562.sql -> outputs/stackoverflow_1gb/11562.txt  (665 bytes, EXPLAIN stripped)
  [899/11794] 11563.sql -> outputs/stackoverflow_1gb/11563.txt  (76292 bytes, EXPLAIN stripped)
  [900/11794] 11564.sql -> outputs/stackoverflow_1gb/11564.txt  (90388 bytes, EXPLAIN stripped)
  [901/11794] 11566.sql -> outputs/stackoverflow_1gb/11566.txt  (133845 bytes, EXPLAIN stripped)
  [902/11794] 11567.sql -> outputs/stackoverflow_1gb/11567.txt  (267 bytes, EXPLAIN stripped)
  [903/11794] 11570.sql -> outputs/stackoverflow_1gb/11570.txt  (359 bytes, EXPLAIN stripped)
  [904/11794] 11571.sql -> outputs/stackoverflow_1gb/11571.txt  (19550 bytes, EXPLAIN stripped)
  [905/11794] 11573.sql -> outputs/stackoverflow_1gb/11573.txt  (96457 bytes, EXPLAIN stripped)
  [906/11794] 11575.sql -> outputs/stackoverflow_1gb/11575.txt  (8547 bytes, EXPLAIN stripped)
  [907/11794] 11576.sql -> outputs/stackoverflow_1gb/11576.txt  (72 bytes, EXPLAIN stripped)
  [908/11794] 11578.sql -> outputs/stackoverflow_1gb/11578.txt  (144 bytes, EXPLAIN stripped)
  [909/11794] 11581.sql -> outputs/stackoverflow_1gb/11581.txt  (30639 bytes, EXPLAIN stripped)
  [910/11794] 11583.sql -> outputs/stackoverflow_1gb/11583.txt  (56201 bytes, EXPLAIN stripped)
  [911/11794] 11584.sql -> outputs/stackoverflow_1gb/11584.txt  (842 bytes, EXPLAIN stripped)
  [912/11794] 11586.sql -> outputs/stackoverflow_1gb/11586.txt  (11227 bytes, EXPLAIN stripped)
  [913/11794] 11587.sql -> outputs/stackoverflow_1gb/11587.txt  (154 bytes, EXPLAIN stripped)
  [914/11794] 11591.sql -> outputs/stackoverflow_1gb/11591.txt  (100869 bytes, EXPLAIN stripped)
  [915/11794] 11592.sql -> outputs/stackoverflow_1gb/11592.txt  (321 bytes, EXPLAIN stripped)
  [916/11794] 11593.sql -> outputs/stackoverflow_1gb/11593.txt  (112410 bytes, EXPLAIN stripped)
  [917/11794] 11595.sql -> outputs/stackoverflow_1gb/11595.txt  (11914 bytes, EXPLAIN stripped)
  [918/11794] 11598.sql -> outputs/stackoverflow_1gb/11598.txt  (66484 bytes, EXPLAIN stripped)
  [919/11794] 11600.sql -> outputs/stackoverflow_1gb/11600.txt  (7641 bytes, EXPLAIN stripped)
  [920/11794] 11602.sql -> outputs/stackoverflow_1gb/11602.txt  (28673 bytes, EXPLAIN stripped)
  [921/11794] 11603.sql -> outputs/stackoverflow_1gb/11603.txt  (27624 bytes, EXPLAIN stripped)
  [922/11794] 11604.sql -> outputs/stackoverflow_1gb/11604.txt  (313 bytes, EXPLAIN stripped)
  [923/11794] 11605.sql -> outputs/stackoverflow_1gb/11605.txt  (7935 bytes, EXPLAIN stripped)
  [924/11794] 11607.sql -> outputs/stackoverflow_1gb/11607.txt  (2011 bytes, EXPLAIN stripped)
  [925/11794] 11608.sql -> outputs/stackoverflow_1gb/11608.txt  (9226 bytes, EXPLAIN stripped)
  [926/11794] 11610.sql -> outputs/stackoverflow_1gb/11610.txt  (17203 bytes, EXPLAIN stripped)
  [927/11794] 11611.sql -> outputs/stackoverflow_1gb/11611.txt  (10215 bytes, EXPLAIN stripped)
  [928/11794] 11612.sql -> outputs/stackoverflow_1gb/11612.txt  (547 bytes, EXPLAIN stripped)
  [929/11794] 11613.sql -> outputs/stackoverflow_1gb/11613.txt  (6656 bytes, EXPLAIN stripped)
  [930/11794] 11614.sql -> outputs/stackoverflow_1gb/11614.txt  (778 bytes, EXPLAIN stripped)
  [931/11794] 11616.sql -> outputs/stackoverflow_1gb/11616.txt  (331 bytes, EXPLAIN stripped)
  [932/11794] 11619.sql -> outputs/stackoverflow_1gb/11619.txt  (13131 bytes, EXPLAIN stripped)
  [933/11794] 11621.sql -> outputs/stackoverflow_1gb/11621.txt  (102513 bytes, EXPLAIN stripped)
  [934/11794] 11622.sql -> outputs/stackoverflow_1gb/11622.txt  (13672 bytes, EXPLAIN stripped)
  [935/11794] 11623.sql -> outputs/stackoverflow_1gb/11623.txt  (87905 bytes, EXPLAIN stripped)
  [936/11794] 11626.sql -> outputs/stackoverflow_1gb/11626.txt  (8972 bytes, EXPLAIN stripped)
  [937/11794] 11628.sql -> outputs/stackoverflow_1gb/11628.txt  (8712 bytes, EXPLAIN stripped)
  [938/11794] 11629.sql -> outputs/stackoverflow_1gb/11629.txt  (295 bytes, EXPLAIN stripped)
  [939/11794] 11631.sql -> outputs/stackoverflow_1gb/11631.txt  (86459 bytes, EXPLAIN stripped)
  [940/11794] 11632.sql -> outputs/stackoverflow_1gb/11632.txt  (94766 bytes, EXPLAIN stripped)
  [941/11794] 11634.sql -> outputs/stackoverflow_1gb/11634.txt  (299 bytes, EXPLAIN stripped)
  [942/11794] 11635.sql -> outputs/stackoverflow_1gb/11635.txt  (5728 bytes, EXPLAIN stripped)
  [943/11794] 11636.sql -> outputs/stackoverflow_1gb/11636.txt  (9112 bytes, EXPLAIN stripped)
  [944/11794] 11639.sql -> outputs/stackoverflow_1gb/11639.txt  (780 bytes, EXPLAIN stripped)
  [945/11794] 11640.sql -> outputs/stackoverflow_1gb/11640.txt  (13345 bytes, EXPLAIN stripped)
  [946/11794] 11643.sql -> outputs/stackoverflow_1gb/11643.txt  (537 bytes, EXPLAIN stripped)
  [947/11794] 11648.sql -> outputs/stackoverflow_1gb/11648.txt  (49406 bytes, EXPLAIN stripped)
  [948/11794] 11649.sql -> outputs/stackoverflow_1gb/11649.txt  (9232 bytes, EXPLAIN stripped)
  [949/11794] 11650.sql -> outputs/stackoverflow_1gb/11650.txt  (531 bytes, EXPLAIN stripped)
  [950/11794] 11653.sql -> outputs/stackoverflow_1gb/11653.txt  (10546 bytes, EXPLAIN stripped)
  [951/11794] 11654.sql -> outputs/stackoverflow_1gb/11654.txt  (87776 bytes, EXPLAIN stripped)
  [952/11794] 11655.sql -> outputs/stackoverflow_1gb/11655.txt  (72144 bytes, EXPLAIN stripped)
  [953/11794] 11656.sql -> outputs/stackoverflow_1gb/11656.txt  (889 bytes, EXPLAIN stripped)
  [954/11794] 11657.sql -> outputs/stackoverflow_1gb/11657.txt  (69217 bytes, EXPLAIN stripped)
  [955/11794] 11659.sql -> outputs/stackoverflow_1gb/11659.txt  (62099 bytes, EXPLAIN stripped)
  [956/11794] 11661.sql -> outputs/stackoverflow_1gb/11661.txt  (10910 bytes, EXPLAIN stripped)
  [957/11794] 11662.sql -> outputs/stackoverflow_1gb/11662.txt  (105 bytes, EXPLAIN stripped)
  [958/11794] 11664.sql -> outputs/stackoverflow_1gb/11664.txt  (74184 bytes, EXPLAIN stripped)
  [959/11794] 11666.sql -> outputs/stackoverflow_1gb/11666.txt  (11392 bytes, EXPLAIN stripped)
  [960/11794] 11667.sql -> outputs/stackoverflow_1gb/11667.txt  (45562 bytes, EXPLAIN stripped)
  [961/11794] 11671.sql -> outputs/stackoverflow_1gb/11671.txt  (8140 bytes, EXPLAIN stripped)
  [962/11794] 11672.sql -> outputs/stackoverflow_1gb/11672.txt  (6582 bytes, EXPLAIN stripped)
  [963/11794] 11674.sql -> outputs/stackoverflow_1gb/11674.txt  (36752 bytes, EXPLAIN stripped)
  [964/11794] 11675.sql -> outputs/stackoverflow_1gb/11675.txt  (48819 bytes, EXPLAIN stripped)
  [965/11794] 11676.sql -> outputs/stackoverflow_1gb/11676.txt  (412 bytes, EXPLAIN stripped)
  [966/11794] 11677.sql -> outputs/stackoverflow_1gb/11677.txt  (66323 bytes, EXPLAIN stripped)
  [967/11794] 11678.sql -> outputs/stackoverflow_1gb/11678.txt  (134174 bytes, EXPLAIN stripped)
  [968/11794] 11679.sql -> outputs/stackoverflow_1gb/11679.txt  (1352 bytes, EXPLAIN stripped)
  [969/11794] 1168.sql -> outputs/stackoverflow_1gb/1168.txt  (66599 bytes, EXPLAIN stripped)
  [970/11794] 11680.sql -> outputs/stackoverflow_1gb/11680.txt  (848 bytes, EXPLAIN stripped)
  [971/11794] 11681.sql -> outputs/stackoverflow_1gb/11681.txt  (57566 bytes, EXPLAIN stripped)
  [972/11794] 11682.sql -> outputs/stackoverflow_1gb/11682.txt  (8758 bytes, EXPLAIN stripped)
  [973/11794] 11683.sql -> outputs/stackoverflow_1gb/11683.txt  (80876 bytes, EXPLAIN stripped)
  [974/11794] 11685.sql -> outputs/stackoverflow_1gb/11685.txt  (63628 bytes, EXPLAIN stripped)
  [975/11794] 11686.sql -> outputs/stackoverflow_1gb/11686.txt  (66441 bytes, EXPLAIN stripped)
  [976/11794] 11687.sql -> outputs/stackoverflow_1gb/11687.txt  (3689 bytes, EXPLAIN stripped)
  [977/11794] 11688.sql -> outputs/stackoverflow_1gb/11688.txt  (493 bytes, EXPLAIN stripped)
  [978/11794] 11689.sql -> outputs/stackoverflow_1gb/11689.txt  (44293 bytes, EXPLAIN stripped)
  [979/11794] 11691.sql -> outputs/stackoverflow_1gb/11691.txt  (52537 bytes, EXPLAIN stripped)
  [980/11794] 11692.sql -> outputs/stackoverflow_1gb/11692.txt  (6689 bytes, EXPLAIN stripped)
  [981/11794] 11693.sql -> outputs/stackoverflow_1gb/11693.txt  (7994 bytes, EXPLAIN stripped)
  [982/11794] 11696.sql -> outputs/stackoverflow_1gb/11696.txt  (12121 bytes, EXPLAIN stripped)
  [983/11794] 11698.sql -> outputs/stackoverflow_1gb/11698.txt  (81863 bytes, EXPLAIN stripped)
  [984/11794] 11701.sql -> outputs/stackoverflow_1gb/11701.txt  (575 bytes, EXPLAIN stripped)
  [985/11794] 11702.sql -> outputs/stackoverflow_1gb/11702.txt  (304 bytes, EXPLAIN stripped)
  [986/11794] 11703.sql -> outputs/stackoverflow_1gb/11703.txt  (1316 bytes, EXPLAIN stripped)
  [987/11794] 11706.sql -> outputs/stackoverflow_1gb/11706.txt  (236 bytes, EXPLAIN stripped)
  [988/11794] 11708.sql -> outputs/stackoverflow_1gb/11708.txt  (9134 bytes, EXPLAIN stripped)
  [989/11794] 11712.sql -> outputs/stackoverflow_1gb/11712.txt  (11474 bytes, EXPLAIN stripped)
  [990/11794] 11714.sql -> outputs/stackoverflow_1gb/11714.txt  (5303 bytes, EXPLAIN stripped)
  [991/11794] 11719.sql -> outputs/stackoverflow_1gb/11719.txt  (687 bytes, EXPLAIN stripped)
  [992/11794] 11720.sql -> outputs/stackoverflow_1gb/11720.txt  (5656 bytes, EXPLAIN stripped)
  [993/11794] 11727.sql -> outputs/stackoverflow_1gb/11727.txt  (96212 bytes, EXPLAIN stripped)
  [994/11794] 1173.sql -> outputs/stackoverflow_1gb/1173.txt  (868 bytes, EXPLAIN stripped)
  [995/11794] 11730.sql -> outputs/stackoverflow_1gb/11730.txt  (6586 bytes, EXPLAIN stripped)
  [996/11794] 11731.sql -> outputs/stackoverflow_1gb/11731.txt  (221 bytes, EXPLAIN stripped)
  [997/11794] 11732.sql -> outputs/stackoverflow_1gb/11732.txt  (88447 bytes, EXPLAIN stripped)
  [998/11794] 11734.sql -> outputs/stackoverflow_1gb/11734.txt  (754 bytes, EXPLAIN stripped)
  [999/11794] 11736.sql -> outputs/stackoverflow_1gb/11736.txt  (80936 bytes, EXPLAIN stripped)
  [1000/11794] 11737.sql -> outputs/stackoverflow_1gb/11737.txt  (17934 bytes, EXPLAIN stripped)
  [1001/11794] 11743.sql -> outputs/stackoverflow_1gb/11743.txt  (394 bytes, EXPLAIN stripped)
  [1002/11794] 11744.sql -> outputs/stackoverflow_1gb/11744.txt  (321 bytes, EXPLAIN stripped)
  [1003/11794] 11749.sql -> outputs/stackoverflow_1gb/11749.txt  (882 bytes, EXPLAIN stripped)
  [1004/11794] 11752.sql -> outputs/stackoverflow_1gb/11752.txt  (796 bytes, EXPLAIN stripped)
  [1005/11794] 11753.sql -> outputs/stackoverflow_1gb/11753.txt  (60663 bytes, EXPLAIN stripped)
  [1006/11794] 11754.sql -> outputs/stackoverflow_1gb/11754.txt  (300 bytes, EXPLAIN stripped)
  [1007/11794] 11755.sql -> outputs/stackoverflow_1gb/11755.txt  (457 bytes, EXPLAIN stripped)
  [1008/11794] 11757.sql -> outputs/stackoverflow_1gb/11757.txt  (318 bytes, EXPLAIN stripped)
  [1009/11794] 11760.sql -> outputs/stackoverflow_1gb/11760.txt  (533 bytes, EXPLAIN stripped)
  [1010/11794] 11761.sql -> outputs/stackoverflow_1gb/11761.txt  (789 bytes, EXPLAIN stripped)
  [1011/11794] 11765.sql -> outputs/stackoverflow_1gb/11765.txt  (15180 bytes, EXPLAIN stripped)
  [1012/11794] 11766.sql -> outputs/stackoverflow_1gb/11766.txt  (95896 bytes, EXPLAIN stripped)
  [1013/11794] 11767.sql -> outputs/stackoverflow_1gb/11767.txt  (63933 bytes, EXPLAIN stripped)
  [1014/11794] 11769.sql -> outputs/stackoverflow_1gb/11769.txt  (13318 bytes, EXPLAIN stripped)
  [1015/11794] 11771.sql -> outputs/stackoverflow_1gb/11771.txt  (48051 bytes, EXPLAIN stripped)
  [1016/11794] 11772.sql -> outputs/stackoverflow_1gb/11772.txt  (80801 bytes, EXPLAIN stripped)
  [1017/11794] 11773.sql -> outputs/stackoverflow_1gb/11773.txt  (44322 bytes, EXPLAIN stripped)
  [1018/11794] 11774.sql -> outputs/stackoverflow_1gb/11774.txt  (57978 bytes, EXPLAIN stripped)
  [1019/11794] 11778.sql -> outputs/stackoverflow_1gb/11778.txt  (466 bytes, EXPLAIN stripped)
  [1020/11794] 11780.sql -> outputs/stackoverflow_1gb/11780.txt  (130 bytes, EXPLAIN stripped)
  [1021/11794] 11782.sql -> outputs/stackoverflow_1gb/11782.txt  (326 bytes, EXPLAIN stripped)
  [1022/11794] 11783.sql -> outputs/stackoverflow_1gb/11783.txt  (451 bytes, EXPLAIN stripped)
  [1023/11794] 11784.sql -> outputs/stackoverflow_1gb/11784.txt  (63189 bytes, EXPLAIN stripped)
  [1024/11794] 11785.sql -> outputs/stackoverflow_1gb/11785.txt  (54282 bytes, EXPLAIN stripped)
  [1025/11794] 11786.sql -> outputs/stackoverflow_1gb/11786.txt  (515 bytes, EXPLAIN stripped)
  [1026/11794] 11787.sql -> outputs/stackoverflow_1gb/11787.txt  (101153 bytes, EXPLAIN stripped)
  [1027/11794] 11792.sql -> outputs/stackoverflow_1gb/11792.txt  (424 bytes, EXPLAIN stripped)
  [1028/11794] 11794.sql -> outputs/stackoverflow_1gb/11794.txt  (143187 bytes, EXPLAIN stripped)
  [1029/11794] 11795.sql -> outputs/stackoverflow_1gb/11795.txt  (85976 bytes, EXPLAIN stripped)
  [1030/11794] 11796.sql -> outputs/stackoverflow_1gb/11796.txt  (75200 bytes, EXPLAIN stripped)
  [1031/11794] 11799.sql -> outputs/stackoverflow_1gb/11799.txt  (33733 bytes, EXPLAIN stripped)
  [1032/11794] 11802.sql -> outputs/stackoverflow_1gb/11802.txt  (8167 bytes, EXPLAIN stripped)
  [1033/11794] 11808.sql -> outputs/stackoverflow_1gb/11808.txt  (67516 bytes, EXPLAIN stripped)
  [1034/11794] 11809.sql -> outputs/stackoverflow_1gb/11809.txt  (112 bytes, EXPLAIN stripped)
  [1035/11794] 11810.sql -> outputs/stackoverflow_1gb/11810.txt  (81429 bytes, EXPLAIN stripped)
  [1036/11794] 11814.sql -> outputs/stackoverflow_1gb/11814.txt  (136022 bytes, EXPLAIN stripped)
  [1037/11794] 11815.sql -> outputs/stackoverflow_1gb/11815.txt  (427 bytes, EXPLAIN stripped)
  [1038/11794] 11819.sql -> outputs/stackoverflow_1gb/11819.txt  (101753 bytes, EXPLAIN stripped)
  [1039/11794] 11821.sql -> outputs/stackoverflow_1gb/11821.txt  (10016 bytes, EXPLAIN stripped)
  [1040/11794] 11823.sql -> outputs/stackoverflow_1gb/11823.txt  (11480 bytes, EXPLAIN stripped)
  [1041/11794] 11825.sql -> outputs/stackoverflow_1gb/11825.txt  (10903 bytes, EXPLAIN stripped)
  [1042/11794] 11826.sql -> outputs/stackoverflow_1gb/11826.txt  (60787 bytes, EXPLAIN stripped)
  [1043/11794] 11832.sql -> outputs/stackoverflow_1gb/11832.txt  (103103 bytes, EXPLAIN stripped)
  [1044/11794] 11833.sql -> outputs/stackoverflow_1gb/11833.txt  (457 bytes, EXPLAIN stripped)
  [1045/11794] 11834.sql -> outputs/stackoverflow_1gb/11834.txt  (695 bytes, EXPLAIN stripped)
  [1046/11794] 11836.sql -> outputs/stackoverflow_1gb/11836.txt  (51910 bytes, EXPLAIN stripped)
  [1047/11794] 11837.sql -> outputs/stackoverflow_1gb/11837.txt  (46932 bytes, EXPLAIN stripped)
  [1048/11794] 11838.sql -> outputs/stackoverflow_1gb/11838.txt  (679 bytes, EXPLAIN stripped)
  [1049/11794] 11840.sql -> outputs/stackoverflow_1gb/11840.txt  (454 bytes, EXPLAIN stripped)
  [1050/11794] 11843.sql -> outputs/stackoverflow_1gb/11843.txt  (30613 bytes, EXPLAIN stripped)
  [1051/11794] 11845.sql -> outputs/stackoverflow_1gb/11845.txt  (166 bytes, EXPLAIN stripped)
  [1052/11794] 11846.sql -> outputs/stackoverflow_1gb/11846.txt  (6782 bytes, EXPLAIN stripped)
  [1053/11794] 11847.sql -> outputs/stackoverflow_1gb/11847.txt  (581 bytes, EXPLAIN stripped)
  [1054/11794] 11848.sql -> outputs/stackoverflow_1gb/11848.txt  (37980 bytes, EXPLAIN stripped)
  [1055/11794] 1185.sql -> outputs/stackoverflow_1gb/1185.txt  (1050 bytes, EXPLAIN stripped)
  [1056/11794] 11851.sql -> outputs/stackoverflow_1gb/11851.txt  (415 bytes, EXPLAIN stripped)
  [1057/11794] 11853.sql -> outputs/stackoverflow_1gb/11853.txt  (4992 bytes, EXPLAIN stripped)
  [1058/11794] 11858.sql -> outputs/stackoverflow_1gb/11858.txt  (34669 bytes, EXPLAIN stripped)
  [1059/11794] 11859.sql -> outputs/stackoverflow_1gb/11859.txt  (87710 bytes, EXPLAIN stripped)
  [1060/11794] 11860.sql -> outputs/stackoverflow_1gb/11860.txt  (238 bytes, EXPLAIN stripped)
  [1061/11794] 11865.sql -> outputs/stackoverflow_1gb/11865.txt  (45993 bytes, EXPLAIN stripped)
  [1062/11794] 11867.sql -> outputs/stackoverflow_1gb/11867.txt  (300 bytes, EXPLAIN stripped)
  [1063/11794] 11869.sql -> outputs/stackoverflow_1gb/11869.txt  (69165 bytes, EXPLAIN stripped)
  [1064/11794] 11870.sql -> outputs/stackoverflow_1gb/11870.txt  (14970 bytes, EXPLAIN stripped)
  [1065/11794] 11871.sql -> outputs/stackoverflow_1gb/11871.txt  (5275 bytes, EXPLAIN stripped)
  [1066/11794] 11872.sql -> outputs/stackoverflow_1gb/11872.txt  (12552 bytes, EXPLAIN stripped)
  [1067/11794] 11873.sql -> outputs/stackoverflow_1gb/11873.txt  (9553 bytes, EXPLAIN stripped)
  [1068/11794] 11874.sql -> outputs/stackoverflow_1gb/11874.txt  (50624 bytes, EXPLAIN stripped)
  [1069/11794] 11875.sql -> outputs/stackoverflow_1gb/11875.txt  (216 bytes, EXPLAIN stripped)
  [1070/11794] 11881.sql -> outputs/stackoverflow_1gb/11881.txt  (444 bytes, EXPLAIN stripped)
  [1071/11794] 11883.sql -> outputs/stackoverflow_1gb/11883.txt  (39794 bytes, EXPLAIN stripped)
  [1072/11794] 11884.sql -> outputs/stackoverflow_1gb/11884.txt  (24691 bytes, EXPLAIN stripped)
  [1073/11794] 11885.sql -> outputs/stackoverflow_1gb/11885.txt  (480 bytes, EXPLAIN stripped)
  [1074/11794] 11886.sql -> outputs/stackoverflow_1gb/11886.txt  (300 bytes, EXPLAIN stripped)
  [1075/11794] 11887.sql -> outputs/stackoverflow_1gb/11887.txt  (392 bytes, EXPLAIN stripped)
  [1076/11794] 1189.sql -> outputs/stackoverflow_1gb/1189.txt  (59439 bytes, EXPLAIN stripped)
  [1077/11794] 11892.sql -> outputs/stackoverflow_1gb/11892.txt  (81537 bytes, EXPLAIN stripped)
  [1078/11794] 11894.sql -> outputs/stackoverflow_1gb/11894.txt  (11238 bytes, EXPLAIN stripped)
  [1079/11794] 11898.sql -> outputs/stackoverflow_1gb/11898.txt  (299 bytes, EXPLAIN stripped)
  [1080/11794] 11905.sql -> outputs/stackoverflow_1gb/11905.txt  (78260 bytes, EXPLAIN stripped)
  [1081/11794] 11909.sql -> outputs/stackoverflow_1gb/11909.txt  (35848 bytes, EXPLAIN stripped)
  [1082/11794] 11911.sql -> outputs/stackoverflow_1gb/11911.txt  (315 bytes, EXPLAIN stripped)
  [1083/11794] 11913.sql -> outputs/stackoverflow_1gb/11913.txt  (7826 bytes, EXPLAIN stripped)
  [1084/11794] 11916.sql -> outputs/stackoverflow_1gb/11916.txt  (92043 bytes, EXPLAIN stripped)
  [1085/11794] 11922.sql -> outputs/stackoverflow_1gb/11922.txt  (1570 bytes, EXPLAIN stripped)
  [1086/11794] 11924.sql -> outputs/stackoverflow_1gb/11924.txt  (76 bytes, EXPLAIN stripped)
  [1087/11794] 11926.sql -> outputs/stackoverflow_1gb/11926.txt  (375 bytes, EXPLAIN stripped)
  [1088/11794] 11929.sql -> outputs/stackoverflow_1gb/11929.txt  (244 bytes, EXPLAIN stripped)
  [1089/11794] 1193.sql -> outputs/stackoverflow_1gb/1193.txt  (84946 bytes, EXPLAIN stripped)
  [1090/11794] 11930.sql -> outputs/stackoverflow_1gb/11930.txt  (32655 bytes, EXPLAIN stripped)
  [1091/11794] 11931.sql -> outputs/stackoverflow_1gb/11931.txt  (70622 bytes, EXPLAIN stripped)
  [1092/11794] 11932.sql -> outputs/stackoverflow_1gb/11932.txt  (224 bytes, EXPLAIN stripped)
  [1093/11794] 11935.sql -> outputs/stackoverflow_1gb/11935.txt  (156 bytes, EXPLAIN stripped)
  [1094/11794] 11936.sql -> outputs/stackoverflow_1gb/11936.txt  (59119 bytes, EXPLAIN stripped)
  [1095/11794] 11937.sql -> outputs/stackoverflow_1gb/11937.txt  (90684 bytes, EXPLAIN stripped)
  [1096/11794] 11938.sql -> outputs/stackoverflow_1gb/11938.txt  (1273 bytes, EXPLAIN stripped)
  [1097/11794] 11940.sql -> outputs/stackoverflow_1gb/11940.txt  (4789 bytes, EXPLAIN stripped)
  [1098/11794] 11944.sql -> outputs/stackoverflow_1gb/11944.txt  (71181 bytes, EXPLAIN stripped)
  [1099/11794] 11946.sql -> outputs/stackoverflow_1gb/11946.txt  (35561 bytes, EXPLAIN stripped)
  [1100/11794] 11949.sql -> outputs/stackoverflow_1gb/11949.txt  (9632 bytes, EXPLAIN stripped)
  [1101/11794] 11950.sql -> outputs/stackoverflow_1gb/11950.txt  (38829 bytes, EXPLAIN stripped)
  [1102/11794] 11951.sql -> outputs/stackoverflow_1gb/11951.txt  (638 bytes, EXPLAIN stripped)
  [1103/11794] 11953.sql -> outputs/stackoverflow_1gb/11953.txt  (8754 bytes, EXPLAIN stripped)
  [1104/11794] 11955.sql -> outputs/stackoverflow_1gb/11955.txt  (110350 bytes, EXPLAIN stripped)
  [1105/11794] 11959.sql -> outputs/stackoverflow_1gb/11959.txt  (434 bytes, EXPLAIN stripped)
  [1106/11794] 11961.sql -> outputs/stackoverflow_1gb/11961.txt  (7847 bytes, EXPLAIN stripped)
  [1107/11794] 11962.sql -> outputs/stackoverflow_1gb/11962.txt  (7534 bytes, EXPLAIN stripped)
  [1108/11794] 11964.sql -> outputs/stackoverflow_1gb/11964.txt  (24028 bytes, EXPLAIN stripped)
  [1109/11794] 11965.sql -> outputs/stackoverflow_1gb/11965.txt  (43090 bytes, EXPLAIN stripped)
  [1110/11794] 11966.sql -> outputs/stackoverflow_1gb/11966.txt  (1017 bytes, EXPLAIN stripped)
  [1111/11794] 11968.sql -> outputs/stackoverflow_1gb/11968.txt  (77851 bytes, EXPLAIN stripped)
  [1112/11794] 11969.sql -> outputs/stackoverflow_1gb/11969.txt  (66491 bytes, EXPLAIN stripped)
  [1113/11794] 11971.sql -> outputs/stackoverflow_1gb/11971.txt  (10391 bytes, EXPLAIN stripped)
  [1114/11794] 11974.sql -> outputs/stackoverflow_1gb/11974.txt  (354 bytes, EXPLAIN stripped)
  [1115/11794] 11976.sql -> outputs/stackoverflow_1gb/11976.txt  (427 bytes, EXPLAIN stripped)
  [1116/11794] 11977.sql -> outputs/stackoverflow_1gb/11977.txt  (139840 bytes, EXPLAIN stripped)
  [1117/11794] 11981.sql -> outputs/stackoverflow_1gb/11981.txt  (62754 bytes, EXPLAIN stripped)
  [1118/11794] 11986.sql -> outputs/stackoverflow_1gb/11986.txt  (9165 bytes, EXPLAIN stripped)
  [1119/11794] 11987.sql -> outputs/stackoverflow_1gb/11987.txt  (7408 bytes, EXPLAIN stripped)
  [1120/11794] 11988.sql -> outputs/stackoverflow_1gb/11988.txt  (14182 bytes, EXPLAIN stripped)
  [1121/11794] 11990.sql -> outputs/stackoverflow_1gb/11990.txt  (225 bytes, EXPLAIN stripped)
  [1122/11794] 11991.sql -> outputs/stackoverflow_1gb/11991.txt  (1481 bytes, EXPLAIN stripped)
  [1123/11794] 11992.sql -> outputs/stackoverflow_1gb/11992.txt  (392 bytes, EXPLAIN stripped)
  [1124/11794] 11993.sql -> outputs/stackoverflow_1gb/11993.txt  (9415 bytes, EXPLAIN stripped)
  [1125/11794] 11994.sql -> outputs/stackoverflow_1gb/11994.txt  (471 bytes, EXPLAIN stripped)
  [1126/11794] 11995.sql -> outputs/stackoverflow_1gb/11995.txt  (549 bytes, EXPLAIN stripped)
  [1127/11794] 11997.sql -> outputs/stackoverflow_1gb/11997.txt  (111511 bytes, EXPLAIN stripped)
  [1128/11794] 11998.sql -> outputs/stackoverflow_1gb/11998.txt  (5587 bytes, EXPLAIN stripped)
  [1129/11794] 11999.sql -> outputs/stackoverflow_1gb/11999.txt  (4725 bytes, EXPLAIN stripped)
  [1130/11794] 12000.sql -> outputs/stackoverflow_1gb/12000.txt  (4517 bytes, EXPLAIN stripped)
  [1131/11794] 12001.sql -> outputs/stackoverflow_1gb/12001.txt  (147 bytes, EXPLAIN stripped)
  [1132/11794] 12002.sql -> outputs/stackoverflow_1gb/12002.txt  (129 bytes, EXPLAIN stripped)
  [1133/11794] 12003.sql -> outputs/stackoverflow_1gb/12003.txt  (572 bytes, EXPLAIN stripped)
  [1134/11794] 12006.sql -> outputs/stackoverflow_1gb/12006.txt  (48290 bytes, EXPLAIN stripped)
  [1135/11794] 12007.sql -> outputs/stackoverflow_1gb/12007.txt  (207 bytes, EXPLAIN stripped)
  [1136/11794] 12008.sql -> outputs/stackoverflow_1gb/12008.txt  (12005 bytes, EXPLAIN stripped)
  [1137/11794] 1201.sql -> outputs/stackoverflow_1gb/1201.txt  (409 bytes, EXPLAIN stripped)
  [1138/11794] 12010.sql -> outputs/stackoverflow_1gb/12010.txt  (8407 bytes, EXPLAIN stripped)
  [1139/11794] 12011.sql -> outputs/stackoverflow_1gb/12011.txt  (46487 bytes, EXPLAIN stripped)
  [1140/11794] 12012.sql -> outputs/stackoverflow_1gb/12012.txt  (403 bytes, EXPLAIN stripped)
  [1141/11794] 12013.sql -> outputs/stackoverflow_1gb/12013.txt  (6618 bytes, EXPLAIN stripped)
  [1142/11794] 12014.sql -> outputs/stackoverflow_1gb/12014.txt  (53962 bytes, EXPLAIN stripped)
  [1143/11794] 12015.sql -> outputs/stackoverflow_1gb/12015.txt  (304 bytes, EXPLAIN stripped)
  [1144/11794] 12018.sql -> outputs/stackoverflow_1gb/12018.txt  (43413 bytes, EXPLAIN stripped)
  [1145/11794] 12020.sql -> outputs/stackoverflow_1gb/12020.txt  (575 bytes, EXPLAIN stripped)
  [1146/11794] 12021.sql -> outputs/stackoverflow_1gb/12021.txt  (40654 bytes, EXPLAIN stripped)
  [1147/11794] 12022.sql -> outputs/stackoverflow_1gb/12022.txt  (317 bytes, EXPLAIN stripped)
  [1148/11794] 12023.sql -> outputs/stackoverflow_1gb/12023.txt  (95641 bytes, EXPLAIN stripped)
  [1149/11794] 12026.sql -> outputs/stackoverflow_1gb/12026.txt  (44372 bytes, EXPLAIN stripped)
  [1150/11794] 12029.sql -> outputs/stackoverflow_1gb/12029.txt  (7351 bytes, EXPLAIN stripped)
  [1151/11794] 12030.sql -> outputs/stackoverflow_1gb/12030.txt  (129463 bytes, EXPLAIN stripped)
  [1152/11794] 12031.sql -> outputs/stackoverflow_1gb/12031.txt  (1236 bytes, EXPLAIN stripped)
  [1153/11794] 12033.sql -> outputs/stackoverflow_1gb/12033.txt  (25307 bytes, EXPLAIN stripped)
  [1154/11794] 12036.sql -> outputs/stackoverflow_1gb/12036.txt  (118 bytes, EXPLAIN stripped)
  [1155/11794] 12038.sql -> outputs/stackoverflow_1gb/12038.txt  (621 bytes, EXPLAIN stripped)
  [1156/11794] 12039.sql -> outputs/stackoverflow_1gb/12039.txt  (36710 bytes, EXPLAIN stripped)
  [1157/11794] 12040.sql -> outputs/stackoverflow_1gb/12040.txt  (318 bytes, EXPLAIN stripped)
  [1158/11794] 12042.sql -> outputs/stackoverflow_1gb/12042.txt  (127101 bytes, EXPLAIN stripped)
  [1159/11794] 12044.sql -> outputs/stackoverflow_1gb/12044.txt  (116143 bytes, EXPLAIN stripped)
  [1160/11794] 12046.sql -> outputs/stackoverflow_1gb/12046.txt  (179 bytes, EXPLAIN stripped)
  [1161/11794] 12048.sql -> outputs/stackoverflow_1gb/12048.txt  (50956 bytes, EXPLAIN stripped)
  [1162/11794] 1205.sql -> outputs/stackoverflow_1gb/1205.txt  (34735 bytes, EXPLAIN stripped)
  [1163/11794] 12050.sql -> outputs/stackoverflow_1gb/12050.txt  (85179 bytes, EXPLAIN stripped)
  [1164/11794] 12051.sql -> outputs/stackoverflow_1gb/12051.txt  (45564 bytes, EXPLAIN stripped)
  [1165/11794] 12056.sql -> outputs/stackoverflow_1gb/12056.txt  (115831 bytes, EXPLAIN stripped)
  [1166/11794] 12058.sql -> outputs/stackoverflow_1gb/12058.txt  (142 bytes, EXPLAIN stripped)
  [1167/11794] 12059.sql -> outputs/stackoverflow_1gb/12059.txt  (172 bytes, EXPLAIN stripped)
  [1168/11794] 12060.sql -> outputs/stackoverflow_1gb/12060.txt  (178 bytes, EXPLAIN stripped)
  [1169/11794] 12061.sql -> outputs/stackoverflow_1gb/12061.txt  (444 bytes, EXPLAIN stripped)
  [1170/11794] 12062.sql -> outputs/stackoverflow_1gb/12062.txt  (139 bytes, EXPLAIN stripped)
  [1171/11794] 12064.sql -> outputs/stackoverflow_1gb/12064.txt  (123841 bytes, EXPLAIN stripped)
  [1172/11794] 12065.sql -> outputs/stackoverflow_1gb/12065.txt  (484 bytes, EXPLAIN stripped)
  [1173/11794] 12066.sql -> outputs/stackoverflow_1gb/12066.txt  (300 bytes, EXPLAIN stripped)
  [1174/11794] 12067.sql -> outputs/stackoverflow_1gb/12067.txt  (305 bytes, EXPLAIN stripped)
  [1175/11794] 12070.sql -> outputs/stackoverflow_1gb/12070.txt  (69822 bytes, EXPLAIN stripped)
  [1176/11794] 12071.sql -> outputs/stackoverflow_1gb/12071.txt  (514 bytes, EXPLAIN stripped)
  [1177/11794] 12073.sql -> outputs/stackoverflow_1gb/12073.txt  (451 bytes, EXPLAIN stripped)
  [1178/11794] 12074.sql -> outputs/stackoverflow_1gb/12074.txt  (89583 bytes, EXPLAIN stripped)
  [1179/11794] 12075.sql -> outputs/stackoverflow_1gb/12075.txt  (93755 bytes, EXPLAIN stripped)
  [1180/11794] 12076.sql -> outputs/stackoverflow_1gb/12076.txt  (3398 bytes, EXPLAIN stripped)
  [1181/11794] 12077.sql -> outputs/stackoverflow_1gb/12077.txt  (652 bytes, EXPLAIN stripped)
  [1182/11794] 12081.sql -> outputs/stackoverflow_1gb/12081.txt  (9845 bytes, EXPLAIN stripped)
  [1183/11794] 12082.sql -> outputs/stackoverflow_1gb/12082.txt  (46599 bytes, EXPLAIN stripped)
  [1184/11794] 12084.sql -> outputs/stackoverflow_1gb/12084.txt  (6863 bytes, EXPLAIN stripped)
  [1185/11794] 12085.sql -> outputs/stackoverflow_1gb/12085.txt  (11708 bytes, EXPLAIN stripped)
  [1186/11794] 12087.sql -> outputs/stackoverflow_1gb/12087.txt  (534 bytes, EXPLAIN stripped)
  [1187/11794] 12088.sql -> outputs/stackoverflow_1gb/12088.txt  (411 bytes, EXPLAIN stripped)
  [1188/11794] 12093.sql -> outputs/stackoverflow_1gb/12093.txt  (28708 bytes, EXPLAIN stripped)
  [1189/11794] 12094.sql -> outputs/stackoverflow_1gb/12094.txt  (120166 bytes, EXPLAIN stripped)
  [1190/11794] 12095.sql -> outputs/stackoverflow_1gb/12095.txt  (237 bytes, EXPLAIN stripped)
  [1191/11794] 12098.sql -> outputs/stackoverflow_1gb/12098.txt  (514 bytes, EXPLAIN stripped)
  [1192/11794] 121.sql -> outputs/stackoverflow_1gb/121.txt  (98 bytes, EXPLAIN stripped)
  [1193/11794] 12105.sql -> outputs/stackoverflow_1gb/12105.txt  (98865 bytes, EXPLAIN stripped)
  [1194/11794] 12109.sql -> outputs/stackoverflow_1gb/12109.txt  (10005 bytes, EXPLAIN stripped)
  [1195/11794] 12110.sql -> outputs/stackoverflow_1gb/12110.txt  (3348 bytes, EXPLAIN stripped)
  [1196/11794] 12111.sql -> outputs/stackoverflow_1gb/12111.txt  (10211 bytes, EXPLAIN stripped)
  [1197/11794] 12112.sql -> outputs/stackoverflow_1gb/12112.txt  (83886 bytes, EXPLAIN stripped)
  [1198/11794] 12113.sql -> outputs/stackoverflow_1gb/12113.txt  (8397 bytes, EXPLAIN stripped)
  [1199/11794] 12115.sql -> outputs/stackoverflow_1gb/12115.txt  (48781 bytes, EXPLAIN stripped)
  [1200/11794] 12116.sql -> outputs/stackoverflow_1gb/12116.txt  (8933 bytes, EXPLAIN stripped)
  [1201/11794] 12117.sql -> outputs/stackoverflow_1gb/12117.txt  (10944 bytes, EXPLAIN stripped)
  [1202/11794] 12118.sql -> outputs/stackoverflow_1gb/12118.txt  (207 bytes, EXPLAIN stripped)
  [1203/11794] 12119.sql -> outputs/stackoverflow_1gb/12119.txt  (99336 bytes, EXPLAIN stripped)
  [1204/11794] 12120.sql -> outputs/stackoverflow_1gb/12120.txt  (7677 bytes, EXPLAIN stripped)
  [1205/11794] 12122.sql -> outputs/stackoverflow_1gb/12122.txt  (542 bytes, EXPLAIN stripped)
  [1206/11794] 12123.sql -> outputs/stackoverflow_1gb/12123.txt  (27878 bytes, EXPLAIN stripped)
  [1207/11794] 12128.sql -> outputs/stackoverflow_1gb/12128.txt  (88923 bytes, EXPLAIN stripped)
  [1208/11794] 12129.sql -> outputs/stackoverflow_1gb/12129.txt  (6387 bytes, EXPLAIN stripped)
  [1209/11794] 1213.sql -> outputs/stackoverflow_1gb/1213.txt  (334 bytes, EXPLAIN stripped)
  [1210/11794] 12130.sql -> outputs/stackoverflow_1gb/12130.txt  (8037 bytes, EXPLAIN stripped)
  [1211/11794] 12132.sql -> outputs/stackoverflow_1gb/12132.txt  (762 bytes, EXPLAIN stripped)
  [1212/11794] 12134.sql -> outputs/stackoverflow_1gb/12134.txt  (428 bytes, EXPLAIN stripped)
  [1213/11794] 12136.sql -> outputs/stackoverflow_1gb/12136.txt  (30069 bytes, EXPLAIN stripped)
  [1214/11794] 12137.sql -> outputs/stackoverflow_1gb/12137.txt  (327 bytes, EXPLAIN stripped)
  [1215/11794] 12139.sql -> outputs/stackoverflow_1gb/12139.txt  (355 bytes, EXPLAIN stripped)
  [1216/11794] 1214.sql -> outputs/stackoverflow_1gb/1214.txt  (1856 bytes, EXPLAIN stripped)
  [1217/11794] 12140.sql -> outputs/stackoverflow_1gb/12140.txt  (337 bytes, EXPLAIN stripped)
  [1218/11794] 12142.sql -> outputs/stackoverflow_1gb/12142.txt  (9063 bytes, EXPLAIN stripped)
  [1219/11794] 12143.sql -> outputs/stackoverflow_1gb/12143.txt  (364 bytes, EXPLAIN stripped)
  [1220/11794] 12144.sql -> outputs/stackoverflow_1gb/12144.txt  (4621 bytes, EXPLAIN stripped)
  [1221/11794] 12145.sql -> outputs/stackoverflow_1gb/12145.txt  (74727 bytes, EXPLAIN stripped)
  [1222/11794] 12146.sql -> outputs/stackoverflow_1gb/12146.txt  (101254 bytes, EXPLAIN stripped)
  [1223/11794] 12148.sql -> outputs/stackoverflow_1gb/12148.txt  (439 bytes, EXPLAIN stripped)
  [1224/11794] 12156.sql -> outputs/stackoverflow_1gb/12156.txt  (304 bytes, EXPLAIN stripped)
  [1225/11794] 12158.sql -> outputs/stackoverflow_1gb/12158.txt  (8412 bytes, EXPLAIN stripped)
  [1226/11794] 12159.sql -> outputs/stackoverflow_1gb/12159.txt  (10967 bytes, EXPLAIN stripped)
  [1227/11794] 12160.sql -> outputs/stackoverflow_1gb/12160.txt  (144 bytes, EXPLAIN stripped)
  [1228/11794] 12161.sql -> outputs/stackoverflow_1gb/12161.txt  (46634 bytes, EXPLAIN stripped)
  [1229/11794] 12163.sql -> outputs/stackoverflow_1gb/12163.txt  (34747 bytes, EXPLAIN stripped)
  [1230/11794] 12168.sql -> outputs/stackoverflow_1gb/12168.txt  (453 bytes, EXPLAIN stripped)
  [1231/11794] 12169.sql -> outputs/stackoverflow_1gb/12169.txt  (446 bytes, EXPLAIN stripped)
  [1232/11794] 12170.sql -> outputs/stackoverflow_1gb/12170.txt  (553 bytes, EXPLAIN stripped)
  [1233/11794] 12171.sql -> outputs/stackoverflow_1gb/12171.txt  (119 bytes, EXPLAIN stripped)
  [1234/11794] 12174.sql -> outputs/stackoverflow_1gb/12174.txt  (135060 bytes, EXPLAIN stripped)
  [1235/11794] 12175.sql -> outputs/stackoverflow_1gb/12175.txt  (11793 bytes, EXPLAIN stripped)
  [1236/11794] 12178.sql -> outputs/stackoverflow_1gb/12178.txt  (11994 bytes, EXPLAIN stripped)
  [1237/11794] 12179.sql -> outputs/stackoverflow_1gb/12179.txt  (500 bytes, EXPLAIN stripped)
  [1238/11794] 12180.sql -> outputs/stackoverflow_1gb/12180.txt  (46210 bytes, EXPLAIN stripped)
  [1239/11794] 12184.sql -> outputs/stackoverflow_1gb/12184.txt  (739 bytes, EXPLAIN stripped)
  [1240/11794] 12189.sql -> outputs/stackoverflow_1gb/12189.txt  (82859 bytes, EXPLAIN stripped)
  [1241/11794] 12190.sql -> outputs/stackoverflow_1gb/12190.txt  (92427 bytes, EXPLAIN stripped)
  [1242/11794] 12193.sql -> outputs/stackoverflow_1gb/12193.txt  (52994 bytes, EXPLAIN stripped)
  [1243/11794] 12194.sql -> outputs/stackoverflow_1gb/12194.txt  (414 bytes, EXPLAIN stripped)
  [1244/11794] 12196.sql -> outputs/stackoverflow_1gb/12196.txt  (530 bytes, EXPLAIN stripped)
  [1245/11794] 12200.sql -> outputs/stackoverflow_1gb/12200.txt  (703 bytes, EXPLAIN stripped)
  [1246/11794] 12201.sql -> outputs/stackoverflow_1gb/12201.txt  (10738 bytes, EXPLAIN stripped)
  [1247/11794] 12204.sql -> outputs/stackoverflow_1gb/12204.txt  (19929 bytes, EXPLAIN stripped)
  [1248/11794] 12205.sql -> outputs/stackoverflow_1gb/12205.txt  (2580 bytes, EXPLAIN stripped)
  [1249/11794] 12206.sql -> outputs/stackoverflow_1gb/12206.txt  (537 bytes, EXPLAIN stripped)
  [1250/11794] 12210.sql -> outputs/stackoverflow_1gb/12210.txt  (207 bytes, EXPLAIN stripped)
  [1251/11794] 12212.sql -> outputs/stackoverflow_1gb/12212.txt  (310 bytes, EXPLAIN stripped)
  [1252/11794] 12216.sql -> outputs/stackoverflow_1gb/12216.txt  (5707 bytes, EXPLAIN stripped)
  [1253/11794] 12218.sql -> outputs/stackoverflow_1gb/12218.txt  (463 bytes, EXPLAIN stripped)
  [1254/11794] 1222.sql -> outputs/stackoverflow_1gb/1222.txt  (1082 bytes, EXPLAIN stripped)
  [1255/11794] 12220.sql -> outputs/stackoverflow_1gb/12220.txt  (9201 bytes, EXPLAIN stripped)
  [1256/11794] 12222.sql -> outputs/stackoverflow_1gb/12222.txt  (432 bytes, EXPLAIN stripped)
  [1257/11794] 12223.sql -> outputs/stackoverflow_1gb/12223.txt  (296 bytes, EXPLAIN stripped)
  [1258/11794] 12224.sql -> outputs/stackoverflow_1gb/12224.txt  (1236 bytes, EXPLAIN stripped)
  [1259/11794] 12225.sql -> outputs/stackoverflow_1gb/12225.txt  (23870 bytes, EXPLAIN stripped)
  [1260/11794] 12226.sql -> outputs/stackoverflow_1gb/12226.txt  (8761 bytes, EXPLAIN stripped)
  [1261/11794] 1223.sql -> outputs/stackoverflow_1gb/1223.txt  (98 bytes, EXPLAIN stripped)
  [1262/11794] 12234.sql -> outputs/stackoverflow_1gb/12234.txt  (552 bytes, EXPLAIN stripped)
  [1263/11794] 12235.sql -> outputs/stackoverflow_1gb/12235.txt  (9032 bytes, EXPLAIN stripped)
  [1264/11794] 12241.sql -> outputs/stackoverflow_1gb/12241.txt  (8089 bytes, EXPLAIN stripped)
  [1265/11794] 12242.sql -> outputs/stackoverflow_1gb/12242.txt  (105216 bytes, EXPLAIN stripped)
  [1266/11794] 12246.sql -> outputs/stackoverflow_1gb/12246.txt  (69541 bytes, EXPLAIN stripped)
  [1267/11794] 12247.sql -> outputs/stackoverflow_1gb/12247.txt  (53230 bytes, EXPLAIN stripped)
  [1268/11794] 12248.sql -> outputs/stackoverflow_1gb/12248.txt  (31357 bytes, EXPLAIN stripped)
  [1269/11794] 12251.sql -> outputs/stackoverflow_1gb/12251.txt  (77465 bytes, EXPLAIN stripped)
  [1270/11794] 12255.sql -> outputs/stackoverflow_1gb/12255.txt  (8807 bytes, EXPLAIN stripped)
  [1271/11794] 12256.sql -> outputs/stackoverflow_1gb/12256.txt  (13473 bytes, EXPLAIN stripped)
  [1272/11794] 12257.sql -> outputs/stackoverflow_1gb/12257.txt  (314 bytes, EXPLAIN stripped)
  [1273/11794] 12258.sql -> outputs/stackoverflow_1gb/12258.txt  (11911 bytes, EXPLAIN stripped)
  [1274/11794] 12260.sql -> outputs/stackoverflow_1gb/12260.txt  (58041 bytes, EXPLAIN stripped)
  [1275/11794] 12261.sql -> outputs/stackoverflow_1gb/12261.txt  (10038 bytes, EXPLAIN stripped)
  [1276/11794] 12262.sql -> outputs/stackoverflow_1gb/12262.txt  (36194 bytes, EXPLAIN stripped)
  [1277/11794] 12264.sql -> outputs/stackoverflow_1gb/12264.txt  (19324 bytes, EXPLAIN stripped)
  [1278/11794] 12266.sql -> outputs/stackoverflow_1gb/12266.txt  (38442 bytes, EXPLAIN stripped)
  [1279/11794] 12267.sql -> outputs/stackoverflow_1gb/12267.txt  (1200 bytes, EXPLAIN stripped)
  [1280/11794] 12269.sql -> outputs/stackoverflow_1gb/12269.txt  (7290 bytes, EXPLAIN stripped)
  [1281/11794] 12270.sql -> outputs/stackoverflow_1gb/12270.txt  (46656 bytes, EXPLAIN stripped)
  [1282/11794] 12272.sql -> outputs/stackoverflow_1gb/12272.txt  (32900 bytes, EXPLAIN stripped)
  [1283/11794] 12276.sql -> outputs/stackoverflow_1gb/12276.txt  (142137 bytes, EXPLAIN stripped)
  [1284/11794] 12277.sql -> outputs/stackoverflow_1gb/12277.txt  (11109 bytes, EXPLAIN stripped)
  [1285/11794] 12278.sql -> outputs/stackoverflow_1gb/12278.txt  (67786 bytes, EXPLAIN stripped)
  [1286/11794] 12280.sql -> outputs/stackoverflow_1gb/12280.txt  (6628 bytes, EXPLAIN stripped)
  [1287/11794] 12283.sql -> outputs/stackoverflow_1gb/12283.txt  (92431 bytes, EXPLAIN stripped)
  [1288/11794] 12284.sql -> outputs/stackoverflow_1gb/12284.txt  (59829 bytes, EXPLAIN stripped)
  [1289/11794] 12285.sql -> outputs/stackoverflow_1gb/12285.txt  (43024 bytes, EXPLAIN stripped)
  [1290/11794] 12286.sql -> outputs/stackoverflow_1gb/12286.txt  (865 bytes, EXPLAIN stripped)
  [1291/11794] 12287.sql -> outputs/stackoverflow_1gb/12287.txt  (8203 bytes, EXPLAIN stripped)
  [1292/11794] 12293.sql -> outputs/stackoverflow_1gb/12293.txt  (11335 bytes, EXPLAIN stripped)
  [1293/11794] 12294.sql -> outputs/stackoverflow_1gb/12294.txt  (9896 bytes, EXPLAIN stripped)
  [1294/11794] 12297.sql -> outputs/stackoverflow_1gb/12297.txt  (7265 bytes, EXPLAIN stripped)
  [1295/11794] 12298.sql -> outputs/stackoverflow_1gb/12298.txt  (7884 bytes, EXPLAIN stripped)
  [1296/11794] 12303.sql -> outputs/stackoverflow_1gb/12303.txt  (317 bytes, EXPLAIN stripped)
  [1297/11794] 12304.sql -> outputs/stackoverflow_1gb/12304.txt  (11750 bytes, EXPLAIN stripped)
  [1298/11794] 12306.sql -> outputs/stackoverflow_1gb/12306.txt  (280 bytes, EXPLAIN stripped)
  [1299/11794] 12308.sql -> outputs/stackoverflow_1gb/12308.txt  (6876 bytes, EXPLAIN stripped)
  [1300/11794] 12309.sql -> outputs/stackoverflow_1gb/12309.txt  (613 bytes, EXPLAIN stripped)
  [1301/11794] 12311.sql -> outputs/stackoverflow_1gb/12311.txt  (878 bytes, EXPLAIN stripped)
  [1302/11794] 12312.sql -> outputs/stackoverflow_1gb/12312.txt  (9610 bytes, EXPLAIN stripped)
  [1303/11794] 12313.sql -> outputs/stackoverflow_1gb/12313.txt  (109957 bytes, EXPLAIN stripped)
  [1304/11794] 12314.sql -> outputs/stackoverflow_1gb/12314.txt  (716 bytes, EXPLAIN stripped)
  [1305/11794] 12318.sql -> outputs/stackoverflow_1gb/12318.txt  (360 bytes, EXPLAIN stripped)
  [1306/11794] 12319.sql -> outputs/stackoverflow_1gb/12319.txt  (51795 bytes, EXPLAIN stripped)
  [1307/11794] 12320.sql -> outputs/stackoverflow_1gb/12320.txt  (86473 bytes, EXPLAIN stripped)
  [1308/11794] 12324.sql -> outputs/stackoverflow_1gb/12324.txt  (8713 bytes, EXPLAIN stripped)
  [1309/11794] 12327.sql -> outputs/stackoverflow_1gb/12327.txt  (317 bytes, EXPLAIN stripped)
  [1310/11794] 12328.sql -> outputs/stackoverflow_1gb/12328.txt  (326 bytes, EXPLAIN stripped)
  [1311/11794] 12329.sql -> outputs/stackoverflow_1gb/12329.txt  (1338 bytes, EXPLAIN stripped)
  [1312/11794] 12330.sql -> outputs/stackoverflow_1gb/12330.txt  (75786 bytes, EXPLAIN stripped)
  [1313/11794] 12331.sql -> outputs/stackoverflow_1gb/12331.txt  (274 bytes, EXPLAIN stripped)
  [1314/11794] 12332.sql -> outputs/stackoverflow_1gb/12332.txt  (43569 bytes, EXPLAIN stripped)
  [1315/11794] 12335.sql -> outputs/stackoverflow_1gb/12335.txt  (35677 bytes, EXPLAIN stripped)
  [1316/11794] 12337.sql -> outputs/stackoverflow_1gb/12337.txt  (166 bytes, EXPLAIN stripped)
  [1317/11794] 12339.sql -> outputs/stackoverflow_1gb/12339.txt  (49522 bytes, EXPLAIN stripped)
  [1318/11794] 12343.sql -> outputs/stackoverflow_1gb/12343.txt  (7227 bytes, EXPLAIN stripped)
  [1319/11794] 12347.sql -> outputs/stackoverflow_1gb/12347.txt  (83 bytes, EXPLAIN stripped)
  [1320/11794] 12352.sql -> outputs/stackoverflow_1gb/12352.txt  (112283 bytes, EXPLAIN stripped)
  [1321/11794] 12354.sql -> outputs/stackoverflow_1gb/12354.txt  (531 bytes, EXPLAIN stripped)
  [1322/11794] 12356.sql -> outputs/stackoverflow_1gb/12356.txt  (300 bytes, EXPLAIN stripped)
  [1323/11794] 12357.sql -> outputs/stackoverflow_1gb/12357.txt  (50854 bytes, EXPLAIN stripped)
  [1324/11794] 12358.sql -> outputs/stackoverflow_1gb/12358.txt  (57663 bytes, EXPLAIN stripped)
  [1325/11794] 12363.sql -> outputs/stackoverflow_1gb/12363.txt  (90380 bytes, EXPLAIN stripped)
  [1326/11794] 12366.sql -> outputs/stackoverflow_1gb/12366.txt  (39929 bytes, EXPLAIN stripped)
  [1327/11794] 12367.sql -> outputs/stackoverflow_1gb/12367.txt  (318 bytes, EXPLAIN stripped)
  [1328/11794] 12369.sql -> outputs/stackoverflow_1gb/12369.txt  (710 bytes, EXPLAIN stripped)
  [1329/11794] 12370.sql -> outputs/stackoverflow_1gb/12370.txt  (13232 bytes, EXPLAIN stripped)
  [1330/11794] 12374.sql -> outputs/stackoverflow_1gb/12374.txt  (38053 bytes, EXPLAIN stripped)
  [1331/11794] 12376.sql -> outputs/stackoverflow_1gb/12376.txt  (318 bytes, EXPLAIN stripped)
  [1332/11794] 12379.sql -> outputs/stackoverflow_1gb/12379.txt  (92121 bytes, EXPLAIN stripped)
  [1333/11794] 12381.sql -> outputs/stackoverflow_1gb/12381.txt  (70425 bytes, EXPLAIN stripped)
  [1334/11794] 12382.sql -> outputs/stackoverflow_1gb/12382.txt  (310 bytes, EXPLAIN stripped)
  [1335/11794] 12385.sql -> outputs/stackoverflow_1gb/12385.txt  (34362 bytes, EXPLAIN stripped)
  [1336/11794] 12386.sql -> outputs/stackoverflow_1gb/12386.txt  (4917 bytes, EXPLAIN stripped)
  [1337/11794] 12389.sql -> outputs/stackoverflow_1gb/12389.txt  (47549 bytes, EXPLAIN stripped)
  [1338/11794] 12391.sql -> outputs/stackoverflow_1gb/12391.txt  (86933 bytes, EXPLAIN stripped)
  [1339/11794] 12393.sql -> outputs/stackoverflow_1gb/12393.txt  (10752 bytes, EXPLAIN stripped)
  [1340/11794] 12394.sql -> outputs/stackoverflow_1gb/12394.txt  (215 bytes, EXPLAIN stripped)
  [1341/11794] 12396.sql -> outputs/stackoverflow_1gb/12396.txt  (90 bytes, EXPLAIN stripped)
  [1342/11794] 12397.sql -> outputs/stackoverflow_1gb/12397.txt  (219 bytes, EXPLAIN stripped)
  [1343/11794] 12399.sql -> outputs/stackoverflow_1gb/12399.txt  (354 bytes, EXPLAIN stripped)
  [1344/11794] 1240.sql -> outputs/stackoverflow_1gb/1240.txt  (4427 bytes, EXPLAIN stripped)
  [1345/11794] 12400.sql -> outputs/stackoverflow_1gb/12400.txt  (650 bytes, EXPLAIN stripped)
  [1346/11794] 12401.sql -> outputs/stackoverflow_1gb/12401.txt  (81664 bytes, EXPLAIN stripped)
  [1347/11794] 12402.sql -> outputs/stackoverflow_1gb/12402.txt  (10596 bytes, EXPLAIN stripped)
  [1348/11794] 12408.sql -> outputs/stackoverflow_1gb/12408.txt  (415 bytes, EXPLAIN stripped)
  [1349/11794] 12409.sql -> outputs/stackoverflow_1gb/12409.txt  (23576 bytes, EXPLAIN stripped)
  [1350/11794] 12411.sql -> outputs/stackoverflow_1gb/12411.txt  (7690 bytes, EXPLAIN stripped)
  [1351/11794] 12412.sql -> outputs/stackoverflow_1gb/12412.txt  (278 bytes, EXPLAIN stripped)
  [1352/11794] 12414.sql -> outputs/stackoverflow_1gb/12414.txt  (25840 bytes, EXPLAIN stripped)
  [1353/11794] 12421.sql -> outputs/stackoverflow_1gb/12421.txt  (105689 bytes, EXPLAIN stripped)
  [1354/11794] 12422.sql -> outputs/stackoverflow_1gb/12422.txt  (503 bytes, EXPLAIN stripped)
  [1355/11794] 12424.sql -> outputs/stackoverflow_1gb/12424.txt  (318 bytes, EXPLAIN stripped)
  [1356/11794] 12425.sql -> outputs/stackoverflow_1gb/12425.txt  (11744 bytes, EXPLAIN stripped)
  [1357/11794] 12426.sql -> outputs/stackoverflow_1gb/12426.txt  (39592 bytes, EXPLAIN stripped)
  [1358/11794] 12428.sql -> outputs/stackoverflow_1gb/12428.txt  (309 bytes, EXPLAIN stripped)
  [1359/11794] 12436.sql -> outputs/stackoverflow_1gb/12436.txt  (39708 bytes, EXPLAIN stripped)
  [1360/11794] 12437.sql -> outputs/stackoverflow_1gb/12437.txt  (105 bytes, EXPLAIN stripped)
  [1361/11794] 1244.sql -> outputs/stackoverflow_1gb/1244.txt  (2031 bytes, EXPLAIN stripped)
  [1362/11794] 12440.sql -> outputs/stackoverflow_1gb/12440.txt  (25842 bytes, EXPLAIN stripped)
  [1363/11794] 12441.sql -> outputs/stackoverflow_1gb/12441.txt  (355 bytes, EXPLAIN stripped)
  [1364/11794] 12444.sql -> outputs/stackoverflow_1gb/12444.txt  (869 bytes, EXPLAIN stripped)
  [1365/11794] 12445.sql -> outputs/stackoverflow_1gb/12445.txt  (90269 bytes, EXPLAIN stripped)
  [1366/11794] 12446.sql -> outputs/stackoverflow_1gb/12446.txt  (56500 bytes, EXPLAIN stripped)
  [1367/11794] 12447.sql -> outputs/stackoverflow_1gb/12447.txt  (10961 bytes, EXPLAIN stripped)
  [1368/11794] 12451.sql -> outputs/stackoverflow_1gb/12451.txt  (196 bytes, EXPLAIN stripped)
  [1369/11794] 12453.sql -> outputs/stackoverflow_1gb/12453.txt  (273 bytes, EXPLAIN stripped)
  [1370/11794] 12455.sql -> outputs/stackoverflow_1gb/12455.txt  (8064 bytes, EXPLAIN stripped)
  [1371/11794] 12457.sql -> outputs/stackoverflow_1gb/12457.txt  (70909 bytes, EXPLAIN stripped)
  [1372/11794] 12458.sql -> outputs/stackoverflow_1gb/12458.txt  (25597 bytes, EXPLAIN stripped)
  [1373/11794] 1246.sql -> outputs/stackoverflow_1gb/1246.txt  (62596 bytes, EXPLAIN stripped)
  [1374/11794] 12460.sql -> outputs/stackoverflow_1gb/12460.txt  (8447 bytes, EXPLAIN stripped)
  [1375/11794] 12461.sql -> outputs/stackoverflow_1gb/12461.txt  (473 bytes, EXPLAIN stripped)
  [1376/11794] 12462.sql -> outputs/stackoverflow_1gb/12462.txt  (343 bytes, EXPLAIN stripped)
  [1377/11794] 12463.sql -> outputs/stackoverflow_1gb/12463.txt  (469 bytes, EXPLAIN stripped)
  [1378/11794] 12464.sql -> outputs/stackoverflow_1gb/12464.txt  (8376 bytes, EXPLAIN stripped)
  [1379/11794] 12465.sql -> outputs/stackoverflow_1gb/12465.txt  (72958 bytes, EXPLAIN stripped)
  [1380/11794] 12470.sql -> outputs/stackoverflow_1gb/12470.txt  (4674 bytes, EXPLAIN stripped)
  [1381/11794] 12471.sql -> outputs/stackoverflow_1gb/12471.txt  (279 bytes, EXPLAIN stripped)
  [1382/11794] 12472.sql -> outputs/stackoverflow_1gb/12472.txt  (354 bytes, EXPLAIN stripped)
  [1383/11794] 12474.sql -> outputs/stackoverflow_1gb/12474.txt  (9688 bytes, EXPLAIN stripped)
  [1384/11794] 12476.sql -> outputs/stackoverflow_1gb/12476.txt  (153 bytes, EXPLAIN stripped)
  [1385/11794] 12477.sql -> outputs/stackoverflow_1gb/12477.txt  (71000 bytes, EXPLAIN stripped)
  [1386/11794] 12478.sql -> outputs/stackoverflow_1gb/12478.txt  (10257 bytes, EXPLAIN stripped)
  [1387/11794] 12479.sql -> outputs/stackoverflow_1gb/12479.txt  (517 bytes, EXPLAIN stripped)
  [1388/11794] 12480.sql -> outputs/stackoverflow_1gb/12480.txt  (50749 bytes, EXPLAIN stripped)
  [1389/11794] 12482.sql -> outputs/stackoverflow_1gb/12482.txt  (193 bytes, EXPLAIN stripped)
  [1390/11794] 12484.sql -> outputs/stackoverflow_1gb/12484.txt  (79726 bytes, EXPLAIN stripped)
  [1391/11794] 12485.sql -> outputs/stackoverflow_1gb/12485.txt  (94482 bytes, EXPLAIN stripped)
  [1392/11794] 12486.sql -> outputs/stackoverflow_1gb/12486.txt  (138087 bytes, EXPLAIN stripped)
  [1393/11794] 12487.sql -> outputs/stackoverflow_1gb/12487.txt  (1069 bytes, EXPLAIN stripped)
  [1394/11794] 12489.sql -> outputs/stackoverflow_1gb/12489.txt  (46701 bytes, EXPLAIN stripped)
  [1395/11794] 12492.sql -> outputs/stackoverflow_1gb/12492.txt  (407 bytes, EXPLAIN stripped)
  [1396/11794] 12493.sql -> outputs/stackoverflow_1gb/12493.txt  (117112 bytes, EXPLAIN stripped)
  [1397/11794] 12495.sql -> outputs/stackoverflow_1gb/12495.txt  (66294 bytes, EXPLAIN stripped)
  [1398/11794] 12497.sql -> outputs/stackoverflow_1gb/12497.txt  (461 bytes, EXPLAIN stripped)
  [1399/11794] 12498.sql -> outputs/stackoverflow_1gb/12498.txt  (8822 bytes, EXPLAIN stripped)
  [1400/11794] 1250.sql -> outputs/stackoverflow_1gb/1250.txt  (5200 bytes, EXPLAIN stripped)
  [1401/11794] 12500.sql -> outputs/stackoverflow_1gb/12500.txt  (224 bytes, EXPLAIN stripped)
  [1402/11794] 12501.sql -> outputs/stackoverflow_1gb/12501.txt  (462 bytes, EXPLAIN stripped)
  [1403/11794] 12502.sql -> outputs/stackoverflow_1gb/12502.txt  (464 bytes, EXPLAIN stripped)
  [1404/11794] 12504.sql -> outputs/stackoverflow_1gb/12504.txt  (476 bytes, EXPLAIN stripped)
  [1405/11794] 12507.sql -> outputs/stackoverflow_1gb/12507.txt  (77071 bytes, EXPLAIN stripped)
  [1406/11794] 12508.sql -> outputs/stackoverflow_1gb/12508.txt  (274 bytes, EXPLAIN stripped)
  [1407/11794] 12509.sql -> outputs/stackoverflow_1gb/12509.txt  (5802 bytes, EXPLAIN stripped)
  [1408/11794] 1251.sql -> outputs/stackoverflow_1gb/1251.txt  (76 bytes, EXPLAIN stripped)
  [1409/11794] 12510.sql -> outputs/stackoverflow_1gb/12510.txt  (576 bytes, EXPLAIN stripped)
  [1410/11794] 12515.sql -> outputs/stackoverflow_1gb/12515.txt  (105748 bytes, EXPLAIN stripped)
  [1411/11794] 12517.sql -> outputs/stackoverflow_1gb/12517.txt  (434 bytes, EXPLAIN stripped)
  [1412/11794] 12518.sql -> outputs/stackoverflow_1gb/12518.txt  (165 bytes, EXPLAIN stripped)
  [1413/11794] 12520.sql -> outputs/stackoverflow_1gb/12520.txt  (109556 bytes, EXPLAIN stripped)
  [1414/11794] 12521.sql -> outputs/stackoverflow_1gb/12521.txt  (30704 bytes, EXPLAIN stripped)
  [1415/11794] 12522.sql -> outputs/stackoverflow_1gb/12522.txt  (153225 bytes, EXPLAIN stripped)
  [1416/11794] 12523.sql -> outputs/stackoverflow_1gb/12523.txt  (895 bytes, EXPLAIN stripped)
  [1417/11794] 12524.sql -> outputs/stackoverflow_1gb/12524.txt  (9613 bytes, EXPLAIN stripped)
  [1418/11794] 12525.sql -> outputs/stackoverflow_1gb/12525.txt  (9012 bytes, EXPLAIN stripped)
  [1419/11794] 12528.sql -> outputs/stackoverflow_1gb/12528.txt  (751 bytes, EXPLAIN stripped)
  [1420/11794] 12529.sql -> outputs/stackoverflow_1gb/12529.txt  (96703 bytes, EXPLAIN stripped)
  [1421/11794] 12530.sql -> outputs/stackoverflow_1gb/12530.txt  (24700 bytes, EXPLAIN stripped)
  [1422/11794] 12531.sql -> outputs/stackoverflow_1gb/12531.txt  (12208 bytes, EXPLAIN stripped)
  [1423/11794] 12533.sql -> outputs/stackoverflow_1gb/12533.txt  (497 bytes, EXPLAIN stripped)
  [1424/11794] 12534.sql -> outputs/stackoverflow_1gb/12534.txt  (14370 bytes, EXPLAIN stripped)
  [1425/11794] 12537.sql -> outputs/stackoverflow_1gb/12537.txt  (675 bytes, EXPLAIN stripped)
  [1426/11794] 12538.sql -> outputs/stackoverflow_1gb/12538.txt  (50838 bytes, EXPLAIN stripped)
  [1427/11794] 12539.sql -> outputs/stackoverflow_1gb/12539.txt  (458 bytes, EXPLAIN stripped)
  [1428/11794] 1254.sql -> outputs/stackoverflow_1gb/1254.txt  (73 bytes, EXPLAIN stripped)
  [1429/11794] 12540.sql -> outputs/stackoverflow_1gb/12540.txt  (5244 bytes, EXPLAIN stripped)
  [1430/11794] 12541.sql -> outputs/stackoverflow_1gb/12541.txt  (11879 bytes, EXPLAIN stripped)
  [1431/11794] 12543.sql -> outputs/stackoverflow_1gb/12543.txt  (274 bytes, EXPLAIN stripped)
  [1432/11794] 12544.sql -> outputs/stackoverflow_1gb/12544.txt  (13730 bytes, EXPLAIN stripped)
  [1433/11794] 12545.sql -> outputs/stackoverflow_1gb/12545.txt  (311 bytes, EXPLAIN stripped)
  [1434/11794] 12546.sql -> outputs/stackoverflow_1gb/12546.txt  (3947 bytes, EXPLAIN stripped)
  [1435/11794] 12547.sql -> outputs/stackoverflow_1gb/12547.txt  (7695 bytes, EXPLAIN stripped)
  [1436/11794] 12548.sql -> outputs/stackoverflow_1gb/12548.txt  (95594 bytes, EXPLAIN stripped)
  [1437/11794] 1255.sql -> outputs/stackoverflow_1gb/1255.txt  (260 bytes, EXPLAIN stripped)
  [1438/11794] 12550.sql -> outputs/stackoverflow_1gb/12550.txt  (31047 bytes, EXPLAIN stripped)
  [1439/11794] 12552.sql -> outputs/stackoverflow_1gb/12552.txt  (153 bytes, EXPLAIN stripped)
  [1440/11794] 12553.sql -> outputs/stackoverflow_1gb/12553.txt  (9224 bytes, EXPLAIN stripped)
  [1441/11794] 12555.sql -> outputs/stackoverflow_1gb/12555.txt  (33359 bytes, EXPLAIN stripped)
  [1442/11794] 12557.sql -> outputs/stackoverflow_1gb/12557.txt  (74623 bytes, EXPLAIN stripped)
  [1443/11794] 12558.sql -> outputs/stackoverflow_1gb/12558.txt  (26 bytes, EXPLAIN stripped)
  [1444/11794] 12559.sql -> outputs/stackoverflow_1gb/12559.txt  (318 bytes, EXPLAIN stripped)
  [1445/11794] 12560.sql -> outputs/stackoverflow_1gb/12560.txt  (13658 bytes, EXPLAIN stripped)
  [1446/11794] 12561.sql -> outputs/stackoverflow_1gb/12561.txt  (8159 bytes, EXPLAIN stripped)
  [1447/11794] 12562.sql -> outputs/stackoverflow_1gb/12562.txt  (9203 bytes, EXPLAIN stripped)
  [1448/11794] 12563.sql -> outputs/stackoverflow_1gb/12563.txt  (539 bytes, EXPLAIN stripped)
  [1449/11794] 12565.sql -> outputs/stackoverflow_1gb/12565.txt  (274 bytes, EXPLAIN stripped)
  [1450/11794] 12567.sql -> outputs/stackoverflow_1gb/12567.txt  (86203 bytes, EXPLAIN stripped)
  [1451/11794] 12574.sql -> outputs/stackoverflow_1gb/12574.txt  (547 bytes, EXPLAIN stripped)
  [1452/11794] 12575.sql -> outputs/stackoverflow_1gb/12575.txt  (515 bytes, EXPLAIN stripped)
  [1453/11794] 12576.sql -> outputs/stackoverflow_1gb/12576.txt  (43026 bytes, EXPLAIN stripped)
  [1454/11794] 12578.sql -> outputs/stackoverflow_1gb/12578.txt  (10940 bytes, EXPLAIN stripped)
  [1455/11794] 12580.sql -> outputs/stackoverflow_1gb/12580.txt  (88707 bytes, EXPLAIN stripped)
  [1456/11794] 12581.sql -> outputs/stackoverflow_1gb/12581.txt  (11931 bytes, EXPLAIN stripped)
  [1457/11794] 12582.sql -> outputs/stackoverflow_1gb/12582.txt  (68789 bytes, EXPLAIN stripped)
  [1458/11794] 12583.sql -> outputs/stackoverflow_1gb/12583.txt  (2118 bytes, EXPLAIN stripped)
  [1459/11794] 12584.sql -> outputs/stackoverflow_1gb/12584.txt  (32078 bytes, EXPLAIN stripped)
  [1460/11794] 12588.sql -> outputs/stackoverflow_1gb/12588.txt  (154 bytes, EXPLAIN stripped)
  [1461/11794] 12589.sql -> outputs/stackoverflow_1gb/12589.txt  (128816 bytes, EXPLAIN stripped)
  [1462/11794] 12594.sql -> outputs/stackoverflow_1gb/12594.txt  (104334 bytes, EXPLAIN stripped)
  [1463/11794] 12595.sql -> outputs/stackoverflow_1gb/12595.txt  (5483 bytes, EXPLAIN stripped)
  [1464/11794] 12596.sql -> outputs/stackoverflow_1gb/12596.txt  (8758 bytes, EXPLAIN stripped)
  [1465/11794] 12597.sql -> outputs/stackoverflow_1gb/12597.txt  (11461 bytes, EXPLAIN stripped)
  [1466/11794] 12598.sql -> outputs/stackoverflow_1gb/12598.txt  (11758 bytes, EXPLAIN stripped)
  [1467/11794] 12600.sql -> outputs/stackoverflow_1gb/12600.txt  (76007 bytes, EXPLAIN stripped)
  [1468/11794] 12603.sql -> outputs/stackoverflow_1gb/12603.txt  (79118 bytes, EXPLAIN stripped)
  [1469/11794] 12605.sql -> outputs/stackoverflow_1gb/12605.txt  (8346 bytes, EXPLAIN stripped)
  [1470/11794] 12606.sql -> outputs/stackoverflow_1gb/12606.txt  (631 bytes, EXPLAIN stripped)
  [1471/11794] 12610.sql -> outputs/stackoverflow_1gb/12610.txt  (65979 bytes, EXPLAIN stripped)
  [1472/11794] 12613.sql -> outputs/stackoverflow_1gb/12613.txt  (8751 bytes, EXPLAIN stripped)
  [1473/11794] 12614.sql -> outputs/stackoverflow_1gb/12614.txt  (42794 bytes, EXPLAIN stripped)
  [1474/11794] 12616.sql -> outputs/stackoverflow_1gb/12616.txt  (26 bytes, EXPLAIN stripped)
  [1475/11794] 12617.sql -> outputs/stackoverflow_1gb/12617.txt  (9730 bytes, EXPLAIN stripped)
  [1476/11794] 12618.sql -> outputs/stackoverflow_1gb/12618.txt  (50248 bytes, EXPLAIN stripped)
  [1477/11794] 12620.sql -> outputs/stackoverflow_1gb/12620.txt  (32017 bytes, EXPLAIN stripped)
  [1478/11794] 12621.sql -> outputs/stackoverflow_1gb/12621.txt  (54824 bytes, EXPLAIN stripped)
  [1479/11794] 12623.sql -> outputs/stackoverflow_1gb/12623.txt  (134763 bytes, EXPLAIN stripped)
  [1480/11794] 12628.sql -> outputs/stackoverflow_1gb/12628.txt  (119909 bytes, EXPLAIN stripped)
  [1481/11794] 12629.sql -> outputs/stackoverflow_1gb/12629.txt  (595 bytes, EXPLAIN stripped)
  [1482/11794] 1263.sql -> outputs/stackoverflow_1gb/1263.txt  (724 bytes, EXPLAIN stripped)
  [1483/11794] 12632.sql -> outputs/stackoverflow_1gb/12632.txt  (304 bytes, EXPLAIN stripped)
  [1484/11794] 12634.sql -> outputs/stackoverflow_1gb/12634.txt  (467 bytes, EXPLAIN stripped)
  [1485/11794] 12635.sql -> outputs/stackoverflow_1gb/12635.txt  (1426 bytes, EXPLAIN stripped)
  [1486/11794] 12636.sql -> outputs/stackoverflow_1gb/12636.txt  (44863 bytes, EXPLAIN stripped)
  [1487/11794] 12637.sql -> outputs/stackoverflow_1gb/12637.txt  (54891 bytes, EXPLAIN stripped)
  [1488/11794] 12638.sql -> outputs/stackoverflow_1gb/12638.txt  (420 bytes, EXPLAIN stripped)
  [1489/11794] 12639.sql -> outputs/stackoverflow_1gb/12639.txt  (530 bytes, EXPLAIN stripped)
  [1490/11794] 12640.sql -> outputs/stackoverflow_1gb/12640.txt  (28948 bytes, EXPLAIN stripped)
  [1491/11794] 12641.sql -> outputs/stackoverflow_1gb/12641.txt  (8294 bytes, EXPLAIN stripped)
  [1492/11794] 12642.sql -> outputs/stackoverflow_1gb/12642.txt  (126610 bytes, EXPLAIN stripped)
  [1493/11794] 12643.sql -> outputs/stackoverflow_1gb/12643.txt  (522 bytes, EXPLAIN stripped)
  [1494/11794] 12644.sql -> outputs/stackoverflow_1gb/12644.txt  (12634 bytes, EXPLAIN stripped)
  [1495/11794] 12645.sql -> outputs/stackoverflow_1gb/12645.txt  (8038 bytes, EXPLAIN stripped)
  [1496/11794] 12646.sql -> outputs/stackoverflow_1gb/12646.txt  (37223 bytes, EXPLAIN stripped)
  [1497/11794] 12647.sql -> outputs/stackoverflow_1gb/12647.txt  (11471 bytes, EXPLAIN stripped)
  [1498/11794] 12648.sql -> outputs/stackoverflow_1gb/12648.txt  (275 bytes, EXPLAIN stripped)
  [1499/11794] 12650.sql -> outputs/stackoverflow_1gb/12650.txt  (200 bytes, EXPLAIN stripped)
  [1500/11794] 12653.sql -> outputs/stackoverflow_1gb/12653.txt  (381 bytes, EXPLAIN stripped)
  [1501/11794] 12658.sql -> outputs/stackoverflow_1gb/12658.txt  (35371 bytes, EXPLAIN stripped)
  [1502/11794] 12659.sql -> outputs/stackoverflow_1gb/12659.txt  (9988 bytes, EXPLAIN stripped)
  [1503/11794] 12660.sql -> outputs/stackoverflow_1gb/12660.txt  (53154 bytes, EXPLAIN stripped)
  [1504/11794] 12662.sql -> outputs/stackoverflow_1gb/12662.txt  (5090 bytes, EXPLAIN stripped)
  [1505/11794] 12664.sql -> outputs/stackoverflow_1gb/12664.txt  (667 bytes, EXPLAIN stripped)
  [1506/11794] 12665.sql -> outputs/stackoverflow_1gb/12665.txt  (39930 bytes, EXPLAIN stripped)
  [1507/11794] 12668.sql -> outputs/stackoverflow_1gb/12668.txt  (8707 bytes, EXPLAIN stripped)
  [1508/11794] 12670.sql -> outputs/stackoverflow_1gb/12670.txt  (12013 bytes, EXPLAIN stripped)
  [1509/11794] 12671.sql -> outputs/stackoverflow_1gb/12671.txt  (11693 bytes, EXPLAIN stripped)
  [1510/11794] 12673.sql -> outputs/stackoverflow_1gb/12673.txt  (12333 bytes, EXPLAIN stripped)
  [1511/11794] 12675.sql -> outputs/stackoverflow_1gb/12675.txt  (102637 bytes, EXPLAIN stripped)
  [1512/11794] 12676.sql -> outputs/stackoverflow_1gb/12676.txt  (3462 bytes, EXPLAIN stripped)
  [1513/11794] 12677.sql -> outputs/stackoverflow_1gb/12677.txt  (103878 bytes, EXPLAIN stripped)
  [1514/11794] 12678.sql -> outputs/stackoverflow_1gb/12678.txt  (86893 bytes, EXPLAIN stripped)
  [1515/11794] 1268.sql -> outputs/stackoverflow_1gb/1268.txt  (838 bytes, EXPLAIN stripped)
  [1516/11794] 12680.sql -> outputs/stackoverflow_1gb/12680.txt  (159 bytes, EXPLAIN stripped)
  [1517/11794] 12682.sql -> outputs/stackoverflow_1gb/12682.txt  (26282 bytes, EXPLAIN stripped)
  [1518/11794] 12685.sql -> outputs/stackoverflow_1gb/12685.txt  (83304 bytes, EXPLAIN stripped)
  [1519/11794] 12687.sql -> outputs/stackoverflow_1gb/12687.txt  (264 bytes, EXPLAIN stripped)
  [1520/11794] 12688.sql -> outputs/stackoverflow_1gb/12688.txt  (105811 bytes, EXPLAIN stripped)
  [1521/11794] 12690.sql -> outputs/stackoverflow_1gb/12690.txt  (93764 bytes, EXPLAIN stripped)
  [1522/11794] 12692.sql -> outputs/stackoverflow_1gb/12692.txt  (715 bytes, EXPLAIN stripped)
  [1523/11794] 12693.sql -> outputs/stackoverflow_1gb/12693.txt  (643 bytes, EXPLAIN stripped)
  [1524/11794] 12695.sql -> outputs/stackoverflow_1gb/12695.txt  (94178 bytes, EXPLAIN stripped)
  [1525/11794] 12697.sql -> outputs/stackoverflow_1gb/12697.txt  (615 bytes, EXPLAIN stripped)
  [1526/11794] 12698.sql -> outputs/stackoverflow_1gb/12698.txt  (163 bytes, EXPLAIN stripped)
  [1527/11794] 1270.sql -> outputs/stackoverflow_1gb/1270.txt  (125 bytes, EXPLAIN stripped)
  [1528/11794] 12701.sql -> outputs/stackoverflow_1gb/12701.txt  (109648 bytes, EXPLAIN stripped)
  [1529/11794] 12703.sql -> outputs/stackoverflow_1gb/12703.txt  (318 bytes, EXPLAIN stripped)
  [1530/11794] 12704.sql -> outputs/stackoverflow_1gb/12704.txt  (6215 bytes, EXPLAIN stripped)
  [1531/11794] 12705.sql -> outputs/stackoverflow_1gb/12705.txt  (663 bytes, EXPLAIN stripped)
  [1532/11794] 12706.sql -> outputs/stackoverflow_1gb/12706.txt  (30780 bytes, EXPLAIN stripped)
  [1533/11794] 12708.sql -> outputs/stackoverflow_1gb/12708.txt  (27689 bytes, EXPLAIN stripped)
  [1534/11794] 12709.sql -> outputs/stackoverflow_1gb/12709.txt  (566 bytes, EXPLAIN stripped)
  [1535/11794] 1271.sql -> outputs/stackoverflow_1gb/1271.txt  (657 bytes, EXPLAIN stripped)
  [1536/11794] 12711.sql -> outputs/stackoverflow_1gb/12711.txt  (31871 bytes, EXPLAIN stripped)
  [1537/11794] 12712.sql -> outputs/stackoverflow_1gb/12712.txt  (5696 bytes, EXPLAIN stripped)
  [1538/11794] 12713.sql -> outputs/stackoverflow_1gb/12713.txt  (205 bytes, EXPLAIN stripped)
  [1539/11794] 12714.sql -> outputs/stackoverflow_1gb/12714.txt  (26609 bytes, EXPLAIN stripped)
  [1540/11794] 12716.sql -> outputs/stackoverflow_1gb/12716.txt  (300 bytes, EXPLAIN stripped)
  [1541/11794] 12717.sql -> outputs/stackoverflow_1gb/12717.txt  (7042 bytes, EXPLAIN stripped)
  [1542/11794] 12718.sql -> outputs/stackoverflow_1gb/12718.txt  (310 bytes, EXPLAIN stripped)
  [1543/11794] 12719.sql -> outputs/stackoverflow_1gb/12719.txt  (1288 bytes, EXPLAIN stripped)
  [1544/11794] 12720.sql -> outputs/stackoverflow_1gb/12720.txt  (41914 bytes, EXPLAIN stripped)
  [1545/11794] 12724.sql -> outputs/stackoverflow_1gb/12724.txt  (71187 bytes, EXPLAIN stripped)
  [1546/11794] 12725.sql -> outputs/stackoverflow_1gb/12725.txt  (377 bytes, EXPLAIN stripped)
  [1547/11794] 12726.sql -> outputs/stackoverflow_1gb/12726.txt  (505 bytes, EXPLAIN stripped)
  [1548/11794] 12728.sql -> outputs/stackoverflow_1gb/12728.txt  (448 bytes, EXPLAIN stripped)
  [1549/11794] 12730.sql -> outputs/stackoverflow_1gb/12730.txt  (84860 bytes, EXPLAIN stripped)
  [1550/11794] 12732.sql -> outputs/stackoverflow_1gb/12732.txt  (48561 bytes, EXPLAIN stripped)
  [1551/11794] 12733.sql -> outputs/stackoverflow_1gb/12733.txt  (30648 bytes, EXPLAIN stripped)
  [1552/11794] 12734.sql -> outputs/stackoverflow_1gb/12734.txt  (11998 bytes, EXPLAIN stripped)
  [1553/11794] 12737.sql -> outputs/stackoverflow_1gb/12737.txt  (86079 bytes, EXPLAIN stripped)
  [1554/11794] 1274.sql -> outputs/stackoverflow_1gb/1274.txt  (98 bytes, EXPLAIN stripped)
  [1555/11794] 12741.sql -> outputs/stackoverflow_1gb/12741.txt  (325 bytes, EXPLAIN stripped)
  [1556/11794] 12742.sql -> outputs/stackoverflow_1gb/12742.txt  (8172 bytes, EXPLAIN stripped)
  [1557/11794] 12743.sql -> outputs/stackoverflow_1gb/12743.txt  (5809 bytes, EXPLAIN stripped)
  [1558/11794] 12745.sql -> outputs/stackoverflow_1gb/12745.txt  (146 bytes, EXPLAIN stripped)
  [1559/11794] 12750.sql -> outputs/stackoverflow_1gb/12750.txt  (217672 bytes, EXPLAIN stripped)
  [1560/11794] 12753.sql -> outputs/stackoverflow_1gb/12753.txt  (63633 bytes, EXPLAIN stripped)
  [1561/11794] 12754.sql -> outputs/stackoverflow_1gb/12754.txt  (67727 bytes, EXPLAIN stripped)
  [1562/11794] 12755.sql -> outputs/stackoverflow_1gb/12755.txt  (55904 bytes, EXPLAIN stripped)
  [1563/11794] 12756.sql -> outputs/stackoverflow_1gb/12756.txt  (3997 bytes, EXPLAIN stripped)
  [1564/11794] 12757.sql -> outputs/stackoverflow_1gb/12757.txt  (505 bytes, EXPLAIN stripped)
  [1565/11794] 12758.sql -> outputs/stackoverflow_1gb/12758.txt  (97189 bytes, EXPLAIN stripped)
  [1566/11794] 1276.sql -> outputs/stackoverflow_1gb/1276.txt  (649 bytes, EXPLAIN stripped)
  [1567/11794] 12761.sql -> outputs/stackoverflow_1gb/12761.txt  (33622 bytes, EXPLAIN stripped)
  [1568/11794] 12768.sql -> outputs/stackoverflow_1gb/12768.txt  (311 bytes, EXPLAIN stripped)
  [1569/11794] 12769.sql -> outputs/stackoverflow_1gb/12769.txt  (1203 bytes, EXPLAIN stripped)
  [1570/11794] 12771.sql -> outputs/stackoverflow_1gb/12771.txt  (354 bytes, EXPLAIN stripped)
  [1571/11794] 12772.sql -> outputs/stackoverflow_1gb/12772.txt  (638 bytes, EXPLAIN stripped)
  [1572/11794] 12773.sql -> outputs/stackoverflow_1gb/12773.txt  (75894 bytes, EXPLAIN stripped)
  [1573/11794] 12779.sql -> outputs/stackoverflow_1gb/12779.txt  (51493 bytes, EXPLAIN stripped)
  [1574/11794] 12780.sql -> outputs/stackoverflow_1gb/12780.txt  (71323 bytes, EXPLAIN stripped)
  [1575/11794] 12781.sql -> outputs/stackoverflow_1gb/12781.txt  (11090 bytes, EXPLAIN stripped)
  [1576/11794] 12783.sql -> outputs/stackoverflow_1gb/12783.txt  (15653 bytes, EXPLAIN stripped)
  [1577/11794] 12785.sql -> outputs/stackoverflow_1gb/12785.txt  (282 bytes, EXPLAIN stripped)
  [1578/11794] 12786.sql -> outputs/stackoverflow_1gb/12786.txt  (888 bytes, EXPLAIN stripped)
  [1579/11794] 12787.sql -> outputs/stackoverflow_1gb/12787.txt  (32051 bytes, EXPLAIN stripped)
  [1580/11794] 12790.sql -> outputs/stackoverflow_1gb/12790.txt  (11003 bytes, EXPLAIN stripped)
  [1581/11794] 12794.sql -> outputs/stackoverflow_1gb/12794.txt  (7060 bytes, EXPLAIN stripped)
  [1582/11794] 12797.sql -> outputs/stackoverflow_1gb/12797.txt  (13840 bytes, EXPLAIN stripped)
  [1583/11794] 1280.sql -> outputs/stackoverflow_1gb/1280.txt  (2573 bytes, EXPLAIN stripped)
  [1584/11794] 12800.sql -> outputs/stackoverflow_1gb/12800.txt  (23668 bytes, EXPLAIN stripped)
  [1585/11794] 12802.sql -> outputs/stackoverflow_1gb/12802.txt  (704 bytes, EXPLAIN stripped)
  [1586/11794] 12804.sql -> outputs/stackoverflow_1gb/12804.txt  (336 bytes, EXPLAIN stripped)
  [1587/11794] 12806.sql -> outputs/stackoverflow_1gb/12806.txt  (32046 bytes, EXPLAIN stripped)
  [1588/11794] 12807.sql -> outputs/stackoverflow_1gb/12807.txt  (8810 bytes, EXPLAIN stripped)
  [1589/11794] 12809.sql -> outputs/stackoverflow_1gb/12809.txt  (8547 bytes, EXPLAIN stripped)
  [1590/11794] 12810.sql -> outputs/stackoverflow_1gb/12810.txt  (148766 bytes, EXPLAIN stripped)
  [1591/11794] 12811.sql -> outputs/stackoverflow_1gb/12811.txt  (315 bytes, EXPLAIN stripped)
  [1592/11794] 12813.sql -> outputs/stackoverflow_1gb/12813.txt  (13966 bytes, EXPLAIN stripped)
  [1593/11794] 12814.sql -> outputs/stackoverflow_1gb/12814.txt  (12235 bytes, EXPLAIN stripped)
  [1594/11794] 12815.sql -> outputs/stackoverflow_1gb/12815.txt  (524 bytes, EXPLAIN stripped)
  [1595/11794] 12816.sql -> outputs/stackoverflow_1gb/12816.txt  (8534 bytes, EXPLAIN stripped)
  [1596/11794] 12817.sql -> outputs/stackoverflow_1gb/12817.txt  (30319 bytes, EXPLAIN stripped)
  [1597/11794] 12818.sql -> outputs/stackoverflow_1gb/12818.txt  (53032 bytes, EXPLAIN stripped)
  [1598/11794] 1282.sql -> outputs/stackoverflow_1gb/1282.txt  (18720 bytes, EXPLAIN stripped)
  [1599/11794] 12820.sql -> outputs/stackoverflow_1gb/12820.txt  (5059 bytes, EXPLAIN stripped)
  [1600/11794] 12825.sql -> outputs/stackoverflow_1gb/12825.txt  (318 bytes, EXPLAIN stripped)
  [1601/11794] 12826.sql -> outputs/stackoverflow_1gb/12826.txt  (52994 bytes, EXPLAIN stripped)
  [1602/11794] 12827.sql -> outputs/stackoverflow_1gb/12827.txt  (313 bytes, EXPLAIN stripped)
  [1603/11794] 12828.sql -> outputs/stackoverflow_1gb/12828.txt  (7654 bytes, EXPLAIN stripped)
  [1604/11794] 12831.sql -> outputs/stackoverflow_1gb/12831.txt  (50874 bytes, EXPLAIN stripped)
  [1605/11794] 12833.sql -> outputs/stackoverflow_1gb/12833.txt  (720 bytes, EXPLAIN stripped)
  [1606/11794] 12837.sql -> outputs/stackoverflow_1gb/12837.txt  (205 bytes, EXPLAIN stripped)
  [1607/11794] 1284.sql -> outputs/stackoverflow_1gb/1284.txt  (461 bytes, EXPLAIN stripped)
  [1608/11794] 12840.sql -> outputs/stackoverflow_1gb/12840.txt  (4104 bytes, EXPLAIN stripped)
  [1609/11794] 12841.sql -> outputs/stackoverflow_1gb/12841.txt  (38215 bytes, EXPLAIN stripped)
  [1610/11794] 12844.sql -> outputs/stackoverflow_1gb/12844.txt  (831 bytes, EXPLAIN stripped)
  [1611/11794] 12847.sql -> outputs/stackoverflow_1gb/12847.txt  (605 bytes, EXPLAIN stripped)
  [1612/11794] 1285.sql -> outputs/stackoverflow_1gb/1285.txt  (365 bytes, EXPLAIN stripped)
  [1613/11794] 12850.sql -> outputs/stackoverflow_1gb/12850.txt  (11863 bytes, EXPLAIN stripped)
  [1614/11794] 12853.sql -> outputs/stackoverflow_1gb/12853.txt  (7111 bytes, EXPLAIN stripped)
  [1615/11794] 12854.sql -> outputs/stackoverflow_1gb/12854.txt  (70742 bytes, EXPLAIN stripped)
  [1616/11794] 12855.sql -> outputs/stackoverflow_1gb/12855.txt  (7796 bytes, EXPLAIN stripped)
  [1617/11794] 12857.sql -> outputs/stackoverflow_1gb/12857.txt  (51524 bytes, EXPLAIN stripped)
  [1618/11794] 12858.sql -> outputs/stackoverflow_1gb/12858.txt  (132 bytes, EXPLAIN stripped)
  [1619/11794] 12862.sql -> outputs/stackoverflow_1gb/12862.txt  (272 bytes, EXPLAIN stripped)
  [1620/11794] 12863.sql -> outputs/stackoverflow_1gb/12863.txt  (212 bytes, EXPLAIN stripped)
  [1621/11794] 12864.sql -> outputs/stackoverflow_1gb/12864.txt  (76622 bytes, EXPLAIN stripped)
  [1622/11794] 12869.sql -> outputs/stackoverflow_1gb/12869.txt  (94025 bytes, EXPLAIN stripped)
  [1623/11794] 1287.sql -> outputs/stackoverflow_1gb/1287.txt  (41286 bytes, EXPLAIN stripped)
  [1624/11794] 12870.sql -> outputs/stackoverflow_1gb/12870.txt  (507 bytes, EXPLAIN stripped)
  [1625/11794] 12871.sql -> outputs/stackoverflow_1gb/12871.txt  (39361 bytes, EXPLAIN stripped)
  [1626/11794] 12872.sql -> outputs/stackoverflow_1gb/12872.txt  (314 bytes, EXPLAIN stripped)
  [1627/11794] 12875.sql -> outputs/stackoverflow_1gb/12875.txt  (3368 bytes, EXPLAIN stripped)
  [1628/11794] 12876.sql -> outputs/stackoverflow_1gb/12876.txt  (808 bytes, EXPLAIN stripped)
  [1629/11794] 12878.sql -> outputs/stackoverflow_1gb/12878.txt  (82323 bytes, EXPLAIN stripped)
  [1630/11794] 12879.sql -> outputs/stackoverflow_1gb/12879.txt  (451 bytes, EXPLAIN stripped)
  [1631/11794] 1288.sql -> outputs/stackoverflow_1gb/1288.txt  (80 bytes, EXPLAIN stripped)
  [1632/11794] 12880.sql -> outputs/stackoverflow_1gb/12880.txt  (33470 bytes, EXPLAIN stripped)
  [1633/11794] 12881.sql -> outputs/stackoverflow_1gb/12881.txt  (10858 bytes, EXPLAIN stripped)
  [1634/11794] 12883.sql -> outputs/stackoverflow_1gb/12883.txt  (44769 bytes, EXPLAIN stripped)
  [1635/11794] 12884.sql -> outputs/stackoverflow_1gb/12884.txt  (464 bytes, EXPLAIN stripped)
  [1636/11794] 12885.sql -> outputs/stackoverflow_1gb/12885.txt  (71474 bytes, EXPLAIN stripped)
  [1637/11794] 12891.sql -> outputs/stackoverflow_1gb/12891.txt  (63260 bytes, EXPLAIN stripped)
  [1638/11794] 12894.sql -> outputs/stackoverflow_1gb/12894.txt  (311 bytes, EXPLAIN stripped)
  [1639/11794] 12895.sql -> outputs/stackoverflow_1gb/12895.txt  (109 bytes, EXPLAIN stripped)
  [1640/11794] 12897.sql -> outputs/stackoverflow_1gb/12897.txt  (1126 bytes, EXPLAIN stripped)
  [1641/11794] 12898.sql -> outputs/stackoverflow_1gb/12898.txt  (537 bytes, EXPLAIN stripped)
  [1642/11794] 1290.sql -> outputs/stackoverflow_1gb/1290.txt  (828 bytes, EXPLAIN stripped)
  [1643/11794] 12902.sql -> outputs/stackoverflow_1gb/12902.txt  (85997 bytes, EXPLAIN stripped)
  [1644/11794] 12903.sql -> outputs/stackoverflow_1gb/12903.txt  (318 bytes, EXPLAIN stripped)
  [1645/11794] 12905.sql -> outputs/stackoverflow_1gb/12905.txt  (33163 bytes, EXPLAIN stripped)
  [1646/11794] 12906.sql -> outputs/stackoverflow_1gb/12906.txt  (52614 bytes, EXPLAIN stripped)
  [1647/11794] 12908.sql -> outputs/stackoverflow_1gb/12908.txt  (318 bytes, EXPLAIN stripped)
  [1648/11794] 1291.sql -> outputs/stackoverflow_1gb/1291.txt  (12192 bytes, EXPLAIN stripped)
  [1649/11794] 12912.sql -> outputs/stackoverflow_1gb/12912.txt  (167 bytes, EXPLAIN stripped)
  [1650/11794] 12914.sql -> outputs/stackoverflow_1gb/12914.txt  (322 bytes, EXPLAIN stripped)
  [1651/11794] 12915.sql -> outputs/stackoverflow_1gb/12915.txt  (196 bytes, EXPLAIN stripped)
  [1652/11794] 12919.sql -> outputs/stackoverflow_1gb/12919.txt  (134 bytes, EXPLAIN stripped)
  [1653/11794] 1292.sql -> outputs/stackoverflow_1gb/1292.txt  (101 bytes, EXPLAIN stripped)
  [1654/11794] 12920.sql -> outputs/stackoverflow_1gb/12920.txt  (7921 bytes, EXPLAIN stripped)
  [1655/11794] 12921.sql -> outputs/stackoverflow_1gb/12921.txt  (369 bytes, EXPLAIN stripped)
  [1656/11794] 12923.sql -> outputs/stackoverflow_1gb/12923.txt  (26250 bytes, EXPLAIN stripped)
  [1657/11794] 12926.sql -> outputs/stackoverflow_1gb/12926.txt  (582 bytes, EXPLAIN stripped)
  [1658/11794] 12927.sql -> outputs/stackoverflow_1gb/12927.txt  (179 bytes, EXPLAIN stripped)
  [1659/11794] 12928.sql -> outputs/stackoverflow_1gb/12928.txt  (9229 bytes, EXPLAIN stripped)
  [1660/11794] 12929.sql -> outputs/stackoverflow_1gb/12929.txt  (65143 bytes, EXPLAIN stripped)
  [1661/11794] 12930.sql -> outputs/stackoverflow_1gb/12930.txt  (49963 bytes, EXPLAIN stripped)
  [1662/11794] 12931.sql -> outputs/stackoverflow_1gb/12931.txt  (277 bytes, EXPLAIN stripped)
  [1663/11794] 12932.sql -> outputs/stackoverflow_1gb/12932.txt  (378 bytes, EXPLAIN stripped)
  [1664/11794] 12934.sql -> outputs/stackoverflow_1gb/12934.txt  (351 bytes, EXPLAIN stripped)
  [1665/11794] 12936.sql -> outputs/stackoverflow_1gb/12936.txt  (11790 bytes, EXPLAIN stripped)
  [1666/11794] 12937.sql -> outputs/stackoverflow_1gb/12937.txt  (130 bytes, EXPLAIN stripped)
  [1667/11794] 12940.sql -> outputs/stackoverflow_1gb/12940.txt  (48124 bytes, EXPLAIN stripped)
  [1668/11794] 12941.sql -> outputs/stackoverflow_1gb/12941.txt  (395 bytes, EXPLAIN stripped)
  [1669/11794] 12942.sql -> outputs/stackoverflow_1gb/12942.txt  (64463 bytes, EXPLAIN stripped)
  [1670/11794] 12944.sql -> outputs/stackoverflow_1gb/12944.txt  (407 bytes, EXPLAIN stripped)
  [1671/11794] 12946.sql -> outputs/stackoverflow_1gb/12946.txt  (421 bytes, EXPLAIN stripped)
  [1672/11794] 12949.sql -> outputs/stackoverflow_1gb/12949.txt  (513 bytes, EXPLAIN stripped)
  [1673/11794] 12953.sql -> outputs/stackoverflow_1gb/12953.txt  (98565 bytes, EXPLAIN stripped)
  [1674/11794] 12954.sql -> outputs/stackoverflow_1gb/12954.txt  (8444 bytes, EXPLAIN stripped)
  [1675/11794] 12956.sql -> outputs/stackoverflow_1gb/12956.txt  (45024 bytes, EXPLAIN stripped)
  [1676/11794] 12957.sql -> outputs/stackoverflow_1gb/12957.txt  (347 bytes, EXPLAIN stripped)
  [1677/11794] 12961.sql -> outputs/stackoverflow_1gb/12961.txt  (310 bytes, EXPLAIN stripped)
  [1678/11794] 12962.sql -> outputs/stackoverflow_1gb/12962.txt  (86900 bytes, EXPLAIN stripped)
  [1679/11794] 12963.sql -> outputs/stackoverflow_1gb/12963.txt  (96429 bytes, EXPLAIN stripped)
  [1680/11794] 12965.sql -> outputs/stackoverflow_1gb/12965.txt  (85085 bytes, EXPLAIN stripped)
  [1681/11794] 12968.sql -> outputs/stackoverflow_1gb/12968.txt  (477 bytes, EXPLAIN stripped)
  [1682/11794] 12969.sql -> outputs/stackoverflow_1gb/12969.txt  (313 bytes, EXPLAIN stripped)
  [1683/11794] 12972.sql -> outputs/stackoverflow_1gb/12972.txt  (13884 bytes, EXPLAIN stripped)
  [1684/11794] 12974.sql -> outputs/stackoverflow_1gb/12974.txt  (340 bytes, EXPLAIN stripped)
  [1685/11794] 12975.sql -> outputs/stackoverflow_1gb/12975.txt  (878 bytes, EXPLAIN stripped)
  [1686/11794] 12976.sql -> outputs/stackoverflow_1gb/12976.txt  (11329 bytes, EXPLAIN stripped)
  [1687/11794] 12979.sql -> outputs/stackoverflow_1gb/12979.txt  (295 bytes, EXPLAIN stripped)
  [1688/11794] 12980.sql -> outputs/stackoverflow_1gb/12980.txt  (25595 bytes, EXPLAIN stripped)
  [1689/11794] 12981.sql -> outputs/stackoverflow_1gb/12981.txt  (212 bytes, EXPLAIN stripped)
  [1690/11794] 12983.sql -> outputs/stackoverflow_1gb/12983.txt  (40924 bytes, EXPLAIN stripped)
  [1691/11794] 12984.sql -> outputs/stackoverflow_1gb/12984.txt  (258 bytes, EXPLAIN stripped)
  [1692/11794] 12985.sql -> outputs/stackoverflow_1gb/12985.txt  (21650 bytes, EXPLAIN stripped)
  [1693/11794] 12987.sql -> outputs/stackoverflow_1gb/12987.txt  (44322 bytes, EXPLAIN stripped)
  [1694/11794] 1299.sql -> outputs/stackoverflow_1gb/1299.txt  (109 bytes, EXPLAIN stripped)
  [1695/11794] 12990.sql -> outputs/stackoverflow_1gb/12990.txt  (1617 bytes, EXPLAIN stripped)
  [1696/11794] 12993.sql -> outputs/stackoverflow_1gb/12993.txt  (168 bytes, EXPLAIN stripped)
  [1697/11794] 12994.sql -> outputs/stackoverflow_1gb/12994.txt  (56 bytes, EXPLAIN stripped)
  [1698/11794] 12995.sql -> outputs/stackoverflow_1gb/12995.txt  (409 bytes, EXPLAIN stripped)
  [1699/11794] 12996.sql -> outputs/stackoverflow_1gb/12996.txt  (343 bytes, EXPLAIN stripped)
  [1700/11794] 12998.sql -> outputs/stackoverflow_1gb/12998.txt  (208 bytes, EXPLAIN stripped)
  [1701/11794] 12999.sql -> outputs/stackoverflow_1gb/12999.txt  (564 bytes, EXPLAIN stripped)
  [1702/11794] 1300.sql -> outputs/stackoverflow_1gb/1300.txt  (122 bytes, EXPLAIN stripped)
  [1703/11794] 13002.sql -> outputs/stackoverflow_1gb/13002.txt  (332 bytes, EXPLAIN stripped)
  [1704/11794] 13004.sql -> outputs/stackoverflow_1gb/13004.txt  (9683 bytes, EXPLAIN stripped)
  [1705/11794] 13005.sql -> outputs/stackoverflow_1gb/13005.txt  (224 bytes, EXPLAIN stripped)
  [1706/11794] 13007.sql -> outputs/stackoverflow_1gb/13007.txt  (234 bytes, EXPLAIN stripped)
  [1707/11794] 13010.sql -> outputs/stackoverflow_1gb/13010.txt  (130 bytes, EXPLAIN stripped)
  [1708/11794] 13012.sql -> outputs/stackoverflow_1gb/13012.txt  (610 bytes, EXPLAIN stripped)
  [1709/11794] 13017.sql -> outputs/stackoverflow_1gb/13017.txt  (628 bytes, EXPLAIN stripped)
  [1710/11794] 13018.sql -> outputs/stackoverflow_1gb/13018.txt  (10755 bytes, EXPLAIN stripped)
  [1711/11794] 13019.sql -> outputs/stackoverflow_1gb/13019.txt  (3225 bytes, EXPLAIN stripped)
  [1712/11794] 13020.sql -> outputs/stackoverflow_1gb/13020.txt  (63385 bytes, EXPLAIN stripped)
  [1713/11794] 13022.sql -> outputs/stackoverflow_1gb/13022.txt  (95122 bytes, EXPLAIN stripped)
  [1714/11794] 13023.sql -> outputs/stackoverflow_1gb/13023.txt  (48604 bytes, EXPLAIN stripped)
  [1715/11794] 13024.sql -> outputs/stackoverflow_1gb/13024.txt  (81579 bytes, EXPLAIN stripped)
  [1716/11794] 13026.sql -> outputs/stackoverflow_1gb/13026.txt  (307 bytes, EXPLAIN stripped)
  [1717/11794] 13029.sql -> outputs/stackoverflow_1gb/13029.txt  (446 bytes, EXPLAIN stripped)
  [1718/11794] 1303.sql -> outputs/stackoverflow_1gb/1303.txt  (2592 bytes, EXPLAIN stripped)
  [1719/11794] 13032.sql -> outputs/stackoverflow_1gb/13032.txt  (990 bytes, EXPLAIN stripped)
  [1720/11794] 13035.sql -> outputs/stackoverflow_1gb/13035.txt  (116642 bytes, EXPLAIN stripped)
  [1721/11794] 13037.sql -> outputs/stackoverflow_1gb/13037.txt  (559 bytes, EXPLAIN stripped)
  [1722/11794] 13038.sql -> outputs/stackoverflow_1gb/13038.txt  (83264 bytes, EXPLAIN stripped)
  [1723/11794] 13041.sql -> outputs/stackoverflow_1gb/13041.txt  (71446 bytes, EXPLAIN stripped)
  [1724/11794] 13042.sql -> outputs/stackoverflow_1gb/13042.txt  (14004 bytes, EXPLAIN stripped)
  [1725/11794] 13043.sql -> outputs/stackoverflow_1gb/13043.txt  (47745 bytes, EXPLAIN stripped)
  [1726/11794] 13044.sql -> outputs/stackoverflow_1gb/13044.txt  (692 bytes, EXPLAIN stripped)
  [1727/11794] 13050.sql -> outputs/stackoverflow_1gb/13050.txt  (645 bytes, EXPLAIN stripped)
  [1728/11794] 13053.sql -> outputs/stackoverflow_1gb/13053.txt  (8641 bytes, EXPLAIN stripped)
  [1729/11794] 13056.sql -> outputs/stackoverflow_1gb/13056.txt  (471 bytes, EXPLAIN stripped)
  [1730/11794] 13057.sql -> outputs/stackoverflow_1gb/13057.txt  (72586 bytes, EXPLAIN stripped)
  [1731/11794] 13058.sql -> outputs/stackoverflow_1gb/13058.txt  (385 bytes, EXPLAIN stripped)
  [1732/11794] 13060.sql -> outputs/stackoverflow_1gb/13060.txt  (695 bytes, EXPLAIN stripped)
  [1733/11794] 13061.sql -> outputs/stackoverflow_1gb/13061.txt  (927 bytes, EXPLAIN stripped)
  [1734/11794] 13064.sql -> outputs/stackoverflow_1gb/13064.txt  (870 bytes, EXPLAIN stripped)
  [1735/11794] 13065.sql -> outputs/stackoverflow_1gb/13065.txt  (318 bytes, EXPLAIN stripped)
  [1736/11794] 13067.sql -> outputs/stackoverflow_1gb/13067.txt  (580 bytes, EXPLAIN stripped)
  [1737/11794] 13068.sql -> outputs/stackoverflow_1gb/13068.txt  (461 bytes, EXPLAIN stripped)
  [1738/11794] 1307.sql -> outputs/stackoverflow_1gb/1307.txt  (605 bytes, EXPLAIN stripped)
  [1739/11794] 13074.sql -> outputs/stackoverflow_1gb/13074.txt  (34794 bytes, EXPLAIN stripped)
  [1740/11794] 13075.sql -> outputs/stackoverflow_1gb/13075.txt  (61929 bytes, EXPLAIN stripped)
  [1741/11794] 13076.sql -> outputs/stackoverflow_1gb/13076.txt  (499 bytes, EXPLAIN stripped)
  [1742/11794] 13079.sql -> outputs/stackoverflow_1gb/13079.txt  (76040 bytes, EXPLAIN stripped)
  [1743/11794] 13082.sql -> outputs/stackoverflow_1gb/13082.txt  (9629 bytes, EXPLAIN stripped)
  [1744/11794] 13083.sql -> outputs/stackoverflow_1gb/13083.txt  (64870 bytes, EXPLAIN stripped)
  [1745/11794] 13084.sql -> outputs/stackoverflow_1gb/13084.txt  (25687 bytes, EXPLAIN stripped)
  [1746/11794] 13085.sql -> outputs/stackoverflow_1gb/13085.txt  (511 bytes, EXPLAIN stripped)
  [1747/11794] 13086.sql -> outputs/stackoverflow_1gb/13086.txt  (533 bytes, EXPLAIN stripped)
  [1748/11794] 1309.sql -> outputs/stackoverflow_1gb/1309.txt  (7586 bytes, EXPLAIN stripped)
  [1749/11794] 13091.sql -> outputs/stackoverflow_1gb/13091.txt  (228 bytes, EXPLAIN stripped)
  [1750/11794] 13092.sql -> outputs/stackoverflow_1gb/13092.txt  (497 bytes, EXPLAIN stripped)
  [1751/11794] 13094.sql -> outputs/stackoverflow_1gb/13094.txt  (9329 bytes, EXPLAIN stripped)
  [1752/11794] 13095.sql -> outputs/stackoverflow_1gb/13095.txt  (11787 bytes, EXPLAIN stripped)
  [1753/11794] 13096.sql -> outputs/stackoverflow_1gb/13096.txt  (620 bytes, EXPLAIN stripped)
  [1754/11794] 13101.sql -> outputs/stackoverflow_1gb/13101.txt  (206 bytes, EXPLAIN stripped)
  [1755/11794] 13103.sql -> outputs/stackoverflow_1gb/13103.txt  (309 bytes, EXPLAIN stripped)
  [1756/11794] 13105.sql -> outputs/stackoverflow_1gb/13105.txt  (213 bytes, EXPLAIN stripped)
  [1757/11794] 13106.sql -> outputs/stackoverflow_1gb/13106.txt  (11893 bytes, EXPLAIN stripped)
  [1758/11794] 13107.sql -> outputs/stackoverflow_1gb/13107.txt  (68210 bytes, EXPLAIN stripped)
  [1759/11794] 13108.sql -> outputs/stackoverflow_1gb/13108.txt  (257 bytes, EXPLAIN stripped)
  [1760/11794] 13110.sql -> outputs/stackoverflow_1gb/13110.txt  (63260 bytes, EXPLAIN stripped)
  [1761/11794] 13111.sql -> outputs/stackoverflow_1gb/13111.txt  (794 bytes, EXPLAIN stripped)
  [1762/11794] 13114.sql -> outputs/stackoverflow_1gb/13114.txt  (268 bytes, EXPLAIN stripped)
  [1763/11794] 13115.sql -> outputs/stackoverflow_1gb/13115.txt  (50789 bytes, EXPLAIN stripped)
  [1764/11794] 13119.sql -> outputs/stackoverflow_1gb/13119.txt  (109708 bytes, EXPLAIN stripped)
  [1765/11794] 13123.sql -> outputs/stackoverflow_1gb/13123.txt  (26 bytes, EXPLAIN stripped)
  [1766/11794] 13124.sql -> outputs/stackoverflow_1gb/13124.txt  (16795 bytes, EXPLAIN stripped)
  [1767/11794] 13125.sql -> outputs/stackoverflow_1gb/13125.txt  (87029 bytes, EXPLAIN stripped)
  [1768/11794] 13126.sql -> outputs/stackoverflow_1gb/13126.txt  (515 bytes, EXPLAIN stripped)
  [1769/11794] 13129.sql -> outputs/stackoverflow_1gb/13129.txt  (311 bytes, EXPLAIN stripped)
  [1770/11794] 13130.sql -> outputs/stackoverflow_1gb/13130.txt  (56268 bytes, EXPLAIN stripped)
  [1771/11794] 13131.sql -> outputs/stackoverflow_1gb/13131.txt  (53237 bytes, EXPLAIN stripped)
  [1772/11794] 13133.sql -> outputs/stackoverflow_1gb/13133.txt  (336 bytes, EXPLAIN stripped)
  [1773/11794] 13136.sql -> outputs/stackoverflow_1gb/13136.txt  (12630 bytes, EXPLAIN stripped)
  [1774/11794] 13138.sql -> outputs/stackoverflow_1gb/13138.txt  (92030 bytes, EXPLAIN stripped)
  [1775/11794] 13141.sql -> outputs/stackoverflow_1gb/13141.txt  (11997 bytes, EXPLAIN stripped)
  [1776/11794] 13143.sql -> outputs/stackoverflow_1gb/13143.txt  (466 bytes, EXPLAIN stripped)
  [1777/11794] 13144.sql -> outputs/stackoverflow_1gb/13144.txt  (10797 bytes, EXPLAIN stripped)
  [1778/11794] 13147.sql -> outputs/stackoverflow_1gb/13147.txt  (8234 bytes, EXPLAIN stripped)
  [1779/11794] 13148.sql -> outputs/stackoverflow_1gb/13148.txt  (87162 bytes, EXPLAIN stripped)
  [1780/11794] 13150.sql -> outputs/stackoverflow_1gb/13150.txt  (7245 bytes, EXPLAIN stripped)
  [1781/11794] 13151.sql -> outputs/stackoverflow_1gb/13151.txt  (6521 bytes, EXPLAIN stripped)
  [1782/11794] 13153.sql -> outputs/stackoverflow_1gb/13153.txt  (475 bytes, EXPLAIN stripped)
  [1783/11794] 13155.sql -> outputs/stackoverflow_1gb/13155.txt  (6064 bytes, EXPLAIN stripped)
  [1784/11794] 13159.sql -> outputs/stackoverflow_1gb/13159.txt  (28705 bytes, EXPLAIN stripped)
  [1785/11794] 13160.sql -> outputs/stackoverflow_1gb/13160.txt  (52221 bytes, EXPLAIN stripped)
  [1786/11794] 13161.sql -> outputs/stackoverflow_1gb/13161.txt  (34556 bytes, EXPLAIN stripped)
  [1787/11794] 13163.sql -> outputs/stackoverflow_1gb/13163.txt  (525 bytes, EXPLAIN stripped)
  [1788/11794] 13165.sql -> outputs/stackoverflow_1gb/13165.txt  (71243 bytes, EXPLAIN stripped)
  [1789/11794] 13167.sql -> outputs/stackoverflow_1gb/13167.txt  (9122 bytes, EXPLAIN stripped)
  [1790/11794] 13168.sql -> outputs/stackoverflow_1gb/13168.txt  (32605 bytes, EXPLAIN stripped)
  [1791/11794] 1317.sql -> outputs/stackoverflow_1gb/1317.txt  (884 bytes, EXPLAIN stripped)
  [1792/11794] 13170.sql -> outputs/stackoverflow_1gb/13170.txt  (487 bytes, EXPLAIN stripped)
  [1793/11794] 13171.sql -> outputs/stackoverflow_1gb/13171.txt  (30740 bytes, EXPLAIN stripped)
  [1794/11794] 13174.sql -> outputs/stackoverflow_1gb/13174.txt  (69670 bytes, EXPLAIN stripped)
  [1795/11794] 13176.sql -> outputs/stackoverflow_1gb/13176.txt  (43863 bytes, EXPLAIN stripped)
  [1796/11794] 13177.sql -> outputs/stackoverflow_1gb/13177.txt  (38621 bytes, EXPLAIN stripped)
  [1797/11794] 13179.sql -> outputs/stackoverflow_1gb/13179.txt  (34729 bytes, EXPLAIN stripped)
  [1798/11794] 13180.sql -> outputs/stackoverflow_1gb/13180.txt  (84529 bytes, EXPLAIN stripped)
  [1799/11794] 13181.sql -> outputs/stackoverflow_1gb/13181.txt  (64299 bytes, EXPLAIN stripped)
  [1800/11794] 13182.sql -> outputs/stackoverflow_1gb/13182.txt  (15014 bytes, EXPLAIN stripped)
  [1801/11794] 13185.sql -> outputs/stackoverflow_1gb/13185.txt  (58423 bytes, EXPLAIN stripped)
  [1802/11794] 13186.sql -> outputs/stackoverflow_1gb/13186.txt  (16791 bytes, EXPLAIN stripped)
  [1803/11794] 13187.sql -> outputs/stackoverflow_1gb/13187.txt  (131 bytes, EXPLAIN stripped)
  [1804/11794] 13188.sql -> outputs/stackoverflow_1gb/13188.txt  (5886 bytes, EXPLAIN stripped)
  [1805/11794] 13190.sql -> outputs/stackoverflow_1gb/13190.txt  (7896 bytes, EXPLAIN stripped)
  [1806/11794] 13191.sql -> outputs/stackoverflow_1gb/13191.txt  (32723 bytes, EXPLAIN stripped)
  [1807/11794] 13194.sql -> outputs/stackoverflow_1gb/13194.txt  (84649 bytes, EXPLAIN stripped)
  [1808/11794] 13195.sql -> outputs/stackoverflow_1gb/13195.txt  (38148 bytes, EXPLAIN stripped)
  [1809/11794] 13197.sql -> outputs/stackoverflow_1gb/13197.txt  (527 bytes, EXPLAIN stripped)
  [1810/11794] 13199.sql -> outputs/stackoverflow_1gb/13199.txt  (202 bytes, EXPLAIN stripped)
  [1811/11794] 13200.sql -> outputs/stackoverflow_1gb/13200.txt  (121 bytes, EXPLAIN stripped)
  [1812/11794] 13201.sql -> outputs/stackoverflow_1gb/13201.txt  (750 bytes, EXPLAIN stripped)
  [1813/11794] 13203.sql -> outputs/stackoverflow_1gb/13203.txt  (461 bytes, EXPLAIN stripped)
  [1814/11794] 13204.sql -> outputs/stackoverflow_1gb/13204.txt  (96008 bytes, EXPLAIN stripped)
  [1815/11794] 13208.sql -> outputs/stackoverflow_1gb/13208.txt  (300 bytes, EXPLAIN stripped)
  [1816/11794] 13211.sql -> outputs/stackoverflow_1gb/13211.txt  (47958 bytes, EXPLAIN stripped)
  [1817/11794] 13212.sql -> outputs/stackoverflow_1gb/13212.txt  (8941 bytes, EXPLAIN stripped)
  [1818/11794] 13213.sql -> outputs/stackoverflow_1gb/13213.txt  (50913 bytes, EXPLAIN stripped)
  [1819/11794] 13215.sql -> outputs/stackoverflow_1gb/13215.txt  (300 bytes, EXPLAIN stripped)
  [1820/11794] 13216.sql -> outputs/stackoverflow_1gb/13216.txt  (1959 bytes, EXPLAIN stripped)
  [1821/11794] 13217.sql -> outputs/stackoverflow_1gb/13217.txt  (86922 bytes, EXPLAIN stripped)
  [1822/11794] 13218.sql -> outputs/stackoverflow_1gb/13218.txt  (56533 bytes, EXPLAIN stripped)
  [1823/11794] 13219.sql -> outputs/stackoverflow_1gb/13219.txt  (10055 bytes, EXPLAIN stripped)
  [1824/11794] 13223.sql -> outputs/stackoverflow_1gb/13223.txt  (201 bytes, EXPLAIN stripped)
  [1825/11794] 13225.sql -> outputs/stackoverflow_1gb/13225.txt  (402 bytes, EXPLAIN stripped)
  [1826/11794] 13229.sql -> outputs/stackoverflow_1gb/13229.txt  (5102 bytes, EXPLAIN stripped)
  [1827/11794] 13231.sql -> outputs/stackoverflow_1gb/13231.txt  (69 bytes, EXPLAIN stripped)
  [1828/11794] 13232.sql -> outputs/stackoverflow_1gb/13232.txt  (8669 bytes, EXPLAIN stripped)
  [1829/11794] 13234.sql -> outputs/stackoverflow_1gb/13234.txt  (43602 bytes, EXPLAIN stripped)
  [1830/11794] 13237.sql -> outputs/stackoverflow_1gb/13237.txt  (422 bytes, EXPLAIN stripped)
  [1831/11794] 13238.sql -> outputs/stackoverflow_1gb/13238.txt  (570 bytes, EXPLAIN stripped)
  [1832/11794] 13239.sql -> outputs/stackoverflow_1gb/13239.txt  (355 bytes, EXPLAIN stripped)
  [1833/11794] 13240.sql -> outputs/stackoverflow_1gb/13240.txt  (84816 bytes, EXPLAIN stripped)
  [1834/11794] 13241.sql -> outputs/stackoverflow_1gb/13241.txt  (510 bytes, EXPLAIN stripped)
  [1835/11794] 13244.sql -> outputs/stackoverflow_1gb/13244.txt  (9880 bytes, EXPLAIN stripped)
  [1836/11794] 13245.sql -> outputs/stackoverflow_1gb/13245.txt  (35122 bytes, EXPLAIN stripped)
  [1837/11794] 13246.sql -> outputs/stackoverflow_1gb/13246.txt  (325 bytes, EXPLAIN stripped)
  [1838/11794] 13247.sql -> outputs/stackoverflow_1gb/13247.txt  (30730 bytes, EXPLAIN stripped)
  [1839/11794] 13249.sql -> outputs/stackoverflow_1gb/13249.txt  (11785 bytes, EXPLAIN stripped)
  [1840/11794] 1325.sql -> outputs/stackoverflow_1gb/1325.txt  (124 bytes, EXPLAIN stripped)
  [1841/11794] 13250.sql -> outputs/stackoverflow_1gb/13250.txt  (160 bytes, EXPLAIN stripped)
  [1842/11794] 13251.sql -> outputs/stackoverflow_1gb/13251.txt  (577 bytes, EXPLAIN stripped)
  [1843/11794] 13252.sql -> outputs/stackoverflow_1gb/13252.txt  (660 bytes, EXPLAIN stripped)
  [1844/11794] 13253.sql -> outputs/stackoverflow_1gb/13253.txt  (95957 bytes, EXPLAIN stripped)
  [1845/11794] 13255.sql -> outputs/stackoverflow_1gb/13255.txt  (9247 bytes, EXPLAIN stripped)
  [1846/11794] 13256.sql -> outputs/stackoverflow_1gb/13256.txt  (1150 bytes, EXPLAIN stripped)
  [1847/11794] 13257.sql -> outputs/stackoverflow_1gb/13257.txt  (6861 bytes, EXPLAIN stripped)
  [1848/11794] 13260.sql -> outputs/stackoverflow_1gb/13260.txt  (7470 bytes, EXPLAIN stripped)
  [1849/11794] 13263.sql -> outputs/stackoverflow_1gb/13263.txt  (75316 bytes, EXPLAIN stripped)
  [1850/11794] 13268.sql -> outputs/stackoverflow_1gb/13268.txt  (15067 bytes, EXPLAIN stripped)
  [1851/11794] 13271.sql -> outputs/stackoverflow_1gb/13271.txt  (69830 bytes, EXPLAIN stripped)
  [1852/11794] 13272.sql -> outputs/stackoverflow_1gb/13272.txt  (54504 bytes, EXPLAIN stripped)
  [1853/11794] 13276.sql -> outputs/stackoverflow_1gb/13276.txt  (89451 bytes, EXPLAIN stripped)
  [1854/11794] 13277.sql -> outputs/stackoverflow_1gb/13277.txt  (50059 bytes, EXPLAIN stripped)
  [1855/11794] 13278.sql -> outputs/stackoverflow_1gb/13278.txt  (59510 bytes, EXPLAIN stripped)
  [1856/11794] 13279.sql -> outputs/stackoverflow_1gb/13279.txt  (1141 bytes, EXPLAIN stripped)
  [1857/11794] 13282.sql -> outputs/stackoverflow_1gb/13282.txt  (12607 bytes, EXPLAIN stripped)
  [1858/11794] 13283.sql -> outputs/stackoverflow_1gb/13283.txt  (5237 bytes, EXPLAIN stripped)
  [1859/11794] 13285.sql -> outputs/stackoverflow_1gb/13285.txt  (9011 bytes, EXPLAIN stripped)
  [1860/11794] 13286.sql -> outputs/stackoverflow_1gb/13286.txt  (9130 bytes, EXPLAIN stripped)
  [1861/11794] 13287.sql -> outputs/stackoverflow_1gb/13287.txt  (311 bytes, EXPLAIN stripped)
  [1862/11794] 13288.sql -> outputs/stackoverflow_1gb/13288.txt  (317 bytes, EXPLAIN stripped)
  [1863/11794] 13289.sql -> outputs/stackoverflow_1gb/13289.txt  (93539 bytes, EXPLAIN stripped)
  [1864/11794] 13294.sql -> outputs/stackoverflow_1gb/13294.txt  (317 bytes, EXPLAIN stripped)
  [1865/11794] 13295.sql -> outputs/stackoverflow_1gb/13295.txt  (519 bytes, EXPLAIN stripped)
  [1866/11794] 13296.sql -> outputs/stackoverflow_1gb/13296.txt  (38710 bytes, EXPLAIN stripped)
  [1867/11794] 13301.sql -> outputs/stackoverflow_1gb/13301.txt  (9975 bytes, EXPLAIN stripped)
  [1868/11794] 13303.sql -> outputs/stackoverflow_1gb/13303.txt  (311 bytes, EXPLAIN stripped)
  [1869/11794] 13305.sql -> outputs/stackoverflow_1gb/13305.txt  (65347 bytes, EXPLAIN stripped)
  [1870/11794] 13307.sql -> outputs/stackoverflow_1gb/13307.txt  (167 bytes, EXPLAIN stripped)
  [1871/11794] 13308.sql -> outputs/stackoverflow_1gb/13308.txt  (34617 bytes, EXPLAIN stripped)
  [1872/11794] 13311.sql -> outputs/stackoverflow_1gb/13311.txt  (182718 bytes, EXPLAIN stripped)
  [1873/11794] 13312.sql -> outputs/stackoverflow_1gb/13312.txt  (45694 bytes, EXPLAIN stripped)
  [1874/11794] 13313.sql -> outputs/stackoverflow_1gb/13313.txt  (26 bytes, EXPLAIN stripped)
  [1875/11794] 13314.sql -> outputs/stackoverflow_1gb/13314.txt  (7338 bytes, EXPLAIN stripped)
  [1876/11794] 13315.sql -> outputs/stackoverflow_1gb/13315.txt  (648 bytes, EXPLAIN stripped)
  [1877/11794] 13318.sql -> outputs/stackoverflow_1gb/13318.txt  (462 bytes, EXPLAIN stripped)
  [1878/11794] 13321.sql -> outputs/stackoverflow_1gb/13321.txt  (319 bytes, EXPLAIN stripped)
  [1879/11794] 13322.sql -> outputs/stackoverflow_1gb/13322.txt  (57029 bytes, EXPLAIN stripped)
  [1880/11794] 13323.sql -> outputs/stackoverflow_1gb/13323.txt  (112984 bytes, EXPLAIN stripped)
  [1881/11794] 13325.sql -> outputs/stackoverflow_1gb/13325.txt  (384 bytes, EXPLAIN stripped)
  [1882/11794] 13327.sql -> outputs/stackoverflow_1gb/13327.txt  (83374 bytes, EXPLAIN stripped)
  [1883/11794] 13328.sql -> outputs/stackoverflow_1gb/13328.txt  (12610 bytes, EXPLAIN stripped)
  [1884/11794] 13330.sql -> outputs/stackoverflow_1gb/13330.txt  (114059 bytes, EXPLAIN stripped)
  [1885/11794] 13334.sql -> outputs/stackoverflow_1gb/13334.txt  (126 bytes, EXPLAIN stripped)
  [1886/11794] 13336.sql -> outputs/stackoverflow_1gb/13336.txt  (11278 bytes, EXPLAIN stripped)
  [1887/11794] 13337.sql -> outputs/stackoverflow_1gb/13337.txt  (753 bytes, EXPLAIN stripped)
  [1888/11794] 13338.sql -> outputs/stackoverflow_1gb/13338.txt  (425 bytes, EXPLAIN stripped)
  [1889/11794] 13341.sql -> outputs/stackoverflow_1gb/13341.txt  (489 bytes, EXPLAIN stripped)
  [1890/11794] 13342.sql -> outputs/stackoverflow_1gb/13342.txt  (85386 bytes, EXPLAIN stripped)
  [1891/11794] 13344.sql -> outputs/stackoverflow_1gb/13344.txt  (3805 bytes, EXPLAIN stripped)
  [1892/11794] 13346.sql -> outputs/stackoverflow_1gb/13346.txt  (44687 bytes, EXPLAIN stripped)
  [1893/11794] 13348.sql -> outputs/stackoverflow_1gb/13348.txt  (749 bytes, EXPLAIN stripped)
  [1894/11794] 13351.sql -> outputs/stackoverflow_1gb/13351.txt  (8607 bytes, EXPLAIN stripped)
  [1895/11794] 13352.sql -> outputs/stackoverflow_1gb/13352.txt  (418 bytes, EXPLAIN stripped)
  [1896/11794] 13355.sql -> outputs/stackoverflow_1gb/13355.txt  (735 bytes, EXPLAIN stripped)
  [1897/11794] 13356.sql -> outputs/stackoverflow_1gb/13356.txt  (11021 bytes, EXPLAIN stripped)
  [1898/11794] 13357.sql -> outputs/stackoverflow_1gb/13357.txt  (6840 bytes, EXPLAIN stripped)
  [1899/11794] 13358.sql -> outputs/stackoverflow_1gb/13358.txt  (65689 bytes, EXPLAIN stripped)
  [1900/11794] 13361.sql -> outputs/stackoverflow_1gb/13361.txt  (109430 bytes, EXPLAIN stripped)
  [1901/11794] 13362.sql -> outputs/stackoverflow_1gb/13362.txt  (8535 bytes, EXPLAIN stripped)
  [1902/11794] 13363.sql -> outputs/stackoverflow_1gb/13363.txt  (751 bytes, EXPLAIN stripped)
  [1903/11794] 13364.sql -> outputs/stackoverflow_1gb/13364.txt  (28708 bytes, EXPLAIN stripped)
  [1904/11794] 13365.sql -> outputs/stackoverflow_1gb/13365.txt  (9866 bytes, EXPLAIN stripped)
  [1905/11794] 13366.sql -> outputs/stackoverflow_1gb/13366.txt  (10547 bytes, EXPLAIN stripped)
  [1906/11794] 13367.sql -> outputs/stackoverflow_1gb/13367.txt  (61567 bytes, EXPLAIN stripped)
  [1907/11794] 13369.sql -> outputs/stackoverflow_1gb/13369.txt  (93049 bytes, EXPLAIN stripped)
  [1908/11794] 1337.sql -> outputs/stackoverflow_1gb/1337.txt  (4740 bytes, EXPLAIN stripped)
  [1909/11794] 13371.sql -> outputs/stackoverflow_1gb/13371.txt  (30050 bytes, EXPLAIN stripped)
  [1910/11794] 13374.sql -> outputs/stackoverflow_1gb/13374.txt  (309 bytes, EXPLAIN stripped)
  [1911/11794] 13381.sql -> outputs/stackoverflow_1gb/13381.txt  (97176 bytes, EXPLAIN stripped)
  [1912/11794] 13386.sql -> outputs/stackoverflow_1gb/13386.txt  (64387 bytes, EXPLAIN stripped)
  [1913/11794] 13388.sql -> outputs/stackoverflow_1gb/13388.txt  (130 bytes, EXPLAIN stripped)
  [1914/11794] 1339.sql -> outputs/stackoverflow_1gb/1339.txt  (656 bytes, EXPLAIN stripped)
  [1915/11794] 13392.sql -> outputs/stackoverflow_1gb/13392.txt  (737 bytes, EXPLAIN stripped)
  [1916/11794] 13395.sql -> outputs/stackoverflow_1gb/13395.txt  (544 bytes, EXPLAIN stripped)
  [1917/11794] 13397.sql -> outputs/stackoverflow_1gb/13397.txt  (64590 bytes, EXPLAIN stripped)
  [1918/11794] 134.sql -> outputs/stackoverflow_1gb/134.txt  (5883 bytes, EXPLAIN stripped)
  [1919/11794] 13400.sql -> outputs/stackoverflow_1gb/13400.txt  (314 bytes, EXPLAIN stripped)
  [1920/11794] 13402.sql -> outputs/stackoverflow_1gb/13402.txt  (7401 bytes, EXPLAIN stripped)
  [1921/11794] 13403.sql -> outputs/stackoverflow_1gb/13403.txt  (788 bytes, EXPLAIN stripped)
  [1922/11794] 13405.sql -> outputs/stackoverflow_1gb/13405.txt  (87295 bytes, EXPLAIN stripped)
  [1923/11794] 13406.sql -> outputs/stackoverflow_1gb/13406.txt  (8522 bytes, EXPLAIN stripped)
  [1924/11794] 13408.sql -> outputs/stackoverflow_1gb/13408.txt  (8995 bytes, EXPLAIN stripped)
  [1925/11794] 13410.sql -> outputs/stackoverflow_1gb/13410.txt  (531 bytes, EXPLAIN stripped)
  [1926/11794] 13411.sql -> outputs/stackoverflow_1gb/13411.txt  (7827 bytes, EXPLAIN stripped)
  [1927/11794] 13412.sql -> outputs/stackoverflow_1gb/13412.txt  (351 bytes, EXPLAIN stripped)
  [1928/11794] 13414.sql -> outputs/stackoverflow_1gb/13414.txt  (238 bytes, EXPLAIN stripped)
  [1929/11794] 13415.sql -> outputs/stackoverflow_1gb/13415.txt  (161 bytes, EXPLAIN stripped)
  [1930/11794] 13416.sql -> outputs/stackoverflow_1gb/13416.txt  (464 bytes, EXPLAIN stripped)
  [1931/11794] 13418.sql -> outputs/stackoverflow_1gb/13418.txt  (26404 bytes, EXPLAIN stripped)
  [1932/11794] 13419.sql -> outputs/stackoverflow_1gb/13419.txt  (8654 bytes, EXPLAIN stripped)
  [1933/11794] 13421.sql -> outputs/stackoverflow_1gb/13421.txt  (17303 bytes, EXPLAIN stripped)
  [1934/11794] 13422.sql -> outputs/stackoverflow_1gb/13422.txt  (318 bytes, EXPLAIN stripped)
  [1935/11794] 13423.sql -> outputs/stackoverflow_1gb/13423.txt  (3496 bytes, EXPLAIN stripped)
  [1936/11794] 13424.sql -> outputs/stackoverflow_1gb/13424.txt  (932 bytes, EXPLAIN stripped)
  [1937/11794] 13426.sql -> outputs/stackoverflow_1gb/13426.txt  (92853 bytes, EXPLAIN stripped)
  [1938/11794] 13428.sql -> outputs/stackoverflow_1gb/13428.txt  (89568 bytes, EXPLAIN stripped)
  [1939/11794] 13429.sql -> outputs/stackoverflow_1gb/13429.txt  (27697 bytes, EXPLAIN stripped)
  [1940/11794] 13430.sql -> outputs/stackoverflow_1gb/13430.txt  (49647 bytes, EXPLAIN stripped)
  [1941/11794] 13433.sql -> outputs/stackoverflow_1gb/13433.txt  (12252 bytes, EXPLAIN stripped)
  [1942/11794] 13434.sql -> outputs/stackoverflow_1gb/13434.txt  (126 bytes, EXPLAIN stripped)
  [1943/11794] 13436.sql -> outputs/stackoverflow_1gb/13436.txt  (1028 bytes, EXPLAIN stripped)
  [1944/11794] 13437.sql -> outputs/stackoverflow_1gb/13437.txt  (16042 bytes, EXPLAIN stripped)
  [1945/11794] 13438.sql -> outputs/stackoverflow_1gb/13438.txt  (335 bytes, EXPLAIN stripped)
  [1946/11794] 13439.sql -> outputs/stackoverflow_1gb/13439.txt  (607 bytes, EXPLAIN stripped)
  [1947/11794] 13440.sql -> outputs/stackoverflow_1gb/13440.txt  (307 bytes, EXPLAIN stripped)
  [1948/11794] 13441.sql -> outputs/stackoverflow_1gb/13441.txt  (15718 bytes, EXPLAIN stripped)
  [1949/11794] 13443.sql -> outputs/stackoverflow_1gb/13443.txt  (205 bytes, EXPLAIN stripped)
  [1950/11794] 13444.sql -> outputs/stackoverflow_1gb/13444.txt  (42791 bytes, EXPLAIN stripped)
  [1951/11794] 13445.sql -> outputs/stackoverflow_1gb/13445.txt  (26653 bytes, EXPLAIN stripped)
  [1952/11794] 13446.sql -> outputs/stackoverflow_1gb/13446.txt  (555 bytes, EXPLAIN stripped)
  [1953/11794] 13447.sql -> outputs/stackoverflow_1gb/13447.txt  (480 bytes, EXPLAIN stripped)
  [1954/11794] 13448.sql -> outputs/stackoverflow_1gb/13448.txt  (48816 bytes, EXPLAIN stripped)
  [1955/11794] 13449.sql -> outputs/stackoverflow_1gb/13449.txt  (47636 bytes, EXPLAIN stripped)
  [1956/11794] 1345.sql -> outputs/stackoverflow_1gb/1345.txt  (718 bytes, EXPLAIN stripped)
  [1957/11794] 13450.sql -> outputs/stackoverflow_1gb/13450.txt  (91469 bytes, EXPLAIN stripped)
  [1958/11794] 13452.sql -> outputs/stackoverflow_1gb/13452.txt  (8480 bytes, EXPLAIN stripped)
  [1959/11794] 13453.sql -> outputs/stackoverflow_1gb/13453.txt  (79 bytes, EXPLAIN stripped)
  [1960/11794] 13455.sql -> outputs/stackoverflow_1gb/13455.txt  (318 bytes, EXPLAIN stripped)
  [1961/11794] 13456.sql -> outputs/stackoverflow_1gb/13456.txt  (209 bytes, EXPLAIN stripped)
  [1962/11794] 13457.sql -> outputs/stackoverflow_1gb/13457.txt  (53872 bytes, EXPLAIN stripped)
  [1963/11794] 13461.sql -> outputs/stackoverflow_1gb/13461.txt  (8530 bytes, EXPLAIN stripped)
  [1964/11794] 13462.sql -> outputs/stackoverflow_1gb/13462.txt  (392 bytes, EXPLAIN stripped)
  [1965/11794] 13463.sql -> outputs/stackoverflow_1gb/13463.txt  (6149 bytes, EXPLAIN stripped)
  [1966/11794] 13465.sql -> outputs/stackoverflow_1gb/13465.txt  (141 bytes, EXPLAIN stripped)
  [1967/11794] 13466.sql -> outputs/stackoverflow_1gb/13466.txt  (374 bytes, EXPLAIN stripped)
  [1968/11794] 13467.sql -> outputs/stackoverflow_1gb/13467.txt  (910 bytes, EXPLAIN stripped)
  [1969/11794] 13468.sql -> outputs/stackoverflow_1gb/13468.txt  (371 bytes, EXPLAIN stripped)
  [1970/11794] 13469.sql -> outputs/stackoverflow_1gb/13469.txt  (64937 bytes, EXPLAIN stripped)
  [1971/11794] 13471.sql -> outputs/stackoverflow_1gb/13471.txt  (110 bytes, EXPLAIN stripped)
  [1972/11794] 13473.sql -> outputs/stackoverflow_1gb/13473.txt  (8660 bytes, EXPLAIN stripped)
  [1973/11794] 13474.sql -> outputs/stackoverflow_1gb/13474.txt  (54725 bytes, EXPLAIN stripped)
  [1974/11794] 13475.sql -> outputs/stackoverflow_1gb/13475.txt  (499 bytes, EXPLAIN stripped)
  [1975/11794] 13476.sql -> outputs/stackoverflow_1gb/13476.txt  (6952 bytes, EXPLAIN stripped)
  [1976/11794] 13477.sql -> outputs/stackoverflow_1gb/13477.txt  (86588 bytes, EXPLAIN stripped)
  [1977/11794] 13478.sql -> outputs/stackoverflow_1gb/13478.txt  (6422 bytes, EXPLAIN stripped)
  [1978/11794] 13479.sql -> outputs/stackoverflow_1gb/13479.txt  (37201 bytes, EXPLAIN stripped)
  [1979/11794] 13480.sql -> outputs/stackoverflow_1gb/13480.txt  (9340 bytes, EXPLAIN stripped)
  [1980/11794] 13481.sql -> outputs/stackoverflow_1gb/13481.txt  (197 bytes, EXPLAIN stripped)
  [1981/11794] 13482.sql -> outputs/stackoverflow_1gb/13482.txt  (1175 bytes, EXPLAIN stripped)
  [1982/11794] 13485.sql -> outputs/stackoverflow_1gb/13485.txt  (260 bytes, EXPLAIN stripped)
  [1983/11794] 13486.sql -> outputs/stackoverflow_1gb/13486.txt  (309 bytes, EXPLAIN stripped)
  [1984/11794] 13489.sql -> outputs/stackoverflow_1gb/13489.txt  (8436 bytes, EXPLAIN stripped)
  [1985/11794] 13492.sql -> outputs/stackoverflow_1gb/13492.txt  (24623 bytes, EXPLAIN stripped)
  [1986/11794] 13494.sql -> outputs/stackoverflow_1gb/13494.txt  (49208 bytes, EXPLAIN stripped)
  [1987/11794] 13495.sql -> outputs/stackoverflow_1gb/13495.txt  (316 bytes, EXPLAIN stripped)
  [1988/11794] 13497.sql -> outputs/stackoverflow_1gb/13497.txt  (310 bytes, EXPLAIN stripped)
  [1989/11794] 135.sql -> outputs/stackoverflow_1gb/135.txt  (2160 bytes, EXPLAIN stripped)
  [1990/11794] 1350.sql -> outputs/stackoverflow_1gb/1350.txt  (6025 bytes, EXPLAIN stripped)
  [1991/11794] 13500.sql -> outputs/stackoverflow_1gb/13500.txt  (9571 bytes, EXPLAIN stripped)
  [1992/11794] 13502.sql -> outputs/stackoverflow_1gb/13502.txt  (262 bytes, EXPLAIN stripped)
  [1993/11794] 13503.sql -> outputs/stackoverflow_1gb/13503.txt  (1708 bytes, EXPLAIN stripped)
  [1994/11794] 13504.sql -> outputs/stackoverflow_1gb/13504.txt  (283 bytes, EXPLAIN stripped)
  [1995/11794] 13506.sql -> outputs/stackoverflow_1gb/13506.txt  (11514 bytes, EXPLAIN stripped)
  [1996/11794] 13507.sql -> outputs/stackoverflow_1gb/13507.txt  (9103 bytes, EXPLAIN stripped)
  [1997/11794] 13508.sql -> outputs/stackoverflow_1gb/13508.txt  (44782 bytes, EXPLAIN stripped)
  [1998/11794] 13510.sql -> outputs/stackoverflow_1gb/13510.txt  (846 bytes, EXPLAIN stripped)
  [1999/11794] 13512.sql -> outputs/stackoverflow_1gb/13512.txt  (98654 bytes, EXPLAIN stripped)
  [2000/11794] 13513.sql -> outputs/stackoverflow_1gb/13513.txt  (651 bytes, EXPLAIN stripped)
  [2001/11794] 13517.sql -> outputs/stackoverflow_1gb/13517.txt  (142307 bytes, EXPLAIN stripped)
  [2002/11794] 13524.sql -> outputs/stackoverflow_1gb/13524.txt  (11551 bytes, EXPLAIN stripped)
  [2003/11794] 13525.sql -> outputs/stackoverflow_1gb/13525.txt  (318 bytes, EXPLAIN stripped)
  [2004/11794] 13527.sql -> outputs/stackoverflow_1gb/13527.txt  (28710 bytes, EXPLAIN stripped)
  [2005/11794] 13529.sql -> outputs/stackoverflow_1gb/13529.txt  (14385 bytes, EXPLAIN stripped)
  [2006/11794] 13530.sql -> outputs/stackoverflow_1gb/13530.txt  (274 bytes, EXPLAIN stripped)
  [2007/11794] 13531.sql -> outputs/stackoverflow_1gb/13531.txt  (93937 bytes, EXPLAIN stripped)
  [2008/11794] 13533.sql -> outputs/stackoverflow_1gb/13533.txt  (88067 bytes, EXPLAIN stripped)
  [2009/11794] 13535.sql -> outputs/stackoverflow_1gb/13535.txt  (46695 bytes, EXPLAIN stripped)
  [2010/11794] 13536.sql -> outputs/stackoverflow_1gb/13536.txt  (1115 bytes, EXPLAIN stripped)
  [2011/11794] 13538.sql -> outputs/stackoverflow_1gb/13538.txt  (73500 bytes, EXPLAIN stripped)
  [2012/11794] 1354.sql -> outputs/stackoverflow_1gb/1354.txt  (1365 bytes, EXPLAIN stripped)
  [2013/11794] 13540.sql -> outputs/stackoverflow_1gb/13540.txt  (5632 bytes, EXPLAIN stripped)
  [2014/11794] 13541.sql -> outputs/stackoverflow_1gb/13541.txt  (44947 bytes, EXPLAIN stripped)
  [2015/11794] 13542.sql -> outputs/stackoverflow_1gb/13542.txt  (722 bytes, EXPLAIN stripped)
  [2016/11794] 13543.sql -> outputs/stackoverflow_1gb/13543.txt  (90182 bytes, EXPLAIN stripped)
  [2017/11794] 13544.sql -> outputs/stackoverflow_1gb/13544.txt  (276 bytes, EXPLAIN stripped)
  [2018/11794] 13545.sql -> outputs/stackoverflow_1gb/13545.txt  (391 bytes, EXPLAIN stripped)
  [2019/11794] 13547.sql -> outputs/stackoverflow_1gb/13547.txt  (12267 bytes, EXPLAIN stripped)
  [2020/11794] 13549.sql -> outputs/stackoverflow_1gb/13549.txt  (274 bytes, EXPLAIN stripped)
  [2021/11794] 13550.sql -> outputs/stackoverflow_1gb/13550.txt  (81889 bytes, EXPLAIN stripped)
  [2022/11794] 13553.sql -> outputs/stackoverflow_1gb/13553.txt  (314 bytes, EXPLAIN stripped)
  [2023/11794] 13554.sql -> outputs/stackoverflow_1gb/13554.txt  (8752 bytes, EXPLAIN stripped)
  [2024/11794] 13555.sql -> outputs/stackoverflow_1gb/13555.txt  (117504 bytes, EXPLAIN stripped)
  [2025/11794] 13556.sql -> outputs/stackoverflow_1gb/13556.txt  (45915 bytes, EXPLAIN stripped)
  [2026/11794] 13557.sql -> outputs/stackoverflow_1gb/13557.txt  (45050 bytes, EXPLAIN stripped)
  [2027/11794] 13558.sql -> outputs/stackoverflow_1gb/13558.txt  (62 bytes, EXPLAIN stripped)
  [2028/11794] 13561.sql -> outputs/stackoverflow_1gb/13561.txt  (11297 bytes, EXPLAIN stripped)
  [2029/11794] 13564.sql -> outputs/stackoverflow_1gb/13564.txt  (12112 bytes, EXPLAIN stripped)
  [2030/11794] 13566.sql -> outputs/stackoverflow_1gb/13566.txt  (85900 bytes, EXPLAIN stripped)
  [2031/11794] 13567.sql -> outputs/stackoverflow_1gb/13567.txt  (68717 bytes, EXPLAIN stripped)
  [2032/11794] 13568.sql -> outputs/stackoverflow_1gb/13568.txt  (273 bytes, EXPLAIN stripped)
  [2033/11794] 13570.sql -> outputs/stackoverflow_1gb/13570.txt  (40930 bytes, EXPLAIN stripped)
  [2034/11794] 13574.sql -> outputs/stackoverflow_1gb/13574.txt  (484 bytes, EXPLAIN stripped)
  [2035/11794] 13575.sql -> outputs/stackoverflow_1gb/13575.txt  (62148 bytes, EXPLAIN stripped)
  [2036/11794] 13579.sql -> outputs/stackoverflow_1gb/13579.txt  (57277 bytes, EXPLAIN stripped)
  [2037/11794] 13580.sql -> outputs/stackoverflow_1gb/13580.txt  (410 bytes, EXPLAIN stripped)
  [2038/11794] 13582.sql -> outputs/stackoverflow_1gb/13582.txt  (6571 bytes, EXPLAIN stripped)
  [2039/11794] 13584.sql -> outputs/stackoverflow_1gb/13584.txt  (121 bytes, EXPLAIN stripped)
  [2040/11794] 13585.sql -> outputs/stackoverflow_1gb/13585.txt  (116 bytes, EXPLAIN stripped)
  [2041/11794] 13586.sql -> outputs/stackoverflow_1gb/13586.txt  (73251 bytes, EXPLAIN stripped)
  [2042/11794] 13587.sql -> outputs/stackoverflow_1gb/13587.txt  (249 bytes, EXPLAIN stripped)
  [2043/11794] 13588.sql -> outputs/stackoverflow_1gb/13588.txt  (12325 bytes, EXPLAIN stripped)
  [2044/11794] 13590.sql -> outputs/stackoverflow_1gb/13590.txt  (14001 bytes, EXPLAIN stripped)
  [2045/11794] 13592.sql -> outputs/stackoverflow_1gb/13592.txt  (6767 bytes, EXPLAIN stripped)
  [2046/11794] 13593.sql -> outputs/stackoverflow_1gb/13593.txt  (35761 bytes, EXPLAIN stripped)
  [2047/11794] 13594.sql -> outputs/stackoverflow_1gb/13594.txt  (69489 bytes, EXPLAIN stripped)
  [2048/11794] 13598.sql -> outputs/stackoverflow_1gb/13598.txt  (47783 bytes, EXPLAIN stripped)
  [2049/11794] 136.sql -> outputs/stackoverflow_1gb/136.txt  (2692 bytes, EXPLAIN stripped)
  [2050/11794] 13601.sql -> outputs/stackoverflow_1gb/13601.txt  (686 bytes, EXPLAIN stripped)
  [2051/11794] 13604.sql -> outputs/stackoverflow_1gb/13604.txt  (45768 bytes, EXPLAIN stripped)
  [2052/11794] 13606.sql -> outputs/stackoverflow_1gb/13606.txt  (15313 bytes, EXPLAIN stripped)
  [2053/11794] 13608.sql -> outputs/stackoverflow_1gb/13608.txt  (789 bytes, EXPLAIN stripped)
  [2054/11794] 13610.sql -> outputs/stackoverflow_1gb/13610.txt  (14570 bytes, EXPLAIN stripped)
  [2055/11794] 13613.sql -> outputs/stackoverflow_1gb/13613.txt  (35809 bytes, EXPLAIN stripped)
  [2056/11794] 13614.sql -> outputs/stackoverflow_1gb/13614.txt  (68331 bytes, EXPLAIN stripped)
  [2057/11794] 13616.sql -> outputs/stackoverflow_1gb/13616.txt  (322 bytes, EXPLAIN stripped)
  [2058/11794] 13617.sql -> outputs/stackoverflow_1gb/13617.txt  (9519 bytes, EXPLAIN stripped)
  [2059/11794] 13618.sql -> outputs/stackoverflow_1gb/13618.txt  (356 bytes, EXPLAIN stripped)
  [2060/11794] 13619.sql -> outputs/stackoverflow_1gb/13619.txt  (7269 bytes, EXPLAIN stripped)
  [2061/11794] 1362.sql -> outputs/stackoverflow_1gb/1362.txt  (81 bytes, EXPLAIN stripped)
  [2062/11794] 13625.sql -> outputs/stackoverflow_1gb/13625.txt  (54944 bytes, EXPLAIN stripped)
  [2063/11794] 13626.sql -> outputs/stackoverflow_1gb/13626.txt  (48591 bytes, EXPLAIN stripped)
  [2064/11794] 13628.sql -> outputs/stackoverflow_1gb/13628.txt  (396 bytes, EXPLAIN stripped)
  [2065/11794] 13629.sql -> outputs/stackoverflow_1gb/13629.txt  (11483 bytes, EXPLAIN stripped)
  [2066/11794] 1363.sql -> outputs/stackoverflow_1gb/1363.txt  (781 bytes, EXPLAIN stripped)
  [2067/11794] 13630.sql -> outputs/stackoverflow_1gb/13630.txt  (8339 bytes, EXPLAIN stripped)
  [2068/11794] 13632.sql -> outputs/stackoverflow_1gb/13632.txt  (8900 bytes, EXPLAIN stripped)
  [2069/11794] 13635.sql -> outputs/stackoverflow_1gb/13635.txt  (129 bytes, EXPLAIN stripped)
  [2070/11794] 13636.sql -> outputs/stackoverflow_1gb/13636.txt  (8761 bytes, EXPLAIN stripped)
  [2071/11794] 13637.sql -> outputs/stackoverflow_1gb/13637.txt  (48 bytes, EXPLAIN stripped)
  [2072/11794] 13641.sql -> outputs/stackoverflow_1gb/13641.txt  (565 bytes, EXPLAIN stripped)
  [2073/11794] 13644.sql -> outputs/stackoverflow_1gb/13644.txt  (354 bytes, EXPLAIN stripped)
  [2074/11794] 13646.sql -> outputs/stackoverflow_1gb/13646.txt  (54550 bytes, EXPLAIN stripped)
  [2075/11794] 13648.sql -> outputs/stackoverflow_1gb/13648.txt  (7612 bytes, EXPLAIN stripped)
  [2076/11794] 13649.sql -> outputs/stackoverflow_1gb/13649.txt  (6556 bytes, EXPLAIN stripped)
  [2077/11794] 13650.sql -> outputs/stackoverflow_1gb/13650.txt  (454 bytes, EXPLAIN stripped)
  [2078/11794] 13653.sql -> outputs/stackoverflow_1gb/13653.txt  (4046 bytes, EXPLAIN stripped)
  [2079/11794] 13658.sql -> outputs/stackoverflow_1gb/13658.txt  (7933 bytes, EXPLAIN stripped)
  [2080/11794] 13659.sql -> outputs/stackoverflow_1gb/13659.txt  (8624 bytes, EXPLAIN stripped)
  [2081/11794] 1366.sql -> outputs/stackoverflow_1gb/1366.txt  (7511 bytes, EXPLAIN stripped)
  [2082/11794] 13661.sql -> outputs/stackoverflow_1gb/13661.txt  (80121 bytes, EXPLAIN stripped)
  [2083/11794] 13662.sql -> outputs/stackoverflow_1gb/13662.txt  (14295 bytes, EXPLAIN stripped)
  [2084/11794] 13664.sql -> outputs/stackoverflow_1gb/13664.txt  (49120 bytes, EXPLAIN stripped)
  [2085/11794] 13665.sql -> outputs/stackoverflow_1gb/13665.txt  (131 bytes, EXPLAIN stripped)
  [2086/11794] 13668.sql -> outputs/stackoverflow_1gb/13668.txt  (425 bytes, EXPLAIN stripped)
  [2087/11794] 13670.sql -> outputs/stackoverflow_1gb/13670.txt  (98879 bytes, EXPLAIN stripped)
  [2088/11794] 13672.sql -> outputs/stackoverflow_1gb/13672.txt  (278 bytes, EXPLAIN stripped)
  [2089/11794] 13673.sql -> outputs/stackoverflow_1gb/13673.txt  (28708 bytes, EXPLAIN stripped)
  [2090/11794] 13674.sql -> outputs/stackoverflow_1gb/13674.txt  (8978 bytes, EXPLAIN stripped)
  [2091/11794] 13677.sql -> outputs/stackoverflow_1gb/13677.txt  (32368 bytes, EXPLAIN stripped)
  [2092/11794] 13678.sql -> outputs/stackoverflow_1gb/13678.txt  (11578 bytes, EXPLAIN stripped)
  [2093/11794] 1368.sql -> outputs/stackoverflow_1gb/1368.txt  (84742 bytes, EXPLAIN stripped)
  [2094/11794] 13680.sql -> outputs/stackoverflow_1gb/13680.txt  (329 bytes, EXPLAIN stripped)
  [2095/11794] 13681.sql -> outputs/stackoverflow_1gb/13681.txt  (296 bytes, EXPLAIN stripped)
  [2096/11794] 13682.sql -> outputs/stackoverflow_1gb/13682.txt  (38068 bytes, EXPLAIN stripped)
  [2097/11794] 13683.sql -> outputs/stackoverflow_1gb/13683.txt  (62481 bytes, EXPLAIN stripped)
  [2098/11794] 13692.sql -> outputs/stackoverflow_1gb/13692.txt  (539 bytes, EXPLAIN stripped)
  [2099/11794] 13694.sql -> outputs/stackoverflow_1gb/13694.txt  (37059 bytes, EXPLAIN stripped)
  [2100/11794] 13698.sql -> outputs/stackoverflow_1gb/13698.txt  (110891 bytes, EXPLAIN stripped)
  [2101/11794] 137.sql -> outputs/stackoverflow_1gb/137.txt  (699 bytes, EXPLAIN stripped)
  [2102/11794] 1370.sql -> outputs/stackoverflow_1gb/1370.txt  (1379 bytes, EXPLAIN stripped)
  [2103/11794] 13701.sql -> outputs/stackoverflow_1gb/13701.txt  (362 bytes, EXPLAIN stripped)
  [2104/11794] 13702.sql -> outputs/stackoverflow_1gb/13702.txt  (25112 bytes, EXPLAIN stripped)
  [2105/11794] 13705.sql -> outputs/stackoverflow_1gb/13705.txt  (13267 bytes, EXPLAIN stripped)
  [2106/11794] 13706.sql -> outputs/stackoverflow_1gb/13706.txt  (44685 bytes, EXPLAIN stripped)
  [2107/11794] 1371.sql -> outputs/stackoverflow_1gb/1371.txt  (804 bytes, EXPLAIN stripped)
  [2108/11794] 13710.sql -> outputs/stackoverflow_1gb/13710.txt  (446 bytes, EXPLAIN stripped)
  [2109/11794] 13711.sql -> outputs/stackoverflow_1gb/13711.txt  (361 bytes, EXPLAIN stripped)
  [2110/11794] 13713.sql -> outputs/stackoverflow_1gb/13713.txt  (58913 bytes, EXPLAIN stripped)
  [2111/11794] 13714.sql -> outputs/stackoverflow_1gb/13714.txt  (12201 bytes, EXPLAIN stripped)
  [2112/11794] 13717.sql -> outputs/stackoverflow_1gb/13717.txt  (107043 bytes, EXPLAIN stripped)
  [2113/11794] 13719.sql -> outputs/stackoverflow_1gb/13719.txt  (306 bytes, EXPLAIN stripped)
  [2114/11794] 1372.sql -> outputs/stackoverflow_1gb/1372.txt  (1263 bytes, EXPLAIN stripped)
  [2115/11794] 13721.sql -> outputs/stackoverflow_1gb/13721.txt  (74159 bytes, EXPLAIN stripped)
  [2116/11794] 13722.sql -> outputs/stackoverflow_1gb/13722.txt  (87390 bytes, EXPLAIN stripped)
  [2117/11794] 13724.sql -> outputs/stackoverflow_1gb/13724.txt  (34930 bytes, EXPLAIN stripped)
  [2118/11794] 13725.sql -> outputs/stackoverflow_1gb/13725.txt  (23785 bytes, EXPLAIN stripped)
  [2119/11794] 13726.sql -> outputs/stackoverflow_1gb/13726.txt  (1255 bytes, EXPLAIN stripped)
  [2120/11794] 13727.sql -> outputs/stackoverflow_1gb/13727.txt  (8911 bytes, EXPLAIN stripped)
  [2121/11794] 13728.sql -> outputs/stackoverflow_1gb/13728.txt  (512 bytes, EXPLAIN stripped)
  [2122/11794] 13729.sql -> outputs/stackoverflow_1gb/13729.txt  (203 bytes, EXPLAIN stripped)
  [2123/11794] 13730.sql -> outputs/stackoverflow_1gb/13730.txt  (96331 bytes, EXPLAIN stripped)
  [2124/11794] 13731.sql -> outputs/stackoverflow_1gb/13731.txt  (101682 bytes, EXPLAIN stripped)
  [2125/11794] 13732.sql -> outputs/stackoverflow_1gb/13732.txt  (4562 bytes, EXPLAIN stripped)
  [2126/11794] 13733.sql -> outputs/stackoverflow_1gb/13733.txt  (12112 bytes, EXPLAIN stripped)
  [2127/11794] 13734.sql -> outputs/stackoverflow_1gb/13734.txt  (309 bytes, EXPLAIN stripped)
  [2128/11794] 13735.sql -> outputs/stackoverflow_1gb/13735.txt  (44323 bytes, EXPLAIN stripped)
  [2129/11794] 13737.sql -> outputs/stackoverflow_1gb/13737.txt  (139285 bytes, EXPLAIN stripped)
  [2130/11794] 13738.sql -> outputs/stackoverflow_1gb/13738.txt  (60617 bytes, EXPLAIN stripped)
  [2131/11794] 13739.sql -> outputs/stackoverflow_1gb/13739.txt  (29703 bytes, EXPLAIN stripped)
  [2132/11794] 13741.sql -> outputs/stackoverflow_1gb/13741.txt  (140 bytes, EXPLAIN stripped)
  [2133/11794] 13743.sql -> outputs/stackoverflow_1gb/13743.txt  (5185 bytes, EXPLAIN stripped)
  [2134/11794] 13744.sql -> outputs/stackoverflow_1gb/13744.txt  (108266 bytes, EXPLAIN stripped)
  [2135/11794] 13745.sql -> outputs/stackoverflow_1gb/13745.txt  (8820 bytes, EXPLAIN stripped)
  [2136/11794] 1375.sql -> outputs/stackoverflow_1gb/1375.txt  (3706 bytes, EXPLAIN stripped)
  [2137/11794] 13752.sql -> outputs/stackoverflow_1gb/13752.txt  (10707 bytes, EXPLAIN stripped)
  [2138/11794] 13754.sql -> outputs/stackoverflow_1gb/13754.txt  (11551 bytes, EXPLAIN stripped)
  [2139/11794] 13756.sql -> outputs/stackoverflow_1gb/13756.txt  (11200 bytes, EXPLAIN stripped)
  [2140/11794] 13758.sql -> outputs/stackoverflow_1gb/13758.txt  (152 bytes, EXPLAIN stripped)
  [2141/11794] 13759.sql -> outputs/stackoverflow_1gb/13759.txt  (93743 bytes, EXPLAIN stripped)
  [2142/11794] 1376.sql -> outputs/stackoverflow_1gb/1376.txt  (80 bytes, EXPLAIN stripped)
  [2143/11794] 13760.sql -> outputs/stackoverflow_1gb/13760.txt  (371 bytes, EXPLAIN stripped)
  [2144/11794] 13761.sql -> outputs/stackoverflow_1gb/13761.txt  (56816 bytes, EXPLAIN stripped)
  [2145/11794] 13763.sql -> outputs/stackoverflow_1gb/13763.txt  (114159 bytes, EXPLAIN stripped)
  [2146/11794] 13764.sql -> outputs/stackoverflow_1gb/13764.txt  (7827 bytes, EXPLAIN stripped)
  [2147/11794] 13765.sql -> outputs/stackoverflow_1gb/13765.txt  (77910 bytes, EXPLAIN stripped)
  [2148/11794] 13766.sql -> outputs/stackoverflow_1gb/13766.txt  (5977 bytes, EXPLAIN stripped)
  [2149/11794] 13769.sql -> outputs/stackoverflow_1gb/13769.txt  (2521 bytes, EXPLAIN stripped)
  [2150/11794] 13770.sql -> outputs/stackoverflow_1gb/13770.txt  (9140 bytes, EXPLAIN stripped)
  [2151/11794] 13772.sql -> outputs/stackoverflow_1gb/13772.txt  (50009 bytes, EXPLAIN stripped)
  [2152/11794] 13773.sql -> outputs/stackoverflow_1gb/13773.txt  (281 bytes, EXPLAIN stripped)
  [2153/11794] 13776.sql -> outputs/stackoverflow_1gb/13776.txt  (94837 bytes, EXPLAIN stripped)
  [2154/11794] 13778.sql -> outputs/stackoverflow_1gb/13778.txt  (9468 bytes, EXPLAIN stripped)
  [2155/11794] 13784.sql -> outputs/stackoverflow_1gb/13784.txt  (49596 bytes, EXPLAIN stripped)
  [2156/11794] 13785.sql -> outputs/stackoverflow_1gb/13785.txt  (135 bytes, EXPLAIN stripped)
  [2157/11794] 13788.sql -> outputs/stackoverflow_1gb/13788.txt  (117852 bytes, EXPLAIN stripped)
  [2158/11794] 13789.sql -> outputs/stackoverflow_1gb/13789.txt  (25846 bytes, EXPLAIN stripped)
  [2159/11794] 1379.sql -> outputs/stackoverflow_1gb/1379.txt  (85 bytes, EXPLAIN stripped)
  [2160/11794] 13791.sql -> outputs/stackoverflow_1gb/13791.txt  (85137 bytes, EXPLAIN stripped)
  [2161/11794] 13792.sql -> outputs/stackoverflow_1gb/13792.txt  (11828 bytes, EXPLAIN stripped)
  [2162/11794] 13794.sql -> outputs/stackoverflow_1gb/13794.txt  (337 bytes, EXPLAIN stripped)
  [2163/11794] 13798.sql -> outputs/stackoverflow_1gb/13798.txt  (304 bytes, EXPLAIN stripped)
  [2164/11794] 13799.sql -> outputs/stackoverflow_1gb/13799.txt  (125618 bytes, EXPLAIN stripped)
  [2165/11794] 1380.sql -> outputs/stackoverflow_1gb/1380.txt  (171 bytes, EXPLAIN stripped)
  [2166/11794] 13800.sql -> outputs/stackoverflow_1gb/13800.txt  (79143 bytes, EXPLAIN stripped)
  [2167/11794] 13801.sql -> outputs/stackoverflow_1gb/13801.txt  (208 bytes, EXPLAIN stripped)
  [2168/11794] 13802.sql -> outputs/stackoverflow_1gb/13802.txt  (61193 bytes, EXPLAIN stripped)
  [2169/11794] 13803.sql -> outputs/stackoverflow_1gb/13803.txt  (924 bytes, EXPLAIN stripped)
  [2170/11794] 13805.sql -> outputs/stackoverflow_1gb/13805.txt  (34149 bytes, EXPLAIN stripped)
  [2171/11794] 13806.sql -> outputs/stackoverflow_1gb/13806.txt  (19926 bytes, EXPLAIN stripped)
  [2172/11794] 13809.sql -> outputs/stackoverflow_1gb/13809.txt  (83840 bytes, EXPLAIN stripped)
  [2173/11794] 1381.sql -> outputs/stackoverflow_1gb/1381.txt  (916 bytes, EXPLAIN stripped)
  [2174/11794] 13810.sql -> outputs/stackoverflow_1gb/13810.txt  (8339 bytes, EXPLAIN stripped)
  [2175/11794] 13811.sql -> outputs/stackoverflow_1gb/13811.txt  (11838 bytes, EXPLAIN stripped)
  [2176/11794] 13813.sql -> outputs/stackoverflow_1gb/13813.txt  (145604 bytes, EXPLAIN stripped)
  [2177/11794] 13816.sql -> outputs/stackoverflow_1gb/13816.txt  (227 bytes, EXPLAIN stripped)
  [2178/11794] 13818.sql -> outputs/stackoverflow_1gb/13818.txt  (43724 bytes, EXPLAIN stripped)
  [2179/11794] 1382.sql -> outputs/stackoverflow_1gb/1382.txt  (1259 bytes, EXPLAIN stripped)
  [2180/11794] 13826.sql -> outputs/stackoverflow_1gb/13826.txt  (284 bytes, EXPLAIN stripped)
  [2181/11794] 13827.sql -> outputs/stackoverflow_1gb/13827.txt  (5568 bytes, EXPLAIN stripped)
  [2182/11794] 13828.sql -> outputs/stackoverflow_1gb/13828.txt  (29623 bytes, EXPLAIN stripped)
  [2183/11794] 13829.sql -> outputs/stackoverflow_1gb/13829.txt  (361 bytes, EXPLAIN stripped)
  [2184/11794] 13831.sql -> outputs/stackoverflow_1gb/13831.txt  (13655 bytes, EXPLAIN stripped)
  [2185/11794] 13832.sql -> outputs/stackoverflow_1gb/13832.txt  (93874 bytes, EXPLAIN stripped)
  [2186/11794] 13834.sql -> outputs/stackoverflow_1gb/13834.txt  (14456 bytes, EXPLAIN stripped)
  [2187/11794] 13835.sql -> outputs/stackoverflow_1gb/13835.txt  (516 bytes, EXPLAIN stripped)
  [2188/11794] 13836.sql -> outputs/stackoverflow_1gb/13836.txt  (257 bytes, EXPLAIN stripped)
  [2189/11794] 13839.sql -> outputs/stackoverflow_1gb/13839.txt  (1097 bytes, EXPLAIN stripped)
  [2190/11794] 13841.sql -> outputs/stackoverflow_1gb/13841.txt  (273 bytes, EXPLAIN stripped)
  [2191/11794] 13842.sql -> outputs/stackoverflow_1gb/13842.txt  (391 bytes, EXPLAIN stripped)
  [2192/11794] 13843.sql -> outputs/stackoverflow_1gb/13843.txt  (684 bytes, EXPLAIN stripped)
  [2193/11794] 13845.sql -> outputs/stackoverflow_1gb/13845.txt  (3616 bytes, EXPLAIN stripped)
  [2194/11794] 13846.sql -> outputs/stackoverflow_1gb/13846.txt  (486 bytes, EXPLAIN stripped)
  [2195/11794] 1385.sql -> outputs/stackoverflow_1gb/1385.txt  (4924 bytes, EXPLAIN stripped)
  [2196/11794] 13850.sql -> outputs/stackoverflow_1gb/13850.txt  (10589 bytes, EXPLAIN stripped)
  [2197/11794] 13852.sql -> outputs/stackoverflow_1gb/13852.txt  (86186 bytes, EXPLAIN stripped)
  [2198/11794] 13855.sql -> outputs/stackoverflow_1gb/13855.txt  (8223 bytes, EXPLAIN stripped)
  [2199/11794] 13858.sql -> outputs/stackoverflow_1gb/13858.txt  (40306 bytes, EXPLAIN stripped)
  [2200/11794] 13859.sql -> outputs/stackoverflow_1gb/13859.txt  (99247 bytes, EXPLAIN stripped)
  [2201/11794] 13860.sql -> outputs/stackoverflow_1gb/13860.txt  (416 bytes, EXPLAIN stripped)
  [2202/11794] 13861.sql -> outputs/stackoverflow_1gb/13861.txt  (3774 bytes, EXPLAIN stripped)
  [2203/11794] 13863.sql -> outputs/stackoverflow_1gb/13863.txt  (398 bytes, EXPLAIN stripped)
  [2204/11794] 13865.sql -> outputs/stackoverflow_1gb/13865.txt  (40959 bytes, EXPLAIN stripped)
  [2205/11794] 13867.sql -> outputs/stackoverflow_1gb/13867.txt  (604 bytes, EXPLAIN stripped)
  [2206/11794] 13869.sql -> outputs/stackoverflow_1gb/13869.txt  (74835 bytes, EXPLAIN stripped)
  [2207/11794] 13871.sql -> outputs/stackoverflow_1gb/13871.txt  (14132 bytes, EXPLAIN stripped)
  [2208/11794] 13872.sql -> outputs/stackoverflow_1gb/13872.txt  (34469 bytes, EXPLAIN stripped)
  [2209/11794] 13873.sql -> outputs/stackoverflow_1gb/13873.txt  (30063 bytes, EXPLAIN stripped)
  [2210/11794] 13874.sql -> outputs/stackoverflow_1gb/13874.txt  (424 bytes, EXPLAIN stripped)
  [2211/11794] 13875.sql -> outputs/stackoverflow_1gb/13875.txt  (79562 bytes, EXPLAIN stripped)
  [2212/11794] 13876.sql -> outputs/stackoverflow_1gb/13876.txt  (33024 bytes, EXPLAIN stripped)
  [2213/11794] 13878.sql -> outputs/stackoverflow_1gb/13878.txt  (12049 bytes, EXPLAIN stripped)
  [2214/11794] 13880.sql -> outputs/stackoverflow_1gb/13880.txt  (313 bytes, EXPLAIN stripped)
  [2215/11794] 13881.sql -> outputs/stackoverflow_1gb/13881.txt  (361 bytes, EXPLAIN stripped)
  [2216/11794] 13883.sql -> outputs/stackoverflow_1gb/13883.txt  (873 bytes, EXPLAIN stripped)
  [2217/11794] 13887.sql -> outputs/stackoverflow_1gb/13887.txt  (3153 bytes, EXPLAIN stripped)
  [2218/11794] 13888.sql -> outputs/stackoverflow_1gb/13888.txt  (78216 bytes, EXPLAIN stripped)
  [2219/11794] 13889.sql -> outputs/stackoverflow_1gb/13889.txt  (87740 bytes, EXPLAIN stripped)
  [2220/11794] 13892.sql -> outputs/stackoverflow_1gb/13892.txt  (72291 bytes, EXPLAIN stripped)
  [2221/11794] 13896.sql -> outputs/stackoverflow_1gb/13896.txt  (737 bytes, EXPLAIN stripped)
  [2222/11794] 139.sql -> outputs/stackoverflow_1gb/139.txt  (72 bytes, EXPLAIN stripped)
  [2223/11794] 13902.sql -> outputs/stackoverflow_1gb/13902.txt  (36158 bytes, EXPLAIN stripped)
  [2224/11794] 13903.sql -> outputs/stackoverflow_1gb/13903.txt  (374 bytes, EXPLAIN stripped)
  [2225/11794] 13906.sql -> outputs/stackoverflow_1gb/13906.txt  (84061 bytes, EXPLAIN stripped)
  [2226/11794] 13907.sql -> outputs/stackoverflow_1gb/13907.txt  (112300 bytes, EXPLAIN stripped)
  [2227/11794] 13911.sql -> outputs/stackoverflow_1gb/13911.txt  (20839 bytes, EXPLAIN stripped)
  [2228/11794] 13912.sql -> outputs/stackoverflow_1gb/13912.txt  (138825 bytes, EXPLAIN stripped)
  [2229/11794] 13913.sql -> outputs/stackoverflow_1gb/13913.txt  (84554 bytes, EXPLAIN stripped)
  [2230/11794] 13918.sql -> outputs/stackoverflow_1gb/13918.txt  (96 bytes, EXPLAIN stripped)
  [2231/11794] 1392.sql -> outputs/stackoverflow_1gb/1392.txt  (84417 bytes, EXPLAIN stripped)
  [2232/11794] 13920.sql -> outputs/stackoverflow_1gb/13920.txt  (1139 bytes, EXPLAIN stripped)
  [2233/11794] 13921.sql -> outputs/stackoverflow_1gb/13921.txt  (135 bytes, EXPLAIN stripped)
  [2234/11794] 13923.sql -> outputs/stackoverflow_1gb/13923.txt  (704 bytes, EXPLAIN stripped)
  [2235/11794] 13924.sql -> outputs/stackoverflow_1gb/13924.txt  (11237 bytes, EXPLAIN stripped)
  [2236/11794] 13926.sql -> outputs/stackoverflow_1gb/13926.txt  (83549 bytes, EXPLAIN stripped)
  [2237/11794] 13927.sql -> outputs/stackoverflow_1gb/13927.txt  (56762 bytes, EXPLAIN stripped)
  [2238/11794] 13928.sql -> outputs/stackoverflow_1gb/13928.txt  (95582 bytes, EXPLAIN stripped)
  [2239/11794] 13931.sql -> outputs/stackoverflow_1gb/13931.txt  (306 bytes, EXPLAIN stripped)
  [2240/11794] 13932.sql -> outputs/stackoverflow_1gb/13932.txt  (916 bytes, EXPLAIN stripped)
  [2241/11794] 13933.sql -> outputs/stackoverflow_1gb/13933.txt  (12343 bytes, EXPLAIN stripped)
  [2242/11794] 13935.sql -> outputs/stackoverflow_1gb/13935.txt  (324 bytes, EXPLAIN stripped)
  [2243/11794] 13936.sql -> outputs/stackoverflow_1gb/13936.txt  (8608 bytes, EXPLAIN stripped)
  [2244/11794] 13938.sql -> outputs/stackoverflow_1gb/13938.txt  (66433 bytes, EXPLAIN stripped)
  [2245/11794] 13940.sql -> outputs/stackoverflow_1gb/13940.txt  (5721 bytes, EXPLAIN stripped)
  [2246/11794] 13941.sql -> outputs/stackoverflow_1gb/13941.txt  (124061 bytes, EXPLAIN stripped)
  [2247/11794] 13942.sql -> outputs/stackoverflow_1gb/13942.txt  (11106 bytes, EXPLAIN stripped)
  [2248/11794] 13943.sql -> outputs/stackoverflow_1gb/13943.txt  (11712 bytes, EXPLAIN stripped)
  [2249/11794] 13945.sql -> outputs/stackoverflow_1gb/13945.txt  (71281 bytes, EXPLAIN stripped)
  [2250/11794] 13946.sql -> outputs/stackoverflow_1gb/13946.txt  (48802 bytes, EXPLAIN stripped)
  [2251/11794] 13948.sql -> outputs/stackoverflow_1gb/13948.txt  (9507 bytes, EXPLAIN stripped)
  [2252/11794] 13949.sql -> outputs/stackoverflow_1gb/13949.txt  (28730 bytes, EXPLAIN stripped)
  [2253/11794] 13950.sql -> outputs/stackoverflow_1gb/13950.txt  (318 bytes, EXPLAIN stripped)
  [2254/11794] 13951.sql -> outputs/stackoverflow_1gb/13951.txt  (22608 bytes, EXPLAIN stripped)
  [2255/11794] 13955.sql -> outputs/stackoverflow_1gb/13955.txt  (11629 bytes, EXPLAIN stripped)
  [2256/11794] 13957.sql -> outputs/stackoverflow_1gb/13957.txt  (61314 bytes, EXPLAIN stripped)
  [2257/11794] 13958.sql -> outputs/stackoverflow_1gb/13958.txt  (73189 bytes, EXPLAIN stripped)
  [2258/11794] 13959.sql -> outputs/stackoverflow_1gb/13959.txt  (80601 bytes, EXPLAIN stripped)
  [2259/11794] 13960.sql -> outputs/stackoverflow_1gb/13960.txt  (70621 bytes, EXPLAIN stripped)
  [2260/11794] 13963.sql -> outputs/stackoverflow_1gb/13963.txt  (318 bytes, EXPLAIN stripped)
  [2261/11794] 13964.sql -> outputs/stackoverflow_1gb/13964.txt  (35410 bytes, EXPLAIN stripped)
  [2262/11794] 13966.sql -> outputs/stackoverflow_1gb/13966.txt  (168 bytes, EXPLAIN stripped)
  [2263/11794] 13967.sql -> outputs/stackoverflow_1gb/13967.txt  (8690 bytes, EXPLAIN stripped)
  [2264/11794] 13968.sql -> outputs/stackoverflow_1gb/13968.txt  (337 bytes, EXPLAIN stripped)
  [2265/11794] 13969.sql -> outputs/stackoverflow_1gb/13969.txt  (318 bytes, EXPLAIN stripped)
  [2266/11794] 13970.sql -> outputs/stackoverflow_1gb/13970.txt  (5275 bytes, EXPLAIN stripped)
  [2267/11794] 13971.sql -> outputs/stackoverflow_1gb/13971.txt  (212 bytes, EXPLAIN stripped)
  [2268/11794] 13975.sql -> outputs/stackoverflow_1gb/13975.txt  (5234 bytes, EXPLAIN stripped)
  [2269/11794] 13977.sql -> outputs/stackoverflow_1gb/13977.txt  (8409 bytes, EXPLAIN stripped)
  [2270/11794] 13978.sql -> outputs/stackoverflow_1gb/13978.txt  (7062 bytes, EXPLAIN stripped)
  [2271/11794] 13981.sql -> outputs/stackoverflow_1gb/13981.txt  (8198 bytes, EXPLAIN stripped)
  [2272/11794] 13982.sql -> outputs/stackoverflow_1gb/13982.txt  (972 bytes, EXPLAIN stripped)
  [2273/11794] 13984.sql -> outputs/stackoverflow_1gb/13984.txt  (246 bytes, EXPLAIN stripped)
  [2274/11794] 1399.sql -> outputs/stackoverflow_1gb/1399.txt  (55620 bytes, EXPLAIN stripped)
  [2275/11794] 13990.sql -> outputs/stackoverflow_1gb/13990.txt  (4748 bytes, EXPLAIN stripped)
  [2276/11794] 13991.sql -> outputs/stackoverflow_1gb/13991.txt  (303 bytes, EXPLAIN stripped)
  [2277/11794] 13992.sql -> outputs/stackoverflow_1gb/13992.txt  (367 bytes, EXPLAIN stripped)
  [2278/11794] 13996.sql -> outputs/stackoverflow_1gb/13996.txt  (10902 bytes, EXPLAIN stripped)
  [2279/11794] 13997.sql -> outputs/stackoverflow_1gb/13997.txt  (39593 bytes, EXPLAIN stripped)
  [2280/11794] 13999.sql -> outputs/stackoverflow_1gb/13999.txt  (589 bytes, EXPLAIN stripped)
  [2281/11794] 140.sql -> outputs/stackoverflow_1gb/140.txt  (3682 bytes, EXPLAIN stripped)
  [2282/11794] 14000.sql -> outputs/stackoverflow_1gb/14000.txt  (9724 bytes, EXPLAIN stripped)
  [2283/11794] 14003.sql -> outputs/stackoverflow_1gb/14003.txt  (12106 bytes, EXPLAIN stripped)
  [2284/11794] 14004.sql -> outputs/stackoverflow_1gb/14004.txt  (11471 bytes, EXPLAIN stripped)
  [2285/11794] 14005.sql -> outputs/stackoverflow_1gb/14005.txt  (304 bytes, EXPLAIN stripped)
  [2286/11794] 14007.sql -> outputs/stackoverflow_1gb/14007.txt  (613 bytes, EXPLAIN stripped)
  [2287/11794] 14009.sql -> outputs/stackoverflow_1gb/14009.txt  (96806 bytes, EXPLAIN stripped)
  [2288/11794] 1401.sql -> outputs/stackoverflow_1gb/1401.txt  (548 bytes, EXPLAIN stripped)
  [2289/11794] 14011.sql -> outputs/stackoverflow_1gb/14011.txt  (54812 bytes, EXPLAIN stripped)
  [2290/11794] 14012.sql -> outputs/stackoverflow_1gb/14012.txt  (68633 bytes, EXPLAIN stripped)
  [2291/11794] 14015.sql -> outputs/stackoverflow_1gb/14015.txt  (7688 bytes, EXPLAIN stripped)
  [2292/11794] 14017.sql -> outputs/stackoverflow_1gb/14017.txt  (42800 bytes, EXPLAIN stripped)
  [2293/11794] 14018.sql -> outputs/stackoverflow_1gb/14018.txt  (83320 bytes, EXPLAIN stripped)
  [2294/11794] 14019.sql -> outputs/stackoverflow_1gb/14019.txt  (9732 bytes, EXPLAIN stripped)
  [2295/11794] 1402.sql -> outputs/stackoverflow_1gb/1402.txt  (119 bytes, EXPLAIN stripped)
  [2296/11794] 14021.sql -> outputs/stackoverflow_1gb/14021.txt  (65656 bytes, EXPLAIN stripped)
  [2297/11794] 14023.sql -> outputs/stackoverflow_1gb/14023.txt  (11475 bytes, EXPLAIN stripped)
  [2298/11794] 14030.sql -> outputs/stackoverflow_1gb/14030.txt  (74514 bytes, EXPLAIN stripped)
  [2299/11794] 14034.sql -> outputs/stackoverflow_1gb/14034.txt  (39546 bytes, EXPLAIN stripped)
  [2300/11794] 14035.sql -> outputs/stackoverflow_1gb/14035.txt  (213 bytes, EXPLAIN stripped)
  [2301/11794] 14038.sql -> outputs/stackoverflow_1gb/14038.txt  (68290 bytes, EXPLAIN stripped)
  [2302/11794] 14039.sql -> outputs/stackoverflow_1gb/14039.txt  (405 bytes, EXPLAIN stripped)
  [2303/11794] 14040.sql -> outputs/stackoverflow_1gb/14040.txt  (64090 bytes, EXPLAIN stripped)
  [2304/11794] 14044.sql -> outputs/stackoverflow_1gb/14044.txt  (13011 bytes, EXPLAIN stripped)
  [2305/11794] 14045.sql -> outputs/stackoverflow_1gb/14045.txt  (90792 bytes, EXPLAIN stripped)
  [2306/11794] 14046.sql -> outputs/stackoverflow_1gb/14046.txt  (27057 bytes, EXPLAIN stripped)
  [2307/11794] 14048.sql -> outputs/stackoverflow_1gb/14048.txt  (315 bytes, EXPLAIN stripped)
  [2308/11794] 1405.sql -> outputs/stackoverflow_1gb/1405.txt  (797 bytes, EXPLAIN stripped)
  [2309/11794] 14050.sql -> outputs/stackoverflow_1gb/14050.txt  (10773 bytes, EXPLAIN stripped)
  [2310/11794] 14054.sql -> outputs/stackoverflow_1gb/14054.txt  (114777 bytes, EXPLAIN stripped)
  [2311/11794] 14055.sql -> outputs/stackoverflow_1gb/14055.txt  (48062 bytes, EXPLAIN stripped)
  [2312/11794] 14057.sql -> outputs/stackoverflow_1gb/14057.txt  (11588 bytes, EXPLAIN stripped)
  [2313/11794] 14060.sql -> outputs/stackoverflow_1gb/14060.txt  (8455 bytes, EXPLAIN stripped)
  [2314/11794] 14061.sql -> outputs/stackoverflow_1gb/14061.txt  (9885 bytes, EXPLAIN stripped)
  [2315/11794] 14062.sql -> outputs/stackoverflow_1gb/14062.txt  (461 bytes, EXPLAIN stripped)
  [2316/11794] 14065.sql -> outputs/stackoverflow_1gb/14065.txt  (9013 bytes, EXPLAIN stripped)
  [2317/11794] 14066.sql -> outputs/stackoverflow_1gb/14066.txt  (35490 bytes, EXPLAIN stripped)
  [2318/11794] 14068.sql -> outputs/stackoverflow_1gb/14068.txt  (189 bytes, EXPLAIN stripped)
  [2319/11794] 1407.sql -> outputs/stackoverflow_1gb/1407.txt  (1261 bytes, EXPLAIN stripped)
  [2320/11794] 14070.sql -> outputs/stackoverflow_1gb/14070.txt  (322 bytes, EXPLAIN stripped)
  [2321/11794] 14071.sql -> outputs/stackoverflow_1gb/14071.txt  (9597 bytes, EXPLAIN stripped)
  [2322/11794] 14072.sql -> outputs/stackoverflow_1gb/14072.txt  (67412 bytes, EXPLAIN stripped)
  [2323/11794] 14076.sql -> outputs/stackoverflow_1gb/14076.txt  (111022 bytes, EXPLAIN stripped)
  [2324/11794] 14079.sql -> outputs/stackoverflow_1gb/14079.txt  (32366 bytes, EXPLAIN stripped)
  [2325/11794] 14082.sql -> outputs/stackoverflow_1gb/14082.txt  (131 bytes, EXPLAIN stripped)
  [2326/11794] 14083.sql -> outputs/stackoverflow_1gb/14083.txt  (99042 bytes, EXPLAIN stripped)
  [2327/11794] 14087.sql -> outputs/stackoverflow_1gb/14087.txt  (385 bytes, EXPLAIN stripped)
  [2328/11794] 1409.sql -> outputs/stackoverflow_1gb/1409.txt  (155558 bytes, EXPLAIN stripped)
  [2329/11794] 14090.sql -> outputs/stackoverflow_1gb/14090.txt  (48829 bytes, EXPLAIN stripped)
  [2330/11794] 14091.sql -> outputs/stackoverflow_1gb/14091.txt  (325 bytes, EXPLAIN stripped)
  [2331/11794] 14095.sql -> outputs/stackoverflow_1gb/14095.txt  (78299 bytes, EXPLAIN stripped)
  [2332/11794] 14098.sql -> outputs/stackoverflow_1gb/14098.txt  (364 bytes, EXPLAIN stripped)
  [2333/11794] 14099.sql -> outputs/stackoverflow_1gb/14099.txt  (12667 bytes, EXPLAIN stripped)
  [2334/11794] 14100.sql -> outputs/stackoverflow_1gb/14100.txt  (8288 bytes, EXPLAIN stripped)
  [2335/11794] 14101.sql -> outputs/stackoverflow_1gb/14101.txt  (5238 bytes, EXPLAIN stripped)
  [2336/11794] 14102.sql -> outputs/stackoverflow_1gb/14102.txt  (105130 bytes, EXPLAIN stripped)
  [2337/11794] 14104.sql -> outputs/stackoverflow_1gb/14104.txt  (8751 bytes, EXPLAIN stripped)
  [2338/11794] 14106.sql -> outputs/stackoverflow_1gb/14106.txt  (11706 bytes, EXPLAIN stripped)
  [2339/11794] 14109.sql -> outputs/stackoverflow_1gb/14109.txt  (739 bytes, EXPLAIN stripped)
  [2340/11794] 14110.sql -> outputs/stackoverflow_1gb/14110.txt  (306 bytes, EXPLAIN stripped)
  [2341/11794] 14111.sql -> outputs/stackoverflow_1gb/14111.txt  (728 bytes, EXPLAIN stripped)
  [2342/11794] 14112.sql -> outputs/stackoverflow_1gb/14112.txt  (402 bytes, EXPLAIN stripped)
  [2343/11794] 14114.sql -> outputs/stackoverflow_1gb/14114.txt  (310 bytes, EXPLAIN stripped)
  [2344/11794] 14115.sql -> outputs/stackoverflow_1gb/14115.txt  (548 bytes, EXPLAIN stripped)
  [2345/11794] 14117.sql -> outputs/stackoverflow_1gb/14117.txt  (50727 bytes, EXPLAIN stripped)
  [2346/11794] 14118.sql -> outputs/stackoverflow_1gb/14118.txt  (4870 bytes, EXPLAIN stripped)
  [2347/11794] 14119.sql -> outputs/stackoverflow_1gb/14119.txt  (30738 bytes, EXPLAIN stripped)
  [2348/11794] 14120.sql -> outputs/stackoverflow_1gb/14120.txt  (78435 bytes, EXPLAIN stripped)
  [2349/11794] 14121.sql -> outputs/stackoverflow_1gb/14121.txt  (183 bytes, EXPLAIN stripped)
  [2350/11794] 14124.sql -> outputs/stackoverflow_1gb/14124.txt  (9196 bytes, EXPLAIN stripped)
  [2351/11794] 14125.sql -> outputs/stackoverflow_1gb/14125.txt  (304 bytes, EXPLAIN stripped)
  [2352/11794] 14130.sql -> outputs/stackoverflow_1gb/14130.txt  (85642 bytes, EXPLAIN stripped)
  [2353/11794] 14133.sql -> outputs/stackoverflow_1gb/14133.txt  (835 bytes, EXPLAIN stripped)
  [2354/11794] 14134.sql -> outputs/stackoverflow_1gb/14134.txt  (11705 bytes, EXPLAIN stripped)
  [2355/11794] 14135.sql -> outputs/stackoverflow_1gb/14135.txt  (3314 bytes, EXPLAIN stripped)
  [2356/11794] 14136.sql -> outputs/stackoverflow_1gb/14136.txt  (488 bytes, EXPLAIN stripped)
  [2357/11794] 14137.sql -> outputs/stackoverflow_1gb/14137.txt  (439 bytes, EXPLAIN stripped)
  [2358/11794] 14139.sql -> outputs/stackoverflow_1gb/14139.txt  (58034 bytes, EXPLAIN stripped)
  [2359/11794] 14140.sql -> outputs/stackoverflow_1gb/14140.txt  (8948 bytes, EXPLAIN stripped)
  [2360/11794] 14143.sql -> outputs/stackoverflow_1gb/14143.txt  (1179 bytes, EXPLAIN stripped)
  [2361/11794] 14144.sql -> outputs/stackoverflow_1gb/14144.txt  (28708 bytes, EXPLAIN stripped)
  [2362/11794] 14146.sql -> outputs/stackoverflow_1gb/14146.txt  (35754 bytes, EXPLAIN stripped)
  [2363/11794] 14147.sql -> outputs/stackoverflow_1gb/14147.txt  (130 bytes, EXPLAIN stripped)
  [2364/11794] 14149.sql -> outputs/stackoverflow_1gb/14149.txt  (468 bytes, EXPLAIN stripped)
  [2365/11794] 1415.sql -> outputs/stackoverflow_1gb/1415.txt  (55757 bytes, EXPLAIN stripped)
  [2366/11794] 14153.sql -> outputs/stackoverflow_1gb/14153.txt  (8761 bytes, EXPLAIN stripped)
  [2367/11794] 14154.sql -> outputs/stackoverflow_1gb/14154.txt  (68001 bytes, EXPLAIN stripped)
  [2368/11794] 14156.sql -> outputs/stackoverflow_1gb/14156.txt  (76369 bytes, EXPLAIN stripped)
  [2369/11794] 14157.sql -> outputs/stackoverflow_1gb/14157.txt  (108 bytes, EXPLAIN stripped)
  [2370/11794] 14160.sql -> outputs/stackoverflow_1gb/14160.txt  (46467 bytes, EXPLAIN stripped)
  [2371/11794] 14161.sql -> outputs/stackoverflow_1gb/14161.txt  (5798 bytes, EXPLAIN stripped)
  [2372/11794] 14162.sql -> outputs/stackoverflow_1gb/14162.txt  (3723 bytes, EXPLAIN stripped)
  [2373/11794] 14165.sql -> outputs/stackoverflow_1gb/14165.txt  (100526 bytes, EXPLAIN stripped)
  [2374/11794] 14166.sql -> outputs/stackoverflow_1gb/14166.txt  (44804 bytes, EXPLAIN stripped)
  [2375/11794] 14168.sql -> outputs/stackoverflow_1gb/14168.txt  (5796 bytes, EXPLAIN stripped)
  [2376/11794] 14171.sql -> outputs/stackoverflow_1gb/14171.txt  (74963 bytes, EXPLAIN stripped)
  [2377/11794] 14172.sql -> outputs/stackoverflow_1gb/14172.txt  (11695 bytes, EXPLAIN stripped)
  [2378/11794] 14173.sql -> outputs/stackoverflow_1gb/14173.txt  (6651 bytes, EXPLAIN stripped)
  [2379/11794] 14175.sql -> outputs/stackoverflow_1gb/14175.txt  (33640 bytes, EXPLAIN stripped)
  [2380/11794] 14177.sql -> outputs/stackoverflow_1gb/14177.txt  (273 bytes, EXPLAIN stripped)
  [2381/11794] 14179.sql -> outputs/stackoverflow_1gb/14179.txt  (355 bytes, EXPLAIN stripped)
  [2382/11794] 1418.sql -> outputs/stackoverflow_1gb/1418.txt  (33430 bytes, EXPLAIN stripped)
  [2383/11794] 14182.sql -> outputs/stackoverflow_1gb/14182.txt  (29692 bytes, EXPLAIN stripped)
  [2384/11794] 14183.sql -> outputs/stackoverflow_1gb/14183.txt  (705 bytes, EXPLAIN stripped)
  [2385/11794] 14184.sql -> outputs/stackoverflow_1gb/14184.txt  (7556 bytes, EXPLAIN stripped)
  [2386/11794] 14185.sql -> outputs/stackoverflow_1gb/14185.txt  (147320 bytes, EXPLAIN stripped)
  [2387/11794] 14187.sql -> outputs/stackoverflow_1gb/14187.txt  (61421 bytes, EXPLAIN stripped)
  [2388/11794] 14191.sql -> outputs/stackoverflow_1gb/14191.txt  (30768 bytes, EXPLAIN stripped)
  [2389/11794] 14192.sql -> outputs/stackoverflow_1gb/14192.txt  (34747 bytes, EXPLAIN stripped)
  [2390/11794] 14193.sql -> outputs/stackoverflow_1gb/14193.txt  (88529 bytes, EXPLAIN stripped)
  [2391/11794] 14197.sql -> outputs/stackoverflow_1gb/14197.txt  (451 bytes, EXPLAIN stripped)
  [2392/11794] 142.sql -> outputs/stackoverflow_1gb/142.txt  (101 bytes, EXPLAIN stripped)
  [2393/11794] 14200.sql -> outputs/stackoverflow_1gb/14200.txt  (6974 bytes, EXPLAIN stripped)
  [2394/11794] 14201.sql -> outputs/stackoverflow_1gb/14201.txt  (57973 bytes, EXPLAIN stripped)
  [2395/11794] 14203.sql -> outputs/stackoverflow_1gb/14203.txt  (204 bytes, EXPLAIN stripped)
  [2396/11794] 14205.sql -> outputs/stackoverflow_1gb/14205.txt  (844 bytes, EXPLAIN stripped)
  [2397/11794] 14208.sql -> outputs/stackoverflow_1gb/14208.txt  (38697 bytes, EXPLAIN stripped)
  [2398/11794] 14209.sql -> outputs/stackoverflow_1gb/14209.txt  (64814 bytes, EXPLAIN stripped)
  [2399/11794] 1421.sql -> outputs/stackoverflow_1gb/1421.txt  (37 bytes, EXPLAIN stripped)
  [2400/11794] 14211.sql -> outputs/stackoverflow_1gb/14211.txt  (7652 bytes, EXPLAIN stripped)
  [2401/11794] 14213.sql -> outputs/stackoverflow_1gb/14213.txt  (765 bytes, EXPLAIN stripped)
  [2402/11794] 14214.sql -> outputs/stackoverflow_1gb/14214.txt  (165 bytes, EXPLAIN stripped)
  [2403/11794] 14215.sql -> outputs/stackoverflow_1gb/14215.txt  (111708 bytes, EXPLAIN stripped)
  [2404/11794] 14220.sql -> outputs/stackoverflow_1gb/14220.txt  (81321 bytes, EXPLAIN stripped)
  [2405/11794] 14223.sql -> outputs/stackoverflow_1gb/14223.txt  (589 bytes, EXPLAIN stripped)
  [2406/11794] 14225.sql -> outputs/stackoverflow_1gb/14225.txt  (300 bytes, EXPLAIN stripped)
  [2407/11794] 14226.sql -> outputs/stackoverflow_1gb/14226.txt  (450 bytes, EXPLAIN stripped)
  [2408/11794] 14228.sql -> outputs/stackoverflow_1gb/14228.txt  (13055 bytes, EXPLAIN stripped)
  [2409/11794] 14229.sql -> outputs/stackoverflow_1gb/14229.txt  (304 bytes, EXPLAIN stripped)
  [2410/11794] 14230.sql -> outputs/stackoverflow_1gb/14230.txt  (54872 bytes, EXPLAIN stripped)
  [2411/11794] 14231.sql -> outputs/stackoverflow_1gb/14231.txt  (6533 bytes, EXPLAIN stripped)
  [2412/11794] 14232.sql -> outputs/stackoverflow_1gb/14232.txt  (11568 bytes, EXPLAIN stripped)
  [2413/11794] 14233.sql -> outputs/stackoverflow_1gb/14233.txt  (112737 bytes, EXPLAIN stripped)
  [2414/11794] 14234.sql -> outputs/stackoverflow_1gb/14234.txt  (7011 bytes, EXPLAIN stripped)
  [2415/11794] 14237.sql -> outputs/stackoverflow_1gb/14237.txt  (318 bytes, EXPLAIN stripped)
  [2416/11794] 14241.sql -> outputs/stackoverflow_1gb/14241.txt  (2613 bytes, EXPLAIN stripped)
  [2417/11794] 14242.sql -> outputs/stackoverflow_1gb/14242.txt  (42182 bytes, EXPLAIN stripped)
  [2418/11794] 14246.sql -> outputs/stackoverflow_1gb/14246.txt  (565 bytes, EXPLAIN stripped)
  [2419/11794] 14250.sql -> outputs/stackoverflow_1gb/14250.txt  (54820 bytes, EXPLAIN stripped)
  [2420/11794] 14251.sql -> outputs/stackoverflow_1gb/14251.txt  (165 bytes, EXPLAIN stripped)
  [2421/11794] 14252.sql -> outputs/stackoverflow_1gb/14252.txt  (94501 bytes, EXPLAIN stripped)
  [2422/11794] 14255.sql -> outputs/stackoverflow_1gb/14255.txt  (29605 bytes, EXPLAIN stripped)
  [2423/11794] 14256.sql -> outputs/stackoverflow_1gb/14256.txt  (386 bytes, EXPLAIN stripped)
  [2424/11794] 14257.sql -> outputs/stackoverflow_1gb/14257.txt  (43216 bytes, EXPLAIN stripped)
  [2425/11794] 14258.sql -> outputs/stackoverflow_1gb/14258.txt  (97422 bytes, EXPLAIN stripped)
  [2426/11794] 14259.sql -> outputs/stackoverflow_1gb/14259.txt  (394 bytes, EXPLAIN stripped)
  [2427/11794] 14261.sql -> outputs/stackoverflow_1gb/14261.txt  (11743 bytes, EXPLAIN stripped)
  [2428/11794] 14265.sql -> outputs/stackoverflow_1gb/14265.txt  (75513 bytes, EXPLAIN stripped)
  [2429/11794] 14266.sql -> outputs/stackoverflow_1gb/14266.txt  (11024 bytes, EXPLAIN stripped)
  [2430/11794] 14267.sql -> outputs/stackoverflow_1gb/14267.txt  (52034 bytes, EXPLAIN stripped)
  [2431/11794] 14268.sql -> outputs/stackoverflow_1gb/14268.txt  (57496 bytes, EXPLAIN stripped)
  [2432/11794] 1427.sql -> outputs/stackoverflow_1gb/1427.txt  (704 bytes, EXPLAIN stripped)
  [2433/11794] 14270.sql -> outputs/stackoverflow_1gb/14270.txt  (1309 bytes, EXPLAIN stripped)
  [2434/11794] 14271.sql -> outputs/stackoverflow_1gb/14271.txt  (60267 bytes, EXPLAIN stripped)
  [2435/11794] 14273.sql -> outputs/stackoverflow_1gb/14273.txt  (16108 bytes, EXPLAIN stripped)
  [2436/11794] 14274.sql -> outputs/stackoverflow_1gb/14274.txt  (6944 bytes, EXPLAIN stripped)
  [2437/11794] 14275.sql -> outputs/stackoverflow_1gb/14275.txt  (50397 bytes, EXPLAIN stripped)
  [2438/11794] 14277.sql -> outputs/stackoverflow_1gb/14277.txt  (84745 bytes, EXPLAIN stripped)
  [2439/11794] 14278.sql -> outputs/stackoverflow_1gb/14278.txt  (1014 bytes, EXPLAIN stripped)
  [2440/11794] 14279.sql -> outputs/stackoverflow_1gb/14279.txt  (104301 bytes, EXPLAIN stripped)
  [2441/11794] 1428.sql -> outputs/stackoverflow_1gb/1428.txt  (3279 bytes, EXPLAIN stripped)
  [2442/11794] 14281.sql -> outputs/stackoverflow_1gb/14281.txt  (11041 bytes, EXPLAIN stripped)
  [2443/11794] 14284.sql -> outputs/stackoverflow_1gb/14284.txt  (86282 bytes, EXPLAIN stripped)
  [2444/11794] 1429.sql -> outputs/stackoverflow_1gb/1429.txt  (4413 bytes, EXPLAIN stripped)
  [2445/11794] 14291.sql -> outputs/stackoverflow_1gb/14291.txt  (61683 bytes, EXPLAIN stripped)
  [2446/11794] 14293.sql -> outputs/stackoverflow_1gb/14293.txt  (840 bytes, EXPLAIN stripped)
  [2447/11794] 14294.sql -> outputs/stackoverflow_1gb/14294.txt  (10352 bytes, EXPLAIN stripped)
  [2448/11794] 14297.sql -> outputs/stackoverflow_1gb/14297.txt  (314 bytes, EXPLAIN stripped)
  [2449/11794] 14298.sql -> outputs/stackoverflow_1gb/14298.txt  (45471 bytes, EXPLAIN stripped)
  [2450/11794] 14299.sql -> outputs/stackoverflow_1gb/14299.txt  (8343 bytes, EXPLAIN stripped)
  [2451/11794] 14300.sql -> outputs/stackoverflow_1gb/14300.txt  (4451 bytes, EXPLAIN stripped)
  [2452/11794] 14302.sql -> outputs/stackoverflow_1gb/14302.txt  (733 bytes, EXPLAIN stripped)
  [2453/11794] 14303.sql -> outputs/stackoverflow_1gb/14303.txt  (9456 bytes, EXPLAIN stripped)
  [2454/11794] 14304.sql -> outputs/stackoverflow_1gb/14304.txt  (86895 bytes, EXPLAIN stripped)
  [2455/11794] 14305.sql -> outputs/stackoverflow_1gb/14305.txt  (244 bytes, EXPLAIN stripped)
  [2456/11794] 14307.sql -> outputs/stackoverflow_1gb/14307.txt  (91867 bytes, EXPLAIN stripped)
  [2457/11794] 14308.sql -> outputs/stackoverflow_1gb/14308.txt  (167 bytes, EXPLAIN stripped)
  [2458/11794] 14309.sql -> outputs/stackoverflow_1gb/14309.txt  (44731 bytes, EXPLAIN stripped)
  [2459/11794] 14310.sql -> outputs/stackoverflow_1gb/14310.txt  (32068 bytes, EXPLAIN stripped)
  [2460/11794] 14313.sql -> outputs/stackoverflow_1gb/14313.txt  (99603 bytes, EXPLAIN stripped)
  [2461/11794] 14314.sql -> outputs/stackoverflow_1gb/14314.txt  (823 bytes, EXPLAIN stripped)
  [2462/11794] 14316.sql -> outputs/stackoverflow_1gb/14316.txt  (530 bytes, EXPLAIN stripped)
  [2463/11794] 14318.sql -> outputs/stackoverflow_1gb/14318.txt  (33927 bytes, EXPLAIN stripped)
  [2464/11794] 14319.sql -> outputs/stackoverflow_1gb/14319.txt  (46946 bytes, EXPLAIN stripped)
  [2465/11794] 1432.sql -> outputs/stackoverflow_1gb/1432.txt  (616 bytes, EXPLAIN stripped)
  [2466/11794] 14320.sql -> outputs/stackoverflow_1gb/14320.txt  (9833 bytes, EXPLAIN stripped)
  [2467/11794] 14321.sql -> outputs/stackoverflow_1gb/14321.txt  (43662 bytes, EXPLAIN stripped)
  [2468/11794] 14323.sql -> outputs/stackoverflow_1gb/14323.txt  (25703 bytes, EXPLAIN stripped)
  [2469/11794] 14326.sql -> outputs/stackoverflow_1gb/14326.txt  (274 bytes, EXPLAIN stripped)
  [2470/11794] 14328.sql -> outputs/stackoverflow_1gb/14328.txt  (630 bytes, EXPLAIN stripped)
  [2471/11794] 14329.sql -> outputs/stackoverflow_1gb/14329.txt  (6102 bytes, EXPLAIN stripped)
  [2472/11794] 14331.sql -> outputs/stackoverflow_1gb/14331.txt  (113802 bytes, EXPLAIN stripped)
  [2473/11794] 14332.sql -> outputs/stackoverflow_1gb/14332.txt  (11449 bytes, EXPLAIN stripped)
  [2474/11794] 14333.sql -> outputs/stackoverflow_1gb/14333.txt  (328 bytes, EXPLAIN stripped)
  [2475/11794] 14334.sql -> outputs/stackoverflow_1gb/14334.txt  (64205 bytes, EXPLAIN stripped)
  [2476/11794] 14336.sql -> outputs/stackoverflow_1gb/14336.txt  (42897 bytes, EXPLAIN stripped)
  [2477/11794] 14337.sql -> outputs/stackoverflow_1gb/14337.txt  (35426 bytes, EXPLAIN stripped)
  [2478/11794] 14340.sql -> outputs/stackoverflow_1gb/14340.txt  (130 bytes, EXPLAIN stripped)
  [2479/11794] 14342.sql -> outputs/stackoverflow_1gb/14342.txt  (34754 bytes, EXPLAIN stripped)
  [2480/11794] 14343.sql -> outputs/stackoverflow_1gb/14343.txt  (11481 bytes, EXPLAIN stripped)
  [2481/11794] 14344.sql -> outputs/stackoverflow_1gb/14344.txt  (345 bytes, EXPLAIN stripped)
  [2482/11794] 14345.sql -> outputs/stackoverflow_1gb/14345.txt  (45409 bytes, EXPLAIN stripped)
  [2483/11794] 14346.sql -> outputs/stackoverflow_1gb/14346.txt  (65836 bytes, EXPLAIN stripped)
  [2484/11794] 14347.sql -> outputs/stackoverflow_1gb/14347.txt  (34714 bytes, EXPLAIN stripped)
  [2485/11794] 14348.sql -> outputs/stackoverflow_1gb/14348.txt  (12601 bytes, EXPLAIN stripped)
  [2486/11794] 14349.sql -> outputs/stackoverflow_1gb/14349.txt  (10582 bytes, EXPLAIN stripped)
  [2487/11794] 1435.sql -> outputs/stackoverflow_1gb/1435.txt  (605 bytes, EXPLAIN stripped)
  [2488/11794] 14350.sql -> outputs/stackoverflow_1gb/14350.txt  (318 bytes, EXPLAIN stripped)
  [2489/11794] 14351.sql -> outputs/stackoverflow_1gb/14351.txt  (318 bytes, EXPLAIN stripped)
  [2490/11794] 14352.sql -> outputs/stackoverflow_1gb/14352.txt  (26611 bytes, EXPLAIN stripped)
  [2491/11794] 14354.sql -> outputs/stackoverflow_1gb/14354.txt  (9788 bytes, EXPLAIN stripped)
  [2492/11794] 14355.sql -> outputs/stackoverflow_1gb/14355.txt  (56572 bytes, EXPLAIN stripped)
  [2493/11794] 14356.sql -> outputs/stackoverflow_1gb/14356.txt  (9241 bytes, EXPLAIN stripped)
  [2494/11794] 14358.sql -> outputs/stackoverflow_1gb/14358.txt  (88386 bytes, EXPLAIN stripped)
  [2495/11794] 14360.sql -> outputs/stackoverflow_1gb/14360.txt  (69899 bytes, EXPLAIN stripped)
  [2496/11794] 14362.sql -> outputs/stackoverflow_1gb/14362.txt  (11575 bytes, EXPLAIN stripped)
  [2497/11794] 14367.sql -> outputs/stackoverflow_1gb/14367.txt  (46513 bytes, EXPLAIN stripped)
  [2498/11794] 14368.sql -> outputs/stackoverflow_1gb/14368.txt  (1830 bytes, EXPLAIN stripped)
  [2499/11794] 14369.sql -> outputs/stackoverflow_1gb/14369.txt  (61850 bytes, EXPLAIN stripped)
  [2500/11794] 14370.sql -> outputs/stackoverflow_1gb/14370.txt  (528 bytes, EXPLAIN stripped)
  [2501/11794] 14371.sql -> outputs/stackoverflow_1gb/14371.txt  (46368 bytes, EXPLAIN stripped)
  [2502/11794] 14372.sql -> outputs/stackoverflow_1gb/14372.txt  (378 bytes, EXPLAIN stripped)
  [2503/11794] 14374.sql -> outputs/stackoverflow_1gb/14374.txt  (64 bytes, EXPLAIN stripped)
  [2504/11794] 14375.sql -> outputs/stackoverflow_1gb/14375.txt  (308 bytes, EXPLAIN stripped)
  [2505/11794] 14376.sql -> outputs/stackoverflow_1gb/14376.txt  (194 bytes, EXPLAIN stripped)
  [2506/11794] 14378.sql -> outputs/stackoverflow_1gb/14378.txt  (132112 bytes, EXPLAIN stripped)
  [2507/11794] 14379.sql -> outputs/stackoverflow_1gb/14379.txt  (7606 bytes, EXPLAIN stripped)
  [2508/11794] 14380.sql -> outputs/stackoverflow_1gb/14380.txt  (876 bytes, EXPLAIN stripped)
  [2509/11794] 14381.sql -> outputs/stackoverflow_1gb/14381.txt  (29576 bytes, EXPLAIN stripped)
  [2510/11794] 14382.sql -> outputs/stackoverflow_1gb/14382.txt  (300 bytes, EXPLAIN stripped)
  [2511/11794] 14386.sql -> outputs/stackoverflow_1gb/14386.txt  (8552 bytes, EXPLAIN stripped)
  [2512/11794] 14387.sql -> outputs/stackoverflow_1gb/14387.txt  (112925 bytes, EXPLAIN stripped)
  [2513/11794] 14388.sql -> outputs/stackoverflow_1gb/14388.txt  (378 bytes, EXPLAIN stripped)
  [2514/11794] 14389.sql -> outputs/stackoverflow_1gb/14389.txt  (22673 bytes, EXPLAIN stripped)
  [2515/11794] 1439.sql -> outputs/stackoverflow_1gb/1439.txt  (477 bytes, EXPLAIN stripped)
  [2516/11794] 14391.sql -> outputs/stackoverflow_1gb/14391.txt  (384 bytes, EXPLAIN stripped)
  [2517/11794] 14396.sql -> outputs/stackoverflow_1gb/14396.txt  (388 bytes, EXPLAIN stripped)
  [2518/11794] 14397.sql -> outputs/stackoverflow_1gb/14397.txt  (65635 bytes, EXPLAIN stripped)
  [2519/11794] 14398.sql -> outputs/stackoverflow_1gb/14398.txt  (14190 bytes, EXPLAIN stripped)
  [2520/11794] 14400.sql -> outputs/stackoverflow_1gb/14400.txt  (7273 bytes, EXPLAIN stripped)
  [2521/11794] 14401.sql -> outputs/stackoverflow_1gb/14401.txt  (10743 bytes, EXPLAIN stripped)
  [2522/11794] 14402.sql -> outputs/stackoverflow_1gb/14402.txt  (899 bytes, EXPLAIN stripped)
  [2523/11794] 14403.sql -> outputs/stackoverflow_1gb/14403.txt  (316 bytes, EXPLAIN stripped)
  [2524/11794] 14405.sql -> outputs/stackoverflow_1gb/14405.txt  (629 bytes, EXPLAIN stripped)
  [2525/11794] 14406.sql -> outputs/stackoverflow_1gb/14406.txt  (79729 bytes, EXPLAIN stripped)
  [2526/11794] 14407.sql -> outputs/stackoverflow_1gb/14407.txt  (64796 bytes, EXPLAIN stripped)
  [2527/11794] 14408.sql -> outputs/stackoverflow_1gb/14408.txt  (80230 bytes, EXPLAIN stripped)
  [2528/11794] 14409.sql -> outputs/stackoverflow_1gb/14409.txt  (93330 bytes, EXPLAIN stripped)
  [2529/11794] 14411.sql -> outputs/stackoverflow_1gb/14411.txt  (13959 bytes, EXPLAIN stripped)
  [2530/11794] 14412.sql -> outputs/stackoverflow_1gb/14412.txt  (374 bytes, EXPLAIN stripped)
  [2531/11794] 14415.sql -> outputs/stackoverflow_1gb/14415.txt  (2629 bytes, EXPLAIN stripped)
  [2532/11794] 14416.sql -> outputs/stackoverflow_1gb/14416.txt  (22679 bytes, EXPLAIN stripped)
  [2533/11794] 14418.sql -> outputs/stackoverflow_1gb/14418.txt  (449 bytes, EXPLAIN stripped)
  [2534/11794] 14420.sql -> outputs/stackoverflow_1gb/14420.txt  (415 bytes, EXPLAIN stripped)
  [2535/11794] 14421.sql -> outputs/stackoverflow_1gb/14421.txt  (36372 bytes, EXPLAIN stripped)
  [2536/11794] 14422.sql -> outputs/stackoverflow_1gb/14422.txt  (50597 bytes, EXPLAIN stripped)
  [2537/11794] 14423.sql -> outputs/stackoverflow_1gb/14423.txt  (209 bytes, EXPLAIN stripped)
  [2538/11794] 14425.sql -> outputs/stackoverflow_1gb/14425.txt  (24691 bytes, EXPLAIN stripped)
  [2539/11794] 14426.sql -> outputs/stackoverflow_1gb/14426.txt  (8390 bytes, EXPLAIN stripped)
  [2540/11794] 14428.sql -> outputs/stackoverflow_1gb/14428.txt  (54955 bytes, EXPLAIN stripped)
  [2541/11794] 14429.sql -> outputs/stackoverflow_1gb/14429.txt  (236 bytes, EXPLAIN stripped)
  [2542/11794] 1443.sql -> outputs/stackoverflow_1gb/1443.txt  (99 bytes, EXPLAIN stripped)
  [2543/11794] 14432.sql -> outputs/stackoverflow_1gb/14432.txt  (55576 bytes, EXPLAIN stripped)
  [2544/11794] 14438.sql -> outputs/stackoverflow_1gb/14438.txt  (583 bytes, EXPLAIN stripped)
  [2545/11794] 14441.sql -> outputs/stackoverflow_1gb/14441.txt  (318 bytes, EXPLAIN stripped)
  [2546/11794] 14443.sql -> outputs/stackoverflow_1gb/14443.txt  (643 bytes, EXPLAIN stripped)
  [2547/11794] 14449.sql -> outputs/stackoverflow_1gb/14449.txt  (274 bytes, EXPLAIN stripped)
  [2548/11794] 14451.sql -> outputs/stackoverflow_1gb/14451.txt  (7871 bytes, EXPLAIN stripped)
  [2549/11794] 14454.sql -> outputs/stackoverflow_1gb/14454.txt  (333 bytes, EXPLAIN stripped)
  [2550/11794] 14455.sql -> outputs/stackoverflow_1gb/14455.txt  (347 bytes, EXPLAIN stripped)
  [2551/11794] 14458.sql -> outputs/stackoverflow_1gb/14458.txt  (532 bytes, EXPLAIN stripped)
  [2552/11794] 14460.sql -> outputs/stackoverflow_1gb/14460.txt  (366 bytes, EXPLAIN stripped)
  [2553/11794] 14462.sql -> outputs/stackoverflow_1gb/14462.txt  (83382 bytes, EXPLAIN stripped)
  [2554/11794] 14464.sql -> outputs/stackoverflow_1gb/14464.txt  (8400 bytes, EXPLAIN stripped)
  [2555/11794] 14465.sql -> outputs/stackoverflow_1gb/14465.txt  (11101 bytes, EXPLAIN stripped)
  [2556/11794] 14466.sql -> outputs/stackoverflow_1gb/14466.txt  (14314 bytes, EXPLAIN stripped)
  [2557/11794] 14468.sql -> outputs/stackoverflow_1gb/14468.txt  (6263 bytes, EXPLAIN stripped)
  [2558/11794] 14469.sql -> outputs/stackoverflow_1gb/14469.txt  (63610 bytes, EXPLAIN stripped)
  [2559/11794] 1447.sql -> outputs/stackoverflow_1gb/1447.txt  (57653 bytes, EXPLAIN stripped)
  [2560/11794] 14471.sql -> outputs/stackoverflow_1gb/14471.txt  (34488 bytes, EXPLAIN stripped)
  [2561/11794] 14472.sql -> outputs/stackoverflow_1gb/14472.txt  (274 bytes, EXPLAIN stripped)
  [2562/11794] 14473.sql -> outputs/stackoverflow_1gb/14473.txt  (72089 bytes, EXPLAIN stripped)
  [2563/11794] 14475.sql -> outputs/stackoverflow_1gb/14475.txt  (735 bytes, EXPLAIN stripped)
  [2564/11794] 14476.sql -> outputs/stackoverflow_1gb/14476.txt  (15213 bytes, EXPLAIN stripped)
  [2565/11794] 14477.sql -> outputs/stackoverflow_1gb/14477.txt  (250 bytes, EXPLAIN stripped)
  [2566/11794] 14478.sql -> outputs/stackoverflow_1gb/14478.txt  (11290 bytes, EXPLAIN stripped)
  [2567/11794] 14479.sql -> outputs/stackoverflow_1gb/14479.txt  (159 bytes, EXPLAIN stripped)
  [2568/11794] 14481.sql -> outputs/stackoverflow_1gb/14481.txt  (71387 bytes, EXPLAIN stripped)
  [2569/11794] 14482.sql -> outputs/stackoverflow_1gb/14482.txt  (15034 bytes, EXPLAIN stripped)
  [2570/11794] 14483.sql -> outputs/stackoverflow_1gb/14483.txt  (99408 bytes, EXPLAIN stripped)
  [2571/11794] 14485.sql -> outputs/stackoverflow_1gb/14485.txt  (92768 bytes, EXPLAIN stripped)
  [2572/11794] 14486.sql -> outputs/stackoverflow_1gb/14486.txt  (4741 bytes, EXPLAIN stripped)
  [2573/11794] 14489.sql -> outputs/stackoverflow_1gb/14489.txt  (11396 bytes, EXPLAIN stripped)
  [2574/11794] 14492.sql -> outputs/stackoverflow_1gb/14492.txt  (6624 bytes, EXPLAIN stripped)
  [2575/11794] 14493.sql -> outputs/stackoverflow_1gb/14493.txt  (13165 bytes, EXPLAIN stripped)
  [2576/11794] 14496.sql -> outputs/stackoverflow_1gb/14496.txt  (28708 bytes, EXPLAIN stripped)
  [2577/11794] 14503.sql -> outputs/stackoverflow_1gb/14503.txt  (10546 bytes, EXPLAIN stripped)
  [2578/11794] 14504.sql -> outputs/stackoverflow_1gb/14504.txt  (56816 bytes, EXPLAIN stripped)
  [2579/11794] 14505.sql -> outputs/stackoverflow_1gb/14505.txt  (3334 bytes, EXPLAIN stripped)
  [2580/11794] 14506.sql -> outputs/stackoverflow_1gb/14506.txt  (69719 bytes, EXPLAIN stripped)
  [2581/11794] 14507.sql -> outputs/stackoverflow_1gb/14507.txt  (36587 bytes, EXPLAIN stripped)
  [2582/11794] 14508.sql -> outputs/stackoverflow_1gb/14508.txt  (347 bytes, EXPLAIN stripped)
  [2583/11794] 14509.sql -> outputs/stackoverflow_1gb/14509.txt  (82425 bytes, EXPLAIN stripped)
  [2584/11794] 1451.sql -> outputs/stackoverflow_1gb/1451.txt  (56021 bytes, EXPLAIN stripped)
  [2585/11794] 14510.sql -> outputs/stackoverflow_1gb/14510.txt  (10973 bytes, EXPLAIN stripped)
  [2586/11794] 14511.sql -> outputs/stackoverflow_1gb/14511.txt  (322 bytes, EXPLAIN stripped)
  [2587/11794] 14512.sql -> outputs/stackoverflow_1gb/14512.txt  (39393 bytes, EXPLAIN stripped)
  [2588/11794] 14513.sql -> outputs/stackoverflow_1gb/14513.txt  (78485 bytes, EXPLAIN stripped)
  [2589/11794] 14514.sql -> outputs/stackoverflow_1gb/14514.txt  (34749 bytes, EXPLAIN stripped)
  [2590/11794] 14515.sql -> outputs/stackoverflow_1gb/14515.txt  (96376 bytes, EXPLAIN stripped)
  [2591/11794] 14517.sql -> outputs/stackoverflow_1gb/14517.txt  (53869 bytes, EXPLAIN stripped)
  [2592/11794] 14519.sql -> outputs/stackoverflow_1gb/14519.txt  (73107 bytes, EXPLAIN stripped)
  [2593/11794] 1452.sql -> outputs/stackoverflow_1gb/1452.txt  (512 bytes, EXPLAIN stripped)
  [2594/11794] 14520.sql -> outputs/stackoverflow_1gb/14520.txt  (12199 bytes, EXPLAIN stripped)
  [2595/11794] 14521.sql -> outputs/stackoverflow_1gb/14521.txt  (29318 bytes, EXPLAIN stripped)
  [2596/11794] 14523.sql -> outputs/stackoverflow_1gb/14523.txt  (47830 bytes, EXPLAIN stripped)
  [2597/11794] 14524.sql -> outputs/stackoverflow_1gb/14524.txt  (26 bytes, EXPLAIN stripped)
  [2598/11794] 14525.sql -> outputs/stackoverflow_1gb/14525.txt  (8089 bytes, EXPLAIN stripped)
  [2599/11794] 14526.sql -> outputs/stackoverflow_1gb/14526.txt  (99339 bytes, EXPLAIN stripped)
  [2600/11794] 14527.sql -> outputs/stackoverflow_1gb/14527.txt  (12004 bytes, EXPLAIN stripped)
  [2601/11794] 14528.sql -> outputs/stackoverflow_1gb/14528.txt  (8032 bytes, EXPLAIN stripped)
  [2602/11794] 14529.sql -> outputs/stackoverflow_1gb/14529.txt  (89488 bytes, EXPLAIN stripped)
  [2603/11794] 14530.sql -> outputs/stackoverflow_1gb/14530.txt  (13923 bytes, EXPLAIN stripped)
  [2604/11794] 14531.sql -> outputs/stackoverflow_1gb/14531.txt  (4820 bytes, EXPLAIN stripped)
  [2605/11794] 14532.sql -> outputs/stackoverflow_1gb/14532.txt  (322 bytes, EXPLAIN stripped)
  [2606/11794] 14533.sql -> outputs/stackoverflow_1gb/14533.txt  (310 bytes, EXPLAIN stripped)
  [2607/11794] 14535.sql -> outputs/stackoverflow_1gb/14535.txt  (615 bytes, EXPLAIN stripped)
  [2608/11794] 14536.sql -> outputs/stackoverflow_1gb/14536.txt  (654 bytes, EXPLAIN stripped)
  [2609/11794] 14540.sql -> outputs/stackoverflow_1gb/14540.txt  (7997 bytes, EXPLAIN stripped)
  [2610/11794] 14543.sql -> outputs/stackoverflow_1gb/14543.txt  (122 bytes, EXPLAIN stripped)
  [2611/11794] 14545.sql -> outputs/stackoverflow_1gb/14545.txt  (49835 bytes, EXPLAIN stripped)
  [2612/11794] 14546.sql -> outputs/stackoverflow_1gb/14546.txt  (81662 bytes, EXPLAIN stripped)
  [2613/11794] 14547.sql -> outputs/stackoverflow_1gb/14547.txt  (5153 bytes, EXPLAIN stripped)
  [2614/11794] 14548.sql -> outputs/stackoverflow_1gb/14548.txt  (299 bytes, EXPLAIN stripped)
  [2615/11794] 14550.sql -> outputs/stackoverflow_1gb/14550.txt  (686 bytes, EXPLAIN stripped)
  [2616/11794] 14551.sql -> outputs/stackoverflow_1gb/14551.txt  (9296 bytes, EXPLAIN stripped)
  [2617/11794] 14552.sql -> outputs/stackoverflow_1gb/14552.txt  (585 bytes, EXPLAIN stripped)
  [2618/11794] 14554.sql -> outputs/stackoverflow_1gb/14554.txt  (28616 bytes, EXPLAIN stripped)
  [2619/11794] 14555.sql -> outputs/stackoverflow_1gb/14555.txt  (249 bytes, EXPLAIN stripped)
  [2620/11794] 14556.sql -> outputs/stackoverflow_1gb/14556.txt  (569 bytes, EXPLAIN stripped)
  [2621/11794] 14558.sql -> outputs/stackoverflow_1gb/14558.txt  (477 bytes, EXPLAIN stripped)
  [2622/11794] 14560.sql -> outputs/stackoverflow_1gb/14560.txt  (534 bytes, EXPLAIN stripped)
  [2623/11794] 14561.sql -> outputs/stackoverflow_1gb/14561.txt  (311 bytes, EXPLAIN stripped)
  [2624/11794] 14563.sql -> outputs/stackoverflow_1gb/14563.txt  (36632 bytes, EXPLAIN stripped)
  [2625/11794] 14567.sql -> outputs/stackoverflow_1gb/14567.txt  (65370 bytes, EXPLAIN stripped)
  [2626/11794] 14568.sql -> outputs/stackoverflow_1gb/14568.txt  (300 bytes, EXPLAIN stripped)
  [2627/11794] 14569.sql -> outputs/stackoverflow_1gb/14569.txt  (212 bytes, EXPLAIN stripped)
  [2628/11794] 14571.sql -> outputs/stackoverflow_1gb/14571.txt  (78855 bytes, EXPLAIN stripped)
  [2629/11794] 14576.sql -> outputs/stackoverflow_1gb/14576.txt  (67038 bytes, EXPLAIN stripped)
  [2630/11794] 14579.sql -> outputs/stackoverflow_1gb/14579.txt  (6596 bytes, EXPLAIN stripped)
  [2631/11794] 1458.sql -> outputs/stackoverflow_1gb/1458.txt  (89 bytes, EXPLAIN stripped)
  [2632/11794] 14580.sql -> outputs/stackoverflow_1gb/14580.txt  (300 bytes, EXPLAIN stripped)
  [2633/11794] 14581.sql -> outputs/stackoverflow_1gb/14581.txt  (49747 bytes, EXPLAIN stripped)
  [2634/11794] 14582.sql -> outputs/stackoverflow_1gb/14582.txt  (75098 bytes, EXPLAIN stripped)
  [2635/11794] 14583.sql -> outputs/stackoverflow_1gb/14583.txt  (52457 bytes, EXPLAIN stripped)
  [2636/11794] 14588.sql -> outputs/stackoverflow_1gb/14588.txt  (13529 bytes, EXPLAIN stripped)
  [2637/11794] 14590.sql -> outputs/stackoverflow_1gb/14590.txt  (11408 bytes, EXPLAIN stripped)
  [2638/11794] 14591.sql -> outputs/stackoverflow_1gb/14591.txt  (337 bytes, EXPLAIN stripped)
  [2639/11794] 14595.sql -> outputs/stackoverflow_1gb/14595.txt  (2461 bytes, EXPLAIN stripped)
  [2640/11794] 14596.sql -> outputs/stackoverflow_1gb/14596.txt  (476 bytes, EXPLAIN stripped)
  [2641/11794] 14597.sql -> outputs/stackoverflow_1gb/14597.txt  (69 bytes, EXPLAIN stripped)
  [2642/11794] 14598.sql -> outputs/stackoverflow_1gb/14598.txt  (311 bytes, EXPLAIN stripped)
  [2643/11794] 14599.sql -> outputs/stackoverflow_1gb/14599.txt  (11886 bytes, EXPLAIN stripped)
  [2644/11794] 14600.sql -> outputs/stackoverflow_1gb/14600.txt  (318 bytes, EXPLAIN stripped)
  [2645/11794] 14603.sql -> outputs/stackoverflow_1gb/14603.txt  (251 bytes, EXPLAIN stripped)
  [2646/11794] 14604.sql -> outputs/stackoverflow_1gb/14604.txt  (131 bytes, EXPLAIN stripped)
  [2647/11794] 14605.sql -> outputs/stackoverflow_1gb/14605.txt  (40450 bytes, EXPLAIN stripped)
  [2648/11794] 14606.sql -> outputs/stackoverflow_1gb/14606.txt  (330 bytes, EXPLAIN stripped)
  [2649/11794] 14608.sql -> outputs/stackoverflow_1gb/14608.txt  (686 bytes, EXPLAIN stripped)
  [2650/11794] 14609.sql -> outputs/stackoverflow_1gb/14609.txt  (264 bytes, EXPLAIN stripped)
  [2651/11794] 14611.sql -> outputs/stackoverflow_1gb/14611.txt  (598 bytes, EXPLAIN stripped)
  [2652/11794] 14612.sql -> outputs/stackoverflow_1gb/14612.txt  (3151 bytes, EXPLAIN stripped)
  [2653/11794] 14613.sql -> outputs/stackoverflow_1gb/14613.txt  (4734 bytes, EXPLAIN stripped)
  [2654/11794] 14616.sql -> outputs/stackoverflow_1gb/14616.txt  (61918 bytes, EXPLAIN stripped)
  [2655/11794] 14619.sql -> outputs/stackoverflow_1gb/14619.txt  (257 bytes, EXPLAIN stripped)
  [2656/11794] 14620.sql -> outputs/stackoverflow_1gb/14620.txt  (86452 bytes, EXPLAIN stripped)
  [2657/11794] 14622.sql -> outputs/stackoverflow_1gb/14622.txt  (1372 bytes, EXPLAIN stripped)
  [2658/11794] 14623.sql -> outputs/stackoverflow_1gb/14623.txt  (524 bytes, EXPLAIN stripped)
  [2659/11794] 14624.sql -> outputs/stackoverflow_1gb/14624.txt  (97091 bytes, EXPLAIN stripped)
  [2660/11794] 14627.sql -> outputs/stackoverflow_1gb/14627.txt  (317 bytes, EXPLAIN stripped)
  [2661/11794] 14628.sql -> outputs/stackoverflow_1gb/14628.txt  (31511 bytes, EXPLAIN stripped)
  [2662/11794] 14629.sql -> outputs/stackoverflow_1gb/14629.txt  (56043 bytes, EXPLAIN stripped)
  [2663/11794] 1463.sql -> outputs/stackoverflow_1gb/1463.txt  (2233 bytes, EXPLAIN stripped)
  [2664/11794] 14632.sql -> outputs/stackoverflow_1gb/14632.txt  (43078 bytes, EXPLAIN stripped)
  [2665/11794] 14633.sql -> outputs/stackoverflow_1gb/14633.txt  (9211 bytes, EXPLAIN stripped)
  [2666/11794] 14634.sql -> outputs/stackoverflow_1gb/14634.txt  (68392 bytes, EXPLAIN stripped)
  [2667/11794] 14635.sql -> outputs/stackoverflow_1gb/14635.txt  (8592 bytes, EXPLAIN stripped)
  [2668/11794] 14638.sql -> outputs/stackoverflow_1gb/14638.txt  (107992 bytes, EXPLAIN stripped)
  [2669/11794] 14639.sql -> outputs/stackoverflow_1gb/14639.txt  (72398 bytes, EXPLAIN stripped)
  [2670/11794] 14641.sql -> outputs/stackoverflow_1gb/14641.txt  (318 bytes, EXPLAIN stripped)
  [2671/11794] 14642.sql -> outputs/stackoverflow_1gb/14642.txt  (40758 bytes, EXPLAIN stripped)
  [2672/11794] 14644.sql -> outputs/stackoverflow_1gb/14644.txt  (34656 bytes, EXPLAIN stripped)
  [2673/11794] 14645.sql -> outputs/stackoverflow_1gb/14645.txt  (65796 bytes, EXPLAIN stripped)
  [2674/11794] 14648.sql -> outputs/stackoverflow_1gb/14648.txt  (31626 bytes, EXPLAIN stripped)
  [2675/11794] 14649.sql -> outputs/stackoverflow_1gb/14649.txt  (115094 bytes, EXPLAIN stripped)
  [2676/11794] 14651.sql -> outputs/stackoverflow_1gb/14651.txt  (30033 bytes, EXPLAIN stripped)
  [2677/11794] 14652.sql -> outputs/stackoverflow_1gb/14652.txt  (51749 bytes, EXPLAIN stripped)
  [2678/11794] 14653.sql -> outputs/stackoverflow_1gb/14653.txt  (7567 bytes, EXPLAIN stripped)
  [2679/11794] 14655.sql -> outputs/stackoverflow_1gb/14655.txt  (86 bytes, EXPLAIN stripped)
  [2680/11794] 1466.sql -> outputs/stackoverflow_1gb/1466.txt  (122322 bytes, EXPLAIN stripped)
  [2681/11794] 14660.sql -> outputs/stackoverflow_1gb/14660.txt  (28450 bytes, EXPLAIN stripped)
  [2682/11794] 14661.sql -> outputs/stackoverflow_1gb/14661.txt  (91835 bytes, EXPLAIN stripped)
  [2683/11794] 14662.sql -> outputs/stackoverflow_1gb/14662.txt  (90668 bytes, EXPLAIN stripped)
  [2684/11794] 14665.sql -> outputs/stackoverflow_1gb/14665.txt  (463 bytes, EXPLAIN stripped)
  [2685/11794] 14668.sql -> outputs/stackoverflow_1gb/14668.txt  (7424 bytes, EXPLAIN stripped)
  [2686/11794] 1467.sql -> outputs/stackoverflow_1gb/1467.txt  (13475 bytes, EXPLAIN stripped)
  [2687/11794] 14670.sql -> outputs/stackoverflow_1gb/14670.txt  (4075 bytes, EXPLAIN stripped)
  [2688/11794] 14671.sql -> outputs/stackoverflow_1gb/14671.txt  (38991 bytes, EXPLAIN stripped)
  [2689/11794] 14673.sql -> outputs/stackoverflow_1gb/14673.txt  (72728 bytes, EXPLAIN stripped)
  [2690/11794] 14674.sql -> outputs/stackoverflow_1gb/14674.txt  (855 bytes, EXPLAIN stripped)
  [2691/11794] 14676.sql -> outputs/stackoverflow_1gb/14676.txt  (482 bytes, EXPLAIN stripped)
  [2692/11794] 1468.sql -> outputs/stackoverflow_1gb/1468.txt  (723 bytes, EXPLAIN stripped)
  [2693/11794] 14682.sql -> outputs/stackoverflow_1gb/14682.txt  (60648 bytes, EXPLAIN stripped)
  [2694/11794] 14685.sql -> outputs/stackoverflow_1gb/14685.txt  (542 bytes, EXPLAIN stripped)
  [2695/11794] 14687.sql -> outputs/stackoverflow_1gb/14687.txt  (73822 bytes, EXPLAIN stripped)
  [2696/11794] 14689.sql -> outputs/stackoverflow_1gb/14689.txt  (9413 bytes, EXPLAIN stripped)
  [2697/11794] 14692.sql -> outputs/stackoverflow_1gb/14692.txt  (34896 bytes, EXPLAIN stripped)
  [2698/11794] 14693.sql -> outputs/stackoverflow_1gb/14693.txt  (4935 bytes, EXPLAIN stripped)
  [2699/11794] 14694.sql -> outputs/stackoverflow_1gb/14694.txt  (8113 bytes, EXPLAIN stripped)
  [2700/11794] 14696.sql -> outputs/stackoverflow_1gb/14696.txt  (391 bytes, EXPLAIN stripped)
  [2701/11794] 1470.sql -> outputs/stackoverflow_1gb/1470.txt  (348 bytes, EXPLAIN stripped)
  [2702/11794] 14700.sql -> outputs/stackoverflow_1gb/14700.txt  (6912 bytes, EXPLAIN stripped)
  [2703/11794] 14703.sql -> outputs/stackoverflow_1gb/14703.txt  (912 bytes, EXPLAIN stripped)
  [2704/11794] 14708.sql -> outputs/stackoverflow_1gb/14708.txt  (8414 bytes, EXPLAIN stripped)
  [2705/11794] 14709.sql -> outputs/stackoverflow_1gb/14709.txt  (347 bytes, EXPLAIN stripped)
  [2706/11794] 14710.sql -> outputs/stackoverflow_1gb/14710.txt  (20920 bytes, EXPLAIN stripped)
  [2707/11794] 14713.sql -> outputs/stackoverflow_1gb/14713.txt  (66914 bytes, EXPLAIN stripped)
  [2708/11794] 14715.sql -> outputs/stackoverflow_1gb/14715.txt  (9436 bytes, EXPLAIN stripped)
  [2709/11794] 14717.sql -> outputs/stackoverflow_1gb/14717.txt  (122 bytes, EXPLAIN stripped)
  [2710/11794] 14719.sql -> outputs/stackoverflow_1gb/14719.txt  (157 bytes, EXPLAIN stripped)
  [2711/11794] 1472.sql -> outputs/stackoverflow_1gb/1472.txt  (1039 bytes, EXPLAIN stripped)
  [2712/11794] 14720.sql -> outputs/stackoverflow_1gb/14720.txt  (106108 bytes, EXPLAIN stripped)
  [2713/11794] 14722.sql -> outputs/stackoverflow_1gb/14722.txt  (65679 bytes, EXPLAIN stripped)
  [2714/11794] 14723.sql -> outputs/stackoverflow_1gb/14723.txt  (12561 bytes, EXPLAIN stripped)
  [2715/11794] 14726.sql -> outputs/stackoverflow_1gb/14726.txt  (968 bytes, EXPLAIN stripped)
  [2716/11794] 14727.sql -> outputs/stackoverflow_1gb/14727.txt  (93 bytes, EXPLAIN stripped)
  [2717/11794] 14728.sql -> outputs/stackoverflow_1gb/14728.txt  (54 bytes, EXPLAIN stripped)
  [2718/11794] 14729.sql -> outputs/stackoverflow_1gb/14729.txt  (99262 bytes, EXPLAIN stripped)
  [2719/11794] 1473.sql -> outputs/stackoverflow_1gb/1473.txt  (72 bytes, EXPLAIN stripped)
  [2720/11794] 14730.sql -> outputs/stackoverflow_1gb/14730.txt  (479 bytes, EXPLAIN stripped)
  [2721/11794] 14731.sql -> outputs/stackoverflow_1gb/14731.txt  (47177 bytes, EXPLAIN stripped)
  [2722/11794] 14732.sql -> outputs/stackoverflow_1gb/14732.txt  (82150 bytes, EXPLAIN stripped)
  [2723/11794] 14735.sql -> outputs/stackoverflow_1gb/14735.txt  (58889 bytes, EXPLAIN stripped)
  [2724/11794] 14739.sql -> outputs/stackoverflow_1gb/14739.txt  (38644 bytes, EXPLAIN stripped)
  [2725/11794] 1474.sql -> outputs/stackoverflow_1gb/1474.txt  (3060 bytes, EXPLAIN stripped)
  [2726/11794] 14740.sql -> outputs/stackoverflow_1gb/14740.txt  (67334 bytes, EXPLAIN stripped)
  [2727/11794] 14741.sql -> outputs/stackoverflow_1gb/14741.txt  (98823 bytes, EXPLAIN stripped)
  [2728/11794] 14743.sql -> outputs/stackoverflow_1gb/14743.txt  (310 bytes, EXPLAIN stripped)
  [2729/11794] 14747.sql -> outputs/stackoverflow_1gb/14747.txt  (8405 bytes, EXPLAIN stripped)
  [2730/11794] 14751.sql -> outputs/stackoverflow_1gb/14751.txt  (5453 bytes, EXPLAIN stripped)
  [2731/11794] 14752.sql -> outputs/stackoverflow_1gb/14752.txt  (10221 bytes, EXPLAIN stripped)
  [2732/11794] 14753.sql -> outputs/stackoverflow_1gb/14753.txt  (222 bytes, EXPLAIN stripped)
  [2733/11794] 14757.sql -> outputs/stackoverflow_1gb/14757.txt  (784 bytes, EXPLAIN stripped)
  [2734/11794] 14758.sql -> outputs/stackoverflow_1gb/14758.txt  (70297 bytes, EXPLAIN stripped)
  [2735/11794] 14759.sql -> outputs/stackoverflow_1gb/14759.txt  (711 bytes, EXPLAIN stripped)
  [2736/11794] 14760.sql -> outputs/stackoverflow_1gb/14760.txt  (21573 bytes, EXPLAIN stripped)
  [2737/11794] 14762.sql -> outputs/stackoverflow_1gb/14762.txt  (7370 bytes, EXPLAIN stripped)
  [2738/11794] 14763.sql -> outputs/stackoverflow_1gb/14763.txt  (494 bytes, EXPLAIN stripped)
  [2739/11794] 14766.sql -> outputs/stackoverflow_1gb/14766.txt  (8543 bytes, EXPLAIN stripped)
  [2740/11794] 14769.sql -> outputs/stackoverflow_1gb/14769.txt  (11758 bytes, EXPLAIN stripped)
  [2741/11794] 14770.sql -> outputs/stackoverflow_1gb/14770.txt  (108207 bytes, EXPLAIN stripped)
  [2742/11794] 14771.sql -> outputs/stackoverflow_1gb/14771.txt  (128765 bytes, EXPLAIN stripped)
  [2743/11794] 14772.sql -> outputs/stackoverflow_1gb/14772.txt  (21515 bytes, EXPLAIN stripped)
  [2744/11794] 14775.sql -> outputs/stackoverflow_1gb/14775.txt  (538 bytes, EXPLAIN stripped)
  [2745/11794] 14776.sql -> outputs/stackoverflow_1gb/14776.txt  (6267 bytes, EXPLAIN stripped)
  [2746/11794] 14777.sql -> outputs/stackoverflow_1gb/14777.txt  (56529 bytes, EXPLAIN stripped)
  [2747/11794] 14779.sql -> outputs/stackoverflow_1gb/14779.txt  (66434 bytes, EXPLAIN stripped)
  [2748/11794] 14780.sql -> outputs/stackoverflow_1gb/14780.txt  (68336 bytes, EXPLAIN stripped)
  [2749/11794] 14781.sql -> outputs/stackoverflow_1gb/14781.txt  (39000 bytes, EXPLAIN stripped)
  [2750/11794] 14782.sql -> outputs/stackoverflow_1gb/14782.txt  (7790 bytes, EXPLAIN stripped)
  [2751/11794] 14784.sql -> outputs/stackoverflow_1gb/14784.txt  (23985 bytes, EXPLAIN stripped)
  [2752/11794] 14785.sql -> outputs/stackoverflow_1gb/14785.txt  (10043 bytes, EXPLAIN stripped)
  [2753/11794] 14787.sql -> outputs/stackoverflow_1gb/14787.txt  (282 bytes, EXPLAIN stripped)
  [2754/11794] 14788.sql -> outputs/stackoverflow_1gb/14788.txt  (36770 bytes, EXPLAIN stripped)
  [2755/11794] 1479.sql -> outputs/stackoverflow_1gb/1479.txt  (118 bytes, EXPLAIN stripped)
  [2756/11794] 14790.sql -> outputs/stackoverflow_1gb/14790.txt  (130 bytes, EXPLAIN stripped)
  [2757/11794] 14792.sql -> outputs/stackoverflow_1gb/14792.txt  (11574 bytes, EXPLAIN stripped)
  [2758/11794] 14793.sql -> outputs/stackoverflow_1gb/14793.txt  (816 bytes, EXPLAIN stripped)
  [2759/11794] 14794.sql -> outputs/stackoverflow_1gb/14794.txt  (3931 bytes, EXPLAIN stripped)
  [2760/11794] 14795.sql -> outputs/stackoverflow_1gb/14795.txt  (66128 bytes, EXPLAIN stripped)
  [2761/11794] 14799.sql -> outputs/stackoverflow_1gb/14799.txt  (4165 bytes, EXPLAIN stripped)
  [2762/11794] 148.sql -> outputs/stackoverflow_1gb/148.txt  (126653 bytes, EXPLAIN stripped)
  [2763/11794] 1480.sql -> outputs/stackoverflow_1gb/1480.txt  (678 bytes, EXPLAIN stripped)
  [2764/11794] 14802.sql -> outputs/stackoverflow_1gb/14802.txt  (45713 bytes, EXPLAIN stripped)
  [2765/11794] 14804.sql -> outputs/stackoverflow_1gb/14804.txt  (49306 bytes, EXPLAIN stripped)
  [2766/11794] 14805.sql -> outputs/stackoverflow_1gb/14805.txt  (9977 bytes, EXPLAIN stripped)
  [2767/11794] 14807.sql -> outputs/stackoverflow_1gb/14807.txt  (156 bytes, EXPLAIN stripped)
  [2768/11794] 14808.sql -> outputs/stackoverflow_1gb/14808.txt  (12006 bytes, EXPLAIN stripped)
  [2769/11794] 14809.sql -> outputs/stackoverflow_1gb/14809.txt  (6382 bytes, EXPLAIN stripped)
  [2770/11794] 1481.sql -> outputs/stackoverflow_1gb/1481.txt  (2650 bytes, EXPLAIN stripped)
  [2771/11794] 14810.sql -> outputs/stackoverflow_1gb/14810.txt  (70493 bytes, EXPLAIN stripped)
  [2772/11794] 14814.sql -> outputs/stackoverflow_1gb/14814.txt  (16520 bytes, EXPLAIN stripped)
  [2773/11794] 14815.sql -> outputs/stackoverflow_1gb/14815.txt  (374 bytes, EXPLAIN stripped)
  [2774/11794] 14816.sql -> outputs/stackoverflow_1gb/14816.txt  (8459 bytes, EXPLAIN stripped)
  [2775/11794] 14817.sql -> outputs/stackoverflow_1gb/14817.txt  (744 bytes, EXPLAIN stripped)
  [2776/11794] 14819.sql -> outputs/stackoverflow_1gb/14819.txt  (65821 bytes, EXPLAIN stripped)
  [2777/11794] 14821.sql -> outputs/stackoverflow_1gb/14821.txt  (83 bytes, EXPLAIN stripped)
  [2778/11794] 14822.sql -> outputs/stackoverflow_1gb/14822.txt  (59268 bytes, EXPLAIN stripped)
  [2779/11794] 14823.sql -> outputs/stackoverflow_1gb/14823.txt  (692 bytes, EXPLAIN stripped)
  [2780/11794] 14826.sql -> outputs/stackoverflow_1gb/14826.txt  (317 bytes, EXPLAIN stripped)
  [2781/11794] 14827.sql -> outputs/stackoverflow_1gb/14827.txt  (67211 bytes, EXPLAIN stripped)
  [2782/11794] 14828.sql -> outputs/stackoverflow_1gb/14828.txt  (156 bytes, EXPLAIN stripped)
  [2783/11794] 14829.sql -> outputs/stackoverflow_1gb/14829.txt  (81526 bytes, EXPLAIN stripped)
  [2784/11794] 14830.sql -> outputs/stackoverflow_1gb/14830.txt  (11621 bytes, EXPLAIN stripped)
  [2785/11794] 14834.sql -> outputs/stackoverflow_1gb/14834.txt  (5466 bytes, EXPLAIN stripped)
  [2786/11794] 14835.sql -> outputs/stackoverflow_1gb/14835.txt  (5951 bytes, EXPLAIN stripped)
  [2787/11794] 14836.sql -> outputs/stackoverflow_1gb/14836.txt  (248 bytes, EXPLAIN stripped)
  [2788/11794] 14838.sql -> outputs/stackoverflow_1gb/14838.txt  (160 bytes, EXPLAIN stripped)
  [2789/11794] 14841.sql -> outputs/stackoverflow_1gb/14841.txt  (7342 bytes, EXPLAIN stripped)
  [2790/11794] 14842.sql -> outputs/stackoverflow_1gb/14842.txt  (21939 bytes, EXPLAIN stripped)
  [2791/11794] 14843.sql -> outputs/stackoverflow_1gb/14843.txt  (214 bytes, EXPLAIN stripped)
  [2792/11794] 14844.sql -> outputs/stackoverflow_1gb/14844.txt  (9903 bytes, EXPLAIN stripped)
  [2793/11794] 14845.sql -> outputs/stackoverflow_1gb/14845.txt  (20644 bytes, EXPLAIN stripped)
  [2794/11794] 14848.sql -> outputs/stackoverflow_1gb/14848.txt  (26192 bytes, EXPLAIN stripped)
  [2795/11794] 14849.sql -> outputs/stackoverflow_1gb/14849.txt  (314 bytes, EXPLAIN stripped)
  [2796/11794] 14850.sql -> outputs/stackoverflow_1gb/14850.txt  (760 bytes, EXPLAIN stripped)
  [2797/11794] 14851.sql -> outputs/stackoverflow_1gb/14851.txt  (857 bytes, EXPLAIN stripped)
  [2798/11794] 14852.sql -> outputs/stackoverflow_1gb/14852.txt  (39627 bytes, EXPLAIN stripped)
  [2799/11794] 14853.sql -> outputs/stackoverflow_1gb/14853.txt  (104947 bytes, EXPLAIN stripped)
  [2800/11794] 14854.sql -> outputs/stackoverflow_1gb/14854.txt  (113 bytes, EXPLAIN stripped)
  [2801/11794] 14855.sql -> outputs/stackoverflow_1gb/14855.txt  (359 bytes, EXPLAIN stripped)
  [2802/11794] 14856.sql -> outputs/stackoverflow_1gb/14856.txt  (45999 bytes, EXPLAIN stripped)
  [2803/11794] 14857.sql -> outputs/stackoverflow_1gb/14857.txt  (63807 bytes, EXPLAIN stripped)
  [2804/11794] 14858.sql -> outputs/stackoverflow_1gb/14858.txt  (628 bytes, EXPLAIN stripped)
  [2805/11794] 14860.sql -> outputs/stackoverflow_1gb/14860.txt  (198 bytes, EXPLAIN stripped)
  [2806/11794] 14861.sql -> outputs/stackoverflow_1gb/14861.txt  (143502 bytes, EXPLAIN stripped)
  [2807/11794] 14864.sql -> outputs/stackoverflow_1gb/14864.txt  (5212 bytes, EXPLAIN stripped)
  [2808/11794] 14865.sql -> outputs/stackoverflow_1gb/14865.txt  (407 bytes, EXPLAIN stripped)
  [2809/11794] 14867.sql -> outputs/stackoverflow_1gb/14867.txt  (100181 bytes, EXPLAIN stripped)
  [2810/11794] 1487.sql -> outputs/stackoverflow_1gb/1487.txt  (67028 bytes, EXPLAIN stripped)
  [2811/11794] 14871.sql -> outputs/stackoverflow_1gb/14871.txt  (12043 bytes, EXPLAIN stripped)
  [2812/11794] 14872.sql -> outputs/stackoverflow_1gb/14872.txt  (383 bytes, EXPLAIN stripped)
  [2813/11794] 14873.sql -> outputs/stackoverflow_1gb/14873.txt  (136905 bytes, EXPLAIN stripped)
  [2814/11794] 14874.sql -> outputs/stackoverflow_1gb/14874.txt  (62524 bytes, EXPLAIN stripped)
  [2815/11794] 14875.sql -> outputs/stackoverflow_1gb/14875.txt  (118366 bytes, EXPLAIN stripped)
  [2816/11794] 14876.sql -> outputs/stackoverflow_1gb/14876.txt  (743 bytes, EXPLAIN stripped)
  [2817/11794] 14878.sql -> outputs/stackoverflow_1gb/14878.txt  (464 bytes, EXPLAIN stripped)
  [2818/11794] 14879.sql -> outputs/stackoverflow_1gb/14879.txt  (83 bytes, EXPLAIN stripped)
  [2819/11794] 14880.sql -> outputs/stackoverflow_1gb/14880.txt  (152 bytes, EXPLAIN stripped)
  [2820/11794] 14885.sql -> outputs/stackoverflow_1gb/14885.txt  (51329 bytes, EXPLAIN stripped)
  [2821/11794] 14888.sql -> outputs/stackoverflow_1gb/14888.txt  (12199 bytes, EXPLAIN stripped)
  [2822/11794] 14889.sql -> outputs/stackoverflow_1gb/14889.txt  (21 bytes, EXPLAIN stripped)
  [2823/11794] 1489.sql -> outputs/stackoverflow_1gb/1489.txt  (2657 bytes, EXPLAIN stripped)
  [2824/11794] 14890.sql -> outputs/stackoverflow_1gb/14890.txt  (754 bytes, EXPLAIN stripped)
  [2825/11794] 14891.sql -> outputs/stackoverflow_1gb/14891.txt  (80039 bytes, EXPLAIN stripped)
  [2826/11794] 14892.sql -> outputs/stackoverflow_1gb/14892.txt  (47627 bytes, EXPLAIN stripped)
  [2827/11794] 14893.sql -> outputs/stackoverflow_1gb/14893.txt  (83 bytes, EXPLAIN stripped)
  [2828/11794] 14894.sql -> outputs/stackoverflow_1gb/14894.txt  (75661 bytes, EXPLAIN stripped)
  [2829/11794] 14895.sql -> outputs/stackoverflow_1gb/14895.txt  (95584 bytes, EXPLAIN stripped)
  [2830/11794] 14897.sql -> outputs/stackoverflow_1gb/14897.txt  (274 bytes, EXPLAIN stripped)
  [2831/11794] 14898.sql -> outputs/stackoverflow_1gb/14898.txt  (72174 bytes, EXPLAIN stripped)
  [2832/11794] 149.sql -> outputs/stackoverflow_1gb/149.txt  (1180 bytes, EXPLAIN stripped)
  [2833/11794] 14901.sql -> outputs/stackoverflow_1gb/14901.txt  (53768 bytes, EXPLAIN stripped)
  [2834/11794] 14903.sql -> outputs/stackoverflow_1gb/14903.txt  (193 bytes, EXPLAIN stripped)
  [2835/11794] 14904.sql -> outputs/stackoverflow_1gb/14904.txt  (33144 bytes, EXPLAIN stripped)
  [2836/11794] 14905.sql -> outputs/stackoverflow_1gb/14905.txt  (79171 bytes, EXPLAIN stripped)
  [2837/11794] 14906.sql -> outputs/stackoverflow_1gb/14906.txt  (60830 bytes, EXPLAIN stripped)
  [2838/11794] 14907.sql -> outputs/stackoverflow_1gb/14907.txt  (85235 bytes, EXPLAIN stripped)
  [2839/11794] 14908.sql -> outputs/stackoverflow_1gb/14908.txt  (5289 bytes, EXPLAIN stripped)
  [2840/11794] 14910.sql -> outputs/stackoverflow_1gb/14910.txt  (317 bytes, EXPLAIN stripped)
  [2841/11794] 14912.sql -> outputs/stackoverflow_1gb/14912.txt  (887 bytes, EXPLAIN stripped)
  [2842/11794] 14913.sql -> outputs/stackoverflow_1gb/14913.txt  (556 bytes, EXPLAIN stripped)
  [2843/11794] 14915.sql -> outputs/stackoverflow_1gb/14915.txt  (310 bytes, EXPLAIN stripped)
  [2844/11794] 14916.sql -> outputs/stackoverflow_1gb/14916.txt  (36696 bytes, EXPLAIN stripped)
  [2845/11794] 14917.sql -> outputs/stackoverflow_1gb/14917.txt  (74442 bytes, EXPLAIN stripped)
  [2846/11794] 14919.sql -> outputs/stackoverflow_1gb/14919.txt  (369 bytes, EXPLAIN stripped)
  [2847/11794] 1492.sql -> outputs/stackoverflow_1gb/1492.txt  (97 bytes, EXPLAIN stripped)
  [2848/11794] 14920.sql -> outputs/stackoverflow_1gb/14920.txt  (367 bytes, EXPLAIN stripped)
  [2849/11794] 14922.sql -> outputs/stackoverflow_1gb/14922.txt  (16539 bytes, EXPLAIN stripped)
  [2850/11794] 14924.sql -> outputs/stackoverflow_1gb/14924.txt  (793 bytes, EXPLAIN stripped)
  [2851/11794] 14925.sql -> outputs/stackoverflow_1gb/14925.txt  (1795 bytes, EXPLAIN stripped)
  [2852/11794] 14926.sql -> outputs/stackoverflow_1gb/14926.txt  (342 bytes, EXPLAIN stripped)
  [2853/11794] 14927.sql -> outputs/stackoverflow_1gb/14927.txt  (95898 bytes, EXPLAIN stripped)
  [2854/11794] 14928.sql -> outputs/stackoverflow_1gb/14928.txt  (70280 bytes, EXPLAIN stripped)
  [2855/11794] 14929.sql -> outputs/stackoverflow_1gb/14929.txt  (9016 bytes, EXPLAIN stripped)
  [2856/11794] 14930.sql -> outputs/stackoverflow_1gb/14930.txt  (273 bytes, EXPLAIN stripped)
  [2857/11794] 14931.sql -> outputs/stackoverflow_1gb/14931.txt  (123098 bytes, EXPLAIN stripped)
  [2858/11794] 14932.sql -> outputs/stackoverflow_1gb/14932.txt  (53506 bytes, EXPLAIN stripped)
  [2859/11794] 14934.sql -> outputs/stackoverflow_1gb/14934.txt  (37571 bytes, EXPLAIN stripped)
  [2860/11794] 14935.sql -> outputs/stackoverflow_1gb/14935.txt  (206 bytes, EXPLAIN stripped)
  [2861/11794] 14937.sql -> outputs/stackoverflow_1gb/14937.txt  (273 bytes, EXPLAIN stripped)
  [2862/11794] 14938.sql -> outputs/stackoverflow_1gb/14938.txt  (172 bytes, EXPLAIN stripped)
  [2863/11794] 1494.sql -> outputs/stackoverflow_1gb/1494.txt  (3409 bytes, EXPLAIN stripped)
  [2864/11794] 14940.sql -> outputs/stackoverflow_1gb/14940.txt  (8136 bytes, EXPLAIN stripped)
  [2865/11794] 14942.sql -> outputs/stackoverflow_1gb/14942.txt  (492 bytes, EXPLAIN stripped)
  [2866/11794] 14943.sql -> outputs/stackoverflow_1gb/14943.txt  (389 bytes, EXPLAIN stripped)
  [2867/11794] 14944.sql -> outputs/stackoverflow_1gb/14944.txt  (3385 bytes, EXPLAIN stripped)
  [2868/11794] 14945.sql -> outputs/stackoverflow_1gb/14945.txt  (38128 bytes, EXPLAIN stripped)
  [2869/11794] 14948.sql -> outputs/stackoverflow_1gb/14948.txt  (669 bytes, EXPLAIN stripped)
  [2870/11794] 1495.sql -> outputs/stackoverflow_1gb/1495.txt  (806 bytes, EXPLAIN stripped)
  [2871/11794] 14950.sql -> outputs/stackoverflow_1gb/14950.txt  (37685 bytes, EXPLAIN stripped)
  [2872/11794] 14951.sql -> outputs/stackoverflow_1gb/14951.txt  (124341 bytes, EXPLAIN stripped)
  [2873/11794] 14952.sql -> outputs/stackoverflow_1gb/14952.txt  (8928 bytes, EXPLAIN stripped)
  [2874/11794] 14953.sql -> outputs/stackoverflow_1gb/14953.txt  (88329 bytes, EXPLAIN stripped)
  [2875/11794] 14954.sql -> outputs/stackoverflow_1gb/14954.txt  (463 bytes, EXPLAIN stripped)
  [2876/11794] 14958.sql -> outputs/stackoverflow_1gb/14958.txt  (48771 bytes, EXPLAIN stripped)
  [2877/11794] 14959.sql -> outputs/stackoverflow_1gb/14959.txt  (304 bytes, EXPLAIN stripped)
  [2878/11794] 14966.sql -> outputs/stackoverflow_1gb/14966.txt  (848 bytes, EXPLAIN stripped)
  [2879/11794] 14967.sql -> outputs/stackoverflow_1gb/14967.txt  (377 bytes, EXPLAIN stripped)
  [2880/11794] 1497.sql -> outputs/stackoverflow_1gb/1497.txt  (2238 bytes, EXPLAIN stripped)
  [2881/11794] 14973.sql -> outputs/stackoverflow_1gb/14973.txt  (211 bytes, EXPLAIN stripped)
  [2882/11794] 14974.sql -> outputs/stackoverflow_1gb/14974.txt  (8989 bytes, EXPLAIN stripped)
  [2883/11794] 14975.sql -> outputs/stackoverflow_1gb/14975.txt  (299 bytes, EXPLAIN stripped)
  [2884/11794] 14976.sql -> outputs/stackoverflow_1gb/14976.txt  (772 bytes, EXPLAIN stripped)
  [2885/11794] 14978.sql -> outputs/stackoverflow_1gb/14978.txt  (416 bytes, EXPLAIN stripped)
  [2886/11794] 14979.sql -> outputs/stackoverflow_1gb/14979.txt  (42018 bytes, EXPLAIN stripped)
  [2887/11794] 1498.sql -> outputs/stackoverflow_1gb/1498.txt  (1826 bytes, EXPLAIN stripped)
  [2888/11794] 14980.sql -> outputs/stackoverflow_1gb/14980.txt  (48516 bytes, EXPLAIN stripped)
  [2889/11794] 14981.sql -> outputs/stackoverflow_1gb/14981.txt  (30652 bytes, EXPLAIN stripped)
  [2890/11794] 14983.sql -> outputs/stackoverflow_1gb/14983.txt  (599 bytes, EXPLAIN stripped)
  [2891/11794] 14984.sql -> outputs/stackoverflow_1gb/14984.txt  (44550 bytes, EXPLAIN stripped)
  [2892/11794] 14985.sql -> outputs/stackoverflow_1gb/14985.txt  (408 bytes, EXPLAIN stripped)
  [2893/11794] 14990.sql -> outputs/stackoverflow_1gb/14990.txt  (319 bytes, EXPLAIN stripped)
  [2894/11794] 14991.sql -> outputs/stackoverflow_1gb/14991.txt  (79464 bytes, EXPLAIN stripped)
  [2895/11794] 14992.sql -> outputs/stackoverflow_1gb/14992.txt  (9488 bytes, EXPLAIN stripped)
  [2896/11794] 14993.sql -> outputs/stackoverflow_1gb/14993.txt  (10824 bytes, EXPLAIN stripped)
  [2897/11794] 14994.sql -> outputs/stackoverflow_1gb/14994.txt  (318 bytes, EXPLAIN stripped)
  [2898/11794] 14996.sql -> outputs/stackoverflow_1gb/14996.txt  (12143 bytes, EXPLAIN stripped)
  [2899/11794] 14997.sql -> outputs/stackoverflow_1gb/14997.txt  (299 bytes, EXPLAIN stripped)
  [2900/11794] 14999.sql -> outputs/stackoverflow_1gb/14999.txt  (246 bytes, EXPLAIN stripped)
  [2901/11794] 1500.sql -> outputs/stackoverflow_1gb/1500.txt  (115 bytes, EXPLAIN stripped)
  [2902/11794] 15001.sql -> outputs/stackoverflow_1gb/15001.txt  (1126 bytes, EXPLAIN stripped)
  [2903/11794] 15002.sql -> outputs/stackoverflow_1gb/15002.txt  (1215 bytes, EXPLAIN stripped)
  [2904/11794] 15003.sql -> outputs/stackoverflow_1gb/15003.txt  (1093 bytes, EXPLAIN stripped)
  [2905/11794] 15004.sql -> outputs/stackoverflow_1gb/15004.txt  (811 bytes, EXPLAIN stripped)
  [2906/11794] 15005.sql -> outputs/stackoverflow_1gb/15005.txt  (1151 bytes, EXPLAIN stripped)
  [2907/11794] 15006.sql -> outputs/stackoverflow_1gb/15006.txt  (1135 bytes, EXPLAIN stripped)
  [2908/11794] 15007.sql -> outputs/stackoverflow_1gb/15007.txt  (1138 bytes, EXPLAIN stripped)
  [2909/11794] 15008.sql -> outputs/stackoverflow_1gb/15008.txt  (1096 bytes, EXPLAIN stripped)
  [2910/11794] 15009.sql -> outputs/stackoverflow_1gb/15009.txt  (1219 bytes, EXPLAIN stripped)
  [2911/11794] 15010.sql -> outputs/stackoverflow_1gb/15010.txt  (1247 bytes, EXPLAIN stripped)
  [2912/11794] 15011.sql -> outputs/stackoverflow_1gb/15011.txt  (1093 bytes, EXPLAIN stripped)
  [2913/11794] 15012.sql -> outputs/stackoverflow_1gb/15012.txt  (1123 bytes, EXPLAIN stripped)
  [2914/11794] 15013.sql -> outputs/stackoverflow_1gb/15013.txt  (1279 bytes, EXPLAIN stripped)
  [2915/11794] 15014.sql -> outputs/stackoverflow_1gb/15014.txt  (1171 bytes, EXPLAIN stripped)
  [2916/11794] 15015.sql -> outputs/stackoverflow_1gb/15015.txt  (1132 bytes, EXPLAIN stripped)
  [2917/11794] 15016.sql -> outputs/stackoverflow_1gb/15016.txt  (1188 bytes, EXPLAIN stripped)
  [2918/11794] 15017.sql -> outputs/stackoverflow_1gb/15017.txt  (1942 bytes, EXPLAIN stripped)
  [2919/11794] 15018.sql -> outputs/stackoverflow_1gb/15018.txt  (1021 bytes, EXPLAIN stripped)
  [2920/11794] 15019.sql -> outputs/stackoverflow_1gb/15019.txt  (1093 bytes, EXPLAIN stripped)
  [2921/11794] 15020.sql -> outputs/stackoverflow_1gb/15020.txt  (1238 bytes, EXPLAIN stripped)
  [2922/11794] 15021.sql -> outputs/stackoverflow_1gb/15021.txt  (1210 bytes, EXPLAIN stripped)
  [2923/11794] 15022.sql -> outputs/stackoverflow_1gb/15022.txt  (1110 bytes, EXPLAIN stripped)
  [2924/11794] 15023.sql -> outputs/stackoverflow_1gb/15023.txt  (1169 bytes, EXPLAIN stripped)
  [2925/11794] 15024.sql -> outputs/stackoverflow_1gb/15024.txt  (1093 bytes, EXPLAIN stripped)
  [2926/11794] 15025.sql -> outputs/stackoverflow_1gb/15025.txt  (1077 bytes, EXPLAIN stripped)
  [2927/11794] 15026.sql -> outputs/stackoverflow_1gb/15026.txt  (1164 bytes, EXPLAIN stripped)
  [2928/11794] 15027.sql -> outputs/stackoverflow_1gb/15027.txt  (1180 bytes, EXPLAIN stripped)
  [2929/11794] 15028.sql -> outputs/stackoverflow_1gb/15028.txt  (1133 bytes, EXPLAIN stripped)
  [2930/11794] 15029.sql -> outputs/stackoverflow_1gb/15029.txt  (1161 bytes, EXPLAIN stripped)
  [2931/11794] 15030.sql -> outputs/stackoverflow_1gb/15030.txt  (1110 bytes, EXPLAIN stripped)
  [2932/11794] 15031.sql -> outputs/stackoverflow_1gb/15031.txt  (1170 bytes, EXPLAIN stripped)
  [2933/11794] 15032.sql -> outputs/stackoverflow_1gb/15032.txt  (110640 bytes, EXPLAIN stripped)
  [2934/11794] 15033.sql -> outputs/stackoverflow_1gb/15033.txt  (1214 bytes, EXPLAIN stripped)
  [2935/11794] 15034.sql -> outputs/stackoverflow_1gb/15034.txt  (1246 bytes, EXPLAIN stripped)
  [2936/11794] 15035.sql -> outputs/stackoverflow_1gb/15035.txt  (1166 bytes, EXPLAIN stripped)
  [2937/11794] 15036.sql -> outputs/stackoverflow_1gb/15036.txt  (1247 bytes, EXPLAIN stripped)
  [2938/11794] 15037.sql -> outputs/stackoverflow_1gb/15037.txt  (1126 bytes, EXPLAIN stripped)
  [2939/11794] 15038.sql -> outputs/stackoverflow_1gb/15038.txt  (105670 bytes, EXPLAIN stripped)
  [2940/11794] 15039.sql -> outputs/stackoverflow_1gb/15039.txt  (1016 bytes, EXPLAIN stripped)
  [2941/11794] 1504.sql -> outputs/stackoverflow_1gb/1504.txt  (105 bytes, EXPLAIN stripped)
  [2942/11794] 15040.sql -> outputs/stackoverflow_1gb/15040.txt  (1059 bytes, EXPLAIN stripped)
  [2943/11794] 15041.sql -> outputs/stackoverflow_1gb/15041.txt  (1237 bytes, EXPLAIN stripped)
  [2944/11794] 15042.sql -> outputs/stackoverflow_1gb/15042.txt  (18276 bytes, EXPLAIN stripped)
  [2945/11794] 15043.sql -> outputs/stackoverflow_1gb/15043.txt  (1180 bytes, EXPLAIN stripped)
  [2946/11794] 15044.sql -> outputs/stackoverflow_1gb/15044.txt  (1227 bytes, EXPLAIN stripped)
  [2947/11794] 15045.sql -> outputs/stackoverflow_1gb/15045.txt  (318 bytes, EXPLAIN stripped)
  [2948/11794] 15046.sql -> outputs/stackoverflow_1gb/15046.txt  (1166 bytes, EXPLAIN stripped)
  [2949/11794] 15047.sql -> outputs/stackoverflow_1gb/15047.txt  (1238 bytes, EXPLAIN stripped)
  [2950/11794] 15048.sql -> outputs/stackoverflow_1gb/15048.txt  (1237 bytes, EXPLAIN stripped)
  [2951/11794] 15049.sql -> outputs/stackoverflow_1gb/15049.txt  (1137 bytes, EXPLAIN stripped)
  [2952/11794] 15050.sql -> outputs/stackoverflow_1gb/15050.txt  (1109 bytes, EXPLAIN stripped)
  [2953/11794] 15051.sql -> outputs/stackoverflow_1gb/15051.txt  (1227 bytes, EXPLAIN stripped)
  [2954/11794] 15052.sql -> outputs/stackoverflow_1gb/15052.txt  (1238 bytes, EXPLAIN stripped)
  [2955/11794] 15053.sql -> outputs/stackoverflow_1gb/15053.txt  (1170 bytes, EXPLAIN stripped)
  [2956/11794] 15054.sql -> outputs/stackoverflow_1gb/15054.txt  (1214 bytes, EXPLAIN stripped)
  [2957/11794] 15055.sql -> outputs/stackoverflow_1gb/15055.txt  (1133 bytes, EXPLAIN stripped)
  [2958/11794] 15056.sql -> outputs/stackoverflow_1gb/15056.txt  (1208 bytes, EXPLAIN stripped)
  [2959/11794] 15057.sql -> outputs/stackoverflow_1gb/15057.txt  (1246 bytes, EXPLAIN stripped)
  [2960/11794] 15058.sql -> outputs/stackoverflow_1gb/15058.txt  (1093 bytes, EXPLAIN stripped)
  [2961/11794] 15059.sql -> outputs/stackoverflow_1gb/15059.txt  (1247 bytes, EXPLAIN stripped)
  [2962/11794] 1506.sql -> outputs/stackoverflow_1gb/1506.txt  (6482 bytes, EXPLAIN stripped)
  [2963/11794] 15060.sql -> outputs/stackoverflow_1gb/15060.txt  (1159 bytes, EXPLAIN stripped)
  [2964/11794] 15061.sql -> outputs/stackoverflow_1gb/15061.txt  (936 bytes, EXPLAIN stripped)
  [2965/11794] 15062.sql -> outputs/stackoverflow_1gb/15062.txt  (1238 bytes, EXPLAIN stripped)
  [2966/11794] 15063.sql -> outputs/stackoverflow_1gb/15063.txt  (1180 bytes, EXPLAIN stripped)
  [2967/11794] 15064.sql -> outputs/stackoverflow_1gb/15064.txt  (1174 bytes, EXPLAIN stripped)
  [2968/11794] 15065.sql -> outputs/stackoverflow_1gb/15065.txt  (1065 bytes, EXPLAIN stripped)
  [2969/11794] 15066.sql -> outputs/stackoverflow_1gb/15066.txt  (937 bytes, EXPLAIN stripped)
  [2970/11794] 15067.sql -> outputs/stackoverflow_1gb/15067.txt  (1170 bytes, EXPLAIN stripped)
  [2971/11794] 15068.sql -> outputs/stackoverflow_1gb/15068.txt  (1132 bytes, EXPLAIN stripped)
  [2972/11794] 15069.sql -> outputs/stackoverflow_1gb/15069.txt  (1147 bytes, EXPLAIN stripped)
  [2973/11794] 1507.sql -> outputs/stackoverflow_1gb/1507.txt  (1763 bytes, EXPLAIN stripped)
  [2974/11794] 15070.sql -> outputs/stackoverflow_1gb/15070.txt  (889 bytes, EXPLAIN stripped)
  [2975/11794] 15071.sql -> outputs/stackoverflow_1gb/15071.txt  (1244 bytes, EXPLAIN stripped)
  [2976/11794] 15072.sql -> outputs/stackoverflow_1gb/15072.txt  (1156 bytes, EXPLAIN stripped)
  [2977/11794] 15073.sql -> outputs/stackoverflow_1gb/15073.txt  (885 bytes, EXPLAIN stripped)
  [2978/11794] 15074.sql -> outputs/stackoverflow_1gb/15074.txt  (1104 bytes, EXPLAIN stripped)
  [2979/11794] 15075.sql -> outputs/stackoverflow_1gb/15075.txt  (1137 bytes, EXPLAIN stripped)
  [2980/11794] 15076.sql -> outputs/stackoverflow_1gb/15076.txt  (1272 bytes, EXPLAIN stripped)
  [2981/11794] 15077.sql -> outputs/stackoverflow_1gb/15077.txt  (276 bytes, EXPLAIN stripped)
  [2982/11794] 15078.sql -> outputs/stackoverflow_1gb/15078.txt  (1199 bytes, EXPLAIN stripped)
  [2983/11794] 15079.sql -> outputs/stackoverflow_1gb/15079.txt  (1163 bytes, EXPLAIN stripped)
  [2984/11794] 1508.sql -> outputs/stackoverflow_1gb/1508.txt  (734 bytes, EXPLAIN stripped)
  [2985/11794] 15080.sql -> outputs/stackoverflow_1gb/15080.txt  (1154 bytes, EXPLAIN stripped)
  [2986/11794] 15081.sql -> outputs/stackoverflow_1gb/15081.txt  (1166 bytes, EXPLAIN stripped)
  [2987/11794] 15082.sql -> outputs/stackoverflow_1gb/15082.txt  (11352 bytes, EXPLAIN stripped)
  [2988/11794] 15083.sql -> outputs/stackoverflow_1gb/15083.txt  (1087 bytes, EXPLAIN stripped)
  [2989/11794] 15084.sql -> outputs/stackoverflow_1gb/15084.txt  (1137 bytes, EXPLAIN stripped)
  [2990/11794] 15085.sql -> outputs/stackoverflow_1gb/15085.txt  (1214 bytes, EXPLAIN stripped)
  [2991/11794] 15086.sql -> outputs/stackoverflow_1gb/15086.txt  (1021 bytes, EXPLAIN stripped)
  [2992/11794] 15087.sql -> outputs/stackoverflow_1gb/15087.txt  (1137 bytes, EXPLAIN stripped)
  [2993/11794] 15088.sql -> outputs/stackoverflow_1gb/15088.txt  (1210 bytes, EXPLAIN stripped)
  [2994/11794] 15089.sql -> outputs/stackoverflow_1gb/15089.txt  (1292 bytes, EXPLAIN stripped)
  [2995/11794] 15090.sql -> outputs/stackoverflow_1gb/15090.txt  (1095 bytes, EXPLAIN stripped)
  [2996/11794] 15091.sql -> outputs/stackoverflow_1gb/15091.txt  (1237 bytes, EXPLAIN stripped)
  [2997/11794] 15092.sql -> outputs/stackoverflow_1gb/15092.txt  (1247 bytes, EXPLAIN stripped)
  [2998/11794] 15093.sql -> outputs/stackoverflow_1gb/15093.txt  (1214 bytes, EXPLAIN stripped)
  [2999/11794] 15094.sql -> outputs/stackoverflow_1gb/15094.txt  (1090 bytes, EXPLAIN stripped)
  [3000/11794] 15095.sql -> outputs/stackoverflow_1gb/15095.txt  (985 bytes, EXPLAIN stripped)
  [3001/11794] 15096.sql -> outputs/stackoverflow_1gb/15096.txt  (1138 bytes, EXPLAIN stripped)
  [3002/11794] 15097.sql -> outputs/stackoverflow_1gb/15097.txt  (1142 bytes, EXPLAIN stripped)
  [3003/11794] 15098.sql -> outputs/stackoverflow_1gb/15098.txt  (1000 bytes, EXPLAIN stripped)
  [3004/11794] 15099.sql -> outputs/stackoverflow_1gb/15099.txt  (1005 bytes, EXPLAIN stripped)
  [3005/11794] 151.sql -> outputs/stackoverflow_1gb/151.txt  (1126 bytes, EXPLAIN stripped)
  [3006/11794] 15100.sql -> outputs/stackoverflow_1gb/15100.txt  (1150 bytes, EXPLAIN stripped)
  [3007/11794] 15101.sql -> outputs/stackoverflow_1gb/15101.txt  (1192 bytes, EXPLAIN stripped)
  [3008/11794] 15102.sql -> outputs/stackoverflow_1gb/15102.txt  (1104 bytes, EXPLAIN stripped)
  [3009/11794] 15103.sql -> outputs/stackoverflow_1gb/15103.txt  (3370 bytes, EXPLAIN stripped)
  [3010/11794] 15104.sql -> outputs/stackoverflow_1gb/15104.txt  (1137 bytes, EXPLAIN stripped)
  [3011/11794] 15105.sql -> outputs/stackoverflow_1gb/15105.txt  (1219 bytes, EXPLAIN stripped)
  [3012/11794] 15106.sql -> outputs/stackoverflow_1gb/15106.txt  (1177 bytes, EXPLAIN stripped)
  [3013/11794] 15107.sql -> outputs/stackoverflow_1gb/15107.txt  (1208 bytes, EXPLAIN stripped)
  [3014/11794] 15108.sql -> outputs/stackoverflow_1gb/15108.txt  (1711 bytes, EXPLAIN stripped)
  [3015/11794] 15109.sql -> outputs/stackoverflow_1gb/15109.txt  (1238 bytes, EXPLAIN stripped)
  [3016/11794] 15110.sql -> outputs/stackoverflow_1gb/15110.txt  (936 bytes, EXPLAIN stripped)
  [3017/11794] 15111.sql -> outputs/stackoverflow_1gb/15111.txt  (1098 bytes, EXPLAIN stripped)
  [3018/11794] 15112.sql -> outputs/stackoverflow_1gb/15112.txt  (1246 bytes, EXPLAIN stripped)
  [3019/11794] 15113.sql -> outputs/stackoverflow_1gb/15113.txt  (318 bytes, EXPLAIN stripped)
  [3020/11794] 15114.sql -> outputs/stackoverflow_1gb/15114.txt  (1271 bytes, EXPLAIN stripped)
  [3021/11794] 15115.sql -> outputs/stackoverflow_1gb/15115.txt  (1219 bytes, EXPLAIN stripped)
  [3022/11794] 15116.sql -> outputs/stackoverflow_1gb/15116.txt  (105677 bytes, EXPLAIN stripped)
  [3023/11794] 15117.sql -> outputs/stackoverflow_1gb/15117.txt  (1132 bytes, EXPLAIN stripped)
  [3024/11794] 15118.sql -> outputs/stackoverflow_1gb/15118.txt  (1132 bytes, EXPLAIN stripped)
  [3025/11794] 15119.sql -> outputs/stackoverflow_1gb/15119.txt  (1049 bytes, EXPLAIN stripped)
  [3026/11794] 1512.sql -> outputs/stackoverflow_1gb/1512.txt  (3661 bytes, EXPLAIN stripped)
  [3027/11794] 15120.sql -> outputs/stackoverflow_1gb/15120.txt  (315 bytes, EXPLAIN stripped)
  [3028/11794] 15121.sql -> outputs/stackoverflow_1gb/15121.txt  (1214 bytes, EXPLAIN stripped)
  [3029/11794] 15122.sql -> outputs/stackoverflow_1gb/15122.txt  (1237 bytes, EXPLAIN stripped)
  [3030/11794] 15123.sql -> outputs/stackoverflow_1gb/15123.txt  (1150 bytes, EXPLAIN stripped)
  [3031/11794] 15124.sql -> outputs/stackoverflow_1gb/15124.txt  (1216 bytes, EXPLAIN stripped)
  [3032/11794] 15125.sql -> outputs/stackoverflow_1gb/15125.txt  (1214 bytes, EXPLAIN stripped)
  [3033/11794] 15126.sql -> outputs/stackoverflow_1gb/15126.txt  (1247 bytes, EXPLAIN stripped)
  [3034/11794] 15127.sql -> outputs/stackoverflow_1gb/15127.txt  (1102 bytes, EXPLAIN stripped)
  [3035/11794] 15128.sql -> outputs/stackoverflow_1gb/15128.txt  (20569 bytes, EXPLAIN stripped)
  [3036/11794] 15129.sql -> outputs/stackoverflow_1gb/15129.txt  (1098 bytes, EXPLAIN stripped)
  [3037/11794] 1513.sql -> outputs/stackoverflow_1gb/1513.txt  (37101 bytes, EXPLAIN stripped)
  [3038/11794] 15130.sql -> outputs/stackoverflow_1gb/15130.txt  (1088 bytes, EXPLAIN stripped)
  [3039/11794] 15131.sql -> outputs/stackoverflow_1gb/15131.txt  (1210 bytes, EXPLAIN stripped)
  [3040/11794] 15132.sql -> outputs/stackoverflow_1gb/15132.txt  (845 bytes, EXPLAIN stripped)
  [3041/11794] 15133.sql -> outputs/stackoverflow_1gb/15133.txt  (1126 bytes, EXPLAIN stripped)
  [3042/11794] 15134.sql -> outputs/stackoverflow_1gb/15134.txt  (1171 bytes, EXPLAIN stripped)
  [3043/11794] 15135.sql -> outputs/stackoverflow_1gb/15135.txt  (1169 bytes, EXPLAIN stripped)
  [3044/11794] 15136.sql -> outputs/stackoverflow_1gb/15136.txt  (1930 bytes, EXPLAIN stripped)
  [3045/11794] 15137.sql -> outputs/stackoverflow_1gb/15137.txt  (1103 bytes, EXPLAIN stripped)
  [3046/11794] 15138.sql -> outputs/stackoverflow_1gb/15138.txt  (1247 bytes, EXPLAIN stripped)
  [3047/11794] 15139.sql -> outputs/stackoverflow_1gb/15139.txt  (1246 bytes, EXPLAIN stripped)
  [3048/11794] 15140.sql -> outputs/stackoverflow_1gb/15140.txt  (1247 bytes, EXPLAIN stripped)
  [3049/11794] 15141.sql -> outputs/stackoverflow_1gb/15141.txt  (1166 bytes, EXPLAIN stripped)
  [3050/11794] 15143.sql -> outputs/stackoverflow_1gb/15143.txt  (1093 bytes, EXPLAIN stripped)
  [3051/11794] 15144.sql -> outputs/stackoverflow_1gb/15144.txt  (1041 bytes, EXPLAIN stripped)
  [3052/11794] 15145.sql -> outputs/stackoverflow_1gb/15145.txt  (1003 bytes, EXPLAIN stripped)
  [3053/11794] 15146.sql -> outputs/stackoverflow_1gb/15146.txt  (1113 bytes, EXPLAIN stripped)
  [3054/11794] 15147.sql -> outputs/stackoverflow_1gb/15147.txt  (1180 bytes, EXPLAIN stripped)
  [3055/11794] 15148.sql -> outputs/stackoverflow_1gb/15148.txt  (1087 bytes, EXPLAIN stripped)
  [3056/11794] 15149.sql -> outputs/stackoverflow_1gb/15149.txt  (1132 bytes, EXPLAIN stripped)
  [3057/11794] 15150.sql -> outputs/stackoverflow_1gb/15150.txt  (1247 bytes, EXPLAIN stripped)
  [3058/11794] 15151.sql -> outputs/stackoverflow_1gb/15151.txt  (1098 bytes, EXPLAIN stripped)
  [3059/11794] 15152.sql -> outputs/stackoverflow_1gb/15152.txt  (1247 bytes, EXPLAIN stripped)
  [3060/11794] 15153.sql -> outputs/stackoverflow_1gb/15153.txt  (1137 bytes, EXPLAIN stripped)
  [3061/11794] 15154.sql -> outputs/stackoverflow_1gb/15154.txt  (1131 bytes, EXPLAIN stripped)
  [3062/11794] 15155.sql -> outputs/stackoverflow_1gb/15155.txt  (1122 bytes, EXPLAIN stripped)
  [3063/11794] 15156.sql -> outputs/stackoverflow_1gb/15156.txt  (1210 bytes, EXPLAIN stripped)
  [3064/11794] 15157.sql -> outputs/stackoverflow_1gb/15157.txt  (1127 bytes, EXPLAIN stripped)
  [3065/11794] 15158.sql -> outputs/stackoverflow_1gb/15158.txt  (1231 bytes, EXPLAIN stripped)
  [3066/11794] 15160.sql -> outputs/stackoverflow_1gb/15160.txt  (1228 bytes, EXPLAIN stripped)
  [3067/11794] 15161.sql -> outputs/stackoverflow_1gb/15161.txt  (1131 bytes, EXPLAIN stripped)
  [3068/11794] 15162.sql -> outputs/stackoverflow_1gb/15162.txt  (1096 bytes, EXPLAIN stripped)
  [3069/11794] 15163.sql -> outputs/stackoverflow_1gb/15163.txt  (1137 bytes, EXPLAIN stripped)
  [3070/11794] 15164.sql -> outputs/stackoverflow_1gb/15164.txt  (1171 bytes, EXPLAIN stripped)
  [3071/11794] 15165.sql -> outputs/stackoverflow_1gb/15165.txt  (1111 bytes, EXPLAIN stripped)
  [3072/11794] 15166.sql -> outputs/stackoverflow_1gb/15166.txt  (1096 bytes, EXPLAIN stripped)
  [3073/11794] 15167.sql -> outputs/stackoverflow_1gb/15167.txt  (1093 bytes, EXPLAIN stripped)
  [3074/11794] 15168.sql -> outputs/stackoverflow_1gb/15168.txt  (1169 bytes, EXPLAIN stripped)
  [3075/11794] 15169.sql -> outputs/stackoverflow_1gb/15169.txt  (1093 bytes, EXPLAIN stripped)
  [3076/11794] 1517.sql -> outputs/stackoverflow_1gb/1517.txt  (1349 bytes, EXPLAIN stripped)
  [3077/11794] 15170.sql -> outputs/stackoverflow_1gb/15170.txt  (1170 bytes, EXPLAIN stripped)
  [3078/11794] 15171.sql -> outputs/stackoverflow_1gb/15171.txt  (1239 bytes, EXPLAIN stripped)
  [3079/11794] 15172.sql -> outputs/stackoverflow_1gb/15172.txt  (936 bytes, EXPLAIN stripped)
  [3080/11794] 15173.sql -> outputs/stackoverflow_1gb/15173.txt  (1246 bytes, EXPLAIN stripped)
  [3081/11794] 15174.sql -> outputs/stackoverflow_1gb/15174.txt  (113852 bytes, EXPLAIN stripped)
  [3082/11794] 15175.sql -> outputs/stackoverflow_1gb/15175.txt  (1147 bytes, EXPLAIN stripped)
  [3083/11794] 15177.sql -> outputs/stackoverflow_1gb/15177.txt  (1208 bytes, EXPLAIN stripped)
  [3084/11794] 15178.sql -> outputs/stackoverflow_1gb/15178.txt  (1212 bytes, EXPLAIN stripped)
  [3085/11794] 15179.sql -> outputs/stackoverflow_1gb/15179.txt  (1097 bytes, EXPLAIN stripped)
  [3086/11794] 1518.sql -> outputs/stackoverflow_1gb/1518.txt  (103 bytes, EXPLAIN stripped)
  [3087/11794] 15180.sql -> outputs/stackoverflow_1gb/15180.txt  (1246 bytes, EXPLAIN stripped)
  [3088/11794] 15181.sql -> outputs/stackoverflow_1gb/15181.txt  (1093 bytes, EXPLAIN stripped)
  [3089/11794] 15182.sql -> outputs/stackoverflow_1gb/15182.txt  (1090 bytes, EXPLAIN stripped)
  [3090/11794] 15183.sql -> outputs/stackoverflow_1gb/15183.txt  (1247 bytes, EXPLAIN stripped)
  [3091/11794] 15184.sql -> outputs/stackoverflow_1gb/15184.txt  (1126 bytes, EXPLAIN stripped)
  [3092/11794] 15185.sql -> outputs/stackoverflow_1gb/15185.txt  (1133 bytes, EXPLAIN stripped)
  [3093/11794] 15186.sql -> outputs/stackoverflow_1gb/15186.txt  (1214 bytes, EXPLAIN stripped)
  [3094/11794] 15187.sql -> outputs/stackoverflow_1gb/15187.txt  (1237 bytes, EXPLAIN stripped)
  [3095/11794] 15188.sql -> outputs/stackoverflow_1gb/15188.txt  (1246 bytes, EXPLAIN stripped)
  [3096/11794] 15189.sql -> outputs/stackoverflow_1gb/15189.txt  (1208 bytes, EXPLAIN stripped)
  [3097/11794] 15190.sql -> outputs/stackoverflow_1gb/15190.txt  (1132 bytes, EXPLAIN stripped)
  [3098/11794] 15191.sql -> outputs/stackoverflow_1gb/15191.txt  (885 bytes, EXPLAIN stripped)
  [3099/11794] 15192.sql -> outputs/stackoverflow_1gb/15192.txt  (1182 bytes, EXPLAIN stripped)
  [3100/11794] 15193.sql -> outputs/stackoverflow_1gb/15193.txt  (1197 bytes, EXPLAIN stripped)
  [3101/11794] 15194.sql -> outputs/stackoverflow_1gb/15194.txt  (1199 bytes, EXPLAIN stripped)
  [3102/11794] 15195.sql -> outputs/stackoverflow_1gb/15195.txt  (1247 bytes, EXPLAIN stripped)
  [3103/11794] 15196.sql -> outputs/stackoverflow_1gb/15196.txt  (1235 bytes, EXPLAIN stripped)
  [3104/11794] 15197.sql -> outputs/stackoverflow_1gb/15197.txt  (1214 bytes, EXPLAIN stripped)
  [3105/11794] 15198.sql -> outputs/stackoverflow_1gb/15198.txt  (1171 bytes, EXPLAIN stripped)
  [3106/11794] 15199.sql -> outputs/stackoverflow_1gb/15199.txt  (1180 bytes, EXPLAIN stripped)
  [3107/11794] 152.sql -> outputs/stackoverflow_1gb/152.txt  (78 bytes, EXPLAIN stripped)
  [3108/11794] 15200.sql -> outputs/stackoverflow_1gb/15200.txt  (1132 bytes, EXPLAIN stripped)
  [3109/11794] 15201.sql -> outputs/stackoverflow_1gb/15201.txt  (1103 bytes, EXPLAIN stripped)
  [3110/11794] 15202.sql -> outputs/stackoverflow_1gb/15202.txt  (1208 bytes, EXPLAIN stripped)
  [3111/11794] 15203.sql -> outputs/stackoverflow_1gb/15203.txt  (976 bytes, EXPLAIN stripped)
  [3112/11794] 15204.sql -> outputs/stackoverflow_1gb/15204.txt  (1093 bytes, EXPLAIN stripped)
  [3113/11794] 15205.sql -> outputs/stackoverflow_1gb/15205.txt  (1246 bytes, EXPLAIN stripped)
  [3114/11794] 15206.sql -> outputs/stackoverflow_1gb/15206.txt  (1065 bytes, EXPLAIN stripped)
  [3115/11794] 15207.sql -> outputs/stackoverflow_1gb/15207.txt  (1170 bytes, EXPLAIN stripped)
  [3116/11794] 15209.sql -> outputs/stackoverflow_1gb/15209.txt  (95529 bytes, EXPLAIN stripped)
  [3117/11794] 15210.sql -> outputs/stackoverflow_1gb/15210.txt  (936 bytes, EXPLAIN stripped)
  [3118/11794] 15211.sql -> outputs/stackoverflow_1gb/15211.txt  (1228 bytes, EXPLAIN stripped)
  [3119/11794] 15213.sql -> outputs/stackoverflow_1gb/15213.txt  (1138 bytes, EXPLAIN stripped)
  [3120/11794] 15214.sql -> outputs/stackoverflow_1gb/15214.txt  (1166 bytes, EXPLAIN stripped)
  [3121/11794] 15215.sql -> outputs/stackoverflow_1gb/15215.txt  (1166 bytes, EXPLAIN stripped)
  [3122/11794] 15216.sql -> outputs/stackoverflow_1gb/15216.txt  (1214 bytes, EXPLAIN stripped)
  [3123/11794] 15217.sql -> outputs/stackoverflow_1gb/15217.txt  (1228 bytes, EXPLAIN stripped)
  [3124/11794] 15218.sql -> outputs/stackoverflow_1gb/15218.txt  (1247 bytes, EXPLAIN stripped)
  [3125/11794] 15219.sql -> outputs/stackoverflow_1gb/15219.txt  (1219 bytes, EXPLAIN stripped)
  [3126/11794] 15220.sql -> outputs/stackoverflow_1gb/15220.txt  (1247 bytes, EXPLAIN stripped)
  [3127/11794] 15221.sql -> outputs/stackoverflow_1gb/15221.txt  (1131 bytes, EXPLAIN stripped)
  [3128/11794] 15222.sql -> outputs/stackoverflow_1gb/15222.txt  (3397 bytes, EXPLAIN stripped)
  [3129/11794] 15223.sql -> outputs/stackoverflow_1gb/15223.txt  (1125 bytes, EXPLAIN stripped)
  [3130/11794] 15224.sql -> outputs/stackoverflow_1gb/15224.txt  (1125 bytes, EXPLAIN stripped)
  [3131/11794] 15225.sql -> outputs/stackoverflow_1gb/15225.txt  (524 bytes, EXPLAIN stripped)
  [3132/11794] 15226.sql -> outputs/stackoverflow_1gb/15226.txt  (1169 bytes, EXPLAIN stripped)
  [3133/11794] 15227.sql -> outputs/stackoverflow_1gb/15227.txt  (1127 bytes, EXPLAIN stripped)
  [3134/11794] 15228.sql -> outputs/stackoverflow_1gb/15228.txt  (1098 bytes, EXPLAIN stripped)
  [3135/11794] 15230.sql -> outputs/stackoverflow_1gb/15230.txt  (997 bytes, EXPLAIN stripped)
  [3136/11794] 15231.sql -> outputs/stackoverflow_1gb/15231.txt  (1065 bytes, EXPLAIN stripped)
  [3137/11794] 15232.sql -> outputs/stackoverflow_1gb/15232.txt  (1208 bytes, EXPLAIN stripped)
  [3138/11794] 15233.sql -> outputs/stackoverflow_1gb/15233.txt  (1137 bytes, EXPLAIN stripped)
  [3139/11794] 15234.sql -> outputs/stackoverflow_1gb/15234.txt  (1143 bytes, EXPLAIN stripped)
  [3140/11794] 15235.sql -> outputs/stackoverflow_1gb/15235.txt  (1210 bytes, EXPLAIN stripped)
  [3141/11794] 15236.sql -> outputs/stackoverflow_1gb/15236.txt  (1151 bytes, EXPLAIN stripped)
  [3142/11794] 15237.sql -> outputs/stackoverflow_1gb/15237.txt  (1610 bytes, EXPLAIN stripped)
  [3143/11794] 15238.sql -> outputs/stackoverflow_1gb/15238.txt  (1175 bytes, EXPLAIN stripped)
  [3144/11794] 15239.sql -> outputs/stackoverflow_1gb/15239.txt  (937 bytes, EXPLAIN stripped)
  [3145/11794] 15241.sql -> outputs/stackoverflow_1gb/15241.txt  (1046 bytes, EXPLAIN stripped)
  [3146/11794] 15242.sql -> outputs/stackoverflow_1gb/15242.txt  (18299 bytes, EXPLAIN stripped)
  [3147/11794] 15243.sql -> outputs/stackoverflow_1gb/15243.txt  (1180 bytes, EXPLAIN stripped)
  [3148/11794] 15244.sql -> outputs/stackoverflow_1gb/15244.txt  (1041 bytes, EXPLAIN stripped)
  [3149/11794] 15245.sql -> outputs/stackoverflow_1gb/15245.txt  (1130 bytes, EXPLAIN stripped)
  [3150/11794] 15246.sql -> outputs/stackoverflow_1gb/15246.txt  (936 bytes, EXPLAIN stripped)
  [3151/11794] 15247.sql -> outputs/stackoverflow_1gb/15247.txt  (950 bytes, EXPLAIN stripped)
  [3152/11794] 1525.sql -> outputs/stackoverflow_1gb/1525.txt  (167 bytes, EXPLAIN stripped)
  [3153/11794] 15250.sql -> outputs/stackoverflow_1gb/15250.txt  (910 bytes, EXPLAIN stripped)
  [3154/11794] 15251.sql -> outputs/stackoverflow_1gb/15251.txt  (1093 bytes, EXPLAIN stripped)
  [3155/11794] 15252.sql -> outputs/stackoverflow_1gb/15252.txt  (1168 bytes, EXPLAIN stripped)
  [3156/11794] 15253.sql -> outputs/stackoverflow_1gb/15253.txt  (1095 bytes, EXPLAIN stripped)
  [3157/11794] 15254.sql -> outputs/stackoverflow_1gb/15254.txt  (1041 bytes, EXPLAIN stripped)
  [3158/11794] 15255.sql -> outputs/stackoverflow_1gb/15255.txt  (1219 bytes, EXPLAIN stripped)
  [3159/11794] 15256.sql -> outputs/stackoverflow_1gb/15256.txt  (1210 bytes, EXPLAIN stripped)
  [3160/11794] 15257.sql -> outputs/stackoverflow_1gb/15257.txt  (1132 bytes, EXPLAIN stripped)
  [3161/11794] 15258.sql -> outputs/stackoverflow_1gb/15258.txt  (1236 bytes, EXPLAIN stripped)
  [3162/11794] 15259.sql -> outputs/stackoverflow_1gb/15259.txt  (1208 bytes, EXPLAIN stripped)
  [3163/11794] 15260.sql -> outputs/stackoverflow_1gb/15260.txt  (1137 bytes, EXPLAIN stripped)
  [3164/11794] 15261.sql -> outputs/stackoverflow_1gb/15261.txt  (1227 bytes, EXPLAIN stripped)
  [3165/11794] 15262.sql -> outputs/stackoverflow_1gb/15262.txt  (1246 bytes, EXPLAIN stripped)
  [3166/11794] 15263.sql -> outputs/stackoverflow_1gb/15263.txt  (1130 bytes, EXPLAIN stripped)
  [3167/11794] 15264.sql -> outputs/stackoverflow_1gb/15264.txt  (1126 bytes, EXPLAIN stripped)
  [3168/11794] 15265.sql -> outputs/stackoverflow_1gb/15265.txt  (1214 bytes, EXPLAIN stripped)
  [3169/11794] 15266.sql -> outputs/stackoverflow_1gb/15266.txt  (315 bytes, EXPLAIN stripped)
  [3170/11794] 15268.sql -> outputs/stackoverflow_1gb/15268.txt  (1214 bytes, EXPLAIN stripped)
  [3171/11794] 15269.sql -> outputs/stackoverflow_1gb/15269.txt  (1161 bytes, EXPLAIN stripped)
  [3172/11794] 15270.sql -> outputs/stackoverflow_1gb/15270.txt  (1161 bytes, EXPLAIN stripped)
  [3173/11794] 15271.sql -> outputs/stackoverflow_1gb/15271.txt  (112667 bytes, EXPLAIN stripped)
  [3174/11794] 15272.sql -> outputs/stackoverflow_1gb/15272.txt  (18458 bytes, EXPLAIN stripped)
  [3175/11794] 15273.sql -> outputs/stackoverflow_1gb/15273.txt  (1159 bytes, EXPLAIN stripped)
  [3176/11794] 15274.sql -> outputs/stackoverflow_1gb/15274.txt  (1210 bytes, EXPLAIN stripped)
  [3177/11794] 15275.sql -> outputs/stackoverflow_1gb/15275.txt  (1228 bytes, EXPLAIN stripped)
  [3178/11794] 15276.sql -> outputs/stackoverflow_1gb/15276.txt  (1279 bytes, EXPLAIN stripped)
  [3179/11794] 15279.sql -> outputs/stackoverflow_1gb/15279.txt  (1214 bytes, EXPLAIN stripped)
  [3180/11794] 15280.sql -> outputs/stackoverflow_1gb/15280.txt  (1247 bytes, EXPLAIN stripped)
  [3181/11794] 15281.sql -> outputs/stackoverflow_1gb/15281.txt  (1092 bytes, EXPLAIN stripped)
  [3182/11794] 15282.sql -> outputs/stackoverflow_1gb/15282.txt  (1096 bytes, EXPLAIN stripped)
  [3183/11794] 15283.sql -> outputs/stackoverflow_1gb/15283.txt  (1137 bytes, EXPLAIN stripped)
  [3184/11794] 15284.sql -> outputs/stackoverflow_1gb/15284.txt  (1027 bytes, EXPLAIN stripped)
  [3185/11794] 15285.sql -> outputs/stackoverflow_1gb/15285.txt  (1021 bytes, EXPLAIN stripped)
  [3186/11794] 15286.sql -> outputs/stackoverflow_1gb/15286.txt  (1236 bytes, EXPLAIN stripped)
  [3187/11794] 15287.sql -> outputs/stackoverflow_1gb/15287.txt  (936 bytes, EXPLAIN stripped)
  [3188/11794] 15288.sql -> outputs/stackoverflow_1gb/15288.txt  (1187 bytes, EXPLAIN stripped)
  [3189/11794] 15290.sql -> outputs/stackoverflow_1gb/15290.txt  (936 bytes, EXPLAIN stripped)
  [3190/11794] 15291.sql -> outputs/stackoverflow_1gb/15291.txt  (1130 bytes, EXPLAIN stripped)
  [3191/11794] 15292.sql -> outputs/stackoverflow_1gb/15292.txt  (1098 bytes, EXPLAIN stripped)
  [3192/11794] 15293.sql -> outputs/stackoverflow_1gb/15293.txt  (1166 bytes, EXPLAIN stripped)
  [3193/11794] 15294.sql -> outputs/stackoverflow_1gb/15294.txt  (1143 bytes, EXPLAIN stripped)
  [3194/11794] 15295.sql -> outputs/stackoverflow_1gb/15295.txt  (1247 bytes, EXPLAIN stripped)
  [3195/11794] 15296.sql -> outputs/stackoverflow_1gb/15296.txt  (1240 bytes, EXPLAIN stripped)
  [3196/11794] 15297.sql -> outputs/stackoverflow_1gb/15297.txt  (1198 bytes, EXPLAIN stripped)
  [3197/11794] 15298.sql -> outputs/stackoverflow_1gb/15298.txt  (1210 bytes, EXPLAIN stripped)
  [3198/11794] 15299.sql -> outputs/stackoverflow_1gb/15299.txt  (899 bytes, EXPLAIN stripped)
  [3199/11794] 15300.sql -> outputs/stackoverflow_1gb/15300.txt  (1210 bytes, EXPLAIN stripped)
  [3200/11794] 15301.sql -> outputs/stackoverflow_1gb/15301.txt  (1225 bytes, EXPLAIN stripped)
  [3201/11794] 15302.sql -> outputs/stackoverflow_1gb/15302.txt  (1059 bytes, EXPLAIN stripped)
  [3202/11794] 15303.sql -> outputs/stackoverflow_1gb/15303.txt  (1198 bytes, EXPLAIN stripped)
  [3203/11794] 15304.sql -> outputs/stackoverflow_1gb/15304.txt  (1095 bytes, EXPLAIN stripped)
  [3204/11794] 15305.sql -> outputs/stackoverflow_1gb/15305.txt  (1201 bytes, EXPLAIN stripped)
  [3205/11794] 15306.sql -> outputs/stackoverflow_1gb/15306.txt  (1214 bytes, EXPLAIN stripped)
  [3206/11794] 15307.sql -> outputs/stackoverflow_1gb/15307.txt  (1219 bytes, EXPLAIN stripped)
  [3207/11794] 15308.sql -> outputs/stackoverflow_1gb/15308.txt  (1238 bytes, EXPLAIN stripped)
  [3208/11794] 1531.sql -> outputs/stackoverflow_1gb/1531.txt  (700 bytes, EXPLAIN stripped)
  [3209/11794] 15310.sql -> outputs/stackoverflow_1gb/15310.txt  (287 bytes, EXPLAIN stripped)
  [3210/11794] 15311.sql -> outputs/stackoverflow_1gb/15311.txt  (1175 bytes, EXPLAIN stripped)
  [3211/11794] 15313.sql -> outputs/stackoverflow_1gb/15313.txt  (1159 bytes, EXPLAIN stripped)
  [3212/11794] 15314.sql -> outputs/stackoverflow_1gb/15314.txt  (1235 bytes, EXPLAIN stripped)
  [3213/11794] 15315.sql -> outputs/stackoverflow_1gb/15315.txt  (1110 bytes, EXPLAIN stripped)
  [3214/11794] 15316.sql -> outputs/stackoverflow_1gb/15316.txt  (1093 bytes, EXPLAIN stripped)
  [3215/11794] 15317.sql -> outputs/stackoverflow_1gb/15317.txt  (1269 bytes, EXPLAIN stripped)
  [3216/11794] 15318.sql -> outputs/stackoverflow_1gb/15318.txt  (1087 bytes, EXPLAIN stripped)
  [3217/11794] 15319.sql -> outputs/stackoverflow_1gb/15319.txt  (1180 bytes, EXPLAIN stripped)
  [3218/11794] 1532.sql -> outputs/stackoverflow_1gb/1532.txt  (65 bytes, EXPLAIN stripped)
  [3219/11794] 15320.sql -> outputs/stackoverflow_1gb/15320.txt  (1214 bytes, EXPLAIN stripped)
  [3220/11794] 15321.sql -> outputs/stackoverflow_1gb/15321.txt  (1247 bytes, EXPLAIN stripped)
  [3221/11794] 15322.sql -> outputs/stackoverflow_1gb/15322.txt  (1175 bytes, EXPLAIN stripped)
  [3222/11794] 15323.sql -> outputs/stackoverflow_1gb/15323.txt  (1137 bytes, EXPLAIN stripped)
  [3223/11794] 15324.sql -> outputs/stackoverflow_1gb/15324.txt  (1180 bytes, EXPLAIN stripped)
  [3224/11794] 15325.sql -> outputs/stackoverflow_1gb/15325.txt  (1180 bytes, EXPLAIN stripped)
  [3225/11794] 15327.sql -> outputs/stackoverflow_1gb/15327.txt  (1214 bytes, EXPLAIN stripped)
  [3226/11794] 15328.sql -> outputs/stackoverflow_1gb/15328.txt  (1093 bytes, EXPLAIN stripped)
  [3227/11794] 15329.sql -> outputs/stackoverflow_1gb/15329.txt  (1205 bytes, EXPLAIN stripped)
  [3228/11794] 15330.sql -> outputs/stackoverflow_1gb/15330.txt  (384 bytes, EXPLAIN stripped)
  [3229/11794] 15332.sql -> outputs/stackoverflow_1gb/15332.txt  (985 bytes, EXPLAIN stripped)
  [3230/11794] 15333.sql -> outputs/stackoverflow_1gb/15333.txt  (1210 bytes, EXPLAIN stripped)
  [3231/11794] 15334.sql -> outputs/stackoverflow_1gb/15334.txt  (1093 bytes, EXPLAIN stripped)
  [3232/11794] 15335.sql -> outputs/stackoverflow_1gb/15335.txt  (1247 bytes, EXPLAIN stripped)
  [3233/11794] 15336.sql -> outputs/stackoverflow_1gb/15336.txt  (1246 bytes, EXPLAIN stripped)
  [3234/11794] 15337.sql -> outputs/stackoverflow_1gb/15337.txt  (1137 bytes, EXPLAIN stripped)
  [3235/11794] 15338.sql -> outputs/stackoverflow_1gb/15338.txt  (1170 bytes, EXPLAIN stripped)
  [3236/11794] 15340.sql -> outputs/stackoverflow_1gb/15340.txt  (1177 bytes, EXPLAIN stripped)
  [3237/11794] 15341.sql -> outputs/stackoverflow_1gb/15341.txt  (994 bytes, EXPLAIN stripped)
  [3238/11794] 15342.sql -> outputs/stackoverflow_1gb/15342.txt  (1093 bytes, EXPLAIN stripped)
  [3239/11794] 15343.sql -> outputs/stackoverflow_1gb/15343.txt  (76 bytes, EXPLAIN stripped)
  [3240/11794] 15345.sql -> outputs/stackoverflow_1gb/15345.txt  (1208 bytes, EXPLAIN stripped)
  [3241/11794] 15346.sql -> outputs/stackoverflow_1gb/15346.txt  (1098 bytes, EXPLAIN stripped)
  [3242/11794] 15347.sql -> outputs/stackoverflow_1gb/15347.txt  (1143 bytes, EXPLAIN stripped)
  [3243/11794] 15348.sql -> outputs/stackoverflow_1gb/15348.txt  (1142 bytes, EXPLAIN stripped)
  [3244/11794] 15349.sql -> outputs/stackoverflow_1gb/15349.txt  (1168 bytes, EXPLAIN stripped)
  [3245/11794] 15350.sql -> outputs/stackoverflow_1gb/15350.txt  (1132 bytes, EXPLAIN stripped)
  [3246/11794] 15351.sql -> outputs/stackoverflow_1gb/15351.txt  (1247 bytes, EXPLAIN stripped)
  [3247/11794] 15352.sql -> outputs/stackoverflow_1gb/15352.txt  (1126 bytes, EXPLAIN stripped)
  [3248/11794] 15353.sql -> outputs/stackoverflow_1gb/15353.txt  (936 bytes, EXPLAIN stripped)
  [3249/11794] 15354.sql -> outputs/stackoverflow_1gb/15354.txt  (1238 bytes, EXPLAIN stripped)
  [3250/11794] 15355.sql -> outputs/stackoverflow_1gb/15355.txt  (1198 bytes, EXPLAIN stripped)
  [3251/11794] 15356.sql -> outputs/stackoverflow_1gb/15356.txt  (1141 bytes, EXPLAIN stripped)
  [3252/11794] 15357.sql -> outputs/stackoverflow_1gb/15357.txt  (1247 bytes, EXPLAIN stripped)
  [3253/11794] 15358.sql -> outputs/stackoverflow_1gb/15358.txt  (1210 bytes, EXPLAIN stripped)
  [3254/11794] 15359.sql -> outputs/stackoverflow_1gb/15359.txt  (1132 bytes, EXPLAIN stripped)
  [3255/11794] 15360.sql -> outputs/stackoverflow_1gb/15360.txt  (1077 bytes, EXPLAIN stripped)
  [3256/11794] 15361.sql -> outputs/stackoverflow_1gb/15361.txt  (1103 bytes, EXPLAIN stripped)
  [3257/11794] 15362.sql -> outputs/stackoverflow_1gb/15362.txt  (105678 bytes, EXPLAIN stripped)
  [3258/11794] 15363.sql -> outputs/stackoverflow_1gb/15363.txt  (1263 bytes, EXPLAIN stripped)
  [3259/11794] 15367.sql -> outputs/stackoverflow_1gb/15367.txt  (1041 bytes, EXPLAIN stripped)
  [3260/11794] 15368.sql -> outputs/stackoverflow_1gb/15368.txt  (1041 bytes, EXPLAIN stripped)
  [3261/11794] 15369.sql -> outputs/stackoverflow_1gb/15369.txt  (1236 bytes, EXPLAIN stripped)
  [3262/11794] 15370.sql -> outputs/stackoverflow_1gb/15370.txt  (969 bytes, EXPLAIN stripped)
  [3263/11794] 15371.sql -> outputs/stackoverflow_1gb/15371.txt  (1170 bytes, EXPLAIN stripped)
  [3264/11794] 15372.sql -> outputs/stackoverflow_1gb/15372.txt  (1065 bytes, EXPLAIN stripped)
  [3265/11794] 15373.sql -> outputs/stackoverflow_1gb/15373.txt  (1065 bytes, EXPLAIN stripped)
  [3266/11794] 15374.sql -> outputs/stackoverflow_1gb/15374.txt  (215 bytes, EXPLAIN stripped)
  [3267/11794] 15375.sql -> outputs/stackoverflow_1gb/15375.txt  (1096 bytes, EXPLAIN stripped)
  [3268/11794] 15376.sql -> outputs/stackoverflow_1gb/15376.txt  (1204 bytes, EXPLAIN stripped)
  [3269/11794] 15377.sql -> outputs/stackoverflow_1gb/15377.txt  (1247 bytes, EXPLAIN stripped)
  [3270/11794] 15378.sql -> outputs/stackoverflow_1gb/15378.txt  (1214 bytes, EXPLAIN stripped)
  [3271/11794] 15379.sql -> outputs/stackoverflow_1gb/15379.txt  (1210 bytes, EXPLAIN stripped)
  [3272/11794] 1538.sql -> outputs/stackoverflow_1gb/1538.txt  (392 bytes, EXPLAIN stripped)
  [3273/11794] 15381.sql -> outputs/stackoverflow_1gb/15381.txt  (1104 bytes, EXPLAIN stripped)
  [3274/11794] 15382.sql -> outputs/stackoverflow_1gb/15382.txt  (1093 bytes, EXPLAIN stripped)
  [3275/11794] 15383.sql -> outputs/stackoverflow_1gb/15383.txt  (1214 bytes, EXPLAIN stripped)
  [3276/11794] 15384.sql -> outputs/stackoverflow_1gb/15384.txt  (1239 bytes, EXPLAIN stripped)
  [3277/11794] 15385.sql -> outputs/stackoverflow_1gb/15385.txt  (1166 bytes, EXPLAIN stripped)
  [3278/11794] 15386.sql -> outputs/stackoverflow_1gb/15386.txt  (1180 bytes, EXPLAIN stripped)
  [3279/11794] 15387.sql -> outputs/stackoverflow_1gb/15387.txt  (1103 bytes, EXPLAIN stripped)
  [3280/11794] 15388.sql -> outputs/stackoverflow_1gb/15388.txt  (1034 bytes, EXPLAIN stripped)
  [3281/11794] 15389.sql -> outputs/stackoverflow_1gb/15389.txt  (1167 bytes, EXPLAIN stripped)
  [3282/11794] 15390.sql -> outputs/stackoverflow_1gb/15390.txt  (110679 bytes, EXPLAIN stripped)
  [3283/11794] 15391.sql -> outputs/stackoverflow_1gb/15391.txt  (1214 bytes, EXPLAIN stripped)
  [3284/11794] 15393.sql -> outputs/stackoverflow_1gb/15393.txt  (1127 bytes, EXPLAIN stripped)
  [3285/11794] 15394.sql -> outputs/stackoverflow_1gb/15394.txt  (1246 bytes, EXPLAIN stripped)
  [3286/11794] 15395.sql -> outputs/stackoverflow_1gb/15395.txt  (1247 bytes, EXPLAIN stripped)
  [3287/11794] 15396.sql -> outputs/stackoverflow_1gb/15396.txt  (1180 bytes, EXPLAIN stripped)
  [3288/11794] 15398.sql -> outputs/stackoverflow_1gb/15398.txt  (1085 bytes, EXPLAIN stripped)
  [3289/11794] 15399.sql -> outputs/stackoverflow_1gb/15399.txt  (1095 bytes, EXPLAIN stripped)
  [3290/11794] 1540.sql -> outputs/stackoverflow_1gb/1540.txt  (596 bytes, EXPLAIN stripped)
  [3291/11794] 15400.sql -> outputs/stackoverflow_1gb/15400.txt  (1037 bytes, EXPLAIN stripped)
  [3292/11794] 15401.sql -> outputs/stackoverflow_1gb/15401.txt  (1247 bytes, EXPLAIN stripped)
  [3293/11794] 15402.sql -> outputs/stackoverflow_1gb/15402.txt  (1114 bytes, EXPLAIN stripped)
  [3294/11794] 15403.sql -> outputs/stackoverflow_1gb/15403.txt  (1007 bytes, EXPLAIN stripped)
  [3295/11794] 15404.sql -> outputs/stackoverflow_1gb/15404.txt  (1166 bytes, EXPLAIN stripped)
  [3296/11794] 15405.sql -> outputs/stackoverflow_1gb/15405.txt  (1212 bytes, EXPLAIN stripped)
  [3297/11794] 15406.sql -> outputs/stackoverflow_1gb/15406.txt  (18358 bytes, EXPLAIN stripped)
  [3298/11794] 15407.sql -> outputs/stackoverflow_1gb/15407.txt  (1126 bytes, EXPLAIN stripped)
  [3299/11794] 15409.sql -> outputs/stackoverflow_1gb/15409.txt  (1095 bytes, EXPLAIN stripped)
  [3300/11794] 15411.sql -> outputs/stackoverflow_1gb/15411.txt  (1214 bytes, EXPLAIN stripped)
  [3301/11794] 15412.sql -> outputs/stackoverflow_1gb/15412.txt  (1177 bytes, EXPLAIN stripped)
  [3302/11794] 15413.sql -> outputs/stackoverflow_1gb/15413.txt  (1110 bytes, EXPLAIN stripped)
  [3303/11794] 15414.sql -> outputs/stackoverflow_1gb/15414.txt  (1127 bytes, EXPLAIN stripped)
  [3304/11794] 15415.sql -> outputs/stackoverflow_1gb/15415.txt  (1170 bytes, EXPLAIN stripped)
  [3305/11794] 15416.sql -> outputs/stackoverflow_1gb/15416.txt  (1132 bytes, EXPLAIN stripped)
  [3306/11794] 15417.sql -> outputs/stackoverflow_1gb/15417.txt  (1120 bytes, EXPLAIN stripped)
  [3307/11794] 15418.sql -> outputs/stackoverflow_1gb/15418.txt  (1171 bytes, EXPLAIN stripped)
  [3308/11794] 15419.sql -> outputs/stackoverflow_1gb/15419.txt  (1219 bytes, EXPLAIN stripped)
  [3309/11794] 15420.sql -> outputs/stackoverflow_1gb/15420.txt  (1137 bytes, EXPLAIN stripped)
  [3310/11794] 15421.sql -> outputs/stackoverflow_1gb/15421.txt  (1173 bytes, EXPLAIN stripped)
  [3311/11794] 15422.sql -> outputs/stackoverflow_1gb/15422.txt  (1037 bytes, EXPLAIN stripped)
  [3312/11794] 15423.sql -> outputs/stackoverflow_1gb/15423.txt  (1126 bytes, EXPLAIN stripped)
  [3313/11794] 15425.sql -> outputs/stackoverflow_1gb/15425.txt  (112677 bytes, EXPLAIN stripped)
  [3314/11794] 15426.sql -> outputs/stackoverflow_1gb/15426.txt  (1138 bytes, EXPLAIN stripped)
  [3315/11794] 15427.sql -> outputs/stackoverflow_1gb/15427.txt  (1180 bytes, EXPLAIN stripped)
  [3316/11794] 15428.sql -> outputs/stackoverflow_1gb/15428.txt  (1169 bytes, EXPLAIN stripped)
  [3317/11794] 1543.sql -> outputs/stackoverflow_1gb/1543.txt  (38957 bytes, EXPLAIN stripped)
  [3318/11794] 15430.sql -> outputs/stackoverflow_1gb/15430.txt  (1103 bytes, EXPLAIN stripped)
  [3319/11794] 15431.sql -> outputs/stackoverflow_1gb/15431.txt  (969 bytes, EXPLAIN stripped)
  [3320/11794] 15433.sql -> outputs/stackoverflow_1gb/15433.txt  (1200 bytes, EXPLAIN stripped)
  [3321/11794] 15434.sql -> outputs/stackoverflow_1gb/15434.txt  (1133 bytes, EXPLAIN stripped)
  [3322/11794] 15435.sql -> outputs/stackoverflow_1gb/15435.txt  (1093 bytes, EXPLAIN stripped)
  [3323/11794] 15436.sql -> outputs/stackoverflow_1gb/15436.txt  (1127 bytes, EXPLAIN stripped)
  [3324/11794] 15437.sql -> outputs/stackoverflow_1gb/15437.txt  (994 bytes, EXPLAIN stripped)
  [3325/11794] 15438.sql -> outputs/stackoverflow_1gb/15438.txt  (1201 bytes, EXPLAIN stripped)
  [3326/11794] 15439.sql -> outputs/stackoverflow_1gb/15439.txt  (1100 bytes, EXPLAIN stripped)
  [3327/11794] 15440.sql -> outputs/stackoverflow_1gb/15440.txt  (1236 bytes, EXPLAIN stripped)
  [3328/11794] 15441.sql -> outputs/stackoverflow_1gb/15441.txt  (1166 bytes, EXPLAIN stripped)
  [3329/11794] 15442.sql -> outputs/stackoverflow_1gb/15442.txt  (1098 bytes, EXPLAIN stripped)
  [3330/11794] 15443.sql -> outputs/stackoverflow_1gb/15443.txt  (1126 bytes, EXPLAIN stripped)
  [3331/11794] 15444.sql -> outputs/stackoverflow_1gb/15444.txt  (1093 bytes, EXPLAIN stripped)
  [3332/11794] 15445.sql -> outputs/stackoverflow_1gb/15445.txt  (286 bytes, EXPLAIN stripped)
  [3333/11794] 15446.sql -> outputs/stackoverflow_1gb/15446.txt  (1180 bytes, EXPLAIN stripped)
  [3334/11794] 15447.sql -> outputs/stackoverflow_1gb/15447.txt  (1246 bytes, EXPLAIN stripped)
  [3335/11794] 15448.sql -> outputs/stackoverflow_1gb/15448.txt  (1196 bytes, EXPLAIN stripped)
  [3336/11794] 1545.sql -> outputs/stackoverflow_1gb/1545.txt  (668 bytes, EXPLAIN stripped)
  [3337/11794] 15450.sql -> outputs/stackoverflow_1gb/15450.txt  (1231 bytes, EXPLAIN stripped)
  [3338/11794] 15452.sql -> outputs/stackoverflow_1gb/15452.txt  (1096 bytes, EXPLAIN stripped)
  [3339/11794] 15453.sql -> outputs/stackoverflow_1gb/15453.txt  (5919 bytes, EXPLAIN stripped)
  [3340/11794] 15454.sql -> outputs/stackoverflow_1gb/15454.txt  (1269 bytes, EXPLAIN stripped)
  [3341/11794] 15455.sql -> outputs/stackoverflow_1gb/15455.txt  (1247 bytes, EXPLAIN stripped)
  [3342/11794] 15456.sql -> outputs/stackoverflow_1gb/15456.txt  (1079 bytes, EXPLAIN stripped)
  [3343/11794] 15457.sql -> outputs/stackoverflow_1gb/15457.txt  (1095 bytes, EXPLAIN stripped)
  [3344/11794] 15458.sql -> outputs/stackoverflow_1gb/15458.txt  (1214 bytes, EXPLAIN stripped)
  [3345/11794] 15459.sql -> outputs/stackoverflow_1gb/15459.txt  (937 bytes, EXPLAIN stripped)
  [3346/11794] 15460.sql -> outputs/stackoverflow_1gb/15460.txt  (1151 bytes, EXPLAIN stripped)
  [3347/11794] 15464.sql -> outputs/stackoverflow_1gb/15464.txt  (1137 bytes, EXPLAIN stripped)
  [3348/11794] 15465.sql -> outputs/stackoverflow_1gb/15465.txt  (80805 bytes, EXPLAIN stripped)
  [3349/11794] 15466.sql -> outputs/stackoverflow_1gb/15466.txt  (1137 bytes, EXPLAIN stripped)
  [3350/11794] 15469.sql -> outputs/stackoverflow_1gb/15469.txt  (7924 bytes, EXPLAIN stripped)
  [3351/11794] 15470.sql -> outputs/stackoverflow_1gb/15470.txt  (1199 bytes, EXPLAIN stripped)
  [3352/11794] 15471.sql -> outputs/stackoverflow_1gb/15471.txt  (1061 bytes, EXPLAIN stripped)
  [3353/11794] 15472.sql -> outputs/stackoverflow_1gb/15472.txt  (1247 bytes, EXPLAIN stripped)
  [3354/11794] 15473.sql -> outputs/stackoverflow_1gb/15473.txt  (1246 bytes, EXPLAIN stripped)
  [3355/11794] 15474.sql -> outputs/stackoverflow_1gb/15474.txt  (1138 bytes, EXPLAIN stripped)
  [3356/11794] 15475.sql -> outputs/stackoverflow_1gb/15475.txt  (1219 bytes, EXPLAIN stripped)
  [3357/11794] 15476.sql -> outputs/stackoverflow_1gb/15476.txt  (1240 bytes, EXPLAIN stripped)
  [3358/11794] 15477.sql -> outputs/stackoverflow_1gb/15477.txt  (1132 bytes, EXPLAIN stripped)
  [3359/11794] 15478.sql -> outputs/stackoverflow_1gb/15478.txt  (1098 bytes, EXPLAIN stripped)
  [3360/11794] 15479.sql -> outputs/stackoverflow_1gb/15479.txt  (1246 bytes, EXPLAIN stripped)
  [3361/11794] 15480.sql -> outputs/stackoverflow_1gb/15480.txt  (1228 bytes, EXPLAIN stripped)
  [3362/11794] 15483.sql -> outputs/stackoverflow_1gb/15483.txt  (1170 bytes, EXPLAIN stripped)
  [3363/11794] 15484.sql -> outputs/stackoverflow_1gb/15484.txt  (1219 bytes, EXPLAIN stripped)
  [3364/11794] 15486.sql -> outputs/stackoverflow_1gb/15486.txt  (1131 bytes, EXPLAIN stripped)
  [3365/11794] 15487.sql -> outputs/stackoverflow_1gb/15487.txt  (1093 bytes, EXPLAIN stripped)
  [3366/11794] 15488.sql -> outputs/stackoverflow_1gb/15488.txt  (1165 bytes, EXPLAIN stripped)
  [3367/11794] 15489.sql -> outputs/stackoverflow_1gb/15489.txt  (1203 bytes, EXPLAIN stripped)
  [3368/11794] 15490.sql -> outputs/stackoverflow_1gb/15490.txt  (1137 bytes, EXPLAIN stripped)
  [3369/11794] 15491.sql -> outputs/stackoverflow_1gb/15491.txt  (1247 bytes, EXPLAIN stripped)
  [3370/11794] 15492.sql -> outputs/stackoverflow_1gb/15492.txt  (342 bytes, EXPLAIN stripped)
  [3371/11794] 15493.sql -> outputs/stackoverflow_1gb/15493.txt  (1246 bytes, EXPLAIN stripped)
  [3372/11794] 15494.sql -> outputs/stackoverflow_1gb/15494.txt  (1180 bytes, EXPLAIN stripped)
  [3373/11794] 15495.sql -> outputs/stackoverflow_1gb/15495.txt  (1210 bytes, EXPLAIN stripped)
  [3374/11794] 15496.sql -> outputs/stackoverflow_1gb/15496.txt  (1104 bytes, EXPLAIN stripped)
  [3375/11794] 15497.sql -> outputs/stackoverflow_1gb/15497.txt  (18367 bytes, EXPLAIN stripped)
  [3376/11794] 15498.sql -> outputs/stackoverflow_1gb/15498.txt  (1132 bytes, EXPLAIN stripped)
  [3377/11794] 15499.sql -> outputs/stackoverflow_1gb/15499.txt  (1238 bytes, EXPLAIN stripped)
  [3378/11794] 15500.sql -> outputs/stackoverflow_1gb/15500.txt  (1246 bytes, EXPLAIN stripped)
  [3379/11794] 15502.sql -> outputs/stackoverflow_1gb/15502.txt  (1208 bytes, EXPLAIN stripped)
  [3380/11794] 15503.sql -> outputs/stackoverflow_1gb/15503.txt  (1214 bytes, EXPLAIN stripped)
  [3381/11794] 15504.sql -> outputs/stackoverflow_1gb/15504.txt  (1093 bytes, EXPLAIN stripped)
  [3382/11794] 15505.sql -> outputs/stackoverflow_1gb/15505.txt  (1246 bytes, EXPLAIN stripped)
  [3383/11794] 15506.sql -> outputs/stackoverflow_1gb/15506.txt  (1180 bytes, EXPLAIN stripped)
  [3384/11794] 15507.sql -> outputs/stackoverflow_1gb/15507.txt  (1208 bytes, EXPLAIN stripped)
  [3385/11794] 15509.sql -> outputs/stackoverflow_1gb/15509.txt  (1173 bytes, EXPLAIN stripped)
  [3386/11794] 15511.sql -> outputs/stackoverflow_1gb/15511.txt  (1095 bytes, EXPLAIN stripped)
  [3387/11794] 15512.sql -> outputs/stackoverflow_1gb/15512.txt  (1214 bytes, EXPLAIN stripped)
  [3388/11794] 15513.sql -> outputs/stackoverflow_1gb/15513.txt  (1126 bytes, EXPLAIN stripped)
  [3389/11794] 15514.sql -> outputs/stackoverflow_1gb/15514.txt  (1161 bytes, EXPLAIN stripped)
  [3390/11794] 15515.sql -> outputs/stackoverflow_1gb/15515.txt  (1210 bytes, EXPLAIN stripped)
  [3391/11794] 15516.sql -> outputs/stackoverflow_1gb/15516.txt  (190 bytes, EXPLAIN stripped)
  [3392/11794] 15517.sql -> outputs/stackoverflow_1gb/15517.txt  (1021 bytes, EXPLAIN stripped)
  [3393/11794] 15520.sql -> outputs/stackoverflow_1gb/15520.txt  (1103 bytes, EXPLAIN stripped)
  [3394/11794] 15521.sql -> outputs/stackoverflow_1gb/15521.txt  (1095 bytes, EXPLAIN stripped)
  [3395/11794] 15523.sql -> outputs/stackoverflow_1gb/15523.txt  (524 bytes, EXPLAIN stripped)
  [3396/11794] 15524.sql -> outputs/stackoverflow_1gb/15524.txt  (1238 bytes, EXPLAIN stripped)
  [3397/11794] 15526.sql -> outputs/stackoverflow_1gb/15526.txt  (1208 bytes, EXPLAIN stripped)
  [3398/11794] 15527.sql -> outputs/stackoverflow_1gb/15527.txt  (1019 bytes, EXPLAIN stripped)
  [3399/11794] 15528.sql -> outputs/stackoverflow_1gb/15528.txt  (279 bytes, EXPLAIN stripped)
  [3400/11794] 15529.sql -> outputs/stackoverflow_1gb/15529.txt  (1093 bytes, EXPLAIN stripped)
  [3401/11794] 15530.sql -> outputs/stackoverflow_1gb/15530.txt  (1036 bytes, EXPLAIN stripped)
  [3402/11794] 15531.sql -> outputs/stackoverflow_1gb/15531.txt  (1179 bytes, EXPLAIN stripped)
  [3403/11794] 15532.sql -> outputs/stackoverflow_1gb/15532.txt  (1161 bytes, EXPLAIN stripped)
  [3404/11794] 15533.sql -> outputs/stackoverflow_1gb/15533.txt  (988 bytes, EXPLAIN stripped)
  [3405/11794] 15534.sql -> outputs/stackoverflow_1gb/15534.txt  (1279 bytes, EXPLAIN stripped)
  [3406/11794] 15535.sql -> outputs/stackoverflow_1gb/15535.txt  (1093 bytes, EXPLAIN stripped)
  [3407/11794] 15536.sql -> outputs/stackoverflow_1gb/15536.txt  (60 bytes, EXPLAIN stripped)
  [3408/11794] 15537.sql -> outputs/stackoverflow_1gb/15537.txt  (1165 bytes, EXPLAIN stripped)
  [3409/11794] 15538.sql -> outputs/stackoverflow_1gb/15538.txt  (941 bytes, EXPLAIN stripped)
  [3410/11794] 15539.sql -> outputs/stackoverflow_1gb/15539.txt  (1098 bytes, EXPLAIN stripped)
  [3411/11794] 1554.sql -> outputs/stackoverflow_1gb/1554.txt  (1617 bytes, EXPLAIN stripped)
  [3412/11794] 15540.sql -> outputs/stackoverflow_1gb/15540.txt  (1035 bytes, EXPLAIN stripped)
  [3413/11794] 15541.sql -> outputs/stackoverflow_1gb/15541.txt  (1268 bytes, EXPLAIN stripped)
  [3414/11794] 15543.sql -> outputs/stackoverflow_1gb/15543.txt  (1126 bytes, EXPLAIN stripped)
  [3415/11794] 15544.sql -> outputs/stackoverflow_1gb/15544.txt  (1095 bytes, EXPLAIN stripped)
  [3416/11794] 15545.sql -> outputs/stackoverflow_1gb/15545.txt  (1166 bytes, EXPLAIN stripped)
  [3417/11794] 15546.sql -> outputs/stackoverflow_1gb/15546.txt  (1138 bytes, EXPLAIN stripped)
  [3418/11794] 15547.sql -> outputs/stackoverflow_1gb/15547.txt  (1131 bytes, EXPLAIN stripped)
  [3419/11794] 15549.sql -> outputs/stackoverflow_1gb/15549.txt  (1247 bytes, EXPLAIN stripped)
  [3420/11794] 15550.sql -> outputs/stackoverflow_1gb/15550.txt  (1059 bytes, EXPLAIN stripped)
  [3421/11794] 15551.sql -> outputs/stackoverflow_1gb/15551.txt  (1173 bytes, EXPLAIN stripped)
  [3422/11794] 15552.sql -> outputs/stackoverflow_1gb/15552.txt  (110274 bytes, EXPLAIN stripped)
  [3423/11794] 15553.sql -> outputs/stackoverflow_1gb/15553.txt  (1197 bytes, EXPLAIN stripped)
  [3424/11794] 15554.sql -> outputs/stackoverflow_1gb/15554.txt  (985 bytes, EXPLAIN stripped)
  [3425/11794] 15555.sql -> outputs/stackoverflow_1gb/15555.txt  (1065 bytes, EXPLAIN stripped)
  [3426/11794] 15556.sql -> outputs/stackoverflow_1gb/15556.txt  (1181 bytes, EXPLAIN stripped)
  [3427/11794] 15557.sql -> outputs/stackoverflow_1gb/15557.txt  (1178 bytes, EXPLAIN stripped)
  [3428/11794] 15558.sql -> outputs/stackoverflow_1gb/15558.txt  (1130 bytes, EXPLAIN stripped)
  [3429/11794] 15559.sql -> outputs/stackoverflow_1gb/15559.txt  (837 bytes, EXPLAIN stripped)
  [3430/11794] 15561.sql -> outputs/stackoverflow_1gb/15561.txt  (1161 bytes, EXPLAIN stripped)
  [3431/11794] 15562.sql -> outputs/stackoverflow_1gb/15562.txt  (1239 bytes, EXPLAIN stripped)
  [3432/11794] 15563.sql -> outputs/stackoverflow_1gb/15563.txt  (1110 bytes, EXPLAIN stripped)
  [3433/11794] 15564.sql -> outputs/stackoverflow_1gb/15564.txt  (1103 bytes, EXPLAIN stripped)
  [3434/11794] 15565.sql -> outputs/stackoverflow_1gb/15565.txt  (1132 bytes, EXPLAIN stripped)
  [3435/11794] 15567.sql -> outputs/stackoverflow_1gb/15567.txt  (1126 bytes, EXPLAIN stripped)
  [3436/11794] 15568.sql -> outputs/stackoverflow_1gb/15568.txt  (1138 bytes, EXPLAIN stripped)
  [3437/11794] 15569.sql -> outputs/stackoverflow_1gb/15569.txt  (1208 bytes, EXPLAIN stripped)
  [3438/11794] 1557.sql -> outputs/stackoverflow_1gb/1557.txt  (49 bytes, EXPLAIN stripped)
  [3439/11794] 15570.sql -> outputs/stackoverflow_1gb/15570.txt  (1239 bytes, EXPLAIN stripped)
  [3440/11794] 15572.sql -> outputs/stackoverflow_1gb/15572.txt  (1214 bytes, EXPLAIN stripped)
  [3441/11794] 15573.sql -> outputs/stackoverflow_1gb/15573.txt  (1126 bytes, EXPLAIN stripped)
  [3442/11794] 15574.sql -> outputs/stackoverflow_1gb/15574.txt  (1239 bytes, EXPLAIN stripped)
  [3443/11794] 15575.sql -> outputs/stackoverflow_1gb/15575.txt  (1095 bytes, EXPLAIN stripped)
  [3444/11794] 15576.sql -> outputs/stackoverflow_1gb/15576.txt  (1246 bytes, EXPLAIN stripped)
  [3445/11794] 15577.sql -> outputs/stackoverflow_1gb/15577.txt  (726 bytes, EXPLAIN stripped)
  [3446/11794] 15580.sql -> outputs/stackoverflow_1gb/15580.txt  (1126 bytes, EXPLAIN stripped)
  [3447/11794] 15581.sql -> outputs/stackoverflow_1gb/15581.txt  (1003 bytes, EXPLAIN stripped)
  [3448/11794] 15582.sql -> outputs/stackoverflow_1gb/15582.txt  (1138 bytes, EXPLAIN stripped)
  [3449/11794] 15583.sql -> outputs/stackoverflow_1gb/15583.txt  (1204 bytes, EXPLAIN stripped)
  [3450/11794] 15584.sql -> outputs/stackoverflow_1gb/15584.txt  (1138 bytes, EXPLAIN stripped)
  [3451/11794] 15585.sql -> outputs/stackoverflow_1gb/15585.txt  (1136 bytes, EXPLAIN stripped)
  [3452/11794] 15586.sql -> outputs/stackoverflow_1gb/15586.txt  (1264 bytes, EXPLAIN stripped)
  [3453/11794] 15588.sql -> outputs/stackoverflow_1gb/15588.txt  (1132 bytes, EXPLAIN stripped)
  [3454/11794] 15590.sql -> outputs/stackoverflow_1gb/15590.txt  (1246 bytes, EXPLAIN stripped)
  [3455/11794] 15591.sql -> outputs/stackoverflow_1gb/15591.txt  (1247 bytes, EXPLAIN stripped)
  [3456/11794] 15594.sql -> outputs/stackoverflow_1gb/15594.txt  (1123 bytes, EXPLAIN stripped)
  [3457/11794] 15595.sql -> outputs/stackoverflow_1gb/15595.txt  (1214 bytes, EXPLAIN stripped)
  [3458/11794] 15596.sql -> outputs/stackoverflow_1gb/15596.txt  (1137 bytes, EXPLAIN stripped)
  [3459/11794] 15597.sql -> outputs/stackoverflow_1gb/15597.txt  (1132 bytes, EXPLAIN stripped)
  [3460/11794] 15598.sql -> outputs/stackoverflow_1gb/15598.txt  (1239 bytes, EXPLAIN stripped)
  [3461/11794] 15599.sql -> outputs/stackoverflow_1gb/15599.txt  (1104 bytes, EXPLAIN stripped)
  [3462/11794] 15601.sql -> outputs/stackoverflow_1gb/15601.txt  (1208 bytes, EXPLAIN stripped)
  [3463/11794] 15602.sql -> outputs/stackoverflow_1gb/15602.txt  (1214 bytes, EXPLAIN stripped)
  [3464/11794] 15603.sql -> outputs/stackoverflow_1gb/15603.txt  (1098 bytes, EXPLAIN stripped)
  [3465/11794] 15604.sql -> outputs/stackoverflow_1gb/15604.txt  (1137 bytes, EXPLAIN stripped)
  [3466/11794] 15605.sql -> outputs/stackoverflow_1gb/15605.txt  (989 bytes, EXPLAIN stripped)
  [3467/11794] 15606.sql -> outputs/stackoverflow_1gb/15606.txt  (1237 bytes, EXPLAIN stripped)
  [3468/11794] 15608.sql -> outputs/stackoverflow_1gb/15608.txt  (1133 bytes, EXPLAIN stripped)
  [3469/11794] 15609.sql -> outputs/stackoverflow_1gb/15609.txt  (1247 bytes, EXPLAIN stripped)
  [3470/11794] 1561.sql -> outputs/stackoverflow_1gb/1561.txt  (86 bytes, EXPLAIN stripped)
  [3471/11794] 15610.sql -> outputs/stackoverflow_1gb/15610.txt  (1104 bytes, EXPLAIN stripped)
  [3472/11794] 15611.sql -> outputs/stackoverflow_1gb/15611.txt  (1103 bytes, EXPLAIN stripped)
  [3473/11794] 15612.sql -> outputs/stackoverflow_1gb/15612.txt  (1247 bytes, EXPLAIN stripped)
  [3474/11794] 15613.sql -> outputs/stackoverflow_1gb/15613.txt  (1208 bytes, EXPLAIN stripped)
  [3475/11794] 15614.sql -> outputs/stackoverflow_1gb/15614.txt  (1271 bytes, EXPLAIN stripped)
  [3476/11794] 15615.sql -> outputs/stackoverflow_1gb/15615.txt  (1230 bytes, EXPLAIN stripped)
  [3477/11794] 15616.sql -> outputs/stackoverflow_1gb/15616.txt  (947 bytes, EXPLAIN stripped)
  [3478/11794] 15617.sql -> outputs/stackoverflow_1gb/15617.txt  (1171 bytes, EXPLAIN stripped)
  [3479/11794] 15618.sql -> outputs/stackoverflow_1gb/15618.txt  (1237 bytes, EXPLAIN stripped)
  [3480/11794] 15619.sql -> outputs/stackoverflow_1gb/15619.txt  (1279 bytes, EXPLAIN stripped)
  [3481/11794] 15620.sql -> outputs/stackoverflow_1gb/15620.txt  (1646 bytes, EXPLAIN stripped)
  [3482/11794] 15621.sql -> outputs/stackoverflow_1gb/15621.txt  (1203 bytes, EXPLAIN stripped)
  [3483/11794] 15622.sql -> outputs/stackoverflow_1gb/15622.txt  (1135 bytes, EXPLAIN stripped)
  [3484/11794] 15624.sql -> outputs/stackoverflow_1gb/15624.txt  (1228 bytes, EXPLAIN stripped)
  [3485/11794] 15625.sql -> outputs/stackoverflow_1gb/15625.txt  (101611 bytes, EXPLAIN stripped)
  [3486/11794] 15627.sql -> outputs/stackoverflow_1gb/15627.txt  (1182 bytes, EXPLAIN stripped)
  [3487/11794] 15629.sql -> outputs/stackoverflow_1gb/15629.txt  (1175 bytes, EXPLAIN stripped)
  [3488/11794] 15630.sql -> outputs/stackoverflow_1gb/15630.txt  (1132 bytes, EXPLAIN stripped)
  [3489/11794] 15632.sql -> outputs/stackoverflow_1gb/15632.txt  (1110 bytes, EXPLAIN stripped)
  [3490/11794] 15633.sql -> outputs/stackoverflow_1gb/15633.txt  (1277 bytes, EXPLAIN stripped)
  [3491/11794] 15634.sql -> outputs/stackoverflow_1gb/15634.txt  (1166 bytes, EXPLAIN stripped)
  [3492/11794] 15635.sql -> outputs/stackoverflow_1gb/15635.txt  (1203 bytes, EXPLAIN stripped)
  [3493/11794] 15636.sql -> outputs/stackoverflow_1gb/15636.txt  (1205 bytes, EXPLAIN stripped)
  [3494/11794] 15638.sql -> outputs/stackoverflow_1gb/15638.txt  (952 bytes, EXPLAIN stripped)
  [3495/11794] 15640.sql -> outputs/stackoverflow_1gb/15640.txt  (1617 bytes, EXPLAIN stripped)
  [3496/11794] 15644.sql -> outputs/stackoverflow_1gb/15644.txt  (1180 bytes, EXPLAIN stripped)
  [3497/11794] 15645.sql -> outputs/stackoverflow_1gb/15645.txt  (1103 bytes, EXPLAIN stripped)
  [3498/11794] 15646.sql -> outputs/stackoverflow_1gb/15646.txt  (1026 bytes, EXPLAIN stripped)
  [3499/11794] 15647.sql -> outputs/stackoverflow_1gb/15647.txt  (1247 bytes, EXPLAIN stripped)
  [3500/11794] 15649.sql -> outputs/stackoverflow_1gb/15649.txt  (1132 bytes, EXPLAIN stripped)
  [3501/11794] 15650.sql -> outputs/stackoverflow_1gb/15650.txt  (1214 bytes, EXPLAIN stripped)
  [3502/11794] 15651.sql -> outputs/stackoverflow_1gb/15651.txt  (18425 bytes, EXPLAIN stripped)
  [3503/11794] 15653.sql -> outputs/stackoverflow_1gb/15653.txt  (1210 bytes, EXPLAIN stripped)
  [3504/11794] 15654.sql -> outputs/stackoverflow_1gb/15654.txt  (1161 bytes, EXPLAIN stripped)
  [3505/11794] 15655.sql -> outputs/stackoverflow_1gb/15655.txt  (1247 bytes, EXPLAIN stripped)
  [3506/11794] 15656.sql -> outputs/stackoverflow_1gb/15656.txt  (1247 bytes, EXPLAIN stripped)
  [3507/11794] 15657.sql -> outputs/stackoverflow_1gb/15657.txt  (214 bytes, EXPLAIN stripped)
  [3508/11794] 15658.sql -> outputs/stackoverflow_1gb/15658.txt  (1126 bytes, EXPLAIN stripped)
  [3509/11794] 15659.sql -> outputs/stackoverflow_1gb/15659.txt  (1137 bytes, EXPLAIN stripped)
  [3510/11794] 15660.sql -> outputs/stackoverflow_1gb/15660.txt  (1197 bytes, EXPLAIN stripped)
  [3511/11794] 15662.sql -> outputs/stackoverflow_1gb/15662.txt  (1059 bytes, EXPLAIN stripped)
  [3512/11794] 15663.sql -> outputs/stackoverflow_1gb/15663.txt  (1180 bytes, EXPLAIN stripped)
  [3513/11794] 15665.sql -> outputs/stackoverflow_1gb/15665.txt  (112685 bytes, EXPLAIN stripped)
  [3514/11794] 15666.sql -> outputs/stackoverflow_1gb/15666.txt  (1246 bytes, EXPLAIN stripped)
  [3515/11794] 15667.sql -> outputs/stackoverflow_1gb/15667.txt  (1169 bytes, EXPLAIN stripped)
  [3516/11794] 15668.sql -> outputs/stackoverflow_1gb/15668.txt  (1231 bytes, EXPLAIN stripped)
  [3517/11794] 15669.sql -> outputs/stackoverflow_1gb/15669.txt  (1029 bytes, EXPLAIN stripped)
  [3518/11794] 15670.sql -> outputs/stackoverflow_1gb/15670.txt  (1131 bytes, EXPLAIN stripped)
  [3519/11794] 15671.sql -> outputs/stackoverflow_1gb/15671.txt  (1205 bytes, EXPLAIN stripped)
  [3520/11794] 15672.sql -> outputs/stackoverflow_1gb/15672.txt  (1103 bytes, EXPLAIN stripped)
  [3521/11794] 15673.sql -> outputs/stackoverflow_1gb/15673.txt  (1025 bytes, EXPLAIN stripped)
  [3522/11794] 15674.sql -> outputs/stackoverflow_1gb/15674.txt  (1110 bytes, EXPLAIN stripped)
  [3523/11794] 15675.sql -> outputs/stackoverflow_1gb/15675.txt  (1175 bytes, EXPLAIN stripped)
  [3524/11794] 15676.sql -> outputs/stackoverflow_1gb/15676.txt  (1237 bytes, EXPLAIN stripped)
  [3525/11794] 15677.sql -> outputs/stackoverflow_1gb/15677.txt  (1238 bytes, EXPLAIN stripped)
  [3526/11794] 15678.sql -> outputs/stackoverflow_1gb/15678.txt  (938 bytes, EXPLAIN stripped)
  [3527/11794] 15679.sql -> outputs/stackoverflow_1gb/15679.txt  (1180 bytes, EXPLAIN stripped)
  [3528/11794] 15680.sql -> outputs/stackoverflow_1gb/15680.txt  (1201 bytes, EXPLAIN stripped)
  [3529/11794] 15681.sql -> outputs/stackoverflow_1gb/15681.txt  (1021 bytes, EXPLAIN stripped)
  [3530/11794] 15682.sql -> outputs/stackoverflow_1gb/15682.txt  (970 bytes, EXPLAIN stripped)
  [3531/11794] 15685.sql -> outputs/stackoverflow_1gb/15685.txt  (1168 bytes, EXPLAIN stripped)
  [3532/11794] 15687.sql -> outputs/stackoverflow_1gb/15687.txt  (1214 bytes, EXPLAIN stripped)
  [3533/11794] 15688.sql -> outputs/stackoverflow_1gb/15688.txt  (1137 bytes, EXPLAIN stripped)
  [3534/11794] 15689.sql -> outputs/stackoverflow_1gb/15689.txt  (1228 bytes, EXPLAIN stripped)
  [3535/11794] 15690.sql -> outputs/stackoverflow_1gb/15690.txt  (1137 bytes, EXPLAIN stripped)
  [3536/11794] 15692.sql -> outputs/stackoverflow_1gb/15692.txt  (1165 bytes, EXPLAIN stripped)
  [3537/11794] 15694.sql -> outputs/stackoverflow_1gb/15694.txt  (1104 bytes, EXPLAIN stripped)
  [3538/11794] 15695.sql -> outputs/stackoverflow_1gb/15695.txt  (1137 bytes, EXPLAIN stripped)
  [3539/11794] 15696.sql -> outputs/stackoverflow_1gb/15696.txt  (1093 bytes, EXPLAIN stripped)
  [3540/11794] 15697.sql -> outputs/stackoverflow_1gb/15697.txt  (1124 bytes, EXPLAIN stripped)
  [3541/11794] 15698.sql -> outputs/stackoverflow_1gb/15698.txt  (1103 bytes, EXPLAIN stripped)
  [3542/11794] 15699.sql -> outputs/stackoverflow_1gb/15699.txt  (1141 bytes, EXPLAIN stripped)
  [3543/11794] 15700.sql -> outputs/stackoverflow_1gb/15700.txt  (1077 bytes, EXPLAIN stripped)
  [3544/11794] 15701.sql -> outputs/stackoverflow_1gb/15701.txt  (1103 bytes, EXPLAIN stripped)
  [3545/11794] 15703.sql -> outputs/stackoverflow_1gb/15703.txt  (1151 bytes, EXPLAIN stripped)
  [3546/11794] 15704.sql -> outputs/stackoverflow_1gb/15704.txt  (1098 bytes, EXPLAIN stripped)
  [3547/11794] 15705.sql -> outputs/stackoverflow_1gb/15705.txt  (1132 bytes, EXPLAIN stripped)
  [3548/11794] 15707.sql -> outputs/stackoverflow_1gb/15707.txt  (1151 bytes, EXPLAIN stripped)
  [3549/11794] 15708.sql -> outputs/stackoverflow_1gb/15708.txt  (1203 bytes, EXPLAIN stripped)
  [3550/11794] 15709.sql -> outputs/stackoverflow_1gb/15709.txt  (1208 bytes, EXPLAIN stripped)
  [3551/11794] 15710.sql -> outputs/stackoverflow_1gb/15710.txt  (1170 bytes, EXPLAIN stripped)
  [3552/11794] 15711.sql -> outputs/stackoverflow_1gb/15711.txt  (1175 bytes, EXPLAIN stripped)
  [3553/11794] 15714.sql -> outputs/stackoverflow_1gb/15714.txt  (452 bytes, EXPLAIN stripped)
  [3554/11794] 15715.sql -> outputs/stackoverflow_1gb/15715.txt  (1126 bytes, EXPLAIN stripped)
  [3555/11794] 15716.sql -> outputs/stackoverflow_1gb/15716.txt  (1228 bytes, EXPLAIN stripped)
  [3556/11794] 15717.sql -> outputs/stackoverflow_1gb/15717.txt  (1095 bytes, EXPLAIN stripped)
  [3557/11794] 15718.sql -> outputs/stackoverflow_1gb/15718.txt  (1238 bytes, EXPLAIN stripped)
  [3558/11794] 1572.sql -> outputs/stackoverflow_1gb/1572.txt  (928 bytes, EXPLAIN stripped)
  [3559/11794] 15720.sql -> outputs/stackoverflow_1gb/15720.txt  (1173 bytes, EXPLAIN stripped)
  [3560/11794] 15721.sql -> outputs/stackoverflow_1gb/15721.txt  (980 bytes, EXPLAIN stripped)
  [3561/11794] 15722.sql -> outputs/stackoverflow_1gb/15722.txt  (1214 bytes, EXPLAIN stripped)
  [3562/11794] 15723.sql -> outputs/stackoverflow_1gb/15723.txt  (1210 bytes, EXPLAIN stripped)
  [3563/11794] 15724.sql -> outputs/stackoverflow_1gb/15724.txt  (1093 bytes, EXPLAIN stripped)
  [3564/11794] 15725.sql -> outputs/stackoverflow_1gb/15725.txt  (1255 bytes, EXPLAIN stripped)
  [3565/11794] 15726.sql -> outputs/stackoverflow_1gb/15726.txt  (522 bytes, EXPLAIN stripped)
  [3566/11794] 15727.sql -> outputs/stackoverflow_1gb/15727.txt  (105670 bytes, EXPLAIN stripped)
  [3567/11794] 15728.sql -> outputs/stackoverflow_1gb/15728.txt  (1126 bytes, EXPLAIN stripped)
  [3568/11794] 15729.sql -> outputs/stackoverflow_1gb/15729.txt  (1180 bytes, EXPLAIN stripped)
  [3569/11794] 1573.sql -> outputs/stackoverflow_1gb/1573.txt  (1270 bytes, EXPLAIN stripped)
  [3570/11794] 15730.sql -> outputs/stackoverflow_1gb/15730.txt  (1266 bytes, EXPLAIN stripped)
  [3571/11794] 15731.sql -> outputs/stackoverflow_1gb/15731.txt  (1169 bytes, EXPLAIN stripped)
  [3572/11794] 15734.sql -> outputs/stackoverflow_1gb/15734.txt  (1093 bytes, EXPLAIN stripped)
  [3573/11794] 15735.sql -> outputs/stackoverflow_1gb/15735.txt  (1095 bytes, EXPLAIN stripped)
  [3574/11794] 15736.sql -> outputs/stackoverflow_1gb/15736.txt  (1246 bytes, EXPLAIN stripped)
  [3575/11794] 15737.sql -> outputs/stackoverflow_1gb/15737.txt  (1093 bytes, EXPLAIN stripped)
  [3576/11794] 15738.sql -> outputs/stackoverflow_1gb/15738.txt  (1093 bytes, EXPLAIN stripped)
  [3577/11794] 15739.sql -> outputs/stackoverflow_1gb/15739.txt  (1208 bytes, EXPLAIN stripped)
  [3578/11794] 15740.sql -> outputs/stackoverflow_1gb/15740.txt  (1247 bytes, EXPLAIN stripped)
  [3579/11794] 15741.sql -> outputs/stackoverflow_1gb/15741.txt  (1204 bytes, EXPLAIN stripped)
  [3580/11794] 15742.sql -> outputs/stackoverflow_1gb/15742.txt  (1103 bytes, EXPLAIN stripped)
  [3581/11794] 15743.sql -> outputs/stackoverflow_1gb/15743.txt  (1157 bytes, EXPLAIN stripped)
  [3582/11794] 15744.sql -> outputs/stackoverflow_1gb/15744.txt  (1132 bytes, EXPLAIN stripped)
  [3583/11794] 15745.sql -> outputs/stackoverflow_1gb/15745.txt  (1279 bytes, EXPLAIN stripped)
  [3584/11794] 15747.sql -> outputs/stackoverflow_1gb/15747.txt  (1158 bytes, EXPLAIN stripped)
  [3585/11794] 15748.sql -> outputs/stackoverflow_1gb/15748.txt  (1133 bytes, EXPLAIN stripped)
  [3586/11794] 15749.sql -> outputs/stackoverflow_1gb/15749.txt  (1171 bytes, EXPLAIN stripped)
  [3587/11794] 1575.sql -> outputs/stackoverflow_1gb/1575.txt  (530 bytes, EXPLAIN stripped)
  [3588/11794] 15750.sql -> outputs/stackoverflow_1gb/15750.txt  (1214 bytes, EXPLAIN stripped)
  [3589/11794] 15751.sql -> outputs/stackoverflow_1gb/15751.txt  (1203 bytes, EXPLAIN stripped)
  [3590/11794] 15753.sql -> outputs/stackoverflow_1gb/15753.txt  (1219 bytes, EXPLAIN stripped)
  [3591/11794] 15754.sql -> outputs/stackoverflow_1gb/15754.txt  (1132 bytes, EXPLAIN stripped)
  [3592/11794] 15755.sql -> outputs/stackoverflow_1gb/15755.txt  (1201 bytes, EXPLAIN stripped)
  [3593/11794] 15756.sql -> outputs/stackoverflow_1gb/15756.txt  (1231 bytes, EXPLAIN stripped)
  [3594/11794] 15759.sql -> outputs/stackoverflow_1gb/15759.txt  (1098 bytes, EXPLAIN stripped)
  [3595/11794] 15760.sql -> outputs/stackoverflow_1gb/15760.txt  (1131 bytes, EXPLAIN stripped)
  [3596/11794] 15761.sql -> outputs/stackoverflow_1gb/15761.txt  (982 bytes, EXPLAIN stripped)
  [3597/11794] 15762.sql -> outputs/stackoverflow_1gb/15762.txt  (1132 bytes, EXPLAIN stripped)
  [3598/11794] 15763.sql -> outputs/stackoverflow_1gb/15763.txt  (1137 bytes, EXPLAIN stripped)
  [3599/11794] 15765.sql -> outputs/stackoverflow_1gb/15765.txt  (1171 bytes, EXPLAIN stripped)
  [3600/11794] 15766.sql -> outputs/stackoverflow_1gb/15766.txt  (1103 bytes, EXPLAIN stripped)
  [3601/11794] 15768.sql -> outputs/stackoverflow_1gb/15768.txt  (1103 bytes, EXPLAIN stripped)
  [3602/11794] 15769.sql -> outputs/stackoverflow_1gb/15769.txt  (1161 bytes, EXPLAIN stripped)
  [3603/11794] 15770.sql -> outputs/stackoverflow_1gb/15770.txt  (1087 bytes, EXPLAIN stripped)
  [3604/11794] 15771.sql -> outputs/stackoverflow_1gb/15771.txt  (1246 bytes, EXPLAIN stripped)
  [3605/11794] 15772.sql -> outputs/stackoverflow_1gb/15772.txt  (1127 bytes, EXPLAIN stripped)
  [3606/11794] 15773.sql -> outputs/stackoverflow_1gb/15773.txt  (1083 bytes, EXPLAIN stripped)
  [3607/11794] 15774.sql -> outputs/stackoverflow_1gb/15774.txt  (1269 bytes, EXPLAIN stripped)
  [3608/11794] 15775.sql -> outputs/stackoverflow_1gb/15775.txt  (1192 bytes, EXPLAIN stripped)
  [3609/11794] 15776.sql -> outputs/stackoverflow_1gb/15776.txt  (1126 bytes, EXPLAIN stripped)
  [3610/11794] 15777.sql -> outputs/stackoverflow_1gb/15777.txt  (1246 bytes, EXPLAIN stripped)
  [3611/11794] 15778.sql -> outputs/stackoverflow_1gb/15778.txt  (1137 bytes, EXPLAIN stripped)
  [3612/11794] 15779.sql -> outputs/stackoverflow_1gb/15779.txt  (1208 bytes, EXPLAIN stripped)
  [3613/11794] 15780.sql -> outputs/stackoverflow_1gb/15780.txt  (1227 bytes, EXPLAIN stripped)
  [3614/11794] 15781.sql -> outputs/stackoverflow_1gb/15781.txt  (1171 bytes, EXPLAIN stripped)
  [3615/11794] 15783.sql -> outputs/stackoverflow_1gb/15783.txt  (1150 bytes, EXPLAIN stripped)
  [3616/11794] 15784.sql -> outputs/stackoverflow_1gb/15784.txt  (1180 bytes, EXPLAIN stripped)
  [3617/11794] 15785.sql -> outputs/stackoverflow_1gb/15785.txt  (1132 bytes, EXPLAIN stripped)
  [3618/11794] 15786.sql -> outputs/stackoverflow_1gb/15786.txt  (1122 bytes, EXPLAIN stripped)
  [3619/11794] 15787.sql -> outputs/stackoverflow_1gb/15787.txt  (950 bytes, EXPLAIN stripped)
  [3620/11794] 15788.sql -> outputs/stackoverflow_1gb/15788.txt  (1093 bytes, EXPLAIN stripped)
  [3621/11794] 15789.sql -> outputs/stackoverflow_1gb/15789.txt  (1133 bytes, EXPLAIN stripped)
  [3622/11794] 15790.sql -> outputs/stackoverflow_1gb/15790.txt  (1173 bytes, EXPLAIN stripped)
  [3623/11794] 15791.sql -> outputs/stackoverflow_1gb/15791.txt  (214 bytes, EXPLAIN stripped)
  [3624/11794] 15793.sql -> outputs/stackoverflow_1gb/15793.txt  (257 bytes, EXPLAIN stripped)
  [3625/11794] 15794.sql -> outputs/stackoverflow_1gb/15794.txt  (1166 bytes, EXPLAIN stripped)
  [3626/11794] 15795.sql -> outputs/stackoverflow_1gb/15795.txt  (1177 bytes, EXPLAIN stripped)
  [3627/11794] 15796.sql -> outputs/stackoverflow_1gb/15796.txt  (985 bytes, EXPLAIN stripped)
  [3628/11794] 15797.sql -> outputs/stackoverflow_1gb/15797.txt  (1137 bytes, EXPLAIN stripped)
  [3629/11794] 15798.sql -> outputs/stackoverflow_1gb/15798.txt  (1238 bytes, EXPLAIN stripped)
  [3630/11794] 15799.sql -> outputs/stackoverflow_1gb/15799.txt  (1093 bytes, EXPLAIN stripped)
  [3631/11794] 15800.sql -> outputs/stackoverflow_1gb/15800.txt  (1219 bytes, EXPLAIN stripped)
  [3632/11794] 15801.sql -> outputs/stackoverflow_1gb/15801.txt  (1214 bytes, EXPLAIN stripped)
  [3633/11794] 15803.sql -> outputs/stackoverflow_1gb/15803.txt  (1095 bytes, EXPLAIN stripped)
  [3634/11794] 15804.sql -> outputs/stackoverflow_1gb/15804.txt  (1201 bytes, EXPLAIN stripped)
  [3635/11794] 15805.sql -> outputs/stackoverflow_1gb/15805.txt  (1098 bytes, EXPLAIN stripped)
  [3636/11794] 15806.sql -> outputs/stackoverflow_1gb/15806.txt  (20583 bytes, EXPLAIN stripped)
  [3637/11794] 15807.sql -> outputs/stackoverflow_1gb/15807.txt  (987 bytes, EXPLAIN stripped)
  [3638/11794] 15808.sql -> outputs/stackoverflow_1gb/15808.txt  (1166 bytes, EXPLAIN stripped)
  [3639/11794] 1581.sql -> outputs/stackoverflow_1gb/1581.txt  (799 bytes, EXPLAIN stripped)
  [3640/11794] 15810.sql -> outputs/stackoverflow_1gb/15810.txt  (1134 bytes, EXPLAIN stripped)
  [3641/11794] 15811.sql -> outputs/stackoverflow_1gb/15811.txt  (1029 bytes, EXPLAIN stripped)
  [3642/11794] 15812.sql -> outputs/stackoverflow_1gb/15812.txt  (1156 bytes, EXPLAIN stripped)
  [3643/11794] 15813.sql -> outputs/stackoverflow_1gb/15813.txt  (1236 bytes, EXPLAIN stripped)
  [3644/11794] 15815.sql -> outputs/stackoverflow_1gb/15815.txt  (1120 bytes, EXPLAIN stripped)
  [3645/11794] 15816.sql -> outputs/stackoverflow_1gb/15816.txt  (1136 bytes, EXPLAIN stripped)
  [3646/11794] 15817.sql -> outputs/stackoverflow_1gb/15817.txt  (1214 bytes, EXPLAIN stripped)
  [3647/11794] 15818.sql -> outputs/stackoverflow_1gb/15818.txt  (1133 bytes, EXPLAIN stripped)
  [3648/11794] 15819.sql -> outputs/stackoverflow_1gb/15819.txt  (1137 bytes, EXPLAIN stripped)
  [3649/11794] 15821.sql -> outputs/stackoverflow_1gb/15821.txt  (1207 bytes, EXPLAIN stripped)
  [3650/11794] 15824.sql -> outputs/stackoverflow_1gb/15824.txt  (1204 bytes, EXPLAIN stripped)
  [3651/11794] 15825.sql -> outputs/stackoverflow_1gb/15825.txt  (287 bytes, EXPLAIN stripped)
  [3652/11794] 15826.sql -> outputs/stackoverflow_1gb/15826.txt  (936 bytes, EXPLAIN stripped)
  [3653/11794] 15827.sql -> outputs/stackoverflow_1gb/15827.txt  (1207 bytes, EXPLAIN stripped)
  [3654/11794] 15828.sql -> outputs/stackoverflow_1gb/15828.txt  (1132 bytes, EXPLAIN stripped)
  [3655/11794] 15829.sql -> outputs/stackoverflow_1gb/15829.txt  (999 bytes, EXPLAIN stripped)
  [3656/11794] 15832.sql -> outputs/stackoverflow_1gb/15832.txt  (1214 bytes, EXPLAIN stripped)
  [3657/11794] 15833.sql -> outputs/stackoverflow_1gb/15833.txt  (1096 bytes, EXPLAIN stripped)
  [3658/11794] 15834.sql -> outputs/stackoverflow_1gb/15834.txt  (1093 bytes, EXPLAIN stripped)
  [3659/11794] 15835.sql -> outputs/stackoverflow_1gb/15835.txt  (1869 bytes, EXPLAIN stripped)
  [3660/11794] 15836.sql -> outputs/stackoverflow_1gb/15836.txt  (1180 bytes, EXPLAIN stripped)
  [3661/11794] 15837.sql -> outputs/stackoverflow_1gb/15837.txt  (1157 bytes, EXPLAIN stripped)
  [3662/11794] 15838.sql -> outputs/stackoverflow_1gb/15838.txt  (1895 bytes, EXPLAIN stripped)
  [3663/11794] 15839.sql -> outputs/stackoverflow_1gb/15839.txt  (1204 bytes, EXPLAIN stripped)
  [3664/11794] 1584.sql -> outputs/stackoverflow_1gb/1584.txt  (610 bytes, EXPLAIN stripped)
  [3665/11794] 15840.sql -> outputs/stackoverflow_1gb/15840.txt  (1154 bytes, EXPLAIN stripped)
  [3666/11794] 15841.sql -> outputs/stackoverflow_1gb/15841.txt  (1129 bytes, EXPLAIN stripped)
  [3667/11794] 15842.sql -> outputs/stackoverflow_1gb/15842.txt  (1026 bytes, EXPLAIN stripped)
  [3668/11794] 15843.sql -> outputs/stackoverflow_1gb/15843.txt  (1137 bytes, EXPLAIN stripped)
  [3669/11794] 15844.sql -> outputs/stackoverflow_1gb/15844.txt  (1231 bytes, EXPLAIN stripped)
  [3670/11794] 15846.sql -> outputs/stackoverflow_1gb/15846.txt  (1177 bytes, EXPLAIN stripped)
  [3671/11794] 15847.sql -> outputs/stackoverflow_1gb/15847.txt  (1180 bytes, EXPLAIN stripped)
  [3672/11794] 15848.sql -> outputs/stackoverflow_1gb/15848.txt  (936 bytes, EXPLAIN stripped)
  [3673/11794] 15849.sql -> outputs/stackoverflow_1gb/15849.txt  (1180 bytes, EXPLAIN stripped)
  [3674/11794] 1585.sql -> outputs/stackoverflow_1gb/1585.txt  (2115 bytes, EXPLAIN stripped)
  [3675/11794] 15850.sql -> outputs/stackoverflow_1gb/15850.txt  (1180 bytes, EXPLAIN stripped)
  [3676/11794] 15851.sql -> outputs/stackoverflow_1gb/15851.txt  (966 bytes, EXPLAIN stripped)
  [3677/11794] 15853.sql -> outputs/stackoverflow_1gb/15853.txt  (1204 bytes, EXPLAIN stripped)
  [3678/11794] 15854.sql -> outputs/stackoverflow_1gb/15854.txt  (1093 bytes, EXPLAIN stripped)
  [3679/11794] 15857.sql -> outputs/stackoverflow_1gb/15857.txt  (1239 bytes, EXPLAIN stripped)
  [3680/11794] 15858.sql -> outputs/stackoverflow_1gb/15858.txt  (1170 bytes, EXPLAIN stripped)
  [3681/11794] 15860.sql -> outputs/stackoverflow_1gb/15860.txt  (1093 bytes, EXPLAIN stripped)
  [3682/11794] 15861.sql -> outputs/stackoverflow_1gb/15861.txt  (1239 bytes, EXPLAIN stripped)
  [3683/11794] 15862.sql -> outputs/stackoverflow_1gb/15862.txt  (1207 bytes, EXPLAIN stripped)
  [3684/11794] 15863.sql -> outputs/stackoverflow_1gb/15863.txt  (1029 bytes, EXPLAIN stripped)
  [3685/11794] 15864.sql -> outputs/stackoverflow_1gb/15864.txt  (1208 bytes, EXPLAIN stripped)
  [3686/11794] 15867.sql -> outputs/stackoverflow_1gb/15867.txt  (1021 bytes, EXPLAIN stripped)
  [3687/11794] 15868.sql -> outputs/stackoverflow_1gb/15868.txt  (1247 bytes, EXPLAIN stripped)
  [3688/11794] 15869.sql -> outputs/stackoverflow_1gb/15869.txt  (1121 bytes, EXPLAIN stripped)
  [3689/11794] 15871.sql -> outputs/stackoverflow_1gb/15871.txt  (18391 bytes, EXPLAIN stripped)
  [3690/11794] 15872.sql -> outputs/stackoverflow_1gb/15872.txt  (1015 bytes, EXPLAIN stripped)
  [3691/11794] 15873.sql -> outputs/stackoverflow_1gb/15873.txt  (1239 bytes, EXPLAIN stripped)
  [3692/11794] 15874.sql -> outputs/stackoverflow_1gb/15874.txt  (1103 bytes, EXPLAIN stripped)
  [3693/11794] 15875.sql -> outputs/stackoverflow_1gb/15875.txt  (1242 bytes, EXPLAIN stripped)
  [3694/11794] 15877.sql -> outputs/stackoverflow_1gb/15877.txt  (10429 bytes, EXPLAIN stripped)
  [3695/11794] 15878.sql -> outputs/stackoverflow_1gb/15878.txt  (1021 bytes, EXPLAIN stripped)
  [3696/11794] 15879.sql -> outputs/stackoverflow_1gb/15879.txt  (1026 bytes, EXPLAIN stripped)
  [3697/11794] 15881.sql -> outputs/stackoverflow_1gb/15881.txt  (1088 bytes, EXPLAIN stripped)
  [3698/11794] 15882.sql -> outputs/stackoverflow_1gb/15882.txt  (1246 bytes, EXPLAIN stripped)
  [3699/11794] 15883.sql -> outputs/stackoverflow_1gb/15883.txt  (1126 bytes, EXPLAIN stripped)
  [3700/11794] 15884.sql -> outputs/stackoverflow_1gb/15884.txt  (1169 bytes, EXPLAIN stripped)
  [3701/11794] 15886.sql -> outputs/stackoverflow_1gb/15886.txt  (1198 bytes, EXPLAIN stripped)
  [3702/11794] 15887.sql -> outputs/stackoverflow_1gb/15887.txt  (1098 bytes, EXPLAIN stripped)
  [3703/11794] 15888.sql -> outputs/stackoverflow_1gb/15888.txt  (1214 bytes, EXPLAIN stripped)
  [3704/11794] 15890.sql -> outputs/stackoverflow_1gb/15890.txt  (1021 bytes, EXPLAIN stripped)
  [3705/11794] 15892.sql -> outputs/stackoverflow_1gb/15892.txt  (1135 bytes, EXPLAIN stripped)
  [3706/11794] 15893.sql -> outputs/stackoverflow_1gb/15893.txt  (1045 bytes, EXPLAIN stripped)
  [3707/11794] 15894.sql -> outputs/stackoverflow_1gb/15894.txt  (1238 bytes, EXPLAIN stripped)
  [3708/11794] 15895.sql -> outputs/stackoverflow_1gb/15895.txt  (936 bytes, EXPLAIN stripped)
  [3709/11794] 15896.sql -> outputs/stackoverflow_1gb/15896.txt  (1253 bytes, EXPLAIN stripped)
  [3710/11794] 15897.sql -> outputs/stackoverflow_1gb/15897.txt  (1165 bytes, EXPLAIN stripped)
  [3711/11794] 15898.sql -> outputs/stackoverflow_1gb/15898.txt  (1102 bytes, EXPLAIN stripped)
  [3712/11794] 15899.sql -> outputs/stackoverflow_1gb/15899.txt  (1128 bytes, EXPLAIN stripped)
  [3713/11794] 15900.sql -> outputs/stackoverflow_1gb/15900.txt  (1119 bytes, EXPLAIN stripped)
  [3714/11794] 15901.sql -> outputs/stackoverflow_1gb/15901.txt  (1126 bytes, EXPLAIN stripped)
  [3715/11794] 15902.sql -> outputs/stackoverflow_1gb/15902.txt  (1207 bytes, EXPLAIN stripped)
  [3716/11794] 15903.sql -> outputs/stackoverflow_1gb/15903.txt  (1133 bytes, EXPLAIN stripped)
  [3717/11794] 15905.sql -> outputs/stackoverflow_1gb/15905.txt  (1219 bytes, EXPLAIN stripped)
  [3718/11794] 15908.sql -> outputs/stackoverflow_1gb/15908.txt  (1131 bytes, EXPLAIN stripped)
  [3719/11794] 15909.sql -> outputs/stackoverflow_1gb/15909.txt  (1021 bytes, EXPLAIN stripped)
  [3720/11794] 1591.sql -> outputs/stackoverflow_1gb/1591.txt  (90510 bytes, EXPLAIN stripped)
  [3721/11794] 15910.sql -> outputs/stackoverflow_1gb/15910.txt  (1247 bytes, EXPLAIN stripped)
  [3722/11794] 15911.sql -> outputs/stackoverflow_1gb/15911.txt  (1007 bytes, EXPLAIN stripped)
  [3723/11794] 15912.sql -> outputs/stackoverflow_1gb/15912.txt  (1090 bytes, EXPLAIN stripped)
  [3724/11794] 15913.sql -> outputs/stackoverflow_1gb/15913.txt  (1214 bytes, EXPLAIN stripped)
  [3725/11794] 15914.sql -> outputs/stackoverflow_1gb/15914.txt  (1247 bytes, EXPLAIN stripped)
  [3726/11794] 15915.sql -> outputs/stackoverflow_1gb/15915.txt  (1237 bytes, EXPLAIN stripped)
  [3727/11794] 15916.sql -> outputs/stackoverflow_1gb/15916.txt  (1255 bytes, EXPLAIN stripped)
  [3728/11794] 15918.sql -> outputs/stackoverflow_1gb/15918.txt  (80793 bytes, EXPLAIN stripped)
  [3729/11794] 15919.sql -> outputs/stackoverflow_1gb/15919.txt  (1138 bytes, EXPLAIN stripped)
  [3730/11794] 15920.sql -> outputs/stackoverflow_1gb/15920.txt  (214 bytes, EXPLAIN stripped)
  [3731/11794] 15922.sql -> outputs/stackoverflow_1gb/15922.txt  (1208 bytes, EXPLAIN stripped)
  [3732/11794] 15923.sql -> outputs/stackoverflow_1gb/15923.txt  (1132 bytes, EXPLAIN stripped)
  [3733/11794] 15924.sql -> outputs/stackoverflow_1gb/15924.txt  (1132 bytes, EXPLAIN stripped)
  [3734/11794] 15925.sql -> outputs/stackoverflow_1gb/15925.txt  (1154 bytes, EXPLAIN stripped)
  [3735/11794] 15927.sql -> outputs/stackoverflow_1gb/15927.txt  (1126 bytes, EXPLAIN stripped)
  [3736/11794] 15928.sql -> outputs/stackoverflow_1gb/15928.txt  (1109 bytes, EXPLAIN stripped)
  [3737/11794] 15929.sql -> outputs/stackoverflow_1gb/15929.txt  (1137 bytes, EXPLAIN stripped)
  [3738/11794] 15930.sql -> outputs/stackoverflow_1gb/15930.txt  (1212 bytes, EXPLAIN stripped)
  [3739/11794] 15931.sql -> outputs/stackoverflow_1gb/15931.txt  (1138 bytes, EXPLAIN stripped)
  [3740/11794] 15932.sql -> outputs/stackoverflow_1gb/15932.txt  (831 bytes, EXPLAIN stripped)
  [3741/11794] 15933.sql -> outputs/stackoverflow_1gb/15933.txt  (1247 bytes, EXPLAIN stripped)
  [3742/11794] 15934.sql -> outputs/stackoverflow_1gb/15934.txt  (1279 bytes, EXPLAIN stripped)
  [3743/11794] 15936.sql -> outputs/stackoverflow_1gb/15936.txt  (1239 bytes, EXPLAIN stripped)
  [3744/11794] 15937.sql -> outputs/stackoverflow_1gb/15937.txt  (1062 bytes, EXPLAIN stripped)
  [3745/11794] 15939.sql -> outputs/stackoverflow_1gb/15939.txt  (974 bytes, EXPLAIN stripped)
  [3746/11794] 15941.sql -> outputs/stackoverflow_1gb/15941.txt  (1215 bytes, EXPLAIN stripped)
  [3747/11794] 15942.sql -> outputs/stackoverflow_1gb/15942.txt  (105670 bytes, EXPLAIN stripped)
  [3748/11794] 15943.sql -> outputs/stackoverflow_1gb/15943.txt  (1246 bytes, EXPLAIN stripped)
  [3749/11794] 15944.sql -> outputs/stackoverflow_1gb/15944.txt  (1247 bytes, EXPLAIN stripped)
  [3750/11794] 15945.sql -> outputs/stackoverflow_1gb/15945.txt  (1247 bytes, EXPLAIN stripped)
  [3751/11794] 15946.sql -> outputs/stackoverflow_1gb/15946.txt  (1209 bytes, EXPLAIN stripped)
  [3752/11794] 15947.sql -> outputs/stackoverflow_1gb/15947.txt  (1093 bytes, EXPLAIN stripped)
  [3753/11794] 15948.sql -> outputs/stackoverflow_1gb/15948.txt  (1026 bytes, EXPLAIN stripped)
  [3754/11794] 15949.sql -> outputs/stackoverflow_1gb/15949.txt  (1219 bytes, EXPLAIN stripped)
  [3755/11794] 1595.sql -> outputs/stackoverflow_1gb/1595.txt  (881 bytes, EXPLAIN stripped)
  [3756/11794] 15950.sql -> outputs/stackoverflow_1gb/15950.txt  (1238 bytes, EXPLAIN stripped)
  [3757/11794] 15952.sql -> outputs/stackoverflow_1gb/15952.txt  (1180 bytes, EXPLAIN stripped)
  [3758/11794] 15953.sql -> outputs/stackoverflow_1gb/15953.txt  (1171 bytes, EXPLAIN stripped)
  [3759/11794] 15954.sql -> outputs/stackoverflow_1gb/15954.txt  (1180 bytes, EXPLAIN stripped)
  [3760/11794] 15955.sql -> outputs/stackoverflow_1gb/15955.txt  (1161 bytes, EXPLAIN stripped)
  [3761/11794] 15956.sql -> outputs/stackoverflow_1gb/15956.txt  (1133 bytes, EXPLAIN stripped)
  [3762/11794] 15957.sql -> outputs/stackoverflow_1gb/15957.txt  (1213 bytes, EXPLAIN stripped)
  [3763/11794] 15958.sql -> outputs/stackoverflow_1gb/15958.txt  (1088 bytes, EXPLAIN stripped)
  [3764/11794] 15959.sql -> outputs/stackoverflow_1gb/15959.txt  (1132 bytes, EXPLAIN stripped)
  [3765/11794] 1596.sql -> outputs/stackoverflow_1gb/1596.txt  (13411 bytes, EXPLAIN stripped)
  [3766/11794] 15962.sql -> outputs/stackoverflow_1gb/15962.txt  (1166 bytes, EXPLAIN stripped)
  [3767/11794] 15963.sql -> outputs/stackoverflow_1gb/15963.txt  (969 bytes, EXPLAIN stripped)
  [3768/11794] 15964.sql -> outputs/stackoverflow_1gb/15964.txt  (1078 bytes, EXPLAIN stripped)
  [3769/11794] 15965.sql -> outputs/stackoverflow_1gb/15965.txt  (1165 bytes, EXPLAIN stripped)
  [3770/11794] 15966.sql -> outputs/stackoverflow_1gb/15966.txt  (318 bytes, EXPLAIN stripped)
  [3771/11794] 1597.sql -> outputs/stackoverflow_1gb/1597.txt  (1084 bytes, EXPLAIN stripped)
  [3772/11794] 15970.sql -> outputs/stackoverflow_1gb/15970.txt  (1171 bytes, EXPLAIN stripped)
  [3773/11794] 15971.sql -> outputs/stackoverflow_1gb/15971.txt  (5739 bytes, EXPLAIN stripped)
  [3774/11794] 15972.sql -> outputs/stackoverflow_1gb/15972.txt  (1093 bytes, EXPLAIN stripped)
  [3775/11794] 15973.sql -> outputs/stackoverflow_1gb/15973.txt  (1133 bytes, EXPLAIN stripped)
  [3776/11794] 15976.sql -> outputs/stackoverflow_1gb/15976.txt  (1010 bytes, EXPLAIN stripped)
  [3777/11794] 15977.sql -> outputs/stackoverflow_1gb/15977.txt  (1158 bytes, EXPLAIN stripped)
  [3778/11794] 15978.sql -> outputs/stackoverflow_1gb/15978.txt  (1127 bytes, EXPLAIN stripped)
  [3779/11794] 15979.sql -> outputs/stackoverflow_1gb/15979.txt  (11261 bytes, EXPLAIN stripped)
  [3780/11794] 15980.sql -> outputs/stackoverflow_1gb/15980.txt  (1161 bytes, EXPLAIN stripped)
  [3781/11794] 15981.sql -> outputs/stackoverflow_1gb/15981.txt  (1279 bytes, EXPLAIN stripped)
  [3782/11794] 15982.sql -> outputs/stackoverflow_1gb/15982.txt  (1095 bytes, EXPLAIN stripped)
  [3783/11794] 15983.sql -> outputs/stackoverflow_1gb/15983.txt  (1087 bytes, EXPLAIN stripped)
  [3784/11794] 15984.sql -> outputs/stackoverflow_1gb/15984.txt  (1059 bytes, EXPLAIN stripped)
  [3785/11794] 15985.sql -> outputs/stackoverflow_1gb/15985.txt  (1214 bytes, EXPLAIN stripped)
  [3786/11794] 15986.sql -> outputs/stackoverflow_1gb/15986.txt  (1170 bytes, EXPLAIN stripped)
  [3787/11794] 15987.sql -> outputs/stackoverflow_1gb/15987.txt  (1180 bytes, EXPLAIN stripped)
  [3788/11794] 15988.sql -> outputs/stackoverflow_1gb/15988.txt  (277 bytes, EXPLAIN stripped)
  [3789/11794] 15991.sql -> outputs/stackoverflow_1gb/15991.txt  (1129 bytes, EXPLAIN stripped)
  [3790/11794] 15994.sql -> outputs/stackoverflow_1gb/15994.txt  (40558 bytes, EXPLAIN stripped)
  [3791/11794] 15995.sql -> outputs/stackoverflow_1gb/15995.txt  (1166 bytes, EXPLAIN stripped)
  [3792/11794] 15996.sql -> outputs/stackoverflow_1gb/15996.txt  (936 bytes, EXPLAIN stripped)
  [3793/11794] 15997.sql -> outputs/stackoverflow_1gb/15997.txt  (970 bytes, EXPLAIN stripped)
  [3794/11794] 15998.sql -> outputs/stackoverflow_1gb/15998.txt  (1199 bytes, EXPLAIN stripped)
  [3795/11794] 15999.sql -> outputs/stackoverflow_1gb/15999.txt  (1132 bytes, EXPLAIN stripped)
  [3796/11794] 160.sql -> outputs/stackoverflow_1gb/160.txt  (12817 bytes, EXPLAIN stripped)
  [3797/11794] 16000.sql -> outputs/stackoverflow_1gb/16000.txt  (59 bytes, EXPLAIN stripped)
  [3798/11794] 16001.sql -> outputs/stackoverflow_1gb/16001.txt  (1093 bytes, EXPLAIN stripped)
  [3799/11794] 16003.sql -> outputs/stackoverflow_1gb/16003.txt  (1180 bytes, EXPLAIN stripped)
  [3800/11794] 16004.sql -> outputs/stackoverflow_1gb/16004.txt  (1208 bytes, EXPLAIN stripped)
  [3801/11794] 16005.sql -> outputs/stackoverflow_1gb/16005.txt  (1247 bytes, EXPLAIN stripped)
  [3802/11794] 16006.sql -> outputs/stackoverflow_1gb/16006.txt  (1041 bytes, EXPLAIN stripped)
  [3803/11794] 16007.sql -> outputs/stackoverflow_1gb/16007.txt  (1026 bytes, EXPLAIN stripped)
  [3804/11794] 16008.sql -> outputs/stackoverflow_1gb/16008.txt  (1247 bytes, EXPLAIN stripped)
  [3805/11794] 16009.sql -> outputs/stackoverflow_1gb/16009.txt  (1214 bytes, EXPLAIN stripped)
  [3806/11794] 16010.sql -> outputs/stackoverflow_1gb/16010.txt  (1277 bytes, EXPLAIN stripped)
  [3807/11794] 16011.sql -> outputs/stackoverflow_1gb/16011.txt  (1238 bytes, EXPLAIN stripped)
  [3808/11794] 16013.sql -> outputs/stackoverflow_1gb/16013.txt  (1203 bytes, EXPLAIN stripped)
  [3809/11794] 16014.sql -> outputs/stackoverflow_1gb/16014.txt  (257 bytes, EXPLAIN stripped)
  [3810/11794] 16015.sql -> outputs/stackoverflow_1gb/16015.txt  (1087 bytes, EXPLAIN stripped)
  [3811/11794] 16016.sql -> outputs/stackoverflow_1gb/16016.txt  (1236 bytes, EXPLAIN stripped)
  [3812/11794] 16018.sql -> outputs/stackoverflow_1gb/16018.txt  (1210 bytes, EXPLAIN stripped)
  [3813/11794] 16019.sql -> outputs/stackoverflow_1gb/16019.txt  (1180 bytes, EXPLAIN stripped)
  [3814/11794] 1602.sql -> outputs/stackoverflow_1gb/1602.txt  (1398 bytes, EXPLAIN stripped)
  [3815/11794] 16021.sql -> outputs/stackoverflow_1gb/16021.txt  (1166 bytes, EXPLAIN stripped)
  [3816/11794] 16022.sql -> outputs/stackoverflow_1gb/16022.txt  (1247 bytes, EXPLAIN stripped)
  [3817/11794] 16023.sql -> outputs/stackoverflow_1gb/16023.txt  (529 bytes, EXPLAIN stripped)
  [3818/11794] 16024.sql -> outputs/stackoverflow_1gb/16024.txt  (376 bytes, EXPLAIN stripped)
  [3819/11794] 16027.sql -> outputs/stackoverflow_1gb/16027.txt  (1247 bytes, EXPLAIN stripped)
  [3820/11794] 16028.sql -> outputs/stackoverflow_1gb/16028.txt  (1132 bytes, EXPLAIN stripped)
  [3821/11794] 16030.sql -> outputs/stackoverflow_1gb/16030.txt  (1224 bytes, EXPLAIN stripped)
  [3822/11794] 16031.sql -> outputs/stackoverflow_1gb/16031.txt  (1138 bytes, EXPLAIN stripped)
  [3823/11794] 16033.sql -> outputs/stackoverflow_1gb/16033.txt  (1137 bytes, EXPLAIN stripped)
  [3824/11794] 16034.sql -> outputs/stackoverflow_1gb/16034.txt  (274 bytes, EXPLAIN stripped)
  [3825/11794] 16035.sql -> outputs/stackoverflow_1gb/16035.txt  (1133 bytes, EXPLAIN stripped)
  [3826/11794] 16036.sql -> outputs/stackoverflow_1gb/16036.txt  (1231 bytes, EXPLAIN stripped)
  [3827/11794] 16037.sql -> outputs/stackoverflow_1gb/16037.txt  (1131 bytes, EXPLAIN stripped)
  [3828/11794] 16039.sql -> outputs/stackoverflow_1gb/16039.txt  (1126 bytes, EXPLAIN stripped)
  [3829/11794] 16040.sql -> outputs/stackoverflow_1gb/16040.txt  (1219 bytes, EXPLAIN stripped)
  [3830/11794] 16041.sql -> outputs/stackoverflow_1gb/16041.txt  (1203 bytes, EXPLAIN stripped)
  [3831/11794] 16042.sql -> outputs/stackoverflow_1gb/16042.txt  (1098 bytes, EXPLAIN stripped)
  [3832/11794] 16043.sql -> outputs/stackoverflow_1gb/16043.txt  (1095 bytes, EXPLAIN stripped)
  [3833/11794] 16044.sql -> outputs/stackoverflow_1gb/16044.txt  (60 bytes, EXPLAIN stripped)
  [3834/11794] 16045.sql -> outputs/stackoverflow_1gb/16045.txt  (1180 bytes, EXPLAIN stripped)
  [3835/11794] 16046.sql -> outputs/stackoverflow_1gb/16046.txt  (1247 bytes, EXPLAIN stripped)
  [3836/11794] 16047.sql -> outputs/stackoverflow_1gb/16047.txt  (1078 bytes, EXPLAIN stripped)
  [3837/11794] 16048.sql -> outputs/stackoverflow_1gb/16048.txt  (1199 bytes, EXPLAIN stripped)
  [3838/11794] 16049.sql -> outputs/stackoverflow_1gb/16049.txt  (1214 bytes, EXPLAIN stripped)
  [3839/11794] 16052.sql -> outputs/stackoverflow_1gb/16052.txt  (1204 bytes, EXPLAIN stripped)
  [3840/11794] 16053.sql -> outputs/stackoverflow_1gb/16053.txt  (1093 bytes, EXPLAIN stripped)
  [3841/11794] 16054.sql -> outputs/stackoverflow_1gb/16054.txt  (936 bytes, EXPLAIN stripped)
  [3842/11794] 16056.sql -> outputs/stackoverflow_1gb/16056.txt  (1214 bytes, EXPLAIN stripped)
  [3843/11794] 16058.sql -> outputs/stackoverflow_1gb/16058.txt  (1095 bytes, EXPLAIN stripped)
  [3844/11794] 16059.sql -> outputs/stackoverflow_1gb/16059.txt  (981 bytes, EXPLAIN stripped)
  [3845/11794] 16060.sql -> outputs/stackoverflow_1gb/16060.txt  (1180 bytes, EXPLAIN stripped)
  [3846/11794] 16061.sql -> outputs/stackoverflow_1gb/16061.txt  (1277 bytes, EXPLAIN stripped)
  [3847/11794] 16062.sql -> outputs/stackoverflow_1gb/16062.txt  (1171 bytes, EXPLAIN stripped)
  [3848/11794] 16063.sql -> outputs/stackoverflow_1gb/16063.txt  (1214 bytes, EXPLAIN stripped)
  [3849/11794] 16064.sql -> outputs/stackoverflow_1gb/16064.txt  (1219 bytes, EXPLAIN stripped)
  [3850/11794] 16066.sql -> outputs/stackoverflow_1gb/16066.txt  (1180 bytes, EXPLAIN stripped)
  [3851/11794] 16067.sql -> outputs/stackoverflow_1gb/16067.txt  (1231 bytes, EXPLAIN stripped)
  [3852/11794] 16070.sql -> outputs/stackoverflow_1gb/16070.txt  (1098 bytes, EXPLAIN stripped)
  [3853/11794] 16071.sql -> outputs/stackoverflow_1gb/16071.txt  (257 bytes, EXPLAIN stripped)
  [3854/11794] 16074.sql -> outputs/stackoverflow_1gb/16074.txt  (1208 bytes, EXPLAIN stripped)
  [3855/11794] 16076.sql -> outputs/stackoverflow_1gb/16076.txt  (1059 bytes, EXPLAIN stripped)
  [3856/11794] 16077.sql -> outputs/stackoverflow_1gb/16077.txt  (1093 bytes, EXPLAIN stripped)
  [3857/11794] 16078.sql -> outputs/stackoverflow_1gb/16078.txt  (218 bytes, EXPLAIN stripped)
  [3858/11794] 16079.sql -> outputs/stackoverflow_1gb/16079.txt  (1524 bytes, EXPLAIN stripped)
  [3859/11794] 16081.sql -> outputs/stackoverflow_1gb/16081.txt  (1132 bytes, EXPLAIN stripped)
  [3860/11794] 16082.sql -> outputs/stackoverflow_1gb/16082.txt  (1171 bytes, EXPLAIN stripped)
  [3861/11794] 16083.sql -> outputs/stackoverflow_1gb/16083.txt  (1173 bytes, EXPLAIN stripped)
  [3862/11794] 16084.sql -> outputs/stackoverflow_1gb/16084.txt  (974 bytes, EXPLAIN stripped)
  [3863/11794] 16085.sql -> outputs/stackoverflow_1gb/16085.txt  (3375 bytes, EXPLAIN stripped)
  [3864/11794] 16087.sql -> outputs/stackoverflow_1gb/16087.txt  (1247 bytes, EXPLAIN stripped)
  [3865/11794] 16088.sql -> outputs/stackoverflow_1gb/16088.txt  (1126 bytes, EXPLAIN stripped)
  [3866/11794] 16089.sql -> outputs/stackoverflow_1gb/16089.txt  (934 bytes, EXPLAIN stripped)
  [3867/11794] 16090.sql -> outputs/stackoverflow_1gb/16090.txt  (1065 bytes, EXPLAIN stripped)
  [3868/11794] 16091.sql -> outputs/stackoverflow_1gb/16091.txt  (1238 bytes, EXPLAIN stripped)
  [3869/11794] 16093.sql -> outputs/stackoverflow_1gb/16093.txt  (1169 bytes, EXPLAIN stripped)
  [3870/11794] 16094.sql -> outputs/stackoverflow_1gb/16094.txt  (1161 bytes, EXPLAIN stripped)
  [3871/11794] 16095.sql -> outputs/stackoverflow_1gb/16095.txt  (1127 bytes, EXPLAIN stripped)
  [3872/11794] 16096.sql -> outputs/stackoverflow_1gb/16096.txt  (1126 bytes, EXPLAIN stripped)
  [3873/11794] 16097.sql -> outputs/stackoverflow_1gb/16097.txt  (969 bytes, EXPLAIN stripped)
  [3874/11794] 16098.sql -> outputs/stackoverflow_1gb/16098.txt  (1021 bytes, EXPLAIN stripped)
  [3875/11794] 16099.sql -> outputs/stackoverflow_1gb/16099.txt  (1132 bytes, EXPLAIN stripped)
  [3876/11794] 161.sql -> outputs/stackoverflow_1gb/161.txt  (466 bytes, EXPLAIN stripped)
  [3877/11794] 16100.sql -> outputs/stackoverflow_1gb/16100.txt  (2048 bytes, EXPLAIN stripped)
  [3878/11794] 16102.sql -> outputs/stackoverflow_1gb/16102.txt  (1328 bytes, EXPLAIN stripped)
  [3879/11794] 16103.sql -> outputs/stackoverflow_1gb/16103.txt  (1131 bytes, EXPLAIN stripped)
  [3880/11794] 16104.sql -> outputs/stackoverflow_1gb/16104.txt  (936 bytes, EXPLAIN stripped)
  [3881/11794] 16105.sql -> outputs/stackoverflow_1gb/16105.txt  (1201 bytes, EXPLAIN stripped)
  [3882/11794] 16106.sql -> outputs/stackoverflow_1gb/16106.txt  (1180 bytes, EXPLAIN stripped)
  [3883/11794] 16107.sql -> outputs/stackoverflow_1gb/16107.txt  (970 bytes, EXPLAIN stripped)
  [3884/11794] 16108.sql -> outputs/stackoverflow_1gb/16108.txt  (1156 bytes, EXPLAIN stripped)
  [3885/11794] 16109.sql -> outputs/stackoverflow_1gb/16109.txt  (1212 bytes, EXPLAIN stripped)
  [3886/11794] 16110.sql -> outputs/stackoverflow_1gb/16110.txt  (1205 bytes, EXPLAIN stripped)
  [3887/11794] 16111.sql -> outputs/stackoverflow_1gb/16111.txt  (1218 bytes, EXPLAIN stripped)
  [3888/11794] 16112.sql -> outputs/stackoverflow_1gb/16112.txt  (1092 bytes, EXPLAIN stripped)
  [3889/11794] 16113.sql -> outputs/stackoverflow_1gb/16113.txt  (1173 bytes, EXPLAIN stripped)
  [3890/11794] 16114.sql -> outputs/stackoverflow_1gb/16114.txt  (1247 bytes, EXPLAIN stripped)
  [3891/11794] 16115.sql -> outputs/stackoverflow_1gb/16115.txt  (1104 bytes, EXPLAIN stripped)
  [3892/11794] 16116.sql -> outputs/stackoverflow_1gb/16116.txt  (1103 bytes, EXPLAIN stripped)
  [3893/11794] 16119.sql -> outputs/stackoverflow_1gb/16119.txt  (1204 bytes, EXPLAIN stripped)
  [3894/11794] 16121.sql -> outputs/stackoverflow_1gb/16121.txt  (1141 bytes, EXPLAIN stripped)
  [3895/11794] 16123.sql -> outputs/stackoverflow_1gb/16123.txt  (1124 bytes, EXPLAIN stripped)
  [3896/11794] 16124.sql -> outputs/stackoverflow_1gb/16124.txt  (1237 bytes, EXPLAIN stripped)
  [3897/11794] 16126.sql -> outputs/stackoverflow_1gb/16126.txt  (1132 bytes, EXPLAIN stripped)
  [3898/11794] 16127.sql -> outputs/stackoverflow_1gb/16127.txt  (1003 bytes, EXPLAIN stripped)
  [3899/11794] 16129.sql -> outputs/stackoverflow_1gb/16129.txt  (1208 bytes, EXPLAIN stripped)
  [3900/11794] 16130.sql -> outputs/stackoverflow_1gb/16130.txt  (1138 bytes, EXPLAIN stripped)
  [3901/11794] 16131.sql -> outputs/stackoverflow_1gb/16131.txt  (1098 bytes, EXPLAIN stripped)
  [3902/11794] 16132.sql -> outputs/stackoverflow_1gb/16132.txt  (1175 bytes, EXPLAIN stripped)
  [3903/11794] 16133.sql -> outputs/stackoverflow_1gb/16133.txt  (1239 bytes, EXPLAIN stripped)
  [3904/11794] 16134.sql -> outputs/stackoverflow_1gb/16134.txt  (1228 bytes, EXPLAIN stripped)
  [3905/11794] 16135.sql -> outputs/stackoverflow_1gb/16135.txt  (1246 bytes, EXPLAIN stripped)
  [3906/11794] 16136.sql -> outputs/stackoverflow_1gb/16136.txt  (1236 bytes, EXPLAIN stripped)
  [3907/11794] 16137.sql -> outputs/stackoverflow_1gb/16137.txt  (1161 bytes, EXPLAIN stripped)
  [3908/11794] 16138.sql -> outputs/stackoverflow_1gb/16138.txt  (1126 bytes, EXPLAIN stripped)
  [3909/11794] 16139.sql -> outputs/stackoverflow_1gb/16139.txt  (1180 bytes, EXPLAIN stripped)
  [3910/11794] 16140.sql -> outputs/stackoverflow_1gb/16140.txt  (1169 bytes, EXPLAIN stripped)
  [3911/11794] 16141.sql -> outputs/stackoverflow_1gb/16141.txt  (362 bytes, EXPLAIN stripped)
  [3912/11794] 16142.sql -> outputs/stackoverflow_1gb/16142.txt  (1212 bytes, EXPLAIN stripped)
  [3913/11794] 16144.sql -> outputs/stackoverflow_1gb/16144.txt  (1065 bytes, EXPLAIN stripped)
  [3914/11794] 16145.sql -> outputs/stackoverflow_1gb/16145.txt  (11243 bytes, EXPLAIN stripped)
  [3915/11794] 16146.sql -> outputs/stackoverflow_1gb/16146.txt  (1166 bytes, EXPLAIN stripped)
  [3916/11794] 16147.sql -> outputs/stackoverflow_1gb/16147.txt  (1279 bytes, EXPLAIN stripped)
  [3917/11794] 16148.sql -> outputs/stackoverflow_1gb/16148.txt  (1180 bytes, EXPLAIN stripped)
  [3918/11794] 16149.sql -> outputs/stackoverflow_1gb/16149.txt  (1208 bytes, EXPLAIN stripped)
  [3919/11794] 1615.sql -> outputs/stackoverflow_1gb/1615.txt  (3147 bytes, EXPLAIN stripped)
  [3920/11794] 16150.sql -> outputs/stackoverflow_1gb/16150.txt  (1130 bytes, EXPLAIN stripped)
  [3921/11794] 16151.sql -> outputs/stackoverflow_1gb/16151.txt  (1246 bytes, EXPLAIN stripped)
  [3922/11794] 16152.sql -> outputs/stackoverflow_1gb/16152.txt  (1103 bytes, EXPLAIN stripped)
  [3923/11794] 16153.sql -> outputs/stackoverflow_1gb/16153.txt  (1227 bytes, EXPLAIN stripped)
  [3924/11794] 16154.sql -> outputs/stackoverflow_1gb/16154.txt  (1161 bytes, EXPLAIN stripped)
  [3925/11794] 16156.sql -> outputs/stackoverflow_1gb/16156.txt  (1198 bytes, EXPLAIN stripped)
  [3926/11794] 16157.sql -> outputs/stackoverflow_1gb/16157.txt  (1098 bytes, EXPLAIN stripped)
  [3927/11794] 16158.sql -> outputs/stackoverflow_1gb/16158.txt  (1026 bytes, EXPLAIN stripped)
  [3928/11794] 16159.sql -> outputs/stackoverflow_1gb/16159.txt  (1147 bytes, EXPLAIN stripped)
  [3929/11794] 1616.sql -> outputs/stackoverflow_1gb/1616.txt  (116 bytes, EXPLAIN stripped)
  [3930/11794] 16160.sql -> outputs/stackoverflow_1gb/16160.txt  (1132 bytes, EXPLAIN stripped)
  [3931/11794] 16161.sql -> outputs/stackoverflow_1gb/16161.txt  (1170 bytes, EXPLAIN stripped)
  [3932/11794] 16162.sql -> outputs/stackoverflow_1gb/16162.txt  (1170 bytes, EXPLAIN stripped)
  [3933/11794] 16163.sql -> outputs/stackoverflow_1gb/16163.txt  (1212 bytes, EXPLAIN stripped)
  [3934/11794] 16164.sql -> outputs/stackoverflow_1gb/16164.txt  (1015 bytes, EXPLAIN stripped)
  [3935/11794] 16165.sql -> outputs/stackoverflow_1gb/16165.txt  (1238 bytes, EXPLAIN stripped)
  [3936/11794] 16166.sql -> outputs/stackoverflow_1gb/16166.txt  (1212 bytes, EXPLAIN stripped)
  [3937/11794] 16167.sql -> outputs/stackoverflow_1gb/16167.txt  (1132 bytes, EXPLAIN stripped)
  [3938/11794] 16168.sql -> outputs/stackoverflow_1gb/16168.txt  (1126 bytes, EXPLAIN stripped)
  [3939/11794] 16170.sql -> outputs/stackoverflow_1gb/16170.txt  (1210 bytes, EXPLAIN stripped)
  [3940/11794] 16172.sql -> outputs/stackoverflow_1gb/16172.txt  (1137 bytes, EXPLAIN stripped)
  [3941/11794] 16173.sql -> outputs/stackoverflow_1gb/16173.txt  (1180 bytes, EXPLAIN stripped)
  [3942/11794] 16174.sql -> outputs/stackoverflow_1gb/16174.txt  (1204 bytes, EXPLAIN stripped)
  [3943/11794] 16175.sql -> outputs/stackoverflow_1gb/16175.txt  (1166 bytes, EXPLAIN stripped)
  [3944/11794] 16176.sql -> outputs/stackoverflow_1gb/16176.txt  (1151 bytes, EXPLAIN stripped)
  [3945/11794] 16177.sql -> outputs/stackoverflow_1gb/16177.txt  (1208 bytes, EXPLAIN stripped)
  [3946/11794] 16180.sql -> outputs/stackoverflow_1gb/16180.txt  (1103 bytes, EXPLAIN stripped)
  [3947/11794] 16182.sql -> outputs/stackoverflow_1gb/16182.txt  (1200 bytes, EXPLAIN stripped)
  [3948/11794] 16183.sql -> outputs/stackoverflow_1gb/16183.txt  (1086 bytes, EXPLAIN stripped)
  [3949/11794] 16184.sql -> outputs/stackoverflow_1gb/16184.txt  (1238 bytes, EXPLAIN stripped)
  [3950/11794] 16187.sql -> outputs/stackoverflow_1gb/16187.txt  (1238 bytes, EXPLAIN stripped)
  [3951/11794] 16188.sql -> outputs/stackoverflow_1gb/16188.txt  (1247 bytes, EXPLAIN stripped)
  [3952/11794] 1619.sql -> outputs/stackoverflow_1gb/1619.txt  (4028 bytes, EXPLAIN stripped)
  [3953/11794] 16190.sql -> outputs/stackoverflow_1gb/16190.txt  (1201 bytes, EXPLAIN stripped)
  [3954/11794] 16191.sql -> outputs/stackoverflow_1gb/16191.txt  (1171 bytes, EXPLAIN stripped)
  [3955/11794] 16192.sql -> outputs/stackoverflow_1gb/16192.txt  (1126 bytes, EXPLAIN stripped)
  [3956/11794] 16195.sql -> outputs/stackoverflow_1gb/16195.txt  (1247 bytes, EXPLAIN stripped)
  [3957/11794] 16196.sql -> outputs/stackoverflow_1gb/16196.txt  (1201 bytes, EXPLAIN stripped)
  [3958/11794] 16203.sql -> outputs/stackoverflow_1gb/16203.txt  (1093 bytes, EXPLAIN stripped)
  [3959/11794] 16205.sql -> outputs/stackoverflow_1gb/16205.txt  (1212 bytes, EXPLAIN stripped)
  [3960/11794] 16206.sql -> outputs/stackoverflow_1gb/16206.txt  (1138 bytes, EXPLAIN stripped)
  [3961/11794] 16207.sql -> outputs/stackoverflow_1gb/16207.txt  (1180 bytes, EXPLAIN stripped)
  [3962/11794] 16208.sql -> outputs/stackoverflow_1gb/16208.txt  (1142 bytes, EXPLAIN stripped)
  [3963/11794] 16210.sql -> outputs/stackoverflow_1gb/16210.txt  (1237 bytes, EXPLAIN stripped)
  [3964/11794] 16212.sql -> outputs/stackoverflow_1gb/16212.txt  (1238 bytes, EXPLAIN stripped)
  [3965/11794] 16213.sql -> outputs/stackoverflow_1gb/16213.txt  (1186 bytes, EXPLAIN stripped)
  [3966/11794] 16214.sql -> outputs/stackoverflow_1gb/16214.txt  (1109 bytes, EXPLAIN stripped)
  [3967/11794] 16216.sql -> outputs/stackoverflow_1gb/16216.txt  (1171 bytes, EXPLAIN stripped)
  [3968/11794] 16217.sql -> outputs/stackoverflow_1gb/16217.txt  (1170 bytes, EXPLAIN stripped)
  [3969/11794] 16218.sql -> outputs/stackoverflow_1gb/16218.txt  (1214 bytes, EXPLAIN stripped)
  [3970/11794] 16219.sql -> outputs/stackoverflow_1gb/16219.txt  (1135 bytes, EXPLAIN stripped)
  [3971/11794] 1622.sql -> outputs/stackoverflow_1gb/1622.txt  (10810 bytes, EXPLAIN stripped)
  [3972/11794] 16220.sql -> outputs/stackoverflow_1gb/16220.txt  (1065 bytes, EXPLAIN stripped)
  [3973/11794] 16221.sql -> outputs/stackoverflow_1gb/16221.txt  (1093 bytes, EXPLAIN stripped)
  [3974/11794] 16222.sql -> outputs/stackoverflow_1gb/16222.txt  (1124 bytes, EXPLAIN stripped)
  [3975/11794] 16224.sql -> outputs/stackoverflow_1gb/16224.txt  (112677 bytes, EXPLAIN stripped)
  [3976/11794] 16225.sql -> outputs/stackoverflow_1gb/16225.txt  (1169 bytes, EXPLAIN stripped)
  [3977/11794] 16226.sql -> outputs/stackoverflow_1gb/16226.txt  (1138 bytes, EXPLAIN stripped)
  [3978/11794] 16227.sql -> outputs/stackoverflow_1gb/16227.txt  (1132 bytes, EXPLAIN stripped)
  [3979/11794] 16228.sql -> outputs/stackoverflow_1gb/16228.txt  (1208 bytes, EXPLAIN stripped)
  [3980/11794] 16229.sql -> outputs/stackoverflow_1gb/16229.txt  (1103 bytes, EXPLAIN stripped)
  [3981/11794] 16230.sql -> outputs/stackoverflow_1gb/16230.txt  (1285 bytes, EXPLAIN stripped)
  [3982/11794] 16231.sql -> outputs/stackoverflow_1gb/16231.txt  (1121 bytes, EXPLAIN stripped)
  [3983/11794] 16232.sql -> outputs/stackoverflow_1gb/16232.txt  (1166 bytes, EXPLAIN stripped)
  [3984/11794] 16233.sql -> outputs/stackoverflow_1gb/16233.txt  (1056 bytes, EXPLAIN stripped)
  [3985/11794] 16235.sql -> outputs/stackoverflow_1gb/16235.txt  (1247 bytes, EXPLAIN stripped)
  [3986/11794] 16237.sql -> outputs/stackoverflow_1gb/16237.txt  (1060 bytes, EXPLAIN stripped)
  [3987/11794] 16240.sql -> outputs/stackoverflow_1gb/16240.txt  (11247 bytes, EXPLAIN stripped)
  [3988/11794] 16241.sql -> outputs/stackoverflow_1gb/16241.txt  (1246 bytes, EXPLAIN stripped)
  [3989/11794] 16242.sql -> outputs/stackoverflow_1gb/16242.txt  (1238 bytes, EXPLAIN stripped)
  [3990/11794] 16244.sql -> outputs/stackoverflow_1gb/16244.txt  (1095 bytes, EXPLAIN stripped)
  [3991/11794] 16245.sql -> outputs/stackoverflow_1gb/16245.txt  (1161 bytes, EXPLAIN stripped)
  [3992/11794] 16247.sql -> outputs/stackoverflow_1gb/16247.txt  (1132 bytes, EXPLAIN stripped)
  [3993/11794] 16248.sql -> outputs/stackoverflow_1gb/16248.txt  (1269 bytes, EXPLAIN stripped)
  [3994/11794] 16249.sql -> outputs/stackoverflow_1gb/16249.txt  (1132 bytes, EXPLAIN stripped)
  [3995/11794] 1625.sql -> outputs/stackoverflow_1gb/1625.txt  (696 bytes, EXPLAIN stripped)
  [3996/11794] 16250.sql -> outputs/stackoverflow_1gb/16250.txt  (1159 bytes, EXPLAIN stripped)
  [3997/11794] 16251.sql -> outputs/stackoverflow_1gb/16251.txt  (1220 bytes, EXPLAIN stripped)
  [3998/11794] 16252.sql -> outputs/stackoverflow_1gb/16252.txt  (1019 bytes, EXPLAIN stripped)
  [3999/11794] 16253.sql -> outputs/stackoverflow_1gb/16253.txt  (69 bytes, EXPLAIN stripped)
  [4000/11794] 16254.sql -> outputs/stackoverflow_1gb/16254.txt  (1214 bytes, EXPLAIN stripped)
  [4001/11794] 16255.sql -> outputs/stackoverflow_1gb/16255.txt  (1214 bytes, EXPLAIN stripped)
  [4002/11794] 16256.sql -> outputs/stackoverflow_1gb/16256.txt  (1092 bytes, EXPLAIN stripped)
  [4003/11794] 16258.sql -> outputs/stackoverflow_1gb/16258.txt  (1098 bytes, EXPLAIN stripped)
  [4004/11794] 16259.sql -> outputs/stackoverflow_1gb/16259.txt  (104752 bytes, EXPLAIN stripped)
  [4005/11794] 16260.sql -> outputs/stackoverflow_1gb/16260.txt  (1171 bytes, EXPLAIN stripped)
  [4006/11794] 16264.sql -> outputs/stackoverflow_1gb/16264.txt  (1246 bytes, EXPLAIN stripped)
  [4007/11794] 16265.sql -> outputs/stackoverflow_1gb/16265.txt  (1238 bytes, EXPLAIN stripped)
  [4008/11794] 16266.sql -> outputs/stackoverflow_1gb/16266.txt  (1207 bytes, EXPLAIN stripped)
  [4009/11794] 16267.sql -> outputs/stackoverflow_1gb/16267.txt  (536 bytes, EXPLAIN stripped)
  [4010/11794] 16269.sql -> outputs/stackoverflow_1gb/16269.txt  (1204 bytes, EXPLAIN stripped)
  [4011/11794] 16272.sql -> outputs/stackoverflow_1gb/16272.txt  (1199 bytes, EXPLAIN stripped)
  [4012/11794] 16273.sql -> outputs/stackoverflow_1gb/16273.txt  (1161 bytes, EXPLAIN stripped)
  [4013/11794] 16274.sql -> outputs/stackoverflow_1gb/16274.txt  (1238 bytes, EXPLAIN stripped)
  [4014/11794] 16275.sql -> outputs/stackoverflow_1gb/16275.txt  (1021 bytes, EXPLAIN stripped)
  [4015/11794] 16276.sql -> outputs/stackoverflow_1gb/16276.txt  (1137 bytes, EXPLAIN stripped)
  [4016/11794] 16278.sql -> outputs/stackoverflow_1gb/16278.txt  (1238 bytes, EXPLAIN stripped)
  [4017/11794] 16279.sql -> outputs/stackoverflow_1gb/16279.txt  (3398 bytes, EXPLAIN stripped)
  [4018/11794] 16281.sql -> outputs/stackoverflow_1gb/16281.txt  (1214 bytes, EXPLAIN stripped)
  [4019/11794] 16282.sql -> outputs/stackoverflow_1gb/16282.txt  (1240 bytes, EXPLAIN stripped)
  [4020/11794] 16284.sql -> outputs/stackoverflow_1gb/16284.txt  (957 bytes, EXPLAIN stripped)
  [4021/11794] 16285.sql -> outputs/stackoverflow_1gb/16285.txt  (1121 bytes, EXPLAIN stripped)
  [4022/11794] 16287.sql -> outputs/stackoverflow_1gb/16287.txt  (1111 bytes, EXPLAIN stripped)
  [4023/11794] 16288.sql -> outputs/stackoverflow_1gb/16288.txt  (1169 bytes, EXPLAIN stripped)
  [4024/11794] 16289.sql -> outputs/stackoverflow_1gb/16289.txt  (1095 bytes, EXPLAIN stripped)
  [4025/11794] 16290.sql -> outputs/stackoverflow_1gb/16290.txt  (2017 bytes, EXPLAIN stripped)
  [4026/11794] 16292.sql -> outputs/stackoverflow_1gb/16292.txt  (1154 bytes, EXPLAIN stripped)
  [4027/11794] 16293.sql -> outputs/stackoverflow_1gb/16293.txt  (1171 bytes, EXPLAIN stripped)
  [4028/11794] 16294.sql -> outputs/stackoverflow_1gb/16294.txt  (1247 bytes, EXPLAIN stripped)
  [4029/11794] 16295.sql -> outputs/stackoverflow_1gb/16295.txt  (1246 bytes, EXPLAIN stripped)
  [4030/11794] 16296.sql -> outputs/stackoverflow_1gb/16296.txt  (1279 bytes, EXPLAIN stripped)
  [4031/11794] 16297.sql -> outputs/stackoverflow_1gb/16297.txt  (352 bytes, EXPLAIN stripped)
  [4032/11794] 16298.sql -> outputs/stackoverflow_1gb/16298.txt  (1103 bytes, EXPLAIN stripped)
  [4033/11794] 16299.sql -> outputs/stackoverflow_1gb/16299.txt  (1269 bytes, EXPLAIN stripped)
  [4034/11794] 16300.sql -> outputs/stackoverflow_1gb/16300.txt  (1204 bytes, EXPLAIN stripped)
  [4035/11794] 16301.sql -> outputs/stackoverflow_1gb/16301.txt  (1170 bytes, EXPLAIN stripped)
  [4036/11794] 16302.sql -> outputs/stackoverflow_1gb/16302.txt  (1098 bytes, EXPLAIN stripped)
  [4037/11794] 16304.sql -> outputs/stackoverflow_1gb/16304.txt  (101604 bytes, EXPLAIN stripped)
  [4038/11794] 16305.sql -> outputs/stackoverflow_1gb/16305.txt  (1095 bytes, EXPLAIN stripped)
  [4039/11794] 16307.sql -> outputs/stackoverflow_1gb/16307.txt  (1170 bytes, EXPLAIN stripped)
  [4040/11794] 16308.sql -> outputs/stackoverflow_1gb/16308.txt  (1169 bytes, EXPLAIN stripped)
  [4041/11794] 16309.sql -> outputs/stackoverflow_1gb/16309.txt  (938 bytes, EXPLAIN stripped)
  [4042/11794] 16310.sql -> outputs/stackoverflow_1gb/16310.txt  (1208 bytes, EXPLAIN stripped)
  [4043/11794] 16311.sql -> outputs/stackoverflow_1gb/16311.txt  (1142 bytes, EXPLAIN stripped)
  [4044/11794] 16312.sql -> outputs/stackoverflow_1gb/16312.txt  (1135 bytes, EXPLAIN stripped)
  [4045/11794] 16313.sql -> outputs/stackoverflow_1gb/16313.txt  (1154 bytes, EXPLAIN stripped)
  [4046/11794] 16315.sql -> outputs/stackoverflow_1gb/16315.txt  (313 bytes, EXPLAIN stripped)
  [4047/11794] 16316.sql -> outputs/stackoverflow_1gb/16316.txt  (1183 bytes, EXPLAIN stripped)
  [4048/11794] 16317.sql -> outputs/stackoverflow_1gb/16317.txt  (12390 bytes, EXPLAIN stripped)
  [4049/11794] 16320.sql -> outputs/stackoverflow_1gb/16320.txt  (1126 bytes, EXPLAIN stripped)
  [4050/11794] 16321.sql -> outputs/stackoverflow_1gb/16321.txt  (1079 bytes, EXPLAIN stripped)
  [4051/11794] 16322.sql -> outputs/stackoverflow_1gb/16322.txt  (1126 bytes, EXPLAIN stripped)
  [4052/11794] 16324.sql -> outputs/stackoverflow_1gb/16324.txt  (278 bytes, EXPLAIN stripped)
  [4053/11794] 16325.sql -> outputs/stackoverflow_1gb/16325.txt  (1212 bytes, EXPLAIN stripped)
  [4054/11794] 16326.sql -> outputs/stackoverflow_1gb/16326.txt  (1210 bytes, EXPLAIN stripped)
  [4055/11794] 16327.sql -> outputs/stackoverflow_1gb/16327.txt  (1175 bytes, EXPLAIN stripped)
  [4056/11794] 16329.sql -> outputs/stackoverflow_1gb/16329.txt  (1128 bytes, EXPLAIN stripped)
  [4057/11794] 1633.sql -> outputs/stackoverflow_1gb/1633.txt  (2574 bytes, EXPLAIN stripped)
  [4058/11794] 16330.sql -> outputs/stackoverflow_1gb/16330.txt  (1121 bytes, EXPLAIN stripped)
  [4059/11794] 16331.sql -> outputs/stackoverflow_1gb/16331.txt  (1029 bytes, EXPLAIN stripped)
  [4060/11794] 16332.sql -> outputs/stackoverflow_1gb/16332.txt  (1228 bytes, EXPLAIN stripped)
  [4061/11794] 16333.sql -> outputs/stackoverflow_1gb/16333.txt  (1214 bytes, EXPLAIN stripped)
  [4062/11794] 16335.sql -> outputs/stackoverflow_1gb/16335.txt  (1214 bytes, EXPLAIN stripped)
  [4063/11794] 16336.sql -> outputs/stackoverflow_1gb/16336.txt  (1268 bytes, EXPLAIN stripped)
  [4064/11794] 16337.sql -> outputs/stackoverflow_1gb/16337.txt  (1162 bytes, EXPLAIN stripped)
  [4065/11794] 16338.sql -> outputs/stackoverflow_1gb/16338.txt  (1246 bytes, EXPLAIN stripped)
  [4066/11794] 16339.sql -> outputs/stackoverflow_1gb/16339.txt  (1131 bytes, EXPLAIN stripped)
  [4067/11794] 1634.sql -> outputs/stackoverflow_1gb/1634.txt  (115632 bytes, EXPLAIN stripped)
  [4068/11794] 16341.sql -> outputs/stackoverflow_1gb/16341.txt  (1131 bytes, EXPLAIN stripped)
  [4069/11794] 16342.sql -> outputs/stackoverflow_1gb/16342.txt  (1092 bytes, EXPLAIN stripped)
  [4070/11794] 16343.sql -> outputs/stackoverflow_1gb/16343.txt  (1137 bytes, EXPLAIN stripped)
  [4071/11794] 16345.sql -> outputs/stackoverflow_1gb/16345.txt  (1239 bytes, EXPLAIN stripped)
  [4072/11794] 16347.sql -> outputs/stackoverflow_1gb/16347.txt  (1179 bytes, EXPLAIN stripped)
  [4073/11794] 16348.sql -> outputs/stackoverflow_1gb/16348.txt  (1170 bytes, EXPLAIN stripped)
  [4074/11794] 16349.sql -> outputs/stackoverflow_1gb/16349.txt  (1166 bytes, EXPLAIN stripped)
  [4075/11794] 16350.sql -> outputs/stackoverflow_1gb/16350.txt  (1166 bytes, EXPLAIN stripped)
  [4076/11794] 16351.sql -> outputs/stackoverflow_1gb/16351.txt  (1132 bytes, EXPLAIN stripped)
  [4077/11794] 16352.sql -> outputs/stackoverflow_1gb/16352.txt  (1246 bytes, EXPLAIN stripped)
  [4078/11794] 16353.sql -> outputs/stackoverflow_1gb/16353.txt  (1203 bytes, EXPLAIN stripped)
  [4079/11794] 16355.sql -> outputs/stackoverflow_1gb/16355.txt  (529 bytes, EXPLAIN stripped)
  [4080/11794] 16356.sql -> outputs/stackoverflow_1gb/16356.txt  (1159 bytes, EXPLAIN stripped)
  [4081/11794] 16359.sql -> outputs/stackoverflow_1gb/16359.txt  (66 bytes, EXPLAIN stripped)
  [4082/11794] 16360.sql -> outputs/stackoverflow_1gb/16360.txt  (1203 bytes, EXPLAIN stripped)
  [4083/11794] 16361.sql -> outputs/stackoverflow_1gb/16361.txt  (1020 bytes, EXPLAIN stripped)
  [4084/11794] 16363.sql -> outputs/stackoverflow_1gb/16363.txt  (41250 bytes, EXPLAIN stripped)
  [4085/11794] 16364.sql -> outputs/stackoverflow_1gb/16364.txt  (1180 bytes, EXPLAIN stripped)
  [4086/11794] 16365.sql -> outputs/stackoverflow_1gb/16365.txt  (1121 bytes, EXPLAIN stripped)
  [4087/11794] 16367.sql -> outputs/stackoverflow_1gb/16367.txt  (1236 bytes, EXPLAIN stripped)
  [4088/11794] 16368.sql -> outputs/stackoverflow_1gb/16368.txt  (1214 bytes, EXPLAIN stripped)
  [4089/11794] 16369.sql -> outputs/stackoverflow_1gb/16369.txt  (1228 bytes, EXPLAIN stripped)
  [4090/11794] 16370.sql -> outputs/stackoverflow_1gb/16370.txt  (1169 bytes, EXPLAIN stripped)
  [4091/11794] 16372.sql -> outputs/stackoverflow_1gb/16372.txt  (1093 bytes, EXPLAIN stripped)
  [4092/11794] 16373.sql -> outputs/stackoverflow_1gb/16373.txt  (1942 bytes, EXPLAIN stripped)
  [4093/11794] 16374.sql -> outputs/stackoverflow_1gb/16374.txt  (1237 bytes, EXPLAIN stripped)
  [4094/11794] 16375.sql -> outputs/stackoverflow_1gb/16375.txt  (936 bytes, EXPLAIN stripped)
  [4095/11794] 16377.sql -> outputs/stackoverflow_1gb/16377.txt  (1203 bytes, EXPLAIN stripped)
  [4096/11794] 16378.sql -> outputs/stackoverflow_1gb/16378.txt  (1176 bytes, EXPLAIN stripped)
  [4097/11794] 16380.sql -> outputs/stackoverflow_1gb/16380.txt  (1247 bytes, EXPLAIN stripped)
  [4098/11794] 16381.sql -> outputs/stackoverflow_1gb/16381.txt  (1247 bytes, EXPLAIN stripped)
  [4099/11794] 16383.sql -> outputs/stackoverflow_1gb/16383.txt  (1169 bytes, EXPLAIN stripped)
  [4100/11794] 16386.sql -> outputs/stackoverflow_1gb/16386.txt  (1162 bytes, EXPLAIN stripped)
  [4101/11794] 16388.sql -> outputs/stackoverflow_1gb/16388.txt  (1130 bytes, EXPLAIN stripped)
  [4102/11794] 16389.sql -> outputs/stackoverflow_1gb/16389.txt  (1228 bytes, EXPLAIN stripped)
  [4103/11794] 16390.sql -> outputs/stackoverflow_1gb/16390.txt  (1093 bytes, EXPLAIN stripped)
  [4104/11794] 16392.sql -> outputs/stackoverflow_1gb/16392.txt  (1169 bytes, EXPLAIN stripped)
  [4105/11794] 16393.sql -> outputs/stackoverflow_1gb/16393.txt  (1151 bytes, EXPLAIN stripped)
  [4106/11794] 16394.sql -> outputs/stackoverflow_1gb/16394.txt  (1228 bytes, EXPLAIN stripped)
  [4107/11794] 16395.sql -> outputs/stackoverflow_1gb/16395.txt  (18276 bytes, EXPLAIN stripped)
  [4108/11794] 16397.sql -> outputs/stackoverflow_1gb/16397.txt  (1065 bytes, EXPLAIN stripped)
  [4109/11794] 16399.sql -> outputs/stackoverflow_1gb/16399.txt  (1214 bytes, EXPLAIN stripped)
  [4110/11794] 164.sql -> outputs/stackoverflow_1gb/164.txt  (6129 bytes, EXPLAIN stripped)
  [4111/11794] 16401.sql -> outputs/stackoverflow_1gb/16401.txt  (1103 bytes, EXPLAIN stripped)
  [4112/11794] 16402.sql -> outputs/stackoverflow_1gb/16402.txt  (1247 bytes, EXPLAIN stripped)
  [4113/11794] 16404.sql -> outputs/stackoverflow_1gb/16404.txt  (1103 bytes, EXPLAIN stripped)
  [4114/11794] 16406.sql -> outputs/stackoverflow_1gb/16406.txt  (1170 bytes, EXPLAIN stripped)
  [4115/11794] 16407.sql -> outputs/stackoverflow_1gb/16407.txt  (101596 bytes, EXPLAIN stripped)
  [4116/11794] 16409.sql -> outputs/stackoverflow_1gb/16409.txt  (1237 bytes, EXPLAIN stripped)
  [4117/11794] 16410.sql -> outputs/stackoverflow_1gb/16410.txt  (1210 bytes, EXPLAIN stripped)
  [4118/11794] 16411.sql -> outputs/stackoverflow_1gb/16411.txt  (1048 bytes, EXPLAIN stripped)
  [4119/11794] 16413.sql -> outputs/stackoverflow_1gb/16413.txt  (1131 bytes, EXPLAIN stripped)
  [4120/11794] 16414.sql -> outputs/stackoverflow_1gb/16414.txt  (1247 bytes, EXPLAIN stripped)
  [4121/11794] 16416.sql -> outputs/stackoverflow_1gb/16416.txt  (1065 bytes, EXPLAIN stripped)
  [4122/11794] 16417.sql -> outputs/stackoverflow_1gb/16417.txt  (1208 bytes, EXPLAIN stripped)
  [4123/11794] 16418.sql -> outputs/stackoverflow_1gb/16418.txt  (1169 bytes, EXPLAIN stripped)
  [4124/11794] 16420.sql -> outputs/stackoverflow_1gb/16420.txt  (1214 bytes, EXPLAIN stripped)
  [4125/11794] 16421.sql -> outputs/stackoverflow_1gb/16421.txt  (1286 bytes, EXPLAIN stripped)
  [4126/11794] 16424.sql -> outputs/stackoverflow_1gb/16424.txt  (1228 bytes, EXPLAIN stripped)
  [4127/11794] 16425.sql -> outputs/stackoverflow_1gb/16425.txt  (103646 bytes, EXPLAIN stripped)
  [4128/11794] 16426.sql -> outputs/stackoverflow_1gb/16426.txt  (1093 bytes, EXPLAIN stripped)
  [4129/11794] 16427.sql -> outputs/stackoverflow_1gb/16427.txt  (1237 bytes, EXPLAIN stripped)
  [4130/11794] 16429.sql -> outputs/stackoverflow_1gb/16429.txt  (969 bytes, EXPLAIN stripped)
  [4131/11794] 16430.sql -> outputs/stackoverflow_1gb/16430.txt  (1154 bytes, EXPLAIN stripped)
  [4132/11794] 16431.sql -> outputs/stackoverflow_1gb/16431.txt  (1247 bytes, EXPLAIN stripped)
  [4133/11794] 16432.sql -> outputs/stackoverflow_1gb/16432.txt  (1159 bytes, EXPLAIN stripped)
  [4134/11794] 16434.sql -> outputs/stackoverflow_1gb/16434.txt  (1065 bytes, EXPLAIN stripped)
  [4135/11794] 16435.sql -> outputs/stackoverflow_1gb/16435.txt  (1095 bytes, EXPLAIN stripped)
  [4136/11794] 16437.sql -> outputs/stackoverflow_1gb/16437.txt  (1210 bytes, EXPLAIN stripped)
  [4137/11794] 16438.sql -> outputs/stackoverflow_1gb/16438.txt  (1095 bytes, EXPLAIN stripped)
  [4138/11794] 16440.sql -> outputs/stackoverflow_1gb/16440.txt  (1130 bytes, EXPLAIN stripped)
  [4139/11794] 16442.sql -> outputs/stackoverflow_1gb/16442.txt  (1138 bytes, EXPLAIN stripped)
  [4140/11794] 16443.sql -> outputs/stackoverflow_1gb/16443.txt  (1247 bytes, EXPLAIN stripped)
  [4141/11794] 16444.sql -> outputs/stackoverflow_1gb/16444.txt  (1026 bytes, EXPLAIN stripped)
  [4142/11794] 16445.sql -> outputs/stackoverflow_1gb/16445.txt  (982 bytes, EXPLAIN stripped)
  [4143/11794] 16447.sql -> outputs/stackoverflow_1gb/16447.txt  (1180 bytes, EXPLAIN stripped)
  [4144/11794] 16448.sql -> outputs/stackoverflow_1gb/16448.txt  (1154 bytes, EXPLAIN stripped)
  [4145/11794] 16450.sql -> outputs/stackoverflow_1gb/16450.txt  (79819 bytes, EXPLAIN stripped)
  [4146/11794] 16451.sql -> outputs/stackoverflow_1gb/16451.txt  (1227 bytes, EXPLAIN stripped)
  [4147/11794] 16452.sql -> outputs/stackoverflow_1gb/16452.txt  (1161 bytes, EXPLAIN stripped)
  [4148/11794] 16453.sql -> outputs/stackoverflow_1gb/16453.txt  (355 bytes, EXPLAIN stripped)
  [4149/11794] 16454.sql -> outputs/stackoverflow_1gb/16454.txt  (969 bytes, EXPLAIN stripped)
  [4150/11794] 16455.sql -> outputs/stackoverflow_1gb/16455.txt  (15892 bytes, EXPLAIN stripped)
  [4151/11794] 16456.sql -> outputs/stackoverflow_1gb/16456.txt  (1095 bytes, EXPLAIN stripped)
  [4152/11794] 16457.sql -> outputs/stackoverflow_1gb/16457.txt  (1214 bytes, EXPLAIN stripped)
  [4153/11794] 16459.sql -> outputs/stackoverflow_1gb/16459.txt  (726 bytes, EXPLAIN stripped)
  [4154/11794] 16460.sql -> outputs/stackoverflow_1gb/16460.txt  (1137 bytes, EXPLAIN stripped)
  [4155/11794] 16461.sql -> outputs/stackoverflow_1gb/16461.txt  (1175 bytes, EXPLAIN stripped)
  [4156/11794] 16462.sql -> outputs/stackoverflow_1gb/16462.txt  (1214 bytes, EXPLAIN stripped)
  [4157/11794] 16463.sql -> outputs/stackoverflow_1gb/16463.txt  (1279 bytes, EXPLAIN stripped)
  [4158/11794] 16464.sql -> outputs/stackoverflow_1gb/16464.txt  (110662 bytes, EXPLAIN stripped)
  [4159/11794] 16466.sql -> outputs/stackoverflow_1gb/16466.txt  (1121 bytes, EXPLAIN stripped)
  [4160/11794] 16468.sql -> outputs/stackoverflow_1gb/16468.txt  (1150 bytes, EXPLAIN stripped)
  [4161/11794] 16469.sql -> outputs/stackoverflow_1gb/16469.txt  (1173 bytes, EXPLAIN stripped)
  [4162/11794] 16472.sql -> outputs/stackoverflow_1gb/16472.txt  (1208 bytes, EXPLAIN stripped)
  [4163/11794] 16473.sql -> outputs/stackoverflow_1gb/16473.txt  (1137 bytes, EXPLAIN stripped)
  [4164/11794] 16474.sql -> outputs/stackoverflow_1gb/16474.txt  (1127 bytes, EXPLAIN stripped)
  [4165/11794] 16476.sql -> outputs/stackoverflow_1gb/16476.txt  (1130 bytes, EXPLAIN stripped)
  [4166/11794] 16478.sql -> outputs/stackoverflow_1gb/16478.txt  (1214 bytes, EXPLAIN stripped)
  [4167/11794] 16479.sql -> outputs/stackoverflow_1gb/16479.txt  (970 bytes, EXPLAIN stripped)
  [4168/11794] 1648.sql -> outputs/stackoverflow_1gb/1648.txt  (737 bytes, EXPLAIN stripped)
  [4169/11794] 16480.sql -> outputs/stackoverflow_1gb/16480.txt  (1175 bytes, EXPLAIN stripped)
  [4170/11794] 16482.sql -> outputs/stackoverflow_1gb/16482.txt  (1163 bytes, EXPLAIN stripped)
  [4171/11794] 16483.sql -> outputs/stackoverflow_1gb/16483.txt  (1059 bytes, EXPLAIN stripped)
  [4172/11794] 16485.sql -> outputs/stackoverflow_1gb/16485.txt  (1208 bytes, EXPLAIN stripped)
  [4173/11794] 16486.sql -> outputs/stackoverflow_1gb/16486.txt  (1093 bytes, EXPLAIN stripped)
  [4174/11794] 16487.sql -> outputs/stackoverflow_1gb/16487.txt  (1141 bytes, EXPLAIN stripped)
  [4175/11794] 16488.sql -> outputs/stackoverflow_1gb/16488.txt  (1104 bytes, EXPLAIN stripped)
  [4176/11794] 16489.sql -> outputs/stackoverflow_1gb/16489.txt  (1208 bytes, EXPLAIN stripped)
  [4177/11794] 16491.sql -> outputs/stackoverflow_1gb/16491.txt  (1137 bytes, EXPLAIN stripped)
  [4178/11794] 16492.sql -> outputs/stackoverflow_1gb/16492.txt  (1135 bytes, EXPLAIN stripped)
  [4179/11794] 16493.sql -> outputs/stackoverflow_1gb/16493.txt  (1143 bytes, EXPLAIN stripped)
  [4180/11794] 16494.sql -> outputs/stackoverflow_1gb/16494.txt  (1093 bytes, EXPLAIN stripped)
  [4181/11794] 16495.sql -> outputs/stackoverflow_1gb/16495.txt  (1127 bytes, EXPLAIN stripped)
  [4182/11794] 16497.sql -> outputs/stackoverflow_1gb/16497.txt  (1212 bytes, EXPLAIN stripped)
  [4183/11794] 16499.sql -> outputs/stackoverflow_1gb/16499.txt  (1161 bytes, EXPLAIN stripped)
  [4184/11794] 16500.sql -> outputs/stackoverflow_1gb/16500.txt  (115508 bytes, EXPLAIN stripped)
  [4185/11794] 16502.sql -> outputs/stackoverflow_1gb/16502.txt  (315 bytes, EXPLAIN stripped)
  [4186/11794] 16503.sql -> outputs/stackoverflow_1gb/16503.txt  (1252 bytes, EXPLAIN stripped)
  [4187/11794] 16504.sql -> outputs/stackoverflow_1gb/16504.txt  (1180 bytes, EXPLAIN stripped)
  [4188/11794] 16505.sql -> outputs/stackoverflow_1gb/16505.txt  (1207 bytes, EXPLAIN stripped)
  [4189/11794] 16506.sql -> outputs/stackoverflow_1gb/16506.txt  (1170 bytes, EXPLAIN stripped)
  [4190/11794] 16507.sql -> outputs/stackoverflow_1gb/16507.txt  (1869 bytes, EXPLAIN stripped)
  [4191/11794] 16509.sql -> outputs/stackoverflow_1gb/16509.txt  (1209 bytes, EXPLAIN stripped)
  [4192/11794] 1651.sql -> outputs/stackoverflow_1gb/1651.txt  (9938 bytes, EXPLAIN stripped)
  [4193/11794] 16510.sql -> outputs/stackoverflow_1gb/16510.txt  (1078 bytes, EXPLAIN stripped)
  [4194/11794] 16511.sql -> outputs/stackoverflow_1gb/16511.txt  (1238 bytes, EXPLAIN stripped)
  [4195/11794] 16512.sql -> outputs/stackoverflow_1gb/16512.txt  (1170 bytes, EXPLAIN stripped)
  [4196/11794] 16513.sql -> outputs/stackoverflow_1gb/16513.txt  (536 bytes, EXPLAIN stripped)
  [4197/11794] 16515.sql -> outputs/stackoverflow_1gb/16515.txt  (1098 bytes, EXPLAIN stripped)
  [4198/11794] 16516.sql -> outputs/stackoverflow_1gb/16516.txt  (11261 bytes, EXPLAIN stripped)
  [4199/11794] 16517.sql -> outputs/stackoverflow_1gb/16517.txt  (1238 bytes, EXPLAIN stripped)
  [4200/11794] 16518.sql -> outputs/stackoverflow_1gb/16518.txt  (1095 bytes, EXPLAIN stripped)
  [4201/11794] 16519.sql -> outputs/stackoverflow_1gb/16519.txt  (1180 bytes, EXPLAIN stripped)
  [4202/11794] 16521.sql -> outputs/stackoverflow_1gb/16521.txt  (1177 bytes, EXPLAIN stripped)
  [4203/11794] 16523.sql -> outputs/stackoverflow_1gb/16523.txt  (1219 bytes, EXPLAIN stripped)
  [4204/11794] 16526.sql -> outputs/stackoverflow_1gb/16526.txt  (112667 bytes, EXPLAIN stripped)
  [4205/11794] 16527.sql -> outputs/stackoverflow_1gb/16527.txt  (1169 bytes, EXPLAIN stripped)
  [4206/11794] 16529.sql -> outputs/stackoverflow_1gb/16529.txt  (1169 bytes, EXPLAIN stripped)
  [4207/11794] 16530.sql -> outputs/stackoverflow_1gb/16530.txt  (936 bytes, EXPLAIN stripped)
  [4208/11794] 16531.sql -> outputs/stackoverflow_1gb/16531.txt  (112685 bytes, EXPLAIN stripped)
  [4209/11794] 16532.sql -> outputs/stackoverflow_1gb/16532.txt  (1169 bytes, EXPLAIN stripped)
  [4210/11794] 16535.sql -> outputs/stackoverflow_1gb/16535.txt  (321 bytes, EXPLAIN stripped)
  [4211/11794] 16536.sql -> outputs/stackoverflow_1gb/16536.txt  (1173 bytes, EXPLAIN stripped)
  [4212/11794] 16537.sql -> outputs/stackoverflow_1gb/16537.txt  (1126 bytes, EXPLAIN stripped)
  [4213/11794] 16539.sql -> outputs/stackoverflow_1gb/16539.txt  (1132 bytes, EXPLAIN stripped)
  [4214/11794] 1654.sql -> outputs/stackoverflow_1gb/1654.txt  (38106 bytes, EXPLAIN stripped)
  [4215/11794] 16540.sql -> outputs/stackoverflow_1gb/16540.txt  (1135 bytes, EXPLAIN stripped)
  [4216/11794] 16541.sql -> outputs/stackoverflow_1gb/16541.txt  (1240 bytes, EXPLAIN stripped)
  [4217/11794] 16542.sql -> outputs/stackoverflow_1gb/16542.txt  (112685 bytes, EXPLAIN stripped)
  [4218/11794] 16545.sql -> outputs/stackoverflow_1gb/16545.txt  (1135 bytes, EXPLAIN stripped)
  [4219/11794] 16546.sql -> outputs/stackoverflow_1gb/16546.txt  (1121 bytes, EXPLAIN stripped)
  [4220/11794] 16547.sql -> outputs/stackoverflow_1gb/16547.txt  (1145 bytes, EXPLAIN stripped)
  [4221/11794] 16548.sql -> outputs/stackoverflow_1gb/16548.txt  (1137 bytes, EXPLAIN stripped)
  [4222/11794] 16549.sql -> outputs/stackoverflow_1gb/16549.txt  (101591 bytes, EXPLAIN stripped)
  [4223/11794] 1655.sql -> outputs/stackoverflow_1gb/1655.txt  (89 bytes, EXPLAIN stripped)
  [4224/11794] 16550.sql -> outputs/stackoverflow_1gb/16550.txt  (1204 bytes, EXPLAIN stripped)
  [4225/11794] 16552.sql -> outputs/stackoverflow_1gb/16552.txt  (1279 bytes, EXPLAIN stripped)
  [4226/11794] 16553.sql -> outputs/stackoverflow_1gb/16553.txt  (1103 bytes, EXPLAIN stripped)
  [4227/11794] 16554.sql -> outputs/stackoverflow_1gb/16554.txt  (1198 bytes, EXPLAIN stripped)
  [4228/11794] 16555.sql -> outputs/stackoverflow_1gb/16555.txt  (1130 bytes, EXPLAIN stripped)
  [4229/11794] 16556.sql -> outputs/stackoverflow_1gb/16556.txt  (1166 bytes, EXPLAIN stripped)
  [4230/11794] 16557.sql -> outputs/stackoverflow_1gb/16557.txt  (1186 bytes, EXPLAIN stripped)
  [4231/11794] 16559.sql -> outputs/stackoverflow_1gb/16559.txt  (969 bytes, EXPLAIN stripped)
  [4232/11794] 16560.sql -> outputs/stackoverflow_1gb/16560.txt  (1238 bytes, EXPLAIN stripped)
  [4233/11794] 16561.sql -> outputs/stackoverflow_1gb/16561.txt  (1133 bytes, EXPLAIN stripped)
  [4234/11794] 16563.sql -> outputs/stackoverflow_1gb/16563.txt  (1180 bytes, EXPLAIN stripped)
  [4235/11794] 16564.sql -> outputs/stackoverflow_1gb/16564.txt  (1246 bytes, EXPLAIN stripped)
  [4236/11794] 16565.sql -> outputs/stackoverflow_1gb/16565.txt  (1169 bytes, EXPLAIN stripped)
  [4237/11794] 16566.sql -> outputs/stackoverflow_1gb/16566.txt  (936 bytes, EXPLAIN stripped)
  [4238/11794] 16568.sql -> outputs/stackoverflow_1gb/16568.txt  (1103 bytes, EXPLAIN stripped)
  [4239/11794] 16569.sql -> outputs/stackoverflow_1gb/16569.txt  (1161 bytes, EXPLAIN stripped)
  [4240/11794] 1657.sql -> outputs/stackoverflow_1gb/1657.txt  (882 bytes, EXPLAIN stripped)
  [4241/11794] 16570.sql -> outputs/stackoverflow_1gb/16570.txt  (1214 bytes, EXPLAIN stripped)
  [4242/11794] 16572.sql -> outputs/stackoverflow_1gb/16572.txt  (930 bytes, EXPLAIN stripped)
  [4243/11794] 16573.sql -> outputs/stackoverflow_1gb/16573.txt  (1132 bytes, EXPLAIN stripped)
  [4244/11794] 16576.sql -> outputs/stackoverflow_1gb/16576.txt  (1174 bytes, EXPLAIN stripped)
  [4245/11794] 16577.sql -> outputs/stackoverflow_1gb/16577.txt  (1175 bytes, EXPLAIN stripped)
  [4246/11794] 16578.sql -> outputs/stackoverflow_1gb/16578.txt  (1175 bytes, EXPLAIN stripped)
  [4247/11794] 16579.sql -> outputs/stackoverflow_1gb/16579.txt  (1214 bytes, EXPLAIN stripped)
  [4248/11794] 16582.sql -> outputs/stackoverflow_1gb/16582.txt  (1240 bytes, EXPLAIN stripped)
  [4249/11794] 16584.sql -> outputs/stackoverflow_1gb/16584.txt  (944 bytes, EXPLAIN stripped)
  [4250/11794] 16585.sql -> outputs/stackoverflow_1gb/16585.txt  (1059 bytes, EXPLAIN stripped)
  [4251/11794] 16586.sql -> outputs/stackoverflow_1gb/16586.txt  (1151 bytes, EXPLAIN stripped)
  [4252/11794] 16588.sql -> outputs/stackoverflow_1gb/16588.txt  (1171 bytes, EXPLAIN stripped)
  [4253/11794] 16589.sql -> outputs/stackoverflow_1gb/16589.txt  (357 bytes, EXPLAIN stripped)
  [4254/11794] 16591.sql -> outputs/stackoverflow_1gb/16591.txt  (274 bytes, EXPLAIN stripped)
  [4255/11794] 16592.sql -> outputs/stackoverflow_1gb/16592.txt  (1065 bytes, EXPLAIN stripped)
  [4256/11794] 16593.sql -> outputs/stackoverflow_1gb/16593.txt  (1135 bytes, EXPLAIN stripped)
  [4257/11794] 16594.sql -> outputs/stackoverflow_1gb/16594.txt  (1180 bytes, EXPLAIN stripped)
  [4258/11794] 16595.sql -> outputs/stackoverflow_1gb/16595.txt  (1173 bytes, EXPLAIN stripped)
  [4259/11794] 16596.sql -> outputs/stackoverflow_1gb/16596.txt  (1303 bytes, EXPLAIN stripped)
  [4260/11794] 16597.sql -> outputs/stackoverflow_1gb/16597.txt  (1290 bytes, EXPLAIN stripped)
  [4261/11794] 16598.sql -> outputs/stackoverflow_1gb/16598.txt  (1272 bytes, EXPLAIN stripped)
  [4262/11794] 16600.sql -> outputs/stackoverflow_1gb/16600.txt  (1271 bytes, EXPLAIN stripped)
  [4263/11794] 16601.sql -> outputs/stackoverflow_1gb/16601.txt  (1180 bytes, EXPLAIN stripped)
  [4264/11794] 16602.sql -> outputs/stackoverflow_1gb/16602.txt  (1238 bytes, EXPLAIN stripped)
  [4265/11794] 16603.sql -> outputs/stackoverflow_1gb/16603.txt  (1246 bytes, EXPLAIN stripped)
  [4266/11794] 16604.sql -> outputs/stackoverflow_1gb/16604.txt  (1130 bytes, EXPLAIN stripped)
  [4267/11794] 16605.sql -> outputs/stackoverflow_1gb/16605.txt  (1204 bytes, EXPLAIN stripped)
  [4268/11794] 16606.sql -> outputs/stackoverflow_1gb/16606.txt  (1126 bytes, EXPLAIN stripped)
  [4269/11794] 16607.sql -> outputs/stackoverflow_1gb/16607.txt  (936 bytes, EXPLAIN stripped)
  [4270/11794] 16609.sql -> outputs/stackoverflow_1gb/16609.txt  (1222 bytes, EXPLAIN stripped)
  [4271/11794] 16610.sql -> outputs/stackoverflow_1gb/16610.txt  (1180 bytes, EXPLAIN stripped)
  [4272/11794] 16612.sql -> outputs/stackoverflow_1gb/16612.txt  (1138 bytes, EXPLAIN stripped)
  [4273/11794] 16614.sql -> outputs/stackoverflow_1gb/16614.txt  (1137 bytes, EXPLAIN stripped)
  [4274/11794] 16616.sql -> outputs/stackoverflow_1gb/16616.txt  (792 bytes, EXPLAIN stripped)
  [4275/11794] 16617.sql -> outputs/stackoverflow_1gb/16617.txt  (1246 bytes, EXPLAIN stripped)
  [4276/11794] 16618.sql -> outputs/stackoverflow_1gb/16618.txt  (1098 bytes, EXPLAIN stripped)
  [4277/11794] 16619.sql -> outputs/stackoverflow_1gb/16619.txt  (1104 bytes, EXPLAIN stripped)
  [4278/11794] 16621.sql -> outputs/stackoverflow_1gb/16621.txt  (1247 bytes, EXPLAIN stripped)
  [4279/11794] 16622.sql -> outputs/stackoverflow_1gb/16622.txt  (1103 bytes, EXPLAIN stripped)
  [4280/11794] 16623.sql -> outputs/stackoverflow_1gb/16623.txt  (1214 bytes, EXPLAIN stripped)
  [4281/11794] 16624.sql -> outputs/stackoverflow_1gb/16624.txt  (1110 bytes, EXPLAIN stripped)
  [4282/11794] 16625.sql -> outputs/stackoverflow_1gb/16625.txt  (1266 bytes, EXPLAIN stripped)
  [4283/11794] 16626.sql -> outputs/stackoverflow_1gb/16626.txt  (1239 bytes, EXPLAIN stripped)
  [4284/11794] 16627.sql -> outputs/stackoverflow_1gb/16627.txt  (1171 bytes, EXPLAIN stripped)
  [4285/11794] 16628.sql -> outputs/stackoverflow_1gb/16628.txt  (257 bytes, EXPLAIN stripped)
  [4286/11794] 16629.sql -> outputs/stackoverflow_1gb/16629.txt  (1247 bytes, EXPLAIN stripped)
  [4287/11794] 16630.sql -> outputs/stackoverflow_1gb/16630.txt  (112677 bytes, EXPLAIN stripped)
  [4288/11794] 16631.sql -> outputs/stackoverflow_1gb/16631.txt  (1237 bytes, EXPLAIN stripped)
  [4289/11794] 16632.sql -> outputs/stackoverflow_1gb/16632.txt  (1098 bytes, EXPLAIN stripped)
  [4290/11794] 16633.sql -> outputs/stackoverflow_1gb/16633.txt  (1126 bytes, EXPLAIN stripped)
  [4291/11794] 16635.sql -> outputs/stackoverflow_1gb/16635.txt  (1098 bytes, EXPLAIN stripped)
  [4292/11794] 16636.sql -> outputs/stackoverflow_1gb/16636.txt  (1065 bytes, EXPLAIN stripped)
  [4293/11794] 16638.sql -> outputs/stackoverflow_1gb/16638.txt  (1029 bytes, EXPLAIN stripped)
  [4294/11794] 16640.sql -> outputs/stackoverflow_1gb/16640.txt  (1143 bytes, EXPLAIN stripped)
  [4295/11794] 16641.sql -> outputs/stackoverflow_1gb/16641.txt  (1177 bytes, EXPLAIN stripped)
  [4296/11794] 16642.sql -> outputs/stackoverflow_1gb/16642.txt  (1136 bytes, EXPLAIN stripped)
  [4297/11794] 16644.sql -> outputs/stackoverflow_1gb/16644.txt  (1158 bytes, EXPLAIN stripped)
  [4298/11794] 16645.sql -> outputs/stackoverflow_1gb/16645.txt  (1138 bytes, EXPLAIN stripped)
  [4299/11794] 16646.sql -> outputs/stackoverflow_1gb/16646.txt  (1200 bytes, EXPLAIN stripped)
  [4300/11794] 16647.sql -> outputs/stackoverflow_1gb/16647.txt  (1169 bytes, EXPLAIN stripped)
  [4301/11794] 16648.sql -> outputs/stackoverflow_1gb/16648.txt  (1176 bytes, EXPLAIN stripped)
  [4302/11794] 16649.sql -> outputs/stackoverflow_1gb/16649.txt  (1089 bytes, EXPLAIN stripped)
  [4303/11794] 1665.sql -> outputs/stackoverflow_1gb/1665.txt  (388 bytes, EXPLAIN stripped)
  [4304/11794] 16652.sql -> outputs/stackoverflow_1gb/16652.txt  (1214 bytes, EXPLAIN stripped)
  [4305/11794] 16655.sql -> outputs/stackoverflow_1gb/16655.txt  (1103 bytes, EXPLAIN stripped)
  [4306/11794] 16657.sql -> outputs/stackoverflow_1gb/16657.txt  (1240 bytes, EXPLAIN stripped)
  [4307/11794] 16658.sql -> outputs/stackoverflow_1gb/16658.txt  (945 bytes, EXPLAIN stripped)
  [4308/11794] 16659.sql -> outputs/stackoverflow_1gb/16659.txt  (1122 bytes, EXPLAIN stripped)
  [4309/11794] 16660.sql -> outputs/stackoverflow_1gb/16660.txt  (1214 bytes, EXPLAIN stripped)
  [4310/11794] 16661.sql -> outputs/stackoverflow_1gb/16661.txt  (1088 bytes, EXPLAIN stripped)
  [4311/11794] 16663.sql -> outputs/stackoverflow_1gb/16663.txt  (999 bytes, EXPLAIN stripped)
  [4312/11794] 16664.sql -> outputs/stackoverflow_1gb/16664.txt  (1198 bytes, EXPLAIN stripped)
  [4313/11794] 16665.sql -> outputs/stackoverflow_1gb/16665.txt  (277 bytes, EXPLAIN stripped)
  [4314/11794] 16667.sql -> outputs/stackoverflow_1gb/16667.txt  (1130 bytes, EXPLAIN stripped)
  [4315/11794] 16668.sql -> outputs/stackoverflow_1gb/16668.txt  (1235 bytes, EXPLAIN stripped)
  [4316/11794] 16669.sql -> outputs/stackoverflow_1gb/16669.txt  (1124 bytes, EXPLAIN stripped)
  [4317/11794] 16671.sql -> outputs/stackoverflow_1gb/16671.txt  (450 bytes, EXPLAIN stripped)
  [4318/11794] 16672.sql -> outputs/stackoverflow_1gb/16672.txt  (110662 bytes, EXPLAIN stripped)
  [4319/11794] 16674.sql -> outputs/stackoverflow_1gb/16674.txt  (1122 bytes, EXPLAIN stripped)
  [4320/11794] 16675.sql -> outputs/stackoverflow_1gb/16675.txt  (1228 bytes, EXPLAIN stripped)
  [4321/11794] 16677.sql -> outputs/stackoverflow_1gb/16677.txt  (1169 bytes, EXPLAIN stripped)
  [4322/11794] 16679.sql -> outputs/stackoverflow_1gb/16679.txt  (967 bytes, EXPLAIN stripped)
  [4323/11794] 16681.sql -> outputs/stackoverflow_1gb/16681.txt  (1126 bytes, EXPLAIN stripped)
  [4324/11794] 16682.sql -> outputs/stackoverflow_1gb/16682.txt  (1175 bytes, EXPLAIN stripped)
  [4325/11794] 16683.sql -> outputs/stackoverflow_1gb/16683.txt  (1132 bytes, EXPLAIN stripped)
  [4326/11794] 16684.sql -> outputs/stackoverflow_1gb/16684.txt  (1205 bytes, EXPLAIN stripped)
  [4327/11794] 16685.sql -> outputs/stackoverflow_1gb/16685.txt  (1048 bytes, EXPLAIN stripped)
  [4328/11794] 16686.sql -> outputs/stackoverflow_1gb/16686.txt  (970 bytes, EXPLAIN stripped)
  [4329/11794] 16687.sql -> outputs/stackoverflow_1gb/16687.txt  (1175 bytes, EXPLAIN stripped)
  [4330/11794] 16689.sql -> outputs/stackoverflow_1gb/16689.txt  (1279 bytes, EXPLAIN stripped)
  [4331/11794] 1669.sql -> outputs/stackoverflow_1gb/1669.txt  (555 bytes, EXPLAIN stripped)
  [4332/11794] 16690.sql -> outputs/stackoverflow_1gb/16690.txt  (1246 bytes, EXPLAIN stripped)
  [4333/11794] 16691.sql -> outputs/stackoverflow_1gb/16691.txt  (764 bytes, EXPLAIN stripped)
  [4334/11794] 16693.sql -> outputs/stackoverflow_1gb/16693.txt  (1205 bytes, EXPLAIN stripped)
  [4335/11794] 16694.sql -> outputs/stackoverflow_1gb/16694.txt  (1246 bytes, EXPLAIN stripped)
  [4336/11794] 16696.sql -> outputs/stackoverflow_1gb/16696.txt  (1086 bytes, EXPLAIN stripped)
  [4337/11794] 16697.sql -> outputs/stackoverflow_1gb/16697.txt  (976 bytes, EXPLAIN stripped)
  [4338/11794] 16698.sql -> outputs/stackoverflow_1gb/16698.txt  (1176 bytes, EXPLAIN stripped)
  [4339/11794] 16699.sql -> outputs/stackoverflow_1gb/16699.txt  (1021 bytes, EXPLAIN stripped)
  [4340/11794] 16701.sql -> outputs/stackoverflow_1gb/16701.txt  (994 bytes, EXPLAIN stripped)
  [4341/11794] 16702.sql -> outputs/stackoverflow_1gb/16702.txt  (1222 bytes, EXPLAIN stripped)
  [4342/11794] 16703.sql -> outputs/stackoverflow_1gb/16703.txt  (1208 bytes, EXPLAIN stripped)
  [4343/11794] 16706.sql -> outputs/stackoverflow_1gb/16706.txt  (1093 bytes, EXPLAIN stripped)
  [4344/11794] 16707.sql -> outputs/stackoverflow_1gb/16707.txt  (1132 bytes, EXPLAIN stripped)
  [4345/11794] 16708.sql -> outputs/stackoverflow_1gb/16708.txt  (1092 bytes, EXPLAIN stripped)
  [4346/11794] 16709.sql -> outputs/stackoverflow_1gb/16709.txt  (1132 bytes, EXPLAIN stripped)
  [4347/11794] 16712.sql -> outputs/stackoverflow_1gb/16712.txt  (1170 bytes, EXPLAIN stripped)
  [4348/11794] 16713.sql -> outputs/stackoverflow_1gb/16713.txt  (1132 bytes, EXPLAIN stripped)
  [4349/11794] 16715.sql -> outputs/stackoverflow_1gb/16715.txt  (1103 bytes, EXPLAIN stripped)
  [4350/11794] 16716.sql -> outputs/stackoverflow_1gb/16716.txt  (1646 bytes, EXPLAIN stripped)
  [4351/11794] 16717.sql -> outputs/stackoverflow_1gb/16717.txt  (1132 bytes, EXPLAIN stripped)
  [4352/11794] 16718.sql -> outputs/stackoverflow_1gb/16718.txt  (1214 bytes, EXPLAIN stripped)
  [4353/11794] 16719.sql -> outputs/stackoverflow_1gb/16719.txt  (968 bytes, EXPLAIN stripped)
  [4354/11794] 16721.sql -> outputs/stackoverflow_1gb/16721.txt  (1214 bytes, EXPLAIN stripped)
  [4355/11794] 16722.sql -> outputs/stackoverflow_1gb/16722.txt  (1238 bytes, EXPLAIN stripped)
  [4356/11794] 16723.sql -> outputs/stackoverflow_1gb/16723.txt  (1236 bytes, EXPLAIN stripped)
  [4357/11794] 16725.sql -> outputs/stackoverflow_1gb/16725.txt  (987 bytes, EXPLAIN stripped)
  [4358/11794] 16727.sql -> outputs/stackoverflow_1gb/16727.txt  (1239 bytes, EXPLAIN stripped)
  [4359/11794] 16728.sql -> outputs/stackoverflow_1gb/16728.txt  (1123 bytes, EXPLAIN stripped)
  [4360/11794] 16729.sql -> outputs/stackoverflow_1gb/16729.txt  (1137 bytes, EXPLAIN stripped)
  [4361/11794] 1673.sql -> outputs/stackoverflow_1gb/1673.txt  (62922 bytes, EXPLAIN stripped)
  [4362/11794] 16730.sql -> outputs/stackoverflow_1gb/16730.txt  (1132 bytes, EXPLAIN stripped)
  [4363/11794] 16732.sql -> outputs/stackoverflow_1gb/16732.txt  (1036 bytes, EXPLAIN stripped)
  [4364/11794] 16733.sql -> outputs/stackoverflow_1gb/16733.txt  (1166 bytes, EXPLAIN stripped)
  [4365/11794] 16734.sql -> outputs/stackoverflow_1gb/16734.txt  (1126 bytes, EXPLAIN stripped)
  [4366/11794] 16735.sql -> outputs/stackoverflow_1gb/16735.txt  (1208 bytes, EXPLAIN stripped)
  [4367/11794] 16736.sql -> outputs/stackoverflow_1gb/16736.txt  (1214 bytes, EXPLAIN stripped)
  [4368/11794] 16737.sql -> outputs/stackoverflow_1gb/16737.txt  (10457 bytes, EXPLAIN stripped)
  [4369/11794] 16738.sql -> outputs/stackoverflow_1gb/16738.txt  (1214 bytes, EXPLAIN stripped)
  [4370/11794] 16739.sql -> outputs/stackoverflow_1gb/16739.txt  (1165 bytes, EXPLAIN stripped)
  [4371/11794] 16740.sql -> outputs/stackoverflow_1gb/16740.txt  (1246 bytes, EXPLAIN stripped)
  [4372/11794] 16743.sql -> outputs/stackoverflow_1gb/16743.txt  (1239 bytes, EXPLAIN stripped)
  [4373/11794] 16744.sql -> outputs/stackoverflow_1gb/16744.txt  (1869 bytes, EXPLAIN stripped)
  [4374/11794] 16745.sql -> outputs/stackoverflow_1gb/16745.txt  (18349 bytes, EXPLAIN stripped)
  [4375/11794] 16746.sql -> outputs/stackoverflow_1gb/16746.txt  (1220 bytes, EXPLAIN stripped)
  [4376/11794] 16747.sql -> outputs/stackoverflow_1gb/16747.txt  (1249 bytes, EXPLAIN stripped)
  [4377/11794] 16748.sql -> outputs/stackoverflow_1gb/16748.txt  (27929 bytes, EXPLAIN stripped)
  [4378/11794] 16749.sql -> outputs/stackoverflow_1gb/16749.txt  (1132 bytes, EXPLAIN stripped)
  [4379/11794] 16752.sql -> outputs/stackoverflow_1gb/16752.txt  (1208 bytes, EXPLAIN stripped)
  [4380/11794] 16754.sql -> outputs/stackoverflow_1gb/16754.txt  (1277 bytes, EXPLAIN stripped)
  [4381/11794] 16755.sql -> outputs/stackoverflow_1gb/16755.txt  (1132 bytes, EXPLAIN stripped)
  [4382/11794] 16757.sql -> outputs/stackoverflow_1gb/16757.txt  (1093 bytes, EXPLAIN stripped)
  [4383/11794] 16758.sql -> outputs/stackoverflow_1gb/16758.txt  (1170 bytes, EXPLAIN stripped)
  [4384/11794] 16759.sql -> outputs/stackoverflow_1gb/16759.txt  (1126 bytes, EXPLAIN stripped)
  [4385/11794] 16761.sql -> outputs/stackoverflow_1gb/16761.txt  (1065 bytes, EXPLAIN stripped)
  [4386/11794] 16762.sql -> outputs/stackoverflow_1gb/16762.txt  (1132 bytes, EXPLAIN stripped)
  [4387/11794] 16765.sql -> outputs/stackoverflow_1gb/16765.txt  (1093 bytes, EXPLAIN stripped)
  [4388/11794] 16767.sql -> outputs/stackoverflow_1gb/16767.txt  (1192 bytes, EXPLAIN stripped)
  [4389/11794] 16768.sql -> outputs/stackoverflow_1gb/16768.txt  (1203 bytes, EXPLAIN stripped)
  [4390/11794] 1677.sql -> outputs/stackoverflow_1gb/1677.txt  (375 bytes, EXPLAIN stripped)
  [4391/11794] 16772.sql -> outputs/stackoverflow_1gb/16772.txt  (1180 bytes, EXPLAIN stripped)
  [4392/11794] 16774.sql -> outputs/stackoverflow_1gb/16774.txt  (1214 bytes, EXPLAIN stripped)
  [4393/11794] 16775.sql -> outputs/stackoverflow_1gb/16775.txt  (1046 bytes, EXPLAIN stripped)
  [4394/11794] 16776.sql -> outputs/stackoverflow_1gb/16776.txt  (439 bytes, EXPLAIN stripped)
  [4395/11794] 16777.sql -> outputs/stackoverflow_1gb/16777.txt  (1177 bytes, EXPLAIN stripped)
  [4396/11794] 16778.sql -> outputs/stackoverflow_1gb/16778.txt  (1093 bytes, EXPLAIN stripped)
  [4397/11794] 16780.sql -> outputs/stackoverflow_1gb/16780.txt  (1271 bytes, EXPLAIN stripped)
  [4398/11794] 16781.sql -> outputs/stackoverflow_1gb/16781.txt  (1150 bytes, EXPLAIN stripped)
  [4399/11794] 16782.sql -> outputs/stackoverflow_1gb/16782.txt  (1137 bytes, EXPLAIN stripped)
  [4400/11794] 16783.sql -> outputs/stackoverflow_1gb/16783.txt  (1208 bytes, EXPLAIN stripped)
  [4401/11794] 16785.sql -> outputs/stackoverflow_1gb/16785.txt  (1170 bytes, EXPLAIN stripped)
  [4402/11794] 16786.sql -> outputs/stackoverflow_1gb/16786.txt  (1132 bytes, EXPLAIN stripped)
  [4403/11794] 16787.sql -> outputs/stackoverflow_1gb/16787.txt  (1180 bytes, EXPLAIN stripped)
  [4404/11794] 16788.sql -> outputs/stackoverflow_1gb/16788.txt  (1214 bytes, EXPLAIN stripped)
  [4405/11794] 16789.sql -> outputs/stackoverflow_1gb/16789.txt  (1048 bytes, EXPLAIN stripped)
  [4406/11794] 16790.sql -> outputs/stackoverflow_1gb/16790.txt  (1246 bytes, EXPLAIN stripped)
  [4407/11794] 16791.sql -> outputs/stackoverflow_1gb/16791.txt  (1303 bytes, EXPLAIN stripped)
  [4408/11794] 16792.sql -> outputs/stackoverflow_1gb/16792.txt  (1065 bytes, EXPLAIN stripped)
  [4409/11794] 16793.sql -> outputs/stackoverflow_1gb/16793.txt  (1131 bytes, EXPLAIN stripped)
  [4410/11794] 16795.sql -> outputs/stackoverflow_1gb/16795.txt  (1237 bytes, EXPLAIN stripped)
  [4411/11794] 16796.sql -> outputs/stackoverflow_1gb/16796.txt  (1236 bytes, EXPLAIN stripped)
  [4412/11794] 16797.sql -> outputs/stackoverflow_1gb/16797.txt  (1098 bytes, EXPLAIN stripped)
  [4413/11794] 16798.sql -> outputs/stackoverflow_1gb/16798.txt  (1132 bytes, EXPLAIN stripped)
  [4414/11794] 16799.sql -> outputs/stackoverflow_1gb/16799.txt  (1093 bytes, EXPLAIN stripped)
  [4415/11794] 168.sql -> outputs/stackoverflow_1gb/168.txt  (6076 bytes, EXPLAIN stripped)
  [4416/11794] 16800.sql -> outputs/stackoverflow_1gb/16800.txt  (1018 bytes, EXPLAIN stripped)
  [4417/11794] 16802.sql -> outputs/stackoverflow_1gb/16802.txt  (1161 bytes, EXPLAIN stripped)
  [4418/11794] 16803.sql -> outputs/stackoverflow_1gb/16803.txt  (1169 bytes, EXPLAIN stripped)
  [4419/11794] 16804.sql -> outputs/stackoverflow_1gb/16804.txt  (10316 bytes, EXPLAIN stripped)
  [4420/11794] 16805.sql -> outputs/stackoverflow_1gb/16805.txt  (1126 bytes, EXPLAIN stripped)
  [4421/11794] 16806.sql -> outputs/stackoverflow_1gb/16806.txt  (1093 bytes, EXPLAIN stripped)
  [4422/11794] 16807.sql -> outputs/stackoverflow_1gb/16807.txt  (1204 bytes, EXPLAIN stripped)
  [4423/11794] 16808.sql -> outputs/stackoverflow_1gb/16808.txt  (1164 bytes, EXPLAIN stripped)
  [4424/11794] 16809.sql -> outputs/stackoverflow_1gb/16809.txt  (1137 bytes, EXPLAIN stripped)
  [4425/11794] 1681.sql -> outputs/stackoverflow_1gb/1681.txt  (7776 bytes, EXPLAIN stripped)
  [4426/11794] 16810.sql -> outputs/stackoverflow_1gb/16810.txt  (1132 bytes, EXPLAIN stripped)
  [4427/11794] 16812.sql -> outputs/stackoverflow_1gb/16812.txt  (1038 bytes, EXPLAIN stripped)
  [4428/11794] 16813.sql -> outputs/stackoverflow_1gb/16813.txt  (1238 bytes, EXPLAIN stripped)
  [4429/11794] 16814.sql -> outputs/stackoverflow_1gb/16814.txt  (1161 bytes, EXPLAIN stripped)
  [4430/11794] 16815.sql -> outputs/stackoverflow_1gb/16815.txt  (1126 bytes, EXPLAIN stripped)
  [4431/11794] 16817.sql -> outputs/stackoverflow_1gb/16817.txt  (1026 bytes, EXPLAIN stripped)
  [4432/11794] 16818.sql -> outputs/stackoverflow_1gb/16818.txt  (1246 bytes, EXPLAIN stripped)
  [4433/11794] 16820.sql -> outputs/stackoverflow_1gb/16820.txt  (1092 bytes, EXPLAIN stripped)
  [4434/11794] 16822.sql -> outputs/stackoverflow_1gb/16822.txt  (1180 bytes, EXPLAIN stripped)
  [4435/11794] 16823.sql -> outputs/stackoverflow_1gb/16823.txt  (1135 bytes, EXPLAIN stripped)
  [4436/11794] 16826.sql -> outputs/stackoverflow_1gb/16826.txt  (1208 bytes, EXPLAIN stripped)
  [4437/11794] 16827.sql -> outputs/stackoverflow_1gb/16827.txt  (1132 bytes, EXPLAIN stripped)
  [4438/11794] 16828.sql -> outputs/stackoverflow_1gb/16828.txt  (1132 bytes, EXPLAIN stripped)
  [4439/11794] 16829.sql -> outputs/stackoverflow_1gb/16829.txt  (1169 bytes, EXPLAIN stripped)
  [4440/11794] 1683.sql -> outputs/stackoverflow_1gb/1683.txt  (1478 bytes, EXPLAIN stripped)
  [4441/11794] 16830.sql -> outputs/stackoverflow_1gb/16830.txt  (1212 bytes, EXPLAIN stripped)
  [4442/11794] 16832.sql -> outputs/stackoverflow_1gb/16832.txt  (1209 bytes, EXPLAIN stripped)
  [4443/11794] 16834.sql -> outputs/stackoverflow_1gb/16834.txt  (1152 bytes, EXPLAIN stripped)
  [4444/11794] 16835.sql -> outputs/stackoverflow_1gb/16835.txt  (1090 bytes, EXPLAIN stripped)
  [4445/11794] 16836.sql -> outputs/stackoverflow_1gb/16836.txt  (985 bytes, EXPLAIN stripped)
  [4446/11794] 16837.sql -> outputs/stackoverflow_1gb/16837.txt  (1247 bytes, EXPLAIN stripped)
  [4447/11794] 16839.sql -> outputs/stackoverflow_1gb/16839.txt  (1132 bytes, EXPLAIN stripped)
  [4448/11794] 16840.sql -> outputs/stackoverflow_1gb/16840.txt  (1247 bytes, EXPLAIN stripped)
  [4449/11794] 16842.sql -> outputs/stackoverflow_1gb/16842.txt  (941 bytes, EXPLAIN stripped)
  [4450/11794] 16843.sql -> outputs/stackoverflow_1gb/16843.txt  (1188 bytes, EXPLAIN stripped)
  [4451/11794] 16844.sql -> outputs/stackoverflow_1gb/16844.txt  (1122 bytes, EXPLAIN stripped)
  [4452/11794] 16845.sql -> outputs/stackoverflow_1gb/16845.txt  (1093 bytes, EXPLAIN stripped)
  [4453/11794] 16846.sql -> outputs/stackoverflow_1gb/16846.txt  (1267 bytes, EXPLAIN stripped)
  [4454/11794] 16847.sql -> outputs/stackoverflow_1gb/16847.txt  (1149 bytes, EXPLAIN stripped)
  [4455/11794] 16849.sql -> outputs/stackoverflow_1gb/16849.txt  (1131 bytes, EXPLAIN stripped)
  [4456/11794] 16850.sql -> outputs/stackoverflow_1gb/16850.txt  (969 bytes, EXPLAIN stripped)
  [4457/11794] 16851.sql -> outputs/stackoverflow_1gb/16851.txt  (1214 bytes, EXPLAIN stripped)
  [4458/11794] 16852.sql -> outputs/stackoverflow_1gb/16852.txt  (1279 bytes, EXPLAIN stripped)
  [4459/11794] 16853.sql -> outputs/stackoverflow_1gb/16853.txt  (1214 bytes, EXPLAIN stripped)
  [4460/11794] 16855.sql -> outputs/stackoverflow_1gb/16855.txt  (1214 bytes, EXPLAIN stripped)
  [4461/11794] 16856.sql -> outputs/stackoverflow_1gb/16856.txt  (1137 bytes, EXPLAIN stripped)
  [4462/11794] 16857.sql -> outputs/stackoverflow_1gb/16857.txt  (1214 bytes, EXPLAIN stripped)
  [4463/11794] 16858.sql -> outputs/stackoverflow_1gb/16858.txt  (1277 bytes, EXPLAIN stripped)
  [4464/11794] 16859.sql -> outputs/stackoverflow_1gb/16859.txt  (11261 bytes, EXPLAIN stripped)
  [4465/11794] 16861.sql -> outputs/stackoverflow_1gb/16861.txt  (1010 bytes, EXPLAIN stripped)
  [4466/11794] 16862.sql -> outputs/stackoverflow_1gb/16862.txt  (112677 bytes, EXPLAIN stripped)
  [4467/11794] 16863.sql -> outputs/stackoverflow_1gb/16863.txt  (1065 bytes, EXPLAIN stripped)
  [4468/11794] 16864.sql -> outputs/stackoverflow_1gb/16864.txt  (969 bytes, EXPLAIN stripped)
  [4469/11794] 16865.sql -> outputs/stackoverflow_1gb/16865.txt  (1138 bytes, EXPLAIN stripped)
  [4470/11794] 16866.sql -> outputs/stackoverflow_1gb/16866.txt  (1077 bytes, EXPLAIN stripped)
  [4471/11794] 16868.sql -> outputs/stackoverflow_1gb/16868.txt  (1272 bytes, EXPLAIN stripped)
  [4472/11794] 16870.sql -> outputs/stackoverflow_1gb/16870.txt  (1165 bytes, EXPLAIN stripped)
  [4473/11794] 16871.sql -> outputs/stackoverflow_1gb/16871.txt  (1214 bytes, EXPLAIN stripped)
  [4474/11794] 16873.sql -> outputs/stackoverflow_1gb/16873.txt  (1114 bytes, EXPLAIN stripped)
  [4475/11794] 16874.sql -> outputs/stackoverflow_1gb/16874.txt  (322 bytes, EXPLAIN stripped)
  [4476/11794] 16875.sql -> outputs/stackoverflow_1gb/16875.txt  (1138 bytes, EXPLAIN stripped)
  [4477/11794] 16876.sql -> outputs/stackoverflow_1gb/16876.txt  (1093 bytes, EXPLAIN stripped)
  [4478/11794] 16879.sql -> outputs/stackoverflow_1gb/16879.txt  (952 bytes, EXPLAIN stripped)
  [4479/11794] 16880.sql -> outputs/stackoverflow_1gb/16880.txt  (1214 bytes, EXPLAIN stripped)
  [4480/11794] 16881.sql -> outputs/stackoverflow_1gb/16881.txt  (1015 bytes, EXPLAIN stripped)
  [4481/11794] 16882.sql -> outputs/stackoverflow_1gb/16882.txt  (1137 bytes, EXPLAIN stripped)
  [4482/11794] 16883.sql -> outputs/stackoverflow_1gb/16883.txt  (1214 bytes, EXPLAIN stripped)
  [4483/11794] 16885.sql -> outputs/stackoverflow_1gb/16885.txt  (1180 bytes, EXPLAIN stripped)
  [4484/11794] 16887.sql -> outputs/stackoverflow_1gb/16887.txt  (1093 bytes, EXPLAIN stripped)
  [4485/11794] 16889.sql -> outputs/stackoverflow_1gb/16889.txt  (1003 bytes, EXPLAIN stripped)
  [4486/11794] 16890.sql -> outputs/stackoverflow_1gb/16890.txt  (1170 bytes, EXPLAIN stripped)
  [4487/11794] 16893.sql -> outputs/stackoverflow_1gb/16893.txt  (1133 bytes, EXPLAIN stripped)
  [4488/11794] 16894.sql -> outputs/stackoverflow_1gb/16894.txt  (1246 bytes, EXPLAIN stripped)
  [4489/11794] 16895.sql -> outputs/stackoverflow_1gb/16895.txt  (1021 bytes, EXPLAIN stripped)
  [4490/11794] 16896.sql -> outputs/stackoverflow_1gb/16896.txt  (1169 bytes, EXPLAIN stripped)
  [4491/11794] 16898.sql -> outputs/stackoverflow_1gb/16898.txt  (11253 bytes, EXPLAIN stripped)
  [4492/11794] 16899.sql -> outputs/stackoverflow_1gb/16899.txt  (1089 bytes, EXPLAIN stripped)
  [4493/11794] 16900.sql -> outputs/stackoverflow_1gb/16900.txt  (1169 bytes, EXPLAIN stripped)
  [4494/11794] 16901.sql -> outputs/stackoverflow_1gb/16901.txt  (1160 bytes, EXPLAIN stripped)
  [4495/11794] 16902.sql -> outputs/stackoverflow_1gb/16902.txt  (1260 bytes, EXPLAIN stripped)
  [4496/11794] 16904.sql -> outputs/stackoverflow_1gb/16904.txt  (1279 bytes, EXPLAIN stripped)
  [4497/11794] 16905.sql -> outputs/stackoverflow_1gb/16905.txt  (1207 bytes, EXPLAIN stripped)
  [4498/11794] 16906.sql -> outputs/stackoverflow_1gb/16906.txt  (1093 bytes, EXPLAIN stripped)
  [4499/11794] 16908.sql -> outputs/stackoverflow_1gb/16908.txt  (1130 bytes, EXPLAIN stripped)
  [4500/11794] 16912.sql -> outputs/stackoverflow_1gb/16912.txt  (1200 bytes, EXPLAIN stripped)
  [4501/11794] 16915.sql -> outputs/stackoverflow_1gb/16915.txt  (1200 bytes, EXPLAIN stripped)
  [4502/11794] 16916.sql -> outputs/stackoverflow_1gb/16916.txt  (1169 bytes, EXPLAIN stripped)
  [4503/11794] 16917.sql -> outputs/stackoverflow_1gb/16917.txt  (1238 bytes, EXPLAIN stripped)
  [4504/11794] 16918.sql -> outputs/stackoverflow_1gb/16918.txt  (1137 bytes, EXPLAIN stripped)
  [4505/11794] 16919.sql -> outputs/stackoverflow_1gb/16919.txt  (1166 bytes, EXPLAIN stripped)
  [4506/11794] 1692.sql -> outputs/stackoverflow_1gb/1692.txt  (115213 bytes, EXPLAIN stripped)
  [4507/11794] 16920.sql -> outputs/stackoverflow_1gb/16920.txt  (1169 bytes, EXPLAIN stripped)
  [4508/11794] 16922.sql -> outputs/stackoverflow_1gb/16922.txt  (1137 bytes, EXPLAIN stripped)
  [4509/11794] 16924.sql -> outputs/stackoverflow_1gb/16924.txt  (1214 bytes, EXPLAIN stripped)
  [4510/11794] 16925.sql -> outputs/stackoverflow_1gb/16925.txt  (1093 bytes, EXPLAIN stripped)
  [4511/11794] 16926.sql -> outputs/stackoverflow_1gb/16926.txt  (1247 bytes, EXPLAIN stripped)
  [4512/11794] 16927.sql -> outputs/stackoverflow_1gb/16927.txt  (1151 bytes, EXPLAIN stripped)
  [4513/11794] 16929.sql -> outputs/stackoverflow_1gb/16929.txt  (1247 bytes, EXPLAIN stripped)
  [4514/11794] 1693.sql -> outputs/stackoverflow_1gb/1693.txt  (81 bytes, EXPLAIN stripped)
  [4515/11794] 16930.sql -> outputs/stackoverflow_1gb/16930.txt  (1138 bytes, EXPLAIN stripped)
  [4516/11794] 16931.sql -> outputs/stackoverflow_1gb/16931.txt  (1279 bytes, EXPLAIN stripped)
  [4517/11794] 16932.sql -> outputs/stackoverflow_1gb/16932.txt  (1127 bytes, EXPLAIN stripped)
  [4518/11794] 16933.sql -> outputs/stackoverflow_1gb/16933.txt  (1292 bytes, EXPLAIN stripped)
  [4519/11794] 16934.sql -> outputs/stackoverflow_1gb/16934.txt  (1131 bytes, EXPLAIN stripped)
  [4520/11794] 16935.sql -> outputs/stackoverflow_1gb/16935.txt  (1065 bytes, EXPLAIN stripped)
  [4521/11794] 16936.sql -> outputs/stackoverflow_1gb/16936.txt  (1133 bytes, EXPLAIN stripped)
  [4522/11794] 16937.sql -> outputs/stackoverflow_1gb/16937.txt  (1246 bytes, EXPLAIN stripped)
  [4523/11794] 16938.sql -> outputs/stackoverflow_1gb/16938.txt  (1175 bytes, EXPLAIN stripped)
  [4524/11794] 16942.sql -> outputs/stackoverflow_1gb/16942.txt  (1180 bytes, EXPLAIN stripped)
  [4525/11794] 16943.sql -> outputs/stackoverflow_1gb/16943.txt  (321 bytes, EXPLAIN stripped)
  [4526/11794] 16944.sql -> outputs/stackoverflow_1gb/16944.txt  (1132 bytes, EXPLAIN stripped)
  [4527/11794] 16945.sql -> outputs/stackoverflow_1gb/16945.txt  (947 bytes, EXPLAIN stripped)
  [4528/11794] 16946.sql -> outputs/stackoverflow_1gb/16946.txt  (1161 bytes, EXPLAIN stripped)
  [4529/11794] 16947.sql -> outputs/stackoverflow_1gb/16947.txt  (1137 bytes, EXPLAIN stripped)
  [4530/11794] 16949.sql -> outputs/stackoverflow_1gb/16949.txt  (1203 bytes, EXPLAIN stripped)
  [4531/11794] 16950.sql -> outputs/stackoverflow_1gb/16950.txt  (1173 bytes, EXPLAIN stripped)
  [4532/11794] 16952.sql -> outputs/stackoverflow_1gb/16952.txt  (1131 bytes, EXPLAIN stripped)
  [4533/11794] 16953.sql -> outputs/stackoverflow_1gb/16953.txt  (1171 bytes, EXPLAIN stripped)
  [4534/11794] 16955.sql -> outputs/stackoverflow_1gb/16955.txt  (968 bytes, EXPLAIN stripped)
  [4535/11794] 16956.sql -> outputs/stackoverflow_1gb/16956.txt  (1238 bytes, EXPLAIN stripped)
  [4536/11794] 16957.sql -> outputs/stackoverflow_1gb/16957.txt  (1161 bytes, EXPLAIN stripped)
  [4537/11794] 16958.sql -> outputs/stackoverflow_1gb/16958.txt  (1236 bytes, EXPLAIN stripped)
  [4538/11794] 1696.sql -> outputs/stackoverflow_1gb/1696.txt  (561 bytes, EXPLAIN stripped)
  [4539/11794] 16960.sql -> outputs/stackoverflow_1gb/16960.txt  (1169 bytes, EXPLAIN stripped)
  [4540/11794] 16962.sql -> outputs/stackoverflow_1gb/16962.txt  (1088 bytes, EXPLAIN stripped)
  [4541/11794] 16964.sql -> outputs/stackoverflow_1gb/16964.txt  (1041 bytes, EXPLAIN stripped)
  [4542/11794] 16965.sql -> outputs/stackoverflow_1gb/16965.txt  (1166 bytes, EXPLAIN stripped)
  [4543/11794] 16966.sql -> outputs/stackoverflow_1gb/16966.txt  (1203 bytes, EXPLAIN stripped)
  [4544/11794] 16968.sql -> outputs/stackoverflow_1gb/16968.txt  (1203 bytes, EXPLAIN stripped)
  [4545/11794] 16969.sql -> outputs/stackoverflow_1gb/16969.txt  (1093 bytes, EXPLAIN stripped)
  [4546/11794] 1697.sql -> outputs/stackoverflow_1gb/1697.txt  (4487 bytes, EXPLAIN stripped)
  [4547/11794] 16971.sql -> outputs/stackoverflow_1gb/16971.txt  (1132 bytes, EXPLAIN stripped)
  [4548/11794] 16972.sql -> outputs/stackoverflow_1gb/16972.txt  (1137 bytes, EXPLAIN stripped)
  [4549/11794] 16973.sql -> outputs/stackoverflow_1gb/16973.txt  (1247 bytes, EXPLAIN stripped)
  [4550/11794] 16974.sql -> outputs/stackoverflow_1gb/16974.txt  (11352 bytes, EXPLAIN stripped)
  [4551/11794] 16977.sql -> outputs/stackoverflow_1gb/16977.txt  (1210 bytes, EXPLAIN stripped)
  [4552/11794] 16978.sql -> outputs/stackoverflow_1gb/16978.txt  (1170 bytes, EXPLAIN stripped)
  [4553/11794] 16980.sql -> outputs/stackoverflow_1gb/16980.txt  (110679 bytes, EXPLAIN stripped)
  [4554/11794] 16981.sql -> outputs/stackoverflow_1gb/16981.txt  (1132 bytes, EXPLAIN stripped)
  [4555/11794] 16983.sql -> outputs/stackoverflow_1gb/16983.txt  (1170 bytes, EXPLAIN stripped)
  [4556/11794] 16985.sql -> outputs/stackoverflow_1gb/16985.txt  (1303 bytes, EXPLAIN stripped)
  [4557/11794] 16986.sql -> outputs/stackoverflow_1gb/16986.txt  (540 bytes, EXPLAIN stripped)
  [4558/11794] 16987.sql -> outputs/stackoverflow_1gb/16987.txt  (1247 bytes, EXPLAIN stripped)
  [4559/11794] 16988.sql -> outputs/stackoverflow_1gb/16988.txt  (1208 bytes, EXPLAIN stripped)
  [4560/11794] 16989.sql -> outputs/stackoverflow_1gb/16989.txt  (1036 bytes, EXPLAIN stripped)
  [4561/11794] 16991.sql -> outputs/stackoverflow_1gb/16991.txt  (1120 bytes, EXPLAIN stripped)
  [4562/11794] 16993.sql -> outputs/stackoverflow_1gb/16993.txt  (1126 bytes, EXPLAIN stripped)
  [4563/11794] 16994.sql -> outputs/stackoverflow_1gb/16994.txt  (1093 bytes, EXPLAIN stripped)
  [4564/11794] 16995.sql -> outputs/stackoverflow_1gb/16995.txt  (1132 bytes, EXPLAIN stripped)
  [4565/11794] 16996.sql -> outputs/stackoverflow_1gb/16996.txt  (1271 bytes, EXPLAIN stripped)
  [4566/11794] 16998.sql -> outputs/stackoverflow_1gb/16998.txt  (1169 bytes, EXPLAIN stripped)
  [4567/11794] 16999.sql -> outputs/stackoverflow_1gb/16999.txt  (1110 bytes, EXPLAIN stripped)
  [4568/11794] 17000.sql -> outputs/stackoverflow_1gb/17000.txt  (1208 bytes, EXPLAIN stripped)
  [4569/11794] 17001.sql -> outputs/stackoverflow_1gb/17001.txt  (936 bytes, EXPLAIN stripped)
  [4570/11794] 17002.sql -> outputs/stackoverflow_1gb/17002.txt  (18386 bytes, EXPLAIN stripped)
  [4571/11794] 17004.sql -> outputs/stackoverflow_1gb/17004.txt  (1205 bytes, EXPLAIN stripped)
  [4572/11794] 17005.sql -> outputs/stackoverflow_1gb/17005.txt  (1137 bytes, EXPLAIN stripped)
  [4573/11794] 17006.sql -> outputs/stackoverflow_1gb/17006.txt  (985 bytes, EXPLAIN stripped)
  [4574/11794] 17007.sql -> outputs/stackoverflow_1gb/17007.txt  (1093 bytes, EXPLAIN stripped)
  [4575/11794] 17008.sql -> outputs/stackoverflow_1gb/17008.txt  (1166 bytes, EXPLAIN stripped)
  [4576/11794] 17009.sql -> outputs/stackoverflow_1gb/17009.txt  (1173 bytes, EXPLAIN stripped)
  [4577/11794] 17011.sql -> outputs/stackoverflow_1gb/17011.txt  (1130 bytes, EXPLAIN stripped)
  [4578/11794] 17012.sql -> outputs/stackoverflow_1gb/17012.txt  (1132 bytes, EXPLAIN stripped)
  [4579/11794] 17014.sql -> outputs/stackoverflow_1gb/17014.txt  (1188 bytes, EXPLAIN stripped)
  [4580/11794] 17015.sql -> outputs/stackoverflow_1gb/17015.txt  (1137 bytes, EXPLAIN stripped)
  [4581/11794] 17016.sql -> outputs/stackoverflow_1gb/17016.txt  (1246 bytes, EXPLAIN stripped)
  [4582/11794] 17017.sql -> outputs/stackoverflow_1gb/17017.txt  (1176 bytes, EXPLAIN stripped)
  [4583/11794] 17019.sql -> outputs/stackoverflow_1gb/17019.txt  (1132 bytes, EXPLAIN stripped)
  [4584/11794] 17020.sql -> outputs/stackoverflow_1gb/17020.txt  (1236 bytes, EXPLAIN stripped)
  [4585/11794] 17021.sql -> outputs/stackoverflow_1gb/17021.txt  (1237 bytes, EXPLAIN stripped)
  [4586/11794] 17024.sql -> outputs/stackoverflow_1gb/17024.txt  (1238 bytes, EXPLAIN stripped)
  [4587/11794] 17025.sql -> outputs/stackoverflow_1gb/17025.txt  (1180 bytes, EXPLAIN stripped)
  [4588/11794] 17026.sql -> outputs/stackoverflow_1gb/17026.txt  (101584 bytes, EXPLAIN stripped)
  [4589/11794] 17029.sql -> outputs/stackoverflow_1gb/17029.txt  (105667 bytes, EXPLAIN stripped)
  [4590/11794] 1703.sql -> outputs/stackoverflow_1gb/1703.txt  (646 bytes, EXPLAIN stripped)
  [4591/11794] 17030.sql -> outputs/stackoverflow_1gb/17030.txt  (1177 bytes, EXPLAIN stripped)
  [4592/11794] 17031.sql -> outputs/stackoverflow_1gb/17031.txt  (1137 bytes, EXPLAIN stripped)
  [4593/11794] 17032.sql -> outputs/stackoverflow_1gb/17032.txt  (1137 bytes, EXPLAIN stripped)
  [4594/11794] 17033.sql -> outputs/stackoverflow_1gb/17033.txt  (1238 bytes, EXPLAIN stripped)
  [4595/11794] 17036.sql -> outputs/stackoverflow_1gb/17036.txt  (1103 bytes, EXPLAIN stripped)
  [4596/11794] 17037.sql -> outputs/stackoverflow_1gb/17037.txt  (1137 bytes, EXPLAIN stripped)
  [4597/11794] 17038.sql -> outputs/stackoverflow_1gb/17038.txt  (1247 bytes, EXPLAIN stripped)
  [4598/11794] 17039.sql -> outputs/stackoverflow_1gb/17039.txt  (1201 bytes, EXPLAIN stripped)
  [4599/11794] 17040.sql -> outputs/stackoverflow_1gb/17040.txt  (1246 bytes, EXPLAIN stripped)
  [4600/11794] 17041.sql -> outputs/stackoverflow_1gb/17041.txt  (86839 bytes, EXPLAIN stripped)
  [4601/11794] 17043.sql -> outputs/stackoverflow_1gb/17043.txt  (1126 bytes, EXPLAIN stripped)
  [4602/11794] 17045.sql -> outputs/stackoverflow_1gb/17045.txt  (1271 bytes, EXPLAIN stripped)
  [4603/11794] 17047.sql -> outputs/stackoverflow_1gb/17047.txt  (1124 bytes, EXPLAIN stripped)
  [4604/11794] 17048.sql -> outputs/stackoverflow_1gb/17048.txt  (112677 bytes, EXPLAIN stripped)
  [4605/11794] 17049.sql -> outputs/stackoverflow_1gb/17049.txt  (1166 bytes, EXPLAIN stripped)
  [4606/11794] 17050.sql -> outputs/stackoverflow_1gb/17050.txt  (1246 bytes, EXPLAIN stripped)
  [4607/11794] 17051.sql -> outputs/stackoverflow_1gb/17051.txt  (1235 bytes, EXPLAIN stripped)
  [4608/11794] 17052.sql -> outputs/stackoverflow_1gb/17052.txt  (1132 bytes, EXPLAIN stripped)
  [4609/11794] 17054.sql -> outputs/stackoverflow_1gb/17054.txt  (1132 bytes, EXPLAIN stripped)
  [4610/11794] 17055.sql -> outputs/stackoverflow_1gb/17055.txt  (1103 bytes, EXPLAIN stripped)
  [4611/11794] 17058.sql -> outputs/stackoverflow_1gb/17058.txt  (999 bytes, EXPLAIN stripped)
  [4612/11794] 17059.sql -> outputs/stackoverflow_1gb/17059.txt  (1110 bytes, EXPLAIN stripped)
  [4613/11794] 17061.sql -> outputs/stackoverflow_1gb/17061.txt  (593 bytes, EXPLAIN stripped)
  [4614/11794] 17062.sql -> outputs/stackoverflow_1gb/17062.txt  (1049 bytes, EXPLAIN stripped)
  [4615/11794] 17063.sql -> outputs/stackoverflow_1gb/17063.txt  (321 bytes, EXPLAIN stripped)
  [4616/11794] 17064.sql -> outputs/stackoverflow_1gb/17064.txt  (1214 bytes, EXPLAIN stripped)
  [4617/11794] 17066.sql -> outputs/stackoverflow_1gb/17066.txt  (1240 bytes, EXPLAIN stripped)
  [4618/11794] 17067.sql -> outputs/stackoverflow_1gb/17067.txt  (1110 bytes, EXPLAIN stripped)
  [4619/11794] 17068.sql -> outputs/stackoverflow_1gb/17068.txt  (1277 bytes, EXPLAIN stripped)
  [4620/11794] 17069.sql -> outputs/stackoverflow_1gb/17069.txt  (1133 bytes, EXPLAIN stripped)
  [4621/11794] 17071.sql -> outputs/stackoverflow_1gb/17071.txt  (279 bytes, EXPLAIN stripped)
  [4622/11794] 17073.sql -> outputs/stackoverflow_1gb/17073.txt  (1214 bytes, EXPLAIN stripped)
  [4623/11794] 17074.sql -> outputs/stackoverflow_1gb/17074.txt  (1098 bytes, EXPLAIN stripped)
  [4624/11794] 17076.sql -> outputs/stackoverflow_1gb/17076.txt  (1126 bytes, EXPLAIN stripped)
  [4625/11794] 17077.sql -> outputs/stackoverflow_1gb/17077.txt  (1219 bytes, EXPLAIN stripped)
  [4626/11794] 17078.sql -> outputs/stackoverflow_1gb/17078.txt  (1255 bytes, EXPLAIN stripped)
  [4627/11794] 17079.sql -> outputs/stackoverflow_1gb/17079.txt  (1219 bytes, EXPLAIN stripped)
  [4628/11794] 17080.sql -> outputs/stackoverflow_1gb/17080.txt  (1180 bytes, EXPLAIN stripped)
  [4629/11794] 17082.sql -> outputs/stackoverflow_1gb/17082.txt  (1227 bytes, EXPLAIN stripped)
  [4630/11794] 17083.sql -> outputs/stackoverflow_1gb/17083.txt  (1126 bytes, EXPLAIN stripped)
  [4631/11794] 17084.sql -> outputs/stackoverflow_1gb/17084.txt  (1214 bytes, EXPLAIN stripped)
  [4632/11794] 17085.sql -> outputs/stackoverflow_1gb/17085.txt  (18458 bytes, EXPLAIN stripped)
  [4633/11794] 17086.sql -> outputs/stackoverflow_1gb/17086.txt  (1237 bytes, EXPLAIN stripped)
  [4634/11794] 17088.sql -> outputs/stackoverflow_1gb/17088.txt  (1126 bytes, EXPLAIN stripped)
  [4635/11794] 17089.sql -> outputs/stackoverflow_1gb/17089.txt  (1238 bytes, EXPLAIN stripped)
  [4636/11794] 17090.sql -> outputs/stackoverflow_1gb/17090.txt  (1001 bytes, EXPLAIN stripped)
  [4637/11794] 17091.sql -> outputs/stackoverflow_1gb/17091.txt  (1103 bytes, EXPLAIN stripped)
  [4638/11794] 17093.sql -> outputs/stackoverflow_1gb/17093.txt  (1137 bytes, EXPLAIN stripped)
  [4639/11794] 17094.sql -> outputs/stackoverflow_1gb/17094.txt  (1170 bytes, EXPLAIN stripped)
  [4640/11794] 17098.sql -> outputs/stackoverflow_1gb/17098.txt  (1212 bytes, EXPLAIN stripped)
  [4641/11794] 17101.sql -> outputs/stackoverflow_1gb/17101.txt  (1175 bytes, EXPLAIN stripped)
  [4642/11794] 17103.sql -> outputs/stackoverflow_1gb/17103.txt  (1159 bytes, EXPLAIN stripped)
  [4643/11794] 17104.sql -> outputs/stackoverflow_1gb/17104.txt  (3430 bytes, EXPLAIN stripped)
  [4644/11794] 17105.sql -> outputs/stackoverflow_1gb/17105.txt  (1106 bytes, EXPLAIN stripped)
  [4645/11794] 17106.sql -> outputs/stackoverflow_1gb/17106.txt  (1137 bytes, EXPLAIN stripped)
  [4646/11794] 17108.sql -> outputs/stackoverflow_1gb/17108.txt  (1132 bytes, EXPLAIN stripped)
  [4647/11794] 17109.sql -> outputs/stackoverflow_1gb/17109.txt  (66 bytes, EXPLAIN stripped)
  [4648/11794] 17113.sql -> outputs/stackoverflow_1gb/17113.txt  (1238 bytes, EXPLAIN stripped)
  [4649/11794] 17116.sql -> outputs/stackoverflow_1gb/17116.txt  (2048 bytes, EXPLAIN stripped)
  [4650/11794] 17118.sql -> outputs/stackoverflow_1gb/17118.txt  (1132 bytes, EXPLAIN stripped)
  [4651/11794] 17119.sql -> outputs/stackoverflow_1gb/17119.txt  (1237 bytes, EXPLAIN stripped)
  [4652/11794] 17120.sql -> outputs/stackoverflow_1gb/17120.txt  (51865 bytes, EXPLAIN stripped)
  [4653/11794] 17121.sql -> outputs/stackoverflow_1gb/17121.txt  (1152 bytes, EXPLAIN stripped)
  [4654/11794] 17125.sql -> outputs/stackoverflow_1gb/17125.txt  (1214 bytes, EXPLAIN stripped)
  [4655/11794] 17126.sql -> outputs/stackoverflow_1gb/17126.txt  (1228 bytes, EXPLAIN stripped)
  [4656/11794] 17127.sql -> outputs/stackoverflow_1gb/17127.txt  (1051 bytes, EXPLAIN stripped)
  [4657/11794] 17129.sql -> outputs/stackoverflow_1gb/17129.txt  (1078 bytes, EXPLAIN stripped)
  [4658/11794] 1713.sql -> outputs/stackoverflow_1gb/1713.txt  (589 bytes, EXPLAIN stripped)
  [4659/11794] 17130.sql -> outputs/stackoverflow_1gb/17130.txt  (1240 bytes, EXPLAIN stripped)
  [4660/11794] 17131.sql -> outputs/stackoverflow_1gb/17131.txt  (1236 bytes, EXPLAIN stripped)
  [4661/11794] 17132.sql -> outputs/stackoverflow_1gb/17132.txt  (11362 bytes, EXPLAIN stripped)
  [4662/11794] 17133.sql -> outputs/stackoverflow_1gb/17133.txt  (1205 bytes, EXPLAIN stripped)
  [4663/11794] 17135.sql -> outputs/stackoverflow_1gb/17135.txt  (1132 bytes, EXPLAIN stripped)
  [4664/11794] 17137.sql -> outputs/stackoverflow_1gb/17137.txt  (1092 bytes, EXPLAIN stripped)
  [4665/11794] 1714.sql -> outputs/stackoverflow_1gb/1714.txt  (629 bytes, EXPLAIN stripped)
  [4666/11794] 17140.sql -> outputs/stackoverflow_1gb/17140.txt  (108611 bytes, EXPLAIN stripped)
  [4667/11794] 17143.sql -> outputs/stackoverflow_1gb/17143.txt  (1208 bytes, EXPLAIN stripped)
  [4668/11794] 17145.sql -> outputs/stackoverflow_1gb/17145.txt  (1180 bytes, EXPLAIN stripped)
  [4669/11794] 17147.sql -> outputs/stackoverflow_1gb/17147.txt  (1170 bytes, EXPLAIN stripped)
  [4670/11794] 17150.sql -> outputs/stackoverflow_1gb/17150.txt  (781 bytes, EXPLAIN stripped)
  [4671/11794] 17151.sql -> outputs/stackoverflow_1gb/17151.txt  (277 bytes, EXPLAIN stripped)
  [4672/11794] 17152.sql -> outputs/stackoverflow_1gb/17152.txt  (1103 bytes, EXPLAIN stripped)
  [4673/11794] 17156.sql -> outputs/stackoverflow_1gb/17156.txt  (1109 bytes, EXPLAIN stripped)
  [4674/11794] 17157.sql -> outputs/stackoverflow_1gb/17157.txt  (1180 bytes, EXPLAIN stripped)
  [4675/11794] 17160.sql -> outputs/stackoverflow_1gb/17160.txt  (377 bytes, EXPLAIN stripped)
  [4676/11794] 17161.sql -> outputs/stackoverflow_1gb/17161.txt  (1214 bytes, EXPLAIN stripped)
  [4677/11794] 17162.sql -> outputs/stackoverflow_1gb/17162.txt  (1151 bytes, EXPLAIN stripped)
  [4678/11794] 17163.sql -> outputs/stackoverflow_1gb/17163.txt  (1090 bytes, EXPLAIN stripped)
  [4679/11794] 17164.sql -> outputs/stackoverflow_1gb/17164.txt  (1199 bytes, EXPLAIN stripped)
  [4680/11794] 17165.sql -> outputs/stackoverflow_1gb/17165.txt  (1170 bytes, EXPLAIN stripped)
  [4681/11794] 17166.sql -> outputs/stackoverflow_1gb/17166.txt  (1247 bytes, EXPLAIN stripped)
  [4682/11794] 17168.sql -> outputs/stackoverflow_1gb/17168.txt  (1126 bytes, EXPLAIN stripped)
  [4683/11794] 17169.sql -> outputs/stackoverflow_1gb/17169.txt  (1269 bytes, EXPLAIN stripped)
  [4684/11794] 1717.sql -> outputs/stackoverflow_1gb/1717.txt  (5840 bytes, EXPLAIN stripped)
  [4685/11794] 17171.sql -> outputs/stackoverflow_1gb/17171.txt  (1204 bytes, EXPLAIN stripped)
  [4686/11794] 17173.sql -> outputs/stackoverflow_1gb/17173.txt  (330 bytes, EXPLAIN stripped)
  [4687/11794] 17174.sql -> outputs/stackoverflow_1gb/17174.txt  (1143 bytes, EXPLAIN stripped)
  [4688/11794] 17175.sql -> outputs/stackoverflow_1gb/17175.txt  (1098 bytes, EXPLAIN stripped)
  [4689/11794] 17177.sql -> outputs/stackoverflow_1gb/17177.txt  (1180 bytes, EXPLAIN stripped)
  [4690/11794] 17178.sql -> outputs/stackoverflow_1gb/17178.txt  (1180 bytes, EXPLAIN stripped)
  [4691/11794] 17179.sql -> outputs/stackoverflow_1gb/17179.txt  (1132 bytes, EXPLAIN stripped)
  [4692/11794] 17180.sql -> outputs/stackoverflow_1gb/17180.txt  (112685 bytes, EXPLAIN stripped)
  [4693/11794] 17181.sql -> outputs/stackoverflow_1gb/17181.txt  (1161 bytes, EXPLAIN stripped)
  [4694/11794] 17183.sql -> outputs/stackoverflow_1gb/17183.txt  (1198 bytes, EXPLAIN stripped)
  [4695/11794] 17184.sql -> outputs/stackoverflow_1gb/17184.txt  (1150 bytes, EXPLAIN stripped)
  [4696/11794] 17185.sql -> outputs/stackoverflow_1gb/17185.txt  (105670 bytes, EXPLAIN stripped)
  [4697/11794] 17186.sql -> outputs/stackoverflow_1gb/17186.txt  (1161 bytes, EXPLAIN stripped)
  [4698/11794] 17188.sql -> outputs/stackoverflow_1gb/17188.txt  (1234 bytes, EXPLAIN stripped)
  [4699/11794] 17189.sql -> outputs/stackoverflow_1gb/17189.txt  (1247 bytes, EXPLAIN stripped)
  [4700/11794] 17190.sql -> outputs/stackoverflow_1gb/17190.txt  (1214 bytes, EXPLAIN stripped)
  [4701/11794] 17191.sql -> outputs/stackoverflow_1gb/17191.txt  (1169 bytes, EXPLAIN stripped)
  [4702/11794] 17192.sql -> outputs/stackoverflow_1gb/17192.txt  (1223 bytes, EXPLAIN stripped)
  [4703/11794] 17195.sql -> outputs/stackoverflow_1gb/17195.txt  (76 bytes, EXPLAIN stripped)
  [4704/11794] 17196.sql -> outputs/stackoverflow_1gb/17196.txt  (18761 bytes, EXPLAIN stripped)
  [4705/11794] 17197.sql -> outputs/stackoverflow_1gb/17197.txt  (1205 bytes, EXPLAIN stripped)
  [4706/11794] 17198.sql -> outputs/stackoverflow_1gb/17198.txt  (1158 bytes, EXPLAIN stripped)
  [4707/11794] 17199.sql -> outputs/stackoverflow_1gb/17199.txt  (76 bytes, EXPLAIN stripped)
  [4708/11794] 17200.sql -> outputs/stackoverflow_1gb/17200.txt  (1021 bytes, EXPLAIN stripped)
  [4709/11794] 17201.sql -> outputs/stackoverflow_1gb/17201.txt  (1161 bytes, EXPLAIN stripped)
  [4710/11794] 17202.sql -> outputs/stackoverflow_1gb/17202.txt  (1137 bytes, EXPLAIN stripped)
  [4711/11794] 17203.sql -> outputs/stackoverflow_1gb/17203.txt  (1087 bytes, EXPLAIN stripped)
  [4712/11794] 17205.sql -> outputs/stackoverflow_1gb/17205.txt  (1096 bytes, EXPLAIN stripped)
  [4713/11794] 17206.sql -> outputs/stackoverflow_1gb/17206.txt  (1065 bytes, EXPLAIN stripped)
  [4714/11794] 17207.sql -> outputs/stackoverflow_1gb/17207.txt  (1110 bytes, EXPLAIN stripped)
  [4715/11794] 17208.sql -> outputs/stackoverflow_1gb/17208.txt  (1170 bytes, EXPLAIN stripped)
  [4716/11794] 17209.sql -> outputs/stackoverflow_1gb/17209.txt  (1236 bytes, EXPLAIN stripped)
  [4717/11794] 17213.sql -> outputs/stackoverflow_1gb/17213.txt  (1129 bytes, EXPLAIN stripped)
  [4718/11794] 17216.sql -> outputs/stackoverflow_1gb/17216.txt  (1237 bytes, EXPLAIN stripped)
  [4719/11794] 17217.sql -> outputs/stackoverflow_1gb/17217.txt  (1093 bytes, EXPLAIN stripped)
  [4720/11794] 17219.sql -> outputs/stackoverflow_1gb/17219.txt  (1132 bytes, EXPLAIN stripped)
  [4721/11794] 17222.sql -> outputs/stackoverflow_1gb/17222.txt  (1214 bytes, EXPLAIN stripped)
  [4722/11794] 17223.sql -> outputs/stackoverflow_1gb/17223.txt  (1094 bytes, EXPLAIN stripped)
  [4723/11794] 17224.sql -> outputs/stackoverflow_1gb/17224.txt  (1132 bytes, EXPLAIN stripped)
  [4724/11794] 17225.sql -> outputs/stackoverflow_1gb/17225.txt  (1153 bytes, EXPLAIN stripped)
  [4725/11794] 17226.sql -> outputs/stackoverflow_1gb/17226.txt  (1132 bytes, EXPLAIN stripped)
  [4726/11794] 17227.sql -> outputs/stackoverflow_1gb/17227.txt  (1118 bytes, EXPLAIN stripped)
  [4727/11794] 1723.sql -> outputs/stackoverflow_1gb/1723.txt  (13531 bytes, EXPLAIN stripped)
  [4728/11794] 17230.sql -> outputs/stackoverflow_1gb/17230.txt  (1180 bytes, EXPLAIN stripped)
  [4729/11794] 17231.sql -> outputs/stackoverflow_1gb/17231.txt  (1095 bytes, EXPLAIN stripped)
  [4730/11794] 17233.sql -> outputs/stackoverflow_1gb/17233.txt  (1188 bytes, EXPLAIN stripped)
  [4731/11794] 17234.sql -> outputs/stackoverflow_1gb/17234.txt  (1247 bytes, EXPLAIN stripped)
  [4732/11794] 17235.sql -> outputs/stackoverflow_1gb/17235.txt  (1203 bytes, EXPLAIN stripped)
  [4733/11794] 17236.sql -> outputs/stackoverflow_1gb/17236.txt  (1170 bytes, EXPLAIN stripped)
  [4734/11794] FAILED 1724.sql (see outputs/stackoverflow_1gb/1724.txt)
  [4735/11794] 17241.sql -> outputs/stackoverflow_1gb/17241.txt  (1161 bytes, EXPLAIN stripped)
  [4736/11794] 17243.sql -> outputs/stackoverflow_1gb/17243.txt  (1126 bytes, EXPLAIN stripped)
  [4737/11794] 17245.sql -> outputs/stackoverflow_1gb/17245.txt  (1170 bytes, EXPLAIN stripped)
  [4738/11794] 17246.sql -> outputs/stackoverflow_1gb/17246.txt  (1237 bytes, EXPLAIN stripped)
  [4739/11794] 17247.sql -> outputs/stackoverflow_1gb/17247.txt  (1126 bytes, EXPLAIN stripped)
  [4740/11794] 17249.sql -> outputs/stackoverflow_1gb/17249.txt  (1100 bytes, EXPLAIN stripped)
  [4741/11794] 17250.sql -> outputs/stackoverflow_1gb/17250.txt  (1214 bytes, EXPLAIN stripped)
  [4742/11794] 17251.sql -> outputs/stackoverflow_1gb/17251.txt  (7924 bytes, EXPLAIN stripped)
  [4743/11794] 17252.sql -> outputs/stackoverflow_1gb/17252.txt  (1232 bytes, EXPLAIN stripped)
  [4744/11794] 17253.sql -> outputs/stackoverflow_1gb/17253.txt  (1042 bytes, EXPLAIN stripped)
  [4745/11794] 17257.sql -> outputs/stackoverflow_1gb/17257.txt  (37537 bytes, EXPLAIN stripped)
  [4746/11794] 17258.sql -> outputs/stackoverflow_1gb/17258.txt  (1207 bytes, EXPLAIN stripped)
  [4747/11794] 17259.sql -> outputs/stackoverflow_1gb/17259.txt  (1214 bytes, EXPLAIN stripped)
  [4748/11794] 17260.sql -> outputs/stackoverflow_1gb/17260.txt  (1103 bytes, EXPLAIN stripped)
  [4749/11794] 17261.sql -> outputs/stackoverflow_1gb/17261.txt  (1046 bytes, EXPLAIN stripped)
  [4750/11794] 17262.sql -> outputs/stackoverflow_1gb/17262.txt  (1180 bytes, EXPLAIN stripped)
  [4751/11794] 17263.sql -> outputs/stackoverflow_1gb/17263.txt  (1210 bytes, EXPLAIN stripped)
  [4752/11794] 17264.sql -> outputs/stackoverflow_1gb/17264.txt  (1161 bytes, EXPLAIN stripped)
  [4753/11794] 17265.sql -> outputs/stackoverflow_1gb/17265.txt  (1127 bytes, EXPLAIN stripped)
  [4754/11794] 17266.sql -> outputs/stackoverflow_1gb/17266.txt  (1065 bytes, EXPLAIN stripped)
  [4755/11794] 17267.sql -> outputs/stackoverflow_1gb/17267.txt  (1246 bytes, EXPLAIN stripped)
  [4756/11794] 17269.sql -> outputs/stackoverflow_1gb/17269.txt  (1170 bytes, EXPLAIN stripped)
  [4757/11794] 1727.sql -> outputs/stackoverflow_1gb/1727.txt  (4494 bytes, EXPLAIN stripped)
  [4758/11794] 17271.sql -> outputs/stackoverflow_1gb/17271.txt  (1709 bytes, EXPLAIN stripped)
  [4759/11794] 17273.sql -> outputs/stackoverflow_1gb/17273.txt  (7924 bytes, EXPLAIN stripped)
  [4760/11794] 17274.sql -> outputs/stackoverflow_1gb/17274.txt  (1094 bytes, EXPLAIN stripped)
  [4761/11794] 17275.sql -> outputs/stackoverflow_1gb/17275.txt  (1198 bytes, EXPLAIN stripped)
  [4762/11794] 17276.sql -> outputs/stackoverflow_1gb/17276.txt  (684 bytes, EXPLAIN stripped)
  [4763/11794] 17279.sql -> outputs/stackoverflow_1gb/17279.txt  (985 bytes, EXPLAIN stripped)
  [4764/11794] 17281.sql -> outputs/stackoverflow_1gb/17281.txt  (1137 bytes, EXPLAIN stripped)
  [4765/11794] 17282.sql -> outputs/stackoverflow_1gb/17282.txt  (1029 bytes, EXPLAIN stripped)
  [4766/11794] 17286.sql -> outputs/stackoverflow_1gb/17286.txt  (1247 bytes, EXPLAIN stripped)
  [4767/11794] 17288.sql -> outputs/stackoverflow_1gb/17288.txt  (108602 bytes, EXPLAIN stripped)
  [4768/11794] 17289.sql -> outputs/stackoverflow_1gb/17289.txt  (1239 bytes, EXPLAIN stripped)
  [4769/11794] 17292.sql -> outputs/stackoverflow_1gb/17292.txt  (1137 bytes, EXPLAIN stripped)
  [4770/11794] 17293.sql -> outputs/stackoverflow_1gb/17293.txt  (1093 bytes, EXPLAIN stripped)
  [4771/11794] 17294.sql -> outputs/stackoverflow_1gb/17294.txt  (1237 bytes, EXPLAIN stripped)
  [4772/11794] 17295.sql -> outputs/stackoverflow_1gb/17295.txt  (1161 bytes, EXPLAIN stripped)
  [4773/11794] 17296.sql -> outputs/stackoverflow_1gb/17296.txt  (395 bytes, EXPLAIN stripped)
  [4774/11794] 17297.sql -> outputs/stackoverflow_1gb/17297.txt  (1180 bytes, EXPLAIN stripped)
  [4775/11794] 17298.sql -> outputs/stackoverflow_1gb/17298.txt  (1247 bytes, EXPLAIN stripped)
  [4776/11794] 17299.sql -> outputs/stackoverflow_1gb/17299.txt  (2071 bytes, EXPLAIN stripped)
  [4777/11794] 17300.sql -> outputs/stackoverflow_1gb/17300.txt  (1214 bytes, EXPLAIN stripped)
  [4778/11794] 17301.sql -> outputs/stackoverflow_1gb/17301.txt  (1093 bytes, EXPLAIN stripped)
  [4779/11794] 17304.sql -> outputs/stackoverflow_1gb/17304.txt  (936 bytes, EXPLAIN stripped)
  [4780/11794] 17305.sql -> outputs/stackoverflow_1gb/17305.txt  (982 bytes, EXPLAIN stripped)
  [4781/11794] 17306.sql -> outputs/stackoverflow_1gb/17306.txt  (1142 bytes, EXPLAIN stripped)
  [4782/11794] 17308.sql -> outputs/stackoverflow_1gb/17308.txt  (1150 bytes, EXPLAIN stripped)
  [4783/11794] 17310.sql -> outputs/stackoverflow_1gb/17310.txt  (1151 bytes, EXPLAIN stripped)
  [4784/11794] 17311.sql -> outputs/stackoverflow_1gb/17311.txt  (1103 bytes, EXPLAIN stripped)
  [4785/11794] 17314.sql -> outputs/stackoverflow_1gb/17314.txt  (1203 bytes, EXPLAIN stripped)
  [4786/11794] 17315.sql -> outputs/stackoverflow_1gb/17315.txt  (1210 bytes, EXPLAIN stripped)
  [4787/11794] 17316.sql -> outputs/stackoverflow_1gb/17316.txt  (826 bytes, EXPLAIN stripped)
  [4788/11794] 17317.sql -> outputs/stackoverflow_1gb/17317.txt  (1131 bytes, EXPLAIN stripped)
  [4789/11794] 17318.sql -> outputs/stackoverflow_1gb/17318.txt  (936 bytes, EXPLAIN stripped)
  [4790/11794] 1732.sql -> outputs/stackoverflow_1gb/1732.txt  (54059 bytes, EXPLAIN stripped)
  [4791/11794] 17320.sql -> outputs/stackoverflow_1gb/17320.txt  (1141 bytes, EXPLAIN stripped)
  [4792/11794] 17321.sql -> outputs/stackoverflow_1gb/17321.txt  (1128 bytes, EXPLAIN stripped)
  [4793/11794] 17327.sql -> outputs/stackoverflow_1gb/17327.txt  (115508 bytes, EXPLAIN stripped)
  [4794/11794] 17328.sql -> outputs/stackoverflow_1gb/17328.txt  (1129 bytes, EXPLAIN stripped)
  [4795/11794] 17329.sql -> outputs/stackoverflow_1gb/17329.txt  (1093 bytes, EXPLAIN stripped)
  [4796/11794] 17330.sql -> outputs/stackoverflow_1gb/17330.txt  (1126 bytes, EXPLAIN stripped)
  [4797/11794] 17331.sql -> outputs/stackoverflow_1gb/17331.txt  (7917 bytes, EXPLAIN stripped)
  [4798/11794] 17332.sql -> outputs/stackoverflow_1gb/17332.txt  (1261 bytes, EXPLAIN stripped)
  [4799/11794] 17333.sql -> outputs/stackoverflow_1gb/17333.txt  (1247 bytes, EXPLAIN stripped)
  [4800/11794] 17335.sql -> outputs/stackoverflow_1gb/17335.txt  (1171 bytes, EXPLAIN stripped)
  [4801/11794] 17337.sql -> outputs/stackoverflow_1gb/17337.txt  (1214 bytes, EXPLAIN stripped)
  [4802/11794] 17339.sql -> outputs/stackoverflow_1gb/17339.txt  (1149 bytes, EXPLAIN stripped)
  [4803/11794] 17341.sql -> outputs/stackoverflow_1gb/17341.txt  (1238 bytes, EXPLAIN stripped)
  [4804/11794] 17343.sql -> outputs/stackoverflow_1gb/17343.txt  (1133 bytes, EXPLAIN stripped)
  [4805/11794] 17346.sql -> outputs/stackoverflow_1gb/17346.txt  (1088 bytes, EXPLAIN stripped)
  [4806/11794] 17347.sql -> outputs/stackoverflow_1gb/17347.txt  (1236 bytes, EXPLAIN stripped)
  [4807/11794] 17348.sql -> outputs/stackoverflow_1gb/17348.txt  (1151 bytes, EXPLAIN stripped)
  [4808/11794] 17349.sql -> outputs/stackoverflow_1gb/17349.txt  (1103 bytes, EXPLAIN stripped)
  [4809/11794] 17350.sql -> outputs/stackoverflow_1gb/17350.txt  (721 bytes, EXPLAIN stripped)
  [4810/11794] 17351.sql -> outputs/stackoverflow_1gb/17351.txt  (1418 bytes, EXPLAIN stripped)
  [4811/11794] 17352.sql -> outputs/stackoverflow_1gb/17352.txt  (1110 bytes, EXPLAIN stripped)
  [4812/11794] 17353.sql -> outputs/stackoverflow_1gb/17353.txt  (1295 bytes, EXPLAIN stripped)
  [4813/11794] 17354.sql -> outputs/stackoverflow_1gb/17354.txt  (18397 bytes, EXPLAIN stripped)
  [4814/11794] 17355.sql -> outputs/stackoverflow_1gb/17355.txt  (1161 bytes, EXPLAIN stripped)
  [4815/11794] 17356.sql -> outputs/stackoverflow_1gb/17356.txt  (1186 bytes, EXPLAIN stripped)
  [4816/11794] 17357.sql -> outputs/stackoverflow_1gb/17357.txt  (214 bytes, EXPLAIN stripped)
  [4817/11794] 17358.sql -> outputs/stackoverflow_1gb/17358.txt  (1166 bytes, EXPLAIN stripped)
  [4818/11794] 17359.sql -> outputs/stackoverflow_1gb/17359.txt  (1214 bytes, EXPLAIN stripped)
  [4819/11794] 17360.sql -> outputs/stackoverflow_1gb/17360.txt  (1240 bytes, EXPLAIN stripped)
  [4820/11794] 17361.sql -> outputs/stackoverflow_1gb/17361.txt  (1236 bytes, EXPLAIN stripped)
  [4821/11794] 17362.sql -> outputs/stackoverflow_1gb/17362.txt  (1239 bytes, EXPLAIN stripped)
  [4822/11794] 17363.sql -> outputs/stackoverflow_1gb/17363.txt  (1074 bytes, EXPLAIN stripped)
  [4823/11794] 17365.sql -> outputs/stackoverflow_1gb/17365.txt  (1121 bytes, EXPLAIN stripped)
  [4824/11794] 17367.sql -> outputs/stackoverflow_1gb/17367.txt  (1065 bytes, EXPLAIN stripped)
  [4825/11794] 17369.sql -> outputs/stackoverflow_1gb/17369.txt  (1153 bytes, EXPLAIN stripped)
  [4826/11794] 1737.sql -> outputs/stackoverflow_1gb/1737.txt  (697 bytes, EXPLAIN stripped)
  [4827/11794] 17371.sql -> outputs/stackoverflow_1gb/17371.txt  (1135 bytes, EXPLAIN stripped)
  [4828/11794] 17373.sql -> outputs/stackoverflow_1gb/17373.txt  (1240 bytes, EXPLAIN stripped)
  [4829/11794] 17375.sql -> outputs/stackoverflow_1gb/17375.txt  (1132 bytes, EXPLAIN stripped)
  [4830/11794] 17376.sql -> outputs/stackoverflow_1gb/17376.txt  (1166 bytes, EXPLAIN stripped)
  [4831/11794] 17377.sql -> outputs/stackoverflow_1gb/17377.txt  (1105 bytes, EXPLAIN stripped)
  [4832/11794] 17378.sql -> outputs/stackoverflow_1gb/17378.txt  (1126 bytes, EXPLAIN stripped)
  [4833/11794] 17379.sql -> outputs/stackoverflow_1gb/17379.txt  (1054 bytes, EXPLAIN stripped)
  [4834/11794] 1738.sql -> outputs/stackoverflow_1gb/1738.txt  (719 bytes, EXPLAIN stripped)
  [4835/11794] 17380.sql -> outputs/stackoverflow_1gb/17380.txt  (1238 bytes, EXPLAIN stripped)
  [4836/11794] 17382.sql -> outputs/stackoverflow_1gb/17382.txt  (105670 bytes, EXPLAIN stripped)
  [4837/11794] 17383.sql -> outputs/stackoverflow_1gb/17383.txt  (1237 bytes, EXPLAIN stripped)
  [4838/11794] 17384.sql -> outputs/stackoverflow_1gb/17384.txt  (1098 bytes, EXPLAIN stripped)
  [4839/11794] 17386.sql -> outputs/stackoverflow_1gb/17386.txt  (1208 bytes, EXPLAIN stripped)
  [4840/11794] 17387.sql -> outputs/stackoverflow_1gb/17387.txt  (1021 bytes, EXPLAIN stripped)
  [4841/11794] 17388.sql -> outputs/stackoverflow_1gb/17388.txt  (1247 bytes, EXPLAIN stripped)
  [4842/11794] 17389.sql -> outputs/stackoverflow_1gb/17389.txt  (1236 bytes, EXPLAIN stripped)
  [4843/11794] 17390.sql -> outputs/stackoverflow_1gb/17390.txt  (1098 bytes, EXPLAIN stripped)
  [4844/11794] 17391.sql -> outputs/stackoverflow_1gb/17391.txt  (1169 bytes, EXPLAIN stripped)
  [4845/11794] 17392.sql -> outputs/stackoverflow_1gb/17392.txt  (1203 bytes, EXPLAIN stripped)
  [4846/11794] 17394.sql -> outputs/stackoverflow_1gb/17394.txt  (1131 bytes, EXPLAIN stripped)
  [4847/11794] 17395.sql -> outputs/stackoverflow_1gb/17395.txt  (1126 bytes, EXPLAIN stripped)
  [4848/11794] 17397.sql -> outputs/stackoverflow_1gb/17397.txt  (974 bytes, EXPLAIN stripped)
  [4849/11794] 17398.sql -> outputs/stackoverflow_1gb/17398.txt  (1127 bytes, EXPLAIN stripped)
  [4850/11794] 17399.sql -> outputs/stackoverflow_1gb/17399.txt  (1235 bytes, EXPLAIN stripped)
  [4851/11794] 17400.sql -> outputs/stackoverflow_1gb/17400.txt  (1093 bytes, EXPLAIN stripped)
  [4852/11794] 17402.sql -> outputs/stackoverflow_1gb/17402.txt  (1214 bytes, EXPLAIN stripped)
  [4853/11794] 17404.sql -> outputs/stackoverflow_1gb/17404.txt  (1238 bytes, EXPLAIN stripped)
  [4854/11794] 17405.sql -> outputs/stackoverflow_1gb/17405.txt  (94727 bytes, EXPLAIN stripped)
  [4855/11794] 17408.sql -> outputs/stackoverflow_1gb/17408.txt  (1170 bytes, EXPLAIN stripped)
  [4856/11794] 17409.sql -> outputs/stackoverflow_1gb/17409.txt  (1214 bytes, EXPLAIN stripped)
  [4857/11794] 17410.sql -> outputs/stackoverflow_1gb/17410.txt  (1218 bytes, EXPLAIN stripped)
  [4858/11794] 17411.sql -> outputs/stackoverflow_1gb/17411.txt  (1093 bytes, EXPLAIN stripped)
  [4859/11794] 17412.sql -> outputs/stackoverflow_1gb/17412.txt  (1161 bytes, EXPLAIN stripped)
  [4860/11794] 17414.sql -> outputs/stackoverflow_1gb/17414.txt  (1246 bytes, EXPLAIN stripped)
  [4861/11794] 17416.sql -> outputs/stackoverflow_1gb/17416.txt  (1093 bytes, EXPLAIN stripped)
  [4862/11794] 17417.sql -> outputs/stackoverflow_1gb/17417.txt  (1156 bytes, EXPLAIN stripped)
  [4863/11794] 17419.sql -> outputs/stackoverflow_1gb/17419.txt  (1137 bytes, EXPLAIN stripped)
  [4864/11794] 17420.sql -> outputs/stackoverflow_1gb/17420.txt  (1130 bytes, EXPLAIN stripped)
  [4865/11794] 17422.sql -> outputs/stackoverflow_1gb/17422.txt  (1085 bytes, EXPLAIN stripped)
  [4866/11794] 17425.sql -> outputs/stackoverflow_1gb/17425.txt  (1095 bytes, EXPLAIN stripped)
  [4867/11794] 17428.sql -> outputs/stackoverflow_1gb/17428.txt  (1121 bytes, EXPLAIN stripped)
  [4868/11794] 17429.sql -> outputs/stackoverflow_1gb/17429.txt  (1203 bytes, EXPLAIN stripped)
  [4869/11794] 1743.sql -> outputs/stackoverflow_1gb/1743.txt  (98362 bytes, EXPLAIN stripped)
  [4870/11794] 17432.sql -> outputs/stackoverflow_1gb/17432.txt  (1208 bytes, EXPLAIN stripped)
  [4871/11794] 17434.sql -> outputs/stackoverflow_1gb/17434.txt  (73658 bytes, EXPLAIN stripped)
  [4872/11794] 17435.sql -> outputs/stackoverflow_1gb/17435.txt  (1021 bytes, EXPLAIN stripped)
  [4873/11794] 17436.sql -> outputs/stackoverflow_1gb/17436.txt  (1279 bytes, EXPLAIN stripped)
  [4874/11794] 17439.sql -> outputs/stackoverflow_1gb/17439.txt  (1165 bytes, EXPLAIN stripped)
  [4875/11794] 17441.sql -> outputs/stackoverflow_1gb/17441.txt  (1170 bytes, EXPLAIN stripped)
  [4876/11794] 17442.sql -> outputs/stackoverflow_1gb/17442.txt  (40920 bytes, EXPLAIN stripped)
  [4877/11794] 17443.sql -> outputs/stackoverflow_1gb/17443.txt  (1137 bytes, EXPLAIN stripped)
  [4878/11794] 17444.sql -> outputs/stackoverflow_1gb/17444.txt  (1036 bytes, EXPLAIN stripped)
  [4879/11794] 17445.sql -> outputs/stackoverflow_1gb/17445.txt  (1080 bytes, EXPLAIN stripped)
  [4880/11794] 17446.sql -> outputs/stackoverflow_1gb/17446.txt  (1093 bytes, EXPLAIN stripped)
  [4881/11794] 17449.sql -> outputs/stackoverflow_1gb/17449.txt  (1247 bytes, EXPLAIN stripped)
  [4882/11794] 1745.sql -> outputs/stackoverflow_1gb/1745.txt  (645 bytes, EXPLAIN stripped)
  [4883/11794] 17451.sql -> outputs/stackoverflow_1gb/17451.txt  (1130 bytes, EXPLAIN stripped)
  [4884/11794] 17455.sql -> outputs/stackoverflow_1gb/17455.txt  (1208 bytes, EXPLAIN stripped)
  [4885/11794] 17457.sql -> outputs/stackoverflow_1gb/17457.txt  (1247 bytes, EXPLAIN stripped)
  [4886/11794] 17458.sql -> outputs/stackoverflow_1gb/17458.txt  (76705 bytes, EXPLAIN stripped)
  [4887/11794] 17460.sql -> outputs/stackoverflow_1gb/17460.txt  (1166 bytes, EXPLAIN stripped)
  [4888/11794] 17462.sql -> outputs/stackoverflow_1gb/17462.txt  (18353 bytes, EXPLAIN stripped)
  [4889/11794] 17463.sql -> outputs/stackoverflow_1gb/17463.txt  (980 bytes, EXPLAIN stripped)
  [4890/11794] 17465.sql -> outputs/stackoverflow_1gb/17465.txt  (279 bytes, EXPLAIN stripped)
  [4891/11794] 17466.sql -> outputs/stackoverflow_1gb/17466.txt  (1026 bytes, EXPLAIN stripped)
  [4892/11794] 17467.sql -> outputs/stackoverflow_1gb/17467.txt  (1133 bytes, EXPLAIN stripped)
  [4893/11794] 17468.sql -> outputs/stackoverflow_1gb/17468.txt  (1173 bytes, EXPLAIN stripped)
  [4894/11794] 17469.sql -> outputs/stackoverflow_1gb/17469.txt  (1076 bytes, EXPLAIN stripped)
  [4895/11794] 17471.sql -> outputs/stackoverflow_1gb/17471.txt  (1214 bytes, EXPLAIN stripped)
  [4896/11794] 17472.sql -> outputs/stackoverflow_1gb/17472.txt  (1059 bytes, EXPLAIN stripped)
  [4897/11794] 17474.sql -> outputs/stackoverflow_1gb/17474.txt  (1093 bytes, EXPLAIN stripped)
  [4898/11794] 17475.sql -> outputs/stackoverflow_1gb/17475.txt  (1265 bytes, EXPLAIN stripped)
  [4899/11794] 17476.sql -> outputs/stackoverflow_1gb/17476.txt  (1138 bytes, EXPLAIN stripped)
  [4900/11794] 17477.sql -> outputs/stackoverflow_1gb/17477.txt  (1093 bytes, EXPLAIN stripped)
  [4901/11794] 17479.sql -> outputs/stackoverflow_1gb/17479.txt  (1163 bytes, EXPLAIN stripped)
  [4902/11794] 1748.sql -> outputs/stackoverflow_1gb/1748.txt  (124 bytes, EXPLAIN stripped)
  [4903/11794] 17480.sql -> outputs/stackoverflow_1gb/17480.txt  (1079 bytes, EXPLAIN stripped)
  [4904/11794] 17481.sql -> outputs/stackoverflow_1gb/17481.txt  (1169 bytes, EXPLAIN stripped)
  [4905/11794] 17482.sql -> outputs/stackoverflow_1gb/17482.txt  (1214 bytes, EXPLAIN stripped)
  [4906/11794] 17485.sql -> outputs/stackoverflow_1gb/17485.txt  (101604 bytes, EXPLAIN stripped)
  [4907/11794] 17487.sql -> outputs/stackoverflow_1gb/17487.txt  (1132 bytes, EXPLAIN stripped)
  [4908/11794] 17488.sql -> outputs/stackoverflow_1gb/17488.txt  (3397 bytes, EXPLAIN stripped)
  [4909/11794] 17489.sql -> outputs/stackoverflow_1gb/17489.txt  (969 bytes, EXPLAIN stripped)
  [4910/11794] 17490.sql -> outputs/stackoverflow_1gb/17490.txt  (1279 bytes, EXPLAIN stripped)
  [4911/11794] 17491.sql -> outputs/stackoverflow_1gb/17491.txt  (1313 bytes, EXPLAIN stripped)
  [4912/11794] 17494.sql -> outputs/stackoverflow_1gb/17494.txt  (1247 bytes, EXPLAIN stripped)
  [4913/11794] 17495.sql -> outputs/stackoverflow_1gb/17495.txt  (1180 bytes, EXPLAIN stripped)
  [4914/11794] 17496.sql -> outputs/stackoverflow_1gb/17496.txt  (1279 bytes, EXPLAIN stripped)
  [4915/11794] 17497.sql -> outputs/stackoverflow_1gb/17497.txt  (101604 bytes, EXPLAIN stripped)
  [4916/11794] 175.sql -> outputs/stackoverflow_1gb/175.txt  (1363 bytes, EXPLAIN stripped)
  [4917/11794] 17501.sql -> outputs/stackoverflow_1gb/17501.txt  (1236 bytes, EXPLAIN stripped)
  [4918/11794] 17502.sql -> outputs/stackoverflow_1gb/17502.txt  (1110 bytes, EXPLAIN stripped)
  [4919/11794] 17504.sql -> outputs/stackoverflow_1gb/17504.txt  (1214 bytes, EXPLAIN stripped)
  [4920/11794] 17505.sql -> outputs/stackoverflow_1gb/17505.txt  (108600 bytes, EXPLAIN stripped)
  [4921/11794] 17506.sql -> outputs/stackoverflow_1gb/17506.txt  (1159 bytes, EXPLAIN stripped)
  [4922/11794] 17507.sql -> outputs/stackoverflow_1gb/17507.txt  (105670 bytes, EXPLAIN stripped)
  [4923/11794] 17509.sql -> outputs/stackoverflow_1gb/17509.txt  (1091 bytes, EXPLAIN stripped)
  [4924/11794] 17510.sql -> outputs/stackoverflow_1gb/17510.txt  (1203 bytes, EXPLAIN stripped)
  [4925/11794] 17511.sql -> outputs/stackoverflow_1gb/17511.txt  (1238 bytes, EXPLAIN stripped)
  [4926/11794] 17512.sql -> outputs/stackoverflow_1gb/17512.txt  (1065 bytes, EXPLAIN stripped)
  [4927/11794] 17513.sql -> outputs/stackoverflow_1gb/17513.txt  (1065 bytes, EXPLAIN stripped)
  [4928/11794] 17515.sql -> outputs/stackoverflow_1gb/17515.txt  (1214 bytes, EXPLAIN stripped)
  [4929/11794] 17516.sql -> outputs/stackoverflow_1gb/17516.txt  (1204 bytes, EXPLAIN stripped)
  [4930/11794] 17517.sql -> outputs/stackoverflow_1gb/17517.txt  (1091 bytes, EXPLAIN stripped)
  [4931/11794] 17518.sql -> outputs/stackoverflow_1gb/17518.txt  (1130 bytes, EXPLAIN stripped)
  [4932/11794] 17520.sql -> outputs/stackoverflow_1gb/17520.txt  (1214 bytes, EXPLAIN stripped)
  [4933/11794] 17522.sql -> outputs/stackoverflow_1gb/17522.txt  (1235 bytes, EXPLAIN stripped)
  [4934/11794] 17524.sql -> outputs/stackoverflow_1gb/17524.txt  (10546 bytes, EXPLAIN stripped)
  [4935/11794] 17526.sql -> outputs/stackoverflow_1gb/17526.txt  (1228 bytes, EXPLAIN stripped)
  [4936/11794] 17527.sql -> outputs/stackoverflow_1gb/17527.txt  (1237 bytes, EXPLAIN stripped)
  [4937/11794] 17528.sql -> outputs/stackoverflow_1gb/17528.txt  (1054 bytes, EXPLAIN stripped)
  [4938/11794] 1753.sql -> outputs/stackoverflow_1gb/1753.txt  (2872 bytes, EXPLAIN stripped)
  [4939/11794] 17530.sql -> outputs/stackoverflow_1gb/17530.txt  (1162 bytes, EXPLAIN stripped)
  [4940/11794] 17532.sql -> outputs/stackoverflow_1gb/17532.txt  (1207 bytes, EXPLAIN stripped)
  [4941/11794] 17533.sql -> outputs/stackoverflow_1gb/17533.txt  (1231 bytes, EXPLAIN stripped)
  [4942/11794] 17534.sql -> outputs/stackoverflow_1gb/17534.txt  (76 bytes, EXPLAIN stripped)
  [4943/11794] 17535.sql -> outputs/stackoverflow_1gb/17535.txt  (1212 bytes, EXPLAIN stripped)
  [4944/11794] 17537.sql -> outputs/stackoverflow_1gb/17537.txt  (1131 bytes, EXPLAIN stripped)
  [4945/11794] 17539.sql -> outputs/stackoverflow_1gb/17539.txt  (1096 bytes, EXPLAIN stripped)
  [4946/11794] 17540.sql -> outputs/stackoverflow_1gb/17540.txt  (1162 bytes, EXPLAIN stripped)
  [4947/11794] 17545.sql -> outputs/stackoverflow_1gb/17545.txt  (969 bytes, EXPLAIN stripped)
  [4948/11794] 17546.sql -> outputs/stackoverflow_1gb/17546.txt  (1126 bytes, EXPLAIN stripped)
  [4949/11794] 17547.sql -> outputs/stackoverflow_1gb/17547.txt  (1154 bytes, EXPLAIN stripped)
  [4950/11794] 17548.sql -> outputs/stackoverflow_1gb/17548.txt  (1239 bytes, EXPLAIN stripped)
  [4951/11794] 17550.sql -> outputs/stackoverflow_1gb/17550.txt  (1175 bytes, EXPLAIN stripped)
  [4952/11794] 17551.sql -> outputs/stackoverflow_1gb/17551.txt  (1093 bytes, EXPLAIN stripped)
  [4953/11794] 17552.sql -> outputs/stackoverflow_1gb/17552.txt  (994 bytes, EXPLAIN stripped)
  [4954/11794] 17553.sql -> outputs/stackoverflow_1gb/17553.txt  (1204 bytes, EXPLAIN stripped)
  [4955/11794] 17556.sql -> outputs/stackoverflow_1gb/17556.txt  (1166 bytes, EXPLAIN stripped)
  [4956/11794] 17557.sql -> outputs/stackoverflow_1gb/17557.txt  (1208 bytes, EXPLAIN stripped)
  [4957/11794] 17558.sql -> outputs/stackoverflow_1gb/17558.txt  (1171 bytes, EXPLAIN stripped)
  [4958/11794] 17559.sql -> outputs/stackoverflow_1gb/17559.txt  (1228 bytes, EXPLAIN stripped)
  [4959/11794] 17560.sql -> outputs/stackoverflow_1gb/17560.txt  (1153 bytes, EXPLAIN stripped)
  [4960/11794] 17561.sql -> outputs/stackoverflow_1gb/17561.txt  (1161 bytes, EXPLAIN stripped)
  [4961/11794] 17562.sql -> outputs/stackoverflow_1gb/17562.txt  (1110 bytes, EXPLAIN stripped)
  [4962/11794] 17563.sql -> outputs/stackoverflow_1gb/17563.txt  (1133 bytes, EXPLAIN stripped)
  [4963/11794] 17566.sql -> outputs/stackoverflow_1gb/17566.txt  (1142 bytes, EXPLAIN stripped)
  [4964/11794] 17567.sql -> outputs/stackoverflow_1gb/17567.txt  (1210 bytes, EXPLAIN stripped)
  [4965/11794] 17569.sql -> outputs/stackoverflow_1gb/17569.txt  (1279 bytes, EXPLAIN stripped)
  [4966/11794] 17574.sql -> outputs/stackoverflow_1gb/17574.txt  (1076 bytes, EXPLAIN stripped)
  [4967/11794] 17575.sql -> outputs/stackoverflow_1gb/17575.txt  (1247 bytes, EXPLAIN stripped)
  [4968/11794] 17576.sql -> outputs/stackoverflow_1gb/17576.txt  (1093 bytes, EXPLAIN stripped)
  [4969/11794] 17577.sql -> outputs/stackoverflow_1gb/17577.txt  (1165 bytes, EXPLAIN stripped)
  [4970/11794] 17578.sql -> outputs/stackoverflow_1gb/17578.txt  (1132 bytes, EXPLAIN stripped)
  [4971/11794] 17579.sql -> outputs/stackoverflow_1gb/17579.txt  (1098 bytes, EXPLAIN stripped)
  [4972/11794] 17581.sql -> outputs/stackoverflow_1gb/17581.txt  (1247 bytes, EXPLAIN stripped)
  [4973/11794] 17583.sql -> outputs/stackoverflow_1gb/17583.txt  (1161 bytes, EXPLAIN stripped)
  [4974/11794] 17584.sql -> outputs/stackoverflow_1gb/17584.txt  (105670 bytes, EXPLAIN stripped)
  [4975/11794] 17588.sql -> outputs/stackoverflow_1gb/17588.txt  (1180 bytes, EXPLAIN stripped)
  [4976/11794] 17589.sql -> outputs/stackoverflow_1gb/17589.txt  (1045 bytes, EXPLAIN stripped)
  [4977/11794] 17590.sql -> outputs/stackoverflow_1gb/17590.txt  (1170 bytes, EXPLAIN stripped)
  [4978/11794] 17593.sql -> outputs/stackoverflow_1gb/17593.txt  (1126 bytes, EXPLAIN stripped)
  [4979/11794] 17594.sql -> outputs/stackoverflow_1gb/17594.txt  (1132 bytes, EXPLAIN stripped)
  [4980/11794] 17596.sql -> outputs/stackoverflow_1gb/17596.txt  (1138 bytes, EXPLAIN stripped)
  [4981/11794] 17597.sql -> outputs/stackoverflow_1gb/17597.txt  (1173 bytes, EXPLAIN stripped)
  [4982/11794] 17598.sql -> outputs/stackoverflow_1gb/17598.txt  (1240 bytes, EXPLAIN stripped)
  [4983/11794] 17599.sql -> outputs/stackoverflow_1gb/17599.txt  (529 bytes, EXPLAIN stripped)
  [4984/11794] 176.sql -> outputs/stackoverflow_1gb/176.txt  (6574 bytes, EXPLAIN stripped)
  [4985/11794] 17600.sql -> outputs/stackoverflow_1gb/17600.txt  (1197 bytes, EXPLAIN stripped)
  [4986/11794] 17601.sql -> outputs/stackoverflow_1gb/17601.txt  (1137 bytes, EXPLAIN stripped)
  [4987/11794] 17602.sql -> outputs/stackoverflow_1gb/17602.txt  (1188 bytes, EXPLAIN stripped)
  [4988/11794] 17604.sql -> outputs/stackoverflow_1gb/17604.txt  (1271 bytes, EXPLAIN stripped)
  [4989/11794] 17605.sql -> outputs/stackoverflow_1gb/17605.txt  (1093 bytes, EXPLAIN stripped)
  [4990/11794] 17607.sql -> outputs/stackoverflow_1gb/17607.txt  (1096 bytes, EXPLAIN stripped)
  [4991/11794] 17608.sql -> outputs/stackoverflow_1gb/17608.txt  (115820 bytes, EXPLAIN stripped)
  [4992/11794] 17610.sql -> outputs/stackoverflow_1gb/17610.txt  (1204 bytes, EXPLAIN stripped)
  [4993/11794] 17611.sql -> outputs/stackoverflow_1gb/17611.txt  (1228 bytes, EXPLAIN stripped)
  [4994/11794] 17612.sql -> outputs/stackoverflow_1gb/17612.txt  (1238 bytes, EXPLAIN stripped)
  [4995/11794] 17613.sql -> outputs/stackoverflow_1gb/17613.txt  (1206 bytes, EXPLAIN stripped)
  [4996/11794] 17614.sql -> outputs/stackoverflow_1gb/17614.txt  (1246 bytes, EXPLAIN stripped)
  [4997/11794] 17616.sql -> outputs/stackoverflow_1gb/17616.txt  (72816 bytes, EXPLAIN stripped)
  [4998/11794] 17617.sql -> outputs/stackoverflow_1gb/17617.txt  (1021 bytes, EXPLAIN stripped)
  [4999/11794] 17618.sql -> outputs/stackoverflow_1gb/17618.txt  (1170 bytes, EXPLAIN stripped)
  [5000/11794] 17619.sql -> outputs/stackoverflow_1gb/17619.txt  (1150 bytes, EXPLAIN stripped)
  [5001/11794] 17623.sql -> outputs/stackoverflow_1gb/17623.txt  (1238 bytes, EXPLAIN stripped)
  [5002/11794] 17624.sql -> outputs/stackoverflow_1gb/17624.txt  (8507 bytes, EXPLAIN stripped)
  [5003/11794] 17626.sql -> outputs/stackoverflow_1gb/17626.txt  (1247 bytes, EXPLAIN stripped)
  [5004/11794] 17629.sql -> outputs/stackoverflow_1gb/17629.txt  (1236 bytes, EXPLAIN stripped)
  [5005/11794] 17630.sql -> outputs/stackoverflow_1gb/17630.txt  (1132 bytes, EXPLAIN stripped)
  [5006/11794] 17634.sql -> outputs/stackoverflow_1gb/17634.txt  (1168 bytes, EXPLAIN stripped)
  [5007/11794] 17635.sql -> outputs/stackoverflow_1gb/17635.txt  (1092 bytes, EXPLAIN stripped)
  [5008/11794] 17636.sql -> outputs/stackoverflow_1gb/17636.txt  (1176 bytes, EXPLAIN stripped)
  [5009/11794] 17637.sql -> outputs/stackoverflow_1gb/17637.txt  (1247 bytes, EXPLAIN stripped)
  [5010/11794] 17638.sql -> outputs/stackoverflow_1gb/17638.txt  (1214 bytes, EXPLAIN stripped)
  [5011/11794] 17640.sql -> outputs/stackoverflow_1gb/17640.txt  (1678 bytes, EXPLAIN stripped)
  [5012/11794] 17641.sql -> outputs/stackoverflow_1gb/17641.txt  (1170 bytes, EXPLAIN stripped)
  [5013/11794] 17642.sql -> outputs/stackoverflow_1gb/17642.txt  (1269 bytes, EXPLAIN stripped)
  [5014/11794] 17644.sql -> outputs/stackoverflow_1gb/17644.txt  (1177 bytes, EXPLAIN stripped)
  [5015/11794] 17647.sql -> outputs/stackoverflow_1gb/17647.txt  (1059 bytes, EXPLAIN stripped)
  [5016/11794] 17648.sql -> outputs/stackoverflow_1gb/17648.txt  (18325 bytes, EXPLAIN stripped)
  [5017/11794] 1765.sql -> outputs/stackoverflow_1gb/1765.txt  (3882 bytes, EXPLAIN stripped)
  [5018/11794] 17651.sql -> outputs/stackoverflow_1gb/17651.txt  (1238 bytes, EXPLAIN stripped)
  [5019/11794] 17652.sql -> outputs/stackoverflow_1gb/17652.txt  (398 bytes, EXPLAIN stripped)
  [5020/11794] 17654.sql -> outputs/stackoverflow_1gb/17654.txt  (1169 bytes, EXPLAIN stripped)
  [5021/11794] 17655.sql -> outputs/stackoverflow_1gb/17655.txt  (1161 bytes, EXPLAIN stripped)
  [5022/11794] 17658.sql -> outputs/stackoverflow_1gb/17658.txt  (1125 bytes, EXPLAIN stripped)
  [5023/11794] 17659.sql -> outputs/stackoverflow_1gb/17659.txt  (1161 bytes, EXPLAIN stripped)
  [5024/11794] 1766.sql -> outputs/stackoverflow_1gb/1766.txt  (19502 bytes, EXPLAIN stripped)
  [5025/11794] 17660.sql -> outputs/stackoverflow_1gb/17660.txt  (1208 bytes, EXPLAIN stripped)
  [5026/11794] 17662.sql -> outputs/stackoverflow_1gb/17662.txt  (1126 bytes, EXPLAIN stripped)
  [5027/11794] 17663.sql -> outputs/stackoverflow_1gb/17663.txt  (1208 bytes, EXPLAIN stripped)
  [5028/11794] 17664.sql -> outputs/stackoverflow_1gb/17664.txt  (1156 bytes, EXPLAIN stripped)
  [5029/11794] 17665.sql -> outputs/stackoverflow_1gb/17665.txt  (936 bytes, EXPLAIN stripped)
  [5030/11794] 17666.sql -> outputs/stackoverflow_1gb/17666.txt  (1021 bytes, EXPLAIN stripped)
  [5031/11794] 17668.sql -> outputs/stackoverflow_1gb/17668.txt  (1210 bytes, EXPLAIN stripped)
  [5032/11794] 17669.sql -> outputs/stackoverflow_1gb/17669.txt  (1208 bytes, EXPLAIN stripped)
  [5033/11794] 17670.sql -> outputs/stackoverflow_1gb/17670.txt  (1041 bytes, EXPLAIN stripped)
  [5034/11794] 17671.sql -> outputs/stackoverflow_1gb/17671.txt  (1210 bytes, EXPLAIN stripped)
  [5035/11794] 17672.sql -> outputs/stackoverflow_1gb/17672.txt  (1161 bytes, EXPLAIN stripped)
  [5036/11794] 17673.sql -> outputs/stackoverflow_1gb/17673.txt  (1272 bytes, EXPLAIN stripped)
  [5037/11794] 17674.sql -> outputs/stackoverflow_1gb/17674.txt  (1246 bytes, EXPLAIN stripped)
  [5038/11794] 17677.sql -> outputs/stackoverflow_1gb/17677.txt  (1171 bytes, EXPLAIN stripped)
  [5039/11794] 17678.sql -> outputs/stackoverflow_1gb/17678.txt  (1246 bytes, EXPLAIN stripped)
  [5040/11794] 17679.sql -> outputs/stackoverflow_1gb/17679.txt  (1131 bytes, EXPLAIN stripped)
  [5041/11794] 17680.sql -> outputs/stackoverflow_1gb/17680.txt  (1093 bytes, EXPLAIN stripped)
  [5042/11794] 17682.sql -> outputs/stackoverflow_1gb/17682.txt  (1126 bytes, EXPLAIN stripped)
  [5043/11794] 17685.sql -> outputs/stackoverflow_1gb/17685.txt  (1227 bytes, EXPLAIN stripped)
  [5044/11794] 17686.sql -> outputs/stackoverflow_1gb/17686.txt  (1237 bytes, EXPLAIN stripped)
  [5045/11794] 17687.sql -> outputs/stackoverflow_1gb/17687.txt  (1279 bytes, EXPLAIN stripped)
  [5046/11794] 17689.sql -> outputs/stackoverflow_1gb/17689.txt  (1214 bytes, EXPLAIN stripped)
  [5047/11794] 17690.sql -> outputs/stackoverflow_1gb/17690.txt  (1175 bytes, EXPLAIN stripped)
  [5048/11794] 17691.sql -> outputs/stackoverflow_1gb/17691.txt  (1176 bytes, EXPLAIN stripped)
  [5049/11794] 17692.sql -> outputs/stackoverflow_1gb/17692.txt  (1209 bytes, EXPLAIN stripped)
  [5050/11794] 17697.sql -> outputs/stackoverflow_1gb/17697.txt  (1180 bytes, EXPLAIN stripped)
  [5051/11794] 17698.sql -> outputs/stackoverflow_1gb/17698.txt  (1093 bytes, EXPLAIN stripped)
  [5052/11794] 177.sql -> outputs/stackoverflow_1gb/177.txt  (367 bytes, EXPLAIN stripped)
  [5053/11794] 17700.sql -> outputs/stackoverflow_1gb/17700.txt  (1214 bytes, EXPLAIN stripped)
  [5054/11794] 17701.sql -> outputs/stackoverflow_1gb/17701.txt  (101599 bytes, EXPLAIN stripped)
  [5055/11794] 17702.sql -> outputs/stackoverflow_1gb/17702.txt  (1050 bytes, EXPLAIN stripped)
  [5056/11794] 17703.sql -> outputs/stackoverflow_1gb/17703.txt  (1169 bytes, EXPLAIN stripped)
  [5057/11794] 17704.sql -> outputs/stackoverflow_1gb/17704.txt  (1161 bytes, EXPLAIN stripped)
  [5058/11794] 17706.sql -> outputs/stackoverflow_1gb/17706.txt  (1126 bytes, EXPLAIN stripped)
  [5059/11794] 17707.sql -> outputs/stackoverflow_1gb/17707.txt  (1246 bytes, EXPLAIN stripped)
  [5060/11794] 17708.sql -> outputs/stackoverflow_1gb/17708.txt  (1175 bytes, EXPLAIN stripped)
  [5061/11794] 1771.sql -> outputs/stackoverflow_1gb/1771.txt  (819 bytes, EXPLAIN stripped)
  [5062/11794] 17710.sql -> outputs/stackoverflow_1gb/17710.txt  (1180 bytes, EXPLAIN stripped)
  [5063/11794] 17711.sql -> outputs/stackoverflow_1gb/17711.txt  (1160 bytes, EXPLAIN stripped)
  [5064/11794] 17714.sql -> outputs/stackoverflow_1gb/17714.txt  (1154 bytes, EXPLAIN stripped)
  [5065/11794] 17715.sql -> outputs/stackoverflow_1gb/17715.txt  (1265 bytes, EXPLAIN stripped)
  [5066/11794] 17716.sql -> outputs/stackoverflow_1gb/17716.txt  (1159 bytes, EXPLAIN stripped)
  [5067/11794] 17717.sql -> outputs/stackoverflow_1gb/17717.txt  (1207 bytes, EXPLAIN stripped)
  [5068/11794] 17718.sql -> outputs/stackoverflow_1gb/17718.txt  (1098 bytes, EXPLAIN stripped)
  [5069/11794] 17720.sql -> outputs/stackoverflow_1gb/17720.txt  (1279 bytes, EXPLAIN stripped)
  [5070/11794] 17722.sql -> outputs/stackoverflow_1gb/17722.txt  (1121 bytes, EXPLAIN stripped)
  [5071/11794] 17723.sql -> outputs/stackoverflow_1gb/17723.txt  (1165 bytes, EXPLAIN stripped)
  [5072/11794] 17724.sql -> outputs/stackoverflow_1gb/17724.txt  (1173 bytes, EXPLAIN stripped)
  [5073/11794] 17725.sql -> outputs/stackoverflow_1gb/17725.txt  (1098 bytes, EXPLAIN stripped)
  [5074/11794] 17727.sql -> outputs/stackoverflow_1gb/17727.txt  (1180 bytes, EXPLAIN stripped)
  [5075/11794] 17728.sql -> outputs/stackoverflow_1gb/17728.txt  (76 bytes, EXPLAIN stripped)
  [5076/11794] 17729.sql -> outputs/stackoverflow_1gb/17729.txt  (1171 bytes, EXPLAIN stripped)
  [5077/11794] 17730.sql -> outputs/stackoverflow_1gb/17730.txt  (1132 bytes, EXPLAIN stripped)
  [5078/11794] 17731.sql -> outputs/stackoverflow_1gb/17731.txt  (7934 bytes, EXPLAIN stripped)
  [5079/11794] 17732.sql -> outputs/stackoverflow_1gb/17732.txt  (1138 bytes, EXPLAIN stripped)
  [5080/11794] 17733.sql -> outputs/stackoverflow_1gb/17733.txt  (1010 bytes, EXPLAIN stripped)
  [5081/11794] 17736.sql -> outputs/stackoverflow_1gb/17736.txt  (1173 bytes, EXPLAIN stripped)
  [5082/11794] 17737.sql -> outputs/stackoverflow_1gb/17737.txt  (1127 bytes, EXPLAIN stripped)
  [5083/11794] 17738.sql -> outputs/stackoverflow_1gb/17738.txt  (1093 bytes, EXPLAIN stripped)
  [5084/11794] 17741.sql -> outputs/stackoverflow_1gb/17741.txt  (10819 bytes, EXPLAIN stripped)
  [5085/11794] 17742.sql -> outputs/stackoverflow_1gb/17742.txt  (1207 bytes, EXPLAIN stripped)
  [5086/11794] 17744.sql -> outputs/stackoverflow_1gb/17744.txt  (1098 bytes, EXPLAIN stripped)
  [5087/11794] 17745.sql -> outputs/stackoverflow_1gb/17745.txt  (112685 bytes, EXPLAIN stripped)
  [5088/11794] 17746.sql -> outputs/stackoverflow_1gb/17746.txt  (1132 bytes, EXPLAIN stripped)
  [5089/11794] 17747.sql -> outputs/stackoverflow_1gb/17747.txt  (1137 bytes, EXPLAIN stripped)
  [5090/11794] 17748.sql -> outputs/stackoverflow_1gb/17748.txt  (1238 bytes, EXPLAIN stripped)
  [5091/11794] 17750.sql -> outputs/stackoverflow_1gb/17750.txt  (1126 bytes, EXPLAIN stripped)
  [5092/11794] 17751.sql -> outputs/stackoverflow_1gb/17751.txt  (1201 bytes, EXPLAIN stripped)
  [5093/11794] 17752.sql -> outputs/stackoverflow_1gb/17752.txt  (969 bytes, EXPLAIN stripped)
  [5094/11794] 17753.sql -> outputs/stackoverflow_1gb/17753.txt  (1206 bytes, EXPLAIN stripped)
  [5095/11794] 17756.sql -> outputs/stackoverflow_1gb/17756.txt  (1239 bytes, EXPLAIN stripped)
  [5096/11794] 1776.sql -> outputs/stackoverflow_1gb/1776.txt  (65 bytes, EXPLAIN stripped)
  [5097/11794] 17760.sql -> outputs/stackoverflow_1gb/17760.txt  (1239 bytes, EXPLAIN stripped)
  [5098/11794] 17761.sql -> outputs/stackoverflow_1gb/17761.txt  (1127 bytes, EXPLAIN stripped)
  [5099/11794] 17762.sql -> outputs/stackoverflow_1gb/17762.txt  (1208 bytes, EXPLAIN stripped)
  [5100/11794] 17764.sql -> outputs/stackoverflow_1gb/17764.txt  (1219 bytes, EXPLAIN stripped)
  [5101/11794] 17765.sql -> outputs/stackoverflow_1gb/17765.txt  (1094 bytes, EXPLAIN stripped)
  [5102/11794] 17766.sql -> outputs/stackoverflow_1gb/17766.txt  (1170 bytes, EXPLAIN stripped)
  [5103/11794] 17771.sql -> outputs/stackoverflow_1gb/17771.txt  (969 bytes, EXPLAIN stripped)
  [5104/11794] 17772.sql -> outputs/stackoverflow_1gb/17772.txt  (1175 bytes, EXPLAIN stripped)
  [5105/11794] 17773.sql -> outputs/stackoverflow_1gb/17773.txt  (1246 bytes, EXPLAIN stripped)
  [5106/11794] 17774.sql -> outputs/stackoverflow_1gb/17774.txt  (1070 bytes, EXPLAIN stripped)
  [5107/11794] 17775.sql -> outputs/stackoverflow_1gb/17775.txt  (1246 bytes, EXPLAIN stripped)
  [5108/11794] 17776.sql -> outputs/stackoverflow_1gb/17776.txt  (1238 bytes, EXPLAIN stripped)
  [5109/11794] 17778.sql -> outputs/stackoverflow_1gb/17778.txt  (1247 bytes, EXPLAIN stripped)
  [5110/11794] 17779.sql -> outputs/stackoverflow_1gb/17779.txt  (1228 bytes, EXPLAIN stripped)
  [5111/11794] 17780.sql -> outputs/stackoverflow_1gb/17780.txt  (1170 bytes, EXPLAIN stripped)
  [5112/11794] 17781.sql -> outputs/stackoverflow_1gb/17781.txt  (1210 bytes, EXPLAIN stripped)
  [5113/11794] 17783.sql -> outputs/stackoverflow_1gb/17783.txt  (1078 bytes, EXPLAIN stripped)
  [5114/11794] 17784.sql -> outputs/stackoverflow_1gb/17784.txt  (1180 bytes, EXPLAIN stripped)
  [5115/11794] 17790.sql -> outputs/stackoverflow_1gb/17790.txt  (108611 bytes, EXPLAIN stripped)
  [5116/11794] 17792.sql -> outputs/stackoverflow_1gb/17792.txt  (1214 bytes, EXPLAIN stripped)
  [5117/11794] 17793.sql -> outputs/stackoverflow_1gb/17793.txt  (1138 bytes, EXPLAIN stripped)
  [5118/11794] 17796.sql -> outputs/stackoverflow_1gb/17796.txt  (1171 bytes, EXPLAIN stripped)
  [5119/11794] 17797.sql -> outputs/stackoverflow_1gb/17797.txt  (1175 bytes, EXPLAIN stripped)
  [5120/11794] 17798.sql -> outputs/stackoverflow_1gb/17798.txt  (1236 bytes, EXPLAIN stripped)
  [5121/11794] 17799.sql -> outputs/stackoverflow_1gb/17799.txt  (1132 bytes, EXPLAIN stripped)
  [5122/11794] 178.sql -> outputs/stackoverflow_1gb/178.txt  (695 bytes, EXPLAIN stripped)
  [5123/11794] 1780.sql -> outputs/stackoverflow_1gb/1780.txt  (115800 bytes, EXPLAIN stripped)
  [5124/11794] 17800.sql -> outputs/stackoverflow_1gb/17800.txt  (861 bytes, EXPLAIN stripped)
  [5125/11794] 17802.sql -> outputs/stackoverflow_1gb/17802.txt  (1137 bytes, EXPLAIN stripped)
  [5126/11794] 17803.sql -> outputs/stackoverflow_1gb/17803.txt  (1164 bytes, EXPLAIN stripped)
  [5127/11794] 17807.sql -> outputs/stackoverflow_1gb/17807.txt  (1165 bytes, EXPLAIN stripped)
  [5128/11794] 17809.sql -> outputs/stackoverflow_1gb/17809.txt  (10118 bytes, EXPLAIN stripped)
  [5129/11794] 1781.sql -> outputs/stackoverflow_1gb/1781.txt  (705 bytes, EXPLAIN stripped)
  [5130/11794] 17810.sql -> outputs/stackoverflow_1gb/17810.txt  (1277 bytes, EXPLAIN stripped)
  [5131/11794] 17813.sql -> outputs/stackoverflow_1gb/17813.txt  (1214 bytes, EXPLAIN stripped)
  [5132/11794] 17815.sql -> outputs/stackoverflow_1gb/17815.txt  (1098 bytes, EXPLAIN stripped)
  [5133/11794] 17816.sql -> outputs/stackoverflow_1gb/17816.txt  (1021 bytes, EXPLAIN stripped)
  [5134/11794] 17818.sql -> outputs/stackoverflow_1gb/17818.txt  (1164 bytes, EXPLAIN stripped)
  [5135/11794] 17819.sql -> outputs/stackoverflow_1gb/17819.txt  (1246 bytes, EXPLAIN stripped)
  [5136/11794] 17820.sql -> outputs/stackoverflow_1gb/17820.txt  (1132 bytes, EXPLAIN stripped)
  [5137/11794] 17821.sql -> outputs/stackoverflow_1gb/17821.txt  (1269 bytes, EXPLAIN stripped)
  [5138/11794] 17823.sql -> outputs/stackoverflow_1gb/17823.txt  (1124 bytes, EXPLAIN stripped)
  [5139/11794] 17825.sql -> outputs/stackoverflow_1gb/17825.txt  (18461 bytes, EXPLAIN stripped)
  [5140/11794] 17826.sql -> outputs/stackoverflow_1gb/17826.txt  (1142 bytes, EXPLAIN stripped)
  [5141/11794] 17827.sql -> outputs/stackoverflow_1gb/17827.txt  (1019 bytes, EXPLAIN stripped)
  [5142/11794] 17828.sql -> outputs/stackoverflow_1gb/17828.txt  (1247 bytes, EXPLAIN stripped)
  [5143/11794] 1783.sql -> outputs/stackoverflow_1gb/1783.txt  (73838 bytes, EXPLAIN stripped)
  [5144/11794] 17831.sql -> outputs/stackoverflow_1gb/17831.txt  (1037 bytes, EXPLAIN stripped)
  [5145/11794] 17832.sql -> outputs/stackoverflow_1gb/17832.txt  (1214 bytes, EXPLAIN stripped)
  [5146/11794] 17835.sql -> outputs/stackoverflow_1gb/17835.txt  (1016 bytes, EXPLAIN stripped)
  [5147/11794] 17838.sql -> outputs/stackoverflow_1gb/17838.txt  (969 bytes, EXPLAIN stripped)
  [5148/11794] 17840.sql -> outputs/stackoverflow_1gb/17840.txt  (1228 bytes, EXPLAIN stripped)
  [5149/11794] 17841.sql -> outputs/stackoverflow_1gb/17841.txt  (1026 bytes, EXPLAIN stripped)
  [5150/11794] 17842.sql -> outputs/stackoverflow_1gb/17842.txt  (1210 bytes, EXPLAIN stripped)
  [5151/11794] 17843.sql -> outputs/stackoverflow_1gb/17843.txt  (1036 bytes, EXPLAIN stripped)
  [5152/11794] 17844.sql -> outputs/stackoverflow_1gb/17844.txt  (1246 bytes, EXPLAIN stripped)
  [5153/11794] 17845.sql -> outputs/stackoverflow_1gb/17845.txt  (1065 bytes, EXPLAIN stripped)
  [5154/11794] 17846.sql -> outputs/stackoverflow_1gb/17846.txt  (1398 bytes, EXPLAIN stripped)
  [5155/11794] 17848.sql -> outputs/stackoverflow_1gb/17848.txt  (1170 bytes, EXPLAIN stripped)
  [5156/11794] 17849.sql -> outputs/stackoverflow_1gb/17849.txt  (18476 bytes, EXPLAIN stripped)
  [5157/11794] 17850.sql -> outputs/stackoverflow_1gb/17850.txt  (1137 bytes, EXPLAIN stripped)
  [5158/11794] 17851.sql -> outputs/stackoverflow_1gb/17851.txt  (1026 bytes, EXPLAIN stripped)
  [5159/11794] 17854.sql -> outputs/stackoverflow_1gb/17854.txt  (1093 bytes, EXPLAIN stripped)
  [5160/11794] 17856.sql -> outputs/stackoverflow_1gb/17856.txt  (1209 bytes, EXPLAIN stripped)
  [5161/11794] 17859.sql -> outputs/stackoverflow_1gb/17859.txt  (1214 bytes, EXPLAIN stripped)
  [5162/11794] 17860.sql -> outputs/stackoverflow_1gb/17860.txt  (112670 bytes, EXPLAIN stripped)
  [5163/11794] 17861.sql -> outputs/stackoverflow_1gb/17861.txt  (1214 bytes, EXPLAIN stripped)
  [5164/11794] 17863.sql -> outputs/stackoverflow_1gb/17863.txt  (1177 bytes, EXPLAIN stripped)
  [5165/11794] 17864.sql -> outputs/stackoverflow_1gb/17864.txt  (1247 bytes, EXPLAIN stripped)
  [5166/11794] 17865.sql -> outputs/stackoverflow_1gb/17865.txt  (524 bytes, EXPLAIN stripped)
  [5167/11794] 17866.sql -> outputs/stackoverflow_1gb/17866.txt  (402 bytes, EXPLAIN stripped)
  [5168/11794] 17868.sql -> outputs/stackoverflow_1gb/17868.txt  (214 bytes, EXPLAIN stripped)
  [5169/11794] 17869.sql -> outputs/stackoverflow_1gb/17869.txt  (1210 bytes, EXPLAIN stripped)
  [5170/11794] 1787.sql -> outputs/stackoverflow_1gb/1787.txt  (760 bytes, EXPLAIN stripped)
  [5171/11794] 17870.sql -> outputs/stackoverflow_1gb/17870.txt  (1180 bytes, EXPLAIN stripped)
  [5172/11794] 17871.sql -> outputs/stackoverflow_1gb/17871.txt  (526 bytes, EXPLAIN stripped)
  [5173/11794] 17872.sql -> outputs/stackoverflow_1gb/17872.txt  (1132 bytes, EXPLAIN stripped)
  [5174/11794] 17876.sql -> outputs/stackoverflow_1gb/17876.txt  (214 bytes, EXPLAIN stripped)
  [5175/11794] 17878.sql -> outputs/stackoverflow_1gb/17878.txt  (1161 bytes, EXPLAIN stripped)
  [5176/11794] 17880.sql -> outputs/stackoverflow_1gb/17880.txt  (1210 bytes, EXPLAIN stripped)
  [5177/11794] 17881.sql -> outputs/stackoverflow_1gb/17881.txt  (1159 bytes, EXPLAIN stripped)
  [5178/11794] 17883.sql -> outputs/stackoverflow_1gb/17883.txt  (1238 bytes, EXPLAIN stripped)
  [5179/11794] 17884.sql -> outputs/stackoverflow_1gb/17884.txt  (1210 bytes, EXPLAIN stripped)
  [5180/11794] 17887.sql -> outputs/stackoverflow_1gb/17887.txt  (1165 bytes, EXPLAIN stripped)
  [5181/11794] 17888.sql -> outputs/stackoverflow_1gb/17888.txt  (1180 bytes, EXPLAIN stripped)
  [5182/11794] 17889.sql -> outputs/stackoverflow_1gb/17889.txt  (1162 bytes, EXPLAIN stripped)
  [5183/11794] 17891.sql -> outputs/stackoverflow_1gb/17891.txt  (1199 bytes, EXPLAIN stripped)
  [5184/11794] 17892.sql -> outputs/stackoverflow_1gb/17892.txt  (1077 bytes, EXPLAIN stripped)
  [5185/11794] 17893.sql -> outputs/stackoverflow_1gb/17893.txt  (91 bytes, EXPLAIN stripped)
  [5186/11794] 17894.sql -> outputs/stackoverflow_1gb/17894.txt  (1142 bytes, EXPLAIN stripped)
  [5187/11794] 17896.sql -> outputs/stackoverflow_1gb/17896.txt  (1159 bytes, EXPLAIN stripped)
  [5188/11794] 17898.sql -> outputs/stackoverflow_1gb/17898.txt  (1231 bytes, EXPLAIN stripped)
  [5189/11794] 17899.sql -> outputs/stackoverflow_1gb/17899.txt  (330 bytes, EXPLAIN stripped)
  [5190/11794] 17900.sql -> outputs/stackoverflow_1gb/17900.txt  (1153 bytes, EXPLAIN stripped)
  [5191/11794] 17902.sql -> outputs/stackoverflow_1gb/17902.txt  (1180 bytes, EXPLAIN stripped)
  [5192/11794] 17903.sql -> outputs/stackoverflow_1gb/17903.txt  (1234 bytes, EXPLAIN stripped)
  [5193/11794] 17905.sql -> outputs/stackoverflow_1gb/17905.txt  (1065 bytes, EXPLAIN stripped)
  [5194/11794] 17906.sql -> outputs/stackoverflow_1gb/17906.txt  (1132 bytes, EXPLAIN stripped)
  [5195/11794] 17908.sql -> outputs/stackoverflow_1gb/17908.txt  (1110 bytes, EXPLAIN stripped)
  [5196/11794] 17909.sql -> outputs/stackoverflow_1gb/17909.txt  (1204 bytes, EXPLAIN stripped)
  [5197/11794] 17911.sql -> outputs/stackoverflow_1gb/17911.txt  (1238 bytes, EXPLAIN stripped)
  [5198/11794] 17912.sql -> outputs/stackoverflow_1gb/17912.txt  (1192 bytes, EXPLAIN stripped)
  [5199/11794] 17913.sql -> outputs/stackoverflow_1gb/17913.txt  (17777 bytes, EXPLAIN stripped)
  [5200/11794] 17914.sql -> outputs/stackoverflow_1gb/17914.txt  (1237 bytes, EXPLAIN stripped)
  [5201/11794] 17916.sql -> outputs/stackoverflow_1gb/17916.txt  (1170 bytes, EXPLAIN stripped)
  [5202/11794] 17917.sql -> outputs/stackoverflow_1gb/17917.txt  (1214 bytes, EXPLAIN stripped)
  [5203/11794] 17919.sql -> outputs/stackoverflow_1gb/17919.txt  (684 bytes, EXPLAIN stripped)
  [5204/11794] 17920.sql -> outputs/stackoverflow_1gb/17920.txt  (994 bytes, EXPLAIN stripped)
  [5205/11794] 17924.sql -> outputs/stackoverflow_1gb/17924.txt  (1050 bytes, EXPLAIN stripped)
  [5206/11794] 17925.sql -> outputs/stackoverflow_1gb/17925.txt  (1210 bytes, EXPLAIN stripped)
  [5207/11794] 17928.sql -> outputs/stackoverflow_1gb/17928.txt  (1115 bytes, EXPLAIN stripped)
  [5208/11794] 17929.sql -> outputs/stackoverflow_1gb/17929.txt  (1170 bytes, EXPLAIN stripped)
  [5209/11794] 1793.sql -> outputs/stackoverflow_1gb/1793.txt  (34089 bytes, EXPLAIN stripped)
  [5210/11794] 17932.sql -> outputs/stackoverflow_1gb/17932.txt  (1021 bytes, EXPLAIN stripped)
  [5211/11794] 17933.sql -> outputs/stackoverflow_1gb/17933.txt  (1207 bytes, EXPLAIN stripped)
  [5212/11794] 17934.sql -> outputs/stackoverflow_1gb/17934.txt  (1238 bytes, EXPLAIN stripped)
  [5213/11794] 17935.sql -> outputs/stackoverflow_1gb/17935.txt  (936 bytes, EXPLAIN stripped)
  [5214/11794] 17936.sql -> outputs/stackoverflow_1gb/17936.txt  (1239 bytes, EXPLAIN stripped)
  [5215/11794] 17937.sql -> outputs/stackoverflow_1gb/17937.txt  (1091 bytes, EXPLAIN stripped)
  [5216/11794] 17938.sql -> outputs/stackoverflow_1gb/17938.txt  (1247 bytes, EXPLAIN stripped)
  [5217/11794] 17939.sql -> outputs/stackoverflow_1gb/17939.txt  (1214 bytes, EXPLAIN stripped)
  [5218/11794] 1794.sql -> outputs/stackoverflow_1gb/1794.txt  (772 bytes, EXPLAIN stripped)
  [5219/11794] 17941.sql -> outputs/stackoverflow_1gb/17941.txt  (1180 bytes, EXPLAIN stripped)
  [5220/11794] 17943.sql -> outputs/stackoverflow_1gb/17943.txt  (1126 bytes, EXPLAIN stripped)
  [5221/11794] 17944.sql -> outputs/stackoverflow_1gb/17944.txt  (985 bytes, EXPLAIN stripped)
  [5222/11794] 17945.sql -> outputs/stackoverflow_1gb/17945.txt  (1095 bytes, EXPLAIN stripped)
  [5223/11794] 17946.sql -> outputs/stackoverflow_1gb/17946.txt  (1208 bytes, EXPLAIN stripped)
  [5224/11794] 17947.sql -> outputs/stackoverflow_1gb/17947.txt  (1247 bytes, EXPLAIN stripped)
  [5225/11794] 17950.sql -> outputs/stackoverflow_1gb/17950.txt  (1103 bytes, EXPLAIN stripped)
  [5226/11794] 17951.sql -> outputs/stackoverflow_1gb/17951.txt  (1296 bytes, EXPLAIN stripped)
  [5227/11794] 17952.sql -> outputs/stackoverflow_1gb/17952.txt  (1214 bytes, EXPLAIN stripped)
  [5228/11794] 17953.sql -> outputs/stackoverflow_1gb/17953.txt  (318 bytes, EXPLAIN stripped)
  [5229/11794] 17955.sql -> outputs/stackoverflow_1gb/17955.txt  (1122 bytes, EXPLAIN stripped)
  [5230/11794] 17956.sql -> outputs/stackoverflow_1gb/17956.txt  (1126 bytes, EXPLAIN stripped)
  [5231/11794] 17957.sql -> outputs/stackoverflow_1gb/17957.txt  (1015 bytes, EXPLAIN stripped)
  [5232/11794] 17959.sql -> outputs/stackoverflow_1gb/17959.txt  (936 bytes, EXPLAIN stripped)
  [5233/11794] 17962.sql -> outputs/stackoverflow_1gb/17962.txt  (937 bytes, EXPLAIN stripped)
  [5234/11794] 17964.sql -> outputs/stackoverflow_1gb/17964.txt  (317 bytes, EXPLAIN stripped)
  [5235/11794] 17966.sql -> outputs/stackoverflow_1gb/17966.txt  (1169 bytes, EXPLAIN stripped)
  [5236/11794] 17968.sql -> outputs/stackoverflow_1gb/17968.txt  (1088 bytes, EXPLAIN stripped)
  [5237/11794] 17969.sql -> outputs/stackoverflow_1gb/17969.txt  (1094 bytes, EXPLAIN stripped)
  [5238/11794] 17970.sql -> outputs/stackoverflow_1gb/17970.txt  (1098 bytes, EXPLAIN stripped)
  [5239/11794] 17971.sql -> outputs/stackoverflow_1gb/17971.txt  (1244 bytes, EXPLAIN stripped)
  [5240/11794] 17972.sql -> outputs/stackoverflow_1gb/17972.txt  (1093 bytes, EXPLAIN stripped)
  [5241/11794] 17973.sql -> outputs/stackoverflow_1gb/17973.txt  (529 bytes, EXPLAIN stripped)
  [5242/11794] 17974.sql -> outputs/stackoverflow_1gb/17974.txt  (1274 bytes, EXPLAIN stripped)
  [5243/11794] 17976.sql -> outputs/stackoverflow_1gb/17976.txt  (1077 bytes, EXPLAIN stripped)
  [5244/11794] 17977.sql -> outputs/stackoverflow_1gb/17977.txt  (1246 bytes, EXPLAIN stripped)
  [5245/11794] 1798.sql -> outputs/stackoverflow_1gb/1798.txt  (127116 bytes, EXPLAIN stripped)
  [5246/11794] 17980.sql -> outputs/stackoverflow_1gb/17980.txt  (845 bytes, EXPLAIN stripped)
  [5247/11794] 17982.sql -> outputs/stackoverflow_1gb/17982.txt  (1605 bytes, EXPLAIN stripped)
  [5248/11794] 17986.sql -> outputs/stackoverflow_1gb/17986.txt  (1126 bytes, EXPLAIN stripped)
  [5249/11794] 17988.sql -> outputs/stackoverflow_1gb/17988.txt  (1133 bytes, EXPLAIN stripped)
  [5250/11794] 17989.sql -> outputs/stackoverflow_1gb/17989.txt  (1180 bytes, EXPLAIN stripped)
  [5251/11794] 17991.sql -> outputs/stackoverflow_1gb/17991.txt  (1010 bytes, EXPLAIN stripped)
  [5252/11794] 17992.sql -> outputs/stackoverflow_1gb/17992.txt  (1165 bytes, EXPLAIN stripped)
  [5253/11794] 17994.sql -> outputs/stackoverflow_1gb/17994.txt  (1169 bytes, EXPLAIN stripped)
  [5254/11794] 17996.sql -> outputs/stackoverflow_1gb/17996.txt  (1098 bytes, EXPLAIN stripped)
  [5255/11794] 17999.sql -> outputs/stackoverflow_1gb/17999.txt  (1003 bytes, EXPLAIN stripped)
  [5256/11794] 18.sql -> outputs/stackoverflow_1gb/18.txt  (18935 bytes, EXPLAIN stripped)
  [5257/11794] 180.sql -> outputs/stackoverflow_1gb/180.txt  (507 bytes, EXPLAIN stripped)
  [5258/11794] 18001.sql -> outputs/stackoverflow_1gb/18001.txt  (1186 bytes, EXPLAIN stripped)
  [5259/11794] 18003.sql -> outputs/stackoverflow_1gb/18003.txt  (1156 bytes, EXPLAIN stripped)
  [5260/11794] 18004.sql -> outputs/stackoverflow_1gb/18004.txt  (1088 bytes, EXPLAIN stripped)
  [5261/11794] 18006.sql -> outputs/stackoverflow_1gb/18006.txt  (1214 bytes, EXPLAIN stripped)
  [5262/11794] 18007.sql -> outputs/stackoverflow_1gb/18007.txt  (1132 bytes, EXPLAIN stripped)
  [5263/11794] 18009.sql -> outputs/stackoverflow_1gb/18009.txt  (1204 bytes, EXPLAIN stripped)
  [5264/11794] 18011.sql -> outputs/stackoverflow_1gb/18011.txt  (1127 bytes, EXPLAIN stripped)
  [5265/11794] 18012.sql -> outputs/stackoverflow_1gb/18012.txt  (1026 bytes, EXPLAIN stripped)
  [5266/11794] 18015.sql -> outputs/stackoverflow_1gb/18015.txt  (1103 bytes, EXPLAIN stripped)
  [5267/11794] 18017.sql -> outputs/stackoverflow_1gb/18017.txt  (1246 bytes, EXPLAIN stripped)
  [5268/11794] 18018.sql -> outputs/stackoverflow_1gb/18018.txt  (1207 bytes, EXPLAIN stripped)
  [5269/11794] 18019.sql -> outputs/stackoverflow_1gb/18019.txt  (1208 bytes, EXPLAIN stripped)
  [5270/11794] 1802.sql -> outputs/stackoverflow_1gb/1802.txt  (123247 bytes, EXPLAIN stripped)
  [5271/11794] 18020.sql -> outputs/stackoverflow_1gb/18020.txt  (1090 bytes, EXPLAIN stripped)
  [5272/11794] 18021.sql -> outputs/stackoverflow_1gb/18021.txt  (1164 bytes, EXPLAIN stripped)
  [5273/11794] 18022.sql -> outputs/stackoverflow_1gb/18022.txt  (1230 bytes, EXPLAIN stripped)
  [5274/11794] 18025.sql -> outputs/stackoverflow_1gb/18025.txt  (1279 bytes, EXPLAIN stripped)
  [5275/11794] 18026.sql -> outputs/stackoverflow_1gb/18026.txt  (18425 bytes, EXPLAIN stripped)
  [5276/11794] 1803.sql -> outputs/stackoverflow_1gb/1803.txt  (15785 bytes, EXPLAIN stripped)
  [5277/11794] 18032.sql -> outputs/stackoverflow_1gb/18032.txt  (726 bytes, EXPLAIN stripped)
  [5278/11794] 18033.sql -> outputs/stackoverflow_1gb/18033.txt  (1208 bytes, EXPLAIN stripped)
  [5279/11794] 18035.sql -> outputs/stackoverflow_1gb/18035.txt  (1170 bytes, EXPLAIN stripped)
  [5280/11794] 18036.sql -> outputs/stackoverflow_1gb/18036.txt  (1095 bytes, EXPLAIN stripped)
  [5281/11794] 18037.sql -> outputs/stackoverflow_1gb/18037.txt  (1305 bytes, EXPLAIN stripped)
  [5282/11794] 1804.sql -> outputs/stackoverflow_1gb/1804.txt  (779 bytes, EXPLAIN stripped)
  [5283/11794] 18040.sql -> outputs/stackoverflow_1gb/18040.txt  (1094 bytes, EXPLAIN stripped)
  [5284/11794] 18042.sql -> outputs/stackoverflow_1gb/18042.txt  (1131 bytes, EXPLAIN stripped)
  [5285/11794] 18043.sql -> outputs/stackoverflow_1gb/18043.txt  (1127 bytes, EXPLAIN stripped)
  [5286/11794] 18044.sql -> outputs/stackoverflow_1gb/18044.txt  (1210 bytes, EXPLAIN stripped)
  [5287/11794] 18045.sql -> outputs/stackoverflow_1gb/18045.txt  (208 bytes, EXPLAIN stripped)
  [5288/11794] 18046.sql -> outputs/stackoverflow_1gb/18046.txt  (1175 bytes, EXPLAIN stripped)
  [5289/11794] 18047.sql -> outputs/stackoverflow_1gb/18047.txt  (1095 bytes, EXPLAIN stripped)
  [5290/11794] 18048.sql -> outputs/stackoverflow_1gb/18048.txt  (1168 bytes, EXPLAIN stripped)
  [5291/11794] 18049.sql -> outputs/stackoverflow_1gb/18049.txt  (1103 bytes, EXPLAIN stripped)
  [5292/11794] 1805.sql -> outputs/stackoverflow_1gb/1805.txt  (3780 bytes, EXPLAIN stripped)
  [5293/11794] 18050.sql -> outputs/stackoverflow_1gb/18050.txt  (1177 bytes, EXPLAIN stripped)
  [5294/11794] 18051.sql -> outputs/stackoverflow_1gb/18051.txt  (1268 bytes, EXPLAIN stripped)
  [5295/11794] 18052.sql -> outputs/stackoverflow_1gb/18052.txt  (1131 bytes, EXPLAIN stripped)
  [5296/11794] 18053.sql -> outputs/stackoverflow_1gb/18053.txt  (1180 bytes, EXPLAIN stripped)
  [5297/11794] 18054.sql -> outputs/stackoverflow_1gb/18054.txt  (1208 bytes, EXPLAIN stripped)
  [5298/11794] 18055.sql -> outputs/stackoverflow_1gb/18055.txt  (936 bytes, EXPLAIN stripped)
  [5299/11794] 18057.sql -> outputs/stackoverflow_1gb/18057.txt  (1164 bytes, EXPLAIN stripped)
  [5300/11794] 18058.sql -> outputs/stackoverflow_1gb/18058.txt  (1127 bytes, EXPLAIN stripped)
  [5301/11794] 18059.sql -> outputs/stackoverflow_1gb/18059.txt  (1132 bytes, EXPLAIN stripped)
  [5302/11794] 18060.sql -> outputs/stackoverflow_1gb/18060.txt  (1137 bytes, EXPLAIN stripped)
  [5303/11794] 18062.sql -> outputs/stackoverflow_1gb/18062.txt  (1126 bytes, EXPLAIN stripped)
  [5304/11794] 18065.sql -> outputs/stackoverflow_1gb/18065.txt  (1335 bytes, EXPLAIN stripped)
  [5305/11794] 18067.sql -> outputs/stackoverflow_1gb/18067.txt  (1130 bytes, EXPLAIN stripped)
  [5306/11794] 18068.sql -> outputs/stackoverflow_1gb/18068.txt  (1246 bytes, EXPLAIN stripped)
  [5307/11794] 18069.sql -> outputs/stackoverflow_1gb/18069.txt  (936 bytes, EXPLAIN stripped)
  [5308/11794] 1807.sql -> outputs/stackoverflow_1gb/1807.txt  (72414 bytes, EXPLAIN stripped)
  [5309/11794] 18070.sql -> outputs/stackoverflow_1gb/18070.txt  (969 bytes, EXPLAIN stripped)
  [5310/11794] 18072.sql -> outputs/stackoverflow_1gb/18072.txt  (1272 bytes, EXPLAIN stripped)
  [5311/11794] 18073.sql -> outputs/stackoverflow_1gb/18073.txt  (1165 bytes, EXPLAIN stripped)
  [5312/11794] 18074.sql -> outputs/stackoverflow_1gb/18074.txt  (936 bytes, EXPLAIN stripped)
  [5313/11794] 18075.sql -> outputs/stackoverflow_1gb/18075.txt  (809 bytes, EXPLAIN stripped)
  [5314/11794] 18076.sql -> outputs/stackoverflow_1gb/18076.txt  (1170 bytes, EXPLAIN stripped)
  [5315/11794] 18077.sql -> outputs/stackoverflow_1gb/18077.txt  (1035 bytes, EXPLAIN stripped)
  [5316/11794] 18078.sql -> outputs/stackoverflow_1gb/18078.txt  (1095 bytes, EXPLAIN stripped)
  [5317/11794] 18079.sql -> outputs/stackoverflow_1gb/18079.txt  (1204 bytes, EXPLAIN stripped)
  [5318/11794] 18080.sql -> outputs/stackoverflow_1gb/18080.txt  (1127 bytes, EXPLAIN stripped)
  [5319/11794] 18081.sql -> outputs/stackoverflow_1gb/18081.txt  (969 bytes, EXPLAIN stripped)
  [5320/11794] 18086.sql -> outputs/stackoverflow_1gb/18086.txt  (947 bytes, EXPLAIN stripped)
  [5321/11794] 18087.sql -> outputs/stackoverflow_1gb/18087.txt  (1137 bytes, EXPLAIN stripped)
  [5322/11794] 18088.sql -> outputs/stackoverflow_1gb/18088.txt  (1121 bytes, EXPLAIN stripped)
  [5323/11794] 18090.sql -> outputs/stackoverflow_1gb/18090.txt  (1137 bytes, EXPLAIN stripped)
  [5324/11794] 18091.sql -> outputs/stackoverflow_1gb/18091.txt  (1247 bytes, EXPLAIN stripped)
  [5325/11794] 18092.sql -> outputs/stackoverflow_1gb/18092.txt  (1246 bytes, EXPLAIN stripped)
  [5326/11794] 18094.sql -> outputs/stackoverflow_1gb/18094.txt  (1227 bytes, EXPLAIN stripped)
  [5327/11794] 18095.sql -> outputs/stackoverflow_1gb/18095.txt  (1137 bytes, EXPLAIN stripped)
  [5328/11794] 18096.sql -> outputs/stackoverflow_1gb/18096.txt  (1137 bytes, EXPLAIN stripped)
  [5329/11794] 18098.sql -> outputs/stackoverflow_1gb/18098.txt  (1210 bytes, EXPLAIN stripped)
  [5330/11794] 1810.sql -> outputs/stackoverflow_1gb/1810.txt  (2639 bytes, EXPLAIN stripped)
  [5331/11794] 18101.sql -> outputs/stackoverflow_1gb/18101.txt  (1029 bytes, EXPLAIN stripped)
  [5332/11794] 18102.sql -> outputs/stackoverflow_1gb/18102.txt  (1015 bytes, EXPLAIN stripped)
  [5333/11794] 18103.sql -> outputs/stackoverflow_1gb/18103.txt  (1126 bytes, EXPLAIN stripped)
  [5334/11794] 18106.sql -> outputs/stackoverflow_1gb/18106.txt  (1041 bytes, EXPLAIN stripped)
  [5335/11794] 18107.sql -> outputs/stackoverflow_1gb/18107.txt  (1131 bytes, EXPLAIN stripped)
  [5336/11794] 18108.sql -> outputs/stackoverflow_1gb/18108.txt  (1228 bytes, EXPLAIN stripped)
  [5337/11794] 18109.sql -> outputs/stackoverflow_1gb/18109.txt  (992 bytes, EXPLAIN stripped)
  [5338/11794] 18110.sql -> outputs/stackoverflow_1gb/18110.txt  (1132 bytes, EXPLAIN stripped)
  [5339/11794] 18111.sql -> outputs/stackoverflow_1gb/18111.txt  (1170 bytes, EXPLAIN stripped)
  [5340/11794] 18112.sql -> outputs/stackoverflow_1gb/18112.txt  (1095 bytes, EXPLAIN stripped)
  [5341/11794] 18113.sql -> outputs/stackoverflow_1gb/18113.txt  (985 bytes, EXPLAIN stripped)
  [5342/11794] 18114.sql -> outputs/stackoverflow_1gb/18114.txt  (1093 bytes, EXPLAIN stripped)
  [5343/11794] 18115.sql -> outputs/stackoverflow_1gb/18115.txt  (1059 bytes, EXPLAIN stripped)
  [5344/11794] 18116.sql -> outputs/stackoverflow_1gb/18116.txt  (1228 bytes, EXPLAIN stripped)
  [5345/11794] 18117.sql -> outputs/stackoverflow_1gb/18117.txt  (1170 bytes, EXPLAIN stripped)
  [5346/11794] 18118.sql -> outputs/stackoverflow_1gb/18118.txt  (974 bytes, EXPLAIN stripped)
  [5347/11794] 18119.sql -> outputs/stackoverflow_1gb/18119.txt  (1152 bytes, EXPLAIN stripped)
  [5348/11794] 18122.sql -> outputs/stackoverflow_1gb/18122.txt  (1180 bytes, EXPLAIN stripped)
  [5349/11794] 18129.sql -> outputs/stackoverflow_1gb/18129.txt  (1126 bytes, EXPLAIN stripped)
  [5350/11794] 18130.sql -> outputs/stackoverflow_1gb/18130.txt  (1093 bytes, EXPLAIN stripped)
  [5351/11794] 18131.sql -> outputs/stackoverflow_1gb/18131.txt  (1132 bytes, EXPLAIN stripped)
  [5352/11794] 18132.sql -> outputs/stackoverflow_1gb/18132.txt  (1169 bytes, EXPLAIN stripped)
  [5353/11794] 18133.sql -> outputs/stackoverflow_1gb/18133.txt  (1180 bytes, EXPLAIN stripped)
  [5354/11794] 18134.sql -> outputs/stackoverflow_1gb/18134.txt  (1127 bytes, EXPLAIN stripped)
  [5355/11794] 18136.sql -> outputs/stackoverflow_1gb/18136.txt  (1207 bytes, EXPLAIN stripped)
  [5356/11794] 18138.sql -> outputs/stackoverflow_1gb/18138.txt  (1078 bytes, EXPLAIN stripped)
  [5357/11794] 18139.sql -> outputs/stackoverflow_1gb/18139.txt  (3430 bytes, EXPLAIN stripped)
  [5358/11794] 18140.sql -> outputs/stackoverflow_1gb/18140.txt  (1090 bytes, EXPLAIN stripped)
  [5359/11794] 18141.sql -> outputs/stackoverflow_1gb/18141.txt  (1171 bytes, EXPLAIN stripped)
  [5360/11794] 18143.sql -> outputs/stackoverflow_1gb/18143.txt  (1247 bytes, EXPLAIN stripped)
  [5361/11794] 18145.sql -> outputs/stackoverflow_1gb/18145.txt  (1133 bytes, EXPLAIN stripped)
  [5362/11794] 18146.sql -> outputs/stackoverflow_1gb/18146.txt  (1162 bytes, EXPLAIN stripped)
  [5363/11794] 18147.sql -> outputs/stackoverflow_1gb/18147.txt  (1166 bytes, EXPLAIN stripped)
  [5364/11794] 18150.sql -> outputs/stackoverflow_1gb/18150.txt  (1041 bytes, EXPLAIN stripped)
  [5365/11794] 18151.sql -> outputs/stackoverflow_1gb/18151.txt  (1246 bytes, EXPLAIN stripped)
  [5366/11794] 18153.sql -> outputs/stackoverflow_1gb/18153.txt  (1171 bytes, EXPLAIN stripped)
  [5367/11794] 18155.sql -> outputs/stackoverflow_1gb/18155.txt  (1238 bytes, EXPLAIN stripped)
  [5368/11794] 18157.sql -> outputs/stackoverflow_1gb/18157.txt  (399 bytes, EXPLAIN stripped)
  [5369/11794] 18158.sql -> outputs/stackoverflow_1gb/18158.txt  (1098 bytes, EXPLAIN stripped)
  [5370/11794] 18159.sql -> outputs/stackoverflow_1gb/18159.txt  (1016 bytes, EXPLAIN stripped)
  [5371/11794] 18160.sql -> outputs/stackoverflow_1gb/18160.txt  (1166 bytes, EXPLAIN stripped)
  [5372/11794] 18161.sql -> outputs/stackoverflow_1gb/18161.txt  (1135 bytes, EXPLAIN stripped)
  [5373/11794] 18163.sql -> outputs/stackoverflow_1gb/18163.txt  (1169 bytes, EXPLAIN stripped)
  [5374/11794] 18164.sql -> outputs/stackoverflow_1gb/18164.txt  (1135 bytes, EXPLAIN stripped)
  [5375/11794] 18166.sql -> outputs/stackoverflow_1gb/18166.txt  (1093 bytes, EXPLAIN stripped)
  [5376/11794] 18167.sql -> outputs/stackoverflow_1gb/18167.txt  (1092 bytes, EXPLAIN stripped)
  [5377/11794] 18168.sql -> outputs/stackoverflow_1gb/18168.txt  (1151 bytes, EXPLAIN stripped)
  [5378/11794] 18169.sql -> outputs/stackoverflow_1gb/18169.txt  (1210 bytes, EXPLAIN stripped)
  [5379/11794] 18171.sql -> outputs/stackoverflow_1gb/18171.txt  (1168 bytes, EXPLAIN stripped)
  [5380/11794] 18172.sql -> outputs/stackoverflow_1gb/18172.txt  (1156 bytes, EXPLAIN stripped)
  [5381/11794] 18173.sql -> outputs/stackoverflow_1gb/18173.txt  (1214 bytes, EXPLAIN stripped)
  [5382/11794] 18175.sql -> outputs/stackoverflow_1gb/18175.txt  (1029 bytes, EXPLAIN stripped)
  [5383/11794] 18177.sql -> outputs/stackoverflow_1gb/18177.txt  (1236 bytes, EXPLAIN stripped)
  [5384/11794] 18178.sql -> outputs/stackoverflow_1gb/18178.txt  (76 bytes, EXPLAIN stripped)
  [5385/11794] 18179.sql -> outputs/stackoverflow_1gb/18179.txt  (1127 bytes, EXPLAIN stripped)
  [5386/11794] 18180.sql -> outputs/stackoverflow_1gb/18180.txt  (1204 bytes, EXPLAIN stripped)
  [5387/11794] 18182.sql -> outputs/stackoverflow_1gb/18182.txt  (1173 bytes, EXPLAIN stripped)
  [5388/11794] 18184.sql -> outputs/stackoverflow_1gb/18184.txt  (996 bytes, EXPLAIN stripped)
  [5389/11794] 18187.sql -> outputs/stackoverflow_1gb/18187.txt  (1098 bytes, EXPLAIN stripped)
  [5390/11794] 18191.sql -> outputs/stackoverflow_1gb/18191.txt  (788 bytes, EXPLAIN stripped)
  [5391/11794] 18192.sql -> outputs/stackoverflow_1gb/18192.txt  (17578 bytes, EXPLAIN stripped)
  [5392/11794] 18193.sql -> outputs/stackoverflow_1gb/18193.txt  (83205 bytes, EXPLAIN stripped)
  [5393/11794] 18194.sql -> outputs/stackoverflow_1gb/18194.txt  (1090 bytes, EXPLAIN stripped)
  [5394/11794] 18195.sql -> outputs/stackoverflow_1gb/18195.txt  (1137 bytes, EXPLAIN stripped)
  [5395/11794] 18197.sql -> outputs/stackoverflow_1gb/18197.txt  (1131 bytes, EXPLAIN stripped)
  [5396/11794] 18198.sql -> outputs/stackoverflow_1gb/18198.txt  (1087 bytes, EXPLAIN stripped)
  [5397/11794] 18199.sql -> outputs/stackoverflow_1gb/18199.txt  (1207 bytes, EXPLAIN stripped)
  [5398/11794] 1820.sql -> outputs/stackoverflow_1gb/1820.txt  (37983 bytes, EXPLAIN stripped)
  [5399/11794] 18200.sql -> outputs/stackoverflow_1gb/18200.txt  (1175 bytes, EXPLAIN stripped)
  [5400/11794] 18201.sql -> outputs/stackoverflow_1gb/18201.txt  (1166 bytes, EXPLAIN stripped)
  [5401/11794] 18202.sql -> outputs/stackoverflow_1gb/18202.txt  (299 bytes, EXPLAIN stripped)
  [5402/11794] 18203.sql -> outputs/stackoverflow_1gb/18203.txt  (1238 bytes, EXPLAIN stripped)
  [5403/11794] 18204.sql -> outputs/stackoverflow_1gb/18204.txt  (1197 bytes, EXPLAIN stripped)
  [5404/11794] 18205.sql -> outputs/stackoverflow_1gb/18205.txt  (1266 bytes, EXPLAIN stripped)
  [5405/11794] 18208.sql -> outputs/stackoverflow_1gb/18208.txt  (1210 bytes, EXPLAIN stripped)
  [5406/11794] 18209.sql -> outputs/stackoverflow_1gb/18209.txt  (1235 bytes, EXPLAIN stripped)
  [5407/11794] 18210.sql -> outputs/stackoverflow_1gb/18210.txt  (287 bytes, EXPLAIN stripped)
  [5408/11794] 18212.sql -> outputs/stackoverflow_1gb/18212.txt  (1208 bytes, EXPLAIN stripped)
  [5409/11794] 18213.sql -> outputs/stackoverflow_1gb/18213.txt  (1235 bytes, EXPLAIN stripped)
  [5410/11794] 18214.sql -> outputs/stackoverflow_1gb/18214.txt  (1200 bytes, EXPLAIN stripped)
  [5411/11794] 18215.sql -> outputs/stackoverflow_1gb/18215.txt  (1247 bytes, EXPLAIN stripped)
  [5412/11794] 18217.sql -> outputs/stackoverflow_1gb/18217.txt  (1214 bytes, EXPLAIN stripped)
  [5413/11794] 18218.sql -> outputs/stackoverflow_1gb/18218.txt  (1098 bytes, EXPLAIN stripped)
  [5414/11794] 18219.sql -> outputs/stackoverflow_1gb/18219.txt  (1110 bytes, EXPLAIN stripped)
  [5415/11794] 18220.sql -> outputs/stackoverflow_1gb/18220.txt  (1214 bytes, EXPLAIN stripped)
  [5416/11794] 18221.sql -> outputs/stackoverflow_1gb/18221.txt  (1170 bytes, EXPLAIN stripped)
  [5417/11794] 18222.sql -> outputs/stackoverflow_1gb/18222.txt  (1021 bytes, EXPLAIN stripped)
  [5418/11794] 18223.sql -> outputs/stackoverflow_1gb/18223.txt  (1208 bytes, EXPLAIN stripped)
  [5419/11794] 18226.sql -> outputs/stackoverflow_1gb/18226.txt  (352 bytes, EXPLAIN stripped)
  [5420/11794] 18227.sql -> outputs/stackoverflow_1gb/18227.txt  (1223 bytes, EXPLAIN stripped)
  [5421/11794] 18228.sql -> outputs/stackoverflow_1gb/18228.txt  (1126 bytes, EXPLAIN stripped)
  [5422/11794] 18229.sql -> outputs/stackoverflow_1gb/18229.txt  (450 bytes, EXPLAIN stripped)
  [5423/11794] 1823.sql -> outputs/stackoverflow_1gb/1823.txt  (806 bytes, EXPLAIN stripped)
  [5424/11794] 18230.sql -> outputs/stackoverflow_1gb/18230.txt  (318 bytes, EXPLAIN stripped)
  [5425/11794] 18231.sql -> outputs/stackoverflow_1gb/18231.txt  (1056 bytes, EXPLAIN stripped)
  [5426/11794] 18234.sql -> outputs/stackoverflow_1gb/18234.txt  (1051 bytes, EXPLAIN stripped)
  [5427/11794] 18235.sql -> outputs/stackoverflow_1gb/18235.txt  (1088 bytes, EXPLAIN stripped)
  [5428/11794] 18236.sql -> outputs/stackoverflow_1gb/18236.txt  (1169 bytes, EXPLAIN stripped)
  [5429/11794] 18239.sql -> outputs/stackoverflow_1gb/18239.txt  (1150 bytes, EXPLAIN stripped)
  [5430/11794] 18241.sql -> outputs/stackoverflow_1gb/18241.txt  (1132 bytes, EXPLAIN stripped)
  [5431/11794] 18242.sql -> outputs/stackoverflow_1gb/18242.txt  (1112 bytes, EXPLAIN stripped)
  [5432/11794] 18243.sql -> outputs/stackoverflow_1gb/18243.txt  (1176 bytes, EXPLAIN stripped)
  [5433/11794] 18244.sql -> outputs/stackoverflow_1gb/18244.txt  (1170 bytes, EXPLAIN stripped)
  [5434/11794] 18245.sql -> outputs/stackoverflow_1gb/18245.txt  (1096 bytes, EXPLAIN stripped)
  [5435/11794] 18246.sql -> outputs/stackoverflow_1gb/18246.txt  (1214 bytes, EXPLAIN stripped)
  [5436/11794] 18247.sql -> outputs/stackoverflow_1gb/18247.txt  (970 bytes, EXPLAIN stripped)
  [5437/11794] 18253.sql -> outputs/stackoverflow_1gb/18253.txt  (1142 bytes, EXPLAIN stripped)
  [5438/11794] 18254.sql -> outputs/stackoverflow_1gb/18254.txt  (1056 bytes, EXPLAIN stripped)
  [5439/11794] 18255.sql -> outputs/stackoverflow_1gb/18255.txt  (1246 bytes, EXPLAIN stripped)
  [5440/11794] 18256.sql -> outputs/stackoverflow_1gb/18256.txt  (1132 bytes, EXPLAIN stripped)
  [5441/11794] 18257.sql -> outputs/stackoverflow_1gb/18257.txt  (1180 bytes, EXPLAIN stripped)
  [5442/11794] 18259.sql -> outputs/stackoverflow_1gb/18259.txt  (982 bytes, EXPLAIN stripped)
  [5443/11794] 18260.sql -> outputs/stackoverflow_1gb/18260.txt  (1092 bytes, EXPLAIN stripped)
  [5444/11794] 18261.sql -> outputs/stackoverflow_1gb/18261.txt  (1180 bytes, EXPLAIN stripped)
  [5445/11794] 18262.sql -> outputs/stackoverflow_1gb/18262.txt  (76 bytes, EXPLAIN stripped)
  [5446/11794] 18266.sql -> outputs/stackoverflow_1gb/18266.txt  (1056 bytes, EXPLAIN stripped)
  [5447/11794] 18267.sql -> outputs/stackoverflow_1gb/18267.txt  (1133 bytes, EXPLAIN stripped)
  [5448/11794] 18269.sql -> outputs/stackoverflow_1gb/18269.txt  (886 bytes, EXPLAIN stripped)
  [5449/11794] 1827.sql -> outputs/stackoverflow_1gb/1827.txt  (113249 bytes, EXPLAIN stripped)
  [5450/11794] 18271.sql -> outputs/stackoverflow_1gb/18271.txt  (1126 bytes, EXPLAIN stripped)
  [5451/11794] 18272.sql -> outputs/stackoverflow_1gb/18272.txt  (1204 bytes, EXPLAIN stripped)
  [5452/11794] 18273.sql -> outputs/stackoverflow_1gb/18273.txt  (994 bytes, EXPLAIN stripped)
  [5453/11794] 18275.sql -> outputs/stackoverflow_1gb/18275.txt  (1133 bytes, EXPLAIN stripped)
  [5454/11794] 18277.sql -> outputs/stackoverflow_1gb/18277.txt  (366 bytes, EXPLAIN stripped)
  [5455/11794] 18278.sql -> outputs/stackoverflow_1gb/18278.txt  (1126 bytes, EXPLAIN stripped)
  [5456/11794] 18279.sql -> outputs/stackoverflow_1gb/18279.txt  (1222 bytes, EXPLAIN stripped)
  [5457/11794] 18280.sql -> outputs/stackoverflow_1gb/18280.txt  (1214 bytes, EXPLAIN stripped)
  [5458/11794] 18282.sql -> outputs/stackoverflow_1gb/18282.txt  (1180 bytes, EXPLAIN stripped)
  [5459/11794] 18283.sql -> outputs/stackoverflow_1gb/18283.txt  (1102 bytes, EXPLAIN stripped)
  [5460/11794] 18284.sql -> outputs/stackoverflow_1gb/18284.txt  (1126 bytes, EXPLAIN stripped)
  [5461/11794] 18285.sql -> outputs/stackoverflow_1gb/18285.txt  (945 bytes, EXPLAIN stripped)
  [5462/11794] 18286.sql -> outputs/stackoverflow_1gb/18286.txt  (1238 bytes, EXPLAIN stripped)
  [5463/11794] 18287.sql -> outputs/stackoverflow_1gb/18287.txt  (1093 bytes, EXPLAIN stripped)
  [5464/11794] 18289.sql -> outputs/stackoverflow_1gb/18289.txt  (1180 bytes, EXPLAIN stripped)
  [5465/11794] 18290.sql -> outputs/stackoverflow_1gb/18290.txt  (952 bytes, EXPLAIN stripped)
  [5466/11794] 18292.sql -> outputs/stackoverflow_1gb/18292.txt  (1247 bytes, EXPLAIN stripped)
  [5467/11794] 18297.sql -> outputs/stackoverflow_1gb/18297.txt  (85726 bytes, EXPLAIN stripped)
  [5468/11794] 18298.sql -> outputs/stackoverflow_1gb/18298.txt  (1093 bytes, EXPLAIN stripped)
  [5469/11794] 18299.sql -> outputs/stackoverflow_1gb/18299.txt  (1059 bytes, EXPLAIN stripped)
  [5470/11794] 18300.sql -> outputs/stackoverflow_1gb/18300.txt  (1156 bytes, EXPLAIN stripped)
  [5471/11794] 18301.sql -> outputs/stackoverflow_1gb/18301.txt  (1279 bytes, EXPLAIN stripped)
  [5472/11794] 18302.sql -> outputs/stackoverflow_1gb/18302.txt  (1204 bytes, EXPLAIN stripped)
  [5473/11794] 18303.sql -> outputs/stackoverflow_1gb/18303.txt  (1246 bytes, EXPLAIN stripped)
  [5474/11794] 18304.sql -> outputs/stackoverflow_1gb/18304.txt  (963 bytes, EXPLAIN stripped)
  [5475/11794] 18305.sql -> outputs/stackoverflow_1gb/18305.txt  (936 bytes, EXPLAIN stripped)
  [5476/11794] 18307.sql -> outputs/stackoverflow_1gb/18307.txt  (1127 bytes, EXPLAIN stripped)
  [5477/11794] 18308.sql -> outputs/stackoverflow_1gb/18308.txt  (1180 bytes, EXPLAIN stripped)
  [5478/11794] 18309.sql -> outputs/stackoverflow_1gb/18309.txt  (1214 bytes, EXPLAIN stripped)
  [5479/11794] 18311.sql -> outputs/stackoverflow_1gb/18311.txt  (368 bytes, EXPLAIN stripped)
  [5480/11794] 18312.sql -> outputs/stackoverflow_1gb/18312.txt  (1236 bytes, EXPLAIN stripped)
  [5481/11794] 18314.sql -> outputs/stackoverflow_1gb/18314.txt  (1018 bytes, EXPLAIN stripped)
  [5482/11794] 18316.sql -> outputs/stackoverflow_1gb/18316.txt  (1168 bytes, EXPLAIN stripped)
  [5483/11794] 18317.sql -> outputs/stackoverflow_1gb/18317.txt  (1125 bytes, EXPLAIN stripped)
  [5484/11794] 18318.sql -> outputs/stackoverflow_1gb/18318.txt  (1132 bytes, EXPLAIN stripped)
  [5485/11794] 18319.sql -> outputs/stackoverflow_1gb/18319.txt  (1179 bytes, EXPLAIN stripped)
  [5486/11794] 1832.sql -> outputs/stackoverflow_1gb/1832.txt  (5194 bytes, EXPLAIN stripped)
  [5487/11794] 18320.sql -> outputs/stackoverflow_1gb/18320.txt  (1238 bytes, EXPLAIN stripped)
  [5488/11794] 18321.sql -> outputs/stackoverflow_1gb/18321.txt  (936 bytes, EXPLAIN stripped)
  [5489/11794] 18324.sql -> outputs/stackoverflow_1gb/18324.txt  (1166 bytes, EXPLAIN stripped)
  [5490/11794] 18325.sql -> outputs/stackoverflow_1gb/18325.txt  (485 bytes, EXPLAIN stripped)
  [5491/11794] 18327.sql -> outputs/stackoverflow_1gb/18327.txt  (1021 bytes, EXPLAIN stripped)
  [5492/11794] 18328.sql -> outputs/stackoverflow_1gb/18328.txt  (1015 bytes, EXPLAIN stripped)
  [5493/11794] 18329.sql -> outputs/stackoverflow_1gb/18329.txt  (1137 bytes, EXPLAIN stripped)
  [5494/11794] 1833.sql -> outputs/stackoverflow_1gb/1833.txt  (429 bytes, EXPLAIN stripped)
  [5495/11794] 18330.sql -> outputs/stackoverflow_1gb/18330.txt  (1251 bytes, EXPLAIN stripped)
  [5496/11794] 18331.sql -> outputs/stackoverflow_1gb/18331.txt  (936 bytes, EXPLAIN stripped)
  [5497/11794] 18333.sql -> outputs/stackoverflow_1gb/18333.txt  (1142 bytes, EXPLAIN stripped)
  [5498/11794] 18334.sql -> outputs/stackoverflow_1gb/18334.txt  (1166 bytes, EXPLAIN stripped)
  [5499/11794] 18336.sql -> outputs/stackoverflow_1gb/18336.txt  (1236 bytes, EXPLAIN stripped)
  [5500/11794] 18338.sql -> outputs/stackoverflow_1gb/18338.txt  (4407 bytes, EXPLAIN stripped)
  [5501/11794] 18339.sql -> outputs/stackoverflow_1gb/18339.txt  (1103 bytes, EXPLAIN stripped)
  [5502/11794] 18340.sql -> outputs/stackoverflow_1gb/18340.txt  (1159 bytes, EXPLAIN stripped)
  [5503/11794] 18341.sql -> outputs/stackoverflow_1gb/18341.txt  (1095 bytes, EXPLAIN stripped)
  [5504/11794] 18342.sql -> outputs/stackoverflow_1gb/18342.txt  (1133 bytes, EXPLAIN stripped)
  [5505/11794] 18343.sql -> outputs/stackoverflow_1gb/18343.txt  (874 bytes, EXPLAIN stripped)
  [5506/11794] 18344.sql -> outputs/stackoverflow_1gb/18344.txt  (994 bytes, EXPLAIN stripped)
  [5507/11794] 18346.sql -> outputs/stackoverflow_1gb/18346.txt  (1157 bytes, EXPLAIN stripped)
  [5508/11794] 18347.sql -> outputs/stackoverflow_1gb/18347.txt  (1110 bytes, EXPLAIN stripped)
  [5509/11794] 18351.sql -> outputs/stackoverflow_1gb/18351.txt  (1156 bytes, EXPLAIN stripped)
  [5510/11794] 18353.sql -> outputs/stackoverflow_1gb/18353.txt  (1022 bytes, EXPLAIN stripped)
  [5511/11794] 18355.sql -> outputs/stackoverflow_1gb/18355.txt  (1303 bytes, EXPLAIN stripped)
  [5512/11794] 18356.sql -> outputs/stackoverflow_1gb/18356.txt  (1171 bytes, EXPLAIN stripped)
  [5513/11794] 18357.sql -> outputs/stackoverflow_1gb/18357.txt  (1214 bytes, EXPLAIN stripped)
  [5514/11794] 18358.sql -> outputs/stackoverflow_1gb/18358.txt  (1132 bytes, EXPLAIN stripped)
  [5515/11794] 18362.sql -> outputs/stackoverflow_1gb/18362.txt  (1063 bytes, EXPLAIN stripped)
  [5516/11794] 18363.sql -> outputs/stackoverflow_1gb/18363.txt  (1186 bytes, EXPLAIN stripped)
  [5517/11794] 18364.sql -> outputs/stackoverflow_1gb/18364.txt  (1169 bytes, EXPLAIN stripped)
  [5518/11794] 18366.sql -> outputs/stackoverflow_1gb/18366.txt  (1207 bytes, EXPLAIN stripped)
  [5519/11794] 18368.sql -> outputs/stackoverflow_1gb/18368.txt  (1137 bytes, EXPLAIN stripped)
  [5520/11794] 18369.sql -> outputs/stackoverflow_1gb/18369.txt  (1095 bytes, EXPLAIN stripped)
  [5521/11794] 18371.sql -> outputs/stackoverflow_1gb/18371.txt  (1098 bytes, EXPLAIN stripped)
  [5522/11794] 18372.sql -> outputs/stackoverflow_1gb/18372.txt  (112767 bytes, EXPLAIN stripped)
  [5523/11794] 18373.sql -> outputs/stackoverflow_1gb/18373.txt  (1209 bytes, EXPLAIN stripped)
  [5524/11794] 18376.sql -> outputs/stackoverflow_1gb/18376.txt  (1219 bytes, EXPLAIN stripped)
  [5525/11794] 18378.sql -> outputs/stackoverflow_1gb/18378.txt  (1138 bytes, EXPLAIN stripped)
  [5526/11794] 18379.sql -> outputs/stackoverflow_1gb/18379.txt  (1164 bytes, EXPLAIN stripped)
  [5527/11794] 18380.sql -> outputs/stackoverflow_1gb/18380.txt  (1279 bytes, EXPLAIN stripped)
  [5528/11794] 18381.sql -> outputs/stackoverflow_1gb/18381.txt  (1208 bytes, EXPLAIN stripped)
  [5529/11794] 18384.sql -> outputs/stackoverflow_1gb/18384.txt  (1065 bytes, EXPLAIN stripped)
  [5530/11794] 18385.sql -> outputs/stackoverflow_1gb/18385.txt  (1596 bytes, EXPLAIN stripped)
  [5531/11794] 18387.sql -> outputs/stackoverflow_1gb/18387.txt  (936 bytes, EXPLAIN stripped)
  [5532/11794] 18388.sql -> outputs/stackoverflow_1gb/18388.txt  (1175 bytes, EXPLAIN stripped)
  [5533/11794] 18389.sql -> outputs/stackoverflow_1gb/18389.txt  (1214 bytes, EXPLAIN stripped)
  [5534/11794] 18390.sql -> outputs/stackoverflow_1gb/18390.txt  (747 bytes, EXPLAIN stripped)
  [5535/11794] 18391.sql -> outputs/stackoverflow_1gb/18391.txt  (1103 bytes, EXPLAIN stripped)
  [5536/11794] 18392.sql -> outputs/stackoverflow_1gb/18392.txt  (1206 bytes, EXPLAIN stripped)
  [5537/11794] 18393.sql -> outputs/stackoverflow_1gb/18393.txt  (1180 bytes, EXPLAIN stripped)
  [5538/11794] 18394.sql -> outputs/stackoverflow_1gb/18394.txt  (1121 bytes, EXPLAIN stripped)
  [5539/11794] 18395.sql -> outputs/stackoverflow_1gb/18395.txt  (1169 bytes, EXPLAIN stripped)
  [5540/11794] 18396.sql -> outputs/stackoverflow_1gb/18396.txt  (1205 bytes, EXPLAIN stripped)
  [5541/11794] 18397.sql -> outputs/stackoverflow_1gb/18397.txt  (1246 bytes, EXPLAIN stripped)
  [5542/11794] 18399.sql -> outputs/stackoverflow_1gb/18399.txt  (1207 bytes, EXPLAIN stripped)
  [5543/11794] 1840.sql -> outputs/stackoverflow_1gb/1840.txt  (44618 bytes, EXPLAIN stripped)
  [5544/11794] 18400.sql -> outputs/stackoverflow_1gb/18400.txt  (1050 bytes, EXPLAIN stripped)
  [5545/11794] 18401.sql -> outputs/stackoverflow_1gb/18401.txt  (1207 bytes, EXPLAIN stripped)
  [5546/11794] 18402.sql -> outputs/stackoverflow_1gb/18402.txt  (1230 bytes, EXPLAIN stripped)
  [5547/11794] 18403.sql -> outputs/stackoverflow_1gb/18403.txt  (1151 bytes, EXPLAIN stripped)
  [5548/11794] 18405.sql -> outputs/stackoverflow_1gb/18405.txt  (1203 bytes, EXPLAIN stripped)
  [5549/11794] 18406.sql -> outputs/stackoverflow_1gb/18406.txt  (994 bytes, EXPLAIN stripped)
  [5550/11794] 18407.sql -> outputs/stackoverflow_1gb/18407.txt  (1153 bytes, EXPLAIN stripped)
  [5551/11794] 18409.sql -> outputs/stackoverflow_1gb/18409.txt  (974 bytes, EXPLAIN stripped)
  [5552/11794] 18411.sql -> outputs/stackoverflow_1gb/18411.txt  (1156 bytes, EXPLAIN stripped)
  [5553/11794] 18412.sql -> outputs/stackoverflow_1gb/18412.txt  (318 bytes, EXPLAIN stripped)
  [5554/11794] 18414.sql -> outputs/stackoverflow_1gb/18414.txt  (1180 bytes, EXPLAIN stripped)
  [5555/11794] 18415.sql -> outputs/stackoverflow_1gb/18415.txt  (1247 bytes, EXPLAIN stripped)
  [5556/11794] 18418.sql -> outputs/stackoverflow_1gb/18418.txt  (1214 bytes, EXPLAIN stripped)
  [5557/11794] 18422.sql -> outputs/stackoverflow_1gb/18422.txt  (493 bytes, EXPLAIN stripped)
  [5558/11794] 18423.sql -> outputs/stackoverflow_1gb/18423.txt  (1098 bytes, EXPLAIN stripped)
  [5559/11794] 18427.sql -> outputs/stackoverflow_1gb/18427.txt  (1238 bytes, EXPLAIN stripped)
  [5560/11794] 18429.sql -> outputs/stackoverflow_1gb/18429.txt  (1207 bytes, EXPLAIN stripped)
  [5561/11794] 1843.sql -> outputs/stackoverflow_1gb/1843.txt  (592 bytes, EXPLAIN stripped)
  [5562/11794] 18432.sql -> outputs/stackoverflow_1gb/18432.txt  (1092 bytes, EXPLAIN stripped)
  [5563/11794] 18433.sql -> outputs/stackoverflow_1gb/18433.txt  (11242 bytes, EXPLAIN stripped)
  [5564/11794] 18438.sql -> outputs/stackoverflow_1gb/18438.txt  (1161 bytes, EXPLAIN stripped)
  [5565/11794] 18439.sql -> outputs/stackoverflow_1gb/18439.txt  (1169 bytes, EXPLAIN stripped)
  [5566/11794] 18440.sql -> outputs/stackoverflow_1gb/18440.txt  (1177 bytes, EXPLAIN stripped)
  [5567/11794] 18441.sql -> outputs/stackoverflow_1gb/18441.txt  (1098 bytes, EXPLAIN stripped)
  [5568/11794] 18442.sql -> outputs/stackoverflow_1gb/18442.txt  (1246 bytes, EXPLAIN stripped)
  [5569/11794] 18443.sql -> outputs/stackoverflow_1gb/18443.txt  (1130 bytes, EXPLAIN stripped)
  [5570/11794] 18448.sql -> outputs/stackoverflow_1gb/18448.txt  (1093 bytes, EXPLAIN stripped)
  [5571/11794] 18449.sql -> outputs/stackoverflow_1gb/18449.txt  (1137 bytes, EXPLAIN stripped)
  [5572/11794] 18450.sql -> outputs/stackoverflow_1gb/18450.txt  (1087 bytes, EXPLAIN stripped)
  [5573/11794] 18451.sql -> outputs/stackoverflow_1gb/18451.txt  (1233 bytes, EXPLAIN stripped)
  [5574/11794] 18453.sql -> outputs/stackoverflow_1gb/18453.txt  (1540 bytes, EXPLAIN stripped)
  [5575/11794] 18454.sql -> outputs/stackoverflow_1gb/18454.txt  (1228 bytes, EXPLAIN stripped)
  [5576/11794] 18456.sql -> outputs/stackoverflow_1gb/18456.txt  (1204 bytes, EXPLAIN stripped)
  [5577/11794] 18457.sql -> outputs/stackoverflow_1gb/18457.txt  (1246 bytes, EXPLAIN stripped)
  [5578/11794] 18458.sql -> outputs/stackoverflow_1gb/18458.txt  (1037 bytes, EXPLAIN stripped)
  [5579/11794] 18459.sql -> outputs/stackoverflow_1gb/18459.txt  (1180 bytes, EXPLAIN stripped)
  [5580/11794] 18460.sql -> outputs/stackoverflow_1gb/18460.txt  (1246 bytes, EXPLAIN stripped)
  [5581/11794] 18463.sql -> outputs/stackoverflow_1gb/18463.txt  (1210 bytes, EXPLAIN stripped)
  [5582/11794] 18464.sql -> outputs/stackoverflow_1gb/18464.txt  (1237 bytes, EXPLAIN stripped)
  [5583/11794] 18468.sql -> outputs/stackoverflow_1gb/18468.txt  (1065 bytes, EXPLAIN stripped)
  [5584/11794] 18469.sql -> outputs/stackoverflow_1gb/18469.txt  (1176 bytes, EXPLAIN stripped)
  [5585/11794] 18470.sql -> outputs/stackoverflow_1gb/18470.txt  (318 bytes, EXPLAIN stripped)
  [5586/11794] 18471.sql -> outputs/stackoverflow_1gb/18471.txt  (941 bytes, EXPLAIN stripped)
  [5587/11794] 18477.sql -> outputs/stackoverflow_1gb/18477.txt  (936 bytes, EXPLAIN stripped)
  [5588/11794] 18478.sql -> outputs/stackoverflow_1gb/18478.txt  (1169 bytes, EXPLAIN stripped)
  [5589/11794] 18479.sql -> outputs/stackoverflow_1gb/18479.txt  (1274 bytes, EXPLAIN stripped)
  [5590/11794] 18480.sql -> outputs/stackoverflow_1gb/18480.txt  (1247 bytes, EXPLAIN stripped)
  [5591/11794] 18481.sql -> outputs/stackoverflow_1gb/18481.txt  (1021 bytes, EXPLAIN stripped)
  [5592/11794] 18483.sql -> outputs/stackoverflow_1gb/18483.txt  (1007 bytes, EXPLAIN stripped)
  [5593/11794] 18484.sql -> outputs/stackoverflow_1gb/18484.txt  (1137 bytes, EXPLAIN stripped)
  [5594/11794] 18485.sql -> outputs/stackoverflow_1gb/18485.txt  (1132 bytes, EXPLAIN stripped)
  [5595/11794] 18487.sql -> outputs/stackoverflow_1gb/18487.txt  (1104 bytes, EXPLAIN stripped)
  [5596/11794] 18488.sql -> outputs/stackoverflow_1gb/18488.txt  (1104 bytes, EXPLAIN stripped)
  [5597/11794] 18489.sql -> outputs/stackoverflow_1gb/18489.txt  (1142 bytes, EXPLAIN stripped)
  [5598/11794] 18490.sql -> outputs/stackoverflow_1gb/18490.txt  (1016 bytes, EXPLAIN stripped)
  [5599/11794] 18491.sql -> outputs/stackoverflow_1gb/18491.txt  (936 bytes, EXPLAIN stripped)
  [5600/11794] 18493.sql -> outputs/stackoverflow_1gb/18493.txt  (1266 bytes, EXPLAIN stripped)
  [5601/11794] 18494.sql -> outputs/stackoverflow_1gb/18494.txt  (1177 bytes, EXPLAIN stripped)
  [5602/11794] 18497.sql -> outputs/stackoverflow_1gb/18497.txt  (1091 bytes, EXPLAIN stripped)
  [5603/11794] 18499.sql -> outputs/stackoverflow_1gb/18499.txt  (1239 bytes, EXPLAIN stripped)
  [5604/11794] 185.sql -> outputs/stackoverflow_1gb/185.txt  (131 bytes, EXPLAIN stripped)
  [5605/11794] 18500.sql -> outputs/stackoverflow_1gb/18500.txt  (1214 bytes, EXPLAIN stripped)
  [5606/11794] 18502.sql -> outputs/stackoverflow_1gb/18502.txt  (112677 bytes, EXPLAIN stripped)
  [5607/11794] 18504.sql -> outputs/stackoverflow_1gb/18504.txt  (327 bytes, EXPLAIN stripped)
  [5608/11794] 18507.sql -> outputs/stackoverflow_1gb/18507.txt  (1214 bytes, EXPLAIN stripped)
  [5609/11794] 18509.sql -> outputs/stackoverflow_1gb/18509.txt  (1237 bytes, EXPLAIN stripped)
  [5610/11794] 18510.sql -> outputs/stackoverflow_1gb/18510.txt  (969 bytes, EXPLAIN stripped)
  [5611/11794] 18513.sql -> outputs/stackoverflow_1gb/18513.txt  (1247 bytes, EXPLAIN stripped)
  [5612/11794] 18514.sql -> outputs/stackoverflow_1gb/18514.txt  (1127 bytes, EXPLAIN stripped)
  [5613/11794] 18515.sql -> outputs/stackoverflow_1gb/18515.txt  (1126 bytes, EXPLAIN stripped)
  [5614/11794] 18517.sql -> outputs/stackoverflow_1gb/18517.txt  (746 bytes, EXPLAIN stripped)
  [5615/11794] 18519.sql -> outputs/stackoverflow_1gb/18519.txt  (1103 bytes, EXPLAIN stripped)
  [5616/11794] 18521.sql -> outputs/stackoverflow_1gb/18521.txt  (1010 bytes, EXPLAIN stripped)
  [5617/11794] 18524.sql -> outputs/stackoverflow_1gb/18524.txt  (1011 bytes, EXPLAIN stripped)
  [5618/11794] 18525.sql -> outputs/stackoverflow_1gb/18525.txt  (1126 bytes, EXPLAIN stripped)
  [5619/11794] 18527.sql -> outputs/stackoverflow_1gb/18527.txt  (1093 bytes, EXPLAIN stripped)
  [5620/11794] 18529.sql -> outputs/stackoverflow_1gb/18529.txt  (969 bytes, EXPLAIN stripped)
  [5621/11794] 18530.sql -> outputs/stackoverflow_1gb/18530.txt  (1175 bytes, EXPLAIN stripped)
  [5622/11794] 18531.sql -> outputs/stackoverflow_1gb/18531.txt  (1109 bytes, EXPLAIN stripped)
  [5623/11794] 18532.sql -> outputs/stackoverflow_1gb/18532.txt  (1093 bytes, EXPLAIN stripped)
  [5624/11794] 18535.sql -> outputs/stackoverflow_1gb/18535.txt  (1180 bytes, EXPLAIN stripped)
  [5625/11794] 18536.sql -> outputs/stackoverflow_1gb/18536.txt  (1138 bytes, EXPLAIN stripped)
  [5626/11794] 18539.sql -> outputs/stackoverflow_1gb/18539.txt  (1186 bytes, EXPLAIN stripped)
  [5627/11794] 1854.sql -> outputs/stackoverflow_1gb/1854.txt  (52685 bytes, EXPLAIN stripped)
  [5628/11794] 18541.sql -> outputs/stackoverflow_1gb/18541.txt  (1054 bytes, EXPLAIN stripped)
  [5629/11794] 18542.sql -> outputs/stackoverflow_1gb/18542.txt  (1180 bytes, EXPLAIN stripped)
  [5630/11794] 18543.sql -> outputs/stackoverflow_1gb/18543.txt  (1049 bytes, EXPLAIN stripped)
  [5631/11794] 18545.sql -> outputs/stackoverflow_1gb/18545.txt  (1180 bytes, EXPLAIN stripped)
  [5632/11794] 18548.sql -> outputs/stackoverflow_1gb/18548.txt  (1093 bytes, EXPLAIN stripped)
  [5633/11794] 18550.sql -> outputs/stackoverflow_1gb/18550.txt  (1137 bytes, EXPLAIN stripped)
  [5634/11794] 18551.sql -> outputs/stackoverflow_1gb/18551.txt  (1010 bytes, EXPLAIN stripped)
  [5635/11794] 18554.sql -> outputs/stackoverflow_1gb/18554.txt  (1265 bytes, EXPLAIN stripped)
  [5636/11794] 18555.sql -> outputs/stackoverflow_1gb/18555.txt  (1127 bytes, EXPLAIN stripped)
  [5637/11794] 18556.sql -> outputs/stackoverflow_1gb/18556.txt  (1110 bytes, EXPLAIN stripped)
  [5638/11794] 18558.sql -> outputs/stackoverflow_1gb/18558.txt  (1098 bytes, EXPLAIN stripped)
  [5639/11794] 18559.sql -> outputs/stackoverflow_1gb/18559.txt  (1238 bytes, EXPLAIN stripped)
  [5640/11794] 1856.sql -> outputs/stackoverflow_1gb/1856.txt  (11796 bytes, EXPLAIN stripped)
  [5641/11794] 18561.sql -> outputs/stackoverflow_1gb/18561.txt  (1121 bytes, EXPLAIN stripped)
  [5642/11794] 18562.sql -> outputs/stackoverflow_1gb/18562.txt  (1046 bytes, EXPLAIN stripped)
  [5643/11794] 18563.sql -> outputs/stackoverflow_1gb/18563.txt  (1238 bytes, EXPLAIN stripped)
  [5644/11794] 18566.sql -> outputs/stackoverflow_1gb/18566.txt  (1246 bytes, EXPLAIN stripped)
  [5645/11794] 18568.sql -> outputs/stackoverflow_1gb/18568.txt  (1247 bytes, EXPLAIN stripped)
  [5646/11794] 18571.sql -> outputs/stackoverflow_1gb/18571.txt  (1137 bytes, EXPLAIN stripped)
  [5647/11794] 18572.sql -> outputs/stackoverflow_1gb/18572.txt  (1895 bytes, EXPLAIN stripped)
  [5648/11794] 18573.sql -> outputs/stackoverflow_1gb/18573.txt  (987 bytes, EXPLAIN stripped)
  [5649/11794] 18574.sql -> outputs/stackoverflow_1gb/18574.txt  (1127 bytes, EXPLAIN stripped)
  [5650/11794] 18575.sql -> outputs/stackoverflow_1gb/18575.txt  (8132 bytes, EXPLAIN stripped)
  [5651/11794] 18576.sql -> outputs/stackoverflow_1gb/18576.txt  (1130 bytes, EXPLAIN stripped)
  [5652/11794] 18580.sql -> outputs/stackoverflow_1gb/18580.txt  (1246 bytes, EXPLAIN stripped)
  [5653/11794] 18582.sql -> outputs/stackoverflow_1gb/18582.txt  (1015 bytes, EXPLAIN stripped)
  [5654/11794] 18583.sql -> outputs/stackoverflow_1gb/18583.txt  (1137 bytes, EXPLAIN stripped)
  [5655/11794] 18585.sql -> outputs/stackoverflow_1gb/18585.txt  (1208 bytes, EXPLAIN stripped)
  [5656/11794] 18586.sql -> outputs/stackoverflow_1gb/18586.txt  (1279 bytes, EXPLAIN stripped)
  [5657/11794] 18587.sql -> outputs/stackoverflow_1gb/18587.txt  (1126 bytes, EXPLAIN stripped)
  [5658/11794] 1859.sql -> outputs/stackoverflow_1gb/1859.txt  (457 bytes, EXPLAIN stripped)
  [5659/11794] 18590.sql -> outputs/stackoverflow_1gb/18590.txt  (1227 bytes, EXPLAIN stripped)
  [5660/11794] 18592.sql -> outputs/stackoverflow_1gb/18592.txt  (969 bytes, EXPLAIN stripped)
  [5661/11794] 18593.sql -> outputs/stackoverflow_1gb/18593.txt  (1207 bytes, EXPLAIN stripped)
  [5662/11794] 18594.sql -> outputs/stackoverflow_1gb/18594.txt  (1177 bytes, EXPLAIN stripped)
  [5663/11794] 18595.sql -> outputs/stackoverflow_1gb/18595.txt  (1219 bytes, EXPLAIN stripped)
  [5664/11794] 18596.sql -> outputs/stackoverflow_1gb/18596.txt  (11261 bytes, EXPLAIN stripped)
  [5665/11794] 18597.sql -> outputs/stackoverflow_1gb/18597.txt  (1149 bytes, EXPLAIN stripped)
  [5666/11794] 18601.sql -> outputs/stackoverflow_1gb/18601.txt  (1093 bytes, EXPLAIN stripped)
  [5667/11794] 18602.sql -> outputs/stackoverflow_1gb/18602.txt  (1246 bytes, EXPLAIN stripped)
  [5668/11794] 18603.sql -> outputs/stackoverflow_1gb/18603.txt  (1080 bytes, EXPLAIN stripped)
  [5669/11794] 18604.sql -> outputs/stackoverflow_1gb/18604.txt  (1238 bytes, EXPLAIN stripped)
  [5670/11794] 18609.sql -> outputs/stackoverflow_1gb/18609.txt  (1114 bytes, EXPLAIN stripped)
  [5671/11794] 18612.sql -> outputs/stackoverflow_1gb/18612.txt  (672 bytes, EXPLAIN stripped)
  [5672/11794] 18614.sql -> outputs/stackoverflow_1gb/18614.txt  (1102 bytes, EXPLAIN stripped)
  [5673/11794] 18618.sql -> outputs/stackoverflow_1gb/18618.txt  (1238 bytes, EXPLAIN stripped)
  [5674/11794] 18619.sql -> outputs/stackoverflow_1gb/18619.txt  (1170 bytes, EXPLAIN stripped)
  [5675/11794] 18620.sql -> outputs/stackoverflow_1gb/18620.txt  (894 bytes, EXPLAIN stripped)
  [5676/11794] 18625.sql -> outputs/stackoverflow_1gb/18625.txt  (1137 bytes, EXPLAIN stripped)
  [5677/11794] 18626.sql -> outputs/stackoverflow_1gb/18626.txt  (1161 bytes, EXPLAIN stripped)
  [5678/11794] 18627.sql -> outputs/stackoverflow_1gb/18627.txt  (969 bytes, EXPLAIN stripped)
  [5679/11794] 18628.sql -> outputs/stackoverflow_1gb/18628.txt  (1170 bytes, EXPLAIN stripped)
  [5680/11794] 18629.sql -> outputs/stackoverflow_1gb/18629.txt  (969 bytes, EXPLAIN stripped)
  [5681/11794] 18630.sql -> outputs/stackoverflow_1gb/18630.txt  (1246 bytes, EXPLAIN stripped)
  [5682/11794] 18632.sql -> outputs/stackoverflow_1gb/18632.txt  (281 bytes, EXPLAIN stripped)
  [5683/11794] 18634.sql -> outputs/stackoverflow_1gb/18634.txt  (1204 bytes, EXPLAIN stripped)
  [5684/11794] 18635.sql -> outputs/stackoverflow_1gb/18635.txt  (1247 bytes, EXPLAIN stripped)
  [5685/11794] 18636.sql -> outputs/stackoverflow_1gb/18636.txt  (1132 bytes, EXPLAIN stripped)
  [5686/11794] 18637.sql -> outputs/stackoverflow_1gb/18637.txt  (1166 bytes, EXPLAIN stripped)
  [5687/11794] 18638.sql -> outputs/stackoverflow_1gb/18638.txt  (1118 bytes, EXPLAIN stripped)
  [5688/11794] 18640.sql -> outputs/stackoverflow_1gb/18640.txt  (1140 bytes, EXPLAIN stripped)
  [5689/11794] 18642.sql -> outputs/stackoverflow_1gb/18642.txt  (1127 bytes, EXPLAIN stripped)
  [5690/11794] 18643.sql -> outputs/stackoverflow_1gb/18643.txt  (1156 bytes, EXPLAIN stripped)
  [5691/11794] 18644.sql -> outputs/stackoverflow_1gb/18644.txt  (290 bytes, EXPLAIN stripped)
  [5692/11794] 18645.sql -> outputs/stackoverflow_1gb/18645.txt  (279 bytes, EXPLAIN stripped)
  [5693/11794] 18646.sql -> outputs/stackoverflow_1gb/18646.txt  (1088 bytes, EXPLAIN stripped)
  [5694/11794] 18647.sql -> outputs/stackoverflow_1gb/18647.txt  (1235 bytes, EXPLAIN stripped)
  [5695/11794] 18648.sql -> outputs/stackoverflow_1gb/18648.txt  (1137 bytes, EXPLAIN stripped)
  [5696/11794] 18650.sql -> outputs/stackoverflow_1gb/18650.txt  (1247 bytes, EXPLAIN stripped)
  [5697/11794] 18654.sql -> outputs/stackoverflow_1gb/18654.txt  (1239 bytes, EXPLAIN stripped)
  [5698/11794] 18655.sql -> outputs/stackoverflow_1gb/18655.txt  (1103 bytes, EXPLAIN stripped)
  [5699/11794] 18656.sql -> outputs/stackoverflow_1gb/18656.txt  (1021 bytes, EXPLAIN stripped)
  [5700/11794] 18657.sql -> outputs/stackoverflow_1gb/18657.txt  (1212 bytes, EXPLAIN stripped)
  [5701/11794] 18658.sql -> outputs/stackoverflow_1gb/18658.txt  (1123 bytes, EXPLAIN stripped)
  [5702/11794] 18659.sql -> outputs/stackoverflow_1gb/18659.txt  (1025 bytes, EXPLAIN stripped)
  [5703/11794] 18660.sql -> outputs/stackoverflow_1gb/18660.txt  (1132 bytes, EXPLAIN stripped)
  [5704/11794] 18661.sql -> outputs/stackoverflow_1gb/18661.txt  (936 bytes, EXPLAIN stripped)
  [5705/11794] 18662.sql -> outputs/stackoverflow_1gb/18662.txt  (936 bytes, EXPLAIN stripped)
  [5706/11794] 18663.sql -> outputs/stackoverflow_1gb/18663.txt  (1170 bytes, EXPLAIN stripped)
  [5707/11794] 18664.sql -> outputs/stackoverflow_1gb/18664.txt  (936 bytes, EXPLAIN stripped)
  [5708/11794] 18665.sql -> outputs/stackoverflow_1gb/18665.txt  (1095 bytes, EXPLAIN stripped)
  [5709/11794] 18666.sql -> outputs/stackoverflow_1gb/18666.txt  (1128 bytes, EXPLAIN stripped)
  [5710/11794] 18668.sql -> outputs/stackoverflow_1gb/18668.txt  (831 bytes, EXPLAIN stripped)
  [5711/11794] 1867.sql -> outputs/stackoverflow_1gb/1867.txt  (7314 bytes, EXPLAIN stripped)
  [5712/11794] 18670.sql -> outputs/stackoverflow_1gb/18670.txt  (1059 bytes, EXPLAIN stripped)
  [5713/11794] 18675.sql -> outputs/stackoverflow_1gb/18675.txt  (1110 bytes, EXPLAIN stripped)
  [5714/11794] 18676.sql -> outputs/stackoverflow_1gb/18676.txt  (1160 bytes, EXPLAIN stripped)
  [5715/11794] 18677.sql -> outputs/stackoverflow_1gb/18677.txt  (1195 bytes, EXPLAIN stripped)
  [5716/11794] 18678.sql -> outputs/stackoverflow_1gb/18678.txt  (1214 bytes, EXPLAIN stripped)
  [5717/11794] 18679.sql -> outputs/stackoverflow_1gb/18679.txt  (1203 bytes, EXPLAIN stripped)
  [5718/11794] 18680.sql -> outputs/stackoverflow_1gb/18680.txt  (1173 bytes, EXPLAIN stripped)
  [5719/11794] 18681.sql -> outputs/stackoverflow_1gb/18681.txt  (1123 bytes, EXPLAIN stripped)
  [5720/11794] 18682.sql -> outputs/stackoverflow_1gb/18682.txt  (1228 bytes, EXPLAIN stripped)
  [5721/11794] 18684.sql -> outputs/stackoverflow_1gb/18684.txt  (110679 bytes, EXPLAIN stripped)
  [5722/11794] 18685.sql -> outputs/stackoverflow_1gb/18685.txt  (936 bytes, EXPLAIN stripped)
  [5723/11794] 18686.sql -> outputs/stackoverflow_1gb/18686.txt  (970 bytes, EXPLAIN stripped)
  [5724/11794] 18687.sql -> outputs/stackoverflow_1gb/18687.txt  (1247 bytes, EXPLAIN stripped)
  [5725/11794] 18690.sql -> outputs/stackoverflow_1gb/18690.txt  (1110 bytes, EXPLAIN stripped)
  [5726/11794] 18692.sql -> outputs/stackoverflow_1gb/18692.txt  (1237 bytes, EXPLAIN stripped)
  [5727/11794] 18693.sql -> outputs/stackoverflow_1gb/18693.txt  (1137 bytes, EXPLAIN stripped)
  [5728/11794] 18695.sql -> outputs/stackoverflow_1gb/18695.txt  (1077 bytes, EXPLAIN stripped)
  [5729/11794] 18697.sql -> outputs/stackoverflow_1gb/18697.txt  (978 bytes, EXPLAIN stripped)
  [5730/11794] 18698.sql -> outputs/stackoverflow_1gb/18698.txt  (1144 bytes, EXPLAIN stripped)
  [5731/11794] 18699.sql -> outputs/stackoverflow_1gb/18699.txt  (1238 bytes, EXPLAIN stripped)
  [5732/11794] 187.sql -> outputs/stackoverflow_1gb/187.txt  (1326 bytes, EXPLAIN stripped)
  [5733/11794] 1870.sql -> outputs/stackoverflow_1gb/1870.txt  (1162 bytes, EXPLAIN stripped)
  [5734/11794] 18700.sql -> outputs/stackoverflow_1gb/18700.txt  (1180 bytes, EXPLAIN stripped)
  [5735/11794] 18701.sql -> outputs/stackoverflow_1gb/18701.txt  (417 bytes, EXPLAIN stripped)
  [5736/11794] 18702.sql -> outputs/stackoverflow_1gb/18702.txt  (1214 bytes, EXPLAIN stripped)
  [5737/11794] 18703.sql -> outputs/stackoverflow_1gb/18703.txt  (1132 bytes, EXPLAIN stripped)
  [5738/11794] 18704.sql -> outputs/stackoverflow_1gb/18704.txt  (1132 bytes, EXPLAIN stripped)
  [5739/11794] 18705.sql -> outputs/stackoverflow_1gb/18705.txt  (1238 bytes, EXPLAIN stripped)
  [5740/11794] 18706.sql -> outputs/stackoverflow_1gb/18706.txt  (1041 bytes, EXPLAIN stripped)
  [5741/11794] 18709.sql -> outputs/stackoverflow_1gb/18709.txt  (936 bytes, EXPLAIN stripped)
  [5742/11794] 18711.sql -> outputs/stackoverflow_1gb/18711.txt  (1247 bytes, EXPLAIN stripped)
  [5743/11794] 18712.sql -> outputs/stackoverflow_1gb/18712.txt  (1173 bytes, EXPLAIN stripped)
  [5744/11794] 18713.sql -> outputs/stackoverflow_1gb/18713.txt  (112670 bytes, EXPLAIN stripped)
  [5745/11794] 18714.sql -> outputs/stackoverflow_1gb/18714.txt  (976 bytes, EXPLAIN stripped)
  [5746/11794] 18715.sql -> outputs/stackoverflow_1gb/18715.txt  (1130 bytes, EXPLAIN stripped)
  [5747/11794] 18718.sql -> outputs/stackoverflow_1gb/18718.txt  (1170 bytes, EXPLAIN stripped)
  [5748/11794] 18720.sql -> outputs/stackoverflow_1gb/18720.txt  (1021 bytes, EXPLAIN stripped)
  [5749/11794] 18721.sql -> outputs/stackoverflow_1gb/18721.txt  (1208 bytes, EXPLAIN stripped)
  [5750/11794] 18725.sql -> outputs/stackoverflow_1gb/18725.txt  (1132 bytes, EXPLAIN stripped)
  [5751/11794] 18726.sql -> outputs/stackoverflow_1gb/18726.txt  (1156 bytes, EXPLAIN stripped)
  [5752/11794] 18729.sql -> outputs/stackoverflow_1gb/18729.txt  (18711 bytes, EXPLAIN stripped)
  [5753/11794] 18730.sql -> outputs/stackoverflow_1gb/18730.txt  (1137 bytes, EXPLAIN stripped)
  [5754/11794] 18732.sql -> outputs/stackoverflow_1gb/18732.txt  (1039 bytes, EXPLAIN stripped)
  [5755/11794] 18734.sql -> outputs/stackoverflow_1gb/18734.txt  (1137 bytes, EXPLAIN stripped)
  [5756/11794] 18735.sql -> outputs/stackoverflow_1gb/18735.txt  (1084 bytes, EXPLAIN stripped)
  [5757/11794] 18736.sql -> outputs/stackoverflow_1gb/18736.txt  (1208 bytes, EXPLAIN stripped)
  [5758/11794] 18737.sql -> outputs/stackoverflow_1gb/18737.txt  (1093 bytes, EXPLAIN stripped)
  [5759/11794] 18738.sql -> outputs/stackoverflow_1gb/18738.txt  (1135 bytes, EXPLAIN stripped)
  [5760/11794] 18739.sql -> outputs/stackoverflow_1gb/18739.txt  (346 bytes, EXPLAIN stripped)
  [5761/11794] 18740.sql -> outputs/stackoverflow_1gb/18740.txt  (1131 bytes, EXPLAIN stripped)
  [5762/11794] 18741.sql -> outputs/stackoverflow_1gb/18741.txt  (1121 bytes, EXPLAIN stripped)
  [5763/11794] 18744.sql -> outputs/stackoverflow_1gb/18744.txt  (1087 bytes, EXPLAIN stripped)
  [5764/11794] 18745.sql -> outputs/stackoverflow_1gb/18745.txt  (1151 bytes, EXPLAIN stripped)
  [5765/11794] 18746.sql -> outputs/stackoverflow_1gb/18746.txt  (321 bytes, EXPLAIN stripped)
  [5766/11794] 18748.sql -> outputs/stackoverflow_1gb/18748.txt  (936 bytes, EXPLAIN stripped)
  [5767/11794] 18749.sql -> outputs/stackoverflow_1gb/18749.txt  (1126 bytes, EXPLAIN stripped)
  [5768/11794] 18750.sql -> outputs/stackoverflow_1gb/18750.txt  (318 bytes, EXPLAIN stripped)
  [5769/11794] 18751.sql -> outputs/stackoverflow_1gb/18751.txt  (1131 bytes, EXPLAIN stripped)
  [5770/11794] 18753.sql -> outputs/stackoverflow_1gb/18753.txt  (1204 bytes, EXPLAIN stripped)
  [5771/11794] 18754.sql -> outputs/stackoverflow_1gb/18754.txt  (1015 bytes, EXPLAIN stripped)
  [5772/11794] 18755.sql -> outputs/stackoverflow_1gb/18755.txt  (1127 bytes, EXPLAIN stripped)
  [5773/11794] 18756.sql -> outputs/stackoverflow_1gb/18756.txt  (1086 bytes, EXPLAIN stripped)
  [5774/11794] 18757.sql -> outputs/stackoverflow_1gb/18757.txt  (1237 bytes, EXPLAIN stripped)
  [5775/11794] 18758.sql -> outputs/stackoverflow_1gb/18758.txt  (1036 bytes, EXPLAIN stripped)
  [5776/11794] 18763.sql -> outputs/stackoverflow_1gb/18763.txt  (1247 bytes, EXPLAIN stripped)
  [5777/11794] 18764.sql -> outputs/stackoverflow_1gb/18764.txt  (18408 bytes, EXPLAIN stripped)
  [5778/11794] 18766.sql -> outputs/stackoverflow_1gb/18766.txt  (1207 bytes, EXPLAIN stripped)
  [5779/11794] 18767.sql -> outputs/stackoverflow_1gb/18767.txt  (1126 bytes, EXPLAIN stripped)
  [5780/11794] 18768.sql -> outputs/stackoverflow_1gb/18768.txt  (1214 bytes, EXPLAIN stripped)
  [5781/11794] 1877.sql -> outputs/stackoverflow_1gb/1877.txt  (1013 bytes, EXPLAIN stripped)
  [5782/11794] 18770.sql -> outputs/stackoverflow_1gb/18770.txt  (1138 bytes, EXPLAIN stripped)
  [5783/11794] 18771.sql -> outputs/stackoverflow_1gb/18771.txt  (1159 bytes, EXPLAIN stripped)
  [5784/11794] 18772.sql -> outputs/stackoverflow_1gb/18772.txt  (947 bytes, EXPLAIN stripped)
  [5785/11794] 18773.sql -> outputs/stackoverflow_1gb/18773.txt  (1246 bytes, EXPLAIN stripped)
  [5786/11794] 18774.sql -> outputs/stackoverflow_1gb/18774.txt  (1247 bytes, EXPLAIN stripped)
  [5787/11794] 18775.sql -> outputs/stackoverflow_1gb/18775.txt  (1173 bytes, EXPLAIN stripped)
  [5788/11794] 18776.sql -> outputs/stackoverflow_1gb/18776.txt  (1180 bytes, EXPLAIN stripped)
  [5789/11794] 18777.sql -> outputs/stackoverflow_1gb/18777.txt  (969 bytes, EXPLAIN stripped)
  [5790/11794] 18779.sql -> outputs/stackoverflow_1gb/18779.txt  (1214 bytes, EXPLAIN stripped)
  [5791/11794] 18780.sql -> outputs/stackoverflow_1gb/18780.txt  (1184 bytes, EXPLAIN stripped)
  [5792/11794] 18782.sql -> outputs/stackoverflow_1gb/18782.txt  (1010 bytes, EXPLAIN stripped)
  [5793/11794] 18783.sql -> outputs/stackoverflow_1gb/18783.txt  (974 bytes, EXPLAIN stripped)
  [5794/11794] 18784.sql -> outputs/stackoverflow_1gb/18784.txt  (1133 bytes, EXPLAIN stripped)
  [5795/11794] 18785.sql -> outputs/stackoverflow_1gb/18785.txt  (1170 bytes, EXPLAIN stripped)
  [5796/11794] 18786.sql -> outputs/stackoverflow_1gb/18786.txt  (1201 bytes, EXPLAIN stripped)
  [5797/11794] 18787.sql -> outputs/stackoverflow_1gb/18787.txt  (994 bytes, EXPLAIN stripped)
  [5798/11794] 18788.sql -> outputs/stackoverflow_1gb/18788.txt  (1238 bytes, EXPLAIN stripped)
  [5799/11794] 18789.sql -> outputs/stackoverflow_1gb/18789.txt  (103662 bytes, EXPLAIN stripped)
  [5800/11794] 18791.sql -> outputs/stackoverflow_1gb/18791.txt  (1132 bytes, EXPLAIN stripped)
  [5801/11794] 18792.sql -> outputs/stackoverflow_1gb/18792.txt  (1204 bytes, EXPLAIN stripped)
  [5802/11794] 18796.sql -> outputs/stackoverflow_1gb/18796.txt  (1121 bytes, EXPLAIN stripped)
  [5803/11794] 18797.sql -> outputs/stackoverflow_1gb/18797.txt  (1210 bytes, EXPLAIN stripped)
  [5804/11794] 18799.sql -> outputs/stackoverflow_1gb/18799.txt  (985 bytes, EXPLAIN stripped)
  [5805/11794] 188.sql -> outputs/stackoverflow_1gb/188.txt  (72 bytes, EXPLAIN stripped)
  [5806/11794] 18800.sql -> outputs/stackoverflow_1gb/18800.txt  (1205 bytes, EXPLAIN stripped)
  [5807/11794] 18803.sql -> outputs/stackoverflow_1gb/18803.txt  (1279 bytes, EXPLAIN stripped)
  [5808/11794] 18804.sql -> outputs/stackoverflow_1gb/18804.txt  (1137 bytes, EXPLAIN stripped)
  [5809/11794] 18805.sql -> outputs/stackoverflow_1gb/18805.txt  (1026 bytes, EXPLAIN stripped)
  [5810/11794] 18808.sql -> outputs/stackoverflow_1gb/18808.txt  (1236 bytes, EXPLAIN stripped)
  [5811/11794] 18809.sql -> outputs/stackoverflow_1gb/18809.txt  (804 bytes, EXPLAIN stripped)
  [5812/11794] 18810.sql -> outputs/stackoverflow_1gb/18810.txt  (1161 bytes, EXPLAIN stripped)
  [5813/11794] 18811.sql -> outputs/stackoverflow_1gb/18811.txt  (1214 bytes, EXPLAIN stripped)
  [5814/11794] 18815.sql -> outputs/stackoverflow_1gb/18815.txt  (1210 bytes, EXPLAIN stripped)
  [5815/11794] 18818.sql -> outputs/stackoverflow_1gb/18818.txt  (1137 bytes, EXPLAIN stripped)
  [5816/11794] 18819.sql -> outputs/stackoverflow_1gb/18819.txt  (1132 bytes, EXPLAIN stripped)
  [5817/11794] 1882.sql -> outputs/stackoverflow_1gb/1882.txt  (47728 bytes, EXPLAIN stripped)
  [5818/11794] 18821.sql -> outputs/stackoverflow_1gb/18821.txt  (1026 bytes, EXPLAIN stripped)
  [5819/11794] 18822.sql -> outputs/stackoverflow_1gb/18822.txt  (1093 bytes, EXPLAIN stripped)
  [5820/11794] 18823.sql -> outputs/stackoverflow_1gb/18823.txt  (1127 bytes, EXPLAIN stripped)
  [5821/11794] 18825.sql -> outputs/stackoverflow_1gb/18825.txt  (1181 bytes, EXPLAIN stripped)
  [5822/11794] 18827.sql -> outputs/stackoverflow_1gb/18827.txt  (1180 bytes, EXPLAIN stripped)
  [5823/11794] 18828.sql -> outputs/stackoverflow_1gb/18828.txt  (1303 bytes, EXPLAIN stripped)
  [5824/11794] 18830.sql -> outputs/stackoverflow_1gb/18830.txt  (1170 bytes, EXPLAIN stripped)
  [5825/11794] 18834.sql -> outputs/stackoverflow_1gb/18834.txt  (1204 bytes, EXPLAIN stripped)
  [5826/11794] 18835.sql -> outputs/stackoverflow_1gb/18835.txt  (1204 bytes, EXPLAIN stripped)
  [5827/11794] 18837.sql -> outputs/stackoverflow_1gb/18837.txt  (1132 bytes, EXPLAIN stripped)
  [5828/11794] 18838.sql -> outputs/stackoverflow_1gb/18838.txt  (1126 bytes, EXPLAIN stripped)
  [5829/11794] 1884.sql -> outputs/stackoverflow_1gb/1884.txt  (497 bytes, EXPLAIN stripped)
  [5830/11794] 18842.sql -> outputs/stackoverflow_1gb/18842.txt  (1646 bytes, EXPLAIN stripped)
  [5831/11794] 18843.sql -> outputs/stackoverflow_1gb/18843.txt  (1103 bytes, EXPLAIN stripped)
  [5832/11794] 18844.sql -> outputs/stackoverflow_1gb/18844.txt  (1246 bytes, EXPLAIN stripped)
  [5833/11794] 18845.sql -> outputs/stackoverflow_1gb/18845.txt  (1096 bytes, EXPLAIN stripped)
  [5834/11794] 18847.sql -> outputs/stackoverflow_1gb/18847.txt  (1374 bytes, EXPLAIN stripped)
  [5835/11794] 18848.sql -> outputs/stackoverflow_1gb/18848.txt  (1175 bytes, EXPLAIN stripped)
  [5836/11794] 18852.sql -> outputs/stackoverflow_1gb/18852.txt  (1227 bytes, EXPLAIN stripped)
  [5837/11794] 18853.sql -> outputs/stackoverflow_1gb/18853.txt  (1204 bytes, EXPLAIN stripped)
  [5838/11794] 18854.sql -> outputs/stackoverflow_1gb/18854.txt  (1168 bytes, EXPLAIN stripped)
  [5839/11794] 18859.sql -> outputs/stackoverflow_1gb/18859.txt  (1206 bytes, EXPLAIN stripped)
  [5840/11794] 1886.sql -> outputs/stackoverflow_1gb/1886.txt  (685 bytes, EXPLAIN stripped)
  [5841/11794] 18861.sql -> outputs/stackoverflow_1gb/18861.txt  (1279 bytes, EXPLAIN stripped)
  [5842/11794] 18862.sql -> outputs/stackoverflow_1gb/18862.txt  (58 bytes, EXPLAIN stripped)
  [5843/11794] 18863.sql -> outputs/stackoverflow_1gb/18863.txt  (1169 bytes, EXPLAIN stripped)
  [5844/11794] 18864.sql -> outputs/stackoverflow_1gb/18864.txt  (1238 bytes, EXPLAIN stripped)
  [5845/11794] 18865.sql -> outputs/stackoverflow_1gb/18865.txt  (1214 bytes, EXPLAIN stripped)
  [5846/11794] 18868.sql -> outputs/stackoverflow_1gb/18868.txt  (1184 bytes, EXPLAIN stripped)
  [5847/11794] 1887.sql -> outputs/stackoverflow_1gb/1887.txt  (58115 bytes, EXPLAIN stripped)
  [5848/11794] 18870.sql -> outputs/stackoverflow_1gb/18870.txt  (58 bytes, EXPLAIN stripped)
  [5849/11794] 18871.sql -> outputs/stackoverflow_1gb/18871.txt  (1156 bytes, EXPLAIN stripped)
  [5850/11794] 18872.sql -> outputs/stackoverflow_1gb/18872.txt  (214 bytes, EXPLAIN stripped)
  [5851/11794] 18873.sql -> outputs/stackoverflow_1gb/18873.txt  (10830 bytes, EXPLAIN stripped)
  [5852/11794] 18878.sql -> outputs/stackoverflow_1gb/18878.txt  (1026 bytes, EXPLAIN stripped)
  [5853/11794] 18879.sql -> outputs/stackoverflow_1gb/18879.txt  (18415 bytes, EXPLAIN stripped)
  [5854/11794] 18880.sql -> outputs/stackoverflow_1gb/18880.txt  (1279 bytes, EXPLAIN stripped)
  [5855/11794] 18882.sql -> outputs/stackoverflow_1gb/18882.txt  (1246 bytes, EXPLAIN stripped)
  [5856/11794] 18884.sql -> outputs/stackoverflow_1gb/18884.txt  (1046 bytes, EXPLAIN stripped)
  [5857/11794] 18885.sql -> outputs/stackoverflow_1gb/18885.txt  (930 bytes, EXPLAIN stripped)
  [5858/11794] 18886.sql -> outputs/stackoverflow_1gb/18886.txt  (1074 bytes, EXPLAIN stripped)
  [5859/11794] 18889.sql -> outputs/stackoverflow_1gb/18889.txt  (1170 bytes, EXPLAIN stripped)
  [5860/11794] 18892.sql -> outputs/stackoverflow_1gb/18892.txt  (1214 bytes, EXPLAIN stripped)
  [5861/11794] 18894.sql -> outputs/stackoverflow_1gb/18894.txt  (1137 bytes, EXPLAIN stripped)
  [5862/11794] 18895.sql -> outputs/stackoverflow_1gb/18895.txt  (1029 bytes, EXPLAIN stripped)
  [5863/11794] 18896.sql -> outputs/stackoverflow_1gb/18896.txt  (1225 bytes, EXPLAIN stripped)
  [5864/11794] 18897.sql -> outputs/stackoverflow_1gb/18897.txt  (1110 bytes, EXPLAIN stripped)
  [5865/11794] 18898.sql -> outputs/stackoverflow_1gb/18898.txt  (103 bytes, EXPLAIN stripped)
  [5866/11794] 18899.sql -> outputs/stackoverflow_1gb/18899.txt  (1208 bytes, EXPLAIN stripped)
  [5867/11794] 189.sql -> outputs/stackoverflow_1gb/189.txt  (5734 bytes, EXPLAIN stripped)
  [5868/11794] 1890.sql -> outputs/stackoverflow_1gb/1890.txt  (132 bytes, EXPLAIN stripped)
  [5869/11794] 18902.sql -> outputs/stackoverflow_1gb/18902.txt  (1170 bytes, EXPLAIN stripped)
  [5870/11794] 18904.sql -> outputs/stackoverflow_1gb/18904.txt  (1247 bytes, EXPLAIN stripped)
  [5871/11794] 18905.sql -> outputs/stackoverflow_1gb/18905.txt  (1180 bytes, EXPLAIN stripped)
  [5872/11794] 18907.sql -> outputs/stackoverflow_1gb/18907.txt  (1210 bytes, EXPLAIN stripped)
  [5873/11794] 18909.sql -> outputs/stackoverflow_1gb/18909.txt  (1094 bytes, EXPLAIN stripped)
  [5874/11794] 18913.sql -> outputs/stackoverflow_1gb/18913.txt  (1235 bytes, EXPLAIN stripped)
  [5875/11794] 18914.sql -> outputs/stackoverflow_1gb/18914.txt  (1018 bytes, EXPLAIN stripped)
  [5876/11794] 18915.sql -> outputs/stackoverflow_1gb/18915.txt  (1214 bytes, EXPLAIN stripped)
  [5877/11794] 18917.sql -> outputs/stackoverflow_1gb/18917.txt  (1201 bytes, EXPLAIN stripped)
  [5878/11794] 18918.sql -> outputs/stackoverflow_1gb/18918.txt  (937 bytes, EXPLAIN stripped)
  [5879/11794] 1892.sql -> outputs/stackoverflow_1gb/1892.txt  (1314 bytes, EXPLAIN stripped)
  [5880/11794] 18922.sql -> outputs/stackoverflow_1gb/18922.txt  (1214 bytes, EXPLAIN stripped)
  [5881/11794] 18926.sql -> outputs/stackoverflow_1gb/18926.txt  (1018 bytes, EXPLAIN stripped)
  [5882/11794] 18929.sql -> outputs/stackoverflow_1gb/18929.txt  (1208 bytes, EXPLAIN stripped)
  [5883/11794] 18932.sql -> outputs/stackoverflow_1gb/18932.txt  (770 bytes, EXPLAIN stripped)
  [5884/11794] 18933.sql -> outputs/stackoverflow_1gb/18933.txt  (1013 bytes, EXPLAIN stripped)
  [5885/11794] 18934.sql -> outputs/stackoverflow_1gb/18934.txt  (1247 bytes, EXPLAIN stripped)
  [5886/11794] 18935.sql -> outputs/stackoverflow_1gb/18935.txt  (1010 bytes, EXPLAIN stripped)
  [5887/11794] 18936.sql -> outputs/stackoverflow_1gb/18936.txt  (1231 bytes, EXPLAIN stripped)
  [5888/11794] 18937.sql -> outputs/stackoverflow_1gb/18937.txt  (1131 bytes, EXPLAIN stripped)
  [5889/11794] 18938.sql -> outputs/stackoverflow_1gb/18938.txt  (1272 bytes, EXPLAIN stripped)
  [5890/11794] 18939.sql -> outputs/stackoverflow_1gb/18939.txt  (1103 bytes, EXPLAIN stripped)
  [5891/11794] 18940.sql -> outputs/stackoverflow_1gb/18940.txt  (1102 bytes, EXPLAIN stripped)
  [5892/11794] 18943.sql -> outputs/stackoverflow_1gb/18943.txt  (1296 bytes, EXPLAIN stripped)
  [5893/11794] 18944.sql -> outputs/stackoverflow_1gb/18944.txt  (1065 bytes, EXPLAIN stripped)
  [5894/11794] 18946.sql -> outputs/stackoverflow_1gb/18946.txt  (1173 bytes, EXPLAIN stripped)
  [5895/11794] 18948.sql -> outputs/stackoverflow_1gb/18948.txt  (3398 bytes, EXPLAIN stripped)
  [5896/11794] 18951.sql -> outputs/stackoverflow_1gb/18951.txt  (1203 bytes, EXPLAIN stripped)
  [5897/11794] 18952.sql -> outputs/stackoverflow_1gb/18952.txt  (1041 bytes, EXPLAIN stripped)
  [5898/11794] 18953.sql -> outputs/stackoverflow_1gb/18953.txt  (1246 bytes, EXPLAIN stripped)
  [5899/11794] 18956.sql -> outputs/stackoverflow_1gb/18956.txt  (1238 bytes, EXPLAIN stripped)
  [5900/11794] 18957.sql -> outputs/stackoverflow_1gb/18957.txt  (982 bytes, EXPLAIN stripped)
  [5901/11794] 18958.sql -> outputs/stackoverflow_1gb/18958.txt  (1159 bytes, EXPLAIN stripped)
  [5902/11794] 18959.sql -> outputs/stackoverflow_1gb/18959.txt  (316 bytes, EXPLAIN stripped)
  [5903/11794] 18960.sql -> outputs/stackoverflow_1gb/18960.txt  (1242 bytes, EXPLAIN stripped)
  [5904/11794] 18962.sql -> outputs/stackoverflow_1gb/18962.txt  (945 bytes, EXPLAIN stripped)
  [5905/11794] 18965.sql -> outputs/stackoverflow_1gb/18965.txt  (1247 bytes, EXPLAIN stripped)
  [5906/11794] 18969.sql -> outputs/stackoverflow_1gb/18969.txt  (1093 bytes, EXPLAIN stripped)
  [5907/11794] 18971.sql -> outputs/stackoverflow_1gb/18971.txt  (1138 bytes, EXPLAIN stripped)
  [5908/11794] 18972.sql -> outputs/stackoverflow_1gb/18972.txt  (112685 bytes, EXPLAIN stripped)
  [5909/11794] 18973.sql -> outputs/stackoverflow_1gb/18973.txt  (1212 bytes, EXPLAIN stripped)
  [5910/11794] 18974.sql -> outputs/stackoverflow_1gb/18974.txt  (1180 bytes, EXPLAIN stripped)
  [5911/11794] 18976.sql -> outputs/stackoverflow_1gb/18976.txt  (1180 bytes, EXPLAIN stripped)
  [5912/11794] 18978.sql -> outputs/stackoverflow_1gb/18978.txt  (101171 bytes, EXPLAIN stripped)
  [5913/11794] 18979.sql -> outputs/stackoverflow_1gb/18979.txt  (1094 bytes, EXPLAIN stripped)
  [5914/11794] 18980.sql -> outputs/stackoverflow_1gb/18980.txt  (1180 bytes, EXPLAIN stripped)
  [5915/11794] 18981.sql -> outputs/stackoverflow_1gb/18981.txt  (1093 bytes, EXPLAIN stripped)
  [5916/11794] 18983.sql -> outputs/stackoverflow_1gb/18983.txt  (1247 bytes, EXPLAIN stripped)
  [5917/11794] 18984.sql -> outputs/stackoverflow_1gb/18984.txt  (1054 bytes, EXPLAIN stripped)
  [5918/11794] 18985.sql -> outputs/stackoverflow_1gb/18985.txt  (1208 bytes, EXPLAIN stripped)
  [5919/11794] 18989.sql -> outputs/stackoverflow_1gb/18989.txt  (1098 bytes, EXPLAIN stripped)
  [5920/11794] 18990.sql -> outputs/stackoverflow_1gb/18990.txt  (1128 bytes, EXPLAIN stripped)
  [5921/11794] 18995.sql -> outputs/stackoverflow_1gb/18995.txt  (1126 bytes, EXPLAIN stripped)
  [5922/11794] 18996.sql -> outputs/stackoverflow_1gb/18996.txt  (1204 bytes, EXPLAIN stripped)
  [5923/11794] 18997.sql -> outputs/stackoverflow_1gb/18997.txt  (1199 bytes, EXPLAIN stripped)
  [5924/11794] 18998.sql -> outputs/stackoverflow_1gb/18998.txt  (1103 bytes, EXPLAIN stripped)
  [5925/11794] 18999.sql -> outputs/stackoverflow_1gb/18999.txt  (1137 bytes, EXPLAIN stripped)
  [5926/11794] 1900.sql -> outputs/stackoverflow_1gb/1900.txt  (207 bytes, EXPLAIN stripped)
  [5927/11794] 19000.sql -> outputs/stackoverflow_1gb/19000.txt  (1122 bytes, EXPLAIN stripped)
  [5928/11794] 19001.sql -> outputs/stackoverflow_1gb/19001.txt  (1092 bytes, EXPLAIN stripped)
  [5929/11794] 19002.sql -> outputs/stackoverflow_1gb/19002.txt  (2017 bytes, EXPLAIN stripped)
  [5930/11794] 19003.sql -> outputs/stackoverflow_1gb/19003.txt  (1214 bytes, EXPLAIN stripped)
  [5931/11794] 19006.sql -> outputs/stackoverflow_1gb/19006.txt  (1125 bytes, EXPLAIN stripped)
  [5932/11794] 19007.sql -> outputs/stackoverflow_1gb/19007.txt  (1247 bytes, EXPLAIN stripped)
  [5933/11794] 19009.sql -> outputs/stackoverflow_1gb/19009.txt  (1238 bytes, EXPLAIN stripped)
  [5934/11794] 19010.sql -> outputs/stackoverflow_1gb/19010.txt  (1240 bytes, EXPLAIN stripped)
  [5935/11794] 19011.sql -> outputs/stackoverflow_1gb/19011.txt  (1238 bytes, EXPLAIN stripped)
  [5936/11794] 19012.sql -> outputs/stackoverflow_1gb/19012.txt  (48 bytes, EXPLAIN stripped)
  [5937/11794] 19013.sql -> outputs/stackoverflow_1gb/19013.txt  (1160 bytes, EXPLAIN stripped)
  [5938/11794] 19015.sql -> outputs/stackoverflow_1gb/19015.txt  (69 bytes, EXPLAIN stripped)
  [5939/11794] 19021.sql -> outputs/stackoverflow_1gb/19021.txt  (1180 bytes, EXPLAIN stripped)
  [5940/11794] 19024.sql -> outputs/stackoverflow_1gb/19024.txt  (1277 bytes, EXPLAIN stripped)
  [5941/11794] 19025.sql -> outputs/stackoverflow_1gb/19025.txt  (318 bytes, EXPLAIN stripped)
  [5942/11794] 19026.sql -> outputs/stackoverflow_1gb/19026.txt  (1203 bytes, EXPLAIN stripped)
  [5943/11794] 19027.sql -> outputs/stackoverflow_1gb/19027.txt  (279 bytes, EXPLAIN stripped)
  [5944/11794] 19028.sql -> outputs/stackoverflow_1gb/19028.txt  (334 bytes, EXPLAIN stripped)
  [5945/11794] 19030.sql -> outputs/stackoverflow_1gb/19030.txt  (1126 bytes, EXPLAIN stripped)
  [5946/11794] 19031.sql -> outputs/stackoverflow_1gb/19031.txt  (1021 bytes, EXPLAIN stripped)
  [5947/11794] 19032.sql -> outputs/stackoverflow_1gb/19032.txt  (1147 bytes, EXPLAIN stripped)
  [5948/11794] 19034.sql -> outputs/stackoverflow_1gb/19034.txt  (1942 bytes, EXPLAIN stripped)
  [5949/11794] 19035.sql -> outputs/stackoverflow_1gb/19035.txt  (1020 bytes, EXPLAIN stripped)
  [5950/11794] 19037.sql -> outputs/stackoverflow_1gb/19037.txt  (1131 bytes, EXPLAIN stripped)
  [5951/11794] 19038.sql -> outputs/stackoverflow_1gb/19038.txt  (1150 bytes, EXPLAIN stripped)
  [5952/11794] 19042.sql -> outputs/stackoverflow_1gb/19042.txt  (1065 bytes, EXPLAIN stripped)
  [5953/11794] 19043.sql -> outputs/stackoverflow_1gb/19043.txt  (1229 bytes, EXPLAIN stripped)
  [5954/11794] 19044.sql -> outputs/stackoverflow_1gb/19044.txt  (1120 bytes, EXPLAIN stripped)
  [5955/11794] 19045.sql -> outputs/stackoverflow_1gb/19045.txt  (28201 bytes, EXPLAIN stripped)
  [5956/11794] 19047.sql -> outputs/stackoverflow_1gb/19047.txt  (1238 bytes, EXPLAIN stripped)
  [5957/11794] 19048.sql -> outputs/stackoverflow_1gb/19048.txt  (112685 bytes, EXPLAIN stripped)
  [5958/11794] 19049.sql -> outputs/stackoverflow_1gb/19049.txt  (1247 bytes, EXPLAIN stripped)
  [5959/11794] 1905.sql -> outputs/stackoverflow_1gb/1905.txt  (1202 bytes, EXPLAIN stripped)
  [5960/11794] 19053.sql -> outputs/stackoverflow_1gb/19053.txt  (1161 bytes, EXPLAIN stripped)
  [5961/11794] 19054.sql -> outputs/stackoverflow_1gb/19054.txt  (1175 bytes, EXPLAIN stripped)
  [5962/11794] 19058.sql -> outputs/stackoverflow_1gb/19058.txt  (1214 bytes, EXPLAIN stripped)
  [5963/11794] 19059.sql -> outputs/stackoverflow_1gb/19059.txt  (1137 bytes, EXPLAIN stripped)
  [5964/11794] 19061.sql -> outputs/stackoverflow_1gb/19061.txt  (1126 bytes, EXPLAIN stripped)
  [5965/11794] 19062.sql -> outputs/stackoverflow_1gb/19062.txt  (1088 bytes, EXPLAIN stripped)
  [5966/11794] 19065.sql -> outputs/stackoverflow_1gb/19065.txt  (107377 bytes, EXPLAIN stripped)
  [5967/11794] 19066.sql -> outputs/stackoverflow_1gb/19066.txt  (1119 bytes, EXPLAIN stripped)
  [5968/11794] 19068.sql -> outputs/stackoverflow_1gb/19068.txt  (1279 bytes, EXPLAIN stripped)
  [5969/11794] 19071.sql -> outputs/stackoverflow_1gb/19071.txt  (1096 bytes, EXPLAIN stripped)
  [5970/11794] 19072.sql -> outputs/stackoverflow_1gb/19072.txt  (101599 bytes, EXPLAIN stripped)
  [5971/11794] 19073.sql -> outputs/stackoverflow_1gb/19073.txt  (1178 bytes, EXPLAIN stripped)
  [5972/11794] 19075.sql -> outputs/stackoverflow_1gb/19075.txt  (894 bytes, EXPLAIN stripped)
  [5973/11794] 19077.sql -> outputs/stackoverflow_1gb/19077.txt  (1279 bytes, EXPLAIN stripped)
  [5974/11794] 19078.sql -> outputs/stackoverflow_1gb/19078.txt  (1175 bytes, EXPLAIN stripped)
  [5975/11794] 19079.sql -> outputs/stackoverflow_1gb/19079.txt  (1087 bytes, EXPLAIN stripped)
  [5976/11794] 1908.sql -> outputs/stackoverflow_1gb/1908.txt  (153 bytes, EXPLAIN stripped)
  [5977/11794] 19080.sql -> outputs/stackoverflow_1gb/19080.txt  (1093 bytes, EXPLAIN stripped)
  [5978/11794] 19081.sql -> outputs/stackoverflow_1gb/19081.txt  (34764 bytes, EXPLAIN stripped)
  [5979/11794] 19082.sql -> outputs/stackoverflow_1gb/19082.txt  (1279 bytes, EXPLAIN stripped)
  [5980/11794] 19084.sql -> outputs/stackoverflow_1gb/19084.txt  (1132 bytes, EXPLAIN stripped)
  [5981/11794] 19085.sql -> outputs/stackoverflow_1gb/19085.txt  (1218 bytes, EXPLAIN stripped)
  [5982/11794] 19087.sql -> outputs/stackoverflow_1gb/19087.txt  (1161 bytes, EXPLAIN stripped)
  [5983/11794] 19088.sql -> outputs/stackoverflow_1gb/19088.txt  (1214 bytes, EXPLAIN stripped)
  [5984/11794] 1909.sql -> outputs/stackoverflow_1gb/1909.txt  (3197 bytes, EXPLAIN stripped)
  [5985/11794] 19091.sql -> outputs/stackoverflow_1gb/19091.txt  (18421 bytes, EXPLAIN stripped)
  [5986/11794] 19093.sql -> outputs/stackoverflow_1gb/19093.txt  (1214 bytes, EXPLAIN stripped)
  [5987/11794] 19094.sql -> outputs/stackoverflow_1gb/19094.txt  (1246 bytes, EXPLAIN stripped)
  [5988/11794] 19095.sql -> outputs/stackoverflow_1gb/19095.txt  (1171 bytes, EXPLAIN stripped)
  [5989/11794] 19096.sql -> outputs/stackoverflow_1gb/19096.txt  (1065 bytes, EXPLAIN stripped)
  [5990/11794] 19097.sql -> outputs/stackoverflow_1gb/19097.txt  (974 bytes, EXPLAIN stripped)
  [5991/11794] 19098.sql -> outputs/stackoverflow_1gb/19098.txt  (1132 bytes, EXPLAIN stripped)
  [5992/11794] 191.sql -> outputs/stackoverflow_1gb/191.txt  (1117 bytes, EXPLAIN stripped)
  [5993/11794] 1910.sql -> outputs/stackoverflow_1gb/1910.txt  (105 bytes, EXPLAIN stripped)
  [5994/11794] 19100.sql -> outputs/stackoverflow_1gb/19100.txt  (2082 bytes, EXPLAIN stripped)
  [5995/11794] 19101.sql -> outputs/stackoverflow_1gb/19101.txt  (1132 bytes, EXPLAIN stripped)
  [5996/11794] 19102.sql -> outputs/stackoverflow_1gb/19102.txt  (1237 bytes, EXPLAIN stripped)
  [5997/11794] 19104.sql -> outputs/stackoverflow_1gb/19104.txt  (1029 bytes, EXPLAIN stripped)
  [5998/11794] 19105.sql -> outputs/stackoverflow_1gb/19105.txt  (1137 bytes, EXPLAIN stripped)
  [5999/11794] 19106.sql -> outputs/stackoverflow_1gb/19106.txt  (1108 bytes, EXPLAIN stripped)
  [6000/11794] 19109.sql -> outputs/stackoverflow_1gb/19109.txt  (1109 bytes, EXPLAIN stripped)
  [6001/11794] 19110.sql -> outputs/stackoverflow_1gb/19110.txt  (1065 bytes, EXPLAIN stripped)
  [6002/11794] 19111.sql -> outputs/stackoverflow_1gb/19111.txt  (1236 bytes, EXPLAIN stripped)
  [6003/11794] 19112.sql -> outputs/stackoverflow_1gb/19112.txt  (1228 bytes, EXPLAIN stripped)
  [6004/11794] 19113.sql -> outputs/stackoverflow_1gb/19113.txt  (974 bytes, EXPLAIN stripped)
  [6005/11794] 19114.sql -> outputs/stackoverflow_1gb/19114.txt  (1018 bytes, EXPLAIN stripped)
  [6006/11794] 19115.sql -> outputs/stackoverflow_1gb/19115.txt  (937 bytes, EXPLAIN stripped)
  [6007/11794] 19116.sql -> outputs/stackoverflow_1gb/19116.txt  (17796 bytes, EXPLAIN stripped)
  [6008/11794] 1912.sql -> outputs/stackoverflow_1gb/1912.txt  (8817 bytes, EXPLAIN stripped)
  [6009/11794] 19120.sql -> outputs/stackoverflow_1gb/19120.txt  (1180 bytes, EXPLAIN stripped)
  [6010/11794] 19121.sql -> outputs/stackoverflow_1gb/19121.txt  (1102 bytes, EXPLAIN stripped)
  [6011/11794] 19122.sql -> outputs/stackoverflow_1gb/19122.txt  (1230 bytes, EXPLAIN stripped)
  [6012/11794] 19124.sql -> outputs/stackoverflow_1gb/19124.txt  (79321 bytes, EXPLAIN stripped)
  [6013/11794] 19125.sql -> outputs/stackoverflow_1gb/19125.txt  (1083 bytes, EXPLAIN stripped)
  [6014/11794] 19126.sql -> outputs/stackoverflow_1gb/19126.txt  (1133 bytes, EXPLAIN stripped)
  [6015/11794] 19128.sql -> outputs/stackoverflow_1gb/19128.txt  (1164 bytes, EXPLAIN stripped)
  [6016/11794] 1913.sql -> outputs/stackoverflow_1gb/1913.txt  (530 bytes, EXPLAIN stripped)
  [6017/11794] 19130.sql -> outputs/stackoverflow_1gb/19130.txt  (1169 bytes, EXPLAIN stripped)
  [6018/11794] 19132.sql -> outputs/stackoverflow_1gb/19132.txt  (1208 bytes, EXPLAIN stripped)
  [6019/11794] 19135.sql -> outputs/stackoverflow_1gb/19135.txt  (7925 bytes, EXPLAIN stripped)
  [6020/11794] 19136.sql -> outputs/stackoverflow_1gb/19136.txt  (1010 bytes, EXPLAIN stripped)
  [6021/11794] 19139.sql -> outputs/stackoverflow_1gb/19139.txt  (1126 bytes, EXPLAIN stripped)
  [6022/11794] 19140.sql -> outputs/stackoverflow_1gb/19140.txt  (1021 bytes, EXPLAIN stripped)
  [6023/11794] 19141.sql -> outputs/stackoverflow_1gb/19141.txt  (1204 bytes, EXPLAIN stripped)
  [6024/11794] 19143.sql -> outputs/stackoverflow_1gb/19143.txt  (1165 bytes, EXPLAIN stripped)
  [6025/11794] 19144.sql -> outputs/stackoverflow_1gb/19144.txt  (1200 bytes, EXPLAIN stripped)
  [6026/11794] 19145.sql -> outputs/stackoverflow_1gb/19145.txt  (936 bytes, EXPLAIN stripped)
  [6027/11794] 19147.sql -> outputs/stackoverflow_1gb/19147.txt  (105668 bytes, EXPLAIN stripped)
  [6028/11794] 19149.sql -> outputs/stackoverflow_1gb/19149.txt  (1192 bytes, EXPLAIN stripped)
  [6029/11794] 1915.sql -> outputs/stackoverflow_1gb/1915.txt  (115328 bytes, EXPLAIN stripped)
  [6030/11794] 19152.sql -> outputs/stackoverflow_1gb/19152.txt  (1246 bytes, EXPLAIN stripped)
  [6031/11794] 19153.sql -> outputs/stackoverflow_1gb/19153.txt  (1203 bytes, EXPLAIN stripped)
  [6032/11794] 19155.sql -> outputs/stackoverflow_1gb/19155.txt  (1175 bytes, EXPLAIN stripped)
  [6033/11794] 19156.sql -> outputs/stackoverflow_1gb/19156.txt  (1169 bytes, EXPLAIN stripped)
  [6034/11794] 19157.sql -> outputs/stackoverflow_1gb/19157.txt  (1247 bytes, EXPLAIN stripped)
  [6035/11794] 19158.sql -> outputs/stackoverflow_1gb/19158.txt  (969 bytes, EXPLAIN stripped)
  [6036/11794] 19159.sql -> outputs/stackoverflow_1gb/19159.txt  (1208 bytes, EXPLAIN stripped)
  [6037/11794] 19160.sql -> outputs/stackoverflow_1gb/19160.txt  (1247 bytes, EXPLAIN stripped)
  [6038/11794] 19161.sql -> outputs/stackoverflow_1gb/19161.txt  (1238 bytes, EXPLAIN stripped)
  [6039/11794] 19162.sql -> outputs/stackoverflow_1gb/19162.txt  (1137 bytes, EXPLAIN stripped)
  [6040/11794] 19163.sql -> outputs/stackoverflow_1gb/19163.txt  (1103 bytes, EXPLAIN stripped)
  [6041/11794] 19164.sql -> outputs/stackoverflow_1gb/19164.txt  (1236 bytes, EXPLAIN stripped)
  [6042/11794] 19165.sql -> outputs/stackoverflow_1gb/19165.txt  (1207 bytes, EXPLAIN stripped)
  [6043/11794] 19166.sql -> outputs/stackoverflow_1gb/19166.txt  (1166 bytes, EXPLAIN stripped)
  [6044/11794] 19168.sql -> outputs/stackoverflow_1gb/19168.txt  (1210 bytes, EXPLAIN stripped)
  [6045/11794] 19172.sql -> outputs/stackoverflow_1gb/19172.txt  (1138 bytes, EXPLAIN stripped)
  [6046/11794] 19173.sql -> outputs/stackoverflow_1gb/19173.txt  (1096 bytes, EXPLAIN stripped)
  [6047/11794] 19174.sql -> outputs/stackoverflow_1gb/19174.txt  (1137 bytes, EXPLAIN stripped)
  [6048/11794] 19176.sql -> outputs/stackoverflow_1gb/19176.txt  (2071 bytes, EXPLAIN stripped)
  [6049/11794] 19178.sql -> outputs/stackoverflow_1gb/19178.txt  (1268 bytes, EXPLAIN stripped)
  [6050/11794] 1918.sql -> outputs/stackoverflow_1gb/1918.txt  (2274 bytes, EXPLAIN stripped)
  [6051/11794] 19180.sql -> outputs/stackoverflow_1gb/19180.txt  (994 bytes, EXPLAIN stripped)
  [6052/11794] 19182.sql -> outputs/stackoverflow_1gb/19182.txt  (1170 bytes, EXPLAIN stripped)
  [6053/11794] 19184.sql -> outputs/stackoverflow_1gb/19184.txt  (895 bytes, EXPLAIN stripped)
  [6054/11794] 19188.sql -> outputs/stackoverflow_1gb/19188.txt  (1095 bytes, EXPLAIN stripped)
  [6055/11794] 19189.sql -> outputs/stackoverflow_1gb/19189.txt  (1652 bytes, EXPLAIN stripped)
  [6056/11794] 1919.sql -> outputs/stackoverflow_1gb/1919.txt  (70 bytes, EXPLAIN stripped)
  [6057/11794] 19190.sql -> outputs/stackoverflow_1gb/19190.txt  (1170 bytes, EXPLAIN stripped)
  [6058/11794] 19191.sql -> outputs/stackoverflow_1gb/19191.txt  (1278 bytes, EXPLAIN stripped)
  [6059/11794] 19193.sql -> outputs/stackoverflow_1gb/19193.txt  (1131 bytes, EXPLAIN stripped)
  [6060/11794] 19195.sql -> outputs/stackoverflow_1gb/19195.txt  (1170 bytes, EXPLAIN stripped)
  [6061/11794] 19196.sql -> outputs/stackoverflow_1gb/19196.txt  (936 bytes, EXPLAIN stripped)
  [6062/11794] 19198.sql -> outputs/stackoverflow_1gb/19198.txt  (1175 bytes, EXPLAIN stripped)
  [6063/11794] 19199.sql -> outputs/stackoverflow_1gb/19199.txt  (1088 bytes, EXPLAIN stripped)
  [6064/11794] 19201.sql -> outputs/stackoverflow_1gb/19201.txt  (1180 bytes, EXPLAIN stripped)
  [6065/11794] 19202.sql -> outputs/stackoverflow_1gb/19202.txt  (1247 bytes, EXPLAIN stripped)
  [6066/11794] 19205.sql -> outputs/stackoverflow_1gb/19205.txt  (1170 bytes, EXPLAIN stripped)
  [6067/11794] 19206.sql -> outputs/stackoverflow_1gb/19206.txt  (527 bytes, EXPLAIN stripped)
  [6068/11794] 1921.sql -> outputs/stackoverflow_1gb/1921.txt  (736 bytes, EXPLAIN stripped)
  [6069/11794] 19213.sql -> outputs/stackoverflow_1gb/19213.txt  (1171 bytes, EXPLAIN stripped)
  [6070/11794] 19215.sql -> outputs/stackoverflow_1gb/19215.txt  (1156 bytes, EXPLAIN stripped)
  [6071/11794] 19217.sql -> outputs/stackoverflow_1gb/19217.txt  (1239 bytes, EXPLAIN stripped)
  [6072/11794] 19218.sql -> outputs/stackoverflow_1gb/19218.txt  (1126 bytes, EXPLAIN stripped)
  [6073/11794] 19219.sql -> outputs/stackoverflow_1gb/19219.txt  (1091 bytes, EXPLAIN stripped)
  [6074/11794] 19221.sql -> outputs/stackoverflow_1gb/19221.txt  (1247 bytes, EXPLAIN stripped)
  [6075/11794] 19223.sql -> outputs/stackoverflow_1gb/19223.txt  (1151 bytes, EXPLAIN stripped)
  [6076/11794] 19224.sql -> outputs/stackoverflow_1gb/19224.txt  (1126 bytes, EXPLAIN stripped)
  [6077/11794] 19226.sql -> outputs/stackoverflow_1gb/19226.txt  (1203 bytes, EXPLAIN stripped)
  [6078/11794] 19227.sql -> outputs/stackoverflow_1gb/19227.txt  (1180 bytes, EXPLAIN stripped)
  [6079/11794] 19228.sql -> outputs/stackoverflow_1gb/19228.txt  (1159 bytes, EXPLAIN stripped)
  [6080/11794] 19229.sql -> outputs/stackoverflow_1gb/19229.txt  (1160 bytes, EXPLAIN stripped)
  [6081/11794] 19230.sql -> outputs/stackoverflow_1gb/19230.txt  (1214 bytes, EXPLAIN stripped)
  [6082/11794] 19231.sql -> outputs/stackoverflow_1gb/19231.txt  (1227 bytes, EXPLAIN stripped)
  [6083/11794] 19233.sql -> outputs/stackoverflow_1gb/19233.txt  (1247 bytes, EXPLAIN stripped)
  [6084/11794] 19234.sql -> outputs/stackoverflow_1gb/19234.txt  (1137 bytes, EXPLAIN stripped)
  [6085/11794] 19235.sql -> outputs/stackoverflow_1gb/19235.txt  (1132 bytes, EXPLAIN stripped)
  [6086/11794] 19236.sql -> outputs/stackoverflow_1gb/19236.txt  (1137 bytes, EXPLAIN stripped)
  [6087/11794] 19238.sql -> outputs/stackoverflow_1gb/19238.txt  (1203 bytes, EXPLAIN stripped)
  [6088/11794] 19239.sql -> outputs/stackoverflow_1gb/19239.txt  (1238 bytes, EXPLAIN stripped)
  [6089/11794] 19240.sql -> outputs/stackoverflow_1gb/19240.txt  (1238 bytes, EXPLAIN stripped)
  [6090/11794] 19244.sql -> outputs/stackoverflow_1gb/19244.txt  (1246 bytes, EXPLAIN stripped)
  [6091/11794] 19245.sql -> outputs/stackoverflow_1gb/19245.txt  (101591 bytes, EXPLAIN stripped)
  [6092/11794] 19246.sql -> outputs/stackoverflow_1gb/19246.txt  (1203 bytes, EXPLAIN stripped)
  [6093/11794] 19247.sql -> outputs/stackoverflow_1gb/19247.txt  (1159 bytes, EXPLAIN stripped)
  [6094/11794] 19248.sql -> outputs/stackoverflow_1gb/19248.txt  (18383 bytes, EXPLAIN stripped)
  [6095/11794] 1925.sql -> outputs/stackoverflow_1gb/1925.txt  (547 bytes, EXPLAIN stripped)
  [6096/11794] 19250.sql -> outputs/stackoverflow_1gb/19250.txt  (1180 bytes, EXPLAIN stripped)
  [6097/11794] 19251.sql -> outputs/stackoverflow_1gb/19251.txt  (1138 bytes, EXPLAIN stripped)
  [6098/11794] 19253.sql -> outputs/stackoverflow_1gb/19253.txt  (1093 bytes, EXPLAIN stripped)
  [6099/11794] 19254.sql -> outputs/stackoverflow_1gb/19254.txt  (1239 bytes, EXPLAIN stripped)
  [6100/11794] 19255.sql -> outputs/stackoverflow_1gb/19255.txt  (970 bytes, EXPLAIN stripped)
  [6101/11794] 19256.sql -> outputs/stackoverflow_1gb/19256.txt  (1203 bytes, EXPLAIN stripped)
  [6102/11794] 19259.sql -> outputs/stackoverflow_1gb/19259.txt  (1214 bytes, EXPLAIN stripped)
  [6103/11794] 1926.sql -> outputs/stackoverflow_1gb/1926.txt  (627 bytes, EXPLAIN stripped)
  [6104/11794] 19260.sql -> outputs/stackoverflow_1gb/19260.txt  (1132 bytes, EXPLAIN stripped)
  [6105/11794] 19261.sql -> outputs/stackoverflow_1gb/19261.txt  (1090 bytes, EXPLAIN stripped)
  [6106/11794] 19263.sql -> outputs/stackoverflow_1gb/19263.txt  (1227 bytes, EXPLAIN stripped)
  [6107/11794] 19264.sql -> outputs/stackoverflow_1gb/19264.txt  (1303 bytes, EXPLAIN stripped)
  [6108/11794] 19265.sql -> outputs/stackoverflow_1gb/19265.txt  (1132 bytes, EXPLAIN stripped)
  [6109/11794] 19266.sql -> outputs/stackoverflow_1gb/19266.txt  (69 bytes, EXPLAIN stripped)
  [6110/11794] 19267.sql -> outputs/stackoverflow_1gb/19267.txt  (1180 bytes, EXPLAIN stripped)
  [6111/11794] 19269.sql -> outputs/stackoverflow_1gb/19269.txt  (1122 bytes, EXPLAIN stripped)
  [6112/11794] 1927.sql -> outputs/stackoverflow_1gb/1927.txt  (45034 bytes, EXPLAIN stripped)
  [6113/11794] 19270.sql -> outputs/stackoverflow_1gb/19270.txt  (1175 bytes, EXPLAIN stripped)
  [6114/11794] 19271.sql -> outputs/stackoverflow_1gb/19271.txt  (970 bytes, EXPLAIN stripped)
  [6115/11794] 19272.sql -> outputs/stackoverflow_1gb/19272.txt  (1065 bytes, EXPLAIN stripped)
  [6116/11794] 19273.sql -> outputs/stackoverflow_1gb/19273.txt  (1126 bytes, EXPLAIN stripped)
  [6117/11794] 19277.sql -> outputs/stackoverflow_1gb/19277.txt  (1177 bytes, EXPLAIN stripped)
  [6118/11794] 19281.sql -> outputs/stackoverflow_1gb/19281.txt  (1247 bytes, EXPLAIN stripped)
  [6119/11794] 19282.sql -> outputs/stackoverflow_1gb/19282.txt  (1132 bytes, EXPLAIN stripped)
  [6120/11794] 19283.sql -> outputs/stackoverflow_1gb/19283.txt  (1247 bytes, EXPLAIN stripped)
  [6121/11794] 19284.sql -> outputs/stackoverflow_1gb/19284.txt  (1247 bytes, EXPLAIN stripped)
  [6122/11794] 19286.sql -> outputs/stackoverflow_1gb/19286.txt  (695 bytes, EXPLAIN stripped)
  [6123/11794] 19290.sql -> outputs/stackoverflow_1gb/19290.txt  (969 bytes, EXPLAIN stripped)
  [6124/11794] 19293.sql -> outputs/stackoverflow_1gb/19293.txt  (1093 bytes, EXPLAIN stripped)
  [6125/11794] 19294.sql -> outputs/stackoverflow_1gb/19294.txt  (1096 bytes, EXPLAIN stripped)
  [6126/11794] 19297.sql -> outputs/stackoverflow_1gb/19297.txt  (1240 bytes, EXPLAIN stripped)
  [6127/11794] 19298.sql -> outputs/stackoverflow_1gb/19298.txt  (1171 bytes, EXPLAIN stripped)
  [6128/11794] 193.sql -> outputs/stackoverflow_1gb/193.txt  (47770 bytes, EXPLAIN stripped)
  [6129/11794] 1930.sql -> outputs/stackoverflow_1gb/1930.txt  (613 bytes, EXPLAIN stripped)
  [6130/11794] 19300.sql -> outputs/stackoverflow_1gb/19300.txt  (112675 bytes, EXPLAIN stripped)
  [6131/11794] 19301.sql -> outputs/stackoverflow_1gb/19301.txt  (1160 bytes, EXPLAIN stripped)
  [6132/11794] 19302.sql -> outputs/stackoverflow_1gb/19302.txt  (18458 bytes, EXPLAIN stripped)
  [6133/11794] 19305.sql -> outputs/stackoverflow_1gb/19305.txt  (1165 bytes, EXPLAIN stripped)
  [6134/11794] 19306.sql -> outputs/stackoverflow_1gb/19306.txt  (1246 bytes, EXPLAIN stripped)
  [6135/11794] 19307.sql -> outputs/stackoverflow_1gb/19307.txt  (797 bytes, EXPLAIN stripped)
  [6136/11794] 19309.sql -> outputs/stackoverflow_1gb/19309.txt  (1142 bytes, EXPLAIN stripped)
  [6137/11794] 19311.sql -> outputs/stackoverflow_1gb/19311.txt  (1214 bytes, EXPLAIN stripped)
  [6138/11794] 19313.sql -> outputs/stackoverflow_1gb/19313.txt  (1180 bytes, EXPLAIN stripped)
  [6139/11794] 19314.sql -> outputs/stackoverflow_1gb/19314.txt  (1269 bytes, EXPLAIN stripped)
  [6140/11794] 19317.sql -> outputs/stackoverflow_1gb/19317.txt  (1034 bytes, EXPLAIN stripped)
  [6141/11794] 19320.sql -> outputs/stackoverflow_1gb/19320.txt  (1138 bytes, EXPLAIN stripped)
  [6142/11794] 19321.sql -> outputs/stackoverflow_1gb/19321.txt  (1169 bytes, EXPLAIN stripped)
  [6143/11794] 19323.sql -> outputs/stackoverflow_1gb/19323.txt  (18447 bytes, EXPLAIN stripped)
  [6144/11794] 19324.sql -> outputs/stackoverflow_1gb/19324.txt  (1180 bytes, EXPLAIN stripped)
  [6145/11794] 19326.sql -> outputs/stackoverflow_1gb/19326.txt  (1268 bytes, EXPLAIN stripped)
  [6146/11794] 19328.sql -> outputs/stackoverflow_1gb/19328.txt  (1129 bytes, EXPLAIN stripped)
  [6147/11794] 19329.sql -> outputs/stackoverflow_1gb/19329.txt  (88 bytes, EXPLAIN stripped)
  [6148/11794] 19330.sql -> outputs/stackoverflow_1gb/19330.txt  (1132 bytes, EXPLAIN stripped)
  [6149/11794] 19334.sql -> outputs/stackoverflow_1gb/19334.txt  (1180 bytes, EXPLAIN stripped)
  [6150/11794] 19335.sql -> outputs/stackoverflow_1gb/19335.txt  (1133 bytes, EXPLAIN stripped)
  [6151/11794] 19336.sql -> outputs/stackoverflow_1gb/19336.txt  (1041 bytes, EXPLAIN stripped)
  [6152/11794] 19337.sql -> outputs/stackoverflow_1gb/19337.txt  (310 bytes, EXPLAIN stripped)
  [6153/11794] 1934.sql -> outputs/stackoverflow_1gb/1934.txt  (423 bytes, EXPLAIN stripped)
  [6154/11794] 19340.sql -> outputs/stackoverflow_1gb/19340.txt  (1228 bytes, EXPLAIN stripped)
  [6155/11794] 19343.sql -> outputs/stackoverflow_1gb/19343.txt  (1235 bytes, EXPLAIN stripped)
  [6156/11794] 19344.sql -> outputs/stackoverflow_1gb/19344.txt  (441 bytes, EXPLAIN stripped)
  [6157/11794] 19346.sql -> outputs/stackoverflow_1gb/19346.txt  (1065 bytes, EXPLAIN stripped)
  [6158/11794] 19348.sql -> outputs/stackoverflow_1gb/19348.txt  (1212 bytes, EXPLAIN stripped)
  [6159/11794] 19349.sql -> outputs/stackoverflow_1gb/19349.txt  (1098 bytes, EXPLAIN stripped)
  [6160/11794] 19350.sql -> outputs/stackoverflow_1gb/19350.txt  (1098 bytes, EXPLAIN stripped)
  [6161/11794] 19352.sql -> outputs/stackoverflow_1gb/19352.txt  (1170 bytes, EXPLAIN stripped)
  [6162/11794] 19353.sql -> outputs/stackoverflow_1gb/19353.txt  (1088 bytes, EXPLAIN stripped)
  [6163/11794] 19354.sql -> outputs/stackoverflow_1gb/19354.txt  (1138 bytes, EXPLAIN stripped)
  [6164/11794] 19355.sql -> outputs/stackoverflow_1gb/19355.txt  (1208 bytes, EXPLAIN stripped)
  [6165/11794] 19356.sql -> outputs/stackoverflow_1gb/19356.txt  (1208 bytes, EXPLAIN stripped)
  [6166/11794] 19357.sql -> outputs/stackoverflow_1gb/19357.txt  (1041 bytes, EXPLAIN stripped)
  [6167/11794] 19359.sql -> outputs/stackoverflow_1gb/19359.txt  (1201 bytes, EXPLAIN stripped)
  [6168/11794] 19363.sql -> outputs/stackoverflow_1gb/19363.txt  (1238 bytes, EXPLAIN stripped)
  [6169/11794] 19364.sql -> outputs/stackoverflow_1gb/19364.txt  (1180 bytes, EXPLAIN stripped)
  [6170/11794] 19365.sql -> outputs/stackoverflow_1gb/19365.txt  (1161 bytes, EXPLAIN stripped)
  [6171/11794] 19366.sql -> outputs/stackoverflow_1gb/19366.txt  (1154 bytes, EXPLAIN stripped)
  [6172/11794] 19367.sql -> outputs/stackoverflow_1gb/19367.txt  (1162 bytes, EXPLAIN stripped)
  [6173/11794] 1937.sql -> outputs/stackoverflow_1gb/1937.txt  (3950 bytes, EXPLAIN stripped)
  [6174/11794] 19370.sql -> outputs/stackoverflow_1gb/19370.txt  (1493 bytes, EXPLAIN stripped)
  [6175/11794] 19371.sql -> outputs/stackoverflow_1gb/19371.txt  (1093 bytes, EXPLAIN stripped)
  [6176/11794] 19373.sql -> outputs/stackoverflow_1gb/19373.txt  (42 bytes, EXPLAIN stripped)
  [6177/11794] 19374.sql -> outputs/stackoverflow_1gb/19374.txt  (1137 bytes, EXPLAIN stripped)
  [6178/11794] 19376.sql -> outputs/stackoverflow_1gb/19376.txt  (108602 bytes, EXPLAIN stripped)
  [6179/11794] 19377.sql -> outputs/stackoverflow_1gb/19377.txt  (1227 bytes, EXPLAIN stripped)
  [6180/11794] 19378.sql -> outputs/stackoverflow_1gb/19378.txt  (1191 bytes, EXPLAIN stripped)
  [6181/11794] 19380.sql -> outputs/stackoverflow_1gb/19380.txt  (317 bytes, EXPLAIN stripped)
  [6182/11794] 19381.sql -> outputs/stackoverflow_1gb/19381.txt  (1219 bytes, EXPLAIN stripped)
  [6183/11794] 19382.sql -> outputs/stackoverflow_1gb/19382.txt  (1090 bytes, EXPLAIN stripped)
  [6184/11794] 19383.sql -> outputs/stackoverflow_1gb/19383.txt  (1103 bytes, EXPLAIN stripped)
  [6185/11794] 19384.sql -> outputs/stackoverflow_1gb/19384.txt  (66 bytes, EXPLAIN stripped)
  [6186/11794] 19385.sql -> outputs/stackoverflow_1gb/19385.txt  (1246 bytes, EXPLAIN stripped)
  [6187/11794] 19386.sql -> outputs/stackoverflow_1gb/19386.txt  (1088 bytes, EXPLAIN stripped)
  [6188/11794] 19388.sql -> outputs/stackoverflow_1gb/19388.txt  (1098 bytes, EXPLAIN stripped)
  [6189/11794] 19390.sql -> outputs/stackoverflow_1gb/19390.txt  (1077 bytes, EXPLAIN stripped)
  [6190/11794] 19391.sql -> outputs/stackoverflow_1gb/19391.txt  (1077 bytes, EXPLAIN stripped)
  [6191/11794] 19392.sql -> outputs/stackoverflow_1gb/19392.txt  (279 bytes, EXPLAIN stripped)
  [6192/11794] 19393.sql -> outputs/stackoverflow_1gb/19393.txt  (1184 bytes, EXPLAIN stripped)
  [6193/11794] 19394.sql -> outputs/stackoverflow_1gb/19394.txt  (400 bytes, EXPLAIN stripped)
  [6194/11794] 19395.sql -> outputs/stackoverflow_1gb/19395.txt  (1247 bytes, EXPLAIN stripped)
  [6195/11794] 19396.sql -> outputs/stackoverflow_1gb/19396.txt  (1165 bytes, EXPLAIN stripped)
  [6196/11794] 19397.sql -> outputs/stackoverflow_1gb/19397.txt  (1239 bytes, EXPLAIN stripped)
  [6197/11794] 19398.sql -> outputs/stackoverflow_1gb/19398.txt  (742 bytes, EXPLAIN stripped)
  [6198/11794] 19399.sql -> outputs/stackoverflow_1gb/19399.txt  (105678 bytes, EXPLAIN stripped)
  [6199/11794] 194.sql -> outputs/stackoverflow_1gb/194.txt  (1132 bytes, EXPLAIN stripped)
  [6200/11794] 19400.sql -> outputs/stackoverflow_1gb/19400.txt  (1246 bytes, EXPLAIN stripped)
  [6201/11794] 19401.sql -> outputs/stackoverflow_1gb/19401.txt  (1264 bytes, EXPLAIN stripped)
  [6202/11794] 19402.sql -> outputs/stackoverflow_1gb/19402.txt  (1175 bytes, EXPLAIN stripped)
  [6203/11794] 19404.sql -> outputs/stackoverflow_1gb/19404.txt  (994 bytes, EXPLAIN stripped)
  [6204/11794] 19405.sql -> outputs/stackoverflow_1gb/19405.txt  (1201 bytes, EXPLAIN stripped)
  [6205/11794] 19407.sql -> outputs/stackoverflow_1gb/19407.txt  (1098 bytes, EXPLAIN stripped)
  [6206/11794] 19409.sql -> outputs/stackoverflow_1gb/19409.txt  (1130 bytes, EXPLAIN stripped)
  [6207/11794] 1941.sql -> outputs/stackoverflow_1gb/1941.txt  (903 bytes, EXPLAIN stripped)
  [6208/11794] 19412.sql -> outputs/stackoverflow_1gb/19412.txt  (1162 bytes, EXPLAIN stripped)
  [6209/11794] 19413.sql -> outputs/stackoverflow_1gb/19413.txt  (1247 bytes, EXPLAIN stripped)
  [6210/11794] 19414.sql -> outputs/stackoverflow_1gb/19414.txt  (1126 bytes, EXPLAIN stripped)
  [6211/11794] 19416.sql -> outputs/stackoverflow_1gb/19416.txt  (1180 bytes, EXPLAIN stripped)
  [6212/11794] 19417.sql -> outputs/stackoverflow_1gb/19417.txt  (1204 bytes, EXPLAIN stripped)
  [6213/11794] 19418.sql -> outputs/stackoverflow_1gb/19418.txt  (1173 bytes, EXPLAIN stripped)
  [6214/11794] 19420.sql -> outputs/stackoverflow_1gb/19420.txt  (1169 bytes, EXPLAIN stripped)
  [6215/11794] 19421.sql -> outputs/stackoverflow_1gb/19421.txt  (1246 bytes, EXPLAIN stripped)
  [6216/11794] 19422.sql -> outputs/stackoverflow_1gb/19422.txt  (2475 bytes, EXPLAIN stripped)
  [6217/11794] 19423.sql -> outputs/stackoverflow_1gb/19423.txt  (1204 bytes, EXPLAIN stripped)
  [6218/11794] 19426.sql -> outputs/stackoverflow_1gb/19426.txt  (1080 bytes, EXPLAIN stripped)
  [6219/11794] 19428.sql -> outputs/stackoverflow_1gb/19428.txt  (1103 bytes, EXPLAIN stripped)
  [6220/11794] 19429.sql -> outputs/stackoverflow_1gb/19429.txt  (1214 bytes, EXPLAIN stripped)
  [6221/11794] 19430.sql -> outputs/stackoverflow_1gb/19430.txt  (1077 bytes, EXPLAIN stripped)
  [6222/11794] 19431.sql -> outputs/stackoverflow_1gb/19431.txt  (1091 bytes, EXPLAIN stripped)
  [6223/11794] 19432.sql -> outputs/stackoverflow_1gb/19432.txt  (1197 bytes, EXPLAIN stripped)
  [6224/11794] 19433.sql -> outputs/stackoverflow_1gb/19433.txt  (1170 bytes, EXPLAIN stripped)
  [6225/11794] 19435.sql -> outputs/stackoverflow_1gb/19435.txt  (1214 bytes, EXPLAIN stripped)
  [6226/11794] 19436.sql -> outputs/stackoverflow_1gb/19436.txt  (1180 bytes, EXPLAIN stripped)
  [6227/11794] 19437.sql -> outputs/stackoverflow_1gb/19437.txt  (215 bytes, EXPLAIN stripped)
  [6228/11794] 19438.sql -> outputs/stackoverflow_1gb/19438.txt  (778 bytes, EXPLAIN stripped)
  [6229/11794] 19439.sql -> outputs/stackoverflow_1gb/19439.txt  (1279 bytes, EXPLAIN stripped)
  [6230/11794] 19440.sql -> outputs/stackoverflow_1gb/19440.txt  (1247 bytes, EXPLAIN stripped)
  [6231/11794] 19442.sql -> outputs/stackoverflow_1gb/19442.txt  (1277 bytes, EXPLAIN stripped)
  [6232/11794] 19443.sql -> outputs/stackoverflow_1gb/19443.txt  (222755 bytes, EXPLAIN stripped)
  [6233/11794] 19445.sql -> outputs/stackoverflow_1gb/19445.txt  (1166 bytes, EXPLAIN stripped)
  [6234/11794] 19446.sql -> outputs/stackoverflow_1gb/19446.txt  (1214 bytes, EXPLAIN stripped)
  [6235/11794] 19447.sql -> outputs/stackoverflow_1gb/19447.txt  (994 bytes, EXPLAIN stripped)
  [6236/11794] 19448.sql -> outputs/stackoverflow_1gb/19448.txt  (1095 bytes, EXPLAIN stripped)
  [6237/11794] 1945.sql -> outputs/stackoverflow_1gb/1945.txt  (4534 bytes, EXPLAIN stripped)
  [6238/11794] 19452.sql -> outputs/stackoverflow_1gb/19452.txt  (1127 bytes, EXPLAIN stripped)
  [6239/11794] 19453.sql -> outputs/stackoverflow_1gb/19453.txt  (1131 bytes, EXPLAIN stripped)
  [6240/11794] 19455.sql -> outputs/stackoverflow_1gb/19455.txt  (1239 bytes, EXPLAIN stripped)
  [6241/11794] 19456.sql -> outputs/stackoverflow_1gb/19456.txt  (1153 bytes, EXPLAIN stripped)
  [6242/11794] 19458.sql -> outputs/stackoverflow_1gb/19458.txt  (1175 bytes, EXPLAIN stripped)
  [6243/11794] 19459.sql -> outputs/stackoverflow_1gb/19459.txt  (1110 bytes, EXPLAIN stripped)
  [6244/11794] 1946.sql -> outputs/stackoverflow_1gb/1946.txt  (2154 bytes, EXPLAIN stripped)
  [6245/11794] 19460.sql -> outputs/stackoverflow_1gb/19460.txt  (1122 bytes, EXPLAIN stripped)
  [6246/11794] 19463.sql -> outputs/stackoverflow_1gb/19463.txt  (1269 bytes, EXPLAIN stripped)
  [6247/11794] 19464.sql -> outputs/stackoverflow_1gb/19464.txt  (1170 bytes, EXPLAIN stripped)
  [6248/11794] 19466.sql -> outputs/stackoverflow_1gb/19466.txt  (1238 bytes, EXPLAIN stripped)
  [6249/11794] 19468.sql -> outputs/stackoverflow_1gb/19468.txt  (1208 bytes, EXPLAIN stripped)
  [6250/11794] 19469.sql -> outputs/stackoverflow_1gb/19469.txt  (1137 bytes, EXPLAIN stripped)
  [6251/11794] 19470.sql -> outputs/stackoverflow_1gb/19470.txt  (959 bytes, EXPLAIN stripped)
  [6252/11794] 19472.sql -> outputs/stackoverflow_1gb/19472.txt  (1102 bytes, EXPLAIN stripped)
  [6253/11794] 19475.sql -> outputs/stackoverflow_1gb/19475.txt  (913 bytes, EXPLAIN stripped)
  [6254/11794] 19476.sql -> outputs/stackoverflow_1gb/19476.txt  (1137 bytes, EXPLAIN stripped)
  [6255/11794] 19478.sql -> outputs/stackoverflow_1gb/19478.txt  (1163 bytes, EXPLAIN stripped)
  [6256/11794] 19480.sql -> outputs/stackoverflow_1gb/19480.txt  (1133 bytes, EXPLAIN stripped)
  [6257/11794] 19481.sql -> outputs/stackoverflow_1gb/19481.txt  (1087 bytes, EXPLAIN stripped)
  [6258/11794] 19482.sql -> outputs/stackoverflow_1gb/19482.txt  (94727 bytes, EXPLAIN stripped)
  [6259/11794] 19483.sql -> outputs/stackoverflow_1gb/19483.txt  (1135 bytes, EXPLAIN stripped)
  [6260/11794] 19484.sql -> outputs/stackoverflow_1gb/19484.txt  (1174 bytes, EXPLAIN stripped)
  [6261/11794] 19485.sql -> outputs/stackoverflow_1gb/19485.txt  (1149 bytes, EXPLAIN stripped)
  [6262/11794] 19487.sql -> outputs/stackoverflow_1gb/19487.txt  (1290 bytes, EXPLAIN stripped)
  [6263/11794] 19488.sql -> outputs/stackoverflow_1gb/19488.txt  (1132 bytes, EXPLAIN stripped)
  [6264/11794] 19491.sql -> outputs/stackoverflow_1gb/19491.txt  (1238 bytes, EXPLAIN stripped)
  [6265/11794] 19493.sql -> outputs/stackoverflow_1gb/19493.txt  (1095 bytes, EXPLAIN stripped)
  [6266/11794] 19495.sql -> outputs/stackoverflow_1gb/19495.txt  (1228 bytes, EXPLAIN stripped)
  [6267/11794] 19496.sql -> outputs/stackoverflow_1gb/19496.txt  (448 bytes, EXPLAIN stripped)
  [6268/11794] 19499.sql -> outputs/stackoverflow_1gb/19499.txt  (1086 bytes, EXPLAIN stripped)
  [6269/11794] 19500.sql -> outputs/stackoverflow_1gb/19500.txt  (1214 bytes, EXPLAIN stripped)
  [6270/11794] 19501.sql -> outputs/stackoverflow_1gb/19501.txt  (1160 bytes, EXPLAIN stripped)
  [6271/11794] 19503.sql -> outputs/stackoverflow_1gb/19503.txt  (1218 bytes, EXPLAIN stripped)
  [6272/11794] 19504.sql -> outputs/stackoverflow_1gb/19504.txt  (1214 bytes, EXPLAIN stripped)
  [6273/11794] 19506.sql -> outputs/stackoverflow_1gb/19506.txt  (936 bytes, EXPLAIN stripped)
  [6274/11794] 19508.sql -> outputs/stackoverflow_1gb/19508.txt  (1188 bytes, EXPLAIN stripped)
  [6275/11794] 19509.sql -> outputs/stackoverflow_1gb/19509.txt  (1246 bytes, EXPLAIN stripped)
  [6276/11794] 19510.sql -> outputs/stackoverflow_1gb/19510.txt  (1279 bytes, EXPLAIN stripped)
  [6277/11794] 19512.sql -> outputs/stackoverflow_1gb/19512.txt  (1059 bytes, EXPLAIN stripped)
  [6278/11794] 19513.sql -> outputs/stackoverflow_1gb/19513.txt  (1279 bytes, EXPLAIN stripped)
  [6279/11794] 19515.sql -> outputs/stackoverflow_1gb/19515.txt  (1210 bytes, EXPLAIN stripped)
  [6280/11794] 19516.sql -> outputs/stackoverflow_1gb/19516.txt  (1210 bytes, EXPLAIN stripped)
  [6281/11794] 19519.sql -> outputs/stackoverflow_1gb/19519.txt  (1138 bytes, EXPLAIN stripped)
  [6282/11794] 19520.sql -> outputs/stackoverflow_1gb/19520.txt  (394 bytes, EXPLAIN stripped)
  [6283/11794] 19521.sql -> outputs/stackoverflow_1gb/19521.txt  (1073 bytes, EXPLAIN stripped)
  [6284/11794] 19522.sql -> outputs/stackoverflow_1gb/19522.txt  (1169 bytes, EXPLAIN stripped)
  [6285/11794] 19524.sql -> outputs/stackoverflow_1gb/19524.txt  (1147 bytes, EXPLAIN stripped)
  [6286/11794] 19525.sql -> outputs/stackoverflow_1gb/19525.txt  (1246 bytes, EXPLAIN stripped)
  [6287/11794] 19526.sql -> outputs/stackoverflow_1gb/19526.txt  (1126 bytes, EXPLAIN stripped)
  [6288/11794] 19527.sql -> outputs/stackoverflow_1gb/19527.txt  (1166 bytes, EXPLAIN stripped)
  [6289/11794] 19528.sql -> outputs/stackoverflow_1gb/19528.txt  (1238 bytes, EXPLAIN stripped)
  [6290/11794] 1953.sql -> outputs/stackoverflow_1gb/1953.txt  (1142 bytes, EXPLAIN stripped)
  [6291/11794] 19531.sql -> outputs/stackoverflow_1gb/19531.txt  (941 bytes, EXPLAIN stripped)
  [6292/11794] 19533.sql -> outputs/stackoverflow_1gb/19533.txt  (1177 bytes, EXPLAIN stripped)
  [6293/11794] 19536.sql -> outputs/stackoverflow_1gb/19536.txt  (996 bytes, EXPLAIN stripped)
  [6294/11794] 19537.sql -> outputs/stackoverflow_1gb/19537.txt  (1204 bytes, EXPLAIN stripped)
  [6295/11794] 19539.sql -> outputs/stackoverflow_1gb/19539.txt  (1137 bytes, EXPLAIN stripped)
  [6296/11794] 19542.sql -> outputs/stackoverflow_1gb/19542.txt  (41404 bytes, EXPLAIN stripped)
  [6297/11794] 19543.sql -> outputs/stackoverflow_1gb/19543.txt  (1170 bytes, EXPLAIN stripped)
  [6298/11794] 19545.sql -> outputs/stackoverflow_1gb/19545.txt  (1021 bytes, EXPLAIN stripped)
  [6299/11794] 19546.sql -> outputs/stackoverflow_1gb/19546.txt  (773 bytes, EXPLAIN stripped)
  [6300/11794] 1955.sql -> outputs/stackoverflow_1gb/1955.txt  (614 bytes, EXPLAIN stripped)
  [6301/11794] 19552.sql -> outputs/stackoverflow_1gb/19552.txt  (1133 bytes, EXPLAIN stripped)
  [6302/11794] 19553.sql -> outputs/stackoverflow_1gb/19553.txt  (1210 bytes, EXPLAIN stripped)
  [6303/11794] 19556.sql -> outputs/stackoverflow_1gb/19556.txt  (1246 bytes, EXPLAIN stripped)
  [6304/11794] 19557.sql -> outputs/stackoverflow_1gb/19557.txt  (1238 bytes, EXPLAIN stripped)
  [6305/11794] 19558.sql -> outputs/stackoverflow_1gb/19558.txt  (1096 bytes, EXPLAIN stripped)
  [6306/11794] 19559.sql -> outputs/stackoverflow_1gb/19559.txt  (1169 bytes, EXPLAIN stripped)
  [6307/11794] 19560.sql -> outputs/stackoverflow_1gb/19560.txt  (1151 bytes, EXPLAIN stripped)
  [6308/11794] 19562.sql -> outputs/stackoverflow_1gb/19562.txt  (936 bytes, EXPLAIN stripped)
  [6309/11794] 19563.sql -> outputs/stackoverflow_1gb/19563.txt  (931 bytes, EXPLAIN stripped)
  [6310/11794] 19564.sql -> outputs/stackoverflow_1gb/19564.txt  (1126 bytes, EXPLAIN stripped)
  [6311/11794] 19566.sql -> outputs/stackoverflow_1gb/19566.txt  (1247 bytes, EXPLAIN stripped)
  [6312/11794] 19568.sql -> outputs/stackoverflow_1gb/19568.txt  (1183 bytes, EXPLAIN stripped)
  [6313/11794] 19569.sql -> outputs/stackoverflow_1gb/19569.txt  (1170 bytes, EXPLAIN stripped)
  [6314/11794] 19570.sql -> outputs/stackoverflow_1gb/19570.txt  (1137 bytes, EXPLAIN stripped)
  [6315/11794] 19572.sql -> outputs/stackoverflow_1gb/19572.txt  (1088 bytes, EXPLAIN stripped)
  [6316/11794] 19573.sql -> outputs/stackoverflow_1gb/19573.txt  (1144 bytes, EXPLAIN stripped)
  [6317/11794] 19574.sql -> outputs/stackoverflow_1gb/19574.txt  (1208 bytes, EXPLAIN stripped)
  [6318/11794] 19575.sql -> outputs/stackoverflow_1gb/19575.txt  (1153 bytes, EXPLAIN stripped)
  [6319/11794] 19576.sql -> outputs/stackoverflow_1gb/19576.txt  (1247 bytes, EXPLAIN stripped)
  [6320/11794] 19578.sql -> outputs/stackoverflow_1gb/19578.txt  (985 bytes, EXPLAIN stripped)
  [6321/11794] 19579.sql -> outputs/stackoverflow_1gb/19579.txt  (1162 bytes, EXPLAIN stripped)
  [6322/11794] 19580.sql -> outputs/stackoverflow_1gb/19580.txt  (1209 bytes, EXPLAIN stripped)
  [6323/11794] 19581.sql -> outputs/stackoverflow_1gb/19581.txt  (1161 bytes, EXPLAIN stripped)
  [6324/11794] 19584.sql -> outputs/stackoverflow_1gb/19584.txt  (1164 bytes, EXPLAIN stripped)
  [6325/11794] 19585.sql -> outputs/stackoverflow_1gb/19585.txt  (1214 bytes, EXPLAIN stripped)
  [6326/11794] 19586.sql -> outputs/stackoverflow_1gb/19586.txt  (377 bytes, EXPLAIN stripped)
  [6327/11794] 1959.sql -> outputs/stackoverflow_1gb/1959.txt  (71021 bytes, EXPLAIN stripped)
  [6328/11794] 19591.sql -> outputs/stackoverflow_1gb/19591.txt  (1109 bytes, EXPLAIN stripped)
  [6329/11794] 19593.sql -> outputs/stackoverflow_1gb/19593.txt  (1093 bytes, EXPLAIN stripped)
  [6330/11794] 19594.sql -> outputs/stackoverflow_1gb/19594.txt  (972 bytes, EXPLAIN stripped)
  [6331/11794] 19597.sql -> outputs/stackoverflow_1gb/19597.txt  (1093 bytes, EXPLAIN stripped)
  [6332/11794] 19599.sql -> outputs/stackoverflow_1gb/19599.txt  (763 bytes, EXPLAIN stripped)
  [6333/11794] 196.sql -> outputs/stackoverflow_1gb/196.txt  (123 bytes, EXPLAIN stripped)
  [6334/11794] 19601.sql -> outputs/stackoverflow_1gb/19601.txt  (1022 bytes, EXPLAIN stripped)
  [6335/11794] 19602.sql -> outputs/stackoverflow_1gb/19602.txt  (1111 bytes, EXPLAIN stripped)
  [6336/11794] 19603.sql -> outputs/stackoverflow_1gb/19603.txt  (1169 bytes, EXPLAIN stripped)
  [6337/11794] 19604.sql -> outputs/stackoverflow_1gb/19604.txt  (1169 bytes, EXPLAIN stripped)
  [6338/11794] 19605.sql -> outputs/stackoverflow_1gb/19605.txt  (1169 bytes, EXPLAIN stripped)
  [6339/11794] 19606.sql -> outputs/stackoverflow_1gb/19606.txt  (1240 bytes, EXPLAIN stripped)
  [6340/11794] 19607.sql -> outputs/stackoverflow_1gb/19607.txt  (1170 bytes, EXPLAIN stripped)
  [6341/11794] 19609.sql -> outputs/stackoverflow_1gb/19609.txt  (1120 bytes, EXPLAIN stripped)
  [6342/11794] 19611.sql -> outputs/stackoverflow_1gb/19611.txt  (1240 bytes, EXPLAIN stripped)
  [6343/11794] 19612.sql -> outputs/stackoverflow_1gb/19612.txt  (1137 bytes, EXPLAIN stripped)
  [6344/11794] 19614.sql -> outputs/stackoverflow_1gb/19614.txt  (936 bytes, EXPLAIN stripped)
  [6345/11794] 19615.sql -> outputs/stackoverflow_1gb/19615.txt  (1102 bytes, EXPLAIN stripped)
  [6346/11794] 19617.sql -> outputs/stackoverflow_1gb/19617.txt  (1126 bytes, EXPLAIN stripped)
  [6347/11794] 1962.sql -> outputs/stackoverflow_1gb/1962.txt  (936 bytes, EXPLAIN stripped)
  [6348/11794] 19620.sql -> outputs/stackoverflow_1gb/19620.txt  (404 bytes, EXPLAIN stripped)
  [6349/11794] 19621.sql -> outputs/stackoverflow_1gb/19621.txt  (1128 bytes, EXPLAIN stripped)
  [6350/11794] 19622.sql -> outputs/stackoverflow_1gb/19622.txt  (1231 bytes, EXPLAIN stripped)
  [6351/11794] 19625.sql -> outputs/stackoverflow_1gb/19625.txt  (1169 bytes, EXPLAIN stripped)
  [6352/11794] 19626.sql -> outputs/stackoverflow_1gb/19626.txt  (1214 bytes, EXPLAIN stripped)
  [6353/11794] 19627.sql -> outputs/stackoverflow_1gb/19627.txt  (1169 bytes, EXPLAIN stripped)
  [6354/11794] 19629.sql -> outputs/stackoverflow_1gb/19629.txt  (521 bytes, EXPLAIN stripped)
  [6355/11794] 1963.sql -> outputs/stackoverflow_1gb/1963.txt  (1336 bytes, EXPLAIN stripped)
  [6356/11794] 19630.sql -> outputs/stackoverflow_1gb/19630.txt  (1246 bytes, EXPLAIN stripped)
  [6357/11794] 19631.sql -> outputs/stackoverflow_1gb/19631.txt  (1112 bytes, EXPLAIN stripped)
  [6358/11794] 19633.sql -> outputs/stackoverflow_1gb/19633.txt  (1238 bytes, EXPLAIN stripped)
  [6359/11794] 19634.sql -> outputs/stackoverflow_1gb/19634.txt  (1180 bytes, EXPLAIN stripped)
  [6360/11794] 19635.sql -> outputs/stackoverflow_1gb/19635.txt  (1272 bytes, EXPLAIN stripped)
  [6361/11794] 19637.sql -> outputs/stackoverflow_1gb/19637.txt  (915 bytes, EXPLAIN stripped)
  [6362/11794] 19639.sql -> outputs/stackoverflow_1gb/19639.txt  (1208 bytes, EXPLAIN stripped)
  [6363/11794] 19640.sql -> outputs/stackoverflow_1gb/19640.txt  (1170 bytes, EXPLAIN stripped)
  [6364/11794] 19641.sql -> outputs/stackoverflow_1gb/19641.txt  (1208 bytes, EXPLAIN stripped)
  [6365/11794] 19642.sql -> outputs/stackoverflow_1gb/19642.txt  (1137 bytes, EXPLAIN stripped)
  [6366/11794] 19643.sql -> outputs/stackoverflow_1gb/19643.txt  (1138 bytes, EXPLAIN stripped)
  [6367/11794] 19644.sql -> outputs/stackoverflow_1gb/19644.txt  (1132 bytes, EXPLAIN stripped)
  [6368/11794] 19645.sql -> outputs/stackoverflow_1gb/19645.txt  (1098 bytes, EXPLAIN stripped)
  [6369/11794] 19646.sql -> outputs/stackoverflow_1gb/19646.txt  (1095 bytes, EXPLAIN stripped)
  [6370/11794] 19647.sql -> outputs/stackoverflow_1gb/19647.txt  (1021 bytes, EXPLAIN stripped)
  [6371/11794] 19649.sql -> outputs/stackoverflow_1gb/19649.txt  (1093 bytes, EXPLAIN stripped)
  [6372/11794] 1965.sql -> outputs/stackoverflow_1gb/1965.txt  (72 bytes, EXPLAIN stripped)
  [6373/11794] 19650.sql -> outputs/stackoverflow_1gb/19650.txt  (1156 bytes, EXPLAIN stripped)
  [6374/11794] 19651.sql -> outputs/stackoverflow_1gb/19651.txt  (1098 bytes, EXPLAIN stripped)
  [6375/11794] 19652.sql -> outputs/stackoverflow_1gb/19652.txt  (1088 bytes, EXPLAIN stripped)
  [6376/11794] 19654.sql -> outputs/stackoverflow_1gb/19654.txt  (1180 bytes, EXPLAIN stripped)
  [6377/11794] 19656.sql -> outputs/stackoverflow_1gb/19656.txt  (1170 bytes, EXPLAIN stripped)
  [6378/11794] 19658.sql -> outputs/stackoverflow_1gb/19658.txt  (1160 bytes, EXPLAIN stripped)
  [6379/11794] 19659.sql -> outputs/stackoverflow_1gb/19659.txt  (1203 bytes, EXPLAIN stripped)
  [6380/11794] 19661.sql -> outputs/stackoverflow_1gb/19661.txt  (1132 bytes, EXPLAIN stripped)
  [6381/11794] 19663.sql -> outputs/stackoverflow_1gb/19663.txt  (1092 bytes, EXPLAIN stripped)
  [6382/11794] 19664.sql -> outputs/stackoverflow_1gb/19664.txt  (1235 bytes, EXPLAIN stripped)
  [6383/11794] 19666.sql -> outputs/stackoverflow_1gb/19666.txt  (1132 bytes, EXPLAIN stripped)
  [6384/11794] 19667.sql -> outputs/stackoverflow_1gb/19667.txt  (1125 bytes, EXPLAIN stripped)
  [6385/11794] 19669.sql -> outputs/stackoverflow_1gb/19669.txt  (1208 bytes, EXPLAIN stripped)
  [6386/11794] 19670.sql -> outputs/stackoverflow_1gb/19670.txt  (1030 bytes, EXPLAIN stripped)
  [6387/11794] 19673.sql -> outputs/stackoverflow_1gb/19673.txt  (1192 bytes, EXPLAIN stripped)
  [6388/11794] 19675.sql -> outputs/stackoverflow_1gb/19675.txt  (944 bytes, EXPLAIN stripped)
  [6389/11794] 19676.sql -> outputs/stackoverflow_1gb/19676.txt  (1272 bytes, EXPLAIN stripped)
  [6390/11794] 19677.sql -> outputs/stackoverflow_1gb/19677.txt  (1021 bytes, EXPLAIN stripped)
  [6391/11794] 19678.sql -> outputs/stackoverflow_1gb/19678.txt  (1080 bytes, EXPLAIN stripped)
  [6392/11794] 19679.sql -> outputs/stackoverflow_1gb/19679.txt  (977 bytes, EXPLAIN stripped)
  [6393/11794] 19680.sql -> outputs/stackoverflow_1gb/19680.txt  (1231 bytes, EXPLAIN stripped)
  [6394/11794] 19683.sql -> outputs/stackoverflow_1gb/19683.txt  (1138 bytes, EXPLAIN stripped)
  [6395/11794] 19684.sql -> outputs/stackoverflow_1gb/19684.txt  (1237 bytes, EXPLAIN stripped)
  [6396/11794] 19685.sql -> outputs/stackoverflow_1gb/19685.txt  (936 bytes, EXPLAIN stripped)
  [6397/11794] 19688.sql -> outputs/stackoverflow_1gb/19688.txt  (1176 bytes, EXPLAIN stripped)
  [6398/11794] 19689.sql -> outputs/stackoverflow_1gb/19689.txt  (1214 bytes, EXPLAIN stripped)
  [6399/11794] 19691.sql -> outputs/stackoverflow_1gb/19691.txt  (1208 bytes, EXPLAIN stripped)
  [6400/11794] 19692.sql -> outputs/stackoverflow_1gb/19692.txt  (1929 bytes, EXPLAIN stripped)
  [6401/11794] 19694.sql -> outputs/stackoverflow_1gb/19694.txt  (1093 bytes, EXPLAIN stripped)
  [6402/11794] 19696.sql -> outputs/stackoverflow_1gb/19696.txt  (1098 bytes, EXPLAIN stripped)
  [6403/11794] 19697.sql -> outputs/stackoverflow_1gb/19697.txt  (1151 bytes, EXPLAIN stripped)
  [6404/11794] 19699.sql -> outputs/stackoverflow_1gb/19699.txt  (1228 bytes, EXPLAIN stripped)
  [6405/11794] 19700.sql -> outputs/stackoverflow_1gb/19700.txt  (1126 bytes, EXPLAIN stripped)
  [6406/11794] 19701.sql -> outputs/stackoverflow_1gb/19701.txt  (1176 bytes, EXPLAIN stripped)
  [6407/11794] 19702.sql -> outputs/stackoverflow_1gb/19702.txt  (1036 bytes, EXPLAIN stripped)
  [6408/11794] 19703.sql -> outputs/stackoverflow_1gb/19703.txt  (1103 bytes, EXPLAIN stripped)
  [6409/11794] 19704.sql -> outputs/stackoverflow_1gb/19704.txt  (1237 bytes, EXPLAIN stripped)
  [6410/11794] 19705.sql -> outputs/stackoverflow_1gb/19705.txt  (1123 bytes, EXPLAIN stripped)
  [6411/11794] 19706.sql -> outputs/stackoverflow_1gb/19706.txt  (1093 bytes, EXPLAIN stripped)
  [6412/11794] 19707.sql -> outputs/stackoverflow_1gb/19707.txt  (970 bytes, EXPLAIN stripped)
  [6413/11794] 19709.sql -> outputs/stackoverflow_1gb/19709.txt  (1133 bytes, EXPLAIN stripped)
  [6414/11794] 1971.sql -> outputs/stackoverflow_1gb/1971.txt  (1186 bytes, EXPLAIN stripped)
  [6415/11794] 19710.sql -> outputs/stackoverflow_1gb/19710.txt  (1124 bytes, EXPLAIN stripped)
  [6416/11794] 19711.sql -> outputs/stackoverflow_1gb/19711.txt  (936 bytes, EXPLAIN stripped)
  [6417/11794] 19712.sql -> outputs/stackoverflow_1gb/19712.txt  (1015 bytes, EXPLAIN stripped)
  [6418/11794] 19714.sql -> outputs/stackoverflow_1gb/19714.txt  (1169 bytes, EXPLAIN stripped)
  [6419/11794] 19715.sql -> outputs/stackoverflow_1gb/19715.txt  (1098 bytes, EXPLAIN stripped)
  [6420/11794] 19717.sql -> outputs/stackoverflow_1gb/19717.txt  (1266 bytes, EXPLAIN stripped)
  [6421/11794] 19720.sql -> outputs/stackoverflow_1gb/19720.txt  (1132 bytes, EXPLAIN stripped)
  [6422/11794] 19721.sql -> outputs/stackoverflow_1gb/19721.txt  (1247 bytes, EXPLAIN stripped)
  [6423/11794] 19722.sql -> outputs/stackoverflow_1gb/19722.txt  (1164 bytes, EXPLAIN stripped)
  [6424/11794] 19725.sql -> outputs/stackoverflow_1gb/19725.txt  (1279 bytes, EXPLAIN stripped)
  [6425/11794] 19727.sql -> outputs/stackoverflow_1gb/19727.txt  (1159 bytes, EXPLAIN stripped)
  [6426/11794] 19731.sql -> outputs/stackoverflow_1gb/19731.txt  (1166 bytes, EXPLAIN stripped)
  [6427/11794] 19734.sql -> outputs/stackoverflow_1gb/19734.txt  (1170 bytes, EXPLAIN stripped)
  [6428/11794] 19735.sql -> outputs/stackoverflow_1gb/19735.txt  (1175 bytes, EXPLAIN stripped)
  [6429/11794] 19736.sql -> outputs/stackoverflow_1gb/19736.txt  (1214 bytes, EXPLAIN stripped)
  [6430/11794] 19737.sql -> outputs/stackoverflow_1gb/19737.txt  (1247 bytes, EXPLAIN stripped)
  [6431/11794] 19738.sql -> outputs/stackoverflow_1gb/19738.txt  (1169 bytes, EXPLAIN stripped)
  [6432/11794] 19739.sql -> outputs/stackoverflow_1gb/19739.txt  (1214 bytes, EXPLAIN stripped)
  [6433/11794] 1974.sql -> outputs/stackoverflow_1gb/1974.txt  (49596 bytes, EXPLAIN stripped)
  [6434/11794] 19743.sql -> outputs/stackoverflow_1gb/19743.txt  (1279 bytes, EXPLAIN stripped)
  [6435/11794] 19744.sql -> outputs/stackoverflow_1gb/19744.txt  (1208 bytes, EXPLAIN stripped)
  [6436/11794] 19745.sql -> outputs/stackoverflow_1gb/19745.txt  (1163 bytes, EXPLAIN stripped)
  [6437/11794] 19747.sql -> outputs/stackoverflow_1gb/19747.txt  (1238 bytes, EXPLAIN stripped)
  [6438/11794] 19749.sql -> outputs/stackoverflow_1gb/19749.txt  (1131 bytes, EXPLAIN stripped)
  [6439/11794] 19752.sql -> outputs/stackoverflow_1gb/19752.txt  (1056 bytes, EXPLAIN stripped)
  [6440/11794] 19753.sql -> outputs/stackoverflow_1gb/19753.txt  (1098 bytes, EXPLAIN stripped)
  [6441/11794] 19755.sql -> outputs/stackoverflow_1gb/19755.txt  (1135 bytes, EXPLAIN stripped)
  [6442/11794] 19756.sql -> outputs/stackoverflow_1gb/19756.txt  (1569 bytes, EXPLAIN stripped)
  [6443/11794] 19758.sql -> outputs/stackoverflow_1gb/19758.txt  (1130 bytes, EXPLAIN stripped)
  [6444/11794] 19760.sql -> outputs/stackoverflow_1gb/19760.txt  (1065 bytes, EXPLAIN stripped)
  [6445/11794] 19763.sql -> outputs/stackoverflow_1gb/19763.txt  (1133 bytes, EXPLAIN stripped)
  [6446/11794] 19764.sql -> outputs/stackoverflow_1gb/19764.txt  (1279 bytes, EXPLAIN stripped)
  [6447/11794] 19766.sql -> outputs/stackoverflow_1gb/19766.txt  (1132 bytes, EXPLAIN stripped)
  [6448/11794] 19767.sql -> outputs/stackoverflow_1gb/19767.txt  (8547 bytes, EXPLAIN stripped)
  [6449/11794] 1977.sql -> outputs/stackoverflow_1gb/1977.txt  (741 bytes, EXPLAIN stripped)
  [6450/11794] 19770.sql -> outputs/stackoverflow_1gb/19770.txt  (1201 bytes, EXPLAIN stripped)
  [6451/11794] 19771.sql -> outputs/stackoverflow_1gb/19771.txt  (982 bytes, EXPLAIN stripped)
  [6452/11794] 19772.sql -> outputs/stackoverflow_1gb/19772.txt  (1080 bytes, EXPLAIN stripped)
  [6453/11794] 19773.sql -> outputs/stackoverflow_1gb/19773.txt  (1126 bytes, EXPLAIN stripped)
  [6454/11794] 19774.sql -> outputs/stackoverflow_1gb/19774.txt  (1132 bytes, EXPLAIN stripped)
  [6455/11794] 19775.sql -> outputs/stackoverflow_1gb/19775.txt  (1137 bytes, EXPLAIN stripped)
  [6456/11794] 19778.sql -> outputs/stackoverflow_1gb/19778.txt  (214 bytes, EXPLAIN stripped)
  [6457/11794] 19779.sql -> outputs/stackoverflow_1gb/19779.txt  (96904 bytes, EXPLAIN stripped)
  [6458/11794] 19780.sql -> outputs/stackoverflow_1gb/19780.txt  (1214 bytes, EXPLAIN stripped)
  [6459/11794] 19782.sql -> outputs/stackoverflow_1gb/19782.txt  (1238 bytes, EXPLAIN stripped)
  [6460/11794] 19783.sql -> outputs/stackoverflow_1gb/19783.txt  (1246 bytes, EXPLAIN stripped)
  [6461/11794] 19784.sql -> outputs/stackoverflow_1gb/19784.txt  (1199 bytes, EXPLAIN stripped)
  [6462/11794] 19785.sql -> outputs/stackoverflow_1gb/19785.txt  (1089 bytes, EXPLAIN stripped)
  [6463/11794] 19786.sql -> outputs/stackoverflow_1gb/19786.txt  (1161 bytes, EXPLAIN stripped)
  [6464/11794] 19787.sql -> outputs/stackoverflow_1gb/19787.txt  (1236 bytes, EXPLAIN stripped)
  [6465/11794] 19790.sql -> outputs/stackoverflow_1gb/19790.txt  (1246 bytes, EXPLAIN stripped)
  [6466/11794] 19791.sql -> outputs/stackoverflow_1gb/19791.txt  (1135 bytes, EXPLAIN stripped)
  [6467/11794] 19792.sql -> outputs/stackoverflow_1gb/19792.txt  (1246 bytes, EXPLAIN stripped)
  [6468/11794] 19794.sql -> outputs/stackoverflow_1gb/19794.txt  (1214 bytes, EXPLAIN stripped)
  [6469/11794] 19795.sql -> outputs/stackoverflow_1gb/19795.txt  (1132 bytes, EXPLAIN stripped)
  [6470/11794] 19796.sql -> outputs/stackoverflow_1gb/19796.txt  (1175 bytes, EXPLAIN stripped)
  [6471/11794] 19797.sql -> outputs/stackoverflow_1gb/19797.txt  (969 bytes, EXPLAIN stripped)
  [6472/11794] 19800.sql -> outputs/stackoverflow_1gb/19800.txt  (1279 bytes, EXPLAIN stripped)
  [6473/11794] 19801.sql -> outputs/stackoverflow_1gb/19801.txt  (11043 bytes, EXPLAIN stripped)
  [6474/11794] 19802.sql -> outputs/stackoverflow_1gb/19802.txt  (524 bytes, EXPLAIN stripped)
  [6475/11794] 19803.sql -> outputs/stackoverflow_1gb/19803.txt  (1180 bytes, EXPLAIN stripped)
  [6476/11794] 19804.sql -> outputs/stackoverflow_1gb/19804.txt  (1098 bytes, EXPLAIN stripped)
  [6477/11794] 19805.sql -> outputs/stackoverflow_1gb/19805.txt  (1096 bytes, EXPLAIN stripped)
  [6478/11794] 19806.sql -> outputs/stackoverflow_1gb/19806.txt  (1247 bytes, EXPLAIN stripped)
  [6479/11794] 19809.sql -> outputs/stackoverflow_1gb/19809.txt  (1088 bytes, EXPLAIN stripped)
  [6480/11794] 19811.sql -> outputs/stackoverflow_1gb/19811.txt  (1210 bytes, EXPLAIN stripped)
  [6481/11794] 19812.sql -> outputs/stackoverflow_1gb/19812.txt  (934 bytes, EXPLAIN stripped)
  [6482/11794] 19813.sql -> outputs/stackoverflow_1gb/19813.txt  (1227 bytes, EXPLAIN stripped)
  [6483/11794] 19814.sql -> outputs/stackoverflow_1gb/19814.txt  (1137 bytes, EXPLAIN stripped)
  [6484/11794] 19816.sql -> outputs/stackoverflow_1gb/19816.txt  (1214 bytes, EXPLAIN stripped)
  [6485/11794] 19819.sql -> outputs/stackoverflow_1gb/19819.txt  (1132 bytes, EXPLAIN stripped)
  [6486/11794] 19820.sql -> outputs/stackoverflow_1gb/19820.txt  (1103 bytes, EXPLAIN stripped)
  [6487/11794] 19821.sql -> outputs/stackoverflow_1gb/19821.txt  (985 bytes, EXPLAIN stripped)
  [6488/11794] 19822.sql -> outputs/stackoverflow_1gb/19822.txt  (1219 bytes, EXPLAIN stripped)
  [6489/11794] 19823.sql -> outputs/stackoverflow_1gb/19823.txt  (1170 bytes, EXPLAIN stripped)
  [6490/11794] 19824.sql -> outputs/stackoverflow_1gb/19824.txt  (1135 bytes, EXPLAIN stripped)
  [6491/11794] 19826.sql -> outputs/stackoverflow_1gb/19826.txt  (18391 bytes, EXPLAIN stripped)
  [6492/11794] 19829.sql -> outputs/stackoverflow_1gb/19829.txt  (1238 bytes, EXPLAIN stripped)
  [6493/11794] 19830.sql -> outputs/stackoverflow_1gb/19830.txt  (1021 bytes, EXPLAIN stripped)
  [6494/11794] 19833.sql -> outputs/stackoverflow_1gb/19833.txt  (1204 bytes, EXPLAIN stripped)
  [6495/11794] 19834.sql -> outputs/stackoverflow_1gb/19834.txt  (1126 bytes, EXPLAIN stripped)
  [6496/11794] 19836.sql -> outputs/stackoverflow_1gb/19836.txt  (1094 bytes, EXPLAIN stripped)
  [6497/11794] 19838.sql -> outputs/stackoverflow_1gb/19838.txt  (1093 bytes, EXPLAIN stripped)
  [6498/11794] 19840.sql -> outputs/stackoverflow_1gb/19840.txt  (1132 bytes, EXPLAIN stripped)
  [6499/11794] 19841.sql -> outputs/stackoverflow_1gb/19841.txt  (1258 bytes, EXPLAIN stripped)
  [6500/11794] 19843.sql -> outputs/stackoverflow_1gb/19843.txt  (1201 bytes, EXPLAIN stripped)
  [6501/11794] 19845.sql -> outputs/stackoverflow_1gb/19845.txt  (1016 bytes, EXPLAIN stripped)
  [6502/11794] 19846.sql -> outputs/stackoverflow_1gb/19846.txt  (1132 bytes, EXPLAIN stripped)
  [6503/11794] 19847.sql -> outputs/stackoverflow_1gb/19847.txt  (945 bytes, EXPLAIN stripped)
  [6504/11794] 19850.sql -> outputs/stackoverflow_1gb/19850.txt  (1203 bytes, EXPLAIN stripped)
  [6505/11794] 19851.sql -> outputs/stackoverflow_1gb/19851.txt  (1173 bytes, EXPLAIN stripped)
  [6506/11794] 19852.sql -> outputs/stackoverflow_1gb/19852.txt  (1246 bytes, EXPLAIN stripped)
  [6507/11794] 19855.sql -> outputs/stackoverflow_1gb/19855.txt  (1166 bytes, EXPLAIN stripped)
  [6508/11794] 19857.sql -> outputs/stackoverflow_1gb/19857.txt  (936 bytes, EXPLAIN stripped)
  [6509/11794] 19859.sql -> outputs/stackoverflow_1gb/19859.txt  (1127 bytes, EXPLAIN stripped)
  [6510/11794] 1986.sql -> outputs/stackoverflow_1gb/1986.txt  (75833 bytes, EXPLAIN stripped)
  [6511/11794] 19861.sql -> outputs/stackoverflow_1gb/19861.txt  (1131 bytes, EXPLAIN stripped)
  [6512/11794] 19863.sql -> outputs/stackoverflow_1gb/19863.txt  (1137 bytes, EXPLAIN stripped)
  [6513/11794] 19865.sql -> outputs/stackoverflow_1gb/19865.txt  (1142 bytes, EXPLAIN stripped)
  [6514/11794] 19866.sql -> outputs/stackoverflow_1gb/19866.txt  (1144 bytes, EXPLAIN stripped)
  [6515/11794] 1987.sql -> outputs/stackoverflow_1gb/1987.txt  (1284 bytes, EXPLAIN stripped)
  [6516/11794] 19870.sql -> outputs/stackoverflow_1gb/19870.txt  (1186 bytes, EXPLAIN stripped)
  [6517/11794] 19873.sql -> outputs/stackoverflow_1gb/19873.txt  (936 bytes, EXPLAIN stripped)
  [6518/11794] 19875.sql -> outputs/stackoverflow_1gb/19875.txt  (1164 bytes, EXPLAIN stripped)
  [6519/11794] 19876.sql -> outputs/stackoverflow_1gb/19876.txt  (1169 bytes, EXPLAIN stripped)
  [6520/11794] 19877.sql -> outputs/stackoverflow_1gb/19877.txt  (1102 bytes, EXPLAIN stripped)
  [6521/11794] 19878.sql -> outputs/stackoverflow_1gb/19878.txt  (1132 bytes, EXPLAIN stripped)
  [6522/11794] 19880.sql -> outputs/stackoverflow_1gb/19880.txt  (1175 bytes, EXPLAIN stripped)
  [6523/11794] 19881.sql -> outputs/stackoverflow_1gb/19881.txt  (1203 bytes, EXPLAIN stripped)
  [6524/11794] 19882.sql -> outputs/stackoverflow_1gb/19882.txt  (1245 bytes, EXPLAIN stripped)
  [6525/11794] 19883.sql -> outputs/stackoverflow_1gb/19883.txt  (10818 bytes, EXPLAIN stripped)
  [6526/11794] 19886.sql -> outputs/stackoverflow_1gb/19886.txt  (1137 bytes, EXPLAIN stripped)
  [6527/11794] 19887.sql -> outputs/stackoverflow_1gb/19887.txt  (1137 bytes, EXPLAIN stripped)
  [6528/11794] 19888.sql -> outputs/stackoverflow_1gb/19888.txt  (1219 bytes, EXPLAIN stripped)
  [6529/11794] 19889.sql -> outputs/stackoverflow_1gb/19889.txt  (1137 bytes, EXPLAIN stripped)
  [6530/11794] 19890.sql -> outputs/stackoverflow_1gb/19890.txt  (1169 bytes, EXPLAIN stripped)
  [6531/11794] 19892.sql -> outputs/stackoverflow_1gb/19892.txt  (1180 bytes, EXPLAIN stripped)
  [6532/11794] 19893.sql -> outputs/stackoverflow_1gb/19893.txt  (1273 bytes, EXPLAIN stripped)
  [6533/11794] 19894.sql -> outputs/stackoverflow_1gb/19894.txt  (18439 bytes, EXPLAIN stripped)
  [6534/11794] 19895.sql -> outputs/stackoverflow_1gb/19895.txt  (1203 bytes, EXPLAIN stripped)
  [6535/11794] 19898.sql -> outputs/stackoverflow_1gb/19898.txt  (1269 bytes, EXPLAIN stripped)
  [6536/11794] 19899.sql -> outputs/stackoverflow_1gb/19899.txt  (1157 bytes, EXPLAIN stripped)
  [6537/11794] 1990.sql -> outputs/stackoverflow_1gb/1990.txt  (19110 bytes, EXPLAIN stripped)
  [6538/11794] 19900.sql -> outputs/stackoverflow_1gb/19900.txt  (1169 bytes, EXPLAIN stripped)
  [6539/11794] 19901.sql -> outputs/stackoverflow_1gb/19901.txt  (1246 bytes, EXPLAIN stripped)
  [6540/11794] 19902.sql -> outputs/stackoverflow_1gb/19902.txt  (1279 bytes, EXPLAIN stripped)
  [6541/11794] 19903.sql -> outputs/stackoverflow_1gb/19903.txt  (1246 bytes, EXPLAIN stripped)
  [6542/11794] 19904.sql -> outputs/stackoverflow_1gb/19904.txt  (1109 bytes, EXPLAIN stripped)
  [6543/11794] 19905.sql -> outputs/stackoverflow_1gb/19905.txt  (950 bytes, EXPLAIN stripped)
  [6544/11794] 19907.sql -> outputs/stackoverflow_1gb/19907.txt  (1131 bytes, EXPLAIN stripped)
  [6545/11794] 19910.sql -> outputs/stackoverflow_1gb/19910.txt  (1214 bytes, EXPLAIN stripped)
  [6546/11794] 19911.sql -> outputs/stackoverflow_1gb/19911.txt  (1279 bytes, EXPLAIN stripped)
  [6547/11794] 19912.sql -> outputs/stackoverflow_1gb/19912.txt  (1240 bytes, EXPLAIN stripped)
  [6548/11794] 19914.sql -> outputs/stackoverflow_1gb/19914.txt  (1219 bytes, EXPLAIN stripped)
  [6549/11794] 19916.sql -> outputs/stackoverflow_1gb/19916.txt  (1246 bytes, EXPLAIN stripped)
  [6550/11794] 19917.sql -> outputs/stackoverflow_1gb/19917.txt  (1266 bytes, EXPLAIN stripped)
  [6551/11794] 19918.sql -> outputs/stackoverflow_1gb/19918.txt  (1135 bytes, EXPLAIN stripped)
  [6552/11794] 19919.sql -> outputs/stackoverflow_1gb/19919.txt  (1214 bytes, EXPLAIN stripped)
  [6553/11794] 1992.sql -> outputs/stackoverflow_1gb/1992.txt  (2626 bytes, EXPLAIN stripped)
  [6554/11794] 19920.sql -> outputs/stackoverflow_1gb/19920.txt  (1180 bytes, EXPLAIN stripped)
  [6555/11794] 19922.sql -> outputs/stackoverflow_1gb/19922.txt  (1137 bytes, EXPLAIN stripped)
  [6556/11794] 19923.sql -> outputs/stackoverflow_1gb/19923.txt  (1130 bytes, EXPLAIN stripped)
  [6557/11794] 19924.sql -> outputs/stackoverflow_1gb/19924.txt  (1171 bytes, EXPLAIN stripped)
  [6558/11794] 19925.sql -> outputs/stackoverflow_1gb/19925.txt  (1131 bytes, EXPLAIN stripped)
  [6559/11794] 19926.sql -> outputs/stackoverflow_1gb/19926.txt  (1086 bytes, EXPLAIN stripped)
  [6560/11794] 19927.sql -> outputs/stackoverflow_1gb/19927.txt  (1137 bytes, EXPLAIN stripped)
  [6561/11794] 19930.sql -> outputs/stackoverflow_1gb/19930.txt  (1151 bytes, EXPLAIN stripped)
  [6562/11794] 19935.sql -> outputs/stackoverflow_1gb/19935.txt  (1204 bytes, EXPLAIN stripped)
  [6563/11794] 19936.sql -> outputs/stackoverflow_1gb/19936.txt  (207055 bytes, EXPLAIN stripped)
  [6564/11794] 19937.sql -> outputs/stackoverflow_1gb/19937.txt  (1171 bytes, EXPLAIN stripped)
  [6565/11794] 19938.sql -> outputs/stackoverflow_1gb/19938.txt  (1187 bytes, EXPLAIN stripped)
  [6566/11794] 19940.sql -> outputs/stackoverflow_1gb/19940.txt  (937 bytes, EXPLAIN stripped)
  [6567/11794] 19941.sql -> outputs/stackoverflow_1gb/19941.txt  (1175 bytes, EXPLAIN stripped)
  [6568/11794] 19942.sql -> outputs/stackoverflow_1gb/19942.txt  (1104 bytes, EXPLAIN stripped)
  [6569/11794] 19943.sql -> outputs/stackoverflow_1gb/19943.txt  (1171 bytes, EXPLAIN stripped)
  [6570/11794] 19945.sql -> outputs/stackoverflow_1gb/19945.txt  (1052 bytes, EXPLAIN stripped)
  [6571/11794] 19948.sql -> outputs/stackoverflow_1gb/19948.txt  (1098 bytes, EXPLAIN stripped)
  [6572/11794] 19950.sql -> outputs/stackoverflow_1gb/19950.txt  (1133 bytes, EXPLAIN stripped)
  [6573/11794] 19953.sql -> outputs/stackoverflow_1gb/19953.txt  (1208 bytes, EXPLAIN stripped)
  [6574/11794] 19954.sql -> outputs/stackoverflow_1gb/19954.txt  (1138 bytes, EXPLAIN stripped)
  [6575/11794] 19955.sql -> outputs/stackoverflow_1gb/19955.txt  (1208 bytes, EXPLAIN stripped)
  [6576/11794] 19958.sql -> outputs/stackoverflow_1gb/19958.txt  (1093 bytes, EXPLAIN stripped)
  [6577/11794] 1996.sql -> outputs/stackoverflow_1gb/1996.txt  (1463 bytes, EXPLAIN stripped)
  [6578/11794] 19960.sql -> outputs/stackoverflow_1gb/19960.txt  (1087 bytes, EXPLAIN stripped)
  [6579/11794] 19961.sql -> outputs/stackoverflow_1gb/19961.txt  (1236 bytes, EXPLAIN stripped)
  [6580/11794] 19963.sql -> outputs/stackoverflow_1gb/19963.txt  (1114 bytes, EXPLAIN stripped)
  [6581/11794] 19965.sql -> outputs/stackoverflow_1gb/19965.txt  (1279 bytes, EXPLAIN stripped)
  [6582/11794] 19966.sql -> outputs/stackoverflow_1gb/19966.txt  (1041 bytes, EXPLAIN stripped)
  [6583/11794] 19967.sql -> outputs/stackoverflow_1gb/19967.txt  (1184 bytes, EXPLAIN stripped)
  [6584/11794] 1997.sql -> outputs/stackoverflow_1gb/1997.txt  (17348 bytes, EXPLAIN stripped)
  [6585/11794] 19970.sql -> outputs/stackoverflow_1gb/19970.txt  (1133 bytes, EXPLAIN stripped)
  [6586/11794] 19973.sql -> outputs/stackoverflow_1gb/19973.txt  (321 bytes, EXPLAIN stripped)
  [6587/11794] 19975.sql -> outputs/stackoverflow_1gb/19975.txt  (1142 bytes, EXPLAIN stripped)
  [6588/11794] 19976.sql -> outputs/stackoverflow_1gb/19976.txt  (920 bytes, EXPLAIN stripped)
  [6589/11794] 19977.sql -> outputs/stackoverflow_1gb/19977.txt  (1093 bytes, EXPLAIN stripped)
  [6590/11794] 19978.sql -> outputs/stackoverflow_1gb/19978.txt  (1169 bytes, EXPLAIN stripped)
  [6591/11794] 19980.sql -> outputs/stackoverflow_1gb/19980.txt  (1093 bytes, EXPLAIN stripped)
  [6592/11794] 19983.sql -> outputs/stackoverflow_1gb/19983.txt  (1214 bytes, EXPLAIN stripped)
  [6593/11794] 19984.sql -> outputs/stackoverflow_1gb/19984.txt  (1161 bytes, EXPLAIN stripped)
  [6594/11794] 19985.sql -> outputs/stackoverflow_1gb/19985.txt  (1214 bytes, EXPLAIN stripped)
  [6595/11794] 19987.sql -> outputs/stackoverflow_1gb/19987.txt  (1204 bytes, EXPLAIN stripped)
  [6596/11794] 19988.sql -> outputs/stackoverflow_1gb/19988.txt  (1238 bytes, EXPLAIN stripped)
  [6597/11794] 19992.sql -> outputs/stackoverflow_1gb/19992.txt  (1212 bytes, EXPLAIN stripped)
  [6598/11794] 19993.sql -> outputs/stackoverflow_1gb/19993.txt  (1132 bytes, EXPLAIN stripped)
  [6599/11794] 19996.sql -> outputs/stackoverflow_1gb/19996.txt  (1126 bytes, EXPLAIN stripped)
  [6600/11794] 19997.sql -> outputs/stackoverflow_1gb/19997.txt  (110679 bytes, EXPLAIN stripped)
  [6601/11794] 19998.sql -> outputs/stackoverflow_1gb/19998.txt  (1126 bytes, EXPLAIN stripped)
  [6602/11794] 19999.sql -> outputs/stackoverflow_1gb/19999.txt  (1240 bytes, EXPLAIN stripped)
  [6603/11794] 200.sql -> outputs/stackoverflow_1gb/200.txt  (1648 bytes, EXPLAIN stripped)
  [6604/11794] 20000.sql -> outputs/stackoverflow_1gb/20000.txt  (936 bytes, EXPLAIN stripped)
  [6605/11794] 2001.sql -> outputs/stackoverflow_1gb/2001.txt  (555 bytes, EXPLAIN stripped)
  [6606/11794] 20026.sql -> outputs/stackoverflow_1gb/20026.txt  (138 bytes, EXPLAIN stripped)
  [6607/11794] 20027.sql -> outputs/stackoverflow_1gb/20027.txt  (72213 bytes, EXPLAIN stripped)
  [6608/11794] 20028.sql -> outputs/stackoverflow_1gb/20028.txt  (144 bytes, EXPLAIN stripped)
  [6609/11794] 20034.sql -> outputs/stackoverflow_1gb/20034.txt  (94 bytes, EXPLAIN stripped)
  [6610/11794] 20039.sql -> outputs/stackoverflow_1gb/20039.txt  (169080 bytes, EXPLAIN stripped)
  [6611/11794] 2004.sql -> outputs/stackoverflow_1gb/2004.txt  (491 bytes, EXPLAIN stripped)
  [6612/11794] 20055.sql -> outputs/stackoverflow_1gb/20055.txt  (8375 bytes, EXPLAIN stripped)
  [6613/11794] 20065.sql -> outputs/stackoverflow_1gb/20065.txt  (105 bytes, EXPLAIN stripped)
  [6614/11794] 20076.sql -> outputs/stackoverflow_1gb/20076.txt  (60656 bytes, EXPLAIN stripped)
  [6615/11794] 20086.sql -> outputs/stackoverflow_1gb/20086.txt  (201 bytes, EXPLAIN stripped)
  [6616/11794] 20091.sql -> outputs/stackoverflow_1gb/20091.txt  (2695 bytes, EXPLAIN stripped)
  [6617/11794] 20097.sql -> outputs/stackoverflow_1gb/20097.txt  (637 bytes, EXPLAIN stripped)
  [6618/11794] 2010.sql -> outputs/stackoverflow_1gb/2010.txt  (555 bytes, EXPLAIN stripped)
  [6619/11794] 20100.sql -> outputs/stackoverflow_1gb/20100.txt  (1246 bytes, EXPLAIN stripped)
  [6620/11794] 20102.sql -> outputs/stackoverflow_1gb/20102.txt  (817 bytes, EXPLAIN stripped)
  [6621/11794] 2011.sql -> outputs/stackoverflow_1gb/2011.txt  (1215 bytes, EXPLAIN stripped)
  [6622/11794] 20115.sql -> outputs/stackoverflow_1gb/20115.txt  (685 bytes, EXPLAIN stripped)
  [6623/11794] 20116.sql -> outputs/stackoverflow_1gb/20116.txt  (106 bytes, EXPLAIN stripped)
  [6624/11794] 20117.sql -> outputs/stackoverflow_1gb/20117.txt  (740 bytes, EXPLAIN stripped)
  [6625/11794] 20120.sql -> outputs/stackoverflow_1gb/20120.txt  (1485 bytes, EXPLAIN stripped)
  [6626/11794] 20122.sql -> outputs/stackoverflow_1gb/20122.txt  (153 bytes, EXPLAIN stripped)
  [6627/11794] 20137.sql -> outputs/stackoverflow_1gb/20137.txt  (1477 bytes, EXPLAIN stripped)
  [6628/11794] 20141.sql -> outputs/stackoverflow_1gb/20141.txt  (784 bytes, EXPLAIN stripped)
  [6629/11794] 20152.sql -> outputs/stackoverflow_1gb/20152.txt  (756 bytes, EXPLAIN stripped)
  [6630/11794] 20165.sql -> outputs/stackoverflow_1gb/20165.txt  (1166 bytes, EXPLAIN stripped)
  [6631/11794] 2017.sql -> outputs/stackoverflow_1gb/2017.txt  (62890 bytes, EXPLAIN stripped)
  [6632/11794] 20182.sql -> outputs/stackoverflow_1gb/20182.txt  (1049 bytes, EXPLAIN stripped)
  [6633/11794] 20195.sql -> outputs/stackoverflow_1gb/20195.txt  (154 bytes, EXPLAIN stripped)
  [6634/11794] 202.sql -> outputs/stackoverflow_1gb/202.txt  (1270 bytes, EXPLAIN stripped)
  [6635/11794] 20205.sql -> outputs/stackoverflow_1gb/20205.txt  (144 bytes, EXPLAIN stripped)
  [6636/11794] 20220.sql -> outputs/stackoverflow_1gb/20220.txt  (1251 bytes, EXPLAIN stripped)
  [6637/11794] 20227.sql -> outputs/stackoverflow_1gb/20227.txt  (33161 bytes, EXPLAIN stripped)
  [6638/11794] 20231.sql -> outputs/stackoverflow_1gb/20231.txt  (881 bytes, EXPLAIN stripped)
  [6639/11794] 20234.sql -> outputs/stackoverflow_1gb/20234.txt  (76 bytes, EXPLAIN stripped)
  [6640/11794] 20237.sql -> outputs/stackoverflow_1gb/20237.txt  (152342 bytes, EXPLAIN stripped)
  [6641/11794] 2024.sql -> outputs/stackoverflow_1gb/2024.txt  (635 bytes, EXPLAIN stripped)
  [6642/11794] 20256.sql -> outputs/stackoverflow_1gb/20256.txt  (20061 bytes, EXPLAIN stripped)
  [6643/11794] 20274.sql -> outputs/stackoverflow_1gb/20274.txt  (126 bytes, EXPLAIN stripped)
  [6644/11794] 20277.sql -> outputs/stackoverflow_1gb/20277.txt  (141 bytes, EXPLAIN stripped)
  [6645/11794] 2028.sql -> outputs/stackoverflow_1gb/2028.txt  (659 bytes, EXPLAIN stripped)
  [6646/11794] 20286.sql -> outputs/stackoverflow_1gb/20286.txt  (5748 bytes, EXPLAIN stripped)
  [6647/11794] 20289.sql -> outputs/stackoverflow_1gb/20289.txt  (1531 bytes, EXPLAIN stripped)
  [6648/11794] 20298.sql -> outputs/stackoverflow_1gb/20298.txt  (15842 bytes, EXPLAIN stripped)
  [6649/11794] FAILED 20306.sql (see outputs/stackoverflow_1gb/20306.txt)
  [6650/11794] 20310.sql -> outputs/stackoverflow_1gb/20310.txt  (807 bytes, EXPLAIN stripped)
  [6651/11794] 20329.sql -> outputs/stackoverflow_1gb/20329.txt  (139410 bytes, EXPLAIN stripped)
  [6652/11794] 20334.sql -> outputs/stackoverflow_1gb/20334.txt  (472 bytes, EXPLAIN stripped)
  [6653/11794] 20335.sql -> outputs/stackoverflow_1gb/20335.txt  (131 bytes, EXPLAIN stripped)
  [6654/11794] 20337.sql -> outputs/stackoverflow_1gb/20337.txt  (111 bytes, EXPLAIN stripped)
  [6655/11794] 20338.sql -> outputs/stackoverflow_1gb/20338.txt  (1889 bytes, EXPLAIN stripped)
  [6656/11794] 20348.sql -> outputs/stackoverflow_1gb/20348.txt  (123259 bytes, EXPLAIN stripped)
  [6657/11794] 2035.sql -> outputs/stackoverflow_1gb/2035.txt  (1052 bytes, EXPLAIN stripped)
  [6658/11794] 2036.sql -> outputs/stackoverflow_1gb/2036.txt  (12724 bytes, EXPLAIN stripped)
  [6659/11794] 20365.sql -> outputs/stackoverflow_1gb/20365.txt  (1630 bytes, EXPLAIN stripped)
  [6660/11794] 20370.sql -> outputs/stackoverflow_1gb/20370.txt  (547 bytes, EXPLAIN stripped)
  [6661/11794] 20378.sql -> outputs/stackoverflow_1gb/20378.txt  (115 bytes, EXPLAIN stripped)
  [6662/11794] 20379.sql -> outputs/stackoverflow_1gb/20379.txt  (345 bytes, EXPLAIN stripped)
  [6663/11794] 2038.sql -> outputs/stackoverflow_1gb/2038.txt  (100 bytes, EXPLAIN stripped)
  [6664/11794] 20384.sql -> outputs/stackoverflow_1gb/20384.txt  (138 bytes, EXPLAIN stripped)
  [6665/11794] 20388.sql -> outputs/stackoverflow_1gb/20388.txt  (11325 bytes, EXPLAIN stripped)
  [6666/11794] 20389.sql -> outputs/stackoverflow_1gb/20389.txt  (129 bytes, EXPLAIN stripped)
  [6667/11794] 2039.sql -> outputs/stackoverflow_1gb/2039.txt  (789 bytes, EXPLAIN stripped)
  [6668/11794] 20396.sql -> outputs/stackoverflow_1gb/20396.txt  (813 bytes, EXPLAIN stripped)
  [6669/11794] 20416.sql -> outputs/stackoverflow_1gb/20416.txt  (12517 bytes, EXPLAIN stripped)
  [6670/11794] 2042.sql -> outputs/stackoverflow_1gb/2042.txt  (2980 bytes, EXPLAIN stripped)
  [6671/11794] 20426.sql -> outputs/stackoverflow_1gb/20426.txt  (64501 bytes, EXPLAIN stripped)
  [6672/11794] 2043.sql -> outputs/stackoverflow_1gb/2043.txt  (33019 bytes, EXPLAIN stripped)
  [6673/11794] 20430.sql -> outputs/stackoverflow_1gb/20430.txt  (4050 bytes, EXPLAIN stripped)
  [6674/11794] 20434.sql -> outputs/stackoverflow_1gb/20434.txt  (776 bytes, EXPLAIN stripped)
  [6675/11794] 20436.sql -> outputs/stackoverflow_1gb/20436.txt  (528 bytes, EXPLAIN stripped)
  [6676/11794] 20438.sql -> outputs/stackoverflow_1gb/20438.txt  (4453 bytes, EXPLAIN stripped)
  [6677/11794] 20439.sql -> outputs/stackoverflow_1gb/20439.txt  (128064 bytes, EXPLAIN stripped)
  [6678/11794] 2044.sql -> outputs/stackoverflow_1gb/2044.txt  (48986 bytes, EXPLAIN stripped)
  [6679/11794] 20449.sql -> outputs/stackoverflow_1gb/20449.txt  (92 bytes, EXPLAIN stripped)
  [6680/11794] 20450.sql -> outputs/stackoverflow_1gb/20450.txt  (154591 bytes, EXPLAIN stripped)
  [6681/11794] 20462.sql -> outputs/stackoverflow_1gb/20462.txt  (5248 bytes, EXPLAIN stripped)
  [6682/11794] 20479.sql -> outputs/stackoverflow_1gb/20479.txt  (128460 bytes, EXPLAIN stripped)
  [6683/11794] 20483.sql -> outputs/stackoverflow_1gb/20483.txt  (41259 bytes, EXPLAIN stripped)
  [6684/11794] 20489.sql -> outputs/stackoverflow_1gb/20489.txt  (63401 bytes, EXPLAIN stripped)
  [6685/11794] 20490.sql -> outputs/stackoverflow_1gb/20490.txt  (1235 bytes, EXPLAIN stripped)
  [6686/11794] 20493.sql -> outputs/stackoverflow_1gb/20493.txt  (426 bytes, EXPLAIN stripped)
  [6687/11794] 20495.sql -> outputs/stackoverflow_1gb/20495.txt  (18947 bytes, EXPLAIN stripped)
  [6688/11794] 20498.sql -> outputs/stackoverflow_1gb/20498.txt  (315 bytes, EXPLAIN stripped)
  [6689/11794] 205.sql -> outputs/stackoverflow_1gb/205.txt  (598 bytes, EXPLAIN stripped)
  [6690/11794] 20507.sql -> outputs/stackoverflow_1gb/20507.txt  (8022 bytes, EXPLAIN stripped)
  [6691/11794] 20533.sql -> outputs/stackoverflow_1gb/20533.txt  (113 bytes, EXPLAIN stripped)
  [6692/11794] 20538.sql -> outputs/stackoverflow_1gb/20538.txt  (15607 bytes, EXPLAIN stripped)
  [6693/11794] 20546.sql -> outputs/stackoverflow_1gb/20546.txt  (808 bytes, EXPLAIN stripped)
  [6694/11794] 20548.sql -> outputs/stackoverflow_1gb/20548.txt  (960 bytes, EXPLAIN stripped)
  [6695/11794] 20553.sql -> outputs/stackoverflow_1gb/20553.txt  (195 bytes, EXPLAIN stripped)
  [6696/11794] 20565.sql -> outputs/stackoverflow_1gb/20565.txt  (95 bytes, EXPLAIN stripped)
  [6697/11794] 20576.sql -> outputs/stackoverflow_1gb/20576.txt  (131 bytes, EXPLAIN stripped)
  [6698/11794] 20578.sql -> outputs/stackoverflow_1gb/20578.txt  (469 bytes, EXPLAIN stripped)
  [6699/11794] 2058.sql -> outputs/stackoverflow_1gb/2058.txt  (704 bytes, EXPLAIN stripped)
  [6700/11794] 20586.sql -> outputs/stackoverflow_1gb/20586.txt  (6511 bytes, EXPLAIN stripped)
  [6701/11794] 20590.sql -> outputs/stackoverflow_1gb/20590.txt  (10717 bytes, EXPLAIN stripped)
  [6702/11794] 20596.sql -> outputs/stackoverflow_1gb/20596.txt  (82 bytes, EXPLAIN stripped)
  [6703/11794] 206.sql -> outputs/stackoverflow_1gb/206.txt  (20080 bytes, EXPLAIN stripped)
  [6704/11794] 20607.sql -> outputs/stackoverflow_1gb/20607.txt  (827 bytes, EXPLAIN stripped)
  [6705/11794] 20609.sql -> outputs/stackoverflow_1gb/20609.txt  (88 bytes, EXPLAIN stripped)
  [6706/11794] 2061.sql -> outputs/stackoverflow_1gb/2061.txt  (874 bytes, EXPLAIN stripped)
  [6707/11794] 20615.sql -> outputs/stackoverflow_1gb/20615.txt  (437 bytes, EXPLAIN stripped)
  [6708/11794] 20618.sql -> outputs/stackoverflow_1gb/20618.txt  (3224 bytes, EXPLAIN stripped)
  [6709/11794] 20621.sql -> outputs/stackoverflow_1gb/20621.txt  (1785 bytes, EXPLAIN stripped)
  [6710/11794] 20632.sql -> outputs/stackoverflow_1gb/20632.txt  (50447 bytes, EXPLAIN stripped)
  [6711/11794] 20652.sql -> outputs/stackoverflow_1gb/20652.txt  (6819 bytes, EXPLAIN stripped)
  [6712/11794] 20653.sql -> outputs/stackoverflow_1gb/20653.txt  (14822 bytes, EXPLAIN stripped)
  [6713/11794] 20656.sql -> outputs/stackoverflow_1gb/20656.txt  (664 bytes, EXPLAIN stripped)
  [6714/11794] 20657.sql -> outputs/stackoverflow_1gb/20657.txt  (5375 bytes, EXPLAIN stripped)
  [6715/11794] 20663.sql -> outputs/stackoverflow_1gb/20663.txt  (69 bytes, EXPLAIN stripped)
  [6716/11794] 20665.sql -> outputs/stackoverflow_1gb/20665.txt  (1532 bytes, EXPLAIN stripped)
  [6717/11794] 20667.sql -> outputs/stackoverflow_1gb/20667.txt  (9078 bytes, EXPLAIN stripped)
  [6718/11794] 20678.sql -> outputs/stackoverflow_1gb/20678.txt  (177 bytes, EXPLAIN stripped)
  [6719/11794] 20680.sql -> outputs/stackoverflow_1gb/20680.txt  (11242 bytes, EXPLAIN stripped)
  [6720/11794] 20691.sql -> outputs/stackoverflow_1gb/20691.txt  (46525 bytes, EXPLAIN stripped)
  [6721/11794] 20692.sql -> outputs/stackoverflow_1gb/20692.txt  (55777 bytes, EXPLAIN stripped)
  [6722/11794] 20696.sql -> outputs/stackoverflow_1gb/20696.txt  (38940 bytes, EXPLAIN stripped)
  [6723/11794] 207.sql -> outputs/stackoverflow_1gb/207.txt  (727 bytes, EXPLAIN stripped)
  [6724/11794] 20719.sql -> outputs/stackoverflow_1gb/20719.txt  (68045 bytes, EXPLAIN stripped)
  [6725/11794] 20726.sql -> outputs/stackoverflow_1gb/20726.txt  (23765 bytes, EXPLAIN stripped)
  [6726/11794] 20734.sql -> outputs/stackoverflow_1gb/20734.txt  (895 bytes, EXPLAIN stripped)
  [6727/11794] 20737.sql -> outputs/stackoverflow_1gb/20737.txt  (3561 bytes, EXPLAIN stripped)
  [6728/11794] 2074.sql -> outputs/stackoverflow_1gb/2074.txt  (854 bytes, EXPLAIN stripped)
  [6729/11794] 20747.sql -> outputs/stackoverflow_1gb/20747.txt  (3407 bytes, EXPLAIN stripped)
  [6730/11794] 20752.sql -> outputs/stackoverflow_1gb/20752.txt  (5066 bytes, EXPLAIN stripped)
  [6731/11794] 20755.sql -> outputs/stackoverflow_1gb/20755.txt  (105 bytes, EXPLAIN stripped)
  [6732/11794] 20756.sql -> outputs/stackoverflow_1gb/20756.txt  (816 bytes, EXPLAIN stripped)
  [6733/11794] 20757.sql -> outputs/stackoverflow_1gb/20757.txt  (6063 bytes, EXPLAIN stripped)
  [6734/11794] 20758.sql -> outputs/stackoverflow_1gb/20758.txt  (146 bytes, EXPLAIN stripped)
  [6735/11794] 20768.sql -> outputs/stackoverflow_1gb/20768.txt  (72 bytes, EXPLAIN stripped)
  [6736/11794] 20788.sql -> outputs/stackoverflow_1gb/20788.txt  (1266 bytes, EXPLAIN stripped)
  [6737/11794] 20789.sql -> outputs/stackoverflow_1gb/20789.txt  (52443 bytes, EXPLAIN stripped)
  [6738/11794] 20794.sql -> outputs/stackoverflow_1gb/20794.txt  (128891 bytes, EXPLAIN stripped)
  [6739/11794] 2080.sql -> outputs/stackoverflow_1gb/2080.txt  (6053 bytes, EXPLAIN stripped)
  [6740/11794] 20804.sql -> outputs/stackoverflow_1gb/20804.txt  (107 bytes, EXPLAIN stripped)
  [6741/11794] 20807.sql -> outputs/stackoverflow_1gb/20807.txt  (1209 bytes, EXPLAIN stripped)
  [6742/11794] 20809.sql -> outputs/stackoverflow_1gb/20809.txt  (92198 bytes, EXPLAIN stripped)
  [6743/11794] 20810.sql -> outputs/stackoverflow_1gb/20810.txt  (785 bytes, EXPLAIN stripped)
  [6744/11794] 20816.sql -> outputs/stackoverflow_1gb/20816.txt  (4266 bytes, EXPLAIN stripped)
  [6745/11794] 20820.sql -> outputs/stackoverflow_1gb/20820.txt  (122 bytes, EXPLAIN stripped)
  [6746/11794] 20827.sql -> outputs/stackoverflow_1gb/20827.txt  (140 bytes, EXPLAIN stripped)
  [6747/11794] 2083.sql -> outputs/stackoverflow_1gb/2083.txt  (703 bytes, EXPLAIN stripped)
  [6748/11794] 20832.sql -> outputs/stackoverflow_1gb/20832.txt  (100659 bytes, EXPLAIN stripped)
  [6749/11794] 20834.sql -> outputs/stackoverflow_1gb/20834.txt  (35688 bytes, EXPLAIN stripped)
  [6750/11794] 20838.sql -> outputs/stackoverflow_1gb/20838.txt  (41558 bytes, EXPLAIN stripped)
  [6751/11794] 2084.sql -> outputs/stackoverflow_1gb/2084.txt  (90 bytes, EXPLAIN stripped)
  [6752/11794] 20849.sql -> outputs/stackoverflow_1gb/20849.txt  (116 bytes, EXPLAIN stripped)
  [6753/11794] 20853.sql -> outputs/stackoverflow_1gb/20853.txt  (122 bytes, EXPLAIN stripped)
  [6754/11794] 20856.sql -> outputs/stackoverflow_1gb/20856.txt  (1134 bytes, EXPLAIN stripped)
  [6755/11794] 20861.sql -> outputs/stackoverflow_1gb/20861.txt  (99 bytes, EXPLAIN stripped)
  [6756/11794] 20864.sql -> outputs/stackoverflow_1gb/20864.txt  (152 bytes, EXPLAIN stripped)
  [6757/11794] 20865.sql -> outputs/stackoverflow_1gb/20865.txt  (237 bytes, EXPLAIN stripped)
  [6758/11794] 20866.sql -> outputs/stackoverflow_1gb/20866.txt  (148 bytes, EXPLAIN stripped)
  [6759/11794] 20867.sql -> outputs/stackoverflow_1gb/20867.txt  (88339 bytes, EXPLAIN stripped)
  [6760/11794] 20874.sql -> outputs/stackoverflow_1gb/20874.txt  (124 bytes, EXPLAIN stripped)
  [6761/11794] 2088.sql -> outputs/stackoverflow_1gb/2088.txt  (2868 bytes, EXPLAIN stripped)
  [6762/11794] 20887.sql -> outputs/stackoverflow_1gb/20887.txt  (77 bytes, EXPLAIN stripped)
  [6763/11794] 20889.sql -> outputs/stackoverflow_1gb/20889.txt  (210 bytes, EXPLAIN stripped)
  [6764/11794] 2089.sql -> outputs/stackoverflow_1gb/2089.txt  (27651 bytes, EXPLAIN stripped)
  [6765/11794] 20895.sql -> outputs/stackoverflow_1gb/20895.txt  (58078 bytes, EXPLAIN stripped)
  [6766/11794] 20897.sql -> outputs/stackoverflow_1gb/20897.txt  (5177 bytes, EXPLAIN stripped)
  [6767/11794] 2090.sql -> outputs/stackoverflow_1gb/2090.txt  (596 bytes, EXPLAIN stripped)
  [6768/11794] 20904.sql -> outputs/stackoverflow_1gb/20904.txt  (538 bytes, EXPLAIN stripped)
  [6769/11794] 20911.sql -> outputs/stackoverflow_1gb/20911.txt  (112 bytes, EXPLAIN stripped)
  [6770/11794] 20913.sql -> outputs/stackoverflow_1gb/20913.txt  (110 bytes, EXPLAIN stripped)
  [6771/11794] 20925.sql -> outputs/stackoverflow_1gb/20925.txt  (15445 bytes, EXPLAIN stripped)
  [6772/11794] 20935.sql -> outputs/stackoverflow_1gb/20935.txt  (1954 bytes, EXPLAIN stripped)
  [6773/11794] 20936.sql -> outputs/stackoverflow_1gb/20936.txt  (433 bytes, EXPLAIN stripped)
  [6774/11794] 20948.sql -> outputs/stackoverflow_1gb/20948.txt  (837 bytes, EXPLAIN stripped)
  [6775/11794] 20959.sql -> outputs/stackoverflow_1gb/20959.txt  (53520 bytes, EXPLAIN stripped)
  [6776/11794] 2096.sql -> outputs/stackoverflow_1gb/2096.txt  (210 bytes, EXPLAIN stripped)
  [6777/11794] 20967.sql -> outputs/stackoverflow_1gb/20967.txt  (10446 bytes, EXPLAIN stripped)
  [6778/11794] 20975.sql -> outputs/stackoverflow_1gb/20975.txt  (1748 bytes, EXPLAIN stripped)
  [6779/11794] 20978.sql -> outputs/stackoverflow_1gb/20978.txt  (1777 bytes, EXPLAIN stripped)
  [6780/11794] 20981.sql -> outputs/stackoverflow_1gb/20981.txt  (91923 bytes, EXPLAIN stripped)
  [6781/11794] 20998.sql -> outputs/stackoverflow_1gb/20998.txt  (5892 bytes, EXPLAIN stripped)
  [6782/11794] 21.sql -> outputs/stackoverflow_1gb/21.txt  (614 bytes, EXPLAIN stripped)
  [6783/11794] 210.sql -> outputs/stackoverflow_1gb/210.txt  (987 bytes, EXPLAIN stripped)
  [6784/11794] 21011.sql -> outputs/stackoverflow_1gb/21011.txt  (1412 bytes, EXPLAIN stripped)
  [6785/11794] 21013.sql -> outputs/stackoverflow_1gb/21013.txt  (91633 bytes, EXPLAIN stripped)
  [6786/11794] 21015.sql -> outputs/stackoverflow_1gb/21015.txt  (11964 bytes, EXPLAIN stripped)
  [6787/11794] 21017.sql -> outputs/stackoverflow_1gb/21017.txt  (224 bytes, EXPLAIN stripped)
  [6788/11794] 2102.sql -> outputs/stackoverflow_1gb/2102.txt  (142 bytes, EXPLAIN stripped)
  [6789/11794] 21028.sql -> outputs/stackoverflow_1gb/21028.txt  (11405 bytes, EXPLAIN stripped)
  [6790/11794] 21032.sql -> outputs/stackoverflow_1gb/21032.txt  (1231 bytes, EXPLAIN stripped)
  [6791/11794] 21038.sql -> outputs/stackoverflow_1gb/21038.txt  (41001 bytes, EXPLAIN stripped)
  [6792/11794] 21042.sql -> outputs/stackoverflow_1gb/21042.txt  (805 bytes, EXPLAIN stripped)
  [6793/11794] 21053.sql -> outputs/stackoverflow_1gb/21053.txt  (31103 bytes, EXPLAIN stripped)
  [6794/11794] 21054.sql -> outputs/stackoverflow_1gb/21054.txt  (774 bytes, EXPLAIN stripped)
  [6795/11794] 21057.sql -> outputs/stackoverflow_1gb/21057.txt  (4179 bytes, EXPLAIN stripped)
  [6796/11794] 2106.sql -> outputs/stackoverflow_1gb/2106.txt  (70 bytes, EXPLAIN stripped)
  [6797/11794] 21062.sql -> outputs/stackoverflow_1gb/21062.txt  (1080 bytes, EXPLAIN stripped)
  [6798/11794] 21065.sql -> outputs/stackoverflow_1gb/21065.txt  (1326 bytes, EXPLAIN stripped)
  [6799/11794] 21066.sql -> outputs/stackoverflow_1gb/21066.txt  (45522 bytes, EXPLAIN stripped)
  [6800/11794] 21085.sql -> outputs/stackoverflow_1gb/21085.txt  (6687 bytes, EXPLAIN stripped)
  [6801/11794] 21109.sql -> outputs/stackoverflow_1gb/21109.txt  (165 bytes, EXPLAIN stripped)
  [6802/11794] 21112.sql -> outputs/stackoverflow_1gb/21112.txt  (103 bytes, EXPLAIN stripped)
  [6803/11794] 21116.sql -> outputs/stackoverflow_1gb/21116.txt  (1366 bytes, EXPLAIN stripped)
  [6804/11794] 2112.sql -> outputs/stackoverflow_1gb/2112.txt  (553 bytes, EXPLAIN stripped)
  [6805/11794] 21130.sql -> outputs/stackoverflow_1gb/21130.txt  (127 bytes, EXPLAIN stripped)
  [6806/11794] 21134.sql -> outputs/stackoverflow_1gb/21134.txt  (189 bytes, EXPLAIN stripped)
  [6807/11794] 21135.sql -> outputs/stackoverflow_1gb/21135.txt  (2205 bytes, EXPLAIN stripped)
  [6808/11794] 2114.sql -> outputs/stackoverflow_1gb/2114.txt  (134 bytes, EXPLAIN stripped)
  [6809/11794] 2116.sql -> outputs/stackoverflow_1gb/2116.txt  (91 bytes, EXPLAIN stripped)
  [6810/11794] 21161.sql -> outputs/stackoverflow_1gb/21161.txt  (57 bytes, EXPLAIN stripped)
  [6811/11794] 21162.sql -> outputs/stackoverflow_1gb/21162.txt  (6815 bytes, EXPLAIN stripped)
  [6812/11794] 21168.sql -> outputs/stackoverflow_1gb/21168.txt  (99 bytes, EXPLAIN stripped)
  [6813/11794] 21174.sql -> outputs/stackoverflow_1gb/21174.txt  (5627 bytes, EXPLAIN stripped)
  [6814/11794] 21176.sql -> outputs/stackoverflow_1gb/21176.txt  (9037 bytes, EXPLAIN stripped)
  [6815/11794] 2118.sql -> outputs/stackoverflow_1gb/2118.txt  (6549 bytes, EXPLAIN stripped)
  [6816/11794] 21187.sql -> outputs/stackoverflow_1gb/21187.txt  (106 bytes, EXPLAIN stripped)
  [6817/11794] 21189.sql -> outputs/stackoverflow_1gb/21189.txt  (681 bytes, EXPLAIN stripped)
  [6818/11794] 21193.sql -> outputs/stackoverflow_1gb/21193.txt  (946 bytes, EXPLAIN stripped)
  [6819/11794] 21195.sql -> outputs/stackoverflow_1gb/21195.txt  (21246 bytes, EXPLAIN stripped)
  [6820/11794] 21211.sql -> outputs/stackoverflow_1gb/21211.txt  (145 bytes, EXPLAIN stripped)
  [6821/11794] 21213.sql -> outputs/stackoverflow_1gb/21213.txt  (121 bytes, EXPLAIN stripped)
  [6822/11794] 21216.sql -> outputs/stackoverflow_1gb/21216.txt  (130 bytes, EXPLAIN stripped)
  [6823/11794] 21219.sql -> outputs/stackoverflow_1gb/21219.txt  (4135 bytes, EXPLAIN stripped)
  [6824/11794] 21220.sql -> outputs/stackoverflow_1gb/21220.txt  (126 bytes, EXPLAIN stripped)
  [6825/11794] 21224.sql -> outputs/stackoverflow_1gb/21224.txt  (5789 bytes, EXPLAIN stripped)
  [6826/11794] 2123.sql -> outputs/stackoverflow_1gb/2123.txt  (9087 bytes, EXPLAIN stripped)
  [6827/11794] 21230.sql -> outputs/stackoverflow_1gb/21230.txt  (74 bytes, EXPLAIN stripped)
  [6828/11794] 21241.sql -> outputs/stackoverflow_1gb/21241.txt  (6428 bytes, EXPLAIN stripped)
  [6829/11794] 21246.sql -> outputs/stackoverflow_1gb/21246.txt  (68336 bytes, EXPLAIN stripped)
  [6830/11794] 21250.sql -> outputs/stackoverflow_1gb/21250.txt  (138 bytes, EXPLAIN stripped)
  [6831/11794] 21261.sql -> outputs/stackoverflow_1gb/21261.txt  (556 bytes, EXPLAIN stripped)
  [6832/11794] 21265.sql -> outputs/stackoverflow_1gb/21265.txt  (1273 bytes, EXPLAIN stripped)
  [6833/11794] 21267.sql -> outputs/stackoverflow_1gb/21267.txt  (550 bytes, EXPLAIN stripped)
  [6834/11794] 21268.sql -> outputs/stackoverflow_1gb/21268.txt  (1131 bytes, EXPLAIN stripped)
  [6835/11794] 21271.sql -> outputs/stackoverflow_1gb/21271.txt  (811 bytes, EXPLAIN stripped)
  [6836/11794] 21281.sql -> outputs/stackoverflow_1gb/21281.txt  (89 bytes, EXPLAIN stripped)
  [6837/11794] 21293.sql -> outputs/stackoverflow_1gb/21293.txt  (5584 bytes, EXPLAIN stripped)
  [6838/11794] 21296.sql -> outputs/stackoverflow_1gb/21296.txt  (5946 bytes, EXPLAIN stripped)
  [6839/11794] 21305.sql -> outputs/stackoverflow_1gb/21305.txt  (91646 bytes, EXPLAIN stripped)
  [6840/11794] 21314.sql -> outputs/stackoverflow_1gb/21314.txt  (108 bytes, EXPLAIN stripped)
  [6841/11794] 21321.sql -> outputs/stackoverflow_1gb/21321.txt  (23348 bytes, EXPLAIN stripped)
  [6842/11794] 21328.sql -> outputs/stackoverflow_1gb/21328.txt  (30576 bytes, EXPLAIN stripped)
  [6843/11794] 21330.sql -> outputs/stackoverflow_1gb/21330.txt  (77753 bytes, EXPLAIN stripped)
  [6844/11794] 21342.sql -> outputs/stackoverflow_1gb/21342.txt  (114805 bytes, EXPLAIN stripped)
  [6845/11794] 21346.sql -> outputs/stackoverflow_1gb/21346.txt  (2785 bytes, EXPLAIN stripped)
  [6846/11794] 21357.sql -> outputs/stackoverflow_1gb/21357.txt  (115 bytes, EXPLAIN stripped)
  [6847/11794] 21364.sql -> outputs/stackoverflow_1gb/21364.txt  (149 bytes, EXPLAIN stripped)
  [6848/11794] 21365.sql -> outputs/stackoverflow_1gb/21365.txt  (1365 bytes, EXPLAIN stripped)
  [6849/11794] 21366.sql -> outputs/stackoverflow_1gb/21366.txt  (108 bytes, EXPLAIN stripped)
  [6850/11794] 2137.sql -> outputs/stackoverflow_1gb/2137.txt  (11321 bytes, EXPLAIN stripped)
  [6851/11794] 21370.sql -> outputs/stackoverflow_1gb/21370.txt  (59626 bytes, EXPLAIN stripped)
  [6852/11794] 21375.sql -> outputs/stackoverflow_1gb/21375.txt  (465 bytes, EXPLAIN stripped)
  [6853/11794] 2139.sql -> outputs/stackoverflow_1gb/2139.txt  (67225 bytes, EXPLAIN stripped)
  [6854/11794] 21391.sql -> outputs/stackoverflow_1gb/21391.txt  (8194 bytes, EXPLAIN stripped)
  [6855/11794] 21397.sql -> outputs/stackoverflow_1gb/21397.txt  (2218 bytes, EXPLAIN stripped)
  [6856/11794] 214.sql -> outputs/stackoverflow_1gb/214.txt  (1098 bytes, EXPLAIN stripped)
  [6857/11794] 21405.sql -> outputs/stackoverflow_1gb/21405.txt  (3401 bytes, EXPLAIN stripped)
  [6858/11794] 21407.sql -> outputs/stackoverflow_1gb/21407.txt  (943 bytes, EXPLAIN stripped)
  [6859/11794] 2141.sql -> outputs/stackoverflow_1gb/2141.txt  (112 bytes, EXPLAIN stripped)
  [6860/11794] 21419.sql -> outputs/stackoverflow_1gb/21419.txt  (1295 bytes, EXPLAIN stripped)
  [6861/11794] 21421.sql -> outputs/stackoverflow_1gb/21421.txt  (340 bytes, EXPLAIN stripped)
  [6862/11794] 21422.sql -> outputs/stackoverflow_1gb/21422.txt  (5666 bytes, EXPLAIN stripped)
  [6863/11794] 21437.sql -> outputs/stackoverflow_1gb/21437.txt  (5252 bytes, EXPLAIN stripped)
  [6864/11794] 21441.sql -> outputs/stackoverflow_1gb/21441.txt  (907 bytes, EXPLAIN stripped)
  [6865/11794] 21447.sql -> outputs/stackoverflow_1gb/21447.txt  (87244 bytes, EXPLAIN stripped)
  [6866/11794] 21461.sql -> outputs/stackoverflow_1gb/21461.txt  (12585 bytes, EXPLAIN stripped)
  [6867/11794] 21467.sql -> outputs/stackoverflow_1gb/21467.txt  (139 bytes, EXPLAIN stripped)
  [6868/11794] 21470.sql -> outputs/stackoverflow_1gb/21470.txt  (33632 bytes, EXPLAIN stripped)
  [6869/11794] 21473.sql -> outputs/stackoverflow_1gb/21473.txt  (8162 bytes, EXPLAIN stripped)
  [6870/11794] 21486.sql -> outputs/stackoverflow_1gb/21486.txt  (100686 bytes, EXPLAIN stripped)
  [6871/11794] 21497.sql -> outputs/stackoverflow_1gb/21497.txt  (151 bytes, EXPLAIN stripped)
  [6872/11794] 21499.sql -> outputs/stackoverflow_1gb/21499.txt  (1158 bytes, EXPLAIN stripped)
  [6873/11794] 21503.sql -> outputs/stackoverflow_1gb/21503.txt  (123886 bytes, EXPLAIN stripped)
  [6874/11794] 21505.sql -> outputs/stackoverflow_1gb/21505.txt  (1009 bytes, EXPLAIN stripped)
  [6875/11794] 21508.sql -> outputs/stackoverflow_1gb/21508.txt  (189 bytes, EXPLAIN stripped)
  [6876/11794] 2151.sql -> outputs/stackoverflow_1gb/2151.txt  (109823 bytes, EXPLAIN stripped)
  [6877/11794] 21519.sql -> outputs/stackoverflow_1gb/21519.txt  (5314 bytes, EXPLAIN stripped)
  [6878/11794] 21521.sql -> outputs/stackoverflow_1gb/21521.txt  (79 bytes, EXPLAIN stripped)
  [6879/11794] 21525.sql -> outputs/stackoverflow_1gb/21525.txt  (4685 bytes, EXPLAIN stripped)
  [6880/11794] 21526.sql -> outputs/stackoverflow_1gb/21526.txt  (110 bytes, EXPLAIN stripped)
  [6881/11794] 21527.sql -> outputs/stackoverflow_1gb/21527.txt  (4590 bytes, EXPLAIN stripped)
  [6882/11794] 21530.sql -> outputs/stackoverflow_1gb/21530.txt  (906 bytes, EXPLAIN stripped)
  [6883/11794] 21533.sql -> outputs/stackoverflow_1gb/21533.txt  (62476 bytes, EXPLAIN stripped)
  [6884/11794] 21535.sql -> outputs/stackoverflow_1gb/21535.txt  (10825 bytes, EXPLAIN stripped)
  [6885/11794] 21542.sql -> outputs/stackoverflow_1gb/21542.txt  (724 bytes, EXPLAIN stripped)
  [6886/11794] 21549.sql -> outputs/stackoverflow_1gb/21549.txt  (101 bytes, EXPLAIN stripped)
  [6887/11794] 21552.sql -> outputs/stackoverflow_1gb/21552.txt  (906 bytes, EXPLAIN stripped)
  [6888/11794] 21555.sql -> outputs/stackoverflow_1gb/21555.txt  (105 bytes, EXPLAIN stripped)
  [6889/11794] 21561.sql -> outputs/stackoverflow_1gb/21561.txt  (160 bytes, EXPLAIN stripped)
  [6890/11794] 21565.sql -> outputs/stackoverflow_1gb/21565.txt  (947 bytes, EXPLAIN stripped)
  [6891/11794] 21566.sql -> outputs/stackoverflow_1gb/21566.txt  (9074 bytes, EXPLAIN stripped)
  [6892/11794] 21567.sql -> outputs/stackoverflow_1gb/21567.txt  (5262 bytes, EXPLAIN stripped)
  [6893/11794] 21570.sql -> outputs/stackoverflow_1gb/21570.txt  (71060 bytes, EXPLAIN stripped)
  [6894/11794] 21580.sql -> outputs/stackoverflow_1gb/21580.txt  (2910 bytes, EXPLAIN stripped)
  [6895/11794] 21586.sql -> outputs/stackoverflow_1gb/21586.txt  (69383 bytes, EXPLAIN stripped)
  [6896/11794] 2159.sql -> outputs/stackoverflow_1gb/2159.txt  (30640 bytes, EXPLAIN stripped)
  [6897/11794] 21604.sql -> outputs/stackoverflow_1gb/21604.txt  (5676 bytes, EXPLAIN stripped)
  [6898/11794] 21608.sql -> outputs/stackoverflow_1gb/21608.txt  (227 bytes, EXPLAIN stripped)
  [6899/11794] 21609.sql -> outputs/stackoverflow_1gb/21609.txt  (37257 bytes, EXPLAIN stripped)
  [6900/11794] 2161.sql -> outputs/stackoverflow_1gb/2161.txt  (8936 bytes, EXPLAIN stripped)
  [6901/11794] 21627.sql -> outputs/stackoverflow_1gb/21627.txt  (757 bytes, EXPLAIN stripped)
  [6902/11794] 2163.sql -> outputs/stackoverflow_1gb/2163.txt  (447 bytes, EXPLAIN stripped)
  [6903/11794] 21633.sql -> outputs/stackoverflow_1gb/21633.txt  (118686 bytes, EXPLAIN stripped)
  [6904/11794] 21643.sql -> outputs/stackoverflow_1gb/21643.txt  (445 bytes, EXPLAIN stripped)
  [6905/11794] 21649.sql -> outputs/stackoverflow_1gb/21649.txt  (8761 bytes, EXPLAIN stripped)
  [6906/11794] 21651.sql -> outputs/stackoverflow_1gb/21651.txt  (761 bytes, EXPLAIN stripped)
  [6907/11794] 21655.sql -> outputs/stackoverflow_1gb/21655.txt  (6820 bytes, EXPLAIN stripped)
  [6908/11794] 21669.sql -> outputs/stackoverflow_1gb/21669.txt  (751 bytes, EXPLAIN stripped)
  [6909/11794] 21679.sql -> outputs/stackoverflow_1gb/21679.txt  (16948 bytes, EXPLAIN stripped)
  [6910/11794] 21690.sql -> outputs/stackoverflow_1gb/21690.txt  (2109 bytes, EXPLAIN stripped)
  [6911/11794] 21702.sql -> outputs/stackoverflow_1gb/21702.txt  (6643 bytes, EXPLAIN stripped)
  [6912/11794] 21706.sql -> outputs/stackoverflow_1gb/21706.txt  (1683 bytes, EXPLAIN stripped)
  [6913/11794] 21709.sql -> outputs/stackoverflow_1gb/21709.txt  (45516 bytes, EXPLAIN stripped)
  [6914/11794] 21710.sql -> outputs/stackoverflow_1gb/21710.txt  (2058 bytes, EXPLAIN stripped)
  [6915/11794] 21716.sql -> outputs/stackoverflow_1gb/21716.txt  (6040 bytes, EXPLAIN stripped)
  [6916/11794] 21724.sql -> outputs/stackoverflow_1gb/21724.txt  (134 bytes, EXPLAIN stripped)
  [6917/11794] 21726.sql -> outputs/stackoverflow_1gb/21726.txt  (303 bytes, EXPLAIN stripped)
  [6918/11794] 21729.sql -> outputs/stackoverflow_1gb/21729.txt  (726 bytes, EXPLAIN stripped)
  [6919/11794] 2174.sql -> outputs/stackoverflow_1gb/2174.txt  (125 bytes, EXPLAIN stripped)
  [6920/11794] 21749.sql -> outputs/stackoverflow_1gb/21749.txt  (5480 bytes, EXPLAIN stripped)
  [6921/11794] 21754.sql -> outputs/stackoverflow_1gb/21754.txt  (128 bytes, EXPLAIN stripped)
  [6922/11794] 21769.sql -> outputs/stackoverflow_1gb/21769.txt  (66 bytes, EXPLAIN stripped)
  [6923/11794] 2178.sql -> outputs/stackoverflow_1gb/2178.txt  (30405 bytes, EXPLAIN stripped)
  [6924/11794] 21782.sql -> outputs/stackoverflow_1gb/21782.txt  (1402 bytes, EXPLAIN stripped)
  [6925/11794] 21784.sql -> outputs/stackoverflow_1gb/21784.txt  (8346 bytes, EXPLAIN stripped)
  [6926/11794] 21792.sql -> outputs/stackoverflow_1gb/21792.txt  (1257 bytes, EXPLAIN stripped)
  [6927/11794] 2180.sql -> outputs/stackoverflow_1gb/2180.txt  (3517 bytes, EXPLAIN stripped)
  [6928/11794] 2181.sql -> outputs/stackoverflow_1gb/2181.txt  (10276 bytes, EXPLAIN stripped)
  [6929/11794] 21817.sql -> outputs/stackoverflow_1gb/21817.txt  (1737 bytes, EXPLAIN stripped)
  [6930/11794] 21818.sql -> outputs/stackoverflow_1gb/21818.txt  (99 bytes, EXPLAIN stripped)
  [6931/11794] 21819.sql -> outputs/stackoverflow_1gb/21819.txt  (6479 bytes, EXPLAIN stripped)
  [6932/11794] 21820.sql -> outputs/stackoverflow_1gb/21820.txt  (89 bytes, EXPLAIN stripped)
  [6933/11794] 21827.sql -> outputs/stackoverflow_1gb/21827.txt  (120047 bytes, EXPLAIN stripped)
  [6934/11794] 2184.sql -> outputs/stackoverflow_1gb/2184.txt  (709 bytes, EXPLAIN stripped)
  [6935/11794] 21853.sql -> outputs/stackoverflow_1gb/21853.txt  (153 bytes, EXPLAIN stripped)
  [6936/11794] 21857.sql -> outputs/stackoverflow_1gb/21857.txt  (435 bytes, EXPLAIN stripped)
  [6937/11794] 21859.sql -> outputs/stackoverflow_1gb/21859.txt  (1503 bytes, EXPLAIN stripped)
  [6938/11794] 21865.sql -> outputs/stackoverflow_1gb/21865.txt  (105 bytes, EXPLAIN stripped)
  [6939/11794] 21866.sql -> outputs/stackoverflow_1gb/21866.txt  (60 bytes, EXPLAIN stripped)
  [6940/11794] 21867.sql -> outputs/stackoverflow_1gb/21867.txt  (107 bytes, EXPLAIN stripped)
  [6941/11794] 21870.sql -> outputs/stackoverflow_1gb/21870.txt  (128199 bytes, EXPLAIN stripped)
  [6942/11794] 21878.sql -> outputs/stackoverflow_1gb/21878.txt  (110 bytes, EXPLAIN stripped)
  [6943/11794] 21879.sql -> outputs/stackoverflow_1gb/21879.txt  (1075 bytes, EXPLAIN stripped)
  [6944/11794] 2188.sql -> outputs/stackoverflow_1gb/2188.txt  (4687 bytes, EXPLAIN stripped)
  [6945/11794] 21880.sql -> outputs/stackoverflow_1gb/21880.txt  (3203 bytes, EXPLAIN stripped)
  [6946/11794] 21883.sql -> outputs/stackoverflow_1gb/21883.txt  (1013 bytes, EXPLAIN stripped)
  [6947/11794] 21884.sql -> outputs/stackoverflow_1gb/21884.txt  (971 bytes, EXPLAIN stripped)
  [6948/11794] 2189.sql -> outputs/stackoverflow_1gb/2189.txt  (1399 bytes, EXPLAIN stripped)
  [6949/11794] 21892.sql -> outputs/stackoverflow_1gb/21892.txt  (9357 bytes, EXPLAIN stripped)
  [6950/11794] 21894.sql -> outputs/stackoverflow_1gb/21894.txt  (306 bytes, EXPLAIN stripped)
  [6951/11794] 21896.sql -> outputs/stackoverflow_1gb/21896.txt  (967 bytes, EXPLAIN stripped)
  [6952/11794] 21899.sql -> outputs/stackoverflow_1gb/21899.txt  (8008 bytes, EXPLAIN stripped)
  [6953/11794] 21902.sql -> outputs/stackoverflow_1gb/21902.txt  (1288 bytes, EXPLAIN stripped)
  [6954/11794] 21910.sql -> outputs/stackoverflow_1gb/21910.txt  (769 bytes, EXPLAIN stripped)
  [6955/11794] 21916.sql -> outputs/stackoverflow_1gb/21916.txt  (91 bytes, EXPLAIN stripped)
  [6956/11794] 2192.sql -> outputs/stackoverflow_1gb/2192.txt  (20361 bytes, EXPLAIN stripped)
  [6957/11794] 21922.sql -> outputs/stackoverflow_1gb/21922.txt  (108 bytes, EXPLAIN stripped)
  [6958/11794] 21926.sql -> outputs/stackoverflow_1gb/21926.txt  (135 bytes, EXPLAIN stripped)
  [6959/11794] 21928.sql -> outputs/stackoverflow_1gb/21928.txt  (188 bytes, EXPLAIN stripped)
  [6960/11794] 21931.sql -> outputs/stackoverflow_1gb/21931.txt  (116 bytes, EXPLAIN stripped)
  [6961/11794] 21933.sql -> outputs/stackoverflow_1gb/21933.txt  (80183 bytes, EXPLAIN stripped)
  [6962/11794] 21940.sql -> outputs/stackoverflow_1gb/21940.txt  (84629 bytes, EXPLAIN stripped)
  [6963/11794] 21947.sql -> outputs/stackoverflow_1gb/21947.txt  (436 bytes, EXPLAIN stripped)
  [6964/11794] 2195.sql -> outputs/stackoverflow_1gb/2195.txt  (52686 bytes, EXPLAIN stripped)
  [6965/11794] 21972.sql -> outputs/stackoverflow_1gb/21972.txt  (3501 bytes, EXPLAIN stripped)
  [6966/11794] 21979.sql -> outputs/stackoverflow_1gb/21979.txt  (984 bytes, EXPLAIN stripped)
  [6967/11794] 21981.sql -> outputs/stackoverflow_1gb/21981.txt  (10057 bytes, EXPLAIN stripped)
  [6968/11794] 21986.sql -> outputs/stackoverflow_1gb/21986.txt  (90706 bytes, EXPLAIN stripped)
  [6969/11794] 2199.sql -> outputs/stackoverflow_1gb/2199.txt  (80 bytes, EXPLAIN stripped)
  [6970/11794] 21992.sql -> outputs/stackoverflow_1gb/21992.txt  (164 bytes, EXPLAIN stripped)
  [6971/11794] 21995.sql -> outputs/stackoverflow_1gb/21995.txt  (843 bytes, EXPLAIN stripped)
  [6972/11794] 21999.sql -> outputs/stackoverflow_1gb/21999.txt  (143 bytes, EXPLAIN stripped)
  [6973/11794] 22010.sql -> outputs/stackoverflow_1gb/22010.txt  (616 bytes, EXPLAIN stripped)
  [6974/11794] 22016.sql -> outputs/stackoverflow_1gb/22016.txt  (395 bytes, EXPLAIN stripped)
  [6975/11794] 22019.sql -> outputs/stackoverflow_1gb/22019.txt  (2402 bytes, EXPLAIN stripped)
  [6976/11794] 22021.sql -> outputs/stackoverflow_1gb/22021.txt  (173 bytes, EXPLAIN stripped)
  [6977/11794] 22024.sql -> outputs/stackoverflow_1gb/22024.txt  (113 bytes, EXPLAIN stripped)
  [6978/11794] 22028.sql -> outputs/stackoverflow_1gb/22028.txt  (129 bytes, EXPLAIN stripped)
  [6979/11794] 22034.sql -> outputs/stackoverflow_1gb/22034.txt  (593 bytes, EXPLAIN stripped)
  [6980/11794] 2204.sql -> outputs/stackoverflow_1gb/2204.txt  (8119 bytes, EXPLAIN stripped)
  [6981/11794] 22062.sql -> outputs/stackoverflow_1gb/22062.txt  (513 bytes, EXPLAIN stripped)
  [6982/11794] 22066.sql -> outputs/stackoverflow_1gb/22066.txt  (71 bytes, EXPLAIN stripped)
  [6983/11794] 2207.sql -> outputs/stackoverflow_1gb/2207.txt  (154 bytes, EXPLAIN stripped)
  [6984/11794] 22076.sql -> outputs/stackoverflow_1gb/22076.txt  (1037 bytes, EXPLAIN stripped)
  [6985/11794] 22085.sql -> outputs/stackoverflow_1gb/22085.txt  (103 bytes, EXPLAIN stripped)
  [6986/11794] 22105.sql -> outputs/stackoverflow_1gb/22105.txt  (136 bytes, EXPLAIN stripped)
  [6987/11794] 22117.sql -> outputs/stackoverflow_1gb/22117.txt  (136 bytes, EXPLAIN stripped)
  [6988/11794] 22118.sql -> outputs/stackoverflow_1gb/22118.txt  (718 bytes, EXPLAIN stripped)
  [6989/11794] 22123.sql -> outputs/stackoverflow_1gb/22123.txt  (9780 bytes, EXPLAIN stripped)
  [6990/11794] 22126.sql -> outputs/stackoverflow_1gb/22126.txt  (143 bytes, EXPLAIN stripped)
  [6991/11794] 22130.sql -> outputs/stackoverflow_1gb/22130.txt  (107434 bytes, EXPLAIN stripped)
  [6992/11794] 22132.sql -> outputs/stackoverflow_1gb/22132.txt  (238862 bytes, EXPLAIN stripped)
  [6993/11794] 22144.sql -> outputs/stackoverflow_1gb/22144.txt  (572 bytes, EXPLAIN stripped)
  [6994/11794] 22149.sql -> outputs/stackoverflow_1gb/22149.txt  (933 bytes, EXPLAIN stripped)
  [6995/11794] 2215.sql -> outputs/stackoverflow_1gb/2215.txt  (9118 bytes, EXPLAIN stripped)
  [6996/11794] 22153.sql -> outputs/stackoverflow_1gb/22153.txt  (1472 bytes, EXPLAIN stripped)
  [6997/11794] 22163.sql -> outputs/stackoverflow_1gb/22163.txt  (66712 bytes, EXPLAIN stripped)
  [6998/11794] 22166.sql -> outputs/stackoverflow_1gb/22166.txt  (118 bytes, EXPLAIN stripped)
  [6999/11794] 22168.sql -> outputs/stackoverflow_1gb/22168.txt  (1415 bytes, EXPLAIN stripped)
  [7000/11794] 22177.sql -> outputs/stackoverflow_1gb/22177.txt  (2790 bytes, EXPLAIN stripped)
  [7001/11794] 2218.sql -> outputs/stackoverflow_1gb/2218.txt  (77 bytes, EXPLAIN stripped)
  [7002/11794] 22180.sql -> outputs/stackoverflow_1gb/22180.txt  (61567 bytes, EXPLAIN stripped)
  [7003/11794] 22188.sql -> outputs/stackoverflow_1gb/22188.txt  (113 bytes, EXPLAIN stripped)
  [7004/11794] 2219.sql -> outputs/stackoverflow_1gb/2219.txt  (4068 bytes, EXPLAIN stripped)
  [7005/11794] 22193.sql -> outputs/stackoverflow_1gb/22193.txt  (11261 bytes, EXPLAIN stripped)
  [7006/11794] 22199.sql -> outputs/stackoverflow_1gb/22199.txt  (60723 bytes, EXPLAIN stripped)
  [7007/11794] 222.sql -> outputs/stackoverflow_1gb/222.txt  (55238 bytes, EXPLAIN stripped)
  [7008/11794] 22203.sql -> outputs/stackoverflow_1gb/22203.txt  (755 bytes, EXPLAIN stripped)
  [7009/11794] 22205.sql -> outputs/stackoverflow_1gb/22205.txt  (263 bytes, EXPLAIN stripped)
  [7010/11794] 22214.sql -> outputs/stackoverflow_1gb/22214.txt  (730 bytes, EXPLAIN stripped)
  [7011/11794] 22216.sql -> outputs/stackoverflow_1gb/22216.txt  (2388 bytes, EXPLAIN stripped)
  [7012/11794] 2222.sql -> outputs/stackoverflow_1gb/2222.txt  (640 bytes, EXPLAIN stripped)
  [7013/11794] 22222.sql -> outputs/stackoverflow_1gb/22222.txt  (1012 bytes, EXPLAIN stripped)
  [7014/11794] 22232.sql -> outputs/stackoverflow_1gb/22232.txt  (2096 bytes, EXPLAIN stripped)
  [7015/11794] 22237.sql -> outputs/stackoverflow_1gb/22237.txt  (138941 bytes, EXPLAIN stripped)
  [7016/11794] 22247.sql -> outputs/stackoverflow_1gb/22247.txt  (2545 bytes, EXPLAIN stripped)
  [7017/11794] 22249.sql -> outputs/stackoverflow_1gb/22249.txt  (124 bytes, EXPLAIN stripped)
  [7018/11794] 2225.sql -> outputs/stackoverflow_1gb/2225.txt  (593 bytes, EXPLAIN stripped)
  [7019/11794] 22254.sql -> outputs/stackoverflow_1gb/22254.txt  (2627 bytes, EXPLAIN stripped)
  [7020/11794] 22259.sql -> outputs/stackoverflow_1gb/22259.txt  (1870 bytes, EXPLAIN stripped)
  [7021/11794] 22266.sql -> outputs/stackoverflow_1gb/22266.txt  (144 bytes, EXPLAIN stripped)
  [7022/11794] 2227.sql -> outputs/stackoverflow_1gb/2227.txt  (49931 bytes, EXPLAIN stripped)
  [7023/11794] 22271.sql -> outputs/stackoverflow_1gb/22271.txt  (52065 bytes, EXPLAIN stripped)
  [7024/11794] 22275.sql -> outputs/stackoverflow_1gb/22275.txt  (1306 bytes, EXPLAIN stripped)
  [7025/11794] 22279.sql -> outputs/stackoverflow_1gb/22279.txt  (8231 bytes, EXPLAIN stripped)
  [7026/11794] 22284.sql -> outputs/stackoverflow_1gb/22284.txt  (108 bytes, EXPLAIN stripped)
  [7027/11794] 22290.sql -> outputs/stackoverflow_1gb/22290.txt  (121 bytes, EXPLAIN stripped)
  [7028/11794] 22310.sql -> outputs/stackoverflow_1gb/22310.txt  (929 bytes, EXPLAIN stripped)
  [7029/11794] 2232.sql -> outputs/stackoverflow_1gb/2232.txt  (4140 bytes, EXPLAIN stripped)
  [7030/11794] 22321.sql -> outputs/stackoverflow_1gb/22321.txt  (3999 bytes, EXPLAIN stripped)
  [7031/11794] 22348.sql -> outputs/stackoverflow_1gb/22348.txt  (903 bytes, EXPLAIN stripped)
  [7032/11794] 22349.sql -> outputs/stackoverflow_1gb/22349.txt  (99 bytes, EXPLAIN stripped)
  [7033/11794] 2235.sql -> outputs/stackoverflow_1gb/2235.txt  (2482 bytes, EXPLAIN stripped)
  [7034/11794] 22350.sql -> outputs/stackoverflow_1gb/22350.txt  (18875 bytes, EXPLAIN stripped)
  [7035/11794] 22357.sql -> outputs/stackoverflow_1gb/22357.txt  (123 bytes, EXPLAIN stripped)
  [7036/11794] 2236.sql -> outputs/stackoverflow_1gb/2236.txt  (1045 bytes, EXPLAIN stripped)
  [7037/11794] 22371.sql -> outputs/stackoverflow_1gb/22371.txt  (227 bytes, EXPLAIN stripped)
  [7038/11794] 22376.sql -> outputs/stackoverflow_1gb/22376.txt  (3185 bytes, EXPLAIN stripped)
  [7039/11794] 2238.sql -> outputs/stackoverflow_1gb/2238.txt  (844 bytes, EXPLAIN stripped)
  [7040/11794] 22382.sql -> outputs/stackoverflow_1gb/22382.txt  (16317 bytes, EXPLAIN stripped)
  [7041/11794] 22385.sql -> outputs/stackoverflow_1gb/22385.txt  (54649 bytes, EXPLAIN stripped)
  [7042/11794] 22390.sql -> outputs/stackoverflow_1gb/22390.txt  (52393 bytes, EXPLAIN stripped)
  [7043/11794] 22397.sql -> outputs/stackoverflow_1gb/22397.txt  (648 bytes, EXPLAIN stripped)
  [7044/11794] 224.sql -> outputs/stackoverflow_1gb/224.txt  (101634 bytes, EXPLAIN stripped)
  [7045/11794] 22400.sql -> outputs/stackoverflow_1gb/22400.txt  (490 bytes, EXPLAIN stripped)
  [7046/11794] 22407.sql -> outputs/stackoverflow_1gb/22407.txt  (67237 bytes, EXPLAIN stripped)
  [7047/11794] 22411.sql -> outputs/stackoverflow_1gb/22411.txt  (49857 bytes, EXPLAIN stripped)
  [7048/11794] 22412.sql -> outputs/stackoverflow_1gb/22412.txt  (965 bytes, EXPLAIN stripped)
  [7049/11794] 22414.sql -> outputs/stackoverflow_1gb/22414.txt  (75490 bytes, EXPLAIN stripped)
  [7050/11794] 22416.sql -> outputs/stackoverflow_1gb/22416.txt  (101 bytes, EXPLAIN stripped)
  [7051/11794] 22419.sql -> outputs/stackoverflow_1gb/22419.txt  (134715 bytes, EXPLAIN stripped)
  [7052/11794] 2243.sql -> outputs/stackoverflow_1gb/2243.txt  (42302 bytes, EXPLAIN stripped)
  [7053/11794] 22445.sql -> outputs/stackoverflow_1gb/22445.txt  (757 bytes, EXPLAIN stripped)
  [7054/11794] 2245.sql -> outputs/stackoverflow_1gb/2245.txt  (34312 bytes, EXPLAIN stripped)
  [7055/11794] 22452.sql -> outputs/stackoverflow_1gb/22452.txt  (803 bytes, EXPLAIN stripped)
  [7056/11794] 22454.sql -> outputs/stackoverflow_1gb/22454.txt  (793 bytes, EXPLAIN stripped)
  [7057/11794] 22456.sql -> outputs/stackoverflow_1gb/22456.txt  (111985 bytes, EXPLAIN stripped)
  [7058/11794] 22458.sql -> outputs/stackoverflow_1gb/22458.txt  (134 bytes, EXPLAIN stripped)
  [7059/11794] 2246.sql -> outputs/stackoverflow_1gb/2246.txt  (63122 bytes, EXPLAIN stripped)
  [7060/11794] 22465.sql -> outputs/stackoverflow_1gb/22465.txt  (515 bytes, EXPLAIN stripped)
  [7061/11794] 22467.sql -> outputs/stackoverflow_1gb/22467.txt  (563 bytes, EXPLAIN stripped)
  [7062/11794] 22468.sql -> outputs/stackoverflow_1gb/22468.txt  (1484 bytes, EXPLAIN stripped)
  [7063/11794] 22470.sql -> outputs/stackoverflow_1gb/22470.txt  (79 bytes, EXPLAIN stripped)
  [7064/11794] 22474.sql -> outputs/stackoverflow_1gb/22474.txt  (480 bytes, EXPLAIN stripped)
  [7065/11794] 2248.sql -> outputs/stackoverflow_1gb/2248.txt  (654 bytes, EXPLAIN stripped)
  [7066/11794] 22487.sql -> outputs/stackoverflow_1gb/22487.txt  (2723 bytes, EXPLAIN stripped)
  [7067/11794] 2249.sql -> outputs/stackoverflow_1gb/2249.txt  (513 bytes, EXPLAIN stripped)
  [7068/11794] 22494.sql -> outputs/stackoverflow_1gb/22494.txt  (41020 bytes, EXPLAIN stripped)
  [7069/11794] 22495.sql -> outputs/stackoverflow_1gb/22495.txt  (2604 bytes, EXPLAIN stripped)
  [7070/11794] 22496.sql -> outputs/stackoverflow_1gb/22496.txt  (68554 bytes, EXPLAIN stripped)
  [7071/11794] 22498.sql -> outputs/stackoverflow_1gb/22498.txt  (9609 bytes, EXPLAIN stripped)
  [7072/11794] 225.sql -> outputs/stackoverflow_1gb/225.txt  (1871 bytes, EXPLAIN stripped)
  [7073/11794] 22506.sql -> outputs/stackoverflow_1gb/22506.txt  (81 bytes, EXPLAIN stripped)
  [7074/11794] 22507.sql -> outputs/stackoverflow_1gb/22507.txt  (7784 bytes, EXPLAIN stripped)
  [7075/11794] 22513.sql -> outputs/stackoverflow_1gb/22513.txt  (12644 bytes, EXPLAIN stripped)
  [7076/11794] 22517.sql -> outputs/stackoverflow_1gb/22517.txt  (97341 bytes, EXPLAIN stripped)
  [7077/11794] 22525.sql -> outputs/stackoverflow_1gb/22525.txt  (75605 bytes, EXPLAIN stripped)
  [7078/11794] 22537.sql -> outputs/stackoverflow_1gb/22537.txt  (1132 bytes, EXPLAIN stripped)
  [7079/11794] 2254.sql -> outputs/stackoverflow_1gb/2254.txt  (7122 bytes, EXPLAIN stripped)
  [7080/11794] 22547.sql -> outputs/stackoverflow_1gb/22547.txt  (125 bytes, EXPLAIN stripped)
  [7081/11794] 22552.sql -> outputs/stackoverflow_1gb/22552.txt  (2135 bytes, EXPLAIN stripped)
  [7082/11794] 22558.sql -> outputs/stackoverflow_1gb/22558.txt  (77 bytes, EXPLAIN stripped)
  [7083/11794] 22566.sql -> outputs/stackoverflow_1gb/22566.txt  (2585 bytes, EXPLAIN stripped)
  [7084/11794] 2257.sql -> outputs/stackoverflow_1gb/2257.txt  (33111 bytes, EXPLAIN stripped)
  [7085/11794] 22577.sql -> outputs/stackoverflow_1gb/22577.txt  (60094 bytes, EXPLAIN stripped)
  [7086/11794] 2258.sql -> outputs/stackoverflow_1gb/2258.txt  (149 bytes, EXPLAIN stripped)
  [7087/11794] 22580.sql -> outputs/stackoverflow_1gb/22580.txt  (5913 bytes, EXPLAIN stripped)
  [7088/11794] 22599.sql -> outputs/stackoverflow_1gb/22599.txt  (2006 bytes, EXPLAIN stripped)
  [7089/11794] 22600.sql -> outputs/stackoverflow_1gb/22600.txt  (61365 bytes, EXPLAIN stripped)
  [7090/11794] 22611.sql -> outputs/stackoverflow_1gb/22611.txt  (6709 bytes, EXPLAIN stripped)
  [7091/11794] 22616.sql -> outputs/stackoverflow_1gb/22616.txt  (551 bytes, EXPLAIN stripped)
  [7092/11794] 22617.sql -> outputs/stackoverflow_1gb/22617.txt  (5529 bytes, EXPLAIN stripped)
  [7093/11794] 22618.sql -> outputs/stackoverflow_1gb/22618.txt  (596 bytes, EXPLAIN stripped)
  [7094/11794] 22619.sql -> outputs/stackoverflow_1gb/22619.txt  (118 bytes, EXPLAIN stripped)
  [7095/11794] 22621.sql -> outputs/stackoverflow_1gb/22621.txt  (830 bytes, EXPLAIN stripped)
  [7096/11794] 2263.sql -> outputs/stackoverflow_1gb/2263.txt  (51027 bytes, EXPLAIN stripped)
  [7097/11794] 22634.sql -> outputs/stackoverflow_1gb/22634.txt  (84 bytes, EXPLAIN stripped)
  [7098/11794] 22635.sql -> outputs/stackoverflow_1gb/22635.txt  (80 bytes, EXPLAIN stripped)
  [7099/11794] 22640.sql -> outputs/stackoverflow_1gb/22640.txt  (1250 bytes, EXPLAIN stripped)
  [7100/11794] 22641.sql -> outputs/stackoverflow_1gb/22641.txt  (3515 bytes, EXPLAIN stripped)
  [7101/11794] 22642.sql -> outputs/stackoverflow_1gb/22642.txt  (47124 bytes, EXPLAIN stripped)
  [7102/11794] 22653.sql -> outputs/stackoverflow_1gb/22653.txt  (1201 bytes, EXPLAIN stripped)
  [7103/11794] 22656.sql -> outputs/stackoverflow_1gb/22656.txt  (6686 bytes, EXPLAIN stripped)
  [7104/11794] 22662.sql -> outputs/stackoverflow_1gb/22662.txt  (136 bytes, EXPLAIN stripped)
  [7105/11794] 22664.sql -> outputs/stackoverflow_1gb/22664.txt  (10282 bytes, EXPLAIN stripped)
  [7106/11794] 22668.sql -> outputs/stackoverflow_1gb/22668.txt  (15176 bytes, EXPLAIN stripped)
  [7107/11794] 22677.sql -> outputs/stackoverflow_1gb/22677.txt  (502 bytes, EXPLAIN stripped)
  [7108/11794] 22682.sql -> outputs/stackoverflow_1gb/22682.txt  (166 bytes, EXPLAIN stripped)
  [7109/11794] 22696.sql -> outputs/stackoverflow_1gb/22696.txt  (1249 bytes, EXPLAIN stripped)
  [7110/11794] 22713.sql -> outputs/stackoverflow_1gb/22713.txt  (814 bytes, EXPLAIN stripped)
  [7111/11794] 22715.sql -> outputs/stackoverflow_1gb/22715.txt  (6009 bytes, EXPLAIN stripped)
  [7112/11794] 2272.sql -> outputs/stackoverflow_1gb/2272.txt  (27445 bytes, EXPLAIN stripped)
  [7113/11794] 22735.sql -> outputs/stackoverflow_1gb/22735.txt  (2074 bytes, EXPLAIN stripped)
  [7114/11794] 22740.sql -> outputs/stackoverflow_1gb/22740.txt  (111836 bytes, EXPLAIN stripped)
  [7115/11794] 22745.sql -> outputs/stackoverflow_1gb/22745.txt  (4677 bytes, EXPLAIN stripped)
  [7116/11794] 22746.sql -> outputs/stackoverflow_1gb/22746.txt  (494 bytes, EXPLAIN stripped)
  [7117/11794] 22750.sql -> outputs/stackoverflow_1gb/22750.txt  (115 bytes, EXPLAIN stripped)
  [7118/11794] 2276.sql -> outputs/stackoverflow_1gb/2276.txt  (1004 bytes, EXPLAIN stripped)
  [7119/11794] 22767.sql -> outputs/stackoverflow_1gb/22767.txt  (136 bytes, EXPLAIN stripped)
  [7120/11794] 22769.sql -> outputs/stackoverflow_1gb/22769.txt  (128 bytes, EXPLAIN stripped)
  [7121/11794] 2277.sql -> outputs/stackoverflow_1gb/2277.txt  (2475 bytes, EXPLAIN stripped)
  [7122/11794] 22770.sql -> outputs/stackoverflow_1gb/22770.txt  (778 bytes, EXPLAIN stripped)
  [7123/11794] 22773.sql -> outputs/stackoverflow_1gb/22773.txt  (1474 bytes, EXPLAIN stripped)
  [7124/11794] 22774.sql -> outputs/stackoverflow_1gb/22774.txt  (1295 bytes, EXPLAIN stripped)
  [7125/11794] 22777.sql -> outputs/stackoverflow_1gb/22777.txt  (2270 bytes, EXPLAIN stripped)
  [7126/11794] FAILED 22783.sql (see outputs/stackoverflow_1gb/22783.txt)
  [7127/11794] 22784.sql -> outputs/stackoverflow_1gb/22784.txt  (39812 bytes, EXPLAIN stripped)
  [7128/11794] 22786.sql -> outputs/stackoverflow_1gb/22786.txt  (4149 bytes, EXPLAIN stripped)
  [7129/11794] 22789.sql -> outputs/stackoverflow_1gb/22789.txt  (88 bytes, EXPLAIN stripped)
  [7130/11794] 22792.sql -> outputs/stackoverflow_1gb/22792.txt  (71 bytes, EXPLAIN stripped)
  [7131/11794] 22793.sql -> outputs/stackoverflow_1gb/22793.txt  (879 bytes, EXPLAIN stripped)
  [7132/11794] 228.sql -> outputs/stackoverflow_1gb/228.txt  (3142 bytes, EXPLAIN stripped)
  [7133/11794] 22810.sql -> outputs/stackoverflow_1gb/22810.txt  (1037 bytes, EXPLAIN stripped)
  [7134/11794] 22813.sql -> outputs/stackoverflow_1gb/22813.txt  (716 bytes, EXPLAIN stripped)
  [7135/11794] 22819.sql -> outputs/stackoverflow_1gb/22819.txt  (33316 bytes, EXPLAIN stripped)
  [7136/11794] 2282.sql -> outputs/stackoverflow_1gb/2282.txt  (65002 bytes, EXPLAIN stripped)
  [7137/11794] 22822.sql -> outputs/stackoverflow_1gb/22822.txt  (128 bytes, EXPLAIN stripped)
  [7138/11794] 22826.sql -> outputs/stackoverflow_1gb/22826.txt  (35094 bytes, EXPLAIN stripped)
  [7139/11794] 22829.sql -> outputs/stackoverflow_1gb/22829.txt  (147 bytes, EXPLAIN stripped)
  [7140/11794] 2283.sql -> outputs/stackoverflow_1gb/2283.txt  (747 bytes, EXPLAIN stripped)
  [7141/11794] 2284.sql -> outputs/stackoverflow_1gb/2284.txt  (39428 bytes, EXPLAIN stripped)
  [7142/11794] 22840.sql -> outputs/stackoverflow_1gb/22840.txt  (109 bytes, EXPLAIN stripped)
  [7143/11794] 22856.sql -> outputs/stackoverflow_1gb/22856.txt  (1514 bytes, EXPLAIN stripped)
  [7144/11794] 22861.sql -> outputs/stackoverflow_1gb/22861.txt  (7263 bytes, EXPLAIN stripped)
  [7145/11794] 22865.sql -> outputs/stackoverflow_1gb/22865.txt  (272 bytes, EXPLAIN stripped)
  [7146/11794] 22867.sql -> outputs/stackoverflow_1gb/22867.txt  (114 bytes, EXPLAIN stripped)
  [7147/11794] 22868.sql -> outputs/stackoverflow_1gb/22868.txt  (101 bytes, EXPLAIN stripped)
  [7148/11794] 2287.sql -> outputs/stackoverflow_1gb/2287.txt  (21946 bytes, EXPLAIN stripped)
  [7149/11794] 22870.sql -> outputs/stackoverflow_1gb/22870.txt  (14335 bytes, EXPLAIN stripped)
  [7150/11794] 22872.sql -> outputs/stackoverflow_1gb/22872.txt  (2141 bytes, EXPLAIN stripped)
  [7151/11794] 2288.sql -> outputs/stackoverflow_1gb/2288.txt  (9584 bytes, EXPLAIN stripped)
  [7152/11794] 22880.sql -> outputs/stackoverflow_1gb/22880.txt  (1566 bytes, EXPLAIN stripped)
  [7153/11794] 22885.sql -> outputs/stackoverflow_1gb/22885.txt  (715 bytes, EXPLAIN stripped)
  [7154/11794] 2289.sql -> outputs/stackoverflow_1gb/2289.txt  (703 bytes, EXPLAIN stripped)
  [7155/11794] 22890.sql -> outputs/stackoverflow_1gb/22890.txt  (57517 bytes, EXPLAIN stripped)
  [7156/11794] 22894.sql -> outputs/stackoverflow_1gb/22894.txt  (1873 bytes, EXPLAIN stripped)
  [7157/11794] 22898.sql -> outputs/stackoverflow_1gb/22898.txt  (2034 bytes, EXPLAIN stripped)
  [7158/11794] 22899.sql -> outputs/stackoverflow_1gb/22899.txt  (73 bytes, EXPLAIN stripped)
  [7159/11794] 22922.sql -> outputs/stackoverflow_1gb/22922.txt  (4504 bytes, EXPLAIN stripped)
  [7160/11794] 22932.sql -> outputs/stackoverflow_1gb/22932.txt  (102890 bytes, EXPLAIN stripped)
  [7161/11794] 2294.sql -> outputs/stackoverflow_1gb/2294.txt  (90 bytes, EXPLAIN stripped)
  [7162/11794] 22940.sql -> outputs/stackoverflow_1gb/22940.txt  (863 bytes, EXPLAIN stripped)
  [7163/11794] 22945.sql -> outputs/stackoverflow_1gb/22945.txt  (8835 bytes, EXPLAIN stripped)
  [7164/11794] 22949.sql -> outputs/stackoverflow_1gb/22949.txt  (41 bytes, EXPLAIN stripped)
  [7165/11794] 22958.sql -> outputs/stackoverflow_1gb/22958.txt  (76722 bytes, EXPLAIN stripped)
  [7166/11794] 22960.sql -> outputs/stackoverflow_1gb/22960.txt  (1128 bytes, EXPLAIN stripped)
  [7167/11794] 22961.sql -> outputs/stackoverflow_1gb/22961.txt  (11138 bytes, EXPLAIN stripped)
  [7168/11794] 22963.sql -> outputs/stackoverflow_1gb/22963.txt  (100 bytes, EXPLAIN stripped)
  [7169/11794] 22971.sql -> outputs/stackoverflow_1gb/22971.txt  (20211 bytes, EXPLAIN stripped)
  [7170/11794] 22976.sql -> outputs/stackoverflow_1gb/22976.txt  (1214 bytes, EXPLAIN stripped)
  [7171/11794] 2298.sql -> outputs/stackoverflow_1gb/2298.txt  (509 bytes, EXPLAIN stripped)
  [7172/11794] 22980.sql -> outputs/stackoverflow_1gb/22980.txt  (2145 bytes, EXPLAIN stripped)
  [7173/11794] 23.sql -> outputs/stackoverflow_1gb/23.txt  (6756 bytes, EXPLAIN stripped)
  [7174/11794] 2301.sql -> outputs/stackoverflow_1gb/2301.txt  (13496 bytes, EXPLAIN stripped)
  [7175/11794] 23012.sql -> outputs/stackoverflow_1gb/23012.txt  (814 bytes, EXPLAIN stripped)
  [7176/11794] 23016.sql -> outputs/stackoverflow_1gb/23016.txt  (83 bytes, EXPLAIN stripped)
  [7177/11794] 23020.sql -> outputs/stackoverflow_1gb/23020.txt  (4994 bytes, EXPLAIN stripped)
  [7178/11794] 23040.sql -> outputs/stackoverflow_1gb/23040.txt  (101 bytes, EXPLAIN stripped)
  [7179/11794] 23052.sql -> outputs/stackoverflow_1gb/23052.txt  (130 bytes, EXPLAIN stripped)
  [7180/11794] 23058.sql -> outputs/stackoverflow_1gb/23058.txt  (1266 bytes, EXPLAIN stripped)
  [7181/11794] 23059.sql -> outputs/stackoverflow_1gb/23059.txt  (134 bytes, EXPLAIN stripped)
  [7182/11794] 23062.sql -> outputs/stackoverflow_1gb/23062.txt  (434 bytes, EXPLAIN stripped)
  [7183/11794] 23063.sql -> outputs/stackoverflow_1gb/23063.txt  (4484 bytes, EXPLAIN stripped)
  [7184/11794] 23064.sql -> outputs/stackoverflow_1gb/23064.txt  (7385 bytes, EXPLAIN stripped)
  [7185/11794] 23065.sql -> outputs/stackoverflow_1gb/23065.txt  (28434 bytes, EXPLAIN stripped)
  [7186/11794] 23077.sql -> outputs/stackoverflow_1gb/23077.txt  (119 bytes, EXPLAIN stripped)
  [7187/11794] 23079.sql -> outputs/stackoverflow_1gb/23079.txt  (139 bytes, EXPLAIN stripped)
  [7188/11794] 23082.sql -> outputs/stackoverflow_1gb/23082.txt  (115625 bytes, EXPLAIN stripped)
  [7189/11794] 23099.sql -> outputs/stackoverflow_1gb/23099.txt  (2027 bytes, EXPLAIN stripped)
  [7190/11794] 23106.sql -> outputs/stackoverflow_1gb/23106.txt  (664 bytes, EXPLAIN stripped)
  [7191/11794] 23107.sql -> outputs/stackoverflow_1gb/23107.txt  (144430 bytes, EXPLAIN stripped)
  [7192/11794] 23109.sql -> outputs/stackoverflow_1gb/23109.txt  (53545 bytes, EXPLAIN stripped)
  [7193/11794] 23114.sql -> outputs/stackoverflow_1gb/23114.txt  (1151 bytes, EXPLAIN stripped)
  [7194/11794] 23122.sql -> outputs/stackoverflow_1gb/23122.txt  (2841 bytes, EXPLAIN stripped)
  [7195/11794] 23124.sql -> outputs/stackoverflow_1gb/23124.txt  (7300 bytes, EXPLAIN stripped)
  [7196/11794] 23128.sql -> outputs/stackoverflow_1gb/23128.txt  (1375 bytes, EXPLAIN stripped)
  [7197/11794] 23129.sql -> outputs/stackoverflow_1gb/23129.txt  (128 bytes, EXPLAIN stripped)
  [7198/11794] 23137.sql -> outputs/stackoverflow_1gb/23137.txt  (656 bytes, EXPLAIN stripped)
  [7199/11794] 23140.sql -> outputs/stackoverflow_1gb/23140.txt  (5151 bytes, EXPLAIN stripped)
  [7200/11794] 23141.sql -> outputs/stackoverflow_1gb/23141.txt  (859 bytes, EXPLAIN stripped)
  [7201/11794] 2315.sql -> outputs/stackoverflow_1gb/2315.txt  (655 bytes, EXPLAIN stripped)
  [7202/11794] 23162.sql -> outputs/stackoverflow_1gb/23162.txt  (166 bytes, EXPLAIN stripped)
  [7203/11794] 23167.sql -> outputs/stackoverflow_1gb/23167.txt  (144475 bytes, EXPLAIN stripped)
  [7204/11794] 23169.sql -> outputs/stackoverflow_1gb/23169.txt  (69483 bytes, EXPLAIN stripped)
  [7205/11794] 23175.sql -> outputs/stackoverflow_1gb/23175.txt  (7376 bytes, EXPLAIN stripped)
  [7206/11794] 23180.sql -> outputs/stackoverflow_1gb/23180.txt  (124607 bytes, EXPLAIN stripped)
  [7207/11794] 23186.sql -> outputs/stackoverflow_1gb/23186.txt  (60624 bytes, EXPLAIN stripped)
  [7208/11794] 23193.sql -> outputs/stackoverflow_1gb/23193.txt  (1164 bytes, EXPLAIN stripped)
  [7209/11794] 2320.sql -> outputs/stackoverflow_1gb/2320.txt  (5368 bytes, EXPLAIN stripped)
  [7210/11794] 23200.sql -> outputs/stackoverflow_1gb/23200.txt  (69043 bytes, EXPLAIN stripped)
  [7211/11794] 23201.sql -> outputs/stackoverflow_1gb/23201.txt  (73173 bytes, EXPLAIN stripped)
  [7212/11794] 23203.sql -> outputs/stackoverflow_1gb/23203.txt  (67739 bytes, EXPLAIN stripped)
  [7213/11794] 23214.sql -> outputs/stackoverflow_1gb/23214.txt  (4114 bytes, EXPLAIN stripped)
  [7214/11794] 23216.sql -> outputs/stackoverflow_1gb/23216.txt  (56662 bytes, EXPLAIN stripped)
  [7215/11794] 23217.sql -> outputs/stackoverflow_1gb/23217.txt  (157 bytes, EXPLAIN stripped)
  [7216/11794] 23219.sql -> outputs/stackoverflow_1gb/23219.txt  (112981 bytes, EXPLAIN stripped)
  [7217/11794] 2323.sql -> outputs/stackoverflow_1gb/2323.txt  (2591 bytes, EXPLAIN stripped)
  [7218/11794] 23230.sql -> outputs/stackoverflow_1gb/23230.txt  (7289 bytes, EXPLAIN stripped)
  [7219/11794] 23241.sql -> outputs/stackoverflow_1gb/23241.txt  (55669 bytes, EXPLAIN stripped)
  [7220/11794] 23248.sql -> outputs/stackoverflow_1gb/23248.txt  (128075 bytes, EXPLAIN stripped)
  [7221/11794] 23249.sql -> outputs/stackoverflow_1gb/23249.txt  (1717 bytes, EXPLAIN stripped)
  [7222/11794] 23252.sql -> outputs/stackoverflow_1gb/23252.txt  (845 bytes, EXPLAIN stripped)
  [7223/11794] 23255.sql -> outputs/stackoverflow_1gb/23255.txt  (31939 bytes, EXPLAIN stripped)
  [7224/11794] 23256.sql -> outputs/stackoverflow_1gb/23256.txt  (561 bytes, EXPLAIN stripped)
  [7225/11794] 2326.sql -> outputs/stackoverflow_1gb/2326.txt  (2240 bytes, EXPLAIN stripped)
  [7226/11794] 23266.sql -> outputs/stackoverflow_1gb/23266.txt  (9013 bytes, EXPLAIN stripped)
  [7227/11794] 23268.sql -> outputs/stackoverflow_1gb/23268.txt  (652 bytes, EXPLAIN stripped)
  [7228/11794] 23269.sql -> outputs/stackoverflow_1gb/23269.txt  (164 bytes, EXPLAIN stripped)
  [7229/11794] 23272.sql -> outputs/stackoverflow_1gb/23272.txt  (58973 bytes, EXPLAIN stripped)
  [7230/11794] 23281.sql -> outputs/stackoverflow_1gb/23281.txt  (11742 bytes, EXPLAIN stripped)
  [7231/11794] 23282.sql -> outputs/stackoverflow_1gb/23282.txt  (12065 bytes, EXPLAIN stripped)
  [7232/11794] 23293.sql -> outputs/stackoverflow_1gb/23293.txt  (30468 bytes, EXPLAIN stripped)
  [7233/11794] 23297.sql -> outputs/stackoverflow_1gb/23297.txt  (96 bytes, EXPLAIN stripped)
  [7234/11794] 23299.sql -> outputs/stackoverflow_1gb/23299.txt  (152 bytes, EXPLAIN stripped)
  [7235/11794] 23304.sql -> outputs/stackoverflow_1gb/23304.txt  (7929 bytes, EXPLAIN stripped)
  [7236/11794] 23306.sql -> outputs/stackoverflow_1gb/23306.txt  (2924 bytes, EXPLAIN stripped)
  [7237/11794] 23317.sql -> outputs/stackoverflow_1gb/23317.txt  (116054 bytes, EXPLAIN stripped)
  [7238/11794] 23319.sql -> outputs/stackoverflow_1gb/23319.txt  (1128 bytes, EXPLAIN stripped)
  [7239/11794] 2333.sql -> outputs/stackoverflow_1gb/2333.txt  (142276 bytes, EXPLAIN stripped)
  [7240/11794] 23333.sql -> outputs/stackoverflow_1gb/23333.txt  (3399 bytes, EXPLAIN stripped)
  [7241/11794] 23338.sql -> outputs/stackoverflow_1gb/23338.txt  (10684 bytes, EXPLAIN stripped)
  [7242/11794] FAILED 23345.sql (see outputs/stackoverflow_1gb/23345.txt)
  [7243/11794] 23368.sql -> outputs/stackoverflow_1gb/23368.txt  (103 bytes, EXPLAIN stripped)
  [7244/11794] 2337.sql -> outputs/stackoverflow_1gb/2337.txt  (107009 bytes, EXPLAIN stripped)
  [7245/11794] 23376.sql -> outputs/stackoverflow_1gb/23376.txt  (311 bytes, EXPLAIN stripped)
  [7246/11794] 23379.sql -> outputs/stackoverflow_1gb/23379.txt  (111 bytes, EXPLAIN stripped)
  [7247/11794] 2339.sql -> outputs/stackoverflow_1gb/2339.txt  (650 bytes, EXPLAIN stripped)
  [7248/11794] 23394.sql -> outputs/stackoverflow_1gb/23394.txt  (107 bytes, EXPLAIN stripped)
  [7249/11794] 23397.sql -> outputs/stackoverflow_1gb/23397.txt  (146 bytes, EXPLAIN stripped)
  [7250/11794] 2340.sql -> outputs/stackoverflow_1gb/2340.txt  (31625 bytes, EXPLAIN stripped)
  [7251/11794] 23401.sql -> outputs/stackoverflow_1gb/23401.txt  (72451 bytes, EXPLAIN stripped)
  [7252/11794] 23415.sql -> outputs/stackoverflow_1gb/23415.txt  (110 bytes, EXPLAIN stripped)
  [7253/11794] 23429.sql -> outputs/stackoverflow_1gb/23429.txt  (963 bytes, EXPLAIN stripped)
  [7254/11794] 23435.sql -> outputs/stackoverflow_1gb/23435.txt  (192 bytes, EXPLAIN stripped)
  [7255/11794] 23436.sql -> outputs/stackoverflow_1gb/23436.txt  (808 bytes, EXPLAIN stripped)
  [7256/11794] 2344.sql -> outputs/stackoverflow_1gb/2344.txt  (287 bytes, EXPLAIN stripped)
  [7257/11794] 23440.sql -> outputs/stackoverflow_1gb/23440.txt  (119857 bytes, EXPLAIN stripped)
  [7258/11794] 23449.sql -> outputs/stackoverflow_1gb/23449.txt  (2225 bytes, EXPLAIN stripped)
  [7259/11794] 23451.sql -> outputs/stackoverflow_1gb/23451.txt  (888 bytes, EXPLAIN stripped)
  [7260/11794] 23454.sql -> outputs/stackoverflow_1gb/23454.txt  (126 bytes, EXPLAIN stripped)
  [7261/11794] 23456.sql -> outputs/stackoverflow_1gb/23456.txt  (5431 bytes, EXPLAIN stripped)
  [7262/11794] 2346.sql -> outputs/stackoverflow_1gb/2346.txt  (97 bytes, EXPLAIN stripped)
  [7263/11794] 23466.sql -> outputs/stackoverflow_1gb/23466.txt  (7182 bytes, EXPLAIN stripped)
  [7264/11794] 23468.sql -> outputs/stackoverflow_1gb/23468.txt  (54638 bytes, EXPLAIN stripped)
  [7265/11794] 23471.sql -> outputs/stackoverflow_1gb/23471.txt  (598 bytes, EXPLAIN stripped)
  [7266/11794] 2348.sql -> outputs/stackoverflow_1gb/2348.txt  (23308 bytes, EXPLAIN stripped)
  [7267/11794] 23489.sql -> outputs/stackoverflow_1gb/23489.txt  (12293 bytes, EXPLAIN stripped)
  [7268/11794] 2349.sql -> outputs/stackoverflow_1gb/2349.txt  (736 bytes, EXPLAIN stripped)
  [7269/11794] 23496.sql -> outputs/stackoverflow_1gb/23496.txt  (631 bytes, EXPLAIN stripped)
  [7270/11794] 235.sql -> outputs/stackoverflow_1gb/235.txt  (85 bytes, EXPLAIN stripped)
  [7271/11794] 2350.sql -> outputs/stackoverflow_1gb/2350.txt  (602 bytes, EXPLAIN stripped)
  [7272/11794] 23503.sql -> outputs/stackoverflow_1gb/23503.txt  (155912 bytes, EXPLAIN stripped)
  [7273/11794] 23505.sql -> outputs/stackoverflow_1gb/23505.txt  (158 bytes, EXPLAIN stripped)
  [7274/11794] 23523.sql -> outputs/stackoverflow_1gb/23523.txt  (1040 bytes, EXPLAIN stripped)
  [7275/11794] 23526.sql -> outputs/stackoverflow_1gb/23526.txt  (46569 bytes, EXPLAIN stripped)
  [7276/11794] 23530.sql -> outputs/stackoverflow_1gb/23530.txt  (154 bytes, EXPLAIN stripped)
  [7277/11794] 23537.sql -> outputs/stackoverflow_1gb/23537.txt  (1615 bytes, EXPLAIN stripped)
  [7278/11794] 2354.sql -> outputs/stackoverflow_1gb/2354.txt  (1016 bytes, EXPLAIN stripped)
  [7279/11794] 23542.sql -> outputs/stackoverflow_1gb/23542.txt  (304 bytes, EXPLAIN stripped)
  [7280/11794] 23545.sql -> outputs/stackoverflow_1gb/23545.txt  (1534 bytes, EXPLAIN stripped)
  [7281/11794] 23548.sql -> outputs/stackoverflow_1gb/23548.txt  (1180 bytes, EXPLAIN stripped)
  [7282/11794] 23549.sql -> outputs/stackoverflow_1gb/23549.txt  (338 bytes, EXPLAIN stripped)
  [7283/11794] 2355.sql -> outputs/stackoverflow_1gb/2355.txt  (853 bytes, EXPLAIN stripped)
  [7284/11794] 23560.sql -> outputs/stackoverflow_1gb/23560.txt  (86679 bytes, EXPLAIN stripped)
  [7285/11794] 23571.sql -> outputs/stackoverflow_1gb/23571.txt  (96 bytes, EXPLAIN stripped)
  [7286/11794] 23574.sql -> outputs/stackoverflow_1gb/23574.txt  (1192 bytes, EXPLAIN stripped)
  [7287/11794] 23578.sql -> outputs/stackoverflow_1gb/23578.txt  (54 bytes, EXPLAIN stripped)
  [7288/11794] 2358.sql -> outputs/stackoverflow_1gb/2358.txt  (701 bytes, EXPLAIN stripped)
  [7289/11794] 23580.sql -> outputs/stackoverflow_1gb/23580.txt  (848 bytes, EXPLAIN stripped)
  [7290/11794] 23583.sql -> outputs/stackoverflow_1gb/23583.txt  (215 bytes, EXPLAIN stripped)
  [7291/11794] 23584.sql -> outputs/stackoverflow_1gb/23584.txt  (77262 bytes, EXPLAIN stripped)
  [7292/11794] 23586.sql -> outputs/stackoverflow_1gb/23586.txt  (5650 bytes, EXPLAIN stripped)
  [7293/11794] 2359.sql -> outputs/stackoverflow_1gb/2359.txt  (19139 bytes, EXPLAIN stripped)
  [7294/11794] 23590.sql -> outputs/stackoverflow_1gb/23590.txt  (13759 bytes, EXPLAIN stripped)
  [7295/11794] 23592.sql -> outputs/stackoverflow_1gb/23592.txt  (748 bytes, EXPLAIN stripped)
  [7296/11794] 23593.sql -> outputs/stackoverflow_1gb/23593.txt  (417 bytes, EXPLAIN stripped)
  [7297/11794] 2360.sql -> outputs/stackoverflow_1gb/2360.txt  (33294 bytes, EXPLAIN stripped)
  [7298/11794] 23605.sql -> outputs/stackoverflow_1gb/23605.txt  (745 bytes, EXPLAIN stripped)
  [7299/11794] 23614.sql -> outputs/stackoverflow_1gb/23614.txt  (390 bytes, EXPLAIN stripped)
  [7300/11794] 23619.sql -> outputs/stackoverflow_1gb/23619.txt  (122 bytes, EXPLAIN stripped)
  [7301/11794] 23627.sql -> outputs/stackoverflow_1gb/23627.txt  (1480 bytes, EXPLAIN stripped)
  [7302/11794] 23631.sql -> outputs/stackoverflow_1gb/23631.txt  (3404 bytes, EXPLAIN stripped)
  [7303/11794] 23632.sql -> outputs/stackoverflow_1gb/23632.txt  (46091 bytes, EXPLAIN stripped)
  [7304/11794] 23633.sql -> outputs/stackoverflow_1gb/23633.txt  (588 bytes, EXPLAIN stripped)
  [7305/11794] 2364.sql -> outputs/stackoverflow_1gb/2364.txt  (1053 bytes, EXPLAIN stripped)
  [7306/11794] 2366.sql -> outputs/stackoverflow_1gb/2366.txt  (5690 bytes, EXPLAIN stripped)
  [7307/11794] 23666.sql -> outputs/stackoverflow_1gb/23666.txt  (125013 bytes, EXPLAIN stripped)
  [7308/11794] 23670.sql -> outputs/stackoverflow_1gb/23670.txt  (14137 bytes, EXPLAIN stripped)
  [7309/11794] 23689.sql -> outputs/stackoverflow_1gb/23689.txt  (76339 bytes, EXPLAIN stripped)
  [7310/11794] 2369.sql -> outputs/stackoverflow_1gb/2369.txt  (445 bytes, EXPLAIN stripped)
  [7311/11794] 23707.sql -> outputs/stackoverflow_1gb/23707.txt  (7452 bytes, EXPLAIN stripped)
  [7312/11794] 23710.sql -> outputs/stackoverflow_1gb/23710.txt  (2419 bytes, EXPLAIN stripped)
  [7313/11794] 23713.sql -> outputs/stackoverflow_1gb/23713.txt  (63409 bytes, EXPLAIN stripped)
  [7314/11794] 2372.sql -> outputs/stackoverflow_1gb/2372.txt  (156 bytes, EXPLAIN stripped)
  [7315/11794] 23723.sql -> outputs/stackoverflow_1gb/23723.txt  (51395 bytes, EXPLAIN stripped)
  [7316/11794] 2373.sql -> outputs/stackoverflow_1gb/2373.txt  (127 bytes, EXPLAIN stripped)
  [7317/11794] 23731.sql -> outputs/stackoverflow_1gb/23731.txt  (16394 bytes, EXPLAIN stripped)
  [7318/11794] 23733.sql -> outputs/stackoverflow_1gb/23733.txt  (577 bytes, EXPLAIN stripped)
  [7319/11794] 23752.sql -> outputs/stackoverflow_1gb/23752.txt  (6192 bytes, EXPLAIN stripped)
  [7320/11794] 23754.sql -> outputs/stackoverflow_1gb/23754.txt  (1361 bytes, EXPLAIN stripped)
  [7321/11794] 23755.sql -> outputs/stackoverflow_1gb/23755.txt  (182 bytes, EXPLAIN stripped)
  [7322/11794] 23758.sql -> outputs/stackoverflow_1gb/23758.txt  (11739 bytes, EXPLAIN stripped)
  [7323/11794] 23763.sql -> outputs/stackoverflow_1gb/23763.txt  (5605 bytes, EXPLAIN stripped)
  [7324/11794] 23765.sql -> outputs/stackoverflow_1gb/23765.txt  (12890 bytes, EXPLAIN stripped)
  [7325/11794] 23776.sql -> outputs/stackoverflow_1gb/23776.txt  (4923 bytes, EXPLAIN stripped)
  [7326/11794] 23777.sql -> outputs/stackoverflow_1gb/23777.txt  (1263 bytes, EXPLAIN stripped)
  [7327/11794] 23779.sql -> outputs/stackoverflow_1gb/23779.txt  (468 bytes, EXPLAIN stripped)
  [7328/11794] 2378.sql -> outputs/stackoverflow_1gb/2378.txt  (53126 bytes, EXPLAIN stripped)
  [7329/11794] 23780.sql -> outputs/stackoverflow_1gb/23780.txt  (2320 bytes, EXPLAIN stripped)
  [7330/11794] 23784.sql -> outputs/stackoverflow_1gb/23784.txt  (28 bytes, EXPLAIN stripped)
  [7331/11794] 2379.sql -> outputs/stackoverflow_1gb/2379.txt  (372 bytes, EXPLAIN stripped)
  [7332/11794] 23791.sql -> outputs/stackoverflow_1gb/23791.txt  (103 bytes, EXPLAIN stripped)
  [7333/11794] 23792.sql -> outputs/stackoverflow_1gb/23792.txt  (59084 bytes, EXPLAIN stripped)
  [7334/11794] 23793.sql -> outputs/stackoverflow_1gb/23793.txt  (1036 bytes, EXPLAIN stripped)
  [7335/11794] 23800.sql -> outputs/stackoverflow_1gb/23800.txt  (4534 bytes, EXPLAIN stripped)
  [7336/11794] 23808.sql -> outputs/stackoverflow_1gb/23808.txt  (638 bytes, EXPLAIN stripped)
  [7337/11794] 2381.sql -> outputs/stackoverflow_1gb/2381.txt  (319 bytes, EXPLAIN stripped)
  [7338/11794] 23824.sql -> outputs/stackoverflow_1gb/23824.txt  (2530 bytes, EXPLAIN stripped)
  [7339/11794] 23826.sql -> outputs/stackoverflow_1gb/23826.txt  (95483 bytes, EXPLAIN stripped)
  [7340/11794] 23834.sql -> outputs/stackoverflow_1gb/23834.txt  (3310 bytes, EXPLAIN stripped)
  [7341/11794] 23835.sql -> outputs/stackoverflow_1gb/23835.txt  (107 bytes, EXPLAIN stripped)
  [7342/11794] 23839.sql -> outputs/stackoverflow_1gb/23839.txt  (1549 bytes, EXPLAIN stripped)
  [7343/11794] 23840.sql -> outputs/stackoverflow_1gb/23840.txt  (5247 bytes, EXPLAIN stripped)
  [7344/11794] 23846.sql -> outputs/stackoverflow_1gb/23846.txt  (115 bytes, EXPLAIN stripped)
  [7345/11794] 23847.sql -> outputs/stackoverflow_1gb/23847.txt  (635 bytes, EXPLAIN stripped)
  [7346/11794] 23848.sql -> outputs/stackoverflow_1gb/23848.txt  (384 bytes, EXPLAIN stripped)
  [7347/11794] 2386.sql -> outputs/stackoverflow_1gb/2386.txt  (541 bytes, EXPLAIN stripped)
  [7348/11794] 23860.sql -> outputs/stackoverflow_1gb/23860.txt  (136 bytes, EXPLAIN stripped)
  [7349/11794] 23866.sql -> outputs/stackoverflow_1gb/23866.txt  (150 bytes, EXPLAIN stripped)
  [7350/11794] 23874.sql -> outputs/stackoverflow_1gb/23874.txt  (1163 bytes, EXPLAIN stripped)
  [7351/11794] 23882.sql -> outputs/stackoverflow_1gb/23882.txt  (650 bytes, EXPLAIN stripped)
  [7352/11794] 23889.sql -> outputs/stackoverflow_1gb/23889.txt  (709 bytes, EXPLAIN stripped)
  [7353/11794] 23893.sql -> outputs/stackoverflow_1gb/23893.txt  (103 bytes, EXPLAIN stripped)
  [7354/11794] 23898.sql -> outputs/stackoverflow_1gb/23898.txt  (1807 bytes, EXPLAIN stripped)
  [7355/11794] 23902.sql -> outputs/stackoverflow_1gb/23902.txt  (92 bytes, EXPLAIN stripped)
  [7356/11794] 23903.sql -> outputs/stackoverflow_1gb/23903.txt  (165 bytes, EXPLAIN stripped)
  [7357/11794] 23928.sql -> outputs/stackoverflow_1gb/23928.txt  (1018 bytes, EXPLAIN stripped)
  [7358/11794] 23940.sql -> outputs/stackoverflow_1gb/23940.txt  (9858 bytes, EXPLAIN stripped)
  [7359/11794] 23955.sql -> outputs/stackoverflow_1gb/23955.txt  (75088 bytes, EXPLAIN stripped)
  [7360/11794] 23966.sql -> outputs/stackoverflow_1gb/23966.txt  (1004 bytes, EXPLAIN stripped)
  [7361/11794] 23969.sql -> outputs/stackoverflow_1gb/23969.txt  (137 bytes, EXPLAIN stripped)
  [7362/11794] 23975.sql -> outputs/stackoverflow_1gb/23975.txt  (96 bytes, EXPLAIN stripped)
  [7363/11794] 23976.sql -> outputs/stackoverflow_1gb/23976.txt  (1683 bytes, EXPLAIN stripped)
  [7364/11794] 23985.sql -> outputs/stackoverflow_1gb/23985.txt  (83 bytes, EXPLAIN stripped)
  [7365/11794] 23988.sql -> outputs/stackoverflow_1gb/23988.txt  (10731 bytes, EXPLAIN stripped)
  [7366/11794] 2399.sql -> outputs/stackoverflow_1gb/2399.txt  (72210 bytes, EXPLAIN stripped)
  [7367/11794] 23991.sql -> outputs/stackoverflow_1gb/23991.txt  (93 bytes, EXPLAIN stripped)
  [7368/11794] 23994.sql -> outputs/stackoverflow_1gb/23994.txt  (54549 bytes, EXPLAIN stripped)
  [7369/11794] 240.sql -> outputs/stackoverflow_1gb/240.txt  (124 bytes, EXPLAIN stripped)
  [7370/11794] 24000.sql -> outputs/stackoverflow_1gb/24000.txt  (14879 bytes, EXPLAIN stripped)
  [7371/11794] 24002.sql -> outputs/stackoverflow_1gb/24002.txt  (8378 bytes, EXPLAIN stripped)
  [7372/11794] 24007.sql -> outputs/stackoverflow_1gb/24007.txt  (664 bytes, EXPLAIN stripped)
  [7373/11794] 24008.sql -> outputs/stackoverflow_1gb/24008.txt  (71 bytes, EXPLAIN stripped)
  [7374/11794] 24009.sql -> outputs/stackoverflow_1gb/24009.txt  (154 bytes, EXPLAIN stripped)
  [7375/11794] 24013.sql -> outputs/stackoverflow_1gb/24013.txt  (516 bytes, EXPLAIN stripped)
  [7376/11794] 24021.sql -> outputs/stackoverflow_1gb/24021.txt  (7862 bytes, EXPLAIN stripped)
  [7377/11794] 24030.sql -> outputs/stackoverflow_1gb/24030.txt  (57264 bytes, EXPLAIN stripped)
  [7378/11794] 24035.sql -> outputs/stackoverflow_1gb/24035.txt  (1278 bytes, EXPLAIN stripped)
  [7379/11794] 24042.sql -> outputs/stackoverflow_1gb/24042.txt  (797 bytes, EXPLAIN stripped)
  [7380/11794] 24043.sql -> outputs/stackoverflow_1gb/24043.txt  (134 bytes, EXPLAIN stripped)
  [7381/11794] 24045.sql -> outputs/stackoverflow_1gb/24045.txt  (710 bytes, EXPLAIN stripped)
  [7382/11794] 24052.sql -> outputs/stackoverflow_1gb/24052.txt  (435 bytes, EXPLAIN stripped)
  [7383/11794] 24053.sql -> outputs/stackoverflow_1gb/24053.txt  (123692 bytes, EXPLAIN stripped)
  [7384/11794] 24054.sql -> outputs/stackoverflow_1gb/24054.txt  (90 bytes, EXPLAIN stripped)
  [7385/11794] 24058.sql -> outputs/stackoverflow_1gb/24058.txt  (971 bytes, EXPLAIN stripped)
  [7386/11794] 24062.sql -> outputs/stackoverflow_1gb/24062.txt  (1696 bytes, EXPLAIN stripped)
  [7387/11794] 24067.sql -> outputs/stackoverflow_1gb/24067.txt  (2240 bytes, EXPLAIN stripped)
  [7388/11794] 24072.sql -> outputs/stackoverflow_1gb/24072.txt  (638 bytes, EXPLAIN stripped)
  [7389/11794] 24081.sql -> outputs/stackoverflow_1gb/24081.txt  (99 bytes, EXPLAIN stripped)
  [7390/11794] 24104.sql -> outputs/stackoverflow_1gb/24104.txt  (292 bytes, EXPLAIN stripped)
  [7391/11794] 24116.sql -> outputs/stackoverflow_1gb/24116.txt  (4092 bytes, EXPLAIN stripped)
  [7392/11794] 2412.sql -> outputs/stackoverflow_1gb/2412.txt  (760 bytes, EXPLAIN stripped)
  [7393/11794] 24122.sql -> outputs/stackoverflow_1gb/24122.txt  (85573 bytes, EXPLAIN stripped)
  [7394/11794] 24126.sql -> outputs/stackoverflow_1gb/24126.txt  (813 bytes, EXPLAIN stripped)
  [7395/11794] 24136.sql -> outputs/stackoverflow_1gb/24136.txt  (89 bytes, EXPLAIN stripped)
  [7396/11794] 24143.sql -> outputs/stackoverflow_1gb/24143.txt  (7034 bytes, EXPLAIN stripped)
  [7397/11794] 24149.sql -> outputs/stackoverflow_1gb/24149.txt  (7944 bytes, EXPLAIN stripped)
  [7398/11794] 24154.sql -> outputs/stackoverflow_1gb/24154.txt  (6345 bytes, EXPLAIN stripped)
  [7399/11794] 24159.sql -> outputs/stackoverflow_1gb/24159.txt  (6902 bytes, EXPLAIN stripped)
  [7400/11794] 24163.sql -> outputs/stackoverflow_1gb/24163.txt  (636 bytes, EXPLAIN stripped)
  [7401/11794] 24164.sql -> outputs/stackoverflow_1gb/24164.txt  (64925 bytes, EXPLAIN stripped)
  [7402/11794] 24165.sql -> outputs/stackoverflow_1gb/24165.txt  (183 bytes, EXPLAIN stripped)
  [7403/11794] 24168.sql -> outputs/stackoverflow_1gb/24168.txt  (720 bytes, EXPLAIN stripped)
  [7404/11794] 24181.sql -> outputs/stackoverflow_1gb/24181.txt  (177 bytes, EXPLAIN stripped)
  [7405/11794] 24183.sql -> outputs/stackoverflow_1gb/24183.txt  (65986 bytes, EXPLAIN stripped)
  [7406/11794] 24187.sql -> outputs/stackoverflow_1gb/24187.txt  (41632 bytes, EXPLAIN stripped)
  [7407/11794] 24190.sql -> outputs/stackoverflow_1gb/24190.txt  (506 bytes, EXPLAIN stripped)
  [7408/11794] 24199.sql -> outputs/stackoverflow_1gb/24199.txt  (7622 bytes, EXPLAIN stripped)
  [7409/11794] 24204.sql -> outputs/stackoverflow_1gb/24204.txt  (89 bytes, EXPLAIN stripped)
  [7410/11794] 24209.sql -> outputs/stackoverflow_1gb/24209.txt  (86921 bytes, EXPLAIN stripped)
  [7411/11794] 2421.sql -> outputs/stackoverflow_1gb/2421.txt  (847 bytes, EXPLAIN stripped)
  [7412/11794] 24212.sql -> outputs/stackoverflow_1gb/24212.txt  (32124 bytes, EXPLAIN stripped)
  [7413/11794] 24215.sql -> outputs/stackoverflow_1gb/24215.txt  (167 bytes, EXPLAIN stripped)
  [7414/11794] 24216.sql -> outputs/stackoverflow_1gb/24216.txt  (88 bytes, EXPLAIN stripped)
  [7415/11794] 24219.sql -> outputs/stackoverflow_1gb/24219.txt  (1365 bytes, EXPLAIN stripped)
  [7416/11794] 24220.sql -> outputs/stackoverflow_1gb/24220.txt  (137 bytes, EXPLAIN stripped)
  [7417/11794] 24223.sql -> outputs/stackoverflow_1gb/24223.txt  (93 bytes, EXPLAIN stripped)
  [7418/11794] 24229.sql -> outputs/stackoverflow_1gb/24229.txt  (5397 bytes, EXPLAIN stripped)
  [7419/11794] 24240.sql -> outputs/stackoverflow_1gb/24240.txt  (890 bytes, EXPLAIN stripped)
  [7420/11794] 24245.sql -> outputs/stackoverflow_1gb/24245.txt  (520 bytes, EXPLAIN stripped)
  [7421/11794] 24247.sql -> outputs/stackoverflow_1gb/24247.txt  (1310 bytes, EXPLAIN stripped)
  [7422/11794] 24258.sql -> outputs/stackoverflow_1gb/24258.txt  (1007 bytes, EXPLAIN stripped)
  [7423/11794] 24261.sql -> outputs/stackoverflow_1gb/24261.txt  (1124 bytes, EXPLAIN stripped)
  [7424/11794] 24277.sql -> outputs/stackoverflow_1gb/24277.txt  (73 bytes, EXPLAIN stripped)
  [7425/11794] 24283.sql -> outputs/stackoverflow_1gb/24283.txt  (4074 bytes, EXPLAIN stripped)
  [7426/11794] 24297.sql -> outputs/stackoverflow_1gb/24297.txt  (2936 bytes, EXPLAIN stripped)
  [7427/11794] 24299.sql -> outputs/stackoverflow_1gb/24299.txt  (103 bytes, EXPLAIN stripped)
  [7428/11794] 2430.sql -> outputs/stackoverflow_1gb/2430.txt  (1426 bytes, EXPLAIN stripped)
  [7429/11794] 24301.sql -> outputs/stackoverflow_1gb/24301.txt  (301 bytes, EXPLAIN stripped)
  [7430/11794] 24303.sql -> outputs/stackoverflow_1gb/24303.txt  (567 bytes, EXPLAIN stripped)
  [7431/11794] 24304.sql -> outputs/stackoverflow_1gb/24304.txt  (178 bytes, EXPLAIN stripped)
  [7432/11794] 24305.sql -> outputs/stackoverflow_1gb/24305.txt  (6681 bytes, EXPLAIN stripped)
  [7433/11794] 24313.sql -> outputs/stackoverflow_1gb/24313.txt  (349 bytes, EXPLAIN stripped)
  [7434/11794] 24317.sql -> outputs/stackoverflow_1gb/24317.txt  (186 bytes, EXPLAIN stripped)
  [7435/11794] 24339.sql -> outputs/stackoverflow_1gb/24339.txt  (1036 bytes, EXPLAIN stripped)
  [7436/11794] 24351.sql -> outputs/stackoverflow_1gb/24351.txt  (1478 bytes, EXPLAIN stripped)
  [7437/11794] 24362.sql -> outputs/stackoverflow_1gb/24362.txt  (367 bytes, EXPLAIN stripped)
  [7438/11794] 24368.sql -> outputs/stackoverflow_1gb/24368.txt  (3586 bytes, EXPLAIN stripped)
  [7439/11794] 24372.sql -> outputs/stackoverflow_1gb/24372.txt  (47103 bytes, EXPLAIN stripped)
  [7440/11794] 24373.sql -> outputs/stackoverflow_1gb/24373.txt  (13622 bytes, EXPLAIN stripped)
  [7441/11794] 24381.sql -> outputs/stackoverflow_1gb/24381.txt  (793 bytes, EXPLAIN stripped)
  [7442/11794] 24382.sql -> outputs/stackoverflow_1gb/24382.txt  (63712 bytes, EXPLAIN stripped)
  [7443/11794] 24393.sql -> outputs/stackoverflow_1gb/24393.txt  (1458 bytes, EXPLAIN stripped)
  [7444/11794] 2442.sql -> outputs/stackoverflow_1gb/2442.txt  (867 bytes, EXPLAIN stripped)
  [7445/11794] 24422.sql -> outputs/stackoverflow_1gb/24422.txt  (1296 bytes, EXPLAIN stripped)
  [7446/11794] 24424.sql -> outputs/stackoverflow_1gb/24424.txt  (106 bytes, EXPLAIN stripped)
  [7447/11794] 24427.sql -> outputs/stackoverflow_1gb/24427.txt  (112 bytes, EXPLAIN stripped)
  [7448/11794] 24431.sql -> outputs/stackoverflow_1gb/24431.txt  (58 bytes, EXPLAIN stripped)
  [7449/11794] 24432.sql -> outputs/stackoverflow_1gb/24432.txt  (3620 bytes, EXPLAIN stripped)
  [7450/11794] 2444.sql -> outputs/stackoverflow_1gb/2444.txt  (2408 bytes, EXPLAIN stripped)
  [7451/11794] 24440.sql -> outputs/stackoverflow_1gb/24440.txt  (3646 bytes, EXPLAIN stripped)
  [7452/11794] 24444.sql -> outputs/stackoverflow_1gb/24444.txt  (109 bytes, EXPLAIN stripped)
  [7453/11794] 24446.sql -> outputs/stackoverflow_1gb/24446.txt  (5048 bytes, EXPLAIN stripped)
  [7454/11794] 24454.sql -> outputs/stackoverflow_1gb/24454.txt  (170160 bytes, EXPLAIN stripped)
  [7455/11794] 24461.sql -> outputs/stackoverflow_1gb/24461.txt  (105 bytes, EXPLAIN stripped)
  [7456/11794] 24468.sql -> outputs/stackoverflow_1gb/24468.txt  (55555 bytes, EXPLAIN stripped)
  [7457/11794] 24493.sql -> outputs/stackoverflow_1gb/24493.txt  (5723 bytes, EXPLAIN stripped)
  [7458/11794] 24494.sql -> outputs/stackoverflow_1gb/24494.txt  (210 bytes, EXPLAIN stripped)
  [7459/11794] 24499.sql -> outputs/stackoverflow_1gb/24499.txt  (78901 bytes, EXPLAIN stripped)
  [7460/11794] 24500.sql -> outputs/stackoverflow_1gb/24500.txt  (2886 bytes, EXPLAIN stripped)
  [7461/11794] 24509.sql -> outputs/stackoverflow_1gb/24509.txt  (1544 bytes, EXPLAIN stripped)
  [7462/11794] 24512.sql -> outputs/stackoverflow_1gb/24512.txt  (123 bytes, EXPLAIN stripped)
  [7463/11794] 2452.sql -> outputs/stackoverflow_1gb/2452.txt  (111091 bytes, EXPLAIN stripped)
  [7464/11794] 24520.sql -> outputs/stackoverflow_1gb/24520.txt  (88 bytes, EXPLAIN stripped)
  [7465/11794] 24522.sql -> outputs/stackoverflow_1gb/24522.txt  (1626 bytes, EXPLAIN stripped)
  [7466/11794] 24526.sql -> outputs/stackoverflow_1gb/24526.txt  (2640 bytes, EXPLAIN stripped)
  [7467/11794] 2453.sql -> outputs/stackoverflow_1gb/2453.txt  (1243 bytes, EXPLAIN stripped)
  [7468/11794] 24531.sql -> outputs/stackoverflow_1gb/24531.txt  (37144 bytes, EXPLAIN stripped)
  [7469/11794] 24533.sql -> outputs/stackoverflow_1gb/24533.txt  (93 bytes, EXPLAIN stripped)
  [7470/11794] 24538.sql -> outputs/stackoverflow_1gb/24538.txt  (117 bytes, EXPLAIN stripped)
  [7471/11794] 24544.sql -> outputs/stackoverflow_1gb/24544.txt  (2513 bytes, EXPLAIN stripped)
  [7472/11794] 24546.sql -> outputs/stackoverflow_1gb/24546.txt  (54330 bytes, EXPLAIN stripped)
  [7473/11794] 2455.sql -> outputs/stackoverflow_1gb/2455.txt  (680 bytes, EXPLAIN stripped)
  [7474/11794] 24553.sql -> outputs/stackoverflow_1gb/24553.txt  (1076 bytes, EXPLAIN stripped)
  [7475/11794] 24555.sql -> outputs/stackoverflow_1gb/24555.txt  (1056 bytes, EXPLAIN stripped)
  [7476/11794] 24556.sql -> outputs/stackoverflow_1gb/24556.txt  (2315 bytes, EXPLAIN stripped)
  [7477/11794] 24565.sql -> outputs/stackoverflow_1gb/24565.txt  (466 bytes, EXPLAIN stripped)
  [7478/11794] 24577.sql -> outputs/stackoverflow_1gb/24577.txt  (118 bytes, EXPLAIN stripped)
  [7479/11794] 24581.sql -> outputs/stackoverflow_1gb/24581.txt  (42518 bytes, EXPLAIN stripped)
  [7480/11794] 24582.sql -> outputs/stackoverflow_1gb/24582.txt  (172 bytes, EXPLAIN stripped)
  [7481/11794] 2459.sql -> outputs/stackoverflow_1gb/2459.txt  (819 bytes, EXPLAIN stripped)
  [7482/11794] 24592.sql -> outputs/stackoverflow_1gb/24592.txt  (1367 bytes, EXPLAIN stripped)
  [7483/11794] 24594.sql -> outputs/stackoverflow_1gb/24594.txt  (158 bytes, EXPLAIN stripped)
  [7484/11794] 2460.sql -> outputs/stackoverflow_1gb/2460.txt  (93 bytes, EXPLAIN stripped)
  [7485/11794] 24601.sql -> outputs/stackoverflow_1gb/24601.txt  (5449 bytes, EXPLAIN stripped)
  [7486/11794] 24602.sql -> outputs/stackoverflow_1gb/24602.txt  (109 bytes, EXPLAIN stripped)
  [7487/11794] 24604.sql -> outputs/stackoverflow_1gb/24604.txt  (2501 bytes, EXPLAIN stripped)
  [7488/11794] 24608.sql -> outputs/stackoverflow_1gb/24608.txt  (95 bytes, EXPLAIN stripped)
  [7489/11794] 24609.sql -> outputs/stackoverflow_1gb/24609.txt  (1777 bytes, EXPLAIN stripped)
  [7490/11794] 2461.sql -> outputs/stackoverflow_1gb/2461.txt  (38591 bytes, EXPLAIN stripped)
  [7491/11794] 24610.sql -> outputs/stackoverflow_1gb/24610.txt  (105 bytes, EXPLAIN stripped)
  [7492/11794] 24620.sql -> outputs/stackoverflow_1gb/24620.txt  (3802 bytes, EXPLAIN stripped)
  [7493/11794] 24622.sql -> outputs/stackoverflow_1gb/24622.txt  (87944 bytes, EXPLAIN stripped)
  [7494/11794] 24628.sql -> outputs/stackoverflow_1gb/24628.txt  (77014 bytes, EXPLAIN stripped)
  [7495/11794] 24632.sql -> outputs/stackoverflow_1gb/24632.txt  (204 bytes, EXPLAIN stripped)
  [7496/11794] 24635.sql -> outputs/stackoverflow_1gb/24635.txt  (103 bytes, EXPLAIN stripped)
  [7497/11794] 24637.sql -> outputs/stackoverflow_1gb/24637.txt  (23227 bytes, EXPLAIN stripped)
  [7498/11794] 24647.sql -> outputs/stackoverflow_1gb/24647.txt  (995 bytes, EXPLAIN stripped)
  [7499/11794] 24651.sql -> outputs/stackoverflow_1gb/24651.txt  (1164 bytes, EXPLAIN stripped)
  [7500/11794] 24653.sql -> outputs/stackoverflow_1gb/24653.txt  (3901977 bytes, EXPLAIN stripped)
  [7501/11794] 24657.sql -> outputs/stackoverflow_1gb/24657.txt  (103347 bytes, EXPLAIN stripped)
  [7502/11794] 24664.sql -> outputs/stackoverflow_1gb/24664.txt  (6824 bytes, EXPLAIN stripped)
  [7503/11794] 24666.sql -> outputs/stackoverflow_1gb/24666.txt  (614 bytes, EXPLAIN stripped)
  [7504/11794] 24667.sql -> outputs/stackoverflow_1gb/24667.txt  (503 bytes, EXPLAIN stripped)
  [7505/11794] 24671.sql -> outputs/stackoverflow_1gb/24671.txt  (174 bytes, EXPLAIN stripped)
  [7506/11794] 24699.sql -> outputs/stackoverflow_1gb/24699.txt  (125 bytes, EXPLAIN stripped)
  [7507/11794] 24700.sql -> outputs/stackoverflow_1gb/24700.txt  (103 bytes, EXPLAIN stripped)
  [7508/11794] 24704.sql -> outputs/stackoverflow_1gb/24704.txt  (597 bytes, EXPLAIN stripped)
  [7509/11794] 24705.sql -> outputs/stackoverflow_1gb/24705.txt  (1178 bytes, EXPLAIN stripped)
  [7510/11794] 24710.sql -> outputs/stackoverflow_1gb/24710.txt  (809 bytes, EXPLAIN stripped)
  [7511/11794] 24713.sql -> outputs/stackoverflow_1gb/24713.txt  (991 bytes, EXPLAIN stripped)
  [7512/11794] 24714.sql -> outputs/stackoverflow_1gb/24714.txt  (122180 bytes, EXPLAIN stripped)
  [7513/11794] 24730.sql -> outputs/stackoverflow_1gb/24730.txt  (6240 bytes, EXPLAIN stripped)
  [7514/11794] 24731.sql -> outputs/stackoverflow_1gb/24731.txt  (205 bytes, EXPLAIN stripped)
  [7515/11794] 24734.sql -> outputs/stackoverflow_1gb/24734.txt  (160 bytes, EXPLAIN stripped)
  [7516/11794] 24737.sql -> outputs/stackoverflow_1gb/24737.txt  (5534 bytes, EXPLAIN stripped)
  [7517/11794] 24742.sql -> outputs/stackoverflow_1gb/24742.txt  (2414 bytes, EXPLAIN stripped)
  [7518/11794] 24744.sql -> outputs/stackoverflow_1gb/24744.txt  (101 bytes, EXPLAIN stripped)
  [7519/11794] 24751.sql -> outputs/stackoverflow_1gb/24751.txt  (1509 bytes, EXPLAIN stripped)
  [7520/11794] 24758.sql -> outputs/stackoverflow_1gb/24758.txt  (115 bytes, EXPLAIN stripped)
  [7521/11794] 24761.sql -> outputs/stackoverflow_1gb/24761.txt  (412 bytes, EXPLAIN stripped)
  [7522/11794] 24763.sql -> outputs/stackoverflow_1gb/24763.txt  (153 bytes, EXPLAIN stripped)
  [7523/11794] 24773.sql -> outputs/stackoverflow_1gb/24773.txt  (4478 bytes, EXPLAIN stripped)
  [7524/11794] 24777.sql -> outputs/stackoverflow_1gb/24777.txt  (115 bytes, EXPLAIN stripped)
  [7525/11794] 24792.sql -> outputs/stackoverflow_1gb/24792.txt  (339 bytes, EXPLAIN stripped)
  [7526/11794] 24801.sql -> outputs/stackoverflow_1gb/24801.txt  (5516 bytes, EXPLAIN stripped)
  [7527/11794] 24805.sql -> outputs/stackoverflow_1gb/24805.txt  (85 bytes, EXPLAIN stripped)
  [7528/11794] 24811.sql -> outputs/stackoverflow_1gb/24811.txt  (139059 bytes, EXPLAIN stripped)
  [7529/11794] 24823.sql -> outputs/stackoverflow_1gb/24823.txt  (738 bytes, EXPLAIN stripped)
  [7530/11794] 24824.sql -> outputs/stackoverflow_1gb/24824.txt  (189 bytes, EXPLAIN stripped)
  [7531/11794] 24837.sql -> outputs/stackoverflow_1gb/24837.txt  (5718 bytes, EXPLAIN stripped)
  [7532/11794] 24848.sql -> outputs/stackoverflow_1gb/24848.txt  (7411 bytes, EXPLAIN stripped)
  [7533/11794] 2485.sql -> outputs/stackoverflow_1gb/2485.txt  (707 bytes, EXPLAIN stripped)
  [7534/11794] 24850.sql -> outputs/stackoverflow_1gb/24850.txt  (902 bytes, EXPLAIN stripped)
  [7535/11794] 24853.sql -> outputs/stackoverflow_1gb/24853.txt  (1673 bytes, EXPLAIN stripped)
  [7536/11794] 24854.sql -> outputs/stackoverflow_1gb/24854.txt  (22551 bytes, EXPLAIN stripped)
  [7537/11794] 24855.sql -> outputs/stackoverflow_1gb/24855.txt  (4638 bytes, EXPLAIN stripped)
  [7538/11794] 24856.sql -> outputs/stackoverflow_1gb/24856.txt  (65 bytes, EXPLAIN stripped)
  [7539/11794] 24864.sql -> outputs/stackoverflow_1gb/24864.txt  (421 bytes, EXPLAIN stripped)
  [7540/11794] 24866.sql -> outputs/stackoverflow_1gb/24866.txt  (7708 bytes, EXPLAIN stripped)
  [7541/11794] 24867.sql -> outputs/stackoverflow_1gb/24867.txt  (256 bytes, EXPLAIN stripped)
  [7542/11794] 2487.sql -> outputs/stackoverflow_1gb/2487.txt  (123207 bytes, EXPLAIN stripped)
  [7543/11794] 24878.sql -> outputs/stackoverflow_1gb/24878.txt  (39477 bytes, EXPLAIN stripped)
  [7544/11794] 24889.sql -> outputs/stackoverflow_1gb/24889.txt  (79332 bytes, EXPLAIN stripped)
  [7545/11794] 24897.sql -> outputs/stackoverflow_1gb/24897.txt  (1147 bytes, EXPLAIN stripped)
  [7546/11794] 249.sql -> outputs/stackoverflow_1gb/249.txt  (5162 bytes, EXPLAIN stripped)
  [7547/11794] 2490.sql -> outputs/stackoverflow_1gb/2490.txt  (1967 bytes, EXPLAIN stripped)
  [7548/11794] 24920.sql -> outputs/stackoverflow_1gb/24920.txt  (50688 bytes, EXPLAIN stripped)
  [7549/11794] 24942.sql -> outputs/stackoverflow_1gb/24942.txt  (612 bytes, EXPLAIN stripped)
  [7550/11794] 24945.sql -> outputs/stackoverflow_1gb/24945.txt  (71 bytes, EXPLAIN stripped)
  [7551/11794] 24947.sql -> outputs/stackoverflow_1gb/24947.txt  (10091 bytes, EXPLAIN stripped)
  [7552/11794] 24954.sql -> outputs/stackoverflow_1gb/24954.txt  (79081 bytes, EXPLAIN stripped)
  [7553/11794] 24968.sql -> outputs/stackoverflow_1gb/24968.txt  (693 bytes, EXPLAIN stripped)
  [7554/11794] 24973.sql -> outputs/stackoverflow_1gb/24973.txt  (2287 bytes, EXPLAIN stripped)
  [7555/11794] 24981.sql -> outputs/stackoverflow_1gb/24981.txt  (91 bytes, EXPLAIN stripped)
  [7556/11794] 24986.sql -> outputs/stackoverflow_1gb/24986.txt  (95 bytes, EXPLAIN stripped)
  [7557/11794] 2499.sql -> outputs/stackoverflow_1gb/2499.txt  (103 bytes, EXPLAIN stripped)
  [7558/11794] 2500.sql -> outputs/stackoverflow_1gb/2500.txt  (468 bytes, EXPLAIN stripped)
  [7559/11794] 25000.sql -> outputs/stackoverflow_1gb/25000.txt  (341 bytes, EXPLAIN stripped)
  [7560/11794] 25002.sql -> outputs/stackoverflow_1gb/25002.txt  (56680 bytes, EXPLAIN stripped)
  [7561/11794] 25005.sql -> outputs/stackoverflow_1gb/25005.txt  (11304 bytes, EXPLAIN stripped)
  [7562/11794] 25011.sql -> outputs/stackoverflow_1gb/25011.txt  (269602 bytes, EXPLAIN stripped)
  [7563/11794] 25012.sql -> outputs/stackoverflow_1gb/25012.txt  (7335 bytes, EXPLAIN stripped)
  [7564/11794] 25018.sql -> outputs/stackoverflow_1gb/25018.txt  (6780 bytes, EXPLAIN stripped)
  [7565/11794] 25021.sql -> outputs/stackoverflow_1gb/25021.txt  (124193 bytes, EXPLAIN stripped)
  [7566/11794] 25027.sql -> outputs/stackoverflow_1gb/25027.txt  (49462 bytes, EXPLAIN stripped)
  [7567/11794] 25028.sql -> outputs/stackoverflow_1gb/25028.txt  (940 bytes, EXPLAIN stripped)
  [7568/11794] 25032.sql -> outputs/stackoverflow_1gb/25032.txt  (34798 bytes, EXPLAIN stripped)
  [7569/11794] 25034.sql -> outputs/stackoverflow_1gb/25034.txt  (48714 bytes, EXPLAIN stripped)
  [7570/11794] 25041.sql -> outputs/stackoverflow_1gb/25041.txt  (97 bytes, EXPLAIN stripped)
  [7571/11794] 25048.sql -> outputs/stackoverflow_1gb/25048.txt  (100810 bytes, EXPLAIN stripped)
  [7572/11794] 25050.sql -> outputs/stackoverflow_1gb/25050.txt  (114 bytes, EXPLAIN stripped)
  [7573/11794] 25058.sql -> outputs/stackoverflow_1gb/25058.txt  (596 bytes, EXPLAIN stripped)
  [7574/11794] 25060.sql -> outputs/stackoverflow_1gb/25060.txt  (158 bytes, EXPLAIN stripped)
  [7575/11794] 25063.sql -> outputs/stackoverflow_1gb/25063.txt  (614 bytes, EXPLAIN stripped)
  [7576/11794] 2507.sql -> outputs/stackoverflow_1gb/2507.txt  (4030 bytes, EXPLAIN stripped)
  [7577/11794] 2509.sql -> outputs/stackoverflow_1gb/2509.txt  (502 bytes, EXPLAIN stripped)
  [7578/11794] 25096.sql -> outputs/stackoverflow_1gb/25096.txt  (68 bytes, EXPLAIN stripped)
  [7579/11794] 25098.sql -> outputs/stackoverflow_1gb/25098.txt  (1233 bytes, EXPLAIN stripped)
  [7580/11794] 2510.sql -> outputs/stackoverflow_1gb/2510.txt  (4025 bytes, EXPLAIN stripped)
  [7581/11794] 25111.sql -> outputs/stackoverflow_1gb/25111.txt  (114 bytes, EXPLAIN stripped)
  [7582/11794] 25114.sql -> outputs/stackoverflow_1gb/25114.txt  (7532 bytes, EXPLAIN stripped)
  [7583/11794] 25117.sql -> outputs/stackoverflow_1gb/25117.txt  (10818 bytes, EXPLAIN stripped)
  [7584/11794] 25119.sql -> outputs/stackoverflow_1gb/25119.txt  (43961 bytes, EXPLAIN stripped)
  [7585/11794] 25120.sql -> outputs/stackoverflow_1gb/25120.txt  (71669 bytes, EXPLAIN stripped)
  [7586/11794] 25126.sql -> outputs/stackoverflow_1gb/25126.txt  (1413 bytes, EXPLAIN stripped)
  [7587/11794] 25128.sql -> outputs/stackoverflow_1gb/25128.txt  (126 bytes, EXPLAIN stripped)
  [7588/11794] 25134.sql -> outputs/stackoverflow_1gb/25134.txt  (70967 bytes, EXPLAIN stripped)
  [7589/11794] 25142.sql -> outputs/stackoverflow_1gb/25142.txt  (83522 bytes, EXPLAIN stripped)
  [7590/11794] 25144.sql -> outputs/stackoverflow_1gb/25144.txt  (15532 bytes, EXPLAIN stripped)
  [7591/11794] 2515.sql -> outputs/stackoverflow_1gb/2515.txt  (3136 bytes, EXPLAIN stripped)
  [7592/11794] 25154.sql -> outputs/stackoverflow_1gb/25154.txt  (80 bytes, EXPLAIN stripped)
  [7593/11794] 2516.sql -> outputs/stackoverflow_1gb/2516.txt  (5630 bytes, EXPLAIN stripped)
  [7594/11794] 25162.sql -> outputs/stackoverflow_1gb/25162.txt  (108 bytes, EXPLAIN stripped)
  [7595/11794] 25163.sql -> outputs/stackoverflow_1gb/25163.txt  (1251 bytes, EXPLAIN stripped)
  [7596/11794] 25167.sql -> outputs/stackoverflow_1gb/25167.txt  (73050 bytes, EXPLAIN stripped)
  [7597/11794] 25168.sql -> outputs/stackoverflow_1gb/25168.txt  (1211 bytes, EXPLAIN stripped)
  [7598/11794] 25172.sql -> outputs/stackoverflow_1gb/25172.txt  (106 bytes, EXPLAIN stripped)
  [7599/11794] 25173.sql -> outputs/stackoverflow_1gb/25173.txt  (52506 bytes, EXPLAIN stripped)
  [7600/11794] 25191.sql -> outputs/stackoverflow_1gb/25191.txt  (6334 bytes, EXPLAIN stripped)
  [7601/11794] 25196.sql -> outputs/stackoverflow_1gb/25196.txt  (11554 bytes, EXPLAIN stripped)
  [7602/11794] 25198.sql -> outputs/stackoverflow_1gb/25198.txt  (124632 bytes, EXPLAIN stripped)
  [7603/11794] 252.sql -> outputs/stackoverflow_1gb/252.txt  (673 bytes, EXPLAIN stripped)
  [7604/11794] 2520.sql -> outputs/stackoverflow_1gb/2520.txt  (654 bytes, EXPLAIN stripped)
  [7605/11794] 25201.sql -> outputs/stackoverflow_1gb/25201.txt  (38361 bytes, EXPLAIN stripped)
  [7606/11794] 25209.sql -> outputs/stackoverflow_1gb/25209.txt  (1607 bytes, EXPLAIN stripped)
  [7607/11794] 2521.sql -> outputs/stackoverflow_1gb/2521.txt  (14183 bytes, EXPLAIN stripped)
  [7608/11794] 25221.sql -> outputs/stackoverflow_1gb/25221.txt  (108 bytes, EXPLAIN stripped)
  [7609/11794] 25228.sql -> outputs/stackoverflow_1gb/25228.txt  (3866 bytes, EXPLAIN stripped)
  [7610/11794] 25231.sql -> outputs/stackoverflow_1gb/25231.txt  (501 bytes, EXPLAIN stripped)
  [7611/11794] 25238.sql -> outputs/stackoverflow_1gb/25238.txt  (76305 bytes, EXPLAIN stripped)
  [7612/11794] 25254.sql -> outputs/stackoverflow_1gb/25254.txt  (9588 bytes, EXPLAIN stripped)
  [7613/11794] 25258.sql -> outputs/stackoverflow_1gb/25258.txt  (1253 bytes, EXPLAIN stripped)
  [7614/11794] 25270.sql -> outputs/stackoverflow_1gb/25270.txt  (71863 bytes, EXPLAIN stripped)
  [7615/11794] 25272.sql -> outputs/stackoverflow_1gb/25272.txt  (98619 bytes, EXPLAIN stripped)
  [7616/11794] 25276.sql -> outputs/stackoverflow_1gb/25276.txt  (324 bytes, EXPLAIN stripped)
  [7617/11794] 25284.sql -> outputs/stackoverflow_1gb/25284.txt  (975 bytes, EXPLAIN stripped)
  [7618/11794] 25301.sql -> outputs/stackoverflow_1gb/25301.txt  (1577 bytes, EXPLAIN stripped)
  [7619/11794] 2531.sql -> outputs/stackoverflow_1gb/2531.txt  (172 bytes, EXPLAIN stripped)
  [7620/11794] 25319.sql -> outputs/stackoverflow_1gb/25319.txt  (156 bytes, EXPLAIN stripped)
  [7621/11794] 25335.sql -> outputs/stackoverflow_1gb/25335.txt  (3184 bytes, EXPLAIN stripped)
  [7622/11794] 25339.sql -> outputs/stackoverflow_1gb/25339.txt  (7428 bytes, EXPLAIN stripped)
  [7623/11794] 25340.sql -> outputs/stackoverflow_1gb/25340.txt  (72488 bytes, EXPLAIN stripped)
  [7624/11794] 25342.sql -> outputs/stackoverflow_1gb/25342.txt  (1738 bytes, EXPLAIN stripped)
  [7625/11794] 25346.sql -> outputs/stackoverflow_1gb/25346.txt  (1943 bytes, EXPLAIN stripped)
  [7626/11794] 25352.sql -> outputs/stackoverflow_1gb/25352.txt  (199 bytes, EXPLAIN stripped)
  [7627/11794] 25357.sql -> outputs/stackoverflow_1gb/25357.txt  (173702 bytes, EXPLAIN stripped)
  [7628/11794] 25360.sql -> outputs/stackoverflow_1gb/25360.txt  (77935 bytes, EXPLAIN stripped)
  [7629/11794] 2537.sql -> outputs/stackoverflow_1gb/2537.txt  (23916 bytes, EXPLAIN stripped)
  [7630/11794] 25392.sql -> outputs/stackoverflow_1gb/25392.txt  (66232 bytes, EXPLAIN stripped)
  [7631/11794] 25396.sql -> outputs/stackoverflow_1gb/25396.txt  (30677 bytes, EXPLAIN stripped)
  [7632/11794] 2540.sql -> outputs/stackoverflow_1gb/2540.txt  (1047 bytes, EXPLAIN stripped)
  [7633/11794] 25404.sql -> outputs/stackoverflow_1gb/25404.txt  (817 bytes, EXPLAIN stripped)
  [7634/11794] 25408.sql -> outputs/stackoverflow_1gb/25408.txt  (79119 bytes, EXPLAIN stripped)
  [7635/11794] 2543.sql -> outputs/stackoverflow_1gb/2543.txt  (120 bytes, EXPLAIN stripped)
  [7636/11794] 25433.sql -> outputs/stackoverflow_1gb/25433.txt  (192 bytes, EXPLAIN stripped)
  [7637/11794] 25437.sql -> outputs/stackoverflow_1gb/25437.txt  (17820 bytes, EXPLAIN stripped)
  [7638/11794] 25439.sql -> outputs/stackoverflow_1gb/25439.txt  (744 bytes, EXPLAIN stripped)
  [7639/11794] 25441.sql -> outputs/stackoverflow_1gb/25441.txt  (140175 bytes, EXPLAIN stripped)
  [7640/11794] 25445.sql -> outputs/stackoverflow_1gb/25445.txt  (95123 bytes, EXPLAIN stripped)
  [7641/11794] 25446.sql -> outputs/stackoverflow_1gb/25446.txt  (85 bytes, EXPLAIN stripped)
  [7642/11794] 25452.sql -> outputs/stackoverflow_1gb/25452.txt  (3287 bytes, EXPLAIN stripped)
  [7643/11794] 25453.sql -> outputs/stackoverflow_1gb/25453.txt  (82379 bytes, EXPLAIN stripped)
  [7644/11794] 25458.sql -> outputs/stackoverflow_1gb/25458.txt  (38959 bytes, EXPLAIN stripped)
  [7645/11794] 2546.sql -> outputs/stackoverflow_1gb/2546.txt  (11293 bytes, EXPLAIN stripped)
  [7646/11794] FAILED 25460.sql (see outputs/stackoverflow_1gb/25460.txt)
  [7647/11794] 25467.sql -> outputs/stackoverflow_1gb/25467.txt  (7421 bytes, EXPLAIN stripped)
  [7648/11794] 25471.sql -> outputs/stackoverflow_1gb/25471.txt  (1818 bytes, EXPLAIN stripped)
  [7649/11794] 25498.sql -> outputs/stackoverflow_1gb/25498.txt  (60847 bytes, EXPLAIN stripped)
  [7650/11794] 255.sql -> outputs/stackoverflow_1gb/255.txt  (1695 bytes, EXPLAIN stripped)
  [7651/11794] 25507.sql -> outputs/stackoverflow_1gb/25507.txt  (74307 bytes, EXPLAIN stripped)
  [7652/11794] 2551.sql -> outputs/stackoverflow_1gb/2551.txt  (818 bytes, EXPLAIN stripped)
  [7653/11794] 25510.sql -> outputs/stackoverflow_1gb/25510.txt  (1311 bytes, EXPLAIN stripped)
  [7654/11794] 25514.sql -> outputs/stackoverflow_1gb/25514.txt  (100 bytes, EXPLAIN stripped)
  [7655/11794] 25518.sql -> outputs/stackoverflow_1gb/25518.txt  (1824 bytes, EXPLAIN stripped)
  [7656/11794] 25522.sql -> outputs/stackoverflow_1gb/25522.txt  (1447 bytes, EXPLAIN stripped)
  [7657/11794] 25526.sql -> outputs/stackoverflow_1gb/25526.txt  (48896 bytes, EXPLAIN stripped)
  [7658/11794] 25541.sql -> outputs/stackoverflow_1gb/25541.txt  (35701 bytes, EXPLAIN stripped)
  [7659/11794] 25546.sql -> outputs/stackoverflow_1gb/25546.txt  (153 bytes, EXPLAIN stripped)
  [7660/11794] 25550.sql -> outputs/stackoverflow_1gb/25550.txt  (82316 bytes, EXPLAIN stripped)
  [7661/11794] 25554.sql -> outputs/stackoverflow_1gb/25554.txt  (20779 bytes, EXPLAIN stripped)
  [7662/11794] 25562.sql -> outputs/stackoverflow_1gb/25562.txt  (608 bytes, EXPLAIN stripped)
  [7663/11794] 25567.sql -> outputs/stackoverflow_1gb/25567.txt  (3696 bytes, EXPLAIN stripped)
  [7664/11794] 25569.sql -> outputs/stackoverflow_1gb/25569.txt  (14141 bytes, EXPLAIN stripped)
  [7665/11794] 2557.sql -> outputs/stackoverflow_1gb/2557.txt  (1123 bytes, EXPLAIN stripped)
  [7666/11794] 25570.sql -> outputs/stackoverflow_1gb/25570.txt  (98 bytes, EXPLAIN stripped)
  [7667/11794] 25571.sql -> outputs/stackoverflow_1gb/25571.txt  (858 bytes, EXPLAIN stripped)
  [7668/11794] 25576.sql -> outputs/stackoverflow_1gb/25576.txt  (1141 bytes, EXPLAIN stripped)
  [7669/11794] 25579.sql -> outputs/stackoverflow_1gb/25579.txt  (567 bytes, EXPLAIN stripped)
  [7670/11794] 25580.sql -> outputs/stackoverflow_1gb/25580.txt  (851 bytes, EXPLAIN stripped)
  [7671/11794] 25587.sql -> outputs/stackoverflow_1gb/25587.txt  (48927 bytes, EXPLAIN stripped)
  [7672/11794] 2559.sql -> outputs/stackoverflow_1gb/2559.txt  (568 bytes, EXPLAIN stripped)
  [7673/11794] 25603.sql -> outputs/stackoverflow_1gb/25603.txt  (27145 bytes, EXPLAIN stripped)
  [7674/11794] 2561.sql -> outputs/stackoverflow_1gb/2561.txt  (85271 bytes, EXPLAIN stripped)
  [7675/11794] 25611.sql -> outputs/stackoverflow_1gb/25611.txt  (38742 bytes, EXPLAIN stripped)
  [7676/11794] 25617.sql -> outputs/stackoverflow_1gb/25617.txt  (28030 bytes, EXPLAIN stripped)
  [7677/11794] 2562.sql -> outputs/stackoverflow_1gb/2562.txt  (800 bytes, EXPLAIN stripped)
  [7678/11794] 25620.sql -> outputs/stackoverflow_1gb/25620.txt  (114358 bytes, EXPLAIN stripped)
  [7679/11794] 25628.sql -> outputs/stackoverflow_1gb/25628.txt  (2820 bytes, EXPLAIN stripped)
  [7680/11794] 25659.sql -> outputs/stackoverflow_1gb/25659.txt  (2072 bytes, EXPLAIN stripped)
  [7681/11794] 25661.sql -> outputs/stackoverflow_1gb/25661.txt  (853 bytes, EXPLAIN stripped)
  [7682/11794] 25667.sql -> outputs/stackoverflow_1gb/25667.txt  (493 bytes, EXPLAIN stripped)
  [7683/11794] 25670.sql -> outputs/stackoverflow_1gb/25670.txt  (54977 bytes, EXPLAIN stripped)
  [7684/11794] 25679.sql -> outputs/stackoverflow_1gb/25679.txt  (756 bytes, EXPLAIN stripped)
  [7685/11794] 25680.sql -> outputs/stackoverflow_1gb/25680.txt  (18988 bytes, EXPLAIN stripped)
  [7686/11794] 25681.sql -> outputs/stackoverflow_1gb/25681.txt  (100 bytes, EXPLAIN stripped)
  [7687/11794] 25687.sql -> outputs/stackoverflow_1gb/25687.txt  (8744 bytes, EXPLAIN stripped)
  [7688/11794] 2569.sql -> outputs/stackoverflow_1gb/2569.txt  (107 bytes, EXPLAIN stripped)
  [7689/11794] 25706.sql -> outputs/stackoverflow_1gb/25706.txt  (69614 bytes, EXPLAIN stripped)
  [7690/11794] 25709.sql -> outputs/stackoverflow_1gb/25709.txt  (518 bytes, EXPLAIN stripped)
  [7691/11794] 2571.sql -> outputs/stackoverflow_1gb/2571.txt  (145 bytes, EXPLAIN stripped)
  [7692/11794] 25711.sql -> outputs/stackoverflow_1gb/25711.txt  (124 bytes, EXPLAIN stripped)
  [7693/11794] 25717.sql -> outputs/stackoverflow_1gb/25717.txt  (15891 bytes, EXPLAIN stripped)
  [7694/11794] 25718.sql -> outputs/stackoverflow_1gb/25718.txt  (51242 bytes, EXPLAIN stripped)
  [7695/11794] 25728.sql -> outputs/stackoverflow_1gb/25728.txt  (3763 bytes, EXPLAIN stripped)
  [7696/11794] 25737.sql -> outputs/stackoverflow_1gb/25737.txt  (775 bytes, EXPLAIN stripped)
  [7697/11794] 2574.sql -> outputs/stackoverflow_1gb/2574.txt  (292 bytes, EXPLAIN stripped)
  [7698/11794] 25748.sql -> outputs/stackoverflow_1gb/25748.txt  (1230 bytes, EXPLAIN stripped)
  [7699/11794] 2575.sql -> outputs/stackoverflow_1gb/2575.txt  (33069 bytes, EXPLAIN stripped)
  [7700/11794] 25750.sql -> outputs/stackoverflow_1gb/25750.txt  (2650 bytes, EXPLAIN stripped)
  [7701/11794] 25755.sql -> outputs/stackoverflow_1gb/25755.txt  (14819 bytes, EXPLAIN stripped)
  [7702/11794] 25760.sql -> outputs/stackoverflow_1gb/25760.txt  (131480 bytes, EXPLAIN stripped)
  [7703/11794] 25766.sql -> outputs/stackoverflow_1gb/25766.txt  (887 bytes, EXPLAIN stripped)
  [7704/11794] 25770.sql -> outputs/stackoverflow_1gb/25770.txt  (13171 bytes, EXPLAIN stripped)
  [7705/11794] 25771.sql -> outputs/stackoverflow_1gb/25771.txt  (44559 bytes, EXPLAIN stripped)
  [7706/11794] 25774.sql -> outputs/stackoverflow_1gb/25774.txt  (83298 bytes, EXPLAIN stripped)
  [7707/11794] 25784.sql -> outputs/stackoverflow_1gb/25784.txt  (246 bytes, EXPLAIN stripped)
  [7708/11794] 25788.sql -> outputs/stackoverflow_1gb/25788.txt  (835 bytes, EXPLAIN stripped)
  [7709/11794] 25795.sql -> outputs/stackoverflow_1gb/25795.txt  (57788 bytes, EXPLAIN stripped)
  [7710/11794] 25798.sql -> outputs/stackoverflow_1gb/25798.txt  (700 bytes, EXPLAIN stripped)
  [7711/11794] 25800.sql -> outputs/stackoverflow_1gb/25800.txt  (15115 bytes, EXPLAIN stripped)
  [7712/11794] 25805.sql -> outputs/stackoverflow_1gb/25805.txt  (686 bytes, EXPLAIN stripped)
  [7713/11794] 25806.sql -> outputs/stackoverflow_1gb/25806.txt  (743 bytes, EXPLAIN stripped)
  [7714/11794] 25812.sql -> outputs/stackoverflow_1gb/25812.txt  (48167 bytes, EXPLAIN stripped)
  [7715/11794] 2582.sql -> outputs/stackoverflow_1gb/2582.txt  (36182 bytes, EXPLAIN stripped)
  [7716/11794] 25821.sql -> outputs/stackoverflow_1gb/25821.txt  (907 bytes, EXPLAIN stripped)
  [7717/11794] 25827.sql -> outputs/stackoverflow_1gb/25827.txt  (45753 bytes, EXPLAIN stripped)
  [7718/11794] 25837.sql -> outputs/stackoverflow_1gb/25837.txt  (87925 bytes, EXPLAIN stripped)
  [7719/11794] 25839.sql -> outputs/stackoverflow_1gb/25839.txt  (78039 bytes, EXPLAIN stripped)
  [7720/11794] 2584.sql -> outputs/stackoverflow_1gb/2584.txt  (1303 bytes, EXPLAIN stripped)
  [7721/11794] 25841.sql -> outputs/stackoverflow_1gb/25841.txt  (107420 bytes, EXPLAIN stripped)
  [7722/11794] 25847.sql -> outputs/stackoverflow_1gb/25847.txt  (1378 bytes, EXPLAIN stripped)
  [7723/11794] 25848.sql -> outputs/stackoverflow_1gb/25848.txt  (156994 bytes, EXPLAIN stripped)
  [7724/11794] 25857.sql -> outputs/stackoverflow_1gb/25857.txt  (1381 bytes, EXPLAIN stripped)
  [7725/11794] 25859.sql -> outputs/stackoverflow_1gb/25859.txt  (200 bytes, EXPLAIN stripped)
  [7726/11794] 25861.sql -> outputs/stackoverflow_1gb/25861.txt  (90375 bytes, EXPLAIN stripped)
  [7727/11794] 25866.sql -> outputs/stackoverflow_1gb/25866.txt  (823 bytes, EXPLAIN stripped)
  [7728/11794] 25882.sql -> outputs/stackoverflow_1gb/25882.txt  (67 bytes, EXPLAIN stripped)
  [7729/11794] 25885.sql -> outputs/stackoverflow_1gb/25885.txt  (706 bytes, EXPLAIN stripped)
  [7730/11794] 25913.sql -> outputs/stackoverflow_1gb/25913.txt  (121 bytes, EXPLAIN stripped)
  [7731/11794] 25914.sql -> outputs/stackoverflow_1gb/25914.txt  (58310 bytes, EXPLAIN stripped)
  [7732/11794] 25918.sql -> outputs/stackoverflow_1gb/25918.txt  (6094 bytes, EXPLAIN stripped)
  [7733/11794] 2592.sql -> outputs/stackoverflow_1gb/2592.txt  (3397 bytes, EXPLAIN stripped)
  [7734/11794] 25928.sql -> outputs/stackoverflow_1gb/25928.txt  (8914 bytes, EXPLAIN stripped)
  [7735/11794] 25937.sql -> outputs/stackoverflow_1gb/25937.txt  (35236 bytes, EXPLAIN stripped)
  [7736/11794] 25939.sql -> outputs/stackoverflow_1gb/25939.txt  (1465 bytes, EXPLAIN stripped)
  [7737/11794] 25941.sql -> outputs/stackoverflow_1gb/25941.txt  (18394 bytes, EXPLAIN stripped)
  [7738/11794] 25942.sql -> outputs/stackoverflow_1gb/25942.txt  (83 bytes, EXPLAIN stripped)
  [7739/11794] 25958.sql -> outputs/stackoverflow_1gb/25958.txt  (109 bytes, EXPLAIN stripped)
  [7740/11794] 2596.sql -> outputs/stackoverflow_1gb/2596.txt  (653 bytes, EXPLAIN stripped)
  [7741/11794] 25963.sql -> outputs/stackoverflow_1gb/25963.txt  (132 bytes, EXPLAIN stripped)
  [7742/11794] 25967.sql -> outputs/stackoverflow_1gb/25967.txt  (15275 bytes, EXPLAIN stripped)
  [7743/11794] 25977.sql -> outputs/stackoverflow_1gb/25977.txt  (167018 bytes, EXPLAIN stripped)
  [7744/11794] 2598.sql -> outputs/stackoverflow_1gb/2598.txt  (1349 bytes, EXPLAIN stripped)
  [7745/11794] 25981.sql -> outputs/stackoverflow_1gb/25981.txt  (92944 bytes, EXPLAIN stripped)
  [7746/11794] 25982.sql -> outputs/stackoverflow_1gb/25982.txt  (50651 bytes, EXPLAIN stripped)
  [7747/11794] 25989.sql -> outputs/stackoverflow_1gb/25989.txt  (21722 bytes, EXPLAIN stripped)
  [7748/11794] 25990.sql -> outputs/stackoverflow_1gb/25990.txt  (53906 bytes, EXPLAIN stripped)
  [7749/11794] 25996.sql -> outputs/stackoverflow_1gb/25996.txt  (2959 bytes, EXPLAIN stripped)
  [7750/11794] 26.sql -> outputs/stackoverflow_1gb/26.txt  (23538 bytes, EXPLAIN stripped)
  [7751/11794] 26011.sql -> outputs/stackoverflow_1gb/26011.txt  (163278 bytes, EXPLAIN stripped)
  [7752/11794] 26014.sql -> outputs/stackoverflow_1gb/26014.txt  (3211 bytes, EXPLAIN stripped)
  [7753/11794] 26028.sql -> outputs/stackoverflow_1gb/26028.txt  (620 bytes, EXPLAIN stripped)
  [7754/11794] 2603.sql -> outputs/stackoverflow_1gb/2603.txt  (114 bytes, EXPLAIN stripped)
  [7755/11794] 26034.sql -> outputs/stackoverflow_1gb/26034.txt  (83 bytes, EXPLAIN stripped)
  [7756/11794] 2604.sql -> outputs/stackoverflow_1gb/2604.txt  (11555 bytes, EXPLAIN stripped)
  [7757/11794] 26048.sql -> outputs/stackoverflow_1gb/26048.txt  (1702 bytes, EXPLAIN stripped)
  [7758/11794] 26058.sql -> outputs/stackoverflow_1gb/26058.txt  (60 bytes, EXPLAIN stripped)
  [7759/11794] 26076.sql -> outputs/stackoverflow_1gb/26076.txt  (163 bytes, EXPLAIN stripped)
  [7760/11794] 26089.sql -> outputs/stackoverflow_1gb/26089.txt  (1773 bytes, EXPLAIN stripped)
  [7761/11794] 2609.sql -> outputs/stackoverflow_1gb/2609.txt  (716 bytes, EXPLAIN stripped)
  [7762/11794] 26100.sql -> outputs/stackoverflow_1gb/26100.txt  (543 bytes, EXPLAIN stripped)
  [7763/11794] 26105.sql -> outputs/stackoverflow_1gb/26105.txt  (54876 bytes, EXPLAIN stripped)
  [7764/11794] 26109.sql -> outputs/stackoverflow_1gb/26109.txt  (2411 bytes, EXPLAIN stripped)
  [7765/11794] 2611.sql -> outputs/stackoverflow_1gb/2611.txt  (5096 bytes, EXPLAIN stripped)
  [7766/11794] 2612.sql -> outputs/stackoverflow_1gb/2612.txt  (5652 bytes, EXPLAIN stripped)
  [7767/11794] 26124.sql -> outputs/stackoverflow_1gb/26124.txt  (105 bytes, EXPLAIN stripped)
  [7768/11794] 2613.sql -> outputs/stackoverflow_1gb/2613.txt  (108 bytes, EXPLAIN stripped)
  [7769/11794] 26135.sql -> outputs/stackoverflow_1gb/26135.txt  (109838 bytes, EXPLAIN stripped)
  [7770/11794] 26142.sql -> outputs/stackoverflow_1gb/26142.txt  (4818 bytes, EXPLAIN stripped)
  [7771/11794] 26147.sql -> outputs/stackoverflow_1gb/26147.txt  (347 bytes, EXPLAIN stripped)
  [7772/11794] 26151.sql -> outputs/stackoverflow_1gb/26151.txt  (147731 bytes, EXPLAIN stripped)
  [7773/11794] 26152.sql -> outputs/stackoverflow_1gb/26152.txt  (1210 bytes, EXPLAIN stripped)
  [7774/11794] 26163.sql -> outputs/stackoverflow_1gb/26163.txt  (110470 bytes, EXPLAIN stripped)
  [7775/11794] 26169.sql -> outputs/stackoverflow_1gb/26169.txt  (701 bytes, EXPLAIN stripped)
  [7776/11794] 2617.sql -> outputs/stackoverflow_1gb/2617.txt  (115124 bytes, EXPLAIN stripped)
  [7777/11794] 26175.sql -> outputs/stackoverflow_1gb/26175.txt  (111163 bytes, EXPLAIN stripped)
  [7778/11794] 26177.sql -> outputs/stackoverflow_1gb/26177.txt  (127822 bytes, EXPLAIN stripped)
  [7779/11794] 26186.sql -> outputs/stackoverflow_1gb/26186.txt  (53996 bytes, EXPLAIN stripped)
  [7780/11794] 26191.sql -> outputs/stackoverflow_1gb/26191.txt  (1089 bytes, EXPLAIN stripped)
  [7781/11794] 26194.sql -> outputs/stackoverflow_1gb/26194.txt  (164089 bytes, EXPLAIN stripped)
  [7782/11794] 26199.sql -> outputs/stackoverflow_1gb/26199.txt  (5236 bytes, EXPLAIN stripped)
  [7783/11794] 26202.sql -> outputs/stackoverflow_1gb/26202.txt  (72537 bytes, EXPLAIN stripped)
  [7784/11794] 26206.sql -> outputs/stackoverflow_1gb/26206.txt  (706 bytes, EXPLAIN stripped)
  [7785/11794] 26209.sql -> outputs/stackoverflow_1gb/26209.txt  (4251 bytes, EXPLAIN stripped)
  [7786/11794] 26210.sql -> outputs/stackoverflow_1gb/26210.txt  (125041 bytes, EXPLAIN stripped)
  [7787/11794] 26212.sql -> outputs/stackoverflow_1gb/26212.txt  (2399 bytes, EXPLAIN stripped)
  [7788/11794] 26219.sql -> outputs/stackoverflow_1gb/26219.txt  (5374 bytes, EXPLAIN stripped)
  [7789/11794] 26221.sql -> outputs/stackoverflow_1gb/26221.txt  (104 bytes, EXPLAIN stripped)
  [7790/11794] 2623.sql -> outputs/stackoverflow_1gb/2623.txt  (11072 bytes, EXPLAIN stripped)
  [7791/11794] 26230.sql -> outputs/stackoverflow_1gb/26230.txt  (10951 bytes, EXPLAIN stripped)
  [7792/11794] 26235.sql -> outputs/stackoverflow_1gb/26235.txt  (3818 bytes, EXPLAIN stripped)
  [7793/11794] 26237.sql -> outputs/stackoverflow_1gb/26237.txt  (798 bytes, EXPLAIN stripped)
  [7794/11794] 26245.sql -> outputs/stackoverflow_1gb/26245.txt  (68441 bytes, EXPLAIN stripped)
  [7795/11794] 26246.sql -> outputs/stackoverflow_1gb/26246.txt  (1419 bytes, EXPLAIN stripped)
  [7796/11794] 26257.sql -> outputs/stackoverflow_1gb/26257.txt  (6649 bytes, EXPLAIN stripped)
  [7797/11794] 26268.sql -> outputs/stackoverflow_1gb/26268.txt  (17402 bytes, EXPLAIN stripped)
  [7798/11794] 26271.sql -> outputs/stackoverflow_1gb/26271.txt  (73306 bytes, EXPLAIN stripped)
  [7799/11794] 26274.sql -> outputs/stackoverflow_1gb/26274.txt  (4572 bytes, EXPLAIN stripped)
  [7800/11794] 26277.sql -> outputs/stackoverflow_1gb/26277.txt  (1210 bytes, EXPLAIN stripped)
  [7801/11794] 2628.sql -> outputs/stackoverflow_1gb/2628.txt  (45586 bytes, EXPLAIN stripped)
  [7802/11794] 26285.sql -> outputs/stackoverflow_1gb/26285.txt  (630 bytes, EXPLAIN stripped)
  [7803/11794] 263.sql -> outputs/stackoverflow_1gb/263.txt  (6269 bytes, EXPLAIN stripped)
  [7804/11794] 26304.sql -> outputs/stackoverflow_1gb/26304.txt  (132 bytes, EXPLAIN stripped)
  [7805/11794] 26306.sql -> outputs/stackoverflow_1gb/26306.txt  (86 bytes, EXPLAIN stripped)
  [7806/11794] 26314.sql -> outputs/stackoverflow_1gb/26314.txt  (1716 bytes, EXPLAIN stripped)
  [7807/11794] 26318.sql -> outputs/stackoverflow_1gb/26318.txt  (644 bytes, EXPLAIN stripped)
  [7808/11794] 2632.sql -> outputs/stackoverflow_1gb/2632.txt  (1245 bytes, EXPLAIN stripped)
  [7809/11794] 26323.sql -> outputs/stackoverflow_1gb/26323.txt  (59366 bytes, EXPLAIN stripped)
  [7810/11794] 26324.sql -> outputs/stackoverflow_1gb/26324.txt  (22989 bytes, EXPLAIN stripped)
  [7811/11794] 26327.sql -> outputs/stackoverflow_1gb/26327.txt  (613 bytes, EXPLAIN stripped)
  [7812/11794] 26335.sql -> outputs/stackoverflow_1gb/26335.txt  (34393 bytes, EXPLAIN stripped)
  [7813/11794] 26340.sql -> outputs/stackoverflow_1gb/26340.txt  (39129 bytes, EXPLAIN stripped)
  [7814/11794] 2635.sql -> outputs/stackoverflow_1gb/2635.txt  (88709 bytes, EXPLAIN stripped)
  [7815/11794] 26351.sql -> outputs/stackoverflow_1gb/26351.txt  (101593 bytes, EXPLAIN stripped)
  [7816/11794] 26355.sql -> outputs/stackoverflow_1gb/26355.txt  (13125 bytes, EXPLAIN stripped)
  [7817/11794] 26361.sql -> outputs/stackoverflow_1gb/26361.txt  (37189 bytes, EXPLAIN stripped)
  [7818/11794] 26365.sql -> outputs/stackoverflow_1gb/26365.txt  (5219 bytes, EXPLAIN stripped)
  [7819/11794] 26370.sql -> outputs/stackoverflow_1gb/26370.txt  (66 bytes, EXPLAIN stripped)
  [7820/11794] 26374.sql -> outputs/stackoverflow_1gb/26374.txt  (402 bytes, EXPLAIN stripped)
  [7821/11794] 2638.sql -> outputs/stackoverflow_1gb/2638.txt  (87 bytes, EXPLAIN stripped)
  [7822/11794] 26382.sql -> outputs/stackoverflow_1gb/26382.txt  (1250 bytes, EXPLAIN stripped)
  [7823/11794] 26388.sql -> outputs/stackoverflow_1gb/26388.txt  (964 bytes, EXPLAIN stripped)
  [7824/11794] 2640.sql -> outputs/stackoverflow_1gb/2640.txt  (1609 bytes, EXPLAIN stripped)
  [7825/11794] 26400.sql -> outputs/stackoverflow_1gb/26400.txt  (1307 bytes, EXPLAIN stripped)
  [7826/11794] 26401.sql -> outputs/stackoverflow_1gb/26401.txt  (76572 bytes, EXPLAIN stripped)
  [7827/11794] 26403.sql -> outputs/stackoverflow_1gb/26403.txt  (14392 bytes, EXPLAIN stripped)
  [7828/11794] 26408.sql -> outputs/stackoverflow_1gb/26408.txt  (104 bytes, EXPLAIN stripped)
  [7829/11794] 26414.sql -> outputs/stackoverflow_1gb/26414.txt  (481 bytes, EXPLAIN stripped)
  [7830/11794] 2642.sql -> outputs/stackoverflow_1gb/2642.txt  (66148 bytes, EXPLAIN stripped)
  [7831/11794] 26420.sql -> outputs/stackoverflow_1gb/26420.txt  (3234 bytes, EXPLAIN stripped)
  [7832/11794] 26429.sql -> outputs/stackoverflow_1gb/26429.txt  (47247 bytes, EXPLAIN stripped)
  [7833/11794] 26431.sql -> outputs/stackoverflow_1gb/26431.txt  (118214 bytes, EXPLAIN stripped)
  [7834/11794] 2644.sql -> outputs/stackoverflow_1gb/2644.txt  (80671 bytes, EXPLAIN stripped)
  [7835/11794] 26441.sql -> outputs/stackoverflow_1gb/26441.txt  (92403 bytes, EXPLAIN stripped)
  [7836/11794] 26450.sql -> outputs/stackoverflow_1gb/26450.txt  (117 bytes, EXPLAIN stripped)
  [7837/11794] 26462.sql -> outputs/stackoverflow_1gb/26462.txt  (122116 bytes, EXPLAIN stripped)
  [7838/11794] 26464.sql -> outputs/stackoverflow_1gb/26464.txt  (2431 bytes, EXPLAIN stripped)
  [7839/11794] 26465.sql -> outputs/stackoverflow_1gb/26465.txt  (2232 bytes, EXPLAIN stripped)
  [7840/11794] 26472.sql -> outputs/stackoverflow_1gb/26472.txt  (2942 bytes, EXPLAIN stripped)
  [7841/11794] 26476.sql -> outputs/stackoverflow_1gb/26476.txt  (1313 bytes, EXPLAIN stripped)
  [7842/11794] 2648.sql -> outputs/stackoverflow_1gb/2648.txt  (695 bytes, EXPLAIN stripped)
  [7843/11794] 26480.sql -> outputs/stackoverflow_1gb/26480.txt  (9152 bytes, EXPLAIN stripped)
  [7844/11794] 2649.sql -> outputs/stackoverflow_1gb/2649.txt  (43095 bytes, EXPLAIN stripped)
  [7845/11794] 26491.sql -> outputs/stackoverflow_1gb/26491.txt  (28042 bytes, EXPLAIN stripped)
  [7846/11794] 26496.sql -> outputs/stackoverflow_1gb/26496.txt  (1570 bytes, EXPLAIN stripped)
  [7847/11794] 26497.sql -> outputs/stackoverflow_1gb/26497.txt  (38073 bytes, EXPLAIN stripped)
  [7848/11794] 26499.sql -> outputs/stackoverflow_1gb/26499.txt  (141992 bytes, EXPLAIN stripped)
  [7849/11794] 26510.sql -> outputs/stackoverflow_1gb/26510.txt  (157228 bytes, EXPLAIN stripped)
  [7850/11794] 26513.sql -> outputs/stackoverflow_1gb/26513.txt  (31507 bytes, EXPLAIN stripped)
  [7851/11794] 2653.sql -> outputs/stackoverflow_1gb/2653.txt  (605 bytes, EXPLAIN stripped)
  [7852/11794] 26534.sql -> outputs/stackoverflow_1gb/26534.txt  (3452 bytes, EXPLAIN stripped)
  [7853/11794] 26537.sql -> outputs/stackoverflow_1gb/26537.txt  (69317 bytes, EXPLAIN stripped)
  [7854/11794] 26539.sql -> outputs/stackoverflow_1gb/26539.txt  (86797 bytes, EXPLAIN stripped)
  [7855/11794] 26547.sql -> outputs/stackoverflow_1gb/26547.txt  (52272 bytes, EXPLAIN stripped)
  [7856/11794] 2655.sql -> outputs/stackoverflow_1gb/2655.txt  (63695 bytes, EXPLAIN stripped)
  [7857/11794] 26552.sql -> outputs/stackoverflow_1gb/26552.txt  (867 bytes, EXPLAIN stripped)
  [7858/11794] 2656.sql -> outputs/stackoverflow_1gb/2656.txt  (1450 bytes, EXPLAIN stripped)
  [7859/11794] 26574.sql -> outputs/stackoverflow_1gb/26574.txt  (122891 bytes, EXPLAIN stripped)
  [7860/11794] 2658.sql -> outputs/stackoverflow_1gb/2658.txt  (98 bytes, EXPLAIN stripped)
  [7861/11794] 26593.sql -> outputs/stackoverflow_1gb/26593.txt  (7547 bytes, EXPLAIN stripped)
  [7862/11794] 2661.sql -> outputs/stackoverflow_1gb/2661.txt  (64918 bytes, EXPLAIN stripped)
  [7863/11794] 26615.sql -> outputs/stackoverflow_1gb/26615.txt  (42042 bytes, EXPLAIN stripped)
  [7864/11794] 26630.sql -> outputs/stackoverflow_1gb/26630.txt  (101068 bytes, EXPLAIN stripped)
  [7865/11794] 26631.sql -> outputs/stackoverflow_1gb/26631.txt  (75496 bytes, EXPLAIN stripped)
  [7866/11794] 26632.sql -> outputs/stackoverflow_1gb/26632.txt  (97909 bytes, EXPLAIN stripped)
  [7867/11794] 26637.sql -> outputs/stackoverflow_1gb/26637.txt  (7954 bytes, EXPLAIN stripped)
  [7868/11794] 26639.sql -> outputs/stackoverflow_1gb/26639.txt  (36304 bytes, EXPLAIN stripped)
  [7869/11794] 26640.sql -> outputs/stackoverflow_1gb/26640.txt  (145666 bytes, EXPLAIN stripped)
  [7870/11794] 2665.sql -> outputs/stackoverflow_1gb/2665.txt  (101 bytes, EXPLAIN stripped)
  [7871/11794] 26652.sql -> outputs/stackoverflow_1gb/26652.txt  (10910 bytes, EXPLAIN stripped)
  [7872/11794] 26654.sql -> outputs/stackoverflow_1gb/26654.txt  (13250 bytes, EXPLAIN stripped)
  [7873/11794] 2666.sql -> outputs/stackoverflow_1gb/2666.txt  (2365 bytes, EXPLAIN stripped)
  [7874/11794] 26670.sql -> outputs/stackoverflow_1gb/26670.txt  (53553 bytes, EXPLAIN stripped)
  [7875/11794] 26672.sql -> outputs/stackoverflow_1gb/26672.txt  (1174 bytes, EXPLAIN stripped)
