timestamp_utc,run_id,pg_version,query,phase,batch_index,batchnum,runs,warmup,elapsed_sec,avg_copy_elapsed_sec,server_sum_ms,client_overhead_sec,client_user_cpu_sec,client_sys_cpu_sec,client_max_rss_kb,failed,rapl_pkg_j,rapl_core_j,rapl_gpu_j,rapl_dram_j
2026-09-11T11:42:29Z,0D24AC7F84C6C846,18.4,queries/tpch/tpch-queries/q11/v1_materialized.sql,warmup,1,1,1,2,0.264618,0.264618,162.751,0.101867,0.012709,0.014714,7168,0,4.279724121093750000,3.785339355468750000,,
2026-09-11T11:42:29Z,0D24AC7F84C6C846,18.4,queries/tpch/tpch-queries/q11/v1_materialized.sql,warmup,2,1,1,2,0.175693,0.175693,84.457,0.091236,0.005398,0.001797,7168,0,3.034179687500000000,2.750610351562500000,,
2026-09-11T11:42:29Z,0D24AC7F84C6C846,18.4,queries/tpch/tpch-queries/q11/v1_materialized.sql,measured,1,1,1,2,0.187574,0.187574,84.188,0.103386,0.003047,0.005068,7168,0,2.913085937500000000,2.598999023437500000,,
2026-09-11T11:42:29Z,0D24AC7F84C6C846,18.4,queries/tpch/tpch-queries/q11/v1_materialized.sql,measured,1,2,1,2,0.213736,0.106868,164.490,0.049246,0.002220,0.005345,7168,0,5.040405273437500000,4.722412109375000000,,
2026-09-11T11:42:30Z,0D24AC7F84C6C846,18.4,queries/tpch/tpch-queries/q11/v1_materialized.sql,measured,1,4,1,2,0.456645,0.114161,350.885,0.105760,0.000880,0.007533,7168,0,9.194030761718750000,8.520019531250000000,,
2026-09-11T11:42:31Z,0D24AC7F84C6C846,18.4,queries/tpch/tpch-queries/q11/v1_materialized.sql,measured,1,8,1,2,0.717262,0.089658,620.541,0.096721,0.002226,0.005353,7168,0,18.561950683593750000,17.414672851562500000,,
2026-09-11T11:42:32Z,0D24AC7F84C6C846,18.4,queries/tpch/tpch-queries/q11/v1_materialized.sql,measured,1,16,1,2,1.430876,0.089430,1320.220,0.110656,0.004404,0.003549,7168,0,38.002197265625000000,35.829101562500000000,,
2026-09-11T11:42:43Z,C6535E1453E70B99,18.4,queries/tpch/tpch-queries/q07/base.sql,warmup,1,1,1,2,7.880627,7.880627,7686.078,0.194549,0.003026,0.003782,7168,0,46.309631347656250000,29.725891113281250000,,
2026-09-11T11:42:44Z,C6535E1453E70B99,18.4,queries/tpch/tpch-queries/q07/base.sql,warmup,2,1,1,2,0.313944,0.313944,273.330,0.040614,0.002806,0.004039,7168,0,5.893798828125000000,5.457519531250000000,,
2026-09-11T11:42:44Z,C6535E1453E70B99,18.4,queries/tpch/tpch-queries/q07/base.sql,measured,1,1,1,2,0.359889,0.359889,270.772,0.089117,0.004323,0.002984,7168,0,5.974121093750000000,5.421447753906250000,,
2026-09-11T11:42:45Z,C6535E1453E70B99,18.4,queries/tpch/tpch-queries/q07/base.sql,measured,1,2,1,2,0.631193,0.315597,540.617,0.090576,0.001737,0.005360,7168,0,10.539123535156250000,9.636779785156250000,,
2026-09-11T11:42:46Z,C6535E1453E70B99,18.4,queries/tpch/tpch-queries/q07/base.sql,measured,1,4,1,2,1.166084,0.291521,1072.184,0.093900,0.004186,0.002976,7168,0,19.561828613281250000,17.941772460937500000,,
2026-09-11T11:42:48Z,C6535E1453E70B99,18.4,queries/tpch/tpch-queries/q07/base.sql,measured,1,8,1,2,2.156848,0.269606,2059.085,0.097763,0.003147,0.003997,7168,0,39.605224609375000000,36.464843750000000000,,
2026-09-11T11:42:52Z,C6535E1453E70B99,18.4,queries/tpch/tpch-queries/q07/base.sql,measured,1,16,1,2,4.136791,0.258549,4076.186,0.060605,0.004749,0.002605,7168,0,78.796020507812500000,72.820861816406250000,,
2026-09-11T11:43:44Z,8D1CFEED54A8F29A,18.4,queries/tpch/tpch-queries/q02/v1_materialized.sql,warmup,1,1,1,2,47.665975,47.665975,47372.825,0.293150,0.011706,0.013152,7168,0,516.712768554687500000,450.573425292968750000,,
2026-09-11T11:44:30Z,8D1CFEED54A8F29A,18.4,queries/tpch/tpch-queries/q02/v1_materialized.sql,warmup,2,1,1,2,46.300860,46.300860,46257.712,0.043148,0.004994,0.004994,7168,0,520.817321777343750000,458.834106445312500000,,
2026-09-11T11:45:16Z,8D1CFEED54A8F29A,18.4,queries/tpch/tpch-queries/q02/v1_materialized.sql,measured,1,1,1,2,46.500807,46.500807,46410.239,0.090568,0.001023,0.007002,7168,0,520.931213378906250000,458.941162109375000000,,
2026-09-11T11:46:51Z,8D1CFEED54A8F29A,18.4,queries/tpch/tpch-queries/q02/v1_materialized.sql,measured,1,2,1,2,94.429784,47.214892,94285.904,0.143880,0.001953,0.006151,7168,0,1018.126586914062500000,893.801147460937500000,,
2026-09-11T11:49:59Z,8D1CFEED54A8F29A,18.4,queries/tpch/tpch-queries/q02/v1_materialized.sql,measured,1,4,1,2,187.737953,46.934488,187691.096,0.046857,0.002986,0.005759,7168,0,2048.183715820312500000,1801.265136718750000000,,
2026-09-11T11:56:19Z,8D1CFEED54A8F29A,18.4,queries/tpch/tpch-queries/q02/v1_materialized.sql,measured,1,8,1,2,380.302300,47.537787,380202.104,0.100196,0.006668,0.001706,7168,0,4046.917053222656250000,3551.261047363281250000,,
2026-09-11T12:08:51Z,8D1CFEED54A8F29A,18.4,queries/tpch/tpch-queries/q02/v1_materialized.sql,measured,1,16,1,2,751.861692,46.991356,751740.040,0.121652,0.001727,0.007050,7168,0,8152.455383300781250000,7175.197143554687500000,,
2026-09-11T12:09:03Z,2D4DBB74828CB3AC,18.4,queries/tpch/tpch-queries/q07/v1_materialized.sql,warmup,1,1,1,2,8.621922,8.621922,8429.550,0.192372,0.001036,0.005883,7168,0,37.629760742187500000,19.349487304687500000,,
2026-09-11T12:09:03Z,2D4DBB74828CB3AC,18.4,queries/tpch/tpch-queries/q07/v1_materialized.sql,warmup,2,1,1,2,0.320927,0.320927,279.833,0.041094,0.001641,0.005434,7168,0,5.787414550781250000,5.332214355468750000,,
2026-09-11T12:09:03Z,2D4DBB74828CB3AC,18.4,queries/tpch/tpch-queries/q07/v1_materialized.sql,measured,1,1,1,2,0.384190,0.384190,289.663,0.094527,0.004525,0.002768,7168,0,5.847534179687500000,5.270141601562500000,,
2026-09-11T12:09:04Z,2D4DBB74828CB3AC,18.4,queries/tpch/tpch-queries/q07/v1_materialized.sql,measured,1,2,1,2,0.702035,0.351017,562.708,0.139327,0.004622,0.002492,7168,0,10.848937988281250000,9.798339843750000000,,
2026-09-11T12:09:05Z,2D4DBB74828CB3AC,18.4,queries/tpch/tpch-queries/q07/v1_materialized.sql,measured,1,4,1,2,1.140721,0.285180,1079.774,0.060947,0.001894,0.005975,7168,0,19.182800292968750000,17.632995605468750000,,
2026-09-11T12:09:07Z,2D4DBB74828CB3AC,18.4,queries/tpch/tpch-queries/q07/v1_materialized.sql,measured,1,8,1,2,2.239463,0.279933,2138.736,0.100727,0.002969,0.004306,7168,0,38.630310058593750000,35.454528808593750000,,
2026-09-11T12:09:12Z,2D4DBB74828CB3AC,18.4,queries/tpch/tpch-queries/q07/v1_materialized.sql,measured,1,16,1,2,4.300810,0.268801,4192.261,0.108549,0.001522,0.005714,7168,0,78.279785156250000000,72.099548339843750000,,
2026-09-11T12:09:16Z,B57B9205E6AB7F89,18.4,queries/tpch/tpch-queries/q16/v1_materialized.sql,warmup,1,1,1,2,0.639130,0.639130,405.762,0.233368,0.004588,0.002651,7168,0,8.383911132812500000,7.164672851562500000,,
2026-09-11T12:09:17Z,B57B9205E6AB7F89,18.4,queries/tpch/tpch-queries/q16/v1_materialized.sql,warmup,2,1,1,2,0.288318,0.288318,221.295,0.067023,0.004068,0.006150,7168,0,6.401000976562500000,6.028381347656250000,,
2026-09-11T12:09:17Z,B57B9205E6AB7F89,18.4,queries/tpch/tpch-queries/q16/v1_materialized.sql,measured,1,1,1,2,0.321283,0.321283,218.601,0.102682,0.004875,0.004010,7168,0,6.487304687500000000,6.037963867187500000,,
2026-09-11T12:09:17Z,B57B9205E6AB7F89,18.4,queries/tpch/tpch-queries/q16/v1_materialized.sql,measured,1,2,1,2,0.541297,0.270648,438.029,0.103268,0.001064,0.007251,7168,0,12.526733398437500000,11.803344726562500000,,
2026-09-11T12:09:18Z,B57B9205E6AB7F89,18.4,queries/tpch/tpch-queries/q16/v1_materialized.sql,measured,1,4,1,2,0.973817,0.243454,875.762,0.098055,0.003326,0.004186,7168,0,24.689880371093750000,23.325744628906250000,,
2026-09-11T12:09:20Z,B57B9205E6AB7F89,18.4,queries/tpch/tpch-queries/q16/v1_materialized.sql,measured,1,8,1,2,1.851369,0.231421,1745.069,0.106300,0.001009,0.006896,7168,0,48.880676269531250000,46.464721679687500000,,
2026-09-11T12:09:24Z,B57B9205E6AB7F89,18.4,queries/tpch/tpch-queries/q16/v1_materialized.sql,measured,1,16,1,2,3.574509,0.223407,3524.325,0.050184,0.006152,0.000832,7168,0,98.311889648437500000,93.531921386718750000,,
2026-09-11T12:09:28Z,423056D8546F36AD,18.4,queries/tpch/tpch-queries/q19/v1_materialized.sql,warmup,1,1,1,2,1.138693,1.138693,957.373,0.181320,0.002814,0.004489,7168,0,25.172485351562500000,22.426818847656250000,,
2026-09-11T12:09:29Z,423056D8546F36AD,18.4,queries/tpch/tpch-queries/q19/v1_materialized.sql,warmup,2,1,1,2,0.453593,0.453593,361.303,0.092290,0.001530,0.005590,7168,0,14.084350585937500000,13.404907226562500000,,
2026-09-11T12:09:29Z,423056D8546F36AD,18.4,queries/tpch/tpch-queries/q19/v1_materialized.sql,measured,1,1,1,2,0.495498,0.495498,441.707,0.053791,0.000976,0.006783,7168,0,12.363098144531250000,11.606750488281250000,,
2026-09-11T12:09:30Z,423056D8546F36AD,18.4,queries/tpch/tpch-queries/q19/v1_materialized.sql,measured,1,2,1,2,0.762617,0.381309,721.604,0.041013,0.002716,0.004394,7168,0,26.352478027343750000,25.214965820312500000,,
2026-09-11T12:09:32Z,423056D8546F36AD,18.4,queries/tpch/tpch-queries/q19/v1_materialized.sql,measured,1,4,1,2,1.600459,0.400115,1500.443,0.100016,0.002861,0.004647,7168,0,49.162780761718750000,46.918395996093750000,,
2026-09-11T12:09:35Z,423056D8546F36AD,18.4,queries/tpch/tpch-queries/q19/v1_materialized.sql,measured,1,8,1,2,3.151396,0.393925,3047.429,0.103967,0.002022,0.005786,7168,0,94.192871093750000000,89.564270019531250000,,
2026-09-11T12:09:41Z,423056D8546F36AD,18.4,queries/tpch/tpch-queries/q19/v1_materialized.sql,measured,1,16,1,2,6.188027,0.386752,6134.394,0.053633,0.002893,0.004146,7168,0,181.955932617187500000,173.163085937500000000,,
2026-09-11T12:09:46Z,50BBDA8BC8248E4F,18.4,queries/tpch/tpch-queries/q14/v2_filter.sql,warmup,1,1,1,2,1.098427,1.098427,913.976,0.184451,0.002710,0.004345,7168,0,21.245117187500000000,18.549072265625000000,,
2026-09-11T12:09:46Z,50BBDA8BC8248E4F,18.4,queries/tpch/tpch-queries/q14/v2_filter.sql,warmup,2,1,1,2,0.294574,0.294574,254.731,0.039843,0.003813,0.003662,7168,0,9.142944335937500000,8.681945800781250000,,
2026-09-11T12:09:47Z,50BBDA8BC8248E4F,18.4,queries/tpch/tpch-queries/q14/v2_filter.sql,measured,1,1,1,2,0.402420,0.402420,301.928,0.100492,0.004776,0.002961,7168,0,7.874511718750000000,7.252075195312500000,,
2026-09-11T12:09:47Z,50BBDA8BC8248E4F,18.4,queries/tpch/tpch-queries/q14/v2_filter.sql,measured,1,2,1,2,0.607767,0.303883,516.922,0.090845,0.002710,0.004758,7168,0,16.088012695312500000,15.052673339843750000,,
2026-09-11T12:09:48Z,50BBDA8BC8248E4F,18.4,queries/tpch/tpch-queries/q14/v2_filter.sql,measured,1,4,1,2,1.047836,0.261959,1006.823,0.041013,0.004373,0.002704,7168,0,31.541809082031250000,29.942443847656250000,,
2026-09-11T12:09:50Z,50BBDA8BC8248E4F,18.4,queries/tpch/tpch-queries/q14/v2_filter.sql,measured,1,8,1,2,2.132158,0.266520,2037.874,0.094284,0.002950,0.004189,7168,0,59.549499511718750000,56.242126464843750000,,
2026-09-11T12:09:55Z,50BBDA8BC8248E4F,18.4,queries/tpch/tpch-queries/q14/v2_filter.sql,measured,1,16,1,2,4.229572,0.264348,4127.627,0.101945,0.001762,0.005519,7168,0,114.102661132812500000,107.375000000000000000,,
2026-09-11T12:10:00Z,FEE7AE7240E70980,18.4,queries/tpch/tpch-queries/q13/base.sql,warmup,1,1,1,2,1.873269,1.873269,1638.145,0.235124,0.001840,0.005362,7168,0,12.846008300781250000,8.927001953125000000,,
2026-09-11T12:10:02Z,FEE7AE7240E70980,18.4,queries/tpch/tpch-queries/q13/base.sql,warmup,2,1,1,2,1.506726,1.506726,1458.233,0.048493,0.004796,0.004813,7168,0,10.323608398437500000,8.212341308593750000,,
2026-09-11T12:10:03Z,FEE7AE7240E70980,18.4,queries/tpch/tpch-queries/q13/base.sql,measured,1,1,1,2,1.473694,1.473694,1430.474,0.043220,0.006792,0.002177,7168,0,10.139892578125000000,8.360473632812500000,,
2026-09-11T12:10:06Z,FEE7AE7240E70980,18.4,queries/tpch/tpch-queries/q13/base.sql,measured,1,2,1,2,2.886527,1.443264,2796.224,0.090303,0.002883,0.004701,7168,0,20.514038085937500000,16.652099609375000000,,
2026-09-11T12:10:12Z,FEE7AE7240E70980,18.4,queries/tpch/tpch-queries/q13/base.sql,measured,1,4,1,2,5.570709,1.392677,5475.901,0.094808,0.002674,0.005997,7168,0,40.757690429687500000,33.662231445312500000,,
2026-09-11T12:10:22Z,FEE7AE7240E70980,18.4,queries/tpch/tpch-queries/q13/base.sql,measured,1,8,1,2,10.671948,1.333994,10622.937,0.049011,0.002081,0.005002,7168,0,81.711914062500000000,68.490356445312500000,,
2026-09-11T12:10:44Z,FEE7AE7240E70980,18.4,queries/tpch/tpch-queries/q13/base.sql,measured,1,16,1,2,21.421794,1.338862,21307.897,0.113897,0.001794,0.006313,7168,0,158.632202148437500000,132.686889648437500000,,
2026-09-11T12:10:56Z,1ACEA3B787D68DB8,18.4,queries/tpch/tpch-queries/q07/v1_materialized.sql,warmup,1,1,1,2,8.973602,8.973602,8779.108,0.194494,0.003349,0.003479,7168,0,42.863830566406250000,23.916625976562500000,,
2026-09-11T12:10:57Z,1ACEA3B787D68DB8,18.4,queries/tpch/tpch-queries/q07/v1_materialized.sql,warmup,2,1,1,2,0.322278,0.322278,281.555,0.040723,0.002555,0.004340,7168,0,5.870239257812500000,5.426330566406250000,,
2026-09-11T12:10:57Z,1ACEA3B787D68DB8,18.4,queries/tpch/tpch-queries/q07/v1_materialized.sql,measured,1,1,1,2,0.376257,0.376257,286.999,0.089258,0.004522,0.002652,7168,0,5.927307128906250000,5.347106933593750000,,
2026-09-11T12:10:58Z,1ACEA3B787D68DB8,18.4,queries/tpch/tpch-queries/q07/v1_materialized.sql,measured,1,2,1,2,0.649419,0.324709,555.619,0.093800,0.002797,0.004865,7168,0,10.383544921875000000,9.403259277343750000,,
2026-09-11T12:10:59Z,1ACEA3B787D68DB8,18.4,queries/tpch/tpch-queries/q07/v1_materialized.sql,measured,1,4,1,2,1.163794,0.290949,1070.500,0.093294,0.003140,0.003984,7168,0,19.909118652343750000,18.254455566406250000,,
2026-09-11T12:11:01Z,1ACEA3B787D68DB8,18.4,queries/tpch/tpch-queries/q07/v1_materialized.sql,measured,1,8,1,2,2.226125,0.278266,2125.853,0.100272,0.000932,0.006449,7168,0,38.313049316406250000,35.092773437500000000,,
2026-09-11T12:11:05Z,1ACEA3B787D68DB8,18.4,queries/tpch/tpch-queries/q07/v1_materialized.sql,measured,1,16,1,2,4.325036,0.270315,4208.771,0.116265,0.001823,0.005449,7168,0,76.007751464843750000,69.811828613281250000,,
2026-09-11T12:11:15Z,B4397F57BBEDFF18,18.4,queries/tpch/tpch-queries/q18/v1_materialized.sql,warmup,1,1,1,2,5.529007,5.529007,5287.260,0.241747,0.004035,0.002752,7168,0,154.555541992187500000,143.409667968750000000,,
2026-09-11T12:11:19Z,B4397F57BBEDFF18,18.4,queries/tpch/tpch-queries/q18/v1_materialized.sql,warmup,2,1,1,2,4.289342,4.289342,4248.895,0.040447,0.001685,0.005375,7168,0,137.233703613281250000,130.951782226562500000,,
2026-09-11T12:11:23Z,B4397F57BBEDFF18,18.4,queries/tpch/tpch-queries/q18/v1_materialized.sql,measured,1,1,1,2,4.445863,4.445863,4390.972,0.054891,0.001757,0.006240,7168,0,130.292053222656250000,123.757568359375000000,,
2026-09-11T12:11:33Z,B4397F57BBEDFF18,18.4,queries/tpch/tpch-queries/q18/v1_materialized.sql,measured,1,2,1,2,9.162179,4.581090,9010.167,0.152012,0.006687,0.001144,7168,0,243.473571777343750000,230.236083984375000000,,
2026-09-11T12:11:51Z,B4397F57BBEDFF18,18.4,queries/tpch/tpch-queries/q18/v1_materialized.sql,measured,1,4,1,2,18.745388,4.686347,18685.509,0.059879,0.001953,0.005879,7168,0,455.038940429687500000,427.703796386718750000,,
2026-09-11T12:12:30Z,B4397F57BBEDFF18,18.4,queries/tpch/tpch-queries/q18/v1_materialized.sql,measured,1,8,1,2,38.873623,4.859203,38753.820,0.119803,0.002001,0.005893,7168,0,852.399108886718750000,796.281005859375000000,,
2026-09-11T12:13:48Z,B4397F57BBEDFF18,18.4,queries/tpch/tpch-queries/q18/v1_materialized.sql,measured,1,16,1,2,77.371733,4.835733,77244.400,0.127333,0.005221,0.003142,7168,0,1698.101013183593750000,1587.381958007812500000,,
2026-09-11T12:13:52Z,B6FDFCC2DB874B35,18.4,queries/tpch/tpch-queries/q14/base.sql,warmup,1,1,1,2,1.106271,1.106271,920.928,0.185343,0.001840,0.005365,7168,0,21.444641113281250000,18.769287109375000000,,
2026-09-11T12:13:53Z,B6FDFCC2DB874B35,18.4,queries/tpch/tpch-queries/q14/base.sql,warmup,2,1,1,2,0.291222,0.291222,251.724,0.039498,0.003863,0.003073,7168,0,9.450927734375000000,9.009521484375000000,,
2026-09-11T12:13:53Z,B6FDFCC2DB874B35,18.4,queries/tpch/tpch-queries/q14/base.sql,measured,1,1,1,2,0.413566,0.413566,311.862,0.101704,0.003200,0.004668,7168,0,8.233886718750000000,7.505493164062500000,,
2026-09-11T12:13:54Z,B6FDFCC2DB874B35,18.4,queries/tpch/tpch-queries/q14/base.sql,measured,1,2,1,2,0.551924,0.275962,511.894,0.040030,0.003114,0.003927,7168,0,16.453918457031250000,15.546081542968750000,,
2026-09-11T12:13:55Z,B6FDFCC2DB874B35,18.4,queries/tpch/tpch-queries/q14/base.sql,measured,1,4,1,2,1.128514,0.282128,1030.236,0.098278,0.001953,0.005725,7168,0,31.637634277343750000,29.853332519531250000,,
2026-09-11T12:13:57Z,B6FDFCC2DB874B35,18.4,queries/tpch/tpch-queries/q14/base.sql,measured,1,8,1,2,2.107237,0.263405,2010.551,0.096686,0.002948,0.004209,7168,0,61.546752929687500000,58.263000488281250000,,
2026-09-11T12:14:01Z,B6FDFCC2DB874B35,18.4,queries/tpch/tpch-queries/q14/base.sql,measured,1,16,1,2,4.169988,0.260624,4063.452,0.106536,0.002870,0.004971,7168,0,119.007324218750000000,112.346130371093750000,,
2026-09-11T12:14:05Z,C6586FB1CC83DAD9,18.4,queries/tpch/tpch-queries/q22/base.sql,warmup,1,1,1,2,0.309200,0.309200,122.199,0.187001,0.004415,0.002397,7168,0,2.993469238281250000,2.367431640625000000,,
2026-09-11T12:14:05Z,C6586FB1CC83DAD9,18.4,queries/tpch/tpch-queries/q22/base.sql,warmup,2,1,1,2,0.109290,0.109290,51.954,0.057336,0.004477,0.004661,7168,0,1.872619628906250000,1.717956542968750000,,
2026-09-11T12:14:05Z,C6586FB1CC83DAD9,18.4,queries/tpch/tpch-queries/q22/base.sql,measured,1,1,1,2,0.099623,0.099623,60.084,0.039539,0.001048,0.006051,7168,0,2.106262207031250000,1.955322265625000000,,
2026-09-11T12:14:06Z,C6586FB1CC83DAD9,18.4,queries/tpch/tpch-queries/q22/base.sql,measured,1,2,1,2,0.150098,0.075049,109.637,0.040461,0.001898,0.005271,7168,0,3.646484375000000000,3.419311523437500000,,
2026-09-11T12:14:06Z,C6586FB1CC83DAD9,18.4,queries/tpch/tpch-queries/q22/base.sql,measured,1,4,1,2,0.311062,0.077765,210.851,0.100211,0.003320,0.005330,7168,0,6.675903320312500000,6.214660644531250000,,
2026-09-11T12:14:06Z,C6586FB1CC83DAD9,18.4,queries/tpch/tpch-queries/q22/base.sql,measured,1,8,1,2,0.540514,0.067564,433.925,0.106589,0.001446,0.006503,7168,0,12.232666015625000000,11.392028808593750000,,
2026-09-11T12:14:07Z,C6586FB1CC83DAD9,18.4,queries/tpch/tpch-queries/q22/base.sql,measured,1,16,1,2,0.950308,0.059394,854.003,0.096305,0.006243,0.000840,7168,0,23.780700683593750000,22.402160644531250000,,
2026-09-11T12:15:00Z,303CFAA05719FBDB,18.4,queries/tpch/tpch-queries/q02/v1_materialized.sql,warmup,1,1,1,2,48.979947,48.979947,48739.159,0.240788,0.002944,0.004303,7168,0,509.735778808593750000,443.446411132812500000,,
2026-09-11T12:15:47Z,303CFAA05719FBDB,18.4,queries/tpch/tpch-queries/q02/v1_materialized.sql,warmup,2,1,1,2,47.180866,47.180866,47114.487,0.066379,0.003413,0.008138,7168,0,534.219848632812500000,472.487976074218750000,,
2026-09-11T12:16:35Z,303CFAA05719FBDB,18.4,queries/tpch/tpch-queries/q02/v1_materialized.sql,measured,1,1,1,2,48.131890,48.131890,48036.143,0.095747,0.004711,0.003221,7168,0,516.757690429687500000,454.380065917968750000,,
2026-09-11T12:18:09Z,303CFAA05719FBDB,18.4,queries/tpch/tpch-queries/q02/v1_materialized.sql,measured,1,2,1,2,93.807464,46.903732,93715.242,0.092222,0.001152,0.006676,7168,0,1040.511596679687500000,918.240539550781250000,,
2026-09-11T12:21:17Z,303CFAA05719FBDB,18.4,queries/tpch/tpch-queries/q02/v1_materialized.sql,measured,1,4,1,2,187.695393,46.923848,187600.934,0.094459,0.003075,0.005021,7168,0,2074.761230468750000000,1830.350097656250000000,,
2026-09-11T12:27:32Z,303CFAA05719FBDB,18.4,queries/tpch/tpch-queries/q02/v1_materialized.sql,measured,1,8,1,2,375.675130,46.959391,375572.195,0.102935,0.002825,0.005664,7168,0,4061.394042968750000000,3573.561096191406250000,,
2026-09-11T12:40:07Z,303CFAA05719FBDB,18.4,queries/tpch/tpch-queries/q02/v1_materialized.sql,measured,1,16,1,2,754.451000,47.153188,754340.751,0.110249,0.004752,0.003803,7168,0,8082.928649902343750000,7102.636901855468750000,,
2026-09-11T12:40:11Z,5F6817BB8B98DDB9,18.4,queries/tpch/tpch-queries/q19/v1_materialized.sql,warmup,1,1,1,2,1.138842,1.138842,956.832,0.182010,0.000000,0.006986,7168,0,24.829650878906250000,22.128723144531250000,,
2026-09-11T12:40:12Z,5F6817BB8B98DDB9,18.4,queries/tpch/tpch-queries/q19/v1_materialized.sql,warmup,2,1,1,2,0.402061,0.402061,362.043,0.040018,0.002023,0.004810,7168,0,13.748718261718750000,13.198120117187500000,,
2026-09-11T12:40:12Z,5F6817BB8B98DDB9,18.4,queries/tpch/tpch-queries/q19/v1_materialized.sql,measured,1,1,1,2,0.542143,0.542143,440.224,0.101919,0.004840,0.003025,7168,0,12.398010253906250000,11.539550781250000000,,
2026-09-11T12:40:13Z,5F6817BB8B98DDB9,18.4,queries/tpch/tpch-queries/q19/v1_materialized.sql,measured,1,2,1,2,0.871871,0.435935,769.938,0.101933,0.000913,0.007125,7168,0,25.316223144531250000,24.023376464843750000,,
2026-09-11T12:40:15Z,5F6817BB8B98DDB9,18.4,queries/tpch/tpch-queries/q19/v1_materialized.sql,measured,1,4,1,2,1.542278,0.385570,1445.643,0.096635,0.003684,0.003793,7168,0,51.432800292968750000,49.278686523437500000,,
2026-09-11T12:40:18Z,5F6817BB8B98DDB9,18.4,queries/tpch/tpch-queries/q19/v1_materialized.sql,measured,1,8,1,2,3.045941,0.380743,2945.904,0.100037,0.004650,0.002870,7168,0,97.822204589843750000,93.260864257812500000,,
2026-09-11T12:40:24Z,5F6817BB8B98DDB9,18.4,queries/tpch/tpch-queries/q19/v1_materialized.sql,measured,1,16,1,2,6.065620,0.379101,5967.265,0.098355,0.003973,0.003144,7168,0,189.449279785156250000,180.560119628906250000,,
2026-09-11T12:40:28Z,7A6877EE0D8C907A,18.4,queries/tpch/tpch-queries/q11/v1_materialized.sql,warmup,1,1,1,2,0.398453,0.398453,218.368,0.180085,0.003148,0.003910,7168,0,4.400390625000000000,3.550292968750000000,,
2026-09-11T12:40:28Z,7A6877EE0D8C907A,18.4,queries/tpch/tpch-queries/q11/v1_materialized.sql,warmup,2,1,1,2,0.178411,0.178411,85.975,0.092436,0.000957,0.006357,7168,0,3.365783691406250000,3.065429687500000000,,
2026-09-11T12:40:28Z,7A6877EE0D8C907A,18.4,queries/tpch/tpch-queries/q11/v1_materialized.sql,measured,1,1,1,2,0.141260,0.141260,84.503,0.056757,0.004670,0.004542,7168,0,2.965698242187500000,2.738403320312500000,,
2026-09-11T12:40:28Z,7A6877EE0D8C907A,18.4,queries/tpch/tpch-queries/q11/v1_materialized.sql,measured,1,2,1,2,0.264361,0.132180,167.294,0.097067,0.002523,0.005058,7168,0,5.743225097656250000,5.322082519531250000,,
2026-09-11T12:40:29Z,7A6877EE0D8C907A,18.4,queries/tpch/tpch-queries/q11/v1_materialized.sql,measured,1,4,1,2,0.458678,0.114669,353.905,0.104773,0.003573,0.004437,7168,0,9.841613769531250000,9.122680664062500000,,
2026-09-11T12:40:30Z,7A6877EE0D8C907A,18.4,queries/tpch/tpch-queries/q11/v1_materialized.sql,measured,1,8,1,2,0.784039,0.098005,676.562,0.107477,0.005070,0.002947,7168,0,20.135559082031250000,18.859985351562500000,,
2026-09-11T12:40:31Z,7A6877EE0D8C907A,18.4,queries/tpch/tpch-queries/q11/v1_materialized.sql,measured,1,16,1,2,1.357500,0.084844,1240.258,0.117242,0.002670,0.005337,7168,0,39.412780761718750000,37.315307617187500000,,
2026-09-11T12:40:35Z,1FB4F8CCBE914EAF,18.4,queries/tpch/tpch-queries/q22/v2_anti_join.sql,warmup,1,1,1,2,0.491283,0.491283,306.667,0.184616,0.001785,0.005208,7168,0,6.471740722656250000,5.400573730468750000,,
2026-09-11T12:40:35Z,1FB4F8CCBE914EAF,18.4,queries/tpch/tpch-queries/q22/v2_anti_join.sql,warmup,2,1,1,2,0.142068,0.142068,102.571,0.039497,0.003264,0.003697,7168,0,3.774475097656250000,3.567565917968750000,,
2026-09-11T12:40:35Z,1FB4F8CCBE914EAF,18.4,queries/tpch/tpch-queries/q22/v2_anti_join.sql,measured,1,1,1,2,0.158128,0.158128,103.654,0.054474,0.002821,0.005708,7168,0,3.439697265625000000,3.203674316406250000,,
2026-09-11T12:40:36Z,1FB4F8CCBE914EAF,18.4,queries/tpch/tpch-queries/q22/v2_anti_join.sql,measured,1,2,1,2,0.265217,0.132608,198.675,0.066542,0.002716,0.006490,7168,0,6.676513671875000000,6.298706054687500000,,
2026-09-11T12:40:36Z,1FB4F8CCBE914EAF,18.4,queries/tpch/tpch-queries/q22/v2_anti_join.sql,measured,1,4,1,2,0.539847,0.134962,426.030,0.113817,0.002745,0.006396,7168,0,12.258117675781250000,11.471435546875000000,,
2026-09-11T12:40:37Z,1FB4F8CCBE914EAF,18.4,queries/tpch/tpch-queries/q22/v2_anti_join.sql,measured,1,8,1,2,0.964604,0.120575,857.766,0.106838,0.002786,0.004824,7168,0,25.249328613281250000,23.755126953125000000,,
2026-09-11T12:40:39Z,1FB4F8CCBE914EAF,18.4,queries/tpch/tpch-queries/q22/v2_anti_join.sql,measured,1,16,1,2,1.646156,0.102885,1534.412,0.111744,0.003448,0.004324,7168,0,49.151489257812500000,46.804687500000000000,,
2026-09-11T12:40:44Z,BB5058306B00040A,18.4,queries/tpch/tpch-queries/q09/base.sql,warmup,1,1,1,2,1.962168,1.962168,1773.524,0.188644,0.003372,0.004195,7168,0,36.529357910156250000,32.149902343750000000,,
2026-09-11T12:40:45Z,BB5058306B00040A,18.4,queries/tpch/tpch-queries/q09/base.sql,warmup,2,1,1,2,0.951186,0.951186,894.620,0.056566,0.005761,0.005023,7168,0,20.914245605468750000,19.502014160156250000,,
2026-09-11T12:40:46Z,BB5058306B00040A,18.4,queries/tpch/tpch-queries/q09/base.sql,measured,1,1,1,2,1.002452,1.002452,900.864,0.101588,0.002030,0.005939,7168,0,21.046813964843750000,19.618774414062500000,,
2026-09-11T12:40:48Z,BB5058306B00040A,18.4,queries/tpch/tpch-queries/q09/base.sql,measured,1,2,1,2,1.875343,0.937672,1772.470,0.102873,0.005362,0.002694,7168,0,41.672729492187500000,38.954101562500000000,,
2026-09-11T12:40:52Z,BB5058306B00040A,18.4,queries/tpch/tpch-queries/q09/base.sql,measured,1,4,1,2,3.619879,0.904970,3517.188,0.102691,0.005752,0.001842,7168,0,83.465270996093750000,78.127929687500000000,,
2026-09-11T12:40:59Z,BB5058306B00040A,18.4,queries/tpch/tpch-queries/q09/base.sql,measured,1,8,1,2,7.138840,0.892355,7039.656,0.099184,0.000000,0.007348,7168,0,164.681884765625000000,154.379333496093750000,,
2026-09-11T12:41:13Z,BB5058306B00040A,18.4,queries/tpch/tpch-queries/q09/base.sql,measured,1,16,1,2,14.354755,0.897172,14239.823,0.114932,0.001668,0.005572,7168,0,322.601501464843750000,301.789245605468750000,,
2026-09-11T12:41:18Z,335D651483697911,18.4,queries/tpch/tpch-queries/q16/base.sql,warmup,1,1,1,2,0.605113,0.605113,373.317,0.231796,0.003123,0.003914,7168,0,8.989746093750000000,7.807495117187500000,,
2026-09-11T12:41:18Z,335D651483697911,18.4,queries/tpch/tpch-queries/q16/base.sql,warmup,2,1,1,2,0.289866,0.289866,216.813,0.073053,0.005710,0.004871,7168,0,6.578430175781250000,6.203918457031250000,,
2026-09-11T12:41:18Z,335D651483697911,18.4,queries/tpch/tpch-queries/q16/base.sql,measured,1,1,1,2,0.278024,0.278024,216.535,0.061489,0.003560,0.005510,7168,0,6.536865234375000000,6.161804199218750000,,
2026-09-11T12:41:19Z,335D651483697911,18.4,queries/tpch/tpch-queries/q16/base.sql,measured,1,2,1,2,0.536483,0.268241,442.065,0.094418,0.003692,0.003795,7168,0,12.653015136718750000,11.893737792968750000,,
2026-09-11T12:41:20Z,335D651483697911,18.4,queries/tpch/tpch-queries/q16/base.sql,measured,1,4,1,2,0.970198,0.242549,871.202,0.098996,0.004514,0.003117,7168,0,24.965759277343750000,23.604370117187500000,,
2026-09-11T12:41:22Z,335D651483697911,18.4,queries/tpch/tpch-queries/q16/base.sql,measured,1,8,1,2,1.914200,0.239275,1811.927,0.102273,0.002919,0.005056,7168,0,46.842041015625000000,44.367553710937500000,,
2026-09-11T12:41:25Z,335D651483697911,18.4,queries/tpch/tpch-queries/q16/base.sql,measured,1,16,1,2,3.722993,0.232687,3619.313,0.103680,0.000444,0.007093,7168,0,95.419860839843750000,90.281127929687500000,,
2026-09-11T12:41:31Z,A49FD0D86C7C94FE,18.4,queries/tpch/tpch-queries/q13/v1_materialized.sql,warmup,1,1,1,2,1.807200,1.807200,1573.718,0.233482,0.004211,0.002917,7168,0,13.295898437500000000,9.538146972656250000,,
2026-09-11T12:41:32Z,A49FD0D86C7C94FE,18.4,queries/tpch/tpch-queries/q13/v1_materialized.sql,warmup,2,1,1,2,1.459640,1.459640,1418.321,0.041319,0.001916,0.006637,7168,0,10.085021972656250000,8.210388183593750000,,
2026-09-11T12:41:34Z,A49FD0D86C7C94FE,18.4,queries/tpch/tpch-queries/q13/v1_materialized.sql,measured,1,1,1,2,1.485122,1.485122,1395.197,0.089925,0.003584,0.004486,7168,0,10.315795898437500000,8.461547851562500000,,
2026-09-11T12:41:36Z,A49FD0D86C7C94FE,18.4,queries/tpch/tpch-queries/q13/v1_materialized.sql,measured,1,2,1,2,2.849995,1.424997,2757.039,0.092956,0.005598,0.003146,7168,0,20.125854492187500000,16.374023437500000000,,
2026-09-11T12:41:42Z,A49FD0D86C7C94FE,18.4,queries/tpch/tpch-queries/q13/v1_materialized.sql,measured,1,4,1,2,5.451785,1.362946,5408.284,0.043501,0.003981,0.003094,7168,0,40.140258789062500000,33.333618164062500000,,
2026-09-11T12:41:53Z,A49FD0D86C7C94FE,18.4,queries/tpch/tpch-queries/q13/v1_materialized.sql,measured,1,8,1,2,10.733933,1.341742,10629.884,0.104049,0.005070,0.003428,7168,0,80.812438964843750000,67.595336914062500000,,
2026-09-11T12:42:14Z,A49FD0D86C7C94FE,18.4,queries/tpch/tpch-queries/q13/v1_materialized.sql,measured,1,16,1,2,21.485825,1.342864,21346.918,0.138907,0.004927,0.004015,7168,0,158.170593261718750000,132.112121582031250000,,
2026-09-11T12:42:19Z,62D8F78B92ADF6D3,18.4,queries/tpch/tpch-queries/q13/base.sql,warmup,1,1,1,2,1.832719,1.832719,1595.264,0.237455,0.002719,0.005019,7168,0,13.167541503906250000,9.409301757812500000,,
2026-09-11T12:42:21Z,62D8F78B92ADF6D3,18.4,queries/tpch/tpch-queries/q13/base.sql,warmup,2,1,1,2,1.484955,1.484955,1428.134,0.056821,0.003250,0.008704,7168,0,9.875976562500000000,7.985961914062500000,,
2026-09-11T12:42:22Z,62D8F78B92ADF6D3,18.4,queries/tpch/tpch-queries/q13/base.sql,measured,1,1,1,2,1.489628,1.489628,1400.235,0.089393,0.002047,0.005971,7168,0,10.151000976562500000,8.356323242187500000,,
2026-09-11T12:42:25Z,62D8F78B92ADF6D3,18.4,queries/tpch/tpch-queries/q13/base.sql,measured,1,2,1,2,2.844919,1.422459,2743.195,0.101724,0.003900,0.004757,7168,0,20.019165039062500000,16.426696777343750000,,
2026-09-11T12:42:31Z,62D8F78B92ADF6D3,18.4,queries/tpch/tpch-queries/q13/base.sql,measured,1,4,1,2,5.498549,1.374637,5400.500,0.098049,0.003602,0.004548,7168,0,39.638000488281250000,32.823486328125000000,,
2026-09-11T12:42:41Z,62D8F78B92ADF6D3,18.4,queries/tpch/tpch-queries/q13/base.sql,measured,1,8,1,2,10.592370,1.324046,10542.573,0.049797,0.002779,0.004519,7168,0,79.703918457031250000,66.757629394531250000,,
2026-09-11T12:43:03Z,62D8F78B92ADF6D3,18.4,queries/tpch/tpch-queries/q13/base.sql,measured,1,16,1,2,21.247849,1.327991,21133.661,0.114188,0.003743,0.004685,7168,0,158.473754882812500000,132.515869140625000000,,
2026-09-11T12:43:07Z,EC0EC63AEBE449C2,18.4,queries/tpch/tpch-queries/q02/v2_decorrelate.sql,warmup,1,1,1,2,0.594573,0.594573,357.908,0.236665,0.002058,0.004872,7168,0,5.954956054687500000,4.832824707031250000,,
2026-09-11T12:43:07Z,EC0EC63AEBE449C2,18.4,queries/tpch/tpch-queries/q02/v2_decorrelate.sql,warmup,2,1,1,2,0.255893,0.255893,204.665,0.051228,0.000514,0.008473,7168,0,3.681579589843750000,3.349243164062500000,,
2026-09-11T12:43:07Z,EC0EC63AEBE449C2,18.4,queries/tpch/tpch-queries/q02/v2_decorrelate.sql,measured,1,1,1,2,0.372269,0.372269,209.238,0.163031,0.002744,0.006193,7168,0,4.080688476562500000,3.516540527343750000,,
2026-09-11T12:43:08Z,EC0EC63AEBE449C2,18.4,queries/tpch/tpch-queries/q02/v2_decorrelate.sql,measured,1,2,1,2,0.472349,0.236175,417.696,0.054653,0.004966,0.002946,7168,0,7.001037597656250000,6.394409179687500000,,
2026-09-11T12:43:09Z,EC0EC63AEBE449C2,18.4,queries/tpch/tpch-queries/q02/v2_decorrelate.sql,measured,1,4,1,2,0.962548,0.240637,806.127,0.156421,0.002890,0.005792,7168,0,13.903747558593750000,12.524719238281250000,,
2026-09-11T12:43:10Z,EC0EC63AEBE449C2,18.4,queries/tpch/tpch-queries/q02/v2_decorrelate.sql,measured,1,8,1,2,1.677210,0.209651,1601.379,0.075831,0.002976,0.005833,7168,0,26.307800292968750000,24.207519531250000000,,
2026-09-11T12:43:14Z,EC0EC63AEBE449C2,18.4,queries/tpch/tpch-queries/q02/v2_decorrelate.sql,measured,1,16,1,2,3.377347,0.211084,3197.259,0.180088,0.000971,0.007798,7168,0,53.455627441406250000,48.914428710937500000,,
2026-09-11T12:43:17Z,C34A5FE85B0B7BFA,18.4,queries/tpch/tpch-queries/q11/v2_cte_threshold.sql,warmup,1,1,1,2,0.456565,0.456565,230.967,0.225598,0.008724,0.013021,7168,0,4.461486816406250000,3.541015625000000000,,
2026-09-11T12:43:18Z,C34A5FE85B0B7BFA,18.4,queries/tpch/tpch-queries/q11/v2_cte_threshold.sql,warmup,2,1,1,2,0.178291,0.178291,84.322,0.093969,0.003738,0.003779,7168,0,3.204650878906250000,2.919738769531250000,,
2026-09-11T12:43:18Z,C34A5FE85B0B7BFA,18.4,queries/tpch/tpch-queries/q11/v2_cte_threshold.sql,measured,1,1,1,2,0.145927,0.145927,86.568,0.059359,0.003703,0.005677,7168,0,2.910339355468750000,2.680358886718750000,,
2026-09-11T12:43:18Z,C34A5FE85B0B7BFA,18.4,queries/tpch/tpch-queries/q11/v2_cte_threshold.sql,measured,1,2,1,2,0.272765,0.136383,168.076,0.104689,0.003016,0.005896,7168,0,5.611999511718750000,5.175720214843750000,,
2026-09-11T12:43:19Z,C34A5FE85B0B7BFA,18.4,queries/tpch/tpch-queries/q11/v2_cte_threshold.sql,measured,1,4,1,2,0.458767,0.114692,355.478,0.103289,0.003773,0.003818,7168,0,9.671142578125000000,8.973144531250000000,,
2026-09-11T12:43:19Z,C34A5FE85B0B7BFA,18.4,queries/tpch/tpch-queries/q11/v2_cte_threshold.sql,measured,1,8,1,2,0.785167,0.098146,670.167,0.115000,0.003145,0.005069,7168,0,18.864501953125000000,17.627075195312500000,,
2026-09-11T12:43:21Z,C34A5FE85B0B7BFA,18.4,queries/tpch/tpch-queries/q11/v2_cte_threshold.sql,measured,1,16,1,2,1.439990,0.089999,1326.246,0.113744,0.002048,0.006029,7168,0,38.961547851562500000,36.712890625000000000,,
2026-09-11T12:43:25Z,17842309A31AC92F,18.4,queries/tpch/tpch-queries/q14/v1_materialized.sql,warmup,1,1,1,2,1.100080,1.100080,918.047,0.182033,0.002019,0.004807,7168,0,20.582031250000000000,17.928833007812500000,,
2026-09-11T12:43:26Z,17842309A31AC92F,18.4,queries/tpch/tpch-queries/q14/v1_materialized.sql,warmup,2,1,1,2,0.287780,0.287780,248.442,0.039338,0.001681,0.005334,7168,0,9.275451660156250000,8.837646484375000000,,
2026-09-11T12:43:26Z,17842309A31AC92F,18.4,queries/tpch/tpch-queries/q14/v1_materialized.sql,measured,1,1,1,2,0.375548,0.375548,316.277,0.059271,0.002707,0.005547,7168,0,8.034301757812500000,7.432434082031250000,,
2026-09-11T12:43:27Z,17842309A31AC92F,18.4,queries/tpch/tpch-queries/q14/v1_materialized.sql,measured,1,2,1,2,0.641164,0.320582,539.750,0.101414,0.003519,0.004367,7168,0,16.314208984375000000,15.270812988281250000,,
2026-09-11T12:43:28Z,17842309A31AC92F,18.4,queries/tpch/tpch-queries/q14/v1_materialized.sql,measured,1,4,1,2,1.065988,0.266497,970.600,0.095388,0.003670,0.003777,7168,0,33.486206054687500000,31.828552246093750000,,
2026-09-11T12:43:30Z,17842309A31AC92F,18.4,queries/tpch/tpch-queries/q14/v1_materialized.sql,measured,1,8,1,2,1.960038,0.245005,1866.023,0.094015,0.002940,0.004268,7168,0,67.723937988281250000,64.644409179687500000,,
2026-09-11T12:43:34Z,17842309A31AC92F,18.4,queries/tpch/tpch-queries/q14/v1_materialized.sql,measured,1,16,1,2,3.861813,0.241363,3760.095,0.101718,0.000000,0.007176,7168,0,130.728881835937500000,124.476501464843750000,,
2026-09-11T12:43:39Z,5F4B90898270621D,18.4,queries/tpch/tpch-queries/q04/v2_in.sql,warmup,1,1,1,2,1.731881,1.731881,1549.392,0.182489,0.005316,0.001852,7168,0,16.611572265625000000,12.723632812500000000,,
2026-09-11T12:43:39Z,5F4B90898270621D,18.4,queries/tpch/tpch-queries/q04/v2_in.sql,warmup,2,1,1,2,0.136791,0.136791,90.000,0.046791,0.004096,0.005125,7168,0,3.564392089843750000,3.350158691406250000,,
2026-09-11T12:43:40Z,5F4B90898270621D,18.4,queries/tpch/tpch-queries/q04/v2_in.sql,measured,1,1,1,2,0.187227,0.187227,91.635,0.095592,0.003182,0.004661,7168,0,3.824829101562500000,3.510620117187500000,,
2026-09-11T12:43:40Z,5F4B90898270621D,18.4,queries/tpch/tpch-queries/q04/v2_in.sql,measured,1,2,1,2,0.303461,0.151731,199.361,0.104100,0.004732,0.003863,7168,0,5.984375000000000000,5.446350097656250000,,
2026-09-11T12:43:40Z,5F4B90898270621D,18.4,queries/tpch/tpch-queries/q04/v2_in.sql,measured,1,4,1,2,0.384473,0.096118,343.219,0.041254,0.003943,0.003093,7168,0,12.772583007812500000,12.163513183593750000,,
2026-09-11T12:43:41Z,5F4B90898270621D,18.4,queries/tpch/tpch-queries/q04/v2_in.sql,measured,1,8,1,2,0.793432,0.099179,692.452,0.100980,0.004668,0.002839,7168,0,23.895690917968750000,22.664672851562500000,,
2026-09-11T12:43:43Z,5F4B90898270621D,18.4,queries/tpch/tpch-queries/q04/v2_in.sql,measured,1,16,1,2,1.455060,0.090941,1352.426,0.102634,0.004654,0.002846,7168,0,48.195251464843750000,45.892761230468750000,,
2026-09-11T12:43:47Z,34F2085B2F362305,18.4,queries/tpch/tpch-queries/q15/v1_materialized.sql,warmup,1,1,1,2,1.094720,1.094720,908.968,0.185752,0.001013,0.005830,7168,0,21.177978515625000000,18.533508300781250000,,
2026-09-11T12:43:48Z,34F2085B2F362305,18.4,queries/tpch/tpch-queries/q15/v1_materialized.sql,warmup,2,1,1,2,0.324000,0.324000,281.156,0.042844,0.005435,0.001846,7168,0,9.925415039062500000,9.429931640625000000,,
2026-09-11T12:43:48Z,34F2085B2F362305,18.4,queries/tpch/tpch-queries/q15/v1_materialized.sql,measured,1,1,1,2,0.435384,0.435384,337.670,0.097714,0.005182,0.002153,7168,0,9.047485351562500000,8.307861328125000000,,
2026-09-11T12:43:49Z,34F2085B2F362305,18.4,queries/tpch/tpch-queries/q15/v1_materialized.sql,measured,1,2,1,2,0.597732,0.298866,556.089,0.041643,0.002954,0.004756,7168,0,19.301574707031250000,18.300415039062500000,,
2026-09-11T12:43:50Z,34F2085B2F362305,18.4,queries/tpch/tpch-queries/q15/v1_materialized.sql,measured,1,4,1,2,1.141730,0.285433,1098.282,0.043448,0.003858,0.003966,7168,0,36.447692871093750000,34.709960937500000000,,
2026-09-11T12:43:52Z,34F2085B2F362305,18.4,queries/tpch/tpch-queries/q15/v1_materialized.sql,measured,1,8,1,2,2.302455,0.287807,2207.492,0.094963,0.003976,0.003111,7168,0,71.619689941406250000,67.997070312500000000,,
2026-09-11T12:43:57Z,34F2085B2F362305,18.4,queries/tpch/tpch-queries/q15/v1_materialized.sql,measured,1,16,1,2,4.626499,0.289156,4519.348,0.107151,0.002210,0.005320,7168,0,133.714355468750000000,126.446350097656250000,,
2026-09-11T12:44:02Z,B34DE03C4A8730B5,18.4,queries/tpch/tpch-queries/q14/base.sql,warmup,1,1,1,2,1.103019,1.103019,922.872,0.180147,0.002738,0.004397,7168,0,21.241516113281250000,18.561218261718750000,,
2026-09-11T12:44:02Z,B34DE03C4A8730B5,18.4,queries/tpch/tpch-queries/q14/base.sql,warmup,2,1,1,2,0.303763,0.303763,263.443,0.040320,0.006049,0.001049,7168,0,8.567443847656250000,8.096923828125000000,,
2026-09-11T12:44:02Z,B34DE03C4A8730B5,18.4,queries/tpch/tpch-queries/q14/base.sql,measured,1,1,1,2,0.397080,0.397080,295.429,0.101651,0.003628,0.004636,7168,0,8.185424804687500000,7.559387207031250000,,
2026-09-11T12:44:03Z,B34DE03C4A8730B5,18.4,queries/tpch/tpch-queries/q14/base.sql,measured,1,2,1,2,0.682404,0.341202,538.304,0.144100,0.001824,0.005473,7168,0,16.367858886718750000,15.251525878906250000,,
2026-09-11T12:44:04Z,B34DE03C4A8730B5,18.4,queries/tpch/tpch-queries/q14/base.sql,measured,1,4,1,2,1.070349,0.267587,1023.179,0.047170,0.002597,0.004343,7168,0,31.664550781250000000,30.052185058593750000,,
2026-09-11T12:44:06Z,B34DE03C4A8730B5,18.4,queries/tpch/tpch-queries/q14/base.sql,measured,1,8,1,2,2.095933,0.261992,1999.337,0.096596,0.004395,0.003041,7168,0,62.443237304687500000,59.171447753906250000,,
2026-09-11T12:44:10Z,B34DE03C4A8730B5,18.4,queries/tpch/tpch-queries/q14/base.sql,measured,1,16,1,2,4.240071,0.265004,4137.767,0.102304,0.003371,0.003764,7168,0,115.810729980468750000,109.208862304687500000,,
2026-09-11T12:44:15Z,579C45B41F73A4D0,18.4,queries/tpch/tpch-queries/q06/base.sql,warmup,1,1,1,2,1.040952,1.040952,865.769,0.175183,0.002100,0.004954,7168,0,20.428955078125000000,17.897949218750000000,,
2026-09-11T12:44:15Z,579C45B41F73A4D0,18.4,queries/tpch/tpch-queries/q06/base.sql,warmup,2,1,1,2,0.283691,0.283691,242.128,0.041563,0.003508,0.004384,7168,0,8.640319824218750000,8.229858398437500000,,
2026-09-11T12:44:16Z,579C45B41F73A4D0,18.4,queries/tpch/tpch-queries/q06/base.sql,measured,1,1,1,2,0.411509,0.411509,285.683,0.125826,0.001108,0.006454,7168,0,7.941894531250000000,7.273803710937500000,,
2026-09-11T12:44:16Z,579C45B41F73A4D0,18.4,queries/tpch/tpch-queries/q06/base.sql,measured,1,2,1,2,0.513542,0.256771,474.052,0.039490,0.004072,0.002874,7168,0,16.333190917968750000,15.515380859375000000,,
2026-09-11T12:44:17Z,579C45B41F73A4D0,18.4,queries/tpch/tpch-queries/q06/base.sql,measured,1,4,1,2,0.978017,0.244504,937.419,0.040598,0.002112,0.005030,7168,0,31.372253417968750000,29.812194824218750000,,
2026-09-11T12:44:19Z,579C45B41F73A4D0,18.4,queries/tpch/tpch-queries/q06/base.sql,measured,1,8,1,2,2.036761,0.254595,1936.696,0.100065,0.001534,0.006001,7168,0,58.954223632812500000,55.945739746093750000,,
2026-09-11T12:44:23Z,579C45B41F73A4D0,18.4,queries/tpch/tpch-queries/q06/base.sql,measured,1,16,1,2,4.148707,0.259294,3980.602,0.168105,0.007118,0.011196,7168,0,108.214904785156250000,101.887084960937500000,,
2026-09-11T12:44:29Z,09FA6048E946810B,18.4,queries/tpch/tpch-queries/q21/v1_materialized.sql,warmup,1,1,1,2,1.455354,1.455354,1224.623,0.230731,0.010263,0.011283,7168,0,30.797729492187500000,27.312255859375000000,,
2026-09-11T12:44:29Z,09FA6048E946810B,18.4,queries/tpch/tpch-queries/q21/v1_materialized.sql,warmup,2,1,1,2,0.510576,0.510576,469.453,0.041123,0.003341,0.004195,7168,0,15.465332031250000000,14.638488769531250000,,
2026-09-11T12:44:30Z,09FA6048E946810B,18.4,queries/tpch/tpch-queries/q21/v1_materialized.sql,measured,1,1,1,2,0.513324,0.513324,472.254,0.041070,0.001067,0.006154,7168,0,15.342468261718750000,14.517150878906250000,,
2026-09-11T12:44:31Z,09FA6048E946810B,18.4,queries/tpch/tpch-queries/q21/v1_materialized.sql,measured,1,2,1,2,0.970562,0.485281,927.522,0.043040,0.004577,0.002792,7168,0,29.011901855468750000,27.613525390625000000,,
2026-09-11T12:44:33Z,09FA6048E946810B,18.4,queries/tpch/tpch-queries/q21/v1_materialized.sql,measured,1,4,1,2,1.971440,0.492860,1876.946,0.094494,0.002990,0.004284,7168,0,55.085388183593750000,52.203063964843750000,,
2026-09-11T12:44:37Z,09FA6048E946810B,18.4,queries/tpch/tpch-queries/q21/v1_materialized.sql,measured,1,8,1,2,3.922958,0.490370,3772.161,0.150797,0.003102,0.003975,7168,0,106.598999023437500000,100.811096191406250000,,
2026-09-11T12:44:44Z,09FA6048E946810B,18.4,queries/tpch/tpch-queries/q21/v1_materialized.sql,measured,1,16,1,2,7.841949,0.490122,7726.817,0.115132,0.000000,0.007353,7168,0,202.614624023437500000,191.063171386718750000,,
2026-09-11T12:45:37Z,B78677CBC998EBD4,18.4,queries/tpch/tpch-queries/q02/v1_materialized.sql,warmup,1,1,1,2,49.274147,49.274147,49039.292,0.234855,0.002582,0.004494,7168,0,509.413940429687500000,442.469970703125000000,,
2026-09-11T12:46:24Z,B78677CBC998EBD4,18.4,queries/tpch/tpch-queries/q02/v1_materialized.sql,warmup,2,1,1,2,47.107226,47.107226,47064.553,0.042673,0.001798,0.007359,7168,0,535.969299316406250000,474.565002441406250000,,
2026-09-11T12:47:12Z,B78677CBC998EBD4,18.4,queries/tpch/tpch-queries/q02/v1_materialized.sql,measured,1,1,1,2,47.737652,47.737652,47646.719,0.090933,0.002503,0.005886,7168,0,519.563415527343750000,457.433532714843750000,,
2026-09-11T12:48:47Z,B78677CBC998EBD4,18.4,queries/tpch/tpch-queries/q02/v1_materialized.sql,measured,1,2,1,2,95.280556,47.640278,95188.471,0.092085,0.001497,0.006662,7168,0,1045.052001953125000000,921.760131835937500000,,
2026-09-11T12:52:00Z,B78677CBC998EBD4,18.4,queries/tpch/tpch-queries/q02/v1_materialized.sql,measured,1,4,1,2,192.732063,48.183016,192636.294,0.095769,0.003640,0.004552,7168,0,2038.209594726562500000,1788.272094726562500000,,
2026-09-11T12:58:23Z,B78677CBC998EBD4,18.4,queries/tpch/tpch-queries/q02/v1_materialized.sql,measured,1,8,1,2,382.647297,47.830912,382542.446,0.104851,0.003886,0.004827,7168,0,4073.955322265625000000,3577.514526367187500000,,
2026-09-11T13:11:09Z,B78677CBC998EBD4,18.4,queries/tpch/tpch-queries/q02/v1_materialized.sql,measured,1,16,1,2,766.585153,47.911572,766468.660,0.116493,0.002846,0.006594,7168,0,8129.571716308593750000,7134.393127441406250000,,
2026-09-11T13:11:15Z,D2CDA0FB8912ABC4,18.4,queries/tpch/tpch-queries/q09/base.sql,warmup,1,1,1,2,1.923301,1.923301,1734.289,0.189012,0.002714,0.004682,7168,0,36.273437500000000000,32.027648925781250000,,
2026-09-11T13:11:16Z,D2CDA0FB8912ABC4,18.4,queries/tpch/tpch-queries/q09/base.sql,warmup,2,1,1,2,0.943217,0.943217,889.610,0.053607,0.001913,0.007774,7168,0,20.539672851562500000,19.135986328125000000,,
2026-09-11T13:11:17Z,D2CDA0FB8912ABC4,18.4,queries/tpch/tpch-queries/q09/base.sql,measured,1,1,1,2,0.989098,0.989098,893.146,0.095952,0.002828,0.005139,7168,0,20.578125000000000000,19.189270019531250000,,
2026-09-11T13:11:19Z,D2CDA0FB8912ABC4,18.4,queries/tpch/tpch-queries/q09/base.sql,measured,1,2,1,2,1.872465,0.936232,1769.308,0.103157,0.004574,0.003670,7168,0,41.092041015625000000,38.365966796875000000,,
2026-09-11T13:11:22Z,D2CDA0FB8912ABC4,18.4,queries/tpch/tpch-queries/q09/base.sql,measured,1,4,1,2,3.617116,0.904279,3504.741,0.112375,0.003167,0.005060,7168,0,81.824951171875000000,76.598632812500000000,,
2026-09-11T13:11:29Z,D2CDA0FB8912ABC4,18.4,queries/tpch/tpch-queries/q09/base.sql,measured,1,8,1,2,7.103655,0.887957,7002.009,0.101646,0.005391,0.001792,7168,0,165.469116210937500000,155.188110351562500000,,
2026-09-11T13:11:44Z,D2CDA0FB8912ABC4,18.4,queries/tpch/tpch-queries/q09/base.sql,measured,1,16,1,2,14.213302,0.888331,14098.536,0.114766,0.003676,0.003645,7168,0,323.949707031250000000,303.733642578125000000,,
2026-09-11T13:11:49Z,6DF74AF72B19418E,18.4,queries/tpch/tpch-queries/q12/base.sql,warmup,1,1,1,2,1.288478,1.288478,1103.490,0.184988,0.003007,0.003776,7168,0,28.347595214843750000,25.233154296875000000,,
2026-09-11T13:11:49Z,6DF74AF72B19418E,18.4,queries/tpch/tpch-queries/q12/base.sql,warmup,2,1,1,2,0.485334,0.485334,394.126,0.091208,0.005174,0.001914,7168,0,14.838806152343750000,14.032165527343750000,,
2026-09-11T13:11:50Z,6DF74AF72B19418E,18.4,queries/tpch/tpch-queries/q12/base.sql,measured,1,1,1,2,0.501615,0.501615,448.171,0.053444,0.002056,0.006039,7168,0,13.270751953125000000,12.494079589843750000,,
2026-09-11T13:11:51Z,6DF74AF72B19418E,18.4,queries/tpch/tpch-queries/q12/base.sql,measured,1,2,1,2,0.939980,0.469990,836.932,0.103048,0.003677,0.004570,7168,0,26.572875976562500000,25.167541503906250000,,
2026-09-11T13:11:52Z,6DF74AF72B19418E,18.4,queries/tpch/tpch-queries/q12/base.sql,measured,1,4,1,2,1.699600,0.424900,1604.190,0.095410,0.004638,0.002842,7168,0,51.939941406250000000,49.528930664062500000,,
2026-09-11T13:11:56Z,6DF74AF72B19418E,18.4,queries/tpch/tpch-queries/q12/base.sql,measured,1,8,1,2,3.349500,0.418687,3253.088,0.096412,0.004516,0.002713,7168,0,98.912658691406250000,94.083007812500000000,,
2026-09-11T13:12:03Z,6DF74AF72B19418E,18.4,queries/tpch/tpch-queries/q12/base.sql,measured,1,16,1,2,6.798665,0.424917,6699.563,0.099102,0.001730,0.005419,7168,0,186.968200683593750000,177.409362792968750000,,
2026-09-11T13:12:08Z,4EF2606B37D48763,18.4,queries/tpch/tpch-queries/q03/base.sql,warmup,1,1,1,2,1.571521,1.571521,1383.090,0.188431,0.004583,0.002540,7168,0,26.187927246093750000,22.520080566406250000,,
2026-09-11T13:12:08Z,4EF2606B37D48763,18.4,queries/tpch/tpch-queries/q03/base.sql,warmup,2,1,1,2,0.316432,0.316432,276.660,0.039772,0.002040,0.004882,7168,0,9.143188476562500000,8.690979003906250000,,
2026-09-11T13:12:09Z,4EF2606B37D48763,18.4,queries/tpch/tpch-queries/q03/base.sql,measured,1,1,1,2,0.369312,0.369312,279.385,0.089927,0.002657,0.004570,7168,0,8.535400390625000000,7.953918457031250000,,
2026-09-11T13:12:09Z,4EF2606B37D48763,18.4,queries/tpch/tpch-queries/q03/base.sql,measured,1,2,1,2,0.604291,0.302146,512.351,0.091940,0.004643,0.002519,7168,0,16.445983886718750000,15.547058105468750000,,
2026-09-11T13:12:10Z,4EF2606B37D48763,18.4,queries/tpch/tpch-queries/q03/base.sql,measured,1,4,1,2,1.090466,0.272617,1000.158,0.090308,0.001883,0.005153,7168,0,31.000915527343750000,29.432006835937500000,,
2026-09-11T13:12:12Z,4EF2606B37D48763,18.4,queries/tpch/tpch-queries/q03/base.sql,measured,1,8,1,2,2.066157,0.258270,1971.545,0.094612,0.003648,0.003734,7168,0,59.409179687500000000,56.442749023437500000,,
2026-09-11T13:12:17Z,4EF2606B37D48763,18.4,queries/tpch/tpch-queries/q03/base.sql,measured,1,16,1,2,4.104984,0.256562,4003.496,0.101488,0.003228,0.004118,7168,0,112.492858886718750000,106.459106445312500000,,
2026-09-11T13:12:22Z,516462FD615C0C21,18.4,queries/tpch/tpch-queries/q21/v1_materialized.sql,warmup,1,1,1,2,1.440215,1.440215,1254.689,0.185526,0.003872,0.003088,7168,0,30.838317871093750000,27.344299316406250000,,
2026-09-11T13:12:22Z,516462FD615C0C21,18.4,queries/tpch/tpch-queries/q21/v1_materialized.sql,warmup,2,1,1,2,0.514730,0.514730,474.114,0.040616,0.002578,0.004466,7168,0,15.454345703125000000,14.703979492187500000,,
2026-09-11T13:12:23Z,516462FD615C0C21,18.4,queries/tpch/tpch-queries/q21/v1_materialized.sql,measured,1,1,1,2,0.616076,0.616076,479.285,0.136791,0.003722,0.003727,7168,0,15.698303222656250000,14.662475585937500000,,
2026-09-11T13:12:24Z,516462FD615C0C21,18.4,queries/tpch/tpch-queries/q21/v1_materialized.sql,measured,1,2,1,2,1.003882,0.501941,955.968,0.047914,0.002705,0.004542,7168,0,28.334655761718750000,26.840087890625000000,,
2026-09-11T13:12:26Z,516462FD615C0C21,18.4,queries/tpch/tpch-queries/q21/v1_materialized.sql,measured,1,4,1,2,1.964649,0.491162,1871.110,0.093539,0.005147,0.001895,7168,0,55.930603027343750000,53.132385253906250000,,
2026-09-11T13:12:30Z,516462FD615C0C21,18.4,queries/tpch/tpch-queries/q21/v1_materialized.sql,measured,1,8,1,2,3.884161,0.485520,3783.996,0.100165,0.001799,0.005361,7168,0,106.744750976562500000,101.001220703125000000,,
2026-09-11T13:12:38Z,516462FD615C0C21,18.4,queries/tpch/tpch-queries/q21/v1_materialized.sql,measured,1,16,1,2,8.017787,0.501112,7904.799,0.112988,0.005790,0.001948,7168,0,196.003417968750000000,184.509155273437500000,,
2026-09-11T13:12:47Z,75063CF884104FA8,18.4,queries/tpch/tpch-queries/q18/v1_materialized.sql,warmup,1,1,1,2,5.454317,5.454317,5217.731,0.236586,0.003358,0.003458,7168,0,144.686950683593750000,133.450744628906250000,,
2026-09-11T13:12:52Z,75063CF884104FA8,18.4,queries/tpch/tpch-queries/q18/v1_materialized.sql,warmup,2,1,1,2,4.667575,4.667575,4575.020,0.092555,0.004497,0.002685,7168,0,122.549438476562500000,115.715026855468750000,,
2026-09-11T13:12:57Z,75063CF884104FA8,18.4,queries/tpch/tpch-queries/q18/v1_materialized.sql,measured,1,1,1,2,4.877419,4.877419,4777.311,0.100108,0.004501,0.002655,7168,0,114.336120605468750000,107.153991699218750000,,
2026-09-11T13:13:06Z,75063CF884104FA8,18.4,queries/tpch/tpch-queries/q18/v1_materialized.sql,measured,1,2,1,2,9.759643,4.879822,9715.981,0.043662,0.002096,0.005099,7168,0,214.312011718750000000,200.273742675781250000,,
2026-09-11T13:13:26Z,75063CF884104FA8,18.4,queries/tpch/tpch-queries/q18/v1_materialized.sql,measured,1,4,1,2,19.551092,4.887773,19418.931,0.132161,0.003795,0.004849,7168,0,428.945068359375000000,400.578613281250000000,,
2026-09-11T13:14:05Z,75063CF884104FA8,18.4,queries/tpch/tpch-queries/q18/v1_materialized.sql,measured,1,8,1,2,38.799952,4.849994,38749.801,0.050151,0.003502,0.004482,7168,0,851.535949707031250000,795.870544433593750000,,
2026-09-11T13:15:22Z,75063CF884104FA8,18.4,queries/tpch/tpch-queries/q18/v1_materialized.sql,measured,1,16,1,2,77.553378,4.847086,77424.497,0.128881,0.004511,0.003584,7168,0,1701.950988769531250000,1591.491394042968750000,,
2026-09-11T13:15:27Z,F345B6424B0D43EA,18.4,queries/tpch/tpch-queries/q15/v1_materialized.sql,warmup,1,1,1,2,1.098325,1.098325,910.119,0.188206,0.001271,0.005869,7168,0,21.651977539062500000,18.985534667968750000,,
2026-09-11T13:15:28Z,F345B6424B0D43EA,18.4,queries/tpch/tpch-queries/q15/v1_materialized.sql,warmup,2,1,1,2,0.326996,0.326996,285.118,0.041878,0.003767,0.003890,7168,0,10.073791503906250000,9.578552246093750000,,
2026-09-11T13:15:28Z,F345B6424B0D43EA,18.4,queries/tpch/tpch-queries/q15/v1_materialized.sql,measured,1,1,1,2,0.439236,0.439236,340.989,0.098247,0.002478,0.005052,7168,0,9.124145507812500000,8.360290527343750000,,
2026-09-11T13:15:29Z,F345B6424B0D43EA,18.4,queries/tpch/tpch-queries/q15/v1_materialized.sql,measured,1,2,1,2,0.623650,0.311825,581.474,0.042176,0.002617,0.005285,7168,0,18.344543457031250000,17.321472167968750000,,
2026-09-11T13:15:30Z,F345B6424B0D43EA,18.4,queries/tpch/tpch-queries/q15/v1_materialized.sql,measured,1,4,1,2,1.283517,0.320879,1186.214,0.097303,0.003706,0.003681,7168,0,34.268310546875000000,32.307922363281250000,,
2026-09-11T13:15:32Z,F345B6424B0D43EA,18.4,queries/tpch/tpch-queries/q15/v1_materialized.sql,measured,1,8,1,2,2.339580,0.292447,2246.033,0.093547,0.003114,0.004395,7168,0,68.982238769531250000,65.412231445312500000,,
2026-09-11T13:15:37Z,F345B6424B0D43EA,18.4,queries/tpch/tpch-queries/q15/v1_materialized.sql,measured,1,16,1,2,4.810883,0.300680,4706.760,0.104123,0.002700,0.004550,7168,0,126.131591796875000000,118.626525878906250000,,
2026-09-11T13:15:42Z,4774E515095F88FE,18.4,queries/tpch/tpch-queries/q14/v2_filter.sql,warmup,1,1,1,2,1.086309,1.086309,900.957,0.185352,0.002559,0.004548,7168,0,21.509338378906250000,18.857543945312500000,,
2026-09-11T13:15:42Z,4774E515095F88FE,18.4,queries/tpch/tpch-queries/q14/v2_filter.sql,warmup,2,1,1,2,0.307414,0.307414,266.766,0.040648,0.001865,0.005505,7168,0,8.449279785156250000,7.992675781250000000,,
2026-09-11T13:15:43Z,4774E515095F88FE,18.4,queries/tpch/tpch-queries/q14/v2_filter.sql,measured,1,1,1,2,0.425009,0.425009,323.815,0.101194,0.005349,0.002684,7168,0,8.045715332031250000,7.393310546875000000,,
2026-09-11T13:15:43Z,4774E515095F88FE,18.4,queries/tpch/tpch-queries/q14/v2_filter.sql,measured,1,2,1,2,0.650916,0.325458,554.067,0.096849,0.002889,0.004741,7168,0,15.445434570312500000,14.302062988281250000,,
2026-09-11T13:15:44Z,4774E515095F88FE,18.4,queries/tpch/tpch-queries/q14/v2_filter.sql,measured,1,4,1,2,1.051370,0.262843,1010.142,0.041228,0.003958,0.003149,7168,0,31.703002929687500000,30.086730957031250000,,
2026-09-11T13:15:47Z,4774E515095F88FE,18.4,queries/tpch/tpch-queries/q14/v2_filter.sql,measured,1,8,1,2,2.169081,0.271135,2075.122,0.093959,0.001927,0.005355,7168,0,58.201171875000000000,54.933532714843750000,,
2026-09-11T13:15:51Z,4774E515095F88FE,18.4,queries/tpch/tpch-queries/q14/v2_filter.sql,measured,1,16,1,2,4.209450,0.263091,4107.957,0.101493,0.001069,0.006229,7168,0,116.014099121093750000,109.480407714843750000,,
2026-09-11T13:16:01Z,5F4F075049095D4A,18.4,queries/tpch/tpch-queries/q05/v1_materialized.sql,warmup,1,1,1,2,6.238298,6.238298,6045.846,0.192452,0.003845,0.003344,7168,0,41.464721679687500000,28.118103027343750000,,
2026-09-11T13:16:01Z,5F4F075049095D4A,18.4,queries/tpch/tpch-queries/q05/v1_materialized.sql,warmup,2,1,1,2,0.282594,0.282594,241.041,0.041553,0.002720,0.004723,7168,0,4.179748535156250000,3.774719238281250000,,
2026-09-11T13:16:01Z,5F4F075049095D4A,18.4,queries/tpch/tpch-queries/q05/v1_materialized.sql,measured,1,1,1,2,0.333502,0.333502,243.147,0.090355,0.000943,0.006648,7168,0,4.347900390625000000,3.795715332031250000,,
2026-09-11T13:16:02Z,5F4F075049095D4A,18.4,queries/tpch/tpch-queries/q05/v1_materialized.sql,measured,1,2,1,2,0.522331,0.261166,476.074,0.046257,0.004059,0.003962,7168,0,7.296020507812500000,6.572204589843750000,,
2026-09-11T13:16:03Z,5F4F075049095D4A,18.4,queries/tpch/tpch-queries/q05/v1_materialized.sql,measured,1,4,1,2,1.053223,0.263306,946.107,0.107116,0.002763,0.005509,7168,0,13.526123046875000000,11.964660644531250000,,
2026-09-11T13:16:05Z,5F4F075049095D4A,18.4,queries/tpch/tpch-queries/q05/v1_materialized.sql,measured,1,8,1,2,1.960154,0.245019,1845.908,0.114246,0.003758,0.004605,7168,0,26.490417480468750000,23.752685546875000000,,
2026-09-11T13:16:09Z,5F4F075049095D4A,18.4,queries/tpch/tpch-queries/q05/v1_materialized.sql,measured,1,16,1,2,3.744414,0.234026,3622.477,0.121937,0.001997,0.005879,7168,0,53.888916015625000000,48.517883300781250000,,
2026-09-11T13:16:14Z,E3D55F7A6D98497E,18.4,queries/tpch/tpch-queries/q21/v1_materialized.sql,warmup,1,1,1,2,1.448014,1.448014,1262.875,0.185139,0.001613,0.005456,7168,0,30.879394531250000000,27.415893554687500000,,
2026-09-11T13:16:14Z,E3D55F7A6D98497E,18.4,queries/tpch/tpch-queries/q21/v1_materialized.sql,warmup,2,1,1,2,0.503875,0.503875,463.048,0.040827,0.003010,0.004407,7168,0,16.057189941406250000,15.257019042968750000,,
2026-09-11T13:16:15Z,E3D55F7A6D98497E,18.4,queries/tpch/tpch-queries/q21/v1_materialized.sql,measured,1,1,1,2,0.499492,0.499492,458.923,0.040569,0.000904,0.006226,7168,0,16.081176757812500000,15.303283691406250000,,
2026-09-11T13:16:16Z,E3D55F7A6D98497E,18.4,queries/tpch/tpch-queries/q21/v1_materialized.sql,measured,1,2,1,2,0.934924,0.467462,893.076,0.041848,0.000000,0.007120,7168,0,30.951843261718750000,29.626831054687500000,,
2026-09-11T13:16:18Z,E3D55F7A6D98497E,18.4,queries/tpch/tpch-queries/q21/v1_materialized.sql,measured,1,4,1,2,1.879459,0.469865,1785.994,0.093465,0.003669,0.003760,7168,0,59.823364257812500000,57.151977539062500000,,
2026-09-11T13:16:21Z,E3D55F7A6D98497E,18.4,queries/tpch/tpch-queries/q21/v1_materialized.sql,measured,1,8,1,2,3.744182,0.468023,3640.597,0.103585,0.002810,0.004592,7168,0,114.846130371093750000,109.252990722656250000,,
2026-09-11T13:16:29Z,E3D55F7A6D98497E,18.4,queries/tpch/tpch-queries/q21/v1_materialized.sql,measured,1,16,1,2,7.571669,0.473229,7462.031,0.109638,0.005385,0.001800,7168,0,215.859130859375000000,204.841857910156250000,,
2026-09-11T13:16:41Z,B190FC6945B5A1DE,18.4,queries/tpch/tpch-queries/q08/base.sql,warmup,1,1,1,2,8.594358,8.594358,8398.898,0.195460,0.002230,0.005300,7168,0,56.785156250000000000,38.326416015625000000,,
2026-09-11T13:16:42Z,B190FC6945B5A1DE,18.4,queries/tpch/tpch-queries/q08/base.sql,warmup,2,1,1,2,0.415992,0.415992,371.692,0.044300,0.004697,0.005006,7168,0,7.120544433593750000,6.539428710937500000,,
2026-09-11T13:16:42Z,B190FC6945B5A1DE,18.4,queries/tpch/tpch-queries/q08/base.sql,measured,1,1,1,2,0.461240,0.461240,368.287,0.092953,0.002397,0.005322,7168,0,7.276245117187500000,6.595947265625000000,,
2026-09-11T13:16:43Z,B190FC6945B5A1DE,18.4,queries/tpch/tpch-queries/q08/base.sql,measured,1,2,1,2,0.800585,0.400293,705.152,0.095433,0.001873,0.005817,7168,0,13.270751953125000000,12.109680175781250000,,
2026-09-11T13:16:44Z,B190FC6945B5A1DE,18.4,queries/tpch/tpch-queries/q08/base.sql,measured,1,4,1,2,1.466388,0.366597,1371.115,0.095273,0.003752,0.003752,7168,0,24.970031738281250000,22.824707031250000000,,
2026-09-11T13:16:47Z,B190FC6945B5A1DE,18.4,queries/tpch/tpch-queries/q08/base.sql,measured,1,8,1,2,2.787181,0.348398,2685.514,0.101667,0.002956,0.005042,7168,0,49.724121093750000000,45.706481933593750000,,
2026-09-11T13:16:53Z,B190FC6945B5A1DE,18.4,queries/tpch/tpch-queries/q08/base.sql,measured,1,16,1,2,5.385934,0.336621,5272.820,0.113114,0.003360,0.004258,7168,0,98.956604003906250000,91.269042968750000000,,
2026-09-11T13:16:58Z,1E485C587F6443E5,18.4,queries/tpch/tpch-queries/q03/base.sql,warmup,1,1,1,2,1.569606,1.569606,1381.342,0.188264,0.001775,0.005228,7168,0,24.966857910156250000,21.347167968750000000,,
2026-09-11T13:16:58Z,1E485C587F6443E5,18.4,queries/tpch/tpch-queries/q03/base.sql,warmup,2,1,1,2,0.299500,0.299500,259.654,0.039846,0.002042,0.004864,7168,0,9.045410156250000000,8.551086425781250000,,
2026-09-11T13:16:59Z,1E485C587F6443E5,18.4,queries/tpch/tpch-queries/q03/base.sql,measured,1,1,1,2,0.298469,0.298469,258.411,0.040058,0.001029,0.005941,7168,0,9.029296875000000000,8.612060546875000000,,
2026-09-11T13:16:59Z,1E485C587F6443E5,18.4,queries/tpch/tpch-queries/q03/base.sql,measured,1,2,1,2,0.634981,0.317491,541.681,0.093300,0.001038,0.006079,7168,0,15.815734863281250000,14.786865234375000000,,
2026-09-11T13:17:00Z,1E485C587F6443E5,18.4,queries/tpch/tpch-queries/q03/base.sql,measured,1,4,1,2,0.988521,0.247130,946.073,0.042448,0.006043,0.001051,7168,0,32.952941894531250000,31.544433593750000000,,
2026-09-11T13:17:02Z,1E485C587F6443E5,18.4,queries/tpch/tpch-queries/q03/base.sql,measured,1,8,1,2,1.982651,0.247831,1887.484,0.095167,0.000845,0.006466,7168,0,64.543457031250000000,61.649169921875000000,,
2026-09-11T13:17:06Z,1E485C587F6443E5,18.4,queries/tpch/tpch-queries/q03/base.sql,measured,1,16,1,2,3.905205,0.244075,3804.413,0.100792,0.000894,0.006381,7168,0,121.724365234375000000,116.006591796875000000,,
2026-09-11T13:17:15Z,85913639BD404FFB,18.4,queries/tpch/tpch-queries/q18/base.sql,warmup,1,1,1,2,5.274576,5.274576,5089.199,0.185377,0.002610,0.004252,7168,0,149.084472656250000000,138.120727539062500000,,
2026-09-11T13:17:20Z,85913639BD404FFB,18.4,queries/tpch/tpch-queries/q18/base.sql,warmup,2,1,1,2,4.615832,4.615832,4523.258,0.092574,0.004617,0.002478,7168,0,126.661071777343750000,119.945556640625000000,,
2026-09-11T13:17:25Z,85913639BD404FFB,18.4,queries/tpch/tpch-queries/q18/base.sql,measured,1,1,1,2,4.676667,4.676667,4614.580,0.062087,0.002029,0.006046,7168,0,122.620544433593750000,115.853210449218750000,,
2026-09-11T13:17:34Z,85913639BD404FFB,18.4,queries/tpch/tpch-queries/q18/base.sql,measured,1,2,1,2,9.516526,4.758263,9411.053,0.105473,0.004553,0.003139,7168,0,230.359619140625000000,216.724243164062500000,,
2026-09-11T13:17:54Z,85913639BD404FFB,18.4,queries/tpch/tpch-queries/q18/base.sql,measured,1,4,1,2,19.575465,4.893866,19468.809,0.106656,0.003671,0.004595,7168,0,428.923339843750000000,400.756103515625000000,,
2026-09-11T13:18:33Z,85913639BD404FFB,18.4,queries/tpch/tpch-queries/q18/base.sql,measured,1,8,1,2,39.018456,4.877307,38898.229,0.120227,0.000933,0.007377,7168,0,856.188720703125000000,800.473388671875000000,,
2026-09-11T13:19:50Z,85913639BD404FFB,18.4,queries/tpch/tpch-queries/q18/base.sql,measured,1,16,1,2,77.766311,4.860394,77640.315,0.125996,0.003670,0.004652,7168,0,1706.669921875000000000,1596.179016113281250000,,
2026-09-11T13:20:04Z,B406730C122BFE4C,18.4,queries/tpch/tpch-queries/q08/v2_filter.sql,warmup,1,1,1,2,9.878058,9.878058,9681.491,0.196567,0.002408,0.004361,7168,0,55.255676269531250000,34.091125488281250000,,
2026-09-11T13:20:05Z,B406730C122BFE4C,18.4,queries/tpch/tpch-queries/q08/v2_filter.sql,warmup,2,1,1,2,0.412575,0.412575,371.151,0.041424,0.002042,0.004887,7168,0,7.171569824218750000,6.611572265625000000,,
2026-09-11T13:20:05Z,B406730C122BFE4C,18.4,queries/tpch/tpch-queries/q08/v2_filter.sql,measured,1,1,1,2,0.417153,0.417153,371.222,0.045931,0.004475,0.003643,7168,0,6.966918945312500000,6.378845214843750000,,
2026-09-11T13:20:06Z,B406730C122BFE4C,18.4,queries/tpch/tpch-queries/q08/v2_filter.sql,measured,1,2,1,2,0.763191,0.381595,715.064,0.048127,0.001807,0.006371,7168,0,12.812866210937500000,11.678100585937500000,,
2026-09-11T13:20:07Z,B406730C122BFE4C,18.4,queries/tpch/tpch-queries/q08/v2_filter.sql,measured,1,4,1,2,1.476211,0.369053,1377.254,0.098957,0.007804,0.000000,7168,0,25.290527343750000000,23.065124511718750000,,
2026-09-11T13:20:10Z,B406730C122BFE4C,18.4,queries/tpch/tpch-queries/q08/v2_filter.sql,measured,1,8,1,2,2.817083,0.352135,2714.960,0.102123,0.003854,0.003924,7168,0,49.778320312500000000,45.805786132812500000,,
2026-09-11T13:20:16Z,B406730C122BFE4C,18.4,queries/tpch/tpch-queries/q08/v2_filter.sql,measured,1,16,1,2,5.455237,0.340952,5338.720,0.116517,0.003835,0.003775,7168,0,99.108459472656250000,91.307922363281250000,,
2026-09-11T13:20:21Z,B1F7A8DCB874AC9E,18.4,queries/tpch/tpch-queries/q15/v1_materialized.sql,warmup,1,1,1,2,1.105962,1.105962,924.328,0.181634,0.002489,0.004470,7168,0,21.457702636718750000,18.804565429687500000,,
2026-09-11T13:20:21Z,B1F7A8DCB874AC9E,18.4,queries/tpch/tpch-queries/q15/v1_materialized.sql,warmup,2,1,1,2,0.321464,0.321464,280.708,0.040756,0.003249,0.004134,7168,0,10.093200683593750000,9.594787597656250000,,
2026-09-11T13:20:21Z,B1F7A8DCB874AC9E,18.4,queries/tpch/tpch-queries/q15/v1_materialized.sql,measured,1,1,1,2,0.425763,0.425763,324.762,0.101001,0.003647,0.003733,7168,0,9.134277343750000000,8.457824707031250000,,
2026-09-11T13:20:22Z,B1F7A8DCB874AC9E,18.4,queries/tpch/tpch-queries/q15/v1_materialized.sql,measured,1,2,1,2,0.703744,0.351872,605.013,0.098731,0.002882,0.004850,7168,0,18.178955078125000000,17.024353027343750000,,
2026-09-11T13:20:23Z,B1F7A8DCB874AC9E,18.4,queries/tpch/tpch-queries/q15/v1_materialized.sql,measured,1,4,1,2,1.114606,0.278651,1070.833,0.043773,0.004516,0.003617,7168,0,38.291931152343750000,36.593017578125000000,,
2026-09-11T13:20:25Z,B1F7A8DCB874AC9E,18.4,queries/tpch/tpch-queries/q15/v1_materialized.sql,measured,1,8,1,2,2.319699,0.289962,2221.889,0.097810,0.001828,0.005426,7168,0,70.225158691406250000,66.700012207031250000,,
2026-09-11T13:20:30Z,B1F7A8DCB874AC9E,18.4,queries/tpch/tpch-queries/q15/v1_materialized.sql,measured,1,16,1,2,4.578650,0.286166,4478.044,0.100606,0.002101,0.005049,7168,0,135.146789550781250000,128.031005859375000000,,
2026-09-11T13:21:23Z,FA33E571A153C9FB,18.4,queries/tpch/tpch-queries/q02/base.sql,warmup,1,1,1,2,48.898288,48.898288,48658.819,0.239469,0.003320,0.004099,7168,0,528.107849121093750000,460.949401855468750000,,
2026-09-11T13:22:11Z,FA33E571A153C9FB,18.4,queries/tpch/tpch-queries/q02/base.sql,warmup,2,1,1,2,48.075381,48.075381,48030.408,0.044973,0.005268,0.005040,7168,0,526.064025878906250000,463.317504882812500000,,
2026-09-11T13:22:59Z,FA33E571A153C9FB,18.4,queries/tpch/tpch-queries/q02/base.sql,measured,1,1,1,2,48.408271,48.408271,48317.126,0.091145,0.001037,0.007138,7168,0,509.482238769531250000,446.942260742187500000,,
2026-09-11T13:24:35Z,FA33E571A153C9FB,18.4,queries/tpch/tpch-queries/q02/base.sql,measured,1,2,1,2,95.367180,47.683590,95274.999,0.092181,0.002703,0.005354,7168,0,1035.552612304687500000,912.468139648437500000,,
2026-09-11T13:27:46Z,FA33E571A153C9FB,18.4,queries/tpch/tpch-queries/q02/base.sql,measured,1,4,1,2,191.701396,47.925349,191604.214,0.097182,0.003284,0.005280,7168,0,2020.841857910156250000,1771.929016113281250000,,
2026-09-11T13:34:05Z,FA33E571A153C9FB,18.4,queries/tpch/tpch-queries/q02/base.sql,measured,1,8,1,2,378.317756,47.289719,378212.597,0.105159,0.002853,0.006638,7168,0,3989.504333496093750000,3498.643554687500000000,,
2026-09-11T13:46:35Z,FA33E571A153C9FB,18.4,queries/tpch/tpch-queries/q02/base.sql,measured,1,16,1,2,750.098516,46.881157,749986.689,0.111827,0.002967,0.005941,7168,0,8058.942199707031250000,7083.759277343750000000,,
2026-09-11T13:46:40Z,8FC0B28DBF63011D,18.4,queries/tpch/tpch-queries/q10/base.sql,warmup,1,1,1,2,1.961573,1.961573,1768.107,0.193466,0.004390,0.002432,7168,0,23.814025878906250000,19.488769531250000000,,
2026-09-11T13:46:40Z,8FC0B28DBF63011D,18.4,queries/tpch/tpch-queries/q10/base.sql,warmup,2,1,1,2,0.292446,0.292446,251.975,0.040471,0.003885,0.003089,7168,0,7.922119140625000000,7.498229980468750000,,
2026-09-11T13:46:41Z,8FC0B28DBF63011D,18.4,queries/tpch/tpch-queries/q10/base.sql,measured,1,1,1,2,0.397951,0.397951,261.497,0.136454,0.003870,0.003913,7168,0,8.058654785156250000,7.411926269531250000,,
2026-09-11T13:46:41Z,8FC0B28DBF63011D,18.4,queries/tpch/tpch-queries/q10/base.sql,measured,1,2,1,2,0.540365,0.270182,496.909,0.043456,0.003911,0.003095,7168,0,14.765380859375000000,14.011169433593750000,,
2026-09-11T13:46:42Z,8FC0B28DBF63011D,18.4,queries/tpch/tpch-queries/q10/base.sql,measured,1,4,1,2,1.063428,0.265857,961.733,0.101695,0.002808,0.004809,7168,0,29.342956542968750000,27.824768066406250000,,
2026-09-11T13:46:44Z,8FC0B28DBF63011D,18.4,queries/tpch/tpch-queries/q10/base.sql,measured,1,8,1,2,1.984875,0.248109,1880.682,0.104193,0.002164,0.005192,7168,0,58.423950195312500000,55.455444335937500000,,
2026-09-11T13:46:48Z,8FC0B28DBF63011D,18.4,queries/tpch/tpch-queries/q10/base.sql,measured,1,16,1,2,3.842959,0.240185,3724.965,0.117994,0.003758,0.003773,7168,0,117.580261230468750000,111.813903808593750000,,
2026-09-11T13:47:02Z,642388954917947A,18.4,queries/tpch/tpch-queries/q08/v1_materialized.sql,warmup,1,1,1,2,10.390728,10.390728,10192.239,0.198489,0.003505,0.003410,7168,0,44.559753417968750000,22.317932128906250000,,
2026-09-11T13:47:03Z,642388954917947A,18.4,queries/tpch/tpch-queries/q08/v1_materialized.sql,warmup,2,1,1,2,0.407807,0.407807,366.709,0.041098,0.000872,0.006040,7168,0,6.947448730468750000,6.385070800781250000,,
2026-09-11T13:47:03Z,642388954917947A,18.4,queries/tpch/tpch-queries/q08/v1_materialized.sql,measured,1,1,1,2,0.456002,0.456002,365.490,0.090512,0.001845,0.005672,7168,0,7.108337402343750000,6.438049316406250000,,
2026-09-11T13:47:04Z,642388954917947A,18.4,queries/tpch/tpch-queries/q08/v1_materialized.sql,measured,1,2,1,2,0.802964,0.401482,707.521,0.095443,0.002446,0.005431,7168,0,12.623657226562500000,11.480957031250000000,,
2026-09-11T13:47:05Z,642388954917947A,18.4,queries/tpch/tpch-queries/q08/v1_materialized.sql,measured,1,4,1,2,1.488217,0.372054,1389.820,0.098397,0.002244,0.005349,7168,0,24.080993652343750000,21.976196289062500000,,
2026-09-11T13:47:08Z,642388954917947A,18.4,queries/tpch/tpch-queries/q08/v1_materialized.sql,measured,1,8,1,2,2.793899,0.349237,2666.528,0.127371,0.004212,0.004053,7168,0,48.237426757812500000,44.302734375000000000,,
2026-09-11T13:47:14Z,642388954917947A,18.4,queries/tpch/tpch-queries/q08/v1_materialized.sql,measured,1,16,1,2,5.418162,0.338635,5296.692,0.121470,0.001920,0.005696,7168,0,95.729003906250000000,87.973815917968750000,,
2026-09-11T13:47:19Z,C4D193BA664DA282,18.4,queries/tpch/tpch-queries/q19/v2_union_all.sql,warmup,1,1,1,2,1.665229,1.665229,1482.972,0.182257,0.001778,0.005224,7168,0,51.131774902343750000,47.258422851562500000,,
2026-09-11T13:47:20Z,C4D193BA664DA282,18.4,queries/tpch/tpch-queries/q19/v2_union_all.sql,warmup,2,1,1,2,1.041766,1.041766,1001.649,0.040117,0.002059,0.004923,7168,0,38.975158691406250000,37.397766113281250000,,
2026-09-11T13:47:21Z,C4D193BA664DA282,18.4,queries/tpch/tpch-queries/q19/v2_union_all.sql,measured,1,1,1,2,1.161071,1.161071,1063.387,0.097684,0.000000,0.007522,7168,0,37.072753906250000000,35.456665039062500000,,
2026-09-11T13:47:24Z,C4D193BA664DA282,18.4,queries/tpch/tpch-queries/q19/v2_union_all.sql,measured,1,2,1,2,2.255120,1.127560,2156.603,0.098517,0.003793,0.003881,7168,0,69.700622558593750000,66.593750000000000000,,
2026-09-11T13:47:28Z,C4D193BA664DA282,18.4,queries/tpch/tpch-queries/q19/v2_union_all.sql,measured,1,4,1,2,4.520113,1.130028,4414.040,0.106073,0.002638,0.005214,7168,0,133.071105957031250000,126.642761230468750000,,
2026-09-11T13:47:37Z,C4D193BA664DA282,18.4,queries/tpch/tpch-queries/q19/v2_union_all.sql,measured,1,8,1,2,9.346352,1.168294,9172.449,0.173903,0.000893,0.007200,7168,0,249.063964843750000000,236.119873046875000000,,
2026-09-11T13:47:57Z,C4D193BA664DA282,18.4,queries/tpch/tpch-queries/q19/v2_union_all.sql,measured,1,16,1,2,19.257316,1.203582,19187.245,0.070071,0.003968,0.003958,7168,0,461.792175292968750000,435.592834472656250000,,
2026-09-11T13:48:02Z,0774A5FA4C7B1148,18.4,queries/tpch/tpch-queries/q13/base.sql,warmup,1,1,1,2,1.863166,1.863166,1625.916,0.237250,0.002129,0.005005,7168,0,13.151916503906250000,9.276489257812500000,,
2026-09-11T13:48:04Z,0774A5FA4C7B1148,18.4,queries/tpch/tpch-queries/q13/base.sql,warmup,2,1,1,2,1.478169,1.478169,1436.943,0.041226,0.004631,0.003769,7168,0,10.115661621093750000,8.215148925781250000,,
2026-09-11T13:48:05Z,0774A5FA4C7B1148,18.4,queries/tpch/tpch-queries/q13/base.sql,measured,1,1,1,2,1.498623,1.498623,1407.886,0.090737,0.002671,0.005295,7168,0,10.439880371093750000,8.577758789062500000,,
2026-09-11T13:48:08Z,0774A5FA4C7B1148,18.4,queries/tpch/tpch-queries/q13/base.sql,measured,1,2,1,2,2.929643,1.464821,2788.886,0.140757,0.002960,0.004856,7168,0,20.596557617187500000,16.764282226562500000,,
2026-09-11T13:48:14Z,0774A5FA4C7B1148,18.4,queries/tpch/tpch-queries/q13/base.sql,measured,1,4,1,2,5.480694,1.370174,5434.021,0.046673,0.002029,0.006008,7168,0,39.824218750000000000,32.952209472656250000,,
2026-09-11T13:48:25Z,0774A5FA4C7B1148,18.4,queries/tpch/tpch-queries/q13/base.sql,measured,1,8,1,2,10.795150,1.349394,10693.457,0.101693,0.003637,0.003646,7168,0,81.041320800781250000,67.635803222656250000,,
2026-09-11T13:48:46Z,0774A5FA4C7B1148,18.4,queries/tpch/tpch-queries/q13/base.sql,measured,1,16,1,2,21.419258,1.338704,21357.820,0.061438,0.003316,0.005457,7168,0,158.000976562500000000,132.183837890625000000,,
2026-09-11T13:48:50Z,F75394B5C60A6AC9,18.4,queries/tpch/tpch-queries/q11/base.sql,warmup,1,1,1,2,0.392683,0.392683,211.420,0.181263,0.002011,0.004769,7168,0,4.578613281250000000,3.771118164062500000,,
2026-09-11T13:48:50Z,F75394B5C60A6AC9,18.4,queries/tpch/tpch-queries/q11/base.sql,warmup,2,1,1,2,0.122415,0.122415,82.525,0.039890,0.003505,0.003653,7168,0,3.022094726562500000,2.849609375000000000,,
2026-09-11T13:48:50Z,F75394B5C60A6AC9,18.4,queries/tpch/tpch-queries/q11/base.sql,measured,1,1,1,2,0.199198,0.199198,85.551,0.113647,0.003054,0.007435,7168,0,3.093566894531250000,2.756103515625000000,,
2026-09-11T13:48:50Z,F75394B5C60A6AC9,18.4,queries/tpch/tpch-queries/q11/base.sql,measured,1,2,1,2,0.269539,0.134769,167.768,0.101771,0.001852,0.006432,7168,0,5.601623535156250000,5.186218261718750000,,
2026-09-11T13:48:51Z,F75394B5C60A6AC9,18.4,queries/tpch/tpch-queries/q11/base.sql,measured,1,4,1,2,0.441010,0.110252,317.946,0.123064,0.004593,0.005565,7168,0,10.467102050781250000,9.795104980468750000,,
2026-09-11T13:48:52Z,F75394B5C60A6AC9,18.4,queries/tpch/tpch-queries/q11/base.sql,measured,1,8,1,2,0.808240,0.101030,697.121,0.111119,0.002696,0.005475,7168,0,19.899414062500000000,18.638061523437500000,,
2026-09-11T13:48:53Z,F75394B5C60A6AC9,18.4,queries/tpch/tpch-queries/q11/base.sql,measured,1,16,1,2,1.482271,0.092642,1357.787,0.124484,0.003741,0.004657,7168,0,39.951843261718750000,37.704406738281250000,,
2026-09-11T13:49:05Z,188D86D7D605C2BF,18.4,queries/tpch/tpch-queries/q08/base.sql,warmup,1,1,1,2,8.636577,8.636577,8440.114,0.196463,0.004223,0.002586,7168,0,47.436218261718750000,29.135070800781250000,,
2026-09-11T13:49:06Z,188D86D7D605C2BF,18.4,queries/tpch/tpch-queries/q08/base.sql,warmup,2,1,1,2,0.409114,0.409114,367.489,0.041625,0.002082,0.004972,7168,0,7.073364257812500000,6.519470214843750000,,
2026-09-11T13:49:06Z,188D86D7D605C2BF,18.4,queries/tpch/tpch-queries/q08/base.sql,measured,1,1,1,2,0.448451,0.448451,358.639,0.089812,0.005310,0.001783,7168,0,7.297912597656250000,6.625976562500000000,,
2026-09-11T13:49:07Z,188D86D7D605C2BF,18.4,queries/tpch/tpch-queries/q08/base.sql,measured,1,2,1,2,0.778136,0.389068,686.597,0.091539,0.002101,0.005081,7168,0,13.063110351562500000,11.960266113281250000,,
2026-09-11T13:49:08Z,188D86D7D605C2BF,18.4,queries/tpch/tpch-queries/q08/base.sql,measured,1,4,1,2,1.440994,0.360249,1346.141,0.094853,0.003648,0.003641,7168,0,24.755676269531250000,22.759582519531250000,,
2026-09-11T13:49:11Z,188D86D7D605C2BF,18.4,queries/tpch/tpch-queries/q08/base.sql,measured,1,8,1,2,2.756031,0.344504,2621.139,0.134892,0.002961,0.004197,7168,0,48.834716796875000000,44.848815917968750000,,
2026-09-11T13:49:16Z,188D86D7D605C2BF,18.4,queries/tpch/tpch-queries/q08/base.sql,measured,1,16,1,2,5.355875,0.334742,5240.327,0.115548,0.002110,0.005145,7168,0,96.196655273437500000,88.733581542968750000,,
2026-09-11T13:49:22Z,FD536E5BF50A383E,18.4,queries/tpch/tpch-queries/q09/base.sql,warmup,1,1,1,2,1.952279,1.952279,1760.097,0.192182,0.003832,0.003696,7168,0,35.989624023437500000,31.721069335937500000,,
2026-09-11T13:49:23Z,FD536E5BF50A383E,18.4,queries/tpch/tpch-queries/q09/base.sql,warmup,2,1,1,2,0.935254,0.935254,886.195,0.049059,0.002592,0.007614,7168,0,20.650695800781250000,19.307495117187500000,,
2026-09-11T13:49:24Z,FD536E5BF50A383E,18.4,queries/tpch/tpch-queries/q09/base.sql,measured,1,1,1,2,0.985116,0.985116,889.734,0.095382,0.002630,0.005382,7168,0,20.844238281250000000,19.463378906250000000,,
2026-09-11T13:49:26Z,FD536E5BF50A383E,18.4,queries/tpch/tpch-queries/q09/base.sql,measured,1,2,1,2,1.858628,0.929314,1755.820,0.102808,0.001990,0.005780,7168,0,41.396423339843750000,38.725708007812500000,,
2026-09-11T13:49:30Z,FD536E5BF50A383E,18.4,queries/tpch/tpch-queries/q09/base.sql,measured,1,4,1,2,3.632247,0.908062,3516.856,0.115391,0.003123,0.006081,7168,0,82.539794921875000000,77.175170898437500000,,
2026-09-11T13:49:37Z,FD536E5BF50A383E,18.4,queries/tpch/tpch-queries/q09/base.sql,measured,1,8,1,2,7.089954,0.886244,6990.860,0.099094,0.003566,0.003635,7168,0,165.889770507812500000,155.496887207031250000,,
2026-09-11T13:49:51Z,FD536E5BF50A383E,18.4,queries/tpch/tpch-queries/q09/base.sql,measured,1,16,1,2,14.214787,0.888424,14065.826,0.148961,0.000000,0.007122,7168,0,328.208251953125000000,307.728454589843750000,,
2026-09-11T13:50:00Z,58CF6797364DF721,18.4,queries/tpch/tpch-queries/q17/v2_decorrelate.sql,warmup,1,1,1,2,5.640555,5.640555,5456.109,0.184446,0.002862,0.004607,7168,0,72.744934082031250000,59.133239746093750000,,
2026-09-11T13:50:06Z,58CF6797364DF721,18.4,queries/tpch/tpch-queries/q17/v2_decorrelate.sql,warmup,2,1,1,2,5.550163,5.550163,5434.712,0.115451,0.005100,0.005264,7168,0,75.849365234375000000,66.321105957031250000,,
2026-09-11T13:50:12Z,58CF6797364DF721,18.4,queries/tpch/tpch-queries/q17/v2_decorrelate.sql,measured,1,1,1,2,5.543380,5.543380,5484.269,0.059111,0.004752,0.003851,7168,0,74.623413085937500000,65.306518554687500000,,
2026-09-11T13:50:23Z,58CF6797364DF721,18.4,queries/tpch/tpch-queries/q17/v2_decorrelate.sql,measured,1,2,1,2,11.103232,5.551616,11062.693,0.040539,0.002868,0.004207,7168,0,149.791076660156250000,131.352722167968750000,,
2026-09-11T13:50:45Z,58CF6797364DF721,18.4,queries/tpch/tpch-queries/q17/v2_decorrelate.sql,measured,1,4,1,2,21.915950,5.478987,21822.622,0.093328,0.002637,0.004509,7168,0,299.152954101562500000,262.227722167968750000,,
2026-09-11T13:51:28Z,58CF6797364DF721,18.4,queries/tpch/tpch-queries/q17/v2_decorrelate.sql,measured,1,8,1,2,43.511714,5.438964,43363.818,0.147896,0.001062,0.006243,7168,0,597.050415039062500000,524.060852050781250000,,
2026-09-11T13:52:55Z,58CF6797364DF721,18.4,queries/tpch/tpch-queries/q17/v2_decorrelate.sql,measured,1,16,1,2,86.936811,5.433551,86869.430,0.067381,0.004735,0.003663,7168,0,1191.318359375000000000,1046.469299316406250000,,
2026-09-11T13:53:01Z,73D5152D2324EEFC,18.4,queries/tpch/tpch-queries/q09/v1_materialized.sql,warmup,1,1,1,2,1.958097,1.958097,1765.396,0.192701,0.004408,0.003024,7168,0,36.293945312500000000,31.924438476562500000,,
2026-09-11T13:53:02Z,73D5152D2324EEFC,18.4,queries/tpch/tpch-queries/q09/v1_materialized.sql,warmup,2,1,1,2,0.945275,0.945275,893.174,0.052101,0.006578,0.004525,7168,0,20.855895996093750000,19.467346191406250000,,
2026-09-11T13:53:03Z,73D5152D2324EEFC,18.4,queries/tpch/tpch-queries/q09/v1_materialized.sql,measured,1,1,1,2,0.987961,0.987961,890.397,0.097564,0.003964,0.004134,7168,0,21.039978027343750000,19.627136230468750000,,
2026-09-11T13:53:05Z,73D5152D2324EEFC,18.4,queries/tpch/tpch-queries/q09/v1_materialized.sql,measured,1,2,1,2,1.868470,0.934235,1770.920,0.097550,0.003995,0.003843,7168,0,41.959045410156250000,39.313110351562500000,,
2026-09-11T13:53:08Z,73D5152D2324EEFC,18.4,queries/tpch/tpch-queries/q09/v1_materialized.sql,measured,1,4,1,2,3.653736,0.913434,3540.866,0.112870,0.004435,0.003567,7168,0,83.298645019531250000,77.974975585937500000,,
2026-09-11T13:53:15Z,73D5152D2324EEFC,18.4,queries/tpch/tpch-queries/q09/v1_materialized.sql,measured,1,8,1,2,7.181265,0.897658,7081.039,0.100226,0.004129,0.002959,7168,0,166.521606445312500000,156.246887207031250000,,
2026-09-11T13:53:30Z,73D5152D2324EEFC,18.4,queries/tpch/tpch-queries/q09/v1_materialized.sql,measured,1,16,1,2,14.436619,0.902289,14323.498,0.113121,0.002689,0.004458,7168,0,324.441223144531250000,303.978942871093750000,,
2026-09-11T13:53:35Z,0477362B883C716B,18.4,queries/tpch/tpch-queries/q12/base.sql,warmup,1,1,1,2,1.290974,1.290974,1103.454,0.187520,0.005616,0.001679,7168,0,29.576782226562500000,26.440490722656250000,,
2026-09-11T13:53:36Z,0477362B883C716B,18.4,queries/tpch/tpch-queries/q12/base.sql,warmup,2,1,1,2,0.477456,0.477456,437.554,0.039902,0.001656,0.005255,7168,0,15.757629394531250000,15.085266113281250000,,
2026-09-11T13:53:36Z,0477362B883C716B,18.4,queries/tpch/tpch-queries/q12/base.sql,measured,1,1,1,2,0.626230,0.626230,480.137,0.146093,0.002869,0.004723,7168,0,15.065124511718750000,14.098327636718750000,,
2026-09-11T13:53:37Z,0477362B883C716B,18.4,queries/tpch/tpch-queries/q12/base.sql,measured,1,2,1,2,0.968123,0.484061,917.288,0.050835,0.002286,0.005410,7168,0,28.877563476562500000,27.564147949218750000,,
2026-09-11T13:53:39Z,0477362B883C716B,18.4,queries/tpch/tpch-queries/q12/base.sql,measured,1,4,1,2,1.867544,0.466886,1816.668,0.050876,0.003891,0.003891,7168,0,56.446166992187500000,53.904541015625000000,,
2026-09-11T13:53:43Z,0477362B883C716B,18.4,queries/tpch/tpch-queries/q12/base.sql,measured,1,8,1,2,3.748261,0.468533,3653.497,0.094764,0.005398,0.001804,7168,0,108.439331054687500000,103.144775390625000000,,
2026-09-11T13:53:50Z,0477362B883C716B,18.4,queries/tpch/tpch-queries/q12/base.sql,measured,1,16,1,2,7.531286,0.470705,7431.452,0.099834,0.004538,0.002693,7168,0,206.763366699218750000,196.189392089843750000,,
2026-09-11T13:53:56Z,37F2B6880E123EFE,18.4,queries/tpch/tpch-queries/q01/v1_materialized.sql,warmup,1,1,1,2,2.164330,2.164330,1982.786,0.181544,0.001019,0.005847,7168,0,59.333862304687500000,54.491088867187500000,,
2026-09-11T13:53:58Z,37F2B6880E123EFE,18.4,queries/tpch/tpch-queries/q01/v1_materialized.sql,warmup,2,1,1,2,1.550058,1.550058,1510.511,0.039547,0.002181,0.005159,7168,0,44.950805664062500000,42.972106933593750000,,
2026-09-11T13:54:00Z,37F2B6880E123EFE,18.4,queries/tpch/tpch-queries/q01/v1_materialized.sql,measured,1,1,1,2,1.688170,1.688170,1586.645,0.101525,0.004234,0.004015,7168,0,42.561889648437500000,40.432189941406250000,,
2026-09-11T13:54:03Z,37F2B6880E123EFE,18.4,queries/tpch/tpch-queries/q01/v1_materialized.sql,measured,1,2,1,2,3.231514,1.615757,3137.196,0.094318,0.003776,0.003862,7168,0,83.497558593750000000,79.327575683593750000,,
2026-09-11T13:54:09Z,37F2B6880E123EFE,18.4,queries/tpch/tpch-queries/q01/v1_materialized.sql,measured,1,4,1,2,6.555309,1.638827,6449.699,0.105610,0.003956,0.004029,7168,0,158.949462890625000000,150.681945800781250000,,
2026-09-11T13:54:23Z,37F2B6880E123EFE,18.4,queries/tpch/tpch-queries/q01/v1_materialized.sql,measured,1,8,1,2,13.518465,1.689808,13416.651,0.101814,0.003718,0.004784,7168,0,295.520812988281250000,278.631042480468750000,,
2026-09-11T13:54:50Z,37F2B6880E123EFE,18.4,queries/tpch/tpch-queries/q01/v1_materialized.sql,measured,1,16,1,2,26.910075,1.681880,26792.403,0.117672,0.001282,0.007494,7168,0,590.345214843750000000,556.849853515625000000,,
2026-09-11T13:54:55Z,8F1B39C606F50906,18.4,queries/tpch/tpch-queries/q19/v1_materialized.sql,warmup,1,1,1,2,1.146770,1.146770,963.372,0.183398,0.002143,0.005069,7168,0,25.216552734375000000,22.460388183593750000,,
2026-09-11T13:54:55Z,8F1B39C606F50906,18.4,queries/tpch/tpch-queries/q19/v1_materialized.sql,warmup,2,1,1,2,0.429523,0.429523,389.584,0.039939,0.000000,0.007092,7168,0,12.925476074218750000,12.320434570312500000,,
2026-09-11T13:54:56Z,8F1B39C606F50906,18.4,queries/tpch/tpch-queries/q19/v1_materialized.sql,measured,1,1,1,2,0.541869,0.541869,443.430,0.098439,0.000000,0.007683,7168,0,12.064941406250000000,11.193420410156250000,,
2026-09-11T13:54:57Z,8F1B39C606F50906,18.4,queries/tpch/tpch-queries/q19/v1_materialized.sql,measured,1,2,1,2,0.954593,0.477296,851.501,0.103092,0.005288,0.002669,7168,0,23.119628906250000000,21.741088867187500000,,
2026-09-11T13:54:59Z,8F1B39C606F50906,18.4,queries/tpch/tpch-queries/q19/v1_materialized.sql,measured,1,4,1,2,1.654706,0.413677,1592.896,0.061810,0.002714,0.005521,7168,0,45.988037109375000000,43.725036621093750000,,
2026-09-11T13:55:02Z,8F1B39C606F50906,18.4,queries/tpch/tpch-queries/q19/v1_materialized.sql,measured,1,8,1,2,3.299296,0.412412,3196.008,0.103288,0.004563,0.003154,7168,0,90.003417968750000000,85.228210449218750000,,
2026-09-11T13:55:09Z,8F1B39C606F50906,18.4,queries/tpch/tpch-queries/q19/v1_materialized.sql,measured,1,16,1,2,6.676170,0.417261,6572.011,0.104159,0.001844,0.005568,7168,0,167.485046386718750000,158.211975097656250000,,
2026-09-11T13:55:13Z,327D3FE755E8E5C3,18.4,queries/tpch/tpch-queries/q11/base.sql,warmup,1,1,1,2,0.419476,0.419476,237.550,0.181926,0.002039,0.004860,7168,0,4.590820312500000000,3.711730957031250000,,
2026-09-11T13:55:13Z,327D3FE755E8E5C3,18.4,queries/tpch/tpch-queries/q11/base.sql,warmup,2,1,1,2,0.124466,0.124466,84.480,0.039986,0.002125,0.005112,7168,0,3.192199707031250000,2.992248535156250000,,
2026-09-11T13:55:13Z,327D3FE755E8E5C3,18.4,queries/tpch/tpch-queries/q11/base.sql,measured,1,1,1,2,0.181165,0.181165,84.885,0.096280,0.003847,0.003948,7168,0,3.235900878906250000,2.930419921875000000,,
2026-09-11T13:55:13Z,327D3FE755E8E5C3,18.4,queries/tpch/tpch-queries/q11/base.sql,measured,1,2,1,2,0.207618,0.103809,166.189,0.041429,0.002697,0.004391,7168,0,5.770690917968750000,5.469726562500000000,,
2026-09-11T13:55:14Z,327D3FE755E8E5C3,18.4,queries/tpch/tpch-queries/q11/base.sql,measured,1,4,1,2,0.466708,0.116677,363.219,0.103489,0.002954,0.004816,7168,0,9.818542480468750000,9.112670898437500000,,
2026-09-11T13:55:15Z,327D3FE755E8E5C3,18.4,queries/tpch/tpch-queries/q11/base.sql,measured,1,8,1,2,0.749951,0.093744,643.696,0.106255,0.003927,0.003883,7168,0,19.811157226562500000,18.493347167968750000,,
2026-09-11T13:55:16Z,327D3FE755E8E5C3,18.4,queries/tpch/tpch-queries/q11/base.sql,measured,1,16,1,2,1.382498,0.086406,1330.282,0.052216,0.003086,0.004428,7168,0,41.358459472656250000,39.220153808593750000,,
2026-09-11T13:55:21Z,BEE952EEF685885A,18.4,queries/tpch/tpch-queries/q12/base.sql,warmup,1,1,1,2,1.292151,1.292151,1106.579,0.185572,0.001009,0.005797,7168,0,28.886779785156250000,25.783203125000000000,,
2026-09-11T13:55:21Z,BEE952EEF685885A,18.4,queries/tpch/tpch-queries/q12/base.sql,warmup,2,1,1,2,0.442252,0.442252,400.492,0.041760,0.002730,0.004479,7168,0,14.406311035156250000,13.745483398437500000,,
2026-09-11T13:55:22Z,BEE952EEF685885A,18.4,queries/tpch/tpch-queries/q12/base.sql,measured,1,1,1,2,0.444496,0.444496,404.568,0.039928,0.001853,0.005507,7168,0,14.166259765625000000,13.520935058593750000,,
2026-09-11T13:55:23Z,BEE952EEF685885A,18.4,queries/tpch/tpch-queries/q12/base.sql,measured,1,2,1,2,0.911458,0.455729,821.042,0.090416,0.003102,0.003941,7168,0,26.729858398437500000,25.294555664062500000,,
2026-09-11T13:55:24Z,BEE952EEF685885A,18.4,queries/tpch/tpch-queries/q12/base.sql,measured,1,4,1,2,1.709623,0.427406,1617.665,0.091958,0.002132,0.005150,7168,0,51.531738281250000000,49.132873535156250000,,
2026-09-11T13:55:28Z,BEE952EEF685885A,18.4,queries/tpch/tpch-queries/q12/base.sql,measured,1,8,1,2,3.391095,0.423887,3297.053,0.094042,0.005195,0.001890,7168,0,99.077758789062500000,94.172607421875000000,,
2026-09-11T13:55:35Z,BEE952EEF685885A,18.4,queries/tpch/tpch-queries/q12/base.sql,measured,1,16,1,2,7.029999,0.439375,6918.088,0.111911,0.002917,0.004805,7168,0,182.025146484375000000,172.225280761718750000,,
2026-09-11T13:55:39Z,2194D9ABCA939989,18.4,queries/tpch/tpch-queries/q22/base.sql,warmup,1,1,1,2,0.300795,0.300795,115.782,0.185013,0.000000,0.006931,7168,0,2.803283691406250000,2.201416015625000000,,
2026-09-11T13:55:39Z,2194D9ABCA939989,18.4,queries/tpch/tpch-queries/q22/base.sql,warmup,2,1,1,2,0.104151,0.104151,52.024,0.052127,0.003038,0.006154,7168,0,1.901184082031250000,1.753112792968750000,,
2026-09-11T13:55:39Z,2194D9ABCA939989,18.4,queries/tpch/tpch-queries/q22/base.sql,measured,1,1,1,2,0.091802,0.091802,51.994,0.039808,0.003158,0.003948,7168,0,2.068725585937500000,1.933959960937500000,,
2026-09-11T13:55:39Z,2194D9ABCA939989,18.4,queries/tpch/tpch-queries/q22/base.sql,measured,1,2,1,2,0.150203,0.075102,109.880,0.040323,0.003962,0.003110,7168,0,3.696472167968750000,3.465454101562500000,,
2026-09-11T13:55:40Z,2194D9ABCA939989,18.4,queries/tpch/tpch-queries/q22/base.sql,measured,1,4,1,2,0.300874,0.075219,205.573,0.095301,0.003739,0.003835,7168,0,6.644958496093750000,6.189941406250000000,,
2026-09-11T13:55:40Z,2194D9ABCA939989,18.4,queries/tpch/tpch-queries/q22/base.sql,measured,1,8,1,2,0.583644,0.072956,428.959,0.154685,0.004805,0.003325,7168,0,12.540588378906250000,11.684265136718750000,,
2026-09-11T13:55:41Z,2194D9ABCA939989,18.4,queries/tpch/tpch-queries/q22/base.sql,measured,1,16,1,2,0.939828,0.058739,861.310,0.078518,0.002830,0.005735,7168,0,24.354187011718750000,22.994628906250000000,,
2026-09-11T13:55:45Z,30A7F61B52C61386,18.4,queries/tpch/tpch-queries/q16/v2_not_exists.sql,warmup,1,1,1,2,0.601163,0.601163,365.598,0.235565,0.002147,0.005171,7168,0,8.366271972656250000,7.203125000000000000,,
2026-09-11T13:55:45Z,30A7F61B52C61386,18.4,queries/tpch/tpch-queries/q16/v2_not_exists.sql,warmup,2,1,1,2,0.270298,0.270298,205.267,0.065031,0.003973,0.007182,7168,0,6.019592285156250000,5.663208007812500000,,
2026-09-11T13:55:46Z,30A7F61B52C61386,18.4,queries/tpch/tpch-queries/q16/v2_not_exists.sql,measured,1,1,1,2,0.295083,0.295083,201.384,0.093699,0.000957,0.006640,7168,0,6.264953613281250000,5.833984375000000000,,
2026-09-11T13:55:46Z,30A7F61B52C61386,18.4,queries/tpch/tpch-queries/q16/v2_not_exists.sql,measured,1,2,1,2,0.516699,0.258349,411.021,0.105678,0.002882,0.005686,7168,0,11.891723632812500000,11.194213867187500000,,
2026-09-11T13:55:47Z,30A7F61B52C61386,18.4,queries/tpch/tpch-queries/q16/v2_not_exists.sql,measured,1,4,1,2,0.964955,0.241239,816.309,0.148646,0.001759,0.006212,7168,0,23.500244140625000000,22.105651855468750000,,
2026-09-11T13:55:49Z,30A7F61B52C61386,18.4,queries/tpch/tpch-queries/q16/v2_not_exists.sql,measured,1,8,1,2,1.724919,0.215615,1676.339,0.048580,0.003710,0.003736,7168,0,44.171813964843750000,41.967285156250000000,,
2026-09-11T13:55:52Z,30A7F61B52C61386,18.4,queries/tpch/tpch-queries/q16/v2_not_exists.sql,measured,1,16,1,2,3.465914,0.216620,3311.273,0.154641,0.003926,0.003967,7168,0,89.850646972656250000,85.207763671875000000,,
2026-09-11T13:56:01Z,DE8DDB670B97E1D3,18.4,queries/tpch/tpch-queries/q18/base.sql,warmup,1,1,1,2,5.478785,5.478785,5288.377,0.190408,0.001466,0.005368,7168,0,149.528320312500000000,138.352416992187500000,,
2026-09-11T13:56:06Z,DE8DDB670B97E1D3,18.4,queries/tpch/tpch-queries/q18/base.sql,warmup,2,1,1,2,4.569633,4.569633,4528.767,0.040866,0.005310,0.001796,7168,0,125.559265136718750000,118.867492675781250000,,
2026-09-11T13:56:11Z,DE8DDB670B97E1D3,18.4,queries/tpch/tpch-queries/q18/base.sql,measured,1,1,1,2,4.732653,4.732653,4628.564,0.104089,0.004683,0.002886,7168,0,121.508728027343750000,114.608032226562500000,,
2026-09-11T13:56:20Z,DE8DDB670B97E1D3,18.4,queries/tpch/tpch-queries/q18/base.sql,measured,1,2,1,2,9.622515,4.811257,9517.932,0.104583,0.003065,0.004963,7168,0,228.178955078125000000,214.190734863281250000,,
2026-09-11T13:56:40Z,DE8DDB670B97E1D3,18.4,queries/tpch/tpch-queries/q18/base.sql,measured,1,4,1,2,19.542582,4.885645,19429.840,0.112742,0.001013,0.007023,7168,0,428.208679199218750000,400.123962402343750000,,
2026-09-11T13:57:19Z,DE8DDB670B97E1D3,18.4,queries/tpch/tpch-queries/q18/base.sql,measured,1,8,1,2,39.046340,4.880793,38918.380,0.127960,0.002682,0.005988,7168,0,856.656494140625000000,800.536743164062500000,,
2026-09-11T13:58:37Z,DE8DDB670B97E1D3,18.4,queries/tpch/tpch-queries/q18/base.sql,measured,1,16,1,2,77.765114,4.860320,77636.066,0.129048,0.003715,0.004638,7168,0,1706.592407226562500000,1595.897888183593750000,,
2026-09-11T13:59:30Z,C5DF4607DAAC93DF,18.4,queries/tpch/tpch-queries/q02/base.sql,warmup,1,1,1,2,49.042927,49.042927,48807.478,0.235449,0.003129,0.003911,7168,0,541.739868164062500000,474.672180175781250000,,
2026-09-11T14:00:16Z,C5DF4607DAAC93DF,18.4,queries/tpch/tpch-queries/q02/base.sql,warmup,2,1,1,2,46.475225,46.475225,46432.247,0.042978,0.003753,0.005739,7168,0,517.459716796875000000,455.878784179687500000,,
2026-09-11T14:01:04Z,C5DF4607DAAC93DF,18.4,queries/tpch/tpch-queries/q02/base.sql,measured,1,1,1,2,47.751247,47.751247,47674.925,0.076322,0.004165,0.002942,7168,0,498.946838378906250000,437.281433105468750000,,
2026-09-11T14:02:38Z,C5DF4607DAAC93DF,18.4,queries/tpch/tpch-queries/q02/base.sql,measured,1,2,1,2,94.384065,47.192032,94292.351,0.091714,0.002708,0.005414,7168,0,998.966064453125000000,876.742675781250000000,,
2026-09-11T14:05:45Z,C5DF4607DAAC93DF,18.4,queries/tpch/tpch-queries/q02/base.sql,measured,1,4,1,2,187.183573,46.795893,187089.919,0.093654,0.000000,0.008359,7168,0,2026.522277832031250000,1783.359313964843750000,,
2026-09-11T14:12:04Z,C5DF4607DAAC93DF,18.4,queries/tpch/tpch-queries/q02/base.sql,measured,1,8,1,2,378.328786,47.291098,378227.088,0.101698,0.004933,0.004000,7168,0,3997.719482421875000000,3506.490356445312500000,,
2026-09-11T14:24:45Z,C5DF4607DAAC93DF,18.4,queries/tpch/tpch-queries/q02/base.sql,measured,1,16,1,2,761.501477,47.593842,761385.941,0.115536,0.003893,0.005802,7168,0,7994.703857421875000000,7006.500671386718750000,,
2026-09-11T14:24:53Z,7AE1D8A329C280D7,18.4,queries/tpch/tpch-queries/q13/v2_correlated.sql,warmup,1,1,1,2,4.315309,4.315309,4134.783,0.180526,0.003647,0.003229,7168,0,42.955261230468750000,34.538146972656250000,,
2026-09-11T14:24:55Z,7AE1D8A329C280D7,18.4,queries/tpch/tpch-queries/q13/v2_correlated.sql,warmup,2,1,1,2,1.942149,1.942149,1902.926,0.039223,0.005198,0.001804,7168,0,21.244934082031250000,18.885986328125000000,,
2026-09-11T14:24:57Z,7AE1D8A329C280D7,18.4,queries/tpch/tpch-queries/q13/v2_correlated.sql,measured,1,1,1,2,1.986820,1.986820,1897.864,0.088956,0.001851,0.006430,7168,0,21.597290039062500000,19.022155761718750000,,
2026-09-11T14:25:01Z,7AE1D8A329C280D7,18.4,queries/tpch/tpch-queries/q13/v2_correlated.sql,measured,1,2,1,2,3.791596,1.895798,3702.545,0.089051,0.002238,0.005356,7168,0,41.795410156250000000,37.080322265625000000,,
2026-09-11T14:25:08Z,7AE1D8A329C280D7,18.4,queries/tpch/tpch-queries/q13/v2_correlated.sql,measured,1,4,1,2,7.459612,1.864903,7360.836,0.098776,0.002114,0.006150,7168,0,81.801147460937500000,72.691833496093750000,,
2026-09-11T14:25:23Z,7AE1D8A329C280D7,18.4,queries/tpch/tpch-queries/q13/v2_correlated.sql,measured,1,8,1,2,14.705732,1.838217,14583.389,0.122343,0.003991,0.004884,7168,0,161.009521484375000000,143.098815917968750000,,
2026-09-11T14:25:52Z,7AE1D8A329C280D7,18.4,queries/tpch/tpch-queries/q13/v2_correlated.sql,measured,1,16,1,2,29.047350,1.815459,28997.353,0.049997,0.001777,0.005686,7168,0,318.803710937500000000,283.760742187500000000,,
2026-09-11T14:25:57Z,85963AEF287AC974,18.4,queries/tpch/tpch-queries/q12/v2_filter.sql,warmup,1,1,1,2,1.304693,1.304693,1116.763,0.187930,0.002897,0.004158,7168,0,27.727844238281250000,24.605041503906250000,,
2026-09-11T14:25:57Z,85963AEF287AC974,18.4,queries/tpch/tpch-queries/q12/v2_filter.sql,warmup,2,1,1,2,0.425949,0.425949,386.249,0.039700,0.003886,0.003100,7168,0,14.460632324218750000,13.876037597656250000,,
2026-09-11T14:25:58Z,85963AEF287AC974,18.4,queries/tpch/tpch-queries/q12/v2_filter.sql,measured,1,1,1,2,0.538587,0.538587,436.998,0.101589,0.000852,0.007353,7168,0,13.373535156250000000,12.585327148437500000,,
2026-09-11T14:25:59Z,85963AEF287AC974,18.4,queries/tpch/tpch-queries/q12/v2_filter.sql,measured,1,2,1,2,0.918263,0.459131,815.787,0.102476,0.004087,0.003926,7168,0,27.212707519531250000,25.809997558593750000,,
2026-09-11T14:26:00Z,85963AEF287AC974,18.4,queries/tpch/tpch-queries/q12/v2_filter.sql,measured,1,4,1,2,1.623497,0.405874,1526.643,0.096854,0.002952,0.004818,7168,0,54.821411132812500000,52.545043945312500000,,
2026-09-11T14:26:03Z,85963AEF287AC974,18.4,queries/tpch/tpch-queries/q12/v2_filter.sql,measured,1,8,1,2,3.168685,0.396086,3017.392,0.151293,0.002766,0.004569,7168,0,109.375915527343750000,104.659729003906250000,,
2026-09-11T14:26:10Z,85963AEF287AC974,18.4,queries/tpch/tpch-queries/q12/v2_filter.sql,measured,1,16,1,2,6.462321,0.403895,6404.333,0.057988,0.001854,0.005546,7168,0,199.473632812500000000,190.186462402343750000,,
2026-09-11T14:26:14Z,FB42B3A6CEF7DC7A,18.4,queries/tpch/tpch-queries/q16/base.sql,warmup,1,1,1,2,0.617960,0.617960,383.051,0.234909,0.002833,0.004583,7168,0,8.622375488281250000,7.412292480468750000,,
2026-09-11T14:26:14Z,FB42B3A6CEF7DC7A,18.4,queries/tpch/tpch-queries/q16/base.sql,warmup,2,1,1,2,0.270475,0.270475,214.674,0.055801,0.005119,0.004158,7168,0,6.486755371093750000,6.137390136718750000,,
2026-09-11T14:26:15Z,FB42B3A6CEF7DC7A,18.4,queries/tpch/tpch-queries/q16/base.sql,measured,1,1,1,2,0.309725,0.309725,215.327,0.094398,0.002691,0.005456,7168,0,6.778137207031250000,6.318054199218750000,,
2026-09-11T14:26:15Z,FB42B3A6CEF7DC7A,18.4,queries/tpch/tpch-queries/q16/base.sql,measured,1,2,1,2,0.529067,0.264533,430.597,0.098470,0.004088,0.003922,7168,0,12.861633300781250000,12.016479492187500000,,
2026-09-11T14:26:16Z,FB42B3A6CEF7DC7A,18.4,queries/tpch/tpch-queries/q16/base.sql,measured,1,4,1,2,0.976505,0.244126,881.090,0.095415,0.003328,0.004234,7168,0,24.085693359375000000,22.651916503906250000,,
2026-09-11T14:26:18Z,FB42B3A6CEF7DC7A,18.4,queries/tpch/tpch-queries/q16/base.sql,measured,1,8,1,2,1.889243,0.236155,1790.483,0.098760,0.002892,0.004715,7168,0,47.185607910156250000,44.735961914062500000,,
2026-09-11T14:26:22Z,FB42B3A6CEF7DC7A,18.4,queries/tpch/tpch-queries/q16/base.sql,measured,1,16,1,2,3.681838,0.230115,3578.585,0.103253,0.004742,0.002874,7168,0,94.278625488281250000,89.188903808593750000,,
2026-09-11T14:26:27Z,2E6502F0FA373223,18.4,queries/tpch/tpch-queries/q10/base.sql,warmup,1,1,1,2,1.953241,1.953241,1760.570,0.192671,0.001048,0.006019,7168,0,25.181945800781250000,20.818115234375000000,,
2026-09-11T14:26:28Z,2E6502F0FA373223,18.4,queries/tpch/tpch-queries/q10/base.sql,warmup,2,1,1,2,0.351010,0.351010,258.283,0.092727,0.002568,0.004755,7168,0,8.454101562500000000,7.908508300781250000,,
2026-09-11T14:26:28Z,2E6502F0FA373223,18.4,queries/tpch/tpch-queries/q10/base.sql,measured,1,1,1,2,0.313443,0.313443,262.168,0.051275,0.002927,0.005017,7168,0,8.038330078125000000,7.517395019531250000,,
2026-09-11T14:26:29Z,2E6502F0FA373223,18.4,queries/tpch/tpch-queries/q10/base.sql,measured,1,2,1,2,0.530325,0.265162,488.011,0.042314,0.003743,0.003869,7168,0,15.691894531250000000,14.938537597656250000,,
2026-09-11T14:26:30Z,2E6502F0FA373223,18.4,queries/tpch/tpch-queries/q10/base.sql,measured,1,4,1,2,1.091043,0.272761,987.308,0.103735,0.002759,0.004806,7168,0,30.281677246093750000,28.680236816406250000,,
2026-09-11T14:26:32Z,2E6502F0FA373223,18.4,queries/tpch/tpch-queries/q10/base.sql,measured,1,8,1,2,2.016379,0.252047,1917.728,0.098651,0.002674,0.004414,7168,0,59.591796875000000000,56.607727050781250000,,
2026-09-11T14:26:36Z,2E6502F0FA373223,18.4,queries/tpch/tpch-queries/q10/base.sql,measured,1,16,1,2,3.986448,0.249153,3874.374,0.112074,0.000000,0.007134,7168,0,114.553833007812500000,108.678222656250000000,,
2026-09-11T14:26:40Z,252A30F5741301B2,18.4,queries/tpch/tpch-queries/q11/base.sql,warmup,1,1,1,2,0.404207,0.404207,223.773,0.180434,0.001670,0.005441,7168,0,4.599304199218750000,3.719421386718750000,,
2026-09-11T14:26:40Z,252A30F5741301B2,18.4,queries/tpch/tpch-queries/q11/base.sql,warmup,2,1,1,2,0.124520,0.124520,84.188,0.040332,0.004746,0.002762,7168,0,3.155517578125000000,2.958496093750000000,,
2026-09-11T14:26:40Z,252A30F5741301B2,18.4,queries/tpch/tpch-queries/q11/base.sql,measured,1,1,1,2,0.185874,0.185874,85.879,0.099995,0.002849,0.005811,7168,0,3.233703613281250000,2.916625976562500000,,
2026-09-11T14:26:40Z,252A30F5741301B2,18.4,queries/tpch/tpch-queries/q11/base.sql,measured,1,2,1,2,0.265831,0.132915,167.874,0.097957,0.002714,0.005398,7168,0,5.774291992187500000,5.334472656250000000,,
2026-09-11T14:26:41Z,252A30F5741301B2,18.4,queries/tpch/tpch-queries/q11/base.sql,measured,1,4,1,2,0.459379,0.114845,353.954,0.105425,0.004255,0.004160,7168,0,10.001525878906250000,9.295776367187500000,,
2026-09-11T14:26:41Z,252A30F5741301B2,18.4,queries/tpch/tpch-queries/q11/base.sql,measured,1,8,1,2,0.791863,0.098983,676.124,0.115739,0.000000,0.007942,7168,0,18.846130371093750000,17.558349609375000000,,
2026-09-11T14:26:43Z,252A30F5741301B2,18.4,queries/tpch/tpch-queries/q11/base.sql,measured,1,16,1,2,1.376858,0.086054,1264.229,0.112629,0.004967,0.003007,7168,0,38.744079589843750000,36.581298828125000000,,
2026-09-11T14:26:48Z,71536B95C37DF7B0,18.4,queries/tpch/tpch-queries/q04/base.sql,warmup,1,1,1,2,1.724405,1.724405,1540.870,0.183535,0.002237,0.005257,7168,0,13.938110351562500000,10.062927246093750000,,
2026-09-11T14:26:48Z,71536B95C37DF7B0,18.4,queries/tpch/tpch-queries/q04/base.sql,warmup,2,1,1,2,0.140963,0.140963,92.597,0.048366,0.004945,0.003917,7168,0,3.611877441406250000,3.401245117187500000,,
2026-09-11T14:26:48Z,71536B95C37DF7B0,18.4,queries/tpch/tpch-queries/q04/base.sql,measured,1,1,1,2,0.187825,0.187825,91.572,0.096253,0.005798,0.001993,7168,0,3.883972167968750000,3.541748046875000000,,
2026-09-11T14:26:49Z,71536B95C37DF7B0,18.4,queries/tpch/tpch-queries/q04/base.sql,measured,1,2,1,2,0.218916,0.109458,178.839,0.040077,0.003089,0.003895,7168,0,6.881835937500000000,6.539794921875000000,,
2026-09-11T14:26:49Z,71536B95C37DF7B0,18.4,queries/tpch/tpch-queries/q04/base.sql,measured,1,4,1,2,0.463041,0.115760,364.775,0.098266,0.002759,0.004764,7168,0,12.187316894531250000,11.392944335937500000,,
2026-09-11T14:26:50Z,71536B95C37DF7B0,18.4,queries/tpch/tpch-queries/q04/base.sql,measured,1,8,1,2,0.795275,0.099409,695.583,0.099692,0.001808,0.005716,7168,0,24.219116210937500000,22.983337402343750000,,
2026-09-11T14:26:51Z,71536B95C37DF7B0,18.4,queries/tpch/tpch-queries/q04/base.sql,measured,1,16,1,2,1.475193,0.092200,1369.865,0.105328,0.005586,0.001970,7168,0,47.894165039062500000,45.597106933593750000,,
2026-09-11T14:26:57Z,1A0D9ED7B79A83C5,18.4,queries/tpch/tpch-queries/q01/v1_materialized.sql,warmup,1,1,1,2,2.262599,2.262599,2078.140,0.184459,0.004212,0.002937,7168,0,64.582824707031250000,59.565002441406250000,,
2026-09-11T14:26:59Z,1A0D9ED7B79A83C5,18.4,queries/tpch/tpch-queries/q01/v1_materialized.sql,warmup,2,1,1,2,1.690374,1.690374,1651.129,0.039245,0.001876,0.005150,7168,0,51.094726562500000000,48.939331054687500000,,
2026-09-11T14:27:01Z,1A0D9ED7B79A83C5,18.4,queries/tpch/tpch-queries/q01/v1_materialized.sql,measured,1,1,1,2,1.754786,1.754786,1658.715,0.096071,0.003126,0.004431,7168,0,48.546508789062500000,46.259460449218750000,,
2026-09-11T14:27:04Z,1A0D9ED7B79A83C5,18.4,queries/tpch/tpch-queries/q01/v1_materialized.sql,measured,1,2,1,2,3.429300,1.714650,3369.247,0.060053,0.001070,0.007465,7168,0,94.073181152343750000,89.724182128906250000,,
2026-09-11T14:27:11Z,1A0D9ED7B79A83C5,18.4,queries/tpch/tpch-queries/q01/v1_materialized.sql,measured,1,4,1,2,6.880202,1.720050,6778.017,0.102185,0.001178,0.006854,7168,0,182.452331542968750000,173.683166503906250000,,
2026-09-11T14:27:25Z,1A0D9ED7B79A83C5,18.4,queries/tpch/tpch-queries/q01/v1_materialized.sql,measured,1,8,1,2,14.260132,1.782517,14157.461,0.102671,0.002821,0.004676,7168,0,340.329101562500000000,322.290283203125000000,,
2026-09-11T14:27:55Z,1A0D9ED7B79A83C5,18.4,queries/tpch/tpch-queries/q01/v1_materialized.sql,measured,1,16,1,2,29.340912,1.833807,29230.104,0.110808,0.005258,0.003155,7168,0,643.291809082031250000,606.592956542968750000,,
2026-09-11T14:28:05Z,4B319F68F25B3E7E,18.4,queries/tpch/tpch-queries/q07/v2_union_all.sql,warmup,1,1,1,2,6.402792,6.402792,6211.382,0.191410,0.000901,0.006142,7168,0,38.683654785156250000,24.860839843750000000,,
2026-09-11T14:28:05Z,4B319F68F25B3E7E,18.4,queries/tpch/tpch-queries/q07/v2_union_all.sql,warmup,2,1,1,2,0.332524,0.332524,291.174,0.041350,0.002503,0.004344,7168,0,5.973999023437500000,5.405578613281250000,,
2026-09-11T14:28:06Z,4B319F68F25B3E7E,18.4,queries/tpch/tpch-queries/q07/v2_union_all.sql,measured,1,1,1,2,0.329491,0.329491,287.520,0.041971,0.003248,0.004090,7168,0,6.053649902343750000,5.583496093750000000,,
2026-09-11T14:28:06Z,4B319F68F25B3E7E,18.4,queries/tpch/tpch-queries/q07/v2_union_all.sql,measured,1,2,1,2,0.711758,0.355879,570.213,0.141545,0.001869,0.005605,7168,0,10.994812011718750000,9.838439941406250000,,
2026-09-11T14:28:08Z,4B319F68F25B3E7E,18.4,queries/tpch/tpch-queries/q07/v2_union_all.sql,measured,1,4,1,2,1.161476,0.290369,1111.910,0.049566,0.000000,0.007469,7168,0,19.901733398437500000,18.272888183593750000,,
2026-09-11T14:28:10Z,4B319F68F25B3E7E,18.4,queries/tpch/tpch-queries/q07/v2_union_all.sql,measured,1,8,1,2,2.305854,0.288232,2204.062,0.101792,0.002848,0.004651,7168,0,39.050292968750000000,35.781738281250000000,,
2026-09-11T14:28:14Z,4B319F68F25B3E7E,18.4,queries/tpch/tpch-queries/q07/v2_union_all.sql,measured,1,16,1,2,4.421230,0.276327,4306.867,0.114363,0.003831,0.003466,7168,0,79.469055175781250000,72.920104980468750000,,
2026-09-11T14:29:08Z,CE5CD7BC34860C28,18.4,queries/tpch/tpch-queries/q02/v1_materialized.sql,warmup,1,1,1,2,49.540709,49.540709,49303.002,0.237707,0.004429,0.002737,7168,0,514.688354492187500000,448.114685058593750000,,
2026-09-11T14:29:55Z,CE5CD7BC34860C28,18.4,queries/tpch/tpch-queries/q02/v1_materialized.sql,warmup,2,1,1,2,47.728439,47.728439,47685.162,0.043277,0.004795,0.004924,7168,0,516.889648437500000000,454.949462890625000000,,
2026-09-11T14:30:42Z,CE5CD7BC34860C28,18.4,queries/tpch/tpch-queries/q02/v1_materialized.sql,measured,1,1,1,2,46.965093,46.965093,46875.452,0.089641,0.002556,0.005101,7168,0,529.478881835937500000,468.222045898437500000,,
2026-09-11T14:32:17Z,CE5CD7BC34860C28,18.4,queries/tpch/tpch-queries/q02/v1_materialized.sql,measured,1,2,1,2,94.877366,47.438683,94786.711,0.090655,0.001895,0.005750,7168,0,1016.662048339843750000,894.058349609375000000,,
2026-09-11T14:35:24Z,CE5CD7BC34860C28,18.4,queries/tpch/tpch-queries/q02/v1_materialized.sql,measured,1,4,1,2,186.363239,46.590810,186267.337,0.095902,0.007199,0.000943,7168,0,2057.500122070312500000,1814.914978027343750000,,
2026-09-11T14:41:37Z,CE5CD7BC34860C28,18.4,queries/tpch/tpch-queries/q02/v1_materialized.sql,measured,1,8,1,2,373.677160,46.709645,373628.950,0.048210,0.000917,0.006353,7168,0,4079.271179199218750000,3594.577880859375000000,,
2026-09-11T14:54:15Z,CE5CD7BC34860C28,18.4,queries/tpch/tpch-queries/q02/v1_materialized.sql,measured,1,16,1,2,757.625416,47.351589,757492.693,0.132723,0.002080,0.007273,7168,0,7981.465148925781250000,6997.120666503906250000,,
2026-09-11T14:54:20Z,A63DA2670124780E,18.4,queries/tpch/tpch-queries/q12/v2_filter.sql,warmup,1,1,1,2,1.257345,1.257345,1071.668,0.185677,0.001221,0.005669,7168,0,27.512756347656250000,24.496459960937500000,,
2026-09-11T14:54:20Z,A63DA2670124780E,18.4,queries/tpch/tpch-queries/q12/v2_filter.sql,warmup,2,1,1,2,0.430018,0.430018,389.182,0.040836,0.002864,0.004628,7168,0,14.333312988281250000,13.741699218750000000,,
2026-09-11T14:54:21Z,A63DA2670124780E,18.4,queries/tpch/tpch-queries/q12/v2_filter.sql,measured,1,1,1,2,0.549074,0.549074,446.172,0.102902,0.001058,0.007202,7168,0,13.425720214843750000,12.647949218750000000,,
2026-09-11T14:54:21Z,A63DA2670124780E,18.4,queries/tpch/tpch-queries/q12/v2_filter.sql,measured,1,2,1,2,0.867751,0.433875,813.202,0.054549,0.002697,0.005447,7168,0,27.026367187500000000,25.799560546875000000,,
2026-09-11T14:54:23Z,A63DA2670124780E,18.4,queries/tpch/tpch-queries/q12/v2_filter.sql,measured,1,4,1,2,1.634657,0.408664,1535.839,0.098818,0.003806,0.003934,7168,0,55.095153808593750000,52.797302246093750000,,
2026-09-11T14:54:26Z,A63DA2670124780E,18.4,queries/tpch/tpch-queries/q12/v2_filter.sql,measured,1,8,1,2,3.181387,0.397673,3038.210,0.143177,0.003179,0.004116,7168,0,109.133544921875000000,104.395446777343750000,,
2026-09-11T14:54:33Z,A63DA2670124780E,18.4,queries/tpch/tpch-queries/q12/v2_filter.sql,measured,1,16,1,2,6.430627,0.401914,6380.234,0.050393,0.002697,0.004471,7168,0,200.741760253906250000,191.618164062500000000,,
2026-09-11T14:54:38Z,F36173D555176E28,18.4,queries/tpch/tpch-queries/q13/base.sql,warmup,1,1,1,2,1.876581,1.876581,1643.066,0.233515,0.003949,0.003203,7168,0,12.832153320312500000,8.911621093750000000,,
2026-09-11T14:54:40Z,F36173D555176E28,18.4,queries/tpch/tpch-queries/q13/base.sql,warmup,2,1,1,2,1.497784,1.497784,1456.700,0.041084,0.003797,0.004827,7168,0,9.743469238281250000,7.822326660156250000,,
2026-09-11T14:54:41Z,F36173D555176E28,18.4,queries/tpch/tpch-queries/q13/base.sql,measured,1,1,1,2,1.520479,1.520479,1430.944,0.089535,0.004687,0.003782,7168,0,10.115173339843750000,8.208374023437500000,,
2026-09-11T14:54:44Z,F36173D555176E28,18.4,queries/tpch/tpch-queries/q13/base.sql,measured,1,2,1,2,2.920319,1.460159,2781.161,0.139158,0.004266,0.004125,7168,0,20.363769531250000000,16.541198730468750000,,
2026-09-11T14:54:50Z,F36173D555176E28,18.4,queries/tpch/tpch-queries/q13/base.sql,measured,1,4,1,2,5.462234,1.365559,5396.939,0.065295,0.004843,0.002836,7168,0,40.657531738281250000,33.692321777343750000,,
2026-09-11T14:55:01Z,F36173D555176E28,18.4,queries/tpch/tpch-queries/q13/base.sql,measured,1,8,1,2,10.756544,1.344568,10655.831,0.100713,0.000908,0.006378,7168,0,80.776123046875000000,67.708618164062500000,,
2026-09-11T14:55:22Z,F36173D555176E28,18.4,queries/tpch/tpch-queries/q13/base.sql,measured,1,16,1,2,21.451719,1.340732,21388.142,0.063577,0.003690,0.005601,7168,0,157.570129394531250000,131.258911132812500000,,
2026-09-11T14:55:27Z,A4C67CE73FB0B4D1,18.4,queries/tpch/tpch-queries/q12/base.sql,warmup,1,1,1,2,1.255986,1.255986,1072.798,0.183188,0.002027,0.004800,7168,0,27.495910644531250000,24.501586914062500000,,
2026-09-11T14:55:27Z,A4C67CE73FB0B4D1,18.4,queries/tpch/tpch-queries/q12/base.sql,warmup,2,1,1,2,0.425464,0.425464,385.899,0.039565,0.001828,0.005219,7168,0,14.354187011718750000,13.784240722656250000,,
2026-09-11T14:55:28Z,A4C67CE73FB0B4D1,18.4,queries/tpch/tpch-queries/q12/base.sql,measured,1,1,1,2,0.531974,0.531974,433.795,0.098179,0.002357,0.005541,7168,0,13.278015136718750000,12.510070800781250000,,
2026-09-11T14:55:29Z,A4C67CE73FB0B4D1,18.4,queries/tpch/tpch-queries/q12/base.sql,measured,1,2,1,2,0.912398,0.456199,845.117,0.067281,0.002943,0.005990,7168,0,27.154846191406250000,25.799377441406250000,,
2026-09-11T14:55:30Z,A4C67CE73FB0B4D1,18.4,queries/tpch/tpch-queries/q12/base.sql,measured,1,4,1,2,1.632368,0.408092,1533.752,0.098616,0.004611,0.002827,7168,0,54.760864257812500000,52.520080566406250000,,
2026-09-11T14:55:33Z,A4C67CE73FB0B4D1,18.4,queries/tpch/tpch-queries/q12/base.sql,measured,1,8,1,2,3.152829,0.394104,3006.964,0.145865,0.004203,0.002985,7168,0,111.437255859375000000,106.859497070312500000,,
2026-09-11T14:55:40Z,A4C67CE73FB0B4D1,18.4,queries/tpch/tpch-queries/q12/base.sql,measured,1,16,1,2,6.264997,0.391562,6208.987,0.056010,0.003005,0.004260,7168,0,208.697448730468750000,199.827087402343750000,,
2026-09-11T14:55:49Z,FF0F873EF3D9F36F,18.4,queries/tpch/tpch-queries/q18/v2_join.sql,warmup,1,1,1,2,5.090273,5.090273,4902.461,0.187812,0.002863,0.004242,7168,0,149.156127929687500000,138.441528320312500000,,
2026-09-11T14:55:53Z,FF0F873EF3D9F36F,18.4,queries/tpch/tpch-queries/q18/v2_join.sql,warmup,2,1,1,2,4.557304,4.557304,4516.340,0.040964,0.003003,0.004353,7168,0,124.510681152343750000,117.814880371093750000,,
2026-09-11T14:55:58Z,FF0F873EF3D9F36F,18.4,queries/tpch/tpch-queries/q18/v2_join.sql,measured,1,1,1,2,4.715333,4.715333,4606.556,0.108777,0.001830,0.006385,7168,0,121.252319335937500000,114.377014160156250000,,
2026-09-11T14:56:07Z,FF0F873EF3D9F36F,18.4,queries/tpch/tpch-queries/q18/v2_join.sql,measured,1,2,1,2,9.353723,4.676861,9247.242,0.106481,0.002344,0.005541,7168,0,234.486022949218750000,220.788024902343750000,,
2026-09-11T14:56:27Z,FF0F873EF3D9F36F,18.4,queries/tpch/tpch-queries/q18/v2_join.sql,measured,1,4,1,2,19.492485,4.873121,19381.336,0.111149,0.003656,0.004533,7168,0,429.485900878906250000,401.292175292968750000,,
2026-09-11T14:57:06Z,FF0F873EF3D9F36F,18.4,queries/tpch/tpch-queries/q18/v2_join.sql,measured,1,8,1,2,38.888660,4.861083,38769.123,0.119537,0.001805,0.006351,7168,0,853.250122070312500000,797.231323242187500000,,
2026-09-11T14:58:23Z,FF0F873EF3D9F36F,18.4,queries/tpch/tpch-queries/q18/v2_join.sql,measured,1,16,1,2,77.623799,4.851487,77484.206,0.139593,0.002891,0.005883,7168,0,1703.412536621093750000,1592.675109863281250000,,
2026-09-11T14:58:29Z,19FA7960B920F697,18.4,queries/tpch/tpch-queries/q03/v1_materialized.sql,warmup,1,1,1,2,1.502297,1.502297,1315.569,0.186728,0.002014,0.004811,7168,0,26.327270507812500000,22.811401367187500000,,
2026-09-11T14:58:29Z,19FA7960B920F697,18.4,queries/tpch/tpch-queries/q03/v1_materialized.sql,warmup,2,1,1,2,0.357514,0.357514,260.659,0.096855,0.003984,0.003095,7168,0,9.492736816406250000,8.942138671875000000,,
2026-09-11T14:58:29Z,19FA7960B920F697,18.4,queries/tpch/tpch-queries/q03/v1_materialized.sql,measured,1,1,1,2,0.334334,0.334334,280.913,0.053421,0.003020,0.004973,7168,0,8.806274414062500000,8.310485839843750000,,
2026-09-11T14:58:30Z,19FA7960B920F697,18.4,queries/tpch/tpch-queries/q03/v1_materialized.sql,measured,1,2,1,2,0.618758,0.309379,520.997,0.097761,0.003079,0.004364,7168,0,17.105407714843750000,16.111389160156250000,,
2026-09-11T14:58:31Z,19FA7960B920F697,18.4,queries/tpch/tpch-queries/q03/v1_materialized.sql,measured,1,4,1,2,1.112512,0.278128,1020.038,0.092474,0.001736,0.005392,7168,0,31.293029785156250000,29.711425781250000000,,
2026-09-11T14:58:33Z,19FA7960B920F697,18.4,queries/tpch/tpch-queries/q03/v1_materialized.sql,measured,1,8,1,2,2.055734,0.256967,1961.593,0.094141,0.002932,0.004178,7168,0,61.341369628906250000,58.343078613281250000,,
2026-09-11T14:58:37Z,19FA7960B920F697,18.4,queries/tpch/tpch-queries/q03/v1_materialized.sql,measured,1,16,1,2,4.037738,0.252359,3931.088,0.106650,0.003812,0.003432,7168,0,117.121948242187500000,111.127868652343750000,,
2026-09-11T14:58:47Z,5DCE7E2A60958803,18.4,queries/tpch/tpch-queries/q05/base.sql,warmup,1,1,1,2,6.341441,6.341441,6147.534,0.193907,0.002828,0.004050,7168,0,31.370910644531250000,17.778747558593750000,,
2026-09-11T14:58:47Z,5DCE7E2A60958803,18.4,queries/tpch/tpch-queries/q05/base.sql,warmup,2,1,1,2,0.282532,0.282532,241.127,0.041405,0.002537,0.004649,7168,0,4.290893554687500000,3.809204101562500000,,
2026-09-11T14:58:48Z,5DCE7E2A60958803,18.4,queries/tpch/tpch-queries/q05/base.sql,measured,1,1,1,2,0.285438,0.285438,242.165,0.043273,0.002849,0.004914,7168,0,4.212097167968750000,3.809143066406250000,,
2026-09-11T14:58:48Z,5DCE7E2A60958803,18.4,queries/tpch/tpch-queries/q05/base.sql,measured,1,2,1,2,0.576618,0.288309,476.709,0.099909,0.004837,0.003951,7168,0,7.510864257812500000,6.584167480468750000,,
2026-09-11T14:58:49Z,5DCE7E2A60958803,18.4,queries/tpch/tpch-queries/q05/base.sql,measured,1,4,1,2,0.994119,0.248530,944.705,0.049414,0.003507,0.004436,7168,0,13.747741699218750000,12.357299804687500000,,
2026-09-11T14:58:51Z,5DCE7E2A60958803,18.4,queries/tpch/tpch-queries/q05/base.sql,measured,1,8,1,2,1.917663,0.239708,1814.395,0.103268,0.002812,0.005605,7168,0,27.333190917968750000,24.518249511718750000,,
2026-09-11T14:58:55Z,5DCE7E2A60958803,18.4,queries/tpch/tpch-queries/q05/base.sql,measured,1,16,1,2,3.791625,0.236977,3654.146,0.137479,0.005500,0.002729,7168,0,54.043823242187500000,48.622558593750000000,,
2026-09-11T14:58:59Z,32620F5259C1400F,18.4,queries/tpch/tpch-queries/q02/v2_decorrelate.sql,warmup,1,1,1,2,0.606326,0.606326,370.092,0.236234,0.004076,0.003294,7168,0,5.912475585937500000,4.744567871093750000,,
2026-09-11T14:59:00Z,32620F5259C1400F,18.4,queries/tpch/tpch-queries/q02/v2_decorrelate.sql,warmup,2,1,1,2,0.266408,0.266408,204.096,0.062312,0.004819,0.006055,7168,0,3.794250488281250000,3.452697753906250000,,
2026-09-11T14:59:00Z,32620F5259C1400F,18.4,queries/tpch/tpch-queries/q02/v2_decorrelate.sql,measured,1,1,1,2,0.298565,0.298565,205.748,0.092817,0.001837,0.005958,7168,0,4.080444335937500000,3.655090332031250000,,
2026-09-11T14:59:00Z,32620F5259C1400F,18.4,queries/tpch/tpch-queries/q02/v2_decorrelate.sql,measured,1,2,1,2,0.573052,0.286526,464.905,0.108147,0.001960,0.006825,7168,0,7.028259277343750000,6.250305175781250000,,
2026-09-11T14:59:01Z,32620F5259C1400F,18.4,queries/tpch/tpch-queries/q02/v2_decorrelate.sql,measured,1,4,1,2,1.032691,0.258173,872.115,0.160576,0.004097,0.005110,7168,0,14.141296386718750000,12.620361328125000000,,
2026-09-11T14:59:03Z,32620F5259C1400F,18.4,queries/tpch/tpch-queries/q02/v2_decorrelate.sql,measured,1,8,1,2,1.684206,0.210526,1617.882,0.066324,0.003024,0.004999,7168,0,27.263000488281250000,25.114074707031250000,,
2026-09-11T14:59:06Z,32620F5259C1400F,18.4,queries/tpch/tpch-queries/q02/v2_decorrelate.sql,measured,1,16,1,2,3.321390,0.207587,3189.136,0.132254,0.002171,0.006400,7168,0,54.518859863281250000,50.060241699218750000,,
2026-09-11T14:59:14Z,DD32041DDE270FDE,18.4,queries/tpch/tpch-queries/q13/v2_correlated.sql,warmup,1,1,1,2,4.340468,4.340468,4160.871,0.179597,0.003336,0.003484,7168,0,44.228698730468750000,35.716857910156250000,,
2026-09-11T14:59:16Z,DD32041DDE270FDE,18.4,queries/tpch/tpch-queries/q13/v2_correlated.sql,warmup,2,1,1,2,1.944827,1.944827,1905.168,0.039659,0.005423,0.001870,7168,0,22.031555175781250000,19.567138671875000000,,
2026-09-11T14:59:18Z,DD32041DDE270FDE,18.4,queries/tpch/tpch-queries/q13/v2_correlated.sql,measured,1,1,1,2,1.945659,1.945659,1900.767,0.044892,0.004652,0.002563,7168,0,22.237731933593750000,19.723754882812500000,,
2026-09-11T14:59:22Z,DD32041DDE270FDE,18.4,queries/tpch/tpch-queries/q13/v2_correlated.sql,measured,1,2,1,2,3.805742,1.902871,3715.807,0.089935,0.004910,0.002817,7168,0,42.407287597656250000,37.648071289062500000,,
2026-09-11T14:59:29Z,DD32041DDE270FDE,18.4,queries/tpch/tpch-queries/q13/v2_correlated.sql,measured,1,4,1,2,7.484568,1.871142,7338.301,0.146267,0.002378,0.006902,7168,0,83.856323242187500000,74.391784667968750000,,
2026-09-11T14:59:44Z,DD32041DDE270FDE,18.4,queries/tpch/tpch-queries/q13/v2_correlated.sql,measured,1,8,1,2,14.638141,1.829768,14588.225,0.049916,0.002015,0.006493,7168,0,164.562561035156250000,146.824462890625000000,,
2026-09-11T15:00:13Z,DD32041DDE270FDE,18.4,queries/tpch/tpch-queries/q13/v2_correlated.sql,measured,1,16,1,2,29.303976,1.831499,29202.597,0.101379,0.003737,0.004856,7168,0,325.926879882812500000,290.445861816406250000,,
2026-09-11T15:00:26Z,41F29BD25F0337B1,18.4,queries/tpch/tpch-queries/q08/v2_filter.sql,warmup,1,1,1,2,8.731740,8.731740,8535.084,0.196656,0.003617,0.004488,7168,0,42.063659667968750000,23.582763671875000000,,
2026-09-11T15:00:26Z,41F29BD25F0337B1,18.4,queries/tpch/tpch-queries/q08/v2_filter.sql,warmup,2,1,1,2,0.404372,0.404372,361.154,0.043218,0.002874,0.006158,7168,0,7.087036132812500000,6.527954101562500000,,
2026-09-11T15:00:26Z,41F29BD25F0337B1,18.4,queries/tpch/tpch-queries/q08/v2_filter.sql,measured,1,1,1,2,0.456296,0.456296,367.040,0.089256,0.002767,0.004591,7168,0,7.150268554687500000,6.476928710937500000,,
2026-09-11T15:00:27Z,41F29BD25F0337B1,18.4,queries/tpch/tpch-queries/q08/v2_filter.sql,measured,1,2,1,2,0.792854,0.396427,699.555,0.093299,0.003317,0.004249,7168,0,12.838378906250000000,11.713134765625000000,,
2026-09-11T15:00:29Z,41F29BD25F0337B1,18.4,queries/tpch/tpch-queries/q08/v2_filter.sql,measured,1,4,1,2,1.453026,0.363257,1358.838,0.094188,0.004674,0.002795,7168,0,24.848022460937500000,22.850402832031250000,,
2026-09-11T15:00:31Z,41F29BD25F0337B1,18.4,queries/tpch/tpch-queries/q08/v2_filter.sql,measured,1,8,1,2,2.764424,0.345553,2663.451,0.100973,0.000000,0.007308,7168,0,48.653320312500000000,44.722290039062500000,,
2026-09-11T15:00:37Z,41F29BD25F0337B1,18.4,queries/tpch/tpch-queries/q08/v2_filter.sql,measured,1,16,1,2,5.344257,0.334016,5225.763,0.118494,0.002160,0.005226,7168,0,97.358703613281250000,89.896057128906250000,,
2026-09-11T15:00:41Z,81DF03C0DB7C71A2,18.4,queries/tpch/tpch-queries/q22/v1_materialized.sql,warmup,1,1,1,2,0.302699,0.302699,116.788,0.185911,0.003132,0.003874,7168,0,2.781921386718750000,2.174804687500000000,,
2026-09-11T15:00:41Z,81DF03C0DB7C71A2,18.4,queries/tpch/tpch-queries/q22/v1_materialized.sql,warmup,2,1,1,2,0.122240,0.122240,60.621,0.061619,0.004726,0.004897,7168,0,1.859985351562500000,1.693420410156250000,,
2026-09-11T15:00:41Z,81DF03C0DB7C71A2,18.4,queries/tpch/tpch-queries/q22/v1_materialized.sql,measured,1,1,1,2,0.176475,0.176475,59.249,0.117226,0.005258,0.006151,7168,0,2.018920898437500000,1.734313964843750000,,
2026-09-11T15:00:41Z,81DF03C0DB7C71A2,18.4,queries/tpch/tpch-queries/q22/v1_materialized.sql,measured,1,2,1,2,0.150880,0.075440,110.014,0.040866,0.003987,0.003158,7168,0,3.440368652343750000,3.235961914062500000,,
2026-09-11T15:00:42Z,81DF03C0DB7C71A2,18.4,queries/tpch/tpch-queries/q22/v1_materialized.sql,measured,1,4,1,2,0.359565,0.089891,204.198,0.155367,0.001897,0.006678,7168,0,6.520019531250000000,5.963073730468750000,,
2026-09-11T15:00:42Z,81DF03C0DB7C71A2,18.4,queries/tpch/tpch-queries/q22/v1_materialized.sql,measured,1,8,1,2,0.478563,0.059820,424.058,0.054505,0.002822,0.004681,7168,0,11.718811035156250000,11.010864257812500000,,
2026-09-11T15:00:43Z,81DF03C0DB7C71A2,18.4,queries/tpch/tpch-queries/q22/v1_materialized.sql,measured,1,16,1,2,0.859425,0.053714,808.402,0.051023,0.001216,0.005687,7168,0,23.978149414062500000,22.736022949218750000,,
2026-09-11T15:00:47Z,417C6F766730EFC3,18.4,queries/tpch/tpch-queries/q22/base.sql,warmup,1,1,1,2,0.285687,0.285687,100.852,0.184835,0.002978,0.003714,7168,0,3.081909179687500000,2.496032714843750000,,
2026-09-11T15:00:47Z,417C6F766730EFC3,18.4,queries/tpch/tpch-queries/q22/base.sql,warmup,2,1,1,2,0.107985,0.107985,51.833,0.056152,0.005912,0.002656,7168,0,1.815795898437500000,1.666076660156250000,,
2026-09-11T15:00:47Z,417C6F766730EFC3,18.4,queries/tpch/tpch-queries/q22/base.sql,measured,1,1,1,2,0.099348,0.099348,59.534,0.039814,0.003871,0.003055,7168,0,1.994201660156250000,1.860656738281250000,,
2026-09-11T15:00:47Z,417C6F766730EFC3,18.4,queries/tpch/tpch-queries/q22/base.sql,measured,1,2,1,2,0.142515,0.071257,102.030,0.040485,0.004061,0.002829,7168,0,3.395507812500000000,3.214538574218750000,,
2026-09-11T15:00:48Z,417C6F766730EFC3,18.4,queries/tpch/tpch-queries/q22/base.sql,measured,1,4,1,2,0.347285,0.086821,211.702,0.135583,0.010346,0.012475,7168,0,6.393859863281250000,5.910583496093750000,,
2026-09-11T15:00:48Z,417C6F766730EFC3,18.4,queries/tpch/tpch-queries/q22/base.sql,measured,1,8,1,2,0.520353,0.065044,413.213,0.107140,0.002835,0.005574,7168,0,12.113952636718750000,11.388244628906250000,,
2026-09-11T15:00:49Z,417C6F766730EFC3,18.4,queries/tpch/tpch-queries/q22/base.sql,measured,1,16,1,2,0.971626,0.060727,853.339,0.118287,0.003648,0.004512,7168,0,23.278747558593750000,21.854248046875000000,,
2026-09-11T15:00:59Z,58125300340FE6C8,18.4,queries/tpch/tpch-queries/q17/v2_decorrelate.sql,warmup,1,1,1,2,6.083788,6.083788,5901.210,0.182578,0.004608,0.002852,7168,0,83.994506835937500000,69.441650390625000000,,
2026-09-11T15:01:04Z,58125300340FE6C8,18.4,queries/tpch/tpch-queries/q17/v2_decorrelate.sql,warmup,2,1,1,2,5.526532,5.526532,5475.041,0.051491,0.003343,0.005454,7168,0,74.539306640625000000,65.175048828125000000,,
2026-09-11T15:01:10Z,58125300340FE6C8,18.4,queries/tpch/tpch-queries/q17/v2_decorrelate.sql,measured,1,1,1,2,5.461319,5.461319,5421.525,0.039794,0.002926,0.004229,7168,0,75.251647949218750000,65.964233398437500000,,
2026-09-11T15:01:21Z,58125300340FE6C8,18.4,queries/tpch/tpch-queries/q17/v2_decorrelate.sql,measured,1,2,1,2,10.958939,5.479470,10867.591,0.091348,0.003550,0.003562,7168,0,149.645935058593750000,131.115539550781250000,,
2026-09-11T15:01:42Z,58125300340FE6C8,18.4,queries/tpch/tpch-queries/q17/v2_decorrelate.sql,measured,1,4,1,2,21.886192,5.471548,21795.888,0.090304,0.003223,0.004101,7168,0,299.751647949218750000,262.819152832031250000,,
2026-09-11T15:02:26Z,58125300340FE6C8,18.4,queries/tpch/tpch-queries/q17/v2_decorrelate.sql,measured,1,8,1,2,43.660169,5.457521,43576.346,0.083823,0.002888,0.004796,7168,0,596.728027343750000000,523.465576171875000000,,
2026-09-11T15:03:53Z,58125300340FE6C8,18.4,queries/tpch/tpch-queries/q17/v2_decorrelate.sql,measured,1,16,1,2,87.055286,5.440955,86917.780,0.137506,0.002733,0.004483,7168,0,1194.793701171875000000,1048.835510253906250000,,
2026-09-11T15:03:59Z,B3A5330B6B81DD88,18.4,queries/tpch/tpch-queries/q13/v1_materialized.sql,warmup,1,1,1,2,1.781735,1.781735,1588.364,0.193371,0.000742,0.006101,7168,0,15.956237792968750000,12.090087890625000000,,
2026-09-11T15:04:00Z,B3A5330B6B81DD88,18.4,queries/tpch/tpch-queries/q13/v1_materialized.sql,warmup,2,1,1,2,1.434615,1.434615,1394.878,0.039737,0.003958,0.003182,7168,0,10.227539062500000000,8.376220703125000000,,
2026-09-11T15:04:02Z,B3A5330B6B81DD88,18.4,queries/tpch/tpch-queries/q13/v1_materialized.sql,measured,1,1,1,2,1.475702,1.475702,1385.274,0.090428,0.002643,0.005514,7168,0,10.368530273437500000,8.464172363281250000,,
2026-09-11T15:04:04Z,B3A5330B6B81DD88,18.4,queries/tpch/tpch-queries/q13/v1_materialized.sql,measured,1,2,1,2,2.836861,1.418431,2745.741,0.091120,0.002877,0.004758,7168,0,20.137634277343750000,16.459594726562500000,,
2026-09-11T15:04:10Z,B3A5330B6B81DD88,18.4,queries/tpch/tpch-queries/q13/v1_materialized.sql,measured,1,4,1,2,5.391454,1.347863,5347.535,0.043919,0.003492,0.003627,7168,0,39.959411621093750000,33.400329589843750000,,
2026-09-11T15:04:21Z,B3A5330B6B81DD88,18.4,queries/tpch/tpch-queries/q13/v1_materialized.sql,measured,1,8,1,2,10.850981,1.356373,10746.727,0.104254,0.003771,0.005621,7168,0,79.948303222656250000,66.623107910156250000,,
2026-09-11T15:04:42Z,B3A5330B6B81DD88,18.4,queries/tpch/tpch-queries/q13/v1_materialized.sql,measured,1,16,1,2,21.512439,1.344527,21389.973,0.122466,0.003732,0.004639,7168,0,158.085083007812500000,132.244506835937500000,,
2026-09-11T15:04:46Z,64D1F1B958089A95,18.4,queries/tpch/tpch-queries/q16/v1_materialized.sql,warmup,1,1,1,2,0.649455,0.649455,418.084,0.231371,0.004337,0.002937,7168,0,8.523681640625000000,7.300842285156250000,,
2026-09-11T15:04:47Z,64D1F1B958089A95,18.4,queries/tpch/tpch-queries/q16/v1_materialized.sql,warmup,2,1,1,2,0.286812,0.286812,225.549,0.061263,0.003570,0.005411,7168,0,6.459716796875000000,6.081054687500000000,,
2026-09-11T15:04:47Z,64D1F1B958089A95,18.4,queries/tpch/tpch-queries/q16/v1_materialized.sql,measured,1,1,1,2,0.287181,0.287181,219.842,0.067339,0.002980,0.007051,7168,0,6.374938964843750000,6.009338378906250000,,
2026-09-11T15:04:48Z,64D1F1B958089A95,18.4,queries/tpch/tpch-queries/q16/v1_materialized.sql,measured,1,2,1,2,0.540995,0.270498,439.813,0.101182,0.005159,0.002925,7168,0,12.609436035156250000,11.888610839843750000,,
2026-09-11T15:04:49Z,64D1F1B958089A95,18.4,queries/tpch/tpch-queries/q16/v1_materialized.sql,measured,1,4,1,2,0.965874,0.241468,869.661,0.096213,0.004028,0.003907,7168,0,24.750366210937500000,23.368957519531250000,,
2026-09-11T15:04:50Z,64D1F1B958089A95,18.4,queries/tpch/tpch-queries/q16/v1_materialized.sql,measured,1,8,1,2,1.849239,0.231155,1750.378,0.098861,0.002859,0.004662,7168,0,48.107116699218750000,45.794433593750000000,,
2026-09-11T15:04:54Z,64D1F1B958089A95,18.4,queries/tpch/tpch-queries/q16/v1_materialized.sql,measured,1,16,1,2,3.611877,0.225742,3502.295,0.109582,0.003548,0.004415,7168,0,98.257629394531250000,93.469299316406250000,,
2026-09-11T15:04:58Z,BADD4020BAE52599,18.4,queries/tpch/tpch-queries/q06/base.sql,warmup,1,1,1,2,1.092787,1.092787,863.564,0.229223,0.009481,0.015022,7168,0,19.780090332031250000,17.206481933593750000,,
2026-09-11T15:04:59Z,BADD4020BAE52599,18.4,queries/tpch/tpch-queries/q06/base.sql,warmup,2,1,1,2,0.272593,0.272593,233.305,0.039288,0.003430,0.003534,7168,0,9.068969726562500000,8.647766113281250000,,
2026-09-11T15:04:59Z,BADD4020BAE52599,18.4,queries/tpch/tpch-queries/q06/base.sql,measured,1,1,1,2,0.385266,0.385266,278.506,0.106760,0.003765,0.003903,7168,0,7.950134277343750000,7.302734375000000000,,
2026-09-11T15:05:00Z,BADD4020BAE52599,18.4,queries/tpch/tpch-queries/q06/base.sql,measured,1,2,1,2,0.488962,0.244481,449.421,0.039541,0.002893,0.004178,7168,0,17.139160156250000000,16.368286132812500000,,
2026-09-11T15:05:01Z,BADD4020BAE52599,18.4,queries/tpch/tpch-queries/q06/base.sql,measured,1,4,1,2,0.929744,0.232436,871.276,0.058468,0.003282,0.003669,7168,0,33.964355468750000000,32.422241210937500000,,
2026-09-11T15:05:02Z,BADD4020BAE52599,18.4,queries/tpch/tpch-queries/q06/base.sql,measured,1,8,1,2,1.866893,0.233362,1773.556,0.093337,0.001802,0.005385,7168,0,64.908691406250000000,62.032287597656250000,,
2026-09-11T15:05:06Z,BADD4020BAE52599,18.4,queries/tpch/tpch-queries/q06/base.sql,measured,1,16,1,2,3.818656,0.238666,3717.958,0.100698,0.002889,0.004732,7168,0,118.159240722656250000,112.210998535156250000,,
2026-09-11T15:05:21Z,0A2CD27EC92B9976,18.4,queries/tpch/tpch-queries/q08/v2_filter.sql,warmup,1,1,1,2,11.006109,11.006109,10810.428,0.195681,0.003833,0.003722,7168,0,46.952575683593750000,23.381164550781250000,,
2026-09-11T15:05:21Z,0A2CD27EC92B9976,18.4,queries/tpch/tpch-queries/q08/v2_filter.sql,warmup,2,1,1,2,0.407303,0.407303,363.645,0.043658,0.003103,0.006264,7168,0,7.004028320312500000,6.441040039062500000,,
2026-09-11T15:05:22Z,0A2CD27EC92B9976,18.4,queries/tpch/tpch-queries/q08/v2_filter.sql,measured,1,1,1,2,0.458716,0.458716,368.844,0.089872,0.001663,0.005538,7168,0,7.102783203125000000,6.426452636718750000,,
2026-09-11T15:05:23Z,0A2CD27EC92B9976,18.4,queries/tpch/tpch-queries/q08/v2_filter.sql,measured,1,2,1,2,0.787678,0.393839,695.967,0.091711,0.003866,0.003955,7168,0,12.929077148437500000,11.756286621093750000,,
2026-09-11T15:05:24Z,0A2CD27EC92B9976,18.4,queries/tpch/tpch-queries/q08/v2_filter.sql,measured,1,4,1,2,1.443285,0.360821,1348.142,0.095143,0.004559,0.002748,7168,0,24.574890136718750000,22.560913085937500000,,
2026-09-11T15:05:27Z,0A2CD27EC92B9976,18.4,queries/tpch/tpch-queries/q08/v2_filter.sql,measured,1,8,1,2,2.757526,0.344691,2655.256,0.102270,0.002758,0.004595,7168,0,48.985229492187500000,44.879089355468750000,,
2026-09-11T15:05:32Z,0A2CD27EC92B9976,18.4,queries/tpch/tpch-queries/q08/v2_filter.sql,measured,1,16,1,2,5.335991,0.333499,5217.493,0.118498,0.002707,0.004472,7168,0,97.087951660156250000,89.429382324218750000,,
2026-09-11T15:05:37Z,4C2F230056D544B3,18.4,queries/tpch/tpch-queries/q12/base.sql,warmup,1,1,1,2,1.261948,1.261948,1078.369,0.183579,0.004063,0.002776,7168,0,28.041320800781250000,24.998352050781250000,,
2026-09-11T15:05:38Z,4C2F230056D544B3,18.4,queries/tpch/tpch-queries/q12/base.sql,warmup,2,1,1,2,0.432589,0.432589,393.129,0.039460,0.004145,0.002860,7168,0,14.800964355468750000,14.134521484375000000,,
2026-09-11T15:05:38Z,4C2F230056D544B3,18.4,queries/tpch/tpch-queries/q12/base.sql,measured,1,1,1,2,0.467019,0.467019,387.597,0.079422,0.005118,0.002110,7168,0,15.021789550781250000,14.323120117187500000,,
2026-09-11T15:05:39Z,4C2F230056D544B3,18.4,queries/tpch/tpch-queries/q12/base.sql,measured,1,2,1,2,0.843909,0.421955,798.464,0.045445,0.002726,0.004500,7168,0,27.919006347656250000,26.674072265625000000,,
2026-09-11T15:05:41Z,4C2F230056D544B3,18.4,queries/tpch/tpch-queries/q12/base.sql,measured,1,4,1,2,1.656177,0.414044,1558.253,0.097924,0.003733,0.003804,7168,0,54.930419921875000000,52.610290527343750000,,
2026-09-11T15:05:44Z,4C2F230056D544B3,18.4,queries/tpch/tpch-queries/q12/base.sql,measured,1,8,1,2,3.283803,0.410475,3140.127,0.143676,0.000000,0.007169,7168,0,106.076965332031250000,101.197631835937500000,,
2026-09-11T15:05:50Z,4C2F230056D544B3,18.4,queries/tpch/tpch-queries/q12/base.sql,measured,1,16,1,2,6.615092,0.413443,6556.890,0.058202,0.003707,0.003370,7168,0,194.206176757812500000,184.746093750000000000,,
2026-09-11T15:05:55Z,426901A26509E6C0,18.4,queries/tpch/tpch-queries/q14/v2_filter.sql,warmup,1,1,1,2,1.087978,1.087978,904.490,0.183488,0.000901,0.006221,7168,0,21.235290527343750000,18.590576171875000000,,
2026-09-11T15:05:56Z,426901A26509E6C0,18.4,queries/tpch/tpch-queries/q14/v2_filter.sql,warmup,2,1,1,2,0.291359,0.291359,252.250,0.039109,0.003427,0.003521,7168,0,9.329406738281250000,8.885803222656250000,,
2026-09-11T15:05:56Z,426901A26509E6C0,18.4,queries/tpch/tpch-queries/q14/v2_filter.sql,measured,1,1,1,2,0.387932,0.387932,291.005,0.096927,0.000972,0.006662,7168,0,8.455383300781250000,7.762268066406250000,,
2026-09-11T15:05:57Z,426901A26509E6C0,18.4,queries/tpch/tpch-queries/q14/v2_filter.sql,measured,1,2,1,2,0.548549,0.274274,508.086,0.040463,0.004679,0.002674,7168,0,16.624389648437500000,15.705139160156250000,,
2026-09-11T15:05:58Z,426901A26509E6C0,18.4,queries/tpch/tpch-queries/q14/v2_filter.sql,measured,1,4,1,2,1.067284,0.266821,1026.381,0.040903,0.002074,0.004943,7168,0,30.792724609375000000,29.116760253906250000,,
2026-09-11T15:06:00Z,426901A26509E6C0,18.4,queries/tpch/tpch-queries/q14/v2_filter.sql,measured,1,8,1,2,2.164693,0.270587,2070.326,0.094367,0.002915,0.004233,7168,0,58.034912109375000000,54.675720214843750000,,
2026-09-11T15:06:04Z,426901A26509E6C0,18.4,queries/tpch/tpch-queries/q14/v2_filter.sql,measured,1,16,1,2,4.134626,0.258414,4085.791,0.048835,0.005462,0.001856,7168,0,115.886962890625000000,109.363647460937500000,,
2026-09-11T15:06:10Z,DEE08878757CA919,18.4,queries/tpch/tpch-queries/q10/base.sql,warmup,1,1,1,2,1.958920,1.958920,1767.042,0.191878,0.003755,0.003010,7168,0,25.096069335937500000,20.699462890625000000,,
2026-09-11T15:06:10Z,DEE08878757CA919,18.4,queries/tpch/tpch-queries/q10/base.sql,warmup,2,1,1,2,0.291407,0.291407,250.882,0.040525,0.002734,0.004508,7168,0,8.253356933593750000,7.821166992187500000,,
2026-09-11T15:06:10Z,DEE08878757CA919,18.4,queries/tpch/tpch-queries/q10/base.sql,measured,1,1,1,2,0.363474,0.363474,261.478,0.101996,0.004814,0.002971,7168,0,8.237426757812500000,7.645629882812500000,,
2026-09-11T15:06:11Z,DEE08878757CA919,18.4,queries/tpch/tpch-queries/q10/base.sql,measured,1,2,1,2,0.524322,0.262161,482.706,0.041616,0.002608,0.004401,7168,0,15.640136718750000000,14.866394042968750000,,
2026-09-11T15:06:12Z,DEE08878757CA919,18.4,queries/tpch/tpch-queries/q10/base.sql,measured,1,4,1,2,1.097442,0.274360,993.720,0.103722,0.003748,0.003860,7168,0,29.427185058593750000,27.850646972656250000,,
2026-09-11T15:06:14Z,DEE08878757CA919,18.4,queries/tpch/tpch-queries/q10/base.sql,measured,1,8,1,2,2.029156,0.253644,1926.634,0.102522,0.003632,0.003573,7168,0,58.053100585937500000,55.072326660156250000,,
2026-09-11T15:06:18Z,DEE08878757CA919,18.4,queries/tpch/tpch-queries/q10/base.sql,measured,1,16,1,2,4.077151,0.254822,3958.844,0.118307,0.002577,0.005042,7168,0,110.648254394531250000,104.493957519531250000,,
2026-09-11T15:06:23Z,B3C97F1F02DD7268,18.4,queries/tpch/tpch-queries/q14/v2_filter.sql,warmup,1,1,1,2,1.100037,1.100037,916.597,0.183440,0.003623,0.003469,7168,0,21.361206054687500000,18.698120117187500000,,
2026-09-11T15:06:23Z,B3C97F1F02DD7268,18.4,queries/tpch/tpch-queries/q14/v2_filter.sql,warmup,2,1,1,2,0.354700,0.354700,262.628,0.092072,0.002074,0.005039,7168,0,9.069091796875000000,8.511596679687500000,,
2026-09-11T15:06:24Z,B3C97F1F02DD7268,18.4,queries/tpch/tpch-queries/q14/v2_filter.sql,measured,1,1,1,2,0.372310,0.372310,318.340,0.053970,0.001186,0.006862,7168,0,7.761047363281250000,7.150451660156250000,,
2026-09-11T15:06:24Z,B3C97F1F02DD7268,18.4,queries/tpch/tpch-queries/q14/v2_filter.sql,measured,1,2,1,2,0.549660,0.274830,509.714,0.039946,0.003466,0.003602,7168,0,16.868103027343750000,15.972290039062500000,,
2026-09-11T15:06:25Z,B3C97F1F02DD7268,18.4,queries/tpch/tpch-queries/q14/v2_filter.sql,measured,1,4,1,2,1.024709,0.256177,983.611,0.041098,0.004577,0.002843,7168,0,33.338134765625000000,31.675903320312500000,,
2026-09-11T15:06:27Z,B3C97F1F02DD7268,18.4,queries/tpch/tpch-queries/q14/v2_filter.sql,measured,1,8,1,2,2.137769,0.267221,2043.025,0.094744,0.004514,0.002783,7168,0,60.648559570312500000,57.353515625000000000,,
2026-09-11T15:06:32Z,B3C97F1F02DD7268,18.4,queries/tpch/tpch-queries/q14/v2_filter.sql,measured,1,16,1,2,4.177816,0.261114,4129.466,0.048350,0.003805,0.003375,7168,0,115.511962890625000000,108.975524902343750000,,
2026-09-11T15:06:37Z,CF7CBFF1CD2BFE71,18.4,queries/tpch/tpch-queries/q01/v1_materialized.sql,warmup,1,1,1,2,2.200052,2.200052,2017.965,0.182087,0.003041,0.003795,7168,0,57.321472167968750000,52.415527343750000000,,
2026-09-11T15:06:39Z,CF7CBFF1CD2BFE71,18.4,queries/tpch/tpch-queries/q01/v1_materialized.sql,warmup,2,1,1,2,1.553688,1.553688,1514.471,0.039217,0.002612,0.004449,7168,0,44.065795898437500000,42.083740234375000000,,
2026-09-11T15:06:41Z,CF7CBFF1CD2BFE71,18.4,queries/tpch/tpch-queries/q01/v1_materialized.sql,measured,1,1,1,2,1.683363,1.683363,1580.703,0.102660,0.002023,0.005955,7168,0,42.704101562500000000,40.486877441406250000,,
2026-09-11T15:06:44Z,CF7CBFF1CD2BFE71,18.4,queries/tpch/tpch-queries/q01/v1_materialized.sql,measured,1,2,1,2,3.177655,1.588828,3075.027,0.102628,0.004755,0.003255,7168,0,85.960388183593750000,81.700683593750000000,,
2026-09-11T15:06:50Z,CF7CBFF1CD2BFE71,18.4,queries/tpch/tpch-queries/q01/v1_materialized.sql,measured,1,4,1,2,6.419920,1.604980,6315.495,0.104425,0.003572,0.004446,7168,0,163.963134765625000000,155.570983886718750000,,
2026-09-11T15:07:04Z,CF7CBFF1CD2BFE71,18.4,queries/tpch/tpch-queries/q01/v1_materialized.sql,measured,1,8,1,2,13.441899,1.680237,13330.741,0.111158,0.004131,0.004028,7168,0,298.727600097656250000,281.576660156250000000,,
2026-09-11T15:07:31Z,CF7CBFF1CD2BFE71,18.4,queries/tpch/tpch-queries/q01/v1_materialized.sql,measured,1,16,1,2,26.922055,1.682628,26799.102,0.122953,0.003219,0.006383,7168,0,590.393066406250000000,556.462097167968750000,,
2026-09-11T15:07:36Z,A3270DA9862A0D9B,18.4,queries/tpch/tpch-queries/q03/v1_materialized.sql,warmup,1,1,1,2,1.483446,1.483446,1293.722,0.189724,0.003805,0.003028,7168,0,26.079345703125000000,22.621948242187500000,,
2026-09-11T15:07:36Z,A3270DA9862A0D9B,18.4,queries/tpch/tpch-queries/q03/v1_materialized.sql,warmup,2,1,1,2,0.296816,0.296816,256.875,0.039941,0.004231,0.002909,7168,0,9.064819335937500000,8.638366699218750000,,
2026-09-11T15:07:37Z,A3270DA9862A0D9B,18.4,queries/tpch/tpch-queries/q03/v1_materialized.sql,measured,1,1,1,2,0.365364,0.365364,273.216,0.092148,0.004153,0.002936,7168,0,8.989685058593750000,8.412109375000000000,,
2026-09-11T15:07:37Z,A3270DA9862A0D9B,18.4,queries/tpch/tpch-queries/q03/v1_materialized.sql,measured,1,2,1,2,0.640462,0.320231,546.002,0.094460,0.001688,0.005456,7168,0,15.903259277343750000,14.885559082031250000,,
2026-09-11T15:07:38Z,A3270DA9862A0D9B,18.4,queries/tpch/tpch-queries/q03/v1_materialized.sql,measured,1,4,1,2,1.074768,0.268692,983.636,0.091132,0.001048,0.006131,7168,0,31.645324707031250000,30.090881347656250000,,
2026-09-11T15:07:40Z,A3270DA9862A0D9B,18.4,queries/tpch/tpch-queries/q03/v1_materialized.sql,measured,1,8,1,2,2.043533,0.255442,1948.126,0.095407,0.002077,0.005069,7168,0,60.119995117187500000,57.141357421875000000,,
2026-09-11T15:07:44Z,A3270DA9862A0D9B,18.4,queries/tpch/tpch-queries/q03/v1_materialized.sql,measured,1,16,1,2,4.048736,0.253046,3943.327,0.105409,0.004185,0.003004,7168,0,114.992309570312500000,109.068969726562500000,,
2026-09-11T15:07:50Z,FB44A12B6E01789F,18.4,queries/tpch/tpch-queries/q10/base.sql,warmup,1,1,1,2,1.980785,1.980785,1788.064,0.192721,0.001823,0.005333,7168,0,24.750305175781250000,20.324523925781250000,,
2026-09-11T15:07:51Z,FB44A12B6E01789F,18.4,queries/tpch/tpch-queries/q10/base.sql,warmup,2,1,1,2,0.291845,0.291845,251.324,0.040521,0.002077,0.004973,7168,0,8.325256347656250000,7.902099609375000000,,
2026-09-11T15:07:51Z,FB44A12B6E01789F,18.4,queries/tpch/tpch-queries/q10/base.sql,measured,1,1,1,2,0.379439,0.379439,251.126,0.128313,0.000000,0.007412,7168,0,8.473754882812500000,7.853210449218750000,,
2026-09-11T15:07:52Z,FB44A12B6E01789F,18.4,queries/tpch/tpch-queries/q10/base.sql,measured,1,2,1,2,0.563333,0.281666,503.077,0.060256,0.000937,0.007478,7168,0,15.320922851562500000,14.517761230468750000,,
2026-09-11T15:07:53Z,FB44A12B6E01789F,18.4,queries/tpch/tpch-queries/q10/base.sql,measured,1,4,1,2,1.083207,0.270802,978.877,0.104330,0.001917,0.005663,7168,0,29.719421386718750000,28.156677246093750000,,
2026-09-11T15:07:55Z,FB44A12B6E01789F,18.4,queries/tpch/tpch-queries/q10/base.sql,measured,1,8,1,2,2.052033,0.256504,1951.609,0.100424,0.000866,0.006366,7168,0,58.205566406250000000,55.179809570312500000,,
2026-09-11T15:07:59Z,FB44A12B6E01789F,18.4,queries/tpch/tpch-queries/q10/base.sql,measured,1,16,1,2,4.014371,0.250898,3904.889,0.109482,0.002080,0.005053,7168,0,113.172973632812500000,107.269165039062500000,,
2026-09-11T15:08:04Z,54C312FCF7D37DC4,18.4,queries/tpch/tpch-queries/q03/v1_materialized.sql,warmup,1,1,1,2,1.555017,1.555017,1369.051,0.185966,0.003349,0.003445,7168,0,26.560668945312500000,22.935791015625000000,,
2026-09-11T15:08:04Z,54C312FCF7D37DC4,18.4,queries/tpch/tpch-queries/q03/v1_materialized.sql,warmup,2,1,1,2,0.300455,0.300455,260.504,0.039951,0.000000,0.007014,7168,0,9.221801757812500000,8.774780273437500000,,
2026-09-11T15:08:05Z,54C312FCF7D37DC4,18.4,queries/tpch/tpch-queries/q03/v1_materialized.sql,measured,1,1,1,2,0.371831,0.371831,275.363,0.096468,0.002094,0.006083,7168,0,8.622680664062500000,8.022338867187500000,,
2026-09-11T15:08:05Z,54C312FCF7D37DC4,18.4,queries/tpch/tpch-queries/q03/v1_materialized.sql,measured,1,2,1,2,0.642251,0.321125,547.210,0.095041,0.004924,0.002814,7168,0,15.951965332031250000,14.973205566406250000,,
2026-09-11T15:08:06Z,54C312FCF7D37DC4,18.4,queries/tpch/tpch-queries/q03/v1_materialized.sql,measured,1,4,1,2,1.095307,0.273827,1000.395,0.094912,0.004408,0.002671,7168,0,31.643066406250000000,30.079711914062500000,,
2026-09-11T15:08:08Z,54C312FCF7D37DC4,18.4,queries/tpch/tpch-queries/q03/v1_materialized.sql,measured,1,8,1,2,2.061070,0.257634,1966.721,0.094349,0.002709,0.004434,7168,0,60.675537109375000000,57.685363769531250000,,
2026-09-11T15:08:13Z,54C312FCF7D37DC4,18.4,queries/tpch/tpch-queries/q03/v1_materialized.sql,measured,1,16,1,2,4.060949,0.253809,3949.019,0.111930,0.002690,0.004492,7168,0,116.778381347656250000,110.824401855468750000,,
2026-09-11T15:08:18Z,CE0FD7F3F7E46E30,18.4,queries/tpch/tpch-queries/q10/base.sql,warmup,1,1,1,2,1.995052,1.995052,1802.985,0.192067,0.002071,0.004951,7168,0,25.578918457031250000,21.119628906250000000,,
2026-09-11T15:08:19Z,CE0FD7F3F7E46E30,18.4,queries/tpch/tpch-queries/q10/base.sql,warmup,2,1,1,2,0.292891,0.292891,252.442,0.040449,0.003539,0.003565,7168,0,8.320556640625000000,7.906799316406250000,,
2026-09-11T15:08:19Z,CE0FD7F3F7E46E30,18.4,queries/tpch/tpch-queries/q10/base.sql,measured,1,1,1,2,0.410193,0.410193,260.889,0.149304,0.004295,0.003377,7168,0,8.484191894531250000,7.839843750000000000,,
2026-09-11T15:08:20Z,CE0FD7F3F7E46E30,18.4,queries/tpch/tpch-queries/q10/base.sql,measured,1,2,1,2,0.555051,0.277526,500.897,0.054154,0.003654,0.003711,7168,0,15.389038085937500000,14.618164062500000000,,
2026-09-11T15:08:21Z,CE0FD7F3F7E46E30,18.4,queries/tpch/tpch-queries/q10/base.sql,measured,1,4,1,2,1.092474,0.273119,984.129,0.108345,0.003838,0.003939,7168,0,30.456970214843750000,28.891967773437500000,,
2026-09-11T15:08:23Z,CE0FD7F3F7E46E30,18.4,queries/tpch/tpch-queries/q10/base.sql,measured,1,8,1,2,2.109154,0.263644,1935.908,0.173246,0.010975,0.009925,7168,0,59.514831542968750000,56.441101074218750000,,
2026-09-11T15:08:27Z,CE0FD7F3F7E46E30,18.4,queries/tpch/tpch-queries/q10/base.sql,measured,1,16,1,2,4.087291,0.255456,3930.457,0.156834,0.002096,0.005069,7168,0,113.638671875000000000,107.571899414062500000,,
2026-09-11T15:08:32Z,994F94C9EF63749E,18.4,queries/tpch/tpch-queries/q06/v1_materialized.sql,warmup,1,1,1,2,1.043753,1.043753,864.540,0.179213,0.000722,0.006105,7168,0,20.706542968750000000,18.176025390625000000,,
2026-09-11T15:08:32Z,994F94C9EF63749E,18.4,queries/tpch/tpch-queries/q06/v1_materialized.sql,warmup,2,1,1,2,0.290899,0.290899,249.436,0.041463,0.003167,0.004025,7168,0,8.610900878906250000,8.202880859375000000,,
2026-09-11T15:08:32Z,994F94C9EF63749E,18.4,queries/tpch/tpch-queries/q06/v1_materialized.sql,measured,1,1,1,2,0.397828,0.397828,297.032,0.100796,0.002630,0.005296,7168,0,7.810729980468750000,7.202209472656250000,,
2026-09-11T15:08:33Z,994F94C9EF63749E,18.4,queries/tpch/tpch-queries/q06/v1_materialized.sql,measured,1,2,1,2,0.638716,0.319358,536.300,0.102416,0.004470,0.003557,7168,0,14.952453613281250000,13.965576171875000000,,
2026-09-11T15:08:34Z,994F94C9EF63749E,18.4,queries/tpch/tpch-queries/q06/v1_materialized.sql,measured,1,4,1,2,1.124867,0.281217,995.177,0.129690,0.004664,0.002886,7168,0,29.922668457031250000,28.198303222656250000,,
2026-09-11T15:08:36Z,994F94C9EF63749E,18.4,queries/tpch/tpch-queries/q06/v1_materialized.sql,measured,1,8,1,2,2.034278,0.254285,1941.162,0.093116,0.001748,0.005446,7168,0,58.502197265625000000,55.399108886718750000,,
2026-09-11T15:08:40Z,994F94C9EF63749E,18.4,queries/tpch/tpch-queries/q06/v1_materialized.sql,measured,1,16,1,2,4.010665,0.250667,3909.880,0.100785,0.001180,0.006774,7168,0,111.354003906250000000,105.186950683593750000,,
2026-09-11T15:08:45Z,E3DC76E6DF22C412,18.4,queries/tpch/tpch-queries/q19/v1_materialized.sql,warmup,1,1,1,2,1.130999,1.130999,950.531,0.180468,0.003165,0.003944,7168,0,25.771911621093750000,23.045471191406250000,,
2026-09-11T15:08:46Z,E3DC76E6DF22C412,18.4,queries/tpch/tpch-queries/q19/v1_materialized.sql,warmup,2,1,1,2,0.417583,0.417583,377.313,0.040270,0.002592,0.004460,7168,0,13.519287109375000000,12.934143066406250000,,
2026-09-11T15:08:46Z,E3DC76E6DF22C412,18.4,queries/tpch/tpch-queries/q19/v1_materialized.sql,measured,1,1,1,2,0.565512,0.565512,463.787,0.101725,0.002835,0.004908,7168,0,11.768188476562500000,10.865600585937500000,,
2026-09-11T15:08:47Z,E3DC76E6DF22C412,18.4,queries/tpch/tpch-queries/q19/v1_materialized.sql,measured,1,2,1,2,0.936189,0.468094,833.809,0.102380,0.000837,0.007095,7168,0,23.977966308593750000,22.588867187500000000,,
2026-09-11T15:08:49Z,E3DC76E6DF22C412,18.4,queries/tpch/tpch-queries/q19/v1_materialized.sql,measured,1,4,1,2,1.662855,0.415714,1569.376,0.093479,0.001801,0.005612,7168,0,46.426391601562500000,44.093505859375000000,,
2026-09-11T15:08:52Z,E3DC76E6DF22C412,18.4,queries/tpch/tpch-queries/q19/v1_materialized.sql,measured,1,8,1,2,3.305486,0.413186,3205.493,0.099993,0.004229,0.003352,7168,0,88.701293945312500000,83.857604980468750000,,
2026-09-11T15:08:59Z,E3DC76E6DF22C412,18.4,queries/tpch/tpch-queries/q19/v1_materialized.sql,measured,1,16,1,2,6.536347,0.408522,6432.697,0.103650,0.001899,0.005214,7168,0,171.927246093750000000,162.711120605468750000,,
2026-09-11T15:09:08Z,A9B63CB489E5F612,18.4,queries/tpch/tpch-queries/q18/base.sql,warmup,1,1,1,2,5.589058,5.589058,5398.959,0.190099,0.001775,0.005244,7168,0,145.489868164062500000,134.048767089843750000,,
2026-09-11T15:09:13Z,A9B63CB489E5F612,18.4,queries/tpch/tpch-queries/q18/base.sql,warmup,2,1,1,2,4.629450,4.629450,4588.645,0.040805,0.003116,0.003939,7168,0,122.534667968750000000,115.844238281250000000,,
2026-09-11T15:09:17Z,A9B63CB489E5F612,18.4,queries/tpch/tpch-queries/q18/base.sql,measured,1,1,1,2,4.860623,4.860623,4756.938,0.103685,0.003905,0.004083,7168,0,115.978576660156250000,108.795776367187500000,,
2026-09-11T15:09:27Z,A9B63CB489E5F612,18.4,queries/tpch/tpch-queries/q18/base.sql,measured,1,2,1,2,9.842673,4.921337,9729.069,0.113604,0.004711,0.003769,7168,0,215.453308105468750000,201.350158691406250000,,
2026-09-11T15:09:47Z,A9B63CB489E5F612,18.4,queries/tpch/tpch-queries/q18/base.sql,measured,1,4,1,2,19.605809,4.901452,19511.177,0.094632,0.003136,0.004019,7168,0,429.927978515625000000,401.725585937500000000,,
2026-09-11T15:10:26Z,A9B63CB489E5F612,18.4,queries/tpch/tpch-queries/q18/base.sql,measured,1,8,1,2,38.889456,4.861182,38731.547,0.157909,0.004762,0.003809,7168,0,852.664489746093750000,797.061035156250000000,,
2026-09-11T15:11:44Z,A9B63CB489E5F612,18.4,queries/tpch/tpch-queries/q18/base.sql,measured,1,16,1,2,77.739349,4.858709,77659.517,0.079832,0.004017,0.005055,7168,0,1706.797851562500000000,1595.544738769531250000,,
2026-09-11T15:11:49Z,51F845FD01BEBB46,18.4,queries/tpch/tpch-queries/q12/v2_filter.sql,warmup,1,1,1,2,1.294028,1.294028,1108.716,0.185312,0.003238,0.004069,7168,0,28.738952636718750000,25.610351562500000000,,
2026-09-11T15:11:49Z,51F845FD01BEBB46,18.4,queries/tpch/tpch-queries/q12/v2_filter.sql,warmup,2,1,1,2,0.456886,0.456886,414.999,0.041887,0.002839,0.004612,7168,0,13.872070312500000000,13.238525390625000000,,
2026-09-11T15:11:50Z,51F845FD01BEBB46,18.4,queries/tpch/tpch-queries/q12/v2_filter.sql,measured,1,1,1,2,0.548077,0.548077,450.237,0.097840,0.002865,0.004656,7168,0,13.177185058593750000,12.355407714843750000,,
2026-09-11T15:11:51Z,51F845FD01BEBB46,18.4,queries/tpch/tpch-queries/q12/v2_filter.sql,measured,1,2,1,2,0.953258,0.476629,854.984,0.098274,0.003740,0.003792,7168,0,25.569702148437500000,24.178344726562500000,,
2026-09-11T15:11:52Z,51F845FD01BEBB46,18.4,queries/tpch/tpch-queries/q12/v2_filter.sql,measured,1,4,1,2,1.764159,0.441040,1667.824,0.096335,0.005553,0.001979,7168,0,49.836303710937500000,47.383605957031250000,,
2026-09-11T15:11:56Z,51F845FD01BEBB46,18.4,queries/tpch/tpch-queries/q12/v2_filter.sql,measured,1,8,1,2,3.467506,0.433438,3373.223,0.094283,0.003548,0.003548,7168,0,95.380126953125000000,90.337585449218750000,,
2026-09-11T15:12:03Z,51F845FD01BEBB46,18.4,queries/tpch/tpch-queries/q12/v2_filter.sql,measured,1,16,1,2,7.226938,0.451684,7125.124,0.101814,0.001633,0.005803,7168,0,172.687011718750000000,162.562194824218750000,,
2026-09-11T15:12:13Z,F067C976B58BEC8F,18.4,queries/tpch/tpch-queries/q18/base.sql,warmup,1,1,1,2,5.820120,5.820120,5631.300,0.188820,0.002506,0.004435,7168,0,144.152587890625000000,132.464660644531250000,,
2026-09-11T15:12:17Z,F067C976B58BEC8F,18.4,queries/tpch/tpch-queries/q18/base.sql,warmup,2,1,1,2,4.669886,4.669886,4628.697,0.041189,0.002834,0.004587,7168,0,121.077636718750000000,114.275634765625000000,,
2026-09-11T15:12:22Z,F067C976B58BEC8F,18.4,queries/tpch/tpch-queries/q18/base.sql,measured,1,1,1,2,4.804549,4.804549,4711.076,0.093473,0.001801,0.005366,7168,0,118.093933105468750000,111.090698242187500000,,
2026-09-11T15:12:32Z,F067C976B58BEC8F,18.4,queries/tpch/tpch-queries/q18/base.sql,measured,1,2,1,2,9.891200,4.945600,9791.007,0.100193,0.003898,0.003955,7168,0,219.355041503906250000,205.016967773437500000,,
2026-09-11T15:12:52Z,F067C976B58BEC8F,18.4,queries/tpch/tpch-queries/q18/base.sql,measured,1,4,1,2,19.631439,4.907860,19525.953,0.105486,0.004059,0.004154,7168,0,-261713.635681152343750000,401.976501464843750000,,
2026-09-11T15:13:31Z,F067C976B58BEC8F,18.4,queries/tpch/tpch-queries/q18/base.sql,measured,1,8,1,2,38.939462,4.867433,38819.890,0.119572,0.003046,0.005286,7168,0,854.619934082031250000,798.595458984375000000,,
2026-09-11T15:14:49Z,F067C976B58BEC8F,18.4,queries/tpch/tpch-queries/q18/base.sql,measured,1,16,1,2,77.928490,4.870531,77796.673,0.131817,0.005356,0.002907,7168,0,1710.199890136718750000,1599.038146972656250000,,
2026-09-11T15:14:59Z,23C6BFE9BCC45009,18.4,queries/tpch/tpch-queries/q17/v2_decorrelate.sql,warmup,1,1,1,2,6.115670,6.115670,5934.828,0.180842,0.004429,0.003038,7168,0,87.463623046875000000,72.367492675781250000,,
2026-09-11T15:15:04Z,23C6BFE9BCC45009,18.4,queries/tpch/tpch-queries/q17/v2_decorrelate.sql,warmup,2,1,1,2,5.512036,5.512036,5461.016,0.051020,0.001801,0.007296,7168,0,76.464843750000000000,67.048339843750000000,,
2026-09-11T15:15:10Z,23C6BFE9BCC45009,18.4,queries/tpch/tpch-queries/q17/v2_decorrelate.sql,measured,1,1,1,2,5.589790,5.589790,5487.548,0.102242,0.002745,0.005467,7168,0,76.497619628906250000,66.928649902343750000,,
2026-09-11T15:15:21Z,23C6BFE9BCC45009,18.4,queries/tpch/tpch-queries/q17/v2_decorrelate.sql,measured,1,2,1,2,10.985490,5.492745,10890.590,0.094900,0.002182,0.005242,7168,0,152.109802246093750000,133.563903808593750000,,
2026-09-11T15:15:43Z,23C6BFE9BCC45009,18.4,queries/tpch/tpch-queries/q17/v2_decorrelate.sql,measured,1,4,1,2,21.853520,5.463380,21811.424,0.042096,0.002998,0.004368,7168,0,302.032226562500000000,265.272338867187500000,,
2026-09-11T15:16:26Z,23C6BFE9BCC45009,18.4,queries/tpch/tpch-queries/q17/v2_decorrelate.sql,measured,1,8,1,2,43.585794,5.448224,43434.705,0.151089,0.004012,0.003941,7168,0,598.808227539062500000,526.311645507812500000,,
2026-09-11T15:17:53Z,23C6BFE9BCC45009,18.4,queries/tpch/tpch-queries/q17/v2_decorrelate.sql,measured,1,16,1,2,87.068925,5.441808,86965.561,0.103364,0.004967,0.002028,7168,0,1197.369201660156250000,1052.973510742187500000,,
2026-09-11T15:17:59Z,0853B38BBDC0122C,18.4,queries/tpch/tpch-queries/q04/base.sql,warmup,1,1,1,2,1.666945,1.666945,1483.743,0.183202,0.002818,0.004142,7168,0,14.214172363281250000,10.497924804687500000,,
2026-09-11T15:17:59Z,0853B38BBDC0122C,18.4,queries/tpch/tpch-queries/q04/base.sql,warmup,2,1,1,2,0.131561,0.131561,92.186,0.039375,0.003665,0.003573,7168,0,3.695861816406250000,3.506774902343750000,,
2026-09-11T15:17:59Z,0853B38BBDC0122C,18.4,queries/tpch/tpch-queries/q04/base.sql,measured,1,1,1,2,0.182419,0.182419,91.451,0.090968,0.000893,0.006831,7168,0,3.908142089843750000,3.584899902343750000,,
2026-09-11T15:17:59Z,0853B38BBDC0122C,18.4,queries/tpch/tpch-queries/q04/base.sql,measured,1,2,1,2,0.219146,0.109573,178.800,0.040346,0.004051,0.003252,7168,0,6.847717285156250000,6.519714355468750000,,
2026-09-11T15:18:00Z,0853B38BBDC0122C,18.4,queries/tpch/tpch-queries/q04/base.sql,measured,1,4,1,2,0.471102,0.117776,369.988,0.101114,0.000000,0.007721,7168,0,12.215209960937500000,11.408996582031250000,,
2026-09-11T15:18:00Z,0853B38BBDC0122C,18.4,queries/tpch/tpch-queries/q04/base.sql,measured,1,8,1,2,0.807084,0.100886,706.440,0.100644,0.000000,0.007500,7168,0,24.383056640625000000,23.155334472656250000,,
2026-09-11T15:18:02Z,0853B38BBDC0122C,18.4,queries/tpch/tpch-queries/q04/base.sql,measured,1,16,1,2,1.490096,0.093131,1384.307,0.105789,0.001953,0.005786,7168,0,48.878784179687500000,46.574645996093750000,,
2026-09-11T15:18:11Z,4DBAA84F947A9726,18.4,queries/tpch/tpch-queries/q18/v1_materialized.sql,warmup,1,1,1,2,5.355243,5.355243,5165.332,0.189911,0.003884,0.003347,7168,0,156.732543945312500000,145.831787109375000000,,
2026-09-11T15:18:15Z,4DBAA84F947A9726,18.4,queries/tpch/tpch-queries/q18/v1_materialized.sql,warmup,2,1,1,2,4.408036,4.408036,4367.131,0.040905,0.002146,0.005114,7168,0,132.106201171875000000,125.725097656250000000,,
2026-09-11T15:18:20Z,4DBAA84F947A9726,18.4,queries/tpch/tpch-queries/q18/v1_materialized.sql,measured,1,1,1,2,4.665751,4.665751,4562.096,0.103655,0.001905,0.005647,7168,0,126.512084960937500000,119.618286132812500000,,
2026-09-11T15:18:29Z,4DBAA84F947A9726,18.4,queries/tpch/tpch-queries/q18/v1_materialized.sql,measured,1,2,1,2,9.229216,4.614608,9125.738,0.103478,0.003448,0.004338,7168,0,240.699096679687500000,227.426696777343750000,,
2026-09-11T15:18:49Z,4DBAA84F947A9726,18.4,queries/tpch/tpch-queries/q18/v1_materialized.sql,measured,1,4,1,2,19.212995,4.803249,19103.569,0.109426,0.000957,0.006617,7168,0,442.772827148437500000,414.840148925781250000,,
2026-09-11T15:19:28Z,4DBAA84F947A9726,18.4,queries/tpch/tpch-queries/q18/v1_materialized.sql,measured,1,8,1,2,39.068016,4.883502,38948.573,0.119443,0.004503,0.003631,7168,0,857.063598632812500000,801.107116699218750000,,
2026-09-11T15:20:46Z,4DBAA84F947A9726,18.4,queries/tpch/tpch-queries/q18/v1_materialized.sql,measured,1,16,1,2,78.471823,4.904489,78334.085,0.137738,0.002975,0.005897,7168,0,1722.098022460937500000,1610.164489746093750000,,
2026-09-11T15:20:52Z,1062D8DA837660BF,18.4,queries/tpch/tpch-queries/q09/base.sql,warmup,1,1,1,2,1.948142,1.948142,1751.557,0.196585,0.002015,0.011272,7168,0,37.818786621093750000,33.474182128906250000,,
2026-09-11T15:20:53Z,1062D8DA837660BF,18.4,queries/tpch/tpch-queries/q09/base.sql,warmup,2,1,1,2,0.963228,0.963228,911.618,0.051610,0.004250,0.005269,7168,0,21.071838378906250000,19.672058105468750000,,
2026-09-11T15:20:54Z,1062D8DA837660BF,18.4,queries/tpch/tpch-queries/q09/base.sql,measured,1,1,1,2,1.015196,1.015196,913.489,0.101707,0.000857,0.006924,7168,0,21.162231445312500000,19.712280273437500000,,
2026-09-11T15:20:56Z,1062D8DA837660BF,18.4,queries/tpch/tpch-queries/q09/base.sql,measured,1,2,1,2,1.919640,0.959820,1819.860,0.099780,0.001770,0.006338,7168,0,41.340759277343750000,38.631164550781250000,,
2026-09-11T15:20:59Z,1062D8DA837660BF,18.4,queries/tpch/tpch-queries/q09/base.sql,measured,1,4,1,2,3.732296,0.933074,3633.511,0.098785,0.002082,0.005080,7168,0,81.566589355468750000,75.974670410156250000,,
2026-09-11T15:21:07Z,1062D8DA837660BF,18.4,queries/tpch/tpch-queries/q09/base.sql,measured,1,8,1,2,7.321568,0.915196,7222.655,0.098913,0.001927,0.005238,7168,0,163.249206542968750000,152.798095703125000000,,
2026-09-11T15:21:22Z,1062D8DA837660BF,18.4,queries/tpch/tpch-queries/q09/base.sql,measured,1,16,1,2,14.708110,0.919257,14598.541,0.109569,0.000921,0.006458,7168,0,318.277526855468750000,297.390686035156250000,,
2026-09-11T15:21:35Z,729E6E0B9B770AF6,18.4,queries/tpch/tpch-queries/q08/v2_filter.sql,warmup,1,1,1,2,9.448030,9.448030,9251.091,0.196939,0.001754,0.005128,7168,0,60.446472167968750000,40.171691894531250000,,
2026-09-11T15:21:35Z,729E6E0B9B770AF6,18.4,queries/tpch/tpch-queries/q08/v2_filter.sql,warmup,2,1,1,2,0.415099,0.415099,373.928,0.041171,0.003119,0.003952,7168,0,7.162841796875000000,6.566833496093750000,,
2026-09-11T15:21:36Z,729E6E0B9B770AF6,18.4,queries/tpch/tpch-queries/q08/v2_filter.sql,measured,1,1,1,2,0.462416,0.462416,370.172,0.092244,0.005993,0.001885,7168,0,7.240356445312500000,6.557678222656250000,,
2026-09-11T15:21:37Z,729E6E0B9B770AF6,18.4,queries/tpch/tpch-queries/q08/v2_filter.sql,measured,1,2,1,2,0.804669,0.402334,708.792,0.095877,0.004933,0.003021,7168,0,13.088073730468750000,11.939086914062500000,,
2026-09-11T15:21:38Z,729E6E0B9B770AF6,18.4,queries/tpch/tpch-queries/q08/v2_filter.sql,measured,1,4,1,2,1.530314,0.382579,1388.182,0.142132,0.002724,0.004477,7168,0,25.672546386718750000,23.351684570312500000,,
2026-09-11T15:21:41Z,729E6E0B9B770AF6,18.4,queries/tpch/tpch-queries/q08/v2_filter.sql,measured,1,8,1,2,2.772730,0.346591,2718.863,0.053867,0.005390,0.001988,7168,0,48.995239257812500000,45.126586914062500000,,
2026-09-11T15:21:46Z,729E6E0B9B770AF6,18.4,queries/tpch/tpch-queries/q08/v2_filter.sql,measured,1,16,1,2,5.452117,0.340757,5337.969,0.114148,0.001990,0.005323,7296,0,98.600158691406250000,90.860107421875000000,,
2026-09-11T15:21:51Z,D93CEBCCA85F035E,18.4,queries/tpch/tpch-queries/q15/base.sql,warmup,1,1,1,2,1.096649,1.096649,911.990,0.184659,0.004205,0.002576,7168,0,21.531799316406250000,18.898986816406250000,,
2026-09-11T15:21:51Z,D93CEBCCA85F035E,18.4,queries/tpch/tpch-queries/q15/base.sql,warmup,2,1,1,2,0.326853,0.326853,287.137,0.039716,0.002018,0.004828,7168,0,10.207336425781250000,9.693176269531250000,,
2026-09-11T15:21:52Z,D93CEBCCA85F035E,18.4,queries/tpch/tpch-queries/q15/base.sql,measured,1,1,1,2,0.477196,0.477196,320.434,0.156762,0.000917,0.007335,7168,0,9.397766113281250000,8.633056640625000000,,
2026-09-11T15:21:53Z,D93CEBCCA85F035E,18.4,queries/tpch/tpch-queries/q15/base.sql,measured,1,2,1,2,0.706592,0.353296,603.819,0.102773,0.002238,0.005480,7168,0,18.562927246093750000,17.402099609375000000,,
2026-09-11T15:21:54Z,D93CEBCCA85F035E,18.4,queries/tpch/tpch-queries/q15/base.sql,measured,1,4,1,2,1.170413,0.292603,1118.608,0.051805,0.001793,0.005406,7168,0,36.736267089843750000,34.994689941406250000,,
2026-09-11T15:21:56Z,D93CEBCCA85F035E,18.4,queries/tpch/tpch-queries/q15/base.sql,measured,1,8,1,2,2.333648,0.291706,2234.764,0.098884,0.002748,0.004581,7168,0,69.130187988281250000,65.539001464843750000,,
2026-09-11T15:22:01Z,D93CEBCCA85F035E,18.4,queries/tpch/tpch-queries/q15/base.sql,measured,1,16,1,2,4.630523,0.289408,4531.069,0.099454,0.004648,0.002546,7168,0,131.980957031250000000,124.726196289062500000,,
2026-09-11T15:22:56Z,0A8494337DA3DDDD,18.4,queries/tpch/tpch-queries/q02/base.sql,warmup,1,1,1,2,51.785652,51.785652,51550.890,0.234762,0.001662,0.005340,7168,0,521.202270507812500000,450.933654785156250000,,
2026-09-11T15:23:43Z,0A8494337DA3DDDD,18.4,queries/tpch/tpch-queries/q02/base.sql,warmup,2,1,1,2,47.118124,47.118124,47074.374,0.043750,0.000928,0.008480,7168,0,515.503662109375000000,454.292175292968750000,,
2026-09-11T15:24:30Z,0A8494337DA3DDDD,18.4,queries/tpch/tpch-queries/q02/base.sql,measured,1,1,1,2,47.053700,47.053700,46962.709,0.090991,0.003680,0.004260,7168,0,518.935424804687500000,457.969177246093750000,,
2026-09-11T15:26:04Z,0A8494337DA3DDDD,18.4,queries/tpch/tpch-queries/q02/base.sql,measured,1,2,1,2,93.860766,46.930383,93767.866,0.092900,0.003000,0.004882,7168,0,1009.884094238281250000,888.330505371093750000,,
2026-09-11T15:29:12Z,0A8494337DA3DDDD,18.4,queries/tpch/tpch-queries/q02/base.sql,measured,1,4,1,2,187.488877,46.872219,187387.215,0.101662,0.003973,0.004960,7168,0,2037.690979003906250000,1794.282348632812500000,,
2026-09-11T15:35:26Z,0A8494337DA3DDDD,18.4,queries/tpch/tpch-queries/q02/base.sql,measured,1,8,1,2,374.625732,46.828217,374524.396,0.101336,0.006080,0.002077,7168,0,4014.798706054687500000,3528.241699218750000000,,
2026-09-11T15:48:02Z,0A8494337DA3DDDD,18.4,queries/tpch/tpch-queries/q02/base.sql,measured,1,16,1,2,755.862073,47.241380,755750.042,0.112031,0.003322,0.005428,7168,0,7966.358032226562500000,6983.441345214843750000,,
2026-09-11T15:48:07Z,4EAA769C672556C3,18.4,queries/tpch/tpch-queries/q14/base.sql,warmup,1,1,1,2,1.076651,1.076651,893.375,0.183276,0.003000,0.003745,7168,0,20.436035156250000000,17.852294921875000000,,
2026-09-11T15:48:07Z,4EAA769C672556C3,18.4,queries/tpch/tpch-queries/q14/base.sql,warmup,2,1,1,2,0.286372,0.286372,247.320,0.039052,0.001008,0.005838,7168,0,9.257812500000000000,8.840270996093750000,,
2026-09-11T15:48:08Z,4EAA769C672556C3,18.4,queries/tpch/tpch-queries/q14/base.sql,measured,1,1,1,2,0.398183,0.398183,301.379,0.096804,0.001914,0.005640,7168,0,7.871154785156250000,7.268554687500000000,,
2026-09-11T15:48:08Z,4EAA769C672556C3,18.4,queries/tpch/tpch-queries/q14/base.sql,measured,1,2,1,2,0.607158,0.303579,513.017,0.094141,0.003699,0.003798,7168,0,16.506042480468750000,15.483032226562500000,,
2026-09-11T15:48:09Z,4EAA769C672556C3,18.4,queries/tpch/tpch-queries/q14/base.sql,measured,1,4,1,2,1.055173,0.263793,960.217,0.094956,0.004300,0.003005,7168,0,33.548095703125000000,31.929138183593750000,,
2026-09-11T15:48:11Z,4EAA769C672556C3,18.4,queries/tpch/tpch-queries/q14/base.sql,measured,1,8,1,2,1.958844,0.244856,1866.044,0.092800,0.002957,0.004211,7168,0,67.020935058593750000,63.950805664062500000,,
2026-09-11T15:48:15Z,4EAA769C672556C3,18.4,queries/tpch/tpch-queries/q14/base.sql,measured,1,16,1,2,3.865046,0.241565,3765.826,0.099220,0.001782,0.005332,7168,0,130.836364746093750000,124.698425292968750000,,
2026-09-11T15:48:20Z,7B83D6CB38238B30,18.4,queries/tpch/tpch-queries/q06/base.sql,warmup,1,1,1,2,1.060318,1.060318,881.424,0.178894,0.003085,0.003859,7168,0,20.204528808593750000,17.634582519531250000,,
2026-09-11T15:48:20Z,7B83D6CB38238B30,18.4,queries/tpch/tpch-queries/q06/base.sql,warmup,2,1,1,2,0.274686,0.274686,235.296,0.039390,0.002038,0.004870,7168,0,9.206481933593750000,8.809448242187500000,,
2026-09-11T15:48:20Z,7B83D6CB38238B30,18.4,queries/tpch/tpch-queries/q06/base.sql,measured,1,1,1,2,0.375402,0.375402,278.915,0.096487,0.003348,0.004201,7168,0,7.780090332031250000,7.207763671875000000,,
2026-09-11T15:48:21Z,7B83D6CB38238B30,18.4,queries/tpch/tpch-queries/q06/base.sql,measured,1,2,1,2,0.620354,0.310177,517.140,0.103214,0.005728,0.002883,7168,0,15.564941406250000000,14.538085937500000000,,
2026-09-11T15:48:22Z,7B83D6CB38238B30,18.4,queries/tpch/tpch-queries/q06/base.sql,measured,1,4,1,2,0.945339,0.236335,904.814,0.040525,0.003073,0.003910,7168,0,32.750061035156250000,31.248596191406250000,,
2026-09-11T15:48:24Z,7B83D6CB38238B30,18.4,queries/tpch/tpch-queries/q06/base.sql,measured,1,8,1,2,1.935007,0.241876,1839.217,0.095790,0.004664,0.002863,7168,0,61.739196777343750000,58.836181640625000000,,
2026-09-11T15:48:28Z,7B83D6CB38238B30,18.4,queries/tpch/tpch-queries/q06/base.sql,measured,1,16,1,2,3.951938,0.246996,3855.274,0.096664,0.004732,0.002759,7168,0,111.787658691406250000,105.618835449218750000,,
2026-09-11T15:48:40Z,CB1C50DD0712BC79,18.4,queries/tpch/tpch-queries/q07/v1_materialized.sql,warmup,1,1,1,2,8.556581,8.556581,8361.592,0.194989,0.001903,0.005535,7168,0,39.486206054687500000,21.092712402343750000,,
2026-09-11T15:48:41Z,CB1C50DD0712BC79,18.4,queries/tpch/tpch-queries/q07/v1_materialized.sql,warmup,2,1,1,2,0.331282,0.331282,290.310,0.040972,0.002071,0.004996,7168,0,5.689819335937500000,5.228210449218750000,,
2026-09-11T15:48:41Z,CB1C50DD0712BC79,18.4,queries/tpch/tpch-queries/q07/v1_materialized.sql,measured,1,1,1,2,0.377557,0.377557,288.877,0.088680,0.001484,0.005646,7168,0,5.833923339843750000,5.249938964843750000,,
2026-09-11T15:48:42Z,CB1C50DD0712BC79,18.4,queries/tpch/tpch-queries/q07/v1_materialized.sql,measured,1,2,1,2,0.654117,0.327059,563.455,0.090662,0.002850,0.004682,7168,0,10.288391113281250000,9.329345703125000000,,
2026-09-11T15:48:43Z,CB1C50DD0712BC79,18.4,queries/tpch/tpch-queries/q07/v1_materialized.sql,measured,1,4,1,2,1.191909,0.297977,1098.545,0.093364,0.001739,0.005689,7168,0,19.679504394531250000,17.971191406250000000,,
2026-09-11T15:48:45Z,CB1C50DD0712BC79,18.4,queries/tpch/tpch-queries/q07/v1_materialized.sql,measured,1,8,1,2,2.292452,0.286556,2192.087,0.100365,0.004606,0.002773,7168,0,38.200256347656250000,34.828125000000000000,,
2026-09-11T15:48:50Z,CB1C50DD0712BC79,18.4,queries/tpch/tpch-queries/q07/v1_materialized.sql,measured,1,16,1,2,4.348755,0.271797,4238.886,0.109869,0.005300,0.002186,7168,0,77.557189941406250000,71.262207031250000000,,
2026-09-11T15:49:04Z,F333EE6339590DC8,18.4,queries/tpch/tpch-queries/q08/base.sql,warmup,1,1,1,2,10.175676,10.175676,9977.638,0.198038,0.002787,0.004884,7168,0,50.530639648437500000,28.875305175781250000,,
2026-09-11T15:49:04Z,F333EE6339590DC8,18.4,queries/tpch/tpch-queries/q08/base.sql,warmup,2,1,1,2,0.458646,0.458646,364.598,0.094048,0.001918,0.006280,7168,0,7.419738769531250000,6.757507324218750000,,
2026-09-11T15:49:04Z,F333EE6339590DC8,18.4,queries/tpch/tpch-queries/q08/base.sql,measured,1,1,1,2,0.406887,0.406887,365.076,0.041811,0.003442,0.004235,7168,0,6.816345214843750000,6.251831054687500000,,
2026-09-11T15:49:05Z,F333EE6339590DC8,18.4,queries/tpch/tpch-queries/q08/base.sql,measured,1,2,1,2,0.792739,0.396369,698.436,0.094303,0.001945,0.005722,7168,0,12.887756347656250000,11.758544921875000000,,
2026-09-11T15:49:07Z,F333EE6339590DC8,18.4,queries/tpch/tpch-queries/q08/base.sql,measured,1,4,1,2,1.460183,0.365046,1365.037,0.095146,0.002609,0.004775,7168,0,24.597717285156250000,22.506896972656250000,,
2026-09-11T15:49:09Z,F333EE6339590DC8,18.4,queries/tpch/tpch-queries/q08/base.sql,measured,1,8,1,2,2.730798,0.341350,2625.884,0.104914,0.002454,0.004921,7168,0,49.246643066406250000,45.424499511718750000,,
2026-09-11T15:49:15Z,F333EE6339590DC8,18.4,queries/tpch/tpch-queries/q08/base.sql,measured,1,16,1,2,5.348112,0.334257,5233.493,0.114619,0.002514,0.004712,7168,0,96.841125488281250000,89.369628906250000000,,
2026-09-11T15:49:20Z,743E1DDC89BF5C47,18.4,queries/tpch/tpch-queries/q09/v1_materialized.sql,warmup,1,1,1,2,1.963171,1.963171,1773.828,0.189343,0.003864,0.003694,7168,0,36.436950683593750000,32.130920410156250000,,
2026-09-11T15:49:21Z,743E1DDC89BF5C47,18.4,queries/tpch/tpch-queries/q09/v1_materialized.sql,warmup,2,1,1,2,0.948579,0.948579,894.423,0.054156,0.004408,0.005510,7168,0,20.499450683593750000,19.131103515625000000,,
2026-09-11T15:49:22Z,743E1DDC89BF5C47,18.4,queries/tpch/tpch-queries/q09/v1_materialized.sql,measured,1,1,1,2,1.001142,1.001142,899.418,0.101724,0.004500,0.003631,7168,0,20.827514648437500000,19.382141113281250000,,
2026-09-11T15:49:24Z,743E1DDC89BF5C47,18.4,queries/tpch/tpch-queries/q09/v1_materialized.sql,measured,1,2,1,2,1.900965,0.950482,1793.115,0.107850,0.004374,0.004681,7168,0,41.008178710937500000,38.349548339843750000,,
2026-09-11T15:49:28Z,743E1DDC89BF5C47,18.4,queries/tpch/tpch-queries/q09/v1_materialized.sql,measured,1,4,1,2,3.640568,0.910142,3541.819,0.098749,0.002936,0.004775,7168,0,82.155639648437500000,76.686096191406250000,,
2026-09-11T15:49:35Z,743E1DDC89BF5C47,18.4,queries/tpch/tpch-queries/q09/v1_materialized.sql,measured,1,8,1,2,7.122445,0.890306,7022.262,0.100183,0.000893,0.006423,7168,0,165.370483398437500000,155.179443359375000000,,
2026-09-11T15:49:49Z,743E1DDC89BF5C47,18.4,queries/tpch/tpch-queries/q09/v1_materialized.sql,measured,1,16,1,2,14.277494,0.892343,14165.875,0.111619,0.001891,0.005192,7168,0,329.511291503906250000,308.947509765625000000,,
2026-09-11T15:49:55Z,5503142152C91AB4,18.4,queries/tpch/tpch-queries/q04/v1_materialized.sql,warmup,1,1,1,2,1.646022,1.646022,1462.614,0.183408,0.001823,0.005362,7168,0,18.399841308593750000,14.694335937500000000,,
2026-09-11T15:49:55Z,5503142152C91AB4,18.4,queries/tpch/tpch-queries/q04/v1_materialized.sql,warmup,2,1,1,2,0.130059,0.130059,90.693,0.039366,0.004084,0.002874,7168,0,3.739440917968750000,3.528320312500000000,,
2026-09-11T15:49:55Z,5503142152C91AB4,18.4,queries/tpch/tpch-queries/q04/v1_materialized.sql,measured,1,1,1,2,0.241794,0.241794,90.408,0.151386,0.002788,0.005616,7168,0,4.098754882812500000,3.672973632812500000,,
2026-09-11T15:49:55Z,5503142152C91AB4,18.4,queries/tpch/tpch-queries/q04/v1_materialized.sql,measured,1,2,1,2,0.255199,0.127599,200.456,0.054743,0.004976,0.002990,7168,0,5.782714843750000000,5.377136230468750000,,
2026-09-11T15:49:56Z,5503142152C91AB4,18.4,queries/tpch/tpch-queries/q04/v1_materialized.sql,measured,1,4,1,2,0.451838,0.112960,356.423,0.095415,0.004408,0.003098,7168,0,12.546386718750000000,11.697021484375000000,,
2026-09-11T15:49:57Z,5503142152C91AB4,18.4,queries/tpch/tpch-queries/q04/v1_materialized.sql,measured,1,8,1,2,0.726320,0.090790,681.893,0.044427,0.001044,0.006022,7168,0,24.896179199218750000,23.795227050781250000,,
2026-09-11T15:49:58Z,5503142152C91AB4,18.4,queries/tpch/tpch-queries/q04/v1_materialized.sql,measured,1,16,1,2,1.473314,0.092082,1372.840,0.100474,0.005414,0.001823,7168,0,47.461181640625000000,45.205505371093750000,,
2026-09-11T15:50:07Z,C1B1C171BACA78BD,18.4,queries/tpch/tpch-queries/q18/base.sql,warmup,1,1,1,2,5.119257,5.119257,4931.265,0.187992,0.003489,0.003713,7168,0,148.368469238281250000,137.603393554687500000,,
2026-09-11T15:50:12Z,C1B1C171BACA78BD,18.4,queries/tpch/tpch-queries/q18/base.sql,warmup,2,1,1,2,4.596019,4.596019,4555.209,0.040810,0.000918,0.006319,7168,0,125.278686523437500000,118.470031738281250000,,
2026-09-11T15:50:16Z,C1B1C171BACA78BD,18.4,queries/tpch/tpch-queries/q18/base.sql,measured,1,1,1,2,4.708439,4.708439,4608.481,0.099958,0.001941,0.006710,7168,0,121.037780761718750000,114.158752441406250000,,
2026-09-11T15:50:26Z,C1B1C171BACA78BD,18.4,queries/tpch/tpch-queries/q18/base.sql,measured,1,2,1,2,9.420730,4.710365,9363.800,0.056930,0.002834,0.004900,7168,0,234.195434570312500000,220.518554687500000000,,
2026-09-11T15:50:45Z,C1B1C171BACA78BD,18.4,queries/tpch/tpch-queries/q18/base.sql,measured,1,4,1,2,19.594926,4.898732,19477.596,0.117330,0.003874,0.003772,7168,0,432.108215332031250000,403.838623046875000000,,
2026-09-11T15:51:24Z,C1B1C171BACA78BD,18.4,queries/tpch/tpch-queries/q18/base.sql,measured,1,8,1,2,39.064177,4.883022,38872.376,0.191801,0.000999,0.008078,7168,0,856.325744628906250000,799.918701171875000000,,
2026-09-11T15:52:42Z,C1B1C171BACA78BD,18.4,queries/tpch/tpch-queries/q18/base.sql,measured,1,16,1,2,77.659934,4.853746,77563.116,0.096818,0.005631,0.002958,7168,0,1705.041625976562500000,1594.278381347656250000,,
2026-09-11T15:52:47Z,F649C08AE7BCF3A6,18.4,queries/tpch/tpch-queries/q16/v2_not_exists.sql,warmup,1,1,1,2,0.629562,0.629562,395.235,0.234327,0.001696,0.005666,7168,0,8.981628417968750000,7.779968261718750000,,
2026-09-11T15:52:47Z,F649C08AE7BCF3A6,18.4,queries/tpch/tpch-queries/q16/v2_not_exists.sql,warmup,2,1,1,2,0.257720,0.257720,202.542,0.055178,0.001913,0.007789,7168,0,6.096496582031250000,5.770629882812500000,,
2026-09-11T15:52:47Z,F649C08AE7BCF3A6,18.4,queries/tpch/tpch-queries/q16/v2_not_exists.sql,measured,1,1,1,2,0.298530,0.298530,201.005,0.097525,0.001192,0.006808,7168,0,6.209838867187500000,5.785400390625000000,,
2026-09-11T15:52:48Z,F649C08AE7BCF3A6,18.4,queries/tpch/tpch-queries/q16/v2_not_exists.sql,measured,1,2,1,2,0.515836,0.257918,416.670,0.099166,0.001915,0.006586,7168,0,11.732055664062500000,11.019042968750000000,,
2026-09-11T15:52:49Z,F649C08AE7BCF3A6,18.4,queries/tpch/tpch-queries/q16/v2_not_exists.sql,measured,1,4,1,2,0.935390,0.233848,831.838,0.103552,0.004563,0.003727,7168,0,22.885803222656250000,21.573791503906250000,,
2026-09-11T15:52:50Z,F649C08AE7BCF3A6,18.4,queries/tpch/tpch-queries/q16/v2_not_exists.sql,measured,1,8,1,2,1.781784,0.222723,1677.072,0.104712,0.004928,0.003053,7168,0,44.381408691406250000,42.042663574218750000,,
2026-09-11T15:52:54Z,F649C08AE7BCF3A6,18.4,queries/tpch/tpch-queries/q16/v2_not_exists.sql,measured,1,16,1,2,3.519808,0.219988,3412.008,0.107800,0.003654,0.004541,7040,0,86.658935546875000000,81.852294921875000000,,
2026-09-11T15:52:58Z,6D71ED5D17B66DA2,18.4,queries/tpch/tpch-queries/q06/v1_materialized.sql,warmup,1,1,1,2,1.048004,1.048004,864.470,0.183534,0.001607,0.005406,7168,0,20.630676269531250000,18.089111328125000000,,
2026-09-11T15:52:59Z,6D71ED5D17B66DA2,18.4,queries/tpch/tpch-queries/q06/v1_materialized.sql,warmup,2,1,1,2,0.287118,0.287118,247.886,0.039232,0.003148,0.003938,7168,0,8.457458496093750000,8.034484863281250000,,
2026-09-11T15:52:59Z,6D71ED5D17B66DA2,18.4,queries/tpch/tpch-queries/q06/v1_materialized.sql,measured,1,1,1,2,0.416677,0.416677,295.400,0.121277,0.002797,0.004787,7168,0,8.003295898437500000,7.314575195312500000,,
2026-09-11T15:53:00Z,6D71ED5D17B66DA2,18.4,queries/tpch/tpch-queries/q06/v1_materialized.sql,measured,1,2,1,2,0.503247,0.251624,463.738,0.039509,0.003048,0.003881,7168,0,16.831787109375000000,16.028503417968750000,,
2026-09-11T15:53:01Z,6D71ED5D17B66DA2,18.4,queries/tpch/tpch-queries/q06/v1_materialized.sql,measured,1,4,1,2,0.987594,0.246898,940.739,0.046855,0.002863,0.004143,7168,0,31.375488281250000000,29.784362792968750000,,
2026-09-11T15:53:03Z,6D71ED5D17B66DA2,18.4,queries/tpch/tpch-queries/q06/v1_materialized.sql,measured,1,8,1,2,2.069569,0.258696,1969.202,0.100367,0.001987,0.005747,7168,0,56.443908691406250000,53.327941894531250000,,
2026-09-11T15:53:07Z,6D71ED5D17B66DA2,18.4,queries/tpch/tpch-queries/q06/v1_materialized.sql,measured,1,16,1,2,3.924251,0.245266,3860.760,0.063491,0.000948,0.006559,7168,0,112.556823730468750000,106.587158203125000000,,
2026-09-11T15:53:12Z,20A4021D66A33025,18.4,queries/tpch/tpch-queries/q12/v1_materialized.sql,warmup,1,1,1,2,1.263522,1.263522,1077.710,0.185812,0.002013,0.004763,7168,0,28.695495605468750000,25.637207031250000000,,
2026-09-11T15:53:12Z,20A4021D66A33025,18.4,queries/tpch/tpch-queries/q12/v1_materialized.sql,warmup,2,1,1,2,0.449288,0.449288,409.857,0.039431,0.002052,0.004888,7168,0,14.378051757812500000,13.671508789062500000,,
2026-09-11T15:53:12Z,20A4021D66A33025,18.4,queries/tpch/tpch-queries/q12/v1_materialized.sql,measured,1,1,1,2,0.452900,0.452900,413.410,0.039490,0.004134,0.002881,7168,0,14.063598632812500000,13.350463867187500000,,
2026-09-11T15:53:13Z,20A4021D66A33025,18.4,queries/tpch/tpch-queries/q12/v1_materialized.sql,measured,1,2,1,2,0.871479,0.435740,821.345,0.050134,0.001679,0.005302,7168,0,26.685913085937500000,25.417724609375000000,,
2026-09-11T15:53:15Z,20A4021D66A33025,18.4,queries/tpch/tpch-queries/q12/v1_materialized.sql,measured,1,4,1,2,1.750487,0.437622,1658.035,0.092452,0.002144,0.005138,7168,0,50.799011230468750000,48.367431640625000000,,
2026-09-11T15:53:19Z,20A4021D66A33025,18.4,queries/tpch/tpch-queries/q12/v1_materialized.sql,measured,1,8,1,2,3.466928,0.433366,3369.203,0.097725,0.004259,0.003006,7168,0,97.105834960937500000,92.062561035156250000,,
2026-09-11T15:53:26Z,20A4021D66A33025,18.4,queries/tpch/tpch-queries/q12/v1_materialized.sql,measured,1,16,1,2,7.210806,0.450675,7105.967,0.104839,0.004271,0.003326,7168,0,176.125732421875000000,166.098937988281250000,,
2026-09-11T15:53:31Z,E7AE50A8EE40DB52,18.4,queries/tpch/tpch-queries/q06/v1_materialized.sql,warmup,1,1,1,2,1.037592,1.037592,856.595,0.180997,0.001015,0.005822,7168,0,20.362182617187500000,17.844665527343750000,,
2026-09-11T15:53:31Z,E7AE50A8EE40DB52,18.4,queries/tpch/tpch-queries/q06/v1_materialized.sql,warmup,2,1,1,2,0.297377,0.297377,254.956,0.042421,0.002886,0.004693,7168,0,8.184265136718750000,7.753051757812500000,,
2026-09-11T15:53:31Z,E7AE50A8EE40DB52,18.4,queries/tpch/tpch-queries/q06/v1_materialized.sql,measured,1,1,1,2,0.363833,0.363833,306.155,0.057678,0.006876,0.001174,7168,0,7.881225585937500000,7.286376953125000000,,
2026-09-11T15:53:32Z,E7AE50A8EE40DB52,18.4,queries/tpch/tpch-queries/q06/v1_materialized.sql,measured,1,2,1,2,0.528362,0.264181,488.811,0.039551,0.002060,0.004905,7168,0,16.076782226562500000,15.207885742187500000,,
2026-09-11T15:53:33Z,E7AE50A8EE40DB52,18.4,queries/tpch/tpch-queries/q06/v1_materialized.sql,measured,1,4,1,2,1.014132,0.253533,972.825,0.041307,0.003746,0.003572,7168,0,29.888122558593750000,28.323547363281250000,,
2026-09-11T15:53:35Z,E7AE50A8EE40DB52,18.4,queries/tpch/tpch-queries/q06/v1_materialized.sql,measured,1,8,1,2,2.055167,0.256896,1962.056,0.093111,0.001732,0.005342,7168,0,56.396850585937500000,53.369262695312500000,,
2026-09-11T15:53:39Z,E7AE50A8EE40DB52,18.4,queries/tpch/tpch-queries/q06/v1_materialized.sql,measured,1,16,1,2,4.029346,0.251834,3929.568,0.099778,0.002771,0.004299,7168,0,109.995483398437500000,103.883483886718750000,,
2026-09-11T15:53:50Z,21449507187FA2B4,18.4,queries/tpch/tpch-queries/q07/v2_union_all.sql,warmup,1,1,1,2,6.782433,6.782433,6584.527,0.197906,0.003459,0.003600,7168,0,42.662414550781250000,28.036376953125000000,,
2026-09-11T15:53:50Z,21449507187FA2B4,18.4,queries/tpch/tpch-queries/q07/v2_union_all.sql,warmup,2,1,1,2,0.333440,0.333440,290.225,0.043215,0.002849,0.005607,7168,0,5.894653320312500000,5.411499023437500000,,
2026-09-11T15:53:50Z,21449507187FA2B4,18.4,queries/tpch/tpch-queries/q07/v2_union_all.sql,measured,1,1,1,2,0.382194,0.382194,292.709,0.089485,0.003088,0.003969,7168,0,6.208740234375000000,5.515930175781250000,,
2026-09-11T15:53:51Z,21449507187FA2B4,18.4,queries/tpch/tpch-queries/q07/v2_union_all.sql,measured,1,2,1,2,0.610103,0.305051,565.917,0.044186,0.003650,0.003769,7168,0,10.430969238281250000,9.566650390625000000,,
2026-09-11T15:53:52Z,21449507187FA2B4,18.4,queries/tpch/tpch-queries/q07/v2_union_all.sql,measured,1,4,1,2,1.224816,0.306204,1128.459,0.096357,0.002715,0.005432,7168,0,19.597229003906250000,17.844177246093750000,,
2026-09-11T15:53:54Z,21449507187FA2B4,18.4,queries/tpch/tpch-queries/q07/v2_union_all.sql,measured,1,8,1,2,2.287193,0.285899,2184.076,0.103117,0.003290,0.004253,7168,0,38.426269531250000000,35.183898925781250000,,
2026-09-11T15:53:59Z,21449507187FA2B4,18.4,queries/tpch/tpch-queries/q07/v2_union_all.sql,measured,1,16,1,2,4.439447,0.277465,4324.368,0.115079,0.002534,0.005114,7168,0,77.364196777343750000,70.854492187500000000,,
2026-09-11T15:54:03Z,BF3AB266F0152E9B,18.4,queries/tpch/tpch-queries/q11/base.sql,warmup,1,1,1,2,0.401697,0.401697,220.607,0.181090,0.003215,0.003647,7168,0,4.501342773437500000,3.647827148437500000,,
2026-09-11T15:54:03Z,BF3AB266F0152E9B,18.4,queries/tpch/tpch-queries/q11/base.sql,warmup,2,1,1,2,0.123338,0.123338,83.528,0.039810,0.003175,0.004007,7168,0,3.117919921875000000,2.924072265625000000,,
2026-09-11T15:54:03Z,BF3AB266F0152E9B,18.4,queries/tpch/tpch-queries/q11/base.sql,measured,1,1,1,2,0.187992,0.187992,81.799,0.106193,0.005858,0.002832,7168,0,3.144470214843750000,2.829895019531250000,,
2026-09-11T15:54:03Z,BF3AB266F0152E9B,18.4,queries/tpch/tpch-queries/q11/base.sql,measured,1,2,1,2,0.270676,0.135338,167.991,0.102685,0.002150,0.006255,7168,0,5.730041503906250000,5.308898925781250000,,
2026-09-11T15:54:04Z,BF3AB266F0152E9B,18.4,queries/tpch/tpch-queries/q11/base.sql,measured,1,4,1,2,0.480885,0.120221,372.346,0.108539,0.002670,0.005370,7168,0,9.661621093750000000,8.933044433593750000,,
2026-09-11T15:54:05Z,BF3AB266F0152E9B,18.4,queries/tpch/tpch-queries/q11/base.sql,measured,1,8,1,2,0.780293,0.097537,669.068,0.111225,0.004534,0.003618,7168,0,20.087463378906250000,18.838378906250000000,,
2026-09-11T15:54:06Z,BF3AB266F0152E9B,18.4,queries/tpch/tpch-queries/q11/base.sql,measured,1,16,1,2,1.276199,0.079762,1224.209,0.051990,0.001875,0.005565,7168,0,41.408508300781250000,39.427795410156250000,,
2026-09-11T15:54:18Z,7B92DF45F65DA457,18.4,queries/tpch/tpch-queries/q07/v1_materialized.sql,warmup,1,1,1,2,8.422247,8.422247,8228.963,0.193284,0.003188,0.003659,7168,0,42.398010253906250000,24.372863769531250000,,
2026-09-11T15:54:18Z,7B92DF45F65DA457,18.4,queries/tpch/tpch-queries/q07/v1_materialized.sql,warmup,2,1,1,2,0.323408,0.323408,282.571,0.040837,0.002596,0.004402,7168,0,5.923950195312500000,5.477783203125000000,,
2026-09-11T15:54:19Z,7B92DF45F65DA457,18.4,queries/tpch/tpch-queries/q07/v1_materialized.sql,measured,1,1,1,2,0.375424,0.375424,286.458,0.088966,0.001797,0.005360,7168,0,5.968811035156250000,5.390075683593750000,,
2026-09-11T15:54:19Z,7B92DF45F65DA457,18.4,queries/tpch/tpch-queries/q07/v1_materialized.sql,measured,1,2,1,2,0.646573,0.323287,552.887,0.093686,0.000961,0.006678,7168,0,10.623718261718750000,9.674377441406250000,,
2026-09-11T15:54:20Z,7B92DF45F65DA457,18.4,queries/tpch/tpch-queries/q07/v1_materialized.sql,measured,1,4,1,2,1.182549,0.295637,1088.709,0.093840,0.002742,0.004564,7168,0,19.859191894531250000,18.091674804687500000,,
2026-09-11T15:54:23Z,7B92DF45F65DA457,18.4,queries/tpch/tpch-queries/q07/v1_materialized.sql,measured,1,8,1,2,2.286692,0.285837,2187.505,0.099187,0.001285,0.006020,7168,0,38.468383789062500000,35.179809570312500000,,
2026-09-11T15:54:27Z,7B92DF45F65DA457,18.4,queries/tpch/tpch-queries/q07/v1_materialized.sql,measured,1,16,1,2,4.388341,0.274271,4278.103,0.110238,0.001864,0.005568,7168,0,77.129699707031250000,70.861145019531250000,,
2026-09-11T15:54:32Z,D474AB6F6903330C,18.4,queries/tpch/tpch-queries/q19/base.sql,warmup,1,1,1,2,1.143890,1.143890,963.047,0.180843,0.003389,0.003506,7168,0,25.333923339843750000,22.583496093750000000,,
2026-09-11T15:54:32Z,D474AB6F6903330C,18.4,queries/tpch/tpch-queries/q19/base.sql,warmup,2,1,1,2,0.401454,0.401454,361.980,0.039474,0.001027,0.005945,7168,0,14.012573242187500000,13.442321777343750000,,
2026-09-11T15:54:33Z,D474AB6F6903330C,18.4,queries/tpch/tpch-queries/q19/base.sql,measured,1,1,1,2,0.525153,0.525153,426.630,0.098523,0.001736,0.006170,7168,0,12.599304199218750000,11.764648437500000000,,
2026-09-11T15:54:34Z,D474AB6F6903330C,18.4,queries/tpch/tpch-queries/q19/base.sql,measured,1,2,1,2,0.763801,0.381901,723.299,0.040502,0.001772,0.005220,7168,0,26.399719238281250000,25.279418945312500000,,
2026-09-11T15:54:35Z,D474AB6F6903330C,18.4,queries/tpch/tpch-queries/q19/base.sql,measured,1,4,1,2,1.589654,0.397413,1494.894,0.094760,0.002968,0.004216,7168,0,50.150939941406250000,47.926940917968750000,,
2026-09-11T15:54:38Z,D474AB6F6903330C,18.4,queries/tpch/tpch-queries/q19/base.sql,measured,1,8,1,2,3.063391,0.382924,2964.047,0.099344,0.004494,0.002741,7168,0,97.990051269531250000,93.609619140625000000,,
2026-09-11T15:54:44Z,D474AB6F6903330C,18.4,queries/tpch/tpch-queries/q19/base.sql,measured,1,16,1,2,6.161257,0.385079,6109.060,0.052197,0.000892,0.006166,7168,0,184.599670410156250000,175.924377441406250000,,
2026-09-11T15:54:49Z,5187B78EEE6BC93D,18.4,queries/tpch/tpch-queries/q22/v1_materialized.sql,warmup,1,1,1,2,0.310056,0.310056,115.880,0.194176,0.006645,0.011611,7168,0,2.858886718750000000,2.277282714843750000,,
2026-09-11T15:54:49Z,5187B78EEE6BC93D,18.4,queries/tpch/tpch-queries/q22/v1_materialized.sql,warmup,2,1,1,2,0.100512,0.100512,60.224,0.040288,0.003969,0.003167,7168,0,2.114135742187500000,1.953796386718750000,,
2026-09-11T15:54:49Z,5187B78EEE6BC93D,18.4,queries/tpch/tpch-queries/q22/v1_materialized.sql,measured,1,1,1,2,0.100051,0.100051,60.177,0.039874,0.003008,0.004322,7168,0,2.097778320312500000,1.949707031250000000,,
2026-09-11T15:54:49Z,5187B78EEE6BC93D,18.4,queries/tpch/tpch-queries/q22/v1_materialized.sql,measured,1,2,1,2,0.143677,0.071838,103.263,0.040414,0.001748,0.005218,7168,0,3.537902832031250000,3.349365234375000000,,
2026-09-11T15:54:49Z,5187B78EEE6BC93D,18.4,queries/tpch/tpch-queries/q22/v1_materialized.sql,measured,1,4,1,2,0.309339,0.077335,212.490,0.096849,0.003064,0.004922,7168,0,6.697570800781250000,6.245117187500000000,,
2026-09-11T15:54:50Z,5187B78EEE6BC93D,18.4,queries/tpch/tpch-queries/q22/v1_materialized.sql,measured,1,8,1,2,0.564920,0.070615,415.823,0.149097,0.009217,0.014472,7168,0,12.703125000000000000,11.895385742187500000,,
2026-09-11T15:54:51Z,5187B78EEE6BC93D,18.4,queries/tpch/tpch-queries/q22/v1_materialized.sql,measured,1,16,1,2,0.988188,0.061762,870.422,0.117766,0.005578,0.002809,7168,0,24.316162109375000000,22.852783203125000000,,
2026-09-11T15:55:00Z,2DCB56745D0FA149,18.4,queries/tpch/tpch-queries/q18/base.sql,warmup,1,1,1,2,5.470479,5.470479,5280.705,0.189774,0.004879,0.002065,7168,0,151.841125488281250000,140.918579101562500000,,
2026-09-11T15:55:04Z,2DCB56745D0FA149,18.4,queries/tpch/tpch-queries/q18/base.sql,warmup,2,1,1,2,4.493989,4.493989,4452.988,0.041001,0.003892,0.003140,7168,0,129.079284667968750000,122.504333496093750000,,
2026-09-11T15:55:09Z,2DCB56745D0FA149,18.4,queries/tpch/tpch-queries/q18/base.sql,measured,1,1,1,2,4.742293,4.742293,4594.260,0.148033,0.004336,0.005209,7168,0,124.707641601562500000,117.699829101562500000,,
2026-09-11T15:55:18Z,2DCB56745D0FA149,18.4,queries/tpch/tpch-queries/q18/base.sql,measured,1,2,1,2,9.338055,4.669028,9237.084,0.100971,0.003870,0.003962,7168,0,237.339355468750000000,223.844787597656250000,,
2026-09-11T15:55:38Z,2DCB56745D0FA149,18.4,queries/tpch/tpch-queries/q18/base.sql,measured,1,4,1,2,19.641274,4.910318,19509.571,0.131703,0.004535,0.004584,7168,0,430.064025878906250000,401.701171875000000000,,
2026-09-11T15:56:17Z,2DCB56745D0FA149,18.4,queries/tpch/tpch-queries/q18/base.sql,measured,1,8,1,2,38.921773,4.865222,38818.813,0.102960,0.003300,0.004253,7168,0,853.945983886718750000,797.978088378906250000,,
2026-09-11T15:57:35Z,2DCB56745D0FA149,18.4,queries/tpch/tpch-queries/q18/base.sql,measured,1,16,1,2,77.782027,4.861377,77643.773,0.138254,0.005322,0.003111,7168,0,1706.899597167968750000,1595.531738281250000000,,
2026-09-11T15:57:45Z,11CC3946730E8162,18.4,queries/tpch/tpch-queries/q07/base.sql,warmup,1,1,1,2,6.988180,6.988180,6796.509,0.191671,0.004083,0.002823,7168,0,52.048583984375000000,37.015869140625000000,,
2026-09-11T15:57:46Z,11CC3946730E8162,18.4,queries/tpch/tpch-queries/q07/base.sql,warmup,2,1,1,2,0.335655,0.335655,294.911,0.040744,0.003380,0.003464,7168,0,5.803405761718750000,5.320129394531250000,,
2026-09-11T15:57:46Z,11CC3946730E8162,18.4,queries/tpch/tpch-queries/q07/base.sql,measured,1,1,1,2,0.382734,0.382734,292.792,0.089942,0.004076,0.003258,7168,0,5.985351562500000000,5.398559570312500000,,
2026-09-11T15:57:47Z,11CC3946730E8162,18.4,queries/tpch/tpch-queries/q07/base.sql,measured,1,2,1,2,0.671767,0.335884,572.999,0.098768,0.004011,0.004125,7168,0,10.271057128906250000,9.298522949218750000,,
2026-09-11T15:57:48Z,11CC3946730E8162,18.4,queries/tpch/tpch-queries/q07/base.sql,measured,1,4,1,2,1.222891,0.305723,1125.297,0.097594,0.003476,0.004371,7168,0,19.740966796875000000,17.919067382812500000,,
2026-09-11T15:57:50Z,11CC3946730E8162,18.4,queries/tpch/tpch-queries/q07/base.sql,measured,1,8,1,2,2.289412,0.286177,2186.448,0.102964,0.001436,0.006255,7168,0,38.800537109375000000,35.475952148437500000,,
2026-09-11T15:57:55Z,11CC3946730E8162,18.4,queries/tpch/tpch-queries/q07/base.sql,measured,1,16,1,2,4.413561,0.275848,4346.473,0.067088,0.003749,0.003820,7168,0,75.935852050781250000,69.563781738281250000,,
2026-09-11T15:58:00Z,A47B127103516581,18.4,queries/tpch/tpch-queries/q10/v1_materialized.sql,warmup,1,1,1,2,1.962424,1.962424,1771.515,0.190909,0.000814,0.006482,7168,0,25.228759765625000000,20.867736816406250000,,
2026-09-11T15:58:01Z,A47B127103516581,18.4,queries/tpch/tpch-queries/q10/v1_materialized.sql,warmup,2,1,1,2,0.306231,0.306231,265.646,0.040585,0.004483,0.002726,7168,0,8.488037109375000000,7.975036621093750000,,
2026-09-11T15:58:01Z,A47B127103516581,18.4,queries/tpch/tpch-queries/q10/v1_materialized.sql,measured,1,1,1,2,0.353628,0.353628,264.932,0.088696,0.004076,0.003215,7168,0,8.670043945312500000,8.129150390625000000,,
2026-09-11T15:58:02Z,A47B127103516581,18.4,queries/tpch/tpch-queries/q10/v1_materialized.sql,measured,1,2,1,2,0.578680,0.289340,524.149,0.054531,0.001868,0.005544,7168,0,15.773010253906250000,14.931579589843750000,,
2026-09-11T15:58:03Z,A47B127103516581,18.4,queries/tpch/tpch-queries/q10/v1_materialized.sql,measured,1,4,1,2,1.138331,0.284583,1032.312,0.106019,0.005774,0.001954,7168,0,31.300292968750000000,29.665039062500000000,,
2026-09-11T15:58:05Z,A47B127103516581,18.4,queries/tpch/tpch-queries/q10/v1_materialized.sql,measured,1,8,1,2,2.104400,0.263050,1999.877,0.104523,0.002697,0.004532,7168,0,62.085937500000000000,59.052490234375000000,,
2026-09-11T15:58:09Z,A47B127103516581,18.4,queries/tpch/tpch-queries/q10/v1_materialized.sql,measured,1,16,1,2,4.107702,0.256731,3994.714,0.112988,0.002085,0.005055,7168,0,121.119140625000000000,115.085388183593750000,,
2026-09-11T15:58:14Z,9D1E1AF7E52C4354,18.4,queries/tpch/tpch-queries/q14/v1_materialized.sql,warmup,1,1,1,2,0.886902,0.886902,829.865,0.057037,0.000732,0.006099,7168,0,21.106811523437500000,18.879882812500000000,,
2026-09-11T15:58:14Z,9D1E1AF7E52C4354,18.4,queries/tpch/tpch-queries/q14/v1_materialized.sql,warmup,2,1,1,2,0.305031,0.305031,263.540,0.041491,0.004723,0.002597,7168,0,8.862976074218750000,8.399658203125000000,,
2026-09-11T15:58:14Z,9D1E1AF7E52C4354,18.4,queries/tpch/tpch-queries/q14/v1_materialized.sql,measured,1,1,1,2,0.305364,0.305364,261.867,0.043497,0.004539,0.002784,7168,0,8.888244628906250000,8.401672363281250000,,
2026-09-11T15:58:15Z,9D1E1AF7E52C4354,18.4,queries/tpch/tpch-queries/q14/v1_materialized.sql,measured,1,2,1,2,0.708751,0.354375,528.480,0.180271,0.002942,0.006777,7168,0,17.836669921875000000,16.302612304687500000,,
2026-09-11T15:58:16Z,9D1E1AF7E52C4354,18.4,queries/tpch/tpch-queries/q14/v1_materialized.sql,measured,1,4,1,2,1.041571,0.260393,999.896,0.041675,0.002670,0.004713,7168,0,33.043457031250000000,31.284790039062500000,,
2026-09-11T15:58:18Z,9D1E1AF7E52C4354,18.4,queries/tpch/tpch-queries/q14/v1_materialized.sql,measured,1,8,1,2,2.142802,0.267850,2048.653,0.094149,0.003897,0.003104,7168,0,60.696105957031250000,57.337463378906250000,,
2026-09-11T15:58:23Z,9D1E1AF7E52C4354,18.4,queries/tpch/tpch-queries/q14/v1_materialized.sql,measured,1,16,1,2,4.218738,0.263671,4116.825,0.101913,0.001843,0.005693,7168,0,117.128723144531250000,110.585571289062500000,,
2026-09-11T15:58:31Z,32AF9FBE50FCE2B1,18.4,queries/tpch/tpch-queries/q13/v2_correlated.sql,warmup,1,1,1,2,4.411756,4.411756,4231.115,0.180641,0.003302,0.003430,7168,0,44.610351562500000000,35.938659667968750000,,
2026-09-11T15:58:33Z,32AF9FBE50FCE2B1,18.4,queries/tpch/tpch-queries/q13/v2_correlated.sql,warmup,2,1,1,2,1.934891,1.934891,1895.364,0.039527,0.003259,0.004050,7168,0,22.178833007812500000,19.771301269531250000,,
2026-09-11T15:58:35Z,32AF9FBE50FCE2B1,18.4,queries/tpch/tpch-queries/q13/v2_correlated.sql,measured,1,1,1,2,2.043928,2.043928,1905.867,0.138061,0.003070,0.005009,7168,0,22.692321777343750000,19.972167968750000000,,
2026-09-11T15:58:38Z,32AF9FBE50FCE2B1,18.4,queries/tpch/tpch-queries/q13/v2_correlated.sql,measured,1,2,1,2,3.757859,1.878929,3715.150,0.042709,0.003512,0.004458,7168,0,43.084838867187500000,38.424987792968750000,,
2026-09-11T15:58:46Z,32AF9FBE50FCE2B1,18.4,queries/tpch/tpch-queries/q13/v2_correlated.sql,measured,1,4,1,2,7.513767,1.878442,7405.415,0.108352,0.006860,0.002844,7168,0,85.023742675781250000,75.637207031250000000,,
2026-09-11T15:59:01Z,32AF9FBE50FCE2B1,18.4,queries/tpch/tpch-queries/q13/v2_correlated.sql,measured,1,8,1,2,14.661641,1.832705,14567.997,0.093644,0.004480,0.003637,7168,0,167.131347656250000000,148.841857910156250000,,
2026-09-11T15:59:30Z,32AF9FBE50FCE2B1,18.4,queries/tpch/tpch-queries/q13/v2_correlated.sql,measured,1,16,1,2,29.130434,1.820652,29040.989,0.089445,0.002559,0.004474,7168,0,328.473693847656250000,292.635131835937500000,,
2026-09-11T15:59:35Z,D878C55CA8C103A8,18.4,queries/tpch/tpch-queries/q04/v2_in.sql,warmup,1,1,1,2,1.661968,1.661968,1480.333,0.181635,0.002876,0.004194,7168,0,17.856201171875000000,14.193298339843750000,,
2026-09-11T15:59:35Z,D878C55CA8C103A8,18.4,queries/tpch/tpch-queries/q04/v2_in.sql,warmup,2,1,1,2,0.130336,0.130336,90.745,0.039591,0.003170,0.003986,7168,0,3.646484375000000000,3.456481933593750000,,
2026-09-11T15:59:35Z,D878C55CA8C103A8,18.4,queries/tpch/tpch-queries/q04/v2_in.sql,measured,1,1,1,2,0.181996,0.181996,91.287,0.090709,0.002818,0.004916,7168,0,3.857360839843750000,3.531555175781250000,,
2026-09-11T15:59:36Z,D878C55CA8C103A8,18.4,queries/tpch/tpch-queries/q04/v2_in.sql,measured,1,2,1,2,0.217285,0.108642,177.096,0.040189,0.001033,0.005981,7168,0,6.745117187500000000,6.402343750000000000,,
2026-09-11T15:59:36Z,D878C55CA8C103A8,18.4,queries/tpch/tpch-queries/q04/v2_in.sql,measured,1,4,1,2,0.470290,0.117572,368.374,0.101916,0.004510,0.003082,7168,0,11.826904296875000000,11.050720214843750000,,
2026-09-11T15:59:37Z,D878C55CA8C103A8,18.4,queries/tpch/tpch-queries/q04/v2_in.sql,measured,1,8,1,2,0.784807,0.098101,687.218,0.097589,0.005635,0.001900,7168,0,24.104370117187500000,22.924194335937500000,,
2026-09-11T15:59:38Z,D878C55CA8C103A8,18.4,queries/tpch/tpch-queries/q04/v2_in.sql,measured,1,16,1,2,1.462118,0.091382,1357.290,0.104828,0.002847,0.004655,7168,0,47.647949218750000000,45.465393066406250000,,
2026-09-11T15:59:44Z,DACA33688D6F2F53,18.4,queries/tpch/tpch-queries/q01/base.sql,warmup,1,1,1,2,2.081884,2.081884,1901.344,0.180540,0.001004,0.005798,7168,0,64.032043457031250000,59.364685058593750000,,
2026-09-11T15:59:46Z,DACA33688D6F2F53,18.4,queries/tpch/tpch-queries/q01/base.sql,warmup,2,1,1,2,1.436892,1.436892,1345.957,0.090935,0.002667,0.004453,7168,0,51.813842773437500000,49.944702148437500000,,
2026-09-11T15:59:47Z,DACA33688D6F2F53,18.4,queries/tpch/tpch-queries/q01/base.sql,measured,1,1,1,2,1.539307,1.539307,1480.180,0.059127,0.004662,0.003701,7168,0,46.923706054687500000,45.044433593750000000,,
2026-09-11T15:59:50Z,DACA33688D6F2F53,18.4,queries/tpch/tpch-queries/q01/base.sql,measured,1,2,1,2,3.088365,1.544183,2937.615,0.150750,0.002061,0.006146,7168,0,92.124877929687500000,87.955017089843750000,,
2026-09-11T15:59:56Z,DACA33688D6F2F53,18.4,queries/tpch/tpch-queries/q01/base.sql,measured,1,4,1,2,6.112757,1.528189,6056.695,0.056062,0.002949,0.005130,7168,0,173.461975097656250000,165.718811035156250000,,
2026-09-11T16:00:09Z,DACA33688D6F2F53,18.4,queries/tpch/tpch-queries/q01/base.sql,measured,1,8,1,2,12.421820,1.552727,12289.470,0.132350,0.001852,0.006465,7168,0,338.879760742187500000,322.918762207031250000,,
2026-09-11T16:00:36Z,DACA33688D6F2F53,18.4,queries/tpch/tpch-queries/q01/base.sql,measured,1,16,1,2,26.895163,1.680948,26789.317,0.105846,0.002683,0.005473,7168,0,590.099914550781250000,556.335144042968750000,,
2026-09-11T16:00:41Z,AF8FDBA55ACB0B5B,18.4,queries/tpch/tpch-queries/q10/base.sql,warmup,1,1,1,2,1.966843,1.966843,1776.847,0.189996,0.004181,0.002616,7168,0,25.462036132812500000,21.081420898437500000,,
2026-09-11T16:00:42Z,AF8FDBA55ACB0B5B,18.4,queries/tpch/tpch-queries/q10/base.sql,warmup,2,1,1,2,0.293609,0.293609,253.118,0.040491,0.004252,0.002608,7168,0,8.399902343750000000,7.972900390625000000,,
2026-09-11T16:00:42Z,AF8FDBA55ACB0B5B,18.4,queries/tpch/tpch-queries/q10/base.sql,measured,1,1,1,2,0.366288,0.366288,263.646,0.102642,0.003649,0.004521,7168,0,8.388366699218750000,7.762145996093750000,,
2026-09-11T16:00:43Z,AF8FDBA55ACB0B5B,18.4,queries/tpch/tpch-queries/q10/base.sql,measured,1,2,1,2,0.531523,0.265762,490.255,0.041268,0.004180,0.002884,7168,0,15.752563476562500000,14.978332519531250000,,
2026-09-11T16:00:44Z,AF8FDBA55ACB0B5B,18.4,queries/tpch/tpch-queries/q10/base.sql,measured,1,4,1,2,1.114108,0.278527,1009.884,0.104224,0.002278,0.005416,7168,0,30.094848632812500000,28.488647460937500000,,
2026-09-11T16:00:46Z,AF8FDBA55ACB0B5B,18.4,queries/tpch/tpch-queries/q10/base.sql,measured,1,8,1,2,2.081348,0.260169,1982.324,0.099024,0.004171,0.003003,7168,0,57.466003417968750000,54.438720703125000000,,
2026-09-11T16:00:50Z,AF8FDBA55ACB0B5B,18.4,queries/tpch/tpch-queries/q10/base.sql,measured,1,16,1,2,4.037473,0.252342,3930.924,0.106549,0.001932,0.005351,7168,0,113.757629394531250000,107.604919433593750000,,
2026-09-11T16:00:55Z,7A014A86974012E3,18.4,queries/tpch/tpch-queries/q06/v1_materialized.sql,warmup,1,1,1,2,1.039243,1.039243,860.778,0.178465,0.002591,0.004568,7168,0,20.496643066406250000,17.973449707031250000,,
2026-09-11T16:00:55Z,7A014A86974012E3,18.4,queries/tpch/tpch-queries/q06/v1_materialized.sql,warmup,2,1,1,2,0.298263,0.298263,255.694,0.042569,0.001880,0.005523,7168,0,8.243774414062500000,7.792541503906250000,,
2026-09-11T16:00:55Z,7A014A86974012E3,18.4,queries/tpch/tpch-queries/q06/v1_materialized.sql,measured,1,1,1,2,0.384715,0.384715,286.810,0.097905,0.002597,0.005113,7168,0,7.642211914062500000,7.042175292968750000,,
2026-09-11T16:00:56Z,7A014A86974012E3,18.4,queries/tpch/tpch-queries/q06/v1_materialized.sql,measured,1,2,1,2,0.623584,0.311792,519.627,0.103957,0.004049,0.004196,7168,0,15.508422851562500000,14.504211425781250000,,
2026-09-11T16:00:57Z,7A014A86974012E3,18.4,queries/tpch/tpch-queries/q06/v1_materialized.sql,measured,1,4,1,2,1.011805,0.252951,970.672,0.041133,0.003497,0.003549,7168,0,30.284240722656250000,28.736328125000000000,,
2026-09-11T16:00:59Z,7A014A86974012E3,18.4,queries/tpch/tpch-queries/q06/v1_materialized.sql,measured,1,8,1,2,2.028019,0.253502,1928.517,0.099502,0.001721,0.005849,7168,0,59.360290527343750000,56.313720703125000000,,
2026-09-11T16:01:03Z,7A014A86974012E3,18.4,queries/tpch/tpch-queries/q06/v1_materialized.sql,measured,1,16,1,2,3.942237,0.246390,3894.474,0.047763,0.004275,0.002948,7168,0,112.034301757812500000,106.024963378906250000,,
2026-09-11T16:01:15Z,72A00E63C8D7F8D2,18.4,queries/tpch/tpch-queries/q08/v1_materialized.sql,warmup,1,1,1,2,8.767739,8.767739,8574.902,0.192837,0.000909,0.006251,7168,0,56.097778320312500000,37.288208007812500000,,
2026-09-11T16:01:16Z,72A00E63C8D7F8D2,18.4,queries/tpch/tpch-queries/q08/v1_materialized.sql,warmup,2,1,1,2,0.412843,0.412843,371.025,0.041818,0.006338,0.000928,7168,0,6.992004394531250000,6.435485839843750000,,
2026-09-11T16:01:16Z,72A00E63C8D7F8D2,18.4,queries/tpch/tpch-queries/q08/v1_materialized.sql,measured,1,1,1,2,0.461883,0.461883,369.160,0.092723,0.004755,0.002912,7168,0,7.152648925781250000,6.464111328125000000,,
2026-09-11T16:01:17Z,72A00E63C8D7F8D2,18.4,queries/tpch/tpch-queries/q08/v1_materialized.sql,measured,1,2,1,2,0.802441,0.401221,706.917,0.095524,0.001792,0.006212,7168,0,12.968017578125000000,11.826293945312500000,,
2026-09-11T16:01:19Z,72A00E63C8D7F8D2,18.4,queries/tpch/tpch-queries/q08/v1_materialized.sql,measured,1,4,1,2,1.473489,0.368372,1373.756,0.099733,0.005838,0.001984,7168,0,24.716979980468750000,22.588378906250000000,,
2026-09-11T16:01:21Z,72A00E63C8D7F8D2,18.4,queries/tpch/tpch-queries/q08/v1_materialized.sql,measured,1,8,1,2,2.767893,0.345987,2666.657,0.101236,0.002862,0.004692,7168,0,49.720886230468750000,45.603393554687500000,,
2026-09-11T16:01:27Z,72A00E63C8D7F8D2,18.4,queries/tpch/tpch-queries/q08/v1_materialized.sql,measured,1,16,1,2,5.424730,0.339046,5309.196,0.115534,0.002590,0.004727,7168,0,97.874389648437500000,90.209106445312500000,,
2026-09-11T16:01:31Z,2E27F285B7337D2C,18.4,queries/tpch/tpch-queries/q11/v2_cte_threshold.sql,warmup,1,1,1,2,0.389189,0.389189,211.370,0.177819,0.005076,0.001724,7168,0,4.634704589843750000,3.815673828125000000,,
2026-09-11T16:01:31Z,2E27F285B7337D2C,18.4,queries/tpch/tpch-queries/q11/v2_cte_threshold.sql,warmup,2,1,1,2,0.123761,0.123761,84.384,0.039377,0.004406,0.002563,7168,0,3.153076171875000000,2.963806152343750000,,
2026-09-11T16:01:31Z,2E27F285B7337D2C,18.4,queries/tpch/tpch-queries/q11/v2_cte_threshold.sql,measured,1,1,1,2,0.181314,0.181314,84.909,0.096405,0.002625,0.005281,7168,0,3.211425781250000000,2.887573242187500000,,
2026-09-11T16:01:31Z,2E27F285B7337D2C,18.4,queries/tpch/tpch-queries/q11/v2_cte_threshold.sql,measured,1,2,1,2,0.269241,0.134621,160.343,0.108898,0.003649,0.004629,7168,0,5.600219726562500000,5.168762207031250000,,
2026-09-11T16:01:32Z,2E27F285B7337D2C,18.4,queries/tpch/tpch-queries/q11/v2_cte_threshold.sql,measured,1,4,1,2,0.476158,0.119039,369.692,0.106466,0.001218,0.006986,7168,0,9.714416503906250000,8.992309570312500000,,
2026-09-11T16:01:33Z,2E27F285B7337D2C,18.4,queries/tpch/tpch-queries/q11/v2_cte_threshold.sql,measured,1,8,1,2,0.771847,0.096481,665.055,0.106792,0.000923,0.006899,7168,0,19.258728027343750000,17.984313964843750000,,
2026-09-11T16:01:34Z,2E27F285B7337D2C,18.4,queries/tpch/tpch-queries/q11/v2_cte_threshold.sql,measured,1,16,1,2,1.324178,0.082761,1271.804,0.052374,0.002858,0.004645,7168,0,42.002563476562500000,39.899108886718750000,,
2026-09-11T16:01:38Z,01A1BBEFC3767926,18.4,queries/tpch/tpch-queries/q11/v1_materialized.sql,warmup,1,1,1,2,0.394772,0.394772,215.801,0.178971,0.003176,0.003916,7168,0,4.892456054687500000,4.068420410156250000,,
2026-09-11T16:01:38Z,01A1BBEFC3767926,18.4,queries/tpch/tpch-queries/q11/v1_materialized.sql,warmup,2,1,1,2,0.124159,0.124159,84.006,0.040153,0.003202,0.004066,7168,0,3.084350585937500000,2.903381347656250000,,
2026-09-11T16:01:38Z,01A1BBEFC3767926,18.4,queries/tpch/tpch-queries/q11/v1_materialized.sql,measured,1,1,1,2,0.181051,0.181051,84.384,0.096667,0.002813,0.004940,7168,0,3.175781250000000000,2.867370605468750000,,
2026-09-11T16:01:39Z,01A1BBEFC3767926,18.4,queries/tpch/tpch-queries/q11/v1_materialized.sql,measured,1,2,1,2,0.262660,0.131330,158.632,0.104028,0.000956,0.007562,7168,0,5.692138671875000000,5.255737304687500000,,
2026-09-11T16:01:39Z,01A1BBEFC3767926,18.4,queries/tpch/tpch-queries/q11/v1_materialized.sql,measured,1,4,1,2,0.482942,0.120736,367.067,0.115875,0.001896,0.006966,7168,0,9.104675292968750000,8.371093750000000000,,
2026-09-11T16:01:40Z,01A1BBEFC3767926,18.4,queries/tpch/tpch-queries/q11/v1_materialized.sql,measured,1,8,1,2,0.836087,0.104511,701.313,0.134774,0.001870,0.007456,7168,0,20.203247070312500000,18.845275878906250000,,
2026-09-11T16:01:41Z,01A1BBEFC3767926,18.4,queries/tpch/tpch-queries/q11/v1_materialized.sql,measured,1,16,1,2,1.480531,0.092533,1357.752,0.122779,0.002790,0.005647,7168,0,40.854370117187500000,38.616699218750000000,,
2026-09-11T16:01:46Z,26B374676A986CA6,18.4,queries/tpch/tpch-queries/q21/base.sql,warmup,1,1,1,2,1.429538,1.429538,1242.765,0.186773,0.003403,0.003520,7168,0,30.743164062500000000,27.299560546875000000,,
2026-09-11T16:01:47Z,26B374676A986CA6,18.4,queries/tpch/tpch-queries/q21/base.sql,warmup,2,1,1,2,0.503327,0.503327,462.640,0.040687,0.001037,0.005990,7168,0,15.960876464843750000,15.246459960937500000,,
2026-09-11T16:01:47Z,26B374676A986CA6,18.4,queries/tpch/tpch-queries/q21/base.sql,measured,1,1,1,2,0.615507,0.615507,477.211,0.138296,0.004087,0.003129,7168,0,15.866149902343750000,14.898681640625000000,,
2026-09-11T16:01:48Z,26B374676A986CA6,18.4,queries/tpch/tpch-queries/q21/base.sql,measured,1,2,1,2,0.985159,0.492579,929.675,0.055484,0.002901,0.004067,7168,0,29.952331542968750000,28.505920410156250000,,
2026-09-11T16:01:50Z,26B374676A986CA6,18.4,queries/tpch/tpch-queries/q21/base.sql,measured,1,4,1,2,1.900315,0.475079,1803.035,0.097280,0.003521,0.003570,7168,0,59.457458496093750000,56.726867675781250000,,
2026-09-11T16:01:54Z,26B374676A986CA6,18.4,queries/tpch/tpch-queries/q21/base.sql,measured,1,8,1,2,3.751954,0.468994,3648.607,0.103347,0.006131,0.001048,7168,0,113.308532714843750000,107.845214843750000000,,
2026-09-11T16:02:02Z,26B374676A986CA6,18.4,queries/tpch/tpch-queries/q21/base.sql,measured,1,16,1,2,7.594169,0.474636,7480.027,0.114142,0.001797,0.005438,7168,0,215.502319335937500000,204.540771484375000000,,
2026-09-11T16:02:12Z,9763FEA0F057A8AC,18.4,queries/tpch/tpch-queries/q17/v2_decorrelate.sql,warmup,1,1,1,2,6.064794,6.064794,5883.536,0.181258,0.002561,0.005223,7168,0,85.746948242187500000,71.119689941406250000,,
2026-09-11T16:02:17Z,9763FEA0F057A8AC,18.4,queries/tpch/tpch-queries/q17/v2_decorrelate.sql,warmup,2,1,1,2,5.552503,5.552503,5492.556,0.059947,0.002250,0.007863,7168,0,75.026184082031250000,65.706359863281250000,,
2026-09-11T16:02:23Z,9763FEA0F057A8AC,18.4,queries/tpch/tpch-queries/q17/v2_decorrelate.sql,measured,1,1,1,2,5.619925,5.619925,5523.653,0.096272,0.005582,0.001996,7168,0,75.254272460937500000,65.805969238281250000,,
2026-09-11T16:02:34Z,9763FEA0F057A8AC,18.4,queries/tpch/tpch-queries/q17/v2_decorrelate.sql,measured,1,2,1,2,10.997871,5.498936,10904.603,0.093268,0.000000,0.007162,7168,0,149.877746582031250000,131.256469726562500000,,
2026-09-11T16:02:56Z,9763FEA0F057A8AC,18.4,queries/tpch/tpch-queries/q17/v2_decorrelate.sql,measured,1,4,1,2,21.846296,5.461574,21751.747,0.094549,0.002518,0.004595,7168,0,299.350708007812500000,262.898010253906250000,,
2026-09-11T16:03:39Z,9763FEA0F057A8AC,18.4,queries/tpch/tpch-queries/q17/v2_decorrelate.sql,measured,1,8,1,2,43.642470,5.455309,43496.899,0.145571,0.002669,0.004471,7168,0,598.680664062500000000,525.732727050781250000,,
2026-09-11T16:05:06Z,9763FEA0F057A8AC,18.4,queries/tpch/tpch-queries/q17/v2_decorrelate.sql,measured,1,16,1,2,87.000546,5.437534,86885.325,0.115221,0.002912,0.004864,7168,0,1193.234985351562500000,1048.269531250000000000,,
2026-09-11T16:05:12Z,DCD4E230ACB6ED6F,18.4,queries/tpch/tpch-queries/q04/v2_in.sql,warmup,1,1,1,2,1.636862,1.636862,1454.268,0.182594,0.002491,0.004482,7168,0,18.174072265625000000,14.515747070312500000,,
2026-09-11T16:05:12Z,DCD4E230ACB6ED6F,18.4,queries/tpch/tpch-queries/q04/v2_in.sql,warmup,2,1,1,2,0.131752,0.131752,92.538,0.039214,0.002039,0.004863,7168,0,3.744079589843750000,3.536560058593750000,,
2026-09-11T16:05:12Z,DCD4E230ACB6ED6F,18.4,queries/tpch/tpch-queries/q04/v2_in.sql,measured,1,1,1,2,0.183922,0.183922,90.777,0.093145,0.001001,0.006845,7168,0,3.846862792968750000,3.525207519531250000,,
2026-09-11T16:05:12Z,DCD4E230ACB6ED6F,18.4,queries/tpch/tpch-queries/q04/v2_in.sql,measured,1,2,1,2,0.218541,0.109270,176.868,0.041673,0.002590,0.004482,7168,0,6.788879394531250000,6.465637207031250000,,
2026-09-11T16:05:13Z,DCD4E230ACB6ED6F,18.4,queries/tpch/tpch-queries/q04/v2_in.sql,measured,1,4,1,2,0.460478,0.115119,361.541,0.098937,0.002882,0.004693,7168,0,12.203857421875000000,11.449890136718750000,,
2026-09-11T16:05:13Z,DCD4E230ACB6ED6F,18.4,queries/tpch/tpch-queries/q04/v2_in.sql,measured,1,8,1,2,0.791369,0.098921,692.556,0.098813,0.005581,0.002008,7168,0,24.365722656250000000,23.144165039062500000,,
2026-09-11T16:05:15Z,DCD4E230ACB6ED6F,18.4,queries/tpch/tpch-queries/q04/v2_in.sql,measured,1,16,1,2,1.464795,0.091550,1361.423,0.103372,0.003130,0.004460,7168,0,48.598815917968750000,46.330505371093750000,,
2026-09-11T16:05:24Z,C20B1C3BC3D7F268,18.4,queries/tpch/tpch-queries/q18/v1_materialized.sql,warmup,1,1,1,2,5.529037,5.529037,5342.197,0.186840,0.002723,0.004367,7168,0,156.423767089843750000,145.268920898437500000,,
2026-09-11T16:05:29Z,C20B1C3BC3D7F268,18.4,queries/tpch/tpch-queries/q18/v1_materialized.sql,warmup,2,1,1,2,4.422413,4.422413,4381.614,0.040799,0.004550,0.002760,7168,0,132.041015625000000000,125.503173828125000000,,
2026-09-11T16:05:33Z,C20B1C3BC3D7F268,18.4,queries/tpch/tpch-queries/q18/v1_materialized.sql,measured,1,1,1,2,4.635646,4.635646,4537.816,0.097830,0.003774,0.003774,7168,0,126.276367187500000000,119.507812500000000000,,
2026-09-11T16:05:42Z,C20B1C3BC3D7F268,18.4,queries/tpch/tpch-queries/q18/v1_materialized.sql,measured,1,2,1,2,9.271697,4.635848,9158.401,0.113296,0.003684,0.004632,7168,0,239.233581542968750000,225.767578125000000000,,
2026-09-11T16:06:02Z,C20B1C3BC3D7F268,18.4,queries/tpch/tpch-queries/q18/v1_materialized.sql,measured,1,4,1,2,19.227535,4.806884,19120.882,0.106653,0.003002,0.004888,7168,0,444.558715820312500000,416.632019042968750000,,
2026-09-11T16:06:41Z,C20B1C3BC3D7F268,18.4,queries/tpch/tpch-queries/q18/v1_materialized.sql,measured,1,8,1,2,39.057433,4.882179,38938.123,0.119310,0.002986,0.005109,7168,0,856.917175292968750000,800.463073730468750000,,
2026-09-11T16:07:59Z,C20B1C3BC3D7F268,18.4,queries/tpch/tpch-queries/q18/v1_materialized.sql,measured,1,16,1,2,77.888132,4.868008,77759.352,0.128780,0.003773,0.004673,7168,0,1709.171264648437500000,1597.915283203125000000,,
2026-09-11T16:08:03Z,B1E0B302D8E30F15,18.4,queries/tpch/tpch-queries/q16/base.sql,warmup,1,1,1,2,0.638603,0.638603,406.632,0.231971,0.003646,0.003858,7168,0,8.824218750000000000,7.591613769531250000,,
2026-09-11T16:08:03Z,B1E0B302D8E30F15,18.4,queries/tpch/tpch-queries/q16/base.sql,warmup,2,1,1,2,0.270192,0.270192,220.544,0.049648,0.005803,0.002890,7168,0,6.577758789062500000,6.234863281250000000,,
2026-09-11T16:08:04Z,B1E0B302D8E30F15,18.4,queries/tpch/tpch-queries/q16/base.sql,measured,1,1,1,2,0.317425,0.317425,216.603,0.100822,0.002732,0.005534,7168,0,6.770202636718750000,6.316528320312500000,,
2026-09-11T16:08:04Z,B1E0B302D8E30F15,18.4,queries/tpch/tpch-queries/q16/base.sql,measured,1,2,1,2,0.543760,0.271880,445.680,0.098080,0.001814,0.006291,7168,0,12.547668457031250000,11.791015625000000000,,
2026-09-11T16:08:05Z,B1E0B302D8E30F15,18.4,queries/tpch/tpch-queries/q16/base.sql,measured,1,4,1,2,0.993251,0.248313,899.979,0.093272,0.002283,0.005436,7168,0,24.958251953125000000,23.498352050781250000,,
2026-09-11T16:08:07Z,B1E0B302D8E30F15,18.4,queries/tpch/tpch-queries/q16/base.sql,measured,1,8,1,2,1.910880,0.238860,1812.494,0.098386,0.003836,0.003771,7168,0,47.010925292968750000,44.544250488281250000,,
2026-09-11T16:08:11Z,B1E0B302D8E30F15,18.4,queries/tpch/tpch-queries/q16/base.sql,measured,1,16,1,2,3.864758,0.241547,3760.767,0.103991,0.003773,0.003860,7168,0,90.184814453125000000,84.970397949218750000,,
2026-09-11T16:08:16Z,653600323DBAE0B8,18.4,queries/tpch/tpch-queries/q09/v1_materialized.sql,warmup,1,1,1,2,1.959426,1.959426,1769.461,0.189965,0.002383,0.004919,7168,0,37.275573730468750000,32.955444335937500000,,
2026-09-11T16:08:17Z,653600323DBAE0B8,18.4,queries/tpch/tpch-queries/q09/v1_materialized.sql,warmup,2,1,1,2,0.953797,0.953797,897.699,0.056098,0.003927,0.005989,7168,0,21.291748046875000000,19.800903320312500000,,
2026-09-11T16:08:18Z,653600323DBAE0B8,18.4,queries/tpch/tpch-queries/q09/v1_materialized.sql,measured,1,1,1,2,1.000777,1.000777,899.266,0.101511,0.006307,0.001818,7168,0,21.359130859375000000,19.855163574218750000,,
2026-09-11T16:08:20Z,653600323DBAE0B8,18.4,queries/tpch/tpch-queries/q09/v1_materialized.sql,measured,1,2,1,2,1.882176,0.941088,1786.375,0.095801,0.002970,0.004265,7168,0,41.606872558593750000,38.829528808593750000,,
2026-09-11T16:08:24Z,653600323DBAE0B8,18.4,queries/tpch/tpch-queries/q09/v1_materialized.sql,measured,1,4,1,2,3.632704,0.908176,3587.108,0.045596,0.001717,0.005343,7168,0,82.193054199218750000,76.925292968750000000,,
2026-09-11T16:08:31Z,653600323DBAE0B8,18.4,queries/tpch/tpch-queries/q09/v1_materialized.sql,measured,1,8,1,2,7.352960,0.919120,7201.110,0.151850,0.001254,0.005819,7168,0,161.671325683593750000,151.061279296875000000,,
2026-09-11T16:08:46Z,653600323DBAE0B8,18.4,queries/tpch/tpch-queries/q09/v1_materialized.sql,measured,1,16,1,2,14.651682,0.915730,14533.686,0.117996,0.003687,0.003705,7168,0,319.817565917968750000,298.952087402343750000,,
2026-09-11T16:08:50Z,A6ED0A3273A9B519,18.4,queries/tpch/tpch-queries/q16/base.sql,warmup,1,1,1,2,0.614488,0.614488,383.528,0.230960,0.000852,0.006714,7168,0,8.640441894531250000,7.436401367187500000,,
2026-09-11T16:08:51Z,A6ED0A3273A9B519,18.4,queries/tpch/tpch-queries/q16/base.sql,warmup,2,1,1,2,0.273012,0.273012,221.509,0.051503,0.004600,0.004658,7168,0,6.654052734375000000,6.304870605468750000,,
2026-09-11T16:08:51Z,A6ED0A3273A9B519,18.4,queries/tpch/tpch-queries/q16/base.sql,measured,1,1,1,2,0.314436,0.314436,217.054,0.097382,0.004983,0.003121,7168,0,6.816101074218750000,6.343200683593750000,,
2026-09-11T16:08:51Z,A6ED0A3273A9B519,18.4,queries/tpch/tpch-queries/q16/base.sql,measured,1,2,1,2,0.538083,0.269042,440.238,0.097845,0.002625,0.005220,7168,0,12.774963378906250000,11.969848632812500000,,
2026-09-11T16:08:52Z,A6ED0A3273A9B519,18.4,queries/tpch/tpch-queries/q16/base.sql,measured,1,4,1,2,0.929841,0.232460,888.016,0.041825,0.003464,0.003542,7168,0,24.998474121093750000,23.692932128906250000,,
2026-09-11T16:08:54Z,A6ED0A3273A9B519,18.4,queries/tpch/tpch-queries/q16/base.sql,measured,1,8,1,2,1.906673,0.238334,1806.925,0.099748,0.003438,0.004343,7168,0,47.335144042968750000,44.867675781250000000,,
2026-09-11T16:08:58Z,A6ED0A3273A9B519,18.4,queries/tpch/tpch-queries/q16/base.sql,measured,1,16,1,2,3.872962,0.242060,3737.002,0.135960,0.006736,0.009667,7168,0,90.553466796875000000,85.328796386718750000,,
2026-09-11T16:09:03Z,EB9C81297D71E3CF,18.4,queries/tpch/tpch-queries/q04/base.sql,warmup,1,1,1,2,1.695524,1.695524,1509.633,0.185891,0.004206,0.003408,7168,0,16.347839355468750000,12.545349121093750000,,
2026-09-11T16:09:04Z,EB9C81297D71E3CF,18.4,queries/tpch/tpch-queries/q04/base.sql,warmup,2,1,1,2,0.142461,0.142461,90.777,0.051684,0.002779,0.007569,7168,0,3.643920898437500000,3.427246093750000000,,
2026-09-11T16:09:04Z,EB9C81297D71E3CF,18.4,queries/tpch/tpch-queries/q04/base.sql,measured,1,1,1,2,0.139268,0.139268,90.876,0.048392,0.005159,0.003074,7168,0,3.697937011718750000,3.440795898437500000,,
2026-09-11T16:09:04Z,EB9C81297D71E3CF,18.4,queries/tpch/tpch-queries/q04/base.sql,measured,1,2,1,2,0.215553,0.107777,175.105,0.040448,0.003455,0.003573,7168,0,6.942382812500000000,6.623229980468750000,,
2026-09-11T16:09:04Z,EB9C81297D71E3CF,18.4,queries/tpch/tpch-queries/q04/base.sql,measured,1,4,1,2,0.466952,0.116738,367.566,0.099386,0.002822,0.004898,7168,0,12.371826171875000000,11.611633300781250000,,
2026-09-11T16:09:05Z,EB9C81297D71E3CF,18.4,queries/tpch/tpch-queries/q04/base.sql,measured,1,8,1,2,0.795370,0.099421,697.467,0.097903,0.002772,0.004824,7168,0,24.467285156250000000,23.253845214843750000,,
2026-09-11T16:09:07Z,EB9C81297D71E3CF,18.4,queries/tpch/tpch-queries/q04/base.sql,measured,1,16,1,2,1.501320,0.093832,1396.507,0.104813,0.005212,0.002178,7168,0,47.022827148437500000,44.748596191406250000,,
2026-09-11T16:09:22Z,6703CEC92365C5AA,18.4,queries/tpch/tpch-queries/q08/v1_materialized.sql,warmup,1,1,1,2,11.379779,11.379779,11186.730,0.193049,0.002891,0.004637,7168,0,59.595764160156250000,35.292236328125000000,,
2026-09-11T16:09:22Z,6703CEC92365C5AA,18.4,queries/tpch/tpch-queries/q08/v1_materialized.sql,warmup,2,1,1,2,0.461609,0.461609,365.545,0.096064,0.003249,0.006659,7168,0,7.467773437500000000,6.795837402343750000,,
2026-09-11T16:09:23Z,6703CEC92365C5AA,18.4,queries/tpch/tpch-queries/q08/v1_materialized.sql,measured,1,1,1,2,0.406563,0.406563,361.865,0.044698,0.000951,0.006649,7168,0,6.947692871093750000,6.379333496093750000,,
2026-09-11T16:09:23Z,6703CEC92365C5AA,18.4,queries/tpch/tpch-queries/q08/v1_materialized.sql,measured,1,2,1,2,0.798569,0.399285,702.396,0.096173,0.003968,0.004122,7168,0,12.974731445312500000,11.832214355468750000,,
2026-09-11T16:09:25Z,6703CEC92365C5AA,18.4,queries/tpch/tpch-queries/q08/v1_materialized.sql,measured,1,4,1,2,1.456822,0.364205,1358.986,0.097836,0.004823,0.002810,7168,0,24.741210937500000000,22.690734863281250000,,
2026-09-11T16:09:28Z,6703CEC92365C5AA,18.4,queries/tpch/tpch-queries/q08/v1_materialized.sql,measured,1,8,1,2,2.836145,0.354518,2681.897,0.154248,0.004164,0.003294,7168,0,48.467468261718750000,44.374694824218750000,,
2026-09-11T16:09:33Z,6703CEC92365C5AA,18.4,queries/tpch/tpch-queries/q08/v1_materialized.sql,measured,1,16,1,2,5.353412,0.334588,5235.209,0.118203,0.002861,0.004910,7168,0,97.681579589843750000,89.966308593750000000,,
2026-09-11T16:09:37Z,58F4FE3F5A349689,18.4,queries/tpch/tpch-queries/q22/v2_anti_join.sql,warmup,1,1,1,2,0.482190,0.482190,298.897,0.183293,0.004067,0.002798,7168,0,6.591003417968750000,5.536132812500000000,,
2026-09-11T16:09:38Z,58F4FE3F5A349689,18.4,queries/tpch/tpch-queries/q22/v2_anti_join.sql,warmup,2,1,1,2,0.147285,0.147285,107.584,0.039701,0.003486,0.003588,7168,0,3.790954589843750000,3.585998535156250000,,
2026-09-11T16:09:38Z,58F4FE3F5A349689,18.4,queries/tpch/tpch-queries/q22/v2_anti_join.sql,measured,1,1,1,2,0.217274,0.217274,110.094,0.107180,0.002804,0.005524,7168,0,3.720092773437500000,3.380798339843750000,,
2026-09-11T16:09:38Z,58F4FE3F5A349689,18.4,queries/tpch/tpch-queries/q22/v2_anti_join.sql,measured,1,2,1,2,0.299319,0.149659,196.778,0.102541,0.002666,0.005396,7168,0,6.721374511718750000,6.269287109375000000,,
2026-09-11T16:09:39Z,58F4FE3F5A349689,18.4,queries/tpch/tpch-queries/q22/v2_anti_join.sql,measured,1,4,1,2,0.513043,0.128261,408.053,0.104990,0.002075,0.006076,7168,0,12.358581542968750000,11.535888671875000000,,
2026-09-11T16:09:39Z,58F4FE3F5A349689,18.4,queries/tpch/tpch-queries/q22/v2_anti_join.sql,measured,1,8,1,2,0.821711,0.102714,727.598,0.094113,0.003057,0.003941,7168,0,26.343566894531250000,25.077270507812500000,,
2026-09-11T16:09:41Z,58F4FE3F5A349689,18.4,queries/tpch/tpch-queries/q22/v2_anti_join.sql,measured,1,16,1,2,1.554510,0.097157,1490.534,0.063976,0.002542,0.005230,7168,0,50.016113281250000000,47.843261718750000000,,
2026-09-11T16:09:50Z,A6AE7E878A913443,18.4,queries/tpch/tpch-queries/q17/v2_decorrelate.sql,warmup,1,1,1,2,5.377946,5.377946,5193.914,0.184032,0.004460,0.002791,7168,0,72.146484375000000000,58.802795410156250000,,
2026-09-11T16:09:55Z,A6AE7E878A913443,18.4,queries/tpch/tpch-queries/q17/v2_decorrelate.sql,warmup,2,1,1,2,5.541996,5.541996,5461.152,0.080844,0.004183,0.002933,7168,0,76.575256347656250000,67.210754394531250000,,
2026-09-11T16:10:01Z,A6AE7E878A913443,18.4,queries/tpch/tpch-queries/q17/v2_decorrelate.sql,measured,1,1,1,2,5.521530,5.521530,5467.331,0.054199,0.005923,0.002470,7168,0,76.070739746093750000,66.554138183593750000,,
2026-09-11T16:10:12Z,A6AE7E878A913443,18.4,queries/tpch/tpch-queries/q17/v2_decorrelate.sql,measured,1,2,1,2,10.989430,5.494715,10893.985,0.095445,0.000903,0.006302,7168,0,150.500610351562500000,132.169433593750000000,,
2026-09-11T16:10:34Z,A6AE7E878A913443,18.4,queries/tpch/tpch-queries/q17/v2_decorrelate.sql,measured,1,4,1,2,21.858943,5.464736,21755.459,0.103484,0.003032,0.004314,7168,0,300.405639648437500000,263.773071289062500000,,
2026-09-11T16:11:17Z,A6AE7E878A913443,18.4,queries/tpch/tpch-queries/q17/v2_decorrelate.sql,measured,1,8,1,2,43.388460,5.423558,43288.863,0.099597,0.002815,0.004816,7168,0,600.105773925781250000,527.500061035156250000,,
2026-09-11T16:12:44Z,A6AE7E878A913443,18.4,queries/tpch/tpch-queries/q17/v2_decorrelate.sql,measured,1,16,1,2,86.919518,5.432470,86748.476,0.171042,0.005371,0.002657,7168,0,1198.349304199218750000,1053.525817871093750000,,
2026-09-11T16:12:50Z,FA125086533A7C7C,18.4,queries/tpch/tpch-queries/q19/v2_union_all.sql,warmup,1,1,1,2,1.656342,1.656342,1475.706,0.180636,0.003427,0.003579,7168,0,51.216491699218750000,47.408447265625000000,,
2026-09-11T16:12:51Z,FA125086533A7C7C,18.4,queries/tpch/tpch-queries/q19/v2_union_all.sql,warmup,2,1,1,2,1.088155,1.088155,1047.573,0.040582,0.002666,0.004395,7168,0,37.837463378906250000,36.212097167968750000,,
2026-09-11T16:12:52Z,FA125086533A7C7C,18.4,queries/tpch/tpch-queries/q19/v2_union_all.sql,measured,1,1,1,2,1.207680,1.207680,1107.207,0.100473,0.003468,0.004313,7168,0,35.708984375000000000,34.055908203125000000,,
2026-09-11T16:12:54Z,FA125086533A7C7C,18.4,queries/tpch/tpch-queries/q19/v2_union_all.sql,measured,1,2,1,2,2.281518,1.140759,2188.377,0.093141,0.004003,0.003201,7168,0,69.466979980468750000,66.310119628906250000,,
2026-09-11T16:12:59Z,FA125086533A7C7C,18.4,queries/tpch/tpch-queries/q19/v2_union_all.sql,measured,1,4,1,2,4.564840,1.141210,4463.558,0.101282,0.005683,0.001904,7168,0,133.332336425781250000,127.047729492187500000,,
2026-09-11T16:13:08Z,FA125086533A7C7C,18.4,queries/tpch/tpch-queries/q19/v2_union_all.sql,measured,1,8,1,2,9.332947,1.166618,9227.264,0.105683,0.003365,0.004213,7168,0,250.339965820312500000,237.310485839843750000,,
2026-09-11T16:13:28Z,FA125086533A7C7C,18.4,queries/tpch/tpch-queries/q19/v2_union_all.sql,measured,1,16,1,2,19.493268,1.218329,19433.799,0.059469,0.000898,0.006727,7168,0,460.621032714843750000,434.085876464843750000,,
2026-09-11T16:14:20Z,9AC4953EC9568EE5,18.4,queries/tpch/tpch-queries/q02/base.sql,warmup,1,1,1,2,48.880783,48.880783,48673.346,0.207437,0.004560,0.002314,7168,0,541.897827148437500000,474.934997558593750000,,
2026-09-11T16:15:07Z,9AC4953EC9568EE5,18.4,queries/tpch/tpch-queries/q02/base.sql,warmup,2,1,1,2,46.622010,46.622010,46581.547,0.040463,0.002951,0.004203,7168,0,513.810729980468750000,452.636230468750000000,,
2026-09-11T16:15:54Z,9AC4953EC9568EE5,18.4,queries/tpch/tpch-queries/q02/base.sql,measured,1,1,1,2,47.269808,47.269808,47179.233,0.090575,0.001798,0.006284,7168,0,496.546142578125000000,435.557861328125000000,,
2026-09-11T16:17:27Z,9AC4953EC9568EE5,18.4,queries/tpch/tpch-queries/q02/base.sql,measured,1,2,1,2,93.212904,46.606452,93114.646,0.098258,0.001926,0.006666,7168,0,1005.415649414062500000,884.045349121093750000,,
2026-09-11T16:20:33Z,9AC4953EC9568EE5,18.4,queries/tpch/tpch-queries/q02/base.sql,measured,1,4,1,2,186.135223,46.533806,186036.235,0.098988,0.003247,0.005279,7168,0,2036.463867187500000000,1793.903137207031250000,,
2026-09-11T16:26:44Z,9AC4953EC9568EE5,18.4,queries/tpch/tpch-queries/q02/base.sql,measured,1,8,1,2,370.940432,46.367554,370837.010,0.103422,0.003822,0.004710,7168,0,4009.783752441406250000,3527.483276367187500000,,
2026-09-11T16:39:07Z,9AC4953EC9568EE5,18.4,queries/tpch/tpch-queries/q02/base.sql,measured,1,16,1,2,742.808817,46.425551,742698.504,0.110313,0.003908,0.004962,7168,0,8062.226013183593750000,7098.916381835937500000,,
2026-09-11T16:39:12Z,7B2EF1E3C7FFE2A2,18.4,queries/tpch/tpch-queries/q12/v2_filter.sql,warmup,1,1,1,2,1.272438,1.272438,1088.892,0.183546,0.000898,0.006132,7168,0,27.487731933593750000,24.443542480468750000,,
2026-09-11T16:39:12Z,7B2EF1E3C7FFE2A2,18.4,queries/tpch/tpch-queries/q12/v2_filter.sql,warmup,2,1,1,2,0.426161,0.426161,386.207,0.039954,0.000922,0.006323,7168,0,14.416870117187500000,13.813537597656250000,,
2026-09-11T16:39:13Z,7B2EF1E3C7FFE2A2,18.4,queries/tpch/tpch-queries/q12/v2_filter.sql,measured,1,1,1,2,0.530074,0.530074,432.605,0.097469,0.003313,0.004202,7168,0,13.411621093750000000,12.587036132812500000,,
2026-09-11T16:39:14Z,7B2EF1E3C7FFE2A2,18.4,queries/tpch/tpch-queries/q12/v2_filter.sql,measured,1,2,1,2,0.950555,0.475278,800.132,0.150423,0.003459,0.004411,7168,0,27.415222167968750000,25.992004394531250000,,
2026-09-11T16:39:15Z,7B2EF1E3C7FFE2A2,18.4,queries/tpch/tpch-queries/q12/v2_filter.sql,measured,1,4,1,2,1.605170,0.401292,1551.634,0.053536,0.003818,0.003758,7168,0,54.408386230468750000,52.202758789062500000,,
2026-09-11T16:39:18Z,7B2EF1E3C7FFE2A2,18.4,queries/tpch/tpch-queries/q12/v2_filter.sql,measured,1,8,1,2,3.088754,0.386094,2993.359,0.095395,0.005387,0.001666,7168,0,110.074523925781250000,105.530639648437500000,,
2026-09-11T16:39:25Z,7B2EF1E3C7FFE2A2,18.4,queries/tpch/tpch-queries/q12/v2_filter.sql,measured,1,16,1,2,6.390537,0.399409,6289.438,0.101099,0.002988,0.004180,7168,0,205.248474121093750000,196.006042480468750000,,
2026-09-11T16:39:30Z,48C1E4CDCCFF54E7,18.4,queries/tpch/tpch-queries/q04/v2_in.sql,warmup,1,1,1,2,1.729775,1.729775,1548.282,0.181493,0.003345,0.003448,7168,0,19.004699707031250000,15.109802246093750000,,
2026-09-11T16:39:31Z,48C1E4CDCCFF54E7,18.4,queries/tpch/tpch-queries/q04/v2_in.sql,warmup,2,1,1,2,0.130552,0.130552,91.242,0.039310,0.004042,0.002829,7168,0,3.744934082031250000,3.518493652343750000,,
2026-09-11T16:39:31Z,48C1E4CDCCFF54E7,18.4,queries/tpch/tpch-queries/q04/v2_in.sql,measured,1,1,1,2,0.129626,0.129626,90.270,0.039356,0.001533,0.005427,7168,0,3.768249511718750000,3.555847167968750000,,
2026-09-11T16:39:31Z,48C1E4CDCCFF54E7,18.4,queries/tpch/tpch-queries/q04/v2_in.sql,measured,1,2,1,2,0.306662,0.153331,200.447,0.106215,0.004203,0.004027,7168,0,5.951110839843750000,5.454223632812500000,,
2026-09-11T16:39:31Z,48C1E4CDCCFF54E7,18.4,queries/tpch/tpch-queries/q04/v2_in.sql,measured,1,4,1,2,0.460662,0.115165,361.545,0.099117,0.001942,0.005779,7168,0,12.092346191406250000,11.308715820312500000,,
2026-09-11T16:39:32Z,48C1E4CDCCFF54E7,18.4,queries/tpch/tpch-queries/q04/v2_in.sql,measured,1,8,1,2,0.788409,0.098551,691.346,0.097063,0.003813,0.003699,7168,0,24.282897949218750000,23.054199218750000000,,
2026-09-11T16:39:34Z,48C1E4CDCCFF54E7,18.4,queries/tpch/tpch-queries/q04/v2_in.sql,measured,1,16,1,2,1.481941,0.092621,1376.621,0.105320,0.001925,0.005749,7168,0,47.608581542968750000,45.286132812500000000,,
2026-09-11T16:39:38Z,217B3ECD2C00118E,18.4,queries/tpch/tpch-queries/q11/v2_cte_threshold.sql,warmup,1,1,1,2,0.417142,0.417142,235.154,0.181988,0.003071,0.003883,7168,0,4.519897460937500000,3.632141113281250000,,
2026-09-11T16:39:38Z,217B3ECD2C00118E,18.4,queries/tpch/tpch-queries/q11/v2_cte_threshold.sql,warmup,2,1,1,2,0.125189,0.125189,84.375,0.040814,0.003838,0.003767,7168,0,3.107238769531250000,2.907653808593750000,,
2026-09-11T16:39:38Z,217B3ECD2C00118E,18.4,queries/tpch/tpch-queries/q11/v2_cte_threshold.sql,measured,1,1,1,2,0.182770,0.182770,85.915,0.096855,0.001007,0.006899,7168,0,3.178405761718750000,2.864257812500000000,,
2026-09-11T16:39:38Z,217B3ECD2C00118E,18.4,queries/tpch/tpch-queries/q11/v2_cte_threshold.sql,measured,1,2,1,2,0.270289,0.135145,164.997,0.105292,0.004613,0.003731,7168,0,5.670776367187500000,5.236206054687500000,,
2026-09-11T16:39:39Z,217B3ECD2C00118E,18.4,queries/tpch/tpch-queries/q11/v2_cte_threshold.sql,measured,1,4,1,2,0.460086,0.115021,356.272,0.103814,0.003935,0.003857,7168,0,9.854248046875000000,9.143676757812500000,,
2026-09-11T16:39:40Z,217B3ECD2C00118E,18.4,queries/tpch/tpch-queries/q11/v2_cte_threshold.sql,measured,1,8,1,2,0.807052,0.100881,693.180,0.113872,0.002803,0.005765,7168,0,19.743041992187500000,18.448669433593750000,,
2026-09-11T16:39:41Z,217B3ECD2C00118E,18.4,queries/tpch/tpch-queries/q11/v2_cte_threshold.sql,measured,1,16,1,2,1.409063,0.088066,1297.019,0.112044,0.003505,0.004387,7168,0,40.348876953125000000,38.162170410156250000,,
2026-09-11T16:39:46Z,317D7E7980DB05FA,18.4,queries/tpch/tpch-queries/q12/v1_materialized.sql,warmup,1,1,1,2,1.326501,1.326501,1142.807,0.183694,0.002662,0.004289,7168,0,28.439819335937500000,25.245422363281250000,,
2026-09-11T16:39:46Z,317D7E7980DB05FA,18.4,queries/tpch/tpch-queries/q12/v1_materialized.sql,warmup,2,1,1,2,0.478435,0.478435,386.382,0.092053,0.001930,0.005154,7168,0,15.081298828125000000,14.367736816406250000,,
2026-09-11T16:39:47Z,317D7E7980DB05FA,18.4,queries/tpch/tpch-queries/q12/v1_materialized.sql,measured,1,1,1,2,0.497331,0.497331,443.980,0.053351,0.001959,0.005811,7168,0,13.379089355468750000,12.696838378906250000,,
2026-09-11T16:39:48Z,317D7E7980DB05FA,18.4,queries/tpch/tpch-queries/q12/v1_materialized.sql,measured,1,2,1,2,0.906380,0.453190,806.996,0.099384,0.001792,0.005872,7168,0,27.371276855468750000,26.013916015625000000,,
2026-09-11T16:39:49Z,317D7E7980DB05FA,18.4,queries/tpch/tpch-queries/q12/v1_materialized.sql,measured,1,4,1,2,1.683330,0.420833,1583.318,0.100012,0.004350,0.003497,7168,0,53.244140625000000000,50.786804199218750000,,
2026-09-11T16:39:53Z,317D7E7980DB05FA,18.4,queries/tpch/tpch-queries/q12/v1_materialized.sql,measured,1,8,1,2,3.284740,0.410592,3188.990,0.095750,0.000000,0.007125,7168,0,101.976257324218750000,97.164550781250000000,,
2026-09-11T16:39:59Z,317D7E7980DB05FA,18.4,queries/tpch/tpch-queries/q12/v1_materialized.sql,measured,1,16,1,2,6.733443,0.420840,6630.178,0.103265,0.001797,0.005389,7168,0,190.528015136718750000,180.921630859375000000,,
2026-09-11T16:40:04Z,7BA49644B5D59C62,18.4,queries/tpch/tpch-queries/q15/v1_materialized.sql,warmup,1,1,1,2,1.088183,1.088183,903.845,0.184338,0.002048,0.004830,7168,0,21.359741210937500000,18.705810546875000000,,
2026-09-11T16:40:05Z,7BA49644B5D59C62,18.4,queries/tpch/tpch-queries/q15/v1_materialized.sql,warmup,2,1,1,2,0.337862,0.337862,298.394,0.039468,0.004081,0.002842,7168,0,9.107116699218750000,8.595947265625000000,,
2026-09-11T16:40:05Z,7BA49644B5D59C62,18.4,queries/tpch/tpch-queries/q15/v1_materialized.sql,measured,1,1,1,2,0.432881,0.432881,334.653,0.098228,0.002707,0.004666,7168,0,9.023254394531250000,8.344726562500000000,,
2026-09-11T16:40:06Z,7BA49644B5D59C62,18.4,queries/tpch/tpch-queries/q15/v1_materialized.sql,measured,1,2,1,2,0.745258,0.372629,601.561,0.143697,0.003811,0.003940,7168,0,17.198181152343750000,15.942687988281250000,,
2026-09-11T16:40:07Z,7BA49644B5D59C62,18.4,queries/tpch/tpch-queries/q15/v1_materialized.sql,measured,1,4,1,2,1.246019,0.311505,1193.191,0.052828,0.000897,0.006321,7168,0,33.132019042968750000,31.281555175781250000,,
2026-09-11T16:40:09Z,7BA49644B5D59C62,18.4,queries/tpch/tpch-queries/q15/v1_materialized.sql,measured,1,8,1,2,2.409781,0.301223,2316.417,0.093364,0.001264,0.005994,7168,0,64.109619140625000000,60.385253906250000000,,
2026-09-11T16:40:14Z,7BA49644B5D59C62,18.4,queries/tpch/tpch-queries/q15/v1_materialized.sql,measured,1,16,1,2,4.777512,0.298595,4665.837,0.111675,0.002795,0.004602,7168,0,127.478027343750000000,119.910949707031250000,,
2026-09-11T16:40:18Z,8169ADA42D8ED53A,18.4,queries/tpch/tpch-queries/q22/base.sql,warmup,1,1,1,2,0.308840,0.308840,122.026,0.186814,0.006494,0.000952,7168,0,2.914367675781250000,2.275512695312500000,,
2026-09-11T16:40:18Z,8169ADA42D8ED53A,18.4,queries/tpch/tpch-queries/q22/base.sql,warmup,2,1,1,2,0.102334,0.102334,53.005,0.049329,0.005322,0.003488,7168,0,1.927490234375000000,1.786926269531250000,,
2026-09-11T16:40:19Z,8169ADA42D8ED53A,18.4,queries/tpch/tpch-queries/q22/base.sql,measured,1,1,1,2,0.091465,0.091465,51.755,0.039710,0.003239,0.003648,7168,0,2.044494628906250000,1.896972656250000000,,
2026-09-11T16:40:19Z,8169ADA42D8ED53A,18.4,queries/tpch/tpch-queries/q22/base.sql,measured,1,2,1,2,0.142155,0.071078,101.946,0.040209,0.001672,0.005211,7168,0,3.528991699218750000,3.329406738281250000,,
2026-09-11T16:40:19Z,8169ADA42D8ED53A,18.4,queries/tpch/tpch-queries/q22/base.sql,measured,1,4,1,2,0.306126,0.076532,210.373,0.095753,0.003490,0.004339,7168,0,6.750671386718750000,6.245300292968750000,,
2026-09-11T16:40:19Z,8169ADA42D8ED53A,18.4,queries/tpch/tpch-queries/q22/base.sql,measured,1,8,1,2,0.459431,0.057429,414.311,0.045120,0.004640,0.002529,7168,0,12.262268066406250000,11.619689941406250000,,
2026-09-11T16:40:21Z,8169ADA42D8ED53A,18.4,queries/tpch/tpch-queries/q22/base.sql,measured,1,16,1,2,1.044776,0.065299,885.686,0.159090,0.003796,0.003841,7168,0,23.078063964843750000,21.547546386718750000,,
2026-09-11T16:40:25Z,34CB49604DB33E20,18.4,queries/tpch/tpch-queries/q21/v1_materialized.sql,warmup,1,1,1,2,1.450961,1.450961,1265.959,0.185002,0.002118,0.004968,7168,0,31.638000488281250000,28.158508300781250000,,
2026-09-11T16:40:26Z,34CB49604DB33E20,18.4,queries/tpch/tpch-queries/q21/v1_materialized.sql,warmup,2,1,1,2,0.520630,0.520630,479.896,0.040734,0.002594,0.004495,7168,0,16.522216796875000000,15.773864746093750000,,
2026-09-11T16:40:27Z,34CB49604DB33E20,18.4,queries/tpch/tpch-queries/q21/v1_materialized.sql,measured,1,1,1,2,0.632425,0.632425,495.457,0.136968,0.001799,0.005688,7168,0,16.576232910156250000,15.537902832031250000,,
2026-09-11T16:40:28Z,34CB49604DB33E20,18.4,queries/tpch/tpch-queries/q21/v1_materialized.sql,measured,1,2,1,2,1.002295,0.501148,958.090,0.044205,0.002913,0.004097,7168,0,30.849548339843750000,29.450561523437500000,,
2026-09-11T16:40:30Z,34CB49604DB33E20,18.4,queries/tpch/tpch-queries/q21/v1_materialized.sql,measured,1,4,1,2,2.004019,0.501005,1909.092,0.094927,0.002118,0.005146,7168,0,60.039245605468750000,57.088684082031250000,,
2026-09-11T16:40:34Z,34CB49604DB33E20,18.4,queries/tpch/tpch-queries/q21/v1_materialized.sql,measured,1,8,1,2,3.955523,0.494440,3852.616,0.102907,0.004531,0.002722,7168,0,115.732727050781250000,109.855895996093750000,,
2026-09-11T16:40:42Z,34CB49604DB33E20,18.4,queries/tpch/tpch-queries/q21/v1_materialized.sql,measured,1,16,1,2,8.098633,0.506165,7984.785,0.113848,0.001401,0.006144,7168,0,216.178649902343750000,204.598632812500000000,,
2026-09-11T16:40:47Z,C8EEE1FF43CA89D8,18.4,queries/tpch/tpch-queries/q21/v1_materialized.sql,warmup,1,1,1,2,1.415218,1.415218,1233.382,0.181836,0.003748,0.003049,7168,0,30.909667968750000000,27.479003906250000000,,
2026-09-11T16:40:47Z,C8EEE1FF43CA89D8,18.4,queries/tpch/tpch-queries/q21/v1_materialized.sql,warmup,2,1,1,2,0.511779,0.511779,471.280,0.040499,0.003614,0.003518,7168,0,15.316650390625000000,14.575378417968750000,,
2026-09-11T16:40:48Z,C8EEE1FF43CA89D8,18.4,queries/tpch/tpch-queries/q21/v1_materialized.sql,measured,1,1,1,2,0.583290,0.583290,492.996,0.090294,0.004949,0.002093,7168,0,14.996826171875000000,14.059326171875000000,,
2026-09-11T16:40:49Z,C8EEE1FF43CA89D8,18.4,queries/tpch/tpch-queries/q21/v1_materialized.sql,measured,1,2,1,2,1.044094,0.522047,951.629,0.092465,0.003584,0.003577,7168,0,28.719421386718750000,27.118713378906250000,,
2026-09-11T16:40:51Z,C8EEE1FF43CA89D8,18.4,queries/tpch/tpch-queries/q21/v1_materialized.sql,measured,1,4,1,2,1.916599,0.479150,1851.457,0.065142,0.004093,0.002867,7168,0,56.124511718750000000,53.330444335937500000,,
2026-09-11T16:40:55Z,C8EEE1FF43CA89D8,18.4,queries/tpch/tpch-queries/q21/v1_materialized.sql,measured,1,8,1,2,3.803609,0.475451,3752.941,0.050668,0.001738,0.005383,7168,0,108.220642089843750000,102.571655273437500000,,
2026-09-11T16:41:03Z,C8EEE1FF43CA89D8,18.4,queries/tpch/tpch-queries/q21/v1_materialized.sql,measured,1,16,1,2,8.277564,0.517348,8163.460,0.114104,0.002036,0.005373,7168,0,184.667480468750000000,172.703674316406250000,,
2026-09-11T16:41:09Z,1ABD612635135C57,18.4,queries/tpch/tpch-queries/q04/v1_materialized.sql,warmup,1,1,1,2,1.667507,1.667507,1484.997,0.182510,0.003097,0.003878,7168,0,14.393920898437500000,10.640014648437500000,,
2026-09-11T16:41:09Z,1ABD612635135C57,18.4,queries/tpch/tpch-queries/q04/v1_materialized.sql,warmup,2,1,1,2,0.130231,0.130231,90.792,0.039439,0.002267,0.004626,7168,0,3.798767089843750000,3.580566406250000000,,
2026-09-11T16:41:09Z,1ABD612635135C57,18.4,queries/tpch/tpch-queries/q04/v1_materialized.sql,measured,1,1,1,2,0.130444,0.130444,91.029,0.039415,0.001235,0.005770,7168,0,3.838073730468750000,3.619506835937500000,,
2026-09-11T16:41:09Z,1ABD612635135C57,18.4,queries/tpch/tpch-queries/q04/v1_materialized.sql,measured,1,2,1,2,0.319027,0.159514,208.008,0.111019,0.005483,0.002786,7168,0,6.056152343750000000,5.531188964843750000,,
2026-09-11T16:41:10Z,1ABD612635135C57,18.4,queries/tpch/tpch-queries/q04/v1_materialized.sql,measured,1,4,1,2,0.395869,0.098967,344.278,0.051591,0.003574,0.003530,7168,0,13.104187011718750000,12.472656250000000000,,
2026-09-11T16:41:11Z,1ABD612635135C57,18.4,queries/tpch/tpch-queries/q04/v1_materialized.sql,measured,1,8,1,2,0.885992,0.110749,712.604,0.173388,0.010982,0.009976,7168,0,24.186645507812500000,22.833984375000000000,,
2026-09-11T16:41:12Z,1ABD612635135C57,18.4,queries/tpch/tpch-queries/q04/v1_materialized.sql,measured,1,16,1,2,1.503941,0.093996,1397.631,0.106310,0.001698,0.005977,7168,0,46.857116699218750000,44.583740234375000000,,
2026-09-11T16:41:16Z,F60F0D625030D416,18.4,queries/tpch/tpch-queries/q22/v2_anti_join.sql,warmup,1,1,1,2,0.481398,0.481398,296.544,0.184854,0.000375,0.006889,7168,0,6.473510742187500000,5.405761718750000000,,
2026-09-11T16:41:17Z,F60F0D625030D416,18.4,queries/tpch/tpch-queries/q22/v2_anti_join.sql,warmup,2,1,1,2,0.145386,0.145386,105.695,0.039691,0.001230,0.005722,7168,0,3.844543457031250000,3.621154785156250000,,
2026-09-11T16:41:17Z,F60F0D625030D416,18.4,queries/tpch/tpch-queries/q22/v2_anti_join.sql,measured,1,1,1,2,0.204098,0.204098,101.585,0.102513,0.002171,0.006307,7168,0,3.808593750000000000,3.462585449218750000,,
2026-09-11T16:41:17Z,F60F0D625030D416,18.4,queries/tpch/tpch-queries/q22/v2_anti_join.sql,measured,1,2,1,2,0.315270,0.157635,215.580,0.099690,0.002715,0.005529,7168,0,6.432006835937500000,5.949340820312500000,,
2026-09-11T16:41:18Z,F60F0D625030D416,18.4,queries/tpch/tpch-queries/q22/v2_anti_join.sql,measured,1,4,1,2,0.540971,0.135243,429.901,0.111070,0.002225,0.006459,7168,0,12.383300781250000000,11.518493652343750000,,
2026-09-11T16:41:19Z,F60F0D625030D416,18.4,queries/tpch/tpch-queries/q22/v2_anti_join.sql,measured,1,8,1,2,0.935942,0.116993,826.520,0.109422,0.003100,0.004474,7168,0,24.867065429687500000,23.388427734375000000,,
2026-09-11T16:41:20Z,F60F0D625030D416,18.4,queries/tpch/tpch-queries/q22/v2_anti_join.sql,measured,1,16,1,2,1.559111,0.097444,1507.911,0.051200,0.000886,0.006144,7168,0,49.698547363281250000,47.430786132812500000,,
2026-09-11T16:41:25Z,4390D8C1942263F6,18.4,queries/tpch/tpch-queries/q19/v1_materialized.sql,warmup,1,1,1,2,1.142953,1.142953,960.871,0.182082,0.002739,0.004015,7168,0,25.720703125000000000,22.973510742187500000,,
2026-09-11T16:41:25Z,4390D8C1942263F6,18.4,queries/tpch/tpch-queries/q19/v1_materialized.sql,warmup,2,1,1,2,0.408716,0.408716,368.808,0.039908,0.003101,0.003924,7168,0,13.492370605468750000,12.919433593750000000,,
2026-09-11T16:41:26Z,4390D8C1942263F6,18.4,queries/tpch/tpch-queries/q19/v1_materialized.sql,measured,1,1,1,2,0.528823,0.528823,430.848,0.097975,0.003342,0.004304,7168,0,12.439575195312500000,11.588134765625000000,,
2026-09-11T16:41:27Z,4390D8C1942263F6,18.4,queries/tpch/tpch-queries/q19/v1_materialized.sql,measured,1,2,1,2,0.786288,0.393144,745.661,0.040627,0.003114,0.003944,7168,0,25.273925781250000000,24.107238769531250000,,
2026-09-11T16:41:28Z,4390D8C1942263F6,18.4,queries/tpch/tpch-queries/q19/v1_materialized.sql,measured,1,4,1,2,1.618083,0.404521,1523.363,0.094720,0.002617,0.004459,7168,0,48.147705078125000000,45.882934570312500000,,
2026-09-11T16:41:31Z,4390D8C1942263F6,18.4,queries/tpch/tpch-queries/q19/v1_materialized.sql,measured,1,8,1,2,3.208194,0.401024,3111.377,0.096817,0.003666,0.003653,7168,0,91.346252441406250000,86.512634277343750000,,
2026-09-11T16:41:38Z,4390D8C1942263F6,18.4,queries/tpch/tpch-queries/q19/v1_materialized.sql,measured,1,16,1,2,6.374669,0.398417,6320.687,0.053982,0.006149,0.001332,7168,0,174.016723632812500000,165.077941894531250000,,
2026-09-11T16:41:48Z,6691DC24BBBEA6A4,18.4,queries/tpch/tpch-queries/q05/v1_materialized.sql,warmup,1,1,1,2,6.526557,6.526557,6335.008,0.191549,0.004556,0.003193,7168,0,30.002746582031250000,15.973144531250000000,,
2026-09-11T16:41:48Z,6691DC24BBBEA6A4,18.4,queries/tpch/tpch-queries/q05/v1_materialized.sql,warmup,2,1,1,2,0.284547,0.284547,237.847,0.046700,0.006202,0.004794,7168,0,4.162292480468750000,3.734313964843750000,,
2026-09-11T16:41:49Z,6691DC24BBBEA6A4,18.4,queries/tpch/tpch-queries/q05/v1_materialized.sql,measured,1,1,1,2,0.334930,0.334930,238.947,0.095983,0.003801,0.003895,7168,0,4.248474121093750000,3.733886718750000000,,
2026-09-11T16:41:49Z,6691DC24BBBEA6A4,18.4,queries/tpch/tpch-queries/q05/v1_materialized.sql,measured,1,2,1,2,0.571545,0.285773,475.681,0.095864,0.004894,0.002979,7168,0,7.623046875000000000,6.688476562500000000,,
2026-09-11T16:41:50Z,6691DC24BBBEA6A4,18.4,queries/tpch/tpch-queries/q05/v1_materialized.sql,measured,1,4,1,2,1.058287,0.264572,945.717,0.112570,0.003668,0.004539,7168,0,13.389160156250000000,11.896911621093750000,,
2026-09-11T16:41:52Z,6691DC24BBBEA6A4,18.4,queries/tpch/tpch-queries/q05/v1_materialized.sql,measured,1,8,1,2,1.927475,0.240934,1823.835,0.103640,0.003730,0.004634,7168,0,26.959167480468750000,24.263061523437500000,,
2026-09-11T16:41:56Z,6691DC24BBBEA6A4,18.4,queries/tpch/tpch-queries/q05/v1_materialized.sql,measured,1,16,1,2,3.687475,0.230467,3569.337,0.118138,0.003216,0.005038,7168,0,53.889465332031250000,48.545593261718750000,,
2026-09-11T16:42:01Z,465B995FD272C021,18.4,queries/tpch/tpch-queries/q12/v1_materialized.sql,warmup,1,1,1,2,1.279232,1.279232,1095.421,0.183811,0.004780,0.002010,7168,0,28.305053710937500000,25.229675292968750000,,
2026-09-11T16:42:01Z,465B995FD272C021,18.4,queries/tpch/tpch-queries/q12/v1_materialized.sql,warmup,2,1,1,2,0.429668,0.429668,389.905,0.039763,0.000921,0.006278,7168,0,14.957397460937500000,14.299255371093750000,,
2026-09-11T16:42:02Z,465B995FD272C021,18.4,queries/tpch/tpch-queries/q12/v1_materialized.sql,measured,1,1,1,2,0.547434,0.547434,445.428,0.102006,0.001773,0.006149,7168,0,13.728454589843750000,12.917663574218750000,,
2026-09-11T16:42:03Z,465B995FD272C021,18.4,queries/tpch/tpch-queries/q12/v1_materialized.sql,measured,1,2,1,2,0.905001,0.452501,805.564,0.099437,0.002041,0.005733,7168,0,27.959289550781250000,26.602722167968750000,,
2026-09-11T16:42:05Z,465B995FD272C021,18.4,queries/tpch/tpch-queries/q12/v1_materialized.sql,measured,1,4,1,2,1.665856,0.416464,1566.597,0.099259,0.005699,0.001928,7168,0,55.029113769531250000,52.693969726562500000,,
2026-09-11T16:42:08Z,465B995FD272C021,18.4,queries/tpch/tpch-queries/q12/v1_materialized.sql,measured,1,8,1,2,3.309937,0.413742,3163.761,0.146176,0.001666,0.005869,7168,0,105.772949218750000000,100.970031738281250000,,
2026-09-11T16:42:14Z,465B995FD272C021,18.4,queries/tpch/tpch-queries/q12/v1_materialized.sql,measured,1,16,1,2,6.611767,0.413235,6556.551,0.055216,0.006006,0.001280,7168,0,196.301330566406250000,187.047485351562500000,,
2026-09-11T16:42:20Z,F1B41209C69D4F52,18.4,queries/tpch/tpch-queries/q04/base.sql,warmup,1,1,1,2,1.661821,1.661821,1478.442,0.183379,0.005271,0.001815,7168,0,14.279113769531250000,10.542663574218750000,,
2026-09-11T16:42:20Z,F1B41209C69D4F52,18.4,queries/tpch/tpch-queries/q04/base.sql,warmup,2,1,1,2,0.129343,0.129343,90.199,0.039144,0.002018,0.004817,7168,0,3.781311035156250000,3.576049804687500000,,
2026-09-11T16:42:20Z,F1B41209C69D4F52,18.4,queries/tpch/tpch-queries/q04/base.sql,measured,1,1,1,2,0.188025,0.188025,90.583,0.097442,0.003687,0.004552,7168,0,3.914855957031250000,3.593139648437500000,,
2026-09-11T16:42:21Z,F1B41209C69D4F52,18.4,queries/tpch/tpch-queries/q04/base.sql,measured,1,2,1,2,0.301507,0.150754,199.070,0.102437,0.002933,0.005098,7168,0,6.134094238281250000,5.622558593750000000,,
2026-09-11T16:42:21Z,F1B41209C69D4F52,18.4,queries/tpch/tpch-queries/q04/base.sql,measured,1,4,1,2,0.476326,0.119082,373.389,0.102937,0.003849,0.003939,7168,0,12.241577148437500000,11.442443847656250000,,
2026-09-11T16:42:22Z,F1B41209C69D4F52,18.4,queries/tpch/tpch-queries/q04/base.sql,measured,1,8,1,2,0.814766,0.101846,710.829,0.103937,0.001828,0.005811,7168,0,24.078063964843750000,22.827148437500000000,,
2026-09-11T16:42:23Z,F1B41209C69D4F52,18.4,queries/tpch/tpch-queries/q04/base.sql,measured,1,16,1,2,1.505754,0.094110,1397.686,0.108068,0.004720,0.002900,7168,0,46.919006347656250000,44.644287109375000000,,
2026-09-11T16:42:29Z,3EA5C478E459EC97,18.4,queries/tpch/tpch-queries/q04/v1_materialized.sql,warmup,1,1,1,2,1.638611,1.638611,1457.241,0.181370,0.003322,0.003485,7168,0,16.414611816406250000,12.754455566406250000,,
2026-09-11T16:42:29Z,3EA5C478E459EC97,18.4,queries/tpch/tpch-queries/q04/v1_materialized.sql,warmup,2,1,1,2,0.129610,0.129610,90.379,0.039231,0.002620,0.004366,7168,0,3.722534179687500000,3.531677246093750000,,
2026-09-11T16:42:29Z,3EA5C478E459EC97,18.4,queries/tpch/tpch-queries/q04/v1_materialized.sql,measured,1,1,1,2,0.135881,0.135881,90.131,0.045750,0.003771,0.004676,7168,0,3.630065917968750000,3.408325195312500000,,
2026-09-11T16:42:29Z,3EA5C478E459EC97,18.4,queries/tpch/tpch-queries/q04/v1_materialized.sql,measured,1,2,1,2,0.216417,0.108208,176.306,0.040111,0.004286,0.002908,7168,0,6.876342773437500000,6.531555175781250000,,
2026-09-11T16:42:30Z,3EA5C478E459EC97,18.4,queries/tpch/tpch-queries/q04/v1_materialized.sql,measured,1,4,1,2,0.517293,0.129323,378.188,0.139105,0.004403,0.003551,7168,0,11.813720703125000000,10.961120605468750000,,
2026-09-11T16:42:31Z,3EA5C478E459EC97,18.4,queries/tpch/tpch-queries/q04/v1_materialized.sql,measured,1,8,1,2,0.773125,0.096641,676.717,0.096408,0.000951,0.006580,7168,0,25.333190917968750000,24.085449218750000000,,
2026-09-11T16:42:32Z,3EA5C478E459EC97,18.4,queries/tpch/tpch-queries/q04/v1_materialized.sql,measured,1,16,1,2,1.428931,0.089308,1370.165,0.058766,0.000904,0.006648,7168,0,47.361877441406250000,45.232849121093750000,,
2026-09-11T16:42:41Z,8B12EBB6044FFBCC,18.4,queries/tpch/tpch-queries/q17/v2_decorrelate.sql,warmup,1,1,1,2,5.227996,5.227996,5047.022,0.180974,0.002872,0.004679,7168,0,71.543151855468750000,58.315612792968750000,,
2026-09-11T16:42:47Z,8B12EBB6044FFBCC,18.4,queries/tpch/tpch-queries/q17/v2_decorrelate.sql,warmup,2,1,1,2,5.549759,5.549759,5485.138,0.064621,0.005554,0.004795,7168,0,74.549438476562500000,65.196105957031250000,,
2026-09-11T16:42:52Z,8B12EBB6044FFBCC,18.4,queries/tpch/tpch-queries/q17/v2_decorrelate.sql,measured,1,1,1,2,5.540738,5.540738,5453.101,0.087637,0.004411,0.002668,7168,0,76.473022460937500000,67.018859863281250000,,
2026-09-11T16:43:03Z,8B12EBB6044FFBCC,18.4,queries/tpch/tpch-queries/q17/v2_decorrelate.sql,measured,1,2,1,2,10.945740,5.472870,10889.798,0.055942,0.003992,0.003992,7168,0,150.914123535156250000,132.600524902343750000,,
2026-09-11T16:43:25Z,8B12EBB6044FFBCC,18.4,queries/tpch/tpch-queries/q17/v2_decorrelate.sql,measured,1,4,1,2,21.893349,5.473337,21816.676,0.076673,0.002133,0.005056,7168,0,301.461364746093750000,264.524475097656250000,,
2026-09-11T16:44:08Z,8B12EBB6044FFBCC,18.4,queries/tpch/tpch-queries/q17/v2_decorrelate.sql,measured,1,8,1,2,43.445262,5.430658,43400.612,0.044650,0.001109,0.006357,7168,0,599.890686035156250000,526.961181640625000000,,
2026-09-11T16:45:35Z,8B12EBB6044FFBCC,18.4,queries/tpch/tpch-queries/q17/v2_decorrelate.sql,measured,1,16,1,2,86.942696,5.433919,86836.936,0.105760,0.004579,0.002776,7168,0,1196.463684082031250000,1051.040649414062500000,,
2026-09-11T16:45:40Z,8BF0144BD342ABD3,18.4,queries/tpch/tpch-queries/q11/v2_cte_threshold.sql,warmup,1,1,1,2,0.410328,0.410328,228.232,0.182096,0.001665,0.005518,7168,0,4.463928222656250000,3.600341796875000000,,
2026-09-11T16:45:40Z,8BF0144BD342ABD3,18.4,queries/tpch/tpch-queries/q11/v2_cte_threshold.sql,warmup,2,1,1,2,0.125390,0.125390,84.734,0.040656,0.003787,0.003917,7168,0,3.086242675781250000,2.913940429687500000,,
2026-09-11T16:45:40Z,8BF0144BD342ABD3,18.4,queries/tpch/tpch-queries/q11/v2_cte_threshold.sql,measured,1,1,1,2,0.188549,0.188549,86.417,0.102132,0.003660,0.004649,7168,0,3.052856445312500000,2.750610351562500000,,
2026-09-11T16:45:40Z,8BF0144BD342ABD3,18.4,queries/tpch/tpch-queries/q11/v2_cte_threshold.sql,measured,1,2,1,2,0.260154,0.130077,158.176,0.101978,0.005366,0.002706,7168,0,5.651428222656250000,5.206848144531250000,,
2026-09-11T16:45:41Z,8BF0144BD342ABD3,18.4,queries/tpch/tpch-queries/q11/v2_cte_threshold.sql,measured,1,4,1,2,0.477372,0.119343,361.156,0.116216,0.004876,0.002993,7168,0,10.049011230468750000,9.277526855468750000,,
2026-09-11T16:45:41Z,8BF0144BD342ABD3,18.4,queries/tpch/tpch-queries/q11/v2_cte_threshold.sql,measured,1,8,1,2,0.698680,0.087335,652.673,0.046007,0.002677,0.004646,7168,0,20.773559570312500000,19.639648437500000000,,
2026-09-11T16:45:43Z,8BF0144BD342ABD3,18.4,queries/tpch/tpch-queries/q11/v2_cte_threshold.sql,measured,1,16,1,2,1.484720,0.092795,1326.699,0.158021,0.004655,0.003726,7168,0,40.789001464843750000,38.424255371093750000,,
2026-09-11T16:45:51Z,B8CFE304889C10D9,18.4,queries/tpch/tpch-queries/q13/v2_correlated.sql,warmup,1,1,1,2,4.395391,4.395391,4217.255,0.178136,0.005099,0.001747,7168,0,43.986206054687500000,35.308227539062500000,,
2026-09-11T16:45:53Z,B8CFE304889C10D9,18.4,queries/tpch/tpch-queries/q13/v2_correlated.sql,warmup,2,1,1,2,1.934652,1.934652,1895.304,0.039348,0.002101,0.004992,7168,0,21.663757324218750000,19.357849121093750000,,
2026-09-11T16:45:55Z,B8CFE304889C10D9,18.4,queries/tpch/tpch-queries/q13/v2_correlated.sql,measured,1,1,1,2,2.000864,2.000864,1912.123,0.088741,0.003340,0.004197,7168,0,22.217468261718750000,19.609802246093750000,,
2026-09-11T16:45:59Z,B8CFE304889C10D9,18.4,queries/tpch/tpch-queries/q13/v2_correlated.sql,measured,1,2,1,2,3.783343,1.891671,3694.231,0.089112,0.004946,0.002802,7168,0,41.934814453125000000,37.334838867187500000,,
2026-09-11T16:46:06Z,B8CFE304889C10D9,18.4,queries/tpch/tpch-queries/q13/v2_correlated.sql,measured,1,4,1,2,7.396906,1.849227,7306.157,0.090749,0.000960,0.006665,7168,0,82.317993164062500000,73.157165527343750000,,
2026-09-11T16:46:20Z,B8CFE304889C10D9,18.4,queries/tpch/tpch-queries/q13/v2_correlated.sql,measured,1,8,1,2,14.527774,1.815972,14430.516,0.097258,0.002740,0.005458,7168,0,162.198120117187500000,144.438354492187500000,,
2026-09-11T16:46:49Z,B8CFE304889C10D9,18.4,queries/tpch/tpch-queries/q13/v2_correlated.sql,measured,1,16,1,2,28.880007,1.805000,28779.825,0.100182,0.003521,0.004464,7168,0,324.025451660156250000,288.821594238281250000,,
2026-09-11T16:46:54Z,13A9019038A3655E,18.4,queries/tpch/tpch-queries/q03/v1_materialized.sql,warmup,1,1,1,2,1.535749,1.535749,1345.223,0.190526,0.006519,0.000955,7168,0,25.092346191406250000,21.583618164062500000,,
2026-09-11T16:46:55Z,13A9019038A3655E,18.4,queries/tpch/tpch-queries/q03/v1_materialized.sql,warmup,2,1,1,2,0.305203,0.305203,264.546,0.040657,0.004028,0.003275,7168,0,8.899780273437500000,8.473205566406250000,,
2026-09-11T16:46:55Z,13A9019038A3655E,18.4,queries/tpch/tpch-queries/q03/v1_materialized.sql,measured,1,1,1,2,0.382848,0.382848,292.698,0.090150,0.001072,0.006240,7168,0,7.987670898437500000,7.362182617187500000,,
2026-09-11T16:46:55Z,13A9019038A3655E,18.4,queries/tpch/tpch-queries/q03/v1_materialized.sql,measured,1,2,1,2,0.541064,0.270532,497.856,0.043208,0.003131,0.003971,7168,0,16.828735351562500000,15.988647460937500000,,
2026-09-11T16:46:56Z,13A9019038A3655E,18.4,queries/tpch/tpch-queries/q03/v1_materialized.sql,measured,1,4,1,2,0.995216,0.248804,952.230,0.042986,0.001776,0.005302,7168,0,32.294494628906250000,30.908386230468750000,,
2026-09-11T16:46:58Z,13A9019038A3655E,18.4,queries/tpch/tpch-queries/q03/v1_materialized.sql,measured,1,8,1,2,1.974374,0.246797,1880.757,0.093617,0.003592,0.003606,7168,0,62.986083984375000000,60.083312988281250000,,
2026-09-11T16:47:02Z,13A9019038A3655E,18.4,queries/tpch/tpch-queries/q03/v1_materialized.sql,measured,1,16,1,2,3.823284,0.238955,3718.082,0.105202,0.001810,0.005377,7168,0,126.210266113281250000,120.598815917968750000,,
2026-09-11T16:47:13Z,1D991D7F2337340A,18.4,queries/tpch/tpch-queries/q05/v1_materialized.sql,warmup,1,1,1,2,7.448474,7.448474,7257.458,0.191016,0.002140,0.005020,7168,0,33.255004882812500000,17.349731445312500000,,
2026-09-11T16:47:14Z,1D991D7F2337340A,18.4,queries/tpch/tpch-queries/q05/v1_materialized.sql,warmup,2,1,1,2,0.324839,0.324839,235.721,0.089118,0.001078,0.006275,7168,0,4.449890136718750000,3.955993652343750000,,
2026-09-11T16:47:14Z,1D991D7F2337340A,18.4,queries/tpch/tpch-queries/q05/v1_materialized.sql,measured,1,1,1,2,0.280958,0.280958,237.786,0.043172,0.003644,0.003652,7168,0,4.001647949218750000,3.610046386718750000,,
2026-09-11T16:47:15Z,1D991D7F2337340A,18.4,queries/tpch/tpch-queries/q05/v1_materialized.sql,measured,1,2,1,2,0.564558,0.282279,470.755,0.093803,0.003894,0.004821,7168,0,7.394409179687500000,6.573059082031250000,,
2026-09-11T16:47:16Z,1D991D7F2337340A,18.4,queries/tpch/tpch-queries/q05/v1_materialized.sql,measured,1,4,1,2,1.014323,0.253581,917.068,0.097255,0.003801,0.004785,7168,0,13.772766113281250000,12.355224609375000000,,
2026-09-11T16:47:18Z,1D991D7F2337340A,18.4,queries/tpch/tpch-queries/q05/v1_materialized.sql,measured,1,8,1,2,1.924627,0.240578,1822.174,0.102453,0.002643,0.005346,7168,0,26.670532226562500000,24.029846191406250000,,
2026-09-11T16:47:21Z,1D991D7F2337340A,18.4,queries/tpch/tpch-queries/q05/v1_materialized.sql,measured,1,16,1,2,3.730115,0.233132,3596.821,0.133294,0.001968,0.006896,7168,0,52.443969726562500000,47.157043457031250000,,
2026-09-11T16:48:14Z,A830F0F0E38CED4F,18.4,queries/tpch/tpch-queries/q02/v1_materialized.sql,warmup,1,1,1,2,48.641314,48.641314,48404.226,0.237088,0.003630,0.003781,7168,0,507.384521484375000000,442.040954589843750000,,
2026-09-11T16:49:00Z,A830F0F0E38CED4F,18.4,queries/tpch/tpch-queries/q02/v1_materialized.sql,warmup,2,1,1,2,46.529090,46.529090,46437.493,0.091597,0.007749,0.001906,7168,0,534.079467773437500000,472.767211914062500000,,
2026-09-11T16:49:47Z,A830F0F0E38CED4F,18.4,queries/tpch/tpch-queries/q02/v1_materialized.sql,measured,1,1,1,2,47.167972,47.167972,47125.502,0.042470,0.003989,0.004144,7168,0,521.877136230468750000,460.593383789062500000,,
2026-09-11T16:51:20Z,A830F0F0E38CED4F,18.4,queries/tpch/tpch-queries/q02/v1_materialized.sql,measured,1,2,1,2,92.977335,46.488667,92881.110,0.096225,0.005287,0.003002,7168,0,1062.571960449218750000,940.978576660156250000,,
2026-09-11T16:54:26Z,A830F0F0E38CED4F,18.4,queries/tpch/tpch-queries/q02/v1_materialized.sql,measured,1,4,1,2,185.408343,46.352086,185311.561,0.096782,0.002146,0.006289,7168,0,2060.508666992187500000,1819.138000488281250000,,
2026-09-11T17:00:37Z,A830F0F0E38CED4F,18.4,queries/tpch/tpch-queries/q02/v1_materialized.sql,measured,1,8,1,2,371.438926,46.429866,371339.416,0.099510,0.002753,0.005463,7168,0,4120.453857421875000000,3636.982299804687500000,,
2026-09-11T17:13:11Z,A830F0F0E38CED4F,18.4,queries/tpch/tpch-queries/q02/v1_materialized.sql,measured,1,16,1,2,753.266253,47.079141,753147.077,0.119176,0.002863,0.005899,7168,0,8023.958618164062500000,7045.725891113281250000,,
2026-09-11T17:13:16Z,B1B01C4313F49338,18.4,queries/tpch/tpch-queries/q03/v1_materialized.sql,warmup,1,1,1,2,1.549920,1.549920,1361.323,0.188597,0.002770,0.004098,7168,0,25.012390136718750000,21.449645996093750000,,
2026-09-11T17:13:16Z,B1B01C4313F49338,18.4,queries/tpch/tpch-queries/q03/v1_materialized.sql,warmup,2,1,1,2,0.299287,0.299287,259.258,0.040029,0.004436,0.002742,7168,0,8.719360351562500000,8.309387207031250000,,
2026-09-11T17:13:16Z,B1B01C4313F49338,18.4,queries/tpch/tpch-queries/q03/v1_materialized.sql,measured,1,1,1,2,0.325603,0.325603,279.708,0.045895,0.003231,0.004175,7168,0,7.817687988281250000,7.327209472656250000,,
2026-09-11T17:13:17Z,B1B01C4313F49338,18.4,queries/tpch/tpch-queries/q03/v1_materialized.sql,measured,1,2,1,2,0.631940,0.315970,541.285,0.090655,0.001827,0.005405,7168,0,15.477905273437500000,14.523803710937500000,,
2026-09-11T17:13:18Z,B1B01C4313F49338,18.4,queries/tpch/tpch-queries/q03/v1_materialized.sql,measured,1,4,1,2,1.046643,0.261661,955.746,0.090897,0.002972,0.004285,7168,0,31.820678710937500000,30.352905273437500000,,
2026-09-11T17:13:20Z,B1B01C4313F49338,18.4,queries/tpch/tpch-queries/q03/v1_materialized.sql,measured,1,8,1,2,1.971221,0.246403,1877.270,0.093951,0.002556,0.004704,7168,0,62.752075195312500000,59.810791015625000000,,
2026-09-11T17:13:24Z,B1B01C4313F49338,18.4,queries/tpch/tpch-queries/q03/v1_materialized.sql,measured,1,16,1,2,3.730098,0.233131,3678.254,0.051844,0.003136,0.003980,7168,0,126.368591308593750000,120.899414062500000000,,
2026-09-11T17:13:29Z,5F0BC3F347825AFC,18.4,queries/tpch/tpch-queries/q04/v2_in.sql,warmup,1,1,1,2,1.744941,1.744941,1561.769,0.183172,0.000959,0.006529,7168,0,14.441467285156250000,10.530578613281250000,,
2026-09-11T17:13:29Z,5F0BC3F347825AFC,18.4,queries/tpch/tpch-queries/q04/v2_in.sql,warmup,2,1,1,2,0.136332,0.136332,90.389,0.045943,0.003091,0.006176,7168,0,3.595764160156250000,3.381835937500000000,,
2026-09-11T17:13:30Z,5F0BC3F347825AFC,18.4,queries/tpch/tpch-queries/q04/v2_in.sql,measured,1,1,1,2,0.184944,0.184944,89.839,0.095105,0.004813,0.002952,7168,0,3.805053710937500000,3.490783691406250000,,
2026-09-11T17:13:30Z,5F0BC3F347825AFC,18.4,queries/tpch/tpch-queries/q04/v2_in.sql,measured,1,2,1,2,0.290873,0.145436,193.072,0.097801,0.004934,0.002823,7168,0,6.087707519531250000,5.569641113281250000,,
2026-09-11T17:13:30Z,5F0BC3F347825AFC,18.4,queries/tpch/tpch-queries/q04/v2_in.sql,measured,1,4,1,2,0.384525,0.096131,343.149,0.041376,0.005024,0.002110,7168,0,12.749816894531250000,12.154968261718750000,,
2026-09-11T17:13:31Z,5F0BC3F347825AFC,18.4,queries/tpch/tpch-queries/q04/v2_in.sql,measured,1,8,1,2,0.794333,0.099292,694.466,0.099867,0.003760,0.003869,7168,0,23.959350585937500000,22.750854492187500000,,
2026-09-11T17:13:33Z,5F0BC3F347825AFC,18.4,queries/tpch/tpch-queries/q04/v2_in.sql,measured,1,16,1,2,1.456770,0.091048,1354.590,0.102180,0.001911,0.005651,7168,0,47.872558593750000000,45.596069335937500000,,
2026-09-11T17:13:38Z,9827A8BF01363397,18.4,queries/tpch/tpch-queries/q12/base.sql,warmup,1,1,1,2,1.288466,1.288466,1102.294,0.186172,0.003364,0.003504,7168,0,28.518005371093750000,25.388977050781250000,,
2026-09-11T17:13:38Z,9827A8BF01363397,18.4,queries/tpch/tpch-queries/q12/base.sql,warmup,2,1,1,2,0.458331,0.458331,387.862,0.070469,0.004569,0.002785,7168,0,14.962158203125000000,14.277526855468750000,,
2026-09-11T17:13:38Z,9827A8BF01363397,18.4,queries/tpch/tpch-queries/q12/base.sql,measured,1,1,1,2,0.430026,0.430026,390.362,0.039664,0.002752,0.004563,7168,0,14.638977050781250000,14.009765625000000000,,
2026-09-11T17:13:39Z,9827A8BF01363397,18.4,queries/tpch/tpch-queries/q12/base.sql,measured,1,2,1,2,0.930648,0.465324,826.385,0.104263,0.005667,0.002887,7168,0,27.234191894531250000,25.819030761718750000,,
2026-09-11T17:13:41Z,9827A8BF01363397,18.4,queries/tpch/tpch-queries/q12/base.sql,measured,1,4,1,2,1.702047,0.425512,1601.650,0.100397,0.002935,0.004783,7168,0,52.576354980468750000,50.176574707031250000,,
2026-09-11T17:13:44Z,9827A8BF01363397,18.4,queries/tpch/tpch-queries/q12/base.sql,measured,1,8,1,2,3.362587,0.420323,3256.259,0.106328,0.003761,0.003882,7168,0,100.565490722656250000,95.656921386718750000,,
2026-09-11T17:13:51Z,9827A8BF01363397,18.4,queries/tpch/tpch-queries/q12/base.sql,measured,1,16,1,2,6.763433,0.422715,6661.422,0.102011,0.004515,0.002761,7168,0,189.898010253906250000,180.126098632812500000,,
2026-09-11T17:13:55Z,32E89FE2C7E2041A,18.4,queries/tpch/tpch-queries/q22/v1_materialized.sql,warmup,1,1,1,2,0.314837,0.314837,127.695,0.187142,0.004444,0.002789,7168,0,2.917419433593750000,2.280456542968750000,,
2026-09-11T17:13:56Z,32E89FE2C7E2041A,18.4,queries/tpch/tpch-queries/q22/v1_materialized.sql,warmup,2,1,1,2,0.113371,0.113371,52.111,0.061260,0.005843,0.003402,7168,0,1.867126464843750000,1.697387695312500000,,
2026-09-11T17:13:56Z,32E89FE2C7E2041A,18.4,queries/tpch/tpch-queries/q22/v1_materialized.sql,measured,1,1,1,2,0.096964,0.096964,52.011,0.044953,0.002331,0.004634,7168,0,2.040039062500000000,1.890930175781250000,,
2026-09-11T17:13:56Z,32E89FE2C7E2041A,18.4,queries/tpch/tpch-queries/q22/v1_materialized.sql,measured,1,2,1,2,0.143627,0.071814,103.395,0.040232,0.004351,0.002651,7168,0,3.587707519531250000,3.372619628906250000,,
2026-09-11T17:13:56Z,32E89FE2C7E2041A,18.4,queries/tpch/tpch-queries/q22/v1_materialized.sql,measured,1,4,1,2,0.312226,0.078057,214.328,0.097898,0.001918,0.006047,7168,0,6.663085937500000000,6.201171875000000000,,
2026-09-11T17:13:57Z,32E89FE2C7E2041A,18.4,queries/tpch/tpch-queries/q22/v1_materialized.sql,measured,1,8,1,2,0.533388,0.066673,422.370,0.111018,0.001872,0.006542,7168,0,12.468444824218750000,11.699157714843750000,,
2026-09-11T17:13:58Z,32E89FE2C7E2041A,18.4,queries/tpch/tpch-queries/q22/v1_materialized.sql,measured,1,16,1,2,1.006151,0.062884,887.927,0.118224,0.003597,0.004549,7168,0,23.473327636718750000,21.952453613281250000,,
2026-09-11T17:14:02Z,8328088A8821F37F,18.4,queries/tpch/tpch-queries/q12/v1_materialized.sql,warmup,1,1,1,2,1.269755,1.269755,1085.841,0.183914,0.001746,0.005140,7168,0,28.549804687500000000,25.486083984375000000,,
2026-09-11T17:14:03Z,8328088A8821F37F,18.4,queries/tpch/tpch-queries/q12/v1_materialized.sql,warmup,2,1,1,2,0.435061,0.435061,395.104,0.039957,0.003064,0.004488,7168,0,14.413085937500000000,13.800048828125000000,,
2026-09-11T17:14:03Z,8328088A8821F37F,18.4,queries/tpch/tpch-queries/q12/v1_materialized.sql,measured,1,1,1,2,0.548816,0.548816,447.112,0.101704,0.001805,0.006305,7168,0,13.489868164062500000,12.613525390625000000,,
2026-09-11T17:14:04Z,8328088A8821F37F,18.4,queries/tpch/tpch-queries/q12/v1_materialized.sql,measured,1,2,1,2,0.937132,0.468566,833.953,0.103179,0.000935,0.007394,7168,0,26.452636718750000000,25.067871093750000000,,
2026-09-11T17:14:06Z,8328088A8821F37F,18.4,queries/tpch/tpch-queries/q12/v1_materialized.sql,measured,1,4,1,2,1.719135,0.429784,1620.095,0.099040,0.001851,0.005796,7168,0,51.538940429687500000,49.125488281250000000,,
2026-09-11T17:14:09Z,8328088A8821F37F,18.4,queries/tpch/tpch-queries/q12/v1_materialized.sql,measured,1,8,1,2,3.367833,0.420979,3269.942,0.097891,0.002703,0.004484,7168,0,98.320678710937500000,93.384277343750000000,,
2026-09-11T17:14:16Z,8328088A8821F37F,18.4,queries/tpch/tpch-queries/q12/v1_materialized.sql,measured,1,16,1,2,6.827251,0.426703,6722.981,0.104270,0.003014,0.004325,7168,0,184.810791015625000000,175.104492187500000000,,
2026-09-11T17:14:22Z,B8FF391E9730B4AE,18.4,queries/tpch/tpch-queries/q04/v2_in.sql,warmup,1,1,1,2,1.665417,1.665417,1481.285,0.184132,0.001475,0.005614,7168,0,15.487304687500000000,11.736511230468750000,,
2026-09-11T17:14:22Z,B8FF391E9730B4AE,18.4,queries/tpch/tpch-queries/q04/v2_in.sql,warmup,2,1,1,2,0.129443,0.129443,90.416,0.039027,0.002006,0.004878,7168,0,3.774719238281250000,3.549377441406250000,,
2026-09-11T17:14:22Z,B8FF391E9730B4AE,18.4,queries/tpch/tpch-queries/q04/v2_in.sql,measured,1,1,1,2,0.191567,0.191567,91.920,0.099647,0.002445,0.005466,7168,0,3.953430175781250000,3.600524902343750000,,
2026-09-11T17:14:22Z,B8FF391E9730B4AE,18.4,queries/tpch/tpch-queries/q04/v2_in.sql,measured,1,2,1,2,0.216851,0.108426,176.909,0.039942,0.003669,0.003265,7168,0,6.923095703125000000,6.582397460937500000,,
2026-09-11T17:14:23Z,B8FF391E9730B4AE,18.4,queries/tpch/tpch-queries/q04/v2_in.sql,measured,1,4,1,2,0.464104,0.116026,365.687,0.098417,0.000850,0.006748,7168,0,12.151184082031250000,11.374511718750000000,,
2026-09-11T17:14:24Z,B8FF391E9730B4AE,18.4,queries/tpch/tpch-queries/q04/v2_in.sql,measured,1,8,1,2,0.800391,0.100049,704.101,0.096290,0.001679,0.005861,7168,0,23.782287597656250000,22.553710937500000000,,
2026-09-11T17:14:25Z,B8FF391E9730B4AE,18.4,queries/tpch/tpch-queries/q04/v2_in.sql,measured,1,16,1,2,1.513944,0.094621,1415.152,0.098792,0.003109,0.003938,7168,0,45.498657226562500000,43.186584472656250000,,
2026-09-11T17:14:31Z,B09904C0EF236E22,18.4,queries/tpch/tpch-queries/q04/base.sql,warmup,1,1,1,2,1.658818,1.658818,1477.101,0.181717,0.003401,0.003612,7168,0,17.354858398437500000,13.620483398437500000,,
2026-09-11T17:14:31Z,B09904C0EF236E22,18.4,queries/tpch/tpch-queries/q04/base.sql,warmup,2,1,1,2,0.129899,0.129899,90.936,0.038963,0.004420,0.002441,7168,0,3.758117675781250000,3.541870117187500000,,
2026-09-11T17:14:31Z,B09904C0EF236E22,18.4,queries/tpch/tpch-queries/q04/base.sql,measured,1,1,1,2,0.185310,0.185310,90.600,0.094710,0.002640,0.005251,7168,0,4.003601074218750000,3.650695800781250000,,
2026-09-11T17:14:31Z,B09904C0EF236E22,18.4,queries/tpch/tpch-queries/q04/base.sql,measured,1,2,1,2,0.216679,0.108339,176.837,0.039842,0.004346,0.002660,7168,0,6.877319335937500000,6.563598632812500000,,
2026-09-11T17:14:32Z,B09904C0EF236E22,18.4,queries/tpch/tpch-queries/q04/base.sql,measured,1,4,1,2,0.461170,0.115293,362.086,0.099084,0.002878,0.004696,7168,0,12.295166015625000000,11.499694824218750000,,
2026-09-11T17:14:32Z,B09904C0EF236E22,18.4,queries/tpch/tpch-queries/q04/base.sql,measured,1,8,1,2,0.793183,0.099148,695.193,0.097990,0.001926,0.005745,7168,0,24.343688964843750000,23.104370117187500000,,
2026-09-11T17:14:34Z,B09904C0EF236E22,18.4,queries/tpch/tpch-queries/q04/base.sql,measured,1,16,1,2,1.498980,0.093686,1394.057,0.104923,0.002739,0.004695,7168,0,46.813781738281250000,44.540588378906250000,,
2026-09-11T17:14:39Z,549C42AD1075C5CF,18.4,queries/tpch/tpch-queries/q19/base.sql,warmup,1,1,1,2,1.137881,1.137881,958.392,0.179489,0.001040,0.005936,7168,0,25.568786621093750000,22.826232910156250000,,
2026-09-11T17:14:39Z,549C42AD1075C5CF,18.4,queries/tpch/tpch-queries/q19/base.sql,warmup,2,1,1,2,0.408418,0.408418,368.849,0.039569,0.003634,0.003237,7168,0,13.675781250000000000,13.095642089843750000,,
2026-09-11T17:14:40Z,549C42AD1075C5CF,18.4,queries/tpch/tpch-queries/q19/base.sql,measured,1,1,1,2,0.524963,0.524963,426.562,0.098401,0.001918,0.005656,7168,0,12.595092773437500000,11.754272460937500000,,
2026-09-11T17:14:41Z,549C42AD1075C5CF,18.4,queries/tpch/tpch-queries/q19/base.sql,measured,1,2,1,2,0.916717,0.458358,814.704,0.102013,0.001974,0.005791,7168,0,24.555053710937500000,23.128173828125000000,,
2026-09-11T17:14:42Z,549C42AD1075C5CF,18.4,queries/tpch/tpch-queries/q19/base.sql,measured,1,4,1,2,1.633315,0.408329,1532.538,0.100777,0.003041,0.004910,7168,0,48.574462890625000000,46.286743164062500000,,
2026-09-11T17:14:45Z,549C42AD1075C5CF,18.4,queries/tpch/tpch-queries/q19/base.sql,measured,1,8,1,2,3.218894,0.402362,3119.376,0.099518,0.002883,0.004726,7168,0,90.986389160156250000,86.357299804687500000,,
2026-09-11T17:14:52Z,549C42AD1075C5CF,18.4,queries/tpch/tpch-queries/q19/base.sql,measured,1,16,1,2,6.544929,0.409058,6439.763,0.105166,0.003340,0.004239,7168,0,170.707214355468750000,161.429565429687500000,,
2026-09-11T17:15:03Z,4F7522BF190838BD,18.4,queries/tpch/tpch-queries/q07/v2_union_all.sql,warmup,1,1,1,2,7.459972,7.459972,7268.781,0.191191,0.000891,0.006123,7168,0,37.070434570312500000,20.991455078125000000,,
2026-09-11T17:15:04Z,4F7522BF190838BD,18.4,queries/tpch/tpch-queries/q07/v2_union_all.sql,warmup,2,1,1,2,0.337050,0.337050,294.370,0.042680,0.001816,0.006421,7168,0,5.867004394531250000,5.320861816406250000,,
2026-09-11T17:15:04Z,4F7522BF190838BD,18.4,queries/tpch/tpch-queries/q07/v2_union_all.sql,measured,1,1,1,2,0.332796,0.332796,290.364,0.042432,0.006487,0.000833,7168,0,5.926940917968750000,5.439697265625000000,,
2026-09-11T17:15:05Z,4F7522BF190838BD,18.4,queries/tpch/tpch-queries/q07/v2_union_all.sql,measured,1,2,1,2,0.666537,0.333268,573.911,0.092626,0.001141,0.006604,7168,0,10.467651367187500000,9.476867675781250000,,
2026-09-11T17:15:06Z,4F7522BF190838BD,18.4,queries/tpch/tpch-queries/q07/v2_union_all.sql,measured,1,4,1,2,1.227997,0.306999,1131.550,0.096447,0.001844,0.005837,7168,0,19.669006347656250000,17.911071777343750000,,
2026-09-11T17:15:08Z,4F7522BF190838BD,18.4,queries/tpch/tpch-queries/q07/v2_union_all.sql,measured,1,8,1,2,2.312296,0.289037,2210.636,0.101660,0.002621,0.004851,7168,0,38.937744140625000000,35.582580566406250000,,
2026-09-11T17:15:13Z,4F7522BF190838BD,18.4,queries/tpch/tpch-queries/q07/v2_union_all.sql,measured,1,16,1,2,4.477777,0.279861,4362.009,0.115768,0.003742,0.003717,7168,0,77.781921386718750000,71.349365234375000000,,
2026-09-11T17:15:18Z,4C2992E417D67671,18.4,queries/tpch/tpch-queries/q01/base.sql,warmup,1,1,1,2,2.046758,2.046758,1863.315,0.183443,0.001596,0.005330,7168,0,64.588745117187500000,59.987670898437500000,,
2026-09-11T17:15:20Z,4C2992E417D67671,18.4,queries/tpch/tpch-queries/q01/base.sql,warmup,2,1,1,2,1.470461,1.470461,1430.580,0.039881,0.004570,0.002809,7168,0,47.926330566406250000,46.045715332031250000,,
2026-09-11T17:15:21Z,4C2992E417D67671,18.4,queries/tpch/tpch-queries/q01/base.sql,measured,1,1,1,2,1.493551,1.493551,1453.747,0.039804,0.003658,0.003610,7168,0,46.355285644531250000,44.514038085937500000,,
2026-09-11T17:15:24Z,4C2992E417D67671,18.4,queries/tpch/tpch-queries/q01/base.sql,measured,1,2,1,2,3.078295,1.539147,2975.090,0.103205,0.001817,0.006326,7168,0,90.238769531250000000,86.228515625000000000,,
2026-09-11T17:15:31Z,4C2992E417D67671,18.4,queries/tpch/tpch-queries/q01/base.sql,measured,1,4,1,2,6.285185,1.571296,6183.935,0.101250,0.002928,0.004801,7168,0,168.406860351562500000,160.375122070312500000,,
2026-09-11T17:15:43Z,4C2992E417D67671,18.4,queries/tpch/tpch-queries/q01/base.sql,measured,1,8,1,2,12.721554,1.590194,12619.450,0.102104,0.001004,0.006973,7168,0,323.441406250000000000,307.369140625000000000,,
2026-09-11T17:16:10Z,4C2992E417D67671,18.4,queries/tpch/tpch-queries/q01/base.sql,measured,1,16,1,2,26.943158,1.683947,26778.519,0.164639,0.003373,0.005580,7168,0,589.179687500000000000,555.382446289062500000,,
2026-09-11T17:16:16Z,761492F18A31C8E2,18.4,queries/tpch/tpch-queries/q09/v1_materialized.sql,warmup,1,1,1,2,1.942573,1.942573,1754.326,0.188247,0.002472,0.005102,7168,0,37.219238281250000000,32.913696289062500000,,
2026-09-11T17:16:17Z,761492F18A31C8E2,18.4,queries/tpch/tpch-queries/q09/v1_materialized.sql,warmup,2,1,1,2,0.960129,0.960129,903.202,0.056927,0.001945,0.008957,7168,0,21.228759765625000000,19.823242187500000000,,
2026-09-11T17:16:18Z,761492F18A31C8E2,18.4,queries/tpch/tpch-queries/q09/v1_materialized.sql,measured,1,1,1,2,0.995690,0.995690,894.164,0.101526,0.003993,0.004204,7168,0,21.323791503906250000,19.883239746093750000,,
2026-09-11T17:16:20Z,761492F18A31C8E2,18.4,queries/tpch/tpch-queries/q09/v1_materialized.sql,measured,1,2,1,2,1.876528,0.938264,1779.575,0.096953,0.003161,0.005070,7168,0,41.705810546875000000,38.922973632812500000,,
2026-09-11T17:16:24Z,761492F18A31C8E2,18.4,queries/tpch/tpch-queries/q09/v1_materialized.sql,measured,1,4,1,2,3.627293,0.906823,3580.526,0.046767,0.002659,0.004412,7168,0,82.816223144531250000,77.453796386718750000,,
2026-09-11T17:16:31Z,761492F18A31C8E2,18.4,queries/tpch/tpch-queries/q09/v1_materialized.sql,measured,1,8,1,2,7.273370,0.909171,7173.699,0.099671,0.001779,0.005530,7168,0,162.144226074218750000,151.733642578125000000,,
2026-09-11T17:16:46Z,761492F18A31C8E2,18.4,queries/tpch/tpch-queries/q09/v1_materialized.sql,measured,1,16,1,2,14.634620,0.914664,14413.271,0.221349,0.003677,0.003691,7168,0,322.186889648437500000,301.009948730468750000,,
2026-09-11T17:16:51Z,59E793E88B2AF8D3,18.4,queries/tpch/tpch-queries/q21/base.sql,warmup,1,1,1,2,1.439532,1.439532,1254.803,0.184729,0.001256,0.005783,7168,0,31.617492675781250000,28.134887695312500000,,
2026-09-11T17:16:51Z,59E793E88B2AF8D3,18.4,queries/tpch/tpch-queries/q21/base.sql,warmup,2,1,1,2,0.511916,0.511916,470.171,0.041745,0.002716,0.004820,7168,0,15.822692871093750000,15.067443847656250000,,
2026-09-11T17:16:52Z,59E793E88B2AF8D3,18.4,queries/tpch/tpch-queries/q21/base.sql,measured,1,1,1,2,0.645198,0.645198,502.404,0.142794,0.002087,0.005120,7168,0,15.592956542968750000,14.599304199218750000,,
2026-09-11T17:16:53Z,59E793E88B2AF8D3,18.4,queries/tpch/tpch-queries/q21/base.sql,measured,1,2,1,2,1.008684,0.504342,961.788,0.046896,0.002743,0.004511,7168,0,29.222900390625000000,27.813659667968750000,,
2026-09-11T17:16:55Z,59E793E88B2AF8D3,18.4,queries/tpch/tpch-queries/q21/base.sql,measured,1,4,1,2,1.961133,0.490283,1867.596,0.093537,0.003143,0.004066,7168,0,57.197082519531250000,54.324157714843750000,,
2026-09-11T17:16:59Z,59E793E88B2AF8D3,18.4,queries/tpch/tpch-queries/q21/base.sql,measured,1,8,1,2,3.889020,0.486128,3782.442,0.106578,0.003612,0.003612,7168,0,110.199584960937500000,104.393493652343750000,,
2026-09-11T17:17:07Z,59E793E88B2AF8D3,18.4,queries/tpch/tpch-queries/q21/base.sql,measured,1,16,1,2,8.170761,0.510673,8050.850,0.119911,0.002145,0.005183,7168,0,194.395690917968750000,182.629333496093750000,,
2026-09-11T17:17:13Z,DD8541084FB6F517,18.4,queries/tpch/tpch-queries/q13/v1_materialized.sql,warmup,1,1,1,2,1.832886,1.832886,1600.454,0.232432,0.003549,0.003699,7168,0,12.995300292968750000,9.179626464843750000,,
2026-09-11T17:17:14Z,DD8541084FB6F517,18.4,queries/tpch/tpch-queries/q13/v1_materialized.sql,warmup,2,1,1,2,1.476182,1.476182,1430.090,0.046092,0.003571,0.006868,7168,0,10.211120605468750000,8.303710937500000000,,
2026-09-11T17:17:16Z,DD8541084FB6F517,18.4,queries/tpch/tpch-queries/q13/v1_materialized.sql,measured,1,1,1,2,1.506145,1.506145,1416.028,0.090117,0.001002,0.006849,7168,0,10.289978027343750000,8.416137695312500000,,
2026-09-11T17:17:19Z,DD8541084FB6F517,18.4,queries/tpch/tpch-queries/q13/v1_materialized.sql,measured,1,2,1,2,2.897532,1.448766,2752.148,0.145384,0.004538,0.003609,7168,0,20.702331542968750000,16.874023437500000000,,
2026-09-11T17:17:24Z,DD8541084FB6F517,18.4,queries/tpch/tpch-queries/q13/v1_materialized.sql,measured,1,4,1,2,5.462840,1.365710,5412.903,0.049937,0.002952,0.005941,7168,0,40.310607910156250000,33.434875488281250000,,
2026-09-11T17:17:35Z,DD8541084FB6F517,18.4,queries/tpch/tpch-queries/q13/v1_materialized.sql,measured,1,8,1,2,10.825048,1.353131,10722.600,0.102448,0.004349,0.004172,7168,0,79.989074707031250000,66.637756347656250000,,
2026-09-11T17:17:56Z,DD8541084FB6F517,18.4,queries/tpch/tpch-queries/q13/v1_materialized.sql,measured,1,16,1,2,21.164988,1.322812,21053.885,0.111103,0.002405,0.005711,7168,0,160.076660156250000000,134.491088867187500000,,
2026-09-11T17:18:01Z,311607602BF607BF,18.4,queries/tpch/tpch-queries/q15/base.sql,warmup,1,1,1,2,1.120409,1.120409,934.631,0.185778,0.002429,0.004314,7168,0,20.745117187500000000,18.109741210937500000,,
2026-09-11T17:18:01Z,311607602BF607BF,18.4,queries/tpch/tpch-queries/q15/base.sql,warmup,2,1,1,2,0.327345,0.327345,287.644,0.039701,0.000000,0.006965,7168,0,9.974731445312500000,9.497070312500000000,,
2026-09-11T17:18:01Z,311607602BF607BF,18.4,queries/tpch/tpch-queries/q15/base.sql,measured,1,1,1,2,0.431042,0.431042,327.150,0.103892,0.002623,0.005216,7168,0,8.867675781250000000,8.216491699218750000,,
2026-09-11T17:18:02Z,311607602BF607BF,18.4,queries/tpch/tpch-queries/q15/base.sql,measured,1,2,1,2,0.669745,0.334873,573.887,0.095858,0.002848,0.004657,7168,0,17.954345703125000000,16.808044433593750000,,
2026-09-11T17:18:03Z,311607602BF607BF,18.4,queries/tpch/tpch-queries/q15/base.sql,measured,1,4,1,2,1.196616,0.299154,1103.178,0.093438,0.001042,0.006055,7168,0,36.149780273437500000,34.366516113281250000,,
2026-09-11T17:18:06Z,311607602BF607BF,18.4,queries/tpch/tpch-queries/q15/base.sql,measured,1,8,1,2,2.239375,0.279922,2143.340,0.096035,0.001802,0.005327,7168,0,72.250976562500000000,68.870422363281250000,,
2026-09-11T17:18:10Z,311607602BF607BF,18.4,queries/tpch/tpch-queries/q15/base.sql,measured,1,16,1,2,4.370927,0.273183,4269.992,0.100935,0.002750,0.004600,7168,0,143.356323242187500000,136.533447265625000000,,
2026-09-11T17:18:14Z,93FCFA4A5A52676E,18.4,queries/tpch/tpch-queries/q11/base.sql,warmup,1,1,1,2,0.396349,0.396349,216.076,0.180273,0.002107,0.004960,7168,0,4.602600097656250000,3.745178222656250000,,
2026-09-11T17:18:14Z,93FCFA4A5A52676E,18.4,queries/tpch/tpch-queries/q11/base.sql,warmup,2,1,1,2,0.122974,0.122974,83.102,0.039872,0.001089,0.006290,7168,0,3.100463867187500000,2.919128417968750000,,
2026-09-11T17:18:14Z,93FCFA4A5A52676E,18.4,queries/tpch/tpch-queries/q11/base.sql,measured,1,1,1,2,0.236507,0.236507,87.090,0.149417,0.004120,0.004053,7168,0,3.343383789062500000,2.933471679687500000,,
2026-09-11T17:18:15Z,93FCFA4A5A52676E,18.4,queries/tpch/tpch-queries/q11/base.sql,measured,1,2,1,2,0.218703,0.109352,165.336,0.053367,0.005415,0.002809,7168,0,5.558105468750000000,5.232116699218750000,,
2026-09-11T17:18:15Z,93FCFA4A5A52676E,18.4,queries/tpch/tpch-queries/q11/base.sql,measured,1,4,1,2,0.459611,0.114903,345.422,0.114189,0.003032,0.005978,7168,0,9.643859863281250000,8.944641113281250000,,
2026-09-11T17:18:16Z,93FCFA4A5A52676E,18.4,queries/tpch/tpch-queries/q11/base.sql,measured,1,8,1,2,0.747590,0.093449,640.489,0.107101,0.003040,0.005101,7168,0,19.790649414062500000,18.556091308593750000,,
2026-09-11T17:18:17Z,93FCFA4A5A52676E,18.4,queries/tpch/tpch-queries/q11/base.sql,measured,1,16,1,2,1.379168,0.086198,1256.843,0.122325,0.003136,0.005370,7168,0,39.902709960937500000,37.761047363281250000,,
2026-09-11T17:18:22Z,7DEB0F0141260A25,18.4,queries/tpch/tpch-queries/q06/base.sql,warmup,1,1,1,2,1.029235,1.029235,852.373,0.176862,0.004146,0.002819,7168,0,20.176940917968750000,17.672668457031250000,,
2026-09-11T17:18:22Z,7DEB0F0141260A25,18.4,queries/tpch/tpch-queries/q06/base.sql,warmup,2,1,1,2,0.276371,0.276371,237.130,0.039241,0.004384,0.002695,7168,0,9.249206542968750000,8.845458984375000000,,
2026-09-11T17:18:22Z,7DEB0F0141260A25,18.4,queries/tpch/tpch-queries/q06/base.sql,measured,1,1,1,2,0.332977,0.332977,284.727,0.048250,0.002821,0.004736,7168,0,7.810852050781250000,7.334289550781250000,,
2026-09-11T17:18:23Z,7DEB0F0141260A25,18.4,queries/tpch/tpch-queries/q06/base.sql,measured,1,2,1,2,0.608644,0.304322,507.572,0.101072,0.003503,0.004349,7168,0,16.409057617187500000,15.425292968750000000,,
2026-09-11T17:18:24Z,7DEB0F0141260A25,18.4,queries/tpch/tpch-queries/q06/base.sql,measured,1,4,1,2,1.053231,0.263308,955.054,0.098177,0.002219,0.005296,7168,0,31.915283203125000000,30.289794921875000000,,
2026-09-11T17:18:26Z,7DEB0F0141260A25,18.4,queries/tpch/tpch-queries/q06/base.sql,measured,1,8,1,2,1.953200,0.244150,1859.217,0.093983,0.003527,0.003594,7168,0,62.118286132812500000,59.220642089843750000,,
2026-09-11T17:18:30Z,7DEB0F0141260A25,18.4,queries/tpch/tpch-queries/q06/base.sql,measured,1,16,1,2,3.919793,0.244987,3821.265,0.098528,0.001512,0.005838,7168,0,117.333129882812500000,111.338928222656250000,,
2026-09-11T17:18:35Z,83409735140DC433,18.4,queries/tpch/tpch-queries/q14/v1_materialized.sql,warmup,1,1,1,2,1.085633,1.085633,902.946,0.182687,0.001580,0.005253,7168,0,21.206787109375000000,18.569335937500000000,,
2026-09-11T17:18:35Z,83409735140DC433,18.4,queries/tpch/tpch-queries/q14/v1_materialized.sql,warmup,2,1,1,2,0.327468,0.327468,261.134,0.066334,0.003558,0.003648,7168,0,9.118103027343750000,8.588256835937500000,,
2026-09-11T17:18:35Z,83409735140DC433,18.4,queries/tpch/tpch-queries/q14/v1_materialized.sql,measured,1,1,1,2,0.296273,0.296273,256.978,0.039295,0.002135,0.005061,7168,0,8.839477539062500000,8.370605468750000000,,
2026-09-11T17:18:36Z,83409735140DC433,18.4,queries/tpch/tpch-queries/q14/v1_materialized.sql,measured,1,2,1,2,0.659566,0.329783,558.660,0.100906,0.003437,0.004336,7168,0,15.928344726562500000,14.893005371093750000,,
2026-09-11T17:18:37Z,83409735140DC433,18.4,queries/tpch/tpch-queries/q14/v1_materialized.sql,measured,1,4,1,2,1.081451,0.270363,986.349,0.095102,0.002781,0.004668,7168,0,33.453552246093750000,31.796752929687500000,,
2026-09-11T17:18:39Z,83409735140DC433,18.4,queries/tpch/tpch-queries/q14/v1_materialized.sql,measured,1,8,1,2,2.082664,0.260333,1986.443,0.096221,0.002930,0.004150,7168,0,62.373657226562500000,59.125976562500000000,,
2026-09-11T17:18:43Z,83409735140DC433,18.4,queries/tpch/tpch-queries/q14/v1_materialized.sql,measured,1,16,1,2,4.159640,0.259977,4054.533,0.105107,0.003697,0.003775,7168,0,118.596740722656250000,112.154724121093750000,,
2026-09-11T17:18:49Z,68F6EDE9F684E511,18.4,queries/tpch/tpch-queries/q13/base.sql,warmup,1,1,1,2,1.811234,1.811234,1629.195,0.182039,0.002556,0.004567,7168,0,12.836547851562500000,9.025024414062500000,,
2026-09-11T17:18:50Z,68F6EDE9F684E511,18.4,queries/tpch/tpch-queries/q13/base.sql,warmup,2,1,1,2,1.442970,1.442970,1403.527,0.039443,0.001775,0.005283,7168,0,10.597106933593750000,8.638854980468750000,,
2026-09-11T17:18:52Z,68F6EDE9F684E511,18.4,queries/tpch/tpch-queries/q13/base.sql,measured,1,1,1,2,1.408267,1.408267,1368.978,0.039289,0.002925,0.004108,7168,0,10.549011230468750000,8.821594238281250000,,
2026-09-11T17:18:55Z,68F6EDE9F684E511,18.4,queries/tpch/tpch-queries/q13/base.sql,measured,1,2,1,2,2.833720,1.416860,2743.159,0.090561,0.002835,0.004982,7168,0,20.606994628906250000,16.895507812500000000,,
2026-09-11T17:19:00Z,68F6EDE9F684E511,18.4,queries/tpch/tpch-queries/q13/base.sql,measured,1,4,1,2,5.521631,1.380408,5432.764,0.088867,0.003620,0.003728,7168,0,40.506164550781250000,33.613525390625000000,,
2026-09-11T17:19:11Z,68F6EDE9F684E511,18.4,queries/tpch/tpch-queries/q13/base.sql,measured,1,8,1,2,10.695166,1.336896,10609.250,0.085916,0.002117,0.005103,7168,0,80.955200195312500000,67.778015136718750000,,
2026-09-11T17:19:32Z,68F6EDE9F684E511,18.4,queries/tpch/tpch-queries/q13/base.sql,measured,1,16,1,2,21.558239,1.347390,21435.896,0.122343,0.005294,0.004117,7168,0,155.623229980468750000,129.834533691406250000,,
2026-09-11T17:19:36Z,8F0AAD367F1997AF,18.4,queries/tpch/tpch-queries/q16/v1_materialized.sql,warmup,1,1,1,2,0.636086,0.636086,402.995,0.233091,0.002786,0.004499,7168,0,8.886474609375000000,7.690368652343750000,,
2026-09-11T17:19:37Z,8F0AAD367F1997AF,18.4,queries/tpch/tpch-queries/q16/v1_materialized.sql,warmup,2,1,1,2,0.268341,0.268341,218.310,0.050031,0.002209,0.006526,7168,0,6.355651855468750000,6.019775390625000000,,
2026-09-11T17:19:37Z,8F0AAD367F1997AF,18.4,queries/tpch/tpch-queries/q16/v1_materialized.sql,measured,1,1,1,2,0.323351,0.323351,218.186,0.105165,0.000443,0.008267,7168,0,6.546691894531250000,6.083374023437500000,,
2026-09-11T17:19:37Z,8F0AAD367F1997AF,18.4,queries/tpch/tpch-queries/q16/v1_materialized.sql,measured,1,2,1,2,0.530408,0.265204,435.267,0.095141,0.003643,0.004574,7168,0,12.561950683593750000,11.845153808593750000,,
2026-09-11T17:19:38Z,8F0AAD367F1997AF,18.4,queries/tpch/tpch-queries/q16/v1_materialized.sql,measured,1,4,1,2,0.967930,0.241982,874.586,0.093344,0.000958,0.006633,7168,0,24.765869140625000000,23.386108398437500000,,
2026-09-11T17:19:40Z,8F0AAD367F1997AF,18.4,queries/tpch/tpch-queries/q16/v1_materialized.sql,measured,1,8,1,2,1.849576,0.231197,1753.684,0.095892,0.003786,0.003786,7168,0,49.157043457031250000,46.827209472656250000,,
2026-09-11T17:19:44Z,8F0AAD367F1997AF,18.4,queries/tpch/tpch-queries/q16/v1_materialized.sql,measured,1,16,1,2,3.617767,0.226110,3513.512,0.104255,0.002855,0.004688,7168,0,97.865844726562500000,93.174926757812500000,,
2026-09-11T17:19:49Z,D1BA9B48C210D327,18.4,queries/tpch/tpch-queries/q13/v1_materialized.sql,warmup,1,1,1,2,1.827697,1.827697,1589.990,0.237707,0.004970,0.002715,7168,0,12.820312500000000000,9.077819824218750000,,
2026-09-11T17:19:51Z,D1BA9B48C210D327,18.4,queries/tpch/tpch-queries/q13/v1_materialized.sql,warmup,2,1,1,2,1.521567,1.521567,1426.427,0.095140,0.004944,0.006146,7168,0,9.962219238281250000,7.958862304687500000,,
2026-09-11T17:19:52Z,D1BA9B48C210D327,18.4,queries/tpch/tpch-queries/q13/v1_materialized.sql,measured,1,1,1,2,1.438284,1.438284,1396.605,0.041679,0.003031,0.004905,7168,0,9.921325683593750000,8.235107421875000000,,
2026-09-11T17:19:55Z,D1BA9B48C210D327,18.4,queries/tpch/tpch-queries/q13/v1_materialized.sql,measured,1,2,1,2,2.852806,1.426403,2762.492,0.090314,0.002868,0.004701,7168,0,19.900695800781250000,16.317199707031250000,,
2026-09-11T17:20:00Z,D1BA9B48C210D327,18.4,queries/tpch/tpch-queries/q13/v1_materialized.sql,measured,1,4,1,2,5.408312,1.352078,5314.035,0.094277,0.003946,0.004170,7168,0,40.012695312500000000,33.312194824218750000,,
2026-09-11T17:20:11Z,D1BA9B48C210D327,18.4,queries/tpch/tpch-queries/q13/v1_materialized.sql,measured,1,8,1,2,10.796463,1.349558,10713.192,0.083271,0.005215,0.002173,7168,0,78.801086425781250000,65.694824218750000000,,
2026-09-11T17:20:32Z,D1BA9B48C210D327,18.4,queries/tpch/tpch-queries/q13/v1_materialized.sql,measured,1,16,1,2,21.242059,1.327629,21133.770,0.108289,0.004473,0.002704,7168,0,159.638366699218750000,133.957092285156250000,,
2026-09-11T17:20:37Z,21AFE8F9CE80D65D,18.4,queries/tpch/tpch-queries/q15/v1_materialized.sql,warmup,1,1,1,2,1.112237,1.112237,926.956,0.185281,0.005792,0.001005,7168,0,20.571838378906250000,17.948852539062500000,,
2026-09-11T17:20:37Z,21AFE8F9CE80D65D,18.4,queries/tpch/tpch-queries/q15/v1_materialized.sql,warmup,2,1,1,2,0.326760,0.326760,286.536,0.040224,0.003563,0.003753,7168,0,9.886962890625000000,9.398864746093750000,,
2026-09-11T17:20:38Z,21AFE8F9CE80D65D,18.4,queries/tpch/tpch-queries/q15/v1_materialized.sql,measured,1,1,1,2,0.428344,0.428344,321.173,0.107171,0.001440,0.006668,7168,0,9.002014160156250000,8.279785156250000000,,
2026-09-11T17:20:39Z,21AFE8F9CE80D65D,18.4,queries/tpch/tpch-queries/q15/v1_materialized.sql,measured,1,2,1,2,0.635205,0.317603,546.574,0.088631,0.002172,0.005234,7168,0,19.334533691406250000,18.274169921875000000,,
2026-09-11T17:20:40Z,21AFE8F9CE80D65D,18.4,queries/tpch/tpch-queries/q15/v1_materialized.sql,measured,1,4,1,2,1.176004,0.294001,1122.884,0.053120,0.003298,0.004183,7040,0,35.851379394531250000,34.055541992187500000,,
2026-09-11T17:20:42Z,21AFE8F9CE80D65D,18.4,queries/tpch/tpch-queries/q15/v1_materialized.sql,measured,1,8,1,2,2.230123,0.278765,2133.977,0.096146,0.003109,0.003970,7168,0,72.594909667968750000,69.239440917968750000,,
2026-09-11T17:20:46Z,21AFE8F9CE80D65D,18.4,queries/tpch/tpch-queries/q15/v1_materialized.sql,measured,1,16,1,2,4.360568,0.272535,4254.895,0.105673,0.001762,0.005353,7168,0,144.857727050781250000,137.984741210937500000,,
2026-09-11T17:20:51Z,D5A89BAA8C7B29FF,18.4,queries/tpch/tpch-queries/q06/base.sql,warmup,1,1,1,2,1.044850,1.044850,864.677,0.180173,0.003033,0.003794,7168,0,20.068115234375000000,17.545288085937500000,,
2026-09-11T17:20:52Z,D5A89BAA8C7B29FF,18.4,queries/tpch/tpch-queries/q06/base.sql,warmup,2,1,1,2,0.271969,0.271969,232.982,0.038987,0.001765,0.005252,7168,0,9.035949707031250000,8.626098632812500000,,
2026-09-11T17:20:52Z,D5A89BAA8C7B29FF,18.4,queries/tpch/tpch-queries/q06/base.sql,measured,1,1,1,2,0.343623,0.343623,289.787,0.053836,0.002658,0.005411,7168,0,7.614929199218750000,7.108642578125000000,,
2026-09-11T17:20:53Z,D5A89BAA8C7B29FF,18.4,queries/tpch/tpch-queries/q06/base.sql,measured,1,2,1,2,0.612580,0.306290,506.577,0.106003,0.003977,0.003801,7168,0,16.080139160156250000,15.135864257812500000,,
2026-09-11T17:20:54Z,D5A89BAA8C7B29FF,18.4,queries/tpch/tpch-queries/q06/base.sql,measured,1,4,1,2,1.032807,0.258202,938.067,0.094740,0.001082,0.006263,7168,0,31.634948730468750000,30.058349609375000000,,
2026-09-11T17:20:56Z,D5A89BAA8C7B29FF,18.4,queries/tpch/tpch-queries/q06/base.sql,measured,1,8,1,2,1.934542,0.241818,1838.090,0.096452,0.001894,0.005590,7168,0,61.274230957031250000,58.390563964843750000,,
2026-09-11T17:20:59Z,D5A89BAA8C7B29FF,18.4,queries/tpch/tpch-queries/q06/base.sql,measured,1,16,1,2,3.817814,0.238613,3721.198,0.096616,0.004478,0.002691,7168,0,118.780273437500000000,112.867309570312500000,,
2026-09-11T17:21:04Z,1DFCE977CFE5D6A1,18.4,queries/tpch/tpch-queries/q15/base.sql,warmup,1,1,1,2,1.080342,1.080342,896.454,0.183888,0.002021,0.004766,7168,0,21.334411621093750000,18.692138671875000000,,
2026-09-11T17:21:05Z,1DFCE977CFE5D6A1,18.4,queries/tpch/tpch-queries/q15/base.sql,warmup,2,1,1,2,0.333330,0.333330,292.878,0.040452,0.001518,0.005763,7168,0,9.831970214843750000,9.333374023437500000,,
2026-09-11T17:21:05Z,1DFCE977CFE5D6A1,18.4,queries/tpch/tpch-queries/q15/base.sql,measured,1,1,1,2,0.408022,0.408022,309.490,0.098532,0.003504,0.004335,7168,0,8.877075195312500000,8.232604980468750000,,
2026-09-11T17:21:06Z,1DFCE977CFE5D6A1,18.4,queries/tpch/tpch-queries/q15/base.sql,measured,1,2,1,2,0.702160,0.351080,595.825,0.106335,0.000895,0.007338,7168,0,17.774597167968750000,16.605102539062500000,,
2026-09-11T17:21:07Z,1DFCE977CFE5D6A1,18.4,queries/tpch/tpch-queries/q15/base.sql,measured,1,4,1,2,1.211979,0.302995,1160.078,0.051901,0.001818,0.005429,7168,0,34.024108886718750000,32.219848632812500000,,
2026-09-11T17:21:09Z,1DFCE977CFE5D6A1,18.4,queries/tpch/tpch-queries/q15/base.sql,measured,1,8,1,2,2.305273,0.288159,2212.034,0.093239,0.001046,0.006088,7168,0,69.177551269531250000,65.646118164062500000,,
2026-09-11T17:21:14Z,1DFCE977CFE5D6A1,18.4,queries/tpch/tpch-queries/q15/base.sql,measured,1,16,1,2,4.686008,0.292876,4584.965,0.101043,0.004459,0.002669,7168,0,129.181823730468750000,121.869445800781250000,,
2026-09-11T17:21:20Z,D6441DE3150922BE,18.4,queries/tpch/tpch-queries/q10/v1_materialized.sql,warmup,1,1,1,2,2.062205,2.062205,1869.898,0.192307,0.001199,0.005552,7168,0,26.201049804687500000,21.596923828125000000,,
2026-09-11T17:21:20Z,D6441DE3150922BE,18.4,queries/tpch/tpch-queries/q10/v1_materialized.sql,warmup,2,1,1,2,0.303984,0.303984,263.830,0.040154,0.001032,0.005963,7168,0,8.413635253906250000,7.942382812500000000,,
2026-09-11T17:21:20Z,D6441DE3150922BE,18.4,queries/tpch/tpch-queries/q10/v1_materialized.sql,measured,1,1,1,2,0.412844,0.412844,263.599,0.149245,0.009236,0.014083,7040,0,8.508972167968750000,7.808471679687500000,,
2026-09-11T17:21:21Z,D6441DE3150922BE,18.4,queries/tpch/tpch-queries/q10/v1_materialized.sql,measured,1,2,1,2,0.548234,0.274117,506.521,0.041713,0.004061,0.003260,7168,0,16.006225585937500000,15.202636718750000000,,
2026-09-11T17:21:22Z,D6441DE3150922BE,18.4,queries/tpch/tpch-queries/q10/v1_materialized.sql,measured,1,4,1,2,1.116793,0.279198,1018.258,0.098535,0.000871,0.006512,7168,0,30.760070800781250000,29.139465332031250000,,
2026-09-11T17:21:24Z,D6441DE3150922BE,18.4,queries/tpch/tpch-queries/q10/v1_materialized.sql,measured,1,8,1,2,2.138071,0.267259,2034.379,0.103692,0.001669,0.005474,7168,0,58.908630371093750000,55.849731445312500000,,
2026-09-11T17:21:28Z,D6441DE3150922BE,18.4,queries/tpch/tpch-queries/q10/v1_materialized.sql,measured,1,16,1,2,4.202192,0.262637,4081.341,0.120851,0.005778,0.002445,7168,0,116.145263671875000000,110.068969726562500000,,
2026-09-11T17:21:33Z,56AC0B2B872E1189,18.4,queries/tpch/tpch-queries/q22/v2_anti_join.sql,warmup,1,1,1,2,0.493177,0.493177,306.945,0.186232,0.001616,0.005279,7168,0,6.666931152343750000,5.590820312500000000,,
2026-09-11T17:21:33Z,56AC0B2B872E1189,18.4,queries/tpch/tpch-queries/q22/v2_anti_join.sql,warmup,2,1,1,2,0.139946,0.139946,100.221,0.039725,0.001523,0.005527,7168,0,3.814636230468750000,3.607177734375000000,,
2026-09-11T17:21:33Z,56AC0B2B872E1189,18.4,queries/tpch/tpch-queries/q22/v2_anti_join.sql,measured,1,1,1,2,0.267490,0.267490,111.166,0.156324,0.002496,0.005970,7168,0,3.842956542968750000,3.395568847656250000,,
2026-09-11T17:21:33Z,56AC0B2B872E1189,18.4,queries/tpch/tpch-queries/q22/v2_anti_join.sql,measured,1,2,1,2,0.268577,0.134288,212.719,0.055858,0.004785,0.003383,7168,0,6.188293457031250000,5.799438476562500000,,
2026-09-11T17:21:34Z,56AC0B2B872E1189,18.4,queries/tpch/tpch-queries/q22/v2_anti_join.sql,measured,1,4,1,2,0.552408,0.138102,443.026,0.109382,0.001842,0.006651,7168,0,12.369384765625000000,11.475708007812500000,,
2026-09-11T17:21:35Z,56AC0B2B872E1189,18.4,queries/tpch/tpch-queries/q22/v2_anti_join.sql,measured,1,8,1,2,0.965806,0.120726,852.406,0.113400,0.003725,0.004285,7168,0,25.003723144531250000,23.491699218750000000,,
2026-09-11T17:21:37Z,56AC0B2B872E1189,18.4,queries/tpch/tpch-queries/q22/v2_anti_join.sql,measured,1,16,1,2,1.707735,0.106733,1589.013,0.118722,0.001774,0.006303,7168,0,47.322998046875000000,44.885864257812500000,,
2026-09-11T17:21:42Z,250EE8FB7C1DBC0D,18.4,queries/tpch/tpch-queries/q13/base.sql,warmup,1,1,1,2,1.838726,1.838726,1603.704,0.235022,0.002613,0.004557,7168,0,12.873107910156250000,9.024291992187500000,,
2026-09-11T17:21:44Z,250EE8FB7C1DBC0D,18.4,queries/tpch/tpch-queries/q13/base.sql,warmup,2,1,1,2,1.518249,1.518249,1477.939,0.040310,0.002031,0.006010,7168,0,9.709716796875000000,7.734985351562500000,,
2026-09-11T17:21:45Z,250EE8FB7C1DBC0D,18.4,queries/tpch/tpch-queries/q13/base.sql,measured,1,1,1,2,1.504328,1.504328,1413.219,0.091109,0.002785,0.005684,7168,0,10.152709960937500000,8.263793945312500000,,
2026-09-11T17:21:48Z,250EE8FB7C1DBC0D,18.4,queries/tpch/tpch-queries/q13/base.sql,measured,1,2,1,2,2.848989,1.424495,2754.650,0.094339,0.003670,0.004728,7168,0,20.281250000000000000,16.677795410156250000,,
2026-09-11T17:21:53Z,250EE8FB7C1DBC0D,18.4,queries/tpch/tpch-queries/q13/base.sql,measured,1,4,1,2,5.511668,1.377917,5412.510,0.099158,0.003455,0.005193,7168,0,40.352905273437500000,33.409729003906250000,,
2026-09-11T17:22:04Z,250EE8FB7C1DBC0D,18.4,queries/tpch/tpch-queries/q13/base.sql,measured,1,8,1,2,10.705815,1.338227,10606.801,0.099014,0.004372,0.003523,7168,0,81.246154785156250000,68.223937988281250000,,
2026-09-11T17:22:25Z,250EE8FB7C1DBC0D,18.4,queries/tpch/tpch-queries/q13/base.sql,measured,1,16,1,2,21.236482,1.327280,21174.556,0.061926,0.002166,0.006410,7168,0,159.872863769531250000,134.539672851562500000,,
2026-09-11T17:23:17Z,54BF03BBA8099FAF,18.4,queries/tpch/tpch-queries/q02/base.sql,warmup,1,1,1,2,47.759595,47.759595,47523.437,0.236158,0.002568,0.004469,7168,0,519.660827636718750000,455.375610351562500000,,
2026-09-11T17:24:03Z,54BF03BBA8099FAF,18.4,queries/tpch/tpch-queries/q02/base.sql,warmup,2,1,1,2,46.554228,46.554228,46459.277,0.094951,0.002805,0.008593,7168,0,502.611938476562500000,441.650390625000000000,,
2026-09-11T17:24:50Z,54BF03BBA8099FAF,18.4,queries/tpch/tpch-queries/q02/base.sql,measured,1,1,1,2,46.477426,46.477426,46435.972,0.041454,0.003077,0.005032,7168,0,502.663391113281250000,442.180786132812500000,,
2026-09-11T17:26:24Z,54BF03BBA8099FAF,18.4,queries/tpch/tpch-queries/q02/base.sql,measured,1,2,1,2,94.057262,47.028631,93964.015,0.093247,0.005476,0.003080,7168,0,1012.273010253906250000,889.853393554687500000,,
2026-09-11T17:29:31Z,54BF03BBA8099FAF,18.4,queries/tpch/tpch-queries/q02/base.sql,measured,1,4,1,2,187.433545,46.858386,187330.898,0.102647,0.003047,0.006295,7168,0,1983.942993164062500000,1740.173828125000000000,,
2026-09-11T17:35:42Z,54BF03BBA8099FAF,18.4,queries/tpch/tpch-queries/q02/base.sql,measured,1,8,1,2,370.588300,46.323538,370489.907,0.098393,0.001807,0.006266,7168,0,4048.398986816406250000,3566.731994628906250000,,
2026-09-11T17:48:14Z,54BF03BBA8099FAF,18.4,queries/tpch/tpch-queries/q02/base.sql,measured,1,16,1,2,752.547961,47.034248,752426.711,0.121250,0.001873,0.006628,7168,0,7949.133789062500000000,6972.173950195312500000,,
2026-09-11T17:48:20Z,D3CDE8382E35F198,18.4,queries/tpch/tpch-queries/q01/base.sql,warmup,1,1,1,2,2.018902,2.018902,1837.266,0.181636,0.002015,0.004772,7168,0,64.216979980468750000,59.747863769531250000,,
2026-09-11T17:48:21Z,D3CDE8382E35F198,18.4,queries/tpch/tpch-queries/q01/base.sql,warmup,2,1,1,2,1.400451,1.400451,1361.051,0.039400,0.006135,0.000887,7168,0,50.283996582031250000,48.420898437500000000,,
2026-09-11T17:48:23Z,D3CDE8382E35F198,18.4,queries/tpch/tpch-queries/q01/base.sql,measured,1,1,1,2,1.524042,1.524042,1423.094,0.100948,0.005128,0.002900,7168,0,48.585571289062500000,46.659240722656250000,,
2026-09-11T17:48:26Z,D3CDE8382E35F198,18.4,queries/tpch/tpch-queries/q01/base.sql,measured,1,2,1,2,3.056928,1.528464,2905.830,0.151098,0.004506,0.003593,7168,0,92.010314941406250000,87.954895019531250000,,
2026-09-11T17:48:32Z,D3CDE8382E35F198,18.4,queries/tpch/tpch-queries/q01/base.sql,measured,1,4,1,2,6.037724,1.509431,5985.690,0.052034,0.001642,0.005821,7168,0,174.827270507812500000,166.855224609375000000,,
2026-09-11T17:48:44Z,D3CDE8382E35F198,18.4,queries/tpch/tpch-queries/q01/base.sql,measured,1,8,1,2,12.523918,1.565490,12412.868,0.111050,0.001821,0.006333,7168,0,327.845886230468750000,311.880004882812500000,,
2026-09-11T17:49:11Z,D3CDE8382E35F198,18.4,queries/tpch/tpch-queries/q01/base.sql,measured,1,16,1,2,26.324412,1.645276,26220.648,0.103764,0.003961,0.003563,7168,0,603.749816894531250000,570.208251953125000000,,
2026-09-11T17:49:16Z,CC2420E99F8CE81D,18.4,queries/tpch/tpch-queries/q04/base.sql,warmup,1,1,1,2,1.693477,1.693477,1506.042,0.187435,0.001856,0.005438,7168,0,15.367004394531250000,11.554809570312500000,,
2026-09-11T17:49:16Z,CC2420E99F8CE81D,18.4,queries/tpch/tpch-queries/q04/base.sql,warmup,2,1,1,2,0.132775,0.132775,91.993,0.040782,0.003736,0.004689,7168,0,3.782653808593750000,3.558593750000000000,,
2026-09-11T17:49:16Z,CC2420E99F8CE81D,18.4,queries/tpch/tpch-queries/q04/base.sql,measured,1,1,1,2,0.130794,0.130794,90.042,0.040752,0.002666,0.004683,7168,0,3.794677734375000000,3.585449218750000000,,
2026-09-11T17:49:17Z,CC2420E99F8CE81D,18.4,queries/tpch/tpch-queries/q04/base.sql,measured,1,2,1,2,0.305019,0.152509,198.899,0.106120,0.004276,0.004070,7168,0,6.071533203125000000,5.551269531250000000,,
2026-09-11T17:49:17Z,CC2420E99F8CE81D,18.4,queries/tpch/tpch-queries/q04/base.sql,measured,1,4,1,2,0.386860,0.096715,345.436,0.041424,0.003465,0.003567,7168,0,12.876892089843750000,12.219055175781250000,,
2026-09-11T17:49:18Z,CC2420E99F8CE81D,18.4,queries/tpch/tpch-queries/q04/base.sql,measured,1,8,1,2,0.793898,0.099237,695.586,0.098312,0.004806,0.002819,7168,0,23.951171875000000000,22.727050781250000000,,
2026-09-11T17:49:19Z,CC2420E99F8CE81D,18.4,queries/tpch/tpch-queries/q04/base.sql,measured,1,16,1,2,1.504196,0.094012,1401.322,0.102874,0.004126,0.003288,7168,0,45.560424804687500000,43.295104980468750000,,
2026-09-11T17:49:24Z,40CB5C6E3EAE447E,18.4,queries/tpch/tpch-queries/q22/v2_anti_join.sql,warmup,1,1,1,2,0.481759,0.481759,295.945,0.185814,0.001014,0.005821,7168,0,6.900146484375000000,5.839111328125000000,,
2026-09-11T17:49:24Z,40CB5C6E3EAE447E,18.4,queries/tpch/tpch-queries/q22/v2_anti_join.sql,warmup,2,1,1,2,0.139055,0.139055,99.706,0.039349,0.003061,0.003852,7168,0,3.758850097656250000,3.560241699218750000,,
2026-09-11T17:49:24Z,40CB5C6E3EAE447E,18.4,queries/tpch/tpch-queries/q22/v2_anti_join.sql,measured,1,1,1,2,0.208294,0.208294,109.314,0.098980,0.003607,0.004583,7168,0,3.709533691406250000,3.357910156250000000,,
2026-09-11T17:49:24Z,40CB5C6E3EAE447E,18.4,queries/tpch/tpch-queries/q22/v2_anti_join.sql,measured,1,2,1,2,0.317002,0.158501,213.217,0.103785,0.004846,0.003304,7168,0,6.354003906250000000,5.871398925781250000,,
2026-09-11T17:49:25Z,40CB5C6E3EAE447E,18.4,queries/tpch/tpch-queries/q22/v2_anti_join.sql,measured,1,4,1,2,0.533339,0.133335,423.484,0.109855,0.004569,0.003722,7168,0,12.283203125000000000,11.461242675781250000,,
2026-09-11T17:49:26Z,40CB5C6E3EAE447E,18.4,queries/tpch/tpch-queries/q22/v2_anti_join.sql,measured,1,8,1,2,0.856832,0.107104,755.031,0.101801,0.003638,0.003311,7168,0,25.979980468750000000,24.643249511718750000,,
2026-09-11T17:49:27Z,40CB5C6E3EAE447E,18.4,queries/tpch/tpch-queries/q22/v2_anti_join.sql,measured,1,16,1,2,1.656360,0.103522,1590.597,0.065763,0.002639,0.005165,7168,0,49.280212402343750000,46.899291992187500000,,
2026-09-11T17:49:39Z,ED35695F129836EA,18.4,queries/tpch/tpch-queries/q07/base.sql,warmup,1,1,1,2,8.201327,8.201327,8007.836,0.193491,0.003400,0.003495,7168,0,39.352478027343750000,21.751342773437500000,,
2026-09-11T17:49:39Z,ED35695F129836EA,18.4,queries/tpch/tpch-queries/q07/base.sql,warmup,2,1,1,2,0.332124,0.332124,291.344,0.040780,0.002752,0.004468,7168,0,5.572937011718750000,5.105957031250000000,,
2026-09-11T17:49:40Z,ED35695F129836EA,18.4,queries/tpch/tpch-queries/q07/base.sql,measured,1,1,1,2,0.377793,0.377793,288.376,0.089417,0.003760,0.003372,7168,0,5.879028320312500000,5.301635742187500000,,
2026-09-11T17:49:40Z,ED35695F129836EA,18.4,queries/tpch/tpch-queries/q07/base.sql,measured,1,2,1,2,0.665345,0.332672,572.678,0.092667,0.002182,0.005276,7168,0,10.132202148437500000,9.096862792968750000,,
2026-09-11T17:49:42Z,ED35695F129836EA,18.4,queries/tpch/tpch-queries/q07/base.sql,measured,1,4,1,2,1.210226,0.302556,1113.445,0.096781,0.003862,0.003807,7168,0,19.104064941406250000,17.396911621093750000,,
2026-09-11T17:49:44Z,ED35695F129836EA,18.4,queries/tpch/tpch-queries/q07/base.sql,measured,1,8,1,2,2.233255,0.279157,2134.464,0.098791,0.004559,0.002740,7168,0,39.000854492187500000,35.783630371093750000,,
2026-09-11T17:49:48Z,ED35695F129836EA,18.4,queries/tpch/tpch-queries/q07/base.sql,measured,1,16,1,2,4.419922,0.276245,4297.891,0.122031,0.001906,0.005674,7168,0,75.464172363281250000,69.190185546875000000,,
2026-09-11T17:50:00Z,942011E3B99B6361,18.4,queries/tpch/tpch-queries/q07/v1_materialized.sql,warmup,1,1,1,2,8.351818,8.351818,8163.228,0.188590,0.003029,0.003784,7168,0,41.398986816406250000,23.629333496093750000,,
2026-09-11T17:50:01Z,942011E3B99B6361,18.4,queries/tpch/tpch-queries/q07/v1_materialized.sql,warmup,2,1,1,2,0.352591,0.352591,285.679,0.066912,0.002699,0.004400,7168,0,5.943237304687500000,5.429504394531250000,,
2026-09-11T17:50:01Z,942011E3B99B6361,18.4,queries/tpch/tpch-queries/q07/v1_materialized.sql,measured,1,1,1,2,0.377642,0.377642,286.035,0.091607,0.001815,0.005372,7168,0,6.045349121093750000,5.407226562500000000,,
2026-09-11T17:50:02Z,942011E3B99B6361,18.4,queries/tpch/tpch-queries/q07/v1_materialized.sql,measured,1,2,1,2,0.596715,0.298357,554.218,0.042497,0.004238,0.002967,7168,0,10.233886718750000000,9.416137695312500000,,
2026-09-11T17:50:03Z,942011E3B99B6361,18.4,queries/tpch/tpch-queries/q07/v1_materialized.sql,measured,1,4,1,2,1.188282,0.297070,1092.962,0.095320,0.003633,0.003670,7168,0,19.771606445312500000,18.101928710937500000,,
2026-09-11T17:50:05Z,942011E3B99B6361,18.4,queries/tpch/tpch-queries/q07/v1_materialized.sql,measured,1,8,1,2,2.266760,0.283345,2167.088,0.099672,0.003550,0.003653,7168,0,38.529174804687500000,35.331481933593750000,,
2026-09-11T17:50:10Z,942011E3B99B6361,18.4,queries/tpch/tpch-queries/q07/v1_materialized.sql,measured,1,16,1,2,4.348658,0.271791,4239.731,0.108927,0.003001,0.004275,7168,0,76.336425781250000000,70.169433593750000000,,
2026-09-11T17:50:15Z,C0357793E3A54EDD,18.4,queries/tpch/tpch-queries/q04/v1_materialized.sql,warmup,1,1,1,2,1.690408,1.690408,1509.739,0.180669,0.002525,0.004602,7168,0,14.146362304687500000,10.415039062500000000,,
2026-09-11T17:50:15Z,C0357793E3A54EDD,18.4,queries/tpch/tpch-queries/q04/v1_materialized.sql,warmup,2,1,1,2,0.134494,0.134494,91.357,0.043137,0.006692,0.002004,7168,0,3.543762207031250000,3.353027343750000000,,
2026-09-11T17:50:15Z,C0357793E3A54EDD,18.4,queries/tpch/tpch-queries/q04/v1_materialized.sql,measured,1,1,1,2,0.181813,0.181813,91.311,0.090502,0.002803,0.004808,7168,0,3.812194824218750000,3.522033691406250000,,
2026-09-11T17:50:16Z,C0357793E3A54EDD,18.4,queries/tpch/tpch-queries/q04/v1_materialized.sql,measured,1,2,1,2,0.217827,0.108914,174.809,0.043018,0.002918,0.004163,7168,0,6.732788085937500000,6.390991210937500000,,
2026-09-11T17:50:16Z,C0357793E3A54EDD,18.4,queries/tpch/tpch-queries/q04/v1_materialized.sql,measured,1,4,1,2,0.473730,0.118433,370.042,0.103688,0.002617,0.005282,7168,0,11.763610839843750000,10.984741210937500000,,
2026-09-11T17:50:17Z,C0357793E3A54EDD,18.4,queries/tpch/tpch-queries/q04/v1_materialized.sql,measured,1,8,1,2,0.801020,0.100128,699.697,0.101323,0.003729,0.003836,7168,0,23.764221191406250000,22.566223144531250000,,
2026-09-11T17:50:18Z,C0357793E3A54EDD,18.4,queries/tpch/tpch-queries/q04/v1_materialized.sql,measured,1,16,1,2,1.482038,0.092627,1371.516,0.110522,0.003905,0.003777,7168,0,47.342224121093750000,45.118896484375000000,,
2026-09-11T17:50:27Z,93879CEA3CCF5D90,18.4,queries/tpch/tpch-queries/q18/v2_join.sql,warmup,1,1,1,2,5.082476,5.082476,4893.822,0.188654,0.004018,0.002791,7168,0,157.268615722656250000,146.734863281250000000,,
2026-09-11T17:50:32Z,93879CEA3CCF5D90,18.4,queries/tpch/tpch-queries/q18/v2_join.sql,warmup,2,1,1,2,4.402975,4.402975,4362.248,0.040727,0.001048,0.006057,7168,0,134.575622558593750000,128.110107421875000000,,
2026-09-11T17:50:36Z,93879CEA3CCF5D90,18.4,queries/tpch/tpch-queries/q18/v2_join.sql,measured,1,1,1,2,4.598445,4.598445,4495.611,0.102834,0.003777,0.003905,7168,0,129.312622070312500000,122.444458007812500000,,
2026-09-11T17:50:46Z,93879CEA3CCF5D90,18.4,queries/tpch/tpch-queries/q18/v2_join.sql,measured,1,2,1,2,9.255790,4.627895,9158.301,0.097489,0.004761,0.002809,7168,0,244.378784179687500000,231.152038574218750000,,
2026-09-11T17:51:05Z,93879CEA3CCF5D90,18.4,queries/tpch/tpch-queries/q18/v2_join.sql,measured,1,4,1,2,19.391475,4.847869,19279.389,0.112086,0.003577,0.004522,7168,0,445.686645507812500000,417.550903320312500000,,
2026-09-11T17:51:44Z,93879CEA3CCF5D90,18.4,queries/tpch/tpch-queries/q18/v2_join.sql,measured,1,8,1,2,39.396598,4.924575,39219.196,0.177402,0.003084,0.005157,7168,0,863.580261230468750000,807.141174316406250000,,
2026-09-11T17:53:03Z,93879CEA3CCF5D90,18.4,queries/tpch/tpch-queries/q18/v2_join.sql,measured,1,16,1,2,78.343489,4.896468,78261.158,0.082331,0.004673,0.003716,7168,0,1720.140014648437500000,1608.635192871093750000,,
2026-09-11T17:53:07Z,728C53C23843739B,18.4,queries/tpch/tpch-queries/q11/v1_materialized.sql,warmup,1,1,1,2,0.416617,0.416617,236.850,0.179767,0.001600,0.005409,7168,0,4.522155761718750000,3.630432128906250000,,
2026-09-11T17:53:07Z,728C53C23843739B,18.4,queries/tpch/tpch-queries/q11/v1_materialized.sql,warmup,2,1,1,2,0.126030,0.126030,85.415,0.040615,0.005624,0.001929,7168,0,3.200866699218750000,3.013732910156250000,,
2026-09-11T17:53:07Z,728C53C23843739B,18.4,queries/tpch/tpch-queries/q11/v1_materialized.sql,measured,1,1,1,2,0.187769,0.187769,86.449,0.101320,0.001940,0.006287,7168,0,3.192443847656250000,2.891174316406250000,,
2026-09-11T17:53:08Z,728C53C23843739B,18.4,queries/tpch/tpch-queries/q11/v1_materialized.sql,measured,1,2,1,2,0.273304,0.136652,171.232,0.102072,0.003777,0.004627,7168,0,5.808593750000000000,5.374023437500000000,,
2026-09-11T17:53:08Z,728C53C23843739B,18.4,queries/tpch/tpch-queries/q11/v1_materialized.sql,measured,1,4,1,2,0.462027,0.115507,354.040,0.107987,0.002965,0.005193,7168,0,9.763854980468750000,9.047058105468750000,,
2026-09-11T17:53:09Z,728C53C23843739B,18.4,queries/tpch/tpch-queries/q11/v1_materialized.sql,measured,1,8,1,2,0.762949,0.095369,654.651,0.108298,0.003549,0.004451,7168,0,19.440917968750000000,18.199829101562500000,,
2026-09-11T17:53:10Z,728C53C23843739B,18.4,queries/tpch/tpch-queries/q11/v1_materialized.sql,measured,1,16,1,2,1.464402,0.091525,1353.445,0.110957,0.004882,0.002949,7168,0,41.169250488281250000,38.860717773437500000,,
2026-09-11T17:53:15Z,24E1BCA18E587401,18.4,queries/tpch/tpch-queries/q15/base.sql,warmup,1,1,1,2,1.132696,1.132696,949.262,0.183434,0.004184,0.002586,7168,0,21.617370605468750000,18.902282714843750000,,
2026-09-11T17:53:15Z,24E1BCA18E587401,18.4,queries/tpch/tpch-queries/q15/base.sql,warmup,2,1,1,2,0.327985,0.327985,287.929,0.040056,0.002940,0.004207,7168,0,10.284240722656250000,9.788452148437500000,,
2026-09-11T17:53:15Z,24E1BCA18E587401,18.4,queries/tpch/tpch-queries/q15/base.sql,measured,1,1,1,2,0.430359,0.430359,328.792,0.101567,0.002237,0.005305,7168,0,9.267211914062500000,8.584350585937500000,,
2026-09-11T17:53:16Z,24E1BCA18E587401,18.4,queries/tpch/tpch-queries/q15/base.sql,measured,1,2,1,2,0.700037,0.350018,607.843,0.092194,0.004887,0.002939,7168,0,18.309448242187500000,17.167419433593750000,,
2026-09-11T17:53:17Z,24E1BCA18E587401,18.4,queries/tpch/tpch-queries/q15/base.sql,measured,1,4,1,2,1.193576,0.298394,1151.129,0.042447,0.004531,0.002793,7168,0,34.504882812500000000,32.689880371093750000,,
2026-09-11T17:53:20Z,24E1BCA18E587401,18.4,queries/tpch/tpch-queries/q15/base.sql,measured,1,8,1,2,2.422622,0.302828,2325.262,0.097360,0.003682,0.003645,7168,0,65.812133789062500000,62.085144042968750000,,
2026-09-11T17:53:25Z,24E1BCA18E587401,18.4,queries/tpch/tpch-queries/q15/base.sql,measured,1,16,1,2,4.768305,0.298019,4668.453,0.099852,0.000000,0.007271,7168,0,127.295715332031250000,119.865539550781250000,,
2026-09-11T17:53:30Z,F18303BA2A53D1A6,18.4,queries/tpch/tpch-queries/q21/base.sql,warmup,1,1,1,2,1.475815,1.475815,1289.725,0.186090,0.001810,0.005277,7168,0,30.927978515625000000,27.379394531250000000,,
2026-09-11T17:53:30Z,F18303BA2A53D1A6,18.4,queries/tpch/tpch-queries/q21/base.sql,warmup,2,1,1,2,0.513323,0.513323,472.315,0.041008,0.003720,0.003593,7168,0,15.585998535156250000,14.855590820312500000,,
2026-09-11T17:53:31Z,F18303BA2A53D1A6,18.4,queries/tpch/tpch-queries/q21/base.sql,measured,1,1,1,2,0.631121,0.631121,491.274,0.139847,0.001045,0.006142,7168,0,15.484252929687500000,14.491760253906250000,,
2026-09-11T17:53:32Z,F18303BA2A53D1A6,18.4,queries/tpch/tpch-queries/q21/base.sql,measured,1,2,1,2,0.987243,0.493622,942.482,0.044761,0.004357,0.002598,7168,0,28.674682617187500000,27.257324218750000000,,
2026-09-11T17:53:34Z,F18303BA2A53D1A6,18.4,queries/tpch/tpch-queries/q21/base.sql,measured,1,4,1,2,2.024772,0.506193,1874.033,0.150739,0.001662,0.005567,7168,0,56.512207031250000000,53.514343261718750000,,
2026-09-11T17:53:38Z,F18303BA2A53D1A6,18.4,queries/tpch/tpch-queries/q21/base.sql,measured,1,8,1,2,3.840195,0.480024,3786.662,0.053533,0.002404,0.004504,7168,0,107.664428710937500000,101.982360839843750000,,
2026-09-11T17:53:46Z,F18303BA2A53D1A6,18.4,queries/tpch/tpch-queries/q21/base.sql,measured,1,16,1,2,8.010492,0.500656,7862.261,0.148231,0.002150,0.005210,7168,0,199.496887207031250000,187.955627441406250000,,
2026-09-11T17:53:52Z,E1D5EEAC45D5FE74,18.4,queries/tpch/tpch-queries/q01/v1_materialized.sql,warmup,1,1,1,2,2.152785,2.152785,1969.224,0.183561,0.003650,0.003479,7168,0,59.589416503906250000,54.765014648437500000,,
2026-09-11T17:53:53Z,E1D5EEAC45D5FE74,18.4,queries/tpch/tpch-queries/q01/v1_materialized.sql,warmup,2,1,1,2,1.538991,1.538991,1499.625,0.039366,0.001635,0.005370,7168,0,45.045410156250000000,43.074035644531250000,,
2026-09-11T17:53:55Z,E1D5EEAC45D5FE74,18.4,queries/tpch/tpch-queries/q01/v1_materialized.sql,measured,1,1,1,2,1.629825,1.629825,1571.427,0.058398,0.003458,0.004928,7168,0,43.418518066406250000,41.329223632812500000,,
2026-09-11T17:53:58Z,E1D5EEAC45D5FE74,18.4,queries/tpch/tpch-queries/q01/v1_materialized.sql,measured,1,2,1,2,3.176518,1.588259,3073.704,0.102814,0.004305,0.004100,7168,0,86.585449218750000000,82.433288574218750000,,
2026-09-11T17:54:05Z,E1D5EEAC45D5FE74,18.4,queries/tpch/tpch-queries/q01/v1_materialized.sql,measured,1,4,1,2,6.690872,1.672718,6585.624,0.105248,0.002842,0.005657,7168,0,154.228149414062500000,145.524353027343750000,,
2026-09-11T17:54:18Z,E1D5EEAC45D5FE74,18.4,queries/tpch/tpch-queries/q01/v1_materialized.sql,measured,1,8,1,2,13.527618,1.690952,13395.268,0.132350,0.003011,0.006830,7168,0,296.136352539062500000,279.288085937500000000,,
2026-09-11T17:54:45Z,E1D5EEAC45D5FE74,18.4,queries/tpch/tpch-queries/q01/v1_materialized.sql,measured,1,16,1,2,26.933096,1.683319,26756.553,0.176543,0.004580,0.004991,7168,0,589.973815917968750000,556.082092285156250000,,
2026-09-11T17:54:50Z,F8E1F14D7051D348,18.4,queries/tpch/tpch-queries/q14/v2_filter.sql,warmup,1,1,1,2,1.092559,1.092559,909.249,0.183310,0.003079,0.003840,7168,0,21.507019042968750000,18.839355468750000000,,
2026-09-11T17:54:51Z,F8E1F14D7051D348,18.4,queries/tpch/tpch-queries/q14/v2_filter.sql,warmup,2,1,1,2,0.302832,0.302832,261.576,0.041256,0.003708,0.003605,7168,0,8.813110351562500000,8.350280761718750000,,
2026-09-11T17:54:51Z,F8E1F14D7051D348,18.4,queries/tpch/tpch-queries/q14/v2_filter.sql,measured,1,1,1,2,0.345959,0.345959,295.450,0.050509,0.003174,0.005244,7168,0,7.996643066406250000,7.401184082031250000,,
2026-09-11T17:54:52Z,F8E1F14D7051D348,18.4,queries/tpch/tpch-queries/q14/v2_filter.sql,measured,1,2,1,2,0.549936,0.274968,509.465,0.040471,0.001043,0.005987,7168,0,16.657714843750000000,15.736816406250000000,,
2026-09-11T17:54:53Z,F8E1F14D7051D348,18.4,queries/tpch/tpch-queries/q14/v2_filter.sql,measured,1,4,1,2,1.176150,0.294038,1066.186,0.109964,0.001421,0.006543,7168,0,30.273559570312500000,28.445800781250000000,,
2026-09-11T17:54:55Z,F8E1F14D7051D348,18.4,queries/tpch/tpch-queries/q14/v2_filter.sql,measured,1,8,1,2,2.173407,0.271676,2077.395,0.096012,0.004535,0.002760,7168,0,57.957031250000000000,54.630065917968750000,,
2026-09-11T17:54:59Z,F8E1F14D7051D348,18.4,queries/tpch/tpch-queries/q14/v2_filter.sql,measured,1,16,1,2,4.266435,0.266652,4164.256,0.102179,0.002986,0.004198,7168,0,113.204162597656250000,106.654174804687500000,,
2026-09-11T17:55:03Z,819B753B73C2891C,18.4,queries/tpch/tpch-queries/q22/v1_materialized.sql,warmup,1,1,1,2,0.270042,0.270042,129.913,0.140129,0.003598,0.003140,7168,0,2.787475585937500000,2.240478515625000000,,
2026-09-11T17:55:03Z,819B753B73C2891C,18.4,queries/tpch/tpch-queries/q22/v1_materialized.sql,warmup,2,1,1,2,0.116491,0.116491,62.586,0.053905,0.005210,0.004193,7168,0,2.025817871093750000,1.855773925781250000,,
2026-09-11T17:55:04Z,819B753B73C2891C,18.4,queries/tpch/tpch-queries/q22/v1_materialized.sql,measured,1,1,1,2,0.104596,0.104596,62.905,0.041691,0.003632,0.003580,7168,0,2.209289550781250000,2.049560546875000000,,
2026-09-11T17:55:04Z,819B753B73C2891C,18.4,queries/tpch/tpch-queries/q22/v1_materialized.sql,measured,1,2,1,2,0.149511,0.074755,108.999,0.040512,0.004300,0.002976,7168,0,3.746337890625000000,3.527160644531250000,,
2026-09-11T17:55:04Z,819B753B73C2891C,18.4,queries/tpch/tpch-queries/q22/v1_materialized.sql,measured,1,4,1,2,0.324978,0.081245,224.571,0.100407,0.003826,0.004700,7168,0,7.024047851562500000,6.545166015625000000,,
2026-09-11T17:55:05Z,819B753B73C2891C,18.4,queries/tpch/tpch-queries/q22/v1_materialized.sql,measured,1,8,1,2,0.564924,0.070615,455.996,0.108928,0.003029,0.005392,7168,0,13.022216796875000000,12.231018066406250000,,
2026-09-11T17:55:06Z,819B753B73C2891C,18.4,queries/tpch/tpch-queries/q22/v1_materialized.sql,measured,1,16,1,2,1.028669,0.064292,910.485,0.118184,0.002811,0.005580,7168,0,25.478820800781250000,23.989807128906250000,,
2026-09-11T17:55:11Z,E14C036E9A310A48,18.4,queries/tpch/tpch-queries/q03/base.sql,warmup,1,1,1,2,1.531109,1.531109,1342.523,0.188586,0.003042,0.003799,7168,0,25.811889648437500000,22.262084960937500000,,
2026-09-11T17:55:11Z,E14C036E9A310A48,18.4,queries/tpch/tpch-queries/q03/base.sql,warmup,2,1,1,2,0.299348,0.299348,259.609,0.039739,0.003041,0.003826,7168,0,9.135986328125000000,8.638977050781250000,,
2026-09-11T17:55:11Z,E14C036E9A310A48,18.4,queries/tpch/tpch-queries/q03/base.sql,measured,1,1,1,2,0.299293,0.299293,259.531,0.039762,0.005116,0.001735,7168,0,9.139953613281250000,8.717407226562500000,,
2026-09-11T17:55:12Z,E14C036E9A310A48,18.4,queries/tpch/tpch-queries/q03/base.sql,measured,1,2,1,2,0.644770,0.322385,551.361,0.093409,0.001740,0.005355,7168,0,16.217834472656250000,15.168090820312500000,,
2026-09-11T17:55:13Z,E14C036E9A310A48,18.4,queries/tpch/tpch-queries/q03/base.sql,measured,1,4,1,2,1.001688,0.250422,958.694,0.042994,0.004308,0.002642,7168,0,32.649658203125000000,31.211853027343750000,,
2026-09-11T17:55:15Z,E14C036E9A310A48,18.4,queries/tpch/tpch-queries/q03/base.sql,measured,1,8,1,2,2.019866,0.252483,1925.524,0.094342,0.001883,0.005193,7168,0,61.711853027343750000,58.775085449218750000,,
2026-09-11T17:55:19Z,E14C036E9A310A48,18.4,queries/tpch/tpch-queries/q03/base.sql,measured,1,16,1,2,4.019803,0.251238,3917.107,0.102696,0.002092,0.005051,7168,0,117.511657714843750000,111.532409667968750000,,
2026-09-11T17:55:29Z,B85781A844BA0049,18.4,queries/tpch/tpch-queries/q17/v2_decorrelate.sql,warmup,1,1,1,2,6.087645,6.087645,5905.775,0.181870,0.004292,0.002909,7168,0,85.953735351562500000,71.209899902343750000,,
2026-09-11T17:55:34Z,B85781A844BA0049,18.4,queries/tpch/tpch-queries/q17/v2_decorrelate.sql,warmup,2,1,1,2,5.576920,5.576920,5508.495,0.068425,0.003026,0.006016,7168,0,76.176269531250000000,66.691223144531250000,,
2026-09-11T17:55:40Z,B85781A844BA0049,18.4,queries/tpch/tpch-queries/q17/v2_decorrelate.sql,measured,1,1,1,2,5.574485,5.574485,5480.224,0.094261,0.002171,0.005232,7168,0,75.500732421875000000,66.097473144531250000,,
2026-09-11T17:55:51Z,B85781A844BA0049,18.4,queries/tpch/tpch-queries/q17/v2_decorrelate.sql,measured,1,2,1,2,10.971864,5.485932,10879.561,0.092303,0.002716,0.004456,7168,0,150.102539062500000000,131.742492675781250000,,
2026-09-11T17:56:13Z,B85781A844BA0049,18.4,queries/tpch/tpch-queries/q17/v2_decorrelate.sql,measured,1,4,1,2,21.802556,5.450639,21760.482,0.042074,0.003675,0.003755,7168,0,300.332580566406250000,263.677429199218750000,,
2026-09-11T17:56:56Z,B85781A844BA0049,18.4,queries/tpch/tpch-queries/q17/v2_decorrelate.sql,measured,1,8,1,2,43.659055,5.457382,43498.089,0.160966,0.004995,0.003057,7168,0,600.170288085937500000,527.249938964843750000,,
2026-09-11T17:58:23Z,B85781A844BA0049,18.4,queries/tpch/tpch-queries/q17/v2_decorrelate.sql,measured,1,16,1,2,87.065930,5.441621,86961.461,0.104469,0.000868,0.006176,7168,0,1195.336791992187500000,1050.265686035156250000,,
2026-09-11T17:58:28Z,BD2F5CCB33B3C775,18.4,queries/tpch/tpch-queries/q06/base.sql,warmup,1,1,1,2,1.045506,1.045506,866.303,0.179203,0.002430,0.004418,7168,0,20.157592773437500000,17.643432617187500000,,
2026-09-11T17:58:29Z,BD2F5CCB33B3C775,18.4,queries/tpch/tpch-queries/q06/base.sql,warmup,2,1,1,2,0.274035,0.274035,234.719,0.039316,0.003106,0.003902,7168,0,9.112792968750000000,8.705993652343750000,,
2026-09-11T17:58:29Z,BD2F5CCB33B3C775,18.4,queries/tpch/tpch-queries/q06/base.sql,measured,1,1,1,2,0.379918,0.379918,279.031,0.100887,0.005829,0.001994,7168,0,7.937500000000000000,7.352050781250000000,,
2026-09-11T17:58:30Z,BD2F5CCB33B3C775,18.4,queries/tpch/tpch-queries/q06/base.sql,measured,1,2,1,2,0.610684,0.305342,509.047,0.101637,0.004835,0.003028,7168,0,15.969055175781250000,15.016296386718750000,,
2026-09-11T17:58:31Z,BD2F5CCB33B3C775,18.4,queries/tpch/tpch-queries/q06/base.sql,measured,1,4,1,2,1.019906,0.254976,921.525,0.098381,0.001910,0.005659,7168,0,32.888671875000000000,31.301025390625000000,,
2026-09-11T17:58:32Z,BD2F5CCB33B3C775,18.4,queries/tpch/tpch-queries/q06/base.sql,measured,1,8,1,2,1.924594,0.240574,1831.871,0.092723,0.003529,0.003612,7168,0,61.914733886718750000,58.973693847656250000,,
2026-09-11T17:58:36Z,BD2F5CCB33B3C775,18.4,queries/tpch/tpch-queries/q06/base.sql,measured,1,16,1,2,3.729961,0.233123,3682.751,0.047210,0.003643,0.003501,7168,0,121.576721191406250000,-262028.282226562500000000,,
2026-09-11T17:58:46Z,07B218585FBC2163,18.4,queries/tpch/tpch-queries/q17/v2_decorrelate.sql,warmup,1,1,1,2,6.051790,6.051790,5869.419,0.182371,0.003841,0.003664,7168,0,85.078063964843750000,70.372314453125000000,,
2026-09-11T17:58:51Z,07B218585FBC2163,18.4,queries/tpch/tpch-queries/q17/v2_decorrelate.sql,warmup,2,1,1,2,5.521660,5.521660,5470.428,0.051232,0.004505,0.004364,7168,0,74.930358886718750000,65.597595214843750000,,
2026-09-11T17:58:57Z,07B218585FBC2163,18.4,queries/tpch/tpch-queries/q17/v2_decorrelate.sql,measured,1,1,1,2,5.533088,5.533088,5440.809,0.092279,0.002997,0.004316,7168,0,75.190856933593750000,65.827331542968750000,,
2026-09-11T17:59:08Z,07B218585FBC2163,18.4,queries/tpch/tpch-queries/q17/v2_decorrelate.sql,measured,1,2,1,2,10.929429,5.464714,10835.601,0.093828,0.000930,0.006427,7168,0,150.074340820312500000,131.609130859375000000,,
2026-09-11T17:59:30Z,07B218585FBC2163,18.4,queries/tpch/tpch-queries/q17/v2_decorrelate.sql,measured,1,4,1,2,21.745271,5.436318,21653.664,0.091607,0.003504,0.003602,7168,0,299.668151855468750000,263.024963378906250000,,
2026-09-11T18:00:13Z,07B218585FBC2163,18.4,queries/tpch/tpch-queries/q17/v2_decorrelate.sql,measured,1,8,1,2,43.430287,5.428786,43323.685,0.106602,0.001794,0.005518,7168,0,596.638916015625000000,523.570312500000000000,,
2026-09-11T18:01:40Z,07B218585FBC2163,18.4,queries/tpch/tpch-queries/q17/v2_decorrelate.sql,measured,1,16,1,2,86.924845,5.432803,86749.616,0.175229,0.001881,0.005598,7040,0,1191.916564941406250000,1046.748962402343750000,,
2026-09-11T18:01:44Z,3FA376E6A5D37BB6,18.4,queries/tpch/tpch-queries/q16/v1_materialized.sql,warmup,1,1,1,2,0.622418,0.622418,394.541,0.227877,0.003756,0.003598,7168,0,9.024902343750000000,7.837463378906250000,,
2026-09-11T18:01:45Z,3FA376E6A5D37BB6,18.4,queries/tpch/tpch-queries/q16/v1_materialized.sql,warmup,2,1,1,2,0.269194,0.269194,217.958,0.051236,0.003963,0.004997,7168,0,6.461730957031250000,6.103271484375000000,,
2026-09-11T18:01:45Z,3FA376E6A5D37BB6,18.4,queries/tpch/tpch-queries/q16/v1_materialized.sql,measured,1,1,1,2,0.368909,0.368909,220.773,0.148136,0.003558,0.004460,7168,0,6.927795410156250000,6.367431640625000000,,
2026-09-11T18:01:46Z,3FA376E6A5D37BB6,18.4,queries/tpch/tpch-queries/q16/v1_materialized.sql,measured,1,2,1,2,0.492818,0.246409,439.637,0.053181,0.002788,0.005659,7168,0,12.646423339843750000,12.006347656250000000,,
2026-09-11T18:01:47Z,3FA376E6A5D37BB6,18.4,queries/tpch/tpch-queries/q16/v1_materialized.sql,measured,1,4,1,2,0.969927,0.242482,874.130,0.095797,0.003385,0.004236,7168,0,25.239196777343750000,23.845581054687500000,,
2026-09-11T18:01:48Z,3FA376E6A5D37BB6,18.4,queries/tpch/tpch-queries/q16/v1_materialized.sql,measured,1,8,1,2,1.852838,0.231605,1756.647,0.096191,0.002248,0.005382,7168,0,49.793640136718750000,47.409179687500000000,,
2026-09-11T18:01:52Z,3FA376E6A5D37BB6,18.4,queries/tpch/tpch-queries/q16/v1_materialized.sql,measured,1,16,1,2,3.611050,0.225691,3508.889,0.102161,0.004905,0.002875,7168,0,99.764526367187500000,94.784118652343750000,,
2026-09-11T18:01:57Z,786915D78F56D867,18.4,queries/tpch/tpch-queries/q13/v1_materialized.sql,warmup,1,1,1,2,1.864127,1.864127,1631.461,0.232666,0.001844,0.005435,7168,0,12.690795898437500000,8.830871582031250000,,
2026-09-11T18:01:59Z,786915D78F56D867,18.4,queries/tpch/tpch-queries/q13/v1_materialized.sql,warmup,2,1,1,2,1.453902,1.453902,1410.716,0.043186,0.004214,0.005425,7168,0,9.963806152343750000,8.114685058593750000,,
2026-09-11T18:02:00Z,786915D78F56D867,18.4,queries/tpch/tpch-queries/q13/v1_materialized.sql,measured,1,1,1,2,1.507996,1.507996,1418.719,0.089277,0.001893,0.005562,7168,0,9.980834960937500000,8.109436035156250000,,
2026-09-11T18:02:03Z,786915D78F56D867,18.4,queries/tpch/tpch-queries/q13/v1_materialized.sql,measured,1,2,1,2,2.867807,1.433903,2777.100,0.090707,0.001877,0.005987,7168,0,19.831909179687500000,16.094238281250000000,,
2026-09-11T18:02:09Z,786915D78F56D867,18.4,queries/tpch/tpch-queries/q13/v1_materialized.sql,measured,1,4,1,2,5.538957,1.384739,5438.021,0.100936,0.001764,0.006122,7168,0,39.490539550781250000,32.673950195312500000,,
2026-09-11T18:02:20Z,786915D78F56D867,18.4,queries/tpch/tpch-queries/q13/v1_materialized.sql,measured,1,8,1,2,10.803052,1.350382,10754.220,0.048832,0.004197,0.002900,7168,0,78.919067382812500000,66.033569335937500000,,
2026-09-11T18:02:41Z,786915D78F56D867,18.4,queries/tpch/tpch-queries/q13/v1_materialized.sql,measured,1,16,1,2,21.125261,1.320329,21018.026,0.107235,0.004041,0.003156,7168,0,159.452270507812500000,133.873718261718750000,,
2026-09-11T18:02:46Z,DCC1E045F0E025D7,18.4,queries/tpch/tpch-queries/q09/base.sql,warmup,1,1,1,2,1.942414,1.942414,1749.651,0.192763,0.001000,0.006824,7168,0,35.602172851562500000,31.345397949218750000,,
2026-09-11T18:02:47Z,DCC1E045F0E025D7,18.4,queries/tpch/tpch-queries/q09/base.sql,warmup,2,1,1,2,0.939416,0.939416,886.361,0.053055,0.003064,0.008355,7168,0,20.657043457031250000,19.222290039062500000,,
2026-09-11T18:02:48Z,DCC1E045F0E025D7,18.4,queries/tpch/tpch-queries/q09/base.sql,measured,1,1,1,2,0.988052,0.988052,881.715,0.106337,0.004558,0.004540,7168,0,20.711120605468750000,19.333251953125000000,,
2026-09-11T18:02:50Z,DCC1E045F0E025D7,18.4,queries/tpch/tpch-queries/q09/base.sql,measured,1,2,1,2,1.867838,0.933919,1771.540,0.096298,0.002766,0.004814,7168,0,41.274963378906250000,38.707336425781250000,,
2026-09-11T18:02:53Z,DCC1E045F0E025D7,18.4,queries/tpch/tpch-queries/q09/base.sql,measured,1,4,1,2,3.674597,0.918649,3522.560,0.152037,0.004700,0.003802,7168,0,81.033630371093750000,75.701782226562500000,,
2026-09-11T18:03:01Z,DCC1E045F0E025D7,18.4,queries/tpch/tpch-queries/q09/base.sql,measured,1,8,1,2,7.099908,0.887488,7001.139,0.098769,0.001902,0.005224,7168,0,165.461486816406250000,155.315002441406250000,,
2026-09-11T18:03:15Z,DCC1E045F0E025D7,18.4,queries/tpch/tpch-queries/q09/base.sql,measured,1,16,1,2,14.188745,0.886797,14078.664,0.110081,0.000891,0.006224,7168,0,329.315551757812500000,309.015502929687500000,,
2026-09-11T18:03:19Z,08CD4EECA22DFE5D,18.4,queries/tpch/tpch-queries/q11/base.sql,warmup,1,1,1,2,0.409391,0.409391,231.617,0.177774,0.000906,0.006219,7168,0,4.576660156250000000,3.705139160156250000,,
2026-09-11T18:03:19Z,08CD4EECA22DFE5D,18.4,queries/tpch/tpch-queries/q11/base.sql,warmup,2,1,1,2,0.125458,0.125458,85.445,0.040013,0.003578,0.003578,7168,0,3.155944824218750000,2.982238769531250000,,
2026-09-11T18:03:19Z,08CD4EECA22DFE5D,18.4,queries/tpch/tpch-queries/q11/base.sql,measured,1,1,1,2,0.178561,0.178561,85.410,0.093151,0.004732,0.002859,7168,0,3.206542968750000000,2.912536621093750000,,
2026-09-11T18:03:20Z,08CD4EECA22DFE5D,18.4,queries/tpch/tpch-queries/q11/base.sql,measured,1,2,1,2,0.282226,0.141113,171.332,0.110894,0.002740,0.005627,7168,0,5.808288574218750000,5.336303710937500000,,
2026-09-11T18:03:20Z,08CD4EECA22DFE5D,18.4,queries/tpch/tpch-queries/q11/base.sql,measured,1,4,1,2,0.460553,0.115138,357.910,0.102643,0.002890,0.004718,7168,0,9.876342773437500000,9.156188964843750000,,
2026-09-11T18:03:21Z,08CD4EECA22DFE5D,18.4,queries/tpch/tpch-queries/q11/base.sql,measured,1,8,1,2,0.830605,0.103826,717.583,0.113022,0.002110,0.006252,7168,0,19.526855468750000000,18.199157714843750000,,
2026-09-11T18:03:22Z,08CD4EECA22DFE5D,18.4,queries/tpch/tpch-queries/q11/base.sql,measured,1,16,1,2,1.403527,0.087720,1286.640,0.116887,0.001780,0.006209,7168,0,39.609741210937500000,37.348937988281250000,,
2026-09-11T18:03:27Z,F174077E25938CB8,18.4,queries/tpch/tpch-queries/q16/v1_materialized.sql,warmup,1,1,1,2,0.646742,0.646742,413.880,0.232862,0.003117,0.003900,7168,0,8.815246582031250000,7.567565917968750000,,
2026-09-11T18:03:27Z,F174077E25938CB8,18.4,queries/tpch/tpch-queries/q16/v1_materialized.sql,warmup,2,1,1,2,0.281371,0.281371,220.183,0.061188,0.002944,0.005799,7168,0,6.557678222656250000,6.187438964843750000,,
2026-09-11T18:03:27Z,F174077E25938CB8,18.4,queries/tpch/tpch-queries/q16/v1_materialized.sql,measured,1,1,1,2,0.314968,0.314968,216.601,0.098367,0.006953,0.001023,7168,0,6.744628906250000000,6.283386230468750000,,
2026-09-11T18:03:28Z,F174077E25938CB8,18.4,queries/tpch/tpch-queries/q16/v1_materialized.sql,measured,1,2,1,2,0.502640,0.251320,442.855,0.059785,0.004756,0.003838,7168,0,12.819396972656250000,12.080749511718750000,,
2026-09-11T18:03:29Z,F174077E25938CB8,18.4,queries/tpch/tpch-queries/q16/v1_materialized.sql,measured,1,4,1,2,0.928628,0.232157,886.785,0.041843,0.000881,0.006097,7168,0,25.090942382812500000,23.741271972656250000,,
2026-09-11T18:03:30Z,F174077E25938CB8,18.4,queries/tpch/tpch-queries/q16/v1_materialized.sql,measured,1,8,1,2,1.875772,0.234472,1817.723,0.058049,0.001657,0.005551,7168,0,48.581176757812500000,46.171264648437500000,,
2026-09-11T18:03:34Z,F174077E25938CB8,18.4,queries/tpch/tpch-queries/q16/v1_materialized.sql,measured,1,16,1,2,3.746967,0.234185,3645.056,0.101911,0.004777,0.002808,7168,0,96.523254394531250000,91.473449707031250000,,
2026-09-11T18:03:45Z,402230F229D94C4B,18.4,queries/tpch/tpch-queries/q07/base.sql,warmup,1,1,1,2,7.021784,7.021784,6832.122,0.189662,0.003090,0.003832,7168,0,51.854125976562500000,36.736999511718750000,,
2026-09-11T18:03:45Z,402230F229D94C4B,18.4,queries/tpch/tpch-queries/q07/base.sql,warmup,2,1,1,2,0.334980,0.334980,294.289,0.040691,0.003865,0.003060,7168,0,5.636047363281250000,5.166442871093750000,,
2026-09-11T18:03:45Z,402230F229D94C4B,18.4,queries/tpch/tpch-queries/q07/base.sql,measured,1,1,1,2,0.395942,0.395942,290.044,0.105898,0.001050,0.006133,7168,0,6.076599121093750000,5.428405761718750000,,
2026-09-11T18:03:46Z,402230F229D94C4B,18.4,queries/tpch/tpch-queries/q07/base.sql,measured,1,2,1,2,0.603549,0.301774,561.284,0.042265,0.002670,0.004373,7168,0,10.452087402343750000,9.585815429687500000,,
2026-09-11T18:03:47Z,402230F229D94C4B,18.4,queries/tpch/tpch-queries/q07/base.sql,measured,1,4,1,2,1.200526,0.300131,1104.958,0.095568,0.003720,0.003720,7168,0,19.537414550781250000,17.828552246093750000,,
2026-09-11T18:03:50Z,402230F229D94C4B,18.4,queries/tpch/tpch-queries/q07/base.sql,measured,1,8,1,2,2.281033,0.285129,2182.948,0.098085,0.002783,0.004609,7168,0,38.772766113281250000,35.550842285156250000,,
2026-09-11T18:03:54Z,402230F229D94C4B,18.4,queries/tpch/tpch-queries/q07/base.sql,measured,1,16,1,2,4.388091,0.274256,4277.971,0.110120,0.003514,0.003930,7168,0,77.798889160156250000,71.333190917968750000,,
2026-09-11T18:03:59Z,858713B48B56EB35,18.4,queries/tpch/tpch-queries/q15/base.sql,warmup,1,1,1,2,1.085083,1.085083,902.857,0.182226,0.003409,0.003498,7168,0,21.129150390625000000,18.503601074218750000,,
2026-09-11T18:03:59Z,858713B48B56EB35,18.4,queries/tpch/tpch-queries/q15/base.sql,warmup,2,1,1,2,0.322679,0.322679,282.047,0.040632,0.001533,0.005648,7168,0,9.873352050781250000,9.394897460937500000,,
2026-09-11T18:04:00Z,858713B48B56EB35,18.4,queries/tpch/tpch-queries/q15/base.sql,measured,1,1,1,2,0.382876,0.382876,328.793,0.054083,0.003859,0.003856,7168,0,8.925781250000000000,8.325988769531250000,,
2026-09-11T18:04:00Z,858713B48B56EB35,18.4,queries/tpch/tpch-queries/q15/base.sql,measured,1,2,1,2,0.746180,0.373090,598.512,0.147668,0.002842,0.004809,7168,0,18.432189941406250000,17.178222656250000000,,
2026-09-11T18:04:01Z,858713B48B56EB35,18.4,queries/tpch/tpch-queries/q15/base.sql,measured,1,4,1,2,1.183979,0.295995,1130.733,0.053246,0.001763,0.006110,7168,0,34.292358398437500000,32.491210937500000000,,
2026-09-11T18:04:04Z,858713B48B56EB35,18.4,queries/tpch/tpch-queries/q15/base.sql,measured,1,8,1,2,2.297295,0.287162,2197.661,0.099634,0.003228,0.004145,7168,0,70.009582519531250000,66.485839843750000000,,
2026-09-11T18:04:08Z,858713B48B56EB35,18.4,queries/tpch/tpch-queries/q15/base.sql,measured,1,16,1,2,4.642272,0.290142,4590.445,0.051827,0.002102,0.005086,7168,0,128.431579589843750000,121.212097167968750000,,
2026-09-11T18:04:23Z,BCE196B3CC72708E,18.4,queries/tpch/tpch-queries/q08/v1_materialized.sql,warmup,1,1,1,2,10.624669,10.624669,10431.090,0.193579,0.002913,0.004689,7168,0,47.828613281250000000,25.060424804687500000,,
2026-09-11T18:04:23Z,BCE196B3CC72708E,18.4,queries/tpch/tpch-queries/q08/v1_materialized.sql,warmup,2,1,1,2,0.418179,0.418179,373.960,0.044219,0.004140,0.005320,7168,0,7.054382324218750000,6.479736328125000000,,
2026-09-11T18:04:24Z,BCE196B3CC72708E,18.4,queries/tpch/tpch-queries/q08/v1_materialized.sql,measured,1,1,1,2,0.463390,0.463390,370.362,0.093028,0.001959,0.005803,7168,0,7.158203125000000000,6.477722167968750000,,
2026-09-11T18:04:24Z,BCE196B3CC72708E,18.4,queries/tpch/tpch-queries/q08/v1_materialized.sql,measured,1,2,1,2,0.784982,0.392491,692.389,0.092593,0.002242,0.005369,7168,0,13.120910644531250000,11.990356445312500000,,
2026-09-11T18:04:26Z,BCE196B3CC72708E,18.4,queries/tpch/tpch-queries/q08/v1_materialized.sql,measured,1,4,1,2,1.465380,0.366345,1361.736,0.103644,0.004466,0.003468,7168,0,24.941772460937500000,22.834655761718750000,,
2026-09-11T18:04:29Z,BCE196B3CC72708E,18.4,queries/tpch/tpch-queries/q08/v1_materialized.sql,measured,1,8,1,2,2.722801,0.340350,2669.466,0.053335,0.001731,0.005523,7168,0,49.049133300781250000,45.182067871093750000,,
2026-09-11T18:04:34Z,BCE196B3CC72708E,18.4,queries/tpch/tpch-queries/q08/v1_materialized.sql,measured,1,16,1,2,5.464864,0.341554,5327.502,0.137362,0.002965,0.004925,7168,0,97.804443359375000000,90.102050781250000000,,
2026-09-11T18:04:40Z,7A0BDA17ABF3C3E7,18.4,queries/tpch/tpch-queries/q09/base.sql,warmup,1,1,1,2,1.954823,1.954823,1767.567,0.187256,0.002822,0.004567,7168,0,36.620788574218750000,32.273498535156250000,,
2026-09-11T18:04:41Z,7A0BDA17ABF3C3E7,18.4,queries/tpch/tpch-queries/q09/base.sql,warmup,2,1,1,2,0.991820,0.991820,895.028,0.096792,0.003885,0.007018,7168,0,20.965332031250000000,19.561889648437500000,,
2026-09-11T18:04:42Z,7A0BDA17ABF3C3E7,18.4,queries/tpch/tpch-queries/q09/base.sql,measured,1,1,1,2,0.937774,0.937774,891.060,0.046714,0.001818,0.006416,7168,0,20.966125488281250000,19.653930664062500000,,
2026-09-11T18:04:44Z,7A0BDA17ABF3C3E7,18.4,queries/tpch/tpch-queries/q09/base.sql,measured,1,2,1,2,1.884793,0.942397,1773.388,0.111405,0.003147,0.006134,7168,0,41.768249511718750000,39.118347167968750000,,
2026-09-11T18:04:47Z,7A0BDA17ABF3C3E7,18.4,queries/tpch/tpch-queries/q09/base.sql,measured,1,4,1,2,3.625591,0.906398,3532.427,0.093164,0.002740,0.004494,7168,0,83.259826660156250000,77.874084472656250000,,
2026-09-11T18:04:54Z,7A0BDA17ABF3C3E7,18.4,queries/tpch/tpch-queries/q09/base.sql,measured,1,8,1,2,7.196437,0.899555,7097.198,0.099239,0.003199,0.004085,7168,0,163.445495605468750000,153.186523437500000000,,
2026-09-11T18:05:09Z,7A0BDA17ABF3C3E7,18.4,queries/tpch/tpch-queries/q09/base.sql,measured,1,16,1,2,14.454013,0.903376,14335.387,0.118626,0.003683,0.004652,7168,0,321.633483886718750000,300.845153808593750000,,
2026-09-11T18:05:15Z,4A86655A3815BFCC,18.4,queries/tpch/tpch-queries/q10/v1_materialized.sql,warmup,1,1,1,2,2.030310,2.030310,1839.660,0.190650,0.003791,0.003030,7168,0,25.548950195312500000,21.021606445312500000,,
2026-09-11T18:05:15Z,4A86655A3815BFCC,18.4,queries/tpch/tpch-queries/q10/v1_materialized.sql,warmup,2,1,1,2,0.307003,0.307003,266.483,0.040520,0.003095,0.003961,7168,0,8.453674316406250000,7.952697753906250000,,
2026-09-11T18:05:15Z,4A86655A3815BFCC,18.4,queries/tpch/tpch-queries/q10/v1_materialized.sql,measured,1,1,1,2,0.304425,0.304425,263.701,0.040724,0.003846,0.003421,7168,0,8.513916015625000000,8.056213378906250000,,
2026-09-11T18:05:16Z,4A86655A3815BFCC,18.4,queries/tpch/tpch-queries/q10/v1_materialized.sql,measured,1,2,1,2,0.629445,0.314722,523.607,0.105838,0.002784,0.004924,7168,0,15.963989257812500000,15.005737304687500000,,
2026-09-11T18:05:17Z,4A86655A3815BFCC,18.4,queries/tpch/tpch-queries/q10/v1_materialized.sql,measured,1,4,1,2,1.082417,0.270604,1023.750,0.058667,0.001967,0.005868,7168,0,30.774719238281250000,29.238891601562500000,,
2026-09-11T18:05:19Z,4A86655A3815BFCC,18.4,queries/tpch/tpch-queries/q10/v1_materialized.sql,measured,1,8,1,2,2.111932,0.263991,2013.674,0.098258,0.003108,0.003951,7168,0,60.080078125000000000,57.068481445312500000,,
2026-09-11T18:05:24Z,4A86655A3815BFCC,18.4,queries/tpch/tpch-queries/q10/v1_materialized.sql,measured,1,16,1,2,4.236241,0.264765,4126.840,0.109401,0.003597,0.003635,7168,0,114.888854980468750000,108.594177246093750000,,
2026-09-11T18:05:29Z,123E0C73BC0EC973,18.4,queries/tpch/tpch-queries/q19/v2_union_all.sql,warmup,1,1,1,2,1.742162,1.742162,1560.757,0.181405,0.004269,0.002645,7168,0,47.886779785156250000,43.802551269531250000,,
2026-09-11T18:05:30Z,123E0C73BC0EC973,18.4,queries/tpch/tpch-queries/q19/v2_union_all.sql,warmup,2,1,1,2,1.182884,1.182884,1142.692,0.040192,0.000000,0.007087,7168,0,33.087890625000000000,31.362304687500000000,,
2026-09-11T18:05:31Z,123E0C73BC0EC973,18.4,queries/tpch/tpch-queries/q19/v2_union_all.sql,measured,1,1,1,2,1.277793,1.277793,1175.226,0.102567,0.001015,0.006937,7168,0,33.057922363281250000,31.285949707031250000,,
2026-09-11T18:05:34Z,123E0C73BC0EC973,18.4,queries/tpch/tpch-queries/q19/v2_union_all.sql,measured,1,2,1,2,2.408193,1.204096,2309.832,0.098361,0.000863,0.006962,7168,0,64.067749023437500000,60.787353515625000000,,
2026-09-11T18:05:39Z,123E0C73BC0EC973,18.4,queries/tpch/tpch-queries/q19/v2_union_all.sql,measured,1,4,1,2,4.650989,1.162747,4557.216,0.093773,0.003548,0.003589,7168,0,127.300476074218750000,120.687866210937500000,,
2026-09-11T18:05:48Z,123E0C73BC0EC973,18.4,queries/tpch/tpch-queries/q19/v2_union_all.sql,measured,1,8,1,2,9.600416,1.200052,9494.651,0.105765,0.004851,0.002962,7168,0,240.054626464843750000,226.886962890625000000,,
2026-09-11T18:06:08Z,123E0C73BC0EC973,18.4,queries/tpch/tpch-queries/q19/v2_union_all.sql,measured,1,16,1,2,20.044789,1.252799,19924.987,0.119802,0.003331,0.005518,7168,0,438.609924316406250000,411.358764648437500000,,
2026-09-11T18:06:14Z,E98D0220B9E6E6B7,18.4,queries/tpch/tpch-queries/q19/v2_union_all.sql,warmup,1,1,1,2,1.809545,1.809545,1628.577,0.180968,0.002022,0.004805,7168,0,45.264953613281250000,41.050598144531250000,,
2026-09-11T18:06:15Z,E98D0220B9E6E6B7,18.4,queries/tpch/tpch-queries/q19/v2_union_all.sql,warmup,2,1,1,2,1.191458,1.191458,1151.055,0.040403,0.000000,0.007022,7168,0,32.571533203125000000,30.903930664062500000,,
2026-09-11T18:06:16Z,E98D0220B9E6E6B7,18.4,queries/tpch/tpch-queries/q19/v2_union_all.sql,measured,1,1,1,2,1.312796,1.312796,1166.222,0.146574,0.003256,0.004232,7168,0,33.064270019531250000,31.206665039062500000,,
2026-09-11T18:06:19Z,E98D0220B9E6E6B7,18.4,queries/tpch/tpch-queries/q19/v2_union_all.sql,measured,1,2,1,2,2.437308,1.218654,2381.050,0.056258,0.002012,0.006019,7168,0,61.682373046875000000,58.325988769531250000,,
2026-09-11T18:06:24Z,E98D0220B9E6E6B7,18.4,queries/tpch/tpch-queries/q19/v2_union_all.sql,measured,1,4,1,2,4.818908,1.204727,4725.159,0.093749,0.002484,0.004595,7168,0,121.831604003906250000,115.068908691406250000,,
2026-09-11T18:06:33Z,E98D0220B9E6E6B7,18.4,queries/tpch/tpch-queries/q19/v2_union_all.sql,measured,1,8,1,2,9.904883,1.238110,9806.641,0.098242,0.002511,0.005073,7168,0,227.881591796875000000,214.484436035156250000,,
2026-09-11T18:06:54Z,E98D0220B9E6E6B7,18.4,queries/tpch/tpch-queries/q19/v2_union_all.sql,measured,1,16,1,2,20.159157,1.259947,19993.686,0.165471,0.001000,0.007747,7168,0,440.973266601562500000,413.677856445312500000,,
2026-09-11T18:06:58Z,ABABC75ECAF64B45,18.4,queries/tpch/tpch-queries/q16/base.sql,warmup,1,1,1,2,0.678018,0.678018,443.848,0.234170,0.000000,0.007283,7168,0,8.938781738281250000,7.611389160156250000,,
2026-09-11T18:06:58Z,ABABC75ECAF64B45,18.4,queries/tpch/tpch-queries/q16/base.sql,warmup,2,1,1,2,0.289195,0.289195,222.413,0.066782,0.003785,0.006757,7168,0,6.573181152343750000,6.199768066406250000,,
2026-09-11T18:06:59Z,ABABC75ECAF64B45,18.4,queries/tpch/tpch-queries/q16/base.sql,measured,1,1,1,2,0.320544,0.320544,222.928,0.097616,0.006089,0.002094,7168,0,6.621093750000000000,6.147766113281250000,,
2026-09-11T18:06:59Z,ABABC75ECAF64B45,18.4,queries/tpch/tpch-queries/q16/base.sql,measured,1,2,1,2,0.540412,0.270206,442.237,0.098175,0.004568,0.003725,7168,0,12.830200195312500000,11.995727539062500000,,
2026-09-11T18:07:00Z,ABABC75ECAF64B45,18.4,queries/tpch/tpch-queries/q16/base.sql,measured,1,4,1,2,0.992074,0.248018,897.109,0.094965,0.004771,0.002794,7168,0,24.161987304687500000,22.727966308593750000,,
2026-09-11T18:07:02Z,ABABC75ECAF64B45,18.4,queries/tpch/tpch-queries/q16/base.sql,measured,1,8,1,2,1.880927,0.235116,1779.232,0.101695,0.004340,0.003476,7168,0,48.834533691406250000,46.342834472656250000,,
2026-09-11T18:07:06Z,ABABC75ECAF64B45,18.4,queries/tpch/tpch-queries/q16/base.sql,measured,1,16,1,2,3.750979,0.234436,3637.827,0.113152,0.003061,0.004812,7168,0,92.356872558593750000,87.326110839843750000,,
2026-09-11T18:07:11Z,E6DDEFB6D43733B8,18.4,queries/tpch/tpch-queries/q10/base.sql,warmup,1,1,1,2,1.940174,1.940174,1750.418,0.189756,0.004067,0.002820,7168,0,25.124938964843750000,20.788391113281250000,,
2026-09-11T18:07:12Z,E6DDEFB6D43733B8,18.4,queries/tpch/tpch-queries/q10/base.sql,warmup,2,1,1,2,0.292738,0.292738,251.942,0.040796,0.003680,0.003782,7168,0,8.267883300781250000,7.847106933593750000,,
2026-09-11T18:07:12Z,E6DDEFB6D43733B8,18.4,queries/tpch/tpch-queries/q10/base.sql,measured,1,1,1,2,0.363566,0.363566,261.573,0.101993,0.002957,0.004834,7296,0,8.251403808593750000,7.654968261718750000,,
2026-09-11T18:07:13Z,E6DDEFB6D43733B8,18.4,queries/tpch/tpch-queries/q10/base.sql,measured,1,2,1,2,0.528007,0.264003,486.362,0.041645,0.003965,0.003180,7168,0,15.476989746093750000,14.727722167968750000,,
2026-09-11T18:07:14Z,E6DDEFB6D43733B8,18.4,queries/tpch/tpch-queries/q10/base.sql,measured,1,4,1,2,1.091092,0.272773,988.665,0.102427,0.003908,0.003822,7168,0,30.182312011718750000,28.610046386718750000,,
2026-09-11T18:07:16Z,E6DDEFB6D43733B8,18.4,queries/tpch/tpch-queries/q10/base.sql,measured,1,8,1,2,2.061806,0.257726,1958.358,0.103448,0.003831,0.003978,7168,0,56.615661621093750000,53.672363281250000000,,
2026-09-11T18:07:20Z,E6DDEFB6D43733B8,18.4,queries/tpch/tpch-queries/q10/base.sql,measured,1,16,1,2,4.000970,0.250061,3897.679,0.103291,0.001919,0.005645,7168,0,111.898071289062500000,105.995544433593750000,,
2026-09-11T18:07:36Z,09A15D4D42864C9C,18.4,queries/tpch/tpch-queries/q08/v1_materialized.sql,warmup,1,1,1,2,12.705833,12.705833,12514.285,0.191548,0.002138,0.005013,7168,0,52.103332519531250000,24.941833496093750000,,
2026-09-11T18:07:37Z,09A15D4D42864C9C,18.4,queries/tpch/tpch-queries/q08/v1_materialized.sql,warmup,2,1,1,2,0.414475,0.414475,372.868,0.041607,0.002686,0.004391,7168,0,7.108459472656250000,6.526245117187500000,,
2026-09-11T18:07:37Z,09A15D4D42864C9C,18.4,queries/tpch/tpch-queries/q08/v1_materialized.sql,measured,1,1,1,2,0.456784,0.456784,366.116,0.090668,0.000962,0.006695,7168,0,7.349853515625000000,6.590576171875000000,,
2026-09-11T18:07:38Z,09A15D4D42864C9C,18.4,queries/tpch/tpch-queries/q08/v1_materialized.sql,measured,1,2,1,2,0.755300,0.377650,711.287,0.044013,0.002689,0.004739,7168,0,12.846313476562500000,11.809143066406250000,,
2026-09-11T18:07:39Z,09A15D4D42864C9C,18.4,queries/tpch/tpch-queries/q08/v1_materialized.sql,measured,1,4,1,2,1.470865,0.367716,1372.528,0.098337,0.003431,0.004299,7168,0,24.628540039062500000,22.560485839843750000,,
2026-09-11T18:07:42Z,09A15D4D42864C9C,18.4,queries/tpch/tpch-queries/q08/v1_materialized.sql,measured,1,8,1,2,2.796534,0.349567,2692.395,0.104139,0.002821,0.004890,7168,0,49.073364257812500000,45.046813964843750000,,
2026-09-11T18:07:47Z,09A15D4D42864C9C,18.4,queries/tpch/tpch-queries/q08/v1_materialized.sql,measured,1,16,1,2,5.389211,0.336826,5275.401,0.113810,0.002047,0.005648,7168,0,98.162536621093750000,90.492858886718750000,,
2026-09-11T18:08:04Z,8DF7444EB8E5C2E3,18.4,queries/tpch/tpch-queries/q08/v1_materialized.sql,warmup,1,1,1,2,12.682000,12.682000,12490.499,0.191501,0.004370,0.002730,7168,0,61.798461914062500000,34.860412597656250000,,
2026-09-11T18:08:04Z,8DF7444EB8E5C2E3,18.4,queries/tpch/tpch-queries/q08/v1_materialized.sql,warmup,2,1,1,2,0.400668,0.400668,359.654,0.041014,0.003447,0.003545,7168,0,7.073730468750000000,6.501647949218750000,,
2026-09-11T18:08:05Z,8DF7444EB8E5C2E3,18.4,queries/tpch/tpch-queries/q08/v1_materialized.sql,measured,1,1,1,2,0.453257,0.453257,363.786,0.089471,0.002911,0.004161,7168,0,7.249084472656250000,6.569274902343750000,,
2026-09-11T18:08:06Z,8DF7444EB8E5C2E3,18.4,queries/tpch/tpch-queries/q08/v1_materialized.sql,measured,1,2,1,2,0.794272,0.397136,701.743,0.092529,0.002411,0.005328,7168,0,12.808898925781250000,11.623229980468750000,,
2026-09-11T18:08:07Z,8DF7444EB8E5C2E3,18.4,queries/tpch/tpch-queries/q08/v1_materialized.sql,measured,1,4,1,2,1.436869,0.359217,1339.436,0.097433,0.001788,0.005862,7168,0,24.760803222656250000,22.767639160156250000,,
2026-09-11T18:08:10Z,8DF7444EB8E5C2E3,18.4,queries/tpch/tpch-queries/q08/v1_materialized.sql,measured,1,8,1,2,2.751194,0.343899,2648.132,0.103062,0.000940,0.006579,7168,0,48.915893554687500000,44.983581542968750000,,
2026-09-11T18:08:15Z,8DF7444EB8E5C2E3,18.4,queries/tpch/tpch-queries/q08/v1_materialized.sql,measured,1,16,1,2,5.353650,0.334603,5237.523,0.116127,0.003798,0.003810,7168,0,97.360717773437500000,89.669250488281250000,,
2026-09-11T18:08:20Z,F47BC4D9FBD8E7F3,18.4,queries/tpch/tpch-queries/q21/v1_materialized.sql,warmup,1,1,1,2,1.440544,1.440544,1255.866,0.184678,0.004972,0.002100,7168,0,30.394226074218750000,26.925231933593750000,,
2026-09-11T18:08:21Z,F47BC4D9FBD8E7F3,18.4,queries/tpch/tpch-queries/q21/v1_materialized.sql,warmup,2,1,1,2,0.499915,0.499915,459.490,0.040425,0.003194,0.003979,7168,0,15.766113281250000000,15.049499511718750000,,
2026-09-11T18:08:21Z,F47BC4D9FBD8E7F3,18.4,queries/tpch/tpch-queries/q21/v1_materialized.sql,measured,1,1,1,2,0.624678,0.624678,485.999,0.138679,0.002974,0.004238,7168,0,15.432006835937500000,14.466125488281250000,,
2026-09-11T18:08:22Z,F47BC4D9FBD8E7F3,18.4,queries/tpch/tpch-queries/q21/v1_materialized.sql,measured,1,2,1,2,0.958242,0.479121,913.944,0.044298,0.004765,0.002327,7168,0,29.565368652343750000,28.192565917968750000,,
2026-09-11T18:08:24Z,F47BC4D9FBD8E7F3,18.4,queries/tpch/tpch-queries/q21/v1_materialized.sql,measured,1,4,1,2,1.858672,0.464668,1765.320,0.093352,0.004027,0.003127,7168,0,59.613464355468750000,56.875671386718750000,,
2026-09-11T18:08:28Z,F47BC4D9FBD8E7F3,18.4,queries/tpch/tpch-queries/q21/v1_materialized.sql,measured,1,8,1,2,3.776457,0.472057,3606.819,0.169638,0.003680,0.003599,7168,0,115.785949707031250000,110.101318359375000000,,
2026-09-11T18:08:35Z,F47BC4D9FBD8E7F3,18.4,queries/tpch/tpch-queries/q21/v1_materialized.sql,measured,1,16,1,2,7.438663,0.464916,7375.837,0.062826,0.003512,0.003496,7168,0,217.728088378906250000,206.778015136718750000,,
2026-09-11T18:08:40Z,7BC7015DB17E84B2,18.4,queries/tpch/tpch-queries/q02/v2_decorrelate.sql,warmup,1,1,1,2,0.608195,0.608195,370.984,0.237211,0.002093,0.004968,7168,0,6.259399414062500000,5.077819824218750000,,
2026-09-11T18:08:40Z,7BC7015DB17E84B2,18.4,queries/tpch/tpch-queries/q02/v2_decorrelate.sql,warmup,2,1,1,2,0.261614,0.261614,206.684,0.054930,0.005069,0.004043,7168,0,3.848388671875000000,3.497985839843750000,,
2026-09-11T18:08:41Z,7BC7015DB17E84B2,18.4,queries/tpch/tpch-queries/q02/v2_decorrelate.sql,measured,1,1,1,2,0.310868,0.310868,213.591,0.097277,0.002370,0.005661,7168,0,4.162780761718750000,3.703979492187500000,,
2026-09-11T18:08:41Z,7BC7015DB17E84B2,18.4,queries/tpch/tpch-queries/q02/v2_decorrelate.sql,measured,1,2,1,2,0.509249,0.254624,406.088,0.103161,0.003658,0.004547,7168,0,7.496826171875000000,6.712585449218750000,,
2026-09-11T18:08:42Z,7BC7015DB17E84B2,18.4,queries/tpch/tpch-queries/q02/v2_decorrelate.sql,measured,1,4,1,2,0.918623,0.229656,812.000,0.106623,0.004008,0.004160,7168,0,14.572204589843750000,13.203186035156250000,,
2026-09-11T18:08:44Z,7BC7015DB17E84B2,18.4,queries/tpch/tpch-queries/q02/v2_decorrelate.sql,measured,1,8,1,2,1.703029,0.212879,1648.546,0.054483,0.002164,0.005182,7168,0,28.171752929687500000,25.973144531250000000,,
2026-09-11T18:08:47Z,7BC7015DB17E84B2,18.4,queries/tpch/tpch-queries/q02/v2_decorrelate.sql,measured,1,16,1,2,3.450374,0.215648,3273.405,0.176969,0.003986,0.004086,7168,0,55.334716796875000000,50.601745605468750000,,
2026-09-11T18:08:51Z,293518D245363332,18.4,queries/tpch/tpch-queries/q11/v2_cte_threshold.sql,warmup,1,1,1,2,0.387618,0.387618,209.519,0.178099,0.001792,0.005219,7168,0,4.810363769531250000,3.984313964843750000,,
2026-09-11T18:08:51Z,293518D245363332,18.4,queries/tpch/tpch-queries/q11/v2_cte_threshold.sql,warmup,2,1,1,2,0.123156,0.123156,83.541,0.039615,0.002065,0.004900,7168,0,3.112304687500000000,2.937255859375000000,,
2026-09-11T18:08:51Z,293518D245363332,18.4,queries/tpch/tpch-queries/q11/v2_cte_threshold.sql,measured,1,1,1,2,0.138031,0.138031,83.837,0.054194,0.004199,0.004221,7168,0,3.018737792968750000,2.797729492187500000,,
2026-09-11T18:08:52Z,293518D245363332,18.4,queries/tpch/tpch-queries/q11/v2_cte_threshold.sql,measured,1,2,1,2,0.266445,0.133222,158.681,0.107764,0.002727,0.006308,7168,0,5.769836425781250000,5.313110351562500000,,
2026-09-11T18:08:52Z,293518D245363332,18.4,queries/tpch/tpch-queries/q11/v2_cte_threshold.sql,measured,1,4,1,2,0.374526,0.093631,331.149,0.043377,0.001818,0.005388,7168,0,10.867309570312500000,10.290283203125000000,,
2026-09-11T18:08:53Z,293518D245363332,18.4,queries/tpch/tpch-queries/q11/v2_cte_threshold.sql,measured,1,8,1,2,0.837226,0.104653,700.468,0.136758,0.002791,0.006519,7168,0,20.364074707031250000,19.037841796875000000,,
2026-09-11T18:08:54Z,293518D245363332,18.4,queries/tpch/tpch-queries/q11/v2_cte_threshold.sql,measured,1,16,1,2,1.287055,0.080441,1234.310,0.052745,0.003291,0.004156,7168,0,41.232116699218750000,39.226379394531250000,,
2026-09-11T18:08:59Z,620C8055B4571021,18.4,queries/tpch/tpch-queries/q14/base.sql,warmup,1,1,1,2,1.092614,1.092614,909.486,0.183128,0.002730,0.004379,7168,0,21.103820800781250000,18.433837890625000000,,
2026-09-11T18:08:59Z,620C8055B4571021,18.4,queries/tpch/tpch-queries/q14/base.sql,warmup,2,1,1,2,0.289356,0.289356,249.673,0.039683,0.001059,0.006101,7168,0,9.583923339843750000,9.152832031250000000,,
2026-09-11T18:08:59Z,620C8055B4571021,18.4,queries/tpch/tpch-queries/q14/base.sql,measured,1,1,1,2,0.373189,0.373189,320.080,0.053109,0.004519,0.003578,7168,0,7.775939941406250000,7.146545410156250000,,
2026-09-11T18:09:00Z,620C8055B4571021,18.4,queries/tpch/tpch-queries/q14/base.sql,measured,1,2,1,2,0.525536,0.262768,484.994,0.040542,0.002668,0.004336,7168,0,18.111022949218750000,17.250122070312500000,,
2026-09-11T18:09:01Z,620C8055B4571021,18.4,queries/tpch/tpch-queries/q14/base.sql,measured,1,4,1,2,1.004744,0.251186,963.192,0.041552,0.003681,0.003234,7168,0,34.228759765625000000,32.585327148437500000,,
2026-09-11T18:09:03Z,620C8055B4571021,18.4,queries/tpch/tpch-queries/q14/base.sql,measured,1,8,1,2,2.087115,0.260889,1987.379,0.099736,0.002671,0.004618,7168,0,63.928955078125000000,60.690368652343750000,,
2026-09-11T18:09:07Z,620C8055B4571021,18.4,queries/tpch/tpch-queries/q14/base.sql,measured,1,16,1,2,4.066774,0.254173,4017.854,0.048920,0.000896,0.006218,7168,0,121.370910644531250000,115.024780273437500000,,
2026-09-11T18:09:12Z,524D5DD3B216362D,18.4,queries/tpch/tpch-queries/q03/v1_materialized.sql,warmup,1,1,1,2,1.535511,1.535511,1348.018,0.187493,0.001019,0.005840,7168,0,25.903198242187500000,22.342712402343750000,,
2026-09-11T18:09:13Z,524D5DD3B216362D,18.4,queries/tpch/tpch-queries/q03/v1_materialized.sql,warmup,2,1,1,2,0.302124,0.302124,262.327,0.039797,0.001791,0.005267,7168,0,9.252258300781250000,8.744384765625000000,,
2026-09-11T18:09:13Z,524D5DD3B216362D,18.4,queries/tpch/tpch-queries/q03/v1_materialized.sql,measured,1,1,1,2,0.299154,0.299154,259.297,0.039857,0.003483,0.003596,7168,0,9.098876953125000000,8.666137695312500000,,
2026-09-11T18:09:14Z,524D5DD3B216362D,18.4,queries/tpch/tpch-queries/q03/v1_materialized.sql,measured,1,2,1,2,0.713144,0.356572,573.896,0.139248,0.001839,0.005487,7168,0,15.002929687500000000,13.907775878906250000,,
2026-09-11T18:09:15Z,524D5DD3B216362D,18.4,queries/tpch/tpch-queries/q03/v1_materialized.sql,measured,1,4,1,2,1.062669,0.265667,1016.658,0.046011,0.001769,0.005317,7168,0,30.607116699218750000,29.111633300781250000,,
2026-09-11T18:09:17Z,524D5DD3B216362D,18.4,queries/tpch/tpch-queries/q03/v1_materialized.sql,measured,1,8,1,2,2.054972,0.256872,1960.880,0.094092,0.003231,0.004078,7168,0,60.920349121093750000,57.930297851562500000,,
2026-09-11T18:09:21Z,524D5DD3B216362D,18.4,queries/tpch/tpch-queries/q03/v1_materialized.sql,measured,1,16,1,2,4.084122,0.255258,3979.512,0.104610,0.002678,0.004520,7168,0,115.260864257812500000,109.275695800781250000,,
2026-09-11T18:09:25Z,D205E17E32F993F2,18.4,queries/tpch/tpch-queries/q11/v2_cte_threshold.sql,warmup,1,1,1,2,0.406080,0.406080,228.157,0.177923,0.002065,0.004853,7168,0,4.402099609375000000,3.531494140625000000,,
2026-09-11T18:09:25Z,D205E17E32F993F2,18.4,queries/tpch/tpch-queries/q11/v2_cte_threshold.sql,warmup,2,1,1,2,0.124162,0.124162,83.910,0.040252,0.000954,0.006612,7168,0,3.127624511718750000,2.929077148437500000,,
2026-09-11T18:09:25Z,D205E17E32F993F2,18.4,queries/tpch/tpch-queries/q11/v2_cte_threshold.sql,measured,1,1,1,2,0.178514,0.178514,81.592,0.096922,0.000901,0.007228,7168,0,3.158325195312500000,2.861999511718750000,,
2026-09-11T18:09:26Z,D205E17E32F993F2,18.4,queries/tpch/tpch-queries/q11/v2_cte_threshold.sql,measured,1,2,1,2,0.198449,0.099224,154.558,0.043891,0.003667,0.003600,7168,0,5.680847167968750000,5.379943847656250000,,
2026-09-11T18:09:26Z,D205E17E32F993F2,18.4,queries/tpch/tpch-queries/q11/v2_cte_threshold.sql,measured,1,4,1,2,0.483738,0.120935,370.274,0.113464,0.003827,0.004879,7168,0,9.702270507812500000,8.956726074218750000,,
2026-09-11T18:09:27Z,D205E17E32F993F2,18.4,queries/tpch/tpch-queries/q11/v2_cte_threshold.sql,measured,1,8,1,2,0.807214,0.100902,696.099,0.111115,0.006129,0.001972,7168,0,19.962585449218750000,18.652893066406250000,,
2026-09-11T18:09:28Z,D205E17E32F993F2,18.4,queries/tpch/tpch-queries/q11/v2_cte_threshold.sql,measured,1,16,1,2,1.392726,0.087045,1279.671,0.113055,0.004972,0.003053,7168,0,38.767272949218750000,36.591796875000000000,,
2026-09-11T18:09:33Z,D6758F6BBAC8EAFF,18.4,queries/tpch/tpch-queries/q14/v1_materialized.sql,warmup,1,1,1,2,1.097672,1.097672,914.558,0.183114,0.003033,0.003775,7168,0,21.171630859375000000,18.503173828125000000,,
2026-09-11T18:09:33Z,D6758F6BBAC8EAFF,18.4,queries/tpch/tpch-queries/q14/v1_materialized.sql,warmup,2,1,1,2,0.298796,0.298796,258.885,0.039911,0.000906,0.006244,7168,0,9.075378417968750000,8.614624023437500000,,
2026-09-11T18:09:34Z,D6758F6BBAC8EAFF,18.4,queries/tpch/tpch-queries/q14/v1_materialized.sql,measured,1,1,1,2,0.400013,0.400013,303.505,0.096508,0.002744,0.004739,7168,0,8.108886718750000000,7.486022949218750000,,
2026-09-11T18:09:34Z,D6758F6BBAC8EAFF,18.4,queries/tpch/tpch-queries/q14/v1_materialized.sql,measured,1,2,1,2,0.630623,0.315311,532.226,0.098397,0.003745,0.003857,7168,0,16.783203125000000000,15.737365722656250000,,
2026-09-11T18:09:35Z,D6758F6BBAC8EAFF,18.4,queries/tpch/tpch-queries/q14/v1_materialized.sql,measured,1,4,1,2,1.028326,0.257082,986.774,0.041552,0.002657,0.004630,7168,0,32.877746582031250000,31.257324218750000000,,
2026-09-11T18:09:37Z,D6758F6BBAC8EAFF,18.4,queries/tpch/tpch-queries/q14/v1_materialized.sql,measured,1,8,1,2,2.132744,0.266593,2036.368,0.096376,0.003560,0.003572,7168,0,61.239074707031250000,57.960693359375000000,,
2026-09-11T18:09:42Z,D6758F6BBAC8EAFF,18.4,queries/tpch/tpch-queries/q14/v1_materialized.sql,measured,1,16,1,2,4.213280,0.263330,4108.277,0.105003,0.004159,0.003281,7168,0,116.833068847656250000,110.278930664062500000,,
2026-09-11T18:09:46Z,E35E123E78616071,18.4,queries/tpch/tpch-queries/q14/v1_materialized.sql,warmup,1,1,1,2,1.097315,1.097315,915.397,0.181918,0.003205,0.003946,7168,0,21.440917968750000000,18.761901855468750000,,
2026-09-11T18:09:47Z,E35E123E78616071,18.4,queries/tpch/tpch-queries/q14/v1_materialized.sql,warmup,2,1,1,2,0.298910,0.298910,256.587,0.042323,0.004642,0.003629,7040,0,9.116760253906250000,8.654846191406250000,,
2026-09-11T18:09:47Z,E35E123E78616071,18.4,queries/tpch/tpch-queries/q14/v1_materialized.sql,measured,1,1,1,2,0.405973,0.405973,305.447,0.100526,0.006548,0.001140,7168,0,7.958618164062500000,7.304260253906250000,,
2026-09-11T18:09:48Z,E35E123E78616071,18.4,queries/tpch/tpch-queries/q14/v1_materialized.sql,measured,1,2,1,2,0.706305,0.353153,555.484,0.150821,0.002620,0.005275,7168,0,16.542480468750000000,15.367797851562500000,,
2026-09-11T18:09:49Z,E35E123E78616071,18.4,queries/tpch/tpch-queries/q14/v1_materialized.sql,measured,1,4,1,2,1.068952,0.267238,1018.330,0.050622,0.004868,0.002848,7168,0,31.973754882812500000,30.363952636718750000,,
2026-09-11T18:09:51Z,E35E123E78616071,18.4,queries/tpch/tpch-queries/q14/v1_materialized.sql,measured,1,8,1,2,2.110784,0.263848,2016.516,0.094268,0.002098,0.005057,7168,0,61.611328125000000000,58.339172363281250000,,
2026-09-11T18:09:55Z,E35E123E78616071,18.4,queries/tpch/tpch-queries/q14/v1_materialized.sql,measured,1,16,1,2,4.239785,0.264987,4131.866,0.107919,0.004852,0.002825,7168,0,115.683959960937500000,109.019836425781250000,,
2026-09-11T18:10:01Z,D710F08BD0F66A97,18.4,queries/tpch/tpch-queries/q13/v1_materialized.sql,warmup,1,1,1,2,1.865566,1.865566,1631.895,0.233671,0.005426,0.001644,7168,0,12.871887207031250000,8.969787597656250000,,
2026-09-11T18:10:02Z,D710F08BD0F66A97,18.4,queries/tpch/tpch-queries/q13/v1_materialized.sql,warmup,2,1,1,2,1.508365,1.508365,1438.795,0.069570,0.003825,0.005683,7168,0,10.140930175781250000,8.165283203125000000,,
2026-09-11T18:10:04Z,D710F08BD0F66A97,18.4,queries/tpch/tpch-queries/q13/v1_materialized.sql,measured,1,1,1,2,1.520409,1.520409,1428.635,0.091774,0.000872,0.007533,7168,0,10.121887207031250000,8.213928222656250000,,
2026-09-11T18:10:07Z,D710F08BD0F66A97,18.4,queries/tpch/tpch-queries/q13/v1_materialized.sql,measured,1,2,1,2,2.893927,1.446964,2754.648,0.139279,0.003880,0.003975,7168,0,20.759460449218750000,16.906616210937500000,,
2026-09-11T18:10:12Z,D710F08BD0F66A97,18.4,queries/tpch/tpch-queries/q13/v1_materialized.sql,measured,1,4,1,2,5.487208,1.371802,5394.038,0.093170,0.002888,0.004848,7168,0,40.459838867187500000,33.638549804687500000,,
2026-09-11T18:10:23Z,D710F08BD0F66A97,18.4,queries/tpch/tpch-queries/q13/v1_materialized.sql,measured,1,8,1,2,10.938153,1.367269,10876.224,0.061929,0.002786,0.005692,7168,0,79.747131347656250000,66.294982910156250000,,
2026-09-11T18:10:45Z,D710F08BD0F66A97,18.4,queries/tpch/tpch-queries/q13/v1_materialized.sql,measured,1,16,1,2,21.250601,1.328163,21134.648,0.115953,0.002208,0.006457,7168,0,161.268066406250000000,135.337524414062500000,,
2026-09-11T18:10:53Z,4F5B7B4413685FCC,18.4,queries/tpch/tpch-queries/q18/v1_materialized.sql,warmup,1,1,1,2,5.068169,5.068169,4881.418,0.186751,0.001010,0.005819,7168,0,155.265808105468750000,144.741943359375000000,,
2026-09-11T18:10:57Z,4F5B7B4413685FCC,18.4,queries/tpch/tpch-queries/q18/v1_materialized.sql,warmup,2,1,1,2,4.325416,4.325416,4284.822,0.040594,0.003472,0.003578,7168,0,137.814392089843750000,131.510009765625000000,,
2026-09-11T18:11:02Z,4F5B7B4413685FCC,18.4,queries/tpch/tpch-queries/q18/v1_materialized.sql,measured,1,1,1,2,4.568469,4.568469,4465.079,0.103390,0.000000,0.007630,7168,0,131.135070800781250000,124.338684082031250000,,
2026-09-11T18:11:11Z,4F5B7B4413685FCC,18.4,queries/tpch/tpch-queries/q18/v1_materialized.sql,measured,1,2,1,2,9.166795,4.583397,9076.346,0.090449,0.003126,0.004018,7168,0,246.176025390625000000,232.921936035156250000,,
2026-09-11T18:11:30Z,4F5B7B4413685FCC,18.4,queries/tpch/tpch-queries/q18/v1_materialized.sql,measured,1,4,1,2,18.969981,4.742495,18856.566,0.113415,0.003072,0.004963,7168,0,460.949218750000000000,433.096984863281250000,,
2026-09-11T18:12:09Z,4F5B7B4413685FCC,18.4,queries/tpch/tpch-queries/q18/v1_materialized.sql,measured,1,8,1,2,39.262313,4.907789,39106.668,0.155645,0.004267,0.003155,7168,0,860.007568359375000000,803.308044433593750000,,
2026-09-11T18:13:28Z,4F5B7B4413685FCC,18.4,queries/tpch/tpch-queries/q18/v1_materialized.sql,measured,1,16,1,2,78.136034,4.883502,78058.251,0.077783,0.001935,0.006046,7168,0,1715.616516113281250000,1603.938964843750000000,,
2026-09-11T18:13:40Z,CE97D2B1D2A829C9,18.4,queries/tpch/tpch-queries/q07/base.sql,warmup,1,1,1,2,8.041262,8.041262,7850.169,0.191093,0.002030,0.004801,7168,0,40.570922851562500000,23.309997558593750000,,
2026-09-11T18:13:40Z,CE97D2B1D2A829C9,18.4,queries/tpch/tpch-queries/q07/base.sql,warmup,2,1,1,2,0.335238,0.335238,294.434,0.040804,0.000000,0.006979,7168,0,5.828613281250000000,5.355407714843750000,,
2026-09-11T18:13:40Z,CE97D2B1D2A829C9,18.4,queries/tpch/tpch-queries/q07/base.sql,measured,1,1,1,2,0.384949,0.384949,295.759,0.089190,0.000927,0.006412,7168,0,6.019897460937500000,5.429077148437500000,,
2026-09-11T18:13:41Z,CE97D2B1D2A829C9,18.4,queries/tpch/tpch-queries/q07/base.sql,measured,1,2,1,2,0.677499,0.338750,582.057,0.095442,0.003010,0.004940,7168,0,10.303833007812500000,9.320495605468750000,,
2026-09-11T18:13:42Z,CE97D2B1D2A829C9,18.4,queries/tpch/tpch-queries/q07/base.sql,measured,1,4,1,2,1.223941,0.305985,1129.508,0.094433,0.005993,0.001918,7168,0,20.242004394531250000,18.496398925781250000,,
2026-09-11T18:13:44Z,CE97D2B1D2A829C9,18.4,queries/tpch/tpch-queries/q07/base.sql,measured,1,8,1,2,2.292791,0.286599,2193.884,0.098907,0.002865,0.004901,7168,0,39.290039062500000000,35.965270996093750000,,
2026-09-11T18:13:49Z,CE97D2B1D2A829C9,18.4,queries/tpch/tpch-queries/q07/base.sql,measured,1,16,1,2,4.481342,0.280084,4372.440,0.108902,0.002821,0.004659,7168,0,77.141113281250000000,70.761413574218750000,,
2026-09-11T18:13:54Z,4CA63DB68805F5C4,18.4,queries/tpch/tpch-queries/q15/v1_materialized.sql,warmup,1,1,1,2,1.098211,1.098211,919.247,0.178964,0.002416,0.004361,7168,0,21.521484375000000000,18.874145507812500000,,
2026-09-11T18:13:54Z,4CA63DB68805F5C4,18.4,queries/tpch/tpch-queries/q15/v1_materialized.sql,warmup,2,1,1,2,0.323492,0.323492,283.736,0.039756,0.004058,0.002858,7168,0,9.884887695312500000,9.382141113281250000,,
2026-09-11T18:13:55Z,4CA63DB68805F5C4,18.4,queries/tpch/tpch-queries/q15/v1_materialized.sql,measured,1,1,1,2,0.384808,0.384808,334.981,0.049827,0.001837,0.005472,7168,0,8.888610839843750000,8.313903808593750000,,
2026-09-11T18:13:55Z,4CA63DB68805F5C4,18.4,queries/tpch/tpch-queries/q15/v1_materialized.sql,measured,1,2,1,2,0.669483,0.334741,577.911,0.091572,0.003995,0.003139,7168,0,17.983642578125000000,16.873901367187500000,,
2026-09-11T18:13:57Z,4CA63DB68805F5C4,18.4,queries/tpch/tpch-queries/q15/v1_materialized.sql,measured,1,4,1,2,1.162149,0.290537,1119.445,0.042704,0.002794,0.004520,7168,0,35.922546386718750000,34.174011230468750000,,
2026-09-11T18:13:59Z,4CA63DB68805F5C4,18.4,queries/tpch/tpch-queries/q15/v1_materialized.sql,measured,1,8,1,2,2.346886,0.293361,2253.867,0.093019,0.002103,0.005115,7168,0,67.343261718750000000,63.697570800781250000,,
2026-09-11T18:14:04Z,4CA63DB68805F5C4,18.4,queries/tpch/tpch-queries/q15/v1_materialized.sql,measured,1,16,1,2,4.677162,0.292323,4571.430,0.105732,0.004200,0.002984,7168,0,132.269287109375000000,124.827697753906250000,,
2026-09-11T18:14:16Z,243FC36894F43597,18.4,queries/tpch/tpch-queries/q07/v1_materialized.sql,warmup,1,1,1,2,8.752491,8.752491,8561.795,0.190696,0.001834,0.005332,7168,0,40.994873046875000000,22.281799316406250000,,
2026-09-11T18:14:16Z,243FC36894F43597,18.4,queries/tpch/tpch-queries/q07/v1_materialized.sql,warmup,2,1,1,2,0.332666,0.332666,291.354,0.041312,0.000000,0.007303,7168,0,5.842651367187500000,5.360900878906250000,,
2026-09-11T18:14:17Z,243FC36894F43597,18.4,queries/tpch/tpch-queries/q07/v1_materialized.sql,measured,1,1,1,2,0.379886,0.379886,290.602,0.089284,0.001056,0.006091,7168,0,5.972717285156250000,5.388610839843750000,,
2026-09-11T18:14:17Z,243FC36894F43597,18.4,queries/tpch/tpch-queries/q07/v1_materialized.sql,measured,1,2,1,2,0.655823,0.327912,562.318,0.093505,0.002835,0.004949,7168,0,10.328369140625000000,9.310913085937500000,,
2026-09-11T18:14:19Z,243FC36894F43597,18.4,queries/tpch/tpch-queries/q07/v1_materialized.sql,measured,1,4,1,2,1.204887,0.301222,1108.302,0.096585,0.004383,0.003523,7168,0,19.290832519531250000,17.568298339843750000,,
2026-09-11T18:14:21Z,243FC36894F43597,18.4,queries/tpch/tpch-queries/q07/v1_materialized.sql,measured,1,8,1,2,2.279160,0.284895,2180.260,0.098900,0.003885,0.003822,7168,0,37.944885253906250000,34.617004394531250000,,
2026-09-11T18:14:25Z,243FC36894F43597,18.4,queries/tpch/tpch-queries/q07/v1_materialized.sql,measured,1,16,1,2,4.476353,0.279772,4316.849,0.159504,0.003749,0.003706,7168,0,76.857788085937500000,70.295593261718750000,,
2026-09-11T18:14:31Z,7EAA590A5C530990,18.4,queries/tpch/tpch-queries/q01/v1_materialized.sql,warmup,1,1,1,2,2.038783,2.038783,1854.250,0.184533,0.002521,0.004524,7168,0,64.398376464843750000,59.845092773437500000,,
2026-09-11T18:14:32Z,7EAA590A5C530990,18.4,queries/tpch/tpch-queries/q01/v1_materialized.sql,warmup,2,1,1,2,1.447035,1.447035,1407.164,0.039871,0.000000,0.007352,7168,0,48.667114257812500000,46.752441406250000000,,
2026-09-11T18:14:34Z,7EAA590A5C530990,18.4,queries/tpch/tpch-queries/q01/v1_materialized.sql,measured,1,1,1,2,1.547875,1.547875,1450.513,0.097362,0.003815,0.003709,7168,0,47.318115234375000000,45.365173339843750000,,
2026-09-11T18:14:37Z,7EAA590A5C530990,18.4,queries/tpch/tpch-queries/q01/v1_materialized.sql,measured,1,2,1,2,3.172155,1.586078,3022.410,0.149745,0.005778,0.001930,7168,0,87.920837402343750000,83.630249023437500000,,
2026-09-11T18:14:43Z,7EAA590A5C530990,18.4,queries/tpch/tpch-queries/q01/v1_materialized.sql,measured,1,4,1,2,6.193305,1.548326,6132.960,0.060345,0.003049,0.004995,7168,0,170.432189941406250000,162.494384765625000000,,
2026-09-11T18:14:56Z,7EAA590A5C530990,18.4,queries/tpch/tpch-queries/q01/v1_materialized.sql,measured,1,8,1,2,12.702338,1.587792,12601.983,0.100355,0.001100,0.006441,7168,0,322.999633789062500000,307.094848632812500000,,
2026-09-11T18:15:23Z,7EAA590A5C530990,18.4,queries/tpch/tpch-queries/q01/v1_materialized.sql,measured,1,16,1,2,26.746492,1.671656,26632.006,0.114486,0.004142,0.004051,7168,0,595.637634277343750000,561.671325683593750000,,
2026-09-11T18:15:27Z,224D88A93855BFB5,18.4,queries/tpch/tpch-queries/q22/base.sql,warmup,1,1,1,2,0.307953,0.307953,123.243,0.184710,0.001628,0.005419,7168,0,2.980041503906250000,2.370361328125000000,,
2026-09-11T18:15:27Z,224D88A93855BFB5,18.4,queries/tpch/tpch-queries/q22/base.sql,warmup,2,1,1,2,0.112268,0.112268,51.611,0.060657,0.000360,0.009612,7168,0,1.882934570312500000,1.732482910156250000,,
2026-09-11T18:15:27Z,224D88A93855BFB5,18.4,queries/tpch/tpch-queries/q22/base.sql,measured,1,1,1,2,0.097808,0.097808,52.554,0.045254,0.004193,0.002927,7168,0,2.118835449218750000,1.964294433593750000,,
2026-09-11T18:15:27Z,224D88A93855BFB5,18.4,queries/tpch/tpch-queries/q22/base.sql,measured,1,2,1,2,0.142860,0.071430,102.279,0.040581,0.004999,0.002052,7168,0,3.603332519531250000,3.398498535156250000,,
2026-09-11T18:15:28Z,224D88A93855BFB5,18.4,queries/tpch/tpch-queries/q22/base.sql,measured,1,4,1,2,0.318185,0.079546,219.713,0.098472,0.001945,0.006735,7168,0,6.753173828125000000,6.284179687500000000,,
2026-09-11T18:15:28Z,224D88A93855BFB5,18.4,queries/tpch/tpch-queries/q22/base.sql,measured,1,8,1,2,0.530736,0.066342,426.812,0.103924,0.004534,0.003667,7168,0,12.577636718750000000,11.821411132812500000,,
2026-09-11T18:15:29Z,224D88A93855BFB5,18.4,queries/tpch/tpch-queries/q22/base.sql,measured,1,16,1,2,0.970438,0.060652,861.810,0.108628,0.003819,0.003952,7168,0,23.604248046875000000,22.137329101562500000,,
2026-09-11T18:15:34Z,582948E15138A00F,18.4,queries/tpch/tpch-queries/q19/base.sql,warmup,1,1,1,2,1.153363,1.153363,972.904,0.180459,0.000890,0.006113,7168,0,25.385314941406250000,22.638793945312500000,,
2026-09-11T18:15:34Z,582948E15138A00F,18.4,queries/tpch/tpch-queries/q19/base.sql,warmup,2,1,1,2,0.473035,0.473035,381.216,0.091819,0.000898,0.006251,7168,0,13.959533691406250000,13.272705078125000000,,
2026-09-11T18:15:35Z,582948E15138A00F,18.4,queries/tpch/tpch-queries/q19/base.sql,measured,1,1,1,2,0.518548,0.518548,465.287,0.053261,0.000935,0.006870,7168,0,11.877380371093750000,11.093811035156250000,,
2026-09-11T18:15:35Z,582948E15138A00F,18.4,queries/tpch/tpch-queries/q19/base.sql,measured,1,2,1,2,0.810197,0.405098,769.493,0.040704,0.002603,0.004472,7168,0,25.686767578125000000,24.413940429687500000,,
2026-09-11T18:15:37Z,582948E15138A00F,18.4,queries/tpch/tpch-queries/q19/base.sql,measured,1,4,1,2,1.702010,0.425503,1597.541,0.104469,0.001763,0.006165,7168,0,48.610534667968750000,46.240722656250000000,,
2026-09-11T18:15:40Z,582948E15138A00F,18.4,queries/tpch/tpch-queries/q19/base.sql,measured,1,8,1,2,3.305668,0.413208,3204.732,0.100936,0.004749,0.002871,7168,0,90.806762695312500000,86.009765625000000000,,
2026-09-11T18:15:47Z,582948E15138A00F,18.4,queries/tpch/tpch-queries/q19/base.sql,measured,1,16,1,2,6.649859,0.415616,6546.623,0.103236,0.003914,0.003499,7168,0,172.331115722656250000,162.964233398437500000,,
2026-09-11T18:15:51Z,B2C59158DE9A94D7,18.4,queries/tpch/tpch-queries/q16/v2_not_exists.sql,warmup,1,1,1,2,0.592528,0.592528,362.621,0.229907,0.001661,0.005613,7168,0,8.372009277343750000,7.230163574218750000,,
2026-09-11T18:15:52Z,B2C59158DE9A94D7,18.4,queries/tpch/tpch-queries/q16/v2_not_exists.sql,warmup,2,1,1,2,0.250148,0.250148,202.979,0.047169,0.002080,0.006058,7168,0,6.024719238281250000,5.698364257812500000,,
2026-09-11T18:15:52Z,B2C59158DE9A94D7,18.4,queries/tpch/tpch-queries/q16/v2_not_exists.sql,measured,1,1,1,2,0.310531,0.310531,205.959,0.104572,0.001990,0.006843,7168,0,6.252746582031250000,5.810302734375000000,,
2026-09-11T18:15:53Z,B2C59158DE9A94D7,18.4,queries/tpch/tpch-queries/q16/v2_not_exists.sql,measured,1,2,1,2,0.522839,0.261420,413.424,0.109415,0.003475,0.004353,7168,0,11.815307617187500000,11.074584960937500000,,
2026-09-11T18:15:53Z,B2C59158DE9A94D7,18.4,queries/tpch/tpch-queries/q16/v2_not_exists.sql,measured,1,4,1,2,0.921431,0.230358,820.445,0.100986,0.005120,0.004010,7168,0,22.724365234375000000,21.422424316406250000,,
2026-09-11T18:15:55Z,B2C59158DE9A94D7,18.4,queries/tpch/tpch-queries/q16/v2_not_exists.sql,measured,1,8,1,2,1.716843,0.214605,1663.479,0.053364,0.004362,0.003032,7168,0,44.093383789062500000,41.894592285156250000,,
2026-09-11T18:15:59Z,B2C59158DE9A94D7,18.4,queries/tpch/tpch-queries/q16/v2_not_exists.sql,measured,1,16,1,2,3.567401,0.222963,3463.470,0.103931,0.003838,0.003750,7168,0,83.815429687500000000,78.910400390625000000,,
2026-09-11T18:16:51Z,37483B2B709EA175,18.4,queries/tpch/tpch-queries/q02/base.sql,warmup,1,1,1,2,48.653900,48.653900,48554.592,0.099308,0.008036,0.016073,7168,0,531.058898925781250000,464.444091796875000000,,
2026-09-11T18:17:38Z,37483B2B709EA175,18.4,queries/tpch/tpch-queries/q02/base.sql,warmup,2,1,1,2,47.043997,47.043997,47003.008,0.040989,0.001854,0.005471,7168,0,517.438415527343750000,454.718566894531250000,,
2026-09-11T18:18:26Z,37483B2B709EA175,18.4,queries/tpch/tpch-queries/q02/base.sql,measured,1,1,1,2,47.515974,47.515974,47424.883,0.091091,0.003018,0.005238,7168,0,497.397033691406250000,435.776794433593750000,,
2026-09-11T18:20:01Z,37483B2B709EA175,18.4,queries/tpch/tpch-queries/q02/base.sql,measured,1,2,1,2,95.199746,47.599873,95108.781,0.090965,0.003410,0.004350,7168,0,997.928344726562500000,875.037719726562500000,,
2026-09-11T18:23:11Z,37483B2B709EA175,18.4,queries/tpch/tpch-queries/q02/base.sql,measured,1,4,1,2,189.985220,47.496305,189889.552,0.095668,0.007039,0.000915,7168,0,1990.118896484375000000,1744.402343750000000000,,
2026-09-11T18:29:29Z,37483B2B709EA175,18.4,queries/tpch/tpch-queries/q02/base.sql,measured,1,8,1,2,378.202918,47.275365,378098.589,0.104329,0.006166,0.002168,7168,0,3980.294189453125000000,3489.243408203125000000,,
2026-09-11T18:42:04Z,37483B2B709EA175,18.4,queries/tpch/tpch-queries/q02/base.sql,measured,1,16,1,2,754.760319,47.172520,754646.192,0.114127,0.002738,0.005550,7168,0,7889.533264160156250000,6906.616699218750000000,,
2026-09-11T18:42:09Z,486DAEB3FA5940FA,18.4,queries/tpch/tpch-queries/q19/v2_union_all.sql,warmup,1,1,1,2,1.722358,1.722358,1540.113,0.182245,0.005219,0.002219,7168,0,50.394470214843750000,46.513549804687500000,,
2026-09-11T18:42:10Z,486DAEB3FA5940FA,18.4,queries/tpch/tpch-queries/q19/v2_union_all.sql,warmup,2,1,1,2,1.128639,1.128639,1064.680,0.063959,0.002937,0.006927,7168,0,37.274108886718750000,35.637817382812500000,,
2026-09-11T18:42:11Z,486DAEB3FA5940FA,18.4,queries/tpch/tpch-queries/q19/v2_union_all.sql,measured,1,1,1,2,1.053867,1.053867,1013.414,0.040453,0.001061,0.006137,7168,0,38.089050292968750000,36.638000488281250000,,
2026-09-11T18:42:13Z,486DAEB3FA5940FA,18.4,queries/tpch/tpch-queries/q19/v2_union_all.sql,measured,1,2,1,2,2.236608,1.118304,2137.211,0.099397,0.000307,0.007305,7168,0,70.677856445312500000,67.631408691406250000,,
2026-09-11T18:42:18Z,486DAEB3FA5940FA,18.4,queries/tpch/tpch-queries/q19/v2_union_all.sql,measured,1,4,1,2,4.436291,1.109073,4323.548,0.112743,0.001576,0.005580,7168,0,136.099304199218750000,129.830810546875000000,,
2026-09-11T18:42:27Z,486DAEB3FA5940FA,18.4,queries/tpch/tpch-queries/q19/v2_union_all.sql,measured,1,8,1,2,9.199574,1.149947,9101.714,0.097860,0.006157,0.001061,7168,0,251.229187011718750000,238.438232421875000000,,
2026-09-11T18:42:46Z,486DAEB3FA5940FA,18.4,queries/tpch/tpch-queries/q19/v2_union_all.sql,measured,1,16,1,2,19.061021,1.191314,18951.640,0.109381,0.002716,0.004581,7168,0,470.704101562500000000,444.615173339843750000,,
2026-09-11T18:42:58Z,CFFC5AA1C0ADF2C0,18.4,queries/tpch/tpch-queries/q07/v1_materialized.sql,warmup,1,1,1,2,8.201792,8.201792,8012.939,0.188853,0.000908,0.006186,7168,0,40.110656738281250000,22.443420410156250000,,
2026-09-11T18:42:58Z,CFFC5AA1C0ADF2C0,18.4,queries/tpch/tpch-queries/q07/v1_materialized.sql,warmup,2,1,1,2,0.327983,0.327983,287.257,0.040726,0.002526,0.004301,7168,0,5.761596679687500000,5.297851562500000000,,
2026-09-11T18:42:59Z,CFFC5AA1C0ADF2C0,18.4,queries/tpch/tpch-queries/q07/v1_materialized.sql,measured,1,1,1,2,0.334045,0.334045,291.304,0.042741,0.005385,0.002230,7168,0,5.577270507812500000,5.086303710937500000,,
2026-09-11T18:42:59Z,CFFC5AA1C0ADF2C0,18.4,queries/tpch/tpch-queries/q07/v1_materialized.sql,measured,1,2,1,2,0.652042,0.326021,561.081,0.090961,0.002846,0.004647,7168,0,10.494262695312500000,9.533264160156250000,,
2026-09-11T18:43:01Z,CFFC5AA1C0ADF2C0,18.4,queries/tpch/tpch-queries/q07/v1_materialized.sql,measured,1,4,1,2,1.209602,0.302400,1115.741,0.093861,0.002719,0.004665,7168,0,19.335021972656250000,17.598510742187500000,,
2026-09-11T18:43:03Z,CFFC5AA1C0ADF2C0,18.4,queries/tpch/tpch-queries/q07/v1_materialized.sql,measured,1,8,1,2,2.292995,0.286624,2193.015,0.099980,0.005320,0.002221,7168,0,38.545349121093750000,35.123596191406250000,,
2026-09-11T18:43:07Z,CFFC5AA1C0ADF2C0,18.4,queries/tpch/tpch-queries/q07/v1_materialized.sql,measured,1,16,1,2,4.394393,0.274650,4285.659,0.108734,0.002686,0.004465,7168,0,76.020812988281250000,69.786560058593750000,,
2026-09-11T18:43:13Z,AD7FE2A9120AF3A4,18.4,queries/tpch/tpch-queries/q21/base.sql,warmup,1,1,1,2,1.472976,1.472976,1289.081,0.183895,0.002539,0.004408,7168,0,30.844848632812500000,27.313354492187500000,,
2026-09-11T18:43:13Z,AD7FE2A9120AF3A4,18.4,queries/tpch/tpch-queries/q21/base.sql,warmup,2,1,1,2,0.499351,0.499351,458.769,0.040582,0.006983,0.000000,7168,0,15.910949707031250000,15.122497558593750000,,
2026-09-11T18:43:14Z,AD7FE2A9120AF3A4,18.4,queries/tpch/tpch-queries/q21/base.sql,measured,1,1,1,2,0.501247,0.501247,460.420,0.040827,0.004317,0.002671,7168,0,15.994323730468750000,15.203613281250000000,,
2026-09-11T18:43:15Z,AD7FE2A9120AF3A4,18.4,queries/tpch/tpch-queries/q21/base.sql,measured,1,2,1,2,0.942037,0.471019,897.861,0.044176,0.000909,0.006239,7168,0,30.661865234375000000,29.323425292968750000,,
2026-09-11T18:43:16Z,AD7FE2A9120AF3A4,18.4,queries/tpch/tpch-queries/q21/base.sql,measured,1,4,1,2,1.887693,0.471923,1793.198,0.094495,0.003186,0.004048,7168,0,59.053100585937500000,56.271850585937500000,,
2026-09-11T18:43:20Z,AD7FE2A9120AF3A4,18.4,queries/tpch/tpch-queries/q21/base.sql,measured,1,8,1,2,3.754239,0.469280,3645.779,0.108460,0.003132,0.004018,7168,0,113.201782226562500000,107.711364746093750000,,
2026-09-11T18:43:28Z,AD7FE2A9120AF3A4,18.4,queries/tpch/tpch-queries/q21/base.sql,measured,1,16,1,2,7.665779,0.479111,7551.470,0.114309,0.006152,0.001055,7168,0,211.687194824218750000,200.541198730468750000,,
2026-09-11T18:43:33Z,4E489445DD20A731,18.4,queries/tpch/tpch-queries/q14/v1_materialized.sql,warmup,1,1,1,2,1.092968,1.092968,913.605,0.179363,0.003638,0.003482,7168,0,21.436523437500000000,18.776916503906250000,,
2026-09-11T18:43:33Z,4E489445DD20A731,18.4,queries/tpch/tpch-queries/q14/v1_materialized.sql,warmup,2,1,1,2,0.292547,0.292547,252.961,0.039586,0.005122,0.002145,7168,0,9.354064941406250000,8.916809082031250000,,
2026-09-11T18:43:33Z,4E489445DD20A731,18.4,queries/tpch/tpch-queries/q14/v1_materialized.sql,measured,1,1,1,2,0.411244,0.411244,312.734,0.098510,0.002828,0.004948,7168,0,7.762878417968750000,7.042663574218750000,,
2026-09-11T18:43:34Z,4E489445DD20A731,18.4,queries/tpch/tpch-queries/q14/v1_materialized.sql,measured,1,2,1,2,0.564485,0.282242,524.408,0.040077,0.000895,0.006164,7168,0,16.558410644531250000,15.616027832031250000,,
2026-09-11T18:43:35Z,4E489445DD20A731,18.4,queries/tpch/tpch-queries/q14/v1_materialized.sql,measured,1,4,1,2,1.042468,0.260617,1001.254,0.041214,0.001775,0.005244,7168,0,32.235595703125000000,30.570129394531250000,,
2026-09-11T18:43:37Z,4E489445DD20A731,18.4,queries/tpch/tpch-queries/q14/v1_materialized.sql,measured,1,8,1,2,2.125110,0.265639,2024.117,0.100993,0.000963,0.006634,7168,0,62.091491699218750000,58.728149414062500000,,
2026-09-11T18:43:42Z,4E489445DD20A731,18.4,queries/tpch/tpch-queries/q14/v1_materialized.sql,measured,1,16,1,2,4.298353,0.268647,4191.463,0.106890,0.002636,0.004473,7168,0,113.008178710937500000,106.263610839843750000,,
2026-09-11T18:43:47Z,00549E4FC6EC496C,18.4,queries/tpch/tpch-queries/q12/v2_filter.sql,warmup,1,1,1,2,1.300170,1.300170,1115.792,0.184378,0.004346,0.002984,7168,0,28.319335937500000000,25.191589355468750000,,
2026-09-11T18:43:47Z,00549E4FC6EC496C,18.4,queries/tpch/tpch-queries/q12/v2_filter.sql,warmup,2,1,1,2,0.453973,0.453973,412.171,0.041802,0.002848,0.004590,7168,0,13.804748535156250000,13.168212890625000000,,
2026-09-11T18:43:48Z,00549E4FC6EC496C,18.4,queries/tpch/tpch-queries/q12/v2_filter.sql,measured,1,1,1,2,0.564857,0.564857,462.024,0.102833,0.006357,0.001824,7168,0,13.344116210937500000,12.441345214843750000,,
2026-09-11T18:43:49Z,00549E4FC6EC496C,18.4,queries/tpch/tpch-queries/q12/v2_filter.sql,measured,1,2,1,2,0.964777,0.482388,861.834,0.102943,0.003605,0.004614,7168,0,25.814758300781250000,24.421936035156250000,,
2026-09-11T18:43:50Z,00549E4FC6EC496C,18.4,queries/tpch/tpch-queries/q12/v2_filter.sql,measured,1,4,1,2,1.772571,0.443143,1673.023,0.099548,0.006871,0.000861,7168,0,50.170959472656250000,47.628356933593750000,,
2026-09-11T18:43:54Z,00549E4FC6EC496C,18.4,queries/tpch/tpch-queries/q12/v2_filter.sql,measured,1,8,1,2,3.393788,0.424223,3347.777,0.046011,0.001710,0.005476,7168,0,96.953186035156250000,92.105163574218750000,,
2026-09-11T18:44:01Z,00549E4FC6EC496C,18.4,queries/tpch/tpch-queries/q12/v2_filter.sql,measured,1,16,1,2,7.044596,0.440287,6945.249,0.099347,0.001859,0.005570,7168,0,178.624572753906250000,168.637145996093750000,,
2026-09-11T18:44:11Z,F4FA394BB6318A9E,18.4,queries/tpch/tpch-queries/q07/v2_union_all.sql,warmup,1,1,1,2,6.839643,6.839643,6648.517,0.191126,0.001818,0.005295,7168,0,38.038879394531250000,23.269653320312500000,,
2026-09-11T18:44:12Z,F4FA394BB6318A9E,18.4,queries/tpch/tpch-queries/q07/v2_union_all.sql,warmup,2,1,1,2,0.329559,0.329559,286.863,0.042696,0.003719,0.004631,7168,0,5.914367675781250000,5.421325683593750000,,
2026-09-11T18:44:12Z,F4FA394BB6318A9E,18.4,queries/tpch/tpch-queries/q07/v2_union_all.sql,measured,1,1,1,2,0.379297,0.379297,289.171,0.090126,0.003253,0.004120,7168,0,6.149902343750000000,5.522155761718750000,,
2026-09-11T18:44:13Z,F4FA394BB6318A9E,18.4,queries/tpch/tpch-queries/q07/v2_union_all.sql,measured,1,2,1,2,0.657959,0.328980,563.299,0.094660,0.001880,0.005593,7168,0,10.571777343750000000,9.543701171875000000,,
2026-09-11T18:44:14Z,F4FA394BB6318A9E,18.4,queries/tpch/tpch-queries/q07/v2_union_all.sql,measured,1,4,1,2,1.213389,0.303347,1113.247,0.100142,0.005094,0.002939,7168,0,19.461181640625000000,17.701354980468750000,,
2026-09-11T18:44:16Z,F4FA394BB6318A9E,18.4,queries/tpch/tpch-queries/q07/v2_union_all.sql,measured,1,8,1,2,2.271198,0.283900,2168.429,0.102769,0.002994,0.004938,7168,0,38.741577148437500000,35.509948730468750000,,
2026-09-11T18:44:21Z,F4FA394BB6318A9E,18.4,queries/tpch/tpch-queries/q07/v2_union_all.sql,measured,1,16,1,2,4.410483,0.275655,4293.360,0.117123,0.003815,0.003880,7168,0,77.496398925781250000,70.973754882812500000,,
2026-09-11T18:44:26Z,7481E06981017209,18.4,queries/tpch/tpch-queries/q04/v2_in.sql,warmup,1,1,1,2,1.718336,1.718336,1535.161,0.183175,0.003552,0.003738,7168,0,18.830810546875000000,14.992858886718750000,,
2026-09-11T18:44:26Z,7481E06981017209,18.4,queries/tpch/tpch-queries/q04/v2_in.sql,warmup,2,1,1,2,0.129486,0.129486,90.305,0.039181,0.003442,0.003544,7168,0,3.732482910156250000,3.529113769531250000,,
2026-09-11T18:44:26Z,7481E06981017209,18.4,queries/tpch/tpch-queries/q04/v2_in.sql,measured,1,1,1,2,0.191034,0.191034,90.651,0.100383,0.004079,0.004306,7168,0,3.825195312500000000,3.503479003906250000,,
2026-09-11T18:44:27Z,7481E06981017209,18.4,queries/tpch/tpch-queries/q04/v2_in.sql,measured,1,2,1,2,0.292031,0.146015,193.579,0.098452,0.004025,0.003885,7168,0,6.179138183593750000,5.695190429687500000,,
2026-09-11T18:44:27Z,7481E06981017209,18.4,queries/tpch/tpch-queries/q04/v2_in.sql,measured,1,4,1,2,0.393351,0.098338,345.428,0.047923,0.003244,0.004045,7168,0,13.010437011718750000,12.349487304687500000,,
2026-09-11T18:44:28Z,7481E06981017209,18.4,queries/tpch/tpch-queries/q04/v2_in.sql,measured,1,8,1,2,0.786612,0.098326,689.313,0.097299,0.000000,0.007214,7168,0,24.514282226562500000,23.301940917968750000,,
2026-09-11T18:44:29Z,7481E06981017209,18.4,queries/tpch/tpch-queries/q04/v2_in.sql,measured,1,16,1,2,1.469757,0.091860,1363.224,0.106533,0.001414,0.006302,7168,0,48.339172363281250000,46.111450195312500000,,
2026-09-11T18:44:33Z,CA65E2C92675ED84,18.4,queries/tpch/tpch-queries/q02/v2_decorrelate.sql,warmup,1,1,1,2,0.380349,0.380349,321.460,0.058889,0.003907,0.003118,7168,0,6.128845214843750000,5.444030761718750000,,
2026-09-11T18:44:33Z,CA65E2C92675ED84,18.4,queries/tpch/tpch-queries/q02/v2_decorrelate.sql,warmup,2,1,1,2,0.265739,0.265739,224.998,0.040741,0.004213,0.002945,7168,0,3.934936523437500000,3.603454589843750000,,
2026-09-11T18:44:34Z,CA65E2C92675ED84,18.4,queries/tpch/tpch-queries/q02/v2_decorrelate.sql,measured,1,1,1,2,0.246828,0.246828,205.670,0.041158,0.003967,0.003522,7168,0,3.993041992187500000,3.641662597656250000,,
2026-09-11T18:44:34Z,CA65E2C92675ED84,18.4,queries/tpch/tpch-queries/q02/v2_decorrelate.sql,measured,1,2,1,2,0.448513,0.224256,405.360,0.043153,0.004627,0.002526,7168,0,7.361572265625000000,6.767944335937500000,,
2026-09-11T18:44:35Z,CA65E2C92675ED84,18.4,queries/tpch/tpch-queries/q02/v2_decorrelate.sql,measured,1,4,1,2,0.919509,0.229877,812.010,0.107499,0.001893,0.006569,7168,0,14.278442382812500000,12.963012695312500000,,
2026-09-11T18:44:37Z,CA65E2C92675ED84,18.4,queries/tpch/tpch-queries/q02/v2_decorrelate.sql,measured,1,8,1,2,1.739137,0.217392,1628.219,0.110918,0.001467,0.006525,7168,0,27.692810058593750000,25.230834960937500000,,
2026-09-11T18:44:40Z,CA65E2C92675ED84,18.4,queries/tpch/tpch-queries/q02/v2_decorrelate.sql,measured,1,16,1,2,3.329052,0.208066,3202.837,0.126215,0.002888,0.005295,7168,0,55.208740234375000000,50.746093750000000000,,
2026-09-11T18:44:45Z,6D31E9B9D115D0D3,18.4,queries/tpch/tpch-queries/q19/v1_materialized.sql,warmup,1,1,1,2,1.138125,1.138125,956.640,0.181485,0.001867,0.005410,7168,0,25.288269042968750000,22.558349609375000000,,
2026-09-11T18:44:45Z,6D31E9B9D115D0D3,18.4,queries/tpch/tpch-queries/q19/v1_materialized.sql,warmup,2,1,1,2,0.410253,0.410253,369.985,0.040268,0.005114,0.002160,7168,0,13.509155273437500000,12.947326660156250000,,
2026-09-11T18:44:46Z,6D31E9B9D115D0D3,18.4,queries/tpch/tpch-queries/q19/v1_materialized.sql,measured,1,1,1,2,0.595512,0.595512,445.053,0.150459,0.002692,0.005365,7168,0,12.591674804687500000,11.691284179687500000,,
2026-09-11T18:44:47Z,6D31E9B9D115D0D3,18.4,queries/tpch/tpch-queries/q19/v1_materialized.sql,measured,1,2,1,2,0.849934,0.424967,794.050,0.055884,0.004658,0.003841,7168,0,25.274353027343750000,23.981689453125000000,,
2026-09-11T18:44:48Z,6D31E9B9D115D0D3,18.4,queries/tpch/tpch-queries/q19/v1_materialized.sql,measured,1,4,1,2,1.629293,0.407323,1479.259,0.150034,0.001906,0.005840,7168,0,50.157714843750000000,47.829467773437500000,,
2026-09-11T18:44:51Z,6D31E9B9D115D0D3,18.4,queries/tpch/tpch-queries/q19/v1_materialized.sql,measured,1,8,1,2,3.164143,0.395518,3057.440,0.106703,0.002497,0.005096,7168,0,94.564147949218750000,90.085449218750000000,,
2026-09-11T18:44:58Z,6D31E9B9D115D0D3,18.4,queries/tpch/tpch-queries/q19/v1_materialized.sql,measured,1,16,1,2,6.264046,0.391503,6203.895,0.060151,0.004199,0.002973,7168,0,180.021423339843750000,171.176086425781250000,,
2026-09-11T18:45:02Z,FD0674BF57D4C7AE,18.4,queries/tpch/tpch-queries/q14/base.sql,warmup,1,1,1,2,1.100998,1.100998,920.307,0.180691,0.004873,0.002057,7168,0,21.203063964843750000,18.537902832031250000,,
2026-09-11T18:45:03Z,FD0674BF57D4C7AE,18.4,queries/tpch/tpch-queries/q14/base.sql,warmup,2,1,1,2,0.301899,0.301899,258.939,0.042960,0.001980,0.005787,7168,0,9.060485839843750000,8.599731445312500000,,
2026-09-11T18:45:03Z,FD0674BF57D4C7AE,18.4,queries/tpch/tpch-queries/q14/base.sql,measured,1,1,1,2,0.404601,0.404601,306.857,0.097744,0.004396,0.003546,7168,0,7.851196289062500000,7.134277343750000000,,
2026-09-11T18:45:04Z,FD0674BF57D4C7AE,18.4,queries/tpch/tpch-queries/q14/base.sql,measured,1,2,1,2,0.540263,0.270131,500.248,0.040015,0.004305,0.002952,7168,0,17.185668945312500000,16.296630859375000000,,
2026-09-11T18:45:05Z,FD0674BF57D4C7AE,18.4,queries/tpch/tpch-queries/q14/base.sql,measured,1,4,1,2,1.020103,0.255026,979.075,0.041028,0.003192,0.003976,7168,0,33.002014160156250000,31.361450195312500000,,
2026-09-11T18:45:07Z,FD0674BF57D4C7AE,18.4,queries/tpch/tpch-queries/q14/base.sql,measured,1,8,1,2,2.125982,0.265748,2026.290,0.099692,0.000942,0.006503,7168,0,61.643798828125000000,58.347717285156250000,,
2026-09-11T18:45:11Z,FD0674BF57D4C7AE,18.4,queries/tpch/tpch-queries/q14/base.sql,measured,1,16,1,2,4.134137,0.258384,4085.479,0.048658,0.002727,0.004481,7168,0,117.195922851562500000,110.735351562500000000,,
2026-09-11T18:45:15Z,7A1363D21964AE20,18.4,queries/tpch/tpch-queries/q16/base.sql,warmup,1,1,1,2,0.619270,0.619270,388.175,0.231095,0.002065,0.004911,7168,0,9.034790039062500000,7.847717285156250000,,
2026-09-11T18:45:16Z,7A1363D21964AE20,18.4,queries/tpch/tpch-queries/q16/base.sql,warmup,2,1,1,2,0.275294,0.275294,214.391,0.060903,0.004022,0.005005,7168,0,6.535644531250000000,6.166320800781250000,,
2026-09-11T18:45:16Z,7A1363D21964AE20,18.4,queries/tpch/tpch-queries/q16/base.sql,measured,1,1,1,2,0.313854,0.313854,215.559,0.098295,0.004656,0.003781,7168,0,6.725341796875000000,6.266235351562500000,,
2026-09-11T18:45:16Z,7A1363D21964AE20,18.4,queries/tpch/tpch-queries/q16/base.sql,measured,1,2,1,2,0.548944,0.274472,434.577,0.114367,0.005236,0.002953,7168,0,12.840332031250000000,12.037170410156250000,,
2026-09-11T18:45:17Z,7A1363D21964AE20,18.4,queries/tpch/tpch-queries/q16/base.sql,measured,1,4,1,2,0.978940,0.244735,889.108,0.089832,0.003421,0.003462,7168,0,24.563232421875000000,23.193359375000000000,,
2026-09-11T18:45:19Z,7A1363D21964AE20,18.4,queries/tpch/tpch-queries/q16/base.sql,measured,1,8,1,2,1.891794,0.236474,1835.373,0.056421,0.003260,0.004270,7168,0,45.793762207031250000,43.393066406250000000,,
2026-09-11T18:45:23Z,7A1363D21964AE20,18.4,queries/tpch/tpch-queries/q16/base.sql,measured,1,16,1,2,3.731414,0.233213,3630.113,0.101301,0.002260,0.005478,7168,0,92.836791992187500000,87.677001953125000000,,
2026-09-11T18:45:27Z,6879DA9E1310CCD7,18.4,queries/tpch/tpch-queries/q02/v2_decorrelate.sql,warmup,1,1,1,2,0.595597,0.595597,360.351,0.235246,0.004369,0.003001,7168,0,6.020935058593750000,4.864624023437500000,,
2026-09-11T18:45:27Z,6879DA9E1310CCD7,18.4,queries/tpch/tpch-queries/q02/v2_decorrelate.sql,warmup,2,1,1,2,0.265080,0.265080,205.404,0.059676,0.003419,0.005591,7168,0,3.815063476562500000,3.466125488281250000,,
2026-09-11T18:45:28Z,6879DA9E1310CCD7,18.4,queries/tpch/tpch-queries/q02/v2_decorrelate.sql,measured,1,1,1,2,0.311045,0.311045,208.857,0.102188,0.001805,0.006580,7168,0,4.139831542968750000,3.678955078125000000,,
2026-09-11T18:45:28Z,6879DA9E1310CCD7,18.4,queries/tpch/tpch-queries/q02/v2_decorrelate.sql,measured,1,2,1,2,0.570964,0.285482,437.496,0.133468,0.005306,0.002703,7168,0,7.464904785156250000,6.640075683593750000,,
2026-09-11T18:45:29Z,6879DA9E1310CCD7,18.4,queries/tpch/tpch-queries/q02/v2_decorrelate.sql,measured,1,4,1,2,0.870966,0.217741,816.215,0.054751,0.005456,0.001816,7168,0,14.115966796875000000,12.849365234375000000,,
2026-09-11T18:45:31Z,6879DA9E1310CCD7,18.4,queries/tpch/tpch-queries/q02/v2_decorrelate.sql,measured,1,8,1,2,1.734143,0.216768,1609.273,0.124870,0.002935,0.005829,7168,0,27.916442871093750000,25.630126953125000000,,
2026-09-11T18:45:34Z,6879DA9E1310CCD7,18.4,queries/tpch/tpch-queries/q02/v2_decorrelate.sql,measured,1,16,1,2,3.377665,0.211104,3203.306,0.174359,0.002842,0.005547,7168,0,56.057006835937500000,51.478698730468750000,,
2026-09-11T18:45:39Z,15FB03B6C2A865B1,18.4,queries/tpch/tpch-queries/q04/base.sql,warmup,1,1,1,2,1.710271,1.710271,1529.055,0.181216,0.004463,0.002799,7168,0,16.962524414062500000,13.141662597656250000,,
2026-09-11T18:45:39Z,15FB03B6C2A865B1,18.4,queries/tpch/tpch-queries/q04/base.sql,warmup,2,1,1,2,0.130530,0.130530,91.279,0.039251,0.003526,0.003568,7168,0,3.736083984375000000,3.525268554687500000,,
2026-09-11T18:45:40Z,15FB03B6C2A865B1,18.4,queries/tpch/tpch-queries/q04/base.sql,measured,1,1,1,2,0.184965,0.184965,91.638,0.093327,0.003615,0.004448,7168,0,3.896728515625000000,3.569030761718750000,,
2026-09-11T18:45:40Z,15FB03B6C2A865B1,18.4,queries/tpch/tpch-queries/q04/base.sql,measured,1,2,1,2,0.224245,0.112122,177.227,0.047018,0.003134,0.004014,7168,0,6.926696777343750000,6.565063476562500000,,
2026-09-11T18:45:40Z,15FB03B6C2A865B1,18.4,queries/tpch/tpch-queries/q04/base.sql,measured,1,4,1,2,0.464311,0.116078,365.185,0.099126,0.003833,0.003778,7168,0,12.219787597656250000,11.473632812500000000,,
2026-09-11T18:45:41Z,15FB03B6C2A865B1,18.4,queries/tpch/tpch-queries/q04/base.sql,measured,1,8,1,2,0.798049,0.099756,696.940,0.101109,0.003124,0.004506,7168,0,24.204101562500000000,22.988708496093750000,,
2026-09-11T18:45:43Z,15FB03B6C2A865B1,18.4,queries/tpch/tpch-queries/q04/base.sql,measured,1,16,1,2,1.466193,0.091637,1363.862,0.102331,0.001859,0.005520,7168,0,48.486145019531250000,46.276733398437500000,,
2026-09-11T18:45:48Z,99B547029B8F2BC8,18.4,queries/tpch/tpch-queries/q04/v1_materialized.sql,warmup,1,1,1,2,1.657639,1.657639,1475.621,0.182018,0.002077,0.004962,7168,0,14.662231445312500000,10.941955566406250000,,
2026-09-11T18:45:48Z,99B547029B8F2BC8,18.4,queries/tpch/tpch-queries/q04/v1_materialized.sql,warmup,2,1,1,2,0.137432,0.137432,91.148,0.046284,0.000966,0.007717,7168,0,3.610839843750000000,3.396667480468750000,,
2026-09-11T18:45:48Z,99B547029B8F2BC8,18.4,queries/tpch/tpch-queries/q04/v1_materialized.sql,measured,1,1,1,2,0.130249,0.130249,91.145,0.039104,0.003866,0.003077,7168,0,3.752075195312500000,3.559326171875000000,,
2026-09-11T18:45:49Z,99B547029B8F2BC8,18.4,queries/tpch/tpch-queries/q04/v1_materialized.sql,measured,1,2,1,2,0.305666,0.152833,203.663,0.102003,0.003366,0.004192,7168,0,5.878356933593750000,5.391967773437500000,,
2026-09-11T18:45:49Z,99B547029B8F2BC8,18.4,queries/tpch/tpch-queries/q04/v1_materialized.sql,measured,1,4,1,2,0.461789,0.115447,362.479,0.099310,0.004581,0.003159,7168,0,12.293273925781250000,11.514465332031250000,,
2026-09-11T18:45:50Z,99B547029B8F2BC8,18.4,queries/tpch/tpch-queries/q04/v1_materialized.sql,measured,1,8,1,2,0.798388,0.099798,696.751,0.101637,0.000000,0.007880,7168,0,24.109252929687500000,22.896179199218750000,,
2026-09-11T18:45:51Z,99B547029B8F2BC8,18.4,queries/tpch/tpch-queries/q04/v1_materialized.sql,measured,1,16,1,2,1.452143,0.090759,1353.533,0.098610,0.000853,0.006281,7168,0,48.718811035156250000,46.515991210937500000,,
2026-09-11T18:46:05Z,CDA8370E12A56943,18.4,queries/tpch/tpch-queries/q08/v2_filter.sql,warmup,1,1,1,2,10.137849,10.137849,9942.086,0.195763,0.001872,0.005470,7168,0,43.473266601562500000,21.803405761718750000,,
2026-09-11T18:46:06Z,CDA8370E12A56943,18.4,queries/tpch/tpch-queries/q08/v2_filter.sql,warmup,2,1,1,2,0.411490,0.411490,368.143,0.043347,0.002016,0.007137,7168,0,6.945373535156250000,6.376281738281250000,,
2026-09-11T18:46:06Z,CDA8370E12A56943,18.4,queries/tpch/tpch-queries/q08/v2_filter.sql,measured,1,1,1,2,0.456299,0.456299,364.619,0.091680,0.000957,0.006652,7168,0,7.101501464843750000,6.444702148437500000,,
2026-09-11T18:46:07Z,CDA8370E12A56943,18.4,queries/tpch/tpch-queries/q08/v2_filter.sql,measured,1,2,1,2,0.792561,0.396280,700.772,0.091789,0.003737,0.003830,7168,0,12.937133789062500000,11.810485839843750000,,
2026-09-11T18:46:08Z,CDA8370E12A56943,18.4,queries/tpch/tpch-queries/q08/v2_filter.sql,measured,1,4,1,2,1.465656,0.366414,1371.008,0.094648,0.004738,0.002877,7168,0,24.640197753906250000,22.558349609375000000,,
2026-09-11T18:46:11Z,CDA8370E12A56943,18.4,queries/tpch/tpch-queries/q08/v2_filter.sql,measured,1,8,1,2,2.817962,0.352245,2664.789,0.153173,0.001110,0.006436,7168,0,48.323852539062500000,44.264099121093750000,,
2026-09-11T18:46:17Z,CDA8370E12A56943,18.4,queries/tpch/tpch-queries/q08/v2_filter.sql,measured,1,16,1,2,5.407557,0.337972,5292.338,0.115219,0.002590,0.005213,7168,0,96.691345214843750000,89.047180175781250000,,
2026-09-11T18:46:26Z,5739377D654B53EE,18.4,queries/tpch/tpch-queries/q18/base.sql,warmup,1,1,1,2,5.193559,5.193559,5010.305,0.183254,0.002568,0.004569,7168,0,154.918762207031250000,144.175170898437500000,,
2026-09-11T18:46:30Z,5739377D654B53EE,18.4,queries/tpch/tpch-queries/q18/base.sql,warmup,2,1,1,2,4.425508,4.425508,4384.785,0.040723,0.002931,0.004184,7168,0,132.111450195312500000,125.660339355468750000,,
2026-09-11T18:46:35Z,5739377D654B53EE,18.4,queries/tpch/tpch-queries/q18/base.sql,measured,1,1,1,2,4.673556,4.673556,4514.876,0.158680,0.002758,0.005427,7168,0,126.593933105468750000,119.627929687500000000,,
2026-09-11T18:46:44Z,5739377D654B53EE,18.4,queries/tpch/tpch-queries/q18/base.sql,measured,1,2,1,2,9.192542,4.596271,9137.366,0.055176,0.002701,0.005281,7168,0,239.168762207031250000,226.015014648437500000,,
2026-09-11T18:47:03Z,5739377D654B53EE,18.4,queries/tpch/tpch-queries/q18/base.sql,measured,1,4,1,2,19.234546,4.808637,19124.176,0.110370,0.001859,0.005967,7168,0,448.018981933593750000,419.755554199218750000,,
2026-09-11T18:47:42Z,5739377D654B53EE,18.4,queries/tpch/tpch-queries/q18/base.sql,measured,1,8,1,2,39.093010,4.886626,38963.656,0.129354,0.003828,0.004793,7168,0,857.521911621093750000,800.916625976562500000,,
2026-09-11T18:49:00Z,5739377D654B53EE,18.4,queries/tpch/tpch-queries/q18/base.sql,measured,1,16,1,2,78.020993,4.876312,77889.193,0.131800,0.004090,0.004045,7168,0,1712.189514160156250000,1600.479858398437500000,,
2026-09-11T18:49:05Z,9B212569AD1FCA46,18.4,queries/tpch/tpch-queries/q12/base.sql,warmup,1,1,1,2,1.297718,1.297718,1112.075,0.185643,0.001638,0.005164,7168,0,28.558227539062500000,25.428405761718750000,,
2026-09-11T18:49:06Z,9B212569AD1FCA46,18.4,queries/tpch/tpch-queries/q12/base.sql,warmup,2,1,1,2,0.459083,0.459083,416.887,0.042196,0.004317,0.003478,7168,0,13.893127441406250000,13.171447753906250000,,
2026-09-11T18:49:06Z,9B212569AD1FCA46,18.4,queries/tpch/tpch-queries/q12/base.sql,measured,1,1,1,2,0.459817,0.459817,420.066,0.039751,0.002073,0.004947,7168,0,13.714843750000000000,13.012207031250000000,,
2026-09-11T18:49:07Z,9B212569AD1FCA46,18.4,queries/tpch/tpch-queries/q12/base.sql,measured,1,2,1,2,0.875400,0.437700,834.365,0.041035,0.000936,0.006420,7168,0,26.219604492187500000,24.907836914062500000,,
2026-09-11T18:49:09Z,9B212569AD1FCA46,18.4,queries/tpch/tpch-queries/q12/base.sql,measured,1,4,1,2,1.785976,0.446494,1690.276,0.095700,0.001125,0.006521,7168,0,49.537353515625000000,47.051391601562500000,,
2026-09-11T18:49:12Z,9B212569AD1FCA46,18.4,queries/tpch/tpch-queries/q12/base.sql,measured,1,8,1,2,3.494749,0.436844,3399.421,0.095328,0.003616,0.003575,7168,0,95.733886718750000000,90.611267089843750000,,
2026-09-11T18:49:20Z,9B212569AD1FCA46,18.4,queries/tpch/tpch-queries/q12/base.sql,measured,1,16,1,2,7.309223,0.456826,7209.446,0.099777,0.003188,0.004095,7168,0,172.094848632812500000,161.917602539062500000,,
2026-09-11T18:49:31Z,3A99EC42874B2A8A,18.4,queries/tpch/tpch-queries/q07/v2_union_all.sql,warmup,1,1,1,2,7.002100,7.002100,6806.856,0.195244,0.002720,0.004858,7168,0,38.670837402343750000,23.582641601562500000,,
2026-09-11T18:49:31Z,3A99EC42874B2A8A,18.4,queries/tpch/tpch-queries/q07/v2_union_all.sql,warmup,2,1,1,2,0.341012,0.341012,295.349,0.045663,0.003778,0.004685,7168,0,5.820007324218750000,5.323425292968750000,,
2026-09-11T18:49:31Z,3A99EC42874B2A8A,18.4,queries/tpch/tpch-queries/q07/v2_union_all.sql,measured,1,1,1,2,0.433656,0.433656,295.644,0.138012,0.002779,0.004653,7168,0,6.354431152343750000,5.654357910156250000,,
2026-09-11T18:49:32Z,3A99EC42874B2A8A,18.4,queries/tpch/tpch-queries/q07/v2_union_all.sql,measured,1,2,1,2,0.620169,0.310084,572.388,0.047781,0.000000,0.007675,7168,0,10.116394042968750000,9.249694824218750000,,
2026-09-11T18:49:33Z,3A99EC42874B2A8A,18.4,queries/tpch/tpch-queries/q07/v2_union_all.sql,measured,1,4,1,2,1.224324,0.306081,1124.340,0.099984,0.000000,0.007780,7168,0,19.513854980468750000,17.743347167968750000,,
2026-09-11T18:49:36Z,3A99EC42874B2A8A,18.4,queries/tpch/tpch-queries/q07/v2_union_all.sql,measured,1,8,1,2,2.330372,0.291297,2227.680,0.102692,0.000000,0.008134,7168,0,38.248779296875000000,34.947509765625000000,,
2026-09-11T18:49:40Z,3A99EC42874B2A8A,18.4,queries/tpch/tpch-queries/q07/v2_union_all.sql,measured,1,16,1,2,4.483628,0.280227,4367.963,0.115665,0.003355,0.004358,7168,0,77.249206542968750000,70.743591308593750000,,
2026-09-11T18:49:46Z,40A24148CDF4E08A,18.4,queries/tpch/tpch-queries/q09/v1_materialized.sql,warmup,1,1,1,2,1.890242,1.890242,1701.968,0.188274,0.003039,0.003786,7168,0,37.130310058593750000,32.884155273437500000,,
2026-09-11T18:49:47Z,40A24148CDF4E08A,18.4,queries/tpch/tpch-queries/q09/v1_materialized.sql,warmup,2,1,1,2,0.940052,0.940052,899.167,0.040885,0.001020,0.005954,7168,0,21.263061523437500000,19.819885253906250000,,
2026-09-11T18:49:48Z,40A24148CDF4E08A,18.4,queries/tpch/tpch-queries/q09/v1_materialized.sql,measured,1,1,1,2,0.925280,0.925280,884.066,0.041214,0.005010,0.002112,7168,0,21.177856445312500000,19.881103515625000000,,
2026-09-11T18:49:50Z,40A24148CDF4E08A,18.4,queries/tpch/tpch-queries/q09/v1_materialized.sql,measured,1,2,1,2,1.872266,0.936133,1775.223,0.097043,0.004551,0.003698,7168,0,41.660034179687500000,38.941894531250000000,,
2026-09-11T18:49:53Z,40A24148CDF4E08A,18.4,queries/tpch/tpch-queries/q09/v1_materialized.sql,measured,1,4,1,2,3.630965,0.907741,3522.602,0.108363,0.003488,0.004286,7168,0,83.090637207031250000,77.731933593750000000,,
2026-09-11T18:50:00Z,40A24148CDF4E08A,18.4,queries/tpch/tpch-queries/q09/v1_materialized.sql,measured,1,8,1,2,7.153657,0.894207,7053.929,0.099728,0.002666,0.004409,7168,0,165.865722656250000000,155.601135253906250000,,
2026-09-11T18:50:15Z,40A24148CDF4E08A,18.4,queries/tpch/tpch-queries/q09/v1_materialized.sql,measured,1,16,1,2,14.438549,0.902409,14321.872,0.116677,0.002176,0.005226,7168,0,322.882690429687500000,302.235656738281250000,,
2026-09-11T18:50:21Z,E1726D2B3039BF5C,18.4,queries/tpch/tpch-queries/q10/v1_materialized.sql,warmup,1,1,1,2,1.987763,1.987763,1799.784,0.187979,0.002032,0.004810,7168,0,25.682067871093750000,21.260131835937500000,,
2026-09-11T18:50:21Z,E1726D2B3039BF5C,18.4,queries/tpch/tpch-queries/q10/v1_materialized.sql,warmup,2,1,1,2,0.303821,0.303821,263.553,0.040268,0.004412,0.002740,7168,0,8.454895019531250000,8.020935058593750000,,
2026-09-11T18:50:21Z,E1726D2B3039BF5C,18.4,queries/tpch/tpch-queries/q10/v1_materialized.sql,measured,1,1,1,2,0.370162,0.370162,272.024,0.098138,0.002222,0.005315,7168,0,8.584533691406250000,7.927673339843750000,,
2026-09-11T18:50:22Z,E1726D2B3039BF5C,18.4,queries/tpch/tpch-queries/q10/v1_materialized.sql,measured,1,2,1,2,0.554334,0.277167,512.943,0.041391,0.001845,0.005432,7168,0,15.919860839843750000,15.116699218750000000,,
2026-09-11T18:50:23Z,E1726D2B3039BF5C,18.4,queries/tpch/tpch-queries/q10/v1_materialized.sql,measured,1,4,1,2,1.132192,0.283048,1031.301,0.100891,0.004188,0.003313,7168,0,31.163879394531250000,29.475219726562500000,,
2026-09-11T18:50:25Z,E1726D2B3039BF5C,18.4,queries/tpch/tpch-queries/q10/v1_materialized.sql,measured,1,8,1,2,2.179537,0.272442,2001.840,0.177697,0.006371,0.012771,7168,0,60.866333007812500000,57.670959472656250000,,
2026-09-11T18:50:29Z,E1726D2B3039BF5C,18.4,queries/tpch/tpch-queries/q10/v1_materialized.sql,measured,1,16,1,2,4.138482,0.258655,4081.377,0.057105,0.001724,0.005149,7168,0,116.677124023437500000,110.615234375000000000,,
2026-09-11T18:50:40Z,03B9FFF9C5B90B43,18.4,queries/tpch/tpch-queries/q05/base.sql,warmup,1,1,1,2,6.893637,6.893637,6700.229,0.193408,0.001686,0.005863,7168,0,31.163818359375000000,16.403991699218750000,,
2026-09-11T18:50:40Z,03B9FFF9C5B90B43,18.4,queries/tpch/tpch-queries/q05/base.sql,warmup,2,1,1,2,0.291592,0.291592,247.937,0.043655,0.003120,0.005935,7168,0,4.164489746093750000,3.747619628906250000,,
2026-09-11T18:50:41Z,03B9FFF9C5B90B43,18.4,queries/tpch/tpch-queries/q05/base.sql,measured,1,1,1,2,0.341248,0.341248,245.181,0.096067,0.003671,0.004573,7168,0,4.410583496093750000,3.806945800781250000,,
2026-09-11T18:50:41Z,03B9FFF9C5B90B43,18.4,queries/tpch/tpch-queries/q05/base.sql,measured,1,2,1,2,0.526632,0.263316,481.374,0.045258,0.004981,0.002852,7168,0,7.312316894531250000,6.568237304687500000,,
2026-09-11T18:50:42Z,03B9FFF9C5B90B43,18.4,queries/tpch/tpch-queries/q05/base.sql,measured,1,4,1,2,1.062794,0.265699,957.084,0.105710,0.002917,0.005819,7168,0,13.652832031250000000,12.150329589843750000,,
2026-09-11T18:50:44Z,03B9FFF9C5B90B43,18.4,queries/tpch/tpch-queries/q05/base.sql,measured,1,8,1,2,1.988009,0.248501,1873.693,0.114316,0.004248,0.004131,7168,0,26.519958496093750000,23.705505371093750000,,
2026-09-11T18:50:48Z,03B9FFF9C5B90B43,18.4,queries/tpch/tpch-queries/q05/base.sql,measured,1,16,1,2,3.782424,0.236401,3666.094,0.116330,0.005314,0.003079,7168,0,53.570129394531250000,48.217102050781250000,,
2026-09-11T18:50:54Z,8629091A81464AF9,18.4,queries/tpch/tpch-queries/q09/v1_materialized.sql,warmup,1,1,1,2,1.947978,1.947978,1760.596,0.187382,0.003239,0.003976,7168,0,36.393432617187500000,32.094726562500000000,,
2026-09-11T18:50:55Z,8629091A81464AF9,18.4,queries/tpch/tpch-queries/q09/v1_materialized.sql,warmup,2,1,1,2,0.949471,0.949471,899.326,0.050145,0.002311,0.006757,7168,0,21.035461425781250000,19.601379394531250000,,
2026-09-11T18:50:56Z,8629091A81464AF9,18.4,queries/tpch/tpch-queries/q09/v1_materialized.sql,measured,1,1,1,2,0.995795,0.995795,896.785,0.099010,0.001874,0.006534,7168,0,21.022521972656250000,19.595642089843750000,,
2026-09-11T18:50:57Z,8629091A81464AF9,18.4,queries/tpch/tpch-queries/q09/v1_materialized.sql,measured,1,2,1,2,1.884534,0.942267,1781.050,0.103484,0.002364,0.005589,7168,0,41.621826171875000000,38.895202636718750000,,
2026-09-11T18:51:01Z,8629091A81464AF9,18.4,queries/tpch/tpch-queries/q09/v1_materialized.sql,measured,1,4,1,2,3.646307,0.911577,3546.502,0.099805,0.003306,0.004232,7168,0,82.993103027343750000,77.608398437500000000,,
2026-09-11T18:51:08Z,8629091A81464AF9,18.4,queries/tpch/tpch-queries/q09/v1_materialized.sql,measured,1,8,1,2,7.149084,0.893635,7044.688,0.104396,0.004463,0.002714,7168,0,165.445556640625000000,155.074768066406250000,,
2026-09-11T18:51:23Z,8629091A81464AF9,18.4,queries/tpch/tpch-queries/q09/v1_materialized.sql,measured,1,16,1,2,14.339172,0.896198,14227.899,0.111273,0.004658,0.002743,7168,0,327.997924804687500000,307.481018066406250000,,
2026-09-11T18:51:27Z,96E90B4383867D28,18.4,queries/tpch/tpch-queries/q15/v1_materialized.sql,warmup,1,1,1,2,1.113871,1.113871,931.487,0.182384,0.002028,0.004808,7168,0,21.648803710937500000,18.984985351562500000,,
2026-09-11T18:51:28Z,96E90B4383867D28,18.4,queries/tpch/tpch-queries/q15/v1_materialized.sql,warmup,2,1,1,2,0.335249,0.335249,295.533,0.039716,0.002561,0.004410,7168,0,9.298706054687500000,8.798950195312500000,,
2026-09-11T18:51:28Z,96E90B4383867D28,18.4,queries/tpch/tpch-queries/q15/v1_materialized.sql,measured,1,1,1,2,0.437968,0.437968,339.972,0.097996,0.002793,0.004640,7168,0,8.945800781250000000,8.195190429687500000,,
2026-09-11T18:51:29Z,96E90B4383867D28,18.4,queries/tpch/tpch-queries/q15/v1_materialized.sql,measured,1,2,1,2,0.751252,0.375626,603.846,0.147406,0.005329,0.002193,7168,0,18.584655761718750000,17.319458007812500000,,
2026-09-11T18:51:30Z,96E90B4383867D28,18.4,queries/tpch/tpch-queries/q15/v1_materialized.sql,measured,1,4,1,2,1.230670,0.307667,1175.587,0.055083,0.002838,0.004712,7168,0,34.156982421875000000,32.289550781250000000,,
2026-09-11T18:51:33Z,96E90B4383867D28,18.4,queries/tpch/tpch-queries/q15/v1_materialized.sql,measured,1,8,1,2,2.406842,0.300855,2306.337,0.100505,0.003222,0.004169,7168,0,66.659118652343750000,62.937988281250000000,,
2026-09-11T18:51:37Z,96E90B4383867D28,18.4,queries/tpch/tpch-queries/q15/v1_materialized.sql,measured,1,16,1,2,4.690426,0.293152,4589.192,0.101234,0.003556,0.003592,7168,0,129.589111328125000000,122.127441406250000000,,
2026-09-11T18:51:49Z,74850D9B500E5DA9,18.4,queries/tpch/tpch-queries/q07/v1_materialized.sql,warmup,1,1,1,2,8.211024,8.211024,8021.803,0.189221,0.003110,0.003848,7168,0,50.284545898437500000,32.649169921875000000,,
2026-09-11T18:51:50Z,74850D9B500E5DA9,18.4,queries/tpch/tpch-queries/q07/v1_materialized.sql,warmup,2,1,1,2,0.339517,0.339517,298.834,0.040683,0.001788,0.005238,7168,0,5.609252929687500000,5.129821777343750000,,
2026-09-11T18:51:50Z,74850D9B500E5DA9,18.4,queries/tpch/tpch-queries/q07/v1_materialized.sql,measured,1,1,1,2,0.378389,0.378389,289.023,0.089366,0.002469,0.004530,7168,0,6.017761230468750000,5.420715332031250000,,
2026-09-11T18:51:51Z,74850D9B500E5DA9,18.4,queries/tpch/tpch-queries/q07/v1_materialized.sql,measured,1,2,1,2,0.662223,0.331112,567.652,0.094571,0.002329,0.005171,7168,0,10.302734375000000000,9.331481933593750000,,
2026-09-11T18:51:52Z,74850D9B500E5DA9,18.4,queries/tpch/tpch-queries/q07/v1_materialized.sql,measured,1,4,1,2,1.183874,0.295969,1089.943,0.093931,0.002672,0.004417,7168,0,20.182556152343750000,18.417785644531250000,,
2026-09-11T18:51:54Z,74850D9B500E5DA9,18.4,queries/tpch/tpch-queries/q07/v1_materialized.sql,measured,1,8,1,2,2.251892,0.281487,2150.199,0.101693,0.004237,0.003345,7168,0,39.285217285156250000,35.974487304687500000,,
2026-09-11T18:51:58Z,74850D9B500E5DA9,18.4,queries/tpch/tpch-queries/q07/v1_materialized.sql,measured,1,16,1,2,4.439264,0.277454,4326.635,0.112629,0.002995,0.004234,7168,0,77.420471191406250000,71.070922851562500000,,
2026-09-11T18:52:03Z,E3AF0BCFF73FBED9,18.4,queries/tpch/tpch-queries/q22/v1_materialized.sql,warmup,1,1,1,2,0.298635,0.298635,111.196,0.187439,0.000875,0.005968,7168,0,3.100280761718750000,2.502075195312500000,,
2026-09-11T18:52:03Z,E3AF0BCFF73FBED9,18.4,queries/tpch/tpch-queries/q22/v1_materialized.sql,warmup,2,1,1,2,0.105360,0.105360,51.946,0.053414,0.002993,0.006039,7168,0,1.842773437500000000,1.703308105468750000,,
2026-09-11T18:52:03Z,E3AF0BCFF73FBED9,18.4,queries/tpch/tpch-queries/q22/v1_materialized.sql,measured,1,1,1,2,0.091551,0.091551,52.099,0.039452,0.004220,0.002585,7168,0,2.006896972656250000,1.862854003906250000,,
2026-09-11T18:52:03Z,E3AF0BCFF73FBED9,18.4,queries/tpch/tpch-queries/q22/v1_materialized.sql,measured,1,2,1,2,0.142891,0.071445,102.632,0.040259,0.001649,0.005232,7168,0,3.470703125000000000,3.266601562500000000,,
2026-09-11T18:52:03Z,E3AF0BCFF73FBED9,18.4,queries/tpch/tpch-queries/q22/v1_materialized.sql,measured,1,4,1,2,0.315688,0.078922,212.500,0.103188,0.003107,0.005541,7168,0,6.504150390625000000,6.052307128906250000,,
2026-09-11T18:52:04Z,E3AF0BCFF73FBED9,18.4,queries/tpch/tpch-queries/q22/v1_materialized.sql,measured,1,8,1,2,0.523243,0.065405,415.168,0.108075,0.003564,0.004504,7168,0,12.395019531250000000,11.663024902343750000,,
2026-09-11T18:52:05Z,E3AF0BCFF73FBED9,18.4,queries/tpch/tpch-queries/q22/v1_materialized.sql,measured,1,16,1,2,1.057718,0.066107,893.443,0.164275,0.001879,0.006269,7168,0,24.009704589843750000,22.459716796875000000,,
2026-09-11T18:52:10Z,643EC7D04DD38B7F,18.4,queries/tpch/tpch-queries/q12/v1_materialized.sql,warmup,1,1,1,2,1.295984,1.295984,1111.969,0.184015,0.001683,0.005461,7168,0,28.194580078125000000,25.065429687500000000,,
2026-09-11T18:52:10Z,643EC7D04DD38B7F,18.4,queries/tpch/tpch-queries/q12/v1_materialized.sql,warmup,2,1,1,2,0.425864,0.425864,385.275,0.040589,0.000000,0.007121,7168,0,14.606933593750000000,14.005676269531250000,,
2026-09-11T18:52:11Z,643EC7D04DD38B7F,18.4,queries/tpch/tpch-queries/q12/v1_materialized.sql,measured,1,1,1,2,0.530093,0.530093,431.230,0.098863,0.003488,0.004339,7168,0,13.717041015625000000,12.875976562500000000,,
2026-09-11T18:52:11Z,643EC7D04DD38B7F,18.4,queries/tpch/tpch-queries/q12/v1_materialized.sql,measured,1,2,1,2,0.801085,0.400542,760.863,0.040222,0.002052,0.004915,7168,0,28.500793457031250000,27.313049316406250000,,
2026-09-11T18:52:13Z,643EC7D04DD38B7F,18.4,queries/tpch/tpch-queries/q12/v1_materialized.sql,measured,1,4,1,2,1.670790,0.417697,1570.674,0.100116,0.005883,0.001787,7168,0,53.582641601562500000,51.243835449218750000,,
2026-09-11T18:52:16Z,643EC7D04DD38B7F,18.4,queries/tpch/tpch-queries/q12/v1_materialized.sql,measured,1,8,1,2,3.298895,0.412362,3152.230,0.146665,0.002866,0.004714,7168,0,104.044250488281250000,99.166931152343750000,,
2026-09-11T18:52:23Z,643EC7D04DD38B7F,18.4,queries/tpch/tpch-queries/q12/v1_materialized.sql,measured,1,16,1,2,6.584159,0.411510,6530.264,0.053895,0.003031,0.003924,7168,0,193.078430175781250000,183.807922363281250000,,
2026-09-11T18:52:28Z,5F911DA2A8E6BB84,18.4,queries/tpch/tpch-queries/q16/v1_materialized.sql,warmup,1,1,1,2,0.638917,0.638917,403.338,0.235579,0.002875,0.004637,7168,0,8.980346679687500000,7.752502441406250000,,
2026-09-11T18:52:28Z,5F911DA2A8E6BB84,18.4,queries/tpch/tpch-queries/q16/v1_materialized.sql,warmup,2,1,1,2,0.277825,0.277825,219.631,0.058194,0.004613,0.005456,7168,0,6.666931152343750000,6.309204101562500000,,
2026-09-11T18:52:28Z,5F911DA2A8E6BB84,18.4,queries/tpch/tpch-queries/q16/v1_materialized.sql,measured,1,1,1,2,0.317694,0.317694,220.309,0.097385,0.002535,0.005145,7168,0,6.810974121093750000,6.362182617187500000,,
2026-09-11T18:52:29Z,5F911DA2A8E6BB84,18.4,queries/tpch/tpch-queries/q16/v1_materialized.sql,measured,1,2,1,2,0.543243,0.271621,444.821,0.098422,0.001899,0.006316,7168,0,13.060852050781250000,12.241027832031250000,,
2026-09-11T18:52:30Z,5F911DA2A8E6BB84,18.4,queries/tpch/tpch-queries/q16/v1_materialized.sql,measured,1,4,1,2,1.011832,0.252958,913.348,0.098484,0.005223,0.002955,7168,0,24.535217285156250000,23.075073242187500000,,
2026-09-11T18:52:32Z,5F911DA2A8E6BB84,18.4,queries/tpch/tpch-queries/q16/v1_materialized.sql,measured,1,8,1,2,1.962940,0.245367,1857.596,0.105344,0.002011,0.005892,7168,0,47.031005859375000000,44.500793457031250000,,
2026-09-11T18:52:35Z,5F911DA2A8E6BB84,18.4,queries/tpch/tpch-queries/q16/v1_materialized.sql,measured,1,16,1,2,3.838210,0.239888,3729.841,0.108369,0.003663,0.004643,7168,0,94.937805175781250000,89.611022949218750000,,
2026-09-11T18:53:28Z,6AAA11ACF560D48F,18.4,queries/tpch/tpch-queries/q02/v1_materialized.sql,warmup,1,1,1,2,49.019183,49.019183,48782.376,0.236807,0.005897,0.002032,7168,0,510.230529785156250000,443.314392089843750000,,
2026-09-11T18:54:14Z,6AAA11ACF560D48F,18.4,queries/tpch/tpch-queries/q02/v1_materialized.sql,warmup,2,1,1,2,46.315217,46.315217,46271.496,0.043721,0.003321,0.007014,7168,0,540.244384765625000000,478.497436523437500000,,
2026-09-11T18:55:01Z,6AAA11ACF560D48F,18.4,queries/tpch/tpch-queries/q02/v1_materialized.sql,measured,1,1,1,2,46.606455,46.606455,46514.499,0.091956,0.005570,0.002499,7168,0,526.052734375000000000,465.385986328125000000,,
2026-09-11T18:56:36Z,6AAA11ACF560D48F,18.4,queries/tpch/tpch-queries/q02/v1_materialized.sql,measured,1,2,1,2,94.964213,47.482106,94872.625,0.091588,0.004967,0.003051,7168,0,1018.972229003906250000,896.111206054687500000,,
2026-09-11T18:59:42Z,6AAA11ACF560D48F,18.4,queries/tpch/tpch-queries/q02/v1_materialized.sql,measured,1,4,1,2,186.356382,46.589096,186255.620,0.100762,0.003756,0.005648,7168,0,2045.422668457031250000,1803.117675781250000000,,
2026-09-11T19:06:00Z,6AAA11ACF560D48F,18.4,queries/tpch/tpch-queries/q02/v1_materialized.sql,measured,1,8,1,2,377.844322,47.230540,377740.048,0.104274,0.004239,0.004125,7168,0,4007.820129394531250000,3517.118591308593750000,,
2026-09-11T19:18:25Z,6AAA11ACF560D48F,18.4,queries/tpch/tpch-queries/q02/v1_materialized.sql,measured,1,16,1,2,744.750020,46.546876,744640.339,0.109681,0.004109,0.004109,7168,0,8166.301879882812500000,7197.451660156250000000,,
2026-09-11T19:18:33Z,21D05C0DD8600853,18.4,queries/tpch/tpch-queries/q18/v2_join.sql,warmup,1,1,1,2,5.011215,5.011215,4825.035,0.186180,0.003779,0.003031,7168,0,153.622314453125000000,143.186889648437500000,,
2026-09-11T19:18:38Z,21D05C0DD8600853,18.4,queries/tpch/tpch-queries/q18/v2_join.sql,warmup,2,1,1,2,4.404434,4.404434,4363.671,0.040763,0.003533,0.003648,7168,0,132.787353515625000000,126.421752929687500000,,
2026-09-11T19:18:42Z,21D05C0DD8600853,18.4,queries/tpch/tpch-queries/q18/v2_join.sql,measured,1,1,1,2,4.579162,4.579162,4474.452,0.104710,0.004309,0.003442,7168,0,125.941833496093750000,119.085571289062500000,,
2026-09-11T19:18:52Z,21D05C0DD8600853,18.4,queries/tpch/tpch-queries/q18/v2_join.sql,measured,1,2,1,2,9.231739,4.615869,9139.259,0.092480,0.002700,0.004525,7168,0,238.819091796875000000,225.477111816406250000,,
2026-09-11T19:19:10Z,21D05C0DD8600853,18.4,queries/tpch/tpch-queries/q18/v2_join.sql,measured,1,4,1,2,18.876963,4.719241,18760.162,0.116801,0.003789,0.004773,7168,0,456.213500976562500000,428.479797363281250000,,
2026-09-11T19:19:49Z,21D05C0DD8600853,18.4,queries/tpch/tpch-queries/q18/v2_join.sql,measured,1,8,1,2,38.821818,4.852727,38716.772,0.105046,0.003626,0.003677,7168,0,852.173400878906250000,796.206481933593750000,,
2026-09-11T19:21:07Z,21D05C0DD8600853,18.4,queries/tpch/tpch-queries/q18/v2_join.sql,measured,1,16,1,2,77.349675,4.834355,77222.095,0.127580,0.003075,0.005348,7168,0,1697.467102050781250000,1586.903503417968750000,,
2026-09-11T19:21:11Z,0DA29C656A81042E,18.4,queries/tpch/tpch-queries/q02/v2_decorrelate.sql,warmup,1,1,1,2,0.620807,0.620807,385.729,0.235078,0.001077,0.006160,7168,0,6.077453613281250000,4.877868652343750000,,
2026-09-11T19:21:11Z,0DA29C656A81042E,18.4,queries/tpch/tpch-queries/q02/v2_decorrelate.sql,warmup,2,1,1,2,0.258142,0.258142,206.584,0.051558,0.004207,0.005185,7168,0,3.955444335937500000,3.611328125000000000,,
2026-09-11T19:21:12Z,0DA29C656A81042E,18.4,queries/tpch/tpch-queries/q02/v2_decorrelate.sql,measured,1,1,1,2,0.326591,0.326591,220.583,0.106008,0.001068,0.007370,7168,0,3.992919921875000000,3.508483886718750000,,
2026-09-11T19:21:12Z,0DA29C656A81042E,18.4,queries/tpch/tpch-queries/q02/v2_decorrelate.sql,measured,1,2,1,2,0.520571,0.260285,415.888,0.104683,0.001257,0.007219,7168,0,7.529418945312500000,6.719299316406250000,,
2026-09-11T19:21:13Z,0DA29C656A81042E,18.4,queries/tpch/tpch-queries/q02/v2_decorrelate.sql,measured,1,4,1,2,0.922009,0.230502,810.096,0.111913,0.005542,0.002788,7168,0,14.532775878906250000,13.167541503906250000,,
2026-09-11T19:21:15Z,0DA29C656A81042E,18.4,queries/tpch/tpch-queries/q02/v2_decorrelate.sql,measured,1,8,1,2,1.717931,0.214741,1605.462,0.112469,0.003746,0.004683,7168,0,28.349853515625000000,26.084655761718750000,,
2026-09-11T19:21:18Z,0DA29C656A81042E,18.4,queries/tpch/tpch-queries/q02/v2_decorrelate.sql,measured,1,16,1,2,3.359257,0.209954,3231.841,0.127416,0.003830,0.004387,7168,0,55.586181640625000000,51.091674804687500000,,
2026-09-11T19:21:22Z,36CC58DA221C04F6,18.4,queries/tpch/tpch-queries/q22/base.sql,warmup,1,1,1,2,0.299753,0.299753,114.947,0.184806,0.002010,0.004767,7296,0,3.140991210937500000,2.540893554687500000,,
2026-09-11T19:21:22Z,36CC58DA221C04F6,18.4,queries/tpch/tpch-queries/q22/base.sql,warmup,2,1,1,2,0.119699,0.119699,61.103,0.058596,0.001895,0.007728,7168,0,1.953979492187500000,1.779968261718750000,,
2026-09-11T19:21:22Z,36CC58DA221C04F6,18.4,queries/tpch/tpch-queries/q22/base.sql,measured,1,1,1,2,0.091115,0.091115,51.694,0.039421,0.004802,0.002008,7168,0,1.997436523437500000,1.863037109375000000,,
2026-09-11T19:21:22Z,36CC58DA221C04F6,18.4,queries/tpch/tpch-queries/q22/base.sql,measured,1,2,1,2,0.150437,0.075218,110.248,0.040189,0.003439,0.003580,7168,0,3.560180664062500000,3.338317871093750000,,
2026-09-11T19:21:23Z,36CC58DA221C04F6,18.4,queries/tpch/tpch-queries/q22/base.sql,measured,1,4,1,2,0.315321,0.078830,214.873,0.100448,0.002036,0.006985,7168,0,6.565246582031250000,6.106567382812500000,,
2026-09-11T19:21:23Z,36CC58DA221C04F6,18.4,queries/tpch/tpch-queries/q22/base.sql,measured,1,8,1,2,0.523568,0.065446,420.119,0.103449,0.005983,0.002055,7168,0,12.468322753906250000,11.723754882812500000,,
2026-09-11T19:21:24Z,36CC58DA221C04F6,18.4,queries/tpch/tpch-queries/q22/base.sql,measured,1,16,1,2,0.988880,0.061805,873.796,0.115084,0.005120,0.002924,7168,0,24.016174316406250000,22.532226562500000000,,
2026-09-11T19:21:35Z,C12BD7C93D6764A6,18.4,queries/tpch/tpch-queries/q05/v1_materialized.sql,warmup,1,1,1,2,7.142515,7.142515,6949.260,0.193255,0.004475,0.003019,7168,0,28.997436523437500000,13.756103515625000000,,
2026-09-11T19:21:35Z,C12BD7C93D6764A6,18.4,queries/tpch/tpch-queries/q05/v1_materialized.sql,warmup,2,1,1,2,0.281141,0.281141,236.633,0.044508,0.003652,0.005622,7168,0,4.288696289062500000,3.820190429687500000,,
2026-09-11T19:21:35Z,C12BD7C93D6764A6,18.4,queries/tpch/tpch-queries/q05/v1_materialized.sql,measured,1,1,1,2,0.329745,0.329745,238.495,0.091250,0.002098,0.005759,7168,0,4.418823242187500000,3.913635253906250000,,
2026-09-11T19:21:36Z,C12BD7C93D6764A6,18.4,queries/tpch/tpch-queries/q05/v1_materialized.sql,measured,1,2,1,2,0.516575,0.258287,471.060,0.045515,0.002282,0.005512,7168,0,7.197326660156250000,6.498474121093750000,,
2026-09-11T19:21:37Z,C12BD7C93D6764A6,18.4,queries/tpch/tpch-queries/q05/v1_materialized.sql,measured,1,4,1,2,1.019939,0.254985,923.105,0.096834,0.004703,0.003726,7168,0,13.969421386718750000,12.547363281250000000,,
2026-09-11T19:21:39Z,C12BD7C93D6764A6,18.4,queries/tpch/tpch-queries/q05/v1_materialized.sql,measured,1,8,1,2,1.937269,0.242159,1821.932,0.115337,0.003714,0.004593,7168,0,26.729492187500000000,23.967834472656250000,,
2026-09-11T19:21:43Z,C12BD7C93D6764A6,18.4,queries/tpch/tpch-queries/q05/v1_materialized.sql,measured,1,16,1,2,3.722137,0.232634,3596.182,0.125955,0.004700,0.003733,7168,0,53.672668457031250000,48.369079589843750000,,
2026-09-11T19:21:47Z,6CF5196BD84F6A0F,18.4,queries/tpch/tpch-queries/q22/base.sql,warmup,1,1,1,2,0.300516,0.300516,116.021,0.184495,0.001769,0.005089,7168,0,2.960876464843750000,2.369812011718750000,,
2026-09-11T19:21:47Z,6CF5196BD84F6A0F,18.4,queries/tpch/tpch-queries/q22/base.sql,warmup,2,1,1,2,0.118324,0.118324,60.029,0.058295,0.003158,0.006359,7168,0,1.861022949218750000,1.697326660156250000,,
2026-09-11T19:21:47Z,6CF5196BD84F6A0F,18.4,queries/tpch/tpch-queries/q22/base.sql,measured,1,1,1,2,0.180214,0.180214,60.014,0.120200,0.004518,0.006335,7168,0,2.036071777343750000,1.758789062500000000,,
2026-09-11T19:21:47Z,6CF5196BD84F6A0F,18.4,queries/tpch/tpch-queries/q22/base.sql,measured,1,2,1,2,0.156425,0.078213,111.520,0.044905,0.002842,0.004066,7168,0,3.541687011718750000,3.311462402343750000,,
2026-09-11T19:21:48Z,6CF5196BD84F6A0F,18.4,queries/tpch/tpch-queries/q22/base.sql,measured,1,4,1,2,0.264253,0.066063,204.829,0.059424,0.005020,0.004052,7168,0,6.187072753906250000,5.839538574218750000,,
2026-09-11T19:21:48Z,6CF5196BD84F6A0F,18.4,queries/tpch/tpch-queries/q22/base.sql,measured,1,8,1,2,0.543422,0.067928,436.560,0.106862,0.002982,0.005219,7168,0,12.015869140625000000,11.265747070312500000,,
2026-09-11T19:21:49Z,6CF5196BD84F6A0F,18.4,queries/tpch/tpch-queries/q22/base.sql,measured,1,16,1,2,0.970183,0.060636,851.516,0.118667,0.003155,0.005111,7168,0,23.761108398437500000,22.316101074218750000,,
2026-09-11T19:21:54Z,7E9E3AC99BEB09BE,18.4,queries/tpch/tpch-queries/q04/v1_materialized.sql,warmup,1,1,1,2,1.645422,1.645422,1462.655,0.182767,0.001850,0.005377,7168,0,15.687866210937500000,12.053466796875000000,,
2026-09-11T19:21:54Z,7E9E3AC99BEB09BE,18.4,queries/tpch/tpch-queries/q04/v1_materialized.sql,warmup,2,1,1,2,0.129644,0.129644,90.331,0.039313,0.000899,0.006187,7168,0,3.644897460937500000,3.441833496093750000,,
2026-09-11T19:21:54Z,7E9E3AC99BEB09BE,18.4,queries/tpch/tpch-queries/q04/v1_materialized.sql,measured,1,1,1,2,0.183760,0.183760,90.582,0.093178,0.000000,0.008055,7168,0,3.794067382812500000,3.483947753906250000,,
2026-09-11T19:21:55Z,7E9E3AC99BEB09BE,18.4,queries/tpch/tpch-queries/q04/v1_materialized.sql,measured,1,2,1,2,0.300361,0.150181,197.606,0.102755,0.004609,0.003716,7168,0,5.994567871093750000,5.521423339843750000,,
2026-09-11T19:21:55Z,7E9E3AC99BEB09BE,18.4,queries/tpch/tpch-queries/q04/v1_materialized.sql,measured,1,4,1,2,0.450511,0.112628,356.191,0.094320,0.001802,0.005352,7168,0,12.188537597656250000,11.456420898437500000,,
2026-09-11T19:21:56Z,7E9E3AC99BEB09BE,18.4,queries/tpch/tpch-queries/q04/v1_materialized.sql,measured,1,8,1,2,0.793684,0.099211,691.767,0.101917,0.001912,0.005635,7168,0,23.754455566406250000,22.560180664062500000,,
2026-09-11T19:21:57Z,7E9E3AC99BEB09BE,18.4,queries/tpch/tpch-queries/q04/v1_materialized.sql,measured,1,16,1,2,1.455600,0.090975,1351.940,0.103660,0.002857,0.004629,7168,0,47.871704101562500000,45.659606933593750000,,
2026-09-11T19:22:12Z,B59203720079FA54,18.4,queries/tpch/tpch-queries/q08/base.sql,warmup,1,1,1,2,11.241425,11.241425,11047.188,0.194237,0.003814,0.003378,7168,0,46.993896484375000000,23.207092285156250000,,
2026-09-11T19:22:13Z,B59203720079FA54,18.4,queries/tpch/tpch-queries/q08/base.sql,warmup,2,1,1,2,0.406488,0.406488,363.246,0.043242,0.005020,0.003993,7168,0,7.085693359375000000,6.519775390625000000,,
2026-09-11T19:22:13Z,B59203720079FA54,18.4,queries/tpch/tpch-queries/q08/base.sql,measured,1,1,1,2,0.457692,0.457692,367.860,0.089832,0.002699,0.004513,7168,0,7.099487304687500000,6.429138183593750000,,
2026-09-11T19:22:14Z,B59203720079FA54,18.4,queries/tpch/tpch-queries/q08/base.sql,measured,1,2,1,2,0.789583,0.394791,697.855,0.091728,0.002753,0.004680,7168,0,13.065368652343750000,11.886901855468750000,,
2026-09-11T19:22:16Z,B59203720079FA54,18.4,queries/tpch/tpch-queries/q08/base.sql,measured,1,4,1,2,1.445358,0.361339,1350.294,0.095064,0.000000,0.007521,7168,0,24.646728515625000000,22.652709960937500000,,
2026-09-11T19:22:18Z,B59203720079FA54,18.4,queries/tpch/tpch-queries/q08/base.sql,measured,1,8,1,2,2.717164,0.339646,2616.062,0.101102,0.003633,0.003682,7168,0,49.143127441406250000,45.335510253906250000,,
2026-09-11T19:22:24Z,B59203720079FA54,18.4,queries/tpch/tpch-queries/q08/base.sql,measured,1,16,1,2,5.397016,0.337313,5235.239,0.161777,0.001790,0.005410,7168,0,96.994140625000000000,89.459777832031250000,,
2026-09-11T19:22:29Z,23F433FE74394D96,18.4,queries/tpch/tpch-queries/q19/base.sql,warmup,1,1,1,2,1.140234,1.140234,958.622,0.181612,0.002772,0.004069,7168,0,24.889770507812500000,22.189636230468750000,,
2026-09-11T19:22:29Z,23F433FE74394D96,18.4,queries/tpch/tpch-queries/q19/base.sql,warmup,2,1,1,2,0.399253,0.399253,359.495,0.039758,0.001678,0.005290,7168,0,13.861450195312500000,13.298339843750000000,,
2026-09-11T19:22:29Z,23F433FE74394D96,18.4,queries/tpch/tpch-queries/q19/base.sql,measured,1,1,1,2,0.519876,0.519876,421.668,0.098208,0.003841,0.003774,7168,0,12.599914550781250000,11.775451660156250000,,
2026-09-11T19:22:30Z,23F433FE74394D96,18.4,queries/tpch/tpch-queries/q19/base.sql,measured,1,2,1,2,0.893715,0.446857,790.164,0.103551,0.002731,0.005400,7168,0,25.639343261718750000,24.244018554687500000,,
2026-09-11T19:22:32Z,23F433FE74394D96,18.4,queries/tpch/tpch-queries/q19/base.sql,measured,1,4,1,2,1.570726,0.392681,1471.513,0.099213,0.001910,0.005612,7168,0,51.344238281250000000,49.136169433593750000,,
2026-09-11T19:22:35Z,23F433FE74394D96,18.4,queries/tpch/tpch-queries/q19/base.sql,measured,1,8,1,2,3.060985,0.382623,2965.794,0.095191,0.005341,0.001794,7168,0,97.209289550781250000,92.871826171875000000,,
2026-09-11T19:22:41Z,23F433FE74394D96,18.4,queries/tpch/tpch-queries/q19/base.sql,measured,1,16,1,2,6.308823,0.394301,6193.267,0.115556,0.001680,0.006058,7168,0,181.154174804687500000,172.126708984375000000,,
2026-09-11T19:22:53Z,0F52C3D051E144FF,18.4,queries/tpch/tpch-queries/q05/v1_materialized.sql,warmup,1,1,1,2,7.830252,7.830252,7636.145,0.194107,0.003772,0.003609,7168,0,32.670532226562500000,15.884033203125000000,,
2026-09-11T19:22:53Z,0F52C3D051E144FF,18.4,queries/tpch/tpch-queries/q05/v1_materialized.sql,warmup,2,1,1,2,0.278813,0.278813,236.359,0.042454,0.000987,0.006816,7168,0,4.116088867187500000,3.722595214843750000,,
2026-09-11T19:22:54Z,0F52C3D051E144FF,18.4,queries/tpch/tpch-queries/q05/v1_materialized.sql,measured,1,1,1,2,0.328168,0.328168,238.596,0.089572,0.002089,0.005132,7168,0,4.408935546875000000,3.892211914062500000,,
2026-09-11T19:22:54Z,0F52C3D051E144FF,18.4,queries/tpch/tpch-queries/q05/v1_materialized.sql,measured,1,2,1,2,0.563739,0.281869,471.055,0.092684,0.001017,0.007043,7168,0,7.395263671875000000,6.567749023437500000,,
2026-09-11T19:22:55Z,0F52C3D051E144FF,18.4,queries/tpch/tpch-queries/q05/v1_materialized.sql,measured,1,4,1,2,1.028315,0.257079,931.503,0.096812,0.001790,0.006316,7168,0,13.633972167968750000,12.176025390625000000,,
2026-09-11T19:22:57Z,0F52C3D051E144FF,18.4,queries/tpch/tpch-queries/q05/v1_materialized.sql,measured,1,8,1,2,1.928940,0.241118,1826.183,0.102757,0.005071,0.002992,7168,0,26.851318359375000000,24.145507812500000000,,
2026-09-11T19:23:01Z,0F52C3D051E144FF,18.4,queries/tpch/tpch-queries/q05/v1_materialized.sql,measured,1,16,1,2,3.701992,0.231374,3585.353,0.116639,0.005018,0.002968,7168,0,53.569580078125000000,48.106506347656250000,,
2026-09-11T19:23:06Z,489CA3B42F9B6E9F,18.4,queries/tpch/tpch-queries/q21/v1_materialized.sql,warmup,1,1,1,2,1.433546,1.433546,1246.798,0.186748,0.006278,0.001093,7168,0,30.296569824218750000,26.885559082031250000,,
2026-09-11T19:23:06Z,489CA3B42F9B6E9F,18.4,queries/tpch/tpch-queries/q21/v1_materialized.sql,warmup,2,1,1,2,0.504325,0.504325,463.459,0.040866,0.000903,0.006222,7168,0,15.760498046875000000,14.963928222656250000,,
2026-09-11T19:23:07Z,489CA3B42F9B6E9F,18.4,queries/tpch/tpch-queries/q21/v1_materialized.sql,measured,1,1,1,2,0.604703,0.604703,465.268,0.139435,0.005249,0.001948,7168,0,16.277038574218750000,15.268432617187500000,,
2026-09-11T19:23:08Z,489CA3B42F9B6E9F,18.4,queries/tpch/tpch-queries/q21/v1_materialized.sql,measured,1,2,1,2,0.967079,0.483539,922.202,0.044877,0.001050,0.006150,7168,0,29.417846679687500000,28.041625976562500000,,
2026-09-11T19:23:10Z,489CA3B42F9B6E9F,18.4,queries/tpch/tpch-queries/q21/v1_materialized.sql,measured,1,4,1,2,1.865263,0.466316,1771.829,0.093434,0.003916,0.003106,7168,0,59.134887695312500000,56.448547363281250000,,
2026-09-11T19:23:13Z,489CA3B42F9B6E9F,18.4,queries/tpch/tpch-queries/q21/v1_materialized.sql,measured,1,8,1,2,3.674361,0.459295,3571.950,0.102411,0.002055,0.004956,7168,0,115.689392089843750000,110.283569335937500000,,
2026-09-11T19:23:21Z,489CA3B42F9B6E9F,18.4,queries/tpch/tpch-queries/q21/v1_materialized.sql,measured,1,16,1,2,7.463336,0.466459,7347.026,0.116310,0.004486,0.002696,7168,0,218.443908691406250000,207.622680664062500000,,
2026-09-11T19:23:26Z,47655AFC5C0304EE,18.4,queries/tpch/tpch-queries/q15/base.sql,warmup,1,1,1,2,1.120871,1.120871,936.741,0.184130,0.005270,0.002132,7168,0,21.714721679687500000,19.015380859375000000,,
2026-09-11T19:23:26Z,47655AFC5C0304EE,18.4,queries/tpch/tpch-queries/q15/base.sql,warmup,2,1,1,2,0.337397,0.337397,297.520,0.039877,0.001061,0.006136,7168,0,9.356811523437500000,8.832641601562500000,,
2026-09-11T19:23:27Z,47655AFC5C0304EE,18.4,queries/tpch/tpch-queries/q15/base.sql,measured,1,1,1,2,0.442805,0.442805,341.183,0.101622,0.002277,0.005476,7168,0,9.209045410156250000,8.516662597656250000,,
2026-09-11T19:23:27Z,47655AFC5C0304EE,18.4,queries/tpch/tpch-queries/q15/base.sql,measured,1,2,1,2,0.736659,0.368329,638.476,0.098183,0.004652,0.002821,7168,0,17.157653808593750000,15.967834472656250000,,
2026-09-11T19:23:29Z,47655AFC5C0304EE,18.4,queries/tpch/tpch-queries/q15/base.sql,measured,1,4,1,2,1.262327,0.315582,1167.345,0.094982,0.003563,0.003601,7168,0,34.919982910156250000,32.972412109375000000,,
2026-09-11T19:23:31Z,47655AFC5C0304EE,18.4,queries/tpch/tpch-queries/q15/base.sql,measured,1,8,1,2,2.346408,0.293301,2253.384,0.093024,0.002505,0.004648,7168,0,68.136779785156250000,64.542785644531250000,,
2026-09-11T19:23:36Z,47655AFC5C0304EE,18.4,queries/tpch/tpch-queries/q15/base.sql,measured,1,16,1,2,4.763502,0.297719,4660.584,0.102918,0.003597,0.003640,7168,0,129.306823730468750000,121.903747558593750000,,
2026-09-11T19:23:42Z,E7375137D62F058F,18.4,queries/tpch/tpch-queries/q10/v1_materialized.sql,warmup,1,1,1,2,2.071754,2.071754,1879.960,0.191794,0.006240,0.000721,7168,0,25.871215820312500000,21.249084472656250000,,
2026-09-11T19:23:42Z,E7375137D62F058F,18.4,queries/tpch/tpch-queries/q10/v1_materialized.sql,warmup,2,1,1,2,0.303334,0.303334,262.746,0.040588,0.002680,0.004704,7168,0,8.462585449218750000,7.959838867187500000,,
2026-09-11T19:23:42Z,E7375137D62F058F,18.4,queries/tpch/tpch-queries/q10/v1_materialized.sql,measured,1,1,1,2,0.303108,0.303108,262.662,0.040446,0.003231,0.004043,7168,0,8.408020019531250000,7.953125000000000000,,
2026-09-11T19:23:43Z,E7375137D62F058F,18.4,queries/tpch/tpch-queries/q10/v1_materialized.sql,measured,1,2,1,2,0.633433,0.316717,528.076,0.105357,0.006126,0.001876,7168,0,15.944091796875000000,15.021789550781250000,,
2026-09-11T19:23:44Z,E7375137D62F058F,18.4,queries/tpch/tpch-queries/q10/v1_materialized.sql,measured,1,4,1,2,1.137370,0.284342,1035.703,0.101667,0.001768,0.005537,7168,0,30.371032714843750000,28.717407226562500000,,
2026-09-11T19:23:46Z,E7375137D62F058F,18.4,queries/tpch/tpch-queries/q10/v1_materialized.sql,measured,1,8,1,2,2.162423,0.270303,2012.635,0.149788,0.001641,0.005794,7168,0,60.323547363281250000,57.197082519531250000,,
2026-09-11T19:23:50Z,E7375137D62F058F,18.4,queries/tpch/tpch-queries/q10/v1_materialized.sql,measured,1,16,1,2,4.155714,0.259732,4046.230,0.109484,0.009681,0.006873,7168,0,116.209045410156250000,110.227600097656250000,,
2026-09-11T19:23:55Z,46944AB4000B9B96,18.4,queries/tpch/tpch-queries/q11/v1_materialized.sql,warmup,1,1,1,2,0.395384,0.395384,219.450,0.175934,0.003792,0.003033,7168,0,4.747985839843750000,3.913940429687500000,,
2026-09-11T19:23:55Z,46944AB4000B9B96,18.4,queries/tpch/tpch-queries/q11/v1_materialized.sql,warmup,2,1,1,2,0.126318,0.126318,85.055,0.041263,0.002091,0.005044,7168,0,3.200622558593750000,3.020324707031250000,,
2026-09-11T19:23:55Z,46944AB4000B9B96,18.4,queries/tpch/tpch-queries/q11/v1_materialized.sql,measured,1,1,1,2,0.185249,0.185249,85.088,0.100161,0.005266,0.002646,7168,0,3.218688964843750000,2.888732910156250000,,
2026-09-11T19:23:55Z,46944AB4000B9B96,18.4,queries/tpch/tpch-queries/q11/v1_materialized.sql,measured,1,2,1,2,0.271941,0.135971,169.760,0.102181,0.002547,0.005706,7168,0,5.804443359375000000,5.360534667968750000,,
2026-09-11T19:23:56Z,46944AB4000B9B96,18.4,queries/tpch/tpch-queries/q11/v1_materialized.sql,measured,1,4,1,2,0.433752,0.108438,332.220,0.101532,0.000445,0.007624,7168,0,10.054626464843750000,9.369995117187500000,,
2026-09-11T19:23:56Z,46944AB4000B9B96,18.4,queries/tpch/tpch-queries/q11/v1_materialized.sql,measured,1,8,1,2,0.753149,0.094144,646.146,0.107003,0.002636,0.005332,7168,0,19.286193847656250000,18.027343750000000000,,
2026-09-11T19:23:58Z,46944AB4000B9B96,18.4,queries/tpch/tpch-queries/q11/v1_materialized.sql,measured,1,16,1,2,1.388352,0.086772,1334.528,0.053824,0.004373,0.003090,7168,0,41.958190917968750000,39.822753906250000000,,
2026-09-11T19:24:03Z,A308C530478B2054,18.4,queries/tpch/tpch-queries/q12/v2_filter.sql,warmup,1,1,1,2,1.318034,1.318034,1137.822,0.180212,0.003049,0.003822,7168,0,28.172424316406250000,25.019165039062500000,,
2026-09-11T19:24:03Z,A308C530478B2054,18.4,queries/tpch/tpch-queries/q12/v2_filter.sql,warmup,2,1,1,2,0.438378,0.438378,398.710,0.039668,0.004247,0.002907,7168,0,14.350158691406250000,13.655700683593750000,,
2026-09-11T19:24:03Z,A308C530478B2054,18.4,queries/tpch/tpch-queries/q12/v2_filter.sql,measured,1,1,1,2,0.474027,0.474027,402.983,0.071044,0.004268,0.002940,7168,0,14.347473144531250000,13.633544921875000000,,
2026-09-11T19:24:04Z,A308C530478B2054,18.4,queries/tpch/tpch-queries/q12/v2_filter.sql,measured,1,2,1,2,0.842421,0.421210,802.470,0.039951,0.003443,0.003519,7168,0,26.900146484375000000,25.582641601562500000,,
2026-09-11T19:24:06Z,A308C530478B2054,18.4,queries/tpch/tpch-queries/q12/v2_filter.sql,measured,1,4,1,2,1.731898,0.432975,1630.753,0.101145,0.004548,0.003148,7168,0,50.981506347656250000,48.551391601562500000,,
2026-09-11T19:24:09Z,A308C530478B2054,18.4,queries/tpch/tpch-queries/q12/v2_filter.sql,measured,1,8,1,2,3.396902,0.424613,3301.991,0.094911,0.004153,0.002944,7168,0,97.759582519531250000,92.898498535156250000,,
2026-09-11T19:24:16Z,A308C530478B2054,18.4,queries/tpch/tpch-queries/q12/v2_filter.sql,measured,1,16,1,2,6.857535,0.428596,6756.337,0.101198,0.002666,0.004541,7168,0,185.181457519531250000,175.591186523437500000,,
2026-09-11T19:24:22Z,D64C7E38DA0467D8,18.4,queries/tpch/tpch-queries/q04/base.sql,warmup,1,1,1,2,1.661604,1.661604,1478.851,0.182753,0.003151,0.003891,7168,0,19.162048339843750000,15.420166015625000000,,
2026-09-11T19:24:22Z,D64C7E38DA0467D8,18.4,queries/tpch/tpch-queries/q04/base.sql,warmup,2,1,1,2,0.129613,0.129613,90.435,0.039178,0.002536,0.004367,7168,0,3.802429199218750000,3.601684570312500000,,
2026-09-11T19:24:22Z,D64C7E38DA0467D8,18.4,queries/tpch/tpch-queries/q04/base.sql,measured,1,1,1,2,0.195706,0.195706,91.787,0.103919,0.006681,0.001918,7168,0,3.865417480468750000,3.550598144531250000,,
2026-09-11T19:24:22Z,D64C7E38DA0467D8,18.4,queries/tpch/tpch-queries/q04/base.sql,measured,1,2,1,2,0.294554,0.147277,194.086,0.100468,0.003796,0.004660,7168,0,6.304809570312500000,5.825012207031250000,,
2026-09-11T19:24:23Z,D64C7E38DA0467D8,18.4,queries/tpch/tpch-queries/q04/base.sql,measured,1,4,1,2,0.395665,0.098916,354.140,0.041525,0.004009,0.003216,7168,0,12.627319335937500000,12.035766601562500000,,
2026-09-11T19:24:24Z,D64C7E38DA0467D8,18.4,queries/tpch/tpch-queries/q04/base.sql,measured,1,8,1,2,0.816919,0.102115,715.247,0.101672,0.002855,0.004713,7168,0,23.330444335937500000,22.080871582031250000,,
2026-09-11T19:24:25Z,D64C7E38DA0467D8,18.4,queries/tpch/tpch-queries/q04/base.sql,measured,1,16,1,2,1.535205,0.095950,1429.039,0.106166,0.002979,0.004841,7168,0,45.172119140625000000,42.853027343750000000,,
2026-09-11T19:24:30Z,EF482C39243C4B86,18.4,queries/tpch/tpch-queries/q16/v1_materialized.sql,warmup,1,1,1,2,0.641182,0.641182,413.427,0.227755,0.002429,0.004946,7168,0,8.740722656250000000,7.513000488281250000,,
2026-09-11T19:24:30Z,EF482C39243C4B86,18.4,queries/tpch/tpch-queries/q16/v1_materialized.sql,warmup,2,1,1,2,0.285318,0.285318,219.438,0.065880,0.006637,0.003734,7168,0,6.636779785156250000,6.258239746093750000,,
2026-09-11T19:24:30Z,EF482C39243C4B86,18.4,queries/tpch/tpch-queries/q16/v1_materialized.sql,measured,1,1,1,2,0.323370,0.323370,220.885,0.102485,0.006843,0.001989,7168,0,6.788696289062500000,6.276977539062500000,,
2026-09-11T19:24:31Z,EF482C39243C4B86,18.4,queries/tpch/tpch-queries/q16/v1_materialized.sql,measured,1,2,1,2,0.492920,0.246460,452.682,0.040238,0.003668,0.003263,7168,0,12.736328125000000000,12.010192871093750000,,
2026-09-11T19:24:32Z,EF482C39243C4B86,18.4,queries/tpch/tpch-queries/q16/v1_materialized.sql,measured,1,4,1,2,0.989420,0.247355,887.733,0.101687,0.002048,0.006016,7168,0,25.194274902343750000,23.749206542968750000,,
2026-09-11T19:24:34Z,EF482C39243C4B86,18.4,queries/tpch/tpch-queries/q16/v1_materialized.sql,measured,1,8,1,2,1.942985,0.242873,1844.370,0.098615,0.002903,0.004735,7168,0,47.299682617187500000,44.793884277343750000,,
2026-09-11T19:24:37Z,EF482C39243C4B86,18.4,queries/tpch/tpch-queries/q16/v1_materialized.sql,measured,1,16,1,2,3.687552,0.230472,3583.078,0.104474,0.002015,0.005958,7168,0,97.022766113281250000,92.010498046875000000,,
2026-09-11T19:24:41Z,BA701B0193BF9FC4,18.4,queries/tpch/tpch-queries/q22/v2_anti_join.sql,warmup,1,1,1,2,0.479105,0.479105,292.360,0.186745,0.002739,0.004363,7168,0,6.634643554687500000,5.577148437500000000,,
2026-09-11T19:24:41Z,BA701B0193BF9FC4,18.4,queries/tpch/tpch-queries/q22/v2_anti_join.sql,warmup,2,1,1,2,0.146059,0.146059,106.296,0.039763,0.004271,0.002940,7168,0,3.866333007812500000,3.649902343750000000,,
2026-09-11T19:24:42Z,BA701B0193BF9FC4,18.4,queries/tpch/tpch-queries/q22/v2_anti_join.sql,measured,1,1,1,2,0.203801,0.203801,101.124,0.102677,0.003701,0.004591,7168,0,3.804809570312500000,3.469726562500000000,,
2026-09-11T19:24:42Z,BA701B0193BF9FC4,18.4,queries/tpch/tpch-queries/q22/v2_anti_join.sql,measured,1,2,1,2,0.315214,0.157607,217.117,0.098097,0.000952,0.006608,7168,0,6.531616210937500000,6.055297851562500000,,
2026-09-11T19:24:42Z,BA701B0193BF9FC4,18.4,queries/tpch/tpch-queries/q22/v2_anti_join.sql,measured,1,4,1,2,0.545176,0.136294,435.999,0.109177,0.005651,0.002874,7168,0,12.263549804687500000,11.476074218750000000,,
2026-09-11T19:24:43Z,BA701B0193BF9FC4,18.4,queries/tpch/tpch-queries/q22/v2_anti_join.sql,measured,1,8,1,2,0.922845,0.115356,816.024,0.106821,0.003119,0.005097,7168,0,24.288269042968750000,22.809875488281250000,,
2026-09-11T19:24:45Z,BA701B0193BF9FC4,18.4,queries/tpch/tpch-queries/q22/v2_anti_join.sql,measured,1,16,1,2,1.608479,0.100530,1556.662,0.051817,0.003616,0.003725,7168,0,47.367248535156250000,45.099487304687500000,,
2026-09-11T19:24:50Z,8C0D8E55403D85C6,18.4,queries/tpch/tpch-queries/q10/base.sql,warmup,1,1,1,2,2.019149,2.019149,1825.381,0.193768,0.001826,0.005279,7168,0,25.414855957031250000,20.922241210937500000,,
2026-09-11T19:24:51Z,8C0D8E55403D85C6,18.4,queries/tpch/tpch-queries/q10/base.sql,warmup,2,1,1,2,0.289149,0.289149,248.456,0.040693,0.002051,0.004934,7168,0,8.186889648437500000,7.750610351562500000,,
2026-09-11T19:24:51Z,8C0D8E55403D85C6,18.4,queries/tpch/tpch-queries/q10/base.sql,measured,1,1,1,2,0.349105,0.349105,254.584,0.094521,0.003816,0.003706,7168,0,8.276367187500000000,7.687988281250000000,,
2026-09-11T19:24:52Z,8C0D8E55403D85C6,18.4,queries/tpch/tpch-queries/q10/base.sql,measured,1,2,1,2,0.521397,0.260698,479.937,0.041460,0.003864,0.003065,7168,0,15.667846679687500000,14.937072753906250000,,
2026-09-11T19:24:53Z,8C0D8E55403D85C6,18.4,queries/tpch/tpch-queries/q10/base.sql,measured,1,4,1,2,1.077754,0.269438,974.859,0.102895,0.003687,0.003784,7168,0,30.216674804687500000,28.657775878906250000,,
2026-09-11T19:24:55Z,8C0D8E55403D85C6,18.4,queries/tpch/tpch-queries/q10/base.sql,measured,1,8,1,2,2.042838,0.255355,1938.418,0.104420,0.002508,0.004653,7168,0,59.073791503906250000,56.087829589843750000,,
2026-09-11T19:24:59Z,8C0D8E55403D85C6,18.4,queries/tpch/tpch-queries/q10/base.sql,measured,1,16,1,2,4.056677,0.253542,3947.381,0.109296,0.000000,0.007151,7168,0,110.234069824218750000,104.279541015625000000,,
2026-09-11T19:25:04Z,DC4FF4F23A94A0B0,18.4,queries/tpch/tpch-queries/q13/base.sql,warmup,1,1,1,2,1.823891,1.823891,1685.452,0.138439,0.002093,0.004934,7168,0,12.802856445312500000,8.952148437500000000,,
2026-09-11T19:25:06Z,DC4FF4F23A94A0B0,18.4,queries/tpch/tpch-queries/q13/base.sql,warmup,2,1,1,2,1.454001,1.454001,1413.924,0.040077,0.001914,0.005660,7168,0,10.325622558593750000,8.430114746093750000,,
2026-09-11T19:25:07Z,DC4FF4F23A94A0B0,18.4,queries/tpch/tpch-queries/q13/base.sql,measured,1,1,1,2,1.506243,1.506243,1409.839,0.096404,0.003119,0.004646,7168,0,10.321044921875000000,8.450622558593750000,,
2026-09-11T19:25:10Z,DC4FF4F23A94A0B0,18.4,queries/tpch/tpch-queries/q13/base.sql,measured,1,2,1,2,2.886429,1.443214,2788.872,0.097557,0.001001,0.006833,7168,0,19.897644042968750000,16.225036621093750000,,
2026-09-11T19:25:16Z,DC4FF4F23A94A0B0,18.4,queries/tpch/tpch-queries/q13/base.sql,measured,1,4,1,2,5.411497,1.352874,5367.719,0.043778,0.002667,0.004716,7168,0,40.924621582031250000,34.163269042968750000,,
2026-09-11T19:25:26Z,DC4FF4F23A94A0B0,18.4,queries/tpch/tpch-queries/q13/base.sql,measured,1,8,1,2,10.792469,1.349059,10743.259,0.049210,0.002673,0.004736,7168,0,79.576416015625000000,66.473876953125000000,,
2026-09-11T19:25:48Z,DC4FF4F23A94A0B0,18.4,queries/tpch/tpch-queries/q13/base.sql,measured,1,16,1,2,21.108990,1.319312,21049.673,0.059317,0.001038,0.005964,7168,0,161.678527832031250000,136.149780273437500000,,
2026-09-11T19:25:59Z,89836700AA665E41,18.4,queries/tpch/tpch-queries/q05/base.sql,warmup,1,1,1,2,8.300891,8.300891,8109.040,0.191851,0.000916,0.006238,7168,0,36.016174316406250000,18.557189941406250000,,
2026-09-11T19:26:00Z,89836700AA665E41,18.4,queries/tpch/tpch-queries/q05/base.sql,warmup,2,1,1,2,0.315742,0.315742,232.342,0.083400,0.003220,0.004066,7168,0,4.458984375000000000,3.984497070312500000,,
2026-09-11T19:26:00Z,89836700AA665E41,18.4,queries/tpch/tpch-queries/q05/base.sql,measured,1,1,1,2,0.275730,0.275730,232.128,0.043602,0.003329,0.004239,7168,0,4.092529296875000000,3.694274902343750000,,
2026-09-11T19:26:00Z,89836700AA665E41,18.4,queries/tpch/tpch-queries/q05/base.sql,measured,1,2,1,2,0.549490,0.274745,457.270,0.092220,0.002003,0.005912,7168,0,7.542602539062500000,6.740539550781250000,,
2026-09-11T19:26:01Z,89836700AA665E41,18.4,queries/tpch/tpch-queries/q05/base.sql,measured,1,4,1,2,1.013093,0.253273,909.956,0.103137,0.003787,0.004768,7168,0,13.515075683593750000,12.034851074218750000,,
2026-09-11T19:26:03Z,89836700AA665E41,18.4,queries/tpch/tpch-queries/q05/base.sql,measured,1,8,1,2,1.895617,0.236952,1790.994,0.104623,0.004062,0.004974,7168,0,26.803588867187500000,24.189392089843750000,,
2026-09-11T19:26:07Z,89836700AA665E41,18.4,queries/tpch/tpch-queries/q05/base.sql,measured,1,16,1,2,3.691739,0.230734,3571.988,0.119751,0.001025,0.007101,7168,0,53.325866699218750000,48.180541992187500000,,
2026-09-11T19:26:13Z,92E1A8C6D86403B5,18.4,queries/tpch/tpch-queries/q01/base.sql,warmup,1,1,1,2,2.004531,2.004531,1822.956,0.181575,0.001471,0.005651,7168,0,64.492614746093750000,60.069641113281250000,,
2026-09-11T19:26:14Z,92E1A8C6D86403B5,18.4,queries/tpch/tpch-queries/q01/base.sql,warmup,2,1,1,2,1.440406,1.440406,1349.141,0.091265,0.002519,0.004690,7168,0,50.669433593750000000,48.817260742187500000,,
2026-09-11T19:26:16Z,92E1A8C6D86403B5,18.4,queries/tpch/tpch-queries/q01/base.sql,measured,1,1,1,2,1.435106,1.435106,1383.065,0.052041,0.001980,0.005920,7168,0,50.540649414062500000,48.767761230468750000,,
2026-09-11T19:26:19Z,92E1A8C6D86403B5,18.4,queries/tpch/tpch-queries/q01/base.sql,measured,1,2,1,2,2.926656,1.463328,2829.050,0.097606,0.003968,0.003888,7168,0,95.182739257812500000,91.341979980468750000,,
2026-09-11T19:26:24Z,92E1A8C6D86403B5,18.4,queries/tpch/tpch-queries/q01/base.sql,measured,1,4,1,2,5.895281,1.473820,5806.138,0.089143,0.001331,0.005826,7168,0,180.622680664062500000,173.025146484375000000,,
2026-09-11T19:26:37Z,92E1A8C6D86403B5,18.4,queries/tpch/tpch-queries/q01/base.sql,measured,1,8,1,2,12.381987,1.547748,12279.427,0.102560,0.003651,0.003705,7168,0,333.517150878906250000,317.939392089843750000,,
2026-09-11T19:27:03Z,92E1A8C6D86403B5,18.4,queries/tpch/tpch-queries/q01/base.sql,measured,1,16,1,2,26.343784,1.646487,26286.915,0.056869,0.003060,0.005048,7168,0,603.670227050781250000,569.998168945312500000,,
2026-09-11T19:27:14Z,D23C9B22E7A05F7E,18.4,queries/tpch/tpch-queries/q05/v1_materialized.sql,warmup,1,1,1,2,6.933767,6.933767,6741.245,0.192522,0.003627,0.003463,7168,0,31.252563476562500000,16.406494140625000000,,
2026-09-11T19:27:14Z,D23C9B22E7A05F7E,18.4,queries/tpch/tpch-queries/q05/v1_materialized.sql,warmup,2,1,1,2,0.279712,0.279712,238.472,0.041240,0.002616,0.004483,7168,0,4.183715820312500000,3.777893066406250000,,
2026-09-11T19:27:15Z,D23C9B22E7A05F7E,18.4,queries/tpch/tpch-queries/q05/v1_materialized.sql,measured,1,1,1,2,0.335361,0.335361,243.364,0.091997,0.002921,0.004824,7168,0,4.407104492187500000,3.864624023437500000,,
2026-09-11T19:27:15Z,D23C9B22E7A05F7E,18.4,queries/tpch/tpch-queries/q05/v1_materialized.sql,measured,1,2,1,2,0.565904,0.282952,469.282,0.096622,0.003053,0.005009,7168,0,7.424194335937500000,6.587219238281250000,,
2026-09-11T19:27:16Z,D23C9B22E7A05F7E,18.4,queries/tpch/tpch-queries/q05/v1_materialized.sql,measured,1,4,1,2,1.058034,0.264509,949.454,0.108580,0.003164,0.005585,7168,0,13.199645996093750000,11.706115722656250000,,
2026-09-11T19:27:18Z,D23C9B22E7A05F7E,18.4,queries/tpch/tpch-queries/q05/v1_materialized.sql,measured,1,8,1,2,1.961431,0.245179,1845.372,0.116059,0.003912,0.004908,7168,0,26.020385742187500000,23.287353515625000000,,
2026-09-11T19:27:22Z,D23C9B22E7A05F7E,18.4,queries/tpch/tpch-queries/q05/v1_materialized.sql,measured,1,16,1,2,3.754697,0.234669,3625.979,0.128718,0.001285,0.007389,7168,0,53.177429199218750000,47.877624511718750000,,
2026-09-11T19:27:34Z,EDAF44C177050463,18.4,queries/tpch/tpch-queries/q05/base.sql,warmup,1,1,1,2,8.499150,8.499150,8308.285,0.190865,0.001016,0.005821,7168,0,35.318725585937500000,17.285522460937500000,,
2026-09-11T19:27:34Z,EDAF44C177050463,18.4,queries/tpch/tpch-queries/q05/base.sql,warmup,2,1,1,2,0.282745,0.282745,241.753,0.040992,0.003819,0.003340,7168,0,4.191711425781250000,3.805297851562500000,,
2026-09-11T19:27:35Z,EDAF44C177050463,18.4,queries/tpch/tpch-queries/q05/base.sql,measured,1,1,1,2,0.323242,0.323242,233.496,0.089746,0.003603,0.003652,7168,0,4.362731933593750000,3.880554199218750000,,
2026-09-11T19:27:35Z,EDAF44C177050463,18.4,queries/tpch/tpch-queries/q05/base.sql,measured,1,2,1,2,0.560313,0.280156,465.806,0.094507,0.001990,0.005909,7296,0,7.471069335937500000,6.658203125000000000,,
2026-09-11T19:27:36Z,EDAF44C177050463,18.4,queries/tpch/tpch-queries/q05/base.sql,measured,1,4,1,2,1.004112,0.251028,906.961,0.097151,0.005693,0.002859,7168,0,13.774475097656250000,12.377685546875000000,,
2026-09-11T19:27:38Z,EDAF44C177050463,18.4,queries/tpch/tpch-queries/q05/base.sql,measured,1,8,1,2,1.912928,0.239116,1807.696,0.105232,0.003158,0.005139,7168,0,26.740844726562500000,24.074279785156250000,,
2026-09-11T19:27:42Z,EDAF44C177050463,18.4,queries/tpch/tpch-queries/q05/base.sql,measured,1,16,1,2,3.682397,0.230150,3551.980,0.130417,0.004306,0.004192,7168,0,53.371765136718750000,48.162414550781250000,,
2026-09-11T19:27:47Z,02BB61BB60D3EDAB,18.4,queries/tpch/tpch-queries/q12/v2_filter.sql,warmup,1,1,1,2,1.266584,1.266584,1082.530,0.184054,0.000904,0.006167,7168,0,27.963134765625000000,24.936706542968750000,,
2026-09-11T19:27:47Z,02BB61BB60D3EDAB,18.4,queries/tpch/tpch-queries/q12/v2_filter.sql,warmup,2,1,1,2,0.429937,0.429937,390.221,0.039716,0.004432,0.002561,7168,0,14.727111816406250000,14.131530761718750000,,
2026-09-11T19:27:48Z,02BB61BB60D3EDAB,18.4,queries/tpch/tpch-queries/q12/v2_filter.sql,measured,1,1,1,2,0.550923,0.550923,449.612,0.101311,0.002619,0.005200,7168,0,13.634643554687500000,12.799377441406250000,,
2026-09-11T19:27:49Z,02BB61BB60D3EDAB,18.4,queries/tpch/tpch-queries/q12/v2_filter.sql,measured,1,2,1,2,0.926284,0.463142,823.358,0.102926,0.003593,0.004493,7168,0,27.586547851562500000,26.239257812500000000,,
2026-09-11T19:27:50Z,02BB61BB60D3EDAB,18.4,queries/tpch/tpch-queries/q12/v2_filter.sql,measured,1,4,1,2,1.656549,0.414137,1557.895,0.098654,0.002827,0.004640,7168,0,55.517150878906250000,53.192443847656250000,,
2026-09-11T19:27:54Z,02BB61BB60D3EDAB,18.4,queries/tpch/tpch-queries/q12/v2_filter.sql,measured,1,8,1,2,3.187953,0.398494,3093.635,0.094318,0.002656,0.004367,7168,0,108.299560546875000000,103.581359863281250000,,
2026-09-11T19:28:00Z,02BB61BB60D3EDAB,18.4,queries/tpch/tpch-queries/q12/v2_filter.sql,measured,1,16,1,2,6.570468,0.410654,6466.938,0.103530,0.003686,0.003805,7168,0,200.360046386718750000,191.000427246093750000,,
2026-09-11T19:28:05Z,8807AC29AD84F23A,18.4,queries/tpch/tpch-queries/q19/base.sql,warmup,1,1,1,2,1.140890,1.140890,962.107,0.178783,0.003789,0.003046,7168,0,25.347351074218750000,22.606506347656250000,,
2026-09-11T19:28:06Z,8807AC29AD84F23A,18.4,queries/tpch/tpch-queries/q19/base.sql,warmup,2,1,1,2,0.434324,0.434324,394.015,0.040309,0.002468,0.004491,7168,0,12.525390625000000000,11.906921386718750000,,
2026-09-11T19:28:06Z,8807AC29AD84F23A,18.4,queries/tpch/tpch-queries/q19/base.sql,measured,1,1,1,2,0.561712,0.561712,460.428,0.101284,0.003436,0.004306,7168,0,11.724365234375000000,10.855651855468750000,,
2026-09-11T19:28:07Z,8807AC29AD84F23A,18.4,queries/tpch/tpch-queries/q19/base.sql,measured,1,2,1,2,0.812113,0.406056,771.372,0.040741,0.004847,0.002047,7168,0,24.649536132812500000,23.385253906250000000,,
2026-09-11T19:28:09Z,8807AC29AD84F23A,18.4,queries/tpch/tpch-queries/q19/base.sql,measured,1,4,1,2,1.669620,0.417405,1570.066,0.099554,0.002096,0.006125,7168,0,47.150878906250000000,44.806396484375000000,,
2026-09-11T19:28:12Z,8807AC29AD84F23A,18.4,queries/tpch/tpch-queries/q19/base.sql,measured,1,8,1,2,3.288537,0.411067,3134.860,0.153677,0.003554,0.004400,7168,0,91.982788085937500000,87.129821777343750000,,
2026-09-11T19:28:18Z,8807AC29AD84F23A,18.4,queries/tpch/tpch-queries/q19/base.sql,measured,1,16,1,2,6.493833,0.405865,6380.316,0.113517,0.005749,0.011513,7168,0,173.698120117187500000,164.632263183593750000,,
2026-09-11T19:28:23Z,5E322BC0504EA792,18.4,queries/tpch/tpch-queries/q22/v2_anti_join.sql,warmup,1,1,1,2,0.490032,0.490032,304.240,0.185792,0.004228,0.002598,7168,0,6.496948242187500000,5.402160644531250000,,
2026-09-11T19:28:23Z,5E322BC0504EA792,18.4,queries/tpch/tpch-queries/q22/v2_anti_join.sql,warmup,2,1,1,2,0.137157,0.137157,97.914,0.039243,0.004446,0.002441,7168,0,3.786499023437500000,3.589538574218750000,,
2026-09-11T19:28:23Z,5E322BC0504EA792,18.4,queries/tpch/tpch-queries/q22/v2_anti_join.sql,measured,1,1,1,2,0.237304,0.237304,121.983,0.115321,0.003244,0.006267,7168,0,3.533691406250000000,3.144775390625000000,,
2026-09-11T19:28:23Z,5E322BC0504EA792,18.4,queries/tpch/tpch-queries/q22/v2_anti_join.sql,measured,1,2,1,2,0.302501,0.151251,199.575,0.102926,0.004757,0.003853,7168,0,6.961791992187500000,6.504272460937500000,,
2026-09-11T19:28:24Z,5E322BC0504EA792,18.4,queries/tpch/tpch-queries/q22/v2_anti_join.sql,measured,1,4,1,2,0.549550,0.137387,440.674,0.108876,0.000892,0.007166,7168,0,12.249694824218750000,11.372436523437500000,,
2026-09-11T19:28:25Z,5E322BC0504EA792,18.4,queries/tpch/tpch-queries/q22/v2_anti_join.sql,measured,1,8,1,2,0.823690,0.102961,778.179,0.045511,0.005269,0.001780,7168,0,24.613830566406250000,23.340209960937500000,,
2026-09-11T19:28:27Z,5E322BC0504EA792,18.4,queries/tpch/tpch-queries/q22/v2_anti_join.sql,measured,1,16,1,2,1.745267,0.109079,1694.276,0.050991,0.004776,0.002752,7168,0,49.534301757812500000,47.024658203125000000,,
2026-09-11T19:28:32Z,0FF27A66EB6BC130,18.4,queries/tpch/tpch-queries/q04/v1_materialized.sql,warmup,1,1,1,2,1.694480,1.694480,1515.360,0.179120,0.002652,0.004682,7168,0,17.128234863281250000,13.331176757812500000,,
2026-09-11T19:28:32Z,0FF27A66EB6BC130,18.4,queries/tpch/tpch-queries/q04/v1_materialized.sql,warmup,2,1,1,2,0.137185,0.137185,90.901,0.046284,0.004854,0.004760,7168,0,3.635803222656250000,3.433898925781250000,,
2026-09-11T19:28:32Z,0FF27A66EB6BC130,18.4,queries/tpch/tpch-queries/q04/v1_materialized.sql,measured,1,1,1,2,0.183772,0.183772,89.919,0.093853,0.001877,0.006140,7168,0,3.882995605468750000,3.558776855468750000,,
2026-09-11T19:28:32Z,0FF27A66EB6BC130,18.4,queries/tpch/tpch-queries/q04/v1_materialized.sql,measured,1,2,1,2,0.306157,0.153078,195.114,0.111043,0.002965,0.005775,7168,0,6.100402832031250000,5.613830566406250000,,
2026-09-11T19:28:33Z,0FF27A66EB6BC130,18.4,queries/tpch/tpch-queries/q04/v1_materialized.sql,measured,1,4,1,2,0.545652,0.136413,393.657,0.151995,0.004835,0.002968,7168,0,11.090209960937500000,10.230957031250000000,,
2026-09-11T19:28:34Z,0FF27A66EB6BC130,18.4,queries/tpch/tpch-queries/q04/v1_materialized.sql,measured,1,8,1,2,0.796757,0.099595,695.006,0.101751,0.003013,0.004403,7168,0,24.170959472656250000,22.945434570312500000,,
2026-09-11T19:28:35Z,0FF27A66EB6BC130,18.4,queries/tpch/tpch-queries/q04/v1_materialized.sql,measured,1,16,1,2,1.498345,0.093647,1391.676,0.106669,0.005179,0.002584,7168,0,46.352966308593750000,44.050781250000000000,,
2026-09-11T19:28:44Z,1603EBF830C4BEE8,18.4,queries/tpch/tpch-queries/q18/v2_join.sql,warmup,1,1,1,2,5.546772,5.546772,5329.159,0.217613,0.002675,0.004312,7168,0,148.545166015625000000,137.274108886718750000,,
2026-09-11T19:28:49Z,1603EBF830C4BEE8,18.4,queries/tpch/tpch-queries/q18/v2_join.sql,warmup,2,1,1,2,4.555275,4.555275,4513.967,0.041308,0.000927,0.006386,7168,0,125.216796875000000000,118.592285156250000000,,
2026-09-11T19:28:54Z,1603EBF830C4BEE8,18.4,queries/tpch/tpch-queries/q18/v2_join.sql,measured,1,1,1,2,4.727229,4.727229,4621.549,0.105680,0.001850,0.006024,7168,0,120.384033203125000000,113.465637207031250000,,
2026-09-11T19:29:03Z,1603EBF830C4BEE8,18.4,queries/tpch/tpch-queries/q18/v2_join.sql,measured,1,2,1,2,9.460936,4.730468,9379.167,0.081769,0.001902,0.005633,7168,0,233.206054687500000000,219.540039062500000000,,
2026-09-11T19:29:23Z,1603EBF830C4BEE8,18.4,queries/tpch/tpch-queries/q18/v2_join.sql,measured,1,4,1,2,19.471233,4.867808,19359.816,0.111417,0.000000,0.007896,7168,0,430.572387695312500000,402.525085449218750000,,
2026-09-11T19:30:02Z,1603EBF830C4BEE8,18.4,queries/tpch/tpch-queries/q18/v2_join.sql,measured,1,8,1,2,38.967757,4.870970,38840.470,0.127287,0.002922,0.005845,7168,0,855.101745605468750000,799.398071289062500000,,
2026-09-11T19:31:19Z,1603EBF830C4BEE8,18.4,queries/tpch/tpch-queries/q18/v2_join.sql,measured,1,16,1,2,77.726829,4.857927,77597.218,0.129611,0.004516,0.003658,7168,0,1705.614379882812500000,1595.170166015625000000,,
2026-09-11T19:32:12Z,45944A703790D958,18.4,queries/tpch/tpch-queries/q02/v1_materialized.sql,warmup,1,1,1,2,48.733918,48.733918,48498.579,0.235339,0.003607,0.003511,7168,0,532.206726074218750000,465.667907714843750000,,
2026-09-11T19:32:58Z,45944A703790D958,18.4,queries/tpch/tpch-queries/q02/v1_materialized.sql,warmup,2,1,1,2,46.508927,46.508927,46465.334,0.043593,0.005556,0.003875,7168,0,540.426269531250000000,478.465820312500000000,,
2026-09-11T19:33:45Z,45944A703790D958,18.4,queries/tpch/tpch-queries/q02/v1_materialized.sql,measured,1,1,1,2,46.341670,46.341670,46250.535,0.091135,0.005432,0.002724,7168,0,533.354187011718750000,472.141784667968750000,,
2026-09-11T19:35:17Z,45944A703790D958,18.4,queries/tpch/tpch-queries/q02/v1_materialized.sql,measured,1,2,1,2,92.543200,46.271600,92452.163,0.091037,0.002222,0.005381,7168,0,1049.897521972656250000,929.020507812500000000,,
2026-09-11T19:38:22Z,45944A703790D958,18.4,queries/tpch/tpch-queries/q02/v1_materialized.sql,measured,1,4,1,2,184.394129,46.098532,184297.432,0.096697,0.003741,0.004675,7168,0,2092.406188964843750000,1850.685913085937500000,,
2026-09-11T19:44:32Z,45944A703790D958,18.4,queries/tpch/tpch-queries/q02/v1_materialized.sql,measured,1,8,1,2,369.962223,46.245278,369859.143,0.103080,0.002886,0.005756,7168,0,4113.516479492187500000,3629.781860351562500000,,
2026-09-11T19:56:50Z,45944A703790D958,18.4,queries/tpch/tpch-queries/q02/v1_materialized.sql,measured,1,16,1,2,738.353194,46.147075,738241.214,0.111980,0.002161,0.006363,7168,0,8327.753723144531250000,7361.384277343750000000,,
2026-09-11T19:56:55Z,923E870025881808,18.4,queries/tpch/tpch-queries/q21/v1_materialized.sql,warmup,1,1,1,2,1.437380,1.437380,1252.994,0.184386,0.002520,0.004397,7168,0,30.443847656250000000,27.002685546875000000,,
2026-09-11T19:56:56Z,923E870025881808,18.4,queries/tpch/tpch-queries/q21/v1_materialized.sql,warmup,2,1,1,2,0.500102,0.500102,459.686,0.040416,0.003160,0.003964,7168,0,15.394531250000000000,14.698303222656250000,,
2026-09-11T19:56:56Z,923E870025881808,18.4,queries/tpch/tpch-queries/q21/v1_materialized.sql,measured,1,1,1,2,0.623826,0.623826,485.024,0.138802,0.005077,0.002077,7168,0,15.241027832031250000,14.276123046875000000,,
2026-09-11T19:56:57Z,923E870025881808,18.4,queries/tpch/tpch-queries/q21/v1_materialized.sql,measured,1,2,1,2,0.961199,0.480600,916.548,0.044651,0.001519,0.005472,7168,0,29.030822753906250000,27.711791992187500000,,
2026-09-11T19:56:59Z,923E870025881808,18.4,queries/tpch/tpch-queries/q21/v1_materialized.sql,measured,1,4,1,2,1.867140,0.466785,1772.602,0.094538,0.004452,0.002672,7168,0,58.877624511718750000,56.155151367187500000,,
2026-09-11T19:57:03Z,923E870025881808,18.4,queries/tpch/tpch-queries/q21/v1_materialized.sql,measured,1,8,1,2,3.627624,0.453453,3519.952,0.107672,0.002652,0.004499,7168,0,117.134155273437500000,111.730407714843750000,,
2026-09-11T19:57:10Z,923E870025881808,18.4,queries/tpch/tpch-queries/q21/v1_materialized.sql,measured,1,16,1,2,7.396930,0.462308,7283.337,0.113593,0.000000,0.007062,7168,0,220.945739746093750000,210.244140625000000000,,
2026-09-11T19:57:19Z,0F21BA69FDF11178,18.4,queries/tpch/tpch-queries/q17/v2_decorrelate.sql,warmup,1,1,1,2,5.620303,5.620303,5440.859,0.179444,0.003634,0.003634,7168,0,72.234741210937500000,58.622985839843750000,,
2026-09-11T19:57:25Z,0F21BA69FDF11178,18.4,queries/tpch/tpch-queries/q17/v2_decorrelate.sql,warmup,2,1,1,2,5.516435,5.516435,5459.122,0.057313,0.006549,0.003264,7168,0,75.553466796875000000,66.108398437500000000,,
2026-09-11T19:57:31Z,0F21BA69FDF11178,18.4,queries/tpch/tpch-queries/q17/v2_decorrelate.sql,measured,1,1,1,2,5.588267,5.588267,5496.640,0.091627,0.002681,0.004395,7168,0,75.241699218750000000,65.831420898437500000,,
2026-09-11T19:57:41Z,0F21BA69FDF11178,18.4,queries/tpch/tpch-queries/q17/v2_decorrelate.sql,measured,1,2,1,2,10.904360,5.452180,10860.418,0.043942,0.001629,0.005830,7168,0,150.611450195312500000,132.368652343750000000,,
2026-09-11T19:58:03Z,0F21BA69FDF11178,18.4,queries/tpch/tpch-queries/q17/v2_decorrelate.sql,measured,1,4,1,2,21.848868,5.462217,21755.014,0.093854,0.002702,0.004474,7168,0,299.211914062500000000,262.317932128906250000,,
2026-09-11T19:58:47Z,0F21BA69FDF11178,18.4,queries/tpch/tpch-queries/q17/v2_decorrelate.sql,measured,1,8,1,2,43.700105,5.462513,43548.078,0.152027,0.002131,0.005291,7168,0,597.903381347656250000,524.770751953125000000,,
2026-09-11T20:00:14Z,0F21BA69FDF11178,18.4,queries/tpch/tpch-queries/q17/v2_decorrelate.sql,measured,1,16,1,2,86.989521,5.436845,86932.499,0.057022,0.000000,0.007464,7168,0,1193.637634277343750000,1048.129272460937500000,,
2026-09-11T20:00:18Z,25D32F34CA86034C,18.4,queries/tpch/tpch-queries/q22/base.sql,warmup,1,1,1,2,0.289302,0.289302,106.033,0.183269,0.002004,0.004763,7168,0,2.984497070312500000,2.406188964843750000,,
2026-09-11T20:00:18Z,25D32F34CA86034C,18.4,queries/tpch/tpch-queries/q22/base.sql,warmup,2,1,1,2,0.116239,0.116239,60.050,0.056189,0.004212,0.004318,7168,0,1.883972167968750000,1.714843750000000000,,
2026-09-11T20:00:18Z,25D32F34CA86034C,18.4,queries/tpch/tpch-queries/q22/base.sql,measured,1,1,1,2,0.094133,0.094133,52.358,0.041775,0.004011,0.003210,7168,0,1.996154785156250000,1.859985351562500000,,
2026-09-11T20:00:19Z,25D32F34CA86034C,18.4,queries/tpch/tpch-queries/q22/base.sql,measured,1,2,1,2,0.150855,0.075427,110.717,0.040138,0.002552,0.004299,7168,0,3.507446289062500000,3.295776367187500000,,
2026-09-11T20:00:19Z,25D32F34CA86034C,18.4,queries/tpch/tpch-queries/q22/base.sql,measured,1,4,1,2,0.320490,0.080122,212.614,0.107876,0.004564,0.004636,7168,0,6.435607910156250000,5.976196289062500000,,
2026-09-11T20:00:19Z,25D32F34CA86034C,18.4,queries/tpch/tpch-queries/q22/base.sql,measured,1,8,1,2,0.532899,0.066612,425.695,0.107204,0.003936,0.004070,7168,0,12.245361328125000000,11.423522949218750000,,
2026-09-11T20:00:20Z,25D32F34CA86034C,18.4,queries/tpch/tpch-queries/q22/base.sql,measured,1,16,1,2,0.923014,0.057688,824.043,0.098971,0.003705,0.003733,7168,0,24.644348144531250000,23.319885253906250000,,
2026-09-11T20:00:35Z,B21304F8AC4FA1C5,18.4,queries/tpch/tpch-queries/q08/base.sql,warmup,1,1,1,2,11.015512,11.015512,10824.745,0.190767,0.002531,0.004562,7168,0,48.266052246093750000,24.923339843750000000,,
2026-09-11T20:00:35Z,B21304F8AC4FA1C5,18.4,queries/tpch/tpch-queries/q08/base.sql,warmup,2,1,1,2,0.407689,0.407689,366.171,0.041518,0.003565,0.003682,7168,0,6.972167968750000000,6.417358398437500000,,
2026-09-11T20:00:36Z,B21304F8AC4FA1C5,18.4,queries/tpch/tpch-queries/q08/base.sql,measured,1,1,1,2,0.453654,0.453654,362.960,0.090694,0.003621,0.003704,7168,0,7.203918457031250000,6.536437988281250000,,
2026-09-11T20:00:37Z,B21304F8AC4FA1C5,18.4,queries/tpch/tpch-queries/q08/base.sql,measured,1,2,1,2,0.793711,0.396856,700.221,0.093490,0.004732,0.002905,7168,0,12.909240722656250000,11.731994628906250000,,
2026-09-11T20:00:38Z,B21304F8AC4FA1C5,18.4,queries/tpch/tpch-queries/q08/base.sql,measured,1,4,1,2,1.451203,0.362801,1350.775,0.100428,0.004380,0.003022,7168,0,24.542602539062500000,22.489440917968750000,,
2026-09-11T20:00:41Z,B21304F8AC4FA1C5,18.4,queries/tpch/tpch-queries/q08/base.sql,measured,1,8,1,2,2.755947,0.344493,2653.496,0.102451,0.002795,0.004606,7168,0,48.323425292968750000,44.398681640625000000,,
2026-09-11T20:00:46Z,B21304F8AC4FA1C5,18.4,queries/tpch/tpch-queries/q08/base.sql,measured,1,16,1,2,5.375456,0.335966,5239.071,0.136385,0.001911,0.005687,7168,0,95.685302734375000000,88.114624023437500000,,
2026-09-11T20:00:51Z,094256D075342E88,18.4,queries/tpch/tpch-queries/q21/v1_materialized.sql,warmup,1,1,1,2,1.441921,1.441921,1258.303,0.183618,0.004065,0.002803,7168,0,30.210144042968750000,26.765441894531250000,,
2026-09-11T20:00:52Z,094256D075342E88,18.4,queries/tpch/tpch-queries/q21/v1_materialized.sql,warmup,2,1,1,2,0.500717,0.500717,460.436,0.040281,0.001617,0.005223,7168,0,15.704528808593750000,14.919128417968750000,,
2026-09-11T20:00:52Z,094256D075342E88,18.4,queries/tpch/tpch-queries/q21/v1_materialized.sql,measured,1,1,1,2,0.573746,0.573746,483.066,0.090680,0.003215,0.004020,7168,0,15.258911132812500000,14.276489257812500000,,
2026-09-11T20:00:53Z,094256D075342E88,18.4,queries/tpch/tpch-queries/q21/v1_materialized.sql,measured,1,2,1,2,0.932972,0.466486,890.953,0.042019,0.002685,0.004351,7168,0,30.449157714843750000,29.044921875000000000,,
2026-09-11T20:00:55Z,094256D075342E88,18.4,queries/tpch/tpch-queries/q21/v1_materialized.sql,measured,1,4,1,2,1.860908,0.465227,1766.175,0.094733,0.003543,0.003584,7168,0,59.647033691406250000,56.838256835937500000,,
2026-09-11T20:00:59Z,094256D075342E88,18.4,queries/tpch/tpch-queries/q21/v1_materialized.sql,measured,1,8,1,2,3.617760,0.452220,3567.729,0.050031,0.002967,0.004202,7168,0,115.105346679687500000,109.732421875000000000,,
2026-09-11T20:01:06Z,094256D075342E88,18.4,queries/tpch/tpch-queries/q21/v1_materialized.sql,measured,1,16,1,2,7.515161,0.469698,7403.514,0.111647,0.002086,0.005122,7168,0,216.641357421875000000,205.536315917968750000,,
2026-09-11T20:01:17Z,B2A6222DC0727FFB,18.4,queries/tpch/tpch-queries/q05/base.sql,warmup,1,1,1,2,6.960897,6.960897,6771.714,0.189183,0.004274,0.002652,7168,0,29.638000488281250000,14.690856933593750000,,
2026-09-11T20:01:18Z,B2A6222DC0727FFB,18.4,queries/tpch/tpch-queries/q05/base.sql,warmup,2,1,1,2,0.281515,0.281515,239.781,0.041734,0.000953,0.006547,7168,0,4.250427246093750000,3.839843750000000000,,
2026-09-11T20:01:18Z,B2A6222DC0727FFB,18.4,queries/tpch/tpch-queries/q05/base.sql,measured,1,1,1,2,0.333893,0.333893,242.790,0.091103,0.002031,0.006015,7168,0,4.375122070312500000,3.823852539062500000,,
2026-09-11T20:01:19Z,B2A6222DC0727FFB,18.4,queries/tpch/tpch-queries/q05/base.sql,measured,1,2,1,2,0.576976,0.288488,474.947,0.102029,0.004589,0.003666,7168,0,7.291748046875000000,6.445495605468750000,,
2026-09-11T20:01:20Z,B2A6222DC0727FFB,18.4,queries/tpch/tpch-queries/q05/base.sql,measured,1,4,1,2,1.046814,0.261703,946.981,0.099833,0.005298,0.002897,7168,0,13.506408691406250000,12.018371582031250000,,
2026-09-11T20:01:22Z,B2A6222DC0727FFB,18.4,queries/tpch/tpch-queries/q05/base.sql,measured,1,8,1,2,1.984299,0.248037,1868.926,0.115373,0.003388,0.005333,7168,0,25.984985351562500000,23.176513671875000000,,
2026-09-11T20:01:25Z,B2A6222DC0727FFB,18.4,queries/tpch/tpch-queries/q05/base.sql,measured,1,16,1,2,3.775505,0.235969,3642.999,0.132506,0.005040,0.003489,7168,0,52.331726074218750000,46.928222656250000000,,
2026-09-11T20:01:31Z,7DE915BA9C606ED0,18.4,queries/tpch/tpch-queries/q03/base.sql,warmup,1,1,1,2,1.510668,1.510668,1324.513,0.186155,0.000894,0.006105,7168,0,24.943115234375000000,21.424560546875000000,,
2026-09-11T20:01:31Z,7DE915BA9C606ED0,18.4,queries/tpch/tpch-queries/q03/base.sql,warmup,2,1,1,2,0.297937,0.297937,258.214,0.039723,0.004267,0.002606,7168,0,8.826721191406250000,8.399353027343750000,,
2026-09-11T20:01:31Z,7DE915BA9C606ED0,18.4,queries/tpch/tpch-queries/q03/base.sql,measured,1,1,1,2,0.368685,0.368685,271.364,0.097321,0.005539,0.001877,7168,0,8.883972167968750000,8.266967773437500000,,
2026-09-11T20:01:32Z,7DE915BA9C606ED0,18.4,queries/tpch/tpch-queries/q03/base.sql,measured,1,2,1,2,0.541168,0.270584,500.063,0.041105,0.004274,0.002936,7168,0,16.897949218750000000,16.083923339843750000,,
2026-09-11T20:01:33Z,7DE915BA9C606ED0,18.4,queries/tpch/tpch-queries/q03/base.sql,measured,1,4,1,2,1.075793,0.268948,983.589,0.092204,0.001043,0.006020,7168,0,31.540344238281250000,29.992858886718750000,,
2026-09-11T20:01:35Z,7DE915BA9C606ED0,18.4,queries/tpch/tpch-queries/q03/base.sql,measured,1,8,1,2,1.987488,0.248436,1892.430,0.095058,0.004480,0.002692,7168,0,62.987792968750000000,60.081665039062500000,,
2026-09-11T20:01:39Z,7DE915BA9C606ED0,18.4,queries/tpch/tpch-queries/q03/base.sql,measured,1,16,1,2,3.958458,0.247404,3802.536,0.155922,0.003641,0.003675,7168,0,121.651977539062500000,115.776062011718750000,,
2026-09-11T20:01:43Z,6AD6B8C459DAC08E,18.4,queries/tpch/tpch-queries/q02/v2_decorrelate.sql,warmup,1,1,1,2,0.618866,0.618866,381.091,0.237775,0.002815,0.004517,7168,0,6.137512207031250000,4.939270019531250000,,
2026-09-11T20:01:43Z,6AD6B8C459DAC08E,18.4,queries/tpch/tpch-queries/q02/v2_decorrelate.sql,warmup,2,1,1,2,0.303942,0.303942,209.467,0.094475,0.002056,0.006160,7168,0,4.222961425781250000,3.781188964843750000,,
2026-09-11T20:01:44Z,6AD6B8C459DAC08E,18.4,queries/tpch/tpch-queries/q02/v2_decorrelate.sql,measured,1,1,1,2,0.292951,0.292951,235.598,0.057353,0.005426,0.002708,7168,0,3.756225585937500000,3.360961914062500000,,
2026-09-11T20:01:44Z,6AD6B8C459DAC08E,18.4,queries/tpch/tpch-queries/q02/v2_decorrelate.sql,measured,1,2,1,2,0.519862,0.259931,419.157,0.100705,0.003995,0.004085,7168,0,7.473815917968750000,6.745300292968750000,,
2026-09-11T20:01:45Z,6AD6B8C459DAC08E,18.4,queries/tpch/tpch-queries/q02/v2_decorrelate.sql,measured,1,4,1,2,1.015713,0.253928,911.504,0.104209,0.004448,0.003527,7168,0,13.861877441406250000,12.427307128906250000,,
2026-09-11T20:01:47Z,6AD6B8C459DAC08E,18.4,queries/tpch/tpch-queries/q02/v2_decorrelate.sql,measured,1,8,1,2,1.763411,0.220426,1657.808,0.105603,0.003262,0.005320,7168,0,28.004699707031250000,25.704833984375000000,,
2026-09-11T20:01:50Z,6AD6B8C459DAC08E,18.4,queries/tpch/tpch-queries/q02/v2_decorrelate.sql,measured,1,16,1,2,3.423036,0.213940,3287.856,0.135180,0.002667,0.006257,7168,0,56.241638183593750000,51.664550781250000000,,
2026-09-11T20:01:56Z,A116AD547FB56BA5,18.4,queries/tpch/tpch-queries/q04/v1_materialized.sql,warmup,1,1,1,2,1.697231,1.697231,1516.954,0.180277,0.004301,0.002667,7168,0,16.197326660156250000,12.390686035156250000,,
2026-09-11T20:01:56Z,A116AD547FB56BA5,18.4,queries/tpch/tpch-queries/q04/v1_materialized.sql,warmup,2,1,1,2,0.129924,0.129924,90.770,0.039154,0.000000,0.006890,7168,0,3.687622070312500000,3.482971191406250000,,
2026-09-11T20:01:56Z,A116AD547FB56BA5,18.4,queries/tpch/tpch-queries/q04/v1_materialized.sql,measured,1,1,1,2,0.183476,0.183476,90.209,0.093267,0.003140,0.005076,7168,0,3.823059082031250000,3.501098632812500000,,
2026-09-11T20:01:56Z,A116AD547FB56BA5,18.4,queries/tpch/tpch-queries/q04/v1_materialized.sql,measured,1,2,1,2,0.301669,0.150835,197.698,0.103971,0.004904,0.003316,7168,0,6.008605957031250000,5.500915527343750000,,
2026-09-11T20:01:57Z,A116AD547FB56BA5,18.4,queries/tpch/tpch-queries/q04/v1_materialized.sql,measured,1,4,1,2,0.462151,0.115538,364.337,0.097814,0.001940,0.005694,7168,0,12.226196289062500000,11.386108398437500000,,
2026-09-11T20:01:57Z,A116AD547FB56BA5,18.4,queries/tpch/tpch-queries/q04/v1_materialized.sql,measured,1,8,1,2,0.718769,0.089846,674.633,0.044136,0.005278,0.001776,7168,0,24.781677246093750000,23.709960937500000000,,
2026-09-11T20:01:59Z,A116AD547FB56BA5,18.4,queries/tpch/tpch-queries/q04/v1_materialized.sql,measured,1,16,1,2,1.470369,0.091898,1363.773,0.106596,0.002768,0.004794,7168,0,47.124877929687500000,44.909606933593750000,,
2026-09-11T20:02:52Z,CB4A966807642E5E,18.4,queries/tpch/tpch-queries/q02/base.sql,warmup,1,1,1,2,49.524268,49.524268,49289.848,0.234420,0.004969,0.002503,7168,0,518.552124023437500000,451.064147949218750000,,
2026-09-11T20:03:40Z,CB4A966807642E5E,18.4,queries/tpch/tpch-queries/q02/base.sql,warmup,2,1,1,2,47.683630,47.683630,47638.362,0.045268,0.004372,0.006557,7168,0,524.664245605468750000,462.223327636718750000,,
2026-09-11T20:04:28Z,CB4A966807642E5E,18.4,queries/tpch/tpch-queries/q02/base.sql,measured,1,1,1,2,48.226061,48.226061,48133.375,0.092686,0.001011,0.008012,7168,0,506.445678710937500000,444.143493652343750000,,
2026-09-11T20:06:04Z,CB4A966807642E5E,18.4,queries/tpch/tpch-queries/q02/base.sql,measured,1,2,1,2,95.393524,47.696762,95281.083,0.112441,0.004475,0.006482,7168,0,1005.289611816406250000,881.126525878906250000,,
2026-09-11T20:09:11Z,CB4A966807642E5E,18.4,queries/tpch/tpch-queries/q02/base.sql,measured,1,4,1,2,187.148625,46.787156,187052.700,0.095925,0.002108,0.006162,7168,0,2082.776428222656250000,1838.809387207031250000,,
2026-09-11T20:15:28Z,CB4A966807642E5E,18.4,queries/tpch/tpch-queries/q02/base.sql,measured,1,8,1,2,377.469023,47.183628,377367.738,0.101285,0.001384,0.006627,7168,0,4017.236816406250000000,3526.315124511718750000,,
2026-09-11T20:28:04Z,CB4A966807642E5E,18.4,queries/tpch/tpch-queries/q02/base.sql,measured,1,16,1,2,756.269999,47.266875,756145.728,0.124271,0.002433,0.005794,7168,0,7935.253540039062500000,6954.106689453125000000,,
2026-09-11T20:28:10Z,1E7313661808240A,18.4,queries/tpch/tpch-queries/q09/v1_materialized.sql,warmup,1,1,1,2,1.936060,1.936060,1746.713,0.189347,0.003348,0.004195,7168,0,36.049255371093750000,31.801696777343750000,,
2026-09-11T20:28:11Z,1E7313661808240A,18.4,queries/tpch/tpch-queries/q09/v1_materialized.sql,warmup,2,1,1,2,0.933859,0.933859,884.385,0.049474,0.006513,0.003281,7168,0,20.637512207031250000,19.239990234375000000,,
2026-09-11T20:28:12Z,1E7313661808240A,18.4,queries/tpch/tpch-queries/q09/v1_materialized.sql,measured,1,1,1,2,0.990674,0.990674,893.203,0.097471,0.002709,0.005503,7168,0,20.754943847656250000,19.352661132812500000,,
2026-09-11T20:28:14Z,1E7313661808240A,18.4,queries/tpch/tpch-queries/q09/v1_materialized.sql,measured,1,2,1,2,1.862408,0.931204,1764.830,0.097578,0.001767,0.006135,7168,0,41.091064453125000000,38.394775390625000000,,
2026-09-11T20:28:17Z,1E7313661808240A,18.4,queries/tpch/tpch-queries/q09/v1_materialized.sql,measured,1,4,1,2,3.614988,0.903747,3513.139,0.101849,0.003850,0.003761,7168,0,81.196166992187500000,75.886962890625000000,,
2026-09-11T20:28:24Z,1E7313661808240A,18.4,queries/tpch/tpch-queries/q09/v1_materialized.sql,measured,1,8,1,2,7.092558,0.886570,6992.919,0.099639,0.002953,0.004196,7168,0,164.651000976562500000,154.514038085937500000,,
2026-09-11T20:28:39Z,1E7313661808240A,18.4,queries/tpch/tpch-queries/q09/v1_materialized.sql,measured,1,16,1,2,14.322712,0.895169,14163.130,0.159582,0.001820,0.005368,7168,0,324.210388183593750000,303.602233886718750000,,
2026-09-11T20:28:44Z,B2B0EEE03E67FB5F,18.4,queries/tpch/tpch-queries/q15/base.sql,warmup,1,1,1,2,1.105304,1.105304,924.059,0.181245,0.001235,0.005722,7168,0,21.366333007812500000,18.704833984375000000,,
2026-09-11T20:28:44Z,B2B0EEE03E67FB5F,18.4,queries/tpch/tpch-queries/q15/base.sql,warmup,2,1,1,2,0.321097,0.321097,281.357,0.039740,0.001817,0.005347,7168,0,9.983947753906250000,9.466796875000000000,,
2026-09-11T20:28:44Z,B2B0EEE03E67FB5F,18.4,queries/tpch/tpch-queries/q15/base.sql,measured,1,1,1,2,0.428564,0.428564,335.235,0.093329,0.000866,0.006627,7168,0,9.067932128906250000,8.388671875000000000,,
2026-09-11T20:28:45Z,B2B0EEE03E67FB5F,18.4,queries/tpch/tpch-queries/q15/base.sql,measured,1,2,1,2,0.747266,0.373633,605.757,0.141509,0.003727,0.003724,7168,0,18.127868652343750000,16.941711425781250000,,
2026-09-11T20:28:46Z,B2B0EEE03E67FB5F,18.4,queries/tpch/tpch-queries/q15/base.sql,measured,1,4,1,2,1.207758,0.301939,1162.759,0.044999,0.001761,0.005303,7168,0,33.978820800781250000,32.097351074218750000,,
2026-09-11T20:28:49Z,B2B0EEE03E67FB5F,18.4,queries/tpch/tpch-queries/q15/base.sql,measured,1,8,1,2,2.367595,0.295949,2271.442,0.096153,0.002632,0.004498,7168,0,67.140075683593750000,63.515686035156250000,,
2026-09-11T20:28:53Z,B2B0EEE03E67FB5F,18.4,queries/tpch/tpch-queries/q15/base.sql,measured,1,16,1,2,4.700167,0.293760,4601.825,0.098342,0.003814,0.003378,7168,0,126.070373535156250000,118.742370605468750000,,
2026-09-11T20:29:03Z,22665B0CD95CC6DF,18.4,queries/tpch/tpch-queries/q18/v1_materialized.sql,warmup,1,1,1,2,5.725710,5.725710,5537.819,0.187891,0.001052,0.006003,7168,0,142.929809570312500000,131.214050292968750000,,
2026-09-11T20:29:08Z,22665B0CD95CC6DF,18.4,queries/tpch/tpch-queries/q18/v1_materialized.sql,warmup,2,1,1,2,4.622893,4.622893,4581.920,0.040973,0.002744,0.004676,7168,0,120.495971679687500000,113.721313476562500000,,
2026-09-11T20:29:12Z,22665B0CD95CC6DF,18.4,queries/tpch/tpch-queries/q18/v1_materialized.sql,measured,1,1,1,2,4.805980,4.805980,4702.602,0.103378,0.001110,0.006402,7168,0,117.490722656250000000,110.550476074218750000,,
2026-09-11T20:29:22Z,22665B0CD95CC6DF,18.4,queries/tpch/tpch-queries/q18/v1_materialized.sql,measured,1,2,1,2,9.577204,4.788602,9462.343,0.114861,0.000868,0.007210,7168,0,228.363586425781250000,214.422485351562500000,,
2026-09-11T20:29:41Z,22665B0CD95CC6DF,18.4,queries/tpch/tpch-queries/q18/v1_materialized.sql,measured,1,4,1,2,19.355926,4.838981,19257.515,0.098411,0.002119,0.005145,7168,0,433.191711425781250000,405.082275390625000000,,
2026-09-11T20:30:20Z,22665B0CD95CC6DF,18.4,queries/tpch/tpch-queries/q18/v1_materialized.sql,measured,1,8,1,2,38.736269,4.842034,38682.258,0.054011,0.004648,0.003224,7168,0,850.382812500000000000,794.999328613281250000,,
2026-09-11T20:31:38Z,22665B0CD95CC6DF,18.4,queries/tpch/tpch-queries/q18/v1_materialized.sql,measured,1,16,1,2,77.642786,4.852674,77513.749,0.129037,0.000929,0.007442,7168,0,1703.987854003906250000,1593.274536132812500000,,
2026-09-11T20:31:48Z,0143366DEFA84737,18.4,queries/tpch/tpch-queries/q17/v2_decorrelate.sql,warmup,1,1,1,2,6.087774,6.087774,5907.108,0.180666,0.001911,0.005560,7168,0,86.598327636718750000,71.865966796875000000,,
2026-09-11T20:31:53Z,0143366DEFA84737,18.4,queries/tpch/tpch-queries/q17/v2_decorrelate.sql,warmup,2,1,1,2,5.530337,5.530337,5476.302,0.054035,0.004544,0.004473,7168,0,75.582702636718750000,66.198059082031250000,,
2026-09-11T20:31:59Z,0143366DEFA84737,18.4,queries/tpch/tpch-queries/q17/v2_decorrelate.sql,measured,1,1,1,2,5.626386,5.626386,5521.447,0.104939,0.001953,0.006723,7168,0,74.903198242187500000,65.274963378906250000,,
2026-09-11T20:32:10Z,0143366DEFA84737,18.4,queries/tpch/tpch-queries/q17/v2_decorrelate.sql,measured,1,2,1,2,10.991792,5.495896,10899.421,0.092371,0.004133,0.002899,7168,0,150.375854492187500000,131.907226562500000000,,
2026-09-11T20:32:32Z,0143366DEFA84737,18.4,queries/tpch/tpch-queries/q17/v2_decorrelate.sql,measured,1,4,1,2,21.843849,5.460962,21749.610,0.094239,0.003643,0.003638,7168,0,299.759155273437500000,262.999816894531250000,,
2026-09-11T20:33:15Z,0143366DEFA84737,18.4,queries/tpch/tpch-queries/q17/v2_decorrelate.sql,measured,1,8,1,2,43.368289,5.421036,43299.529,0.068760,0.003844,0.003040,7168,0,599.174804687500000000,526.468566894531250000,,
2026-09-11T20:34:42Z,0143366DEFA84737,18.4,queries/tpch/tpch-queries/q17/v2_decorrelate.sql,measured,1,16,1,2,86.999180,5.437449,86870.791,0.128389,0.002087,0.005023,7168,0,1193.401306152343750000,1048.690551757812500000,,
2026-09-11T20:34:47Z,BE2F8E475274AF70,18.4,queries/tpch/tpch-queries/q21/base.sql,warmup,1,1,1,2,1.435450,1.435450,1250.036,0.185414,0.002671,0.004302,7168,0,30.772460937500000000,27.309570312500000000,,
2026-09-11T20:34:48Z,BE2F8E475274AF70,18.4,queries/tpch/tpch-queries/q21/base.sql,warmup,2,1,1,2,0.501035,0.501035,460.067,0.040968,0.002725,0.004431,7168,0,15.820922851562500000,15.013244628906250000,,
2026-09-11T20:34:48Z,BE2F8E475274AF70,18.4,queries/tpch/tpch-queries/q21/base.sql,measured,1,1,1,2,0.577096,0.577096,485.355,0.091741,0.003728,0.003334,7168,0,15.287719726562500000,14.357299804687500000,,
2026-09-11T20:34:49Z,BE2F8E475274AF70,18.4,queries/tpch/tpch-queries/q21/base.sql,measured,1,2,1,2,0.938152,0.469076,895.448,0.042704,0.005433,0.001896,7168,0,30.601440429687500000,29.253906250000000000,,
2026-09-11T20:34:51Z,BE2F8E475274AF70,18.4,queries/tpch/tpch-queries/q21/base.sql,measured,1,4,1,2,1.890176,0.472544,1794.553,0.095623,0.002128,0.005107,7168,0,59.169738769531250000,56.381164550781250000,,
2026-09-11T20:34:55Z,BE2F8E475274AF70,18.4,queries/tpch/tpch-queries/q21/base.sql,measured,1,8,1,2,3.761086,0.470136,3621.786,0.139300,0.001931,0.005232,7168,0,114.395080566406250000,108.928710937500000000,,
2026-09-11T20:35:02Z,BE2F8E475274AF70,18.4,queries/tpch/tpch-queries/q21/base.sql,measured,1,16,1,2,7.572968,0.473311,7459.386,0.113582,0.003257,0.004148,7168,0,215.485412597656250000,204.319458007812500000,,
2026-09-11T20:35:12Z,C3E301A49B76C846,18.4,queries/tpch/tpch-queries/q18/v1_materialized.sql,warmup,1,1,1,2,5.311534,5.311534,5127.135,0.184399,0.004291,0.002666,7168,0,145.138854980468750000,134.055725097656250000,,
2026-09-11T20:35:16Z,C3E301A49B76C846,18.4,queries/tpch/tpch-queries/q18/v1_materialized.sql,warmup,2,1,1,2,4.646084,4.646084,4605.403,0.040681,0.005987,0.001041,7168,0,120.626525878906250000,113.854064941406250000,,
2026-09-11T20:35:21Z,C3E301A49B76C846,18.4,queries/tpch/tpch-queries/q18/v1_materialized.sql,measured,1,1,1,2,4.795002,4.795002,4683.852,0.111150,0.001919,0.006607,7168,0,118.344177246093750000,111.438598632812500000,,
2026-09-11T20:35:31Z,C3E301A49B76C846,18.4,queries/tpch/tpch-queries/q18/v1_materialized.sql,measured,1,2,1,2,9.548986,4.774493,9443.640,0.105346,0.003675,0.003820,7168,0,230.775329589843750000,217.016906738281250000,,
2026-09-11T20:35:50Z,C3E301A49B76C846,18.4,queries/tpch/tpch-queries/q18/v1_materialized.sql,measured,1,4,1,2,19.537872,4.884468,19434.886,0.102986,0.003769,0.003718,7168,0,428.410705566406250000,400.206481933593750000,,
2026-09-11T20:36:29Z,C3E301A49B76C846,18.4,queries/tpch/tpch-queries/q18/v1_materialized.sql,measured,1,8,1,2,39.016938,4.877117,38840.876,0.176062,0.002179,0.006557,7168,0,855.342712402343750000,799.245361328125000000,,
2026-09-11T20:37:47Z,C3E301A49B76C846,18.4,queries/tpch/tpch-queries/q18/v1_materialized.sql,measured,1,16,1,2,77.830883,4.864430,77758.908,0.071975,0.005309,0.003172,7168,0,1708.747253417968750000,1597.416503906250000000,,
2026-09-11T20:37:53Z,5D8747623BAB9AB2,18.4,queries/tpch/tpch-queries/q09/base.sql,warmup,1,1,1,2,1.884926,1.884926,1699.461,0.185465,0.003105,0.003841,7168,0,37.437316894531250000,33.170898437500000000,,
2026-09-11T20:37:54Z,5D8747623BAB9AB2,18.4,queries/tpch/tpch-queries/q09/base.sql,warmup,2,1,1,2,0.973554,0.973554,904.233,0.069321,0.004161,0.002885,7168,0,21.269714355468750000,19.797485351562500000,,
2026-09-11T20:37:55Z,5D8747623BAB9AB2,18.4,queries/tpch/tpch-queries/q09/base.sql,measured,1,1,1,2,0.940115,0.940115,899.387,0.040728,0.001067,0.006128,7168,0,20.957031250000000000,19.649536132812500000,,
2026-09-11T20:37:57Z,5D8747623BAB9AB2,18.4,queries/tpch/tpch-queries/q09/base.sql,measured,1,2,1,2,1.934746,0.967373,1830.355,0.104391,0.005230,0.003988,7168,0,41.011108398437500000,38.194946289062500000,,
2026-09-11T20:38:00Z,5D8747623BAB9AB2,18.4,queries/tpch/tpch-queries/q09/base.sql,measured,1,4,1,2,3.743135,0.935784,3645.332,0.097803,0.001859,0.005552,7168,0,81.671203613281250000,76.061584472656250000,,
2026-09-11T20:38:08Z,5D8747623BAB9AB2,18.4,queries/tpch/tpch-queries/q09/base.sql,measured,1,8,1,2,7.467639,0.933455,7368.504,0.099135,0.001893,0.005241,7168,0,158.951416015625000000,148.183471679687500000,,
2026-09-11T20:38:23Z,5D8747623BAB9AB2,18.4,queries/tpch/tpch-queries/q09/base.sql,measured,1,16,1,2,14.805371,0.925336,14692.507,0.112864,0.003565,0.003575,7168,0,314.076721191406250000,293.225952148437500000,,
2026-09-11T20:38:28Z,E62C0038B7625C99,18.4,queries/tpch/tpch-queries/q03/v1_materialized.sql,warmup,1,1,1,2,1.537025,1.537025,1351.384,0.185641,0.002511,0.004374,7168,0,26.394042968750000000,22.809509277343750000,,
2026-09-11T20:38:28Z,E62C0038B7625C99,18.4,queries/tpch/tpch-queries/q03/v1_materialized.sql,warmup,2,1,1,2,0.306788,0.306788,266.483,0.040305,0.001805,0.005312,7168,0,9.113159179687500000,8.651062011718750000,,
2026-09-11T20:38:29Z,E62C0038B7625C99,18.4,queries/tpch/tpch-queries/q03/v1_materialized.sql,measured,1,1,1,2,0.370060,0.370060,279.508,0.090552,0.002514,0.004620,7168,0,8.493347167968750000,7.909179687500000000,,
2026-09-11T20:38:29Z,E62C0038B7625C99,18.4,queries/tpch/tpch-queries/q03/v1_materialized.sql,measured,1,2,1,2,0.623829,0.311915,532.393,0.091436,0.000000,0.007039,7168,0,16.089294433593750000,15.117248535156250000,,
2026-09-11T20:38:31Z,E62C0038B7625C99,18.4,queries/tpch/tpch-queries/q03/v1_materialized.sql,measured,1,4,1,2,1.109616,0.277404,1016.042,0.093574,0.006276,0.000907,7168,0,30.829223632812500000,29.251098632812500000,,
2026-09-11T20:38:33Z,E62C0038B7625C99,18.4,queries/tpch/tpch-queries/q03/v1_materialized.sql,measured,1,8,1,2,2.062574,0.257822,1967.578,0.094996,0.004749,0.002791,7168,0,59.975280761718750000,56.992309570312500000,,
2026-09-11T20:38:37Z,E62C0038B7625C99,18.4,queries/tpch/tpch-queries/q03/v1_materialized.sql,measured,1,16,1,2,4.128974,0.258061,4022.165,0.106809,0.003774,0.003456,7168,0,113.571105957031250000,107.544921875000000000,,
2026-09-11T20:38:42Z,63B421232570E1FB,18.4,queries/tpch/tpch-queries/q15/base.sql,warmup,1,1,1,2,1.093423,1.093423,911.463,0.181960,0.004637,0.002605,7168,0,21.810180664062500000,19.155639648437500000,,
2026-09-11T20:38:42Z,63B421232570E1FB,18.4,queries/tpch/tpch-queries/q15/base.sql,warmup,2,1,1,2,0.351075,0.351075,307.447,0.043628,0.000979,0.006725,7168,0,8.966613769531250000,8.369018554687500000,,
2026-09-11T20:38:42Z,63B421232570E1FB,18.4,queries/tpch/tpch-queries/q15/base.sql,measured,1,1,1,2,0.345080,0.345080,304.388,0.040692,0.002814,0.004873,7168,0,9.716796875000000000,9.197937011718750000,,
2026-09-11T20:38:43Z,63B421232570E1FB,18.4,queries/tpch/tpch-queries/q15/base.sql,measured,1,2,1,2,0.713407,0.356703,614.599,0.098808,0.001783,0.006019,7168,0,17.129516601562500000,15.945312500000000000,,
2026-09-11T20:38:44Z,63B421232570E1FB,18.4,queries/tpch/tpch-queries/q15/base.sql,measured,1,4,1,2,1.317699,0.329425,1222.778,0.094921,0.001668,0.005542,7168,0,33.483703613281250000,31.487121582031250000,,
2026-09-11T20:38:47Z,63B421232570E1FB,18.4,queries/tpch/tpch-queries/q15/base.sql,measured,1,8,1,2,2.404467,0.300558,2310.676,0.093791,0.001057,0.006163,7168,0,66.872680664062500000,63.144714355468750000,,
2026-09-11T20:38:52Z,63B421232570E1FB,18.4,queries/tpch/tpch-queries/q15/base.sql,measured,1,16,1,2,4.838017,0.302376,4731.938,0.106079,0.002806,0.004657,7168,0,125.196044921875000000,117.691833496093750000,,
2026-09-11T20:39:04Z,BFE9893FD8421546,18.4,queries/tpch/tpch-queries/q08/v2_filter.sql,warmup,1,1,1,2,8.447389,8.447389,8255.490,0.191899,0.001009,0.005771,7168,0,47.836486816406250000,29.666625976562500000,,
2026-09-11T20:39:04Z,BFE9893FD8421546,18.4,queries/tpch/tpch-queries/q08/v2_filter.sql,warmup,2,1,1,2,0.416142,0.416142,374.633,0.041509,0.001536,0.005541,7168,0,7.004943847656250000,6.428710937500000000,,
2026-09-11T20:39:05Z,BFE9893FD8421546,18.4,queries/tpch/tpch-queries/q08/v2_filter.sql,measured,1,1,1,2,0.468013,0.468013,375.753,0.092260,0.005667,0.001931,7168,0,7.071655273437500000,6.380310058593750000,,
2026-09-11T20:39:06Z,BFE9893FD8421546,18.4,queries/tpch/tpch-queries/q08/v2_filter.sql,measured,1,2,1,2,0.862945,0.431473,717.208,0.145737,0.006066,0.002030,7168,0,13.099243164062500000,11.835571289062500000,,
2026-09-11T20:39:07Z,BFE9893FD8421546,18.4,queries/tpch/tpch-queries/q08/v2_filter.sql,measured,1,4,1,2,1.428178,0.357044,1379.262,0.048916,0.004060,0.004005,7168,0,24.485046386718750000,22.502624511718750000,,
2026-09-11T20:39:10Z,BFE9893FD8421546,18.4,queries/tpch/tpch-queries/q08/v2_filter.sql,measured,1,8,1,2,2.787955,0.348494,2686.266,0.101689,0.004443,0.003524,7168,0,48.935913085937500000,44.898681640625000000,,
2026-09-11T20:39:15Z,BFE9893FD8421546,18.4,queries/tpch/tpch-queries/q08/v2_filter.sql,measured,1,16,1,2,5.458886,0.341180,5339.329,0.119557,0.002848,0.004803,7168,0,97.779418945312500000,89.857788085937500000,,
2026-09-11T20:39:20Z,F62AD122482139F9,18.4,queries/tpch/tpch-queries/q14/v1_materialized.sql,warmup,1,1,1,2,1.080678,1.080678,900.247,0.180431,0.006080,0.000741,7168,0,21.108947753906250000,18.473632812500000000,,
2026-09-11T20:39:20Z,F62AD122482139F9,18.4,queries/tpch/tpch-queries/q14/v1_materialized.sql,warmup,2,1,1,2,0.292849,0.292849,252.207,0.040642,0.003319,0.004172,7168,0,9.469421386718750000,9.012817382812500000,,
2026-09-11T20:39:21Z,F62AD122482139F9,18.4,queries/tpch/tpch-queries/q14/v1_materialized.sql,measured,1,1,1,2,0.419170,0.419170,317.023,0.102147,0.002872,0.005063,7168,0,8.002380371093750000,7.363586425781250000,,
2026-09-11T20:39:21Z,F62AD122482139F9,18.4,queries/tpch/tpch-queries/q14/v1_materialized.sql,measured,1,2,1,2,0.637293,0.318647,538.252,0.099041,0.001946,0.005737,7168,0,16.148193359375000000,15.083435058593750000,,
2026-09-11T20:39:22Z,F62AD122482139F9,18.4,queries/tpch/tpch-queries/q14/v1_materialized.sql,measured,1,4,1,2,1.034832,0.258708,993.370,0.041462,0.004979,0.002091,7168,0,32.186157226562500000,30.632080078125000000,,
2026-09-11T20:39:24Z,F62AD122482139F9,18.4,queries/tpch/tpch-queries/q14/v1_materialized.sql,measured,1,8,1,2,2.022025,0.252753,1926.818,0.095207,0.003116,0.003998,7168,0,66.012939453125000000,62.854675292968750000,,
2026-09-11T20:39:29Z,F62AD122482139F9,18.4,queries/tpch/tpch-queries/q14/v1_materialized.sql,measured,1,16,1,2,4.125707,0.257857,4020.999,0.104708,0.003597,0.003588,7168,0,121.278869628906250000,114.917968750000000000,,
2026-09-11T20:39:34Z,D4D346F6EE22BBBF,18.4,queries/tpch/tpch-queries/q03/base.sql,warmup,1,1,1,2,1.505147,1.505147,1317.379,0.187768,0.003047,0.003811,7168,0,26.170715332031250000,22.670898437500000000,,
2026-09-11T20:39:34Z,D4D346F6EE22BBBF,18.4,queries/tpch/tpch-queries/q03/base.sql,warmup,2,1,1,2,0.301716,0.301716,261.818,0.039898,0.004942,0.002048,7168,0,9.250671386718750000,8.741210937500000000,,
2026-09-11T20:39:34Z,D4D346F6EE22BBBF,18.4,queries/tpch/tpch-queries/q03/base.sql,measured,1,1,1,2,0.302012,0.302012,261.882,0.040130,0.001037,0.005987,7168,0,9.116027832031250000,8.676696777343750000,,
2026-09-11T20:39:35Z,D4D346F6EE22BBBF,18.4,queries/tpch/tpch-queries/q03/base.sql,measured,1,2,1,2,0.625330,0.312665,526.182,0.099148,0.005086,0.002529,7168,0,17.015014648437500000,16.001770019531250000,,
2026-09-11T20:39:36Z,D4D346F6EE22BBBF,18.4,queries/tpch/tpch-queries/q03/base.sql,measured,1,4,1,2,1.103431,0.275858,1010.039,0.093392,0.003806,0.003384,7168,0,31.464721679687500000,29.859924316406250000,,
2026-09-11T20:39:38Z,D4D346F6EE22BBBF,18.4,queries/tpch/tpch-queries/q03/base.sql,measured,1,8,1,2,2.070583,0.258823,1975.219,0.095364,0.001244,0.005820,7168,0,60.200317382812500000,57.204895019531250000,,
2026-09-11T20:39:42Z,D4D346F6EE22BBBF,18.4,queries/tpch/tpch-queries/q03/base.sql,measured,1,16,1,2,4.077310,0.254832,3974.343,0.102967,0.006146,0.001048,7168,0,114.316894531250000000,108.377075195312500000,,
2026-09-11T20:39:47Z,63746D774134ED92,18.4,queries/tpch/tpch-queries/q14/v2_filter.sql,warmup,1,1,1,2,1.102133,1.102133,921.342,0.180791,0.003648,0.003499,7168,0,21.554199218750000000,18.902099609375000000,,
2026-09-11T20:39:47Z,63746D774134ED92,18.4,queries/tpch/tpch-queries/q14/v2_filter.sql,warmup,2,1,1,2,0.303238,0.303238,262.734,0.040504,0.002667,0.004639,7168,0,8.651489257812500000,8.200622558593750000,,
2026-09-11T20:39:48Z,63746D774134ED92,18.4,queries/tpch/tpch-queries/q14/v2_filter.sql,measured,1,1,1,2,0.387686,0.387686,289.395,0.098291,0.003513,0.004444,7168,0,8.192321777343750000,7.597106933593750000,,
2026-09-11T20:39:49Z,63746D774134ED92,18.4,queries/tpch/tpch-queries/q14/v2_filter.sql,measured,1,2,1,2,0.674877,0.337438,571.185,0.103692,0.005113,0.003201,7168,0,15.369201660156250000,14.280822753906250000,,
2026-09-11T20:39:50Z,63746D774134ED92,18.4,queries/tpch/tpch-queries/q14/v2_filter.sql,measured,1,4,1,2,1.040133,0.260033,998.713,0.041420,0.002322,0.005022,7168,0,32.289550781250000000,30.724060058593750000,,
2026-09-11T20:39:52Z,63746D774134ED92,18.4,queries/tpch/tpch-queries/q14/v2_filter.sql,measured,1,8,1,2,2.164590,0.270574,2070.393,0.094197,0.003510,0.003613,7168,0,58.814025878906250000,55.471801757812500000,,
2026-09-11T20:39:56Z,63746D774134ED92,18.4,queries/tpch/tpch-queries/q14/v2_filter.sql,measured,1,16,1,2,4.217258,0.263579,4113.562,0.103696,0.001875,0.005556,7168,0,116.076904296875000000,109.453979492187500000,,
2026-09-11T20:40:01Z,A56C571EDF874F62,18.4,queries/tpch/tpch-queries/q21/v1_materialized.sql,warmup,1,1,1,2,1.354415,1.354415,1228.747,0.125668,0.007880,0.016344,7168,0,30.368896484375000000,27.100158691406250000,,
2026-09-11T20:40:02Z,A56C571EDF874F62,18.4,queries/tpch/tpch-queries/q21/v1_materialized.sql,warmup,2,1,1,2,0.517079,0.517079,476.598,0.040481,0.002060,0.005050,7168,0,15.305664062500000000,14.530944824218750000,,
2026-09-11T20:40:02Z,A56C571EDF874F62,18.4,queries/tpch/tpch-queries/q21/v1_materialized.sql,measured,1,1,1,2,0.559689,0.559689,475.820,0.083869,0.003590,0.003627,7168,0,15.621520996093750000,14.705261230468750000,,
2026-09-11T20:40:03Z,A56C571EDF874F62,18.4,queries/tpch/tpch-queries/q21/v1_materialized.sql,measured,1,2,1,2,0.988162,0.494081,945.636,0.042526,0.001748,0.005718,7168,0,28.475646972656250000,27.077392578125000000,,
2026-09-11T20:40:05Z,A56C571EDF874F62,18.4,queries/tpch/tpch-queries/q21/v1_materialized.sql,measured,1,4,1,2,1.987061,0.496765,1891.562,0.095499,0.003754,0.003409,7168,0,55.214660644531250000,52.319091796875000000,,
2026-09-11T20:40:09Z,A56C571EDF874F62,18.4,queries/tpch/tpch-queries/q21/v1_materialized.sql,measured,1,8,1,2,3.903649,0.487956,3802.301,0.101348,0.001749,0.005373,7168,0,106.136291503906250000,100.408203125000000000,,
2026-09-11T20:40:17Z,A56C571EDF874F62,18.4,queries/tpch/tpch-queries/q21/v1_materialized.sql,measured,1,16,1,2,7.929729,0.495608,7817.473,0.112256,0.002181,0.005263,7168,0,200.239562988281250000,188.953491210937500000,,
2026-09-11T20:40:23Z,91979421DA0350AD,18.4,queries/tpch/tpch-queries/q10/base.sql,warmup,1,1,1,2,1.953287,1.953287,1761.500,0.191787,0.001218,0.005621,7168,0,25.148681640625000000,20.784545898437500000,,
2026-09-11T20:40:23Z,91979421DA0350AD,18.4,queries/tpch/tpch-queries/q10/base.sql,warmup,2,1,1,2,0.295855,0.295855,255.320,0.040535,0.005723,0.001227,7168,0,8.429870605468750000,7.927795410156250000,,
2026-09-11T20:40:24Z,91979421DA0350AD,18.4,queries/tpch/tpch-queries/q10/base.sql,measured,1,1,1,2,0.343380,0.343380,254.135,0.089245,0.002736,0.004597,7168,0,8.521728515625000000,7.998657226562500000,,
2026-09-11T20:40:24Z,91979421DA0350AD,18.4,queries/tpch/tpch-queries/q10/base.sql,measured,1,2,1,2,0.570418,0.285209,515.267,0.055151,0.000000,0.007754,7168,0,14.863281250000000000,14.050170898437500000,,
2026-09-11T20:40:25Z,91979421DA0350AD,18.4,queries/tpch/tpch-queries/q10/base.sql,measured,1,4,1,2,1.096598,0.274149,1000.066,0.096532,0.003554,0.003578,7168,0,29.673767089843750000,28.089477539062500000,,
2026-09-11T20:40:27Z,91979421DA0350AD,18.4,queries/tpch/tpch-queries/q10/base.sql,measured,1,8,1,2,2.103411,0.262926,2004.272,0.099139,0.004102,0.003263,7168,0,56.440734863281250000,53.393676757812500000,,
2026-09-11T20:40:32Z,91979421DA0350AD,18.4,queries/tpch/tpch-queries/q10/base.sql,measured,1,16,1,2,4.064805,0.254050,3957.655,0.107150,0.001886,0.005636,7168,0,110.822631835937500000,104.884765625000000000,,
2026-09-11T20:40:37Z,31B0C6A8E88AB58B,18.4,queries/tpch/tpch-queries/q13/base.sql,warmup,1,1,1,2,1.839892,1.839892,1656.280,0.183612,0.003036,0.003739,7168,0,13.121093750000000000,9.285034179687500000,,
2026-09-11T20:40:39Z,31B0C6A8E88AB58B,18.4,queries/tpch/tpch-queries/q13/base.sql,warmup,2,1,1,2,1.455331,1.455331,1415.590,0.039741,0.004165,0.003311,7168,0,10.346984863281250000,8.475891113281250000,,
2026-09-11T20:40:40Z,31B0C6A8E88AB58B,18.4,queries/tpch/tpch-queries/q13/base.sql,measured,1,1,1,2,1.507894,1.507894,1417.819,0.090075,0.001006,0.006902,7168,0,10.482238769531250000,8.606994628906250000,,
2026-09-11T20:40:43Z,31B0C6A8E88AB58B,18.4,queries/tpch/tpch-queries/q13/base.sql,measured,1,2,1,2,2.888207,1.444103,2790.356,0.097851,0.004355,0.003520,7168,0,20.353881835937500000,16.595642089843750000,,
2026-09-11T20:40:49Z,31B0C6A8E88AB58B,18.4,queries/tpch/tpch-queries/q13/base.sql,measured,1,4,1,2,5.567065,1.391766,5473.499,0.093566,0.002048,0.005962,7168,0,40.387023925781250000,33.409484863281250000,,
2026-09-11T20:40:59Z,31B0C6A8E88AB58B,18.4,queries/tpch/tpch-queries/q13/base.sql,measured,1,8,1,2,10.779831,1.347479,10731.019,0.048812,0.003884,0.003100,7168,0,81.716735839843750000,68.462280273437500000,,
2026-09-11T20:41:21Z,31B0C6A8E88AB58B,18.4,queries/tpch/tpch-queries/q13/base.sql,measured,1,16,1,2,21.222189,1.326387,21162.475,0.059714,0.005078,0.002125,7168,0,162.056579589843750000,136.445434570312500000,,
2026-09-11T20:41:30Z,9E3E1F718A2E2F68,18.4,queries/tpch/tpch-queries/q07/v2_union_all.sql,warmup,1,1,1,2,6.445837,6.445837,6253.718,0.192119,0.001008,0.005780,7168,0,-262107.879272460937500000,22.455322265625000000,,
2026-09-11T20:41:31Z,9E3E1F718A2E2F68,18.4,queries/tpch/tpch-queries/q07/v2_union_all.sql,warmup,2,1,1,2,0.333390,0.333390,291.858,0.041532,0.004467,0.002750,7168,0,5.908569335937500000,5.424743652343750000,,
2026-09-11T20:41:31Z,9E3E1F718A2E2F68,18.4,queries/tpch/tpch-queries/q07/v2_union_all.sql,measured,1,1,1,2,0.380530,0.380530,291.231,0.089299,0.004470,0.002695,7168,0,5.976135253906250000,5.386718750000000000,,
2026-09-11T20:41:32Z,9E3E1F718A2E2F68,18.4,queries/tpch/tpch-queries/q07/v2_union_all.sql,measured,1,2,1,2,0.702263,0.351132,562.566,0.139697,0.002746,0.004577,7168,0,11.192138671875000000,10.062255859375000000,,
2026-09-11T20:41:33Z,9E3E1F718A2E2F68,18.4,queries/tpch/tpch-queries/q07/v2_union_all.sql,measured,1,4,1,2,1.163760,0.290940,1115.727,0.048033,0.000000,0.007629,7168,0,19.609252929687500000,18.021728515625000000,,
2026-09-11T20:41:35Z,9E3E1F718A2E2F68,18.4,queries/tpch/tpch-queries/q07/v2_union_all.sql,measured,1,8,1,2,2.278346,0.284793,2176.295,0.102051,0.002800,0.004789,7168,0,39.352478027343750000,36.182678222656250000,,
2026-09-11T20:41:40Z,9E3E1F718A2E2F68,18.4,queries/tpch/tpch-queries/q07/v2_union_all.sql,measured,1,16,1,2,4.409806,0.275613,4294.942,0.114864,0.002813,0.004757,7168,0,78.905883789062500000,72.609313964843750000,,
2026-09-11T20:41:51Z,F40AFD8293E0FAC0,18.4,queries/tpch/tpch-queries/q05/v1_materialized.sql,warmup,1,1,1,2,7.675291,7.675291,7482.240,0.193051,0.001461,0.005424,7168,0,33.457763671875000000,17.292724609375000000,,
2026-09-11T20:41:51Z,F40AFD8293E0FAC0,18.4,queries/tpch/tpch-queries/q05/v1_materialized.sql,warmup,2,1,1,2,0.275104,0.275104,233.718,0.041386,0.000907,0.006322,7168,0,4.134521484375000000,3.758850097656250000,,
2026-09-11T20:41:52Z,F40AFD8293E0FAC0,18.4,queries/tpch/tpch-queries/q05/v1_materialized.sql,measured,1,1,1,2,0.327178,0.327178,237.089,0.090089,0.001981,0.005371,7168,0,4.370849609375000000,3.869079589843750000,,
2026-09-11T20:41:52Z,F40AFD8293E0FAC0,18.4,queries/tpch/tpch-queries/q05/v1_materialized.sql,measured,1,2,1,2,0.560452,0.280226,467.487,0.092965,0.001176,0.006816,7168,0,7.409912109375000000,6.604187011718750000,,
2026-09-11T20:41:53Z,F40AFD8293E0FAC0,18.4,queries/tpch/tpch-queries/q05/v1_materialized.sql,measured,1,4,1,2,1.010892,0.252723,914.009,0.096883,0.003764,0.004691,7168,0,13.835937500000000000,12.427612304687500000,,
2026-09-11T20:41:55Z,F40AFD8293E0FAC0,18.4,queries/tpch/tpch-queries/q05/v1_materialized.sql,measured,1,8,1,2,1.908144,0.238518,1804.834,0.103310,0.002160,0.006337,7168,0,26.730651855468750000,24.127868652343750000,,
2026-09-11T20:41:59Z,F40AFD8293E0FAC0,18.4,queries/tpch/tpch-queries/q05/v1_materialized.sql,measured,1,16,1,2,3.633603,0.227100,3518.546,0.115057,0.006847,0.000987,7168,0,53.731262207031250000,48.603149414062500000,,
2026-09-11T20:42:03Z,3FF5ACC642EC7DB7,18.4,queries/tpch/tpch-queries/q16/v1_materialized.sql,warmup,1,1,1,2,0.613404,0.613404,387.644,0.225760,0.003442,0.003528,7168,0,8.759338378906250000,7.603027343750000000,,
2026-09-11T20:42:03Z,3FF5ACC642EC7DB7,18.4,queries/tpch/tpch-queries/q16/v1_materialized.sql,warmup,2,1,1,2,0.284028,0.284028,217.167,0.066861,0.005863,0.003887,7168,0,6.336914062500000000,5.985961914062500000,,
2026-09-11T20:42:04Z,3FF5ACC642EC7DB7,18.4,queries/tpch/tpch-queries/q16/v1_materialized.sql,measured,1,1,1,2,0.317042,0.317042,216.406,0.100636,0.003142,0.005070,7168,0,6.587036132812500000,6.141662597656250000,,
2026-09-11T20:42:04Z,3FF5ACC642EC7DB7,18.4,queries/tpch/tpch-queries/q16/v1_materialized.sql,measured,1,2,1,2,0.533855,0.266927,432.484,0.101371,0.001830,0.006339,7168,0,12.605041503906250000,11.894409179687500000,,
2026-09-11T20:42:05Z,3FF5ACC642EC7DB7,18.4,queries/tpch/tpch-queries/q16/v1_materialized.sql,measured,1,4,1,2,0.971591,0.242898,875.610,0.095981,0.001920,0.005698,7168,0,24.811035156250000000,23.420471191406250000,,
2026-09-11T20:42:07Z,3FF5ACC642EC7DB7,18.4,queries/tpch/tpch-queries/q16/v1_materialized.sql,measured,1,8,1,2,1.851124,0.231390,1752.363,0.098761,0.003430,0.004329,7168,0,48.923339843750000000,46.605529785156250000,,
2026-09-11T20:42:11Z,3FF5ACC642EC7DB7,18.4,queries/tpch/tpch-queries/q16/v1_materialized.sql,measured,1,16,1,2,3.618896,0.226181,3515.462,0.103434,0.002849,0.004831,7168,0,99.311828613281250000,94.517272949218750000,,
2026-09-11T20:42:15Z,51477CAF13C4CD63,18.4,queries/tpch/tpch-queries/q12/v1_materialized.sql,warmup,1,1,1,2,1.282003,1.282003,1098.934,0.183069,0.002507,0.004392,7168,0,28.315307617187500000,25.221801757812500000,,
2026-09-11T20:42:16Z,51477CAF13C4CD63,18.4,queries/tpch/tpch-queries/q12/v1_materialized.sql,warmup,2,1,1,2,0.425078,0.425078,385.114,0.039964,0.002057,0.004940,7168,0,14.796081542968750000,14.149291992187500000,,
2026-09-11T20:42:16Z,51477CAF13C4CD63,18.4,queries/tpch/tpch-queries/q12/v1_materialized.sql,measured,1,1,1,2,0.479767,0.479767,383.329,0.096438,0.002728,0.004632,7168,0,15.018371582031250000,14.283081054687500000,,
2026-09-11T20:42:17Z,51477CAF13C4CD63,18.4,queries/tpch/tpch-queries/q12/v1_materialized.sql,measured,1,2,1,2,0.887803,0.443902,826.546,0.061257,0.003217,0.005263,7168,0,27.184570312500000000,25.847106933593750000,,
2026-09-11T20:42:19Z,51477CAF13C4CD63,18.4,queries/tpch/tpch-queries/q12/v1_materialized.sql,measured,1,4,1,2,1.659287,0.414822,1560.232,0.099055,0.002777,0.004740,7168,0,53.677795410156250000,51.357238769531250000,,
2026-09-11T20:42:22Z,51477CAF13C4CD63,18.4,queries/tpch/tpch-queries/q12/v1_materialized.sql,measured,1,8,1,2,3.278982,0.409873,3134.585,0.144397,0.002496,0.004604,7168,0,104.368957519531250000,99.502136230468750000,,
2026-09-11T20:42:29Z,51477CAF13C4CD63,18.4,queries/tpch/tpch-queries/q12/v1_materialized.sql,measured,1,16,1,2,6.570510,0.410657,6514.757,0.055753,0.006684,0.000970,7168,0,192.669189453125000000,183.319824218750000000,,
2026-09-11T20:42:33Z,6429DA3FB328C844,18.4,queries/tpch/tpch-queries/q11/base.sql,warmup,1,1,1,2,0.408514,0.408514,229.897,0.178617,0.004539,0.002511,7168,0,4.634033203125000000,3.772583007812500000,,
2026-09-11T20:42:33Z,6429DA3FB328C844,18.4,queries/tpch/tpch-queries/q11/base.sql,warmup,2,1,1,2,0.124425,0.124425,84.056,0.040369,0.002902,0.004734,7168,0,3.176208496093750000,3.003601074218750000,,
2026-09-11T20:42:33Z,6429DA3FB328C844,18.4,queries/tpch/tpch-queries/q11/base.sql,measured,1,1,1,2,0.182973,0.182973,86.638,0.096335,0.003576,0.004468,7168,0,3.167175292968750000,2.859863281250000000,,
2026-09-11T20:42:34Z,6429DA3FB328C844,18.4,queries/tpch/tpch-queries/q11/base.sql,measured,1,2,1,2,0.270893,0.135446,169.383,0.101510,0.002122,0.006221,7168,0,5.863220214843750000,5.422973632812500000,,
2026-09-11T20:42:34Z,6429DA3FB328C844,18.4,queries/tpch/tpch-queries/q11/base.sql,measured,1,4,1,2,0.433534,0.108383,310.071,0.123463,0.004905,0.004860,7168,0,10.851318359375000000,10.163269042968750000,,
2026-09-11T20:42:35Z,6429DA3FB328C844,18.4,queries/tpch/tpch-queries/q11/base.sql,measured,1,8,1,2,0.773750,0.096719,672.204,0.101546,0.003765,0.003763,7168,0,20.032348632812500000,18.764770507812500000,,
2026-09-11T20:42:36Z,6429DA3FB328C844,18.4,queries/tpch/tpch-queries/q11/base.sql,measured,1,16,1,2,1.456984,0.091061,1327.981,0.129003,0.002851,0.005693,7168,0,39.285644531250000000,37.014892578125000000,,
2026-09-11T20:42:41Z,D0A1AE9F82E44829,18.4,queries/tpch/tpch-queries/q21/base.sql,warmup,1,1,1,2,1.434521,1.434521,1247.030,0.187491,0.001822,0.005305,7168,0,30.772827148437500000,27.299560546875000000,,
2026-09-11T20:42:42Z,D0A1AE9F82E44829,18.4,queries/tpch/tpch-queries/q21/base.sql,warmup,2,1,1,2,0.517148,0.517148,476.345,0.040803,0.000000,0.007056,7168,0,15.704223632812500000,14.891723632812500000,,
2026-09-11T20:42:42Z,D0A1AE9F82E44829,18.4,queries/tpch/tpch-queries/q21/base.sql,measured,1,1,1,2,0.608743,0.608743,472.003,0.136740,0.002070,0.005034,7168,0,16.029357910156250000,15.002746582031250000,,
2026-09-11T20:42:43Z,D0A1AE9F82E44829,18.4,queries/tpch/tpch-queries/q21/base.sql,measured,1,2,1,2,0.977245,0.488622,931.776,0.045469,0.002924,0.004119,7168,0,29.502868652343750000,28.025085449218750000,,
2026-09-11T20:42:45Z,D0A1AE9F82E44829,18.4,queries/tpch/tpch-queries/q21/base.sql,measured,1,4,1,2,1.929533,0.482383,1835.429,0.094104,0.006771,0.000452,7168,0,57.250122070312500000,54.498474121093750000,,
2026-09-11T20:42:49Z,D0A1AE9F82E44829,18.4,queries/tpch/tpch-queries/q21/base.sql,measured,1,8,1,2,3.826077,0.478260,3723.978,0.102099,0.000000,0.007191,7168,0,110.486816406250000000,104.849609375000000000,,
2026-09-11T20:42:57Z,D0A1AE9F82E44829,18.4,queries/tpch/tpch-queries/q21/base.sql,measured,1,16,1,2,7.799145,0.487447,7632.887,0.166258,0.002100,0.005204,7168,0,208.408142089843750000,197.069641113281250000,,
2026-09-11T20:43:11Z,D30A0E5ED543E185,18.4,queries/tpch/tpch-queries/q08/base.sql,warmup,1,1,1,2,10.058322,10.058322,9867.406,0.190916,0.000000,0.007848,7168,0,47.000488281250000000,25.406066894531250000,,
2026-09-11T20:43:11Z,D30A0E5ED543E185,18.4,queries/tpch/tpch-queries/q08/base.sql,warmup,2,1,1,2,0.419239,0.419239,374.464,0.044775,0.004905,0.005258,7168,0,7.027160644531250000,6.453552246093750000,,
2026-09-11T20:43:12Z,D30A0E5ED543E185,18.4,queries/tpch/tpch-queries/q08/base.sql,measured,1,1,1,2,0.455351,0.455351,364.924,0.090427,0.004730,0.002907,7168,0,7.208129882812500000,6.515563964843750000,,
2026-09-11T20:43:12Z,D30A0E5ED543E185,18.4,queries/tpch/tpch-queries/q08/base.sql,measured,1,2,1,2,0.801643,0.400822,705.799,0.095844,0.001732,0.006138,7168,0,12.893676757812500000,11.731689453125000000,,
2026-09-11T20:43:14Z,D30A0E5ED543E185,18.4,queries/tpch/tpch-queries/q08/base.sql,measured,1,4,1,2,1.466889,0.366722,1369.404,0.097485,0.001942,0.005752,7168,0,24.932739257812500000,22.781188964843750000,,
2026-09-11T20:43:17Z,D30A0E5ED543E185,18.4,queries/tpch/tpch-queries/q08/base.sql,measured,1,8,1,2,2.776239,0.347030,2675.034,0.101205,0.005708,0.002000,7168,0,49.230895996093750000,45.274536132812500000,,
2026-09-11T20:43:22Z,D30A0E5ED543E185,18.4,queries/tpch/tpch-queries/q08/base.sql,measured,1,16,1,2,5.400673,0.337542,5282.971,0.117702,0.003494,0.004338,7168,0,98.338623046875000000,90.558776855468750000,,
2026-09-11T20:43:26Z,623C1BCED36FD142,18.4,queries/tpch/tpch-queries/q16/v1_materialized.sql,warmup,1,1,1,2,0.620367,0.620367,391.773,0.228594,0.004443,0.002746,7168,0,8.842529296875000000,7.654113769531250000,,
2026-09-11T20:43:27Z,623C1BCED36FD142,18.4,queries/tpch/tpch-queries/q16/v1_materialized.sql,warmup,2,1,1,2,0.296568,0.296568,220.932,0.075636,0.002958,0.008578,7168,0,6.604736328125000000,6.218322753906250000,,
2026-09-11T20:43:27Z,623C1BCED36FD142,18.4,queries/tpch/tpch-queries/q16/v1_materialized.sql,measured,1,1,1,2,0.314156,0.314156,217.064,0.097092,0.003589,0.004469,7168,0,6.738586425781250000,6.287292480468750000,,
2026-09-11T20:43:27Z,623C1BCED36FD142,18.4,queries/tpch/tpch-queries/q16/v1_materialized.sql,measured,1,2,1,2,0.530233,0.265116,430.288,0.099945,0.002943,0.005192,7168,0,12.892700195312500000,12.156066894531250000,,
2026-09-11T20:43:28Z,623C1BCED36FD142,18.4,queries/tpch/tpch-queries/q16/v1_materialized.sql,measured,1,4,1,2,0.987559,0.246890,889.435,0.098124,0.003777,0.003689,7168,0,25.296752929687500000,23.911743164062500000,,
2026-09-11T20:43:30Z,623C1BCED36FD142,18.4,queries/tpch/tpch-queries/q16/v1_materialized.sql,measured,1,8,1,2,1.842777,0.230347,1744.232,0.098545,0.003713,0.003604,7168,0,49.957153320312500000,47.583312988281250000,,
2026-09-11T20:43:34Z,623C1BCED36FD142,18.4,queries/tpch/tpch-queries/q16/v1_materialized.sql,measured,1,16,1,2,3.635232,0.227202,3531.426,0.103806,0.002856,0.004869,7168,0,97.968383789062500000,93.004760742187500000,,
2026-09-11T20:43:39Z,A5E07BF037BD92FE,18.4,queries/tpch/tpch-queries/q03/v1_materialized.sql,warmup,1,1,1,2,1.486079,1.486079,1300.882,0.185197,0.000000,0.006873,7168,0,25.668029785156250000,22.192321777343750000,,
2026-09-11T20:43:39Z,A5E07BF037BD92FE,18.4,queries/tpch/tpch-queries/q03/v1_materialized.sql,warmup,2,1,1,2,0.299853,0.299853,259.955,0.039898,0.002499,0.004409,7168,0,9.036682128906250000,8.599609375000000000,,
2026-09-11T20:43:40Z,A5E07BF037BD92FE,18.4,queries/tpch/tpch-queries/q03/v1_materialized.sql,measured,1,1,1,2,0.373275,0.373275,276.941,0.096334,0.003212,0.004054,7168,0,8.937255859375000000,8.322326660156250000,,
2026-09-11T20:43:40Z,A5E07BF037BD92FE,18.4,queries/tpch/tpch-queries/q03/v1_materialized.sql,measured,1,2,1,2,0.618520,0.309260,527.463,0.091057,0.004448,0.002698,7168,0,16.267883300781250000,15.317565917968750000,,
2026-09-11T20:43:41Z,A5E07BF037BD92FE,18.4,queries/tpch/tpch-queries/q03/v1_materialized.sql,measured,1,4,1,2,1.079197,0.269799,986.816,0.092381,0.003358,0.003747,7168,0,31.917358398437500000,30.352111816406250000,,
2026-09-11T20:43:43Z,A5E07BF037BD92FE,18.4,queries/tpch/tpch-queries/q03/v1_materialized.sql,measured,1,8,1,2,2.012986,0.251623,1919.713,0.093273,0.003581,0.003565,7168,0,62.310058593750000000,59.292297363281250000,,
2026-09-11T20:43:47Z,A5E07BF037BD92FE,18.4,queries/tpch/tpch-queries/q03/v1_materialized.sql,measured,1,16,1,2,4.037712,0.252357,3935.626,0.102086,0.001041,0.006062,7168,0,116.404785156250000000,110.488159179687500000,,
2026-09-11T20:43:57Z,E89B7E96059FD694,18.4,queries/tpch/tpch-queries/q05/v1_materialized.sql,warmup,1,1,1,2,6.317824,6.317824,6127.569,0.190255,0.003562,0.003708,7168,0,29.911743164062500000,16.347351074218750000,,
2026-09-11T20:43:58Z,E89B7E96059FD694,18.4,queries/tpch/tpch-queries/q05/v1_materialized.sql,warmup,2,1,1,2,0.281539,0.281539,240.278,0.041261,0.002116,0.005083,7168,0,4.279724121093750000,3.891662597656250000,,
2026-09-11T20:43:58Z,E89B7E96059FD694,18.4,queries/tpch/tpch-queries/q05/v1_materialized.sql,measured,1,1,1,2,0.334763,0.334763,241.771,0.092992,0.002507,0.005555,7168,0,4.364379882812500000,3.835327148437500000,,
2026-09-11T20:43:59Z,E89B7E96059FD694,18.4,queries/tpch/tpch-queries/q05/v1_materialized.sql,measured,1,2,1,2,0.573447,0.286724,479.343,0.094104,0.000000,0.008451,7168,0,7.606933593750000000,6.688903808593750000,,
2026-09-11T20:44:00Z,E89B7E96059FD694,18.4,queries/tpch/tpch-queries/q05/v1_materialized.sql,measured,1,4,1,2,0.970937,0.242734,921.456,0.049481,0.002650,0.005288,7168,0,13.888610839843750000,12.486083984375000000,,
2026-09-11T20:44:01Z,E89B7E96059FD694,18.4,queries/tpch/tpch-queries/q05/v1_materialized.sql,measured,1,8,1,2,1.914058,0.239257,1807.878,0.106180,0.002089,0.005723,7168,0,27.267944335937500000,24.436462402343750000,,
2026-09-11T20:44:05Z,E89B7E96059FD694,18.4,queries/tpch/tpch-queries/q05/v1_materialized.sql,measured,1,16,1,2,3.652541,0.228284,3585.539,0.067002,0.002875,0.004724,7168,0,55.219299316406250000,49.911865234375000000,,
2026-09-11T20:44:10Z,00EF0FC21E098852,18.4,queries/tpch/tpch-queries/q19/v1_materialized.sql,warmup,1,1,1,2,1.148031,1.148031,966.899,0.181132,0.005202,0.002218,7168,0,25.402526855468750000,22.644409179687500000,,
2026-09-11T20:44:10Z,00EF0FC21E098852,18.4,queries/tpch/tpch-queries/q19/v1_materialized.sql,warmup,2,1,1,2,0.398531,0.398531,358.358,0.040173,0.002753,0.004511,7168,0,14.067810058593750000,13.500854492187500000,,
2026-09-11T20:44:11Z,00EF0FC21E098852,18.4,queries/tpch/tpch-queries/q19/v1_materialized.sql,measured,1,1,1,2,0.540908,0.540908,437.960,0.102948,0.003069,0.004977,7168,0,12.621643066406250000,11.811645507812500000,,
2026-09-11T20:44:12Z,00EF0FC21E098852,18.4,queries/tpch/tpch-queries/q19/v1_materialized.sql,measured,1,2,1,2,0.913375,0.456688,809.574,0.103801,0.003592,0.004488,7168,0,24.581420898437500000,23.200256347656250000,,
2026-09-11T20:44:13Z,00EF0FC21E098852,18.4,queries/tpch/tpch-queries/q19/v1_materialized.sql,measured,1,4,1,2,1.595094,0.398773,1494.625,0.100469,0.002820,0.004847,7168,0,50.509216308593750000,48.254577636718750000,,
2026-09-11T20:44:17Z,00EF0FC21E098852,18.4,queries/tpch/tpch-queries/q19/v1_materialized.sql,measured,1,8,1,2,3.158546,0.394818,3007.666,0.150880,0.002446,0.005006,7168,0,96.273498535156250000,91.623352050781250000,,
2026-09-11T20:44:23Z,00EF0FC21E098852,18.4,queries/tpch/tpch-queries/q19/v1_materialized.sql,measured,1,16,1,2,6.274409,0.392151,6215.856,0.058553,0.000910,0.006340,7168,0,178.390197753906250000,169.536254882812500000,,
2026-09-11T20:44:34Z,B5737F9E035B68B0,18.4,queries/tpch/tpch-queries/q05/v1_materialized.sql,warmup,1,1,1,2,7.383902,7.383902,7194.714,0.189188,0.003695,0.003509,7168,0,30.574645996093750000,14.765319824218750000,,
2026-09-11T20:44:34Z,B5737F9E035B68B0,18.4,queries/tpch/tpch-queries/q05/v1_materialized.sql,warmup,2,1,1,2,0.280596,0.280596,239.196,0.041400,0.004201,0.002932,7168,0,4.352539062500000000,3.914672851562500000,,
2026-09-11T20:44:35Z,B5737F9E035B68B0,18.4,queries/tpch/tpch-queries/q05/v1_materialized.sql,measured,1,1,1,2,0.328629,0.328629,236.546,0.092083,0.004856,0.002919,7168,0,4.367858886718750000,3.858032226562500000,,
2026-09-11T20:44:35Z,B5737F9E035B68B0,18.4,queries/tpch/tpch-queries/q05/v1_materialized.sql,measured,1,2,1,2,0.571007,0.285503,474.905,0.096102,0.003046,0.004996,7168,0,7.316040039062500000,6.482543945312500000,,
2026-09-11T20:44:36Z,B5737F9E035B68B0,18.4,queries/tpch/tpch-queries/q05/v1_materialized.sql,measured,1,4,1,2,1.030806,0.257702,933.302,0.097504,0.003803,0.004681,7168,0,13.586059570312500000,12.114562988281250000,,
2026-09-11T20:44:38Z,B5737F9E035B68B0,18.4,queries/tpch/tpch-queries/q05/v1_materialized.sql,measured,1,8,1,2,1.939263,0.242408,1835.087,0.104176,0.003805,0.004804,7168,0,26.525939941406250000,23.752929687500000000,,
2026-09-11T20:44:42Z,B5737F9E035B68B0,18.4,queries/tpch/tpch-queries/q05/v1_materialized.sql,measured,1,16,1,2,3.741595,0.233850,3625.431,0.116164,0.002023,0.006036,7168,0,52.504821777343750000,47.179504394531250000,,
2026-09-11T20:44:46Z,2B3BB874D61FDF5F,18.4,queries/tpch/tpch-queries/q22/v1_materialized.sql,warmup,1,1,1,2,0.316205,0.316205,128.518,0.187687,0.002677,0.004657,7168,0,2.937316894531250000,2.301513671875000000,,
2026-09-11T20:44:46Z,2B3BB874D61FDF5F,18.4,queries/tpch/tpch-queries/q22/v1_materialized.sql,warmup,2,1,1,2,0.108887,0.108887,51.934,0.056953,0.003318,0.005474,7168,0,1.854248046875000000,1.697631835937500000,,
2026-09-11T20:44:46Z,2B3BB874D61FDF5F,18.4,queries/tpch/tpch-queries/q22/v1_materialized.sql,measured,1,1,1,2,0.099523,0.099523,60.020,0.039503,0.002680,0.004367,7168,0,2.031127929687500000,1.881530761718750000,,
2026-09-11T20:44:46Z,2B3BB874D61FDF5F,18.4,queries/tpch/tpch-queries/q22/v1_materialized.sql,measured,1,2,1,2,0.143935,0.071967,103.613,0.040322,0.001011,0.005851,7168,0,3.491760253906250000,3.288208007812500000,,
2026-09-11T20:44:47Z,2B3BB874D61FDF5F,18.4,queries/tpch/tpch-queries/q22/v1_materialized.sql,measured,1,4,1,2,0.314626,0.078656,211.965,0.102661,0.004901,0.004044,7168,0,6.483398437500000000,6.012939453125000000,,
2026-09-11T20:44:47Z,2B3BB874D61FDF5F,18.4,queries/tpch/tpch-queries/q22/v1_materialized.sql,measured,1,8,1,2,0.530588,0.066324,426.145,0.104443,0.003825,0.003958,7168,0,12.020690917968750000,11.273803710937500000,,
2026-09-11T20:44:48Z,2B3BB874D61FDF5F,18.4,queries/tpch/tpch-queries/q22/v1_materialized.sql,measured,1,16,1,2,0.992407,0.062025,878.686,0.113721,0.002026,0.005658,7168,0,23.395019531250000000,21.892578125000000000,,
2026-09-11T20:44:52Z,7BA179A5E6EE88E3,18.4,queries/tpch/tpch-queries/q11/v2_cte_threshold.sql,warmup,1,1,1,2,0.418563,0.418563,240.386,0.178177,0.002038,0.004862,7168,0,4.463867187500000000,3.604187011718750000,,
2026-09-11T20:44:52Z,7BA179A5E6EE88E3,18.4,queries/tpch/tpch-queries/q11/v2_cte_threshold.sql,warmup,2,1,1,2,0.121870,0.121870,81.696,0.040174,0.002774,0.004531,7168,0,3.081420898437500000,2.901062011718750000,,
2026-09-11T20:44:52Z,7BA179A5E6EE88E3,18.4,queries/tpch/tpch-queries/q11/v2_cte_threshold.sql,measured,1,1,1,2,0.186488,0.186488,84.205,0.102283,0.002726,0.005470,7168,0,3.136718750000000000,2.811645507812500000,,
2026-09-11T20:44:53Z,7BA179A5E6EE88E3,18.4,queries/tpch/tpch-queries/q11/v2_cte_threshold.sql,measured,1,2,1,2,0.265848,0.132924,162.476,0.103372,0.003013,0.005385,7168,0,5.656188964843750000,5.219116210937500000,,
2026-09-11T20:44:53Z,7BA179A5E6EE88E3,18.4,queries/tpch/tpch-queries/q11/v2_cte_threshold.sql,measured,1,4,1,2,0.480171,0.120043,367.243,0.112928,0.006297,0.002148,7168,0,9.826416015625000000,9.097167968750000000,,
2026-09-11T20:44:54Z,7BA179A5E6EE88E3,18.4,queries/tpch/tpch-queries/q11/v2_cte_threshold.sql,measured,1,8,1,2,0.751795,0.093974,643.122,0.108673,0.004875,0.002995,7168,0,19.489135742187500000,18.253295898437500000,,
2026-09-11T20:44:55Z,7BA179A5E6EE88E3,18.4,queries/tpch/tpch-queries/q11/v2_cte_threshold.sql,measured,1,16,1,2,1.489372,0.093086,1341.500,0.147872,0.002805,0.005686,7168,0,40.025451660156250000,37.760559082031250000,,
2026-09-11T20:44:59Z,CF8A11227447BDCF,18.4,queries/tpch/tpch-queries/q11/v1_materialized.sql,warmup,1,1,1,2,0.407699,0.407699,230.477,0.177222,0.001010,0.005766,7168,0,4.447631835937500000,3.573425292968750000,,
2026-09-11T20:44:59Z,CF8A11227447BDCF,18.4,queries/tpch/tpch-queries/q11/v1_materialized.sql,warmup,2,1,1,2,0.123847,0.123847,83.760,0.040087,0.005135,0.002159,7168,0,3.086364746093750000,2.902526855468750000,,
2026-09-11T20:45:00Z,CF8A11227447BDCF,18.4,queries/tpch/tpch-queries/q11/v1_materialized.sql,measured,1,1,1,2,0.196281,0.196281,99.658,0.096623,0.003801,0.003756,7168,0,2.506164550781250000,2.185180664062500000,,
2026-09-11T20:45:00Z,CF8A11227447BDCF,18.4,queries/tpch/tpch-queries/q11/v1_materialized.sql,measured,1,2,1,2,0.281579,0.140789,166.197,0.115382,0.003773,0.005598,7168,0,5.668518066406250000,5.212219238281250000,,
2026-09-11T20:45:00Z,CF8A11227447BDCF,18.4,queries/tpch/tpch-queries/q11/v1_materialized.sql,measured,1,4,1,2,0.462365,0.115591,357.594,0.104771,0.003696,0.004540,7168,0,9.904479980468750000,9.142333984375000000,,
2026-09-11T20:45:01Z,CF8A11227447BDCF,18.4,queries/tpch/tpch-queries/q11/v1_materialized.sql,measured,1,8,1,2,0.821693,0.102712,707.323,0.114370,0.004238,0.004113,7168,0,19.801086425781250000,18.411804199218750000,,
2026-09-11T20:45:03Z,CF8A11227447BDCF,18.4,queries/tpch/tpch-queries/q11/v1_materialized.sql,measured,1,16,1,2,1.440770,0.090048,1291.682,0.149088,0.003582,0.004478,7168,0,39.212158203125000000,37.000061035156250000,,
2026-09-11T20:45:14Z,32E682CB618E7903,18.4,queries/tpch/tpch-queries/q08/base.sql,warmup,1,1,1,2,8.277086,8.277086,8083.593,0.193493,0.000914,0.006235,7168,0,50.387023925781250000,32.685180664062500000,,
2026-09-11T20:45:15Z,32E682CB618E7903,18.4,queries/tpch/tpch-queries/q08/base.sql,warmup,2,1,1,2,0.406131,0.406131,364.862,0.041269,0.001678,0.005294,7168,0,7.027526855468750000,6.451782226562500000,,
2026-09-11T20:45:15Z,32E682CB618E7903,18.4,queries/tpch/tpch-queries/q08/base.sql,measured,1,1,1,2,0.410932,0.410932,366.352,0.044580,0.002853,0.004727,7168,0,6.786376953125000000,6.218872070312500000,,
2026-09-11T20:45:16Z,32E682CB618E7903,18.4,queries/tpch/tpch-queries/q08/base.sql,measured,1,2,1,2,0.835988,0.417994,695.759,0.140229,0.001081,0.006302,7168,0,13.301330566406250000,12.086181640625000000,,
2026-09-11T20:45:17Z,32E682CB618E7903,18.4,queries/tpch/tpch-queries/q08/base.sql,measured,1,4,1,2,1.415700,0.353925,1368.051,0.047649,0.001752,0.005279,7168,0,24.050048828125000000,22.134155273437500000,,
2026-09-11T20:45:20Z,32E682CB618E7903,18.4,queries/tpch/tpch-queries/q08/base.sql,measured,1,8,1,2,2.767140,0.345892,2665.080,0.102060,0.002914,0.004760,7168,0,48.355346679687500000,44.374389648437500000,,
2026-09-11T20:45:26Z,32E682CB618E7903,18.4,queries/tpch/tpch-queries/q08/base.sql,measured,1,16,1,2,5.356178,0.334761,5238.281,0.117897,0.003804,0.003822,7168,0,97.453002929687500000,89.848571777343750000,,
2026-09-11T20:45:30Z,21D017D73B1270DE,18.4,queries/tpch/tpch-queries/q14/v2_filter.sql,warmup,1,1,1,2,1.077225,1.077225,896.710,0.180515,0.002764,0.004038,7168,0,20.734863281250000000,18.105712890625000000,,
2026-09-11T20:45:31Z,21D017D73B1270DE,18.4,queries/tpch/tpch-queries/q14/v2_filter.sql,warmup,2,1,1,2,0.298090,0.298090,258.414,0.039676,0.004488,0.002738,7168,0,9.481994628906250000,9.019104003906250000,,
2026-09-11T20:45:31Z,21D017D73B1270DE,18.4,queries/tpch/tpch-queries/q14/v2_filter.sql,measured,1,1,1,2,0.402929,0.402929,307.922,0.095007,0.004612,0.002662,7168,0,8.246582031250000000,7.546081542968750000,,
2026-09-11T20:45:32Z,21D017D73B1270DE,18.4,queries/tpch/tpch-queries/q14/v2_filter.sql,measured,1,2,1,2,0.516815,0.258407,476.592,0.040223,0.003147,0.003942,7168,0,18.146057128906250000,17.289062500000000000,,
2026-09-11T20:45:33Z,21D017D73B1270DE,18.4,queries/tpch/tpch-queries/q14/v2_filter.sql,measured,1,4,1,2,0.973562,0.243390,932.318,0.041244,0.001264,0.005866,7168,0,35.520751953125000000,33.983459472656250000,,
2026-09-11T20:45:35Z,21D017D73B1270DE,18.4,queries/tpch/tpch-queries/q14/v2_filter.sql,measured,1,8,1,2,2.033025,0.254128,1936.105,0.096920,0.004424,0.003025,7168,0,65.829345703125000000,62.665771484375000000,,
2026-09-11T20:45:39Z,21D017D73B1270DE,18.4,queries/tpch/tpch-queries/q14/v2_filter.sql,measured,1,16,1,2,3.971499,0.248219,3923.980,0.047519,0.005013,0.002127,7168,0,125.102539062500000000,118.854064941406250000,,
2026-09-11T20:45:44Z,173421C6402B964F,18.4,queries/tpch/tpch-queries/q21/base.sql,warmup,1,1,1,2,1.445810,1.445810,1262.230,0.183580,0.003028,0.003731,7168,0,31.055480957031250000,27.564819335937500000,,
2026-09-11T20:45:44Z,173421C6402B964F,18.4,queries/tpch/tpch-queries/q21/base.sql,warmup,2,1,1,2,0.506356,0.506356,464.231,0.042125,0.005938,0.001272,7168,0,15.743774414062500000,14.967468261718750000,,
2026-09-11T20:45:45Z,173421C6402B964F,18.4,queries/tpch/tpch-queries/q21/base.sql,measured,1,1,1,2,0.510579,0.510579,467.071,0.043508,0.004694,0.002907,7168,0,15.815673828125000000,15.026123046875000000,,
2026-09-11T20:45:46Z,173421C6402B964F,18.4,queries/tpch/tpch-queries/q21/base.sql,measured,1,2,1,2,0.953565,0.476783,910.732,0.042833,0.003520,0.003618,7168,0,30.020141601562500000,28.634338378906250000,,
2026-09-11T20:45:48Z,173421C6402B964F,18.4,queries/tpch/tpch-queries/q21/base.sql,measured,1,4,1,2,1.935700,0.483925,1842.078,0.093622,0.001666,0.005417,7168,0,57.165344238281250000,54.307189941406250000,,
2026-09-11T20:45:51Z,173421C6402B964F,18.4,queries/tpch/tpch-queries/q21/base.sql,measured,1,8,1,2,3.815653,0.476957,3707.809,0.107844,0.000898,0.006293,7168,0,110.364135742187500000,104.793518066406250000,,
2026-09-11T20:45:59Z,173421C6402B964F,18.4,queries/tpch/tpch-queries/q21/base.sql,measured,1,16,1,2,7.817611,0.488601,7651.395,0.166216,0.003018,0.004200,7168,0,206.170898437500000000,194.771362304687500000,,
2026-09-11T20:46:05Z,D433FB4B23056AC4,18.4,queries/tpch/tpch-queries/q03/v1_materialized.sql,warmup,1,1,1,2,1.498173,1.498173,1312.370,0.185803,0.003106,0.003846,7168,0,26.031250000000000000,22.527954101562500000,,
2026-09-11T20:46:05Z,D433FB4B23056AC4,18.4,queries/tpch/tpch-queries/q03/v1_materialized.sql,warmup,2,1,1,2,0.301878,0.301878,261.911,0.039967,0.003922,0.003090,7168,0,9.141357421875000000,8.606872558593750000,,
2026-09-11T20:46:05Z,D433FB4B23056AC4,18.4,queries/tpch/tpch-queries/q03/v1_materialized.sql,measured,1,1,1,2,0.304882,0.304882,264.894,0.039988,0.000000,0.006921,7168,0,9.016662597656250000,8.575500488281250000,,
2026-09-11T20:46:06Z,D433FB4B23056AC4,18.4,queries/tpch/tpch-queries/q03/v1_materialized.sql,measured,1,2,1,2,0.638641,0.319321,547.862,0.090779,0.002686,0.004494,7168,0,15.763854980468750000,14.742919921875000000,,
2026-09-11T20:46:07Z,D433FB4B23056AC4,18.4,queries/tpch/tpch-queries/q03/v1_materialized.sql,measured,1,4,1,2,1.029043,0.257261,986.755,0.042288,0.002053,0.004902,7168,0,31.267395019531250000,29.818420410156250000,,
2026-09-11T20:46:09Z,D433FB4B23056AC4,18.4,queries/tpch/tpch-queries/q03/v1_materialized.sql,measured,1,8,1,2,2.066412,0.258302,1972.757,0.093655,0.003578,0.003528,7168,0,59.243469238281250000,56.231811523437500000,,
2026-09-11T20:46:13Z,D433FB4B23056AC4,18.4,queries/tpch/tpch-queries/q03/v1_materialized.sql,measured,1,16,1,2,4.098543,0.256159,3989.014,0.109529,0.002158,0.005035,7168,0,113.596923828125000000,107.481750488281250000,,
2026-09-11T20:46:19Z,A3AC0ADC1577384E,18.4,queries/tpch/tpch-queries/q09/base.sql,warmup,1,1,1,2,1.983320,1.983320,1795.253,0.188067,0.001685,0.005460,7168,0,37.157287597656250000,32.735046386718750000,,
2026-09-11T20:46:20Z,A3AC0ADC1577384E,18.4,queries/tpch/tpch-queries/q09/base.sql,warmup,2,1,1,2,0.961913,0.961913,908.547,0.053366,0.001884,0.007654,7168,0,20.892333984375000000,19.423767089843750000,,
2026-09-11T20:46:21Z,A3AC0ADC1577384E,18.4,queries/tpch/tpch-queries/q09/base.sql,measured,1,1,1,2,0.998251,0.998251,901.440,0.096811,0.002030,0.005925,7168,0,21.134460449218750000,19.704711914062500000,,
2026-09-11T20:46:23Z,A3AC0ADC1577384E,18.4,queries/tpch/tpch-queries/q09/base.sql,measured,1,2,1,2,1.883414,0.941707,1786.882,0.096532,0.001937,0.005726,7168,0,41.118225097656250000,38.364685058593750000,,
2026-09-11T20:46:26Z,A3AC0ADC1577384E,18.4,queries/tpch/tpch-queries/q09/base.sql,measured,1,4,1,2,3.676668,0.919167,3582.777,0.093891,0.002088,0.005021,7168,0,82.292968750000000000,76.821350097656250000,,
2026-09-11T20:46:34Z,A3AC0ADC1577384E,18.4,queries/tpch/tpch-queries/q09/base.sql,measured,1,8,1,2,7.348710,0.918589,7249.650,0.099060,0.001676,0.005467,7168,0,161.475036621093750000,150.883911132812500000,,
2026-09-11T20:46:49Z,A3AC0ADC1577384E,18.4,queries/tpch/tpch-queries/q09/base.sql,measured,1,16,1,2,14.756438,0.922277,14594.873,0.161565,0.003101,0.004070,7168,0,318.531677246093750000,297.639770507812500000,,
2026-09-11T20:46:58Z,2826493255459B06,18.4,queries/tpch/tpch-queries/q18/v2_join.sql,warmup,1,1,1,2,5.559855,5.559855,5370.249,0.189606,0.001013,0.005796,7168,0,144.140441894531250000,132.721557617187500000,,
2026-09-11T20:47:03Z,2826493255459B06,18.4,queries/tpch/tpch-queries/q18/v2_join.sql,warmup,2,1,1,2,4.621539,4.621539,4580.664,0.040875,0.001794,0.005310,7168,0,121.789672851562500000,114.980407714843750000,,
2026-09-11T20:47:07Z,2826493255459B06,18.4,queries/tpch/tpch-queries/q18/v2_join.sql,measured,1,1,1,2,4.768558,4.768558,4674.309,0.094249,0.000000,0.007237,7168,0,118.905761718750000000,111.960937500000000000,,
2026-09-11T20:47:17Z,2826493255459B06,18.4,queries/tpch/tpch-queries/q18/v2_join.sql,measured,1,2,1,2,9.654975,4.827487,9562.560,0.092415,0.001820,0.005440,7168,0,224.453857421875000000,210.476440429687500000,,
2026-09-11T20:47:36Z,2826493255459B06,18.4,queries/tpch/tpch-queries/q18/v2_join.sql,measured,1,4,1,2,19.514908,4.878727,19400.826,0.114082,0.003289,0.004900,7168,0,427.482910156250000000,399.103820800781250000,,
2026-09-11T20:48:15Z,2826493255459B06,18.4,queries/tpch/tpch-queries/q18/v2_join.sql,measured,1,8,1,2,38.923069,4.865384,38810.239,0.112830,0.003326,0.005354,7168,0,854.268066406250000000,798.190734863281250000,,
2026-09-11T20:49:33Z,2826493255459B06,18.4,queries/tpch/tpch-queries/q18/v2_join.sql,measured,1,16,1,2,77.785710,4.861607,77603.067,0.182643,0.002028,0.006118,7168,0,1706.118652343750000000,1595.107666015625000000,,
2026-09-11T20:49:37Z,F7BE7E1B56E1AD90,18.4,queries/tpch/tpch-queries/q11/v2_cte_threshold.sql,warmup,1,1,1,2,0.406907,0.406907,227.238,0.179669,0.000934,0.006403,7168,0,4.687561035156250000,3.822570800781250000,,
2026-09-11T20:49:38Z,F7BE7E1B56E1AD90,18.4,queries/tpch/tpch-queries/q11/v2_cte_threshold.sql,warmup,2,1,1,2,0.125441,0.125441,85.473,0.039968,0.002659,0.004574,7168,0,3.199768066406250000,3.025573730468750000,,
2026-09-11T20:49:38Z,F7BE7E1B56E1AD90,18.4,queries/tpch/tpch-queries/q11/v2_cte_threshold.sql,measured,1,1,1,2,0.182954,0.182954,84.723,0.098231,0.004633,0.003695,7168,0,3.195190429687500000,2.882812500000000000,,
2026-09-11T20:49:38Z,F7BE7E1B56E1AD90,18.4,queries/tpch/tpch-queries/q11/v2_cte_threshold.sql,measured,1,2,1,2,0.270571,0.135285,167.900,0.102671,0.003826,0.004774,7168,0,5.832580566406250000,5.383728027343750000,,
2026-09-11T20:49:38Z,F7BE7E1B56E1AD90,18.4,queries/tpch/tpch-queries/q11/v2_cte_threshold.sql,measured,1,4,1,2,0.466846,0.116711,358.842,0.108004,0.000000,0.007968,7168,0,10.033264160156250000,9.308776855468750000,,
2026-09-11T20:49:39Z,F7BE7E1B56E1AD90,18.4,queries/tpch/tpch-queries/q11/v2_cte_threshold.sql,measured,1,8,1,2,0.860929,0.107616,679.885,0.181044,0.003491,0.005465,7168,0,19.513793945312500000,18.097290039062500000,,
2026-09-11T20:49:41Z,F7BE7E1B56E1AD90,18.4,queries/tpch/tpch-queries/q11/v2_cte_threshold.sql,measured,1,16,1,2,1.480373,0.092523,1414.064,0.066309,0.001003,0.006978,7168,0,38.311279296875000000,35.936157226562500000,,
2026-09-11T20:49:46Z,48B388060387B54A,18.4,queries/tpch/tpch-queries/q03/base.sql,warmup,1,1,1,2,1.499952,1.499952,1314.513,0.185439,0.003272,0.004011,7168,0,25.835144042968750000,22.341613769531250000,,
2026-09-11T20:49:46Z,48B388060387B54A,18.4,queries/tpch/tpch-queries/q03/base.sql,warmup,2,1,1,2,0.302934,0.302934,262.569,0.040365,0.000902,0.006199,7168,0,9.196960449218750000,8.738403320312500000,,
2026-09-11T20:49:47Z,48B388060387B54A,18.4,queries/tpch/tpch-queries/q03/base.sql,measured,1,1,1,2,0.375745,0.375745,278.334,0.097411,0.000000,0.007490,7168,0,9.165405273437500000,8.517456054687500000,,
2026-09-11T20:49:47Z,48B388060387B54A,18.4,queries/tpch/tpch-queries/q03/base.sql,measured,1,2,1,2,0.549436,0.274718,508.297,0.041139,0.001055,0.006073,7168,0,17.098632812500000000,16.247619628906250000,,
2026-09-11T20:49:48Z,48B388060387B54A,18.4,queries/tpch/tpch-queries/q03/base.sql,measured,1,4,1,2,1.098832,0.274708,1005.722,0.093110,0.000000,0.007111,7168,0,31.432678222656250000,29.855712890625000000,,
2026-09-11T20:49:50Z,48B388060387B54A,18.4,queries/tpch/tpch-queries/q03/base.sql,measured,1,8,1,2,2.086310,0.260789,1991.885,0.094425,0.003141,0.003995,7168,0,59.817810058593750000,56.796508789062500000,,
2026-09-11T20:49:54Z,48B388060387B54A,18.4,queries/tpch/tpch-queries/q03/base.sql,measured,1,16,1,2,4.163072,0.260192,4056.170,0.106902,0.001062,0.006245,7168,0,113.644287109375000000,107.531066894531250000,,
2026-09-11T20:50:00Z,3EEA3896E5A15FFB,18.4,queries/tpch/tpch-queries/q12/base.sql,warmup,1,1,1,2,1.318883,1.318883,1137.789,0.181094,0.004055,0.002763,7168,0,27.526062011718750000,24.359741210937500000,,
2026-09-11T20:50:00Z,3EEA3896E5A15FFB,18.4,queries/tpch/tpch-queries/q12/base.sql,warmup,2,1,1,2,0.468945,0.468945,414.837,0.054108,0.002099,0.005046,7168,0,13.914550781250000000,13.223815917968750000,,
2026-09-11T20:50:01Z,3EEA3896E5A15FFB,18.4,queries/tpch/tpch-queries/q12/base.sql,measured,1,1,1,2,0.565089,0.565089,463.062,0.102027,0.002690,0.005317,7168,0,12.996032714843750000,12.157165527343750000,,
2026-09-11T20:50:02Z,3EEA3896E5A15FFB,18.4,queries/tpch/tpch-queries/q12/base.sql,measured,1,2,1,2,1.006138,0.503069,893.779,0.112359,0.003123,0.005014,7168,0,25.234252929687500000,23.752929687500000000,,
2026-09-11T20:50:03Z,3EEA3896E5A15FFB,18.4,queries/tpch/tpch-queries/q12/base.sql,measured,1,4,1,2,1.788105,0.447026,1689.241,0.098864,0.004604,0.003112,7168,0,49.158203125000000000,46.580200195312500000,,
2026-09-11T20:50:07Z,3EEA3896E5A15FFB,18.4,queries/tpch/tpch-queries/q12/base.sql,measured,1,8,1,2,3.426450,0.428306,3381.647,0.044803,0.003500,0.003587,7168,0,94.516845703125000000,89.536071777343750000,,
2026-09-11T20:50:14Z,3EEA3896E5A15FFB,18.4,queries/tpch/tpch-queries/q12/base.sql,measured,1,16,1,2,7.059587,0.441224,6954.904,0.104683,0.003688,0.003803,7168,0,180.594726562500000000,170.577575683593750000,,
2026-09-11T20:50:23Z,2730CA03D853BB0F,18.4,queries/tpch/tpch-queries/q18/v1_materialized.sql,warmup,1,1,1,2,5.572999,5.572999,5337.592,0.235407,0.003134,0.003908,7168,0,139.082702636718750000,127.631896972656250000,,
2026-09-11T20:50:28Z,2730CA03D853BB0F,18.4,queries/tpch/tpch-queries/q18/v1_materialized.sql,warmup,2,1,1,2,4.752003,4.752003,4711.292,0.040711,0.003639,0.003507,7168,0,117.778991699218750000,110.884765625000000000,,
2026-09-11T20:50:33Z,2730CA03D853BB0F,18.4,queries/tpch/tpch-queries/q18/v1_materialized.sql,measured,1,1,1,2,4.870552,4.870552,4772.961,0.097591,0.002754,0.004744,7168,0,115.679687500000000000,108.593322753906250000,,
2026-09-11T20:50:43Z,2730CA03D853BB0F,18.4,queries/tpch/tpch-queries/q18/v1_materialized.sql,measured,1,2,1,2,9.706501,4.853251,9599.684,0.106817,0.002889,0.005063,7168,0,225.438720703125000000,211.525451660156250000,,
2026-09-11T20:51:02Z,2730CA03D853BB0F,18.4,queries/tpch/tpch-queries/q18/v1_materialized.sql,measured,1,4,1,2,19.686471,4.921618,19571.456,0.115015,0.003074,0.004994,7168,0,431.176574707031250000,402.665344238281250000,,
2026-09-11T20:51:41Z,2730CA03D853BB0F,18.4,queries/tpch/tpch-queries/q18/v1_materialized.sql,measured,1,8,1,2,39.060228,4.882529,38943.229,0.116999,0.002102,0.006164,7168,0,857.081115722656250000,801.044799804687500000,,
2026-09-11T20:53:00Z,2730CA03D853BB0F,18.4,queries/tpch/tpch-queries/q18/v1_materialized.sql,measured,1,16,1,2,78.382480,4.898905,78252.169,0.130311,0.005081,0.003096,7168,0,1720.317443847656250000,1608.274475097656250000,,
2026-09-11T20:53:04Z,9F8EEC88ED48157B,18.4,queries/tpch/tpch-queries/q11/v2_cte_threshold.sql,warmup,1,1,1,2,0.403611,0.403611,224.127,0.179484,0.002720,0.004356,7168,0,4.804260253906250000,3.952819824218750000,,
2026-09-11T20:53:04Z,9F8EEC88ED48157B,18.4,queries/tpch/tpch-queries/q11/v2_cte_threshold.sql,warmup,2,1,1,2,0.128033,0.128033,87.388,0.040645,0.004816,0.002773,7168,0,3.158996582031250000,2.969848632812500000,,
2026-09-11T20:53:04Z,9F8EEC88ED48157B,18.4,queries/tpch/tpch-queries/q11/v2_cte_threshold.sql,measured,1,1,1,2,0.180784,0.180784,88.122,0.092662,0.002350,0.005204,7168,0,3.319580078125000000,3.007812500000000000,,
2026-09-11T20:53:05Z,9F8EEC88ED48157B,18.4,queries/tpch/tpch-queries/q11/v2_cte_threshold.sql,measured,1,2,1,2,0.275899,0.137949,174.370,0.101529,0.003560,0.004450,7168,0,5.763122558593750000,5.314147949218750000,,
2026-09-11T20:53:05Z,9F8EEC88ED48157B,18.4,queries/tpch/tpch-queries/q11/v2_cte_threshold.sql,measured,1,4,1,2,0.491627,0.122907,381.027,0.110600,0.002820,0.005619,7168,0,9.654907226562500000,8.822265625000000000,,
2026-09-11T20:53:06Z,9F8EEC88ED48157B,18.4,queries/tpch/tpch-queries/q11/v2_cte_threshold.sql,measured,1,8,1,2,0.751170,0.093896,704.839,0.046331,0.003773,0.003713,7168,0,21.383056640625000000,20.150390625000000000,,
2026-09-11T20:53:07Z,9F8EEC88ED48157B,18.4,queries/tpch/tpch-queries/q11/v2_cte_threshold.sql,measured,1,16,1,2,1.422489,0.088906,1307.968,0.114521,0.002947,0.004883,7168,0,37.863891601562500000,35.675476074218750000,,
2026-09-11T20:53:12Z,DDF8FBE2C56AA53D,18.4,queries/tpch/tpch-queries/q14/base.sql,warmup,1,1,1,2,1.091743,1.091743,908.552,0.183191,0.003149,0.003926,7168,0,21.562500000000000000,18.913208007812500000,,
2026-09-11T20:53:12Z,DDF8FBE2C56AA53D,18.4,queries/tpch/tpch-queries/q14/base.sql,warmup,2,1,1,2,0.318218,0.318218,276.377,0.041841,0.000829,0.006711,7168,0,9.088684082031250000,8.617004394531250000,,
2026-09-11T20:53:13Z,DDF8FBE2C56AA53D,18.4,queries/tpch/tpch-queries/q14/base.sql,measured,1,1,1,2,0.390131,0.390131,296.731,0.093400,0.003618,0.003651,7168,0,7.933898925781250000,7.329223632812500000,,
2026-09-11T20:53:13Z,DDF8FBE2C56AA53D,18.4,queries/tpch/tpch-queries/q14/base.sql,measured,1,2,1,2,0.668801,0.334401,565.910,0.102891,0.001875,0.006166,7168,0,15.391906738281250000,14.291625976562500000,,
2026-09-11T20:53:14Z,DDF8FBE2C56AA53D,18.4,queries/tpch/tpch-queries/q14/base.sql,measured,1,4,1,2,1.086581,0.271645,1045.344,0.041237,0.004075,0.002838,7168,0,31.811584472656250000,30.099914550781250000,,
2026-09-11T20:53:17Z,DDF8FBE2C56AA53D,18.4,queries/tpch/tpch-queries/q14/base.sql,measured,1,8,1,2,2.123692,0.265462,2072.372,0.051320,0.002421,0.004817,7168,0,60.903198242187500000,57.734436035156250000,,
2026-09-11T20:53:21Z,DDF8FBE2C56AA53D,18.4,queries/tpch/tpch-queries/q14/base.sql,measured,1,16,1,2,4.265213,0.266576,4163.466,0.101747,0.001809,0.005399,7168,0,117.400573730468750000,110.755981445312500000,,
2026-09-11T20:53:26Z,E55207235BD62224,18.4,queries/tpch/tpch-queries/q14/v1_materialized.sql,warmup,1,1,1,2,1.079105,1.079105,898.671,0.180434,0.002720,0.004378,7168,0,21.548522949218750000,18.914062500000000000,,
2026-09-11T20:53:26Z,E55207235BD62224,18.4,queries/tpch/tpch-queries/q14/v1_materialized.sql,warmup,2,1,1,2,0.316665,0.316665,272.953,0.043712,0.002863,0.004978,7168,0,8.504821777343750000,8.029479980468750000,,
2026-09-11T20:53:27Z,E55207235BD62224,18.4,queries/tpch/tpch-queries/q14/v1_materialized.sql,measured,1,1,1,2,0.394465,0.394465,297.685,0.096780,0.002233,0.005366,7168,0,8.316223144531250000,7.668823242187500000,,
2026-09-11T20:53:27Z,E55207235BD62224,18.4,queries/tpch/tpch-queries/q14/v1_materialized.sql,measured,1,2,1,2,0.645857,0.322928,542.242,0.103615,0.000000,0.008365,7168,0,16.375610351562500000,15.314880371093750000,,
2026-09-11T20:53:28Z,E55207235BD62224,18.4,queries/tpch/tpch-queries/q14/v1_materialized.sql,measured,1,4,1,2,1.115805,0.278951,1074.237,0.041568,0.001708,0.005539,7168,0,29.905944824218750000,28.238037109375000000,,
2026-09-11T20:53:30Z,E55207235BD62224,18.4,queries/tpch/tpch-queries/q14/v1_materialized.sql,measured,1,8,1,2,2.185015,0.273127,2088.318,0.096697,0.002664,0.004512,7168,0,58.993469238281250000,55.716430664062500000,,
2026-09-11T20:53:35Z,E55207235BD62224,18.4,queries/tpch/tpch-queries/q14/v1_materialized.sql,measured,1,16,1,2,4.332426,0.270777,4233.585,0.098841,0.003169,0.004023,7168,0,112.282104492187500000,105.606018066406250000,,
2026-09-11T20:53:39Z,F8B86831B1A4BB85,18.4,queries/tpch/tpch-queries/q16/v2_not_exists.sql,warmup,1,1,1,2,0.626558,0.626558,397.161,0.229397,0.001743,0.005155,7168,0,8.342041015625000000,7.145629882812500000,,
2026-09-11T20:53:39Z,F8B86831B1A4BB85,18.4,queries/tpch/tpch-queries/q16/v2_not_exists.sql,warmup,2,1,1,2,0.324652,0.324652,216.525,0.108127,0.002497,0.006026,7168,0,6.286987304687500000,5.822204589843750000,,
2026-09-11T20:53:40Z,F8B86831B1A4BB85,18.4,queries/tpch/tpch-queries/q16/v2_not_exists.sql,measured,1,1,1,2,0.276567,0.276567,209.610,0.066957,0.005998,0.003942,7168,0,5.984497070312500000,5.603820800781250000,,
2026-09-11T20:53:40Z,F8B86831B1A4BB85,18.4,queries/tpch/tpch-queries/q16/v2_not_exists.sql,measured,1,2,1,2,0.523325,0.261663,417.018,0.106307,0.001898,0.006315,7168,0,11.584533691406250000,10.871643066406250000,,
2026-09-11T20:53:41Z,F8B86831B1A4BB85,18.4,queries/tpch/tpch-queries/q16/v2_not_exists.sql,measured,1,4,1,2,0.945425,0.236356,846.278,0.099147,0.002124,0.006174,7168,0,22.240051269531250000,20.888183593750000000,,
2026-09-11T20:53:43Z,F8B86831B1A4BB85,18.4,queries/tpch/tpch-queries/q16/v2_not_exists.sql,measured,1,8,1,2,1.834420,0.229303,1731.805,0.102615,0.000000,0.007849,7168,0,42.884216308593750000,40.498046875000000000,,
2026-09-11T20:53:47Z,F8B86831B1A4BB85,18.4,queries/tpch/tpch-queries/q16/v2_not_exists.sql,measured,1,16,1,2,3.606052,0.225378,3468.942,0.137110,0.003842,0.011547,7168,0,84.314086914062500000,79.379882812500000000,,
2026-09-11T20:53:52Z,D020DB60E8BBFB9F,18.4,queries/tpch/tpch-queries/q01/v1_materialized.sql,warmup,1,1,1,2,2.164944,2.164944,1983.615,0.181329,0.003427,0.003594,7168,0,59.628479003906250000,54.776062011718750000,,
2026-09-11T20:53:54Z,D020DB60E8BBFB9F,18.4,queries/tpch/tpch-queries/q01/v1_materialized.sql,warmup,2,1,1,2,1.589382,1.589382,1549.988,0.039394,0.004206,0.002908,7168,0,42.797058105468750000,40.772399902343750000,,
2026-09-11T20:53:55Z,D020DB60E8BBFB9F,18.4,queries/tpch/tpch-queries/q01/v1_materialized.sql,measured,1,1,1,2,1.690346,1.690346,1593.172,0.097174,0.001917,0.005678,7168,0,41.440673828125000000,39.301940917968750000,,
2026-09-11T20:53:59Z,D020DB60E8BBFB9F,18.4,queries/tpch/tpch-queries/q01/v1_materialized.sql,measured,1,2,1,2,3.270802,1.635401,3120.035,0.150767,0.003814,0.004336,7168,0,84.758544921875000000,80.355712890625000000,,
2026-09-11T20:54:05Z,D020DB60E8BBFB9F,18.4,queries/tpch/tpch-queries/q01/v1_materialized.sql,measured,1,4,1,2,6.369372,1.592343,6317.539,0.051833,0.000000,0.007818,7168,0,163.127258300781250000,154.995422363281250000,,
2026-09-11T20:54:18Z,D020DB60E8BBFB9F,18.4,queries/tpch/tpch-queries/q01/v1_materialized.sql,measured,1,8,1,2,13.173015,1.646627,13068.984,0.104031,0.003857,0.003917,7168,0,309.943298339843750000,292.875610351562500000,,
2026-09-11T20:54:45Z,D020DB60E8BBFB9F,18.4,queries/tpch/tpch-queries/q01/v1_materialized.sql,measured,1,16,1,2,26.977768,1.686111,26864.982,0.112786,0.001029,0.008166,7168,0,590.839904785156250000,556.308349609375000000,,
2026-09-11T20:54:56Z,E8884B3FCBAF6AA5,18.4,queries/tpch/tpch-queries/q07/base.sql,warmup,1,1,1,2,6.837479,6.837479,6649.032,0.188447,0.004039,0.002769,7168,0,36.855712890625000000,22.124389648437500000,,
2026-09-11T20:54:56Z,E8884B3FCBAF6AA5,18.4,queries/tpch/tpch-queries/q07/base.sql,warmup,2,1,1,2,0.335977,0.335977,295.287,0.040690,0.001507,0.005438,7168,0,5.974365234375000000,5.438110351562500000,,
2026-09-11T20:54:57Z,E8884B3FCBAF6AA5,18.4,queries/tpch/tpch-queries/q07/base.sql,measured,1,1,1,2,0.386476,0.386476,297.467,0.089009,0.003722,0.003361,7168,0,6.145385742187500000,5.462585449218750000,,
2026-09-11T20:54:57Z,E8884B3FCBAF6AA5,18.4,queries/tpch/tpch-queries/q07/base.sql,measured,1,2,1,2,0.618952,0.309476,576.273,0.042679,0.001850,0.005430,7168,0,10.325378417968750000,9.453063964843750000,,
2026-09-11T20:54:59Z,E8884B3FCBAF6AA5,18.4,queries/tpch/tpch-queries/q07/base.sql,measured,1,4,1,2,1.211737,0.302934,1116.109,0.095628,0.002744,0.004670,7168,0,19.985107421875000000,18.244323730468750000,,
2026-09-11T20:55:01Z,E8884B3FCBAF6AA5,18.4,queries/tpch/tpch-queries/q07/base.sql,measured,1,8,1,2,2.310229,0.288779,2211.233,0.098996,0.005496,0.001836,7168,0,38.598510742187500000,35.332031250000000000,,
2026-09-11T20:55:05Z,E8884B3FCBAF6AA5,18.4,queries/tpch/tpch-queries/q07/base.sql,measured,1,16,1,2,4.427873,0.276742,4319.822,0.108051,0.001711,0.005741,7168,0,76.839050292968750000,70.396118164062500000,,
2026-09-11T20:55:10Z,A89DC786E1BEBE59,18.4,queries/tpch/tpch-queries/q16/v1_materialized.sql,warmup,1,1,1,2,0.624074,0.624074,392.764,0.231310,0.004766,0.002256,7168,0,8.768676757812500000,7.580139160156250000,,
2026-09-11T20:55:10Z,A89DC786E1BEBE59,18.4,queries/tpch/tpch-queries/q16/v1_materialized.sql,warmup,2,1,1,2,0.270691,0.270691,219.440,0.051251,0.001165,0.007967,7168,0,6.652832031250000000,6.292968750000000000,,
2026-09-11T20:55:10Z,A89DC786E1BEBE59,18.4,queries/tpch/tpch-queries/q16/v1_materialized.sql,measured,1,1,1,2,0.314250,0.314250,216.793,0.097457,0.003603,0.004469,7168,0,6.802124023437500000,6.350402832031250000,,
2026-09-11T20:55:11Z,A89DC786E1BEBE59,18.4,queries/tpch/tpch-queries/q16/v1_materialized.sql,measured,1,2,1,2,0.533996,0.266998,438.169,0.095827,0.003531,0.004512,7168,0,13.047790527343750000,12.318420410156250000,,
2026-09-11T20:55:12Z,A89DC786E1BEBE59,18.4,queries/tpch/tpch-queries/q16/v1_materialized.sql,measured,1,4,1,2,0.976789,0.244197,881.229,0.095560,0.006201,0.001338,7168,0,25.614990234375000000,24.192138671875000000,,
2026-09-11T20:55:14Z,A89DC786E1BEBE59,18.4,queries/tpch/tpch-queries/q16/v1_materialized.sql,measured,1,8,1,2,1.889182,0.236148,1782.823,0.106359,0.000900,0.007033,7168,0,49.381347656250000000,46.960021972656250000,,
2026-09-11T20:55:17Z,A89DC786E1BEBE59,18.4,queries/tpch/tpch-queries/q16/v1_materialized.sql,measured,1,16,1,2,3.826178,0.239136,3718.022,0.108156,0.001115,0.006425,7168,0,93.651306152343750000,88.431884765625000000,,
2026-09-11T20:55:28Z,F2F86293CBE141D3,18.4,queries/tpch/tpch-queries/q07/v2_union_all.sql,warmup,1,1,1,2,6.424542,6.424542,6234.097,0.190445,0.003369,0.003513,7168,0,34.939941406250000000,21.120483398437500000,,
2026-09-11T20:55:28Z,F2F86293CBE141D3,18.4,queries/tpch/tpch-queries/q07/v2_union_all.sql,warmup,2,1,1,2,0.330529,0.330529,289.449,0.041080,0.003041,0.003841,7168,0,5.878112792968750000,5.390563964843750000,,
2026-09-11T20:55:28Z,F2F86293CBE141D3,18.4,queries/tpch/tpch-queries/q07/v2_union_all.sql,measured,1,1,1,2,0.380498,0.380498,291.020,0.089478,0.002104,0.005063,7168,0,6.073242187500000000,5.460632324218750000,,
2026-09-11T20:55:29Z,F2F86293CBE141D3,18.4,queries/tpch/tpch-queries/q07/v2_union_all.sql,measured,1,2,1,2,0.701113,0.350556,560.843,0.140270,0.005813,0.001948,7168,0,11.213806152343750000,10.047790527343750000,,
2026-09-11T20:55:30Z,F2F86293CBE141D3,18.4,queries/tpch/tpch-queries/q07/v2_union_all.sql,measured,1,4,1,2,1.167279,0.291820,1119.577,0.047702,0.003276,0.004150,7168,0,19.291503906250000000,17.682312011718750000,,
2026-09-11T20:55:32Z,F2F86293CBE141D3,18.4,queries/tpch/tpch-queries/q07/v2_union_all.sql,measured,1,8,1,2,2.269766,0.283721,2165.831,0.103935,0.004757,0.002813,7168,0,39.075622558593750000,35.853027343750000000,,
2026-09-11T20:55:37Z,F2F86293CBE141D3,18.4,queries/tpch/tpch-queries/q07/v2_union_all.sql,measured,1,16,1,2,4.457797,0.278612,4342.655,0.115142,0.001055,0.006171,7168,0,77.765686035156250000,71.377319335937500000,,
2026-09-11T20:55:42Z,E2BA19B5CE9DC646,18.4,queries/tpch/tpch-queries/q21/base.sql,warmup,1,1,1,2,1.433054,1.433054,1249.547,0.183507,0.002606,0.004653,7168,0,31.051818847656250000,27.589660644531250000,,
2026-09-11T20:55:43Z,E2BA19B5CE9DC646,18.4,queries/tpch/tpch-queries/q21/base.sql,warmup,2,1,1,2,0.505467,0.505467,464.585,0.040882,0.003546,0.003634,7168,0,16.063293457031250000,15.303405761718750000,,
2026-09-11T20:55:43Z,E2BA19B5CE9DC646,18.4,queries/tpch/tpch-queries/q21/base.sql,measured,1,1,1,2,0.624097,0.624097,487.883,0.136214,0.004165,0.002956,7168,0,15.842712402343750000,14.862487792968750000,,
2026-09-11T20:55:44Z,E2BA19B5CE9DC646,18.4,queries/tpch/tpch-queries/q21/base.sql,measured,1,2,1,2,0.966890,0.483445,923.717,0.043173,0.005298,0.002215,7168,0,30.080993652343750000,28.711242675781250000,,
2026-09-11T20:55:46Z,E2BA19B5CE9DC646,18.4,queries/tpch/tpch-queries/q21/base.sql,measured,1,4,1,2,1.928628,0.482157,1832.577,0.096051,0.001938,0.005370,7168,0,58.401550292968750000,55.579772949218750000,,
2026-09-11T20:55:50Z,E2BA19B5CE9DC646,18.4,queries/tpch/tpch-queries/q21/base.sql,measured,1,8,1,2,3.832434,0.479054,3722.647,0.109787,0.004492,0.002683,7168,0,112.437744140625000000,106.729980468750000000,,
2026-09-11T20:55:58Z,E2BA19B5CE9DC646,18.4,queries/tpch/tpch-queries/q21/base.sql,measured,1,16,1,2,7.794274,0.487142,7674.884,0.119390,0.002576,0.004794,7168,0,211.733642578125000000,200.327026367187500000,,
2026-09-11T20:56:03Z,8C1AEFC992F28783,18.4,queries/tpch/tpch-queries/q12/v1_materialized.sql,warmup,1,1,1,2,1.261860,1.261860,1076.924,0.184936,0.002612,0.004234,7168,0,28.312377929687500000,25.248596191406250000,,
2026-09-11T20:56:03Z,8C1AEFC992F28783,18.4,queries/tpch/tpch-queries/q12/v1_materialized.sql,warmup,2,1,1,2,0.457758,0.457758,416.291,0.041467,0.002661,0.004631,7168,0,13.623962402343750000,12.902893066406250000,,
2026-09-11T20:56:04Z,8C1AEFC992F28783,18.4,queries/tpch/tpch-queries/q12/v1_materialized.sql,measured,1,1,1,2,0.456724,0.456724,417.000,0.039724,0.004366,0.002671,7168,0,13.539733886718750000,12.828125000000000000,,
2026-09-11T20:56:05Z,8C1AEFC992F28783,18.4,queries/tpch/tpch-queries/q12/v1_materialized.sql,measured,1,2,1,2,0.864658,0.432329,823.988,0.040670,0.002580,0.004478,7168,0,25.697387695312500000,24.407470703125000000,,
2026-09-11T20:56:06Z,8C1AEFC992F28783,18.4,queries/tpch/tpch-queries/q12/v1_materialized.sql,measured,1,4,1,2,1.781883,0.445471,1683.711,0.098172,0.001854,0.005472,7168,0,48.861633300781250000,46.382324218750000000,,
2026-09-11T20:56:10Z,8C1AEFC992F28783,18.4,queries/tpch/tpch-queries/q12/v1_materialized.sql,measured,1,8,1,2,3.464436,0.433054,3367.815,0.096621,0.002959,0.004180,7168,0,93.929443359375000000,88.905212402343750000,,
2026-09-11T20:56:17Z,8C1AEFC992F28783,18.4,queries/tpch/tpch-queries/q12/v1_materialized.sql,measured,1,16,1,2,6.961486,0.435093,6858.431,0.103055,0.002959,0.004197,7168,0,180.813537597656250000,171.039001464843750000,,
2026-09-11T20:56:23Z,F8F9C1188C126770,18.4,queries/tpch/tpch-queries/q01/v1_materialized.sql,warmup,1,1,1,2,2.181955,2.181955,1998.395,0.183560,0.003059,0.003813,7168,0,56.901672363281250000,52.023864746093750000,,
2026-09-11T20:56:25Z,F8F9C1188C126770,18.4,queries/tpch/tpch-queries/q01/v1_materialized.sql,warmup,2,1,1,2,1.561426,1.561426,1521.996,0.039430,0.000787,0.006238,7168,0,43.658630371093750000,41.669921875000000000,,
2026-09-11T20:56:26Z,F8F9C1188C126770,18.4,queries/tpch/tpch-queries/q01/v1_materialized.sql,measured,1,1,1,2,1.671130,1.671130,1573.114,0.098016,0.002936,0.005118,7168,0,42.451782226562500000,40.269714355468750000,,
2026-09-11T20:56:29Z,F8F9C1188C126770,18.4,queries/tpch/tpch-queries/q01/v1_materialized.sql,measured,1,2,1,2,3.256088,1.628044,3152.600,0.103488,0.001944,0.006483,7168,0,83.328186035156250000,79.150634765625000000,,
2026-09-11T20:56:36Z,F8F9C1188C126770,18.4,queries/tpch/tpch-queries/q01/v1_materialized.sql,measured,1,4,1,2,6.470967,1.617742,6409.323,0.061644,0.002931,0.005756,7168,0,160.958435058593750000,152.763183593750000000,,
2026-09-11T20:56:49Z,F8F9C1188C126770,18.4,queries/tpch/tpch-queries/q01/v1_materialized.sql,measured,1,8,1,2,13.426025,1.678253,13324.065,0.101960,0.003016,0.004929,7168,0,300.186950683593750000,283.182128906250000000,,
2026-09-11T20:57:16Z,F8F9C1188C126770,18.4,queries/tpch/tpch-queries/q01/v1_materialized.sql,measured,1,16,1,2,26.981450,1.686341,26809.000,0.172450,0.002721,0.006707,7168,0,590.550354003906250000,556.602050781250000000,,
2026-09-11T20:57:22Z,79EA913EB7A72013,18.4,queries/tpch/tpch-queries/q03/base.sql,warmup,1,1,1,2,1.515752,1.515752,1330.046,0.185706,0.004630,0.002306,7168,0,26.402648925781250000,22.856994628906250000,,
2026-09-11T20:57:22Z,79EA913EB7A72013,18.4,queries/tpch/tpch-queries/q03/base.sql,warmup,2,1,1,2,0.304987,0.304987,265.146,0.039841,0.000000,0.007065,7168,0,8.929809570312500000,8.489501953125000000,,
2026-09-11T20:57:22Z,79EA913EB7A72013,18.4,queries/tpch/tpch-queries/q03/base.sql,measured,1,1,1,2,0.399855,0.399855,307.188,0.092667,0.002677,0.004404,7168,0,7.969360351562500000,7.351684570312500000,,
2026-09-11T20:57:23Z,79EA913EB7A72013,18.4,queries/tpch/tpch-queries/q03/base.sql,measured,1,2,1,2,0.634134,0.317067,538.713,0.095421,0.003841,0.003771,7168,0,15.843627929687500000,14.846679687500000000,,
2026-09-11T20:57:24Z,79EA913EB7A72013,18.4,queries/tpch/tpch-queries/q03/base.sql,measured,1,4,1,2,1.098050,0.274513,1006.221,0.091829,0.002995,0.004292,7168,0,30.589782714843750000,29.016784667968750000,,
2026-09-11T20:57:26Z,79EA913EB7A72013,18.4,queries/tpch/tpch-queries/q03/base.sql,measured,1,8,1,2,2.143321,0.267915,2046.920,0.096401,0.004471,0.002712,7168,0,56.743896484375000000,53.654907226562500000,,
2026-09-11T20:57:31Z,79EA913EB7A72013,18.4,queries/tpch/tpch-queries/q03/base.sql,measured,1,16,1,2,4.162960,0.260185,4073.399,0.089561,0.004958,0.002159,7168,0,109.965393066406250000,103.846496582031250000,,
2026-09-11T20:57:35Z,F562FE7E3730BF31,18.4,queries/tpch/tpch-queries/q19/v1_materialized.sql,warmup,1,1,1,2,1.144932,1.144932,966.010,0.178922,0.001795,0.005227,7168,0,24.432800292968750000,21.688415527343750000,,
2026-09-11T20:57:36Z,F562FE7E3730BF31,18.4,queries/tpch/tpch-queries/q19/v1_materialized.sql,warmup,2,1,1,2,0.443636,0.443636,403.421,0.040215,0.004295,0.002630,7168,0,12.450683593750000000,11.851623535156250000,,
2026-09-11T20:57:36Z,F562FE7E3730BF31,18.4,queries/tpch/tpch-queries/q19/v1_materialized.sql,measured,1,1,1,2,0.572926,0.572926,470.335,0.102591,0.004368,0.003517,7168,0,11.307739257812500000,10.457641601562500000,,
2026-09-11T20:57:37Z,F562FE7E3730BF31,18.4,queries/tpch/tpch-queries/q19/v1_materialized.sql,measured,1,2,1,2,0.896651,0.448326,794.538,0.102113,0.004414,0.002654,7168,0,23.861206054687500000,22.557739257812500000,,
2026-09-11T20:57:39Z,F562FE7E3730BF31,18.4,queries/tpch/tpch-queries/q19/v1_materialized.sql,measured,1,4,1,2,1.731259,0.432815,1630.747,0.100512,0.004818,0.002978,7168,0,44.592407226562500000,42.198181152343750000,,
2026-09-11T20:57:42Z,F562FE7E3730BF31,18.4,queries/tpch/tpch-queries/q19/v1_materialized.sql,measured,1,8,1,2,3.304829,0.413104,3209.966,0.094863,0.001917,0.005248,7168,0,87.314941406250000000,82.448791503906250000,,
2026-09-11T20:57:49Z,F562FE7E3730BF31,18.4,queries/tpch/tpch-queries/q19/v1_materialized.sql,measured,1,16,1,2,6.767301,0.422956,6660.769,0.106532,0.001787,0.005442,7168,0,164.147399902343750000,154.563415527343750000,,
2026-09-11T20:57:53Z,DB1372EF034FD5DB,18.4,queries/tpch/tpch-queries/q16/base.sql,warmup,1,1,1,2,0.616465,0.616465,384.730,0.231735,0.002573,0.004566,7168,0,8.941772460937500000,7.754089355468750000,,
2026-09-11T20:57:54Z,DB1372EF034FD5DB,18.4,queries/tpch/tpch-queries/q16/base.sql,warmup,2,1,1,2,0.287661,0.287661,226.936,0.060725,0.002960,0.006878,7168,0,6.336608886718750000,5.963684082031250000,,
2026-09-11T20:57:54Z,DB1372EF034FD5DB,18.4,queries/tpch/tpch-queries/q16/base.sql,measured,1,1,1,2,0.321016,0.321016,224.507,0.096509,0.003431,0.004430,7168,0,6.616943359375000000,6.133728027343750000,,
2026-09-11T20:57:55Z,DB1372EF034FD5DB,18.4,queries/tpch/tpch-queries/q16/base.sql,measured,1,2,1,2,0.556030,0.278015,460.833,0.095197,0.000869,0.006859,7168,0,12.213623046875000000,11.375366210937500000,,
2026-09-11T20:57:56Z,DB1372EF034FD5DB,18.4,queries/tpch/tpch-queries/q16/base.sql,measured,1,4,1,2,1.003403,0.250851,908.000,0.095403,0.002921,0.004527,7168,0,23.813476562500000000,22.354003906250000000,,
2026-09-11T20:57:58Z,DB1372EF034FD5DB,18.4,queries/tpch/tpch-queries/q16/base.sql,measured,1,8,1,2,1.958574,0.244822,1862.115,0.096459,0.000845,0.006763,7168,0,45.611938476562500000,43.007812500000000000,,
2026-09-11T20:58:02Z,DB1372EF034FD5DB,18.4,queries/tpch/tpch-queries/q16/base.sql,measured,1,16,1,2,3.868709,0.241794,3805.148,0.063561,0.004182,0.004182,7168,0,88.957397460937500000,83.643676757812500000,,
2026-09-11T20:58:14Z,C3DAB5DF52A667A0,18.4,queries/tpch/tpch-queries/q07/base.sql,warmup,1,1,1,2,8.973226,8.973226,8782.726,0.190500,0.001394,0.005452,7168,0,41.232299804687500000,22.019714355468750000,,
2026-09-11T20:58:14Z,C3DAB5DF52A667A0,18.4,queries/tpch/tpch-queries/q07/base.sql,warmup,2,1,1,2,0.325450,0.325450,284.808,0.040642,0.004570,0.002304,7168,0,5.899597167968750000,5.421264648437500000,,
2026-09-11T20:58:15Z,C3DAB5DF52A667A0,18.4,queries/tpch/tpch-queries/q07/base.sql,measured,1,1,1,2,0.376806,0.376806,287.914,0.088892,0.003971,0.003121,7168,0,6.033874511718750000,5.450561523437500000,,
2026-09-11T20:58:15Z,C3DAB5DF52A667A0,18.4,queries/tpch/tpch-queries/q07/base.sql,measured,1,2,1,2,0.695444,0.347722,556.648,0.138796,0.002027,0.005409,7168,0,10.845092773437500000,9.786682128906250000,,
2026-09-11T20:58:16Z,C3DAB5DF52A667A0,18.4,queries/tpch/tpch-queries/q07/base.sql,measured,1,4,1,2,1.160400,0.290100,1101.464,0.058936,0.003647,0.004514,7168,0,19.171508789062500000,17.552917480468750000,,
2026-09-11T20:58:19Z,C3DAB5DF52A667A0,18.4,queries/tpch/tpch-queries/q07/base.sql,measured,1,8,1,2,2.265663,0.283208,2166.742,0.098921,0.003673,0.003673,7168,0,39.108032226562500000,35.856445312500000000,,
2026-09-11T20:58:23Z,C3DAB5DF52A667A0,18.4,queries/tpch/tpch-queries/q07/base.sql,measured,1,16,1,2,4.366944,0.272934,4257.633,0.109311,0.004513,0.002682,7168,0,77.803100585937500000,71.528869628906250000,,
2026-09-11T20:58:28Z,E2E804C2FA88A3D3,18.4,queries/tpch/tpch-queries/q21/base.sql,warmup,1,1,1,2,1.448747,1.448747,1263.847,0.184900,0.000895,0.006119,7168,0,31.019836425781250000,27.557861328125000000,,
2026-09-11T20:58:29Z,E2E804C2FA88A3D3,18.4,queries/tpch/tpch-queries/q21/base.sql,warmup,2,1,1,2,0.500186,0.500186,458.230,0.041956,0.004329,0.002962,7168,0,16.002685546875000000,15.213195800781250000,,
2026-09-11T20:58:30Z,E2E804C2FA88A3D3,18.4,queries/tpch/tpch-queries/q21/base.sql,measured,1,1,1,2,0.577742,0.577742,485.786,0.091956,0.002679,0.004425,7168,0,15.393005371093750000,14.410522460937500000,,
2026-09-11T20:58:30Z,E2E804C2FA88A3D3,18.4,queries/tpch/tpch-queries/q21/base.sql,measured,1,2,1,2,0.942890,0.471445,900.464,0.042426,0.002600,0.004503,7168,0,30.316223144531250000,28.980590820312500000,,
2026-09-11T20:58:32Z,E2E804C2FA88A3D3,18.4,queries/tpch/tpch-queries/q21/base.sql,measured,1,4,1,2,1.915831,0.478958,1819.829,0.096002,0.001886,0.005576,7168,0,57.920654296875000000,55.187072753906250000,,
2026-09-11T20:58:36Z,E2E804C2FA88A3D3,18.4,queries/tpch/tpch-queries/q21/base.sql,measured,1,8,1,2,3.777741,0.472218,3676.482,0.101259,0.000000,0.007206,7168,0,111.534851074218750000,106.034667968750000000,,
2026-09-11T20:58:44Z,E2E804C2FA88A3D3,18.4,queries/tpch/tpch-queries/q21/base.sql,measured,1,16,1,2,7.776163,0.486010,7612.707,0.163456,0.003211,0.004100,7168,0,209.420654296875000000,198.101867675781250000,,
2026-09-11T20:58:50Z,95E3A43434D1E04E,18.4,queries/tpch/tpch-queries/q09/v1_materialized.sql,warmup,1,1,1,2,1.959364,1.959364,1771.935,0.187429,0.001828,0.005251,7168,0,36.744873046875000000,32.369689941406250000,,
2026-09-11T20:58:51Z,95E3A43434D1E04E,18.4,queries/tpch/tpch-queries/q09/v1_materialized.sql,warmup,2,1,1,2,0.944818,0.944818,903.335,0.041483,0.002845,0.004613,7168,0,20.921691894531250000,19.538146972656250000,,
2026-09-11T20:58:52Z,95E3A43434D1E04E,18.4,queries/tpch/tpch-queries/q09/v1_materialized.sql,measured,1,1,1,2,1.001415,1.001415,902.766,0.098649,0.002712,0.005541,7168,0,20.981689453125000000,19.534912109375000000,,
2026-09-11T20:58:54Z,95E3A43434D1E04E,18.4,queries/tpch/tpch-queries/q09/v1_materialized.sql,measured,1,2,1,2,1.887770,0.943885,1790.993,0.096777,0.002656,0.005300,7168,0,41.692687988281250000,38.941284179687500000,,
2026-09-11T20:58:57Z,95E3A43434D1E04E,18.4,queries/tpch/tpch-queries/q09/v1_materialized.sql,measured,1,4,1,2,3.705931,0.926483,3599.912,0.106019,0.002626,0.005305,7168,0,80.517028808593750000,75.047363281250000000,,
2026-09-11T20:59:05Z,95E3A43434D1E04E,18.4,queries/tpch/tpch-queries/q09/v1_materialized.sql,measured,1,8,1,2,7.337703,0.917213,7237.294,0.100409,0.001921,0.005711,7168,0,160.577331542968750000,149.890930175781250000,,
2026-09-11T20:59:19Z,95E3A43434D1E04E,18.4,queries/tpch/tpch-queries/q09/v1_materialized.sql,measured,1,16,1,2,14.838369,0.927398,14774.936,0.063433,0.003550,0.003702,7168,0,310.628601074218750000,289.568542480468750000,,
2026-09-11T20:59:24Z,6DDA9D65F3FC19DC,18.4,queries/tpch/tpch-queries/q11/base.sql,warmup,1,1,1,2,0.411847,0.411847,233.356,0.178491,0.002673,0.004350,7168,0,4.662963867187500000,3.805847167968750000,,
2026-09-11T20:59:24Z,6DDA9D65F3FC19DC,18.4,queries/tpch/tpch-queries/q11/base.sql,warmup,2,1,1,2,0.123254,0.123254,83.404,0.039850,0.002659,0.004574,7168,0,3.182495117187500000,3.003356933593750000,,
2026-09-11T20:59:24Z,6DDA9D65F3FC19DC,18.4,queries/tpch/tpch-queries/q11/base.sql,measured,1,1,1,2,0.182859,0.182859,84.363,0.098496,0.002784,0.005604,7168,0,3.254272460937500000,2.936218261718750000,,
2026-09-11T20:59:24Z,6DDA9D65F3FC19DC,18.4,queries/tpch/tpch-queries/q11/base.sql,measured,1,2,1,2,0.326747,0.163373,168.886,0.157861,0.002966,0.004942,7168,0,5.899108886718750000,5.340332031250000000,,
2026-09-11T20:59:25Z,6DDA9D65F3FC19DC,18.4,queries/tpch/tpch-queries/q11/base.sql,measured,1,4,1,2,0.408312,0.102078,351.570,0.056742,0.004508,0.003629,7168,0,9.865112304687500000,9.259826660156250000,,
2026-09-11T20:59:26Z,6DDA9D65F3FC19DC,18.4,queries/tpch/tpch-queries/q11/base.sql,measured,1,8,1,2,0.796905,0.099613,688.378,0.108527,0.002612,0.005245,7168,0,19.509033203125000000,18.177307128906250000,,
2026-09-11T20:59:27Z,6DDA9D65F3FC19DC,18.4,queries/tpch/tpch-queries/q11/base.sql,measured,1,16,1,2,1.434032,0.089627,1370.558,0.063474,0.001046,0.006150,7168,0,40.135070800781250000,37.813110351562500000,,
2026-09-11T20:59:32Z,FBD86ED66A8FCE77,18.4,queries/tpch/tpch-queries/q14/v2_filter.sql,warmup,1,1,1,2,1.081762,1.081762,901.191,0.180571,0.001838,0.005398,7168,0,21.312622070312500000,18.689086914062500000,,
2026-09-11T20:59:32Z,FBD86ED66A8FCE77,18.4,queries/tpch/tpch-queries/q14/v2_filter.sql,warmup,2,1,1,2,0.290349,0.290349,250.959,0.039390,0.003401,0.003482,7168,0,9.471801757812500000,9.040283203125000000,,
2026-09-11T20:59:32Z,FBD86ED66A8FCE77,18.4,queries/tpch/tpch-queries/q14/v2_filter.sql,measured,1,1,1,2,0.391971,0.391971,294.378,0.097593,0.001947,0.005732,7168,0,8.277221679687500000,7.584106445312500000,,
2026-09-11T20:59:33Z,FBD86ED66A8FCE77,18.4,queries/tpch/tpch-queries/q14/v2_filter.sql,measured,1,2,1,2,0.540107,0.270053,500.154,0.039953,0.003068,0.003874,7168,0,17.209899902343750000,16.319274902343750000,,
2026-09-11T20:59:34Z,FBD86ED66A8FCE77,18.4,queries/tpch/tpch-queries/q14/v2_filter.sql,measured,1,4,1,2,1.140468,0.285117,1041.968,0.098500,0.006679,0.000968,7168,0,30.833374023437500000,29.015808105468750000,,
2026-09-11T20:59:36Z,FBD86ED66A8FCE77,18.4,queries/tpch/tpch-queries/q14/v2_filter.sql,measured,1,8,1,2,2.087402,0.260925,1991.869,0.095533,0.001918,0.005203,7168,0,63.006408691406250000,59.757263183593750000,,
2026-09-11T20:59:40Z,FBD86ED66A8FCE77,18.4,queries/tpch/tpch-queries/q14/v2_filter.sql,measured,1,16,1,2,4.259216,0.266201,4158.300,0.100916,0.004644,0.002847,7168,0,113.930175781250000000,107.317504882812500000,,
2026-09-11T20:59:48Z,D05E1A9374729C2C,18.4,queries/tpch/tpch-queries/q13/v2_correlated.sql,warmup,1,1,1,2,4.338203,4.338203,4164.577,0.173626,0.002470,0.004298,7168,0,45.264465332031250000,36.684753417968750000,,
2026-09-11T20:59:50Z,D05E1A9374729C2C,18.4,queries/tpch/tpch-queries/q13/v2_correlated.sql,warmup,2,1,1,2,1.946372,1.946372,1906.815,0.039557,0.002620,0.004608,7168,0,22.525634765625000000,20.099914550781250000,,
2026-09-11T20:59:52Z,D05E1A9374729C2C,18.4,queries/tpch/tpch-queries/q13/v2_correlated.sql,measured,1,1,1,2,2.002075,2.002075,1905.167,0.096908,0.002718,0.005367,7168,0,22.840820312500000000,20.186889648437500000,,
2026-09-11T20:59:56Z,D05E1A9374729C2C,18.4,queries/tpch/tpch-queries/q13/v2_correlated.sql,measured,1,2,1,2,3.811914,1.905957,3721.644,0.090270,0.003518,0.004382,7168,0,43.448730468750000000,38.673156738281250000,,
2026-09-11T21:00:04Z,D05E1A9374729C2C,18.4,queries/tpch/tpch-queries/q13/v2_correlated.sql,measured,1,4,1,2,7.430278,1.857570,7334.448,0.095830,0.005937,0.002850,7168,0,85.569458007812500000,76.131347656250000000,,
2026-09-11T21:00:18Z,D05E1A9374729C2C,18.4,queries/tpch/tpch-queries/q13/v2_correlated.sql,measured,1,8,1,2,14.650127,1.831266,14505.998,0.144129,0.003694,0.004591,7168,0,167.345642089843750000,149.109863281250000000,,
2026-09-11T21:00:47Z,D05E1A9374729C2C,18.4,queries/tpch/tpch-queries/q13/v2_correlated.sql,measured,1,16,1,2,29.046876,1.815430,28966.120,0.080756,0.003913,0.003845,7168,0,331.097351074218750000,295.274597167968750000,,
2026-09-11T21:00:51Z,7F777EBC4882A3B6,18.4,queries/tpch/tpch-queries/q16/base.sql,warmup,1,1,1,2,0.605152,0.605152,374.806,0.230346,0.002527,0.004441,7168,0,8.609985351562500000,7.470520019531250000,,
2026-09-11T21:00:52Z,7F777EBC4882A3B6,18.4,queries/tpch/tpch-queries/q16/base.sql,warmup,2,1,1,2,0.263577,0.263577,213.986,0.049591,0.004765,0.003816,7168,0,6.389892578125000000,6.052185058593750000,,
2026-09-11T21:00:52Z,7F777EBC4882A3B6,18.4,queries/tpch/tpch-queries/q16/base.sql,measured,1,1,1,2,0.308157,0.308157,214.776,0.093381,0.004671,0.002863,7168,0,6.613403320312500000,6.179260253906250000,,
2026-09-11T21:00:52Z,7F777EBC4882A3B6,18.4,queries/tpch/tpch-queries/q16/base.sql,measured,1,2,1,2,0.520195,0.260097,422.293,0.097902,0.003859,0.003953,7168,0,12.606445312500000000,11.884033203125000000,,
2026-09-11T21:00:53Z,7F777EBC4882A3B6,18.4,queries/tpch/tpch-queries/q16/base.sql,measured,1,4,1,2,0.965914,0.241478,869.787,0.096127,0.003725,0.003839,7168,0,24.537109375000000000,23.165222167968750000,,
2026-09-11T21:00:55Z,7F777EBC4882A3B6,18.4,queries/tpch/tpch-queries/q16/base.sql,measured,1,8,1,2,1.814274,0.226784,1716.391,0.097883,0.001880,0.005620,7168,0,49.312866210937500000,46.967346191406250000,,
2026-09-11T21:00:59Z,7F777EBC4882A3B6,18.4,queries/tpch/tpch-queries/q16/base.sql,measured,1,16,1,2,3.517526,0.219845,3416.213,0.101313,0.002802,0.004770,7168,0,98.508361816406250000,93.622863769531250000,,
2026-09-11T21:01:50Z,E2275C4F877371D7,18.4,queries/tpch/tpch-queries/q02/base.sql,warmup,1,1,1,2,48.076637,48.076637,47845.020,0.231617,0.002490,0.004588,7168,0,532.494750976562500000,466.532958984375000000,,
2026-09-11T21:02:37Z,E2275C4F877371D7,18.4,queries/tpch/tpch-queries/q02/base.sql,warmup,2,1,1,2,46.643385,46.643385,46596.758,0.046627,0.004921,0.005774,7168,0,515.662597656250000000,454.007629394531250000,,
2026-09-11T21:03:24Z,E2275C4F877371D7,18.4,queries/tpch/tpch-queries/q02/base.sql,measured,1,1,1,2,47.246215,47.246215,47154.862,0.091353,0.001819,0.006374,7168,0,495.388488769531250000,434.413696289062500000,,
2026-09-11T21:04:59Z,E2275C4F877371D7,18.4,queries/tpch/tpch-queries/q02/base.sql,measured,1,2,1,2,94.911240,47.455620,94819.646,0.091594,0.004057,0.004167,7168,0,993.377319335937500000,870.813415527343750000,,
2026-09-11T21:08:07Z,E2275C4F877371D7,18.4,queries/tpch/tpch-queries/q02/base.sql,measured,1,4,1,2,187.899554,46.974888,187796.923,0.102631,0.005675,0.003793,7168,0,2132.564208984375000000,1888.916870117187500000,,
2026-09-11T21:14:28Z,E2275C4F877371D7,18.4,queries/tpch/tpch-queries/q02/base.sql,measured,1,8,1,2,381.061292,47.632661,380957.438,0.103854,0.002239,0.006523,7168,0,3963.658752441406250000,3469.481567382812500000,,
2026-09-11T21:27:12Z,E2275C4F877371D7,18.4,queries/tpch/tpch-queries/q02/base.sql,measured,1,16,1,2,763.956357,47.747272,763847.096,0.109261,0.002414,0.005832,7168,0,7992.782653808593750000,7001.939331054687500000,,
2026-09-11T21:27:16Z,975816EF10D2DC25,18.4,queries/tpch/tpch-queries/q11/v2_cte_threshold.sql,warmup,1,1,1,2,0.411035,0.411035,229.604,0.181431,0.002088,0.004930,7168,0,4.426635742187500000,3.576538085937500000,,
2026-09-11T21:27:16Z,975816EF10D2DC25,18.4,queries/tpch/tpch-queries/q11/v2_cte_threshold.sql,warmup,2,1,1,2,0.124287,0.124287,84.265,0.040022,0.003170,0.004022,7168,0,3.006469726562500000,2.833251953125000000,,
2026-09-11T21:27:16Z,975816EF10D2DC25,18.4,queries/tpch/tpch-queries/q11/v2_cte_threshold.sql,measured,1,1,1,2,0.190727,0.190727,84.660,0.106067,0.005657,0.002754,7168,0,3.069213867187500000,2.748596191406250000,,
2026-09-11T21:27:16Z,975816EF10D2DC25,18.4,queries/tpch/tpch-queries/q11/v2_cte_threshold.sql,measured,1,2,1,2,0.262976,0.131488,167.264,0.095712,0.001875,0.006526,7168,0,5.621948242187500000,5.198303222656250000,,
2026-09-11T21:27:17Z,975816EF10D2DC25,18.4,queries/tpch/tpch-queries/q11/v2_cte_threshold.sql,measured,1,4,1,2,0.456277,0.114069,352.515,0.103762,0.004816,0.002964,7168,0,8.916625976562500000,8.232299804687500000,,
2026-09-11T21:27:17Z,975816EF10D2DC25,18.4,queries/tpch/tpch-queries/q11/v2_cte_threshold.sql,measured,1,8,1,2,0.774550,0.096819,670.850,0.103700,0.004685,0.002886,7168,0,19.830078125000000000,18.589050292968750000,,
2026-09-11T21:27:19Z,975816EF10D2DC25,18.4,queries/tpch/tpch-queries/q11/v2_cte_threshold.sql,measured,1,16,1,2,1.447555,0.090472,1296.934,0.150621,0.002850,0.004893,7168,0,38.210876464843750000,36.016845703125000000,,
2026-09-11T21:27:24Z,67B38FA4542EB1C8,18.4,queries/tpch/tpch-queries/q19/base.sql,warmup,1,1,1,2,1.148448,1.148448,967.970,0.180478,0.004991,0.002122,7168,0,24.822509765625000000,22.098754882812500000,,
2026-09-11T21:27:24Z,67B38FA4542EB1C8,18.4,queries/tpch/tpch-queries/q19/base.sql,warmup,2,1,1,2,0.399953,0.399953,360.089,0.039864,0.004955,0.002092,7168,0,13.801513671875000000,13.255249023437500000,,
2026-09-11T21:27:25Z,67B38FA4542EB1C8,18.4,queries/tpch/tpch-queries/q19/base.sql,measured,1,1,1,2,0.523122,0.523122,424.788,0.098334,0.001001,0.006879,7168,0,12.499267578125000000,11.648742675781250000,,
2026-09-11T21:27:25Z,67B38FA4542EB1C8,18.4,queries/tpch/tpch-queries/q19/base.sql,measured,1,2,1,2,0.749834,0.374917,707.285,0.042549,0.001889,0.005440,7168,0,26.938537597656250000,25.842590332031250000,,
2026-09-11T21:27:27Z,67B38FA4542EB1C8,18.4,queries/tpch/tpch-queries/q19/base.sql,measured,1,4,1,2,1.540157,0.385039,1444.447,0.095710,0.001913,0.005675,7168,0,51.730895996093750000,49.560791015625000000,,
2026-09-11T21:27:30Z,67B38FA4542EB1C8,18.4,queries/tpch/tpch-queries/q19/base.sql,measured,1,8,1,2,3.059142,0.382393,2959.433,0.099709,0.003023,0.004938,7168,0,97.794616699218750000,93.296203613281250000,,
2026-09-11T21:27:36Z,67B38FA4542EB1C8,18.4,queries/tpch/tpch-queries/q19/base.sql,measured,1,16,1,2,6.244233,0.390265,6157.199,0.087034,0.002131,0.005081,7168,0,181.326721191406250000,172.344726562500000000,,
2026-09-11T21:27:41Z,A0DB0A6CF9DA29FD,18.4,queries/tpch/tpch-queries/q21/base.sql,warmup,1,1,1,2,1.449603,1.449603,1265.946,0.183657,0.004153,0.002820,7168,0,31.037353515625000000,27.518859863281250000,,
2026-09-11T21:27:42Z,A0DB0A6CF9DA29FD,18.4,queries/tpch/tpch-queries/q21/base.sql,warmup,2,1,1,2,0.510074,0.510074,469.369,0.040705,0.005931,0.001028,7168,0,15.701477050781250000,14.885070800781250000,,
2026-09-11T21:27:43Z,A0DB0A6CF9DA29FD,18.4,queries/tpch/tpch-queries/q21/base.sql,measured,1,1,1,2,0.582510,0.582510,490.274,0.092236,0.002944,0.004196,7168,0,15.093017578125000000,14.139221191406250000,,
2026-09-11T21:27:43Z,A0DB0A6CF9DA29FD,18.4,queries/tpch/tpch-queries/q21/base.sql,measured,1,2,1,2,0.972858,0.486429,929.112,0.043746,0.001820,0.005428,7168,0,29.535156250000000000,28.138305664062500000,,
2026-09-11T21:27:45Z,A0DB0A6CF9DA29FD,18.4,queries/tpch/tpch-queries/q21/base.sql,measured,1,4,1,2,1.965478,0.491370,1870.105,0.095373,0.000000,0.007185,7168,0,56.468750000000000000,53.492492675781250000,,
2026-09-11T21:27:49Z,A0DB0A6CF9DA29FD,18.4,queries/tpch/tpch-queries/q21/base.sql,measured,1,8,1,2,3.900302,0.487538,3747.952,0.152350,0.003611,0.003672,7168,0,109.450500488281250000,103.701354980468750000,,
2026-09-11T21:27:57Z,A0DB0A6CF9DA29FD,18.4,queries/tpch/tpch-queries/q21/base.sql,measured,1,16,1,2,7.746898,0.484181,7681.042,0.065856,0.002689,0.004427,7168,0,205.901855468750000000,194.510559082031250000,,
2026-09-11T21:28:10Z,4146F560B2104C71,18.4,queries/tpch/tpch-queries/q07/base.sql,warmup,1,1,1,2,8.700305,8.700305,8511.480,0.188825,0.003494,0.003399,7168,0,40.403015136718750000,21.678527832031250000,,
2026-09-11T21:28:10Z,4146F560B2104C71,18.4,queries/tpch/tpch-queries/q07/base.sql,warmup,2,1,1,2,0.324873,0.324873,284.403,0.040470,0.001503,0.005584,7168,0,5.769775390625000000,5.303222656250000000,,
2026-09-11T21:28:10Z,4146F560B2104C71,18.4,queries/tpch/tpch-queries/q07/base.sql,measured,1,1,1,2,0.375526,0.375526,285.885,0.089641,0.004537,0.002783,7168,0,5.974853515625000000,5.325622558593750000,,
2026-09-11T21:28:11Z,4146F560B2104C71,18.4,queries/tpch/tpch-queries/q07/base.sql,measured,1,2,1,2,0.594555,0.297278,551.079,0.043476,0.000925,0.006421,7168,0,10.289916992187500000,9.428039550781250000,,
2026-09-11T21:28:12Z,4146F560B2104C71,18.4,queries/tpch/tpch-queries/q07/base.sql,measured,1,4,1,2,1.178635,0.294659,1082.434,0.096201,0.001927,0.005731,7168,0,19.772155761718750000,18.055053710937500000,,
2026-09-11T21:28:14Z,4146F560B2104C71,18.4,queries/tpch/tpch-queries/q07/base.sql,measured,1,8,1,2,2.367514,0.295939,2167.689,0.199825,0.003900,0.003916,7168,0,38.704528808593750000,35.215942382812500000,,
2026-09-11T21:28:19Z,4146F560B2104C71,18.4,queries/tpch/tpch-queries/q07/base.sql,measured,1,16,1,2,4.368598,0.273037,4256.996,0.111602,0.002833,0.004621,7168,0,76.759765625000000000,70.469726562500000000,,
2026-09-11T21:28:35Z,63510A20A9C48717,18.4,queries/tpch/tpch-queries/q08/v2_filter.sql,warmup,1,1,1,2,12.754821,12.754821,12561.343,0.193478,0.001113,0.006312,7168,0,50.213684082031250000,23.038269042968750000,,
2026-09-11T21:28:36Z,63510A20A9C48717,18.4,queries/tpch/tpch-queries/q08/v2_filter.sql,warmup,2,1,1,2,0.409674,0.409674,367.094,0.042580,0.004174,0.004095,7168,0,6.958374023437500000,6.408081054687500000,,
2026-09-11T21:28:36Z,63510A20A9C48717,18.4,queries/tpch/tpch-queries/q08/v2_filter.sql,measured,1,1,1,2,0.452720,0.452720,361.440,0.091280,0.000000,0.007394,7168,0,7.207153320312500000,6.466064453125000000,,
2026-09-11T21:28:37Z,63510A20A9C48717,18.4,queries/tpch/tpch-queries/q08/v2_filter.sql,measured,1,2,1,2,0.792639,0.396320,699.064,0.093575,0.004444,0.003127,7168,0,12.905151367187500000,11.776916503906250000,,
2026-09-11T21:28:38Z,63510A20A9C48717,18.4,queries/tpch/tpch-queries/q08/v2_filter.sql,measured,1,4,1,2,1.460508,0.365127,1364.668,0.095840,0.004900,0.002668,7168,0,24.635803222656250000,22.607177734375000000,,
2026-09-11T21:28:41Z,63510A20A9C48717,18.4,queries/tpch/tpch-queries/q08/v2_filter.sql,measured,1,8,1,2,2.740516,0.342565,2640.532,0.099984,0.002086,0.005106,7168,0,48.963073730468750000,45.040161132812500000,,
2026-09-11T21:28:47Z,63510A20A9C48717,18.4,queries/tpch/tpch-queries/q08/v2_filter.sql,measured,1,16,1,2,5.359867,0.334992,5247.296,0.112571,0.002771,0.004580,7168,0,97.948913574218750000,90.186584472656250000,,
2026-09-11T21:28:56Z,16B5537AFAA65E92,18.4,queries/tpch/tpch-queries/q18/v2_join.sql,warmup,1,1,1,2,5.447333,5.447333,5258.394,0.188939,0.001991,0.004959,7168,0,154.638671875000000000,143.525207519531250000,,
2026-09-11T21:29:00Z,16B5537AFAA65E92,18.4,queries/tpch/tpch-queries/q18/v2_join.sql,warmup,2,1,1,2,4.394126,4.394126,4353.413,0.040713,0.002115,0.005029,7168,0,130.822814941406250000,124.261596679687500000,,
2026-09-11T21:29:05Z,16B5537AFAA65E92,18.4,queries/tpch/tpch-queries/q18/v2_join.sql,measured,1,1,1,2,4.638243,4.638243,4532.271,0.105972,0.003043,0.004917,7168,0,125.040588378906250000,118.126770019531250000,,
2026-09-11T21:29:14Z,16B5537AFAA65E92,18.4,queries/tpch/tpch-queries/q18/v2_join.sql,measured,1,2,1,2,9.292642,4.646321,9186.478,0.106164,0.005689,0.001940,7168,0,235.726074218750000000,222.132385253906250000,,
2026-09-11T21:29:33Z,16B5537AFAA65E92,18.4,queries/tpch/tpch-queries/q18/v2_join.sql,measured,1,4,1,2,18.945690,4.736422,18831.745,0.113945,0.003107,0.005032,7168,0,451.228698730468750000,423.497497558593750000,,
2026-09-11T21:30:12Z,16B5537AFAA65E92,18.4,queries/tpch/tpch-queries/q18/v2_join.sql,measured,1,8,1,2,38.854064,4.856758,38733.513,0.120551,0.003021,0.004961,7168,0,851.639709472656250000,795.792297363281250000,,
2026-09-11T21:31:30Z,16B5537AFAA65E92,18.4,queries/tpch/tpch-queries/q18/v2_join.sql,measured,1,16,1,2,77.577781,4.848611,77444.287,0.133494,0.003709,0.004728,7168,0,1702.715209960937500000,1592.030212402343750000,,
2026-09-11T21:31:39Z,F46145C04CDF6FB5,18.4,queries/tpch/tpch-queries/q18/v2_join.sql,warmup,1,1,1,2,5.766755,5.766755,5580.066,0.186689,0.001068,0.006093,7168,0,143.127868652343750000,131.473266601562500000,,
2026-09-11T21:31:44Z,F46145C04CDF6FB5,18.4,queries/tpch/tpch-queries/q18/v2_join.sql,warmup,2,1,1,2,4.651246,4.651246,4610.170,0.041076,0.002150,0.005216,7168,0,120.766967773437500000,114.085449218750000000,,
2026-09-11T21:31:49Z,F46145C04CDF6FB5,18.4,queries/tpch/tpch-queries/q18/v2_join.sql,measured,1,1,1,2,4.782904,4.782904,4687.310,0.095594,0.001933,0.005675,7168,0,118.363891601562500000,111.373657226562500000,,
2026-09-11T21:31:59Z,F46145C04CDF6FB5,18.4,queries/tpch/tpch-queries/q18/v2_join.sql,measured,1,2,1,2,9.874013,4.937006,9767.115,0.106898,0.001842,0.006039,7168,0,218.895812988281250000,204.657653808593750000,,
2026-09-11T21:32:18Z,F46145C04CDF6FB5,18.4,queries/tpch/tpch-queries/q18/v2_join.sql,measured,1,4,1,2,19.557248,4.889312,19460.099,0.097149,0.004527,0.002695,7168,0,428.884582519531250000,400.654113769531250000,,
2026-09-11T21:32:57Z,F46145C04CDF6FB5,18.4,queries/tpch/tpch-queries/q18/v2_join.sql,measured,1,8,1,2,38.865885,4.858236,38743.949,0.121936,0.000976,0.007767,7168,0,852.300903320312500000,796.638732910156250000,,
2026-09-11T21:34:15Z,F46145C04CDF6FB5,18.4,queries/tpch/tpch-queries/q18/v2_join.sql,measured,1,16,1,2,77.720472,4.857529,77592.214,0.128258,0.006019,0.002489,7168,0,1705.958435058593750000,1595.596252441406250000,,
2026-09-11T21:34:21Z,7DEAEE6B707FDA01,18.4,queries/tpch/tpch-queries/q09/base.sql,warmup,1,1,1,2,1.943244,1.943244,1753.528,0.189716,0.001939,0.005624,7168,0,37.549865722656250000,33.234924316406250000,,
2026-09-11T21:34:22Z,7DEAEE6B707FDA01,18.4,queries/tpch/tpch-queries/q09/base.sql,warmup,2,1,1,2,0.959610,0.959610,906.927,0.052683,0.001913,0.007769,7168,0,20.745849609375000000,19.335266113281250000,,
2026-09-11T21:34:23Z,7DEAEE6B707FDA01,18.4,queries/tpch/tpch-queries/q09/base.sql,measured,1,1,1,2,1.014739,1.014739,922.127,0.092612,0.003721,0.003789,7168,0,20.729736328125000000,19.270385742187500000,,
2026-09-11T21:34:24Z,7DEAEE6B707FDA01,18.4,queries/tpch/tpch-queries/q09/base.sql,measured,1,2,1,2,1.914695,0.957347,1817.546,0.097149,0.004217,0.004015,7168,0,40.233886718750000000,37.452453613281250000,,
2026-09-11T21:34:28Z,7DEAEE6B707FDA01,18.4,queries/tpch/tpch-queries/q09/base.sql,measured,1,4,1,2,3.753565,0.938391,3648.844,0.104721,0.003302,0.004201,7168,0,81.217773437500000000,75.541076660156250000,,
2026-09-11T21:34:36Z,7DEAEE6B707FDA01,18.4,queries/tpch/tpch-queries/q09/base.sql,measured,1,8,1,2,7.447253,0.930907,7346.179,0.101074,0.002744,0.004501,7168,0,156.333251953125000000,145.652099609375000000,,
2026-09-11T21:34:50Z,7DEAEE6B707FDA01,18.4,queries/tpch/tpch-queries/q09/base.sql,measured,1,16,1,2,14.708428,0.919277,14588.811,0.119617,0.002124,0.004968,7168,0,314.274902343750000000,293.248657226562500000,,
2026-09-11T21:34:56Z,B32EE89706EAF43F,18.4,queries/tpch/tpch-queries/q03/base.sql,warmup,1,1,1,2,1.489624,1.489624,1303.130,0.186494,0.002728,0.003968,7168,0,26.216918945312500000,22.753662109375000000,,
2026-09-11T21:34:56Z,B32EE89706EAF43F,18.4,queries/tpch/tpch-queries/q03/base.sql,warmup,2,1,1,2,0.303046,0.303046,262.951,0.040095,0.002944,0.004279,7168,0,9.129211425781250000,8.614868164062500000,,
2026-09-11T21:34:56Z,B32EE89706EAF43F,18.4,queries/tpch/tpch-queries/q03/base.sql,measured,1,1,1,2,0.305354,0.305354,265.111,0.040243,0.000000,0.006981,7168,0,8.989135742187500000,8.532226562500000000,,
2026-09-11T21:34:57Z,B32EE89706EAF43F,18.4,queries/tpch/tpch-queries/q03/base.sql,measured,1,2,1,2,0.674799,0.337399,580.659,0.094140,0.003105,0.003941,7168,0,16.041992187500000000,14.924804687500000000,,
2026-09-11T21:34:58Z,B32EE89706EAF43F,18.4,queries/tpch/tpch-queries/q03/base.sql,measured,1,4,1,2,1.046944,0.261736,1004.246,0.042698,0.006994,0.000000,7168,0,31.338867187500000000,29.791259765625000000,,
2026-09-11T21:35:00Z,B32EE89706EAF43F,18.4,queries/tpch/tpch-queries/q03/base.sql,measured,1,8,1,2,2.125270,0.265659,2028.864,0.096406,0.004038,0.003134,7168,0,59.282958984375000000,56.217102050781250000,,
2026-09-11T21:35:04Z,B32EE89706EAF43F,18.4,queries/tpch/tpch-queries/q03/base.sql,measured,1,16,1,2,4.213664,0.263354,4104.099,0.109565,0.001250,0.005865,7168,0,110.949523925781250000,104.743469238281250000,,
2026-09-11T21:35:57Z,CAC3DE266AB87195,18.4,queries/tpch/tpch-queries/q02/v1_materialized.sql,warmup,1,1,1,2,48.651727,48.651727,48468.810,0.182917,0.002044,0.004819,7168,0,518.562194824218750000,452.551757812500000000,,
2026-09-11T21:36:44Z,CAC3DE266AB87195,18.4,queries/tpch/tpch-queries/q02/v1_materialized.sql,warmup,2,1,1,2,47.530787,47.530787,47489.970,0.040817,0.001885,0.005500,7168,0,521.238342285156250000,458.482666015625000000,,
2026-09-11T21:37:32Z,CAC3DE266AB87195,18.4,queries/tpch/tpch-queries/q02/v1_materialized.sql,measured,1,1,1,2,47.666373,47.666373,47567.522,0.098851,0.003128,0.005066,7168,0,515.424072265625000000,453.727722167968750000,,
2026-09-11T21:39:06Z,CAC3DE266AB87195,18.4,queries/tpch/tpch-queries/q02/v1_materialized.sql,measured,1,2,1,2,94.270812,47.135406,94180.373,0.090439,0.005308,0.002694,7168,0,1028.281555175781250000,906.609252929687500000,,
2026-09-11T21:42:15Z,CAC3DE266AB87195,18.4,queries/tpch/tpch-queries/q02/v1_materialized.sql,measured,1,4,1,2,188.627321,47.156830,188527.507,0.099814,0.005870,0.003299,7168,0,2021.974365234375000000,1777.430786132812500000,,
2026-09-11T21:48:25Z,CAC3DE266AB87195,18.4,queries/tpch/tpch-queries/q02/v1_materialized.sql,measured,1,8,1,2,369.818687,46.227336,369715.351,0.103336,0.005730,0.002834,7168,0,4172.475158691406250000,3689.733520507812500000,,
2026-09-11T22:00:44Z,CAC3DE266AB87195,18.4,queries/tpch/tpch-queries/q02/v1_materialized.sql,measured,1,16,1,2,738.811864,46.175742,738701.328,0.110536,0.003162,0.005148,7168,0,8312.988952636718750000,7347.555480957031250000,,
2026-09-11T22:00:49Z,52C2A46C8EE00FA8,18.4,queries/tpch/tpch-queries/q01/base.sql,warmup,1,1,1,2,2.014005,2.014005,1834.646,0.179359,0.000693,0.006401,7168,0,64.266296386718750000,59.815917968750000000,,
2026-09-11T22:00:51Z,52C2A46C8EE00FA8,18.4,queries/tpch/tpch-queries/q01/base.sql,warmup,2,1,1,2,1.375084,1.375084,1335.247,0.039837,0.003271,0.004126,7168,0,51.277648925781250000,49.393493652343750000,,
2026-09-11T22:00:52Z,52C2A46C8EE00FA8,18.4,queries/tpch/tpch-queries/q01/base.sql,measured,1,1,1,2,1.503239,1.503239,1406.960,0.096279,0.002220,0.005278,7168,0,48.964965820312500000,47.068542480468750000,,
2026-09-11T22:00:55Z,52C2A46C8EE00FA8,18.4,queries/tpch/tpch-queries/q01/base.sql,measured,1,2,1,2,2.984423,1.492212,2881.579,0.102844,0.001760,0.006369,7168,0,92.990173339843750000,88.997009277343750000,,
2026-09-11T22:01:01Z,52C2A46C8EE00FA8,18.4,queries/tpch/tpch-queries/q01/base.sql,measured,1,4,1,2,5.802612,1.450653,5760.979,0.041633,0.003762,0.003636,7168,0,184.052246093750000000,176.540710449218750000,,
2026-09-11T22:01:13Z,52C2A46C8EE00FA8,18.4,queries/tpch/tpch-queries/q01/base.sql,measured,1,8,1,2,12.541526,1.567691,12432.621,0.108905,0.007072,0.000893,7168,0,328.900939941406250000,312.962890625000000000,,
2026-09-11T22:01:40Z,52C2A46C8EE00FA8,18.4,queries/tpch/tpch-queries/q01/base.sql,measured,1,16,1,2,26.598239,1.662390,26436.724,0.161515,0.004614,0.003807,7168,0,596.081054687500000000,562.653015136718750000,,
2026-09-11T22:01:50Z,CF835A5B13E2FEF7,18.4,queries/tpch/tpch-queries/q05/base.sql,warmup,1,1,1,2,6.310866,6.310866,6119.359,0.191507,0.002578,0.004568,7168,0,38.159729003906250000,24.585815429687500000,,
2026-09-11T22:01:50Z,CF835A5B13E2FEF7,18.4,queries/tpch/tpch-queries/q05/base.sql,warmup,2,1,1,2,0.284540,0.284540,243.170,0.041370,0.001835,0.005415,7168,0,4.232177734375000000,3.809814453125000000,,
2026-09-11T22:01:51Z,CF835A5B13E2FEF7,18.4,queries/tpch/tpch-queries/q05/base.sql,measured,1,1,1,2,0.329413,0.329413,239.162,0.090251,0.004815,0.002919,7168,0,4.341369628906250000,3.837768554687500000,,
2026-09-11T22:01:51Z,CF835A5B13E2FEF7,18.4,queries/tpch/tpch-queries/q05/base.sql,measured,1,2,1,2,0.571275,0.285638,472.667,0.098608,0.003727,0.004684,7168,0,7.496582031250000000,6.574035644531250000,,
2026-09-11T22:01:52Z,CF835A5B13E2FEF7,18.4,queries/tpch/tpch-queries/q05/base.sql,measured,1,4,1,2,0.985856,0.246464,935.596,0.050260,0.002992,0.004896,7168,0,13.453002929687500000,11.992736816406250000,,
2026-09-11T22:01:54Z,CF835A5B13E2FEF7,18.4,queries/tpch/tpch-queries/q05/base.sql,measured,1,8,1,2,1.956228,0.244529,1852.489,0.103739,0.002780,0.005383,7168,0,26.741760253906250000,23.966064453125000000,,
2026-09-11T22:01:58Z,CF835A5B13E2FEF7,18.4,queries/tpch/tpch-queries/q05/base.sql,measured,1,16,1,2,3.769042,0.235565,3642.972,0.126070,0.002867,0.005674,7168,0,52.935363769531250000,47.510864257812500000,,
2026-09-11T22:02:03Z,D3067124A19DCC0A,18.4,queries/tpch/tpch-queries/q03/base.sql,warmup,1,1,1,2,1.565389,1.565389,1377.105,0.188284,0.002062,0.004915,7168,0,25.805053710937500000,22.165954589843750000,,
2026-09-11T22:02:04Z,D3067124A19DCC0A,18.4,queries/tpch/tpch-queries/q03/base.sql,warmup,2,1,1,2,0.301004,0.301004,260.765,0.040239,0.003074,0.003874,7168,0,8.867431640625000000,8.438110351562500000,,
2026-09-11T22:02:04Z,D3067124A19DCC0A,18.4,queries/tpch/tpch-queries/q03/base.sql,measured,1,1,1,2,0.371410,0.371410,282.062,0.089348,0.001691,0.005369,7168,0,8.308898925781250000,7.722534179687500000,,
2026-09-11T22:02:05Z,D3067124A19DCC0A,18.4,queries/tpch/tpch-queries/q03/base.sql,measured,1,2,1,2,0.614266,0.307133,517.223,0.097043,0.002732,0.004722,7168,0,16.756469726562500000,15.789489746093750000,,
2026-09-11T22:02:06Z,D3067124A19DCC0A,18.4,queries/tpch/tpch-queries/q03/base.sql,measured,1,4,1,2,1.075226,0.268807,982.387,0.092839,0.003998,0.003154,7168,0,31.654785156250000000,30.120849609375000000,,
2026-09-11T22:02:08Z,D3067124A19DCC0A,18.4,queries/tpch/tpch-queries/q03/base.sql,measured,1,8,1,2,1.978830,0.247354,1884.130,0.094700,0.003118,0.004008,7168,0,63.436462402343750000,60.542785644531250000,,
2026-09-11T22:02:12Z,D3067124A19DCC0A,18.4,queries/tpch/tpch-queries/q03/base.sql,measured,1,16,1,2,3.915584,0.244724,3809.868,0.105716,0.005123,0.002126,7168,0,123.007446289062500000,117.227905273437500000,,
2026-09-11T22:02:16Z,D3D815A61D7005C8,18.4,queries/tpch/tpch-queries/q16/v2_not_exists.sql,warmup,1,1,1,2,0.612049,0.612049,380.165,0.231884,0.004401,0.002761,7168,0,8.141174316406250000,6.961059570312500000,,
2026-09-11T22:02:16Z,D3D815A61D7005C8,18.4,queries/tpch/tpch-queries/q16/v2_not_exists.sql,warmup,2,1,1,2,0.314388,0.314388,206.428,0.107960,0.001941,0.006782,7168,0,6.163513183593750000,5.710327148437500000,,
2026-09-11T22:02:16Z,D3D815A61D7005C8,18.4,queries/tpch/tpch-queries/q16/v2_not_exists.sql,measured,1,1,1,2,0.255618,0.255618,207.203,0.048415,0.005689,0.002102,7168,0,6.053466796875000000,5.693542480468750000,,
2026-09-11T22:02:17Z,D3D815A61D7005C8,18.4,queries/tpch/tpch-queries/q16/v2_not_exists.sql,measured,1,2,1,2,0.529412,0.264706,405.881,0.123531,0.005112,0.003141,7168,0,12.120666503906250000,11.352722167968750000,,
2026-09-11T22:02:18Z,D3D815A61D7005C8,18.4,queries/tpch/tpch-queries/q16/v2_not_exists.sql,measured,1,4,1,2,0.902882,0.225721,813.074,0.089808,0.001028,0.006124,7168,0,23.216613769531250000,21.938659667968750000,,
2026-09-11T22:02:20Z,D3D815A61D7005C8,18.4,queries/tpch/tpch-queries/q16/v2_not_exists.sql,measured,1,8,1,2,1.671307,0.208913,1620.927,0.050380,0.004377,0.003121,7168,0,45.250183105468750000,43.094238281250000000,,
2026-09-11T22:02:23Z,D3D815A61D7005C8,18.4,queries/tpch/tpch-queries/q16/v2_not_exists.sql,measured,1,16,1,2,3.478503,0.217406,3324.144,0.154359,0.003337,0.004298,7168,0,89.845581054687500000,85.101379394531250000,,
2026-09-11T22:02:35Z,7FCBC81CEB77168B,18.4,queries/tpch/tpch-queries/q07/v1_materialized.sql,warmup,1,1,1,2,8.665565,8.665565,8473.157,0.192408,0.003760,0.003565,7168,0,43.650817871093750000,25.041320800781250000,,
2026-09-11T22:02:35Z,7FCBC81CEB77168B,18.4,queries/tpch/tpch-queries/q07/v1_materialized.sql,warmup,2,1,1,2,0.328677,0.328677,287.872,0.040805,0.002041,0.004896,7168,0,5.621520996093750000,5.155273437500000000,,
2026-09-11T22:02:36Z,7FCBC81CEB77168B,18.4,queries/tpch/tpch-queries/q07/v1_materialized.sql,measured,1,1,1,2,0.375597,0.375597,286.695,0.088902,0.001792,0.005324,7168,0,5.882690429687500000,5.300048828125000000,,
2026-09-11T22:02:36Z,7FCBC81CEB77168B,18.4,queries/tpch/tpch-queries/q07/v1_materialized.sql,measured,1,2,1,2,0.656406,0.328203,565.856,0.090550,0.001879,0.005576,7168,0,10.198120117187500000,9.229370117187500000,,
2026-09-11T22:02:38Z,7FCBC81CEB77168B,18.4,queries/tpch/tpch-queries/q07/v1_materialized.sql,measured,1,4,1,2,1.196902,0.299225,1100.949,0.095953,0.002893,0.004714,7168,0,19.041259765625000000,17.330139160156250000,,
2026-09-11T22:02:40Z,7FCBC81CEB77168B,18.4,queries/tpch/tpch-queries/q07/v1_materialized.sql,measured,1,8,1,2,2.252047,0.281506,2151.616,0.100431,0.004654,0.002842,7168,0,37.459655761718750000,34.217407226562500000,,
2026-09-11T22:02:44Z,7FCBC81CEB77168B,18.4,queries/tpch/tpch-queries/q07/v1_materialized.sql,measured,1,16,1,2,4.382133,0.273883,4271.436,0.110697,0.001863,0.005537,7168,0,75.498962402343750000,69.208312988281250000,,
2026-09-11T22:02:50Z,C5C4492A0E36567F,18.4,queries/tpch/tpch-queries/q01/base.sql,warmup,1,1,1,2,2.068257,2.068257,1887.921,0.180336,0.001832,0.005341,7168,0,62.808532714843750000,58.183105468750000000,,
2026-09-11T22:02:52Z,C5C4492A0E36567F,18.4,queries/tpch/tpch-queries/q01/base.sql,warmup,2,1,1,2,1.455079,1.455079,1415.339,0.039740,0.003198,0.004001,7168,0,48.394226074218750000,46.542541503906250000,,
2026-09-11T22:02:53Z,C5C4492A0E36567F,18.4,queries/tpch/tpch-queries/q01/base.sql,measured,1,1,1,2,1.539068,1.539068,1437.165,0.101903,0.001031,0.007053,7168,0,49.100158691406250000,47.161865234375000000,,
2026-09-11T22:02:56Z,C5C4492A0E36567F,18.4,queries/tpch/tpch-queries/q01/base.sql,measured,1,2,1,2,3.042312,1.521156,2891.291,0.151021,0.003995,0.004099,7168,0,95.433166503906250000,91.346557617187500000,,
2026-09-11T22:03:02Z,C5C4492A0E36567F,18.4,queries/tpch/tpch-queries/q01/base.sql,measured,1,4,1,2,6.105123,1.526281,6049.095,0.056028,0.004433,0.003471,7168,0,174.508239746093750000,166.607055664062500000,,
2026-09-11T22:03:15Z,C5C4492A0E36567F,18.4,queries/tpch/tpch-queries/q01/base.sql,measured,1,8,1,2,12.734168,1.591771,12622.991,0.111177,0.005122,0.003376,7168,0,326.977722167968750000,310.889099121093750000,,
2026-09-11T22:03:42Z,C5C4492A0E36567F,18.4,queries/tpch/tpch-queries/q01/base.sql,measured,1,16,1,2,26.966330,1.685396,26850.373,0.115957,0.004544,0.005302,7168,0,590.475402832031250000,556.749328613281250000,,
2026-09-11T22:03:47Z,BB7C451AB3BD62E5,18.4,queries/tpch/tpch-queries/q12/base.sql,warmup,1,1,1,2,1.272372,1.272372,1086.457,0.185915,0.001237,0.005711,7168,0,28.170410156250000000,25.078857421875000000,,
2026-09-11T22:03:47Z,BB7C451AB3BD62E5,18.4,queries/tpch/tpch-queries/q12/base.sql,warmup,2,1,1,2,0.455224,0.455224,413.317,0.041907,0.001917,0.005623,7168,0,13.738769531250000000,13.091247558593750000,,
2026-09-11T22:03:48Z,BB7C451AB3BD62E5,18.4,queries/tpch/tpch-queries/q12/base.sql,measured,1,1,1,2,0.562452,0.562452,459.409,0.103043,0.004433,0.003637,7168,0,13.185668945312500000,12.332153320312500000,,
2026-09-11T22:03:49Z,BB7C451AB3BD62E5,18.4,queries/tpch/tpch-queries/q12/base.sql,measured,1,2,1,2,0.898111,0.449056,828.109,0.070002,0.003095,0.003968,7168,0,26.217224121093750000,24.884399414062500000,,
2026-09-11T22:03:51Z,BB7C451AB3BD62E5,18.4,queries/tpch/tpch-queries/q12/base.sql,measured,1,4,1,2,1.768935,0.442234,1673.613,0.095322,0.000949,0.006574,7168,0,49.556274414062500000,47.066772460937500000,,
2026-09-11T22:03:54Z,BB7C451AB3BD62E5,18.4,queries/tpch/tpch-queries/q12/base.sql,measured,1,8,1,2,3.444788,0.430598,3350.758,0.094030,0.003146,0.004025,7168,0,95.646057128906250000,90.662048339843750000,,
2026-09-11T22:04:01Z,BB7C451AB3BD62E5,18.4,queries/tpch/tpch-queries/q12/base.sql,measured,1,16,1,2,7.244001,0.452750,7140.091,0.103910,0.002824,0.004627,7168,0,170.460754394531250000,160.306457519531250000,,
2026-09-11T22:04:06Z,605BAC4DAAB7E0EC,18.4,queries/tpch/tpch-queries/q19/base.sql,warmup,1,1,1,2,1.145062,1.145062,965.136,0.179926,0.001065,0.006063,7168,0,24.607849121093750000,21.853088378906250000,,
2026-09-11T22:04:07Z,605BAC4DAAB7E0EC,18.4,queries/tpch/tpch-queries/q19/base.sql,warmup,2,1,1,2,0.442144,0.442144,402.161,0.039983,0.003137,0.003929,7168,0,12.210693359375000000,11.606811523437500000,,
2026-09-11T22:04:07Z,605BAC4DAAB7E0EC,18.4,queries/tpch/tpch-queries/q19/base.sql,measured,1,1,1,2,0.568683,0.568683,466.703,0.101980,0.002969,0.004820,7168,0,11.495178222656250000,10.645629882812500000,,
2026-09-11T22:04:08Z,605BAC4DAAB7E0EC,18.4,queries/tpch/tpch-queries/q19/base.sql,measured,1,2,1,2,0.853143,0.426572,780.595,0.072548,0.002115,0.005097,7168,0,24.230529785156250000,22.943847656250000000,,
2026-09-11T22:04:10Z,605BAC4DAAB7E0EC,18.4,queries/tpch/tpch-queries/q19/base.sql,measured,1,4,1,2,1.696355,0.424089,1597.528,0.098827,0.004677,0.002860,7168,0,46.277221679687500000,43.923706054687500000,,
2026-09-11T22:04:13Z,605BAC4DAAB7E0EC,18.4,queries/tpch/tpch-queries/q19/base.sql,measured,1,8,1,2,3.339253,0.417407,3187.316,0.151937,0.005666,0.002076,7168,0,89.539733886718750000,84.708251953125000000,,
2026-09-11T22:04:20Z,605BAC4DAAB7E0EC,18.4,queries/tpch/tpch-queries/q19/base.sql,measured,1,16,1,2,6.609119,0.413070,6552.739,0.056380,0.000887,0.006270,7168,0,166.319702148437500000,157.062316894531250000,,
2026-09-11T22:04:25Z,17A8D1EE803D0E2E,18.4,queries/tpch/tpch-queries/q14/base.sql,warmup,1,1,1,2,1.087662,1.087662,903.367,0.184295,0.003064,0.003820,7168,0,21.474731445312500000,18.814453125000000000,,
2026-09-11T22:04:25Z,17A8D1EE803D0E2E,18.4,queries/tpch/tpch-queries/q14/base.sql,warmup,2,1,1,2,0.301932,0.301932,260.754,0.041178,0.000926,0.006422,7168,0,8.796447753906250000,8.335815429687500000,,
2026-09-11T22:04:26Z,17A8D1EE803D0E2E,18.4,queries/tpch/tpch-queries/q14/base.sql,measured,1,1,1,2,0.406273,0.406273,309.231,0.097042,0.001128,0.006484,7168,0,7.719177246093750000,7.043457031250000000,,
2026-09-11T22:04:26Z,17A8D1EE803D0E2E,18.4,queries/tpch/tpch-queries/q14/base.sql,measured,1,2,1,2,0.696566,0.348283,549.998,0.146568,0.001896,0.005705,7168,0,16.145385742187500000,14.983764648437500000,,
2026-09-11T22:04:27Z,17A8D1EE803D0E2E,18.4,queries/tpch/tpch-queries/q14/base.sql,measured,1,4,1,2,1.118333,0.279583,1067.189,0.051144,0.000958,0.006665,7296,0,30.493591308593750000,28.826538085937500000,,
2026-09-11T22:04:30Z,17A8D1EE803D0E2E,18.4,queries/tpch/tpch-queries/q14/base.sql,measured,1,8,1,2,2.192014,0.274002,2091.139,0.100875,0.004790,0.002802,7168,0,59.706481933593750000,56.347839355468750000,,
2026-09-11T22:04:34Z,17A8D1EE803D0E2E,18.4,queries/tpch/tpch-queries/q14/base.sql,measured,1,16,1,2,4.280386,0.267524,4180.547,0.099839,0.002777,0.004785,7168,0,113.359924316406250000,106.774108886718750000,,
2026-09-11T22:04:40Z,7384EB1822C73283,18.4,queries/tpch/tpch-queries/q01/v1_materialized.sql,warmup,1,1,1,2,2.170133,2.170133,1988.116,0.182017,0.005198,0.001819,7168,0,58.153198242187500000,53.290893554687500000,,
2026-09-11T22:04:41Z,7384EB1822C73283,18.4,queries/tpch/tpch-queries/q01/v1_materialized.sql,warmup,2,1,1,2,1.506813,1.506813,1467.329,0.039484,0.000750,0.006243,7168,0,46.102783203125000000,44.163208007812500000,,
2026-09-11T22:04:43Z,7384EB1822C73283,18.4,queries/tpch/tpch-queries/q01/v1_materialized.sql,measured,1,1,1,2,1.669662,1.669662,1568.510,0.101152,0.002853,0.005148,7168,0,43.059570312500000000,40.936462402343750000,,
2026-09-11T22:04:46Z,7384EB1822C73283,18.4,queries/tpch/tpch-queries/q01/v1_materialized.sql,measured,1,2,1,2,3.204199,1.602099,3100.901,0.103298,0.005236,0.002964,7168,0,85.217468261718750000,81.095581054687500000,,
2026-09-11T22:04:53Z,7384EB1822C73283,18.4,queries/tpch/tpch-queries/q01/v1_materialized.sql,measured,1,4,1,2,6.497412,1.624353,6399.929,0.097483,0.003972,0.003836,7168,0,160.154907226562500000,151.874023437500000000,,
2026-09-11T22:05:06Z,7384EB1822C73283,18.4,queries/tpch/tpch-queries/q01/v1_materialized.sql,measured,1,8,1,2,13.522583,1.690323,13406.198,0.116385,0.004864,0.003825,7168,0,295.806518554687500000,278.903320312500000000,,
2026-09-11T22:05:33Z,7384EB1822C73283,18.4,queries/tpch/tpch-queries/q01/v1_materialized.sql,measured,1,16,1,2,26.920642,1.682540,26745.118,0.175524,0.006799,0.002802,7168,0,589.670898437500000000,555.778625488281250000,,
2026-09-11T22:05:38Z,380DE755F091CBA2,18.4,queries/tpch/tpch-queries/q14/base.sql,warmup,1,1,1,2,1.083330,1.083330,900.520,0.182810,0.001236,0.005748,7168,0,21.373962402343750000,18.737243652343750000,,
2026-09-11T22:05:38Z,380DE755F091CBA2,18.4,queries/tpch/tpch-queries/q14/base.sql,warmup,2,1,1,2,0.306134,0.306134,263.465,0.042669,0.001885,0.005571,7168,0,8.615295410156250000,8.159057617187500000,,
2026-09-11T22:05:39Z,380DE755F091CBA2,18.4,queries/tpch/tpch-queries/q14/base.sql,measured,1,1,1,2,0.415690,0.415690,313.859,0.101831,0.003897,0.004074,7168,0,8.129455566406250000,7.452270507812500000,,
2026-09-11T22:05:40Z,380DE755F091CBA2,18.4,queries/tpch/tpch-queries/q14/base.sql,measured,1,2,1,2,0.727239,0.363619,575.805,0.151434,0.004997,0.003077,7168,0,16.536682128906250000,15.342895507812500000,,
2026-09-11T22:05:41Z,380DE755F091CBA2,18.4,queries/tpch/tpch-queries/q14/base.sql,measured,1,4,1,2,1.076448,0.269112,1026.266,0.050182,0.001039,0.006068,7168,0,32.021728515625000000,30.396362304687500000,,
2026-09-11T22:05:43Z,380DE755F091CBA2,18.4,queries/tpch/tpch-queries/q14/base.sql,measured,1,8,1,2,2.162697,0.270337,2066.063,0.096634,0.001050,0.006124,7168,0,59.628295898437500000,56.359069824218750000,,
2026-09-11T22:05:47Z,380DE755F091CBA2,18.4,queries/tpch/tpch-queries/q14/base.sql,measured,1,16,1,2,4.303375,0.268961,4201.846,0.101529,0.003875,0.003496,7168,0,112.928039550781250000,106.323242187500000000,,
2026-09-11T22:05:56Z,904255A6F72D3144,18.4,queries/tpch/tpch-queries/q18/base.sql,warmup,1,1,1,2,5.294176,5.294176,5107.337,0.186839,0.002530,0.004369,7168,0,143.981323242187500000,132.888793945312500000,,
2026-09-11T22:06:01Z,904255A6F72D3144,18.4,queries/tpch/tpch-queries/q18/base.sql,warmup,2,1,1,2,4.654854,4.654854,4611.398,0.043456,0.002800,0.004610,7168,0,120.939575195312500000,114.186645507812500000,,
2026-09-11T22:06:06Z,904255A6F72D3144,18.4,queries/tpch/tpch-queries/q18/base.sql,measured,1,1,1,2,4.810059,4.810059,4705.106,0.104953,0.003728,0.003833,7168,0,118.783752441406250000,111.773315429687500000,,
2026-09-11T22:06:16Z,904255A6F72D3144,18.4,queries/tpch/tpch-queries/q18/base.sql,measured,1,2,1,2,9.876038,4.938019,9774.695,0.101343,0.003864,0.003753,7168,0,217.705932617187500000,203.511352539062500000,,
2026-09-11T22:06:35Z,904255A6F72D3144,18.4,queries/tpch/tpch-queries/q18/base.sql,measured,1,4,1,2,19.635631,4.908908,19518.421,0.117210,0.002806,0.005617,7168,0,430.520019531250000000,402.341979980468750000,,
2026-09-11T22:07:14Z,904255A6F72D3144,18.4,queries/tpch/tpch-queries/q18/base.sql,measured,1,8,1,2,38.884690,4.860586,38752.550,0.132140,0.004848,0.003854,7168,0,853.298828125000000000,797.637207031250000000,,
2026-09-11T22:08:32Z,904255A6F72D3144,18.4,queries/tpch/tpch-queries/q18/base.sql,measured,1,16,1,2,77.923390,4.870212,77791.968,0.131422,0.003191,0.005267,7168,0,1710.131103515625000000,1598.775207519531250000,,
2026-09-11T22:08:47Z,9B5B1F7230AC0EDB,18.4,queries/tpch/tpch-queries/q08/v2_filter.sql,warmup,1,1,1,2,11.109891,11.109891,10915.681,0.194210,0.003144,0.003898,7168,0,49.291748046875000000,25.536376953125000000,,
2026-09-11T22:08:47Z,9B5B1F7230AC0EDB,18.4,queries/tpch/tpch-queries/q08/v2_filter.sql,warmup,2,1,1,2,0.419962,0.419962,377.505,0.042457,0.002929,0.004779,7168,0,7.060852050781250000,6.434265136718750000,,
2026-09-11T22:08:48Z,9B5B1F7230AC0EDB,18.4,queries/tpch/tpch-queries/q08/v2_filter.sql,measured,1,1,1,2,0.420519,0.420519,377.829,0.042690,0.004611,0.002837,7168,0,7.110046386718750000,6.495727539062500000,,
2026-09-11T22:08:49Z,9B5B1F7230AC0EDB,18.4,queries/tpch/tpch-queries/q08/v2_filter.sql,measured,1,2,1,2,0.816393,0.408196,720.354,0.096039,0.005904,0.001980,7168,0,13.144714355468750000,11.869262695312500000,,
2026-09-11T22:08:50Z,9B5B1F7230AC0EDB,18.4,queries/tpch/tpch-queries/q08/v2_filter.sql,measured,1,4,1,2,1.425570,0.356392,1377.829,0.047741,0.004412,0.003062,7168,0,25.194152832031250000,23.138488769531250000,,
2026-09-11T22:08:53Z,9B5B1F7230AC0EDB,18.4,queries/tpch/tpch-queries/q08/v2_filter.sql,measured,1,8,1,2,2.805806,0.350726,2691.102,0.114704,0.002855,0.004943,7168,0,49.737182617187500000,45.734924316406250000,,
2026-09-11T22:08:58Z,9B5B1F7230AC0EDB,18.4,queries/tpch/tpch-queries/q08/v2_filter.sql,measured,1,16,1,2,5.489289,0.343081,5369.370,0.119919,0.003912,0.003900,7168,0,96.950012207031250000,89.151977539062500000,,
2026-09-11T22:09:03Z,7B0B29A7ECE77235,18.4,queries/tpch/tpch-queries/q02/v2_decorrelate.sql,warmup,1,1,1,2,0.603369,0.603369,365.896,0.237473,0.001804,0.005852,7168,0,6.156433105468750000,5.003051757812500000,,
2026-09-11T22:09:03Z,7B0B29A7ECE77235,18.4,queries/tpch/tpch-queries/q02/v2_decorrelate.sql,warmup,2,1,1,2,0.265304,0.265304,210.204,0.055100,0.002148,0.008721,7168,0,3.976135253906250000,3.617858886718750000,,
2026-09-11T22:09:03Z,7B0B29A7ECE77235,18.4,queries/tpch/tpch-queries/q02/v2_decorrelate.sql,measured,1,1,1,2,0.306089,0.306089,207.873,0.098216,0.001844,0.006408,7168,0,4.101196289062500000,3.651672363281250000,,
2026-09-11T22:09:04Z,7B0B29A7ECE77235,18.4,queries/tpch/tpch-queries/q02/v2_decorrelate.sql,measured,1,2,1,2,0.511479,0.255740,408.168,0.103311,0.003540,0.004418,7168,0,7.364257812500000000,6.667297363281250000,,
2026-09-11T22:09:05Z,7B0B29A7ECE77235,18.4,queries/tpch/tpch-queries/q02/v2_decorrelate.sql,measured,1,4,1,2,0.918845,0.229711,812.146,0.106699,0.006187,0.002115,7168,0,14.414794921875000000,13.057006835937500000,,
2026-09-11T22:09:06Z,7B0B29A7ECE77235,18.4,queries/tpch/tpch-queries/q02/v2_decorrelate.sql,measured,1,8,1,2,1.742054,0.217757,1626.351,0.115703,0.001951,0.006758,7168,0,27.379638671875000000,25.124816894531250000,,
2026-09-11T22:09:10Z,7B0B29A7ECE77235,18.4,queries/tpch/tpch-queries/q02/v2_decorrelate.sql,measured,1,16,1,2,3.324624,0.207789,3197.983,0.126641,0.002642,0.005315,7168,0,55.319396972656250000,50.816101074218750000,,
2026-09-11T22:09:14Z,4709A2ACF9103A06,18.4,queries/tpch/tpch-queries/q15/v1_materialized.sql,warmup,1,1,1,2,1.088567,1.088567,906.636,0.181931,0.003599,0.003169,7168,0,21.308532714843750000,18.680786132812500000,,
2026-09-11T22:09:15Z,4709A2ACF9103A06,18.4,queries/tpch/tpch-queries/q15/v1_materialized.sql,warmup,2,1,1,2,0.371222,0.371222,278.624,0.092598,0.002093,0.005094,7168,0,10.280334472656250000,9.695251464843750000,,
2026-09-11T22:09:15Z,4709A2ACF9103A06,18.4,queries/tpch/tpch-queries/q15/v1_materialized.sql,measured,1,1,1,2,0.384009,0.384009,333.293,0.050716,0.002742,0.004654,7168,0,8.799560546875000000,8.234130859375000000,,
2026-09-11T22:09:16Z,4709A2ACF9103A06,18.4,queries/tpch/tpch-queries/q15/v1_materialized.sql,measured,1,2,1,2,0.730687,0.365344,590.129,0.140558,0.002704,0.004485,7168,0,18.613464355468750000,17.364929199218750000,,
2026-09-11T22:09:17Z,4709A2ACF9103A06,18.4,queries/tpch/tpch-queries/q15/v1_materialized.sql,measured,1,4,1,2,1.216945,0.304236,1164.354,0.052591,0.003715,0.003351,7168,0,35.390686035156250000,33.567687988281250000,,
2026-09-11T22:09:19Z,4709A2ACF9103A06,18.4,queries/tpch/tpch-queries/q15/v1_materialized.sql,measured,1,8,1,2,2.300805,0.287601,2207.874,0.092931,0.004408,0.002681,7168,0,69.114135742187500000,65.540100097656250000,,
2026-09-11T22:09:24Z,4709A2ACF9103A06,18.4,queries/tpch/tpch-queries/q15/v1_materialized.sql,measured,1,16,1,2,4.631734,0.289483,4524.588,0.107146,0.001061,0.006242,7168,0,134.056762695312500000,126.744079589843750000,,
2026-09-11T22:09:28Z,3BA67D69DC3834DD,18.4,queries/tpch/tpch-queries/q11/v1_materialized.sql,warmup,1,1,1,2,0.394540,0.394540,216.770,0.177770,0.001008,0.005776,7168,0,4.732788085937500000,3.894714355468750000,,
2026-09-11T22:09:28Z,3BA67D69DC3834DD,18.4,queries/tpch/tpch-queries/q11/v1_materialized.sql,warmup,2,1,1,2,0.174748,0.174748,83.506,0.091242,0.004076,0.002931,7168,0,3.353942871093750000,3.063842773437500000,,
2026-09-11T22:09:28Z,3BA67D69DC3834DD,18.4,queries/tpch/tpch-queries/q11/v1_materialized.sql,measured,1,1,1,2,0.131872,0.131872,86.166,0.045706,0.004367,0.003458,7168,0,3.066711425781250000,2.859069824218750000,,
2026-09-11T22:09:29Z,3BA67D69DC3834DD,18.4,queries/tpch/tpch-queries/q11/v1_materialized.sql,measured,1,2,1,2,0.279009,0.139504,167.682,0.111327,0.004891,0.004003,7168,0,5.870300292968750000,5.382690429687500000,,
2026-09-11T22:09:29Z,3BA67D69DC3834DD,18.4,queries/tpch/tpch-queries/q11/v1_materialized.sql,measured,1,4,1,2,0.469629,0.117407,339.270,0.130359,0.004367,0.006421,7168,0,10.727783203125000000,9.997558593750000000,,
2026-09-11T22:09:30Z,3BA67D69DC3834DD,18.4,queries/tpch/tpch-queries/q11/v1_materialized.sql,measured,1,8,1,2,0.857344,0.107168,720.451,0.136893,0.003636,0.005875,7168,0,19.962890625000000000,18.616821289062500000,,
2026-09-11T22:09:31Z,3BA67D69DC3834DD,18.4,queries/tpch/tpch-queries/q11/v1_materialized.sql,measured,1,16,1,2,1.370953,0.085685,1253.382,0.117571,0.003600,0.004545,7168,0,39.501159667968750000,37.415283203125000000,,
2026-09-11T22:09:39Z,5C5C4E8FF025DE54,18.4,queries/tpch/tpch-queries/q13/v2_correlated.sql,warmup,1,1,1,2,4.363447,4.363447,4183.286,0.180161,0.006741,0.000000,7168,0,44.809204101562500000,36.196289062500000000,,
2026-09-11T22:09:41Z,5C5C4E8FF025DE54,18.4,queries/tpch/tpch-queries/q13/v2_correlated.sql,warmup,2,1,1,2,1.933008,1.933008,1893.799,0.039209,0.003050,0.003848,7168,0,21.884155273437500000,19.555053710937500000,,
2026-09-11T22:09:43Z,5C5C4E8FF025DE54,18.4,queries/tpch/tpch-queries/q13/v2_correlated.sql,measured,1,1,1,2,1.986383,1.986383,1896.408,0.089975,0.002078,0.006043,7168,0,22.029296875000000000,19.497009277343750000,,
2026-09-11T22:09:47Z,5C5C4E8FF025DE54,18.4,queries/tpch/tpch-queries/q13/v2_correlated.sql,measured,1,2,1,2,3.792116,1.896058,3699.500,0.092616,0.003980,0.003880,7168,0,42.250976562500000000,37.566406250000000000,,
2026-09-11T22:09:54Z,5C5C4E8FF025DE54,18.4,queries/tpch/tpch-queries/q13/v2_correlated.sql,measured,1,4,1,2,7.418698,1.854675,7327.685,0.091013,0.001713,0.006235,7168,0,82.878417968750000000,73.566223144531250000,,
2026-09-11T22:10:09Z,5C5C4E8FF025DE54,18.4,queries/tpch/tpch-queries/q13/v2_correlated.sql,measured,1,8,1,2,14.618456,1.827307,14522.672,0.095784,0.004977,0.003073,7168,0,164.042297363281250000,145.997863769531250000,,
2026-09-11T22:10:38Z,5C5C4E8FF025DE54,18.4,queries/tpch/tpch-queries/q13/v2_correlated.sql,measured,1,16,1,2,29.053624,1.815851,29002.339,0.051285,0.003752,0.004752,7168,0,325.183959960937500000,289.688537597656250000,,
2026-09-11T22:10:43Z,D3608265FFB500BE,18.4,queries/tpch/tpch-queries/q14/v1_materialized.sql,warmup,1,1,1,2,1.086151,1.086151,901.805,0.184346,0.003045,0.003789,7168,0,20.617065429687500000,18.019104003906250000,,
2026-09-11T22:10:43Z,D3608265FFB500BE,18.4,queries/tpch/tpch-queries/q14/v1_materialized.sql,warmup,2,1,1,2,0.286171,0.286171,246.692,0.039479,0.003158,0.003957,7168,0,9.279602050781250000,8.854125976562500000,,
2026-09-11T22:10:43Z,D3608265FFB500BE,18.4,queries/tpch/tpch-queries/q14/v1_materialized.sql,measured,1,1,1,2,0.391258,0.391258,294.002,0.097256,0.002048,0.005469,7168,0,8.005676269531250000,7.414855957031250000,,
2026-09-11T22:10:44Z,D3608265FFB500BE,18.4,queries/tpch/tpch-queries/q14/v1_materialized.sql,measured,1,2,1,2,0.637801,0.318901,534.312,0.103489,0.003739,0.004652,7168,0,16.646484375000000000,15.606689453125000000,,
2026-09-11T22:10:45Z,D3608265FFB500BE,18.4,queries/tpch/tpch-queries/q14/v1_materialized.sql,measured,1,4,1,2,0.978208,0.244552,936.356,0.041852,0.002963,0.004280,7168,0,35.012756347656250000,33.549316406250000000,,
2026-09-11T22:10:47Z,D3608265FFB500BE,18.4,queries/tpch/tpch-queries/q14/v1_materialized.sql,measured,1,8,1,2,1.981245,0.247656,1886.502,0.094743,0.002611,0.004449,7168,0,66.855102539062500000,63.818603515625000000,,
2026-09-11T22:10:51Z,D3608265FFB500BE,18.4,queries/tpch/tpch-queries/q14/v1_materialized.sql,measured,1,16,1,2,3.914552,0.244659,3815.237,0.099315,0.002755,0.004536,7168,0,129.135925292968750000,122.893005371093750000,,
2026-09-11T22:11:05Z,0508BB3567997556,18.4,queries/tpch/tpch-queries/q08/base.sql,warmup,1,1,1,2,10.858935,10.858935,10665.226,0.193709,0.001781,0.005193,7168,0,46.646850585937500000,23.482971191406250000,,
2026-09-11T22:11:06Z,0508BB3567997556,18.4,queries/tpch/tpch-queries/q08/base.sql,warmup,2,1,1,2,0.408342,0.408342,366.781,0.041561,0.004318,0.002968,7168,0,7.010131835937500000,6.463195800781250000,,
2026-09-11T22:11:06Z,0508BB3567997556,18.4,queries/tpch/tpch-queries/q08/base.sql,measured,1,1,1,2,0.452587,0.452587,362.813,0.089774,0.004668,0.002846,7168,0,7.215393066406250000,6.544372558593750000,,
2026-09-11T22:11:07Z,0508BB3567997556,18.4,queries/tpch/tpch-queries/q08/base.sql,measured,1,2,1,2,0.790630,0.395315,696.124,0.094506,0.001914,0.005655,7168,0,12.953186035156250000,11.774353027343750000,,
2026-09-11T22:11:08Z,0508BB3567997556,18.4,queries/tpch/tpch-queries/q08/base.sql,measured,1,4,1,2,1.396872,0.349218,1350.175,0.046697,0.003548,0.003651,7168,0,24.875488281250000000,22.892578125000000000,,
2026-09-11T22:11:11Z,0508BB3567997556,18.4,queries/tpch/tpch-queries/q08/base.sql,measured,1,8,1,2,2.739629,0.342454,2637.968,0.101661,0.004621,0.002810,7168,0,48.984985351562500000,45.016662597656250000,,
2026-09-11T22:11:17Z,0508BB3567997556,18.4,queries/tpch/tpch-queries/q08/base.sql,measured,1,16,1,2,5.455737,0.340984,5283.202,0.172535,0.001826,0.005554,7168,0,96.473510742187500000,88.787475585937500000,,
2026-09-11T22:11:26Z,5A7EF2072AD11BAE,18.4,queries/tpch/tpch-queries/q18/v2_join.sql,warmup,1,1,1,2,5.451475,5.451475,5261.474,0.190001,0.004105,0.002823,7168,0,156.002746582031250000,145.029541015625000000,,
2026-09-11T22:11:30Z,5A7EF2072AD11BAE,18.4,queries/tpch/tpch-queries/q18/v2_join.sql,warmup,2,1,1,2,4.418958,4.418958,4378.312,0.040646,0.005254,0.001786,7168,0,131.971069335937500000,125.545715332031250000,,
2026-09-11T22:11:35Z,5A7EF2072AD11BAE,18.4,queries/tpch/tpch-queries/q18/v2_join.sql,measured,1,1,1,2,4.678253,4.678253,4578.465,0.099788,0.003733,0.003811,7168,0,126.276306152343750000,119.483398437500000000,,
2026-09-11T22:11:44Z,5A7EF2072AD11BAE,18.4,queries/tpch/tpch-queries/q18/v2_join.sql,measured,1,2,1,2,9.222069,4.611035,9175.104,0.046965,0.000000,0.007387,7168,0,240.162353515625000000,226.875976562500000000,,
2026-09-11T22:12:03Z,5A7EF2072AD11BAE,18.4,queries/tpch/tpch-queries/q18/v2_join.sql,measured,1,4,1,2,19.163833,4.790958,19054.747,0.109086,0.004771,0.002892,7168,0,448.944274902343750000,420.886047363281250000,,
2026-09-11T22:12:42Z,5A7EF2072AD11BAE,18.4,queries/tpch/tpch-queries/q18/v2_join.sql,measured,1,8,1,2,39.211159,4.901395,39038.486,0.172673,0.002833,0.005784,7168,0,859.287292480468750000,802.587219238281250000,,
2026-09-11T22:14:01Z,5A7EF2072AD11BAE,18.4,queries/tpch/tpch-queries/q18/v2_join.sql,measured,1,16,1,2,78.272979,4.892061,78192.692,0.080287,0.005579,0.002778,7168,0,1718.575256347656250000,1606.838439941406250000,,
2026-09-11T22:14:55Z,85A8BA5EA2D4B221,18.4,queries/tpch/tpch-queries/q02/v1_materialized.sql,warmup,1,1,1,2,49.872898,49.872898,49632.073,0.240825,0.004142,0.003953,7168,0,533.829101562500000000,466.228393554687500000,,
2026-09-11T22:15:44Z,85A8BA5EA2D4B221,18.4,queries/tpch/tpch-queries/q02/v1_materialized.sql,warmup,2,1,1,2,49.129973,49.129973,49084.865,0.045108,0.006668,0.004100,7168,0,557.328918457031250000,492.371948242187500000,,
2026-09-11T22:16:32Z,85A8BA5EA2D4B221,18.4,queries/tpch/tpch-queries/q02/v1_materialized.sql,measured,1,1,1,2,48.321577,48.321577,48228.659,0.092918,0.001031,0.007057,7168,0,545.940246582031250000,483.283813476562500000,,
2026-09-11T22:18:05Z,85A8BA5EA2D4B221,18.4,queries/tpch/tpch-queries/q02/v1_materialized.sql,measured,1,2,1,2,93.376893,46.688447,93284.594,0.092299,0.001803,0.006350,7168,0,1087.019470214843750000,965.474853515625000000,,
2026-09-11T22:21:15Z,85A8BA5EA2D4B221,18.4,queries/tpch/tpch-queries/q02/v1_materialized.sql,measured,1,4,1,2,189.715153,47.428788,189617.078,0.098075,0.005575,0.002753,7168,0,2045.402282714843750000,1799.475097656250000000,,
2026-09-11T22:27:25Z,85A8BA5EA2D4B221,18.4,queries/tpch/tpch-queries/q02/v1_materialized.sql,measured,1,8,1,2,369.386026,46.173253,369279.674,0.106352,0.005021,0.004037,7168,0,4145.385070800781250000,3663.798034667968750000,,
2026-09-11T22:39:43Z,85A8BA5EA2D4B221,18.4,queries/tpch/tpch-queries/q02/v1_materialized.sql,measured,1,16,1,2,738.761020,46.172564,738649.410,0.111610,0.000967,0.007714,7168,0,8320.409362792968750000,7354.939270019531250000,,
2026-09-11T22:39:55Z,0904666B85B5AA41,18.4,queries/tpch/tpch-queries/q05/v1_materialized.sql,warmup,1,1,1,2,8.318859,8.318859,8127.203,0.191656,0.002739,0.004394,7168,0,39.514221191406250000,21.958618164062500000,,
2026-09-11T22:39:55Z,0904666B85B5AA41,18.4,queries/tpch/tpch-queries/q05/v1_materialized.sql,warmup,2,1,1,2,0.278360,0.278360,237.114,0.041246,0.002664,0.004559,7168,0,4.059326171875000000,3.664001464843750000,,
2026-09-11T22:39:56Z,0904666B85B5AA41,18.4,queries/tpch/tpch-queries/q05/v1_materialized.sql,measured,1,1,1,2,0.328734,0.328734,235.549,0.093185,0.001989,0.005878,7168,0,4.239318847656250000,3.738159179687500000,,
2026-09-11T22:39:56Z,0904666B85B5AA41,18.4,queries/tpch/tpch-queries/q05/v1_materialized.sql,measured,1,2,1,2,0.554254,0.277127,462.931,0.091323,0.002719,0.004511,7168,0,7.482543945312500000,6.683227539062500000,,
2026-09-11T22:39:57Z,0904666B85B5AA41,18.4,queries/tpch/tpch-queries/q05/v1_materialized.sql,measured,1,4,1,2,1.026568,0.256642,912.103,0.114465,0.002753,0.005556,7168,0,13.399963378906250000,11.914428710937500000,,
2026-09-11T22:39:59Z,0904666B85B5AA41,18.4,queries/tpch/tpch-queries/q05/v1_materialized.sql,measured,1,8,1,2,1.919009,0.239876,1808.629,0.110380,0.004950,0.003016,7168,0,26.541748046875000000,23.794311523437500000,,
2026-09-11T22:40:03Z,0904666B85B5AA41,18.4,queries/tpch/tpch-queries/q05/v1_materialized.sql,measured,1,16,1,2,3.568780,0.223049,3502.068,0.066712,0.003856,0.003954,7168,0,53.626464843750000000,48.609863281250000000,,
2026-09-11T22:40:08Z,0A68289DDB39225C,18.4,queries/tpch/tpch-queries/q12/base.sql,warmup,1,1,1,2,1.261354,1.261354,1076.114,0.185240,0.003099,0.003843,7168,0,27.611206054687500000,24.597839355468750000,,
2026-09-11T22:40:08Z,0A68289DDB39225C,18.4,queries/tpch/tpch-queries/q12/base.sql,warmup,2,1,1,2,0.427665,0.427665,388.148,0.039517,0.004942,0.002045,7168,0,14.567382812500000000,13.928955078125000000,,
2026-09-11T22:40:09Z,0A68289DDB39225C,18.4,queries/tpch/tpch-queries/q12/base.sql,measured,1,1,1,2,0.428231,0.428231,388.712,0.039519,0.003101,0.003888,7168,0,14.592285156250000000,13.990722656250000000,,
2026-09-11T22:40:10Z,0A68289DDB39225C,18.4,queries/tpch/tpch-queries/q12/base.sql,measured,1,2,1,2,0.884578,0.442289,788.453,0.096125,0.003526,0.004459,7168,0,27.348449707031250000,25.974792480468750000,,
2026-09-11T22:40:11Z,0A68289DDB39225C,18.4,queries/tpch/tpch-queries/q12/base.sql,measured,1,4,1,2,1.641113,0.410278,1541.612,0.099501,0.002578,0.005064,7168,0,54.983764648437500000,52.616027832031250000,,
2026-09-11T22:40:14Z,0A68289DDB39225C,18.4,queries/tpch/tpch-queries/q12/base.sql,measured,1,8,1,2,3.188402,0.398550,3040.890,0.147512,0.000950,0.006651,7168,0,108.494995117187500000,103.825378417968750000,,
2026-09-11T22:40:21Z,0A68289DDB39225C,18.4,queries/tpch/tpch-queries/q12/base.sql,measured,1,16,1,2,6.443594,0.402725,6388.250,0.055344,0.000467,0.006567,7168,0,198.637634277343750000,189.528747558593750000,,
2026-09-11T22:40:30Z,E097029AD754547A,18.4,queries/tpch/tpch-queries/q18/v1_materialized.sql,warmup,1,1,1,2,5.398961,5.398961,5159.349,0.239612,0.002019,0.004804,7168,0,146.132080078125000000,134.914611816406250000,,
2026-09-11T22:40:35Z,E097029AD754547A,18.4,queries/tpch/tpch-queries/q18/v1_materialized.sql,warmup,2,1,1,2,4.591776,4.591776,4551.018,0.040758,0.003143,0.004041,7168,0,122.666442871093750000,115.990600585937500000,,
2026-09-11T22:40:39Z,E097029AD754547A,18.4,queries/tpch/tpch-queries/q18/v1_materialized.sql,measured,1,1,1,2,4.725023,4.725023,4632.497,0.092526,0.002075,0.005047,7168,0,118.892089843750000000,111.876647949218750000,,
2026-09-11T22:40:49Z,E097029AD754547A,18.4,queries/tpch/tpch-queries/q18/v1_materialized.sql,measured,1,2,1,2,9.448646,4.724323,9342.904,0.105742,0.004496,0.003479,7168,0,229.467956542968750000,215.838989257812500000,,
2026-09-11T22:41:08Z,E097029AD754547A,18.4,queries/tpch/tpch-queries/q18/v1_materialized.sql,measured,1,4,1,2,19.255752,4.813938,19158.723,0.097029,0.003261,0.004183,7168,0,435.159118652343750000,407.035156250000000000,,
2026-09-11T22:41:47Z,E097029AD754547A,18.4,queries/tpch/tpch-queries/q18/v1_materialized.sql,measured,1,8,1,2,38.831000,4.853875,38716.847,0.114153,0.001016,0.007032,7168,0,851.915100097656250000,795.762512207031250000,,
2026-09-11T22:43:05Z,E097029AD754547A,18.4,queries/tpch/tpch-queries/q18/v1_materialized.sql,measured,1,16,1,2,78.058016,4.878626,77930.872,0.127144,0.005546,0.003149,7168,0,1713.082946777343750000,1601.445922851562500000,,
2026-09-11T22:43:09Z,28A222C33D96DC30,18.4,queries/tpch/tpch-queries/q16/v2_not_exists.sql,warmup,1,1,1,2,0.620108,0.620108,390.559,0.229549,0.001024,0.005944,7168,0,8.265380859375000000,7.062988281250000000,,
2026-09-11T22:43:10Z,28A222C33D96DC30,18.4,queries/tpch/tpch-queries/q16/v2_not_exists.sql,warmup,2,1,1,2,0.269040,0.269040,207.794,0.061246,0.001981,0.006906,7168,0,6.122009277343750000,5.765380859375000000,,
2026-09-11T22:43:10Z,28A222C33D96DC30,18.4,queries/tpch/tpch-queries/q16/v2_not_exists.sql,measured,1,1,1,2,0.297882,0.297882,200.976,0.096906,0.002657,0.005323,7168,0,6.258239746093750000,5.817260742187500000,,
2026-09-11T22:43:11Z,28A222C33D96DC30,18.4,queries/tpch/tpch-queries/q16/v2_not_exists.sql,measured,1,2,1,2,0.505719,0.252860,407.960,0.097759,0.003838,0.003986,7168,0,11.918945312500000000,11.134643554687500000,,
2026-09-11T22:43:11Z,28A222C33D96DC30,18.4,queries/tpch/tpch-queries/q16/v2_not_exists.sql,measured,1,4,1,2,0.917372,0.229343,825.678,0.091694,0.000834,0.006173,7168,0,23.045410156250000000,21.741088867187500000,,
2026-09-11T22:43:13Z,28A222C33D96DC30,18.4,queries/tpch/tpch-queries/q16/v2_not_exists.sql,measured,1,8,1,2,1.767579,0.220947,1712.346,0.055233,0.002653,0.004834,7168,0,43.679748535156250000,41.459167480468750000,,
2026-09-11T22:43:17Z,28A222C33D96DC30,18.4,queries/tpch/tpch-queries/q16/v2_not_exists.sql,measured,1,16,1,2,3.629793,0.226862,3521.012,0.108781,0.003030,0.004940,7168,0,83.001098632812500000,78.075439453125000000,,
2026-09-11T22:43:21Z,E6549738568DD2D4,18.4,queries/tpch/tpch-queries/q15/v1_materialized.sql,warmup,1,1,1,2,1.096778,1.096778,912.605,0.184173,0.001790,0.005215,7168,0,21.552978515625000000,18.899353027343750000,,
2026-09-11T22:43:22Z,E6549738568DD2D4,18.4,queries/tpch/tpch-queries/q15/v1_materialized.sql,warmup,2,1,1,2,0.324812,0.324812,283.968,0.040844,0.002568,0.004510,7168,0,10.040222167968750000,9.541992187500000000,,
2026-09-11T22:43:22Z,E6549738568DD2D4,18.4,queries/tpch/tpch-queries/q15/v1_materialized.sql,measured,1,1,1,2,0.435601,0.435601,315.411,0.120190,0.002820,0.004854,7168,0,9.362426757812500000,8.631042480468750000,,
2026-09-11T22:43:23Z,E6549738568DD2D4,18.4,queries/tpch/tpch-queries/q15/v1_materialized.sql,measured,1,2,1,2,0.610454,0.305227,569.803,0.040651,0.002536,0.004674,7168,0,18.102722167968750000,17.083374023437500000,,
2026-09-11T22:43:24Z,E6549738568DD2D4,18.4,queries/tpch/tpch-queries/q15/v1_materialized.sql,measured,1,4,1,2,1.192559,0.298140,1150.152,0.042407,0.002982,0.004305,7168,0,34.170104980468750000,32.368652343750000000,,
2026-09-11T22:43:26Z,E6549738568DD2D4,18.4,queries/tpch/tpch-queries/q15/v1_materialized.sql,measured,1,8,1,2,2.433388,0.304173,2338.997,0.094391,0.002079,0.005071,7168,0,64.800231933593750000,61.040893554687500000,,
2026-09-11T22:43:31Z,E6549738568DD2D4,18.4,queries/tpch/tpch-queries/q15/v1_materialized.sql,measured,1,16,1,2,4.788155,0.299260,4683.394,0.104761,0.003768,0.003817,7040,0,125.818115234375000000,118.259094238281250000,,
2026-09-11T22:43:37Z,7280296156CF7E15,18.4,queries/tpch/tpch-queries/q19/v2_union_all.sql,warmup,1,1,1,2,1.828780,1.828780,1642.082,0.186698,0.004048,0.003865,7168,0,44.903076171875000000,40.777587890625000000,,
2026-09-11T22:43:38Z,7280296156CF7E15,18.4,queries/tpch/tpch-queries/q19/v2_union_all.sql,warmup,2,1,1,2,1.184821,1.184821,1130.932,0.053889,0.005130,0.003977,7168,0,34.033874511718750000,32.332275390625000000,,
2026-09-11T22:43:39Z,7280296156CF7E15,18.4,queries/tpch/tpch-queries/q19/v2_union_all.sql,measured,1,1,1,2,1.221460,1.221460,1172.737,0.048723,0.005267,0.002155,7168,0,32.646789550781250000,31.000244140625000000,,
2026-09-11T22:43:42Z,7280296156CF7E15,18.4,queries/tpch/tpch-queries/q19/v2_union_all.sql,measured,1,2,1,2,2.450105,1.225052,2350.639,0.099466,0.002850,0.004667,7168,0,62.851623535156250000,59.448059082031250000,,
2026-09-11T22:43:46Z,7280296156CF7E15,18.4,queries/tpch/tpch-queries/q19/v2_union_all.sql,measured,1,4,1,2,4.627952,1.156988,4573.012,0.054940,0.003962,0.003929,7168,0,128.330688476562500000,121.740844726562500000,,
2026-09-11T22:43:56Z,7280296156CF7E15,18.4,queries/tpch/tpch-queries/q19/v2_union_all.sql,measured,1,8,1,2,9.812968,1.226621,9705.347,0.107621,0.003983,0.003908,7168,0,231.267333984375000000,217.800964355468750000,,
2026-09-11T22:44:16Z,7280296156CF7E15,18.4,queries/tpch/tpch-queries/q19/v2_union_all.sql,measured,1,16,1,2,20.024595,1.251537,19901.664,0.122931,0.004065,0.004980,7168,0,438.649780273437500000,411.580749511718750000,,
2026-09-11T22:44:22Z,D0D966D0B39886FF,18.4,queries/tpch/tpch-queries/q09/v1_materialized.sql,warmup,1,1,1,2,1.987379,1.987379,1799.640,0.187739,0.002266,0.005346,7168,0,37.524963378906250000,33.126220703125000000,,
2026-09-11T22:44:23Z,D0D966D0B39886FF,18.4,queries/tpch/tpch-queries/q09/v1_materialized.sql,warmup,2,1,1,2,0.940036,0.940036,891.075,0.048961,0.006028,0.005196,7168,0,21.173767089843750000,19.803771972656250000,,
2026-09-11T22:44:24Z,D0D966D0B39886FF,18.4,queries/tpch/tpch-queries/q09/v1_materialized.sql,measured,1,1,1,2,0.991643,0.991643,896.864,0.094779,0.002886,0.004702,7168,0,21.313842773437500000,19.880798339843750000,,
2026-09-11T22:44:26Z,D0D966D0B39886FF,18.4,queries/tpch/tpch-queries/q09/v1_materialized.sql,measured,1,2,1,2,1.888599,0.944299,1780.568,0.108031,0.002756,0.006387,7168,0,42.027221679687500000,39.281188964843750000,,
2026-09-11T22:44:30Z,D0D966D0B39886FF,18.4,queries/tpch/tpch-queries/q09/v1_materialized.sql,measured,1,4,1,2,3.696734,0.924184,3586.151,0.110583,0.003017,0.004931,7168,0,83.152587890625000000,77.737548828125000000,,
2026-09-11T22:44:37Z,D0D966D0B39886FF,18.4,queries/tpch/tpch-queries/q09/v1_materialized.sql,measured,1,8,1,2,7.316124,0.914515,7213.869,0.102255,0.000000,0.007189,7168,0,162.061462402343750000,151.563354492187500000,,
2026-09-11T22:44:52Z,D0D966D0B39886FF,18.4,queries/tpch/tpch-queries/q09/v1_materialized.sql,measured,1,16,1,2,14.610071,0.913129,14546.472,0.063599,0.002720,0.004452,7168,0,316.817443847656250000,296.007568359375000000,,
2026-09-11T22:45:03Z,38A8E0FCCB028154,18.4,queries/tpch/tpch-queries/q07/v2_union_all.sql,warmup,1,1,1,2,7.027105,7.027105,6831.594,0.195511,0.000000,0.007515,7168,0,37.845703125000000000,22.704162597656250000,,
2026-09-11T22:45:03Z,38A8E0FCCB028154,18.4,queries/tpch/tpch-queries/q07/v2_union_all.sql,warmup,2,1,1,2,0.384667,0.384667,296.580,0.088087,0.003991,0.005151,7168,0,6.201721191406250000,5.599609375000000000,,
2026-09-11T22:45:03Z,38A8E0FCCB028154,18.4,queries/tpch/tpch-queries/q07/v2_union_all.sql,measured,1,1,1,2,0.332036,0.332036,290.335,0.041701,0.000000,0.007343,7168,0,5.765441894531250000,5.253906250000000000,,
2026-09-11T22:45:04Z,38A8E0FCCB028154,18.4,queries/tpch/tpch-queries/q07/v2_union_all.sql,measured,1,2,1,2,0.658405,0.329202,562.796,0.095609,0.004927,0.002873,7168,0,10.658203125000000000,9.695068359375000000,,
2026-09-11T22:45:05Z,38A8E0FCCB028154,18.4,queries/tpch/tpch-queries/q07/v2_union_all.sql,measured,1,4,1,2,1.221915,0.305479,1125.846,0.096069,0.003868,0.003886,7168,0,19.671508789062500000,17.922302246093750000,,
2026-09-11T22:45:07Z,38A8E0FCCB028154,18.4,queries/tpch/tpch-queries/q07/v2_union_all.sql,measured,1,8,1,2,2.311939,0.288992,2209.498,0.102441,0.004583,0.003265,7168,0,38.869750976562500000,35.517883300781250000,,
2026-09-11T22:45:12Z,38A8E0FCCB028154,18.4,queries/tpch/tpch-queries/q07/v2_union_all.sql,measured,1,16,1,2,4.486045,0.280378,4368.580,0.117465,0.001880,0.005661,7168,0,77.311950683593750000,70.872253417968750000,,
2026-09-11T22:45:17Z,5A8364C3B510F185,18.4,queries/tpch/tpch-queries/q19/v2_union_all.sql,warmup,1,1,1,2,1.677391,1.677391,1495.610,0.181781,0.004079,0.002776,7168,0,49.826171875000000000,45.975280761718750000,,
2026-09-11T22:45:19Z,5A8364C3B510F185,18.4,queries/tpch/tpch-queries/q19/v2_union_all.sql,warmup,2,1,1,2,1.097797,1.097797,1057.403,0.040394,0.005139,0.002177,7168,0,36.658569335937500000,35.045166015625000000,,
2026-09-11T22:45:20Z,5A8364C3B510F185,18.4,queries/tpch/tpch-queries/q19/v2_union_all.sql,measured,1,1,1,2,1.200413,1.200413,1102.408,0.098005,0.001965,0.005766,7168,0,36.102416992187500000,34.431518554687500000,,
2026-09-11T22:45:22Z,5A8364C3B510F185,18.4,queries/tpch/tpch-queries/q19/v2_union_all.sql,measured,1,2,1,2,2.348928,1.174464,2244.950,0.103978,0.005152,0.002841,7168,0,67.651062011718750000,64.394653320312500000,,
2026-09-11T22:45:27Z,5A8364C3B510F185,18.4,queries/tpch/tpch-queries/q19/v2_union_all.sql,measured,1,4,1,2,4.608626,1.152156,4504.436,0.104190,0.004133,0.004370,7168,0,130.587951660156250000,124.147460937500000000,,
2026-09-11T22:45:36Z,5A8364C3B510F185,18.4,queries/tpch/tpch-queries/q19/v2_union_all.sql,measured,1,8,1,2,9.421585,1.177698,9310.898,0.110687,0.001954,0.005761,7168,0,247.006652832031250000,234.015014648437500000,,
2026-09-11T22:45:56Z,5A8364C3B510F185,18.4,queries/tpch/tpch-queries/q19/v2_union_all.sql,measured,1,16,1,2,19.769755,1.235610,19651.686,0.118069,0.001827,0.006428,7168,0,451.480590820312500000,424.510009765625000000,,
2026-09-11T22:46:01Z,DB3F7505B3965C06,18.4,queries/tpch/tpch-queries/q14/v2_filter.sql,warmup,1,1,1,2,1.097237,1.097237,914.543,0.182694,0.001862,0.005359,7168,0,21.472961425781250000,18.807983398437500000,,
2026-09-11T22:46:01Z,DB3F7505B3965C06,18.4,queries/tpch/tpch-queries/q14/v2_filter.sql,warmup,2,1,1,2,0.301949,0.301949,259.699,0.042250,0.004406,0.003087,7168,0,9.218078613281250000,8.763244628906250000,,
2026-09-11T22:46:01Z,DB3F7505B3965C06,18.4,queries/tpch/tpch-queries/q14/v2_filter.sql,measured,1,1,1,2,0.408077,0.408077,304.922,0.103155,0.000858,0.006864,7168,0,8.198608398437500000,7.524780273437500000,,
2026-09-11T22:46:02Z,DB3F7505B3965C06,18.4,queries/tpch/tpch-queries/q14/v2_filter.sql,measured,1,2,1,2,0.564599,0.282299,524.380,0.040219,0.004085,0.002911,7168,0,16.191040039062500000,15.248107910156250000,,
2026-09-11T22:46:03Z,DB3F7505B3965C06,18.4,queries/tpch/tpch-queries/q14/v2_filter.sql,measured,1,4,1,2,1.083277,0.270819,1042.235,0.041042,0.000907,0.006227,7168,0,30.850708007812500000,29.156982421875000000,,
2026-09-11T22:46:05Z,DB3F7505B3965C06,18.4,queries/tpch/tpch-queries/q14/v2_filter.sql,measured,1,8,1,2,2.197207,0.274651,2103.460,0.093747,0.004093,0.003218,7168,0,58.337341308593750000,54.971191406250000000,,
2026-09-11T22:46:10Z,DB3F7505B3965C06,18.4,queries/tpch/tpch-queries/q14/v2_filter.sql,measured,1,16,1,2,4.301800,0.268862,4191.551,0.110249,0.002692,0.005600,7168,0,114.580139160156250000,107.923767089843750000,,
2026-09-11T22:46:22Z,4F97A3ABBB4BA33C,18.4,queries/tpch/tpch-queries/q05/base.sql,warmup,1,1,1,2,8.319394,8.319394,8128.599,0.190795,0.003473,0.003613,7168,0,35.283752441406250000,17.446960449218750000,,
2026-09-11T22:46:22Z,4F97A3ABBB4BA33C,18.4,queries/tpch/tpch-queries/q05/base.sql,warmup,2,1,1,2,0.281915,0.281915,240.498,0.041417,0.002788,0.004560,7168,0,4.172607421875000000,3.774169921875000000,,
2026-09-11T22:46:22Z,4F97A3ABBB4BA33C,18.4,queries/tpch/tpch-queries/q05/base.sql,measured,1,1,1,2,0.336617,0.336617,241.439,0.095178,0.002939,0.005082,7168,0,4.337768554687500000,3.814575195312500000,,
2026-09-11T22:46:23Z,4F97A3ABBB4BA33C,18.4,queries/tpch/tpch-queries/q05/base.sql,measured,1,2,1,2,0.572869,0.286435,473.600,0.099269,0.002564,0.006111,7168,0,7.385070800781250000,6.548889160156250000,,
2026-09-11T22:46:24Z,4F97A3ABBB4BA33C,18.4,queries/tpch/tpch-queries/q05/base.sql,measured,1,4,1,2,1.037526,0.259382,939.542,0.097984,0.004659,0.003771,7168,0,13.720092773437500000,12.188598632812500000,,
2026-09-11T22:46:26Z,4F97A3ABBB4BA33C,18.4,queries/tpch/tpch-queries/q05/base.sql,measured,1,8,1,2,1.970731,0.246341,1859.881,0.110850,0.004195,0.004151,7168,0,26.635681152343750000,23.826904296875000000,,
2026-09-11T22:46:30Z,4F97A3ABBB4BA33C,18.4,queries/tpch/tpch-queries/q05/base.sql,measured,1,16,1,2,3.629949,0.226872,3563.078,0.066871,0.004807,0.002908,7168,0,54.909118652343750000,49.630554199218750000,,
2026-09-11T22:46:34Z,19CEEE32BA3F7B47,18.4,queries/tpch/tpch-queries/q12/v1_materialized.sql,warmup,1,1,1,2,1.274821,1.274821,1091.625,0.183196,0.001482,0.005615,7168,0,28.322265625000000000,25.250244140625000000,,
2026-09-11T22:46:35Z,19CEEE32BA3F7B47,18.4,queries/tpch/tpch-queries/q12/v1_materialized.sql,warmup,2,1,1,2,0.428195,0.428195,388.254,0.039941,0.005473,0.001849,7168,0,14.937866210937500000,14.265441894531250000,,
2026-09-11T22:46:35Z,19CEEE32BA3F7B47,18.4,queries/tpch/tpch-queries/q12/v1_materialized.sql,measured,1,1,1,2,0.427242,0.427242,386.992,0.040250,0.001710,0.005533,7168,0,14.879516601562500000,14.218994140625000000,,
2026-09-11T22:46:36Z,19CEEE32BA3F7B47,18.4,queries/tpch/tpch-queries/q12/v1_materialized.sql,measured,1,2,1,2,0.810364,0.405182,769.503,0.040861,0.003877,0.003089,7168,0,28.601867675781250000,27.405944824218750000,,
2026-09-11T22:46:38Z,19CEEE32BA3F7B47,18.4,queries/tpch/tpch-queries/q12/v1_materialized.sql,measured,1,4,1,2,1.677155,0.419289,1578.391,0.098764,0.005807,0.001967,7168,0,53.594604492187500000,51.235412597656250000,,
2026-09-11T22:46:41Z,19CEEE32BA3F7B47,18.4,queries/tpch/tpch-queries/q12/v1_materialized.sql,measured,1,8,1,2,3.352229,0.419029,3209.079,0.143150,0.003284,0.004232,7168,0,102.926330566406250000,97.935607910156250000,,
2026-09-11T22:46:48Z,19CEEE32BA3F7B47,18.4,queries/tpch/tpch-queries/q12/v1_materialized.sql,measured,1,16,1,2,6.660055,0.416253,6604.834,0.055221,0.003690,0.003653,7168,0,191.399902343750000000,181.965209960937500000,,
2026-09-11T22:46:53Z,649F4A374DAD442C,18.4,queries/tpch/tpch-queries/q06/v1_materialized.sql,warmup,1,1,1,2,1.055283,1.055283,878.744,0.176539,0.002167,0.005089,7168,0,20.352294921875000000,17.801940917968750000,,
2026-09-11T22:46:53Z,649F4A374DAD442C,18.4,queries/tpch/tpch-queries/q06/v1_materialized.sql,warmup,2,1,1,2,0.301579,0.301579,258.285,0.043294,0.000434,0.007137,7168,0,7.937744140625000000,7.511474609375000000,,
2026-09-11T22:46:53Z,649F4A374DAD442C,18.4,queries/tpch/tpch-queries/q06/v1_materialized.sql,measured,1,1,1,2,0.368557,0.368557,271.408,0.097149,0.002297,0.005458,7168,0,7.867980957031250000,7.279418945312500000,,
2026-09-11T22:46:54Z,649F4A374DAD442C,18.4,queries/tpch/tpch-queries/q06/v1_materialized.sql,measured,1,2,1,2,0.624081,0.312040,526.760,0.097321,0.003788,0.003857,7168,0,14.548461914062500000,13.538146972656250000,,
2026-09-11T22:46:55Z,649F4A374DAD442C,18.4,queries/tpch/tpch-queries/q06/v1_materialized.sql,measured,1,4,1,2,1.081378,0.270345,982.613,0.098765,0.004381,0.003482,7168,0,29.682861328125000000,28.031005859375000000,,
2026-09-11T22:46:57Z,649F4A374DAD442C,18.4,queries/tpch/tpch-queries/q06/v1_materialized.sql,measured,1,8,1,2,2.075260,0.259407,1977.589,0.097671,0.000972,0.006700,7168,0,55.225585937500000000,52.107238769531250000,,
2026-09-11T22:47:01Z,649F4A374DAD442C,18.4,queries/tpch/tpch-queries/q06/v1_materialized.sql,measured,1,16,1,2,3.970692,0.248168,3868.840,0.101852,0.002152,0.005206,7168,0,111.636901855468750000,105.386352539062500000,,
2026-09-11T22:47:15Z,562211CC46E6FABD,18.4,queries/tpch/tpch-queries/q07/base.sql,warmup,1,1,1,2,9.917540,9.917540,9723.089,0.194451,0.004140,0.003349,7168,0,44.295349121093750000,23.052673339843750000,,
2026-09-11T22:47:15Z,562211CC46E6FABD,18.4,queries/tpch/tpch-queries/q07/base.sql,warmup,2,1,1,2,0.330128,0.330128,289.497,0.040631,0.004354,0.002671,7168,0,5.707214355468750000,5.233032226562500000,,
2026-09-11T22:47:15Z,562211CC46E6FABD,18.4,queries/tpch/tpch-queries/q07/base.sql,measured,1,1,1,2,0.377107,0.377107,287.727,0.089380,0.002661,0.004410,7168,0,6.084167480468750000,5.512573242187500000,,
2026-09-11T22:47:16Z,562211CC46E6FABD,18.4,queries/tpch/tpch-queries/q07/base.sql,measured,1,2,1,2,0.652619,0.326309,561.442,0.091177,0.002716,0.004610,7168,0,10.431335449218750000,9.468322753906250000,,
2026-09-11T22:47:17Z,562211CC46E6FABD,18.4,queries/tpch/tpch-queries/q07/base.sql,measured,1,4,1,2,1.198990,0.299747,1104.432,0.094558,0.004604,0.002805,7168,0,19.653381347656250000,17.870178222656250000,,
2026-09-11T22:47:20Z,562211CC46E6FABD,18.4,queries/tpch/tpch-queries/q07/base.sql,measured,1,8,1,2,2.203294,0.275412,2153.357,0.049937,0.002893,0.004191,7168,0,39.129211425781250000,35.986572265625000000,,
2026-09-11T22:47:24Z,562211CC46E6FABD,18.4,queries/tpch/tpch-queries/q07/base.sql,measured,1,16,1,2,4.349784,0.271861,4236.941,0.112843,0.003838,0.003876,7168,0,78.135925292968750000,71.885925292968750000,,
2026-09-11T22:47:29Z,2DB97EA26A1D4531,18.4,queries/tpch/tpch-queries/q12/v2_filter.sql,warmup,1,1,1,2,1.271089,1.271089,1088.310,0.182779,0.001826,0.005315,7168,0,28.412841796875000000,25.352233886718750000,,
2026-09-11T22:47:29Z,2DB97EA26A1D4531,18.4,queries/tpch/tpch-queries/q12/v2_filter.sql,warmup,2,1,1,2,0.458872,0.458872,387.072,0.071800,0.002158,0.005183,7168,0,15.115356445312500000,14.434204101562500000,,
2026-09-11T22:47:30Z,2DB97EA26A1D4531,18.4,queries/tpch/tpch-queries/q12/v2_filter.sql,measured,1,1,1,2,0.427884,0.427884,387.729,0.040155,0.003266,0.004188,7168,0,14.816040039062500000,14.202392578125000000,,
2026-09-11T22:47:31Z,2DB97EA26A1D4531,18.4,queries/tpch/tpch-queries/q12/v2_filter.sql,measured,1,2,1,2,0.911584,0.455792,808.801,0.102783,0.002909,0.004765,7168,0,27.537597656250000000,26.168640136718750000,,
2026-09-11T22:47:33Z,2DB97EA26A1D4531,18.4,queries/tpch/tpch-queries/q12/v2_filter.sql,measured,1,4,1,2,1.690918,0.422729,1593.051,0.097867,0.004727,0.002722,7168,0,53.733032226562500000,51.370727539062500000,,
2026-09-11T22:47:36Z,2DB97EA26A1D4531,18.4,queries/tpch/tpch-queries/q12/v2_filter.sql,measured,1,8,1,2,3.368356,0.421044,3217.371,0.150985,0.005380,0.002237,7168,0,103.310913085937500000,98.368103027343750000,,
2026-09-11T22:47:43Z,2DB97EA26A1D4531,18.4,queries/tpch/tpch-queries/q12/v2_filter.sql,measured,1,16,1,2,6.648328,0.415521,6594.539,0.053789,0.005934,0.001013,7168,0,192.532165527343750000,183.181579589843750000,,
2026-09-11T22:47:48Z,8780174E57CDB1C4,18.4,queries/tpch/tpch-queries/q13/base.sql,warmup,1,1,1,2,1.843729,1.843729,1612.327,0.231402,0.003522,0.003690,7168,0,13.225524902343750000,9.375854492187500000,,
2026-09-11T22:47:50Z,8780174E57CDB1C4,18.4,queries/tpch/tpch-queries/q13/base.sql,warmup,2,1,1,2,1.456602,1.456602,1409.867,0.046735,0.005611,0.004865,7168,0,10.213745117187500000,8.288818359375000000,,
2026-09-11T22:47:51Z,8780174E57CDB1C4,18.4,queries/tpch/tpch-queries/q13/base.sql,measured,1,1,1,2,1.509080,1.509080,1417.574,0.091506,0.002994,0.005314,7168,0,10.081481933593750000,8.206787109375000000,,
2026-09-11T22:47:54Z,8780174E57CDB1C4,18.4,queries/tpch/tpch-queries/q13/base.sql,measured,1,2,1,2,2.919222,1.459611,2777.939,0.141283,0.005092,0.004150,7168,0,20.747192382812500000,16.820007324218750000,,
2026-09-11T22:48:00Z,8780174E57CDB1C4,18.4,queries/tpch/tpch-queries/q13/base.sql,measured,1,4,1,2,5.527402,1.381851,5481.795,0.045607,0.004161,0.004094,7168,0,40.325622558593750000,33.397277832031250000,,
2026-09-11T22:48:10Z,8780174E57CDB1C4,18.4,queries/tpch/tpch-queries/q13/base.sql,measured,1,8,1,2,10.748499,1.343562,10699.517,0.048982,0.002799,0.004513,7168,0,81.348022460937500000,68.181518554687500000,,
2026-09-11T22:48:32Z,8780174E57CDB1C4,18.4,queries/tpch/tpch-queries/q13/base.sql,measured,1,16,1,2,21.262183,1.328886,21202.653,0.059530,0.003713,0.003643,7168,0,160.995483398437500000,135.442871093750000000,,
2026-09-11T22:48:37Z,53B53F3EEFE1A095,18.4,queries/tpch/tpch-queries/q13/base.sql,warmup,1,1,1,2,1.763147,1.763147,1581.785,0.181362,0.002081,0.004905,7168,0,12.800720214843750000,9.181945800781250000,,
2026-09-11T22:48:39Z,53B53F3EEFE1A095,18.4,queries/tpch/tpch-queries/q13/base.sql,warmup,2,1,1,2,1.436497,1.436497,1396.891,0.039606,0.005064,0.002137,7168,0,10.217102050781250000,8.384216308593750000,,
2026-09-11T22:48:40Z,53B53F3EEFE1A095,18.4,queries/tpch/tpch-queries/q13/base.sql,measured,1,1,1,2,1.471164,1.471164,1379.818,0.091346,0.002847,0.005977,7168,0,10.310729980468750000,8.510620117187500000,,
2026-09-11T22:48:43Z,53B53F3EEFE1A095,18.4,queries/tpch/tpch-queries/q13/base.sql,measured,1,2,1,2,2.837952,1.418976,2746.711,0.091241,0.003593,0.004496,7168,0,20.267089843750000000,16.645263671875000000,,
2026-09-11T22:48:48Z,53B53F3EEFE1A095,18.4,queries/tpch/tpch-queries/q13/base.sql,measured,1,4,1,2,5.341970,1.335493,5298.870,0.043100,0.002675,0.004392,7168,0,40.654663085937500000,34.131591796875000000,,
2026-09-11T22:48:59Z,53B53F3EEFE1A095,18.4,queries/tpch/tpch-queries/q13/base.sql,measured,1,8,1,2,10.715899,1.339487,10611.672,0.104227,0.001875,0.006904,7168,0,81.076171875000000000,68.026184082031250000,,
2026-09-11T22:49:20Z,53B53F3EEFE1A095,18.4,queries/tpch/tpch-queries/q13/base.sql,measured,1,16,1,2,21.263177,1.328949,21152.234,0.110943,0.002401,0.005360,7168,0,159.792236328125000000,133.927490234375000000,,
2026-09-11T22:49:26Z,AE1E86DE1F3DB5D3,18.4,queries/tpch/tpch-queries/q01/base.sql,warmup,1,1,1,2,2.015876,2.015876,1833.269,0.182607,0.002036,0.004814,7168,0,64.386474609375000000,59.953613281250000000,,
2026-09-11T22:49:27Z,AE1E86DE1F3DB5D3,18.4,queries/tpch/tpch-queries/q01/base.sql,warmup,2,1,1,2,1.357115,1.357115,1317.098,0.040017,0.001167,0.006642,7168,0,52.162658691406250000,50.463989257812500000,,
2026-09-11T22:49:28Z,AE1E86DE1F3DB5D3,18.4,queries/tpch/tpch-queries/q01/base.sql,measured,1,1,1,2,1.475034,1.475034,1377.460,0.097574,0.003724,0.003839,7168,0,50.563537597656250000,48.726379394531250000,,
2026-09-11T22:49:31Z,AE1E86DE1F3DB5D3,18.4,queries/tpch/tpch-queries/q01/base.sql,measured,1,2,1,2,2.904095,1.452048,2800.530,0.103565,0.002730,0.005428,7168,0,97.912414550781250000,93.863037109375000000,,
2026-09-11T22:49:37Z,AE1E86DE1F3DB5D3,18.4,queries/tpch/tpch-queries/q01/base.sql,measured,1,4,1,2,5.886806,1.471701,5845.552,0.041254,0.002596,0.004511,7168,0,179.297851562500000000,171.857849121093750000,,
2026-09-11T22:49:50Z,AE1E86DE1F3DB5D3,18.4,queries/tpch/tpch-queries/q01/base.sql,measured,1,8,1,2,12.434942,1.554368,12325.572,0.109370,0.000984,0.006807,7168,0,334.467529296875000000,318.614257812500000000,,
2026-09-11T22:50:16Z,AE1E86DE1F3DB5D3,18.4,queries/tpch/tpch-queries/q01/base.sql,measured,1,16,1,2,26.378233,1.648640,26215.704,0.162529,0.001778,0.006446,7168,0,613.165039062500000000,579.213073730468750000,,
2026-09-11T22:50:21Z,6EF6743495EA60B6,18.4,queries/tpch/tpch-queries/q14/v1_materialized.sql,warmup,1,1,1,2,1.096258,1.096258,912.988,0.183270,0.003579,0.003742,7168,0,21.483947753906250000,18.802429199218750000,,
2026-09-11T22:50:21Z,6EF6743495EA60B6,18.4,queries/tpch/tpch-queries/q14/v1_materialized.sql,warmup,2,1,1,2,0.306144,0.306144,262.252,0.043892,0.002791,0.005041,7168,0,8.708801269531250000,8.249816894531250000,,
2026-09-11T22:50:22Z,6EF6743495EA60B6,18.4,queries/tpch/tpch-queries/q14/v1_materialized.sql,measured,1,1,1,2,0.404175,0.404175,304.477,0.099698,0.002855,0.004954,7168,0,7.930969238281250000,7.256347656250000000,,
2026-09-11T22:50:22Z,6EF6743495EA60B6,18.4,queries/tpch/tpch-queries/q14/v1_materialized.sql,measured,1,2,1,2,0.710346,0.355173,562.182,0.148164,0.001914,0.005694,7168,0,15.379638671875000000,14.190795898437500000,,
2026-09-11T22:50:24Z,6EF6743495EA60B6,18.4,queries/tpch/tpch-queries/q14/v1_materialized.sql,measured,1,4,1,2,1.112976,0.278244,1057.717,0.055259,0.003544,0.004465,7168,0,30.978515625000000000,29.315673828125000000,,
2026-09-11T22:50:26Z,6EF6743495EA60B6,18.4,queries/tpch/tpch-queries/q14/v1_materialized.sql,measured,1,8,1,2,2.132002,0.266500,2037.568,0.094434,0.003580,0.003581,7168,0,60.182250976562500000,56.883056640625000000,,
2026-09-11T22:50:30Z,6EF6743495EA60B6,18.4,queries/tpch/tpch-queries/q14/v1_materialized.sql,measured,1,16,1,2,4.376830,0.273552,4269.089,0.107741,0.001762,0.005932,7168,0,109.177673339843750000,102.408447265625000000,,
2026-09-11T22:50:35Z,D8CCE742ADA6B459,18.4,queries/tpch/tpch-queries/q06/base.sql,warmup,1,1,1,2,1.059196,1.059196,881.019,0.178177,0.001229,0.005674,7168,0,20.527221679687500000,17.968139648437500000,,
2026-09-11T22:50:35Z,D8CCE742ADA6B459,18.4,queries/tpch/tpch-queries/q06/base.sql,warmup,2,1,1,2,0.295146,0.295146,252.837,0.042309,0.001952,0.005719,7168,0,8.375305175781250000,7.942077636718750000,,
2026-09-11T22:50:36Z,D8CCE742ADA6B459,18.4,queries/tpch/tpch-queries/q06/base.sql,measured,1,1,1,2,0.393833,0.393833,294.576,0.099257,0.003058,0.004805,7168,0,7.374389648437500000,6.765869140625000000,,
2026-09-11T22:50:36Z,D8CCE742ADA6B459,18.4,queries/tpch/tpch-queries/q06/base.sql,measured,1,2,1,2,0.635225,0.317613,532.514,0.102711,0.002778,0.005465,7168,0,15.142517089843750000,14.164184570312500000,,
2026-09-11T22:50:37Z,D8CCE742ADA6B459,18.4,queries/tpch/tpch-queries/q06/base.sql,measured,1,4,1,2,1.113328,0.278332,1007.881,0.105447,0.002921,0.005141,7168,0,29.430053710937500000,27.774902343750000000,,
2026-09-11T22:50:39Z,D8CCE742ADA6B459,18.4,queries/tpch/tpch-queries/q06/base.sql,measured,1,8,1,2,2.071505,0.258938,1974.162,0.097343,0.003843,0.003717,7168,0,56.011596679687500000,52.894653320312500000,,
2026-09-11T22:50:44Z,D8CCE742ADA6B459,18.4,queries/tpch/tpch-queries/q06/base.sql,measured,1,16,1,2,4.114733,0.257171,4013.577,0.101156,0.000000,0.007264,7168,0,107.853881835937500000,101.592834472656250000,,
2026-09-11T22:50:48Z,6DAC141DC7E41E71,18.4,queries/tpch/tpch-queries/q16/base.sql,warmup,1,1,1,2,0.610439,0.610439,377.694,0.232745,0.002485,0.004531,7168,0,8.790100097656250000,7.615966796875000000,,
2026-09-11T22:50:48Z,6DAC141DC7E41E71,18.4,queries/tpch/tpch-queries/q16/base.sql,warmup,2,1,1,2,0.273305,0.273305,218.332,0.054973,0.004148,0.005146,7168,0,6.537963867187500000,6.176574707031250000,,
2026-09-11T22:50:48Z,6DAC141DC7E41E71,18.4,queries/tpch/tpch-queries/q16/base.sql,measured,1,1,1,2,0.316713,0.316713,218.534,0.098179,0.003565,0.004460,7168,0,6.699340820312500000,6.231384277343750000,,
2026-09-11T22:50:49Z,6DAC141DC7E41E71,18.4,queries/tpch/tpch-queries/q16/base.sql,measured,1,2,1,2,0.537399,0.268699,442.177,0.095222,0.003965,0.003840,7168,0,12.602722167968750000,11.848632812500000000,,
2026-09-11T22:50:50Z,6DAC141DC7E41E71,18.4,queries/tpch/tpch-queries/q16/base.sql,measured,1,4,1,2,1.018700,0.254675,922.065,0.096635,0.003434,0.004433,7168,0,24.472290039062500000,22.962158203125000000,,
2026-09-11T22:50:52Z,6DAC141DC7E41E71,18.4,queries/tpch/tpch-queries/q16/base.sql,measured,1,8,1,2,1.953533,0.244192,1801.983,0.151550,0.003862,0.003838,7168,0,47.267333984375000000,44.709472656250000000,,
2026-09-11T22:50:56Z,6DAC141DC7E41E71,18.4,queries/tpch/tpch-queries/q16/base.sql,measured,1,16,1,2,3.711564,0.231973,3652.457,0.059107,0.004817,0.002642,7168,0,91.820434570312500000,86.833557128906250000,,
2026-09-11T22:51:01Z,DD47EC73B5DE1244,18.4,queries/tpch/tpch-queries/q13/v1_materialized.sql,warmup,1,1,1,2,1.787694,1.787694,1606.118,0.181576,0.005307,0.001514,7168,0,13.170837402343750000,9.380798339843750000,,
2026-09-11T22:51:02Z,DD47EC73B5DE1244,18.4,queries/tpch/tpch-queries/q13/v1_materialized.sql,warmup,2,1,1,2,1.510214,1.510214,1421.718,0.088496,0.002544,0.004700,7168,0,10.325988769531250000,8.378051757812500000,,
2026-09-11T22:51:04Z,DD47EC73B5DE1244,18.4,queries/tpch/tpch-queries/q13/v1_materialized.sql,measured,1,1,1,2,1.444765,1.444765,1401.151,0.043614,0.004191,0.004295,7168,0,10.023742675781250000,8.271728515625000000,,
2026-09-11T22:51:07Z,DD47EC73B5DE1244,18.4,queries/tpch/tpch-queries/q13/v1_materialized.sql,measured,1,2,1,2,2.868377,1.434188,2776.728,0.091649,0.004271,0.004060,7168,0,20.155090332031250000,16.402893066406250000,,
2026-09-11T22:51:12Z,DD47EC73B5DE1244,18.4,queries/tpch/tpch-queries/q13/v1_materialized.sql,measured,1,4,1,2,5.474775,1.368694,5380.684,0.094091,0.003070,0.004909,7168,0,40.579162597656250000,33.708557128906250000,,
2026-09-11T22:51:23Z,DD47EC73B5DE1244,18.4,queries/tpch/tpch-queries/q13/v1_materialized.sql,measured,1,8,1,2,10.764550,1.345569,10714.148,0.050402,0.004360,0.003037,7168,0,80.372802734375000000,67.062744140625000000,,
2026-09-11T22:51:45Z,DD47EC73B5DE1244,18.4,queries/tpch/tpch-queries/q13/v1_materialized.sql,measured,1,16,1,2,21.649493,1.353093,21487.964,0.161529,0.005569,0.002519,7168,0,159.295166015625000000,132.836914062500000000,,
2026-09-11T22:51:55Z,159A2E2DE2DE8432,18.4,queries/tpch/tpch-queries/q07/v2_union_all.sql,warmup,1,1,1,2,7.106392,7.106392,6911.549,0.194843,0.000000,0.007210,7168,0,34.622436523437500000,19.546264648437500000,,
2026-09-11T22:51:55Z,159A2E2DE2DE8432,18.4,queries/tpch/tpch-queries/q07/v2_union_all.sql,warmup,2,1,1,2,0.328579,0.328579,285.571,0.043008,0.003910,0.004706,7168,0,5.959594726562500000,5.395812988281250000,,
2026-09-11T22:51:56Z,159A2E2DE2DE8432,18.4,queries/tpch/tpch-queries/q07/v2_union_all.sql,measured,1,1,1,2,0.370914,0.370914,280.615,0.090299,0.002752,0.004544,7168,0,6.307189941406250000,5.736694335937500000,,
2026-09-11T22:51:56Z,159A2E2DE2DE8432,18.4,queries/tpch/tpch-queries/q07/v2_union_all.sql,measured,1,2,1,2,0.590624,0.295312,545.669,0.044955,0.002964,0.004160,7168,0,10.408447265625000000,9.586975097656250000,,
2026-09-11T22:51:58Z,159A2E2DE2DE8432,18.4,queries/tpch/tpch-queries/q07/v2_union_all.sql,measured,1,4,1,2,1.181926,0.295482,1085.410,0.096516,0.002801,0.004604,7168,0,19.892211914062500000,18.209228515625000000,,
2026-09-11T22:52:00Z,159A2E2DE2DE8432,18.4,queries/tpch/tpch-queries/q07/v2_union_all.sql,measured,1,8,1,2,2.246221,0.280778,2144.288,0.101933,0.001825,0.005522,7168,0,38.991699218750000000,35.788574218750000000,,
2026-09-11T22:52:04Z,159A2E2DE2DE8432,18.4,queries/tpch/tpch-queries/q07/v2_union_all.sql,measured,1,16,1,2,4.378460,0.273654,4258.792,0.119668,0.001561,0.005855,7168,0,77.464965820312500000,71.169677734375000000,,
2026-09-11T22:52:09Z,0CC072197E681E66,18.4,queries/tpch/tpch-queries/q16/v2_not_exists.sql,warmup,1,1,1,2,0.608150,0.608150,378.767,0.229383,0.001825,0.005386,7168,0,8.071899414062500000,6.924011230468750000,,
2026-09-11T22:52:09Z,0CC072197E681E66,18.4,queries/tpch/tpch-queries/q16/v2_not_exists.sql,warmup,2,1,1,2,0.259686,0.259686,203.777,0.055909,0.001081,0.008740,7168,0,5.834533691406250000,5.509277343750000000,,
2026-09-11T22:52:09Z,0CC072197E681E66,18.4,queries/tpch/tpch-queries/q16/v2_not_exists.sql,measured,1,1,1,2,0.309604,0.309604,203.835,0.105769,0.007064,0.001033,7168,0,6.039367675781250000,5.588256835937500000,,
2026-09-11T22:52:10Z,0CC072197E681E66,18.4,queries/tpch/tpch-queries/q16/v2_not_exists.sql,measured,1,2,1,2,0.510542,0.255271,413.371,0.097171,0.003539,0.004455,7168,0,11.610778808593750000,10.915039062500000000,,
2026-09-11T22:52:11Z,0CC072197E681E66,18.4,queries/tpch/tpch-queries/q16/v2_not_exists.sql,measured,1,4,1,2,0.898959,0.224740,802.696,0.096263,0.005263,0.002210,7168,0,22.609130859375000000,21.360168457031250000,,
2026-09-11T22:52:12Z,0CC072197E681E66,18.4,queries/tpch/tpch-queries/q16/v2_not_exists.sql,measured,1,8,1,2,1.706831,0.213354,1605.127,0.101704,0.001115,0.006492,7168,0,44.715759277343750000,42.548706054687500000,,
2026-09-11T22:52:16Z,0CC072197E681E66,18.4,queries/tpch/tpch-queries/q16/v2_not_exists.sql,measured,1,16,1,2,3.331010,0.208188,3222.846,0.108164,0.000464,0.007439,7168,0,89.634033203125000000,85.116943359375000000,,
2026-09-11T22:52:21Z,3A038378DECFE714,18.4,queries/tpch/tpch-queries/q04/v2_in.sql,warmup,1,1,1,2,1.655743,1.655743,1474.730,0.181013,0.001626,0.005264,7168,0,15.365478515625000000,11.657348632812500000,,
2026-09-11T22:52:21Z,3A038378DECFE714,18.4,queries/tpch/tpch-queries/q04/v2_in.sql,warmup,2,1,1,2,0.129630,0.129630,90.332,0.039298,0.002568,0.004424,7168,0,3.670104980468750000,3.460388183593750000,,
2026-09-11T22:52:21Z,3A038378DECFE714,18.4,queries/tpch/tpch-queries/q04/v2_in.sql,measured,1,1,1,2,0.182718,0.182718,91.613,0.091105,0.001992,0.005823,7168,0,3.869079589843750000,3.548767089843750000,,
2026-09-11T22:52:21Z,3A038378DECFE714,18.4,queries/tpch/tpch-queries/q04/v2_in.sql,measured,1,2,1,2,0.304005,0.152002,194.333,0.109672,0.004807,0.003753,7168,0,6.091979980468750000,5.580810546875000000,,
2026-09-11T22:52:22Z,3A038378DECFE714,18.4,queries/tpch/tpch-queries/q04/v2_in.sql,measured,1,4,1,2,0.461671,0.115418,361.642,0.100029,0.004817,0.002968,7168,0,12.017944335937500000,11.213623046875000000,,
2026-09-11T22:52:23Z,3A038378DECFE714,18.4,queries/tpch/tpch-queries/q04/v2_in.sql,measured,1,8,1,2,0.718302,0.089788,674.356,0.043946,0.003896,0.003133,7168,0,24.668945312500000000,23.576293945312500000,,
2026-09-11T22:52:24Z,3A038378DECFE714,18.4,queries/tpch/tpch-queries/q04/v2_in.sql,measured,1,16,1,2,1.464466,0.091529,1361.938,0.102528,0.000953,0.006581,7168,0,48.264526367187500000,46.053894042968750000,,
2026-09-11T22:52:30Z,9E01256E802487F4,18.4,queries/tpch/tpch-queries/q04/base.sql,warmup,1,1,1,2,1.711502,1.711502,1525.443,0.186059,0.000918,0.006296,7168,0,16.750915527343750000,12.910400390625000000,,
2026-09-11T22:52:30Z,9E01256E802487F4,18.4,queries/tpch/tpch-queries/q04/base.sql,warmup,2,1,1,2,0.137786,0.137786,90.724,0.047062,0.004024,0.004993,7168,0,3.588073730468750000,3.373596191406250000,,
2026-09-11T22:52:30Z,9E01256E802487F4,18.4,queries/tpch/tpch-queries/q04/base.sql,measured,1,1,1,2,0.181710,0.181710,90.577,0.091133,0.001934,0.005737,7168,0,3.886047363281250000,3.567871093750000000,,
2026-09-11T22:52:30Z,9E01256E802487F4,18.4,queries/tpch/tpch-queries/q04/base.sql,measured,1,2,1,2,0.314841,0.157421,202.072,0.112769,0.001961,0.006753,7168,0,5.996948242187500000,5.492065429687500000,,
2026-09-11T22:52:31Z,9E01256E802487F4,18.4,queries/tpch/tpch-queries/q04/base.sql,measured,1,4,1,2,0.458812,0.114703,360.697,0.098115,0.000958,0.006649,7168,0,12.134521484375000000,11.341125488281250000,,
2026-09-11T22:52:32Z,9E01256E802487F4,18.4,queries/tpch/tpch-queries/q04/base.sql,measured,1,8,1,2,0.797047,0.099631,695.826,0.101221,0.003370,0.004222,7168,0,23.960693359375000000,22.746459960937500000,,
2026-09-11T22:52:33Z,9E01256E802487F4,18.4,queries/tpch/tpch-queries/q04/base.sql,measured,1,16,1,2,1.455239,0.090952,1352.054,0.103185,0.001100,0.006417,7168,0,48.243103027343750000,46.038269042968750000,,
2026-09-11T22:52:39Z,EB2B1B52038F4413,18.4,queries/tpch/tpch-queries/q13/v1_materialized.sql,warmup,1,1,1,2,1.836322,1.836322,1603.177,0.233145,0.001839,0.005364,7168,0,12.768066406250000000,8.962585449218750000,,
2026-09-11T22:52:40Z,EB2B1B52038F4413,18.4,queries/tpch/tpch-queries/q13/v1_materialized.sql,warmup,2,1,1,2,1.516909,1.516909,1421.601,0.095308,0.003928,0.004681,7168,0,10.027099609375000000,8.053527832031250000,,
2026-09-11T22:52:42Z,EB2B1B52038F4413,18.4,queries/tpch/tpch-queries/q13/v1_materialized.sql,measured,1,1,1,2,1.441417,1.441417,1400.434,0.040983,0.002826,0.005672,7168,0,9.961242675781250000,8.198303222656250000,,
2026-09-11T22:52:44Z,EB2B1B52038F4413,18.4,queries/tpch/tpch-queries/q13/v1_materialized.sql,measured,1,2,1,2,2.822959,1.411479,2731.409,0.091550,0.000000,0.008134,7168,0,20.039733886718750000,16.373229980468750000,,
2026-09-11T22:52:50Z,EB2B1B52038F4413,18.4,queries/tpch/tpch-queries/q13/v1_materialized.sql,measured,1,4,1,2,5.443344,1.360836,5399.809,0.043535,0.003556,0.003678,7168,0,39.909362792968750000,33.141906738281250000,,
2026-09-11T22:53:01Z,EB2B1B52038F4413,18.4,queries/tpch/tpch-queries/q13/v1_materialized.sql,measured,1,8,1,2,10.706362,1.338295,10601.178,0.105184,0.003161,0.005081,7168,0,79.866149902343750000,66.572021484375000000,,
2026-09-11T22:53:22Z,EB2B1B52038F4413,18.4,queries/tpch/tpch-queries/q13/v1_materialized.sql,measured,1,16,1,2,21.417779,1.338611,21302.030,0.115749,0.001101,0.008587,7168,0,154.395507812500000000,128.559570312500000000,,
2026-09-11T22:53:27Z,10C437A94BEA2B91,18.4,queries/tpch/tpch-queries/q12/v1_materialized.sql,warmup,1,1,1,2,1.273701,1.273701,1089.650,0.184051,0.002683,0.004365,7168,0,27.605224609375000000,24.563293457031250000,,
2026-09-11T22:53:27Z,10C437A94BEA2B91,18.4,queries/tpch/tpch-queries/q12/v1_materialized.sql,warmup,2,1,1,2,0.427816,0.427816,386.529,0.041287,0.003608,0.003665,7168,0,14.153015136718750000,13.562805175781250000,,
2026-09-11T22:53:28Z,10C437A94BEA2B91,18.4,queries/tpch/tpch-queries/q12/v1_materialized.sql,measured,1,1,1,2,0.545941,0.545941,442.767,0.103174,0.005129,0.003192,7168,0,13.438842773437500000,12.585693359375000000,,
2026-09-11T22:53:29Z,10C437A94BEA2B91,18.4,queries/tpch/tpch-queries/q12/v1_materialized.sql,measured,1,2,1,2,0.930000,0.465000,827.463,0.102537,0.003508,0.004403,7168,0,27.036071777343750000,25.736328125000000000,,
2026-09-11T22:53:30Z,10C437A94BEA2B91,18.4,queries/tpch/tpch-queries/q12/v1_materialized.sql,measured,1,4,1,2,1.636859,0.409215,1540.376,0.096483,0.002758,0.004489,7168,0,54.984497070312500000,52.657836914062500000,,
2026-09-11T22:53:33Z,10C437A94BEA2B91,18.4,queries/tpch/tpch-queries/q12/v1_materialized.sql,measured,1,8,1,2,3.159748,0.394968,3048.927,0.110821,0.003925,0.004086,7168,0,109.897338867187500000,105.261413574218750000,,
2026-09-11T22:53:40Z,10C437A94BEA2B91,18.4,queries/tpch/tpch-queries/q12/v1_materialized.sql,measured,1,16,1,2,6.376858,0.398554,6272.760,0.104098,0.001795,0.005390,7168,0,204.118041992187500000,194.903503417968750000,,
2026-09-11T22:53:45Z,1951FC2D04E243F2,18.4,queries/tpch/tpch-queries/q12/v2_filter.sql,warmup,1,1,1,2,1.303657,1.303657,1121.436,0.182221,0.004400,0.002747,7168,0,28.376098632812500000,25.236022949218750000,,
2026-09-11T22:53:45Z,1951FC2D04E243F2,18.4,queries/tpch/tpch-queries/q12/v2_filter.sql,warmup,2,1,1,2,0.441873,0.441873,402.372,0.039501,0.002593,0.004589,7168,0,14.311706542968750000,13.598693847656250000,,
2026-09-11T22:53:46Z,1951FC2D04E243F2,18.4,queries/tpch/tpch-queries/q12/v2_filter.sql,measured,1,1,1,2,0.454510,0.454510,414.788,0.039722,0.003480,0.003640,7168,0,14.081848144531250000,13.409118652343750000,,
2026-09-11T22:53:47Z,1951FC2D04E243F2,18.4,queries/tpch/tpch-queries/q12/v2_filter.sql,measured,1,2,1,2,0.846259,0.423129,806.275,0.039984,0.002548,0.004382,7168,0,26.721679687500000000,25.493041992187500000,,
2026-09-11T22:53:48Z,1951FC2D04E243F2,18.4,queries/tpch/tpch-queries/q12/v2_filter.sql,measured,1,4,1,2,1.659654,0.414913,1616.217,0.043437,0.002105,0.004980,7168,0,51.182800292968750000,48.877685546875000000,,
2026-09-11T22:53:52Z,1951FC2D04E243F2,18.4,queries/tpch/tpch-queries/q12/v2_filter.sql,measured,1,8,1,2,3.362784,0.420348,3316.614,0.046170,0.002693,0.004408,7168,0,98.181335449218750000,93.126037597656250000,,
2026-09-11T22:53:59Z,1951FC2D04E243F2,18.4,queries/tpch/tpch-queries/q12/v2_filter.sql,measured,1,16,1,2,7.002928,0.437683,6865.956,0.136972,0.006452,0.001101,7168,0,184.706481933593750000,174.792175292968750000,,
2026-09-11T22:54:05Z,07AA5025851CC2FD,18.4,queries/tpch/tpch-queries/q10/v1_materialized.sql,warmup,1,1,1,2,2.059963,2.059963,1870.482,0.189481,0.002761,0.004455,7168,0,25.037780761718750000,20.439636230468750000,,
2026-09-11T22:54:05Z,07AA5025851CC2FD,18.4,queries/tpch/tpch-queries/q10/v1_materialized.sql,warmup,2,1,1,2,0.303926,0.303926,263.263,0.040663,0.001519,0.005760,7168,0,8.446228027343750000,7.992309570312500000,,
2026-09-11T22:54:05Z,07AA5025851CC2FD,18.4,queries/tpch/tpch-queries/q10/v1_materialized.sql,measured,1,1,1,2,0.377010,0.377010,275.133,0.101877,0.002907,0.004747,7168,0,8.470703125000000000,7.836120605468750000,,
2026-09-11T22:54:06Z,07AA5025851CC2FD,18.4,queries/tpch/tpch-queries/q10/v1_materialized.sql,measured,1,2,1,2,0.605192,0.302596,511.808,0.093384,0.003943,0.003066,7168,0,16.192626953125000000,15.265014648437500000,,
2026-09-11T22:54:07Z,07AA5025851CC2FD,18.4,queries/tpch/tpch-queries/q10/v1_materialized.sql,measured,1,4,1,2,1.100614,0.275154,1047.839,0.052775,0.001895,0.005634,7168,0,29.340393066406250000,27.777465820312500000,,
2026-09-11T22:54:09Z,07AA5025851CC2FD,18.4,queries/tpch/tpch-queries/q10/v1_materialized.sql,measured,1,8,1,2,2.185668,0.273208,2080.070,0.105598,0.003173,0.004046,7168,0,58.037841796875000000,54.835693359375000000,,
2026-09-11T22:54:13Z,07AA5025851CC2FD,18.4,queries/tpch/tpch-queries/q10/v1_materialized.sql,measured,1,16,1,2,4.257205,0.266075,4142.973,0.114232,0.002496,0.004633,7168,0,113.574035644531250000,107.276123046875000000,,
2026-09-11T22:54:19Z,4044DDAD822E32B2,18.4,queries/tpch/tpch-queries/q04/v1_materialized.sql,warmup,1,1,1,2,1.671447,1.671447,1489.882,0.181565,0.002732,0.004903,7168,0,15.220642089843750000,11.453125000000000000,,
2026-09-11T22:54:19Z,4044DDAD822E32B2,18.4,queries/tpch/tpch-queries/q04/v1_materialized.sql,warmup,2,1,1,2,0.145580,0.145580,92.507,0.053073,0.005023,0.006190,7168,0,3.641784667968750000,3.438842773437500000,,
2026-09-11T22:54:19Z,4044DDAD822E32B2,18.4,queries/tpch/tpch-queries/q04/v1_materialized.sql,measured,1,1,1,2,0.188816,0.188816,92.089,0.096727,0.004016,0.003870,7168,0,3.923461914062500000,3.595397949218750000,,
2026-09-11T22:54:19Z,4044DDAD822E32B2,18.4,queries/tpch/tpch-queries/q04/v1_materialized.sql,measured,1,2,1,2,0.218682,0.109341,178.195,0.040487,0.002705,0.004418,7168,0,6.956054687500000000,6.618774414062500000,,
2026-09-11T22:54:20Z,4044DDAD822E32B2,18.4,queries/tpch/tpch-queries/q04/v1_materialized.sql,measured,1,4,1,2,0.469180,0.117295,368.034,0.101146,0.003996,0.003816,7168,0,12.267944335937500000,11.483459472656250000,,
2026-09-11T22:54:21Z,4044DDAD822E32B2,18.4,queries/tpch/tpch-queries/q04/v1_materialized.sql,measured,1,8,1,2,0.807785,0.100973,708.787,0.098998,0.002193,0.005254,7168,0,23.876892089843750000,22.632995605468750000,,
2026-09-11T22:54:22Z,4044DDAD822E32B2,18.4,queries/tpch/tpch-queries/q04/v1_materialized.sql,measured,1,16,1,2,1.508631,0.094289,1410.327,0.098304,0.002794,0.004592,7168,0,46.065795898437500000,43.735778808593750000,,
2026-09-11T22:54:26Z,AC31183CDD3DF2B0,18.4,queries/tpch/tpch-queries/q22/v1_materialized.sql,warmup,1,1,1,2,0.305110,0.305110,119.396,0.185714,0.002659,0.004280,7168,0,2.975463867187500000,2.368713378906250000,,
2026-09-11T22:54:26Z,AC31183CDD3DF2B0,18.4,queries/tpch/tpch-queries/q22/v1_materialized.sql,warmup,2,1,1,2,0.107896,0.107896,51.655,0.056241,0.001962,0.006871,7168,0,1.860534667968750000,1.701965332031250000,,
2026-09-11T22:54:27Z,AC31183CDD3DF2B0,18.4,queries/tpch/tpch-queries/q22/v1_materialized.sql,measured,1,1,1,2,0.099686,0.099686,59.610,0.040076,0.001843,0.005415,7168,0,2.086486816406250000,1.937377929687500000,,
2026-09-11T22:54:27Z,AC31183CDD3DF2B0,18.4,queries/tpch/tpch-queries/q22/v1_materialized.sql,measured,1,2,1,2,0.150819,0.075410,110.355,0.040464,0.003634,0.003501,7168,0,3.586730957031250000,3.371765136718750000,,
2026-09-11T22:54:27Z,AC31183CDD3DF2B0,18.4,queries/tpch/tpch-queries/q22/v1_materialized.sql,measured,1,4,1,2,0.313819,0.078455,210.452,0.103367,0.003158,0.005827,7168,0,6.620178222656250000,6.149353027343750000,,
2026-09-11T22:54:28Z,AC31183CDD3DF2B0,18.4,queries/tpch/tpch-queries/q22/v1_materialized.sql,measured,1,8,1,2,0.530039,0.066255,422.047,0.107992,0.004484,0.003655,7168,0,12.414794921875000000,11.667419433593750000,,
2026-09-11T22:54:28Z,AC31183CDD3DF2B0,18.4,queries/tpch/tpch-queries/q22/v1_materialized.sql,measured,1,16,1,2,0.976910,0.061057,858.438,0.118472,0.003723,0.004710,7168,0,24.014160156250000000,22.527893066406250000,,
2026-09-11T22:54:32Z,D18778973EAE205C,18.4,queries/tpch/tpch-queries/q11/v1_materialized.sql,warmup,1,1,1,2,0.397202,0.397202,219.190,0.178012,0.003423,0.003611,7168,0,4.617736816406250000,3.781127929687500000,,
2026-09-11T22:54:32Z,D18778973EAE205C,18.4,queries/tpch/tpch-queries/q11/v1_materialized.sql,warmup,2,1,1,2,0.122827,0.122827,82.226,0.040601,0.003721,0.003781,7168,0,3.145019531250000000,2.957275390625000000,,
2026-09-11T22:54:33Z,D18778973EAE205C,18.4,queries/tpch/tpch-queries/q11/v1_materialized.sql,measured,1,1,1,2,0.195743,0.195743,85.432,0.110311,0.002900,0.006700,7168,0,3.156982421875000000,2.825744628906250000,,
2026-09-11T22:54:33Z,D18778973EAE205C,18.4,queries/tpch/tpch-queries/q11/v1_materialized.sql,measured,1,2,1,2,0.275413,0.137706,168.809,0.106604,0.001240,0.007088,7168,0,5.788940429687500000,5.350524902343750000,,
2026-09-11T22:54:33Z,D18778973EAE205C,18.4,queries/tpch/tpch-queries/q11/v1_materialized.sql,measured,1,4,1,2,0.448444,0.112111,343.922,0.104522,0.004563,0.003650,7168,0,9.612243652343750000,8.904113769531250000,,
2026-09-11T22:54:34Z,D18778973EAE205C,18.4,queries/tpch/tpch-queries/q11/v1_materialized.sql,measured,1,8,1,2,0.799944,0.099993,668.143,0.131801,0.000000,0.009722,7168,0,19.575561523437500000,18.279113769531250000,,
2026-09-11T22:54:36Z,D18778973EAE205C,18.4,queries/tpch/tpch-queries/q11/v1_materialized.sql,measured,1,16,1,2,1.511034,0.094440,1360.999,0.150035,0.002072,0.006122,7168,0,39.624572753906250000,37.315673828125000000,,
2026-09-11T22:54:41Z,4AD3C3616D1F7145,18.4,queries/tpch/tpch-queries/q01/base.sql,warmup,1,1,1,2,2.075155,2.075155,1895.153,0.180002,0.000908,0.006203,7168,0,61.633483886718750000,56.972290039062500000,,
2026-09-11T22:54:43Z,4AD3C3616D1F7145,18.4,queries/tpch/tpch-queries/q01/base.sql,warmup,2,1,1,2,1.481122,1.481122,1441.587,0.039535,0.003391,0.003861,7168,0,46.455505371093750000,44.546569824218750000,,
2026-09-11T22:54:44Z,4AD3C3616D1F7145,18.4,queries/tpch/tpch-queries/q01/base.sql,measured,1,1,1,2,1.595673,1.595673,1498.199,0.097474,0.001766,0.005797,7168,0,45.021606445312500000,42.928955078125000000,,
2026-09-11T22:54:48Z,4AD3C3616D1F7145,18.4,queries/tpch/tpch-queries/q01/base.sql,measured,1,2,1,2,3.099658,1.549829,3041.030,0.058628,0.004889,0.003448,7040,0,86.980224609375000000,83.003356933593750000,,
2026-09-11T22:54:54Z,4AD3C3616D1F7145,18.4,queries/tpch/tpch-queries/q01/base.sql,measured,1,4,1,2,6.277131,1.569283,6172.693,0.104438,0.002578,0.005762,7168,0,167.518859863281250000,159.402770996093750000,,
2026-09-11T22:55:07Z,4AD3C3616D1F7145,18.4,queries/tpch/tpch-queries/q01/base.sql,measured,1,8,1,2,12.881180,1.610147,12725.980,0.155200,0.002749,0.005507,7168,0,318.866577148437500000,302.398559570312500000,,
2026-09-11T22:55:33Z,4AD3C3616D1F7145,18.4,queries/tpch/tpch-queries/q01/base.sql,measured,1,16,1,2,26.783087,1.673943,26673.926,0.109161,0.002480,0.006036,7168,0,589.166442871093750000,555.219482421875000000,,
2026-09-11T22:55:38Z,EDFEE922983843CC,18.4,queries/tpch/tpch-queries/q11/base.sql,warmup,1,1,1,2,0.387054,0.387054,208.984,0.178070,0.002020,0.004818,7168,0,4.809570312500000000,3.983459472656250000,,
2026-09-11T22:55:38Z,EDFEE922983843CC,18.4,queries/tpch/tpch-queries/q11/base.sql,warmup,2,1,1,2,0.126182,0.126182,84.252,0.041930,0.002064,0.004970,7168,0,3.217468261718750000,3.022583007812500000,,
2026-09-11T22:55:38Z,EDFEE922983843CC,18.4,queries/tpch/tpch-queries/q11/base.sql,measured,1,1,1,2,0.123870,0.123870,83.808,0.040062,0.000886,0.006171,7168,0,3.170104980468750000,2.978393554687500000,,
2026-09-11T22:55:38Z,EDFEE922983843CC,18.4,queries/tpch/tpch-queries/q11/base.sql,measured,1,2,1,2,0.213748,0.106874,165.175,0.048573,0.001606,0.006162,7168,0,5.773864746093750000,5.464233398437500000,,
2026-09-11T22:55:38Z,EDFEE922983843CC,18.4,queries/tpch/tpch-queries/q11/base.sql,measured,1,4,1,2,0.462636,0.115659,359.793,0.102843,0.002896,0.004809,7168,0,9.787353515625000000,9.067932128906250000,,
2026-09-11T22:55:39Z,EDFEE922983843CC,18.4,queries/tpch/tpch-queries/q11/base.sql,measured,1,8,1,2,0.797932,0.099742,690.963,0.106969,0.002922,0.004745,7168,0,19.683532714843750000,18.393676757812500000,,
2026-09-11T22:55:41Z,EDFEE922983843CC,18.4,queries/tpch/tpch-queries/q11/base.sql,measured,1,16,1,2,1.539381,0.096211,1399.875,0.139506,0.004276,0.006183,7168,0,38.459777832031250000,36.077758789062500000,,
2026-09-11T22:55:50Z,73A83D9D081EE274,18.4,queries/tpch/tpch-queries/q18/v2_join.sql,warmup,1,1,1,2,5.502327,5.502327,5316.991,0.185336,0.001058,0.006062,7168,0,147.377197265625000000,136.073486328125000000,,
2026-09-11T22:55:54Z,73A83D9D081EE274,18.4,queries/tpch/tpch-queries/q18/v2_join.sql,warmup,2,1,1,2,4.595655,4.595655,4554.698,0.040957,0.005945,0.001274,7168,0,123.202758789062500000,116.593872070312500000,,
2026-09-11T22:55:59Z,73A83D9D081EE274,18.4,queries/tpch/tpch-queries/q18/v2_join.sql,measured,1,1,1,2,4.715152,4.715152,4654.715,0.060437,0.003002,0.004946,7168,0,119.514099121093750000,112.675415039062500000,,
2026-09-11T22:56:09Z,73A83D9D081EE274,18.4,queries/tpch/tpch-queries/q18/v2_join.sql,measured,1,2,1,2,9.678505,4.839253,9570.657,0.107848,0.003585,0.004436,7168,0,226.211425781250000000,212.104248046875000000,,
2026-09-11T22:56:28Z,73A83D9D081EE274,18.4,queries/tpch/tpch-queries/q18/v2_join.sql,measured,1,4,1,2,19.537354,4.884338,19422.564,0.114790,0.005950,0.003017,7168,0,427.308349609375000000,399.303833007812500000,,
2026-09-11T22:57:07Z,73A83D9D081EE274,18.4,queries/tpch/tpch-queries/q18/v2_join.sql,measured,1,8,1,2,38.912107,4.864013,38802.414,0.109693,0.004210,0.004202,7168,0,853.655456542968750000,797.652099609375000000,,
2026-09-11T22:58:25Z,73A83D9D081EE274,18.4,queries/tpch/tpch-queries/q18/v2_join.sql,measured,1,16,1,2,77.646122,4.852883,77569.666,0.076456,0.005247,0.003046,7168,0,1704.896179199218750000,1594.313659667968750000,,
2026-09-11T22:58:31Z,985863DBD7910066,18.4,queries/tpch/tpch-queries/q10/v1_materialized.sql,warmup,1,1,1,2,1.841990,1.841990,1746.320,0.095670,0.010546,0.014619,7040,0,26.428344726562500000,22.273559570312500000,,
2026-09-11T22:58:31Z,985863DBD7910066,18.4,queries/tpch/tpch-queries/q10/v1_materialized.sql,warmup,2,1,1,2,0.305954,0.305954,265.667,0.040287,0.002520,0.004310,7168,0,8.537292480468750000,8.081542968750000000,,
2026-09-11T22:58:32Z,985863DBD7910066,18.4,queries/tpch/tpch-queries/q10/v1_materialized.sql,measured,1,1,1,2,0.329121,0.329121,275.392,0.053729,0.003778,0.003804,7168,0,8.287353515625000000,7.750488281250000000,,
2026-09-11T22:58:32Z,985863DBD7910066,18.4,queries/tpch/tpch-queries/q10/v1_materialized.sql,measured,1,2,1,2,0.563517,0.281758,522.108,0.041409,0.002040,0.004888,7168,0,15.769714355468750000,14.974243164062500000,,
2026-09-11T22:58:33Z,985863DBD7910066,18.4,queries/tpch/tpch-queries/q10/v1_materialized.sql,measured,1,4,1,2,1.163208,0.290802,1056.999,0.106209,0.003735,0.003843,7168,0,30.285888671875000000,28.596679687500000000,,
2026-09-11T22:58:35Z,985863DBD7910066,18.4,queries/tpch/tpch-queries/q10/v1_materialized.sql,measured,1,8,1,2,2.236356,0.279545,2131.840,0.104516,0.001916,0.005246,7168,0,56.728637695312500000,53.505432128906250000,,
2026-09-11T22:58:40Z,985863DBD7910066,18.4,queries/tpch/tpch-queries/q10/v1_materialized.sql,measured,1,16,1,2,4.351272,0.271955,4236.308,0.114964,0.000719,0.006651,7168,0,112.113281250000000000,105.686462402343750000,,
2026-09-11T22:58:44Z,029FBCC593DB8DF8,18.4,queries/tpch/tpch-queries/q22/v1_materialized.sql,warmup,1,1,1,2,0.314394,0.314394,131.126,0.183268,0.004903,0.002219,7168,0,2.925537109375000000,2.298217773437500000,,
2026-09-11T22:58:44Z,029FBCC593DB8DF8,18.4,queries/tpch/tpch-queries/q22/v1_materialized.sql,warmup,2,1,1,2,0.118389,0.118389,60.335,0.058054,0.002100,0.007446,7168,0,1.939147949218750000,1.765136718750000000,,
2026-09-11T22:58:44Z,029FBCC593DB8DF8,18.4,queries/tpch/tpch-queries/q22/v1_materialized.sql,measured,1,1,1,2,0.103138,0.103138,63.445,0.039693,0.000866,0.006001,7168,0,2.126342773437500000,1.982971191406250000,,
2026-09-11T22:58:44Z,029FBCC593DB8DF8,18.4,queries/tpch/tpch-queries/q22/v1_materialized.sql,measured,1,2,1,2,0.146038,0.073019,105.636,0.040402,0.001013,0.005866,7168,0,3.668457031250000000,3.462158203125000000,,
2026-09-11T22:58:45Z,029FBCC593DB8DF8,18.4,queries/tpch/tpch-queries/q22/v1_materialized.sql,measured,1,4,1,2,0.310923,0.077731,208.268,0.102655,0.003297,0.005269,7168,0,6.607971191406250000,6.147705078125000000,,
2026-09-11T22:58:45Z,029FBCC593DB8DF8,18.4,queries/tpch/tpch-queries/q22/v1_materialized.sql,measured,1,8,1,2,0.528499,0.066062,427.694,0.100805,0.004369,0.003521,7168,0,12.282714843750000000,11.531494140625000000,,
2026-09-11T22:58:46Z,029FBCC593DB8DF8,18.4,queries/tpch/tpch-queries/q22/v1_materialized.sql,measured,1,16,1,2,0.992602,0.062038,879.888,0.112714,0.004745,0.002917,7168,0,22.947875976562500000,21.460998535156250000,,
2026-09-11T22:58:56Z,D81076CEDF9FAA91,18.4,queries/tpch/tpch-queries/q05/base.sql,warmup,1,1,1,2,6.469549,6.469549,6238.535,0.231014,0.003596,0.003740,7168,0,29.951843261718750000,16.098693847656250000,,
2026-09-11T22:58:56Z,D81076CEDF9FAA91,18.4,queries/tpch/tpch-queries/q05/base.sql,warmup,2,1,1,2,0.283464,0.283464,242.059,0.041405,0.001925,0.005397,7168,0,4.181640625000000000,3.772949218750000000,,
2026-09-11T22:58:57Z,D81076CEDF9FAA91,18.4,queries/tpch/tpch-queries/q05/base.sql,measured,1,1,1,2,0.332771,0.332771,243.482,0.089289,0.003654,0.003654,7168,0,4.379394531250000000,3.837402343750000000,,
2026-09-11T22:58:57Z,D81076CEDF9FAA91,18.4,queries/tpch/tpch-queries/q05/base.sql,measured,1,2,1,2,0.572775,0.286387,478.764,0.094011,0.002367,0.006148,7168,0,7.497192382812500000,6.587524414062500000,,
2026-09-11T22:58:58Z,D81076CEDF9FAA91,18.4,queries/tpch/tpch-queries/q05/base.sql,measured,1,4,1,2,1.055627,0.263907,948.053,0.107574,0.002980,0.005971,7168,0,13.410583496093750000,11.932922363281250000,,
2026-09-11T22:59:00Z,D81076CEDF9FAA91,18.4,queries/tpch/tpch-queries/q05/base.sql,measured,1,8,1,2,1.968263,0.246033,1854.639,0.113624,0.001868,0.006416,7168,0,26.873596191406250000,23.986877441406250000,,
2026-09-11T22:59:04Z,D81076CEDF9FAA91,18.4,queries/tpch/tpch-queries/q05/base.sql,measured,1,16,1,2,3.747920,0.234245,3623.739,0.124181,0.005779,0.002604,7168,0,52.684692382812500000,47.357849121093750000,,
2026-09-11T22:59:09Z,B2388D1413EF2E8B,18.4,queries/tpch/tpch-queries/q12/v1_materialized.sql,warmup,1,1,1,2,1.274269,1.274269,1090.573,0.183696,0.005864,0.001015,7168,0,28.267761230468750000,25.192810058593750000,,
2026-09-11T22:59:09Z,B2388D1413EF2E8B,18.4,queries/tpch/tpch-queries/q12/v1_materialized.sql,warmup,2,1,1,2,0.433417,0.433417,391.810,0.041607,0.002659,0.004629,7168,0,14.688171386718750000,13.992797851562500000,,
2026-09-11T22:59:10Z,B2388D1413EF2E8B,18.4,queries/tpch/tpch-queries/q12/v1_materialized.sql,measured,1,1,1,2,0.426509,0.426509,387.101,0.039408,0.003735,0.003296,7168,0,14.889465332031250000,14.263122558593750000,,
2026-09-11T22:59:11Z,B2388D1413EF2E8B,18.4,queries/tpch/tpch-queries/q12/v1_materialized.sql,measured,1,2,1,2,0.805130,0.402565,764.572,0.040558,0.004055,0.003260,7168,0,28.459350585937500000,27.251159667968750000,,
2026-09-11T22:59:12Z,B2388D1413EF2E8B,18.4,queries/tpch/tpch-queries/q12/v1_materialized.sql,measured,1,4,1,2,1.630278,0.407570,1579.333,0.050945,0.003774,0.003808,7168,0,52.943359375000000000,50.705627441406250000,,
2026-09-11T22:59:16Z,B2388D1413EF2E8B,18.4,queries/tpch/tpch-queries/q12/v1_materialized.sql,measured,1,8,1,2,3.283942,0.410493,3185.725,0.098217,0.002718,0.004535,7168,0,102.861206054687500000,97.998107910156250000,,
2026-09-11T22:59:22Z,B2388D1413EF2E8B,18.4,queries/tpch/tpch-queries/q12/v1_materialized.sql,measured,1,16,1,2,6.704162,0.419010,6603.105,0.101057,0.004512,0.002708,7168,0,191.037719726562500000,181.559509277343750000,,
2026-09-11T22:59:28Z,E3CEE95132A14D70,18.4,queries/tpch/tpch-queries/q19/v2_union_all.sql,warmup,1,1,1,2,1.807756,1.807756,1626.052,0.181704,0.006454,0.000931,7168,0,46.683837890625000000,42.516967773437500000,,
2026-09-11T22:59:29Z,E3CEE95132A14D70,18.4,queries/tpch/tpch-queries/q19/v2_union_all.sql,warmup,2,1,1,2,1.219057,1.219057,1159.153,0.059904,0.001770,0.008148,7168,0,32.905456542968750000,31.149658203125000000,,
2026-09-11T22:59:31Z,E3CEE95132A14D70,18.4,queries/tpch/tpch-queries/q19/v2_union_all.sql,measured,1,1,1,2,1.296625,1.296625,1199.878,0.096747,0.004601,0.002792,7168,0,31.832214355468750000,29.974426269531250000,,
2026-09-11T22:59:33Z,E3CEE95132A14D70,18.4,queries/tpch/tpch-queries/q19/v2_union_all.sql,measured,1,2,1,2,2.425845,1.212923,2326.842,0.099003,0.002983,0.004851,7168,0,63.634521484375000000,60.213317871093750000,,
2026-09-11T22:59:38Z,E3CEE95132A14D70,18.4,queries/tpch/tpch-queries/q19/v2_union_all.sql,measured,1,4,1,2,4.690597,1.172649,4646.476,0.044121,0.000950,0.006532,7168,0,123.614929199218750000,117.046203613281250000,,
2026-09-11T22:59:47Z,E3CEE95132A14D70,18.4,queries/tpch/tpch-queries/q19/v2_union_all.sql,measured,1,8,1,2,9.645156,1.205645,9533.270,0.111886,0.000913,0.007132,7168,0,238.629455566406250000,225.473327636718750000,,
2026-09-11T23:00:07Z,E3CEE95132A14D70,18.4,queries/tpch/tpch-queries/q19/v2_union_all.sql,measured,1,16,1,2,19.973304,1.248331,19861.643,0.111661,0.002842,0.004741,7168,0,443.766113281250000000,416.580444335937500000,,
2026-09-11T23:00:11Z,804118678E1CE05B,18.4,queries/tpch/tpch-queries/q22/base.sql,warmup,1,1,1,2,0.303499,0.303499,117.767,0.185732,0.003087,0.003837,7168,0,3.007934570312500000,2.386413574218750000,,
2026-09-11T23:00:12Z,804118678E1CE05B,18.4,queries/tpch/tpch-queries/q22/base.sql,warmup,2,1,1,2,0.103865,0.103865,51.636,0.052229,0.004615,0.004547,7168,0,1.900878906250000000,1.749206542968750000,,
2026-09-11T23:00:12Z,804118678E1CE05B,18.4,queries/tpch/tpch-queries/q22/base.sql,measured,1,1,1,2,0.091473,0.091473,51.751,0.039722,0.002918,0.004166,7168,0,2.065795898437500000,1.941528320312500000,,
2026-09-11T23:00:12Z,804118678E1CE05B,18.4,queries/tpch/tpch-queries/q22/base.sql,measured,1,2,1,2,0.193641,0.096820,101.779,0.091862,0.004043,0.002983,7168,0,3.787414550781250000,3.491638183593750000,,
2026-09-11T23:00:12Z,804118678E1CE05B,18.4,queries/tpch/tpch-queries/q22/base.sql,measured,1,4,1,2,0.261677,0.065419,207.584,0.054093,0.005211,0.003052,7168,0,6.282897949218750000,5.918884277343750000,,
2026-09-11T23:00:13Z,804118678E1CE05B,18.4,queries/tpch/tpch-queries/q22/base.sql,measured,1,8,1,2,0.548182,0.068523,441.680,0.106502,0.004928,0.003025,7168,0,12.149414062500000000,11.361816406250000000,,
2026-09-11T23:00:14Z,804118678E1CE05B,18.4,queries/tpch/tpch-queries/q22/base.sql,measured,1,16,1,2,0.999163,0.062448,883.564,0.115599,0.003525,0.004440,7168,0,23.666748046875000000,22.164489746093750000,,
2026-09-11T23:00:19Z,ED17AB33143E917C,18.4,queries/tpch/tpch-queries/q01/base.sql,warmup,1,1,1,2,2.170124,2.170124,1988.999,0.181125,0.003175,0.003921,7168,0,59.066955566406250000,54.229492187500000000,,
2026-09-11T23:00:21Z,ED17AB33143E917C,18.4,queries/tpch/tpch-queries/q01/base.sql,warmup,2,1,1,2,1.515891,1.515891,1476.670,0.039221,0.002627,0.004281,7168,0,45.730407714843750000,43.785339355468750000,,
2026-09-11T23:00:23Z,ED17AB33143E917C,18.4,queries/tpch/tpch-queries/q01/base.sql,measured,1,1,1,2,1.674698,1.674698,1578.584,0.096114,0.003789,0.003937,7168,0,42.272827148437500000,40.091735839843750000,,
2026-09-11T23:00:26Z,ED17AB33143E917C,18.4,queries/tpch/tpch-queries/q01/base.sql,measured,1,2,1,2,3.188744,1.594372,3085.742,0.103002,0.003069,0.004942,7168,0,85.528930664062500000,81.395874023437500000,,
2026-09-11T23:00:32Z,ED17AB33143E917C,18.4,queries/tpch/tpch-queries/q01/base.sql,measured,1,4,1,2,6.394437,1.598609,6299.452,0.094985,0.003834,0.003867,7168,0,163.429016113281250000,155.136962890625000000,,
2026-09-11T23:00:45Z,ED17AB33143E917C,18.4,queries/tpch/tpch-queries/q01/base.sql,measured,1,8,1,2,13.259038,1.657380,13105.799,0.153239,0.001966,0.005932,7168,0,307.209777832031250000,290.356506347656250000,,
2026-09-11T23:01:12Z,ED17AB33143E917C,18.4,queries/tpch/tpch-queries/q01/base.sql,measured,1,16,1,2,26.849371,1.678086,26772.681,0.076690,0.004081,0.005138,7168,0,589.396972656250000000,555.350280761718750000,,
2026-09-11T23:01:18Z,3C51332235DD02A2,18.4,queries/tpch/tpch-queries/q01/v1_materialized.sql,warmup,1,1,1,2,2.215874,2.215874,2034.637,0.181237,0.003848,0.003105,7168,0,56.518188476562500000,51.555664062500000000,,
2026-09-11T23:01:20Z,3C51332235DD02A2,18.4,queries/tpch/tpch-queries/q01/v1_materialized.sql,warmup,2,1,1,2,1.602775,1.602775,1563.155,0.039620,0.002127,0.005071,7168,0,42.341918945312500000,40.241394042968750000,,
2026-09-11T23:01:22Z,3C51332235DD02A2,18.4,queries/tpch/tpch-queries/q01/v1_materialized.sql,measured,1,1,1,2,1.691673,1.691673,1588.597,0.103076,0.000941,0.007473,7168,0,41.937866210937500000,39.744262695312500000,,
2026-09-11T23:01:25Z,3C51332235DD02A2,18.4,queries/tpch/tpch-queries/q01/v1_materialized.sql,measured,1,2,1,2,3.230369,1.615185,3126.701,0.103668,0.002914,0.005147,7168,0,84.976318359375000000,80.726928710937500000,,
2026-09-11T23:01:31Z,3C51332235DD02A2,18.4,queries/tpch/tpch-queries/q01/v1_materialized.sql,measured,1,4,1,2,6.489900,1.622475,6393.978,0.095922,0.005819,0.001976,7168,0,160.882324218750000000,152.572326660156250000,,
2026-09-11T23:01:45Z,3C51332235DD02A2,18.4,queries/tpch/tpch-queries/q01/v1_materialized.sql,measured,1,8,1,2,13.544970,1.693121,13423.246,0.121724,0.005327,0.004191,7168,0,297.082580566406250000,279.947509765625000000,,
2026-09-11T23:02:12Z,3C51332235DD02A2,18.4,queries/tpch/tpch-queries/q01/v1_materialized.sql,measured,1,16,1,2,26.981907,1.686369,26812.353,0.169554,0.001776,0.007406,7168,0,590.794616699218750000,556.607421875000000000,,
2026-09-11T23:02:17Z,F0C0322A04A7B329,18.4,queries/tpch/tpch-queries/q12/v2_filter.sql,warmup,1,1,1,2,1.277348,1.277348,1092.255,0.185093,0.000000,0.007089,7168,0,28.061462402343750000,24.987854003906250000,,
2026-09-11T23:02:17Z,F0C0322A04A7B329,18.4,queries/tpch/tpch-queries/q12/v2_filter.sql,warmup,2,1,1,2,0.461745,0.461745,422.065,0.039680,0.001777,0.005250,7168,0,13.443115234375000000,12.710632324218750000,,
2026-09-11T23:02:18Z,F0C0322A04A7B329,18.4,queries/tpch/tpch-queries/q12/v2_filter.sql,measured,1,1,1,2,0.467283,0.467283,422.199,0.045084,0.004262,0.002984,7168,0,13.343200683593750000,12.619140625000000000,,
2026-09-11T23:02:19Z,F0C0322A04A7B329,18.4,queries/tpch/tpch-queries/q12/v2_filter.sql,measured,1,2,1,2,0.881340,0.440670,840.583,0.040757,0.003638,0.003567,7168,0,25.055175781250000000,23.765686035156250000,,
2026-09-11T23:02:21Z,F0C0322A04A7B329,18.4,queries/tpch/tpch-queries/q12/v2_filter.sql,measured,1,4,1,2,1.810931,0.452733,1710.378,0.100553,0.006688,0.000981,7168,0,47.688232421875000000,45.114746093750000000,,
2026-09-11T23:02:24Z,F0C0322A04A7B329,18.4,queries/tpch/tpch-queries/q12/v2_filter.sql,measured,1,8,1,2,3.532450,0.441556,3433.142,0.099308,0.004486,0.002722,7168,0,92.465270996093750000,87.253356933593750000,,
2026-09-11T23:02:31Z,F0C0322A04A7B329,18.4,queries/tpch/tpch-queries/q12/v2_filter.sql,measured,1,16,1,2,7.127492,0.445468,7023.172,0.104320,0.003729,0.003782,7168,0,174.659973144531250000,164.582336425781250000,,
2026-09-11T23:02:36Z,94A5BD51668C2A6A,18.4,queries/tpch/tpch-queries/q19/base.sql,warmup,1,1,1,2,1.174866,1.174866,996.619,0.178247,0.003037,0.003810,7168,0,26.777465820312500000,23.957336425781250000,,
2026-09-11T23:02:37Z,94A5BD51668C2A6A,18.4,queries/tpch/tpch-queries/q19/base.sql,warmup,2,1,1,2,0.520483,0.520483,480.449,0.040034,0.004306,0.002947,7168,0,16.346435546875000000,15.566406250000000000,,
2026-09-11T23:02:37Z,94A5BD51668C2A6A,18.4,queries/tpch/tpch-queries/q19/base.sql,measured,1,1,1,2,0.525405,0.525405,485.637,0.039768,0.004324,0.002643,7168,0,16.087219238281250000,15.279724121093750000,,
2026-09-11T23:02:38Z,94A5BD51668C2A6A,18.4,queries/tpch/tpch-queries/q19/base.sql,measured,1,2,1,2,1.015740,0.507870,974.830,0.040910,0.002100,0.005014,7168,0,28.312500000000000000,26.861633300781250000,,
2026-09-11T23:02:40Z,94A5BD51668C2A6A,18.4,queries/tpch/tpch-queries/q19/base.sql,measured,1,4,1,2,2.102172,0.525543,1997.929,0.104243,0.002702,0.005451,7168,0,54.119995117187500000,51.200622558593750000,,
2026-09-11T23:02:45Z,94A5BD51668C2A6A,18.4,queries/tpch/tpch-queries/q19/base.sql,measured,1,8,1,2,4.081856,0.510232,3979.661,0.102195,0.001884,0.005607,7168,0,97.866455078125000000,92.061584472656250000,,
2026-09-11T23:02:53Z,94A5BD51668C2A6A,18.4,queries/tpch/tpch-queries/q19/base.sql,measured,1,16,1,2,7.984542,0.499034,7875.336,0.109206,0.002917,0.004851,7168,0,193.486511230468750000,182.356994628906250000,,
2026-09-11T23:02:57Z,DC040490B4F98950,18.4,queries/tpch/tpch-queries/q06/v1_materialized.sql,warmup,1,1,1,2,1.041840,1.041840,864.987,0.176853,0.002513,0.004409,7168,0,20.690429687500000000,18.162780761718750000,,
2026-09-11T23:02:58Z,DC040490B4F98950,18.4,queries/tpch/tpch-queries/q06/v1_materialized.sql,warmup,2,1,1,2,0.324190,0.324190,267.757,0.056433,0.003792,0.003744,7168,0,7.819885253906250000,7.304504394531250000,,
2026-09-11T23:02:58Z,DC040490B4F98950,18.4,queries/tpch/tpch-queries/q06/v1_materialized.sql,measured,1,1,1,2,0.294856,0.294856,255.938,0.038918,0.001629,0.005266,7168,0,8.085327148437500000,7.633300781250000000,,
2026-09-11T23:02:59Z,DC040490B4F98950,18.4,queries/tpch/tpch-queries/q06/v1_materialized.sql,measured,1,2,1,2,0.658603,0.329302,556.208,0.102395,0.001039,0.007136,7168,0,14.020812988281250000,13.026550292968750000,,
2026-09-11T23:03:00Z,DC040490B4F98950,18.4,queries/tpch/tpch-queries/q06/v1_materialized.sql,measured,1,4,1,2,1.126366,0.281591,1028.108,0.098258,0.003376,0.004242,7168,0,28.328918457031250000,26.549255371093750000,,
2026-09-11T23:03:02Z,DC040490B4F98950,18.4,queries/tpch/tpch-queries/q06/v1_materialized.sql,measured,1,8,1,2,2.091099,0.261387,1997.333,0.093766,0.002864,0.004669,7168,0,54.853332519531250000,51.713012695312500000,,
2026-09-11T23:03:06Z,DC040490B4F98950,18.4,queries/tpch/tpch-queries/q06/v1_materialized.sql,measured,1,16,1,2,4.167514,0.260470,4060.525,0.106989,0.005746,0.001935,7168,0,105.865600585937500000,99.566650390625000000,,
2026-09-11T23:03:11Z,83018030E3785560,18.4,queries/tpch/tpch-queries/q04/v2_in.sql,warmup,1,1,1,2,1.652539,1.652539,1467.755,0.184784,0.001818,0.005260,7168,0,17.294494628906250000,13.585327148437500000,,
2026-09-11T23:03:12Z,83018030E3785560,18.4,queries/tpch/tpch-queries/q04/v2_in.sql,warmup,2,1,1,2,0.129828,0.129828,90.462,0.039366,0.002034,0.004871,7168,0,3.825988769531250000,3.599121093750000000,,
2026-09-11T23:03:12Z,83018030E3785560,18.4,queries/tpch/tpch-queries/q04/v2_in.sql,measured,1,1,1,2,0.129984,0.129984,90.283,0.039701,0.000914,0.006276,7168,0,3.861511230468750000,3.657836914062500000,,
2026-09-11T23:03:12Z,83018030E3785560,18.4,queries/tpch/tpch-queries/q04/v2_in.sql,measured,1,2,1,2,0.307136,0.153568,201.180,0.105956,0.003087,0.004990,7168,0,6.119750976562500000,5.625854492187500000,,
2026-09-11T23:03:12Z,83018030E3785560,18.4,queries/tpch/tpch-queries/q04/v2_in.sql,measured,1,4,1,2,0.427370,0.106842,353.185,0.074185,0.003125,0.003971,7168,0,12.894653320312500000,12.172058105468750000,,
2026-09-11T23:03:13Z,83018030E3785560,18.4,queries/tpch/tpch-queries/q04/v2_in.sql,measured,1,8,1,2,0.826364,0.103295,725.869,0.100495,0.001641,0.005802,7168,0,23.021606445312500000,21.736511230468750000,,
2026-09-11T23:03:15Z,83018030E3785560,18.4,queries/tpch/tpch-queries/q04/v2_in.sql,measured,1,16,1,2,1.532060,0.095754,1433.078,0.098982,0.003538,0.003592,7168,0,45.170166015625000000,42.864929199218750000,,
2026-09-11T23:03:30Z,0432A3CA8232AF7F,18.4,queries/tpch/tpch-queries/q08/base.sql,warmup,1,1,1,2,10.948728,10.948728,10757.408,0.191320,0.003256,0.004068,7168,0,50.404113769531250000,26.988098144531250000,,
2026-09-11T23:03:30Z,0432A3CA8232AF7F,18.4,queries/tpch/tpch-queries/q08/base.sql,warmup,2,1,1,2,0.414225,0.414225,370.558,0.043667,0.002706,0.006592,7168,0,7.142822265625000000,6.502014160156250000,,
2026-09-11T23:03:30Z,0432A3CA8232AF7F,18.4,queries/tpch/tpch-queries/q08/base.sql,measured,1,1,1,2,0.405254,0.405254,363.100,0.042154,0.002839,0.004606,7168,0,7.133544921875000000,6.503967285156250000,,
2026-09-11T23:03:31Z,0432A3CA8232AF7F,18.4,queries/tpch/tpch-queries/q08/base.sql,measured,1,2,1,2,0.784786,0.392393,690.451,0.094335,0.000965,0.006744,7168,0,13.211181640625000000,12.027770996093750000,,
2026-09-11T23:03:33Z,0432A3CA8232AF7F,18.4,queries/tpch/tpch-queries/q08/base.sql,measured,1,4,1,2,1.411266,0.352817,1363.828,0.047438,0.002777,0.004525,7168,0,24.804626464843750000,22.793884277343750000,,
2026-09-11T23:03:35Z,0432A3CA8232AF7F,18.4,queries/tpch/tpch-queries/q08/base.sql,measured,1,8,1,2,2.774600,0.346825,2673.741,0.100859,0.002835,0.004923,7168,0,49.303710937500000000,45.364440917968750000,,
2026-09-11T23:03:41Z,0432A3CA8232AF7F,18.4,queries/tpch/tpch-queries/q08/base.sql,measured,1,16,1,2,5.396295,0.337268,5277.020,0.119275,0.000000,0.007366,7168,0,98.038879394531250000,90.399353027343750000,,
2026-09-11T23:04:33Z,FF0BA7D6A191EB68,18.4,queries/tpch/tpch-queries/q02/v1_materialized.sql,warmup,1,1,1,2,48.898267,48.898267,48663.765,0.234502,0.003028,0.004393,7168,0,526.316223144531250000,459.919677734375000000,,
2026-09-11T23:05:21Z,FF0BA7D6A191EB68,18.4,queries/tpch/tpch-queries/q02/v1_materialized.sql,warmup,2,1,1,2,47.815876,47.815876,47772.891,0.042985,0.000930,0.008462,7168,0,511.501586914062500000,448.964477539062500000,,
2026-09-11T23:06:08Z,FF0BA7D6A191EB68,18.4,queries/tpch/tpch-queries/q02/v1_materialized.sql,measured,1,1,1,2,46.856585,46.856585,46765.998,0.090587,0.007164,0.000968,7168,0,528.711730957031250000,468.190124511718750000,,
2026-09-11T23:07:41Z,FF0BA7D6A191EB68,18.4,queries/tpch/tpch-queries/q02/v1_materialized.sql,measured,1,2,1,2,93.168322,46.584161,93075.606,0.092716,0.003206,0.004695,7168,0,1043.606567382812500000,922.426574707031250000,,
2026-09-11T23:10:52Z,FF0BA7D6A191EB68,18.4,queries/tpch/tpch-queries/q02/v1_materialized.sql,measured,1,4,1,2,190.408264,47.602066,190310.545,0.097719,0.004804,0.003340,7168,0,2003.168273925781250000,1756.355651855468750000,,
2026-09-11T23:17:04Z,FF0BA7D6A191EB68,18.4,queries/tpch/tpch-queries/q02/v1_materialized.sql,measured,1,8,1,2,372.629935,46.578742,372525.683,0.104252,0.001784,0.007169,7168,0,4055.379577636718750000,3570.060485839843750000,,
2026-09-11T23:29:30Z,FF0BA7D6A191EB68,18.4,queries/tpch/tpch-queries/q02/v1_materialized.sql,measured,1,16,1,2,745.617057,46.601066,745504.949,0.112108,0.003958,0.004923,7168,0,8159.885253906250000000,7187.716979980468750000,,
2026-09-11T23:29:43Z,FE3A317B5FFE1BF1,18.4,queries/tpch/tpch-queries/q08/v1_materialized.sql,warmup,1,1,1,2,9.956103,9.956103,9764.583,0.191520,0.003528,0.003646,7168,0,45.190734863281250000,24.098022460937500000,,
2026-09-11T23:29:44Z,FE3A317B5FFE1BF1,18.4,queries/tpch/tpch-queries/q08/v1_materialized.sql,warmup,2,1,1,2,0.453436,0.453436,359.492,0.093944,0.002841,0.006811,7168,0,7.383544921875000000,6.714477539062500000,,
2026-09-11T23:29:44Z,FE3A317B5FFE1BF1,18.4,queries/tpch/tpch-queries/q08/v1_materialized.sql,measured,1,1,1,2,0.407569,0.407569,364.147,0.043422,0.003182,0.004070,7168,0,6.874572753906250000,6.332153320312500000,,
2026-09-11T23:29:45Z,FE3A317B5FFE1BF1,18.4,queries/tpch/tpch-queries/q08/v1_materialized.sql,measured,1,2,1,2,0.786980,0.393490,693.374,0.093606,0.004441,0.003095,7168,0,12.884521484375000000,11.767272949218750000,,
2026-09-11T23:29:46Z,FE3A317B5FFE1BF1,18.4,queries/tpch/tpch-queries/q08/v1_materialized.sql,measured,1,4,1,2,1.467105,0.366776,1369.517,0.097588,0.005191,0.002357,7168,0,24.357666015625000000,22.261291503906250000,,
2026-09-11T23:29:49Z,FE3A317B5FFE1BF1,18.4,queries/tpch/tpch-queries/q08/v1_materialized.sql,measured,1,8,1,2,2.737158,0.342145,2636.190,0.100968,0.002751,0.004604,7168,0,48.688842773437500000,44.791748046875000000,,
2026-09-11T23:29:55Z,FE3A317B5FFE1BF1,18.4,queries/tpch/tpch-queries/q08/v1_materialized.sql,measured,1,16,1,2,5.345149,0.334072,5224.956,0.120193,0.001934,0.005764,7168,0,96.115966796875000000,88.593200683593750000,,
2026-09-11T23:30:03Z,1EADCA047B30C415,18.4,queries/tpch/tpch-queries/q13/v2_correlated.sql,warmup,1,1,1,2,4.309310,4.309310,4132.289,0.177021,0.002420,0.004377,7168,0,43.578552246093750000,35.166564941406250000,,
2026-09-11T23:30:04Z,1EADCA047B30C415,18.4,queries/tpch/tpch-queries/q13/v2_correlated.sql,warmup,2,1,1,2,1.925468,1.925468,1877.586,0.047882,0.000986,0.006758,7168,0,21.555419921875000000,19.182556152343750000,,
2026-09-11T23:30:07Z,1EADCA047B30C415,18.4,queries/tpch/tpch-queries/q13/v2_correlated.sql,measured,1,1,1,2,1.983984,1.983984,1892.050,0.091934,0.003670,0.005647,7168,0,21.609741210937500000,19.104187011718750000,,
2026-09-11T23:30:10Z,1EADCA047B30C415,18.4,queries/tpch/tpch-queries/q13/v2_correlated.sql,measured,1,2,1,2,3.714962,1.857481,3673.941,0.041021,0.000920,0.007001,7168,0,41.155090332031250000,36.615051269531250000,,
2026-09-11T23:30:18Z,1EADCA047B30C415,18.4,queries/tpch/tpch-queries/q13/v2_correlated.sql,measured,1,4,1,2,7.419695,1.854924,7323.299,0.096396,0.007003,0.000914,7168,0,81.763183593750000000,72.695983886718750000,,
2026-09-11T23:30:32Z,1EADCA047B30C415,18.4,queries/tpch/tpch-queries/q13/v2_correlated.sql,measured,1,8,1,2,14.639127,1.829891,14538.930,0.100197,0.002845,0.005650,7168,0,161.539855957031250000,143.603210449218750000,,
2026-09-11T23:31:01Z,1EADCA047B30C415,18.4,queries/tpch/tpch-queries/q13/v2_correlated.sql,measured,1,16,1,2,29.063708,1.816482,28964.778,0.098930,0.005078,0.002758,7168,0,322.299987792968750000,287.121215820312500000,,
2026-09-11T23:31:06Z,E9B80A72E6A0363E,18.4,queries/tpch/tpch-queries/q19/base.sql,warmup,1,1,1,2,1.126676,1.126676,947.294,0.179382,0.001781,0.005233,7168,0,24.737304687500000000,22.053039550781250000,,
2026-09-11T23:31:06Z,E9B80A72E6A0363E,18.4,queries/tpch/tpch-queries/q19/base.sql,warmup,2,1,1,2,0.399796,0.399796,359.977,0.039819,0.005114,0.001729,7168,0,13.705871582031250000,13.152282714843750000,,
2026-09-11T23:31:07Z,E9B80A72E6A0363E,18.4,queries/tpch/tpch-queries/q19/base.sql,measured,1,1,1,2,0.542766,0.542766,440.070,0.102696,0.006136,0.001799,7168,0,12.321166992187500000,11.550781250000000000,,
2026-09-11T23:31:08Z,E9B80A72E6A0363E,18.4,queries/tpch/tpch-queries/q19/base.sql,measured,1,2,1,2,0.868824,0.434412,772.829,0.095995,0.000000,0.007699,7168,0,25.209594726562500000,23.913574218750000000,,
2026-09-11T23:31:09Z,E9B80A72E6A0363E,18.4,queries/tpch/tpch-queries/q19/base.sql,measured,1,4,1,2,1.555719,0.388930,1457.616,0.098103,0.001856,0.005483,7168,0,51.320495605468750000,49.132385253906250000,,
2026-09-11T23:31:12Z,E9B80A72E6A0363E,18.4,queries/tpch/tpch-queries/q19/base.sql,measured,1,8,1,2,3.005343,0.375668,2906.051,0.099292,0.001642,0.005839,7168,0,99.298034667968750000,94.860656738281250000,,
2026-09-11T23:31:18Z,E9B80A72E6A0363E,18.4,queries/tpch/tpch-queries/q19/base.sql,measured,1,16,1,2,6.135614,0.383476,6082.057,0.053557,0.000000,0.007131,7168,0,182.933105468750000000,174.170471191406250000,,
2026-09-11T23:31:23Z,3C3F4820BF2029AC,18.4,queries/tpch/tpch-queries/q06/v1_materialized.sql,warmup,1,1,1,2,1.037651,1.037651,861.123,0.176528,0.002026,0.004800,7168,0,20.447753906250000000,17.908874511718750000,,
2026-09-11T23:31:24Z,3C3F4820BF2029AC,18.4,queries/tpch/tpch-queries/q06/v1_materialized.sql,warmup,2,1,1,2,0.282381,0.282381,243.399,0.038982,0.002059,0.004936,7168,0,8.686462402343750000,8.270019531250000000,,
2026-09-11T23:31:24Z,3C3F4820BF2029AC,18.4,queries/tpch/tpch-queries/q06/v1_materialized.sql,measured,1,1,1,2,0.376633,0.376633,279.568,0.097065,0.003896,0.003731,7168,0,7.929687500000000000,7.312072753906250000,,
2026-09-11T23:31:25Z,3C3F4820BF2029AC,18.4,queries/tpch/tpch-queries/q06/v1_materialized.sql,measured,1,2,1,2,0.623568,0.311784,521.353,0.102215,0.004226,0.004027,7168,0,15.504028320312500000,14.477722167968750000,,
2026-09-11T23:31:26Z,3C3F4820BF2029AC,18.4,queries/tpch/tpch-queries/q06/v1_materialized.sql,measured,1,4,1,2,1.070638,0.267660,972.075,0.098563,0.003416,0.004255,7168,0,30.245849609375000000,28.643920898437500000,,
2026-09-11T23:31:28Z,3C3F4820BF2029AC,18.4,queries/tpch/tpch-queries/q06/v1_materialized.sql,measured,1,8,1,2,1.965322,0.245665,1871.324,0.093998,0.003178,0.004057,7168,0,60.699584960937500000,57.693054199218750000,,
2026-09-11T23:31:32Z,3C3F4820BF2029AC,18.4,queries/tpch/tpch-queries/q06/v1_materialized.sql,measured,1,16,1,2,3.992109,0.249507,3888.930,0.103179,0.001969,0.005807,7168,0,111.699401855468750000,105.512512207031250000,,
2026-09-11T23:31:41Z,579137C5200242E5,18.4,queries/tpch/tpch-queries/q18/base.sql,warmup,1,1,1,2,5.743618,5.743618,5556.624,0.186994,0.001766,0.005154,7168,0,144.319091796875000000,132.754211425781250000,,
2026-09-11T23:31:46Z,579137C5200242E5,18.4,queries/tpch/tpch-queries/q18/base.sql,warmup,2,1,1,2,4.632300,4.632300,4539.576,0.092724,0.003598,0.003594,7168,0,122.754760742187500000,115.916442871093750000,,
2026-09-11T23:31:50Z,579137C5200242E5,18.4,queries/tpch/tpch-queries/q18/base.sql,measured,1,1,1,2,4.691080,4.691080,4634.064,0.057016,0.002982,0.004881,7168,0,118.782226562500000000,111.954345703125000000,,
2026-09-11T23:32:00Z,579137C5200242E5,18.4,queries/tpch/tpch-queries/q18/base.sql,measured,1,2,1,2,9.445643,4.722822,9344.994,0.100649,0.002637,0.005310,7168,0,229.045227050781250000,215.227478027343750000,,
2026-09-11T23:32:19Z,579137C5200242E5,18.4,queries/tpch/tpch-queries/q18/base.sql,measured,1,4,1,2,19.459273,4.864818,19351.319,0.107954,0.004744,0.003754,7168,0,430.637695312500000000,402.125732421875000000,,
2026-09-11T23:32:58Z,579137C5200242E5,18.4,queries/tpch/tpch-queries/q18/base.sql,measured,1,8,1,2,38.987303,4.873413,38813.299,0.174004,0.008152,0.008783,7168,0,857.155273437500000000,801.080688476562500000,,
2026-09-11T23:34:16Z,579137C5200242E5,18.4,queries/tpch/tpch-queries/q18/base.sql,measured,1,16,1,2,77.724113,4.857757,77596.657,0.127456,0.001863,0.006582,7168,0,1705.681396484375000000,1594.356506347656250000,,
2026-09-11T23:34:21Z,0E737B31405243A2,18.4,queries/tpch/tpch-queries/q14/base.sql,warmup,1,1,1,2,1.092828,1.092828,910.016,0.182812,0.002772,0.004447,7168,0,21.582336425781250000,18.916748046875000000,,
2026-09-11T23:34:21Z,0E737B31405243A2,18.4,queries/tpch/tpch-queries/q14/base.sql,warmup,2,1,1,2,0.327368,0.327368,283.566,0.043802,0.002285,0.005431,7168,0,8.380187988281250000,7.901000976562500000,,
2026-09-11T23:34:22Z,0E737B31405243A2,18.4,queries/tpch/tpch-queries/q14/base.sql,measured,1,1,1,2,0.415776,0.415776,318.703,0.097073,0.003422,0.004279,7168,0,7.934448242187500000,7.276794433593750000,,
2026-09-11T23:34:22Z,0E737B31405243A2,18.4,queries/tpch/tpch-queries/q14/base.sql,measured,1,2,1,2,0.713370,0.356685,567.567,0.145803,0.002871,0.004889,7168,0,16.636352539062500000,15.453613281250000000,,
2026-09-11T23:34:23Z,0E737B31405243A2,18.4,queries/tpch/tpch-queries/q14/base.sql,measured,1,4,1,2,1.160710,0.290177,1106.098,0.054612,0.003988,0.003884,7168,0,31.678405761718750000,29.959777832031250000,,
2026-09-11T23:34:26Z,0E737B31405243A2,18.4,queries/tpch/tpch-queries/q14/base.sql,measured,1,8,1,2,2.244892,0.280612,2149.063,0.095829,0.003536,0.003535,7168,0,62.468688964843750000,59.024047851562500000,,
2026-09-11T23:34:30Z,0E737B31405243A2,18.4,queries/tpch/tpch-queries/q14/base.sql,measured,1,16,1,2,4.527520,0.282970,4387.109,0.140411,0.001656,0.005339,7168,0,116.825256347656250000,109.812866210937500000,,
2026-09-11T23:34:40Z,CD9400F466DC67CE,18.4,queries/tpch/tpch-queries/q18/base.sql,warmup,1,1,1,2,5.543624,5.543624,5358.360,0.185264,0.001587,0.005219,7168,0,144.182800292968750000,132.767272949218750000,,
2026-09-11T23:34:44Z,CD9400F466DC67CE,18.4,queries/tpch/tpch-queries/q18/base.sql,warmup,2,1,1,2,4.661005,4.661005,4620.279,0.040726,0.001935,0.005256,7168,0,121.377502441406250000,114.594726562500000000,,
2026-09-11T23:34:49Z,CD9400F466DC67CE,18.4,queries/tpch/tpch-queries/q18/base.sql,measured,1,1,1,2,4.785702,4.785702,4686.261,0.099441,0.001987,0.005816,7168,0,119.061950683593750000,112.141601562500000000,,
2026-09-11T23:34:59Z,CD9400F466DC67CE,18.4,queries/tpch/tpch-queries/q18/base.sql,measured,1,2,1,2,9.846273,4.923137,9736.734,0.109539,0.003770,0.004880,7168,0,219.140502929687500000,205.055053710937500000,,
2026-09-11T23:35:18Z,CD9400F466DC67CE,18.4,queries/tpch/tpch-queries/q18/base.sql,measured,1,4,1,2,19.631412,4.907853,19507.898,0.123514,0.002858,0.005735,7168,0,430.314086914062500000,401.988586425781250000,,
2026-09-11T23:35:57Z,CD9400F466DC67CE,18.4,queries/tpch/tpch-queries/q18/base.sql,measured,1,8,1,2,38.923259,4.865407,38799.074,0.124185,0.004676,0.003624,7168,0,854.177673339843750000,798.185791015625000000,,
2026-09-11T23:37:15Z,CD9400F466DC67CE,18.4,queries/tpch/tpch-queries/q18/base.sql,measured,1,16,1,2,77.986164,4.874135,77845.828,0.140336,0.002865,0.005729,7168,0,1711.476196289062500000,1599.713623046875000000,,
2026-09-11T23:37:26Z,22835EB735B5AB7E,18.4,queries/tpch/tpch-queries/q07/v1_materialized.sql,warmup,1,1,1,2,7.310819,7.310819,7122.326,0.188493,0.007038,0.000000,7168,0,50.574829101562500000,34.856323242187500000,,
2026-09-11T23:37:27Z,22835EB735B5AB7E,18.4,queries/tpch/tpch-queries/q07/v1_materialized.sql,warmup,2,1,1,2,0.341013,0.341013,299.796,0.041217,0.001856,0.005437,7168,0,5.898681640625000000,5.387023925781250000,,
2026-09-11T23:37:27Z,22835EB735B5AB7E,18.4,queries/tpch/tpch-queries/q07/v1_materialized.sql,measured,1,1,1,2,0.402838,0.402838,305.060,0.097778,0.002703,0.006366,7168,0,5.758361816406250000,5.150939941406250000,,
2026-09-11T23:37:28Z,22835EB735B5AB7E,18.4,queries/tpch/tpch-queries/q07/v1_materialized.sql,measured,1,2,1,2,0.674623,0.337312,578.208,0.096415,0.003974,0.004091,7168,0,10.444824218750000000,9.454345703125000000,,
2026-09-11T23:37:29Z,22835EB735B5AB7E,18.4,queries/tpch/tpch-queries/q07/v1_materialized.sql,measured,1,4,1,2,1.273419,0.318355,1124.910,0.148509,0.003075,0.005057,7168,0,20.723327636718750000,18.855773925781250000,,
2026-09-11T23:37:31Z,22835EB735B5AB7E,18.4,queries/tpch/tpch-queries/q07/v1_materialized.sql,measured,1,8,1,2,2.258747,0.282343,2206.675,0.052072,0.000000,0.007621,7168,0,38.604980468750000000,35.378051757812500000,,
2026-09-11T23:37:36Z,22835EB735B5AB7E,18.4,queries/tpch/tpch-queries/q07/v1_materialized.sql,measured,1,16,1,2,4.503847,0.281490,4388.262,0.115585,0.003501,0.004397,7168,0,77.396179199218750000,70.873779296875000000,,
2026-09-11T23:37:41Z,A16072A7D78E860F,18.4,queries/tpch/tpch-queries/q15/base.sql,warmup,1,1,1,2,1.111015,1.111015,927.121,0.183894,0.004226,0.002854,7168,0,21.710510253906250000,19.037536621093750000,,
2026-09-11T23:37:41Z,A16072A7D78E860F,18.4,queries/tpch/tpch-queries/q15/base.sql,warmup,2,1,1,2,0.321998,0.321998,282.058,0.039940,0.001727,0.005485,7168,0,10.049438476562500000,9.561401367187500000,,
2026-09-11T23:37:42Z,A16072A7D78E860F,18.4,queries/tpch/tpch-queries/q15/base.sql,measured,1,1,1,2,0.433426,0.433426,333.837,0.099589,0.004477,0.003185,7168,0,9.293273925781250000,8.537902832031250000,,
2026-09-11T23:37:42Z,A16072A7D78E860F,18.4,queries/tpch/tpch-queries/q15/base.sql,measured,1,2,1,2,0.647028,0.323514,557.829,0.089199,0.002634,0.004865,7168,0,19.685058593750000000,18.605407714843750000,,
2026-09-11T23:37:44Z,A16072A7D78E860F,18.4,queries/tpch/tpch-queries/q15/base.sql,measured,1,4,1,2,1.214686,0.303671,1163.525,0.051161,0.003049,0.004325,7168,0,35.247924804687500000,33.369567871093750000,,
2026-09-11T23:37:46Z,A16072A7D78E860F,18.4,queries/tpch/tpch-queries/q15/base.sql,measured,1,8,1,2,2.324516,0.290564,2230.506,0.094010,0.003612,0.003646,7168,0,70.248840332031250000,66.646301269531250000,,
2026-09-11T23:37:51Z,A16072A7D78E860F,18.4,queries/tpch/tpch-queries/q15/base.sql,measured,1,16,1,2,4.682776,0.292673,4581.781,0.100995,0.005460,0.001861,7168,0,131.296875000000000000,123.951293945312500000,,
2026-09-11T23:37:56Z,FAACD2A0244E7801,18.4,queries/tpch/tpch-queries/q10/v1_materialized.sql,warmup,1,1,1,2,2.008283,2.008283,1819.315,0.188968,0.002495,0.004605,7168,0,25.622619628906250000,21.161254882812500000,,
2026-09-11T23:37:57Z,FAACD2A0244E7801,18.4,queries/tpch/tpch-queries/q10/v1_materialized.sql,warmup,2,1,1,2,0.304296,0.304296,263.800,0.040496,0.005355,0.001865,7168,0,8.453552246093750000,8.006164550781250000,,
2026-09-11T23:37:57Z,FAACD2A0244E7801,18.4,queries/tpch/tpch-queries/q10/v1_materialized.sql,measured,1,1,1,2,0.373780,0.373780,272.532,0.101248,0.003560,0.003995,7168,0,8.467224121093750000,7.851257324218750000,,
2026-09-11T23:37:58Z,FAACD2A0244E7801,18.4,queries/tpch/tpch-queries/q10/v1_materialized.sql,measured,1,2,1,2,0.605251,0.302626,511.324,0.093927,0.002051,0.005008,7168,0,16.372680664062500000,15.483886718750000000,,
2026-09-11T23:37:59Z,FAACD2A0244E7801,18.4,queries/tpch/tpch-queries/q10/v1_materialized.sql,measured,1,4,1,2,1.085049,0.271262,1028.973,0.056076,0.002728,0.004602,7168,0,30.800354003906250000,29.257568359375000000,,
2026-09-11T23:38:01Z,FAACD2A0244E7801,18.4,queries/tpch/tpch-queries/q10/v1_materialized.sql,measured,1,8,1,2,2.176448,0.272056,2078.099,0.098349,0.002086,0.005015,7168,0,57.812500000000000000,54.595886230468750000,,
2026-09-11T23:38:05Z,FAACD2A0244E7801,18.4,queries/tpch/tpch-queries/q10/v1_materialized.sql,measured,1,16,1,2,4.260547,0.266284,4145.831,0.114716,0.000000,0.007696,7168,0,113.973205566406250000,107.721923828125000000,,
2026-09-11T23:38:10Z,340F577F27D81F78,18.4,queries/tpch/tpch-queries/q06/v1_materialized.sql,warmup,1,1,1,2,1.063008,1.063008,886.481,0.176527,0.001042,0.005965,7168,0,20.684692382812500000,18.120178222656250000,,
2026-09-11T23:38:10Z,340F577F27D81F78,18.4,queries/tpch/tpch-queries/q06/v1_materialized.sql,warmup,2,1,1,2,0.286323,0.286323,244.161,0.042162,0.001883,0.005557,7168,0,8.720336914062500000,8.302795410156250000,,
2026-09-11T23:38:11Z,340F577F27D81F78,18.4,queries/tpch/tpch-queries/q06/v1_materialized.sql,measured,1,1,1,2,0.394003,0.394003,293.117,0.100886,0.002715,0.005363,7168,0,7.845153808593750000,7.225524902343750000,,
2026-09-11T23:38:11Z,340F577F27D81F78,18.4,queries/tpch/tpch-queries/q06/v1_materialized.sql,measured,1,2,1,2,0.611877,0.305939,510.245,0.101632,0.004029,0.003865,7168,0,15.619445800781250000,14.657104492187500000,,
2026-09-11T23:38:12Z,340F577F27D81F78,18.4,queries/tpch/tpch-queries/q06/v1_materialized.sql,measured,1,4,1,2,1.059936,0.264984,974.805,0.085131,0.002751,0.004517,7168,0,29.538330078125000000,27.944213867187500000,,
2026-09-11T23:38:14Z,340F577F27D81F78,18.4,queries/tpch/tpch-queries/q06/v1_materialized.sql,measured,1,8,1,2,2.022084,0.252760,1925.497,0.096587,0.002261,0.005397,7168,0,58.356079101562500000,55.293212890625000000,,
2026-09-11T23:38:18Z,340F577F27D81F78,18.4,queries/tpch/tpch-queries/q06/v1_materialized.sql,measured,1,16,1,2,4.078632,0.254915,3971.276,0.107356,0.004546,0.002760,7168,0,108.272521972656250000,102.062988281250000000,,
2026-09-11T23:38:23Z,B48F434C1E4AF07E,18.4,queries/tpch/tpch-queries/q16/v2_not_exists.sql,warmup,1,1,1,2,0.607924,0.607924,375.151,0.232773,0.004375,0.002703,7168,0,8.402038574218750000,7.230285644531250000,,
2026-09-11T23:38:23Z,B48F434C1E4AF07E,18.4,queries/tpch/tpch-queries/q16/v2_not_exists.sql,warmup,2,1,1,2,0.272831,0.272831,206.193,0.066638,0.004414,0.005965,7168,0,5.972717285156250000,5.615478515625000000,,
2026-09-11T23:38:23Z,B48F434C1E4AF07E,18.4,queries/tpch/tpch-queries/q16/v2_not_exists.sql,measured,1,1,1,2,0.306014,0.306014,205.866,0.100148,0.002764,0.005611,7168,0,6.220947265625000000,5.776123046875000000,,
2026-09-11T23:38:24Z,B48F434C1E4AF07E,18.4,queries/tpch/tpch-queries/q16/v2_not_exists.sql,measured,1,2,1,2,0.461547,0.230774,403.438,0.058109,0.003529,0.005509,7168,0,11.614257812500000000,10.990966796875000000,,
2026-09-11T23:38:25Z,B48F434C1E4AF07E,18.4,queries/tpch/tpch-queries/q16/v2_not_exists.sql,measured,1,4,1,2,0.937789,0.234447,839.137,0.098652,0.003886,0.004043,7168,0,22.620788574218750000,21.314636230468750000,,
2026-09-11T23:38:27Z,B48F434C1E4AF07E,18.4,queries/tpch/tpch-queries/q16/v2_not_exists.sql,measured,1,8,1,2,1.844826,0.230603,1745.665,0.099161,0.002035,0.005981,7168,0,42.653869628906250000,40.259887695312500000,,
2026-09-11T23:38:30Z,B48F434C1E4AF07E,18.4,queries/tpch/tpch-queries/q16/v2_not_exists.sql,measured,1,16,1,2,3.450677,0.215667,3343.269,0.107408,0.001955,0.005780,7168,0,88.255432128906250000,83.535156250000000000,,
2026-09-11T23:38:34Z,40977BC9361E3975,18.4,queries/tpch/tpch-queries/q22/v2_anti_join.sql,warmup,1,1,1,2,0.488047,0.488047,305.255,0.182792,0.000000,0.006838,7168,0,6.761413574218750000,5.686889648437500000,,
2026-09-11T23:38:34Z,40977BC9361E3975,18.4,queries/tpch/tpch-queries/q22/v2_anti_join.sql,warmup,2,1,1,2,0.145788,0.145788,105.968,0.039820,0.003701,0.003271,7168,0,3.848083496093750000,3.633483886718750000,,
2026-09-11T23:38:34Z,40977BC9361E3975,18.4,queries/tpch/tpch-queries/q22/v2_anti_join.sql,measured,1,1,1,2,0.203365,0.203365,100.930,0.102435,0.002694,0.005515,7168,0,3.846374511718750000,3.500793457031250000,,
2026-09-11T23:38:35Z,40977BC9361E3975,18.4,queries/tpch/tpch-queries/q22/v2_anti_join.sql,measured,1,2,1,2,0.305041,0.152520,200.676,0.104365,0.003627,0.004502,7168,0,6.972167968750000000,6.500671386718750000,,
2026-09-11T23:38:35Z,40977BC9361E3975,18.4,queries/tpch/tpch-queries/q22/v2_anti_join.sql,measured,1,4,1,2,0.517316,0.129329,414.054,0.103262,0.003215,0.004706,7168,0,12.278381347656250000,11.501647949218750000,,
2026-09-11T23:38:36Z,40977BC9361E3975,18.4,queries/tpch/tpch-queries/q22/v2_anti_join.sql,measured,1,8,1,2,0.908835,0.113604,800.173,0.108662,0.001842,0.006359,7168,0,24.584655761718750000,23.142395019531250000,,
2026-09-11T23:38:38Z,40977BC9361E3975,18.4,queries/tpch/tpch-queries/q22/v2_anti_join.sql,measured,1,16,1,2,1.723533,0.107721,1673.024,0.050509,0.004429,0.002708,7168,0,48.637023925781250000,46.168457031250000000,,
2026-09-11T23:38:43Z,04D72C9531F7A2A0,18.4,queries/tpch/tpch-queries/q04/v2_in.sql,warmup,1,1,1,2,1.714267,1.714267,1533.551,0.180716,0.004033,0.003464,7168,0,15.955261230468750000,12.116638183593750000,,
2026-09-11T23:38:43Z,04D72C9531F7A2A0,18.4,queries/tpch/tpch-queries/q04/v2_in.sql,warmup,2,1,1,2,0.132946,0.132946,91.834,0.041112,0.004834,0.003858,7168,0,3.745422363281250000,3.542541503906250000,,
2026-09-11T23:38:43Z,04D72C9531F7A2A0,18.4,queries/tpch/tpch-queries/q04/v2_in.sql,measured,1,1,1,2,0.186238,0.186238,92.316,0.093922,0.003649,0.004695,7168,0,3.945922851562500000,3.614868164062500000,,
2026-09-11T23:38:44Z,04D72C9531F7A2A0,18.4,queries/tpch/tpch-queries/q04/v2_in.sql,measured,1,2,1,2,0.304131,0.152066,200.655,0.103476,0.002758,0.005430,7168,0,6.089660644531250000,5.604797363281250000,,
2026-09-11T23:38:44Z,04D72C9531F7A2A0,18.4,queries/tpch/tpch-queries/q04/v2_in.sql,measured,1,4,1,2,0.465815,0.116454,366.200,0.099615,0.002855,0.004920,7168,0,12.476745605468750000,11.678649902343750000,,
2026-09-11T23:38:45Z,04D72C9531F7A2A0,18.4,queries/tpch/tpch-queries/q04/v2_in.sql,measured,1,8,1,2,0.801007,0.100126,703.884,0.097123,0.000900,0.006325,7168,0,24.391540527343750000,23.147705078125000000,,
2026-09-11T23:38:47Z,04D72C9531F7A2A0,18.4,queries/tpch/tpch-queries/q04/v2_in.sql,measured,1,16,1,2,1.497402,0.093588,1398.484,0.098918,0.003103,0.003958,7168,0,47.561279296875000000,45.317260742187500000,,
2026-09-11T23:38:52Z,5D7215B0BB4C3051,18.4,queries/tpch/tpch-queries/q10/base.sql,warmup,1,1,1,2,1.957725,1.957725,1765.433,0.192292,0.003140,0.003897,7168,0,24.905578613281250000,20.527038574218750000,,
2026-09-11T23:38:53Z,5D7215B0BB4C3051,18.4,queries/tpch/tpch-queries/q10/base.sql,warmup,2,1,1,2,0.294747,0.294747,252.811,0.041936,0.000000,0.007007,7168,0,8.231506347656250000,7.807739257812500000,,
2026-09-11T23:38:53Z,5D7215B0BB4C3051,18.4,queries/tpch/tpch-queries/q10/base.sql,measured,1,1,1,2,0.323012,0.323012,264.415,0.058597,0.002932,0.004880,7168,0,7.992248535156250000,7.455627441406250000,,
2026-09-11T23:38:54Z,5D7215B0BB4C3051,18.4,queries/tpch/tpch-queries/q10/base.sql,measured,1,2,1,2,0.529489,0.264745,487.700,0.041789,0.005350,0.001825,7168,0,15.762084960937500000,14.998046875000000000,,
2026-09-11T23:38:55Z,5D7215B0BB4C3051,18.4,queries/tpch/tpch-queries/q10/base.sql,measured,1,4,1,2,1.075019,0.268755,978.021,0.096998,0.003655,0.003668,7168,0,30.510314941406250000,28.961853027343750000,,
2026-09-11T23:38:57Z,5D7215B0BB4C3051,18.4,queries/tpch/tpch-queries/q10/base.sql,measured,1,8,1,2,2.047071,0.255884,1944.509,0.102562,0.003709,0.003783,7168,0,58.339355468750000000,55.410400390625000000,,
2026-09-11T23:39:01Z,5D7215B0BB4C3051,18.4,queries/tpch/tpch-queries/q10/base.sql,measured,1,16,1,2,3.975603,0.248475,3872.343,0.103260,0.003557,0.003557,7168,0,112.511779785156250000,106.718322753906250000,,
2026-09-11T23:39:06Z,C6BF8ADD4C2E2ED2,18.4,queries/tpch/tpch-queries/q13/v1_materialized.sql,warmup,1,1,1,2,1.872387,1.872387,1638.735,0.233652,0.002461,0.004519,7168,0,13.191162109375000000,9.296875000000000000,,
2026-09-11T23:39:08Z,C6BF8ADD4C2E2ED2,18.4,queries/tpch/tpch-queries/q13/v1_materialized.sql,warmup,2,1,1,2,1.464848,1.464848,1423.573,0.041275,0.004455,0.003582,7168,0,10.164611816406250000,8.256713867187500000,,
2026-09-11T23:39:09Z,C6BF8ADD4C2E2ED2,18.4,queries/tpch/tpch-queries/q13/v1_materialized.sql,measured,1,1,1,2,1.468938,1.468938,1425.021,0.043917,0.004070,0.004988,7168,0,10.119934082031250000,8.333679199218750000,,
2026-09-11T23:39:12Z,C6BF8ADD4C2E2ED2,18.4,queries/tpch/tpch-queries/q13/v1_materialized.sql,measured,1,2,1,2,2.888534,1.444267,2747.874,0.140660,0.002965,0.005832,7168,0,20.747070312500000000,16.991027832031250000,,
2026-09-11T23:39:18Z,C6BF8ADD4C2E2ED2,18.4,queries/tpch/tpch-queries/q13/v1_materialized.sql,measured,1,4,1,2,5.521994,1.380499,5472.901,0.049093,0.002896,0.005874,7168,0,40.181518554687500000,33.400512695312500000,,
2026-09-11T23:39:29Z,C6BF8ADD4C2E2ED2,18.4,queries/tpch/tpch-queries/q13/v1_materialized.sql,measured,1,8,1,2,10.876310,1.359539,10728.514,0.147796,0.003020,0.005201,7168,0,81.289916992187500000,68.098571777343750000,,
2026-09-11T23:39:50Z,C6BF8ADD4C2E2ED2,18.4,queries/tpch/tpch-queries/q13/v1_materialized.sql,measured,1,16,1,2,21.615016,1.350939,21508.753,0.106263,0.004714,0.003759,7168,0,160.603942871093750000,134.622863769531250000,,
2026-09-11T23:39:58Z,AF7DEE83FCDA69F5,18.4,queries/tpch/tpch-queries/q13/v2_correlated.sql,warmup,1,1,1,2,4.599495,4.599495,4420.565,0.178930,0.002049,0.004804,7168,0,43.557861328125000000,34.611083984375000000,,
2026-09-11T23:40:00Z,AF7DEE83FCDA69F5,18.4,queries/tpch/tpch-queries/q13/v2_correlated.sql,warmup,2,1,1,2,1.988697,1.988697,1892.677,0.096020,0.004488,0.002740,7168,0,21.517822265625000000,19.127563476562500000,,
2026-09-11T23:40:02Z,AF7DEE83FCDA69F5,18.4,queries/tpch/tpch-queries/q13/v2_correlated.sql,measured,1,1,1,2,1.941726,1.941726,1900.399,0.041327,0.003860,0.003802,7168,0,21.807739257812500000,19.256225585937500000,,
2026-09-11T23:40:06Z,AF7DEE83FCDA69F5,18.4,queries/tpch/tpch-queries/q13/v2_correlated.sql,measured,1,2,1,2,3.765071,1.882535,3674.007,0.091064,0.004626,0.003666,7168,0,41.233642578125000000,36.586425781250000000,,
2026-09-11T23:40:13Z,AF7DEE83FCDA69F5,18.4,queries/tpch/tpch-queries/q13/v2_correlated.sql,measured,1,4,1,2,7.414134,1.853533,7274.678,0.139456,0.003592,0.004504,7168,0,81.872070312500000000,72.889404296875000000,,
2026-09-11T23:40:28Z,AF7DEE83FCDA69F5,18.4,queries/tpch/tpch-queries/q13/v2_correlated.sql,measured,1,8,1,2,14.463883,1.807985,14416.689,0.047194,0.000000,0.007887,7168,0,161.030944824218750000,143.739562988281250000,,
2026-09-11T23:40:57Z,AF7DEE83FCDA69F5,18.4,queries/tpch/tpch-queries/q13/v2_correlated.sql,measured,1,16,1,2,28.821995,1.801375,28723.356,0.098639,0.003562,0.004461,7168,0,320.343444824218750000,285.386657714843750000,,
2026-09-11T23:41:02Z,03EA70351741A47C,18.4,queries/tpch/tpch-queries/q10/v1_materialized.sql,warmup,1,1,1,2,2.031274,2.031274,1841.407,0.189867,0.001753,0.005136,7168,0,25.130371093750000000,20.698791503906250000,,
2026-09-11T23:41:02Z,03EA70351741A47C,18.4,queries/tpch/tpch-queries/q10/v1_materialized.sql,warmup,2,1,1,2,0.304938,0.304938,264.593,0.040345,0.003896,0.003082,7168,0,8.231140136718750000,7.729492187500000000,,
2026-09-11T23:41:03Z,03EA70351741A47C,18.4,queries/tpch/tpch-queries/q10/v1_materialized.sql,measured,1,1,1,2,0.304365,0.304365,263.863,0.040502,0.002706,0.004394,7168,0,8.127685546875000000,7.724121093750000000,,
2026-09-11T23:41:03Z,03EA70351741A47C,18.4,queries/tpch/tpch-queries/q10/v1_materialized.sql,measured,1,2,1,2,0.611816,0.305908,515.816,0.096000,0.002161,0.005196,7168,0,15.613281250000000000,14.726562500000000000,,
2026-09-11T23:41:04Z,03EA70351741A47C,18.4,queries/tpch/tpch-queries/q10/v1_materialized.sql,measured,1,4,1,2,1.115764,0.278941,1018.826,0.096938,0.003284,0.004119,7168,0,30.328491210937500000,28.758056640625000000,,
2026-09-11T23:41:07Z,03EA70351741A47C,18.4,queries/tpch/tpch-queries/q10/v1_materialized.sql,measured,1,8,1,2,2.104675,0.263084,2001.292,0.103383,0.003014,0.004233,7168,0,60.206298828125000000,57.248596191406250000,,
2026-09-11T23:41:11Z,03EA70351741A47C,18.4,queries/tpch/tpch-queries/q10/v1_materialized.sql,measured,1,16,1,2,4.062664,0.253916,3953.755,0.108909,0.001919,0.005284,7168,0,121.134948730468750000,115.235900878906250000,,
2026-09-11T23:41:25Z,23828AF6CD44C662,18.4,queries/tpch/tpch-queries/q08/v1_materialized.sql,warmup,1,1,1,2,10.936558,10.936558,10741.578,0.194980,0.005022,0.002715,7168,0,48.075988769531250000,24.770996093750000000,,
2026-09-11T23:41:26Z,23828AF6CD44C662,18.4,queries/tpch/tpch-queries/q08/v1_materialized.sql,warmup,2,1,1,2,0.406789,0.406789,362.793,0.043996,0.003783,0.005875,7168,0,7.133361816406250000,6.583923339843750000,,
2026-09-11T23:41:26Z,23828AF6CD44C662,18.4,queries/tpch/tpch-queries/q08/v1_materialized.sql,measured,1,1,1,2,0.408782,0.408782,363.857,0.044925,0.004648,0.003272,7168,0,6.816711425781250000,6.250488281250000000,,
2026-09-11T23:41:27Z,23828AF6CD44C662,18.4,queries/tpch/tpch-queries/q08/v1_materialized.sql,measured,1,2,1,2,0.801438,0.400719,705.399,0.096039,0.001822,0.005966,7168,0,13.043395996093750000,11.820556640625000000,,
2026-09-11T23:41:28Z,23828AF6CD44C662,18.4,queries/tpch/tpch-queries/q08/v1_materialized.sql,measured,1,4,1,2,1.461916,0.365479,1362.673,0.099243,0.004736,0.002889,7168,0,24.879455566406250000,22.778015136718750000,,
2026-09-11T23:41:31Z,23828AF6CD44C662,18.4,queries/tpch/tpch-queries/q08/v1_materialized.sql,measured,1,8,1,2,2.765678,0.345710,2660.573,0.105105,0.004794,0.002923,7168,0,49.178344726562500000,45.222900390625000000,,
2026-09-11T23:41:37Z,23828AF6CD44C662,18.4,queries/tpch/tpch-queries/q08/v1_materialized.sql,measured,1,16,1,2,5.399151,0.337447,5286.168,0.112983,0.000883,0.006710,7168,0,97.464965820312500000,89.752929687500000000,,
2026-09-11T23:41:42Z,FAE3CC6E8D3B6A2B,18.4,queries/tpch/tpch-queries/q09/v1_materialized.sql,warmup,1,1,1,2,1.880398,1.880398,1693.122,0.187276,0.002064,0.004866,7168,0,36.701354980468750000,32.518371582031250000,,
2026-09-11T23:41:43Z,FAE3CC6E8D3B6A2B,18.4,queries/tpch/tpch-queries/q09/v1_materialized.sql,warmup,2,1,1,2,0.979211,0.979211,890.093,0.089118,0.003962,0.003100,7168,0,21.266967773437500000,19.782043457031250000,,
2026-09-11T23:41:44Z,FAE3CC6E8D3B6A2B,18.4,queries/tpch/tpch-queries/q09/v1_materialized.sql,measured,1,1,1,2,0.943396,0.943396,895.756,0.047640,0.001144,0.006665,7168,0,20.657714843750000000,19.359924316406250000,,
2026-09-11T23:41:46Z,FAE3CC6E8D3B6A2B,18.4,queries/tpch/tpch-queries/q09/v1_materialized.sql,measured,1,2,1,2,1.876160,0.938080,1773.433,0.102727,0.005291,0.002644,7168,0,41.510925292968750000,38.881042480468750000,,
2026-09-11T23:41:50Z,FAE3CC6E8D3B6A2B,18.4,queries/tpch/tpch-queries/q09/v1_materialized.sql,measured,1,4,1,2,3.611707,0.902927,3517.679,0.094028,0.001746,0.005376,7168,0,83.214843750000000000,77.871215820312500000,,
2026-09-11T23:41:57Z,FAE3CC6E8D3B6A2B,18.4,queries/tpch/tpch-queries/q09/v1_materialized.sql,measured,1,8,1,2,7.109330,0.888666,7009.858,0.099472,0.003654,0.003659,7168,0,166.682983398437500000,156.399780273437500000,,
2026-09-11T23:42:11Z,FAE3CC6E8D3B6A2B,18.4,queries/tpch/tpch-queries/q09/v1_materialized.sql,measured,1,16,1,2,14.313945,0.894622,14199.782,0.114163,0.004605,0.002492,7168,0,325.687377929687500000,305.088073730468750000,,
2026-09-11T23:42:15Z,718D6BE7A655DA18,18.4,queries/tpch/tpch-queries/q22/base.sql,warmup,1,1,1,2,0.309895,0.309895,127.586,0.182309,0.003616,0.003175,7168,0,2.936401367187500000,2.324218750000000000,,
2026-09-11T23:42:15Z,718D6BE7A655DA18,18.4,queries/tpch/tpch-queries/q22/base.sql,warmup,2,1,1,2,0.113292,0.113292,60.343,0.052949,0.003849,0.005869,7168,0,1.940124511718750000,1.770996093750000000,,
2026-09-11T23:42:16Z,718D6BE7A655DA18,18.4,queries/tpch/tpch-queries/q22/base.sql,measured,1,1,1,2,0.092079,0.092079,52.513,0.039566,0.002845,0.004124,7168,0,2.026489257812500000,1.900878906250000000,,
2026-09-11T23:42:16Z,718D6BE7A655DA18,18.4,queries/tpch/tpch-queries/q22/base.sql,measured,1,2,1,2,0.151576,0.075788,111.110,0.040466,0.001805,0.005311,7168,0,3.602172851562500000,3.381347656250000000,,
2026-09-11T23:42:16Z,718D6BE7A655DA18,18.4,queries/tpch/tpch-queries/q22/base.sql,measured,1,4,1,2,0.314946,0.078736,214.150,0.100796,0.003940,0.004844,7168,0,6.674804687500000000,6.204345703125000000,,
2026-09-11T23:42:17Z,718D6BE7A655DA18,18.4,queries/tpch/tpch-queries/q22/base.sql,measured,1,8,1,2,0.534820,0.066853,427.550,0.107270,0.003578,0.004518,7168,0,12.428161621093750000,11.620971679687500000,,
2026-09-11T23:42:17Z,718D6BE7A655DA18,18.4,queries/tpch/tpch-queries/q22/base.sql,measured,1,16,1,2,0.918538,0.057409,819.510,0.099028,0.003977,0.003053,7168,0,25.222839355468750000,23.876647949218750000,,
2026-09-11T23:42:22Z,A789F8D7B06BEDA2,18.4,queries/tpch/tpch-queries/q15/base.sql,warmup,1,1,1,2,1.108470,1.108470,925.610,0.182860,0.004349,0.002920,7168,0,21.359069824218750000,18.687988281250000000,,
2026-09-11T23:42:22Z,A789F8D7B06BEDA2,18.4,queries/tpch/tpch-queries/q15/base.sql,warmup,2,1,1,2,0.319033,0.319033,279.352,0.039681,0.002574,0.004472,7168,0,10.048156738281250000,9.565246582031250000,,
2026-09-11T23:42:23Z,A789F8D7B06BEDA2,18.4,queries/tpch/tpch-queries/q15/base.sql,measured,1,1,1,2,0.420907,0.420907,324.765,0.096142,0.001500,0.005816,7168,0,8.962890625000000000,8.273254394531250000,,
2026-09-11T23:42:24Z,A789F8D7B06BEDA2,18.4,queries/tpch/tpch-queries/q15/base.sql,measured,1,2,1,2,0.717982,0.358991,574.282,0.143700,0.003836,0.003798,7168,0,18.573669433593750000,17.362487792968750000,,
2026-09-11T23:42:25Z,A789F8D7B06BEDA2,18.4,queries/tpch/tpch-queries/q15/base.sql,measured,1,4,1,2,1.199428,0.299857,1149.910,0.049518,0.003205,0.004085,7168,0,34.592651367187500000,32.772399902343750000,,
2026-09-11T23:42:27Z,A789F8D7B06BEDA2,18.4,queries/tpch/tpch-queries/q15/base.sql,measured,1,8,1,2,2.330116,0.291265,2232.011,0.098105,0.002516,0.004704,7168,0,69.291809082031250000,65.666381835937500000,,
2026-09-11T23:42:32Z,A789F8D7B06BEDA2,18.4,queries/tpch/tpch-queries/q15/base.sql,measured,1,16,1,2,4.550648,0.284415,4449.799,0.100849,0.001554,0.005851,7168,0,135.258361816406250000,127.900695800781250000,,
2026-09-11T23:42:41Z,DB1981337E2ADCA0,18.4,queries/tpch/tpch-queries/q18/v2_join.sql,warmup,1,1,1,2,5.333361,5.333361,5148.672,0.184689,0.003230,0.003978,7168,0,145.751770019531250000,134.695617675781250000,,
2026-09-11T23:42:45Z,DB1981337E2ADCA0,18.4,queries/tpch/tpch-queries/q18/v2_join.sql,warmup,2,1,1,2,4.609845,4.609845,4568.997,0.040848,0.003270,0.004059,7168,0,121.953125000000000000,115.276367187500000000,,
2026-09-11T23:42:50Z,DB1981337E2ADCA0,18.4,queries/tpch/tpch-queries/q18/v2_join.sql,measured,1,1,1,2,4.762732,4.762732,4653.631,0.109101,0.004010,0.004188,7168,0,119.599609375000000000,112.564758300781250000,,
2026-09-11T23:43:00Z,DB1981337E2ADCA0,18.4,queries/tpch/tpch-queries/q18/v2_join.sql,measured,1,2,1,2,9.531997,4.765999,9431.122,0.100875,0.003260,0.004808,7168,0,229.404663085937500000,215.474975585937500000,,
2026-09-11T23:43:19Z,DB1981337E2ADCA0,18.4,queries/tpch/tpch-queries/q18/v2_join.sql,measured,1,4,1,2,19.587088,4.896772,19485.825,0.101263,0.003709,0.003768,7168,0,429.019226074218750000,400.528503417968750000,,
2026-09-11T23:43:58Z,DB1981337E2ADCA0,18.4,queries/tpch/tpch-queries/q18/v2_join.sql,measured,1,8,1,2,39.086126,4.885766,38913.098,0.173028,0.002434,0.005900,7168,0,856.836791992187500000,800.344604492187500000,,
2026-09-11T23:45:16Z,DB1981337E2ADCA0,18.4,queries/tpch/tpch-queries/q18/v2_join.sql,measured,1,16,1,2,77.725435,4.857840,77666.773,0.058662,0.005370,0.002028,7168,0,1706.415466308593750000,1594.563415527343750000,,
2026-09-11T23:45:20Z,8BA846E817C0F492,18.4,queries/tpch/tpch-queries/q11/v1_materialized.sql,warmup,1,1,1,2,0.399024,0.399024,219.756,0.179268,0.002524,0.004439,7168,0,4.783081054687500000,3.943908691406250000,,
2026-09-11T23:45:20Z,8BA846E817C0F492,18.4,queries/tpch/tpch-queries/q11/v1_materialized.sql,warmup,2,1,1,2,0.124452,0.124452,83.925,0.040527,0.000967,0.006722,7168,0,3.193359375000000000,3.012695312500000000,,
2026-09-11T23:45:21Z,8BA846E817C0F492,18.4,queries/tpch/tpch-queries/q11/v1_materialized.sql,measured,1,1,1,2,0.187109,0.187109,82.247,0.104862,0.004445,0.004440,7168,0,3.202575683593750000,2.891357421875000000,,
2026-09-11T23:45:21Z,8BA846E817C0F492,18.4,queries/tpch/tpch-queries/q11/v1_materialized.sql,measured,1,2,1,2,0.272270,0.136135,161.887,0.110383,0.003954,0.005896,7168,0,5.675781250000000000,5.240722656250000000,,
2026-09-11T23:45:21Z,8BA846E817C0F492,18.4,queries/tpch/tpch-queries/q11/v1_materialized.sql,measured,1,4,1,2,0.496328,0.124082,372.622,0.123706,0.004823,0.004895,7168,0,9.783142089843750000,8.980346679687500000,,
2026-09-11T23:45:22Z,8BA846E817C0F492,18.4,queries/tpch/tpch-queries/q11/v1_materialized.sql,measured,1,8,1,2,0.682037,0.085255,635.061,0.046976,0.003586,0.004397,7168,0,20.162048339843750000,19.044555664062500000,,
2026-09-11T23:45:24Z,8BA846E817C0F492,18.4,queries/tpch/tpch-queries/q11/v1_materialized.sql,measured,1,16,1,2,1.575108,0.098444,1430.502,0.144606,0.003650,0.004512,7168,0,38.158996582031250000,35.776367187500000000,,
2026-09-11T23:45:29Z,939C743CC4657F1D,18.4,queries/tpch/tpch-queries/q03/base.sql,warmup,1,1,1,2,1.489304,1.489304,1302.087,0.187217,0.002047,0.004831,7168,0,25.897460937500000000,22.432312011718750000,,
2026-09-11T23:45:29Z,939C743CC4657F1D,18.4,queries/tpch/tpch-queries/q03/base.sql,warmup,2,1,1,2,0.357748,0.357748,261.080,0.096668,0.002875,0.004096,7168,0,9.471252441406250000,8.920776367187500000,,
2026-09-11T23:45:29Z,939C743CC4657F1D,18.4,queries/tpch/tpch-queries/q03/base.sql,measured,1,1,1,2,0.327798,0.327798,275.772,0.052026,0.003723,0.003757,7168,0,8.721191406250000000,8.243041992187500000,,
2026-09-11T23:45:30Z,939C743CC4657F1D,18.4,queries/tpch/tpch-queries/q03/base.sql,measured,1,2,1,2,0.621786,0.310893,529.979,0.091807,0.003290,0.004106,7168,0,16.159484863281250000,15.165100097656250000,,
2026-09-11T23:45:31Z,939C743CC4657F1D,18.4,queries/tpch/tpch-queries/q03/base.sql,measured,1,4,1,2,1.115591,0.278898,1020.704,0.094887,0.004110,0.003259,7168,0,30.968017578125000000,29.320373535156250000,,
2026-09-11T23:45:33Z,939C743CC4657F1D,18.4,queries/tpch/tpch-queries/q03/base.sql,measured,1,8,1,2,2.054641,0.256830,1957.881,0.096760,0.005363,0.002710,7168,0,60.870483398437500000,57.897766113281250000,,
2026-09-11T23:45:37Z,939C743CC4657F1D,18.4,queries/tpch/tpch-queries/q03/base.sql,measured,1,16,1,2,4.098670,0.256167,3993.113,0.105557,0.002712,0.004650,7168,0,114.466552734375000000,108.396850585937500000,,
2026-09-11T23:45:43Z,F6528E50962DC7E7,18.4,queries/tpch/tpch-queries/q19/v2_union_all.sql,warmup,1,1,1,2,1.760858,1.760858,1577.252,0.183606,0.000783,0.006392,7168,0,47.377136230468750000,43.329467773437500000,,
2026-09-11T23:45:44Z,F6528E50962DC7E7,18.4,queries/tpch/tpch-queries/q19/v2_union_all.sql,warmup,2,1,1,2,1.146232,1.146232,1106.048,0.040184,0.005138,0.001830,7168,0,34.757202148437500000,33.072143554687500000,,
2026-09-11T23:45:45Z,F6528E50962DC7E7,18.4,queries/tpch/tpch-queries/q19/v2_union_all.sql,measured,1,1,1,2,1.302056,1.302056,1203.836,0.098220,0.003871,0.003755,7168,0,31.375488281250000000,29.589111328125000000,,
2026-09-11T23:45:48Z,F6528E50962DC7E7,18.4,queries/tpch/tpch-queries/q19/v2_union_all.sql,measured,1,2,1,2,2.427834,1.213917,2329.919,0.097915,0.003712,0.003637,7168,0,63.710876464843750000,60.355712890625000000,,
2026-09-11T23:45:53Z,F6528E50962DC7E7,18.4,queries/tpch/tpch-queries/q19/v2_union_all.sql,measured,1,4,1,2,4.795133,1.198783,4697.671,0.097462,0.001675,0.005943,7168,0,123.087158203125000000,116.448974609375000000,,
2026-09-11T23:46:02Z,F6528E50962DC7E7,18.4,queries/tpch/tpch-queries/q19/v2_union_all.sql,measured,1,8,1,2,9.753063,1.219133,9637.902,0.115161,0.001756,0.007144,7168,0,236.677612304687500000,223.389953613281250000,,
2026-09-11T23:46:23Z,F6528E50962DC7E7,18.4,queries/tpch/tpch-queries/q19/v2_union_all.sql,measured,1,16,1,2,20.191711,1.261982,20022.467,0.169244,0.003803,0.004883,7168,0,441.973876953125000000,414.484985351562500000,,
2026-09-11T23:46:27Z,DDC8E2C5DFB151FD,18.4,queries/tpch/tpch-queries/q19/v1_materialized.sql,warmup,1,1,1,2,1.160055,1.160055,978.822,0.181233,0.002525,0.004456,7168,0,24.177185058593750000,21.403015136718750000,,
2026-09-11T23:46:28Z,DDC8E2C5DFB151FD,18.4,queries/tpch/tpch-queries/q19/v1_materialized.sql,warmup,2,1,1,2,0.476117,0.476117,402.264,0.073853,0.002126,0.005108,7168,0,12.601501464843750000,11.904968261718750000,,
2026-09-11T23:46:28Z,DDC8E2C5DFB151FD,18.4,queries/tpch/tpch-queries/q19/v1_materialized.sql,measured,1,1,1,2,0.442787,0.442787,402.672,0.040115,0.002761,0.004656,7168,0,12.237243652343750000,11.621582031250000000,,
2026-09-11T23:46:29Z,DDC8E2C5DFB151FD,18.4,queries/tpch/tpch-queries/q19/v1_materialized.sql,measured,1,2,1,2,0.964416,0.482208,835.275,0.129141,0.002888,0.004742,7168,0,23.228149414062500000,21.822082519531250000,,
2026-09-11T23:46:31Z,DDC8E2C5DFB151FD,18.4,queries/tpch/tpch-queries/q19/v1_materialized.sql,measured,1,4,1,2,1.748510,0.437127,1647.724,0.100786,0.003968,0.003892,7168,0,44.365356445312500000,41.867675781250000000,,
2026-09-11T23:46:34Z,DDC8E2C5DFB151FD,18.4,queries/tpch/tpch-queries/q19/v1_materialized.sql,measured,1,8,1,2,3.224761,0.403095,3177.296,0.047465,0.001935,0.005671,7168,0,89.074768066406250000,84.322814941406250000,,
2026-09-11T23:46:41Z,DDC8E2C5DFB151FD,18.4,queries/tpch/tpch-queries/q19/v1_materialized.sql,measured,1,16,1,2,6.757181,0.422324,6648.743,0.108438,0.002701,0.004464,7168,0,165.269958496093750000,155.794006347656250000,,
2026-09-11T23:46:45Z,A7DE989EF1A4DFC0,18.4,queries/tpch/tpch-queries/q11/v1_materialized.sql,warmup,1,1,1,2,0.408683,0.408683,229.909,0.178774,0.002635,0.004245,7168,0,4.692565917968750000,3.825744628906250000,,
2026-09-11T23:46:45Z,A7DE989EF1A4DFC0,18.4,queries/tpch/tpch-queries/q11/v1_materialized.sql,warmup,2,1,1,2,0.123733,0.123733,83.325,0.040408,0.005636,0.001932,7168,0,3.185058593750000000,2.994018554687500000,,
2026-09-11T23:46:46Z,A7DE989EF1A4DFC0,18.4,queries/tpch/tpch-queries/q11/v1_materialized.sql,measured,1,1,1,2,0.189774,0.189774,82.537,0.107237,0.002725,0.006395,7168,0,3.205444335937500000,2.882751464843750000,,
2026-09-11T23:46:46Z,A7DE989EF1A4DFC0,18.4,queries/tpch/tpch-queries/q11/v1_materialized.sql,measured,1,2,1,2,0.264121,0.132060,160.223,0.103898,0.003829,0.004713,7168,0,5.553833007812500000,5.124511718750000000,,
2026-09-11T23:46:46Z,A7DE989EF1A4DFC0,18.4,queries/tpch/tpch-queries/q11/v1_materialized.sql,measured,1,4,1,2,0.486357,0.121589,378.030,0.108327,0.003762,0.004769,7168,0,9.349243164062500000,8.611694335937500000,,
2026-09-11T23:46:47Z,A7DE989EF1A4DFC0,18.4,queries/tpch/tpch-queries/q11/v1_materialized.sql,measured,1,8,1,2,0.811498,0.101437,704.350,0.107148,0.000952,0.006603,7168,0,18.632263183593750000,17.316223144531250000,,
2026-09-11T23:46:49Z,A7DE989EF1A4DFC0,18.4,queries/tpch/tpch-queries/q11/v1_materialized.sql,measured,1,16,1,2,1.508781,0.094299,1394.290,0.114491,0.004885,0.002911,7168,0,38.129028320312500000,35.824707031250000000,,
2026-09-11T23:46:53Z,A03BF3D5054397BB,18.4,queries/tpch/tpch-queries/q19/v1_materialized.sql,warmup,1,1,1,2,1.143472,1.143472,922.228,0.221244,0.001056,0.006024,7168,0,25.448425292968750000,22.695556640625000000,,
2026-09-11T23:46:54Z,A03BF3D5054397BB,18.4,queries/tpch/tpch-queries/q19/v1_materialized.sql,warmup,2,1,1,2,0.440716,0.440716,400.489,0.040227,0.002773,0.004553,7168,0,12.289428710937500000,11.674682617187500000,,
2026-09-11T23:46:54Z,A03BF3D5054397BB,18.4,queries/tpch/tpch-queries/q19/v1_materialized.sql,measured,1,1,1,2,0.560791,0.560791,457.051,0.103740,0.002755,0.005435,7168,0,12.270385742187500000,11.381530761718750000,,
2026-09-11T23:46:55Z,A03BF3D5054397BB,18.4,queries/tpch/tpch-queries/q19/v1_materialized.sql,measured,1,2,1,2,0.898853,0.449427,803.376,0.095477,0.003867,0.003767,7168,0,24.110412597656250000,22.772583007812500000,,
2026-09-11T23:46:57Z,A03BF3D5054397BB,18.4,queries/tpch/tpch-queries/q19/v1_materialized.sql,measured,1,4,1,2,1.671969,0.417992,1572.220,0.099749,0.002899,0.004689,7168,0,47.340942382812500000,45.012390136718750000,,
2026-09-11T23:47:00Z,A03BF3D5054397BB,18.4,queries/tpch/tpch-queries/q19/v1_materialized.sql,measured,1,8,1,2,3.319361,0.414920,3215.723,0.103638,0.003784,0.003824,7168,0,88.821960449218750000,84.003417968750000000,,
2026-09-11T23:47:07Z,A03BF3D5054397BB,18.4,queries/tpch/tpch-queries/q19/v1_materialized.sql,measured,1,16,1,2,6.643585,0.415224,6534.188,0.109397,0.003405,0.004393,7168,0,168.780334472656250000,159.360290527343750000,,
2026-09-11T23:47:11Z,C83E4FE6846687D1,18.4,queries/tpch/tpch-queries/q11/base.sql,warmup,1,1,1,2,0.407295,0.407295,227.916,0.179379,0.003180,0.004031,7168,0,4.632019042968750000,3.767517089843750000,,
2026-09-11T23:47:11Z,C83E4FE6846687D1,18.4,queries/tpch/tpch-queries/q11/base.sql,warmup,2,1,1,2,0.126607,0.126607,85.911,0.040696,0.004824,0.002640,7168,0,3.118286132812500000,2.943969726562500000,,
2026-09-11T23:47:11Z,C83E4FE6846687D1,18.4,queries/tpch/tpch-queries/q11/base.sql,measured,1,1,1,2,0.183068,0.183068,82.802,0.100266,0.003518,0.004414,7168,0,3.197753906250000000,2.882751464843750000,,
2026-09-11T23:47:12Z,C83E4FE6846687D1,18.4,queries/tpch/tpch-queries/q11/base.sql,measured,1,2,1,2,0.278012,0.139006,175.473,0.102539,0.000853,0.006855,7168,0,5.349426269531250000,4.897766113281250000,,
2026-09-11T23:47:12Z,C83E4FE6846687D1,18.4,queries/tpch/tpch-queries/q11/base.sql,measured,1,4,1,2,0.478859,0.119715,369.018,0.109841,0.002937,0.006298,7168,0,10.165039062500000000,9.352905273437500000,,
2026-09-11T23:47:13Z,C83E4FE6846687D1,18.4,queries/tpch/tpch-queries/q11/base.sql,measured,1,8,1,2,0.689620,0.086203,644.019,0.045601,0.002964,0.004158,7168,0,20.397460937500000000,19.282836914062500000,,
2026-09-11T23:47:14Z,C83E4FE6846687D1,18.4,queries/tpch/tpch-queries/q11/base.sql,measured,1,16,1,2,1.423123,0.088945,1306.462,0.116661,0.001807,0.006369,7168,0,36.917663574218750000,34.684082031250000000,,
2026-09-11T23:47:22Z,49FA921FC141BDF2,18.4,queries/tpch/tpch-queries/q13/v2_correlated.sql,warmup,1,1,1,2,4.644115,4.644115,4464.940,0.179175,0.003060,0.003813,7168,0,44.788024902343750000,-262108.393615722656250000,,
2026-09-11T23:47:24Z,49FA921FC141BDF2,18.4,queries/tpch/tpch-queries/q13/v2_correlated.sql,warmup,2,1,1,2,1.942069,1.942069,1902.534,0.039535,0.003907,0.003115,7168,0,22.532470703125000000,20.109741210937500000,,
2026-09-11T23:47:26Z,49FA921FC141BDF2,18.4,queries/tpch/tpch-queries/q13/v2_correlated.sql,measured,1,1,1,2,1.994258,1.994258,1904.397,0.089861,0.003174,0.005088,7168,0,22.594909667968750000,20.007202148437500000,,
2026-09-11T23:47:30Z,49FA921FC141BDF2,18.4,queries/tpch/tpch-queries/q13/v2_correlated.sql,measured,1,2,1,2,3.824982,1.912491,3736.153,0.088829,0.001966,0.005759,7168,0,43.585144042968750000,38.755065917968750000,,
2026-09-11T23:47:38Z,49FA921FC141BDF2,18.4,queries/tpch/tpch-queries/q13/v2_correlated.sql,measured,1,4,1,2,7.422433,1.855608,7374.073,0.048360,0.001800,0.005775,7168,0,84.257263183593750000,75.066162109375000000,,
2026-09-11T23:47:52Z,49FA921FC141BDF2,18.4,queries/tpch/tpch-queries/q13/v2_correlated.sql,measured,1,8,1,2,14.688489,1.836061,14593.928,0.094561,0.002299,0.005491,7168,0,167.493530273437500000,149.388427734375000000,,
2026-09-11T23:48:21Z,49FA921FC141BDF2,18.4,queries/tpch/tpch-queries/q13/v2_correlated.sql,measured,1,16,1,2,29.124494,1.820281,29056.405,0.068089,0.005029,0.002086,7168,0,327.020996093750000000,291.141784667968750000,,
2026-09-11T23:48:35Z,4807B888CE82CC83,18.4,queries/tpch/tpch-queries/q08/base.sql,warmup,1,1,1,2,10.105772,10.105772,9913.213,0.192559,0.002539,0.004510,7168,0,52.676879882812500000,31.326171875000000000,,
2026-09-11T23:48:35Z,4807B888CE82CC83,18.4,queries/tpch/tpch-queries/q08/base.sql,warmup,2,1,1,2,0.401626,0.401626,360.394,0.041232,0.004116,0.002878,7168,0,7.140991210937500000,6.585815429687500000,,
2026-09-11T23:48:36Z,4807B888CE82CC83,18.4,queries/tpch/tpch-queries/q08/base.sql,measured,1,1,1,2,0.455804,0.455804,366.001,0.089803,0.002693,0.004474,7168,0,7.164367675781250000,6.500732421875000000,,
2026-09-11T23:48:37Z,4807B888CE82CC83,18.4,queries/tpch/tpch-queries/q08/base.sql,measured,1,2,1,2,0.790394,0.395197,698.626,0.091768,0.001930,0.005700,7168,0,12.956726074218750000,11.834716796875000000,,
2026-09-11T23:48:38Z,4807B888CE82CC83,18.4,queries/tpch/tpch-queries/q08/base.sql,measured,1,4,1,2,1.459446,0.364862,1364.493,0.094953,0.000930,0.006464,7168,0,24.770996093750000000,22.579345703125000000,,
2026-09-11T23:48:41Z,4807B888CE82CC83,18.4,queries/tpch/tpch-queries/q08/base.sql,measured,1,8,1,2,2.703705,0.337963,2650.602,0.053103,0.006211,0.001073,7168,0,48.839538574218750000,45.075439453125000000,,
2026-09-11T23:48:46Z,4807B888CE82CC83,18.4,queries/tpch/tpch-queries/q08/base.sql,measured,1,16,1,2,5.358999,0.334937,5243.901,0.115098,0.000952,0.006605,7168,0,97.608520507812500000,90.122802734375000000,,
2026-09-11T23:48:52Z,68E4ADF34D0B7DB4,18.4,queries/tpch/tpch-queries/q01/base.sql,warmup,1,1,1,2,2.020424,2.020424,1839.795,0.180629,0.001642,0.005644,7168,0,64.136962890625000000,59.645446777343750000,,
2026-09-11T23:48:53Z,68E4ADF34D0B7DB4,18.4,queries/tpch/tpch-queries/q01/base.sql,warmup,2,1,1,2,1.405419,1.405419,1366.011,0.039408,0.002469,0.004501,7168,0,50.050170898437500000,48.261474609375000000,,
2026-09-11T23:48:55Z,68E4ADF34D0B7DB4,18.4,queries/tpch/tpch-queries/q01/base.sql,measured,1,1,1,2,1.532730,1.532730,1431.255,0.101475,0.001735,0.005984,7168,0,47.452392578125000000,45.519042968750000000,,
2026-09-11T23:48:58Z,68E4ADF34D0B7DB4,18.4,queries/tpch/tpch-queries/q01/base.sql,measured,1,2,1,2,3.060418,1.530209,2909.148,0.151270,0.003055,0.004943,7168,0,93.038696289062500000,89.007995605468750000,,
2026-09-11T23:49:04Z,68E4ADF34D0B7DB4,18.4,queries/tpch/tpch-queries/q01/base.sql,measured,1,4,1,2,6.036450,1.509112,5980.656,0.055794,0.003520,0.004432,7168,0,175.031860351562500000,167.308227539062500000,,
2026-09-11T23:49:16Z,68E4ADF34D0B7DB4,18.4,queries/tpch/tpch-queries/q01/base.sql,measured,1,8,1,2,12.516729,1.564591,12412.784,0.103945,0.003429,0.004287,7168,0,330.042053222656250000,314.122680664062500000,,
2026-09-11T23:49:43Z,68E4ADF34D0B7DB4,18.4,queries/tpch/tpch-queries/q01/base.sql,measured,1,16,1,2,26.668950,1.666809,26509.028,0.159922,0.004437,0.003653,7168,0,599.313964843750000000,565.598510742187500000,,
2026-09-11T23:49:47Z,7CACCC52BAB932C5,18.4,queries/tpch/tpch-queries/q16/v2_not_exists.sql,warmup,1,1,1,2,0.621004,0.621004,386.881,0.234123,0.003574,0.003693,7168,0,8.484191894531250000,7.283813476562500000,,
2026-09-11T23:49:48Z,7CACCC52BAB932C5,18.4,queries/tpch/tpch-queries/q16/v2_not_exists.sql,warmup,2,1,1,2,0.269857,0.269857,205.411,0.064446,0.002877,0.006762,7168,0,6.042663574218750000,5.702636718750000000,,
2026-09-11T23:49:48Z,7CACCC52BAB932C5,18.4,queries/tpch/tpch-queries/q16/v2_not_exists.sql,measured,1,1,1,2,0.298469,0.298469,202.226,0.096243,0.002051,0.005978,7168,0,6.220886230468750000,5.792419433593750000,,
2026-09-11T23:49:49Z,7CACCC52BAB932C5,18.4,queries/tpch/tpch-queries/q16/v2_not_exists.sql,measured,1,2,1,2,0.524205,0.262103,426.967,0.097238,0.002657,0.005280,7168,0,11.870056152343750000,11.133117675781250000,,
2026-09-11T23:49:49Z,7CACCC52BAB932C5,18.4,queries/tpch/tpch-queries/q16/v2_not_exists.sql,measured,1,4,1,2,0.923721,0.230930,818.665,0.105056,0.002643,0.005392,7168,0,22.820129394531250000,21.440917968750000000,,
2026-09-11T23:49:51Z,7CACCC52BAB932C5,18.4,queries/tpch/tpch-queries/q16/v2_not_exists.sql,measured,1,8,1,2,1.831372,0.228921,1729.370,0.102002,0.007670,0.000000,7168,0,42.011413574218750000,39.605529785156250000,,
2026-09-11T23:49:55Z,7CACCC52BAB932C5,18.4,queries/tpch/tpch-queries/q16/v2_not_exists.sql,measured,1,16,1,2,3.453136,0.215821,3328.487,0.124649,0.003014,0.005253,7168,0,87.281311035156250000,82.576904296875000000,,
2026-09-11T23:50:07Z,493D272CA86FA034,18.4,queries/tpch/tpch-queries/q05/base.sql,warmup,1,1,1,2,8.268048,8.268048,8078.811,0.189237,0.001652,0.005475,7168,0,38.884704589843750000,21.208190917968750000,,
2026-09-11T23:50:07Z,493D272CA86FA034,18.4,queries/tpch/tpch-queries/q05/base.sql,warmup,2,1,1,2,0.284961,0.284961,236.353,0.048608,0.001858,0.005432,7168,0,4.397888183593750000,3.974304199218750000,,
2026-09-11T23:50:07Z,493D272CA86FA034,18.4,queries/tpch/tpch-queries/q05/base.sql,measured,1,1,1,2,0.333434,0.333434,241.232,0.092202,0.003868,0.003919,7168,0,4.308105468750000000,3.794128417968750000,,
2026-09-11T23:50:08Z,493D272CA86FA034,18.4,queries/tpch/tpch-queries/q05/base.sql,measured,1,2,1,2,0.566755,0.283378,473.788,0.092967,0.002911,0.005027,7168,0,7.440307617187500000,6.609375000000000000,,
2026-09-11T23:50:09Z,493D272CA86FA034,18.4,queries/tpch/tpch-queries/q05/base.sql,measured,1,4,1,2,1.040538,0.260135,939.344,0.101194,0.004071,0.004001,7168,0,13.509338378906250000,12.029724121093750000,,
2026-09-11T23:50:11Z,493D272CA86FA034,18.4,queries/tpch/tpch-queries/q05/base.sql,measured,1,8,1,2,1.966160,0.245770,1861.974,0.104186,0.003074,0.005317,7168,0,26.115417480468750000,23.333251953125000000,,
2026-09-11T23:50:14Z,493D272CA86FA034,18.4,queries/tpch/tpch-queries/q05/base.sql,measured,1,16,1,2,3.642118,0.227632,3559.663,0.082455,0.002887,0.004754,7168,0,53.476135253906250000,48.328063964843750000,,
2026-09-11T23:50:20Z,7B7BC2C0DCC39084,18.4,queries/tpch/tpch-queries/q19/v2_union_all.sql,warmup,1,1,1,2,1.738722,1.738722,1560.365,0.178357,0.005282,0.001809,7168,0,49.075500488281250000,45.161865234375000000,,
2026-09-11T23:50:21Z,7B7BC2C0DCC39084,18.4,queries/tpch/tpch-queries/q19/v2_union_all.sql,warmup,2,1,1,2,1.175395,1.175395,1070.560,0.104835,0.003921,0.004825,7168,0,37.080566406250000000,35.358398437500000000,,
2026-09-11T23:50:22Z,7B7BC2C0DCC39084,18.4,queries/tpch/tpch-queries/q19/v2_union_all.sql,measured,1,1,1,2,1.181090,1.181090,1125.931,0.055159,0.005535,0.002846,7168,0,34.633056640625000000,33.051147460937500000,,
2026-09-11T23:50:24Z,7B7BC2C0DCC39084,18.4,queries/tpch/tpch-queries/q19/v2_union_all.sql,measured,1,2,1,2,2.303232,1.151616,2204.903,0.098329,0.003152,0.004561,7168,0,68.393493652343750000,65.204162597656250000,,
2026-09-11T23:50:29Z,7B7BC2C0DCC39084,18.4,queries/tpch/tpch-queries/q19/v2_union_all.sql,measured,1,4,1,2,4.557994,1.139498,4451.503,0.106491,0.004381,0.003564,7168,0,132.887268066406250000,126.483398437500000000,,
2026-09-11T23:50:38Z,7B7BC2C0DCC39084,18.4,queries/tpch/tpch-queries/q19/v2_union_all.sql,measured,1,8,1,2,9.278393,1.159799,9164.664,0.113729,0.001984,0.005879,7168,0,251.464904785156250000,238.729370117187500000,,
2026-09-11T23:50:58Z,7B7BC2C0DCC39084,18.4,queries/tpch/tpch-queries/q19/v2_union_all.sql,measured,1,16,1,2,19.649451,1.228091,19539.384,0.110067,0.004740,0.002821,7168,0,455.280090332031250000,428.434570312500000000,,
2026-09-11T23:51:12Z,F9CE80E574F77D93,18.4,queries/tpch/tpch-queries/q08/v2_filter.sql,warmup,1,1,1,2,9.949739,9.949739,9755.682,0.194057,0.004470,0.003049,7168,0,45.005859375000000000,23.684143066406250000,,
2026-09-11T23:51:12Z,F9CE80E574F77D93,18.4,queries/tpch/tpch-queries/q08/v2_filter.sql,warmup,2,1,1,2,0.410655,0.410655,367.102,0.043553,0.003086,0.006332,7168,0,7.077148437500000000,6.512145996093750000,,
2026-09-11T23:51:13Z,F9CE80E574F77D93,18.4,queries/tpch/tpch-queries/q08/v2_filter.sql,measured,1,1,1,2,0.456320,0.456320,365.738,0.090582,0.000953,0.006651,7168,0,7.164123535156250000,6.495971679687500000,,
2026-09-11T23:51:13Z,F9CE80E574F77D93,18.4,queries/tpch/tpch-queries/q08/v2_filter.sql,measured,1,2,1,2,0.785916,0.392958,693.801,0.092115,0.004386,0.003444,7168,0,13.110351562500000000,11.977844238281250000,,
2026-09-11T23:51:15Z,F9CE80E574F77D93,18.4,queries/tpch/tpch-queries/q08/v2_filter.sql,measured,1,4,1,2,1.458050,0.364512,1361.201,0.096849,0.002873,0.004759,7168,0,25.235107421875000000,23.045654296875000000,,
2026-09-11T23:51:18Z,F9CE80E574F77D93,18.4,queries/tpch/tpch-queries/q08/v2_filter.sql,measured,1,8,1,2,2.775822,0.346978,2674.856,0.100966,0.000000,0.007359,7168,0,48.789245605468750000,44.793334960937500000,,
2026-09-11T23:51:23Z,F9CE80E574F77D93,18.4,queries/tpch/tpch-queries/q08/v2_filter.sql,measured,1,16,1,2,5.420543,0.338784,5307.796,0.112747,0.003760,0.003760,7168,0,97.829223632812500000,90.139099121093750000,,
2026-09-11T23:51:33Z,52F7B1AC6823B54C,18.4,queries/tpch/tpch-queries/q07/v2_union_all.sql,warmup,1,1,1,2,5.866666,5.866666,5673.871,0.192795,0.003331,0.003450,7168,0,48.157897949218750000,35.527465820312500000,,
2026-09-11T23:51:33Z,52F7B1AC6823B54C,18.4,queries/tpch/tpch-queries/q07/v2_union_all.sql,warmup,2,1,1,2,0.331722,0.331722,290.180,0.041542,0.000000,0.006996,7168,0,5.950927734375000000,5.468688964843750000,,
2026-09-11T23:51:33Z,52F7B1AC6823B54C,18.4,queries/tpch/tpch-queries/q07/v2_union_all.sql,measured,1,1,1,2,0.388080,0.388080,295.969,0.092111,0.001731,0.006063,7168,0,5.972534179687500000,5.380737304687500000,,
2026-09-11T23:51:34Z,52F7B1AC6823B54C,18.4,queries/tpch/tpch-queries/q07/v2_union_all.sql,measured,1,2,1,2,0.680878,0.340439,586.098,0.094780,0.003858,0.003963,7168,0,10.261047363281250000,9.287109375000000000,,
2026-09-11T23:51:35Z,52F7B1AC6823B54C,18.4,queries/tpch/tpch-queries/q07/v2_union_all.sql,measured,1,4,1,2,1.236389,0.309097,1137.468,0.098921,0.003911,0.003978,7168,0,19.775878906250000000,17.931640625000000000,,
2026-09-11T23:51:38Z,52F7B1AC6823B54C,18.4,queries/tpch/tpch-queries/q07/v2_union_all.sql,measured,1,8,1,2,2.325154,0.290644,2223.181,0.101973,0.000980,0.006770,7168,0,38.747863769531250000,35.392944335937500000,,
2026-09-11T23:51:42Z,52F7B1AC6823B54C,18.4,queries/tpch/tpch-queries/q07/v2_union_all.sql,measured,1,16,1,2,4.513192,0.282075,4387.159,0.126033,0.002873,0.004745,7168,0,77.701354980468750000,71.171142578125000000,,
2026-09-11T23:51:46Z,5DC2464E65D7CAA5,18.4,queries/tpch/tpch-queries/q22/v1_materialized.sql,warmup,1,1,1,2,0.304190,0.304190,119.751,0.184439,0.003169,0.003911,7168,0,2.916137695312500000,2.308715820312500000,,
2026-09-11T23:51:46Z,5DC2464E65D7CAA5,18.4,queries/tpch/tpch-queries/q22/v1_materialized.sql,warmup,2,1,1,2,0.091590,0.091590,51.741,0.039849,0.003492,0.003659,7168,0,1.979797363281250000,1.855773925781250000,,
2026-09-11T23:51:46Z,5DC2464E65D7CAA5,18.4,queries/tpch/tpch-queries/q22/v1_materialized.sql,measured,1,1,1,2,0.092153,0.092153,52.134,0.040019,0.002751,0.004469,7168,0,1.996276855468750000,1.866088867187500000,,
2026-09-11T23:51:47Z,5DC2464E65D7CAA5,18.4,queries/tpch/tpch-queries/q22/v1_materialized.sql,measured,1,2,1,2,0.142806,0.071403,102.474,0.040332,0.002470,0.004538,7168,0,3.462280273437500000,3.263244628906250000,,
2026-09-11T23:51:47Z,5DC2464E65D7CAA5,18.4,queries/tpch/tpch-queries/q22/v1_materialized.sql,measured,1,4,1,2,0.312571,0.078143,212.698,0.099873,0.001883,0.006091,7168,0,6.425781250000000000,5.957763671875000000,,
2026-09-11T23:51:47Z,5DC2464E65D7CAA5,18.4,queries/tpch/tpch-queries/q22/v1_materialized.sql,measured,1,8,1,2,0.523143,0.065393,418.962,0.104181,0.002659,0.005375,7168,0,12.242065429687500000,11.512756347656250000,,
2026-09-11T23:51:48Z,5DC2464E65D7CAA5,18.4,queries/tpch/tpch-queries/q22/v1_materialized.sql,measured,1,16,1,2,1.029384,0.064336,858.468,0.170916,0.002734,0.005503,7168,0,23.831115722656250000,22.327819824218750000,,
2026-09-11T23:51:52Z,0AFDDDCEBB0D20F8,18.4,queries/tpch/tpch-queries/q16/v2_not_exists.sql,warmup,1,1,1,2,0.605959,0.605959,375.977,0.229982,0.003505,0.003663,7168,0,8.325378417968750000,7.161743164062500000,,
2026-09-11T23:51:53Z,0AFDDDCEBB0D20F8,18.4,queries/tpch/tpch-queries/q16/v2_not_exists.sql,warmup,2,1,1,2,0.253211,0.253211,204.515,0.048696,0.002904,0.005746,7168,0,6.042907714843750000,5.697692871093750000,,
2026-09-11T23:51:53Z,0AFDDDCEBB0D20F8,18.4,queries/tpch/tpch-queries/q16/v2_not_exists.sql,measured,1,1,1,2,0.303527,0.303527,205.727,0.097800,0.002618,0.005323,7168,0,6.155700683593750000,5.727416992187500000,,
2026-09-11T23:51:54Z,0AFDDDCEBB0D20F8,18.4,queries/tpch/tpch-queries/q16/v2_not_exists.sql,measured,1,2,1,2,0.526327,0.263164,410.533,0.115794,0.004386,0.003483,7168,0,11.919433593750000000,11.155395507812500000,,
2026-09-11T23:51:54Z,0AFDDDCEBB0D20F8,18.4,queries/tpch/tpch-queries/q16/v2_not_exists.sql,measured,1,4,1,2,0.897879,0.224470,807.660,0.090219,0.001046,0.006133,7168,0,23.267944335937500000,21.999511718750000000,,
2026-09-11T23:51:56Z,0AFDDDCEBB0D20F8,18.4,queries/tpch/tpch-queries/q16/v2_not_exists.sql,measured,1,8,1,2,1.694557,0.211820,1634.753,0.059804,0.002784,0.005594,7168,0,45.333435058593750000,43.191711425781250000,,
2026-09-11T23:52:00Z,0AFDDDCEBB0D20F8,18.4,queries/tpch/tpch-queries/q16/v2_not_exists.sql,measured,1,16,1,2,3.489459,0.218091,3336.971,0.152488,0.001781,0.005902,7168,0,91.798461914062500000,87.078186035156250000,,
2026-09-11T23:52:04Z,04066E7335876BDB,18.4,queries/tpch/tpch-queries/q02/v2_decorrelate.sql,warmup,1,1,1,2,0.610471,0.610471,372.754,0.237717,0.005373,0.002686,7168,0,6.053283691406250000,4.872253417968750000,,
2026-09-11T23:52:04Z,04066E7335876BDB,18.4,queries/tpch/tpch-queries/q02/v2_decorrelate.sql,warmup,2,1,1,2,0.286272,0.286272,217.280,0.068992,0.004153,0.009765,7168,0,3.785278320312500000,3.417297363281250000,,
2026-09-11T23:52:04Z,04066E7335876BDB,18.4,queries/tpch/tpch-queries/q02/v2_decorrelate.sql,measured,1,1,1,2,0.339892,0.339892,240.983,0.098909,0.004180,0.004077,7168,0,3.780212402343750000,3.286926269531250000,,
2026-09-11T23:52:05Z,04066E7335876BDB,18.4,queries/tpch/tpch-queries/q02/v2_decorrelate.sql,measured,1,2,1,2,0.564594,0.282297,405.996,0.158598,0.003846,0.005859,7168,0,7.540161132812500000,6.727844238281250000,,
2026-09-11T23:52:06Z,04066E7335876BDB,18.4,queries/tpch/tpch-queries/q02/v2_decorrelate.sql,measured,1,4,1,2,0.904821,0.226205,841.768,0.063053,0.004197,0.004366,7168,0,13.925170898437500000,12.625854492187500000,,
2026-09-11T23:52:08Z,04066E7335876BDB,18.4,queries/tpch/tpch-queries/q02/v2_decorrelate.sql,measured,1,8,1,2,1.775762,0.221970,1671.997,0.103765,0.004423,0.003514,7168,0,27.127075195312500000,24.820617675781250000,,
2026-09-11T23:52:11Z,04066E7335876BDB,18.4,queries/tpch/tpch-queries/q02/v2_decorrelate.sql,measured,1,16,1,2,3.447847,0.215490,3269.776,0.178071,0.000982,0.006898,7168,0,54.741271972656250000,50.024841308593750000,,
2026-09-11T23:52:16Z,CDB2057FBDD0E660,18.4,queries/tpch/tpch-queries/q04/base.sql,warmup,1,1,1,2,1.698331,1.698331,1515.120,0.183211,0.003358,0.004278,7168,0,17.940368652343750000,14.148559570312500000,,
2026-09-11T23:52:16Z,CDB2057FBDD0E660,18.4,queries/tpch/tpch-queries/q04/base.sql,warmup,2,1,1,2,0.141837,0.141837,90.338,0.051499,0.002803,0.006626,7168,0,3.600891113281250000,3.365417480468750000,,
2026-09-11T23:52:16Z,CDB2057FBDD0E660,18.4,queries/tpch/tpch-queries/q04/base.sql,measured,1,1,1,2,0.129913,0.129913,90.426,0.039487,0.002537,0.004362,7168,0,3.738647460937500000,3.533447265625000000,,
2026-09-11T23:52:17Z,CDB2057FBDD0E660,18.4,queries/tpch/tpch-queries/q04/base.sql,measured,1,2,1,2,0.307202,0.153601,201.023,0.106179,0.003571,0.004435,7168,0,5.939819335937500000,5.424865722656250000,,
2026-09-11T23:52:17Z,CDB2057FBDD0E660,18.4,queries/tpch/tpch-queries/q04/base.sql,measured,1,4,1,2,0.392452,0.098113,344.210,0.048242,0.004478,0.003096,7168,0,12.889160156250000000,12.237426757812500000,,
2026-09-11T23:52:18Z,CDB2057FBDD0E660,18.4,queries/tpch/tpch-queries/q04/base.sql,measured,1,8,1,2,0.795434,0.099429,697.640,0.097794,0.003251,0.004128,7168,0,24.328125000000000000,23.105773925781250000,,
2026-09-11T23:52:19Z,CDB2057FBDD0E660,18.4,queries/tpch/tpch-queries/q04/base.sql,measured,1,16,1,2,1.459124,0.091195,1355.907,0.103217,0.005721,0.001940,7168,0,48.378906250000000000,46.150329589843750000,,
2026-09-11T23:52:25Z,B771A377B5B45251,18.4,queries/tpch/tpch-queries/q03/v1_materialized.sql,warmup,1,1,1,2,1.553921,1.553921,1367.326,0.186595,0.002703,0.004321,7168,0,25.502990722656250000,21.893493652343750000,,
2026-09-11T23:52:25Z,B771A377B5B45251,18.4,queries/tpch/tpch-queries/q03/v1_materialized.sql,warmup,2,1,1,2,0.302826,0.302826,262.904,0.039922,0.002612,0.004569,7168,0,9.108825683593750000,8.589294433593750000,,
2026-09-11T23:52:25Z,B771A377B5B45251,18.4,queries/tpch/tpch-queries/q03/v1_materialized.sql,measured,1,1,1,2,0.300949,0.300949,260.488,0.040461,0.002100,0.005039,7168,0,9.045288085937500000,8.612609863281250000,,
2026-09-11T23:52:26Z,B771A377B5B45251,18.4,queries/tpch/tpch-queries/q03/v1_materialized.sql,measured,1,2,1,2,0.644574,0.322287,548.267,0.096307,0.005560,0.001891,7168,0,15.833312988281250000,14.831481933593750000,,
2026-09-11T23:52:27Z,B771A377B5B45251,18.4,queries/tpch/tpch-queries/q03/v1_materialized.sql,measured,1,4,1,2,0.999155,0.249789,956.436,0.042719,0.001663,0.005287,7168,0,33.101501464843750000,31.676940917968750000,,
2026-09-11T23:52:29Z,B771A377B5B45251,18.4,queries/tpch/tpch-queries/q03/v1_materialized.sql,measured,1,8,1,2,2.036608,0.254576,1940.558,0.096050,0.001919,0.005472,7168,0,63.236389160156250000,60.283264160156250000,,
2026-09-11T23:52:33Z,B771A377B5B45251,18.4,queries/tpch/tpch-queries/q03/v1_materialized.sql,measured,1,16,1,2,3.978006,0.248625,3875.200,0.102806,0.003635,0.003618,7168,0,121.171447753906250000,115.352050781250000000,,
2026-09-11T23:52:38Z,94DA91B4E8079FA2,18.4,queries/tpch/tpch-queries/q06/base.sql,warmup,1,1,1,2,1.031387,1.031387,854.676,0.176711,0.003852,0.003120,7168,0,20.443969726562500000,17.933288574218750000,,
2026-09-11T23:52:38Z,94DA91B4E8079FA2,18.4,queries/tpch/tpch-queries/q06/base.sql,warmup,2,1,1,2,0.288960,0.288960,247.752,0.041208,0.004621,0.002855,7168,0,8.679077148437500000,8.251647949218750000,,
2026-09-11T23:52:38Z,94DA91B4E8079FA2,18.4,queries/tpch/tpch-queries/q06/base.sql,measured,1,1,1,2,0.388117,0.388117,286.484,0.101633,0.002866,0.005089,7168,0,8.006530761718750000,7.378173828125000000,,
2026-09-11T23:52:39Z,94DA91B4E8079FA2,18.4,queries/tpch/tpch-queries/q06/base.sql,measured,1,2,1,2,0.638927,0.319463,535.867,0.103060,0.004509,0.003664,7168,0,15.288635253906250000,14.305175781250000000,,
2026-09-11T23:52:40Z,94DA91B4E8079FA2,18.4,queries/tpch/tpch-queries/q06/base.sql,measured,1,4,1,2,1.094068,0.273517,995.090,0.098978,0.003733,0.003851,7168,0,30.396179199218750000,28.765747070312500000,,
2026-09-11T23:52:42Z,94DA91B4E8079FA2,18.4,queries/tpch/tpch-queries/q06/base.sql,measured,1,8,1,2,2.023493,0.252937,1927.031,0.096462,0.001078,0.006231,7168,0,59.578918457031250000,56.497802734375000000,,
2026-09-11T23:52:46Z,94DA91B4E8079FA2,18.4,queries/tpch/tpch-queries/q06/base.sql,measured,1,16,1,2,4.055310,0.253457,3953.965,0.101345,0.004177,0.003302,7168,0,112.415771484375000000,106.258300781250000000,,
2026-09-11T23:52:51Z,6C35BDD3D8B2B978,18.4,queries/tpch/tpch-queries/q14/base.sql,warmup,1,1,1,2,1.104286,1.104286,923.928,0.180358,0.002552,0.004416,7168,0,21.269165039062500000,18.597534179687500000,,
2026-09-11T23:52:51Z,6C35BDD3D8B2B978,18.4,queries/tpch/tpch-queries/q14/base.sql,warmup,2,1,1,2,0.304634,0.304634,263.190,0.041444,0.003546,0.003643,7168,0,8.671081542968750000,8.223327636718750000,,
2026-09-11T23:52:52Z,6C35BDD3D8B2B978,18.4,queries/tpch/tpch-queries/q14/base.sql,measured,1,1,1,2,0.397052,0.397052,299.285,0.097767,0.002781,0.004840,7168,0,7.971313476562500000,7.329101562500000000,,
2026-09-11T23:52:52Z,6C35BDD3D8B2B978,18.4,queries/tpch/tpch-queries/q14/base.sql,measured,1,2,1,2,0.658486,0.329243,554.994,0.103492,0.004404,0.003412,7168,0,16.160278320312500000,15.096313476562500000,,
2026-09-11T23:52:54Z,6C35BDD3D8B2B978,18.4,queries/tpch/tpch-queries/q14/base.sql,measured,1,4,1,2,1.055352,0.263838,1014.281,0.041071,0.003484,0.003610,7168,0,31.171936035156250000,29.560668945312500000,,
2026-09-11T23:52:56Z,6C35BDD3D8B2B978,18.4,queries/tpch/tpch-queries/q14/base.sql,measured,1,8,1,2,2.117925,0.264741,2020.382,0.097543,0.002807,0.004776,7168,0,61.077209472656250000,57.788696289062500000,,
2026-09-11T23:53:00Z,6C35BDD3D8B2B978,18.4,queries/tpch/tpch-queries/q14/base.sql,measured,1,16,1,2,4.336187,0.271012,4226.792,0.109395,0.001901,0.005680,7168,0,111.766479492187500000,105.092224121093750000,,
2026-09-11T23:53:05Z,D1424DE7B37868C2,18.4,queries/tpch/tpch-queries/q19/base.sql,warmup,1,1,1,2,1.159195,1.159195,977.070,0.182125,0.003033,0.003822,7168,0,24.704528808593750000,21.925048828125000000,,
2026-09-11T23:53:05Z,D1424DE7B37868C2,18.4,queries/tpch/tpch-queries/q19/base.sql,warmup,2,1,1,2,0.439792,0.439792,399.639,0.040153,0.004320,0.002677,7168,0,12.247192382812500000,11.634948730468750000,,
2026-09-11T23:53:06Z,D1424DE7B37868C2,18.4,queries/tpch/tpch-queries/q19/base.sql,measured,1,1,1,2,0.545511,0.545511,447.457,0.098054,0.003737,0.003819,7168,0,11.583374023437500000,10.713378906250000000,,
2026-09-11T23:53:07Z,D1424DE7B37868C2,18.4,queries/tpch/tpch-queries/q19/base.sql,measured,1,2,1,2,0.820355,0.410178,779.701,0.040654,0.002447,0.004465,7168,0,24.072937011718750000,22.854370117187500000,,
2026-09-11T23:53:08Z,D1424DE7B37868C2,18.4,queries/tpch/tpch-queries/q19/base.sql,measured,1,4,1,2,1.726368,0.431592,1620.689,0.105679,0.001827,0.006366,7168,0,44.824707031250000000,42.407958984375000000,,
2026-09-11T23:53:12Z,D1424DE7B37868C2,18.4,queries/tpch/tpch-queries/q19/base.sql,measured,1,8,1,2,3.377832,0.422229,3227.922,0.149910,0.003626,0.003572,7168,0,86.515075683593750000,81.554809570312500000,,
2026-09-11T23:53:18Z,D1424DE7B37868C2,18.4,queries/tpch/tpch-queries/q19/base.sql,measured,1,16,1,2,6.572357,0.410772,6465.486,0.106871,0.004727,0.002589,7168,0,170.140869140625000000,160.897583007812500000,,
2026-09-11T23:53:27Z,72F6077742EDA4FA,18.4,queries/tpch/tpch-queries/q13/v2_correlated.sql,warmup,1,1,1,2,4.386308,4.386308,4206.169,0.180139,0.003803,0.003060,7168,0,44.563598632812500000,35.905639648437500000,,
2026-09-11T23:53:29Z,72F6077742EDA4FA,18.4,queries/tpch/tpch-queries/q13/v2_correlated.sql,warmup,2,1,1,2,1.922623,1.922623,1883.228,0.039395,0.002887,0.004135,7168,0,22.239196777343750000,19.830688476562500000,,
2026-09-11T23:53:31Z,72F6077742EDA4FA,18.4,queries/tpch/tpch-queries/q13/v2_correlated.sql,measured,1,1,1,2,1.984980,1.984980,1895.076,0.089904,0.001781,0.006232,7168,0,22.602111816406250000,19.949829101562500000,,
2026-09-11T23:53:34Z,72F6077742EDA4FA,18.4,queries/tpch/tpch-queries/q13/v2_correlated.sql,measured,1,2,1,2,3.795068,1.897534,3704.715,0.090353,0.003869,0.004062,7168,0,42.997131347656250000,38.154174804687500000,,
2026-09-11T23:53:42Z,72F6077742EDA4FA,18.4,queries/tpch/tpch-queries/q13/v2_correlated.sql,measured,1,4,1,2,7.359882,1.839970,7267.700,0.092182,0.002009,0.005636,7168,0,84.339477539062500000,75.098083496093750000,,
2026-09-11T23:53:56Z,72F6077742EDA4FA,18.4,queries/tpch/tpch-queries/q13/v2_correlated.sql,measured,1,8,1,2,14.503597,1.812950,14404.119,0.099478,0.003948,0.005115,7168,0,166.131774902343750000,148.115234375000000000,,
2026-09-11T23:54:25Z,72F6077742EDA4FA,18.4,queries/tpch/tpch-queries/q13/v2_correlated.sql,measured,1,16,1,2,28.829763,1.801860,28673.565,0.156198,0.001830,0.005627,7168,0,323.700561523437500000,288.109802246093750000,,
2026-09-11T23:54:37Z,315234445B9D4432,18.4,queries/tpch/tpch-queries/q08/v1_materialized.sql,warmup,1,1,1,2,8.390977,8.390977,8199.632,0.191345,0.000737,0.006061,7168,0,42.385620117187500000,24.657714843750000000,,
2026-09-11T23:54:37Z,315234445B9D4432,18.4,queries/tpch/tpch-queries/q08/v1_materialized.sql,warmup,2,1,1,2,0.411498,0.411498,370.424,0.041074,0.002860,0.004138,7168,0,6.938476562500000000,6.367736816406250000,,
2026-09-11T23:54:38Z,315234445B9D4432,18.4,queries/tpch/tpch-queries/q08/v1_materialized.sql,measured,1,1,1,2,0.454090,0.454090,363.081,0.091009,0.002739,0.004494,7168,0,7.171020507812500000,6.506530761718750000,,
2026-09-11T23:54:38Z,315234445B9D4432,18.4,queries/tpch/tpch-queries/q08/v1_materialized.sql,measured,1,2,1,2,0.845178,0.422589,702.004,0.143174,0.004799,0.002892,7168,0,13.323669433593750000,12.099914550781250000,,
2026-09-11T23:54:40Z,315234445B9D4432,18.4,queries/tpch/tpch-queries/q08/v1_materialized.sql,measured,1,4,1,2,1.410017,0.352504,1359.492,0.050525,0.003585,0.003589,7168,0,24.561828613281250000,22.652954101562500000,,
2026-09-11T23:54:43Z,315234445B9D4432,18.4,queries/tpch/tpch-queries/q08/v1_materialized.sql,measured,1,8,1,2,2.754833,0.344354,2651.336,0.103497,0.003716,0.003746,7168,0,49.197021484375000000,45.210876464843750000,,
2026-09-11T23:54:48Z,315234445B9D4432,18.4,queries/tpch/tpch-queries/q08/v1_materialized.sql,measured,1,16,1,2,5.437442,0.339840,5317.638,0.119804,0.003236,0.004177,7168,0,97.510620117187500000,89.762451171875000000,,
2026-09-11T23:54:54Z,679C1E8D4A7914E5,18.4,queries/tpch/tpch-queries/q04/v1_materialized.sql,warmup,1,1,1,2,1.655189,1.655189,1476.789,0.178400,0.003846,0.003103,7168,0,14.912414550781250000,11.248474121093750000,,
2026-09-11T23:54:54Z,679C1E8D4A7914E5,18.4,queries/tpch/tpch-queries/q04/v1_materialized.sql,warmup,2,1,1,2,0.130716,0.130716,91.572,0.039144,0.002556,0.004411,7168,0,3.695434570312500000,3.487670898437500000,,
2026-09-11T23:54:54Z,679C1E8D4A7914E5,18.4,queries/tpch/tpch-queries/q04/v1_materialized.sql,measured,1,1,1,2,0.184438,0.184438,91.001,0.093437,0.001833,0.005925,7168,0,3.848693847656250000,3.506958007812500000,,
2026-09-11T23:54:54Z,679C1E8D4A7914E5,18.4,queries/tpch/tpch-queries/q04/v1_materialized.sql,measured,1,2,1,2,0.215387,0.107693,175.046,0.040341,0.002159,0.005117,7168,0,6.701293945312500000,6.384643554687500000,,
2026-09-11T23:54:55Z,679C1E8D4A7914E5,18.4,queries/tpch/tpch-queries/q04/v1_materialized.sql,measured,1,4,1,2,0.474026,0.118506,370.805,0.103221,0.002571,0.005163,7168,0,11.774475097656250000,11.026611328125000000,,
2026-09-11T23:54:55Z,679C1E8D4A7914E5,18.4,queries/tpch/tpch-queries/q04/v1_materialized.sql,measured,1,8,1,2,0.787884,0.098486,689.663,0.098221,0.001918,0.005621,7168,0,24.056884765625000000,22.850158691406250000,,
2026-09-11T23:54:57Z,679C1E8D4A7914E5,18.4,queries/tpch/tpch-queries/q04/v1_materialized.sql,measured,1,16,1,2,1.471706,0.091982,1363.405,0.108301,0.002838,0.004843,7168,0,47.734924316406250000,45.514221191406250000,,
2026-09-11T23:55:08Z,22A2915EEF0CC947,18.4,queries/tpch/tpch-queries/q08/v1_materialized.sql,warmup,1,1,1,2,7.480423,7.480423,7286.101,0.194322,0.002734,0.004400,7168,0,58.629089355468750000,42.569885253906250000,,
2026-09-11T23:55:08Z,22A2915EEF0CC947,18.4,queries/tpch/tpch-queries/q08/v1_materialized.sql,warmup,2,1,1,2,0.410388,0.410388,369.099,0.041289,0.002512,0.004593,7168,0,7.116333007812500000,6.543395996093750000,,
2026-09-11T23:55:09Z,22A2915EEF0CC947,18.4,queries/tpch/tpch-queries/q08/v1_materialized.sql,measured,1,1,1,2,0.464900,0.464900,374.398,0.090502,0.004456,0.003097,7168,0,7.140197753906250000,6.463745117187500000,,
2026-09-11T23:55:10Z,22A2915EEF0CC947,18.4,queries/tpch/tpch-queries/q08/v1_materialized.sql,measured,1,2,1,2,0.753160,0.376580,704.730,0.048430,0.000940,0.006597,7168,0,12.666564941406250000,11.621398925781250000,,
2026-09-11T23:55:11Z,22A2915EEF0CC947,18.4,queries/tpch/tpch-queries/q08/v1_materialized.sql,measured,1,4,1,2,1.479513,0.369878,1380.271,0.099242,0.003025,0.004887,7168,0,24.755676269531250000,22.700439453125000000,,
2026-09-11T23:55:14Z,22A2915EEF0CC947,18.4,queries/tpch/tpch-queries/q08/v1_materialized.sql,measured,1,8,1,2,2.799561,0.349945,2695.708,0.103853,0.001738,0.006064,7168,0,49.091979980468750000,45.009643554687500000,,
2026-09-11T23:55:19Z,22A2915EEF0CC947,18.4,queries/tpch/tpch-queries/q08/v1_materialized.sql,measured,1,16,1,2,5.444638,0.340290,5325.506,0.119132,0.000938,0.006525,7168,0,97.204895019531250000,89.386901855468750000,,
2026-09-11T23:55:24Z,395ADCCD455860CE,18.4,queries/tpch/tpch-queries/q06/base.sql,warmup,1,1,1,2,1.060592,1.060592,884.459,0.176133,0.002676,0.004301,7168,0,20.010559082031250000,17.442687988281250000,,
2026-09-11T23:55:25Z,395ADCCD455860CE,18.4,queries/tpch/tpch-queries/q06/base.sql,warmup,2,1,1,2,0.272142,0.272142,233.155,0.038987,0.002690,0.004380,7168,0,9.093688964843750000,8.690002441406250000,,
2026-09-11T23:55:25Z,395ADCCD455860CE,18.4,queries/tpch/tpch-queries/q06/base.sql,measured,1,1,1,2,0.378594,0.378594,281.288,0.097306,0.004305,0.003459,7168,0,7.852355957031250000,7.258300781250000000,,
2026-09-11T23:55:26Z,395ADCCD455860CE,18.4,queries/tpch/tpch-queries/q06/base.sql,measured,1,2,1,2,0.608546,0.304273,506.300,0.102246,0.002057,0.005982,7168,0,16.054931640625000000,15.088867187500000000,,
2026-09-11T23:55:26Z,395ADCCD455860CE,18.4,queries/tpch/tpch-queries/q06/base.sql,measured,1,4,1,2,0.944519,0.236130,894.296,0.050223,0.002528,0.004654,7168,0,33.012451171875000000,31.482543945312500000,,
2026-09-11T23:55:28Z,395ADCCD455860CE,18.4,queries/tpch/tpch-queries/q06/base.sql,measured,1,8,1,2,1.936004,0.242000,1838.880,0.097124,0.003716,0.003900,7168,0,61.804199218750000000,58.841003417968750000,,
2026-09-11T23:55:32Z,395ADCCD455860CE,18.4,queries/tpch/tpch-queries/q06/base.sql,measured,1,16,1,2,3.778116,0.236132,3731.153,0.046963,0.002719,0.004689,7168,0,118.541870117187500000,112.649902343750000000,,
2026-09-11T23:55:36Z,01FF5E25375E921E,18.4,queries/tpch/tpch-queries/q22/v1_materialized.sql,warmup,1,1,1,2,0.311977,0.311977,129.557,0.182420,0.000913,0.006210,7168,0,2.849975585937500000,2.231750488281250000,,
2026-09-11T23:55:36Z,01FF5E25375E921E,18.4,queries/tpch/tpch-queries/q22/v1_materialized.sql,warmup,2,1,1,2,0.112700,0.112700,59.884,0.052816,0.000930,0.008477,7168,0,1.924255371093750000,1.764709472656250000,,
2026-09-11T23:55:37Z,01FF5E25375E921E,18.4,queries/tpch/tpch-queries/q22/v1_materialized.sql,measured,1,1,1,2,0.133505,0.133505,60.787,0.072718,0.006784,0.007691,7168,0,1.979431152343750000,1.781066894531250000,,
2026-09-11T23:55:37Z,01FF5E25375E921E,18.4,queries/tpch/tpch-queries/q22/v1_materialized.sql,measured,1,2,1,2,0.144004,0.072002,103.225,0.040779,0.002723,0.004434,7168,0,3.496948242187500000,3.294677734375000000,,
2026-09-11T23:55:37Z,01FF5E25375E921E,18.4,queries/tpch/tpch-queries/q22/v1_materialized.sql,measured,1,4,1,2,0.308283,0.077071,211.972,0.096311,0.002861,0.005062,7168,0,6.593200683593750000,6.118713378906250000,,
2026-09-11T23:55:37Z,01FF5E25375E921E,18.4,queries/tpch/tpch-queries/q22/v1_materialized.sql,measured,1,8,1,2,0.528962,0.066120,424.723,0.104239,0.002696,0.005365,7168,0,12.394348144531250000,11.649719238281250000,,
2026-09-11T23:55:38Z,01FF5E25375E921E,18.4,queries/tpch/tpch-queries/q22/v1_materialized.sql,measured,1,16,1,2,0.980612,0.061288,864.360,0.116252,0.004470,0.003596,7168,0,23.707885742187500000,22.255920410156250000,,
2026-09-11T23:55:47Z,208AD7DCF9833791,18.4,queries/tpch/tpch-queries/q18/v1_materialized.sql,warmup,1,1,1,2,5.216469,5.216469,5030.972,0.185497,0.000906,0.006204,7168,0,154.227172851562500000,143.364135742187500000,,
2026-09-11T23:55:52Z,208AD7DCF9833791,18.4,queries/tpch/tpch-queries/q18/v1_materialized.sql,warmup,2,1,1,2,4.497474,4.497474,4456.081,0.041393,0.000937,0.006429,7168,0,127.153259277343750000,120.539855957031250000,,
2026-09-11T23:55:56Z,208AD7DCF9833791,18.4,queries/tpch/tpch-queries/q18/v1_materialized.sql,measured,1,1,1,2,4.682140,4.682140,4580.237,0.101903,0.003321,0.004285,7168,0,123.352478027343750000,116.484069824218750000,,
2026-09-11T23:56:06Z,208AD7DCF9833791,18.4,queries/tpch/tpch-queries/q18/v1_materialized.sql,measured,1,2,1,2,9.296425,4.648212,9203.229,0.093196,0.002085,0.006059,7168,0,234.523498535156250000,221.035583496093750000,,
2026-09-11T23:56:25Z,208AD7DCF9833791,18.4,queries/tpch/tpch-queries/q18/v1_materialized.sql,measured,1,4,1,2,19.286070,4.821518,19187.171,0.098899,0.001059,0.006183,7168,0,440.830993652343750000,412.830871582031250000,,
2026-09-11T23:57:04Z,208AD7DCF9833791,18.4,queries/tpch/tpch-queries/q18/v1_materialized.sql,measured,1,8,1,2,38.981518,4.872690,38871.945,0.109573,0.002726,0.005393,7168,0,855.239562988281250000,798.680664062500000000,,
2026-09-11T23:58:22Z,208AD7DCF9833791,18.4,queries/tpch/tpch-queries/q18/v1_materialized.sql,measured,1,16,1,2,77.837786,4.864862,77709.537,0.128249,0.004491,0.003703,7168,0,1708.167846679687500000,1596.704772949218750000,,
2026-09-11T23:58:34Z,023A9C50E5DF811C,18.4,queries/tpch/tpch-queries/q05/base.sql,warmup,1,1,1,2,8.642902,8.642902,8452.589,0.190313,0.001742,0.005130,7168,0,36.028076171875000000,17.564636230468750000,,
2026-09-11T23:58:35Z,023A9C50E5DF811C,18.4,queries/tpch/tpch-queries/q05/base.sql,warmup,2,1,1,2,0.285849,0.285849,244.825,0.041024,0.001882,0.005069,7168,0,4.162414550781250000,3.759216308593750000,,
2026-09-11T23:58:35Z,023A9C50E5DF811C,18.4,queries/tpch/tpch-queries/q05/base.sql,measured,1,1,1,2,0.334494,0.334494,242.357,0.092137,0.006570,0.001126,7168,0,4.346313476562500000,3.821411132812500000,,
2026-09-11T23:58:36Z,023A9C50E5DF811C,18.4,queries/tpch/tpch-queries/q05/base.sql,measured,1,2,1,2,0.570749,0.285374,478.008,0.092741,0.005089,0.003077,7168,0,7.455932617187500000,6.615600585937500000,,
2026-09-11T23:58:37Z,023A9C50E5DF811C,18.4,queries/tpch/tpch-queries/q05/base.sql,measured,1,4,1,2,1.056280,0.264070,949.976,0.106304,0.003817,0.004723,7168,0,13.612182617187500000,12.114013671875000000,,
2026-09-11T23:58:39Z,023A9C50E5DF811C,18.4,queries/tpch/tpch-queries/q05/base.sql,measured,1,8,1,2,1.980264,0.247533,1870.335,0.109929,0.001006,0.006993,7168,0,26.496093750000000000,23.629333496093750000,,
2026-09-11T23:58:42Z,023A9C50E5DF811C,18.4,queries/tpch/tpch-queries/q05/base.sql,measured,1,16,1,2,3.712274,0.232017,3639.800,0.072474,0.004834,0.002947,7168,0,53.697387695312500000,48.448486328125000000,,
2026-09-11T23:58:47Z,85C00296964B7223,18.4,queries/tpch/tpch-queries/q02/v2_decorrelate.sql,warmup,1,1,1,2,0.602737,0.602737,368.153,0.234584,0.002756,0.004472,7168,0,5.824035644531250000,4.670532226562500000,,
2026-09-11T23:58:47Z,85C00296964B7223,18.4,queries/tpch/tpch-queries/q02/v2_decorrelate.sql,warmup,2,1,1,2,0.280919,0.280919,216.274,0.064645,0.005392,0.006571,7168,0,3.799621582031250000,3.439270019531250000,,
2026-09-11T23:58:47Z,85C00296964B7223,18.4,queries/tpch/tpch-queries/q02/v2_decorrelate.sql,measured,1,1,1,2,0.308576,0.308576,206.642,0.101934,0.004713,0.003836,7168,0,4.050231933593750000,3.589050292968750000,,
2026-09-11T23:58:48Z,85C00296964B7223,18.4,queries/tpch/tpch-queries/q02/v2_decorrelate.sql,measured,1,2,1,2,0.590970,0.295485,447.749,0.143221,0.003892,0.003935,7168,0,7.304687500000000000,6.454528808593750000,,
2026-09-11T23:58:49Z,85C00296964B7223,18.4,queries/tpch/tpch-queries/q02/v2_decorrelate.sql,measured,1,4,1,2,0.888865,0.222216,835.258,0.053607,0.005299,0.001758,7168,0,13.908569335937500000,12.639831542968750000,,
2026-09-11T23:58:50Z,85C00296964B7223,18.4,queries/tpch/tpch-queries/q02/v2_decorrelate.sql,measured,1,8,1,2,1.725786,0.215723,1613.219,0.112567,0.003325,0.004753,7168,0,27.556274414062500000,25.297424316406250000,,
2026-09-11T23:58:54Z,85C00296964B7223,18.4,queries/tpch/tpch-queries/q02/v2_decorrelate.sql,measured,1,16,1,2,3.403307,0.212707,3223.695,0.179612,0.001046,0.007197,7168,0,55.361145019531250000,50.726623535156250000,,
2026-09-11T23:59:48Z,D03B280F380F83B7,18.4,queries/tpch/tpch-queries/q02/base.sql,warmup,1,1,1,2,50.986077,50.986077,50754.024,0.232053,0.002961,0.004324,7168,0,528.055236816406250000,459.218261718750000000,,
2026-09-12T00:00:35Z,D03B280F380F83B7,18.4,queries/tpch/tpch-queries/q02/base.sql,warmup,2,1,1,2,47.073254,47.073254,47029.937,0.043317,0.001934,0.008057,7168,0,499.121643066406250000,437.377197265625000000,,
2026-09-12T00:01:22Z,D03B280F380F83B7,18.4,queries/tpch/tpch-queries/q02/base.sql,measured,1,1,1,2,47.101705,47.101705,47011.932,0.089773,0.001867,0.006049,7168,0,493.951843261718750000,432.820678710937500000,,
2026-09-12T00:02:55Z,D03B280F380F83B7,18.4,queries/tpch/tpch-queries/q02/base.sql,measured,1,2,1,2,92.816983,46.408491,92725.456,0.091527,0.004528,0.003605,7168,0,1028.858642578125000000,907.752380371093750000,,
2026-09-12T00:06:00Z,D03B280F380F83B7,18.4,queries/tpch/tpch-queries/q02/base.sql,measured,1,4,1,2,185.274778,46.318695,185176.075,0.098703,0.004761,0.003854,7168,0,2065.835937500000000000,1824.545837402343750000,,
2026-09-12T00:12:11Z,D03B280F380F83B7,18.4,queries/tpch/tpch-queries/q02/base.sql,measured,1,8,1,2,370.145455,46.268182,370044.345,0.101110,0.003121,0.005074,7168,0,4190.643127441406250000,3706.259643554687500000,,
2026-09-12T00:24:31Z,D03B280F380F83B7,18.4,queries/tpch/tpch-queries/q02/base.sql,measured,1,16,1,2,740.825357,46.301585,740712.427,0.112930,0.003738,0.005672,7168,0,8219.714355468750000000,7254.090148925781250000,,
2026-09-12T00:24:35Z,12D9E9133ECFF468,18.4,queries/tpch/tpch-queries/q22/v2_anti_join.sql,warmup,1,1,1,2,0.466069,0.466069,282.392,0.183677,0.002868,0.004191,7168,0,6.490173339843750000,5.471801757812500000,,
2026-09-12T00:24:35Z,12D9E9133ECFF468,18.4,queries/tpch/tpch-queries/q22/v2_anti_join.sql,warmup,2,1,1,2,0.136220,0.136220,96.820,0.039400,0.002420,0.004425,7168,0,3.629150390625000000,3.418762207031250000,,
2026-09-12T00:24:36Z,12D9E9133ECFF468,18.4,queries/tpch/tpch-queries/q22/v2_anti_join.sql,measured,1,1,1,2,0.218255,0.218255,120.784,0.097471,0.004764,0.002913,7168,0,3.109252929687500000,2.771362304687500000,,
2026-09-12T00:24:36Z,12D9E9133ECFF468,18.4,queries/tpch/tpch-queries/q22/v2_anti_join.sql,measured,1,2,1,2,0.333049,0.166524,225.286,0.107763,0.003623,0.004478,7168,0,5.930419921875000000,5.442626953125000000,,
2026-09-12T00:24:37Z,12D9E9133ECFF468,18.4,queries/tpch/tpch-queries/q22/v2_anti_join.sql,measured,1,4,1,2,0.588033,0.147008,445.680,0.142353,0.003770,0.004701,7168,0,12.074829101562500000,11.205627441406250000,,
2026-09-12T00:24:37Z,12D9E9133ECFF468,18.4,queries/tpch/tpch-queries/q22/v2_anti_join.sql,measured,1,8,1,2,0.814551,0.101819,767.889,0.046662,0.003564,0.003562,7168,0,24.285949707031250000,23.081726074218750000,,
2026-09-12T00:24:39Z,12D9E9133ECFF468,18.4,queries/tpch/tpch-queries/q22/v2_anti_join.sql,measured,1,16,1,2,1.631177,0.101949,1513.277,0.117900,0.003139,0.005073,7168,0,49.193908691406250000,46.876586914062500000,,
2026-09-12T00:24:44Z,BDB07F9BE0C204E0,18.4,queries/tpch/tpch-queries/q14/v2_filter.sql,warmup,1,1,1,2,1.087405,1.087405,902.376,0.185029,0.002070,0.004882,7168,0,20.684448242187500000,18.055847167968750000,,
2026-09-12T00:24:44Z,BDB07F9BE0C204E0,18.4,queries/tpch/tpch-queries/q14/v2_filter.sql,warmup,2,1,1,2,0.288767,0.288767,249.087,0.039680,0.001776,0.005256,7168,0,9.357482910156250000,8.920959472656250000,,
2026-09-12T00:24:44Z,BDB07F9BE0C204E0,18.4,queries/tpch/tpch-queries/q14/v2_filter.sql,measured,1,1,1,2,0.412147,0.412147,307.798,0.104349,0.004885,0.003303,7168,0,8.024963378906250000,7.324340820312500000,,
2026-09-12T00:24:45Z,BDB07F9BE0C204E0,18.4,queries/tpch/tpch-queries/q14/v2_filter.sql,measured,1,2,1,2,0.518386,0.259193,478.293,0.040093,0.000787,0.006434,7168,0,17.780700683593750000,16.929809570312500000,,
2026-09-12T00:24:46Z,BDB07F9BE0C204E0,18.4,queries/tpch/tpch-queries/q14/v2_filter.sql,measured,1,4,1,2,1.026742,0.256685,947.147,0.079595,0.000899,0.006184,7168,0,34.316406250000000000,32.720520019531250000,,
2026-09-12T00:24:48Z,BDB07F9BE0C204E0,18.4,queries/tpch/tpch-queries/q14/v2_filter.sql,measured,1,8,1,2,2.007956,0.250994,1912.779,0.095177,0.003544,0.003484,7168,0,65.256530761718750000,62.103942871093750000,,
2026-09-12T00:24:52Z,BDB07F9BE0C204E0,18.4,queries/tpch/tpch-queries/q14/v2_filter.sql,measured,1,16,1,2,3.930945,0.245684,3853.590,0.077355,0.005373,0.001820,7168,0,125.914062500000000000,119.800048828125000000,,
2026-09-12T00:24:57Z,BF91FDE80FC9725C,18.4,queries/tpch/tpch-queries/q06/base.sql,warmup,1,1,1,2,1.031723,1.031723,855.417,0.176306,0.002720,0.004392,7168,0,20.207885742187500000,17.689086914062500000,,
2026-09-12T00:24:57Z,BF91FDE80FC9725C,18.4,queries/tpch/tpch-queries/q06/base.sql,warmup,2,1,1,2,0.281031,0.281031,241.547,0.039484,0.002653,0.004673,7168,0,8.875305175781250000,8.457702636718750000,,
2026-09-12T00:24:57Z,BF91FDE80FC9725C,18.4,queries/tpch/tpch-queries/q06/base.sql,measured,1,1,1,2,0.378994,0.378994,278.888,0.100106,0.002328,0.005506,7168,0,7.907531738281250000,7.320861816406250000,,
2026-09-12T00:24:58Z,BF91FDE80FC9725C,18.4,queries/tpch/tpch-queries/q06/base.sql,measured,1,2,1,2,0.619959,0.309980,518.332,0.101627,0.002893,0.005028,7168,0,15.617919921875000000,14.646972656250000000,,
2026-09-12T00:24:59Z,BF91FDE80FC9725C,18.4,queries/tpch/tpch-queries/q06/base.sql,measured,1,4,1,2,1.051163,0.262791,956.772,0.094391,0.002692,0.004603,7168,0,30.410522460937500000,28.776611328125000000,,
2026-09-12T00:25:01Z,BF91FDE80FC9725C,18.4,queries/tpch/tpch-queries/q06/base.sql,measured,1,8,1,2,1.994093,0.249262,1900.483,0.093610,0.003159,0.003967,7168,0,58.544372558593750000,55.441589355468750000,,
2026-09-12T00:25:05Z,BF91FDE80FC9725C,18.4,queries/tpch/tpch-queries/q06/base.sql,measured,1,16,1,2,3.788286,0.236768,3741.973,0.046313,0.001903,0.005243,7168,0,118.279357910156250000,112.225036621093750000,,
2026-09-12T00:25:10Z,2691A446BBF1BBD7,18.4,queries/tpch/tpch-queries/q06/v1_materialized.sql,warmup,1,1,1,2,1.034119,1.034119,857.453,0.176666,0.004090,0.002791,7168,0,20.336975097656250000,17.814025878906250000,,
2026-09-12T00:25:10Z,2691A446BBF1BBD7,18.4,queries/tpch/tpch-queries/q06/v1_materialized.sql,warmup,2,1,1,2,0.285940,0.285940,245.854,0.040086,0.001869,0.005287,7168,0,8.568420410156250000,8.148193359375000000,,
2026-09-12T00:25:10Z,2691A446BBF1BBD7,18.4,queries/tpch/tpch-queries/q06/v1_materialized.sql,measured,1,1,1,2,0.344198,0.344198,291.253,0.052945,0.000990,0.006880,7168,0,7.657104492187500000,7.145935058593750000,,
2026-09-12T00:25:11Z,2691A446BBF1BBD7,18.4,queries/tpch/tpch-queries/q06/v1_materialized.sql,measured,1,2,1,2,0.608509,0.304254,511.803,0.096706,0.005433,0.002269,7168,0,15.301330566406250000,14.341674804687500000,,
2026-09-12T00:25:12Z,2691A446BBF1BBD7,18.4,queries/tpch/tpch-queries/q06/v1_materialized.sql,measured,1,4,1,2,1.094505,0.273626,996.327,0.098178,0.002547,0.005096,7168,0,28.942626953125000000,27.312500000000000000,,
2026-09-12T00:25:14Z,2691A446BBF1BBD7,18.4,queries/tpch/tpch-queries/q06/v1_materialized.sql,measured,1,8,1,2,2.061163,0.257645,1962.243,0.098920,0.002820,0.004557,7168,0,56.261657714843750000,53.127807617187500000,,
2026-09-12T00:25:18Z,2691A446BBF1BBD7,18.4,queries/tpch/tpch-queries/q06/v1_materialized.sql,measured,1,16,1,2,4.037152,0.252322,3928.058,0.109094,0.001118,0.006535,7168,0,109.815429687500000000,103.649719238281250000,,
2026-09-12T00:25:24Z,B6F88E1A06CE9338,18.4,queries/tpch/tpch-queries/q10/v1_materialized.sql,warmup,1,1,1,2,2.025816,2.025816,1834.812,0.191004,0.000908,0.006218,7168,0,25.123474121093750000,20.602539062500000000,,
2026-09-12T00:25:24Z,B6F88E1A06CE9338,18.4,queries/tpch/tpch-queries/q10/v1_materialized.sql,warmup,2,1,1,2,0.303999,0.303999,263.541,0.040458,0.000000,0.007032,7168,0,8.366333007812500000,7.932922363281250000,,
2026-09-12T00:25:24Z,B6F88E1A06CE9338,18.4,queries/tpch/tpch-queries/q10/v1_materialized.sql,measured,1,1,1,2,0.377265,0.377265,276.100,0.101165,0.003089,0.004549,7168,0,8.388366699218750000,7.797241210937500000,,
2026-09-12T00:25:25Z,B6F88E1A06CE9338,18.4,queries/tpch/tpch-queries/q10/v1_materialized.sql,measured,1,2,1,2,0.639109,0.319554,536.626,0.102483,0.004796,0.002925,7168,0,15.893737792968750000,14.954284667968750000,,
2026-09-12T00:25:26Z,B6F88E1A06CE9338,18.4,queries/tpch/tpch-queries/q10/v1_materialized.sql,measured,1,4,1,2,1.175948,0.293987,1009.611,0.166337,0.011449,0.011449,7040,0,30.539001464843750000,28.844909667968750000,,
2026-09-12T00:25:28Z,B6F88E1A06CE9338,18.4,queries/tpch/tpch-queries/q10/v1_materialized.sql,measured,1,8,1,2,2.125956,0.265744,2025.966,0.099990,0.002952,0.004204,7168,0,60.028503417968750000,56.829345703125000000,,
2026-09-12T00:25:32Z,B6F88E1A06CE9338,18.4,queries/tpch/tpch-queries/q10/v1_materialized.sql,measured,1,16,1,2,4.133950,0.258372,4078.267,0.055683,0.001525,0.005617,7168,0,115.260314941406250000,109.064147949218750000,,
2026-09-12T00:25:45Z,735747C123F65A0F,18.4,queries/tpch/tpch-queries/q07/base.sql,warmup,1,1,1,2,8.754983,8.754983,8565.137,0.189846,0.000000,0.007305,7168,0,40.123046875000000000,21.317443847656250000,,
2026-09-12T00:25:45Z,735747C123F65A0F,18.4,queries/tpch/tpch-queries/q07/base.sql,warmup,2,1,1,2,0.339715,0.339715,299.398,0.040317,0.004047,0.002833,7168,0,5.685302734375000000,5.204162597656250000,,
2026-09-12T00:25:46Z,735747C123F65A0F,18.4,queries/tpch/tpch-queries/q07/base.sql,measured,1,1,1,2,0.384995,0.384995,295.793,0.089202,0.003590,0.003601,7168,0,5.848266601562500000,5.258178710937500000,,
2026-09-12T00:25:46Z,735747C123F65A0F,18.4,queries/tpch/tpch-queries/q07/base.sql,measured,1,2,1,2,0.667350,0.333675,572.936,0.094414,0.001176,0.006760,7168,0,10.299865722656250000,9.257934570312500000,,
2026-09-12T00:25:48Z,735747C123F65A0F,18.4,queries/tpch/tpch-queries/q07/base.sql,measured,1,4,1,2,1.216377,0.304094,1120.264,0.096113,0.002913,0.004775,7168,0,19.353393554687500000,17.616821289062500000,,
2026-09-12T00:25:50Z,735747C123F65A0F,18.4,queries/tpch/tpch-queries/q07/base.sql,measured,1,8,1,2,2.293288,0.286661,2194.073,0.099215,0.003784,0.003895,7168,0,38.662475585937500000,35.360351562500000000,,
2026-09-12T00:25:54Z,735747C123F65A0F,18.4,queries/tpch/tpch-queries/q07/base.sql,measured,1,16,1,2,4.417980,0.276124,4308.380,0.109600,0.001912,0.005661,7168,0,76.821594238281250000,70.357788085937500000,,
2026-09-12T00:26:00Z,8C2A5F1B74F74FBC,18.4,queries/tpch/tpch-queries/q09/base.sql,warmup,1,1,1,2,1.973175,1.973175,1783.406,0.189769,0.003612,0.004486,7168,0,37.069580078125000000,32.703063964843750000,,
2026-09-12T00:26:01Z,8C2A5F1B74F74FBC,18.4,queries/tpch/tpch-queries/q09/base.sql,warmup,2,1,1,2,1.012645,1.012645,903.594,0.109051,0.002562,0.009989,7168,0,21.265136718750000000,19.760375976562500000,,
2026-09-12T00:26:02Z,8C2A5F1B74F74FBC,18.4,queries/tpch/tpch-queries/q09/base.sql,measured,1,1,1,2,0.962146,0.962146,912.390,0.049756,0.003147,0.005143,7168,0,21.123291015625000000,19.667663574218750000,,
2026-09-12T00:26:04Z,8C2A5F1B74F74FBC,18.4,queries/tpch/tpch-queries/q09/base.sql,measured,1,2,1,2,1.825575,0.912787,1782.407,0.043168,0.003663,0.003663,7168,0,42.239562988281250000,39.633605957031250000,,
2026-09-12T00:26:08Z,8C2A5F1B74F74FBC,18.4,queries/tpch/tpch-queries/q09/base.sql,measured,1,4,1,2,3.706793,0.926698,3565.634,0.141159,0.002992,0.005543,7168,0,83.727966308593750000,78.297119140625000000,,
2026-09-12T00:26:15Z,8C2A5F1B74F74FBC,18.4,queries/tpch/tpch-queries/q09/base.sql,measured,1,8,1,2,7.256313,0.907039,7156.320,0.099993,0.002543,0.004639,7168,0,167.421691894531250000,156.833679199218750000,,
2026-09-12T00:26:29Z,8C2A5F1B74F74FBC,18.4,queries/tpch/tpch-queries/q09/base.sql,measured,1,16,1,2,14.563306,0.910207,14460.443,0.102863,0.002087,0.005045,7168,0,322.978149414062500000,302.224975585937500000,,
2026-09-12T00:26:35Z,2D302A84F903940D,18.4,queries/tpch/tpch-queries/q01/v1_materialized.sql,warmup,1,1,1,2,2.198901,2.198901,2016.850,0.182051,0.003123,0.003906,7168,0,56.465515136718750000,51.546875000000000000,,
2026-09-12T00:26:37Z,2D302A84F903940D,18.4,queries/tpch/tpch-queries/q01/v1_materialized.sql,warmup,2,1,1,2,1.562527,1.562527,1523.080,0.039447,0.001547,0.005428,7168,0,43.404357910156250000,41.413696289062500000,,
2026-09-12T00:26:39Z,2D302A84F903940D,18.4,queries/tpch/tpch-queries/q01/v1_materialized.sql,measured,1,1,1,2,1.594739,1.594739,1536.342,0.058397,0.002718,0.005516,7168,0,44.547485351562500000,42.508972167968750000,,
2026-09-12T00:26:42Z,2D302A84F903940D,18.4,queries/tpch/tpch-queries/q01/v1_materialized.sql,measured,1,2,1,2,3.147480,1.573740,3044.866,0.102614,0.001795,0.006331,7168,0,86.939636230468750000,82.798156738281250000,,
2026-09-12T00:26:48Z,2D302A84F903940D,18.4,queries/tpch/tpch-queries/q01/v1_materialized.sql,measured,1,4,1,2,6.455727,1.613932,6352.247,0.103480,0.003092,0.004862,7168,0,160.897216796875000000,152.563049316406250000,,
2026-09-12T00:27:01Z,2D302A84F903940D,18.4,queries/tpch/tpch-queries/q01/v1_materialized.sql,measured,1,8,1,2,13.067328,1.633416,12956.969,0.110359,0.003162,0.005194,7168,0,311.061950683593750000,294.326293945312500000,,
2026-09-12T00:27:28Z,2D302A84F903940D,18.4,queries/tpch/tpch-queries/q01/v1_materialized.sql,measured,1,16,1,2,26.822080,1.676380,26705.316,0.116764,0.002900,0.005900,7168,0,587.832946777343750000,553.900512695312500000,,
2026-09-12T00:27:33Z,A985981E311B7DE2,18.4,queries/tpch/tpch-queries/q16/base.sql,warmup,1,1,1,2,0.617413,0.617413,386.591,0.230822,0.002099,0.004980,7168,0,9.072082519531250000,7.887023925781250000,,
2026-09-12T00:27:33Z,A985981E311B7DE2,18.4,queries/tpch/tpch-queries/q16/base.sql,warmup,2,1,1,2,0.272216,0.272216,217.529,0.054687,0.002812,0.006713,7168,0,6.554992675781250000,6.207580566406250000,,
2026-09-12T00:27:33Z,A985981E311B7DE2,18.4,queries/tpch/tpch-queries/q16/base.sql,measured,1,1,1,2,0.316064,0.316064,219.031,0.097033,0.002612,0.005259,7168,0,6.805725097656250000,6.344543457031250000,,
2026-09-12T00:27:34Z,A985981E311B7DE2,18.4,queries/tpch/tpch-queries/q16/base.sql,measured,1,2,1,2,0.577587,0.288794,440.078,0.137509,0.001807,0.006083,7168,0,12.905822753906250000,12.065795898437500000,,
2026-09-12T00:27:35Z,A985981E311B7DE2,18.4,queries/tpch/tpch-queries/q16/base.sql,measured,1,4,1,2,0.943071,0.235768,901.109,0.041962,0.000000,0.007287,7168,0,23.804321289062500000,22.452636718750000000,,
2026-09-12T00:27:37Z,A985981E311B7DE2,18.4,queries/tpch/tpch-queries/q16/base.sql,measured,1,8,1,2,1.920283,0.240035,1818.346,0.101937,0.003441,0.004441,7168,0,46.545959472656250000,44.074340820312500000,,
2026-09-12T00:27:40Z,A985981E311B7DE2,18.4,queries/tpch/tpch-queries/q16/base.sql,measured,1,16,1,2,3.766725,0.235420,3662.907,0.103818,0.003362,0.004237,7168,0,92.292968750000000000,87.209655761718750000,,
2026-09-12T00:28:34Z,342705BAB67D7FFD,18.4,queries/tpch/tpch-queries/q02/base.sql,warmup,1,1,1,2,50.447703,50.447703,50216.557,0.231146,0.004426,0.002738,7168,0,514.587036132812500000,446.420043945312500000,,
2026-09-12T00:29:24Z,342705BAB67D7FFD,18.4,queries/tpch/tpch-queries/q02/base.sql,warmup,2,1,1,2,49.449665,49.449665,49406.347,0.043318,0.007894,0.001927,7168,0,511.897033691406250000,447.604553222656250000,,
2026-09-12T00:30:13Z,342705BAB67D7FFD,18.4,queries/tpch/tpch-queries/q02/base.sql,measured,1,1,1,2,49.538520,49.538520,49448.208,0.090312,0.001009,0.006998,7168,0,517.255249023437500000,453.006469726562500000,,
2026-09-12T00:31:50Z,342705BAB67D7FFD,18.4,queries/tpch/tpch-queries/q02/base.sql,measured,1,2,1,2,96.204430,48.102215,96112.731,0.091699,0.006089,0.001784,7168,0,1006.649353027343750000,881.914367675781250000,,
2026-09-12T00:34:57Z,342705BAB67D7FFD,18.4,queries/tpch/tpch-queries/q02/base.sql,measured,1,4,1,2,187.955284,46.988821,187858.215,0.097069,0.004821,0.003839,7168,0,2051.012207031250000000,1806.523742675781250000,,
2026-09-12T00:41:12Z,342705BAB67D7FFD,18.4,queries/tpch/tpch-queries/q02/base.sql,measured,1,8,1,2,374.573079,46.821635,374471.558,0.101521,0.003409,0.005469,7168,0,4074.538085937500000000,3587.044921875000000000,,
2026-09-12T00:53:43Z,342705BAB67D7FFD,18.4,queries/tpch/tpch-queries/q02/base.sql,measured,1,16,1,2,751.317955,46.957372,751206.962,0.110993,0.004506,0.004383,7168,0,7930.674255371093750000,6954.021484375000000000,,
2026-09-12T00:53:48Z,049DB275C52E3014,18.4,queries/tpch/tpch-queries/q06/v1_materialized.sql,warmup,1,1,1,2,1.054582,1.054582,878.331,0.176251,0.002482,0.004460,7168,0,19.710693359375000000,17.184387207031250000,,
2026-09-12T00:53:48Z,049DB275C52E3014,18.4,queries/tpch/tpch-queries/q06/v1_materialized.sql,warmup,2,1,1,2,0.272276,0.272276,233.029,0.039247,0.004467,0.002755,7168,0,8.917724609375000000,8.526489257812500000,,
2026-09-12T00:53:49Z,049DB275C52E3014,18.4,queries/tpch/tpch-queries/q06/v1_materialized.sql,measured,1,1,1,2,0.379444,0.379444,278.345,0.101099,0.005956,0.002046,7168,0,7.732849121093750000,7.162658691406250000,,
2026-09-12T00:53:49Z,049DB275C52E3014,18.4,queries/tpch/tpch-queries/q06/v1_materialized.sql,measured,1,2,1,2,0.606714,0.303357,504.871,0.101843,0.002909,0.005160,7168,0,15.839233398437500000,14.862670898437500000,,
2026-09-12T00:53:50Z,049DB275C52E3014,18.4,queries/tpch/tpch-queries/q06/v1_materialized.sql,measured,1,4,1,2,0.918807,0.229702,878.238,0.040569,0.002546,0.004480,7168,0,33.571533203125000000,32.134216308593750000,,
2026-09-12T00:53:52Z,049DB275C52E3014,18.4,queries/tpch/tpch-queries/q06/v1_materialized.sql,measured,1,8,1,2,1.878837,0.234855,1782.615,0.096222,0.000848,0.006717,7168,0,63.291198730468750000,60.481140136718750000,,
2026-09-12T00:53:56Z,049DB275C52E3014,18.4,queries/tpch/tpch-queries/q06/v1_materialized.sql,measured,1,16,1,2,3.724680,0.232792,3625.656,0.099024,0.004000,0.003153,7168,0,121.999572753906250000,116.161560058593750000,,
2026-09-12T00:54:01Z,96216C785D1CFAFD,18.4,queries/tpch/tpch-queries/q13/v1_materialized.sql,warmup,1,1,1,2,1.839258,1.839258,1603.748,0.235510,0.004059,0.003297,7168,0,12.800720214843750000,8.976623535156250000,,
2026-09-12T00:54:03Z,96216C785D1CFAFD,18.4,queries/tpch/tpch-queries/q13/v1_materialized.sql,warmup,2,1,1,2,1.472848,1.472848,1432.113,0.040735,0.003811,0.004663,7168,0,10.068664550781250000,8.130737304687500000,,
2026-09-12T00:54:04Z,96216C785D1CFAFD,18.4,queries/tpch/tpch-queries/q13/v1_materialized.sql,measured,1,1,1,2,1.417457,1.417457,1377.741,0.039716,0.004491,0.002798,7168,0,10.463195800781250000,8.699584960937500000,,
2026-09-12T00:54:07Z,96216C785D1CFAFD,18.4,queries/tpch/tpch-queries/q13/v1_materialized.sql,measured,1,2,1,2,2.836671,1.418335,2733.786,0.102885,0.007591,0.008566,7168,0,20.390625000000000000,16.653320312500000000,,
2026-09-12T00:54:12Z,96216C785D1CFAFD,18.4,queries/tpch/tpch-queries/q13/v1_materialized.sql,measured,1,4,1,2,5.355626,1.338907,5311.909,0.043717,0.000907,0.006319,7168,0,40.425476074218750000,33.811157226562500000,,
2026-09-12T00:54:23Z,96216C785D1CFAFD,18.4,queries/tpch/tpch-queries/q13/v1_materialized.sql,measured,1,8,1,2,10.829562,1.353695,10668.716,0.160846,0.002591,0.006125,7168,0,80.614562988281250000,67.602539062500000000,,
2026-09-12T00:54:44Z,96216C785D1CFAFD,18.4,queries/tpch/tpch-queries/q13/v1_materialized.sql,measured,1,16,1,2,21.172563,1.323285,21098.388,0.074175,0.003989,0.004937,7168,0,157.656555175781250000,132.001525878906250000,,
2026-09-12T00:54:48Z,7E083665146D295F,18.4,queries/tpch/tpch-queries/q22/v2_anti_join.sql,warmup,1,1,1,2,0.500695,0.500695,317.220,0.183475,0.002683,0.004338,7168,0,6.258911132812500000,5.187255859375000000,,
2026-09-12T00:54:48Z,7E083665146D295F,18.4,queries/tpch/tpch-queries/q22/v2_anti_join.sql,warmup,2,1,1,2,0.200567,0.200567,109.397,0.091170,0.002609,0.004394,7168,0,3.804687500000000000,3.501403808593750000,,
2026-09-12T00:54:49Z,7E083665146D295F,18.4,queries/tpch/tpch-queries/q22/v2_anti_join.sql,measured,1,1,1,2,0.157991,0.157991,104.621,0.053370,0.004696,0.003716,7168,0,3.530029296875000000,3.292114257812500000,,
2026-09-12T00:54:49Z,7E083665146D295F,18.4,queries/tpch/tpch-queries/q22/v2_anti_join.sql,measured,1,2,1,2,0.310883,0.155442,211.491,0.099392,0.002031,0.005967,7168,0,6.273010253906250000,5.804504394531250000,,
2026-09-12T00:54:49Z,7E083665146D295F,18.4,queries/tpch/tpch-queries/q22/v2_anti_join.sql,measured,1,4,1,2,0.510054,0.127513,407.362,0.102692,0.001807,0.005742,7168,0,11.775451660156250000,11.043884277343750000,,
2026-09-12T00:54:50Z,7E083665146D295F,18.4,queries/tpch/tpch-queries/q22/v2_anti_join.sql,measured,1,8,1,2,0.885235,0.110654,774.372,0.110863,0.003087,0.005022,7168,0,24.271484375000000000,22.870178222656250000,,
2026-09-12T00:54:52Z,7E083665146D295F,18.4,queries/tpch/tpch-queries/q22/v2_anti_join.sql,measured,1,16,1,2,1.507982,0.094249,1457.642,0.050340,0.004928,0.002055,7168,0,50.234558105468750000,48.145446777343750000,,
2026-09-12T00:55:04Z,253ACC5E1C311C62,18.4,queries/tpch/tpch-queries/q08/v2_filter.sql,warmup,1,1,1,2,8.548365,8.548365,8352.973,0.195392,0.001642,0.005839,7168,0,41.495544433593750000,23.339843750000000000,,
2026-09-12T00:55:04Z,253ACC5E1C311C62,18.4,queries/tpch/tpch-queries/q08/v2_filter.sql,warmup,2,1,1,2,0.405766,0.405766,361.564,0.044202,0.003996,0.005176,7168,0,7.096374511718750000,6.539001464843750000,,
2026-09-12T00:55:05Z,253ACC5E1C311C62,18.4,queries/tpch/tpch-queries/q08/v2_filter.sql,measured,1,1,1,2,0.456762,0.456762,366.457,0.090305,0.004702,0.002882,7168,0,7.017395019531250000,6.362609863281250000,,
2026-09-12T00:55:06Z,253ACC5E1C311C62,18.4,queries/tpch/tpch-queries/q08/v2_filter.sql,measured,1,2,1,2,0.804346,0.402173,712.720,0.091626,0.001834,0.005636,7168,0,12.706909179687500000,11.581420898437500000,,
2026-09-12T00:55:07Z,253ACC5E1C311C62,18.4,queries/tpch/tpch-queries/q08/v2_filter.sql,measured,1,4,1,2,1.447287,0.361822,1352.273,0.095014,0.003631,0.003684,7168,0,24.581665039062500000,22.479797363281250000,,
2026-09-12T00:55:10Z,253ACC5E1C311C62,18.4,queries/tpch/tpch-queries/q08/v2_filter.sql,measured,1,8,1,2,2.749712,0.343714,2646.872,0.102840,0.002711,0.004584,7168,0,48.598693847656250000,44.680114746093750000,,
2026-09-12T00:55:15Z,253ACC5E1C311C62,18.4,queries/tpch/tpch-queries/q08/v2_filter.sql,measured,1,16,1,2,5.358549,0.334909,5243.255,0.115294,0.004168,0.003241,7168,0,96.463989257812500000,88.929016113281250000,,
2026-09-12T00:55:20Z,A1F86C4D7BDD3831,18.4,queries/tpch/tpch-queries/q15/v1_materialized.sql,warmup,1,1,1,2,1.107665,1.107665,923.603,0.184062,0.003636,0.003449,7168,0,21.127136230468750000,18.488098144531250000,,
2026-09-12T00:55:20Z,A1F86C4D7BDD3831,18.4,queries/tpch/tpch-queries/q15/v1_materialized.sql,warmup,2,1,1,2,0.320823,0.320823,281.179,0.039644,0.005205,0.001783,7168,0,9.938232421875000000,9.454345703125000000,,
2026-09-12T00:55:21Z,A1F86C4D7BDD3831,18.4,queries/tpch/tpch-queries/q15/v1_materialized.sql,measured,1,1,1,2,0.435966,0.435966,338.137,0.097829,0.005450,0.001978,7168,0,8.915771484375000000,8.236083984375000000,,
2026-09-12T00:55:21Z,A1F86C4D7BDD3831,18.4,queries/tpch/tpch-queries/q15/v1_materialized.sql,measured,1,2,1,2,0.704893,0.352446,605.062,0.099831,0.001976,0.005843,7168,0,18.015075683593750000,16.881896972656250000,,
2026-09-12T00:55:23Z,A1F86C4D7BDD3831,18.4,queries/tpch/tpch-queries/q15/v1_materialized.sql,measured,1,4,1,2,1.111811,0.277953,1068.720,0.043091,0.001846,0.005848,7168,0,37.502990722656250000,35.802856445312500000,,
2026-09-12T00:55:25Z,A1F86C4D7BDD3831,18.4,queries/tpch/tpch-queries/q15/v1_materialized.sql,measured,1,8,1,2,2.258579,0.282322,2163.068,0.095511,0.004568,0.002770,7168,0,71.616638183593750000,68.077575683593750000,,
2026-09-12T00:55:29Z,A1F86C4D7BDD3831,18.4,queries/tpch/tpch-queries/q15/v1_materialized.sql,measured,1,16,1,2,4.526659,0.282916,4423.347,0.103312,0.005318,0.002035,7168,0,137.613830566406250000,130.351196289062500000,,
