timestamp_utc,run_id,pg_version,query,phase,batch_index,copy_index,batchnum,runs,server_planning_ms,server_execution_ms,plan_nodes,scan_nodes,rows_out,rows_processed,rows_estimated,bytes_processed,rows_removed_filter,workers_launched,relations,shared_hit_blks,shared_read_blks,shared_dirtied_blks,shared_written_blks,temp_read_blks,temp_written_blks,failed
2026-08-18T10:07:14Z,A38BF16E22E478B0,18.4,queries/tpch/tpch-queries/q01/base.sql,warmup,1,1,1,3,1.033,1806.559,5,1,4,5916654,6,147929854,16925,4,lineitem,28,112600,0,0,0,0,0
2026-08-18T10:07:16Z,A38BF16E22E478B0,18.4,queries/tpch/tpch-queries/q01/base.sql,warmup,2,1,1,3,0.822,1643.739,5,1,4,5916654,6,147929854,16925,4,lineitem,112628,0,0,0,0,0,0
2026-08-18T10:07:25Z,A38BF16E22E478B0,18.4,queries/tpch/tpch-queries/q01/base.sql,measured,1,1,5,3,1.203,1713.474,5,1,4,5916654,6,147929854,16925,4,lineitem,112628,0,0,0,0,0,0
2026-08-18T10:07:25Z,A38BF16E22E478B0,18.4,queries/tpch/tpch-queries/q01/base.sql,measured,1,2,5,3,0.169,1710.374,5,1,4,5916654,6,147929854,16925,4,lineitem,112628,0,0,0,0,0,0
2026-08-18T10:07:25Z,A38BF16E22E478B0,18.4,queries/tpch/tpch-queries/q01/base.sql,measured,1,3,5,3,0.168,1706.157,5,1,4,5916654,6,147929854,16925,4,lineitem,112628,0,0,0,0,0,0
2026-08-18T10:07:25Z,A38BF16E22E478B0,18.4,queries/tpch/tpch-queries/q01/base.sql,measured,1,4,5,3,0.167,1713.155,5,1,4,5916654,6,147929854,16925,4,lineitem,112628,0,0,0,0,0,0
2026-08-18T10:07:25Z,A38BF16E22E478B0,18.4,queries/tpch/tpch-queries/q01/base.sql,measured,1,5,5,3,0.168,1709.140,5,1,4,5916654,6,147929854,16925,4,lineitem,112628,0,0,0,0,0,0
2026-08-18T10:07:33Z,A38BF16E22E478B0,18.4,queries/tpch/tpch-queries/q01/base.sql,measured,2,1,5,3,1.015,1707.903,5,1,4,5916654,6,147929854,16925,4,lineitem,112628,0,0,0,0,0,0
2026-08-18T10:07:33Z,A38BF16E22E478B0,18.4,queries/tpch/tpch-queries/q01/base.sql,measured,2,2,5,3,0.169,1709.431,5,1,4,5916654,6,147929854,16925,4,lineitem,112628,0,0,0,0,0,0
2026-08-18T10:07:33Z,A38BF16E22E478B0,18.4,queries/tpch/tpch-queries/q01/base.sql,measured,2,3,5,3,0.168,1706.885,5,1,4,5916654,6,147929854,16925,4,lineitem,112628,0,0,0,0,0,0
2026-08-18T10:07:33Z,A38BF16E22E478B0,18.4,queries/tpch/tpch-queries/q01/base.sql,measured,2,4,5,3,0.169,1700.986,5,1,4,5916654,6,147929854,16925,4,lineitem,112628,0,0,0,0,0,0
2026-08-18T10:07:33Z,A38BF16E22E478B0,18.4,queries/tpch/tpch-queries/q01/base.sql,measured,2,5,5,3,0.171,1698.114,5,1,4,5916654,6,147929854,16925,4,lineitem,112628,0,0,0,0,0,0
2026-08-18T10:07:42Z,A38BF16E22E478B0,18.4,queries/tpch/tpch-queries/q01/base.sql,measured,3,1,5,3,1.206,1712.508,5,1,4,5916654,6,147929854,16925,4,lineitem,112628,0,0,0,0,0,0
2026-08-18T10:07:42Z,A38BF16E22E478B0,18.4,queries/tpch/tpch-queries/q01/base.sql,measured,3,2,5,3,0.167,1703.440,5,1,4,5916654,6,147929854,16925,4,lineitem,112628,0,0,0,0,0,0
2026-08-18T10:07:42Z,A38BF16E22E478B0,18.4,queries/tpch/tpch-queries/q01/base.sql,measured,3,3,5,3,0.182,1702.376,5,1,4,5916654,6,147929854,16925,4,lineitem,112628,0,0,0,0,0,0
2026-08-18T10:07:42Z,A38BF16E22E478B0,18.4,queries/tpch/tpch-queries/q01/base.sql,measured,3,4,5,3,0.176,1710.139,5,1,4,5916654,6,147929854,16925,4,lineitem,112628,0,0,0,0,0,0
2026-08-18T10:07:42Z,A38BF16E22E478B0,18.4,queries/tpch/tpch-queries/q01/base.sql,measured,3,5,5,3,0.168,1703.559,5,1,4,5916654,6,147929854,16925,4,lineitem,112628,0,0,0,0,0,0
2026-08-18T10:07:44Z,A38BF16E22E478B0,18.4,queries/tpch/tpch-queries/q01/v1_materialized.sql,warmup,1,1,1,3,1.017,1704.998,6,2,4,5916658,6,147930846,16925,4,_m;lineitem,112628,0,0,0,0,0,0
2026-08-18T10:07:46Z,A38BF16E22E478B0,18.4,queries/tpch/tpch-queries/q01/v1_materialized.sql,warmup,2,1,1,3,1.590,1714.094,6,2,4,5916658,6,147930846,16925,4,_m;lineitem,112628,0,0,0,0,0,0
2026-08-18T10:07:54Z,A38BF16E22E478B0,18.4,queries/tpch/tpch-queries/q01/v1_materialized.sql,measured,1,1,5,3,1.425,1721.919,6,2,4,5916658,6,147930846,16925,4,_m;lineitem,112628,0,0,0,0,0,0
2026-08-18T10:07:54Z,A38BF16E22E478B0,18.4,queries/tpch/tpch-queries/q01/v1_materialized.sql,measured,1,2,5,3,0.201,1710.159,6,2,4,5916658,6,147930846,16925,4,_m;lineitem,112628,0,0,0,0,0,0
2026-08-18T10:07:54Z,A38BF16E22E478B0,18.4,queries/tpch/tpch-queries/q01/v1_materialized.sql,measured,1,3,5,3,0.209,1705.145,6,2,4,5916658,6,147930846,16925,4,_m;lineitem,112628,0,0,0,0,0,0
2026-08-18T10:07:54Z,A38BF16E22E478B0,18.4,queries/tpch/tpch-queries/q01/v1_materialized.sql,measured,1,4,5,3,0.192,1705.817,6,2,4,5916658,6,147930846,16925,4,_m;lineitem,112628,0,0,0,0,0,0
2026-08-18T10:07:54Z,A38BF16E22E478B0,18.4,queries/tpch/tpch-queries/q01/v1_materialized.sql,measured,1,5,5,3,0.192,1704.402,6,2,4,5916658,6,147930846,16925,4,_m;lineitem,112628,0,0,0,0,0,0
2026-08-18T10:08:03Z,A38BF16E22E478B0,18.4,queries/tpch/tpch-queries/q01/v1_materialized.sql,measured,2,1,5,3,1.243,1709.300,6,2,4,5916658,6,147930846,16925,4,_m;lineitem,112628,0,0,0,0,0,0
2026-08-18T10:08:03Z,A38BF16E22E478B0,18.4,queries/tpch/tpch-queries/q01/v1_materialized.sql,measured,2,2,5,3,0.193,1709.974,6,2,4,5916658,6,147930846,16925,4,_m;lineitem,112628,0,0,0,0,0,0
2026-08-18T10:08:03Z,A38BF16E22E478B0,18.4,queries/tpch/tpch-queries/q01/v1_materialized.sql,measured,2,3,5,3,0.188,1709.421,6,2,4,5916658,6,147930846,16925,4,_m;lineitem,112628,0,0,0,0,0,0
2026-08-18T10:08:03Z,A38BF16E22E478B0,18.4,queries/tpch/tpch-queries/q01/v1_materialized.sql,measured,2,4,5,3,0.190,1710.044,6,2,4,5916658,6,147930846,16925,4,_m;lineitem,112628,0,0,0,0,0,0
2026-08-18T10:08:03Z,A38BF16E22E478B0,18.4,queries/tpch/tpch-queries/q01/v1_materialized.sql,measured,2,5,5,3,0.188,1710.105,6,2,4,5916658,6,147930846,16925,4,_m;lineitem,112628,0,0,0,0,0,0
2026-08-18T10:08:12Z,A38BF16E22E478B0,18.4,queries/tpch/tpch-queries/q01/v1_materialized.sql,measured,3,1,5,3,1.077,1703.499,6,2,4,5916658,6,147930846,16925,4,_m;lineitem,112628,0,0,0,0,0,0
2026-08-18T10:08:12Z,A38BF16E22E478B0,18.4,queries/tpch/tpch-queries/q01/v1_materialized.sql,measured,3,2,5,3,0.193,1704.074,6,2,4,5916658,6,147930846,16925,4,_m;lineitem,112628,0,0,0,0,0,0
2026-08-18T10:08:12Z,A38BF16E22E478B0,18.4,queries/tpch/tpch-queries/q01/v1_materialized.sql,measured,3,3,5,3,0.190,1704.678,6,2,4,5916658,6,147930846,16925,4,_m;lineitem,112628,0,0,0,0,0,0
2026-08-18T10:08:12Z,A38BF16E22E478B0,18.4,queries/tpch/tpch-queries/q01/v1_materialized.sql,measured,3,4,5,3,0.191,1706.132,6,2,4,5916658,6,147930846,16925,4,_m;lineitem,112628,0,0,0,0,0,0
2026-08-18T10:08:12Z,A38BF16E22E478B0,18.4,queries/tpch/tpch-queries/q01/v1_materialized.sql,measured,3,5,5,3,0.199,1704.381,6,2,4,5916658,6,147930846,16925,4,_m;lineitem,112628,0,0,0,0,0,0
2026-08-18T10:08:12Z,A38BF16E22E478B0,18.4,queries/tpch/tpch-queries/q02/base.sql,warmup,1,1,1,3,5.497,353.044,23,10,100,521979,1,59100592,3168,0,part;ixtest_part_size;supplier;nation;region;partsupp,176427,21536,0,0,0,0,0
2026-08-18T10:08:12Z,A38BF16E22E478B0,18.4,queries/tpch/tpch-queries/q02/base.sql,warmup,2,1,1,3,2.403,184.392,23,10,100,521979,1,59100592,3168,0,part;ixtest_part_size;supplier;nation;region;partsupp,197963,0,0,0,0,0,0
2026-08-18T10:08:13Z,A38BF16E22E478B0,18.4,queries/tpch/tpch-queries/q02/base.sql,measured,1,1,5,3,2.164,184.571,23,10,100,521979,1,59100592,3168,0,part;ixtest_part_size;supplier;nation;region;partsupp,197963,0,0,0,0,0,0
2026-08-18T10:08:13Z,A38BF16E22E478B0,18.4,queries/tpch/tpch-queries/q02/base.sql,measured,1,2,5,3,0.902,160.359,23,10,100,521979,1,59100592,3168,0,part;ixtest_part_size;supplier;nation;region;partsupp,197954,0,0,0,0,0,0
2026-08-18T10:08:13Z,A38BF16E22E478B0,18.4,queries/tpch/tpch-queries/q02/base.sql,measured,1,3,5,3,0.883,163.350,23,10,100,521979,1,59100592,3168,0,part;ixtest_part_size;supplier;nation;region;partsupp,197954,0,0,0,0,0,0
2026-08-18T10:08:13Z,A38BF16E22E478B0,18.4,queries/tpch/tpch-queries/q02/base.sql,measured,1,4,5,3,0.886,161.660,23,10,100,521979,1,59100592,3168,0,part;ixtest_part_size;supplier;nation;region;partsupp,197954,0,0,0,0,0,0
2026-08-18T10:08:13Z,A38BF16E22E478B0,18.4,queries/tpch/tpch-queries/q02/base.sql,measured,1,5,5,3,0.889,164.425,23,10,100,521979,1,59100592,3168,0,part;ixtest_part_size;supplier;nation;region;partsupp,197954,0,0,0,0,0,0
2026-08-18T10:08:14Z,A38BF16E22E478B0,18.4,queries/tpch/tpch-queries/q02/base.sql,measured,2,1,5,3,2.162,186.275,23,10,100,521979,1,59100592,3168,0,part;ixtest_part_size;supplier;nation;region;partsupp,197963,0,0,0,0,0,0
2026-08-18T10:08:14Z,A38BF16E22E478B0,18.4,queries/tpch/tpch-queries/q02/base.sql,measured,2,2,5,3,0.895,161.691,23,10,100,521979,1,59100592,3168,0,part;ixtest_part_size;supplier;nation;region;partsupp,197954,0,0,0,0,0,0
2026-08-18T10:08:14Z,A38BF16E22E478B0,18.4,queries/tpch/tpch-queries/q02/base.sql,measured,2,3,5,3,0.887,160.988,23,10,100,521979,1,59100592,3168,0,part;ixtest_part_size;supplier;nation;region;partsupp,197954,0,0,0,0,0,0
2026-08-18T10:08:14Z,A38BF16E22E478B0,18.4,queries/tpch/tpch-queries/q02/base.sql,measured,2,4,5,3,0.894,157.744,23,10,100,521979,1,59100592,3168,0,part;ixtest_part_size;supplier;nation;region;partsupp,197954,0,0,0,0,0,0
2026-08-18T10:08:14Z,A38BF16E22E478B0,18.4,queries/tpch/tpch-queries/q02/base.sql,measured,2,5,5,3,0.885,157.997,23,10,100,521979,1,59100592,3168,0,part;ixtest_part_size;supplier;nation;region;partsupp,197954,0,0,0,0,0,0
2026-08-18T10:08:15Z,A38BF16E22E478B0,18.4,queries/tpch/tpch-queries/q02/base.sql,measured,3,1,5,3,2.167,186.290,23,10,100,521979,1,59100592,3168,0,part;ixtest_part_size;supplier;nation;region;partsupp,197963,0,0,0,0,0,0
2026-08-18T10:08:15Z,A38BF16E22E478B0,18.4,queries/tpch/tpch-queries/q02/base.sql,measured,3,2,5,3,0.906,162.215,23,10,100,521979,1,59100592,3168,0,part;ixtest_part_size;supplier;nation;region;partsupp,197954,0,0,0,0,0,0
2026-08-18T10:08:15Z,A38BF16E22E478B0,18.4,queries/tpch/tpch-queries/q02/base.sql,measured,3,3,5,3,0.892,165.642,23,10,100,521979,1,59100592,3168,0,part;ixtest_part_size;supplier;nation;region;partsupp,197954,0,0,0,0,0,0
2026-08-18T10:08:15Z,A38BF16E22E478B0,18.4,queries/tpch/tpch-queries/q02/base.sql,measured,3,4,5,3,0.896,162.577,23,10,100,521979,1,59100592,3168,0,part;ixtest_part_size;supplier;nation;region;partsupp,197954,0,0,0,0,0,0
2026-08-18T10:08:15Z,A38BF16E22E478B0,18.4,queries/tpch/tpch-queries/q02/base.sql,measured,3,5,5,3,0.889,159.833,23,10,100,521979,1,59100592,3168,0,part;ixtest_part_size;supplier;nation;region;partsupp,197954,0,0,0,0,0,0
2026-08-18T10:08:15Z,A38BF16E22E478B0,18.4,queries/tpch/tpch-queries/q02/v1_materialized.sql,warmup,1,1,1,3,2.926,214.547,24,12,100,516404,1,58380442,3168,0,part;ixtest_part_size;nation;region;supplier;ixtest_supplier_nationkey;partsupp;_m,198694,5,0,0,0,0,0
2026-08-18T10:08:16Z,A38BF16E22E478B0,18.4,queries/tpch/tpch-queries/q02/v1_materialized.sql,warmup,2,1,1,3,2.380,223.659,24,12,100,516404,1,58380442,3168,0,part;ixtest_part_size;nation;region;supplier;ixtest_supplier_nationkey;partsupp;_m,198699,0,0,0,0,0,0
2026-08-18T10:08:17Z,A38BF16E22E478B0,18.4,queries/tpch/tpch-queries/q02/v1_materialized.sql,measured,1,1,5,3,2.015,219.467,24,12,100,516404,1,58380442,3168,0,part;ixtest_part_size;nation;region;supplier;ixtest_supplier_nationkey;partsupp;_m,198699,0,0,0,0,0,0
2026-08-18T10:08:17Z,A38BF16E22E478B0,18.4,queries/tpch/tpch-queries/q02/v1_materialized.sql,measured,1,2,5,3,0.793,190.730,24,12,100,516404,1,58380442,3168,0,part;ixtest_part_size;nation;region;supplier;ixtest_supplier_nationkey;partsupp;_m,198690,0,0,0,0,0,0
2026-08-18T10:08:17Z,A38BF16E22E478B0,18.4,queries/tpch/tpch-queries/q02/v1_materialized.sql,measured,1,3,5,3,0.815,184.897,24,12,100,516404,1,58380442,3168,0,part;ixtest_part_size;nation;region;supplier;ixtest_supplier_nationkey;partsupp;_m,198690,0,0,0,0,0,0
2026-08-18T10:08:17Z,A38BF16E22E478B0,18.4,queries/tpch/tpch-queries/q02/v1_materialized.sql,measured,1,4,5,3,0.772,185.860,24,12,100,516404,1,58380442,3168,0,part;ixtest_part_size;nation;region;supplier;ixtest_supplier_nationkey;partsupp;_m,198690,0,0,0,0,0,0
2026-08-18T10:08:17Z,A38BF16E22E478B0,18.4,queries/tpch/tpch-queries/q02/v1_materialized.sql,measured,1,5,5,3,0.799,185.079,24,12,100,516404,1,58380442,3168,0,part;ixtest_part_size;nation;region;supplier;ixtest_supplier_nationkey;partsupp;_m,198690,0,0,0,0,0,0
2026-08-18T10:08:18Z,A38BF16E22E478B0,18.4,queries/tpch/tpch-queries/q02/v1_materialized.sql,measured,2,1,5,3,2.027,217.860,24,12,100,516404,1,58380442,3168,0,part;ixtest_part_size;nation;region;supplier;ixtest_supplier_nationkey;partsupp;_m,198699,0,0,0,0,0,0
2026-08-18T10:08:18Z,A38BF16E22E478B0,18.4,queries/tpch/tpch-queries/q02/v1_materialized.sql,measured,2,2,5,3,0.829,185.972,24,12,100,516404,1,58380442,3168,0,part;ixtest_part_size;nation;region;supplier;ixtest_supplier_nationkey;partsupp;_m,198690,0,0,0,0,0,0
2026-08-18T10:08:18Z,A38BF16E22E478B0,18.4,queries/tpch/tpch-queries/q02/v1_materialized.sql,measured,2,3,5,3,0.776,187.089,24,12,100,516404,1,58380442,3168,0,part;ixtest_part_size;nation;region;supplier;ixtest_supplier_nationkey;partsupp;_m,198690,0,0,0,0,0,0
2026-08-18T10:08:18Z,A38BF16E22E478B0,18.4,queries/tpch/tpch-queries/q02/v1_materialized.sql,measured,2,4,5,3,0.802,186.736,24,12,100,516404,1,58380442,3168,0,part;ixtest_part_size;nation;region;supplier;ixtest_supplier_nationkey;partsupp;_m,198690,0,0,0,0,0,0
2026-08-18T10:08:18Z,A38BF16E22E478B0,18.4,queries/tpch/tpch-queries/q02/v1_materialized.sql,measured,2,5,5,3,0.794,186.848,24,12,100,516404,1,58380442,3168,0,part;ixtest_part_size;nation;region;supplier;ixtest_supplier_nationkey;partsupp;_m,198690,0,0,0,0,0,0
2026-08-18T10:08:19Z,A38BF16E22E478B0,18.4,queries/tpch/tpch-queries/q02/v1_materialized.sql,measured,3,1,5,3,2.005,215.350,24,12,100,516404,1,58380442,3168,0,part;ixtest_part_size;nation;region;supplier;ixtest_supplier_nationkey;partsupp;_m,198699,0,0,0,0,0,0
2026-08-18T10:08:19Z,A38BF16E22E478B0,18.4,queries/tpch/tpch-queries/q02/v1_materialized.sql,measured,3,2,5,3,0.790,185.517,24,12,100,516404,1,58380442,3168,0,part;ixtest_part_size;nation;region;supplier;ixtest_supplier_nationkey;partsupp;_m,198690,0,0,0,0,0,0
2026-08-18T10:08:19Z,A38BF16E22E478B0,18.4,queries/tpch/tpch-queries/q02/v1_materialized.sql,measured,3,3,5,3,0.780,182.758,24,12,100,516404,1,58380442,3168,0,part;ixtest_part_size;nation;region;supplier;ixtest_supplier_nationkey;partsupp;_m,198690,0,0,0,0,0,0
2026-08-18T10:08:19Z,A38BF16E22E478B0,18.4,queries/tpch/tpch-queries/q02/v1_materialized.sql,measured,3,4,5,3,0.777,181.509,24,12,100,516404,1,58380442,3168,0,part;ixtest_part_size;nation;region;supplier;ixtest_supplier_nationkey;partsupp;_m,198690,0,0,0,0,0,0
2026-08-18T10:08:19Z,A38BF16E22E478B0,18.4,queries/tpch/tpch-queries/q02/v1_materialized.sql,measured,3,5,5,3,0.780,183.494,24,12,100,516404,1,58380442,3168,0,part;ixtest_part_size;nation;region;supplier;ixtest_supplier_nationkey;partsupp;_m,198690,0,0,0,0,0,0
2026-08-18T10:08:19Z,A38BF16E22E478B0,18.4,queries/tpch/tpch-queries/q02/v2_decorrelate.sql,warmup,1,1,1,3,2.937,212.045,25,11,100,452023,1,8826712,3171,0,region;nation;supplier;ixtest_supplier_nationkey;partsupp;part;ixtest_part_size,171708,0,0,0,0,0,0
2026-08-18T10:08:20Z,A38BF16E22E478B0,18.4,queries/tpch/tpch-queries/q02/v2_decorrelate.sql,warmup,2,1,1,3,3.371,217.794,25,11,100,452023,1,8826712,3171,0,region;nation;supplier;ixtest_supplier_nationkey;partsupp;part;ixtest_part_size,171708,0,0,0,0,0,0
2026-08-18T10:08:21Z,A38BF16E22E478B0,18.4,queries/tpch/tpch-queries/q02/v2_decorrelate.sql,measured,1,1,5,3,2.932,221.417,25,11,100,452023,1,8826712,3171,0,region;nation;supplier;ixtest_supplier_nationkey;partsupp;part;ixtest_part_size,171708,0,0,0,0,0,0
2026-08-18T10:08:21Z,A38BF16E22E478B0,18.4,queries/tpch/tpch-queries/q02/v2_decorrelate.sql,measured,1,2,5,3,2.012,220.515,25,11,100,452023,1,8826712,3171,0,region;nation;supplier;ixtest_supplier_nationkey;partsupp;part;ixtest_part_size,171699,0,0,0,0,0,0
2026-08-18T10:08:21Z,A38BF16E22E478B0,18.4,queries/tpch/tpch-queries/q02/v2_decorrelate.sql,measured,1,3,5,3,2.069,223.060,25,11,100,452023,1,8826712,3171,0,region;nation;supplier;ixtest_supplier_nationkey;partsupp;part;ixtest_part_size,171699,0,0,0,0,0,0
2026-08-18T10:08:21Z,A38BF16E22E478B0,18.4,queries/tpch/tpch-queries/q02/v2_decorrelate.sql,measured,1,4,5,3,1.969,209.475,25,11,100,452023,1,8826712,3171,0,region;nation;supplier;ixtest_supplier_nationkey;partsupp;part;ixtest_part_size,171699,0,0,0,0,0,0
2026-08-18T10:08:21Z,A38BF16E22E478B0,18.4,queries/tpch/tpch-queries/q02/v2_decorrelate.sql,measured,1,5,5,3,1.958,209.910,25,11,100,452023,1,8826712,3171,0,region;nation;supplier;ixtest_supplier_nationkey;partsupp;part;ixtest_part_size,171699,0,0,0,0,0,0
2026-08-18T10:08:22Z,A38BF16E22E478B0,18.4,queries/tpch/tpch-queries/q02/v2_decorrelate.sql,measured,2,1,5,3,2.918,216.454,25,11,100,452023,1,8826712,3171,0,region;nation;supplier;ixtest_supplier_nationkey;partsupp;part;ixtest_part_size,171708,0,0,0,0,0,0
2026-08-18T10:08:22Z,A38BF16E22E478B0,18.4,queries/tpch/tpch-queries/q02/v2_decorrelate.sql,measured,2,2,5,3,1.983,215.279,25,11,100,452023,1,8826712,3171,0,region;nation;supplier;ixtest_supplier_nationkey;partsupp;part;ixtest_part_size,171699,0,0,0,0,0,0
2026-08-18T10:08:22Z,A38BF16E22E478B0,18.4,queries/tpch/tpch-queries/q02/v2_decorrelate.sql,measured,2,3,5,3,2.045,218.281,25,11,100,452023,1,8826712,3171,0,region;nation;supplier;ixtest_supplier_nationkey;partsupp;part;ixtest_part_size,171699,0,0,0,0,0,0
2026-08-18T10:08:22Z,A38BF16E22E478B0,18.4,queries/tpch/tpch-queries/q02/v2_decorrelate.sql,measured,2,4,5,3,2.068,213.518,25,11,100,452023,1,8826712,3171,0,region;nation;supplier;ixtest_supplier_nationkey;partsupp;part;ixtest_part_size,171699,0,0,0,0,0,0
2026-08-18T10:08:22Z,A38BF16E22E478B0,18.4,queries/tpch/tpch-queries/q02/v2_decorrelate.sql,measured,2,5,5,3,2.015,208.470,25,11,100,452023,1,8826712,3171,0,region;nation;supplier;ixtest_supplier_nationkey;partsupp;part;ixtest_part_size,171699,0,0,0,0,0,0
2026-08-18T10:08:23Z,A38BF16E22E478B0,18.4,queries/tpch/tpch-queries/q02/v2_decorrelate.sql,measured,3,1,5,3,2.925,210.984,25,11,100,452023,1,8826712,3171,0,region;nation;supplier;ixtest_supplier_nationkey;partsupp;part;ixtest_part_size,171708,0,0,0,0,0,0
2026-08-18T10:08:23Z,A38BF16E22E478B0,18.4,queries/tpch/tpch-queries/q02/v2_decorrelate.sql,measured,3,2,5,3,1.936,208.901,25,11,100,452023,1,8826712,3171,0,region;nation;supplier;ixtest_supplier_nationkey;partsupp;part;ixtest_part_size,171699,0,0,0,0,0,0
2026-08-18T10:08:23Z,A38BF16E22E478B0,18.4,queries/tpch/tpch-queries/q02/v2_decorrelate.sql,measured,3,3,5,3,1.919,209.068,25,11,100,452023,1,8826712,3171,0,region;nation;supplier;ixtest_supplier_nationkey;partsupp;part;ixtest_part_size,171699,0,0,0,0,0,0
2026-08-18T10:08:23Z,A38BF16E22E478B0,18.4,queries/tpch/tpch-queries/q02/v2_decorrelate.sql,measured,3,4,5,3,1.880,212.800,25,11,100,452023,1,8826712,3171,0,region;nation;supplier;ixtest_supplier_nationkey;partsupp;part;ixtest_part_size,171699,0,0,0,0,0,0
2026-08-18T10:08:23Z,A38BF16E22E478B0,18.4,queries/tpch/tpch-queries/q02/v2_decorrelate.sql,measured,3,5,5,3,1.942,205.633,25,11,100,452023,1,8826712,3171,0,region;nation;supplier;ixtest_supplier_nationkey;partsupp;part;ixtest_part_size,171699,0,0,0,0,0,0
2026-08-18T10:08:24Z,A38BF16E22E478B0,18.4,queries/tpch/tpch-queries/q03/base.sql,warmup,1,1,1,3,1.765,315.709,11,4,10,1037527,10,15620480,193178,3,orders;customer;ixtest_customer_mktseg;lineitem,587364,39260,0,0,0,0,0
2026-08-18T10:08:24Z,A38BF16E22E478B0,18.4,queries/tpch/tpch-queries/q03/base.sql,warmup,2,1,1,3,1.756,269.557,11,4,10,1037527,10,15620480,193178,3,orders;customer;ixtest_customer_mktseg;lineitem,626624,0,0,0,0,0,0
2026-08-18T10:08:25Z,A38BF16E22E478B0,18.4,queries/tpch/tpch-queries/q03/base.sql,measured,1,1,5,3,1.903,276.086,11,4,10,1037527,10,15620480,193178,3,orders;customer;ixtest_customer_mktseg;lineitem,626624,0,0,0,0,0,0
2026-08-18T10:08:25Z,A38BF16E22E478B0,18.4,queries/tpch/tpch-queries/q03/base.sql,measured,1,2,5,3,0.444,226.673,11,4,10,1037527,10,15620480,193178,3,orders;customer;ixtest_customer_mktseg;lineitem,626618,0,0,0,0,0,0
2026-08-18T10:08:25Z,A38BF16E22E478B0,18.4,queries/tpch/tpch-queries/q03/base.sql,measured,1,3,5,3,0.423,220.568,11,4,10,1037527,10,15620480,193178,3,orders;customer;ixtest_customer_mktseg;lineitem,626618,0,0,0,0,0,0
2026-08-18T10:08:25Z,A38BF16E22E478B0,18.4,queries/tpch/tpch-queries/q03/base.sql,measured,1,4,5,3,0.421,222.173,11,4,10,1037527,10,15620480,193178,3,orders;customer;ixtest_customer_mktseg;lineitem,626618,0,0,0,0,0,0
2026-08-18T10:08:25Z,A38BF16E22E478B0,18.4,queries/tpch/tpch-queries/q03/base.sql,measured,1,5,5,3,0.436,222.906,11,4,10,1037527,10,15620480,193178,3,orders;customer;ixtest_customer_mktseg;lineitem,626618,0,0,0,0,0,0
2026-08-18T10:08:26Z,A38BF16E22E478B0,18.4,queries/tpch/tpch-queries/q03/base.sql,measured,2,1,5,3,1.750,284.422,11,4,10,1037527,10,15620480,193178,3,orders;customer;ixtest_customer_mktseg;lineitem,626624,0,0,0,0,0,0
2026-08-18T10:08:26Z,A38BF16E22E478B0,18.4,queries/tpch/tpch-queries/q03/base.sql,measured,2,2,5,3,0.436,227.224,11,4,10,1037527,10,15620480,193178,3,orders;customer;ixtest_customer_mktseg;lineitem,626618,0,0,0,0,0,0
2026-08-18T10:08:26Z,A38BF16E22E478B0,18.4,queries/tpch/tpch-queries/q03/base.sql,measured,2,3,5,3,0.422,222.596,11,4,10,1037527,10,15620480,193178,3,orders;customer;ixtest_customer_mktseg;lineitem,626618,0,0,0,0,0,0
2026-08-18T10:08:26Z,A38BF16E22E478B0,18.4,queries/tpch/tpch-queries/q03/base.sql,measured,2,4,5,3,0.422,221.312,11,4,10,1037527,10,15620480,193178,3,orders;customer;ixtest_customer_mktseg;lineitem,626618,0,0,0,0,0,0
2026-08-18T10:08:26Z,A38BF16E22E478B0,18.4,queries/tpch/tpch-queries/q03/base.sql,measured,2,5,5,3,0.439,222.971,11,4,10,1037527,10,15620480,193178,3,orders;customer;ixtest_customer_mktseg;lineitem,626618,0,0,0,0,0,0
2026-08-18T10:08:28Z,A38BF16E22E478B0,18.4,queries/tpch/tpch-queries/q03/base.sql,measured,3,1,5,3,1.619,284.427,11,4,10,1037527,10,15620480,193178,3,orders;customer;ixtest_customer_mktseg;lineitem,626624,0,0,0,0,0,0
2026-08-18T10:08:28Z,A38BF16E22E478B0,18.4,queries/tpch/tpch-queries/q03/base.sql,measured,3,2,5,3,0.419,230.014,11,4,10,1037527,10,15620480,193178,3,orders;customer;ixtest_customer_mktseg;lineitem,626618,0,0,0,0,0,0
2026-08-18T10:08:28Z,A38BF16E22E478B0,18.4,queries/tpch/tpch-queries/q03/base.sql,measured,3,3,5,3,0.422,222.574,11,4,10,1037527,10,15620480,193178,3,orders;customer;ixtest_customer_mktseg;lineitem,626618,0,0,0,0,0,0
2026-08-18T10:08:28Z,A38BF16E22E478B0,18.4,queries/tpch/tpch-queries/q03/base.sql,measured,3,4,5,3,0.429,222.632,11,4,10,1037527,10,15620480,193178,3,orders;customer;ixtest_customer_mktseg;lineitem,626618,0,0,0,0,0,0
2026-08-18T10:08:28Z,A38BF16E22E478B0,18.4,queries/tpch/tpch-queries/q03/base.sql,measured,3,5,5,3,0.441,225.093,11,4,10,1037527,10,15620480,193178,3,orders;customer;ixtest_customer_mktseg;lineitem,626618,0,0,0,0,0,0
2026-08-18T10:08:28Z,A38BF16E22E478B0,18.4,queries/tpch/tpch-queries/q03/v1_materialized.sql,warmup,1,1,1,3,1.632,276.090,12,5,10,1049147,10,16131760,193178,3,orders;customer;ixtest_customer_mktseg;lineitem;_m,626624,0,0,0,0,0,0
2026-08-18T10:08:28Z,A38BF16E22E478B0,18.4,queries/tpch/tpch-queries/q03/v1_materialized.sql,warmup,2,1,1,3,1.509,251.044,12,5,10,1049147,10,16131760,193178,3,orders;customer;ixtest_customer_mktseg;lineitem;_m,626624,0,0,0,0,0,0
2026-08-18T10:08:30Z,A38BF16E22E478B0,18.4,queries/tpch/tpch-queries/q03/v1_materialized.sql,measured,1,1,5,3,1.507,251.294,12,5,10,1049147,10,16131760,193178,3,orders;customer;ixtest_customer_mktseg;lineitem;_m,626624,0,0,0,0,0,0
2026-08-18T10:08:30Z,A38BF16E22E478B0,18.4,queries/tpch/tpch-queries/q03/v1_materialized.sql,measured,1,2,5,3,0.411,232.901,12,5,10,1049147,10,16131760,193178,3,orders;customer;ixtest_customer_mktseg;lineitem;_m,626618,0,0,0,0,0,0
2026-08-18T10:08:30Z,A38BF16E22E478B0,18.4,queries/tpch/tpch-queries/q03/v1_materialized.sql,measured,1,3,5,3,0.405,227.692,12,5,10,1049147,10,16131760,193178,3,orders;customer;ixtest_customer_mktseg;lineitem;_m,626618,0,0,0,0,0,0
2026-08-18T10:08:30Z,A38BF16E22E478B0,18.4,queries/tpch/tpch-queries/q03/v1_materialized.sql,measured,1,4,5,3,0.396,228.280,12,5,10,1049147,10,16131760,193178,3,orders;customer;ixtest_customer_mktseg;lineitem;_m,626618,0,0,0,0,0,0
2026-08-18T10:08:30Z,A38BF16E22E478B0,18.4,queries/tpch/tpch-queries/q03/v1_materialized.sql,measured,1,5,5,3,0.420,227.363,12,5,10,1049147,10,16131760,193178,3,orders;customer;ixtest_customer_mktseg;lineitem;_m,626618,0,0,0,0,0,0
2026-08-18T10:08:31Z,A38BF16E22E478B0,18.4,queries/tpch/tpch-queries/q03/v1_materialized.sql,measured,2,1,5,3,1.504,267.071,12,5,10,1049147,10,16131760,193178,3,orders;customer;ixtest_customer_mktseg;lineitem;_m,626624,0,0,0,0,0,0
2026-08-18T10:08:31Z,A38BF16E22E478B0,18.4,queries/tpch/tpch-queries/q03/v1_materialized.sql,measured,2,2,5,3,0.400,234.900,12,5,10,1049147,10,16131760,193178,3,orders;customer;ixtest_customer_mktseg;lineitem;_m,626618,0,0,0,0,0,0
2026-08-18T10:08:31Z,A38BF16E22E478B0,18.4,queries/tpch/tpch-queries/q03/v1_materialized.sql,measured,2,3,5,3,0.405,230.877,12,5,10,1049147,10,16131760,193178,3,orders;customer;ixtest_customer_mktseg;lineitem;_m,626618,0,0,0,0,0,0
2026-08-18T10:08:31Z,A38BF16E22E478B0,18.4,queries/tpch/tpch-queries/q03/v1_materialized.sql,measured,2,4,5,3,0.396,230.190,12,5,10,1049147,10,16131760,193178,3,orders;customer;ixtest_customer_mktseg;lineitem;_m,626618,0,0,0,0,0,0
2026-08-18T10:08:31Z,A38BF16E22E478B0,18.4,queries/tpch/tpch-queries/q03/v1_materialized.sql,measured,2,5,5,3,0.404,231.480,12,5,10,1049147,10,16131760,193178,3,orders;customer;ixtest_customer_mktseg;lineitem;_m,626618,0,0,0,0,0,0
2026-08-18T10:08:32Z,A38BF16E22E478B0,18.4,queries/tpch/tpch-queries/q03/v1_materialized.sql,measured,3,1,5,3,1.504,258.735,12,5,10,1049147,10,16131760,193178,3,orders;customer;ixtest_customer_mktseg;lineitem;_m,626624,0,0,0,0,0,0
2026-08-18T10:08:32Z,A38BF16E22E478B0,18.4,queries/tpch/tpch-queries/q03/v1_materialized.sql,measured,3,2,5,3,0.392,235.992,12,5,10,1049147,10,16131760,193178,3,orders;customer;ixtest_customer_mktseg;lineitem;_m,626618,0,0,0,0,0,0
2026-08-18T10:08:32Z,A38BF16E22E478B0,18.4,queries/tpch/tpch-queries/q03/v1_materialized.sql,measured,3,3,5,3,0.390,230.475,12,5,10,1049147,10,16131760,193178,3,orders;customer;ixtest_customer_mktseg;lineitem;_m,626618,0,0,0,0,0,0
2026-08-18T10:08:32Z,A38BF16E22E478B0,18.4,queries/tpch/tpch-queries/q03/v1_materialized.sql,measured,3,4,5,3,0.397,231.654,12,5,10,1049147,10,16131760,193178,3,orders;customer;ixtest_customer_mktseg;lineitem;_m,626618,0,0,0,0,0,0
2026-08-18T10:08:32Z,A38BF16E22E478B0,18.4,queries/tpch/tpch-queries/q03/v1_materialized.sql,measured,3,5,5,3,0.393,230.885,12,5,10,1049147,10,16131760,193178,3,orders;customer;ixtest_customer_mktseg;lineitem;_m,626618,0,0,0,0,0,0
2026-08-18T10:08:32Z,A38BF16E22E478B0,18.4,queries/tpch/tpch-queries/q04/base.sql,warmup,1,1,1,3,1.193,117.317,8,3,5,219519,5,2826040,1,3,orders;ixtest_orders_orderdate;lineitem,252725,52,0,0,0,0,0
2026-08-18T10:08:33Z,A38BF16E22E478B0,18.4,queries/tpch/tpch-queries/q04/base.sql,warmup,2,1,1,3,2.155,149.591,8,3,5,219519,5,2826040,1,3,orders;ixtest_orders_orderdate;lineitem,252777,0,0,0,0,0,0
2026-08-18T10:08:33Z,A38BF16E22E478B0,18.4,queries/tpch/tpch-queries/q04/base.sql,measured,1,1,5,3,1.544,122.727,8,3,5,219519,5,2826040,1,3,orders;ixtest_orders_orderdate;lineitem,252777,0,0,0,0,0,0
2026-08-18T10:08:33Z,A38BF16E22E478B0,18.4,queries/tpch/tpch-queries/q04/base.sql,measured,1,2,5,3,0.226,89.224,8,3,5,219519,5,2826040,1,3,orders;ixtest_orders_orderdate;lineitem,252777,0,0,0,0,0,0
2026-08-18T10:08:33Z,A38BF16E22E478B0,18.4,queries/tpch/tpch-queries/q04/base.sql,measured,1,3,5,3,0.226,85.615,8,3,5,219519,5,2826040,1,3,orders;ixtest_orders_orderdate;lineitem,252777,0,0,0,0,0,0
2026-08-18T10:08:33Z,A38BF16E22E478B0,18.4,queries/tpch/tpch-queries/q04/base.sql,measured,1,4,5,3,0.233,85.094,8,3,5,219519,5,2826040,1,3,orders;ixtest_orders_orderdate;lineitem,252777,0,0,0,0,0,0
2026-08-18T10:08:33Z,A38BF16E22E478B0,18.4,queries/tpch/tpch-queries/q04/base.sql,measured,1,5,5,3,0.222,84.724,8,3,5,219519,5,2826040,1,3,orders;ixtest_orders_orderdate;lineitem,252777,0,0,0,0,0,0
2026-08-18T10:08:34Z,A38BF16E22E478B0,18.4,queries/tpch/tpch-queries/q04/base.sql,measured,2,1,5,3,1.205,97.553,8,3,5,219519,5,2826040,1,3,orders;ixtest_orders_orderdate;lineitem,252777,0,0,0,0,0,0
2026-08-18T10:08:34Z,A38BF16E22E478B0,18.4,queries/tpch/tpch-queries/q04/base.sql,measured,2,2,5,3,0.228,89.355,8,3,5,219519,5,2826040,1,3,orders;ixtest_orders_orderdate;lineitem,252777,0,0,0,0,0,0
2026-08-18T10:08:34Z,A38BF16E22E478B0,18.4,queries/tpch/tpch-queries/q04/base.sql,measured,2,3,5,3,0.227,86.570,8,3,5,219519,5,2826040,1,3,orders;ixtest_orders_orderdate;lineitem,252777,0,0,0,0,0,0
2026-08-18T10:08:34Z,A38BF16E22E478B0,18.4,queries/tpch/tpch-queries/q04/base.sql,measured,2,4,5,3,0.227,93.949,8,3,5,219519,5,2826040,1,3,orders;ixtest_orders_orderdate;lineitem,252777,0,0,0,0,0,0
2026-08-18T10:08:34Z,A38BF16E22E478B0,18.4,queries/tpch/tpch-queries/q04/base.sql,measured,2,5,5,3,0.227,85.314,8,3,5,219519,5,2826040,1,3,orders;ixtest_orders_orderdate;lineitem,252777,0,0,0,0,0,0
2026-08-18T10:08:34Z,A38BF16E22E478B0,18.4,queries/tpch/tpch-queries/q04/base.sql,measured,3,1,5,3,1.419,113.912,8,3,5,219519,5,2826040,1,3,orders;ixtest_orders_orderdate;lineitem,252777,0,0,0,0,0,0
2026-08-18T10:08:34Z,A38BF16E22E478B0,18.4,queries/tpch/tpch-queries/q04/base.sql,measured,3,2,5,3,0.227,90.530,8,3,5,219519,5,2826040,1,3,orders;ixtest_orders_orderdate;lineitem,252777,0,0,0,0,0,0
2026-08-18T10:08:34Z,A38BF16E22E478B0,18.4,queries/tpch/tpch-queries/q04/base.sql,measured,3,3,5,3,0.240,86.155,8,3,5,219519,5,2826040,1,3,orders;ixtest_orders_orderdate;lineitem,252777,0,0,0,0,0,0
2026-08-18T10:08:34Z,A38BF16E22E478B0,18.4,queries/tpch/tpch-queries/q04/base.sql,measured,3,4,5,3,0.228,85.732,8,3,5,219519,5,2826040,1,3,orders;ixtest_orders_orderdate;lineitem,252777,0,0,0,0,0,0
2026-08-18T10:08:34Z,A38BF16E22E478B0,18.4,queries/tpch/tpch-queries/q04/base.sql,measured,3,5,5,3,0.229,96.468,8,3,5,219519,5,2826040,1,3,orders;ixtest_orders_orderdate;lineitem,252777,0,0,0,0,0,0
2026-08-18T10:08:35Z,A38BF16E22E478B0,18.4,queries/tpch/tpch-queries/q04/v1_materialized.sql,warmup,1,1,1,3,1.995,143.221,9,4,5,219524,5,2826400,1,3,_m;orders;ixtest_orders_orderdate;lineitem,252777,0,0,0,0,0,0
2026-08-18T10:08:35Z,A38BF16E22E478B0,18.4,queries/tpch/tpch-queries/q04/v1_materialized.sql,warmup,2,1,1,3,1.759,132.908,9,4,5,219524,5,2826400,1,3,_m;orders;ixtest_orders_orderdate;lineitem,252777,0,0,0,0,0,0
2026-08-18T10:08:35Z,A38BF16E22E478B0,18.4,queries/tpch/tpch-queries/q04/v1_materialized.sql,measured,1,1,5,3,1.752,132.706,9,4,5,219524,5,2826400,1,3,_m;orders;ixtest_orders_orderdate;lineitem,252777,0,0,0,0,0,0
2026-08-18T10:08:35Z,A38BF16E22E478B0,18.4,queries/tpch/tpch-queries/q04/v1_materialized.sql,measured,1,2,5,3,0.253,88.673,9,4,5,219524,5,2826400,1,3,_m;orders;ixtest_orders_orderdate;lineitem,252777,0,0,0,0,0,0
2026-08-18T10:08:35Z,A38BF16E22E478B0,18.4,queries/tpch/tpch-queries/q04/v1_materialized.sql,measured,1,3,5,3,0.241,85.628,9,4,5,219524,5,2826400,1,3,_m;orders;ixtest_orders_orderdate;lineitem,252777,0,0,0,0,0,0
2026-08-18T10:08:35Z,A38BF16E22E478B0,18.4,queries/tpch/tpch-queries/q04/v1_materialized.sql,measured,1,4,5,3,0.243,88.933,9,4,5,219524,5,2826400,1,3,_m;orders;ixtest_orders_orderdate;lineitem,252777,0,0,0,0,0,0
2026-08-18T10:08:35Z,A38BF16E22E478B0,18.4,queries/tpch/tpch-queries/q04/v1_materialized.sql,measured,1,5,5,3,0.242,85.274,9,4,5,219524,5,2826400,1,3,_m;orders;ixtest_orders_orderdate;lineitem,252777,0,0,0,0,0,0
2026-08-18T10:08:36Z,A38BF16E22E478B0,18.4,queries/tpch/tpch-queries/q04/v1_materialized.sql,measured,2,1,5,3,1.450,114.037,9,4,5,219524,5,2826400,1,3,_m;orders;ixtest_orders_orderdate;lineitem,252777,0,0,0,0,0,0
2026-08-18T10:08:36Z,A38BF16E22E478B0,18.4,queries/tpch/tpch-queries/q04/v1_materialized.sql,measured,2,2,5,3,0.258,88.919,9,4,5,219524,5,2826400,1,3,_m;orders;ixtest_orders_orderdate;lineitem,252777,0,0,0,0,0,0
2026-08-18T10:08:36Z,A38BF16E22E478B0,18.4,queries/tpch/tpch-queries/q04/v1_materialized.sql,measured,2,3,5,3,0.240,87.009,9,4,5,219524,5,2826400,1,3,_m;orders;ixtest_orders_orderdate;lineitem,252777,0,0,0,0,0,0
2026-08-18T10:08:36Z,A38BF16E22E478B0,18.4,queries/tpch/tpch-queries/q04/v1_materialized.sql,measured,2,4,5,3,0.241,85.633,9,4,5,219524,5,2826400,1,3,_m;orders;ixtest_orders_orderdate;lineitem,252777,0,0,0,0,0,0
2026-08-18T10:08:36Z,A38BF16E22E478B0,18.4,queries/tpch/tpch-queries/q04/v1_materialized.sql,measured,2,5,5,3,0.253,85.482,9,4,5,219524,5,2826400,1,3,_m;orders;ixtest_orders_orderdate;lineitem,252777,0,0,0,0,0,0
2026-08-18T10:08:36Z,A38BF16E22E478B0,18.4,queries/tpch/tpch-queries/q04/v1_materialized.sql,measured,3,1,5,3,1.437,114.168,9,4,5,219524,5,2826400,1,3,_m;orders;ixtest_orders_orderdate;lineitem,252777,0,0,0,0,0,0
2026-08-18T10:08:36Z,A38BF16E22E478B0,18.4,queries/tpch/tpch-queries/q04/v1_materialized.sql,measured,3,2,5,3,0.251,88.842,9,4,5,219524,5,2826400,1,3,_m;orders;ixtest_orders_orderdate;lineitem,252777,0,0,0,0,0,0
2026-08-18T10:08:36Z,A38BF16E22E478B0,18.4,queries/tpch/tpch-queries/q04/v1_materialized.sql,measured,3,3,5,3,0.240,85.932,9,4,5,219524,5,2826400,1,3,_m;orders;ixtest_orders_orderdate;lineitem,252777,0,0,0,0,0,0
2026-08-18T10:08:36Z,A38BF16E22E478B0,18.4,queries/tpch/tpch-queries/q04/v1_materialized.sql,measured,3,4,5,3,0.252,86.126,9,4,5,219524,5,2826400,1,3,_m;orders;ixtest_orders_orderdate;lineitem,252777,0,0,0,0,0,0
2026-08-18T10:08:36Z,A38BF16E22E478B0,18.4,queries/tpch/tpch-queries/q04/v1_materialized.sql,measured,3,5,5,3,0.243,85.726,9,4,5,219524,5,2826400,1,3,_m;orders;ixtest_orders_orderdate;lineitem,252777,0,0,0,0,0,0
2026-08-18T10:08:37Z,A38BF16E22E478B0,18.4,queries/tpch/tpch-queries/q04/v2_in.sql,warmup,1,1,1,3,1.424,114.531,8,3,5,219519,5,2826040,1,3,orders;ixtest_orders_orderdate;lineitem,252777,0,0,0,0,0,0
2026-08-18T10:08:37Z,A38BF16E22E478B0,18.4,queries/tpch/tpch-queries/q04/v2_in.sql,warmup,2,1,1,3,1.725,133.432,8,3,5,219519,5,2826040,1,3,orders;ixtest_orders_orderdate;lineitem,252777,0,0,0,0,0,0
2026-08-18T10:08:37Z,A38BF16E22E478B0,18.4,queries/tpch/tpch-queries/q04/v2_in.sql,measured,1,1,5,3,1.731,132.323,8,3,5,219519,5,2826040,1,3,orders;ixtest_orders_orderdate;lineitem,252777,0,0,0,0,0,0
2026-08-18T10:08:37Z,A38BF16E22E478B0,18.4,queries/tpch/tpch-queries/q04/v2_in.sql,measured,1,2,5,3,0.247,88.066,8,3,5,219519,5,2826040,1,3,orders;ixtest_orders_orderdate;lineitem,252777,0,0,0,0,0,0
2026-08-18T10:08:37Z,A38BF16E22E478B0,18.4,queries/tpch/tpch-queries/q04/v2_in.sql,measured,1,3,5,3,0.227,85.733,8,3,5,219519,5,2826040,1,3,orders;ixtest_orders_orderdate;lineitem,252777,0,0,0,0,0,0
2026-08-18T10:08:37Z,A38BF16E22E478B0,18.4,queries/tpch/tpch-queries/q04/v2_in.sql,measured,1,4,5,3,0.228,85.359,8,3,5,219519,5,2826040,1,3,orders;ixtest_orders_orderdate;lineitem,252777,0,0,0,0,0,0
2026-08-18T10:08:37Z,A38BF16E22E478B0,18.4,queries/tpch/tpch-queries/q04/v2_in.sql,measured,1,5,5,3,0.228,85.729,8,3,5,219519,5,2826040,1,3,orders;ixtest_orders_orderdate;lineitem,252777,0,0,0,0,0,0
2026-08-18T10:08:38Z,A38BF16E22E478B0,18.4,queries/tpch/tpch-queries/q04/v2_in.sql,measured,2,1,5,3,1.892,121.960,8,3,5,219519,5,2826040,1,3,orders;ixtest_orders_orderdate;lineitem,252777,0,0,0,0,0,0
2026-08-18T10:08:38Z,A38BF16E22E478B0,18.4,queries/tpch/tpch-queries/q04/v2_in.sql,measured,2,2,5,3,0.238,88.852,8,3,5,219519,5,2826040,1,3,orders;ixtest_orders_orderdate;lineitem,252777,0,0,0,0,0,0
2026-08-18T10:08:38Z,A38BF16E22E478B0,18.4,queries/tpch/tpch-queries/q04/v2_in.sql,measured,2,3,5,3,0.227,86.569,8,3,5,219519,5,2826040,1,3,orders;ixtest_orders_orderdate;lineitem,252777,0,0,0,0,0,0
2026-08-18T10:08:38Z,A38BF16E22E478B0,18.4,queries/tpch/tpch-queries/q04/v2_in.sql,measured,2,4,5,3,0.239,96.063,8,3,5,219519,5,2826040,1,3,orders;ixtest_orders_orderdate;lineitem,252777,0,0,0,0,0,0
2026-08-18T10:08:38Z,A38BF16E22E478B0,18.4,queries/tpch/tpch-queries/q04/v2_in.sql,measured,2,5,5,3,0.229,85.236,8,3,5,219519,5,2826040,1,3,orders;ixtest_orders_orderdate;lineitem,252777,0,0,0,0,0,0
2026-08-18T10:08:39Z,A38BF16E22E478B0,18.4,queries/tpch/tpch-queries/q04/v2_in.sql,measured,3,1,5,3,1.314,114.145,8,3,5,219519,5,2826040,1,3,orders;ixtest_orders_orderdate;lineitem,252777,0,0,0,0,0,0
2026-08-18T10:08:39Z,A38BF16E22E478B0,18.4,queries/tpch/tpch-queries/q04/v2_in.sql,measured,3,2,5,3,0.230,88.736,8,3,5,219519,5,2826040,1,3,orders;ixtest_orders_orderdate;lineitem,252777,0,0,0,0,0,0
2026-08-18T10:08:39Z,A38BF16E22E478B0,18.4,queries/tpch/tpch-queries/q04/v2_in.sql,measured,3,3,5,3,0.228,89.694,8,3,5,219519,5,2826040,1,3,orders;ixtest_orders_orderdate;lineitem,252777,0,0,0,0,0,0
2026-08-18T10:08:39Z,A38BF16E22E478B0,18.4,queries/tpch/tpch-queries/q04/v2_in.sql,measured,3,4,5,3,0.227,86.166,8,3,5,219519,5,2826040,1,3,orders;ixtest_orders_orderdate;lineitem,252777,0,0,0,0,0,0
2026-08-18T10:08:39Z,A38BF16E22E478B0,18.4,queries/tpch/tpch-queries/q04/v2_in.sql,measured,3,5,5,3,0.237,86.013,8,3,5,219519,5,2826040,1,3,orders;ixtest_orders_orderdate;lineitem,252777,0,0,0,0,0,0
2026-08-18T10:08:39Z,A38BF16E22E478B0,18.4,queries/tpch/tpch-queries/q05/base.sql,warmup,1,1,1,3,4.392,289.469,19,6,5,699121,25,18257548,12,2,customer;nation;region;orders;lineitem;supplier,581531,1542,0,0,0,0,0
2026-08-18T10:08:39Z,A38BF16E22E478B0,18.4,queries/tpch/tpch-queries/q05/base.sql,warmup,2,1,1,3,3.290,267.161,19,6,5,699121,25,18257548,12,2,customer;nation;region;orders;lineitem;supplier,583073,0,0,0,0,0,0
2026-08-18T10:08:41Z,A38BF16E22E478B0,18.4,queries/tpch/tpch-queries/q05/base.sql,measured,1,1,5,3,3.508,270.216,19,6,5,699121,25,18257548,12,2,customer;nation;region;orders;lineitem;supplier,583073,0,0,0,0,0,0
2026-08-18T10:08:41Z,A38BF16E22E478B0,18.4,queries/tpch/tpch-queries/q05/base.sql,measured,1,2,5,3,1.799,259.729,19,6,5,699121,25,18257548,12,2,customer;nation;region;orders;lineitem;supplier,583070,0,0,0,0,0,0
2026-08-18T10:08:41Z,A38BF16E22E478B0,18.4,queries/tpch/tpch-queries/q05/base.sql,measured,1,3,5,3,1.719,255.432,19,6,5,699121,25,18257548,12,2,customer;nation;region;orders;lineitem;supplier,583070,0,0,0,0,0,0
2026-08-18T10:08:41Z,A38BF16E22E478B0,18.4,queries/tpch/tpch-queries/q05/base.sql,measured,1,4,5,3,1.716,253.308,19,6,5,699121,25,18257548,12,2,customer;nation;region;orders;lineitem;supplier,583070,0,0,0,0,0,0
2026-08-18T10:08:41Z,A38BF16E22E478B0,18.4,queries/tpch/tpch-queries/q05/base.sql,measured,1,5,5,3,1.715,253.035,19,6,5,699121,25,18257548,12,2,customer;nation;region;orders;lineitem;supplier,583070,0,0,0,0,0,0
2026-08-18T10:08:42Z,A38BF16E22E478B0,18.4,queries/tpch/tpch-queries/q05/base.sql,measured,2,1,5,3,3.584,266.009,19,6,5,699121,25,18257548,12,2,customer;nation;region;orders;lineitem;supplier,583073,0,0,0,0,0,0
2026-08-18T10:08:42Z,A38BF16E22E478B0,18.4,queries/tpch/tpch-queries/q05/base.sql,measured,2,2,5,3,1.754,253.848,19,6,5,699121,25,18257548,12,2,customer;nation;region;orders;lineitem;supplier,583070,0,0,0,0,0,0
2026-08-18T10:08:42Z,A38BF16E22E478B0,18.4,queries/tpch/tpch-queries/q05/base.sql,measured,2,3,5,3,1.692,248.267,19,6,5,699121,25,18257548,12,2,customer;nation;region;orders;lineitem;supplier,583070,0,0,0,0,0,0
2026-08-18T10:08:42Z,A38BF16E22E478B0,18.4,queries/tpch/tpch-queries/q05/base.sql,measured,2,4,5,3,1.679,250.616,19,6,5,699121,25,18257548,12,2,customer;nation;region;orders;lineitem;supplier,583070,0,0,0,0,0,0
2026-08-18T10:08:42Z,A38BF16E22E478B0,18.4,queries/tpch/tpch-queries/q05/base.sql,measured,2,5,5,3,1.687,248.132,19,6,5,699121,25,18257548,12,2,customer;nation;region;orders;lineitem;supplier,583070,0,0,0,0,0,0
2026-08-18T10:08:44Z,A38BF16E22E478B0,18.4,queries/tpch/tpch-queries/q05/base.sql,measured,3,1,5,3,3.309,264.390,19,6,5,699121,25,18257548,12,2,customer;nation;region;orders;lineitem;supplier,583073,0,0,0,0,0,0
2026-08-18T10:08:44Z,A38BF16E22E478B0,18.4,queries/tpch/tpch-queries/q05/base.sql,measured,3,2,5,3,1.766,249.681,19,6,5,699121,25,18257548,12,2,customer;nation;region;orders;lineitem;supplier,583070,0,0,0,0,0,0
2026-08-18T10:08:44Z,A38BF16E22E478B0,18.4,queries/tpch/tpch-queries/q05/base.sql,measured,3,3,5,3,1.675,248.294,19,6,5,699121,25,18257548,12,2,customer;nation;region;orders;lineitem;supplier,583070,0,0,0,0,0,0
2026-08-18T10:08:44Z,A38BF16E22E478B0,18.4,queries/tpch/tpch-queries/q05/base.sql,measured,3,4,5,3,1.660,248.066,19,6,5,699121,25,18257548,12,2,customer;nation;region;orders;lineitem;supplier,583070,0,0,0,0,0,0
2026-08-18T10:08:44Z,A38BF16E22E478B0,18.4,queries/tpch/tpch-queries/q05/base.sql,measured,3,5,5,3,1.682,246.217,19,6,5,699121,25,18257548,12,2,customer;nation;region;orders;lineitem;supplier,583070,0,0,0,0,0,0
2026-08-18T10:08:44Z,A38BF16E22E478B0,18.4,queries/tpch/tpch-queries/q05/v1_materialized.sql,warmup,1,1,1,3,3.354,264.990,20,7,5,699126,25,18258618,12,2,customer;nation;region;orders;lineitem;supplier;_m,583073,0,0,0,0,0,0
2026-08-18T10:08:44Z,A38BF16E22E478B0,18.4,queries/tpch/tpch-queries/q05/v1_materialized.sql,warmup,2,1,1,3,3.910,265.881,20,7,5,699126,25,18258618,12,2,customer;nation;region;orders;lineitem;supplier;_m,583073,0,0,0,0,0,0
2026-08-18T10:08:46Z,A38BF16E22E478B0,18.4,queries/tpch/tpch-queries/q05/v1_materialized.sql,measured,1,1,5,3,3.525,264.017,20,7,5,699126,25,18258618,12,2,customer;nation;region;orders;lineitem;supplier;_m,583073,0,0,0,0,0,0
2026-08-18T10:08:46Z,A38BF16E22E478B0,18.4,queries/tpch/tpch-queries/q05/v1_materialized.sql,measured,1,2,5,3,1.839,253.234,20,7,5,699126,25,18258618,12,2,customer;nation;region;orders;lineitem;supplier;_m,583070,0,0,0,0,0,0
2026-08-18T10:08:46Z,A38BF16E22E478B0,18.4,queries/tpch/tpch-queries/q05/v1_materialized.sql,measured,1,3,5,3,1.737,251.549,20,7,5,699126,25,18258618,12,2,customer;nation;region;orders;lineitem;supplier;_m,583070,0,0,0,0,0,0
2026-08-18T10:08:46Z,A38BF16E22E478B0,18.4,queries/tpch/tpch-queries/q05/v1_materialized.sql,measured,1,4,5,3,1.740,250.585,20,7,5,699126,25,18258618,12,2,customer;nation;region;orders;lineitem;supplier;_m,583070,0,0,0,0,0,0
2026-08-18T10:08:46Z,A38BF16E22E478B0,18.4,queries/tpch/tpch-queries/q05/v1_materialized.sql,measured,1,5,5,3,1.703,245.771,20,7,5,699126,25,18258618,12,2,customer;nation;region;orders;lineitem;supplier;_m,583070,0,0,0,0,0,0
2026-08-18T10:08:47Z,A38BF16E22E478B0,18.4,queries/tpch/tpch-queries/q05/v1_materialized.sql,measured,2,1,5,3,3.346,260.414,20,7,5,699126,25,18258618,12,2,customer;nation;region;orders;lineitem;supplier;_m,583073,0,0,0,0,0,0
2026-08-18T10:08:47Z,A38BF16E22E478B0,18.4,queries/tpch/tpch-queries/q05/v1_materialized.sql,measured,2,2,5,3,1.729,248.388,20,7,5,699126,25,18258618,12,2,customer;nation;region;orders;lineitem;supplier;_m,583070,0,0,0,0,0,0
2026-08-18T10:08:47Z,A38BF16E22E478B0,18.4,queries/tpch/tpch-queries/q05/v1_materialized.sql,measured,2,3,5,3,1.664,245.157,20,7,5,699126,25,18258618,12,2,customer;nation;region;orders;lineitem;supplier;_m,583070,0,0,0,0,0,0
2026-08-18T10:08:47Z,A38BF16E22E478B0,18.4,queries/tpch/tpch-queries/q05/v1_materialized.sql,measured,2,4,5,3,1.701,243.668,20,7,5,699126,25,18258618,12,2,customer;nation;region;orders;lineitem;supplier;_m,583070,0,0,0,0,0,0
2026-08-18T10:08:47Z,A38BF16E22E478B0,18.4,queries/tpch/tpch-queries/q05/v1_materialized.sql,measured,2,5,5,3,1.706,243.451,20,7,5,699126,25,18258618,12,2,customer;nation;region;orders;lineitem;supplier;_m,583070,0,0,0,0,0,0
2026-08-18T10:08:48Z,A38BF16E22E478B0,18.4,queries/tpch/tpch-queries/q05/v1_materialized.sql,measured,3,1,5,3,4.215,266.259,20,7,5,699126,25,18258618,12,2,customer;nation;region;orders;lineitem;supplier;_m,583073,0,0,0,0,0,0
2026-08-18T10:08:48Z,A38BF16E22E478B0,18.4,queries/tpch/tpch-queries/q05/v1_materialized.sql,measured,3,2,5,3,1.725,249.232,20,7,5,699126,25,18258618,12,2,customer;nation;region;orders;lineitem;supplier;_m,583070,0,0,0,0,0,0
2026-08-18T10:08:48Z,A38BF16E22E478B0,18.4,queries/tpch/tpch-queries/q05/v1_materialized.sql,measured,3,3,5,3,1.707,245.193,20,7,5,699126,25,18258618,12,2,customer;nation;region;orders;lineitem;supplier;_m,583070,0,0,0,0,0,0
2026-08-18T10:08:48Z,A38BF16E22E478B0,18.4,queries/tpch/tpch-queries/q05/v1_materialized.sql,measured,3,4,5,3,1.679,244.563,20,7,5,699126,25,18258618,12,2,customer;nation;region;orders;lineitem;supplier;_m,583070,0,0,0,0,0,0
2026-08-18T10:08:48Z,A38BF16E22E478B0,18.4,queries/tpch/tpch-queries/q05/v1_materialized.sql,measured,3,5,5,3,1.684,247.678,20,7,5,699126,25,18258618,12,2,customer;nation;region;orders;lineitem;supplier;_m,583070,0,0,0,0,0,0
2026-08-18T10:08:49Z,A38BF16E22E478B0,18.4,queries/tpch/tpch-queries/q06/base.sql,warmup,1,1,1,3,0.675,87.662,4,1,1,114171,1,1370272,159059,4,lineitem,5700,5439,0,0,0,0,0
2026-08-18T10:08:49Z,A38BF16E22E478B0,18.4,queries/tpch/tpch-queries/q06/base.sql,warmup,2,1,1,3,0.677,56.802,4,1,1,114171,1,1370272,159059,4,lineitem,11199,0,0,0,0,0,0
2026-08-18T10:08:49Z,A38BF16E22E478B0,18.4,queries/tpch/tpch-queries/q06/base.sql,measured,1,1,5,3,0.663,56.970,4,1,1,114171,1,1370272,159059,4,lineitem,11159,0,0,0,0,0,0
2026-08-18T10:08:49Z,A38BF16E22E478B0,18.4,queries/tpch/tpch-queries/q06/base.sql,measured,1,2,5,3,0.125,61.038,4,1,1,114171,1,1370272,159059,4,lineitem,11236,0,0,0,0,0,0
2026-08-18T10:08:49Z,A38BF16E22E478B0,18.4,queries/tpch/tpch-queries/q06/base.sql,measured,1,3,5,3,0.108,66.297,4,1,1,114171,1,1370272,159059,4,lineitem,11275,0,0,0,0,0,0
2026-08-18T10:08:49Z,A38BF16E22E478B0,18.4,queries/tpch/tpch-queries/q06/base.sql,measured,1,4,5,3,0.108,58.811,4,1,1,114171,1,1370272,159059,4,lineitem,11083,0,0,0,0,0,0
2026-08-18T10:08:49Z,A38BF16E22E478B0,18.4,queries/tpch/tpch-queries/q06/base.sql,measured,1,5,5,3,0.098,58.270,4,1,1,114171,1,1370272,159059,4,lineitem,11139,0,0,0,0,0,0
2026-08-18T10:08:49Z,A38BF16E22E478B0,18.4,queries/tpch/tpch-queries/q06/base.sql,measured,2,1,5,3,0.853,74.140,4,1,1,114171,1,1370272,159059,4,lineitem,11184,0,0,0,0,0,0
2026-08-18T10:08:49Z,A38BF16E22E478B0,18.4,queries/tpch/tpch-queries/q06/base.sql,measured,2,2,5,3,0.166,64.646,4,1,1,114171,1,1370272,159059,4,lineitem,11202,1,0,0,0,0,0
2026-08-18T10:08:49Z,A38BF16E22E478B0,18.4,queries/tpch/tpch-queries/q06/base.sql,measured,2,3,5,3,0.096,55.465,4,1,1,114171,1,1370272,159059,4,lineitem,11158,0,0,0,0,0,0
2026-08-18T10:08:49Z,A38BF16E22E478B0,18.4,queries/tpch/tpch-queries/q06/base.sql,measured,2,4,5,3,0.114,66.822,4,1,1,114171,1,1370272,159059,4,lineitem,11270,0,0,0,0,0,0
2026-08-18T10:08:49Z,A38BF16E22E478B0,18.4,queries/tpch/tpch-queries/q06/base.sql,measured,2,5,5,3,0.097,57.817,4,1,1,114171,1,1370272,159059,4,lineitem,11110,0,0,0,0,0,0
2026-08-18T10:08:50Z,A38BF16E22E478B0,18.4,queries/tpch/tpch-queries/q06/base.sql,measured,3,1,5,3,1.075,100.772,4,1,1,114171,1,1370272,159059,4,lineitem,11275,0,0,0,0,0,0
2026-08-18T10:08:50Z,A38BF16E22E478B0,18.4,queries/tpch/tpch-queries/q06/base.sql,measured,3,2,5,3,0.158,64.283,4,1,1,114171,1,1370272,159059,4,lineitem,11292,0,0,0,0,0,0
2026-08-18T10:08:50Z,A38BF16E22E478B0,18.4,queries/tpch/tpch-queries/q06/base.sql,measured,3,3,5,3,0.098,63.712,4,1,1,114171,1,1370272,159059,4,lineitem,11273,0,0,0,0,0,0
2026-08-18T10:08:50Z,A38BF16E22E478B0,18.4,queries/tpch/tpch-queries/q06/base.sql,measured,3,4,5,3,0.098,55.943,4,1,1,114171,1,1370272,159059,4,lineitem,11112,0,0,0,0,0,0
2026-08-18T10:08:50Z,A38BF16E22E478B0,18.4,queries/tpch/tpch-queries/q06/base.sql,measured,3,5,5,3,0.098,59.521,4,1,1,114171,1,1370272,159059,4,lineitem,11114,0,0,0,0,0,0
2026-08-18T10:08:50Z,A38BF16E22E478B0,18.4,queries/tpch/tpch-queries/q06/v1_materialized.sql,warmup,1,1,1,3,0.881,74.574,5,2,1,114172,1,1370304,159059,4,_m;lineitem,11174,0,0,0,0,0,0
2026-08-18T10:08:50Z,A38BF16E22E478B0,18.4,queries/tpch/tpch-queries/q06/v1_materialized.sql,warmup,2,1,1,3,0.885,81.531,5,2,1,114172,1,1370304,159059,4,_m;lineitem,11332,0,0,0,0,0,0
2026-08-18T10:08:51Z,A38BF16E22E478B0,18.4,queries/tpch/tpch-queries/q06/v1_materialized.sql,measured,1,1,5,3,0.978,84.919,5,2,1,114172,1,1370304,159059,4,_m;lineitem,11168,0,0,0,0,0,0
2026-08-18T10:08:51Z,A38BF16E22E478B0,18.4,queries/tpch/tpch-queries/q06/v1_materialized.sql,measured,1,2,5,3,0.157,65.877,5,2,1,114172,1,1370304,159059,4,_m;lineitem,11100,0,0,0,0,0,0
2026-08-18T10:08:51Z,A38BF16E22E478B0,18.4,queries/tpch/tpch-queries/q06/v1_materialized.sql,measured,1,3,5,3,0.106,55.543,5,2,1,114172,1,1370304,159059,4,_m;lineitem,11101,0,0,0,0,0,0
2026-08-18T10:08:51Z,A38BF16E22E478B0,18.4,queries/tpch/tpch-queries/q06/v1_materialized.sql,measured,1,4,5,3,0.107,60.810,5,2,1,114172,1,1370304,159059,4,_m;lineitem,11206,0,0,0,0,0,0
2026-08-18T10:08:51Z,A38BF16E22E478B0,18.4,queries/tpch/tpch-queries/q06/v1_materialized.sql,measured,1,5,5,3,0.109,64.062,5,2,1,114172,1,1370304,159059,4,_m;lineitem,11284,0,0,0,0,0,0
2026-08-18T10:08:51Z,A38BF16E22E478B0,18.4,queries/tpch/tpch-queries/q06/v1_materialized.sql,measured,2,1,5,3,1.001,86.031,5,2,1,114172,1,1370304,159059,4,_m;lineitem,11190,0,0,0,0,0,0
2026-08-18T10:08:51Z,A38BF16E22E478B0,18.4,queries/tpch/tpch-queries/q06/v1_materialized.sql,measured,2,2,5,3,0.157,73.021,5,2,1,114172,1,1370304,159059,4,_m;lineitem,11242,0,0,0,0,0,0
2026-08-18T10:08:51Z,A38BF16E22E478B0,18.4,queries/tpch/tpch-queries/q06/v1_materialized.sql,measured,2,3,5,3,0.109,57.961,5,2,1,114172,1,1370304,159059,4,_m;lineitem,11103,0,0,0,0,0,0
2026-08-18T10:08:51Z,A38BF16E22E478B0,18.4,queries/tpch/tpch-queries/q06/v1_materialized.sql,measured,2,4,5,3,0.128,66.805,5,2,1,114172,1,1370304,159059,4,_m;lineitem,11323,0,0,0,0,0,0
2026-08-18T10:08:51Z,A38BF16E22E478B0,18.4,queries/tpch/tpch-queries/q06/v1_materialized.sql,measured,2,5,5,3,0.109,65.051,5,2,1,114172,1,1370304,159059,4,_m;lineitem,11268,0,0,0,0,0,0
2026-08-18T10:08:51Z,A38BF16E22E478B0,18.4,queries/tpch/tpch-queries/q06/v1_materialized.sql,measured,3,1,5,3,0.980,90.791,5,2,1,114172,1,1370304,159059,4,_m;lineitem,11274,0,0,0,0,0,0
2026-08-18T10:08:51Z,A38BF16E22E478B0,18.4,queries/tpch/tpch-queries/q06/v1_materialized.sql,measured,3,2,5,3,0.209,59.340,5,2,1,114172,1,1370304,159059,4,_m;lineitem,11201,0,0,0,0,0,0
2026-08-18T10:08:51Z,A38BF16E22E478B0,18.4,queries/tpch/tpch-queries/q06/v1_materialized.sql,measured,3,3,5,3,0.109,55.263,5,2,1,114172,1,1370304,159059,4,_m;lineitem,11200,0,0,0,0,0,0
2026-08-18T10:08:51Z,A38BF16E22E478B0,18.4,queries/tpch/tpch-queries/q06/v1_materialized.sql,measured,3,4,5,3,0.106,59.813,5,2,1,114172,1,1370304,159059,4,_m;lineitem,11185,0,0,0,0,0,0
2026-08-18T10:08:51Z,A38BF16E22E478B0,18.4,queries/tpch/tpch-queries/q06/v1_materialized.sql,measured,3,5,5,3,0.109,64.208,5,2,1,114172,1,1370304,159059,4,_m;lineitem,11232,0,0,0,0,0,0
2026-08-18T10:08:52Z,A38BF16E22E478B0,18.4,queries/tpch/tpch-queries/q07/base.sql,warmup,1,1,1,3,3.824,674.316,17,6,4,1763513,6096,58849902,441,2,customer;nation;orders;supplier;lineitem,1600898,1108,0,0,0,0,0
2026-08-18T10:08:53Z,A38BF16E22E478B0,18.4,queries/tpch/tpch-queries/q07/base.sql,warmup,2,1,1,3,2.625,643.780,17,6,4,1763513,6096,58849902,441,2,customer;nation;orders;supplier;lineitem,1602006,0,0,0,0,0,0
2026-08-18T10:08:56Z,A38BF16E22E478B0,18.4,queries/tpch/tpch-queries/q07/base.sql,measured,1,1,5,3,2.637,648.693,17,6,4,1763513,6096,58849902,441,2,customer;nation;orders;supplier;lineitem,1602006,0,0,0,0,0,0
2026-08-18T10:08:56Z,A38BF16E22E478B0,18.4,queries/tpch/tpch-queries/q07/base.sql,measured,1,2,5,3,1.093,617.354,17,6,4,1763513,6096,58849902,441,2,customer;nation;orders;supplier;lineitem,1602006,0,0,0,0,0,0
2026-08-18T10:08:56Z,A38BF16E22E478B0,18.4,queries/tpch/tpch-queries/q07/base.sql,measured,1,3,5,3,1.089,605.144,17,6,4,1763513,6096,58849902,441,2,customer;nation;orders;supplier;lineitem,1602006,0,0,0,0,0,0
2026-08-18T10:08:56Z,A38BF16E22E478B0,18.4,queries/tpch/tpch-queries/q07/base.sql,measured,1,4,5,3,1.068,606.272,17,6,4,1763513,6096,58849902,441,2,customer;nation;orders;supplier;lineitem,1602006,0,0,0,0,0,0
2026-08-18T10:08:56Z,A38BF16E22E478B0,18.4,queries/tpch/tpch-queries/q07/base.sql,measured,1,5,5,3,1.092,606.418,17,6,4,1763513,6096,58849902,441,2,customer;nation;orders;supplier;lineitem,1602006,0,0,0,0,0,0
2026-08-18T10:08:59Z,A38BF16E22E478B0,18.4,queries/tpch/tpch-queries/q07/base.sql,measured,2,1,5,3,3.105,634.614,17,6,4,1763513,6096,58849902,441,2,customer;nation;orders;supplier;lineitem,1602006,0,0,0,0,0,0
2026-08-18T10:08:59Z,A38BF16E22E478B0,18.4,queries/tpch/tpch-queries/q07/base.sql,measured,2,2,5,3,1.113,605.088,17,6,4,1763513,6096,58849902,441,2,customer;nation;orders;supplier;lineitem,1602006,0,0,0,0,0,0
2026-08-18T10:08:59Z,A38BF16E22E478B0,18.4,queries/tpch/tpch-queries/q07/base.sql,measured,2,3,5,3,1.114,605.494,17,6,4,1763513,6096,58849902,441,2,customer;nation;orders;supplier;lineitem,1602006,0,0,0,0,0,0
2026-08-18T10:08:59Z,A38BF16E22E478B0,18.4,queries/tpch/tpch-queries/q07/base.sql,measured,2,4,5,3,1.075,603.173,17,6,4,1763513,6096,58849902,441,2,customer;nation;orders;supplier;lineitem,1602006,0,0,0,0,0,0
2026-08-18T10:08:59Z,A38BF16E22E478B0,18.4,queries/tpch/tpch-queries/q07/base.sql,measured,2,5,5,3,1.096,607.848,17,6,4,1763513,6096,58849902,441,2,customer;nation;orders;supplier;lineitem,1602006,0,0,0,0,0,0
2026-08-18T10:09:02Z,A38BF16E22E478B0,18.4,queries/tpch/tpch-queries/q07/base.sql,measured,3,1,5,3,2.620,632.645,17,6,4,1763513,6096,58849902,441,2,customer;nation;orders;supplier;lineitem,1602006,0,0,0,0,0,0
2026-08-18T10:09:02Z,A38BF16E22E478B0,18.4,queries/tpch/tpch-queries/q07/base.sql,measured,3,2,5,3,1.115,599.998,17,6,4,1763513,6096,58849902,441,2,customer;nation;orders;supplier;lineitem,1602006,0,0,0,0,0,0
2026-08-18T10:09:02Z,A38BF16E22E478B0,18.4,queries/tpch/tpch-queries/q07/base.sql,measured,3,3,5,3,1.086,607.606,17,6,4,1763513,6096,58849902,441,2,customer;nation;orders;supplier;lineitem,1602006,0,0,0,0,0,0
2026-08-18T10:09:02Z,A38BF16E22E478B0,18.4,queries/tpch/tpch-queries/q07/base.sql,measured,3,4,5,3,1.074,599.187,17,6,4,1763513,6096,58849902,441,2,customer;nation;orders;supplier;lineitem,1602006,0,0,0,0,0,0
2026-08-18T10:09:02Z,A38BF16E22E478B0,18.4,queries/tpch/tpch-queries/q07/base.sql,measured,3,5,5,3,1.082,598.270,17,6,4,1763513,6096,58849902,441,2,customer;nation;orders;supplier;lineitem,1602006,0,0,0,0,0,0
2026-08-18T10:09:03Z,A38BF16E22E478B0,18.4,queries/tpch/tpch-queries/q07/v1_materialized.sql,warmup,1,1,1,3,3.479,637.805,18,7,4,1763517,6096,58850990,441,2,_m;customer;nation;orders;supplier;lineitem,1602006,0,0,0,0,0,0
2026-08-18T10:09:04Z,A38BF16E22E478B0,18.4,queries/tpch/tpch-queries/q07/v1_materialized.sql,warmup,2,1,1,3,2.719,633.832,18,7,4,1763517,6096,58850990,441,2,_m;customer;nation;orders;supplier;lineitem,1602006,0,0,0,0,0,0
2026-08-18T10:09:07Z,A38BF16E22E478B0,18.4,queries/tpch/tpch-queries/q07/v1_materialized.sql,measured,1,1,5,3,2.668,625.636,18,7,4,1763517,6096,58850990,441,2,_m;customer;nation;orders;supplier;lineitem,1602006,0,0,0,0,0,0
2026-08-18T10:09:07Z,A38BF16E22E478B0,18.4,queries/tpch/tpch-queries/q07/v1_materialized.sql,measured,1,2,5,3,1.139,616.641,18,7,4,1763517,6096,58850990,441,2,_m;customer;nation;orders;supplier;lineitem,1602006,0,0,0,0,0,0
2026-08-18T10:09:07Z,A38BF16E22E478B0,18.4,queries/tpch/tpch-queries/q07/v1_materialized.sql,measured,1,3,5,3,1.085,601.487,18,7,4,1763517,6096,58850990,441,2,_m;customer;nation;orders;supplier;lineitem,1602006,0,0,0,0,0,0
2026-08-18T10:09:07Z,A38BF16E22E478B0,18.4,queries/tpch/tpch-queries/q07/v1_materialized.sql,measured,1,4,5,3,1.083,599.317,18,7,4,1763517,6096,58850990,441,2,_m;customer;nation;orders;supplier;lineitem,1602006,0,0,0,0,0,0
2026-08-18T10:09:07Z,A38BF16E22E478B0,18.4,queries/tpch/tpch-queries/q07/v1_materialized.sql,measured,1,5,5,3,1.090,605.086,18,7,4,1763517,6096,58850990,441,2,_m;customer;nation;orders;supplier;lineitem,1602006,0,0,0,0,0,0
2026-08-18T10:09:10Z,A38BF16E22E478B0,18.4,queries/tpch/tpch-queries/q07/v1_materialized.sql,measured,2,1,5,3,2.803,633.209,18,7,4,1763517,6096,58850990,441,2,_m;customer;nation;orders;supplier;lineitem,1602006,0,0,0,0,0,0
2026-08-18T10:09:10Z,A38BF16E22E478B0,18.4,queries/tpch/tpch-queries/q07/v1_materialized.sql,measured,2,2,5,3,1.126,601.025,18,7,4,1763517,6096,58850990,441,2,_m;customer;nation;orders;supplier;lineitem,1602006,0,0,0,0,0,0
2026-08-18T10:09:10Z,A38BF16E22E478B0,18.4,queries/tpch/tpch-queries/q07/v1_materialized.sql,measured,2,3,5,3,1.084,605.624,18,7,4,1763517,6096,58850990,441,2,_m;customer;nation;orders;supplier;lineitem,1602006,0,0,0,0,0,0
2026-08-18T10:09:10Z,A38BF16E22E478B0,18.4,queries/tpch/tpch-queries/q07/v1_materialized.sql,measured,2,4,5,3,1.084,600.474,18,7,4,1763517,6096,58850990,441,2,_m;customer;nation;orders;supplier;lineitem,1602006,0,0,0,0,0,0
2026-08-18T10:09:10Z,A38BF16E22E478B0,18.4,queries/tpch/tpch-queries/q07/v1_materialized.sql,measured,2,5,5,3,1.084,601.925,18,7,4,1763517,6096,58850990,441,2,_m;customer;nation;orders;supplier;lineitem,1602006,0,0,0,0,0,0
2026-08-18T10:09:13Z,A38BF16E22E478B0,18.4,queries/tpch/tpch-queries/q07/v1_materialized.sql,measured,3,1,5,3,2.659,628.113,18,7,4,1763517,6096,58850990,441,2,_m;customer;nation;orders;supplier;lineitem,1602006,0,0,0,0,0,0
2026-08-18T10:09:13Z,A38BF16E22E478B0,18.4,queries/tpch/tpch-queries/q07/v1_materialized.sql,measured,3,2,5,3,1.133,602.810,18,7,4,1763517,6096,58850990,441,2,_m;customer;nation;orders;supplier;lineitem,1602006,0,0,0,0,0,0
2026-08-18T10:09:13Z,A38BF16E22E478B0,18.4,queries/tpch/tpch-queries/q07/v1_materialized.sql,measured,3,3,5,3,1.089,605.476,18,7,4,1763517,6096,58850990,441,2,_m;customer;nation;orders;supplier;lineitem,1602006,0,0,0,0,0,0
2026-08-18T10:09:13Z,A38BF16E22E478B0,18.4,queries/tpch/tpch-queries/q07/v1_materialized.sql,measured,3,4,5,3,1.085,598.913,18,7,4,1763517,6096,58850990,441,2,_m;customer;nation;orders;supplier;lineitem,1602006,0,0,0,0,0,0
2026-08-18T10:09:13Z,A38BF16E22E478B0,18.4,queries/tpch/tpch-queries/q07/v1_materialized.sql,measured,3,5,5,3,1.083,600.057,18,7,4,1763517,6096,58850990,441,2,_m;customer;nation;orders;supplier;lineitem,1602006,0,0,0,0,0,0
2026-08-18T10:09:14Z,A38BF16E22E478B0,18.4,queries/tpch/tpch-queries/q07/v2_union_all.sql,warmup,1,1,1,3,3.039,616.348,33,14,4,1670881,586,51791544,930,2,customer;nation;orders;supplier;ixtest_supplier_nationkey;lineitem,1366677,0,0,0,0,0,0
2026-08-18T10:09:15Z,A38BF16E22E478B0,18.4,queries/tpch/tpch-queries/q07/v2_union_all.sql,warmup,2,1,1,3,3.020,620.594,33,14,4,1670887,586,51792240,930,2,customer;nation;orders;supplier;ixtest_supplier_nationkey;lineitem,1366677,0,0,0,0,0,0
2026-08-18T10:09:18Z,A38BF16E22E478B0,18.4,queries/tpch/tpch-queries/q07/v2_union_all.sql,measured,1,1,5,3,3.024,619.314,33,14,4,1670886,586,51792124,930,2,customer;nation;orders;supplier;ixtest_supplier_nationkey;lineitem,1366677,0,0,0,0,0,0
2026-08-18T10:09:18Z,A38BF16E22E478B0,18.4,queries/tpch/tpch-queries/q07/v2_union_all.sql,measured,1,2,5,3,1.455,593.170,33,14,4,1670886,586,51792124,930,2,customer;nation;orders;supplier;ixtest_supplier_nationkey;lineitem,1366677,0,0,0,0,0,0
2026-08-18T10:09:18Z,A38BF16E22E478B0,18.4,queries/tpch/tpch-queries/q07/v2_union_all.sql,measured,1,3,5,3,1.387,589.216,33,14,4,1670886,586,51792124,930,2,customer;nation;orders;supplier;ixtest_supplier_nationkey;lineitem,1366677,0,0,0,0,0,0
2026-08-18T10:09:18Z,A38BF16E22E478B0,18.4,queries/tpch/tpch-queries/q07/v2_union_all.sql,measured,1,4,5,3,1.383,585.460,33,14,4,1670887,586,51792240,930,2,customer;nation;orders;supplier;ixtest_supplier_nationkey;lineitem,1366677,0,0,0,0,0,0
2026-08-18T10:09:18Z,A38BF16E22E478B0,18.4,queries/tpch/tpch-queries/q07/v2_union_all.sql,measured,1,5,5,3,1.384,586.397,33,14,4,1670887,586,51792240,930,2,customer;nation;orders;supplier;ixtest_supplier_nationkey;lineitem,1366677,0,0,0,0,0,0
2026-08-18T10:09:21Z,A38BF16E22E478B0,18.4,queries/tpch/tpch-queries/q07/v2_union_all.sql,measured,2,1,5,3,3.036,607.891,33,14,4,1670882,586,51791660,930,2,customer;nation;orders;supplier;ixtest_supplier_nationkey;lineitem,1366677,0,0,0,0,0,0
2026-08-18T10:09:21Z,A38BF16E22E478B0,18.4,queries/tpch/tpch-queries/q07/v2_union_all.sql,measured,2,2,5,3,1.449,591.582,33,14,4,1670886,586,51792124,930,2,customer;nation;orders;supplier;ixtest_supplier_nationkey;lineitem,1366677,0,0,0,0,0,0
2026-08-18T10:09:21Z,A38BF16E22E478B0,18.4,queries/tpch/tpch-queries/q07/v2_union_all.sql,measured,2,3,5,3,1.416,586.927,33,14,4,1670886,586,51792124,930,2,customer;nation;orders;supplier;ixtest_supplier_nationkey;lineitem,1366677,0,0,0,0,0,0
2026-08-18T10:09:21Z,A38BF16E22E478B0,18.4,queries/tpch/tpch-queries/q07/v2_union_all.sql,measured,2,4,5,3,1.379,585.949,33,14,4,1670880,586,51791428,930,2,customer;nation;orders;supplier;ixtest_supplier_nationkey;lineitem,1366677,0,0,0,0,0,0
2026-08-18T10:09:21Z,A38BF16E22E478B0,18.4,queries/tpch/tpch-queries/q07/v2_union_all.sql,measured,2,5,5,3,1.384,578.023,33,14,4,1670886,586,51792124,930,2,customer;nation;orders;supplier;ixtest_supplier_nationkey;lineitem,1366677,0,0,0,0,0,0
2026-08-18T10:09:24Z,A38BF16E22E478B0,18.4,queries/tpch/tpch-queries/q07/v2_union_all.sql,measured,3,1,5,3,3.063,601.881,33,14,4,1670881,586,51791544,930,2,customer;nation;orders;supplier;ixtest_supplier_nationkey;lineitem,1366677,0,0,0,0,0,0
2026-08-18T10:09:24Z,A38BF16E22E478B0,18.4,queries/tpch/tpch-queries/q07/v2_union_all.sql,measured,3,2,5,3,1.447,585.691,33,14,4,1670886,586,51792124,930,2,customer;nation;orders;supplier;ixtest_supplier_nationkey;lineitem,1366677,0,0,0,0,0,0
2026-08-18T10:09:24Z,A38BF16E22E478B0,18.4,queries/tpch/tpch-queries/q07/v2_union_all.sql,measured,3,3,5,3,1.387,585.260,33,14,4,1670886,586,51792124,930,2,customer;nation;orders;supplier;ixtest_supplier_nationkey;lineitem,1366677,0,0,0,0,0,0
2026-08-18T10:09:24Z,A38BF16E22E478B0,18.4,queries/tpch/tpch-queries/q07/v2_union_all.sql,measured,3,4,5,3,1.380,578.184,33,14,4,1670882,586,51791660,930,2,customer;nation;orders;supplier;ixtest_supplier_nationkey;lineitem,1366677,0,0,0,0,0,0
2026-08-18T10:09:24Z,A38BF16E22E478B0,18.4,queries/tpch/tpch-queries/q07/v2_union_all.sql,measured,3,5,5,3,1.415,578.994,33,14,4,1670887,586,51792240,930,2,customer;nation;orders;supplier;ixtest_supplier_nationkey;lineitem,1366677,0,0,0,0,0,0
2026-08-18T10:09:24Z,A38BF16E22E478B0,18.4,queries/tpch/tpch-queries/q08/base.sql,warmup,1,1,1,3,3.544,168.857,21,8,2,144711,2406,3350726,66188,2,part;lineitem;orders;customer;nation;region;supplier,280967,7373,0,0,0,0,0
2026-08-18T10:09:24Z,A38BF16E22E478B0,18.4,queries/tpch/tpch-queries/q08/base.sql,warmup,2,1,1,3,3.516,147.219,21,8,2,144711,2406,3350726,66188,2,part;lineitem;orders;customer;nation;region;supplier,288340,0,0,0,0,0,0
2026-08-18T10:09:25Z,A38BF16E22E478B0,18.4,queries/tpch/tpch-queries/q08/base.sql,measured,1,1,5,3,3.480,148.808,21,8,2,144711,2406,3350726,66188,2,part;lineitem;orders;customer;nation;region;supplier,288340,0,0,0,0,0,0
2026-08-18T10:09:25Z,A38BF16E22E478B0,18.4,queries/tpch/tpch-queries/q08/base.sql,measured,1,2,5,3,1.812,137.571,21,8,2,144711,2406,3350726,66188,2,part;lineitem;orders;customer;nation;region;supplier,288340,0,0,0,0,0,0
2026-08-18T10:09:25Z,A38BF16E22E478B0,18.4,queries/tpch/tpch-queries/q08/base.sql,measured,1,3,5,3,1.642,134.360,21,8,2,144711,2406,3350726,66188,2,part;lineitem;orders;customer;nation;region;supplier,288340,0,0,0,0,0,0
2026-08-18T10:09:25Z,A38BF16E22E478B0,18.4,queries/tpch/tpch-queries/q08/base.sql,measured,1,4,5,3,1.647,133.185,21,8,2,144711,2406,3350726,66188,2,part;lineitem;orders;customer;nation;region;supplier,288340,0,0,0,0,0,0
2026-08-18T10:09:25Z,A38BF16E22E478B0,18.4,queries/tpch/tpch-queries/q08/base.sql,measured,1,5,5,3,1.635,132.511,21,8,2,144711,2406,3350726,66188,2,part;lineitem;orders;customer;nation;region;supplier,288340,0,0,0,0,0,0
2026-08-18T10:09:26Z,A38BF16E22E478B0,18.4,queries/tpch/tpch-queries/q08/base.sql,measured,2,1,5,3,3.496,150.234,21,8,2,144711,2406,3350726,66188,2,part;lineitem;orders;customer;nation;region;supplier,288340,0,0,0,0,0,0
2026-08-18T10:09:26Z,A38BF16E22E478B0,18.4,queries/tpch/tpch-queries/q08/base.sql,measured,2,2,5,3,1.742,136.867,21,8,2,144711,2406,3350726,66188,2,part;lineitem;orders;customer;nation;region;supplier,288340,0,0,0,0,0,0
2026-08-18T10:09:26Z,A38BF16E22E478B0,18.4,queries/tpch/tpch-queries/q08/base.sql,measured,2,3,5,3,1.649,134.787,21,8,2,144711,2406,3350726,66188,2,part;lineitem;orders;customer;nation;region;supplier,288340,0,0,0,0,0,0
2026-08-18T10:09:26Z,A38BF16E22E478B0,18.4,queries/tpch/tpch-queries/q08/base.sql,measured,2,4,5,3,1.647,135.303,21,8,2,144711,2406,3350726,66188,2,part;lineitem;orders;customer;nation;region;supplier,288340,0,0,0,0,0,0
2026-08-18T10:09:26Z,A38BF16E22E478B0,18.4,queries/tpch/tpch-queries/q08/base.sql,measured,2,5,5,3,1.691,137.395,21,8,2,144711,2406,3350726,66188,2,part;lineitem;orders;customer;nation;region;supplier,288340,0,0,0,0,0,0
2026-08-18T10:09:27Z,A38BF16E22E478B0,18.4,queries/tpch/tpch-queries/q08/base.sql,measured,3,1,5,3,3.499,150.892,21,8,2,144711,2406,3350726,66188,2,part;lineitem;orders;customer;nation;region;supplier,288340,0,0,0,0,0,0
2026-08-18T10:09:27Z,A38BF16E22E478B0,18.4,queries/tpch/tpch-queries/q08/base.sql,measured,3,2,5,3,1.706,137.312,21,8,2,144711,2406,3350726,66188,2,part;lineitem;orders;customer;nation;region;supplier,288340,0,0,0,0,0,0
2026-08-18T10:09:27Z,A38BF16E22E478B0,18.4,queries/tpch/tpch-queries/q08/base.sql,measured,3,3,5,3,1.676,134.230,21,8,2,144711,2406,3350726,66188,2,part;lineitem;orders;customer;nation;region;supplier,288340,0,0,0,0,0,0
2026-08-18T10:09:27Z,A38BF16E22E478B0,18.4,queries/tpch/tpch-queries/q08/base.sql,measured,3,4,5,3,1.683,134.331,21,8,2,144711,2406,3350726,66188,2,part;lineitem;orders;customer;nation;region;supplier,288340,0,0,0,0,0,0
2026-08-18T10:09:27Z,A38BF16E22E478B0,18.4,queries/tpch/tpch-queries/q08/base.sql,measured,3,5,5,3,1.686,134.293,21,8,2,144711,2406,3350726,66188,2,part;lineitem;orders;customer;nation;region;supplier,288340,0,0,0,0,0,0
2026-08-18T10:09:27Z,A38BF16E22E478B0,18.4,queries/tpch/tpch-queries/q08/v1_materialized.sql,warmup,1,1,1,3,3.534,150.936,22,9,2,144713,2406,3350854,66188,2,_m;part;lineitem;orders;customer;nation;region;supplier,288340,0,0,0,0,0,0
2026-08-18T10:09:27Z,A38BF16E22E478B0,18.4,queries/tpch/tpch-queries/q08/v1_materialized.sql,warmup,2,1,1,3,3.537,150.144,22,9,2,144713,2406,3350854,66188,2,_m;part;lineitem;orders;customer;nation;region;supplier,288340,0,0,0,0,0,0
2026-08-18T10:09:28Z,A38BF16E22E478B0,18.4,queries/tpch/tpch-queries/q08/v1_materialized.sql,measured,1,1,5,3,3.549,150.974,22,9,2,144713,2406,3350854,66188,2,_m;part;lineitem;orders;customer;nation;region;supplier,288340,0,0,0,0,0,0
2026-08-18T10:09:28Z,A38BF16E22E478B0,18.4,queries/tpch/tpch-queries/q08/v1_materialized.sql,measured,1,2,5,3,1.749,137.536,22,9,2,144713,2406,3350854,66188,2,_m;part;lineitem;orders;customer;nation;region;supplier,288340,0,0,0,0,0,0
2026-08-18T10:09:28Z,A38BF16E22E478B0,18.4,queries/tpch/tpch-queries/q08/v1_materialized.sql,measured,1,3,5,3,1.651,136.798,22,9,2,144713,2406,3350854,66188,2,_m;part;lineitem;orders;customer;nation;region;supplier,288340,0,0,0,0,0,0
2026-08-18T10:09:28Z,A38BF16E22E478B0,18.4,queries/tpch/tpch-queries/q08/v1_materialized.sql,measured,1,4,5,3,1.735,135.803,22,9,2,144713,2406,3350854,66188,2,_m;part;lineitem;orders;customer;nation;region;supplier,288340,0,0,0,0,0,0
2026-08-18T10:09:28Z,A38BF16E22E478B0,18.4,queries/tpch/tpch-queries/q08/v1_materialized.sql,measured,1,5,5,3,1.703,135.724,22,9,2,144713,2406,3350854,66188,2,_m;part;lineitem;orders;customer;nation;region;supplier,288340,0,0,0,0,0,0
2026-08-18T10:09:29Z,A38BF16E22E478B0,18.4,queries/tpch/tpch-queries/q08/v1_materialized.sql,measured,2,1,5,3,3.515,150.119,22,9,2,144713,2406,3350854,66188,2,_m;part;lineitem;orders;customer;nation;region;supplier,288340,0,0,0,0,0,0
2026-08-18T10:09:29Z,A38BF16E22E478B0,18.4,queries/tpch/tpch-queries/q08/v1_materialized.sql,measured,2,2,5,3,1.873,138.017,22,9,2,144713,2406,3350854,66188,2,_m;part;lineitem;orders;customer;nation;region;supplier,288340,0,0,0,0,0,0
2026-08-18T10:09:29Z,A38BF16E22E478B0,18.4,queries/tpch/tpch-queries/q08/v1_materialized.sql,measured,2,3,5,3,1.670,135.150,22,9,2,144713,2406,3350854,66188,2,_m;part;lineitem;orders;customer;nation;region;supplier,288340,0,0,0,0,0,0
2026-08-18T10:09:29Z,A38BF16E22E478B0,18.4,queries/tpch/tpch-queries/q08/v1_materialized.sql,measured,2,4,5,3,1.712,134.496,22,9,2,144713,2406,3350854,66188,2,_m;part;lineitem;orders;customer;nation;region;supplier,288340,0,0,0,0,0,0
2026-08-18T10:09:29Z,A38BF16E22E478B0,18.4,queries/tpch/tpch-queries/q08/v1_materialized.sql,measured,2,5,5,3,1.727,136.507,22,9,2,144713,2406,3350854,66188,2,_m;part;lineitem;orders;customer;nation;region;supplier,288340,0,0,0,0,0,0
2026-08-18T10:09:30Z,A38BF16E22E478B0,18.4,queries/tpch/tpch-queries/q08/v1_materialized.sql,measured,3,1,5,3,3.631,150.520,22,9,2,144713,2406,3350854,66188,2,_m;part;lineitem;orders;customer;nation;region;supplier,288340,0,0,0,0,0,0
2026-08-18T10:09:30Z,A38BF16E22E478B0,18.4,queries/tpch/tpch-queries/q08/v1_materialized.sql,measured,3,2,5,3,1.723,135.435,22,9,2,144713,2406,3350854,66188,2,_m;part;lineitem;orders;customer;nation;region;supplier,288340,0,0,0,0,0,0
2026-08-18T10:09:30Z,A38BF16E22E478B0,18.4,queries/tpch/tpch-queries/q08/v1_materialized.sql,measured,3,3,5,3,1.672,134.984,22,9,2,144713,2406,3350854,66188,2,_m;part;lineitem;orders;customer;nation;region;supplier,288340,0,0,0,0,0,0
2026-08-18T10:09:30Z,A38BF16E22E478B0,18.4,queries/tpch/tpch-queries/q08/v1_materialized.sql,measured,3,4,5,3,1.695,134.595,22,9,2,144713,2406,3350854,66188,2,_m;part;lineitem;orders;customer;nation;region;supplier,288340,0,0,0,0,0,0
2026-08-18T10:09:30Z,A38BF16E22E478B0,18.4,queries/tpch/tpch-queries/q08/v1_materialized.sql,measured,3,5,5,3,1.691,132.826,22,9,2,144713,2406,3350854,66188,2,_m;part;lineitem;orders;customer;nation;region;supplier,288340,0,0,0,0,0,0
2026-08-18T10:09:30Z,A38BF16E22E478B0,18.4,queries/tpch/tpch-queries/q08/v2_filter.sql,warmup,1,1,1,3,3.577,153.191,21,8,2,144711,2406,3350726,66188,2,part;lineitem;orders;customer;nation;region;supplier,288340,0,0,0,0,0,0
2026-08-18T10:09:30Z,A38BF16E22E478B0,18.4,queries/tpch/tpch-queries/q08/v2_filter.sql,warmup,2,1,1,3,3.488,149.843,21,8,2,144711,2406,3350726,66188,2,part;lineitem;orders;customer;nation;region;supplier,288340,0,0,0,0,0,0
2026-08-18T10:09:31Z,A38BF16E22E478B0,18.4,queries/tpch/tpch-queries/q08/v2_filter.sql,measured,1,1,5,3,4.017,155.673,21,8,2,144711,2406,3350726,66188,2,part;lineitem;orders;customer;nation;region;supplier,288340,0,0,0,0,0,0
2026-08-18T10:09:31Z,A38BF16E22E478B0,18.4,queries/tpch/tpch-queries/q08/v2_filter.sql,measured,1,2,5,3,1.749,138.986,21,8,2,144711,2406,3350726,66188,2,part;lineitem;orders;customer;nation;region;supplier,288340,0,0,0,0,0,0
2026-08-18T10:09:31Z,A38BF16E22E478B0,18.4,queries/tpch/tpch-queries/q08/v2_filter.sql,measured,1,3,5,3,1.638,137.121,21,8,2,144711,2406,3350726,66188,2,part;lineitem;orders;customer;nation;region;supplier,288340,0,0,0,0,0,0
2026-08-18T10:09:31Z,A38BF16E22E478B0,18.4,queries/tpch/tpch-queries/q08/v2_filter.sql,measured,1,4,5,3,1.734,137.727,21,8,2,144711,2406,3350726,66188,2,part;lineitem;orders;customer;nation;region;supplier,288340,0,0,0,0,0,0
2026-08-18T10:09:31Z,A38BF16E22E478B0,18.4,queries/tpch/tpch-queries/q08/v2_filter.sql,measured,1,5,5,3,1.721,134.192,21,8,2,144711,2406,3350726,66188,2,part;lineitem;orders;customer;nation;region;supplier,288340,0,0,0,0,0,0
2026-08-18T10:09:32Z,A38BF16E22E478B0,18.4,queries/tpch/tpch-queries/q08/v2_filter.sql,measured,2,1,5,3,3.483,149.705,21,8,2,144711,2406,3350726,66188,2,part;lineitem;orders;customer;nation;region;supplier,288340,0,0,0,0,0,0
2026-08-18T10:09:32Z,A38BF16E22E478B0,18.4,queries/tpch/tpch-queries/q08/v2_filter.sql,measured,2,2,5,3,1.727,137.072,21,8,2,144711,2406,3350726,66188,2,part;lineitem;orders;customer;nation;region;supplier,288340,0,0,0,0,0,0
2026-08-18T10:09:32Z,A38BF16E22E478B0,18.4,queries/tpch/tpch-queries/q08/v2_filter.sql,measured,2,3,5,3,1.643,134.037,21,8,2,144711,2406,3350726,66188,2,part;lineitem;orders;customer;nation;region;supplier,288340,0,0,0,0,0,0
2026-08-18T10:09:32Z,A38BF16E22E478B0,18.4,queries/tpch/tpch-queries/q08/v2_filter.sql,measured,2,4,5,3,1.665,133.992,21,8,2,144711,2406,3350726,66188,2,part;lineitem;orders;customer;nation;region;supplier,288340,0,0,0,0,0,0
2026-08-18T10:09:32Z,A38BF16E22E478B0,18.4,queries/tpch/tpch-queries/q08/v2_filter.sql,measured,2,5,5,3,1.696,133.032,21,8,2,144711,2406,3350726,66188,2,part;lineitem;orders;customer;nation;region;supplier,288340,0,0,0,0,0,0
2026-08-18T10:09:33Z,A38BF16E22E478B0,18.4,queries/tpch/tpch-queries/q08/v2_filter.sql,measured,3,1,5,3,3.484,151.335,21,8,2,144711,2406,3350726,66188,2,part;lineitem;orders;customer;nation;region;supplier,288340,0,0,0,0,0,0
2026-08-18T10:09:33Z,A38BF16E22E478B0,18.4,queries/tpch/tpch-queries/q08/v2_filter.sql,measured,3,2,5,3,1.705,140.959,21,8,2,144711,2406,3350726,66188,2,part;lineitem;orders;customer;nation;region;supplier,288340,0,0,0,0,0,0
2026-08-18T10:09:33Z,A38BF16E22E478B0,18.4,queries/tpch/tpch-queries/q08/v2_filter.sql,measured,3,3,5,3,1.744,135.853,21,8,2,144711,2406,3350726,66188,2,part;lineitem;orders;customer;nation;region;supplier,288340,0,0,0,0,0,0
2026-08-18T10:09:33Z,A38BF16E22E478B0,18.4,queries/tpch/tpch-queries/q08/v2_filter.sql,measured,3,4,5,3,1.665,134.633,21,8,2,144711,2406,3350726,66188,2,part;lineitem;orders;customer;nation;region;supplier,288340,0,0,0,0,0,0
2026-08-18T10:09:33Z,A38BF16E22E478B0,18.4,queries/tpch/tpch-queries/q08/v2_filter.sql,measured,3,5,5,3,1.664,133.680,21,8,2,144711,2406,3350726,66188,2,part;lineitem;orders;customer;nation;region;supplier,288340,0,0,0,0,0,0
2026-08-18T10:09:34Z,A38BF16E22E478B0,18.4,queries/tpch/tpch-queries/q09/base.sql,warmup,1,1,1,3,4.328,1070.676,15,6,175,2950121,48,123794846,63112,2,part;partsupp;lineitem;supplier;orders;nation,2724252,6453,0,0,0,0,0
2026-08-18T10:09:35Z,A38BF16E22E478B0,18.4,queries/tpch/tpch-queries/q09/base.sql,warmup,2,1,1,3,4.298,1047.391,15,6,175,2950121,48,123794846,63112,2,part;partsupp;lineitem;supplier;orders;nation,2730705,0,0,0,0,0,0
2026-08-18T10:09:40Z,A38BF16E22E478B0,18.4,queries/tpch/tpch-queries/q09/base.sql,measured,1,1,5,3,4.323,1044.549,15,6,175,2950121,48,123794846,63112,2,part;partsupp;lineitem;supplier;orders;nation,2730705,0,0,0,0,0,0
2026-08-18T10:09:40Z,A38BF16E22E478B0,18.4,queries/tpch/tpch-queries/q09/base.sql,measured,1,2,5,3,2.284,1011.988,15,6,175,2950121,48,123794846,63112,2,part;partsupp;lineitem;supplier;orders;nation,2730705,0,0,0,0,0,0
2026-08-18T10:09:40Z,A38BF16E22E478B0,18.4,queries/tpch/tpch-queries/q09/base.sql,measured,1,3,5,3,2.233,1006.732,15,6,175,2950121,48,123794846,63112,2,part;partsupp;lineitem;supplier;orders;nation,2730705,0,0,0,0,0,0
2026-08-18T10:09:40Z,A38BF16E22E478B0,18.4,queries/tpch/tpch-queries/q09/base.sql,measured,1,4,5,3,2.226,1007.840,15,6,175,2950121,48,123794846,63112,2,part;partsupp;lineitem;supplier;orders;nation,2730705,0,0,0,0,0,0
2026-08-18T10:09:40Z,A38BF16E22E478B0,18.4,queries/tpch/tpch-queries/q09/base.sql,measured,1,5,5,3,2.229,1009.236,15,6,175,2950121,48,123794846,63112,2,part;partsupp;lineitem;supplier;orders;nation,2730705,0,0,0,0,0,0
2026-08-18T10:09:45Z,A38BF16E22E478B0,18.4,queries/tpch/tpch-queries/q09/base.sql,measured,2,1,5,3,4.306,1042.273,15,6,175,2950121,48,123794846,63112,2,part;partsupp;lineitem;supplier;orders;nation,2730705,0,0,0,0,0,0
2026-08-18T10:09:45Z,A38BF16E22E478B0,18.4,queries/tpch/tpch-queries/q09/base.sql,measured,2,2,5,3,2.280,1007.825,15,6,175,2950121,48,123794846,63112,2,part;partsupp;lineitem;supplier;orders;nation,2730705,0,0,0,0,0,0
2026-08-18T10:09:45Z,A38BF16E22E478B0,18.4,queries/tpch/tpch-queries/q09/base.sql,measured,2,3,5,3,2.238,1010.343,15,6,175,2950121,48,123794846,63112,2,part;partsupp;lineitem;supplier;orders;nation,2730705,0,0,0,0,0,0
2026-08-18T10:09:45Z,A38BF16E22E478B0,18.4,queries/tpch/tpch-queries/q09/base.sql,measured,2,4,5,3,2.229,1007.062,15,6,175,2950121,48,123794846,63112,2,part;partsupp;lineitem;supplier;orders;nation,2730705,0,0,0,0,0,0
2026-08-18T10:09:45Z,A38BF16E22E478B0,18.4,queries/tpch/tpch-queries/q09/base.sql,measured,2,5,5,3,2.239,1010.742,15,6,175,2950121,48,123794846,63112,2,part;partsupp;lineitem;supplier;orders;nation,2730705,0,0,0,0,0,0
2026-08-18T10:09:50Z,A38BF16E22E478B0,18.4,queries/tpch/tpch-queries/q09/base.sql,measured,3,1,5,3,4.312,1040.739,15,6,175,2950121,48,123794846,63112,2,part;partsupp;lineitem;supplier;orders;nation,2730705,0,0,0,0,0,0
2026-08-18T10:09:50Z,A38BF16E22E478B0,18.4,queries/tpch/tpch-queries/q09/base.sql,measured,3,2,5,3,2.292,1007.681,15,6,175,2950121,48,123794846,63112,2,part;partsupp;lineitem;supplier;orders;nation,2730705,0,0,0,0,0,0
2026-08-18T10:09:50Z,A38BF16E22E478B0,18.4,queries/tpch/tpch-queries/q09/base.sql,measured,3,3,5,3,2.223,1021.448,15,6,175,2950121,48,123794846,63112,2,part;partsupp;lineitem;supplier;orders;nation,2730705,0,0,0,0,0,0
2026-08-18T10:09:50Z,A38BF16E22E478B0,18.4,queries/tpch/tpch-queries/q09/base.sql,measured,3,4,5,3,2.237,1027.798,15,6,175,2950121,48,123794846,63112,2,part;partsupp;lineitem;supplier;orders;nation,2730705,0,0,0,0,0,0
2026-08-18T10:09:50Z,A38BF16E22E478B0,18.4,queries/tpch/tpch-queries/q09/base.sql,measured,3,5,5,3,2.231,1019.559,15,6,175,2950121,48,123794846,63112,2,part;partsupp;lineitem;supplier;orders;nation,2730705,0,0,0,0,0,0
2026-08-18T10:09:52Z,A38BF16E22E478B0,18.4,queries/tpch/tpch-queries/q09/v1_materialized.sql,warmup,1,1,1,3,4.333,1046.225,17,7,175,2950471,48,123853646,63112,2,part;partsupp;lineitem;supplier;orders;nation;_m,2730705,0,0,0,0,0,0
2026-08-18T10:09:53Z,A38BF16E22E478B0,18.4,queries/tpch/tpch-queries/q09/v1_materialized.sql,warmup,2,1,1,3,4.348,1048.463,17,7,175,2950471,48,123853646,63112,2,part;partsupp;lineitem;supplier;orders;nation;_m,2730705,0,0,0,0,0,0
2026-08-18T10:09:58Z,A38BF16E22E478B0,18.4,queries/tpch/tpch-queries/q09/v1_materialized.sql,measured,1,1,5,3,4.324,1051.443,17,7,175,2950471,48,123853646,63112,2,part;partsupp;lineitem;supplier;orders;nation;_m,2730705,0,0,0,0,0,0
2026-08-18T10:09:58Z,A38BF16E22E478B0,18.4,queries/tpch/tpch-queries/q09/v1_materialized.sql,measured,1,2,5,3,2.339,1024.864,17,7,175,2950471,48,123853646,63112,2,part;partsupp;lineitem;supplier;orders;nation;_m,2730705,0,0,0,0,0,0
2026-08-18T10:09:58Z,A38BF16E22E478B0,18.4,queries/tpch/tpch-queries/q09/v1_materialized.sql,measured,1,3,5,3,2.276,1022.828,17,7,175,2950471,48,123853646,63112,2,part;partsupp;lineitem;supplier;orders;nation;_m,2730705,0,0,0,0,0,0
2026-08-18T10:09:58Z,A38BF16E22E478B0,18.4,queries/tpch/tpch-queries/q09/v1_materialized.sql,measured,1,4,5,3,2.272,1024.996,17,7,175,2950471,48,123853646,63112,2,part;partsupp;lineitem;supplier;orders;nation;_m,2730705,0,0,0,0,0,0
2026-08-18T10:09:58Z,A38BF16E22E478B0,18.4,queries/tpch/tpch-queries/q09/v1_materialized.sql,measured,1,5,5,3,2.266,1022.871,17,7,175,2950471,48,123853646,63112,2,part;partsupp;lineitem;supplier;orders;nation;_m,2730705,0,0,0,0,0,0
2026-08-18T10:10:03Z,A38BF16E22E478B0,18.4,queries/tpch/tpch-queries/q09/v1_materialized.sql,measured,2,1,5,3,4.336,1044.941,17,7,175,2950471,48,123853646,63112,2,part;partsupp;lineitem;supplier;orders;nation;_m,2730705,0,0,0,0,0,0
2026-08-18T10:10:03Z,A38BF16E22E478B0,18.4,queries/tpch/tpch-queries/q09/v1_materialized.sql,measured,2,2,5,3,2.338,1026.428,17,7,175,2950471,48,123853646,63112,2,part;partsupp;lineitem;supplier;orders;nation;_m,2730705,0,0,0,0,0,0
2026-08-18T10:10:03Z,A38BF16E22E478B0,18.4,queries/tpch/tpch-queries/q09/v1_materialized.sql,measured,2,3,5,3,2.284,1018.905,17,7,175,2950471,48,123853646,63112,2,part;partsupp;lineitem;supplier;orders;nation;_m,2730705,0,0,0,0,0,0
2026-08-18T10:10:03Z,A38BF16E22E478B0,18.4,queries/tpch/tpch-queries/q09/v1_materialized.sql,measured,2,4,5,3,2.278,1025.473,17,7,175,2950471,48,123853646,63112,2,part;partsupp;lineitem;supplier;orders;nation;_m,2730705,0,0,0,0,0,0
2026-08-18T10:10:03Z,A38BF16E22E478B0,18.4,queries/tpch/tpch-queries/q09/v1_materialized.sql,measured,2,5,5,3,2.258,1005.412,17,7,175,2950471,48,123853646,63112,2,part;partsupp;lineitem;supplier;orders;nation;_m,2730705,0,0,0,0,0,0
2026-08-18T10:10:08Z,A38BF16E22E478B0,18.4,queries/tpch/tpch-queries/q09/v1_materialized.sql,measured,3,1,5,3,4.345,1044.937,17,7,175,2950471,48,123853646,63112,2,part;partsupp;lineitem;supplier;orders;nation;_m,2730705,0,0,0,0,0,0
2026-08-18T10:10:08Z,A38BF16E22E478B0,18.4,queries/tpch/tpch-queries/q09/v1_materialized.sql,measured,3,2,5,3,2.330,1011.496,17,7,175,2950471,48,123853646,63112,2,part;partsupp;lineitem;supplier;orders;nation;_m,2730705,0,0,0,0,0,0
2026-08-18T10:10:08Z,A38BF16E22E478B0,18.4,queries/tpch/tpch-queries/q09/v1_materialized.sql,measured,3,3,5,3,2.258,1010.713,17,7,175,2950471,48,123853646,63112,2,part;partsupp;lineitem;supplier;orders;nation;_m,2730705,0,0,0,0,0,0
2026-08-18T10:10:08Z,A38BF16E22E478B0,18.4,queries/tpch/tpch-queries/q09/v1_materialized.sql,measured,3,4,5,3,2.267,1008.171,17,7,175,2950471,48,123853646,63112,2,part;partsupp;lineitem;supplier;orders;nation;_m,2730705,0,0,0,0,0,0
2026-08-18T10:10:08Z,A38BF16E22E478B0,18.4,queries/tpch/tpch-queries/q09/v1_materialized.sql,measured,3,5,5,3,2.270,1022.355,17,7,175,2950471,48,123853646,63112,2,part;partsupp;lineitem;supplier;orders;nation;_m,2730705,0,0,0,0,0,0
2026-08-18T10:10:09Z,A38BF16E22E478B0,18.4,queries/tpch/tpch-queries/q10/base.sql,warmup,1,1,1,3,2.149,309.195,15,5,20,951185,20,89909259,2,2,customer;orders;ixtest_orders_orderdate;lineitem;nation,258470,51,0,0,0,0,0
2026-08-18T10:10:09Z,A38BF16E22E478B0,18.4,queries/tpch/tpch-queries/q10/base.sql,warmup,2,1,1,3,2.076,307.574,15,5,20,951185,20,89909259,2,2,customer;orders;ixtest_orders_orderdate;lineitem;nation,258521,0,0,0,0,0,0
2026-08-18T10:10:11Z,A38BF16E22E478B0,18.4,queries/tpch/tpch-queries/q10/base.sql,measured,1,1,5,3,2.095,306.054,15,5,20,951185,20,89909259,2,2,customer;orders;ixtest_orders_orderdate;lineitem;nation,258521,0,0,0,0,0,0
2026-08-18T10:10:11Z,A38BF16E22E478B0,18.4,queries/tpch/tpch-queries/q10/base.sql,measured,1,2,5,3,0.719,273.323,15,5,20,951185,20,89909259,2,2,customer;orders;ixtest_orders_orderdate;lineitem;nation,258518,0,0,0,0,0,0
2026-08-18T10:10:11Z,A38BF16E22E478B0,18.4,queries/tpch/tpch-queries/q10/base.sql,measured,1,3,5,3,0.722,272.827,15,5,20,951185,20,89909259,2,2,customer;orders;ixtest_orders_orderdate;lineitem;nation,258518,0,0,0,0,0,0
2026-08-18T10:10:11Z,A38BF16E22E478B0,18.4,queries/tpch/tpch-queries/q10/base.sql,measured,1,4,5,3,0.740,270.051,15,5,20,951185,20,89909259,2,2,customer;orders;ixtest_orders_orderdate;lineitem;nation,258518,0,0,0,0,0,0
2026-08-18T10:10:11Z,A38BF16E22E478B0,18.4,queries/tpch/tpch-queries/q10/base.sql,measured,1,5,5,3,0.771,266.876,15,5,20,951185,20,89909259,2,2,customer;orders;ixtest_orders_orderdate;lineitem;nation,258518,0,0,0,0,0,0
2026-08-18T10:10:12Z,A38BF16E22E478B0,18.4,queries/tpch/tpch-queries/q10/base.sql,measured,2,1,5,3,2.085,310.663,15,5,20,951185,20,89909259,2,2,customer;orders;ixtest_orders_orderdate;lineitem;nation,258521,0,0,0,0,0,0
2026-08-18T10:10:12Z,A38BF16E22E478B0,18.4,queries/tpch/tpch-queries/q10/base.sql,measured,2,2,5,3,0.773,271.793,15,5,20,951185,20,89909259,2,2,customer;orders;ixtest_orders_orderdate;lineitem;nation,258518,0,0,0,0,0,0
2026-08-18T10:10:12Z,A38BF16E22E478B0,18.4,queries/tpch/tpch-queries/q10/base.sql,measured,2,3,5,3,0.727,268.365,15,5,20,951185,20,89909259,2,2,customer;orders;ixtest_orders_orderdate;lineitem;nation,258518,0,0,0,0,0,0
2026-08-18T10:10:12Z,A38BF16E22E478B0,18.4,queries/tpch/tpch-queries/q10/base.sql,measured,2,4,5,3,0.734,270.890,15,5,20,951185,20,89909259,2,2,customer;orders;ixtest_orders_orderdate;lineitem;nation,258518,0,0,0,0,0,0
2026-08-18T10:10:12Z,A38BF16E22E478B0,18.4,queries/tpch/tpch-queries/q10/base.sql,measured,2,5,5,3,0.716,267.629,15,5,20,951185,20,89909259,2,2,customer;orders;ixtest_orders_orderdate;lineitem;nation,258518,0,0,0,0,0,0
2026-08-18T10:10:14Z,A38BF16E22E478B0,18.4,queries/tpch/tpch-queries/q10/base.sql,measured,3,1,5,3,2.074,305.401,15,5,20,951185,20,89909259,2,2,customer;orders;ixtest_orders_orderdate;lineitem;nation,258521,0,0,0,0,0,0
2026-08-18T10:10:14Z,A38BF16E22E478B0,18.4,queries/tpch/tpch-queries/q10/base.sql,measured,3,2,5,3,0.719,271.606,15,5,20,951185,20,89909259,2,2,customer;orders;ixtest_orders_orderdate;lineitem;nation,258518,0,0,0,0,0,0
2026-08-18T10:10:14Z,A38BF16E22E478B0,18.4,queries/tpch/tpch-queries/q10/base.sql,measured,3,3,5,3,0.729,269.215,15,5,20,951185,20,89909259,2,2,customer;orders;ixtest_orders_orderdate;lineitem;nation,258518,0,0,0,0,0,0
2026-08-18T10:10:14Z,A38BF16E22E478B0,18.4,queries/tpch/tpch-queries/q10/base.sql,measured,3,4,5,3,0.730,267.397,15,5,20,951185,20,89909259,2,2,customer;orders;ixtest_orders_orderdate;lineitem;nation,258518,0,0,0,0,0,0
2026-08-18T10:10:14Z,A38BF16E22E478B0,18.4,queries/tpch/tpch-queries/q10/base.sql,measured,3,5,5,3,0.732,266.738,15,5,20,951185,20,89909259,2,2,customer;orders;ixtest_orders_orderdate;lineitem;nation,258518,0,0,0,0,0,0
2026-08-18T10:10:14Z,A38BF16E22E478B0,18.4,queries/tpch/tpch-queries/q10/v1_materialized.sql,warmup,1,1,1,3,1.876,318.136,15,6,20,1027925,20,119724972,2,2,customer;orders;ixtest_orders_orderdate;lineitem;nation;_m,258521,0,0,0,0,0,0
2026-08-18T10:10:15Z,A38BF16E22E478B0,18.4,queries/tpch/tpch-queries/q10/v1_materialized.sql,warmup,2,1,1,3,1.897,316.851,15,6,20,1027925,20,119724972,2,2,customer;orders;ixtest_orders_orderdate;lineitem;nation;_m,258521,0,0,0,0,0,0
2026-08-18T10:10:16Z,A38BF16E22E478B0,18.4,queries/tpch/tpch-queries/q10/v1_materialized.sql,measured,1,1,5,3,1.876,317.279,15,6,20,1027925,20,119724972,2,2,customer;orders;ixtest_orders_orderdate;lineitem;nation;_m,258521,0,0,0,0,0,0
2026-08-18T10:10:16Z,A38BF16E22E478B0,18.4,queries/tpch/tpch-queries/q10/v1_materialized.sql,measured,1,2,5,3,0.799,286.385,15,6,20,1027925,20,119724972,2,2,customer;orders;ixtest_orders_orderdate;lineitem;nation;_m,258518,0,0,0,0,0,0
2026-08-18T10:10:16Z,A38BF16E22E478B0,18.4,queries/tpch/tpch-queries/q10/v1_materialized.sql,measured,1,3,5,3,0.544,281.125,15,6,20,1027925,20,119724972,2,2,customer;orders;ixtest_orders_orderdate;lineitem;nation;_m,258518,0,0,0,0,0,0
2026-08-18T10:10:16Z,A38BF16E22E478B0,18.4,queries/tpch/tpch-queries/q10/v1_materialized.sql,measured,1,4,5,3,0.542,279.066,15,6,20,1027925,20,119724972,2,2,customer;orders;ixtest_orders_orderdate;lineitem;nation;_m,258518,0,0,0,0,0,0
2026-08-18T10:10:16Z,A38BF16E22E478B0,18.4,queries/tpch/tpch-queries/q10/v1_materialized.sql,measured,1,5,5,3,0.533,282.119,15,6,20,1027925,20,119724972,2,2,customer;orders;ixtest_orders_orderdate;lineitem;nation;_m,258518,0,0,0,0,0,0
2026-08-18T10:10:18Z,A38BF16E22E478B0,18.4,queries/tpch/tpch-queries/q10/v1_materialized.sql,measured,2,1,5,3,1.867,317.690,15,6,20,1027925,20,119724972,2,2,customer;orders;ixtest_orders_orderdate;lineitem;nation;_m,258521,0,0,0,0,0,0
2026-08-18T10:10:18Z,A38BF16E22E478B0,18.4,queries/tpch/tpch-queries/q10/v1_materialized.sql,measured,2,2,5,3,0.527,285.768,15,6,20,1027925,20,119724972,2,2,customer;orders;ixtest_orders_orderdate;lineitem;nation;_m,258518,0,0,0,0,0,0
2026-08-18T10:10:18Z,A38BF16E22E478B0,18.4,queries/tpch/tpch-queries/q10/v1_materialized.sql,measured,2,3,5,3,0.528,283.475,15,6,20,1027925,20,119724972,2,2,customer;orders;ixtest_orders_orderdate;lineitem;nation;_m,258518,0,0,0,0,0,0
2026-08-18T10:10:18Z,A38BF16E22E478B0,18.4,queries/tpch/tpch-queries/q10/v1_materialized.sql,measured,2,4,5,3,0.540,282.557,15,6,20,1027925,20,119724972,2,2,customer;orders;ixtest_orders_orderdate;lineitem;nation;_m,258518,0,0,0,0,0,0
2026-08-18T10:10:18Z,A38BF16E22E478B0,18.4,queries/tpch/tpch-queries/q10/v1_materialized.sql,measured,2,5,5,3,0.539,280.407,15,6,20,1027925,20,119724972,2,2,customer;orders;ixtest_orders_orderdate;lineitem;nation;_m,258518,0,0,0,0,0,0
2026-08-18T10:10:19Z,A38BF16E22E478B0,18.4,queries/tpch/tpch-queries/q10/v1_materialized.sql,measured,3,1,5,3,1.880,317.439,15,6,20,1027925,20,119724972,2,2,customer;orders;ixtest_orders_orderdate;lineitem;nation;_m,258521,0,0,0,0,0,0
2026-08-18T10:10:19Z,A38BF16E22E478B0,18.4,queries/tpch/tpch-queries/q10/v1_materialized.sql,measured,3,2,5,3,0.535,283.624,15,6,20,1027925,20,119724972,2,2,customer;orders;ixtest_orders_orderdate;lineitem;nation;_m,258518,0,0,0,0,0,0
2026-08-18T10:10:19Z,A38BF16E22E478B0,18.4,queries/tpch/tpch-queries/q10/v1_materialized.sql,measured,3,3,5,3,0.538,279.875,15,6,20,1027925,20,119724972,2,2,customer;orders;ixtest_orders_orderdate;lineitem;nation;_m,258518,0,0,0,0,0,0
2026-08-18T10:10:19Z,A38BF16E22E478B0,18.4,queries/tpch/tpch-queries/q10/v1_materialized.sql,measured,3,4,5,3,0.544,278.574,15,6,20,1027925,20,119724972,2,2,customer;orders;ixtest_orders_orderdate;lineitem;nation;_m,258518,0,0,0,0,0,0
2026-08-18T10:10:19Z,A38BF16E22E478B0,18.4,queries/tpch/tpch-queries/q10/v1_materialized.sql,measured,3,5,5,3,0.536,280.447,15,6,20,1027925,20,119724972,2,2,customer;orders;ixtest_orders_orderdate;lineitem;nation;_m,258518,0,0,0,0,0,0
2026-08-18T10:10:19Z,A38BF16E22E478B0,18.4,queries/tpch/tpch-queries/q11/base.sql,warmup,1,1,1,3,1.180,84.389,15,8,1048,131195,10620,1859080,28818,0,nation;supplier;ixtest_supplier_nationkey;partsupp,66121,0,0,0,0,0,0
2026-08-18T10:10:19Z,A38BF16E22E478B0,18.4,queries/tpch/tpch-queries/q11/base.sql,warmup,2,1,1,3,1.176,87.110,15,8,1048,131195,10620,1859080,28818,0,nation;supplier;ixtest_supplier_nationkey;partsupp,66121,0,0,0,0,0,0
2026-08-18T10:10:20Z,A38BF16E22E478B0,18.4,queries/tpch/tpch-queries/q11/base.sql,measured,1,1,5,3,1.231,84.976,15,8,1048,131195,10620,1859080,28818,0,nation;supplier;ixtest_supplier_nationkey;partsupp,66121,0,0,0,0,0,0
2026-08-18T10:10:20Z,A38BF16E22E478B0,18.4,queries/tpch/tpch-queries/q11/base.sql,measured,1,2,5,3,0.510,81.689,15,8,1048,131195,10620,1859080,28818,0,nation;supplier;ixtest_supplier_nationkey;partsupp,66118,0,0,0,0,0,0
2026-08-18T10:10:20Z,A38BF16E22E478B0,18.4,queries/tpch/tpch-queries/q11/base.sql,measured,1,3,5,3,0.504,83.465,15,8,1048,131195,10620,1859080,28818,0,nation;supplier;ixtest_supplier_nationkey;partsupp,66118,0,0,0,0,0,0
2026-08-18T10:10:20Z,A38BF16E22E478B0,18.4,queries/tpch/tpch-queries/q11/base.sql,measured,1,4,5,3,0.514,83.509,15,8,1048,131195,10620,1859080,28818,0,nation;supplier;ixtest_supplier_nationkey;partsupp,66118,0,0,0,0,0,0
2026-08-18T10:10:20Z,A38BF16E22E478B0,18.4,queries/tpch/tpch-queries/q11/base.sql,measured,1,5,5,3,0.486,81.160,15,8,1048,131195,10620,1859080,28818,0,nation;supplier;ixtest_supplier_nationkey;partsupp,66118,0,0,0,0,0,0
2026-08-18T10:10:20Z,A38BF16E22E478B0,18.4,queries/tpch/tpch-queries/q11/base.sql,measured,2,1,5,3,1.181,84.894,15,8,1048,131195,10620,1859080,28818,0,nation;supplier;ixtest_supplier_nationkey;partsupp,66121,0,0,0,0,0,0
2026-08-18T10:10:20Z,A38BF16E22E478B0,18.4,queries/tpch/tpch-queries/q11/base.sql,measured,2,2,5,3,0.509,80.827,15,8,1048,131195,10620,1859080,28818,0,nation;supplier;ixtest_supplier_nationkey;partsupp,66118,0,0,0,0,0,0
2026-08-18T10:10:20Z,A38BF16E22E478B0,18.4,queries/tpch/tpch-queries/q11/base.sql,measured,2,3,5,3,0.517,82.286,15,8,1048,131195,10620,1859080,28818,0,nation;supplier;ixtest_supplier_nationkey;partsupp,66118,0,0,0,0,0,0
2026-08-18T10:10:20Z,A38BF16E22E478B0,18.4,queries/tpch/tpch-queries/q11/base.sql,measured,2,4,5,3,0.521,80.343,15,8,1048,131195,10620,1859080,28818,0,nation;supplier;ixtest_supplier_nationkey;partsupp,66118,0,0,0,0,0,0
2026-08-18T10:10:20Z,A38BF16E22E478B0,18.4,queries/tpch/tpch-queries/q11/base.sql,measured,2,5,5,3,0.486,81.972,15,8,1048,131195,10620,1859080,28818,0,nation;supplier;ixtest_supplier_nationkey;partsupp,66118,0,0,0,0,0,0
2026-08-18T10:10:21Z,A38BF16E22E478B0,18.4,queries/tpch/tpch-queries/q11/base.sql,measured,3,1,5,3,1.179,84.048,15,8,1048,131195,10620,1859080,28818,0,nation;supplier;ixtest_supplier_nationkey;partsupp,66121,0,0,0,0,0,0
2026-08-18T10:10:21Z,A38BF16E22E478B0,18.4,queries/tpch/tpch-queries/q11/base.sql,measured,3,2,5,3,0.527,81.168,15,8,1048,131195,10620,1859080,28818,0,nation;supplier;ixtest_supplier_nationkey;partsupp,66118,0,0,0,0,0,0
2026-08-18T10:10:21Z,A38BF16E22E478B0,18.4,queries/tpch/tpch-queries/q11/base.sql,measured,3,3,5,3,0.499,81.029,15,8,1048,131195,10620,1859080,28818,0,nation;supplier;ixtest_supplier_nationkey;partsupp,66118,0,0,0,0,0,0
2026-08-18T10:10:21Z,A38BF16E22E478B0,18.4,queries/tpch/tpch-queries/q11/base.sql,measured,3,4,5,3,0.499,83.012,15,8,1048,131195,10620,1859080,28818,0,nation;supplier;ixtest_supplier_nationkey;partsupp,66118,0,0,0,0,0,0
2026-08-18T10:10:21Z,A38BF16E22E478B0,18.4,queries/tpch/tpch-queries/q11/base.sql,measured,3,5,5,3,0.549,81.404,15,8,1048,131195,10620,1859080,28818,0,nation;supplier;ixtest_supplier_nationkey;partsupp,66118,0,0,0,0,0,0
2026-08-18T10:10:21Z,A38BF16E22E478B0,18.4,queries/tpch/tpch-queries/q11/v1_materialized.sql,warmup,1,1,1,3,1.202,88.931,16,9,1048,132243,10620,1896808,28818,0,nation;supplier;ixtest_supplier_nationkey;partsupp;_m,66121,0,0,0,0,0,0
2026-08-18T10:10:21Z,A38BF16E22E478B0,18.4,queries/tpch/tpch-queries/q11/v1_materialized.sql,warmup,2,1,1,3,1.194,85.958,16,9,1048,132243,10620,1896808,28818,0,nation;supplier;ixtest_supplier_nationkey;partsupp;_m,66121,0,0,0,0,0,0
2026-08-18T10:10:22Z,A38BF16E22E478B0,18.4,queries/tpch/tpch-queries/q11/v1_materialized.sql,measured,1,1,5,3,1.198,88.512,16,9,1048,132243,10620,1896808,28818,0,nation;supplier;ixtest_supplier_nationkey;partsupp;_m,66121,0,0,0,0,0,0
2026-08-18T10:10:22Z,A38BF16E22E478B0,18.4,queries/tpch/tpch-queries/q11/v1_materialized.sql,measured,1,2,5,3,0.550,83.537,16,9,1048,132243,10620,1896808,28818,0,nation;supplier;ixtest_supplier_nationkey;partsupp;_m,66118,0,0,0,0,0,0
2026-08-18T10:10:22Z,A38BF16E22E478B0,18.4,queries/tpch/tpch-queries/q11/v1_materialized.sql,measured,1,3,5,3,0.530,84.307,16,9,1048,132243,10620,1896808,28818,0,nation;supplier;ixtest_supplier_nationkey;partsupp;_m,66118,0,0,0,0,0,0
2026-08-18T10:10:22Z,A38BF16E22E478B0,18.4,queries/tpch/tpch-queries/q11/v1_materialized.sql,measured,1,4,5,3,0.517,83.959,16,9,1048,132243,10620,1896808,28818,0,nation;supplier;ixtest_supplier_nationkey;partsupp;_m,66118,0,0,0,0,0,0
2026-08-18T10:10:22Z,A38BF16E22E478B0,18.4,queries/tpch/tpch-queries/q11/v1_materialized.sql,measured,1,5,5,3,0.528,85.287,16,9,1048,132243,10620,1896808,28818,0,nation;supplier;ixtest_supplier_nationkey;partsupp;_m,66118,0,0,0,0,0,0
2026-08-18T10:10:22Z,A38BF16E22E478B0,18.4,queries/tpch/tpch-queries/q11/v1_materialized.sql,measured,2,1,5,3,1.203,85.450,16,9,1048,132243,10620,1896808,28818,0,nation;supplier;ixtest_supplier_nationkey;partsupp;_m,66121,0,0,0,0,0,0
2026-08-18T10:10:22Z,A38BF16E22E478B0,18.4,queries/tpch/tpch-queries/q11/v1_materialized.sql,measured,2,2,5,3,0.531,82.464,16,9,1048,132243,10620,1896808,28818,0,nation;supplier;ixtest_supplier_nationkey;partsupp;_m,66118,0,0,0,0,0,0
2026-08-18T10:10:22Z,A38BF16E22E478B0,18.4,queries/tpch/tpch-queries/q11/v1_materialized.sql,measured,2,3,5,3,0.526,82.685,16,9,1048,132243,10620,1896808,28818,0,nation;supplier;ixtest_supplier_nationkey;partsupp;_m,66118,0,0,0,0,0,0
2026-08-18T10:10:22Z,A38BF16E22E478B0,18.4,queries/tpch/tpch-queries/q11/v1_materialized.sql,measured,2,4,5,3,0.532,82.694,16,9,1048,132243,10620,1896808,28818,0,nation;supplier;ixtest_supplier_nationkey;partsupp;_m,66118,0,0,0,0,0,0
2026-08-18T10:10:22Z,A38BF16E22E478B0,18.4,queries/tpch/tpch-queries/q11/v1_materialized.sql,measured,2,5,5,3,0.536,83.096,16,9,1048,132243,10620,1896808,28818,0,nation;supplier;ixtest_supplier_nationkey;partsupp;_m,66118,0,0,0,0,0,0
2026-08-18T10:10:23Z,A38BF16E22E478B0,18.4,queries/tpch/tpch-queries/q11/v1_materialized.sql,measured,3,1,5,3,1.197,85.806,16,9,1048,132243,10620,1896808,28818,0,nation;supplier;ixtest_supplier_nationkey;partsupp;_m,66121,0,0,0,0,0,0
2026-08-18T10:10:23Z,A38BF16E22E478B0,18.4,queries/tpch/tpch-queries/q11/v1_materialized.sql,measured,3,2,5,3,0.531,83.215,16,9,1048,132243,10620,1896808,28818,0,nation;supplier;ixtest_supplier_nationkey;partsupp;_m,66118,0,0,0,0,0,0
2026-08-18T10:10:23Z,A38BF16E22E478B0,18.4,queries/tpch/tpch-queries/q11/v1_materialized.sql,measured,3,3,5,3,0.528,84.338,16,9,1048,132243,10620,1896808,28818,0,nation;supplier;ixtest_supplier_nationkey;partsupp;_m,66118,0,0,0,0,0,0
2026-08-18T10:10:23Z,A38BF16E22E478B0,18.4,queries/tpch/tpch-queries/q11/v1_materialized.sql,measured,3,4,5,3,0.532,82.879,16,9,1048,132243,10620,1896808,28818,0,nation;supplier;ixtest_supplier_nationkey;partsupp;_m,66118,0,0,0,0,0,0
2026-08-18T10:10:23Z,A38BF16E22E478B0,18.4,queries/tpch/tpch-queries/q11/v1_materialized.sql,measured,3,5,5,3,0.530,85.538,16,9,1048,132243,10620,1896808,28818,0,nation;supplier;ixtest_supplier_nationkey;partsupp;_m,66118,0,0,0,0,0,0
2026-08-18T10:10:23Z,A38BF16E22E478B0,18.4,queries/tpch/tpch-queries/q11/v2_cte_threshold.sql,warmup,1,1,1,3,1.215,85.447,15,8,1048,131195,10620,1859080,28818,0,nation;supplier;ixtest_supplier_nationkey;partsupp,66121,0,0,0,0,0,0
2026-08-18T10:10:23Z,A38BF16E22E478B0,18.4,queries/tpch/tpch-queries/q11/v2_cte_threshold.sql,warmup,2,1,1,3,1.278,91.451,15,8,1048,131195,10620,1859080,28818,0,nation;supplier;ixtest_supplier_nationkey;partsupp,66121,0,0,0,0,0,0
2026-08-18T10:10:24Z,A38BF16E22E478B0,18.4,queries/tpch/tpch-queries/q11/v2_cte_threshold.sql,measured,1,1,5,3,1.281,85.648,15,8,1048,131195,10620,1859080,28818,0,nation;supplier;ixtest_supplier_nationkey;partsupp,66121,0,0,0,0,0,0
2026-08-18T10:10:24Z,A38BF16E22E478B0,18.4,queries/tpch/tpch-queries/q11/v2_cte_threshold.sql,measured,1,2,5,3,0.545,83.465,15,8,1048,131195,10620,1859080,28818,0,nation;supplier;ixtest_supplier_nationkey;partsupp,66118,0,0,0,0,0,0
2026-08-18T10:10:24Z,A38BF16E22E478B0,18.4,queries/tpch/tpch-queries/q11/v2_cte_threshold.sql,measured,1,3,5,3,0.526,84.578,15,8,1048,131195,10620,1859080,28818,0,nation;supplier;ixtest_supplier_nationkey;partsupp,66118,0,0,0,0,0,0
2026-08-18T10:10:24Z,A38BF16E22E478B0,18.4,queries/tpch/tpch-queries/q11/v2_cte_threshold.sql,measured,1,4,5,3,0.539,84.770,15,8,1048,131195,10620,1859080,28818,0,nation;supplier;ixtest_supplier_nationkey;partsupp,66118,0,0,0,0,0,0
2026-08-18T10:10:24Z,A38BF16E22E478B0,18.4,queries/tpch/tpch-queries/q11/v2_cte_threshold.sql,measured,1,5,5,3,0.540,84.636,15,8,1048,131195,10620,1859080,28818,0,nation;supplier;ixtest_supplier_nationkey;partsupp,66118,0,0,0,0,0,0
2026-08-18T10:10:24Z,A38BF16E22E478B0,18.4,queries/tpch/tpch-queries/q11/v2_cte_threshold.sql,measured,2,1,5,3,1.219,89.594,15,8,1048,131195,10620,1859080,28818,0,nation;supplier;ixtest_supplier_nationkey;partsupp,66121,0,0,0,0,0,0
2026-08-18T10:10:24Z,A38BF16E22E478B0,18.4,queries/tpch/tpch-queries/q11/v2_cte_threshold.sql,measured,2,2,5,3,0.599,86.724,15,8,1048,131195,10620,1859080,28818,0,nation;supplier;ixtest_supplier_nationkey;partsupp,66118,0,0,0,0,0,0
2026-08-18T10:10:24Z,A38BF16E22E478B0,18.4,queries/tpch/tpch-queries/q11/v2_cte_threshold.sql,measured,2,3,5,3,0.538,85.610,15,8,1048,131195,10620,1859080,28818,0,nation;supplier;ixtest_supplier_nationkey;partsupp,66118,0,0,0,0,0,0
2026-08-18T10:10:24Z,A38BF16E22E478B0,18.4,queries/tpch/tpch-queries/q11/v2_cte_threshold.sql,measured,2,4,5,3,0.556,88.163,15,8,1048,131195,10620,1859080,28818,0,nation;supplier;ixtest_supplier_nationkey;partsupp,66118,0,0,0,0,0,0
2026-08-18T10:10:24Z,A38BF16E22E478B0,18.4,queries/tpch/tpch-queries/q11/v2_cte_threshold.sql,measured,2,5,5,3,0.570,87.351,15,8,1048,131195,10620,1859080,28818,0,nation;supplier;ixtest_supplier_nationkey;partsupp,66118,0,0,0,0,0,0
2026-08-18T10:10:25Z,A38BF16E22E478B0,18.4,queries/tpch/tpch-queries/q11/v2_cte_threshold.sql,measured,3,1,5,3,1.212,88.721,15,8,1048,131195,10620,1859080,28818,0,nation;supplier;ixtest_supplier_nationkey;partsupp,66121,0,0,0,0,0,0
2026-08-18T10:10:25Z,A38BF16E22E478B0,18.4,queries/tpch/tpch-queries/q11/v2_cte_threshold.sql,measured,3,2,5,3,0.551,85.051,15,8,1048,131195,10620,1859080,28818,0,nation;supplier;ixtest_supplier_nationkey;partsupp,66118,0,0,0,0,0,0
2026-08-18T10:10:25Z,A38BF16E22E478B0,18.4,queries/tpch/tpch-queries/q11/v2_cte_threshold.sql,measured,3,3,5,3,0.583,85.038,15,8,1048,131195,10620,1859080,28818,0,nation;supplier;ixtest_supplier_nationkey;partsupp,66118,0,0,0,0,0,0
2026-08-18T10:10:25Z,A38BF16E22E478B0,18.4,queries/tpch/tpch-queries/q11/v2_cte_threshold.sql,measured,3,4,5,3,0.560,84.366,15,8,1048,131195,10620,1859080,28818,0,nation;supplier;ixtest_supplier_nationkey;partsupp,66118,0,0,0,0,0,0
2026-08-18T10:10:25Z,A38BF16E22E478B0,18.4,queries/tpch/tpch-queries/q11/v2_cte_threshold.sql,measured,3,5,5,3,0.559,85.901,15,8,1048,131195,10620,1859080,28818,0,nation;supplier;ixtest_supplier_nationkey;partsupp,66118,0,0,0,0,0,0
2026-08-18T10:10:25Z,A38BF16E22E478B0,18.4,queries/tpch/tpch-queries/q12/base.sql,warmup,1,1,1,3,1.239,314.774,8,3,2,1033809,7,2758319,175771,4,lineitem;ixtest_lineitem_receiptdate;orders,228968,789,0,0,0,0,0
2026-08-18T10:10:26Z,A38BF16E22E478B0,18.4,queries/tpch/tpch-queries/q12/base.sql,warmup,2,1,1,3,1.243,292.435,8,3,2,1033809,7,2758319,175771,4,lineitem;ixtest_lineitem_receiptdate;orders,229757,0,0,0,0,0,0
2026-08-18T10:10:27Z,A38BF16E22E478B0,18.4,queries/tpch/tpch-queries/q12/base.sql,measured,1,1,5,3,1.453,302.036,8,3,2,1033809,7,2758319,175771,4,lineitem;ixtest_lineitem_receiptdate;orders,229757,0,0,0,0,0,0
2026-08-18T10:10:27Z,A38BF16E22E478B0,18.4,queries/tpch/tpch-queries/q12/base.sql,measured,1,2,5,3,0.247,258.514,8,3,2,1033809,7,2758319,175771,4,lineitem;ixtest_lineitem_receiptdate;orders,229757,0,0,0,0,0,0
2026-08-18T10:10:27Z,A38BF16E22E478B0,18.4,queries/tpch/tpch-queries/q12/base.sql,measured,1,3,5,3,0.244,264.099,8,3,2,1033809,7,2758319,175771,4,lineitem;ixtest_lineitem_receiptdate;orders,229757,0,0,0,0,0,0
2026-08-18T10:10:27Z,A38BF16E22E478B0,18.4,queries/tpch/tpch-queries/q12/base.sql,measured,1,4,5,3,0.253,258.824,8,3,2,1033809,7,2758319,175771,4,lineitem;ixtest_lineitem_receiptdate;orders,229757,0,0,0,0,0,0
2026-08-18T10:10:27Z,A38BF16E22E478B0,18.4,queries/tpch/tpch-queries/q12/base.sql,measured,1,5,5,3,0.248,259.818,8,3,2,1033809,7,2758319,175771,4,lineitem;ixtest_lineitem_receiptdate;orders,229757,0,0,0,0,0,0
2026-08-18T10:10:28Z,A38BF16E22E478B0,18.4,queries/tpch/tpch-queries/q12/base.sql,measured,2,1,5,3,1.333,309.387,8,3,2,1033809,7,2758319,175771,4,lineitem;ixtest_lineitem_receiptdate;orders,229757,0,0,0,0,0,0
2026-08-18T10:10:28Z,A38BF16E22E478B0,18.4,queries/tpch/tpch-queries/q12/base.sql,measured,2,2,5,3,0.246,263.262,8,3,2,1033809,7,2758319,175771,4,lineitem;ixtest_lineitem_receiptdate;orders,229757,0,0,0,0,0,0
2026-08-18T10:10:28Z,A38BF16E22E478B0,18.4,queries/tpch/tpch-queries/q12/base.sql,measured,2,3,5,3,0.245,259.640,8,3,2,1033809,7,2758319,175771,4,lineitem;ixtest_lineitem_receiptdate;orders,229757,0,0,0,0,0,0
2026-08-18T10:10:28Z,A38BF16E22E478B0,18.4,queries/tpch/tpch-queries/q12/base.sql,measured,2,4,5,3,0.266,259.113,8,3,2,1033809,7,2758319,175771,4,lineitem;ixtest_lineitem_receiptdate;orders,229757,0,0,0,0,0,0
2026-08-18T10:10:28Z,A38BF16E22E478B0,18.4,queries/tpch/tpch-queries/q12/base.sql,measured,2,5,5,3,0.248,258.483,8,3,2,1033809,7,2758319,175771,4,lineitem;ixtest_lineitem_receiptdate;orders,229757,0,0,0,0,0,0
2026-08-18T10:10:30Z,A38BF16E22E478B0,18.4,queries/tpch/tpch-queries/q12/base.sql,measured,3,1,5,3,1.352,305.067,8,3,2,1033809,7,2758319,175771,4,lineitem;ixtest_lineitem_receiptdate;orders,229757,0,0,0,0,0,0
2026-08-18T10:10:30Z,A38BF16E22E478B0,18.4,queries/tpch/tpch-queries/q12/base.sql,measured,3,2,5,3,0.259,271.098,8,3,2,1033809,7,2758319,175771,4,lineitem;ixtest_lineitem_receiptdate;orders,229757,0,0,0,0,0,0
2026-08-18T10:10:30Z,A38BF16E22E478B0,18.4,queries/tpch/tpch-queries/q12/base.sql,measured,3,3,5,3,0.245,267.531,8,3,2,1033809,7,2758319,175771,4,lineitem;ixtest_lineitem_receiptdate;orders,229757,0,0,0,0,0,0
2026-08-18T10:10:30Z,A38BF16E22E478B0,18.4,queries/tpch/tpch-queries/q12/base.sql,measured,3,4,5,3,0.251,263.680,8,3,2,1033809,7,2758319,175771,4,lineitem;ixtest_lineitem_receiptdate;orders,229757,0,0,0,0,0,0
2026-08-18T10:10:30Z,A38BF16E22E478B0,18.4,queries/tpch/tpch-queries/q12/base.sql,measured,3,5,5,3,0.263,261.787,8,3,2,1033809,7,2758319,175771,4,lineitem;ixtest_lineitem_receiptdate;orders,229757,0,0,0,0,0,0
2026-08-18T10:10:30Z,A38BF16E22E478B0,18.4,queries/tpch/tpch-queries/q12/v1_materialized.sql,warmup,1,1,1,3,1.383,310.386,9,4,2,1033811,7,2758439,175771,4,_m;lineitem;ixtest_lineitem_receiptdate;orders,229757,0,0,0,0,0,0
2026-08-18T10:10:31Z,A38BF16E22E478B0,18.4,queries/tpch/tpch-queries/q12/v1_materialized.sql,warmup,2,1,1,3,1.268,290.394,9,4,2,1033811,7,2758439,175771,4,_m;lineitem;ixtest_lineitem_receiptdate;orders,229757,0,0,0,0,0,0
2026-08-18T10:10:32Z,A38BF16E22E478B0,18.4,queries/tpch/tpch-queries/q12/v1_materialized.sql,measured,1,1,5,3,1.634,320.307,9,4,2,1033811,7,2758439,175771,4,_m;lineitem;ixtest_lineitem_receiptdate;orders,229757,0,0,0,0,0,0
2026-08-18T10:10:32Z,A38BF16E22E478B0,18.4,queries/tpch/tpch-queries/q12/v1_materialized.sql,measured,1,2,5,3,0.258,266.080,9,4,2,1033811,7,2758439,175771,4,_m;lineitem;ixtest_lineitem_receiptdate;orders,229757,0,0,0,0,0,0
2026-08-18T10:10:32Z,A38BF16E22E478B0,18.4,queries/tpch/tpch-queries/q12/v1_materialized.sql,measured,1,3,5,3,0.289,258.495,9,4,2,1033811,7,2758439,175771,4,_m;lineitem;ixtest_lineitem_receiptdate;orders,229757,0,0,0,0,0,0
2026-08-18T10:10:32Z,A38BF16E22E478B0,18.4,queries/tpch/tpch-queries/q12/v1_materialized.sql,measured,1,4,5,3,0.268,260.277,9,4,2,1033811,7,2758439,175771,4,_m;lineitem;ixtest_lineitem_receiptdate;orders,229757,0,0,0,0,0,0
2026-08-18T10:10:32Z,A38BF16E22E478B0,18.4,queries/tpch/tpch-queries/q12/v1_materialized.sql,measured,1,5,5,3,0.353,257.684,9,4,2,1033811,7,2758439,175771,4,_m;lineitem;ixtest_lineitem_receiptdate;orders,229757,0,0,0,0,0,0
2026-08-18T10:10:34Z,A38BF16E22E478B0,18.4,queries/tpch/tpch-queries/q12/v1_materialized.sql,measured,2,1,5,3,1.400,311.339,9,4,2,1033811,7,2758439,175771,4,_m;lineitem;ixtest_lineitem_receiptdate;orders,229757,0,0,0,0,0,0
2026-08-18T10:10:34Z,A38BF16E22E478B0,18.4,queries/tpch/tpch-queries/q12/v1_materialized.sql,measured,2,2,5,3,0.259,258.123,9,4,2,1033811,7,2758439,175771,4,_m;lineitem;ixtest_lineitem_receiptdate;orders,229757,0,0,0,0,0,0
2026-08-18T10:10:34Z,A38BF16E22E478B0,18.4,queries/tpch/tpch-queries/q12/v1_materialized.sql,measured,2,3,5,3,0.260,274.684,9,4,2,1033811,7,2758439,175771,4,_m;lineitem;ixtest_lineitem_receiptdate;orders,229757,0,0,0,0,0,0
2026-08-18T10:10:34Z,A38BF16E22E478B0,18.4,queries/tpch/tpch-queries/q12/v1_materialized.sql,measured,2,4,5,3,0.266,264.763,9,4,2,1033811,7,2758439,175771,4,_m;lineitem;ixtest_lineitem_receiptdate;orders,229757,0,0,0,0,0,0
2026-08-18T10:10:34Z,A38BF16E22E478B0,18.4,queries/tpch/tpch-queries/q12/v1_materialized.sql,measured,2,5,5,3,0.263,258.083,9,4,2,1033811,7,2758439,175771,4,_m;lineitem;ixtest_lineitem_receiptdate;orders,229757,0,0,0,0,0,0
2026-08-18T10:10:35Z,A38BF16E22E478B0,18.4,queries/tpch/tpch-queries/q12/v1_materialized.sql,measured,3,1,5,3,1.481,320.257,9,4,2,1033811,7,2758439,175771,4,_m;lineitem;ixtest_lineitem_receiptdate;orders,229757,0,0,0,0,0,0
2026-08-18T10:10:35Z,A38BF16E22E478B0,18.4,queries/tpch/tpch-queries/q12/v1_materialized.sql,measured,3,2,5,3,0.263,260.670,9,4,2,1033811,7,2758439,175771,4,_m;lineitem;ixtest_lineitem_receiptdate;orders,229757,0,0,0,0,0,0
2026-08-18T10:10:35Z,A38BF16E22E478B0,18.4,queries/tpch/tpch-queries/q12/v1_materialized.sql,measured,3,3,5,3,0.270,271.527,9,4,2,1033811,7,2758439,175771,4,_m;lineitem;ixtest_lineitem_receiptdate;orders,229757,0,0,0,0,0,0
2026-08-18T10:10:35Z,A38BF16E22E478B0,18.4,queries/tpch/tpch-queries/q12/v1_materialized.sql,measured,3,4,5,3,0.321,288.876,9,4,2,1033811,7,2758439,175771,4,_m;lineitem;ixtest_lineitem_receiptdate;orders,229757,0,0,0,0,0,0
2026-08-18T10:10:35Z,A38BF16E22E478B0,18.4,queries/tpch/tpch-queries/q12/v1_materialized.sql,measured,3,5,5,3,0.275,264.254,9,4,2,1033811,7,2758439,175771,4,_m;lineitem;ixtest_lineitem_receiptdate;orders,229757,0,0,0,0,0,0
2026-08-18T10:10:36Z,A38BF16E22E478B0,18.4,queries/tpch/tpch-queries/q12/v2_filter.sql,warmup,1,1,1,3,1.328,314.560,8,3,2,1033809,7,2758319,175771,4,lineitem;ixtest_lineitem_receiptdate;orders,229757,0,0,0,0,0,0
2026-08-18T10:10:36Z,A38BF16E22E478B0,18.4,queries/tpch/tpch-queries/q12/v2_filter.sql,warmup,2,1,1,3,1.328,308.293,8,3,2,1033809,7,2758319,175771,4,lineitem;ixtest_lineitem_receiptdate;orders,229757,0,0,0,0,0,0
2026-08-18T10:10:37Z,A38BF16E22E478B0,18.4,queries/tpch/tpch-queries/q12/v2_filter.sql,measured,1,1,5,3,1.445,314.382,8,3,2,1033809,7,2758319,175771,4,lineitem;ixtest_lineitem_receiptdate;orders,229757,0,0,0,0,0,0
2026-08-18T10:10:37Z,A38BF16E22E478B0,18.4,queries/tpch/tpch-queries/q12/v2_filter.sql,measured,1,2,5,3,0.238,270.333,8,3,2,1033809,7,2758319,175771,4,lineitem;ixtest_lineitem_receiptdate;orders,229757,0,0,0,0,0,0
2026-08-18T10:10:37Z,A38BF16E22E478B0,18.4,queries/tpch/tpch-queries/q12/v2_filter.sql,measured,1,3,5,3,0.258,267.155,8,3,2,1033809,7,2758319,175771,4,lineitem;ixtest_lineitem_receiptdate;orders,229757,0,0,0,0,0,0
2026-08-18T10:10:37Z,A38BF16E22E478B0,18.4,queries/tpch/tpch-queries/q12/v2_filter.sql,measured,1,4,5,3,0.253,267.829,8,3,2,1033809,7,2758319,175771,4,lineitem;ixtest_lineitem_receiptdate;orders,229757,0,0,0,0,0,0
2026-08-18T10:10:37Z,A38BF16E22E478B0,18.4,queries/tpch/tpch-queries/q12/v2_filter.sql,measured,1,5,5,3,0.250,261.506,8,3,2,1033809,7,2758319,175771,4,lineitem;ixtest_lineitem_receiptdate;orders,229757,0,0,0,0,0,0
2026-08-18T10:10:39Z,A38BF16E22E478B0,18.4,queries/tpch/tpch-queries/q12/v2_filter.sql,measured,2,1,5,3,1.329,316.697,8,3,2,1033809,7,2758319,175771,4,lineitem;ixtest_lineitem_receiptdate;orders,229757,0,0,0,0,0,0
2026-08-18T10:10:39Z,A38BF16E22E478B0,18.4,queries/tpch/tpch-queries/q12/v2_filter.sql,measured,2,2,5,3,0.248,269.361,8,3,2,1033809,7,2758319,175771,4,lineitem;ixtest_lineitem_receiptdate;orders,229757,0,0,0,0,0,0
2026-08-18T10:10:39Z,A38BF16E22E478B0,18.4,queries/tpch/tpch-queries/q12/v2_filter.sql,measured,2,3,5,3,0.252,268.921,8,3,2,1033809,7,2758319,175771,4,lineitem;ixtest_lineitem_receiptdate;orders,229757,0,0,0,0,0,0
2026-08-18T10:10:39Z,A38BF16E22E478B0,18.4,queries/tpch/tpch-queries/q12/v2_filter.sql,measured,2,4,5,3,0.286,274.454,8,3,2,1033809,7,2758319,175771,4,lineitem;ixtest_lineitem_receiptdate;orders,229757,0,0,0,0,0,0
2026-08-18T10:10:39Z,A38BF16E22E478B0,18.4,queries/tpch/tpch-queries/q12/v2_filter.sql,measured,2,5,5,3,0.242,277.898,8,3,2,1033809,7,2758319,175771,4,lineitem;ixtest_lineitem_receiptdate;orders,229757,0,0,0,0,0,0
2026-08-18T10:10:40Z,A38BF16E22E478B0,18.4,queries/tpch/tpch-queries/q12/v2_filter.sql,measured,3,1,5,3,1.440,324.816,8,3,2,1033809,7,2758319,175771,4,lineitem;ixtest_lineitem_receiptdate;orders,229757,0,0,0,0,0,0
2026-08-18T10:10:40Z,A38BF16E22E478B0,18.4,queries/tpch/tpch-queries/q12/v2_filter.sql,measured,3,2,5,3,0.238,273.971,8,3,2,1033809,7,2758319,175771,4,lineitem;ixtest_lineitem_receiptdate;orders,229757,0,0,0,0,0,0
2026-08-18T10:10:40Z,A38BF16E22E478B0,18.4,queries/tpch/tpch-queries/q12/v2_filter.sql,measured,3,3,5,3,0.242,262.075,8,3,2,1033809,7,2758319,175771,4,lineitem;ixtest_lineitem_receiptdate;orders,229757,0,0,0,0,0,0
2026-08-18T10:10:40Z,A38BF16E22E478B0,18.4,queries/tpch/tpch-queries/q12/v2_filter.sql,measured,3,4,5,3,0.244,263.536,8,3,2,1033809,7,2758319,175771,4,lineitem;ixtest_lineitem_receiptdate;orders,229757,0,0,0,0,0,0
2026-08-18T10:10:40Z,A38BF16E22E478B0,18.4,queries/tpch/tpch-queries/q12/v2_filter.sql,measured,3,5,5,3,0.241,265.418,8,3,2,1033809,7,2758319,175771,4,lineitem;ixtest_lineitem_receiptdate;orders,229757,0,0,0,0,0,0
2026-08-18T10:10:42Z,A38BF16E22E478B0,18.4,queries/tpch/tpch-queries/q13/base.sql,warmup,1,1,1,3,1.155,1517.190,7,2,42,3467925,200,27144072,16082,0,orders;customer,26552,0,0,0,0,0,0
2026-08-18T10:10:44Z,A38BF16E22E478B0,18.4,queries/tpch/tpch-queries/q13/base.sql,warmup,2,1,1,3,1.105,1513.309,7,2,42,3467925,200,27144072,16082,0,orders;customer,26552,0,0,0,0,0,0
2026-08-18T10:10:51Z,A38BF16E22E478B0,18.4,queries/tpch/tpch-queries/q13/base.sql,measured,1,1,5,3,1.108,1524.136,7,2,42,3467925,200,27144072,16082,0,orders;customer,26552,0,0,0,0,0,0
2026-08-18T10:10:51Z,A38BF16E22E478B0,18.4,queries/tpch/tpch-queries/q13/base.sql,measured,1,2,5,3,0.241,1468.360,7,2,42,3467925,200,27144072,16082,0,orders;customer,26549,0,0,0,0,0,0
2026-08-18T10:10:51Z,A38BF16E22E478B0,18.4,queries/tpch/tpch-queries/q13/base.sql,measured,1,3,5,3,0.239,1449.712,7,2,42,3467925,200,27144072,16082,0,orders;customer,26549,0,0,0,0,0,0
2026-08-18T10:10:51Z,A38BF16E22E478B0,18.4,queries/tpch/tpch-queries/q13/base.sql,measured,1,4,5,3,0.238,1451.816,7,2,42,3467925,200,27144072,16082,0,orders;customer,26549,0,0,0,0,0,0
2026-08-18T10:10:51Z,A38BF16E22E478B0,18.4,queries/tpch/tpch-queries/q13/base.sql,measured,1,5,5,3,0.247,1423.257,7,2,42,3467925,200,27144072,16082,0,orders;customer,26549,0,0,0,0,0,0
2026-08-18T10:10:58Z,A38BF16E22E478B0,18.4,queries/tpch/tpch-queries/q13/base.sql,measured,2,1,5,3,1.096,1491.762,7,2,42,3467925,200,27144072,16082,0,orders;customer,26552,0,0,0,0,0,0
2026-08-18T10:10:58Z,A38BF16E22E478B0,18.4,queries/tpch/tpch-queries/q13/base.sql,measured,2,2,5,3,0.241,1449.689,7,2,42,3467925,200,27144072,16082,0,orders;customer,26549,0,0,0,0,0,0
2026-08-18T10:10:58Z,A38BF16E22E478B0,18.4,queries/tpch/tpch-queries/q13/base.sql,measured,2,3,5,3,0.248,1453.336,7,2,42,3467925,200,27144072,16082,0,orders;customer,26549,0,0,0,0,0,0
2026-08-18T10:10:58Z,A38BF16E22E478B0,18.4,queries/tpch/tpch-queries/q13/base.sql,measured,2,4,5,3,0.252,1446.331,7,2,42,3467925,200,27144072,16082,0,orders;customer,26549,0,0,0,0,0,0
2026-08-18T10:10:58Z,A38BF16E22E478B0,18.4,queries/tpch/tpch-queries/q13/base.sql,measured,2,5,5,3,0.240,1429.550,7,2,42,3467925,200,27144072,16082,0,orders;customer,26549,0,0,0,0,0,0
2026-08-18T10:11:06Z,A38BF16E22E478B0,18.4,queries/tpch/tpch-queries/q13/base.sql,measured,3,1,5,3,1.122,1483.981,7,2,42,3467925,200,27144072,16082,0,orders;customer,26552,0,0,0,0,0,0
2026-08-18T10:11:06Z,A38BF16E22E478B0,18.4,queries/tpch/tpch-queries/q13/base.sql,measured,3,2,5,3,0.240,1443.342,7,2,42,3467925,200,27144072,16082,0,orders;customer,26549,0,0,0,0,0,0
2026-08-18T10:11:06Z,A38BF16E22E478B0,18.4,queries/tpch/tpch-queries/q13/base.sql,measured,3,3,5,3,0.239,1446.574,7,2,42,3467925,200,27144072,16082,0,orders;customer,26549,0,0,0,0,0,0
2026-08-18T10:11:06Z,A38BF16E22E478B0,18.4,queries/tpch/tpch-queries/q13/base.sql,measured,3,4,5,3,0.236,1416.124,7,2,42,3467925,200,27144072,16082,0,orders;customer,26549,0,0,0,0,0,0
2026-08-18T10:11:06Z,A38BF16E22E478B0,18.4,queries/tpch/tpch-queries/q13/base.sql,measured,3,5,5,3,0.232,1416.683,7,2,42,3467925,200,27144072,16082,0,orders;customer,26549,0,0,0,0,0,0
2026-08-18T10:11:07Z,A38BF16E22E478B0,18.4,queries/tpch/tpch-queries/q13/v1_materialized.sql,warmup,1,1,1,3,1.131,1489.708,8,3,42,3467967,200,27144744,16082,0,orders;customer;_m,26552,0,0,0,0,0,0
2026-08-18T10:11:09Z,A38BF16E22E478B0,18.4,queries/tpch/tpch-queries/q13/v1_materialized.sql,warmup,2,1,1,3,1.121,1498.540,8,3,42,3467967,200,27144744,16082,0,orders;customer;_m,26552,0,0,0,0,0,0
2026-08-18T10:11:16Z,A38BF16E22E478B0,18.4,queries/tpch/tpch-queries/q13/v1_materialized.sql,measured,1,1,5,3,1.131,1514.187,8,3,42,3467967,200,27144744,16082,0,orders;customer;_m,26552,0,0,0,0,0,0
2026-08-18T10:11:16Z,A38BF16E22E478B0,18.4,queries/tpch/tpch-queries/q13/v1_materialized.sql,measured,1,2,5,3,0.267,1463.554,8,3,42,3467967,200,27144744,16082,0,orders;customer;_m,26549,0,0,0,0,0,0
2026-08-18T10:11:16Z,A38BF16E22E478B0,18.4,queries/tpch/tpch-queries/q13/v1_materialized.sql,measured,1,3,5,3,0.254,1452.736,8,3,42,3467967,200,27144744,16082,0,orders;customer;_m,26549,0,0,0,0,0,0
2026-08-18T10:11:16Z,A38BF16E22E478B0,18.4,queries/tpch/tpch-queries/q13/v1_materialized.sql,measured,1,4,5,3,0.253,1446.445,8,3,42,3467967,200,27144744,16082,0,orders;customer;_m,26549,0,0,0,0,0,0
2026-08-18T10:11:16Z,A38BF16E22E478B0,18.4,queries/tpch/tpch-queries/q13/v1_materialized.sql,measured,1,5,5,3,0.252,1444.663,8,3,42,3467967,200,27144744,16082,0,orders;customer;_m,26549,0,0,0,0,0,0
2026-08-18T10:11:23Z,A38BF16E22E478B0,18.4,queries/tpch/tpch-queries/q13/v1_materialized.sql,measured,2,1,5,3,1.130,1473.246,8,3,42,3467967,200,27144744,16082,0,orders;customer;_m,26552,0,0,0,0,0,0
2026-08-18T10:11:23Z,A38BF16E22E478B0,18.4,queries/tpch/tpch-queries/q13/v1_materialized.sql,measured,2,2,5,3,0.258,1443.982,8,3,42,3467967,200,27144744,16082,0,orders;customer;_m,26549,0,0,0,0,0,0
2026-08-18T10:11:23Z,A38BF16E22E478B0,18.4,queries/tpch/tpch-queries/q13/v1_materialized.sql,measured,2,3,5,3,0.252,1450.048,8,3,42,3467967,200,27144744,16082,0,orders;customer;_m,26549,0,0,0,0,0,0
2026-08-18T10:11:23Z,A38BF16E22E478B0,18.4,queries/tpch/tpch-queries/q13/v1_materialized.sql,measured,2,4,5,3,0.254,1455.789,8,3,42,3467967,200,27144744,16082,0,orders;customer;_m,26549,0,0,0,0,0,0
2026-08-18T10:11:23Z,A38BF16E22E478B0,18.4,queries/tpch/tpch-queries/q13/v1_materialized.sql,measured,2,5,5,3,0.254,1439.402,8,3,42,3467967,200,27144744,16082,0,orders;customer;_m,26549,0,0,0,0,0,0
2026-08-18T10:11:31Z,A38BF16E22E478B0,18.4,queries/tpch/tpch-queries/q13/v1_materialized.sql,measured,3,1,5,3,1.122,1476.996,8,3,42,3467967,200,27144744,16082,0,orders;customer;_m,26552,0,0,0,0,0,0
2026-08-18T10:11:31Z,A38BF16E22E478B0,18.4,queries/tpch/tpch-queries/q13/v1_materialized.sql,measured,3,2,5,3,0.256,1436.991,8,3,42,3467967,200,27144744,16082,0,orders;customer;_m,26549,0,0,0,0,0,0
2026-08-18T10:11:31Z,A38BF16E22E478B0,18.4,queries/tpch/tpch-queries/q13/v1_materialized.sql,measured,3,3,5,3,0.252,1438.829,8,3,42,3467967,200,27144744,16082,0,orders;customer;_m,26549,0,0,0,0,0,0
2026-08-18T10:11:31Z,A38BF16E22E478B0,18.4,queries/tpch/tpch-queries/q13/v1_materialized.sql,measured,3,4,5,3,0.247,1445.572,8,3,42,3467967,200,27144744,16082,0,orders;customer;_m,26549,0,0,0,0,0,0
2026-08-18T10:11:31Z,A38BF16E22E478B0,18.4,queries/tpch/tpch-queries/q13/v1_materialized.sql,measured,3,5,5,3,0.245,1439.072,8,3,42,3467967,200,27144744,16082,0,orders;customer;_m,26549,0,0,0,0,0,0
2026-08-18T10:11:33Z,A38BF16E22E478B0,18.4,queries/tpch/tpch-queries/q13/v2_correlated.sql,warmup,1,1,1,3,0.921,2102.864,7,3,42,3300084,150000,3601344,0,0,customer;orders;idx_orders_cust,1949947,0,0,0,0,0,0
2026-08-18T10:11:35Z,A38BF16E22E478B0,18.4,queries/tpch/tpch-queries/q13/v2_correlated.sql,warmup,2,1,1,3,0.915,2113.681,7,3,42,3300084,150000,3601344,0,0,customer;orders;idx_orders_cust,1949947,0,0,0,0,0,0
2026-08-18T10:11:45Z,A38BF16E22E478B0,18.4,queries/tpch/tpch-queries/q13/v2_correlated.sql,measured,1,1,5,3,0.919,2116.000,7,3,42,3300084,150000,3601344,0,0,customer;orders;idx_orders_cust,1949947,0,0,0,0,0,0
2026-08-18T10:11:45Z,A38BF16E22E478B0,18.4,queries/tpch/tpch-queries/q13/v2_correlated.sql,measured,1,2,5,3,0.152,2002.384,7,3,42,3300084,150000,3601344,0,0,customer;orders;idx_orders_cust,1949944,0,0,0,0,0,0
2026-08-18T10:11:45Z,A38BF16E22E478B0,18.4,queries/tpch/tpch-queries/q13/v2_correlated.sql,measured,1,3,5,3,0.152,2000.682,7,3,42,3300084,150000,3601344,0,0,customer;orders;idx_orders_cust,1949944,0,0,0,0,0,0
2026-08-18T10:11:45Z,A38BF16E22E478B0,18.4,queries/tpch/tpch-queries/q13/v2_correlated.sql,measured,1,4,5,3,0.151,2012.742,7,3,42,3300084,150000,3601344,0,0,customer;orders;idx_orders_cust,1949944,0,0,0,0,0,0
2026-08-18T10:11:45Z,A38BF16E22E478B0,18.4,queries/tpch/tpch-queries/q13/v2_correlated.sql,measured,1,5,5,3,0.161,1998.765,7,3,42,3300084,150000,3601344,0,0,customer;orders;idx_orders_cust,1949944,0,0,0,0,0,0
2026-08-18T10:11:56Z,A38BF16E22E478B0,18.4,queries/tpch/tpch-queries/q13/v2_correlated.sql,measured,2,1,5,3,0.916,2110.237,7,3,42,3300084,150000,3601344,0,0,customer;orders;idx_orders_cust,1949947,0,0,0,0,0,0
2026-08-18T10:11:56Z,A38BF16E22E478B0,18.4,queries/tpch/tpch-queries/q13/v2_correlated.sql,measured,2,2,5,3,0.151,1994.769,7,3,42,3300084,150000,3601344,0,0,customer;orders;idx_orders_cust,1949944,0,0,0,0,0,0
2026-08-18T10:11:56Z,A38BF16E22E478B0,18.4,queries/tpch/tpch-queries/q13/v2_correlated.sql,measured,2,3,5,3,0.150,1994.174,7,3,42,3300084,150000,3601344,0,0,customer;orders;idx_orders_cust,1949944,0,0,0,0,0,0
2026-08-18T10:11:56Z,A38BF16E22E478B0,18.4,queries/tpch/tpch-queries/q13/v2_correlated.sql,measured,2,4,5,3,0.150,2001.424,7,3,42,3300084,150000,3601344,0,0,customer;orders;idx_orders_cust,1949944,0,0,0,0,0,0
2026-08-18T10:11:56Z,A38BF16E22E478B0,18.4,queries/tpch/tpch-queries/q13/v2_correlated.sql,measured,2,5,5,3,0.150,1986.409,7,3,42,3300084,150000,3601344,0,0,customer;orders;idx_orders_cust,1949944,0,0,0,0,0,0
2026-08-18T10:12:06Z,A38BF16E22E478B0,18.4,queries/tpch/tpch-queries/q13/v2_correlated.sql,measured,3,1,5,3,0.914,2115.963,7,3,42,3300084,150000,3601344,0,0,customer;orders;idx_orders_cust,1949947,0,0,0,0,0,0
2026-08-18T10:12:06Z,A38BF16E22E478B0,18.4,queries/tpch/tpch-queries/q13/v2_correlated.sql,measured,3,2,5,3,0.152,2014.756,7,3,42,3300084,150000,3601344,0,0,customer;orders;idx_orders_cust,1949944,0,0,0,0,0,0
2026-08-18T10:12:06Z,A38BF16E22E478B0,18.4,queries/tpch/tpch-queries/q13/v2_correlated.sql,measured,3,3,5,3,0.162,2007.783,7,3,42,3300084,150000,3601344,0,0,customer;orders;idx_orders_cust,1949944,0,0,0,0,0,0
2026-08-18T10:12:06Z,A38BF16E22E478B0,18.4,queries/tpch/tpch-queries/q13/v2_correlated.sql,measured,3,4,5,3,0.154,2015.932,7,3,42,3300084,150000,3601344,0,0,customer;orders;idx_orders_cust,1949944,0,0,0,0,0,0
2026-08-18T10:12:06Z,A38BF16E22E478B0,18.4,queries/tpch/tpch-queries/q13/v2_correlated.sql,measured,3,5,5,3,0.162,2010.606,7,3,42,3300084,150000,3601344,0,0,customer;orders;idx_orders_cust,1949944,0,0,0,0,0,0
2026-08-18T10:12:06Z,A38BF16E22E478B0,18.4,queries/tpch/tpch-queries/q14/base.sql,warmup,1,1,1,3,1.243,143.901,8,3,1,627954,1,13723692,0,4,lineitem;ixtest_lineitem_shipdate;part,45599,68,0,0,0,0,0
2026-08-18T10:12:06Z,A38BF16E22E478B0,18.4,queries/tpch/tpch-queries/q14/base.sql,warmup,2,1,1,3,1.276,142.498,8,3,1,627954,1,13723692,0,4,lineitem;ixtest_lineitem_shipdate;part,45667,0,0,0,0,0,0
2026-08-18T10:12:07Z,A38BF16E22E478B0,18.4,queries/tpch/tpch-queries/q14/base.sql,measured,1,1,5,3,1.415,152.804,8,3,1,627954,1,13723692,0,4,lineitem;ixtest_lineitem_shipdate;part,45667,0,0,0,0,0,0
2026-08-18T10:12:07Z,A38BF16E22E478B0,18.4,queries/tpch/tpch-queries/q14/base.sql,measured,1,2,5,3,0.251,119.233,8,3,1,627954,1,13723692,0,4,lineitem;ixtest_lineitem_shipdate;part,45667,0,0,0,0,0,0
2026-08-18T10:12:07Z,A38BF16E22E478B0,18.4,queries/tpch/tpch-queries/q14/base.sql,measured,1,3,5,3,0.223,116.808,8,3,1,627954,1,13723692,0,4,lineitem;ixtest_lineitem_shipdate;part,45667,0,0,0,0,0,0
2026-08-18T10:12:07Z,A38BF16E22E478B0,18.4,queries/tpch/tpch-queries/q14/base.sql,measured,1,4,5,3,0.219,116.255,8,3,1,627954,1,13723692,0,4,lineitem;ixtest_lineitem_shipdate;part,45667,0,0,0,0,0,0
2026-08-18T10:12:07Z,A38BF16E22E478B0,18.4,queries/tpch/tpch-queries/q14/base.sql,measured,1,5,5,3,0.217,115.475,8,3,1,627954,1,13723692,0,4,lineitem;ixtest_lineitem_shipdate;part,45667,0,0,0,0,0,0
2026-08-18T10:12:08Z,A38BF16E22E478B0,18.4,queries/tpch/tpch-queries/q14/base.sql,measured,2,1,5,3,1.601,218.426,8,3,1,627954,1,13723692,0,4,lineitem;ixtest_lineitem_shipdate;part,45667,0,0,0,0,0,0
2026-08-18T10:12:08Z,A38BF16E22E478B0,18.4,queries/tpch/tpch-queries/q14/base.sql,measured,2,2,5,3,0.254,122.892,8,3,1,627954,1,13723692,0,4,lineitem;ixtest_lineitem_shipdate;part,45667,0,0,0,0,0,0
2026-08-18T10:12:08Z,A38BF16E22E478B0,18.4,queries/tpch/tpch-queries/q14/base.sql,measured,2,3,5,3,0.218,116.602,8,3,1,627954,1,13723692,0,4,lineitem;ixtest_lineitem_shipdate;part,45666,0,0,0,0,0,0
2026-08-18T10:12:08Z,A38BF16E22E478B0,18.4,queries/tpch/tpch-queries/q14/base.sql,measured,2,4,5,3,0.215,119.560,8,3,1,627954,1,13723692,0,4,lineitem;ixtest_lineitem_shipdate;part,45667,0,0,0,0,0,0
2026-08-18T10:12:08Z,A38BF16E22E478B0,18.4,queries/tpch/tpch-queries/q14/base.sql,measured,2,5,5,3,0.217,115.230,8,3,1,627954,1,13723692,0,4,lineitem;ixtest_lineitem_shipdate;part,45667,0,0,0,0,0,0
2026-08-18T10:12:09Z,A38BF16E22E478B0,18.4,queries/tpch/tpch-queries/q14/base.sql,measured,3,1,5,3,1.602,177.322,8,3,1,627954,1,13723692,0,4,lineitem;ixtest_lineitem_shipdate;part,45666,0,0,0,0,0,0
2026-08-18T10:12:09Z,A38BF16E22E478B0,18.4,queries/tpch/tpch-queries/q14/base.sql,measured,3,2,5,3,0.216,124.454,8,3,1,627954,1,13723692,0,4,lineitem;ixtest_lineitem_shipdate;part,45667,0,0,0,0,0,0
2026-08-18T10:12:09Z,A38BF16E22E478B0,18.4,queries/tpch/tpch-queries/q14/base.sql,measured,3,3,5,3,0.217,116.134,8,3,1,627954,1,13723692,0,4,lineitem;ixtest_lineitem_shipdate;part,45667,0,0,0,0,0,0
2026-08-18T10:12:09Z,A38BF16E22E478B0,18.4,queries/tpch/tpch-queries/q14/base.sql,measured,3,4,5,3,0.217,119.249,8,3,1,627954,1,13723692,0,4,lineitem;ixtest_lineitem_shipdate;part,45667,0,0,0,0,0,0
2026-08-18T10:12:09Z,A38BF16E22E478B0,18.4,queries/tpch/tpch-queries/q14/base.sql,measured,3,5,5,3,0.217,114.800,8,3,1,627954,1,13723692,0,4,lineitem;ixtest_lineitem_shipdate;part,45667,0,0,0,0,0,0
2026-08-18T10:12:09Z,A38BF16E22E478B0,18.4,queries/tpch/tpch-queries/q14/v1_materialized.sql,warmup,1,1,1,3,1.835,211.337,9,4,1,627955,1,13723724,0,4,_m;lineitem;ixtest_lineitem_shipdate;part,45667,0,0,0,0,0,0
2026-08-18T10:12:09Z,A38BF16E22E478B0,18.4,queries/tpch/tpch-queries/q14/v1_materialized.sql,warmup,2,1,1,3,1.283,146.103,9,4,1,627955,1,13723724,0,4,_m;lineitem;ixtest_lineitem_shipdate;part,45667,0,0,0,0,0,0
2026-08-18T10:12:10Z,A38BF16E22E478B0,18.4,queries/tpch/tpch-queries/q14/v1_materialized.sql,measured,1,1,5,3,1.844,195.810,9,4,1,627955,1,13723724,0,4,_m;lineitem;ixtest_lineitem_shipdate;part,45667,0,0,0,0,0,0
2026-08-18T10:12:10Z,A38BF16E22E478B0,18.4,queries/tpch/tpch-queries/q14/v1_materialized.sql,measured,1,2,5,3,0.227,118.588,9,4,1,627955,1,13723724,0,4,_m;lineitem;ixtest_lineitem_shipdate;part,45667,0,0,0,0,0,0
2026-08-18T10:12:10Z,A38BF16E22E478B0,18.4,queries/tpch/tpch-queries/q14/v1_materialized.sql,measured,1,3,5,3,0.231,116.389,9,4,1,627955,1,13723724,0,4,_m;lineitem;ixtest_lineitem_shipdate;part,45667,0,0,0,0,0,0
2026-08-18T10:12:10Z,A38BF16E22E478B0,18.4,queries/tpch/tpch-queries/q14/v1_materialized.sql,measured,1,4,5,3,0.230,115.348,9,4,1,627955,1,13723724,0,4,_m;lineitem;ixtest_lineitem_shipdate;part,45667,0,0,0,0,0,0
2026-08-18T10:12:10Z,A38BF16E22E478B0,18.4,queries/tpch/tpch-queries/q14/v1_materialized.sql,measured,1,5,5,3,0.312,116.361,9,4,1,627955,1,13723724,0,4,_m;lineitem;ixtest_lineitem_shipdate;part,45667,0,0,0,0,0,0
2026-08-18T10:12:11Z,A38BF16E22E478B0,18.4,queries/tpch/tpch-queries/q14/v1_materialized.sql,measured,2,1,5,3,1.841,187.801,9,4,1,627955,1,13723724,0,4,_m;lineitem;ixtest_lineitem_shipdate;part,45667,0,0,0,0,0,0
2026-08-18T10:12:11Z,A38BF16E22E478B0,18.4,queries/tpch/tpch-queries/q14/v1_materialized.sql,measured,2,2,5,3,0.229,118.400,9,4,1,627955,1,13723724,0,4,_m;lineitem;ixtest_lineitem_shipdate;part,45666,0,0,0,0,0,0
2026-08-18T10:12:11Z,A38BF16E22E478B0,18.4,queries/tpch/tpch-queries/q14/v1_materialized.sql,measured,2,3,5,3,0.232,122.587,9,4,1,627955,1,13723724,0,4,_m;lineitem;ixtest_lineitem_shipdate;part,45667,0,0,0,0,0,0
2026-08-18T10:12:11Z,A38BF16E22E478B0,18.4,queries/tpch/tpch-queries/q14/v1_materialized.sql,measured,2,4,5,3,0.257,115.762,9,4,1,627955,1,13723724,0,4,_m;lineitem;ixtest_lineitem_shipdate;part,45666,0,0,0,0,0,0
2026-08-18T10:12:11Z,A38BF16E22E478B0,18.4,queries/tpch/tpch-queries/q14/v1_materialized.sql,measured,2,5,5,3,0.231,115.628,9,4,1,627955,1,13723724,0,4,_m;lineitem;ixtest_lineitem_shipdate;part,45667,0,0,0,0,0,0
2026-08-18T10:12:11Z,A38BF16E22E478B0,18.4,queries/tpch/tpch-queries/q14/v1_materialized.sql,measured,3,1,5,3,1.846,197.195,9,4,1,627955,1,13723724,0,4,_m;lineitem;ixtest_lineitem_shipdate;part,45666,0,0,0,0,0,0
2026-08-18T10:12:11Z,A38BF16E22E478B0,18.4,queries/tpch/tpch-queries/q14/v1_materialized.sql,measured,3,2,5,3,0.225,125.833,9,4,1,627955,1,13723724,0,4,_m;lineitem;ixtest_lineitem_shipdate;part,45667,0,0,0,0,0,0
2026-08-18T10:12:11Z,A38BF16E22E478B0,18.4,queries/tpch/tpch-queries/q14/v1_materialized.sql,measured,3,3,5,3,0.233,116.043,9,4,1,627955,1,13723724,0,4,_m;lineitem;ixtest_lineitem_shipdate;part,45667,0,0,0,0,0,0
2026-08-18T10:12:11Z,A38BF16E22E478B0,18.4,queries/tpch/tpch-queries/q14/v1_materialized.sql,measured,3,4,5,3,0.231,120.657,9,4,1,627955,1,13723724,0,4,_m;lineitem;ixtest_lineitem_shipdate;part,45666,0,0,0,0,0,0
2026-08-18T10:12:11Z,A38BF16E22E478B0,18.4,queries/tpch/tpch-queries/q14/v1_materialized.sql,measured,3,5,5,3,0.230,115.165,9,4,1,627955,1,13723724,0,4,_m;lineitem;ixtest_lineitem_shipdate;part,45666,0,0,0,0,0,0
2026-08-18T10:12:12Z,A38BF16E22E478B0,18.4,queries/tpch/tpch-queries/q14/v2_filter.sql,warmup,1,1,1,3,1.595,192.191,8,3,1,627954,1,13723692,0,4,lineitem;ixtest_lineitem_shipdate;part,45667,0,0,0,0,0,0
2026-08-18T10:12:12Z,A38BF16E22E478B0,18.4,queries/tpch/tpch-queries/q14/v2_filter.sql,warmup,2,1,1,3,2.003,171.503,8,3,1,627954,1,13723692,0,4,lineitem;ixtest_lineitem_shipdate;part,45666,0,0,0,0,0,0
2026-08-18T10:12:13Z,A38BF16E22E478B0,18.4,queries/tpch/tpch-queries/q14/v2_filter.sql,measured,1,1,5,3,1.592,163.593,8,3,1,627954,1,13723692,0,4,lineitem;ixtest_lineitem_shipdate;part,45666,0,0,0,0,0,0
2026-08-18T10:12:13Z,A38BF16E22E478B0,18.4,queries/tpch/tpch-queries/q14/v2_filter.sql,measured,1,2,5,3,0.212,121.543,8,3,1,627954,1,13723692,0,4,lineitem;ixtest_lineitem_shipdate;part,45667,0,0,0,0,0,0
2026-08-18T10:12:13Z,A38BF16E22E478B0,18.4,queries/tpch/tpch-queries/q14/v2_filter.sql,measured,1,3,5,3,0.216,117.554,8,3,1,627954,1,13723692,0,4,lineitem;ixtest_lineitem_shipdate;part,45667,0,0,0,0,0,0
2026-08-18T10:12:13Z,A38BF16E22E478B0,18.4,queries/tpch/tpch-queries/q14/v2_filter.sql,measured,1,4,5,3,0.217,115.822,8,3,1,627954,1,13723692,0,4,lineitem;ixtest_lineitem_shipdate;part,45666,0,0,0,0,0,0
2026-08-18T10:12:13Z,A38BF16E22E478B0,18.4,queries/tpch/tpch-queries/q14/v2_filter.sql,measured,1,5,5,3,0.215,114.906,8,3,1,627954,1,13723692,0,4,lineitem;ixtest_lineitem_shipdate;part,45667,0,0,0,0,0,0
2026-08-18T10:12:14Z,A38BF16E22E478B0,18.4,queries/tpch/tpch-queries/q14/v2_filter.sql,measured,2,1,5,3,1.773,234.595,8,3,1,627954,1,13723692,0,4,lineitem;ixtest_lineitem_shipdate;part,45667,0,0,0,0,0,0
2026-08-18T10:12:14Z,A38BF16E22E478B0,18.4,queries/tpch/tpch-queries/q14/v2_filter.sql,measured,2,2,5,3,0.230,123.596,8,3,1,627954,1,13723692,0,4,lineitem;ixtest_lineitem_shipdate;part,45667,0,0,0,0,0,0
2026-08-18T10:12:14Z,A38BF16E22E478B0,18.4,queries/tpch/tpch-queries/q14/v2_filter.sql,measured,2,3,5,3,0.215,117.302,8,3,1,627954,1,13723692,0,4,lineitem;ixtest_lineitem_shipdate;part,45667,0,0,0,0,0,0
2026-08-18T10:12:14Z,A38BF16E22E478B0,18.4,queries/tpch/tpch-queries/q14/v2_filter.sql,measured,2,4,5,3,0.217,115.096,8,3,1,627954,1,13723692,0,4,lineitem;ixtest_lineitem_shipdate;part,45667,0,0,0,0,0,0
2026-08-18T10:12:14Z,A38BF16E22E478B0,18.4,queries/tpch/tpch-queries/q14/v2_filter.sql,measured,2,5,5,3,0.216,115.568,8,3,1,627954,1,13723692,0,4,lineitem;ixtest_lineitem_shipdate;part,45666,0,0,0,0,0,0
2026-08-18T10:12:14Z,A38BF16E22E478B0,18.4,queries/tpch/tpch-queries/q14/v2_filter.sql,measured,3,1,5,3,1.588,189.677,8,3,1,627954,1,13723692,0,4,lineitem;ixtest_lineitem_shipdate;part,45667,0,0,0,0,0,0
2026-08-18T10:12:14Z,A38BF16E22E478B0,18.4,queries/tpch/tpch-queries/q14/v2_filter.sql,measured,3,2,5,3,0.215,119.415,8,3,1,627954,1,13723692,0,4,lineitem;ixtest_lineitem_shipdate;part,45667,0,0,0,0,0,0
2026-08-18T10:12:14Z,A38BF16E22E478B0,18.4,queries/tpch/tpch-queries/q14/v2_filter.sql,measured,3,3,5,3,0.283,116.388,8,3,1,627954,1,13723692,0,4,lineitem;ixtest_lineitem_shipdate;part,45667,0,0,0,0,0,0
2026-08-18T10:12:14Z,A38BF16E22E478B0,18.4,queries/tpch/tpch-queries/q14/v2_filter.sql,measured,3,4,5,3,0.219,114.927,8,3,1,627954,1,13723692,0,4,lineitem;ixtest_lineitem_shipdate;part,45667,0,0,0,0,0,0
2026-08-18T10:12:14Z,A38BF16E22E478B0,18.4,queries/tpch/tpch-queries/q14/v2_filter.sql,measured,3,5,5,3,0.216,114.812,8,3,1,627954,1,13723692,0,4,lineitem;ixtest_lineitem_shipdate;part,45667,0,0,0,0,0,0
2026-08-18T10:12:15Z,A38BF16E22E478B0,18.4,queries/tpch/tpch-queries/q15/base.sql,warmup,1,1,1,3,1.502,291.069,9,5,1,471913,50,4295609,9999,0,lineitem;ixtest_lineitem_shipdate;revenue;supplier,66815,197,0,0,0,0,0
2026-08-18T10:12:15Z,A38BF16E22E478B0,18.4,queries/tpch/tpch-queries/q15/base.sql,warmup,2,1,1,3,1.244,279.593,9,5,1,471913,50,4295609,9999,0,lineitem;ixtest_lineitem_shipdate;revenue;supplier,67012,0,0,0,0,0,0
2026-08-18T10:12:16Z,A38BF16E22E478B0,18.4,queries/tpch/tpch-queries/q15/base.sql,measured,1,1,5,3,1.048,272.947,9,5,1,471913,50,4295609,9999,0,lineitem;ixtest_lineitem_shipdate;revenue;supplier,67012,0,0,0,0,0,0
2026-08-18T10:12:16Z,A38BF16E22E478B0,18.4,queries/tpch/tpch-queries/q15/base.sql,measured,1,2,5,3,0.191,218.508,9,5,1,471913,50,4295609,9999,0,lineitem;ixtest_lineitem_shipdate;revenue;supplier,67009,0,0,0,0,0,0
2026-08-18T10:12:16Z,A38BF16E22E478B0,18.4,queries/tpch/tpch-queries/q15/base.sql,measured,1,3,5,3,0.192,210.477,9,5,1,471913,50,4295609,9999,0,lineitem;ixtest_lineitem_shipdate;revenue;supplier,67009,0,0,0,0,0,0
2026-08-18T10:12:16Z,A38BF16E22E478B0,18.4,queries/tpch/tpch-queries/q15/base.sql,measured,1,4,5,3,0.192,212.041,9,5,1,471913,50,4295609,9999,0,lineitem;ixtest_lineitem_shipdate;revenue;supplier,67009,0,0,0,0,0,0
2026-08-18T10:12:16Z,A38BF16E22E478B0,18.4,queries/tpch/tpch-queries/q15/base.sql,measured,1,5,5,3,0.188,209.955,9,5,1,471913,50,4295609,9999,0,lineitem;ixtest_lineitem_shipdate;revenue;supplier,67009,0,0,0,0,0,0
2026-08-18T10:12:17Z,A38BF16E22E478B0,18.4,queries/tpch/tpch-queries/q15/base.sql,measured,2,1,5,3,1.050,269.158,9,5,1,471913,50,4295609,9999,0,lineitem;ixtest_lineitem_shipdate;revenue;supplier,67012,0,0,0,0,0,0
2026-08-18T10:12:17Z,A38BF16E22E478B0,18.4,queries/tpch/tpch-queries/q15/base.sql,measured,2,2,5,3,0.194,213.941,9,5,1,471913,50,4295609,9999,0,lineitem;ixtest_lineitem_shipdate;revenue;supplier,67009,0,0,0,0,0,0
2026-08-18T10:12:17Z,A38BF16E22E478B0,18.4,queries/tpch/tpch-queries/q15/base.sql,measured,2,3,5,3,0.188,214.226,9,5,1,471913,50,4295609,9999,0,lineitem;ixtest_lineitem_shipdate;revenue;supplier,67009,0,0,0,0,0,0
2026-08-18T10:12:17Z,A38BF16E22E478B0,18.4,queries/tpch/tpch-queries/q15/base.sql,measured,2,4,5,3,0.192,212.522,9,5,1,471913,50,4295609,9999,0,lineitem;ixtest_lineitem_shipdate;revenue;supplier,67009,0,0,0,0,0,0
2026-08-18T10:12:17Z,A38BF16E22E478B0,18.4,queries/tpch/tpch-queries/q15/base.sql,measured,2,5,5,3,0.189,211.634,9,5,1,471913,50,4295609,9999,0,lineitem;ixtest_lineitem_shipdate;revenue;supplier,67009,0,0,0,0,0,0
2026-08-18T10:12:19Z,A38BF16E22E478B0,18.4,queries/tpch/tpch-queries/q15/base.sql,measured,3,1,5,3,1.049,269.198,9,5,1,471913,50,4295609,9999,0,lineitem;ixtest_lineitem_shipdate;revenue;supplier,67012,0,0,0,0,0,0
2026-08-18T10:12:19Z,A38BF16E22E478B0,18.4,queries/tpch/tpch-queries/q15/base.sql,measured,3,2,5,3,0.184,219.300,9,5,1,471913,50,4295609,9999,0,lineitem;ixtest_lineitem_shipdate;revenue;supplier,67009,0,0,0,0,0,0
2026-08-18T10:12:19Z,A38BF16E22E478B0,18.4,queries/tpch/tpch-queries/q15/base.sql,measured,3,3,5,3,0.202,207.344,9,5,1,471913,50,4295609,9999,0,lineitem;ixtest_lineitem_shipdate;revenue;supplier,67009,0,0,0,0,0,0
2026-08-18T10:12:19Z,A38BF16E22E478B0,18.4,queries/tpch/tpch-queries/q15/base.sql,measured,3,4,5,3,0.188,207.892,9,5,1,471913,50,4295609,9999,0,lineitem;ixtest_lineitem_shipdate;revenue;supplier,67009,0,0,0,0,0,0
2026-08-18T10:12:19Z,A38BF16E22E478B0,18.4,queries/tpch/tpch-queries/q15/base.sql,measured,3,5,5,3,0.189,207.847,9,5,1,471913,50,4295609,9999,0,lineitem;ixtest_lineitem_shipdate;revenue;supplier,67009,0,0,0,0,0,0
2026-08-18T10:12:19Z,A38BF16E22E478B0,18.4,queries/tpch/tpch-queries/q15/v1_materialized.sql,warmup,1,1,1,3,1.092,272.784,10,6,1,471914,50,4296110,9999,0,lineitem;ixtest_lineitem_shipdate;revenue;supplier;_m,67012,0,0,0,0,0,0
2026-08-18T10:12:19Z,A38BF16E22E478B0,18.4,queries/tpch/tpch-queries/q15/v1_materialized.sql,warmup,2,1,1,3,1.089,269.057,10,6,1,471914,50,4296110,9999,0,lineitem;ixtest_lineitem_shipdate;revenue;supplier;_m,67012,0,0,0,0,0,0
2026-08-18T10:12:21Z,A38BF16E22E478B0,18.4,queries/tpch/tpch-queries/q15/v1_materialized.sql,measured,1,1,5,3,1.090,271.056,10,6,1,471914,50,4296110,9999,0,lineitem;ixtest_lineitem_shipdate;revenue;supplier;_m,67012,0,0,0,0,0,0
2026-08-18T10:12:21Z,A38BF16E22E478B0,18.4,queries/tpch/tpch-queries/q15/v1_materialized.sql,measured,1,2,5,3,0.196,219.235,10,6,1,471914,50,4296110,9999,0,lineitem;ixtest_lineitem_shipdate;revenue;supplier;_m,67009,0,0,0,0,0,0
2026-08-18T10:12:21Z,A38BF16E22E478B0,18.4,queries/tpch/tpch-queries/q15/v1_materialized.sql,measured,1,3,5,3,0.203,211.530,10,6,1,471914,50,4296110,9999,0,lineitem;ixtest_lineitem_shipdate;revenue;supplier;_m,67009,0,0,0,0,0,0
2026-08-18T10:12:21Z,A38BF16E22E478B0,18.4,queries/tpch/tpch-queries/q15/v1_materialized.sql,measured,1,4,5,3,0.198,214.235,10,6,1,471914,50,4296110,9999,0,lineitem;ixtest_lineitem_shipdate;revenue;supplier;_m,67009,0,0,0,0,0,0
2026-08-18T10:12:21Z,A38BF16E22E478B0,18.4,queries/tpch/tpch-queries/q15/v1_materialized.sql,measured,1,5,5,3,0.216,213.839,10,6,1,471914,50,4296110,9999,0,lineitem;ixtest_lineitem_shipdate;revenue;supplier;_m,67009,0,0,0,0,0,0
2026-08-18T10:12:22Z,A38BF16E22E478B0,18.4,queries/tpch/tpch-queries/q15/v1_materialized.sql,measured,2,1,5,3,1.090,268.800,10,6,1,471914,50,4296110,9999,0,lineitem;ixtest_lineitem_shipdate;revenue;supplier;_m,67012,0,0,0,0,0,0
2026-08-18T10:12:22Z,A38BF16E22E478B0,18.4,queries/tpch/tpch-queries/q15/v1_materialized.sql,measured,2,2,5,3,0.198,210.984,10,6,1,471914,50,4296110,9999,0,lineitem;ixtest_lineitem_shipdate;revenue;supplier;_m,67009,0,0,0,0,0,0
2026-08-18T10:12:22Z,A38BF16E22E478B0,18.4,queries/tpch/tpch-queries/q15/v1_materialized.sql,measured,2,3,5,3,0.209,211.609,10,6,1,471914,50,4296110,9999,0,lineitem;ixtest_lineitem_shipdate;revenue;supplier;_m,67009,0,0,0,0,0,0
2026-08-18T10:12:22Z,A38BF16E22E478B0,18.4,queries/tpch/tpch-queries/q15/v1_materialized.sql,measured,2,4,5,3,0.200,213.112,10,6,1,471914,50,4296110,9999,0,lineitem;ixtest_lineitem_shipdate;revenue;supplier;_m,67009,0,0,0,0,0,0
2026-08-18T10:12:22Z,A38BF16E22E478B0,18.4,queries/tpch/tpch-queries/q15/v1_materialized.sql,measured,2,5,5,3,0.216,206.825,10,6,1,471914,50,4296110,9999,0,lineitem;ixtest_lineitem_shipdate;revenue;supplier;_m,67009,0,0,0,0,0,0
2026-08-18T10:12:23Z,A38BF16E22E478B0,18.4,queries/tpch/tpch-queries/q15/v1_materialized.sql,measured,3,1,5,3,1.086,269.133,10,6,1,471914,50,4296110,9999,0,lineitem;ixtest_lineitem_shipdate;revenue;supplier;_m,67012,0,0,0,0,0,0
2026-08-18T10:12:23Z,A38BF16E22E478B0,18.4,queries/tpch/tpch-queries/q15/v1_materialized.sql,measured,3,2,5,3,0.206,211.286,10,6,1,471914,50,4296110,9999,0,lineitem;ixtest_lineitem_shipdate;revenue;supplier;_m,67009,0,0,0,0,0,0
2026-08-18T10:12:23Z,A38BF16E22E478B0,18.4,queries/tpch/tpch-queries/q15/v1_materialized.sql,measured,3,3,5,3,0.207,207.569,10,6,1,471914,50,4296110,9999,0,lineitem;ixtest_lineitem_shipdate;revenue;supplier;_m,67009,0,0,0,0,0,0
2026-08-18T10:12:23Z,A38BF16E22E478B0,18.4,queries/tpch/tpch-queries/q15/v1_materialized.sql,measured,3,4,5,3,0.195,207.014,10,6,1,471914,50,4296110,9999,0,lineitem;ixtest_lineitem_shipdate;revenue;supplier;_m,67009,0,0,0,0,0,0
2026-08-18T10:12:23Z,A38BF16E22E478B0,18.4,queries/tpch/tpch-queries/q15/v1_materialized.sql,measured,3,5,5,3,0.200,207.937,10,6,1,471914,50,4296110,9999,0,lineitem;ixtest_lineitem_shipdate;revenue;supplier;_m,67009,0,0,0,0,0,0
2026-08-18T10:12:23Z,A38BF16E22E478B0,18.4,queries/tpch/tpch-queries/q16/base.sql,warmup,1,1,1,3,1.496,232.452,10,4,18314,1282128,15815,24568112,10509,4,partsupp;supplier;part;ixtest_part_size,5397,2229,0,0,0,0,0
2026-08-18T10:12:24Z,A38BF16E22E478B0,18.4,queries/tpch/tpch-queries/q16/base.sql,warmup,2,1,1,3,1.199,229.502,10,4,18314,1282128,15815,24568112,10509,4,partsupp;supplier;part;ixtest_part_size,7625,0,0,0,0,0,0
2026-08-18T10:12:25Z,A38BF16E22E478B0,18.4,queries/tpch/tpch-queries/q16/base.sql,measured,1,1,5,3,1.199,232.786,10,4,18314,1282128,15815,24568112,10509,4,partsupp;supplier;part;ixtest_part_size,7626,0,0,0,0,0,0
2026-08-18T10:12:25Z,A38BF16E22E478B0,18.4,queries/tpch/tpch-queries/q16/base.sql,measured,1,2,5,3,0.310,224.821,10,4,18314,1282128,15815,24568112,10509,4,partsupp;supplier;part;ixtest_part_size,7623,0,0,0,0,0,0
2026-08-18T10:12:25Z,A38BF16E22E478B0,18.4,queries/tpch/tpch-queries/q16/base.sql,measured,1,3,5,3,0.303,253.310,10,4,18314,1282128,15815,24568112,10509,4,partsupp;supplier;part;ixtest_part_size,7623,0,0,0,0,0,0
2026-08-18T10:12:25Z,A38BF16E22E478B0,18.4,queries/tpch/tpch-queries/q16/base.sql,measured,1,4,5,3,0.305,235.210,10,4,18314,1282128,15815,24568112,10509,4,partsupp;supplier;part;ixtest_part_size,7622,0,0,0,0,0,0
2026-08-18T10:12:25Z,A38BF16E22E478B0,18.4,queries/tpch/tpch-queries/q16/base.sql,measured,1,5,5,3,0.304,222.430,10,4,18314,1282128,15815,24568112,10509,4,partsupp;supplier;part;ixtest_part_size,7623,0,0,0,0,0,0
2026-08-18T10:12:26Z,A38BF16E22E478B0,18.4,queries/tpch/tpch-queries/q16/base.sql,measured,2,1,5,3,1.334,260.057,10,4,18314,1282128,15815,24568112,10509,4,partsupp;supplier;part;ixtest_part_size,7626,0,0,0,0,0,0
2026-08-18T10:12:26Z,A38BF16E22E478B0,18.4,queries/tpch/tpch-queries/q16/base.sql,measured,2,2,5,3,0.308,224.468,10,4,18314,1282128,15815,24568112,10509,4,partsupp;supplier;part;ixtest_part_size,7622,0,0,0,0,0,0
2026-08-18T10:12:26Z,A38BF16E22E478B0,18.4,queries/tpch/tpch-queries/q16/base.sql,measured,2,3,5,3,0.310,223.416,10,4,18314,1282128,15815,24568112,10509,4,partsupp;supplier;part;ixtest_part_size,7623,0,0,0,0,0,0
2026-08-18T10:12:26Z,A38BF16E22E478B0,18.4,queries/tpch/tpch-queries/q16/base.sql,measured,2,4,5,3,0.315,222.685,10,4,18314,1282128,15815,24568112,10509,4,partsupp;supplier;part;ixtest_part_size,7622,0,0,0,0,0,0
2026-08-18T10:12:26Z,A38BF16E22E478B0,18.4,queries/tpch/tpch-queries/q16/base.sql,measured,2,5,5,3,0.310,222.491,10,4,18314,1282128,15815,24568112,10509,4,partsupp;supplier;part;ixtest_part_size,7623,0,0,0,0,0,0
2026-08-18T10:12:27Z,A38BF16E22E478B0,18.4,queries/tpch/tpch-queries/q16/base.sql,measured,3,1,5,3,1.216,230.962,10,4,18314,1282128,15815,24568112,10509,4,partsupp;supplier;part;ixtest_part_size,7626,0,0,0,0,0,0
2026-08-18T10:12:27Z,A38BF16E22E478B0,18.4,queries/tpch/tpch-queries/q16/base.sql,measured,3,2,5,3,0.313,225.077,10,4,18314,1282128,15815,24568112,10509,4,partsupp;supplier;part;ixtest_part_size,7622,0,0,0,0,0,0
2026-08-18T10:12:27Z,A38BF16E22E478B0,18.4,queries/tpch/tpch-queries/q16/base.sql,measured,3,3,5,3,0.307,223.217,10,4,18314,1282128,15815,24568112,10509,4,partsupp;supplier;part;ixtest_part_size,7623,0,0,0,0,0,0
2026-08-18T10:12:27Z,A38BF16E22E478B0,18.4,queries/tpch/tpch-queries/q16/base.sql,measured,3,4,5,3,0.299,232.740,10,4,18314,1282128,15815,24568112,10509,4,partsupp;supplier;part;ixtest_part_size,7622,0,0,0,0,0,0
2026-08-18T10:12:27Z,A38BF16E22E478B0,18.4,queries/tpch/tpch-queries/q16/base.sql,measured,3,5,5,3,0.301,222.802,10,4,18314,1282128,15815,24568112,10509,4,partsupp;supplier;part;ixtest_part_size,7623,0,0,0,0,0,0
2026-08-18T10:12:28Z,A38BF16E22E478B0,18.4,queries/tpch/tpch-queries/q16/v1_materialized.sql,warmup,1,1,1,3,1.235,230.632,11,5,18314,1300442,15815,28304168,10509,4,partsupp;supplier;part;ixtest_part_size;_m,7625,0,0,0,0,0,0
2026-08-18T10:12:28Z,A38BF16E22E478B0,18.4,queries/tpch/tpch-queries/q16/v1_materialized.sql,warmup,2,1,1,3,1.437,233.021,11,5,18314,1300442,15815,28304168,10509,4,partsupp;supplier;part;ixtest_part_size;_m,7625,0,0,0,0,0,0
2026-08-18T10:12:29Z,A38BF16E22E478B0,18.4,queries/tpch/tpch-queries/q16/v1_materialized.sql,measured,1,1,5,3,1.355,237.751,11,5,18314,1300442,15815,28304168,10509,4,partsupp;supplier;part;ixtest_part_size;_m,7626,0,0,0,0,0,0
2026-08-18T10:12:29Z,A38BF16E22E478B0,18.4,queries/tpch/tpch-queries/q16/v1_materialized.sql,measured,1,2,5,3,0.331,227.583,11,5,18314,1300442,15815,28304168,10509,4,partsupp;supplier;part;ixtest_part_size;_m,7623,0,0,0,0,0,0
2026-08-18T10:12:29Z,A38BF16E22E478B0,18.4,queries/tpch/tpch-queries/q16/v1_materialized.sql,measured,1,3,5,3,0.320,230.814,11,5,18314,1300442,15815,28304168,10509,4,partsupp;supplier;part;ixtest_part_size;_m,7622,0,0,0,0,0,0
2026-08-18T10:12:29Z,A38BF16E22E478B0,18.4,queries/tpch/tpch-queries/q16/v1_materialized.sql,measured,1,4,5,3,0.322,227.950,11,5,18314,1300442,15815,28304168,10509,4,partsupp;supplier;part;ixtest_part_size;_m,7622,0,0,0,0,0,0
2026-08-18T10:12:29Z,A38BF16E22E478B0,18.4,queries/tpch/tpch-queries/q16/v1_materialized.sql,measured,1,5,5,3,0.321,230.098,11,5,18314,1300442,15815,28304168,10509,4,partsupp;supplier;part;ixtest_part_size;_m,7623,0,0,0,0,0,0
2026-08-18T10:12:31Z,A38BF16E22E478B0,18.4,queries/tpch/tpch-queries/q16/v1_materialized.sql,measured,2,1,5,3,1.237,237.356,11,5,18314,1300442,15815,28304168,10509,4,partsupp;supplier;part;ixtest_part_size;_m,7626,0,0,0,0,0,0
2026-08-18T10:12:31Z,A38BF16E22E478B0,18.4,queries/tpch/tpch-queries/q16/v1_materialized.sql,measured,2,2,5,3,0.336,236.642,11,5,18314,1300442,15815,28304168,10509,4,partsupp;supplier;part;ixtest_part_size;_m,7623,0,0,0,0,0,0
2026-08-18T10:12:31Z,A38BF16E22E478B0,18.4,queries/tpch/tpch-queries/q16/v1_materialized.sql,measured,2,3,5,3,0.320,231.098,11,5,18314,1300442,15815,28304168,10509,4,partsupp;supplier;part;ixtest_part_size;_m,7623,0,0,0,0,0,0
2026-08-18T10:12:31Z,A38BF16E22E478B0,18.4,queries/tpch/tpch-queries/q16/v1_materialized.sql,measured,2,4,5,3,0.319,229.014,11,5,18314,1300442,15815,28304168,10509,4,partsupp;supplier;part;ixtest_part_size;_m,7623,0,0,0,0,0,0
2026-08-18T10:12:31Z,A38BF16E22E478B0,18.4,queries/tpch/tpch-queries/q16/v1_materialized.sql,measured,2,5,5,3,0.330,227.800,11,5,18314,1300442,15815,28304168,10509,4,partsupp;supplier;part;ixtest_part_size;_m,7623,0,0,0,0,0,0
2026-08-18T10:12:32Z,A38BF16E22E478B0,18.4,queries/tpch/tpch-queries/q16/v1_materialized.sql,measured,3,1,5,3,1.217,245.149,11,5,18314,1300442,15815,28304168,10509,4,partsupp;supplier;part;ixtest_part_size;_m,7626,0,0,0,0,0,0
2026-08-18T10:12:32Z,A38BF16E22E478B0,18.4,queries/tpch/tpch-queries/q16/v1_materialized.sql,measured,3,2,5,3,0.333,228.907,11,5,18314,1300442,15815,28304168,10509,4,partsupp;supplier;part;ixtest_part_size;_m,7622,0,0,0,0,0,0
2026-08-18T10:12:32Z,A38BF16E22E478B0,18.4,queries/tpch/tpch-queries/q16/v1_materialized.sql,measured,3,3,5,3,0.322,265.730,11,5,18314,1300442,15815,28304168,10509,4,partsupp;supplier;part;ixtest_part_size;_m,7623,0,0,0,0,0,0
2026-08-18T10:12:32Z,A38BF16E22E478B0,18.4,queries/tpch/tpch-queries/q16/v1_materialized.sql,measured,3,4,5,3,0.321,228.692,11,5,18314,1300442,15815,28304168,10509,4,partsupp;supplier;part;ixtest_part_size;_m,7623,0,0,0,0,0,0
2026-08-18T10:12:32Z,A38BF16E22E478B0,18.4,queries/tpch/tpch-queries/q16/v1_materialized.sql,measured,3,5,5,3,0.329,229.594,11,5,18314,1300442,15815,28304168,10509,4,partsupp;supplier;part;ixtest_part_size;_m,7623,0,0,0,0,0,0
2026-08-18T10:12:32Z,A38BF16E22E478B0,18.4,queries/tpch/tpch-queries/q16/v2_not_exists.sql,warmup,1,1,1,3,1.527,217.513,11,4,18314,689523,15815,22667160,10744,2,part;ixtest_part_size;partsupp;supplier,93811,7,0,0,0,0,0
2026-08-18T10:12:32Z,A38BF16E22E478B0,18.4,queries/tpch/tpch-queries/q16/v2_not_exists.sql,warmup,2,1,1,3,1.453,211.915,11,4,18314,689523,15815,22667160,10744,2,part;ixtest_part_size;partsupp;supplier,93818,0,0,0,0,0,0
2026-08-18T10:12:34Z,A38BF16E22E478B0,18.4,queries/tpch/tpch-queries/q16/v2_not_exists.sql,measured,1,1,5,3,1.391,211.472,11,4,18314,689523,15815,22667160,10744,2,part;ixtest_part_size;partsupp;supplier,93818,0,0,0,0,0,0
2026-08-18T10:12:34Z,A38BF16E22E478B0,18.4,queries/tpch/tpch-queries/q16/v2_not_exists.sql,measured,1,2,5,3,0.396,215.719,11,4,18314,689523,15815,22667160,10744,2,part;ixtest_part_size;partsupp;supplier,93815,0,0,0,0,0,0
2026-08-18T10:12:34Z,A38BF16E22E478B0,18.4,queries/tpch/tpch-queries/q16/v2_not_exists.sql,measured,1,3,5,3,0.381,220.031,11,4,18314,689523,15815,22667160,10744,2,part;ixtest_part_size;partsupp;supplier,93815,0,0,0,0,0,0
2026-08-18T10:12:34Z,A38BF16E22E478B0,18.4,queries/tpch/tpch-queries/q16/v2_not_exists.sql,measured,1,4,5,3,0.385,218.285,11,4,18314,689523,15815,22667160,10744,2,part;ixtest_part_size;partsupp;supplier,93815,0,0,0,0,0,0
2026-08-18T10:12:34Z,A38BF16E22E478B0,18.4,queries/tpch/tpch-queries/q16/v2_not_exists.sql,measured,1,5,5,3,0.387,218.728,11,4,18314,689523,15815,22667160,10744,2,part;ixtest_part_size;partsupp;supplier,93815,0,0,0,0,0,0
2026-08-18T10:12:35Z,A38BF16E22E478B0,18.4,queries/tpch/tpch-queries/q16/v2_not_exists.sql,measured,2,1,5,3,1.318,210.762,11,4,18314,689523,15815,22667160,10744,2,part;ixtest_part_size;partsupp;supplier,93818,0,0,0,0,0,0
2026-08-18T10:12:35Z,A38BF16E22E478B0,18.4,queries/tpch/tpch-queries/q16/v2_not_exists.sql,measured,2,2,5,3,0.387,220.246,11,4,18314,689523,15815,22667160,10744,2,part;ixtest_part_size;partsupp;supplier,93815,0,0,0,0,0,0
2026-08-18T10:12:35Z,A38BF16E22E478B0,18.4,queries/tpch/tpch-queries/q16/v2_not_exists.sql,measured,2,3,5,3,0.385,216.264,11,4,18314,689523,15815,22667160,10744,2,part;ixtest_part_size;partsupp;supplier,93815,0,0,0,0,0,0
2026-08-18T10:12:35Z,A38BF16E22E478B0,18.4,queries/tpch/tpch-queries/q16/v2_not_exists.sql,measured,2,4,5,3,0.393,215.918,11,4,18314,689523,15815,22667160,10744,2,part;ixtest_part_size;partsupp;supplier,93815,0,0,0,0,0,0
2026-08-18T10:12:35Z,A38BF16E22E478B0,18.4,queries/tpch/tpch-queries/q16/v2_not_exists.sql,measured,2,5,5,3,0.410,216.260,11,4,18314,689523,15815,22667160,10744,2,part;ixtest_part_size;partsupp;supplier,93815,0,0,0,0,0,0
2026-08-18T10:12:36Z,A38BF16E22E478B0,18.4,queries/tpch/tpch-queries/q16/v2_not_exists.sql,measured,3,1,5,3,1.413,214.782,11,4,18314,689523,15815,22667160,10744,2,part;ixtest_part_size;partsupp;supplier,93818,0,0,0,0,0,0
2026-08-18T10:12:36Z,A38BF16E22E478B0,18.4,queries/tpch/tpch-queries/q16/v2_not_exists.sql,measured,3,2,5,3,0.394,215.194,11,4,18314,689523,15815,22667160,10744,2,part;ixtest_part_size;partsupp;supplier,93815,0,0,0,0,0,0
2026-08-18T10:12:36Z,A38BF16E22E478B0,18.4,queries/tpch/tpch-queries/q16/v2_not_exists.sql,measured,3,3,5,3,0.393,217.361,11,4,18314,689523,15815,22667160,10744,2,part;ixtest_part_size;partsupp;supplier,93815,0,0,0,0,0,0
2026-08-18T10:12:36Z,A38BF16E22E478B0,18.4,queries/tpch/tpch-queries/q16/v2_not_exists.sql,measured,3,4,5,3,0.385,217.004,11,4,18314,689523,15815,22667160,10744,2,part;ixtest_part_size;partsupp;supplier,93815,0,0,0,0,0,0
2026-08-18T10:12:36Z,A38BF16E22E478B0,18.4,queries/tpch/tpch-queries/q16/v2_not_exists.sql,measured,3,5,5,3,0.386,220.254,11,4,18314,689523,15815,22667160,10744,2,part;ixtest_part_size;partsupp;supplier,93815,0,0,0,0,0,0
2026-08-18T10:12:40Z,A38BF16E22E478B0,18.4,queries/tpch/tpch-queries/q17/v2_decorrelate.sql,warmup,1,1,1,3,1.555,4027.592,11,5,1,6215736,1,61232391,27,0,lineitem;part;ixtest_part_container;ixtest_part_brand,119329,183,0,0,0,0,0
2026-08-18T10:12:44Z,A38BF16E22E478B0,18.4,queries/tpch/tpch-queries/q17/v2_decorrelate.sql,warmup,2,1,1,3,1.390,3988.861,11,5,1,6215736,1,61232391,27,0,lineitem;part;ixtest_part_container;ixtest_part_brand,119512,0,0,0,0,0,0
2026-08-18T10:13:04Z,A38BF16E22E478B0,18.4,queries/tpch/tpch-queries/q17/v2_decorrelate.sql,measured,1,1,5,3,1.355,3977.513,11,5,1,6215736,1,61232391,27,0,lineitem;part;ixtest_part_container;ixtest_part_brand,119512,0,0,0,0,0,0
2026-08-18T10:13:04Z,A38BF16E22E478B0,18.4,queries/tpch/tpch-queries/q17/v2_decorrelate.sql,measured,1,2,5,3,0.366,3913.704,11,5,1,6215736,1,61232391,27,0,lineitem;part;ixtest_part_container;ixtest_part_brand,119512,0,0,0,0,0,0
2026-08-18T10:13:04Z,A38BF16E22E478B0,18.4,queries/tpch/tpch-queries/q17/v2_decorrelate.sql,measured,1,3,5,3,0.363,3892.473,11,5,1,6215736,1,61232391,27,0,lineitem;part;ixtest_part_container;ixtest_part_brand,119512,0,0,0,0,0,0
2026-08-18T10:13:04Z,A38BF16E22E478B0,18.4,queries/tpch/tpch-queries/q17/v2_decorrelate.sql,measured,1,4,5,3,0.346,3889.079,11,5,1,6215736,1,61232391,27,0,lineitem;part;ixtest_part_container;ixtest_part_brand,119512,0,0,0,0,0,0
2026-08-18T10:13:04Z,A38BF16E22E478B0,18.4,queries/tpch/tpch-queries/q17/v2_decorrelate.sql,measured,1,5,5,3,0.339,3905.487,11,5,1,6215736,1,61232391,27,0,lineitem;part;ixtest_part_container;ixtest_part_brand,119512,0,0,0,0,0,0
2026-08-18T10:13:23Z,A38BF16E22E478B0,18.4,queries/tpch/tpch-queries/q17/v2_decorrelate.sql,measured,2,1,5,3,1.359,3970.390,11,5,1,6215736,1,61232391,27,0,lineitem;part;ixtest_part_container;ixtest_part_brand,119512,0,0,0,0,0,0
2026-08-18T10:13:23Z,A38BF16E22E478B0,18.4,queries/tpch/tpch-queries/q17/v2_decorrelate.sql,measured,2,2,5,3,0.378,3916.050,11,5,1,6215736,1,61232391,27,0,lineitem;part;ixtest_part_container;ixtest_part_brand,119512,0,0,0,0,0,0
2026-08-18T10:13:23Z,A38BF16E22E478B0,18.4,queries/tpch/tpch-queries/q17/v2_decorrelate.sql,measured,2,3,5,3,0.354,3893.392,11,5,1,6215736,1,61232391,27,0,lineitem;part;ixtest_part_container;ixtest_part_brand,119512,0,0,0,0,0,0
2026-08-18T10:13:23Z,A38BF16E22E478B0,18.4,queries/tpch/tpch-queries/q17/v2_decorrelate.sql,measured,2,4,5,3,0.366,3891.411,11,5,1,6215736,1,61232391,27,0,lineitem;part;ixtest_part_container;ixtest_part_brand,119512,0,0,0,0,0,0
2026-08-18T10:13:23Z,A38BF16E22E478B0,18.4,queries/tpch/tpch-queries/q17/v2_decorrelate.sql,measured,2,5,5,3,0.354,3903.708,11,5,1,6215736,1,61232391,27,0,lineitem;part;ixtest_part_container;ixtest_part_brand,119512,0,0,0,0,0,0
2026-08-18T10:13:43Z,A38BF16E22E478B0,18.4,queries/tpch/tpch-queries/q17/v2_decorrelate.sql,measured,3,1,5,3,1.358,3989.173,11,5,1,6215736,1,61232391,27,0,lineitem;part;ixtest_part_container;ixtest_part_brand,119512,0,0,0,0,0,0
2026-08-18T10:13:43Z,A38BF16E22E478B0,18.4,queries/tpch/tpch-queries/q17/v2_decorrelate.sql,measured,3,2,5,3,0.379,3915.927,11,5,1,6215736,1,61232391,27,0,lineitem;part;ixtest_part_container;ixtest_part_brand,119512,0,0,0,0,0,0
2026-08-18T10:13:43Z,A38BF16E22E478B0,18.4,queries/tpch/tpch-queries/q17/v2_decorrelate.sql,measured,3,3,5,3,0.363,3894.739,11,5,1,6215736,1,61232391,27,0,lineitem;part;ixtest_part_container;ixtest_part_brand,119512,0,0,0,0,0,0
2026-08-18T10:13:43Z,A38BF16E22E478B0,18.4,queries/tpch/tpch-queries/q17/v2_decorrelate.sql,measured,3,4,5,3,0.344,3897.656,11,5,1,6215736,1,61232391,27,0,lineitem;part;ixtest_part_container;ixtest_part_brand,119512,0,0,0,0,0,0
2026-08-18T10:13:43Z,A38BF16E22E478B0,18.4,queries/tpch/tpch-queries/q17/v2_decorrelate.sql,measured,3,5,5,3,0.361,3932.584,11,5,1,6215736,1,61232391,27,0,lineitem;part;ixtest_part_container;ixtest_part_brand,119512,0,0,0,0,0,0
2026-08-18T10:13:48Z,A38BF16E22E478B0,18.4,queries/tpch/tpch-queries/q18/base.sql,warmup,1,1,1,3,1.928,4260.145,15,4,57,25506967,100,246101490,1499943,3,orders;lineitem;customer,477047,0,0,0,82988,145432,0
2026-08-18T10:13:52Z,A38BF16E22E478B0,18.4,queries/tpch/tpch-queries/q18/base.sql,warmup,2,1,1,3,3.198,4321.618,15,4,57,25506967,100,246101490,1499943,3,orders;lineitem;customer,477047,0,0,0,82988,145432,0
2026-08-18T10:14:14Z,A38BF16E22E478B0,18.4,queries/tpch/tpch-queries/q18/base.sql,measured,1,1,5,3,2.501,4315.961,15,4,57,25506967,100,246101490,1499943,3,orders;lineitem;customer,477047,0,0,0,82988,145432,0
2026-08-18T10:14:14Z,A38BF16E22E478B0,18.4,queries/tpch/tpch-queries/q18/base.sql,measured,1,2,5,3,0.794,4361.978,15,4,57,25506967,100,246101490,1499943,3,orders;lineitem;customer,477041,0,0,0,82988,145432,0
2026-08-18T10:14:14Z,A38BF16E22E478B0,18.4,queries/tpch/tpch-queries/q18/base.sql,measured,1,3,5,3,1.376,4490.787,15,4,57,25506967,100,246101490,1499943,3,orders;lineitem;customer,477041,0,0,0,82988,145432,0
2026-08-18T10:14:14Z,A38BF16E22E478B0,18.4,queries/tpch/tpch-queries/q18/base.sql,measured,1,4,5,3,0.817,4591.759,15,4,57,25506967,100,246101490,1499943,3,orders;lineitem;customer,477041,0,0,0,82988,145432,0
2026-08-18T10:14:14Z,A38BF16E22E478B0,18.4,queries/tpch/tpch-queries/q18/base.sql,measured,1,5,5,3,0.814,4659.409,15,4,57,25506967,100,246101490,1499943,3,orders;lineitem;customer,477041,0,0,0,82988,145432,0
2026-08-18T10:14:39Z,A38BF16E22E478B0,18.4,queries/tpch/tpch-queries/q18/base.sql,measured,2,1,5,3,3.153,4776.133,15,4,57,25506967,100,246101490,1499943,3,orders;lineitem;customer,477047,0,0,0,82988,145432,0
2026-08-18T10:14:39Z,A38BF16E22E478B0,18.4,queries/tpch/tpch-queries/q18/base.sql,measured,2,2,5,3,0.795,4838.039,15,4,57,25506967,100,246101490,1499943,3,orders;lineitem;customer,477041,0,0,0,82988,145432,0
2026-08-18T10:14:39Z,A38BF16E22E478B0,18.4,queries/tpch/tpch-queries/q18/base.sql,measured,2,3,5,3,0.861,4934.260,15,4,57,25506967,100,246101490,1499943,3,orders;lineitem;customer,477041,0,0,0,82988,145432,0
2026-08-18T10:14:39Z,A38BF16E22E478B0,18.4,queries/tpch/tpch-queries/q18/base.sql,measured,2,4,5,3,0.829,4930.499,15,4,57,25506967,100,246101490,1499943,3,orders;lineitem;customer,477041,0,0,0,82988,145432,0
2026-08-18T10:14:39Z,A38BF16E22E478B0,18.4,queries/tpch/tpch-queries/q18/base.sql,measured,2,5,5,3,1.215,4930.728,15,4,57,25506967,100,246101490,1499943,3,orders;lineitem;customer,477041,0,0,0,82988,145432,0
2026-08-18T10:15:04Z,A38BF16E22E478B0,18.4,queries/tpch/tpch-queries/q18/base.sql,measured,3,1,5,3,3.496,4952.517,15,4,57,25506967,100,246101490,1499943,3,orders;lineitem;customer,477047,0,0,0,82988,145432,0
2026-08-18T10:15:04Z,A38BF16E22E478B0,18.4,queries/tpch/tpch-queries/q18/base.sql,measured,3,2,5,3,0.812,4909.929,15,4,57,25506967,100,246101490,1499943,3,orders;lineitem;customer,477041,0,0,0,82988,145432,0
2026-08-18T10:15:04Z,A38BF16E22E478B0,18.4,queries/tpch/tpch-queries/q18/base.sql,measured,3,3,5,3,0.845,4913.267,15,4,57,25506967,100,246101490,1499943,3,orders;lineitem;customer,477041,0,0,0,82988,145432,0
2026-08-18T10:15:04Z,A38BF16E22E478B0,18.4,queries/tpch/tpch-queries/q18/base.sql,measured,3,4,5,3,0.806,4898.999,15,4,57,25506967,100,246101490,1499943,3,orders;lineitem;customer,477041,0,0,0,82988,145432,0
2026-08-18T10:15:04Z,A38BF16E22E478B0,18.4,queries/tpch/tpch-queries/q18/base.sql,measured,3,5,5,3,0.836,4896.561,15,4,57,25506967,100,246101490,1499943,3,orders;lineitem;customer,477041,0,0,0,82988,145432,0
2026-08-18T10:15:09Z,A38BF16E22E478B0,18.4,queries/tpch/tpch-queries/q18/v1_materialized.sql,warmup,1,1,1,3,3.175,4993.276,15,5,57,25807190,100,253021656,1499943,3,orders;lineitem;customer;_m,480377,0,0,0,82988,145432,0
2026-08-18T10:15:14Z,A38BF16E22E478B0,18.4,queries/tpch/tpch-queries/q18/v1_materialized.sql,warmup,2,1,1,3,2.207,4994.336,15,5,57,25807190,100,253021656,1499943,3,orders;lineitem;customer;_m,480377,0,0,0,82988,145432,0
2026-08-18T10:15:39Z,A38BF16E22E478B0,18.4,queries/tpch/tpch-queries/q18/v1_materialized.sql,measured,1,1,5,3,2.359,4998.746,15,5,57,25807190,100,253021656,1499943,3,orders;lineitem;customer;_m,480377,0,0,0,82988,145432,0
2026-08-18T10:15:39Z,A38BF16E22E478B0,18.4,queries/tpch/tpch-queries/q18/v1_materialized.sql,measured,1,2,5,3,0.642,4918.949,15,5,57,25807190,100,253021656,1499943,3,orders;lineitem;customer;_m,480370,0,0,0,82988,145432,0
2026-08-18T10:15:39Z,A38BF16E22E478B0,18.4,queries/tpch/tpch-queries/q18/v1_materialized.sql,measured,1,3,5,3,0.655,4900.349,15,5,57,25807190,100,253021656,1499943,3,orders;lineitem;customer;_m,480371,0,0,0,82988,145432,0
2026-08-18T10:15:39Z,A38BF16E22E478B0,18.4,queries/tpch/tpch-queries/q18/v1_materialized.sql,measured,1,4,5,3,0.659,4940.669,15,5,57,25807190,100,253021656,1499943,3,orders;lineitem;customer;_m,480370,0,0,0,82988,145432,0
2026-08-18T10:15:39Z,A38BF16E22E478B0,18.4,queries/tpch/tpch-queries/q18/v1_materialized.sql,measured,1,5,5,3,0.644,4953.396,15,5,57,25807190,100,253021656,1499943,3,orders;lineitem;customer;_m,480371,0,0,0,82988,145432,0
2026-08-18T10:16:03Z,A38BF16E22E478B0,18.4,queries/tpch/tpch-queries/q18/v1_materialized.sql,measured,2,1,5,3,3.783,4991.540,15,5,57,25807190,100,253021656,1499943,3,orders;lineitem;customer;_m,480377,0,0,0,82988,145432,0
2026-08-18T10:16:03Z,A38BF16E22E478B0,18.4,queries/tpch/tpch-queries/q18/v1_materialized.sql,measured,2,2,5,3,0.648,4922.078,15,5,57,25807190,100,253021656,1499943,3,orders;lineitem;customer;_m,480371,0,0,0,82988,145432,0
2026-08-18T10:16:03Z,A38BF16E22E478B0,18.4,queries/tpch/tpch-queries/q18/v1_materialized.sql,measured,2,3,5,3,0.667,4929.155,15,5,57,25807190,100,253021656,1499943,3,orders;lineitem;customer;_m,480371,0,0,0,82988,145432,0
2026-08-18T10:16:03Z,A38BF16E22E478B0,18.4,queries/tpch/tpch-queries/q18/v1_materialized.sql,measured,2,4,5,3,0.647,4908.337,15,5,57,25807190,100,253021656,1499943,3,orders;lineitem;customer;_m,480371,0,0,0,82988,145432,0
2026-08-18T10:16:03Z,A38BF16E22E478B0,18.4,queries/tpch/tpch-queries/q18/v1_materialized.sql,measured,2,5,5,3,1.226,4924.167,15,5,57,25807190,100,253021656,1499943,3,orders;lineitem;customer;_m,480371,0,0,0,82988,145432,0
2026-08-18T10:16:28Z,A38BF16E22E478B0,18.4,queries/tpch/tpch-queries/q18/v1_materialized.sql,measured,3,1,5,3,2.767,5021.468,15,5,57,25807190,100,253021656,1499943,3,orders;lineitem;customer;_m,480377,0,0,0,82988,145432,0
2026-08-18T10:16:28Z,A38BF16E22E478B0,18.4,queries/tpch/tpch-queries/q18/v1_materialized.sql,measured,3,2,5,3,0.735,4965.035,15,5,57,25807190,100,253021656,1499943,3,orders;lineitem;customer;_m,480371,0,0,0,82988,145432,0
2026-08-18T10:16:28Z,A38BF16E22E478B0,18.4,queries/tpch/tpch-queries/q18/v1_materialized.sql,measured,3,3,5,3,0.649,4957.222,15,5,57,25807190,100,253021656,1499943,3,orders;lineitem;customer;_m,480370,0,0,0,82988,145432,0
2026-08-18T10:16:28Z,A38BF16E22E478B0,18.4,queries/tpch/tpch-queries/q18/v1_materialized.sql,measured,3,4,5,3,0.670,4960.505,15,5,57,25807190,100,253021656,1499943,3,orders;lineitem;customer;_m,480370,0,0,0,82988,145432,0
2026-08-18T10:16:28Z,A38BF16E22E478B0,18.4,queries/tpch/tpch-queries/q18/v1_materialized.sql,measured,3,5,5,3,0.647,4944.391,15,5,57,25807190,100,253021656,1499943,3,orders;lineitem;customer;_m,480370,0,0,0,82988,145432,0
2026-08-18T10:16:34Z,A38BF16E22E478B0,18.4,queries/tpch/tpch-queries/q18/v2_join.sql,warmup,1,1,1,3,2.784,5019.556,15,4,57,25506967,100,246101490,1499943,3,orders;lineitem;customer,477047,0,0,0,82988,145432,0
2026-08-18T10:16:39Z,A38BF16E22E478B0,18.4,queries/tpch/tpch-queries/q18/v2_join.sql,warmup,2,1,1,3,3.871,4975.444,15,4,57,25506967,100,246101490,1499943,3,orders;lineitem;customer,477047,0,0,0,82988,145432,0
2026-08-18T10:17:04Z,A38BF16E22E478B0,18.4,queries/tpch/tpch-queries/q18/v2_join.sql,measured,1,1,5,3,2.396,4982.551,15,4,57,25506967,100,246101490,1499943,3,orders;lineitem;customer,477047,0,0,0,82988,145432,0
2026-08-18T10:17:04Z,A38BF16E22E478B0,18.4,queries/tpch/tpch-queries/q18/v2_join.sql,measured,1,2,5,3,0.831,4932.828,15,4,57,25506967,100,246101490,1499943,3,orders;lineitem;customer,477041,0,0,0,82988,145432,0
2026-08-18T10:17:04Z,A38BF16E22E478B0,18.4,queries/tpch/tpch-queries/q18/v2_join.sql,measured,1,3,5,3,0.863,4942.455,15,4,57,25506967,100,246101490,1499943,3,orders;lineitem;customer,477041,0,0,0,82988,145432,0
2026-08-18T10:17:04Z,A38BF16E22E478B0,18.4,queries/tpch/tpch-queries/q18/v2_join.sql,measured,1,4,5,3,0.822,4957.160,15,4,57,25506967,100,246101490,1499943,3,orders;lineitem;customer,477041,0,0,0,82988,145432,0
2026-08-18T10:17:04Z,A38BF16E22E478B0,18.4,queries/tpch/tpch-queries/q18/v2_join.sql,measured,1,5,5,3,0.832,4959.455,15,4,57,25506967,100,246101490,1499943,3,orders;lineitem;customer,477041,0,0,0,82988,145432,0
2026-08-18T10:17:28Z,A38BF16E22E478B0,18.4,queries/tpch/tpch-queries/q18/v2_join.sql,measured,2,1,5,3,3.428,4994.274,15,4,57,25506967,100,246101490,1499943,3,orders;lineitem;customer,477047,0,0,0,82988,145432,0
2026-08-18T10:17:28Z,A38BF16E22E478B0,18.4,queries/tpch/tpch-queries/q18/v2_join.sql,measured,2,2,5,3,0.824,4958.109,15,4,57,25506967,100,246101490,1499943,3,orders;lineitem;customer,477041,0,0,0,82988,145432,0
2026-08-18T10:17:28Z,A38BF16E22E478B0,18.4,queries/tpch/tpch-queries/q18/v2_join.sql,measured,2,3,5,3,0.848,4976.591,15,4,57,25506967,100,246101490,1499943,3,orders;lineitem;customer,477041,0,0,0,82988,145432,0
2026-08-18T10:17:28Z,A38BF16E22E478B0,18.4,queries/tpch/tpch-queries/q18/v2_join.sql,measured,2,4,5,3,0.846,4952.634,15,4,57,25506967,100,246101490,1499943,3,orders;lineitem;customer,477041,0,0,0,82988,145432,0
2026-08-18T10:17:28Z,A38BF16E22E478B0,18.4,queries/tpch/tpch-queries/q18/v2_join.sql,measured,2,5,5,3,0.855,4948.273,15,4,57,25506967,100,246101490,1499943,3,orders;lineitem;customer,477041,0,0,0,82988,145432,0
2026-08-18T10:17:53Z,A38BF16E22E478B0,18.4,queries/tpch/tpch-queries/q18/v2_join.sql,measured,3,1,5,3,3.626,4995.048,15,4,57,25506967,100,246101490,1499943,3,orders;lineitem;customer,477047,0,0,0,82988,145432,0
2026-08-18T10:17:53Z,A38BF16E22E478B0,18.4,queries/tpch/tpch-queries/q18/v2_join.sql,measured,3,2,5,3,0.807,4947.100,15,4,57,25506967,100,246101490,1499943,3,orders;lineitem;customer,477041,0,0,0,82988,145432,0
2026-08-18T10:17:53Z,A38BF16E22E478B0,18.4,queries/tpch/tpch-queries/q18/v2_join.sql,measured,3,3,5,3,0.797,4963.791,15,4,57,25506967,100,246101490,1499943,3,orders;lineitem;customer,477041,0,0,0,82988,145432,0
2026-08-18T10:17:53Z,A38BF16E22E478B0,18.4,queries/tpch/tpch-queries/q18/v2_join.sql,measured,3,4,5,3,0.807,4920.116,15,4,57,25506967,100,246101490,1499943,3,orders;lineitem;customer,477041,0,0,0,82988,145432,0
2026-08-18T10:17:53Z,A38BF16E22E478B0,18.4,queries/tpch/tpch-queries/q18/v2_join.sql,measured,3,5,5,3,0.847,4927.136,15,4,57,25506967,100,246101490,1499943,3,orders;lineitem;customer,477041,0,0,0,82988,145432,0
2026-08-18T10:17:54Z,A38BF16E22E478B0,18.4,queries/tpch/tpch-queries/q19/base.sql,warmup,1,1,1,3,2.640,62.677,6,2,1,610,1,16154,66534,2,part;lineitem,19555,327,0,0,0,0,0
2026-08-18T10:17:54Z,A38BF16E22E478B0,18.4,queries/tpch/tpch-queries/q19/base.sql,warmup,2,1,1,3,1.481,41.404,6,2,1,610,1,16154,66534,2,part;lineitem,19882,0,0,0,0,0,0
2026-08-18T10:17:54Z,A38BF16E22E478B0,18.4,queries/tpch/tpch-queries/q19/base.sql,measured,1,1,5,3,1.477,41.095,6,2,1,610,1,16154,66534,2,part;lineitem,19882,0,0,0,0,0,0
2026-08-18T10:17:54Z,A38BF16E22E478B0,18.4,queries/tpch/tpch-queries/q19/base.sql,measured,1,2,5,3,0.367,36.024,6,2,1,610,1,16154,66534,2,part;lineitem,19882,0,0,0,0,0,0
2026-08-18T10:17:54Z,A38BF16E22E478B0,18.4,queries/tpch/tpch-queries/q19/base.sql,measured,1,3,5,3,0.366,33.245,6,2,1,610,1,16154,66534,2,part;lineitem,19882,0,0,0,0,0,0
2026-08-18T10:17:54Z,A38BF16E22E478B0,18.4,queries/tpch/tpch-queries/q19/base.sql,measured,1,4,5,3,0.365,32.929,6,2,1,610,1,16154,66534,2,part;lineitem,19882,0,0,0,0,0,0
2026-08-18T10:17:54Z,A38BF16E22E478B0,18.4,queries/tpch/tpch-queries/q19/base.sql,measured,1,5,5,3,0.364,32.143,6,2,1,610,1,16154,66534,2,part;lineitem,19882,0,0,0,0,0,0
2026-08-18T10:17:54Z,A38BF16E22E478B0,18.4,queries/tpch/tpch-queries/q19/base.sql,measured,2,1,5,3,1.503,42.091,6,2,1,610,1,16154,66534,2,part;lineitem,19882,0,0,0,0,0,0
2026-08-18T10:17:54Z,A38BF16E22E478B0,18.4,queries/tpch/tpch-queries/q19/base.sql,measured,2,2,5,3,0.368,36.410,6,2,1,610,1,16154,66534,2,part;lineitem,19882,0,0,0,0,0,0
2026-08-18T10:17:54Z,A38BF16E22E478B0,18.4,queries/tpch/tpch-queries/q19/base.sql,measured,2,3,5,3,0.375,33.645,6,2,1,610,1,16154,66534,2,part;lineitem,19882,0,0,0,0,0,0
2026-08-18T10:17:54Z,A38BF16E22E478B0,18.4,queries/tpch/tpch-queries/q19/base.sql,measured,2,4,5,3,0.366,33.315,6,2,1,610,1,16154,66534,2,part;lineitem,19882,0,0,0,0,0,0
2026-08-18T10:17:54Z,A38BF16E22E478B0,18.4,queries/tpch/tpch-queries/q19/base.sql,measured,2,5,5,3,0.389,31.834,6,2,1,610,1,16154,66534,2,part;lineitem,19882,0,0,0,0,0,0
2026-08-18T10:17:54Z,A38BF16E22E478B0,18.4,queries/tpch/tpch-queries/q19/base.sql,measured,3,1,5,3,1.484,41.400,6,2,1,610,1,16154,66534,2,part;lineitem,19882,0,0,0,0,0,0
2026-08-18T10:17:54Z,A38BF16E22E478B0,18.4,queries/tpch/tpch-queries/q19/base.sql,measured,3,2,5,3,0.367,36.058,6,2,1,610,1,16154,66534,2,part;lineitem,19882,0,0,0,0,0,0
2026-08-18T10:17:54Z,A38BF16E22E478B0,18.4,queries/tpch/tpch-queries/q19/base.sql,measured,3,3,5,3,0.366,33.607,6,2,1,610,1,16154,66534,2,part;lineitem,19882,0,0,0,0,0,0
2026-08-18T10:17:54Z,A38BF16E22E478B0,18.4,queries/tpch/tpch-queries/q19/base.sql,measured,3,4,5,3,0.371,32.983,6,2,1,610,1,16154,66534,2,part;lineitem,19882,0,0,0,0,0,0
2026-08-18T10:17:54Z,A38BF16E22E478B0,18.4,queries/tpch/tpch-queries/q19/base.sql,measured,3,5,5,3,0.367,31.894,6,2,1,610,1,16154,66534,2,part;lineitem,19882,0,0,0,0,0,0
2026-08-18T10:17:55Z,A38BF16E22E478B0,18.4,queries/tpch/tpch-queries/q19/v1_materialized.sql,warmup,1,1,1,3,1.532,42.154,7,3,1,611,1,16186,66534,2,_m;part;lineitem,19882,0,0,0,0,0,0
2026-08-18T10:17:55Z,A38BF16E22E478B0,18.4,queries/tpch/tpch-queries/q19/v1_materialized.sql,warmup,2,1,1,3,1.503,41.629,7,3,1,611,1,16186,66534,2,_m;part;lineitem,19882,0,0,0,0,0,0
2026-08-18T10:17:55Z,A38BF16E22E478B0,18.4,queries/tpch/tpch-queries/q19/v1_materialized.sql,measured,1,1,5,3,1.512,41.445,7,3,1,611,1,16186,66534,2,_m;part;lineitem,19882,0,0,0,0,0,0
2026-08-18T10:17:55Z,A38BF16E22E478B0,18.4,queries/tpch/tpch-queries/q19/v1_materialized.sql,measured,1,2,5,3,0.392,36.418,7,3,1,611,1,16186,66534,2,_m;part;lineitem,19882,0,0,0,0,0,0
2026-08-18T10:17:55Z,A38BF16E22E478B0,18.4,queries/tpch/tpch-queries/q19/v1_materialized.sql,measured,1,3,5,3,0.394,33.495,7,3,1,611,1,16186,66534,2,_m;part;lineitem,19882,0,0,0,0,0,0
2026-08-18T10:17:55Z,A38BF16E22E478B0,18.4,queries/tpch/tpch-queries/q19/v1_materialized.sql,measured,1,4,5,3,0.385,32.784,7,3,1,611,1,16186,66534,2,_m;part;lineitem,19882,0,0,0,0,0,0
2026-08-18T10:17:55Z,A38BF16E22E478B0,18.4,queries/tpch/tpch-queries/q19/v1_materialized.sql,measured,1,5,5,3,0.396,32.101,7,3,1,611,1,16186,66534,2,_m;part;lineitem,19882,0,0,0,0,0,0
2026-08-18T10:17:55Z,A38BF16E22E478B0,18.4,queries/tpch/tpch-queries/q19/v1_materialized.sql,measured,2,1,5,3,1.823,46.206,7,3,1,611,1,16186,66534,2,_m;part;lineitem,19882,0,0,0,0,0,0
2026-08-18T10:17:55Z,A38BF16E22E478B0,18.4,queries/tpch/tpch-queries/q19/v1_materialized.sql,measured,2,2,5,3,0.393,36.347,7,3,1,611,1,16186,66534,2,_m;part;lineitem,19882,0,0,0,0,0,0
2026-08-18T10:17:55Z,A38BF16E22E478B0,18.4,queries/tpch/tpch-queries/q19/v1_materialized.sql,measured,2,3,5,3,0.397,34.217,7,3,1,611,1,16186,66534,2,_m;part;lineitem,19882,0,0,0,0,0,0
2026-08-18T10:17:55Z,A38BF16E22E478B0,18.4,queries/tpch/tpch-queries/q19/v1_materialized.sql,measured,2,4,5,3,0.387,32.723,7,3,1,611,1,16186,66534,2,_m;part;lineitem,19882,0,0,0,0,0,0
2026-08-18T10:17:55Z,A38BF16E22E478B0,18.4,queries/tpch/tpch-queries/q19/v1_materialized.sql,measured,2,5,5,3,0.392,32.924,7,3,1,611,1,16186,66534,2,_m;part;lineitem,19882,0,0,0,0,0,0
2026-08-18T10:17:55Z,A38BF16E22E478B0,18.4,queries/tpch/tpch-queries/q19/v1_materialized.sql,measured,3,1,5,3,1.845,48.904,7,3,1,611,1,16186,66534,2,_m;part;lineitem,19882,0,0,0,0,0,0
2026-08-18T10:17:55Z,A38BF16E22E478B0,18.4,queries/tpch/tpch-queries/q19/v1_materialized.sql,measured,3,2,5,3,0.410,37.238,7,3,1,611,1,16186,66534,2,_m;part;lineitem,19882,0,0,0,0,0,0
2026-08-18T10:17:55Z,A38BF16E22E478B0,18.4,queries/tpch/tpch-queries/q19/v1_materialized.sql,measured,3,3,5,3,0.395,34.837,7,3,1,611,1,16186,66534,2,_m;part;lineitem,19882,0,0,0,0,0,0
2026-08-18T10:17:55Z,A38BF16E22E478B0,18.4,queries/tpch/tpch-queries/q19/v1_materialized.sql,measured,3,4,5,3,0.390,33.302,7,3,1,611,1,16186,66534,2,_m;part;lineitem,19882,0,0,0,0,0,0
2026-08-18T10:17:55Z,A38BF16E22E478B0,18.4,queries/tpch/tpch-queries/q19/v1_materialized.sql,measured,3,5,5,3,0.387,33.169,7,3,1,611,1,16186,66534,2,_m;part;lineitem,19882,0,0,0,0,0,0
2026-08-18T10:17:56Z,A38BF16E22E478B0,18.4,queries/tpch/tpch-queries/q19/v2_union_all.sql,warmup,1,1,1,3,2.207,58.033,13,6,1,729,1,9804,366507,2,part;lineitem,28138,0,0,0,0,0,0
2026-08-18T10:17:56Z,A38BF16E22E478B0,18.4,queries/tpch/tpch-queries/q19/v2_union_all.sql,warmup,2,1,1,3,1.820,50.564,13,6,1,729,1,9804,366507,2,part;lineitem,28138,0,0,0,0,0,0
2026-08-18T10:17:56Z,A38BF16E22E478B0,18.4,queries/tpch/tpch-queries/q19/v2_union_all.sql,measured,1,1,5,3,1.827,50.633,13,6,1,729,1,9804,366507,2,part;lineitem,28138,0,0,0,0,0,0
2026-08-18T10:17:56Z,A38BF16E22E478B0,18.4,queries/tpch/tpch-queries/q19/v2_union_all.sql,measured,1,2,5,3,0.609,45.472,13,6,1,729,1,9804,366507,2,part;lineitem,28138,0,0,0,0,0,0
2026-08-18T10:17:56Z,A38BF16E22E478B0,18.4,queries/tpch/tpch-queries/q19/v2_union_all.sql,measured,1,3,5,3,0.594,45.355,13,6,1,729,1,9804,366507,2,part;lineitem,28138,0,0,0,0,0,0
2026-08-18T10:17:56Z,A38BF16E22E478B0,18.4,queries/tpch/tpch-queries/q19/v2_union_all.sql,measured,1,4,5,3,0.615,44.812,13,6,1,729,1,9804,366507,2,part;lineitem,28138,0,0,0,0,0,0
2026-08-18T10:17:56Z,A38BF16E22E478B0,18.4,queries/tpch/tpch-queries/q19/v2_union_all.sql,measured,1,5,5,3,0.600,43.847,13,6,1,729,1,9804,366507,2,part;lineitem,28138,0,0,0,0,0,0
2026-08-18T10:17:56Z,A38BF16E22E478B0,18.4,queries/tpch/tpch-queries/q19/v2_union_all.sql,measured,2,1,5,3,2.082,54.423,13,6,1,729,1,9804,366507,2,part;lineitem,28138,0,0,0,0,0,0
2026-08-18T10:17:56Z,A38BF16E22E478B0,18.4,queries/tpch/tpch-queries/q19/v2_union_all.sql,measured,2,2,5,3,0.625,46.347,13,6,1,729,1,9804,366507,2,part;lineitem,28138,0,0,0,0,0,0
2026-08-18T10:17:56Z,A38BF16E22E478B0,18.4,queries/tpch/tpch-queries/q19/v2_union_all.sql,measured,2,3,5,3,0.602,45.423,13,6,1,729,1,9804,366507,2,part;lineitem,28138,0,0,0,0,0,0
2026-08-18T10:17:56Z,A38BF16E22E478B0,18.4,queries/tpch/tpch-queries/q19/v2_union_all.sql,measured,2,4,5,3,0.596,45.012,13,6,1,729,1,9804,366507,2,part;lineitem,28138,0,0,0,0,0,0
2026-08-18T10:17:56Z,A38BF16E22E478B0,18.4,queries/tpch/tpch-queries/q19/v2_union_all.sql,measured,2,5,5,3,0.605,44.691,13,6,1,729,1,9804,366507,2,part;lineitem,28138,0,0,0,0,0,0
2026-08-18T10:17:57Z,A38BF16E22E478B0,18.4,queries/tpch/tpch-queries/q19/v2_union_all.sql,measured,3,1,5,3,1.808,50.798,13,6,1,729,1,9804,366507,2,part;lineitem,28138,0,0,0,0,0,0
2026-08-18T10:17:57Z,A38BF16E22E478B0,18.4,queries/tpch/tpch-queries/q19/v2_union_all.sql,measured,3,2,5,3,0.621,45.087,13,6,1,729,1,9804,366507,2,part;lineitem,28138,0,0,0,0,0,0
2026-08-18T10:17:57Z,A38BF16E22E478B0,18.4,queries/tpch/tpch-queries/q19/v2_union_all.sql,measured,3,3,5,3,0.609,46.317,13,6,1,729,1,9804,366507,2,part;lineitem,28138,0,0,0,0,0,0
2026-08-18T10:17:57Z,A38BF16E22E478B0,18.4,queries/tpch/tpch-queries/q19/v2_union_all.sql,measured,3,4,5,3,0.645,44.405,13,6,1,729,1,9804,366507,2,part;lineitem,28138,0,0,0,0,0,0
2026-08-18T10:17:57Z,A38BF16E22E478B0,18.4,queries/tpch/tpch-queries/q19/v2_union_all.sql,measured,3,5,5,3,0.628,44.774,13,6,1,729,1,9804,366507,2,part;lineitem,28138,0,0,0,0,0,0
2026-08-18T10:17:57Z,A38BF16E22E478B0,18.4,queries/tpch/tpch-queries/q21/base.sql,warmup,1,1,1,3,3.045,489.157,17,6,100,2749940,1,55616028,192893,3,orders;nation;supplier;lineitem,1350578,465,0,0,0,0,0
2026-08-18T10:17:58Z,A38BF16E22E478B0,18.4,queries/tpch/tpch-queries/q21/base.sql,warmup,2,1,1,3,3.908,492.808,17,6,100,2749940,1,55616028,192893,3,orders;nation;supplier;lineitem,1351043,0,0,0,0,0,0
2026-08-18T10:18:00Z,A38BF16E22E478B0,18.4,queries/tpch/tpch-queries/q21/base.sql,measured,1,1,5,3,3.199,483.731,17,6,100,2749940,1,55616028,192893,3,orders;nation;supplier;lineitem,1351043,0,0,0,0,0,0
2026-08-18T10:18:00Z,A38BF16E22E478B0,18.4,queries/tpch/tpch-queries/q21/base.sql,measured,1,2,5,3,1.556,489.887,17,6,100,2749940,1,55616028,192893,3,orders;nation;supplier;lineitem,1351037,0,0,0,0,0,0
2026-08-18T10:18:00Z,A38BF16E22E478B0,18.4,queries/tpch/tpch-queries/q21/base.sql,measured,1,3,5,3,1.522,459.557,17,6,100,2749940,1,55616028,192893,3,orders;nation;supplier;lineitem,1351037,0,0,0,0,0,0
2026-08-18T10:18:00Z,A38BF16E22E478B0,18.4,queries/tpch/tpch-queries/q21/base.sql,measured,1,4,5,3,1.502,458.409,17,6,100,2749940,1,55616028,192893,3,orders;nation;supplier;lineitem,1351037,0,0,0,0,0,0
2026-08-18T10:18:00Z,A38BF16E22E478B0,18.4,queries/tpch/tpch-queries/q21/base.sql,measured,1,5,5,3,1.500,458.332,17,6,100,2749940,1,55616028,192893,3,orders;nation;supplier;lineitem,1351037,0,0,0,0,0,0
2026-08-18T10:18:03Z,A38BF16E22E478B0,18.4,queries/tpch/tpch-queries/q21/base.sql,measured,2,1,5,3,3.222,476.684,17,6,100,2749940,1,55616028,192893,3,orders;nation;supplier;lineitem,1351043,0,0,0,0,0,0
2026-08-18T10:18:03Z,A38BF16E22E478B0,18.4,queries/tpch/tpch-queries/q21/base.sql,measured,2,2,5,3,1.509,488.365,17,6,100,2749940,1,55616028,192893,3,orders;nation;supplier;lineitem,1351037,0,0,0,0,0,0
2026-08-18T10:18:03Z,A38BF16E22E478B0,18.4,queries/tpch/tpch-queries/q21/base.sql,measured,2,3,5,3,1.551,455.550,17,6,100,2749940,1,55616028,192893,3,orders;nation;supplier;lineitem,1351037,0,0,0,0,0,0
2026-08-18T10:18:03Z,A38BF16E22E478B0,18.4,queries/tpch/tpch-queries/q21/base.sql,measured,2,4,5,3,1.506,456.443,17,6,100,2749940,1,55616028,192893,3,orders;nation;supplier;lineitem,1351037,0,0,0,0,0,0
2026-08-18T10:18:03Z,A38BF16E22E478B0,18.4,queries/tpch/tpch-queries/q21/base.sql,measured,2,5,5,3,1.501,455.377,17,6,100,2749940,1,55616028,192893,3,orders;nation;supplier;lineitem,1351037,0,0,0,0,0,0
2026-08-18T10:18:05Z,A38BF16E22E478B0,18.4,queries/tpch/tpch-queries/q21/base.sql,measured,3,1,5,3,3.211,472.459,17,6,100,2749940,1,55616028,192893,3,orders;nation;supplier;lineitem,1351043,0,0,0,0,0,0
2026-08-18T10:18:05Z,A38BF16E22E478B0,18.4,queries/tpch/tpch-queries/q21/base.sql,measured,3,2,5,3,1.525,456.222,17,6,100,2749940,1,55616028,192893,3,orders;nation;supplier;lineitem,1351037,0,0,0,0,0,0
2026-08-18T10:18:05Z,A38BF16E22E478B0,18.4,queries/tpch/tpch-queries/q21/base.sql,measured,3,3,5,3,1.499,455.411,17,6,100,2749940,1,55616028,192893,3,orders;nation;supplier;lineitem,1351037,0,0,0,0,0,0
2026-08-18T10:18:05Z,A38BF16E22E478B0,18.4,queries/tpch/tpch-queries/q21/base.sql,measured,3,4,5,3,1.500,479.825,17,6,100,2749940,1,55616028,192893,3,orders;nation;supplier;lineitem,1351037,0,0,0,0,0,0
2026-08-18T10:18:05Z,A38BF16E22E478B0,18.4,queries/tpch/tpch-queries/q21/base.sql,measured,3,5,5,3,1.500,481.695,17,6,100,2749940,1,55616028,192893,3,orders;nation;supplier;lineitem,1351037,0,0,0,0,0,0
2026-08-18T10:18:06Z,A38BF16E22E478B0,18.4,queries/tpch/tpch-queries/q21/v1_materialized.sql,warmup,1,1,1,3,2.668,477.128,19,8,100,2713639,1,54373556,192893,3,orders;nation;supplier;ixtest_supplier_nationkey;lineitem;_m,1350894,0,0,0,0,0,0
2026-08-18T10:18:06Z,A38BF16E22E478B0,18.4,queries/tpch/tpch-queries/q21/v1_materialized.sql,warmup,2,1,1,3,2.656,487.309,19,8,100,2713639,1,54373556,192893,3,orders;nation;supplier;ixtest_supplier_nationkey;lineitem;_m,1350894,0,0,0,0,0,0
2026-08-18T10:18:09Z,A38BF16E22E478B0,18.4,queries/tpch/tpch-queries/q21/v1_materialized.sql,measured,1,1,5,3,2.657,476.768,19,8,100,2713639,1,54373556,192893,3,orders;nation;supplier;ixtest_supplier_nationkey;lineitem;_m,1350894,0,0,0,0,0,0
2026-08-18T10:18:09Z,A38BF16E22E478B0,18.4,queries/tpch/tpch-queries/q21/v1_materialized.sql,measured,1,2,5,3,1.076,456.227,19,8,100,2713639,1,54373556,192893,3,orders;nation;supplier;ixtest_supplier_nationkey;lineitem;_m,1350888,0,0,0,0,0,0
2026-08-18T10:18:09Z,A38BF16E22E478B0,18.4,queries/tpch/tpch-queries/q21/v1_materialized.sql,measured,1,3,5,3,1.052,453.487,19,8,100,2713639,1,54373556,192893,3,orders;nation;supplier;ixtest_supplier_nationkey;lineitem;_m,1350888,0,0,0,0,0,0
2026-08-18T10:18:09Z,A38BF16E22E478B0,18.4,queries/tpch/tpch-queries/q21/v1_materialized.sql,measured,1,4,5,3,1.051,453.115,19,8,100,2713639,1,54373556,192893,3,orders;nation;supplier;ixtest_supplier_nationkey;lineitem;_m,1350888,0,0,0,0,0,0
2026-08-18T10:18:09Z,A38BF16E22E478B0,18.4,queries/tpch/tpch-queries/q21/v1_materialized.sql,measured,1,5,5,3,1.050,453.243,19,8,100,2713639,1,54373556,192893,3,orders;nation;supplier;ixtest_supplier_nationkey;lineitem;_m,1350888,0,0,0,0,0,0
2026-08-18T10:18:11Z,A38BF16E22E478B0,18.4,queries/tpch/tpch-queries/q21/v1_materialized.sql,measured,2,1,5,3,2.651,478.364,19,8,100,2713639,1,54373556,192893,3,orders;nation;supplier;ixtest_supplier_nationkey;lineitem;_m,1350894,0,0,0,0,0,0
2026-08-18T10:18:11Z,A38BF16E22E478B0,18.4,queries/tpch/tpch-queries/q21/v1_materialized.sql,measured,2,2,5,3,1.084,455.821,19,8,100,2713639,1,54373556,192893,3,orders;nation;supplier;ixtest_supplier_nationkey;lineitem;_m,1350888,0,0,0,0,0,0
2026-08-18T10:18:11Z,A38BF16E22E478B0,18.4,queries/tpch/tpch-queries/q21/v1_materialized.sql,measured,2,3,5,3,1.052,455.396,19,8,100,2713639,1,54373556,192893,3,orders;nation;supplier;ixtest_supplier_nationkey;lineitem;_m,1350888,0,0,0,0,0,0
2026-08-18T10:18:11Z,A38BF16E22E478B0,18.4,queries/tpch/tpch-queries/q21/v1_materialized.sql,measured,2,4,5,3,1.069,456.204,19,8,100,2713639,1,54373556,192893,3,orders;nation;supplier;ixtest_supplier_nationkey;lineitem;_m,1350888,0,0,0,0,0,0
2026-08-18T10:18:11Z,A38BF16E22E478B0,18.4,queries/tpch/tpch-queries/q21/v1_materialized.sql,measured,2,5,5,3,1.050,452.625,19,8,100,2713639,1,54373556,192893,3,orders;nation;supplier;ixtest_supplier_nationkey;lineitem;_m,1350888,0,0,0,0,0,0
2026-08-18T10:18:14Z,A38BF16E22E478B0,18.4,queries/tpch/tpch-queries/q21/v1_materialized.sql,measured,3,1,5,3,2.657,474.065,19,8,100,2713639,1,54373556,192893,3,orders;nation;supplier;ixtest_supplier_nationkey;lineitem;_m,1350894,0,0,0,0,0,0
2026-08-18T10:18:14Z,A38BF16E22E478B0,18.4,queries/tpch/tpch-queries/q21/v1_materialized.sql,measured,3,2,5,3,1.078,480.449,19,8,100,2713639,1,54373556,192893,3,orders;nation;supplier;ixtest_supplier_nationkey;lineitem;_m,1350888,0,0,0,0,0,0
2026-08-18T10:18:14Z,A38BF16E22E478B0,18.4,queries/tpch/tpch-queries/q21/v1_materialized.sql,measured,3,3,5,3,1.052,454.542,19,8,100,2713639,1,54373556,192893,3,orders;nation;supplier;ixtest_supplier_nationkey;lineitem;_m,1350888,0,0,0,0,0,0
2026-08-18T10:18:14Z,A38BF16E22E478B0,18.4,queries/tpch/tpch-queries/q21/v1_materialized.sql,measured,3,4,5,3,1.052,454.222,19,8,100,2713639,1,54373556,192893,3,orders;nation;supplier;ixtest_supplier_nationkey;lineitem;_m,1350888,0,0,0,0,0,0
2026-08-18T10:18:14Z,A38BF16E22E478B0,18.4,queries/tpch/tpch-queries/q21/v1_materialized.sql,measured,3,5,5,3,1.053,451.671,19,8,100,2713639,1,54373556,192893,3,orders;nation;supplier;ixtest_supplier_nationkey;lineitem;_m,1350888,0,0,0,0,0,0
2026-08-18T10:18:14Z,A38BF16E22E478B0,18.4,queries/tpch/tpch-queries/q22/base.sql,warmup,1,1,1,3,1.276,59.719,10,3,7,76283,730,1451186,80960,2,customer;orders,64227,0,0,0,0,0,0
2026-08-18T10:18:14Z,A38BF16E22E478B0,18.4,queries/tpch/tpch-queries/q22/base.sql,warmup,2,1,1,3,1.262,59.757,10,3,7,76283,730,1451186,80960,2,customer;orders,64227,0,0,0,0,0,0
2026-08-18T10:18:14Z,A38BF16E22E478B0,18.4,queries/tpch/tpch-queries/q22/base.sql,measured,1,1,5,3,1.263,59.749,10,3,7,76283,730,1451186,80960,2,customer;orders,64227,0,0,0,0,0,0
2026-08-18T10:18:14Z,A38BF16E22E478B0,18.4,queries/tpch/tpch-queries/q22/base.sql,measured,1,2,5,3,0.281,57.003,10,3,7,76283,730,1451186,80960,2,customer;orders,64227,0,0,0,0,0,0
2026-08-18T10:18:14Z,A38BF16E22E478B0,18.4,queries/tpch/tpch-queries/q22/base.sql,measured,1,3,5,3,0.258,55.973,10,3,7,76283,730,1451186,80960,2,customer;orders,64227,0,0,0,0,0,0
2026-08-18T10:18:14Z,A38BF16E22E478B0,18.4,queries/tpch/tpch-queries/q22/base.sql,measured,1,4,5,3,0.254,56.115,10,3,7,76283,730,1451186,80960,2,customer;orders,64227,0,0,0,0,0,0
2026-08-18T10:18:14Z,A38BF16E22E478B0,18.4,queries/tpch/tpch-queries/q22/base.sql,measured,1,5,5,3,0.277,56.377,10,3,7,76283,730,1451186,80960,2,customer;orders,64227,0,0,0,0,0,0
2026-08-18T10:18:15Z,A38BF16E22E478B0,18.4,queries/tpch/tpch-queries/q22/base.sql,measured,2,1,5,3,1.772,86.753,10,3,7,76283,730,1451186,80960,2,customer;orders,64227,0,0,0,0,0,0
2026-08-18T10:18:15Z,A38BF16E22E478B0,18.4,queries/tpch/tpch-queries/q22/base.sql,measured,2,2,5,3,0.331,58.258,10,3,7,76283,730,1451186,80960,2,customer;orders,64227,0,0,0,0,0,0
2026-08-18T10:18:15Z,A38BF16E22E478B0,18.4,queries/tpch/tpch-queries/q22/base.sql,measured,2,3,5,3,0.257,54.262,10,3,7,76283,730,1451186,80960,2,customer;orders,64227,0,0,0,0,0,0
2026-08-18T10:18:15Z,A38BF16E22E478B0,18.4,queries/tpch/tpch-queries/q22/base.sql,measured,2,4,5,3,0.258,55.983,10,3,7,76283,730,1451186,80960,2,customer;orders,64227,0,0,0,0,0,0
2026-08-18T10:18:15Z,A38BF16E22E478B0,18.4,queries/tpch/tpch-queries/q22/base.sql,measured,2,5,5,3,0.255,61.504,10,3,7,76283,730,1451186,80960,2,customer;orders,64227,0,0,0,0,0,0
2026-08-18T10:18:15Z,A38BF16E22E478B0,18.4,queries/tpch/tpch-queries/q22/base.sql,measured,3,1,5,3,1.214,63.219,10,3,7,76283,730,1451186,80960,2,customer;orders,64227,0,0,0,0,0,0
2026-08-18T10:18:15Z,A38BF16E22E478B0,18.4,queries/tpch/tpch-queries/q22/base.sql,measured,3,2,5,3,0.260,54.947,10,3,7,76283,730,1451186,80960,2,customer;orders,64227,0,0,0,0,0,0
2026-08-18T10:18:15Z,A38BF16E22E478B0,18.4,queries/tpch/tpch-queries/q22/base.sql,measured,3,3,5,3,0.257,56.293,10,3,7,76283,730,1451186,80960,2,customer;orders,64227,0,0,0,0,0,0
2026-08-18T10:18:15Z,A38BF16E22E478B0,18.4,queries/tpch/tpch-queries/q22/base.sql,measured,3,4,5,3,0.260,56.706,10,3,7,76283,730,1451186,80960,2,customer;orders,64227,0,0,0,0,0,0
2026-08-18T10:18:15Z,A38BF16E22E478B0,18.4,queries/tpch/tpch-queries/q22/base.sql,measured,3,5,5,3,0.265,56.940,10,3,7,76283,730,1451186,80960,2,customer;orders,64227,0,0,0,0,0,0
2026-08-18T10:18:15Z,A38BF16E22E478B0,18.4,queries/tpch/tpch-queries/q22/v1_materialized.sql,warmup,1,1,1,3,1.963,93.210,11,4,7,76290,730,1451690,80960,2,_m;customer;orders,64227,0,0,0,0,0,0
2026-08-18T10:18:15Z,A38BF16E22E478B0,18.4,queries/tpch/tpch-queries/q22/v1_materialized.sql,warmup,2,1,1,3,1.214,55.242,11,4,7,76290,730,1451690,80960,2,_m;customer;orders,64227,0,0,0,0,0,0
2026-08-18T10:18:15Z,A38BF16E22E478B0,18.4,queries/tpch/tpch-queries/q22/v1_materialized.sql,measured,1,1,5,3,1.208,55.353,11,4,7,76290,730,1451690,80960,2,_m;customer;orders,64227,0,0,0,0,0,0
2026-08-18T10:18:15Z,A38BF16E22E478B0,18.4,queries/tpch/tpch-queries/q22/v1_materialized.sql,measured,1,2,5,3,0.299,55.097,11,4,7,76290,730,1451690,80960,2,_m;customer;orders,64227,0,0,0,0,0,0
2026-08-18T10:18:15Z,A38BF16E22E478B0,18.4,queries/tpch/tpch-queries/q22/v1_materialized.sql,measured,1,3,5,3,0.277,56.057,11,4,7,76290,730,1451690,80960,2,_m;customer;orders,64227,0,0,0,0,0,0
2026-08-18T10:18:15Z,A38BF16E22E478B0,18.4,queries/tpch/tpch-queries/q22/v1_materialized.sql,measured,1,4,5,3,0.274,57.027,11,4,7,76290,730,1451690,80960,2,_m;customer;orders,64227,0,0,0,0,0,0
2026-08-18T10:18:15Z,A38BF16E22E478B0,18.4,queries/tpch/tpch-queries/q22/v1_materialized.sql,measured,1,5,5,3,0.274,56.261,11,4,7,76290,730,1451690,80960,2,_m;customer;orders,64227,0,0,0,0,0,0
2026-08-18T10:18:16Z,A38BF16E22E478B0,18.4,queries/tpch/tpch-queries/q22/v1_materialized.sql,measured,2,1,5,3,1.717,86.676,11,4,7,76290,730,1451690,80960,2,_m;customer;orders,64227,0,0,0,0,0,0
2026-08-18T10:18:16Z,A38BF16E22E478B0,18.4,queries/tpch/tpch-queries/q22/v1_materialized.sql,measured,2,2,5,3,0.328,54.391,11,4,7,76290,730,1451690,80960,2,_m;customer;orders,64227,0,0,0,0,0,0
2026-08-18T10:18:16Z,A38BF16E22E478B0,18.4,queries/tpch/tpch-queries/q22/v1_materialized.sql,measured,2,3,5,3,0.305,53.731,11,4,7,76290,730,1451690,80960,2,_m;customer;orders,64227,0,0,0,0,0,0
2026-08-18T10:18:16Z,A38BF16E22E478B0,18.4,queries/tpch/tpch-queries/q22/v1_materialized.sql,measured,2,4,5,3,0.280,55.169,11,4,7,76290,730,1451690,80960,2,_m;customer;orders,64227,0,0,0,0,0,0
2026-08-18T10:18:16Z,A38BF16E22E478B0,18.4,queries/tpch/tpch-queries/q22/v1_materialized.sql,measured,2,5,5,3,0.276,55.585,11,4,7,76290,730,1451690,80960,2,_m;customer;orders,64227,0,0,0,0,0,0
2026-08-18T10:18:16Z,A38BF16E22E478B0,18.4,queries/tpch/tpch-queries/q22/v1_materialized.sql,measured,3,1,5,3,1.704,85.510,11,4,7,76290,730,1451690,80960,2,_m;customer;orders,64227,0,0,0,0,0,0
2026-08-18T10:18:16Z,A38BF16E22E478B0,18.4,queries/tpch/tpch-queries/q22/v1_materialized.sql,measured,3,2,5,3,0.411,71.990,11,4,7,76290,730,1451690,80960,2,_m;customer;orders,64227,0,0,0,0,0,0
2026-08-18T10:18:16Z,A38BF16E22E478B0,18.4,queries/tpch/tpch-queries/q22/v1_materialized.sql,measured,3,3,5,3,0.274,54.450,11,4,7,76290,730,1451690,80960,2,_m;customer;orders,64227,0,0,0,0,0,0
2026-08-18T10:18:16Z,A38BF16E22E478B0,18.4,queries/tpch/tpch-queries/q22/v1_materialized.sql,measured,3,4,5,3,0.286,54.946,11,4,7,76290,730,1451690,80960,2,_m;customer;orders,64227,0,0,0,0,0,0
2026-08-18T10:18:16Z,A38BF16E22E478B0,18.4,queries/tpch/tpch-queries/q22/v1_materialized.sql,measured,3,5,5,3,0.274,56.271,11,4,7,76290,730,1451690,80960,2,_m;customer;orders,64227,0,0,0,0,0,0
2026-08-18T10:18:17Z,A38BF16E22E478B0,18.4,queries/tpch/tpch-queries/q22/v2_anti_join.sql,warmup,1,1,1,3,1.933,134.092,11,3,7,1595284,1,13945212,117560,3,customer;orders,33345,0,0,0,0,0,0
2026-08-18T10:18:17Z,A38BF16E22E478B0,18.4,queries/tpch/tpch-queries/q22/v2_anti_join.sql,warmup,2,1,1,3,1.193,102.171,11,3,7,1595284,1,13945212,117560,3,customer;orders,33345,0,0,0,0,0,0
2026-08-18T10:18:17Z,A38BF16E22E478B0,18.4,queries/tpch/tpch-queries/q22/v2_anti_join.sql,measured,1,1,5,3,1.713,136.747,11,3,7,1595284,1,13945212,117560,3,customer;orders,33345,0,0,0,0,0,0
2026-08-18T10:18:17Z,A38BF16E22E478B0,18.4,queries/tpch/tpch-queries/q22/v2_anti_join.sql,measured,1,2,5,3,0.278,94.759,11,3,7,1595284,1,13945212,117560,3,customer;orders,33342,0,0,0,0,0,0
2026-08-18T10:18:17Z,A38BF16E22E478B0,18.4,queries/tpch/tpch-queries/q22/v2_anti_join.sql,measured,1,3,5,3,0.275,96.427,11,3,7,1595284,1,13945212,117560,3,customer;orders,33342,0,0,0,0,0,0
2026-08-18T10:18:17Z,A38BF16E22E478B0,18.4,queries/tpch/tpch-queries/q22/v2_anti_join.sql,measured,1,4,5,3,0.268,98.444,11,3,7,1595284,1,13945212,117560,3,customer;orders,33342,0,0,0,0,0,0
2026-08-18T10:18:17Z,A38BF16E22E478B0,18.4,queries/tpch/tpch-queries/q22/v2_anti_join.sql,measured,1,5,5,3,0.272,106.894,11,3,7,1595284,1,13945212,117560,3,customer;orders,33342,0,0,0,0,0,0
2026-08-18T10:18:18Z,A38BF16E22E478B0,18.4,queries/tpch/tpch-queries/q22/v2_anti_join.sql,measured,2,1,5,3,1.530,136.175,11,3,7,1595284,1,13945212,117560,3,customer;orders,33345,0,0,0,0,0,0
2026-08-18T10:18:18Z,A38BF16E22E478B0,18.4,queries/tpch/tpch-queries/q22/v2_anti_join.sql,measured,2,2,5,3,0.279,95.175,11,3,7,1595284,1,13945212,117560,3,customer;orders,33342,0,0,0,0,0,0
2026-08-18T10:18:18Z,A38BF16E22E478B0,18.4,queries/tpch/tpch-queries/q22/v2_anti_join.sql,measured,2,3,5,3,0.270,98.642,11,3,7,1595284,1,13945212,117560,3,customer;orders,33342,0,0,0,0,0,0
2026-08-18T10:18:18Z,A38BF16E22E478B0,18.4,queries/tpch/tpch-queries/q22/v2_anti_join.sql,measured,2,4,5,3,0.273,99.255,11,3,7,1595284,1,13945212,117560,3,customer;orders,33342,0,0,0,0,0,0
2026-08-18T10:18:18Z,A38BF16E22E478B0,18.4,queries/tpch/tpch-queries/q22/v2_anti_join.sql,measured,2,5,5,3,0.276,99.739,11,3,7,1595284,1,13945212,117560,3,customer;orders,33342,0,0,0,0,0,0
2026-08-18T10:18:19Z,A38BF16E22E478B0,18.4,queries/tpch/tpch-queries/q22/v2_anti_join.sql,measured,3,1,5,3,1.699,143.189,11,3,7,1595284,1,13945212,117560,3,customer;orders,33345,0,0,0,0,0,0
2026-08-18T10:18:19Z,A38BF16E22E478B0,18.4,queries/tpch/tpch-queries/q22/v2_anti_join.sql,measured,3,2,5,3,0.275,103.559,11,3,7,1595284,1,13945212,117560,3,customer;orders,33342,0,0,0,0,0,0
2026-08-18T10:18:19Z,A38BF16E22E478B0,18.4,queries/tpch/tpch-queries/q22/v2_anti_join.sql,measured,3,3,5,3,0.264,108.667,11,3,7,1595284,1,13945212,117560,3,customer;orders,33342,0,0,0,0,0,0
2026-08-18T10:18:19Z,A38BF16E22E478B0,18.4,queries/tpch/tpch-queries/q22/v2_anti_join.sql,measured,3,4,5,3,0.269,107.613,11,3,7,1595284,1,13945212,117560,3,customer;orders,33342,0,0,0,0,0,0
2026-08-18T10:18:19Z,A38BF16E22E478B0,18.4,queries/tpch/tpch-queries/q22/v2_anti_join.sql,measured,3,5,5,3,0.285,101.618,11,3,7,1595284,1,13945212,117560,3,customer;orders,33342,0,0,0,0,0,0
