===== [1/363] queries/stackoverflow/SQLStorm/2263.sql run_id=5666ABFE9D59ACDA =====
query_runner configuration:
  QUERY_DIR         = queries/stackoverflow/SQLStorm/2263.sql
  LOGS_DIR          = logs/so_timeouts/warm_stepup/so_timeouts_300s_20261006T102405Z  (query_timing_/query_samples_/query_catalog_stackoverflow_1gb.csv)
  DB_NAME / DB_USER = stackoverflow_1gb / postgres
  PGPORT            = 5434  (server reports 18.6)
  RUN_ID            = 5666ABFE9D59ACDA
  WARMUP            = 1 single-copy warm-ups (the first primes the cache)
  BATCH_SIZES       = 1  x RUNS=1 measured batches each
  WORKERS           = (planner default)
  STATEMENT_TIMEOUT = 300
  THERMAL_EQUALISE  = gate (T_LO=40 T_HI=60 preheat<=60s cooldown<=120s)
  sensors           = pkg:/sys/class/hwmon/hwmon8/temp1_input cores:4 cpufreq:8 throttle:8/8
  WARMUP_FAIL_SKIP  = on (a failed warm-up skips the query's measured batches)
  IDLE_BASELINE_S   = off
  SIGLESS_ADDR      = (disabled)
Found 1 query under queries/stackoverflow/SQLStorm/2263.sql

RAPL: powercap, 1 package, domains: pkg core gpu/uncore dram

Catalog snapshot: 26 relations -> logs/so_timeouts/warm_stepup/so_timeouts_300s_20261006T102405Z/query_catalog_stackoverflow_1gb.csv
[1/1] queries/stackoverflow/SQLStorm/2263.sql (1 warmup + step-up 1 x1)
  warmup 1/1: 34.872692 sec (cache prime)
  N=1   batch 1/1: 33.372578 sec, 1 copy (server sum 33311.934 ms)
  done: 1 size x 1 run (0 failures)

Done. Batch rows appended to logs/so_timeouts/warm_stepup/so_timeouts_300s_20261006T102405Z/query_timing_stackoverflow_1gb.csv
Per-copy samples appended to logs/so_timeouts/warm_stepup/so_timeouts_300s_20261006T102405Z/query_samples_stackoverflow_1gb.csv
Relation sizes appended to logs/so_timeouts/warm_stepup/so_timeouts_300s_20261006T102405Z/query_catalog_stackoverflow_1gb.csv
Machine identity appended to logs/so_timeouts/warm_stepup/so_timeouts_300s_20261006T102405Z/query_runinfo_stackoverflow_1gb.csv
Last batch ended at epoch 1791282318.888 (PREV_END_EPOCH for the next invocation)
===== [2/363] queries/stackoverflow/SQLStorm/14381.sql run_id=09A8701D55AE17E1 =====
query_runner configuration:
  QUERY_DIR         = queries/stackoverflow/SQLStorm/14381.sql
  LOGS_DIR          = logs/so_timeouts/warm_stepup/so_timeouts_300s_20261006T102405Z  (query_timing_/query_samples_/query_catalog_stackoverflow_1gb.csv)
  DB_NAME / DB_USER = stackoverflow_1gb / postgres
  PGPORT            = 5434  (server reports 18.6)
  RUN_ID            = 09A8701D55AE17E1
  WARMUP            = 1 single-copy warm-ups (the first primes the cache)
  BATCH_SIZES       = 1  x RUNS=1 measured batches each
  WORKERS           = (planner default)
  STATEMENT_TIMEOUT = 300
  THERMAL_EQUALISE  = gate (T_LO=40 T_HI=60 preheat<=60s cooldown<=120s)
  sensors           = pkg:/sys/class/hwmon/hwmon8/temp1_input cores:4 cpufreq:8 throttle:8/8
  WARMUP_FAIL_SKIP  = on (a failed warm-up skips the query's measured batches)
  IDLE_BASELINE_S   = off
  SIGLESS_ADDR      = (disabled)
Found 1 query under queries/stackoverflow/SQLStorm/14381.sql

RAPL: powercap, 1 package, domains: pkg core gpu/uncore dram

[1/1] queries/stackoverflow/SQLStorm/14381.sql (1 warmup + step-up 1 x1)
  warmup 1/1: 22.278822 sec (cache prime)
  N=1   batch 1/1: 21.237007 sec, 1 copy (server sum 21179.349 ms)
  done: 1 size x 1 run (0 failures)

Done. Batch rows appended to logs/so_timeouts/warm_stepup/so_timeouts_300s_20261006T102405Z/query_timing_stackoverflow_1gb.csv
Per-copy samples appended to logs/so_timeouts/warm_stepup/so_timeouts_300s_20261006T102405Z/query_samples_stackoverflow_1gb.csv
Machine identity appended to logs/so_timeouts/warm_stepup/so_timeouts_300s_20261006T102405Z/query_runinfo_stackoverflow_1gb.csv
Last batch ended at epoch 1791282366.092 (PREV_END_EPOCH for the next invocation)
===== [3/363] queries/stackoverflow/SQLStorm/5957.sql run_id=0B0035E7A9572CDB =====
query_runner configuration:
  QUERY_DIR         = queries/stackoverflow/SQLStorm/5957.sql
  LOGS_DIR          = logs/so_timeouts/warm_stepup/so_timeouts_300s_20261006T102405Z  (query_timing_/query_samples_/query_catalog_stackoverflow_1gb.csv)
  DB_NAME / DB_USER = stackoverflow_1gb / postgres
  PGPORT            = 5434  (server reports 18.6)
  RUN_ID            = 0B0035E7A9572CDB
  WARMUP            = 1 single-copy warm-ups (the first primes the cache)
  BATCH_SIZES       = 1  x RUNS=1 measured batches each
  WORKERS           = (planner default)
  STATEMENT_TIMEOUT = 300
  THERMAL_EQUALISE  = gate (T_LO=40 T_HI=60 preheat<=60s cooldown<=120s)
  sensors           = pkg:/sys/class/hwmon/hwmon8/temp1_input cores:4 cpufreq:8 throttle:8/8
  WARMUP_FAIL_SKIP  = on (a failed warm-up skips the query's measured batches)
  IDLE_BASELINE_S   = off
  SIGLESS_ADDR      = (disabled)
Found 1 query under queries/stackoverflow/SQLStorm/5957.sql

RAPL: powercap, 1 package, domains: pkg core gpu/uncore dram

[1/1] queries/stackoverflow/SQLStorm/5957.sql (1 warmup + step-up 1 x1)
  warmup 1/1: 35.695425 sec (cache prime)
  N=1   batch 1/1: 35.059432 sec, 1 copy (server sum 35000.955 ms)
  done: 1 size x 1 run (0 failures)

Done. Batch rows appended to logs/so_timeouts/warm_stepup/so_timeouts_300s_20261006T102405Z/query_timing_stackoverflow_1gb.csv
Per-copy samples appended to logs/so_timeouts/warm_stepup/so_timeouts_300s_20261006T102405Z/query_samples_stackoverflow_1gb.csv
Machine identity appended to logs/so_timeouts/warm_stepup/so_timeouts_300s_20261006T102405Z/query_runinfo_stackoverflow_1gb.csv
Last batch ended at epoch 1791282440.326 (PREV_END_EPOCH for the next invocation)
===== [4/363] queries/stackoverflow/SQLStorm/30175.sql run_id=7EF37DCD18B13356 =====
query_runner configuration:
  QUERY_DIR         = queries/stackoverflow/SQLStorm/30175.sql
  LOGS_DIR          = logs/so_timeouts/warm_stepup/so_timeouts_300s_20261006T102405Z  (query_timing_/query_samples_/query_catalog_stackoverflow_1gb.csv)
  DB_NAME / DB_USER = stackoverflow_1gb / postgres
  PGPORT            = 5434  (server reports 18.6)
  RUN_ID            = 7EF37DCD18B13356
  WARMUP            = 1 single-copy warm-ups (the first primes the cache)
  BATCH_SIZES       = 1  x RUNS=1 measured batches each
  WORKERS           = (planner default)
  STATEMENT_TIMEOUT = 300
  THERMAL_EQUALISE  = gate (T_LO=40 T_HI=60 preheat<=60s cooldown<=120s)
  sensors           = pkg:/sys/class/hwmon/hwmon8/temp1_input cores:4 cpufreq:8 throttle:8/8
  WARMUP_FAIL_SKIP  = on (a failed warm-up skips the query's measured batches)
  IDLE_BASELINE_S   = off
  SIGLESS_ADDR      = (disabled)
Found 1 query under queries/stackoverflow/SQLStorm/30175.sql

RAPL: powercap, 1 package, domains: pkg core gpu/uncore dram

[1/1] queries/stackoverflow/SQLStorm/30175.sql (1 warmup + step-up 1 x1)
  warmup 1/1: 34.815997 sec (cache prime)
  N=1   batch 1/1: 33.871099 sec, 1 copy (server sum 33812.059 ms)
  done: 1 size x 1 run (0 failures)

Done. Batch rows appended to logs/so_timeouts/warm_stepup/so_timeouts_300s_20261006T102405Z/query_timing_stackoverflow_1gb.csv
Per-copy samples appended to logs/so_timeouts/warm_stepup/so_timeouts_300s_20261006T102405Z/query_samples_stackoverflow_1gb.csv
Machine identity appended to logs/so_timeouts/warm_stepup/so_timeouts_300s_20261006T102405Z/query_runinfo_stackoverflow_1gb.csv
Last batch ended at epoch 1791282512.759 (PREV_END_EPOCH for the next invocation)
===== [5/363] queries/stackoverflow/SQLStorm/7611.sql run_id=64170941F71C9401 =====
query_runner configuration:
  QUERY_DIR         = queries/stackoverflow/SQLStorm/7611.sql
  LOGS_DIR          = logs/so_timeouts/warm_stepup/so_timeouts_300s_20261006T102405Z  (query_timing_/query_samples_/query_catalog_stackoverflow_1gb.csv)
  DB_NAME / DB_USER = stackoverflow_1gb / postgres
  PGPORT            = 5434  (server reports 18.6)
  RUN_ID            = 64170941F71C9401
  WARMUP            = 1 single-copy warm-ups (the first primes the cache)
  BATCH_SIZES       = 1  x RUNS=1 measured batches each
  WORKERS           = (planner default)
  STATEMENT_TIMEOUT = 300
  THERMAL_EQUALISE  = gate (T_LO=40 T_HI=60 preheat<=60s cooldown<=120s)
  sensors           = pkg:/sys/class/hwmon/hwmon8/temp1_input cores:4 cpufreq:8 throttle:8/8
  WARMUP_FAIL_SKIP  = on (a failed warm-up skips the query's measured batches)
  IDLE_BASELINE_S   = off
  SIGLESS_ADDR      = (disabled)
Found 1 query under queries/stackoverflow/SQLStorm/7611.sql

RAPL: powercap, 1 package, domains: pkg core gpu/uncore dram

[1/1] queries/stackoverflow/SQLStorm/7611.sql (1 warmup + step-up 1 x1)
  warmup 1/1: 28.258656 sec (cache prime)
  N=1   batch 1/1: 27.661768 sec, 1 copy (server sum 27602.278 ms)
  done: 1 size x 1 run (0 failures)

Done. Batch rows appended to logs/so_timeouts/warm_stepup/so_timeouts_300s_20261006T102405Z/query_timing_stackoverflow_1gb.csv
Per-copy samples appended to logs/so_timeouts/warm_stepup/so_timeouts_300s_20261006T102405Z/query_samples_stackoverflow_1gb.csv
Machine identity appended to logs/so_timeouts/warm_stepup/so_timeouts_300s_20261006T102405Z/query_runinfo_stackoverflow_1gb.csv
Last batch ended at epoch 1791282572.685 (PREV_END_EPOCH for the next invocation)
===== [6/363] queries/stackoverflow/SQLStorm/6872.sql run_id=5A8185602C7707C0 =====
query_runner configuration:
  QUERY_DIR         = queries/stackoverflow/SQLStorm/6872.sql
  LOGS_DIR          = logs/so_timeouts/warm_stepup/so_timeouts_300s_20261006T102405Z  (query_timing_/query_samples_/query_catalog_stackoverflow_1gb.csv)
  DB_NAME / DB_USER = stackoverflow_1gb / postgres
  PGPORT            = 5434  (server reports 18.6)
  RUN_ID            = 5A8185602C7707C0
  WARMUP            = 1 single-copy warm-ups (the first primes the cache)
  BATCH_SIZES       = 1  x RUNS=1 measured batches each
  WORKERS           = (planner default)
  STATEMENT_TIMEOUT = 300
  THERMAL_EQUALISE  = gate (T_LO=40 T_HI=60 preheat<=60s cooldown<=120s)
  sensors           = pkg:/sys/class/hwmon/hwmon8/temp1_input cores:4 cpufreq:8 throttle:8/8
  WARMUP_FAIL_SKIP  = on (a failed warm-up skips the query's measured batches)
  IDLE_BASELINE_S   = off
  SIGLESS_ADDR      = (disabled)
Found 1 query under queries/stackoverflow/SQLStorm/6872.sql

RAPL: powercap, 1 package, domains: pkg core gpu/uncore dram

[1/1] queries/stackoverflow/SQLStorm/6872.sql (1 warmup + step-up 1 x1)
  warmup 1/1: 23.229876 sec (cache prime)
  N=1   batch 1/1: 22.703593 sec, 1 copy (server sum 22645.359 ms)
  done: 1 size x 1 run (0 failures)

Done. Batch rows appended to logs/so_timeouts/warm_stepup/so_timeouts_300s_20261006T102405Z/query_timing_stackoverflow_1gb.csv
Per-copy samples appended to logs/so_timeouts/warm_stepup/so_timeouts_300s_20261006T102405Z/query_samples_stackoverflow_1gb.csv
Machine identity appended to logs/so_timeouts/warm_stepup/so_timeouts_300s_20261006T102405Z/query_runinfo_stackoverflow_1gb.csv
Last batch ended at epoch 1791282622.425 (PREV_END_EPOCH for the next invocation)
===== [7/363] queries/stackoverflow/SQLStorm/32708.sql run_id=3F7CAF7373825B03 =====
query_runner configuration:
  QUERY_DIR         = queries/stackoverflow/SQLStorm/32708.sql
  LOGS_DIR          = logs/so_timeouts/warm_stepup/so_timeouts_300s_20261006T102405Z  (query_timing_/query_samples_/query_catalog_stackoverflow_1gb.csv)
  DB_NAME / DB_USER = stackoverflow_1gb / postgres
  PGPORT            = 5434  (server reports 18.6)
  RUN_ID            = 3F7CAF7373825B03
  WARMUP            = 1 single-copy warm-ups (the first primes the cache)
  BATCH_SIZES       = 1  x RUNS=1 measured batches each
  WORKERS           = (planner default)
  STATEMENT_TIMEOUT = 300
  THERMAL_EQUALISE  = gate (T_LO=40 T_HI=60 preheat<=60s cooldown<=120s)
  sensors           = pkg:/sys/class/hwmon/hwmon8/temp1_input cores:4 cpufreq:8 throttle:8/8
  WARMUP_FAIL_SKIP  = on (a failed warm-up skips the query's measured batches)
  IDLE_BASELINE_S   = off
  SIGLESS_ADDR      = (disabled)
Found 1 query under queries/stackoverflow/SQLStorm/32708.sql

RAPL: powercap, 1 package, domains: pkg core gpu/uncore dram

[1/1] queries/stackoverflow/SQLStorm/32708.sql (1 warmup + step-up 1 x1)
  thermal gate: waited 4s -> 60.0 C
  warmup 1/1: 16.562237 sec (cache prime)
  N=1   batch 1/1: 15.498796 sec, 1 copy (server sum 15440.206 ms)
  done: 1 size x 1 run (0 failures)

Done. Batch rows appended to logs/so_timeouts/warm_stepup/so_timeouts_300s_20261006T102405Z/query_timing_stackoverflow_1gb.csv
Per-copy samples appended to logs/so_timeouts/warm_stepup/so_timeouts_300s_20261006T102405Z/query_samples_stackoverflow_1gb.csv
Machine identity appended to logs/so_timeouts/warm_stepup/so_timeouts_300s_20261006T102405Z/query_runinfo_stackoverflow_1gb.csv
Last batch ended at epoch 1791282662.104 (PREV_END_EPOCH for the next invocation)
===== [8/363] queries/stackoverflow/SQLStorm/4249.sql run_id=2186E42253D88DE4 =====
query_runner configuration:
  QUERY_DIR         = queries/stackoverflow/SQLStorm/4249.sql
  LOGS_DIR          = logs/so_timeouts/warm_stepup/so_timeouts_300s_20261006T102405Z  (query_timing_/query_samples_/query_catalog_stackoverflow_1gb.csv)
  DB_NAME / DB_USER = stackoverflow_1gb / postgres
  PGPORT            = 5434  (server reports 18.6)
  RUN_ID            = 2186E42253D88DE4
  WARMUP            = 1 single-copy warm-ups (the first primes the cache)
  BATCH_SIZES       = 1  x RUNS=1 measured batches each
  WORKERS           = (planner default)
  STATEMENT_TIMEOUT = 300
  THERMAL_EQUALISE  = gate (T_LO=40 T_HI=60 preheat<=60s cooldown<=120s)
  sensors           = pkg:/sys/class/hwmon/hwmon8/temp1_input cores:4 cpufreq:8 throttle:8/8
  WARMUP_FAIL_SKIP  = on (a failed warm-up skips the query's measured batches)
  IDLE_BASELINE_S   = off
  SIGLESS_ADDR      = (disabled)
Found 1 query under queries/stackoverflow/SQLStorm/4249.sql

RAPL: powercap, 1 package, domains: pkg core gpu/uncore dram

[1/1] queries/stackoverflow/SQLStorm/4249.sql (1 warmup + step-up 1 x1)
  thermal gate: waited 2s -> 60.0 C
  warmup 1/1: 19.755449 sec (cache prime)
  N=1   batch 1/1: 18.419751 sec, 1 copy (server sum 18361.782 ms)
  done: 1 size x 1 run (0 failures)

Done. Batch rows appended to logs/so_timeouts/warm_stepup/so_timeouts_300s_20261006T102405Z/query_timing_stackoverflow_1gb.csv
Per-copy samples appended to logs/so_timeouts/warm_stepup/so_timeouts_300s_20261006T102405Z/query_samples_stackoverflow_1gb.csv
Machine identity appended to logs/so_timeouts/warm_stepup/so_timeouts_300s_20261006T102405Z/query_runinfo_stackoverflow_1gb.csv
Last batch ended at epoch 1791282706.203 (PREV_END_EPOCH for the next invocation)
===== [9/363] queries/stackoverflow/SQLStorm/10393.sql run_id=E99808DBD356A4CB =====
query_runner configuration:
  QUERY_DIR         = queries/stackoverflow/SQLStorm/10393.sql
  LOGS_DIR          = logs/so_timeouts/warm_stepup/so_timeouts_300s_20261006T102405Z  (query_timing_/query_samples_/query_catalog_stackoverflow_1gb.csv)
  DB_NAME / DB_USER = stackoverflow_1gb / postgres
  PGPORT            = 5434  (server reports 18.6)
  RUN_ID            = E99808DBD356A4CB
  WARMUP            = 1 single-copy warm-ups (the first primes the cache)
  BATCH_SIZES       = 1  x RUNS=1 measured batches each
  WORKERS           = (planner default)
  STATEMENT_TIMEOUT = 300
  THERMAL_EQUALISE  = gate (T_LO=40 T_HI=60 preheat<=60s cooldown<=120s)
  sensors           = pkg:/sys/class/hwmon/hwmon8/temp1_input cores:4 cpufreq:8 throttle:8/8
  WARMUP_FAIL_SKIP  = on (a failed warm-up skips the query's measured batches)
  IDLE_BASELINE_S   = off
  SIGLESS_ADDR      = (disabled)
Found 1 query under queries/stackoverflow/SQLStorm/10393.sql

RAPL: powercap, 1 package, domains: pkg core gpu/uncore dram

[1/1] queries/stackoverflow/SQLStorm/10393.sql (1 warmup + step-up 1 x1)
  warmup 1/1: 16.342241 sec (cache prime)
  N=1   batch 1/1: 14.748253 sec, 1 copy (server sum 14691.032 ms)
  done: 1 size x 1 run (0 failures)

Done. Batch rows appended to logs/so_timeouts/warm_stepup/so_timeouts_300s_20261006T102405Z/query_timing_stackoverflow_1gb.csv
Per-copy samples appended to logs/so_timeouts/warm_stepup/so_timeouts_300s_20261006T102405Z/query_samples_stackoverflow_1gb.csv
Machine identity appended to logs/so_timeouts/warm_stepup/so_timeouts_300s_20261006T102405Z/query_runinfo_stackoverflow_1gb.csv
Last batch ended at epoch 1791282741.317 (PREV_END_EPOCH for the next invocation)
===== [10/363] queries/stackoverflow/SQLStorm/9482.sql run_id=4BD2F89D8E48EDFA =====
query_runner configuration:
  QUERY_DIR         = queries/stackoverflow/SQLStorm/9482.sql
  LOGS_DIR          = logs/so_timeouts/warm_stepup/so_timeouts_300s_20261006T102405Z  (query_timing_/query_samples_/query_catalog_stackoverflow_1gb.csv)
  DB_NAME / DB_USER = stackoverflow_1gb / postgres
  PGPORT            = 5434  (server reports 18.6)
  RUN_ID            = 4BD2F89D8E48EDFA
  WARMUP            = 1 single-copy warm-ups (the first primes the cache)
  BATCH_SIZES       = 1  x RUNS=1 measured batches each
  WORKERS           = (planner default)
  STATEMENT_TIMEOUT = 300
  THERMAL_EQUALISE  = gate (T_LO=40 T_HI=60 preheat<=60s cooldown<=120s)
  sensors           = pkg:/sys/class/hwmon/hwmon8/temp1_input cores:4 cpufreq:8 throttle:8/8
  WARMUP_FAIL_SKIP  = on (a failed warm-up skips the query's measured batches)
  IDLE_BASELINE_S   = off
  SIGLESS_ADDR      = (disabled)
Found 1 query under queries/stackoverflow/SQLStorm/9482.sql

RAPL: powercap, 1 package, domains: pkg core gpu/uncore dram

[1/1] queries/stackoverflow/SQLStorm/9482.sql (1 warmup + step-up 1 x1)
  warmup 1/1: 23.975785 sec (cache prime)
  N=1   batch 1/1: 23.239355 sec, 1 copy (server sum 23181.769 ms)
  done: 1 size x 1 run (0 failures)

Done. Batch rows appended to logs/so_timeouts/warm_stepup/so_timeouts_300s_20261006T102405Z/query_timing_stackoverflow_1gb.csv
Per-copy samples appended to logs/so_timeouts/warm_stepup/so_timeouts_300s_20261006T102405Z/query_samples_stackoverflow_1gb.csv
Machine identity appended to logs/so_timeouts/warm_stepup/so_timeouts_300s_20261006T102405Z/query_runinfo_stackoverflow_1gb.csv
Last batch ended at epoch 1791282792.208 (PREV_END_EPOCH for the next invocation)
===== [11/363] queries/stackoverflow/SQLStorm/26499.sql run_id=0B6634400B0DE710 =====
query_runner configuration:
  QUERY_DIR         = queries/stackoverflow/SQLStorm/26499.sql
  LOGS_DIR          = logs/so_timeouts/warm_stepup/so_timeouts_300s_20261006T102405Z  (query_timing_/query_samples_/query_catalog_stackoverflow_1gb.csv)
  DB_NAME / DB_USER = stackoverflow_1gb / postgres
  PGPORT            = 5434  (server reports 18.6)
  RUN_ID            = 0B6634400B0DE710
  WARMUP            = 1 single-copy warm-ups (the first primes the cache)
  BATCH_SIZES       = 1  x RUNS=1 measured batches each
  WORKERS           = (planner default)
  STATEMENT_TIMEOUT = 300
  THERMAL_EQUALISE  = gate (T_LO=40 T_HI=60 preheat<=60s cooldown<=120s)
  sensors           = pkg:/sys/class/hwmon/hwmon8/temp1_input cores:4 cpufreq:8 throttle:8/8
  WARMUP_FAIL_SKIP  = on (a failed warm-up skips the query's measured batches)
  IDLE_BASELINE_S   = off
  SIGLESS_ADDR      = (disabled)
Found 1 query under queries/stackoverflow/SQLStorm/26499.sql

RAPL: powercap, 1 package, domains: pkg core gpu/uncore dram

[1/1] queries/stackoverflow/SQLStorm/26499.sql (1 warmup + step-up 1 x1)
  thermal gate: waited 2s -> 60.0 C
  warmup 1/1: 15.591340 sec (cache prime)
  N=1   batch 1/1: 14.536893 sec, 1 copy (server sum 14476.901 ms)
  done: 1 size x 1 run (0 failures)

Done. Batch rows appended to logs/so_timeouts/warm_stepup/so_timeouts_300s_20261006T102405Z/query_timing_stackoverflow_1gb.csv
Per-copy samples appended to logs/so_timeouts/warm_stepup/so_timeouts_300s_20261006T102405Z/query_samples_stackoverflow_1gb.csv
Machine identity appended to logs/so_timeouts/warm_stepup/so_timeouts_300s_20261006T102405Z/query_runinfo_stackoverflow_1gb.csv
Last batch ended at epoch 1791282828.146 (PREV_END_EPOCH for the next invocation)
===== [12/363] queries/stackoverflow/SQLStorm/5150.sql run_id=CF0865AE6B1625C3 =====
query_runner configuration:
  QUERY_DIR         = queries/stackoverflow/SQLStorm/5150.sql
  LOGS_DIR          = logs/so_timeouts/warm_stepup/so_timeouts_300s_20261006T102405Z  (query_timing_/query_samples_/query_catalog_stackoverflow_1gb.csv)
  DB_NAME / DB_USER = stackoverflow_1gb / postgres
  PGPORT            = 5434  (server reports 18.6)
  RUN_ID            = CF0865AE6B1625C3
  WARMUP            = 1 single-copy warm-ups (the first primes the cache)
  BATCH_SIZES       = 1  x RUNS=1 measured batches each
  WORKERS           = (planner default)
  STATEMENT_TIMEOUT = 300
  THERMAL_EQUALISE  = gate (T_LO=40 T_HI=60 preheat<=60s cooldown<=120s)
  sensors           = pkg:/sys/class/hwmon/hwmon8/temp1_input cores:4 cpufreq:8 throttle:8/8
  WARMUP_FAIL_SKIP  = on (a failed warm-up skips the query's measured batches)
  IDLE_BASELINE_S   = off
  SIGLESS_ADDR      = (disabled)
Found 1 query under queries/stackoverflow/SQLStorm/5150.sql

RAPL: powercap, 1 package, domains: pkg core gpu/uncore dram

[1/1] queries/stackoverflow/SQLStorm/5150.sql (1 warmup + step-up 1 x1)
  thermal gate: waited 4s -> 60.0 C
  warmup 1/1: 44.296625 sec (cache prime)
  N=1   batch 1/1: 43.911069 sec, 1 copy (server sum 43853.430 ms)
  done: 1 size x 1 run (0 failures)

Done. Batch rows appended to logs/so_timeouts/warm_stepup/so_timeouts_300s_20261006T102405Z/query_timing_stackoverflow_1gb.csv
Per-copy samples appended to logs/so_timeouts/warm_stepup/so_timeouts_300s_20261006T102405Z/query_samples_stackoverflow_1gb.csv
Machine identity appended to logs/so_timeouts/warm_stepup/so_timeouts_300s_20261006T102405Z/query_runinfo_stackoverflow_1gb.csv
Last batch ended at epoch 1791282923.822 (PREV_END_EPOCH for the next invocation)
===== [13/363] queries/stackoverflow/SQLStorm/11986.sql run_id=14A4A82DD62886E0 =====
query_runner configuration:
  QUERY_DIR         = queries/stackoverflow/SQLStorm/11986.sql
  LOGS_DIR          = logs/so_timeouts/warm_stepup/so_timeouts_300s_20261006T102405Z  (query_timing_/query_samples_/query_catalog_stackoverflow_1gb.csv)
  DB_NAME / DB_USER = stackoverflow_1gb / postgres
  PGPORT            = 5434  (server reports 18.6)
  RUN_ID            = 14A4A82DD62886E0
  WARMUP            = 1 single-copy warm-ups (the first primes the cache)
  BATCH_SIZES       = 1  x RUNS=1 measured batches each
  WORKERS           = (planner default)
  STATEMENT_TIMEOUT = 300
  THERMAL_EQUALISE  = gate (T_LO=40 T_HI=60 preheat<=60s cooldown<=120s)
  sensors           = pkg:/sys/class/hwmon/hwmon8/temp1_input cores:4 cpufreq:8 throttle:8/8
  WARMUP_FAIL_SKIP  = on (a failed warm-up skips the query's measured batches)
  IDLE_BASELINE_S   = off
  SIGLESS_ADDR      = (disabled)
Found 1 query under queries/stackoverflow/SQLStorm/11986.sql

RAPL: powercap, 1 package, domains: pkg core gpu/uncore dram

[1/1] queries/stackoverflow/SQLStorm/11986.sql (1 warmup + step-up 1 x1)
  warmup 1/1: 16.266917 sec (cache prime)
  N=1   batch 1/1: 14.032904 sec, 1 copy (server sum 13975.375 ms)
  done: 1 size x 1 run (0 failures)

Done. Batch rows appended to logs/so_timeouts/warm_stepup/so_timeouts_300s_20261006T102405Z/query_timing_stackoverflow_1gb.csv
Per-copy samples appended to logs/so_timeouts/warm_stepup/so_timeouts_300s_20261006T102405Z/query_samples_stackoverflow_1gb.csv
Machine identity appended to logs/so_timeouts/warm_stepup/so_timeouts_300s_20261006T102405Z/query_runinfo_stackoverflow_1gb.csv
Last batch ended at epoch 1791282957.793 (PREV_END_EPOCH for the next invocation)
===== [14/363] queries/stackoverflow/SQLStorm/26304.sql run_id=84AA2A57E35351A2 =====
query_runner configuration:
  QUERY_DIR         = queries/stackoverflow/SQLStorm/26304.sql
  LOGS_DIR          = logs/so_timeouts/warm_stepup/so_timeouts_300s_20261006T102405Z  (query_timing_/query_samples_/query_catalog_stackoverflow_1gb.csv)
  DB_NAME / DB_USER = stackoverflow_1gb / postgres
  PGPORT            = 5434  (server reports 18.6)
  RUN_ID            = 84AA2A57E35351A2
  WARMUP            = 1 single-copy warm-ups (the first primes the cache)
  BATCH_SIZES       = 1  x RUNS=1 measured batches each
  WORKERS           = (planner default)
  STATEMENT_TIMEOUT = 300
  THERMAL_EQUALISE  = gate (T_LO=40 T_HI=60 preheat<=60s cooldown<=120s)
  sensors           = pkg:/sys/class/hwmon/hwmon8/temp1_input cores:4 cpufreq:8 throttle:8/8
  WARMUP_FAIL_SKIP  = on (a failed warm-up skips the query's measured batches)
  IDLE_BASELINE_S   = off
  SIGLESS_ADDR      = (disabled)
Found 1 query under queries/stackoverflow/SQLStorm/26304.sql

RAPL: powercap, 1 package, domains: pkg core gpu/uncore dram

[1/1] queries/stackoverflow/SQLStorm/26304.sql (1 warmup + step-up 1 x1)
  warmup 1/1: 18.369659 sec (cache prime)
  N=1   batch 1/1: 16.880545 sec, 1 copy (server sum 16821.022 ms)
  done: 1 size x 1 run (0 failures)

Done. Batch rows appended to logs/so_timeouts/warm_stepup/so_timeouts_300s_20261006T102405Z/query_timing_stackoverflow_1gb.csv
Per-copy samples appended to logs/so_timeouts/warm_stepup/so_timeouts_300s_20261006T102405Z/query_samples_stackoverflow_1gb.csv
Machine identity appended to logs/so_timeouts/warm_stepup/so_timeouts_300s_20261006T102405Z/query_runinfo_stackoverflow_1gb.csv
Last batch ended at epoch 1791282996.777 (PREV_END_EPOCH for the next invocation)
===== [15/363] queries/stackoverflow/SQLStorm/11655.sql run_id=DCAE4ACCAA5D4177 =====
query_runner configuration:
  QUERY_DIR         = queries/stackoverflow/SQLStorm/11655.sql
  LOGS_DIR          = logs/so_timeouts/warm_stepup/so_timeouts_300s_20261006T102405Z  (query_timing_/query_samples_/query_catalog_stackoverflow_1gb.csv)
  DB_NAME / DB_USER = stackoverflow_1gb / postgres
  PGPORT            = 5434  (server reports 18.6)
  RUN_ID            = DCAE4ACCAA5D4177
  WARMUP            = 1 single-copy warm-ups (the first primes the cache)
  BATCH_SIZES       = 1  x RUNS=1 measured batches each
  WORKERS           = (planner default)
  STATEMENT_TIMEOUT = 300
  THERMAL_EQUALISE  = gate (T_LO=40 T_HI=60 preheat<=60s cooldown<=120s)
  sensors           = pkg:/sys/class/hwmon/hwmon8/temp1_input cores:4 cpufreq:8 throttle:8/8
  WARMUP_FAIL_SKIP  = on (a failed warm-up skips the query's measured batches)
  IDLE_BASELINE_S   = off
  SIGLESS_ADDR      = (disabled)
Found 1 query under queries/stackoverflow/SQLStorm/11655.sql

RAPL: powercap, 1 package, domains: pkg core gpu/uncore dram

[1/1] queries/stackoverflow/SQLStorm/11655.sql (1 warmup + step-up 1 x1)
  warmup 1/1: 23.167374 sec (cache prime)
  N=1   batch 1/1: 22.799239 sec, 1 copy (server sum 22741.506 ms)
  done: 1 size x 1 run (0 failures)

Done. Batch rows appended to logs/so_timeouts/warm_stepup/so_timeouts_300s_20261006T102405Z/query_timing_stackoverflow_1gb.csv
Per-copy samples appended to logs/so_timeouts/warm_stepup/so_timeouts_300s_20261006T102405Z/query_samples_stackoverflow_1gb.csv
Machine identity appended to logs/so_timeouts/warm_stepup/so_timeouts_300s_20261006T102405Z/query_runinfo_stackoverflow_1gb.csv
Last batch ended at epoch 1791283046.709 (PREV_END_EPOCH for the next invocation)
===== [16/363] queries/stackoverflow/SQLStorm/14347.sql run_id=9D7CB75E950D793A =====
query_runner configuration:
  QUERY_DIR         = queries/stackoverflow/SQLStorm/14347.sql
  LOGS_DIR          = logs/so_timeouts/warm_stepup/so_timeouts_300s_20261006T102405Z  (query_timing_/query_samples_/query_catalog_stackoverflow_1gb.csv)
  DB_NAME / DB_USER = stackoverflow_1gb / postgres
  PGPORT            = 5434  (server reports 18.6)
  RUN_ID            = 9D7CB75E950D793A
  WARMUP            = 1 single-copy warm-ups (the first primes the cache)
  BATCH_SIZES       = 1  x RUNS=1 measured batches each
  WORKERS           = (planner default)
  STATEMENT_TIMEOUT = 300
  THERMAL_EQUALISE  = gate (T_LO=40 T_HI=60 preheat<=60s cooldown<=120s)
  sensors           = pkg:/sys/class/hwmon/hwmon8/temp1_input cores:4 cpufreq:8 throttle:8/8
  WARMUP_FAIL_SKIP  = on (a failed warm-up skips the query's measured batches)
  IDLE_BASELINE_S   = off
  SIGLESS_ADDR      = (disabled)
Found 1 query under queries/stackoverflow/SQLStorm/14347.sql

RAPL: powercap, 1 package, domains: pkg core gpu/uncore dram

[1/1] queries/stackoverflow/SQLStorm/14347.sql (1 warmup + step-up 1 x1)
  warmup 1/1: 39.848529 sec (cache prime)
  N=1   batch 1/1: 39.209961 sec, 1 copy (server sum 39153.394 ms)
  done: 1 size x 1 run (0 failures)

Done. Batch rows appended to logs/so_timeouts/warm_stepup/so_timeouts_300s_20261006T102405Z/query_timing_stackoverflow_1gb.csv
Per-copy samples appended to logs/so_timeouts/warm_stepup/so_timeouts_300s_20261006T102405Z/query_samples_stackoverflow_1gb.csv
Machine identity appended to logs/so_timeouts/warm_stepup/so_timeouts_300s_20261006T102405Z/query_runinfo_stackoverflow_1gb.csv
Last batch ended at epoch 1791283129.346 (PREV_END_EPOCH for the next invocation)
===== [17/363] queries/stackoverflow/SQLStorm/6594.sql run_id=59B8D8204409AA5E =====
query_runner configuration:
  QUERY_DIR         = queries/stackoverflow/SQLStorm/6594.sql
  LOGS_DIR          = logs/so_timeouts/warm_stepup/so_timeouts_300s_20261006T102405Z  (query_timing_/query_samples_/query_catalog_stackoverflow_1gb.csv)
  DB_NAME / DB_USER = stackoverflow_1gb / postgres
  PGPORT            = 5434  (server reports 18.6)
  RUN_ID            = 59B8D8204409AA5E
  WARMUP            = 1 single-copy warm-ups (the first primes the cache)
  BATCH_SIZES       = 1  x RUNS=1 measured batches each
  WORKERS           = (planner default)
  STATEMENT_TIMEOUT = 300
  THERMAL_EQUALISE  = gate (T_LO=40 T_HI=60 preheat<=60s cooldown<=120s)
  sensors           = pkg:/sys/class/hwmon/hwmon8/temp1_input cores:4 cpufreq:8 throttle:8/8
  WARMUP_FAIL_SKIP  = on (a failed warm-up skips the query's measured batches)
  IDLE_BASELINE_S   = off
  SIGLESS_ADDR      = (disabled)
Found 1 query under queries/stackoverflow/SQLStorm/6594.sql

RAPL: powercap, 1 package, domains: pkg core gpu/uncore dram

[1/1] queries/stackoverflow/SQLStorm/6594.sql (1 warmup + step-up 1 x1)
  warmup 1/1: 32.565870 sec (cache prime)
  N=1   batch 1/1: 32.048897 sec, 1 copy (server sum 31990.674 ms)
  done: 1 size x 1 run (0 failures)

Done. Batch rows appended to logs/so_timeouts/warm_stepup/so_timeouts_300s_20261006T102405Z/query_timing_stackoverflow_1gb.csv
Per-copy samples appended to logs/so_timeouts/warm_stepup/so_timeouts_300s_20261006T102405Z/query_samples_stackoverflow_1gb.csv
Machine identity appended to logs/so_timeouts/warm_stepup/so_timeouts_300s_20261006T102405Z/query_runinfo_stackoverflow_1gb.csv
Last batch ended at epoch 1791283197.129 (PREV_END_EPOCH for the next invocation)
===== [18/363] queries/stackoverflow/SQLStorm/13225.sql run_id=006A4B8297954A2B =====
query_runner configuration:
  QUERY_DIR         = queries/stackoverflow/SQLStorm/13225.sql
  LOGS_DIR          = logs/so_timeouts/warm_stepup/so_timeouts_300s_20261006T102405Z  (query_timing_/query_samples_/query_catalog_stackoverflow_1gb.csv)
  DB_NAME / DB_USER = stackoverflow_1gb / postgres
  PGPORT            = 5434  (server reports 18.6)
  RUN_ID            = 006A4B8297954A2B
  WARMUP            = 1 single-copy warm-ups (the first primes the cache)
  BATCH_SIZES       = 1  x RUNS=1 measured batches each
  WORKERS           = (planner default)
  STATEMENT_TIMEOUT = 300
  THERMAL_EQUALISE  = gate (T_LO=40 T_HI=60 preheat<=60s cooldown<=120s)
  sensors           = pkg:/sys/class/hwmon/hwmon8/temp1_input cores:4 cpufreq:8 throttle:8/8
  WARMUP_FAIL_SKIP  = on (a failed warm-up skips the query's measured batches)
  IDLE_BASELINE_S   = off
  SIGLESS_ADDR      = (disabled)
Found 1 query under queries/stackoverflow/SQLStorm/13225.sql

RAPL: powercap, 1 package, domains: pkg core gpu/uncore dram

[1/1] queries/stackoverflow/SQLStorm/13225.sql (1 warmup + step-up 1 x1)
  warmup 1/1: 33.983229 sec (cache prime)
  N=1   batch 1/1: 33.593020 sec, 1 copy (server sum 33535.922 ms)
  done: 1 size x 1 run (0 failures)

Done. Batch rows appended to logs/so_timeouts/warm_stepup/so_timeouts_300s_20261006T102405Z/query_timing_stackoverflow_1gb.csv
Per-copy samples appended to logs/so_timeouts/warm_stepup/so_timeouts_300s_20261006T102405Z/query_samples_stackoverflow_1gb.csv
Machine identity appended to logs/so_timeouts/warm_stepup/so_timeouts_300s_20261006T102405Z/query_runinfo_stackoverflow_1gb.csv
Last batch ended at epoch 1791283268.465 (PREV_END_EPOCH for the next invocation)
===== [19/363] queries/stackoverflow/SQLStorm/29374.sql run_id=E623379F2D78029C =====
query_runner configuration:
  QUERY_DIR         = queries/stackoverflow/SQLStorm/29374.sql
  LOGS_DIR          = logs/so_timeouts/warm_stepup/so_timeouts_300s_20261006T102405Z  (query_timing_/query_samples_/query_catalog_stackoverflow_1gb.csv)
  DB_NAME / DB_USER = stackoverflow_1gb / postgres
  PGPORT            = 5434  (server reports 18.6)
  RUN_ID            = E623379F2D78029C
  WARMUP            = 1 single-copy warm-ups (the first primes the cache)
  BATCH_SIZES       = 1  x RUNS=1 measured batches each
  WORKERS           = (planner default)
  STATEMENT_TIMEOUT = 300
  THERMAL_EQUALISE  = gate (T_LO=40 T_HI=60 preheat<=60s cooldown<=120s)
  sensors           = pkg:/sys/class/hwmon/hwmon8/temp1_input cores:4 cpufreq:8 throttle:8/8
  WARMUP_FAIL_SKIP  = on (a failed warm-up skips the query's measured batches)
  IDLE_BASELINE_S   = off
  SIGLESS_ADDR      = (disabled)
Found 1 query under queries/stackoverflow/SQLStorm/29374.sql

RAPL: powercap, 1 package, domains: pkg core gpu/uncore dram

[1/1] queries/stackoverflow/SQLStorm/29374.sql (1 warmup + step-up 1 x1)
  warmup 1/1: 19.603163 sec (cache prime)
  N=1   batch 1/1: 18.704498 sec, 1 copy (server sum 18646.563 ms)
  done: 1 size x 1 run (0 failures)

Done. Batch rows appended to logs/so_timeouts/warm_stepup/so_timeouts_300s_20261006T102405Z/query_timing_stackoverflow_1gb.csv
Per-copy samples appended to logs/so_timeouts/warm_stepup/so_timeouts_300s_20261006T102405Z/query_samples_stackoverflow_1gb.csv
Machine identity appended to logs/so_timeouts/warm_stepup/so_timeouts_300s_20261006T102405Z/query_runinfo_stackoverflow_1gb.csv
Last batch ended at epoch 1791283310.407 (PREV_END_EPOCH for the next invocation)
===== [20/363] queries/stackoverflow/SQLStorm/26314.sql run_id=36624B5420BFA387 =====
query_runner configuration:
  QUERY_DIR         = queries/stackoverflow/SQLStorm/26314.sql
  LOGS_DIR          = logs/so_timeouts/warm_stepup/so_timeouts_300s_20261006T102405Z  (query_timing_/query_samples_/query_catalog_stackoverflow_1gb.csv)
  DB_NAME / DB_USER = stackoverflow_1gb / postgres
  PGPORT            = 5434  (server reports 18.6)
  RUN_ID            = 36624B5420BFA387
  WARMUP            = 1 single-copy warm-ups (the first primes the cache)
  BATCH_SIZES       = 1  x RUNS=1 measured batches each
  WORKERS           = (planner default)
  STATEMENT_TIMEOUT = 300
  THERMAL_EQUALISE  = gate (T_LO=40 T_HI=60 preheat<=60s cooldown<=120s)
  sensors           = pkg:/sys/class/hwmon/hwmon8/temp1_input cores:4 cpufreq:8 throttle:8/8
  WARMUP_FAIL_SKIP  = on (a failed warm-up skips the query's measured batches)
  IDLE_BASELINE_S   = off
  SIGLESS_ADDR      = (disabled)
Found 1 query under queries/stackoverflow/SQLStorm/26314.sql

RAPL: powercap, 1 package, domains: pkg core gpu/uncore dram

[1/1] queries/stackoverflow/SQLStorm/26314.sql (1 warmup + step-up 1 x1)
  thermal gate: waited 2s -> 59.0 C
  warmup 1/1: 19.507215 sec (cache prime)
  N=1   batch 1/1: 17.490819 sec, 1 copy (server sum 17431.822 ms)
  done: 1 size x 1 run (0 failures)

Done. Batch rows appended to logs/so_timeouts/warm_stepup/so_timeouts_300s_20261006T102405Z/query_timing_stackoverflow_1gb.csv
Per-copy samples appended to logs/so_timeouts/warm_stepup/so_timeouts_300s_20261006T102405Z/query_samples_stackoverflow_1gb.csv
Machine identity appended to logs/so_timeouts/warm_stepup/so_timeouts_300s_20261006T102405Z/query_runinfo_stackoverflow_1gb.csv
Last batch ended at epoch 1791283353.364 (PREV_END_EPOCH for the next invocation)
===== [21/363] queries/stackoverflow/SQLStorm/12357.sql run_id=6A704576747F02FA =====
query_runner configuration:
  QUERY_DIR         = queries/stackoverflow/SQLStorm/12357.sql
  LOGS_DIR          = logs/so_timeouts/warm_stepup/so_timeouts_300s_20261006T102405Z  (query_timing_/query_samples_/query_catalog_stackoverflow_1gb.csv)
  DB_NAME / DB_USER = stackoverflow_1gb / postgres
  PGPORT            = 5434  (server reports 18.6)
  RUN_ID            = 6A704576747F02FA
  WARMUP            = 1 single-copy warm-ups (the first primes the cache)
  BATCH_SIZES       = 1  x RUNS=1 measured batches each
  WORKERS           = (planner default)
  STATEMENT_TIMEOUT = 300
  THERMAL_EQUALISE  = gate (T_LO=40 T_HI=60 preheat<=60s cooldown<=120s)
  sensors           = pkg:/sys/class/hwmon/hwmon8/temp1_input cores:4 cpufreq:8 throttle:8/8
  WARMUP_FAIL_SKIP  = on (a failed warm-up skips the query's measured batches)
  IDLE_BASELINE_S   = off
  SIGLESS_ADDR      = (disabled)
Found 1 query under queries/stackoverflow/SQLStorm/12357.sql

RAPL: powercap, 1 package, domains: pkg core gpu/uncore dram

[1/1] queries/stackoverflow/SQLStorm/12357.sql (1 warmup + step-up 1 x1)
  warmup 1/1: 27.688488 sec (cache prime)
  N=1   batch 1/1: 27.337134 sec, 1 copy (server sum 27280.371 ms)
  done: 1 size x 1 run (0 failures)

Done. Batch rows appended to logs/so_timeouts/warm_stepup/so_timeouts_300s_20261006T102405Z/query_timing_stackoverflow_1gb.csv
Per-copy samples appended to logs/so_timeouts/warm_stepup/so_timeouts_300s_20261006T102405Z/query_samples_stackoverflow_1gb.csv
Machine identity appended to logs/so_timeouts/warm_stepup/so_timeouts_300s_20261006T102405Z/query_runinfo_stackoverflow_1gb.csv
Last batch ended at epoch 1791283412.430 (PREV_END_EPOCH for the next invocation)
===== [22/363] queries/stackoverflow/SQLStorm/13441.sql run_id=2C03AB9E54CB9DC6 =====
query_runner configuration:
  QUERY_DIR         = queries/stackoverflow/SQLStorm/13441.sql
  LOGS_DIR          = logs/so_timeouts/warm_stepup/so_timeouts_300s_20261006T102405Z  (query_timing_/query_samples_/query_catalog_stackoverflow_1gb.csv)
  DB_NAME / DB_USER = stackoverflow_1gb / postgres
  PGPORT            = 5434  (server reports 18.6)
  RUN_ID            = 2C03AB9E54CB9DC6
  WARMUP            = 1 single-copy warm-ups (the first primes the cache)
  BATCH_SIZES       = 1  x RUNS=1 measured batches each
  WORKERS           = (planner default)
  STATEMENT_TIMEOUT = 300
  THERMAL_EQUALISE  = gate (T_LO=40 T_HI=60 preheat<=60s cooldown<=120s)
  sensors           = pkg:/sys/class/hwmon/hwmon8/temp1_input cores:4 cpufreq:8 throttle:8/8
  WARMUP_FAIL_SKIP  = on (a failed warm-up skips the query's measured batches)
  IDLE_BASELINE_S   = off
  SIGLESS_ADDR      = (disabled)
Found 1 query under queries/stackoverflow/SQLStorm/13441.sql

RAPL: powercap, 1 package, domains: pkg core gpu/uncore dram

[1/1] queries/stackoverflow/SQLStorm/13441.sql (1 warmup + step-up 1 x1)
  warmup 1/1: 20.012888 sec (cache prime)
  N=1   batch 1/1: 18.638439 sec, 1 copy (server sum 18580.457 ms)
  done: 1 size x 1 run (0 failures)

Done. Batch rows appended to logs/so_timeouts/warm_stepup/so_timeouts_300s_20261006T102405Z/query_timing_stackoverflow_1gb.csv
Per-copy samples appended to logs/so_timeouts/warm_stepup/so_timeouts_300s_20261006T102405Z/query_samples_stackoverflow_1gb.csv
Machine identity appended to logs/so_timeouts/warm_stepup/so_timeouts_300s_20261006T102405Z/query_runinfo_stackoverflow_1gb.csv
Last batch ended at epoch 1791283454.764 (PREV_END_EPOCH for the next invocation)
===== [23/363] queries/stackoverflow/SQLStorm/25005.sql run_id=5B674BBB02610E3D =====
query_runner configuration:
  QUERY_DIR         = queries/stackoverflow/SQLStorm/25005.sql
  LOGS_DIR          = logs/so_timeouts/warm_stepup/so_timeouts_300s_20261006T102405Z  (query_timing_/query_samples_/query_catalog_stackoverflow_1gb.csv)
  DB_NAME / DB_USER = stackoverflow_1gb / postgres
  PGPORT            = 5434  (server reports 18.6)
  RUN_ID            = 5B674BBB02610E3D
  WARMUP            = 1 single-copy warm-ups (the first primes the cache)
  BATCH_SIZES       = 1  x RUNS=1 measured batches each
  WORKERS           = (planner default)
  STATEMENT_TIMEOUT = 300
  THERMAL_EQUALISE  = gate (T_LO=40 T_HI=60 preheat<=60s cooldown<=120s)
  sensors           = pkg:/sys/class/hwmon/hwmon8/temp1_input cores:4 cpufreq:8 throttle:8/8
  WARMUP_FAIL_SKIP  = on (a failed warm-up skips the query's measured batches)
  IDLE_BASELINE_S   = off
  SIGLESS_ADDR      = (disabled)
Found 1 query under queries/stackoverflow/SQLStorm/25005.sql

RAPL: powercap, 1 package, domains: pkg core gpu/uncore dram

[1/1] queries/stackoverflow/SQLStorm/25005.sql (1 warmup + step-up 1 x1)
  warmup 1/1: 14.904054 sec (cache prime)
  N=1   batch 1/1: 13.776317 sec, 1 copy (server sum 13717.979 ms)
  done: 1 size x 1 run (0 failures)

Done. Batch rows appended to logs/so_timeouts/warm_stepup/so_timeouts_300s_20261006T102405Z/query_timing_stackoverflow_1gb.csv
Per-copy samples appended to logs/so_timeouts/warm_stepup/so_timeouts_300s_20261006T102405Z/query_samples_stackoverflow_1gb.csv
Machine identity appended to logs/so_timeouts/warm_stepup/so_timeouts_300s_20261006T102405Z/query_runinfo_stackoverflow_1gb.csv
Last batch ended at epoch 1791283486.663 (PREV_END_EPOCH for the next invocation)
===== [24/363] queries/stackoverflow/SQLStorm/13217.sql run_id=925EE21CF14CDB26 =====
query_runner configuration:
  QUERY_DIR         = queries/stackoverflow/SQLStorm/13217.sql
  LOGS_DIR          = logs/so_timeouts/warm_stepup/so_timeouts_300s_20261006T102405Z  (query_timing_/query_samples_/query_catalog_stackoverflow_1gb.csv)
  DB_NAME / DB_USER = stackoverflow_1gb / postgres
  PGPORT            = 5434  (server reports 18.6)
  RUN_ID            = 925EE21CF14CDB26
  WARMUP            = 1 single-copy warm-ups (the first primes the cache)
  BATCH_SIZES       = 1  x RUNS=1 measured batches each
  WORKERS           = (planner default)
  STATEMENT_TIMEOUT = 300
  THERMAL_EQUALISE  = gate (T_LO=40 T_HI=60 preheat<=60s cooldown<=120s)
  sensors           = pkg:/sys/class/hwmon/hwmon8/temp1_input cores:4 cpufreq:8 throttle:8/8
  WARMUP_FAIL_SKIP  = on (a failed warm-up skips the query's measured batches)
  IDLE_BASELINE_S   = off
  SIGLESS_ADDR      = (disabled)
Found 1 query under queries/stackoverflow/SQLStorm/13217.sql

RAPL: powercap, 1 package, domains: pkg core gpu/uncore dram

[1/1] queries/stackoverflow/SQLStorm/13217.sql (1 warmup + step-up 1 x1)
  warmup 1/1: 35.361574 sec (cache prime)
  N=1   batch 1/1: 34.724947 sec, 1 copy (server sum 34667.757 ms)
  done: 1 size x 1 run (0 failures)

Done. Batch rows appended to logs/so_timeouts/warm_stepup/so_timeouts_300s_20261006T102405Z/query_timing_stackoverflow_1gb.csv
Per-copy samples appended to logs/so_timeouts/warm_stepup/so_timeouts_300s_20261006T102405Z/query_samples_stackoverflow_1gb.csv
Machine identity appended to logs/so_timeouts/warm_stepup/so_timeouts_300s_20261006T102405Z/query_runinfo_stackoverflow_1gb.csv
Last batch ended at epoch 1791283560.827 (PREV_END_EPOCH for the next invocation)
===== [25/363] queries/stackoverflow/SQLStorm/28731.sql run_id=30990BC57B9C5C26 =====
query_runner configuration:
  QUERY_DIR         = queries/stackoverflow/SQLStorm/28731.sql
  LOGS_DIR          = logs/so_timeouts/warm_stepup/so_timeouts_300s_20261006T102405Z  (query_timing_/query_samples_/query_catalog_stackoverflow_1gb.csv)
  DB_NAME / DB_USER = stackoverflow_1gb / postgres
  PGPORT            = 5434  (server reports 18.6)
  RUN_ID            = 30990BC57B9C5C26
  WARMUP            = 1 single-copy warm-ups (the first primes the cache)
  BATCH_SIZES       = 1  x RUNS=1 measured batches each
  WORKERS           = (planner default)
  STATEMENT_TIMEOUT = 300
  THERMAL_EQUALISE  = gate (T_LO=40 T_HI=60 preheat<=60s cooldown<=120s)
  sensors           = pkg:/sys/class/hwmon/hwmon8/temp1_input cores:4 cpufreq:8 throttle:8/8
  WARMUP_FAIL_SKIP  = on (a failed warm-up skips the query's measured batches)
  IDLE_BASELINE_S   = off
  SIGLESS_ADDR      = (disabled)
Found 1 query under queries/stackoverflow/SQLStorm/28731.sql

RAPL: powercap, 1 package, domains: pkg core gpu/uncore dram

[1/1] queries/stackoverflow/SQLStorm/28731.sql (1 warmup + step-up 1 x1)
  warmup 1/1: 45.728834 sec (cache prime)
  N=1   batch 1/1: 45.418989 sec, 1 copy (server sum 45361.205 ms)
  done: 1 size x 1 run (0 failures)

Done. Batch rows appended to logs/so_timeouts/warm_stepup/so_timeouts_300s_20261006T102405Z/query_timing_stackoverflow_1gb.csv
Per-copy samples appended to logs/so_timeouts/warm_stepup/so_timeouts_300s_20261006T102405Z/query_samples_stackoverflow_1gb.csv
Machine identity appended to logs/so_timeouts/warm_stepup/so_timeouts_300s_20261006T102405Z/query_runinfo_stackoverflow_1gb.csv
Last batch ended at epoch 1791283655.310 (PREV_END_EPOCH for the next invocation)
===== [26/363] queries/stackoverflow/SQLStorm/32456.sql run_id=73CE76F8CAE45FD9 =====
query_runner configuration:
  QUERY_DIR         = queries/stackoverflow/SQLStorm/32456.sql
  LOGS_DIR          = logs/so_timeouts/warm_stepup/so_timeouts_300s_20261006T102405Z  (query_timing_/query_samples_/query_catalog_stackoverflow_1gb.csv)
  DB_NAME / DB_USER = stackoverflow_1gb / postgres
  PGPORT            = 5434  (server reports 18.6)
  RUN_ID            = 73CE76F8CAE45FD9
  WARMUP            = 1 single-copy warm-ups (the first primes the cache)
  BATCH_SIZES       = 1  x RUNS=1 measured batches each
  WORKERS           = (planner default)
  STATEMENT_TIMEOUT = 300
  THERMAL_EQUALISE  = gate (T_LO=40 T_HI=60 preheat<=60s cooldown<=120s)
  sensors           = pkg:/sys/class/hwmon/hwmon8/temp1_input cores:4 cpufreq:8 throttle:8/8
  WARMUP_FAIL_SKIP  = on (a failed warm-up skips the query's measured batches)
  IDLE_BASELINE_S   = off
  SIGLESS_ADDR      = (disabled)
Found 1 query under queries/stackoverflow/SQLStorm/32456.sql

RAPL: powercap, 1 package, domains: pkg core gpu/uncore dram

[1/1] queries/stackoverflow/SQLStorm/32456.sql (1 warmup + step-up 1 x1)
  warmup 1/1: 111.014227 sec (cache prime)
  N=1   batch 1/1: 109.497666 sec, 1 copy (server sum 109439.714 ms)
  done: 1 size x 1 run (0 failures)

Done. Batch rows appended to logs/so_timeouts/warm_stepup/so_timeouts_300s_20261006T102405Z/query_timing_stackoverflow_1gb.csv
Per-copy samples appended to logs/so_timeouts/warm_stepup/so_timeouts_300s_20261006T102405Z/query_samples_stackoverflow_1gb.csv
Machine identity appended to logs/so_timeouts/warm_stepup/so_timeouts_300s_20261006T102405Z/query_runinfo_stackoverflow_1gb.csv
Last batch ended at epoch 1791283879.444 (PREV_END_EPOCH for the next invocation)
===== [27/363] queries/stackoverflow/SQLStorm/13538.sql run_id=BB9C6B07ABC82A16 =====
query_runner configuration:
  QUERY_DIR         = queries/stackoverflow/SQLStorm/13538.sql
  LOGS_DIR          = logs/so_timeouts/warm_stepup/so_timeouts_300s_20261006T102405Z  (query_timing_/query_samples_/query_catalog_stackoverflow_1gb.csv)
  DB_NAME / DB_USER = stackoverflow_1gb / postgres
  PGPORT            = 5434  (server reports 18.6)
  RUN_ID            = BB9C6B07ABC82A16
  WARMUP            = 1 single-copy warm-ups (the first primes the cache)
  BATCH_SIZES       = 1  x RUNS=1 measured batches each
  WORKERS           = (planner default)
  STATEMENT_TIMEOUT = 300
  THERMAL_EQUALISE  = gate (T_LO=40 T_HI=60 preheat<=60s cooldown<=120s)
  sensors           = pkg:/sys/class/hwmon/hwmon8/temp1_input cores:4 cpufreq:8 throttle:8/8
  WARMUP_FAIL_SKIP  = on (a failed warm-up skips the query's measured batches)
  IDLE_BASELINE_S   = off
  SIGLESS_ADDR      = (disabled)
Found 1 query under queries/stackoverflow/SQLStorm/13538.sql

RAPL: powercap, 1 package, domains: pkg core gpu/uncore dram

[1/1] queries/stackoverflow/SQLStorm/13538.sql (1 warmup + step-up 1 x1)
  warmup 1/1: 16.656852 sec (cache prime)
  N=1   batch 1/1: 15.877411 sec, 1 copy (server sum 15820.624 ms)
  done: 1 size x 1 run (0 failures)

Done. Batch rows appended to logs/so_timeouts/warm_stepup/so_timeouts_300s_20261006T102405Z/query_timing_stackoverflow_1gb.csv
Per-copy samples appended to logs/so_timeouts/warm_stepup/so_timeouts_300s_20261006T102405Z/query_samples_stackoverflow_1gb.csv
Machine identity appended to logs/so_timeouts/warm_stepup/so_timeouts_300s_20261006T102405Z/query_runinfo_stackoverflow_1gb.csv
Last batch ended at epoch 1791283916.353 (PREV_END_EPOCH for the next invocation)
===== [28/363] queries/stackoverflow/SQLStorm/834.sql run_id=4F4D93726FE2F368 =====
query_runner configuration:
  QUERY_DIR         = queries/stackoverflow/SQLStorm/834.sql
  LOGS_DIR          = logs/so_timeouts/warm_stepup/so_timeouts_300s_20261006T102405Z  (query_timing_/query_samples_/query_catalog_stackoverflow_1gb.csv)
  DB_NAME / DB_USER = stackoverflow_1gb / postgres
  PGPORT            = 5434  (server reports 18.6)
  RUN_ID            = 4F4D93726FE2F368
  WARMUP            = 1 single-copy warm-ups (the first primes the cache)
  BATCH_SIZES       = 1  x RUNS=1 measured batches each
  WORKERS           = (planner default)
  STATEMENT_TIMEOUT = 300
  THERMAL_EQUALISE  = gate (T_LO=40 T_HI=60 preheat<=60s cooldown<=120s)
  sensors           = pkg:/sys/class/hwmon/hwmon8/temp1_input cores:4 cpufreq:8 throttle:8/8
  WARMUP_FAIL_SKIP  = on (a failed warm-up skips the query's measured batches)
  IDLE_BASELINE_S   = off
  SIGLESS_ADDR      = (disabled)
Found 1 query under queries/stackoverflow/SQLStorm/834.sql

RAPL: powercap, 1 package, domains: pkg core gpu/uncore dram

[1/1] queries/stackoverflow/SQLStorm/834.sql (1 warmup + step-up 1 x1)
  warmup 1/1: 24.042102 sec (cache prime)
  N=1   batch 1/1: 23.026445 sec, 1 copy (server sum 22968.008 ms)
  done: 1 size x 1 run (0 failures)

Done. Batch rows appended to logs/so_timeouts/warm_stepup/so_timeouts_300s_20261006T102405Z/query_timing_stackoverflow_1gb.csv
Per-copy samples appended to logs/so_timeouts/warm_stepup/so_timeouts_300s_20261006T102405Z/query_samples_stackoverflow_1gb.csv
Machine identity appended to logs/so_timeouts/warm_stepup/so_timeouts_300s_20261006T102405Z/query_runinfo_stackoverflow_1gb.csv
Last batch ended at epoch 1791283967.346 (PREV_END_EPOCH for the next invocation)
===== [29/363] queries/stackoverflow/SQLStorm/823.sql run_id=4054D36E2C20C0AC =====
query_runner configuration:
  QUERY_DIR         = queries/stackoverflow/SQLStorm/823.sql
  LOGS_DIR          = logs/so_timeouts/warm_stepup/so_timeouts_300s_20261006T102405Z  (query_timing_/query_samples_/query_catalog_stackoverflow_1gb.csv)
  DB_NAME / DB_USER = stackoverflow_1gb / postgres
  PGPORT            = 5434  (server reports 18.6)
  RUN_ID            = 4054D36E2C20C0AC
  WARMUP            = 1 single-copy warm-ups (the first primes the cache)
  BATCH_SIZES       = 1  x RUNS=1 measured batches each
  WORKERS           = (planner default)
  STATEMENT_TIMEOUT = 300
  THERMAL_EQUALISE  = gate (T_LO=40 T_HI=60 preheat<=60s cooldown<=120s)
  sensors           = pkg:/sys/class/hwmon/hwmon8/temp1_input cores:4 cpufreq:8 throttle:8/8
  WARMUP_FAIL_SKIP  = on (a failed warm-up skips the query's measured batches)
  IDLE_BASELINE_S   = off
  SIGLESS_ADDR      = (disabled)
Found 1 query under queries/stackoverflow/SQLStorm/823.sql

RAPL: powercap, 1 package, domains: pkg core gpu/uncore dram

[1/1] queries/stackoverflow/SQLStorm/823.sql (1 warmup + step-up 1 x1)
  thermal gate: waited 2s -> 60.0 C
  warmup 1/1: 31.370202 sec (cache prime)
  N=1   batch 1/1: 30.328313 sec, 1 copy (server sum 30269.518 ms)
  done: 1 size x 1 run (0 failures)

Done. Batch rows appended to logs/so_timeouts/warm_stepup/so_timeouts_300s_20261006T102405Z/query_timing_stackoverflow_1gb.csv
Per-copy samples appended to logs/so_timeouts/warm_stepup/so_timeouts_300s_20261006T102405Z/query_samples_stackoverflow_1gb.csv
Machine identity appended to logs/so_timeouts/warm_stepup/so_timeouts_300s_20261006T102405Z/query_runinfo_stackoverflow_1gb.csv
Last batch ended at epoch 1791284034.984 (PREV_END_EPOCH for the next invocation)
===== [30/363] queries/stackoverflow/SQLStorm/24866.sql run_id=1069E0C1A2B4AEE9 =====
query_runner configuration:
  QUERY_DIR         = queries/stackoverflow/SQLStorm/24866.sql
  LOGS_DIR          = logs/so_timeouts/warm_stepup/so_timeouts_300s_20261006T102405Z  (query_timing_/query_samples_/query_catalog_stackoverflow_1gb.csv)
  DB_NAME / DB_USER = stackoverflow_1gb / postgres
  PGPORT            = 5434  (server reports 18.6)
  RUN_ID            = 1069E0C1A2B4AEE9
  WARMUP            = 1 single-copy warm-ups (the first primes the cache)
  BATCH_SIZES       = 1  x RUNS=1 measured batches each
  WORKERS           = (planner default)
  STATEMENT_TIMEOUT = 300
  THERMAL_EQUALISE  = gate (T_LO=40 T_HI=60 preheat<=60s cooldown<=120s)
  sensors           = pkg:/sys/class/hwmon/hwmon8/temp1_input cores:4 cpufreq:8 throttle:8/8
  WARMUP_FAIL_SKIP  = on (a failed warm-up skips the query's measured batches)
  IDLE_BASELINE_S   = off
  SIGLESS_ADDR      = (disabled)
Found 1 query under queries/stackoverflow/SQLStorm/24866.sql

RAPL: powercap, 1 package, domains: pkg core gpu/uncore dram

[1/1] queries/stackoverflow/SQLStorm/24866.sql (1 warmup + step-up 1 x1)
  warmup 1/1: 19.243488 sec (cache prime)
  N=1   batch 1/1: 17.852741 sec, 1 copy (server sum 17794.197 ms)
  done: 1 size x 1 run (0 failures)

Done. Batch rows appended to logs/so_timeouts/warm_stepup/so_timeouts_300s_20261006T102405Z/query_timing_stackoverflow_1gb.csv
Per-copy samples appended to logs/so_timeouts/warm_stepup/so_timeouts_300s_20261006T102405Z/query_samples_stackoverflow_1gb.csv
Machine identity appended to logs/so_timeouts/warm_stepup/so_timeouts_300s_20261006T102405Z/query_runinfo_stackoverflow_1gb.csv
Last batch ended at epoch 1791284076.373 (PREV_END_EPOCH for the next invocation)
===== [31/363] queries/stackoverflow/SQLStorm/29394.sql run_id=2C322D5B1867896B =====
query_runner configuration:
  QUERY_DIR         = queries/stackoverflow/SQLStorm/29394.sql
  LOGS_DIR          = logs/so_timeouts/warm_stepup/so_timeouts_300s_20261006T102405Z  (query_timing_/query_samples_/query_catalog_stackoverflow_1gb.csv)
  DB_NAME / DB_USER = stackoverflow_1gb / postgres
  PGPORT            = 5434  (server reports 18.6)
  RUN_ID            = 2C322D5B1867896B
  WARMUP            = 1 single-copy warm-ups (the first primes the cache)
  BATCH_SIZES       = 1  x RUNS=1 measured batches each
  WORKERS           = (planner default)
  STATEMENT_TIMEOUT = 300
  THERMAL_EQUALISE  = gate (T_LO=40 T_HI=60 preheat<=60s cooldown<=120s)
  sensors           = pkg:/sys/class/hwmon/hwmon8/temp1_input cores:4 cpufreq:8 throttle:8/8
  WARMUP_FAIL_SKIP  = on (a failed warm-up skips the query's measured batches)
  IDLE_BASELINE_S   = off
  SIGLESS_ADDR      = (disabled)
Found 1 query under queries/stackoverflow/SQLStorm/29394.sql

RAPL: powercap, 1 package, domains: pkg core gpu/uncore dram

[1/1] queries/stackoverflow/SQLStorm/29394.sql (1 warmup + step-up 1 x1)
  thermal gate: waited 2s -> 59.0 C
  warmup 1/1: 38.821668 sec (cache prime)
  N=1   batch 1/1: 37.755609 sec, 1 copy (server sum 37697.315 ms)
  done: 1 size x 1 run (0 failures)

Done. Batch rows appended to logs/so_timeouts/warm_stepup/so_timeouts_300s_20261006T102405Z/query_timing_stackoverflow_1gb.csv
Per-copy samples appended to logs/so_timeouts/warm_stepup/so_timeouts_300s_20261006T102405Z/query_samples_stackoverflow_1gb.csv
Machine identity appended to logs/so_timeouts/warm_stepup/so_timeouts_300s_20261006T102405Z/query_runinfo_stackoverflow_1gb.csv
Last batch ended at epoch 1791284159.145 (PREV_END_EPOCH for the next invocation)
===== [32/363] queries/stackoverflow/SQLStorm/13800.sql run_id=F15D7F0EB2A830C4 =====
query_runner configuration:
  QUERY_DIR         = queries/stackoverflow/SQLStorm/13800.sql
  LOGS_DIR          = logs/so_timeouts/warm_stepup/so_timeouts_300s_20261006T102405Z  (query_timing_/query_samples_/query_catalog_stackoverflow_1gb.csv)
  DB_NAME / DB_USER = stackoverflow_1gb / postgres
  PGPORT            = 5434  (server reports 18.6)
  RUN_ID            = F15D7F0EB2A830C4
  WARMUP            = 1 single-copy warm-ups (the first primes the cache)
  BATCH_SIZES       = 1  x RUNS=1 measured batches each
  WORKERS           = (planner default)
  STATEMENT_TIMEOUT = 300
  THERMAL_EQUALISE  = gate (T_LO=40 T_HI=60 preheat<=60s cooldown<=120s)
  sensors           = pkg:/sys/class/hwmon/hwmon8/temp1_input cores:4 cpufreq:8 throttle:8/8
  WARMUP_FAIL_SKIP  = on (a failed warm-up skips the query's measured batches)
  IDLE_BASELINE_S   = off
  SIGLESS_ADDR      = (disabled)
Found 1 query under queries/stackoverflow/SQLStorm/13800.sql

RAPL: powercap, 1 package, domains: pkg core gpu/uncore dram

[1/1] queries/stackoverflow/SQLStorm/13800.sql (1 warmup + step-up 1 x1)
  warmup 1/1: 26.035176 sec (cache prime)
  N=1   batch 1/1: 25.706981 sec, 1 copy (server sum 25649.412 ms)
  done: 1 size x 1 run (0 failures)

Done. Batch rows appended to logs/so_timeouts/warm_stepup/so_timeouts_300s_20261006T102405Z/query_timing_stackoverflow_1gb.csv
Per-copy samples appended to logs/so_timeouts/warm_stepup/so_timeouts_300s_20261006T102405Z/query_samples_stackoverflow_1gb.csv
Machine identity appended to logs/so_timeouts/warm_stepup/so_timeouts_300s_20261006T102405Z/query_runinfo_stackoverflow_1gb.csv
Last batch ended at epoch 1791284214.703 (PREV_END_EPOCH for the next invocation)
===== [33/363] queries/stackoverflow/SQLStorm/10681.sql run_id=E1E8FD36B4AE698F =====
query_runner configuration:
  QUERY_DIR         = queries/stackoverflow/SQLStorm/10681.sql
  LOGS_DIR          = logs/so_timeouts/warm_stepup/so_timeouts_300s_20261006T102405Z  (query_timing_/query_samples_/query_catalog_stackoverflow_1gb.csv)
  DB_NAME / DB_USER = stackoverflow_1gb / postgres
  PGPORT            = 5434  (server reports 18.6)
  RUN_ID            = E1E8FD36B4AE698F
  WARMUP            = 1 single-copy warm-ups (the first primes the cache)
  BATCH_SIZES       = 1  x RUNS=1 measured batches each
  WORKERS           = (planner default)
  STATEMENT_TIMEOUT = 300
  THERMAL_EQUALISE  = gate (T_LO=40 T_HI=60 preheat<=60s cooldown<=120s)
  sensors           = pkg:/sys/class/hwmon/hwmon8/temp1_input cores:4 cpufreq:8 throttle:8/8
  WARMUP_FAIL_SKIP  = on (a failed warm-up skips the query's measured batches)
  IDLE_BASELINE_S   = off
  SIGLESS_ADDR      = (disabled)
Found 1 query under queries/stackoverflow/SQLStorm/10681.sql

RAPL: powercap, 1 package, domains: pkg core gpu/uncore dram

[1/1] queries/stackoverflow/SQLStorm/10681.sql (1 warmup + step-up 1 x1)
  warmup 1/1: 25.740305 sec (cache prime)
  N=1   batch 1/1: 22.452545 sec, 1 copy (server sum 22396.141 ms)
  done: 1 size x 1 run (0 failures)

Done. Batch rows appended to logs/so_timeouts/warm_stepup/so_timeouts_300s_20261006T102405Z/query_timing_stackoverflow_1gb.csv
Per-copy samples appended to logs/so_timeouts/warm_stepup/so_timeouts_300s_20261006T102405Z/query_samples_stackoverflow_1gb.csv
Machine identity appended to logs/so_timeouts/warm_stepup/so_timeouts_300s_20261006T102405Z/query_runinfo_stackoverflow_1gb.csv
Last batch ended at epoch 1791284266.671 (PREV_END_EPOCH for the next invocation)
===== [34/363] queries/stackoverflow/SQLStorm/8893.sql run_id=9C9617F377818B3C =====
query_runner configuration:
  QUERY_DIR         = queries/stackoverflow/SQLStorm/8893.sql
  LOGS_DIR          = logs/so_timeouts/warm_stepup/so_timeouts_300s_20261006T102405Z  (query_timing_/query_samples_/query_catalog_stackoverflow_1gb.csv)
  DB_NAME / DB_USER = stackoverflow_1gb / postgres
  PGPORT            = 5434  (server reports 18.6)
  RUN_ID            = 9C9617F377818B3C
  WARMUP            = 1 single-copy warm-ups (the first primes the cache)
  BATCH_SIZES       = 1  x RUNS=1 measured batches each
  WORKERS           = (planner default)
  STATEMENT_TIMEOUT = 300
  THERMAL_EQUALISE  = gate (T_LO=40 T_HI=60 preheat<=60s cooldown<=120s)
  sensors           = pkg:/sys/class/hwmon/hwmon8/temp1_input cores:4 cpufreq:8 throttle:8/8
  WARMUP_FAIL_SKIP  = on (a failed warm-up skips the query's measured batches)
  IDLE_BASELINE_S   = off
  SIGLESS_ADDR      = (disabled)
Found 1 query under queries/stackoverflow/SQLStorm/8893.sql

RAPL: powercap, 1 package, domains: pkg core gpu/uncore dram

[1/1] queries/stackoverflow/SQLStorm/8893.sql (1 warmup + step-up 1 x1)
  thermal gate: waited 4s -> 59.0 C
  warmup 1/1: 24.244613 sec (cache prime)
  N=1   batch 1/1: 22.283587 sec, 1 copy (server sum 22173.899 ms)
  done: 1 size x 1 run (0 failures)

Done. Batch rows appended to logs/so_timeouts/warm_stepup/so_timeouts_300s_20261006T102405Z/query_timing_stackoverflow_1gb.csv
Per-copy samples appended to logs/so_timeouts/warm_stepup/so_timeouts_300s_20261006T102405Z/query_samples_stackoverflow_1gb.csv
Machine identity appended to logs/so_timeouts/warm_stepup/so_timeouts_300s_20261006T102405Z/query_runinfo_stackoverflow_1gb.csv
Last batch ended at epoch 1791284321.219 (PREV_END_EPOCH for the next invocation)
===== [35/363] queries/stackoverflow/SQLStorm/14378.sql run_id=8DAD89B7659966E3 =====
query_runner configuration:
  QUERY_DIR         = queries/stackoverflow/SQLStorm/14378.sql
  LOGS_DIR          = logs/so_timeouts/warm_stepup/so_timeouts_300s_20261006T102405Z  (query_timing_/query_samples_/query_catalog_stackoverflow_1gb.csv)
  DB_NAME / DB_USER = stackoverflow_1gb / postgres
  PGPORT            = 5434  (server reports 18.6)
  RUN_ID            = 8DAD89B7659966E3
  WARMUP            = 1 single-copy warm-ups (the first primes the cache)
  BATCH_SIZES       = 1  x RUNS=1 measured batches each
  WORKERS           = (planner default)
  STATEMENT_TIMEOUT = 300
  THERMAL_EQUALISE  = gate (T_LO=40 T_HI=60 preheat<=60s cooldown<=120s)
  sensors           = pkg:/sys/class/hwmon/hwmon8/temp1_input cores:4 cpufreq:8 throttle:8/8
  WARMUP_FAIL_SKIP  = on (a failed warm-up skips the query's measured batches)
  IDLE_BASELINE_S   = off
  SIGLESS_ADDR      = (disabled)
Found 1 query under queries/stackoverflow/SQLStorm/14378.sql

RAPL: powercap, 1 package, domains: pkg core gpu/uncore dram

[1/1] queries/stackoverflow/SQLStorm/14378.sql (1 warmup + step-up 1 x1)
  thermal gate: waited 6s -> 60.0 C
  warmup 1/1: 19.986606 sec (cache prime)
  N=1   batch 1/1: 17.020780 sec, 1 copy (server sum 16962.945 ms)
  done: 1 size x 1 run (0 failures)

Done. Batch rows appended to logs/so_timeouts/warm_stepup/so_timeouts_300s_20261006T102405Z/query_timing_stackoverflow_1gb.csv
Per-copy samples appended to logs/so_timeouts/warm_stepup/so_timeouts_300s_20261006T102405Z/query_samples_stackoverflow_1gb.csv
Machine identity appended to logs/so_timeouts/warm_stepup/so_timeouts_300s_20261006T102405Z/query_runinfo_stackoverflow_1gb.csv
Last batch ended at epoch 1791284367.948 (PREV_END_EPOCH for the next invocation)
===== [36/363] queries/stackoverflow/SQLStorm/26534.sql run_id=926D6F193C12BFEE =====
query_runner configuration:
  QUERY_DIR         = queries/stackoverflow/SQLStorm/26534.sql
  LOGS_DIR          = logs/so_timeouts/warm_stepup/so_timeouts_300s_20261006T102405Z  (query_timing_/query_samples_/query_catalog_stackoverflow_1gb.csv)
  DB_NAME / DB_USER = stackoverflow_1gb / postgres
  PGPORT            = 5434  (server reports 18.6)
  RUN_ID            = 926D6F193C12BFEE
  WARMUP            = 1 single-copy warm-ups (the first primes the cache)
  BATCH_SIZES       = 1  x RUNS=1 measured batches each
  WORKERS           = (planner default)
  STATEMENT_TIMEOUT = 300
  THERMAL_EQUALISE  = gate (T_LO=40 T_HI=60 preheat<=60s cooldown<=120s)
  sensors           = pkg:/sys/class/hwmon/hwmon8/temp1_input cores:4 cpufreq:8 throttle:8/8
  WARMUP_FAIL_SKIP  = on (a failed warm-up skips the query's measured batches)
  IDLE_BASELINE_S   = off
  SIGLESS_ADDR      = (disabled)
Found 1 query under queries/stackoverflow/SQLStorm/26534.sql

RAPL: powercap, 1 package, domains: pkg core gpu/uncore dram

[1/1] queries/stackoverflow/SQLStorm/26534.sql (1 warmup + step-up 1 x1)
  warmup 1/1: 16.598128 sec (cache prime)
  N=1   batch 1/1: 15.404275 sec, 1 copy (server sum 15346.314 ms)
  done: 1 size x 1 run (0 failures)

Done. Batch rows appended to logs/so_timeouts/warm_stepup/so_timeouts_300s_20261006T102405Z/query_timing_stackoverflow_1gb.csv
Per-copy samples appended to logs/so_timeouts/warm_stepup/so_timeouts_300s_20261006T102405Z/query_samples_stackoverflow_1gb.csv
Machine identity appended to logs/so_timeouts/warm_stepup/so_timeouts_300s_20261006T102405Z/query_runinfo_stackoverflow_1gb.csv
Last batch ended at epoch 1791284403.030 (PREV_END_EPOCH for the next invocation)
===== [37/363] queries/stackoverflow/SQLStorm/7638.sql run_id=FF43F37D0B2CCC5F =====
query_runner configuration:
  QUERY_DIR         = queries/stackoverflow/SQLStorm/7638.sql
  LOGS_DIR          = logs/so_timeouts/warm_stepup/so_timeouts_300s_20261006T102405Z  (query_timing_/query_samples_/query_catalog_stackoverflow_1gb.csv)
  DB_NAME / DB_USER = stackoverflow_1gb / postgres
  PGPORT            = 5434  (server reports 18.6)
  RUN_ID            = FF43F37D0B2CCC5F
  WARMUP            = 1 single-copy warm-ups (the first primes the cache)
  BATCH_SIZES       = 1  x RUNS=1 measured batches each
  WORKERS           = (planner default)
  STATEMENT_TIMEOUT = 300
  THERMAL_EQUALISE  = gate (T_LO=40 T_HI=60 preheat<=60s cooldown<=120s)
  sensors           = pkg:/sys/class/hwmon/hwmon8/temp1_input cores:4 cpufreq:8 throttle:8/8
  WARMUP_FAIL_SKIP  = on (a failed warm-up skips the query's measured batches)
  IDLE_BASELINE_S   = off
  SIGLESS_ADDR      = (disabled)
Found 1 query under queries/stackoverflow/SQLStorm/7638.sql

RAPL: powercap, 1 package, domains: pkg core gpu/uncore dram

[1/1] queries/stackoverflow/SQLStorm/7638.sql (1 warmup + step-up 1 x1)
  thermal gate: waited 4s -> 59.0 C
  warmup 1/1: 34.118241 sec (cache prime)
  N=1   batch 1/1: 33.027373 sec, 1 copy (server sum 32917.526 ms)
  done: 1 size x 1 run (0 failures)

Done. Batch rows appended to logs/so_timeouts/warm_stepup/so_timeouts_300s_20261006T102405Z/query_timing_stackoverflow_1gb.csv
Per-copy samples appended to logs/so_timeouts/warm_stepup/so_timeouts_300s_20261006T102405Z/query_samples_stackoverflow_1gb.csv
Machine identity appended to logs/so_timeouts/warm_stepup/so_timeouts_300s_20261006T102405Z/query_runinfo_stackoverflow_1gb.csv
Last batch ended at epoch 1791284478.150 (PREV_END_EPOCH for the next invocation)
===== [38/363] queries/stackoverflow/SQLStorm/33435.sql run_id=030EE4A4E78F5607 =====
query_runner configuration:
  QUERY_DIR         = queries/stackoverflow/SQLStorm/33435.sql
  LOGS_DIR          = logs/so_timeouts/warm_stepup/so_timeouts_300s_20261006T102405Z  (query_timing_/query_samples_/query_catalog_stackoverflow_1gb.csv)
  DB_NAME / DB_USER = stackoverflow_1gb / postgres
  PGPORT            = 5434  (server reports 18.6)
  RUN_ID            = 030EE4A4E78F5607
  WARMUP            = 1 single-copy warm-ups (the first primes the cache)
  BATCH_SIZES       = 1  x RUNS=1 measured batches each
  WORKERS           = (planner default)
  STATEMENT_TIMEOUT = 300
  THERMAL_EQUALISE  = gate (T_LO=40 T_HI=60 preheat<=60s cooldown<=120s)
  sensors           = pkg:/sys/class/hwmon/hwmon8/temp1_input cores:4 cpufreq:8 throttle:8/8
  WARMUP_FAIL_SKIP  = on (a failed warm-up skips the query's measured batches)
  IDLE_BASELINE_S   = off
  SIGLESS_ADDR      = (disabled)
Found 1 query under queries/stackoverflow/SQLStorm/33435.sql

RAPL: powercap, 1 package, domains: pkg core gpu/uncore dram

[1/1] queries/stackoverflow/SQLStorm/33435.sql (1 warmup + step-up 1 x1)
  warmup 1/1: 16.415663 sec (cache prime)
  N=1   batch 1/1: 15.645723 sec, 1 copy (server sum 15587.137 ms)
  done: 1 size x 1 run (0 failures)

Done. Batch rows appended to logs/so_timeouts/warm_stepup/so_timeouts_300s_20261006T102405Z/query_timing_stackoverflow_1gb.csv
Per-copy samples appended to logs/so_timeouts/warm_stepup/so_timeouts_300s_20261006T102405Z/query_samples_stackoverflow_1gb.csv
Machine identity appended to logs/so_timeouts/warm_stepup/so_timeouts_300s_20261006T102405Z/query_runinfo_stackoverflow_1gb.csv
Last batch ended at epoch 1791284514.198 (PREV_END_EPOCH for the next invocation)
===== [39/363] queries/stackoverflow/SQLStorm/6457.sql run_id=3C63F18695C7D376 =====
query_runner configuration:
  QUERY_DIR         = queries/stackoverflow/SQLStorm/6457.sql
  LOGS_DIR          = logs/so_timeouts/warm_stepup/so_timeouts_300s_20261006T102405Z  (query_timing_/query_samples_/query_catalog_stackoverflow_1gb.csv)
  DB_NAME / DB_USER = stackoverflow_1gb / postgres
  PGPORT            = 5434  (server reports 18.6)
  RUN_ID            = 3C63F18695C7D376
  WARMUP            = 1 single-copy warm-ups (the first primes the cache)
  BATCH_SIZES       = 1  x RUNS=1 measured batches each
  WORKERS           = (planner default)
  STATEMENT_TIMEOUT = 300
  THERMAL_EQUALISE  = gate (T_LO=40 T_HI=60 preheat<=60s cooldown<=120s)
  sensors           = pkg:/sys/class/hwmon/hwmon8/temp1_input cores:4 cpufreq:8 throttle:8/8
  WARMUP_FAIL_SKIP  = on (a failed warm-up skips the query's measured batches)
  IDLE_BASELINE_S   = off
  SIGLESS_ADDR      = (disabled)
Found 1 query under queries/stackoverflow/SQLStorm/6457.sql

RAPL: powercap, 1 package, domains: pkg core gpu/uncore dram

[1/1] queries/stackoverflow/SQLStorm/6457.sql (1 warmup + step-up 1 x1)
  thermal gate: waited 2s -> 59.0 C
  warmup 1/1: 21.279234 sec (cache prime)
  N=1   batch 1/1: 20.743504 sec, 1 copy (server sum 20685.733 ms)
  done: 1 size x 1 run (0 failures)

Done. Batch rows appended to logs/so_timeouts/warm_stepup/so_timeouts_300s_20261006T102405Z/query_timing_stackoverflow_1gb.csv
Per-copy samples appended to logs/so_timeouts/warm_stepup/so_timeouts_300s_20261006T102405Z/query_samples_stackoverflow_1gb.csv
Machine identity appended to logs/so_timeouts/warm_stepup/so_timeouts_300s_20261006T102405Z/query_runinfo_stackoverflow_1gb.csv
Last batch ended at epoch 1791284562.250 (PREV_END_EPOCH for the next invocation)
===== [40/363] queries/stackoverflow/SQLStorm/4230.sql run_id=F7B8C583B6A74840 =====
query_runner configuration:
  QUERY_DIR         = queries/stackoverflow/SQLStorm/4230.sql
  LOGS_DIR          = logs/so_timeouts/warm_stepup/so_timeouts_300s_20261006T102405Z  (query_timing_/query_samples_/query_catalog_stackoverflow_1gb.csv)
  DB_NAME / DB_USER = stackoverflow_1gb / postgres
  PGPORT            = 5434  (server reports 18.6)
  RUN_ID            = F7B8C583B6A74840
  WARMUP            = 1 single-copy warm-ups (the first primes the cache)
  BATCH_SIZES       = 1  x RUNS=1 measured batches each
  WORKERS           = (planner default)
  STATEMENT_TIMEOUT = 300
  THERMAL_EQUALISE  = gate (T_LO=40 T_HI=60 preheat<=60s cooldown<=120s)
  sensors           = pkg:/sys/class/hwmon/hwmon8/temp1_input cores:4 cpufreq:8 throttle:8/8
  WARMUP_FAIL_SKIP  = on (a failed warm-up skips the query's measured batches)
  IDLE_BASELINE_S   = off
  SIGLESS_ADDR      = (disabled)
Found 1 query under queries/stackoverflow/SQLStorm/4230.sql

RAPL: powercap, 1 package, domains: pkg core gpu/uncore dram

[1/1] queries/stackoverflow/SQLStorm/4230.sql (1 warmup + step-up 1 x1)
  warmup 1/1: 16.286104 sec (cache prime)
  N=1   batch 1/1: 14.558546 sec, 1 copy (server sum 14501.213 ms)
  done: 1 size x 1 run (0 failures)

Done. Batch rows appended to logs/so_timeouts/warm_stepup/so_timeouts_300s_20261006T102405Z/query_timing_stackoverflow_1gb.csv
Per-copy samples appended to logs/so_timeouts/warm_stepup/so_timeouts_300s_20261006T102405Z/query_samples_stackoverflow_1gb.csv
Machine identity appended to logs/so_timeouts/warm_stepup/so_timeouts_300s_20261006T102405Z/query_runinfo_stackoverflow_1gb.csv
Last batch ended at epoch 1791284597.078 (PREV_END_EPOCH for the next invocation)
===== [41/363] queries/stackoverflow/SQLStorm/26340.sql run_id=743716DCEF1688A1 =====
query_runner configuration:
  QUERY_DIR         = queries/stackoverflow/SQLStorm/26340.sql
  LOGS_DIR          = logs/so_timeouts/warm_stepup/so_timeouts_300s_20261006T102405Z  (query_timing_/query_samples_/query_catalog_stackoverflow_1gb.csv)
  DB_NAME / DB_USER = stackoverflow_1gb / postgres
  PGPORT            = 5434  (server reports 18.6)
  RUN_ID            = 743716DCEF1688A1
  WARMUP            = 1 single-copy warm-ups (the first primes the cache)
  BATCH_SIZES       = 1  x RUNS=1 measured batches each
  WORKERS           = (planner default)
  STATEMENT_TIMEOUT = 300
  THERMAL_EQUALISE  = gate (T_LO=40 T_HI=60 preheat<=60s cooldown<=120s)
  sensors           = pkg:/sys/class/hwmon/hwmon8/temp1_input cores:4 cpufreq:8 throttle:8/8
  WARMUP_FAIL_SKIP  = on (a failed warm-up skips the query's measured batches)
  IDLE_BASELINE_S   = off
  SIGLESS_ADDR      = (disabled)
Found 1 query under queries/stackoverflow/SQLStorm/26340.sql

RAPL: powercap, 1 package, domains: pkg core gpu/uncore dram

[1/1] queries/stackoverflow/SQLStorm/26340.sql (1 warmup + step-up 1 x1)
  warmup 1/1: 18.085768 sec (cache prime)
  N=1   batch 1/1: 16.994639 sec, 1 copy (server sum 16936.151 ms)
  done: 1 size x 1 run (0 failures)

Done. Batch rows appended to logs/so_timeouts/warm_stepup/so_timeouts_300s_20261006T102405Z/query_timing_stackoverflow_1gb.csv
Per-copy samples appended to logs/so_timeouts/warm_stepup/so_timeouts_300s_20261006T102405Z/query_samples_stackoverflow_1gb.csv
Machine identity appended to logs/so_timeouts/warm_stepup/so_timeouts_300s_20261006T102405Z/query_runinfo_stackoverflow_1gb.csv
Last batch ended at epoch 1791284636.271 (PREV_END_EPOCH for the next invocation)
===== [42/363] queries/stackoverflow/SQLStorm/12075.sql run_id=842ADA0BB084EA5F =====
query_runner configuration:
  QUERY_DIR         = queries/stackoverflow/SQLStorm/12075.sql
  LOGS_DIR          = logs/so_timeouts/warm_stepup/so_timeouts_300s_20261006T102405Z  (query_timing_/query_samples_/query_catalog_stackoverflow_1gb.csv)
  DB_NAME / DB_USER = stackoverflow_1gb / postgres
  PGPORT            = 5434  (server reports 18.6)
  RUN_ID            = 842ADA0BB084EA5F
  WARMUP            = 1 single-copy warm-ups (the first primes the cache)
  BATCH_SIZES       = 1  x RUNS=1 measured batches each
  WORKERS           = (planner default)
  STATEMENT_TIMEOUT = 300
  THERMAL_EQUALISE  = gate (T_LO=40 T_HI=60 preheat<=60s cooldown<=120s)
  sensors           = pkg:/sys/class/hwmon/hwmon8/temp1_input cores:4 cpufreq:8 throttle:8/8
  WARMUP_FAIL_SKIP  = on (a failed warm-up skips the query's measured batches)
  IDLE_BASELINE_S   = off
  SIGLESS_ADDR      = (disabled)
Found 1 query under queries/stackoverflow/SQLStorm/12075.sql

RAPL: powercap, 1 package, domains: pkg core gpu/uncore dram

[1/1] queries/stackoverflow/SQLStorm/12075.sql (1 warmup + step-up 1 x1)
  thermal gate: waited 6s -> 59.0 C
  warmup 1/1: 34.243976 sec (cache prime)
  N=1   batch 1/1: 33.473528 sec, 1 copy (server sum 33414.350 ms)
  done: 1 size x 1 run (0 failures)

Done. Batch rows appended to logs/so_timeouts/warm_stepup/so_timeouts_300s_20261006T102405Z/query_timing_stackoverflow_1gb.csv
Per-copy samples appended to logs/so_timeouts/warm_stepup/so_timeouts_300s_20261006T102405Z/query_samples_stackoverflow_1gb.csv
Machine identity appended to logs/so_timeouts/warm_stepup/so_timeouts_300s_20261006T102405Z/query_runinfo_stackoverflow_1gb.csv
Last batch ended at epoch 1791284714.000 (PREV_END_EPOCH for the next invocation)
===== [43/363] queries/stackoverflow/SQLStorm/14009.sql run_id=76CE80A2B813EF81 =====
query_runner configuration:
  QUERY_DIR         = queries/stackoverflow/SQLStorm/14009.sql
  LOGS_DIR          = logs/so_timeouts/warm_stepup/so_timeouts_300s_20261006T102405Z  (query_timing_/query_samples_/query_catalog_stackoverflow_1gb.csv)
  DB_NAME / DB_USER = stackoverflow_1gb / postgres
  PGPORT            = 5434  (server reports 18.6)
  RUN_ID            = 76CE80A2B813EF81
  WARMUP            = 1 single-copy warm-ups (the first primes the cache)
  BATCH_SIZES       = 1  x RUNS=1 measured batches each
  WORKERS           = (planner default)
  STATEMENT_TIMEOUT = 300
  THERMAL_EQUALISE  = gate (T_LO=40 T_HI=60 preheat<=60s cooldown<=120s)
  sensors           = pkg:/sys/class/hwmon/hwmon8/temp1_input cores:4 cpufreq:8 throttle:8/8
  WARMUP_FAIL_SKIP  = on (a failed warm-up skips the query's measured batches)
  IDLE_BASELINE_S   = off
  SIGLESS_ADDR      = (disabled)
Found 1 query under queries/stackoverflow/SQLStorm/14009.sql

RAPL: powercap, 1 package, domains: pkg core gpu/uncore dram

[1/1] queries/stackoverflow/SQLStorm/14009.sql (1 warmup + step-up 1 x1)
  thermal gate: waited 8s -> 60.0 C
  warmup 1/1: 33.495747 sec (cache prime)
  N=1   batch 1/1: 32.620835 sec, 1 copy (server sum 32563.261 ms)
  done: 1 size x 1 run (0 failures)

Done. Batch rows appended to logs/so_timeouts/warm_stepup/so_timeouts_300s_20261006T102405Z/query_timing_stackoverflow_1gb.csv
Per-copy samples appended to logs/so_timeouts/warm_stepup/so_timeouts_300s_20261006T102405Z/query_samples_stackoverflow_1gb.csv
Machine identity appended to logs/so_timeouts/warm_stepup/so_timeouts_300s_20261006T102405Z/query_runinfo_stackoverflow_1gb.csv
Last batch ended at epoch 1791284791.771 (PREV_END_EPOCH for the next invocation)
===== [44/363] queries/stackoverflow/SQLStorm/24855.sql run_id=0A47401BD4D6E5C4 =====
query_runner configuration:
  QUERY_DIR         = queries/stackoverflow/SQLStorm/24855.sql
  LOGS_DIR          = logs/so_timeouts/warm_stepup/so_timeouts_300s_20261006T102405Z  (query_timing_/query_samples_/query_catalog_stackoverflow_1gb.csv)
  DB_NAME / DB_USER = stackoverflow_1gb / postgres
  PGPORT            = 5434  (server reports 18.6)
  RUN_ID            = 0A47401BD4D6E5C4
  WARMUP            = 1 single-copy warm-ups (the first primes the cache)
  BATCH_SIZES       = 1  x RUNS=1 measured batches each
  WORKERS           = (planner default)
  STATEMENT_TIMEOUT = 300
  THERMAL_EQUALISE  = gate (T_LO=40 T_HI=60 preheat<=60s cooldown<=120s)
  sensors           = pkg:/sys/class/hwmon/hwmon8/temp1_input cores:4 cpufreq:8 throttle:8/8
  WARMUP_FAIL_SKIP  = on (a failed warm-up skips the query's measured batches)
  IDLE_BASELINE_S   = off
  SIGLESS_ADDR      = (disabled)
Found 1 query under queries/stackoverflow/SQLStorm/24855.sql

RAPL: powercap, 1 package, domains: pkg core gpu/uncore dram

[1/1] queries/stackoverflow/SQLStorm/24855.sql (1 warmup + step-up 1 x1)
  warmup 1/1: 16.978271 sec (cache prime)
  N=1   batch 1/1: 10.498442 sec, 1 copy (server sum 10440.151 ms)
  done: 1 size x 1 run (0 failures)

Done. Batch rows appended to logs/so_timeouts/warm_stepup/so_timeouts_300s_20261006T102405Z/query_timing_stackoverflow_1gb.csv
Per-copy samples appended to logs/so_timeouts/warm_stepup/so_timeouts_300s_20261006T102405Z/query_samples_stackoverflow_1gb.csv
Machine identity appended to logs/so_timeouts/warm_stepup/so_timeouts_300s_20261006T102405Z/query_runinfo_stackoverflow_1gb.csv
Last batch ended at epoch 1791284823.105 (PREV_END_EPOCH for the next invocation)
===== [45/363] queries/stackoverflow/SQLStorm/7142.sql run_id=A33DC259A69786CD =====
query_runner configuration:
  QUERY_DIR         = queries/stackoverflow/SQLStorm/7142.sql
  LOGS_DIR          = logs/so_timeouts/warm_stepup/so_timeouts_300s_20261006T102405Z  (query_timing_/query_samples_/query_catalog_stackoverflow_1gb.csv)
  DB_NAME / DB_USER = stackoverflow_1gb / postgres
  PGPORT            = 5434  (server reports 18.6)
  RUN_ID            = A33DC259A69786CD
  WARMUP            = 1 single-copy warm-ups (the first primes the cache)
  BATCH_SIZES       = 1  x RUNS=1 measured batches each
  WORKERS           = (planner default)
  STATEMENT_TIMEOUT = 300
  THERMAL_EQUALISE  = gate (T_LO=40 T_HI=60 preheat<=60s cooldown<=120s)
  sensors           = pkg:/sys/class/hwmon/hwmon8/temp1_input cores:4 cpufreq:8 throttle:8/8
  WARMUP_FAIL_SKIP  = on (a failed warm-up skips the query's measured batches)
  IDLE_BASELINE_S   = off
  SIGLESS_ADDR      = (disabled)
Found 1 query under queries/stackoverflow/SQLStorm/7142.sql

RAPL: powercap, 1 package, domains: pkg core gpu/uncore dram

[1/1] queries/stackoverflow/SQLStorm/7142.sql (1 warmup + step-up 1 x1)
  warmup 1/1: 17.621511 sec (cache prime)
  N=1   batch 1/1: 16.766993 sec, 1 copy (server sum 16708.876 ms)
  done: 1 size x 1 run (0 failures)

Done. Batch rows appended to logs/so_timeouts/warm_stepup/so_timeouts_300s_20261006T102405Z/query_timing_stackoverflow_1gb.csv
Per-copy samples appended to logs/so_timeouts/warm_stepup/so_timeouts_300s_20261006T102405Z/query_samples_stackoverflow_1gb.csv
Machine identity appended to logs/so_timeouts/warm_stepup/so_timeouts_300s_20261006T102405Z/query_runinfo_stackoverflow_1gb.csv
Last batch ended at epoch 1791284861.385 (PREV_END_EPOCH for the next invocation)
===== [46/363] queries/stackoverflow/SQLStorm/3011.sql run_id=7C7F02FD584F4CFD =====
query_runner configuration:
  QUERY_DIR         = queries/stackoverflow/SQLStorm/3011.sql
  LOGS_DIR          = logs/so_timeouts/warm_stepup/so_timeouts_300s_20261006T102405Z  (query_timing_/query_samples_/query_catalog_stackoverflow_1gb.csv)
  DB_NAME / DB_USER = stackoverflow_1gb / postgres
  PGPORT            = 5434  (server reports 18.6)
  RUN_ID            = 7C7F02FD584F4CFD
  WARMUP            = 1 single-copy warm-ups (the first primes the cache)
  BATCH_SIZES       = 1  x RUNS=1 measured batches each
  WORKERS           = (planner default)
  STATEMENT_TIMEOUT = 300
  THERMAL_EQUALISE  = gate (T_LO=40 T_HI=60 preheat<=60s cooldown<=120s)
  sensors           = pkg:/sys/class/hwmon/hwmon8/temp1_input cores:4 cpufreq:8 throttle:8/8
  WARMUP_FAIL_SKIP  = on (a failed warm-up skips the query's measured batches)
  IDLE_BASELINE_S   = off
  SIGLESS_ADDR      = (disabled)
Found 1 query under queries/stackoverflow/SQLStorm/3011.sql

RAPL: powercap, 1 package, domains: pkg core gpu/uncore dram

[1/1] queries/stackoverflow/SQLStorm/3011.sql (1 warmup + step-up 1 x1)
  thermal gate: waited 4s -> 59.0 C
  warmup batch 1 FAILED (exit code 3) for queries/stackoverflow/SQLStorm/3011.sql
      psql:/tmp/query_runner_batch_3145276.sql:87: ERROR:  canceling statement due to statement timeout
  warmup 1/1: 300.080054 sec (cache prime)
  warm-up failed: measured batches skipped (WARMUP_FAIL_SKIP)
  done: 1 size x 1 run (1 failure)

Done. Batch rows appended to logs/so_timeouts/warm_stepup/so_timeouts_300s_20261006T102405Z/query_timing_stackoverflow_1gb.csv
Per-copy samples appended to logs/so_timeouts/warm_stepup/so_timeouts_300s_20261006T102405Z/query_samples_stackoverflow_1gb.csv
Machine identity appended to logs/so_timeouts/warm_stepup/so_timeouts_300s_20261006T102405Z/query_runinfo_stackoverflow_1gb.csv
Last batch ended at epoch 1791285169.347 (PREV_END_EPOCH for the next invocation)
1 batch failure (see the failed column)
===== [47/363] queries/stackoverflow/SQLStorm/33821.sql run_id=7D9A39D58463A37B =====
query_runner configuration:
  QUERY_DIR         = queries/stackoverflow/SQLStorm/33821.sql
  LOGS_DIR          = logs/so_timeouts/warm_stepup/so_timeouts_300s_20261006T102405Z  (query_timing_/query_samples_/query_catalog_stackoverflow_1gb.csv)
  DB_NAME / DB_USER = stackoverflow_1gb / postgres
  PGPORT            = 5434  (server reports 18.6)
  RUN_ID            = 7D9A39D58463A37B
  WARMUP            = 1 single-copy warm-ups (the first primes the cache)
  BATCH_SIZES       = 1  x RUNS=1 measured batches each
  WORKERS           = (planner default)
  STATEMENT_TIMEOUT = 300
  THERMAL_EQUALISE  = gate (T_LO=40 T_HI=60 preheat<=60s cooldown<=120s)
  sensors           = pkg:/sys/class/hwmon/hwmon8/temp1_input cores:4 cpufreq:8 throttle:8/8
  WARMUP_FAIL_SKIP  = on (a failed warm-up skips the query's measured batches)
  IDLE_BASELINE_S   = off
  SIGLESS_ADDR      = (disabled)
Found 1 query under queries/stackoverflow/SQLStorm/33821.sql

RAPL: powercap, 1 package, domains: pkg core gpu/uncore dram

[1/1] queries/stackoverflow/SQLStorm/33821.sql (1 warmup + step-up 1 x1)
  warmup 1/1: 27.926345 sec (cache prime)
  N=1   batch 1/1: 26.550497 sec, 1 copy (server sum 26491.465 ms)
  done: 1 size x 1 run (0 failures)

Done. Batch rows appended to logs/so_timeouts/warm_stepup/so_timeouts_300s_20261006T102405Z/query_timing_stackoverflow_1gb.csv
Per-copy samples appended to logs/so_timeouts/warm_stepup/so_timeouts_300s_20261006T102405Z/query_samples_stackoverflow_1gb.csv
Machine identity appended to logs/so_timeouts/warm_stepup/so_timeouts_300s_20261006T102405Z/query_runinfo_stackoverflow_1gb.csv
Last batch ended at epoch 1791285228.005 (PREV_END_EPOCH for the next invocation)
===== [48/363] queries/stackoverflow/SQLStorm/14517.sql run_id=5A717E2B56867E7C =====
query_runner configuration:
  QUERY_DIR         = queries/stackoverflow/SQLStorm/14517.sql
  LOGS_DIR          = logs/so_timeouts/warm_stepup/so_timeouts_300s_20261006T102405Z  (query_timing_/query_samples_/query_catalog_stackoverflow_1gb.csv)
  DB_NAME / DB_USER = stackoverflow_1gb / postgres
  PGPORT            = 5434  (server reports 18.6)
  RUN_ID            = 5A717E2B56867E7C
  WARMUP            = 1 single-copy warm-ups (the first primes the cache)
  BATCH_SIZES       = 1  x RUNS=1 measured batches each
  WORKERS           = (planner default)
  STATEMENT_TIMEOUT = 300
  THERMAL_EQUALISE  = gate (T_LO=40 T_HI=60 preheat<=60s cooldown<=120s)
  sensors           = pkg:/sys/class/hwmon/hwmon8/temp1_input cores:4 cpufreq:8 throttle:8/8
  WARMUP_FAIL_SKIP  = on (a failed warm-up skips the query's measured batches)
  IDLE_BASELINE_S   = off
  SIGLESS_ADDR      = (disabled)
Found 1 query under queries/stackoverflow/SQLStorm/14517.sql

RAPL: powercap, 1 package, domains: pkg core gpu/uncore dram

[1/1] queries/stackoverflow/SQLStorm/14517.sql (1 warmup + step-up 1 x1)
  warmup 1/1: 27.394262 sec (cache prime)
  N=1   batch 1/1: 26.874042 sec, 1 copy (server sum 26817.818 ms)
  done: 1 size x 1 run (0 failures)

Done. Batch rows appended to logs/so_timeouts/warm_stepup/so_timeouts_300s_20261006T102405Z/query_timing_stackoverflow_1gb.csv
Per-copy samples appended to logs/so_timeouts/warm_stepup/so_timeouts_300s_20261006T102405Z/query_samples_stackoverflow_1gb.csv
Machine identity appended to logs/so_timeouts/warm_stepup/so_timeouts_300s_20261006T102405Z/query_runinfo_stackoverflow_1gb.csv
Last batch ended at epoch 1791285286.219 (PREV_END_EPOCH for the next invocation)
===== [49/363] queries/stackoverflow/SQLStorm/27966.sql run_id=F3BCD2CA8D7677B1 =====
query_runner configuration:
  QUERY_DIR         = queries/stackoverflow/SQLStorm/27966.sql
  LOGS_DIR          = logs/so_timeouts/warm_stepup/so_timeouts_300s_20261006T102405Z  (query_timing_/query_samples_/query_catalog_stackoverflow_1gb.csv)
  DB_NAME / DB_USER = stackoverflow_1gb / postgres
  PGPORT            = 5434  (server reports 18.6)
  RUN_ID            = F3BCD2CA8D7677B1
  WARMUP            = 1 single-copy warm-ups (the first primes the cache)
  BATCH_SIZES       = 1  x RUNS=1 measured batches each
  WORKERS           = (planner default)
  STATEMENT_TIMEOUT = 300
  THERMAL_EQUALISE  = gate (T_LO=40 T_HI=60 preheat<=60s cooldown<=120s)
  sensors           = pkg:/sys/class/hwmon/hwmon8/temp1_input cores:4 cpufreq:8 throttle:8/8
  WARMUP_FAIL_SKIP  = on (a failed warm-up skips the query's measured batches)
  IDLE_BASELINE_S   = off
  SIGLESS_ADDR      = (disabled)
Found 1 query under queries/stackoverflow/SQLStorm/27966.sql

RAPL: powercap, 1 package, domains: pkg core gpu/uncore dram

[1/1] queries/stackoverflow/SQLStorm/27966.sql (1 warmup + step-up 1 x1)
  warmup 1/1: 29.345666 sec (cache prime)
  N=1   batch 1/1: 28.538158 sec, 1 copy (server sum 28479.722 ms)
  done: 1 size x 1 run (0 failures)

Done. Batch rows appended to logs/so_timeouts/warm_stepup/so_timeouts_300s_20261006T102405Z/query_timing_stackoverflow_1gb.csv
Per-copy samples appended to logs/so_timeouts/warm_stepup/so_timeouts_300s_20261006T102405Z/query_samples_stackoverflow_1gb.csv
Machine identity appended to logs/so_timeouts/warm_stepup/so_timeouts_300s_20261006T102405Z/query_runinfo_stackoverflow_1gb.csv
Last batch ended at epoch 1791285348.021 (PREV_END_EPOCH for the next invocation)
===== [50/363] queries/stackoverflow/SQLStorm/6807.sql run_id=5E1AA8EC9C4EA626 =====
query_runner configuration:
  QUERY_DIR         = queries/stackoverflow/SQLStorm/6807.sql
  LOGS_DIR          = logs/so_timeouts/warm_stepup/so_timeouts_300s_20261006T102405Z  (query_timing_/query_samples_/query_catalog_stackoverflow_1gb.csv)
  DB_NAME / DB_USER = stackoverflow_1gb / postgres
  PGPORT            = 5434  (server reports 18.6)
  RUN_ID            = 5E1AA8EC9C4EA626
  WARMUP            = 1 single-copy warm-ups (the first primes the cache)
  BATCH_SIZES       = 1  x RUNS=1 measured batches each
  WORKERS           = (planner default)
  STATEMENT_TIMEOUT = 300
  THERMAL_EQUALISE  = gate (T_LO=40 T_HI=60 preheat<=60s cooldown<=120s)
  sensors           = pkg:/sys/class/hwmon/hwmon8/temp1_input cores:4 cpufreq:8 throttle:8/8
  WARMUP_FAIL_SKIP  = on (a failed warm-up skips the query's measured batches)
  IDLE_BASELINE_S   = off
  SIGLESS_ADDR      = (disabled)
Found 1 query under queries/stackoverflow/SQLStorm/6807.sql

RAPL: powercap, 1 package, domains: pkg core gpu/uncore dram

[1/1] queries/stackoverflow/SQLStorm/6807.sql (1 warmup + step-up 1 x1)
  warmup 1/1: 40.888099 sec (cache prime)
  N=1   batch 1/1: 40.529987 sec, 1 copy (server sum 40471.957 ms)
  done: 1 size x 1 run (0 failures)

Done. Batch rows appended to logs/so_timeouts/warm_stepup/so_timeouts_300s_20261006T102405Z/query_timing_stackoverflow_1gb.csv
Per-copy samples appended to logs/so_timeouts/warm_stepup/so_timeouts_300s_20261006T102405Z/query_samples_stackoverflow_1gb.csv
Machine identity appended to logs/so_timeouts/warm_stepup/so_timeouts_300s_20261006T102405Z/query_runinfo_stackoverflow_1gb.csv
Last batch ended at epoch 1791285433.129 (PREV_END_EPOCH for the next invocation)
===== [51/363] queries/stackoverflow/SQLStorm/29610.sql run_id=43572037D82C1D82 =====
query_runner configuration:
  QUERY_DIR         = queries/stackoverflow/SQLStorm/29610.sql
  LOGS_DIR          = logs/so_timeouts/warm_stepup/so_timeouts_300s_20261006T102405Z  (query_timing_/query_samples_/query_catalog_stackoverflow_1gb.csv)
  DB_NAME / DB_USER = stackoverflow_1gb / postgres
  PGPORT            = 5434  (server reports 18.6)
  RUN_ID            = 43572037D82C1D82
  WARMUP            = 1 single-copy warm-ups (the first primes the cache)
  BATCH_SIZES       = 1  x RUNS=1 measured batches each
  WORKERS           = (planner default)
  STATEMENT_TIMEOUT = 300
  THERMAL_EQUALISE  = gate (T_LO=40 T_HI=60 preheat<=60s cooldown<=120s)
  sensors           = pkg:/sys/class/hwmon/hwmon8/temp1_input cores:4 cpufreq:8 throttle:8/8
  WARMUP_FAIL_SKIP  = on (a failed warm-up skips the query's measured batches)
  IDLE_BASELINE_S   = off
  SIGLESS_ADDR      = (disabled)
Found 1 query under queries/stackoverflow/SQLStorm/29610.sql

RAPL: powercap, 1 package, domains: pkg core gpu/uncore dram

[1/1] queries/stackoverflow/SQLStorm/29610.sql (1 warmup + step-up 1 x1)
  warmup 1/1: 15.591261 sec (cache prime)
  N=1   batch 1/1: 15.057163 sec, 1 copy (server sum 14999.184 ms)
  done: 1 size x 1 run (0 failures)

Done. Batch rows appended to logs/so_timeouts/warm_stepup/so_timeouts_300s_20261006T102405Z/query_timing_stackoverflow_1gb.csv
Per-copy samples appended to logs/so_timeouts/warm_stepup/so_timeouts_300s_20261006T102405Z/query_samples_stackoverflow_1gb.csv
Machine identity appended to logs/so_timeouts/warm_stepup/so_timeouts_300s_20261006T102405Z/query_runinfo_stackoverflow_1gb.csv
Last batch ended at epoch 1791285466.993 (PREV_END_EPOCH for the next invocation)
===== [52/363] queries/stackoverflow/SQLStorm/9410.sql run_id=35729C424437B120 =====
query_runner configuration:
  QUERY_DIR         = queries/stackoverflow/SQLStorm/9410.sql
  LOGS_DIR          = logs/so_timeouts/warm_stepup/so_timeouts_300s_20261006T102405Z  (query_timing_/query_samples_/query_catalog_stackoverflow_1gb.csv)
  DB_NAME / DB_USER = stackoverflow_1gb / postgres
  PGPORT            = 5434  (server reports 18.6)
  RUN_ID            = 35729C424437B120
  WARMUP            = 1 single-copy warm-ups (the first primes the cache)
  BATCH_SIZES       = 1  x RUNS=1 measured batches each
  WORKERS           = (planner default)
  STATEMENT_TIMEOUT = 300
  THERMAL_EQUALISE  = gate (T_LO=40 T_HI=60 preheat<=60s cooldown<=120s)
  sensors           = pkg:/sys/class/hwmon/hwmon8/temp1_input cores:4 cpufreq:8 throttle:8/8
  WARMUP_FAIL_SKIP  = on (a failed warm-up skips the query's measured batches)
  IDLE_BASELINE_S   = off
  SIGLESS_ADDR      = (disabled)
Found 1 query under queries/stackoverflow/SQLStorm/9410.sql

RAPL: powercap, 1 package, domains: pkg core gpu/uncore dram

[1/1] queries/stackoverflow/SQLStorm/9410.sql (1 warmup + step-up 1 x1)
  thermal gate: waited 2s -> 59.0 C
  warmup 1/1: 31.203620 sec (cache prime)
  N=1   batch 1/1: 30.766183 sec, 1 copy (server sum 30708.789 ms)
  done: 1 size x 1 run (0 failures)

Done. Batch rows appended to logs/so_timeouts/warm_stepup/so_timeouts_300s_20261006T102405Z/query_timing_stackoverflow_1gb.csv
Per-copy samples appended to logs/so_timeouts/warm_stepup/so_timeouts_300s_20261006T102405Z/query_samples_stackoverflow_1gb.csv
Machine identity appended to logs/so_timeouts/warm_stepup/so_timeouts_300s_20261006T102405Z/query_runinfo_stackoverflow_1gb.csv
Last batch ended at epoch 1791285534.545 (PREV_END_EPOCH for the next invocation)
===== [53/363] queries/stackoverflow/SQLStorm/12810.sql run_id=BCA048EFA3052D10 =====
query_runner configuration:
  QUERY_DIR         = queries/stackoverflow/SQLStorm/12810.sql
  LOGS_DIR          = logs/so_timeouts/warm_stepup/so_timeouts_300s_20261006T102405Z  (query_timing_/query_samples_/query_catalog_stackoverflow_1gb.csv)
  DB_NAME / DB_USER = stackoverflow_1gb / postgres
  PGPORT            = 5434  (server reports 18.6)
  RUN_ID            = BCA048EFA3052D10
  WARMUP            = 1 single-copy warm-ups (the first primes the cache)
  BATCH_SIZES       = 1  x RUNS=1 measured batches each
  WORKERS           = (planner default)
  STATEMENT_TIMEOUT = 300
  THERMAL_EQUALISE  = gate (T_LO=40 T_HI=60 preheat<=60s cooldown<=120s)
  sensors           = pkg:/sys/class/hwmon/hwmon8/temp1_input cores:4 cpufreq:8 throttle:8/8
  WARMUP_FAIL_SKIP  = on (a failed warm-up skips the query's measured batches)
  IDLE_BASELINE_S   = off
  SIGLESS_ADDR      = (disabled)
Found 1 query under queries/stackoverflow/SQLStorm/12810.sql

RAPL: powercap, 1 package, domains: pkg core gpu/uncore dram

[1/1] queries/stackoverflow/SQLStorm/12810.sql (1 warmup + step-up 1 x1)
  warmup 1/1: 33.306861 sec (cache prime)
  N=1   batch 1/1: 32.280273 sec, 1 copy (server sum 32222.203 ms)
  done: 1 size x 1 run (0 failures)

Done. Batch rows appended to logs/so_timeouts/warm_stepup/so_timeouts_300s_20261006T102405Z/query_timing_stackoverflow_1gb.csv
Per-copy samples appended to logs/so_timeouts/warm_stepup/so_timeouts_300s_20261006T102405Z/query_samples_stackoverflow_1gb.csv
Machine identity appended to logs/so_timeouts/warm_stepup/so_timeouts_300s_20261006T102405Z/query_runinfo_stackoverflow_1gb.csv
Last batch ended at epoch 1791285603.977 (PREV_END_EPOCH for the next invocation)
===== [54/363] queries/stackoverflow/SQLStorm/9585.sql run_id=99534DAA6B594149 =====
query_runner configuration:
  QUERY_DIR         = queries/stackoverflow/SQLStorm/9585.sql
  LOGS_DIR          = logs/so_timeouts/warm_stepup/so_timeouts_300s_20261006T102405Z  (query_timing_/query_samples_/query_catalog_stackoverflow_1gb.csv)
  DB_NAME / DB_USER = stackoverflow_1gb / postgres
  PGPORT            = 5434  (server reports 18.6)
  RUN_ID            = 99534DAA6B594149
  WARMUP            = 1 single-copy warm-ups (the first primes the cache)
  BATCH_SIZES       = 1  x RUNS=1 measured batches each
  WORKERS           = (planner default)
  STATEMENT_TIMEOUT = 300
  THERMAL_EQUALISE  = gate (T_LO=40 T_HI=60 preheat<=60s cooldown<=120s)
  sensors           = pkg:/sys/class/hwmon/hwmon8/temp1_input cores:4 cpufreq:8 throttle:8/8
  WARMUP_FAIL_SKIP  = on (a failed warm-up skips the query's measured batches)
  IDLE_BASELINE_S   = off
  SIGLESS_ADDR      = (disabled)
Found 1 query under queries/stackoverflow/SQLStorm/9585.sql

RAPL: powercap, 1 package, domains: pkg core gpu/uncore dram

[1/1] queries/stackoverflow/SQLStorm/9585.sql (1 warmup + step-up 1 x1)
  warmup 1/1: 37.806321 sec (cache prime)
  N=1   batch 1/1: 37.720579 sec, 1 copy (server sum 37664.321 ms)
  done: 1 size x 1 run (0 failures)

Done. Batch rows appended to logs/so_timeouts/warm_stepup/so_timeouts_300s_20261006T102405Z/query_timing_stackoverflow_1gb.csv
Per-copy samples appended to logs/so_timeouts/warm_stepup/so_timeouts_300s_20261006T102405Z/query_samples_stackoverflow_1gb.csv
Machine identity appended to logs/so_timeouts/warm_stepup/so_timeouts_300s_20261006T102405Z/query_runinfo_stackoverflow_1gb.csv
Last batch ended at epoch 1791285683.266 (PREV_END_EPOCH for the next invocation)
===== [55/363] queries/stackoverflow/SQLStorm/6722.sql run_id=4BE3178F494539B2 =====
query_runner configuration:
  QUERY_DIR         = queries/stackoverflow/SQLStorm/6722.sql
  LOGS_DIR          = logs/so_timeouts/warm_stepup/so_timeouts_300s_20261006T102405Z  (query_timing_/query_samples_/query_catalog_stackoverflow_1gb.csv)
  DB_NAME / DB_USER = stackoverflow_1gb / postgres
  PGPORT            = 5434  (server reports 18.6)
  RUN_ID            = 4BE3178F494539B2
  WARMUP            = 1 single-copy warm-ups (the first primes the cache)
  BATCH_SIZES       = 1  x RUNS=1 measured batches each
  WORKERS           = (planner default)
  STATEMENT_TIMEOUT = 300
  THERMAL_EQUALISE  = gate (T_LO=40 T_HI=60 preheat<=60s cooldown<=120s)
  sensors           = pkg:/sys/class/hwmon/hwmon8/temp1_input cores:4 cpufreq:8 throttle:8/8
  WARMUP_FAIL_SKIP  = on (a failed warm-up skips the query's measured batches)
  IDLE_BASELINE_S   = off
  SIGLESS_ADDR      = (disabled)
Found 1 query under queries/stackoverflow/SQLStorm/6722.sql

RAPL: powercap, 1 package, domains: pkg core gpu/uncore dram

[1/1] queries/stackoverflow/SQLStorm/6722.sql (1 warmup + step-up 1 x1)
  warmup 1/1: 16.126149 sec (cache prime)
  N=1   batch 1/1: 14.961119 sec, 1 copy (server sum 14903.026 ms)
  done: 1 size x 1 run (0 failures)

Done. Batch rows appended to logs/so_timeouts/warm_stepup/so_timeouts_300s_20261006T102405Z/query_timing_stackoverflow_1gb.csv
Per-copy samples appended to logs/so_timeouts/warm_stepup/so_timeouts_300s_20261006T102405Z/query_samples_stackoverflow_1gb.csv
Machine identity appended to logs/so_timeouts/warm_stepup/so_timeouts_300s_20261006T102405Z/query_runinfo_stackoverflow_1gb.csv
Last batch ended at epoch 1791285718.207 (PREV_END_EPOCH for the next invocation)
===== [56/363] queries/stackoverflow/SQLStorm/14590.sql run_id=11E8CD2857F8BDA9 =====
query_runner configuration:
  QUERY_DIR         = queries/stackoverflow/SQLStorm/14590.sql
  LOGS_DIR          = logs/so_timeouts/warm_stepup/so_timeouts_300s_20261006T102405Z  (query_timing_/query_samples_/query_catalog_stackoverflow_1gb.csv)
  DB_NAME / DB_USER = stackoverflow_1gb / postgres
  PGPORT            = 5434  (server reports 18.6)
  RUN_ID            = 11E8CD2857F8BDA9
  WARMUP            = 1 single-copy warm-ups (the first primes the cache)
  BATCH_SIZES       = 1  x RUNS=1 measured batches each
  WORKERS           = (planner default)
  STATEMENT_TIMEOUT = 300
  THERMAL_EQUALISE  = gate (T_LO=40 T_HI=60 preheat<=60s cooldown<=120s)
  sensors           = pkg:/sys/class/hwmon/hwmon8/temp1_input cores:4 cpufreq:8 throttle:8/8
  WARMUP_FAIL_SKIP  = on (a failed warm-up skips the query's measured batches)
  IDLE_BASELINE_S   = off
  SIGLESS_ADDR      = (disabled)
Found 1 query under queries/stackoverflow/SQLStorm/14590.sql

RAPL: powercap, 1 package, domains: pkg core gpu/uncore dram

[1/1] queries/stackoverflow/SQLStorm/14590.sql (1 warmup + step-up 1 x1)
  thermal gate: waited 2s -> 59.0 C
  warmup 1/1: 17.462828 sec (cache prime)
  N=1   batch 1/1: 16.967187 sec, 1 copy (server sum 16909.850 ms)
  done: 1 size x 1 run (0 failures)

Done. Batch rows appended to logs/so_timeouts/warm_stepup/so_timeouts_300s_20261006T102405Z/query_timing_stackoverflow_1gb.csv
Per-copy samples appended to logs/so_timeouts/warm_stepup/so_timeouts_300s_20261006T102405Z/query_samples_stackoverflow_1gb.csv
Machine identity appended to logs/so_timeouts/warm_stepup/so_timeouts_300s_20261006T102405Z/query_runinfo_stackoverflow_1gb.csv
Last batch ended at epoch 1791285758.516 (PREV_END_EPOCH for the next invocation)
===== [57/363] queries/stackoverflow/SQLStorm/1116.sql run_id=A64980AF6A29428F =====
query_runner configuration:
  QUERY_DIR         = queries/stackoverflow/SQLStorm/1116.sql
  LOGS_DIR          = logs/so_timeouts/warm_stepup/so_timeouts_300s_20261006T102405Z  (query_timing_/query_samples_/query_catalog_stackoverflow_1gb.csv)
  DB_NAME / DB_USER = stackoverflow_1gb / postgres
  PGPORT            = 5434  (server reports 18.6)
  RUN_ID            = A64980AF6A29428F
  WARMUP            = 1 single-copy warm-ups (the first primes the cache)
  BATCH_SIZES       = 1  x RUNS=1 measured batches each
  WORKERS           = (planner default)
  STATEMENT_TIMEOUT = 300
  THERMAL_EQUALISE  = gate (T_LO=40 T_HI=60 preheat<=60s cooldown<=120s)
  sensors           = pkg:/sys/class/hwmon/hwmon8/temp1_input cores:4 cpufreq:8 throttle:8/8
  WARMUP_FAIL_SKIP  = on (a failed warm-up skips the query's measured batches)
  IDLE_BASELINE_S   = off
  SIGLESS_ADDR      = (disabled)
Found 1 query under queries/stackoverflow/SQLStorm/1116.sql

RAPL: powercap, 1 package, domains: pkg core gpu/uncore dram

[1/1] queries/stackoverflow/SQLStorm/1116.sql (1 warmup + step-up 1 x1)
  warmup 1/1: 20.417684 sec (cache prime)
  N=1   batch 1/1: 20.283320 sec, 1 copy (server sum 20222.913 ms)
  done: 1 size x 1 run (0 failures)

Done. Batch rows appended to logs/so_timeouts/warm_stepup/so_timeouts_300s_20261006T102405Z/query_timing_stackoverflow_1gb.csv
Per-copy samples appended to logs/so_timeouts/warm_stepup/so_timeouts_300s_20261006T102405Z/query_samples_stackoverflow_1gb.csv
Machine identity appended to logs/so_timeouts/warm_stepup/so_timeouts_300s_20261006T102405Z/query_runinfo_stackoverflow_1gb.csv
Last batch ended at epoch 1791285802.440 (PREV_END_EPOCH for the next invocation)
===== [58/363] queries/stackoverflow/SQLStorm/25034.sql run_id=C2B92BFBC8D2EFDE =====
query_runner configuration:
  QUERY_DIR         = queries/stackoverflow/SQLStorm/25034.sql
  LOGS_DIR          = logs/so_timeouts/warm_stepup/so_timeouts_300s_20261006T102405Z  (query_timing_/query_samples_/query_catalog_stackoverflow_1gb.csv)
  DB_NAME / DB_USER = stackoverflow_1gb / postgres
  PGPORT            = 5434  (server reports 18.6)
  RUN_ID            = C2B92BFBC8D2EFDE
  WARMUP            = 1 single-copy warm-ups (the first primes the cache)
  BATCH_SIZES       = 1  x RUNS=1 measured batches each
  WORKERS           = (planner default)
  STATEMENT_TIMEOUT = 300
  THERMAL_EQUALISE  = gate (T_LO=40 T_HI=60 preheat<=60s cooldown<=120s)
  sensors           = pkg:/sys/class/hwmon/hwmon8/temp1_input cores:4 cpufreq:8 throttle:8/8
  WARMUP_FAIL_SKIP  = on (a failed warm-up skips the query's measured batches)
  IDLE_BASELINE_S   = off
  SIGLESS_ADDR      = (disabled)
Found 1 query under queries/stackoverflow/SQLStorm/25034.sql

RAPL: powercap, 1 package, domains: pkg core gpu/uncore dram

[1/1] queries/stackoverflow/SQLStorm/25034.sql (1 warmup + step-up 1 x1)
  warmup 1/1: 15.810338 sec (cache prime)
  N=1   batch 1/1: 14.958965 sec, 1 copy (server sum 14901.246 ms)
  done: 1 size x 1 run (0 failures)

Done. Batch rows appended to logs/so_timeouts/warm_stepup/so_timeouts_300s_20261006T102405Z/query_timing_stackoverflow_1gb.csv
Per-copy samples appended to logs/so_timeouts/warm_stepup/so_timeouts_300s_20261006T102405Z/query_samples_stackoverflow_1gb.csv
Machine identity appended to logs/so_timeouts/warm_stepup/so_timeouts_300s_20261006T102405Z/query_runinfo_stackoverflow_1gb.csv
Last batch ended at epoch 1791285837.007 (PREV_END_EPOCH for the next invocation)
===== [59/363] queries/stackoverflow/SQLStorm/12146.sql run_id=8B1B919ED5AA87E3 =====
query_runner configuration:
  QUERY_DIR         = queries/stackoverflow/SQLStorm/12146.sql
  LOGS_DIR          = logs/so_timeouts/warm_stepup/so_timeouts_300s_20261006T102405Z  (query_timing_/query_samples_/query_catalog_stackoverflow_1gb.csv)
  DB_NAME / DB_USER = stackoverflow_1gb / postgres
  PGPORT            = 5434  (server reports 18.6)
  RUN_ID            = 8B1B919ED5AA87E3
  WARMUP            = 1 single-copy warm-ups (the first primes the cache)
  BATCH_SIZES       = 1  x RUNS=1 measured batches each
  WORKERS           = (planner default)
  STATEMENT_TIMEOUT = 300
  THERMAL_EQUALISE  = gate (T_LO=40 T_HI=60 preheat<=60s cooldown<=120s)
  sensors           = pkg:/sys/class/hwmon/hwmon8/temp1_input cores:4 cpufreq:8 throttle:8/8
  WARMUP_FAIL_SKIP  = on (a failed warm-up skips the query's measured batches)
  IDLE_BASELINE_S   = off
  SIGLESS_ADDR      = (disabled)
Found 1 query under queries/stackoverflow/SQLStorm/12146.sql

RAPL: powercap, 1 package, domains: pkg core gpu/uncore dram

[1/1] queries/stackoverflow/SQLStorm/12146.sql (1 warmup + step-up 1 x1)
  thermal gate: waited 2s -> 60.0 C
  warmup 1/1: 21.644907 sec (cache prime)
  N=1   batch 1/1: 20.985446 sec, 1 copy (server sum 20928.554 ms)
  done: 1 size x 1 run (0 failures)

Done. Batch rows appended to logs/so_timeouts/warm_stepup/so_timeouts_300s_20261006T102405Z/query_timing_stackoverflow_1gb.csv
Per-copy samples appended to logs/so_timeouts/warm_stepup/so_timeouts_300s_20261006T102405Z/query_samples_stackoverflow_1gb.csv
Machine identity appended to logs/so_timeouts/warm_stepup/so_timeouts_300s_20261006T102405Z/query_runinfo_stackoverflow_1gb.csv
Last batch ended at epoch 1791285885.420 (PREV_END_EPOCH for the next invocation)
===== [60/363] queries/stackoverflow/SQLStorm/10568.sql run_id=DD11EF52D49A1811 =====
query_runner configuration:
  QUERY_DIR         = queries/stackoverflow/SQLStorm/10568.sql
  LOGS_DIR          = logs/so_timeouts/warm_stepup/so_timeouts_300s_20261006T102405Z  (query_timing_/query_samples_/query_catalog_stackoverflow_1gb.csv)
  DB_NAME / DB_USER = stackoverflow_1gb / postgres
  PGPORT            = 5434  (server reports 18.6)
  RUN_ID            = DD11EF52D49A1811
  WARMUP            = 1 single-copy warm-ups (the first primes the cache)
  BATCH_SIZES       = 1  x RUNS=1 measured batches each
  WORKERS           = (planner default)
  STATEMENT_TIMEOUT = 300
  THERMAL_EQUALISE  = gate (T_LO=40 T_HI=60 preheat<=60s cooldown<=120s)
  sensors           = pkg:/sys/class/hwmon/hwmon8/temp1_input cores:4 cpufreq:8 throttle:8/8
  WARMUP_FAIL_SKIP  = on (a failed warm-up skips the query's measured batches)
  IDLE_BASELINE_S   = off
  SIGLESS_ADDR      = (disabled)
Found 1 query under queries/stackoverflow/SQLStorm/10568.sql

RAPL: powercap, 1 package, domains: pkg core gpu/uncore dram

[1/1] queries/stackoverflow/SQLStorm/10568.sql (1 warmup + step-up 1 x1)
  warmup 1/1: 17.868889 sec (cache prime)
  N=1   batch 1/1: 16.786955 sec, 1 copy (server sum 16727.307 ms)
  done: 1 size x 1 run (0 failures)

Done. Batch rows appended to logs/so_timeouts/warm_stepup/so_timeouts_300s_20261006T102405Z/query_timing_stackoverflow_1gb.csv
Per-copy samples appended to logs/so_timeouts/warm_stepup/so_timeouts_300s_20261006T102405Z/query_samples_stackoverflow_1gb.csv
Machine identity appended to logs/so_timeouts/warm_stepup/so_timeouts_300s_20261006T102405Z/query_runinfo_stackoverflow_1gb.csv
Last batch ended at epoch 1791285923.861 (PREV_END_EPOCH for the next invocation)
===== [61/363] queries/stackoverflow/SQLStorm/13872.sql run_id=1A7076A3D4444453 =====
query_runner configuration:
  QUERY_DIR         = queries/stackoverflow/SQLStorm/13872.sql
  LOGS_DIR          = logs/so_timeouts/warm_stepup/so_timeouts_300s_20261006T102405Z  (query_timing_/query_samples_/query_catalog_stackoverflow_1gb.csv)
  DB_NAME / DB_USER = stackoverflow_1gb / postgres
  PGPORT            = 5434  (server reports 18.6)
  RUN_ID            = 1A7076A3D4444453
  WARMUP            = 1 single-copy warm-ups (the first primes the cache)
  BATCH_SIZES       = 1  x RUNS=1 measured batches each
  WORKERS           = (planner default)
  STATEMENT_TIMEOUT = 300
  THERMAL_EQUALISE  = gate (T_LO=40 T_HI=60 preheat<=60s cooldown<=120s)
  sensors           = pkg:/sys/class/hwmon/hwmon8/temp1_input cores:4 cpufreq:8 throttle:8/8
  WARMUP_FAIL_SKIP  = on (a failed warm-up skips the query's measured batches)
  IDLE_BASELINE_S   = off
  SIGLESS_ADDR      = (disabled)
Found 1 query under queries/stackoverflow/SQLStorm/13872.sql

RAPL: powercap, 1 package, domains: pkg core gpu/uncore dram

[1/1] queries/stackoverflow/SQLStorm/13872.sql (1 warmup + step-up 1 x1)
  warmup 1/1: 21.932166 sec (cache prime)
  N=1   batch 1/1: 21.526589 sec, 1 copy (server sum 21467.722 ms)
  done: 1 size x 1 run (0 failures)

Done. Batch rows appended to logs/so_timeouts/warm_stepup/so_timeouts_300s_20261006T102405Z/query_timing_stackoverflow_1gb.csv
Per-copy samples appended to logs/so_timeouts/warm_stepup/so_timeouts_300s_20261006T102405Z/query_samples_stackoverflow_1gb.csv
Machine identity appended to logs/so_timeouts/warm_stepup/so_timeouts_300s_20261006T102405Z/query_runinfo_stackoverflow_1gb.csv
Last batch ended at epoch 1791285970.629 (PREV_END_EPOCH for the next invocation)
===== [62/363] queries/stackoverflow/SQLStorm/12724.sql run_id=4C4AE4DF5054D19B =====
query_runner configuration:
  QUERY_DIR         = queries/stackoverflow/SQLStorm/12724.sql
  LOGS_DIR          = logs/so_timeouts/warm_stepup/so_timeouts_300s_20261006T102405Z  (query_timing_/query_samples_/query_catalog_stackoverflow_1gb.csv)
  DB_NAME / DB_USER = stackoverflow_1gb / postgres
  PGPORT            = 5434  (server reports 18.6)
  RUN_ID            = 4C4AE4DF5054D19B
  WARMUP            = 1 single-copy warm-ups (the first primes the cache)
  BATCH_SIZES       = 1  x RUNS=1 measured batches each
  WORKERS           = (planner default)
  STATEMENT_TIMEOUT = 300
  THERMAL_EQUALISE  = gate (T_LO=40 T_HI=60 preheat<=60s cooldown<=120s)
  sensors           = pkg:/sys/class/hwmon/hwmon8/temp1_input cores:4 cpufreq:8 throttle:8/8
  WARMUP_FAIL_SKIP  = on (a failed warm-up skips the query's measured batches)
  IDLE_BASELINE_S   = off
  SIGLESS_ADDR      = (disabled)
Found 1 query under queries/stackoverflow/SQLStorm/12724.sql

RAPL: powercap, 1 package, domains: pkg core gpu/uncore dram

[1/1] queries/stackoverflow/SQLStorm/12724.sql (1 warmup + step-up 1 x1)
  warmup 1/1: 19.335960 sec (cache prime)
  N=1   batch 1/1: 18.866891 sec, 1 copy (server sum 18810.605 ms)
  done: 1 size x 1 run (0 failures)

Done. Batch rows appended to logs/so_timeouts/warm_stepup/so_timeouts_300s_20261006T102405Z/query_timing_stackoverflow_1gb.csv
Per-copy samples appended to logs/so_timeouts/warm_stepup/so_timeouts_300s_20261006T102405Z/query_samples_stackoverflow_1gb.csv
Machine identity appended to logs/so_timeouts/warm_stepup/so_timeouts_300s_20261006T102405Z/query_runinfo_stackoverflow_1gb.csv
Last batch ended at epoch 1791286012.717 (PREV_END_EPOCH for the next invocation)
===== [63/363] queries/stackoverflow/SQLStorm/28776.sql run_id=23A85040EC502E73 =====
query_runner configuration:
  QUERY_DIR         = queries/stackoverflow/SQLStorm/28776.sql
  LOGS_DIR          = logs/so_timeouts/warm_stepup/so_timeouts_300s_20261006T102405Z  (query_timing_/query_samples_/query_catalog_stackoverflow_1gb.csv)
  DB_NAME / DB_USER = stackoverflow_1gb / postgres
  PGPORT            = 5434  (server reports 18.6)
  RUN_ID            = 23A85040EC502E73
  WARMUP            = 1 single-copy warm-ups (the first primes the cache)
  BATCH_SIZES       = 1  x RUNS=1 measured batches each
  WORKERS           = (planner default)
  STATEMENT_TIMEOUT = 300
  THERMAL_EQUALISE  = gate (T_LO=40 T_HI=60 preheat<=60s cooldown<=120s)
  sensors           = pkg:/sys/class/hwmon/hwmon8/temp1_input cores:4 cpufreq:8 throttle:8/8
  WARMUP_FAIL_SKIP  = on (a failed warm-up skips the query's measured batches)
  IDLE_BASELINE_S   = off
  SIGLESS_ADDR      = (disabled)
Found 1 query under queries/stackoverflow/SQLStorm/28776.sql

RAPL: powercap, 1 package, domains: pkg core gpu/uncore dram

[1/1] queries/stackoverflow/SQLStorm/28776.sql (1 warmup + step-up 1 x1)
  warmup 1/1: 16.167586 sec (cache prime)
  N=1   batch 1/1: 14.340296 sec, 1 copy (server sum 14283.343 ms)
  done: 1 size x 1 run (0 failures)

Done. Batch rows appended to logs/so_timeouts/warm_stepup/so_timeouts_300s_20261006T102405Z/query_timing_stackoverflow_1gb.csv
Per-copy samples appended to logs/so_timeouts/warm_stepup/so_timeouts_300s_20261006T102405Z/query_samples_stackoverflow_1gb.csv
Machine identity appended to logs/so_timeouts/warm_stepup/so_timeouts_300s_20261006T102405Z/query_runinfo_stackoverflow_1gb.csv
Last batch ended at epoch 1791286047.015 (PREV_END_EPOCH for the next invocation)
===== [64/363] queries/stackoverflow/SQLStorm/13957.sql run_id=4FAB7BD72F63AD83 =====
query_runner configuration:
  QUERY_DIR         = queries/stackoverflow/SQLStorm/13957.sql
  LOGS_DIR          = logs/so_timeouts/warm_stepup/so_timeouts_300s_20261006T102405Z  (query_timing_/query_samples_/query_catalog_stackoverflow_1gb.csv)
  DB_NAME / DB_USER = stackoverflow_1gb / postgres
  PGPORT            = 5434  (server reports 18.6)
  RUN_ID            = 4FAB7BD72F63AD83
  WARMUP            = 1 single-copy warm-ups (the first primes the cache)
  BATCH_SIZES       = 1  x RUNS=1 measured batches each
  WORKERS           = (planner default)
  STATEMENT_TIMEOUT = 300
  THERMAL_EQUALISE  = gate (T_LO=40 T_HI=60 preheat<=60s cooldown<=120s)
  sensors           = pkg:/sys/class/hwmon/hwmon8/temp1_input cores:4 cpufreq:8 throttle:8/8
  WARMUP_FAIL_SKIP  = on (a failed warm-up skips the query's measured batches)
  IDLE_BASELINE_S   = off
  SIGLESS_ADDR      = (disabled)
Found 1 query under queries/stackoverflow/SQLStorm/13957.sql

RAPL: powercap, 1 package, domains: pkg core gpu/uncore dram

[1/1] queries/stackoverflow/SQLStorm/13957.sql (1 warmup + step-up 1 x1)
  thermal gate: waited 2s -> 59.0 C
  warmup 1/1: 38.764181 sec (cache prime)
  N=1   batch 1/1: 38.015297 sec, 1 copy (server sum 37959.188 ms)
  done: 1 size x 1 run (0 failures)

Done. Batch rows appended to logs/so_timeouts/warm_stepup/so_timeouts_300s_20261006T102405Z/query_timing_stackoverflow_1gb.csv
Per-copy samples appended to logs/so_timeouts/warm_stepup/so_timeouts_300s_20261006T102405Z/query_samples_stackoverflow_1gb.csv
Machine identity appended to logs/so_timeouts/warm_stepup/so_timeouts_300s_20261006T102405Z/query_runinfo_stackoverflow_1gb.csv
Last batch ended at epoch 1791286129.704 (PREV_END_EPOCH for the next invocation)
===== [65/363] queries/stackoverflow/SQLStorm/24372.sql run_id=0D4B9C274CC7B892 =====
query_runner configuration:
  QUERY_DIR         = queries/stackoverflow/SQLStorm/24372.sql
  LOGS_DIR          = logs/so_timeouts/warm_stepup/so_timeouts_300s_20261006T102405Z  (query_timing_/query_samples_/query_catalog_stackoverflow_1gb.csv)
  DB_NAME / DB_USER = stackoverflow_1gb / postgres
  PGPORT            = 5434  (server reports 18.6)
  RUN_ID            = 0D4B9C274CC7B892
  WARMUP            = 1 single-copy warm-ups (the first primes the cache)
  BATCH_SIZES       = 1  x RUNS=1 measured batches each
  WORKERS           = (planner default)
  STATEMENT_TIMEOUT = 300
  THERMAL_EQUALISE  = gate (T_LO=40 T_HI=60 preheat<=60s cooldown<=120s)
  sensors           = pkg:/sys/class/hwmon/hwmon8/temp1_input cores:4 cpufreq:8 throttle:8/8
  WARMUP_FAIL_SKIP  = on (a failed warm-up skips the query's measured batches)
  IDLE_BASELINE_S   = off
  SIGLESS_ADDR      = (disabled)
Found 1 query under queries/stackoverflow/SQLStorm/24372.sql

RAPL: powercap, 1 package, domains: pkg core gpu/uncore dram

[1/1] queries/stackoverflow/SQLStorm/24372.sql (1 warmup + step-up 1 x1)
  warmup 1/1: 31.709214 sec (cache prime)
  N=1   batch 1/1: 30.889205 sec, 1 copy (server sum 30783.651 ms)
  done: 1 size x 1 run (0 failures)

Done. Batch rows appended to logs/so_timeouts/warm_stepup/so_timeouts_300s_20261006T102405Z/query_timing_stackoverflow_1gb.csv
Per-copy samples appended to logs/so_timeouts/warm_stepup/so_timeouts_300s_20261006T102405Z/query_samples_stackoverflow_1gb.csv
Machine identity appended to logs/so_timeouts/warm_stepup/so_timeouts_300s_20261006T102405Z/query_runinfo_stackoverflow_1gb.csv
Last batch ended at epoch 1791286196.285 (PREV_END_EPOCH for the next invocation)
===== [66/363] queries/stackoverflow/SQLStorm/7949.sql run_id=92944959361D64F3 =====
query_runner configuration:
  QUERY_DIR         = queries/stackoverflow/SQLStorm/7949.sql
  LOGS_DIR          = logs/so_timeouts/warm_stepup/so_timeouts_300s_20261006T102405Z  (query_timing_/query_samples_/query_catalog_stackoverflow_1gb.csv)
  DB_NAME / DB_USER = stackoverflow_1gb / postgres
  PGPORT            = 5434  (server reports 18.6)
  RUN_ID            = 92944959361D64F3
  WARMUP            = 1 single-copy warm-ups (the first primes the cache)
  BATCH_SIZES       = 1  x RUNS=1 measured batches each
  WORKERS           = (planner default)
  STATEMENT_TIMEOUT = 300
  THERMAL_EQUALISE  = gate (T_LO=40 T_HI=60 preheat<=60s cooldown<=120s)
  sensors           = pkg:/sys/class/hwmon/hwmon8/temp1_input cores:4 cpufreq:8 throttle:8/8
  WARMUP_FAIL_SKIP  = on (a failed warm-up skips the query's measured batches)
  IDLE_BASELINE_S   = off
  SIGLESS_ADDR      = (disabled)
Found 1 query under queries/stackoverflow/SQLStorm/7949.sql

RAPL: powercap, 1 package, domains: pkg core gpu/uncore dram

[1/1] queries/stackoverflow/SQLStorm/7949.sql (1 warmup + step-up 1 x1)
  warmup 1/1: 36.646853 sec (cache prime)
  N=1   batch 1/1: 35.950292 sec, 1 copy (server sum 35892.908 ms)
  done: 1 size x 1 run (0 failures)

Done. Batch rows appended to logs/so_timeouts/warm_stepup/so_timeouts_300s_20261006T102405Z/query_timing_stackoverflow_1gb.csv
Per-copy samples appended to logs/so_timeouts/warm_stepup/so_timeouts_300s_20261006T102405Z/query_samples_stackoverflow_1gb.csv
Machine identity appended to logs/so_timeouts/warm_stepup/so_timeouts_300s_20261006T102405Z/query_runinfo_stackoverflow_1gb.csv
Last batch ended at epoch 1791286272.726 (PREV_END_EPOCH for the next invocation)
===== [67/363] queries/stackoverflow/SQLStorm/4436.sql run_id=9132CD4FDA94A206 =====
query_runner configuration:
  QUERY_DIR         = queries/stackoverflow/SQLStorm/4436.sql
  LOGS_DIR          = logs/so_timeouts/warm_stepup/so_timeouts_300s_20261006T102405Z  (query_timing_/query_samples_/query_catalog_stackoverflow_1gb.csv)
  DB_NAME / DB_USER = stackoverflow_1gb / postgres
  PGPORT            = 5434  (server reports 18.6)
  RUN_ID            = 9132CD4FDA94A206
  WARMUP            = 1 single-copy warm-ups (the first primes the cache)
  BATCH_SIZES       = 1  x RUNS=1 measured batches each
  WORKERS           = (planner default)
  STATEMENT_TIMEOUT = 300
  THERMAL_EQUALISE  = gate (T_LO=40 T_HI=60 preheat<=60s cooldown<=120s)
  sensors           = pkg:/sys/class/hwmon/hwmon8/temp1_input cores:4 cpufreq:8 throttle:8/8
  WARMUP_FAIL_SKIP  = on (a failed warm-up skips the query's measured batches)
  IDLE_BASELINE_S   = off
  SIGLESS_ADDR      = (disabled)
Found 1 query under queries/stackoverflow/SQLStorm/4436.sql

RAPL: powercap, 1 package, domains: pkg core gpu/uncore dram

[1/1] queries/stackoverflow/SQLStorm/4436.sql (1 warmup + step-up 1 x1)
  warmup 1/1: 35.654199 sec (cache prime)
  N=1   batch 1/1: 34.771950 sec, 1 copy (server sum 34713.344 ms)
  done: 1 size x 1 run (0 failures)

Done. Batch rows appended to logs/so_timeouts/warm_stepup/so_timeouts_300s_20261006T102405Z/query_timing_stackoverflow_1gb.csv
Per-copy samples appended to logs/so_timeouts/warm_stepup/so_timeouts_300s_20261006T102405Z/query_samples_stackoverflow_1gb.csv
Machine identity appended to logs/so_timeouts/warm_stepup/so_timeouts_300s_20261006T102405Z/query_runinfo_stackoverflow_1gb.csv
Last batch ended at epoch 1791286346.714 (PREV_END_EPOCH for the next invocation)
===== [68/363] queries/stackoverflow/SQLStorm/5315.sql run_id=9C7287E3A5AC8377 =====
query_runner configuration:
  QUERY_DIR         = queries/stackoverflow/SQLStorm/5315.sql
  LOGS_DIR          = logs/so_timeouts/warm_stepup/so_timeouts_300s_20261006T102405Z  (query_timing_/query_samples_/query_catalog_stackoverflow_1gb.csv)
  DB_NAME / DB_USER = stackoverflow_1gb / postgres
  PGPORT            = 5434  (server reports 18.6)
  RUN_ID            = 9C7287E3A5AC8377
  WARMUP            = 1 single-copy warm-ups (the first primes the cache)
  BATCH_SIZES       = 1  x RUNS=1 measured batches each
  WORKERS           = (planner default)
  STATEMENT_TIMEOUT = 300
  THERMAL_EQUALISE  = gate (T_LO=40 T_HI=60 preheat<=60s cooldown<=120s)
  sensors           = pkg:/sys/class/hwmon/hwmon8/temp1_input cores:4 cpufreq:8 throttle:8/8
  WARMUP_FAIL_SKIP  = on (a failed warm-up skips the query's measured batches)
  IDLE_BASELINE_S   = off
  SIGLESS_ADDR      = (disabled)
Found 1 query under queries/stackoverflow/SQLStorm/5315.sql

RAPL: powercap, 1 package, domains: pkg core gpu/uncore dram

[1/1] queries/stackoverflow/SQLStorm/5315.sql (1 warmup + step-up 1 x1)
  warmup 1/1: 33.220472 sec (cache prime)
  N=1   batch 1/1: 32.604411 sec, 1 copy (server sum 32546.481 ms)
  done: 1 size x 1 run (0 failures)

Done. Batch rows appended to logs/so_timeouts/warm_stepup/so_timeouts_300s_20261006T102405Z/query_timing_stackoverflow_1gb.csv
Per-copy samples appended to logs/so_timeouts/warm_stepup/so_timeouts_300s_20261006T102405Z/query_samples_stackoverflow_1gb.csv
Machine identity appended to logs/so_timeouts/warm_stepup/so_timeouts_300s_20261006T102405Z/query_runinfo_stackoverflow_1gb.csv
Last batch ended at epoch 1791286416.302 (PREV_END_EPOCH for the next invocation)
===== [69/363] queries/stackoverflow/SQLStorm/6605.sql run_id=C7EC8E1603CDD875 =====
query_runner configuration:
  QUERY_DIR         = queries/stackoverflow/SQLStorm/6605.sql
  LOGS_DIR          = logs/so_timeouts/warm_stepup/so_timeouts_300s_20261006T102405Z  (query_timing_/query_samples_/query_catalog_stackoverflow_1gb.csv)
  DB_NAME / DB_USER = stackoverflow_1gb / postgres
  PGPORT            = 5434  (server reports 18.6)
  RUN_ID            = C7EC8E1603CDD875
  WARMUP            = 1 single-copy warm-ups (the first primes the cache)
  BATCH_SIZES       = 1  x RUNS=1 measured batches each
  WORKERS           = (planner default)
  STATEMENT_TIMEOUT = 300
  THERMAL_EQUALISE  = gate (T_LO=40 T_HI=60 preheat<=60s cooldown<=120s)
  sensors           = pkg:/sys/class/hwmon/hwmon8/temp1_input cores:4 cpufreq:8 throttle:8/8
  WARMUP_FAIL_SKIP  = on (a failed warm-up skips the query's measured batches)
  IDLE_BASELINE_S   = off
  SIGLESS_ADDR      = (disabled)
Found 1 query under queries/stackoverflow/SQLStorm/6605.sql

RAPL: powercap, 1 package, domains: pkg core gpu/uncore dram

[1/1] queries/stackoverflow/SQLStorm/6605.sql (1 warmup + step-up 1 x1)
  warmup 1/1: 18.105195 sec (cache prime)
  N=1   batch 1/1: 16.524111 sec, 1 copy (server sum 16466.012 ms)
  done: 1 size x 1 run (0 failures)

Done. Batch rows appended to logs/so_timeouts/warm_stepup/so_timeouts_300s_20261006T102405Z/query_timing_stackoverflow_1gb.csv
Per-copy samples appended to logs/so_timeouts/warm_stepup/so_timeouts_300s_20261006T102405Z/query_samples_stackoverflow_1gb.csv
Machine identity appended to logs/so_timeouts/warm_stepup/so_timeouts_300s_20261006T102405Z/query_runinfo_stackoverflow_1gb.csv
Last batch ended at epoch 1791286454.780 (PREV_END_EPOCH for the next invocation)
===== [70/363] queries/stackoverflow/SQLStorm/13448.sql run_id=6FD92624196AD74B =====
query_runner configuration:
  QUERY_DIR         = queries/stackoverflow/SQLStorm/13448.sql
  LOGS_DIR          = logs/so_timeouts/warm_stepup/so_timeouts_300s_20261006T102405Z  (query_timing_/query_samples_/query_catalog_stackoverflow_1gb.csv)
  DB_NAME / DB_USER = stackoverflow_1gb / postgres
  PGPORT            = 5434  (server reports 18.6)
  RUN_ID            = 6FD92624196AD74B
  WARMUP            = 1 single-copy warm-ups (the first primes the cache)
  BATCH_SIZES       = 1  x RUNS=1 measured batches each
  WORKERS           = (planner default)
  STATEMENT_TIMEOUT = 300
  THERMAL_EQUALISE  = gate (T_LO=40 T_HI=60 preheat<=60s cooldown<=120s)
  sensors           = pkg:/sys/class/hwmon/hwmon8/temp1_input cores:4 cpufreq:8 throttle:8/8
  WARMUP_FAIL_SKIP  = on (a failed warm-up skips the query's measured batches)
  IDLE_BASELINE_S   = off
  SIGLESS_ADDR      = (disabled)
Found 1 query under queries/stackoverflow/SQLStorm/13448.sql

RAPL: powercap, 1 package, domains: pkg core gpu/uncore dram

[1/1] queries/stackoverflow/SQLStorm/13448.sql (1 warmup + step-up 1 x1)
  warmup 1/1: 16.894064 sec (cache prime)
  N=1   batch 1/1: 16.240461 sec, 1 copy (server sum 16183.602 ms)
  done: 1 size x 1 run (0 failures)

Done. Batch rows appended to logs/so_timeouts/warm_stepup/so_timeouts_300s_20261006T102405Z/query_timing_stackoverflow_1gb.csv
Per-copy samples appended to logs/so_timeouts/warm_stepup/so_timeouts_300s_20261006T102405Z/query_samples_stackoverflow_1gb.csv
Machine identity appended to logs/so_timeouts/warm_stepup/so_timeouts_300s_20261006T102405Z/query_runinfo_stackoverflow_1gb.csv
Last batch ended at epoch 1791286491.655 (PREV_END_EPOCH for the next invocation)
===== [71/363] queries/stackoverflow/SQLStorm/29172.sql run_id=1D96FA992C61FF91 =====
query_runner configuration:
  QUERY_DIR         = queries/stackoverflow/SQLStorm/29172.sql
  LOGS_DIR          = logs/so_timeouts/warm_stepup/so_timeouts_300s_20261006T102405Z  (query_timing_/query_samples_/query_catalog_stackoverflow_1gb.csv)
  DB_NAME / DB_USER = stackoverflow_1gb / postgres
  PGPORT            = 5434  (server reports 18.6)
  RUN_ID            = 1D96FA992C61FF91
  WARMUP            = 1 single-copy warm-ups (the first primes the cache)
  BATCH_SIZES       = 1  x RUNS=1 measured batches each
  WORKERS           = (planner default)
  STATEMENT_TIMEOUT = 300
  THERMAL_EQUALISE  = gate (T_LO=40 T_HI=60 preheat<=60s cooldown<=120s)
  sensors           = pkg:/sys/class/hwmon/hwmon8/temp1_input cores:4 cpufreq:8 throttle:8/8
  WARMUP_FAIL_SKIP  = on (a failed warm-up skips the query's measured batches)
  IDLE_BASELINE_S   = off
  SIGLESS_ADDR      = (disabled)
Found 1 query under queries/stackoverflow/SQLStorm/29172.sql

RAPL: powercap, 1 package, domains: pkg core gpu/uncore dram

[1/1] queries/stackoverflow/SQLStorm/29172.sql (1 warmup + step-up 1 x1)
  warmup 1/1: 25.520515 sec (cache prime)
  N=1   batch 1/1: 23.100856 sec, 1 copy (server sum 23041.536 ms)
  done: 1 size x 1 run (0 failures)

Done. Batch rows appended to logs/so_timeouts/warm_stepup/so_timeouts_300s_20261006T102405Z/query_timing_stackoverflow_1gb.csv
Per-copy samples appended to logs/so_timeouts/warm_stepup/so_timeouts_300s_20261006T102405Z/query_samples_stackoverflow_1gb.csv
Machine identity appended to logs/so_timeouts/warm_stepup/so_timeouts_300s_20261006T102405Z/query_runinfo_stackoverflow_1gb.csv
Last batch ended at epoch 1791286544.181 (PREV_END_EPOCH for the next invocation)
===== [72/363] queries/stackoverflow/SQLStorm/1955.sql run_id=36D365B550CCAF76 =====
query_runner configuration:
  QUERY_DIR         = queries/stackoverflow/SQLStorm/1955.sql
  LOGS_DIR          = logs/so_timeouts/warm_stepup/so_timeouts_300s_20261006T102405Z  (query_timing_/query_samples_/query_catalog_stackoverflow_1gb.csv)
  DB_NAME / DB_USER = stackoverflow_1gb / postgres
  PGPORT            = 5434  (server reports 18.6)
  RUN_ID            = 36D365B550CCAF76
  WARMUP            = 1 single-copy warm-ups (the first primes the cache)
  BATCH_SIZES       = 1  x RUNS=1 measured batches each
  WORKERS           = (planner default)
  STATEMENT_TIMEOUT = 300
  THERMAL_EQUALISE  = gate (T_LO=40 T_HI=60 preheat<=60s cooldown<=120s)
  sensors           = pkg:/sys/class/hwmon/hwmon8/temp1_input cores:4 cpufreq:8 throttle:8/8
  WARMUP_FAIL_SKIP  = on (a failed warm-up skips the query's measured batches)
  IDLE_BASELINE_S   = off
  SIGLESS_ADDR      = (disabled)
Found 1 query under queries/stackoverflow/SQLStorm/1955.sql

RAPL: powercap, 1 package, domains: pkg core gpu/uncore dram

[1/1] queries/stackoverflow/SQLStorm/1955.sql (1 warmup + step-up 1 x1)
  thermal gate: waited 4s -> 59.0 C
  warmup 1/1: 37.872577 sec (cache prime)
  N=1   batch 1/1: 37.042950 sec, 1 copy (server sum 36985.242 ms)
  done: 1 size x 1 run (0 failures)

Done. Batch rows appended to logs/so_timeouts/warm_stepup/so_timeouts_300s_20261006T102405Z/query_timing_stackoverflow_1gb.csv
Per-copy samples appended to logs/so_timeouts/warm_stepup/so_timeouts_300s_20261006T102405Z/query_samples_stackoverflow_1gb.csv
Machine identity appended to logs/so_timeouts/warm_stepup/so_timeouts_300s_20261006T102405Z/query_runinfo_stackoverflow_1gb.csv
Last batch ended at epoch 1791286627.040 (PREV_END_EPOCH for the next invocation)
===== [73/363] queries/stackoverflow/SQLStorm/27203.sql run_id=2407D405B8C24045 =====
query_runner configuration:
  QUERY_DIR         = queries/stackoverflow/SQLStorm/27203.sql
  LOGS_DIR          = logs/so_timeouts/warm_stepup/so_timeouts_300s_20261006T102405Z  (query_timing_/query_samples_/query_catalog_stackoverflow_1gb.csv)
  DB_NAME / DB_USER = stackoverflow_1gb / postgres
  PGPORT            = 5434  (server reports 18.6)
  RUN_ID            = 2407D405B8C24045
  WARMUP            = 1 single-copy warm-ups (the first primes the cache)
  BATCH_SIZES       = 1  x RUNS=1 measured batches each
  WORKERS           = (planner default)
  STATEMENT_TIMEOUT = 300
  THERMAL_EQUALISE  = gate (T_LO=40 T_HI=60 preheat<=60s cooldown<=120s)
  sensors           = pkg:/sys/class/hwmon/hwmon8/temp1_input cores:4 cpufreq:8 throttle:8/8
  WARMUP_FAIL_SKIP  = on (a failed warm-up skips the query's measured batches)
  IDLE_BASELINE_S   = off
  SIGLESS_ADDR      = (disabled)
Found 1 query under queries/stackoverflow/SQLStorm/27203.sql

RAPL: powercap, 1 package, domains: pkg core gpu/uncore dram

[1/1] queries/stackoverflow/SQLStorm/27203.sql (1 warmup + step-up 1 x1)
  warmup 1/1: 16.031506 sec (cache prime)
  N=1   batch 1/1: 15.250307 sec, 1 copy (server sum 15192.228 ms)
  done: 1 size x 1 run (0 failures)

Done. Batch rows appended to logs/so_timeouts/warm_stepup/so_timeouts_300s_20261006T102405Z/query_timing_stackoverflow_1gb.csv
Per-copy samples appended to logs/so_timeouts/warm_stepup/so_timeouts_300s_20261006T102405Z/query_samples_stackoverflow_1gb.csv
Machine identity appended to logs/so_timeouts/warm_stepup/so_timeouts_300s_20261006T102405Z/query_runinfo_stackoverflow_1gb.csv
Last batch ended at epoch 1791286662.125 (PREV_END_EPOCH for the next invocation)
===== [74/363] queries/stackoverflow/SQLStorm/1820.sql run_id=28C31C40BFD49287 =====
query_runner configuration:
  QUERY_DIR         = queries/stackoverflow/SQLStorm/1820.sql
  LOGS_DIR          = logs/so_timeouts/warm_stepup/so_timeouts_300s_20261006T102405Z  (query_timing_/query_samples_/query_catalog_stackoverflow_1gb.csv)
  DB_NAME / DB_USER = stackoverflow_1gb / postgres
  PGPORT            = 5434  (server reports 18.6)
  RUN_ID            = 28C31C40BFD49287
  WARMUP            = 1 single-copy warm-ups (the first primes the cache)
  BATCH_SIZES       = 1  x RUNS=1 measured batches each
  WORKERS           = (planner default)
  STATEMENT_TIMEOUT = 300
  THERMAL_EQUALISE  = gate (T_LO=40 T_HI=60 preheat<=60s cooldown<=120s)
  sensors           = pkg:/sys/class/hwmon/hwmon8/temp1_input cores:4 cpufreq:8 throttle:8/8
  WARMUP_FAIL_SKIP  = on (a failed warm-up skips the query's measured batches)
  IDLE_BASELINE_S   = off
  SIGLESS_ADDR      = (disabled)
Found 1 query under queries/stackoverflow/SQLStorm/1820.sql

RAPL: powercap, 1 package, domains: pkg core gpu/uncore dram

[1/1] queries/stackoverflow/SQLStorm/1820.sql (1 warmup + step-up 1 x1)
  warmup 1/1: 76.182575 sec (cache prime)
  N=1   batch 1/1: 76.105329 sec, 1 copy (server sum 76048.019 ms)
  done: 1 size x 1 run (0 failures)

Done. Batch rows appended to logs/so_timeouts/warm_stepup/so_timeouts_300s_20261006T102405Z/query_timing_stackoverflow_1gb.csv
Per-copy samples appended to logs/so_timeouts/warm_stepup/so_timeouts_300s_20261006T102405Z/query_samples_stackoverflow_1gb.csv
Machine identity appended to logs/so_timeouts/warm_stepup/so_timeouts_300s_20261006T102405Z/query_runinfo_stackoverflow_1gb.csv
Last batch ended at epoch 1791286818.166 (PREV_END_EPOCH for the next invocation)
===== [75/363] queries/stackoverflow/SQLStorm/26431.sql run_id=E333275A66F157DC =====
query_runner configuration:
  QUERY_DIR         = queries/stackoverflow/SQLStorm/26431.sql
  LOGS_DIR          = logs/so_timeouts/warm_stepup/so_timeouts_300s_20261006T102405Z  (query_timing_/query_samples_/query_catalog_stackoverflow_1gb.csv)
  DB_NAME / DB_USER = stackoverflow_1gb / postgres
  PGPORT            = 5434  (server reports 18.6)
  RUN_ID            = E333275A66F157DC
  WARMUP            = 1 single-copy warm-ups (the first primes the cache)
  BATCH_SIZES       = 1  x RUNS=1 measured batches each
  WORKERS           = (planner default)
  STATEMENT_TIMEOUT = 300
  THERMAL_EQUALISE  = gate (T_LO=40 T_HI=60 preheat<=60s cooldown<=120s)
  sensors           = pkg:/sys/class/hwmon/hwmon8/temp1_input cores:4 cpufreq:8 throttle:8/8
  WARMUP_FAIL_SKIP  = on (a failed warm-up skips the query's measured batches)
  IDLE_BASELINE_S   = off
  SIGLESS_ADDR      = (disabled)
Found 1 query under queries/stackoverflow/SQLStorm/26431.sql

RAPL: powercap, 1 package, domains: pkg core gpu/uncore dram

[1/1] queries/stackoverflow/SQLStorm/26431.sql (1 warmup + step-up 1 x1)
  warmup 1/1: 17.288229 sec (cache prime)
  N=1   batch 1/1: 16.353208 sec, 1 copy (server sum 16294.159 ms)
  done: 1 size x 1 run (0 failures)

Done. Batch rows appended to logs/so_timeouts/warm_stepup/so_timeouts_300s_20261006T102405Z/query_timing_stackoverflow_1gb.csv
Per-copy samples appended to logs/so_timeouts/warm_stepup/so_timeouts_300s_20261006T102405Z/query_samples_stackoverflow_1gb.csv
Machine identity appended to logs/so_timeouts/warm_stepup/so_timeouts_300s_20261006T102405Z/query_runinfo_stackoverflow_1gb.csv
Last batch ended at epoch 1791286855.772 (PREV_END_EPOCH for the next invocation)
===== [76/363] queries/stackoverflow/SQLStorm/28337.sql run_id=A3B99398CB8B2A57 =====
query_runner configuration:
  QUERY_DIR         = queries/stackoverflow/SQLStorm/28337.sql
  LOGS_DIR          = logs/so_timeouts/warm_stepup/so_timeouts_300s_20261006T102405Z  (query_timing_/query_samples_/query_catalog_stackoverflow_1gb.csv)
  DB_NAME / DB_USER = stackoverflow_1gb / postgres
  PGPORT            = 5434  (server reports 18.6)
  RUN_ID            = A3B99398CB8B2A57
  WARMUP            = 1 single-copy warm-ups (the first primes the cache)
  BATCH_SIZES       = 1  x RUNS=1 measured batches each
  WORKERS           = (planner default)
  STATEMENT_TIMEOUT = 300
  THERMAL_EQUALISE  = gate (T_LO=40 T_HI=60 preheat<=60s cooldown<=120s)
  sensors           = pkg:/sys/class/hwmon/hwmon8/temp1_input cores:4 cpufreq:8 throttle:8/8
  WARMUP_FAIL_SKIP  = on (a failed warm-up skips the query's measured batches)
  IDLE_BASELINE_S   = off
  SIGLESS_ADDR      = (disabled)
Found 1 query under queries/stackoverflow/SQLStorm/28337.sql

RAPL: powercap, 1 package, domains: pkg core gpu/uncore dram

[1/1] queries/stackoverflow/SQLStorm/28337.sql (1 warmup + step-up 1 x1)
  thermal gate: waited 2s -> 59.0 C
  warmup 1/1: 16.691829 sec (cache prime)
  N=1   batch 1/1: 15.774204 sec, 1 copy (server sum 15717.015 ms)
  done: 1 size x 1 run (0 failures)

Done. Batch rows appended to logs/so_timeouts/warm_stepup/so_timeouts_300s_20261006T102405Z/query_timing_stackoverflow_1gb.csv
Per-copy samples appended to logs/so_timeouts/warm_stepup/so_timeouts_300s_20261006T102405Z/query_samples_stackoverflow_1gb.csv
Machine identity appended to logs/so_timeouts/warm_stepup/so_timeouts_300s_20261006T102405Z/query_runinfo_stackoverflow_1gb.csv
Last batch ended at epoch 1791286894.070 (PREV_END_EPOCH for the next invocation)
===== [77/363] queries/stackoverflow/SQLStorm/5681.sql run_id=9F00A16A28FEDA9A =====
query_runner configuration:
  QUERY_DIR         = queries/stackoverflow/SQLStorm/5681.sql
  LOGS_DIR          = logs/so_timeouts/warm_stepup/so_timeouts_300s_20261006T102405Z  (query_timing_/query_samples_/query_catalog_stackoverflow_1gb.csv)
  DB_NAME / DB_USER = stackoverflow_1gb / postgres
  PGPORT            = 5434  (server reports 18.6)
  RUN_ID            = 9F00A16A28FEDA9A
  WARMUP            = 1 single-copy warm-ups (the first primes the cache)
  BATCH_SIZES       = 1  x RUNS=1 measured batches each
  WORKERS           = (planner default)
  STATEMENT_TIMEOUT = 300
  THERMAL_EQUALISE  = gate (T_LO=40 T_HI=60 preheat<=60s cooldown<=120s)
  sensors           = pkg:/sys/class/hwmon/hwmon8/temp1_input cores:4 cpufreq:8 throttle:8/8
  WARMUP_FAIL_SKIP  = on (a failed warm-up skips the query's measured batches)
  IDLE_BASELINE_S   = off
  SIGLESS_ADDR      = (disabled)
Found 1 query under queries/stackoverflow/SQLStorm/5681.sql

RAPL: powercap, 1 package, domains: pkg core gpu/uncore dram

[1/1] queries/stackoverflow/SQLStorm/5681.sql (1 warmup + step-up 1 x1)
  warmup 1/1: 35.528137 sec (cache prime)
  N=1   batch 1/1: 34.676589 sec, 1 copy (server sum 34619.680 ms)
  done: 1 size x 1 run (0 failures)

Done. Batch rows appended to logs/so_timeouts/warm_stepup/so_timeouts_300s_20261006T102405Z/query_timing_stackoverflow_1gb.csv
Per-copy samples appended to logs/so_timeouts/warm_stepup/so_timeouts_300s_20261006T102405Z/query_samples_stackoverflow_1gb.csv
Machine identity appended to logs/so_timeouts/warm_stepup/so_timeouts_300s_20261006T102405Z/query_runinfo_stackoverflow_1gb.csv
Last batch ended at epoch 1791286968.239 (PREV_END_EPOCH for the next invocation)
===== [78/363] queries/stackoverflow/SQLStorm/369.sql run_id=6D6A006E8022225D =====
query_runner configuration:
  QUERY_DIR         = queries/stackoverflow/SQLStorm/369.sql
  LOGS_DIR          = logs/so_timeouts/warm_stepup/so_timeouts_300s_20261006T102405Z  (query_timing_/query_samples_/query_catalog_stackoverflow_1gb.csv)
  DB_NAME / DB_USER = stackoverflow_1gb / postgres
  PGPORT            = 5434  (server reports 18.6)
  RUN_ID            = 6D6A006E8022225D
  WARMUP            = 1 single-copy warm-ups (the first primes the cache)
  BATCH_SIZES       = 1  x RUNS=1 measured batches each
  WORKERS           = (planner default)
  STATEMENT_TIMEOUT = 300
  THERMAL_EQUALISE  = gate (T_LO=40 T_HI=60 preheat<=60s cooldown<=120s)
  sensors           = pkg:/sys/class/hwmon/hwmon8/temp1_input cores:4 cpufreq:8 throttle:8/8
  WARMUP_FAIL_SKIP  = on (a failed warm-up skips the query's measured batches)
  IDLE_BASELINE_S   = off
  SIGLESS_ADDR      = (disabled)
Found 1 query under queries/stackoverflow/SQLStorm/369.sql

RAPL: powercap, 1 package, domains: pkg core gpu/uncore dram

[1/1] queries/stackoverflow/SQLStorm/369.sql (1 warmup + step-up 1 x1)
  warmup 1/1: 93.912991 sec (cache prime)
  N=1   batch 1/1: 92.352707 sec, 1 copy (server sum 92293.519 ms)
  done: 1 size x 1 run (0 failures)

Done. Batch rows appended to logs/so_timeouts/warm_stepup/so_timeouts_300s_20261006T102405Z/query_timing_stackoverflow_1gb.csv
Per-copy samples appended to logs/so_timeouts/warm_stepup/so_timeouts_300s_20261006T102405Z/query_samples_stackoverflow_1gb.csv
Machine identity appended to logs/so_timeouts/warm_stepup/so_timeouts_300s_20261006T102405Z/query_runinfo_stackoverflow_1gb.csv
Last batch ended at epoch 1791287158.374 (PREV_END_EPOCH for the next invocation)
===== [79/363] queries/stackoverflow/SQLStorm/26640.sql run_id=2685D088E55798CA =====
query_runner configuration:
  QUERY_DIR         = queries/stackoverflow/SQLStorm/26640.sql
  LOGS_DIR          = logs/so_timeouts/warm_stepup/so_timeouts_300s_20261006T102405Z  (query_timing_/query_samples_/query_catalog_stackoverflow_1gb.csv)
  DB_NAME / DB_USER = stackoverflow_1gb / postgres
  PGPORT            = 5434  (server reports 18.6)
  RUN_ID            = 2685D088E55798CA
  WARMUP            = 1 single-copy warm-ups (the first primes the cache)
  BATCH_SIZES       = 1  x RUNS=1 measured batches each
  WORKERS           = (planner default)
  STATEMENT_TIMEOUT = 300
  THERMAL_EQUALISE  = gate (T_LO=40 T_HI=60 preheat<=60s cooldown<=120s)
  sensors           = pkg:/sys/class/hwmon/hwmon8/temp1_input cores:4 cpufreq:8 throttle:8/8
  WARMUP_FAIL_SKIP  = on (a failed warm-up skips the query's measured batches)
  IDLE_BASELINE_S   = off
  SIGLESS_ADDR      = (disabled)
Found 1 query under queries/stackoverflow/SQLStorm/26640.sql

RAPL: powercap, 1 package, domains: pkg core gpu/uncore dram

[1/1] queries/stackoverflow/SQLStorm/26640.sql (1 warmup + step-up 1 x1)
  warmup 1/1: 60.725765 sec (cache prime)
  N=1   batch 1/1: 59.634099 sec, 1 copy (server sum 59576.388 ms)
  done: 1 size x 1 run (0 failures)

Done. Batch rows appended to logs/so_timeouts/warm_stepup/so_timeouts_300s_20261006T102405Z/query_timing_stackoverflow_1gb.csv
Per-copy samples appended to logs/so_timeouts/warm_stepup/so_timeouts_300s_20261006T102405Z/query_samples_stackoverflow_1gb.csv
Machine identity appended to logs/so_timeouts/warm_stepup/so_timeouts_300s_20261006T102405Z/query_runinfo_stackoverflow_1gb.csv
Last batch ended at epoch 1791287282.569 (PREV_END_EPOCH for the next invocation)
===== [80/363] queries/stackoverflow/SQLStorm/27742.sql run_id=A80D0D40DA665B26 =====
query_runner configuration:
  QUERY_DIR         = queries/stackoverflow/SQLStorm/27742.sql
  LOGS_DIR          = logs/so_timeouts/warm_stepup/so_timeouts_300s_20261006T102405Z  (query_timing_/query_samples_/query_catalog_stackoverflow_1gb.csv)
  DB_NAME / DB_USER = stackoverflow_1gb / postgres
  PGPORT            = 5434  (server reports 18.6)
  RUN_ID            = A80D0D40DA665B26
  WARMUP            = 1 single-copy warm-ups (the first primes the cache)
  BATCH_SIZES       = 1  x RUNS=1 measured batches each
  WORKERS           = (planner default)
  STATEMENT_TIMEOUT = 300
  THERMAL_EQUALISE  = gate (T_LO=40 T_HI=60 preheat<=60s cooldown<=120s)
  sensors           = pkg:/sys/class/hwmon/hwmon8/temp1_input cores:4 cpufreq:8 throttle:8/8
  WARMUP_FAIL_SKIP  = on (a failed warm-up skips the query's measured batches)
  IDLE_BASELINE_S   = off
  SIGLESS_ADDR      = (disabled)
Found 1 query under queries/stackoverflow/SQLStorm/27742.sql

RAPL: powercap, 1 package, domains: pkg core gpu/uncore dram

[1/1] queries/stackoverflow/SQLStorm/27742.sql (1 warmup + step-up 1 x1)
  warmup 1/1: 24.064676 sec (cache prime)
  N=1   batch 1/1: 23.339458 sec, 1 copy (server sum 23281.420 ms)
  done: 1 size x 1 run (0 failures)

Done. Batch rows appended to logs/so_timeouts/warm_stepup/so_timeouts_300s_20261006T102405Z/query_timing_stackoverflow_1gb.csv
Per-copy samples appended to logs/so_timeouts/warm_stepup/so_timeouts_300s_20261006T102405Z/query_samples_stackoverflow_1gb.csv
Machine identity appended to logs/so_timeouts/warm_stepup/so_timeouts_300s_20261006T102405Z/query_runinfo_stackoverflow_1gb.csv
Last batch ended at epoch 1791287333.877 (PREV_END_EPOCH for the next invocation)
===== [81/363] queries/stackoverflow/SQLStorm/333.sql run_id=AD37058291D48CC8 =====
query_runner configuration:
  QUERY_DIR         = queries/stackoverflow/SQLStorm/333.sql
  LOGS_DIR          = logs/so_timeouts/warm_stepup/so_timeouts_300s_20261006T102405Z  (query_timing_/query_samples_/query_catalog_stackoverflow_1gb.csv)
  DB_NAME / DB_USER = stackoverflow_1gb / postgres
  PGPORT            = 5434  (server reports 18.6)
  RUN_ID            = AD37058291D48CC8
  WARMUP            = 1 single-copy warm-ups (the first primes the cache)
  BATCH_SIZES       = 1  x RUNS=1 measured batches each
  WORKERS           = (planner default)
  STATEMENT_TIMEOUT = 300
  THERMAL_EQUALISE  = gate (T_LO=40 T_HI=60 preheat<=60s cooldown<=120s)
  sensors           = pkg:/sys/class/hwmon/hwmon8/temp1_input cores:4 cpufreq:8 throttle:8/8
  WARMUP_FAIL_SKIP  = on (a failed warm-up skips the query's measured batches)
  IDLE_BASELINE_S   = off
  SIGLESS_ADDR      = (disabled)
Found 1 query under queries/stackoverflow/SQLStorm/333.sql

RAPL: powercap, 1 package, domains: pkg core gpu/uncore dram

[1/1] queries/stackoverflow/SQLStorm/333.sql (1 warmup + step-up 1 x1)
  warmup 1/1: 24.532916 sec (cache prime)
  N=1   batch 1/1: 23.540916 sec, 1 copy (server sum 23481.985 ms)
  done: 1 size x 1 run (0 failures)

Done. Batch rows appended to logs/so_timeouts/warm_stepup/so_timeouts_300s_20261006T102405Z/query_timing_stackoverflow_1gb.csv
Per-copy samples appended to logs/so_timeouts/warm_stepup/so_timeouts_300s_20261006T102405Z/query_samples_stackoverflow_1gb.csv
Machine identity appended to logs/so_timeouts/warm_stepup/so_timeouts_300s_20261006T102405Z/query_runinfo_stackoverflow_1gb.csv
Last batch ended at epoch 1791287385.786 (PREV_END_EPOCH for the next invocation)
===== [82/363] queries/stackoverflow/SQLStorm/27935.sql run_id=4F3B30B4BD7812FA =====
query_runner configuration:
  QUERY_DIR         = queries/stackoverflow/SQLStorm/27935.sql
  LOGS_DIR          = logs/so_timeouts/warm_stepup/so_timeouts_300s_20261006T102405Z  (query_timing_/query_samples_/query_catalog_stackoverflow_1gb.csv)
  DB_NAME / DB_USER = stackoverflow_1gb / postgres
  PGPORT            = 5434  (server reports 18.6)
  RUN_ID            = 4F3B30B4BD7812FA
  WARMUP            = 1 single-copy warm-ups (the first primes the cache)
  BATCH_SIZES       = 1  x RUNS=1 measured batches each
  WORKERS           = (planner default)
  STATEMENT_TIMEOUT = 300
  THERMAL_EQUALISE  = gate (T_LO=40 T_HI=60 preheat<=60s cooldown<=120s)
  sensors           = pkg:/sys/class/hwmon/hwmon8/temp1_input cores:4 cpufreq:8 throttle:8/8
  WARMUP_FAIL_SKIP  = on (a failed warm-up skips the query's measured batches)
  IDLE_BASELINE_S   = off
  SIGLESS_ADDR      = (disabled)
Found 1 query under queries/stackoverflow/SQLStorm/27935.sql

RAPL: powercap, 1 package, domains: pkg core gpu/uncore dram

[1/1] queries/stackoverflow/SQLStorm/27935.sql (1 warmup + step-up 1 x1)
  thermal gate: waited 4s -> 59.0 C
  warmup 1/1: 20.388407 sec (cache prime)
  N=1   batch 1/1: 17.811363 sec, 1 copy (server sum 17753.479 ms)
  done: 1 size x 1 run (0 failures)

Done. Batch rows appended to logs/so_timeouts/warm_stepup/so_timeouts_300s_20261006T102405Z/query_timing_stackoverflow_1gb.csv
Per-copy samples appended to logs/so_timeouts/warm_stepup/so_timeouts_300s_20261006T102405Z/query_samples_stackoverflow_1gb.csv
Machine identity appended to logs/so_timeouts/warm_stepup/so_timeouts_300s_20261006T102405Z/query_runinfo_stackoverflow_1gb.csv
Last batch ended at epoch 1791287431.678 (PREV_END_EPOCH for the next invocation)
===== [83/363] queries/stackoverflow/SQLStorm/14629.sql run_id=E259FDCD57374D31 =====
query_runner configuration:
  QUERY_DIR         = queries/stackoverflow/SQLStorm/14629.sql
  LOGS_DIR          = logs/so_timeouts/warm_stepup/so_timeouts_300s_20261006T102405Z  (query_timing_/query_samples_/query_catalog_stackoverflow_1gb.csv)
  DB_NAME / DB_USER = stackoverflow_1gb / postgres
  PGPORT            = 5434  (server reports 18.6)
  RUN_ID            = E259FDCD57374D31
  WARMUP            = 1 single-copy warm-ups (the first primes the cache)
  BATCH_SIZES       = 1  x RUNS=1 measured batches each
  WORKERS           = (planner default)
  STATEMENT_TIMEOUT = 300
  THERMAL_EQUALISE  = gate (T_LO=40 T_HI=60 preheat<=60s cooldown<=120s)
  sensors           = pkg:/sys/class/hwmon/hwmon8/temp1_input cores:4 cpufreq:8 throttle:8/8
  WARMUP_FAIL_SKIP  = on (a failed warm-up skips the query's measured batches)
  IDLE_BASELINE_S   = off
  SIGLESS_ADDR      = (disabled)
Found 1 query under queries/stackoverflow/SQLStorm/14629.sql

RAPL: powercap, 1 package, domains: pkg core gpu/uncore dram

[1/1] queries/stackoverflow/SQLStorm/14629.sql (1 warmup + step-up 1 x1)
  warmup 1/1: 23.635986 sec (cache prime)
  N=1   batch 1/1: 23.330191 sec, 1 copy (server sum 23272.650 ms)
  done: 1 size x 1 run (0 failures)

Done. Batch rows appended to logs/so_timeouts/warm_stepup/so_timeouts_300s_20261006T102405Z/query_timing_stackoverflow_1gb.csv
Per-copy samples appended to logs/so_timeouts/warm_stepup/so_timeouts_300s_20261006T102405Z/query_samples_stackoverflow_1gb.csv
Machine identity appended to logs/so_timeouts/warm_stepup/so_timeouts_300s_20261006T102405Z/query_runinfo_stackoverflow_1gb.csv
Last batch ended at epoch 1791287481.851 (PREV_END_EPOCH for the next invocation)
===== [84/363] queries/stackoverflow/SQLStorm/12343.sql run_id=D64F7D56BBDAF96D =====
query_runner configuration:
  QUERY_DIR         = queries/stackoverflow/SQLStorm/12343.sql
  LOGS_DIR          = logs/so_timeouts/warm_stepup/so_timeouts_300s_20261006T102405Z  (query_timing_/query_samples_/query_catalog_stackoverflow_1gb.csv)
  DB_NAME / DB_USER = stackoverflow_1gb / postgres
  PGPORT            = 5434  (server reports 18.6)
  RUN_ID            = D64F7D56BBDAF96D
  WARMUP            = 1 single-copy warm-ups (the first primes the cache)
  BATCH_SIZES       = 1  x RUNS=1 measured batches each
  WORKERS           = (planner default)
  STATEMENT_TIMEOUT = 300
  THERMAL_EQUALISE  = gate (T_LO=40 T_HI=60 preheat<=60s cooldown<=120s)
  sensors           = pkg:/sys/class/hwmon/hwmon8/temp1_input cores:4 cpufreq:8 throttle:8/8
  WARMUP_FAIL_SKIP  = on (a failed warm-up skips the query's measured batches)
  IDLE_BASELINE_S   = off
  SIGLESS_ADDR      = (disabled)
Found 1 query under queries/stackoverflow/SQLStorm/12343.sql

RAPL: powercap, 1 package, domains: pkg core gpu/uncore dram

[1/1] queries/stackoverflow/SQLStorm/12343.sql (1 warmup + step-up 1 x1)
  warmup 1/1: 27.413303 sec (cache prime)
  N=1   batch 1/1: 26.358080 sec, 1 copy (server sum 26300.989 ms)
  done: 1 size x 1 run (0 failures)

Done. Batch rows appended to logs/so_timeouts/warm_stepup/so_timeouts_300s_20261006T102405Z/query_timing_stackoverflow_1gb.csv
Per-copy samples appended to logs/so_timeouts/warm_stepup/so_timeouts_300s_20261006T102405Z/query_samples_stackoverflow_1gb.csv
Machine identity appended to logs/so_timeouts/warm_stepup/so_timeouts_300s_20261006T102405Z/query_runinfo_stackoverflow_1gb.csv
Last batch ended at epoch 1791287539.344 (PREV_END_EPOCH for the next invocation)
===== [85/363] queries/stackoverflow/SQLStorm/9497.sql run_id=07B75E6C30771D1A =====
query_runner configuration:
  QUERY_DIR         = queries/stackoverflow/SQLStorm/9497.sql
  LOGS_DIR          = logs/so_timeouts/warm_stepup/so_timeouts_300s_20261006T102405Z  (query_timing_/query_samples_/query_catalog_stackoverflow_1gb.csv)
  DB_NAME / DB_USER = stackoverflow_1gb / postgres
  PGPORT            = 5434  (server reports 18.6)
  RUN_ID            = 07B75E6C30771D1A
  WARMUP            = 1 single-copy warm-ups (the first primes the cache)
  BATCH_SIZES       = 1  x RUNS=1 measured batches each
  WORKERS           = (planner default)
  STATEMENT_TIMEOUT = 300
  THERMAL_EQUALISE  = gate (T_LO=40 T_HI=60 preheat<=60s cooldown<=120s)
  sensors           = pkg:/sys/class/hwmon/hwmon8/temp1_input cores:4 cpufreq:8 throttle:8/8
  WARMUP_FAIL_SKIP  = on (a failed warm-up skips the query's measured batches)
  IDLE_BASELINE_S   = off
  SIGLESS_ADDR      = (disabled)
Found 1 query under queries/stackoverflow/SQLStorm/9497.sql

RAPL: powercap, 1 package, domains: pkg core gpu/uncore dram

[1/1] queries/stackoverflow/SQLStorm/9497.sql (1 warmup + step-up 1 x1)
  warmup 1/1: 38.888034 sec (cache prime)
  N=1   batch 1/1: 37.731874 sec, 1 copy (server sum 37673.731 ms)
  done: 1 size x 1 run (0 failures)

Done. Batch rows appended to logs/so_timeouts/warm_stepup/so_timeouts_300s_20261006T102405Z/query_timing_stackoverflow_1gb.csv
Per-copy samples appended to logs/so_timeouts/warm_stepup/so_timeouts_300s_20261006T102405Z/query_samples_stackoverflow_1gb.csv
Machine identity appended to logs/so_timeouts/warm_stepup/so_timeouts_300s_20261006T102405Z/query_runinfo_stackoverflow_1gb.csv
Last batch ended at epoch 1791287619.732 (PREV_END_EPOCH for the next invocation)
===== [86/363] queries/stackoverflow/SQLStorm/26400.sql run_id=6841287167E21B61 =====
query_runner configuration:
  QUERY_DIR         = queries/stackoverflow/SQLStorm/26400.sql
  LOGS_DIR          = logs/so_timeouts/warm_stepup/so_timeouts_300s_20261006T102405Z  (query_timing_/query_samples_/query_catalog_stackoverflow_1gb.csv)
  DB_NAME / DB_USER = stackoverflow_1gb / postgres
  PGPORT            = 5434  (server reports 18.6)
  RUN_ID            = 6841287167E21B61
  WARMUP            = 1 single-copy warm-ups (the first primes the cache)
  BATCH_SIZES       = 1  x RUNS=1 measured batches each
  WORKERS           = (planner default)
  STATEMENT_TIMEOUT = 300
  THERMAL_EQUALISE  = gate (T_LO=40 T_HI=60 preheat<=60s cooldown<=120s)
  sensors           = pkg:/sys/class/hwmon/hwmon8/temp1_input cores:4 cpufreq:8 throttle:8/8
  WARMUP_FAIL_SKIP  = on (a failed warm-up skips the query's measured batches)
  IDLE_BASELINE_S   = off
  SIGLESS_ADDR      = (disabled)
Found 1 query under queries/stackoverflow/SQLStorm/26400.sql

RAPL: powercap, 1 package, domains: pkg core gpu/uncore dram

[1/1] queries/stackoverflow/SQLStorm/26400.sql (1 warmup + step-up 1 x1)
  warmup 1/1: 17.329780 sec (cache prime)
  N=1   batch 1/1: 16.839143 sec, 1 copy (server sum 16780.942 ms)
  done: 1 size x 1 run (0 failures)

Done. Batch rows appended to logs/so_timeouts/warm_stepup/so_timeouts_300s_20261006T102405Z/query_timing_stackoverflow_1gb.csv
Per-copy samples appended to logs/so_timeouts/warm_stepup/so_timeouts_300s_20261006T102405Z/query_samples_stackoverflow_1gb.csv
Machine identity appended to logs/so_timeouts/warm_stepup/so_timeouts_300s_20261006T102405Z/query_runinfo_stackoverflow_1gb.csv
Last batch ended at epoch 1791287657.501 (PREV_END_EPOCH for the next invocation)
===== [87/363] queries/stackoverflow/SQLStorm/12517.sql run_id=0AADF43CBB3180BC =====
query_runner configuration:
  QUERY_DIR         = queries/stackoverflow/SQLStorm/12517.sql
  LOGS_DIR          = logs/so_timeouts/warm_stepup/so_timeouts_300s_20261006T102405Z  (query_timing_/query_samples_/query_catalog_stackoverflow_1gb.csv)
  DB_NAME / DB_USER = stackoverflow_1gb / postgres
  PGPORT            = 5434  (server reports 18.6)
  RUN_ID            = 0AADF43CBB3180BC
  WARMUP            = 1 single-copy warm-ups (the first primes the cache)
  BATCH_SIZES       = 1  x RUNS=1 measured batches each
  WORKERS           = (planner default)
  STATEMENT_TIMEOUT = 300
  THERMAL_EQUALISE  = gate (T_LO=40 T_HI=60 preheat<=60s cooldown<=120s)
  sensors           = pkg:/sys/class/hwmon/hwmon8/temp1_input cores:4 cpufreq:8 throttle:8/8
  WARMUP_FAIL_SKIP  = on (a failed warm-up skips the query's measured batches)
  IDLE_BASELINE_S   = off
  SIGLESS_ADDR      = (disabled)
Found 1 query under queries/stackoverflow/SQLStorm/12517.sql

RAPL: powercap, 1 package, domains: pkg core gpu/uncore dram

[1/1] queries/stackoverflow/SQLStorm/12517.sql (1 warmup + step-up 1 x1)
  thermal gate: waited 2s -> 58.0 C
  warmup 1/1: 22.961600 sec (cache prime)
  N=1   batch 1/1: 22.562563 sec, 1 copy (server sum 22506.010 ms)
  done: 1 size x 1 run (0 failures)

Done. Batch rows appended to logs/so_timeouts/warm_stepup/so_timeouts_300s_20261006T102405Z/query_timing_stackoverflow_1gb.csv
Per-copy samples appended to logs/so_timeouts/warm_stepup/so_timeouts_300s_20261006T102405Z/query_samples_stackoverflow_1gb.csv
Machine identity appended to logs/so_timeouts/warm_stepup/so_timeouts_300s_20261006T102405Z/query_runinfo_stackoverflow_1gb.csv
Last batch ended at epoch 1791287709.109 (PREV_END_EPOCH for the next invocation)
===== [88/363] queries/stackoverflow/SQLStorm/1214.sql run_id=440C11CB4DC44167 =====
query_runner configuration:
  QUERY_DIR         = queries/stackoverflow/SQLStorm/1214.sql
  LOGS_DIR          = logs/so_timeouts/warm_stepup/so_timeouts_300s_20261006T102405Z  (query_timing_/query_samples_/query_catalog_stackoverflow_1gb.csv)
  DB_NAME / DB_USER = stackoverflow_1gb / postgres
  PGPORT            = 5434  (server reports 18.6)
  RUN_ID            = 440C11CB4DC44167
  WARMUP            = 1 single-copy warm-ups (the first primes the cache)
  BATCH_SIZES       = 1  x RUNS=1 measured batches each
  WORKERS           = (planner default)
  STATEMENT_TIMEOUT = 300
  THERMAL_EQUALISE  = gate (T_LO=40 T_HI=60 preheat<=60s cooldown<=120s)
  sensors           = pkg:/sys/class/hwmon/hwmon8/temp1_input cores:4 cpufreq:8 throttle:8/8
  WARMUP_FAIL_SKIP  = on (a failed warm-up skips the query's measured batches)
  IDLE_BASELINE_S   = off
  SIGLESS_ADDR      = (disabled)
Found 1 query under queries/stackoverflow/SQLStorm/1214.sql

RAPL: powercap, 1 package, domains: pkg core gpu/uncore dram

[1/1] queries/stackoverflow/SQLStorm/1214.sql (1 warmup + step-up 1 x1)
  warmup 1/1: 16.170397 sec (cache prime)
  N=1   batch 1/1: 16.996606 sec, 1 copy (server sum 16938.654 ms)
  done: 1 size x 1 run (0 failures)

Done. Batch rows appended to logs/so_timeouts/warm_stepup/so_timeouts_300s_20261006T102405Z/query_timing_stackoverflow_1gb.csv
Per-copy samples appended to logs/so_timeouts/warm_stepup/so_timeouts_300s_20261006T102405Z/query_samples_stackoverflow_1gb.csv
Machine identity appended to logs/so_timeouts/warm_stepup/so_timeouts_300s_20261006T102405Z/query_runinfo_stackoverflow_1gb.csv
Last batch ended at epoch 1791287745.890 (PREV_END_EPOCH for the next invocation)
===== [89/363] queries/stackoverflow/SQLStorm/7944.sql run_id=79C978BD9795CCED =====
query_runner configuration:
  QUERY_DIR         = queries/stackoverflow/SQLStorm/7944.sql
  LOGS_DIR          = logs/so_timeouts/warm_stepup/so_timeouts_300s_20261006T102405Z  (query_timing_/query_samples_/query_catalog_stackoverflow_1gb.csv)
  DB_NAME / DB_USER = stackoverflow_1gb / postgres
  PGPORT            = 5434  (server reports 18.6)
  RUN_ID            = 79C978BD9795CCED
  WARMUP            = 1 single-copy warm-ups (the first primes the cache)
  BATCH_SIZES       = 1  x RUNS=1 measured batches each
  WORKERS           = (planner default)
  STATEMENT_TIMEOUT = 300
  THERMAL_EQUALISE  = gate (T_LO=40 T_HI=60 preheat<=60s cooldown<=120s)
  sensors           = pkg:/sys/class/hwmon/hwmon8/temp1_input cores:4 cpufreq:8 throttle:8/8
  WARMUP_FAIL_SKIP  = on (a failed warm-up skips the query's measured batches)
  IDLE_BASELINE_S   = off
  SIGLESS_ADDR      = (disabled)
Found 1 query under queries/stackoverflow/SQLStorm/7944.sql

RAPL: powercap, 1 package, domains: pkg core gpu/uncore dram

[1/1] queries/stackoverflow/SQLStorm/7944.sql (1 warmup + step-up 1 x1)
  thermal gate: waited 4s -> 60.0 C
  warmup 1/1: 30.908295 sec (cache prime)
  N=1   batch 1/1: 30.083884 sec, 1 copy (server sum 30026.002 ms)
  done: 1 size x 1 run (0 failures)

Done. Batch rows appended to logs/so_timeouts/warm_stepup/so_timeouts_300s_20261006T102405Z/query_timing_stackoverflow_1gb.csv
Per-copy samples appended to logs/so_timeouts/warm_stepup/so_timeouts_300s_20261006T102405Z/query_samples_stackoverflow_1gb.csv
Machine identity appended to logs/so_timeouts/warm_stepup/so_timeouts_300s_20261006T102405Z/query_runinfo_stackoverflow_1gb.csv
Last batch ended at epoch 1791287814.687 (PREV_END_EPOCH for the next invocation)
===== [90/363] queries/stackoverflow/SQLStorm/23193.sql run_id=18E1B37BDFA00110 =====
query_runner configuration:
  QUERY_DIR         = queries/stackoverflow/SQLStorm/23193.sql
  LOGS_DIR          = logs/so_timeouts/warm_stepup/so_timeouts_300s_20261006T102405Z  (query_timing_/query_samples_/query_catalog_stackoverflow_1gb.csv)
  DB_NAME / DB_USER = stackoverflow_1gb / postgres
  PGPORT            = 5434  (server reports 18.6)
  RUN_ID            = 18E1B37BDFA00110
  WARMUP            = 1 single-copy warm-ups (the first primes the cache)
  BATCH_SIZES       = 1  x RUNS=1 measured batches each
  WORKERS           = (planner default)
  STATEMENT_TIMEOUT = 300
  THERMAL_EQUALISE  = gate (T_LO=40 T_HI=60 preheat<=60s cooldown<=120s)
  sensors           = pkg:/sys/class/hwmon/hwmon8/temp1_input cores:4 cpufreq:8 throttle:8/8
  WARMUP_FAIL_SKIP  = on (a failed warm-up skips the query's measured batches)
  IDLE_BASELINE_S   = off
  SIGLESS_ADDR      = (disabled)
Found 1 query under queries/stackoverflow/SQLStorm/23193.sql

RAPL: powercap, 1 package, domains: pkg core gpu/uncore dram

[1/1] queries/stackoverflow/SQLStorm/23193.sql (1 warmup + step-up 1 x1)
  warmup 1/1: 25.155883 sec (cache prime)
  N=1   batch 1/1: 24.370416 sec, 1 copy (server sum 24312.239 ms)
  done: 1 size x 1 run (0 failures)

Done. Batch rows appended to logs/so_timeouts/warm_stepup/so_timeouts_300s_20261006T102405Z/query_timing_stackoverflow_1gb.csv
Per-copy samples appended to logs/so_timeouts/warm_stepup/so_timeouts_300s_20261006T102405Z/query_samples_stackoverflow_1gb.csv
Machine identity appended to logs/so_timeouts/warm_stepup/so_timeouts_300s_20261006T102405Z/query_runinfo_stackoverflow_1gb.csv
Last batch ended at epoch 1791287868.091 (PREV_END_EPOCH for the next invocation)
===== [91/363] queries/stackoverflow/SQLStorm/854.sql run_id=B78931F67CDF5EBF =====
query_runner configuration:
  QUERY_DIR         = queries/stackoverflow/SQLStorm/854.sql
  LOGS_DIR          = logs/so_timeouts/warm_stepup/so_timeouts_300s_20261006T102405Z  (query_timing_/query_samples_/query_catalog_stackoverflow_1gb.csv)
  DB_NAME / DB_USER = stackoverflow_1gb / postgres
  PGPORT            = 5434  (server reports 18.6)
  RUN_ID            = B78931F67CDF5EBF
  WARMUP            = 1 single-copy warm-ups (the first primes the cache)
  BATCH_SIZES       = 1  x RUNS=1 measured batches each
  WORKERS           = (planner default)
  STATEMENT_TIMEOUT = 300
  THERMAL_EQUALISE  = gate (T_LO=40 T_HI=60 preheat<=60s cooldown<=120s)
  sensors           = pkg:/sys/class/hwmon/hwmon8/temp1_input cores:4 cpufreq:8 throttle:8/8
  WARMUP_FAIL_SKIP  = on (a failed warm-up skips the query's measured batches)
  IDLE_BASELINE_S   = off
  SIGLESS_ADDR      = (disabled)
Found 1 query under queries/stackoverflow/SQLStorm/854.sql

RAPL: powercap, 1 package, domains: pkg core gpu/uncore dram

[1/1] queries/stackoverflow/SQLStorm/854.sql (1 warmup + step-up 1 x1)
  thermal gate: waited 2s -> 60.0 C
  warmup 1/1: 37.008137 sec (cache prime)
  N=1   batch 1/1: 35.955269 sec, 1 copy (server sum 35897.073 ms)
  done: 1 size x 1 run (0 failures)

Done. Batch rows appended to logs/so_timeouts/warm_stepup/so_timeouts_300s_20261006T102405Z/query_timing_stackoverflow_1gb.csv
Per-copy samples appended to logs/so_timeouts/warm_stepup/so_timeouts_300s_20261006T102405Z/query_samples_stackoverflow_1gb.csv
Machine identity appended to logs/so_timeouts/warm_stepup/so_timeouts_300s_20261006T102405Z/query_runinfo_stackoverflow_1gb.csv
Last batch ended at epoch 1791287946.287 (PREV_END_EPOCH for the next invocation)
===== [92/363] queries/stackoverflow/SQLStorm/27475.sql run_id=1C33DDE7B6F20E5A =====
query_runner configuration:
  QUERY_DIR         = queries/stackoverflow/SQLStorm/27475.sql
  LOGS_DIR          = logs/so_timeouts/warm_stepup/so_timeouts_300s_20261006T102405Z  (query_timing_/query_samples_/query_catalog_stackoverflow_1gb.csv)
  DB_NAME / DB_USER = stackoverflow_1gb / postgres
  PGPORT            = 5434  (server reports 18.6)
  RUN_ID            = 1C33DDE7B6F20E5A
  WARMUP            = 1 single-copy warm-ups (the first primes the cache)
  BATCH_SIZES       = 1  x RUNS=1 measured batches each
  WORKERS           = (planner default)
  STATEMENT_TIMEOUT = 300
  THERMAL_EQUALISE  = gate (T_LO=40 T_HI=60 preheat<=60s cooldown<=120s)
  sensors           = pkg:/sys/class/hwmon/hwmon8/temp1_input cores:4 cpufreq:8 throttle:8/8
  WARMUP_FAIL_SKIP  = on (a failed warm-up skips the query's measured batches)
  IDLE_BASELINE_S   = off
  SIGLESS_ADDR      = (disabled)
Found 1 query under queries/stackoverflow/SQLStorm/27475.sql

RAPL: powercap, 1 package, domains: pkg core gpu/uncore dram

[1/1] queries/stackoverflow/SQLStorm/27475.sql (1 warmup + step-up 1 x1)
  warmup 1/1: 17.888033 sec (cache prime)
  N=1   batch 1/1: 17.210411 sec, 1 copy (server sum 17151.135 ms)
  done: 1 size x 1 run (0 failures)

Done. Batch rows appended to logs/so_timeouts/warm_stepup/so_timeouts_300s_20261006T102405Z/query_timing_stackoverflow_1gb.csv
Per-copy samples appended to logs/so_timeouts/warm_stepup/so_timeouts_300s_20261006T102405Z/query_samples_stackoverflow_1gb.csv
Machine identity appended to logs/so_timeouts/warm_stepup/so_timeouts_300s_20261006T102405Z/query_runinfo_stackoverflow_1gb.csv
Last batch ended at epoch 1791287985.124 (PREV_END_EPOCH for the next invocation)
===== [93/363] queries/stackoverflow/SQLStorm/27384.sql run_id=5C7E8C7005061E69 =====
query_runner configuration:
  QUERY_DIR         = queries/stackoverflow/SQLStorm/27384.sql
  LOGS_DIR          = logs/so_timeouts/warm_stepup/so_timeouts_300s_20261006T102405Z  (query_timing_/query_samples_/query_catalog_stackoverflow_1gb.csv)
  DB_NAME / DB_USER = stackoverflow_1gb / postgres
  PGPORT            = 5434  (server reports 18.6)
  RUN_ID            = 5C7E8C7005061E69
  WARMUP            = 1 single-copy warm-ups (the first primes the cache)
  BATCH_SIZES       = 1  x RUNS=1 measured batches each
  WORKERS           = (planner default)
  STATEMENT_TIMEOUT = 300
  THERMAL_EQUALISE  = gate (T_LO=40 T_HI=60 preheat<=60s cooldown<=120s)
  sensors           = pkg:/sys/class/hwmon/hwmon8/temp1_input cores:4 cpufreq:8 throttle:8/8
  WARMUP_FAIL_SKIP  = on (a failed warm-up skips the query's measured batches)
  IDLE_BASELINE_S   = off
  SIGLESS_ADDR      = (disabled)
Found 1 query under queries/stackoverflow/SQLStorm/27384.sql

RAPL: powercap, 1 package, domains: pkg core gpu/uncore dram

[1/1] queries/stackoverflow/SQLStorm/27384.sql (1 warmup + step-up 1 x1)
  thermal gate: waited 2s -> 60.0 C
  warmup 1/1: 20.124322 sec (cache prime)
  N=1   batch 1/1: 18.089186 sec, 1 copy (server sum 18031.239 ms)
  done: 1 size x 1 run (0 failures)

Done. Batch rows appended to logs/so_timeouts/warm_stepup/so_timeouts_300s_20261006T102405Z/query_timing_stackoverflow_1gb.csv
Per-copy samples appended to logs/so_timeouts/warm_stepup/so_timeouts_300s_20261006T102405Z/query_samples_stackoverflow_1gb.csv
Machine identity appended to logs/so_timeouts/warm_stepup/so_timeouts_300s_20261006T102405Z/query_runinfo_stackoverflow_1gb.csv
Last batch ended at epoch 1791288029.302 (PREV_END_EPOCH for the next invocation)
===== [94/363] queries/stackoverflow/SQLStorm/200.sql run_id=DFED501128D485DC =====
query_runner configuration:
  QUERY_DIR         = queries/stackoverflow/SQLStorm/200.sql
  LOGS_DIR          = logs/so_timeouts/warm_stepup/so_timeouts_300s_20261006T102405Z  (query_timing_/query_samples_/query_catalog_stackoverflow_1gb.csv)
  DB_NAME / DB_USER = stackoverflow_1gb / postgres
  PGPORT            = 5434  (server reports 18.6)
  RUN_ID            = DFED501128D485DC
  WARMUP            = 1 single-copy warm-ups (the first primes the cache)
  BATCH_SIZES       = 1  x RUNS=1 measured batches each
  WORKERS           = (planner default)
  STATEMENT_TIMEOUT = 300
  THERMAL_EQUALISE  = gate (T_LO=40 T_HI=60 preheat<=60s cooldown<=120s)
  sensors           = pkg:/sys/class/hwmon/hwmon8/temp1_input cores:4 cpufreq:8 throttle:8/8
  WARMUP_FAIL_SKIP  = on (a failed warm-up skips the query's measured batches)
  IDLE_BASELINE_S   = off
  SIGLESS_ADDR      = (disabled)
Found 1 query under queries/stackoverflow/SQLStorm/200.sql

RAPL: powercap, 1 package, domains: pkg core gpu/uncore dram

[1/1] queries/stackoverflow/SQLStorm/200.sql (1 warmup + step-up 1 x1)
  warmup 1/1: 31.134159 sec (cache prime)
  N=1   batch 1/1: 29.340773 sec, 1 copy (server sum 29272.197 ms)
  done: 1 size x 1 run (0 failures)

Done. Batch rows appended to logs/so_timeouts/warm_stepup/so_timeouts_300s_20261006T102405Z/query_timing_stackoverflow_1gb.csv
Per-copy samples appended to logs/so_timeouts/warm_stepup/so_timeouts_300s_20261006T102405Z/query_samples_stackoverflow_1gb.csv
Machine identity appended to logs/so_timeouts/warm_stepup/so_timeouts_300s_20261006T102405Z/query_runinfo_stackoverflow_1gb.csv
Last batch ended at epoch 1791288093.627 (PREV_END_EPOCH for the next invocation)
===== [95/363] queries/stackoverflow/SQLStorm/28474.sql run_id=1F278EB70A5BA8A8 =====
query_runner configuration:
  QUERY_DIR         = queries/stackoverflow/SQLStorm/28474.sql
  LOGS_DIR          = logs/so_timeouts/warm_stepup/so_timeouts_300s_20261006T102405Z  (query_timing_/query_samples_/query_catalog_stackoverflow_1gb.csv)
  DB_NAME / DB_USER = stackoverflow_1gb / postgres
  PGPORT            = 5434  (server reports 18.6)
  RUN_ID            = 1F278EB70A5BA8A8
  WARMUP            = 1 single-copy warm-ups (the first primes the cache)
  BATCH_SIZES       = 1  x RUNS=1 measured batches each
  WORKERS           = (planner default)
  STATEMENT_TIMEOUT = 300
  THERMAL_EQUALISE  = gate (T_LO=40 T_HI=60 preheat<=60s cooldown<=120s)
  sensors           = pkg:/sys/class/hwmon/hwmon8/temp1_input cores:4 cpufreq:8 throttle:8/8
  WARMUP_FAIL_SKIP  = on (a failed warm-up skips the query's measured batches)
  IDLE_BASELINE_S   = off
  SIGLESS_ADDR      = (disabled)
Found 1 query under queries/stackoverflow/SQLStorm/28474.sql

RAPL: powercap, 1 package, domains: pkg core gpu/uncore dram

[1/1] queries/stackoverflow/SQLStorm/28474.sql (1 warmup + step-up 1 x1)
  warmup 1/1: 20.187623 sec (cache prime)
  N=1   batch 1/1: 19.316640 sec, 1 copy (server sum 19258.338 ms)
  done: 1 size x 1 run (0 failures)

Done. Batch rows appended to logs/so_timeouts/warm_stepup/so_timeouts_300s_20261006T102405Z/query_timing_stackoverflow_1gb.csv
Per-copy samples appended to logs/so_timeouts/warm_stepup/so_timeouts_300s_20261006T102405Z/query_samples_stackoverflow_1gb.csv
Machine identity appended to logs/so_timeouts/warm_stepup/so_timeouts_300s_20261006T102405Z/query_runinfo_stackoverflow_1gb.csv
Last batch ended at epoch 1791288137.100 (PREV_END_EPOCH for the next invocation)
===== [96/363] queries/stackoverflow/SQLStorm/2516.sql run_id=C4CC9F2989FD3502 =====
query_runner configuration:
  QUERY_DIR         = queries/stackoverflow/SQLStorm/2516.sql
  LOGS_DIR          = logs/so_timeouts/warm_stepup/so_timeouts_300s_20261006T102405Z  (query_timing_/query_samples_/query_catalog_stackoverflow_1gb.csv)
  DB_NAME / DB_USER = stackoverflow_1gb / postgres
  PGPORT            = 5434  (server reports 18.6)
  RUN_ID            = C4CC9F2989FD3502
  WARMUP            = 1 single-copy warm-ups (the first primes the cache)
  BATCH_SIZES       = 1  x RUNS=1 measured batches each
  WORKERS           = (planner default)
  STATEMENT_TIMEOUT = 300
  THERMAL_EQUALISE  = gate (T_LO=40 T_HI=60 preheat<=60s cooldown<=120s)
  sensors           = pkg:/sys/class/hwmon/hwmon8/temp1_input cores:4 cpufreq:8 throttle:8/8
  WARMUP_FAIL_SKIP  = on (a failed warm-up skips the query's measured batches)
  IDLE_BASELINE_S   = off
  SIGLESS_ADDR      = (disabled)
Found 1 query under queries/stackoverflow/SQLStorm/2516.sql

RAPL: powercap, 1 package, domains: pkg core gpu/uncore dram

[1/1] queries/stackoverflow/SQLStorm/2516.sql (1 warmup + step-up 1 x1)
  warmup 1/1: 16.013611 sec (cache prime)
  N=1   batch 1/1: 15.431455 sec, 1 copy (server sum 15372.677 ms)
  done: 1 size x 1 run (0 failures)

Done. Batch rows appended to logs/so_timeouts/warm_stepup/so_timeouts_300s_20261006T102405Z/query_timing_stackoverflow_1gb.csv
Per-copy samples appended to logs/so_timeouts/warm_stepup/so_timeouts_300s_20261006T102405Z/query_samples_stackoverflow_1gb.csv
Machine identity appended to logs/so_timeouts/warm_stepup/so_timeouts_300s_20261006T102405Z/query_runinfo_stackoverflow_1gb.csv
Last batch ended at epoch 1791288172.314 (PREV_END_EPOCH for the next invocation)
===== [97/363] queries/stackoverflow/SQLStorm/11151.sql run_id=5221B58DB3ED2BB1 =====
query_runner configuration:
  QUERY_DIR         = queries/stackoverflow/SQLStorm/11151.sql
  LOGS_DIR          = logs/so_timeouts/warm_stepup/so_timeouts_300s_20261006T102405Z  (query_timing_/query_samples_/query_catalog_stackoverflow_1gb.csv)
  DB_NAME / DB_USER = stackoverflow_1gb / postgres
  PGPORT            = 5434  (server reports 18.6)
  RUN_ID            = 5221B58DB3ED2BB1
  WARMUP            = 1 single-copy warm-ups (the first primes the cache)
  BATCH_SIZES       = 1  x RUNS=1 measured batches each
  WORKERS           = (planner default)
  STATEMENT_TIMEOUT = 300
  THERMAL_EQUALISE  = gate (T_LO=40 T_HI=60 preheat<=60s cooldown<=120s)
  sensors           = pkg:/sys/class/hwmon/hwmon8/temp1_input cores:4 cpufreq:8 throttle:8/8
  WARMUP_FAIL_SKIP  = on (a failed warm-up skips the query's measured batches)
  IDLE_BASELINE_S   = off
  SIGLESS_ADDR      = (disabled)
Found 1 query under queries/stackoverflow/SQLStorm/11151.sql

RAPL: powercap, 1 package, domains: pkg core gpu/uncore dram

[1/1] queries/stackoverflow/SQLStorm/11151.sql (1 warmup + step-up 1 x1)
  thermal gate: waited 2s -> 59.0 C
  warmup 1/1: 22.218221 sec (cache prime)
  N=1   batch 1/1: 21.200981 sec, 1 copy (server sum 21104.101 ms)
  done: 1 size x 1 run (0 failures)

Done. Batch rows appended to logs/so_timeouts/warm_stepup/so_timeouts_300s_20261006T102405Z/query_timing_stackoverflow_1gb.csv
Per-copy samples appended to logs/so_timeouts/warm_stepup/so_timeouts_300s_20261006T102405Z/query_samples_stackoverflow_1gb.csv
Machine identity appended to logs/so_timeouts/warm_stepup/so_timeouts_300s_20261006T102405Z/query_runinfo_stackoverflow_1gb.csv
Last batch ended at epoch 1791288221.713 (PREV_END_EPOCH for the next invocation)
===== [98/363] queries/stackoverflow/SQLStorm/9319.sql run_id=C89D640A0904A26E =====
query_runner configuration:
  QUERY_DIR         = queries/stackoverflow/SQLStorm/9319.sql
  LOGS_DIR          = logs/so_timeouts/warm_stepup/so_timeouts_300s_20261006T102405Z  (query_timing_/query_samples_/query_catalog_stackoverflow_1gb.csv)
  DB_NAME / DB_USER = stackoverflow_1gb / postgres
  PGPORT            = 5434  (server reports 18.6)
  RUN_ID            = C89D640A0904A26E
  WARMUP            = 1 single-copy warm-ups (the first primes the cache)
  BATCH_SIZES       = 1  x RUNS=1 measured batches each
  WORKERS           = (planner default)
  STATEMENT_TIMEOUT = 300
  THERMAL_EQUALISE  = gate (T_LO=40 T_HI=60 preheat<=60s cooldown<=120s)
  sensors           = pkg:/sys/class/hwmon/hwmon8/temp1_input cores:4 cpufreq:8 throttle:8/8
  WARMUP_FAIL_SKIP  = on (a failed warm-up skips the query's measured batches)
  IDLE_BASELINE_S   = off
  SIGLESS_ADDR      = (disabled)
Found 1 query under queries/stackoverflow/SQLStorm/9319.sql

RAPL: powercap, 1 package, domains: pkg core gpu/uncore dram

[1/1] queries/stackoverflow/SQLStorm/9319.sql (1 warmup + step-up 1 x1)
  warmup 1/1: 15.724633 sec (cache prime)
  N=1   batch 1/1: 15.053408 sec, 1 copy (server sum 14995.864 ms)
  done: 1 size x 1 run (0 failures)

Done. Batch rows appended to logs/so_timeouts/warm_stepup/so_timeouts_300s_20261006T102405Z/query_timing_stackoverflow_1gb.csv
Per-copy samples appended to logs/so_timeouts/warm_stepup/so_timeouts_300s_20261006T102405Z/query_samples_stackoverflow_1gb.csv
Machine identity appended to logs/so_timeouts/warm_stepup/so_timeouts_300s_20261006T102405Z/query_runinfo_stackoverflow_1gb.csv
Last batch ended at epoch 1791288256.350 (PREV_END_EPOCH for the next invocation)
===== [99/363] queries/stackoverflow/SQLStorm/4490.sql run_id=FDF03A2DE740915F =====
query_runner configuration:
  QUERY_DIR         = queries/stackoverflow/SQLStorm/4490.sql
  LOGS_DIR          = logs/so_timeouts/warm_stepup/so_timeouts_300s_20261006T102405Z  (query_timing_/query_samples_/query_catalog_stackoverflow_1gb.csv)
  DB_NAME / DB_USER = stackoverflow_1gb / postgres
  PGPORT            = 5434  (server reports 18.6)
  RUN_ID            = FDF03A2DE740915F
  WARMUP            = 1 single-copy warm-ups (the first primes the cache)
  BATCH_SIZES       = 1  x RUNS=1 measured batches each
  WORKERS           = (planner default)
  STATEMENT_TIMEOUT = 300
  THERMAL_EQUALISE  = gate (T_LO=40 T_HI=60 preheat<=60s cooldown<=120s)
  sensors           = pkg:/sys/class/hwmon/hwmon8/temp1_input cores:4 cpufreq:8 throttle:8/8
  WARMUP_FAIL_SKIP  = on (a failed warm-up skips the query's measured batches)
  IDLE_BASELINE_S   = off
  SIGLESS_ADDR      = (disabled)
Found 1 query under queries/stackoverflow/SQLStorm/4490.sql

RAPL: powercap, 1 package, domains: pkg core gpu/uncore dram

[1/1] queries/stackoverflow/SQLStorm/4490.sql (1 warmup + step-up 1 x1)
  thermal gate: waited 2s -> 60.0 C
  warmup 1/1: 22.273221 sec (cache prime)
  N=1   batch 1/1: 20.783409 sec, 1 copy (server sum 20724.546 ms)
  done: 1 size x 1 run (0 failures)

Done. Batch rows appended to logs/so_timeouts/warm_stepup/so_timeouts_300s_20261006T102405Z/query_timing_stackoverflow_1gb.csv
Per-copy samples appended to logs/so_timeouts/warm_stepup/so_timeouts_300s_20261006T102405Z/query_samples_stackoverflow_1gb.csv
Machine identity appended to logs/so_timeouts/warm_stepup/so_timeouts_300s_20261006T102405Z/query_runinfo_stackoverflow_1gb.csv
Last batch ended at epoch 1791288305.406 (PREV_END_EPOCH for the next invocation)
===== [100/363] queries/stackoverflow/SQLStorm/7101.sql run_id=EAAB684AC3174BE2 =====
query_runner configuration:
  QUERY_DIR         = queries/stackoverflow/SQLStorm/7101.sql
  LOGS_DIR          = logs/so_timeouts/warm_stepup/so_timeouts_300s_20261006T102405Z  (query_timing_/query_samples_/query_catalog_stackoverflow_1gb.csv)
  DB_NAME / DB_USER = stackoverflow_1gb / postgres
  PGPORT            = 5434  (server reports 18.6)
  RUN_ID            = EAAB684AC3174BE2
  WARMUP            = 1 single-copy warm-ups (the first primes the cache)
  BATCH_SIZES       = 1  x RUNS=1 measured batches each
  WORKERS           = (planner default)
  STATEMENT_TIMEOUT = 300
  THERMAL_EQUALISE  = gate (T_LO=40 T_HI=60 preheat<=60s cooldown<=120s)
  sensors           = pkg:/sys/class/hwmon/hwmon8/temp1_input cores:4 cpufreq:8 throttle:8/8
  WARMUP_FAIL_SKIP  = on (a failed warm-up skips the query's measured batches)
  IDLE_BASELINE_S   = off
  SIGLESS_ADDR      = (disabled)
Found 1 query under queries/stackoverflow/SQLStorm/7101.sql

RAPL: powercap, 1 package, domains: pkg core gpu/uncore dram

[1/1] queries/stackoverflow/SQLStorm/7101.sql (1 warmup + step-up 1 x1)
  warmup 1/1: 18.151242 sec (cache prime)
  N=1   batch 1/1: 15.269447 sec, 1 copy (server sum 15210.839 ms)
  done: 1 size x 1 run (0 failures)

Done. Batch rows appended to logs/so_timeouts/warm_stepup/so_timeouts_300s_20261006T102405Z/query_timing_stackoverflow_1gb.csv
Per-copy samples appended to logs/so_timeouts/warm_stepup/so_timeouts_300s_20261006T102405Z/query_samples_stackoverflow_1gb.csv
Machine identity appended to logs/so_timeouts/warm_stepup/so_timeouts_300s_20261006T102405Z/query_runinfo_stackoverflow_1gb.csv
Last batch ended at epoch 1791288342.484 (PREV_END_EPOCH for the next invocation)
===== [101/363] queries/stackoverflow/SQLStorm/6858.sql run_id=6966B858809FC248 =====
query_runner configuration:
  QUERY_DIR         = queries/stackoverflow/SQLStorm/6858.sql
  LOGS_DIR          = logs/so_timeouts/warm_stepup/so_timeouts_300s_20261006T102405Z  (query_timing_/query_samples_/query_catalog_stackoverflow_1gb.csv)
  DB_NAME / DB_USER = stackoverflow_1gb / postgres
  PGPORT            = 5434  (server reports 18.6)
  RUN_ID            = 6966B858809FC248
  WARMUP            = 1 single-copy warm-ups (the first primes the cache)
  BATCH_SIZES       = 1  x RUNS=1 measured batches each
  WORKERS           = (planner default)
  STATEMENT_TIMEOUT = 300
  THERMAL_EQUALISE  = gate (T_LO=40 T_HI=60 preheat<=60s cooldown<=120s)
  sensors           = pkg:/sys/class/hwmon/hwmon8/temp1_input cores:4 cpufreq:8 throttle:8/8
  WARMUP_FAIL_SKIP  = on (a failed warm-up skips the query's measured batches)
  IDLE_BASELINE_S   = off
  SIGLESS_ADDR      = (disabled)
Found 1 query under queries/stackoverflow/SQLStorm/6858.sql

RAPL: powercap, 1 package, domains: pkg core gpu/uncore dram

[1/1] queries/stackoverflow/SQLStorm/6858.sql (1 warmup + step-up 1 x1)
  thermal gate: waited 4s -> 59.0 C
  warmup 1/1: 29.749168 sec (cache prime)
  N=1   batch 1/1: 29.491586 sec, 1 copy (server sum 29434.691 ms)
  done: 1 size x 1 run (0 failures)

Done. Batch rows appended to logs/so_timeouts/warm_stepup/so_timeouts_300s_20261006T102405Z/query_timing_stackoverflow_1gb.csv
Per-copy samples appended to logs/so_timeouts/warm_stepup/so_timeouts_300s_20261006T102405Z/query_samples_stackoverflow_1gb.csv
Machine identity appended to logs/so_timeouts/warm_stepup/so_timeouts_300s_20261006T102405Z/query_runinfo_stackoverflow_1gb.csv
Last batch ended at epoch 1791288409.974 (PREV_END_EPOCH for the next invocation)
===== [102/363] queries/stackoverflow/SQLStorm/14039.sql run_id=7AEC1A77017E5CAC =====
query_runner configuration:
  QUERY_DIR         = queries/stackoverflow/SQLStorm/14039.sql
  LOGS_DIR          = logs/so_timeouts/warm_stepup/so_timeouts_300s_20261006T102405Z  (query_timing_/query_samples_/query_catalog_stackoverflow_1gb.csv)
  DB_NAME / DB_USER = stackoverflow_1gb / postgres
  PGPORT            = 5434  (server reports 18.6)
  RUN_ID            = 7AEC1A77017E5CAC
  WARMUP            = 1 single-copy warm-ups (the first primes the cache)
  BATCH_SIZES       = 1  x RUNS=1 measured batches each
  WORKERS           = (planner default)
  STATEMENT_TIMEOUT = 300
  THERMAL_EQUALISE  = gate (T_LO=40 T_HI=60 preheat<=60s cooldown<=120s)
  sensors           = pkg:/sys/class/hwmon/hwmon8/temp1_input cores:4 cpufreq:8 throttle:8/8
  WARMUP_FAIL_SKIP  = on (a failed warm-up skips the query's measured batches)
  IDLE_BASELINE_S   = off
  SIGLESS_ADDR      = (disabled)
Found 1 query under queries/stackoverflow/SQLStorm/14039.sql

RAPL: powercap, 1 package, domains: pkg core gpu/uncore dram

[1/1] queries/stackoverflow/SQLStorm/14039.sql (1 warmup + step-up 1 x1)
  warmup 1/1: 35.062751 sec (cache prime)
  N=1   batch 1/1: 34.559047 sec, 1 copy (server sum 34502.144 ms)
  done: 1 size x 1 run (0 failures)

Done. Batch rows appended to logs/so_timeouts/warm_stepup/so_timeouts_300s_20261006T102405Z/query_timing_stackoverflow_1gb.csv
Per-copy samples appended to logs/so_timeouts/warm_stepup/so_timeouts_300s_20261006T102405Z/query_samples_stackoverflow_1gb.csv
Machine identity appended to logs/so_timeouts/warm_stepup/so_timeouts_300s_20261006T102405Z/query_runinfo_stackoverflow_1gb.csv
Last batch ended at epoch 1791288483.551 (PREV_END_EPOCH for the next invocation)
===== [103/363] queries/stackoverflow/SQLStorm/8028.sql run_id=26C597F94FE65A2A =====
query_runner configuration:
  QUERY_DIR         = queries/stackoverflow/SQLStorm/8028.sql
  LOGS_DIR          = logs/so_timeouts/warm_stepup/so_timeouts_300s_20261006T102405Z  (query_timing_/query_samples_/query_catalog_stackoverflow_1gb.csv)
  DB_NAME / DB_USER = stackoverflow_1gb / postgres
  PGPORT            = 5434  (server reports 18.6)
  RUN_ID            = 26C597F94FE65A2A
  WARMUP            = 1 single-copy warm-ups (the first primes the cache)
  BATCH_SIZES       = 1  x RUNS=1 measured batches each
  WORKERS           = (planner default)
  STATEMENT_TIMEOUT = 300
  THERMAL_EQUALISE  = gate (T_LO=40 T_HI=60 preheat<=60s cooldown<=120s)
  sensors           = pkg:/sys/class/hwmon/hwmon8/temp1_input cores:4 cpufreq:8 throttle:8/8
  WARMUP_FAIL_SKIP  = on (a failed warm-up skips the query's measured batches)
  IDLE_BASELINE_S   = off
  SIGLESS_ADDR      = (disabled)
Found 1 query under queries/stackoverflow/SQLStorm/8028.sql

RAPL: powercap, 1 package, domains: pkg core gpu/uncore dram

[1/1] queries/stackoverflow/SQLStorm/8028.sql (1 warmup + step-up 1 x1)
  warmup 1/1: 15.748487 sec (cache prime)
  N=1   batch 1/1: 14.814607 sec, 1 copy (server sum 14756.321 ms)
  done: 1 size x 1 run (0 failures)

Done. Batch rows appended to logs/so_timeouts/warm_stepup/so_timeouts_300s_20261006T102405Z/query_timing_stackoverflow_1gb.csv
Per-copy samples appended to logs/so_timeouts/warm_stepup/so_timeouts_300s_20261006T102405Z/query_samples_stackoverflow_1gb.csv
Machine identity appended to logs/so_timeouts/warm_stepup/so_timeouts_300s_20261006T102405Z/query_runinfo_stackoverflow_1gb.csv
Last batch ended at epoch 1791288517.882 (PREV_END_EPOCH for the next invocation)
===== [104/363] queries/stackoverflow/SQLStorm/10518.sql run_id=D331B440950CB99D =====
query_runner configuration:
  QUERY_DIR         = queries/stackoverflow/SQLStorm/10518.sql
  LOGS_DIR          = logs/so_timeouts/warm_stepup/so_timeouts_300s_20261006T102405Z  (query_timing_/query_samples_/query_catalog_stackoverflow_1gb.csv)
  DB_NAME / DB_USER = stackoverflow_1gb / postgres
  PGPORT            = 5434  (server reports 18.6)
  RUN_ID            = D331B440950CB99D
  WARMUP            = 1 single-copy warm-ups (the first primes the cache)
  BATCH_SIZES       = 1  x RUNS=1 measured batches each
  WORKERS           = (planner default)
  STATEMENT_TIMEOUT = 300
  THERMAL_EQUALISE  = gate (T_LO=40 T_HI=60 preheat<=60s cooldown<=120s)
  sensors           = pkg:/sys/class/hwmon/hwmon8/temp1_input cores:4 cpufreq:8 throttle:8/8
  WARMUP_FAIL_SKIP  = on (a failed warm-up skips the query's measured batches)
  IDLE_BASELINE_S   = off
  SIGLESS_ADDR      = (disabled)
Found 1 query under queries/stackoverflow/SQLStorm/10518.sql

RAPL: powercap, 1 package, domains: pkg core gpu/uncore dram

[1/1] queries/stackoverflow/SQLStorm/10518.sql (1 warmup + step-up 1 x1)
  thermal gate: waited 2s -> 60.0 C
  warmup 1/1: 29.488539 sec (cache prime)
  N=1   batch 1/1: 28.768257 sec, 1 copy (server sum 28709.364 ms)
  done: 1 size x 1 run (0 failures)

Done. Batch rows appended to logs/so_timeouts/warm_stepup/so_timeouts_300s_20261006T102405Z/query_timing_stackoverflow_1gb.csv
Per-copy samples appended to logs/so_timeouts/warm_stepup/so_timeouts_300s_20261006T102405Z/query_samples_stackoverflow_1gb.csv
Machine identity appended to logs/so_timeouts/warm_stepup/so_timeouts_300s_20261006T102405Z/query_runinfo_stackoverflow_1gb.csv
Last batch ended at epoch 1791288582.128 (PREV_END_EPOCH for the next invocation)
===== [105/363] queries/stackoverflow/SQLStorm/14515.sql run_id=FFD6BD19817AB06F =====
query_runner configuration:
  QUERY_DIR         = queries/stackoverflow/SQLStorm/14515.sql
  LOGS_DIR          = logs/so_timeouts/warm_stepup/so_timeouts_300s_20261006T102405Z  (query_timing_/query_samples_/query_catalog_stackoverflow_1gb.csv)
  DB_NAME / DB_USER = stackoverflow_1gb / postgres
  PGPORT            = 5434  (server reports 18.6)
  RUN_ID            = FFD6BD19817AB06F
  WARMUP            = 1 single-copy warm-ups (the first primes the cache)
  BATCH_SIZES       = 1  x RUNS=1 measured batches each
  WORKERS           = (planner default)
  STATEMENT_TIMEOUT = 300
  THERMAL_EQUALISE  = gate (T_LO=40 T_HI=60 preheat<=60s cooldown<=120s)
  sensors           = pkg:/sys/class/hwmon/hwmon8/temp1_input cores:4 cpufreq:8 throttle:8/8
  WARMUP_FAIL_SKIP  = on (a failed warm-up skips the query's measured batches)
  IDLE_BASELINE_S   = off
  SIGLESS_ADDR      = (disabled)
Found 1 query under queries/stackoverflow/SQLStorm/14515.sql

RAPL: powercap, 1 package, domains: pkg core gpu/uncore dram

[1/1] queries/stackoverflow/SQLStorm/14515.sql (1 warmup + step-up 1 x1)
  warmup 1/1: 33.502345 sec (cache prime)
  N=1   batch 1/1: 32.216199 sec, 1 copy (server sum 32147.369 ms)
  done: 1 size x 1 run (0 failures)

Done. Batch rows appended to logs/so_timeouts/warm_stepup/so_timeouts_300s_20261006T102405Z/query_timing_stackoverflow_1gb.csv
Per-copy samples appended to logs/so_timeouts/warm_stepup/so_timeouts_300s_20261006T102405Z/query_samples_stackoverflow_1gb.csv
Machine identity appended to logs/so_timeouts/warm_stepup/so_timeouts_300s_20261006T102405Z/query_runinfo_stackoverflow_1gb.csv
Last batch ended at epoch 1791288651.863 (PREV_END_EPOCH for the next invocation)
===== [106/363] queries/stackoverflow/SQLStorm/9363.sql run_id=66C2579D3C0D9DCD =====
query_runner configuration:
  QUERY_DIR         = queries/stackoverflow/SQLStorm/9363.sql
  LOGS_DIR          = logs/so_timeouts/warm_stepup/so_timeouts_300s_20261006T102405Z  (query_timing_/query_samples_/query_catalog_stackoverflow_1gb.csv)
  DB_NAME / DB_USER = stackoverflow_1gb / postgres
  PGPORT            = 5434  (server reports 18.6)
  RUN_ID            = 66C2579D3C0D9DCD
  WARMUP            = 1 single-copy warm-ups (the first primes the cache)
  BATCH_SIZES       = 1  x RUNS=1 measured batches each
  WORKERS           = (planner default)
  STATEMENT_TIMEOUT = 300
  THERMAL_EQUALISE  = gate (T_LO=40 T_HI=60 preheat<=60s cooldown<=120s)
  sensors           = pkg:/sys/class/hwmon/hwmon8/temp1_input cores:4 cpufreq:8 throttle:8/8
  WARMUP_FAIL_SKIP  = on (a failed warm-up skips the query's measured batches)
  IDLE_BASELINE_S   = off
  SIGLESS_ADDR      = (disabled)
Found 1 query under queries/stackoverflow/SQLStorm/9363.sql

RAPL: powercap, 1 package, domains: pkg core gpu/uncore dram

[1/1] queries/stackoverflow/SQLStorm/9363.sql (1 warmup + step-up 1 x1)
  warmup 1/1: 13.204905 sec (cache prime)
  N=1   batch 1/1: 13.285941 sec, 1 copy (server sum 13228.366 ms)
  done: 1 size x 1 run (0 failures)

Done. Batch rows appended to logs/so_timeouts/warm_stepup/so_timeouts_300s_20261006T102405Z/query_timing_stackoverflow_1gb.csv
Per-copy samples appended to logs/so_timeouts/warm_stepup/so_timeouts_300s_20261006T102405Z/query_samples_stackoverflow_1gb.csv
Machine identity appended to logs/so_timeouts/warm_stepup/so_timeouts_300s_20261006T102405Z/query_runinfo_stackoverflow_1gb.csv
Last batch ended at epoch 1791288682.386 (PREV_END_EPOCH for the next invocation)
===== [107/363] queries/stackoverflow/SQLStorm/7555.sql run_id=4D16725A3E9C7343 =====
query_runner configuration:
  QUERY_DIR         = queries/stackoverflow/SQLStorm/7555.sql
  LOGS_DIR          = logs/so_timeouts/warm_stepup/so_timeouts_300s_20261006T102405Z  (query_timing_/query_samples_/query_catalog_stackoverflow_1gb.csv)
  DB_NAME / DB_USER = stackoverflow_1gb / postgres
  PGPORT            = 5434  (server reports 18.6)
  RUN_ID            = 4D16725A3E9C7343
  WARMUP            = 1 single-copy warm-ups (the first primes the cache)
  BATCH_SIZES       = 1  x RUNS=1 measured batches each
  WORKERS           = (planner default)
  STATEMENT_TIMEOUT = 300
  THERMAL_EQUALISE  = gate (T_LO=40 T_HI=60 preheat<=60s cooldown<=120s)
  sensors           = pkg:/sys/class/hwmon/hwmon8/temp1_input cores:4 cpufreq:8 throttle:8/8
  WARMUP_FAIL_SKIP  = on (a failed warm-up skips the query's measured batches)
  IDLE_BASELINE_S   = off
  SIGLESS_ADDR      = (disabled)
Found 1 query under queries/stackoverflow/SQLStorm/7555.sql

RAPL: powercap, 1 package, domains: pkg core gpu/uncore dram

[1/1] queries/stackoverflow/SQLStorm/7555.sql (1 warmup + step-up 1 x1)
  warmup 1/1: 24.086168 sec (cache prime)
  N=1   batch 1/1: 23.072165 sec, 1 copy (server sum 23014.134 ms)
  done: 1 size x 1 run (0 failures)

Done. Batch rows appended to logs/so_timeouts/warm_stepup/so_timeouts_300s_20261006T102405Z/query_timing_stackoverflow_1gb.csv
Per-copy samples appended to logs/so_timeouts/warm_stepup/so_timeouts_300s_20261006T102405Z/query_samples_stackoverflow_1gb.csv
Machine identity appended to logs/so_timeouts/warm_stepup/so_timeouts_300s_20261006T102405Z/query_runinfo_stackoverflow_1gb.csv
Last batch ended at epoch 1791288733.638 (PREV_END_EPOCH for the next invocation)
===== [108/363] queries/stackoverflow/SQLStorm/5621.sql run_id=E27D0640FFFC6A0B =====
query_runner configuration:
  QUERY_DIR         = queries/stackoverflow/SQLStorm/5621.sql
  LOGS_DIR          = logs/so_timeouts/warm_stepup/so_timeouts_300s_20261006T102405Z  (query_timing_/query_samples_/query_catalog_stackoverflow_1gb.csv)
  DB_NAME / DB_USER = stackoverflow_1gb / postgres
  PGPORT            = 5434  (server reports 18.6)
  RUN_ID            = E27D0640FFFC6A0B
  WARMUP            = 1 single-copy warm-ups (the first primes the cache)
  BATCH_SIZES       = 1  x RUNS=1 measured batches each
  WORKERS           = (planner default)
  STATEMENT_TIMEOUT = 300
  THERMAL_EQUALISE  = gate (T_LO=40 T_HI=60 preheat<=60s cooldown<=120s)
  sensors           = pkg:/sys/class/hwmon/hwmon8/temp1_input cores:4 cpufreq:8 throttle:8/8
  WARMUP_FAIL_SKIP  = on (a failed warm-up skips the query's measured batches)
  IDLE_BASELINE_S   = off
  SIGLESS_ADDR      = (disabled)
Found 1 query under queries/stackoverflow/SQLStorm/5621.sql

RAPL: powercap, 1 package, domains: pkg core gpu/uncore dram

[1/1] queries/stackoverflow/SQLStorm/5621.sql (1 warmup + step-up 1 x1)
  thermal gate: waited 6s -> 59.0 C
  warmup 1/1: 17.224888 sec (cache prime)
  N=1   batch 1/1: 15.886929 sec, 1 copy (server sum 15829.648 ms)
  done: 1 size x 1 run (0 failures)

Done. Batch rows appended to logs/so_timeouts/warm_stepup/so_timeouts_300s_20261006T102405Z/query_timing_stackoverflow_1gb.csv
Per-copy samples appended to logs/so_timeouts/warm_stepup/so_timeouts_300s_20261006T102405Z/query_samples_stackoverflow_1gb.csv
Machine identity appended to logs/so_timeouts/warm_stepup/so_timeouts_300s_20261006T102405Z/query_runinfo_stackoverflow_1gb.csv
Last batch ended at epoch 1791288776.714 (PREV_END_EPOCH for the next invocation)
===== [109/363] queries/stackoverflow/SQLStorm/8049.sql run_id=70232DF548965370 =====
query_runner configuration:
  QUERY_DIR         = queries/stackoverflow/SQLStorm/8049.sql
  LOGS_DIR          = logs/so_timeouts/warm_stepup/so_timeouts_300s_20261006T102405Z  (query_timing_/query_samples_/query_catalog_stackoverflow_1gb.csv)
  DB_NAME / DB_USER = stackoverflow_1gb / postgres
  PGPORT            = 5434  (server reports 18.6)
  RUN_ID            = 70232DF548965370
  WARMUP            = 1 single-copy warm-ups (the first primes the cache)
  BATCH_SIZES       = 1  x RUNS=1 measured batches each
  WORKERS           = (planner default)
  STATEMENT_TIMEOUT = 300
  THERMAL_EQUALISE  = gate (T_LO=40 T_HI=60 preheat<=60s cooldown<=120s)
  sensors           = pkg:/sys/class/hwmon/hwmon8/temp1_input cores:4 cpufreq:8 throttle:8/8
  WARMUP_FAIL_SKIP  = on (a failed warm-up skips the query's measured batches)
  IDLE_BASELINE_S   = off
  SIGLESS_ADDR      = (disabled)
Found 1 query under queries/stackoverflow/SQLStorm/8049.sql

RAPL: powercap, 1 package, domains: pkg core gpu/uncore dram

[1/1] queries/stackoverflow/SQLStorm/8049.sql (1 warmup + step-up 1 x1)
  thermal gate: waited 2s -> 58.0 C
  warmup 1/1: 19.997748 sec (cache prime)
  N=1   batch 1/1: 18.977460 sec, 1 copy (server sum 18919.069 ms)
  done: 1 size x 1 run (0 failures)

Done. Batch rows appended to logs/so_timeouts/warm_stepup/so_timeouts_300s_20261006T102405Z/query_timing_stackoverflow_1gb.csv
Per-copy samples appended to logs/so_timeouts/warm_stepup/so_timeouts_300s_20261006T102405Z/query_samples_stackoverflow_1gb.csv
Machine identity appended to logs/so_timeouts/warm_stepup/so_timeouts_300s_20261006T102405Z/query_runinfo_stackoverflow_1gb.csv
Last batch ended at epoch 1791288821.020 (PREV_END_EPOCH for the next invocation)
===== [110/363] queries/stackoverflow/SQLStorm/772.sql run_id=D20936BD524D55ED =====
query_runner configuration:
  QUERY_DIR         = queries/stackoverflow/SQLStorm/772.sql
  LOGS_DIR          = logs/so_timeouts/warm_stepup/so_timeouts_300s_20261006T102405Z  (query_timing_/query_samples_/query_catalog_stackoverflow_1gb.csv)
  DB_NAME / DB_USER = stackoverflow_1gb / postgres
  PGPORT            = 5434  (server reports 18.6)
  RUN_ID            = D20936BD524D55ED
  WARMUP            = 1 single-copy warm-ups (the first primes the cache)
  BATCH_SIZES       = 1  x RUNS=1 measured batches each
  WORKERS           = (planner default)
  STATEMENT_TIMEOUT = 300
  THERMAL_EQUALISE  = gate (T_LO=40 T_HI=60 preheat<=60s cooldown<=120s)
  sensors           = pkg:/sys/class/hwmon/hwmon8/temp1_input cores:4 cpufreq:8 throttle:8/8
  WARMUP_FAIL_SKIP  = on (a failed warm-up skips the query's measured batches)
  IDLE_BASELINE_S   = off
  SIGLESS_ADDR      = (disabled)
Found 1 query under queries/stackoverflow/SQLStorm/772.sql

RAPL: powercap, 1 package, domains: pkg core gpu/uncore dram

[1/1] queries/stackoverflow/SQLStorm/772.sql (1 warmup + step-up 1 x1)
  warmup 1/1: 37.322623 sec (cache prime)
  N=1   batch 1/1: 36.212367 sec, 1 copy (server sum 36154.902 ms)
  done: 1 size x 1 run (0 failures)

Done. Batch rows appended to logs/so_timeouts/warm_stepup/so_timeouts_300s_20261006T102405Z/query_timing_stackoverflow_1gb.csv
Per-copy samples appended to logs/so_timeouts/warm_stepup/so_timeouts_300s_20261006T102405Z/query_samples_stackoverflow_1gb.csv
Machine identity appended to logs/so_timeouts/warm_stepup/so_timeouts_300s_20261006T102405Z/query_runinfo_stackoverflow_1gb.csv
Last batch ended at epoch 1791288898.444 (PREV_END_EPOCH for the next invocation)
===== [111/363] queries/stackoverflow/SQLStorm/20632.sql run_id=0D0E18C0A2012485 =====
query_runner configuration:
  QUERY_DIR         = queries/stackoverflow/SQLStorm/20632.sql
  LOGS_DIR          = logs/so_timeouts/warm_stepup/so_timeouts_300s_20261006T102405Z  (query_timing_/query_samples_/query_catalog_stackoverflow_1gb.csv)
  DB_NAME / DB_USER = stackoverflow_1gb / postgres
  PGPORT            = 5434  (server reports 18.6)
  RUN_ID            = 0D0E18C0A2012485
  WARMUP            = 1 single-copy warm-ups (the first primes the cache)
  BATCH_SIZES       = 1  x RUNS=1 measured batches each
  WORKERS           = (planner default)
  STATEMENT_TIMEOUT = 300
  THERMAL_EQUALISE  = gate (T_LO=40 T_HI=60 preheat<=60s cooldown<=120s)
  sensors           = pkg:/sys/class/hwmon/hwmon8/temp1_input cores:4 cpufreq:8 throttle:8/8
  WARMUP_FAIL_SKIP  = on (a failed warm-up skips the query's measured batches)
  IDLE_BASELINE_S   = off
  SIGLESS_ADDR      = (disabled)
Found 1 query under queries/stackoverflow/SQLStorm/20632.sql

RAPL: powercap, 1 package, domains: pkg core gpu/uncore dram

[1/1] queries/stackoverflow/SQLStorm/20632.sql (1 warmup + step-up 1 x1)
  warmup 1/1: 18.406773 sec (cache prime)
  N=1   batch 1/1: 17.292828 sec, 1 copy (server sum 17233.911 ms)
  done: 1 size x 1 run (0 failures)

Done. Batch rows appended to logs/so_timeouts/warm_stepup/so_timeouts_300s_20261006T102405Z/query_timing_stackoverflow_1gb.csv
Per-copy samples appended to logs/so_timeouts/warm_stepup/so_timeouts_300s_20261006T102405Z/query_samples_stackoverflow_1gb.csv
Machine identity appended to logs/so_timeouts/warm_stepup/so_timeouts_300s_20261006T102405Z/query_runinfo_stackoverflow_1gb.csv
Last batch ended at epoch 1791288938.159 (PREV_END_EPOCH for the next invocation)
===== [112/363] queries/stackoverflow/SQLStorm/6924.sql run_id=504B455007EC7D97 =====
query_runner configuration:
  QUERY_DIR         = queries/stackoverflow/SQLStorm/6924.sql
  LOGS_DIR          = logs/so_timeouts/warm_stepup/so_timeouts_300s_20261006T102405Z  (query_timing_/query_samples_/query_catalog_stackoverflow_1gb.csv)
  DB_NAME / DB_USER = stackoverflow_1gb / postgres
  PGPORT            = 5434  (server reports 18.6)
  RUN_ID            = 504B455007EC7D97
  WARMUP            = 1 single-copy warm-ups (the first primes the cache)
  BATCH_SIZES       = 1  x RUNS=1 measured batches each
  WORKERS           = (planner default)
  STATEMENT_TIMEOUT = 300
  THERMAL_EQUALISE  = gate (T_LO=40 T_HI=60 preheat<=60s cooldown<=120s)
  sensors           = pkg:/sys/class/hwmon/hwmon8/temp1_input cores:4 cpufreq:8 throttle:8/8
  WARMUP_FAIL_SKIP  = on (a failed warm-up skips the query's measured batches)
  IDLE_BASELINE_S   = off
  SIGLESS_ADDR      = (disabled)
Found 1 query under queries/stackoverflow/SQLStorm/6924.sql

RAPL: powercap, 1 package, domains: pkg core gpu/uncore dram

[1/1] queries/stackoverflow/SQLStorm/6924.sql (1 warmup + step-up 1 x1)
  warmup 1/1: 17.866992 sec (cache prime)
  N=1   batch 1/1: 17.036090 sec, 1 copy (server sum 16977.793 ms)
  done: 1 size x 1 run (0 failures)

Done. Batch rows appended to logs/so_timeouts/warm_stepup/so_timeouts_300s_20261006T102405Z/query_timing_stackoverflow_1gb.csv
Per-copy samples appended to logs/so_timeouts/warm_stepup/so_timeouts_300s_20261006T102405Z/query_samples_stackoverflow_1gb.csv
Machine identity appended to logs/so_timeouts/warm_stepup/so_timeouts_300s_20261006T102405Z/query_runinfo_stackoverflow_1gb.csv
Last batch ended at epoch 1791288977.049 (PREV_END_EPOCH for the next invocation)
===== [113/363] queries/stackoverflow/SQLStorm/10650.sql run_id=3DE45AE127497D1A =====
query_runner configuration:
  QUERY_DIR         = queries/stackoverflow/SQLStorm/10650.sql
  LOGS_DIR          = logs/so_timeouts/warm_stepup/so_timeouts_300s_20261006T102405Z  (query_timing_/query_samples_/query_catalog_stackoverflow_1gb.csv)
  DB_NAME / DB_USER = stackoverflow_1gb / postgres
  PGPORT            = 5434  (server reports 18.6)
  RUN_ID            = 3DE45AE127497D1A
  WARMUP            = 1 single-copy warm-ups (the first primes the cache)
  BATCH_SIZES       = 1  x RUNS=1 measured batches each
  WORKERS           = (planner default)
  STATEMENT_TIMEOUT = 300
  THERMAL_EQUALISE  = gate (T_LO=40 T_HI=60 preheat<=60s cooldown<=120s)
  sensors           = pkg:/sys/class/hwmon/hwmon8/temp1_input cores:4 cpufreq:8 throttle:8/8
  WARMUP_FAIL_SKIP  = on (a failed warm-up skips the query's measured batches)
  IDLE_BASELINE_S   = off
  SIGLESS_ADDR      = (disabled)
Found 1 query under queries/stackoverflow/SQLStorm/10650.sql

RAPL: powercap, 1 package, domains: pkg core gpu/uncore dram

[1/1] queries/stackoverflow/SQLStorm/10650.sql (1 warmup + step-up 1 x1)
  warmup 1/1: 37.001850 sec (cache prime)
  N=1   batch 1/1: 36.490913 sec, 1 copy (server sum 36434.834 ms)
  done: 1 size x 1 run (0 failures)

Done. Batch rows appended to logs/so_timeouts/warm_stepup/so_timeouts_300s_20261006T102405Z/query_timing_stackoverflow_1gb.csv
Per-copy samples appended to logs/so_timeouts/warm_stepup/so_timeouts_300s_20261006T102405Z/query_samples_stackoverflow_1gb.csv
Machine identity appended to logs/so_timeouts/warm_stepup/so_timeouts_300s_20261006T102405Z/query_runinfo_stackoverflow_1gb.csv
Last batch ended at epoch 1791289054.653 (PREV_END_EPOCH for the next invocation)
===== [114/363] queries/stackoverflow/SQLStorm/12184.sql run_id=B485AA973398C7B3 =====
query_runner configuration:
  QUERY_DIR         = queries/stackoverflow/SQLStorm/12184.sql
  LOGS_DIR          = logs/so_timeouts/warm_stepup/so_timeouts_300s_20261006T102405Z  (query_timing_/query_samples_/query_catalog_stackoverflow_1gb.csv)
  DB_NAME / DB_USER = stackoverflow_1gb / postgres
  PGPORT            = 5434  (server reports 18.6)
  RUN_ID            = B485AA973398C7B3
  WARMUP            = 1 single-copy warm-ups (the first primes the cache)
  BATCH_SIZES       = 1  x RUNS=1 measured batches each
  WORKERS           = (planner default)
  STATEMENT_TIMEOUT = 300
  THERMAL_EQUALISE  = gate (T_LO=40 T_HI=60 preheat<=60s cooldown<=120s)
  sensors           = pkg:/sys/class/hwmon/hwmon8/temp1_input cores:4 cpufreq:8 throttle:8/8
  WARMUP_FAIL_SKIP  = on (a failed warm-up skips the query's measured batches)
  IDLE_BASELINE_S   = off
  SIGLESS_ADDR      = (disabled)
Found 1 query under queries/stackoverflow/SQLStorm/12184.sql

RAPL: powercap, 1 package, domains: pkg core gpu/uncore dram

[1/1] queries/stackoverflow/SQLStorm/12184.sql (1 warmup + step-up 1 x1)
  warmup 1/1: 17.653804 sec (cache prime)
  N=1   batch 1/1: 15.686622 sec, 1 copy (server sum 15628.757 ms)
  done: 1 size x 1 run (0 failures)

Done. Batch rows appended to logs/so_timeouts/warm_stepup/so_timeouts_300s_20261006T102405Z/query_timing_stackoverflow_1gb.csv
Per-copy samples appended to logs/so_timeouts/warm_stepup/so_timeouts_300s_20261006T102405Z/query_samples_stackoverflow_1gb.csv
Machine identity appended to logs/so_timeouts/warm_stepup/so_timeouts_300s_20261006T102405Z/query_runinfo_stackoverflow_1gb.csv
Last batch ended at epoch 1791289091.776 (PREV_END_EPOCH for the next invocation)
===== [115/363] queries/stackoverflow/SQLStorm/6303.sql run_id=0B9AD941673E8122 =====
query_runner configuration:
  QUERY_DIR         = queries/stackoverflow/SQLStorm/6303.sql
  LOGS_DIR          = logs/so_timeouts/warm_stepup/so_timeouts_300s_20261006T102405Z  (query_timing_/query_samples_/query_catalog_stackoverflow_1gb.csv)
  DB_NAME / DB_USER = stackoverflow_1gb / postgres
  PGPORT            = 5434  (server reports 18.6)
  RUN_ID            = 0B9AD941673E8122
  WARMUP            = 1 single-copy warm-ups (the first primes the cache)
  BATCH_SIZES       = 1  x RUNS=1 measured batches each
  WORKERS           = (planner default)
  STATEMENT_TIMEOUT = 300
  THERMAL_EQUALISE  = gate (T_LO=40 T_HI=60 preheat<=60s cooldown<=120s)
  sensors           = pkg:/sys/class/hwmon/hwmon8/temp1_input cores:4 cpufreq:8 throttle:8/8
  WARMUP_FAIL_SKIP  = on (a failed warm-up skips the query's measured batches)
  IDLE_BASELINE_S   = off
  SIGLESS_ADDR      = (disabled)
Found 1 query under queries/stackoverflow/SQLStorm/6303.sql

RAPL: powercap, 1 package, domains: pkg core gpu/uncore dram

[1/1] queries/stackoverflow/SQLStorm/6303.sql (1 warmup + step-up 1 x1)
  warmup 1/1: 16.319448 sec (cache prime)
  N=1   batch 1/1: 15.431663 sec, 1 copy (server sum 15374.075 ms)
  done: 1 size x 1 run (0 failures)

Done. Batch rows appended to logs/so_timeouts/warm_stepup/so_timeouts_300s_20261006T102405Z/query_timing_stackoverflow_1gb.csv
Per-copy samples appended to logs/so_timeouts/warm_stepup/so_timeouts_300s_20261006T102405Z/query_samples_stackoverflow_1gb.csv
Machine identity appended to logs/so_timeouts/warm_stepup/so_timeouts_300s_20261006T102405Z/query_runinfo_stackoverflow_1gb.csv
Last batch ended at epoch 1791289127.345 (PREV_END_EPOCH for the next invocation)
===== [116/363] queries/stackoverflow/SQLStorm/2649.sql run_id=20AC607E7191415B =====
query_runner configuration:
  QUERY_DIR         = queries/stackoverflow/SQLStorm/2649.sql
  LOGS_DIR          = logs/so_timeouts/warm_stepup/so_timeouts_300s_20261006T102405Z  (query_timing_/query_samples_/query_catalog_stackoverflow_1gb.csv)
  DB_NAME / DB_USER = stackoverflow_1gb / postgres
  PGPORT            = 5434  (server reports 18.6)
  RUN_ID            = 20AC607E7191415B
  WARMUP            = 1 single-copy warm-ups (the first primes the cache)
  BATCH_SIZES       = 1  x RUNS=1 measured batches each
  WORKERS           = (planner default)
  STATEMENT_TIMEOUT = 300
  THERMAL_EQUALISE  = gate (T_LO=40 T_HI=60 preheat<=60s cooldown<=120s)
  sensors           = pkg:/sys/class/hwmon/hwmon8/temp1_input cores:4 cpufreq:8 throttle:8/8
  WARMUP_FAIL_SKIP  = on (a failed warm-up skips the query's measured batches)
  IDLE_BASELINE_S   = off
  SIGLESS_ADDR      = (disabled)
Found 1 query under queries/stackoverflow/SQLStorm/2649.sql

RAPL: powercap, 1 package, domains: pkg core gpu/uncore dram

[1/1] queries/stackoverflow/SQLStorm/2649.sql (1 warmup + step-up 1 x1)
  thermal gate: waited 2s -> 59.0 C
  warmup 1/1: 14.832159 sec (cache prime)
  N=1   batch 1/1: 13.156645 sec, 1 copy (server sum 13098.755 ms)
  done: 1 size x 1 run (0 failures)

Done. Batch rows appended to logs/so_timeouts/warm_stepup/so_timeouts_300s_20261006T102405Z/query_timing_stackoverflow_1gb.csv
Per-copy samples appended to logs/so_timeouts/warm_stepup/so_timeouts_300s_20261006T102405Z/query_samples_stackoverflow_1gb.csv
Machine identity appended to logs/so_timeouts/warm_stepup/so_timeouts_300s_20261006T102405Z/query_runinfo_stackoverflow_1gb.csv
Last batch ended at epoch 1791289161.007 (PREV_END_EPOCH for the next invocation)
===== [117/363] queries/stackoverflow/SQLStorm/29886.sql run_id=4105CAD5F0744969 =====
query_runner configuration:
  QUERY_DIR         = queries/stackoverflow/SQLStorm/29886.sql
  LOGS_DIR          = logs/so_timeouts/warm_stepup/so_timeouts_300s_20261006T102405Z  (query_timing_/query_samples_/query_catalog_stackoverflow_1gb.csv)
  DB_NAME / DB_USER = stackoverflow_1gb / postgres
  PGPORT            = 5434  (server reports 18.6)
  RUN_ID            = 4105CAD5F0744969
  WARMUP            = 1 single-copy warm-ups (the first primes the cache)
  BATCH_SIZES       = 1  x RUNS=1 measured batches each
  WORKERS           = (planner default)
  STATEMENT_TIMEOUT = 300
  THERMAL_EQUALISE  = gate (T_LO=40 T_HI=60 preheat<=60s cooldown<=120s)
  sensors           = pkg:/sys/class/hwmon/hwmon8/temp1_input cores:4 cpufreq:8 throttle:8/8
  WARMUP_FAIL_SKIP  = on (a failed warm-up skips the query's measured batches)
  IDLE_BASELINE_S   = off
  SIGLESS_ADDR      = (disabled)
Found 1 query under queries/stackoverflow/SQLStorm/29886.sql

RAPL: powercap, 1 package, domains: pkg core gpu/uncore dram

[1/1] queries/stackoverflow/SQLStorm/29886.sql (1 warmup + step-up 1 x1)
  warmup 1/1: 17.402254 sec (cache prime)
  N=1   batch 1/1: 16.632483 sec, 1 copy (server sum 16574.677 ms)
  done: 1 size x 1 run (0 failures)

Done. Batch rows appended to logs/so_timeouts/warm_stepup/so_timeouts_300s_20261006T102405Z/query_timing_stackoverflow_1gb.csv
Per-copy samples appended to logs/so_timeouts/warm_stepup/so_timeouts_300s_20261006T102405Z/query_samples_stackoverflow_1gb.csv
Machine identity appended to logs/so_timeouts/warm_stepup/so_timeouts_300s_20261006T102405Z/query_runinfo_stackoverflow_1gb.csv
Last batch ended at epoch 1791289198.711 (PREV_END_EPOCH for the next invocation)
===== [118/363] queries/stackoverflow/SQLStorm/11465.sql run_id=E06CF299804990DA =====
query_runner configuration:
  QUERY_DIR         = queries/stackoverflow/SQLStorm/11465.sql
  LOGS_DIR          = logs/so_timeouts/warm_stepup/so_timeouts_300s_20261006T102405Z  (query_timing_/query_samples_/query_catalog_stackoverflow_1gb.csv)
  DB_NAME / DB_USER = stackoverflow_1gb / postgres
  PGPORT            = 5434  (server reports 18.6)
  RUN_ID            = E06CF299804990DA
  WARMUP            = 1 single-copy warm-ups (the first primes the cache)
  BATCH_SIZES       = 1  x RUNS=1 measured batches each
  WORKERS           = (planner default)
  STATEMENT_TIMEOUT = 300
  THERMAL_EQUALISE  = gate (T_LO=40 T_HI=60 preheat<=60s cooldown<=120s)
  sensors           = pkg:/sys/class/hwmon/hwmon8/temp1_input cores:4 cpufreq:8 throttle:8/8
  WARMUP_FAIL_SKIP  = on (a failed warm-up skips the query's measured batches)
  IDLE_BASELINE_S   = off
  SIGLESS_ADDR      = (disabled)
Found 1 query under queries/stackoverflow/SQLStorm/11465.sql

RAPL: powercap, 1 package, domains: pkg core gpu/uncore dram

[1/1] queries/stackoverflow/SQLStorm/11465.sql (1 warmup + step-up 1 x1)
  thermal gate: waited 4s -> 59.0 C
  warmup 1/1: 35.631240 sec (cache prime)
  N=1   batch 1/1: 34.907321 sec, 1 copy (server sum 34850.309 ms)
  done: 1 size x 1 run (0 failures)

Done. Batch rows appended to logs/so_timeouts/warm_stepup/so_timeouts_300s_20261006T102405Z/query_timing_stackoverflow_1gb.csv
Per-copy samples appended to logs/so_timeouts/warm_stepup/so_timeouts_300s_20261006T102405Z/query_samples_stackoverflow_1gb.csv
Machine identity appended to logs/so_timeouts/warm_stepup/so_timeouts_300s_20261006T102405Z/query_runinfo_stackoverflow_1gb.csv
Last batch ended at epoch 1791289277.163 (PREV_END_EPOCH for the next invocation)
===== [119/363] queries/stackoverflow/SQLStorm/28592.sql run_id=356A9E62972A97E5 =====
query_runner configuration:
  QUERY_DIR         = queries/stackoverflow/SQLStorm/28592.sql
  LOGS_DIR          = logs/so_timeouts/warm_stepup/so_timeouts_300s_20261006T102405Z  (query_timing_/query_samples_/query_catalog_stackoverflow_1gb.csv)
  DB_NAME / DB_USER = stackoverflow_1gb / postgres
  PGPORT            = 5434  (server reports 18.6)
  RUN_ID            = 356A9E62972A97E5
  WARMUP            = 1 single-copy warm-ups (the first primes the cache)
  BATCH_SIZES       = 1  x RUNS=1 measured batches each
  WORKERS           = (planner default)
  STATEMENT_TIMEOUT = 300
  THERMAL_EQUALISE  = gate (T_LO=40 T_HI=60 preheat<=60s cooldown<=120s)
  sensors           = pkg:/sys/class/hwmon/hwmon8/temp1_input cores:4 cpufreq:8 throttle:8/8
  WARMUP_FAIL_SKIP  = on (a failed warm-up skips the query's measured batches)
  IDLE_BASELINE_S   = off
  SIGLESS_ADDR      = (disabled)
Found 1 query under queries/stackoverflow/SQLStorm/28592.sql

RAPL: powercap, 1 package, domains: pkg core gpu/uncore dram

[1/1] queries/stackoverflow/SQLStorm/28592.sql (1 warmup + step-up 1 x1)
  warmup 1/1: 19.952244 sec (cache prime)
  N=1   batch 1/1: 18.928769 sec, 1 copy (server sum 18870.366 ms)
  done: 1 size x 1 run (0 failures)

Done. Batch rows appended to logs/so_timeouts/warm_stepup/so_timeouts_300s_20261006T102405Z/query_timing_stackoverflow_1gb.csv
Per-copy samples appended to logs/so_timeouts/warm_stepup/so_timeouts_300s_20261006T102405Z/query_samples_stackoverflow_1gb.csv
Machine identity appended to logs/so_timeouts/warm_stepup/so_timeouts_300s_20261006T102405Z/query_runinfo_stackoverflow_1gb.csv
Last batch ended at epoch 1791289319.729 (PREV_END_EPOCH for the next invocation)
===== [120/363] queries/stackoverflow/SQLStorm/12697.sql run_id=4EE696488407EA34 =====
query_runner configuration:
  QUERY_DIR         = queries/stackoverflow/SQLStorm/12697.sql
  LOGS_DIR          = logs/so_timeouts/warm_stepup/so_timeouts_300s_20261006T102405Z  (query_timing_/query_samples_/query_catalog_stackoverflow_1gb.csv)
  DB_NAME / DB_USER = stackoverflow_1gb / postgres
  PGPORT            = 5434  (server reports 18.6)
  RUN_ID            = 4EE696488407EA34
  WARMUP            = 1 single-copy warm-ups (the first primes the cache)
  BATCH_SIZES       = 1  x RUNS=1 measured batches each
  WORKERS           = (planner default)
  STATEMENT_TIMEOUT = 300
  THERMAL_EQUALISE  = gate (T_LO=40 T_HI=60 preheat<=60s cooldown<=120s)
  sensors           = pkg:/sys/class/hwmon/hwmon8/temp1_input cores:4 cpufreq:8 throttle:8/8
  WARMUP_FAIL_SKIP  = on (a failed warm-up skips the query's measured batches)
  IDLE_BASELINE_S   = off
  SIGLESS_ADDR      = (disabled)
Found 1 query under queries/stackoverflow/SQLStorm/12697.sql

RAPL: powercap, 1 package, domains: pkg core gpu/uncore dram

[1/1] queries/stackoverflow/SQLStorm/12697.sql (1 warmup + step-up 1 x1)
  warmup 1/1: 22.598343 sec (cache prime)
  N=1   batch 1/1: 21.974069 sec, 1 copy (server sum 21916.879 ms)
  done: 1 size x 1 run (0 failures)

Done. Batch rows appended to logs/so_timeouts/warm_stepup/so_timeouts_300s_20261006T102405Z/query_timing_stackoverflow_1gb.csv
Per-copy samples appended to logs/so_timeouts/warm_stepup/so_timeouts_300s_20261006T102405Z/query_samples_stackoverflow_1gb.csv
Machine identity appended to logs/so_timeouts/warm_stepup/so_timeouts_300s_20261006T102405Z/query_runinfo_stackoverflow_1gb.csv
Last batch ended at epoch 1791289368.099 (PREV_END_EPOCH for the next invocation)
===== [121/363] queries/stackoverflow/SQLStorm/7762.sql run_id=BB39ECA719779443 =====
query_runner configuration:
  QUERY_DIR         = queries/stackoverflow/SQLStorm/7762.sql
  LOGS_DIR          = logs/so_timeouts/warm_stepup/so_timeouts_300s_20261006T102405Z  (query_timing_/query_samples_/query_catalog_stackoverflow_1gb.csv)
  DB_NAME / DB_USER = stackoverflow_1gb / postgres
  PGPORT            = 5434  (server reports 18.6)
  RUN_ID            = BB39ECA719779443
  WARMUP            = 1 single-copy warm-ups (the first primes the cache)
  BATCH_SIZES       = 1  x RUNS=1 measured batches each
  WORKERS           = (planner default)
  STATEMENT_TIMEOUT = 300
  THERMAL_EQUALISE  = gate (T_LO=40 T_HI=60 preheat<=60s cooldown<=120s)
  sensors           = pkg:/sys/class/hwmon/hwmon8/temp1_input cores:4 cpufreq:8 throttle:8/8
  WARMUP_FAIL_SKIP  = on (a failed warm-up skips the query's measured batches)
  IDLE_BASELINE_S   = off
  SIGLESS_ADDR      = (disabled)
Found 1 query under queries/stackoverflow/SQLStorm/7762.sql

RAPL: powercap, 1 package, domains: pkg core gpu/uncore dram

[1/1] queries/stackoverflow/SQLStorm/7762.sql (1 warmup + step-up 1 x1)
  warmup 1/1: 19.304632 sec (cache prime)
  N=1   batch 1/1: 18.344394 sec, 1 copy (server sum 18287.341 ms)
  done: 1 size x 1 run (0 failures)

Done. Batch rows appended to logs/so_timeouts/warm_stepup/so_timeouts_300s_20261006T102405Z/query_timing_stackoverflow_1gb.csv
Per-copy samples appended to logs/so_timeouts/warm_stepup/so_timeouts_300s_20261006T102405Z/query_samples_stackoverflow_1gb.csv
Machine identity appended to logs/so_timeouts/warm_stepup/so_timeouts_300s_20261006T102405Z/query_runinfo_stackoverflow_1gb.csv
Last batch ended at epoch 1791289409.608 (PREV_END_EPOCH for the next invocation)
===== [122/363] queries/stackoverflow/SQLStorm/4923.sql run_id=DA177AA3E4F17513 =====
query_runner configuration:
  QUERY_DIR         = queries/stackoverflow/SQLStorm/4923.sql
  LOGS_DIR          = logs/so_timeouts/warm_stepup/so_timeouts_300s_20261006T102405Z  (query_timing_/query_samples_/query_catalog_stackoverflow_1gb.csv)
  DB_NAME / DB_USER = stackoverflow_1gb / postgres
  PGPORT            = 5434  (server reports 18.6)
  RUN_ID            = DA177AA3E4F17513
  WARMUP            = 1 single-copy warm-ups (the first primes the cache)
  BATCH_SIZES       = 1  x RUNS=1 measured batches each
  WORKERS           = (planner default)
  STATEMENT_TIMEOUT = 300
  THERMAL_EQUALISE  = gate (T_LO=40 T_HI=60 preheat<=60s cooldown<=120s)
  sensors           = pkg:/sys/class/hwmon/hwmon8/temp1_input cores:4 cpufreq:8 throttle:8/8
  WARMUP_FAIL_SKIP  = on (a failed warm-up skips the query's measured batches)
  IDLE_BASELINE_S   = off
  SIGLESS_ADDR      = (disabled)
Found 1 query under queries/stackoverflow/SQLStorm/4923.sql

RAPL: powercap, 1 package, domains: pkg core gpu/uncore dram

[1/1] queries/stackoverflow/SQLStorm/4923.sql (1 warmup + step-up 1 x1)
  warmup 1/1: 16.676883 sec (cache prime)
  N=1   batch 1/1: 15.685420 sec, 1 copy (server sum 15626.567 ms)
  done: 1 size x 1 run (0 failures)

Done. Batch rows appended to logs/so_timeouts/warm_stepup/so_timeouts_300s_20261006T102405Z/query_timing_stackoverflow_1gb.csv
Per-copy samples appended to logs/so_timeouts/warm_stepup/so_timeouts_300s_20261006T102405Z/query_samples_stackoverflow_1gb.csv
Machine identity appended to logs/so_timeouts/warm_stepup/so_timeouts_300s_20261006T102405Z/query_runinfo_stackoverflow_1gb.csv
Last batch ended at epoch 1791289446.027 (PREV_END_EPOCH for the next invocation)
===== [123/363] queries/stackoverflow/SQLStorm/21109.sql run_id=759DB5FB17C2F714 =====
query_runner configuration:
  QUERY_DIR         = queries/stackoverflow/SQLStorm/21109.sql
  LOGS_DIR          = logs/so_timeouts/warm_stepup/so_timeouts_300s_20261006T102405Z  (query_timing_/query_samples_/query_catalog_stackoverflow_1gb.csv)
  DB_NAME / DB_USER = stackoverflow_1gb / postgres
  PGPORT            = 5434  (server reports 18.6)
  RUN_ID            = 759DB5FB17C2F714
  WARMUP            = 1 single-copy warm-ups (the first primes the cache)
  BATCH_SIZES       = 1  x RUNS=1 measured batches each
  WORKERS           = (planner default)
  STATEMENT_TIMEOUT = 300
  THERMAL_EQUALISE  = gate (T_LO=40 T_HI=60 preheat<=60s cooldown<=120s)
  sensors           = pkg:/sys/class/hwmon/hwmon8/temp1_input cores:4 cpufreq:8 throttle:8/8
  WARMUP_FAIL_SKIP  = on (a failed warm-up skips the query's measured batches)
  IDLE_BASELINE_S   = off
  SIGLESS_ADDR      = (disabled)
Found 1 query under queries/stackoverflow/SQLStorm/21109.sql

RAPL: powercap, 1 package, domains: pkg core gpu/uncore dram

[1/1] queries/stackoverflow/SQLStorm/21109.sql (1 warmup + step-up 1 x1)
  thermal gate: waited 2s -> 59.0 C
  warmup 1/1: 36.415775 sec (cache prime)
  N=1   batch 1/1: 35.216551 sec, 1 copy (server sum 35157.190 ms)
  done: 1 size x 1 run (0 failures)

Done. Batch rows appended to logs/so_timeouts/warm_stepup/so_timeouts_300s_20261006T102405Z/query_timing_stackoverflow_1gb.csv
Per-copy samples appended to logs/so_timeouts/warm_stepup/so_timeouts_300s_20261006T102405Z/query_samples_stackoverflow_1gb.csv
Machine identity appended to logs/so_timeouts/warm_stepup/so_timeouts_300s_20261006T102405Z/query_runinfo_stackoverflow_1gb.csv
Last batch ended at epoch 1791289523.306 (PREV_END_EPOCH for the next invocation)
===== [124/363] queries/stackoverflow/SQLStorm/29008.sql run_id=87F7E2575BC6B815 =====
query_runner configuration:
  QUERY_DIR         = queries/stackoverflow/SQLStorm/29008.sql
  LOGS_DIR          = logs/so_timeouts/warm_stepup/so_timeouts_300s_20261006T102405Z  (query_timing_/query_samples_/query_catalog_stackoverflow_1gb.csv)
  DB_NAME / DB_USER = stackoverflow_1gb / postgres
  PGPORT            = 5434  (server reports 18.6)
  RUN_ID            = 87F7E2575BC6B815
  WARMUP            = 1 single-copy warm-ups (the first primes the cache)
  BATCH_SIZES       = 1  x RUNS=1 measured batches each
  WORKERS           = (planner default)
  STATEMENT_TIMEOUT = 300
  THERMAL_EQUALISE  = gate (T_LO=40 T_HI=60 preheat<=60s cooldown<=120s)
  sensors           = pkg:/sys/class/hwmon/hwmon8/temp1_input cores:4 cpufreq:8 throttle:8/8
  WARMUP_FAIL_SKIP  = on (a failed warm-up skips the query's measured batches)
  IDLE_BASELINE_S   = off
  SIGLESS_ADDR      = (disabled)
Found 1 query under queries/stackoverflow/SQLStorm/29008.sql

RAPL: powercap, 1 package, domains: pkg core gpu/uncore dram

[1/1] queries/stackoverflow/SQLStorm/29008.sql (1 warmup + step-up 1 x1)
  warmup 1/1: 16.707288 sec (cache prime)
  N=1   batch 1/1: 15.559323 sec, 1 copy (server sum 15451.197 ms)
  done: 1 size x 1 run (0 failures)

Done. Batch rows appended to logs/so_timeouts/warm_stepup/so_timeouts_300s_20261006T102405Z/query_timing_stackoverflow_1gb.csv
Per-copy samples appended to logs/so_timeouts/warm_stepup/so_timeouts_300s_20261006T102405Z/query_samples_stackoverflow_1gb.csv
Machine identity appended to logs/so_timeouts/warm_stepup/so_timeouts_300s_20261006T102405Z/query_runinfo_stackoverflow_1gb.csv
Last batch ended at epoch 1791289559.658 (PREV_END_EPOCH for the next invocation)
===== [125/363] queries/stackoverflow/SQLStorm/26868.sql run_id=E4AE8D3E4482650C =====
query_runner configuration:
  QUERY_DIR         = queries/stackoverflow/SQLStorm/26868.sql
  LOGS_DIR          = logs/so_timeouts/warm_stepup/so_timeouts_300s_20261006T102405Z  (query_timing_/query_samples_/query_catalog_stackoverflow_1gb.csv)
  DB_NAME / DB_USER = stackoverflow_1gb / postgres
  PGPORT            = 5434  (server reports 18.6)
  RUN_ID            = E4AE8D3E4482650C
  WARMUP            = 1 single-copy warm-ups (the first primes the cache)
  BATCH_SIZES       = 1  x RUNS=1 measured batches each
  WORKERS           = (planner default)
  STATEMENT_TIMEOUT = 300
  THERMAL_EQUALISE  = gate (T_LO=40 T_HI=60 preheat<=60s cooldown<=120s)
  sensors           = pkg:/sys/class/hwmon/hwmon8/temp1_input cores:4 cpufreq:8 throttle:8/8
  WARMUP_FAIL_SKIP  = on (a failed warm-up skips the query's measured batches)
  IDLE_BASELINE_S   = off
  SIGLESS_ADDR      = (disabled)
Found 1 query under queries/stackoverflow/SQLStorm/26868.sql

RAPL: powercap, 1 package, domains: pkg core gpu/uncore dram

[1/1] queries/stackoverflow/SQLStorm/26868.sql (1 warmup + step-up 1 x1)
  thermal gate: waited 2s -> 59.0 C
  warmup 1/1: 23.855264 sec (cache prime)
  N=1   batch 1/1: 22.848354 sec, 1 copy (server sum 22790.316 ms)
  done: 1 size x 1 run (0 failures)

Done. Batch rows appended to logs/so_timeouts/warm_stepup/so_timeouts_300s_20261006T102405Z/query_timing_stackoverflow_1gb.csv
Per-copy samples appended to logs/so_timeouts/warm_stepup/so_timeouts_300s_20261006T102405Z/query_samples_stackoverflow_1gb.csv
Machine identity appended to logs/so_timeouts/warm_stepup/so_timeouts_300s_20261006T102405Z/query_runinfo_stackoverflow_1gb.csv
Last batch ended at epoch 1791289612.405 (PREV_END_EPOCH for the next invocation)
===== [126/363] queries/stackoverflow/SQLStorm/13263.sql run_id=C0E17C8DDB91A242 =====
query_runner configuration:
  QUERY_DIR         = queries/stackoverflow/SQLStorm/13263.sql
  LOGS_DIR          = logs/so_timeouts/warm_stepup/so_timeouts_300s_20261006T102405Z  (query_timing_/query_samples_/query_catalog_stackoverflow_1gb.csv)
  DB_NAME / DB_USER = stackoverflow_1gb / postgres
  PGPORT            = 5434  (server reports 18.6)
  RUN_ID            = C0E17C8DDB91A242
  WARMUP            = 1 single-copy warm-ups (the first primes the cache)
  BATCH_SIZES       = 1  x RUNS=1 measured batches each
  WORKERS           = (planner default)
  STATEMENT_TIMEOUT = 300
  THERMAL_EQUALISE  = gate (T_LO=40 T_HI=60 preheat<=60s cooldown<=120s)
  sensors           = pkg:/sys/class/hwmon/hwmon8/temp1_input cores:4 cpufreq:8 throttle:8/8
  WARMUP_FAIL_SKIP  = on (a failed warm-up skips the query's measured batches)
  IDLE_BASELINE_S   = off
  SIGLESS_ADDR      = (disabled)
Found 1 query under queries/stackoverflow/SQLStorm/13263.sql

RAPL: powercap, 1 package, domains: pkg core gpu/uncore dram

[1/1] queries/stackoverflow/SQLStorm/13263.sql (1 warmup + step-up 1 x1)
  thermal gate: waited 6s -> 60.0 C
  warmup 1/1: 16.099895 sec (cache prime)
  N=1   batch 1/1: 8.248844 sec, 1 copy (server sum 8190.885 ms)
  done: 1 size x 1 run (0 failures)

Done. Batch rows appended to logs/so_timeouts/warm_stepup/so_timeouts_300s_20261006T102405Z/query_timing_stackoverflow_1gb.csv
Per-copy samples appended to logs/so_timeouts/warm_stepup/so_timeouts_300s_20261006T102405Z/query_samples_stackoverflow_1gb.csv
Machine identity appended to logs/so_timeouts/warm_stepup/so_timeouts_300s_20261006T102405Z/query_runinfo_stackoverflow_1gb.csv
Last batch ended at epoch 1791289646.577 (PREV_END_EPOCH for the next invocation)
===== [127/363] queries/stackoverflow/SQLStorm/28124.sql run_id=BF5E6B0D1338D8D2 =====
query_runner configuration:
  QUERY_DIR         = queries/stackoverflow/SQLStorm/28124.sql
  LOGS_DIR          = logs/so_timeouts/warm_stepup/so_timeouts_300s_20261006T102405Z  (query_timing_/query_samples_/query_catalog_stackoverflow_1gb.csv)
  DB_NAME / DB_USER = stackoverflow_1gb / postgres
  PGPORT            = 5434  (server reports 18.6)
  RUN_ID            = BF5E6B0D1338D8D2
  WARMUP            = 1 single-copy warm-ups (the first primes the cache)
  BATCH_SIZES       = 1  x RUNS=1 measured batches each
  WORKERS           = (planner default)
  STATEMENT_TIMEOUT = 300
  THERMAL_EQUALISE  = gate (T_LO=40 T_HI=60 preheat<=60s cooldown<=120s)
  sensors           = pkg:/sys/class/hwmon/hwmon8/temp1_input cores:4 cpufreq:8 throttle:8/8
  WARMUP_FAIL_SKIP  = on (a failed warm-up skips the query's measured batches)
  IDLE_BASELINE_S   = off
  SIGLESS_ADDR      = (disabled)
Found 1 query under queries/stackoverflow/SQLStorm/28124.sql

RAPL: powercap, 1 package, domains: pkg core gpu/uncore dram

[1/1] queries/stackoverflow/SQLStorm/28124.sql (1 warmup + step-up 1 x1)
  warmup 1/1: 16.517332 sec (cache prime)
  N=1   batch 1/1: 15.285076 sec, 1 copy (server sum 15227.320 ms)
  done: 1 size x 1 run (0 failures)

Done. Batch rows appended to logs/so_timeouts/warm_stepup/so_timeouts_300s_20261006T102405Z/query_timing_stackoverflow_1gb.csv
Per-copy samples appended to logs/so_timeouts/warm_stepup/so_timeouts_300s_20261006T102405Z/query_samples_stackoverflow_1gb.csv
Machine identity appended to logs/so_timeouts/warm_stepup/so_timeouts_300s_20261006T102405Z/query_runinfo_stackoverflow_1gb.csv
Last batch ended at epoch 1791289682.380 (PREV_END_EPOCH for the next invocation)
===== [128/363] queries/stackoverflow/SQLStorm/6421.sql run_id=2A4E7F3397636F2D =====
query_runner configuration:
  QUERY_DIR         = queries/stackoverflow/SQLStorm/6421.sql
  LOGS_DIR          = logs/so_timeouts/warm_stepup/so_timeouts_300s_20261006T102405Z  (query_timing_/query_samples_/query_catalog_stackoverflow_1gb.csv)
  DB_NAME / DB_USER = stackoverflow_1gb / postgres
  PGPORT            = 5434  (server reports 18.6)
  RUN_ID            = 2A4E7F3397636F2D
  WARMUP            = 1 single-copy warm-ups (the first primes the cache)
  BATCH_SIZES       = 1  x RUNS=1 measured batches each
  WORKERS           = (planner default)
  STATEMENT_TIMEOUT = 300
  THERMAL_EQUALISE  = gate (T_LO=40 T_HI=60 preheat<=60s cooldown<=120s)
  sensors           = pkg:/sys/class/hwmon/hwmon8/temp1_input cores:4 cpufreq:8 throttle:8/8
  WARMUP_FAIL_SKIP  = on (a failed warm-up skips the query's measured batches)
  IDLE_BASELINE_S   = off
  SIGLESS_ADDR      = (disabled)
Found 1 query under queries/stackoverflow/SQLStorm/6421.sql

RAPL: powercap, 1 package, domains: pkg core gpu/uncore dram

[1/1] queries/stackoverflow/SQLStorm/6421.sql (1 warmup + step-up 1 x1)
  thermal gate: waited 4s -> 60.0 C
  warmup 1/1: 40.010889 sec (cache prime)
  N=1   batch 1/1: 39.527803 sec, 1 copy (server sum 39470.492 ms)
  done: 1 size x 1 run (0 failures)

Done. Batch rows appended to logs/so_timeouts/warm_stepup/so_timeouts_300s_20261006T102405Z/query_timing_stackoverflow_1gb.csv
Per-copy samples appended to logs/so_timeouts/warm_stepup/so_timeouts_300s_20261006T102405Z/query_samples_stackoverflow_1gb.csv
Machine identity appended to logs/so_timeouts/warm_stepup/so_timeouts_300s_20261006T102405Z/query_runinfo_stackoverflow_1gb.csv
Last batch ended at epoch 1791289770.157 (PREV_END_EPOCH for the next invocation)
===== [129/363] queries/stackoverflow/SQLStorm/26420.sql run_id=5D9C1A57D5C86355 =====
query_runner configuration:
  QUERY_DIR         = queries/stackoverflow/SQLStorm/26420.sql
  LOGS_DIR          = logs/so_timeouts/warm_stepup/so_timeouts_300s_20261006T102405Z  (query_timing_/query_samples_/query_catalog_stackoverflow_1gb.csv)
  DB_NAME / DB_USER = stackoverflow_1gb / postgres
  PGPORT            = 5434  (server reports 18.6)
  RUN_ID            = 5D9C1A57D5C86355
  WARMUP            = 1 single-copy warm-ups (the first primes the cache)
  BATCH_SIZES       = 1  x RUNS=1 measured batches each
  WORKERS           = (planner default)
  STATEMENT_TIMEOUT = 300
  THERMAL_EQUALISE  = gate (T_LO=40 T_HI=60 preheat<=60s cooldown<=120s)
  sensors           = pkg:/sys/class/hwmon/hwmon8/temp1_input cores:4 cpufreq:8 throttle:8/8
  WARMUP_FAIL_SKIP  = on (a failed warm-up skips the query's measured batches)
  IDLE_BASELINE_S   = off
  SIGLESS_ADDR      = (disabled)
Found 1 query under queries/stackoverflow/SQLStorm/26420.sql

RAPL: powercap, 1 package, domains: pkg core gpu/uncore dram

[1/1] queries/stackoverflow/SQLStorm/26420.sql (1 warmup + step-up 1 x1)
  warmup 1/1: 17.881435 sec (cache prime)
  N=1   batch 1/1: 15.617807 sec, 1 copy (server sum 15559.841 ms)
  done: 1 size x 1 run (0 failures)

Done. Batch rows appended to logs/so_timeouts/warm_stepup/so_timeouts_300s_20261006T102405Z/query_timing_stackoverflow_1gb.csv
Per-copy samples appended to logs/so_timeouts/warm_stepup/so_timeouts_300s_20261006T102405Z/query_samples_stackoverflow_1gb.csv
Machine identity appended to logs/so_timeouts/warm_stepup/so_timeouts_300s_20261006T102405Z/query_runinfo_stackoverflow_1gb.csv
Last batch ended at epoch 1791289807.383 (PREV_END_EPOCH for the next invocation)
===== [130/363] queries/stackoverflow/SQLStorm/27435.sql run_id=B0F27192BBA2FEED =====
query_runner configuration:
  QUERY_DIR         = queries/stackoverflow/SQLStorm/27435.sql
  LOGS_DIR          = logs/so_timeouts/warm_stepup/so_timeouts_300s_20261006T102405Z  (query_timing_/query_samples_/query_catalog_stackoverflow_1gb.csv)
  DB_NAME / DB_USER = stackoverflow_1gb / postgres
  PGPORT            = 5434  (server reports 18.6)
  RUN_ID            = B0F27192BBA2FEED
  WARMUP            = 1 single-copy warm-ups (the first primes the cache)
  BATCH_SIZES       = 1  x RUNS=1 measured batches each
  WORKERS           = (planner default)
  STATEMENT_TIMEOUT = 300
  THERMAL_EQUALISE  = gate (T_LO=40 T_HI=60 preheat<=60s cooldown<=120s)
  sensors           = pkg:/sys/class/hwmon/hwmon8/temp1_input cores:4 cpufreq:8 throttle:8/8
  WARMUP_FAIL_SKIP  = on (a failed warm-up skips the query's measured batches)
  IDLE_BASELINE_S   = off
  SIGLESS_ADDR      = (disabled)
Found 1 query under queries/stackoverflow/SQLStorm/27435.sql

RAPL: powercap, 1 package, domains: pkg core gpu/uncore dram

[1/1] queries/stackoverflow/SQLStorm/27435.sql (1 warmup + step-up 1 x1)
  thermal gate: waited 2s -> 60.0 C
  warmup 1/1: 19.686600 sec (cache prime)
  N=1   batch 1/1: 18.280892 sec, 1 copy (server sum 18222.940 ms)
  done: 1 size x 1 run (0 failures)

Done. Batch rows appended to logs/so_timeouts/warm_stepup/so_timeouts_300s_20261006T102405Z/query_timing_stackoverflow_1gb.csv
Per-copy samples appended to logs/so_timeouts/warm_stepup/so_timeouts_300s_20261006T102405Z/query_samples_stackoverflow_1gb.csv
Machine identity appended to logs/so_timeouts/warm_stepup/so_timeouts_300s_20261006T102405Z/query_runinfo_stackoverflow_1gb.csv
Last batch ended at epoch 1791289851.606 (PREV_END_EPOCH for the next invocation)
===== [131/363] queries/stackoverflow/SQLStorm/4934.sql run_id=70B483BC3E644242 =====
query_runner configuration:
  QUERY_DIR         = queries/stackoverflow/SQLStorm/4934.sql
  LOGS_DIR          = logs/so_timeouts/warm_stepup/so_timeouts_300s_20261006T102405Z  (query_timing_/query_samples_/query_catalog_stackoverflow_1gb.csv)
  DB_NAME / DB_USER = stackoverflow_1gb / postgres
  PGPORT            = 5434  (server reports 18.6)
  RUN_ID            = 70B483BC3E644242
  WARMUP            = 1 single-copy warm-ups (the first primes the cache)
  BATCH_SIZES       = 1  x RUNS=1 measured batches each
  WORKERS           = (planner default)
  STATEMENT_TIMEOUT = 300
  THERMAL_EQUALISE  = gate (T_LO=40 T_HI=60 preheat<=60s cooldown<=120s)
  sensors           = pkg:/sys/class/hwmon/hwmon8/temp1_input cores:4 cpufreq:8 throttle:8/8
  WARMUP_FAIL_SKIP  = on (a failed warm-up skips the query's measured batches)
  IDLE_BASELINE_S   = off
  SIGLESS_ADDR      = (disabled)
Found 1 query under queries/stackoverflow/SQLStorm/4934.sql

RAPL: powercap, 1 package, domains: pkg core gpu/uncore dram

[1/1] queries/stackoverflow/SQLStorm/4934.sql (1 warmup + step-up 1 x1)
  thermal gate: waited 2s -> 59.0 C
  warmup 1/1: 17.554149 sec (cache prime)
  N=1   batch 1/1: 16.930254 sec, 1 copy (server sum 16868.098 ms)
  done: 1 size x 1 run (0 failures)

Done. Batch rows appended to logs/so_timeouts/warm_stepup/so_timeouts_300s_20261006T102405Z/query_timing_stackoverflow_1gb.csv
Per-copy samples appended to logs/so_timeouts/warm_stepup/so_timeouts_300s_20261006T102405Z/query_samples_stackoverflow_1gb.csv
Machine identity appended to logs/so_timeouts/warm_stepup/so_timeouts_300s_20261006T102405Z/query_runinfo_stackoverflow_1gb.csv
Last batch ended at epoch 1791289892.191 (PREV_END_EPOCH for the next invocation)
===== [132/363] queries/stackoverflow/SQLStorm/8543.sql run_id=0F709438F5F1CCF8 =====
query_runner configuration:
  QUERY_DIR         = queries/stackoverflow/SQLStorm/8543.sql
  LOGS_DIR          = logs/so_timeouts/warm_stepup/so_timeouts_300s_20261006T102405Z  (query_timing_/query_samples_/query_catalog_stackoverflow_1gb.csv)
  DB_NAME / DB_USER = stackoverflow_1gb / postgres
  PGPORT            = 5434  (server reports 18.6)
  RUN_ID            = 0F709438F5F1CCF8
  WARMUP            = 1 single-copy warm-ups (the first primes the cache)
  BATCH_SIZES       = 1  x RUNS=1 measured batches each
  WORKERS           = (planner default)
  STATEMENT_TIMEOUT = 300
  THERMAL_EQUALISE  = gate (T_LO=40 T_HI=60 preheat<=60s cooldown<=120s)
  sensors           = pkg:/sys/class/hwmon/hwmon8/temp1_input cores:4 cpufreq:8 throttle:8/8
  WARMUP_FAIL_SKIP  = on (a failed warm-up skips the query's measured batches)
  IDLE_BASELINE_S   = off
  SIGLESS_ADDR      = (disabled)
Found 1 query under queries/stackoverflow/SQLStorm/8543.sql

RAPL: powercap, 1 package, domains: pkg core gpu/uncore dram

[1/1] queries/stackoverflow/SQLStorm/8543.sql (1 warmup + step-up 1 x1)
  thermal gate: waited 6s -> 59.0 C
  warmup 1/1: 27.082228 sec (cache prime)
  N=1   batch 1/1: 18.426258 sec, 1 copy (server sum 18369.049 ms)
  done: 1 size x 1 run (0 failures)

Done. Batch rows appended to logs/so_timeouts/warm_stepup/so_timeouts_300s_20261006T102405Z/query_timing_stackoverflow_1gb.csv
Per-copy samples appended to logs/so_timeouts/warm_stepup/so_timeouts_300s_20261006T102405Z/query_samples_stackoverflow_1gb.csv
Machine identity appended to logs/so_timeouts/warm_stepup/so_timeouts_300s_20261006T102405Z/query_runinfo_stackoverflow_1gb.csv
Last batch ended at epoch 1791289947.749 (PREV_END_EPOCH for the next invocation)
===== [133/363] queries/stackoverflow/SQLStorm/26510.sql run_id=4F2BD6EE5FB220F4 =====
query_runner configuration:
  QUERY_DIR         = queries/stackoverflow/SQLStorm/26510.sql
  LOGS_DIR          = logs/so_timeouts/warm_stepup/so_timeouts_300s_20261006T102405Z  (query_timing_/query_samples_/query_catalog_stackoverflow_1gb.csv)
  DB_NAME / DB_USER = stackoverflow_1gb / postgres
  PGPORT            = 5434  (server reports 18.6)
  RUN_ID            = 4F2BD6EE5FB220F4
  WARMUP            = 1 single-copy warm-ups (the first primes the cache)
  BATCH_SIZES       = 1  x RUNS=1 measured batches each
  WORKERS           = (planner default)
  STATEMENT_TIMEOUT = 300
  THERMAL_EQUALISE  = gate (T_LO=40 T_HI=60 preheat<=60s cooldown<=120s)
  sensors           = pkg:/sys/class/hwmon/hwmon8/temp1_input cores:4 cpufreq:8 throttle:8/8
  WARMUP_FAIL_SKIP  = on (a failed warm-up skips the query's measured batches)
  IDLE_BASELINE_S   = off
  SIGLESS_ADDR      = (disabled)
Found 1 query under queries/stackoverflow/SQLStorm/26510.sql

RAPL: powercap, 1 package, domains: pkg core gpu/uncore dram

[1/1] queries/stackoverflow/SQLStorm/26510.sql (1 warmup + step-up 1 x1)
  warmup 1/1: 36.562044 sec (cache prime)
  N=1   batch 1/1: 10.968012 sec, 1 copy (server sum 10909.777 ms)
  done: 1 size x 1 run (0 failures)

Done. Batch rows appended to logs/so_timeouts/warm_stepup/so_timeouts_300s_20261006T102405Z/query_timing_stackoverflow_1gb.csv
Per-copy samples appended to logs/so_timeouts/warm_stepup/so_timeouts_300s_20261006T102405Z/query_samples_stackoverflow_1gb.csv
Machine identity appended to logs/so_timeouts/warm_stepup/so_timeouts_300s_20261006T102405Z/query_runinfo_stackoverflow_1gb.csv
Last batch ended at epoch 1791289998.797 (PREV_END_EPOCH for the next invocation)
===== [134/363] queries/stackoverflow/SQLStorm/25060.sql run_id=8DDAE74E422DF9AD =====
query_runner configuration:
  QUERY_DIR         = queries/stackoverflow/SQLStorm/25060.sql
  LOGS_DIR          = logs/so_timeouts/warm_stepup/so_timeouts_300s_20261006T102405Z  (query_timing_/query_samples_/query_catalog_stackoverflow_1gb.csv)
  DB_NAME / DB_USER = stackoverflow_1gb / postgres
  PGPORT            = 5434  (server reports 18.6)
  RUN_ID            = 8DDAE74E422DF9AD
  WARMUP            = 1 single-copy warm-ups (the first primes the cache)
  BATCH_SIZES       = 1  x RUNS=1 measured batches each
  WORKERS           = (planner default)
  STATEMENT_TIMEOUT = 300
  THERMAL_EQUALISE  = gate (T_LO=40 T_HI=60 preheat<=60s cooldown<=120s)
  sensors           = pkg:/sys/class/hwmon/hwmon8/temp1_input cores:4 cpufreq:8 throttle:8/8
  WARMUP_FAIL_SKIP  = on (a failed warm-up skips the query's measured batches)
  IDLE_BASELINE_S   = off
  SIGLESS_ADDR      = (disabled)
Found 1 query under queries/stackoverflow/SQLStorm/25060.sql

RAPL: powercap, 1 package, domains: pkg core gpu/uncore dram

[1/1] queries/stackoverflow/SQLStorm/25060.sql (1 warmup + step-up 1 x1)
  warmup 1/1: 23.950569 sec (cache prime)
  N=1   batch 1/1: 22.994192 sec, 1 copy (server sum 22934.682 ms)
  done: 1 size x 1 run (0 failures)

Done. Batch rows appended to logs/so_timeouts/warm_stepup/so_timeouts_300s_20261006T102405Z/query_timing_stackoverflow_1gb.csv
Per-copy samples appended to logs/so_timeouts/warm_stepup/so_timeouts_300s_20261006T102405Z/query_samples_stackoverflow_1gb.csv
Machine identity appended to logs/so_timeouts/warm_stepup/so_timeouts_300s_20261006T102405Z/query_runinfo_stackoverflow_1gb.csv
Last batch ended at epoch 1791290049.433 (PREV_END_EPOCH for the next invocation)
===== [135/363] queries/stackoverflow/SQLStorm/22180.sql run_id=28AE0833962CC442 =====
query_runner configuration:
  QUERY_DIR         = queries/stackoverflow/SQLStorm/22180.sql
  LOGS_DIR          = logs/so_timeouts/warm_stepup/so_timeouts_300s_20261006T102405Z  (query_timing_/query_samples_/query_catalog_stackoverflow_1gb.csv)
  DB_NAME / DB_USER = stackoverflow_1gb / postgres
  PGPORT            = 5434  (server reports 18.6)
  RUN_ID            = 28AE0833962CC442
  WARMUP            = 1 single-copy warm-ups (the first primes the cache)
  BATCH_SIZES       = 1  x RUNS=1 measured batches each
  WORKERS           = (planner default)
  STATEMENT_TIMEOUT = 300
  THERMAL_EQUALISE  = gate (T_LO=40 T_HI=60 preheat<=60s cooldown<=120s)
  sensors           = pkg:/sys/class/hwmon/hwmon8/temp1_input cores:4 cpufreq:8 throttle:8/8
  WARMUP_FAIL_SKIP  = on (a failed warm-up skips the query's measured batches)
  IDLE_BASELINE_S   = off
  SIGLESS_ADDR      = (disabled)
Found 1 query under queries/stackoverflow/SQLStorm/22180.sql

RAPL: powercap, 1 package, domains: pkg core gpu/uncore dram

[1/1] queries/stackoverflow/SQLStorm/22180.sql (1 warmup + step-up 1 x1)
  thermal gate: waited 8s -> 60.0 C
  warmup 1/1: 33.510134 sec (cache prime)
  N=1   batch 1/1: 32.340796 sec, 1 copy (server sum 32282.034 ms)
  done: 1 size x 1 run (0 failures)

Done. Batch rows appended to logs/so_timeouts/warm_stepup/so_timeouts_300s_20261006T102405Z/query_timing_stackoverflow_1gb.csv
Per-copy samples appended to logs/so_timeouts/warm_stepup/so_timeouts_300s_20261006T102405Z/query_samples_stackoverflow_1gb.csv
Machine identity appended to logs/so_timeouts/warm_stepup/so_timeouts_300s_20261006T102405Z/query_runinfo_stackoverflow_1gb.csv
Last batch ended at epoch 1791290127.106 (PREV_END_EPOCH for the next invocation)
===== [136/363] queries/stackoverflow/SQLStorm/27631.sql run_id=062D5C97227A80CB =====
query_runner configuration:
  QUERY_DIR         = queries/stackoverflow/SQLStorm/27631.sql
  LOGS_DIR          = logs/so_timeouts/warm_stepup/so_timeouts_300s_20261006T102405Z  (query_timing_/query_samples_/query_catalog_stackoverflow_1gb.csv)
  DB_NAME / DB_USER = stackoverflow_1gb / postgres
  PGPORT            = 5434  (server reports 18.6)
  RUN_ID            = 062D5C97227A80CB
  WARMUP            = 1 single-copy warm-ups (the first primes the cache)
  BATCH_SIZES       = 1  x RUNS=1 measured batches each
  WORKERS           = (planner default)
  STATEMENT_TIMEOUT = 300
  THERMAL_EQUALISE  = gate (T_LO=40 T_HI=60 preheat<=60s cooldown<=120s)
  sensors           = pkg:/sys/class/hwmon/hwmon8/temp1_input cores:4 cpufreq:8 throttle:8/8
  WARMUP_FAIL_SKIP  = on (a failed warm-up skips the query's measured batches)
  IDLE_BASELINE_S   = off
  SIGLESS_ADDR      = (disabled)
Found 1 query under queries/stackoverflow/SQLStorm/27631.sql

RAPL: powercap, 1 package, domains: pkg core gpu/uncore dram

[1/1] queries/stackoverflow/SQLStorm/27631.sql (1 warmup + step-up 1 x1)
  warmup 1/1: 18.666627 sec (cache prime)
  N=1   batch 1/1: 19.377022 sec, 1 copy (server sum 19318.971 ms)
  done: 1 size x 1 run (0 failures)

Done. Batch rows appended to logs/so_timeouts/warm_stepup/so_timeouts_300s_20261006T102405Z/query_timing_stackoverflow_1gb.csv
Per-copy samples appended to logs/so_timeouts/warm_stepup/so_timeouts_300s_20261006T102405Z/query_samples_stackoverflow_1gb.csv
Machine identity appended to logs/so_timeouts/warm_stepup/so_timeouts_300s_20261006T102405Z/query_runinfo_stackoverflow_1gb.csv
Last batch ended at epoch 1791290169.024 (PREV_END_EPOCH for the next invocation)
===== [137/363] queries/stackoverflow/SQLStorm/9512.sql run_id=40000948BE46B610 =====
query_runner configuration:
  QUERY_DIR         = queries/stackoverflow/SQLStorm/9512.sql
  LOGS_DIR          = logs/so_timeouts/warm_stepup/so_timeouts_300s_20261006T102405Z  (query_timing_/query_samples_/query_catalog_stackoverflow_1gb.csv)
  DB_NAME / DB_USER = stackoverflow_1gb / postgres
  PGPORT            = 5434  (server reports 18.6)
  RUN_ID            = 40000948BE46B610
  WARMUP            = 1 single-copy warm-ups (the first primes the cache)
  BATCH_SIZES       = 1  x RUNS=1 measured batches each
  WORKERS           = (planner default)
  STATEMENT_TIMEOUT = 300
  THERMAL_EQUALISE  = gate (T_LO=40 T_HI=60 preheat<=60s cooldown<=120s)
  sensors           = pkg:/sys/class/hwmon/hwmon8/temp1_input cores:4 cpufreq:8 throttle:8/8
  WARMUP_FAIL_SKIP  = on (a failed warm-up skips the query's measured batches)
  IDLE_BASELINE_S   = off
  SIGLESS_ADDR      = (disabled)
Found 1 query under queries/stackoverflow/SQLStorm/9512.sql

RAPL: powercap, 1 package, domains: pkg core gpu/uncore dram

[1/1] queries/stackoverflow/SQLStorm/9512.sql (1 warmup + step-up 1 x1)
  warmup 1/1: 43.124684 sec (cache prime)
  N=1   batch 1/1: 42.595619 sec, 1 copy (server sum 42491.000 ms)
  done: 1 size x 1 run (0 failures)

Done. Batch rows appended to logs/so_timeouts/warm_stepup/so_timeouts_300s_20261006T102405Z/query_timing_stackoverflow_1gb.csv
Per-copy samples appended to logs/so_timeouts/warm_stepup/so_timeouts_300s_20261006T102405Z/query_samples_stackoverflow_1gb.csv
Machine identity appended to logs/so_timeouts/warm_stepup/so_timeouts_300s_20261006T102405Z/query_runinfo_stackoverflow_1gb.csv
Last batch ended at epoch 1791290257.885 (PREV_END_EPOCH for the next invocation)
===== [138/363] queries/stackoverflow/SQLStorm/12940.sql run_id=5CCF742A61B7DF46 =====
query_runner configuration:
  QUERY_DIR         = queries/stackoverflow/SQLStorm/12940.sql
  LOGS_DIR          = logs/so_timeouts/warm_stepup/so_timeouts_300s_20261006T102405Z  (query_timing_/query_samples_/query_catalog_stackoverflow_1gb.csv)
  DB_NAME / DB_USER = stackoverflow_1gb / postgres
  PGPORT            = 5434  (server reports 18.6)
  RUN_ID            = 5CCF742A61B7DF46
  WARMUP            = 1 single-copy warm-ups (the first primes the cache)
  BATCH_SIZES       = 1  x RUNS=1 measured batches each
  WORKERS           = (planner default)
  STATEMENT_TIMEOUT = 300
  THERMAL_EQUALISE  = gate (T_LO=40 T_HI=60 preheat<=60s cooldown<=120s)
  sensors           = pkg:/sys/class/hwmon/hwmon8/temp1_input cores:4 cpufreq:8 throttle:8/8
  WARMUP_FAIL_SKIP  = on (a failed warm-up skips the query's measured batches)
  IDLE_BASELINE_S   = off
  SIGLESS_ADDR      = (disabled)
Found 1 query under queries/stackoverflow/SQLStorm/12940.sql

RAPL: powercap, 1 package, domains: pkg core gpu/uncore dram

[1/1] queries/stackoverflow/SQLStorm/12940.sql (1 warmup + step-up 1 x1)
  warmup 1/1: 43.193356 sec (cache prime)
  N=1   batch 1/1: 42.073051 sec, 1 copy (server sum 42015.665 ms)
  done: 1 size x 1 run (0 failures)

Done. Batch rows appended to logs/so_timeouts/warm_stepup/so_timeouts_300s_20261006T102405Z/query_timing_stackoverflow_1gb.csv
Per-copy samples appended to logs/so_timeouts/warm_stepup/so_timeouts_300s_20261006T102405Z/query_samples_stackoverflow_1gb.csv
Machine identity appended to logs/so_timeouts/warm_stepup/so_timeouts_300s_20261006T102405Z/query_runinfo_stackoverflow_1gb.csv
Last batch ended at epoch 1791290346.917 (PREV_END_EPOCH for the next invocation)
===== [139/363] queries/stackoverflow/SQLStorm/27045.sql run_id=40BE7590C0335FD4 =====
query_runner configuration:
  QUERY_DIR         = queries/stackoverflow/SQLStorm/27045.sql
  LOGS_DIR          = logs/so_timeouts/warm_stepup/so_timeouts_300s_20261006T102405Z  (query_timing_/query_samples_/query_catalog_stackoverflow_1gb.csv)
  DB_NAME / DB_USER = stackoverflow_1gb / postgres
  PGPORT            = 5434  (server reports 18.6)
  RUN_ID            = 40BE7590C0335FD4
  WARMUP            = 1 single-copy warm-ups (the first primes the cache)
  BATCH_SIZES       = 1  x RUNS=1 measured batches each
  WORKERS           = (planner default)
  STATEMENT_TIMEOUT = 300
  THERMAL_EQUALISE  = gate (T_LO=40 T_HI=60 preheat<=60s cooldown<=120s)
  sensors           = pkg:/sys/class/hwmon/hwmon8/temp1_input cores:4 cpufreq:8 throttle:8/8
  WARMUP_FAIL_SKIP  = on (a failed warm-up skips the query's measured batches)
  IDLE_BASELINE_S   = off
  SIGLESS_ADDR      = (disabled)
Found 1 query under queries/stackoverflow/SQLStorm/27045.sql

RAPL: powercap, 1 package, domains: pkg core gpu/uncore dram

[1/1] queries/stackoverflow/SQLStorm/27045.sql (1 warmup + step-up 1 x1)
  warmup 1/1: 32.912312 sec (cache prime)
  N=1   batch 1/1: 31.909381 sec, 1 copy (server sum 31850.719 ms)
  done: 1 size x 1 run (0 failures)

Done. Batch rows appended to logs/so_timeouts/warm_stepup/so_timeouts_300s_20261006T102405Z/query_timing_stackoverflow_1gb.csv
Per-copy samples appended to logs/so_timeouts/warm_stepup/so_timeouts_300s_20261006T102405Z/query_samples_stackoverflow_1gb.csv
Machine identity appended to logs/so_timeouts/warm_stepup/so_timeouts_300s_20261006T102405Z/query_runinfo_stackoverflow_1gb.csv
Last batch ended at epoch 1791290415.672 (PREV_END_EPOCH for the next invocation)
===== [140/363] queries/stackoverflow/SQLStorm/32236.sql run_id=AB60BC4054B527AA =====
query_runner configuration:
  QUERY_DIR         = queries/stackoverflow/SQLStorm/32236.sql
  LOGS_DIR          = logs/so_timeouts/warm_stepup/so_timeouts_300s_20261006T102405Z  (query_timing_/query_samples_/query_catalog_stackoverflow_1gb.csv)
  DB_NAME / DB_USER = stackoverflow_1gb / postgres
  PGPORT            = 5434  (server reports 18.6)
  RUN_ID            = AB60BC4054B527AA
  WARMUP            = 1 single-copy warm-ups (the first primes the cache)
  BATCH_SIZES       = 1  x RUNS=1 measured batches each
  WORKERS           = (planner default)
  STATEMENT_TIMEOUT = 300
  THERMAL_EQUALISE  = gate (T_LO=40 T_HI=60 preheat<=60s cooldown<=120s)
  sensors           = pkg:/sys/class/hwmon/hwmon8/temp1_input cores:4 cpufreq:8 throttle:8/8
  WARMUP_FAIL_SKIP  = on (a failed warm-up skips the query's measured batches)
  IDLE_BASELINE_S   = off
  SIGLESS_ADDR      = (disabled)
Found 1 query under queries/stackoverflow/SQLStorm/32236.sql

RAPL: powercap, 1 package, domains: pkg core gpu/uncore dram

[1/1] queries/stackoverflow/SQLStorm/32236.sql (1 warmup + step-up 1 x1)
  warmup 1/1: 30.046140 sec (cache prime)
  N=1   batch 1/1: 28.941123 sec, 1 copy (server sum 28882.375 ms)
  done: 1 size x 1 run (0 failures)

Done. Batch rows appended to logs/so_timeouts/warm_stepup/so_timeouts_300s_20261006T102405Z/query_timing_stackoverflow_1gb.csv
Per-copy samples appended to logs/so_timeouts/warm_stepup/so_timeouts_300s_20261006T102405Z/query_samples_stackoverflow_1gb.csv
Machine identity appended to logs/so_timeouts/warm_stepup/so_timeouts_300s_20261006T102405Z/query_runinfo_stackoverflow_1gb.csv
Last batch ended at epoch 1791290478.424 (PREV_END_EPOCH for the next invocation)
===== [141/363] queries/stackoverflow/SQLStorm/13705.sql run_id=F3946ACF02B0EC27 =====
query_runner configuration:
  QUERY_DIR         = queries/stackoverflow/SQLStorm/13705.sql
  LOGS_DIR          = logs/so_timeouts/warm_stepup/so_timeouts_300s_20261006T102405Z  (query_timing_/query_samples_/query_catalog_stackoverflow_1gb.csv)
  DB_NAME / DB_USER = stackoverflow_1gb / postgres
  PGPORT            = 5434  (server reports 18.6)
  RUN_ID            = F3946ACF02B0EC27
  WARMUP            = 1 single-copy warm-ups (the first primes the cache)
  BATCH_SIZES       = 1  x RUNS=1 measured batches each
  WORKERS           = (planner default)
  STATEMENT_TIMEOUT = 300
  THERMAL_EQUALISE  = gate (T_LO=40 T_HI=60 preheat<=60s cooldown<=120s)
  sensors           = pkg:/sys/class/hwmon/hwmon8/temp1_input cores:4 cpufreq:8 throttle:8/8
  WARMUP_FAIL_SKIP  = on (a failed warm-up skips the query's measured batches)
  IDLE_BASELINE_S   = off
  SIGLESS_ADDR      = (disabled)
Found 1 query under queries/stackoverflow/SQLStorm/13705.sql

RAPL: powercap, 1 package, domains: pkg core gpu/uncore dram

[1/1] queries/stackoverflow/SQLStorm/13705.sql (1 warmup + step-up 1 x1)
  warmup 1/1: 18.799946 sec (cache prime)
  N=1   batch 1/1: 18.997445 sec, 1 copy (server sum 18938.047 ms)
  done: 1 size x 1 run (0 failures)

Done. Batch rows appended to logs/so_timeouts/warm_stepup/so_timeouts_300s_20261006T102405Z/query_timing_stackoverflow_1gb.csv
Per-copy samples appended to logs/so_timeouts/warm_stepup/so_timeouts_300s_20261006T102405Z/query_samples_stackoverflow_1gb.csv
Machine identity appended to logs/so_timeouts/warm_stepup/so_timeouts_300s_20261006T102405Z/query_runinfo_stackoverflow_1gb.csv
Last batch ended at epoch 1791290520.003 (PREV_END_EPOCH for the next invocation)
===== [142/363] queries/stackoverflow/SQLStorm/25861.sql run_id=C984999AEB40B726 =====
query_runner configuration:
  QUERY_DIR         = queries/stackoverflow/SQLStorm/25861.sql
  LOGS_DIR          = logs/so_timeouts/warm_stepup/so_timeouts_300s_20261006T102405Z  (query_timing_/query_samples_/query_catalog_stackoverflow_1gb.csv)
  DB_NAME / DB_USER = stackoverflow_1gb / postgres
  PGPORT            = 5434  (server reports 18.6)
  RUN_ID            = C984999AEB40B726
  WARMUP            = 1 single-copy warm-ups (the first primes the cache)
  BATCH_SIZES       = 1  x RUNS=1 measured batches each
  WORKERS           = (planner default)
  STATEMENT_TIMEOUT = 300
  THERMAL_EQUALISE  = gate (T_LO=40 T_HI=60 preheat<=60s cooldown<=120s)
  sensors           = pkg:/sys/class/hwmon/hwmon8/temp1_input cores:4 cpufreq:8 throttle:8/8
  WARMUP_FAIL_SKIP  = on (a failed warm-up skips the query's measured batches)
  IDLE_BASELINE_S   = off
  SIGLESS_ADDR      = (disabled)
Found 1 query under queries/stackoverflow/SQLStorm/25861.sql

RAPL: powercap, 1 package, domains: pkg core gpu/uncore dram

[1/1] queries/stackoverflow/SQLStorm/25861.sql (1 warmup + step-up 1 x1)
  warmup 1/1: 38.366250 sec (cache prime)
  N=1   batch 1/1: 38.084985 sec, 1 copy (server sum 38026.096 ms)
  done: 1 size x 1 run (0 failures)

Done. Batch rows appended to logs/so_timeouts/warm_stepup/so_timeouts_300s_20261006T102405Z/query_timing_stackoverflow_1gb.csv
Per-copy samples appended to logs/so_timeouts/warm_stepup/so_timeouts_300s_20261006T102405Z/query_samples_stackoverflow_1gb.csv
Machine identity appended to logs/so_timeouts/warm_stepup/so_timeouts_300s_20261006T102405Z/query_runinfo_stackoverflow_1gb.csv
Last batch ended at epoch 1791290599.651 (PREV_END_EPOCH for the next invocation)
===== [143/363] queries/stackoverflow/SQLStorm/26702.sql run_id=37AF39661AC8532B =====
query_runner configuration:
  QUERY_DIR         = queries/stackoverflow/SQLStorm/26702.sql
  LOGS_DIR          = logs/so_timeouts/warm_stepup/so_timeouts_300s_20261006T102405Z  (query_timing_/query_samples_/query_catalog_stackoverflow_1gb.csv)
  DB_NAME / DB_USER = stackoverflow_1gb / postgres
  PGPORT            = 5434  (server reports 18.6)
  RUN_ID            = 37AF39661AC8532B
  WARMUP            = 1 single-copy warm-ups (the first primes the cache)
  BATCH_SIZES       = 1  x RUNS=1 measured batches each
  WORKERS           = (planner default)
  STATEMENT_TIMEOUT = 300
  THERMAL_EQUALISE  = gate (T_LO=40 T_HI=60 preheat<=60s cooldown<=120s)
  sensors           = pkg:/sys/class/hwmon/hwmon8/temp1_input cores:4 cpufreq:8 throttle:8/8
  WARMUP_FAIL_SKIP  = on (a failed warm-up skips the query's measured batches)
  IDLE_BASELINE_S   = off
  SIGLESS_ADDR      = (disabled)
Found 1 query under queries/stackoverflow/SQLStorm/26702.sql

RAPL: powercap, 1 package, domains: pkg core gpu/uncore dram

[1/1] queries/stackoverflow/SQLStorm/26702.sql (1 warmup + step-up 1 x1)
  warmup 1/1: 17.559506 sec (cache prime)
  N=1   batch 1/1: 16.749158 sec, 1 copy (server sum 16691.140 ms)
  done: 1 size x 1 run (0 failures)

Done. Batch rows appended to logs/so_timeouts/warm_stepup/so_timeouts_300s_20261006T102405Z/query_timing_stackoverflow_1gb.csv
Per-copy samples appended to logs/so_timeouts/warm_stepup/so_timeouts_300s_20261006T102405Z/query_samples_stackoverflow_1gb.csv
Machine identity appended to logs/so_timeouts/warm_stepup/so_timeouts_300s_20261006T102405Z/query_runinfo_stackoverflow_1gb.csv
Last batch ended at epoch 1791290637.580 (PREV_END_EPOCH for the next invocation)
===== [144/363] queries/stackoverflow/SQLStorm/5626.sql run_id=46AAF0BA3603DB3E =====
query_runner configuration:
  QUERY_DIR         = queries/stackoverflow/SQLStorm/5626.sql
  LOGS_DIR          = logs/so_timeouts/warm_stepup/so_timeouts_300s_20261006T102405Z  (query_timing_/query_samples_/query_catalog_stackoverflow_1gb.csv)
  DB_NAME / DB_USER = stackoverflow_1gb / postgres
  PGPORT            = 5434  (server reports 18.6)
  RUN_ID            = 46AAF0BA3603DB3E
  WARMUP            = 1 single-copy warm-ups (the first primes the cache)
  BATCH_SIZES       = 1  x RUNS=1 measured batches each
  WORKERS           = (planner default)
  STATEMENT_TIMEOUT = 300
  THERMAL_EQUALISE  = gate (T_LO=40 T_HI=60 preheat<=60s cooldown<=120s)
  sensors           = pkg:/sys/class/hwmon/hwmon8/temp1_input cores:4 cpufreq:8 throttle:8/8
  WARMUP_FAIL_SKIP  = on (a failed warm-up skips the query's measured batches)
  IDLE_BASELINE_S   = off
  SIGLESS_ADDR      = (disabled)
Found 1 query under queries/stackoverflow/SQLStorm/5626.sql

RAPL: powercap, 1 package, domains: pkg core gpu/uncore dram

[1/1] queries/stackoverflow/SQLStorm/5626.sql (1 warmup + step-up 1 x1)
  thermal gate: waited 2s -> 58.0 C
  warmup 1/1: 23.511177 sec (cache prime)
  N=1   batch 1/1: 22.791435 sec, 1 copy (server sum 22733.995 ms)
  done: 1 size x 1 run (0 failures)

Done. Batch rows appended to logs/so_timeouts/warm_stepup/so_timeouts_300s_20261006T102405Z/query_timing_stackoverflow_1gb.csv
Per-copy samples appended to logs/so_timeouts/warm_stepup/so_timeouts_300s_20261006T102405Z/query_samples_stackoverflow_1gb.csv
Machine identity appended to logs/so_timeouts/warm_stepup/so_timeouts_300s_20261006T102405Z/query_runinfo_stackoverflow_1gb.csv
Last batch ended at epoch 1791290689.749 (PREV_END_EPOCH for the next invocation)
===== [145/363] queries/stackoverflow/SQLStorm/10944.sql run_id=D34E3AFF58BCEC36 =====
query_runner configuration:
  QUERY_DIR         = queries/stackoverflow/SQLStorm/10944.sql
  LOGS_DIR          = logs/so_timeouts/warm_stepup/so_timeouts_300s_20261006T102405Z  (query_timing_/query_samples_/query_catalog_stackoverflow_1gb.csv)
  DB_NAME / DB_USER = stackoverflow_1gb / postgres
  PGPORT            = 5434  (server reports 18.6)
  RUN_ID            = D34E3AFF58BCEC36
  WARMUP            = 1 single-copy warm-ups (the first primes the cache)
  BATCH_SIZES       = 1  x RUNS=1 measured batches each
  WORKERS           = (planner default)
  STATEMENT_TIMEOUT = 300
  THERMAL_EQUALISE  = gate (T_LO=40 T_HI=60 preheat<=60s cooldown<=120s)
  sensors           = pkg:/sys/class/hwmon/hwmon8/temp1_input cores:4 cpufreq:8 throttle:8/8
  WARMUP_FAIL_SKIP  = on (a failed warm-up skips the query's measured batches)
  IDLE_BASELINE_S   = off
  SIGLESS_ADDR      = (disabled)
Found 1 query under queries/stackoverflow/SQLStorm/10944.sql

RAPL: powercap, 1 package, domains: pkg core gpu/uncore dram

[1/1] queries/stackoverflow/SQLStorm/10944.sql (1 warmup + step-up 1 x1)
  thermal gate: waited 8s -> 59.0 C
  warmup 1/1: 44.196082 sec (cache prime)
  N=1   batch 1/1: 43.859153 sec, 1 copy (server sum 43801.906 ms)
  done: 1 size x 1 run (0 failures)

Done. Batch rows appended to logs/so_timeouts/warm_stepup/so_timeouts_300s_20261006T102405Z/query_timing_stackoverflow_1gb.csv
Per-copy samples appended to logs/so_timeouts/warm_stepup/so_timeouts_300s_20261006T102405Z/query_samples_stackoverflow_1gb.csv
Machine identity appended to logs/so_timeouts/warm_stepup/so_timeouts_300s_20261006T102405Z/query_runinfo_stackoverflow_1gb.csv
Last batch ended at epoch 1791290789.656 (PREV_END_EPOCH for the next invocation)
===== [146/363] queries/stackoverflow/SQLStorm/3055.sql run_id=8D1EFEAF1A1358B3 =====
query_runner configuration:
  QUERY_DIR         = queries/stackoverflow/SQLStorm/3055.sql
  LOGS_DIR          = logs/so_timeouts/warm_stepup/so_timeouts_300s_20261006T102405Z  (query_timing_/query_samples_/query_catalog_stackoverflow_1gb.csv)
  DB_NAME / DB_USER = stackoverflow_1gb / postgres
  PGPORT            = 5434  (server reports 18.6)
  RUN_ID            = 8D1EFEAF1A1358B3
  WARMUP            = 1 single-copy warm-ups (the first primes the cache)
  BATCH_SIZES       = 1  x RUNS=1 measured batches each
  WORKERS           = (planner default)
  STATEMENT_TIMEOUT = 300
  THERMAL_EQUALISE  = gate (T_LO=40 T_HI=60 preheat<=60s cooldown<=120s)
  sensors           = pkg:/sys/class/hwmon/hwmon8/temp1_input cores:4 cpufreq:8 throttle:8/8
  WARMUP_FAIL_SKIP  = on (a failed warm-up skips the query's measured batches)
  IDLE_BASELINE_S   = off
  SIGLESS_ADDR      = (disabled)
Found 1 query under queries/stackoverflow/SQLStorm/3055.sql

RAPL: powercap, 1 package, domains: pkg core gpu/uncore dram

[1/1] queries/stackoverflow/SQLStorm/3055.sql (1 warmup + step-up 1 x1)
  warmup 1/1: 17.284936 sec (cache prime)
  N=1   batch 1/1: 16.427060 sec, 1 copy (server sum 16369.568 ms)
  done: 1 size x 1 run (0 failures)

Done. Batch rows appended to logs/so_timeouts/warm_stepup/so_timeouts_300s_20261006T102405Z/query_timing_stackoverflow_1gb.csv
Per-copy samples appended to logs/so_timeouts/warm_stepup/so_timeouts_300s_20261006T102405Z/query_samples_stackoverflow_1gb.csv
Machine identity appended to logs/so_timeouts/warm_stepup/so_timeouts_300s_20261006T102405Z/query_runinfo_stackoverflow_1gb.csv
Last batch ended at epoch 1791290827.272 (PREV_END_EPOCH for the next invocation)
===== [147/363] queries/stackoverflow/SQLStorm/26704.sql run_id=A41E332D8D001067 =====
query_runner configuration:
  QUERY_DIR         = queries/stackoverflow/SQLStorm/26704.sql
  LOGS_DIR          = logs/so_timeouts/warm_stepup/so_timeouts_300s_20261006T102405Z  (query_timing_/query_samples_/query_catalog_stackoverflow_1gb.csv)
  DB_NAME / DB_USER = stackoverflow_1gb / postgres
  PGPORT            = 5434  (server reports 18.6)
  RUN_ID            = A41E332D8D001067
  WARMUP            = 1 single-copy warm-ups (the first primes the cache)
  BATCH_SIZES       = 1  x RUNS=1 measured batches each
  WORKERS           = (planner default)
  STATEMENT_TIMEOUT = 300
  THERMAL_EQUALISE  = gate (T_LO=40 T_HI=60 preheat<=60s cooldown<=120s)
  sensors           = pkg:/sys/class/hwmon/hwmon8/temp1_input cores:4 cpufreq:8 throttle:8/8
  WARMUP_FAIL_SKIP  = on (a failed warm-up skips the query's measured batches)
  IDLE_BASELINE_S   = off
  SIGLESS_ADDR      = (disabled)
Found 1 query under queries/stackoverflow/SQLStorm/26704.sql

RAPL: powercap, 1 package, domains: pkg core gpu/uncore dram

[1/1] queries/stackoverflow/SQLStorm/26704.sql (1 warmup + step-up 1 x1)
  thermal gate: waited 2s -> 59.0 C
  warmup 1/1: 49.447996 sec (cache prime)
  N=1   batch 1/1: 50.829590 sec, 1 copy (server sum 50772.215 ms)
  done: 1 size x 1 run (0 failures)

Done. Batch rows appended to logs/so_timeouts/warm_stepup/so_timeouts_300s_20261006T102405Z/query_timing_stackoverflow_1gb.csv
Per-copy samples appended to logs/so_timeouts/warm_stepup/so_timeouts_300s_20261006T102405Z/query_samples_stackoverflow_1gb.csv
Machine identity appended to logs/so_timeouts/warm_stepup/so_timeouts_300s_20261006T102405Z/query_runinfo_stackoverflow_1gb.csv
Last batch ended at epoch 1791290933.323 (PREV_END_EPOCH for the next invocation)
===== [148/363] queries/stackoverflow/SQLStorm/3302.sql run_id=9D586142D8EA14AF =====
query_runner configuration:
  QUERY_DIR         = queries/stackoverflow/SQLStorm/3302.sql
  LOGS_DIR          = logs/so_timeouts/warm_stepup/so_timeouts_300s_20261006T102405Z  (query_timing_/query_samples_/query_catalog_stackoverflow_1gb.csv)
  DB_NAME / DB_USER = stackoverflow_1gb / postgres
  PGPORT            = 5434  (server reports 18.6)
  RUN_ID            = 9D586142D8EA14AF
  WARMUP            = 1 single-copy warm-ups (the first primes the cache)
  BATCH_SIZES       = 1  x RUNS=1 measured batches each
  WORKERS           = (planner default)
  STATEMENT_TIMEOUT = 300
  THERMAL_EQUALISE  = gate (T_LO=40 T_HI=60 preheat<=60s cooldown<=120s)
  sensors           = pkg:/sys/class/hwmon/hwmon8/temp1_input cores:4 cpufreq:8 throttle:8/8
  WARMUP_FAIL_SKIP  = on (a failed warm-up skips the query's measured batches)
  IDLE_BASELINE_S   = off
  SIGLESS_ADDR      = (disabled)
Found 1 query under queries/stackoverflow/SQLStorm/3302.sql

RAPL: powercap, 1 package, domains: pkg core gpu/uncore dram

[1/1] queries/stackoverflow/SQLStorm/3302.sql (1 warmup + step-up 1 x1)
  thermal gate: waited 4s -> 60.0 C
  warmup 1/1: 16.172671 sec (cache prime)
  N=1   batch 1/1: 15.295868 sec, 1 copy (server sum 15186.839 ms)
  done: 1 size x 1 run (0 failures)

Done. Batch rows appended to logs/so_timeouts/warm_stepup/so_timeouts_300s_20261006T102405Z/query_timing_stackoverflow_1gb.csv
Per-copy samples appended to logs/so_timeouts/warm_stepup/so_timeouts_300s_20261006T102405Z/query_samples_stackoverflow_1gb.csv
Machine identity appended to logs/so_timeouts/warm_stepup/so_timeouts_300s_20261006T102405Z/query_runinfo_stackoverflow_1gb.csv
Last batch ended at epoch 1791290972.634 (PREV_END_EPOCH for the next invocation)
===== [149/363] queries/stackoverflow/SQLStorm/3737.sql run_id=8320A6ABAE5DBB29 =====
query_runner configuration:
  QUERY_DIR         = queries/stackoverflow/SQLStorm/3737.sql
  LOGS_DIR          = logs/so_timeouts/warm_stepup/so_timeouts_300s_20261006T102405Z  (query_timing_/query_samples_/query_catalog_stackoverflow_1gb.csv)
  DB_NAME / DB_USER = stackoverflow_1gb / postgres
  PGPORT            = 5434  (server reports 18.6)
  RUN_ID            = 8320A6ABAE5DBB29
  WARMUP            = 1 single-copy warm-ups (the first primes the cache)
  BATCH_SIZES       = 1  x RUNS=1 measured batches each
  WORKERS           = (planner default)
  STATEMENT_TIMEOUT = 300
  THERMAL_EQUALISE  = gate (T_LO=40 T_HI=60 preheat<=60s cooldown<=120s)
  sensors           = pkg:/sys/class/hwmon/hwmon8/temp1_input cores:4 cpufreq:8 throttle:8/8
  WARMUP_FAIL_SKIP  = on (a failed warm-up skips the query's measured batches)
  IDLE_BASELINE_S   = off
  SIGLESS_ADDR      = (disabled)
Found 1 query under queries/stackoverflow/SQLStorm/3737.sql

RAPL: powercap, 1 package, domains: pkg core gpu/uncore dram

[1/1] queries/stackoverflow/SQLStorm/3737.sql (1 warmup + step-up 1 x1)
  thermal gate: waited 6s -> 60.0 C
  warmup 1/1: 38.187970 sec (cache prime)
  N=1   batch 1/1: 37.378098 sec, 1 copy (server sum 37320.231 ms)
  done: 1 size x 1 run (0 failures)

Done. Batch rows appended to logs/so_timeouts/warm_stepup/so_timeouts_300s_20261006T102405Z/query_timing_stackoverflow_1gb.csv
Per-copy samples appended to logs/so_timeouts/warm_stepup/so_timeouts_300s_20261006T102405Z/query_samples_stackoverflow_1gb.csv
Machine identity appended to logs/so_timeouts/warm_stepup/so_timeouts_300s_20261006T102405Z/query_runinfo_stackoverflow_1gb.csv
Last batch ended at epoch 1791291058.147 (PREV_END_EPOCH for the next invocation)
===== [150/363] queries/stackoverflow/SQLStorm/6939.sql run_id=585C478622DB997B =====
query_runner configuration:
  QUERY_DIR         = queries/stackoverflow/SQLStorm/6939.sql
  LOGS_DIR          = logs/so_timeouts/warm_stepup/so_timeouts_300s_20261006T102405Z  (query_timing_/query_samples_/query_catalog_stackoverflow_1gb.csv)
  DB_NAME / DB_USER = stackoverflow_1gb / postgres
  PGPORT            = 5434  (server reports 18.6)
  RUN_ID            = 585C478622DB997B
  WARMUP            = 1 single-copy warm-ups (the first primes the cache)
  BATCH_SIZES       = 1  x RUNS=1 measured batches each
  WORKERS           = (planner default)
  STATEMENT_TIMEOUT = 300
  THERMAL_EQUALISE  = gate (T_LO=40 T_HI=60 preheat<=60s cooldown<=120s)
  sensors           = pkg:/sys/class/hwmon/hwmon8/temp1_input cores:4 cpufreq:8 throttle:8/8
  WARMUP_FAIL_SKIP  = on (a failed warm-up skips the query's measured batches)
  IDLE_BASELINE_S   = off
  SIGLESS_ADDR      = (disabled)
Found 1 query under queries/stackoverflow/SQLStorm/6939.sql

RAPL: powercap, 1 package, domains: pkg core gpu/uncore dram

[1/1] queries/stackoverflow/SQLStorm/6939.sql (1 warmup + step-up 1 x1)
  warmup 1/1: 38.940032 sec (cache prime)
  N=1   batch 1/1: 38.387226 sec, 1 copy (server sum 38329.518 ms)
  done: 1 size x 1 run (0 failures)

Done. Batch rows appended to logs/so_timeouts/warm_stepup/so_timeouts_300s_20261006T102405Z/query_timing_stackoverflow_1gb.csv
Per-copy samples appended to logs/so_timeouts/warm_stepup/so_timeouts_300s_20261006T102405Z/query_samples_stackoverflow_1gb.csv
Machine identity appended to logs/so_timeouts/warm_stepup/so_timeouts_300s_20261006T102405Z/query_runinfo_stackoverflow_1gb.csv
Last batch ended at epoch 1791291139.076 (PREV_END_EPOCH for the next invocation)
===== [151/363] queries/stackoverflow/SQLStorm/9611.sql run_id=5F5685B7C33C488F =====
query_runner configuration:
  QUERY_DIR         = queries/stackoverflow/SQLStorm/9611.sql
  LOGS_DIR          = logs/so_timeouts/warm_stepup/so_timeouts_300s_20261006T102405Z  (query_timing_/query_samples_/query_catalog_stackoverflow_1gb.csv)
  DB_NAME / DB_USER = stackoverflow_1gb / postgres
  PGPORT            = 5434  (server reports 18.6)
  RUN_ID            = 5F5685B7C33C488F
  WARMUP            = 1 single-copy warm-ups (the first primes the cache)
  BATCH_SIZES       = 1  x RUNS=1 measured batches each
  WORKERS           = (planner default)
  STATEMENT_TIMEOUT = 300
  THERMAL_EQUALISE  = gate (T_LO=40 T_HI=60 preheat<=60s cooldown<=120s)
  sensors           = pkg:/sys/class/hwmon/hwmon8/temp1_input cores:4 cpufreq:8 throttle:8/8
  WARMUP_FAIL_SKIP  = on (a failed warm-up skips the query's measured batches)
  IDLE_BASELINE_S   = off
  SIGLESS_ADDR      = (disabled)
Found 1 query under queries/stackoverflow/SQLStorm/9611.sql

RAPL: powercap, 1 package, domains: pkg core gpu/uncore dram

[1/1] queries/stackoverflow/SQLStorm/9611.sql (1 warmup + step-up 1 x1)
  warmup 1/1: 32.973428 sec (cache prime)
  N=1   batch 1/1: 31.753255 sec, 1 copy (server sum 31694.779 ms)
  done: 1 size x 1 run (0 failures)

Done. Batch rows appended to logs/so_timeouts/warm_stepup/so_timeouts_300s_20261006T102405Z/query_timing_stackoverflow_1gb.csv
Per-copy samples appended to logs/so_timeouts/warm_stepup/so_timeouts_300s_20261006T102405Z/query_samples_stackoverflow_1gb.csv
Machine identity appended to logs/so_timeouts/warm_stepup/so_timeouts_300s_20261006T102405Z/query_runinfo_stackoverflow_1gb.csv
Last batch ended at epoch 1791291207.593 (PREV_END_EPOCH for the next invocation)
===== [152/363] queries/stackoverflow/SQLStorm/29993.sql run_id=4813D4BBA3F04430 =====
query_runner configuration:
  QUERY_DIR         = queries/stackoverflow/SQLStorm/29993.sql
  LOGS_DIR          = logs/so_timeouts/warm_stepup/so_timeouts_300s_20261006T102405Z  (query_timing_/query_samples_/query_catalog_stackoverflow_1gb.csv)
  DB_NAME / DB_USER = stackoverflow_1gb / postgres
  PGPORT            = 5434  (server reports 18.6)
  RUN_ID            = 4813D4BBA3F04430
  WARMUP            = 1 single-copy warm-ups (the first primes the cache)
  BATCH_SIZES       = 1  x RUNS=1 measured batches each
  WORKERS           = (planner default)
  STATEMENT_TIMEOUT = 300
  THERMAL_EQUALISE  = gate (T_LO=40 T_HI=60 preheat<=60s cooldown<=120s)
  sensors           = pkg:/sys/class/hwmon/hwmon8/temp1_input cores:4 cpufreq:8 throttle:8/8
  WARMUP_FAIL_SKIP  = on (a failed warm-up skips the query's measured batches)
  IDLE_BASELINE_S   = off
  SIGLESS_ADDR      = (disabled)
Found 1 query under queries/stackoverflow/SQLStorm/29993.sql

RAPL: powercap, 1 package, domains: pkg core gpu/uncore dram

[1/1] queries/stackoverflow/SQLStorm/29993.sql (1 warmup + step-up 1 x1)
  warmup 1/1: 17.880892 sec (cache prime)
  N=1   batch 1/1: 16.154028 sec, 1 copy (server sum 16095.834 ms)
  done: 1 size x 1 run (0 failures)

Done. Batch rows appended to logs/so_timeouts/warm_stepup/so_timeouts_300s_20261006T102405Z/query_timing_stackoverflow_1gb.csv
Per-copy samples appended to logs/so_timeouts/warm_stepup/so_timeouts_300s_20261006T102405Z/query_samples_stackoverflow_1gb.csv
Machine identity appended to logs/so_timeouts/warm_stepup/so_timeouts_300s_20261006T102405Z/query_runinfo_stackoverflow_1gb.csv
Last batch ended at epoch 1791291245.806 (PREV_END_EPOCH for the next invocation)
===== [153/363] queries/stackoverflow/SQLStorm/22945.sql run_id=447EF1820011631E =====
query_runner configuration:
  QUERY_DIR         = queries/stackoverflow/SQLStorm/22945.sql
  LOGS_DIR          = logs/so_timeouts/warm_stepup/so_timeouts_300s_20261006T102405Z  (query_timing_/query_samples_/query_catalog_stackoverflow_1gb.csv)
  DB_NAME / DB_USER = stackoverflow_1gb / postgres
  PGPORT            = 5434  (server reports 18.6)
  RUN_ID            = 447EF1820011631E
  WARMUP            = 1 single-copy warm-ups (the first primes the cache)
  BATCH_SIZES       = 1  x RUNS=1 measured batches each
  WORKERS           = (planner default)
  STATEMENT_TIMEOUT = 300
  THERMAL_EQUALISE  = gate (T_LO=40 T_HI=60 preheat<=60s cooldown<=120s)
  sensors           = pkg:/sys/class/hwmon/hwmon8/temp1_input cores:4 cpufreq:8 throttle:8/8
  WARMUP_FAIL_SKIP  = on (a failed warm-up skips the query's measured batches)
  IDLE_BASELINE_S   = off
  SIGLESS_ADDR      = (disabled)
Found 1 query under queries/stackoverflow/SQLStorm/22945.sql

RAPL: powercap, 1 package, domains: pkg core gpu/uncore dram

[1/1] queries/stackoverflow/SQLStorm/22945.sql (1 warmup + step-up 1 x1)
  thermal gate: waited 2s -> 59.0 C
  warmup 1/1: 24.865832 sec (cache prime)
  N=1   batch 1/1: 23.447447 sec, 1 copy (server sum 23388.047 ms)
  done: 1 size x 1 run (0 failures)

Done. Batch rows appended to logs/so_timeouts/warm_stepup/so_timeouts_300s_20261006T102405Z/query_timing_stackoverflow_1gb.csv
Per-copy samples appended to logs/so_timeouts/warm_stepup/so_timeouts_300s_20261006T102405Z/query_samples_stackoverflow_1gb.csv
Machine identity appended to logs/so_timeouts/warm_stepup/so_timeouts_300s_20261006T102405Z/query_runinfo_stackoverflow_1gb.csv
Last batch ended at epoch 1791291300.176 (PREV_END_EPOCH for the next invocation)
===== [154/363] queries/stackoverflow/SQLStorm/3472.sql run_id=929DE1C30886B06C =====
query_runner configuration:
  QUERY_DIR         = queries/stackoverflow/SQLStorm/3472.sql
  LOGS_DIR          = logs/so_timeouts/warm_stepup/so_timeouts_300s_20261006T102405Z  (query_timing_/query_samples_/query_catalog_stackoverflow_1gb.csv)
  DB_NAME / DB_USER = stackoverflow_1gb / postgres
  PGPORT            = 5434  (server reports 18.6)
  RUN_ID            = 929DE1C30886B06C
  WARMUP            = 1 single-copy warm-ups (the first primes the cache)
  BATCH_SIZES       = 1  x RUNS=1 measured batches each
  WORKERS           = (planner default)
  STATEMENT_TIMEOUT = 300
  THERMAL_EQUALISE  = gate (T_LO=40 T_HI=60 preheat<=60s cooldown<=120s)
  sensors           = pkg:/sys/class/hwmon/hwmon8/temp1_input cores:4 cpufreq:8 throttle:8/8
  WARMUP_FAIL_SKIP  = on (a failed warm-up skips the query's measured batches)
  IDLE_BASELINE_S   = off
  SIGLESS_ADDR      = (disabled)
Found 1 query under queries/stackoverflow/SQLStorm/3472.sql

RAPL: powercap, 1 package, domains: pkg core gpu/uncore dram

[1/1] queries/stackoverflow/SQLStorm/3472.sql (1 warmup + step-up 1 x1)
  thermal gate: waited 8s -> 60.0 C
  warmup 1/1: 32.665428 sec (cache prime)
  N=1   batch 1/1: 31.960473 sec, 1 copy (server sum 31902.583 ms)
  done: 1 size x 1 run (0 failures)

Done. Batch rows appended to logs/so_timeouts/warm_stepup/so_timeouts_300s_20261006T102405Z/query_timing_stackoverflow_1gb.csv
Per-copy samples appended to logs/so_timeouts/warm_stepup/so_timeouts_300s_20261006T102405Z/query_samples_stackoverflow_1gb.csv
Machine identity appended to logs/so_timeouts/warm_stepup/so_timeouts_300s_20261006T102405Z/query_runinfo_stackoverflow_1gb.csv
Last batch ended at epoch 1791291376.883 (PREV_END_EPOCH for the next invocation)
===== [155/363] queries/stackoverflow/SQLStorm/7954.sql run_id=E16800E5B31D3E8F =====
query_runner configuration:
  QUERY_DIR         = queries/stackoverflow/SQLStorm/7954.sql
  LOGS_DIR          = logs/so_timeouts/warm_stepup/so_timeouts_300s_20261006T102405Z  (query_timing_/query_samples_/query_catalog_stackoverflow_1gb.csv)
  DB_NAME / DB_USER = stackoverflow_1gb / postgres
  PGPORT            = 5434  (server reports 18.6)
  RUN_ID            = E16800E5B31D3E8F
  WARMUP            = 1 single-copy warm-ups (the first primes the cache)
  BATCH_SIZES       = 1  x RUNS=1 measured batches each
  WORKERS           = (planner default)
  STATEMENT_TIMEOUT = 300
  THERMAL_EQUALISE  = gate (T_LO=40 T_HI=60 preheat<=60s cooldown<=120s)
  sensors           = pkg:/sys/class/hwmon/hwmon8/temp1_input cores:4 cpufreq:8 throttle:8/8
  WARMUP_FAIL_SKIP  = on (a failed warm-up skips the query's measured batches)
  IDLE_BASELINE_S   = off
  SIGLESS_ADDR      = (disabled)
Found 1 query under queries/stackoverflow/SQLStorm/7954.sql

RAPL: powercap, 1 package, domains: pkg core gpu/uncore dram

[1/1] queries/stackoverflow/SQLStorm/7954.sql (1 warmup + step-up 1 x1)
  warmup 1/1: 27.499523 sec (cache prime)
  N=1   batch 1/1: 18.450395 sec, 1 copy (server sum 18391.966 ms)
  done: 1 size x 1 run (0 failures)

Done. Batch rows appended to logs/so_timeouts/warm_stepup/so_timeouts_300s_20261006T102405Z/query_timing_stackoverflow_1gb.csv
Per-copy samples appended to logs/so_timeouts/warm_stepup/so_timeouts_300s_20261006T102405Z/query_samples_stackoverflow_1gb.csv
Machine identity appended to logs/so_timeouts/warm_stepup/so_timeouts_300s_20261006T102405Z/query_runinfo_stackoverflow_1gb.csv
Last batch ended at epoch 1791291426.828 (PREV_END_EPOCH for the next invocation)
===== [156/363] queries/stackoverflow/SQLStorm/8972.sql run_id=8E9E9B7A62A52E63 =====
query_runner configuration:
  QUERY_DIR         = queries/stackoverflow/SQLStorm/8972.sql
  LOGS_DIR          = logs/so_timeouts/warm_stepup/so_timeouts_300s_20261006T102405Z  (query_timing_/query_samples_/query_catalog_stackoverflow_1gb.csv)
  DB_NAME / DB_USER = stackoverflow_1gb / postgres
  PGPORT            = 5434  (server reports 18.6)
  RUN_ID            = 8E9E9B7A62A52E63
  WARMUP            = 1 single-copy warm-ups (the first primes the cache)
  BATCH_SIZES       = 1  x RUNS=1 measured batches each
  WORKERS           = (planner default)
  STATEMENT_TIMEOUT = 300
  THERMAL_EQUALISE  = gate (T_LO=40 T_HI=60 preheat<=60s cooldown<=120s)
  sensors           = pkg:/sys/class/hwmon/hwmon8/temp1_input cores:4 cpufreq:8 throttle:8/8
  WARMUP_FAIL_SKIP  = on (a failed warm-up skips the query's measured batches)
  IDLE_BASELINE_S   = off
  SIGLESS_ADDR      = (disabled)
Found 1 query under queries/stackoverflow/SQLStorm/8972.sql

RAPL: powercap, 1 package, domains: pkg core gpu/uncore dram

[1/1] queries/stackoverflow/SQLStorm/8972.sql (1 warmup + step-up 1 x1)
  warmup 1/1: 24.489600 sec (cache prime)
  N=1   batch 1/1: 23.063286 sec, 1 copy (server sum 23004.451 ms)
  done: 1 size x 1 run (0 failures)

Done. Batch rows appended to logs/so_timeouts/warm_stepup/so_timeouts_300s_20261006T102405Z/query_timing_stackoverflow_1gb.csv
Per-copy samples appended to logs/so_timeouts/warm_stepup/so_timeouts_300s_20261006T102405Z/query_samples_stackoverflow_1gb.csv
Machine identity appended to logs/so_timeouts/warm_stepup/so_timeouts_300s_20261006T102405Z/query_runinfo_stackoverflow_1gb.csv
Last batch ended at epoch 1791291478.367 (PREV_END_EPOCH for the next invocation)
===== [157/363] queries/stackoverflow/SQLStorm/13960.sql run_id=A9E93BB967B25C5B =====
query_runner configuration:
  QUERY_DIR         = queries/stackoverflow/SQLStorm/13960.sql
  LOGS_DIR          = logs/so_timeouts/warm_stepup/so_timeouts_300s_20261006T102405Z  (query_timing_/query_samples_/query_catalog_stackoverflow_1gb.csv)
  DB_NAME / DB_USER = stackoverflow_1gb / postgres
  PGPORT            = 5434  (server reports 18.6)
  RUN_ID            = A9E93BB967B25C5B
  WARMUP            = 1 single-copy warm-ups (the first primes the cache)
  BATCH_SIZES       = 1  x RUNS=1 measured batches each
  WORKERS           = (planner default)
  STATEMENT_TIMEOUT = 300
  THERMAL_EQUALISE  = gate (T_LO=40 T_HI=60 preheat<=60s cooldown<=120s)
  sensors           = pkg:/sys/class/hwmon/hwmon8/temp1_input cores:4 cpufreq:8 throttle:8/8
  WARMUP_FAIL_SKIP  = on (a failed warm-up skips the query's measured batches)
  IDLE_BASELINE_S   = off
  SIGLESS_ADDR      = (disabled)
Found 1 query under queries/stackoverflow/SQLStorm/13960.sql

RAPL: powercap, 1 package, domains: pkg core gpu/uncore dram

[1/1] queries/stackoverflow/SQLStorm/13960.sql (1 warmup + step-up 1 x1)
  thermal gate: waited 6s -> 60.0 C
  warmup 1/1: 22.876843 sec (cache prime)
  N=1   batch 1/1: 22.009179 sec, 1 copy (server sum 21952.174 ms)
  done: 1 size x 1 run (0 failures)

Done. Batch rows appended to logs/so_timeouts/warm_stepup/so_timeouts_300s_20261006T102405Z/query_timing_stackoverflow_1gb.csv
Per-copy samples appended to logs/so_timeouts/warm_stepup/so_timeouts_300s_20261006T102405Z/query_samples_stackoverflow_1gb.csv
Machine identity appended to logs/so_timeouts/warm_stepup/so_timeouts_300s_20261006T102405Z/query_runinfo_stackoverflow_1gb.csv
Last batch ended at epoch 1791291533.197 (PREV_END_EPOCH for the next invocation)
===== [158/363] queries/stackoverflow/SQLStorm/23846.sql run_id=EAF524208EA39741 =====
query_runner configuration:
  QUERY_DIR         = queries/stackoverflow/SQLStorm/23846.sql
  LOGS_DIR          = logs/so_timeouts/warm_stepup/so_timeouts_300s_20261006T102405Z  (query_timing_/query_samples_/query_catalog_stackoverflow_1gb.csv)
  DB_NAME / DB_USER = stackoverflow_1gb / postgres
  PGPORT            = 5434  (server reports 18.6)
  RUN_ID            = EAF524208EA39741
  WARMUP            = 1 single-copy warm-ups (the first primes the cache)
  BATCH_SIZES       = 1  x RUNS=1 measured batches each
  WORKERS           = (planner default)
  STATEMENT_TIMEOUT = 300
  THERMAL_EQUALISE  = gate (T_LO=40 T_HI=60 preheat<=60s cooldown<=120s)
  sensors           = pkg:/sys/class/hwmon/hwmon8/temp1_input cores:4 cpufreq:8 throttle:8/8
  WARMUP_FAIL_SKIP  = on (a failed warm-up skips the query's measured batches)
  IDLE_BASELINE_S   = off
  SIGLESS_ADDR      = (disabled)
Found 1 query under queries/stackoverflow/SQLStorm/23846.sql

RAPL: powercap, 1 package, domains: pkg core gpu/uncore dram

[1/1] queries/stackoverflow/SQLStorm/23846.sql (1 warmup + step-up 1 x1)
  warmup 1/1: 22.511079 sec (cache prime)
  N=1   batch 1/1: 18.262412 sec, 1 copy (server sum 18203.294 ms)
  done: 1 size x 1 run (0 failures)

Done. Batch rows appended to logs/so_timeouts/warm_stepup/so_timeouts_300s_20261006T102405Z/query_timing_stackoverflow_1gb.csv
Per-copy samples appended to logs/so_timeouts/warm_stepup/so_timeouts_300s_20261006T102405Z/query_samples_stackoverflow_1gb.csv
Machine identity appended to logs/so_timeouts/warm_stepup/so_timeouts_300s_20261006T102405Z/query_runinfo_stackoverflow_1gb.csv
Last batch ended at epoch 1791291577.936 (PREV_END_EPOCH for the next invocation)
===== [159/363] queries/stackoverflow/SQLStorm/29675.sql run_id=57CB4AB85B5FA08B =====
query_runner configuration:
  QUERY_DIR         = queries/stackoverflow/SQLStorm/29675.sql
  LOGS_DIR          = logs/so_timeouts/warm_stepup/so_timeouts_300s_20261006T102405Z  (query_timing_/query_samples_/query_catalog_stackoverflow_1gb.csv)
  DB_NAME / DB_USER = stackoverflow_1gb / postgres
  PGPORT            = 5434  (server reports 18.6)
  RUN_ID            = 57CB4AB85B5FA08B
  WARMUP            = 1 single-copy warm-ups (the first primes the cache)
  BATCH_SIZES       = 1  x RUNS=1 measured batches each
  WORKERS           = (planner default)
  STATEMENT_TIMEOUT = 300
  THERMAL_EQUALISE  = gate (T_LO=40 T_HI=60 preheat<=60s cooldown<=120s)
  sensors           = pkg:/sys/class/hwmon/hwmon8/temp1_input cores:4 cpufreq:8 throttle:8/8
  WARMUP_FAIL_SKIP  = on (a failed warm-up skips the query's measured batches)
  IDLE_BASELINE_S   = off
  SIGLESS_ADDR      = (disabled)
Found 1 query under queries/stackoverflow/SQLStorm/29675.sql

RAPL: powercap, 1 package, domains: pkg core gpu/uncore dram

[1/1] queries/stackoverflow/SQLStorm/29675.sql (1 warmup + step-up 1 x1)
  warmup 1/1: 19.185141 sec (cache prime)
  N=1   batch 1/1: 18.323048 sec, 1 copy (server sum 18265.348 ms)
  done: 1 size x 1 run (0 failures)

Done. Batch rows appended to logs/so_timeouts/warm_stepup/so_timeouts_300s_20261006T102405Z/query_timing_stackoverflow_1gb.csv
Per-copy samples appended to logs/so_timeouts/warm_stepup/so_timeouts_300s_20261006T102405Z/query_samples_stackoverflow_1gb.csv
Machine identity appended to logs/so_timeouts/warm_stepup/so_timeouts_300s_20261006T102405Z/query_runinfo_stackoverflow_1gb.csv
Last batch ended at epoch 1791291619.485 (PREV_END_EPOCH for the next invocation)
===== [160/363] queries/stackoverflow/SQLStorm/33982.sql run_id=7064B1ACB8C1E4A7 =====
query_runner configuration:
  QUERY_DIR         = queries/stackoverflow/SQLStorm/33982.sql
  LOGS_DIR          = logs/so_timeouts/warm_stepup/so_timeouts_300s_20261006T102405Z  (query_timing_/query_samples_/query_catalog_stackoverflow_1gb.csv)
  DB_NAME / DB_USER = stackoverflow_1gb / postgres
  PGPORT            = 5434  (server reports 18.6)
  RUN_ID            = 7064B1ACB8C1E4A7
  WARMUP            = 1 single-copy warm-ups (the first primes the cache)
  BATCH_SIZES       = 1  x RUNS=1 measured batches each
  WORKERS           = (planner default)
  STATEMENT_TIMEOUT = 300
  THERMAL_EQUALISE  = gate (T_LO=40 T_HI=60 preheat<=60s cooldown<=120s)
  sensors           = pkg:/sys/class/hwmon/hwmon8/temp1_input cores:4 cpufreq:8 throttle:8/8
  WARMUP_FAIL_SKIP  = on (a failed warm-up skips the query's measured batches)
  IDLE_BASELINE_S   = off
  SIGLESS_ADDR      = (disabled)
Found 1 query under queries/stackoverflow/SQLStorm/33982.sql

RAPL: powercap, 1 package, domains: pkg core gpu/uncore dram

[1/1] queries/stackoverflow/SQLStorm/33982.sql (1 warmup + step-up 1 x1)
  thermal gate: waited 2s -> 59.0 C
  warmup 1/1: 15.044192 sec (cache prime)
  N=1   batch 1/1: 14.538301 sec, 1 copy (server sum 14480.608 ms)
  done: 1 size x 1 run (0 failures)

Done. Batch rows appended to logs/so_timeouts/warm_stepup/so_timeouts_300s_20261006T102405Z/query_timing_stackoverflow_1gb.csv
Per-copy samples appended to logs/so_timeouts/warm_stepup/so_timeouts_300s_20261006T102405Z/query_samples_stackoverflow_1gb.csv
Machine identity appended to logs/so_timeouts/warm_stepup/so_timeouts_300s_20261006T102405Z/query_runinfo_stackoverflow_1gb.csv
Last batch ended at epoch 1791291655.001 (PREV_END_EPOCH for the next invocation)
===== [161/363] queries/stackoverflow/SQLStorm/5318.sql run_id=23C2D896B443C6BB =====
query_runner configuration:
  QUERY_DIR         = queries/stackoverflow/SQLStorm/5318.sql
  LOGS_DIR          = logs/so_timeouts/warm_stepup/so_timeouts_300s_20261006T102405Z  (query_timing_/query_samples_/query_catalog_stackoverflow_1gb.csv)
  DB_NAME / DB_USER = stackoverflow_1gb / postgres
  PGPORT            = 5434  (server reports 18.6)
  RUN_ID            = 23C2D896B443C6BB
  WARMUP            = 1 single-copy warm-ups (the first primes the cache)
  BATCH_SIZES       = 1  x RUNS=1 measured batches each
  WORKERS           = (planner default)
  STATEMENT_TIMEOUT = 300
  THERMAL_EQUALISE  = gate (T_LO=40 T_HI=60 preheat<=60s cooldown<=120s)
  sensors           = pkg:/sys/class/hwmon/hwmon8/temp1_input cores:4 cpufreq:8 throttle:8/8
  WARMUP_FAIL_SKIP  = on (a failed warm-up skips the query's measured batches)
  IDLE_BASELINE_S   = off
  SIGLESS_ADDR      = (disabled)
Found 1 query under queries/stackoverflow/SQLStorm/5318.sql

RAPL: powercap, 1 package, domains: pkg core gpu/uncore dram

[1/1] queries/stackoverflow/SQLStorm/5318.sql (1 warmup + step-up 1 x1)
  warmup 1/1: 38.401639 sec (cache prime)
  N=1   batch 1/1: 37.696333 sec, 1 copy (server sum 37638.452 ms)
  done: 1 size x 1 run (0 failures)

Done. Batch rows appended to logs/so_timeouts/warm_stepup/so_timeouts_300s_20261006T102405Z/query_timing_stackoverflow_1gb.csv
Per-copy samples appended to logs/so_timeouts/warm_stepup/so_timeouts_300s_20261006T102405Z/query_samples_stackoverflow_1gb.csv
Machine identity appended to logs/so_timeouts/warm_stepup/so_timeouts_300s_20261006T102405Z/query_runinfo_stackoverflow_1gb.csv
Last batch ended at epoch 1791291735.008 (PREV_END_EPOCH for the next invocation)
===== [162/363] queries/stackoverflow/SQLStorm/4517.sql run_id=8B6B2C28CEA88752 =====
query_runner configuration:
  QUERY_DIR         = queries/stackoverflow/SQLStorm/4517.sql
  LOGS_DIR          = logs/so_timeouts/warm_stepup/so_timeouts_300s_20261006T102405Z  (query_timing_/query_samples_/query_catalog_stackoverflow_1gb.csv)
  DB_NAME / DB_USER = stackoverflow_1gb / postgres
  PGPORT            = 5434  (server reports 18.6)
  RUN_ID            = 8B6B2C28CEA88752
  WARMUP            = 1 single-copy warm-ups (the first primes the cache)
  BATCH_SIZES       = 1  x RUNS=1 measured batches each
  WORKERS           = (planner default)
  STATEMENT_TIMEOUT = 300
  THERMAL_EQUALISE  = gate (T_LO=40 T_HI=60 preheat<=60s cooldown<=120s)
  sensors           = pkg:/sys/class/hwmon/hwmon8/temp1_input cores:4 cpufreq:8 throttle:8/8
  WARMUP_FAIL_SKIP  = on (a failed warm-up skips the query's measured batches)
  IDLE_BASELINE_S   = off
  SIGLESS_ADDR      = (disabled)
Found 1 query under queries/stackoverflow/SQLStorm/4517.sql

RAPL: powercap, 1 package, domains: pkg core gpu/uncore dram

[1/1] queries/stackoverflow/SQLStorm/4517.sql (1 warmup + step-up 1 x1)
  warmup 1/1: 24.277806 sec (cache prime)
  N=1   batch 1/1: 23.335912 sec, 1 copy (server sum 23277.514 ms)
  done: 1 size x 1 run (0 failures)

Done. Batch rows appended to logs/so_timeouts/warm_stepup/so_timeouts_300s_20261006T102405Z/query_timing_stackoverflow_1gb.csv
Per-copy samples appended to logs/so_timeouts/warm_stepup/so_timeouts_300s_20261006T102405Z/query_samples_stackoverflow_1gb.csv
Machine identity appended to logs/so_timeouts/warm_stepup/so_timeouts_300s_20261006T102405Z/query_runinfo_stackoverflow_1gb.csv
Last batch ended at epoch 1791291786.810 (PREV_END_EPOCH for the next invocation)
===== [163/363] queries/stackoverflow/SQLStorm/13160.sql run_id=422E83771EF91794 =====
query_runner configuration:
  QUERY_DIR         = queries/stackoverflow/SQLStorm/13160.sql
  LOGS_DIR          = logs/so_timeouts/warm_stepup/so_timeouts_300s_20261006T102405Z  (query_timing_/query_samples_/query_catalog_stackoverflow_1gb.csv)
  DB_NAME / DB_USER = stackoverflow_1gb / postgres
  PGPORT            = 5434  (server reports 18.6)
  RUN_ID            = 422E83771EF91794
  WARMUP            = 1 single-copy warm-ups (the first primes the cache)
  BATCH_SIZES       = 1  x RUNS=1 measured batches each
  WORKERS           = (planner default)
  STATEMENT_TIMEOUT = 300
  THERMAL_EQUALISE  = gate (T_LO=40 T_HI=60 preheat<=60s cooldown<=120s)
  sensors           = pkg:/sys/class/hwmon/hwmon8/temp1_input cores:4 cpufreq:8 throttle:8/8
  WARMUP_FAIL_SKIP  = on (a failed warm-up skips the query's measured batches)
  IDLE_BASELINE_S   = off
  SIGLESS_ADDR      = (disabled)
Found 1 query under queries/stackoverflow/SQLStorm/13160.sql

RAPL: powercap, 1 package, domains: pkg core gpu/uncore dram

[1/1] queries/stackoverflow/SQLStorm/13160.sql (1 warmup + step-up 1 x1)
  warmup 1/1: 17.173300 sec (cache prime)
  N=1   batch 1/1: 16.497853 sec, 1 copy (server sum 16440.534 ms)
  done: 1 size x 1 run (0 failures)

Done. Batch rows appended to logs/so_timeouts/warm_stepup/so_timeouts_300s_20261006T102405Z/query_timing_stackoverflow_1gb.csv
Per-copy samples appended to logs/so_timeouts/warm_stepup/so_timeouts_300s_20261006T102405Z/query_samples_stackoverflow_1gb.csv
Machine identity appended to logs/so_timeouts/warm_stepup/so_timeouts_300s_20261006T102405Z/query_runinfo_stackoverflow_1gb.csv
Last batch ended at epoch 1791291824.540 (PREV_END_EPOCH for the next invocation)
===== [164/363] queries/stackoverflow/SQLStorm/33306.sql run_id=540BB94FCCDCACE7 =====
query_runner configuration:
  QUERY_DIR         = queries/stackoverflow/SQLStorm/33306.sql
  LOGS_DIR          = logs/so_timeouts/warm_stepup/so_timeouts_300s_20261006T102405Z  (query_timing_/query_samples_/query_catalog_stackoverflow_1gb.csv)
  DB_NAME / DB_USER = stackoverflow_1gb / postgres
  PGPORT            = 5434  (server reports 18.6)
  RUN_ID            = 540BB94FCCDCACE7
  WARMUP            = 1 single-copy warm-ups (the first primes the cache)
  BATCH_SIZES       = 1  x RUNS=1 measured batches each
  WORKERS           = (planner default)
  STATEMENT_TIMEOUT = 300
  THERMAL_EQUALISE  = gate (T_LO=40 T_HI=60 preheat<=60s cooldown<=120s)
  sensors           = pkg:/sys/class/hwmon/hwmon8/temp1_input cores:4 cpufreq:8 throttle:8/8
  WARMUP_FAIL_SKIP  = on (a failed warm-up skips the query's measured batches)
  IDLE_BASELINE_S   = off
  SIGLESS_ADDR      = (disabled)
Found 1 query under queries/stackoverflow/SQLStorm/33306.sql

RAPL: powercap, 1 package, domains: pkg core gpu/uncore dram

[1/1] queries/stackoverflow/SQLStorm/33306.sql (1 warmup + step-up 1 x1)
  thermal gate: waited 2s -> 58.0 C
  warmup 1/1: 39.593467 sec (cache prime)
  N=1   batch 1/1: 19.398617 sec, 1 copy (server sum 19339.949 ms)
  done: 1 size x 1 run (0 failures)

Done. Batch rows appended to logs/so_timeouts/warm_stepup/so_timeouts_300s_20261006T102405Z/query_timing_stackoverflow_1gb.csv
Per-copy samples appended to logs/so_timeouts/warm_stepup/so_timeouts_300s_20261006T102405Z/query_samples_stackoverflow_1gb.csv
Machine identity appended to logs/so_timeouts/warm_stepup/so_timeouts_300s_20261006T102405Z/query_runinfo_stackoverflow_1gb.csv
Last batch ended at epoch 1791291888.774 (PREV_END_EPOCH for the next invocation)
===== [165/363] queries/stackoverflow/SQLStorm/10364.sql run_id=B1E0D1DBF8EC7260 =====
query_runner configuration:
  QUERY_DIR         = queries/stackoverflow/SQLStorm/10364.sql
  LOGS_DIR          = logs/so_timeouts/warm_stepup/so_timeouts_300s_20261006T102405Z  (query_timing_/query_samples_/query_catalog_stackoverflow_1gb.csv)
  DB_NAME / DB_USER = stackoverflow_1gb / postgres
  PGPORT            = 5434  (server reports 18.6)
  RUN_ID            = B1E0D1DBF8EC7260
  WARMUP            = 1 single-copy warm-ups (the first primes the cache)
  BATCH_SIZES       = 1  x RUNS=1 measured batches each
  WORKERS           = (planner default)
  STATEMENT_TIMEOUT = 300
  THERMAL_EQUALISE  = gate (T_LO=40 T_HI=60 preheat<=60s cooldown<=120s)
  sensors           = pkg:/sys/class/hwmon/hwmon8/temp1_input cores:4 cpufreq:8 throttle:8/8
  WARMUP_FAIL_SKIP  = on (a failed warm-up skips the query's measured batches)
  IDLE_BASELINE_S   = off
  SIGLESS_ADDR      = (disabled)
Found 1 query under queries/stackoverflow/SQLStorm/10364.sql

RAPL: powercap, 1 package, domains: pkg core gpu/uncore dram

[1/1] queries/stackoverflow/SQLStorm/10364.sql (1 warmup + step-up 1 x1)
  warmup 1/1: 21.320053 sec (cache prime)
  N=1   batch 1/1: 20.141488 sec, 1 copy (server sum 20083.853 ms)
  done: 1 size x 1 run (0 failures)

Done. Batch rows appended to logs/so_timeouts/warm_stepup/so_timeouts_300s_20261006T102405Z/query_timing_stackoverflow_1gb.csv
Per-copy samples appended to logs/so_timeouts/warm_stepup/so_timeouts_300s_20261006T102405Z/query_samples_stackoverflow_1gb.csv
Machine identity appended to logs/so_timeouts/warm_stepup/so_timeouts_300s_20261006T102405Z/query_runinfo_stackoverflow_1gb.csv
Last batch ended at epoch 1791291934.338 (PREV_END_EPOCH for the next invocation)
===== [166/363] queries/stackoverflow/SQLStorm/6962.sql run_id=0BB9866143C4CE01 =====
query_runner configuration:
  QUERY_DIR         = queries/stackoverflow/SQLStorm/6962.sql
  LOGS_DIR          = logs/so_timeouts/warm_stepup/so_timeouts_300s_20261006T102405Z  (query_timing_/query_samples_/query_catalog_stackoverflow_1gb.csv)
  DB_NAME / DB_USER = stackoverflow_1gb / postgres
  PGPORT            = 5434  (server reports 18.6)
  RUN_ID            = 0BB9866143C4CE01
  WARMUP            = 1 single-copy warm-ups (the first primes the cache)
  BATCH_SIZES       = 1  x RUNS=1 measured batches each
  WORKERS           = (planner default)
  STATEMENT_TIMEOUT = 300
  THERMAL_EQUALISE  = gate (T_LO=40 T_HI=60 preheat<=60s cooldown<=120s)
  sensors           = pkg:/sys/class/hwmon/hwmon8/temp1_input cores:4 cpufreq:8 throttle:8/8
  WARMUP_FAIL_SKIP  = on (a failed warm-up skips the query's measured batches)
  IDLE_BASELINE_S   = off
  SIGLESS_ADDR      = (disabled)
Found 1 query under queries/stackoverflow/SQLStorm/6962.sql

RAPL: powercap, 1 package, domains: pkg core gpu/uncore dram

[1/1] queries/stackoverflow/SQLStorm/6962.sql (1 warmup + step-up 1 x1)
  warmup 1/1: 43.913160 sec (cache prime)
  N=1   batch 1/1: 42.808145 sec, 1 copy (server sum 42750.887 ms)
  done: 1 size x 1 run (0 failures)

Done. Batch rows appended to logs/so_timeouts/warm_stepup/so_timeouts_300s_20261006T102405Z/query_timing_stackoverflow_1gb.csv
Per-copy samples appended to logs/so_timeouts/warm_stepup/so_timeouts_300s_20261006T102405Z/query_samples_stackoverflow_1gb.csv
Machine identity appended to logs/so_timeouts/warm_stepup/so_timeouts_300s_20261006T102405Z/query_runinfo_stackoverflow_1gb.csv
Last batch ended at epoch 1791292025.002 (PREV_END_EPOCH for the next invocation)
===== [167/363] queries/stackoverflow/SQLStorm/26835.sql run_id=6E746B9D2003A405 =====
query_runner configuration:
  QUERY_DIR         = queries/stackoverflow/SQLStorm/26835.sql
  LOGS_DIR          = logs/so_timeouts/warm_stepup/so_timeouts_300s_20261006T102405Z  (query_timing_/query_samples_/query_catalog_stackoverflow_1gb.csv)
  DB_NAME / DB_USER = stackoverflow_1gb / postgres
  PGPORT            = 5434  (server reports 18.6)
  RUN_ID            = 6E746B9D2003A405
  WARMUP            = 1 single-copy warm-ups (the first primes the cache)
  BATCH_SIZES       = 1  x RUNS=1 measured batches each
  WORKERS           = (planner default)
  STATEMENT_TIMEOUT = 300
  THERMAL_EQUALISE  = gate (T_LO=40 T_HI=60 preheat<=60s cooldown<=120s)
  sensors           = pkg:/sys/class/hwmon/hwmon8/temp1_input cores:4 cpufreq:8 throttle:8/8
  WARMUP_FAIL_SKIP  = on (a failed warm-up skips the query's measured batches)
  IDLE_BASELINE_S   = off
  SIGLESS_ADDR      = (disabled)
Found 1 query under queries/stackoverflow/SQLStorm/26835.sql

RAPL: powercap, 1 package, domains: pkg core gpu/uncore dram

[1/1] queries/stackoverflow/SQLStorm/26835.sql (1 warmup + step-up 1 x1)
  warmup 1/1: 17.350044 sec (cache prime)
  N=1   batch 1/1: 16.415425 sec, 1 copy (server sum 16356.319 ms)
  done: 1 size x 1 run (0 failures)

Done. Batch rows appended to logs/so_timeouts/warm_stepup/so_timeouts_300s_20261006T102405Z/query_timing_stackoverflow_1gb.csv
Per-copy samples appended to logs/so_timeouts/warm_stepup/so_timeouts_300s_20261006T102405Z/query_samples_stackoverflow_1gb.csv
Machine identity appended to logs/so_timeouts/warm_stepup/so_timeouts_300s_20261006T102405Z/query_runinfo_stackoverflow_1gb.csv
Last batch ended at epoch 1791292062.463 (PREV_END_EPOCH for the next invocation)
===== [168/363] queries/stackoverflow/SQLStorm/12119.sql run_id=6970D6C14BCB2BEA =====
query_runner configuration:
  QUERY_DIR         = queries/stackoverflow/SQLStorm/12119.sql
  LOGS_DIR          = logs/so_timeouts/warm_stepup/so_timeouts_300s_20261006T102405Z  (query_timing_/query_samples_/query_catalog_stackoverflow_1gb.csv)
  DB_NAME / DB_USER = stackoverflow_1gb / postgres
  PGPORT            = 5434  (server reports 18.6)
  RUN_ID            = 6970D6C14BCB2BEA
  WARMUP            = 1 single-copy warm-ups (the first primes the cache)
  BATCH_SIZES       = 1  x RUNS=1 measured batches each
  WORKERS           = (planner default)
  STATEMENT_TIMEOUT = 300
  THERMAL_EQUALISE  = gate (T_LO=40 T_HI=60 preheat<=60s cooldown<=120s)
  sensors           = pkg:/sys/class/hwmon/hwmon8/temp1_input cores:4 cpufreq:8 throttle:8/8
  WARMUP_FAIL_SKIP  = on (a failed warm-up skips the query's measured batches)
  IDLE_BASELINE_S   = off
  SIGLESS_ADDR      = (disabled)
Found 1 query under queries/stackoverflow/SQLStorm/12119.sql

RAPL: powercap, 1 package, domains: pkg core gpu/uncore dram

[1/1] queries/stackoverflow/SQLStorm/12119.sql (1 warmup + step-up 1 x1)
  thermal gate: waited 2s -> 59.0 C
  warmup 1/1: 17.226079 sec (cache prime)
  N=1   batch 1/1: 12.738083 sec, 1 copy (server sum 12680.763 ms)
  done: 1 size x 1 run (0 failures)

Done. Batch rows appended to logs/so_timeouts/warm_stepup/so_timeouts_300s_20261006T102405Z/query_timing_stackoverflow_1gb.csv
Per-copy samples appended to logs/so_timeouts/warm_stepup/so_timeouts_300s_20261006T102405Z/query_samples_stackoverflow_1gb.csv
Machine identity appended to logs/so_timeouts/warm_stepup/so_timeouts_300s_20261006T102405Z/query_runinfo_stackoverflow_1gb.csv
Last batch ended at epoch 1791292098.334 (PREV_END_EPOCH for the next invocation)
===== [169/363] queries/stackoverflow/SQLStorm/5416.sql run_id=7E461FA4F0698189 =====
query_runner configuration:
  QUERY_DIR         = queries/stackoverflow/SQLStorm/5416.sql
  LOGS_DIR          = logs/so_timeouts/warm_stepup/so_timeouts_300s_20261006T102405Z  (query_timing_/query_samples_/query_catalog_stackoverflow_1gb.csv)
  DB_NAME / DB_USER = stackoverflow_1gb / postgres
  PGPORT            = 5434  (server reports 18.6)
  RUN_ID            = 7E461FA4F0698189
  WARMUP            = 1 single-copy warm-ups (the first primes the cache)
  BATCH_SIZES       = 1  x RUNS=1 measured batches each
  WORKERS           = (planner default)
  STATEMENT_TIMEOUT = 300
  THERMAL_EQUALISE  = gate (T_LO=40 T_HI=60 preheat<=60s cooldown<=120s)
  sensors           = pkg:/sys/class/hwmon/hwmon8/temp1_input cores:4 cpufreq:8 throttle:8/8
  WARMUP_FAIL_SKIP  = on (a failed warm-up skips the query's measured batches)
  IDLE_BASELINE_S   = off
  SIGLESS_ADDR      = (disabled)
Found 1 query under queries/stackoverflow/SQLStorm/5416.sql

RAPL: powercap, 1 package, domains: pkg core gpu/uncore dram

[1/1] queries/stackoverflow/SQLStorm/5416.sql (1 warmup + step-up 1 x1)
  warmup 1/1: 14.702119 sec (cache prime)
  N=1   batch 1/1: 13.560500 sec, 1 copy (server sum 13502.952 ms)
  done: 1 size x 1 run (0 failures)

Done. Batch rows appended to logs/so_timeouts/warm_stepup/so_timeouts_300s_20261006T102405Z/query_timing_stackoverflow_1gb.csv
Per-copy samples appended to logs/so_timeouts/warm_stepup/so_timeouts_300s_20261006T102405Z/query_samples_stackoverflow_1gb.csv
Machine identity appended to logs/so_timeouts/warm_stepup/so_timeouts_300s_20261006T102405Z/query_runinfo_stackoverflow_1gb.csv
Last batch ended at epoch 1791292130.566 (PREV_END_EPOCH for the next invocation)
===== [170/363] queries/stackoverflow/SQLStorm/14616.sql run_id=06B552E282F907B0 =====
query_runner configuration:
  QUERY_DIR         = queries/stackoverflow/SQLStorm/14616.sql
  LOGS_DIR          = logs/so_timeouts/warm_stepup/so_timeouts_300s_20261006T102405Z  (query_timing_/query_samples_/query_catalog_stackoverflow_1gb.csv)
  DB_NAME / DB_USER = stackoverflow_1gb / postgres
  PGPORT            = 5434  (server reports 18.6)
  RUN_ID            = 06B552E282F907B0
  WARMUP            = 1 single-copy warm-ups (the first primes the cache)
  BATCH_SIZES       = 1  x RUNS=1 measured batches each
  WORKERS           = (planner default)
  STATEMENT_TIMEOUT = 300
  THERMAL_EQUALISE  = gate (T_LO=40 T_HI=60 preheat<=60s cooldown<=120s)
  sensors           = pkg:/sys/class/hwmon/hwmon8/temp1_input cores:4 cpufreq:8 throttle:8/8
  WARMUP_FAIL_SKIP  = on (a failed warm-up skips the query's measured batches)
  IDLE_BASELINE_S   = off
  SIGLESS_ADDR      = (disabled)
Found 1 query under queries/stackoverflow/SQLStorm/14616.sql

RAPL: powercap, 1 package, domains: pkg core gpu/uncore dram

[1/1] queries/stackoverflow/SQLStorm/14616.sql (1 warmup + step-up 1 x1)
  warmup 1/1: 36.192651 sec (cache prime)
  N=1   batch 1/1: 35.688470 sec, 1 copy (server sum 35631.386 ms)
  done: 1 size x 1 run (0 failures)

Done. Batch rows appended to logs/so_timeouts/warm_stepup/so_timeouts_300s_20261006T102405Z/query_timing_stackoverflow_1gb.csv
Per-copy samples appended to logs/so_timeouts/warm_stepup/so_timeouts_300s_20261006T102405Z/query_samples_stackoverflow_1gb.csv
Machine identity appended to logs/so_timeouts/warm_stepup/so_timeouts_300s_20261006T102405Z/query_runinfo_stackoverflow_1gb.csv
Last batch ended at epoch 1791292206.140 (PREV_END_EPOCH for the next invocation)
===== [171/363] queries/stackoverflow/SQLStorm/5016.sql run_id=8AEBC6FED97E5CA1 =====
query_runner configuration:
  QUERY_DIR         = queries/stackoverflow/SQLStorm/5016.sql
  LOGS_DIR          = logs/so_timeouts/warm_stepup/so_timeouts_300s_20261006T102405Z  (query_timing_/query_samples_/query_catalog_stackoverflow_1gb.csv)
  DB_NAME / DB_USER = stackoverflow_1gb / postgres
  PGPORT            = 5434  (server reports 18.6)
  RUN_ID            = 8AEBC6FED97E5CA1
  WARMUP            = 1 single-copy warm-ups (the first primes the cache)
  BATCH_SIZES       = 1  x RUNS=1 measured batches each
  WORKERS           = (planner default)
  STATEMENT_TIMEOUT = 300
  THERMAL_EQUALISE  = gate (T_LO=40 T_HI=60 preheat<=60s cooldown<=120s)
  sensors           = pkg:/sys/class/hwmon/hwmon8/temp1_input cores:4 cpufreq:8 throttle:8/8
  WARMUP_FAIL_SKIP  = on (a failed warm-up skips the query's measured batches)
  IDLE_BASELINE_S   = off
  SIGLESS_ADDR      = (disabled)
Found 1 query under queries/stackoverflow/SQLStorm/5016.sql

RAPL: powercap, 1 package, domains: pkg core gpu/uncore dram

[1/1] queries/stackoverflow/SQLStorm/5016.sql (1 warmup + step-up 1 x1)
  warmup 1/1: 37.763798 sec (cache prime)
  N=1   batch 1/1: 37.787212 sec, 1 copy (server sum 37730.155 ms)
  done: 1 size x 1 run (0 failures)

Done. Batch rows appended to logs/so_timeouts/warm_stepup/so_timeouts_300s_20261006T102405Z/query_timing_stackoverflow_1gb.csv
Per-copy samples appended to logs/so_timeouts/warm_stepup/so_timeouts_300s_20261006T102405Z/query_samples_stackoverflow_1gb.csv
Machine identity appended to logs/so_timeouts/warm_stepup/so_timeouts_300s_20261006T102405Z/query_runinfo_stackoverflow_1gb.csv
Last batch ended at epoch 1791292285.573 (PREV_END_EPOCH for the next invocation)
===== [172/363] queries/stackoverflow/SQLStorm/22783.sql run_id=5805C1FEA574A16C =====
query_runner configuration:
  QUERY_DIR         = queries/stackoverflow/SQLStorm/22783.sql
  LOGS_DIR          = logs/so_timeouts/warm_stepup/so_timeouts_300s_20261006T102405Z  (query_timing_/query_samples_/query_catalog_stackoverflow_1gb.csv)
  DB_NAME / DB_USER = stackoverflow_1gb / postgres
  PGPORT            = 5434  (server reports 18.6)
  RUN_ID            = 5805C1FEA574A16C
  WARMUP            = 1 single-copy warm-ups (the first primes the cache)
  BATCH_SIZES       = 1  x RUNS=1 measured batches each
  WORKERS           = (planner default)
  STATEMENT_TIMEOUT = 300
  THERMAL_EQUALISE  = gate (T_LO=40 T_HI=60 preheat<=60s cooldown<=120s)
  sensors           = pkg:/sys/class/hwmon/hwmon8/temp1_input cores:4 cpufreq:8 throttle:8/8
  WARMUP_FAIL_SKIP  = on (a failed warm-up skips the query's measured batches)
  IDLE_BASELINE_S   = off
  SIGLESS_ADDR      = (disabled)
Found 1 query under queries/stackoverflow/SQLStorm/22783.sql

RAPL: powercap, 1 package, domains: pkg core gpu/uncore dram

[1/1] queries/stackoverflow/SQLStorm/22783.sql (1 warmup + step-up 1 x1)
  warmup 1/1: 246.929141 sec (cache prime)
  N=1   batch 1/1: 246.628266 sec, 1 copy (server sum 246570.159 ms)
  done: 1 size x 1 run (0 failures)

Done. Batch rows appended to logs/so_timeouts/warm_stepup/so_timeouts_300s_20261006T102405Z/query_timing_stackoverflow_1gb.csv
Per-copy samples appended to logs/so_timeouts/warm_stepup/so_timeouts_300s_20261006T102405Z/query_samples_stackoverflow_1gb.csv
Machine identity appended to logs/so_timeouts/warm_stepup/so_timeouts_300s_20261006T102405Z/query_runinfo_stackoverflow_1gb.csv
Last batch ended at epoch 1791292782.911 (PREV_END_EPOCH for the next invocation)
===== [173/363] queries/stackoverflow/SQLStorm/11325.sql run_id=1075D7089137C9AB =====
query_runner configuration:
  QUERY_DIR         = queries/stackoverflow/SQLStorm/11325.sql
  LOGS_DIR          = logs/so_timeouts/warm_stepup/so_timeouts_300s_20261006T102405Z  (query_timing_/query_samples_/query_catalog_stackoverflow_1gb.csv)
  DB_NAME / DB_USER = stackoverflow_1gb / postgres
  PGPORT            = 5434  (server reports 18.6)
  RUN_ID            = 1075D7089137C9AB
  WARMUP            = 1 single-copy warm-ups (the first primes the cache)
  BATCH_SIZES       = 1  x RUNS=1 measured batches each
  WORKERS           = (planner default)
  STATEMENT_TIMEOUT = 300
  THERMAL_EQUALISE  = gate (T_LO=40 T_HI=60 preheat<=60s cooldown<=120s)
  sensors           = pkg:/sys/class/hwmon/hwmon8/temp1_input cores:4 cpufreq:8 throttle:8/8
  WARMUP_FAIL_SKIP  = on (a failed warm-up skips the query's measured batches)
  IDLE_BASELINE_S   = off
  SIGLESS_ADDR      = (disabled)
Found 1 query under queries/stackoverflow/SQLStorm/11325.sql

RAPL: powercap, 1 package, domains: pkg core gpu/uncore dram

[1/1] queries/stackoverflow/SQLStorm/11325.sql (1 warmup + step-up 1 x1)
  warmup 1/1: 23.629493 sec (cache prime)
  N=1   batch 1/1: 21.672869 sec, 1 copy (server sum 21608.137 ms)
  done: 1 size x 1 run (0 failures)

Done. Batch rows appended to logs/so_timeouts/warm_stepup/so_timeouts_300s_20261006T102405Z/query_timing_stackoverflow_1gb.csv
Per-copy samples appended to logs/so_timeouts/warm_stepup/so_timeouts_300s_20261006T102405Z/query_samples_stackoverflow_1gb.csv
Machine identity appended to logs/so_timeouts/warm_stepup/so_timeouts_300s_20261006T102405Z/query_runinfo_stackoverflow_1gb.csv
Last batch ended at epoch 1791292832.312 (PREV_END_EPOCH for the next invocation)
===== [174/363] queries/stackoverflow/SQLStorm/24190.sql run_id=2F3EF78E99BF871D =====
query_runner configuration:
  QUERY_DIR         = queries/stackoverflow/SQLStorm/24190.sql
  LOGS_DIR          = logs/so_timeouts/warm_stepup/so_timeouts_300s_20261006T102405Z  (query_timing_/query_samples_/query_catalog_stackoverflow_1gb.csv)
  DB_NAME / DB_USER = stackoverflow_1gb / postgres
  PGPORT            = 5434  (server reports 18.6)
  RUN_ID            = 2F3EF78E99BF871D
  WARMUP            = 1 single-copy warm-ups (the first primes the cache)
  BATCH_SIZES       = 1  x RUNS=1 measured batches each
  WORKERS           = (planner default)
  STATEMENT_TIMEOUT = 300
  THERMAL_EQUALISE  = gate (T_LO=40 T_HI=60 preheat<=60s cooldown<=120s)
  sensors           = pkg:/sys/class/hwmon/hwmon8/temp1_input cores:4 cpufreq:8 throttle:8/8
  WARMUP_FAIL_SKIP  = on (a failed warm-up skips the query's measured batches)
  IDLE_BASELINE_S   = off
  SIGLESS_ADDR      = (disabled)
Found 1 query under queries/stackoverflow/SQLStorm/24190.sql

RAPL: powercap, 1 package, domains: pkg core gpu/uncore dram

[1/1] queries/stackoverflow/SQLStorm/24190.sql (1 warmup + step-up 1 x1)
  warmup 1/1: 16.154547 sec (cache prime)
  N=1   batch 1/1: 15.670623 sec, 1 copy (server sum 15611.818 ms)
  done: 1 size x 1 run (0 failures)

Done. Batch rows appended to logs/so_timeouts/warm_stepup/so_timeouts_300s_20261006T102405Z/query_timing_stackoverflow_1gb.csv
Per-copy samples appended to logs/so_timeouts/warm_stepup/so_timeouts_300s_20261006T102405Z/query_samples_stackoverflow_1gb.csv
Machine identity appended to logs/so_timeouts/warm_stepup/so_timeouts_300s_20261006T102405Z/query_runinfo_stackoverflow_1gb.csv
Last batch ended at epoch 1791292867.597 (PREV_END_EPOCH for the next invocation)
===== [175/363] queries/stackoverflow/SQLStorm/25827.sql run_id=9317951EB6D357E9 =====
query_runner configuration:
  QUERY_DIR         = queries/stackoverflow/SQLStorm/25827.sql
  LOGS_DIR          = logs/so_timeouts/warm_stepup/so_timeouts_300s_20261006T102405Z  (query_timing_/query_samples_/query_catalog_stackoverflow_1gb.csv)
  DB_NAME / DB_USER = stackoverflow_1gb / postgres
  PGPORT            = 5434  (server reports 18.6)
  RUN_ID            = 9317951EB6D357E9
  WARMUP            = 1 single-copy warm-ups (the first primes the cache)
  BATCH_SIZES       = 1  x RUNS=1 measured batches each
  WORKERS           = (planner default)
  STATEMENT_TIMEOUT = 300
  THERMAL_EQUALISE  = gate (T_LO=40 T_HI=60 preheat<=60s cooldown<=120s)
  sensors           = pkg:/sys/class/hwmon/hwmon8/temp1_input cores:4 cpufreq:8 throttle:8/8
  WARMUP_FAIL_SKIP  = on (a failed warm-up skips the query's measured batches)
  IDLE_BASELINE_S   = off
  SIGLESS_ADDR      = (disabled)
Found 1 query under queries/stackoverflow/SQLStorm/25827.sql

RAPL: powercap, 1 package, domains: pkg core gpu/uncore dram

[1/1] queries/stackoverflow/SQLStorm/25827.sql (1 warmup + step-up 1 x1)
  thermal gate: waited 4s -> 59.0 C
  warmup 1/1: 19.567236 sec (cache prime)
  N=1   batch 1/1: 18.379553 sec, 1 copy (server sum 18321.172 ms)
  done: 1 size x 1 run (0 failures)

Done. Batch rows appended to logs/so_timeouts/warm_stepup/so_timeouts_300s_20261006T102405Z/query_timing_stackoverflow_1gb.csv
Per-copy samples appended to logs/so_timeouts/warm_stepup/so_timeouts_300s_20261006T102405Z/query_samples_stackoverflow_1gb.csv
Machine identity appended to logs/so_timeouts/warm_stepup/so_timeouts_300s_20261006T102405Z/query_runinfo_stackoverflow_1gb.csv
Last batch ended at epoch 1791292913.573 (PREV_END_EPOCH for the next invocation)
===== [176/363] queries/stackoverflow/SQLStorm/12726.sql run_id=970756A0CD7AE7D4 =====
query_runner configuration:
  QUERY_DIR         = queries/stackoverflow/SQLStorm/12726.sql
  LOGS_DIR          = logs/so_timeouts/warm_stepup/so_timeouts_300s_20261006T102405Z  (query_timing_/query_samples_/query_catalog_stackoverflow_1gb.csv)
  DB_NAME / DB_USER = stackoverflow_1gb / postgres
  PGPORT            = 5434  (server reports 18.6)
  RUN_ID            = 970756A0CD7AE7D4
  WARMUP            = 1 single-copy warm-ups (the first primes the cache)
  BATCH_SIZES       = 1  x RUNS=1 measured batches each
  WORKERS           = (planner default)
  STATEMENT_TIMEOUT = 300
  THERMAL_EQUALISE  = gate (T_LO=40 T_HI=60 preheat<=60s cooldown<=120s)
  sensors           = pkg:/sys/class/hwmon/hwmon8/temp1_input cores:4 cpufreq:8 throttle:8/8
  WARMUP_FAIL_SKIP  = on (a failed warm-up skips the query's measured batches)
  IDLE_BASELINE_S   = off
  SIGLESS_ADDR      = (disabled)
Found 1 query under queries/stackoverflow/SQLStorm/12726.sql

RAPL: powercap, 1 package, domains: pkg core gpu/uncore dram

[1/1] queries/stackoverflow/SQLStorm/12726.sql (1 warmup + step-up 1 x1)
  warmup 1/1: 23.820715 sec (cache prime)
  N=1   batch 1/1: 23.137695 sec, 1 copy (server sum 23080.342 ms)
  done: 1 size x 1 run (0 failures)

Done. Batch rows appended to logs/so_timeouts/warm_stepup/so_timeouts_300s_20261006T102405Z/query_timing_stackoverflow_1gb.csv
Per-copy samples appended to logs/so_timeouts/warm_stepup/so_timeouts_300s_20261006T102405Z/query_samples_stackoverflow_1gb.csv
Machine identity appended to logs/so_timeouts/warm_stepup/so_timeouts_300s_20261006T102405Z/query_runinfo_stackoverflow_1gb.csv
Last batch ended at epoch 1791292964.107 (PREV_END_EPOCH for the next invocation)
===== [177/363] queries/stackoverflow/SQLStorm/22641.sql run_id=A1DC5C28E22903ED =====
query_runner configuration:
  QUERY_DIR         = queries/stackoverflow/SQLStorm/22641.sql
  LOGS_DIR          = logs/so_timeouts/warm_stepup/so_timeouts_300s_20261006T102405Z  (query_timing_/query_samples_/query_catalog_stackoverflow_1gb.csv)
  DB_NAME / DB_USER = stackoverflow_1gb / postgres
  PGPORT            = 5434  (server reports 18.6)
  RUN_ID            = A1DC5C28E22903ED
  WARMUP            = 1 single-copy warm-ups (the first primes the cache)
  BATCH_SIZES       = 1  x RUNS=1 measured batches each
  WORKERS           = (planner default)
  STATEMENT_TIMEOUT = 300
  THERMAL_EQUALISE  = gate (T_LO=40 T_HI=60 preheat<=60s cooldown<=120s)
  sensors           = pkg:/sys/class/hwmon/hwmon8/temp1_input cores:4 cpufreq:8 throttle:8/8
  WARMUP_FAIL_SKIP  = on (a failed warm-up skips the query's measured batches)
  IDLE_BASELINE_S   = off
  SIGLESS_ADDR      = (disabled)
Found 1 query under queries/stackoverflow/SQLStorm/22641.sql

RAPL: powercap, 1 package, domains: pkg core gpu/uncore dram

[1/1] queries/stackoverflow/SQLStorm/22641.sql (1 warmup + step-up 1 x1)
  thermal gate: waited 6s -> 59.0 C
  warmup 1/1: 28.694938 sec (cache prime)
  N=1   batch 1/1: 27.726107 sec, 1 copy (server sum 27667.631 ms)
  done: 1 size x 1 run (0 failures)

Done. Batch rows appended to logs/so_timeouts/warm_stepup/so_timeouts_300s_20261006T102405Z/query_timing_stackoverflow_1gb.csv
Per-copy samples appended to logs/so_timeouts/warm_stepup/so_timeouts_300s_20261006T102405Z/query_samples_stackoverflow_1gb.csv
Machine identity appended to logs/so_timeouts/warm_stepup/so_timeouts_300s_20261006T102405Z/query_runinfo_stackoverflow_1gb.csv
Last batch ended at epoch 1791293030.690 (PREV_END_EPOCH for the next invocation)
===== [178/363] queries/stackoverflow/SQLStorm/29302.sql run_id=D6C912DE91DECA08 =====
query_runner configuration:
  QUERY_DIR         = queries/stackoverflow/SQLStorm/29302.sql
  LOGS_DIR          = logs/so_timeouts/warm_stepup/so_timeouts_300s_20261006T102405Z  (query_timing_/query_samples_/query_catalog_stackoverflow_1gb.csv)
  DB_NAME / DB_USER = stackoverflow_1gb / postgres
  PGPORT            = 5434  (server reports 18.6)
  RUN_ID            = D6C912DE91DECA08
  WARMUP            = 1 single-copy warm-ups (the first primes the cache)
  BATCH_SIZES       = 1  x RUNS=1 measured batches each
  WORKERS           = (planner default)
  STATEMENT_TIMEOUT = 300
  THERMAL_EQUALISE  = gate (T_LO=40 T_HI=60 preheat<=60s cooldown<=120s)
  sensors           = pkg:/sys/class/hwmon/hwmon8/temp1_input cores:4 cpufreq:8 throttle:8/8
  WARMUP_FAIL_SKIP  = on (a failed warm-up skips the query's measured batches)
  IDLE_BASELINE_S   = off
  SIGLESS_ADDR      = (disabled)
Found 1 query under queries/stackoverflow/SQLStorm/29302.sql

RAPL: powercap, 1 package, domains: pkg core gpu/uncore dram

[1/1] queries/stackoverflow/SQLStorm/29302.sql (1 warmup + step-up 1 x1)
  warmup 1/1: 40.871691 sec (cache prime)
  N=1   batch 1/1: 38.309529 sec, 1 copy (server sum 38252.105 ms)
  done: 1 size x 1 run (0 failures)

Done. Batch rows appended to logs/so_timeouts/warm_stepup/so_timeouts_300s_20261006T102405Z/query_timing_stackoverflow_1gb.csv
Per-copy samples appended to logs/so_timeouts/warm_stepup/so_timeouts_300s_20261006T102405Z/query_samples_stackoverflow_1gb.csv
Machine identity appended to logs/so_timeouts/warm_stepup/so_timeouts_300s_20261006T102405Z/query_runinfo_stackoverflow_1gb.csv
Last batch ended at epoch 1791293113.696 (PREV_END_EPOCH for the next invocation)
===== [179/363] queries/stackoverflow/SQLStorm/9357.sql run_id=77F8FBA2832CEAC8 =====
query_runner configuration:
  QUERY_DIR         = queries/stackoverflow/SQLStorm/9357.sql
  LOGS_DIR          = logs/so_timeouts/warm_stepup/so_timeouts_300s_20261006T102405Z  (query_timing_/query_samples_/query_catalog_stackoverflow_1gb.csv)
  DB_NAME / DB_USER = stackoverflow_1gb / postgres
  PGPORT            = 5434  (server reports 18.6)
  RUN_ID            = 77F8FBA2832CEAC8
  WARMUP            = 1 single-copy warm-ups (the first primes the cache)
  BATCH_SIZES       = 1  x RUNS=1 measured batches each
  WORKERS           = (planner default)
  STATEMENT_TIMEOUT = 300
  THERMAL_EQUALISE  = gate (T_LO=40 T_HI=60 preheat<=60s cooldown<=120s)
  sensors           = pkg:/sys/class/hwmon/hwmon8/temp1_input cores:4 cpufreq:8 throttle:8/8
  WARMUP_FAIL_SKIP  = on (a failed warm-up skips the query's measured batches)
  IDLE_BASELINE_S   = off
  SIGLESS_ADDR      = (disabled)
Found 1 query under queries/stackoverflow/SQLStorm/9357.sql

RAPL: powercap, 1 package, domains: pkg core gpu/uncore dram

[1/1] queries/stackoverflow/SQLStorm/9357.sql (1 warmup + step-up 1 x1)
  warmup 1/1: 15.166314 sec (cache prime)
  N=1   batch 1/1: 14.649321 sec, 1 copy (server sum 14591.432 ms)
  done: 1 size x 1 run (0 failures)

Done. Batch rows appended to logs/so_timeouts/warm_stepup/so_timeouts_300s_20261006T102405Z/query_timing_stackoverflow_1gb.csv
Per-copy samples appended to logs/so_timeouts/warm_stepup/so_timeouts_300s_20261006T102405Z/query_samples_stackoverflow_1gb.csv
Machine identity appended to logs/so_timeouts/warm_stepup/so_timeouts_300s_20261006T102405Z/query_runinfo_stackoverflow_1gb.csv
Last batch ended at epoch 1791293147.411 (PREV_END_EPOCH for the next invocation)
===== [180/363] queries/stackoverflow/SQLStorm/27846.sql run_id=14665F96DDAD2C01 =====
query_runner configuration:
  QUERY_DIR         = queries/stackoverflow/SQLStorm/27846.sql
  LOGS_DIR          = logs/so_timeouts/warm_stepup/so_timeouts_300s_20261006T102405Z  (query_timing_/query_samples_/query_catalog_stackoverflow_1gb.csv)
  DB_NAME / DB_USER = stackoverflow_1gb / postgres
  PGPORT            = 5434  (server reports 18.6)
  RUN_ID            = 14665F96DDAD2C01
  WARMUP            = 1 single-copy warm-ups (the first primes the cache)
  BATCH_SIZES       = 1  x RUNS=1 measured batches each
  WORKERS           = (planner default)
  STATEMENT_TIMEOUT = 300
  THERMAL_EQUALISE  = gate (T_LO=40 T_HI=60 preheat<=60s cooldown<=120s)
  sensors           = pkg:/sys/class/hwmon/hwmon8/temp1_input cores:4 cpufreq:8 throttle:8/8
  WARMUP_FAIL_SKIP  = on (a failed warm-up skips the query's measured batches)
  IDLE_BASELINE_S   = off
  SIGLESS_ADDR      = (disabled)
Found 1 query under queries/stackoverflow/SQLStorm/27846.sql

RAPL: powercap, 1 package, domains: pkg core gpu/uncore dram

[1/1] queries/stackoverflow/SQLStorm/27846.sql (1 warmup + step-up 1 x1)
  thermal gate: waited 2s -> 59.0 C
  warmup 1/1: 18.003989 sec (cache prime)
  N=1   batch 1/1: 17.049997 sec, 1 copy (server sum 16991.826 ms)
  done: 1 size x 1 run (0 failures)

Done. Batch rows appended to logs/so_timeouts/warm_stepup/so_timeouts_300s_20261006T102405Z/query_timing_stackoverflow_1gb.csv
Per-copy samples appended to logs/so_timeouts/warm_stepup/so_timeouts_300s_20261006T102405Z/query_samples_stackoverflow_1gb.csv
Machine identity appended to logs/so_timeouts/warm_stepup/so_timeouts_300s_20261006T102405Z/query_runinfo_stackoverflow_1gb.csv
Last batch ended at epoch 1791293188.310 (PREV_END_EPOCH for the next invocation)
===== [181/363] queries/stackoverflow/SQLStorm/30959.sql run_id=B3CF03A527B7A50D =====
query_runner configuration:
  QUERY_DIR         = queries/stackoverflow/SQLStorm/30959.sql
  LOGS_DIR          = logs/so_timeouts/warm_stepup/so_timeouts_300s_20261006T102405Z  (query_timing_/query_samples_/query_catalog_stackoverflow_1gb.csv)
  DB_NAME / DB_USER = stackoverflow_1gb / postgres
  PGPORT            = 5434  (server reports 18.6)
  RUN_ID            = B3CF03A527B7A50D
  WARMUP            = 1 single-copy warm-ups (the first primes the cache)
  BATCH_SIZES       = 1  x RUNS=1 measured batches each
  WORKERS           = (planner default)
  STATEMENT_TIMEOUT = 300
  THERMAL_EQUALISE  = gate (T_LO=40 T_HI=60 preheat<=60s cooldown<=120s)
  sensors           = pkg:/sys/class/hwmon/hwmon8/temp1_input cores:4 cpufreq:8 throttle:8/8
  WARMUP_FAIL_SKIP  = on (a failed warm-up skips the query's measured batches)
  IDLE_BASELINE_S   = off
  SIGLESS_ADDR      = (disabled)
Found 1 query under queries/stackoverflow/SQLStorm/30959.sql

RAPL: powercap, 1 package, domains: pkg core gpu/uncore dram

[1/1] queries/stackoverflow/SQLStorm/30959.sql (1 warmup + step-up 1 x1)
  warmup 1/1: 18.672650 sec (cache prime)
  N=1   batch 1/1: 17.639040 sec, 1 copy (server sum 17580.783 ms)
  done: 1 size x 1 run (0 failures)

Done. Batch rows appended to logs/so_timeouts/warm_stepup/so_timeouts_300s_20261006T102405Z/query_timing_stackoverflow_1gb.csv
Per-copy samples appended to logs/so_timeouts/warm_stepup/so_timeouts_300s_20261006T102405Z/query_samples_stackoverflow_1gb.csv
Machine identity appended to logs/so_timeouts/warm_stepup/so_timeouts_300s_20261006T102405Z/query_runinfo_stackoverflow_1gb.csv
Last batch ended at epoch 1791293228.468 (PREV_END_EPOCH for the next invocation)
===== [182/363] queries/stackoverflow/SQLStorm/3959.sql run_id=08D1CD6C51FE6879 =====
query_runner configuration:
  QUERY_DIR         = queries/stackoverflow/SQLStorm/3959.sql
  LOGS_DIR          = logs/so_timeouts/warm_stepup/so_timeouts_300s_20261006T102405Z  (query_timing_/query_samples_/query_catalog_stackoverflow_1gb.csv)
  DB_NAME / DB_USER = stackoverflow_1gb / postgres
  PGPORT            = 5434  (server reports 18.6)
  RUN_ID            = 08D1CD6C51FE6879
  WARMUP            = 1 single-copy warm-ups (the first primes the cache)
  BATCH_SIZES       = 1  x RUNS=1 measured batches each
  WORKERS           = (planner default)
  STATEMENT_TIMEOUT = 300
  THERMAL_EQUALISE  = gate (T_LO=40 T_HI=60 preheat<=60s cooldown<=120s)
  sensors           = pkg:/sys/class/hwmon/hwmon8/temp1_input cores:4 cpufreq:8 throttle:8/8
  WARMUP_FAIL_SKIP  = on (a failed warm-up skips the query's measured batches)
  IDLE_BASELINE_S   = off
  SIGLESS_ADDR      = (disabled)
Found 1 query under queries/stackoverflow/SQLStorm/3959.sql

RAPL: powercap, 1 package, domains: pkg core gpu/uncore dram

[1/1] queries/stackoverflow/SQLStorm/3959.sql (1 warmup + step-up 1 x1)
  warmup 1/1: 40.383220 sec (cache prime)
  N=1   batch 1/1: 39.622392 sec, 1 copy (server sum 39517.028 ms)
  done: 1 size x 1 run (0 failures)

Done. Batch rows appended to logs/so_timeouts/warm_stepup/so_timeouts_300s_20261006T102405Z/query_timing_stackoverflow_1gb.csv
Per-copy samples appended to logs/so_timeouts/warm_stepup/so_timeouts_300s_20261006T102405Z/query_samples_stackoverflow_1gb.csv
Machine identity appended to logs/so_timeouts/warm_stepup/so_timeouts_300s_20261006T102405Z/query_runinfo_stackoverflow_1gb.csv
Last batch ended at epoch 1791293312.578 (PREV_END_EPOCH for the next invocation)
===== [183/363] queries/stackoverflow/SQLStorm/7977.sql run_id=652B5D122E043694 =====
query_runner configuration:
  QUERY_DIR         = queries/stackoverflow/SQLStorm/7977.sql
  LOGS_DIR          = logs/so_timeouts/warm_stepup/so_timeouts_300s_20261006T102405Z  (query_timing_/query_samples_/query_catalog_stackoverflow_1gb.csv)
  DB_NAME / DB_USER = stackoverflow_1gb / postgres
  PGPORT            = 5434  (server reports 18.6)
  RUN_ID            = 652B5D122E043694
  WARMUP            = 1 single-copy warm-ups (the first primes the cache)
  BATCH_SIZES       = 1  x RUNS=1 measured batches each
  WORKERS           = (planner default)
  STATEMENT_TIMEOUT = 300
  THERMAL_EQUALISE  = gate (T_LO=40 T_HI=60 preheat<=60s cooldown<=120s)
  sensors           = pkg:/sys/class/hwmon/hwmon8/temp1_input cores:4 cpufreq:8 throttle:8/8
  WARMUP_FAIL_SKIP  = on (a failed warm-up skips the query's measured batches)
  IDLE_BASELINE_S   = off
  SIGLESS_ADDR      = (disabled)
Found 1 query under queries/stackoverflow/SQLStorm/7977.sql

RAPL: powercap, 1 package, domains: pkg core gpu/uncore dram

[1/1] queries/stackoverflow/SQLStorm/7977.sql (1 warmup + step-up 1 x1)
  thermal gate: waited 2s -> 60.0 C
  warmup 1/1: 16.352052 sec (cache prime)
  N=1   batch 1/1: 14.427269 sec, 1 copy (server sum 14370.693 ms)
  done: 1 size x 1 run (0 failures)

Done. Batch rows appended to logs/so_timeouts/warm_stepup/so_timeouts_300s_20261006T102405Z/query_timing_stackoverflow_1gb.csv
Per-copy samples appended to logs/so_timeouts/warm_stepup/so_timeouts_300s_20261006T102405Z/query_samples_stackoverflow_1gb.csv
Machine identity appended to logs/so_timeouts/warm_stepup/so_timeouts_300s_20261006T102405Z/query_runinfo_stackoverflow_1gb.csv
Last batch ended at epoch 1791293349.186 (PREV_END_EPOCH for the next invocation)
===== [184/363] queries/stackoverflow/SQLStorm/10377.sql run_id=86274C0655D7547E =====
query_runner configuration:
  QUERY_DIR         = queries/stackoverflow/SQLStorm/10377.sql
  LOGS_DIR          = logs/so_timeouts/warm_stepup/so_timeouts_300s_20261006T102405Z  (query_timing_/query_samples_/query_catalog_stackoverflow_1gb.csv)
  DB_NAME / DB_USER = stackoverflow_1gb / postgres
  PGPORT            = 5434  (server reports 18.6)
  RUN_ID            = 86274C0655D7547E
  WARMUP            = 1 single-copy warm-ups (the first primes the cache)
  BATCH_SIZES       = 1  x RUNS=1 measured batches each
  WORKERS           = (planner default)
  STATEMENT_TIMEOUT = 300
  THERMAL_EQUALISE  = gate (T_LO=40 T_HI=60 preheat<=60s cooldown<=120s)
  sensors           = pkg:/sys/class/hwmon/hwmon8/temp1_input cores:4 cpufreq:8 throttle:8/8
  WARMUP_FAIL_SKIP  = on (a failed warm-up skips the query's measured batches)
  IDLE_BASELINE_S   = off
  SIGLESS_ADDR      = (disabled)
Found 1 query under queries/stackoverflow/SQLStorm/10377.sql

RAPL: powercap, 1 package, domains: pkg core gpu/uncore dram

[1/1] queries/stackoverflow/SQLStorm/10377.sql (1 warmup + step-up 1 x1)
  thermal gate: waited 2s -> 58.0 C
  warmup 1/1: 26.651907 sec (cache prime)
  N=1   batch 1/1: 25.996788 sec, 1 copy (server sum 25939.800 ms)
  done: 1 size x 1 run (0 failures)

Done. Batch rows appended to logs/so_timeouts/warm_stepup/so_timeouts_300s_20261006T102405Z/query_timing_stackoverflow_1gb.csv
Per-copy samples appended to logs/so_timeouts/warm_stepup/so_timeouts_300s_20261006T102405Z/query_samples_stackoverflow_1gb.csv
Machine identity appended to logs/so_timeouts/warm_stepup/so_timeouts_300s_20261006T102405Z/query_runinfo_stackoverflow_1gb.csv
Last batch ended at epoch 1791293407.594 (PREV_END_EPOCH for the next invocation)
===== [185/363] queries/stackoverflow/SQLStorm/6507.sql run_id=D1C1CD18F8EBC33B =====
query_runner configuration:
  QUERY_DIR         = queries/stackoverflow/SQLStorm/6507.sql
  LOGS_DIR          = logs/so_timeouts/warm_stepup/so_timeouts_300s_20261006T102405Z  (query_timing_/query_samples_/query_catalog_stackoverflow_1gb.csv)
  DB_NAME / DB_USER = stackoverflow_1gb / postgres
  PGPORT            = 5434  (server reports 18.6)
  RUN_ID            = D1C1CD18F8EBC33B
  WARMUP            = 1 single-copy warm-ups (the first primes the cache)
  BATCH_SIZES       = 1  x RUNS=1 measured batches each
  WORKERS           = (planner default)
  STATEMENT_TIMEOUT = 300
  THERMAL_EQUALISE  = gate (T_LO=40 T_HI=60 preheat<=60s cooldown<=120s)
  sensors           = pkg:/sys/class/hwmon/hwmon8/temp1_input cores:4 cpufreq:8 throttle:8/8
  WARMUP_FAIL_SKIP  = on (a failed warm-up skips the query's measured batches)
  IDLE_BASELINE_S   = off
  SIGLESS_ADDR      = (disabled)
Found 1 query under queries/stackoverflow/SQLStorm/6507.sql

RAPL: powercap, 1 package, domains: pkg core gpu/uncore dram

[1/1] queries/stackoverflow/SQLStorm/6507.sql (1 warmup + step-up 1 x1)
  warmup 1/1: 30.552161 sec (cache prime)
  N=1   batch 1/1: 29.386860 sec, 1 copy (server sum 29328.073 ms)
  done: 1 size x 1 run (0 failures)

Done. Batch rows appended to logs/so_timeouts/warm_stepup/so_timeouts_300s_20261006T102405Z/query_timing_stackoverflow_1gb.csv
Per-copy samples appended to logs/so_timeouts/warm_stepup/so_timeouts_300s_20261006T102405Z/query_samples_stackoverflow_1gb.csv
Machine identity appended to logs/so_timeouts/warm_stepup/so_timeouts_300s_20261006T102405Z/query_runinfo_stackoverflow_1gb.csv
Last batch ended at epoch 1791293471.417 (PREV_END_EPOCH for the next invocation)
===== [186/363] queries/stackoverflow/SQLStorm/29365.sql run_id=F068FC70694B23DB =====
query_runner configuration:
  QUERY_DIR         = queries/stackoverflow/SQLStorm/29365.sql
  LOGS_DIR          = logs/so_timeouts/warm_stepup/so_timeouts_300s_20261006T102405Z  (query_timing_/query_samples_/query_catalog_stackoverflow_1gb.csv)
  DB_NAME / DB_USER = stackoverflow_1gb / postgres
  PGPORT            = 5434  (server reports 18.6)
  RUN_ID            = F068FC70694B23DB
  WARMUP            = 1 single-copy warm-ups (the first primes the cache)
  BATCH_SIZES       = 1  x RUNS=1 measured batches each
  WORKERS           = (planner default)
  STATEMENT_TIMEOUT = 300
  THERMAL_EQUALISE  = gate (T_LO=40 T_HI=60 preheat<=60s cooldown<=120s)
  sensors           = pkg:/sys/class/hwmon/hwmon8/temp1_input cores:4 cpufreq:8 throttle:8/8
  WARMUP_FAIL_SKIP  = on (a failed warm-up skips the query's measured batches)
  IDLE_BASELINE_S   = off
  SIGLESS_ADDR      = (disabled)
Found 1 query under queries/stackoverflow/SQLStorm/29365.sql

RAPL: powercap, 1 package, domains: pkg core gpu/uncore dram

[1/1] queries/stackoverflow/SQLStorm/29365.sql (1 warmup + step-up 1 x1)
  warmup 1/1: 34.491977 sec (cache prime)
  N=1   batch 1/1: 33.704075 sec, 1 copy (server sum 33646.503 ms)
  done: 1 size x 1 run (0 failures)

Done. Batch rows appended to logs/so_timeouts/warm_stepup/so_timeouts_300s_20261006T102405Z/query_timing_stackoverflow_1gb.csv
Per-copy samples appended to logs/so_timeouts/warm_stepup/so_timeouts_300s_20261006T102405Z/query_samples_stackoverflow_1gb.csv
Machine identity appended to logs/so_timeouts/warm_stepup/so_timeouts_300s_20261006T102405Z/query_runinfo_stackoverflow_1gb.csv
Last batch ended at epoch 1791293543.404 (PREV_END_EPOCH for the next invocation)
===== [187/363] queries/stackoverflow/SQLStorm/10465.sql run_id=EDF32A811B27459A =====
query_runner configuration:
  QUERY_DIR         = queries/stackoverflow/SQLStorm/10465.sql
  LOGS_DIR          = logs/so_timeouts/warm_stepup/so_timeouts_300s_20261006T102405Z  (query_timing_/query_samples_/query_catalog_stackoverflow_1gb.csv)
  DB_NAME / DB_USER = stackoverflow_1gb / postgres
  PGPORT            = 5434  (server reports 18.6)
  RUN_ID            = EDF32A811B27459A
  WARMUP            = 1 single-copy warm-ups (the first primes the cache)
  BATCH_SIZES       = 1  x RUNS=1 measured batches each
  WORKERS           = (planner default)
  STATEMENT_TIMEOUT = 300
  THERMAL_EQUALISE  = gate (T_LO=40 T_HI=60 preheat<=60s cooldown<=120s)
  sensors           = pkg:/sys/class/hwmon/hwmon8/temp1_input cores:4 cpufreq:8 throttle:8/8
  WARMUP_FAIL_SKIP  = on (a failed warm-up skips the query's measured batches)
  IDLE_BASELINE_S   = off
  SIGLESS_ADDR      = (disabled)
Found 1 query under queries/stackoverflow/SQLStorm/10465.sql

RAPL: powercap, 1 package, domains: pkg core gpu/uncore dram

[1/1] queries/stackoverflow/SQLStorm/10465.sql (1 warmup + step-up 1 x1)
  warmup 1/1: 28.297109 sec (cache prime)
  N=1   batch 1/1: 19.987437 sec, 1 copy (server sum 19926.439 ms)
  done: 1 size x 1 run (0 failures)

Done. Batch rows appended to logs/so_timeouts/warm_stepup/so_timeouts_300s_20261006T102405Z/query_timing_stackoverflow_1gb.csv
Per-copy samples appended to logs/so_timeouts/warm_stepup/so_timeouts_300s_20261006T102405Z/query_samples_stackoverflow_1gb.csv
Machine identity appended to logs/so_timeouts/warm_stepup/so_timeouts_300s_20261006T102405Z/query_runinfo_stackoverflow_1gb.csv
Last batch ended at epoch 1791293595.103 (PREV_END_EPOCH for the next invocation)
===== [188/363] queries/stackoverflow/SQLStorm/2975.sql run_id=B2D325D17BA724BA =====
query_runner configuration:
  QUERY_DIR         = queries/stackoverflow/SQLStorm/2975.sql
  LOGS_DIR          = logs/so_timeouts/warm_stepup/so_timeouts_300s_20261006T102405Z  (query_timing_/query_samples_/query_catalog_stackoverflow_1gb.csv)
  DB_NAME / DB_USER = stackoverflow_1gb / postgres
  PGPORT            = 5434  (server reports 18.6)
  RUN_ID            = B2D325D17BA724BA
  WARMUP            = 1 single-copy warm-ups (the first primes the cache)
  BATCH_SIZES       = 1  x RUNS=1 measured batches each
  WORKERS           = (planner default)
  STATEMENT_TIMEOUT = 300
  THERMAL_EQUALISE  = gate (T_LO=40 T_HI=60 preheat<=60s cooldown<=120s)
  sensors           = pkg:/sys/class/hwmon/hwmon8/temp1_input cores:4 cpufreq:8 throttle:8/8
  WARMUP_FAIL_SKIP  = on (a failed warm-up skips the query's measured batches)
  IDLE_BASELINE_S   = off
  SIGLESS_ADDR      = (disabled)
Found 1 query under queries/stackoverflow/SQLStorm/2975.sql

RAPL: powercap, 1 package, domains: pkg core gpu/uncore dram

[1/1] queries/stackoverflow/SQLStorm/2975.sql (1 warmup + step-up 1 x1)
  warmup 1/1: 32.191405 sec (cache prime)
  N=1   batch 1/1: 31.585695 sec, 1 copy (server sum 31528.209 ms)
  done: 1 size x 1 run (0 failures)

Done. Batch rows appended to logs/so_timeouts/warm_stepup/so_timeouts_300s_20261006T102405Z/query_timing_stackoverflow_1gb.csv
Per-copy samples appended to logs/so_timeouts/warm_stepup/so_timeouts_300s_20261006T102405Z/query_samples_stackoverflow_1gb.csv
Machine identity appended to logs/so_timeouts/warm_stepup/so_timeouts_300s_20261006T102405Z/query_runinfo_stackoverflow_1gb.csv
Last batch ended at epoch 1791293662.977 (PREV_END_EPOCH for the next invocation)
===== [189/363] queries/stackoverflow/SQLStorm/28022.sql run_id=5D9FA7887A01EEDA =====
query_runner configuration:
  QUERY_DIR         = queries/stackoverflow/SQLStorm/28022.sql
  LOGS_DIR          = logs/so_timeouts/warm_stepup/so_timeouts_300s_20261006T102405Z  (query_timing_/query_samples_/query_catalog_stackoverflow_1gb.csv)
  DB_NAME / DB_USER = stackoverflow_1gb / postgres
  PGPORT            = 5434  (server reports 18.6)
  RUN_ID            = 5D9FA7887A01EEDA
  WARMUP            = 1 single-copy warm-ups (the first primes the cache)
  BATCH_SIZES       = 1  x RUNS=1 measured batches each
  WORKERS           = (planner default)
  STATEMENT_TIMEOUT = 300
  THERMAL_EQUALISE  = gate (T_LO=40 T_HI=60 preheat<=60s cooldown<=120s)
  sensors           = pkg:/sys/class/hwmon/hwmon8/temp1_input cores:4 cpufreq:8 throttle:8/8
  WARMUP_FAIL_SKIP  = on (a failed warm-up skips the query's measured batches)
  IDLE_BASELINE_S   = off
  SIGLESS_ADDR      = (disabled)
Found 1 query under queries/stackoverflow/SQLStorm/28022.sql

RAPL: powercap, 1 package, domains: pkg core gpu/uncore dram

[1/1] queries/stackoverflow/SQLStorm/28022.sql (1 warmup + step-up 1 x1)
  warmup 1/1: 23.898410 sec (cache prime)
  N=1   batch 1/1: 23.165272 sec, 1 copy (server sum 23107.176 ms)
  done: 1 size x 1 run (0 failures)

Done. Batch rows appended to logs/so_timeouts/warm_stepup/so_timeouts_300s_20261006T102405Z/query_timing_stackoverflow_1gb.csv
Per-copy samples appended to logs/so_timeouts/warm_stepup/so_timeouts_300s_20261006T102405Z/query_samples_stackoverflow_1gb.csv
Machine identity appended to logs/so_timeouts/warm_stepup/so_timeouts_300s_20261006T102405Z/query_runinfo_stackoverflow_1gb.csv
Last batch ended at epoch 1791293713.919 (PREV_END_EPOCH for the next invocation)
===== [190/363] queries/stackoverflow/SQLStorm/5730.sql run_id=077320A25DB8C300 =====
query_runner configuration:
  QUERY_DIR         = queries/stackoverflow/SQLStorm/5730.sql
  LOGS_DIR          = logs/so_timeouts/warm_stepup/so_timeouts_300s_20261006T102405Z  (query_timing_/query_samples_/query_catalog_stackoverflow_1gb.csv)
  DB_NAME / DB_USER = stackoverflow_1gb / postgres
  PGPORT            = 5434  (server reports 18.6)
  RUN_ID            = 077320A25DB8C300
  WARMUP            = 1 single-copy warm-ups (the first primes the cache)
  BATCH_SIZES       = 1  x RUNS=1 measured batches each
  WORKERS           = (planner default)
  STATEMENT_TIMEOUT = 300
  THERMAL_EQUALISE  = gate (T_LO=40 T_HI=60 preheat<=60s cooldown<=120s)
  sensors           = pkg:/sys/class/hwmon/hwmon8/temp1_input cores:4 cpufreq:8 throttle:8/8
  WARMUP_FAIL_SKIP  = on (a failed warm-up skips the query's measured batches)
  IDLE_BASELINE_S   = off
  SIGLESS_ADDR      = (disabled)
Found 1 query under queries/stackoverflow/SQLStorm/5730.sql

RAPL: powercap, 1 package, domains: pkg core gpu/uncore dram

[1/1] queries/stackoverflow/SQLStorm/5730.sql (1 warmup + step-up 1 x1)
  thermal gate: waited 4s -> 60.0 C
  warmup 1/1: 36.022748 sec (cache prime)
  N=1   batch 1/1: 34.657724 sec, 1 copy (server sum 34598.314 ms)
  done: 1 size x 1 run (0 failures)

Done. Batch rows appended to logs/so_timeouts/warm_stepup/so_timeouts_300s_20261006T102405Z/query_timing_stackoverflow_1gb.csv
Per-copy samples appended to logs/so_timeouts/warm_stepup/so_timeouts_300s_20261006T102405Z/query_samples_stackoverflow_1gb.csv
Machine identity appended to logs/so_timeouts/warm_stepup/so_timeouts_300s_20261006T102405Z/query_runinfo_stackoverflow_1gb.csv
Last batch ended at epoch 1791293792.473 (PREV_END_EPOCH for the next invocation)
===== [191/363] queries/stackoverflow/SQLStorm/11892.sql run_id=616B66AA5270A86D =====
query_runner configuration:
  QUERY_DIR         = queries/stackoverflow/SQLStorm/11892.sql
  LOGS_DIR          = logs/so_timeouts/warm_stepup/so_timeouts_300s_20261006T102405Z  (query_timing_/query_samples_/query_catalog_stackoverflow_1gb.csv)
  DB_NAME / DB_USER = stackoverflow_1gb / postgres
  PGPORT            = 5434  (server reports 18.6)
  RUN_ID            = 616B66AA5270A86D
  WARMUP            = 1 single-copy warm-ups (the first primes the cache)
  BATCH_SIZES       = 1  x RUNS=1 measured batches each
  WORKERS           = (planner default)
  STATEMENT_TIMEOUT = 300
  THERMAL_EQUALISE  = gate (T_LO=40 T_HI=60 preheat<=60s cooldown<=120s)
  sensors           = pkg:/sys/class/hwmon/hwmon8/temp1_input cores:4 cpufreq:8 throttle:8/8
  WARMUP_FAIL_SKIP  = on (a failed warm-up skips the query's measured batches)
  IDLE_BASELINE_S   = off
  SIGLESS_ADDR      = (disabled)
Found 1 query under queries/stackoverflow/SQLStorm/11892.sql

RAPL: powercap, 1 package, domains: pkg core gpu/uncore dram

[1/1] queries/stackoverflow/SQLStorm/11892.sql (1 warmup + step-up 1 x1)
  warmup 1/1: 16.190153 sec (cache prime)
  N=1   batch 1/1: 8.276314 sec, 1 copy (server sum 8218.325 ms)
  done: 1 size x 1 run (0 failures)

Done. Batch rows appended to logs/so_timeouts/warm_stepup/so_timeouts_300s_20261006T102405Z/query_timing_stackoverflow_1gb.csv
Per-copy samples appended to logs/so_timeouts/warm_stepup/so_timeouts_300s_20261006T102405Z/query_samples_stackoverflow_1gb.csv
Machine identity appended to logs/so_timeouts/warm_stepup/so_timeouts_300s_20261006T102405Z/query_runinfo_stackoverflow_1gb.csv
Last batch ended at epoch 1791293820.724 (PREV_END_EPOCH for the next invocation)
===== [192/363] queries/stackoverflow/SQLStorm/26960.sql run_id=48C0FA7AE7BCFA2C =====
query_runner configuration:
  QUERY_DIR         = queries/stackoverflow/SQLStorm/26960.sql
  LOGS_DIR          = logs/so_timeouts/warm_stepup/so_timeouts_300s_20261006T102405Z  (query_timing_/query_samples_/query_catalog_stackoverflow_1gb.csv)
  DB_NAME / DB_USER = stackoverflow_1gb / postgres
  PGPORT            = 5434  (server reports 18.6)
  RUN_ID            = 48C0FA7AE7BCFA2C
  WARMUP            = 1 single-copy warm-ups (the first primes the cache)
  BATCH_SIZES       = 1  x RUNS=1 measured batches each
  WORKERS           = (planner default)
  STATEMENT_TIMEOUT = 300
  THERMAL_EQUALISE  = gate (T_LO=40 T_HI=60 preheat<=60s cooldown<=120s)
  sensors           = pkg:/sys/class/hwmon/hwmon8/temp1_input cores:4 cpufreq:8 throttle:8/8
  WARMUP_FAIL_SKIP  = on (a failed warm-up skips the query's measured batches)
  IDLE_BASELINE_S   = off
  SIGLESS_ADDR      = (disabled)
Found 1 query under queries/stackoverflow/SQLStorm/26960.sql

RAPL: powercap, 1 package, domains: pkg core gpu/uncore dram

[1/1] queries/stackoverflow/SQLStorm/26960.sql (1 warmup + step-up 1 x1)
  warmup 1/1: 25.425505 sec (cache prime)
  N=1   batch 1/1: 24.233438 sec, 1 copy (server sum 24175.757 ms)
  done: 1 size x 1 run (0 failures)

Done. Batch rows appended to logs/so_timeouts/warm_stepup/so_timeouts_300s_20261006T102405Z/query_timing_stackoverflow_1gb.csv
Per-copy samples appended to logs/so_timeouts/warm_stepup/so_timeouts_300s_20261006T102405Z/query_samples_stackoverflow_1gb.csv
Machine identity appended to logs/so_timeouts/warm_stepup/so_timeouts_300s_20261006T102405Z/query_runinfo_stackoverflow_1gb.csv
Last batch ended at epoch 1791293874.161 (PREV_END_EPOCH for the next invocation)
===== [193/363] queries/stackoverflow/SQLStorm/2658.sql run_id=AC14DCEEACFAA41B =====
query_runner configuration:
  QUERY_DIR         = queries/stackoverflow/SQLStorm/2658.sql
  LOGS_DIR          = logs/so_timeouts/warm_stepup/so_timeouts_300s_20261006T102405Z  (query_timing_/query_samples_/query_catalog_stackoverflow_1gb.csv)
  DB_NAME / DB_USER = stackoverflow_1gb / postgres
  PGPORT            = 5434  (server reports 18.6)
  RUN_ID            = AC14DCEEACFAA41B
  WARMUP            = 1 single-copy warm-ups (the first primes the cache)
  BATCH_SIZES       = 1  x RUNS=1 measured batches each
  WORKERS           = (planner default)
  STATEMENT_TIMEOUT = 300
  THERMAL_EQUALISE  = gate (T_LO=40 T_HI=60 preheat<=60s cooldown<=120s)
  sensors           = pkg:/sys/class/hwmon/hwmon8/temp1_input cores:4 cpufreq:8 throttle:8/8
  WARMUP_FAIL_SKIP  = on (a failed warm-up skips the query's measured batches)
  IDLE_BASELINE_S   = off
  SIGLESS_ADDR      = (disabled)
Found 1 query under queries/stackoverflow/SQLStorm/2658.sql

RAPL: powercap, 1 package, domains: pkg core gpu/uncore dram

[1/1] queries/stackoverflow/SQLStorm/2658.sql (1 warmup + step-up 1 x1)
  thermal gate: waited 2s -> 60.0 C
  warmup 1/1: 15.024909 sec (cache prime)
  N=1   batch 1/1: 14.187358 sec, 1 copy (server sum 14130.296 ms)
  done: 1 size x 1 run (0 failures)

Done. Batch rows appended to logs/so_timeouts/warm_stepup/so_timeouts_300s_20261006T102405Z/query_timing_stackoverflow_1gb.csv
Per-copy samples appended to logs/so_timeouts/warm_stepup/so_timeouts_300s_20261006T102405Z/query_samples_stackoverflow_1gb.csv
Machine identity appended to logs/so_timeouts/warm_stepup/so_timeouts_300s_20261006T102405Z/query_runinfo_stackoverflow_1gb.csv
Last batch ended at epoch 1791293909.163 (PREV_END_EPOCH for the next invocation)
===== [194/363] queries/stackoverflow/SQLStorm/11104.sql run_id=8A166A368D7F3CB1 =====
query_runner configuration:
  QUERY_DIR         = queries/stackoverflow/SQLStorm/11104.sql
  LOGS_DIR          = logs/so_timeouts/warm_stepup/so_timeouts_300s_20261006T102405Z  (query_timing_/query_samples_/query_catalog_stackoverflow_1gb.csv)
  DB_NAME / DB_USER = stackoverflow_1gb / postgres
  PGPORT            = 5434  (server reports 18.6)
  RUN_ID            = 8A166A368D7F3CB1
  WARMUP            = 1 single-copy warm-ups (the first primes the cache)
  BATCH_SIZES       = 1  x RUNS=1 measured batches each
  WORKERS           = (planner default)
  STATEMENT_TIMEOUT = 300
  THERMAL_EQUALISE  = gate (T_LO=40 T_HI=60 preheat<=60s cooldown<=120s)
  sensors           = pkg:/sys/class/hwmon/hwmon8/temp1_input cores:4 cpufreq:8 throttle:8/8
  WARMUP_FAIL_SKIP  = on (a failed warm-up skips the query's measured batches)
  IDLE_BASELINE_S   = off
  SIGLESS_ADDR      = (disabled)
Found 1 query under queries/stackoverflow/SQLStorm/11104.sql

RAPL: powercap, 1 package, domains: pkg core gpu/uncore dram

[1/1] queries/stackoverflow/SQLStorm/11104.sql (1 warmup + step-up 1 x1)
  warmup 1/1: 33.318402 sec (cache prime)
  N=1   batch 1/1: 31.570904 sec, 1 copy (server sum 31511.796 ms)
  done: 1 size x 1 run (0 failures)

Done. Batch rows appended to logs/so_timeouts/warm_stepup/so_timeouts_300s_20261006T102405Z/query_timing_stackoverflow_1gb.csv
Per-copy samples appended to logs/so_timeouts/warm_stepup/so_timeouts_300s_20261006T102405Z/query_samples_stackoverflow_1gb.csv
Machine identity appended to logs/so_timeouts/warm_stepup/so_timeouts_300s_20261006T102405Z/query_runinfo_stackoverflow_1gb.csv
Last batch ended at epoch 1791293978.027 (PREV_END_EPOCH for the next invocation)
===== [195/363] queries/stackoverflow/SQLStorm/25770.sql run_id=39E2AE28897D332D =====
query_runner configuration:
  QUERY_DIR         = queries/stackoverflow/SQLStorm/25770.sql
  LOGS_DIR          = logs/so_timeouts/warm_stepup/so_timeouts_300s_20261006T102405Z  (query_timing_/query_samples_/query_catalog_stackoverflow_1gb.csv)
  DB_NAME / DB_USER = stackoverflow_1gb / postgres
  PGPORT            = 5434  (server reports 18.6)
  RUN_ID            = 39E2AE28897D332D
  WARMUP            = 1 single-copy warm-ups (the first primes the cache)
  BATCH_SIZES       = 1  x RUNS=1 measured batches each
  WORKERS           = (planner default)
  STATEMENT_TIMEOUT = 300
  THERMAL_EQUALISE  = gate (T_LO=40 T_HI=60 preheat<=60s cooldown<=120s)
  sensors           = pkg:/sys/class/hwmon/hwmon8/temp1_input cores:4 cpufreq:8 throttle:8/8
  WARMUP_FAIL_SKIP  = on (a failed warm-up skips the query's measured batches)
  IDLE_BASELINE_S   = off
  SIGLESS_ADDR      = (disabled)
Found 1 query under queries/stackoverflow/SQLStorm/25770.sql

RAPL: powercap, 1 package, domains: pkg core gpu/uncore dram

[1/1] queries/stackoverflow/SQLStorm/25770.sql (1 warmup + step-up 1 x1)
  warmup 1/1: 33.428904 sec (cache prime)
  N=1   batch 1/1: 32.482498 sec, 1 copy (server sum 32423.282 ms)
  done: 1 size x 1 run (0 failures)

Done. Batch rows appended to logs/so_timeouts/warm_stepup/so_timeouts_300s_20261006T102405Z/query_timing_stackoverflow_1gb.csv
Per-copy samples appended to logs/so_timeouts/warm_stepup/so_timeouts_300s_20261006T102405Z/query_samples_stackoverflow_1gb.csv
Machine identity appended to logs/so_timeouts/warm_stepup/so_timeouts_300s_20261006T102405Z/query_runinfo_stackoverflow_1gb.csv
Last batch ended at epoch 1791294047.795 (PREV_END_EPOCH for the next invocation)
===== [196/363] queries/stackoverflow/SQLStorm/26829.sql run_id=A62ED10DE07D8ACB =====
query_runner configuration:
  QUERY_DIR         = queries/stackoverflow/SQLStorm/26829.sql
  LOGS_DIR          = logs/so_timeouts/warm_stepup/so_timeouts_300s_20261006T102405Z  (query_timing_/query_samples_/query_catalog_stackoverflow_1gb.csv)
  DB_NAME / DB_USER = stackoverflow_1gb / postgres
  PGPORT            = 5434  (server reports 18.6)
  RUN_ID            = A62ED10DE07D8ACB
  WARMUP            = 1 single-copy warm-ups (the first primes the cache)
  BATCH_SIZES       = 1  x RUNS=1 measured batches each
  WORKERS           = (planner default)
  STATEMENT_TIMEOUT = 300
  THERMAL_EQUALISE  = gate (T_LO=40 T_HI=60 preheat<=60s cooldown<=120s)
  sensors           = pkg:/sys/class/hwmon/hwmon8/temp1_input cores:4 cpufreq:8 throttle:8/8
  WARMUP_FAIL_SKIP  = on (a failed warm-up skips the query's measured batches)
  IDLE_BASELINE_S   = off
  SIGLESS_ADDR      = (disabled)
Found 1 query under queries/stackoverflow/SQLStorm/26829.sql

RAPL: powercap, 1 package, domains: pkg core gpu/uncore dram

[1/1] queries/stackoverflow/SQLStorm/26829.sql (1 warmup + step-up 1 x1)
  warmup 1/1: 23.805787 sec (cache prime)
  N=1   batch 1/1: 23.070523 sec, 1 copy (server sum 23012.634 ms)
  done: 1 size x 1 run (0 failures)

Done. Batch rows appended to logs/so_timeouts/warm_stepup/so_timeouts_300s_20261006T102405Z/query_timing_stackoverflow_1gb.csv
Per-copy samples appended to logs/so_timeouts/warm_stepup/so_timeouts_300s_20261006T102405Z/query_samples_stackoverflow_1gb.csv
Machine identity appended to logs/so_timeouts/warm_stepup/so_timeouts_300s_20261006T102405Z/query_runinfo_stackoverflow_1gb.csv
Last batch ended at epoch 1791294098.506 (PREV_END_EPOCH for the next invocation)
===== [197/363] queries/stackoverflow/SQLStorm/30155.sql run_id=82391D4FB84A6DF0 =====
query_runner configuration:
  QUERY_DIR         = queries/stackoverflow/SQLStorm/30155.sql
  LOGS_DIR          = logs/so_timeouts/warm_stepup/so_timeouts_300s_20261006T102405Z  (query_timing_/query_samples_/query_catalog_stackoverflow_1gb.csv)
  DB_NAME / DB_USER = stackoverflow_1gb / postgres
  PGPORT            = 5434  (server reports 18.6)
  RUN_ID            = 82391D4FB84A6DF0
  WARMUP            = 1 single-copy warm-ups (the first primes the cache)
  BATCH_SIZES       = 1  x RUNS=1 measured batches each
  WORKERS           = (planner default)
  STATEMENT_TIMEOUT = 300
  THERMAL_EQUALISE  = gate (T_LO=40 T_HI=60 preheat<=60s cooldown<=120s)
  sensors           = pkg:/sys/class/hwmon/hwmon8/temp1_input cores:4 cpufreq:8 throttle:8/8
  WARMUP_FAIL_SKIP  = on (a failed warm-up skips the query's measured batches)
  IDLE_BASELINE_S   = off
  SIGLESS_ADDR      = (disabled)
Found 1 query under queries/stackoverflow/SQLStorm/30155.sql

RAPL: powercap, 1 package, domains: pkg core gpu/uncore dram

[1/1] queries/stackoverflow/SQLStorm/30155.sql (1 warmup + step-up 1 x1)
  thermal gate: waited 4s -> 60.0 C
  warmup 1/1: 40.300840 sec (cache prime)
  N=1   batch 1/1: 38.991550 sec, 1 copy (server sum 38931.805 ms)
  done: 1 size x 1 run (0 failures)

Done. Batch rows appended to logs/so_timeouts/warm_stepup/so_timeouts_300s_20261006T102405Z/query_timing_stackoverflow_1gb.csv
Per-copy samples appended to logs/so_timeouts/warm_stepup/so_timeouts_300s_20261006T102405Z/query_samples_stackoverflow_1gb.csv
Machine identity appended to logs/so_timeouts/warm_stepup/so_timeouts_300s_20261006T102405Z/query_runinfo_stackoverflow_1gb.csv
Last batch ended at epoch 1791294185.653 (PREV_END_EPOCH for the next invocation)
===== [198/363] queries/stackoverflow/SQLStorm/1487.sql run_id=8B22209B7F77C96C =====
query_runner configuration:
  QUERY_DIR         = queries/stackoverflow/SQLStorm/1487.sql
  LOGS_DIR          = logs/so_timeouts/warm_stepup/so_timeouts_300s_20261006T102405Z  (query_timing_/query_samples_/query_catalog_stackoverflow_1gb.csv)
  DB_NAME / DB_USER = stackoverflow_1gb / postgres
  PGPORT            = 5434  (server reports 18.6)
  RUN_ID            = 8B22209B7F77C96C
  WARMUP            = 1 single-copy warm-ups (the first primes the cache)
  BATCH_SIZES       = 1  x RUNS=1 measured batches each
  WORKERS           = (planner default)
  STATEMENT_TIMEOUT = 300
  THERMAL_EQUALISE  = gate (T_LO=40 T_HI=60 preheat<=60s cooldown<=120s)
  sensors           = pkg:/sys/class/hwmon/hwmon8/temp1_input cores:4 cpufreq:8 throttle:8/8
  WARMUP_FAIL_SKIP  = on (a failed warm-up skips the query's measured batches)
  IDLE_BASELINE_S   = off
  SIGLESS_ADDR      = (disabled)
Found 1 query under queries/stackoverflow/SQLStorm/1487.sql

RAPL: powercap, 1 package, domains: pkg core gpu/uncore dram

[1/1] queries/stackoverflow/SQLStorm/1487.sql (1 warmup + step-up 1 x1)
  warmup 1/1: 15.979380 sec (cache prime)
  N=1   batch 1/1: 15.257757 sec, 1 copy (server sum 15200.295 ms)
  done: 1 size x 1 run (0 failures)

Done. Batch rows appended to logs/so_timeouts/warm_stepup/so_timeouts_300s_20261006T102405Z/query_timing_stackoverflow_1gb.csv
Per-copy samples appended to logs/so_timeouts/warm_stepup/so_timeouts_300s_20261006T102405Z/query_samples_stackoverflow_1gb.csv
Machine identity appended to logs/so_timeouts/warm_stepup/so_timeouts_300s_20261006T102405Z/query_runinfo_stackoverflow_1gb.csv
Last batch ended at epoch 1791294220.678 (PREV_END_EPOCH for the next invocation)
===== [199/363] queries/stackoverflow/SQLStorm/1743.sql run_id=E59382F86FC0D7C5 =====
query_runner configuration:
  QUERY_DIR         = queries/stackoverflow/SQLStorm/1743.sql
  LOGS_DIR          = logs/so_timeouts/warm_stepup/so_timeouts_300s_20261006T102405Z  (query_timing_/query_samples_/query_catalog_stackoverflow_1gb.csv)
  DB_NAME / DB_USER = stackoverflow_1gb / postgres
  PGPORT            = 5434  (server reports 18.6)
  RUN_ID            = E59382F86FC0D7C5
  WARMUP            = 1 single-copy warm-ups (the first primes the cache)
  BATCH_SIZES       = 1  x RUNS=1 measured batches each
  WORKERS           = (planner default)
  STATEMENT_TIMEOUT = 300
  THERMAL_EQUALISE  = gate (T_LO=40 T_HI=60 preheat<=60s cooldown<=120s)
  sensors           = pkg:/sys/class/hwmon/hwmon8/temp1_input cores:4 cpufreq:8 throttle:8/8
  WARMUP_FAIL_SKIP  = on (a failed warm-up skips the query's measured batches)
  IDLE_BASELINE_S   = off
  SIGLESS_ADDR      = (disabled)
Found 1 query under queries/stackoverflow/SQLStorm/1743.sql

RAPL: powercap, 1 package, domains: pkg core gpu/uncore dram

[1/1] queries/stackoverflow/SQLStorm/1743.sql (1 warmup + step-up 1 x1)
  thermal gate: waited 2s -> 59.0 C
  warmup 1/1: 37.010651 sec (cache prime)
  N=1   batch 1/1: 36.560619 sec, 1 copy (server sum 36502.435 ms)
  done: 1 size x 1 run (0 failures)

Done. Batch rows appended to logs/so_timeouts/warm_stepup/so_timeouts_300s_20261006T102405Z/query_timing_stackoverflow_1gb.csv
Per-copy samples appended to logs/so_timeouts/warm_stepup/so_timeouts_300s_20261006T102405Z/query_samples_stackoverflow_1gb.csv
Machine identity appended to logs/so_timeouts/warm_stepup/so_timeouts_300s_20261006T102405Z/query_runinfo_stackoverflow_1gb.csv
Last batch ended at epoch 1791294300.103 (PREV_END_EPOCH for the next invocation)
===== [200/363] queries/stackoverflow/SQLStorm/23955.sql run_id=16AD91C33A81A664 =====
query_runner configuration:
  QUERY_DIR         = queries/stackoverflow/SQLStorm/23955.sql
  LOGS_DIR          = logs/so_timeouts/warm_stepup/so_timeouts_300s_20261006T102405Z  (query_timing_/query_samples_/query_catalog_stackoverflow_1gb.csv)
  DB_NAME / DB_USER = stackoverflow_1gb / postgres
  PGPORT            = 5434  (server reports 18.6)
  RUN_ID            = 16AD91C33A81A664
  WARMUP            = 1 single-copy warm-ups (the first primes the cache)
  BATCH_SIZES       = 1  x RUNS=1 measured batches each
  WORKERS           = (planner default)
  STATEMENT_TIMEOUT = 300
  THERMAL_EQUALISE  = gate (T_LO=40 T_HI=60 preheat<=60s cooldown<=120s)
  sensors           = pkg:/sys/class/hwmon/hwmon8/temp1_input cores:4 cpufreq:8 throttle:8/8
  WARMUP_FAIL_SKIP  = on (a failed warm-up skips the query's measured batches)
  IDLE_BASELINE_S   = off
  SIGLESS_ADDR      = (disabled)
Found 1 query under queries/stackoverflow/SQLStorm/23955.sql

RAPL: powercap, 1 package, domains: pkg core gpu/uncore dram

[1/1] queries/stackoverflow/SQLStorm/23955.sql (1 warmup + step-up 1 x1)
  warmup 1/1: 16.841389 sec (cache prime)
  N=1   batch 1/1: 15.628385 sec, 1 copy (server sum 15568.906 ms)
  done: 1 size x 1 run (0 failures)

Done. Batch rows appended to logs/so_timeouts/warm_stepup/so_timeouts_300s_20261006T102405Z/query_timing_stackoverflow_1gb.csv
Per-copy samples appended to logs/so_timeouts/warm_stepup/so_timeouts_300s_20261006T102405Z/query_samples_stackoverflow_1gb.csv
Machine identity appended to logs/so_timeouts/warm_stepup/so_timeouts_300s_20261006T102405Z/query_runinfo_stackoverflow_1gb.csv
Last batch ended at epoch 1791294336.320 (PREV_END_EPOCH for the next invocation)
===== [201/363] queries/stackoverflow/SQLStorm/11865.sql run_id=7AB2C6052D7C4FE7 =====
query_runner configuration:
  QUERY_DIR         = queries/stackoverflow/SQLStorm/11865.sql
  LOGS_DIR          = logs/so_timeouts/warm_stepup/so_timeouts_300s_20261006T102405Z  (query_timing_/query_samples_/query_catalog_stackoverflow_1gb.csv)
  DB_NAME / DB_USER = stackoverflow_1gb / postgres
  PGPORT            = 5434  (server reports 18.6)
  RUN_ID            = 7AB2C6052D7C4FE7
  WARMUP            = 1 single-copy warm-ups (the first primes the cache)
  BATCH_SIZES       = 1  x RUNS=1 measured batches each
  WORKERS           = (planner default)
  STATEMENT_TIMEOUT = 300
  THERMAL_EQUALISE  = gate (T_LO=40 T_HI=60 preheat<=60s cooldown<=120s)
  sensors           = pkg:/sys/class/hwmon/hwmon8/temp1_input cores:4 cpufreq:8 throttle:8/8
  WARMUP_FAIL_SKIP  = on (a failed warm-up skips the query's measured batches)
  IDLE_BASELINE_S   = off
  SIGLESS_ADDR      = (disabled)
Found 1 query under queries/stackoverflow/SQLStorm/11865.sql

RAPL: powercap, 1 package, domains: pkg core gpu/uncore dram

[1/1] queries/stackoverflow/SQLStorm/11865.sql (1 warmup + step-up 1 x1)
  warmup 1/1: 35.671816 sec (cache prime)
  N=1   batch 1/1: 34.939454 sec, 1 copy (server sum 34882.023 ms)
  done: 1 size x 1 run (0 failures)

Done. Batch rows appended to logs/so_timeouts/warm_stepup/so_timeouts_300s_20261006T102405Z/query_timing_stackoverflow_1gb.csv
Per-copy samples appended to logs/so_timeouts/warm_stepup/so_timeouts_300s_20261006T102405Z/query_samples_stackoverflow_1gb.csv
Machine identity appended to logs/so_timeouts/warm_stepup/so_timeouts_300s_20261006T102405Z/query_runinfo_stackoverflow_1gb.csv
Last batch ended at epoch 1791294410.754 (PREV_END_EPOCH for the next invocation)
===== [202/363] queries/stackoverflow/SQLStorm/34814.sql run_id=6CD7751129666FD6 =====
query_runner configuration:
  QUERY_DIR         = queries/stackoverflow/SQLStorm/34814.sql
  LOGS_DIR          = logs/so_timeouts/warm_stepup/so_timeouts_300s_20261006T102405Z  (query_timing_/query_samples_/query_catalog_stackoverflow_1gb.csv)
  DB_NAME / DB_USER = stackoverflow_1gb / postgres
  PGPORT            = 5434  (server reports 18.6)
  RUN_ID            = 6CD7751129666FD6
  WARMUP            = 1 single-copy warm-ups (the first primes the cache)
  BATCH_SIZES       = 1  x RUNS=1 measured batches each
  WORKERS           = (planner default)
  STATEMENT_TIMEOUT = 300
  THERMAL_EQUALISE  = gate (T_LO=40 T_HI=60 preheat<=60s cooldown<=120s)
  sensors           = pkg:/sys/class/hwmon/hwmon8/temp1_input cores:4 cpufreq:8 throttle:8/8
  WARMUP_FAIL_SKIP  = on (a failed warm-up skips the query's measured batches)
  IDLE_BASELINE_S   = off
  SIGLESS_ADDR      = (disabled)
Found 1 query under queries/stackoverflow/SQLStorm/34814.sql

RAPL: powercap, 1 package, domains: pkg core gpu/uncore dram

[1/1] queries/stackoverflow/SQLStorm/34814.sql (1 warmup + step-up 1 x1)
  warmup 1/1: 202.981493 sec (cache prime)
  N=1   batch 1/1: 201.941368 sec, 1 copy (server sum 201882.111 ms)
  done: 1 size x 1 run (0 failures)

Done. Batch rows appended to logs/so_timeouts/warm_stepup/so_timeouts_300s_20261006T102405Z/query_timing_stackoverflow_1gb.csv
Per-copy samples appended to logs/so_timeouts/warm_stepup/so_timeouts_300s_20261006T102405Z/query_samples_stackoverflow_1gb.csv
Machine identity appended to logs/so_timeouts/warm_stepup/so_timeouts_300s_20261006T102405Z/query_runinfo_stackoverflow_1gb.csv
Last batch ended at epoch 1791294819.276 (PREV_END_EPOCH for the next invocation)
===== [203/363] queries/stackoverflow/SQLStorm/10060.sql run_id=46B5A4300277D046 =====
query_runner configuration:
  QUERY_DIR         = queries/stackoverflow/SQLStorm/10060.sql
  LOGS_DIR          = logs/so_timeouts/warm_stepup/so_timeouts_300s_20261006T102405Z  (query_timing_/query_samples_/query_catalog_stackoverflow_1gb.csv)
  DB_NAME / DB_USER = stackoverflow_1gb / postgres
  PGPORT            = 5434  (server reports 18.6)
  RUN_ID            = 46B5A4300277D046
  WARMUP            = 1 single-copy warm-ups (the first primes the cache)
  BATCH_SIZES       = 1  x RUNS=1 measured batches each
  WORKERS           = (planner default)
  STATEMENT_TIMEOUT = 300
  THERMAL_EQUALISE  = gate (T_LO=40 T_HI=60 preheat<=60s cooldown<=120s)
  sensors           = pkg:/sys/class/hwmon/hwmon8/temp1_input cores:4 cpufreq:8 throttle:8/8
  WARMUP_FAIL_SKIP  = on (a failed warm-up skips the query's measured batches)
  IDLE_BASELINE_S   = off
  SIGLESS_ADDR      = (disabled)
Found 1 query under queries/stackoverflow/SQLStorm/10060.sql

RAPL: powercap, 1 package, domains: pkg core gpu/uncore dram

[1/1] queries/stackoverflow/SQLStorm/10060.sql (1 warmup + step-up 1 x1)
  warmup 1/1: 47.133494 sec (cache prime)
  N=1   batch 1/1: 45.106377 sec, 1 copy (server sum 45048.359 ms)
  done: 1 size x 1 run (0 failures)

Done. Batch rows appended to logs/so_timeouts/warm_stepup/so_timeouts_300s_20261006T102405Z/query_timing_stackoverflow_1gb.csv
Per-copy samples appended to logs/so_timeouts/warm_stepup/so_timeouts_300s_20261006T102405Z/query_samples_stackoverflow_1gb.csv
Machine identity appended to logs/so_timeouts/warm_stepup/so_timeouts_300s_20261006T102405Z/query_runinfo_stackoverflow_1gb.csv
Last batch ended at epoch 1791294915.611 (PREV_END_EPOCH for the next invocation)
===== [204/363] queries/stackoverflow/SQLStorm/21062.sql run_id=36AE052E5C9BBE82 =====
query_runner configuration:
  QUERY_DIR         = queries/stackoverflow/SQLStorm/21062.sql
  LOGS_DIR          = logs/so_timeouts/warm_stepup/so_timeouts_300s_20261006T102405Z  (query_timing_/query_samples_/query_catalog_stackoverflow_1gb.csv)
  DB_NAME / DB_USER = stackoverflow_1gb / postgres
  PGPORT            = 5434  (server reports 18.6)
  RUN_ID            = 36AE052E5C9BBE82
  WARMUP            = 1 single-copy warm-ups (the first primes the cache)
  BATCH_SIZES       = 1  x RUNS=1 measured batches each
  WORKERS           = (planner default)
  STATEMENT_TIMEOUT = 300
  THERMAL_EQUALISE  = gate (T_LO=40 T_HI=60 preheat<=60s cooldown<=120s)
  sensors           = pkg:/sys/class/hwmon/hwmon8/temp1_input cores:4 cpufreq:8 throttle:8/8
  WARMUP_FAIL_SKIP  = on (a failed warm-up skips the query's measured batches)
  IDLE_BASELINE_S   = off
  SIGLESS_ADDR      = (disabled)
Found 1 query under queries/stackoverflow/SQLStorm/21062.sql

RAPL: powercap, 1 package, domains: pkg core gpu/uncore dram

[1/1] queries/stackoverflow/SQLStorm/21062.sql (1 warmup + step-up 1 x1)
  warmup 1/1: 38.017823 sec (cache prime)
  N=1   batch 1/1: 36.994871 sec, 1 copy (server sum 36935.330 ms)
  done: 1 size x 1 run (0 failures)

Done. Batch rows appended to logs/so_timeouts/warm_stepup/so_timeouts_300s_20261006T102405Z/query_timing_stackoverflow_1gb.csv
Per-copy samples appended to logs/so_timeouts/warm_stepup/so_timeouts_300s_20261006T102405Z/query_samples_stackoverflow_1gb.csv
Machine identity appended to logs/so_timeouts/warm_stepup/so_timeouts_300s_20261006T102405Z/query_runinfo_stackoverflow_1gb.csv
Last batch ended at epoch 1791294994.486 (PREV_END_EPOCH for the next invocation)
===== [205/363] queries/stackoverflow/SQLStorm/1018.sql run_id=AD6CBBF59B3B2820 =====
query_runner configuration:
  QUERY_DIR         = queries/stackoverflow/SQLStorm/1018.sql
  LOGS_DIR          = logs/so_timeouts/warm_stepup/so_timeouts_300s_20261006T102405Z  (query_timing_/query_samples_/query_catalog_stackoverflow_1gb.csv)
  DB_NAME / DB_USER = stackoverflow_1gb / postgres
  PGPORT            = 5434  (server reports 18.6)
  RUN_ID            = AD6CBBF59B3B2820
  WARMUP            = 1 single-copy warm-ups (the first primes the cache)
  BATCH_SIZES       = 1  x RUNS=1 measured batches each
  WORKERS           = (planner default)
  STATEMENT_TIMEOUT = 300
  THERMAL_EQUALISE  = gate (T_LO=40 T_HI=60 preheat<=60s cooldown<=120s)
  sensors           = pkg:/sys/class/hwmon/hwmon8/temp1_input cores:4 cpufreq:8 throttle:8/8
  WARMUP_FAIL_SKIP  = on (a failed warm-up skips the query's measured batches)
  IDLE_BASELINE_S   = off
  SIGLESS_ADDR      = (disabled)
Found 1 query under queries/stackoverflow/SQLStorm/1018.sql

RAPL: powercap, 1 package, domains: pkg core gpu/uncore dram

[1/1] queries/stackoverflow/SQLStorm/1018.sql (1 warmup + step-up 1 x1)
  warmup 1/1: 38.953634 sec (cache prime)
  N=1   batch 1/1: 36.383823 sec, 1 copy (server sum 36325.336 ms)
  done: 1 size x 1 run (0 failures)

Done. Batch rows appended to logs/so_timeouts/warm_stepup/so_timeouts_300s_20261006T102405Z/query_timing_stackoverflow_1gb.csv
Per-copy samples appended to logs/so_timeouts/warm_stepup/so_timeouts_300s_20261006T102405Z/query_samples_stackoverflow_1gb.csv
Machine identity appended to logs/so_timeouts/warm_stepup/so_timeouts_300s_20261006T102405Z/query_runinfo_stackoverflow_1gb.csv
Last batch ended at epoch 1791295073.804 (PREV_END_EPOCH for the next invocation)
===== [206/363] queries/stackoverflow/SQLStorm/20680.sql run_id=75472B1FECDC4E86 =====
query_runner configuration:
  QUERY_DIR         = queries/stackoverflow/SQLStorm/20680.sql
  LOGS_DIR          = logs/so_timeouts/warm_stepup/so_timeouts_300s_20261006T102405Z  (query_timing_/query_samples_/query_catalog_stackoverflow_1gb.csv)
  DB_NAME / DB_USER = stackoverflow_1gb / postgres
  PGPORT            = 5434  (server reports 18.6)
  RUN_ID            = 75472B1FECDC4E86
  WARMUP            = 1 single-copy warm-ups (the first primes the cache)
  BATCH_SIZES       = 1  x RUNS=1 measured batches each
  WORKERS           = (planner default)
  STATEMENT_TIMEOUT = 300
  THERMAL_EQUALISE  = gate (T_LO=40 T_HI=60 preheat<=60s cooldown<=120s)
  sensors           = pkg:/sys/class/hwmon/hwmon8/temp1_input cores:4 cpufreq:8 throttle:8/8
  WARMUP_FAIL_SKIP  = on (a failed warm-up skips the query's measured batches)
  IDLE_BASELINE_S   = off
  SIGLESS_ADDR      = (disabled)
Found 1 query under queries/stackoverflow/SQLStorm/20680.sql

RAPL: powercap, 1 package, domains: pkg core gpu/uncore dram

[1/1] queries/stackoverflow/SQLStorm/20680.sql (1 warmup + step-up 1 x1)
  warmup 1/1: 17.610418 sec (cache prime)
  N=1   batch 1/1: 16.336767 sec, 1 copy (server sum 16278.737 ms)
  done: 1 size x 1 run (0 failures)

Done. Batch rows appended to logs/so_timeouts/warm_stepup/so_timeouts_300s_20261006T102405Z/query_timing_stackoverflow_1gb.csv
Per-copy samples appended to logs/so_timeouts/warm_stepup/so_timeouts_300s_20261006T102405Z/query_samples_stackoverflow_1gb.csv
Machine identity appended to logs/so_timeouts/warm_stepup/so_timeouts_300s_20261006T102405Z/query_runinfo_stackoverflow_1gb.csv
Last batch ended at epoch 1791295111.584 (PREV_END_EPOCH for the next invocation)
===== [207/363] queries/stackoverflow/SQLStorm/11654.sql run_id=27F9FAFFAF0542B0 =====
query_runner configuration:
  QUERY_DIR         = queries/stackoverflow/SQLStorm/11654.sql
  LOGS_DIR          = logs/so_timeouts/warm_stepup/so_timeouts_300s_20261006T102405Z  (query_timing_/query_samples_/query_catalog_stackoverflow_1gb.csv)
  DB_NAME / DB_USER = stackoverflow_1gb / postgres
  PGPORT            = 5434  (server reports 18.6)
  RUN_ID            = 27F9FAFFAF0542B0
  WARMUP            = 1 single-copy warm-ups (the first primes the cache)
  BATCH_SIZES       = 1  x RUNS=1 measured batches each
  WORKERS           = (planner default)
  STATEMENT_TIMEOUT = 300
  THERMAL_EQUALISE  = gate (T_LO=40 T_HI=60 preheat<=60s cooldown<=120s)
  sensors           = pkg:/sys/class/hwmon/hwmon8/temp1_input cores:4 cpufreq:8 throttle:8/8
  WARMUP_FAIL_SKIP  = on (a failed warm-up skips the query's measured batches)
  IDLE_BASELINE_S   = off
  SIGLESS_ADDR      = (disabled)
Found 1 query under queries/stackoverflow/SQLStorm/11654.sql

RAPL: powercap, 1 package, domains: pkg core gpu/uncore dram

[1/1] queries/stackoverflow/SQLStorm/11654.sql (1 warmup + step-up 1 x1)
  warmup 1/1: 26.557508 sec (cache prime)
  N=1   batch 1/1: 25.839949 sec, 1 copy (server sum 25783.274 ms)
  done: 1 size x 1 run (0 failures)

Done. Batch rows appended to logs/so_timeouts/warm_stepup/so_timeouts_300s_20261006T102405Z/query_timing_stackoverflow_1gb.csv
Per-copy samples appended to logs/so_timeouts/warm_stepup/so_timeouts_300s_20261006T102405Z/query_samples_stackoverflow_1gb.csv
Machine identity appended to logs/so_timeouts/warm_stepup/so_timeouts_300s_20261006T102405Z/query_runinfo_stackoverflow_1gb.csv
Last batch ended at epoch 1791295167.750 (PREV_END_EPOCH for the next invocation)
===== [208/363] queries/stackoverflow/SQLStorm/7637.sql run_id=828B0013769CC430 =====
query_runner configuration:
  QUERY_DIR         = queries/stackoverflow/SQLStorm/7637.sql
  LOGS_DIR          = logs/so_timeouts/warm_stepup/so_timeouts_300s_20261006T102405Z  (query_timing_/query_samples_/query_catalog_stackoverflow_1gb.csv)
  DB_NAME / DB_USER = stackoverflow_1gb / postgres
  PGPORT            = 5434  (server reports 18.6)
  RUN_ID            = 828B0013769CC430
  WARMUP            = 1 single-copy warm-ups (the first primes the cache)
  BATCH_SIZES       = 1  x RUNS=1 measured batches each
  WORKERS           = (planner default)
  STATEMENT_TIMEOUT = 300
  THERMAL_EQUALISE  = gate (T_LO=40 T_HI=60 preheat<=60s cooldown<=120s)
  sensors           = pkg:/sys/class/hwmon/hwmon8/temp1_input cores:4 cpufreq:8 throttle:8/8
  WARMUP_FAIL_SKIP  = on (a failed warm-up skips the query's measured batches)
  IDLE_BASELINE_S   = off
  SIGLESS_ADDR      = (disabled)
Found 1 query under queries/stackoverflow/SQLStorm/7637.sql

RAPL: powercap, 1 package, domains: pkg core gpu/uncore dram

[1/1] queries/stackoverflow/SQLStorm/7637.sql (1 warmup + step-up 1 x1)
  warmup 1/1: 39.104583 sec (cache prime)
  N=1   batch 1/1: 38.135112 sec, 1 copy (server sum 38066.936 ms)
  done: 1 size x 1 run (0 failures)

Done. Batch rows appended to logs/so_timeouts/warm_stepup/so_timeouts_300s_20261006T102405Z/query_timing_stackoverflow_1gb.csv
Per-copy samples appended to logs/so_timeouts/warm_stepup/so_timeouts_300s_20261006T102405Z/query_samples_stackoverflow_1gb.csv
Machine identity appended to logs/so_timeouts/warm_stepup/so_timeouts_300s_20261006T102405Z/query_runinfo_stackoverflow_1gb.csv
Last batch ended at epoch 1791295248.822 (PREV_END_EPOCH for the next invocation)
===== [209/363] queries/stackoverflow/SQLStorm/5789.sql run_id=E049896503DF4373 =====
query_runner configuration:
  QUERY_DIR         = queries/stackoverflow/SQLStorm/5789.sql
  LOGS_DIR          = logs/so_timeouts/warm_stepup/so_timeouts_300s_20261006T102405Z  (query_timing_/query_samples_/query_catalog_stackoverflow_1gb.csv)
  DB_NAME / DB_USER = stackoverflow_1gb / postgres
  PGPORT            = 5434  (server reports 18.6)
  RUN_ID            = E049896503DF4373
  WARMUP            = 1 single-copy warm-ups (the first primes the cache)
  BATCH_SIZES       = 1  x RUNS=1 measured batches each
  WORKERS           = (planner default)
  STATEMENT_TIMEOUT = 300
  THERMAL_EQUALISE  = gate (T_LO=40 T_HI=60 preheat<=60s cooldown<=120s)
  sensors           = pkg:/sys/class/hwmon/hwmon8/temp1_input cores:4 cpufreq:8 throttle:8/8
  WARMUP_FAIL_SKIP  = on (a failed warm-up skips the query's measured batches)
  IDLE_BASELINE_S   = off
  SIGLESS_ADDR      = (disabled)
Found 1 query under queries/stackoverflow/SQLStorm/5789.sql

RAPL: powercap, 1 package, domains: pkg core gpu/uncore dram

[1/1] queries/stackoverflow/SQLStorm/5789.sql (1 warmup + step-up 1 x1)
  warmup 1/1: 33.754705 sec (cache prime)
  N=1   batch 1/1: 32.946235 sec, 1 copy (server sum 32888.023 ms)
  done: 1 size x 1 run (0 failures)

Done. Batch rows appended to logs/so_timeouts/warm_stepup/so_timeouts_300s_20261006T102405Z/query_timing_stackoverflow_1gb.csv
Per-copy samples appended to logs/so_timeouts/warm_stepup/so_timeouts_300s_20261006T102405Z/query_samples_stackoverflow_1gb.csv
Machine identity appended to logs/so_timeouts/warm_stepup/so_timeouts_300s_20261006T102405Z/query_runinfo_stackoverflow_1gb.csv
Last batch ended at epoch 1791295319.341 (PREV_END_EPOCH for the next invocation)
===== [210/363] queries/stackoverflow/SQLStorm/7313.sql run_id=893C3130A94E87A5 =====
query_runner configuration:
  QUERY_DIR         = queries/stackoverflow/SQLStorm/7313.sql
  LOGS_DIR          = logs/so_timeouts/warm_stepup/so_timeouts_300s_20261006T102405Z  (query_timing_/query_samples_/query_catalog_stackoverflow_1gb.csv)
  DB_NAME / DB_USER = stackoverflow_1gb / postgres
  PGPORT            = 5434  (server reports 18.6)
  RUN_ID            = 893C3130A94E87A5
  WARMUP            = 1 single-copy warm-ups (the first primes the cache)
  BATCH_SIZES       = 1  x RUNS=1 measured batches each
  WORKERS           = (planner default)
  STATEMENT_TIMEOUT = 300
  THERMAL_EQUALISE  = gate (T_LO=40 T_HI=60 preheat<=60s cooldown<=120s)
  sensors           = pkg:/sys/class/hwmon/hwmon8/temp1_input cores:4 cpufreq:8 throttle:8/8
  WARMUP_FAIL_SKIP  = on (a failed warm-up skips the query's measured batches)
  IDLE_BASELINE_S   = off
  SIGLESS_ADDR      = (disabled)
Found 1 query under queries/stackoverflow/SQLStorm/7313.sql

RAPL: powercap, 1 package, domains: pkg core gpu/uncore dram

[1/1] queries/stackoverflow/SQLStorm/7313.sql (1 warmup + step-up 1 x1)
  warmup 1/1: 32.645657 sec (cache prime)
  N=1   batch 1/1: 31.296504 sec, 1 copy (server sum 31238.462 ms)
  done: 1 size x 1 run (0 failures)

Done. Batch rows appended to logs/so_timeouts/warm_stepup/so_timeouts_300s_20261006T102405Z/query_timing_stackoverflow_1gb.csv
Per-copy samples appended to logs/so_timeouts/warm_stepup/so_timeouts_300s_20261006T102405Z/query_samples_stackoverflow_1gb.csv
Machine identity appended to logs/so_timeouts/warm_stepup/so_timeouts_300s_20261006T102405Z/query_runinfo_stackoverflow_1gb.csv
Last batch ended at epoch 1791295387.111 (PREV_END_EPOCH for the next invocation)
===== [211/363] queries/stackoverflow/SQLStorm/20434.sql run_id=C29208186EA9A299 =====
query_runner configuration:
  QUERY_DIR         = queries/stackoverflow/SQLStorm/20434.sql
  LOGS_DIR          = logs/so_timeouts/warm_stepup/so_timeouts_300s_20261006T102405Z  (query_timing_/query_samples_/query_catalog_stackoverflow_1gb.csv)
  DB_NAME / DB_USER = stackoverflow_1gb / postgres
  PGPORT            = 5434  (server reports 18.6)
  RUN_ID            = C29208186EA9A299
  WARMUP            = 1 single-copy warm-ups (the first primes the cache)
  BATCH_SIZES       = 1  x RUNS=1 measured batches each
  WORKERS           = (planner default)
  STATEMENT_TIMEOUT = 300
  THERMAL_EQUALISE  = gate (T_LO=40 T_HI=60 preheat<=60s cooldown<=120s)
  sensors           = pkg:/sys/class/hwmon/hwmon8/temp1_input cores:4 cpufreq:8 throttle:8/8
  WARMUP_FAIL_SKIP  = on (a failed warm-up skips the query's measured batches)
  IDLE_BASELINE_S   = off
  SIGLESS_ADDR      = (disabled)
Found 1 query under queries/stackoverflow/SQLStorm/20434.sql

RAPL: powercap, 1 package, domains: pkg core gpu/uncore dram

[1/1] queries/stackoverflow/SQLStorm/20434.sql (1 warmup + step-up 1 x1)
  warmup 1/1: 31.901283 sec (cache prime)
  N=1   batch 1/1: 30.859482 sec, 1 copy (server sum 30800.644 ms)
  done: 1 size x 1 run (0 failures)

Done. Batch rows appended to logs/so_timeouts/warm_stepup/so_timeouts_300s_20261006T102405Z/query_timing_stackoverflow_1gb.csv
Per-copy samples appended to logs/so_timeouts/warm_stepup/so_timeouts_300s_20261006T102405Z/query_samples_stackoverflow_1gb.csv
Machine identity appended to logs/so_timeouts/warm_stepup/so_timeouts_300s_20261006T102405Z/query_runinfo_stackoverflow_1gb.csv
Last batch ended at epoch 1791295453.763 (PREV_END_EPOCH for the next invocation)
===== [212/363] queries/stackoverflow/SQLStorm/515.sql run_id=8BB9AC7D3ABD3585 =====
query_runner configuration:
  QUERY_DIR         = queries/stackoverflow/SQLStorm/515.sql
  LOGS_DIR          = logs/so_timeouts/warm_stepup/so_timeouts_300s_20261006T102405Z  (query_timing_/query_samples_/query_catalog_stackoverflow_1gb.csv)
  DB_NAME / DB_USER = stackoverflow_1gb / postgres
  PGPORT            = 5434  (server reports 18.6)
  RUN_ID            = 8BB9AC7D3ABD3585
  WARMUP            = 1 single-copy warm-ups (the first primes the cache)
  BATCH_SIZES       = 1  x RUNS=1 measured batches each
  WORKERS           = (planner default)
  STATEMENT_TIMEOUT = 300
  THERMAL_EQUALISE  = gate (T_LO=40 T_HI=60 preheat<=60s cooldown<=120s)
  sensors           = pkg:/sys/class/hwmon/hwmon8/temp1_input cores:4 cpufreq:8 throttle:8/8
  WARMUP_FAIL_SKIP  = on (a failed warm-up skips the query's measured batches)
  IDLE_BASELINE_S   = off
  SIGLESS_ADDR      = (disabled)
Found 1 query under queries/stackoverflow/SQLStorm/515.sql

RAPL: powercap, 1 package, domains: pkg core gpu/uncore dram

[1/1] queries/stackoverflow/SQLStorm/515.sql (1 warmup + step-up 1 x1)
  warmup 1/1: 31.284287 sec (cache prime)
  N=1   batch 1/1: 32.848238 sec, 1 copy (server sum 32789.861 ms)
  done: 1 size x 1 run (0 failures)

Done. Batch rows appended to logs/so_timeouts/warm_stepup/so_timeouts_300s_20261006T102405Z/query_timing_stackoverflow_1gb.csv
Per-copy samples appended to logs/so_timeouts/warm_stepup/so_timeouts_300s_20261006T102405Z/query_samples_stackoverflow_1gb.csv
Machine identity appended to logs/so_timeouts/warm_stepup/so_timeouts_300s_20261006T102405Z/query_runinfo_stackoverflow_1gb.csv
Last batch ended at epoch 1791295522.081 (PREV_END_EPOCH for the next invocation)
===== [213/363] queries/stackoverflow/SQLStorm/5052.sql run_id=6492A0249EEAD5B5 =====
query_runner configuration:
  QUERY_DIR         = queries/stackoverflow/SQLStorm/5052.sql
  LOGS_DIR          = logs/so_timeouts/warm_stepup/so_timeouts_300s_20261006T102405Z  (query_timing_/query_samples_/query_catalog_stackoverflow_1gb.csv)
  DB_NAME / DB_USER = stackoverflow_1gb / postgres
  PGPORT            = 5434  (server reports 18.6)
  RUN_ID            = 6492A0249EEAD5B5
  WARMUP            = 1 single-copy warm-ups (the first primes the cache)
  BATCH_SIZES       = 1  x RUNS=1 measured batches each
  WORKERS           = (planner default)
  STATEMENT_TIMEOUT = 300
  THERMAL_EQUALISE  = gate (T_LO=40 T_HI=60 preheat<=60s cooldown<=120s)
  sensors           = pkg:/sys/class/hwmon/hwmon8/temp1_input cores:4 cpufreq:8 throttle:8/8
  WARMUP_FAIL_SKIP  = on (a failed warm-up skips the query's measured batches)
  IDLE_BASELINE_S   = off
  SIGLESS_ADDR      = (disabled)
Found 1 query under queries/stackoverflow/SQLStorm/5052.sql

RAPL: powercap, 1 package, domains: pkg core gpu/uncore dram

[1/1] queries/stackoverflow/SQLStorm/5052.sql (1 warmup + step-up 1 x1)
  thermal gate: waited 2s -> 59.0 C
  warmup 1/1: 27.023456 sec (cache prime)
  N=1   batch 1/1: 26.405936 sec, 1 copy (server sum 26340.963 ms)
  done: 1 size x 1 run (0 failures)

Done. Batch rows appended to logs/so_timeouts/warm_stepup/so_timeouts_300s_20261006T102405Z/query_timing_stackoverflow_1gb.csv
Per-copy samples appended to logs/so_timeouts/warm_stepup/so_timeouts_300s_20261006T102405Z/query_samples_stackoverflow_1gb.csv
Machine identity appended to logs/so_timeouts/warm_stepup/so_timeouts_300s_20261006T102405Z/query_runinfo_stackoverflow_1gb.csv
Last batch ended at epoch 1791295581.460 (PREV_END_EPOCH for the next invocation)
===== [214/363] queries/stackoverflow/SQLStorm/27925.sql run_id=505A9EFBBB29B63F =====
query_runner configuration:
  QUERY_DIR         = queries/stackoverflow/SQLStorm/27925.sql
  LOGS_DIR          = logs/so_timeouts/warm_stepup/so_timeouts_300s_20261006T102405Z  (query_timing_/query_samples_/query_catalog_stackoverflow_1gb.csv)
  DB_NAME / DB_USER = stackoverflow_1gb / postgres
  PGPORT            = 5434  (server reports 18.6)
  RUN_ID            = 505A9EFBBB29B63F
  WARMUP            = 1 single-copy warm-ups (the first primes the cache)
  BATCH_SIZES       = 1  x RUNS=1 measured batches each
  WORKERS           = (planner default)
  STATEMENT_TIMEOUT = 300
  THERMAL_EQUALISE  = gate (T_LO=40 T_HI=60 preheat<=60s cooldown<=120s)
  sensors           = pkg:/sys/class/hwmon/hwmon8/temp1_input cores:4 cpufreq:8 throttle:8/8
  WARMUP_FAIL_SKIP  = on (a failed warm-up skips the query's measured batches)
  IDLE_BASELINE_S   = off
  SIGLESS_ADDR      = (disabled)
Found 1 query under queries/stackoverflow/SQLStorm/27925.sql

RAPL: powercap, 1 package, domains: pkg core gpu/uncore dram

[1/1] queries/stackoverflow/SQLStorm/27925.sql (1 warmup + step-up 1 x1)
  warmup 1/1: 34.862961 sec (cache prime)
  N=1   batch 1/1: 34.158125 sec, 1 copy (server sum 34099.900 ms)
  done: 1 size x 1 run (0 failures)

Done. Batch rows appended to logs/so_timeouts/warm_stepup/so_timeouts_300s_20261006T102405Z/query_timing_stackoverflow_1gb.csv
Per-copy samples appended to logs/so_timeouts/warm_stepup/so_timeouts_300s_20261006T102405Z/query_samples_stackoverflow_1gb.csv
Machine identity appended to logs/so_timeouts/warm_stepup/so_timeouts_300s_20261006T102405Z/query_runinfo_stackoverflow_1gb.csv
Last batch ended at epoch 1791295654.112 (PREV_END_EPOCH for the next invocation)
===== [215/363] queries/stackoverflow/SQLStorm/14624.sql run_id=306CBD717470D0C0 =====
query_runner configuration:
  QUERY_DIR         = queries/stackoverflow/SQLStorm/14624.sql
  LOGS_DIR          = logs/so_timeouts/warm_stepup/so_timeouts_300s_20261006T102405Z  (query_timing_/query_samples_/query_catalog_stackoverflow_1gb.csv)
  DB_NAME / DB_USER = stackoverflow_1gb / postgres
  PGPORT            = 5434  (server reports 18.6)
  RUN_ID            = 306CBD717470D0C0
  WARMUP            = 1 single-copy warm-ups (the first primes the cache)
  BATCH_SIZES       = 1  x RUNS=1 measured batches each
  WORKERS           = (planner default)
  STATEMENT_TIMEOUT = 300
  THERMAL_EQUALISE  = gate (T_LO=40 T_HI=60 preheat<=60s cooldown<=120s)
  sensors           = pkg:/sys/class/hwmon/hwmon8/temp1_input cores:4 cpufreq:8 throttle:8/8
  WARMUP_FAIL_SKIP  = on (a failed warm-up skips the query's measured batches)
  IDLE_BASELINE_S   = off
  SIGLESS_ADDR      = (disabled)
Found 1 query under queries/stackoverflow/SQLStorm/14624.sql

RAPL: powercap, 1 package, domains: pkg core gpu/uncore dram

[1/1] queries/stackoverflow/SQLStorm/14624.sql (1 warmup + step-up 1 x1)
  warmup 1/1: 36.132358 sec (cache prime)
  N=1   batch 1/1: 34.866110 sec, 1 copy (server sum 34808.084 ms)
  done: 1 size x 1 run (0 failures)

Done. Batch rows appended to logs/so_timeouts/warm_stepup/so_timeouts_300s_20261006T102405Z/query_timing_stackoverflow_1gb.csv
Per-copy samples appended to logs/so_timeouts/warm_stepup/so_timeouts_300s_20261006T102405Z/query_samples_stackoverflow_1gb.csv
Machine identity appended to logs/so_timeouts/warm_stepup/so_timeouts_300s_20261006T102405Z/query_runinfo_stackoverflow_1gb.csv
Last batch ended at epoch 1791295728.913 (PREV_END_EPOCH for the next invocation)
===== [216/363] queries/stackoverflow/SQLStorm/6296.sql run_id=92979330F69730D3 =====
query_runner configuration:
  QUERY_DIR         = queries/stackoverflow/SQLStorm/6296.sql
  LOGS_DIR          = logs/so_timeouts/warm_stepup/so_timeouts_300s_20261006T102405Z  (query_timing_/query_samples_/query_catalog_stackoverflow_1gb.csv)
  DB_NAME / DB_USER = stackoverflow_1gb / postgres
  PGPORT            = 5434  (server reports 18.6)
  RUN_ID            = 92979330F69730D3
  WARMUP            = 1 single-copy warm-ups (the first primes the cache)
  BATCH_SIZES       = 1  x RUNS=1 measured batches each
  WORKERS           = (planner default)
  STATEMENT_TIMEOUT = 300
  THERMAL_EQUALISE  = gate (T_LO=40 T_HI=60 preheat<=60s cooldown<=120s)
  sensors           = pkg:/sys/class/hwmon/hwmon8/temp1_input cores:4 cpufreq:8 throttle:8/8
  WARMUP_FAIL_SKIP  = on (a failed warm-up skips the query's measured batches)
  IDLE_BASELINE_S   = off
  SIGLESS_ADDR      = (disabled)
Found 1 query under queries/stackoverflow/SQLStorm/6296.sql

RAPL: powercap, 1 package, domains: pkg core gpu/uncore dram

[1/1] queries/stackoverflow/SQLStorm/6296.sql (1 warmup + step-up 1 x1)
  warmup 1/1: 16.886132 sec (cache prime)
  N=1   batch 1/1: 15.695834 sec, 1 copy (server sum 15637.946 ms)
  done: 1 size x 1 run (0 failures)

Done. Batch rows appended to logs/so_timeouts/warm_stepup/so_timeouts_300s_20261006T102405Z/query_timing_stackoverflow_1gb.csv
Per-copy samples appended to logs/so_timeouts/warm_stepup/so_timeouts_300s_20261006T102405Z/query_samples_stackoverflow_1gb.csv
Machine identity appended to logs/so_timeouts/warm_stepup/so_timeouts_300s_20261006T102405Z/query_runinfo_stackoverflow_1gb.csv
Last batch ended at epoch 1791295765.424 (PREV_END_EPOCH for the next invocation)
===== [217/363] queries/stackoverflow/SQLStorm/1078.sql run_id=AA69A721A980CA36 =====
query_runner configuration:
  QUERY_DIR         = queries/stackoverflow/SQLStorm/1078.sql
  LOGS_DIR          = logs/so_timeouts/warm_stepup/so_timeouts_300s_20261006T102405Z  (query_timing_/query_samples_/query_catalog_stackoverflow_1gb.csv)
  DB_NAME / DB_USER = stackoverflow_1gb / postgres
  PGPORT            = 5434  (server reports 18.6)
  RUN_ID            = AA69A721A980CA36
  WARMUP            = 1 single-copy warm-ups (the first primes the cache)
  BATCH_SIZES       = 1  x RUNS=1 measured batches each
  WORKERS           = (planner default)
  STATEMENT_TIMEOUT = 300
  THERMAL_EQUALISE  = gate (T_LO=40 T_HI=60 preheat<=60s cooldown<=120s)
  sensors           = pkg:/sys/class/hwmon/hwmon8/temp1_input cores:4 cpufreq:8 throttle:8/8
  WARMUP_FAIL_SKIP  = on (a failed warm-up skips the query's measured batches)
  IDLE_BASELINE_S   = off
  SIGLESS_ADDR      = (disabled)
Found 1 query under queries/stackoverflow/SQLStorm/1078.sql

RAPL: powercap, 1 package, domains: pkg core gpu/uncore dram

[1/1] queries/stackoverflow/SQLStorm/1078.sql (1 warmup + step-up 1 x1)
  warmup 1/1: 40.132692 sec (cache prime)
  N=1   batch 1/1: 39.243526 sec, 1 copy (server sum 39177.814 ms)
  done: 1 size x 1 run (0 failures)

Done. Batch rows appended to logs/so_timeouts/warm_stepup/so_timeouts_300s_20261006T102405Z/query_timing_stackoverflow_1gb.csv
Per-copy samples appended to logs/so_timeouts/warm_stepup/so_timeouts_300s_20261006T102405Z/query_samples_stackoverflow_1gb.csv
Machine identity appended to logs/so_timeouts/warm_stepup/so_timeouts_300s_20261006T102405Z/query_runinfo_stackoverflow_1gb.csv
Last batch ended at epoch 1791295848.673 (PREV_END_EPOCH for the next invocation)
===== [218/363] queries/stackoverflow/SQLStorm/25611.sql run_id=8BB7109E66AF995D =====
query_runner configuration:
  QUERY_DIR         = queries/stackoverflow/SQLStorm/25611.sql
  LOGS_DIR          = logs/so_timeouts/warm_stepup/so_timeouts_300s_20261006T102405Z  (query_timing_/query_samples_/query_catalog_stackoverflow_1gb.csv)
  DB_NAME / DB_USER = stackoverflow_1gb / postgres
  PGPORT            = 5434  (server reports 18.6)
  RUN_ID            = 8BB7109E66AF995D
  WARMUP            = 1 single-copy warm-ups (the first primes the cache)
  BATCH_SIZES       = 1  x RUNS=1 measured batches each
  WORKERS           = (planner default)
  STATEMENT_TIMEOUT = 300
  THERMAL_EQUALISE  = gate (T_LO=40 T_HI=60 preheat<=60s cooldown<=120s)
  sensors           = pkg:/sys/class/hwmon/hwmon8/temp1_input cores:4 cpufreq:8 throttle:8/8
  WARMUP_FAIL_SKIP  = on (a failed warm-up skips the query's measured batches)
  IDLE_BASELINE_S   = off
  SIGLESS_ADDR      = (disabled)
Found 1 query under queries/stackoverflow/SQLStorm/25611.sql

RAPL: powercap, 1 package, domains: pkg core gpu/uncore dram

[1/1] queries/stackoverflow/SQLStorm/25611.sql (1 warmup + step-up 1 x1)
  warmup 1/1: 32.936906 sec (cache prime)
  N=1   batch 1/1: 32.012354 sec, 1 copy (server sum 31954.524 ms)
  done: 1 size x 1 run (0 failures)

Done. Batch rows appended to logs/so_timeouts/warm_stepup/so_timeouts_300s_20261006T102405Z/query_timing_stackoverflow_1gb.csv
Per-copy samples appended to logs/so_timeouts/warm_stepup/so_timeouts_300s_20261006T102405Z/query_samples_stackoverflow_1gb.csv
Machine identity appended to logs/so_timeouts/warm_stepup/so_timeouts_300s_20261006T102405Z/query_runinfo_stackoverflow_1gb.csv
Last batch ended at epoch 1791295917.019 (PREV_END_EPOCH for the next invocation)
===== [219/363] queries/stackoverflow/SQLStorm/28481.sql run_id=697A7B6CCCC22DE6 =====
query_runner configuration:
  QUERY_DIR         = queries/stackoverflow/SQLStorm/28481.sql
  LOGS_DIR          = logs/so_timeouts/warm_stepup/so_timeouts_300s_20261006T102405Z  (query_timing_/query_samples_/query_catalog_stackoverflow_1gb.csv)
  DB_NAME / DB_USER = stackoverflow_1gb / postgres
  PGPORT            = 5434  (server reports 18.6)
  RUN_ID            = 697A7B6CCCC22DE6
  WARMUP            = 1 single-copy warm-ups (the first primes the cache)
  BATCH_SIZES       = 1  x RUNS=1 measured batches each
  WORKERS           = (planner default)
  STATEMENT_TIMEOUT = 300
  THERMAL_EQUALISE  = gate (T_LO=40 T_HI=60 preheat<=60s cooldown<=120s)
  sensors           = pkg:/sys/class/hwmon/hwmon8/temp1_input cores:4 cpufreq:8 throttle:8/8
  WARMUP_FAIL_SKIP  = on (a failed warm-up skips the query's measured batches)
  IDLE_BASELINE_S   = off
  SIGLESS_ADDR      = (disabled)
Found 1 query under queries/stackoverflow/SQLStorm/28481.sql

RAPL: powercap, 1 package, domains: pkg core gpu/uncore dram

[1/1] queries/stackoverflow/SQLStorm/28481.sql (1 warmup + step-up 1 x1)
  warmup 1/1: 35.645835 sec (cache prime)
  N=1   batch 1/1: 34.868811 sec, 1 copy (server sum 34802.585 ms)
  done: 1 size x 1 run (0 failures)

Done. Batch rows appended to logs/so_timeouts/warm_stepup/so_timeouts_300s_20261006T102405Z/query_timing_stackoverflow_1gb.csv
Per-copy samples appended to logs/so_timeouts/warm_stepup/so_timeouts_300s_20261006T102405Z/query_samples_stackoverflow_1gb.csv
Machine identity appended to logs/so_timeouts/warm_stepup/so_timeouts_300s_20261006T102405Z/query_runinfo_stackoverflow_1gb.csv
Last batch ended at epoch 1791295991.175 (PREV_END_EPOCH for the next invocation)
===== [220/363] queries/stackoverflow/SQLStorm/21391.sql run_id=FF137A84BFDF9375 =====
query_runner configuration:
  QUERY_DIR         = queries/stackoverflow/SQLStorm/21391.sql
  LOGS_DIR          = logs/so_timeouts/warm_stepup/so_timeouts_300s_20261006T102405Z  (query_timing_/query_samples_/query_catalog_stackoverflow_1gb.csv)
  DB_NAME / DB_USER = stackoverflow_1gb / postgres
  PGPORT            = 5434  (server reports 18.6)
  RUN_ID            = FF137A84BFDF9375
  WARMUP            = 1 single-copy warm-ups (the first primes the cache)
  BATCH_SIZES       = 1  x RUNS=1 measured batches each
  WORKERS           = (planner default)
  STATEMENT_TIMEOUT = 300
  THERMAL_EQUALISE  = gate (T_LO=40 T_HI=60 preheat<=60s cooldown<=120s)
  sensors           = pkg:/sys/class/hwmon/hwmon8/temp1_input cores:4 cpufreq:8 throttle:8/8
  WARMUP_FAIL_SKIP  = on (a failed warm-up skips the query's measured batches)
  IDLE_BASELINE_S   = off
  SIGLESS_ADDR      = (disabled)
Found 1 query under queries/stackoverflow/SQLStorm/21391.sql

RAPL: powercap, 1 package, domains: pkg core gpu/uncore dram

[1/1] queries/stackoverflow/SQLStorm/21391.sql (1 warmup + step-up 1 x1)
  warmup 1/1: 18.871655 sec (cache prime)
  N=1   batch 1/1: 16.326822 sec, 1 copy (server sum 16267.610 ms)
  done: 1 size x 1 run (0 failures)

Done. Batch rows appended to logs/so_timeouts/warm_stepup/so_timeouts_300s_20261006T102405Z/query_timing_stackoverflow_1gb.csv
Per-copy samples appended to logs/so_timeouts/warm_stepup/so_timeouts_300s_20261006T102405Z/query_samples_stackoverflow_1gb.csv
Machine identity appended to logs/so_timeouts/warm_stepup/so_timeouts_300s_20261006T102405Z/query_runinfo_stackoverflow_1gb.csv
Last batch ended at epoch 1791296030.366 (PREV_END_EPOCH for the next invocation)
===== [221/363] queries/stackoverflow/SQLStorm/23780.sql run_id=31E65234D6FE223C =====
query_runner configuration:
  QUERY_DIR         = queries/stackoverflow/SQLStorm/23780.sql
  LOGS_DIR          = logs/so_timeouts/warm_stepup/so_timeouts_300s_20261006T102405Z  (query_timing_/query_samples_/query_catalog_stackoverflow_1gb.csv)
  DB_NAME / DB_USER = stackoverflow_1gb / postgres
  PGPORT            = 5434  (server reports 18.6)
  RUN_ID            = 31E65234D6FE223C
  WARMUP            = 1 single-copy warm-ups (the first primes the cache)
  BATCH_SIZES       = 1  x RUNS=1 measured batches each
  WORKERS           = (planner default)
  STATEMENT_TIMEOUT = 300
  THERMAL_EQUALISE  = gate (T_LO=40 T_HI=60 preheat<=60s cooldown<=120s)
  sensors           = pkg:/sys/class/hwmon/hwmon8/temp1_input cores:4 cpufreq:8 throttle:8/8
  WARMUP_FAIL_SKIP  = on (a failed warm-up skips the query's measured batches)
  IDLE_BASELINE_S   = off
  SIGLESS_ADDR      = (disabled)
Found 1 query under queries/stackoverflow/SQLStorm/23780.sql

RAPL: powercap, 1 package, domains: pkg core gpu/uncore dram

[1/1] queries/stackoverflow/SQLStorm/23780.sql (1 warmup + step-up 1 x1)
  warmup 1/1: 21.997911 sec (cache prime)
  N=1   batch 1/1: 16.608690 sec, 1 copy (server sum 16548.648 ms)
  done: 1 size x 1 run (0 failures)

Done. Batch rows appended to logs/so_timeouts/warm_stepup/so_timeouts_300s_20261006T102405Z/query_timing_stackoverflow_1gb.csv
Per-copy samples appended to logs/so_timeouts/warm_stepup/so_timeouts_300s_20261006T102405Z/query_samples_stackoverflow_1gb.csv
Machine identity appended to logs/so_timeouts/warm_stepup/so_timeouts_300s_20261006T102405Z/query_runinfo_stackoverflow_1gb.csv
Last batch ended at epoch 1791296073.028 (PREV_END_EPOCH for the next invocation)
===== [222/363] queries/stackoverflow/SQLStorm/6133.sql run_id=1FD50C1560D9FAD8 =====
query_runner configuration:
  QUERY_DIR         = queries/stackoverflow/SQLStorm/6133.sql
  LOGS_DIR          = logs/so_timeouts/warm_stepup/so_timeouts_300s_20261006T102405Z  (query_timing_/query_samples_/query_catalog_stackoverflow_1gb.csv)
  DB_NAME / DB_USER = stackoverflow_1gb / postgres
  PGPORT            = 5434  (server reports 18.6)
  RUN_ID            = 1FD50C1560D9FAD8
  WARMUP            = 1 single-copy warm-ups (the first primes the cache)
  BATCH_SIZES       = 1  x RUNS=1 measured batches each
  WORKERS           = (planner default)
  STATEMENT_TIMEOUT = 300
  THERMAL_EQUALISE  = gate (T_LO=40 T_HI=60 preheat<=60s cooldown<=120s)
  sensors           = pkg:/sys/class/hwmon/hwmon8/temp1_input cores:4 cpufreq:8 throttle:8/8
  WARMUP_FAIL_SKIP  = on (a failed warm-up skips the query's measured batches)
  IDLE_BASELINE_S   = off
  SIGLESS_ADDR      = (disabled)
Found 1 query under queries/stackoverflow/SQLStorm/6133.sql

RAPL: powercap, 1 package, domains: pkg core gpu/uncore dram

[1/1] queries/stackoverflow/SQLStorm/6133.sql (1 warmup + step-up 1 x1)
  warmup 1/1: 23.085298 sec (cache prime)
  N=1   batch 1/1: 22.006845 sec, 1 copy (server sum 21948.546 ms)
  done: 1 size x 1 run (0 failures)

Done. Batch rows appended to logs/so_timeouts/warm_stepup/so_timeouts_300s_20261006T102405Z/query_timing_stackoverflow_1gb.csv
Per-copy samples appended to logs/so_timeouts/warm_stepup/so_timeouts_300s_20261006T102405Z/query_samples_stackoverflow_1gb.csv
Machine identity appended to logs/so_timeouts/warm_stepup/so_timeouts_300s_20261006T102405Z/query_runinfo_stackoverflow_1gb.csv
Last batch ended at epoch 1791296122.326 (PREV_END_EPOCH for the next invocation)
===== [223/363] queries/stackoverflow/SQLStorm/10869.sql run_id=B2FD0081E86D1E72 =====
query_runner configuration:
  QUERY_DIR         = queries/stackoverflow/SQLStorm/10869.sql
  LOGS_DIR          = logs/so_timeouts/warm_stepup/so_timeouts_300s_20261006T102405Z  (query_timing_/query_samples_/query_catalog_stackoverflow_1gb.csv)
  DB_NAME / DB_USER = stackoverflow_1gb / postgres
  PGPORT            = 5434  (server reports 18.6)
  RUN_ID            = B2FD0081E86D1E72
  WARMUP            = 1 single-copy warm-ups (the first primes the cache)
  BATCH_SIZES       = 1  x RUNS=1 measured batches each
  WORKERS           = (planner default)
  STATEMENT_TIMEOUT = 300
  THERMAL_EQUALISE  = gate (T_LO=40 T_HI=60 preheat<=60s cooldown<=120s)
  sensors           = pkg:/sys/class/hwmon/hwmon8/temp1_input cores:4 cpufreq:8 throttle:8/8
  WARMUP_FAIL_SKIP  = on (a failed warm-up skips the query's measured batches)
  IDLE_BASELINE_S   = off
  SIGLESS_ADDR      = (disabled)
Found 1 query under queries/stackoverflow/SQLStorm/10869.sql

RAPL: powercap, 1 package, domains: pkg core gpu/uncore dram

[1/1] queries/stackoverflow/SQLStorm/10869.sql (1 warmup + step-up 1 x1)
  thermal gate: waited 2s -> 58.0 C
  warmup 1/1: 27.586393 sec (cache prime)
  N=1   batch 1/1: 26.995094 sec, 1 copy (server sum 26938.206 ms)
  done: 1 size x 1 run (0 failures)

Done. Batch rows appended to logs/so_timeouts/warm_stepup/so_timeouts_300s_20261006T102405Z/query_timing_stackoverflow_1gb.csv
Per-copy samples appended to logs/so_timeouts/warm_stepup/so_timeouts_300s_20261006T102405Z/query_samples_stackoverflow_1gb.csv
Machine identity appended to logs/so_timeouts/warm_stepup/so_timeouts_300s_20261006T102405Z/query_runinfo_stackoverflow_1gb.csv
Last batch ended at epoch 1791296182.712 (PREV_END_EPOCH for the next invocation)
===== [224/363] queries/stackoverflow/SQLStorm/1765.sql run_id=A7BE4B66122B019B =====
query_runner configuration:
  QUERY_DIR         = queries/stackoverflow/SQLStorm/1765.sql
  LOGS_DIR          = logs/so_timeouts/warm_stepup/so_timeouts_300s_20261006T102405Z  (query_timing_/query_samples_/query_catalog_stackoverflow_1gb.csv)
  DB_NAME / DB_USER = stackoverflow_1gb / postgres
  PGPORT            = 5434  (server reports 18.6)
  RUN_ID            = A7BE4B66122B019B
  WARMUP            = 1 single-copy warm-ups (the first primes the cache)
  BATCH_SIZES       = 1  x RUNS=1 measured batches each
  WORKERS           = (planner default)
  STATEMENT_TIMEOUT = 300
  THERMAL_EQUALISE  = gate (T_LO=40 T_HI=60 preheat<=60s cooldown<=120s)
  sensors           = pkg:/sys/class/hwmon/hwmon8/temp1_input cores:4 cpufreq:8 throttle:8/8
  WARMUP_FAIL_SKIP  = on (a failed warm-up skips the query's measured batches)
  IDLE_BASELINE_S   = off
  SIGLESS_ADDR      = (disabled)
Found 1 query under queries/stackoverflow/SQLStorm/1765.sql

RAPL: powercap, 1 package, domains: pkg core gpu/uncore dram

[1/1] queries/stackoverflow/SQLStorm/1765.sql (1 warmup + step-up 1 x1)
  warmup 1/1: 35.083593 sec (cache prime)
  N=1   batch 1/1: 34.666840 sec, 1 copy (server sum 34609.086 ms)
  done: 1 size x 1 run (0 failures)

Done. Batch rows appended to logs/so_timeouts/warm_stepup/so_timeouts_300s_20261006T102405Z/query_timing_stackoverflow_1gb.csv
Per-copy samples appended to logs/so_timeouts/warm_stepup/so_timeouts_300s_20261006T102405Z/query_samples_stackoverflow_1gb.csv
Machine identity appended to logs/so_timeouts/warm_stepup/so_timeouts_300s_20261006T102405Z/query_runinfo_stackoverflow_1gb.csv
Last batch ended at epoch 1791296256.127 (PREV_END_EPOCH for the next invocation)
===== [225/363] queries/stackoverflow/SQLStorm/442.sql run_id=E9D4E11C7DB1ECE5 =====
query_runner configuration:
  QUERY_DIR         = queries/stackoverflow/SQLStorm/442.sql
  LOGS_DIR          = logs/so_timeouts/warm_stepup/so_timeouts_300s_20261006T102405Z  (query_timing_/query_samples_/query_catalog_stackoverflow_1gb.csv)
  DB_NAME / DB_USER = stackoverflow_1gb / postgres
  PGPORT            = 5434  (server reports 18.6)
  RUN_ID            = E9D4E11C7DB1ECE5
  WARMUP            = 1 single-copy warm-ups (the first primes the cache)
  BATCH_SIZES       = 1  x RUNS=1 measured batches each
  WORKERS           = (planner default)
  STATEMENT_TIMEOUT = 300
  THERMAL_EQUALISE  = gate (T_LO=40 T_HI=60 preheat<=60s cooldown<=120s)
  sensors           = pkg:/sys/class/hwmon/hwmon8/temp1_input cores:4 cpufreq:8 throttle:8/8
  WARMUP_FAIL_SKIP  = on (a failed warm-up skips the query's measured batches)
  IDLE_BASELINE_S   = off
  SIGLESS_ADDR      = (disabled)
Found 1 query under queries/stackoverflow/SQLStorm/442.sql

RAPL: powercap, 1 package, domains: pkg core gpu/uncore dram

[1/1] queries/stackoverflow/SQLStorm/442.sql (1 warmup + step-up 1 x1)
  warmup 1/1: 17.269806 sec (cache prime)
  N=1   batch 1/1: 16.559869 sec, 1 copy (server sum 16501.456 ms)
  done: 1 size x 1 run (0 failures)

Done. Batch rows appended to logs/so_timeouts/warm_stepup/so_timeouts_300s_20261006T102405Z/query_timing_stackoverflow_1gb.csv
Per-copy samples appended to logs/so_timeouts/warm_stepup/so_timeouts_300s_20261006T102405Z/query_samples_stackoverflow_1gb.csv
Machine identity appended to logs/so_timeouts/warm_stepup/so_timeouts_300s_20261006T102405Z/query_runinfo_stackoverflow_1gb.csv
Last batch ended at epoch 1791296293.855 (PREV_END_EPOCH for the next invocation)
===== [226/363] queries/stackoverflow/SQLStorm/34189.sql run_id=CBFF4F9CA65ED7FF =====
query_runner configuration:
  QUERY_DIR         = queries/stackoverflow/SQLStorm/34189.sql
  LOGS_DIR          = logs/so_timeouts/warm_stepup/so_timeouts_300s_20261006T102405Z  (query_timing_/query_samples_/query_catalog_stackoverflow_1gb.csv)
  DB_NAME / DB_USER = stackoverflow_1gb / postgres
  PGPORT            = 5434  (server reports 18.6)
  RUN_ID            = CBFF4F9CA65ED7FF
  WARMUP            = 1 single-copy warm-ups (the first primes the cache)
  BATCH_SIZES       = 1  x RUNS=1 measured batches each
  WORKERS           = (planner default)
  STATEMENT_TIMEOUT = 300
  THERMAL_EQUALISE  = gate (T_LO=40 T_HI=60 preheat<=60s cooldown<=120s)
  sensors           = pkg:/sys/class/hwmon/hwmon8/temp1_input cores:4 cpufreq:8 throttle:8/8
  WARMUP_FAIL_SKIP  = on (a failed warm-up skips the query's measured batches)
  IDLE_BASELINE_S   = off
  SIGLESS_ADDR      = (disabled)
Found 1 query under queries/stackoverflow/SQLStorm/34189.sql

RAPL: powercap, 1 package, domains: pkg core gpu/uncore dram

[1/1] queries/stackoverflow/SQLStorm/34189.sql (1 warmup + step-up 1 x1)
  thermal gate: waited 2s -> 59.0 C
  warmup batch 1 FAILED (exit code 3) for queries/stackoverflow/SQLStorm/34189.sql
      psql:/tmp/query_runner_batch_3167678.sql:51: ERROR:  canceling statement due to statement timeout
  warmup 1/1: 300.199838 sec (cache prime)
  warm-up failed: measured batches skipped (WARMUP_FAIL_SKIP)
  done: 1 size x 1 run (1 failure)

Done. Batch rows appended to logs/so_timeouts/warm_stepup/so_timeouts_300s_20261006T102405Z/query_timing_stackoverflow_1gb.csv
Per-copy samples appended to logs/so_timeouts/warm_stepup/so_timeouts_300s_20261006T102405Z/query_samples_stackoverflow_1gb.csv
Machine identity appended to logs/so_timeouts/warm_stepup/so_timeouts_300s_20261006T102405Z/query_runinfo_stackoverflow_1gb.csv
Last batch ended at epoch 1791296599.706 (PREV_END_EPOCH for the next invocation)
1 batch failure (see the failed column)
===== [227/363] queries/stackoverflow/SQLStorm/14739.sql run_id=AEEBE0217549ECD1 =====
query_runner configuration:
  QUERY_DIR         = queries/stackoverflow/SQLStorm/14739.sql
  LOGS_DIR          = logs/so_timeouts/warm_stepup/so_timeouts_300s_20261006T102405Z  (query_timing_/query_samples_/query_catalog_stackoverflow_1gb.csv)
  DB_NAME / DB_USER = stackoverflow_1gb / postgres
  PGPORT            = 5434  (server reports 18.6)
  RUN_ID            = AEEBE0217549ECD1
  WARMUP            = 1 single-copy warm-ups (the first primes the cache)
  BATCH_SIZES       = 1  x RUNS=1 measured batches each
  WORKERS           = (planner default)
  STATEMENT_TIMEOUT = 300
  THERMAL_EQUALISE  = gate (T_LO=40 T_HI=60 preheat<=60s cooldown<=120s)
  sensors           = pkg:/sys/class/hwmon/hwmon8/temp1_input cores:4 cpufreq:8 throttle:8/8
  WARMUP_FAIL_SKIP  = on (a failed warm-up skips the query's measured batches)
  IDLE_BASELINE_S   = off
  SIGLESS_ADDR      = (disabled)
Found 1 query under queries/stackoverflow/SQLStorm/14739.sql

RAPL: powercap, 1 package, domains: pkg core gpu/uncore dram

[1/1] queries/stackoverflow/SQLStorm/14739.sql (1 warmup + step-up 1 x1)
  warmup 1/1: 21.320188 sec (cache prime)
  N=1   batch 1/1: 20.449344 sec, 1 copy (server sum 20391.960 ms)
  done: 1 size x 1 run (0 failures)

Done. Batch rows appended to logs/so_timeouts/warm_stepup/so_timeouts_300s_20261006T102405Z/query_timing_stackoverflow_1gb.csv
Per-copy samples appended to logs/so_timeouts/warm_stepup/so_timeouts_300s_20261006T102405Z/query_samples_stackoverflow_1gb.csv
Machine identity appended to logs/so_timeouts/warm_stepup/so_timeouts_300s_20261006T102405Z/query_runinfo_stackoverflow_1gb.csv
Last batch ended at epoch 1791296645.391 (PREV_END_EPOCH for the next invocation)
===== [228/363] queries/stackoverflow/SQLStorm/27501.sql run_id=BD34E52A0D5DAABE =====
query_runner configuration:
  QUERY_DIR         = queries/stackoverflow/SQLStorm/27501.sql
  LOGS_DIR          = logs/so_timeouts/warm_stepup/so_timeouts_300s_20261006T102405Z  (query_timing_/query_samples_/query_catalog_stackoverflow_1gb.csv)
  DB_NAME / DB_USER = stackoverflow_1gb / postgres
  PGPORT            = 5434  (server reports 18.6)
  RUN_ID            = BD34E52A0D5DAABE
  WARMUP            = 1 single-copy warm-ups (the first primes the cache)
  BATCH_SIZES       = 1  x RUNS=1 measured batches each
  WORKERS           = (planner default)
  STATEMENT_TIMEOUT = 300
  THERMAL_EQUALISE  = gate (T_LO=40 T_HI=60 preheat<=60s cooldown<=120s)
  sensors           = pkg:/sys/class/hwmon/hwmon8/temp1_input cores:4 cpufreq:8 throttle:8/8
  WARMUP_FAIL_SKIP  = on (a failed warm-up skips the query's measured batches)
  IDLE_BASELINE_S   = off
  SIGLESS_ADDR      = (disabled)
Found 1 query under queries/stackoverflow/SQLStorm/27501.sql

RAPL: powercap, 1 package, domains: pkg core gpu/uncore dram

[1/1] queries/stackoverflow/SQLStorm/27501.sql (1 warmup + step-up 1 x1)
  warmup 1/1: 15.414253 sec (cache prime)
  N=1   batch 1/1: 13.147560 sec, 1 copy (server sum 13089.587 ms)
  done: 1 size x 1 run (0 failures)

Done. Batch rows appended to logs/so_timeouts/warm_stepup/so_timeouts_300s_20261006T102405Z/query_timing_stackoverflow_1gb.csv
Per-copy samples appended to logs/so_timeouts/warm_stepup/so_timeouts_300s_20261006T102405Z/query_samples_stackoverflow_1gb.csv
Machine identity appended to logs/so_timeouts/warm_stepup/so_timeouts_300s_20261006T102405Z/query_runinfo_stackoverflow_1gb.csv
Last batch ended at epoch 1791296677.658 (PREV_END_EPOCH for the next invocation)
===== [229/363] queries/stackoverflow/SQLStorm/13282.sql run_id=0F9069CFC7DB0BEB =====
query_runner configuration:
  QUERY_DIR         = queries/stackoverflow/SQLStorm/13282.sql
  LOGS_DIR          = logs/so_timeouts/warm_stepup/so_timeouts_300s_20261006T102405Z  (query_timing_/query_samples_/query_catalog_stackoverflow_1gb.csv)
  DB_NAME / DB_USER = stackoverflow_1gb / postgres
  PGPORT            = 5434  (server reports 18.6)
  RUN_ID            = 0F9069CFC7DB0BEB
  WARMUP            = 1 single-copy warm-ups (the first primes the cache)
  BATCH_SIZES       = 1  x RUNS=1 measured batches each
  WORKERS           = (planner default)
  STATEMENT_TIMEOUT = 300
  THERMAL_EQUALISE  = gate (T_LO=40 T_HI=60 preheat<=60s cooldown<=120s)
  sensors           = pkg:/sys/class/hwmon/hwmon8/temp1_input cores:4 cpufreq:8 throttle:8/8
  WARMUP_FAIL_SKIP  = on (a failed warm-up skips the query's measured batches)
  IDLE_BASELINE_S   = off
  SIGLESS_ADDR      = (disabled)
Found 1 query under queries/stackoverflow/SQLStorm/13282.sql

RAPL: powercap, 1 package, domains: pkg core gpu/uncore dram

[1/1] queries/stackoverflow/SQLStorm/13282.sql (1 warmup + step-up 1 x1)
  warmup 1/1: 19.185908 sec (cache prime)
  N=1   batch 1/1: 17.309286 sec, 1 copy (server sum 17251.827 ms)
  done: 1 size x 1 run (0 failures)

Done. Batch rows appended to logs/so_timeouts/warm_stepup/so_timeouts_300s_20261006T102405Z/query_timing_stackoverflow_1gb.csv
Per-copy samples appended to logs/so_timeouts/warm_stepup/so_timeouts_300s_20261006T102405Z/query_samples_stackoverflow_1gb.csv
Machine identity appended to logs/so_timeouts/warm_stepup/so_timeouts_300s_20261006T102405Z/query_runinfo_stackoverflow_1gb.csv
Last batch ended at epoch 1791296717.946 (PREV_END_EPOCH for the next invocation)
===== [230/363] queries/stackoverflow/SQLStorm/27775.sql run_id=33468124F68D03C6 =====
query_runner configuration:
  QUERY_DIR         = queries/stackoverflow/SQLStorm/27775.sql
  LOGS_DIR          = logs/so_timeouts/warm_stepup/so_timeouts_300s_20261006T102405Z  (query_timing_/query_samples_/query_catalog_stackoverflow_1gb.csv)
  DB_NAME / DB_USER = stackoverflow_1gb / postgres
  PGPORT            = 5434  (server reports 18.6)
  RUN_ID            = 33468124F68D03C6
  WARMUP            = 1 single-copy warm-ups (the first primes the cache)
  BATCH_SIZES       = 1  x RUNS=1 measured batches each
  WORKERS           = (planner default)
  STATEMENT_TIMEOUT = 300
  THERMAL_EQUALISE  = gate (T_LO=40 T_HI=60 preheat<=60s cooldown<=120s)
  sensors           = pkg:/sys/class/hwmon/hwmon8/temp1_input cores:4 cpufreq:8 throttle:8/8
  WARMUP_FAIL_SKIP  = on (a failed warm-up skips the query's measured batches)
  IDLE_BASELINE_S   = off
  SIGLESS_ADDR      = (disabled)
Found 1 query under queries/stackoverflow/SQLStorm/27775.sql

RAPL: powercap, 1 package, domains: pkg core gpu/uncore dram

[1/1] queries/stackoverflow/SQLStorm/27775.sql (1 warmup + step-up 1 x1)
  warmup 1/1: 20.633059 sec (cache prime)
  N=1   batch 1/1: 20.073421 sec, 1 copy (server sum 20007.563 ms)
  done: 1 size x 1 run (0 failures)

Done. Batch rows appended to logs/so_timeouts/warm_stepup/so_timeouts_300s_20261006T102405Z/query_timing_stackoverflow_1gb.csv
Per-copy samples appended to logs/so_timeouts/warm_stepup/so_timeouts_300s_20261006T102405Z/query_samples_stackoverflow_1gb.csv
Machine identity appended to logs/so_timeouts/warm_stepup/so_timeouts_300s_20261006T102405Z/query_runinfo_stackoverflow_1gb.csv
Last batch ended at epoch 1791296761.897 (PREV_END_EPOCH for the next invocation)
===== [231/363] queries/stackoverflow/SQLStorm/10587.sql run_id=2FE3931D0974DA39 =====
query_runner configuration:
  QUERY_DIR         = queries/stackoverflow/SQLStorm/10587.sql
  LOGS_DIR          = logs/so_timeouts/warm_stepup/so_timeouts_300s_20261006T102405Z  (query_timing_/query_samples_/query_catalog_stackoverflow_1gb.csv)
  DB_NAME / DB_USER = stackoverflow_1gb / postgres
  PGPORT            = 5434  (server reports 18.6)
  RUN_ID            = 2FE3931D0974DA39
  WARMUP            = 1 single-copy warm-ups (the first primes the cache)
  BATCH_SIZES       = 1  x RUNS=1 measured batches each
  WORKERS           = (planner default)
  STATEMENT_TIMEOUT = 300
  THERMAL_EQUALISE  = gate (T_LO=40 T_HI=60 preheat<=60s cooldown<=120s)
  sensors           = pkg:/sys/class/hwmon/hwmon8/temp1_input cores:4 cpufreq:8 throttle:8/8
  WARMUP_FAIL_SKIP  = on (a failed warm-up skips the query's measured batches)
  IDLE_BASELINE_S   = off
  SIGLESS_ADDR      = (disabled)
Found 1 query under queries/stackoverflow/SQLStorm/10587.sql

RAPL: powercap, 1 package, domains: pkg core gpu/uncore dram

[1/1] queries/stackoverflow/SQLStorm/10587.sql (1 warmup + step-up 1 x1)
  warmup 1/1: 17.343631 sec (cache prime)
  N=1   batch 1/1: 14.960651 sec, 1 copy (server sum 14903.337 ms)
  done: 1 size x 1 run (0 failures)

Done. Batch rows appended to logs/so_timeouts/warm_stepup/so_timeouts_300s_20261006T102405Z/query_timing_stackoverflow_1gb.csv
Per-copy samples appended to logs/so_timeouts/warm_stepup/so_timeouts_300s_20261006T102405Z/query_samples_stackoverflow_1gb.csv
Machine identity appended to logs/so_timeouts/warm_stepup/so_timeouts_300s_20261006T102405Z/query_runinfo_stackoverflow_1gb.csv
Last batch ended at epoch 1791296798.095 (PREV_END_EPOCH for the next invocation)
===== [232/363] queries/stackoverflow/SQLStorm/14021.sql run_id=78B66F0630E1463B =====
query_runner configuration:
  QUERY_DIR         = queries/stackoverflow/SQLStorm/14021.sql
  LOGS_DIR          = logs/so_timeouts/warm_stepup/so_timeouts_300s_20261006T102405Z  (query_timing_/query_samples_/query_catalog_stackoverflow_1gb.csv)
  DB_NAME / DB_USER = stackoverflow_1gb / postgres
  PGPORT            = 5434  (server reports 18.6)
  RUN_ID            = 78B66F0630E1463B
  WARMUP            = 1 single-copy warm-ups (the first primes the cache)
  BATCH_SIZES       = 1  x RUNS=1 measured batches each
  WORKERS           = (planner default)
  STATEMENT_TIMEOUT = 300
  THERMAL_EQUALISE  = gate (T_LO=40 T_HI=60 preheat<=60s cooldown<=120s)
  sensors           = pkg:/sys/class/hwmon/hwmon8/temp1_input cores:4 cpufreq:8 throttle:8/8
  WARMUP_FAIL_SKIP  = on (a failed warm-up skips the query's measured batches)
  IDLE_BASELINE_S   = off
  SIGLESS_ADDR      = (disabled)
Found 1 query under queries/stackoverflow/SQLStorm/14021.sql

RAPL: powercap, 1 package, domains: pkg core gpu/uncore dram

[1/1] queries/stackoverflow/SQLStorm/14021.sql (1 warmup + step-up 1 x1)
  thermal gate: waited 2s -> 59.0 C
  warmup 1/1: 44.048103 sec (cache prime)
  N=1   batch 1/1: 42.638732 sec, 1 copy (server sum 42581.058 ms)
  done: 1 size x 1 run (0 failures)

Done. Batch rows appended to logs/so_timeouts/warm_stepup/so_timeouts_300s_20261006T102405Z/query_timing_stackoverflow_1gb.csv
Per-copy samples appended to logs/so_timeouts/warm_stepup/so_timeouts_300s_20261006T102405Z/query_samples_stackoverflow_1gb.csv
Machine identity appended to logs/so_timeouts/warm_stepup/so_timeouts_300s_20261006T102405Z/query_runinfo_stackoverflow_1gb.csv
Last batch ended at epoch 1791296890.554 (PREV_END_EPOCH for the next invocation)
===== [233/363] queries/stackoverflow/SQLStorm/26058.sql run_id=129A8FA7DA85E3D8 =====
query_runner configuration:
  QUERY_DIR         = queries/stackoverflow/SQLStorm/26058.sql
  LOGS_DIR          = logs/so_timeouts/warm_stepup/so_timeouts_300s_20261006T102405Z  (query_timing_/query_samples_/query_catalog_stackoverflow_1gb.csv)
  DB_NAME / DB_USER = stackoverflow_1gb / postgres
  PGPORT            = 5434  (server reports 18.6)
  RUN_ID            = 129A8FA7DA85E3D8
  WARMUP            = 1 single-copy warm-ups (the first primes the cache)
  BATCH_SIZES       = 1  x RUNS=1 measured batches each
  WORKERS           = (planner default)
  STATEMENT_TIMEOUT = 300
  THERMAL_EQUALISE  = gate (T_LO=40 T_HI=60 preheat<=60s cooldown<=120s)
  sensors           = pkg:/sys/class/hwmon/hwmon8/temp1_input cores:4 cpufreq:8 throttle:8/8
  WARMUP_FAIL_SKIP  = on (a failed warm-up skips the query's measured batches)
  IDLE_BASELINE_S   = off
  SIGLESS_ADDR      = (disabled)
Found 1 query under queries/stackoverflow/SQLStorm/26058.sql

RAPL: powercap, 1 package, domains: pkg core gpu/uncore dram

[1/1] queries/stackoverflow/SQLStorm/26058.sql (1 warmup + step-up 1 x1)
  warmup 1/1: 19.393700 sec (cache prime)
  N=1   batch 1/1: 18.365318 sec, 1 copy (server sum 18306.535 ms)
  done: 1 size x 1 run (0 failures)

Done. Batch rows appended to logs/so_timeouts/warm_stepup/so_timeouts_300s_20261006T102405Z/query_timing_stackoverflow_1gb.csv
Per-copy samples appended to logs/so_timeouts/warm_stepup/so_timeouts_300s_20261006T102405Z/query_samples_stackoverflow_1gb.csv
Machine identity appended to logs/so_timeouts/warm_stepup/so_timeouts_300s_20261006T102405Z/query_runinfo_stackoverflow_1gb.csv
Last batch ended at epoch 1791296932.222 (PREV_END_EPOCH for the next invocation)
===== [234/363] queries/stackoverflow/SQLStorm/25788.sql run_id=721040BE7F34A88C =====
query_runner configuration:
  QUERY_DIR         = queries/stackoverflow/SQLStorm/25788.sql
  LOGS_DIR          = logs/so_timeouts/warm_stepup/so_timeouts_300s_20261006T102405Z  (query_timing_/query_samples_/query_catalog_stackoverflow_1gb.csv)
  DB_NAME / DB_USER = stackoverflow_1gb / postgres
  PGPORT            = 5434  (server reports 18.6)
  RUN_ID            = 721040BE7F34A88C
  WARMUP            = 1 single-copy warm-ups (the first primes the cache)
  BATCH_SIZES       = 1  x RUNS=1 measured batches each
  WORKERS           = (planner default)
  STATEMENT_TIMEOUT = 300
  THERMAL_EQUALISE  = gate (T_LO=40 T_HI=60 preheat<=60s cooldown<=120s)
  sensors           = pkg:/sys/class/hwmon/hwmon8/temp1_input cores:4 cpufreq:8 throttle:8/8
  WARMUP_FAIL_SKIP  = on (a failed warm-up skips the query's measured batches)
  IDLE_BASELINE_S   = off
  SIGLESS_ADDR      = (disabled)
Found 1 query under queries/stackoverflow/SQLStorm/25788.sql

RAPL: powercap, 1 package, domains: pkg core gpu/uncore dram

[1/1] queries/stackoverflow/SQLStorm/25788.sql (1 warmup + step-up 1 x1)
  thermal gate: waited 2s -> 60.0 C
  warmup 1/1: 35.736819 sec (cache prime)
  N=1   batch 1/1: 34.700005 sec, 1 copy (server sum 34642.043 ms)
  done: 1 size x 1 run (0 failures)

Done. Batch rows appended to logs/so_timeouts/warm_stepup/so_timeouts_300s_20261006T102405Z/query_timing_stackoverflow_1gb.csv
Per-copy samples appended to logs/so_timeouts/warm_stepup/so_timeouts_300s_20261006T102405Z/query_samples_stackoverflow_1gb.csv
Machine identity appended to logs/so_timeouts/warm_stepup/so_timeouts_300s_20261006T102405Z/query_runinfo_stackoverflow_1gb.csv
Last batch ended at epoch 1791297008.605 (PREV_END_EPOCH for the next invocation)
===== [235/363] queries/stackoverflow/SQLStorm/7100.sql run_id=D255FA91825328E4 =====
query_runner configuration:
  QUERY_DIR         = queries/stackoverflow/SQLStorm/7100.sql
  LOGS_DIR          = logs/so_timeouts/warm_stepup/so_timeouts_300s_20261006T102405Z  (query_timing_/query_samples_/query_catalog_stackoverflow_1gb.csv)
  DB_NAME / DB_USER = stackoverflow_1gb / postgres
  PGPORT            = 5434  (server reports 18.6)
  RUN_ID            = D255FA91825328E4
  WARMUP            = 1 single-copy warm-ups (the first primes the cache)
  BATCH_SIZES       = 1  x RUNS=1 measured batches each
  WORKERS           = (planner default)
  STATEMENT_TIMEOUT = 300
  THERMAL_EQUALISE  = gate (T_LO=40 T_HI=60 preheat<=60s cooldown<=120s)
  sensors           = pkg:/sys/class/hwmon/hwmon8/temp1_input cores:4 cpufreq:8 throttle:8/8
  WARMUP_FAIL_SKIP  = on (a failed warm-up skips the query's measured batches)
  IDLE_BASELINE_S   = off
  SIGLESS_ADDR      = (disabled)
Found 1 query under queries/stackoverflow/SQLStorm/7100.sql

RAPL: powercap, 1 package, domains: pkg core gpu/uncore dram

[1/1] queries/stackoverflow/SQLStorm/7100.sql (1 warmup + step-up 1 x1)
  warmup 1/1: 35.862796 sec (cache prime)
  N=1   batch 1/1: 33.353466 sec, 1 copy (server sum 33295.903 ms)
  done: 1 size x 1 run (0 failures)

Done. Batch rows appended to logs/so_timeouts/warm_stepup/so_timeouts_300s_20261006T102405Z/query_timing_stackoverflow_1gb.csv
Per-copy samples appended to logs/so_timeouts/warm_stepup/so_timeouts_300s_20261006T102405Z/query_samples_stackoverflow_1gb.csv
Machine identity appended to logs/so_timeouts/warm_stepup/so_timeouts_300s_20261006T102405Z/query_runinfo_stackoverflow_1gb.csv
Last batch ended at epoch 1791297081.668 (PREV_END_EPOCH for the next invocation)
===== [236/363] queries/stackoverflow/SQLStorm/23122.sql run_id=9D4ADA6FE0CA79AB =====
query_runner configuration:
  QUERY_DIR         = queries/stackoverflow/SQLStorm/23122.sql
  LOGS_DIR          = logs/so_timeouts/warm_stepup/so_timeouts_300s_20261006T102405Z  (query_timing_/query_samples_/query_catalog_stackoverflow_1gb.csv)
  DB_NAME / DB_USER = stackoverflow_1gb / postgres
  PGPORT            = 5434  (server reports 18.6)
  RUN_ID            = 9D4ADA6FE0CA79AB
  WARMUP            = 1 single-copy warm-ups (the first primes the cache)
  BATCH_SIZES       = 1  x RUNS=1 measured batches each
  WORKERS           = (planner default)
  STATEMENT_TIMEOUT = 300
  THERMAL_EQUALISE  = gate (T_LO=40 T_HI=60 preheat<=60s cooldown<=120s)
  sensors           = pkg:/sys/class/hwmon/hwmon8/temp1_input cores:4 cpufreq:8 throttle:8/8
  WARMUP_FAIL_SKIP  = on (a failed warm-up skips the query's measured batches)
  IDLE_BASELINE_S   = off
  SIGLESS_ADDR      = (disabled)
Found 1 query under queries/stackoverflow/SQLStorm/23122.sql

RAPL: powercap, 1 package, domains: pkg core gpu/uncore dram

[1/1] queries/stackoverflow/SQLStorm/23122.sql (1 warmup + step-up 1 x1)
  warmup 1/1: 39.513012 sec (cache prime)
  N=1   batch 1/1: 38.251100 sec, 1 copy (server sum 38193.234 ms)
  done: 1 size x 1 run (0 failures)

Done. Batch rows appended to logs/so_timeouts/warm_stepup/so_timeouts_300s_20261006T102405Z/query_timing_stackoverflow_1gb.csv
Per-copy samples appended to logs/so_timeouts/warm_stepup/so_timeouts_300s_20261006T102405Z/query_samples_stackoverflow_1gb.csv
Machine identity appended to logs/so_timeouts/warm_stepup/so_timeouts_300s_20261006T102405Z/query_runinfo_stackoverflow_1gb.csv
Last batch ended at epoch 1791297163.678 (PREV_END_EPOCH for the next invocation)
===== [237/363] queries/stackoverflow/SQLStorm/21365.sql run_id=9526505C1BA82645 =====
query_runner configuration:
  QUERY_DIR         = queries/stackoverflow/SQLStorm/21365.sql
  LOGS_DIR          = logs/so_timeouts/warm_stepup/so_timeouts_300s_20261006T102405Z  (query_timing_/query_samples_/query_catalog_stackoverflow_1gb.csv)
  DB_NAME / DB_USER = stackoverflow_1gb / postgres
  PGPORT            = 5434  (server reports 18.6)
  RUN_ID            = 9526505C1BA82645
  WARMUP            = 1 single-copy warm-ups (the first primes the cache)
  BATCH_SIZES       = 1  x RUNS=1 measured batches each
  WORKERS           = (planner default)
  STATEMENT_TIMEOUT = 300
  THERMAL_EQUALISE  = gate (T_LO=40 T_HI=60 preheat<=60s cooldown<=120s)
  sensors           = pkg:/sys/class/hwmon/hwmon8/temp1_input cores:4 cpufreq:8 throttle:8/8
  WARMUP_FAIL_SKIP  = on (a failed warm-up skips the query's measured batches)
  IDLE_BASELINE_S   = off
  SIGLESS_ADDR      = (disabled)
Found 1 query under queries/stackoverflow/SQLStorm/21365.sql

RAPL: powercap, 1 package, domains: pkg core gpu/uncore dram

[1/1] queries/stackoverflow/SQLStorm/21365.sql (1 warmup + step-up 1 x1)
  warmup 1/1: 36.684476 sec (cache prime)
  N=1   batch 1/1: 18.199136 sec, 1 copy (server sum 18134.664 ms)
  done: 1 size x 1 run (0 failures)

Done. Batch rows appended to logs/so_timeouts/warm_stepup/so_timeouts_300s_20261006T102405Z/query_timing_stackoverflow_1gb.csv
Per-copy samples appended to logs/so_timeouts/warm_stepup/so_timeouts_300s_20261006T102405Z/query_samples_stackoverflow_1gb.csv
Machine identity appended to logs/so_timeouts/warm_stepup/so_timeouts_300s_20261006T102405Z/query_runinfo_stackoverflow_1gb.csv
Last batch ended at epoch 1791297222.325 (PREV_END_EPOCH for the next invocation)
===== [238/363] queries/stackoverflow/SQLStorm/24973.sql run_id=D0053ABAF853A530 =====
query_runner configuration:
  QUERY_DIR         = queries/stackoverflow/SQLStorm/24973.sql
  LOGS_DIR          = logs/so_timeouts/warm_stepup/so_timeouts_300s_20261006T102405Z  (query_timing_/query_samples_/query_catalog_stackoverflow_1gb.csv)
  DB_NAME / DB_USER = stackoverflow_1gb / postgres
  PGPORT            = 5434  (server reports 18.6)
  RUN_ID            = D0053ABAF853A530
  WARMUP            = 1 single-copy warm-ups (the first primes the cache)
  BATCH_SIZES       = 1  x RUNS=1 measured batches each
  WORKERS           = (planner default)
  STATEMENT_TIMEOUT = 300
  THERMAL_EQUALISE  = gate (T_LO=40 T_HI=60 preheat<=60s cooldown<=120s)
  sensors           = pkg:/sys/class/hwmon/hwmon8/temp1_input cores:4 cpufreq:8 throttle:8/8
  WARMUP_FAIL_SKIP  = on (a failed warm-up skips the query's measured batches)
  IDLE_BASELINE_S   = off
  SIGLESS_ADDR      = (disabled)
Found 1 query under queries/stackoverflow/SQLStorm/24973.sql

RAPL: powercap, 1 package, domains: pkg core gpu/uncore dram

[1/1] queries/stackoverflow/SQLStorm/24973.sql (1 warmup + step-up 1 x1)
  warmup 1/1: 21.899210 sec (cache prime)
  N=1   batch 1/1: 21.372077 sec, 1 copy (server sum 21313.754 ms)
  done: 1 size x 1 run (0 failures)

Done. Batch rows appended to logs/so_timeouts/warm_stepup/so_timeouts_300s_20261006T102405Z/query_timing_stackoverflow_1gb.csv
Per-copy samples appended to logs/so_timeouts/warm_stepup/so_timeouts_300s_20261006T102405Z/query_samples_stackoverflow_1gb.csv
Machine identity appended to logs/so_timeouts/warm_stepup/so_timeouts_300s_20261006T102405Z/query_runinfo_stackoverflow_1gb.csv
Last batch ended at epoch 1791297269.795 (PREV_END_EPOCH for the next invocation)
===== [239/363] queries/stackoverflow/SQLStorm/2080.sql run_id=7BD288571F65FF68 =====
query_runner configuration:
  QUERY_DIR         = queries/stackoverflow/SQLStorm/2080.sql
  LOGS_DIR          = logs/so_timeouts/warm_stepup/so_timeouts_300s_20261006T102405Z  (query_timing_/query_samples_/query_catalog_stackoverflow_1gb.csv)
  DB_NAME / DB_USER = stackoverflow_1gb / postgres
  PGPORT            = 5434  (server reports 18.6)
  RUN_ID            = 7BD288571F65FF68
  WARMUP            = 1 single-copy warm-ups (the first primes the cache)
  BATCH_SIZES       = 1  x RUNS=1 measured batches each
  WORKERS           = (planner default)
  STATEMENT_TIMEOUT = 300
  THERMAL_EQUALISE  = gate (T_LO=40 T_HI=60 preheat<=60s cooldown<=120s)
  sensors           = pkg:/sys/class/hwmon/hwmon8/temp1_input cores:4 cpufreq:8 throttle:8/8
  WARMUP_FAIL_SKIP  = on (a failed warm-up skips the query's measured batches)
  IDLE_BASELINE_S   = off
  SIGLESS_ADDR      = (disabled)
Found 1 query under queries/stackoverflow/SQLStorm/2080.sql

RAPL: powercap, 1 package, domains: pkg core gpu/uncore dram

[1/1] queries/stackoverflow/SQLStorm/2080.sql (1 warmup + step-up 1 x1)
  warmup 1/1: 33.498223 sec (cache prime)
  N=1   batch 1/1: 32.485943 sec, 1 copy (server sum 32428.274 ms)
  done: 1 size x 1 run (0 failures)

Done. Batch rows appended to logs/so_timeouts/warm_stepup/so_timeouts_300s_20261006T102405Z/query_timing_stackoverflow_1gb.csv
Per-copy samples appended to logs/so_timeouts/warm_stepup/so_timeouts_300s_20261006T102405Z/query_samples_stackoverflow_1gb.csv
Machine identity appended to logs/so_timeouts/warm_stepup/so_timeouts_300s_20261006T102405Z/query_runinfo_stackoverflow_1gb.csv
Last batch ended at epoch 1791297339.582 (PREV_END_EPOCH for the next invocation)
===== [240/363] queries/stackoverflow/SQLStorm/14692.sql run_id=4C2E4F0B118A16CD =====
query_runner configuration:
  QUERY_DIR         = queries/stackoverflow/SQLStorm/14692.sql
  LOGS_DIR          = logs/so_timeouts/warm_stepup/so_timeouts_300s_20261006T102405Z  (query_timing_/query_samples_/query_catalog_stackoverflow_1gb.csv)
  DB_NAME / DB_USER = stackoverflow_1gb / postgres
  PGPORT            = 5434  (server reports 18.6)
  RUN_ID            = 4C2E4F0B118A16CD
  WARMUP            = 1 single-copy warm-ups (the first primes the cache)
  BATCH_SIZES       = 1  x RUNS=1 measured batches each
  WORKERS           = (planner default)
  STATEMENT_TIMEOUT = 300
  THERMAL_EQUALISE  = gate (T_LO=40 T_HI=60 preheat<=60s cooldown<=120s)
  sensors           = pkg:/sys/class/hwmon/hwmon8/temp1_input cores:4 cpufreq:8 throttle:8/8
  WARMUP_FAIL_SKIP  = on (a failed warm-up skips the query's measured batches)
  IDLE_BASELINE_S   = off
  SIGLESS_ADDR      = (disabled)
Found 1 query under queries/stackoverflow/SQLStorm/14692.sql

RAPL: powercap, 1 package, domains: pkg core gpu/uncore dram

[1/1] queries/stackoverflow/SQLStorm/14692.sql (1 warmup + step-up 1 x1)
  warmup 1/1: 26.163486 sec (cache prime)
  N=1   batch 1/1: 25.204123 sec, 1 copy (server sum 25146.908 ms)
  done: 1 size x 1 run (0 failures)

Done. Batch rows appended to logs/so_timeouts/warm_stepup/so_timeouts_300s_20261006T102405Z/query_timing_stackoverflow_1gb.csv
Per-copy samples appended to logs/so_timeouts/warm_stepup/so_timeouts_300s_20261006T102405Z/query_samples_stackoverflow_1gb.csv
Machine identity appended to logs/so_timeouts/warm_stepup/so_timeouts_300s_20261006T102405Z/query_runinfo_stackoverflow_1gb.csv
Last batch ended at epoch 1791297394.938 (PREV_END_EPOCH for the next invocation)
===== [241/363] queries/stackoverflow/SQLStorm/6188.sql run_id=6E9B0790B3F3C16E =====
query_runner configuration:
  QUERY_DIR         = queries/stackoverflow/SQLStorm/6188.sql
  LOGS_DIR          = logs/so_timeouts/warm_stepup/so_timeouts_300s_20261006T102405Z  (query_timing_/query_samples_/query_catalog_stackoverflow_1gb.csv)
  DB_NAME / DB_USER = stackoverflow_1gb / postgres
  PGPORT            = 5434  (server reports 18.6)
  RUN_ID            = 6E9B0790B3F3C16E
  WARMUP            = 1 single-copy warm-ups (the first primes the cache)
  BATCH_SIZES       = 1  x RUNS=1 measured batches each
  WORKERS           = (planner default)
  STATEMENT_TIMEOUT = 300
  THERMAL_EQUALISE  = gate (T_LO=40 T_HI=60 preheat<=60s cooldown<=120s)
  sensors           = pkg:/sys/class/hwmon/hwmon8/temp1_input cores:4 cpufreq:8 throttle:8/8
  WARMUP_FAIL_SKIP  = on (a failed warm-up skips the query's measured batches)
  IDLE_BASELINE_S   = off
  SIGLESS_ADDR      = (disabled)
Found 1 query under queries/stackoverflow/SQLStorm/6188.sql

RAPL: powercap, 1 package, domains: pkg core gpu/uncore dram

[1/1] queries/stackoverflow/SQLStorm/6188.sql (1 warmup + step-up 1 x1)
  warmup 1/1: 25.030920 sec (cache prime)
  N=1   batch 1/1: 24.124592 sec, 1 copy (server sum 24055.356 ms)
  done: 1 size x 1 run (0 failures)

Done. Batch rows appended to logs/so_timeouts/warm_stepup/so_timeouts_300s_20261006T102405Z/query_timing_stackoverflow_1gb.csv
Per-copy samples appended to logs/so_timeouts/warm_stepup/so_timeouts_300s_20261006T102405Z/query_samples_stackoverflow_1gb.csv
Machine identity appended to logs/so_timeouts/warm_stepup/so_timeouts_300s_20261006T102405Z/query_runinfo_stackoverflow_1gb.csv
Last batch ended at epoch 1791297448.011 (PREV_END_EPOCH for the next invocation)
===== [242/363] queries/stackoverflow/SQLStorm/27851.sql run_id=525C59FA3D3D99C2 =====
query_runner configuration:
  QUERY_DIR         = queries/stackoverflow/SQLStorm/27851.sql
  LOGS_DIR          = logs/so_timeouts/warm_stepup/so_timeouts_300s_20261006T102405Z  (query_timing_/query_samples_/query_catalog_stackoverflow_1gb.csv)
  DB_NAME / DB_USER = stackoverflow_1gb / postgres
  PGPORT            = 5434  (server reports 18.6)
  RUN_ID            = 525C59FA3D3D99C2
  WARMUP            = 1 single-copy warm-ups (the first primes the cache)
  BATCH_SIZES       = 1  x RUNS=1 measured batches each
  WORKERS           = (planner default)
  STATEMENT_TIMEOUT = 300
  THERMAL_EQUALISE  = gate (T_LO=40 T_HI=60 preheat<=60s cooldown<=120s)
  sensors           = pkg:/sys/class/hwmon/hwmon8/temp1_input cores:4 cpufreq:8 throttle:8/8
  WARMUP_FAIL_SKIP  = on (a failed warm-up skips the query's measured batches)
  IDLE_BASELINE_S   = off
  SIGLESS_ADDR      = (disabled)
Found 1 query under queries/stackoverflow/SQLStorm/27851.sql

RAPL: powercap, 1 package, domains: pkg core gpu/uncore dram

[1/1] queries/stackoverflow/SQLStorm/27851.sql (1 warmup + step-up 1 x1)
  warmup 1/1: 40.760777 sec (cache prime)
  N=1   batch 1/1: 39.452888 sec, 1 copy (server sum 39394.716 ms)
  done: 1 size x 1 run (0 failures)

Done. Batch rows appended to logs/so_timeouts/warm_stepup/so_timeouts_300s_20261006T102405Z/query_timing_stackoverflow_1gb.csv
Per-copy samples appended to logs/so_timeouts/warm_stepup/so_timeouts_300s_20261006T102405Z/query_samples_stackoverflow_1gb.csv
Machine identity appended to logs/so_timeouts/warm_stepup/so_timeouts_300s_20261006T102405Z/query_runinfo_stackoverflow_1gb.csv
Last batch ended at epoch 1791297531.988 (PREV_END_EPOCH for the next invocation)
===== [243/363] queries/stackoverflow/SQLStorm/23779.sql run_id=B0478CDEA9A75771 =====
query_runner configuration:
  QUERY_DIR         = queries/stackoverflow/SQLStorm/23779.sql
  LOGS_DIR          = logs/so_timeouts/warm_stepup/so_timeouts_300s_20261006T102405Z  (query_timing_/query_samples_/query_catalog_stackoverflow_1gb.csv)
  DB_NAME / DB_USER = stackoverflow_1gb / postgres
  PGPORT            = 5434  (server reports 18.6)
  RUN_ID            = B0478CDEA9A75771
  WARMUP            = 1 single-copy warm-ups (the first primes the cache)
  BATCH_SIZES       = 1  x RUNS=1 measured batches each
  WORKERS           = (planner default)
  STATEMENT_TIMEOUT = 300
  THERMAL_EQUALISE  = gate (T_LO=40 T_HI=60 preheat<=60s cooldown<=120s)
  sensors           = pkg:/sys/class/hwmon/hwmon8/temp1_input cores:4 cpufreq:8 throttle:8/8
  WARMUP_FAIL_SKIP  = on (a failed warm-up skips the query's measured batches)
  IDLE_BASELINE_S   = off
  SIGLESS_ADDR      = (disabled)
Found 1 query under queries/stackoverflow/SQLStorm/23779.sql

RAPL: powercap, 1 package, domains: pkg core gpu/uncore dram

[1/1] queries/stackoverflow/SQLStorm/23779.sql (1 warmup + step-up 1 x1)
  warmup 1/1: 33.009914 sec (cache prime)
  N=1   batch 1/1: 32.285216 sec, 1 copy (server sum 32227.150 ms)
  done: 1 size x 1 run (0 failures)

Done. Batch rows appended to logs/so_timeouts/warm_stepup/so_timeouts_300s_20261006T102405Z/query_timing_stackoverflow_1gb.csv
Per-copy samples appended to logs/so_timeouts/warm_stepup/so_timeouts_300s_20261006T102405Z/query_samples_stackoverflow_1gb.csv
Machine identity appended to logs/so_timeouts/warm_stepup/so_timeouts_300s_20261006T102405Z/query_runinfo_stackoverflow_1gb.csv
Last batch ended at epoch 1791297601.132 (PREV_END_EPOCH for the next invocation)
===== [244/363] queries/stackoverflow/SQLStorm/5361.sql run_id=E97248E49FFA66AD =====
query_runner configuration:
  QUERY_DIR         = queries/stackoverflow/SQLStorm/5361.sql
  LOGS_DIR          = logs/so_timeouts/warm_stepup/so_timeouts_300s_20261006T102405Z  (query_timing_/query_samples_/query_catalog_stackoverflow_1gb.csv)
  DB_NAME / DB_USER = stackoverflow_1gb / postgres
  PGPORT            = 5434  (server reports 18.6)
  RUN_ID            = E97248E49FFA66AD
  WARMUP            = 1 single-copy warm-ups (the first primes the cache)
  BATCH_SIZES       = 1  x RUNS=1 measured batches each
  WORKERS           = (planner default)
  STATEMENT_TIMEOUT = 300
  THERMAL_EQUALISE  = gate (T_LO=40 T_HI=60 preheat<=60s cooldown<=120s)
  sensors           = pkg:/sys/class/hwmon/hwmon8/temp1_input cores:4 cpufreq:8 throttle:8/8
  WARMUP_FAIL_SKIP  = on (a failed warm-up skips the query's measured batches)
  IDLE_BASELINE_S   = off
  SIGLESS_ADDR      = (disabled)
Found 1 query under queries/stackoverflow/SQLStorm/5361.sql

RAPL: powercap, 1 package, domains: pkg core gpu/uncore dram

[1/1] queries/stackoverflow/SQLStorm/5361.sql (1 warmup + step-up 1 x1)
  warmup 1/1: 23.464312 sec (cache prime)
  N=1   batch 1/1: 22.719188 sec, 1 copy (server sum 22661.877 ms)
  done: 1 size x 1 run (0 failures)

Done. Batch rows appended to logs/so_timeouts/warm_stepup/so_timeouts_300s_20261006T102405Z/query_timing_stackoverflow_1gb.csv
Per-copy samples appended to logs/so_timeouts/warm_stepup/so_timeouts_300s_20261006T102405Z/query_samples_stackoverflow_1gb.csv
Machine identity appended to logs/so_timeouts/warm_stepup/so_timeouts_300s_20261006T102405Z/query_runinfo_stackoverflow_1gb.csv
Last batch ended at epoch 1791297651.310 (PREV_END_EPOCH for the next invocation)
===== [245/363] queries/stackoverflow/SQLStorm/6921.sql run_id=95BE22F1018389B1 =====
query_runner configuration:
  QUERY_DIR         = queries/stackoverflow/SQLStorm/6921.sql
  LOGS_DIR          = logs/so_timeouts/warm_stepup/so_timeouts_300s_20261006T102405Z  (query_timing_/query_samples_/query_catalog_stackoverflow_1gb.csv)
  DB_NAME / DB_USER = stackoverflow_1gb / postgres
  PGPORT            = 5434  (server reports 18.6)
  RUN_ID            = 95BE22F1018389B1
  WARMUP            = 1 single-copy warm-ups (the first primes the cache)
  BATCH_SIZES       = 1  x RUNS=1 measured batches each
  WORKERS           = (planner default)
  STATEMENT_TIMEOUT = 300
  THERMAL_EQUALISE  = gate (T_LO=40 T_HI=60 preheat<=60s cooldown<=120s)
  sensors           = pkg:/sys/class/hwmon/hwmon8/temp1_input cores:4 cpufreq:8 throttle:8/8
  WARMUP_FAIL_SKIP  = on (a failed warm-up skips the query's measured batches)
  IDLE_BASELINE_S   = off
  SIGLESS_ADDR      = (disabled)
Found 1 query under queries/stackoverflow/SQLStorm/6921.sql

RAPL: powercap, 1 package, domains: pkg core gpu/uncore dram

[1/1] queries/stackoverflow/SQLStorm/6921.sql (1 warmup + step-up 1 x1)
  thermal gate: waited 4s -> 59.0 C
  warmup 1/1: 30.534281 sec (cache prime)
  N=1   batch 1/1: 29.627941 sec, 1 copy (server sum 29568.100 ms)
  done: 1 size x 1 run (0 failures)

Done. Batch rows appended to logs/so_timeouts/warm_stepup/so_timeouts_300s_20261006T102405Z/query_timing_stackoverflow_1gb.csv
Per-copy samples appended to logs/so_timeouts/warm_stepup/so_timeouts_300s_20261006T102405Z/query_samples_stackoverflow_1gb.csv
Machine identity appended to logs/so_timeouts/warm_stepup/so_timeouts_300s_20261006T102405Z/query_runinfo_stackoverflow_1gb.csv
Last batch ended at epoch 1791297719.429 (PREV_END_EPOCH for the next invocation)
===== [246/363] queries/stackoverflow/SQLStorm/2851.sql run_id=CB77FFAEC64255C3 =====
query_runner configuration:
  QUERY_DIR         = queries/stackoverflow/SQLStorm/2851.sql
  LOGS_DIR          = logs/so_timeouts/warm_stepup/so_timeouts_300s_20261006T102405Z  (query_timing_/query_samples_/query_catalog_stackoverflow_1gb.csv)
  DB_NAME / DB_USER = stackoverflow_1gb / postgres
  PGPORT            = 5434  (server reports 18.6)
  RUN_ID            = CB77FFAEC64255C3
  WARMUP            = 1 single-copy warm-ups (the first primes the cache)
  BATCH_SIZES       = 1  x RUNS=1 measured batches each
  WORKERS           = (planner default)
  STATEMENT_TIMEOUT = 300
  THERMAL_EQUALISE  = gate (T_LO=40 T_HI=60 preheat<=60s cooldown<=120s)
  sensors           = pkg:/sys/class/hwmon/hwmon8/temp1_input cores:4 cpufreq:8 throttle:8/8
  WARMUP_FAIL_SKIP  = on (a failed warm-up skips the query's measured batches)
  IDLE_BASELINE_S   = off
  SIGLESS_ADDR      = (disabled)
Found 1 query under queries/stackoverflow/SQLStorm/2851.sql

RAPL: powercap, 1 package, domains: pkg core gpu/uncore dram

[1/1] queries/stackoverflow/SQLStorm/2851.sql (1 warmup + step-up 1 x1)
  warmup 1/1: 35.128916 sec (cache prime)
  N=1   batch 1/1: 34.348570 sec, 1 copy (server sum 34290.331 ms)
  done: 1 size x 1 run (0 failures)

Done. Batch rows appended to logs/so_timeouts/warm_stepup/so_timeouts_300s_20261006T102405Z/query_timing_stackoverflow_1gb.csv
Per-copy samples appended to logs/so_timeouts/warm_stepup/so_timeouts_300s_20261006T102405Z/query_samples_stackoverflow_1gb.csv
Machine identity appended to logs/so_timeouts/warm_stepup/so_timeouts_300s_20261006T102405Z/query_runinfo_stackoverflow_1gb.csv
Last batch ended at epoch 1791297793.049 (PREV_END_EPOCH for the next invocation)
===== [247/363] queries/stackoverflow/SQLStorm/13831.sql run_id=02E31DD9542806DF =====
query_runner configuration:
  QUERY_DIR         = queries/stackoverflow/SQLStorm/13831.sql
  LOGS_DIR          = logs/so_timeouts/warm_stepup/so_timeouts_300s_20261006T102405Z  (query_timing_/query_samples_/query_catalog_stackoverflow_1gb.csv)
  DB_NAME / DB_USER = stackoverflow_1gb / postgres
  PGPORT            = 5434  (server reports 18.6)
  RUN_ID            = 02E31DD9542806DF
  WARMUP            = 1 single-copy warm-ups (the first primes the cache)
  BATCH_SIZES       = 1  x RUNS=1 measured batches each
  WORKERS           = (planner default)
  STATEMENT_TIMEOUT = 300
  THERMAL_EQUALISE  = gate (T_LO=40 T_HI=60 preheat<=60s cooldown<=120s)
  sensors           = pkg:/sys/class/hwmon/hwmon8/temp1_input cores:4 cpufreq:8 throttle:8/8
  WARMUP_FAIL_SKIP  = on (a failed warm-up skips the query's measured batches)
  IDLE_BASELINE_S   = off
  SIGLESS_ADDR      = (disabled)
Found 1 query under queries/stackoverflow/SQLStorm/13831.sql

RAPL: powercap, 1 package, domains: pkg core gpu/uncore dram

[1/1] queries/stackoverflow/SQLStorm/13831.sql (1 warmup + step-up 1 x1)
  warmup 1/1: 15.995094 sec (cache prime)
  N=1   batch 1/1: 14.490879 sec, 1 copy (server sum 14433.222 ms)
  done: 1 size x 1 run (0 failures)

Done. Batch rows appended to logs/so_timeouts/warm_stepup/so_timeouts_300s_20261006T102405Z/query_timing_stackoverflow_1gb.csv
Per-copy samples appended to logs/so_timeouts/warm_stepup/so_timeouts_300s_20261006T102405Z/query_samples_stackoverflow_1gb.csv
Machine identity appended to logs/so_timeouts/warm_stepup/so_timeouts_300s_20261006T102405Z/query_runinfo_stackoverflow_1gb.csv
Last batch ended at epoch 1791297827.337 (PREV_END_EPOCH for the next invocation)
===== [248/363] queries/stackoverflow/SQLStorm/8107.sql run_id=B8473E62257019AF =====
query_runner configuration:
  QUERY_DIR         = queries/stackoverflow/SQLStorm/8107.sql
  LOGS_DIR          = logs/so_timeouts/warm_stepup/so_timeouts_300s_20261006T102405Z  (query_timing_/query_samples_/query_catalog_stackoverflow_1gb.csv)
  DB_NAME / DB_USER = stackoverflow_1gb / postgres
  PGPORT            = 5434  (server reports 18.6)
  RUN_ID            = B8473E62257019AF
  WARMUP            = 1 single-copy warm-ups (the first primes the cache)
  BATCH_SIZES       = 1  x RUNS=1 measured batches each
  WORKERS           = (planner default)
  STATEMENT_TIMEOUT = 300
  THERMAL_EQUALISE  = gate (T_LO=40 T_HI=60 preheat<=60s cooldown<=120s)
  sensors           = pkg:/sys/class/hwmon/hwmon8/temp1_input cores:4 cpufreq:8 throttle:8/8
  WARMUP_FAIL_SKIP  = on (a failed warm-up skips the query's measured batches)
  IDLE_BASELINE_S   = off
  SIGLESS_ADDR      = (disabled)
Found 1 query under queries/stackoverflow/SQLStorm/8107.sql

RAPL: powercap, 1 package, domains: pkg core gpu/uncore dram

[1/1] queries/stackoverflow/SQLStorm/8107.sql (1 warmup + step-up 1 x1)
  warmup 1/1: 23.189497 sec (cache prime)
  N=1   batch 1/1: 20.570553 sec, 1 copy (server sum 20510.614 ms)
  done: 1 size x 1 run (0 failures)

Done. Batch rows appended to logs/so_timeouts/warm_stepup/so_timeouts_300s_20261006T102405Z/query_timing_stackoverflow_1gb.csv
Per-copy samples appended to logs/so_timeouts/warm_stepup/so_timeouts_300s_20261006T102405Z/query_samples_stackoverflow_1gb.csv
Machine identity appended to logs/so_timeouts/warm_stepup/so_timeouts_300s_20261006T102405Z/query_runinfo_stackoverflow_1gb.csv
Last batch ended at epoch 1791297874.825 (PREV_END_EPOCH for the next invocation)
===== [249/363] queries/stackoverflow/SQLStorm/1575.sql run_id=B3D00A50E0BE433B =====
query_runner configuration:
  QUERY_DIR         = queries/stackoverflow/SQLStorm/1575.sql
  LOGS_DIR          = logs/so_timeouts/warm_stepup/so_timeouts_300s_20261006T102405Z  (query_timing_/query_samples_/query_catalog_stackoverflow_1gb.csv)
  DB_NAME / DB_USER = stackoverflow_1gb / postgres
  PGPORT            = 5434  (server reports 18.6)
  RUN_ID            = B3D00A50E0BE433B
  WARMUP            = 1 single-copy warm-ups (the first primes the cache)
  BATCH_SIZES       = 1  x RUNS=1 measured batches each
  WORKERS           = (planner default)
  STATEMENT_TIMEOUT = 300
  THERMAL_EQUALISE  = gate (T_LO=40 T_HI=60 preheat<=60s cooldown<=120s)
  sensors           = pkg:/sys/class/hwmon/hwmon8/temp1_input cores:4 cpufreq:8 throttle:8/8
  WARMUP_FAIL_SKIP  = on (a failed warm-up skips the query's measured batches)
  IDLE_BASELINE_S   = off
  SIGLESS_ADDR      = (disabled)
Found 1 query under queries/stackoverflow/SQLStorm/1575.sql

RAPL: powercap, 1 package, domains: pkg core gpu/uncore dram

[1/1] queries/stackoverflow/SQLStorm/1575.sql (1 warmup + step-up 1 x1)
  warmup 1/1: 15.725218 sec (cache prime)
  N=1   batch 1/1: 13.262406 sec, 1 copy (server sum 13204.461 ms)
  done: 1 size x 1 run (0 failures)

Done. Batch rows appended to logs/so_timeouts/warm_stepup/so_timeouts_300s_20261006T102405Z/query_timing_stackoverflow_1gb.csv
Per-copy samples appended to logs/so_timeouts/warm_stepup/so_timeouts_300s_20261006T102405Z/query_samples_stackoverflow_1gb.csv
Machine identity appended to logs/so_timeouts/warm_stepup/so_timeouts_300s_20261006T102405Z/query_runinfo_stackoverflow_1gb.csv
Last batch ended at epoch 1791297907.769 (PREV_END_EPOCH for the next invocation)
===== [250/363] queries/stackoverflow/SQLStorm/26537.sql run_id=5BDF480E8C4AD53D =====
query_runner configuration:
  QUERY_DIR         = queries/stackoverflow/SQLStorm/26537.sql
  LOGS_DIR          = logs/so_timeouts/warm_stepup/so_timeouts_300s_20261006T102405Z  (query_timing_/query_samples_/query_catalog_stackoverflow_1gb.csv)
  DB_NAME / DB_USER = stackoverflow_1gb / postgres
  PGPORT            = 5434  (server reports 18.6)
  RUN_ID            = 5BDF480E8C4AD53D
  WARMUP            = 1 single-copy warm-ups (the first primes the cache)
  BATCH_SIZES       = 1  x RUNS=1 measured batches each
  WORKERS           = (planner default)
  STATEMENT_TIMEOUT = 300
  THERMAL_EQUALISE  = gate (T_LO=40 T_HI=60 preheat<=60s cooldown<=120s)
  sensors           = pkg:/sys/class/hwmon/hwmon8/temp1_input cores:4 cpufreq:8 throttle:8/8
  WARMUP_FAIL_SKIP  = on (a failed warm-up skips the query's measured batches)
  IDLE_BASELINE_S   = off
  SIGLESS_ADDR      = (disabled)
Found 1 query under queries/stackoverflow/SQLStorm/26537.sql

RAPL: powercap, 1 package, domains: pkg core gpu/uncore dram

[1/1] queries/stackoverflow/SQLStorm/26537.sql (1 warmup + step-up 1 x1)
  warmup 1/1: 16.878687 sec (cache prime)
  N=1   batch 1/1: 15.700756 sec, 1 copy (server sum 15642.969 ms)
  done: 1 size x 1 run (0 failures)

Done. Batch rows appended to logs/so_timeouts/warm_stepup/so_timeouts_300s_20261006T102405Z/query_timing_stackoverflow_1gb.csv
Per-copy samples appended to logs/so_timeouts/warm_stepup/so_timeouts_300s_20261006T102405Z/query_samples_stackoverflow_1gb.csv
Machine identity appended to logs/so_timeouts/warm_stepup/so_timeouts_300s_20261006T102405Z/query_runinfo_stackoverflow_1gb.csv
Last batch ended at epoch 1791297944.438 (PREV_END_EPOCH for the next invocation)
===== [251/363] queries/stackoverflow/SQLStorm/31911.sql run_id=951A364A2E45EB60 =====
query_runner configuration:
  QUERY_DIR         = queries/stackoverflow/SQLStorm/31911.sql
  LOGS_DIR          = logs/so_timeouts/warm_stepup/so_timeouts_300s_20261006T102405Z  (query_timing_/query_samples_/query_catalog_stackoverflow_1gb.csv)
  DB_NAME / DB_USER = stackoverflow_1gb / postgres
  PGPORT            = 5434  (server reports 18.6)
  RUN_ID            = 951A364A2E45EB60
  WARMUP            = 1 single-copy warm-ups (the first primes the cache)
  BATCH_SIZES       = 1  x RUNS=1 measured batches each
  WORKERS           = (planner default)
  STATEMENT_TIMEOUT = 300
  THERMAL_EQUALISE  = gate (T_LO=40 T_HI=60 preheat<=60s cooldown<=120s)
  sensors           = pkg:/sys/class/hwmon/hwmon8/temp1_input cores:4 cpufreq:8 throttle:8/8
  WARMUP_FAIL_SKIP  = on (a failed warm-up skips the query's measured batches)
  IDLE_BASELINE_S   = off
  SIGLESS_ADDR      = (disabled)
Found 1 query under queries/stackoverflow/SQLStorm/31911.sql

RAPL: powercap, 1 package, domains: pkg core gpu/uncore dram

[1/1] queries/stackoverflow/SQLStorm/31911.sql (1 warmup + step-up 1 x1)
  thermal gate: waited 2s -> 59.0 C
  warmup 1/1: 20.444191 sec (cache prime)
  N=1   batch 1/1: 19.338670 sec, 1 copy (server sum 19281.275 ms)
  done: 1 size x 1 run (0 failures)

Done. Batch rows appended to logs/so_timeouts/warm_stepup/so_timeouts_300s_20261006T102405Z/query_timing_stackoverflow_1gb.csv
Per-copy samples appended to logs/so_timeouts/warm_stepup/so_timeouts_300s_20261006T102405Z/query_samples_stackoverflow_1gb.csv
Machine identity appended to logs/so_timeouts/warm_stepup/so_timeouts_300s_20261006T102405Z/query_runinfo_stackoverflow_1gb.csv
Last batch ended at epoch 1791297990.210 (PREV_END_EPOCH for the next invocation)
===== [252/363] queries/stackoverflow/SQLStorm/9353.sql run_id=45FC790F0D002D9B =====
query_runner configuration:
  QUERY_DIR         = queries/stackoverflow/SQLStorm/9353.sql
  LOGS_DIR          = logs/so_timeouts/warm_stepup/so_timeouts_300s_20261006T102405Z  (query_timing_/query_samples_/query_catalog_stackoverflow_1gb.csv)
  DB_NAME / DB_USER = stackoverflow_1gb / postgres
  PGPORT            = 5434  (server reports 18.6)
  RUN_ID            = 45FC790F0D002D9B
  WARMUP            = 1 single-copy warm-ups (the first primes the cache)
  BATCH_SIZES       = 1  x RUNS=1 measured batches each
  WORKERS           = (planner default)
  STATEMENT_TIMEOUT = 300
  THERMAL_EQUALISE  = gate (T_LO=40 T_HI=60 preheat<=60s cooldown<=120s)
  sensors           = pkg:/sys/class/hwmon/hwmon8/temp1_input cores:4 cpufreq:8 throttle:8/8
  WARMUP_FAIL_SKIP  = on (a failed warm-up skips the query's measured batches)
  IDLE_BASELINE_S   = off
  SIGLESS_ADDR      = (disabled)
Found 1 query under queries/stackoverflow/SQLStorm/9353.sql

RAPL: powercap, 1 package, domains: pkg core gpu/uncore dram

[1/1] queries/stackoverflow/SQLStorm/9353.sql (1 warmup + step-up 1 x1)
  warmup 1/1: 22.964711 sec (cache prime)
  N=1   batch 1/1: 19.795849 sec, 1 copy (server sum 19737.284 ms)
  done: 1 size x 1 run (0 failures)

Done. Batch rows appended to logs/so_timeouts/warm_stepup/so_timeouts_300s_20261006T102405Z/query_timing_stackoverflow_1gb.csv
Per-copy samples appended to logs/so_timeouts/warm_stepup/so_timeouts_300s_20261006T102405Z/query_samples_stackoverflow_1gb.csv
Machine identity appended to logs/so_timeouts/warm_stepup/so_timeouts_300s_20261006T102405Z/query_runinfo_stackoverflow_1gb.csv
Last batch ended at epoch 1791298036.577 (PREV_END_EPOCH for the next invocation)
===== [253/363] queries/stackoverflow/SQLStorm/25571.sql run_id=3208ECAB9BFEB617 =====
query_runner configuration:
  QUERY_DIR         = queries/stackoverflow/SQLStorm/25571.sql
  LOGS_DIR          = logs/so_timeouts/warm_stepup/so_timeouts_300s_20261006T102405Z  (query_timing_/query_samples_/query_catalog_stackoverflow_1gb.csv)
  DB_NAME / DB_USER = stackoverflow_1gb / postgres
  PGPORT            = 5434  (server reports 18.6)
  RUN_ID            = 3208ECAB9BFEB617
  WARMUP            = 1 single-copy warm-ups (the first primes the cache)
  BATCH_SIZES       = 1  x RUNS=1 measured batches each
  WORKERS           = (planner default)
  STATEMENT_TIMEOUT = 300
  THERMAL_EQUALISE  = gate (T_LO=40 T_HI=60 preheat<=60s cooldown<=120s)
  sensors           = pkg:/sys/class/hwmon/hwmon8/temp1_input cores:4 cpufreq:8 throttle:8/8
  WARMUP_FAIL_SKIP  = on (a failed warm-up skips the query's measured batches)
  IDLE_BASELINE_S   = off
  SIGLESS_ADDR      = (disabled)
Found 1 query under queries/stackoverflow/SQLStorm/25571.sql

RAPL: powercap, 1 package, domains: pkg core gpu/uncore dram

[1/1] queries/stackoverflow/SQLStorm/25571.sql (1 warmup + step-up 1 x1)
  warmup 1/1: 23.246333 sec (cache prime)
  N=1   batch 1/1: 22.208330 sec, 1 copy (server sum 22150.116 ms)
  done: 1 size x 1 run (0 failures)

Done. Batch rows appended to logs/so_timeouts/warm_stepup/so_timeouts_300s_20261006T102405Z/query_timing_stackoverflow_1gb.csv
Per-copy samples appended to logs/so_timeouts/warm_stepup/so_timeouts_300s_20261006T102405Z/query_samples_stackoverflow_1gb.csv
Machine identity appended to logs/so_timeouts/warm_stepup/so_timeouts_300s_20261006T102405Z/query_runinfo_stackoverflow_1gb.csv
Last batch ended at epoch 1791298085.548 (PREV_END_EPOCH for the next invocation)
===== [254/363] queries/stackoverflow/SQLStorm/9161.sql run_id=BB883BD4AF3FB4AD =====
query_runner configuration:
  QUERY_DIR         = queries/stackoverflow/SQLStorm/9161.sql
  LOGS_DIR          = logs/so_timeouts/warm_stepup/so_timeouts_300s_20261006T102405Z  (query_timing_/query_samples_/query_catalog_stackoverflow_1gb.csv)
  DB_NAME / DB_USER = stackoverflow_1gb / postgres
  PGPORT            = 5434  (server reports 18.6)
  RUN_ID            = BB883BD4AF3FB4AD
  WARMUP            = 1 single-copy warm-ups (the first primes the cache)
  BATCH_SIZES       = 1  x RUNS=1 measured batches each
  WORKERS           = (planner default)
  STATEMENT_TIMEOUT = 300
  THERMAL_EQUALISE  = gate (T_LO=40 T_HI=60 preheat<=60s cooldown<=120s)
  sensors           = pkg:/sys/class/hwmon/hwmon8/temp1_input cores:4 cpufreq:8 throttle:8/8
  WARMUP_FAIL_SKIP  = on (a failed warm-up skips the query's measured batches)
  IDLE_BASELINE_S   = off
  SIGLESS_ADDR      = (disabled)
Found 1 query under queries/stackoverflow/SQLStorm/9161.sql

RAPL: powercap, 1 package, domains: pkg core gpu/uncore dram

[1/1] queries/stackoverflow/SQLStorm/9161.sql (1 warmup + step-up 1 x1)
  thermal gate: waited 6s -> 59.0 C
  warmup 1/1: 21.648957 sec (cache prime)
  N=1   batch 1/1: 20.594894 sec, 1 copy (server sum 20536.294 ms)
  done: 1 size x 1 run (0 failures)

Done. Batch rows appended to logs/so_timeouts/warm_stepup/so_timeouts_300s_20261006T102405Z/query_timing_stackoverflow_1gb.csv
Per-copy samples appended to logs/so_timeouts/warm_stepup/so_timeouts_300s_20261006T102405Z/query_samples_stackoverflow_1gb.csv
Machine identity appended to logs/so_timeouts/warm_stepup/so_timeouts_300s_20261006T102405Z/query_runinfo_stackoverflow_1gb.csv
Last batch ended at epoch 1791298137.633 (PREV_END_EPOCH for the next invocation)
===== [255/363] queries/stackoverflow/SQLStorm/11362.sql run_id=932FEA58DF922B43 =====
query_runner configuration:
  QUERY_DIR         = queries/stackoverflow/SQLStorm/11362.sql
  LOGS_DIR          = logs/so_timeouts/warm_stepup/so_timeouts_300s_20261006T102405Z  (query_timing_/query_samples_/query_catalog_stackoverflow_1gb.csv)
  DB_NAME / DB_USER = stackoverflow_1gb / postgres
  PGPORT            = 5434  (server reports 18.6)
  RUN_ID            = 932FEA58DF922B43
  WARMUP            = 1 single-copy warm-ups (the first primes the cache)
  BATCH_SIZES       = 1  x RUNS=1 measured batches each
  WORKERS           = (planner default)
  STATEMENT_TIMEOUT = 300
  THERMAL_EQUALISE  = gate (T_LO=40 T_HI=60 preheat<=60s cooldown<=120s)
  sensors           = pkg:/sys/class/hwmon/hwmon8/temp1_input cores:4 cpufreq:8 throttle:8/8
  WARMUP_FAIL_SKIP  = on (a failed warm-up skips the query's measured batches)
  IDLE_BASELINE_S   = off
  SIGLESS_ADDR      = (disabled)
Found 1 query under queries/stackoverflow/SQLStorm/11362.sql

RAPL: powercap, 1 package, domains: pkg core gpu/uncore dram

[1/1] queries/stackoverflow/SQLStorm/11362.sql (1 warmup + step-up 1 x1)
  warmup 1/1: 18.500920 sec (cache prime)
  N=1   batch 1/1: 17.684170 sec, 1 copy (server sum 17627.530 ms)
  done: 1 size x 1 run (0 failures)

Done. Batch rows appended to logs/so_timeouts/warm_stepup/so_timeouts_300s_20261006T102405Z/query_timing_stackoverflow_1gb.csv
Per-copy samples appended to logs/so_timeouts/warm_stepup/so_timeouts_300s_20261006T102405Z/query_samples_stackoverflow_1gb.csv
Machine identity appended to logs/so_timeouts/warm_stepup/so_timeouts_300s_20261006T102405Z/query_runinfo_stackoverflow_1gb.csv
Last batch ended at epoch 1791298177.812 (PREV_END_EPOCH for the next invocation)
===== [256/363] queries/stackoverflow/SQLStorm/27264.sql run_id=CFFC41EF89DDA599 =====
query_runner configuration:
  QUERY_DIR         = queries/stackoverflow/SQLStorm/27264.sql
  LOGS_DIR          = logs/so_timeouts/warm_stepup/so_timeouts_300s_20261006T102405Z  (query_timing_/query_samples_/query_catalog_stackoverflow_1gb.csv)
  DB_NAME / DB_USER = stackoverflow_1gb / postgres
  PGPORT            = 5434  (server reports 18.6)
  RUN_ID            = CFFC41EF89DDA599
  WARMUP            = 1 single-copy warm-ups (the first primes the cache)
  BATCH_SIZES       = 1  x RUNS=1 measured batches each
  WORKERS           = (planner default)
  STATEMENT_TIMEOUT = 300
  THERMAL_EQUALISE  = gate (T_LO=40 T_HI=60 preheat<=60s cooldown<=120s)
  sensors           = pkg:/sys/class/hwmon/hwmon8/temp1_input cores:4 cpufreq:8 throttle:8/8
  WARMUP_FAIL_SKIP  = on (a failed warm-up skips the query's measured batches)
  IDLE_BASELINE_S   = off
  SIGLESS_ADDR      = (disabled)
Found 1 query under queries/stackoverflow/SQLStorm/27264.sql

RAPL: powercap, 1 package, domains: pkg core gpu/uncore dram

[1/1] queries/stackoverflow/SQLStorm/27264.sql (1 warmup + step-up 1 x1)
  warmup 1/1: 27.354998 sec (cache prime)
  N=1   batch 1/1: 26.859025 sec, 1 copy (server sum 26791.421 ms)
  done: 1 size x 1 run (0 failures)

Done. Batch rows appended to logs/so_timeouts/warm_stepup/so_timeouts_300s_20261006T102405Z/query_timing_stackoverflow_1gb.csv
Per-copy samples appended to logs/so_timeouts/warm_stepup/so_timeouts_300s_20261006T102405Z/query_samples_stackoverflow_1gb.csv
Machine identity appended to logs/so_timeouts/warm_stepup/so_timeouts_300s_20261006T102405Z/query_runinfo_stackoverflow_1gb.csv
Last batch ended at epoch 1791298235.601 (PREV_END_EPOCH for the next invocation)
===== [257/363] queries/stackoverflow/SQLStorm/9322.sql run_id=2EC4F68F07D4D602 =====
query_runner configuration:
  QUERY_DIR         = queries/stackoverflow/SQLStorm/9322.sql
  LOGS_DIR          = logs/so_timeouts/warm_stepup/so_timeouts_300s_20261006T102405Z  (query_timing_/query_samples_/query_catalog_stackoverflow_1gb.csv)
  DB_NAME / DB_USER = stackoverflow_1gb / postgres
  PGPORT            = 5434  (server reports 18.6)
  RUN_ID            = 2EC4F68F07D4D602
  WARMUP            = 1 single-copy warm-ups (the first primes the cache)
  BATCH_SIZES       = 1  x RUNS=1 measured batches each
  WORKERS           = (planner default)
  STATEMENT_TIMEOUT = 300
  THERMAL_EQUALISE  = gate (T_LO=40 T_HI=60 preheat<=60s cooldown<=120s)
  sensors           = pkg:/sys/class/hwmon/hwmon8/temp1_input cores:4 cpufreq:8 throttle:8/8
  WARMUP_FAIL_SKIP  = on (a failed warm-up skips the query's measured batches)
  IDLE_BASELINE_S   = off
  SIGLESS_ADDR      = (disabled)
Found 1 query under queries/stackoverflow/SQLStorm/9322.sql

RAPL: powercap, 1 package, domains: pkg core gpu/uncore dram

[1/1] queries/stackoverflow/SQLStorm/9322.sql (1 warmup + step-up 1 x1)
  warmup 1/1: 18.470659 sec (cache prime)
  N=1   batch 1/1: 16.043410 sec, 1 copy (server sum 15986.484 ms)
  done: 1 size x 1 run (0 failures)

Done. Batch rows appended to logs/so_timeouts/warm_stepup/so_timeouts_300s_20261006T102405Z/query_timing_stackoverflow_1gb.csv
Per-copy samples appended to logs/so_timeouts/warm_stepup/so_timeouts_300s_20261006T102405Z/query_samples_stackoverflow_1gb.csv
Machine identity appended to logs/so_timeouts/warm_stepup/so_timeouts_300s_20261006T102405Z/query_runinfo_stackoverflow_1gb.csv
Last batch ended at epoch 1791298274.420 (PREV_END_EPOCH for the next invocation)
===== [258/363] queries/stackoverflow/SQLStorm/7896.sql run_id=A46B27D2CCAED614 =====
query_runner configuration:
  QUERY_DIR         = queries/stackoverflow/SQLStorm/7896.sql
  LOGS_DIR          = logs/so_timeouts/warm_stepup/so_timeouts_300s_20261006T102405Z  (query_timing_/query_samples_/query_catalog_stackoverflow_1gb.csv)
  DB_NAME / DB_USER = stackoverflow_1gb / postgres
  PGPORT            = 5434  (server reports 18.6)
  RUN_ID            = A46B27D2CCAED614
  WARMUP            = 1 single-copy warm-ups (the first primes the cache)
  BATCH_SIZES       = 1  x RUNS=1 measured batches each
  WORKERS           = (planner default)
  STATEMENT_TIMEOUT = 300
  THERMAL_EQUALISE  = gate (T_LO=40 T_HI=60 preheat<=60s cooldown<=120s)
  sensors           = pkg:/sys/class/hwmon/hwmon8/temp1_input cores:4 cpufreq:8 throttle:8/8
  WARMUP_FAIL_SKIP  = on (a failed warm-up skips the query's measured batches)
  IDLE_BASELINE_S   = off
  SIGLESS_ADDR      = (disabled)
Found 1 query under queries/stackoverflow/SQLStorm/7896.sql

RAPL: powercap, 1 package, domains: pkg core gpu/uncore dram

[1/1] queries/stackoverflow/SQLStorm/7896.sql (1 warmup + step-up 1 x1)
  warmup 1/1: 39.249399 sec (cache prime)
  N=1   batch 1/1: 38.437412 sec, 1 copy (server sum 38379.943 ms)
  done: 1 size x 1 run (0 failures)

Done. Batch rows appended to logs/so_timeouts/warm_stepup/so_timeouts_300s_20261006T102405Z/query_timing_stackoverflow_1gb.csv
Per-copy samples appended to logs/so_timeouts/warm_stepup/so_timeouts_300s_20261006T102405Z/query_samples_stackoverflow_1gb.csv
Machine identity appended to logs/so_timeouts/warm_stepup/so_timeouts_300s_20261006T102405Z/query_runinfo_stackoverflow_1gb.csv
Last batch ended at epoch 1791298355.833 (PREV_END_EPOCH for the next invocation)
===== [259/363] queries/stackoverflow/SQLStorm/10246.sql run_id=67320D54EFAE5AC4 =====
query_runner configuration:
  QUERY_DIR         = queries/stackoverflow/SQLStorm/10246.sql
  LOGS_DIR          = logs/so_timeouts/warm_stepup/so_timeouts_300s_20261006T102405Z  (query_timing_/query_samples_/query_catalog_stackoverflow_1gb.csv)
  DB_NAME / DB_USER = stackoverflow_1gb / postgres
  PGPORT            = 5434  (server reports 18.6)
  RUN_ID            = 67320D54EFAE5AC4
  WARMUP            = 1 single-copy warm-ups (the first primes the cache)
  BATCH_SIZES       = 1  x RUNS=1 measured batches each
  WORKERS           = (planner default)
  STATEMENT_TIMEOUT = 300
  THERMAL_EQUALISE  = gate (T_LO=40 T_HI=60 preheat<=60s cooldown<=120s)
  sensors           = pkg:/sys/class/hwmon/hwmon8/temp1_input cores:4 cpufreq:8 throttle:8/8
  WARMUP_FAIL_SKIP  = on (a failed warm-up skips the query's measured batches)
  IDLE_BASELINE_S   = off
  SIGLESS_ADDR      = (disabled)
Found 1 query under queries/stackoverflow/SQLStorm/10246.sql

RAPL: powercap, 1 package, domains: pkg core gpu/uncore dram

[1/1] queries/stackoverflow/SQLStorm/10246.sql (1 warmup + step-up 1 x1)
  warmup 1/1: 22.977931 sec (cache prime)
  N=1   batch 1/1: 22.597422 sec, 1 copy (server sum 22540.654 ms)
  done: 1 size x 1 run (0 failures)

Done. Batch rows appended to logs/so_timeouts/warm_stepup/so_timeouts_300s_20261006T102405Z/query_timing_stackoverflow_1gb.csv
Per-copy samples appended to logs/so_timeouts/warm_stepup/so_timeouts_300s_20261006T102405Z/query_samples_stackoverflow_1gb.csv
Machine identity appended to logs/so_timeouts/warm_stepup/so_timeouts_300s_20261006T102405Z/query_runinfo_stackoverflow_1gb.csv
Last batch ended at epoch 1791298405.150 (PREV_END_EPOCH for the next invocation)
===== [260/363] queries/stackoverflow/SQLStorm/28292.sql run_id=02CC0034402123C8 =====
query_runner configuration:
  QUERY_DIR         = queries/stackoverflow/SQLStorm/28292.sql
  LOGS_DIR          = logs/so_timeouts/warm_stepup/so_timeouts_300s_20261006T102405Z  (query_timing_/query_samples_/query_catalog_stackoverflow_1gb.csv)
  DB_NAME / DB_USER = stackoverflow_1gb / postgres
  PGPORT            = 5434  (server reports 18.6)
  RUN_ID            = 02CC0034402123C8
  WARMUP            = 1 single-copy warm-ups (the first primes the cache)
  BATCH_SIZES       = 1  x RUNS=1 measured batches each
  WORKERS           = (planner default)
  STATEMENT_TIMEOUT = 300
  THERMAL_EQUALISE  = gate (T_LO=40 T_HI=60 preheat<=60s cooldown<=120s)
  sensors           = pkg:/sys/class/hwmon/hwmon8/temp1_input cores:4 cpufreq:8 throttle:8/8
  WARMUP_FAIL_SKIP  = on (a failed warm-up skips the query's measured batches)
  IDLE_BASELINE_S   = off
  SIGLESS_ADDR      = (disabled)
Found 1 query under queries/stackoverflow/SQLStorm/28292.sql

RAPL: powercap, 1 package, domains: pkg core gpu/uncore dram

[1/1] queries/stackoverflow/SQLStorm/28292.sql (1 warmup + step-up 1 x1)
  warmup 1/1: 17.408216 sec (cache prime)
  N=1   batch 1/1: 16.455213 sec, 1 copy (server sum 16397.074 ms)
  done: 1 size x 1 run (0 failures)

Done. Batch rows appended to logs/so_timeouts/warm_stepup/so_timeouts_300s_20261006T102405Z/query_timing_stackoverflow_1gb.csv
Per-copy samples appended to logs/so_timeouts/warm_stepup/so_timeouts_300s_20261006T102405Z/query_samples_stackoverflow_1gb.csv
Machine identity appended to logs/so_timeouts/warm_stepup/so_timeouts_300s_20261006T102405Z/query_runinfo_stackoverflow_1gb.csv
Last batch ended at epoch 1791298442.667 (PREV_END_EPOCH for the next invocation)
===== [261/363] queries/stackoverflow/SQLStorm/10567.sql run_id=6EBE21622B98AA55 =====
query_runner configuration:
  QUERY_DIR         = queries/stackoverflow/SQLStorm/10567.sql
  LOGS_DIR          = logs/so_timeouts/warm_stepup/so_timeouts_300s_20261006T102405Z  (query_timing_/query_samples_/query_catalog_stackoverflow_1gb.csv)
  DB_NAME / DB_USER = stackoverflow_1gb / postgres
  PGPORT            = 5434  (server reports 18.6)
  RUN_ID            = 6EBE21622B98AA55
  WARMUP            = 1 single-copy warm-ups (the first primes the cache)
  BATCH_SIZES       = 1  x RUNS=1 measured batches each
  WORKERS           = (planner default)
  STATEMENT_TIMEOUT = 300
  THERMAL_EQUALISE  = gate (T_LO=40 T_HI=60 preheat<=60s cooldown<=120s)
  sensors           = pkg:/sys/class/hwmon/hwmon8/temp1_input cores:4 cpufreq:8 throttle:8/8
  WARMUP_FAIL_SKIP  = on (a failed warm-up skips the query's measured batches)
  IDLE_BASELINE_S   = off
  SIGLESS_ADDR      = (disabled)
Found 1 query under queries/stackoverflow/SQLStorm/10567.sql

RAPL: powercap, 1 package, domains: pkg core gpu/uncore dram

[1/1] queries/stackoverflow/SQLStorm/10567.sql (1 warmup + step-up 1 x1)
  thermal gate: waited 2s -> 58.0 C
  warmup 1/1: 24.336582 sec (cache prime)
  N=1   batch 1/1: 23.599261 sec, 1 copy (server sum 23533.327 ms)
  done: 1 size x 1 run (0 failures)

Done. Batch rows appended to logs/so_timeouts/warm_stepup/so_timeouts_300s_20261006T102405Z/query_timing_stackoverflow_1gb.csv
Per-copy samples appended to logs/so_timeouts/warm_stepup/so_timeouts_300s_20261006T102405Z/query_samples_stackoverflow_1gb.csv
Machine identity appended to logs/so_timeouts/warm_stepup/so_timeouts_300s_20261006T102405Z/query_runinfo_stackoverflow_1gb.csv
Last batch ended at epoch 1791298496.824 (PREV_END_EPOCH for the next invocation)
===== [262/363] queries/stackoverflow/SQLStorm/7576.sql run_id=6723AB74197B1B50 =====
query_runner configuration:
  QUERY_DIR         = queries/stackoverflow/SQLStorm/7576.sql
  LOGS_DIR          = logs/so_timeouts/warm_stepup/so_timeouts_300s_20261006T102405Z  (query_timing_/query_samples_/query_catalog_stackoverflow_1gb.csv)
  DB_NAME / DB_USER = stackoverflow_1gb / postgres
  PGPORT            = 5434  (server reports 18.6)
  RUN_ID            = 6723AB74197B1B50
  WARMUP            = 1 single-copy warm-ups (the first primes the cache)
  BATCH_SIZES       = 1  x RUNS=1 measured batches each
  WORKERS           = (planner default)
  STATEMENT_TIMEOUT = 300
  THERMAL_EQUALISE  = gate (T_LO=40 T_HI=60 preheat<=60s cooldown<=120s)
  sensors           = pkg:/sys/class/hwmon/hwmon8/temp1_input cores:4 cpufreq:8 throttle:8/8
  WARMUP_FAIL_SKIP  = on (a failed warm-up skips the query's measured batches)
  IDLE_BASELINE_S   = off
  SIGLESS_ADDR      = (disabled)
Found 1 query under queries/stackoverflow/SQLStorm/7576.sql

RAPL: powercap, 1 package, domains: pkg core gpu/uncore dram

[1/1] queries/stackoverflow/SQLStorm/7576.sql (1 warmup + step-up 1 x1)
  warmup 1/1: 37.475554 sec (cache prime)
  N=1   batch 1/1: 36.908451 sec, 1 copy (server sum 36849.818 ms)
  done: 1 size x 1 run (0 failures)

Done. Batch rows appended to logs/so_timeouts/warm_stepup/so_timeouts_300s_20261006T102405Z/query_timing_stackoverflow_1gb.csv
Per-copy samples appended to logs/so_timeouts/warm_stepup/so_timeouts_300s_20261006T102405Z/query_samples_stackoverflow_1gb.csv
Machine identity appended to logs/so_timeouts/warm_stepup/so_timeouts_300s_20261006T102405Z/query_runinfo_stackoverflow_1gb.csv
Last batch ended at epoch 1791298575.068 (PREV_END_EPOCH for the next invocation)
===== [263/363] queries/stackoverflow/SQLStorm/28584.sql run_id=EC0EC6C289E45E39 =====
query_runner configuration:
  QUERY_DIR         = queries/stackoverflow/SQLStorm/28584.sql
  LOGS_DIR          = logs/so_timeouts/warm_stepup/so_timeouts_300s_20261006T102405Z  (query_timing_/query_samples_/query_catalog_stackoverflow_1gb.csv)
  DB_NAME / DB_USER = stackoverflow_1gb / postgres
  PGPORT            = 5434  (server reports 18.6)
  RUN_ID            = EC0EC6C289E45E39
  WARMUP            = 1 single-copy warm-ups (the first primes the cache)
  BATCH_SIZES       = 1  x RUNS=1 measured batches each
  WORKERS           = (planner default)
  STATEMENT_TIMEOUT = 300
  THERMAL_EQUALISE  = gate (T_LO=40 T_HI=60 preheat<=60s cooldown<=120s)
  sensors           = pkg:/sys/class/hwmon/hwmon8/temp1_input cores:4 cpufreq:8 throttle:8/8
  WARMUP_FAIL_SKIP  = on (a failed warm-up skips the query's measured batches)
  IDLE_BASELINE_S   = off
  SIGLESS_ADDR      = (disabled)
Found 1 query under queries/stackoverflow/SQLStorm/28584.sql

RAPL: powercap, 1 package, domains: pkg core gpu/uncore dram

[1/1] queries/stackoverflow/SQLStorm/28584.sql (1 warmup + step-up 1 x1)
  warmup 1/1: 17.946116 sec (cache prime)
  N=1   batch 1/1: 16.116184 sec, 1 copy (server sum 16058.293 ms)
  done: 1 size x 1 run (0 failures)

Done. Batch rows appended to logs/so_timeouts/warm_stepup/so_timeouts_300s_20261006T102405Z/query_timing_stackoverflow_1gb.csv
Per-copy samples appended to logs/so_timeouts/warm_stepup/so_timeouts_300s_20261006T102405Z/query_samples_stackoverflow_1gb.csv
Machine identity appended to logs/so_timeouts/warm_stepup/so_timeouts_300s_20261006T102405Z/query_runinfo_stackoverflow_1gb.csv
Last batch ended at epoch 1791298612.977 (PREV_END_EPOCH for the next invocation)
===== [264/363] queries/stackoverflow/SQLStorm/11810.sql run_id=544DF246EADD5644 =====
query_runner configuration:
  QUERY_DIR         = queries/stackoverflow/SQLStorm/11810.sql
  LOGS_DIR          = logs/so_timeouts/warm_stepup/so_timeouts_300s_20261006T102405Z  (query_timing_/query_samples_/query_catalog_stackoverflow_1gb.csv)
  DB_NAME / DB_USER = stackoverflow_1gb / postgres
  PGPORT            = 5434  (server reports 18.6)
  RUN_ID            = 544DF246EADD5644
  WARMUP            = 1 single-copy warm-ups (the first primes the cache)
  BATCH_SIZES       = 1  x RUNS=1 measured batches each
  WORKERS           = (planner default)
  STATEMENT_TIMEOUT = 300
  THERMAL_EQUALISE  = gate (T_LO=40 T_HI=60 preheat<=60s cooldown<=120s)
  sensors           = pkg:/sys/class/hwmon/hwmon8/temp1_input cores:4 cpufreq:8 throttle:8/8
  WARMUP_FAIL_SKIP  = on (a failed warm-up skips the query's measured batches)
  IDLE_BASELINE_S   = off
  SIGLESS_ADDR      = (disabled)
Found 1 query under queries/stackoverflow/SQLStorm/11810.sql

RAPL: powercap, 1 package, domains: pkg core gpu/uncore dram

[1/1] queries/stackoverflow/SQLStorm/11810.sql (1 warmup + step-up 1 x1)
  warmup 1/1: 33.911258 sec (cache prime)
  N=1   batch 1/1: 33.417746 sec, 1 copy (server sum 33359.080 ms)
  done: 1 size x 1 run (0 failures)

Done. Batch rows appended to logs/so_timeouts/warm_stepup/so_timeouts_300s_20261006T102405Z/query_timing_stackoverflow_1gb.csv
Per-copy samples appended to logs/so_timeouts/warm_stepup/so_timeouts_300s_20261006T102405Z/query_samples_stackoverflow_1gb.csv
Machine identity appended to logs/so_timeouts/warm_stepup/so_timeouts_300s_20261006T102405Z/query_runinfo_stackoverflow_1gb.csv
Last batch ended at epoch 1791298684.002 (PREV_END_EPOCH for the next invocation)
===== [265/363] queries/stackoverflow/SQLStorm/3741.sql run_id=4955972919C76BE9 =====
query_runner configuration:
  QUERY_DIR         = queries/stackoverflow/SQLStorm/3741.sql
  LOGS_DIR          = logs/so_timeouts/warm_stepup/so_timeouts_300s_20261006T102405Z  (query_timing_/query_samples_/query_catalog_stackoverflow_1gb.csv)
  DB_NAME / DB_USER = stackoverflow_1gb / postgres
  PGPORT            = 5434  (server reports 18.6)
  RUN_ID            = 4955972919C76BE9
  WARMUP            = 1 single-copy warm-ups (the first primes the cache)
  BATCH_SIZES       = 1  x RUNS=1 measured batches each
  WORKERS           = (planner default)
  STATEMENT_TIMEOUT = 300
  THERMAL_EQUALISE  = gate (T_LO=40 T_HI=60 preheat<=60s cooldown<=120s)
  sensors           = pkg:/sys/class/hwmon/hwmon8/temp1_input cores:4 cpufreq:8 throttle:8/8
  WARMUP_FAIL_SKIP  = on (a failed warm-up skips the query's measured batches)
  IDLE_BASELINE_S   = off
  SIGLESS_ADDR      = (disabled)
Found 1 query under queries/stackoverflow/SQLStorm/3741.sql

RAPL: powercap, 1 package, domains: pkg core gpu/uncore dram

[1/1] queries/stackoverflow/SQLStorm/3741.sql (1 warmup + step-up 1 x1)
  warmup 1/1: 16.091536 sec (cache prime)
  N=1   batch 1/1: 15.175527 sec, 1 copy (server sum 15117.422 ms)
  done: 1 size x 1 run (0 failures)

Done. Batch rows appended to logs/so_timeouts/warm_stepup/so_timeouts_300s_20261006T102405Z/query_timing_stackoverflow_1gb.csv
Per-copy samples appended to logs/so_timeouts/warm_stepup/so_timeouts_300s_20261006T102405Z/query_samples_stackoverflow_1gb.csv
Machine identity appended to logs/so_timeouts/warm_stepup/so_timeouts_300s_20261006T102405Z/query_runinfo_stackoverflow_1gb.csv
Last batch ended at epoch 1791298719.078 (PREV_END_EPOCH for the next invocation)
===== [266/363] queries/stackoverflow/SQLStorm/12381.sql run_id=DA2A466185EBA8D9 =====
query_runner configuration:
  QUERY_DIR         = queries/stackoverflow/SQLStorm/12381.sql
  LOGS_DIR          = logs/so_timeouts/warm_stepup/so_timeouts_300s_20261006T102405Z  (query_timing_/query_samples_/query_catalog_stackoverflow_1gb.csv)
  DB_NAME / DB_USER = stackoverflow_1gb / postgres
  PGPORT            = 5434  (server reports 18.6)
  RUN_ID            = DA2A466185EBA8D9
  WARMUP            = 1 single-copy warm-ups (the first primes the cache)
  BATCH_SIZES       = 1  x RUNS=1 measured batches each
  WORKERS           = (planner default)
  STATEMENT_TIMEOUT = 300
  THERMAL_EQUALISE  = gate (T_LO=40 T_HI=60 preheat<=60s cooldown<=120s)
  sensors           = pkg:/sys/class/hwmon/hwmon8/temp1_input cores:4 cpufreq:8 throttle:8/8
  WARMUP_FAIL_SKIP  = on (a failed warm-up skips the query's measured batches)
  IDLE_BASELINE_S   = off
  SIGLESS_ADDR      = (disabled)
Found 1 query under queries/stackoverflow/SQLStorm/12381.sql

RAPL: powercap, 1 package, domains: pkg core gpu/uncore dram

[1/1] queries/stackoverflow/SQLStorm/12381.sql (1 warmup + step-up 1 x1)
  thermal gate: waited 2s -> 59.0 C
  warmup 1/1: 36.413408 sec (cache prime)
  N=1   batch 1/1: 35.271406 sec, 1 copy (server sum 35213.915 ms)
  done: 1 size x 1 run (0 failures)

Done. Batch rows appended to logs/so_timeouts/warm_stepup/so_timeouts_300s_20261006T102405Z/query_timing_stackoverflow_1gb.csv
Per-copy samples appended to logs/so_timeouts/warm_stepup/so_timeouts_300s_20261006T102405Z/query_samples_stackoverflow_1gb.csv
Machine identity appended to logs/so_timeouts/warm_stepup/so_timeouts_300s_20261006T102405Z/query_runinfo_stackoverflow_1gb.csv
Last batch ended at epoch 1791298796.629 (PREV_END_EPOCH for the next invocation)
===== [267/363] queries/stackoverflow/SQLStorm/21566.sql run_id=42FF18597275FEC9 =====
query_runner configuration:
  QUERY_DIR         = queries/stackoverflow/SQLStorm/21566.sql
  LOGS_DIR          = logs/so_timeouts/warm_stepup/so_timeouts_300s_20261006T102405Z  (query_timing_/query_samples_/query_catalog_stackoverflow_1gb.csv)
  DB_NAME / DB_USER = stackoverflow_1gb / postgres
  PGPORT            = 5434  (server reports 18.6)
  RUN_ID            = 42FF18597275FEC9
  WARMUP            = 1 single-copy warm-ups (the first primes the cache)
  BATCH_SIZES       = 1  x RUNS=1 measured batches each
  WORKERS           = (planner default)
  STATEMENT_TIMEOUT = 300
  THERMAL_EQUALISE  = gate (T_LO=40 T_HI=60 preheat<=60s cooldown<=120s)
  sensors           = pkg:/sys/class/hwmon/hwmon8/temp1_input cores:4 cpufreq:8 throttle:8/8
  WARMUP_FAIL_SKIP  = on (a failed warm-up skips the query's measured batches)
  IDLE_BASELINE_S   = off
  SIGLESS_ADDR      = (disabled)
Found 1 query under queries/stackoverflow/SQLStorm/21566.sql

RAPL: powercap, 1 package, domains: pkg core gpu/uncore dram

[1/1] queries/stackoverflow/SQLStorm/21566.sql (1 warmup + step-up 1 x1)
  warmup 1/1: 19.473861 sec (cache prime)
  N=1   batch 1/1: 13.190817 sec, 1 copy (server sum 13131.802 ms)
  done: 1 size x 1 run (0 failures)

Done. Batch rows appended to logs/so_timeouts/warm_stepup/so_timeouts_300s_20261006T102405Z/query_timing_stackoverflow_1gb.csv
Per-copy samples appended to logs/so_timeouts/warm_stepup/so_timeouts_300s_20261006T102405Z/query_samples_stackoverflow_1gb.csv
Machine identity appended to logs/so_timeouts/warm_stepup/so_timeouts_300s_20261006T102405Z/query_runinfo_stackoverflow_1gb.csv
Last batch ended at epoch 1791298833.255 (PREV_END_EPOCH for the next invocation)
===== [268/363] queries/stackoverflow/SQLStorm/8253.sql run_id=EC6A5319F160A5DE =====
query_runner configuration:
  QUERY_DIR         = queries/stackoverflow/SQLStorm/8253.sql
  LOGS_DIR          = logs/so_timeouts/warm_stepup/so_timeouts_300s_20261006T102405Z  (query_timing_/query_samples_/query_catalog_stackoverflow_1gb.csv)
  DB_NAME / DB_USER = stackoverflow_1gb / postgres
  PGPORT            = 5434  (server reports 18.6)
  RUN_ID            = EC6A5319F160A5DE
  WARMUP            = 1 single-copy warm-ups (the first primes the cache)
  BATCH_SIZES       = 1  x RUNS=1 measured batches each
  WORKERS           = (planner default)
  STATEMENT_TIMEOUT = 300
  THERMAL_EQUALISE  = gate (T_LO=40 T_HI=60 preheat<=60s cooldown<=120s)
  sensors           = pkg:/sys/class/hwmon/hwmon8/temp1_input cores:4 cpufreq:8 throttle:8/8
  WARMUP_FAIL_SKIP  = on (a failed warm-up skips the query's measured batches)
  IDLE_BASELINE_S   = off
  SIGLESS_ADDR      = (disabled)
Found 1 query under queries/stackoverflow/SQLStorm/8253.sql

RAPL: powercap, 1 package, domains: pkg core gpu/uncore dram

[1/1] queries/stackoverflow/SQLStorm/8253.sql (1 warmup + step-up 1 x1)
  warmup 1/1: 28.478899 sec (cache prime)
  N=1   batch 1/1: 27.532414 sec, 1 copy (server sum 27473.821 ms)
  done: 1 size x 1 run (0 failures)

Done. Batch rows appended to logs/so_timeouts/warm_stepup/so_timeouts_300s_20261006T102405Z/query_timing_stackoverflow_1gb.csv
Per-copy samples appended to logs/so_timeouts/warm_stepup/so_timeouts_300s_20261006T102405Z/query_samples_stackoverflow_1gb.csv
Machine identity appended to logs/so_timeouts/warm_stepup/so_timeouts_300s_20261006T102405Z/query_runinfo_stackoverflow_1gb.csv
Last batch ended at epoch 1791298893.506 (PREV_END_EPOCH for the next invocation)
===== [269/363] queries/stackoverflow/SQLStorm/14018.sql run_id=C4B756775B846EFD =====
query_runner configuration:
  QUERY_DIR         = queries/stackoverflow/SQLStorm/14018.sql
  LOGS_DIR          = logs/so_timeouts/warm_stepup/so_timeouts_300s_20261006T102405Z  (query_timing_/query_samples_/query_catalog_stackoverflow_1gb.csv)
  DB_NAME / DB_USER = stackoverflow_1gb / postgres
  PGPORT            = 5434  (server reports 18.6)
  RUN_ID            = C4B756775B846EFD
  WARMUP            = 1 single-copy warm-ups (the first primes the cache)
  BATCH_SIZES       = 1  x RUNS=1 measured batches each
  WORKERS           = (planner default)
  STATEMENT_TIMEOUT = 300
  THERMAL_EQUALISE  = gate (T_LO=40 T_HI=60 preheat<=60s cooldown<=120s)
  sensors           = pkg:/sys/class/hwmon/hwmon8/temp1_input cores:4 cpufreq:8 throttle:8/8
  WARMUP_FAIL_SKIP  = on (a failed warm-up skips the query's measured batches)
  IDLE_BASELINE_S   = off
  SIGLESS_ADDR      = (disabled)
Found 1 query under queries/stackoverflow/SQLStorm/14018.sql

RAPL: powercap, 1 package, domains: pkg core gpu/uncore dram

[1/1] queries/stackoverflow/SQLStorm/14018.sql (1 warmup + step-up 1 x1)
  warmup 1/1: 33.095474 sec (cache prime)
  N=1   batch 1/1: 32.312164 sec, 1 copy (server sum 32254.629 ms)
  done: 1 size x 1 run (0 failures)

Done. Batch rows appended to logs/so_timeouts/warm_stepup/so_timeouts_300s_20261006T102405Z/query_timing_stackoverflow_1gb.csv
Per-copy samples appended to logs/so_timeouts/warm_stepup/so_timeouts_300s_20261006T102405Z/query_samples_stackoverflow_1gb.csv
Machine identity appended to logs/so_timeouts/warm_stepup/so_timeouts_300s_20261006T102405Z/query_runinfo_stackoverflow_1gb.csv
Last batch ended at epoch 1791298962.797 (PREV_END_EPOCH for the next invocation)
===== [270/363] queries/stackoverflow/SQLStorm/31512.sql run_id=02E138FD987FA333 =====
query_runner configuration:
  QUERY_DIR         = queries/stackoverflow/SQLStorm/31512.sql
  LOGS_DIR          = logs/so_timeouts/warm_stepup/so_timeouts_300s_20261006T102405Z  (query_timing_/query_samples_/query_catalog_stackoverflow_1gb.csv)
  DB_NAME / DB_USER = stackoverflow_1gb / postgres
  PGPORT            = 5434  (server reports 18.6)
  RUN_ID            = 02E138FD987FA333
  WARMUP            = 1 single-copy warm-ups (the first primes the cache)
  BATCH_SIZES       = 1  x RUNS=1 measured batches each
  WORKERS           = (planner default)
  STATEMENT_TIMEOUT = 300
  THERMAL_EQUALISE  = gate (T_LO=40 T_HI=60 preheat<=60s cooldown<=120s)
  sensors           = pkg:/sys/class/hwmon/hwmon8/temp1_input cores:4 cpufreq:8 throttle:8/8
  WARMUP_FAIL_SKIP  = on (a failed warm-up skips the query's measured batches)
  IDLE_BASELINE_S   = off
  SIGLESS_ADDR      = (disabled)
Found 1 query under queries/stackoverflow/SQLStorm/31512.sql

RAPL: powercap, 1 package, domains: pkg core gpu/uncore dram

[1/1] queries/stackoverflow/SQLStorm/31512.sql (1 warmup + step-up 1 x1)
  warmup 1/1: 23.449709 sec (cache prime)
  N=1   batch 1/1: 23.197995 sec, 1 copy (server sum 23139.989 ms)
  done: 1 size x 1 run (0 failures)

Done. Batch rows appended to logs/so_timeouts/warm_stepup/so_timeouts_300s_20261006T102405Z/query_timing_stackoverflow_1gb.csv
Per-copy samples appended to logs/so_timeouts/warm_stepup/so_timeouts_300s_20261006T102405Z/query_samples_stackoverflow_1gb.csv
Machine identity appended to logs/so_timeouts/warm_stepup/so_timeouts_300s_20261006T102405Z/query_runinfo_stackoverflow_1gb.csv
Last batch ended at epoch 1791299012.988 (PREV_END_EPOCH for the next invocation)
===== [271/363] queries/stackoverflow/SQLStorm/12664.sql run_id=891CE6758994A1E4 =====
query_runner configuration:
  QUERY_DIR         = queries/stackoverflow/SQLStorm/12664.sql
  LOGS_DIR          = logs/so_timeouts/warm_stepup/so_timeouts_300s_20261006T102405Z  (query_timing_/query_samples_/query_catalog_stackoverflow_1gb.csv)
  DB_NAME / DB_USER = stackoverflow_1gb / postgres
  PGPORT            = 5434  (server reports 18.6)
  RUN_ID            = 891CE6758994A1E4
  WARMUP            = 1 single-copy warm-ups (the first primes the cache)
  BATCH_SIZES       = 1  x RUNS=1 measured batches each
  WORKERS           = (planner default)
  STATEMENT_TIMEOUT = 300
  THERMAL_EQUALISE  = gate (T_LO=40 T_HI=60 preheat<=60s cooldown<=120s)
  sensors           = pkg:/sys/class/hwmon/hwmon8/temp1_input cores:4 cpufreq:8 throttle:8/8
  WARMUP_FAIL_SKIP  = on (a failed warm-up skips the query's measured batches)
  IDLE_BASELINE_S   = off
  SIGLESS_ADDR      = (disabled)
Found 1 query under queries/stackoverflow/SQLStorm/12664.sql

RAPL: powercap, 1 package, domains: pkg core gpu/uncore dram

[1/1] queries/stackoverflow/SQLStorm/12664.sql (1 warmup + step-up 1 x1)
  thermal gate: waited 4s -> 60.0 C
  warmup 1/1: 36.171521 sec (cache prime)
  N=1   batch 1/1: 35.912011 sec, 1 copy (server sum 35855.218 ms)
  done: 1 size x 1 run (0 failures)

Done. Batch rows appended to logs/so_timeouts/warm_stepup/so_timeouts_300s_20261006T102405Z/query_timing_stackoverflow_1gb.csv
Per-copy samples appended to logs/so_timeouts/warm_stepup/so_timeouts_300s_20261006T102405Z/query_samples_stackoverflow_1gb.csv
Machine identity appended to logs/so_timeouts/warm_stepup/so_timeouts_300s_20261006T102405Z/query_runinfo_stackoverflow_1gb.csv
Last batch ended at epoch 1791299093.128 (PREV_END_EPOCH for the next invocation)
===== [272/363] queries/stackoverflow/SQLStorm/29808.sql run_id=2183CA8AD7ED7981 =====
query_runner configuration:
  QUERY_DIR         = queries/stackoverflow/SQLStorm/29808.sql
  LOGS_DIR          = logs/so_timeouts/warm_stepup/so_timeouts_300s_20261006T102405Z  (query_timing_/query_samples_/query_catalog_stackoverflow_1gb.csv)
  DB_NAME / DB_USER = stackoverflow_1gb / postgres
  PGPORT            = 5434  (server reports 18.6)
  RUN_ID            = 2183CA8AD7ED7981
  WARMUP            = 1 single-copy warm-ups (the first primes the cache)
  BATCH_SIZES       = 1  x RUNS=1 measured batches each
  WORKERS           = (planner default)
  STATEMENT_TIMEOUT = 300
  THERMAL_EQUALISE  = gate (T_LO=40 T_HI=60 preheat<=60s cooldown<=120s)
  sensors           = pkg:/sys/class/hwmon/hwmon8/temp1_input cores:4 cpufreq:8 throttle:8/8
  WARMUP_FAIL_SKIP  = on (a failed warm-up skips the query's measured batches)
  IDLE_BASELINE_S   = off
  SIGLESS_ADDR      = (disabled)
Found 1 query under queries/stackoverflow/SQLStorm/29808.sql

RAPL: powercap, 1 package, domains: pkg core gpu/uncore dram

[1/1] queries/stackoverflow/SQLStorm/29808.sql (1 warmup + step-up 1 x1)
  warmup 1/1: 16.016017 sec (cache prime)
  N=1   batch 1/1: 14.591605 sec, 1 copy (server sum 14534.457 ms)
  done: 1 size x 1 run (0 failures)

Done. Batch rows appended to logs/so_timeouts/warm_stepup/so_timeouts_300s_20261006T102405Z/query_timing_stackoverflow_1gb.csv
Per-copy samples appended to logs/so_timeouts/warm_stepup/so_timeouts_300s_20261006T102405Z/query_samples_stackoverflow_1gb.csv
Machine identity appended to logs/so_timeouts/warm_stepup/so_timeouts_300s_20261006T102405Z/query_runinfo_stackoverflow_1gb.csv
Last batch ended at epoch 1791299127.536 (PREV_END_EPOCH for the next invocation)
===== [273/363] queries/stackoverflow/SQLStorm/11636.sql run_id=0921D356BBEE57D4 =====
query_runner configuration:
  QUERY_DIR         = queries/stackoverflow/SQLStorm/11636.sql
  LOGS_DIR          = logs/so_timeouts/warm_stepup/so_timeouts_300s_20261006T102405Z  (query_timing_/query_samples_/query_catalog_stackoverflow_1gb.csv)
  DB_NAME / DB_USER = stackoverflow_1gb / postgres
  PGPORT            = 5434  (server reports 18.6)
  RUN_ID            = 0921D356BBEE57D4
  WARMUP            = 1 single-copy warm-ups (the first primes the cache)
  BATCH_SIZES       = 1  x RUNS=1 measured batches each
  WORKERS           = (planner default)
  STATEMENT_TIMEOUT = 300
  THERMAL_EQUALISE  = gate (T_LO=40 T_HI=60 preheat<=60s cooldown<=120s)
  sensors           = pkg:/sys/class/hwmon/hwmon8/temp1_input cores:4 cpufreq:8 throttle:8/8
  WARMUP_FAIL_SKIP  = on (a failed warm-up skips the query's measured batches)
  IDLE_BASELINE_S   = off
  SIGLESS_ADDR      = (disabled)
Found 1 query under queries/stackoverflow/SQLStorm/11636.sql

RAPL: powercap, 1 package, domains: pkg core gpu/uncore dram

[1/1] queries/stackoverflow/SQLStorm/11636.sql (1 warmup + step-up 1 x1)
  thermal gate: waited 2s -> 59.0 C
  warmup 1/1: 22.541121 sec (cache prime)
  N=1   batch 1/1: 19.179471 sec, 1 copy (server sum 19121.666 ms)
  done: 1 size x 1 run (0 failures)

Done. Batch rows appended to logs/so_timeouts/warm_stepup/so_timeouts_300s_20261006T102405Z/query_timing_stackoverflow_1gb.csv
Per-copy samples appended to logs/so_timeouts/warm_stepup/so_timeouts_300s_20261006T102405Z/query_samples_stackoverflow_1gb.csv
Machine identity appended to logs/so_timeouts/warm_stepup/so_timeouts_300s_20261006T102405Z/query_runinfo_stackoverflow_1gb.csv
Last batch ended at epoch 1791299175.397 (PREV_END_EPOCH for the next invocation)
===== [274/363] queries/stackoverflow/SQLStorm/11720.sql run_id=1A1AEAFA1892AABE =====
query_runner configuration:
  QUERY_DIR         = queries/stackoverflow/SQLStorm/11720.sql
  LOGS_DIR          = logs/so_timeouts/warm_stepup/so_timeouts_300s_20261006T102405Z  (query_timing_/query_samples_/query_catalog_stackoverflow_1gb.csv)
  DB_NAME / DB_USER = stackoverflow_1gb / postgres
  PGPORT            = 5434  (server reports 18.6)
  RUN_ID            = 1A1AEAFA1892AABE
  WARMUP            = 1 single-copy warm-ups (the first primes the cache)
  BATCH_SIZES       = 1  x RUNS=1 measured batches each
  WORKERS           = (planner default)
  STATEMENT_TIMEOUT = 300
  THERMAL_EQUALISE  = gate (T_LO=40 T_HI=60 preheat<=60s cooldown<=120s)
  sensors           = pkg:/sys/class/hwmon/hwmon8/temp1_input cores:4 cpufreq:8 throttle:8/8
  WARMUP_FAIL_SKIP  = on (a failed warm-up skips the query's measured batches)
  IDLE_BASELINE_S   = off
  SIGLESS_ADDR      = (disabled)
Found 1 query under queries/stackoverflow/SQLStorm/11720.sql

RAPL: powercap, 1 package, domains: pkg core gpu/uncore dram

[1/1] queries/stackoverflow/SQLStorm/11720.sql (1 warmup + step-up 1 x1)
  warmup 1/1: 23.629646 sec (cache prime)
  N=1   batch 1/1: 22.916437 sec, 1 copy (server sum 22858.694 ms)
  done: 1 size x 1 run (0 failures)

Done. Batch rows appended to logs/so_timeouts/warm_stepup/so_timeouts_300s_20261006T102405Z/query_timing_stackoverflow_1gb.csv
Per-copy samples appended to logs/so_timeouts/warm_stepup/so_timeouts_300s_20261006T102405Z/query_samples_stackoverflow_1gb.csv
Machine identity appended to logs/so_timeouts/warm_stepup/so_timeouts_300s_20261006T102405Z/query_runinfo_stackoverflow_1gb.csv
Last batch ended at epoch 1791299225.713 (PREV_END_EPOCH for the next invocation)
===== [275/363] queries/stackoverflow/SQLStorm/11719.sql run_id=21C2D24654C1F4FD =====
query_runner configuration:
  QUERY_DIR         = queries/stackoverflow/SQLStorm/11719.sql
  LOGS_DIR          = logs/so_timeouts/warm_stepup/so_timeouts_300s_20261006T102405Z  (query_timing_/query_samples_/query_catalog_stackoverflow_1gb.csv)
  DB_NAME / DB_USER = stackoverflow_1gb / postgres
  PGPORT            = 5434  (server reports 18.6)
  RUN_ID            = 21C2D24654C1F4FD
  WARMUP            = 1 single-copy warm-ups (the first primes the cache)
  BATCH_SIZES       = 1  x RUNS=1 measured batches each
  WORKERS           = (planner default)
  STATEMENT_TIMEOUT = 300
  THERMAL_EQUALISE  = gate (T_LO=40 T_HI=60 preheat<=60s cooldown<=120s)
  sensors           = pkg:/sys/class/hwmon/hwmon8/temp1_input cores:4 cpufreq:8 throttle:8/8
  WARMUP_FAIL_SKIP  = on (a failed warm-up skips the query's measured batches)
  IDLE_BASELINE_S   = off
  SIGLESS_ADDR      = (disabled)
Found 1 query under queries/stackoverflow/SQLStorm/11719.sql

RAPL: powercap, 1 package, domains: pkg core gpu/uncore dram

[1/1] queries/stackoverflow/SQLStorm/11719.sql (1 warmup + step-up 1 x1)
  warmup 1/1: 18.358112 sec (cache prime)
  N=1   batch 1/1: 17.954110 sec, 1 copy (server sum 17897.522 ms)
  done: 1 size x 1 run (0 failures)

Done. Batch rows appended to logs/so_timeouts/warm_stepup/so_timeouts_300s_20261006T102405Z/query_timing_stackoverflow_1gb.csv
Per-copy samples appended to logs/so_timeouts/warm_stepup/so_timeouts_300s_20261006T102405Z/query_samples_stackoverflow_1gb.csv
Machine identity appended to logs/so_timeouts/warm_stepup/so_timeouts_300s_20261006T102405Z/query_runinfo_stackoverflow_1gb.csv
Last batch ended at epoch 1791299265.816 (PREV_END_EPOCH for the next invocation)
===== [276/363] queries/stackoverflow/SQLStorm/13250.sql run_id=3C40F25B7F1A5419 =====
query_runner configuration:
  QUERY_DIR         = queries/stackoverflow/SQLStorm/13250.sql
  LOGS_DIR          = logs/so_timeouts/warm_stepup/so_timeouts_300s_20261006T102405Z  (query_timing_/query_samples_/query_catalog_stackoverflow_1gb.csv)
  DB_NAME / DB_USER = stackoverflow_1gb / postgres
  PGPORT            = 5434  (server reports 18.6)
  RUN_ID            = 3C40F25B7F1A5419
  WARMUP            = 1 single-copy warm-ups (the first primes the cache)
  BATCH_SIZES       = 1  x RUNS=1 measured batches each
  WORKERS           = (planner default)
  STATEMENT_TIMEOUT = 300
  THERMAL_EQUALISE  = gate (T_LO=40 T_HI=60 preheat<=60s cooldown<=120s)
  sensors           = pkg:/sys/class/hwmon/hwmon8/temp1_input cores:4 cpufreq:8 throttle:8/8
  WARMUP_FAIL_SKIP  = on (a failed warm-up skips the query's measured batches)
  IDLE_BASELINE_S   = off
  SIGLESS_ADDR      = (disabled)
Found 1 query under queries/stackoverflow/SQLStorm/13250.sql

RAPL: powercap, 1 package, domains: pkg core gpu/uncore dram

[1/1] queries/stackoverflow/SQLStorm/13250.sql (1 warmup + step-up 1 x1)
  warmup 1/1: 27.400283 sec (cache prime)
  N=1   batch 1/1: 25.994748 sec, 1 copy (server sum 25936.746 ms)
  done: 1 size x 1 run (0 failures)

Done. Batch rows appended to logs/so_timeouts/warm_stepup/so_timeouts_300s_20261006T102405Z/query_timing_stackoverflow_1gb.csv
Per-copy samples appended to logs/so_timeouts/warm_stepup/so_timeouts_300s_20261006T102405Z/query_samples_stackoverflow_1gb.csv
Machine identity appended to logs/so_timeouts/warm_stepup/so_timeouts_300s_20261006T102405Z/query_runinfo_stackoverflow_1gb.csv
Last batch ended at epoch 1791299322.946 (PREV_END_EPOCH for the next invocation)
===== [277/363] queries/stackoverflow/SQLStorm/25058.sql run_id=9D2B8BDFAF4703FA =====
query_runner configuration:
  QUERY_DIR         = queries/stackoverflow/SQLStorm/25058.sql
  LOGS_DIR          = logs/so_timeouts/warm_stepup/so_timeouts_300s_20261006T102405Z  (query_timing_/query_samples_/query_catalog_stackoverflow_1gb.csv)
  DB_NAME / DB_USER = stackoverflow_1gb / postgres
  PGPORT            = 5434  (server reports 18.6)
  RUN_ID            = 9D2B8BDFAF4703FA
  WARMUP            = 1 single-copy warm-ups (the first primes the cache)
  BATCH_SIZES       = 1  x RUNS=1 measured batches each
  WORKERS           = (planner default)
  STATEMENT_TIMEOUT = 300
  THERMAL_EQUALISE  = gate (T_LO=40 T_HI=60 preheat<=60s cooldown<=120s)
  sensors           = pkg:/sys/class/hwmon/hwmon8/temp1_input cores:4 cpufreq:8 throttle:8/8
  WARMUP_FAIL_SKIP  = on (a failed warm-up skips the query's measured batches)
  IDLE_BASELINE_S   = off
  SIGLESS_ADDR      = (disabled)
Found 1 query under queries/stackoverflow/SQLStorm/25058.sql

RAPL: powercap, 1 package, domains: pkg core gpu/uncore dram

[1/1] queries/stackoverflow/SQLStorm/25058.sql (1 warmup + step-up 1 x1)
  warmup 1/1: 35.380271 sec (cache prime)
  N=1   batch 1/1: 19.838572 sec, 1 copy (server sum 19780.414 ms)
  done: 1 size x 1 run (0 failures)

Done. Batch rows appended to logs/so_timeouts/warm_stepup/so_timeouts_300s_20261006T102405Z/query_timing_stackoverflow_1gb.csv
Per-copy samples appended to logs/so_timeouts/warm_stepup/so_timeouts_300s_20261006T102405Z/query_samples_stackoverflow_1gb.csv
Machine identity appended to logs/so_timeouts/warm_stepup/so_timeouts_300s_20261006T102405Z/query_runinfo_stackoverflow_1gb.csv
Last batch ended at epoch 1791299381.913 (PREV_END_EPOCH for the next invocation)
===== [278/363] queries/stackoverflow/SQLStorm/6038.sql run_id=1F13E837DAAF084C =====
query_runner configuration:
  QUERY_DIR         = queries/stackoverflow/SQLStorm/6038.sql
  LOGS_DIR          = logs/so_timeouts/warm_stepup/so_timeouts_300s_20261006T102405Z  (query_timing_/query_samples_/query_catalog_stackoverflow_1gb.csv)
  DB_NAME / DB_USER = stackoverflow_1gb / postgres
  PGPORT            = 5434  (server reports 18.6)
  RUN_ID            = 1F13E837DAAF084C
  WARMUP            = 1 single-copy warm-ups (the first primes the cache)
  BATCH_SIZES       = 1  x RUNS=1 measured batches each
  WORKERS           = (planner default)
  STATEMENT_TIMEOUT = 300
  THERMAL_EQUALISE  = gate (T_LO=40 T_HI=60 preheat<=60s cooldown<=120s)
  sensors           = pkg:/sys/class/hwmon/hwmon8/temp1_input cores:4 cpufreq:8 throttle:8/8
  WARMUP_FAIL_SKIP  = on (a failed warm-up skips the query's measured batches)
  IDLE_BASELINE_S   = off
  SIGLESS_ADDR      = (disabled)
Found 1 query under queries/stackoverflow/SQLStorm/6038.sql

RAPL: powercap, 1 package, domains: pkg core gpu/uncore dram

[1/1] queries/stackoverflow/SQLStorm/6038.sql (1 warmup + step-up 1 x1)
  warmup batch 1 FAILED (exit code 3) for queries/stackoverflow/SQLStorm/6038.sql
      psql:/tmp/query_runner_batch_3177004.sql:80: ERROR:  canceling statement due to statement timeout
  warmup 1/1: 300.086947 sec (cache prime)
  warm-up failed: measured batches skipped (WARMUP_FAIL_SKIP)
  done: 1 size x 1 run (1 failure)

Done. Batch rows appended to logs/so_timeouts/warm_stepup/so_timeouts_300s_20261006T102405Z/query_timing_stackoverflow_1gb.csv
Per-copy samples appended to logs/so_timeouts/warm_stepup/so_timeouts_300s_20261006T102405Z/query_samples_stackoverflow_1gb.csv
Machine identity appended to logs/so_timeouts/warm_stepup/so_timeouts_300s_20261006T102405Z/query_runinfo_stackoverflow_1gb.csv
Last batch ended at epoch 1791299685.751 (PREV_END_EPOCH for the next invocation)
1 batch failure (see the failed column)
===== [279/363] queries/stackoverflow/SQLStorm/1986.sql run_id=A0E7EADD53FCA8A2 =====
query_runner configuration:
  QUERY_DIR         = queries/stackoverflow/SQLStorm/1986.sql
  LOGS_DIR          = logs/so_timeouts/warm_stepup/so_timeouts_300s_20261006T102405Z  (query_timing_/query_samples_/query_catalog_stackoverflow_1gb.csv)
  DB_NAME / DB_USER = stackoverflow_1gb / postgres
  PGPORT            = 5434  (server reports 18.6)
  RUN_ID            = A0E7EADD53FCA8A2
  WARMUP            = 1 single-copy warm-ups (the first primes the cache)
  BATCH_SIZES       = 1  x RUNS=1 measured batches each
  WORKERS           = (planner default)
  STATEMENT_TIMEOUT = 300
  THERMAL_EQUALISE  = gate (T_LO=40 T_HI=60 preheat<=60s cooldown<=120s)
  sensors           = pkg:/sys/class/hwmon/hwmon8/temp1_input cores:4 cpufreq:8 throttle:8/8
  WARMUP_FAIL_SKIP  = on (a failed warm-up skips the query's measured batches)
  IDLE_BASELINE_S   = off
  SIGLESS_ADDR      = (disabled)
Found 1 query under queries/stackoverflow/SQLStorm/1986.sql

RAPL: powercap, 1 package, domains: pkg core gpu/uncore dram

[1/1] queries/stackoverflow/SQLStorm/1986.sql (1 warmup + step-up 1 x1)
  warmup 1/1: 17.686051 sec (cache prime)
  N=1   batch 1/1: 16.839603 sec, 1 copy (server sum 16730.808 ms)
  done: 1 size x 1 run (0 failures)

Done. Batch rows appended to logs/so_timeouts/warm_stepup/so_timeouts_300s_20261006T102405Z/query_timing_stackoverflow_1gb.csv
Per-copy samples appended to logs/so_timeouts/warm_stepup/so_timeouts_300s_20261006T102405Z/query_samples_stackoverflow_1gb.csv
Machine identity appended to logs/so_timeouts/warm_stepup/so_timeouts_300s_20261006T102405Z/query_runinfo_stackoverflow_1gb.csv
Last batch ended at epoch 1791299724.416 (PREV_END_EPOCH for the next invocation)
===== [280/363] queries/stackoverflow/SQLStorm/34199.sql run_id=1F0069FDCAE465F7 =====
query_runner configuration:
  QUERY_DIR         = queries/stackoverflow/SQLStorm/34199.sql
  LOGS_DIR          = logs/so_timeouts/warm_stepup/so_timeouts_300s_20261006T102405Z  (query_timing_/query_samples_/query_catalog_stackoverflow_1gb.csv)
  DB_NAME / DB_USER = stackoverflow_1gb / postgres
  PGPORT            = 5434  (server reports 18.6)
  RUN_ID            = 1F0069FDCAE465F7
  WARMUP            = 1 single-copy warm-ups (the first primes the cache)
  BATCH_SIZES       = 1  x RUNS=1 measured batches each
  WORKERS           = (planner default)
  STATEMENT_TIMEOUT = 300
  THERMAL_EQUALISE  = gate (T_LO=40 T_HI=60 preheat<=60s cooldown<=120s)
  sensors           = pkg:/sys/class/hwmon/hwmon8/temp1_input cores:4 cpufreq:8 throttle:8/8
  WARMUP_FAIL_SKIP  = on (a failed warm-up skips the query's measured batches)
  IDLE_BASELINE_S   = off
  SIGLESS_ADDR      = (disabled)
Found 1 query under queries/stackoverflow/SQLStorm/34199.sql

RAPL: powercap, 1 package, domains: pkg core gpu/uncore dram

[1/1] queries/stackoverflow/SQLStorm/34199.sql (1 warmup + step-up 1 x1)
  thermal gate: waited 2s -> 58.0 C
  warmup 1/1: 27.374239 sec (cache prime)
  N=1   batch 1/1: 26.400020 sec, 1 copy (server sum 26341.164 ms)
  done: 1 size x 1 run (0 failures)

Done. Batch rows appended to logs/so_timeouts/warm_stepup/so_timeouts_300s_20261006T102405Z/query_timing_stackoverflow_1gb.csv
Per-copy samples appended to logs/so_timeouts/warm_stepup/so_timeouts_300s_20261006T102405Z/query_samples_stackoverflow_1gb.csv
Machine identity appended to logs/so_timeouts/warm_stepup/so_timeouts_300s_20261006T102405Z/query_runinfo_stackoverflow_1gb.csv
Last batch ended at epoch 1791299784.071 (PREV_END_EPOCH for the next invocation)
===== [281/363] queries/stackoverflow/SQLStorm/12422.sql run_id=F2E721B9EB1F51ED =====
query_runner configuration:
  QUERY_DIR         = queries/stackoverflow/SQLStorm/12422.sql
  LOGS_DIR          = logs/so_timeouts/warm_stepup/so_timeouts_300s_20261006T102405Z  (query_timing_/query_samples_/query_catalog_stackoverflow_1gb.csv)
  DB_NAME / DB_USER = stackoverflow_1gb / postgres
  PGPORT            = 5434  (server reports 18.6)
  RUN_ID            = F2E721B9EB1F51ED
  WARMUP            = 1 single-copy warm-ups (the first primes the cache)
  BATCH_SIZES       = 1  x RUNS=1 measured batches each
  WORKERS           = (planner default)
  STATEMENT_TIMEOUT = 300
  THERMAL_EQUALISE  = gate (T_LO=40 T_HI=60 preheat<=60s cooldown<=120s)
  sensors           = pkg:/sys/class/hwmon/hwmon8/temp1_input cores:4 cpufreq:8 throttle:8/8
  WARMUP_FAIL_SKIP  = on (a failed warm-up skips the query's measured batches)
  IDLE_BASELINE_S   = off
  SIGLESS_ADDR      = (disabled)
Found 1 query under queries/stackoverflow/SQLStorm/12422.sql

RAPL: powercap, 1 package, domains: pkg core gpu/uncore dram

[1/1] queries/stackoverflow/SQLStorm/12422.sql (1 warmup + step-up 1 x1)
  warmup 1/1: 34.105044 sec (cache prime)
  N=1   batch 1/1: 33.355268 sec, 1 copy (server sum 33298.214 ms)
  done: 1 size x 1 run (0 failures)

Done. Batch rows appended to logs/so_timeouts/warm_stepup/so_timeouts_300s_20261006T102405Z/query_timing_stackoverflow_1gb.csv
Per-copy samples appended to logs/so_timeouts/warm_stepup/so_timeouts_300s_20261006T102405Z/query_samples_stackoverflow_1gb.csv
Machine identity appended to logs/so_timeouts/warm_stepup/so_timeouts_300s_20261006T102405Z/query_runinfo_stackoverflow_1gb.csv
Last batch ended at epoch 1791299855.757 (PREV_END_EPOCH for the next invocation)
===== [282/363] queries/stackoverflow/SQLStorm/4559.sql run_id=91E0089F3429ADD8 =====
query_runner configuration:
  QUERY_DIR         = queries/stackoverflow/SQLStorm/4559.sql
  LOGS_DIR          = logs/so_timeouts/warm_stepup/so_timeouts_300s_20261006T102405Z  (query_timing_/query_samples_/query_catalog_stackoverflow_1gb.csv)
  DB_NAME / DB_USER = stackoverflow_1gb / postgres
  PGPORT            = 5434  (server reports 18.6)
  RUN_ID            = 91E0089F3429ADD8
  WARMUP            = 1 single-copy warm-ups (the first primes the cache)
  BATCH_SIZES       = 1  x RUNS=1 measured batches each
  WORKERS           = (planner default)
  STATEMENT_TIMEOUT = 300
  THERMAL_EQUALISE  = gate (T_LO=40 T_HI=60 preheat<=60s cooldown<=120s)
  sensors           = pkg:/sys/class/hwmon/hwmon8/temp1_input cores:4 cpufreq:8 throttle:8/8
  WARMUP_FAIL_SKIP  = on (a failed warm-up skips the query's measured batches)
  IDLE_BASELINE_S   = off
  SIGLESS_ADDR      = (disabled)
Found 1 query under queries/stackoverflow/SQLStorm/4559.sql

RAPL: powercap, 1 package, domains: pkg core gpu/uncore dram

[1/1] queries/stackoverflow/SQLStorm/4559.sql (1 warmup + step-up 1 x1)
  warmup 1/1: 39.098094 sec (cache prime)
  N=1   batch 1/1: 38.157678 sec, 1 copy (server sum 38100.329 ms)
  done: 1 size x 1 run (0 failures)

Done. Batch rows appended to logs/so_timeouts/warm_stepup/so_timeouts_300s_20261006T102405Z/query_timing_stackoverflow_1gb.csv
Per-copy samples appended to logs/so_timeouts/warm_stepup/so_timeouts_300s_20261006T102405Z/query_samples_stackoverflow_1gb.csv
Machine identity appended to logs/so_timeouts/warm_stepup/so_timeouts_300s_20261006T102405Z/query_runinfo_stackoverflow_1gb.csv
Last batch ended at epoch 1791299936.835 (PREV_END_EPOCH for the next invocation)
===== [283/363] queries/stackoverflow/SQLStorm/1068.sql run_id=14CD43101208FC36 =====
query_runner configuration:
  QUERY_DIR         = queries/stackoverflow/SQLStorm/1068.sql
  LOGS_DIR          = logs/so_timeouts/warm_stepup/so_timeouts_300s_20261006T102405Z  (query_timing_/query_samples_/query_catalog_stackoverflow_1gb.csv)
  DB_NAME / DB_USER = stackoverflow_1gb / postgres
  PGPORT            = 5434  (server reports 18.6)
  RUN_ID            = 14CD43101208FC36
  WARMUP            = 1 single-copy warm-ups (the first primes the cache)
  BATCH_SIZES       = 1  x RUNS=1 measured batches each
  WORKERS           = (planner default)
  STATEMENT_TIMEOUT = 300
  THERMAL_EQUALISE  = gate (T_LO=40 T_HI=60 preheat<=60s cooldown<=120s)
  sensors           = pkg:/sys/class/hwmon/hwmon8/temp1_input cores:4 cpufreq:8 throttle:8/8
  WARMUP_FAIL_SKIP  = on (a failed warm-up skips the query's measured batches)
  IDLE_BASELINE_S   = off
  SIGLESS_ADDR      = (disabled)
Found 1 query under queries/stackoverflow/SQLStorm/1068.sql

RAPL: powercap, 1 package, domains: pkg core gpu/uncore dram

[1/1] queries/stackoverflow/SQLStorm/1068.sql (1 warmup + step-up 1 x1)
  warmup 1/1: 41.418172 sec (cache prime)
  N=1   batch 1/1: 40.350180 sec, 1 copy (server sum 40292.585 ms)
  done: 1 size x 1 run (0 failures)

Done. Batch rows appended to logs/so_timeouts/warm_stepup/so_timeouts_300s_20261006T102405Z/query_timing_stackoverflow_1gb.csv
Per-copy samples appended to logs/so_timeouts/warm_stepup/so_timeouts_300s_20261006T102405Z/query_samples_stackoverflow_1gb.csv
Machine identity appended to logs/so_timeouts/warm_stepup/so_timeouts_300s_20261006T102405Z/query_runinfo_stackoverflow_1gb.csv
Last batch ended at epoch 1791300022.693 (PREV_END_EPOCH for the next invocation)
===== [284/363] queries/stackoverflow/SQLStorm/3097.sql run_id=971E1AD96CF6D5C9 =====
query_runner configuration:
  QUERY_DIR         = queries/stackoverflow/SQLStorm/3097.sql
  LOGS_DIR          = logs/so_timeouts/warm_stepup/so_timeouts_300s_20261006T102405Z  (query_timing_/query_samples_/query_catalog_stackoverflow_1gb.csv)
  DB_NAME / DB_USER = stackoverflow_1gb / postgres
  PGPORT            = 5434  (server reports 18.6)
  RUN_ID            = 971E1AD96CF6D5C9
  WARMUP            = 1 single-copy warm-ups (the first primes the cache)
  BATCH_SIZES       = 1  x RUNS=1 measured batches each
  WORKERS           = (planner default)
  STATEMENT_TIMEOUT = 300
  THERMAL_EQUALISE  = gate (T_LO=40 T_HI=60 preheat<=60s cooldown<=120s)
  sensors           = pkg:/sys/class/hwmon/hwmon8/temp1_input cores:4 cpufreq:8 throttle:8/8
  WARMUP_FAIL_SKIP  = on (a failed warm-up skips the query's measured batches)
  IDLE_BASELINE_S   = off
  SIGLESS_ADDR      = (disabled)
Found 1 query under queries/stackoverflow/SQLStorm/3097.sql

RAPL: powercap, 1 package, domains: pkg core gpu/uncore dram

[1/1] queries/stackoverflow/SQLStorm/3097.sql (1 warmup + step-up 1 x1)
  thermal gate: waited 2s -> 58.0 C
  warmup 1/1: 37.844628 sec (cache prime)
  N=1   batch 1/1: 37.486486 sec, 1 copy (server sum 37428.444 ms)
  done: 1 size x 1 run (0 failures)

Done. Batch rows appended to logs/so_timeouts/warm_stepup/so_timeouts_300s_20261006T102405Z/query_timing_stackoverflow_1gb.csv
Per-copy samples appended to logs/so_timeouts/warm_stepup/so_timeouts_300s_20261006T102405Z/query_samples_stackoverflow_1gb.csv
Machine identity appended to logs/so_timeouts/warm_stepup/so_timeouts_300s_20261006T102405Z/query_runinfo_stackoverflow_1gb.csv
Last batch ended at epoch 1791300103.160 (PREV_END_EPOCH for the next invocation)
===== [285/363] queries/stackoverflow/SQLStorm/12548.sql run_id=9387BBBC38AC7BF1 =====
query_runner configuration:
  QUERY_DIR         = queries/stackoverflow/SQLStorm/12548.sql
  LOGS_DIR          = logs/so_timeouts/warm_stepup/so_timeouts_300s_20261006T102405Z  (query_timing_/query_samples_/query_catalog_stackoverflow_1gb.csv)
  DB_NAME / DB_USER = stackoverflow_1gb / postgres
  PGPORT            = 5434  (server reports 18.6)
  RUN_ID            = 9387BBBC38AC7BF1
  WARMUP            = 1 single-copy warm-ups (the first primes the cache)
  BATCH_SIZES       = 1  x RUNS=1 measured batches each
  WORKERS           = (planner default)
  STATEMENT_TIMEOUT = 300
  THERMAL_EQUALISE  = gate (T_LO=40 T_HI=60 preheat<=60s cooldown<=120s)
  sensors           = pkg:/sys/class/hwmon/hwmon8/temp1_input cores:4 cpufreq:8 throttle:8/8
  WARMUP_FAIL_SKIP  = on (a failed warm-up skips the query's measured batches)
  IDLE_BASELINE_S   = off
  SIGLESS_ADDR      = (disabled)
Found 1 query under queries/stackoverflow/SQLStorm/12548.sql

RAPL: powercap, 1 package, domains: pkg core gpu/uncore dram

[1/1] queries/stackoverflow/SQLStorm/12548.sql (1 warmup + step-up 1 x1)
  warmup 1/1: 15.830997 sec (cache prime)
  N=1   batch 1/1: 13.873268 sec, 1 copy (server sum 13815.999 ms)
  done: 1 size x 1 run (0 failures)

Done. Batch rows appended to logs/so_timeouts/warm_stepup/so_timeouts_300s_20261006T102405Z/query_timing_stackoverflow_1gb.csv
Per-copy samples appended to logs/so_timeouts/warm_stepup/so_timeouts_300s_20261006T102405Z/query_samples_stackoverflow_1gb.csv
Machine identity appended to logs/so_timeouts/warm_stepup/so_timeouts_300s_20261006T102405Z/query_runinfo_stackoverflow_1gb.csv
Last batch ended at epoch 1791300136.769 (PREV_END_EPOCH for the next invocation)
===== [286/363] queries/stackoverflow/SQLStorm/12871.sql run_id=9FF06348D90FE63F =====
query_runner configuration:
  QUERY_DIR         = queries/stackoverflow/SQLStorm/12871.sql
  LOGS_DIR          = logs/so_timeouts/warm_stepup/so_timeouts_300s_20261006T102405Z  (query_timing_/query_samples_/query_catalog_stackoverflow_1gb.csv)
  DB_NAME / DB_USER = stackoverflow_1gb / postgres
  PGPORT            = 5434  (server reports 18.6)
  RUN_ID            = 9FF06348D90FE63F
  WARMUP            = 1 single-copy warm-ups (the first primes the cache)
  BATCH_SIZES       = 1  x RUNS=1 measured batches each
  WORKERS           = (planner default)
  STATEMENT_TIMEOUT = 300
  THERMAL_EQUALISE  = gate (T_LO=40 T_HI=60 preheat<=60s cooldown<=120s)
  sensors           = pkg:/sys/class/hwmon/hwmon8/temp1_input cores:4 cpufreq:8 throttle:8/8
  WARMUP_FAIL_SKIP  = on (a failed warm-up skips the query's measured batches)
  IDLE_BASELINE_S   = off
  SIGLESS_ADDR      = (disabled)
Found 1 query under queries/stackoverflow/SQLStorm/12871.sql

RAPL: powercap, 1 package, domains: pkg core gpu/uncore dram

[1/1] queries/stackoverflow/SQLStorm/12871.sql (1 warmup + step-up 1 x1)
  warmup 1/1: 33.508754 sec (cache prime)
  N=1   batch 1/1: 32.993969 sec, 1 copy (server sum 32936.240 ms)
  done: 1 size x 1 run (0 failures)

Done. Batch rows appended to logs/so_timeouts/warm_stepup/so_timeouts_300s_20261006T102405Z/query_timing_stackoverflow_1gb.csv
Per-copy samples appended to logs/so_timeouts/warm_stepup/so_timeouts_300s_20261006T102405Z/query_samples_stackoverflow_1gb.csv
Machine identity appended to logs/so_timeouts/warm_stepup/so_timeouts_300s_20261006T102405Z/query_runinfo_stackoverflow_1gb.csv
Last batch ended at epoch 1791300207.235 (PREV_END_EPOCH for the next invocation)
===== [287/363] queries/stackoverflow/SQLStorm/10910.sql run_id=EFD87E75EFC062CA =====
query_runner configuration:
  QUERY_DIR         = queries/stackoverflow/SQLStorm/10910.sql
  LOGS_DIR          = logs/so_timeouts/warm_stepup/so_timeouts_300s_20261006T102405Z  (query_timing_/query_samples_/query_catalog_stackoverflow_1gb.csv)
  DB_NAME / DB_USER = stackoverflow_1gb / postgres
  PGPORT            = 5434  (server reports 18.6)
  RUN_ID            = EFD87E75EFC062CA
  WARMUP            = 1 single-copy warm-ups (the first primes the cache)
  BATCH_SIZES       = 1  x RUNS=1 measured batches each
  WORKERS           = (planner default)
  STATEMENT_TIMEOUT = 300
  THERMAL_EQUALISE  = gate (T_LO=40 T_HI=60 preheat<=60s cooldown<=120s)
  sensors           = pkg:/sys/class/hwmon/hwmon8/temp1_input cores:4 cpufreq:8 throttle:8/8
  WARMUP_FAIL_SKIP  = on (a failed warm-up skips the query's measured batches)
  IDLE_BASELINE_S   = off
  SIGLESS_ADDR      = (disabled)
Found 1 query under queries/stackoverflow/SQLStorm/10910.sql

RAPL: powercap, 1 package, domains: pkg core gpu/uncore dram

[1/1] queries/stackoverflow/SQLStorm/10910.sql (1 warmup + step-up 1 x1)
  warmup 1/1: 36.850327 sec (cache prime)
  N=1   batch 1/1: 36.699152 sec, 1 copy (server sum 36641.516 ms)
  done: 1 size x 1 run (0 failures)

Done. Batch rows appended to logs/so_timeouts/warm_stepup/so_timeouts_300s_20261006T102405Z/query_timing_stackoverflow_1gb.csv
Per-copy samples appended to logs/so_timeouts/warm_stepup/so_timeouts_300s_20261006T102405Z/query_samples_stackoverflow_1gb.csv
Machine identity appended to logs/so_timeouts/warm_stepup/so_timeouts_300s_20261006T102405Z/query_runinfo_stackoverflow_1gb.csv
Last batch ended at epoch 1791300284.684 (PREV_END_EPOCH for the next invocation)
===== [288/363] queries/stackoverflow/SQLStorm/5448.sql run_id=2A1493E38A2EF8E7 =====
query_runner configuration:
  QUERY_DIR         = queries/stackoverflow/SQLStorm/5448.sql
  LOGS_DIR          = logs/so_timeouts/warm_stepup/so_timeouts_300s_20261006T102405Z  (query_timing_/query_samples_/query_catalog_stackoverflow_1gb.csv)
  DB_NAME / DB_USER = stackoverflow_1gb / postgres
  PGPORT            = 5434  (server reports 18.6)
  RUN_ID            = 2A1493E38A2EF8E7
  WARMUP            = 1 single-copy warm-ups (the first primes the cache)
  BATCH_SIZES       = 1  x RUNS=1 measured batches each
  WORKERS           = (planner default)
  STATEMENT_TIMEOUT = 300
  THERMAL_EQUALISE  = gate (T_LO=40 T_HI=60 preheat<=60s cooldown<=120s)
  sensors           = pkg:/sys/class/hwmon/hwmon8/temp1_input cores:4 cpufreq:8 throttle:8/8
  WARMUP_FAIL_SKIP  = on (a failed warm-up skips the query's measured batches)
  IDLE_BASELINE_S   = off
  SIGLESS_ADDR      = (disabled)
Found 1 query under queries/stackoverflow/SQLStorm/5448.sql

RAPL: powercap, 1 package, domains: pkg core gpu/uncore dram

[1/1] queries/stackoverflow/SQLStorm/5448.sql (1 warmup + step-up 1 x1)
  warmup 1/1: 34.112908 sec (cache prime)
  N=1   batch 1/1: 33.946691 sec, 1 copy (server sum 33888.945 ms)
  done: 1 size x 1 run (0 failures)

Done. Batch rows appended to logs/so_timeouts/warm_stepup/so_timeouts_300s_20261006T102405Z/query_timing_stackoverflow_1gb.csv
Per-copy samples appended to logs/so_timeouts/warm_stepup/so_timeouts_300s_20261006T102405Z/query_samples_stackoverflow_1gb.csv
Machine identity appended to logs/so_timeouts/warm_stepup/so_timeouts_300s_20261006T102405Z/query_runinfo_stackoverflow_1gb.csv
Last batch ended at epoch 1791300356.400 (PREV_END_EPOCH for the next invocation)
===== [289/363] queries/stackoverflow/SQLStorm/13564.sql run_id=A5E6737184E1DFBB =====
query_runner configuration:
  QUERY_DIR         = queries/stackoverflow/SQLStorm/13564.sql
  LOGS_DIR          = logs/so_timeouts/warm_stepup/so_timeouts_300s_20261006T102405Z  (query_timing_/query_samples_/query_catalog_stackoverflow_1gb.csv)
  DB_NAME / DB_USER = stackoverflow_1gb / postgres
  PGPORT            = 5434  (server reports 18.6)
  RUN_ID            = A5E6737184E1DFBB
  WARMUP            = 1 single-copy warm-ups (the first primes the cache)
  BATCH_SIZES       = 1  x RUNS=1 measured batches each
  WORKERS           = (planner default)
  STATEMENT_TIMEOUT = 300
  THERMAL_EQUALISE  = gate (T_LO=40 T_HI=60 preheat<=60s cooldown<=120s)
  sensors           = pkg:/sys/class/hwmon/hwmon8/temp1_input cores:4 cpufreq:8 throttle:8/8
  WARMUP_FAIL_SKIP  = on (a failed warm-up skips the query's measured batches)
  IDLE_BASELINE_S   = off
  SIGLESS_ADDR      = (disabled)
Found 1 query under queries/stackoverflow/SQLStorm/13564.sql

RAPL: powercap, 1 package, domains: pkg core gpu/uncore dram

[1/1] queries/stackoverflow/SQLStorm/13564.sql (1 warmup + step-up 1 x1)
  warmup 1/1: 18.471666 sec (cache prime)
  N=1   batch 1/1: 17.120073 sec, 1 copy (server sum 17062.459 ms)
  done: 1 size x 1 run (0 failures)

Done. Batch rows appended to logs/so_timeouts/warm_stepup/so_timeouts_300s_20261006T102405Z/query_timing_stackoverflow_1gb.csv
Per-copy samples appended to logs/so_timeouts/warm_stepup/so_timeouts_300s_20261006T102405Z/query_samples_stackoverflow_1gb.csv
Machine identity appended to logs/so_timeouts/warm_stepup/so_timeouts_300s_20261006T102405Z/query_runinfo_stackoverflow_1gb.csv
Last batch ended at epoch 1791300395.720 (PREV_END_EPOCH for the next invocation)
===== [290/363] queries/stackoverflow/SQLStorm/6682.sql run_id=ED29B98A29D8F2AF =====
query_runner configuration:
  QUERY_DIR         = queries/stackoverflow/SQLStorm/6682.sql
  LOGS_DIR          = logs/so_timeouts/warm_stepup/so_timeouts_300s_20261006T102405Z  (query_timing_/query_samples_/query_catalog_stackoverflow_1gb.csv)
  DB_NAME / DB_USER = stackoverflow_1gb / postgres
  PGPORT            = 5434  (server reports 18.6)
  RUN_ID            = ED29B98A29D8F2AF
  WARMUP            = 1 single-copy warm-ups (the first primes the cache)
  BATCH_SIZES       = 1  x RUNS=1 measured batches each
  WORKERS           = (planner default)
  STATEMENT_TIMEOUT = 300
  THERMAL_EQUALISE  = gate (T_LO=40 T_HI=60 preheat<=60s cooldown<=120s)
  sensors           = pkg:/sys/class/hwmon/hwmon8/temp1_input cores:4 cpufreq:8 throttle:8/8
  WARMUP_FAIL_SKIP  = on (a failed warm-up skips the query's measured batches)
  IDLE_BASELINE_S   = off
  SIGLESS_ADDR      = (disabled)
Found 1 query under queries/stackoverflow/SQLStorm/6682.sql

RAPL: powercap, 1 package, domains: pkg core gpu/uncore dram

[1/1] queries/stackoverflow/SQLStorm/6682.sql (1 warmup + step-up 1 x1)
  warmup 1/1: 33.753131 sec (cache prime)
  N=1   batch 1/1: 33.561576 sec, 1 copy (server sum 33504.063 ms)
  done: 1 size x 1 run (0 failures)

Done. Batch rows appended to logs/so_timeouts/warm_stepup/so_timeouts_300s_20261006T102405Z/query_timing_stackoverflow_1gb.csv
Per-copy samples appended to logs/so_timeouts/warm_stepup/so_timeouts_300s_20261006T102405Z/query_samples_stackoverflow_1gb.csv
Machine identity appended to logs/so_timeouts/warm_stepup/so_timeouts_300s_20261006T102405Z/query_runinfo_stackoverflow_1gb.csv
Last batch ended at epoch 1791300466.349 (PREV_END_EPOCH for the next invocation)
===== [291/363] queries/stackoverflow/SQLStorm/5844.sql run_id=2021169386F7DE5B =====
query_runner configuration:
  QUERY_DIR         = queries/stackoverflow/SQLStorm/5844.sql
  LOGS_DIR          = logs/so_timeouts/warm_stepup/so_timeouts_300s_20261006T102405Z  (query_timing_/query_samples_/query_catalog_stackoverflow_1gb.csv)
  DB_NAME / DB_USER = stackoverflow_1gb / postgres
  PGPORT            = 5434  (server reports 18.6)
  RUN_ID            = 2021169386F7DE5B
  WARMUP            = 1 single-copy warm-ups (the first primes the cache)
  BATCH_SIZES       = 1  x RUNS=1 measured batches each
  WORKERS           = (planner default)
  STATEMENT_TIMEOUT = 300
  THERMAL_EQUALISE  = gate (T_LO=40 T_HI=60 preheat<=60s cooldown<=120s)
  sensors           = pkg:/sys/class/hwmon/hwmon8/temp1_input cores:4 cpufreq:8 throttle:8/8
  WARMUP_FAIL_SKIP  = on (a failed warm-up skips the query's measured batches)
  IDLE_BASELINE_S   = off
  SIGLESS_ADDR      = (disabled)
Found 1 query under queries/stackoverflow/SQLStorm/5844.sql

RAPL: powercap, 1 package, domains: pkg core gpu/uncore dram

[1/1] queries/stackoverflow/SQLStorm/5844.sql (1 warmup + step-up 1 x1)
  warmup 1/1: 16.714032 sec (cache prime)
  N=1   batch 1/1: 15.596486 sec, 1 copy (server sum 15537.842 ms)
  done: 1 size x 1 run (0 failures)

Done. Batch rows appended to logs/so_timeouts/warm_stepup/so_timeouts_300s_20261006T102405Z/query_timing_stackoverflow_1gb.csv
Per-copy samples appended to logs/so_timeouts/warm_stepup/so_timeouts_300s_20261006T102405Z/query_samples_stackoverflow_1gb.csv
Machine identity appended to logs/so_timeouts/warm_stepup/so_timeouts_300s_20261006T102405Z/query_runinfo_stackoverflow_1gb.csv
Last batch ended at epoch 1791300502.569 (PREV_END_EPOCH for the next invocation)
===== [292/363] queries/stackoverflow/SQLStorm/14257.sql run_id=A842F53181E0B349 =====
query_runner configuration:
  QUERY_DIR         = queries/stackoverflow/SQLStorm/14257.sql
  LOGS_DIR          = logs/so_timeouts/warm_stepup/so_timeouts_300s_20261006T102405Z  (query_timing_/query_samples_/query_catalog_stackoverflow_1gb.csv)
  DB_NAME / DB_USER = stackoverflow_1gb / postgres
  PGPORT            = 5434  (server reports 18.6)
  RUN_ID            = A842F53181E0B349
  WARMUP            = 1 single-copy warm-ups (the first primes the cache)
  BATCH_SIZES       = 1  x RUNS=1 measured batches each
  WORKERS           = (planner default)
  STATEMENT_TIMEOUT = 300
  THERMAL_EQUALISE  = gate (T_LO=40 T_HI=60 preheat<=60s cooldown<=120s)
  sensors           = pkg:/sys/class/hwmon/hwmon8/temp1_input cores:4 cpufreq:8 throttle:8/8
  WARMUP_FAIL_SKIP  = on (a failed warm-up skips the query's measured batches)
  IDLE_BASELINE_S   = off
  SIGLESS_ADDR      = (disabled)
Found 1 query under queries/stackoverflow/SQLStorm/14257.sql

RAPL: powercap, 1 package, domains: pkg core gpu/uncore dram

[1/1] queries/stackoverflow/SQLStorm/14257.sql (1 warmup + step-up 1 x1)
  thermal gate: waited 2s -> 59.0 C
  warmup 1/1: 37.351307 sec (cache prime)
  N=1   batch 1/1: 36.470100 sec, 1 copy (server sum 36412.204 ms)
  done: 1 size x 1 run (0 failures)

Done. Batch rows appended to logs/so_timeouts/warm_stepup/so_timeouts_300s_20261006T102405Z/query_timing_stackoverflow_1gb.csv
Per-copy samples appended to logs/so_timeouts/warm_stepup/so_timeouts_300s_20261006T102405Z/query_samples_stackoverflow_1gb.csv
Machine identity appended to logs/so_timeouts/warm_stepup/so_timeouts_300s_20261006T102405Z/query_runinfo_stackoverflow_1gb.csv
Last batch ended at epoch 1791300582.526 (PREV_END_EPOCH for the next invocation)
===== [293/363] queries/stackoverflow/SQLStorm/3355.sql run_id=A2ED49C6D511A3E8 =====
query_runner configuration:
  QUERY_DIR         = queries/stackoverflow/SQLStorm/3355.sql
  LOGS_DIR          = logs/so_timeouts/warm_stepup/so_timeouts_300s_20261006T102405Z  (query_timing_/query_samples_/query_catalog_stackoverflow_1gb.csv)
  DB_NAME / DB_USER = stackoverflow_1gb / postgres
  PGPORT            = 5434  (server reports 18.6)
  RUN_ID            = A2ED49C6D511A3E8
  WARMUP            = 1 single-copy warm-ups (the first primes the cache)
  BATCH_SIZES       = 1  x RUNS=1 measured batches each
  WORKERS           = (planner default)
  STATEMENT_TIMEOUT = 300
  THERMAL_EQUALISE  = gate (T_LO=40 T_HI=60 preheat<=60s cooldown<=120s)
  sensors           = pkg:/sys/class/hwmon/hwmon8/temp1_input cores:4 cpufreq:8 throttle:8/8
  WARMUP_FAIL_SKIP  = on (a failed warm-up skips the query's measured batches)
  IDLE_BASELINE_S   = off
  SIGLESS_ADDR      = (disabled)
Found 1 query under queries/stackoverflow/SQLStorm/3355.sql

RAPL: powercap, 1 package, domains: pkg core gpu/uncore dram

[1/1] queries/stackoverflow/SQLStorm/3355.sql (1 warmup + step-up 1 x1)
  warmup 1/1: 15.753263 sec (cache prime)
  N=1   batch 1/1: 15.008745 sec, 1 copy (server sum 14941.757 ms)
  done: 1 size x 1 run (0 failures)

Done. Batch rows appended to logs/so_timeouts/warm_stepup/so_timeouts_300s_20261006T102405Z/query_timing_stackoverflow_1gb.csv
Per-copy samples appended to logs/so_timeouts/warm_stepup/so_timeouts_300s_20261006T102405Z/query_samples_stackoverflow_1gb.csv
Machine identity appended to logs/so_timeouts/warm_stepup/so_timeouts_300s_20261006T102405Z/query_runinfo_stackoverflow_1gb.csv
Last batch ended at epoch 1791300617.120 (PREV_END_EPOCH for the next invocation)
===== [294/363] queries/stackoverflow/SQLStorm/24889.sql run_id=CCF5370A1005E631 =====
query_runner configuration:
  QUERY_DIR         = queries/stackoverflow/SQLStorm/24889.sql
  LOGS_DIR          = logs/so_timeouts/warm_stepup/so_timeouts_300s_20261006T102405Z  (query_timing_/query_samples_/query_catalog_stackoverflow_1gb.csv)
  DB_NAME / DB_USER = stackoverflow_1gb / postgres
  PGPORT            = 5434  (server reports 18.6)
  RUN_ID            = CCF5370A1005E631
  WARMUP            = 1 single-copy warm-ups (the first primes the cache)
  BATCH_SIZES       = 1  x RUNS=1 measured batches each
  WORKERS           = (planner default)
  STATEMENT_TIMEOUT = 300
  THERMAL_EQUALISE  = gate (T_LO=40 T_HI=60 preheat<=60s cooldown<=120s)
  sensors           = pkg:/sys/class/hwmon/hwmon8/temp1_input cores:4 cpufreq:8 throttle:8/8
  WARMUP_FAIL_SKIP  = on (a failed warm-up skips the query's measured batches)
  IDLE_BASELINE_S   = off
  SIGLESS_ADDR      = (disabled)
Found 1 query under queries/stackoverflow/SQLStorm/24889.sql

RAPL: powercap, 1 package, domains: pkg core gpu/uncore dram

[1/1] queries/stackoverflow/SQLStorm/24889.sql (1 warmup + step-up 1 x1)
  thermal gate: waited 2s -> 59.0 C
  warmup 1/1: 24.819888 sec (cache prime)
  N=1   batch 1/1: 23.102792 sec, 1 copy (server sum 22991.466 ms)
  done: 1 size x 1 run (0 failures)

Done. Batch rows appended to logs/so_timeouts/warm_stepup/so_timeouts_300s_20261006T102405Z/query_timing_stackoverflow_1gb.csv
Per-copy samples appended to logs/so_timeouts/warm_stepup/so_timeouts_300s_20261006T102405Z/query_samples_stackoverflow_1gb.csv
Machine identity appended to logs/so_timeouts/warm_stepup/so_timeouts_300s_20261006T102405Z/query_runinfo_stackoverflow_1gb.csv
Last batch ended at epoch 1791300670.944 (PREV_END_EPOCH for the next invocation)
===== [295/363] queries/stackoverflow/SQLStorm/25392.sql run_id=2CADB5CBDAB51282 =====
query_runner configuration:
  QUERY_DIR         = queries/stackoverflow/SQLStorm/25392.sql
  LOGS_DIR          = logs/so_timeouts/warm_stepup/so_timeouts_300s_20261006T102405Z  (query_timing_/query_samples_/query_catalog_stackoverflow_1gb.csv)
  DB_NAME / DB_USER = stackoverflow_1gb / postgres
  PGPORT            = 5434  (server reports 18.6)
  RUN_ID            = 2CADB5CBDAB51282
  WARMUP            = 1 single-copy warm-ups (the first primes the cache)
  BATCH_SIZES       = 1  x RUNS=1 measured batches each
  WORKERS           = (planner default)
  STATEMENT_TIMEOUT = 300
  THERMAL_EQUALISE  = gate (T_LO=40 T_HI=60 preheat<=60s cooldown<=120s)
  sensors           = pkg:/sys/class/hwmon/hwmon8/temp1_input cores:4 cpufreq:8 throttle:8/8
  WARMUP_FAIL_SKIP  = on (a failed warm-up skips the query's measured batches)
  IDLE_BASELINE_S   = off
  SIGLESS_ADDR      = (disabled)
Found 1 query under queries/stackoverflow/SQLStorm/25392.sql

RAPL: powercap, 1 package, domains: pkg core gpu/uncore dram

[1/1] queries/stackoverflow/SQLStorm/25392.sql (1 warmup + step-up 1 x1)
  warmup 1/1: 29.957752 sec (cache prime)
  N=1   batch 1/1: 28.972851 sec, 1 copy (server sum 28914.624 ms)
  done: 1 size x 1 run (0 failures)

Done. Batch rows appended to logs/so_timeouts/warm_stepup/so_timeouts_300s_20261006T102405Z/query_timing_stackoverflow_1gb.csv
Per-copy samples appended to logs/so_timeouts/warm_stepup/so_timeouts_300s_20261006T102405Z/query_samples_stackoverflow_1gb.csv
Machine identity appended to logs/so_timeouts/warm_stepup/so_timeouts_300s_20261006T102405Z/query_runinfo_stackoverflow_1gb.csv
Last batch ended at epoch 1791300733.919 (PREV_END_EPOCH for the next invocation)
===== [296/363] queries/stackoverflow/SQLStorm/7097.sql run_id=97ECB9D5065A06EA =====
query_runner configuration:
  QUERY_DIR         = queries/stackoverflow/SQLStorm/7097.sql
  LOGS_DIR          = logs/so_timeouts/warm_stepup/so_timeouts_300s_20261006T102405Z  (query_timing_/query_samples_/query_catalog_stackoverflow_1gb.csv)
  DB_NAME / DB_USER = stackoverflow_1gb / postgres
  PGPORT            = 5434  (server reports 18.6)
  RUN_ID            = 97ECB9D5065A06EA
  WARMUP            = 1 single-copy warm-ups (the first primes the cache)
  BATCH_SIZES       = 1  x RUNS=1 measured batches each
  WORKERS           = (planner default)
  STATEMENT_TIMEOUT = 300
  THERMAL_EQUALISE  = gate (T_LO=40 T_HI=60 preheat<=60s cooldown<=120s)
  sensors           = pkg:/sys/class/hwmon/hwmon8/temp1_input cores:4 cpufreq:8 throttle:8/8
  WARMUP_FAIL_SKIP  = on (a failed warm-up skips the query's measured batches)
  IDLE_BASELINE_S   = off
  SIGLESS_ADDR      = (disabled)
Found 1 query under queries/stackoverflow/SQLStorm/7097.sql

RAPL: powercap, 1 package, domains: pkg core gpu/uncore dram

[1/1] queries/stackoverflow/SQLStorm/7097.sql (1 warmup + step-up 1 x1)
  warmup 1/1: 15.790550 sec (cache prime)
  N=1   batch 1/1: 14.790674 sec, 1 copy (server sum 14731.998 ms)
  done: 1 size x 1 run (0 failures)

Done. Batch rows appended to logs/so_timeouts/warm_stepup/so_timeouts_300s_20261006T102405Z/query_timing_stackoverflow_1gb.csv
Per-copy samples appended to logs/so_timeouts/warm_stepup/so_timeouts_300s_20261006T102405Z/query_samples_stackoverflow_1gb.csv
Machine identity appended to logs/so_timeouts/warm_stepup/so_timeouts_300s_20261006T102405Z/query_runinfo_stackoverflow_1gb.csv
Last batch ended at epoch 1791300768.185 (PREV_END_EPOCH for the next invocation)
===== [297/363] queries/stackoverflow/SQLStorm/6235.sql run_id=36CCE20165805434 =====
query_runner configuration:
  QUERY_DIR         = queries/stackoverflow/SQLStorm/6235.sql
  LOGS_DIR          = logs/so_timeouts/warm_stepup/so_timeouts_300s_20261006T102405Z  (query_timing_/query_samples_/query_catalog_stackoverflow_1gb.csv)
  DB_NAME / DB_USER = stackoverflow_1gb / postgres
  PGPORT            = 5434  (server reports 18.6)
  RUN_ID            = 36CCE20165805434
  WARMUP            = 1 single-copy warm-ups (the first primes the cache)
  BATCH_SIZES       = 1  x RUNS=1 measured batches each
  WORKERS           = (planner default)
  STATEMENT_TIMEOUT = 300
  THERMAL_EQUALISE  = gate (T_LO=40 T_HI=60 preheat<=60s cooldown<=120s)
  sensors           = pkg:/sys/class/hwmon/hwmon8/temp1_input cores:4 cpufreq:8 throttle:8/8
  WARMUP_FAIL_SKIP  = on (a failed warm-up skips the query's measured batches)
  IDLE_BASELINE_S   = off
  SIGLESS_ADDR      = (disabled)
Found 1 query under queries/stackoverflow/SQLStorm/6235.sql

RAPL: powercap, 1 package, domains: pkg core gpu/uncore dram

[1/1] queries/stackoverflow/SQLStorm/6235.sql (1 warmup + step-up 1 x1)
  thermal gate: waited 2s -> 59.0 C
  warmup 1/1: 42.275576 sec (cache prime)
  N=1   batch 1/1: 21.694132 sec, 1 copy (server sum 21635.367 ms)
  done: 1 size x 1 run (0 failures)

Done. Batch rows appended to logs/so_timeouts/warm_stepup/so_timeouts_300s_20261006T102405Z/query_timing_stackoverflow_1gb.csv
Per-copy samples appended to logs/so_timeouts/warm_stepup/so_timeouts_300s_20261006T102405Z/query_samples_stackoverflow_1gb.csv
Machine identity appended to logs/so_timeouts/warm_stepup/so_timeouts_300s_20261006T102405Z/query_runinfo_stackoverflow_1gb.csv
Last batch ended at epoch 1791300838.061 (PREV_END_EPOCH for the next invocation)
===== [298/363] queries/stackoverflow/SQLStorm/26403.sql run_id=470A576E954C4EFF =====
query_runner configuration:
  QUERY_DIR         = queries/stackoverflow/SQLStorm/26403.sql
  LOGS_DIR          = logs/so_timeouts/warm_stepup/so_timeouts_300s_20261006T102405Z  (query_timing_/query_samples_/query_catalog_stackoverflow_1gb.csv)
  DB_NAME / DB_USER = stackoverflow_1gb / postgres
  PGPORT            = 5434  (server reports 18.6)
  RUN_ID            = 470A576E954C4EFF
  WARMUP            = 1 single-copy warm-ups (the first primes the cache)
  BATCH_SIZES       = 1  x RUNS=1 measured batches each
  WORKERS           = (planner default)
  STATEMENT_TIMEOUT = 300
  THERMAL_EQUALISE  = gate (T_LO=40 T_HI=60 preheat<=60s cooldown<=120s)
  sensors           = pkg:/sys/class/hwmon/hwmon8/temp1_input cores:4 cpufreq:8 throttle:8/8
  WARMUP_FAIL_SKIP  = on (a failed warm-up skips the query's measured batches)
  IDLE_BASELINE_S   = off
  SIGLESS_ADDR      = (disabled)
Found 1 query under queries/stackoverflow/SQLStorm/26403.sql

RAPL: powercap, 1 package, domains: pkg core gpu/uncore dram

[1/1] queries/stackoverflow/SQLStorm/26403.sql (1 warmup + step-up 1 x1)
  warmup 1/1: 16.988230 sec (cache prime)
  N=1   batch 1/1: 16.445554 sec, 1 copy (server sum 16386.514 ms)
  done: 1 size x 1 run (0 failures)

Done. Batch rows appended to logs/so_timeouts/warm_stepup/so_timeouts_300s_20261006T102405Z/query_timing_stackoverflow_1gb.csv
Per-copy samples appended to logs/so_timeouts/warm_stepup/so_timeouts_300s_20261006T102405Z/query_samples_stackoverflow_1gb.csv
Machine identity appended to logs/so_timeouts/warm_stepup/so_timeouts_300s_20261006T102405Z/query_runinfo_stackoverflow_1gb.csv
Last batch ended at epoch 1791300875.067 (PREV_END_EPOCH for the next invocation)
===== [299/363] queries/stackoverflow/SQLStorm/4654.sql run_id=3F44A5A06D5CDAB2 =====
query_runner configuration:
  QUERY_DIR         = queries/stackoverflow/SQLStorm/4654.sql
  LOGS_DIR          = logs/so_timeouts/warm_stepup/so_timeouts_300s_20261006T102405Z  (query_timing_/query_samples_/query_catalog_stackoverflow_1gb.csv)
  DB_NAME / DB_USER = stackoverflow_1gb / postgres
  PGPORT            = 5434  (server reports 18.6)
  RUN_ID            = 3F44A5A06D5CDAB2
  WARMUP            = 1 single-copy warm-ups (the first primes the cache)
  BATCH_SIZES       = 1  x RUNS=1 measured batches each
  WORKERS           = (planner default)
  STATEMENT_TIMEOUT = 300
  THERMAL_EQUALISE  = gate (T_LO=40 T_HI=60 preheat<=60s cooldown<=120s)
  sensors           = pkg:/sys/class/hwmon/hwmon8/temp1_input cores:4 cpufreq:8 throttle:8/8
  WARMUP_FAIL_SKIP  = on (a failed warm-up skips the query's measured batches)
  IDLE_BASELINE_S   = off
  SIGLESS_ADDR      = (disabled)
Found 1 query under queries/stackoverflow/SQLStorm/4654.sql

RAPL: powercap, 1 package, domains: pkg core gpu/uncore dram

[1/1] queries/stackoverflow/SQLStorm/4654.sql (1 warmup + step-up 1 x1)
  thermal gate: waited 2s -> 59.0 C
  warmup 1/1: 16.913910 sec (cache prime)
  N=1   batch 1/1: 15.710695 sec, 1 copy (server sum 15652.382 ms)
  done: 1 size x 1 run (0 failures)

Done. Batch rows appended to logs/so_timeouts/warm_stepup/so_timeouts_300s_20261006T102405Z/query_timing_stackoverflow_1gb.csv
Per-copy samples appended to logs/so_timeouts/warm_stepup/so_timeouts_300s_20261006T102405Z/query_samples_stackoverflow_1gb.csv
Machine identity appended to logs/so_timeouts/warm_stepup/so_timeouts_300s_20261006T102405Z/query_runinfo_stackoverflow_1gb.csv
Last batch ended at epoch 1791300913.771 (PREV_END_EPOCH for the next invocation)
===== [300/363] queries/stackoverflow/SQLStorm/9718.sql run_id=707726E8CB8DC5E2 =====
query_runner configuration:
  QUERY_DIR         = queries/stackoverflow/SQLStorm/9718.sql
  LOGS_DIR          = logs/so_timeouts/warm_stepup/so_timeouts_300s_20261006T102405Z  (query_timing_/query_samples_/query_catalog_stackoverflow_1gb.csv)
  DB_NAME / DB_USER = stackoverflow_1gb / postgres
  PGPORT            = 5434  (server reports 18.6)
  RUN_ID            = 707726E8CB8DC5E2
  WARMUP            = 1 single-copy warm-ups (the first primes the cache)
  BATCH_SIZES       = 1  x RUNS=1 measured batches each
  WORKERS           = (planner default)
  STATEMENT_TIMEOUT = 300
  THERMAL_EQUALISE  = gate (T_LO=40 T_HI=60 preheat<=60s cooldown<=120s)
  sensors           = pkg:/sys/class/hwmon/hwmon8/temp1_input cores:4 cpufreq:8 throttle:8/8
  WARMUP_FAIL_SKIP  = on (a failed warm-up skips the query's measured batches)
  IDLE_BASELINE_S   = off
  SIGLESS_ADDR      = (disabled)
Found 1 query under queries/stackoverflow/SQLStorm/9718.sql

RAPL: powercap, 1 package, domains: pkg core gpu/uncore dram

[1/1] queries/stackoverflow/SQLStorm/9718.sql (1 warmup + step-up 1 x1)
  thermal gate: waited 4s -> 59.0 C
  warmup 1/1: 34.668887 sec (cache prime)
  N=1   batch 1/1: 34.140313 sec, 1 copy (server sum 34082.794 ms)
  done: 1 size x 1 run (0 failures)

Done. Batch rows appended to logs/so_timeouts/warm_stepup/so_timeouts_300s_20261006T102405Z/query_timing_stackoverflow_1gb.csv
Per-copy samples appended to logs/so_timeouts/warm_stepup/so_timeouts_300s_20261006T102405Z/query_samples_stackoverflow_1gb.csv
Machine identity appended to logs/so_timeouts/warm_stepup/so_timeouts_300s_20261006T102405Z/query_runinfo_stackoverflow_1gb.csv
Last batch ended at epoch 1791300990.539 (PREV_END_EPOCH for the next invocation)
===== [301/363] queries/stackoverflow/SQLStorm/2668.sql run_id=BD1B8F40ED6D9C85 =====
query_runner configuration:
  QUERY_DIR         = queries/stackoverflow/SQLStorm/2668.sql
  LOGS_DIR          = logs/so_timeouts/warm_stepup/so_timeouts_300s_20261006T102405Z  (query_timing_/query_samples_/query_catalog_stackoverflow_1gb.csv)
  DB_NAME / DB_USER = stackoverflow_1gb / postgres
  PGPORT            = 5434  (server reports 18.6)
  RUN_ID            = BD1B8F40ED6D9C85
  WARMUP            = 1 single-copy warm-ups (the first primes the cache)
  BATCH_SIZES       = 1  x RUNS=1 measured batches each
  WORKERS           = (planner default)
  STATEMENT_TIMEOUT = 300
  THERMAL_EQUALISE  = gate (T_LO=40 T_HI=60 preheat<=60s cooldown<=120s)
  sensors           = pkg:/sys/class/hwmon/hwmon8/temp1_input cores:4 cpufreq:8 throttle:8/8
  WARMUP_FAIL_SKIP  = on (a failed warm-up skips the query's measured batches)
  IDLE_BASELINE_S   = off
  SIGLESS_ADDR      = (disabled)
Found 1 query under queries/stackoverflow/SQLStorm/2668.sql

RAPL: powercap, 1 package, domains: pkg core gpu/uncore dram

[1/1] queries/stackoverflow/SQLStorm/2668.sql (1 warmup + step-up 1 x1)
  warmup 1/1: 19.288080 sec (cache prime)
  N=1   batch 1/1: 18.169824 sec, 1 copy (server sum 18111.520 ms)
  done: 1 size x 1 run (0 failures)

Done. Batch rows appended to logs/so_timeouts/warm_stepup/so_timeouts_300s_20261006T102405Z/query_timing_stackoverflow_1gb.csv
Per-copy samples appended to logs/so_timeouts/warm_stepup/so_timeouts_300s_20261006T102405Z/query_samples_stackoverflow_1gb.csv
Machine identity appended to logs/so_timeouts/warm_stepup/so_timeouts_300s_20261006T102405Z/query_runinfo_stackoverflow_1gb.csv
Last batch ended at epoch 1791301031.895 (PREV_END_EPOCH for the next invocation)
===== [302/363] queries/stackoverflow/SQLStorm/8359.sql run_id=ABB47DFF7AF3690C =====
query_runner configuration:
  QUERY_DIR         = queries/stackoverflow/SQLStorm/8359.sql
  LOGS_DIR          = logs/so_timeouts/warm_stepup/so_timeouts_300s_20261006T102405Z  (query_timing_/query_samples_/query_catalog_stackoverflow_1gb.csv)
  DB_NAME / DB_USER = stackoverflow_1gb / postgres
  PGPORT            = 5434  (server reports 18.6)
  RUN_ID            = ABB47DFF7AF3690C
  WARMUP            = 1 single-copy warm-ups (the first primes the cache)
  BATCH_SIZES       = 1  x RUNS=1 measured batches each
  WORKERS           = (planner default)
  STATEMENT_TIMEOUT = 300
  THERMAL_EQUALISE  = gate (T_LO=40 T_HI=60 preheat<=60s cooldown<=120s)
  sensors           = pkg:/sys/class/hwmon/hwmon8/temp1_input cores:4 cpufreq:8 throttle:8/8
  WARMUP_FAIL_SKIP  = on (a failed warm-up skips the query's measured batches)
  IDLE_BASELINE_S   = off
  SIGLESS_ADDR      = (disabled)
Found 1 query under queries/stackoverflow/SQLStorm/8359.sql

RAPL: powercap, 1 package, domains: pkg core gpu/uncore dram

[1/1] queries/stackoverflow/SQLStorm/8359.sql (1 warmup + step-up 1 x1)
  warmup 1/1: 34.722078 sec (cache prime)
  N=1   batch 1/1: 34.157176 sec, 1 copy (server sum 34100.304 ms)
  done: 1 size x 1 run (0 failures)

Done. Batch rows appended to logs/so_timeouts/warm_stepup/so_timeouts_300s_20261006T102405Z/query_timing_stackoverflow_1gb.csv
Per-copy samples appended to logs/so_timeouts/warm_stepup/so_timeouts_300s_20261006T102405Z/query_samples_stackoverflow_1gb.csv
Machine identity appended to logs/so_timeouts/warm_stepup/so_timeouts_300s_20261006T102405Z/query_runinfo_stackoverflow_1gb.csv
Last batch ended at epoch 1791301104.768 (PREV_END_EPOCH for the next invocation)
===== [303/363] queries/stackoverflow/SQLStorm/674.sql run_id=406BCB48B8B39BAE =====
query_runner configuration:
  QUERY_DIR         = queries/stackoverflow/SQLStorm/674.sql
  LOGS_DIR          = logs/so_timeouts/warm_stepup/so_timeouts_300s_20261006T102405Z  (query_timing_/query_samples_/query_catalog_stackoverflow_1gb.csv)
  DB_NAME / DB_USER = stackoverflow_1gb / postgres
  PGPORT            = 5434  (server reports 18.6)
  RUN_ID            = 406BCB48B8B39BAE
  WARMUP            = 1 single-copy warm-ups (the first primes the cache)
  BATCH_SIZES       = 1  x RUNS=1 measured batches each
  WORKERS           = (planner default)
  STATEMENT_TIMEOUT = 300
  THERMAL_EQUALISE  = gate (T_LO=40 T_HI=60 preheat<=60s cooldown<=120s)
  sensors           = pkg:/sys/class/hwmon/hwmon8/temp1_input cores:4 cpufreq:8 throttle:8/8
  WARMUP_FAIL_SKIP  = on (a failed warm-up skips the query's measured batches)
  IDLE_BASELINE_S   = off
  SIGLESS_ADDR      = (disabled)
Found 1 query under queries/stackoverflow/SQLStorm/674.sql

RAPL: powercap, 1 package, domains: pkg core gpu/uncore dram

[1/1] queries/stackoverflow/SQLStorm/674.sql (1 warmup + step-up 1 x1)
  warmup 1/1: 43.322747 sec (cache prime)
  N=1   batch 1/1: 42.379485 sec, 1 copy (server sum 42321.275 ms)
  done: 1 size x 1 run (0 failures)

Done. Batch rows appended to logs/so_timeouts/warm_stepup/so_timeouts_300s_20261006T102405Z/query_timing_stackoverflow_1gb.csv
Per-copy samples appended to logs/so_timeouts/warm_stepup/so_timeouts_300s_20261006T102405Z/query_samples_stackoverflow_1gb.csv
Machine identity appended to logs/so_timeouts/warm_stepup/so_timeouts_300s_20261006T102405Z/query_runinfo_stackoverflow_1gb.csv
Last batch ended at epoch 1791301194.535 (PREV_END_EPOCH for the next invocation)
===== [304/363] queries/stackoverflow/SQLStorm/13928.sql run_id=37B6A774DAB7B2A9 =====
query_runner configuration:
  QUERY_DIR         = queries/stackoverflow/SQLStorm/13928.sql
  LOGS_DIR          = logs/so_timeouts/warm_stepup/so_timeouts_300s_20261006T102405Z  (query_timing_/query_samples_/query_catalog_stackoverflow_1gb.csv)
  DB_NAME / DB_USER = stackoverflow_1gb / postgres
  PGPORT            = 5434  (server reports 18.6)
  RUN_ID            = 37B6A774DAB7B2A9
  WARMUP            = 1 single-copy warm-ups (the first primes the cache)
  BATCH_SIZES       = 1  x RUNS=1 measured batches each
  WORKERS           = (planner default)
  STATEMENT_TIMEOUT = 300
  THERMAL_EQUALISE  = gate (T_LO=40 T_HI=60 preheat<=60s cooldown<=120s)
  sensors           = pkg:/sys/class/hwmon/hwmon8/temp1_input cores:4 cpufreq:8 throttle:8/8
  WARMUP_FAIL_SKIP  = on (a failed warm-up skips the query's measured batches)
  IDLE_BASELINE_S   = off
  SIGLESS_ADDR      = (disabled)
Found 1 query under queries/stackoverflow/SQLStorm/13928.sql

RAPL: powercap, 1 package, domains: pkg core gpu/uncore dram

[1/1] queries/stackoverflow/SQLStorm/13928.sql (1 warmup + step-up 1 x1)
  warmup 1/1: 30.586261 sec (cache prime)
  N=1   batch 1/1: 29.797695 sec, 1 copy (server sum 29739.862 ms)
  done: 1 size x 1 run (0 failures)

Done. Batch rows appended to logs/so_timeouts/warm_stepup/so_timeouts_300s_20261006T102405Z/query_timing_stackoverflow_1gb.csv
Per-copy samples appended to logs/so_timeouts/warm_stepup/so_timeouts_300s_20261006T102405Z/query_samples_stackoverflow_1gb.csv
Machine identity appended to logs/so_timeouts/warm_stepup/so_timeouts_300s_20261006T102405Z/query_runinfo_stackoverflow_1gb.csv
Last batch ended at epoch 1791301258.936 (PREV_END_EPOCH for the next invocation)
===== [305/363] queries/stackoverflow/SQLStorm/34549.sql run_id=B0587E8495B2A84C =====
query_runner configuration:
  QUERY_DIR         = queries/stackoverflow/SQLStorm/34549.sql
  LOGS_DIR          = logs/so_timeouts/warm_stepup/so_timeouts_300s_20261006T102405Z  (query_timing_/query_samples_/query_catalog_stackoverflow_1gb.csv)
  DB_NAME / DB_USER = stackoverflow_1gb / postgres
  PGPORT            = 5434  (server reports 18.6)
  RUN_ID            = B0587E8495B2A84C
  WARMUP            = 1 single-copy warm-ups (the first primes the cache)
  BATCH_SIZES       = 1  x RUNS=1 measured batches each
  WORKERS           = (planner default)
  STATEMENT_TIMEOUT = 300
  THERMAL_EQUALISE  = gate (T_LO=40 T_HI=60 preheat<=60s cooldown<=120s)
  sensors           = pkg:/sys/class/hwmon/hwmon8/temp1_input cores:4 cpufreq:8 throttle:8/8
  WARMUP_FAIL_SKIP  = on (a failed warm-up skips the query's measured batches)
  IDLE_BASELINE_S   = off
  SIGLESS_ADDR      = (disabled)
Found 1 query under queries/stackoverflow/SQLStorm/34549.sql

RAPL: powercap, 1 package, domains: pkg core gpu/uncore dram

[1/1] queries/stackoverflow/SQLStorm/34549.sql (1 warmup + step-up 1 x1)
  warmup 1/1: 17.857860 sec (cache prime)
  N=1   batch 1/1: 15.572136 sec, 1 copy (server sum 15514.818 ms)
  done: 1 size x 1 run (0 failures)

Done. Batch rows appended to logs/so_timeouts/warm_stepup/so_timeouts_300s_20261006T102405Z/query_timing_stackoverflow_1gb.csv
Per-copy samples appended to logs/so_timeouts/warm_stepup/so_timeouts_300s_20261006T102405Z/query_samples_stackoverflow_1gb.csv
Machine identity appended to logs/so_timeouts/warm_stepup/so_timeouts_300s_20261006T102405Z/query_runinfo_stackoverflow_1gb.csv
Last batch ended at epoch 1791301296.219 (PREV_END_EPOCH for the next invocation)
===== [306/363] queries/stackoverflow/SQLStorm/28482.sql run_id=687ED0993AA7169F =====
query_runner configuration:
  QUERY_DIR         = queries/stackoverflow/SQLStorm/28482.sql
  LOGS_DIR          = logs/so_timeouts/warm_stepup/so_timeouts_300s_20261006T102405Z  (query_timing_/query_samples_/query_catalog_stackoverflow_1gb.csv)
  DB_NAME / DB_USER = stackoverflow_1gb / postgres
  PGPORT            = 5434  (server reports 18.6)
  RUN_ID            = 687ED0993AA7169F
  WARMUP            = 1 single-copy warm-ups (the first primes the cache)
  BATCH_SIZES       = 1  x RUNS=1 measured batches each
  WORKERS           = (planner default)
  STATEMENT_TIMEOUT = 300
  THERMAL_EQUALISE  = gate (T_LO=40 T_HI=60 preheat<=60s cooldown<=120s)
  sensors           = pkg:/sys/class/hwmon/hwmon8/temp1_input cores:4 cpufreq:8 throttle:8/8
  WARMUP_FAIL_SKIP  = on (a failed warm-up skips the query's measured batches)
  IDLE_BASELINE_S   = off
  SIGLESS_ADDR      = (disabled)
Found 1 query under queries/stackoverflow/SQLStorm/28482.sql

RAPL: powercap, 1 package, domains: pkg core gpu/uncore dram

[1/1] queries/stackoverflow/SQLStorm/28482.sql (1 warmup + step-up 1 x1)
  warmup 1/1: 15.669510 sec (cache prime)
  N=1   batch 1/1: 14.850506 sec, 1 copy (server sum 14792.583 ms)
  done: 1 size x 1 run (0 failures)

Done. Batch rows appended to logs/so_timeouts/warm_stepup/so_timeouts_300s_20261006T102405Z/query_timing_stackoverflow_1gb.csv
Per-copy samples appended to logs/so_timeouts/warm_stepup/so_timeouts_300s_20261006T102405Z/query_samples_stackoverflow_1gb.csv
Machine identity appended to logs/so_timeouts/warm_stepup/so_timeouts_300s_20261006T102405Z/query_runinfo_stackoverflow_1gb.csv
Last batch ended at epoch 1791301330.917 (PREV_END_EPOCH for the next invocation)
===== [307/363] queries/stackoverflow/SQLStorm/10728.sql run_id=C21D6D711139FF21 =====
query_runner configuration:
  QUERY_DIR         = queries/stackoverflow/SQLStorm/10728.sql
  LOGS_DIR          = logs/so_timeouts/warm_stepup/so_timeouts_300s_20261006T102405Z  (query_timing_/query_samples_/query_catalog_stackoverflow_1gb.csv)
  DB_NAME / DB_USER = stackoverflow_1gb / postgres
  PGPORT            = 5434  (server reports 18.6)
  RUN_ID            = C21D6D711139FF21
  WARMUP            = 1 single-copy warm-ups (the first primes the cache)
  BATCH_SIZES       = 1  x RUNS=1 measured batches each
  WORKERS           = (planner default)
  STATEMENT_TIMEOUT = 300
  THERMAL_EQUALISE  = gate (T_LO=40 T_HI=60 preheat<=60s cooldown<=120s)
  sensors           = pkg:/sys/class/hwmon/hwmon8/temp1_input cores:4 cpufreq:8 throttle:8/8
  WARMUP_FAIL_SKIP  = on (a failed warm-up skips the query's measured batches)
  IDLE_BASELINE_S   = off
  SIGLESS_ADDR      = (disabled)
Found 1 query under queries/stackoverflow/SQLStorm/10728.sql

RAPL: powercap, 1 package, domains: pkg core gpu/uncore dram

[1/1] queries/stackoverflow/SQLStorm/10728.sql (1 warmup + step-up 1 x1)
  thermal gate: waited 2s -> 58.0 C
  warmup 1/1: 31.883311 sec (cache prime)
  N=1   batch 1/1: 31.327203 sec, 1 copy (server sum 31269.356 ms)
  done: 1 size x 1 run (0 failures)

Done. Batch rows appended to logs/so_timeouts/warm_stepup/so_timeouts_300s_20261006T102405Z/query_timing_stackoverflow_1gb.csv
Per-copy samples appended to logs/so_timeouts/warm_stepup/so_timeouts_300s_20261006T102405Z/query_samples_stackoverflow_1gb.csv
Machine identity appended to logs/so_timeouts/warm_stepup/so_timeouts_300s_20261006T102405Z/query_runinfo_stackoverflow_1gb.csv
Last batch ended at epoch 1791301400.082 (PREV_END_EPOCH for the next invocation)
===== [308/363] queries/stackoverflow/SQLStorm/7485.sql run_id=55FD369818AE8184 =====
query_runner configuration:
  QUERY_DIR         = queries/stackoverflow/SQLStorm/7485.sql
  LOGS_DIR          = logs/so_timeouts/warm_stepup/so_timeouts_300s_20261006T102405Z  (query_timing_/query_samples_/query_catalog_stackoverflow_1gb.csv)
  DB_NAME / DB_USER = stackoverflow_1gb / postgres
  PGPORT            = 5434  (server reports 18.6)
  RUN_ID            = 55FD369818AE8184
  WARMUP            = 1 single-copy warm-ups (the first primes the cache)
  BATCH_SIZES       = 1  x RUNS=1 measured batches each
  WORKERS           = (planner default)
  STATEMENT_TIMEOUT = 300
  THERMAL_EQUALISE  = gate (T_LO=40 T_HI=60 preheat<=60s cooldown<=120s)
  sensors           = pkg:/sys/class/hwmon/hwmon8/temp1_input cores:4 cpufreq:8 throttle:8/8
  WARMUP_FAIL_SKIP  = on (a failed warm-up skips the query's measured batches)
  IDLE_BASELINE_S   = off
  SIGLESS_ADDR      = (disabled)
Found 1 query under queries/stackoverflow/SQLStorm/7485.sql

RAPL: powercap, 1 package, domains: pkg core gpu/uncore dram

[1/1] queries/stackoverflow/SQLStorm/7485.sql (1 warmup + step-up 1 x1)
  warmup 1/1: 16.456135 sec (cache prime)
  N=1   batch 1/1: 15.693372 sec, 1 copy (server sum 15635.678 ms)
  done: 1 size x 1 run (0 failures)

Done. Batch rows appended to logs/so_timeouts/warm_stepup/so_timeouts_300s_20261006T102405Z/query_timing_stackoverflow_1gb.csv
Per-copy samples appended to logs/so_timeouts/warm_stepup/so_timeouts_300s_20261006T102405Z/query_samples_stackoverflow_1gb.csv
Machine identity appended to logs/so_timeouts/warm_stepup/so_timeouts_300s_20261006T102405Z/query_runinfo_stackoverflow_1gb.csv
Last batch ended at epoch 1791301436.220 (PREV_END_EPOCH for the next invocation)
===== [309/363] queries/stackoverflow/SQLStorm/12262.sql run_id=9EC8D8FCC6E2720F =====
query_runner configuration:
  QUERY_DIR         = queries/stackoverflow/SQLStorm/12262.sql
  LOGS_DIR          = logs/so_timeouts/warm_stepup/so_timeouts_300s_20261006T102405Z  (query_timing_/query_samples_/query_catalog_stackoverflow_1gb.csv)
  DB_NAME / DB_USER = stackoverflow_1gb / postgres
  PGPORT            = 5434  (server reports 18.6)
  RUN_ID            = 9EC8D8FCC6E2720F
  WARMUP            = 1 single-copy warm-ups (the first primes the cache)
  BATCH_SIZES       = 1  x RUNS=1 measured batches each
  WORKERS           = (planner default)
  STATEMENT_TIMEOUT = 300
  THERMAL_EQUALISE  = gate (T_LO=40 T_HI=60 preheat<=60s cooldown<=120s)
  sensors           = pkg:/sys/class/hwmon/hwmon8/temp1_input cores:4 cpufreq:8 throttle:8/8
  WARMUP_FAIL_SKIP  = on (a failed warm-up skips the query's measured batches)
  IDLE_BASELINE_S   = off
  SIGLESS_ADDR      = (disabled)
Found 1 query under queries/stackoverflow/SQLStorm/12262.sql

RAPL: powercap, 1 package, domains: pkg core gpu/uncore dram

[1/1] queries/stackoverflow/SQLStorm/12262.sql (1 warmup + step-up 1 x1)
  thermal gate: waited 2s -> 59.0 C
  warmup 1/1: 38.817678 sec (cache prime)
  N=1   batch 1/1: 38.327808 sec, 1 copy (server sum 38271.539 ms)
  done: 1 size x 1 run (0 failures)

Done. Batch rows appended to logs/so_timeouts/warm_stepup/so_timeouts_300s_20261006T102405Z/query_timing_stackoverflow_1gb.csv
Per-copy samples appended to logs/so_timeouts/warm_stepup/so_timeouts_300s_20261006T102405Z/query_samples_stackoverflow_1gb.csv
Machine identity appended to logs/so_timeouts/warm_stepup/so_timeouts_300s_20261006T102405Z/query_runinfo_stackoverflow_1gb.csv
Last batch ended at epoch 1791301519.331 (PREV_END_EPOCH for the next invocation)
===== [310/363] queries/stackoverflow/SQLStorm/14814.sql run_id=8FF7E2566BDDE34C =====
query_runner configuration:
  QUERY_DIR         = queries/stackoverflow/SQLStorm/14814.sql
  LOGS_DIR          = logs/so_timeouts/warm_stepup/so_timeouts_300s_20261006T102405Z  (query_timing_/query_samples_/query_catalog_stackoverflow_1gb.csv)
  DB_NAME / DB_USER = stackoverflow_1gb / postgres
  PGPORT            = 5434  (server reports 18.6)
  RUN_ID            = 8FF7E2566BDDE34C
  WARMUP            = 1 single-copy warm-ups (the first primes the cache)
  BATCH_SIZES       = 1  x RUNS=1 measured batches each
  WORKERS           = (planner default)
  STATEMENT_TIMEOUT = 300
  THERMAL_EQUALISE  = gate (T_LO=40 T_HI=60 preheat<=60s cooldown<=120s)
  sensors           = pkg:/sys/class/hwmon/hwmon8/temp1_input cores:4 cpufreq:8 throttle:8/8
  WARMUP_FAIL_SKIP  = on (a failed warm-up skips the query's measured batches)
  IDLE_BASELINE_S   = off
  SIGLESS_ADDR      = (disabled)
Found 1 query under queries/stackoverflow/SQLStorm/14814.sql

RAPL: powercap, 1 package, domains: pkg core gpu/uncore dram

[1/1] queries/stackoverflow/SQLStorm/14814.sql (1 warmup + step-up 1 x1)
  warmup 1/1: 24.025350 sec (cache prime)
  N=1   batch 1/1: 23.312523 sec, 1 copy (server sum 23254.637 ms)
  done: 1 size x 1 run (0 failures)

Done. Batch rows appended to logs/so_timeouts/warm_stepup/so_timeouts_300s_20261006T102405Z/query_timing_stackoverflow_1gb.csv
Per-copy samples appended to logs/so_timeouts/warm_stepup/so_timeouts_300s_20261006T102405Z/query_samples_stackoverflow_1gb.csv
Machine identity appended to logs/so_timeouts/warm_stepup/so_timeouts_300s_20261006T102405Z/query_runinfo_stackoverflow_1gb.csv
Last batch ended at epoch 1791301570.594 (PREV_END_EPOCH for the next invocation)
===== [311/363] queries/stackoverflow/SQLStorm/20832.sql run_id=2E8715B151CFEDB1 =====
query_runner configuration:
  QUERY_DIR         = queries/stackoverflow/SQLStorm/20832.sql
  LOGS_DIR          = logs/so_timeouts/warm_stepup/so_timeouts_300s_20261006T102405Z  (query_timing_/query_samples_/query_catalog_stackoverflow_1gb.csv)
  DB_NAME / DB_USER = stackoverflow_1gb / postgres
  PGPORT            = 5434  (server reports 18.6)
  RUN_ID            = 2E8715B151CFEDB1
  WARMUP            = 1 single-copy warm-ups (the first primes the cache)
  BATCH_SIZES       = 1  x RUNS=1 measured batches each
  WORKERS           = (planner default)
  STATEMENT_TIMEOUT = 300
  THERMAL_EQUALISE  = gate (T_LO=40 T_HI=60 preheat<=60s cooldown<=120s)
  sensors           = pkg:/sys/class/hwmon/hwmon8/temp1_input cores:4 cpufreq:8 throttle:8/8
  WARMUP_FAIL_SKIP  = on (a failed warm-up skips the query's measured batches)
  IDLE_BASELINE_S   = off
  SIGLESS_ADDR      = (disabled)
Found 1 query under queries/stackoverflow/SQLStorm/20832.sql

RAPL: powercap, 1 package, domains: pkg core gpu/uncore dram

[1/1] queries/stackoverflow/SQLStorm/20832.sql (1 warmup + step-up 1 x1)
  warmup 1/1: 32.292016 sec (cache prime)
  N=1   batch 1/1: 31.229503 sec, 1 copy (server sum 31169.438 ms)
  done: 1 size x 1 run (0 failures)

Done. Batch rows appended to logs/so_timeouts/warm_stepup/so_timeouts_300s_20261006T102405Z/query_timing_stackoverflow_1gb.csv
Per-copy samples appended to logs/so_timeouts/warm_stepup/so_timeouts_300s_20261006T102405Z/query_samples_stackoverflow_1gb.csv
Machine identity appended to logs/so_timeouts/warm_stepup/so_timeouts_300s_20261006T102405Z/query_runinfo_stackoverflow_1gb.csv
Last batch ended at epoch 1791301638.040 (PREV_END_EPOCH for the next invocation)
===== [312/363] queries/stackoverflow/SQLStorm/10023.sql run_id=03312500980A523B =====
query_runner configuration:
  QUERY_DIR         = queries/stackoverflow/SQLStorm/10023.sql
  LOGS_DIR          = logs/so_timeouts/warm_stepup/so_timeouts_300s_20261006T102405Z  (query_timing_/query_samples_/query_catalog_stackoverflow_1gb.csv)
  DB_NAME / DB_USER = stackoverflow_1gb / postgres
  PGPORT            = 5434  (server reports 18.6)
  RUN_ID            = 03312500980A523B
  WARMUP            = 1 single-copy warm-ups (the first primes the cache)
  BATCH_SIZES       = 1  x RUNS=1 measured batches each
  WORKERS           = (planner default)
  STATEMENT_TIMEOUT = 300
  THERMAL_EQUALISE  = gate (T_LO=40 T_HI=60 preheat<=60s cooldown<=120s)
  sensors           = pkg:/sys/class/hwmon/hwmon8/temp1_input cores:4 cpufreq:8 throttle:8/8
  WARMUP_FAIL_SKIP  = on (a failed warm-up skips the query's measured batches)
  IDLE_BASELINE_S   = off
  SIGLESS_ADDR      = (disabled)
Found 1 query under queries/stackoverflow/SQLStorm/10023.sql

RAPL: powercap, 1 package, domains: pkg core gpu/uncore dram

[1/1] queries/stackoverflow/SQLStorm/10023.sql (1 warmup + step-up 1 x1)
  warmup 1/1: 16.113242 sec (cache prime)
  N=1   batch 1/1: 15.720046 sec, 1 copy (server sum 15663.718 ms)
  done: 1 size x 1 run (0 failures)

Done. Batch rows appended to logs/so_timeouts/warm_stepup/so_timeouts_300s_20261006T102405Z/query_timing_stackoverflow_1gb.csv
Per-copy samples appended to logs/so_timeouts/warm_stepup/so_timeouts_300s_20261006T102405Z/query_samples_stackoverflow_1gb.csv
Machine identity appended to logs/so_timeouts/warm_stepup/so_timeouts_300s_20261006T102405Z/query_runinfo_stackoverflow_1gb.csv
Last batch ended at epoch 1791301674.024 (PREV_END_EPOCH for the next invocation)
===== [313/363] queries/stackoverflow/SQLStorm/9898.sql run_id=409AB19A9A0AC176 =====
query_runner configuration:
  QUERY_DIR         = queries/stackoverflow/SQLStorm/9898.sql
  LOGS_DIR          = logs/so_timeouts/warm_stepup/so_timeouts_300s_20261006T102405Z  (query_timing_/query_samples_/query_catalog_stackoverflow_1gb.csv)
  DB_NAME / DB_USER = stackoverflow_1gb / postgres
  PGPORT            = 5434  (server reports 18.6)
  RUN_ID            = 409AB19A9A0AC176
  WARMUP            = 1 single-copy warm-ups (the first primes the cache)
  BATCH_SIZES       = 1  x RUNS=1 measured batches each
  WORKERS           = (planner default)
  STATEMENT_TIMEOUT = 300
  THERMAL_EQUALISE  = gate (T_LO=40 T_HI=60 preheat<=60s cooldown<=120s)
  sensors           = pkg:/sys/class/hwmon/hwmon8/temp1_input cores:4 cpufreq:8 throttle:8/8
  WARMUP_FAIL_SKIP  = on (a failed warm-up skips the query's measured batches)
  IDLE_BASELINE_S   = off
  SIGLESS_ADDR      = (disabled)
Found 1 query under queries/stackoverflow/SQLStorm/9898.sql

RAPL: powercap, 1 package, domains: pkg core gpu/uncore dram

[1/1] queries/stackoverflow/SQLStorm/9898.sql (1 warmup + step-up 1 x1)
  warmup 1/1: 38.602470 sec (cache prime)
  N=1   batch 1/1: 37.905959 sec, 1 copy (server sum 37848.699 ms)
  done: 1 size x 1 run (0 failures)

Done. Batch rows appended to logs/so_timeouts/warm_stepup/so_timeouts_300s_20261006T102405Z/query_timing_stackoverflow_1gb.csv
Per-copy samples appended to logs/so_timeouts/warm_stepup/so_timeouts_300s_20261006T102405Z/query_samples_stackoverflow_1gb.csv
Machine identity appended to logs/so_timeouts/warm_stepup/so_timeouts_300s_20261006T102405Z/query_runinfo_stackoverflow_1gb.csv
Last batch ended at epoch 1791301754.463 (PREV_END_EPOCH for the next invocation)
===== [314/363] queries/stackoverflow/SQLStorm/9583.sql run_id=91FFEA1B031BF90A =====
query_runner configuration:
  QUERY_DIR         = queries/stackoverflow/SQLStorm/9583.sql
  LOGS_DIR          = logs/so_timeouts/warm_stepup/so_timeouts_300s_20261006T102405Z  (query_timing_/query_samples_/query_catalog_stackoverflow_1gb.csv)
  DB_NAME / DB_USER = stackoverflow_1gb / postgres
  PGPORT            = 5434  (server reports 18.6)
  RUN_ID            = 91FFEA1B031BF90A
  WARMUP            = 1 single-copy warm-ups (the first primes the cache)
  BATCH_SIZES       = 1  x RUNS=1 measured batches each
  WORKERS           = (planner default)
  STATEMENT_TIMEOUT = 300
  THERMAL_EQUALISE  = gate (T_LO=40 T_HI=60 preheat<=60s cooldown<=120s)
  sensors           = pkg:/sys/class/hwmon/hwmon8/temp1_input cores:4 cpufreq:8 throttle:8/8
  WARMUP_FAIL_SKIP  = on (a failed warm-up skips the query's measured batches)
  IDLE_BASELINE_S   = off
  SIGLESS_ADDR      = (disabled)
Found 1 query under queries/stackoverflow/SQLStorm/9583.sql

RAPL: powercap, 1 package, domains: pkg core gpu/uncore dram

[1/1] queries/stackoverflow/SQLStorm/9583.sql (1 warmup + step-up 1 x1)
  warmup 1/1: 36.296571 sec (cache prime)
  N=1   batch 1/1: 35.998614 sec, 1 copy (server sum 35940.782 ms)
  done: 1 size x 1 run (0 failures)

Done. Batch rows appended to logs/so_timeouts/warm_stepup/so_timeouts_300s_20261006T102405Z/query_timing_stackoverflow_1gb.csv
Per-copy samples appended to logs/so_timeouts/warm_stepup/so_timeouts_300s_20261006T102405Z/query_samples_stackoverflow_1gb.csv
Machine identity appended to logs/so_timeouts/warm_stepup/so_timeouts_300s_20261006T102405Z/query_runinfo_stackoverflow_1gb.csv
Last batch ended at epoch 1791301829.931 (PREV_END_EPOCH for the next invocation)
===== [315/363] queries/stackoverflow/SQLStorm/10703.sql run_id=058D0E19DAC03C96 =====
query_runner configuration:
  QUERY_DIR         = queries/stackoverflow/SQLStorm/10703.sql
  LOGS_DIR          = logs/so_timeouts/warm_stepup/so_timeouts_300s_20261006T102405Z  (query_timing_/query_samples_/query_catalog_stackoverflow_1gb.csv)
  DB_NAME / DB_USER = stackoverflow_1gb / postgres
  PGPORT            = 5434  (server reports 18.6)
  RUN_ID            = 058D0E19DAC03C96
  WARMUP            = 1 single-copy warm-ups (the first primes the cache)
  BATCH_SIZES       = 1  x RUNS=1 measured batches each
  WORKERS           = (planner default)
  STATEMENT_TIMEOUT = 300
  THERMAL_EQUALISE  = gate (T_LO=40 T_HI=60 preheat<=60s cooldown<=120s)
  sensors           = pkg:/sys/class/hwmon/hwmon8/temp1_input cores:4 cpufreq:8 throttle:8/8
  WARMUP_FAIL_SKIP  = on (a failed warm-up skips the query's measured batches)
  IDLE_BASELINE_S   = off
  SIGLESS_ADDR      = (disabled)
Found 1 query under queries/stackoverflow/SQLStorm/10703.sql

RAPL: powercap, 1 package, domains: pkg core gpu/uncore dram

[1/1] queries/stackoverflow/SQLStorm/10703.sql (1 warmup + step-up 1 x1)
  warmup 1/1: 33.385495 sec (cache prime)
  N=1   batch 1/1: 31.777537 sec, 1 copy (server sum 31717.680 ms)
  done: 1 size x 1 run (0 failures)

Done. Batch rows appended to logs/so_timeouts/warm_stepup/so_timeouts_300s_20261006T102405Z/query_timing_stackoverflow_1gb.csv
Per-copy samples appended to logs/so_timeouts/warm_stepup/so_timeouts_300s_20261006T102405Z/query_samples_stackoverflow_1gb.csv
Machine identity appended to logs/so_timeouts/warm_stepup/so_timeouts_300s_20261006T102405Z/query_runinfo_stackoverflow_1gb.csv
Last batch ended at epoch 1791301898.839 (PREV_END_EPOCH for the next invocation)
===== [316/363] queries/stackoverflow/SQLStorm/7282.sql run_id=591A8B3CF4B59509 =====
query_runner configuration:
  QUERY_DIR         = queries/stackoverflow/SQLStorm/7282.sql
  LOGS_DIR          = logs/so_timeouts/warm_stepup/so_timeouts_300s_20261006T102405Z  (query_timing_/query_samples_/query_catalog_stackoverflow_1gb.csv)
  DB_NAME / DB_USER = stackoverflow_1gb / postgres
  PGPORT            = 5434  (server reports 18.6)
  RUN_ID            = 591A8B3CF4B59509
  WARMUP            = 1 single-copy warm-ups (the first primes the cache)
  BATCH_SIZES       = 1  x RUNS=1 measured batches each
  WORKERS           = (planner default)
  STATEMENT_TIMEOUT = 300
  THERMAL_EQUALISE  = gate (T_LO=40 T_HI=60 preheat<=60s cooldown<=120s)
  sensors           = pkg:/sys/class/hwmon/hwmon8/temp1_input cores:4 cpufreq:8 throttle:8/8
  WARMUP_FAIL_SKIP  = on (a failed warm-up skips the query's measured batches)
  IDLE_BASELINE_S   = off
  SIGLESS_ADDR      = (disabled)
Found 1 query under queries/stackoverflow/SQLStorm/7282.sql

RAPL: powercap, 1 package, domains: pkg core gpu/uncore dram

[1/1] queries/stackoverflow/SQLStorm/7282.sql (1 warmup + step-up 1 x1)
  warmup 1/1: 16.882325 sec (cache prime)
  N=1   batch 1/1: 13.527384 sec, 1 copy (server sum 13470.479 ms)
  done: 1 size x 1 run (0 failures)

Done. Batch rows appended to logs/so_timeouts/warm_stepup/so_timeouts_300s_20261006T102405Z/query_timing_stackoverflow_1gb.csv
Per-copy samples appended to logs/so_timeouts/warm_stepup/so_timeouts_300s_20261006T102405Z/query_samples_stackoverflow_1gb.csv
Machine identity appended to logs/so_timeouts/warm_stepup/so_timeouts_300s_20261006T102405Z/query_runinfo_stackoverflow_1gb.csv
Last batch ended at epoch 1791301933.505 (PREV_END_EPOCH for the next invocation)
===== [317/363] queries/stackoverflow/SQLStorm/26717.sql run_id=5A10208DB2A6D864 =====
query_runner configuration:
  QUERY_DIR         = queries/stackoverflow/SQLStorm/26717.sql
  LOGS_DIR          = logs/so_timeouts/warm_stepup/so_timeouts_300s_20261006T102405Z  (query_timing_/query_samples_/query_catalog_stackoverflow_1gb.csv)
  DB_NAME / DB_USER = stackoverflow_1gb / postgres
  PGPORT            = 5434  (server reports 18.6)
  RUN_ID            = 5A10208DB2A6D864
  WARMUP            = 1 single-copy warm-ups (the first primes the cache)
  BATCH_SIZES       = 1  x RUNS=1 measured batches each
  WORKERS           = (planner default)
  STATEMENT_TIMEOUT = 300
  THERMAL_EQUALISE  = gate (T_LO=40 T_HI=60 preheat<=60s cooldown<=120s)
  sensors           = pkg:/sys/class/hwmon/hwmon8/temp1_input cores:4 cpufreq:8 throttle:8/8
  WARMUP_FAIL_SKIP  = on (a failed warm-up skips the query's measured batches)
  IDLE_BASELINE_S   = off
  SIGLESS_ADDR      = (disabled)
Found 1 query under queries/stackoverflow/SQLStorm/26717.sql

RAPL: powercap, 1 package, domains: pkg core gpu/uncore dram

[1/1] queries/stackoverflow/SQLStorm/26717.sql (1 warmup + step-up 1 x1)
  warmup 1/1: 17.371319 sec (cache prime)
  N=1   batch 1/1: 16.460806 sec, 1 copy (server sum 16403.188 ms)
  done: 1 size x 1 run (0 failures)

Done. Batch rows appended to logs/so_timeouts/warm_stepup/so_timeouts_300s_20261006T102405Z/query_timing_stackoverflow_1gb.csv
Per-copy samples appended to logs/so_timeouts/warm_stepup/so_timeouts_300s_20261006T102405Z/query_samples_stackoverflow_1gb.csv
Machine identity appended to logs/so_timeouts/warm_stepup/so_timeouts_300s_20261006T102405Z/query_runinfo_stackoverflow_1gb.csv
Last batch ended at epoch 1791301971.102 (PREV_END_EPOCH for the next invocation)
===== [318/363] queries/stackoverflow/SQLStorm/13809.sql run_id=780FF4DA8C2ABBB3 =====
query_runner configuration:
  QUERY_DIR         = queries/stackoverflow/SQLStorm/13809.sql
  LOGS_DIR          = logs/so_timeouts/warm_stepup/so_timeouts_300s_20261006T102405Z  (query_timing_/query_samples_/query_catalog_stackoverflow_1gb.csv)
  DB_NAME / DB_USER = stackoverflow_1gb / postgres
  PGPORT            = 5434  (server reports 18.6)
  RUN_ID            = 780FF4DA8C2ABBB3
  WARMUP            = 1 single-copy warm-ups (the first primes the cache)
  BATCH_SIZES       = 1  x RUNS=1 measured batches each
  WORKERS           = (planner default)
  STATEMENT_TIMEOUT = 300
  THERMAL_EQUALISE  = gate (T_LO=40 T_HI=60 preheat<=60s cooldown<=120s)
  sensors           = pkg:/sys/class/hwmon/hwmon8/temp1_input cores:4 cpufreq:8 throttle:8/8
  WARMUP_FAIL_SKIP  = on (a failed warm-up skips the query's measured batches)
  IDLE_BASELINE_S   = off
  SIGLESS_ADDR      = (disabled)
Found 1 query under queries/stackoverflow/SQLStorm/13809.sql

RAPL: powercap, 1 package, domains: pkg core gpu/uncore dram

[1/1] queries/stackoverflow/SQLStorm/13809.sql (1 warmup + step-up 1 x1)
  thermal gate: waited 2s -> 59.0 C
  warmup 1/1: 27.238627 sec (cache prime)
  N=1   batch 1/1: 26.070415 sec, 1 copy (server sum 26009.048 ms)
  done: 1 size x 1 run (0 failures)

Done. Batch rows appended to logs/so_timeouts/warm_stepup/so_timeouts_300s_20261006T102405Z/query_timing_stackoverflow_1gb.csv
Per-copy samples appended to logs/so_timeouts/warm_stepup/so_timeouts_300s_20261006T102405Z/query_samples_stackoverflow_1gb.csv
Machine identity appended to logs/so_timeouts/warm_stepup/so_timeouts_300s_20261006T102405Z/query_runinfo_stackoverflow_1gb.csv
Last batch ended at epoch 1791302030.178 (PREV_END_EPOCH for the next invocation)
===== [319/363] queries/stackoverflow/SQLStorm/1962.sql run_id=2F28BE09B5ABBD73 =====
query_runner configuration:
  QUERY_DIR         = queries/stackoverflow/SQLStorm/1962.sql
  LOGS_DIR          = logs/so_timeouts/warm_stepup/so_timeouts_300s_20261006T102405Z  (query_timing_/query_samples_/query_catalog_stackoverflow_1gb.csv)
  DB_NAME / DB_USER = stackoverflow_1gb / postgres
  PGPORT            = 5434  (server reports 18.6)
  RUN_ID            = 2F28BE09B5ABBD73
  WARMUP            = 1 single-copy warm-ups (the first primes the cache)
  BATCH_SIZES       = 1  x RUNS=1 measured batches each
  WORKERS           = (planner default)
  STATEMENT_TIMEOUT = 300
  THERMAL_EQUALISE  = gate (T_LO=40 T_HI=60 preheat<=60s cooldown<=120s)
  sensors           = pkg:/sys/class/hwmon/hwmon8/temp1_input cores:4 cpufreq:8 throttle:8/8
  WARMUP_FAIL_SKIP  = on (a failed warm-up skips the query's measured batches)
  IDLE_BASELINE_S   = off
  SIGLESS_ADDR      = (disabled)
Found 1 query under queries/stackoverflow/SQLStorm/1962.sql

RAPL: powercap, 1 package, domains: pkg core gpu/uncore dram

[1/1] queries/stackoverflow/SQLStorm/1962.sql (1 warmup + step-up 1 x1)
  warmup 1/1: 34.580060 sec (cache prime)
  N=1   batch 1/1: 33.929925 sec, 1 copy (server sum 33871.318 ms)
  done: 1 size x 1 run (0 failures)

Done. Batch rows appended to logs/so_timeouts/warm_stepup/so_timeouts_300s_20261006T102405Z/query_timing_stackoverflow_1gb.csv
Per-copy samples appended to logs/so_timeouts/warm_stepup/so_timeouts_300s_20261006T102405Z/query_samples_stackoverflow_1gb.csv
Machine identity appended to logs/so_timeouts/warm_stepup/so_timeouts_300s_20261006T102405Z/query_runinfo_stackoverflow_1gb.csv
Last batch ended at epoch 1791302102.467 (PREV_END_EPOCH for the next invocation)
===== [320/363] queries/stackoverflow/SQLStorm/33639.sql run_id=DBCA0B6035F65815 =====
query_runner configuration:
  QUERY_DIR         = queries/stackoverflow/SQLStorm/33639.sql
  LOGS_DIR          = logs/so_timeouts/warm_stepup/so_timeouts_300s_20261006T102405Z  (query_timing_/query_samples_/query_catalog_stackoverflow_1gb.csv)
  DB_NAME / DB_USER = stackoverflow_1gb / postgres
  PGPORT            = 5434  (server reports 18.6)
  RUN_ID            = DBCA0B6035F65815
  WARMUP            = 1 single-copy warm-ups (the first primes the cache)
  BATCH_SIZES       = 1  x RUNS=1 measured batches each
  WORKERS           = (planner default)
  STATEMENT_TIMEOUT = 300
  THERMAL_EQUALISE  = gate (T_LO=40 T_HI=60 preheat<=60s cooldown<=120s)
  sensors           = pkg:/sys/class/hwmon/hwmon8/temp1_input cores:4 cpufreq:8 throttle:8/8
  WARMUP_FAIL_SKIP  = on (a failed warm-up skips the query's measured batches)
  IDLE_BASELINE_S   = off
  SIGLESS_ADDR      = (disabled)
Found 1 query under queries/stackoverflow/SQLStorm/33639.sql

RAPL: powercap, 1 package, domains: pkg core gpu/uncore dram

[1/1] queries/stackoverflow/SQLStorm/33639.sql (1 warmup + step-up 1 x1)
  warmup 1/1: 16.442696 sec (cache prime)
  N=1   batch 1/1: 15.591967 sec, 1 copy (server sum 15533.172 ms)
  done: 1 size x 1 run (0 failures)

Done. Batch rows appended to logs/so_timeouts/warm_stepup/so_timeouts_300s_20261006T102405Z/query_timing_stackoverflow_1gb.csv
Per-copy samples appended to logs/so_timeouts/warm_stepup/so_timeouts_300s_20261006T102405Z/query_samples_stackoverflow_1gb.csv
Machine identity appended to logs/so_timeouts/warm_stepup/so_timeouts_300s_20261006T102405Z/query_runinfo_stackoverflow_1gb.csv
Last batch ended at epoch 1791302138.378 (PREV_END_EPOCH for the next invocation)
===== [321/363] queries/stackoverflow/SQLStorm/27839.sql run_id=E9370D595B8E37D0 =====
query_runner configuration:
  QUERY_DIR         = queries/stackoverflow/SQLStorm/27839.sql
  LOGS_DIR          = logs/so_timeouts/warm_stepup/so_timeouts_300s_20261006T102405Z  (query_timing_/query_samples_/query_catalog_stackoverflow_1gb.csv)
  DB_NAME / DB_USER = stackoverflow_1gb / postgres
  PGPORT            = 5434  (server reports 18.6)
  RUN_ID            = E9370D595B8E37D0
  WARMUP            = 1 single-copy warm-ups (the first primes the cache)
  BATCH_SIZES       = 1  x RUNS=1 measured batches each
  WORKERS           = (planner default)
  STATEMENT_TIMEOUT = 300
  THERMAL_EQUALISE  = gate (T_LO=40 T_HI=60 preheat<=60s cooldown<=120s)
  sensors           = pkg:/sys/class/hwmon/hwmon8/temp1_input cores:4 cpufreq:8 throttle:8/8
  WARMUP_FAIL_SKIP  = on (a failed warm-up skips the query's measured batches)
  IDLE_BASELINE_S   = off
  SIGLESS_ADDR      = (disabled)
Found 1 query under queries/stackoverflow/SQLStorm/27839.sql

RAPL: powercap, 1 package, domains: pkg core gpu/uncore dram

[1/1] queries/stackoverflow/SQLStorm/27839.sql (1 warmup + step-up 1 x1)
  thermal gate: waited 2s -> 58.0 C
  warmup 1/1: 21.801741 sec (cache prime)
  N=1   batch 1/1: 20.796447 sec, 1 copy (server sum 20738.558 ms)
  done: 1 size x 1 run (0 failures)

Done. Batch rows appended to logs/so_timeouts/warm_stepup/so_timeouts_300s_20261006T102405Z/query_timing_stackoverflow_1gb.csv
Per-copy samples appended to logs/so_timeouts/warm_stepup/so_timeouts_300s_20261006T102405Z/query_samples_stackoverflow_1gb.csv
Machine identity appended to logs/so_timeouts/warm_stepup/so_timeouts_300s_20261006T102405Z/query_runinfo_stackoverflow_1gb.csv
Last batch ended at epoch 1791302186.703 (PREV_END_EPOCH for the next invocation)
===== [322/363] queries/stackoverflow/SQLStorm/12745.sql run_id=47AF035EEA2F3CD7 =====
query_runner configuration:
  QUERY_DIR         = queries/stackoverflow/SQLStorm/12745.sql
  LOGS_DIR          = logs/so_timeouts/warm_stepup/so_timeouts_300s_20261006T102405Z  (query_timing_/query_samples_/query_catalog_stackoverflow_1gb.csv)
  DB_NAME / DB_USER = stackoverflow_1gb / postgres
  PGPORT            = 5434  (server reports 18.6)
  RUN_ID            = 47AF035EEA2F3CD7
  WARMUP            = 1 single-copy warm-ups (the first primes the cache)
  BATCH_SIZES       = 1  x RUNS=1 measured batches each
  WORKERS           = (planner default)
  STATEMENT_TIMEOUT = 300
  THERMAL_EQUALISE  = gate (T_LO=40 T_HI=60 preheat<=60s cooldown<=120s)
  sensors           = pkg:/sys/class/hwmon/hwmon8/temp1_input cores:4 cpufreq:8 throttle:8/8
  WARMUP_FAIL_SKIP  = on (a failed warm-up skips the query's measured batches)
  IDLE_BASELINE_S   = off
  SIGLESS_ADDR      = (disabled)
Found 1 query under queries/stackoverflow/SQLStorm/12745.sql

RAPL: powercap, 1 package, domains: pkg core gpu/uncore dram

[1/1] queries/stackoverflow/SQLStorm/12745.sql (1 warmup + step-up 1 x1)
  warmup 1/1: 31.117485 sec (cache prime)
  N=1   batch 1/1: 29.946879 sec, 1 copy (server sum 29887.958 ms)
  done: 1 size x 1 run (0 failures)

Done. Batch rows appended to logs/so_timeouts/warm_stepup/so_timeouts_300s_20261006T102405Z/query_timing_stackoverflow_1gb.csv
Per-copy samples appended to logs/so_timeouts/warm_stepup/so_timeouts_300s_20261006T102405Z/query_samples_stackoverflow_1gb.csv
Machine identity appended to logs/so_timeouts/warm_stepup/so_timeouts_300s_20261006T102405Z/query_runinfo_stackoverflow_1gb.csv
Last batch ended at epoch 1791302251.705 (PREV_END_EPOCH for the next invocation)
===== [323/363] queries/stackoverflow/SQLStorm/2326.sql run_id=A1816E017AD17A04 =====
query_runner configuration:
  QUERY_DIR         = queries/stackoverflow/SQLStorm/2326.sql
  LOGS_DIR          = logs/so_timeouts/warm_stepup/so_timeouts_300s_20261006T102405Z  (query_timing_/query_samples_/query_catalog_stackoverflow_1gb.csv)
  DB_NAME / DB_USER = stackoverflow_1gb / postgres
  PGPORT            = 5434  (server reports 18.6)
  RUN_ID            = A1816E017AD17A04
  WARMUP            = 1 single-copy warm-ups (the first primes the cache)
  BATCH_SIZES       = 1  x RUNS=1 measured batches each
  WORKERS           = (planner default)
  STATEMENT_TIMEOUT = 300
  THERMAL_EQUALISE  = gate (T_LO=40 T_HI=60 preheat<=60s cooldown<=120s)
  sensors           = pkg:/sys/class/hwmon/hwmon8/temp1_input cores:4 cpufreq:8 throttle:8/8
  WARMUP_FAIL_SKIP  = on (a failed warm-up skips the query's measured batches)
  IDLE_BASELINE_S   = off
  SIGLESS_ADDR      = (disabled)
Found 1 query under queries/stackoverflow/SQLStorm/2326.sql

RAPL: powercap, 1 package, domains: pkg core gpu/uncore dram

[1/1] queries/stackoverflow/SQLStorm/2326.sql (1 warmup + step-up 1 x1)
  warmup 1/1: 16.777720 sec (cache prime)
  N=1   batch 1/1: 16.015082 sec, 1 copy (server sum 15955.774 ms)
  done: 1 size x 1 run (0 failures)

Done. Batch rows appended to logs/so_timeouts/warm_stepup/so_timeouts_300s_20261006T102405Z/query_timing_stackoverflow_1gb.csv
Per-copy samples appended to logs/so_timeouts/warm_stepup/so_timeouts_300s_20261006T102405Z/query_samples_stackoverflow_1gb.csv
Machine identity appended to logs/so_timeouts/warm_stepup/so_timeouts_300s_20261006T102405Z/query_runinfo_stackoverflow_1gb.csv
Last batch ended at epoch 1791302288.457 (PREV_END_EPOCH for the next invocation)
===== [324/363] queries/stackoverflow/SQLStorm/14100.sql run_id=64E64231D658F1B5 =====
query_runner configuration:
  QUERY_DIR         = queries/stackoverflow/SQLStorm/14100.sql
  LOGS_DIR          = logs/so_timeouts/warm_stepup/so_timeouts_300s_20261006T102405Z  (query_timing_/query_samples_/query_catalog_stackoverflow_1gb.csv)
  DB_NAME / DB_USER = stackoverflow_1gb / postgres
  PGPORT            = 5434  (server reports 18.6)
  RUN_ID            = 64E64231D658F1B5
  WARMUP            = 1 single-copy warm-ups (the first primes the cache)
  BATCH_SIZES       = 1  x RUNS=1 measured batches each
  WORKERS           = (planner default)
  STATEMENT_TIMEOUT = 300
  THERMAL_EQUALISE  = gate (T_LO=40 T_HI=60 preheat<=60s cooldown<=120s)
  sensors           = pkg:/sys/class/hwmon/hwmon8/temp1_input cores:4 cpufreq:8 throttle:8/8
  WARMUP_FAIL_SKIP  = on (a failed warm-up skips the query's measured batches)
  IDLE_BASELINE_S   = off
  SIGLESS_ADDR      = (disabled)
Found 1 query under queries/stackoverflow/SQLStorm/14100.sql

RAPL: powercap, 1 package, domains: pkg core gpu/uncore dram

[1/1] queries/stackoverflow/SQLStorm/14100.sql (1 warmup + step-up 1 x1)
  thermal gate: waited 2s -> 59.0 C
  warmup 1/1: 39.851174 sec (cache prime)
  N=1   batch 1/1: 39.151198 sec, 1 copy (server sum 39093.237 ms)
  done: 1 size x 1 run (0 failures)

Done. Batch rows appended to logs/so_timeouts/warm_stepup/so_timeouts_300s_20261006T102405Z/query_timing_stackoverflow_1gb.csv
Per-copy samples appended to logs/so_timeouts/warm_stepup/so_timeouts_300s_20261006T102405Z/query_samples_stackoverflow_1gb.csv
Machine identity appended to logs/so_timeouts/warm_stepup/so_timeouts_300s_20261006T102405Z/query_runinfo_stackoverflow_1gb.csv
Last batch ended at epoch 1791302373.305 (PREV_END_EPOCH for the next invocation)
===== [325/363] queries/stackoverflow/SQLStorm/11477.sql run_id=8513881CEE32E82F =====
query_runner configuration:
  QUERY_DIR         = queries/stackoverflow/SQLStorm/11477.sql
  LOGS_DIR          = logs/so_timeouts/warm_stepup/so_timeouts_300s_20261006T102405Z  (query_timing_/query_samples_/query_catalog_stackoverflow_1gb.csv)
  DB_NAME / DB_USER = stackoverflow_1gb / postgres
  PGPORT            = 5434  (server reports 18.6)
  RUN_ID            = 8513881CEE32E82F
  WARMUP            = 1 single-copy warm-ups (the first primes the cache)
  BATCH_SIZES       = 1  x RUNS=1 measured batches each
  WORKERS           = (planner default)
  STATEMENT_TIMEOUT = 300
  THERMAL_EQUALISE  = gate (T_LO=40 T_HI=60 preheat<=60s cooldown<=120s)
  sensors           = pkg:/sys/class/hwmon/hwmon8/temp1_input cores:4 cpufreq:8 throttle:8/8
  WARMUP_FAIL_SKIP  = on (a failed warm-up skips the query's measured batches)
  IDLE_BASELINE_S   = off
  SIGLESS_ADDR      = (disabled)
Found 1 query under queries/stackoverflow/SQLStorm/11477.sql

RAPL: powercap, 1 package, domains: pkg core gpu/uncore dram

[1/1] queries/stackoverflow/SQLStorm/11477.sql (1 warmup + step-up 1 x1)
  warmup 1/1: 15.948165 sec (cache prime)
  N=1   batch 1/1: 15.249597 sec, 1 copy (server sum 15191.810 ms)
  done: 1 size x 1 run (0 failures)

Done. Batch rows appended to logs/so_timeouts/warm_stepup/so_timeouts_300s_20261006T102405Z/query_timing_stackoverflow_1gb.csv
Per-copy samples appended to logs/so_timeouts/warm_stepup/so_timeouts_300s_20261006T102405Z/query_samples_stackoverflow_1gb.csv
Machine identity appended to logs/so_timeouts/warm_stepup/so_timeouts_300s_20261006T102405Z/query_runinfo_stackoverflow_1gb.csv
Last batch ended at epoch 1791302408.400 (PREV_END_EPOCH for the next invocation)
===== [326/363] queries/stackoverflow/SQLStorm/29437.sql run_id=A76DC814078A3C45 =====
query_runner configuration:
  QUERY_DIR         = queries/stackoverflow/SQLStorm/29437.sql
  LOGS_DIR          = logs/so_timeouts/warm_stepup/so_timeouts_300s_20261006T102405Z  (query_timing_/query_samples_/query_catalog_stackoverflow_1gb.csv)
  DB_NAME / DB_USER = stackoverflow_1gb / postgres
  PGPORT            = 5434  (server reports 18.6)
  RUN_ID            = A76DC814078A3C45
  WARMUP            = 1 single-copy warm-ups (the first primes the cache)
  BATCH_SIZES       = 1  x RUNS=1 measured batches each
  WORKERS           = (planner default)
  STATEMENT_TIMEOUT = 300
  THERMAL_EQUALISE  = gate (T_LO=40 T_HI=60 preheat<=60s cooldown<=120s)
  sensors           = pkg:/sys/class/hwmon/hwmon8/temp1_input cores:4 cpufreq:8 throttle:8/8
  WARMUP_FAIL_SKIP  = on (a failed warm-up skips the query's measured batches)
  IDLE_BASELINE_S   = off
  SIGLESS_ADDR      = (disabled)
Found 1 query under queries/stackoverflow/SQLStorm/29437.sql

RAPL: powercap, 1 package, domains: pkg core gpu/uncore dram

[1/1] queries/stackoverflow/SQLStorm/29437.sql (1 warmup + step-up 1 x1)
  thermal gate: waited 2s -> 58.0 C
  warmup 1/1: 15.899938 sec (cache prime)
  N=1   batch 1/1: 14.658470 sec, 1 copy (server sum 14598.772 ms)
  done: 1 size x 1 run (0 failures)

Done. Batch rows appended to logs/so_timeouts/warm_stepup/so_timeouts_300s_20261006T102405Z/query_timing_stackoverflow_1gb.csv
Per-copy samples appended to logs/so_timeouts/warm_stepup/so_timeouts_300s_20261006T102405Z/query_samples_stackoverflow_1gb.csv
Machine identity appended to logs/so_timeouts/warm_stepup/so_timeouts_300s_20261006T102405Z/query_runinfo_stackoverflow_1gb.csv
Last batch ended at epoch 1791302444.525 (PREV_END_EPOCH for the next invocation)
===== [327/363] queries/stackoverflow/SQLStorm/12189.sql run_id=01879736597C07E9 =====
query_runner configuration:
  QUERY_DIR         = queries/stackoverflow/SQLStorm/12189.sql
  LOGS_DIR          = logs/so_timeouts/warm_stepup/so_timeouts_300s_20261006T102405Z  (query_timing_/query_samples_/query_catalog_stackoverflow_1gb.csv)
  DB_NAME / DB_USER = stackoverflow_1gb / postgres
  PGPORT            = 5434  (server reports 18.6)
  RUN_ID            = 01879736597C07E9
  WARMUP            = 1 single-copy warm-ups (the first primes the cache)
  BATCH_SIZES       = 1  x RUNS=1 measured batches each
  WORKERS           = (planner default)
  STATEMENT_TIMEOUT = 300
  THERMAL_EQUALISE  = gate (T_LO=40 T_HI=60 preheat<=60s cooldown<=120s)
  sensors           = pkg:/sys/class/hwmon/hwmon8/temp1_input cores:4 cpufreq:8 throttle:8/8
  WARMUP_FAIL_SKIP  = on (a failed warm-up skips the query's measured batches)
  IDLE_BASELINE_S   = off
  SIGLESS_ADDR      = (disabled)
Found 1 query under queries/stackoverflow/SQLStorm/12189.sql

RAPL: powercap, 1 package, domains: pkg core gpu/uncore dram

[1/1] queries/stackoverflow/SQLStorm/12189.sql (1 warmup + step-up 1 x1)
  thermal gate: waited 2s -> 60.0 C
  warmup 1/1: 26.628121 sec (cache prime)
  N=1   batch 1/1: 25.464876 sec, 1 copy (server sum 25406.968 ms)
  done: 1 size x 1 run (0 failures)

Done. Batch rows appended to logs/so_timeouts/warm_stepup/so_timeouts_300s_20261006T102405Z/query_timing_stackoverflow_1gb.csv
Per-copy samples appended to logs/so_timeouts/warm_stepup/so_timeouts_300s_20261006T102405Z/query_samples_stackoverflow_1gb.csv
Machine identity appended to logs/so_timeouts/warm_stepup/so_timeouts_300s_20261006T102405Z/query_runinfo_stackoverflow_1gb.csv
Last batch ended at epoch 1791302502.164 (PREV_END_EPOCH for the next invocation)
===== [328/363] queries/stackoverflow/SQLStorm/10591.sql run_id=93FCBE5CB8FE2A84 =====
query_runner configuration:
  QUERY_DIR         = queries/stackoverflow/SQLStorm/10591.sql
  LOGS_DIR          = logs/so_timeouts/warm_stepup/so_timeouts_300s_20261006T102405Z  (query_timing_/query_samples_/query_catalog_stackoverflow_1gb.csv)
  DB_NAME / DB_USER = stackoverflow_1gb / postgres
  PGPORT            = 5434  (server reports 18.6)
  RUN_ID            = 93FCBE5CB8FE2A84
  WARMUP            = 1 single-copy warm-ups (the first primes the cache)
  BATCH_SIZES       = 1  x RUNS=1 measured batches each
  WORKERS           = (planner default)
  STATEMENT_TIMEOUT = 300
  THERMAL_EQUALISE  = gate (T_LO=40 T_HI=60 preheat<=60s cooldown<=120s)
  sensors           = pkg:/sys/class/hwmon/hwmon8/temp1_input cores:4 cpufreq:8 throttle:8/8
  WARMUP_FAIL_SKIP  = on (a failed warm-up skips the query's measured batches)
  IDLE_BASELINE_S   = off
  SIGLESS_ADDR      = (disabled)
Found 1 query under queries/stackoverflow/SQLStorm/10591.sql

RAPL: powercap, 1 package, domains: pkg core gpu/uncore dram

[1/1] queries/stackoverflow/SQLStorm/10591.sql (1 warmup + step-up 1 x1)
  warmup 1/1: 36.650359 sec (cache prime)
  N=1   batch 1/1: 36.146169 sec, 1 copy (server sum 36089.124 ms)
  done: 1 size x 1 run (0 failures)

Done. Batch rows appended to logs/so_timeouts/warm_stepup/so_timeouts_300s_20261006T102405Z/query_timing_stackoverflow_1gb.csv
Per-copy samples appended to logs/so_timeouts/warm_stepup/so_timeouts_300s_20261006T102405Z/query_samples_stackoverflow_1gb.csv
Machine identity appended to logs/so_timeouts/warm_stepup/so_timeouts_300s_20261006T102405Z/query_runinfo_stackoverflow_1gb.csv
Last batch ended at epoch 1791302578.865 (PREV_END_EPOCH for the next invocation)
===== [329/363] queries/stackoverflow/SQLStorm/11435.sql run_id=F04D24926DFCD571 =====
query_runner configuration:
  QUERY_DIR         = queries/stackoverflow/SQLStorm/11435.sql
  LOGS_DIR          = logs/so_timeouts/warm_stepup/so_timeouts_300s_20261006T102405Z  (query_timing_/query_samples_/query_catalog_stackoverflow_1gb.csv)
  DB_NAME / DB_USER = stackoverflow_1gb / postgres
  PGPORT            = 5434  (server reports 18.6)
  RUN_ID            = F04D24926DFCD571
  WARMUP            = 1 single-copy warm-ups (the first primes the cache)
  BATCH_SIZES       = 1  x RUNS=1 measured batches each
  WORKERS           = (planner default)
  STATEMENT_TIMEOUT = 300
  THERMAL_EQUALISE  = gate (T_LO=40 T_HI=60 preheat<=60s cooldown<=120s)
  sensors           = pkg:/sys/class/hwmon/hwmon8/temp1_input cores:4 cpufreq:8 throttle:8/8
  WARMUP_FAIL_SKIP  = on (a failed warm-up skips the query's measured batches)
  IDLE_BASELINE_S   = off
  SIGLESS_ADDR      = (disabled)
Found 1 query under queries/stackoverflow/SQLStorm/11435.sql

RAPL: powercap, 1 package, domains: pkg core gpu/uncore dram

[1/1] queries/stackoverflow/SQLStorm/11435.sql (1 warmup + step-up 1 x1)
  warmup 1/1: 23.771048 sec (cache prime)
  N=1   batch 1/1: 22.604990 sec, 1 copy (server sum 22547.496 ms)
  done: 1 size x 1 run (0 failures)

Done. Batch rows appended to logs/so_timeouts/warm_stepup/so_timeouts_300s_20261006T102405Z/query_timing_stackoverflow_1gb.csv
Per-copy samples appended to logs/so_timeouts/warm_stepup/so_timeouts_300s_20261006T102405Z/query_samples_stackoverflow_1gb.csv
Machine identity appended to logs/so_timeouts/warm_stepup/so_timeouts_300s_20261006T102405Z/query_runinfo_stackoverflow_1gb.csv
Last batch ended at epoch 1791302629.063 (PREV_END_EPOCH for the next invocation)
===== [330/363] queries/stackoverflow/SQLStorm/30831.sql run_id=6C7493A3559D8DF4 =====
query_runner configuration:
  QUERY_DIR         = queries/stackoverflow/SQLStorm/30831.sql
  LOGS_DIR          = logs/so_timeouts/warm_stepup/so_timeouts_300s_20261006T102405Z  (query_timing_/query_samples_/query_catalog_stackoverflow_1gb.csv)
  DB_NAME / DB_USER = stackoverflow_1gb / postgres
  PGPORT            = 5434  (server reports 18.6)
  RUN_ID            = 6C7493A3559D8DF4
  WARMUP            = 1 single-copy warm-ups (the first primes the cache)
  BATCH_SIZES       = 1  x RUNS=1 measured batches each
  WORKERS           = (planner default)
  STATEMENT_TIMEOUT = 300
  THERMAL_EQUALISE  = gate (T_LO=40 T_HI=60 preheat<=60s cooldown<=120s)
  sensors           = pkg:/sys/class/hwmon/hwmon8/temp1_input cores:4 cpufreq:8 throttle:8/8
  WARMUP_FAIL_SKIP  = on (a failed warm-up skips the query's measured batches)
  IDLE_BASELINE_S   = off
  SIGLESS_ADDR      = (disabled)
Found 1 query under queries/stackoverflow/SQLStorm/30831.sql

RAPL: powercap, 1 package, domains: pkg core gpu/uncore dram

[1/1] queries/stackoverflow/SQLStorm/30831.sql (1 warmup + step-up 1 x1)
  thermal gate: waited 2s -> 60.0 C
  warmup 1/1: 31.895485 sec (cache prime)
  N=1   batch 1/1: 31.620137 sec, 1 copy (server sum 31561.973 ms)
  done: 1 size x 1 run (0 failures)

Done. Batch rows appended to logs/so_timeouts/warm_stepup/so_timeouts_300s_20261006T102405Z/query_timing_stackoverflow_1gb.csv
Per-copy samples appended to logs/so_timeouts/warm_stepup/so_timeouts_300s_20261006T102405Z/query_samples_stackoverflow_1gb.csv
Machine identity appended to logs/so_timeouts/warm_stepup/so_timeouts_300s_20261006T102405Z/query_runinfo_stackoverflow_1gb.csv
Last batch ended at epoch 1791302697.980 (PREV_END_EPOCH for the next invocation)
===== [331/363] queries/stackoverflow/SQLStorm/1392.sql run_id=F7F75801D8483B27 =====
query_runner configuration:
  QUERY_DIR         = queries/stackoverflow/SQLStorm/1392.sql
  LOGS_DIR          = logs/so_timeouts/warm_stepup/so_timeouts_300s_20261006T102405Z  (query_timing_/query_samples_/query_catalog_stackoverflow_1gb.csv)
  DB_NAME / DB_USER = stackoverflow_1gb / postgres
  PGPORT            = 5434  (server reports 18.6)
  RUN_ID            = F7F75801D8483B27
  WARMUP            = 1 single-copy warm-ups (the first primes the cache)
  BATCH_SIZES       = 1  x RUNS=1 measured batches each
  WORKERS           = (planner default)
  STATEMENT_TIMEOUT = 300
  THERMAL_EQUALISE  = gate (T_LO=40 T_HI=60 preheat<=60s cooldown<=120s)
  sensors           = pkg:/sys/class/hwmon/hwmon8/temp1_input cores:4 cpufreq:8 throttle:8/8
  WARMUP_FAIL_SKIP  = on (a failed warm-up skips the query's measured batches)
  IDLE_BASELINE_S   = off
  SIGLESS_ADDR      = (disabled)
Found 1 query under queries/stackoverflow/SQLStorm/1392.sql

RAPL: powercap, 1 package, domains: pkg core gpu/uncore dram

[1/1] queries/stackoverflow/SQLStorm/1392.sql (1 warmup + step-up 1 x1)
  warmup 1/1: 35.958093 sec (cache prime)
  N=1   batch 1/1: 35.258327 sec, 1 copy (server sum 35199.954 ms)
  done: 1 size x 1 run (0 failures)

Done. Batch rows appended to logs/so_timeouts/warm_stepup/so_timeouts_300s_20261006T102405Z/query_timing_stackoverflow_1gb.csv
Per-copy samples appended to logs/so_timeouts/warm_stepup/so_timeouts_300s_20261006T102405Z/query_samples_stackoverflow_1gb.csv
Machine identity appended to logs/so_timeouts/warm_stepup/so_timeouts_300s_20261006T102405Z/query_runinfo_stackoverflow_1gb.csv
Last batch ended at epoch 1791302773.014 (PREV_END_EPOCH for the next invocation)
===== [332/363] queries/stackoverflow/SQLStorm/12850.sql run_id=50FC801A177B1287 =====
query_runner configuration:
  QUERY_DIR         = queries/stackoverflow/SQLStorm/12850.sql
  LOGS_DIR          = logs/so_timeouts/warm_stepup/so_timeouts_300s_20261006T102405Z  (query_timing_/query_samples_/query_catalog_stackoverflow_1gb.csv)
  DB_NAME / DB_USER = stackoverflow_1gb / postgres
  PGPORT            = 5434  (server reports 18.6)
  RUN_ID            = 50FC801A177B1287
  WARMUP            = 1 single-copy warm-ups (the first primes the cache)
  BATCH_SIZES       = 1  x RUNS=1 measured batches each
  WORKERS           = (planner default)
  STATEMENT_TIMEOUT = 300
  THERMAL_EQUALISE  = gate (T_LO=40 T_HI=60 preheat<=60s cooldown<=120s)
  sensors           = pkg:/sys/class/hwmon/hwmon8/temp1_input cores:4 cpufreq:8 throttle:8/8
  WARMUP_FAIL_SKIP  = on (a failed warm-up skips the query's measured batches)
  IDLE_BASELINE_S   = off
  SIGLESS_ADDR      = (disabled)
Found 1 query under queries/stackoverflow/SQLStorm/12850.sql

RAPL: powercap, 1 package, domains: pkg core gpu/uncore dram

[1/1] queries/stackoverflow/SQLStorm/12850.sql (1 warmup + step-up 1 x1)
  warmup 1/1: 33.547486 sec (cache prime)
  N=1   batch 1/1: 32.514718 sec, 1 copy (server sum 32457.226 ms)
  done: 1 size x 1 run (0 failures)

Done. Batch rows appended to logs/so_timeouts/warm_stepup/so_timeouts_300s_20261006T102405Z/query_timing_stackoverflow_1gb.csv
Per-copy samples appended to logs/so_timeouts/warm_stepup/so_timeouts_300s_20261006T102405Z/query_samples_stackoverflow_1gb.csv
Machine identity appended to logs/so_timeouts/warm_stepup/so_timeouts_300s_20261006T102405Z/query_runinfo_stackoverflow_1gb.csv
Last batch ended at epoch 1791302843.094 (PREV_END_EPOCH for the next invocation)
===== [333/363] queries/stackoverflow/SQLStorm/14838.sql run_id=C0CAE484753C3E82 =====
query_runner configuration:
  QUERY_DIR         = queries/stackoverflow/SQLStorm/14838.sql
  LOGS_DIR          = logs/so_timeouts/warm_stepup/so_timeouts_300s_20261006T102405Z  (query_timing_/query_samples_/query_catalog_stackoverflow_1gb.csv)
  DB_NAME / DB_USER = stackoverflow_1gb / postgres
  PGPORT            = 5434  (server reports 18.6)
  RUN_ID            = C0CAE484753C3E82
  WARMUP            = 1 single-copy warm-ups (the first primes the cache)
  BATCH_SIZES       = 1  x RUNS=1 measured batches each
  WORKERS           = (planner default)
  STATEMENT_TIMEOUT = 300
  THERMAL_EQUALISE  = gate (T_LO=40 T_HI=60 preheat<=60s cooldown<=120s)
  sensors           = pkg:/sys/class/hwmon/hwmon8/temp1_input cores:4 cpufreq:8 throttle:8/8
  WARMUP_FAIL_SKIP  = on (a failed warm-up skips the query's measured batches)
  IDLE_BASELINE_S   = off
  SIGLESS_ADDR      = (disabled)
Found 1 query under queries/stackoverflow/SQLStorm/14838.sql

RAPL: powercap, 1 package, domains: pkg core gpu/uncore dram

[1/1] queries/stackoverflow/SQLStorm/14838.sql (1 warmup + step-up 1 x1)
  warmup 1/1: 35.491825 sec (cache prime)
  N=1   batch 1/1: 34.725481 sec, 1 copy (server sum 34665.484 ms)
  done: 1 size x 1 run (0 failures)

Done. Batch rows appended to logs/so_timeouts/warm_stepup/so_timeouts_300s_20261006T102405Z/query_timing_stackoverflow_1gb.csv
Per-copy samples appended to logs/so_timeouts/warm_stepup/so_timeouts_300s_20261006T102405Z/query_samples_stackoverflow_1gb.csv
Machine identity appended to logs/so_timeouts/warm_stepup/so_timeouts_300s_20261006T102405Z/query_runinfo_stackoverflow_1gb.csv
Last batch ended at epoch 1791302917.103 (PREV_END_EPOCH for the next invocation)
===== [334/363] queries/stackoverflow/SQLStorm/12942.sql run_id=FFF3B9C46250AA53 =====
query_runner configuration:
  QUERY_DIR         = queries/stackoverflow/SQLStorm/12942.sql
  LOGS_DIR          = logs/so_timeouts/warm_stepup/so_timeouts_300s_20261006T102405Z  (query_timing_/query_samples_/query_catalog_stackoverflow_1gb.csv)
  DB_NAME / DB_USER = stackoverflow_1gb / postgres
  PGPORT            = 5434  (server reports 18.6)
  RUN_ID            = FFF3B9C46250AA53
  WARMUP            = 1 single-copy warm-ups (the first primes the cache)
  BATCH_SIZES       = 1  x RUNS=1 measured batches each
  WORKERS           = (planner default)
  STATEMENT_TIMEOUT = 300
  THERMAL_EQUALISE  = gate (T_LO=40 T_HI=60 preheat<=60s cooldown<=120s)
  sensors           = pkg:/sys/class/hwmon/hwmon8/temp1_input cores:4 cpufreq:8 throttle:8/8
  WARMUP_FAIL_SKIP  = on (a failed warm-up skips the query's measured batches)
  IDLE_BASELINE_S   = off
  SIGLESS_ADDR      = (disabled)
Found 1 query under queries/stackoverflow/SQLStorm/12942.sql

RAPL: powercap, 1 package, domains: pkg core gpu/uncore dram

[1/1] queries/stackoverflow/SQLStorm/12942.sql (1 warmup + step-up 1 x1)
  warmup 1/1: 33.729586 sec (cache prime)
  N=1   batch 1/1: 33.041079 sec, 1 copy (server sum 32983.749 ms)
  done: 1 size x 1 run (0 failures)

Done. Batch rows appended to logs/so_timeouts/warm_stepup/so_timeouts_300s_20261006T102405Z/query_timing_stackoverflow_1gb.csv
Per-copy samples appended to logs/so_timeouts/warm_stepup/so_timeouts_300s_20261006T102405Z/query_samples_stackoverflow_1gb.csv
Machine identity appended to logs/so_timeouts/warm_stepup/so_timeouts_300s_20261006T102405Z/query_runinfo_stackoverflow_1gb.csv
Last batch ended at epoch 1791302987.840 (PREV_END_EPOCH for the next invocation)
===== [335/363] queries/stackoverflow/SQLStorm/34585.sql run_id=A864D06A8A8A17B2 =====
query_runner configuration:
  QUERY_DIR         = queries/stackoverflow/SQLStorm/34585.sql
  LOGS_DIR          = logs/so_timeouts/warm_stepup/so_timeouts_300s_20261006T102405Z  (query_timing_/query_samples_/query_catalog_stackoverflow_1gb.csv)
  DB_NAME / DB_USER = stackoverflow_1gb / postgres
  PGPORT            = 5434  (server reports 18.6)
  RUN_ID            = A864D06A8A8A17B2
  WARMUP            = 1 single-copy warm-ups (the first primes the cache)
  BATCH_SIZES       = 1  x RUNS=1 measured batches each
  WORKERS           = (planner default)
  STATEMENT_TIMEOUT = 300
  THERMAL_EQUALISE  = gate (T_LO=40 T_HI=60 preheat<=60s cooldown<=120s)
  sensors           = pkg:/sys/class/hwmon/hwmon8/temp1_input cores:4 cpufreq:8 throttle:8/8
  WARMUP_FAIL_SKIP  = on (a failed warm-up skips the query's measured batches)
  IDLE_BASELINE_S   = off
  SIGLESS_ADDR      = (disabled)
Found 1 query under queries/stackoverflow/SQLStorm/34585.sql

RAPL: powercap, 1 package, domains: pkg core gpu/uncore dram

[1/1] queries/stackoverflow/SQLStorm/34585.sql (1 warmup + step-up 1 x1)
  warmup 1/1: 147.068050 sec (cache prime)
  N=1   batch 1/1: 145.689513 sec, 1 copy (server sum 145631.845 ms)
  done: 1 size x 1 run (0 failures)

Done. Batch rows appended to logs/so_timeouts/warm_stepup/so_timeouts_300s_20261006T102405Z/query_timing_stackoverflow_1gb.csv
Per-copy samples appended to logs/so_timeouts/warm_stepup/so_timeouts_300s_20261006T102405Z/query_samples_stackoverflow_1gb.csv
Machine identity appended to logs/so_timeouts/warm_stepup/so_timeouts_300s_20261006T102405Z/query_runinfo_stackoverflow_1gb.csv
Last batch ended at epoch 1791303284.614 (PREV_END_EPOCH for the next invocation)
===== [336/363] queries/stackoverflow/SQLStorm/13863.sql run_id=4CCEBA77E566DE01 =====
query_runner configuration:
  QUERY_DIR         = queries/stackoverflow/SQLStorm/13863.sql
  LOGS_DIR          = logs/so_timeouts/warm_stepup/so_timeouts_300s_20261006T102405Z  (query_timing_/query_samples_/query_catalog_stackoverflow_1gb.csv)
  DB_NAME / DB_USER = stackoverflow_1gb / postgres
  PGPORT            = 5434  (server reports 18.6)
  RUN_ID            = 4CCEBA77E566DE01
  WARMUP            = 1 single-copy warm-ups (the first primes the cache)
  BATCH_SIZES       = 1  x RUNS=1 measured batches each
  WORKERS           = (planner default)
  STATEMENT_TIMEOUT = 300
  THERMAL_EQUALISE  = gate (T_LO=40 T_HI=60 preheat<=60s cooldown<=120s)
  sensors           = pkg:/sys/class/hwmon/hwmon8/temp1_input cores:4 cpufreq:8 throttle:8/8
  WARMUP_FAIL_SKIP  = on (a failed warm-up skips the query's measured batches)
  IDLE_BASELINE_S   = off
  SIGLESS_ADDR      = (disabled)
Found 1 query under queries/stackoverflow/SQLStorm/13863.sql

RAPL: powercap, 1 package, domains: pkg core gpu/uncore dram

[1/1] queries/stackoverflow/SQLStorm/13863.sql (1 warmup + step-up 1 x1)
  warmup 1/1: 36.922579 sec (cache prime)
  N=1   batch 1/1: 36.370525 sec, 1 copy (server sum 36313.796 ms)
  done: 1 size x 1 run (0 failures)

Done. Batch rows appended to logs/so_timeouts/warm_stepup/so_timeouts_300s_20261006T102405Z/query_timing_stackoverflow_1gb.csv
Per-copy samples appended to logs/so_timeouts/warm_stepup/so_timeouts_300s_20261006T102405Z/query_samples_stackoverflow_1gb.csv
Machine identity appended to logs/so_timeouts/warm_stepup/so_timeouts_300s_20261006T102405Z/query_runinfo_stackoverflow_1gb.csv
Last batch ended at epoch 1791303361.964 (PREV_END_EPOCH for the next invocation)
===== [337/363] queries/stackoverflow/SQLStorm/11997.sql run_id=130A80B38FC2352B =====
query_runner configuration:
  QUERY_DIR         = queries/stackoverflow/SQLStorm/11997.sql
  LOGS_DIR          = logs/so_timeouts/warm_stepup/so_timeouts_300s_20261006T102405Z  (query_timing_/query_samples_/query_catalog_stackoverflow_1gb.csv)
  DB_NAME / DB_USER = stackoverflow_1gb / postgres
  PGPORT            = 5434  (server reports 18.6)
  RUN_ID            = 130A80B38FC2352B
  WARMUP            = 1 single-copy warm-ups (the first primes the cache)
  BATCH_SIZES       = 1  x RUNS=1 measured batches each
  WORKERS           = (planner default)
  STATEMENT_TIMEOUT = 300
  THERMAL_EQUALISE  = gate (T_LO=40 T_HI=60 preheat<=60s cooldown<=120s)
  sensors           = pkg:/sys/class/hwmon/hwmon8/temp1_input cores:4 cpufreq:8 throttle:8/8
  WARMUP_FAIL_SKIP  = on (a failed warm-up skips the query's measured batches)
  IDLE_BASELINE_S   = off
  SIGLESS_ADDR      = (disabled)
Found 1 query under queries/stackoverflow/SQLStorm/11997.sql

RAPL: powercap, 1 package, domains: pkg core gpu/uncore dram

[1/1] queries/stackoverflow/SQLStorm/11997.sql (1 warmup + step-up 1 x1)
  warmup 1/1: 33.414625 sec (cache prime)
  N=1   batch 1/1: 32.374286 sec, 1 copy (server sum 32316.101 ms)
  done: 1 size x 1 run (0 failures)

Done. Batch rows appended to logs/so_timeouts/warm_stepup/so_timeouts_300s_20261006T102405Z/query_timing_stackoverflow_1gb.csv
Per-copy samples appended to logs/so_timeouts/warm_stepup/so_timeouts_300s_20261006T102405Z/query_samples_stackoverflow_1gb.csv
Machine identity appended to logs/so_timeouts/warm_stepup/so_timeouts_300s_20261006T102405Z/query_runinfo_stackoverflow_1gb.csv
Last batch ended at epoch 1791303431.641 (PREV_END_EPOCH for the next invocation)
===== [338/363] queries/stackoverflow/SQLStorm/10094.sql run_id=57ABB2D774A2F806 =====
query_runner configuration:
  QUERY_DIR         = queries/stackoverflow/SQLStorm/10094.sql
  LOGS_DIR          = logs/so_timeouts/warm_stepup/so_timeouts_300s_20261006T102405Z  (query_timing_/query_samples_/query_catalog_stackoverflow_1gb.csv)
  DB_NAME / DB_USER = stackoverflow_1gb / postgres
  PGPORT            = 5434  (server reports 18.6)
  RUN_ID            = 57ABB2D774A2F806
  WARMUP            = 1 single-copy warm-ups (the first primes the cache)
  BATCH_SIZES       = 1  x RUNS=1 measured batches each
  WORKERS           = (planner default)
  STATEMENT_TIMEOUT = 300
  THERMAL_EQUALISE  = gate (T_LO=40 T_HI=60 preheat<=60s cooldown<=120s)
  sensors           = pkg:/sys/class/hwmon/hwmon8/temp1_input cores:4 cpufreq:8 throttle:8/8
  WARMUP_FAIL_SKIP  = on (a failed warm-up skips the query's measured batches)
  IDLE_BASELINE_S   = off
  SIGLESS_ADDR      = (disabled)
Found 1 query under queries/stackoverflow/SQLStorm/10094.sql

RAPL: powercap, 1 package, domains: pkg core gpu/uncore dram

[1/1] queries/stackoverflow/SQLStorm/10094.sql (1 warmup + step-up 1 x1)
  warmup 1/1: 16.442567 sec (cache prime)
  N=1   batch 1/1: 13.824109 sec, 1 copy (server sum 13766.581 ms)
  done: 1 size x 1 run (0 failures)

Done. Batch rows appended to logs/so_timeouts/warm_stepup/so_timeouts_300s_20261006T102405Z/query_timing_stackoverflow_1gb.csv
Per-copy samples appended to logs/so_timeouts/warm_stepup/so_timeouts_300s_20261006T102405Z/query_samples_stackoverflow_1gb.csv
Machine identity appended to logs/so_timeouts/warm_stepup/so_timeouts_300s_20261006T102405Z/query_runinfo_stackoverflow_1gb.csv
Last batch ended at epoch 1791303465.535 (PREV_END_EPOCH for the next invocation)
===== [339/363] queries/stackoverflow/SQLStorm/1724.sql run_id=F0216CC07C7F3F09 =====
query_runner configuration:
  QUERY_DIR         = queries/stackoverflow/SQLStorm/1724.sql
  LOGS_DIR          = logs/so_timeouts/warm_stepup/so_timeouts_300s_20261006T102405Z  (query_timing_/query_samples_/query_catalog_stackoverflow_1gb.csv)
  DB_NAME / DB_USER = stackoverflow_1gb / postgres
  PGPORT            = 5434  (server reports 18.6)
  RUN_ID            = F0216CC07C7F3F09
  WARMUP            = 1 single-copy warm-ups (the first primes the cache)
  BATCH_SIZES       = 1  x RUNS=1 measured batches each
  WORKERS           = (planner default)
  STATEMENT_TIMEOUT = 300
  THERMAL_EQUALISE  = gate (T_LO=40 T_HI=60 preheat<=60s cooldown<=120s)
  sensors           = pkg:/sys/class/hwmon/hwmon8/temp1_input cores:4 cpufreq:8 throttle:8/8
  WARMUP_FAIL_SKIP  = on (a failed warm-up skips the query's measured batches)
  IDLE_BASELINE_S   = off
  SIGLESS_ADDR      = (disabled)
Found 1 query under queries/stackoverflow/SQLStorm/1724.sql

RAPL: powercap, 1 package, domains: pkg core gpu/uncore dram

[1/1] queries/stackoverflow/SQLStorm/1724.sql (1 warmup + step-up 1 x1)
  warmup batch 1 FAILED (exit code 3) for queries/stackoverflow/SQLStorm/1724.sql
      psql:/tmp/query_runner_batch_3184256.sql:65: ERROR:  canceling statement due to statement timeout
  warmup 1/1: 300.064179 sec (cache prime)
  warm-up failed: measured batches skipped (WARMUP_FAIL_SKIP)
  done: 1 size x 1 run (1 failure)

Done. Batch rows appended to logs/so_timeouts/warm_stepup/so_timeouts_300s_20261006T102405Z/query_timing_stackoverflow_1gb.csv
Per-copy samples appended to logs/so_timeouts/warm_stepup/so_timeouts_300s_20261006T102405Z/query_samples_stackoverflow_1gb.csv
Machine identity appended to logs/so_timeouts/warm_stepup/so_timeouts_300s_20261006T102405Z/query_runinfo_stackoverflow_1gb.csv
Last batch ended at epoch 1791303769.235 (PREV_END_EPOCH for the next invocation)
1 batch failure (see the failed column)
===== [340/363] queries/stackoverflow/SQLStorm/27162.sql run_id=E0F32468F49A7C85 =====
query_runner configuration:
  QUERY_DIR         = queries/stackoverflow/SQLStorm/27162.sql
  LOGS_DIR          = logs/so_timeouts/warm_stepup/so_timeouts_300s_20261006T102405Z  (query_timing_/query_samples_/query_catalog_stackoverflow_1gb.csv)
  DB_NAME / DB_USER = stackoverflow_1gb / postgres
  PGPORT            = 5434  (server reports 18.6)
  RUN_ID            = E0F32468F49A7C85
  WARMUP            = 1 single-copy warm-ups (the first primes the cache)
  BATCH_SIZES       = 1  x RUNS=1 measured batches each
  WORKERS           = (planner default)
  STATEMENT_TIMEOUT = 300
  THERMAL_EQUALISE  = gate (T_LO=40 T_HI=60 preheat<=60s cooldown<=120s)
  sensors           = pkg:/sys/class/hwmon/hwmon8/temp1_input cores:4 cpufreq:8 throttle:8/8
  WARMUP_FAIL_SKIP  = on (a failed warm-up skips the query's measured batches)
  IDLE_BASELINE_S   = off
  SIGLESS_ADDR      = (disabled)
Found 1 query under queries/stackoverflow/SQLStorm/27162.sql

RAPL: powercap, 1 package, domains: pkg core gpu/uncore dram

[1/1] queries/stackoverflow/SQLStorm/27162.sql (1 warmup + step-up 1 x1)
  warmup 1/1: 19.400697 sec (cache prime)
  N=1   batch 1/1: 17.858449 sec, 1 copy (server sum 17791.889 ms)
  done: 1 size x 1 run (0 failures)

Done. Batch rows appended to logs/so_timeouts/warm_stepup/so_timeouts_300s_20261006T102405Z/query_timing_stackoverflow_1gb.csv
Per-copy samples appended to logs/so_timeouts/warm_stepup/so_timeouts_300s_20261006T102405Z/query_samples_stackoverflow_1gb.csv
Machine identity appended to logs/so_timeouts/warm_stepup/so_timeouts_300s_20261006T102405Z/query_runinfo_stackoverflow_1gb.csv
Last batch ended at epoch 1791303810.533 (PREV_END_EPOCH for the next invocation)
===== [341/363] queries/stackoverflow/SQLStorm/29212.sql run_id=5F0D8854C005325C =====
query_runner configuration:
  QUERY_DIR         = queries/stackoverflow/SQLStorm/29212.sql
  LOGS_DIR          = logs/so_timeouts/warm_stepup/so_timeouts_300s_20261006T102405Z  (query_timing_/query_samples_/query_catalog_stackoverflow_1gb.csv)
  DB_NAME / DB_USER = stackoverflow_1gb / postgres
  PGPORT            = 5434  (server reports 18.6)
  RUN_ID            = 5F0D8854C005325C
  WARMUP            = 1 single-copy warm-ups (the first primes the cache)
  BATCH_SIZES       = 1  x RUNS=1 measured batches each
  WORKERS           = (planner default)
  STATEMENT_TIMEOUT = 300
  THERMAL_EQUALISE  = gate (T_LO=40 T_HI=60 preheat<=60s cooldown<=120s)
  sensors           = pkg:/sys/class/hwmon/hwmon8/temp1_input cores:4 cpufreq:8 throttle:8/8
  WARMUP_FAIL_SKIP  = on (a failed warm-up skips the query's measured batches)
  IDLE_BASELINE_S   = off
  SIGLESS_ADDR      = (disabled)
Found 1 query under queries/stackoverflow/SQLStorm/29212.sql

RAPL: powercap, 1 package, domains: pkg core gpu/uncore dram

[1/1] queries/stackoverflow/SQLStorm/29212.sql (1 warmup + step-up 1 x1)
  warmup 1/1: 13.344014 sec (cache prime)
  N=1   batch 1/1: 12.796131 sec, 1 copy (server sum 12738.972 ms)
  done: 1 size x 1 run (0 failures)

Done. Batch rows appended to logs/so_timeouts/warm_stepup/so_timeouts_300s_20261006T102405Z/query_timing_stackoverflow_1gb.csv
Per-copy samples appended to logs/so_timeouts/warm_stepup/so_timeouts_300s_20261006T102405Z/query_samples_stackoverflow_1gb.csv
Machine identity appended to logs/so_timeouts/warm_stepup/so_timeouts_300s_20261006T102405Z/query_runinfo_stackoverflow_1gb.csv
Last batch ended at epoch 1791303840.743 (PREV_END_EPOCH for the next invocation)
===== [342/363] queries/stackoverflow/SQLStorm/6181.sql run_id=8976D6440D0BA442 =====
query_runner configuration:
  QUERY_DIR         = queries/stackoverflow/SQLStorm/6181.sql
  LOGS_DIR          = logs/so_timeouts/warm_stepup/so_timeouts_300s_20261006T102405Z  (query_timing_/query_samples_/query_catalog_stackoverflow_1gb.csv)
  DB_NAME / DB_USER = stackoverflow_1gb / postgres
  PGPORT            = 5434  (server reports 18.6)
  RUN_ID            = 8976D6440D0BA442
  WARMUP            = 1 single-copy warm-ups (the first primes the cache)
  BATCH_SIZES       = 1  x RUNS=1 measured batches each
  WORKERS           = (planner default)
  STATEMENT_TIMEOUT = 300
  THERMAL_EQUALISE  = gate (T_LO=40 T_HI=60 preheat<=60s cooldown<=120s)
  sensors           = pkg:/sys/class/hwmon/hwmon8/temp1_input cores:4 cpufreq:8 throttle:8/8
  WARMUP_FAIL_SKIP  = on (a failed warm-up skips the query's measured batches)
  IDLE_BASELINE_S   = off
  SIGLESS_ADDR      = (disabled)
Found 1 query under queries/stackoverflow/SQLStorm/6181.sql

RAPL: powercap, 1 package, domains: pkg core gpu/uncore dram

[1/1] queries/stackoverflow/SQLStorm/6181.sql (1 warmup + step-up 1 x1)
  warmup 1/1: 23.756795 sec (cache prime)
  N=1   batch 1/1: 22.936524 sec, 1 copy (server sum 22878.821 ms)
  done: 1 size x 1 run (0 failures)

Done. Batch rows appended to logs/so_timeouts/warm_stepup/so_timeouts_300s_20261006T102405Z/query_timing_stackoverflow_1gb.csv
Per-copy samples appended to logs/so_timeouts/warm_stepup/so_timeouts_300s_20261006T102405Z/query_samples_stackoverflow_1gb.csv
Machine identity appended to logs/so_timeouts/warm_stepup/so_timeouts_300s_20261006T102405Z/query_runinfo_stackoverflow_1gb.csv
Last batch ended at epoch 1791303891.218 (PREV_END_EPOCH for the next invocation)
===== [343/363] queries/stackoverflow/SQLStorm/30969.sql run_id=D41E69E53BEE9628 =====
query_runner configuration:
  QUERY_DIR         = queries/stackoverflow/SQLStorm/30969.sql
  LOGS_DIR          = logs/so_timeouts/warm_stepup/so_timeouts_300s_20261006T102405Z  (query_timing_/query_samples_/query_catalog_stackoverflow_1gb.csv)
  DB_NAME / DB_USER = stackoverflow_1gb / postgres
  PGPORT            = 5434  (server reports 18.6)
  RUN_ID            = D41E69E53BEE9628
  WARMUP            = 1 single-copy warm-ups (the first primes the cache)
  BATCH_SIZES       = 1  x RUNS=1 measured batches each
  WORKERS           = (planner default)
  STATEMENT_TIMEOUT = 300
  THERMAL_EQUALISE  = gate (T_LO=40 T_HI=60 preheat<=60s cooldown<=120s)
  sensors           = pkg:/sys/class/hwmon/hwmon8/temp1_input cores:4 cpufreq:8 throttle:8/8
  WARMUP_FAIL_SKIP  = on (a failed warm-up skips the query's measured batches)
  IDLE_BASELINE_S   = off
  SIGLESS_ADDR      = (disabled)
Found 1 query under queries/stackoverflow/SQLStorm/30969.sql

RAPL: powercap, 1 package, domains: pkg core gpu/uncore dram

[1/1] queries/stackoverflow/SQLStorm/30969.sql (1 warmup + step-up 1 x1)
  thermal gate: waited 4s -> 60.0 C
  warmup 1/1: 20.333632 sec (cache prime)
  N=1   batch 1/1: 15.479930 sec, 1 copy (server sum 15420.362 ms)
  done: 1 size x 1 run (0 failures)

Done. Batch rows appended to logs/so_timeouts/warm_stepup/so_timeouts_300s_20261006T102405Z/query_timing_stackoverflow_1gb.csv
Per-copy samples appended to logs/so_timeouts/warm_stepup/so_timeouts_300s_20261006T102405Z/query_samples_stackoverflow_1gb.csv
Machine identity appended to logs/so_timeouts/warm_stepup/so_timeouts_300s_20261006T102405Z/query_runinfo_stackoverflow_1gb.csv
Last batch ended at epoch 1791303934.990 (PREV_END_EPOCH for the next invocation)
===== [344/363] queries/stackoverflow/SQLStorm/2189.sql run_id=DB2F5EFF4BC984B2 =====
query_runner configuration:
  QUERY_DIR         = queries/stackoverflow/SQLStorm/2189.sql
  LOGS_DIR          = logs/so_timeouts/warm_stepup/so_timeouts_300s_20261006T102405Z  (query_timing_/query_samples_/query_catalog_stackoverflow_1gb.csv)
  DB_NAME / DB_USER = stackoverflow_1gb / postgres
  PGPORT            = 5434  (server reports 18.6)
  RUN_ID            = DB2F5EFF4BC984B2
  WARMUP            = 1 single-copy warm-ups (the first primes the cache)
  BATCH_SIZES       = 1  x RUNS=1 measured batches each
  WORKERS           = (planner default)
  STATEMENT_TIMEOUT = 300
  THERMAL_EQUALISE  = gate (T_LO=40 T_HI=60 preheat<=60s cooldown<=120s)
  sensors           = pkg:/sys/class/hwmon/hwmon8/temp1_input cores:4 cpufreq:8 throttle:8/8
  WARMUP_FAIL_SKIP  = on (a failed warm-up skips the query's measured batches)
  IDLE_BASELINE_S   = off
  SIGLESS_ADDR      = (disabled)
Found 1 query under queries/stackoverflow/SQLStorm/2189.sql

RAPL: powercap, 1 package, domains: pkg core gpu/uncore dram

[1/1] queries/stackoverflow/SQLStorm/2189.sql (1 warmup + step-up 1 x1)
  warmup 1/1: 37.820673 sec (cache prime)
  N=1   batch 1/1: 36.905463 sec, 1 copy (server sum 36849.061 ms)
  done: 1 size x 1 run (0 failures)

Done. Batch rows appended to logs/so_timeouts/warm_stepup/so_timeouts_300s_20261006T102405Z/query_timing_stackoverflow_1gb.csv
Per-copy samples appended to logs/so_timeouts/warm_stepup/so_timeouts_300s_20261006T102405Z/query_samples_stackoverflow_1gb.csv
Machine identity appended to logs/so_timeouts/warm_stepup/so_timeouts_300s_20261006T102405Z/query_runinfo_stackoverflow_1gb.csv
Last batch ended at epoch 1791304013.460 (PREV_END_EPOCH for the next invocation)
===== [345/363] queries/stackoverflow/SQLStorm/9736.sql run_id=DDEF7F6428C5C599 =====
query_runner configuration:
  QUERY_DIR         = queries/stackoverflow/SQLStorm/9736.sql
  LOGS_DIR          = logs/so_timeouts/warm_stepup/so_timeouts_300s_20261006T102405Z  (query_timing_/query_samples_/query_catalog_stackoverflow_1gb.csv)
  DB_NAME / DB_USER = stackoverflow_1gb / postgres
  PGPORT            = 5434  (server reports 18.6)
  RUN_ID            = DDEF7F6428C5C599
  WARMUP            = 1 single-copy warm-ups (the first primes the cache)
  BATCH_SIZES       = 1  x RUNS=1 measured batches each
  WORKERS           = (planner default)
  STATEMENT_TIMEOUT = 300
  THERMAL_EQUALISE  = gate (T_LO=40 T_HI=60 preheat<=60s cooldown<=120s)
  sensors           = pkg:/sys/class/hwmon/hwmon8/temp1_input cores:4 cpufreq:8 throttle:8/8
  WARMUP_FAIL_SKIP  = on (a failed warm-up skips the query's measured batches)
  IDLE_BASELINE_S   = off
  SIGLESS_ADDR      = (disabled)
Found 1 query under queries/stackoverflow/SQLStorm/9736.sql

RAPL: powercap, 1 package, domains: pkg core gpu/uncore dram

[1/1] queries/stackoverflow/SQLStorm/9736.sql (1 warmup + step-up 1 x1)
  warmup 1/1: 46.168632 sec (cache prime)
  N=1   batch 1/1: 45.105758 sec, 1 copy (server sum 45048.377 ms)
  done: 1 size x 1 run (0 failures)

Done. Batch rows appended to logs/so_timeouts/warm_stepup/so_timeouts_300s_20261006T102405Z/query_timing_stackoverflow_1gb.csv
Per-copy samples appended to logs/so_timeouts/warm_stepup/so_timeouts_300s_20261006T102405Z/query_samples_stackoverflow_1gb.csv
Machine identity appended to logs/so_timeouts/warm_stepup/so_timeouts_300s_20261006T102405Z/query_runinfo_stackoverflow_1gb.csv
Last batch ended at epoch 1791304108.963 (PREV_END_EPOCH for the next invocation)
===== [346/363] queries/stackoverflow/SQLStorm/12688.sql run_id=384D0B33A90E6EF4 =====
query_runner configuration:
  QUERY_DIR         = queries/stackoverflow/SQLStorm/12688.sql
  LOGS_DIR          = logs/so_timeouts/warm_stepup/so_timeouts_300s_20261006T102405Z  (query_timing_/query_samples_/query_catalog_stackoverflow_1gb.csv)
  DB_NAME / DB_USER = stackoverflow_1gb / postgres
  PGPORT            = 5434  (server reports 18.6)
  RUN_ID            = 384D0B33A90E6EF4
  WARMUP            = 1 single-copy warm-ups (the first primes the cache)
  BATCH_SIZES       = 1  x RUNS=1 measured batches each
  WORKERS           = (planner default)
  STATEMENT_TIMEOUT = 300
  THERMAL_EQUALISE  = gate (T_LO=40 T_HI=60 preheat<=60s cooldown<=120s)
  sensors           = pkg:/sys/class/hwmon/hwmon8/temp1_input cores:4 cpufreq:8 throttle:8/8
  WARMUP_FAIL_SKIP  = on (a failed warm-up skips the query's measured batches)
  IDLE_BASELINE_S   = off
  SIGLESS_ADDR      = (disabled)
Found 1 query under queries/stackoverflow/SQLStorm/12688.sql

RAPL: powercap, 1 package, domains: pkg core gpu/uncore dram

[1/1] queries/stackoverflow/SQLStorm/12688.sql (1 warmup + step-up 1 x1)
  warmup 1/1: 35.653411 sec (cache prime)
  N=1   batch 1/1: 34.600672 sec, 1 copy (server sum 34541.961 ms)
  done: 1 size x 1 run (0 failures)

Done. Batch rows appended to logs/so_timeouts/warm_stepup/so_timeouts_300s_20261006T102405Z/query_timing_stackoverflow_1gb.csv
Per-copy samples appended to logs/so_timeouts/warm_stepup/so_timeouts_300s_20261006T102405Z/query_samples_stackoverflow_1gb.csv
Machine identity appended to logs/so_timeouts/warm_stepup/so_timeouts_300s_20261006T102405Z/query_runinfo_stackoverflow_1gb.csv
Last batch ended at epoch 1791304183.089 (PREV_END_EPOCH for the next invocation)
===== [347/363] queries/stackoverflow/SQLStorm/20306.sql run_id=83E88C26902FFB9C =====
query_runner configuration:
  QUERY_DIR         = queries/stackoverflow/SQLStorm/20306.sql
  LOGS_DIR          = logs/so_timeouts/warm_stepup/so_timeouts_300s_20261006T102405Z  (query_timing_/query_samples_/query_catalog_stackoverflow_1gb.csv)
  DB_NAME / DB_USER = stackoverflow_1gb / postgres
  PGPORT            = 5434  (server reports 18.6)
  RUN_ID            = 83E88C26902FFB9C
  WARMUP            = 1 single-copy warm-ups (the first primes the cache)
  BATCH_SIZES       = 1  x RUNS=1 measured batches each
  WORKERS           = (planner default)
  STATEMENT_TIMEOUT = 300
  THERMAL_EQUALISE  = gate (T_LO=40 T_HI=60 preheat<=60s cooldown<=120s)
  sensors           = pkg:/sys/class/hwmon/hwmon8/temp1_input cores:4 cpufreq:8 throttle:8/8
  WARMUP_FAIL_SKIP  = on (a failed warm-up skips the query's measured batches)
  IDLE_BASELINE_S   = off
  SIGLESS_ADDR      = (disabled)
Found 1 query under queries/stackoverflow/SQLStorm/20306.sql

RAPL: powercap, 1 package, domains: pkg core gpu/uncore dram

[1/1] queries/stackoverflow/SQLStorm/20306.sql (1 warmup + step-up 1 x1)
  warmup batch 1 FAILED (exit code 3) for queries/stackoverflow/SQLStorm/20306.sql
      psql:/tmp/query_runner_batch_3185334.sql:71: ERROR:  canceling statement due to statement timeout
  warmup 1/1: 300.128308 sec (cache prime)
  warm-up failed: measured batches skipped (WARMUP_FAIL_SKIP)
  done: 1 size x 1 run (1 failure)

Done. Batch rows appended to logs/so_timeouts/warm_stepup/so_timeouts_300s_20261006T102405Z/query_timing_stackoverflow_1gb.csv
Per-copy samples appended to logs/so_timeouts/warm_stepup/so_timeouts_300s_20261006T102405Z/query_samples_stackoverflow_1gb.csv
Machine identity appended to logs/so_timeouts/warm_stepup/so_timeouts_300s_20261006T102405Z/query_runinfo_stackoverflow_1gb.csv
Last batch ended at epoch 1791304487.073 (PREV_END_EPOCH for the next invocation)
1 batch failure (see the failed column)
===== [348/363] queries/stackoverflow/SQLStorm/10338.sql run_id=83135A4FB1EE1E77 =====
query_runner configuration:
  QUERY_DIR         = queries/stackoverflow/SQLStorm/10338.sql
  LOGS_DIR          = logs/so_timeouts/warm_stepup/so_timeouts_300s_20261006T102405Z  (query_timing_/query_samples_/query_catalog_stackoverflow_1gb.csv)
  DB_NAME / DB_USER = stackoverflow_1gb / postgres
  PGPORT            = 5434  (server reports 18.6)
  RUN_ID            = 83135A4FB1EE1E77
  WARMUP            = 1 single-copy warm-ups (the first primes the cache)
  BATCH_SIZES       = 1  x RUNS=1 measured batches each
  WORKERS           = (planner default)
  STATEMENT_TIMEOUT = 300
  THERMAL_EQUALISE  = gate (T_LO=40 T_HI=60 preheat<=60s cooldown<=120s)
  sensors           = pkg:/sys/class/hwmon/hwmon8/temp1_input cores:4 cpufreq:8 throttle:8/8
  WARMUP_FAIL_SKIP  = on (a failed warm-up skips the query's measured batches)
  IDLE_BASELINE_S   = off
  SIGLESS_ADDR      = (disabled)
Found 1 query under queries/stackoverflow/SQLStorm/10338.sql

RAPL: powercap, 1 package, domains: pkg core gpu/uncore dram

[1/1] queries/stackoverflow/SQLStorm/10338.sql (1 warmup + step-up 1 x1)
  warmup 1/1: 22.404225 sec (cache prime)
  N=1   batch 1/1: 21.378165 sec, 1 copy (server sum 21319.771 ms)
  done: 1 size x 1 run (0 failures)

Done. Batch rows appended to logs/so_timeouts/warm_stepup/so_timeouts_300s_20261006T102405Z/query_timing_stackoverflow_1gb.csv
Per-copy samples appended to logs/so_timeouts/warm_stepup/so_timeouts_300s_20261006T102405Z/query_samples_stackoverflow_1gb.csv
Machine identity appended to logs/so_timeouts/warm_stepup/so_timeouts_300s_20261006T102405Z/query_runinfo_stackoverflow_1gb.csv
Last batch ended at epoch 1791304534.988 (PREV_END_EPOCH for the next invocation)
===== [349/363] queries/stackoverflow/SQLStorm/12486.sql run_id=65218751FDBE8DFB =====
query_runner configuration:
  QUERY_DIR         = queries/stackoverflow/SQLStorm/12486.sql
  LOGS_DIR          = logs/so_timeouts/warm_stepup/so_timeouts_300s_20261006T102405Z  (query_timing_/query_samples_/query_catalog_stackoverflow_1gb.csv)
  DB_NAME / DB_USER = stackoverflow_1gb / postgres
  PGPORT            = 5434  (server reports 18.6)
  RUN_ID            = 65218751FDBE8DFB
  WARMUP            = 1 single-copy warm-ups (the first primes the cache)
  BATCH_SIZES       = 1  x RUNS=1 measured batches each
  WORKERS           = (planner default)
  STATEMENT_TIMEOUT = 300
  THERMAL_EQUALISE  = gate (T_LO=40 T_HI=60 preheat<=60s cooldown<=120s)
  sensors           = pkg:/sys/class/hwmon/hwmon8/temp1_input cores:4 cpufreq:8 throttle:8/8
  WARMUP_FAIL_SKIP  = on (a failed warm-up skips the query's measured batches)
  IDLE_BASELINE_S   = off
  SIGLESS_ADDR      = (disabled)
Found 1 query under queries/stackoverflow/SQLStorm/12486.sql

RAPL: powercap, 1 package, domains: pkg core gpu/uncore dram

[1/1] queries/stackoverflow/SQLStorm/12486.sql (1 warmup + step-up 1 x1)
  warmup 1/1: 16.515468 sec (cache prime)
  N=1   batch 1/1: 15.323904 sec, 1 copy (server sum 15266.770 ms)
  done: 1 size x 1 run (0 failures)

Done. Batch rows appended to logs/so_timeouts/warm_stepup/so_timeouts_300s_20261006T102405Z/query_timing_stackoverflow_1gb.csv
Per-copy samples appended to logs/so_timeouts/warm_stepup/so_timeouts_300s_20261006T102405Z/query_samples_stackoverflow_1gb.csv
Machine identity appended to logs/so_timeouts/warm_stepup/so_timeouts_300s_20261006T102405Z/query_runinfo_stackoverflow_1gb.csv
Last batch ended at epoch 1791304570.666 (PREV_END_EPOCH for the next invocation)
===== [350/363] queries/stackoverflow/SQLStorm/10651.sql run_id=5401D1F1BCCBAC8E =====
query_runner configuration:
  QUERY_DIR         = queries/stackoverflow/SQLStorm/10651.sql
  LOGS_DIR          = logs/so_timeouts/warm_stepup/so_timeouts_300s_20261006T102405Z  (query_timing_/query_samples_/query_catalog_stackoverflow_1gb.csv)
  DB_NAME / DB_USER = stackoverflow_1gb / postgres
  PGPORT            = 5434  (server reports 18.6)
  RUN_ID            = 5401D1F1BCCBAC8E
  WARMUP            = 1 single-copy warm-ups (the first primes the cache)
  BATCH_SIZES       = 1  x RUNS=1 measured batches each
  WORKERS           = (planner default)
  STATEMENT_TIMEOUT = 300
  THERMAL_EQUALISE  = gate (T_LO=40 T_HI=60 preheat<=60s cooldown<=120s)
  sensors           = pkg:/sys/class/hwmon/hwmon8/temp1_input cores:4 cpufreq:8 throttle:8/8
  WARMUP_FAIL_SKIP  = on (a failed warm-up skips the query's measured batches)
  IDLE_BASELINE_S   = off
  SIGLESS_ADDR      = (disabled)
Found 1 query under queries/stackoverflow/SQLStorm/10651.sql

RAPL: powercap, 1 package, domains: pkg core gpu/uncore dram

[1/1] queries/stackoverflow/SQLStorm/10651.sql (1 warmup + step-up 1 x1)
  warmup 1/1: 37.220642 sec (cache prime)
  N=1   batch 1/1: 36.670082 sec, 1 copy (server sum 36613.720 ms)
  done: 1 size x 1 run (0 failures)

Done. Batch rows appended to logs/so_timeouts/warm_stepup/so_timeouts_300s_20261006T102405Z/query_timing_stackoverflow_1gb.csv
Per-copy samples appended to logs/so_timeouts/warm_stepup/so_timeouts_300s_20261006T102405Z/query_samples_stackoverflow_1gb.csv
Machine identity appended to logs/so_timeouts/warm_stepup/so_timeouts_300s_20261006T102405Z/query_runinfo_stackoverflow_1gb.csv
Last batch ended at epoch 1791304648.183 (PREV_END_EPOCH for the next invocation)
===== [351/363] queries/stackoverflow/SQLStorm/5239.sql run_id=B8B25793D4D178A6 =====
query_runner configuration:
  QUERY_DIR         = queries/stackoverflow/SQLStorm/5239.sql
  LOGS_DIR          = logs/so_timeouts/warm_stepup/so_timeouts_300s_20261006T102405Z  (query_timing_/query_samples_/query_catalog_stackoverflow_1gb.csv)
  DB_NAME / DB_USER = stackoverflow_1gb / postgres
  PGPORT            = 5434  (server reports 18.6)
  RUN_ID            = B8B25793D4D178A6
  WARMUP            = 1 single-copy warm-ups (the first primes the cache)
  BATCH_SIZES       = 1  x RUNS=1 measured batches each
  WORKERS           = (planner default)
  STATEMENT_TIMEOUT = 300
  THERMAL_EQUALISE  = gate (T_LO=40 T_HI=60 preheat<=60s cooldown<=120s)
  sensors           = pkg:/sys/class/hwmon/hwmon8/temp1_input cores:4 cpufreq:8 throttle:8/8
  WARMUP_FAIL_SKIP  = on (a failed warm-up skips the query's measured batches)
  IDLE_BASELINE_S   = off
  SIGLESS_ADDR      = (disabled)
Found 1 query under queries/stackoverflow/SQLStorm/5239.sql

RAPL: powercap, 1 package, domains: pkg core gpu/uncore dram

[1/1] queries/stackoverflow/SQLStorm/5239.sql (1 warmup + step-up 1 x1)
  warmup 1/1: 23.029815 sec (cache prime)
  N=1   batch 1/1: 22.168556 sec, 1 copy (server sum 22109.471 ms)
  done: 1 size x 1 run (0 failures)

Done. Batch rows appended to logs/so_timeouts/warm_stepup/so_timeouts_300s_20261006T102405Z/query_timing_stackoverflow_1gb.csv
Per-copy samples appended to logs/so_timeouts/warm_stepup/so_timeouts_300s_20261006T102405Z/query_samples_stackoverflow_1gb.csv
Machine identity appended to logs/so_timeouts/warm_stepup/so_timeouts_300s_20261006T102405Z/query_runinfo_stackoverflow_1gb.csv
Last batch ended at epoch 1791304697.096 (PREV_END_EPOCH for the next invocation)
===== [352/363] queries/stackoverflow/SQLStorm/9478.sql run_id=8E28036A2BD9F384 =====
query_runner configuration:
  QUERY_DIR         = queries/stackoverflow/SQLStorm/9478.sql
  LOGS_DIR          = logs/so_timeouts/warm_stepup/so_timeouts_300s_20261006T102405Z  (query_timing_/query_samples_/query_catalog_stackoverflow_1gb.csv)
  DB_NAME / DB_USER = stackoverflow_1gb / postgres
  PGPORT            = 5434  (server reports 18.6)
  RUN_ID            = 8E28036A2BD9F384
  WARMUP            = 1 single-copy warm-ups (the first primes the cache)
  BATCH_SIZES       = 1  x RUNS=1 measured batches each
  WORKERS           = (planner default)
  STATEMENT_TIMEOUT = 300
  THERMAL_EQUALISE  = gate (T_LO=40 T_HI=60 preheat<=60s cooldown<=120s)
  sensors           = pkg:/sys/class/hwmon/hwmon8/temp1_input cores:4 cpufreq:8 throttle:8/8
  WARMUP_FAIL_SKIP  = on (a failed warm-up skips the query's measured batches)
  IDLE_BASELINE_S   = off
  SIGLESS_ADDR      = (disabled)
Found 1 query under queries/stackoverflow/SQLStorm/9478.sql

RAPL: powercap, 1 package, domains: pkg core gpu/uncore dram

[1/1] queries/stackoverflow/SQLStorm/9478.sql (1 warmup + step-up 1 x1)
  thermal gate: waited 2s -> 57.0 C
  warmup 1/1: 17.935142 sec (cache prime)
  N=1   batch 1/1: 17.240311 sec, 1 copy (server sum 17135.839 ms)
  done: 1 size x 1 run (0 failures)

Done. Batch rows appended to logs/so_timeouts/warm_stepup/so_timeouts_300s_20261006T102405Z/query_timing_stackoverflow_1gb.csv
Per-copy samples appended to logs/so_timeouts/warm_stepup/so_timeouts_300s_20261006T102405Z/query_samples_stackoverflow_1gb.csv
Machine identity appended to logs/so_timeouts/warm_stepup/so_timeouts_300s_20261006T102405Z/query_runinfo_stackoverflow_1gb.csv
Last batch ended at epoch 1791304738.071 (PREV_END_EPOCH for the next invocation)
===== [353/363] queries/stackoverflow/SQLStorm/7410.sql run_id=985F8D3CAD2469D8 =====
query_runner configuration:
  QUERY_DIR         = queries/stackoverflow/SQLStorm/7410.sql
  LOGS_DIR          = logs/so_timeouts/warm_stepup/so_timeouts_300s_20261006T102405Z  (query_timing_/query_samples_/query_catalog_stackoverflow_1gb.csv)
  DB_NAME / DB_USER = stackoverflow_1gb / postgres
  PGPORT            = 5434  (server reports 18.6)
  RUN_ID            = 985F8D3CAD2469D8
  WARMUP            = 1 single-copy warm-ups (the first primes the cache)
  BATCH_SIZES       = 1  x RUNS=1 measured batches each
  WORKERS           = (planner default)
  STATEMENT_TIMEOUT = 300
  THERMAL_EQUALISE  = gate (T_LO=40 T_HI=60 preheat<=60s cooldown<=120s)
  sensors           = pkg:/sys/class/hwmon/hwmon8/temp1_input cores:4 cpufreq:8 throttle:8/8
  WARMUP_FAIL_SKIP  = on (a failed warm-up skips the query's measured batches)
  IDLE_BASELINE_S   = off
  SIGLESS_ADDR      = (disabled)
Found 1 query under queries/stackoverflow/SQLStorm/7410.sql

RAPL: powercap, 1 package, domains: pkg core gpu/uncore dram

[1/1] queries/stackoverflow/SQLStorm/7410.sql (1 warmup + step-up 1 x1)
  warmup 1/1: 31.075749 sec (cache prime)
  N=1   batch 1/1: 30.518020 sec, 1 copy (server sum 30460.605 ms)
  done: 1 size x 1 run (0 failures)

Done. Batch rows appended to logs/so_timeouts/warm_stepup/so_timeouts_300s_20261006T102405Z/query_timing_stackoverflow_1gb.csv
Per-copy samples appended to logs/so_timeouts/warm_stepup/so_timeouts_300s_20261006T102405Z/query_samples_stackoverflow_1gb.csv
Machine identity appended to logs/so_timeouts/warm_stepup/so_timeouts_300s_20261006T102405Z/query_runinfo_stackoverflow_1gb.csv
Last batch ended at epoch 1791304803.584 (PREV_END_EPOCH for the next invocation)
===== [354/363] queries/stackoverflow/SQLStorm/451.sql run_id=654E4A995721F1AF =====
query_runner configuration:
  QUERY_DIR         = queries/stackoverflow/SQLStorm/451.sql
  LOGS_DIR          = logs/so_timeouts/warm_stepup/so_timeouts_300s_20261006T102405Z  (query_timing_/query_samples_/query_catalog_stackoverflow_1gb.csv)
  DB_NAME / DB_USER = stackoverflow_1gb / postgres
  PGPORT            = 5434  (server reports 18.6)
  RUN_ID            = 654E4A995721F1AF
  WARMUP            = 1 single-copy warm-ups (the first primes the cache)
  BATCH_SIZES       = 1  x RUNS=1 measured batches each
  WORKERS           = (planner default)
  STATEMENT_TIMEOUT = 300
  THERMAL_EQUALISE  = gate (T_LO=40 T_HI=60 preheat<=60s cooldown<=120s)
  sensors           = pkg:/sys/class/hwmon/hwmon8/temp1_input cores:4 cpufreq:8 throttle:8/8
  WARMUP_FAIL_SKIP  = on (a failed warm-up skips the query's measured batches)
  IDLE_BASELINE_S   = off
  SIGLESS_ADDR      = (disabled)
Found 1 query under queries/stackoverflow/SQLStorm/451.sql

RAPL: powercap, 1 package, domains: pkg core gpu/uncore dram

[1/1] queries/stackoverflow/SQLStorm/451.sql (1 warmup + step-up 1 x1)
  warmup 1/1: 21.320456 sec (cache prime)
  N=1   batch 1/1: 20.445008 sec, 1 copy (server sum 20387.187 ms)
  done: 1 size x 1 run (0 failures)

Done. Batch rows appended to logs/so_timeouts/warm_stepup/so_timeouts_300s_20261006T102405Z/query_timing_stackoverflow_1gb.csv
Per-copy samples appended to logs/so_timeouts/warm_stepup/so_timeouts_300s_20261006T102405Z/query_samples_stackoverflow_1gb.csv
Machine identity appended to logs/so_timeouts/warm_stepup/so_timeouts_300s_20261006T102405Z/query_runinfo_stackoverflow_1gb.csv
Last batch ended at epoch 1791304849.216 (PREV_END_EPOCH for the next invocation)
===== [355/363] queries/stackoverflow/SQLStorm/20027.sql run_id=1A020E706FA7EAC9 =====
query_runner configuration:
  QUERY_DIR         = queries/stackoverflow/SQLStorm/20027.sql
  LOGS_DIR          = logs/so_timeouts/warm_stepup/so_timeouts_300s_20261006T102405Z  (query_timing_/query_samples_/query_catalog_stackoverflow_1gb.csv)
  DB_NAME / DB_USER = stackoverflow_1gb / postgres
  PGPORT            = 5434  (server reports 18.6)
  RUN_ID            = 1A020E706FA7EAC9
  WARMUP            = 1 single-copy warm-ups (the first primes the cache)
  BATCH_SIZES       = 1  x RUNS=1 measured batches each
  WORKERS           = (planner default)
  STATEMENT_TIMEOUT = 300
  THERMAL_EQUALISE  = gate (T_LO=40 T_HI=60 preheat<=60s cooldown<=120s)
  sensors           = pkg:/sys/class/hwmon/hwmon8/temp1_input cores:4 cpufreq:8 throttle:8/8
  WARMUP_FAIL_SKIP  = on (a failed warm-up skips the query's measured batches)
  IDLE_BASELINE_S   = off
  SIGLESS_ADDR      = (disabled)
Found 1 query under queries/stackoverflow/SQLStorm/20027.sql

RAPL: powercap, 1 package, domains: pkg core gpu/uncore dram

[1/1] queries/stackoverflow/SQLStorm/20027.sql (1 warmup + step-up 1 x1)
  warmup 1/1: 34.056893 sec (cache prime)
  N=1   batch 1/1: 32.993206 sec, 1 copy (server sum 32934.185 ms)
  done: 1 size x 1 run (0 failures)

Done. Batch rows appended to logs/so_timeouts/warm_stepup/so_timeouts_300s_20261006T102405Z/query_timing_stackoverflow_1gb.csv
Per-copy samples appended to logs/so_timeouts/warm_stepup/so_timeouts_300s_20261006T102405Z/query_samples_stackoverflow_1gb.csv
Machine identity appended to logs/so_timeouts/warm_stepup/so_timeouts_300s_20261006T102405Z/query_runinfo_stackoverflow_1gb.csv
Last batch ended at epoch 1791304920.115 (PREV_END_EPOCH for the next invocation)
===== [356/363] queries/stackoverflow/SQLStorm/5673.sql run_id=92723BB8893F5274 =====
query_runner configuration:
  QUERY_DIR         = queries/stackoverflow/SQLStorm/5673.sql
  LOGS_DIR          = logs/so_timeouts/warm_stepup/so_timeouts_300s_20261006T102405Z  (query_timing_/query_samples_/query_catalog_stackoverflow_1gb.csv)
  DB_NAME / DB_USER = stackoverflow_1gb / postgres
  PGPORT            = 5434  (server reports 18.6)
  RUN_ID            = 92723BB8893F5274
  WARMUP            = 1 single-copy warm-ups (the first primes the cache)
  BATCH_SIZES       = 1  x RUNS=1 measured batches each
  WORKERS           = (planner default)
  STATEMENT_TIMEOUT = 300
  THERMAL_EQUALISE  = gate (T_LO=40 T_HI=60 preheat<=60s cooldown<=120s)
  sensors           = pkg:/sys/class/hwmon/hwmon8/temp1_input cores:4 cpufreq:8 throttle:8/8
  WARMUP_FAIL_SKIP  = on (a failed warm-up skips the query's measured batches)
  IDLE_BASELINE_S   = off
  SIGLESS_ADDR      = (disabled)
Found 1 query under queries/stackoverflow/SQLStorm/5673.sql

RAPL: powercap, 1 package, domains: pkg core gpu/uncore dram

[1/1] queries/stackoverflow/SQLStorm/5673.sql (1 warmup + step-up 1 x1)
  warmup 1/1: 15.911365 sec (cache prime)
  N=1   batch 1/1: 14.928160 sec, 1 copy (server sum 14869.951 ms)
  done: 1 size x 1 run (0 failures)

Done. Batch rows appended to logs/so_timeouts/warm_stepup/so_timeouts_300s_20261006T102405Z/query_timing_stackoverflow_1gb.csv
Per-copy samples appended to logs/so_timeouts/warm_stepup/so_timeouts_300s_20261006T102405Z/query_samples_stackoverflow_1gb.csv
Machine identity appended to logs/so_timeouts/warm_stepup/so_timeouts_300s_20261006T102405Z/query_runinfo_stackoverflow_1gb.csv
Last batch ended at epoch 1791304954.754 (PREV_END_EPOCH for the next invocation)
===== [357/363] queries/stackoverflow/SQLStorm/14556.sql run_id=93421076C88CB52A =====
query_runner configuration:
  QUERY_DIR         = queries/stackoverflow/SQLStorm/14556.sql
  LOGS_DIR          = logs/so_timeouts/warm_stepup/so_timeouts_300s_20261006T102405Z  (query_timing_/query_samples_/query_catalog_stackoverflow_1gb.csv)
  DB_NAME / DB_USER = stackoverflow_1gb / postgres
  PGPORT            = 5434  (server reports 18.6)
  RUN_ID            = 93421076C88CB52A
  WARMUP            = 1 single-copy warm-ups (the first primes the cache)
  BATCH_SIZES       = 1  x RUNS=1 measured batches each
  WORKERS           = (planner default)
  STATEMENT_TIMEOUT = 300
  THERMAL_EQUALISE  = gate (T_LO=40 T_HI=60 preheat<=60s cooldown<=120s)
  sensors           = pkg:/sys/class/hwmon/hwmon8/temp1_input cores:4 cpufreq:8 throttle:8/8
  WARMUP_FAIL_SKIP  = on (a failed warm-up skips the query's measured batches)
  IDLE_BASELINE_S   = off
  SIGLESS_ADDR      = (disabled)
Found 1 query under queries/stackoverflow/SQLStorm/14556.sql

RAPL: powercap, 1 package, domains: pkg core gpu/uncore dram

[1/1] queries/stackoverflow/SQLStorm/14556.sql (1 warmup + step-up 1 x1)
  thermal gate: waited 2s -> 58.0 C
  warmup 1/1: 42.004586 sec (cache prime)
  N=1   batch 1/1: 40.807155 sec, 1 copy (server sum 40750.417 ms)
  done: 1 size x 1 run (0 failures)

Done. Batch rows appended to logs/so_timeouts/warm_stepup/so_timeouts_300s_20261006T102405Z/query_timing_stackoverflow_1gb.csv
Per-copy samples appended to logs/so_timeouts/warm_stepup/so_timeouts_300s_20261006T102405Z/query_samples_stackoverflow_1gb.csv
Machine identity appended to logs/so_timeouts/warm_stepup/so_timeouts_300s_20261006T102405Z/query_runinfo_stackoverflow_1gb.csv
Last batch ended at epoch 1791305043.576 (PREV_END_EPOCH for the next invocation)
===== [358/363] queries/stackoverflow/SQLStorm/3837.sql run_id=28A72F1B73A7B910 =====
query_runner configuration:
  QUERY_DIR         = queries/stackoverflow/SQLStorm/3837.sql
  LOGS_DIR          = logs/so_timeouts/warm_stepup/so_timeouts_300s_20261006T102405Z  (query_timing_/query_samples_/query_catalog_stackoverflow_1gb.csv)
  DB_NAME / DB_USER = stackoverflow_1gb / postgres
  PGPORT            = 5434  (server reports 18.6)
  RUN_ID            = 28A72F1B73A7B910
  WARMUP            = 1 single-copy warm-ups (the first primes the cache)
  BATCH_SIZES       = 1  x RUNS=1 measured batches each
  WORKERS           = (planner default)
  STATEMENT_TIMEOUT = 300
  THERMAL_EQUALISE  = gate (T_LO=40 T_HI=60 preheat<=60s cooldown<=120s)
  sensors           = pkg:/sys/class/hwmon/hwmon8/temp1_input cores:4 cpufreq:8 throttle:8/8
  WARMUP_FAIL_SKIP  = on (a failed warm-up skips the query's measured batches)
  IDLE_BASELINE_S   = off
  SIGLESS_ADDR      = (disabled)
Found 1 query under queries/stackoverflow/SQLStorm/3837.sql

RAPL: powercap, 1 package, domains: pkg core gpu/uncore dram

[1/1] queries/stackoverflow/SQLStorm/3837.sql (1 warmup + step-up 1 x1)
  warmup batch 1 FAILED (exit code 3) for queries/stackoverflow/SQLStorm/3837.sql
      psql:/tmp/query_runner_batch_3186735.sql:60: ERROR:  canceling statement due to statement timeout
  warmup 1/1: 300.062156 sec (cache prime)
  warm-up failed: measured batches skipped (WARMUP_FAIL_SKIP)
  done: 1 size x 1 run (1 failure)

Done. Batch rows appended to logs/so_timeouts/warm_stepup/so_timeouts_300s_20261006T102405Z/query_timing_stackoverflow_1gb.csv
Per-copy samples appended to logs/so_timeouts/warm_stepup/so_timeouts_300s_20261006T102405Z/query_samples_stackoverflow_1gb.csv
Machine identity appended to logs/so_timeouts/warm_stepup/so_timeouts_300s_20261006T102405Z/query_runinfo_stackoverflow_1gb.csv
Last batch ended at epoch 1791305347.508 (PREV_END_EPOCH for the next invocation)
1 batch failure (see the failed column)
===== [359/363] queries/stackoverflow/SQLStorm/24582.sql run_id=C5E49DC9652B9548 =====
query_runner configuration:
  QUERY_DIR         = queries/stackoverflow/SQLStorm/24582.sql
  LOGS_DIR          = logs/so_timeouts/warm_stepup/so_timeouts_300s_20261006T102405Z  (query_timing_/query_samples_/query_catalog_stackoverflow_1gb.csv)
  DB_NAME / DB_USER = stackoverflow_1gb / postgres
  PGPORT            = 5434  (server reports 18.6)
  RUN_ID            = C5E49DC9652B9548
  WARMUP            = 1 single-copy warm-ups (the first primes the cache)
  BATCH_SIZES       = 1  x RUNS=1 measured batches each
  WORKERS           = (planner default)
  STATEMENT_TIMEOUT = 300
  THERMAL_EQUALISE  = gate (T_LO=40 T_HI=60 preheat<=60s cooldown<=120s)
  sensors           = pkg:/sys/class/hwmon/hwmon8/temp1_input cores:4 cpufreq:8 throttle:8/8
  WARMUP_FAIL_SKIP  = on (a failed warm-up skips the query's measured batches)
  IDLE_BASELINE_S   = off
  SIGLESS_ADDR      = (disabled)
Found 1 query under queries/stackoverflow/SQLStorm/24582.sql

RAPL: powercap, 1 package, domains: pkg core gpu/uncore dram

[1/1] queries/stackoverflow/SQLStorm/24582.sql (1 warmup + step-up 1 x1)
  warmup 1/1: 23.151678 sec (cache prime)
  N=1   batch 1/1: 22.076150 sec, 1 copy (server sum 22017.764 ms)
  done: 1 size x 1 run (0 failures)

Done. Batch rows appended to logs/so_timeouts/warm_stepup/so_timeouts_300s_20261006T102405Z/query_timing_stackoverflow_1gb.csv
Per-copy samples appended to logs/so_timeouts/warm_stepup/so_timeouts_300s_20261006T102405Z/query_samples_stackoverflow_1gb.csv
Machine identity appended to logs/so_timeouts/warm_stepup/so_timeouts_300s_20261006T102405Z/query_runinfo_stackoverflow_1gb.csv
Last batch ended at epoch 1791305396.726 (PREV_END_EPOCH for the next invocation)
===== [360/363] queries/stackoverflow/SQLStorm/24555.sql run_id=226BB6423C1FF7C3 =====
query_runner configuration:
  QUERY_DIR         = queries/stackoverflow/SQLStorm/24555.sql
  LOGS_DIR          = logs/so_timeouts/warm_stepup/so_timeouts_300s_20261006T102405Z  (query_timing_/query_samples_/query_catalog_stackoverflow_1gb.csv)
  DB_NAME / DB_USER = stackoverflow_1gb / postgres
  PGPORT            = 5434  (server reports 18.6)
  RUN_ID            = 226BB6423C1FF7C3
  WARMUP            = 1 single-copy warm-ups (the first primes the cache)
  BATCH_SIZES       = 1  x RUNS=1 measured batches each
  WORKERS           = (planner default)
  STATEMENT_TIMEOUT = 300
  THERMAL_EQUALISE  = gate (T_LO=40 T_HI=60 preheat<=60s cooldown<=120s)
  sensors           = pkg:/sys/class/hwmon/hwmon8/temp1_input cores:4 cpufreq:8 throttle:8/8
  WARMUP_FAIL_SKIP  = on (a failed warm-up skips the query's measured batches)
  IDLE_BASELINE_S   = off
  SIGLESS_ADDR      = (disabled)
Found 1 query under queries/stackoverflow/SQLStorm/24555.sql

RAPL: powercap, 1 package, domains: pkg core gpu/uncore dram

[1/1] queries/stackoverflow/SQLStorm/24555.sql (1 warmup + step-up 1 x1)
  warmup 1/1: 38.704626 sec (cache prime)
  N=1   batch 1/1: 38.201326 sec, 1 copy (server sum 38143.511 ms)
  done: 1 size x 1 run (0 failures)

Done. Batch rows appended to logs/so_timeouts/warm_stepup/so_timeouts_300s_20261006T102405Z/query_timing_stackoverflow_1gb.csv
Per-copy samples appended to logs/so_timeouts/warm_stepup/so_timeouts_300s_20261006T102405Z/query_samples_stackoverflow_1gb.csv
Machine identity appended to logs/so_timeouts/warm_stepup/so_timeouts_300s_20261006T102405Z/query_runinfo_stackoverflow_1gb.csv
Last batch ended at epoch 1791305477.726 (PREV_END_EPOCH for the next invocation)
===== [361/363] queries/stackoverflow/SQLStorm/9095.sql run_id=CA2328C43AA7120F =====
query_runner configuration:
  QUERY_DIR         = queries/stackoverflow/SQLStorm/9095.sql
  LOGS_DIR          = logs/so_timeouts/warm_stepup/so_timeouts_300s_20261006T102405Z  (query_timing_/query_samples_/query_catalog_stackoverflow_1gb.csv)
  DB_NAME / DB_USER = stackoverflow_1gb / postgres
  PGPORT            = 5434  (server reports 18.6)
  RUN_ID            = CA2328C43AA7120F
  WARMUP            = 1 single-copy warm-ups (the first primes the cache)
  BATCH_SIZES       = 1  x RUNS=1 measured batches each
  WORKERS           = (planner default)
  STATEMENT_TIMEOUT = 300
  THERMAL_EQUALISE  = gate (T_LO=40 T_HI=60 preheat<=60s cooldown<=120s)
  sensors           = pkg:/sys/class/hwmon/hwmon8/temp1_input cores:4 cpufreq:8 throttle:8/8
  WARMUP_FAIL_SKIP  = on (a failed warm-up skips the query's measured batches)
  IDLE_BASELINE_S   = off
  SIGLESS_ADDR      = (disabled)
Found 1 query under queries/stackoverflow/SQLStorm/9095.sql

RAPL: powercap, 1 package, domains: pkg core gpu/uncore dram

[1/1] queries/stackoverflow/SQLStorm/9095.sql (1 warmup + step-up 1 x1)
  warmup 1/1: 24.561497 sec (cache prime)
  N=1   batch 1/1: 21.997485 sec, 1 copy (server sum 21940.044 ms)
  done: 1 size x 1 run (0 failures)

Done. Batch rows appended to logs/so_timeouts/warm_stepup/so_timeouts_300s_20261006T102405Z/query_timing_stackoverflow_1gb.csv
Per-copy samples appended to logs/so_timeouts/warm_stepup/so_timeouts_300s_20261006T102405Z/query_samples_stackoverflow_1gb.csv
Machine identity appended to logs/so_timeouts/warm_stepup/so_timeouts_300s_20261006T102405Z/query_runinfo_stackoverflow_1gb.csv
Last batch ended at epoch 1791305527.444 (PREV_END_EPOCH for the next invocation)
===== [362/363] queries/stackoverflow/SQLStorm/11981.sql run_id=DACAF6B231A05DA3 =====
query_runner configuration:
  QUERY_DIR         = queries/stackoverflow/SQLStorm/11981.sql
  LOGS_DIR          = logs/so_timeouts/warm_stepup/so_timeouts_300s_20261006T102405Z  (query_timing_/query_samples_/query_catalog_stackoverflow_1gb.csv)
  DB_NAME / DB_USER = stackoverflow_1gb / postgres
  PGPORT            = 5434  (server reports 18.6)
  RUN_ID            = DACAF6B231A05DA3
  WARMUP            = 1 single-copy warm-ups (the first primes the cache)
  BATCH_SIZES       = 1  x RUNS=1 measured batches each
  WORKERS           = (planner default)
  STATEMENT_TIMEOUT = 300
  THERMAL_EQUALISE  = gate (T_LO=40 T_HI=60 preheat<=60s cooldown<=120s)
  sensors           = pkg:/sys/class/hwmon/hwmon8/temp1_input cores:4 cpufreq:8 throttle:8/8
  WARMUP_FAIL_SKIP  = on (a failed warm-up skips the query's measured batches)
  IDLE_BASELINE_S   = off
  SIGLESS_ADDR      = (disabled)
Found 1 query under queries/stackoverflow/SQLStorm/11981.sql

RAPL: powercap, 1 package, domains: pkg core gpu/uncore dram

[1/1] queries/stackoverflow/SQLStorm/11981.sql (1 warmup + step-up 1 x1)
  thermal gate: waited 2s -> 60.0 C
  warmup 1/1: 27.329610 sec (cache prime)
  N=1   batch 1/1: 26.901782 sec, 1 copy (server sum 26845.195 ms)
  done: 1 size x 1 run (0 failures)

Done. Batch rows appended to logs/so_timeouts/warm_stepup/so_timeouts_300s_20261006T102405Z/query_timing_stackoverflow_1gb.csv
Per-copy samples appended to logs/so_timeouts/warm_stepup/so_timeouts_300s_20261006T102405Z/query_samples_stackoverflow_1gb.csv
Machine identity appended to logs/so_timeouts/warm_stepup/so_timeouts_300s_20261006T102405Z/query_runinfo_stackoverflow_1gb.csv
Last batch ended at epoch 1791305587.574 (PREV_END_EPOCH for the next invocation)
===== [363/363] queries/stackoverflow/SQLStorm/34276.sql run_id=D6293C4753506FB5 =====
query_runner configuration:
  QUERY_DIR         = queries/stackoverflow/SQLStorm/34276.sql
  LOGS_DIR          = logs/so_timeouts/warm_stepup/so_timeouts_300s_20261006T102405Z  (query_timing_/query_samples_/query_catalog_stackoverflow_1gb.csv)
  DB_NAME / DB_USER = stackoverflow_1gb / postgres
  PGPORT            = 5434  (server reports 18.6)
  RUN_ID            = D6293C4753506FB5
  WARMUP            = 1 single-copy warm-ups (the first primes the cache)
  BATCH_SIZES       = 1  x RUNS=1 measured batches each
  WORKERS           = (planner default)
  STATEMENT_TIMEOUT = 300
  THERMAL_EQUALISE  = gate (T_LO=40 T_HI=60 preheat<=60s cooldown<=120s)
  sensors           = pkg:/sys/class/hwmon/hwmon8/temp1_input cores:4 cpufreq:8 throttle:8/8
  WARMUP_FAIL_SKIP  = on (a failed warm-up skips the query's measured batches)
  IDLE_BASELINE_S   = off
  SIGLESS_ADDR      = (disabled)
Found 1 query under queries/stackoverflow/SQLStorm/34276.sql

RAPL: powercap, 1 package, domains: pkg core gpu/uncore dram

[1/1] queries/stackoverflow/SQLStorm/34276.sql (1 warmup + step-up 1 x1)
  warmup 1/1: 30.272318 sec (cache prime)
  N=1   batch 1/1: 29.378740 sec, 1 copy (server sum 29320.295 ms)
  done: 1 size x 1 run (0 failures)

Done. Batch rows appended to logs/so_timeouts/warm_stepup/so_timeouts_300s_20261006T102405Z/query_timing_stackoverflow_1gb.csv
Per-copy samples appended to logs/so_timeouts/warm_stepup/so_timeouts_300s_20261006T102405Z/query_samples_stackoverflow_1gb.csv
Machine identity appended to logs/so_timeouts/warm_stepup/so_timeouts_300s_20261006T102405Z/query_runinfo_stackoverflow_1gb.csv
Last batch ended at epoch 1791305651.033 (PREV_END_EPOCH for the next invocation)
