timestamp_utc,run_id,pg_version,host,cpu_model,packages,microcode,bios_vendor,bios_version,bios_date,product,freq_driver,governor,turbo,scaling_max_khz,kernel,rapl
2026-10-06T10:24:10Z,5666ABFE9D59ACDA,18.6,"user01","Intel(R) Core(TM) i5-8350U CPU @ 1.70GHz","1","0xec","Dell Inc.","1.24.1","01/24/2022","Latitude 7490","intel_pstate","performance","no_turbo=0","2500000","6.8.0-139-generic","powercap, 1 package, domains: pkg core gpu/uncore dram"
2026-10-06T10:25:22Z,09A8701D55AE17E1,18.6,"user01","Intel(R) Core(TM) i5-8350U CPU @ 1.70GHz","1","0xec","Dell Inc.","1.24.1","01/24/2022","Latitude 7490","intel_pstate","performance","no_turbo=0","2500000","6.8.0-139-generic","powercap, 1 package, domains: pkg core gpu/uncore dram"
2026-10-06T10:26:09Z,0B0035E7A9572CDB,18.6,"user01","Intel(R) Core(TM) i5-8350U CPU @ 1.70GHz","1","0xec","Dell Inc.","1.24.1","01/24/2022","Latitude 7490","intel_pstate","performance","no_turbo=0","2500000","6.8.0-139-generic","powercap, 1 package, domains: pkg core gpu/uncore dram"
2026-10-06T10:27:23Z,7EF37DCD18B13356,18.6,"user01","Intel(R) Core(TM) i5-8350U CPU @ 1.70GHz","1","0xec","Dell Inc.","1.24.1","01/24/2022","Latitude 7490","intel_pstate","performance","no_turbo=0","2500000","6.8.0-139-generic","powercap, 1 package, domains: pkg core gpu/uncore dram"
2026-10-06T10:28:36Z,64170941F71C9401,18.6,"user01","Intel(R) Core(TM) i5-8350U CPU @ 1.70GHz","1","0xec","Dell Inc.","1.24.1","01/24/2022","Latitude 7490","intel_pstate","performance","no_turbo=0","2500000","6.8.0-139-generic","powercap, 1 package, domains: pkg core gpu/uncore dram"
2026-10-06T10:29:36Z,5A8185602C7707C0,18.6,"user01","Intel(R) Core(TM) i5-8350U CPU @ 1.70GHz","1","0xec","Dell Inc.","1.24.1","01/24/2022","Latitude 7490","intel_pstate","performance","no_turbo=0","2500000","6.8.0-139-generic","powercap, 1 package, domains: pkg core gpu/uncore dram"
2026-10-06T10:30:25Z,3F7CAF7373825B03,18.6,"user01","Intel(R) Core(TM) i5-8350U CPU @ 1.70GHz","1","0xec","Dell Inc.","1.24.1","01/24/2022","Latitude 7490","intel_pstate","performance","no_turbo=0","2500000","6.8.0-139-generic","powercap, 1 package, domains: pkg core gpu/uncore dram"
2026-10-06T10:31:05Z,2186E42253D88DE4,18.6,"user01","Intel(R) Core(TM) i5-8350U CPU @ 1.70GHz","1","0xec","Dell Inc.","1.24.1","01/24/2022","Latitude 7490","intel_pstate","performance","no_turbo=0","2500000","6.8.0-139-generic","powercap, 1 package, domains: pkg core gpu/uncore dram"
2026-10-06T10:31:50Z,E99808DBD356A4CB,18.6,"user01","Intel(R) Core(TM) i5-8350U CPU @ 1.70GHz","1","0xec","Dell Inc.","1.24.1","01/24/2022","Latitude 7490","intel_pstate","performance","no_turbo=0","2500000","6.8.0-139-generic","powercap, 1 package, domains: pkg core gpu/uncore dram"
2026-10-06T10:32:24Z,4BD2F89D8E48EDFA,18.6,"user01","Intel(R) Core(TM) i5-8350U CPU @ 1.70GHz","1","0xec","Dell Inc.","1.24.1","01/24/2022","Latitude 7490","intel_pstate","performance","no_turbo=0","2500000","6.8.0-139-generic","powercap, 1 package, domains: pkg core gpu/uncore dram"
2026-10-06T10:33:15Z,0B6634400B0DE710,18.6,"user01","Intel(R) Core(TM) i5-8350U CPU @ 1.70GHz","1","0xec","Dell Inc.","1.24.1","01/24/2022","Latitude 7490","intel_pstate","performance","no_turbo=0","2500000","6.8.0-139-generic","powercap, 1 package, domains: pkg core gpu/uncore dram"
2026-10-06T10:33:51Z,CF0865AE6B1625C3,18.6,"user01","Intel(R) Core(TM) i5-8350U CPU @ 1.70GHz","1","0xec","Dell Inc.","1.24.1","01/24/2022","Latitude 7490","intel_pstate","performance","no_turbo=0","2500000","6.8.0-139-generic","powercap, 1 package, domains: pkg core gpu/uncore dram"
2026-10-06T10:35:27Z,14A4A82DD62886E0,18.6,"user01","Intel(R) Core(TM) i5-8350U CPU @ 1.70GHz","1","0xec","Dell Inc.","1.24.1","01/24/2022","Latitude 7490","intel_pstate","performance","no_turbo=0","2500000","6.8.0-139-generic","powercap, 1 package, domains: pkg core gpu/uncore dram"
2026-10-06T10:36:01Z,84AA2A57E35351A2,18.6,"user01","Intel(R) Core(TM) i5-8350U CPU @ 1.70GHz","1","0xec","Dell Inc.","1.24.1","01/24/2022","Latitude 7490","intel_pstate","performance","no_turbo=0","2500000","6.8.0-139-generic","powercap, 1 package, domains: pkg core gpu/uncore dram"
2026-10-06T10:36:40Z,DCAE4ACCAA5D4177,18.6,"user01","Intel(R) Core(TM) i5-8350U CPU @ 1.70GHz","1","0xec","Dell Inc.","1.24.1","01/24/2022","Latitude 7490","intel_pstate","performance","no_turbo=0","2500000","6.8.0-139-generic","powercap, 1 package, domains: pkg core gpu/uncore dram"
2026-10-06T10:37:30Z,9D7CB75E950D793A,18.6,"user01","Intel(R) Core(TM) i5-8350U CPU @ 1.70GHz","1","0xec","Dell Inc.","1.24.1","01/24/2022","Latitude 7490","intel_pstate","performance","no_turbo=0","2500000","6.8.0-139-generic","powercap, 1 package, domains: pkg core gpu/uncore dram"
2026-10-06T10:38:52Z,59B8D8204409AA5E,18.6,"user01","Intel(R) Core(TM) i5-8350U CPU @ 1.70GHz","1","0xec","Dell Inc.","1.24.1","01/24/2022","Latitude 7490","intel_pstate","performance","no_turbo=0","2500000","6.8.0-139-generic","powercap, 1 package, domains: pkg core gpu/uncore dram"
2026-10-06T10:40:00Z,006A4B8297954A2B,18.6,"user01","Intel(R) Core(TM) i5-8350U CPU @ 1.70GHz","1","0xec","Dell Inc.","1.24.1","01/24/2022","Latitude 7490","intel_pstate","performance","no_turbo=0","2500000","6.8.0-139-generic","powercap, 1 package, domains: pkg core gpu/uncore dram"
2026-10-06T10:41:11Z,E623379F2D78029C,18.6,"user01","Intel(R) Core(TM) i5-8350U CPU @ 1.70GHz","1","0xec","Dell Inc.","1.24.1","01/24/2022","Latitude 7490","intel_pstate","performance","no_turbo=0","2500000","6.8.0-139-generic","powercap, 1 package, domains: pkg core gpu/uncore dram"
2026-10-06T10:41:54Z,36624B5420BFA387,18.6,"user01","Intel(R) Core(TM) i5-8350U CPU @ 1.70GHz","1","0xec","Dell Inc.","1.24.1","01/24/2022","Latitude 7490","intel_pstate","performance","no_turbo=0","2500000","6.8.0-139-generic","powercap, 1 package, domains: pkg core gpu/uncore dram"
2026-10-06T10:42:37Z,6A704576747F02FA,18.6,"user01","Intel(R) Core(TM) i5-8350U CPU @ 1.70GHz","1","0xec","Dell Inc.","1.24.1","01/24/2022","Latitude 7490","intel_pstate","performance","no_turbo=0","2500000","6.8.0-139-generic","powercap, 1 package, domains: pkg core gpu/uncore dram"
2026-10-06T10:43:36Z,2C03AB9E54CB9DC6,18.6,"user01","Intel(R) Core(TM) i5-8350U CPU @ 1.70GHz","1","0xec","Dell Inc.","1.24.1","01/24/2022","Latitude 7490","intel_pstate","performance","no_turbo=0","2500000","6.8.0-139-generic","powercap, 1 package, domains: pkg core gpu/uncore dram"
2026-10-06T10:44:17Z,5B674BBB02610E3D,18.6,"user01","Intel(R) Core(TM) i5-8350U CPU @ 1.70GHz","1","0xec","Dell Inc.","1.24.1","01/24/2022","Latitude 7490","intel_pstate","performance","no_turbo=0","2500000","6.8.0-139-generic","powercap, 1 package, domains: pkg core gpu/uncore dram"
2026-10-06T10:44:50Z,925EE21CF14CDB26,18.6,"user01","Intel(R) Core(TM) i5-8350U CPU @ 1.70GHz","1","0xec","Dell Inc.","1.24.1","01/24/2022","Latitude 7490","intel_pstate","performance","no_turbo=0","2500000","6.8.0-139-generic","powercap, 1 package, domains: pkg core gpu/uncore dram"
2026-10-06T10:46:03Z,30990BC57B9C5C26,18.6,"user01","Intel(R) Core(TM) i5-8350U CPU @ 1.70GHz","1","0xec","Dell Inc.","1.24.1","01/24/2022","Latitude 7490","intel_pstate","performance","no_turbo=0","2500000","6.8.0-139-generic","powercap, 1 package, domains: pkg core gpu/uncore dram"
2026-10-06T10:47:38Z,73CE76F8CAE45FD9,18.6,"user01","Intel(R) Core(TM) i5-8350U CPU @ 1.70GHz","1","0xec","Dell Inc.","1.24.1","01/24/2022","Latitude 7490","intel_pstate","performance","no_turbo=0","2500000","6.8.0-139-generic","powercap, 1 package, domains: pkg core gpu/uncore dram"
2026-10-06T10:51:23Z,BB9C6B07ABC82A16,18.6,"user01","Intel(R) Core(TM) i5-8350U CPU @ 1.70GHz","1","0xec","Dell Inc.","1.24.1","01/24/2022","Latitude 7490","intel_pstate","performance","no_turbo=0","2500000","6.8.0-139-generic","powercap, 1 package, domains: pkg core gpu/uncore dram"
2026-10-06T10:52:00Z,4F4D93726FE2F368,18.6,"user01","Intel(R) Core(TM) i5-8350U CPU @ 1.70GHz","1","0xec","Dell Inc.","1.24.1","01/24/2022","Latitude 7490","intel_pstate","performance","no_turbo=0","2500000","6.8.0-139-generic","powercap, 1 package, domains: pkg core gpu/uncore dram"
2026-10-06T10:52:50Z,4054D36E2C20C0AC,18.6,"user01","Intel(R) Core(TM) i5-8350U CPU @ 1.70GHz","1","0xec","Dell Inc.","1.24.1","01/24/2022","Latitude 7490","intel_pstate","performance","no_turbo=0","2500000","6.8.0-139-generic","powercap, 1 package, domains: pkg core gpu/uncore dram"
2026-10-06T10:53:58Z,1069E0C1A2B4AEE9,18.6,"user01","Intel(R) Core(TM) i5-8350U CPU @ 1.70GHz","1","0xec","Dell Inc.","1.24.1","01/24/2022","Latitude 7490","intel_pstate","performance","no_turbo=0","2500000","6.8.0-139-generic","powercap, 1 package, domains: pkg core gpu/uncore dram"
2026-10-06T10:54:40Z,2C322D5B1867896B,18.6,"user01","Intel(R) Core(TM) i5-8350U CPU @ 1.70GHz","1","0xec","Dell Inc.","1.24.1","01/24/2022","Latitude 7490","intel_pstate","performance","no_turbo=0","2500000","6.8.0-139-generic","powercap, 1 package, domains: pkg core gpu/uncore dram"
2026-10-06T10:56:02Z,F15D7F0EB2A830C4,18.6,"user01","Intel(R) Core(TM) i5-8350U CPU @ 1.70GHz","1","0xec","Dell Inc.","1.24.1","01/24/2022","Latitude 7490","intel_pstate","performance","no_turbo=0","2500000","6.8.0-139-generic","powercap, 1 package, domains: pkg core gpu/uncore dram"
2026-10-06T10:56:58Z,E1E8FD36B4AE698F,18.6,"user01","Intel(R) Core(TM) i5-8350U CPU @ 1.70GHz","1","0xec","Dell Inc.","1.24.1","01/24/2022","Latitude 7490","intel_pstate","performance","no_turbo=0","2500000","6.8.0-139-generic","powercap, 1 package, domains: pkg core gpu/uncore dram"
2026-10-06T10:57:50Z,9C9617F377818B3C,18.6,"user01","Intel(R) Core(TM) i5-8350U CPU @ 1.70GHz","1","0xec","Dell Inc.","1.24.1","01/24/2022","Latitude 7490","intel_pstate","performance","no_turbo=0","2500000","6.8.0-139-generic","powercap, 1 package, domains: pkg core gpu/uncore dram"
2026-10-06T10:58:44Z,8DAD89B7659966E3,18.6,"user01","Intel(R) Core(TM) i5-8350U CPU @ 1.70GHz","1","0xec","Dell Inc.","1.24.1","01/24/2022","Latitude 7490","intel_pstate","performance","no_turbo=0","2500000","6.8.0-139-generic","powercap, 1 package, domains: pkg core gpu/uncore dram"
2026-10-06T10:59:30Z,926D6F193C12BFEE,18.6,"user01","Intel(R) Core(TM) i5-8350U CPU @ 1.70GHz","1","0xec","Dell Inc.","1.24.1","01/24/2022","Latitude 7490","intel_pstate","performance","no_turbo=0","2500000","6.8.0-139-generic","powercap, 1 package, domains: pkg core gpu/uncore dram"
2026-10-06T11:00:06Z,FF43F37D0B2CCC5F,18.6,"user01","Intel(R) Core(TM) i5-8350U CPU @ 1.70GHz","1","0xec","Dell Inc.","1.24.1","01/24/2022","Latitude 7490","intel_pstate","performance","no_turbo=0","2500000","6.8.0-139-generic","powercap, 1 package, domains: pkg core gpu/uncore dram"
2026-10-06T11:01:21Z,030EE4A4E78F5607,18.6,"user01","Intel(R) Core(TM) i5-8350U CPU @ 1.70GHz","1","0xec","Dell Inc.","1.24.1","01/24/2022","Latitude 7490","intel_pstate","performance","no_turbo=0","2500000","6.8.0-139-generic","powercap, 1 package, domains: pkg core gpu/uncore dram"
2026-10-06T11:01:57Z,3C63F18695C7D376,18.6,"user01","Intel(R) Core(TM) i5-8350U CPU @ 1.70GHz","1","0xec","Dell Inc.","1.24.1","01/24/2022","Latitude 7490","intel_pstate","performance","no_turbo=0","2500000","6.8.0-139-generic","powercap, 1 package, domains: pkg core gpu/uncore dram"
2026-10-06T11:02:45Z,F7B8C583B6A74840,18.6,"user01","Intel(R) Core(TM) i5-8350U CPU @ 1.70GHz","1","0xec","Dell Inc.","1.24.1","01/24/2022","Latitude 7490","intel_pstate","performance","no_turbo=0","2500000","6.8.0-139-generic","powercap, 1 package, domains: pkg core gpu/uncore dram"
2026-10-06T11:03:20Z,743716DCEF1688A1,18.6,"user01","Intel(R) Core(TM) i5-8350U CPU @ 1.70GHz","1","0xec","Dell Inc.","1.24.1","01/24/2022","Latitude 7490","intel_pstate","performance","no_turbo=0","2500000","6.8.0-139-generic","powercap, 1 package, domains: pkg core gpu/uncore dram"
2026-10-06T11:04:00Z,842ADA0BB084EA5F,18.6,"user01","Intel(R) Core(TM) i5-8350U CPU @ 1.70GHz","1","0xec","Dell Inc.","1.24.1","01/24/2022","Latitude 7490","intel_pstate","performance","no_turbo=0","2500000","6.8.0-139-generic","powercap, 1 package, domains: pkg core gpu/uncore dram"
2026-10-06T11:05:17Z,76CE80A2B813EF81,18.6,"user01","Intel(R) Core(TM) i5-8350U CPU @ 1.70GHz","1","0xec","Dell Inc.","1.24.1","01/24/2022","Latitude 7490","intel_pstate","performance","no_turbo=0","2500000","6.8.0-139-generic","powercap, 1 package, domains: pkg core gpu/uncore dram"
2026-10-06T11:06:35Z,0A47401BD4D6E5C4,18.6,"user01","Intel(R) Core(TM) i5-8350U CPU @ 1.70GHz","1","0xec","Dell Inc.","1.24.1","01/24/2022","Latitude 7490","intel_pstate","performance","no_turbo=0","2500000","6.8.0-139-generic","powercap, 1 package, domains: pkg core gpu/uncore dram"
2026-10-06T11:07:06Z,A33DC259A69786CD,18.6,"user01","Intel(R) Core(TM) i5-8350U CPU @ 1.70GHz","1","0xec","Dell Inc.","1.24.1","01/24/2022","Latitude 7490","intel_pstate","performance","no_turbo=0","2500000","6.8.0-139-generic","powercap, 1 package, domains: pkg core gpu/uncore dram"
2026-10-06T11:07:45Z,7C7F02FD584F4CFD,18.6,"user01","Intel(R) Core(TM) i5-8350U CPU @ 1.70GHz","1","0xec","Dell Inc.","1.24.1","01/24/2022","Latitude 7490","intel_pstate","performance","no_turbo=0","2500000","6.8.0-139-generic","powercap, 1 package, domains: pkg core gpu/uncore dram"
2026-10-06T11:12:53Z,7D9A39D58463A37B,18.6,"user01","Intel(R) Core(TM) i5-8350U CPU @ 1.70GHz","1","0xec","Dell Inc.","1.24.1","01/24/2022","Latitude 7490","intel_pstate","performance","no_turbo=0","2500000","6.8.0-139-generic","powercap, 1 package, domains: pkg core gpu/uncore dram"
2026-10-06T11:13:51Z,5A717E2B56867E7C,18.6,"user01","Intel(R) Core(TM) i5-8350U CPU @ 1.70GHz","1","0xec","Dell Inc.","1.24.1","01/24/2022","Latitude 7490","intel_pstate","performance","no_turbo=0","2500000","6.8.0-139-generic","powercap, 1 package, domains: pkg core gpu/uncore dram"
2026-10-06T11:14:49Z,F3BCD2CA8D7677B1,18.6,"user01","Intel(R) Core(TM) i5-8350U CPU @ 1.70GHz","1","0xec","Dell Inc.","1.24.1","01/24/2022","Latitude 7490","intel_pstate","performance","no_turbo=0","2500000","6.8.0-139-generic","powercap, 1 package, domains: pkg core gpu/uncore dram"
2026-10-06T11:15:51Z,5E1AA8EC9C4EA626,18.6,"user01","Intel(R) Core(TM) i5-8350U CPU @ 1.70GHz","1","0xec","Dell Inc.","1.24.1","01/24/2022","Latitude 7490","intel_pstate","performance","no_turbo=0","2500000","6.8.0-139-generic","powercap, 1 package, domains: pkg core gpu/uncore dram"
2026-10-06T11:17:16Z,43572037D82C1D82,18.6,"user01","Intel(R) Core(TM) i5-8350U CPU @ 1.70GHz","1","0xec","Dell Inc.","1.24.1","01/24/2022","Latitude 7490","intel_pstate","performance","no_turbo=0","2500000","6.8.0-139-generic","powercap, 1 package, domains: pkg core gpu/uncore dram"
2026-10-06T11:17:50Z,35729C424437B120,18.6,"user01","Intel(R) Core(TM) i5-8350U CPU @ 1.70GHz","1","0xec","Dell Inc.","1.24.1","01/24/2022","Latitude 7490","intel_pstate","performance","no_turbo=0","2500000","6.8.0-139-generic","powercap, 1 package, domains: pkg core gpu/uncore dram"
2026-10-06T11:18:58Z,BCA048EFA3052D10,18.6,"user01","Intel(R) Core(TM) i5-8350U CPU @ 1.70GHz","1","0xec","Dell Inc.","1.24.1","01/24/2022","Latitude 7490","intel_pstate","performance","no_turbo=0","2500000","6.8.0-139-generic","powercap, 1 package, domains: pkg core gpu/uncore dram"
2026-10-06T11:20:07Z,99534DAA6B594149,18.6,"user01","Intel(R) Core(TM) i5-8350U CPU @ 1.70GHz","1","0xec","Dell Inc.","1.24.1","01/24/2022","Latitude 7490","intel_pstate","performance","no_turbo=0","2500000","6.8.0-139-generic","powercap, 1 package, domains: pkg core gpu/uncore dram"
2026-10-06T11:21:26Z,4BE3178F494539B2,18.6,"user01","Intel(R) Core(TM) i5-8350U CPU @ 1.70GHz","1","0xec","Dell Inc.","1.24.1","01/24/2022","Latitude 7490","intel_pstate","performance","no_turbo=0","2500000","6.8.0-139-generic","powercap, 1 package, domains: pkg core gpu/uncore dram"
2026-10-06T11:22:01Z,11E8CD2857F8BDA9,18.6,"user01","Intel(R) Core(TM) i5-8350U CPU @ 1.70GHz","1","0xec","Dell Inc.","1.24.1","01/24/2022","Latitude 7490","intel_pstate","performance","no_turbo=0","2500000","6.8.0-139-generic","powercap, 1 package, domains: pkg core gpu/uncore dram"
2026-10-06T11:22:41Z,A64980AF6A29428F,18.6,"user01","Intel(R) Core(TM) i5-8350U CPU @ 1.70GHz","1","0xec","Dell Inc.","1.24.1","01/24/2022","Latitude 7490","intel_pstate","performance","no_turbo=0","2500000","6.8.0-139-generic","powercap, 1 package, domains: pkg core gpu/uncore dram"
2026-10-06T11:23:26Z,C2B92BFBC8D2EFDE,18.6,"user01","Intel(R) Core(TM) i5-8350U CPU @ 1.70GHz","1","0xec","Dell Inc.","1.24.1","01/24/2022","Latitude 7490","intel_pstate","performance","no_turbo=0","2500000","6.8.0-139-generic","powercap, 1 package, domains: pkg core gpu/uncore dram"
2026-10-06T11:24:00Z,8B1B919ED5AA87E3,18.6,"user01","Intel(R) Core(TM) i5-8350U CPU @ 1.70GHz","1","0xec","Dell Inc.","1.24.1","01/24/2022","Latitude 7490","intel_pstate","performance","no_turbo=0","2500000","6.8.0-139-generic","powercap, 1 package, domains: pkg core gpu/uncore dram"
2026-10-06T11:24:48Z,DD11EF52D49A1811,18.6,"user01","Intel(R) Core(TM) i5-8350U CPU @ 1.70GHz","1","0xec","Dell Inc.","1.24.1","01/24/2022","Latitude 7490","intel_pstate","performance","no_turbo=0","2500000","6.8.0-139-generic","powercap, 1 package, domains: pkg core gpu/uncore dram"
2026-10-06T11:25:26Z,1A7076A3D4444453,18.6,"user01","Intel(R) Core(TM) i5-8350U CPU @ 1.70GHz","1","0xec","Dell Inc.","1.24.1","01/24/2022","Latitude 7490","intel_pstate","performance","no_turbo=0","2500000","6.8.0-139-generic","powercap, 1 package, domains: pkg core gpu/uncore dram"
2026-10-06T11:26:14Z,4C4AE4DF5054D19B,18.6,"user01","Intel(R) Core(TM) i5-8350U CPU @ 1.70GHz","1","0xec","Dell Inc.","1.24.1","01/24/2022","Latitude 7490","intel_pstate","performance","no_turbo=0","2500000","6.8.0-139-generic","powercap, 1 package, domains: pkg core gpu/uncore dram"
2026-10-06T11:26:56Z,23A85040EC502E73,18.6,"user01","Intel(R) Core(TM) i5-8350U CPU @ 1.70GHz","1","0xec","Dell Inc.","1.24.1","01/24/2022","Latitude 7490","intel_pstate","performance","no_turbo=0","2500000","6.8.0-139-generic","powercap, 1 package, domains: pkg core gpu/uncore dram"
2026-10-06T11:27:30Z,4FAB7BD72F63AD83,18.6,"user01","Intel(R) Core(TM) i5-8350U CPU @ 1.70GHz","1","0xec","Dell Inc.","1.24.1","01/24/2022","Latitude 7490","intel_pstate","performance","no_turbo=0","2500000","6.8.0-139-generic","powercap, 1 package, domains: pkg core gpu/uncore dram"
2026-10-06T11:28:53Z,0D4B9C274CC7B892,18.6,"user01","Intel(R) Core(TM) i5-8350U CPU @ 1.70GHz","1","0xec","Dell Inc.","1.24.1","01/24/2022","Latitude 7490","intel_pstate","performance","no_turbo=0","2500000","6.8.0-139-generic","powercap, 1 package, domains: pkg core gpu/uncore dram"
2026-10-06T11:29:59Z,92944959361D64F3,18.6,"user01","Intel(R) Core(TM) i5-8350U CPU @ 1.70GHz","1","0xec","Dell Inc.","1.24.1","01/24/2022","Latitude 7490","intel_pstate","performance","no_turbo=0","2500000","6.8.0-139-generic","powercap, 1 package, domains: pkg core gpu/uncore dram"
2026-10-06T11:31:16Z,9132CD4FDA94A206,18.6,"user01","Intel(R) Core(TM) i5-8350U CPU @ 1.70GHz","1","0xec","Dell Inc.","1.24.1","01/24/2022","Latitude 7490","intel_pstate","performance","no_turbo=0","2500000","6.8.0-139-generic","powercap, 1 package, domains: pkg core gpu/uncore dram"
2026-10-06T11:32:30Z,9C7287E3A5AC8377,18.6,"user01","Intel(R) Core(TM) i5-8350U CPU @ 1.70GHz","1","0xec","Dell Inc.","1.24.1","01/24/2022","Latitude 7490","intel_pstate","performance","no_turbo=0","2500000","6.8.0-139-generic","powercap, 1 package, domains: pkg core gpu/uncore dram"
2026-10-06T11:33:39Z,C7EC8E1603CDD875,18.6,"user01","Intel(R) Core(TM) i5-8350U CPU @ 1.70GHz","1","0xec","Dell Inc.","1.24.1","01/24/2022","Latitude 7490","intel_pstate","performance","no_turbo=0","2500000","6.8.0-139-generic","powercap, 1 package, domains: pkg core gpu/uncore dram"
2026-10-06T11:34:18Z,6FD92624196AD74B,18.6,"user01","Intel(R) Core(TM) i5-8350U CPU @ 1.70GHz","1","0xec","Dell Inc.","1.24.1","01/24/2022","Latitude 7490","intel_pstate","performance","no_turbo=0","2500000","6.8.0-139-generic","powercap, 1 package, domains: pkg core gpu/uncore dram"
2026-10-06T11:34:55Z,1D96FA992C61FF91,18.6,"user01","Intel(R) Core(TM) i5-8350U CPU @ 1.70GHz","1","0xec","Dell Inc.","1.24.1","01/24/2022","Latitude 7490","intel_pstate","performance","no_turbo=0","2500000","6.8.0-139-generic","powercap, 1 package, domains: pkg core gpu/uncore dram"
2026-10-06T11:35:47Z,36D365B550CCAF76,18.6,"user01","Intel(R) Core(TM) i5-8350U CPU @ 1.70GHz","1","0xec","Dell Inc.","1.24.1","01/24/2022","Latitude 7490","intel_pstate","performance","no_turbo=0","2500000","6.8.0-139-generic","powercap, 1 package, domains: pkg core gpu/uncore dram"
2026-10-06T11:37:10Z,2407D405B8C24045,18.6,"user01","Intel(R) Core(TM) i5-8350U CPU @ 1.70GHz","1","0xec","Dell Inc.","1.24.1","01/24/2022","Latitude 7490","intel_pstate","performance","no_turbo=0","2500000","6.8.0-139-generic","powercap, 1 package, domains: pkg core gpu/uncore dram"
2026-10-06T11:37:45Z,28C31C40BFD49287,18.6,"user01","Intel(R) Core(TM) i5-8350U CPU @ 1.70GHz","1","0xec","Dell Inc.","1.24.1","01/24/2022","Latitude 7490","intel_pstate","performance","no_turbo=0","2500000","6.8.0-139-generic","powercap, 1 package, domains: pkg core gpu/uncore dram"
2026-10-06T11:40:21Z,E333275A66F157DC,18.6,"user01","Intel(R) Core(TM) i5-8350U CPU @ 1.70GHz","1","0xec","Dell Inc.","1.24.1","01/24/2022","Latitude 7490","intel_pstate","performance","no_turbo=0","2500000","6.8.0-139-generic","powercap, 1 package, domains: pkg core gpu/uncore dram"
2026-10-06T11:40:59Z,A3B99398CB8B2A57,18.6,"user01","Intel(R) Core(TM) i5-8350U CPU @ 1.70GHz","1","0xec","Dell Inc.","1.24.1","01/24/2022","Latitude 7490","intel_pstate","performance","no_turbo=0","2500000","6.8.0-139-generic","powercap, 1 package, domains: pkg core gpu/uncore dram"
2026-10-06T11:41:37Z,9F00A16A28FEDA9A,18.6,"user01","Intel(R) Core(TM) i5-8350U CPU @ 1.70GHz","1","0xec","Dell Inc.","1.24.1","01/24/2022","Latitude 7490","intel_pstate","performance","no_turbo=0","2500000","6.8.0-139-generic","powercap, 1 package, domains: pkg core gpu/uncore dram"
2026-10-06T11:42:51Z,6D6A006E8022225D,18.6,"user01","Intel(R) Core(TM) i5-8350U CPU @ 1.70GHz","1","0xec","Dell Inc.","1.24.1","01/24/2022","Latitude 7490","intel_pstate","performance","no_turbo=0","2500000","6.8.0-139-generic","powercap, 1 package, domains: pkg core gpu/uncore dram"
2026-10-06T11:46:02Z,2685D088E55798CA,18.6,"user01","Intel(R) Core(TM) i5-8350U CPU @ 1.70GHz","1","0xec","Dell Inc.","1.24.1","01/24/2022","Latitude 7490","intel_pstate","performance","no_turbo=0","2500000","6.8.0-139-generic","powercap, 1 package, domains: pkg core gpu/uncore dram"
2026-10-06T11:48:06Z,A80D0D40DA665B26,18.6,"user01","Intel(R) Core(TM) i5-8350U CPU @ 1.70GHz","1","0xec","Dell Inc.","1.24.1","01/24/2022","Latitude 7490","intel_pstate","performance","no_turbo=0","2500000","6.8.0-139-generic","powercap, 1 package, domains: pkg core gpu/uncore dram"
2026-10-06T11:48:57Z,AD37058291D48CC8,18.6,"user01","Intel(R) Core(TM) i5-8350U CPU @ 1.70GHz","1","0xec","Dell Inc.","1.24.1","01/24/2022","Latitude 7490","intel_pstate","performance","no_turbo=0","2500000","6.8.0-139-generic","powercap, 1 package, domains: pkg core gpu/uncore dram"
2026-10-06T11:49:49Z,4F3B30B4BD7812FA,18.6,"user01","Intel(R) Core(TM) i5-8350U CPU @ 1.70GHz","1","0xec","Dell Inc.","1.24.1","01/24/2022","Latitude 7490","intel_pstate","performance","no_turbo=0","2500000","6.8.0-139-generic","powercap, 1 package, domains: pkg core gpu/uncore dram"
2026-10-06T11:50:34Z,E259FDCD57374D31,18.6,"user01","Intel(R) Core(TM) i5-8350U CPU @ 1.70GHz","1","0xec","Dell Inc.","1.24.1","01/24/2022","Latitude 7490","intel_pstate","performance","no_turbo=0","2500000","6.8.0-139-generic","powercap, 1 package, domains: pkg core gpu/uncore dram"
2026-10-06T11:51:25Z,D64F7D56BBDAF96D,18.6,"user01","Intel(R) Core(TM) i5-8350U CPU @ 1.70GHz","1","0xec","Dell Inc.","1.24.1","01/24/2022","Latitude 7490","intel_pstate","performance","no_turbo=0","2500000","6.8.0-139-generic","powercap, 1 package, domains: pkg core gpu/uncore dram"
2026-10-06T11:52:22Z,07B75E6C30771D1A,18.6,"user01","Intel(R) Core(TM) i5-8350U CPU @ 1.70GHz","1","0xec","Dell Inc.","1.24.1","01/24/2022","Latitude 7490","intel_pstate","performance","no_turbo=0","2500000","6.8.0-139-generic","powercap, 1 package, domains: pkg core gpu/uncore dram"
2026-10-06T11:53:43Z,6841287167E21B61,18.6,"user01","Intel(R) Core(TM) i5-8350U CPU @ 1.70GHz","1","0xec","Dell Inc.","1.24.1","01/24/2022","Latitude 7490","intel_pstate","performance","no_turbo=0","2500000","6.8.0-139-generic","powercap, 1 package, domains: pkg core gpu/uncore dram"
2026-10-06T11:54:21Z,0AADF43CBB3180BC,18.6,"user01","Intel(R) Core(TM) i5-8350U CPU @ 1.70GHz","1","0xec","Dell Inc.","1.24.1","01/24/2022","Latitude 7490","intel_pstate","performance","no_turbo=0","2500000","6.8.0-139-generic","powercap, 1 package, domains: pkg core gpu/uncore dram"
2026-10-06T11:55:12Z,440C11CB4DC44167,18.6,"user01","Intel(R) Core(TM) i5-8350U CPU @ 1.70GHz","1","0xec","Dell Inc.","1.24.1","01/24/2022","Latitude 7490","intel_pstate","performance","no_turbo=0","2500000","6.8.0-139-generic","powercap, 1 package, domains: pkg core gpu/uncore dram"
2026-10-06T11:55:49Z,79C978BD9795CCED,18.6,"user01","Intel(R) Core(TM) i5-8350U CPU @ 1.70GHz","1","0xec","Dell Inc.","1.24.1","01/24/2022","Latitude 7490","intel_pstate","performance","no_turbo=0","2500000","6.8.0-139-generic","powercap, 1 package, domains: pkg core gpu/uncore dram"
2026-10-06T11:56:58Z,18E1B37BDFA00110,18.6,"user01","Intel(R) Core(TM) i5-8350U CPU @ 1.70GHz","1","0xec","Dell Inc.","1.24.1","01/24/2022","Latitude 7490","intel_pstate","performance","no_turbo=0","2500000","6.8.0-139-generic","powercap, 1 package, domains: pkg core gpu/uncore dram"
2026-10-06T11:57:51Z,B78931F67CDF5EBF,18.6,"user01","Intel(R) Core(TM) i5-8350U CPU @ 1.70GHz","1","0xec","Dell Inc.","1.24.1","01/24/2022","Latitude 7490","intel_pstate","performance","no_turbo=0","2500000","6.8.0-139-generic","powercap, 1 package, domains: pkg core gpu/uncore dram"
2026-10-06T11:59:09Z,1C33DDE7B6F20E5A,18.6,"user01","Intel(R) Core(TM) i5-8350U CPU @ 1.70GHz","1","0xec","Dell Inc.","1.24.1","01/24/2022","Latitude 7490","intel_pstate","performance","no_turbo=0","2500000","6.8.0-139-generic","powercap, 1 package, domains: pkg core gpu/uncore dram"
2026-10-06T11:59:48Z,5C7E8C7005061E69,18.6,"user01","Intel(R) Core(TM) i5-8350U CPU @ 1.70GHz","1","0xec","Dell Inc.","1.24.1","01/24/2022","Latitude 7490","intel_pstate","performance","no_turbo=0","2500000","6.8.0-139-generic","powercap, 1 package, domains: pkg core gpu/uncore dram"
2026-10-06T12:00:32Z,DFED501128D485DC,18.6,"user01","Intel(R) Core(TM) i5-8350U CPU @ 1.70GHz","1","0xec","Dell Inc.","1.24.1","01/24/2022","Latitude 7490","intel_pstate","performance","no_turbo=0","2500000","6.8.0-139-generic","powercap, 1 package, domains: pkg core gpu/uncore dram"
2026-10-06T12:01:37Z,1F278EB70A5BA8A8,18.6,"user01","Intel(R) Core(TM) i5-8350U CPU @ 1.70GHz","1","0xec","Dell Inc.","1.24.1","01/24/2022","Latitude 7490","intel_pstate","performance","no_turbo=0","2500000","6.8.0-139-generic","powercap, 1 package, domains: pkg core gpu/uncore dram"
2026-10-06T12:02:20Z,C4CC9F2989FD3502,18.6,"user01","Intel(R) Core(TM) i5-8350U CPU @ 1.70GHz","1","0xec","Dell Inc.","1.24.1","01/24/2022","Latitude 7490","intel_pstate","performance","no_turbo=0","2500000","6.8.0-139-generic","powercap, 1 package, domains: pkg core gpu/uncore dram"
2026-10-06T12:02:56Z,5221B58DB3ED2BB1,18.6,"user01","Intel(R) Core(TM) i5-8350U CPU @ 1.70GHz","1","0xec","Dell Inc.","1.24.1","01/24/2022","Latitude 7490","intel_pstate","performance","no_turbo=0","2500000","6.8.0-139-generic","powercap, 1 package, domains: pkg core gpu/uncore dram"
2026-10-06T12:03:45Z,C89D640A0904A26E,18.6,"user01","Intel(R) Core(TM) i5-8350U CPU @ 1.70GHz","1","0xec","Dell Inc.","1.24.1","01/24/2022","Latitude 7490","intel_pstate","performance","no_turbo=0","2500000","6.8.0-139-generic","powercap, 1 package, domains: pkg core gpu/uncore dram"
2026-10-06T12:04:19Z,FDF03A2DE740915F,18.6,"user01","Intel(R) Core(TM) i5-8350U CPU @ 1.70GHz","1","0xec","Dell Inc.","1.24.1","01/24/2022","Latitude 7490","intel_pstate","performance","no_turbo=0","2500000","6.8.0-139-generic","powercap, 1 package, domains: pkg core gpu/uncore dram"
2026-10-06T12:05:08Z,EAAB684AC3174BE2,18.6,"user01","Intel(R) Core(TM) i5-8350U CPU @ 1.70GHz","1","0xec","Dell Inc.","1.24.1","01/24/2022","Latitude 7490","intel_pstate","performance","no_turbo=0","2500000","6.8.0-139-generic","powercap, 1 package, domains: pkg core gpu/uncore dram"
2026-10-06T12:05:46Z,6966B858809FC248,18.6,"user01","Intel(R) Core(TM) i5-8350U CPU @ 1.70GHz","1","0xec","Dell Inc.","1.24.1","01/24/2022","Latitude 7490","intel_pstate","performance","no_turbo=0","2500000","6.8.0-139-generic","powercap, 1 package, domains: pkg core gpu/uncore dram"
2026-10-06T12:06:53Z,7AEC1A77017E5CAC,18.6,"user01","Intel(R) Core(TM) i5-8350U CPU @ 1.70GHz","1","0xec","Dell Inc.","1.24.1","01/24/2022","Latitude 7490","intel_pstate","performance","no_turbo=0","2500000","6.8.0-139-generic","powercap, 1 package, domains: pkg core gpu/uncore dram"
2026-10-06T12:08:07Z,26C597F94FE65A2A,18.6,"user01","Intel(R) Core(TM) i5-8350U CPU @ 1.70GHz","1","0xec","Dell Inc.","1.24.1","01/24/2022","Latitude 7490","intel_pstate","performance","no_turbo=0","2500000","6.8.0-139-generic","powercap, 1 package, domains: pkg core gpu/uncore dram"
2026-10-06T12:08:41Z,D331B440950CB99D,18.6,"user01","Intel(R) Core(TM) i5-8350U CPU @ 1.70GHz","1","0xec","Dell Inc.","1.24.1","01/24/2022","Latitude 7490","intel_pstate","performance","no_turbo=0","2500000","6.8.0-139-generic","powercap, 1 package, domains: pkg core gpu/uncore dram"
2026-10-06T12:09:45Z,FFD6BD19817AB06F,18.6,"user01","Intel(R) Core(TM) i5-8350U CPU @ 1.70GHz","1","0xec","Dell Inc.","1.24.1","01/24/2022","Latitude 7490","intel_pstate","performance","no_turbo=0","2500000","6.8.0-139-generic","powercap, 1 package, domains: pkg core gpu/uncore dram"
2026-10-06T12:10:55Z,66C2579D3C0D9DCD,18.6,"user01","Intel(R) Core(TM) i5-8350U CPU @ 1.70GHz","1","0xec","Dell Inc.","1.24.1","01/24/2022","Latitude 7490","intel_pstate","performance","no_turbo=0","2500000","6.8.0-139-generic","powercap, 1 package, domains: pkg core gpu/uncore dram"
2026-10-06T12:11:26Z,4D16725A3E9C7343,18.6,"user01","Intel(R) Core(TM) i5-8350U CPU @ 1.70GHz","1","0xec","Dell Inc.","1.24.1","01/24/2022","Latitude 7490","intel_pstate","performance","no_turbo=0","2500000","6.8.0-139-generic","powercap, 1 package, domains: pkg core gpu/uncore dram"
2026-10-06T12:12:17Z,E27D0640FFFC6A0B,18.6,"user01","Intel(R) Core(TM) i5-8350U CPU @ 1.70GHz","1","0xec","Dell Inc.","1.24.1","01/24/2022","Latitude 7490","intel_pstate","performance","no_turbo=0","2500000","6.8.0-139-generic","powercap, 1 package, domains: pkg core gpu/uncore dram"
2026-10-06T12:12:59Z,70232DF548965370,18.6,"user01","Intel(R) Core(TM) i5-8350U CPU @ 1.70GHz","1","0xec","Dell Inc.","1.24.1","01/24/2022","Latitude 7490","intel_pstate","performance","no_turbo=0","2500000","6.8.0-139-generic","powercap, 1 package, domains: pkg core gpu/uncore dram"
2026-10-06T12:13:44Z,D20936BD524D55ED,18.6,"user01","Intel(R) Core(TM) i5-8350U CPU @ 1.70GHz","1","0xec","Dell Inc.","1.24.1","01/24/2022","Latitude 7490","intel_pstate","performance","no_turbo=0","2500000","6.8.0-139-generic","powercap, 1 package, domains: pkg core gpu/uncore dram"
2026-10-06T12:15:02Z,0D0E18C0A2012485,18.6,"user01","Intel(R) Core(TM) i5-8350U CPU @ 1.70GHz","1","0xec","Dell Inc.","1.24.1","01/24/2022","Latitude 7490","intel_pstate","performance","no_turbo=0","2500000","6.8.0-139-generic","powercap, 1 package, domains: pkg core gpu/uncore dram"
2026-10-06T12:15:41Z,504B455007EC7D97,18.6,"user01","Intel(R) Core(TM) i5-8350U CPU @ 1.70GHz","1","0xec","Dell Inc.","1.24.1","01/24/2022","Latitude 7490","intel_pstate","performance","no_turbo=0","2500000","6.8.0-139-generic","powercap, 1 package, domains: pkg core gpu/uncore dram"
2026-10-06T12:16:21Z,3DE45AE127497D1A,18.6,"user01","Intel(R) Core(TM) i5-8350U CPU @ 1.70GHz","1","0xec","Dell Inc.","1.24.1","01/24/2022","Latitude 7490","intel_pstate","performance","no_turbo=0","2500000","6.8.0-139-generic","powercap, 1 package, domains: pkg core gpu/uncore dram"
2026-10-06T12:17:38Z,B485AA973398C7B3,18.6,"user01","Intel(R) Core(TM) i5-8350U CPU @ 1.70GHz","1","0xec","Dell Inc.","1.24.1","01/24/2022","Latitude 7490","intel_pstate","performance","no_turbo=0","2500000","6.8.0-139-generic","powercap, 1 package, domains: pkg core gpu/uncore dram"
2026-10-06T12:18:15Z,0B9AD941673E8122,18.6,"user01","Intel(R) Core(TM) i5-8350U CPU @ 1.70GHz","1","0xec","Dell Inc.","1.24.1","01/24/2022","Latitude 7490","intel_pstate","performance","no_turbo=0","2500000","6.8.0-139-generic","powercap, 1 package, domains: pkg core gpu/uncore dram"
2026-10-06T12:18:50Z,20AC607E7191415B,18.6,"user01","Intel(R) Core(TM) i5-8350U CPU @ 1.70GHz","1","0xec","Dell Inc.","1.24.1","01/24/2022","Latitude 7490","intel_pstate","performance","no_turbo=0","2500000","6.8.0-139-generic","powercap, 1 package, domains: pkg core gpu/uncore dram"
2026-10-06T12:19:24Z,4105CAD5F0744969,18.6,"user01","Intel(R) Core(TM) i5-8350U CPU @ 1.70GHz","1","0xec","Dell Inc.","1.24.1","01/24/2022","Latitude 7490","intel_pstate","performance","no_turbo=0","2500000","6.8.0-139-generic","powercap, 1 package, domains: pkg core gpu/uncore dram"
2026-10-06T12:20:02Z,E06CF299804990DA,18.6,"user01","Intel(R) Core(TM) i5-8350U CPU @ 1.70GHz","1","0xec","Dell Inc.","1.24.1","01/24/2022","Latitude 7490","intel_pstate","performance","no_turbo=0","2500000","6.8.0-139-generic","powercap, 1 package, domains: pkg core gpu/uncore dram"
2026-10-06T12:21:20Z,356A9E62972A97E5,18.6,"user01","Intel(R) Core(TM) i5-8350U CPU @ 1.70GHz","1","0xec","Dell Inc.","1.24.1","01/24/2022","Latitude 7490","intel_pstate","performance","no_turbo=0","2500000","6.8.0-139-generic","powercap, 1 package, domains: pkg core gpu/uncore dram"
2026-10-06T12:22:03Z,4EE696488407EA34,18.6,"user01","Intel(R) Core(TM) i5-8350U CPU @ 1.70GHz","1","0xec","Dell Inc.","1.24.1","01/24/2022","Latitude 7490","intel_pstate","performance","no_turbo=0","2500000","6.8.0-139-generic","powercap, 1 package, domains: pkg core gpu/uncore dram"
2026-10-06T12:22:51Z,BB39ECA719779443,18.6,"user01","Intel(R) Core(TM) i5-8350U CPU @ 1.70GHz","1","0xec","Dell Inc.","1.24.1","01/24/2022","Latitude 7490","intel_pstate","performance","no_turbo=0","2500000","6.8.0-139-generic","powercap, 1 package, domains: pkg core gpu/uncore dram"
2026-10-06T12:23:33Z,DA177AA3E4F17513,18.6,"user01","Intel(R) Core(TM) i5-8350U CPU @ 1.70GHz","1","0xec","Dell Inc.","1.24.1","01/24/2022","Latitude 7490","intel_pstate","performance","no_turbo=0","2500000","6.8.0-139-generic","powercap, 1 package, domains: pkg core gpu/uncore dram"
2026-10-06T12:24:09Z,759DB5FB17C2F714,18.6,"user01","Intel(R) Core(TM) i5-8350U CPU @ 1.70GHz","1","0xec","Dell Inc.","1.24.1","01/24/2022","Latitude 7490","intel_pstate","performance","no_turbo=0","2500000","6.8.0-139-generic","powercap, 1 package, domains: pkg core gpu/uncore dram"
2026-10-06T12:25:27Z,87F7E2575BC6B815,18.6,"user01","Intel(R) Core(TM) i5-8350U CPU @ 1.70GHz","1","0xec","Dell Inc.","1.24.1","01/24/2022","Latitude 7490","intel_pstate","performance","no_turbo=0","2500000","6.8.0-139-generic","powercap, 1 package, domains: pkg core gpu/uncore dram"
2026-10-06T12:26:03Z,E4AE8D3E4482650C,18.6,"user01","Intel(R) Core(TM) i5-8350U CPU @ 1.70GHz","1","0xec","Dell Inc.","1.24.1","01/24/2022","Latitude 7490","intel_pstate","performance","no_turbo=0","2500000","6.8.0-139-generic","powercap, 1 package, domains: pkg core gpu/uncore dram"
2026-10-06T12:26:55Z,C0E17C8DDB91A242,18.6,"user01","Intel(R) Core(TM) i5-8350U CPU @ 1.70GHz","1","0xec","Dell Inc.","1.24.1","01/24/2022","Latitude 7490","intel_pstate","performance","no_turbo=0","2500000","6.8.0-139-generic","powercap, 1 package, domains: pkg core gpu/uncore dram"
2026-10-06T12:27:30Z,BF5E6B0D1338D8D2,18.6,"user01","Intel(R) Core(TM) i5-8350U CPU @ 1.70GHz","1","0xec","Dell Inc.","1.24.1","01/24/2022","Latitude 7490","intel_pstate","performance","no_turbo=0","2500000","6.8.0-139-generic","powercap, 1 package, domains: pkg core gpu/uncore dram"
2026-10-06T12:28:06Z,2A4E7F3397636F2D,18.6,"user01","Intel(R) Core(TM) i5-8350U CPU @ 1.70GHz","1","0xec","Dell Inc.","1.24.1","01/24/2022","Latitude 7490","intel_pstate","performance","no_turbo=0","2500000","6.8.0-139-generic","powercap, 1 package, domains: pkg core gpu/uncore dram"
2026-10-06T12:29:33Z,5D9C1A57D5C86355,18.6,"user01","Intel(R) Core(TM) i5-8350U CPU @ 1.70GHz","1","0xec","Dell Inc.","1.24.1","01/24/2022","Latitude 7490","intel_pstate","performance","no_turbo=0","2500000","6.8.0-139-generic","powercap, 1 package, domains: pkg core gpu/uncore dram"
2026-10-06T12:30:11Z,B0F27192BBA2FEED,18.6,"user01","Intel(R) Core(TM) i5-8350U CPU @ 1.70GHz","1","0xec","Dell Inc.","1.24.1","01/24/2022","Latitude 7490","intel_pstate","performance","no_turbo=0","2500000","6.8.0-139-generic","powercap, 1 package, domains: pkg core gpu/uncore dram"
2026-10-06T12:30:55Z,70B483BC3E644242,18.6,"user01","Intel(R) Core(TM) i5-8350U CPU @ 1.70GHz","1","0xec","Dell Inc.","1.24.1","01/24/2022","Latitude 7490","intel_pstate","performance","no_turbo=0","2500000","6.8.0-139-generic","powercap, 1 package, domains: pkg core gpu/uncore dram"
2026-10-06T12:31:35Z,0F709438F5F1CCF8,18.6,"user01","Intel(R) Core(TM) i5-8350U CPU @ 1.70GHz","1","0xec","Dell Inc.","1.24.1","01/24/2022","Latitude 7490","intel_pstate","performance","no_turbo=0","2500000","6.8.0-139-generic","powercap, 1 package, domains: pkg core gpu/uncore dram"
2026-10-06T12:32:31Z,4F2BD6EE5FB220F4,18.6,"user01","Intel(R) Core(TM) i5-8350U CPU @ 1.70GHz","1","0xec","Dell Inc.","1.24.1","01/24/2022","Latitude 7490","intel_pstate","performance","no_turbo=0","2500000","6.8.0-139-generic","powercap, 1 package, domains: pkg core gpu/uncore dram"
2026-10-06T12:33:22Z,8DDAE74E422DF9AD,18.6,"user01","Intel(R) Core(TM) i5-8350U CPU @ 1.70GHz","1","0xec","Dell Inc.","1.24.1","01/24/2022","Latitude 7490","intel_pstate","performance","no_turbo=0","2500000","6.8.0-139-generic","powercap, 1 package, domains: pkg core gpu/uncore dram"
2026-10-06T12:34:12Z,28AE0833962CC442,18.6,"user01","Intel(R) Core(TM) i5-8350U CPU @ 1.70GHz","1","0xec","Dell Inc.","1.24.1","01/24/2022","Latitude 7490","intel_pstate","performance","no_turbo=0","2500000","6.8.0-139-generic","powercap, 1 package, domains: pkg core gpu/uncore dram"
2026-10-06T12:35:30Z,062D5C97227A80CB,18.6,"user01","Intel(R) Core(TM) i5-8350U CPU @ 1.70GHz","1","0xec","Dell Inc.","1.24.1","01/24/2022","Latitude 7490","intel_pstate","performance","no_turbo=0","2500000","6.8.0-139-generic","powercap, 1 package, domains: pkg core gpu/uncore dram"
2026-10-06T12:36:12Z,40000948BE46B610,18.6,"user01","Intel(R) Core(TM) i5-8350U CPU @ 1.70GHz","1","0xec","Dell Inc.","1.24.1","01/24/2022","Latitude 7490","intel_pstate","performance","no_turbo=0","2500000","6.8.0-139-generic","powercap, 1 package, domains: pkg core gpu/uncore dram"
2026-10-06T12:37:41Z,5CCF742A61B7DF46,18.6,"user01","Intel(R) Core(TM) i5-8350U CPU @ 1.70GHz","1","0xec","Dell Inc.","1.24.1","01/24/2022","Latitude 7490","intel_pstate","performance","no_turbo=0","2500000","6.8.0-139-generic","powercap, 1 package, domains: pkg core gpu/uncore dram"
2026-10-06T12:39:10Z,40BE7590C0335FD4,18.6,"user01","Intel(R) Core(TM) i5-8350U CPU @ 1.70GHz","1","0xec","Dell Inc.","1.24.1","01/24/2022","Latitude 7490","intel_pstate","performance","no_turbo=0","2500000","6.8.0-139-generic","powercap, 1 package, domains: pkg core gpu/uncore dram"
2026-10-06T12:40:19Z,AB60BC4054B527AA,18.6,"user01","Intel(R) Core(TM) i5-8350U CPU @ 1.70GHz","1","0xec","Dell Inc.","1.24.1","01/24/2022","Latitude 7490","intel_pstate","performance","no_turbo=0","2500000","6.8.0-139-generic","powercap, 1 package, domains: pkg core gpu/uncore dram"
2026-10-06T12:41:22Z,F3946ACF02B0EC27,18.6,"user01","Intel(R) Core(TM) i5-8350U CPU @ 1.70GHz","1","0xec","Dell Inc.","1.24.1","01/24/2022","Latitude 7490","intel_pstate","performance","no_turbo=0","2500000","6.8.0-139-generic","powercap, 1 package, domains: pkg core gpu/uncore dram"
2026-10-06T12:42:03Z,C984999AEB40B726,18.6,"user01","Intel(R) Core(TM) i5-8350U CPU @ 1.70GHz","1","0xec","Dell Inc.","1.24.1","01/24/2022","Latitude 7490","intel_pstate","performance","no_turbo=0","2500000","6.8.0-139-generic","powercap, 1 package, domains: pkg core gpu/uncore dram"
2026-10-06T12:43:23Z,37AF39661AC8532B,18.6,"user01","Intel(R) Core(TM) i5-8350U CPU @ 1.70GHz","1","0xec","Dell Inc.","1.24.1","01/24/2022","Latitude 7490","intel_pstate","performance","no_turbo=0","2500000","6.8.0-139-generic","powercap, 1 package, domains: pkg core gpu/uncore dram"
2026-10-06T12:44:01Z,46AAF0BA3603DB3E,18.6,"user01","Intel(R) Core(TM) i5-8350U CPU @ 1.70GHz","1","0xec","Dell Inc.","1.24.1","01/24/2022","Latitude 7490","intel_pstate","performance","no_turbo=0","2500000","6.8.0-139-generic","powercap, 1 package, domains: pkg core gpu/uncore dram"
2026-10-06T12:44:53Z,D34E3AFF58BCEC36,18.6,"user01","Intel(R) Core(TM) i5-8350U CPU @ 1.70GHz","1","0xec","Dell Inc.","1.24.1","01/24/2022","Latitude 7490","intel_pstate","performance","no_turbo=0","2500000","6.8.0-139-generic","powercap, 1 package, domains: pkg core gpu/uncore dram"
2026-10-06T12:46:33Z,8D1EFEAF1A1358B3,18.6,"user01","Intel(R) Core(TM) i5-8350U CPU @ 1.70GHz","1","0xec","Dell Inc.","1.24.1","01/24/2022","Latitude 7490","intel_pstate","performance","no_turbo=0","2500000","6.8.0-139-generic","powercap, 1 package, domains: pkg core gpu/uncore dram"
2026-10-06T12:47:10Z,A41E332D8D001067,18.6,"user01","Intel(R) Core(TM) i5-8350U CPU @ 1.70GHz","1","0xec","Dell Inc.","1.24.1","01/24/2022","Latitude 7490","intel_pstate","performance","no_turbo=0","2500000","6.8.0-139-generic","powercap, 1 package, domains: pkg core gpu/uncore dram"
2026-10-06T12:48:56Z,9D586142D8EA14AF,18.6,"user01","Intel(R) Core(TM) i5-8350U CPU @ 1.70GHz","1","0xec","Dell Inc.","1.24.1","01/24/2022","Latitude 7490","intel_pstate","performance","no_turbo=0","2500000","6.8.0-139-generic","powercap, 1 package, domains: pkg core gpu/uncore dram"
2026-10-06T12:49:36Z,8320A6ABAE5DBB29,18.6,"user01","Intel(R) Core(TM) i5-8350U CPU @ 1.70GHz","1","0xec","Dell Inc.","1.24.1","01/24/2022","Latitude 7490","intel_pstate","performance","no_turbo=0","2500000","6.8.0-139-generic","powercap, 1 package, domains: pkg core gpu/uncore dram"
2026-10-06T12:51:01Z,585C478622DB997B,18.6,"user01","Intel(R) Core(TM) i5-8350U CPU @ 1.70GHz","1","0xec","Dell Inc.","1.24.1","01/24/2022","Latitude 7490","intel_pstate","performance","no_turbo=0","2500000","6.8.0-139-generic","powercap, 1 package, domains: pkg core gpu/uncore dram"
2026-10-06T12:52:22Z,5F5685B7C33C488F,18.6,"user01","Intel(R) Core(TM) i5-8350U CPU @ 1.70GHz","1","0xec","Dell Inc.","1.24.1","01/24/2022","Latitude 7490","intel_pstate","performance","no_turbo=0","2500000","6.8.0-139-generic","powercap, 1 package, domains: pkg core gpu/uncore dram"
2026-10-06T12:53:31Z,4813D4BBA3F04430,18.6,"user01","Intel(R) Core(TM) i5-8350U CPU @ 1.70GHz","1","0xec","Dell Inc.","1.24.1","01/24/2022","Latitude 7490","intel_pstate","performance","no_turbo=0","2500000","6.8.0-139-generic","powercap, 1 package, domains: pkg core gpu/uncore dram"
2026-10-06T12:54:09Z,447EF1820011631E,18.6,"user01","Intel(R) Core(TM) i5-8350U CPU @ 1.70GHz","1","0xec","Dell Inc.","1.24.1","01/24/2022","Latitude 7490","intel_pstate","performance","no_turbo=0","2500000","6.8.0-139-generic","powercap, 1 package, domains: pkg core gpu/uncore dram"
2026-10-06T12:55:04Z,929DE1C30886B06C,18.6,"user01","Intel(R) Core(TM) i5-8350U CPU @ 1.70GHz","1","0xec","Dell Inc.","1.24.1","01/24/2022","Latitude 7490","intel_pstate","performance","no_turbo=0","2500000","6.8.0-139-generic","powercap, 1 package, domains: pkg core gpu/uncore dram"
2026-10-06T12:56:20Z,E16800E5B31D3E8F,18.6,"user01","Intel(R) Core(TM) i5-8350U CPU @ 1.70GHz","1","0xec","Dell Inc.","1.24.1","01/24/2022","Latitude 7490","intel_pstate","performance","no_turbo=0","2500000","6.8.0-139-generic","powercap, 1 package, domains: pkg core gpu/uncore dram"
2026-10-06T12:57:10Z,8E9E9B7A62A52E63,18.6,"user01","Intel(R) Core(TM) i5-8350U CPU @ 1.70GHz","1","0xec","Dell Inc.","1.24.1","01/24/2022","Latitude 7490","intel_pstate","performance","no_turbo=0","2500000","6.8.0-139-generic","powercap, 1 package, domains: pkg core gpu/uncore dram"
2026-10-06T12:58:01Z,A9E93BB967B25C5B,18.6,"user01","Intel(R) Core(TM) i5-8350U CPU @ 1.70GHz","1","0xec","Dell Inc.","1.24.1","01/24/2022","Latitude 7490","intel_pstate","performance","no_turbo=0","2500000","6.8.0-139-generic","powercap, 1 package, domains: pkg core gpu/uncore dram"
2026-10-06T12:58:56Z,EAF524208EA39741,18.6,"user01","Intel(R) Core(TM) i5-8350U CPU @ 1.70GHz","1","0xec","Dell Inc.","1.24.1","01/24/2022","Latitude 7490","intel_pstate","performance","no_turbo=0","2500000","6.8.0-139-generic","powercap, 1 package, domains: pkg core gpu/uncore dram"
2026-10-06T12:59:41Z,57CB4AB85B5FA08B,18.6,"user01","Intel(R) Core(TM) i5-8350U CPU @ 1.70GHz","1","0xec","Dell Inc.","1.24.1","01/24/2022","Latitude 7490","intel_pstate","performance","no_turbo=0","2500000","6.8.0-139-generic","powercap, 1 package, domains: pkg core gpu/uncore dram"
2026-10-06T13:00:23Z,7064B1ACB8C1E4A7,18.6,"user01","Intel(R) Core(TM) i5-8350U CPU @ 1.70GHz","1","0xec","Dell Inc.","1.24.1","01/24/2022","Latitude 7490","intel_pstate","performance","no_turbo=0","2500000","6.8.0-139-generic","powercap, 1 package, domains: pkg core gpu/uncore dram"
2026-10-06T13:00:58Z,23C2D896B443C6BB,18.6,"user01","Intel(R) Core(TM) i5-8350U CPU @ 1.70GHz","1","0xec","Dell Inc.","1.24.1","01/24/2022","Latitude 7490","intel_pstate","performance","no_turbo=0","2500000","6.8.0-139-generic","powercap, 1 package, domains: pkg core gpu/uncore dram"
2026-10-06T13:02:18Z,8B6B2C28CEA88752,18.6,"user01","Intel(R) Core(TM) i5-8350U CPU @ 1.70GHz","1","0xec","Dell Inc.","1.24.1","01/24/2022","Latitude 7490","intel_pstate","performance","no_turbo=0","2500000","6.8.0-139-generic","powercap, 1 package, domains: pkg core gpu/uncore dram"
2026-10-06T13:03:10Z,422E83771EF91794,18.6,"user01","Intel(R) Core(TM) i5-8350U CPU @ 1.70GHz","1","0xec","Dell Inc.","1.24.1","01/24/2022","Latitude 7490","intel_pstate","performance","no_turbo=0","2500000","6.8.0-139-generic","powercap, 1 package, domains: pkg core gpu/uncore dram"
2026-10-06T13:03:47Z,540BB94FCCDCACE7,18.6,"user01","Intel(R) Core(TM) i5-8350U CPU @ 1.70GHz","1","0xec","Dell Inc.","1.24.1","01/24/2022","Latitude 7490","intel_pstate","performance","no_turbo=0","2500000","6.8.0-139-generic","powercap, 1 package, domains: pkg core gpu/uncore dram"
2026-10-06T13:04:52Z,B1E0D1DBF8EC7260,18.6,"user01","Intel(R) Core(TM) i5-8350U CPU @ 1.70GHz","1","0xec","Dell Inc.","1.24.1","01/24/2022","Latitude 7490","intel_pstate","performance","no_turbo=0","2500000","6.8.0-139-generic","powercap, 1 package, domains: pkg core gpu/uncore dram"
2026-10-06T13:05:38Z,0BB9866143C4CE01,18.6,"user01","Intel(R) Core(TM) i5-8350U CPU @ 1.70GHz","1","0xec","Dell Inc.","1.24.1","01/24/2022","Latitude 7490","intel_pstate","performance","no_turbo=0","2500000","6.8.0-139-generic","powercap, 1 package, domains: pkg core gpu/uncore dram"
2026-10-06T13:07:08Z,6E746B9D2003A405,18.6,"user01","Intel(R) Core(TM) i5-8350U CPU @ 1.70GHz","1","0xec","Dell Inc.","1.24.1","01/24/2022","Latitude 7490","intel_pstate","performance","no_turbo=0","2500000","6.8.0-139-generic","powercap, 1 package, domains: pkg core gpu/uncore dram"
2026-10-06T13:07:46Z,6970D6C14BCB2BEA,18.6,"user01","Intel(R) Core(TM) i5-8350U CPU @ 1.70GHz","1","0xec","Dell Inc.","1.24.1","01/24/2022","Latitude 7490","intel_pstate","performance","no_turbo=0","2500000","6.8.0-139-generic","powercap, 1 package, domains: pkg core gpu/uncore dram"
2026-10-06T13:08:22Z,7E461FA4F0698189,18.6,"user01","Intel(R) Core(TM) i5-8350U CPU @ 1.70GHz","1","0xec","Dell Inc.","1.24.1","01/24/2022","Latitude 7490","intel_pstate","performance","no_turbo=0","2500000","6.8.0-139-generic","powercap, 1 package, domains: pkg core gpu/uncore dram"
2026-10-06T13:08:54Z,06B552E282F907B0,18.6,"user01","Intel(R) Core(TM) i5-8350U CPU @ 1.70GHz","1","0xec","Dell Inc.","1.24.1","01/24/2022","Latitude 7490","intel_pstate","performance","no_turbo=0","2500000","6.8.0-139-generic","powercap, 1 package, domains: pkg core gpu/uncore dram"
2026-10-06T13:10:09Z,8AEBC6FED97E5CA1,18.6,"user01","Intel(R) Core(TM) i5-8350U CPU @ 1.70GHz","1","0xec","Dell Inc.","1.24.1","01/24/2022","Latitude 7490","intel_pstate","performance","no_turbo=0","2500000","6.8.0-139-generic","powercap, 1 package, domains: pkg core gpu/uncore dram"
2026-10-06T13:11:29Z,5805C1FEA574A16C,18.6,"user01","Intel(R) Core(TM) i5-8350U CPU @ 1.70GHz","1","0xec","Dell Inc.","1.24.1","01/24/2022","Latitude 7490","intel_pstate","performance","no_turbo=0","2500000","6.8.0-139-generic","powercap, 1 package, domains: pkg core gpu/uncore dram"
2026-10-06T13:19:46Z,1075D7089137C9AB,18.6,"user01","Intel(R) Core(TM) i5-8350U CPU @ 1.70GHz","1","0xec","Dell Inc.","1.24.1","01/24/2022","Latitude 7490","intel_pstate","performance","no_turbo=0","2500000","6.8.0-139-generic","powercap, 1 package, domains: pkg core gpu/uncore dram"
2026-10-06T13:20:35Z,2F3EF78E99BF871D,18.6,"user01","Intel(R) Core(TM) i5-8350U CPU @ 1.70GHz","1","0xec","Dell Inc.","1.24.1","01/24/2022","Latitude 7490","intel_pstate","performance","no_turbo=0","2500000","6.8.0-139-generic","powercap, 1 package, domains: pkg core gpu/uncore dram"
2026-10-06T13:21:11Z,9317951EB6D357E9,18.6,"user01","Intel(R) Core(TM) i5-8350U CPU @ 1.70GHz","1","0xec","Dell Inc.","1.24.1","01/24/2022","Latitude 7490","intel_pstate","performance","no_turbo=0","2500000","6.8.0-139-generic","powercap, 1 package, domains: pkg core gpu/uncore dram"
2026-10-06T13:21:57Z,970756A0CD7AE7D4,18.6,"user01","Intel(R) Core(TM) i5-8350U CPU @ 1.70GHz","1","0xec","Dell Inc.","1.24.1","01/24/2022","Latitude 7490","intel_pstate","performance","no_turbo=0","2500000","6.8.0-139-generic","powercap, 1 package, domains: pkg core gpu/uncore dram"
2026-10-06T13:22:47Z,A1DC5C28E22903ED,18.6,"user01","Intel(R) Core(TM) i5-8350U CPU @ 1.70GHz","1","0xec","Dell Inc.","1.24.1","01/24/2022","Latitude 7490","intel_pstate","performance","no_turbo=0","2500000","6.8.0-139-generic","powercap, 1 package, domains: pkg core gpu/uncore dram"
2026-10-06T13:23:54Z,D6C912DE91DECA08,18.6,"user01","Intel(R) Core(TM) i5-8350U CPU @ 1.70GHz","1","0xec","Dell Inc.","1.24.1","01/24/2022","Latitude 7490","intel_pstate","performance","no_turbo=0","2500000","6.8.0-139-generic","powercap, 1 package, domains: pkg core gpu/uncore dram"
2026-10-06T13:25:17Z,77F8FBA2832CEAC8,18.6,"user01","Intel(R) Core(TM) i5-8350U CPU @ 1.70GHz","1","0xec","Dell Inc.","1.24.1","01/24/2022","Latitude 7490","intel_pstate","performance","no_turbo=0","2500000","6.8.0-139-generic","powercap, 1 package, domains: pkg core gpu/uncore dram"
2026-10-06T13:25:50Z,14665F96DDAD2C01,18.6,"user01","Intel(R) Core(TM) i5-8350U CPU @ 1.70GHz","1","0xec","Dell Inc.","1.24.1","01/24/2022","Latitude 7490","intel_pstate","performance","no_turbo=0","2500000","6.8.0-139-generic","powercap, 1 package, domains: pkg core gpu/uncore dram"
2026-10-06T13:26:31Z,B3CF03A527B7A50D,18.6,"user01","Intel(R) Core(TM) i5-8350U CPU @ 1.70GHz","1","0xec","Dell Inc.","1.24.1","01/24/2022","Latitude 7490","intel_pstate","performance","no_turbo=0","2500000","6.8.0-139-generic","powercap, 1 package, domains: pkg core gpu/uncore dram"
2026-10-06T13:27:12Z,08D1CD6C51FE6879,18.6,"user01","Intel(R) Core(TM) i5-8350U CPU @ 1.70GHz","1","0xec","Dell Inc.","1.24.1","01/24/2022","Latitude 7490","intel_pstate","performance","no_turbo=0","2500000","6.8.0-139-generic","powercap, 1 package, domains: pkg core gpu/uncore dram"
2026-10-06T13:28:36Z,652B5D122E043694,18.6,"user01","Intel(R) Core(TM) i5-8350U CPU @ 1.70GHz","1","0xec","Dell Inc.","1.24.1","01/24/2022","Latitude 7490","intel_pstate","performance","no_turbo=0","2500000","6.8.0-139-generic","powercap, 1 package, domains: pkg core gpu/uncore dram"
2026-10-06T13:29:12Z,86274C0655D7547E,18.6,"user01","Intel(R) Core(TM) i5-8350U CPU @ 1.70GHz","1","0xec","Dell Inc.","1.24.1","01/24/2022","Latitude 7490","intel_pstate","performance","no_turbo=0","2500000","6.8.0-139-generic","powercap, 1 package, domains: pkg core gpu/uncore dram"
2026-10-06T13:30:11Z,D1C1CD18F8EBC33B,18.6,"user01","Intel(R) Core(TM) i5-8350U CPU @ 1.70GHz","1","0xec","Dell Inc.","1.24.1","01/24/2022","Latitude 7490","intel_pstate","performance","no_turbo=0","2500000","6.8.0-139-generic","powercap, 1 package, domains: pkg core gpu/uncore dram"
2026-10-06T13:31:14Z,F068FC70694B23DB,18.6,"user01","Intel(R) Core(TM) i5-8350U CPU @ 1.70GHz","1","0xec","Dell Inc.","1.24.1","01/24/2022","Latitude 7490","intel_pstate","performance","no_turbo=0","2500000","6.8.0-139-generic","powercap, 1 package, domains: pkg core gpu/uncore dram"
2026-10-06T13:32:26Z,EDF32A811B27459A,18.6,"user01","Intel(R) Core(TM) i5-8350U CPU @ 1.70GHz","1","0xec","Dell Inc.","1.24.1","01/24/2022","Latitude 7490","intel_pstate","performance","no_turbo=0","2500000","6.8.0-139-generic","powercap, 1 package, domains: pkg core gpu/uncore dram"
2026-10-06T13:33:18Z,B2D325D17BA724BA,18.6,"user01","Intel(R) Core(TM) i5-8350U CPU @ 1.70GHz","1","0xec","Dell Inc.","1.24.1","01/24/2022","Latitude 7490","intel_pstate","performance","no_turbo=0","2500000","6.8.0-139-generic","powercap, 1 package, domains: pkg core gpu/uncore dram"
2026-10-06T13:34:26Z,5D9FA7887A01EEDA,18.6,"user01","Intel(R) Core(TM) i5-8350U CPU @ 1.70GHz","1","0xec","Dell Inc.","1.24.1","01/24/2022","Latitude 7490","intel_pstate","performance","no_turbo=0","2500000","6.8.0-139-generic","powercap, 1 package, domains: pkg core gpu/uncore dram"
2026-10-06T13:35:17Z,077320A25DB8C300,18.6,"user01","Intel(R) Core(TM) i5-8350U CPU @ 1.70GHz","1","0xec","Dell Inc.","1.24.1","01/24/2022","Latitude 7490","intel_pstate","performance","no_turbo=0","2500000","6.8.0-139-generic","powercap, 1 package, domains: pkg core gpu/uncore dram"
2026-10-06T13:36:36Z,616B66AA5270A86D,18.6,"user01","Intel(R) Core(TM) i5-8350U CPU @ 1.70GHz","1","0xec","Dell Inc.","1.24.1","01/24/2022","Latitude 7490","intel_pstate","performance","no_turbo=0","2500000","6.8.0-139-generic","powercap, 1 package, domains: pkg core gpu/uncore dram"
2026-10-06T13:37:04Z,48C0FA7AE7BCFA2C,18.6,"user01","Intel(R) Core(TM) i5-8350U CPU @ 1.70GHz","1","0xec","Dell Inc.","1.24.1","01/24/2022","Latitude 7490","intel_pstate","performance","no_turbo=0","2500000","6.8.0-139-generic","powercap, 1 package, domains: pkg core gpu/uncore dram"
2026-10-06T13:37:57Z,AC14DCEEACFAA41B,18.6,"user01","Intel(R) Core(TM) i5-8350U CPU @ 1.70GHz","1","0xec","Dell Inc.","1.24.1","01/24/2022","Latitude 7490","intel_pstate","performance","no_turbo=0","2500000","6.8.0-139-generic","powercap, 1 package, domains: pkg core gpu/uncore dram"
2026-10-06T13:38:32Z,8A166A368D7F3CB1,18.6,"user01","Intel(R) Core(TM) i5-8350U CPU @ 1.70GHz","1","0xec","Dell Inc.","1.24.1","01/24/2022","Latitude 7490","intel_pstate","performance","no_turbo=0","2500000","6.8.0-139-generic","powercap, 1 package, domains: pkg core gpu/uncore dram"
2026-10-06T13:39:41Z,39E2AE28897D332D,18.6,"user01","Intel(R) Core(TM) i5-8350U CPU @ 1.70GHz","1","0xec","Dell Inc.","1.24.1","01/24/2022","Latitude 7490","intel_pstate","performance","no_turbo=0","2500000","6.8.0-139-generic","powercap, 1 package, domains: pkg core gpu/uncore dram"
2026-10-06T13:40:51Z,A62ED10DE07D8ACB,18.6,"user01","Intel(R) Core(TM) i5-8350U CPU @ 1.70GHz","1","0xec","Dell Inc.","1.24.1","01/24/2022","Latitude 7490","intel_pstate","performance","no_turbo=0","2500000","6.8.0-139-generic","powercap, 1 package, domains: pkg core gpu/uncore dram"
2026-10-06T13:41:42Z,82391D4FB84A6DF0,18.6,"user01","Intel(R) Core(TM) i5-8350U CPU @ 1.70GHz","1","0xec","Dell Inc.","1.24.1","01/24/2022","Latitude 7490","intel_pstate","performance","no_turbo=0","2500000","6.8.0-139-generic","powercap, 1 package, domains: pkg core gpu/uncore dram"
2026-10-06T13:43:09Z,8B22209B7F77C96C,18.6,"user01","Intel(R) Core(TM) i5-8350U CPU @ 1.70GHz","1","0xec","Dell Inc.","1.24.1","01/24/2022","Latitude 7490","intel_pstate","performance","no_turbo=0","2500000","6.8.0-139-generic","powercap, 1 package, domains: pkg core gpu/uncore dram"
2026-10-06T13:43:44Z,E59382F86FC0D7C5,18.6,"user01","Intel(R) Core(TM) i5-8350U CPU @ 1.70GHz","1","0xec","Dell Inc.","1.24.1","01/24/2022","Latitude 7490","intel_pstate","performance","no_turbo=0","2500000","6.8.0-139-generic","powercap, 1 package, domains: pkg core gpu/uncore dram"
2026-10-06T13:45:03Z,16AD91C33A81A664,18.6,"user01","Intel(R) Core(TM) i5-8350U CPU @ 1.70GHz","1","0xec","Dell Inc.","1.24.1","01/24/2022","Latitude 7490","intel_pstate","performance","no_turbo=0","2500000","6.8.0-139-generic","powercap, 1 package, domains: pkg core gpu/uncore dram"
2026-10-06T13:45:39Z,7AB2C6052D7C4FE7,18.6,"user01","Intel(R) Core(TM) i5-8350U CPU @ 1.70GHz","1","0xec","Dell Inc.","1.24.1","01/24/2022","Latitude 7490","intel_pstate","performance","no_turbo=0","2500000","6.8.0-139-generic","powercap, 1 package, domains: pkg core gpu/uncore dram"
2026-10-06T13:46:54Z,6CD7751129666FD6,18.6,"user01","Intel(R) Core(TM) i5-8350U CPU @ 1.70GHz","1","0xec","Dell Inc.","1.24.1","01/24/2022","Latitude 7490","intel_pstate","performance","no_turbo=0","2500000","6.8.0-139-generic","powercap, 1 package, domains: pkg core gpu/uncore dram"
2026-10-06T13:53:43Z,46B5A4300277D046,18.6,"user01","Intel(R) Core(TM) i5-8350U CPU @ 1.70GHz","1","0xec","Dell Inc.","1.24.1","01/24/2022","Latitude 7490","intel_pstate","performance","no_turbo=0","2500000","6.8.0-139-generic","powercap, 1 package, domains: pkg core gpu/uncore dram"
2026-10-06T13:55:19Z,36AE052E5C9BBE82,18.6,"user01","Intel(R) Core(TM) i5-8350U CPU @ 1.70GHz","1","0xec","Dell Inc.","1.24.1","01/24/2022","Latitude 7490","intel_pstate","performance","no_turbo=0","2500000","6.8.0-139-generic","powercap, 1 package, domains: pkg core gpu/uncore dram"
2026-10-06T13:56:38Z,AD6CBBF59B3B2820,18.6,"user01","Intel(R) Core(TM) i5-8350U CPU @ 1.70GHz","1","0xec","Dell Inc.","1.24.1","01/24/2022","Latitude 7490","intel_pstate","performance","no_turbo=0","2500000","6.8.0-139-generic","powercap, 1 package, domains: pkg core gpu/uncore dram"
2026-10-06T13:57:57Z,75472B1FECDC4E86,18.6,"user01","Intel(R) Core(TM) i5-8350U CPU @ 1.70GHz","1","0xec","Dell Inc.","1.24.1","01/24/2022","Latitude 7490","intel_pstate","performance","no_turbo=0","2500000","6.8.0-139-generic","powercap, 1 package, domains: pkg core gpu/uncore dram"
2026-10-06T13:58:35Z,27F9FAFFAF0542B0,18.6,"user01","Intel(R) Core(TM) i5-8350U CPU @ 1.70GHz","1","0xec","Dell Inc.","1.24.1","01/24/2022","Latitude 7490","intel_pstate","performance","no_turbo=0","2500000","6.8.0-139-generic","powercap, 1 package, domains: pkg core gpu/uncore dram"
2026-10-06T13:59:31Z,828B0013769CC430,18.6,"user01","Intel(R) Core(TM) i5-8350U CPU @ 1.70GHz","1","0xec","Dell Inc.","1.24.1","01/24/2022","Latitude 7490","intel_pstate","performance","no_turbo=0","2500000","6.8.0-139-generic","powercap, 1 package, domains: pkg core gpu/uncore dram"
2026-10-06T14:00:52Z,E049896503DF4373,18.6,"user01","Intel(R) Core(TM) i5-8350U CPU @ 1.70GHz","1","0xec","Dell Inc.","1.24.1","01/24/2022","Latitude 7490","intel_pstate","performance","no_turbo=0","2500000","6.8.0-139-generic","powercap, 1 package, domains: pkg core gpu/uncore dram"
2026-10-06T14:02:02Z,893C3130A94E87A5,18.6,"user01","Intel(R) Core(TM) i5-8350U CPU @ 1.70GHz","1","0xec","Dell Inc.","1.24.1","01/24/2022","Latitude 7490","intel_pstate","performance","no_turbo=0","2500000","6.8.0-139-generic","powercap, 1 package, domains: pkg core gpu/uncore dram"
2026-10-06T14:03:10Z,C29208186EA9A299,18.6,"user01","Intel(R) Core(TM) i5-8350U CPU @ 1.70GHz","1","0xec","Dell Inc.","1.24.1","01/24/2022","Latitude 7490","intel_pstate","performance","no_turbo=0","2500000","6.8.0-139-generic","powercap, 1 package, domains: pkg core gpu/uncore dram"
2026-10-06T14:04:17Z,8BB9AC7D3ABD3585,18.6,"user01","Intel(R) Core(TM) i5-8350U CPU @ 1.70GHz","1","0xec","Dell Inc.","1.24.1","01/24/2022","Latitude 7490","intel_pstate","performance","no_turbo=0","2500000","6.8.0-139-generic","powercap, 1 package, domains: pkg core gpu/uncore dram"
2026-10-06T14:05:25Z,6492A0249EEAD5B5,18.6,"user01","Intel(R) Core(TM) i5-8350U CPU @ 1.70GHz","1","0xec","Dell Inc.","1.24.1","01/24/2022","Latitude 7490","intel_pstate","performance","no_turbo=0","2500000","6.8.0-139-generic","powercap, 1 package, domains: pkg core gpu/uncore dram"
2026-10-06T14:06:24Z,505A9EFBBB29B63F,18.6,"user01","Intel(R) Core(TM) i5-8350U CPU @ 1.70GHz","1","0xec","Dell Inc.","1.24.1","01/24/2022","Latitude 7490","intel_pstate","performance","no_turbo=0","2500000","6.8.0-139-generic","powercap, 1 package, domains: pkg core gpu/uncore dram"
2026-10-06T14:07:37Z,306CBD717470D0C0,18.6,"user01","Intel(R) Core(TM) i5-8350U CPU @ 1.70GHz","1","0xec","Dell Inc.","1.24.1","01/24/2022","Latitude 7490","intel_pstate","performance","no_turbo=0","2500000","6.8.0-139-generic","powercap, 1 package, domains: pkg core gpu/uncore dram"
2026-10-06T14:08:52Z,92979330F69730D3,18.6,"user01","Intel(R) Core(TM) i5-8350U CPU @ 1.70GHz","1","0xec","Dell Inc.","1.24.1","01/24/2022","Latitude 7490","intel_pstate","performance","no_turbo=0","2500000","6.8.0-139-generic","powercap, 1 package, domains: pkg core gpu/uncore dram"
2026-10-06T14:09:28Z,AA69A721A980CA36,18.6,"user01","Intel(R) Core(TM) i5-8350U CPU @ 1.70GHz","1","0xec","Dell Inc.","1.24.1","01/24/2022","Latitude 7490","intel_pstate","performance","no_turbo=0","2500000","6.8.0-139-generic","powercap, 1 package, domains: pkg core gpu/uncore dram"
2026-10-06T14:10:51Z,8BB7109E66AF995D,18.6,"user01","Intel(R) Core(TM) i5-8350U CPU @ 1.70GHz","1","0xec","Dell Inc.","1.24.1","01/24/2022","Latitude 7490","intel_pstate","performance","no_turbo=0","2500000","6.8.0-139-generic","powercap, 1 package, domains: pkg core gpu/uncore dram"
2026-10-06T14:12:00Z,697A7B6CCCC22DE6,18.6,"user01","Intel(R) Core(TM) i5-8350U CPU @ 1.70GHz","1","0xec","Dell Inc.","1.24.1","01/24/2022","Latitude 7490","intel_pstate","performance","no_turbo=0","2500000","6.8.0-139-generic","powercap, 1 package, domains: pkg core gpu/uncore dram"
2026-10-06T14:13:14Z,FF137A84BFDF9375,18.6,"user01","Intel(R) Core(TM) i5-8350U CPU @ 1.70GHz","1","0xec","Dell Inc.","1.24.1","01/24/2022","Latitude 7490","intel_pstate","performance","no_turbo=0","2500000","6.8.0-139-generic","powercap, 1 package, domains: pkg core gpu/uncore dram"
2026-10-06T14:13:54Z,31E65234D6FE223C,18.6,"user01","Intel(R) Core(TM) i5-8350U CPU @ 1.70GHz","1","0xec","Dell Inc.","1.24.1","01/24/2022","Latitude 7490","intel_pstate","performance","no_turbo=0","2500000","6.8.0-139-generic","powercap, 1 package, domains: pkg core gpu/uncore dram"
2026-10-06T14:14:37Z,1FD50C1560D9FAD8,18.6,"user01","Intel(R) Core(TM) i5-8350U CPU @ 1.70GHz","1","0xec","Dell Inc.","1.24.1","01/24/2022","Latitude 7490","intel_pstate","performance","no_turbo=0","2500000","6.8.0-139-generic","powercap, 1 package, domains: pkg core gpu/uncore dram"
2026-10-06T14:15:25Z,B2FD0081E86D1E72,18.6,"user01","Intel(R) Core(TM) i5-8350U CPU @ 1.70GHz","1","0xec","Dell Inc.","1.24.1","01/24/2022","Latitude 7490","intel_pstate","performance","no_turbo=0","2500000","6.8.0-139-generic","powercap, 1 package, domains: pkg core gpu/uncore dram"
2026-10-06T14:16:26Z,A7BE4B66122B019B,18.6,"user01","Intel(R) Core(TM) i5-8350U CPU @ 1.70GHz","1","0xec","Dell Inc.","1.24.1","01/24/2022","Latitude 7490","intel_pstate","performance","no_turbo=0","2500000","6.8.0-139-generic","powercap, 1 package, domains: pkg core gpu/uncore dram"
2026-10-06T14:17:39Z,E9D4E11C7DB1ECE5,18.6,"user01","Intel(R) Core(TM) i5-8350U CPU @ 1.70GHz","1","0xec","Dell Inc.","1.24.1","01/24/2022","Latitude 7490","intel_pstate","performance","no_turbo=0","2500000","6.8.0-139-generic","powercap, 1 package, domains: pkg core gpu/uncore dram"
2026-10-06T14:18:17Z,CBFF4F9CA65ED7FF,18.6,"user01","Intel(R) Core(TM) i5-8350U CPU @ 1.70GHz","1","0xec","Dell Inc.","1.24.1","01/24/2022","Latitude 7490","intel_pstate","performance","no_turbo=0","2500000","6.8.0-139-generic","powercap, 1 package, domains: pkg core gpu/uncore dram"
2026-10-06T14:23:23Z,AEEBE0217549ECD1,18.6,"user01","Intel(R) Core(TM) i5-8350U CPU @ 1.70GHz","1","0xec","Dell Inc.","1.24.1","01/24/2022","Latitude 7490","intel_pstate","performance","no_turbo=0","2500000","6.8.0-139-generic","powercap, 1 package, domains: pkg core gpu/uncore dram"
2026-10-06T14:24:08Z,BD34E52A0D5DAABE,18.6,"user01","Intel(R) Core(TM) i5-8350U CPU @ 1.70GHz","1","0xec","Dell Inc.","1.24.1","01/24/2022","Latitude 7490","intel_pstate","performance","no_turbo=0","2500000","6.8.0-139-generic","powercap, 1 package, domains: pkg core gpu/uncore dram"
2026-10-06T14:24:41Z,0F9069CFC7DB0BEB,18.6,"user01","Intel(R) Core(TM) i5-8350U CPU @ 1.70GHz","1","0xec","Dell Inc.","1.24.1","01/24/2022","Latitude 7490","intel_pstate","performance","no_turbo=0","2500000","6.8.0-139-generic","powercap, 1 package, domains: pkg core gpu/uncore dram"
2026-10-06T14:25:20Z,33468124F68D03C6,18.6,"user01","Intel(R) Core(TM) i5-8350U CPU @ 1.70GHz","1","0xec","Dell Inc.","1.24.1","01/24/2022","Latitude 7490","intel_pstate","performance","no_turbo=0","2500000","6.8.0-139-generic","powercap, 1 package, domains: pkg core gpu/uncore dram"
2026-10-06T14:26:05Z,2FE3931D0974DA39,18.6,"user01","Intel(R) Core(TM) i5-8350U CPU @ 1.70GHz","1","0xec","Dell Inc.","1.24.1","01/24/2022","Latitude 7490","intel_pstate","performance","no_turbo=0","2500000","6.8.0-139-generic","powercap, 1 package, domains: pkg core gpu/uncore dram"
2026-10-06T14:26:41Z,78B66F0630E1463B,18.6,"user01","Intel(R) Core(TM) i5-8350U CPU @ 1.70GHz","1","0xec","Dell Inc.","1.24.1","01/24/2022","Latitude 7490","intel_pstate","performance","no_turbo=0","2500000","6.8.0-139-generic","powercap, 1 package, domains: pkg core gpu/uncore dram"
2026-10-06T14:28:14Z,129A8FA7DA85E3D8,18.6,"user01","Intel(R) Core(TM) i5-8350U CPU @ 1.70GHz","1","0xec","Dell Inc.","1.24.1","01/24/2022","Latitude 7490","intel_pstate","performance","no_turbo=0","2500000","6.8.0-139-generic","powercap, 1 package, domains: pkg core gpu/uncore dram"
2026-10-06T14:28:55Z,721040BE7F34A88C,18.6,"user01","Intel(R) Core(TM) i5-8350U CPU @ 1.70GHz","1","0xec","Dell Inc.","1.24.1","01/24/2022","Latitude 7490","intel_pstate","performance","no_turbo=0","2500000","6.8.0-139-generic","powercap, 1 package, domains: pkg core gpu/uncore dram"
2026-10-06T14:30:12Z,D255FA91825328E4,18.6,"user01","Intel(R) Core(TM) i5-8350U CPU @ 1.70GHz","1","0xec","Dell Inc.","1.24.1","01/24/2022","Latitude 7490","intel_pstate","performance","no_turbo=0","2500000","6.8.0-139-generic","powercap, 1 package, domains: pkg core gpu/uncore dram"
2026-10-06T14:31:25Z,9D4ADA6FE0CA79AB,18.6,"user01","Intel(R) Core(TM) i5-8350U CPU @ 1.70GHz","1","0xec","Dell Inc.","1.24.1","01/24/2022","Latitude 7490","intel_pstate","performance","no_turbo=0","2500000","6.8.0-139-generic","powercap, 1 package, domains: pkg core gpu/uncore dram"
2026-10-06T14:32:47Z,9526505C1BA82645,18.6,"user01","Intel(R) Core(TM) i5-8350U CPU @ 1.70GHz","1","0xec","Dell Inc.","1.24.1","01/24/2022","Latitude 7490","intel_pstate","performance","no_turbo=0","2500000","6.8.0-139-generic","powercap, 1 package, domains: pkg core gpu/uncore dram"
2026-10-06T14:33:46Z,D0053ABAF853A530,18.6,"user01","Intel(R) Core(TM) i5-8350U CPU @ 1.70GHz","1","0xec","Dell Inc.","1.24.1","01/24/2022","Latitude 7490","intel_pstate","performance","no_turbo=0","2500000","6.8.0-139-generic","powercap, 1 package, domains: pkg core gpu/uncore dram"
2026-10-06T14:34:33Z,7BD288571F65FF68,18.6,"user01","Intel(R) Core(TM) i5-8350U CPU @ 1.70GHz","1","0xec","Dell Inc.","1.24.1","01/24/2022","Latitude 7490","intel_pstate","performance","no_turbo=0","2500000","6.8.0-139-generic","powercap, 1 package, domains: pkg core gpu/uncore dram"
2026-10-06T14:35:43Z,4C2E4F0B118A16CD,18.6,"user01","Intel(R) Core(TM) i5-8350U CPU @ 1.70GHz","1","0xec","Dell Inc.","1.24.1","01/24/2022","Latitude 7490","intel_pstate","performance","no_turbo=0","2500000","6.8.0-139-generic","powercap, 1 package, domains: pkg core gpu/uncore dram"
2026-10-06T14:36:38Z,6E9B0790B3F3C16E,18.6,"user01","Intel(R) Core(TM) i5-8350U CPU @ 1.70GHz","1","0xec","Dell Inc.","1.24.1","01/24/2022","Latitude 7490","intel_pstate","performance","no_turbo=0","2500000","6.8.0-139-generic","powercap, 1 package, domains: pkg core gpu/uncore dram"
2026-10-06T14:37:31Z,525C59FA3D3D99C2,18.6,"user01","Intel(R) Core(TM) i5-8350U CPU @ 1.70GHz","1","0xec","Dell Inc.","1.24.1","01/24/2022","Latitude 7490","intel_pstate","performance","no_turbo=0","2500000","6.8.0-139-generic","powercap, 1 package, domains: pkg core gpu/uncore dram"
2026-10-06T14:38:55Z,B0478CDEA9A75771,18.6,"user01","Intel(R) Core(TM) i5-8350U CPU @ 1.70GHz","1","0xec","Dell Inc.","1.24.1","01/24/2022","Latitude 7490","intel_pstate","performance","no_turbo=0","2500000","6.8.0-139-generic","powercap, 1 package, domains: pkg core gpu/uncore dram"
2026-10-06T14:40:04Z,E97248E49FFA66AD,18.6,"user01","Intel(R) Core(TM) i5-8350U CPU @ 1.70GHz","1","0xec","Dell Inc.","1.24.1","01/24/2022","Latitude 7490","intel_pstate","performance","no_turbo=0","2500000","6.8.0-139-generic","powercap, 1 package, domains: pkg core gpu/uncore dram"
2026-10-06T14:40:54Z,95BE22F1018389B1,18.6,"user01","Intel(R) Core(TM) i5-8350U CPU @ 1.70GHz","1","0xec","Dell Inc.","1.24.1","01/24/2022","Latitude 7490","intel_pstate","performance","no_turbo=0","2500000","6.8.0-139-generic","powercap, 1 package, domains: pkg core gpu/uncore dram"
2026-10-06T14:42:03Z,CB77FFAEC64255C3,18.6,"user01","Intel(R) Core(TM) i5-8350U CPU @ 1.70GHz","1","0xec","Dell Inc.","1.24.1","01/24/2022","Latitude 7490","intel_pstate","performance","no_turbo=0","2500000","6.8.0-139-generic","powercap, 1 package, domains: pkg core gpu/uncore dram"
2026-10-06T14:43:16Z,02E31DD9542806DF,18.6,"user01","Intel(R) Core(TM) i5-8350U CPU @ 1.70GHz","1","0xec","Dell Inc.","1.24.1","01/24/2022","Latitude 7490","intel_pstate","performance","no_turbo=0","2500000","6.8.0-139-generic","powercap, 1 package, domains: pkg core gpu/uncore dram"
2026-10-06T14:43:50Z,B8473E62257019AF,18.6,"user01","Intel(R) Core(TM) i5-8350U CPU @ 1.70GHz","1","0xec","Dell Inc.","1.24.1","01/24/2022","Latitude 7490","intel_pstate","performance","no_turbo=0","2500000","6.8.0-139-generic","powercap, 1 package, domains: pkg core gpu/uncore dram"
2026-10-06T14:44:38Z,B3D00A50E0BE433B,18.6,"user01","Intel(R) Core(TM) i5-8350U CPU @ 1.70GHz","1","0xec","Dell Inc.","1.24.1","01/24/2022","Latitude 7490","intel_pstate","performance","no_turbo=0","2500000","6.8.0-139-generic","powercap, 1 package, domains: pkg core gpu/uncore dram"
2026-10-06T14:45:11Z,5BDF480E8C4AD53D,18.6,"user01","Intel(R) Core(TM) i5-8350U CPU @ 1.70GHz","1","0xec","Dell Inc.","1.24.1","01/24/2022","Latitude 7490","intel_pstate","performance","no_turbo=0","2500000","6.8.0-139-generic","powercap, 1 package, domains: pkg core gpu/uncore dram"
2026-10-06T14:45:48Z,951A364A2E45EB60,18.6,"user01","Intel(R) Core(TM) i5-8350U CPU @ 1.70GHz","1","0xec","Dell Inc.","1.24.1","01/24/2022","Latitude 7490","intel_pstate","performance","no_turbo=0","2500000","6.8.0-139-generic","powercap, 1 package, domains: pkg core gpu/uncore dram"
2026-10-06T14:46:33Z,45FC790F0D002D9B,18.6,"user01","Intel(R) Core(TM) i5-8350U CPU @ 1.70GHz","1","0xec","Dell Inc.","1.24.1","01/24/2022","Latitude 7490","intel_pstate","performance","no_turbo=0","2500000","6.8.0-139-generic","powercap, 1 package, domains: pkg core gpu/uncore dram"
2026-10-06T14:47:19Z,3208ECAB9BFEB617,18.6,"user01","Intel(R) Core(TM) i5-8350U CPU @ 1.70GHz","1","0xec","Dell Inc.","1.24.1","01/24/2022","Latitude 7490","intel_pstate","performance","no_turbo=0","2500000","6.8.0-139-generic","powercap, 1 package, domains: pkg core gpu/uncore dram"
2026-10-06T14:48:09Z,BB883BD4AF3FB4AD,18.6,"user01","Intel(R) Core(TM) i5-8350U CPU @ 1.70GHz","1","0xec","Dell Inc.","1.24.1","01/24/2022","Latitude 7490","intel_pstate","performance","no_turbo=0","2500000","6.8.0-139-generic","powercap, 1 package, domains: pkg core gpu/uncore dram"
2026-10-06T14:49:01Z,932FEA58DF922B43,18.6,"user01","Intel(R) Core(TM) i5-8350U CPU @ 1.70GHz","1","0xec","Dell Inc.","1.24.1","01/24/2022","Latitude 7490","intel_pstate","performance","no_turbo=0","2500000","6.8.0-139-generic","powercap, 1 package, domains: pkg core gpu/uncore dram"
2026-10-06T14:49:41Z,CFFC41EF89DDA599,18.6,"user01","Intel(R) Core(TM) i5-8350U CPU @ 1.70GHz","1","0xec","Dell Inc.","1.24.1","01/24/2022","Latitude 7490","intel_pstate","performance","no_turbo=0","2500000","6.8.0-139-generic","powercap, 1 package, domains: pkg core gpu/uncore dram"
2026-10-06T14:50:39Z,2EC4F68F07D4D602,18.6,"user01","Intel(R) Core(TM) i5-8350U CPU @ 1.70GHz","1","0xec","Dell Inc.","1.24.1","01/24/2022","Latitude 7490","intel_pstate","performance","no_turbo=0","2500000","6.8.0-139-generic","powercap, 1 package, domains: pkg core gpu/uncore dram"
2026-10-06T14:51:17Z,A46B27D2CCAED614,18.6,"user01","Intel(R) Core(TM) i5-8350U CPU @ 1.70GHz","1","0xec","Dell Inc.","1.24.1","01/24/2022","Latitude 7490","intel_pstate","performance","no_turbo=0","2500000","6.8.0-139-generic","powercap, 1 package, domains: pkg core gpu/uncore dram"
2026-10-06T14:52:39Z,67320D54EFAE5AC4,18.6,"user01","Intel(R) Core(TM) i5-8350U CPU @ 1.70GHz","1","0xec","Dell Inc.","1.24.1","01/24/2022","Latitude 7490","intel_pstate","performance","no_turbo=0","2500000","6.8.0-139-generic","powercap, 1 package, domains: pkg core gpu/uncore dram"
2026-10-06T14:53:28Z,02CC0034402123C8,18.6,"user01","Intel(R) Core(TM) i5-8350U CPU @ 1.70GHz","1","0xec","Dell Inc.","1.24.1","01/24/2022","Latitude 7490","intel_pstate","performance","no_turbo=0","2500000","6.8.0-139-generic","powercap, 1 package, domains: pkg core gpu/uncore dram"
2026-10-06T14:54:06Z,6EBE21622B98AA55,18.6,"user01","Intel(R) Core(TM) i5-8350U CPU @ 1.70GHz","1","0xec","Dell Inc.","1.24.1","01/24/2022","Latitude 7490","intel_pstate","performance","no_turbo=0","2500000","6.8.0-139-generic","powercap, 1 package, domains: pkg core gpu/uncore dram"
2026-10-06T14:55:00Z,6723AB74197B1B50,18.6,"user01","Intel(R) Core(TM) i5-8350U CPU @ 1.70GHz","1","0xec","Dell Inc.","1.24.1","01/24/2022","Latitude 7490","intel_pstate","performance","no_turbo=0","2500000","6.8.0-139-generic","powercap, 1 package, domains: pkg core gpu/uncore dram"
2026-10-06T14:56:18Z,EC0EC6C289E45E39,18.6,"user01","Intel(R) Core(TM) i5-8350U CPU @ 1.70GHz","1","0xec","Dell Inc.","1.24.1","01/24/2022","Latitude 7490","intel_pstate","performance","no_turbo=0","2500000","6.8.0-139-generic","powercap, 1 package, domains: pkg core gpu/uncore dram"
2026-10-06T14:56:56Z,544DF246EADD5644,18.6,"user01","Intel(R) Core(TM) i5-8350U CPU @ 1.70GHz","1","0xec","Dell Inc.","1.24.1","01/24/2022","Latitude 7490","intel_pstate","performance","no_turbo=0","2500000","6.8.0-139-generic","powercap, 1 package, domains: pkg core gpu/uncore dram"
2026-10-06T14:58:07Z,4955972919C76BE9,18.6,"user01","Intel(R) Core(TM) i5-8350U CPU @ 1.70GHz","1","0xec","Dell Inc.","1.24.1","01/24/2022","Latitude 7490","intel_pstate","performance","no_turbo=0","2500000","6.8.0-139-generic","powercap, 1 package, domains: pkg core gpu/uncore dram"
2026-10-06T14:58:42Z,DA2A466185EBA8D9,18.6,"user01","Intel(R) Core(TM) i5-8350U CPU @ 1.70GHz","1","0xec","Dell Inc.","1.24.1","01/24/2022","Latitude 7490","intel_pstate","performance","no_turbo=0","2500000","6.8.0-139-generic","powercap, 1 package, domains: pkg core gpu/uncore dram"
2026-10-06T15:00:00Z,42FF18597275FEC9,18.6,"user01","Intel(R) Core(TM) i5-8350U CPU @ 1.70GHz","1","0xec","Dell Inc.","1.24.1","01/24/2022","Latitude 7490","intel_pstate","performance","no_turbo=0","2500000","6.8.0-139-generic","powercap, 1 package, domains: pkg core gpu/uncore dram"
2026-10-06T15:00:37Z,EC6A5319F160A5DE,18.6,"user01","Intel(R) Core(TM) i5-8350U CPU @ 1.70GHz","1","0xec","Dell Inc.","1.24.1","01/24/2022","Latitude 7490","intel_pstate","performance","no_turbo=0","2500000","6.8.0-139-generic","powercap, 1 package, domains: pkg core gpu/uncore dram"
2026-10-06T15:01:37Z,C4B756775B846EFD,18.6,"user01","Intel(R) Core(TM) i5-8350U CPU @ 1.70GHz","1","0xec","Dell Inc.","1.24.1","01/24/2022","Latitude 7490","intel_pstate","performance","no_turbo=0","2500000","6.8.0-139-generic","powercap, 1 package, domains: pkg core gpu/uncore dram"
2026-10-06T15:02:46Z,02E138FD987FA333,18.6,"user01","Intel(R) Core(TM) i5-8350U CPU @ 1.70GHz","1","0xec","Dell Inc.","1.24.1","01/24/2022","Latitude 7490","intel_pstate","performance","no_turbo=0","2500000","6.8.0-139-generic","powercap, 1 package, domains: pkg core gpu/uncore dram"
2026-10-06T15:03:36Z,891CE6758994A1E4,18.6,"user01","Intel(R) Core(TM) i5-8350U CPU @ 1.70GHz","1","0xec","Dell Inc.","1.24.1","01/24/2022","Latitude 7490","intel_pstate","performance","no_turbo=0","2500000","6.8.0-139-generic","powercap, 1 package, domains: pkg core gpu/uncore dram"
2026-10-06T15:04:56Z,2183CA8AD7ED7981,18.6,"user01","Intel(R) Core(TM) i5-8350U CPU @ 1.70GHz","1","0xec","Dell Inc.","1.24.1","01/24/2022","Latitude 7490","intel_pstate","performance","no_turbo=0","2500000","6.8.0-139-generic","powercap, 1 package, domains: pkg core gpu/uncore dram"
2026-10-06T15:05:31Z,0921D356BBEE57D4,18.6,"user01","Intel(R) Core(TM) i5-8350U CPU @ 1.70GHz","1","0xec","Dell Inc.","1.24.1","01/24/2022","Latitude 7490","intel_pstate","performance","no_turbo=0","2500000","6.8.0-139-generic","powercap, 1 package, domains: pkg core gpu/uncore dram"
2026-10-06T15:06:18Z,1A1AEAFA1892AABE,18.6,"user01","Intel(R) Core(TM) i5-8350U CPU @ 1.70GHz","1","0xec","Dell Inc.","1.24.1","01/24/2022","Latitude 7490","intel_pstate","performance","no_turbo=0","2500000","6.8.0-139-generic","powercap, 1 package, domains: pkg core gpu/uncore dram"
2026-10-06T15:07:09Z,21C2D24654C1F4FD,18.6,"user01","Intel(R) Core(TM) i5-8350U CPU @ 1.70GHz","1","0xec","Dell Inc.","1.24.1","01/24/2022","Latitude 7490","intel_pstate","performance","no_turbo=0","2500000","6.8.0-139-generic","powercap, 1 package, domains: pkg core gpu/uncore dram"
2026-10-06T15:07:49Z,3C40F25B7F1A5419,18.6,"user01","Intel(R) Core(TM) i5-8350U CPU @ 1.70GHz","1","0xec","Dell Inc.","1.24.1","01/24/2022","Latitude 7490","intel_pstate","performance","no_turbo=0","2500000","6.8.0-139-generic","powercap, 1 package, domains: pkg core gpu/uncore dram"
2026-10-06T15:08:46Z,9D2B8BDFAF4703FA,18.6,"user01","Intel(R) Core(TM) i5-8350U CPU @ 1.70GHz","1","0xec","Dell Inc.","1.24.1","01/24/2022","Latitude 7490","intel_pstate","performance","no_turbo=0","2500000","6.8.0-139-generic","powercap, 1 package, domains: pkg core gpu/uncore dram"
2026-10-06T15:09:45Z,1F13E837DAAF084C,18.6,"user01","Intel(R) Core(TM) i5-8350U CPU @ 1.70GHz","1","0xec","Dell Inc.","1.24.1","01/24/2022","Latitude 7490","intel_pstate","performance","no_turbo=0","2500000","6.8.0-139-generic","powercap, 1 package, domains: pkg core gpu/uncore dram"
2026-10-06T15:14:49Z,A0E7EADD53FCA8A2,18.6,"user01","Intel(R) Core(TM) i5-8350U CPU @ 1.70GHz","1","0xec","Dell Inc.","1.24.1","01/24/2022","Latitude 7490","intel_pstate","performance","no_turbo=0","2500000","6.8.0-139-generic","powercap, 1 package, domains: pkg core gpu/uncore dram"
2026-10-06T15:15:28Z,1F0069FDCAE465F7,18.6,"user01","Intel(R) Core(TM) i5-8350U CPU @ 1.70GHz","1","0xec","Dell Inc.","1.24.1","01/24/2022","Latitude 7490","intel_pstate","performance","no_turbo=0","2500000","6.8.0-139-generic","powercap, 1 package, domains: pkg core gpu/uncore dram"
2026-10-06T15:16:27Z,F2E721B9EB1F51ED,18.6,"user01","Intel(R) Core(TM) i5-8350U CPU @ 1.70GHz","1","0xec","Dell Inc.","1.24.1","01/24/2022","Latitude 7490","intel_pstate","performance","no_turbo=0","2500000","6.8.0-139-generic","powercap, 1 package, domains: pkg core gpu/uncore dram"
2026-10-06T15:17:39Z,91E0089F3429ADD8,18.6,"user01","Intel(R) Core(TM) i5-8350U CPU @ 1.70GHz","1","0xec","Dell Inc.","1.24.1","01/24/2022","Latitude 7490","intel_pstate","performance","no_turbo=0","2500000","6.8.0-139-generic","powercap, 1 package, domains: pkg core gpu/uncore dram"
2026-10-06T15:19:00Z,14CD43101208FC36,18.6,"user01","Intel(R) Core(TM) i5-8350U CPU @ 1.70GHz","1","0xec","Dell Inc.","1.24.1","01/24/2022","Latitude 7490","intel_pstate","performance","no_turbo=0","2500000","6.8.0-139-generic","powercap, 1 package, domains: pkg core gpu/uncore dram"
2026-10-06T15:20:25Z,971E1AD96CF6D5C9,18.6,"user01","Intel(R) Core(TM) i5-8350U CPU @ 1.70GHz","1","0xec","Dell Inc.","1.24.1","01/24/2022","Latitude 7490","intel_pstate","performance","no_turbo=0","2500000","6.8.0-139-generic","powercap, 1 package, domains: pkg core gpu/uncore dram"
2026-10-06T15:21:46Z,9387BBBC38AC7BF1,18.6,"user01","Intel(R) Core(TM) i5-8350U CPU @ 1.70GHz","1","0xec","Dell Inc.","1.24.1","01/24/2022","Latitude 7490","intel_pstate","performance","no_turbo=0","2500000","6.8.0-139-generic","powercap, 1 package, domains: pkg core gpu/uncore dram"
2026-10-06T15:22:20Z,9FF06348D90FE63F,18.6,"user01","Intel(R) Core(TM) i5-8350U CPU @ 1.70GHz","1","0xec","Dell Inc.","1.24.1","01/24/2022","Latitude 7490","intel_pstate","performance","no_turbo=0","2500000","6.8.0-139-generic","powercap, 1 package, domains: pkg core gpu/uncore dram"
2026-10-06T15:23:30Z,EFD87E75EFC062CA,18.6,"user01","Intel(R) Core(TM) i5-8350U CPU @ 1.70GHz","1","0xec","Dell Inc.","1.24.1","01/24/2022","Latitude 7490","intel_pstate","performance","no_turbo=0","2500000","6.8.0-139-generic","powercap, 1 package, domains: pkg core gpu/uncore dram"
2026-10-06T15:24:47Z,2A1493E38A2EF8E7,18.6,"user01","Intel(R) Core(TM) i5-8350U CPU @ 1.70GHz","1","0xec","Dell Inc.","1.24.1","01/24/2022","Latitude 7490","intel_pstate","performance","no_turbo=0","2500000","6.8.0-139-generic","powercap, 1 package, domains: pkg core gpu/uncore dram"
2026-10-06T15:25:59Z,A5E6737184E1DFBB,18.6,"user01","Intel(R) Core(TM) i5-8350U CPU @ 1.70GHz","1","0xec","Dell Inc.","1.24.1","01/24/2022","Latitude 7490","intel_pstate","performance","no_turbo=0","2500000","6.8.0-139-generic","powercap, 1 package, domains: pkg core gpu/uncore dram"
2026-10-06T15:26:38Z,ED29B98A29D8F2AF,18.6,"user01","Intel(R) Core(TM) i5-8350U CPU @ 1.70GHz","1","0xec","Dell Inc.","1.24.1","01/24/2022","Latitude 7490","intel_pstate","performance","no_turbo=0","2500000","6.8.0-139-generic","powercap, 1 package, domains: pkg core gpu/uncore dram"
2026-10-06T15:27:50Z,2021169386F7DE5B,18.6,"user01","Intel(R) Core(TM) i5-8350U CPU @ 1.70GHz","1","0xec","Dell Inc.","1.24.1","01/24/2022","Latitude 7490","intel_pstate","performance","no_turbo=0","2500000","6.8.0-139-generic","powercap, 1 package, domains: pkg core gpu/uncore dram"
2026-10-06T15:28:26Z,A842F53181E0B349,18.6,"user01","Intel(R) Core(TM) i5-8350U CPU @ 1.70GHz","1","0xec","Dell Inc.","1.24.1","01/24/2022","Latitude 7490","intel_pstate","performance","no_turbo=0","2500000","6.8.0-139-generic","powercap, 1 package, domains: pkg core gpu/uncore dram"
2026-10-06T15:29:46Z,A2ED49C6D511A3E8,18.6,"user01","Intel(R) Core(TM) i5-8350U CPU @ 1.70GHz","1","0xec","Dell Inc.","1.24.1","01/24/2022","Latitude 7490","intel_pstate","performance","no_turbo=0","2500000","6.8.0-139-generic","powercap, 1 package, domains: pkg core gpu/uncore dram"
2026-10-06T15:30:20Z,CCF5370A1005E631,18.6,"user01","Intel(R) Core(TM) i5-8350U CPU @ 1.70GHz","1","0xec","Dell Inc.","1.24.1","01/24/2022","Latitude 7490","intel_pstate","performance","no_turbo=0","2500000","6.8.0-139-generic","powercap, 1 package, domains: pkg core gpu/uncore dram"
2026-10-06T15:31:14Z,2CADB5CBDAB51282,18.6,"user01","Intel(R) Core(TM) i5-8350U CPU @ 1.70GHz","1","0xec","Dell Inc.","1.24.1","01/24/2022","Latitude 7490","intel_pstate","performance","no_turbo=0","2500000","6.8.0-139-generic","powercap, 1 package, domains: pkg core gpu/uncore dram"
2026-10-06T15:32:17Z,97ECB9D5065A06EA,18.6,"user01","Intel(R) Core(TM) i5-8350U CPU @ 1.70GHz","1","0xec","Dell Inc.","1.24.1","01/24/2022","Latitude 7490","intel_pstate","performance","no_turbo=0","2500000","6.8.0-139-generic","powercap, 1 package, domains: pkg core gpu/uncore dram"
2026-10-06T15:32:51Z,36CCE20165805434,18.6,"user01","Intel(R) Core(TM) i5-8350U CPU @ 1.70GHz","1","0xec","Dell Inc.","1.24.1","01/24/2022","Latitude 7490","intel_pstate","performance","no_turbo=0","2500000","6.8.0-139-generic","powercap, 1 package, domains: pkg core gpu/uncore dram"
2026-10-06T15:34:01Z,470A576E954C4EFF,18.6,"user01","Intel(R) Core(TM) i5-8350U CPU @ 1.70GHz","1","0xec","Dell Inc.","1.24.1","01/24/2022","Latitude 7490","intel_pstate","performance","no_turbo=0","2500000","6.8.0-139-generic","powercap, 1 package, domains: pkg core gpu/uncore dram"
2026-10-06T15:34:38Z,3F44A5A06D5CDAB2,18.6,"user01","Intel(R) Core(TM) i5-8350U CPU @ 1.70GHz","1","0xec","Dell Inc.","1.24.1","01/24/2022","Latitude 7490","intel_pstate","performance","no_turbo=0","2500000","6.8.0-139-generic","powercap, 1 package, domains: pkg core gpu/uncore dram"
2026-10-06T15:35:17Z,707726E8CB8DC5E2,18.6,"user01","Intel(R) Core(TM) i5-8350U CPU @ 1.70GHz","1","0xec","Dell Inc.","1.24.1","01/24/2022","Latitude 7490","intel_pstate","performance","no_turbo=0","2500000","6.8.0-139-generic","powercap, 1 package, domains: pkg core gpu/uncore dram"
2026-10-06T15:36:34Z,BD1B8F40ED6D9C85,18.6,"user01","Intel(R) Core(TM) i5-8350U CPU @ 1.70GHz","1","0xec","Dell Inc.","1.24.1","01/24/2022","Latitude 7490","intel_pstate","performance","no_turbo=0","2500000","6.8.0-139-generic","powercap, 1 package, domains: pkg core gpu/uncore dram"
2026-10-06T15:37:15Z,ABB47DFF7AF3690C,18.6,"user01","Intel(R) Core(TM) i5-8350U CPU @ 1.70GHz","1","0xec","Dell Inc.","1.24.1","01/24/2022","Latitude 7490","intel_pstate","performance","no_turbo=0","2500000","6.8.0-139-generic","powercap, 1 package, domains: pkg core gpu/uncore dram"
2026-10-06T15:38:28Z,406BCB48B8B39BAE,18.6,"user01","Intel(R) Core(TM) i5-8350U CPU @ 1.70GHz","1","0xec","Dell Inc.","1.24.1","01/24/2022","Latitude 7490","intel_pstate","performance","no_turbo=0","2500000","6.8.0-139-generic","powercap, 1 package, domains: pkg core gpu/uncore dram"
2026-10-06T15:39:58Z,37B6A774DAB7B2A9,18.6,"user01","Intel(R) Core(TM) i5-8350U CPU @ 1.70GHz","1","0xec","Dell Inc.","1.24.1","01/24/2022","Latitude 7490","intel_pstate","performance","no_turbo=0","2500000","6.8.0-139-generic","powercap, 1 package, domains: pkg core gpu/uncore dram"
2026-10-06T15:41:02Z,B0587E8495B2A84C,18.6,"user01","Intel(R) Core(TM) i5-8350U CPU @ 1.70GHz","1","0xec","Dell Inc.","1.24.1","01/24/2022","Latitude 7490","intel_pstate","performance","no_turbo=0","2500000","6.8.0-139-generic","powercap, 1 package, domains: pkg core gpu/uncore dram"
2026-10-06T15:41:40Z,687ED0993AA7169F,18.6,"user01","Intel(R) Core(TM) i5-8350U CPU @ 1.70GHz","1","0xec","Dell Inc.","1.24.1","01/24/2022","Latitude 7490","intel_pstate","performance","no_turbo=0","2500000","6.8.0-139-generic","powercap, 1 package, domains: pkg core gpu/uncore dram"
2026-10-06T15:42:14Z,C21D6D711139FF21,18.6,"user01","Intel(R) Core(TM) i5-8350U CPU @ 1.70GHz","1","0xec","Dell Inc.","1.24.1","01/24/2022","Latitude 7490","intel_pstate","performance","no_turbo=0","2500000","6.8.0-139-generic","powercap, 1 package, domains: pkg core gpu/uncore dram"
2026-10-06T15:43:23Z,55FD369818AE8184,18.6,"user01","Intel(R) Core(TM) i5-8350U CPU @ 1.70GHz","1","0xec","Dell Inc.","1.24.1","01/24/2022","Latitude 7490","intel_pstate","performance","no_turbo=0","2500000","6.8.0-139-generic","powercap, 1 package, domains: pkg core gpu/uncore dram"
2026-10-06T15:43:59Z,9EC8D8FCC6E2720F,18.6,"user01","Intel(R) Core(TM) i5-8350U CPU @ 1.70GHz","1","0xec","Dell Inc.","1.24.1","01/24/2022","Latitude 7490","intel_pstate","performance","no_turbo=0","2500000","6.8.0-139-generic","powercap, 1 package, domains: pkg core gpu/uncore dram"
2026-10-06T15:45:23Z,8FF7E2566BDDE34C,18.6,"user01","Intel(R) Core(TM) i5-8350U CPU @ 1.70GHz","1","0xec","Dell Inc.","1.24.1","01/24/2022","Latitude 7490","intel_pstate","performance","no_turbo=0","2500000","6.8.0-139-generic","powercap, 1 package, domains: pkg core gpu/uncore dram"
2026-10-06T15:46:14Z,2E8715B151CFEDB1,18.6,"user01","Intel(R) Core(TM) i5-8350U CPU @ 1.70GHz","1","0xec","Dell Inc.","1.24.1","01/24/2022","Latitude 7490","intel_pstate","performance","no_turbo=0","2500000","6.8.0-139-generic","powercap, 1 package, domains: pkg core gpu/uncore dram"
2026-10-06T15:47:21Z,03312500980A523B,18.6,"user01","Intel(R) Core(TM) i5-8350U CPU @ 1.70GHz","1","0xec","Dell Inc.","1.24.1","01/24/2022","Latitude 7490","intel_pstate","performance","no_turbo=0","2500000","6.8.0-139-generic","powercap, 1 package, domains: pkg core gpu/uncore dram"
2026-10-06T15:47:57Z,409AB19A9A0AC176,18.6,"user01","Intel(R) Core(TM) i5-8350U CPU @ 1.70GHz","1","0xec","Dell Inc.","1.24.1","01/24/2022","Latitude 7490","intel_pstate","performance","no_turbo=0","2500000","6.8.0-139-generic","powercap, 1 package, domains: pkg core gpu/uncore dram"
2026-10-06T15:49:17Z,91FFEA1B031BF90A,18.6,"user01","Intel(R) Core(TM) i5-8350U CPU @ 1.70GHz","1","0xec","Dell Inc.","1.24.1","01/24/2022","Latitude 7490","intel_pstate","performance","no_turbo=0","2500000","6.8.0-139-generic","powercap, 1 package, domains: pkg core gpu/uncore dram"
2026-10-06T15:50:33Z,058D0E19DAC03C96,18.6,"user01","Intel(R) Core(TM) i5-8350U CPU @ 1.70GHz","1","0xec","Dell Inc.","1.24.1","01/24/2022","Latitude 7490","intel_pstate","performance","no_turbo=0","2500000","6.8.0-139-generic","powercap, 1 package, domains: pkg core gpu/uncore dram"
2026-10-06T15:51:42Z,591A8B3CF4B59509,18.6,"user01","Intel(R) Core(TM) i5-8350U CPU @ 1.70GHz","1","0xec","Dell Inc.","1.24.1","01/24/2022","Latitude 7490","intel_pstate","performance","no_turbo=0","2500000","6.8.0-139-generic","powercap, 1 package, domains: pkg core gpu/uncore dram"
2026-10-06T15:52:17Z,5A10208DB2A6D864,18.6,"user01","Intel(R) Core(TM) i5-8350U CPU @ 1.70GHz","1","0xec","Dell Inc.","1.24.1","01/24/2022","Latitude 7490","intel_pstate","performance","no_turbo=0","2500000","6.8.0-139-generic","powercap, 1 package, domains: pkg core gpu/uncore dram"
2026-10-06T15:52:54Z,780FF4DA8C2ABBB3,18.6,"user01","Intel(R) Core(TM) i5-8350U CPU @ 1.70GHz","1","0xec","Dell Inc.","1.24.1","01/24/2022","Latitude 7490","intel_pstate","performance","no_turbo=0","2500000","6.8.0-139-generic","powercap, 1 package, domains: pkg core gpu/uncore dram"
2026-10-06T15:53:53Z,2F28BE09B5ABBD73,18.6,"user01","Intel(R) Core(TM) i5-8350U CPU @ 1.70GHz","1","0xec","Dell Inc.","1.24.1","01/24/2022","Latitude 7490","intel_pstate","performance","no_turbo=0","2500000","6.8.0-139-generic","powercap, 1 package, domains: pkg core gpu/uncore dram"
2026-10-06T15:55:06Z,DBCA0B6035F65815,18.6,"user01","Intel(R) Core(TM) i5-8350U CPU @ 1.70GHz","1","0xec","Dell Inc.","1.24.1","01/24/2022","Latitude 7490","intel_pstate","performance","no_turbo=0","2500000","6.8.0-139-generic","powercap, 1 package, domains: pkg core gpu/uncore dram"
2026-10-06T15:55:41Z,E9370D595B8E37D0,18.6,"user01","Intel(R) Core(TM) i5-8350U CPU @ 1.70GHz","1","0xec","Dell Inc.","1.24.1","01/24/2022","Latitude 7490","intel_pstate","performance","no_turbo=0","2500000","6.8.0-139-generic","powercap, 1 package, domains: pkg core gpu/uncore dram"
2026-10-06T15:56:30Z,47AF035EEA2F3CD7,18.6,"user01","Intel(R) Core(TM) i5-8350U CPU @ 1.70GHz","1","0xec","Dell Inc.","1.24.1","01/24/2022","Latitude 7490","intel_pstate","performance","no_turbo=0","2500000","6.8.0-139-generic","powercap, 1 package, domains: pkg core gpu/uncore dram"
2026-10-06T15:57:35Z,A1816E017AD17A04,18.6,"user01","Intel(R) Core(TM) i5-8350U CPU @ 1.70GHz","1","0xec","Dell Inc.","1.24.1","01/24/2022","Latitude 7490","intel_pstate","performance","no_turbo=0","2500000","6.8.0-139-generic","powercap, 1 package, domains: pkg core gpu/uncore dram"
2026-10-06T15:58:12Z,64E64231D658F1B5,18.6,"user01","Intel(R) Core(TM) i5-8350U CPU @ 1.70GHz","1","0xec","Dell Inc.","1.24.1","01/24/2022","Latitude 7490","intel_pstate","performance","no_turbo=0","2500000","6.8.0-139-generic","powercap, 1 package, domains: pkg core gpu/uncore dram"
2026-10-06T15:59:36Z,8513881CEE32E82F,18.6,"user01","Intel(R) Core(TM) i5-8350U CPU @ 1.70GHz","1","0xec","Dell Inc.","1.24.1","01/24/2022","Latitude 7490","intel_pstate","performance","no_turbo=0","2500000","6.8.0-139-generic","powercap, 1 package, domains: pkg core gpu/uncore dram"
2026-10-06T16:00:11Z,A76DC814078A3C45,18.6,"user01","Intel(R) Core(TM) i5-8350U CPU @ 1.70GHz","1","0xec","Dell Inc.","1.24.1","01/24/2022","Latitude 7490","intel_pstate","performance","no_turbo=0","2500000","6.8.0-139-generic","powercap, 1 package, domains: pkg core gpu/uncore dram"
2026-10-06T16:00:47Z,01879736597C07E9,18.6,"user01","Intel(R) Core(TM) i5-8350U CPU @ 1.70GHz","1","0xec","Dell Inc.","1.24.1","01/24/2022","Latitude 7490","intel_pstate","performance","no_turbo=0","2500000","6.8.0-139-generic","powercap, 1 package, domains: pkg core gpu/uncore dram"
2026-10-06T16:01:45Z,93FCBE5CB8FE2A84,18.6,"user01","Intel(R) Core(TM) i5-8350U CPU @ 1.70GHz","1","0xec","Dell Inc.","1.24.1","01/24/2022","Latitude 7490","intel_pstate","performance","no_turbo=0","2500000","6.8.0-139-generic","powercap, 1 package, domains: pkg core gpu/uncore dram"
2026-10-06T16:03:02Z,F04D24926DFCD571,18.6,"user01","Intel(R) Core(TM) i5-8350U CPU @ 1.70GHz","1","0xec","Dell Inc.","1.24.1","01/24/2022","Latitude 7490","intel_pstate","performance","no_turbo=0","2500000","6.8.0-139-generic","powercap, 1 package, domains: pkg core gpu/uncore dram"
2026-10-06T16:03:52Z,6C7493A3559D8DF4,18.6,"user01","Intel(R) Core(TM) i5-8350U CPU @ 1.70GHz","1","0xec","Dell Inc.","1.24.1","01/24/2022","Latitude 7490","intel_pstate","performance","no_turbo=0","2500000","6.8.0-139-generic","powercap, 1 package, domains: pkg core gpu/uncore dram"
2026-10-06T16:05:01Z,F7F75801D8483B27,18.6,"user01","Intel(R) Core(TM) i5-8350U CPU @ 1.70GHz","1","0xec","Dell Inc.","1.24.1","01/24/2022","Latitude 7490","intel_pstate","performance","no_turbo=0","2500000","6.8.0-139-generic","powercap, 1 package, domains: pkg core gpu/uncore dram"
2026-10-06T16:06:16Z,50FC801A177B1287,18.6,"user01","Intel(R) Core(TM) i5-8350U CPU @ 1.70GHz","1","0xec","Dell Inc.","1.24.1","01/24/2022","Latitude 7490","intel_pstate","performance","no_turbo=0","2500000","6.8.0-139-generic","powercap, 1 package, domains: pkg core gpu/uncore dram"
2026-10-06T16:07:26Z,C0CAE484753C3E82,18.6,"user01","Intel(R) Core(TM) i5-8350U CPU @ 1.70GHz","1","0xec","Dell Inc.","1.24.1","01/24/2022","Latitude 7490","intel_pstate","performance","no_turbo=0","2500000","6.8.0-139-generic","powercap, 1 package, domains: pkg core gpu/uncore dram"
2026-10-06T16:08:40Z,FFF3B9C46250AA53,18.6,"user01","Intel(R) Core(TM) i5-8350U CPU @ 1.70GHz","1","0xec","Dell Inc.","1.24.1","01/24/2022","Latitude 7490","intel_pstate","performance","no_turbo=0","2500000","6.8.0-139-generic","powercap, 1 package, domains: pkg core gpu/uncore dram"
2026-10-06T16:09:51Z,A864D06A8A8A17B2,18.6,"user01","Intel(R) Core(TM) i5-8350U CPU @ 1.70GHz","1","0xec","Dell Inc.","1.24.1","01/24/2022","Latitude 7490","intel_pstate","performance","no_turbo=0","2500000","6.8.0-139-generic","powercap, 1 package, domains: pkg core gpu/uncore dram"
2026-10-06T16:14:48Z,4CCEBA77E566DE01,18.6,"user01","Intel(R) Core(TM) i5-8350U CPU @ 1.70GHz","1","0xec","Dell Inc.","1.24.1","01/24/2022","Latitude 7490","intel_pstate","performance","no_turbo=0","2500000","6.8.0-139-generic","powercap, 1 package, domains: pkg core gpu/uncore dram"
2026-10-06T16:16:05Z,130A80B38FC2352B,18.6,"user01","Intel(R) Core(TM) i5-8350U CPU @ 1.70GHz","1","0xec","Dell Inc.","1.24.1","01/24/2022","Latitude 7490","intel_pstate","performance","no_turbo=0","2500000","6.8.0-139-generic","powercap, 1 package, domains: pkg core gpu/uncore dram"
2026-10-06T16:17:15Z,57ABB2D774A2F806,18.6,"user01","Intel(R) Core(TM) i5-8350U CPU @ 1.70GHz","1","0xec","Dell Inc.","1.24.1","01/24/2022","Latitude 7490","intel_pstate","performance","no_turbo=0","2500000","6.8.0-139-generic","powercap, 1 package, domains: pkg core gpu/uncore dram"
2026-10-06T16:17:49Z,F0216CC07C7F3F09,18.6,"user01","Intel(R) Core(TM) i5-8350U CPU @ 1.70GHz","1","0xec","Dell Inc.","1.24.1","01/24/2022","Latitude 7490","intel_pstate","performance","no_turbo=0","2500000","6.8.0-139-generic","powercap, 1 package, domains: pkg core gpu/uncore dram"
2026-10-06T16:22:53Z,E0F32468F49A7C85,18.6,"user01","Intel(R) Core(TM) i5-8350U CPU @ 1.70GHz","1","0xec","Dell Inc.","1.24.1","01/24/2022","Latitude 7490","intel_pstate","performance","no_turbo=0","2500000","6.8.0-139-generic","powercap, 1 package, domains: pkg core gpu/uncore dram"
2026-10-06T16:23:34Z,5F0D8854C005325C,18.6,"user01","Intel(R) Core(TM) i5-8350U CPU @ 1.70GHz","1","0xec","Dell Inc.","1.24.1","01/24/2022","Latitude 7490","intel_pstate","performance","no_turbo=0","2500000","6.8.0-139-generic","powercap, 1 package, domains: pkg core gpu/uncore dram"
2026-10-06T16:24:04Z,8976D6440D0BA442,18.6,"user01","Intel(R) Core(TM) i5-8350U CPU @ 1.70GHz","1","0xec","Dell Inc.","1.24.1","01/24/2022","Latitude 7490","intel_pstate","performance","no_turbo=0","2500000","6.8.0-139-generic","powercap, 1 package, domains: pkg core gpu/uncore dram"
2026-10-06T16:24:54Z,D41E69E53BEE9628,18.6,"user01","Intel(R) Core(TM) i5-8350U CPU @ 1.70GHz","1","0xec","Dell Inc.","1.24.1","01/24/2022","Latitude 7490","intel_pstate","performance","no_turbo=0","2500000","6.8.0-139-generic","powercap, 1 package, domains: pkg core gpu/uncore dram"
2026-10-06T16:25:38Z,DB2F5EFF4BC984B2,18.6,"user01","Intel(R) Core(TM) i5-8350U CPU @ 1.70GHz","1","0xec","Dell Inc.","1.24.1","01/24/2022","Latitude 7490","intel_pstate","performance","no_turbo=0","2500000","6.8.0-139-generic","powercap, 1 package, domains: pkg core gpu/uncore dram"
2026-10-06T16:26:57Z,DDEF7F6428C5C599,18.6,"user01","Intel(R) Core(TM) i5-8350U CPU @ 1.70GHz","1","0xec","Dell Inc.","1.24.1","01/24/2022","Latitude 7490","intel_pstate","performance","no_turbo=0","2500000","6.8.0-139-generic","powercap, 1 package, domains: pkg core gpu/uncore dram"
2026-10-06T16:28:32Z,384D0B33A90E6EF4,18.6,"user01","Intel(R) Core(TM) i5-8350U CPU @ 1.70GHz","1","0xec","Dell Inc.","1.24.1","01/24/2022","Latitude 7490","intel_pstate","performance","no_turbo=0","2500000","6.8.0-139-generic","powercap, 1 package, domains: pkg core gpu/uncore dram"
2026-10-06T16:29:46Z,83E88C26902FFB9C,18.6,"user01","Intel(R) Core(TM) i5-8350U CPU @ 1.70GHz","1","0xec","Dell Inc.","1.24.1","01/24/2022","Latitude 7490","intel_pstate","performance","no_turbo=0","2500000","6.8.0-139-generic","powercap, 1 package, domains: pkg core gpu/uncore dram"
2026-10-06T16:34:51Z,83135A4FB1EE1E77,18.6,"user01","Intel(R) Core(TM) i5-8350U CPU @ 1.70GHz","1","0xec","Dell Inc.","1.24.1","01/24/2022","Latitude 7490","intel_pstate","performance","no_turbo=0","2500000","6.8.0-139-generic","powercap, 1 package, domains: pkg core gpu/uncore dram"
2026-10-06T16:35:38Z,65218751FDBE8DFB,18.6,"user01","Intel(R) Core(TM) i5-8350U CPU @ 1.70GHz","1","0xec","Dell Inc.","1.24.1","01/24/2022","Latitude 7490","intel_pstate","performance","no_turbo=0","2500000","6.8.0-139-generic","powercap, 1 package, domains: pkg core gpu/uncore dram"
2026-10-06T16:36:14Z,5401D1F1BCCBAC8E,18.6,"user01","Intel(R) Core(TM) i5-8350U CPU @ 1.70GHz","1","0xec","Dell Inc.","1.24.1","01/24/2022","Latitude 7490","intel_pstate","performance","no_turbo=0","2500000","6.8.0-139-generic","powercap, 1 package, domains: pkg core gpu/uncore dram"
2026-10-06T16:37:31Z,B8B25793D4D178A6,18.6,"user01","Intel(R) Core(TM) i5-8350U CPU @ 1.70GHz","1","0xec","Dell Inc.","1.24.1","01/24/2022","Latitude 7490","intel_pstate","performance","no_turbo=0","2500000","6.8.0-139-generic","powercap, 1 package, domains: pkg core gpu/uncore dram"
2026-10-06T16:38:20Z,8E28036A2BD9F384,18.6,"user01","Intel(R) Core(TM) i5-8350U CPU @ 1.70GHz","1","0xec","Dell Inc.","1.24.1","01/24/2022","Latitude 7490","intel_pstate","performance","no_turbo=0","2500000","6.8.0-139-generic","powercap, 1 package, domains: pkg core gpu/uncore dram"
2026-10-06T16:39:01Z,985F8D3CAD2469D8,18.6,"user01","Intel(R) Core(TM) i5-8350U CPU @ 1.70GHz","1","0xec","Dell Inc.","1.24.1","01/24/2022","Latitude 7490","intel_pstate","performance","no_turbo=0","2500000","6.8.0-139-generic","powercap, 1 package, domains: pkg core gpu/uncore dram"
2026-10-06T16:40:07Z,654E4A995721F1AF,18.6,"user01","Intel(R) Core(TM) i5-8350U CPU @ 1.70GHz","1","0xec","Dell Inc.","1.24.1","01/24/2022","Latitude 7490","intel_pstate","performance","no_turbo=0","2500000","6.8.0-139-generic","powercap, 1 package, domains: pkg core gpu/uncore dram"
2026-10-06T16:40:52Z,1A020E706FA7EAC9,18.6,"user01","Intel(R) Core(TM) i5-8350U CPU @ 1.70GHz","1","0xec","Dell Inc.","1.24.1","01/24/2022","Latitude 7490","intel_pstate","performance","no_turbo=0","2500000","6.8.0-139-generic","powercap, 1 package, domains: pkg core gpu/uncore dram"
2026-10-06T16:42:03Z,92723BB8893F5274,18.6,"user01","Intel(R) Core(TM) i5-8350U CPU @ 1.70GHz","1","0xec","Dell Inc.","1.24.1","01/24/2022","Latitude 7490","intel_pstate","performance","no_turbo=0","2500000","6.8.0-139-generic","powercap, 1 package, domains: pkg core gpu/uncore dram"
2026-10-06T16:42:38Z,93421076C88CB52A,18.6,"user01","Intel(R) Core(TM) i5-8350U CPU @ 1.70GHz","1","0xec","Dell Inc.","1.24.1","01/24/2022","Latitude 7490","intel_pstate","performance","no_turbo=0","2500000","6.8.0-139-generic","powercap, 1 package, domains: pkg core gpu/uncore dram"
2026-10-06T16:44:07Z,28A72F1B73A7B910,18.6,"user01","Intel(R) Core(TM) i5-8350U CPU @ 1.70GHz","1","0xec","Dell Inc.","1.24.1","01/24/2022","Latitude 7490","intel_pstate","performance","no_turbo=0","2500000","6.8.0-139-generic","powercap, 1 package, domains: pkg core gpu/uncore dram"
2026-10-06T16:49:11Z,C5E49DC9652B9548,18.6,"user01","Intel(R) Core(TM) i5-8350U CPU @ 1.70GHz","1","0xec","Dell Inc.","1.24.1","01/24/2022","Latitude 7490","intel_pstate","performance","no_turbo=0","2500000","6.8.0-139-generic","powercap, 1 package, domains: pkg core gpu/uncore dram"
2026-10-06T16:50:00Z,226BB6423C1FF7C3,18.6,"user01","Intel(R) Core(TM) i5-8350U CPU @ 1.70GHz","1","0xec","Dell Inc.","1.24.1","01/24/2022","Latitude 7490","intel_pstate","performance","no_turbo=0","2500000","6.8.0-139-generic","powercap, 1 package, domains: pkg core gpu/uncore dram"
2026-10-06T16:51:20Z,CA2328C43AA7120F,18.6,"user01","Intel(R) Core(TM) i5-8350U CPU @ 1.70GHz","1","0xec","Dell Inc.","1.24.1","01/24/2022","Latitude 7490","intel_pstate","performance","no_turbo=0","2500000","6.8.0-139-generic","powercap, 1 package, domains: pkg core gpu/uncore dram"
2026-10-06T16:52:11Z,DACAF6B231A05DA3,18.6,"user01","Intel(R) Core(TM) i5-8350U CPU @ 1.70GHz","1","0xec","Dell Inc.","1.24.1","01/24/2022","Latitude 7490","intel_pstate","performance","no_turbo=0","2500000","6.8.0-139-generic","powercap, 1 package, domains: pkg core gpu/uncore dram"
2026-10-06T16:53:11Z,D6293C4753506FB5,18.6,"user01","Intel(R) Core(TM) i5-8350U CPU @ 1.70GHz","1","0xec","Dell Inc.","1.24.1","01/24/2022","Latitude 7490","intel_pstate","performance","no_turbo=0","2500000","6.8.0-139-generic","powercap, 1 package, domains: pkg core gpu/uncore dram"
