timestamp_utc,run_id,pg_version,query,phase,batch_index,copy_index,batchnum,runs,server_planning_ms,server_execution_ms,plan_nodes,scan_nodes,rows_out,rows_processed,rows_estimated,bytes_processed,rows_removed_filter,workers_launched,relations,shared_hit_blks,shared_read_blks,shared_dirtied_blks,shared_written_blks,temp_read_blks,temp_written_blks,failed
2026-08-12T10:23:23Z,625C3DB5256D85BE,18.4,queries/tpch/tpch-queries/q01/base.sql,warmup,1,1,1,3,0.570,1823.173,5,1,4,5916631,6,147924215,28208,2,lineitem,14,112600,0,0,0,0,0
2026-08-12T10:23:25Z,625C3DB5256D85BE,18.4,queries/tpch/tpch-queries/q01/base.sql,warmup,2,1,1,3,0.461,1922.348,5,1,4,5916631,6,147924215,28208,2,lineitem,878,111736,0,0,0,0,0
2026-08-12T10:23:35Z,625C3DB5256D85BE,18.4,queries/tpch/tpch-queries/q01/base.sql,measured,1,1,5,3,0.625,1967.503,5,1,4,5916631,6,147924215,28208,2,lineitem,1742,110872,0,0,0,0,0
2026-08-12T10:23:35Z,625C3DB5256D85BE,18.4,queries/tpch/tpch-queries/q01/base.sql,measured,1,2,5,3,0.109,1937.565,5,1,4,5916631,6,147924215,28208,2,lineitem,2606,110008,0,0,0,0,0
2026-08-12T10:23:35Z,625C3DB5256D85BE,18.4,queries/tpch/tpch-queries/q01/base.sql,measured,1,3,5,3,0.106,1966.153,5,1,4,5916631,6,147924215,28208,2,lineitem,3470,109144,0,0,0,0,0
2026-08-12T10:23:35Z,625C3DB5256D85BE,18.4,queries/tpch/tpch-queries/q01/base.sql,measured,1,4,5,3,0.111,1953.674,5,1,4,5916631,6,147924215,28208,2,lineitem,4334,108280,0,0,0,0,0
2026-08-12T10:23:35Z,625C3DB5256D85BE,18.4,queries/tpch/tpch-queries/q01/base.sql,measured,1,5,5,3,0.108,2029.249,5,1,4,5916631,6,147924215,28208,2,lineitem,5198,107416,0,0,0,0,0
2026-08-12T10:23:45Z,625C3DB5256D85BE,18.4,queries/tpch/tpch-queries/q01/base.sql,measured,2,1,5,3,0.768,2068.406,5,1,4,5916631,6,147924215,28208,2,lineitem,6062,106552,0,0,0,0,0
2026-08-12T10:23:45Z,625C3DB5256D85BE,18.4,queries/tpch/tpch-queries/q01/base.sql,measured,2,2,5,3,0.116,2073.743,5,1,4,5916631,6,147924215,28208,2,lineitem,6926,105688,0,0,0,0,0
2026-08-12T10:23:45Z,625C3DB5256D85BE,18.4,queries/tpch/tpch-queries/q01/base.sql,measured,2,3,5,3,0.116,2076.213,5,1,4,5916631,6,147924215,28208,2,lineitem,7790,104824,0,0,0,0,0
2026-08-12T10:23:45Z,625C3DB5256D85BE,18.4,queries/tpch/tpch-queries/q01/base.sql,measured,2,4,5,3,0.114,2070.452,5,1,4,5916631,6,147924215,28208,2,lineitem,8654,103960,0,0,0,0,0
2026-08-12T10:23:45Z,625C3DB5256D85BE,18.4,queries/tpch/tpch-queries/q01/base.sql,measured,2,5,5,3,0.115,2070.040,5,1,4,5916631,6,147924215,28208,2,lineitem,9518,103096,0,0,0,0,0
2026-08-12T10:23:56Z,625C3DB5256D85BE,18.4,queries/tpch/tpch-queries/q01/base.sql,measured,3,1,5,3,0.494,2033.810,5,1,4,5916631,6,147924215,28208,2,lineitem,10382,102232,0,0,0,0,0
2026-08-12T10:23:56Z,625C3DB5256D85BE,18.4,queries/tpch/tpch-queries/q01/base.sql,measured,3,2,5,3,0.117,2023.413,5,1,4,5916631,6,147924215,28208,2,lineitem,11246,101368,0,0,0,0,0
2026-08-12T10:23:56Z,625C3DB5256D85BE,18.4,queries/tpch/tpch-queries/q01/base.sql,measured,3,3,5,3,0.117,2038.015,5,1,4,5916631,6,147924215,28208,2,lineitem,12110,100504,0,0,0,0,0
2026-08-12T10:23:56Z,625C3DB5256D85BE,18.4,queries/tpch/tpch-queries/q01/base.sql,measured,3,4,5,3,0.115,2024.803,5,1,4,5916631,6,147924215,28208,2,lineitem,12974,99640,0,0,0,0,0
2026-08-12T10:23:56Z,625C3DB5256D85BE,18.4,queries/tpch/tpch-queries/q01/base.sql,measured,3,5,5,3,0.135,2045.948,5,1,4,5916631,6,147924215,28208,2,lineitem,13838,98776,0,0,0,0,0
2026-08-12T10:23:58Z,625C3DB5256D85BE,18.4,queries/tpch/tpch-queries/q01/v1_materialized.sql,warmup,1,1,1,3,0.535,2044.046,6,2,4,5916635,6,147925207,28208,2,_m;lineitem,14702,97912,0,0,0,0,0
2026-08-12T10:24:00Z,625C3DB5256D85BE,18.4,queries/tpch/tpch-queries/q01/v1_materialized.sql,warmup,2,1,1,3,0.804,2040.639,6,2,4,5916635,6,147925207,28208,2,_m;lineitem,15566,97048,0,0,0,0,0
2026-08-12T10:24:10Z,625C3DB5256D85BE,18.4,queries/tpch/tpch-queries/q01/v1_materialized.sql,measured,1,1,5,3,0.811,2029.812,6,2,4,5916635,6,147925207,28208,2,_m;lineitem,16430,96184,0,0,0,0,0
2026-08-12T10:24:10Z,625C3DB5256D85BE,18.4,queries/tpch/tpch-queries/q01/v1_materialized.sql,measured,1,2,5,3,0.137,2062.944,6,2,4,5916635,6,147925207,28208,2,_m;lineitem,17294,95320,0,0,0,0,0
2026-08-12T10:24:10Z,625C3DB5256D85BE,18.4,queries/tpch/tpch-queries/q01/v1_materialized.sql,measured,1,3,5,3,0.139,2032.572,6,2,4,5916635,6,147925207,28208,2,_m;lineitem,18158,94456,0,0,0,0,0
2026-08-12T10:24:10Z,625C3DB5256D85BE,18.4,queries/tpch/tpch-queries/q01/v1_materialized.sql,measured,1,4,5,3,0.137,2027.332,6,2,4,5916635,6,147925207,28208,2,_m;lineitem,19022,93592,0,0,0,0,0
2026-08-12T10:24:10Z,625C3DB5256D85BE,18.4,queries/tpch/tpch-queries/q01/v1_materialized.sql,measured,1,5,5,3,0.148,2026.482,6,2,4,5916635,6,147925207,28208,2,_m;lineitem,19886,92728,0,0,0,0,0
2026-08-12T10:24:21Z,625C3DB5256D85BE,18.4,queries/tpch/tpch-queries/q01/v1_materialized.sql,measured,2,1,5,3,0.528,2068.858,6,2,4,5916635,6,147925207,28208,2,_m;lineitem,20750,91864,0,0,0,0,0
2026-08-12T10:24:21Z,625C3DB5256D85BE,18.4,queries/tpch/tpch-queries/q01/v1_materialized.sql,measured,2,2,5,3,0.138,2051.696,6,2,4,5916635,6,147925207,28208,2,_m;lineitem,21614,91000,0,0,0,0,0
2026-08-12T10:24:21Z,625C3DB5256D85BE,18.4,queries/tpch/tpch-queries/q01/v1_materialized.sql,measured,2,3,5,3,0.136,2057.185,6,2,4,5916635,6,147925207,28208,2,_m;lineitem,22478,90136,0,0,0,0,0
2026-08-12T10:24:21Z,625C3DB5256D85BE,18.4,queries/tpch/tpch-queries/q01/v1_materialized.sql,measured,2,4,5,3,0.149,2059.467,6,2,4,5916635,6,147925207,28208,2,_m;lineitem,23342,89272,0,0,0,0,0
2026-08-12T10:24:21Z,625C3DB5256D85BE,18.4,queries/tpch/tpch-queries/q01/v1_materialized.sql,measured,2,5,5,3,0.136,2065.019,6,2,4,5916635,6,147925207,28208,2,_m;lineitem,24206,88408,0,0,0,0,0
2026-08-12T10:24:31Z,625C3DB5256D85BE,18.4,queries/tpch/tpch-queries/q01/v1_materialized.sql,measured,3,1,5,3,0.819,2039.863,6,2,4,5916635,6,147925207,28208,2,_m;lineitem,25070,87544,0,0,0,0,0
2026-08-12T10:24:31Z,625C3DB5256D85BE,18.4,queries/tpch/tpch-queries/q01/v1_materialized.sql,measured,3,2,5,3,0.141,2024.770,6,2,4,5916635,6,147925207,28208,2,_m;lineitem,25934,86680,0,0,0,0,0
2026-08-12T10:24:31Z,625C3DB5256D85BE,18.4,queries/tpch/tpch-queries/q01/v1_materialized.sql,measured,3,3,5,3,0.148,2028.529,6,2,4,5916635,6,147925207,28208,2,_m;lineitem,26798,85816,0,0,0,0,0
2026-08-12T10:24:31Z,625C3DB5256D85BE,18.4,queries/tpch/tpch-queries/q01/v1_materialized.sql,measured,3,4,5,3,0.135,2036.211,6,2,4,5916635,6,147925207,28208,2,_m;lineitem,27662,84952,0,0,0,0,0
2026-08-12T10:24:31Z,625C3DB5256D85BE,18.4,queries/tpch/tpch-queries/q01/v1_materialized.sql,measured,3,5,5,3,0.136,2047.714,6,2,4,5916635,6,147925207,28208,2,_m;lineitem,28526,84088,0,0,0,0,0
2026-08-12T10:25:22Z,625C3DB5256D85BE,18.4,queries/tpch/tpch-queries/q02/base.sql,warmup,1,1,1,3,1.006,50856.049,26,9,100,25202162,1,270312202,999257,0,part;partsupp;supplier;nation;region,616788,20869217,0,0,3359,3359,0
2026-08-12T10:26:13Z,625C3DB5256D85BE,18.4,queries/tpch/tpch-queries/q02/base.sql,warmup,2,1,1,3,0.888,51513.391,26,9,100,25202162,1,270312202,999257,0,part;partsupp;supplier;nation;region,1316949,20169056,0,0,3359,3359,0
2026-08-12T10:30:44Z,625C3DB5256D85BE,18.4,queries/tpch/tpch-queries/q02/base.sql,measured,1,1,5,3,0.897,53442.372,26,9,100,25202162,1,270312202,999257,0,part;partsupp;supplier;nation;region,2012757,19473248,0,0,3359,3359,0
2026-08-12T10:30:44Z,625C3DB5256D85BE,18.4,queries/tpch/tpch-queries/q02/base.sql,measured,1,2,5,3,0.351,53006.904,26,9,100,25202162,1,270312202,999257,0,part;partsupp;supplier;nation;region,2708556,18777440,0,0,3359,3359,0
2026-08-12T10:30:44Z,625C3DB5256D85BE,18.4,queries/tpch/tpch-queries/q02/base.sql,measured,1,3,5,3,0.348,54478.480,26,9,100,25202162,1,270312202,999257,0,part;partsupp;supplier;nation;region,3404364,18081632,0,0,3359,3359,0
2026-08-12T10:30:44Z,625C3DB5256D85BE,18.4,queries/tpch/tpch-queries/q02/base.sql,measured,1,4,5,3,0.371,55096.529,26,9,100,25202162,1,270312202,999257,0,part;partsupp;supplier;nation;region,4100172,17385824,0,0,3359,3359,0
2026-08-12T10:30:44Z,625C3DB5256D85BE,18.4,queries/tpch/tpch-queries/q02/base.sql,measured,1,5,5,3,0.383,54807.519,26,9,100,25202162,1,270312202,999257,0,part;partsupp;supplier;nation;region,4795980,16690016,0,0,3359,3359,0
2026-08-12T10:35:30Z,625C3DB5256D85BE,18.4,queries/tpch/tpch-queries/q02/base.sql,measured,2,1,5,3,0.894,55697.587,26,9,100,25202162,1,270312202,999257,0,part;partsupp;supplier;nation;region,5491797,15994208,0,0,3359,3359,0
2026-08-12T10:35:30Z,625C3DB5256D85BE,18.4,queries/tpch/tpch-queries/q02/base.sql,measured,2,2,5,3,0.360,56107.766,26,9,100,25202162,1,270312202,999257,0,part;partsupp;supplier;nation;region,6187596,15298400,0,0,3359,3359,0
2026-08-12T10:35:30Z,625C3DB5256D85BE,18.4,queries/tpch/tpch-queries/q02/base.sql,measured,2,3,5,3,0.342,56813.963,26,9,100,25202162,1,270312202,999257,0,part;partsupp;supplier;nation;region,6883404,14602592,0,0,3359,3359,0
2026-08-12T10:35:30Z,625C3DB5256D85BE,18.4,queries/tpch/tpch-queries/q02/base.sql,measured,2,4,5,3,0.416,56611.958,26,9,100,25202162,1,270312202,999257,0,part;partsupp;supplier;nation;region,7579212,13906784,0,0,3359,3359,0
2026-08-12T10:35:30Z,625C3DB5256D85BE,18.4,queries/tpch/tpch-queries/q02/base.sql,measured,2,5,5,3,0.344,60276.372,26,9,100,25202162,1,270312202,999257,0,part;partsupp;supplier;nation;region,8275020,13210976,0,0,3359,3359,0
2026-08-12T10:40:23Z,625C3DB5256D85BE,18.4,queries/tpch/tpch-queries/q02/base.sql,measured,3,1,5,3,0.910,61123.847,26,9,100,25202162,1,270312202,999257,0,part;partsupp;supplier;nation;region,8970837,12515168,0,0,3359,3359,0
2026-08-12T10:40:23Z,625C3DB5256D85BE,18.4,queries/tpch/tpch-queries/q02/base.sql,measured,3,2,5,3,0.449,61023.032,26,9,100,25202162,1,270312202,999257,0,part;partsupp;supplier;nation;region,9666636,11819360,0,0,3359,3359,0
2026-08-12T10:40:23Z,625C3DB5256D85BE,18.4,queries/tpch/tpch-queries/q02/base.sql,measured,3,3,5,3,0.359,59773.576,26,9,100,25202162,1,270312202,999257,0,part;partsupp;supplier;nation;region,10362444,11123552,0,0,3359,3359,0
2026-08-12T10:40:23Z,625C3DB5256D85BE,18.4,queries/tpch/tpch-queries/q02/base.sql,measured,3,4,5,3,0.359,55941.505,26,9,100,25202162,1,270312202,999257,0,part;partsupp;supplier;nation;region,11058252,10427744,0,0,3359,3359,0
2026-08-12T10:40:23Z,625C3DB5256D85BE,18.4,queries/tpch/tpch-queries/q02/base.sql,measured,3,5,5,3,0.346,55044.148,26,9,100,25202162,1,270312202,999257,0,part;partsupp;supplier;nation;region,11754060,9731936,0,0,3359,3359,0
2026-08-12T10:41:27Z,625C3DB5256D85BE,18.4,queries/tpch/tpch-queries/q02/v1_materialized.sql,warmup,1,1,1,3,0.945,63868.586,27,10,100,25202622,1,270746362,999257,0,part;partsupp;supplier;nation;region;_m,12449877,9036128,0,0,3359,3359,0
2026-08-12T10:42:30Z,625C3DB5256D85BE,18.4,queries/tpch/tpch-queries/q02/v1_materialized.sql,warmup,2,1,1,3,1.028,62557.383,27,10,100,25202622,1,270746362,999257,0,part;partsupp;supplier;nation;region;_m,13145685,8340320,0,0,3359,3359,0
2026-08-12T10:47:42Z,625C3DB5256D85BE,18.4,queries/tpch/tpch-queries/q02/v1_materialized.sql,measured,1,1,5,3,0.940,62870.203,27,10,100,25202622,1,270746362,999257,0,part;partsupp;supplier;nation;region;_m,13841493,7644512,0,0,3359,3359,0
2026-08-12T10:47:42Z,625C3DB5256D85BE,18.4,queries/tpch/tpch-queries/q02/v1_materialized.sql,measured,1,2,5,3,0.336,58901.098,27,10,100,25202622,1,270746362,999257,0,part;partsupp;supplier;nation;region;_m,14537292,6948704,0,0,3359,3359,0
2026-08-12T10:47:42Z,625C3DB5256D85BE,18.4,queries/tpch/tpch-queries/q02/v1_materialized.sql,measured,1,3,5,3,0.362,68512.824,27,10,100,25202622,1,270746362,999257,0,part;partsupp;supplier;nation;region;_m,15233100,6252896,0,0,3359,3359,0
2026-08-12T10:47:42Z,625C3DB5256D85BE,18.4,queries/tpch/tpch-queries/q02/v1_materialized.sql,measured,1,4,5,3,0.360,61848.403,27,10,100,25202622,1,270746362,999257,0,part;partsupp;supplier;nation;region;_m,15928908,5557088,0,0,3359,3359,0
2026-08-12T10:47:42Z,625C3DB5256D85BE,18.4,queries/tpch/tpch-queries/q02/v1_materialized.sql,measured,1,5,5,3,0.351,59685.581,27,10,100,25202622,1,270746362,999257,0,part;partsupp;supplier;nation;region;_m,16624716,4861280,0,0,3359,3359,0
2026-08-12T10:53:28Z,625C3DB5256D85BE,18.4,queries/tpch/tpch-queries/q02/v1_materialized.sql,measured,2,1,5,3,0.942,61837.719,27,10,100,25202622,1,270746362,999257,0,part;partsupp;supplier;nation;region;_m,17320533,4165472,0,0,3359,3359,0
2026-08-12T10:53:28Z,625C3DB5256D85BE,18.4,queries/tpch/tpch-queries/q02/v1_materialized.sql,measured,2,2,5,3,0.338,74989.785,27,10,100,25202622,1,270746362,999257,0,part;partsupp;supplier;nation;region;_m,18016332,3469664,0,0,3359,3359,0
2026-08-12T10:53:28Z,625C3DB5256D85BE,18.4,queries/tpch/tpch-queries/q02/v1_materialized.sql,measured,2,3,5,3,0.349,64737.409,27,10,100,25202622,1,270746362,999257,0,part;partsupp;supplier;nation;region;_m,18712140,2773856,0,0,3359,3359,0
2026-08-12T10:53:28Z,625C3DB5256D85BE,18.4,queries/tpch/tpch-queries/q02/v1_materialized.sql,measured,2,4,5,3,0.356,72577.586,27,10,100,25202622,1,270746362,999257,0,part;partsupp;supplier;nation;region;_m,19407948,2078048,0,0,3359,3359,0
2026-08-12T10:53:28Z,625C3DB5256D85BE,18.4,queries/tpch/tpch-queries/q02/v1_materialized.sql,measured,2,5,5,3,0.437,71973.885,27,10,100,25202622,1,270746362,999257,0,part;partsupp;supplier;nation;region;_m,20103756,1382240,0,0,3359,3359,0
2026-08-12T10:58:05Z,625C3DB5256D85BE,18.4,queries/tpch/tpch-queries/q02/v1_materialized.sql,measured,3,1,5,3,0.880,63951.325,27,10,100,25202622,1,270746362,999257,0,part;partsupp;supplier;nation;region;_m,20799573,686432,0,0,3359,3359,0
2026-08-12T10:58:05Z,625C3DB5256D85BE,18.4,queries/tpch/tpch-queries/q02/v1_materialized.sql,measured,3,2,5,3,0.354,53553.705,27,10,100,25202622,1,270746362,999257,0,part;partsupp;supplier;nation;region;_m,21485716,280,0,0,3359,3359,0
2026-08-12T10:58:05Z,625C3DB5256D85BE,18.4,queries/tpch/tpch-queries/q02/v1_materialized.sql,measured,3,3,5,3,0.351,53111.776,27,10,100,25202622,1,270746362,999257,0,part;partsupp;supplier;nation;region;_m,21485996,0,0,0,3359,3359,0
2026-08-12T10:58:05Z,625C3DB5256D85BE,18.4,queries/tpch/tpch-queries/q02/v1_materialized.sql,measured,3,4,5,3,0.358,53553.215,27,10,100,25202622,1,270746362,999257,0,part;partsupp;supplier;nation;region;_m,21485996,0,0,0,3359,3359,0
2026-08-12T10:58:05Z,625C3DB5256D85BE,18.4,queries/tpch/tpch-queries/q02/v1_materialized.sql,measured,3,5,5,3,0.347,53214.721,27,10,100,25202622,1,270746362,999257,0,part;partsupp;supplier;nation;region;_m,21485996,0,0,0,3359,3359,0
2026-08-12T10:58:06Z,625C3DB5256D85BE,18.4,queries/tpch/tpch-queries/q02/v2_decorrelate.sql,warmup,1,1,1,3,1.199,237.787,29,9,100,1939492,1,35307498,66426,2,partsupp;supplier;nation;region;part,40157,0,0,0,290,641,0
2026-08-12T10:58:06Z,625C3DB5256D85BE,18.4,queries/tpch/tpch-queries/q02/v2_decorrelate.sql,warmup,2,1,1,3,1.194,230.354,29,9,100,1939492,1,35307498,66426,2,partsupp;supplier;nation;region;part,40157,0,0,0,290,641,0
2026-08-12T10:58:07Z,625C3DB5256D85BE,18.4,queries/tpch/tpch-queries/q02/v2_decorrelate.sql,measured,1,1,5,3,1.285,236.335,29,9,100,1939492,1,35307498,66426,2,partsupp;supplier;nation;region;part,40157,0,0,0,290,641,0
2026-08-12T10:58:07Z,625C3DB5256D85BE,18.4,queries/tpch/tpch-queries/q02/v2_decorrelate.sql,measured,1,2,5,3,0.603,232.132,29,9,100,1939492,1,35307498,66426,2,partsupp;supplier;nation;region;part,40148,0,0,0,290,641,0
2026-08-12T10:58:07Z,625C3DB5256D85BE,18.4,queries/tpch/tpch-queries/q02/v2_decorrelate.sql,measured,1,3,5,3,0.591,235.688,29,9,100,1939492,1,35307498,66426,2,partsupp;supplier;nation;region;part,40148,0,0,0,290,641,0
2026-08-12T10:58:07Z,625C3DB5256D85BE,18.4,queries/tpch/tpch-queries/q02/v2_decorrelate.sql,measured,1,4,5,3,0.596,248.442,29,9,100,1939492,1,35307498,66426,2,partsupp;supplier;nation;region;part,40148,0,0,0,290,641,0
2026-08-12T10:58:07Z,625C3DB5256D85BE,18.4,queries/tpch/tpch-queries/q02/v2_decorrelate.sql,measured,1,5,5,3,0.593,226.940,29,9,100,1939492,1,35307498,66426,2,partsupp;supplier;nation;region;part,40148,0,0,0,290,641,0
2026-08-12T10:58:08Z,625C3DB5256D85BE,18.4,queries/tpch/tpch-queries/q02/v2_decorrelate.sql,measured,2,1,5,3,1.197,228.472,29,9,100,1939492,1,35307498,66426,2,partsupp;supplier;nation;region;part,40157,0,0,0,290,641,0
2026-08-12T10:58:08Z,625C3DB5256D85BE,18.4,queries/tpch/tpch-queries/q02/v2_decorrelate.sql,measured,2,2,5,3,0.628,226.042,29,9,100,1939492,1,35307498,66426,2,partsupp;supplier;nation;region;part,40148,0,0,0,290,641,0
2026-08-12T10:58:08Z,625C3DB5256D85BE,18.4,queries/tpch/tpch-queries/q02/v2_decorrelate.sql,measured,2,3,5,3,0.594,248.429,29,9,100,1939492,1,35307498,66426,2,partsupp;supplier;nation;region;part,40148,0,0,0,290,641,0
2026-08-12T10:58:08Z,625C3DB5256D85BE,18.4,queries/tpch/tpch-queries/q02/v2_decorrelate.sql,measured,2,4,5,3,0.600,223.764,29,9,100,1939492,1,35307498,66426,2,partsupp;supplier;nation;region;part,40148,0,0,0,290,641,0
2026-08-12T10:58:08Z,625C3DB5256D85BE,18.4,queries/tpch/tpch-queries/q02/v2_decorrelate.sql,measured,2,5,5,3,0.599,218.418,29,9,100,1939492,1,35307498,66426,2,partsupp;supplier;nation;region;part,40148,0,0,0,290,641,0
2026-08-12T10:58:10Z,625C3DB5256D85BE,18.4,queries/tpch/tpch-queries/q02/v2_decorrelate.sql,measured,3,1,5,3,1.191,239.246,29,9,100,1939492,1,35307498,66426,2,partsupp;supplier;nation;region;part,40157,0,0,0,290,641,0
2026-08-12T10:58:10Z,625C3DB5256D85BE,18.4,queries/tpch/tpch-queries/q02/v2_decorrelate.sql,measured,3,2,5,3,0.611,229.513,29,9,100,1939492,1,35307498,66426,2,partsupp;supplier;nation;region;part,40148,0,0,0,290,641,0
2026-08-12T10:58:10Z,625C3DB5256D85BE,18.4,queries/tpch/tpch-queries/q02/v2_decorrelate.sql,measured,3,3,5,3,0.617,221.618,29,9,100,1939492,1,35307498,66426,2,partsupp;supplier;nation;region;part,40148,0,0,0,290,641,0
2026-08-12T10:58:10Z,625C3DB5256D85BE,18.4,queries/tpch/tpch-queries/q02/v2_decorrelate.sql,measured,3,4,5,3,0.593,218.170,29,9,100,1939492,1,35307498,66426,2,partsupp;supplier;nation;region;part,40148,0,0,0,290,641,0
2026-08-12T10:58:10Z,625C3DB5256D85BE,18.4,queries/tpch/tpch-queries/q02/v2_decorrelate.sql,measured,3,5,5,3,0.608,218.049,29,9,100,1939492,1,35307498,66426,2,partsupp;supplier;nation;region;part,40148,0,0,0,290,641,0
2026-08-12T10:58:10Z,625C3DB5256D85BE,18.4,queries/tpch/tpch-queries/q03/base.sql,warmup,1,1,1,3,1.017,521.688,11,3,10,1037910,10,16353048,297522,2,orders;customer;lineitem,501688,124940,0,0,0,0,0
2026-08-12T10:58:11Z,625C3DB5256D85BE,18.4,queries/tpch/tpch-queries/q03/base.sql,warmup,2,1,1,3,1.141,494.431,11,3,10,1037910,10,16353048,297522,2,orders;customer;lineitem,515953,110675,0,0,0,0,0
2026-08-12T10:58:13Z,625C3DB5256D85BE,18.4,queries/tpch/tpch-queries/q03/base.sql,measured,1,1,5,3,1.296,473.678,11,3,10,1037910,10,16353048,297522,2,orders;customer;lineitem,515002,111626,0,0,0,0,0
2026-08-12T10:58:13Z,625C3DB5256D85BE,18.4,queries/tpch/tpch-queries/q03/base.sql,measured,1,2,5,3,0.301,459.369,11,3,10,1037910,10,16353048,297522,2,orders;customer;lineitem,514340,112285,0,0,0,0,0
2026-08-12T10:58:13Z,625C3DB5256D85BE,18.4,queries/tpch/tpch-queries/q03/base.sql,measured,1,3,5,3,0.286,451.662,11,3,10,1037910,10,16353048,297522,2,orders;customer;lineitem,515500,111125,0,0,0,0,0
2026-08-12T10:58:13Z,625C3DB5256D85BE,18.4,queries/tpch/tpch-queries/q03/base.sql,measured,1,4,5,3,0.282,445.601,11,3,10,1037910,10,16353048,297522,2,orders;customer;lineitem,514994,111631,0,0,0,0,0
2026-08-12T10:58:13Z,625C3DB5256D85BE,18.4,queries/tpch/tpch-queries/q03/base.sql,measured,1,5,5,3,0.285,450.889,11,3,10,1037910,10,16353048,297522,2,orders;customer;lineitem,514337,112288,0,0,0,0,0
2026-08-12T10:58:16Z,625C3DB5256D85BE,18.4,queries/tpch/tpch-queries/q03/base.sql,measured,2,1,5,3,1.229,488.803,11,3,10,1037910,10,16353048,297522,2,orders;customer;lineitem,515505,111123,0,0,0,0,0
2026-08-12T10:58:16Z,625C3DB5256D85BE,18.4,queries/tpch/tpch-queries/q03/base.sql,measured,2,2,5,3,0.289,448.156,11,3,10,1037910,10,16353048,297522,2,orders;customer;lineitem,514999,111626,0,0,0,0,0
2026-08-12T10:58:16Z,625C3DB5256D85BE,18.4,queries/tpch/tpch-queries/q03/base.sql,measured,2,3,5,3,0.281,442.730,11,3,10,1037910,10,16353048,297522,2,orders;customer;lineitem,514337,112288,0,0,0,0,0
2026-08-12T10:58:16Z,625C3DB5256D85BE,18.4,queries/tpch/tpch-queries/q03/base.sql,measured,2,4,5,3,0.300,454.199,11,3,10,1037910,10,16353048,297522,2,orders;customer;lineitem,515498,111127,0,0,0,0,0
2026-08-12T10:58:16Z,625C3DB5256D85BE,18.4,queries/tpch/tpch-queries/q03/base.sql,measured,2,5,5,3,0.298,451.130,11,3,10,1037910,10,16353048,297522,2,orders;customer;lineitem,514996,111629,0,0,0,0,0
2026-08-12T10:58:18Z,625C3DB5256D85BE,18.4,queries/tpch/tpch-queries/q03/base.sql,measured,3,1,5,3,1.127,484.421,11,3,10,1037910,10,16353048,297522,2,orders;customer;lineitem,514344,112284,0,0,0,0,0
2026-08-12T10:58:18Z,625C3DB5256D85BE,18.4,queries/tpch/tpch-queries/q03/base.sql,measured,3,2,5,3,0.304,443.437,11,3,10,1037910,10,16353048,297522,2,orders;customer;lineitem,515501,111124,0,0,0,0,0
2026-08-12T10:58:18Z,625C3DB5256D85BE,18.4,queries/tpch/tpch-queries/q03/base.sql,measured,3,3,5,3,0.281,450.704,11,3,10,1037910,10,16353048,297522,2,orders;customer;lineitem,514996,111629,0,0,0,0,0
2026-08-12T10:58:18Z,625C3DB5256D85BE,18.4,queries/tpch/tpch-queries/q03/base.sql,measured,3,4,5,3,0.278,441.025,11,3,10,1037910,10,16353048,297522,2,orders;customer;lineitem,514337,112288,0,0,0,0,0
2026-08-12T10:58:18Z,625C3DB5256D85BE,18.4,queries/tpch/tpch-queries/q03/base.sql,measured,3,5,5,3,0.279,455.464,11,3,10,1037910,10,16353048,297522,2,orders;customer;lineitem,515498,111127,0,0,0,0,0
2026-08-12T10:58:19Z,625C3DB5256D85BE,18.4,queries/tpch/tpch-queries/q03/v1_materialized.sql,warmup,1,1,1,3,1.389,496.345,12,4,10,1049530,10,16864328,297522,2,orders;customer;lineitem;_m,515003,111625,0,0,0,0,0
2026-08-12T10:58:19Z,625C3DB5256D85BE,18.4,queries/tpch/tpch-queries/q03/v1_materialized.sql,warmup,2,1,1,3,1.032,481.083,12,4,10,1049530,10,16864328,297522,2,orders;customer;lineitem;_m,514344,112284,0,0,0,0,0
2026-08-12T10:58:22Z,625C3DB5256D85BE,18.4,queries/tpch/tpch-queries/q03/v1_materialized.sql,measured,1,1,5,3,1.681,498.011,12,4,10,1049530,10,16864328,297522,2,orders;customer;lineitem;_m,515505,111123,0,0,0,0,0
2026-08-12T10:58:22Z,625C3DB5256D85BE,18.4,queries/tpch/tpch-queries/q03/v1_materialized.sql,measured,1,2,5,3,0.296,461.053,12,4,10,1049530,10,16864328,297522,2,orders;customer;lineitem;_m,514999,111626,0,0,0,0,0
2026-08-12T10:58:22Z,625C3DB5256D85BE,18.4,queries/tpch/tpch-queries/q03/v1_materialized.sql,measured,1,3,5,3,0.302,451.597,12,4,10,1049530,10,16864328,297522,2,orders;customer;lineitem;_m,514337,112288,0,0,0,0,0
2026-08-12T10:58:22Z,625C3DB5256D85BE,18.4,queries/tpch/tpch-queries/q03/v1_materialized.sql,measured,1,4,5,3,0.298,454.644,12,4,10,1049530,10,16864328,297522,2,orders;customer;lineitem;_m,515498,111127,0,0,0,0,0
2026-08-12T10:58:22Z,625C3DB5256D85BE,18.4,queries/tpch/tpch-queries/q03/v1_materialized.sql,measured,1,5,5,3,0.283,455.450,12,4,10,1049530,10,16864328,297522,2,orders;customer;lineitem;_m,514996,111629,0,0,0,0,0
2026-08-12T10:58:24Z,625C3DB5256D85BE,18.4,queries/tpch/tpch-queries/q03/v1_materialized.sql,measured,2,1,5,3,1.251,485.784,12,4,10,1049530,10,16864328,297522,2,orders;customer;lineitem;_m,514344,112284,0,0,0,0,0
2026-08-12T10:58:24Z,625C3DB5256D85BE,18.4,queries/tpch/tpch-queries/q03/v1_materialized.sql,measured,2,2,5,3,0.300,457.564,12,4,10,1049530,10,16864328,297522,2,orders;customer;lineitem;_m,515501,111124,0,0,0,0,0
2026-08-12T10:58:24Z,625C3DB5256D85BE,18.4,queries/tpch/tpch-queries/q03/v1_materialized.sql,measured,2,3,5,3,0.307,458.283,12,4,10,1049530,10,16864328,297522,2,orders;customer;lineitem;_m,514996,111629,0,0,0,0,0
2026-08-12T10:58:24Z,625C3DB5256D85BE,18.4,queries/tpch/tpch-queries/q03/v1_materialized.sql,measured,2,4,5,3,0.296,446.349,12,4,10,1049530,10,16864328,297522,2,orders;customer;lineitem;_m,514337,112288,0,0,0,0,0
2026-08-12T10:58:24Z,625C3DB5256D85BE,18.4,queries/tpch/tpch-queries/q03/v1_materialized.sql,measured,2,5,5,3,0.286,443.358,12,4,10,1049530,10,16864328,297522,2,orders;customer;lineitem;_m,515498,111127,0,0,0,0,0
2026-08-12T10:58:26Z,625C3DB5256D85BE,18.4,queries/tpch/tpch-queries/q03/v1_materialized.sql,measured,3,1,5,3,1.745,498.514,12,4,10,1049530,10,16864328,297522,2,orders;customer;lineitem;_m,515003,111625,0,0,0,0,0
2026-08-12T10:58:26Z,625C3DB5256D85BE,18.4,queries/tpch/tpch-queries/q03/v1_materialized.sql,measured,3,2,5,3,0.295,445.214,12,4,10,1049530,10,16864328,297522,2,orders;customer;lineitem;_m,514340,112285,0,0,0,0,0
2026-08-12T10:58:26Z,625C3DB5256D85BE,18.4,queries/tpch/tpch-queries/q03/v1_materialized.sql,measured,3,3,5,3,0.291,458.781,12,4,10,1049530,10,16864328,297522,2,orders;customer;lineitem;_m,515498,111127,0,0,0,0,0
2026-08-12T10:58:26Z,625C3DB5256D85BE,18.4,queries/tpch/tpch-queries/q03/v1_materialized.sql,measured,3,4,5,3,0.282,442.677,12,4,10,1049530,10,16864328,297522,2,orders;customer;lineitem;_m,514996,111629,0,0,0,0,0
2026-08-12T10:58:26Z,625C3DB5256D85BE,18.4,queries/tpch/tpch-queries/q03/v1_materialized.sql,measured,3,5,5,3,0.298,443.349,12,4,10,1049530,10,16864328,297522,2,orders;customer;lineitem;_m,514337,112288,0,0,0,0,0
2026-08-12T10:58:27Z,625C3DB5256D85BE,18.4,queries/tpch/tpch-queries/q04/base.sql,warmup,1,1,1,3,0.947,186.439,7,2,5,162293,5,2825832,480928,2,orders;lineitem,196299,59169,0,0,0,0,0
2026-08-12T10:58:27Z,625C3DB5256D85BE,18.4,queries/tpch/tpch-queries/q04/base.sql,warmup,2,1,1,3,1.153,176.974,7,2,5,162293,5,2825832,480928,2,orders;lineitem,229282,26186,0,0,0,0,0
2026-08-12T10:58:28Z,625C3DB5256D85BE,18.4,queries/tpch/tpch-queries/q04/base.sql,measured,1,1,5,3,1.257,183.318,7,2,5,162293,5,2825832,480928,2,orders;lineitem,231080,24388,0,0,0,0,0
2026-08-12T10:58:28Z,625C3DB5256D85BE,18.4,queries/tpch/tpch-queries/q04/base.sql,measured,1,2,5,3,0.150,133.058,7,2,5,162293,5,2825832,480928,2,orders;lineitem,231944,23524,0,0,0,0,0
2026-08-12T10:58:28Z,625C3DB5256D85BE,18.4,queries/tpch/tpch-queries/q04/base.sql,measured,1,3,5,3,0.165,129.650,7,2,5,162293,5,2825832,480928,2,orders;lineitem,232808,22660,0,0,0,0,0
2026-08-12T10:58:28Z,625C3DB5256D85BE,18.4,queries/tpch/tpch-queries/q04/base.sql,measured,1,4,5,3,0.155,131.986,7,2,5,162293,5,2825832,480928,2,orders;lineitem,233672,21796,0,0,0,0,0
2026-08-12T10:58:28Z,625C3DB5256D85BE,18.4,queries/tpch/tpch-queries/q04/base.sql,measured,1,5,5,3,0.167,131.950,7,2,5,162293,5,2825832,480928,2,orders;lineitem,234536,20932,0,0,0,0,0
2026-08-12T10:58:29Z,625C3DB5256D85BE,18.4,queries/tpch/tpch-queries/q04/base.sql,measured,2,1,5,3,0.965,171.453,7,2,5,162293,5,2825832,480928,2,orders;lineitem,235400,20068,0,0,0,0,0
2026-08-12T10:58:29Z,625C3DB5256D85BE,18.4,queries/tpch/tpch-queries/q04/base.sql,measured,2,2,5,3,0.151,127.712,7,2,5,162293,5,2825832,480928,2,orders;lineitem,236264,19204,0,0,0,0,0
2026-08-12T10:58:29Z,625C3DB5256D85BE,18.4,queries/tpch/tpch-queries/q04/base.sql,measured,2,3,5,3,0.162,126.754,7,2,5,162293,5,2825832,480928,2,orders;lineitem,237128,18340,0,0,0,0,0
2026-08-12T10:58:29Z,625C3DB5256D85BE,18.4,queries/tpch/tpch-queries/q04/base.sql,measured,2,4,5,3,0.169,125.538,7,2,5,162293,5,2825832,480928,2,orders;lineitem,237992,17476,0,0,0,0,0
2026-08-12T10:58:29Z,625C3DB5256D85BE,18.4,queries/tpch/tpch-queries/q04/base.sql,measured,2,5,5,3,0.155,126.291,7,2,5,162293,5,2825832,480928,2,orders;lineitem,238706,16762,0,0,0,0,0
2026-08-12T10:58:29Z,625C3DB5256D85BE,18.4,queries/tpch/tpch-queries/q04/base.sql,measured,3,1,5,3,0.972,159.021,7,2,5,162293,5,2825832,480928,2,orders;lineitem,238773,16695,0,0,0,0,0
2026-08-12T10:58:29Z,625C3DB5256D85BE,18.4,queries/tpch/tpch-queries/q04/base.sql,measured,3,2,5,3,0.152,132.470,7,2,5,162293,5,2825832,480928,2,orders;lineitem,238773,16695,0,0,0,0,0
2026-08-12T10:58:29Z,625C3DB5256D85BE,18.4,queries/tpch/tpch-queries/q04/base.sql,measured,3,3,5,3,0.162,132.092,7,2,5,162293,5,2825832,480928,2,orders;lineitem,238773,16695,0,0,0,0,0
2026-08-12T10:58:29Z,625C3DB5256D85BE,18.4,queries/tpch/tpch-queries/q04/base.sql,measured,3,4,5,3,0.194,125.898,7,2,5,162293,5,2825832,480928,2,orders;lineitem,238773,16695,0,0,0,0,0
2026-08-12T10:58:29Z,625C3DB5256D85BE,18.4,queries/tpch/tpch-queries/q04/base.sql,measured,3,5,5,3,0.156,124.181,7,2,5,162293,5,2825832,480928,2,orders;lineitem,238801,16667,0,0,0,0,0
2026-08-12T10:58:30Z,625C3DB5256D85BE,18.4,queries/tpch/tpch-queries/q04/v1_materialized.sql,warmup,1,1,1,3,1.083,156.370,8,3,5,162298,5,2826192,480928,2,_m;orders;lineitem,238741,16727,0,0,0,0,0
2026-08-12T10:58:30Z,625C3DB5256D85BE,18.4,queries/tpch/tpch-queries/q04/v1_materialized.sql,warmup,2,1,1,3,1.020,151.287,8,3,5,162298,5,2826192,480928,2,_m;orders;lineitem,238741,16727,0,0,0,0,0
2026-08-12T10:58:31Z,625C3DB5256D85BE,18.4,queries/tpch/tpch-queries/q04/v1_materialized.sql,measured,1,1,5,3,1.159,169.238,8,3,5,162298,5,2826192,480928,2,_m;orders;lineitem,238741,16727,0,0,0,0,0
2026-08-12T10:58:31Z,625C3DB5256D85BE,18.4,queries/tpch/tpch-queries/q04/v1_materialized.sql,measured,1,2,5,3,0.180,121.435,8,3,5,162298,5,2826192,480928,2,_m;orders;lineitem,238741,16727,0,0,0,0,0
2026-08-12T10:58:31Z,625C3DB5256D85BE,18.4,queries/tpch/tpch-queries/q04/v1_materialized.sql,measured,1,3,5,3,0.177,125.542,8,3,5,162298,5,2826192,480928,2,_m;orders;lineitem,238773,16695,0,0,0,0,0
2026-08-12T10:58:31Z,625C3DB5256D85BE,18.4,queries/tpch/tpch-queries/q04/v1_materialized.sql,measured,1,4,5,3,0.185,127.495,8,3,5,162298,5,2826192,480928,2,_m;orders;lineitem,238773,16695,0,0,0,0,0
2026-08-12T10:58:31Z,625C3DB5256D85BE,18.4,queries/tpch/tpch-queries/q04/v1_materialized.sql,measured,1,5,5,3,0.172,127.052,8,3,5,162298,5,2826192,480928,2,_m;orders;lineitem,238773,16695,0,0,0,0,0
2026-08-12T10:58:31Z,625C3DB5256D85BE,18.4,queries/tpch/tpch-queries/q04/v1_materialized.sql,measured,2,1,5,3,1.686,189.099,8,3,5,162298,5,2826192,480928,2,_m;orders;lineitem,238741,16727,0,0,0,0,0
2026-08-12T10:58:31Z,625C3DB5256D85BE,18.4,queries/tpch/tpch-queries/q04/v1_materialized.sql,measured,2,2,5,3,0.179,127.526,8,3,5,162298,5,2826192,480928,2,_m;orders;lineitem,238741,16727,0,0,0,0,0
2026-08-12T10:58:31Z,625C3DB5256D85BE,18.4,queries/tpch/tpch-queries/q04/v1_materialized.sql,measured,2,3,5,3,0.183,130.446,8,3,5,162298,5,2826192,480928,2,_m;orders;lineitem,238773,16695,0,0,0,0,0
2026-08-12T10:58:31Z,625C3DB5256D85BE,18.4,queries/tpch/tpch-queries/q04/v1_materialized.sql,measured,2,4,5,3,0.170,131.551,8,3,5,162298,5,2826192,480928,2,_m;orders;lineitem,238784,16684,0,0,0,0,0
2026-08-12T10:58:31Z,625C3DB5256D85BE,18.4,queries/tpch/tpch-queries/q04/v1_materialized.sql,measured,2,5,5,3,0.183,129.739,8,3,5,162298,5,2826192,480928,2,_m;orders;lineitem,238791,16677,0,0,0,0,0
2026-08-12T10:58:32Z,625C3DB5256D85BE,18.4,queries/tpch/tpch-queries/q04/v1_materialized.sql,measured,3,1,5,3,1.061,133.968,8,3,5,162298,5,2826192,480928,2,_m;orders;lineitem,238741,16727,0,0,0,0,0
2026-08-12T10:58:32Z,625C3DB5256D85BE,18.4,queries/tpch/tpch-queries/q04/v1_materialized.sql,measured,3,2,5,3,0.180,124.293,8,3,5,162298,5,2826192,480928,2,_m;orders;lineitem,238741,16727,0,0,0,0,0
2026-08-12T10:58:32Z,625C3DB5256D85BE,18.4,queries/tpch/tpch-queries/q04/v1_materialized.sql,measured,3,3,5,3,0.178,127.256,8,3,5,162298,5,2826192,480928,2,_m;orders;lineitem,238773,16695,0,0,0,0,0
2026-08-12T10:58:32Z,625C3DB5256D85BE,18.4,queries/tpch/tpch-queries/q04/v1_materialized.sql,measured,3,4,5,3,0.171,124.312,8,3,5,162298,5,2826192,480928,2,_m;orders;lineitem,238784,16684,0,0,0,0,0
2026-08-12T10:58:32Z,625C3DB5256D85BE,18.4,queries/tpch/tpch-queries/q04/v1_materialized.sql,measured,3,5,5,3,0.169,130.310,8,3,5,162298,5,2826192,480928,2,_m;orders;lineitem,238789,16679,0,0,0,0,0
2026-08-12T10:58:32Z,625C3DB5256D85BE,18.4,queries/tpch/tpch-queries/q04/v2_in.sql,warmup,1,1,1,3,1.067,151.950,7,2,5,162293,5,2825832,480928,2,orders;lineitem,238741,16727,0,0,0,0,0
2026-08-12T10:58:33Z,625C3DB5256D85BE,18.4,queries/tpch/tpch-queries/q04/v2_in.sql,warmup,2,1,1,3,1.308,187.026,7,2,5,162293,5,2825832,480928,2,orders;lineitem,238741,16727,0,0,0,0,0
2026-08-12T10:58:33Z,625C3DB5256D85BE,18.4,queries/tpch/tpch-queries/q04/v2_in.sql,measured,1,1,5,3,0.695,138.933,7,2,5,162293,5,2825832,480928,2,orders;lineitem,238741,16727,0,0,0,0,0
2026-08-12T10:58:33Z,625C3DB5256D85BE,18.4,queries/tpch/tpch-queries/q04/v2_in.sql,measured,1,2,5,3,0.161,128.370,7,2,5,162293,5,2825832,480928,2,orders;lineitem,238741,16727,0,0,0,0,0
2026-08-12T10:58:33Z,625C3DB5256D85BE,18.4,queries/tpch/tpch-queries/q04/v2_in.sql,measured,1,3,5,3,0.163,125.794,7,2,5,162293,5,2825832,480928,2,orders;lineitem,238773,16695,0,0,0,0,0
2026-08-12T10:58:33Z,625C3DB5256D85BE,18.4,queries/tpch/tpch-queries/q04/v2_in.sql,measured,1,4,5,3,0.159,132.378,7,2,5,162293,5,2825832,480928,2,orders;lineitem,238773,16695,0,0,0,0,0
2026-08-12T10:58:33Z,625C3DB5256D85BE,18.4,queries/tpch/tpch-queries/q04/v2_in.sql,measured,1,5,5,3,0.164,126.092,7,2,5,162293,5,2825832,480928,2,orders;lineitem,238774,16694,0,0,0,0,0
2026-08-12T10:58:34Z,625C3DB5256D85BE,18.4,queries/tpch/tpch-queries/q04/v2_in.sql,measured,2,1,5,3,1.553,182.662,7,2,5,162293,5,2825832,480928,2,orders;lineitem,238741,16727,0,0,0,0,0
2026-08-12T10:58:34Z,625C3DB5256D85BE,18.4,queries/tpch/tpch-queries/q04/v2_in.sql,measured,2,2,5,3,0.165,124.692,7,2,5,162293,5,2825832,480928,2,orders;lineitem,238741,16727,0,0,0,0,0
2026-08-12T10:58:34Z,625C3DB5256D85BE,18.4,queries/tpch/tpch-queries/q04/v2_in.sql,measured,2,3,5,3,0.162,124.960,7,2,5,162293,5,2825832,480928,2,orders;lineitem,238773,16695,0,0,0,0,0
2026-08-12T10:58:34Z,625C3DB5256D85BE,18.4,queries/tpch/tpch-queries/q04/v2_in.sql,measured,2,4,5,3,0.166,125.437,7,2,5,162293,5,2825832,480928,2,orders;lineitem,238784,16684,0,0,0,0,0
2026-08-12T10:58:34Z,625C3DB5256D85BE,18.4,queries/tpch/tpch-queries/q04/v2_in.sql,measured,2,5,5,3,0.169,127.365,7,2,5,162293,5,2825832,480928,2,orders;lineitem,238758,16710,0,0,0,0,0
2026-08-12T10:58:35Z,625C3DB5256D85BE,18.4,queries/tpch/tpch-queries/q04/v2_in.sql,measured,3,1,5,3,0.816,140.992,7,2,5,162293,5,2825832,480928,2,orders;lineitem,238708,16760,0,0,0,0,0
2026-08-12T10:58:35Z,625C3DB5256D85BE,18.4,queries/tpch/tpch-queries/q04/v2_in.sql,measured,3,2,5,3,0.153,127.430,7,2,5,162293,5,2825832,480928,2,orders;lineitem,238722,16746,0,0,0,0,0
2026-08-12T10:58:35Z,625C3DB5256D85BE,18.4,queries/tpch/tpch-queries/q04/v2_in.sql,measured,3,3,5,3,0.168,129.776,7,2,5,162293,5,2825832,480928,2,orders;lineitem,238756,16712,0,0,0,0,0
2026-08-12T10:58:35Z,625C3DB5256D85BE,18.4,queries/tpch/tpch-queries/q04/v2_in.sql,measured,3,4,5,3,0.155,124.340,7,2,5,162293,5,2825832,480928,2,orders;lineitem,238739,16729,0,0,0,0,0
2026-08-12T10:58:35Z,625C3DB5256D85BE,18.4,queries/tpch/tpch-queries/q04/v2_in.sql,measured,3,5,5,3,0.157,125.037,7,2,5,162293,5,2825832,480928,2,orders;lineitem,238781,16687,0,0,0,0,0
2026-08-12T10:58:36Z,625C3DB5256D85BE,18.4,queries/tpch/tpch-queries/q05/base.sql,warmup,1,1,1,3,5.328,409.556,19,6,5,699121,25,18257548,12,2,customer;nation;region;orders;lineitem;supplier,516689,66384,0,0,0,0,0
2026-08-12T10:58:36Z,625C3DB5256D85BE,18.4,queries/tpch/tpch-queries/q05/base.sql,warmup,2,1,1,3,1.988,323.156,19,6,5,699121,25,18257548,12,2,customer;nation;region;orders;lineitem;supplier,540540,42533,0,0,0,0,0
2026-08-12T10:58:38Z,625C3DB5256D85BE,18.4,queries/tpch/tpch-queries/q05/base.sql,measured,1,1,5,3,2.926,337.257,19,6,5,699121,25,18257548,12,2,customer;nation;region;orders;lineitem;supplier,539514,43559,0,0,0,0,0
2026-08-12T10:58:38Z,625C3DB5256D85BE,18.4,queries/tpch/tpch-queries/q05/base.sql,measured,1,2,5,3,1.053,314.520,19,6,5,699121,25,18257548,12,2,customer;nation;region;orders;lineitem;supplier,539174,43896,0,0,0,0,0
2026-08-12T10:58:38Z,625C3DB5256D85BE,18.4,queries/tpch/tpch-queries/q05/base.sql,measured,1,3,5,3,0.962,308.564,19,6,5,699121,25,18257548,12,2,customer;nation;region;orders;lineitem;supplier,539153,43917,0,0,0,0,0
2026-08-12T10:58:38Z,625C3DB5256D85BE,18.4,queries/tpch/tpch-queries/q05/base.sql,measured,1,4,5,3,0.981,319.254,19,6,5,699121,25,18257548,12,2,customer;nation;region;orders;lineitem;supplier,538856,44214,0,0,0,0,0
2026-08-12T10:58:38Z,625C3DB5256D85BE,18.4,queries/tpch/tpch-queries/q05/base.sql,measured,1,5,5,3,1.020,309.312,19,6,5,699121,25,18257548,12,2,customer;nation;region;orders;lineitem;supplier,538854,44216,0,0,0,0,0
2026-08-12T10:58:39Z,625C3DB5256D85BE,18.4,queries/tpch/tpch-queries/q05/base.sql,measured,2,1,5,3,2.068,325.044,19,6,5,699121,25,18257548,12,2,customer;nation;region;orders;lineitem;supplier,538797,44276,0,0,0,0,0
2026-08-12T10:58:39Z,625C3DB5256D85BE,18.4,queries/tpch/tpch-queries/q05/base.sql,measured,2,2,5,3,1.089,318.048,19,6,5,699121,25,18257548,12,2,customer;nation;region;orders;lineitem;supplier,538632,44438,0,0,0,0,0
2026-08-12T10:58:39Z,625C3DB5256D85BE,18.4,queries/tpch/tpch-queries/q05/base.sql,measured,2,3,5,3,0.923,312.727,19,6,5,699121,25,18257548,12,2,customer;nation;region;orders;lineitem;supplier,538599,44471,0,0,0,0,0
2026-08-12T10:58:39Z,625C3DB5256D85BE,18.4,queries/tpch/tpch-queries/q05/base.sql,measured,2,4,5,3,0.986,310.312,19,6,5,699121,25,18257548,12,2,customer;nation;region;orders;lineitem;supplier,538761,44309,0,0,0,0,0
2026-08-12T10:58:39Z,625C3DB5256D85BE,18.4,queries/tpch/tpch-queries/q05/base.sql,measured,2,5,5,3,0.979,308.192,19,6,5,699121,25,18257548,12,2,customer;nation;region;orders;lineitem;supplier,538681,44389,0,0,0,0,0
2026-08-12T10:58:41Z,625C3DB5256D85BE,18.4,queries/tpch/tpch-queries/q05/base.sql,measured,3,1,5,3,2.262,319.744,19,6,5,699121,25,18257548,12,2,customer;nation;region;orders;lineitem;supplier,538554,44519,0,0,0,0,0
2026-08-12T10:58:41Z,625C3DB5256D85BE,18.4,queries/tpch/tpch-queries/q05/base.sql,measured,3,2,5,3,1.095,309.790,19,6,5,699121,25,18257548,12,2,customer;nation;region;orders;lineitem;supplier,538804,44266,0,0,0,0,0
2026-08-12T10:58:41Z,625C3DB5256D85BE,18.4,queries/tpch/tpch-queries/q05/base.sql,measured,3,3,5,3,0.979,307.636,19,6,5,699121,25,18257548,12,2,customer;nation;region;orders;lineitem;supplier,538688,44382,0,0,0,0,0
2026-08-12T10:58:41Z,625C3DB5256D85BE,18.4,queries/tpch/tpch-queries/q05/base.sql,measured,3,4,5,3,1.003,310.516,19,6,5,699121,25,18257548,12,2,customer;nation;region;orders;lineitem;supplier,538663,44407,0,0,0,0,0
2026-08-12T10:58:41Z,625C3DB5256D85BE,18.4,queries/tpch/tpch-queries/q05/base.sql,measured,3,5,5,3,0.958,305.574,19,6,5,699121,25,18257548,12,2,customer;nation;region;orders;lineitem;supplier,538733,44337,0,0,0,0,0
2026-08-12T10:58:41Z,625C3DB5256D85BE,18.4,queries/tpch/tpch-queries/q05/v1_materialized.sql,warmup,1,1,1,3,1.983,323.346,20,7,5,699126,25,18258618,12,2,customer;nation;region;orders;lineitem;supplier;_m,538661,44412,0,0,0,0,0
2026-08-12T10:58:42Z,625C3DB5256D85BE,18.4,queries/tpch/tpch-queries/q05/v1_materialized.sql,warmup,2,1,1,3,3.865,344.222,20,7,5,699126,25,18258618,12,2,customer;nation;region;orders;lineitem;supplier;_m,538733,44340,0,0,0,0,0
2026-08-12T10:58:44Z,625C3DB5256D85BE,18.4,queries/tpch/tpch-queries/q05/v1_materialized.sql,measured,1,1,5,3,2.752,327.562,20,7,5,699126,25,18258618,12,2,customer;nation;region;orders;lineitem;supplier;_m,538594,44479,0,0,0,0,0
2026-08-12T10:58:44Z,625C3DB5256D85BE,18.4,queries/tpch/tpch-queries/q05/v1_materialized.sql,measured,1,2,5,3,1.087,312.392,20,7,5,699126,25,18258618,12,2,customer;nation;region;orders;lineitem;supplier;_m,538661,44409,0,0,0,0,0
2026-08-12T10:58:44Z,625C3DB5256D85BE,18.4,queries/tpch/tpch-queries/q05/v1_materialized.sql,measured,1,3,5,3,0.982,307.201,20,7,5,699126,25,18258618,12,2,customer;nation;region;orders;lineitem;supplier;_m,538698,44372,0,0,0,0,0
2026-08-12T10:58:44Z,625C3DB5256D85BE,18.4,queries/tpch/tpch-queries/q05/v1_materialized.sql,measured,1,4,5,3,1.015,310.832,20,7,5,699126,25,18258618,12,2,customer;nation;region;orders;lineitem;supplier;_m,538654,44416,0,0,0,0,0
2026-08-12T10:58:44Z,625C3DB5256D85BE,18.4,queries/tpch/tpch-queries/q05/v1_materialized.sql,measured,1,5,5,3,0.944,310.097,20,7,5,699126,25,18258618,12,2,customer;nation;region;orders;lineitem;supplier;_m,538598,44472,0,0,0,0,0
2026-08-12T10:58:45Z,625C3DB5256D85BE,18.4,queries/tpch/tpch-queries/q05/v1_materialized.sql,measured,2,1,5,3,1.953,312.046,20,7,5,699126,25,18258618,12,2,customer;nation;region;orders;lineitem;supplier;_m,538785,44288,0,0,0,0,0
2026-08-12T10:58:45Z,625C3DB5256D85BE,18.4,queries/tpch/tpch-queries/q05/v1_materialized.sql,measured,2,2,5,3,1.058,308.275,20,7,5,699126,25,18258618,12,2,customer;nation;region;orders;lineitem;supplier;_m,538778,44292,0,0,0,0,0
2026-08-12T10:58:45Z,625C3DB5256D85BE,18.4,queries/tpch/tpch-queries/q05/v1_materialized.sql,measured,2,3,5,3,1.015,304.427,20,7,5,699126,25,18258618,12,2,customer;nation;region;orders;lineitem;supplier;_m,538549,44521,0,0,0,0,0
2026-08-12T10:58:45Z,625C3DB5256D85BE,18.4,queries/tpch/tpch-queries/q05/v1_materialized.sql,measured,2,4,5,3,1.002,307.651,20,7,5,699126,25,18258618,12,2,customer;nation;region;orders;lineitem;supplier;_m,538746,44324,0,0,0,0,0
2026-08-12T10:58:45Z,625C3DB5256D85BE,18.4,queries/tpch/tpch-queries/q05/v1_materialized.sql,measured,2,5,5,3,0.908,306.574,20,7,5,699126,25,18258618,12,2,customer;nation;region;orders;lineitem;supplier;_m,538777,44293,0,0,0,0,0
2026-08-12T10:58:47Z,625C3DB5256D85BE,18.4,queries/tpch/tpch-queries/q05/v1_materialized.sql,measured,3,1,5,3,3.138,332.152,20,7,5,699126,25,18258618,12,2,customer;nation;region;orders;lineitem;supplier;_m,538476,44597,0,0,0,0,0
2026-08-12T10:58:47Z,625C3DB5256D85BE,18.4,queries/tpch/tpch-queries/q05/v1_materialized.sql,measured,3,2,5,3,1.049,306.111,20,7,5,699126,25,18258618,12,2,customer;nation;region;orders;lineitem;supplier;_m,538822,44248,0,0,0,0,0
2026-08-12T10:58:47Z,625C3DB5256D85BE,18.4,queries/tpch/tpch-queries/q05/v1_materialized.sql,measured,3,3,5,3,0.987,309.354,20,7,5,699126,25,18258618,12,2,customer;nation;region;orders;lineitem;supplier;_m,538815,44255,0,0,0,0,0
2026-08-12T10:58:47Z,625C3DB5256D85BE,18.4,queries/tpch/tpch-queries/q05/v1_materialized.sql,measured,3,4,5,3,0.971,307.564,20,7,5,699126,25,18258618,12,2,customer;nation;region;orders;lineitem;supplier;_m,538392,44678,0,0,0,0,0
2026-08-12T10:58:47Z,625C3DB5256D85BE,18.4,queries/tpch/tpch-queries/q05/v1_materialized.sql,measured,3,5,5,3,0.965,306.022,20,7,5,699126,25,18258618,12,2,customer;nation;region;orders;lineitem;supplier;_m,538874,44196,0,0,0,0,0
2026-08-12T10:58:47Z,625C3DB5256D85BE,18.4,queries/tpch/tpch-queries/q06/base.sql,warmup,1,1,1,3,0.741,426.907,4,1,1,114166,1,1370132,1962352,2,lineitem,26044,86556,0,0,0,0,0
2026-08-12T10:58:48Z,625C3DB5256D85BE,18.4,queries/tpch/tpch-queries/q06/base.sql,warmup,2,1,1,3,0.513,448.640,4,1,1,114166,1,1370132,1962352,2,lineitem,26908,85692,0,0,0,0,0
2026-08-12T10:58:50Z,625C3DB5256D85BE,18.4,queries/tpch/tpch-queries/q06/base.sql,measured,1,1,5,3,0.682,527.038,4,1,1,114166,1,1370132,1962352,2,lineitem,27772,84828,0,0,0,0,0
2026-08-12T10:58:50Z,625C3DB5256D85BE,18.4,queries/tpch/tpch-queries/q06/base.sql,measured,1,2,5,3,0.076,467.892,4,1,1,114166,1,1370132,1962352,2,lineitem,28636,83964,0,0,0,0,0
2026-08-12T10:58:50Z,625C3DB5256D85BE,18.4,queries/tpch/tpch-queries/q06/base.sql,measured,1,3,5,3,0.073,436.608,4,1,1,114166,1,1370132,1962352,2,lineitem,29500,83100,0,0,0,0,0
2026-08-12T10:58:50Z,625C3DB5256D85BE,18.4,queries/tpch/tpch-queries/q06/base.sql,measured,1,4,5,3,0.068,438.500,4,1,1,114166,1,1370132,1962352,2,lineitem,30211,82389,0,0,0,0,0
2026-08-12T10:58:50Z,625C3DB5256D85BE,18.4,queries/tpch/tpch-queries/q06/base.sql,measured,1,5,5,3,0.068,388.293,4,1,1,114166,1,1370132,1962352,2,lineitem,30930,81670,0,0,0,0,0
2026-08-12T10:58:52Z,625C3DB5256D85BE,18.4,queries/tpch/tpch-queries/q06/base.sql,measured,2,1,5,3,0.728,508.855,4,1,1,114166,1,1370132,1962352,2,lineitem,31794,80806,0,0,0,0,0
2026-08-12T10:58:52Z,625C3DB5256D85BE,18.4,queries/tpch/tpch-queries/q06/base.sql,measured,2,2,5,3,0.068,393.856,4,1,1,114166,1,1370132,1962352,2,lineitem,32658,79942,0,0,0,0,0
2026-08-12T10:58:52Z,625C3DB5256D85BE,18.4,queries/tpch/tpch-queries/q06/base.sql,measured,2,3,5,3,0.067,406.985,4,1,1,114166,1,1370132,1962352,2,lineitem,33522,79078,0,0,0,0,0
2026-08-12T10:58:52Z,625C3DB5256D85BE,18.4,queries/tpch/tpch-queries/q06/base.sql,measured,2,4,5,3,0.083,431.711,4,1,1,114166,1,1370132,1962352,2,lineitem,34386,78214,0,0,0,0,0
2026-08-12T10:58:52Z,625C3DB5256D85BE,18.4,queries/tpch/tpch-queries/q06/base.sql,measured,2,5,5,3,0.068,378.818,4,1,1,114166,1,1370132,1962352,2,lineitem,35250,77350,0,0,0,0,0
2026-08-12T10:58:55Z,625C3DB5256D85BE,18.4,queries/tpch/tpch-queries/q06/base.sql,measured,3,1,5,3,0.588,515.825,4,1,1,114166,1,1370132,1962352,2,lineitem,36114,76486,0,0,0,0,0
2026-08-12T10:58:55Z,625C3DB5256D85BE,18.4,queries/tpch/tpch-queries/q06/base.sql,measured,3,2,5,3,0.069,408.856,4,1,1,114166,1,1370132,1962352,2,lineitem,36978,75622,0,0,0,0,0
2026-08-12T10:58:55Z,625C3DB5256D85BE,18.4,queries/tpch/tpch-queries/q06/base.sql,measured,3,3,5,3,0.070,357.873,4,1,1,114166,1,1370132,1962352,2,lineitem,37842,74758,0,0,0,0,0
2026-08-12T10:58:55Z,625C3DB5256D85BE,18.4,queries/tpch/tpch-queries/q06/base.sql,measured,3,4,5,3,0.068,430.765,4,1,1,114166,1,1370132,1962352,2,lineitem,38706,73894,0,0,0,0,0
2026-08-12T10:58:55Z,625C3DB5256D85BE,18.4,queries/tpch/tpch-queries/q06/base.sql,measured,3,5,5,3,0.068,407.711,4,1,1,114166,1,1370132,1962352,2,lineitem,39570,73030,0,0,0,0,0
2026-08-12T10:58:55Z,625C3DB5256D85BE,18.4,queries/tpch/tpch-queries/q06/v1_materialized.sql,warmup,1,1,1,3,0.821,469.433,5,2,1,114167,1,1370164,1962352,2,_m;lineitem,40434,72166,0,0,0,0,0
2026-08-12T10:58:56Z,625C3DB5256D85BE,18.4,queries/tpch/tpch-queries/q06/v1_materialized.sql,warmup,2,1,1,3,0.700,492.100,5,2,1,114167,1,1370164,1962352,2,_m;lineitem,41298,71302,0,0,0,0,0
2026-08-12T10:58:58Z,625C3DB5256D85BE,18.4,queries/tpch/tpch-queries/q06/v1_materialized.sql,measured,1,1,5,3,0.604,418.496,5,2,1,114167,1,1370164,1962352,2,_m;lineitem,42162,70438,0,0,0,0,0
2026-08-12T10:58:58Z,625C3DB5256D85BE,18.4,queries/tpch/tpch-queries/q06/v1_materialized.sql,measured,1,2,5,3,0.078,424.872,5,2,1,114167,1,1370164,1962352,2,_m;lineitem,43026,69574,0,0,0,0,0
2026-08-12T10:58:58Z,625C3DB5256D85BE,18.4,queries/tpch/tpch-queries/q06/v1_materialized.sql,measured,1,3,5,3,0.080,418.783,5,2,1,114167,1,1370164,1962352,2,_m;lineitem,43890,68710,0,0,0,0,0
2026-08-12T10:58:58Z,625C3DB5256D85BE,18.4,queries/tpch/tpch-queries/q06/v1_materialized.sql,measured,1,4,5,3,0.079,385.864,5,2,1,114167,1,1370164,1962352,2,_m;lineitem,44754,67846,0,0,0,0,0
2026-08-12T10:58:58Z,625C3DB5256D85BE,18.4,queries/tpch/tpch-queries/q06/v1_materialized.sql,measured,1,5,5,3,0.078,384.738,5,2,1,114167,1,1370164,1962352,2,_m;lineitem,45618,66982,0,0,0,0,0
2026-08-12T10:59:00Z,625C3DB5256D85BE,18.4,queries/tpch/tpch-queries/q06/v1_materialized.sql,measured,2,1,5,3,0.534,439.929,5,2,1,114167,1,1370164,1962352,2,_m;lineitem,46482,66118,0,0,0,0,0
2026-08-12T10:59:00Z,625C3DB5256D85BE,18.4,queries/tpch/tpch-queries/q06/v1_materialized.sql,measured,2,2,5,3,0.080,391.963,5,2,1,114167,1,1370164,1962352,2,_m;lineitem,47346,65254,0,0,0,0,0
2026-08-12T10:59:00Z,625C3DB5256D85BE,18.4,queries/tpch/tpch-queries/q06/v1_materialized.sql,measured,2,3,5,3,0.080,421.277,5,2,1,114167,1,1370164,1962352,2,_m;lineitem,48210,64390,0,0,0,0,0
2026-08-12T10:59:00Z,625C3DB5256D85BE,18.4,queries/tpch/tpch-queries/q06/v1_materialized.sql,measured,2,4,5,3,0.080,392.085,5,2,1,114167,1,1370164,1962352,2,_m;lineitem,49074,63526,0,0,0,0,0
2026-08-12T10:59:00Z,625C3DB5256D85BE,18.4,queries/tpch/tpch-queries/q06/v1_materialized.sql,measured,2,5,5,3,0.079,377.918,5,2,1,114167,1,1370164,1962352,2,_m;lineitem,49938,62662,0,0,0,0,0
2026-08-12T10:59:02Z,625C3DB5256D85BE,18.4,queries/tpch/tpch-queries/q06/v1_materialized.sql,measured,3,1,5,3,0.696,440.862,5,2,1,114167,1,1370164,1962352,2,_m;lineitem,50802,61798,0,0,0,0,0
2026-08-12T10:59:02Z,625C3DB5256D85BE,18.4,queries/tpch/tpch-queries/q06/v1_materialized.sql,measured,3,2,5,3,0.088,384.877,5,2,1,114167,1,1370164,1962352,2,_m;lineitem,51666,60934,0,0,0,0,0
2026-08-12T10:59:02Z,625C3DB5256D85BE,18.4,queries/tpch/tpch-queries/q06/v1_materialized.sql,measured,3,3,5,3,0.081,371.304,5,2,1,114167,1,1370164,1962352,2,_m;lineitem,52530,60070,0,0,0,0,0
2026-08-12T10:59:02Z,625C3DB5256D85BE,18.4,queries/tpch/tpch-queries/q06/v1_materialized.sql,measured,3,4,5,3,0.080,378.369,5,2,1,114167,1,1370164,1962352,2,_m;lineitem,53394,59206,0,0,0,0,0
2026-08-12T10:59:02Z,625C3DB5256D85BE,18.4,queries/tpch/tpch-queries/q06/v1_materialized.sql,measured,3,5,5,3,0.080,375.269,5,2,1,114167,1,1370164,1962352,2,_m;lineitem,54258,58342,0,0,0,0,0
2026-08-12T10:59:03Z,625C3DB5256D85BE,18.4,queries/tpch/tpch-queries/q07/base.sql,warmup,1,1,1,3,3.241,581.923,17,6,4,725685,6124,17987766,49,2,customer;nation;orders;lineitem;supplier,512877,140894,0,0,0,0,0
2026-08-12T10:59:03Z,625C3DB5256D85BE,18.4,queries/tpch/tpch-queries/q07/base.sql,warmup,2,1,1,3,1.783,470.095,17,6,4,725685,6124,17987766,49,2,customer;nation;orders;lineitem;supplier,530316,123455,0,0,0,0,0
2026-08-12T10:59:06Z,625C3DB5256D85BE,18.4,queries/tpch/tpch-queries/q07/base.sql,measured,1,1,5,3,1.638,467.914,17,6,4,725685,6124,17987766,49,2,customer;nation;orders;lineitem;supplier,530080,123691,0,0,0,0,0
2026-08-12T10:59:06Z,625C3DB5256D85BE,18.4,queries/tpch/tpch-queries/q07/base.sql,measured,1,2,5,3,0.658,456.942,17,6,4,725685,6124,17987766,49,2,customer;nation;orders;lineitem;supplier,530177,123594,0,0,0,0,0
2026-08-12T10:59:06Z,625C3DB5256D85BE,18.4,queries/tpch/tpch-queries/q07/base.sql,measured,1,3,5,3,0.625,447.113,17,6,4,725685,6124,17987766,49,2,customer;nation;orders;lineitem;supplier,529909,123862,0,0,0,0,0
2026-08-12T10:59:06Z,625C3DB5256D85BE,18.4,queries/tpch/tpch-queries/q07/base.sql,measured,1,4,5,3,0.623,448.264,17,6,4,725685,6124,17987766,49,2,customer;nation;orders;lineitem;supplier,530334,123437,0,0,0,0,0
2026-08-12T10:59:06Z,625C3DB5256D85BE,18.4,queries/tpch/tpch-queries/q07/base.sql,measured,1,5,5,3,0.630,447.008,17,6,4,725685,6124,17987766,49,2,customer;nation;orders;lineitem;supplier,530006,123765,0,0,0,0,0
2026-08-12T10:59:08Z,625C3DB5256D85BE,18.4,queries/tpch/tpch-queries/q07/base.sql,measured,2,1,5,3,2.445,482.809,17,6,4,725685,6124,17987766,49,2,customer;nation;orders;lineitem;supplier,530174,123597,0,0,0,0,0
2026-08-12T10:59:08Z,625C3DB5256D85BE,18.4,queries/tpch/tpch-queries/q07/base.sql,measured,2,2,5,3,0.666,453.859,17,6,4,725685,6124,17987766,49,2,customer;nation;orders;lineitem;supplier,530047,123724,0,0,0,0,0
2026-08-12T10:59:08Z,625C3DB5256D85BE,18.4,queries/tpch/tpch-queries/q07/base.sql,measured,2,3,5,3,0.620,448.716,17,6,4,725685,6124,17987766,49,2,customer;nation;orders;lineitem;supplier,530158,123613,0,0,0,0,0
2026-08-12T10:59:08Z,625C3DB5256D85BE,18.4,queries/tpch/tpch-queries/q07/base.sql,measured,2,4,5,3,0.622,450.718,17,6,4,725685,6124,17987766,49,2,customer;nation;orders;lineitem;supplier,530047,123724,0,0,0,0,0
2026-08-12T10:59:08Z,625C3DB5256D85BE,18.4,queries/tpch/tpch-queries/q07/base.sql,measured,2,5,5,3,0.612,451.758,17,6,4,725685,6124,17987766,49,2,customer;nation;orders;lineitem;supplier,530155,123616,0,0,0,0,0
2026-08-12T10:59:11Z,625C3DB5256D85BE,18.4,queries/tpch/tpch-queries/q07/base.sql,measured,3,1,5,3,1.794,478.453,17,6,4,725685,6124,17987766,49,2,customer;nation;orders;lineitem;supplier,530039,123732,0,0,0,0,0
2026-08-12T10:59:11Z,625C3DB5256D85BE,18.4,queries/tpch/tpch-queries/q07/base.sql,measured,3,2,5,3,0.643,456.580,17,6,4,725685,6124,17987766,49,2,customer;nation;orders;lineitem;supplier,530239,123532,0,0,0,0,0
2026-08-12T10:59:11Z,625C3DB5256D85BE,18.4,queries/tpch/tpch-queries/q07/base.sql,measured,3,3,5,3,0.623,454.909,17,6,4,725685,6124,17987766,49,2,customer;nation;orders;lineitem;supplier,529979,123792,0,0,0,0,0
2026-08-12T10:59:11Z,625C3DB5256D85BE,18.4,queries/tpch/tpch-queries/q07/base.sql,measured,3,4,5,3,0.630,450.930,17,6,4,725685,6124,17987766,49,2,customer;nation;orders;lineitem;supplier,530073,123698,0,0,0,0,0
2026-08-12T10:59:11Z,625C3DB5256D85BE,18.4,queries/tpch/tpch-queries/q07/base.sql,measured,3,5,5,3,0.634,449.445,17,6,4,725685,6124,17987766,49,2,customer;nation;orders;lineitem;supplier,529974,123797,0,0,0,0,0
2026-08-12T10:59:11Z,625C3DB5256D85BE,18.4,queries/tpch/tpch-queries/q07/v1_materialized.sql,warmup,1,1,1,3,2.514,466.743,18,7,4,725689,6124,17988854,49,2,_m;customer;nation;orders;lineitem;supplier,530199,123572,0,0,0,0,0
2026-08-12T10:59:12Z,625C3DB5256D85BE,18.4,queries/tpch/tpch-queries/q07/v1_materialized.sql,warmup,2,1,1,3,2.520,470.234,18,7,4,725689,6124,17988854,49,2,_m;customer;nation;orders;lineitem;supplier,530123,123648,0,0,0,0,0
2026-08-12T10:59:14Z,625C3DB5256D85BE,18.4,queries/tpch/tpch-queries/q07/v1_materialized.sql,measured,1,1,5,3,2.491,482.168,18,7,4,725689,6124,17988854,49,2,_m;customer;nation;orders;lineitem;supplier,530188,123583,0,0,0,0,0
2026-08-12T10:59:14Z,625C3DB5256D85BE,18.4,queries/tpch/tpch-queries/q07/v1_materialized.sql,measured,1,2,5,3,0.682,454.895,18,7,4,725689,6124,17988854,49,2,_m;customer;nation;orders;lineitem;supplier,530228,123543,0,0,0,0,0
2026-08-12T10:59:14Z,625C3DB5256D85BE,18.4,queries/tpch/tpch-queries/q07/v1_materialized.sql,measured,1,3,5,3,0.661,454.739,18,7,4,725689,6124,17988854,49,2,_m;customer;nation;orders;lineitem;supplier,530280,123491,0,0,0,0,0
2026-08-12T10:59:14Z,625C3DB5256D85BE,18.4,queries/tpch/tpch-queries/q07/v1_materialized.sql,measured,1,4,5,3,0.651,451.269,18,7,4,725689,6124,17988854,49,2,_m;customer;nation;orders;lineitem;supplier,530090,123681,0,0,0,0,0
2026-08-12T10:59:14Z,625C3DB5256D85BE,18.4,queries/tpch/tpch-queries/q07/v1_materialized.sql,measured,1,5,5,3,0.658,454.799,18,7,4,725689,6124,17988854,49,2,_m;customer;nation;orders;lineitem;supplier,530195,123576,0,0,0,0,0
2026-08-12T10:59:17Z,625C3DB5256D85BE,18.4,queries/tpch/tpch-queries/q07/v1_materialized.sql,measured,2,1,5,3,2.251,480.390,18,7,4,725689,6124,17988854,49,2,_m;customer;nation;orders;lineitem;supplier,530069,123702,0,0,0,0,0
2026-08-12T10:59:17Z,625C3DB5256D85BE,18.4,queries/tpch/tpch-queries/q07/v1_materialized.sql,measured,2,2,5,3,0.674,454.955,18,7,4,725689,6124,17988854,49,2,_m;customer;nation;orders;lineitem;supplier,530319,123452,0,0,0,0,0
2026-08-12T10:59:17Z,625C3DB5256D85BE,18.4,queries/tpch/tpch-queries/q07/v1_materialized.sql,measured,2,3,5,3,0.652,454.016,18,7,4,725689,6124,17988854,49,2,_m;customer;nation;orders;lineitem;supplier,530011,123760,0,0,0,0,0
2026-08-12T10:59:17Z,625C3DB5256D85BE,18.4,queries/tpch/tpch-queries/q07/v1_materialized.sql,measured,2,4,5,3,0.656,446.293,18,7,4,725689,6124,17988854,49,2,_m;customer;nation;orders;lineitem;supplier,530288,123483,0,0,0,0,0
2026-08-12T10:59:17Z,625C3DB5256D85BE,18.4,queries/tpch/tpch-queries/q07/v1_materialized.sql,measured,2,5,5,3,0.642,473.058,18,7,4,725689,6124,17988854,49,2,_m;customer;nation;orders;lineitem;supplier,530101,123670,0,0,0,0,0
2026-08-12T10:59:19Z,625C3DB5256D85BE,18.4,queries/tpch/tpch-queries/q07/v1_materialized.sql,measured,3,1,5,3,1.749,467.816,18,7,4,725689,6124,17988854,49,2,_m;customer;nation;orders;lineitem;supplier,530172,123599,0,0,0,0,0
2026-08-12T10:59:19Z,625C3DB5256D85BE,18.4,queries/tpch/tpch-queries/q07/v1_materialized.sql,measured,3,2,5,3,0.680,486.718,18,7,4,725689,6124,17988854,49,2,_m;customer;nation;orders;lineitem;supplier,530176,123595,0,0,0,0,0
2026-08-12T10:59:19Z,625C3DB5256D85BE,18.4,queries/tpch/tpch-queries/q07/v1_materialized.sql,measured,3,3,5,3,0.642,447.879,18,7,4,725689,6124,17988854,49,2,_m;customer;nation;orders;lineitem;supplier,530177,123594,0,0,0,0,0
2026-08-12T10:59:19Z,625C3DB5256D85BE,18.4,queries/tpch/tpch-queries/q07/v1_materialized.sql,measured,3,4,5,3,0.646,449.233,18,7,4,725689,6124,17988854,49,2,_m;customer;nation;orders;lineitem;supplier,530170,123601,0,0,0,0,0
2026-08-12T10:59:19Z,625C3DB5256D85BE,18.4,queries/tpch/tpch-queries/q07/v1_materialized.sql,measured,3,5,5,3,0.655,449.322,18,7,4,725689,6124,17988854,49,2,_m;customer;nation;orders;lineitem;supplier,530248,123523,0,0,0,0,0
2026-08-12T10:59:20Z,625C3DB5256D85BE,18.4,queries/tpch/tpch-queries/q07/v2_union_all.sql,warmup,1,1,1,3,1.972,477.507,33,12,4,894910,589,19681370,102,2,customer;nation;orders;lineitem;supplier,531172,126649,0,0,0,0,0
2026-08-12T10:59:20Z,625C3DB5256D85BE,18.4,queries/tpch/tpch-queries/q07/v2_union_all.sql,warmup,2,1,1,3,3.249,516.256,33,12,4,894910,589,19681370,102,2,customer;nation;orders;lineitem;supplier,531556,126265,0,0,0,0,0
2026-08-12T10:59:23Z,625C3DB5256D85BE,18.4,queries/tpch/tpch-queries/q07/v2_union_all.sql,measured,1,1,5,3,2.322,475.599,33,12,4,894910,589,19681370,102,2,customer;nation;orders;lineitem;supplier,531296,126525,0,0,0,0,0
2026-08-12T10:59:23Z,625C3DB5256D85BE,18.4,queries/tpch/tpch-queries/q07/v2_union_all.sql,measured,1,2,5,3,0.854,461.853,33,12,4,894910,589,19681370,102,2,customer;nation;orders;lineitem;supplier,530889,126932,0,0,0,0,0
2026-08-12T10:59:23Z,625C3DB5256D85BE,18.4,queries/tpch/tpch-queries/q07/v2_union_all.sql,measured,1,3,5,3,0.748,451.367,33,12,4,894910,589,19681370,102,2,customer;nation;orders;lineitem;supplier,531789,126032,0,0,0,0,0
2026-08-12T10:59:23Z,625C3DB5256D85BE,18.4,queries/tpch/tpch-queries/q07/v2_union_all.sql,measured,1,4,5,3,0.784,467.190,33,12,4,894910,589,19681370,102,2,customer;nation;orders;lineitem;supplier,531134,126687,0,0,0,0,0
2026-08-12T10:59:23Z,625C3DB5256D85BE,18.4,queries/tpch/tpch-queries/q07/v2_union_all.sql,measured,1,5,5,3,0.765,446.266,33,12,4,894910,589,19681370,102,2,customer;nation;orders;lineitem;supplier,531347,126474,0,0,0,0,0
2026-08-12T10:59:25Z,625C3DB5256D85BE,18.4,queries/tpch/tpch-queries/q07/v2_union_all.sql,measured,2,1,5,3,2.194,478.090,33,12,4,894910,589,19681370,102,2,customer;nation;orders;lineitem;supplier,531395,126426,0,0,0,0,0
2026-08-12T10:59:25Z,625C3DB5256D85BE,18.4,queries/tpch/tpch-queries/q07/v2_union_all.sql,measured,2,2,5,3,0.840,457.424,33,12,4,894910,589,19681370,102,2,customer;nation;orders;lineitem;supplier,531308,126513,0,0,0,0,0
2026-08-12T10:59:25Z,625C3DB5256D85BE,18.4,queries/tpch/tpch-queries/q07/v2_union_all.sql,measured,2,3,5,3,0.778,460.169,33,12,4,894910,589,19681370,102,2,customer;nation;orders;lineitem;supplier,531680,126141,0,0,0,0,0
2026-08-12T10:59:25Z,625C3DB5256D85BE,18.4,queries/tpch/tpch-queries/q07/v2_union_all.sql,measured,2,4,5,3,0.770,466.176,33,12,4,894910,589,19681370,102,2,customer;nation;orders;lineitem;supplier,531213,126608,0,0,0,0,0
2026-08-12T10:59:25Z,625C3DB5256D85BE,18.4,queries/tpch/tpch-queries/q07/v2_union_all.sql,measured,2,5,5,3,0.757,450.518,33,12,4,894910,589,19681370,102,2,customer;nation;orders;lineitem;supplier,531820,126001,0,0,0,0,0
2026-08-12T10:59:27Z,625C3DB5256D85BE,18.4,queries/tpch/tpch-queries/q07/v2_union_all.sql,measured,3,1,5,3,1.846,467.398,33,12,4,894910,589,19681370,102,2,customer;nation;orders;lineitem;supplier,531300,126521,0,0,0,0,0
2026-08-12T10:59:27Z,625C3DB5256D85BE,18.4,queries/tpch/tpch-queries/q07/v2_union_all.sql,measured,3,2,5,3,0.839,449.336,33,12,4,894910,589,19681370,102,2,customer;nation;orders;lineitem;supplier,531547,126274,0,0,0,0,0
2026-08-12T10:59:27Z,625C3DB5256D85BE,18.4,queries/tpch/tpch-queries/q07/v2_union_all.sql,measured,3,3,5,3,0.796,456.052,33,12,4,894910,589,19681370,102,2,customer;nation;orders;lineitem;supplier,531615,126206,0,0,0,0,0
2026-08-12T10:59:27Z,625C3DB5256D85BE,18.4,queries/tpch/tpch-queries/q07/v2_union_all.sql,measured,3,4,5,3,0.767,454.729,33,12,4,894910,589,19681370,102,2,customer;nation;orders;lineitem;supplier,531347,126474,0,0,0,0,0
2026-08-12T10:59:27Z,625C3DB5256D85BE,18.4,queries/tpch/tpch-queries/q07/v2_union_all.sql,measured,3,5,5,3,0.757,448.843,33,12,4,894910,589,19681370,102,2,customer;nation;orders;lineitem;supplier,531742,126079,0,0,0,0,0
2026-08-12T10:59:28Z,625C3DB5256D85BE,18.4,queries/tpch/tpch-queries/q08/base.sql,warmup,1,1,1,3,1.865,510.520,23,8,2,1166963,2406,21790238,99285,2,customer;nation;region;orders;lineitem;part;supplier,671694,95467,0,0,0,0,0
2026-08-12T10:59:29Z,625C3DB5256D85BE,18.4,queries/tpch/tpch-queries/q08/base.sql,warmup,2,1,1,3,2.024,503.337,23,8,2,1166962,2406,21790234,66194,2,customer;nation;region;orders;lineitem;part;supplier,681239,85922,0,0,0,0,0
2026-08-12T10:59:31Z,625C3DB5256D85BE,18.4,queries/tpch/tpch-queries/q08/base.sql,measured,1,1,5,3,3.036,510.274,23,8,2,1166962,2406,21790234,66194,2,customer;nation;region;orders;lineitem;part;supplier,680579,86582,0,0,0,0,0
2026-08-12T10:59:31Z,625C3DB5256D85BE,18.4,queries/tpch/tpch-queries/q08/base.sql,measured,1,2,5,3,0.853,471.710,23,8,2,1166962,2406,21790234,66194,2,customer;nation;region;orders;lineitem;part;supplier,680595,86566,0,0,0,0,0
2026-08-12T10:59:31Z,625C3DB5256D85BE,18.4,queries/tpch/tpch-queries/q08/base.sql,measured,1,3,5,3,0.869,465.062,23,8,2,1166964,2406,21790242,198560,2,customer;nation;region;orders;lineitem;part;supplier,680473,86688,0,0,0,0,0
2026-08-12T10:59:31Z,625C3DB5256D85BE,18.4,queries/tpch/tpch-queries/q08/base.sql,measured,1,4,5,3,0.841,467.362,23,8,2,1166962,2406,21790234,66194,2,customer;nation;region;orders;lineitem;part;supplier,680423,86738,0,0,0,0,0
2026-08-12T10:59:31Z,625C3DB5256D85BE,18.4,queries/tpch/tpch-queries/q08/base.sql,measured,1,5,5,3,0.861,463.270,23,8,2,1166964,2406,21790242,198560,2,customer;nation;region;orders;lineitem;part;supplier,680365,86796,0,0,0,0,0
2026-08-12T10:59:33Z,625C3DB5256D85BE,18.4,queries/tpch/tpch-queries/q08/base.sql,measured,2,1,5,3,2.021,501.887,23,8,2,1166962,2406,21790234,66194,2,customer;nation;region;orders;lineitem;part;supplier,680338,86823,0,0,0,0,0
2026-08-12T10:59:33Z,625C3DB5256D85BE,18.4,queries/tpch/tpch-queries/q08/base.sql,measured,2,2,5,3,0.845,464.321,23,8,2,1166964,2406,21790242,198560,2,customer;nation;region;orders;lineitem;part;supplier,680333,86828,0,0,0,0,0
2026-08-12T10:59:33Z,625C3DB5256D85BE,18.4,queries/tpch/tpch-queries/q08/base.sql,measured,2,3,5,3,0.859,460.648,23,8,2,1166964,2406,21790242,198560,2,customer;nation;region;orders;lineitem;part;supplier,680410,86751,0,0,0,0,0
2026-08-12T10:59:33Z,625C3DB5256D85BE,18.4,queries/tpch/tpch-queries/q08/base.sql,measured,2,4,5,3,0.821,460.949,23,8,2,1166964,2406,21790242,198560,2,customer;nation;region;orders;lineitem;part;supplier,680340,86821,0,0,0,0,0
2026-08-12T10:59:33Z,625C3DB5256D85BE,18.4,queries/tpch/tpch-queries/q08/base.sql,measured,2,5,5,3,0.828,461.424,23,8,2,1166964,2406,21790242,198560,2,customer;nation;region;orders;lineitem;part;supplier,680385,86776,0,0,0,0,0
2026-08-12T10:59:36Z,625C3DB5256D85BE,18.4,queries/tpch/tpch-queries/q08/base.sql,measured,3,1,5,3,2.866,504.311,23,8,2,1166963,2406,21790238,99285,2,customer;nation;region;orders;lineitem;part;supplier,680348,86813,0,0,0,0,0
2026-08-12T10:59:36Z,625C3DB5256D85BE,18.4,queries/tpch/tpch-queries/q08/base.sql,measured,3,2,5,3,0.867,465.578,23,8,2,1166964,2406,21790242,198560,2,customer;nation;region;orders;lineitem;part;supplier,680354,86807,0,0,0,0,0
2026-08-12T10:59:36Z,625C3DB5256D85BE,18.4,queries/tpch/tpch-queries/q08/base.sql,measured,3,3,5,3,0.798,465.453,23,8,2,1166964,2406,21790242,198560,2,customer;nation;region;orders;lineitem;part;supplier,680331,86830,0,0,0,0,0
2026-08-12T10:59:36Z,625C3DB5256D85BE,18.4,queries/tpch/tpch-queries/q08/base.sql,measured,3,4,5,3,0.836,468.436,23,8,2,1166962,2406,21790234,66194,2,customer;nation;region;orders;lineitem;part;supplier,680417,86744,0,0,0,0,0
2026-08-12T10:59:36Z,625C3DB5256D85BE,18.4,queries/tpch/tpch-queries/q08/base.sql,measured,3,5,5,3,0.805,463.551,23,8,2,1166964,2406,21790242,198560,2,customer;nation;region;orders;lineitem;part;supplier,680412,86749,0,0,0,0,0
2026-08-12T10:59:37Z,625C3DB5256D85BE,18.4,queries/tpch/tpch-queries/q08/v1_materialized.sql,warmup,1,1,1,3,1.903,498.910,24,9,2,1166964,2406,21790362,66194,2,_m;customer;nation;region;orders;lineitem;part;supplier,680291,86870,0,0,0,0,0
2026-08-12T10:59:37Z,625C3DB5256D85BE,18.4,queries/tpch/tpch-queries/q08/v1_materialized.sql,warmup,2,1,1,3,2.058,508.928,24,9,2,1166965,2406,21790366,99285,2,_m;customer;nation;region;orders;lineitem;part;supplier,680320,86841,0,0,0,0,0
2026-08-12T10:59:40Z,625C3DB5256D85BE,18.4,queries/tpch/tpch-queries/q08/v1_materialized.sql,measured,1,1,5,3,1.898,502.454,24,9,2,1166965,2406,21790366,99285,2,_m;customer;nation;region;orders;lineitem;part;supplier,680387,86774,0,0,0,0,0
2026-08-12T10:59:40Z,625C3DB5256D85BE,18.4,queries/tpch/tpch-queries/q08/v1_materialized.sql,measured,1,2,5,3,0.892,470.169,24,9,2,1166966,2406,21790370,198560,2,_m;customer;nation;region;orders;lineitem;part;supplier,680407,86754,0,0,0,0,0
2026-08-12T10:59:40Z,625C3DB5256D85BE,18.4,queries/tpch/tpch-queries/q08/v1_materialized.sql,measured,1,3,5,3,0.805,462.445,24,9,2,1166966,2406,21790370,198560,2,_m;customer;nation;region;orders;lineitem;part;supplier,680407,86754,0,0,0,0,0
2026-08-12T10:59:40Z,625C3DB5256D85BE,18.4,queries/tpch/tpch-queries/q08/v1_materialized.sql,measured,1,4,5,3,0.884,466.348,24,9,2,1166966,2406,21790370,198560,2,_m;customer;nation;region;orders;lineitem;part;supplier,680374,86787,0,0,0,0,0
2026-08-12T10:59:40Z,625C3DB5256D85BE,18.4,queries/tpch/tpch-queries/q08/v1_materialized.sql,measured,1,5,5,3,0.833,470.934,24,9,2,1166965,2406,21790366,99285,2,_m;customer;nation;region;orders;lineitem;part;supplier,680348,86813,0,0,0,0,0
2026-08-12T10:59:42Z,625C3DB5256D85BE,18.4,queries/tpch/tpch-queries/q08/v1_materialized.sql,measured,2,1,5,3,2.819,502.126,24,9,2,1166964,2406,21790362,66194,2,_m;customer;nation;region;orders;lineitem;part;supplier,680319,86842,0,0,0,0,0
2026-08-12T10:59:42Z,625C3DB5256D85BE,18.4,queries/tpch/tpch-queries/q08/v1_materialized.sql,measured,2,2,5,3,0.888,462.255,24,9,2,1166966,2406,21790370,198560,2,_m;customer;nation;region;orders;lineitem;part;supplier,680377,86784,0,0,0,0,0
2026-08-12T10:59:42Z,625C3DB5256D85BE,18.4,queries/tpch/tpch-queries/q08/v1_materialized.sql,measured,2,3,5,3,0.812,464.461,24,9,2,1166966,2406,21790370,198560,2,_m;customer;nation;region;orders;lineitem;part;supplier,680389,86772,0,0,0,0,0
2026-08-12T10:59:42Z,625C3DB5256D85BE,18.4,queries/tpch/tpch-queries/q08/v1_materialized.sql,measured,2,4,5,3,0.863,466.197,24,9,2,1166966,2406,21790370,198560,2,_m;customer;nation;region;orders;lineitem;part;supplier,680364,86797,0,0,0,0,0
2026-08-12T10:59:42Z,625C3DB5256D85BE,18.4,queries/tpch/tpch-queries/q08/v1_materialized.sql,measured,2,5,5,3,0.846,467.258,24,9,2,1166966,2406,21790370,198560,2,_m;customer;nation;region;orders;lineitem;part;supplier,680375,86786,0,0,0,0,0
2026-08-12T10:59:45Z,625C3DB5256D85BE,18.4,queries/tpch/tpch-queries/q08/v1_materialized.sql,measured,3,1,5,3,1.901,498.835,24,9,2,1166965,2406,21790366,99285,2,_m;customer;nation;region;orders;lineitem;part;supplier,680303,86858,0,0,0,0,0
2026-08-12T10:59:45Z,625C3DB5256D85BE,18.4,queries/tpch/tpch-queries/q08/v1_materialized.sql,measured,3,2,5,3,0.876,465.940,24,9,2,1166966,2406,21790370,198560,2,_m;customer;nation;region;orders;lineitem;part;supplier,680445,86716,0,0,0,0,0
2026-08-12T10:59:45Z,625C3DB5256D85BE,18.4,queries/tpch/tpch-queries/q08/v1_materialized.sql,measured,3,3,5,3,0.844,466.832,24,9,2,1166965,2406,21790366,99285,2,_m;customer;nation;region;orders;lineitem;part;supplier,680306,86855,0,0,0,0,0
2026-08-12T10:59:45Z,625C3DB5256D85BE,18.4,queries/tpch/tpch-queries/q08/v1_materialized.sql,measured,3,4,5,3,0.850,470.400,24,9,2,1166965,2406,21790366,99285,2,_m;customer;nation;region;orders;lineitem;part;supplier,680392,86769,0,0,0,0,0
2026-08-12T10:59:45Z,625C3DB5256D85BE,18.4,queries/tpch/tpch-queries/q08/v1_materialized.sql,measured,3,5,5,3,0.883,467.945,24,9,2,1166966,2406,21790370,198560,2,_m;customer;nation;region;orders;lineitem;part;supplier,680407,86754,0,0,0,0,0
2026-08-12T10:59:45Z,625C3DB5256D85BE,18.4,queries/tpch/tpch-queries/q08/v2_filter.sql,warmup,1,1,1,3,2.734,501.834,23,8,2,1166963,2406,21790238,99285,2,customer;nation;region;orders;lineitem;part;supplier,680388,86773,0,0,0,0,0
2026-08-12T10:59:46Z,625C3DB5256D85BE,18.4,queries/tpch/tpch-queries/q08/v2_filter.sql,warmup,2,1,1,3,1.863,496.823,23,8,2,1166962,2406,21790234,66194,2,customer;nation;region;orders;lineitem;part;supplier,680275,86886,0,0,0,0,0
2026-08-12T10:59:48Z,625C3DB5256D85BE,18.4,queries/tpch/tpch-queries/q08/v2_filter.sql,measured,1,1,5,3,2.526,502.855,23,8,2,1166963,2406,21790238,99285,2,customer;nation;region;orders;lineitem;part;supplier,680358,86803,0,0,0,0,0
2026-08-12T10:59:48Z,625C3DB5256D85BE,18.4,queries/tpch/tpch-queries/q08/v2_filter.sql,measured,1,2,5,3,0.856,465.332,23,8,2,1166964,2406,21790242,198560,2,customer;nation;region;orders;lineitem;part;supplier,680357,86804,0,0,0,0,0
2026-08-12T10:59:48Z,625C3DB5256D85BE,18.4,queries/tpch/tpch-queries/q08/v2_filter.sql,measured,1,3,5,3,0.843,467.726,23,8,2,1166964,2406,21790242,198560,2,customer;nation;region;orders;lineitem;part;supplier,680403,86758,0,0,0,0,0
2026-08-12T10:59:48Z,625C3DB5256D85BE,18.4,queries/tpch/tpch-queries/q08/v2_filter.sql,measured,1,4,5,3,0.801,464.981,23,8,2,1166962,2406,21790234,66194,2,customer;nation;region;orders;lineitem;part;supplier,680409,86752,0,0,0,0,0
2026-08-12T10:59:48Z,625C3DB5256D85BE,18.4,queries/tpch/tpch-queries/q08/v2_filter.sql,measured,1,5,5,3,0.836,467.013,23,8,2,1166962,2406,21790234,66194,2,customer;nation;region;orders;lineitem;part;supplier,680378,86783,0,0,0,0,0
2026-08-12T10:59:51Z,625C3DB5256D85BE,18.4,queries/tpch/tpch-queries/q08/v2_filter.sql,measured,2,1,5,3,1.981,495.848,23,8,2,1166963,2406,21790238,99285,2,customer;nation;region;orders;lineitem;part;supplier,680348,86813,0,0,0,0,0
2026-08-12T10:59:51Z,625C3DB5256D85BE,18.4,queries/tpch/tpch-queries/q08/v2_filter.sql,measured,2,2,5,3,0.834,465.888,23,8,2,1166964,2406,21790242,198560,2,customer;nation;region;orders;lineitem;part;supplier,680371,86790,0,0,0,0,0
2026-08-12T10:59:51Z,625C3DB5256D85BE,18.4,queries/tpch/tpch-queries/q08/v2_filter.sql,measured,2,3,5,3,0.819,461.907,23,8,2,1166962,2406,21790234,66194,2,customer;nation;region;orders;lineitem;part;supplier,680393,86768,0,0,0,0,0
2026-08-12T10:59:51Z,625C3DB5256D85BE,18.4,queries/tpch/tpch-queries/q08/v2_filter.sql,measured,2,4,5,3,0.810,462.816,23,8,2,1166964,2406,21790242,198560,2,customer;nation;region;orders;lineitem;part;supplier,680357,86804,0,0,0,0,0
2026-08-12T10:59:51Z,625C3DB5256D85BE,18.4,queries/tpch/tpch-queries/q08/v2_filter.sql,measured,2,5,5,3,0.807,461.307,23,8,2,1166964,2406,21790242,198560,2,customer;nation;region;orders;lineitem;part;supplier,680421,86740,0,0,0,0,0
2026-08-12T10:59:53Z,625C3DB5256D85BE,18.4,queries/tpch/tpch-queries/q08/v2_filter.sql,measured,3,1,5,3,1.854,498.810,23,8,2,1166962,2406,21790234,66194,2,customer;nation;region;orders;lineitem;part;supplier,680320,86841,0,0,0,0,0
2026-08-12T10:59:53Z,625C3DB5256D85BE,18.4,queries/tpch/tpch-queries/q08/v2_filter.sql,measured,3,2,5,3,0.841,465.778,23,8,2,1166964,2406,21790242,198560,2,customer;nation;region;orders;lineitem;part;supplier,680347,86814,0,0,0,0,0
2026-08-12T10:59:53Z,625C3DB5256D85BE,18.4,queries/tpch/tpch-queries/q08/v2_filter.sql,measured,3,3,5,3,0.829,463.879,23,8,2,1166962,2406,21790234,66194,2,customer;nation;region;orders;lineitem;part;supplier,680347,86814,0,0,0,0,0
2026-08-12T10:59:53Z,625C3DB5256D85BE,18.4,queries/tpch/tpch-queries/q08/v2_filter.sql,measured,3,4,5,3,0.820,467.321,23,8,2,1166962,2406,21790234,66194,2,customer;nation;region;orders;lineitem;part;supplier,680349,86812,0,0,0,0,0
2026-08-12T10:59:53Z,625C3DB5256D85BE,18.4,queries/tpch/tpch-queries/q08/v2_filter.sql,measured,3,5,5,3,0.808,459.963,23,8,2,1166964,2406,21790242,198560,2,customer;nation;region;orders;lineitem;part;supplier,680394,86767,0,0,0,0,0
2026-08-12T10:59:55Z,625C3DB5256D85BE,18.4,queries/tpch/tpch-queries/q09/base.sql,warmup,1,1,1,3,1.898,1277.093,19,6,175,11257498,73,337400301,63112,2,orders;partsupp;lineitem;part;supplier;nation,49025,112099,0,0,28269,28339,0
2026-08-12T10:59:56Z,625C3DB5256D85BE,18.4,queries/tpch/tpch-queries/q09/base.sql,warmup,2,1,1,3,1.535,1330.425,19,6,175,11257498,73,337400301,63112,2,orders;partsupp;lineitem;part;supplier;nation,54668,106456,0,0,28266,28356,0
2026-08-12T11:00:02Z,625C3DB5256D85BE,18.4,queries/tpch/tpch-queries/q09/base.sql,measured,1,1,5,3,1.510,1325.425,19,6,175,11257498,73,337400301,63112,2,orders;partsupp;lineitem;part;supplier;nation,55448,105676,0,0,28266,28347,0
2026-08-12T11:00:02Z,625C3DB5256D85BE,18.4,queries/tpch/tpch-queries/q09/base.sql,measured,1,2,5,3,0.751,1249.005,19,6,175,11257498,73,337400301,63112,2,orders;partsupp;lineitem;part;supplier;nation,56640,104484,0,0,28267,28351,0
2026-08-12T11:00:02Z,625C3DB5256D85BE,18.4,queries/tpch/tpch-queries/q09/base.sql,measured,1,3,5,3,0.744,1289.798,19,6,175,11257498,73,337400301,63112,2,orders;partsupp;lineitem;part;supplier;nation,58368,102756,0,0,28269,28328,0
2026-08-12T11:00:02Z,625C3DB5256D85BE,18.4,queries/tpch/tpch-queries/q09/base.sql,measured,1,4,5,3,0.746,1252.731,19,6,175,11257498,73,337400301,63112,2,orders;partsupp;lineitem;part;supplier;nation,60096,101028,0,0,28270,28355,0
2026-08-12T11:00:02Z,625C3DB5256D85BE,18.4,queries/tpch/tpch-queries/q09/base.sql,measured,1,5,5,3,0.845,1228.083,19,6,175,11257498,73,337400301,63112,2,orders;partsupp;lineitem;part;supplier;nation,61824,99300,0,0,28267,28347,0
2026-08-12T11:00:09Z,625C3DB5256D85BE,18.4,queries/tpch/tpch-queries/q09/base.sql,measured,2,1,5,3,1.563,1271.730,19,6,175,11257498,73,337400301,63112,2,orders;partsupp;lineitem;part;supplier;nation,63552,97572,0,0,28263,28326,0
2026-08-12T11:00:09Z,625C3DB5256D85BE,18.4,queries/tpch/tpch-queries/q09/base.sql,measured,2,2,5,3,0.777,1255.422,19,6,175,11257498,73,337400301,63112,2,orders;partsupp;lineitem;part;supplier;nation,63207,97917,0,0,28263,28338,0
2026-08-12T11:00:09Z,625C3DB5256D85BE,18.4,queries/tpch/tpch-queries/q09/base.sql,measured,2,3,5,3,0.743,1314.955,19,6,175,11257498,73,337400301,63112,2,orders;partsupp;lineitem;part;supplier;nation,63239,97885,0,0,28263,28354,0
2026-08-12T11:00:09Z,625C3DB5256D85BE,18.4,queries/tpch/tpch-queries/q09/base.sql,measured,2,4,5,3,0.741,1285.734,19,6,175,11257498,73,337400301,63112,2,orders;partsupp;lineitem;part;supplier;nation,63253,97871,0,0,28265,28354,0
2026-08-12T11:00:09Z,625C3DB5256D85BE,18.4,queries/tpch/tpch-queries/q09/base.sql,measured,2,5,5,3,0.737,1216.606,19,6,175,11257498,73,337400301,63112,2,orders;partsupp;lineitem;part;supplier;nation,63270,97854,0,0,28269,28343,0
2026-08-12T11:00:15Z,625C3DB5256D85BE,18.4,queries/tpch/tpch-queries/q09/base.sql,measured,3,1,5,3,1.594,1309.057,19,6,175,11257498,73,337400301,63112,2,orders;partsupp;lineitem;part;supplier;nation,63234,97890,0,0,28266,28348,0
2026-08-12T11:00:15Z,625C3DB5256D85BE,18.4,queries/tpch/tpch-queries/q09/base.sql,measured,3,2,5,3,1.408,1270.315,19,6,175,11257498,73,337400301,63112,2,orders;partsupp;lineitem;part;supplier;nation,63238,97886,0,0,28265,28332,0
2026-08-12T11:00:15Z,625C3DB5256D85BE,18.4,queries/tpch/tpch-queries/q09/base.sql,measured,3,3,5,3,0.744,1273.403,19,6,175,11257498,73,337400301,63112,2,orders;partsupp;lineitem;part;supplier;nation,63272,97852,0,0,28264,28339,0
2026-08-12T11:00:15Z,625C3DB5256D85BE,18.4,queries/tpch/tpch-queries/q09/base.sql,measured,3,4,5,3,0.735,1262.792,19,6,175,11257498,73,337400301,63112,2,orders;partsupp;lineitem;part;supplier;nation,63296,97828,0,0,28269,28331,0
2026-08-12T11:00:15Z,625C3DB5256D85BE,18.4,queries/tpch/tpch-queries/q09/base.sql,measured,3,5,5,3,0.737,1263.797,19,6,175,11257498,73,337400301,63112,2,orders;partsupp;lineitem;part;supplier;nation,63300,97824,0,0,28268,28351,0
2026-08-12T11:00:17Z,625C3DB5256D85BE,18.4,queries/tpch/tpch-queries/q09/v1_materialized.sql,warmup,1,1,1,3,1.833,1280.547,21,7,175,11257848,73,337459101,63112,2,orders;partsupp;lineitem;part;supplier;nation;_m,63238,97886,0,0,28268,28344,0
2026-08-12T11:00:18Z,625C3DB5256D85BE,18.4,queries/tpch/tpch-queries/q09/v1_materialized.sql,warmup,2,1,1,3,1.708,1332.740,21,7,175,11257848,73,337459101,63112,2,orders;partsupp;lineitem;part;supplier;nation;_m,63238,97886,0,0,28265,28351,0
2026-08-12T11:00:25Z,625C3DB5256D85BE,18.4,queries/tpch/tpch-queries/q09/v1_materialized.sql,measured,1,1,5,3,1.549,1307.506,21,7,175,11257848,73,337459101,63112,2,orders;partsupp;lineitem;part;supplier;nation;_m,63238,97886,0,0,28268,28347,0
2026-08-12T11:00:25Z,625C3DB5256D85BE,18.4,queries/tpch/tpch-queries/q09/v1_materialized.sql,measured,1,2,5,3,1.465,1276.902,21,7,175,11257848,73,337459101,63112,2,orders;partsupp;lineitem;part;supplier;nation;_m,63205,97919,0,0,28269,28343,0
2026-08-12T11:00:25Z,625C3DB5256D85BE,18.4,queries/tpch/tpch-queries/q09/v1_materialized.sql,measured,1,3,5,3,0.770,1289.451,21,7,175,11257848,73,337459101,63112,2,orders;partsupp;lineitem;part;supplier;nation;_m,63239,97885,0,0,28268,28351,0
2026-08-12T11:00:25Z,625C3DB5256D85BE,18.4,queries/tpch/tpch-queries/q09/v1_materialized.sql,measured,1,4,5,3,0.919,1322.970,21,7,175,11257848,73,337459101,63112,2,orders;partsupp;lineitem;part;supplier;nation;_m,63253,97871,0,0,28265,28334,0
2026-08-12T11:00:25Z,625C3DB5256D85BE,18.4,queries/tpch/tpch-queries/q09/v1_materialized.sql,measured,1,5,5,3,0.776,1301.785,21,7,175,11257848,73,337459101,63112,2,orders;partsupp;lineitem;part;supplier;nation;_m,63255,97869,0,0,28266,28335,0
2026-08-12T11:00:31Z,625C3DB5256D85BE,18.4,queries/tpch/tpch-queries/q09/v1_materialized.sql,measured,2,1,5,3,1.864,1287.322,21,7,175,11257848,73,337459101,63112,2,orders;partsupp;lineitem;part;supplier;nation;_m,63234,97890,0,0,28265,28347,0
2026-08-12T11:00:31Z,625C3DB5256D85BE,18.4,queries/tpch/tpch-queries/q09/v1_materialized.sql,measured,2,2,5,3,0.775,1243.354,21,7,175,11257848,73,337459101,63112,2,orders;partsupp;lineitem;part;supplier;nation;_m,63238,97886,0,0,28268,28347,0
2026-08-12T11:00:31Z,625C3DB5256D85BE,18.4,queries/tpch/tpch-queries/q09/v1_materialized.sql,measured,2,3,5,3,0.767,1269.642,21,7,175,11257848,73,337459101,63112,2,orders;partsupp;lineitem;part;supplier;nation;_m,63272,97852,0,0,28266,28347,0
2026-08-12T11:00:31Z,625C3DB5256D85BE,18.4,queries/tpch/tpch-queries/q09/v1_materialized.sql,measured,2,4,5,3,0.895,1286.132,21,7,175,11257848,73,337459101,63112,2,orders;partsupp;lineitem;part;supplier;nation;_m,63290,97834,0,0,28267,28340,0
2026-08-12T11:00:31Z,625C3DB5256D85BE,18.4,queries/tpch/tpch-queries/q09/v1_materialized.sql,measured,2,5,5,3,0.781,1271.928,21,7,175,11257848,73,337459101,63112,2,orders;partsupp;lineitem;part;supplier;nation;_m,63297,97827,0,0,28268,28336,0
2026-08-12T11:00:38Z,625C3DB5256D85BE,18.4,queries/tpch/tpch-queries/q09/v1_materialized.sql,measured,3,1,5,3,1.784,1287.855,21,7,175,11257848,73,337459101,63112,2,orders;partsupp;lineitem;part;supplier;nation;_m,63238,97886,0,0,28264,28339,0
2026-08-12T11:00:38Z,625C3DB5256D85BE,18.4,queries/tpch/tpch-queries/q09/v1_materialized.sql,measured,3,2,5,3,0.767,1270.909,21,7,175,11257848,73,337459101,63112,2,orders;partsupp;lineitem;part;supplier;nation;_m,63240,97884,0,0,28269,28363,0
2026-08-12T11:00:38Z,625C3DB5256D85BE,18.4,queries/tpch/tpch-queries/q09/v1_materialized.sql,measured,3,3,5,3,0.777,1250.373,21,7,175,11257848,73,337459101,63112,2,orders;partsupp;lineitem;part;supplier;nation;_m,63239,97885,0,0,28267,28336,0
2026-08-12T11:00:38Z,625C3DB5256D85BE,18.4,queries/tpch/tpch-queries/q09/v1_materialized.sql,measured,3,4,5,3,0.750,1264.589,21,7,175,11257848,73,337459101,63112,2,orders;partsupp;lineitem;part;supplier;nation;_m,63254,97870,0,0,28270,28339,0
2026-08-12T11:00:38Z,625C3DB5256D85BE,18.4,queries/tpch/tpch-queries/q09/v1_materialized.sql,measured,3,5,5,3,0.769,1266.628,21,7,175,11257848,73,337459101,63112,2,orders;partsupp;lineitem;part;supplier;nation;_m,63278,97846,0,0,28269,28352,0
2026-08-12T11:00:38Z,625C3DB5256D85BE,18.4,queries/tpch/tpch-queries/q10/base.sql,warmup,1,1,1,3,1.429,459.318,14,4,20,1025253,20,144020892,480979,2,orders;customer;lineitem;nation,192110,69247,0,0,5297,5341,0
2026-08-12T11:00:39Z,625C3DB5256D85BE,18.4,queries/tpch/tpch-queries/q10/base.sql,warmup,2,1,1,3,1.105,382.333,14,4,20,1025253,20,144020892,480979,2,orders;customer;lineitem;nation,238334,23023,0,0,5295,5321,0
2026-08-12T11:00:41Z,625C3DB5256D85BE,18.4,queries/tpch/tpch-queries/q10/base.sql,measured,1,1,5,3,1.117,396.338,14,4,20,1025253,20,144020892,480979,2,orders;customer;lineitem;nation,238495,22862,0,0,5300,5345,0
2026-08-12T11:00:41Z,625C3DB5256D85BE,18.4,queries/tpch/tpch-queries/q10/base.sql,measured,1,2,5,3,0.399,376.679,14,4,20,1025253,20,144020892,480979,2,orders;customer;lineitem;nation,238722,22635,0,0,5300,5342,0
2026-08-12T11:00:41Z,625C3DB5256D85BE,18.4,queries/tpch/tpch-queries/q10/base.sql,measured,1,3,5,3,0.426,368.760,14,4,20,1025253,20,144020892,480979,2,orders;customer;lineitem;nation,239289,22068,0,0,5296,5335,0
2026-08-12T11:00:41Z,625C3DB5256D85BE,18.4,queries/tpch/tpch-queries/q10/base.sql,measured,1,4,5,3,0.413,366.280,14,4,20,1025253,20,144020892,480979,2,orders;customer;lineitem;nation,239411,21946,0,0,5296,5324,0
2026-08-12T11:00:41Z,625C3DB5256D85BE,18.4,queries/tpch/tpch-queries/q10/base.sql,measured,1,5,5,3,0.404,409.662,14,4,20,1025253,20,144020892,480979,2,orders;customer;lineitem;nation,239442,21915,0,0,5296,5320,0
2026-08-12T11:00:43Z,625C3DB5256D85BE,18.4,queries/tpch/tpch-queries/q10/base.sql,measured,2,1,5,3,1.279,389.254,14,4,20,1025253,20,144020892,480979,2,orders;customer;lineitem;nation,232808,28549,0,0,5296,5325,0
2026-08-12T11:00:43Z,625C3DB5256D85BE,18.4,queries/tpch/tpch-queries/q10/base.sql,measured,2,2,5,3,0.406,379.577,14,4,20,1025253,20,144020892,480979,2,orders;customer;lineitem;nation,231957,29400,0,0,5297,5336,0
2026-08-12T11:00:43Z,625C3DB5256D85BE,18.4,queries/tpch/tpch-queries/q10/base.sql,measured,2,3,5,3,0.425,384.129,14,4,20,1025253,20,144020892,480979,2,orders;customer;lineitem;nation,229026,32331,0,0,5299,5332,0
2026-08-12T11:00:43Z,625C3DB5256D85BE,18.4,queries/tpch/tpch-queries/q10/base.sql,measured,2,4,5,3,0.449,384.934,14,4,20,1025253,20,144020892,480979,2,orders;customer;lineitem;nation,236399,24958,0,0,5296,5338,0
2026-08-12T11:00:43Z,625C3DB5256D85BE,18.4,queries/tpch/tpch-queries/q10/base.sql,measured,2,5,5,3,0.426,374.455,14,4,20,1025253,20,144020892,480979,2,orders;customer;lineitem;nation,237460,23897,0,0,5299,5332,0
2026-08-12T11:00:45Z,625C3DB5256D85BE,18.4,queries/tpch/tpch-queries/q10/base.sql,measured,3,1,5,3,1.287,392.344,14,4,20,1025253,20,144020892,480979,2,orders;customer;lineitem;nation,237109,24248,0,0,5298,5330,0
2026-08-12T11:00:45Z,625C3DB5256D85BE,18.4,queries/tpch/tpch-queries/q10/base.sql,measured,3,2,5,3,0.406,397.035,14,4,20,1025253,20,144020892,480979,2,orders;customer;lineitem;nation,237192,24165,0,0,5296,5315,0
2026-08-12T11:00:45Z,625C3DB5256D85BE,18.4,queries/tpch/tpch-queries/q10/base.sql,measured,3,3,5,3,0.412,377.534,14,4,20,1025253,20,144020892,480979,2,orders;customer;lineitem;nation,235553,25804,0,0,5301,5343,0
2026-08-12T11:00:45Z,625C3DB5256D85BE,18.4,queries/tpch/tpch-queries/q10/base.sql,measured,3,4,5,3,0.418,381.072,14,4,20,1025253,20,144020892,480979,2,orders;customer;lineitem;nation,236240,25117,0,0,5295,5319,0
2026-08-12T11:00:45Z,625C3DB5256D85BE,18.4,queries/tpch/tpch-queries/q10/base.sql,measured,3,5,5,3,0.422,391.408,14,4,20,1025253,20,144020892,480979,2,orders;customer;lineitem;nation,230062,31295,0,0,5298,5336,0
2026-08-12T11:00:45Z,625C3DB5256D85BE,18.4,queries/tpch/tpch-queries/q10/v1_materialized.sql,warmup,1,1,1,3,1.230,419.940,15,5,20,1063220,20,168337292,480979,2,orders;customer;lineitem;nation;_m,231940,29417,0,0,5300,6215,0
2026-08-12T11:00:46Z,625C3DB5256D85BE,18.4,queries/tpch/tpch-queries/q10/v1_materialized.sql,warmup,2,1,1,3,1.081,474.449,15,5,20,1063220,20,168337292,480979,2,orders;customer;lineitem;nation;_m,234802,26555,0,0,5297,6206,0
2026-08-12T11:00:48Z,625C3DB5256D85BE,18.4,queries/tpch/tpch-queries/q10/v1_materialized.sql,measured,1,1,5,3,1.041,409.267,15,5,20,1063220,20,168337292,480979,2,orders;customer;lineitem;nation;_m,237182,24175,0,0,5298,6222,0
2026-08-12T11:00:48Z,625C3DB5256D85BE,18.4,queries/tpch/tpch-queries/q10/v1_materialized.sql,measured,1,2,5,3,0.354,391.267,15,5,20,1063220,20,168337292,480979,2,orders;customer;lineitem;nation;_m,237093,24264,0,0,5297,6229,0
2026-08-12T11:00:48Z,625C3DB5256D85BE,18.4,queries/tpch/tpch-queries/q10/v1_materialized.sql,measured,1,3,5,3,0.352,376.455,15,5,20,1063220,20,168337292,480979,2,orders;customer;lineitem;nation;_m,236306,25051,0,0,5296,6220,0
2026-08-12T11:00:48Z,625C3DB5256D85BE,18.4,queries/tpch/tpch-queries/q10/v1_materialized.sql,measured,1,4,5,3,0.351,392.191,15,5,20,1063220,20,168337292,480979,2,orders;customer;lineitem;nation;_m,236297,25060,0,0,5297,6218,0
2026-08-12T11:00:48Z,625C3DB5256D85BE,18.4,queries/tpch/tpch-queries/q10/v1_materialized.sql,measured,1,5,5,3,0.349,391.007,15,5,20,1063220,20,168337292,480979,2,orders;customer;lineitem;nation;_m,233154,28203,0,0,5299,6205,0
2026-08-12T11:00:50Z,625C3DB5256D85BE,18.4,queries/tpch/tpch-queries/q10/v1_materialized.sql,measured,2,1,5,3,1.236,412.452,15,5,20,1063220,20,168337292,480979,2,orders;customer;lineitem;nation;_m,234670,26687,0,0,5296,6219,0
2026-08-12T11:00:50Z,625C3DB5256D85BE,18.4,queries/tpch/tpch-queries/q10/v1_materialized.sql,measured,2,2,5,3,0.370,398.405,15,5,20,1063220,20,168337292,480979,2,orders;customer;lineitem;nation;_m,232010,29347,0,0,5295,6217,0
2026-08-12T11:00:50Z,625C3DB5256D85BE,18.4,queries/tpch/tpch-queries/q10/v1_materialized.sql,measured,2,3,5,3,0.351,393.296,15,5,20,1063220,20,168337292,480979,2,orders;customer;lineitem;nation;_m,236997,24360,0,0,5298,6219,0
2026-08-12T11:00:50Z,625C3DB5256D85BE,18.4,queries/tpch/tpch-queries/q10/v1_materialized.sql,measured,2,4,5,3,0.358,383.095,15,5,20,1063220,20,168337292,480979,2,orders;customer;lineitem;nation;_m,236048,25309,0,0,5295,6203,0
2026-08-12T11:00:50Z,625C3DB5256D85BE,18.4,queries/tpch/tpch-queries/q10/v1_materialized.sql,measured,2,5,5,3,0.363,390.951,15,5,20,1063220,20,168337292,480979,2,orders;customer;lineitem;nation;_m,236390,24967,0,0,5297,6229,0
2026-08-12T11:00:52Z,625C3DB5256D85BE,18.4,queries/tpch/tpch-queries/q10/v1_materialized.sql,measured,3,1,5,3,1.229,413.248,15,5,20,1063220,20,168337292,480979,2,orders;customer;lineitem;nation;_m,235856,25501,0,0,5299,6219,0
2026-08-12T11:00:52Z,625C3DB5256D85BE,18.4,queries/tpch/tpch-queries/q10/v1_materialized.sql,measured,3,2,5,3,0.344,535.908,15,5,20,1063220,20,168337292,480979,2,orders;customer;lineitem;nation;_m,231792,29565,0,0,5296,6221,0
2026-08-12T11:00:52Z,625C3DB5256D85BE,18.4,queries/tpch/tpch-queries/q10/v1_materialized.sql,measured,3,3,5,3,0.388,400.439,15,5,20,1063220,20,168337292,480979,2,orders;customer;lineitem;nation;_m,230282,31075,0,0,5296,6213,0
2026-08-12T11:00:52Z,625C3DB5256D85BE,18.4,queries/tpch/tpch-queries/q10/v1_materialized.sql,measured,3,4,5,3,0.348,397.567,15,5,20,1063220,20,168337292,480979,2,orders;customer;lineitem;nation;_m,235906,25451,0,0,5295,6217,0
2026-08-12T11:00:52Z,625C3DB5256D85BE,18.4,queries/tpch/tpch-queries/q10/v1_materialized.sql,measured,3,5,5,3,0.341,395.702,15,5,20,1063220,20,168337292,480979,2,orders;customer;lineitem;nation;_m,236836,24521,0,0,5297,6226,0
2026-08-12T11:00:52Z,625C3DB5256D85BE,18.4,queries/tpch/tpch-queries/q11/base.sql,warmup,1,1,1,3,0.766,125.095,20,6,1048,1761903,10667,27378512,28818,2,partsupp;supplier;nation,1988,34479,0,0,44,111,0
2026-08-12T11:00:53Z,625C3DB5256D85BE,18.4,queries/tpch/tpch-queries/q11/base.sql,warmup,2,1,1,3,0.603,124.674,20,6,1048,1761903,10667,27378512,28818,2,partsupp;supplier;nation,5667,30800,0,0,44,113,0
2026-08-12T11:00:53Z,625C3DB5256D85BE,18.4,queries/tpch/tpch-queries/q11/base.sql,measured,1,1,5,3,0.598,116.555,20,6,1048,1761903,10667,27378512,28818,2,partsupp;supplier;nation,9123,27344,0,0,44,112,0
2026-08-12T11:00:53Z,625C3DB5256D85BE,18.4,queries/tpch/tpch-queries/q11/base.sql,measured,1,2,5,3,0.188,110.170,20,6,1048,1761903,10667,27378512,28818,2,partsupp;supplier;nation,12576,23888,0,0,44,111,0
2026-08-12T11:00:53Z,625C3DB5256D85BE,18.4,queries/tpch/tpch-queries/q11/base.sql,measured,1,3,5,3,0.175,111.382,20,6,1048,1761903,10667,27378512,28818,2,partsupp;supplier;nation,16032,20432,0,0,44,111,0
2026-08-12T11:00:53Z,625C3DB5256D85BE,18.4,queries/tpch/tpch-queries/q11/base.sql,measured,1,4,5,3,0.179,106.699,20,6,1048,1761903,10667,27378512,28818,2,partsupp;supplier;nation,19488,16976,0,0,44,113,0
2026-08-12T11:00:53Z,625C3DB5256D85BE,18.4,queries/tpch/tpch-queries/q11/base.sql,measured,1,5,5,3,0.180,108.116,20,6,1048,1761903,10667,27378512,28818,2,partsupp;supplier;nation,22944,13520,0,0,44,113,0
2026-08-12T11:00:54Z,625C3DB5256D85BE,18.4,queries/tpch/tpch-queries/q11/base.sql,measured,2,1,5,3,0.763,133.179,20,6,1048,1761903,10667,27378512,28818,2,partsupp;supplier;nation,26403,10064,0,0,44,112,0
2026-08-12T11:00:54Z,625C3DB5256D85BE,18.4,queries/tpch/tpch-queries/q11/base.sql,measured,2,2,5,3,0.203,111.967,20,6,1048,1761903,10667,27378512,28818,2,partsupp;supplier;nation,29856,6608,0,0,44,112,0
2026-08-12T11:00:54Z,625C3DB5256D85BE,18.4,queries/tpch/tpch-queries/q11/base.sql,measured,2,3,5,3,0.174,104.998,20,6,1048,1761903,10667,27378512,28818,2,partsupp;supplier;nation,33312,3152,0,0,44,111,0
2026-08-12T11:00:54Z,625C3DB5256D85BE,18.4,queries/tpch/tpch-queries/q11/base.sql,measured,2,4,5,3,0.173,102.979,20,6,1048,1761903,10667,27378512,28818,2,partsupp;supplier;nation,35680,784,0,0,44,112,0
2026-08-12T11:00:54Z,625C3DB5256D85BE,18.4,queries/tpch/tpch-queries/q11/base.sql,measured,2,5,5,3,0.193,103.534,20,6,1048,1761903,10667,27378512,28818,2,partsupp;supplier;nation,36464,0,0,0,44,111,0
2026-08-12T11:00:55Z,625C3DB5256D85BE,18.4,queries/tpch/tpch-queries/q11/base.sql,measured,3,1,5,3,0.778,117.883,20,6,1048,1761903,10667,27378512,28818,2,partsupp;supplier;nation,36467,0,0,0,44,111,0
2026-08-12T11:00:55Z,625C3DB5256D85BE,18.4,queries/tpch/tpch-queries/q11/base.sql,measured,3,2,5,3,0.185,97.630,20,6,1048,1761903,10667,27378512,28818,2,partsupp;supplier;nation,36464,0,0,0,44,112,0
2026-08-12T11:00:55Z,625C3DB5256D85BE,18.4,queries/tpch/tpch-queries/q11/base.sql,measured,3,3,5,3,0.173,95.499,20,6,1048,1761903,10667,27378512,28818,2,partsupp;supplier;nation,36464,0,0,0,44,112,0
2026-08-12T11:00:55Z,625C3DB5256D85BE,18.4,queries/tpch/tpch-queries/q11/base.sql,measured,3,4,5,3,0.207,95.416,20,6,1048,1761903,10667,27378512,28818,2,partsupp;supplier;nation,36464,0,0,0,44,113,0
2026-08-12T11:00:55Z,625C3DB5256D85BE,18.4,queries/tpch/tpch-queries/q11/base.sql,measured,3,5,5,3,0.178,95.240,20,6,1048,1761903,10667,27378512,28818,2,partsupp;supplier;nation,36464,0,0,0,44,113,0
2026-08-12T11:00:55Z,625C3DB5256D85BE,18.4,queries/tpch/tpch-queries/q11/v1_materialized.sql,warmup,1,1,1,3,0.917,125.949,21,7,1048,1762951,10667,27416240,28818,2,partsupp;supplier;nation;_m,36467,0,0,0,44,114,0
2026-08-12T11:00:55Z,625C3DB5256D85BE,18.4,queries/tpch/tpch-queries/q11/v1_materialized.sql,warmup,2,1,1,3,0.622,111.322,21,7,1048,1762951,10667,27416240,28818,2,partsupp;supplier;nation;_m,36467,0,0,0,44,111,0
2026-08-12T11:00:56Z,625C3DB5256D85BE,18.4,queries/tpch/tpch-queries/q11/v1_materialized.sql,measured,1,1,5,3,0.626,101.227,21,7,1048,1762951,10667,27416240,28818,2,partsupp;supplier;nation;_m,36467,0,0,0,44,111,0
2026-08-12T11:00:56Z,625C3DB5256D85BE,18.4,queries/tpch/tpch-queries/q11/v1_materialized.sql,measured,1,2,5,3,0.195,103.801,21,7,1048,1762951,10667,27416240,28818,2,partsupp;supplier;nation;_m,36464,0,0,0,44,112,0
2026-08-12T11:00:56Z,625C3DB5256D85BE,18.4,queries/tpch/tpch-queries/q11/v1_materialized.sql,measured,1,3,5,3,0.206,96.552,21,7,1048,1762951,10667,27416240,28818,2,partsupp;supplier;nation;_m,36464,0,0,0,44,113,0
2026-08-12T11:00:56Z,625C3DB5256D85BE,18.4,queries/tpch/tpch-queries/q11/v1_materialized.sql,measured,1,4,5,3,0.193,95.107,21,7,1048,1762951,10667,27416240,28818,2,partsupp;supplier;nation;_m,36464,0,0,0,44,112,0
2026-08-12T11:00:56Z,625C3DB5256D85BE,18.4,queries/tpch/tpch-queries/q11/v1_materialized.sql,measured,1,5,5,3,0.194,114.964,21,7,1048,1762951,10667,27416240,28818,2,partsupp;supplier;nation;_m,36464,0,0,0,44,114,0
2026-08-12T11:00:56Z,625C3DB5256D85BE,18.4,queries/tpch/tpch-queries/q11/v1_materialized.sql,measured,2,1,5,3,0.626,99.958,21,7,1048,1762951,10667,27416240,28818,2,partsupp;supplier;nation;_m,36467,0,0,0,44,113,0
2026-08-12T11:00:56Z,625C3DB5256D85BE,18.4,queries/tpch/tpch-queries/q11/v1_materialized.sql,measured,2,2,5,3,0.202,96.905,21,7,1048,1762951,10667,27416240,28818,2,partsupp;supplier;nation;_m,36464,0,0,0,44,113,0
2026-08-12T11:00:56Z,625C3DB5256D85BE,18.4,queries/tpch/tpch-queries/q11/v1_materialized.sql,measured,2,3,5,3,0.194,96.474,21,7,1048,1762951,10667,27416240,28818,2,partsupp;supplier;nation;_m,36464,0,0,0,44,113,0
2026-08-12T11:00:56Z,625C3DB5256D85BE,18.4,queries/tpch/tpch-queries/q11/v1_materialized.sql,measured,2,4,5,3,0.194,96.246,21,7,1048,1762951,10667,27416240,28818,2,partsupp;supplier;nation;_m,36464,0,0,0,44,110,0
2026-08-12T11:00:56Z,625C3DB5256D85BE,18.4,queries/tpch/tpch-queries/q11/v1_materialized.sql,measured,2,5,5,3,0.195,97.043,21,7,1048,1762951,10667,27416240,28818,2,partsupp;supplier;nation;_m,36464,0,0,0,44,112,0
2026-08-12T11:00:57Z,625C3DB5256D85BE,18.4,queries/tpch/tpch-queries/q11/v1_materialized.sql,measured,3,1,5,3,0.625,116.814,21,7,1048,1762951,10667,27416240,28818,2,partsupp;supplier;nation;_m,36467,0,0,0,44,113,0
2026-08-12T11:00:57Z,625C3DB5256D85BE,18.4,queries/tpch/tpch-queries/q11/v1_materialized.sql,measured,3,2,5,3,0.191,105.217,21,7,1048,1762951,10667,27416240,28818,2,partsupp;supplier;nation;_m,36464,0,0,0,44,112,0
2026-08-12T11:00:57Z,625C3DB5256D85BE,18.4,queries/tpch/tpch-queries/q11/v1_materialized.sql,measured,3,3,5,3,0.188,102.116,21,7,1048,1762951,10667,27416240,28818,2,partsupp;supplier;nation;_m,36464,0,0,0,44,111,0
2026-08-12T11:00:57Z,625C3DB5256D85BE,18.4,queries/tpch/tpch-queries/q11/v1_materialized.sql,measured,3,4,5,3,0.199,103.995,21,7,1048,1762951,10667,27416240,28818,2,partsupp;supplier;nation;_m,36464,0,0,0,44,113,0
2026-08-12T11:00:57Z,625C3DB5256D85BE,18.4,queries/tpch/tpch-queries/q11/v1_materialized.sql,measured,3,5,5,3,0.196,100.665,21,7,1048,1762951,10667,27416240,28818,2,partsupp;supplier;nation;_m,36464,0,0,0,44,112,0
2026-08-12T11:00:57Z,625C3DB5256D85BE,18.4,queries/tpch/tpch-queries/q11/v2_cte_threshold.sql,warmup,1,1,1,3,0.634,101.042,20,6,1048,1761903,10667,27378512,28818,2,partsupp;supplier;nation,36467,0,0,0,44,113,0
2026-08-12T11:00:57Z,625C3DB5256D85BE,18.4,queries/tpch/tpch-queries/q11/v2_cte_threshold.sql,warmup,2,1,1,3,0.689,110.536,20,6,1048,1761903,10667,27378512,28818,2,partsupp;supplier;nation,36467,0,0,0,44,113,0
2026-08-12T11:00:58Z,625C3DB5256D85BE,18.4,queries/tpch/tpch-queries/q11/v2_cte_threshold.sql,measured,1,1,5,3,0.616,108.431,20,6,1048,1761903,10667,27378512,28818,2,partsupp;supplier;nation,36467,0,0,0,44,114,0
2026-08-12T11:00:58Z,625C3DB5256D85BE,18.4,queries/tpch/tpch-queries/q11/v2_cte_threshold.sql,measured,1,2,5,3,0.200,96.130,20,6,1048,1761903,10667,27378512,28818,2,partsupp;supplier;nation,36464,0,0,0,44,111,0
2026-08-12T11:00:58Z,625C3DB5256D85BE,18.4,queries/tpch/tpch-queries/q11/v2_cte_threshold.sql,measured,1,3,5,3,0.222,94.932,20,6,1048,1761903,10667,27378512,28818,2,partsupp;supplier;nation,36464,0,0,0,44,111,0
2026-08-12T11:00:58Z,625C3DB5256D85BE,18.4,queries/tpch/tpch-queries/q11/v2_cte_threshold.sql,measured,1,4,5,3,0.189,102.408,20,6,1048,1761903,10667,27378512,28818,2,partsupp;supplier;nation,36464,0,0,0,44,112,0
2026-08-12T11:00:58Z,625C3DB5256D85BE,18.4,queries/tpch/tpch-queries/q11/v2_cte_threshold.sql,measured,1,5,5,3,0.196,96.286,20,6,1048,1761903,10667,27378512,28818,2,partsupp;supplier;nation,36464,0,0,0,44,111,0
2026-08-12T11:00:58Z,625C3DB5256D85BE,18.4,queries/tpch/tpch-queries/q11/v2_cte_threshold.sql,measured,2,1,5,3,0.909,124.258,20,6,1048,1761903,10667,27378512,28818,2,partsupp;supplier;nation,36467,0,0,0,44,113,0
2026-08-12T11:00:58Z,625C3DB5256D85BE,18.4,queries/tpch/tpch-queries/q11/v2_cte_threshold.sql,measured,2,2,5,3,0.191,98.593,20,6,1048,1761903,10667,27378512,28818,2,partsupp;supplier;nation,36464,0,0,0,44,112,0
2026-08-12T11:00:58Z,625C3DB5256D85BE,18.4,queries/tpch/tpch-queries/q11/v2_cte_threshold.sql,measured,2,3,5,3,0.191,95.137,20,6,1048,1761903,10667,27378512,28818,2,partsupp;supplier;nation,36464,0,0,0,44,111,0
2026-08-12T11:00:58Z,625C3DB5256D85BE,18.4,queries/tpch/tpch-queries/q11/v2_cte_threshold.sql,measured,2,4,5,3,0.191,96.495,20,6,1048,1761903,10667,27378512,28818,2,partsupp;supplier;nation,36464,0,0,0,44,113,0
2026-08-12T11:00:58Z,625C3DB5256D85BE,18.4,queries/tpch/tpch-queries/q11/v2_cte_threshold.sql,measured,2,5,5,3,0.195,96.008,20,6,1048,1761903,10667,27378512,28818,2,partsupp;supplier;nation,36464,0,0,0,44,114,0
2026-08-12T11:00:59Z,625C3DB5256D85BE,18.4,queries/tpch/tpch-queries/q11/v2_cte_threshold.sql,measured,3,1,5,3,0.913,131.371,20,6,1048,1761903,10667,27378512,28818,2,partsupp;supplier;nation,36467,0,0,0,44,114,0
2026-08-12T11:00:59Z,625C3DB5256D85BE,18.4,queries/tpch/tpch-queries/q11/v2_cte_threshold.sql,measured,3,2,5,3,0.197,96.337,20,6,1048,1761903,10667,27378512,28818,2,partsupp;supplier;nation,36464,0,0,0,44,112,0
2026-08-12T11:00:59Z,625C3DB5256D85BE,18.4,queries/tpch/tpch-queries/q11/v2_cte_threshold.sql,measured,3,3,5,3,0.205,94.237,20,6,1048,1761903,10667,27378512,28818,2,partsupp;supplier;nation,36464,0,0,0,44,112,0
2026-08-12T11:00:59Z,625C3DB5256D85BE,18.4,queries/tpch/tpch-queries/q11/v2_cte_threshold.sql,measured,3,4,5,3,0.194,98.535,20,6,1048,1761903,10667,27378512,28818,2,partsupp;supplier;nation,36464,0,0,0,44,112,0
2026-08-12T11:00:59Z,625C3DB5256D85BE,18.4,queries/tpch/tpch-queries/q11/v2_cte_threshold.sql,measured,3,5,5,3,0.201,94.118,20,6,1048,1761903,10667,27378512,28818,2,partsupp;supplier;nation,36464,0,0,0,44,111,0
2026-08-12T11:01:00Z,625C3DB5256D85BE,18.4,queries/tpch/tpch-queries/q12/base.sql,warmup,1,1,1,3,1.003,788.526,8,2,2,1623962,7,32603286,1990076,2,orders;lineitem,36434,102316,0,0,0,0,0
2026-08-12T11:01:01Z,625C3DB5256D85BE,18.4,queries/tpch/tpch-queries/q12/base.sql,warmup,2,1,1,3,1.101,764.656,8,2,2,1623962,7,32603286,1990076,2,orders;lineitem,36552,102198,0,0,0,0,0
2026-08-12T11:01:04Z,625C3DB5256D85BE,18.4,queries/tpch/tpch-queries/q12/base.sql,measured,1,1,5,3,0.773,759.482,8,2,2,1623962,7,32603286,1990076,2,orders;lineitem,38280,100470,0,0,0,0,0
2026-08-12T11:01:04Z,625C3DB5256D85BE,18.4,queries/tpch/tpch-queries/q12/base.sql,measured,1,2,5,3,0.186,758.685,8,2,2,1623962,7,32603286,1990076,2,orders;lineitem,40008,98742,0,0,0,0,0
2026-08-12T11:01:04Z,625C3DB5256D85BE,18.4,queries/tpch/tpch-queries/q12/base.sql,measured,1,3,5,3,0.196,723.045,8,2,2,1623962,7,32603286,1990076,2,orders;lineitem,41736,97014,0,0,0,0,0
2026-08-12T11:01:04Z,625C3DB5256D85BE,18.4,queries/tpch/tpch-queries/q12/base.sql,measured,1,4,5,3,0.184,724.856,8,2,2,1623962,7,32603286,1990076,2,orders;lineitem,43464,95286,0,0,0,0,0
2026-08-12T11:01:04Z,625C3DB5256D85BE,18.4,queries/tpch/tpch-queries/q12/base.sql,measured,1,5,5,3,0.196,742.646,8,2,2,1623962,7,32603286,1990076,2,orders;lineitem,45192,93558,0,0,0,0,0
2026-08-12T11:01:08Z,625C3DB5256D85BE,18.4,queries/tpch/tpch-queries/q12/base.sql,measured,2,1,5,3,0.751,751.040,8,2,2,1623962,7,32603286,1990076,2,orders;lineitem,46920,91830,0,0,0,0,0
2026-08-12T11:01:08Z,625C3DB5256D85BE,18.4,queries/tpch/tpch-queries/q12/base.sql,measured,2,2,5,3,0.181,702.345,8,2,2,1623962,7,32603286,1990076,2,orders;lineitem,48648,90102,0,0,0,0,0
2026-08-12T11:01:08Z,625C3DB5256D85BE,18.4,queries/tpch/tpch-queries/q12/base.sql,measured,2,3,5,3,0.192,767.969,8,2,2,1623962,7,32603286,1990076,2,orders;lineitem,50376,88374,0,0,0,0,0
2026-08-12T11:01:08Z,625C3DB5256D85BE,18.4,queries/tpch/tpch-queries/q12/base.sql,measured,2,4,5,3,0.188,758.143,8,2,2,1623962,7,32603286,1990076,2,orders;lineitem,52104,86646,0,0,0,0,0
2026-08-12T11:01:08Z,625C3DB5256D85BE,18.4,queries/tpch/tpch-queries/q12/base.sql,measured,2,5,5,3,0.188,759.496,8,2,2,1623962,7,32603286,1990076,2,orders;lineitem,53832,84918,0,0,0,0,0
2026-08-12T11:01:12Z,625C3DB5256D85BE,18.4,queries/tpch/tpch-queries/q12/base.sql,measured,3,1,5,3,1.152,756.861,8,2,2,1623962,7,32603286,1990076,2,orders;lineitem,54055,84695,0,0,0,0,0
2026-08-12T11:01:12Z,625C3DB5256D85BE,18.4,queries/tpch/tpch-queries/q12/base.sql,measured,3,2,5,3,0.222,731.145,8,2,2,1623962,7,32603286,1990076,2,orders;lineitem,55751,82999,0,0,0,0,0
2026-08-12T11:01:12Z,625C3DB5256D85BE,18.4,queries/tpch/tpch-queries/q12/base.sql,measured,3,3,5,3,0.208,690.895,8,2,2,1623962,7,32603286,1990076,2,orders;lineitem,57479,81271,0,0,0,0,0
2026-08-12T11:01:12Z,625C3DB5256D85BE,18.4,queries/tpch/tpch-queries/q12/base.sql,measured,3,4,5,3,0.191,714.525,8,2,2,1623962,7,32603286,1990076,2,orders;lineitem,59207,79543,0,0,0,0,0
2026-08-12T11:01:12Z,625C3DB5256D85BE,18.4,queries/tpch/tpch-queries/q12/base.sql,measured,3,5,5,3,0.201,704.975,8,2,2,1623962,7,32603286,1990076,2,orders;lineitem,60935,77815,0,0,0,0,0
2026-08-12T11:01:13Z,625C3DB5256D85BE,18.4,queries/tpch/tpch-queries/q12/v1_materialized.sql,warmup,1,1,1,3,1.132,704.079,9,3,2,1623964,7,32603406,1990076,2,_m;orders;lineitem,62663,76087,0,0,0,0,0
2026-08-12T11:01:14Z,625C3DB5256D85BE,18.4,queries/tpch/tpch-queries/q12/v1_materialized.sql,warmup,2,1,1,3,1.792,694.478,9,3,2,1623964,7,32603406,1990076,2,_m;orders;lineitem,63662,75088,0,0,0,0,0
2026-08-12T11:01:17Z,625C3DB5256D85BE,18.4,queries/tpch/tpch-queries/q12/v1_materialized.sql,measured,1,1,5,3,1.286,692.870,9,3,2,1623964,7,32603406,1990076,2,_m;orders;lineitem,63662,75088,0,0,0,0,0
2026-08-12T11:01:17Z,625C3DB5256D85BE,18.4,queries/tpch/tpch-queries/q12/v1_materialized.sql,measured,1,2,5,3,0.207,686.763,9,3,2,1623964,7,32603406,1990076,2,_m;orders;lineitem,63662,75088,0,0,0,0,0
2026-08-12T11:01:17Z,625C3DB5256D85BE,18.4,queries/tpch/tpch-queries/q12/v1_materialized.sql,measured,1,3,5,3,0.225,681.130,9,3,2,1623964,7,32603406,1990076,2,_m;orders;lineitem,63668,75082,0,0,0,0,0
2026-08-12T11:01:17Z,625C3DB5256D85BE,18.4,queries/tpch/tpch-queries/q12/v1_materialized.sql,measured,1,4,5,3,0.228,711.521,9,3,2,1623964,7,32603406,1990076,2,_m;orders;lineitem,63682,75068,0,0,0,0,0
2026-08-12T11:01:17Z,625C3DB5256D85BE,18.4,queries/tpch/tpch-queries/q12/v1_materialized.sql,measured,1,5,5,3,0.222,680.023,9,3,2,1623964,7,32603406,1990076,2,_m;orders;lineitem,63705,75045,0,0,0,0,0
2026-08-12T11:01:21Z,625C3DB5256D85BE,18.4,queries/tpch/tpch-queries/q12/v1_materialized.sql,measured,2,1,5,3,1.491,690.898,9,3,2,1623964,7,32603406,1990076,2,_m;orders;lineitem,63753,74997,0,0,0,0,0
2026-08-12T11:01:21Z,625C3DB5256D85BE,18.4,queries/tpch/tpch-queries/q12/v1_materialized.sql,measured,2,2,5,3,0.209,688.943,9,3,2,1623964,7,32603406,1990076,2,_m;orders;lineitem,64272,74478,0,0,0,0,0
2026-08-12T11:01:21Z,625C3DB5256D85BE,18.4,queries/tpch/tpch-queries/q12/v1_materialized.sql,measured,2,3,5,3,0.236,697.682,9,3,2,1623964,7,32603406,1990076,2,_m;orders;lineitem,64407,74343,0,0,0,0,0
2026-08-12T11:01:21Z,625C3DB5256D85BE,18.4,queries/tpch/tpch-queries/q12/v1_materialized.sql,measured,2,4,5,3,0.208,680.052,9,3,2,1623964,7,32603406,1990076,2,_m;orders;lineitem,63811,74939,0,0,0,0,0
2026-08-12T11:01:21Z,625C3DB5256D85BE,18.4,queries/tpch/tpch-queries/q12/v1_materialized.sql,measured,2,5,5,3,0.221,681.890,9,3,2,1623964,7,32603406,1990076,2,_m;orders;lineitem,64537,74213,0,0,0,0,0
2026-08-12T11:01:24Z,625C3DB5256D85BE,18.4,queries/tpch/tpch-queries/q12/v1_materialized.sql,measured,3,1,5,3,0.997,719.358,9,3,2,1623964,7,32603406,1990076,2,_m;orders;lineitem,63734,75016,0,0,0,0,0
2026-08-12T11:01:24Z,625C3DB5256D85BE,18.4,queries/tpch/tpch-queries/q12/v1_materialized.sql,measured,3,2,5,3,0.205,675.037,9,3,2,1623964,7,32603406,1990076,2,_m;orders;lineitem,64008,74742,0,0,0,0,0
2026-08-12T11:01:24Z,625C3DB5256D85BE,18.4,queries/tpch/tpch-queries/q12/v1_materialized.sql,measured,3,3,5,3,0.223,682.293,9,3,2,1623964,7,32603406,1990076,2,_m;orders;lineitem,64259,74491,0,0,0,0,0
2026-08-12T11:01:24Z,625C3DB5256D85BE,18.4,queries/tpch/tpch-queries/q12/v1_materialized.sql,measured,3,4,5,3,0.212,691.132,9,3,2,1623964,7,32603406,1990076,2,_m;orders;lineitem,63715,75035,0,0,0,0,0
2026-08-12T11:01:24Z,625C3DB5256D85BE,18.4,queries/tpch/tpch-queries/q12/v1_materialized.sql,measured,3,5,5,3,0.208,710.230,9,3,2,1623964,7,32603406,1990076,2,_m;orders;lineitem,64388,74362,0,0,0,0,0
2026-08-12T11:01:25Z,625C3DB5256D85BE,18.4,queries/tpch/tpch-queries/q12/v2_filter.sql,warmup,1,1,1,3,1.777,689.060,8,2,2,1623962,7,32603286,1990076,2,orders;lineitem,64496,74254,0,0,0,0,0
2026-08-12T11:01:26Z,625C3DB5256D85BE,18.4,queries/tpch/tpch-queries/q12/v2_filter.sql,warmup,2,1,1,3,0.995,700.112,8,2,2,1623962,7,32603286,1990076,2,orders;lineitem,63928,74822,0,0,0,0,0
2026-08-12T11:01:29Z,625C3DB5256D85BE,18.4,queries/tpch/tpch-queries/q12/v2_filter.sql,measured,1,1,5,3,0.758,721.742,8,2,2,1623962,7,32603286,1990076,2,orders;lineitem,64173,74577,0,0,0,0,0
2026-08-12T11:01:29Z,625C3DB5256D85BE,18.4,queries/tpch/tpch-queries/q12/v2_filter.sql,measured,1,2,5,3,0.200,651.890,8,2,2,1623962,7,32603286,1990076,2,orders;lineitem,64238,74512,0,0,0,0,0
2026-08-12T11:01:29Z,625C3DB5256D85BE,18.4,queries/tpch/tpch-queries/q12/v2_filter.sql,measured,1,3,5,3,0.206,695.323,8,2,2,1623962,7,32603286,1990076,2,orders;lineitem,64221,74529,0,0,0,0,0
2026-08-12T11:01:29Z,625C3DB5256D85BE,18.4,queries/tpch/tpch-queries/q12/v2_filter.sql,measured,1,4,5,3,0.196,657.673,8,2,2,1623962,7,32603286,1990076,2,orders;lineitem,64199,74551,0,0,0,0,0
2026-08-12T11:01:29Z,625C3DB5256D85BE,18.4,queries/tpch/tpch-queries/q12/v2_filter.sql,measured,1,5,5,3,0.211,671.083,8,2,2,1623962,7,32603286,1990076,2,orders;lineitem,64397,74353,0,0,0,0,0
2026-08-12T11:01:33Z,625C3DB5256D85BE,18.4,queries/tpch/tpch-queries/q12/v2_filter.sql,measured,2,1,5,3,2.121,678.121,8,2,2,1623962,7,32603286,1990076,2,orders;lineitem,64477,74273,0,0,0,0,0
2026-08-12T11:01:33Z,625C3DB5256D85BE,18.4,queries/tpch/tpch-queries/q12/v2_filter.sql,measured,2,2,5,3,0.183,667.784,8,2,2,1623962,7,32603286,1990076,2,orders;lineitem,64342,74408,0,0,0,0,0
2026-08-12T11:01:33Z,625C3DB5256D85BE,18.4,queries/tpch/tpch-queries/q12/v2_filter.sql,measured,2,3,5,3,0.187,629.713,8,2,2,1623962,7,32603286,1990076,2,orders;lineitem,64305,74445,0,0,0,0,0
2026-08-12T11:01:33Z,625C3DB5256D85BE,18.4,queries/tpch/tpch-queries/q12/v2_filter.sql,measured,2,4,5,3,0.180,614.335,8,2,2,1623962,7,32603286,1990076,2,orders;lineitem,64267,74483,0,0,0,0,0
2026-08-12T11:01:33Z,625C3DB5256D85BE,18.4,queries/tpch/tpch-queries/q12/v2_filter.sql,measured,2,5,5,3,0.176,654.891,8,2,2,1623962,7,32603286,1990076,2,orders;lineitem,64289,74461,0,0,0,0,0
2026-08-12T11:01:36Z,625C3DB5256D85BE,18.4,queries/tpch/tpch-queries/q12/v2_filter.sql,measured,3,1,5,3,0.863,632.166,8,2,2,1623962,7,32603286,1990076,2,orders;lineitem,64310,74440,0,0,0,0,0
2026-08-12T11:01:36Z,625C3DB5256D85BE,18.4,queries/tpch/tpch-queries/q12/v2_filter.sql,measured,3,2,5,3,0.181,640.222,8,2,2,1623962,7,32603286,1990076,2,orders;lineitem,64526,74224,0,0,0,0,0
2026-08-12T11:01:36Z,625C3DB5256D85BE,18.4,queries/tpch/tpch-queries/q12/v2_filter.sql,measured,3,3,5,3,0.173,649.022,8,2,2,1623962,7,32603286,1990076,2,orders;lineitem,63730,75020,0,0,0,0,0
2026-08-12T11:01:36Z,625C3DB5256D85BE,18.4,queries/tpch/tpch-queries/q12/v2_filter.sql,measured,3,4,5,3,0.181,653.000,8,2,2,1623962,7,32603286,1990076,2,orders;lineitem,63799,74951,0,0,0,0,0
2026-08-12T11:01:36Z,625C3DB5256D85BE,18.4,queries/tpch/tpch-queries/q12/v2_filter.sql,measured,3,5,5,3,0.176,629.488,8,2,2,1623962,7,32603286,1990076,2,orders;lineitem,63860,74890,0,0,0,0,0
2026-08-12T11:01:37Z,625C3DB5256D85BE,18.4,queries/tpch/tpch-queries/q13/base.sql,warmup,1,1,1,3,1.224,738.459,10,2,42,4500609,200,39536292,5361,2,orders;customer,25858,3895,0,0,1241,1406,0
2026-08-12T11:01:38Z,625C3DB5256D85BE,18.4,queries/tpch/tpch-queries/q13/base.sql,warmup,2,1,1,3,0.718,729.806,10,2,42,4500781,200,39538356,5361,2,orders;customer,29753,0,0,0,1239,1405,0
2026-08-12T11:01:41Z,625C3DB5256D85BE,18.4,queries/tpch/tpch-queries/q13/base.sql,measured,1,1,5,3,0.749,728.653,10,2,42,4500764,200,39538152,5361,2,orders;customer,29753,0,0,0,1234,1399,0
2026-08-12T11:01:41Z,625C3DB5256D85BE,18.4,queries/tpch/tpch-queries/q13/base.sql,measured,1,2,5,3,0.207,712.058,10,2,42,4500826,200,39538896,5361,2,orders;customer,29750,0,0,0,1242,1407,0
2026-08-12T11:01:41Z,625C3DB5256D85BE,18.4,queries/tpch/tpch-queries/q13/base.sql,measured,1,3,5,3,0.195,703.586,10,2,42,4500663,200,39536940,5361,2,orders;customer,29750,0,0,0,1241,1406,0
2026-08-12T11:01:41Z,625C3DB5256D85BE,18.4,queries/tpch/tpch-queries/q13/base.sql,measured,1,4,5,3,0.195,696.377,10,2,42,4500942,200,39540288,5361,2,orders;customer,29750,0,0,0,1247,1413,0
2026-08-12T11:01:41Z,625C3DB5256D85BE,18.4,queries/tpch/tpch-queries/q13/base.sql,measured,1,5,5,3,0.187,692.868,10,2,42,4500773,200,39538260,5361,2,orders;customer,29750,0,0,0,1224,1393,0
2026-08-12T11:01:45Z,625C3DB5256D85BE,18.4,queries/tpch/tpch-queries/q13/base.sql,measured,2,1,5,3,0.668,710.548,10,2,42,4500827,200,39538908,5361,2,orders;customer,29753,0,0,0,1241,1406,0
2026-08-12T11:01:45Z,625C3DB5256D85BE,18.4,queries/tpch/tpch-queries/q13/base.sql,measured,2,2,5,3,0.208,704.105,10,2,42,4500872,200,39539448,5361,2,orders;customer,29750,0,0,0,1235,1402,0
2026-08-12T11:01:45Z,625C3DB5256D85BE,18.4,queries/tpch/tpch-queries/q13/base.sql,measured,2,3,5,3,0.189,688.066,10,2,42,4500745,200,39537924,5361,2,orders;customer,29750,0,0,0,1247,1414,0
2026-08-12T11:01:45Z,625C3DB5256D85BE,18.4,queries/tpch/tpch-queries/q13/base.sql,measured,2,4,5,3,0.195,692.582,10,2,42,4500681,200,39537156,5361,2,orders;customer,29750,0,0,0,1241,1406,0
2026-08-12T11:01:45Z,625C3DB5256D85BE,18.4,queries/tpch/tpch-queries/q13/base.sql,measured,2,5,5,3,0.188,693.669,10,2,42,4500421,200,39534036,5361,2,orders;customer,29750,0,0,0,1236,1403,0
2026-08-12T11:01:48Z,625C3DB5256D85BE,18.4,queries/tpch/tpch-queries/q13/base.sql,measured,3,1,5,3,0.666,740.733,10,2,42,4500843,200,39539100,5361,2,orders;customer,29753,0,0,0,1241,1406,0
2026-08-12T11:01:48Z,625C3DB5256D85BE,18.4,queries/tpch/tpch-queries/q13/base.sql,measured,3,2,5,3,0.198,699.798,10,2,42,4500494,200,39534912,5361,2,orders;customer,29750,0,0,0,1227,1394,0
2026-08-12T11:01:48Z,625C3DB5256D85BE,18.4,queries/tpch/tpch-queries/q13/base.sql,measured,3,3,5,3,0.192,698.386,10,2,42,4500591,200,39536076,5361,2,orders;customer,29750,0,0,0,1224,1391,0
2026-08-12T11:01:48Z,625C3DB5256D85BE,18.4,queries/tpch/tpch-queries/q13/base.sql,measured,3,4,5,3,0.199,689.252,10,2,42,4500538,200,39535440,5361,2,orders;customer,29750,0,0,0,1242,1407,0
2026-08-12T11:01:48Z,625C3DB5256D85BE,18.4,queries/tpch/tpch-queries/q13/base.sql,measured,3,5,5,3,0.192,691.843,10,2,42,4500430,200,39534144,5361,2,orders;customer,29750,0,0,0,1242,1407,0
2026-08-12T11:01:49Z,625C3DB5256D85BE,18.4,queries/tpch/tpch-queries/q13/v1_materialized.sql,warmup,1,1,1,3,0.703,716.063,11,3,42,4500633,200,39536748,5361,2,orders;customer;_m,29753,0,0,0,1241,1406,0
2026-08-12T11:01:50Z,625C3DB5256D85BE,18.4,queries/tpch/tpch-queries/q13/v1_materialized.sql,warmup,2,1,1,3,0.754,722.148,11,3,42,4500669,200,39537180,5361,2,orders;customer;_m,29753,0,0,0,1231,1396,0
2026-08-12T11:01:54Z,625C3DB5256D85BE,18.4,queries/tpch/tpch-queries/q13/v1_materialized.sql,measured,1,1,5,3,0.698,714.217,11,3,42,4500462,200,39534696,5361,2,orders;customer;_m,29753,0,0,0,1241,1406,0
2026-08-12T11:01:54Z,625C3DB5256D85BE,18.4,queries/tpch/tpch-queries/q13/v1_materialized.sql,measured,1,2,5,3,0.203,697.892,11,3,42,4500624,200,39536640,5361,2,orders;customer;_m,29750,0,0,0,1246,1414,0
2026-08-12T11:01:54Z,625C3DB5256D85BE,18.4,queries/tpch/tpch-queries/q13/v1_materialized.sql,measured,1,3,5,3,0.199,686.432,11,3,42,4500616,200,39536544,5361,2,orders;customer;_m,29750,0,0,0,1224,1393,0
2026-08-12T11:01:54Z,625C3DB5256D85BE,18.4,queries/tpch/tpch-queries/q13/v1_materialized.sql,measured,1,4,5,3,0.197,682.712,11,3,42,4500831,200,39539124,5361,2,orders;customer;_m,29750,0,0,0,1236,1403,0
2026-08-12T11:01:54Z,625C3DB5256D85BE,18.4,queries/tpch/tpch-queries/q13/v1_materialized.sql,measured,1,5,5,3,0.199,685.905,11,3,42,4500374,200,39533640,5361,2,orders;customer;_m,29750,0,0,0,1227,1394,0
2026-08-12T11:01:57Z,625C3DB5256D85BE,18.4,queries/tpch/tpch-queries/q13/v1_materialized.sql,measured,2,1,5,3,0.705,711.941,11,3,42,4500922,200,39540216,5361,2,orders;customer;_m,29753,0,0,0,1246,1412,0
2026-08-12T11:01:57Z,625C3DB5256D85BE,18.4,queries/tpch/tpch-queries/q13/v1_materialized.sql,measured,2,2,5,3,0.196,691.775,11,3,42,4500590,200,39536232,5361,2,orders;customer;_m,29750,0,0,0,1223,1390,0
2026-08-12T11:01:57Z,625C3DB5256D85BE,18.4,queries/tpch/tpch-queries/q13/v1_materialized.sql,measured,2,3,5,3,0.198,690.115,11,3,42,4500499,200,39535140,5361,2,orders;customer;_m,29750,0,0,0,1236,1403,0
2026-08-12T11:01:57Z,625C3DB5256D85BE,18.4,queries/tpch/tpch-queries/q13/v1_materialized.sql,measured,2,4,5,3,0.204,682.702,11,3,42,4500563,200,39535908,5361,2,orders;customer;_m,29750,0,0,0,1239,1405,0
2026-08-12T11:01:57Z,625C3DB5256D85BE,18.4,queries/tpch/tpch-queries/q13/v1_materialized.sql,measured,2,5,5,3,0.199,678.604,11,3,42,4500895,200,39539892,5361,2,orders;customer;_m,29750,0,0,0,1236,1402,0
2026-08-12T11:02:01Z,625C3DB5256D85BE,18.4,queries/tpch/tpch-queries/q13/v1_materialized.sql,measured,3,1,5,3,0.714,712.895,11,3,42,4500869,200,39539580,5361,2,orders;customer;_m,29753,0,0,0,1223,1390,0
2026-08-12T11:02:01Z,625C3DB5256D85BE,18.4,queries/tpch/tpch-queries/q13/v1_materialized.sql,measured,3,2,5,3,0.196,690.030,11,3,42,4500534,200,39535560,5361,2,orders;customer;_m,29750,0,0,0,1223,1390,0
2026-08-12T11:02:01Z,625C3DB5256D85BE,18.4,queries/tpch/tpch-queries/q13/v1_materialized.sql,measured,3,3,5,3,0.208,688.080,11,3,42,4500472,200,39534816,5361,2,orders;customer;_m,29750,0,0,0,1242,1407,0
2026-08-12T11:02:01Z,625C3DB5256D85BE,18.4,queries/tpch/tpch-queries/q13/v1_materialized.sql,measured,3,4,5,3,0.199,685.795,11,3,42,4500390,200,39533832,5361,2,orders;customer;_m,29750,0,0,0,1239,1405,0
2026-08-12T11:02:01Z,625C3DB5256D85BE,18.4,queries/tpch/tpch-queries/q13/v1_materialized.sql,measured,3,5,5,3,0.212,736.972,11,3,42,4500489,200,39535020,5361,2,orders;customer;_m,29750,0,0,0,1236,1403,0
2026-08-12T11:02:03Z,625C3DB5256D85BE,18.4,queries/tpch/tpch-queries/q13/v2_correlated.sql,warmup,1,1,1,3,0.554,2195.213,7,3,42,3300084,150000,3601344,0,0,customer;orders;idx_orders_cust,1951598,1536,0,0,0,0,0
2026-08-12T11:02:05Z,625C3DB5256D85BE,18.4,queries/tpch/tpch-queries/q13/v2_correlated.sql,warmup,2,1,1,3,0.591,2196.950,7,3,42,3300084,150000,3601344,0,0,customer;orders;idx_orders_cust,1953134,0,0,0,0,0,0
2026-08-12T11:02:16Z,625C3DB5256D85BE,18.4,queries/tpch/tpch-queries/q13/v2_correlated.sql,measured,1,1,5,3,0.585,2193.053,7,3,42,3300084,150000,3601344,0,0,customer;orders;idx_orders_cust,1953134,0,0,0,0,0,0
2026-08-12T11:02:16Z,625C3DB5256D85BE,18.4,queries/tpch/tpch-queries/q13/v2_correlated.sql,measured,1,2,5,3,0.142,2054.800,7,3,42,3300084,150000,3601344,0,0,customer;orders;idx_orders_cust,1953131,0,0,0,0,0,0
2026-08-12T11:02:16Z,625C3DB5256D85BE,18.4,queries/tpch/tpch-queries/q13/v2_correlated.sql,measured,1,3,5,3,0.134,2054.891,7,3,42,3300084,150000,3601344,0,0,customer;orders;idx_orders_cust,1953131,0,0,0,0,0,0
2026-08-12T11:02:16Z,625C3DB5256D85BE,18.4,queries/tpch/tpch-queries/q13/v2_correlated.sql,measured,1,4,5,3,0.140,2037.981,7,3,42,3300084,150000,3601344,0,0,customer;orders;idx_orders_cust,1953131,0,0,0,0,0,0
2026-08-12T11:02:16Z,625C3DB5256D85BE,18.4,queries/tpch/tpch-queries/q13/v2_correlated.sql,measured,1,5,5,3,0.132,2055.727,7,3,42,3300084,150000,3601344,0,0,customer;orders;idx_orders_cust,1953131,0,0,0,0,0,0
2026-08-12T11:02:26Z,625C3DB5256D85BE,18.4,queries/tpch/tpch-queries/q13/v2_correlated.sql,measured,2,1,5,3,0.591,2149.805,7,3,42,3300084,150000,3601344,0,0,customer;orders;idx_orders_cust,1953134,0,0,0,0,0,0
2026-08-12T11:02:26Z,625C3DB5256D85BE,18.4,queries/tpch/tpch-queries/q13/v2_correlated.sql,measured,2,2,5,3,0.132,2024.731,7,3,42,3300084,150000,3601344,0,0,customer;orders;idx_orders_cust,1953131,0,0,0,0,0,0
2026-08-12T11:02:26Z,625C3DB5256D85BE,18.4,queries/tpch/tpch-queries/q13/v2_correlated.sql,measured,2,3,5,3,0.130,2028.573,7,3,42,3300084,150000,3601344,0,0,customer;orders;idx_orders_cust,1953131,0,0,0,0,0,0
2026-08-12T11:02:26Z,625C3DB5256D85BE,18.4,queries/tpch/tpch-queries/q13/v2_correlated.sql,measured,2,4,5,3,0.141,2013.639,7,3,42,3300084,150000,3601344,0,0,customer;orders;idx_orders_cust,1953131,0,0,0,0,0,0
2026-08-12T11:02:26Z,625C3DB5256D85BE,18.4,queries/tpch/tpch-queries/q13/v2_correlated.sql,measured,2,5,5,3,0.130,2047.119,7,3,42,3300084,150000,3601344,0,0,customer;orders;idx_orders_cust,1953131,0,0,0,0,0,0
2026-08-12T11:02:37Z,625C3DB5256D85BE,18.4,queries/tpch/tpch-queries/q13/v2_correlated.sql,measured,3,1,5,3,0.573,2139.153,7,3,42,3300084,150000,3601344,0,0,customer;orders;idx_orders_cust,1953134,0,0,0,0,0,0
2026-08-12T11:02:37Z,625C3DB5256D85BE,18.4,queries/tpch/tpch-queries/q13/v2_correlated.sql,measured,3,2,5,3,0.132,2022.920,7,3,42,3300084,150000,3601344,0,0,customer;orders;idx_orders_cust,1953131,0,0,0,0,0,0
2026-08-12T11:02:37Z,625C3DB5256D85BE,18.4,queries/tpch/tpch-queries/q13/v2_correlated.sql,measured,3,3,5,3,0.130,2029.279,7,3,42,3300084,150000,3601344,0,0,customer;orders;idx_orders_cust,1953131,0,0,0,0,0,0
2026-08-12T11:02:37Z,625C3DB5256D85BE,18.4,queries/tpch/tpch-queries/q13/v2_correlated.sql,measured,3,4,5,3,0.147,2027.807,7,3,42,3300084,150000,3601344,0,0,customer;orders;idx_orders_cust,1953131,0,0,0,0,0,0
2026-08-12T11:02:37Z,625C3DB5256D85BE,18.4,queries/tpch/tpch-queries/q13/v2_correlated.sql,measured,3,5,5,3,0.133,2036.722,7,3,42,3300084,150000,3601344,0,0,customer;orders;idx_orders_cust,1953131,0,0,0,0,0,0
2026-08-12T11:02:37Z,625C3DB5256D85BE,18.4,queries/tpch/tpch-queries/q14/base.sql,warmup,1,1,1,3,0.719,400.958,7,2,1,551965,1,13723385,1975077,2,lineitem;part,28972,87756,0,0,0,0,0
2026-08-12T11:02:38Z,625C3DB5256D85BE,18.4,queries/tpch/tpch-queries/q14/base.sql,warmup,2,1,1,3,0.774,404.002,7,2,1,551965,1,13723385,1975077,2,lineitem;part,33100,83628,0,0,0,0,0
2026-08-12T11:02:39Z,625C3DB5256D85BE,18.4,queries/tpch/tpch-queries/q14/base.sql,measured,1,1,5,3,1.146,420.809,7,2,1,551965,1,13723385,1975077,2,lineitem;part,33153,83575,0,0,0,0,0
2026-08-12T11:02:39Z,625C3DB5256D85BE,18.4,queries/tpch/tpch-queries/q14/base.sql,measured,1,2,5,3,0.103,359.845,7,2,1,551965,1,13723385,1975077,2,lineitem;part,33161,83567,0,0,0,0,0
2026-08-12T11:02:39Z,625C3DB5256D85BE,18.4,queries/tpch/tpch-queries/q14/base.sql,measured,1,3,5,3,0.103,357.885,7,2,1,551965,1,13723385,1975077,2,lineitem;part,33222,83506,0,0,0,0,0
2026-08-12T11:02:39Z,625C3DB5256D85BE,18.4,queries/tpch/tpch-queries/q14/base.sql,measured,1,4,5,3,0.103,348.474,7,2,1,551965,1,13723385,1975077,2,lineitem;part,34086,82642,0,0,0,0,0
2026-08-12T11:02:39Z,625C3DB5256D85BE,18.4,queries/tpch/tpch-queries/q14/base.sql,measured,1,5,5,3,0.103,332.386,7,2,1,551965,1,13723385,1975077,2,lineitem;part,34950,81778,0,0,0,0,0
2026-08-12T11:02:41Z,625C3DB5256D85BE,18.4,queries/tpch/tpch-queries/q14/base.sql,measured,2,1,5,3,1.527,411.383,7,2,1,551965,1,13723385,1975077,2,lineitem;part,35814,80914,0,0,0,0,0
2026-08-12T11:02:41Z,625C3DB5256D85BE,18.4,queries/tpch/tpch-queries/q14/base.sql,measured,2,2,5,3,0.104,343.948,7,2,1,551965,1,13723385,1975077,2,lineitem;part,36678,80050,0,0,0,0,0
2026-08-12T11:02:41Z,625C3DB5256D85BE,18.4,queries/tpch/tpch-queries/q14/base.sql,measured,2,3,5,3,0.108,318.106,7,2,1,551965,1,13723385,1975077,2,lineitem;part,37542,79186,0,0,0,0,0
2026-08-12T11:02:41Z,625C3DB5256D85BE,18.4,queries/tpch/tpch-queries/q14/base.sql,measured,2,4,5,3,0.102,332.198,7,2,1,551965,1,13723385,1975077,2,lineitem;part,38406,78322,0,0,0,0,0
2026-08-12T11:02:41Z,625C3DB5256D85BE,18.4,queries/tpch/tpch-queries/q14/base.sql,measured,2,5,5,3,0.104,321.458,7,2,1,551965,1,13723385,1975077,2,lineitem;part,39270,77458,0,0,0,0,0
2026-08-12T11:02:43Z,625C3DB5256D85BE,18.4,queries/tpch/tpch-queries/q14/base.sql,measured,3,1,5,3,0.886,398.975,7,2,1,551965,1,13723385,1975077,2,lineitem;part,40134,76594,0,0,0,0,0
2026-08-12T11:02:43Z,625C3DB5256D85BE,18.4,queries/tpch/tpch-queries/q14/base.sql,measured,3,2,5,3,0.111,341.652,7,2,1,551965,1,13723385,1975077,2,lineitem;part,40998,75730,0,0,0,0,0
2026-08-12T11:02:43Z,625C3DB5256D85BE,18.4,queries/tpch/tpch-queries/q14/base.sql,measured,3,3,5,3,0.110,365.602,7,2,1,551965,1,13723385,1975077,2,lineitem;part,41862,74866,0,0,0,0,0
2026-08-12T11:02:43Z,625C3DB5256D85BE,18.4,queries/tpch/tpch-queries/q14/base.sql,measured,3,4,5,3,0.110,355.759,7,2,1,551965,1,13723385,1975077,2,lineitem;part,42726,74002,0,0,0,0,0
2026-08-12T11:02:43Z,625C3DB5256D85BE,18.4,queries/tpch/tpch-queries/q14/base.sql,measured,3,5,5,3,0.103,340.479,7,2,1,551965,1,13723385,1975077,2,lineitem;part,43590,73138,0,0,0,0,0
2026-08-12T11:02:44Z,625C3DB5256D85BE,18.4,queries/tpch/tpch-queries/q14/v1_materialized.sql,warmup,1,1,1,3,0.754,371.450,8,3,1,551966,1,13723417,1975077,2,_m;lineitem;part,44454,72274,0,0,0,0,0
2026-08-12T11:02:44Z,625C3DB5256D85BE,18.4,queries/tpch/tpch-queries/q14/v1_materialized.sql,warmup,2,1,1,3,1.200,392.910,8,3,1,551966,1,13723417,1975077,2,_m;lineitem;part,45318,71410,0,0,0,0,0
2026-08-12T11:02:46Z,625C3DB5256D85BE,18.4,queries/tpch/tpch-queries/q14/v1_materialized.sql,measured,1,1,5,3,1.210,364.470,8,3,1,551966,1,13723417,1975077,2,_m;lineitem;part,46182,70546,0,0,0,0,0
2026-08-12T11:02:46Z,625C3DB5256D85BE,18.4,queries/tpch/tpch-queries/q14/v1_materialized.sql,measured,1,2,5,3,0.116,324.906,8,3,1,551966,1,13723417,1975077,2,_m;lineitem;part,47046,69682,0,0,0,0,0
2026-08-12T11:02:46Z,625C3DB5256D85BE,18.4,queries/tpch/tpch-queries/q14/v1_materialized.sql,measured,1,3,5,3,0.117,333.108,8,3,1,551966,1,13723417,1975077,2,_m;lineitem;part,47910,68818,0,0,0,0,0
2026-08-12T11:02:46Z,625C3DB5256D85BE,18.4,queries/tpch/tpch-queries/q14/v1_materialized.sql,measured,1,4,5,3,0.115,349.441,8,3,1,551966,1,13723417,1975077,2,_m;lineitem;part,48774,67954,0,0,0,0,0
2026-08-12T11:02:46Z,625C3DB5256D85BE,18.4,queries/tpch/tpch-queries/q14/v1_materialized.sql,measured,1,5,5,3,0.116,330.820,8,3,1,551966,1,13723417,1975077,2,_m;lineitem;part,49638,67090,0,0,0,0,0
2026-08-12T11:02:48Z,625C3DB5256D85BE,18.4,queries/tpch/tpch-queries/q14/v1_materialized.sql,measured,2,1,5,3,0.944,420.675,8,3,1,551966,1,13723417,1975077,2,_m;lineitem;part,50502,66226,0,0,0,0,0
2026-08-12T11:02:48Z,625C3DB5256D85BE,18.4,queries/tpch/tpch-queries/q14/v1_materialized.sql,measured,2,2,5,3,0.123,341.481,8,3,1,551966,1,13723417,1975077,2,_m;lineitem;part,51366,65362,0,0,0,0,0
2026-08-12T11:02:48Z,625C3DB5256D85BE,18.4,queries/tpch/tpch-queries/q14/v1_materialized.sql,measured,2,3,5,3,0.124,363.526,8,3,1,551966,1,13723417,1975077,2,_m;lineitem;part,52230,64498,0,0,0,0,0
2026-08-12T11:02:48Z,625C3DB5256D85BE,18.4,queries/tpch/tpch-queries/q14/v1_materialized.sql,measured,2,4,5,3,0.117,329.205,8,3,1,551966,1,13723417,1975077,2,_m;lineitem;part,53094,63634,0,0,0,0,0
2026-08-12T11:02:48Z,625C3DB5256D85BE,18.4,queries/tpch/tpch-queries/q14/v1_materialized.sql,measured,2,5,5,3,0.121,357.096,8,3,1,551966,1,13723417,1975077,2,_m;lineitem;part,53958,62770,0,0,0,0,0
2026-08-12T11:02:50Z,625C3DB5256D85BE,18.4,queries/tpch/tpch-queries/q14/v1_materialized.sql,measured,3,1,5,3,0.756,369.300,8,3,1,551966,1,13723417,1975077,2,_m;lineitem;part,54822,61906,0,0,0,0,0
2026-08-12T11:02:50Z,625C3DB5256D85BE,18.4,queries/tpch/tpch-queries/q14/v1_materialized.sql,measured,3,2,5,3,0.121,329.205,8,3,1,551966,1,13723417,1975077,2,_m;lineitem;part,55686,61042,0,0,0,0,0
2026-08-12T11:02:50Z,625C3DB5256D85BE,18.4,queries/tpch/tpch-queries/q14/v1_materialized.sql,measured,3,3,5,3,0.126,328.541,8,3,1,551966,1,13723417,1975077,2,_m;lineitem;part,56550,60178,0,0,0,0,0
2026-08-12T11:02:50Z,625C3DB5256D85BE,18.4,queries/tpch/tpch-queries/q14/v1_materialized.sql,measured,3,4,5,3,0.116,338.284,8,3,1,551966,1,13723417,1975077,2,_m;lineitem;part,57414,59314,0,0,0,0,0
2026-08-12T11:02:50Z,625C3DB5256D85BE,18.4,queries/tpch/tpch-queries/q14/v1_materialized.sql,measured,3,5,5,3,0.117,350.443,8,3,1,551966,1,13723417,1975077,2,_m;lineitem;part,58278,58450,0,0,0,0,0
2026-08-12T11:02:50Z,625C3DB5256D85BE,18.4,queries/tpch/tpch-queries/q14/v2_filter.sql,warmup,1,1,1,3,1.166,370.531,7,2,1,551965,1,13723385,1975077,2,lineitem;part,59142,57586,0,0,0,0,0
2026-08-12T11:02:51Z,625C3DB5256D85BE,18.4,queries/tpch/tpch-queries/q14/v2_filter.sql,warmup,2,1,1,3,0.805,379.787,7,2,1,551965,1,13723385,1975077,2,lineitem;part,60006,56722,0,0,0,0,0
2026-08-12T11:02:52Z,625C3DB5256D85BE,18.4,queries/tpch/tpch-queries/q14/v2_filter.sql,measured,1,1,5,3,0.609,369.176,7,2,1,551965,1,13723385,1975077,2,lineitem;part,60870,55858,0,0,0,0,0
2026-08-12T11:02:52Z,625C3DB5256D85BE,18.4,queries/tpch/tpch-queries/q14/v2_filter.sql,measured,1,2,5,3,0.102,325.871,7,2,1,551965,1,13723385,1975077,2,lineitem;part,61734,54994,0,0,0,0,0
2026-08-12T11:02:52Z,625C3DB5256D85BE,18.4,queries/tpch/tpch-queries/q14/v2_filter.sql,measured,1,3,5,3,0.110,332.483,7,2,1,551965,1,13723385,1975077,2,lineitem;part,62598,54130,0,0,0,0,0
2026-08-12T11:02:52Z,625C3DB5256D85BE,18.4,queries/tpch/tpch-queries/q14/v2_filter.sql,measured,1,4,5,3,0.111,327.167,7,2,1,551965,1,13723385,1975077,2,lineitem;part,63462,53266,0,0,0,0,0
2026-08-12T11:02:52Z,625C3DB5256D85BE,18.4,queries/tpch/tpch-queries/q14/v2_filter.sql,measured,1,5,5,3,0.102,327.233,7,2,1,551965,1,13723385,1975077,2,lineitem;part,64326,52402,0,0,0,0,0
2026-08-12T11:02:54Z,625C3DB5256D85BE,18.4,queries/tpch/tpch-queries/q14/v2_filter.sql,measured,2,1,5,3,0.890,412.862,7,2,1,551965,1,13723385,1975077,2,lineitem;part,64498,52230,0,0,0,0,0
2026-08-12T11:02:54Z,625C3DB5256D85BE,18.4,queries/tpch/tpch-queries/q14/v2_filter.sql,measured,2,2,5,3,0.102,341.435,7,2,1,551965,1,13723385,1975077,2,lineitem;part,64498,52230,0,0,0,0,0
2026-08-12T11:02:54Z,625C3DB5256D85BE,18.4,queries/tpch/tpch-queries/q14/v2_filter.sql,measured,2,3,5,3,0.102,340.165,7,2,1,551965,1,13723385,1975077,2,lineitem;part,64498,52230,0,0,0,0,0
2026-08-12T11:02:54Z,625C3DB5256D85BE,18.4,queries/tpch/tpch-queries/q14/v2_filter.sql,measured,2,4,5,3,0.102,329.454,7,2,1,551965,1,13723385,1975077,2,lineitem;part,64504,52224,0,0,0,0,0
2026-08-12T11:02:54Z,625C3DB5256D85BE,18.4,queries/tpch/tpch-queries/q14/v2_filter.sql,measured,2,5,5,3,0.111,317.649,7,2,1,551965,1,13723385,1975077,2,lineitem;part,64526,52202,0,0,0,0,0
2026-08-12T11:02:56Z,625C3DB5256D85BE,18.4,queries/tpch/tpch-queries/q14/v2_filter.sql,measured,3,1,5,3,1.399,395.898,7,2,1,551965,1,13723385,1975077,2,lineitem;part,64504,52224,0,0,0,0,0
2026-08-12T11:02:56Z,625C3DB5256D85BE,18.4,queries/tpch/tpch-queries/q14/v2_filter.sql,measured,3,2,5,3,0.102,339.512,7,2,1,551965,1,13723385,1975077,2,lineitem;part,64511,52217,0,0,0,0,0
2026-08-12T11:02:56Z,625C3DB5256D85BE,18.4,queries/tpch/tpch-queries/q14/v2_filter.sql,measured,3,3,5,3,0.114,339.801,7,2,1,551965,1,13723385,1975077,2,lineitem;part,64539,52189,0,0,0,0,0
2026-08-12T11:02:56Z,625C3DB5256D85BE,18.4,queries/tpch/tpch-queries/q14/v2_filter.sql,measured,3,4,5,3,0.110,348.082,7,2,1,551965,1,13723385,1975077,2,lineitem;part,64551,52177,0,0,0,0,0
2026-08-12T11:02:56Z,625C3DB5256D85BE,18.4,queries/tpch/tpch-queries/q14/v2_filter.sql,measured,3,5,5,3,0.104,347.096,7,2,1,551965,1,13723385,1975077,2,lineitem;part,64555,52173,0,0,0,0,0
2026-08-12T11:02:57Z,625C3DB5256D85BE,18.4,queries/tpch/tpch-queries/q15/base.sql,warmup,1,1,1,3,0.831,394.859,12,4,1,345870,50,8242370,1935086,2,lineitem;revenue;supplier,60379,52458,0,0,0,0,0
2026-08-12T11:02:57Z,625C3DB5256D85BE,18.4,queries/tpch/tpch-queries/q15/base.sql,warmup,2,1,1,3,0.966,393.521,12,4,1,345906,50,8243666,1935086,2,lineitem;revenue;supplier,60382,52455,0,0,0,0,0
2026-08-12T11:02:59Z,625C3DB5256D85BE,18.4,queries/tpch/tpch-queries/q15/base.sql,measured,1,1,5,3,1.134,400.841,12,4,1,345887,50,8242982,1935086,2,lineitem;revenue;supplier,60382,52455,0,0,0,0,0
2026-08-12T11:02:59Z,625C3DB5256D85BE,18.4,queries/tpch/tpch-queries/q15/base.sql,measured,1,2,5,3,0.130,361.687,12,4,1,345869,50,8242334,1935086,2,lineitem;revenue;supplier,61246,51591,0,0,0,0,0
2026-08-12T11:02:59Z,625C3DB5256D85BE,18.4,queries/tpch/tpch-queries/q15/base.sql,measured,1,3,5,3,0.145,367.514,12,4,1,345888,50,8243018,1935086,2,lineitem;revenue;supplier,62110,50727,0,0,0,0,0
2026-08-12T11:02:59Z,625C3DB5256D85BE,18.4,queries/tpch/tpch-queries/q15/base.sql,measured,1,4,5,3,0.128,365.307,12,4,1,345888,50,8243018,1935086,2,lineitem;revenue;supplier,62974,49863,0,0,0,0,0
2026-08-12T11:02:59Z,625C3DB5256D85BE,18.4,queries/tpch/tpch-queries/q15/base.sql,measured,1,5,5,3,0.128,362.940,12,4,1,345887,50,8242982,1935086,2,lineitem;revenue;supplier,63838,48999,0,0,0,0,0
2026-08-12T11:03:01Z,625C3DB5256D85BE,18.4,queries/tpch/tpch-queries/q15/base.sql,measured,2,1,5,3,0.859,392.023,12,4,1,345906,50,8243666,1935086,2,lineitem;revenue;supplier,64511,48326,0,0,0,0,0
2026-08-12T11:03:01Z,625C3DB5256D85BE,18.4,queries/tpch/tpch-queries/q15/base.sql,measured,2,2,5,3,0.130,360.016,12,4,1,345905,50,8243630,1935086,2,lineitem;revenue;supplier,64515,48322,0,0,0,0,0
2026-08-12T11:03:01Z,625C3DB5256D85BE,18.4,queries/tpch/tpch-queries/q15/base.sql,measured,2,3,5,3,0.130,360.010,12,4,1,345888,50,8243018,1935086,2,lineitem;revenue;supplier,64547,48290,0,0,0,0,0
2026-08-12T11:03:01Z,625C3DB5256D85BE,18.4,queries/tpch/tpch-queries/q15/base.sql,measured,2,4,5,3,0.129,357.768,12,4,1,345870,50,8242370,1935086,2,lineitem;revenue;supplier,64547,48290,0,0,0,0,0
2026-08-12T11:03:01Z,625C3DB5256D85BE,18.4,queries/tpch/tpch-queries/q15/base.sql,measured,2,5,5,3,0.129,362.352,12,4,1,345880,50,8242730,1935086,2,lineitem;revenue;supplier,64553,48284,0,0,0,0,0
2026-08-12T11:03:03Z,625C3DB5256D85BE,18.4,queries/tpch/tpch-queries/q15/base.sql,measured,3,1,5,3,1.278,379.427,12,4,1,345888,50,8243018,1935086,2,lineitem;revenue;supplier,64511,48326,0,0,0,0,0
2026-08-12T11:03:03Z,625C3DB5256D85BE,18.4,queries/tpch/tpch-queries/q15/base.sql,measured,3,2,5,3,0.145,391.792,12,4,1,345897,50,8243342,1935086,2,lineitem;revenue;supplier,64511,48326,0,0,0,0,0
2026-08-12T11:03:03Z,625C3DB5256D85BE,18.4,queries/tpch/tpch-queries/q15/base.sql,measured,3,3,5,3,0.130,380.854,12,4,1,345914,50,8243954,1935086,2,lineitem;revenue;supplier,64548,48289,0,0,0,0,0
2026-08-12T11:03:03Z,625C3DB5256D85BE,18.4,queries/tpch/tpch-queries/q15/base.sql,measured,3,4,5,3,0.136,361.283,12,4,1,345897,50,8243342,1935086,2,lineitem;revenue;supplier,64567,48270,0,0,0,0,0
2026-08-12T11:03:03Z,625C3DB5256D85BE,18.4,queries/tpch/tpch-queries/q15/base.sql,measured,3,5,5,3,0.138,371.236,12,4,1,345870,50,8242370,1935086,2,lineitem;revenue;supplier,64572,48265,0,0,0,0,0
2026-08-12T11:03:04Z,625C3DB5256D85BE,18.4,queries/tpch/tpch-queries/q15/v1_materialized.sql,warmup,1,1,1,3,1.333,379.588,13,5,1,345906,50,8244131,1935086,2,lineitem;revenue;supplier;_m,64511,48326,0,0,0,0,0
2026-08-12T11:03:04Z,625C3DB5256D85BE,18.4,queries/tpch/tpch-queries/q15/v1_materialized.sql,warmup,2,1,1,3,0.796,391.305,13,5,1,345888,50,8243483,1935086,2,lineitem;revenue;supplier;_m,64511,48326,0,0,0,0,0
2026-08-12T11:03:06Z,625C3DB5256D85BE,18.4,queries/tpch/tpch-queries/q15/v1_materialized.sql,measured,1,1,5,3,0.898,393.598,13,5,1,345907,50,8244167,1935086,2,lineitem;revenue;supplier;_m,64478,48359,0,0,0,0,0
2026-08-12T11:03:06Z,625C3DB5256D85BE,18.4,queries/tpch/tpch-queries/q15/v1_materialized.sql,measured,1,2,5,3,0.140,380.309,13,5,1,345888,50,8243483,1935086,2,lineitem;revenue;supplier;_m,64478,48359,0,0,0,0,0
2026-08-12T11:03:06Z,625C3DB5256D85BE,18.4,queries/tpch/tpch-queries/q15/v1_materialized.sql,measured,1,3,5,3,0.138,368.676,13,5,1,345907,50,8244167,1935086,2,lineitem;revenue;supplier;_m,64529,48308,0,0,0,0,0
2026-08-12T11:03:06Z,625C3DB5256D85BE,18.4,queries/tpch/tpch-queries/q15/v1_materialized.sql,measured,1,4,5,3,0.140,369.197,13,5,1,345899,50,8243879,1935086,2,lineitem;revenue;supplier;_m,64531,48306,0,0,0,0,0
2026-08-12T11:03:06Z,625C3DB5256D85BE,18.4,queries/tpch/tpch-queries/q15/v1_materialized.sql,measured,1,5,5,3,0.147,377.395,13,5,1,345898,50,8243843,1935086,2,lineitem;revenue;supplier;_m,64544,48293,0,0,0,0,0
2026-08-12T11:03:08Z,625C3DB5256D85BE,18.4,queries/tpch/tpch-queries/q15/v1_materialized.sql,measured,2,1,5,3,1.057,395.694,13,5,1,345899,50,8243879,1935086,2,lineitem;revenue;supplier;_m,64511,48326,0,0,0,0,0
2026-08-12T11:03:08Z,625C3DB5256D85BE,18.4,queries/tpch/tpch-queries/q15/v1_materialized.sql,measured,2,2,5,3,0.148,378.835,13,5,1,345863,50,8242583,1935086,2,lineitem;revenue;supplier;_m,64511,48326,0,0,0,0,0
2026-08-12T11:03:08Z,625C3DB5256D85BE,18.4,queries/tpch/tpch-queries/q15/v1_materialized.sql,measured,2,3,5,3,0.140,386.567,13,5,1,345863,50,8242583,1935086,2,lineitem;revenue;supplier;_m,64551,48286,0,0,0,0,0
2026-08-12T11:03:08Z,625C3DB5256D85BE,18.4,queries/tpch/tpch-queries/q15/v1_materialized.sql,measured,2,4,5,3,0.148,363.940,13,5,1,345907,50,8244167,1935086,2,lineitem;revenue;supplier;_m,64566,48271,0,0,0,0,0
2026-08-12T11:03:08Z,625C3DB5256D85BE,18.4,queries/tpch/tpch-queries/q15/v1_materialized.sql,measured,2,5,5,3,0.141,376.701,13,5,1,345890,50,8243555,1935086,2,lineitem;revenue;supplier;_m,64571,48266,0,0,0,0,0
2026-08-12T11:03:10Z,625C3DB5256D85BE,18.4,queries/tpch/tpch-queries/q15/v1_materialized.sql,measured,3,1,5,3,1.346,394.400,13,5,1,345889,50,8243519,1935086,2,lineitem;revenue;supplier;_m,64511,48326,0,0,0,0,0
2026-08-12T11:03:10Z,625C3DB5256D85BE,18.4,queries/tpch/tpch-queries/q15/v1_materialized.sql,measured,3,2,5,3,0.149,368.916,13,5,1,345906,50,8244131,1935086,2,lineitem;revenue;supplier;_m,64511,48326,0,0,0,0,0
2026-08-12T11:03:10Z,625C3DB5256D85BE,18.4,queries/tpch/tpch-queries/q15/v1_materialized.sql,measured,3,3,5,3,0.149,376.351,13,5,1,345863,50,8242583,1935086,2,lineitem;revenue;supplier;_m,64548,48289,0,0,0,0,0
2026-08-12T11:03:10Z,625C3DB5256D85BE,18.4,queries/tpch/tpch-queries/q15/v1_materialized.sql,measured,3,4,5,3,0.144,376.168,13,5,1,345853,50,8242223,1935086,2,lineitem;revenue;supplier;_m,64565,48272,0,0,0,0,0
2026-08-12T11:03:10Z,625C3DB5256D85BE,18.4,queries/tpch/tpch-queries/q15/v1_materialized.sql,measured,3,5,5,3,0.140,368.255,13,5,1,345906,50,8244131,1935086,2,lineitem;revenue;supplier;_m,64569,48268,0,0,0,0,0
2026-08-12T11:03:10Z,625C3DB5256D85BE,18.4,queries/tpch/tpch-queries/q16/base.sql,warmup,1,1,1,3,1.271,323.447,9,3,18314,1250298,16013,24568240,66909,2,partsupp;supplier;part,716,21688,0,0,0,0,0
2026-08-12T11:03:11Z,625C3DB5256D85BE,18.4,queries/tpch/tpch-queries/q16/base.sql,warmup,2,1,1,3,0.599,286.466,9,3,18314,1250298,16013,24568240,66909,2,partsupp;supplier;part,5708,16696,0,0,0,0,0
2026-08-12T11:03:12Z,625C3DB5256D85BE,18.4,queries/tpch/tpch-queries/q16/base.sql,measured,1,1,5,3,0.609,282.407,9,3,18314,1250298,16013,24568240,66909,2,partsupp;supplier;part,6572,15832,0,0,0,0,0
2026-08-12T11:03:12Z,625C3DB5256D85BE,18.4,queries/tpch/tpch-queries/q16/base.sql,measured,1,2,5,3,0.163,283.366,9,3,18314,1250298,16013,24568240,66909,2,partsupp;supplier;part,7433,14968,0,0,0,0,0
2026-08-12T11:03:12Z,625C3DB5256D85BE,18.4,queries/tpch/tpch-queries/q16/base.sql,measured,1,3,5,3,0.160,280.460,9,3,18314,1250298,16013,24568240,66909,2,partsupp;supplier;part,8297,14104,0,0,0,0,0
2026-08-12T11:03:12Z,625C3DB5256D85BE,18.4,queries/tpch/tpch-queries/q16/base.sql,measured,1,4,5,3,0.159,278.006,9,3,18314,1250298,16013,24568240,66909,2,partsupp;supplier;part,9161,13240,0,0,0,0,0
2026-08-12T11:03:12Z,625C3DB5256D85BE,18.4,queries/tpch/tpch-queries/q16/base.sql,measured,1,5,5,3,0.160,278.171,9,3,18314,1250298,16013,24568240,66909,2,partsupp;supplier;part,10025,12376,0,0,0,0,0
2026-08-12T11:03:14Z,625C3DB5256D85BE,18.4,queries/tpch/tpch-queries/q16/base.sql,measured,2,1,5,3,0.596,281.640,9,3,18314,1250298,16013,24568240,66909,2,partsupp;supplier;part,10892,11512,0,0,0,0,0
2026-08-12T11:03:14Z,625C3DB5256D85BE,18.4,queries/tpch/tpch-queries/q16/base.sql,measured,2,2,5,3,0.166,281.154,9,3,18314,1250298,16013,24568240,66909,2,partsupp;supplier;part,11753,10648,0,0,0,0,0
2026-08-12T11:03:14Z,625C3DB5256D85BE,18.4,queries/tpch/tpch-queries/q16/base.sql,measured,2,3,5,3,0.194,280.761,9,3,18314,1250298,16013,24568240,66909,2,partsupp;supplier;part,12617,9784,0,0,0,0,0
2026-08-12T11:03:14Z,625C3DB5256D85BE,18.4,queries/tpch/tpch-queries/q16/base.sql,measured,2,4,5,3,0.165,280.061,9,3,18314,1250298,16013,24568240,66909,2,partsupp;supplier;part,13481,8920,0,0,0,0,0
2026-08-12T11:03:14Z,625C3DB5256D85BE,18.4,queries/tpch/tpch-queries/q16/base.sql,measured,2,5,5,3,0.168,277.601,9,3,18314,1250298,16013,24568240,66909,2,partsupp;supplier;part,14345,8056,0,0,0,0,0
2026-08-12T11:03:15Z,625C3DB5256D85BE,18.4,queries/tpch/tpch-queries/q16/base.sql,measured,3,1,5,3,0.630,264.516,9,3,18314,1250298,16013,24568240,66909,2,partsupp;supplier;part,15212,7192,0,0,0,0,0
2026-08-12T11:03:15Z,625C3DB5256D85BE,18.4,queries/tpch/tpch-queries/q16/base.sql,measured,3,2,5,3,0.163,264.119,9,3,18314,1250298,16013,24568240,66909,2,partsupp;supplier;part,16073,6328,0,0,0,0,0
2026-08-12T11:03:15Z,625C3DB5256D85BE,18.4,queries/tpch/tpch-queries/q16/base.sql,measured,3,3,5,3,0.159,263.309,9,3,18314,1250298,16013,24568240,66909,2,partsupp;supplier;part,16937,5464,0,0,0,0,0
2026-08-12T11:03:15Z,625C3DB5256D85BE,18.4,queries/tpch/tpch-queries/q16/base.sql,measured,3,4,5,3,0.175,262.009,9,3,18314,1250298,16013,24568240,66909,2,partsupp;supplier;part,17801,4600,0,0,0,0,0
2026-08-12T11:03:15Z,625C3DB5256D85BE,18.4,queries/tpch/tpch-queries/q16/base.sql,measured,3,5,5,3,0.164,258.352,9,3,18314,1250298,16013,24568240,66909,2,partsupp;supplier;part,18665,3736,0,0,0,0,0
2026-08-12T11:03:15Z,625C3DB5256D85BE,18.4,queries/tpch/tpch-queries/q16/v1_materialized.sql,warmup,1,1,1,3,0.651,267.195,10,4,18314,1268612,16013,28304296,66909,2,partsupp;supplier;part;_m,19532,2872,0,0,0,0,0
2026-08-12T11:03:16Z,625C3DB5256D85BE,18.4,queries/tpch/tpch-queries/q16/v1_materialized.sql,warmup,2,1,1,3,0.663,263.262,10,4,18314,1268612,16013,28304296,66909,2,partsupp;supplier;part;_m,20396,2008,0,0,0,0,0
2026-08-12T11:03:17Z,625C3DB5256D85BE,18.4,queries/tpch/tpch-queries/q16/v1_materialized.sql,measured,1,1,5,3,0.718,261.046,10,4,18314,1268612,16013,28304296,66909,2,partsupp;supplier;part;_m,21260,1144,0,0,0,0,0
2026-08-12T11:03:17Z,625C3DB5256D85BE,18.4,queries/tpch/tpch-queries/q16/v1_materialized.sql,measured,1,2,5,3,0.186,262.234,10,4,18314,1268612,16013,28304296,66909,2,partsupp;supplier;part;_m,22121,280,0,0,0,0,0
2026-08-12T11:03:17Z,625C3DB5256D85BE,18.4,queries/tpch/tpch-queries/q16/v1_materialized.sql,measured,1,3,5,3,0.176,257.886,10,4,18314,1268612,16013,28304296,66909,2,partsupp;supplier;part;_m,22401,0,0,0,0,0,0
2026-08-12T11:03:17Z,625C3DB5256D85BE,18.4,queries/tpch/tpch-queries/q16/v1_materialized.sql,measured,1,4,5,3,0.201,262.740,10,4,18314,1268612,16013,28304296,66909,2,partsupp;supplier;part;_m,22401,0,0,0,0,0,0
2026-08-12T11:03:17Z,625C3DB5256D85BE,18.4,queries/tpch/tpch-queries/q16/v1_materialized.sql,measured,1,5,5,3,0.200,260.951,10,4,18314,1268612,16013,28304296,66909,2,partsupp;supplier;part;_m,22401,0,0,0,0,0,0
2026-08-12T11:03:19Z,625C3DB5256D85BE,18.4,queries/tpch/tpch-queries/q16/v1_materialized.sql,measured,2,1,5,3,0.665,264.215,10,4,18314,1268612,16013,28304296,66909,2,partsupp;supplier;part;_m,22404,0,0,0,0,0,0
2026-08-12T11:03:19Z,625C3DB5256D85BE,18.4,queries/tpch/tpch-queries/q16/v1_materialized.sql,measured,2,2,5,3,0.176,263.573,10,4,18314,1268612,16013,28304296,66909,2,partsupp;supplier;part;_m,22401,0,0,0,0,0,0
2026-08-12T11:03:19Z,625C3DB5256D85BE,18.4,queries/tpch/tpch-queries/q16/v1_materialized.sql,measured,2,3,5,3,0.197,266.170,10,4,18314,1268612,16013,28304296,66909,2,partsupp;supplier;part;_m,22401,0,0,0,0,0,0
2026-08-12T11:03:19Z,625C3DB5256D85BE,18.4,queries/tpch/tpch-queries/q16/v1_materialized.sql,measured,2,4,5,3,0.184,272.112,10,4,18314,1268612,16013,28304296,66909,2,partsupp;supplier;part;_m,22401,0,0,0,0,0,0
2026-08-12T11:03:19Z,625C3DB5256D85BE,18.4,queries/tpch/tpch-queries/q16/v1_materialized.sql,measured,2,5,5,3,0.185,270.578,10,4,18314,1268612,16013,28304296,66909,2,partsupp;supplier;part;_m,22401,0,0,0,0,0,0
2026-08-12T11:03:20Z,625C3DB5256D85BE,18.4,queries/tpch/tpch-queries/q16/v1_materialized.sql,measured,3,1,5,3,0.648,262.674,10,4,18314,1268612,16013,28304296,66909,2,partsupp;supplier;part;_m,22404,0,0,0,0,0,0
2026-08-12T11:03:20Z,625C3DB5256D85BE,18.4,queries/tpch/tpch-queries/q16/v1_materialized.sql,measured,3,2,5,3,0.174,262.507,10,4,18314,1268612,16013,28304296,66909,2,partsupp;supplier;part;_m,22401,0,0,0,0,0,0
2026-08-12T11:03:20Z,625C3DB5256D85BE,18.4,queries/tpch/tpch-queries/q16/v1_materialized.sql,measured,3,3,5,3,0.178,263.220,10,4,18314,1268612,16013,28304296,66909,2,partsupp;supplier;part;_m,22401,0,0,0,0,0,0
2026-08-12T11:03:20Z,625C3DB5256D85BE,18.4,queries/tpch/tpch-queries/q16/v1_materialized.sql,measured,3,4,5,3,0.173,265.182,10,4,18314,1268612,16013,28304296,66909,2,partsupp;supplier;part;_m,22401,0,0,0,0,0,0
2026-08-12T11:03:20Z,625C3DB5256D85BE,18.4,queries/tpch/tpch-queries/q16/v1_materialized.sql,measured,3,5,5,3,0.174,264.989,10,4,18314,1268612,16013,28304296,66909,2,partsupp;supplier;part;_m,22401,0,0,0,0,0,0
2026-08-12T11:03:20Z,625C3DB5256D85BE,18.4,queries/tpch/tpch-queries/q16/v2_not_exists.sql,warmup,1,1,1,3,0.646,242.799,11,3,18314,1368951,16013,29303752,66802,2,partsupp;part;supplier,22404,0,0,0,0,0,0
2026-08-12T11:03:21Z,625C3DB5256D85BE,18.4,queries/tpch/tpch-queries/q16/v2_not_exists.sql,warmup,2,1,1,3,0.655,240.456,11,3,18314,1368951,16013,29303752,66802,2,partsupp;part;supplier,22404,0,0,0,0,0,0
2026-08-12T11:03:22Z,625C3DB5256D85BE,18.4,queries/tpch/tpch-queries/q16/v2_not_exists.sql,measured,1,1,5,3,0.643,242.504,11,3,18314,1368951,16013,29303752,66802,2,partsupp;part;supplier,22404,0,0,0,0,0,0
2026-08-12T11:03:22Z,625C3DB5256D85BE,18.4,queries/tpch/tpch-queries/q16/v2_not_exists.sql,measured,1,2,5,3,0.181,241.951,11,3,18314,1368951,16013,29303752,66802,2,partsupp;part;supplier,22401,0,0,0,0,0,0
2026-08-12T11:03:22Z,625C3DB5256D85BE,18.4,queries/tpch/tpch-queries/q16/v2_not_exists.sql,measured,1,3,5,3,0.183,239.307,11,3,18314,1368951,16013,29303752,66802,2,partsupp;part;supplier,22401,0,0,0,0,0,0
2026-08-12T11:03:22Z,625C3DB5256D85BE,18.4,queries/tpch/tpch-queries/q16/v2_not_exists.sql,measured,1,4,5,3,0.183,239.170,11,3,18314,1368951,16013,29303752,66802,2,partsupp;part;supplier,22401,0,0,0,0,0,0
2026-08-12T11:03:22Z,625C3DB5256D85BE,18.4,queries/tpch/tpch-queries/q16/v2_not_exists.sql,measured,1,5,5,3,0.184,244.101,11,3,18314,1368951,16013,29303752,66802,2,partsupp;part;supplier,22401,0,0,0,0,0,0
2026-08-12T11:03:23Z,625C3DB5256D85BE,18.4,queries/tpch/tpch-queries/q16/v2_not_exists.sql,measured,2,1,5,3,0.638,247.881,11,3,18314,1368951,16013,29303752,66802,2,partsupp;part;supplier,22404,0,0,0,0,0,0
2026-08-12T11:03:23Z,625C3DB5256D85BE,18.4,queries/tpch/tpch-queries/q16/v2_not_exists.sql,measured,2,2,5,3,0.187,242.816,11,3,18314,1368951,16013,29303752,66802,2,partsupp;part;supplier,22401,0,0,0,0,0,0
2026-08-12T11:03:23Z,625C3DB5256D85BE,18.4,queries/tpch/tpch-queries/q16/v2_not_exists.sql,measured,2,3,5,3,0.198,244.125,11,3,18314,1368951,16013,29303752,66802,2,partsupp;part;supplier,22401,0,0,0,0,0,0
2026-08-12T11:03:23Z,625C3DB5256D85BE,18.4,queries/tpch/tpch-queries/q16/v2_not_exists.sql,measured,2,4,5,3,0.196,243.962,11,3,18314,1368951,16013,29303752,66802,2,partsupp;part;supplier,22401,0,0,0,0,0,0
2026-08-12T11:03:23Z,625C3DB5256D85BE,18.4,queries/tpch/tpch-queries/q16/v2_not_exists.sql,measured,2,5,5,3,0.195,246.303,11,3,18314,1368951,16013,29303752,66802,2,partsupp;part;supplier,22401,0,0,0,0,0,0
2026-08-12T11:03:25Z,625C3DB5256D85BE,18.4,queries/tpch/tpch-queries/q16/v2_not_exists.sql,measured,3,1,5,3,0.628,247.297,11,3,18314,1368951,16013,29303752,66802,2,partsupp;part;supplier,22404,0,0,0,0,0,0
2026-08-12T11:03:25Z,625C3DB5256D85BE,18.4,queries/tpch/tpch-queries/q16/v2_not_exists.sql,measured,3,2,5,3,0.181,242.204,11,3,18314,1368951,16013,29303752,66802,2,partsupp;part;supplier,22401,0,0,0,0,0,0
2026-08-12T11:03:25Z,625C3DB5256D85BE,18.4,queries/tpch/tpch-queries/q16/v2_not_exists.sql,measured,3,3,5,3,0.197,246.328,11,3,18314,1368951,16013,29303752,66802,2,partsupp;part;supplier,22401,0,0,0,0,0,0
2026-08-12T11:03:25Z,625C3DB5256D85BE,18.4,queries/tpch/tpch-queries/q16/v2_not_exists.sql,measured,3,4,5,3,0.193,244.865,11,3,18314,1368951,16013,29303752,66802,2,partsupp;part;supplier,22401,0,0,0,0,0,0
2026-08-12T11:03:25Z,625C3DB5256D85BE,18.4,queries/tpch/tpch-queries/q16/v2_not_exists.sql,measured,3,5,5,3,0.187,246.024,11,3,18314,1368951,16013,29303752,66802,2,partsupp;part;supplier,22401,0,0,0,0,0,0
2026-08-12T11:03:27Z,625C3DB5256D85BE,18.4,queries/tpch/tpch-queries/q17/v2_decorrelate.sql,warmup,1,1,1,3,0.671,2802.305,13,3,1,14215484,1,235489413,66599,2,lineitem;part,88803,140539,0,0,33263,55354,0
2026-08-12T11:03:30Z,625C3DB5256D85BE,18.4,queries/tpch/tpch-queries/q17/v2_decorrelate.sql,warmup,2,1,1,3,0.718,2746.086,13,3,1,14215484,1,235489413,66599,2,lineitem;part,92193,137148,0,0,33602,55697,0
2026-08-12T11:03:44Z,625C3DB5256D85BE,18.4,queries/tpch/tpch-queries/q17/v2_decorrelate.sql,measured,1,1,5,3,0.615,2731.671,13,3,1,14215485,1,235489449,66599,2,lineitem;part,95895,133447,0,0,33314,55418,0
2026-08-12T11:03:44Z,625C3DB5256D85BE,18.4,queries/tpch/tpch-queries/q17/v2_decorrelate.sql,measured,1,2,5,3,0.158,2744.301,13,3,1,14215503,1,235490097,66599,2,lineitem;part,99351,129991,0,0,33020,55120,0
2026-08-12T11:03:44Z,625C3DB5256D85BE,18.4,queries/tpch/tpch-queries/q17/v2_decorrelate.sql,measured,1,3,5,3,0.150,2663.298,13,3,1,14215504,1,235490133,66599,2,lineitem;part,102807,126535,0,0,31829,53917,0
2026-08-12T11:03:44Z,625C3DB5256D85BE,18.4,queries/tpch/tpch-queries/q17/v2_decorrelate.sql,measured,1,4,5,3,0.148,2679.046,13,3,1,14215485,1,235489449,66599,2,lineitem;part,106263,123079,0,0,32617,54338,0
2026-08-12T11:03:44Z,625C3DB5256D85BE,18.4,queries/tpch/tpch-queries/q17/v2_decorrelate.sql,measured,1,5,5,3,0.162,2713.235,13,3,1,14215531,1,235491105,66599,2,lineitem;part,109719,119623,0,0,33082,55183,0
2026-08-12T11:03:58Z,625C3DB5256D85BE,18.4,queries/tpch/tpch-queries/q17/v2_decorrelate.sql,measured,2,1,5,3,0.680,2740.276,13,3,1,14215486,1,235489485,66599,2,lineitem;part,113175,116167,0,0,32954,55447,0
2026-08-12T11:03:58Z,625C3DB5256D85BE,18.4,queries/tpch/tpch-queries/q17/v2_decorrelate.sql,measured,2,2,5,3,0.156,2713.217,13,3,1,14215477,1,235489161,66599,2,lineitem;part,116631,112711,0,0,32550,55044,0
2026-08-12T11:03:58Z,625C3DB5256D85BE,18.4,queries/tpch/tpch-queries/q17/v2_decorrelate.sql,measured,2,3,5,3,0.160,2670.274,13,3,1,14215457,1,235488441,66599,2,lineitem;part,120087,109255,0,0,33376,55463,0
2026-08-12T11:03:58Z,625C3DB5256D85BE,18.4,queries/tpch/tpch-queries/q17/v2_decorrelate.sql,measured,2,4,5,3,0.163,2640.301,13,3,1,14215493,1,235489737,66599,2,lineitem;part,123543,105799,0,0,32642,54624,0
2026-08-12T11:03:58Z,625C3DB5256D85BE,18.4,queries/tpch/tpch-queries/q17/v2_decorrelate.sql,measured,2,5,5,3,0.167,2744.076,13,3,1,14215477,1,235489161,66599,2,lineitem;part,124769,104573,0,0,32009,54634,0
2026-08-12T11:04:11Z,625C3DB5256D85BE,18.4,queries/tpch/tpch-queries/q17/v2_decorrelate.sql,measured,3,1,5,3,0.608,2714.127,13,3,1,14215468,1,235488837,66599,2,lineitem;part,124428,104908,0,0,32349,54965,0
2026-08-12T11:04:11Z,625C3DB5256D85BE,18.4,queries/tpch/tpch-queries/q17/v2_decorrelate.sql,measured,3,2,5,3,0.177,2675.829,13,3,1,14215414,1,235486893,66599,2,lineitem;part,124770,104568,0,0,33190,55291,0
2026-08-12T11:04:11Z,625C3DB5256D85BE,18.4,queries/tpch/tpch-queries/q17/v2_decorrelate.sql,measured,3,3,5,3,0.156,2657.948,13,3,1,14215539,1,235491393,66599,2,lineitem;part,125039,104299,0,0,32569,54664,0
2026-08-12T11:04:11Z,625C3DB5256D85BE,18.4,queries/tpch/tpch-queries/q17/v2_decorrelate.sql,measured,3,4,5,3,0.151,2625.231,13,3,1,14215512,1,235490421,66599,2,lineitem;part,125292,104050,0,0,32654,54398,0
2026-08-12T11:04:11Z,625C3DB5256D85BE,18.4,queries/tpch/tpch-queries/q17/v2_decorrelate.sql,measured,3,5,5,3,0.169,2713.975,13,3,1,14215459,1,235488513,66599,2,lineitem;part,121462,107875,0,0,32364,55094,0
2026-08-12T11:04:14Z,625C3DB5256D85BE,18.4,queries/tpch/tpch-queries/q18/base.sql,warmup,1,1,1,3,1.309,3173.375,14,4,57,19805127,100,198972135,1499943,2,orders;lineitem;customer,246009,151308,0,0,0,0,0
2026-08-12T11:04:18Z,625C3DB5256D85BE,18.4,queries/tpch/tpch-queries/q18/base.sql,warmup,2,1,1,3,3.044,3319.742,14,4,57,19805127,100,198972135,1499943,2,orders;lineitem;customer,245488,151829,0,0,0,0,0
2026-08-12T11:04:34Z,625C3DB5256D85BE,18.4,queries/tpch/tpch-queries/q18/base.sql,measured,1,1,5,3,2.776,3273.238,14,4,57,19805127,100,198972135,1499943,2,orders;lineitem;customer,245474,151843,0,0,0,0,0
2026-08-12T11:04:34Z,625C3DB5256D85BE,18.4,queries/tpch/tpch-queries/q18/base.sql,measured,1,2,5,3,0.645,3303.878,14,4,57,19805127,100,198972135,1499943,2,orders;lineitem;customer,245474,151843,0,0,0,0,0
2026-08-12T11:04:34Z,625C3DB5256D85BE,18.4,queries/tpch/tpch-queries/q18/base.sql,measured,1,3,5,3,0.654,3307.900,14,4,57,19805127,100,198972135,1499943,2,orders;lineitem;customer,245478,151839,0,0,0,0,0
2026-08-12T11:04:34Z,625C3DB5256D85BE,18.4,queries/tpch/tpch-queries/q18/base.sql,measured,1,4,5,3,0.649,3202.179,14,4,57,19805127,100,198972135,1499943,2,orders;lineitem;customer,245482,151835,0,0,0,0,0
2026-08-12T11:04:34Z,625C3DB5256D85BE,18.4,queries/tpch/tpch-queries/q18/base.sql,measured,1,5,5,3,0.699,3313.871,14,4,57,19805127,100,198972135,1499943,2,orders;lineitem;customer,245482,151835,0,0,0,0,0
2026-08-12T11:04:51Z,625C3DB5256D85BE,18.4,queries/tpch/tpch-queries/q18/base.sql,measured,2,1,5,3,3.005,3226.679,14,4,57,19805127,100,198972135,1499943,2,orders;lineitem;customer,245491,151826,0,0,0,0,0
2026-08-12T11:04:51Z,625C3DB5256D85BE,18.4,queries/tpch/tpch-queries/q18/base.sql,measured,2,2,5,3,0.720,3286.704,14,4,57,19805127,100,198972135,1499943,2,orders;lineitem;customer,245485,151832,0,0,0,0,0
2026-08-12T11:04:51Z,625C3DB5256D85BE,18.4,queries/tpch/tpch-queries/q18/base.sql,measured,2,3,5,3,0.634,3311.322,14,4,57,19805127,100,198972135,1499943,2,orders;lineitem;customer,245482,151835,0,0,0,0,0
2026-08-12T11:04:51Z,625C3DB5256D85BE,18.4,queries/tpch/tpch-queries/q18/base.sql,measured,2,4,5,3,0.652,3241.593,14,4,57,19805127,100,198972135,1499943,2,orders;lineitem;customer,245482,151835,0,0,0,0,0
2026-08-12T11:04:51Z,625C3DB5256D85BE,18.4,queries/tpch/tpch-queries/q18/base.sql,measured,2,5,5,3,0.633,3226.985,14,4,57,19805127,100,198972135,1499943,2,orders;lineitem;customer,245478,151839,0,0,0,0,0
2026-08-12T11:05:07Z,625C3DB5256D85BE,18.4,queries/tpch/tpch-queries/q18/base.sql,measured,3,1,5,3,1.520,3355.056,14,4,57,19805127,100,198972135,1499943,2,orders;lineitem;customer,245482,151835,0,0,0,0,0
2026-08-12T11:05:07Z,625C3DB5256D85BE,18.4,queries/tpch/tpch-queries/q18/base.sql,measured,3,2,5,3,0.703,3244.194,14,4,57,19805127,100,198972135,1499943,2,orders;lineitem;customer,245476,151841,0,0,0,0,0
2026-08-12T11:05:07Z,625C3DB5256D85BE,18.4,queries/tpch/tpch-queries/q18/base.sql,measured,3,3,5,3,0.690,3256.793,14,4,57,19805127,100,198972135,1499943,2,orders;lineitem;customer,245482,151835,0,0,0,0,0
2026-08-12T11:05:07Z,625C3DB5256D85BE,18.4,queries/tpch/tpch-queries/q18/base.sql,measured,3,4,5,3,0.668,3292.279,14,4,57,19805127,100,198972135,1499943,2,orders;lineitem;customer,245482,151835,0,0,0,0,0
2026-08-12T11:05:07Z,625C3DB5256D85BE,18.4,queries/tpch/tpch-queries/q18/base.sql,measured,3,5,5,3,0.650,3240.237,14,4,57,19805127,100,198972135,1499943,2,orders;lineitem;customer,245482,151835,0,0,0,0,0
2026-08-12T11:05:11Z,625C3DB5256D85BE,18.4,queries/tpch/tpch-queries/q18/v1_materialized.sql,warmup,1,1,1,3,1.548,3602.894,16,5,57,19805925,100,199020528,1499943,2,orders;lineitem;customer;_m,245488,151829,0,0,0,0,0
2026-08-12T11:05:15Z,625C3DB5256D85BE,18.4,queries/tpch/tpch-queries/q18/v1_materialized.sql,warmup,2,1,1,3,1.933,3559.579,16,5,57,19805925,100,199020528,1499943,2,orders;lineitem;customer;_m,245488,151829,0,0,0,0,0
2026-08-12T11:05:32Z,625C3DB5256D85BE,18.4,queries/tpch/tpch-queries/q18/v1_materialized.sql,measured,1,1,5,3,1.916,3593.913,16,5,57,19805925,100,199020528,1499943,2,orders;lineitem;customer;_m,245488,151829,0,0,0,0,0
2026-08-12T11:05:32Z,625C3DB5256D85BE,18.4,queries/tpch/tpch-queries/q18/v1_materialized.sql,measured,1,2,5,3,0.537,3464.611,16,5,57,19805925,100,199020528,1499943,2,orders;lineitem;customer;_m,245482,151835,0,0,0,0,0
2026-08-12T11:05:32Z,625C3DB5256D85BE,18.4,queries/tpch/tpch-queries/q18/v1_materialized.sql,measured,1,3,5,3,0.525,3391.035,16,5,57,19805925,100,199020528,1499943,2,orders;lineitem;customer;_m,245482,151835,0,0,0,0,0
2026-08-12T11:05:32Z,625C3DB5256D85BE,18.4,queries/tpch/tpch-queries/q18/v1_materialized.sql,measured,1,4,5,3,0.569,3365.009,16,5,57,19805925,100,199020528,1499943,2,orders;lineitem;customer;_m,245482,151835,0,0,0,0,0
2026-08-12T11:05:32Z,625C3DB5256D85BE,18.4,queries/tpch/tpch-queries/q18/v1_materialized.sql,measured,1,5,5,3,0.552,3382.479,16,5,57,19805925,100,199020528,1499943,2,orders;lineitem;customer;_m,245482,151835,0,0,0,0,0
2026-08-12T11:05:49Z,625C3DB5256D85BE,18.4,queries/tpch/tpch-queries/q18/v1_materialized.sql,measured,2,1,5,3,1.398,3506.490,16,5,57,19805925,100,199020528,1499943,2,orders;lineitem;customer;_m,245488,151829,0,0,0,0,0
2026-08-12T11:05:49Z,625C3DB5256D85BE,18.4,queries/tpch/tpch-queries/q18/v1_materialized.sql,measured,2,2,5,3,0.563,3336.680,16,5,57,19805925,100,199020528,1499943,2,orders;lineitem;customer;_m,245482,151835,0,0,0,0,0
2026-08-12T11:05:49Z,625C3DB5256D85BE,18.4,queries/tpch/tpch-queries/q18/v1_materialized.sql,measured,2,3,5,3,0.567,3461.056,16,5,57,19805925,100,199020528,1499943,2,orders;lineitem;customer;_m,245482,151835,0,0,0,0,0
2026-08-12T11:05:49Z,625C3DB5256D85BE,18.4,queries/tpch/tpch-queries/q18/v1_materialized.sql,measured,2,4,5,3,0.545,3368.880,16,5,57,19805925,100,199020528,1499943,2,orders;lineitem;customer;_m,245482,151835,0,0,0,0,0
2026-08-12T11:05:49Z,625C3DB5256D85BE,18.4,queries/tpch/tpch-queries/q18/v1_materialized.sql,measured,2,5,5,3,0.590,3354.699,16,5,57,19805925,100,199020528,1499943,2,orders;lineitem;customer;_m,245482,151835,0,0,0,0,0
2026-08-12T11:06:07Z,625C3DB5256D85BE,18.4,queries/tpch/tpch-queries/q18/v1_materialized.sql,measured,3,1,5,3,2.329,3520.984,16,5,57,19805925,100,199020528,1499943,2,orders;lineitem;customer;_m,245488,151829,0,0,0,0,0
2026-08-12T11:06:07Z,625C3DB5256D85BE,18.4,queries/tpch/tpch-queries/q18/v1_materialized.sql,measured,3,2,5,3,0.524,3545.125,16,5,57,19805925,100,199020528,1499943,2,orders;lineitem;customer;_m,245482,151835,0,0,0,0,0
2026-08-12T11:06:07Z,625C3DB5256D85BE,18.4,queries/tpch/tpch-queries/q18/v1_materialized.sql,measured,3,3,5,3,0.548,3422.381,16,5,57,19805925,100,199020528,1499943,2,orders;lineitem;customer;_m,245482,151835,0,0,0,0,0
2026-08-12T11:06:07Z,625C3DB5256D85BE,18.4,queries/tpch/tpch-queries/q18/v1_materialized.sql,measured,3,4,5,3,0.535,3413.246,16,5,57,19805925,100,199020528,1499943,2,orders;lineitem;customer;_m,245482,151835,0,0,0,0,0
2026-08-12T11:06:07Z,625C3DB5256D85BE,18.4,queries/tpch/tpch-queries/q18/v1_materialized.sql,measured,3,5,5,3,0.544,3548.026,16,5,57,19805925,100,199020528,1499943,2,orders;lineitem;customer;_m,245482,151835,0,0,0,0,0
2026-08-12T11:06:10Z,625C3DB5256D85BE,18.4,queries/tpch/tpch-queries/q18/v2_join.sql,warmup,1,1,1,3,2.340,3274.099,14,4,57,19805127,100,198972135,1499943,2,orders;lineitem;customer,245488,151829,0,0,0,0,0
2026-08-12T11:06:13Z,625C3DB5256D85BE,18.4,queries/tpch/tpch-queries/q18/v2_join.sql,warmup,2,1,1,3,3.076,3291.079,14,4,57,19805127,100,198972135,1499943,2,orders;lineitem;customer,245488,151829,0,0,0,0,0
2026-08-12T11:06:30Z,625C3DB5256D85BE,18.4,queries/tpch/tpch-queries/q18/v2_join.sql,measured,1,1,5,3,2.122,3254.795,14,4,57,19805127,100,198972135,1499943,2,orders;lineitem;customer,245488,151829,0,0,0,0,0
2026-08-12T11:06:30Z,625C3DB5256D85BE,18.4,queries/tpch/tpch-queries/q18/v2_join.sql,measured,1,2,5,3,0.914,3250.146,14,4,57,19805127,100,198972135,1499943,2,orders;lineitem;customer,245482,151835,0,0,0,0,0
2026-08-12T11:06:30Z,625C3DB5256D85BE,18.4,queries/tpch/tpch-queries/q18/v2_join.sql,measured,1,3,5,3,0.662,3191.018,14,4,57,19805127,100,198972135,1499943,2,orders;lineitem;customer,245482,151835,0,0,0,0,0
2026-08-12T11:06:30Z,625C3DB5256D85BE,18.4,queries/tpch/tpch-queries/q18/v2_join.sql,measured,1,4,5,3,0.712,3315.184,14,4,57,19805127,100,198972135,1499943,2,orders;lineitem;customer,245482,151835,0,0,0,0,0
2026-08-12T11:06:30Z,625C3DB5256D85BE,18.4,queries/tpch/tpch-queries/q18/v2_join.sql,measured,1,5,5,3,0.668,3289.647,14,4,57,19805127,100,198972135,1499943,2,orders;lineitem;customer,245482,151835,0,0,0,0,0
2026-08-12T11:06:46Z,625C3DB5256D85BE,18.4,queries/tpch/tpch-queries/q18/v2_join.sql,measured,2,1,5,3,1.484,3368.030,14,4,57,19805127,100,198972135,1499943,2,orders;lineitem;customer,245488,151829,0,0,0,0,0
2026-08-12T11:06:46Z,625C3DB5256D85BE,18.4,queries/tpch/tpch-queries/q18/v2_join.sql,measured,2,2,5,3,0.653,3325.673,14,4,57,19805127,100,198972135,1499943,2,orders;lineitem;customer,245482,151835,0,0,0,0,0
2026-08-12T11:06:46Z,625C3DB5256D85BE,18.4,queries/tpch/tpch-queries/q18/v2_join.sql,measured,2,3,5,3,0.649,3308.093,14,4,57,19805127,100,198972135,1499943,2,orders;lineitem;customer,245482,151835,0,0,0,0,0
2026-08-12T11:06:46Z,625C3DB5256D85BE,18.4,queries/tpch/tpch-queries/q18/v2_join.sql,measured,2,4,5,3,0.668,3205.911,14,4,57,19805127,100,198972135,1499943,2,orders;lineitem;customer,245482,151835,0,0,0,0,0
2026-08-12T11:06:46Z,625C3DB5256D85BE,18.4,queries/tpch/tpch-queries/q18/v2_join.sql,measured,2,5,5,3,0.669,3310.662,14,4,57,19805127,100,198972135,1499943,2,orders;lineitem;customer,245482,151835,0,0,0,0,0
2026-08-12T11:07:03Z,625C3DB5256D85BE,18.4,queries/tpch/tpch-queries/q18/v2_join.sql,measured,3,1,5,3,2.043,3269.091,14,4,57,19805127,100,198972135,1499943,2,orders;lineitem;customer,245488,151829,0,0,0,0,0
2026-08-12T11:07:03Z,625C3DB5256D85BE,18.4,queries/tpch/tpch-queries/q18/v2_join.sql,measured,3,2,5,3,0.656,3200.699,14,4,57,19805127,100,198972135,1499943,2,orders;lineitem;customer,245482,151835,0,0,0,0,0
2026-08-12T11:07:03Z,625C3DB5256D85BE,18.4,queries/tpch/tpch-queries/q18/v2_join.sql,measured,3,3,5,3,0.649,3038.677,14,4,57,19805127,100,198972135,1499943,2,orders;lineitem;customer,245482,151835,0,0,0,0,0
2026-08-12T11:07:03Z,625C3DB5256D85BE,18.4,queries/tpch/tpch-queries/q18/v2_join.sql,measured,3,4,5,3,0.684,3254.254,14,4,57,19805127,100,198972135,1499943,2,orders;lineitem;customer,245482,151835,0,0,0,0,0
2026-08-12T11:07:03Z,625C3DB5256D85BE,18.4,queries/tpch/tpch-queries/q18/v2_join.sql,measured,3,5,5,3,0.651,3262.805,14,4,57,19805127,100,198972135,1499943,2,orders;lineitem;customer,245482,151835,0,0,0,0,0
2026-08-12T11:07:03Z,625C3DB5256D85BE,18.4,queries/tpch/tpch-queries/q19/base.sql,warmup,1,1,1,3,1.084,539.573,7,2,1,129463,1,2726414,2024120,2,lineitem;part,54854,61874,0,0,0,0,0
2026-08-12T11:07:04Z,625C3DB5256D85BE,18.4,queries/tpch/tpch-queries/q19/base.sql,warmup,2,1,1,3,1.014,528.199,7,2,1,129463,1,2726414,2024120,2,lineitem;part,59812,56916,0,0,0,0,0
2026-08-12T11:07:07Z,625C3DB5256D85BE,18.4,queries/tpch/tpch-queries/q19/base.sql,measured,1,1,5,3,1.175,554.423,7,2,1,129463,1,2726414,2024120,2,lineitem;part,60676,56052,0,0,0,0,0
2026-08-12T11:07:07Z,625C3DB5256D85BE,18.4,queries/tpch/tpch-queries/q19/base.sql,measured,1,2,5,3,0.220,553.621,7,2,1,129463,1,2726414,2024120,2,lineitem;part,61540,55188,0,0,0,0,0
2026-08-12T11:07:07Z,625C3DB5256D85BE,18.4,queries/tpch/tpch-queries/q19/base.sql,measured,1,3,5,3,0.227,527.671,7,2,1,129463,1,2726414,2024120,2,lineitem;part,62404,54324,0,0,0,0,0
2026-08-12T11:07:07Z,625C3DB5256D85BE,18.4,queries/tpch/tpch-queries/q19/base.sql,measured,1,4,5,3,0.222,548.215,7,2,1,129463,1,2726414,2024120,2,lineitem;part,63268,53460,0,0,0,0,0
2026-08-12T11:07:07Z,625C3DB5256D85BE,18.4,queries/tpch/tpch-queries/q19/base.sql,measured,1,5,5,3,0.221,549.878,7,2,1,129463,1,2726414,2024120,2,lineitem;part,64132,52596,0,0,0,0,0
2026-08-12T11:07:09Z,625C3DB5256D85BE,18.4,queries/tpch/tpch-queries/q19/base.sql,measured,2,1,5,3,1.206,540.254,7,2,1,129463,1,2726414,2024120,2,lineitem;part,64599,52129,0,0,0,0,0
2026-08-12T11:07:09Z,625C3DB5256D85BE,18.4,queries/tpch/tpch-queries/q19/base.sql,measured,2,2,5,3,0.212,553.154,7,2,1,129463,1,2726414,2024120,2,lineitem;part,64517,52211,0,0,0,0,0
2026-08-12T11:07:09Z,625C3DB5256D85BE,18.4,queries/tpch/tpch-queries/q19/base.sql,measured,2,3,5,3,0.214,542.650,7,2,1,129463,1,2726414,2024120,2,lineitem;part,64517,52211,0,0,0,0,0
2026-08-12T11:07:09Z,625C3DB5256D85BE,18.4,queries/tpch/tpch-queries/q19/base.sql,measured,2,4,5,3,0.224,535.844,7,2,1,129463,1,2726414,2024120,2,lineitem;part,64532,52196,0,0,0,0,0
2026-08-12T11:07:09Z,625C3DB5256D85BE,18.4,queries/tpch/tpch-queries/q19/base.sql,measured,2,5,5,3,0.224,527.399,7,2,1,129463,1,2726414,2024120,2,lineitem;part,64536,52192,0,0,0,0,0
2026-08-12T11:07:12Z,625C3DB5256D85BE,18.4,queries/tpch/tpch-queries/q19/base.sql,measured,3,1,5,3,1.294,551.188,7,2,1,129463,1,2726414,2024120,2,lineitem;part,64515,52213,0,0,0,0,0
2026-08-12T11:07:12Z,625C3DB5256D85BE,18.4,queries/tpch/tpch-queries/q19/base.sql,measured,3,2,5,3,0.220,532.377,7,2,1,129463,1,2726414,2024120,2,lineitem;part,64509,52219,0,0,0,0,0
2026-08-12T11:07:12Z,625C3DB5256D85BE,18.4,queries/tpch/tpch-queries/q19/base.sql,measured,3,3,5,3,0.231,533.851,7,2,1,129463,1,2726414,2024120,2,lineitem;part,64536,52192,0,0,0,0,0
2026-08-12T11:07:12Z,625C3DB5256D85BE,18.4,queries/tpch/tpch-queries/q19/base.sql,measured,3,4,5,3,0.221,541.270,7,2,1,129463,1,2726414,2024120,2,lineitem;part,64542,52186,0,0,0,0,0
2026-08-12T11:07:12Z,625C3DB5256D85BE,18.4,queries/tpch/tpch-queries/q19/base.sql,measured,3,5,5,3,0.226,533.508,7,2,1,129463,1,2726414,2024120,2,lineitem;part,64545,52183,0,0,0,0,0
2026-08-12T11:07:13Z,625C3DB5256D85BE,18.4,queries/tpch/tpch-queries/q19/v1_materialized.sql,warmup,1,1,1,3,1.622,526.821,8,3,1,129464,1,2726446,2024120,2,_m;lineitem;part,64509,52219,0,0,0,0,0
2026-08-12T11:07:14Z,625C3DB5256D85BE,18.4,queries/tpch/tpch-queries/q19/v1_materialized.sql,warmup,2,1,1,3,1.280,519.148,8,3,1,129464,1,2726446,2024120,2,_m;lineitem;part,64509,52219,0,0,0,0,0
2026-08-12T11:07:16Z,625C3DB5256D85BE,18.4,queries/tpch/tpch-queries/q19/v1_materialized.sql,measured,1,1,5,3,1.261,523.688,8,3,1,129464,1,2726446,2024120,2,_m;lineitem;part,64509,52219,0,0,0,0,0
2026-08-12T11:07:16Z,625C3DB5256D85BE,18.4,queries/tpch/tpch-queries/q19/v1_materialized.sql,measured,1,2,5,3,0.235,531.244,8,3,1,129464,1,2726446,2024120,2,_m;lineitem;part,64509,52219,0,0,0,0,0
2026-08-12T11:07:16Z,625C3DB5256D85BE,18.4,queries/tpch/tpch-queries/q19/v1_materialized.sql,measured,1,3,5,3,0.249,538.942,8,3,1,129464,1,2726446,2024120,2,_m;lineitem;part,64536,52192,0,0,0,0,0
2026-08-12T11:07:16Z,625C3DB5256D85BE,18.4,queries/tpch/tpch-queries/q19/v1_materialized.sql,measured,1,4,5,3,0.239,550.448,8,3,1,129464,1,2726446,2024120,2,_m;lineitem;part,64536,52192,0,0,0,0,0
2026-08-12T11:07:16Z,625C3DB5256D85BE,18.4,queries/tpch/tpch-queries/q19/v1_materialized.sql,measured,1,5,5,3,0.240,530.297,8,3,1,129464,1,2726446,2024120,2,_m;lineitem;part,64536,52192,0,0,0,0,0
2026-08-12T11:07:19Z,625C3DB5256D85BE,18.4,queries/tpch/tpch-queries/q19/v1_materialized.sql,measured,2,1,5,3,1.368,548.598,8,3,1,129464,1,2726446,2024120,2,_m;lineitem;part,64509,52219,0,0,0,0,0
2026-08-12T11:07:19Z,625C3DB5256D85BE,18.4,queries/tpch/tpch-queries/q19/v1_materialized.sql,measured,2,2,5,3,0.244,533.465,8,3,1,129464,1,2726446,2024120,2,_m;lineitem;part,64509,52219,0,0,0,0,0
2026-08-12T11:07:19Z,625C3DB5256D85BE,18.4,queries/tpch/tpch-queries/q19/v1_materialized.sql,measured,2,3,5,3,0.248,540.802,8,3,1,129464,1,2726446,2024120,2,_m;lineitem;part,64535,52193,0,0,0,0,0
2026-08-12T11:07:19Z,625C3DB5256D85BE,18.4,queries/tpch/tpch-queries/q19/v1_materialized.sql,measured,2,4,5,3,0.246,543.693,8,3,1,129464,1,2726446,2024120,2,_m;lineitem;part,64543,52185,0,0,0,0,0
2026-08-12T11:07:19Z,625C3DB5256D85BE,18.4,queries/tpch/tpch-queries/q19/v1_materialized.sql,measured,2,5,5,3,0.249,544.861,8,3,1,129464,1,2726446,2024120,2,_m;lineitem;part,64549,52179,0,0,0,0,0
2026-08-12T11:07:22Z,625C3DB5256D85BE,18.4,queries/tpch/tpch-queries/q19/v1_materialized.sql,measured,3,1,5,3,0.993,543.232,8,3,1,129464,1,2726446,2024120,2,_m;lineitem;part,64476,52252,0,0,0,0,0
2026-08-12T11:07:22Z,625C3DB5256D85BE,18.4,queries/tpch/tpch-queries/q19/v1_materialized.sql,measured,3,2,5,3,0.245,543.364,8,3,1,129464,1,2726446,2024120,2,_m;lineitem;part,64476,52252,0,0,0,0,0
2026-08-12T11:07:22Z,625C3DB5256D85BE,18.4,queries/tpch/tpch-queries/q19/v1_materialized.sql,measured,3,3,5,3,0.247,528.041,8,3,1,129464,1,2726446,2024120,2,_m;lineitem;part,64517,52211,0,0,0,0,0
2026-08-12T11:07:22Z,625C3DB5256D85BE,18.4,queries/tpch/tpch-queries/q19/v1_materialized.sql,measured,3,4,5,3,0.241,553.597,8,3,1,129464,1,2726446,2024120,2,_m;lineitem;part,64524,52204,0,0,0,0,0
2026-08-12T11:07:22Z,625C3DB5256D85BE,18.4,queries/tpch/tpch-queries/q19/v1_materialized.sql,measured,3,5,5,3,0.244,538.670,8,3,1,129464,1,2726446,2024120,2,_m;lineitem;part,64541,52187,0,0,0,0,0
2026-08-12T11:07:24Z,625C3DB5256D85BE,18.4,queries/tpch/tpch-queries/q19/v2_union_all.sql,warmup,1,1,1,3,1.619,1813.637,16,6,1,142509,1,2272440,11515260,2,lineitem;part,197483,152608,0,0,0,0,0
2026-08-12T11:07:26Z,625C3DB5256D85BE,18.4,queries/tpch/tpch-queries/q19/v2_union_all.sql,warmup,2,1,1,3,0.965,1795.191,16,6,1,142509,1,2272440,11515260,2,lineitem;part,205728,144229,0,0,0,0,0
2026-08-12T11:07:35Z,625C3DB5256D85BE,18.4,queries/tpch/tpch-queries/q19/v2_union_all.sql,measured,1,1,5,3,1.100,1742.478,16,6,1,142510,1,2272472,14492245,2,lineitem;part,203159,146886,0,0,0,0,0
2026-08-12T11:07:35Z,625C3DB5256D85BE,18.4,queries/tpch/tpch-queries/q19/v2_union_all.sql,measured,1,2,5,3,0.309,1783.728,16,6,1,142505,1,2272400,11515351,2,lineitem;part,202104,147929,0,0,0,0,0
2026-08-12T11:07:35Z,625C3DB5256D85BE,18.4,queries/tpch/tpch-queries/q19/v2_union_all.sql,measured,1,3,5,3,0.299,1776.365,16,6,1,142505,1,2272400,11515351,2,lineitem;part,211537,138647,0,0,0,0,0
2026-08-12T11:07:35Z,625C3DB5256D85BE,18.4,queries/tpch/tpch-queries/q19/v2_union_all.sql,measured,1,4,5,3,0.309,1639.045,16,6,1,142505,1,2272400,11515351,2,lineitem;part,286281,62969,0,0,0,0,0
2026-08-12T11:07:35Z,625C3DB5256D85BE,18.4,queries/tpch/tpch-queries/q19/v2_union_all.sql,measured,1,5,5,3,0.311,1820.430,16,6,1,142505,1,2272400,11515351,2,lineitem;part,212903,137012,0,0,0,0,0
2026-08-12T11:07:44Z,625C3DB5256D85BE,18.4,queries/tpch/tpch-queries/q19/v2_union_all.sql,measured,2,1,5,3,1.617,1847.810,16,6,1,142509,1,2272440,11515260,2,lineitem;part,211501,137585,0,0,0,0,0
2026-08-12T11:07:44Z,625C3DB5256D85BE,18.4,queries/tpch/tpch-queries/q19/v2_union_all.sql,measured,2,2,5,3,0.471,1804.550,16,6,1,142505,1,2272400,11515351,2,lineitem;part,220656,129426,0,0,0,0,0
2026-08-12T11:07:44Z,625C3DB5256D85BE,18.4,queries/tpch/tpch-queries/q19/v2_union_all.sql,measured,2,3,5,3,0.308,1811.829,16,6,1,142509,1,2272440,11515260,2,lineitem;part,202685,147422,0,0,0,0,0
2026-08-12T11:07:44Z,625C3DB5256D85BE,18.4,queries/tpch/tpch-queries/q19/v2_union_all.sql,measured,2,4,5,3,0.338,1801.561,16,6,1,142509,1,2272468,14492553,2,lineitem;part,232429,116313,0,0,0,0,0
2026-08-12T11:07:44Z,625C3DB5256D85BE,18.4,queries/tpch/tpch-queries/q19/v2_union_all.sql,measured,2,5,5,3,0.314,1792.835,16,6,1,142505,1,2272400,11515351,2,lineitem;part,235886,114006,0,0,0,0,0
2026-08-12T11:07:53Z,625C3DB5256D85BE,18.4,queries/tpch/tpch-queries/q19/v2_union_all.sql,measured,3,1,5,3,1.705,1801.699,16,6,1,142509,1,2272440,11515260,2,lineitem;part,233043,116344,0,0,0,0,0
2026-08-12T11:07:53Z,625C3DB5256D85BE,18.4,queries/tpch/tpch-queries/q19/v2_union_all.sql,measured,3,2,5,3,0.324,1770.355,16,6,1,142510,1,2272472,14492245,2,lineitem;part,245257,104509,0,0,0,0,0
2026-08-12T11:07:53Z,625C3DB5256D85BE,18.4,queries/tpch/tpch-queries/q19/v2_union_all.sql,measured,3,3,5,3,0.316,1859.252,16,6,1,142509,1,2272440,11515260,2,lineitem;part,201042,149006,0,0,0,0,0
2026-08-12T11:07:53Z,625C3DB5256D85BE,18.4,queries/tpch/tpch-queries/q19/v2_union_all.sql,measured,3,4,5,3,0.325,1845.660,16,6,1,142509,1,2272468,14492553,2,lineitem;part,217919,131823,0,0,0,0,0
2026-08-12T11:07:53Z,625C3DB5256D85BE,18.4,queries/tpch/tpch-queries/q19/v2_union_all.sql,measured,3,5,5,3,0.303,1845.087,16,6,1,142509,1,2272468,14492553,2,lineitem;part,211107,138508,0,0,0,0,0
2026-08-12T11:07:54Z,625C3DB5256D85BE,18.4,queries/tpch/tpch-queries/q21/base.sql,warmup,1,1,1,3,2.904,809.315,19,6,100,4967262,1,48661438,992861,2,orders;lineitem;supplier;nation,347995,123736,0,0,0,0,0
2026-08-12T11:07:55Z,625C3DB5256D85BE,18.4,queries/tpch/tpch-queries/q21/base.sql,warmup,2,1,1,3,2.373,878.084,19,6,100,4967262,1,48661438,992861,2,orders;lineitem;supplier;nation,363613,108118,0,0,0,0,0
2026-08-12T11:07:59Z,625C3DB5256D85BE,18.4,queries/tpch/tpch-queries/q21/base.sql,measured,1,1,5,3,2.082,851.957,19,6,100,4967262,1,48661438,992861,2,orders;lineitem;supplier;nation,372692,99039,0,0,0,0,0
2026-08-12T11:07:59Z,625C3DB5256D85BE,18.4,queries/tpch/tpch-queries/q21/base.sql,measured,1,2,5,3,0.997,838.773,19,6,100,4967262,1,48661438,992861,2,orders;lineitem;supplier;nation,374085,97640,0,0,0,0,0
2026-08-12T11:07:59Z,625C3DB5256D85BE,18.4,queries/tpch/tpch-queries/q21/base.sql,measured,1,3,5,3,0.996,858.462,19,6,100,4967262,1,48661438,992861,2,orders;lineitem;supplier;nation,375469,96256,0,0,0,0,0
2026-08-12T11:07:59Z,625C3DB5256D85BE,18.4,queries/tpch/tpch-queries/q21/base.sql,measured,1,4,5,3,1.000,917.970,19,6,100,4967262,1,48661438,992861,2,orders;lineitem;supplier;nation,372214,99511,0,0,0,0,0
2026-08-12T11:07:59Z,625C3DB5256D85BE,18.4,queries/tpch/tpch-queries/q21/base.sql,measured,1,5,5,3,0.939,874.934,19,6,100,4967262,1,48661438,992861,2,orders;lineitem;supplier;nation,373998,97727,0,0,0,0,0
2026-08-12T11:08:04Z,625C3DB5256D85BE,18.4,queries/tpch/tpch-queries/q21/base.sql,measured,2,1,5,3,1.822,870.863,19,6,100,4967262,1,48661438,992861,2,orders;lineitem;supplier;nation,371391,100340,0,0,0,0,0
2026-08-12T11:08:04Z,625C3DB5256D85BE,18.4,queries/tpch/tpch-queries/q21/base.sql,measured,2,2,5,3,1.023,859.866,19,6,100,4967262,1,48661438,992861,2,orders;lineitem;supplier;nation,373361,98364,0,0,0,0,0
2026-08-12T11:08:04Z,625C3DB5256D85BE,18.4,queries/tpch/tpch-queries/q21/base.sql,measured,2,3,5,3,1.005,867.319,19,6,100,4967262,1,48661438,992861,2,orders;lineitem;supplier;nation,376078,95647,0,0,0,0,0
2026-08-12T11:08:04Z,625C3DB5256D85BE,18.4,queries/tpch/tpch-queries/q21/base.sql,measured,2,4,5,3,0.999,844.227,19,6,100,4967262,1,48661438,992861,2,orders;lineitem;supplier;nation,374597,97128,0,0,0,0,0
2026-08-12T11:08:04Z,625C3DB5256D85BE,18.4,queries/tpch/tpch-queries/q21/base.sql,measured,2,5,5,3,1.038,909.990,19,6,100,4967262,1,48661438,992861,2,orders;lineitem;supplier;nation,374199,97526,0,0,0,0,0
2026-08-12T11:08:08Z,625C3DB5256D85BE,18.4,queries/tpch/tpch-queries/q21/base.sql,measured,3,1,5,3,2.001,837.412,19,6,100,4967262,1,48661438,992861,2,orders;lineitem;supplier;nation,375487,96244,0,0,0,0,0
2026-08-12T11:08:08Z,625C3DB5256D85BE,18.4,queries/tpch/tpch-queries/q21/base.sql,measured,3,2,5,3,1.004,878.152,19,6,100,4967262,1,48661438,992861,2,orders;lineitem;supplier;nation,369953,101772,0,0,0,0,0
2026-08-12T11:08:08Z,625C3DB5256D85BE,18.4,queries/tpch/tpch-queries/q21/base.sql,measured,3,3,5,3,0.996,894.364,19,6,100,4967262,1,48661438,992861,2,orders;lineitem;supplier;nation,372860,98865,0,0,0,0,0
2026-08-12T11:08:08Z,625C3DB5256D85BE,18.4,queries/tpch/tpch-queries/q21/base.sql,measured,3,4,5,3,1.001,841.064,19,6,100,4967262,1,48661438,992861,2,orders;lineitem;supplier;nation,369509,102216,0,0,0,0,0
2026-08-12T11:08:08Z,625C3DB5256D85BE,18.4,queries/tpch/tpch-queries/q21/base.sql,measured,3,5,5,3,1.001,893.788,19,6,100,4967262,1,48661438,992861,2,orders;lineitem;supplier;nation,372410,99315,0,0,0,0,0
2026-08-12T11:08:09Z,625C3DB5256D85BE,18.4,queries/tpch/tpch-queries/q21/v1_materialized.sql,warmup,1,1,1,3,1.929,819.433,20,7,100,4967673,1,48723070,992861,2,orders;lineitem;supplier;nation;_m,375438,96293,0,0,0,0,0
2026-08-12T11:08:10Z,625C3DB5256D85BE,18.4,queries/tpch/tpch-queries/q21/v1_materialized.sql,warmup,2,1,1,3,2.762,838.562,20,7,100,4967673,1,48723070,992861,2,orders;lineitem;supplier;nation;_m,376508,95223,0,0,0,0,0
2026-08-12T11:08:14Z,625C3DB5256D85BE,18.4,queries/tpch/tpch-queries/q21/v1_materialized.sql,measured,1,1,5,3,1.831,859.999,20,7,100,4967673,1,48723070,992861,2,orders;lineitem;supplier;nation;_m,377022,94709,0,0,0,0,0
2026-08-12T11:08:14Z,625C3DB5256D85BE,18.4,queries/tpch/tpch-queries/q21/v1_materialized.sql,measured,1,2,5,3,0.756,827.723,20,7,100,4967673,1,48723070,992861,2,orders;lineitem;supplier;nation;_m,371020,100705,0,0,0,0,0
2026-08-12T11:08:14Z,625C3DB5256D85BE,18.4,queries/tpch/tpch-queries/q21/v1_materialized.sql,measured,1,3,5,3,0.731,846.209,20,7,100,4967673,1,48723070,992861,2,orders;lineitem;supplier;nation;_m,374052,97673,0,0,0,0,0
2026-08-12T11:08:14Z,625C3DB5256D85BE,18.4,queries/tpch/tpch-queries/q21/v1_materialized.sql,measured,1,4,5,3,0.771,830.959,20,7,100,4967673,1,48723070,992861,2,orders;lineitem;supplier;nation;_m,370733,100992,0,0,0,0,0
2026-08-12T11:08:14Z,625C3DB5256D85BE,18.4,queries/tpch/tpch-queries/q21/v1_materialized.sql,measured,1,5,5,3,0.763,844.164,20,7,100,4967673,1,48723070,992861,2,orders;lineitem;supplier;nation;_m,371726,99999,0,0,0,0,0
2026-08-12T11:08:19Z,625C3DB5256D85BE,18.4,queries/tpch/tpch-queries/q21/v1_materialized.sql,measured,2,1,5,3,1.578,865.218,20,7,100,4967673,1,48723070,992861,2,orders;lineitem;supplier;nation;_m,374935,96796,0,0,0,0,0
2026-08-12T11:08:19Z,625C3DB5256D85BE,18.4,queries/tpch/tpch-queries/q21/v1_materialized.sql,measured,2,2,5,3,0.742,807.715,20,7,100,4967673,1,48723070,992861,2,orders;lineitem;supplier;nation;_m,376224,95501,0,0,0,0,0
2026-08-12T11:08:19Z,625C3DB5256D85BE,18.4,queries/tpch/tpch-queries/q21/v1_materialized.sql,measured,2,3,5,3,0.754,808.986,20,7,100,4967673,1,48723070,992861,2,orders;lineitem;supplier;nation;_m,377265,94460,0,0,0,0,0
2026-08-12T11:08:19Z,625C3DB5256D85BE,18.4,queries/tpch/tpch-queries/q21/v1_materialized.sql,measured,2,4,5,3,0.764,800.129,20,7,100,4967673,1,48723070,992861,2,orders;lineitem;supplier;nation;_m,371346,100379,0,0,0,0,0
2026-08-12T11:08:19Z,625C3DB5256D85BE,18.4,queries/tpch/tpch-queries/q21/v1_materialized.sql,measured,2,5,5,3,0.767,807.410,20,7,100,4967673,1,48723070,992861,2,orders;lineitem;supplier;nation;_m,374804,96921,0,0,0,0,0
2026-08-12T11:08:23Z,625C3DB5256D85BE,18.4,queries/tpch/tpch-queries/q21/v1_materialized.sql,measured,3,1,5,3,2.489,901.226,20,7,100,4967673,1,48723070,992861,2,orders;lineitem;supplier;nation;_m,370809,100922,0,0,0,0,0
2026-08-12T11:08:23Z,625C3DB5256D85BE,18.4,queries/tpch/tpch-queries/q21/v1_materialized.sql,measured,3,2,5,3,0.740,836.807,20,7,100,4967673,1,48723070,992861,2,orders;lineitem;supplier;nation;_m,371572,100153,0,0,0,0,0
2026-08-12T11:08:23Z,625C3DB5256D85BE,18.4,queries/tpch/tpch-queries/q21/v1_materialized.sql,measured,3,3,5,3,0.752,849.923,20,7,100,4967673,1,48723070,992861,2,orders;lineitem;supplier;nation;_m,374896,96829,0,0,0,0,0
2026-08-12T11:08:23Z,625C3DB5256D85BE,18.4,queries/tpch/tpch-queries/q21/v1_materialized.sql,measured,3,4,5,3,0.735,843.021,20,7,100,4967673,1,48723070,992861,2,orders;lineitem;supplier;nation;_m,376340,95385,0,0,0,0,0
2026-08-12T11:08:23Z,625C3DB5256D85BE,18.4,queries/tpch/tpch-queries/q21/v1_materialized.sql,measured,3,5,5,3,0.737,855.387,20,7,100,4967673,1,48723070,992861,2,orders;lineitem;supplier;nation;_m,377380,94345,0,0,0,0,0
2026-08-12T11:08:23Z,625C3DB5256D85BE,18.4,queries/tpch/tpch-queries/q22/base.sql,warmup,1,1,1,3,1.231,69.293,10,3,7,76283,751,1451186,80960,2,customer;orders,59092,5135,0,0,0,0,0
2026-08-12T11:08:23Z,625C3DB5256D85BE,18.4,queries/tpch/tpch-queries/q22/base.sql,warmup,2,1,1,3,0.724,62.150,10,3,7,76283,751,1451186,80960,2,customer;orders,64227,0,0,0,0,0,0
2026-08-12T11:08:24Z,625C3DB5256D85BE,18.4,queries/tpch/tpch-queries/q22/base.sql,measured,1,1,5,3,0.723,54.786,10,3,7,76283,751,1451186,80960,2,customer;orders,64227,0,0,0,0,0,0
2026-08-12T11:08:24Z,625C3DB5256D85BE,18.4,queries/tpch/tpch-queries/q22/base.sql,measured,1,2,5,3,0.199,52.807,10,3,7,76283,751,1451186,80960,2,customer;orders,64227,0,0,0,0,0,0
2026-08-12T11:08:24Z,625C3DB5256D85BE,18.4,queries/tpch/tpch-queries/q22/base.sql,measured,1,3,5,3,0.210,53.565,10,3,7,76283,751,1451186,80960,2,customer;orders,64227,0,0,0,0,0,0
2026-08-12T11:08:24Z,625C3DB5256D85BE,18.4,queries/tpch/tpch-queries/q22/base.sql,measured,1,4,5,3,0.210,52.935,10,3,7,76283,751,1451186,80960,2,customer;orders,64227,0,0,0,0,0,0
2026-08-12T11:08:24Z,625C3DB5256D85BE,18.4,queries/tpch/tpch-queries/q22/base.sql,measured,1,5,5,3,0.215,53.181,10,3,7,76283,751,1451186,80960,2,customer;orders,64227,0,0,0,0,0,0
2026-08-12T11:08:24Z,625C3DB5256D85BE,18.4,queries/tpch/tpch-queries/q22/base.sql,measured,2,1,5,3,1.047,85.940,10,3,7,76283,751,1451186,80960,2,customer;orders,64227,0,0,0,0,0,0
2026-08-12T11:08:24Z,625C3DB5256D85BE,18.4,queries/tpch/tpch-queries/q22/base.sql,measured,2,2,5,3,0.217,53.041,10,3,7,76283,751,1451186,80960,2,customer;orders,64227,0,0,0,0,0,0
2026-08-12T11:08:24Z,625C3DB5256D85BE,18.4,queries/tpch/tpch-queries/q22/base.sql,measured,2,3,5,3,0.201,60.202,10,3,7,76283,751,1451186,80960,2,customer;orders,64227,0,0,0,0,0,0
2026-08-12T11:08:24Z,625C3DB5256D85BE,18.4,queries/tpch/tpch-queries/q22/base.sql,measured,2,4,5,3,0.218,61.135,10,3,7,76283,751,1451186,80960,2,customer;orders,64227,0,0,0,0,0,0
2026-08-12T11:08:24Z,625C3DB5256D85BE,18.4,queries/tpch/tpch-queries/q22/base.sql,measured,2,5,5,3,0.212,62.150,10,3,7,76283,751,1451186,80960,2,customer;orders,64227,0,0,0,0,0,0
2026-08-12T11:08:25Z,625C3DB5256D85BE,18.4,queries/tpch/tpch-queries/q22/base.sql,measured,3,1,5,3,0.819,63.815,10,3,7,76283,751,1451186,80960,2,customer;orders,64227,0,0,0,0,0,0
2026-08-12T11:08:25Z,625C3DB5256D85BE,18.4,queries/tpch/tpch-queries/q22/base.sql,measured,3,2,5,3,0.198,52.587,10,3,7,76283,751,1451186,80960,2,customer;orders,64227,0,0,0,0,0,0
2026-08-12T11:08:25Z,625C3DB5256D85BE,18.4,queries/tpch/tpch-queries/q22/base.sql,measured,3,3,5,3,0.205,52.655,10,3,7,76283,751,1451186,80960,2,customer;orders,64227,0,0,0,0,0,0
2026-08-12T11:08:25Z,625C3DB5256D85BE,18.4,queries/tpch/tpch-queries/q22/base.sql,measured,3,4,5,3,0.209,52.425,10,3,7,76283,751,1451186,80960,2,customer;orders,64227,0,0,0,0,0,0
2026-08-12T11:08:25Z,625C3DB5256D85BE,18.4,queries/tpch/tpch-queries/q22/base.sql,measured,3,5,5,3,0.208,52.918,10,3,7,76283,751,1451186,80960,2,customer;orders,64227,0,0,0,0,0,0
2026-08-12T11:08:25Z,625C3DB5256D85BE,18.4,queries/tpch/tpch-queries/q22/v1_materialized.sql,warmup,1,1,1,3,1.130,89.398,11,4,7,76290,751,1451690,80960,2,_m;customer;orders,64227,0,0,0,0,0,0
2026-08-12T11:08:25Z,625C3DB5256D85BE,18.4,queries/tpch/tpch-queries/q22/v1_materialized.sql,warmup,2,1,1,3,0.766,62.811,11,4,7,76290,751,1451690,80960,2,_m;customer;orders,64227,0,0,0,0,0,0
2026-08-12T11:08:25Z,625C3DB5256D85BE,18.4,queries/tpch/tpch-queries/q22/v1_materialized.sql,measured,1,1,5,3,0.752,62.651,11,4,7,76290,751,1451690,80960,2,_m;customer;orders,64227,0,0,0,0,0,0
2026-08-12T11:08:25Z,625C3DB5256D85BE,18.4,queries/tpch/tpch-queries/q22/v1_materialized.sql,measured,1,2,5,3,0.235,53.040,11,4,7,76290,751,1451690,80960,2,_m;customer;orders,64227,0,0,0,0,0,0
2026-08-12T11:08:25Z,625C3DB5256D85BE,18.4,queries/tpch/tpch-queries/q22/v1_materialized.sql,measured,1,3,5,3,0.216,54.304,11,4,7,76290,751,1451690,80960,2,_m;customer;orders,64227,0,0,0,0,0,0
2026-08-12T11:08:25Z,625C3DB5256D85BE,18.4,queries/tpch/tpch-queries/q22/v1_materialized.sql,measured,1,4,5,3,0.224,54.861,11,4,7,76290,751,1451690,80960,2,_m;customer;orders,64227,0,0,0,0,0,0
2026-08-12T11:08:25Z,625C3DB5256D85BE,18.4,queries/tpch/tpch-queries/q22/v1_materialized.sql,measured,1,5,5,3,0.231,54.893,11,4,7,76290,751,1451690,80960,2,_m;customer;orders,64227,0,0,0,0,0,0
2026-08-12T11:08:26Z,625C3DB5256D85BE,18.4,queries/tpch/tpch-queries/q22/v1_materialized.sql,measured,2,1,5,3,1.238,95.261,11,4,7,76290,751,1451690,80960,2,_m;customer;orders,64227,0,0,0,0,0,0
2026-08-12T11:08:26Z,625C3DB5256D85BE,18.4,queries/tpch/tpch-queries/q22/v1_materialized.sql,measured,2,2,5,3,0.244,53.403,11,4,7,76290,751,1451690,80960,2,_m;customer;orders,64227,0,0,0,0,0,0
2026-08-12T11:08:26Z,625C3DB5256D85BE,18.4,queries/tpch/tpch-queries/q22/v1_materialized.sql,measured,2,3,5,3,0.225,52.459,11,4,7,76290,751,1451690,80960,2,_m;customer;orders,64227,0,0,0,0,0,0
2026-08-12T11:08:26Z,625C3DB5256D85BE,18.4,queries/tpch/tpch-queries/q22/v1_materialized.sql,measured,2,4,5,3,0.222,52.693,11,4,7,76290,751,1451690,80960,2,_m;customer;orders,64227,0,0,0,0,0,0
2026-08-12T11:08:26Z,625C3DB5256D85BE,18.4,queries/tpch/tpch-queries/q22/v1_materialized.sql,measured,2,5,5,3,0.217,55.092,11,4,7,76290,751,1451690,80960,2,_m;customer;orders,64227,0,0,0,0,0,0
2026-08-12T11:08:26Z,625C3DB5256D85BE,18.4,queries/tpch/tpch-queries/q22/v1_materialized.sql,measured,3,1,5,3,1.227,96.278,11,4,7,76290,751,1451690,80960,2,_m;customer;orders,64227,0,0,0,0,0,0
2026-08-12T11:08:26Z,625C3DB5256D85BE,18.4,queries/tpch/tpch-queries/q22/v1_materialized.sql,measured,3,2,5,3,0.236,53.726,11,4,7,76290,751,1451690,80960,2,_m;customer;orders,64227,0,0,0,0,0,0
2026-08-12T11:08:26Z,625C3DB5256D85BE,18.4,queries/tpch/tpch-queries/q22/v1_materialized.sql,measured,3,3,5,3,0.217,52.461,11,4,7,76290,751,1451690,80960,2,_m;customer;orders,64227,0,0,0,0,0,0
2026-08-12T11:08:26Z,625C3DB5256D85BE,18.4,queries/tpch/tpch-queries/q22/v1_materialized.sql,measured,3,4,5,3,0.224,53.207,11,4,7,76290,751,1451690,80960,2,_m;customer;orders,64227,0,0,0,0,0,0
2026-08-12T11:08:26Z,625C3DB5256D85BE,18.4,queries/tpch/tpch-queries/q22/v1_materialized.sql,measured,3,5,5,3,0.223,53.718,11,4,7,76290,751,1451690,80960,2,_m;customer;orders,64227,0,0,0,0,0,0
2026-08-12T11:08:26Z,625C3DB5256D85BE,18.4,queries/tpch/tpch-queries/q22/v2_anti_join.sql,warmup,1,1,1,3,1.044,174.626,11,3,7,1595282,1,13945160,144316,2,customer;orders,8075,25270,0,0,0,0,0
2026-08-12T11:08:27Z,625C3DB5256D85BE,18.4,queries/tpch/tpch-queries/q22/v2_anti_join.sql,warmup,2,1,1,3,1.190,188.506,11,3,7,1595282,1,13945160,144316,2,customer;orders,8939,24406,0,0,0,0,0
2026-08-12T11:08:27Z,625C3DB5256D85BE,18.4,queries/tpch/tpch-queries/q22/v2_anti_join.sql,measured,1,1,5,3,1.197,172.981,11,3,7,1595282,1,13945160,144316,2,customer;orders,9803,23542,0,0,0,0,0
2026-08-12T11:08:27Z,625C3DB5256D85BE,18.4,queries/tpch/tpch-queries/q22/v2_anti_join.sql,measured,1,2,5,3,0.211,136.836,11,3,7,1595282,1,13945160,144316,2,customer;orders,10664,22678,0,0,0,0,0
2026-08-12T11:08:27Z,625C3DB5256D85BE,18.4,queries/tpch/tpch-queries/q22/v2_anti_join.sql,measured,1,3,5,3,0.215,142.565,11,3,7,1595282,1,13945160,144316,2,customer;orders,11528,21814,0,0,0,0,0
2026-08-12T11:08:27Z,625C3DB5256D85BE,18.4,queries/tpch/tpch-queries/q22/v2_anti_join.sql,measured,1,4,5,3,0.212,135.772,11,3,7,1595282,1,13945160,144316,2,customer;orders,12392,20950,0,0,0,0,0
2026-08-12T11:08:27Z,625C3DB5256D85BE,18.4,queries/tpch/tpch-queries/q22/v2_anti_join.sql,measured,1,5,5,3,0.211,141.764,11,3,7,1595282,1,13945160,144316,2,customer;orders,13256,20086,0,0,0,0,0
2026-08-12T11:08:28Z,625C3DB5256D85BE,18.4,queries/tpch/tpch-queries/q22/v2_anti_join.sql,measured,2,1,5,3,1.068,176.099,11,3,7,1595282,1,13945160,144316,2,customer;orders,14123,19222,0,0,0,0,0
2026-08-12T11:08:28Z,625C3DB5256D85BE,18.4,queries/tpch/tpch-queries/q22/v2_anti_join.sql,measured,2,2,5,3,0.211,145.652,11,3,7,1595282,1,13945160,144316,2,customer;orders,14984,18358,0,0,0,0,0
2026-08-12T11:08:28Z,625C3DB5256D85BE,18.4,queries/tpch/tpch-queries/q22/v2_anti_join.sql,measured,2,3,5,3,0.252,140.450,11,3,7,1595282,1,13945160,144316,2,customer;orders,15848,17494,0,0,0,0,0
2026-08-12T11:08:28Z,625C3DB5256D85BE,18.4,queries/tpch/tpch-queries/q22/v2_anti_join.sql,measured,2,4,5,3,0.212,141.675,11,3,7,1595282,1,13945160,144316,2,customer;orders,16712,16630,0,0,0,0,0
2026-08-12T11:08:28Z,625C3DB5256D85BE,18.4,queries/tpch/tpch-queries/q22/v2_anti_join.sql,measured,2,5,5,3,0.211,145.588,11,3,7,1595282,1,13945160,144316,2,customer;orders,17576,15766,0,0,0,0,0
2026-08-12T11:08:29Z,625C3DB5256D85BE,18.4,queries/tpch/tpch-queries/q22/v2_anti_join.sql,measured,3,1,5,3,0.730,131.736,11,3,7,1595282,1,13945160,144316,2,customer;orders,18443,14902,0,0,0,0,0
2026-08-12T11:08:29Z,625C3DB5256D85BE,18.4,queries/tpch/tpch-queries/q22/v2_anti_join.sql,measured,3,2,5,3,0.213,136.512,11,3,7,1595282,1,13945160,144316,2,customer;orders,19304,14038,0,0,0,0,0
2026-08-12T11:08:29Z,625C3DB5256D85BE,18.4,queries/tpch/tpch-queries/q22/v2_anti_join.sql,measured,3,3,5,3,0.220,129.911,11,3,7,1595282,1,13945160,144316,2,customer;orders,20168,13174,0,0,0,0,0
2026-08-12T11:08:29Z,625C3DB5256D85BE,18.4,queries/tpch/tpch-queries/q22/v2_anti_join.sql,measured,3,4,5,3,0.211,132.642,11,3,7,1595282,1,13945160,144316,2,customer;orders,21032,12310,0,0,0,0,0
2026-08-12T11:08:29Z,625C3DB5256D85BE,18.4,queries/tpch/tpch-queries/q22/v2_anti_join.sql,measured,3,5,5,3,0.211,130.835,11,3,7,1595282,1,13945160,144316,2,customer;orders,21896,11446,0,0,0,0,0
