timestamp_utc,run_id,pg_version,query,phase,batch_index,copy_index,batchnum,runs,server_planning_ms,server_execution_ms,plan_nodes,scan_nodes,rows_out,rows_processed,rows_estimated,bytes_processed,rows_removed_filter,workers_launched,relations,shared_hit_blks,shared_read_blks,shared_dirtied_blks,shared_written_blks,temp_read_blks,temp_written_blks,failed
2026-08-12T11:08:31Z,D77D6A589C8C4C8B,18.4,queries/tpch/tpch-queries/q01/base.sql,warmup,1,1,1,3,0.836,1950.330,5,1,4,5916631,6,147924215,28208,2,lineitem,14,112600,0,0,0,0,0
2026-08-12T11:08:33Z,D77D6A589C8C4C8B,18.4,queries/tpch/tpch-queries/q01/base.sql,warmup,2,1,1,3,0.716,2033.937,5,1,4,5916631,6,147924215,28208,2,lineitem,878,111736,0,0,0,0,0
2026-08-12T11:08:44Z,D77D6A589C8C4C8B,18.4,queries/tpch/tpch-queries/q01/base.sql,measured,1,1,5,3,1.726,2041.340,5,1,4,5916631,6,147924215,28208,2,lineitem,1742,110872,0,0,0,0,0
2026-08-12T11:08:44Z,D77D6A589C8C4C8B,18.4,queries/tpch/tpch-queries/q01/base.sql,measured,1,2,5,3,0.176,2043.513,5,1,4,5916631,6,147924215,28208,2,lineitem,2606,110008,0,0,0,0,0
2026-08-12T11:08:44Z,D77D6A589C8C4C8B,18.4,queries/tpch/tpch-queries/q01/base.sql,measured,1,3,5,3,0.179,2038.941,5,1,4,5916631,6,147924215,28208,2,lineitem,3470,109144,0,0,0,0,0
2026-08-12T11:08:44Z,D77D6A589C8C4C8B,18.4,queries/tpch/tpch-queries/q01/base.sql,measured,1,4,5,3,0.162,2042.472,5,1,4,5916631,6,147924215,28208,2,lineitem,4334,108280,0,0,0,0,0
2026-08-12T11:08:44Z,D77D6A589C8C4C8B,18.4,queries/tpch/tpch-queries/q01/base.sql,measured,1,5,5,3,0.177,2061.393,5,1,4,5916631,6,147924215,28208,2,lineitem,5198,107416,0,0,0,0,0
2026-08-12T11:08:54Z,D77D6A589C8C4C8B,18.4,queries/tpch/tpch-queries/q01/base.sql,measured,2,1,5,3,0.806,2043.335,5,1,4,5916631,6,147924215,28208,2,lineitem,6062,106552,0,0,0,0,0
2026-08-12T11:08:54Z,D77D6A589C8C4C8B,18.4,queries/tpch/tpch-queries/q01/base.sql,measured,2,2,5,3,0.160,2045.885,5,1,4,5916631,6,147924215,28208,2,lineitem,6926,105688,0,0,0,0,0
2026-08-12T11:08:54Z,D77D6A589C8C4C8B,18.4,queries/tpch/tpch-queries/q01/base.sql,measured,2,3,5,3,0.160,2058.197,5,1,4,5916631,6,147924215,28208,2,lineitem,7790,104824,0,0,0,0,0
2026-08-12T11:08:54Z,D77D6A589C8C4C8B,18.4,queries/tpch/tpch-queries/q01/base.sql,measured,2,4,5,3,0.160,2072.036,5,1,4,5916631,6,147924215,28208,2,lineitem,8654,103960,0,0,0,0,0
2026-08-12T11:08:54Z,D77D6A589C8C4C8B,18.4,queries/tpch/tpch-queries/q01/base.sql,measured,2,5,5,3,0.161,2041.589,5,1,4,5916631,6,147924215,28208,2,lineitem,9518,103096,0,0,0,0,0
2026-08-12T11:09:04Z,D77D6A589C8C4C8B,18.4,queries/tpch/tpch-queries/q01/base.sql,measured,3,1,5,3,1.225,2042.229,5,1,4,5916631,6,147924215,28208,2,lineitem,10382,102232,0,0,0,0,0
2026-08-12T11:09:04Z,D77D6A589C8C4C8B,18.4,queries/tpch/tpch-queries/q01/base.sql,measured,3,2,5,3,0.161,2028.824,5,1,4,5916631,6,147924215,28208,2,lineitem,11246,101368,0,0,0,0,0
2026-08-12T11:09:04Z,D77D6A589C8C4C8B,18.4,queries/tpch/tpch-queries/q01/base.sql,measured,3,3,5,3,0.163,2036.003,5,1,4,5916631,6,147924215,28208,2,lineitem,12110,100504,0,0,0,0,0
2026-08-12T11:09:04Z,D77D6A589C8C4C8B,18.4,queries/tpch/tpch-queries/q01/base.sql,measured,3,4,5,3,0.162,2046.006,5,1,4,5916631,6,147924215,28208,2,lineitem,12974,99640,0,0,0,0,0
2026-08-12T11:09:04Z,D77D6A589C8C4C8B,18.4,queries/tpch/tpch-queries/q01/base.sql,measured,3,5,5,3,0.164,2021.608,5,1,4,5916631,6,147924215,28208,2,lineitem,13838,98776,0,0,0,0,0
2026-08-12T11:09:07Z,D77D6A589C8C4C8B,18.4,queries/tpch/tpch-queries/q01/v1_materialized.sql,warmup,1,1,1,3,1.102,2025.459,6,2,4,5916635,6,147925207,28208,2,_m;lineitem,14702,97912,0,0,0,0,0
2026-08-12T11:09:09Z,D77D6A589C8C4C8B,18.4,queries/tpch/tpch-queries/q01/v1_materialized.sql,warmup,2,1,1,3,1.465,2028.650,6,2,4,5916635,6,147925207,28208,2,_m;lineitem,15566,97048,0,0,0,0,0
2026-08-12T11:09:19Z,D77D6A589C8C4C8B,18.4,queries/tpch/tpch-queries/q01/v1_materialized.sql,measured,1,1,5,3,1.251,2026.502,6,2,4,5916635,6,147925207,28208,2,_m;lineitem,16430,96184,0,0,0,0,0
2026-08-12T11:09:19Z,D77D6A589C8C4C8B,18.4,queries/tpch/tpch-queries/q01/v1_materialized.sql,measured,1,2,5,3,0.202,2054.577,6,2,4,5916635,6,147925207,28208,2,_m;lineitem,17294,95320,0,0,0,0,0
2026-08-12T11:09:19Z,D77D6A589C8C4C8B,18.4,queries/tpch/tpch-queries/q01/v1_materialized.sql,measured,1,3,5,3,0.181,2053.774,6,2,4,5916635,6,147925207,28208,2,_m;lineitem,18158,94456,0,0,0,0,0
2026-08-12T11:09:19Z,D77D6A589C8C4C8B,18.4,queries/tpch/tpch-queries/q01/v1_materialized.sql,measured,1,4,5,3,0.202,2028.442,6,2,4,5916635,6,147925207,28208,2,_m;lineitem,19022,93592,0,0,0,0,0
2026-08-12T11:09:19Z,D77D6A589C8C4C8B,18.4,queries/tpch/tpch-queries/q01/v1_materialized.sql,measured,1,5,5,3,0.179,2044.067,6,2,4,5916635,6,147925207,28208,2,_m;lineitem,19886,92728,0,0,0,0,0
2026-08-12T11:09:29Z,D77D6A589C8C4C8B,18.4,queries/tpch/tpch-queries/q01/v1_materialized.sql,measured,2,1,5,3,1.101,2052.545,6,2,4,5916635,6,147925207,28208,2,_m;lineitem,20750,91864,0,0,0,0,0
2026-08-12T11:09:29Z,D77D6A589C8C4C8B,18.4,queries/tpch/tpch-queries/q01/v1_materialized.sql,measured,2,2,5,3,0.186,2040.420,6,2,4,5916635,6,147925207,28208,2,_m;lineitem,21614,91000,0,0,0,0,0
2026-08-12T11:09:29Z,D77D6A589C8C4C8B,18.4,queries/tpch/tpch-queries/q01/v1_materialized.sql,measured,2,3,5,3,0.180,2028.367,6,2,4,5916635,6,147925207,28208,2,_m;lineitem,22478,90136,0,0,0,0,0
2026-08-12T11:09:29Z,D77D6A589C8C4C8B,18.4,queries/tpch/tpch-queries/q01/v1_materialized.sql,measured,2,4,5,3,0.192,2055.988,6,2,4,5916635,6,147925207,28208,2,_m;lineitem,23342,89272,0,0,0,0,0
2026-08-12T11:09:29Z,D77D6A589C8C4C8B,18.4,queries/tpch/tpch-queries/q01/v1_materialized.sql,measured,2,5,5,3,0.201,2054.112,6,2,4,5916635,6,147925207,28208,2,_m;lineitem,24206,88408,0,0,0,0,0
2026-08-12T11:09:40Z,D77D6A589C8C4C8B,18.4,queries/tpch/tpch-queries/q01/v1_materialized.sql,measured,3,1,5,3,1.100,2045.475,6,2,4,5916635,6,147925207,28208,2,_m;lineitem,25070,87544,0,0,0,0,0
2026-08-12T11:09:40Z,D77D6A589C8C4C8B,18.4,queries/tpch/tpch-queries/q01/v1_materialized.sql,measured,3,2,5,3,0.194,2033.487,6,2,4,5916635,6,147925207,28208,2,_m;lineitem,25934,86680,0,0,0,0,0
2026-08-12T11:09:40Z,D77D6A589C8C4C8B,18.4,queries/tpch/tpch-queries/q01/v1_materialized.sql,measured,3,3,5,3,0.181,2045.767,6,2,4,5916635,6,147925207,28208,2,_m;lineitem,26798,85816,0,0,0,0,0
2026-08-12T11:09:40Z,D77D6A589C8C4C8B,18.4,queries/tpch/tpch-queries/q01/v1_materialized.sql,measured,3,4,5,3,0.201,2060.676,6,2,4,5916635,6,147925207,28208,2,_m;lineitem,27662,84952,0,0,0,0,0
2026-08-12T11:09:40Z,D77D6A589C8C4C8B,18.4,queries/tpch/tpch-queries/q01/v1_materialized.sql,measured,3,5,5,3,0.179,2055.791,6,2,4,5916635,6,147925207,28208,2,_m;lineitem,28526,84088,0,0,0,0,0
2026-08-12T11:09:40Z,D77D6A589C8C4C8B,18.4,queries/tpch/tpch-queries/q02/base.sql,warmup,1,1,1,3,3.692,315.001,23,10,100,521979,1,59100592,3168,0,part;ixtest_part_size;supplier;nation;region;partsupp,176427,21536,0,0,3359,3359,0
2026-08-12T11:09:40Z,D77D6A589C8C4C8B,18.4,queries/tpch/tpch-queries/q02/base.sql,warmup,2,1,1,3,1.934,210.022,23,10,100,521979,1,59100592,3168,0,part;ixtest_part_size;supplier;nation;region;partsupp,197963,0,0,0,3359,3359,0
2026-08-12T11:09:42Z,D77D6A589C8C4C8B,18.4,queries/tpch/tpch-queries/q02/base.sql,measured,1,1,5,3,2.161,207.426,23,10,100,521979,1,59100592,3168,0,part;ixtest_part_size;supplier;nation;region;partsupp,197963,0,0,0,3359,3359,0
2026-08-12T11:09:42Z,D77D6A589C8C4C8B,18.4,queries/tpch/tpch-queries/q02/base.sql,measured,1,2,5,3,0.918,251.888,23,10,100,521979,1,59100592,3168,0,part;ixtest_part_size;supplier;nation;region;partsupp,197954,0,0,0,3359,3359,0
2026-08-12T11:09:42Z,D77D6A589C8C4C8B,18.4,queries/tpch/tpch-queries/q02/base.sql,measured,1,3,5,3,0.898,195.552,23,10,100,521979,1,59100592,3168,0,part;ixtest_part_size;supplier;nation;region;partsupp,197954,0,0,0,3359,3359,0
2026-08-12T11:09:42Z,D77D6A589C8C4C8B,18.4,queries/tpch/tpch-queries/q02/base.sql,measured,1,4,5,3,0.908,196.244,23,10,100,521979,1,59100592,3168,0,part;ixtest_part_size;supplier;nation;region;partsupp,197954,0,0,0,3359,3359,0
2026-08-12T11:09:42Z,D77D6A589C8C4C8B,18.4,queries/tpch/tpch-queries/q02/base.sql,measured,1,5,5,3,0.893,193.088,23,10,100,521979,1,59100592,3168,0,part;ixtest_part_size;supplier;nation;region;partsupp,197954,0,0,0,3359,3359,0
2026-08-12T11:09:43Z,D77D6A589C8C4C8B,18.4,queries/tpch/tpch-queries/q02/base.sql,measured,2,1,5,3,1.925,212.696,23,10,100,521979,1,59100592,3168,0,part;ixtest_part_size;supplier;nation;region;partsupp,197963,0,0,0,3359,3359,0
2026-08-12T11:09:43Z,D77D6A589C8C4C8B,18.4,queries/tpch/tpch-queries/q02/base.sql,measured,2,2,5,3,0.922,198.561,23,10,100,521979,1,59100592,3168,0,part;ixtest_part_size;supplier;nation;region;partsupp,197954,0,0,0,3359,3359,0
2026-08-12T11:09:43Z,D77D6A589C8C4C8B,18.4,queries/tpch/tpch-queries/q02/base.sql,measured,2,3,5,3,0.901,195.936,23,10,100,521979,1,59100592,3168,0,part;ixtest_part_size;supplier;nation;region;partsupp,197954,0,0,0,3359,3359,0
2026-08-12T11:09:43Z,D77D6A589C8C4C8B,18.4,queries/tpch/tpch-queries/q02/base.sql,measured,2,4,5,3,0.892,193.442,23,10,100,521979,1,59100592,3168,0,part;ixtest_part_size;supplier;nation;region;partsupp,197954,0,0,0,3359,3359,0
2026-08-12T11:09:43Z,D77D6A589C8C4C8B,18.4,queries/tpch/tpch-queries/q02/base.sql,measured,2,5,5,3,0.910,197.172,23,10,100,521979,1,59100592,3168,0,part;ixtest_part_size;supplier;nation;region;partsupp,197954,0,0,0,3359,3359,0
2026-08-12T11:09:44Z,D77D6A589C8C4C8B,18.4,queries/tpch/tpch-queries/q02/base.sql,measured,3,1,5,3,1.953,207.881,23,10,100,521979,1,59100592,3168,0,part;ixtest_part_size;supplier;nation;region;partsupp,197963,0,0,0,3359,3359,0
2026-08-12T11:09:44Z,D77D6A589C8C4C8B,18.4,queries/tpch/tpch-queries/q02/base.sql,measured,3,2,5,3,0.940,194.223,23,10,100,521979,1,59100592,3168,0,part;ixtest_part_size;supplier;nation;region;partsupp,197954,0,0,0,3359,3359,0
2026-08-12T11:09:44Z,D77D6A589C8C4C8B,18.4,queries/tpch/tpch-queries/q02/base.sql,measured,3,3,5,3,0.923,195.343,23,10,100,521979,1,59100592,3168,0,part;ixtest_part_size;supplier;nation;region;partsupp,197954,0,0,0,3359,3359,0
2026-08-12T11:09:44Z,D77D6A589C8C4C8B,18.4,queries/tpch/tpch-queries/q02/base.sql,measured,3,4,5,3,0.917,192.478,23,10,100,521979,1,59100592,3168,0,part;ixtest_part_size;supplier;nation;region;partsupp,197954,0,0,0,3359,3359,0
2026-08-12T11:09:44Z,D77D6A589C8C4C8B,18.4,queries/tpch/tpch-queries/q02/base.sql,measured,3,5,5,3,0.908,193.321,23,10,100,521979,1,59100592,3168,0,part;ixtest_part_size;supplier;nation;region;partsupp,197954,0,0,0,3359,3359,0
2026-08-12T11:09:44Z,D77D6A589C8C4C8B,18.4,queries/tpch/tpch-queries/q02/v1_materialized.sql,warmup,1,1,1,3,1.764,240.785,24,12,100,516404,1,58380442,3168,0,part;ixtest_part_size;nation;region;supplier;ixtest_supplier_nationkey;partsupp;_m,198694,5,0,0,3359,3359,0
2026-08-12T11:09:44Z,D77D6A589C8C4C8B,18.4,queries/tpch/tpch-queries/q02/v1_materialized.sql,warmup,2,1,1,3,1.782,236.431,24,12,100,516404,1,58380442,3168,0,part;ixtest_part_size;nation;region;supplier;ixtest_supplier_nationkey;partsupp;_m,198699,0,0,0,3359,3359,0
2026-08-12T11:09:46Z,D77D6A589C8C4C8B,18.4,queries/tpch/tpch-queries/q02/v1_materialized.sql,measured,1,1,5,3,1.806,238.934,24,12,100,516404,1,58380442,3168,0,part;ixtest_part_size;nation;region;supplier;ixtest_supplier_nationkey;partsupp;_m,198699,0,0,0,3359,3359,0
2026-08-12T11:09:46Z,D77D6A589C8C4C8B,18.4,queries/tpch/tpch-queries/q02/v1_materialized.sql,measured,1,2,5,3,0.799,328.119,24,12,100,516404,1,58380442,3168,0,part;ixtest_part_size;nation;region;supplier;ixtest_supplier_nationkey;partsupp;_m,198690,0,0,0,3359,3359,0
2026-08-12T11:09:46Z,D77D6A589C8C4C8B,18.4,queries/tpch/tpch-queries/q02/v1_materialized.sql,measured,1,3,5,3,1.189,230.898,24,12,100,516404,1,58380442,3168,0,part;ixtest_part_size;nation;region;supplier;ixtest_supplier_nationkey;partsupp;_m,198690,0,0,0,3359,3359,0
2026-08-12T11:09:46Z,D77D6A589C8C4C8B,18.4,queries/tpch/tpch-queries/q02/v1_materialized.sql,measured,1,4,5,3,0.746,231.622,24,12,100,516404,1,58380442,3168,0,part;ixtest_part_size;nation;region;supplier;ixtest_supplier_nationkey;partsupp;_m,198690,0,0,0,3359,3359,0
2026-08-12T11:09:46Z,D77D6A589C8C4C8B,18.4,queries/tpch/tpch-queries/q02/v1_materialized.sql,measured,1,5,5,3,0.785,228.386,24,12,100,516404,1,58380442,3168,0,part;ixtest_part_size;nation;region;supplier;ixtest_supplier_nationkey;partsupp;_m,198690,0,0,0,3359,3359,0
2026-08-12T11:09:47Z,D77D6A589C8C4C8B,18.4,queries/tpch/tpch-queries/q02/v1_materialized.sql,measured,2,1,5,3,1.777,242.960,24,12,100,516404,1,58380442,3168,0,part;ixtest_part_size;nation;region;supplier;ixtest_supplier_nationkey;partsupp;_m,198699,0,0,0,3359,3359,0
2026-08-12T11:09:47Z,D77D6A589C8C4C8B,18.4,queries/tpch/tpch-queries/q02/v1_materialized.sql,measured,2,2,5,3,0.829,224.973,24,12,100,516404,1,58380442,3168,0,part;ixtest_part_size;nation;region;supplier;ixtest_supplier_nationkey;partsupp;_m,198690,0,0,0,3359,3359,0
2026-08-12T11:09:47Z,D77D6A589C8C4C8B,18.4,queries/tpch/tpch-queries/q02/v1_materialized.sql,measured,2,3,5,3,0.773,226.096,24,12,100,516404,1,58380442,3168,0,part;ixtest_part_size;nation;region;supplier;ixtest_supplier_nationkey;partsupp;_m,198690,0,0,0,3359,3359,0
2026-08-12T11:09:47Z,D77D6A589C8C4C8B,18.4,queries/tpch/tpch-queries/q02/v1_materialized.sql,measured,2,4,5,3,0.769,224.256,24,12,100,516404,1,58380442,3168,0,part;ixtest_part_size;nation;region;supplier;ixtest_supplier_nationkey;partsupp;_m,198690,0,0,0,3359,3359,0
2026-08-12T11:09:47Z,D77D6A589C8C4C8B,18.4,queries/tpch/tpch-queries/q02/v1_materialized.sql,measured,2,5,5,3,0.775,223.586,24,12,100,516404,1,58380442,3168,0,part;ixtest_part_size;nation;region;supplier;ixtest_supplier_nationkey;partsupp;_m,198690,0,0,0,3359,3359,0
2026-08-12T11:09:48Z,D77D6A589C8C4C8B,18.4,queries/tpch/tpch-queries/q02/v1_materialized.sql,measured,3,1,5,3,1.774,238.052,24,12,100,516404,1,58380442,3168,0,part;ixtest_part_size;nation;region;supplier;ixtest_supplier_nationkey;partsupp;_m,198699,0,0,0,3359,3359,0
2026-08-12T11:09:48Z,D77D6A589C8C4C8B,18.4,queries/tpch/tpch-queries/q02/v1_materialized.sql,measured,3,2,5,3,0.812,220.870,24,12,100,516404,1,58380442,3168,0,part;ixtest_part_size;nation;region;supplier;ixtest_supplier_nationkey;partsupp;_m,198690,0,0,0,3359,3359,0
2026-08-12T11:09:48Z,D77D6A589C8C4C8B,18.4,queries/tpch/tpch-queries/q02/v1_materialized.sql,measured,3,3,5,3,0.775,225.411,24,12,100,516404,1,58380442,3168,0,part;ixtest_part_size;nation;region;supplier;ixtest_supplier_nationkey;partsupp;_m,198690,0,0,0,3359,3359,0
2026-08-12T11:09:48Z,D77D6A589C8C4C8B,18.4,queries/tpch/tpch-queries/q02/v1_materialized.sql,measured,3,4,5,3,0.749,215.710,24,12,100,516404,1,58380442,3168,0,part;ixtest_part_size;nation;region;supplier;ixtest_supplier_nationkey;partsupp;_m,198690,0,0,0,3359,3359,0
2026-08-12T11:09:48Z,D77D6A589C8C4C8B,18.4,queries/tpch/tpch-queries/q02/v1_materialized.sql,measured,3,5,5,3,0.772,213.407,24,12,100,516404,1,58380442,3168,0,part;ixtest_part_size;nation;region;supplier;ixtest_supplier_nationkey;partsupp;_m,198690,0,0,0,3359,3359,0
2026-08-12T11:09:49Z,D77D6A589C8C4C8B,18.4,queries/tpch/tpch-queries/q02/v2_decorrelate.sql,warmup,1,1,1,3,2.673,223.864,25,11,100,452023,1,8826712,3171,0,region;nation;supplier;ixtest_supplier_nationkey;partsupp;part;ixtest_part_size,171708,0,0,0,257,607,0
2026-08-12T11:09:49Z,D77D6A589C8C4C8B,18.4,queries/tpch/tpch-queries/q02/v2_decorrelate.sql,warmup,2,1,1,3,2.673,227.996,25,11,100,452023,1,8826712,3171,0,region;nation;supplier;ixtest_supplier_nationkey;partsupp;part;ixtest_part_size,171708,0,0,0,257,607,0
2026-08-12T11:09:50Z,D77D6A589C8C4C8B,18.4,queries/tpch/tpch-queries/q02/v2_decorrelate.sql,measured,1,1,5,3,2.742,228.496,25,11,100,452023,1,8826712,3171,0,region;nation;supplier;ixtest_supplier_nationkey;partsupp;part;ixtest_part_size,171708,0,0,0,257,607,0
2026-08-12T11:09:50Z,D77D6A589C8C4C8B,18.4,queries/tpch/tpch-queries/q02/v2_decorrelate.sql,measured,1,2,5,3,1.581,215.919,25,11,100,452023,1,8826712,3171,0,region;nation;supplier;ixtest_supplier_nationkey;partsupp;part;ixtest_part_size,171699,0,0,0,257,607,0
2026-08-12T11:09:50Z,D77D6A589C8C4C8B,18.4,queries/tpch/tpch-queries/q02/v2_decorrelate.sql,measured,1,3,5,3,1.530,209.219,25,11,100,452023,1,8826712,3171,0,region;nation;supplier;ixtest_supplier_nationkey;partsupp;part;ixtest_part_size,171699,0,0,0,257,607,0
2026-08-12T11:09:50Z,D77D6A589C8C4C8B,18.4,queries/tpch/tpch-queries/q02/v2_decorrelate.sql,measured,1,4,5,3,1.521,212.849,25,11,100,452023,1,8826712,3171,0,region;nation;supplier;ixtest_supplier_nationkey;partsupp;part;ixtest_part_size,171699,0,0,0,257,607,0
2026-08-12T11:09:50Z,D77D6A589C8C4C8B,18.4,queries/tpch/tpch-queries/q02/v2_decorrelate.sql,measured,1,5,5,3,1.546,208.336,25,11,100,452023,1,8826712,3171,0,region;nation;supplier;ixtest_supplier_nationkey;partsupp;part;ixtest_part_size,171699,0,0,0,257,607,0
2026-08-12T11:09:51Z,D77D6A589C8C4C8B,18.4,queries/tpch/tpch-queries/q02/v2_decorrelate.sql,measured,2,1,5,3,2.676,227.520,25,11,100,452023,1,8826712,3171,0,region;nation;supplier;ixtest_supplier_nationkey;partsupp;part;ixtest_part_size,171708,0,0,0,257,607,0
2026-08-12T11:09:51Z,D77D6A589C8C4C8B,18.4,queries/tpch/tpch-queries/q02/v2_decorrelate.sql,measured,2,2,5,3,1.583,213.421,25,11,100,452023,1,8826712,3171,0,region;nation;supplier;ixtest_supplier_nationkey;partsupp;part;ixtest_part_size,171699,0,0,0,257,607,0
2026-08-12T11:09:51Z,D77D6A589C8C4C8B,18.4,queries/tpch/tpch-queries/q02/v2_decorrelate.sql,measured,2,3,5,3,1.546,272.658,25,11,100,452023,1,8826712,3171,0,region;nation;supplier;ixtest_supplier_nationkey;partsupp;part;ixtest_part_size,171699,0,0,0,257,607,0
2026-08-12T11:09:51Z,D77D6A589C8C4C8B,18.4,queries/tpch/tpch-queries/q02/v2_decorrelate.sql,measured,2,4,5,3,1.737,213.066,25,11,100,452023,1,8826712,3171,0,region;nation;supplier;ixtest_supplier_nationkey;partsupp;part;ixtest_part_size,171699,0,0,0,257,607,0
2026-08-12T11:09:51Z,D77D6A589C8C4C8B,18.4,queries/tpch/tpch-queries/q02/v2_decorrelate.sql,measured,2,5,5,3,1.533,213.223,25,11,100,452023,1,8826712,3171,0,region;nation;supplier;ixtest_supplier_nationkey;partsupp;part;ixtest_part_size,171699,0,0,0,257,607,0
2026-08-12T11:09:53Z,D77D6A589C8C4C8B,18.4,queries/tpch/tpch-queries/q02/v2_decorrelate.sql,measured,3,1,5,3,2.676,229.412,25,11,100,452023,1,8826712,3171,0,region;nation;supplier;ixtest_supplier_nationkey;partsupp;part;ixtest_part_size,171708,0,0,0,257,607,0
2026-08-12T11:09:53Z,D77D6A589C8C4C8B,18.4,queries/tpch/tpch-queries/q02/v2_decorrelate.sql,measured,3,2,5,3,1.576,218.949,25,11,100,452023,1,8826712,3171,0,region;nation;supplier;ixtest_supplier_nationkey;partsupp;part;ixtest_part_size,171699,0,0,0,257,607,0
2026-08-12T11:09:53Z,D77D6A589C8C4C8B,18.4,queries/tpch/tpch-queries/q02/v2_decorrelate.sql,measured,3,3,5,3,1.531,214.296,25,11,100,452023,1,8826712,3171,0,region;nation;supplier;ixtest_supplier_nationkey;partsupp;part;ixtest_part_size,171699,0,0,0,257,607,0
2026-08-12T11:09:53Z,D77D6A589C8C4C8B,18.4,queries/tpch/tpch-queries/q02/v2_decorrelate.sql,measured,3,4,5,3,1.548,211.947,25,11,100,452023,1,8826712,3171,0,region;nation;supplier;ixtest_supplier_nationkey;partsupp;part;ixtest_part_size,171699,0,0,0,257,607,0
2026-08-12T11:09:53Z,D77D6A589C8C4C8B,18.4,queries/tpch/tpch-queries/q02/v2_decorrelate.sql,measured,3,5,5,3,1.536,210.126,25,11,100,452023,1,8826712,3171,0,region;nation;supplier;ixtest_supplier_nationkey;partsupp;part;ixtest_part_size,171699,0,0,0,257,607,0
2026-08-12T11:09:53Z,D77D6A589C8C4C8B,18.4,queries/tpch/tpch-queries/q03/base.sql,warmup,1,1,1,3,1.518,511.958,12,4,10,1068053,10,16353052,257569,2,orders;customer;ixtest_customer_mktseg;lineitem,501688,124962,0,0,0,0,0
2026-08-12T11:09:54Z,D77D6A589C8C4C8B,18.4,queries/tpch/tpch-queries/q03/base.sql,warmup,2,1,1,3,2.146,475.050,12,4,10,1068053,10,16353052,257569,2,orders;customer;ixtest_customer_mktseg;lineitem,514025,112625,0,0,0,0,0
2026-08-12T11:09:56Z,D77D6A589C8C4C8B,18.4,queries/tpch/tpch-queries/q03/base.sql,measured,1,1,5,3,2.711,484.519,12,4,10,1068053,10,16353052,257569,2,orders;customer;ixtest_customer_mktseg;lineitem,515847,110803,0,0,0,0,0
2026-08-12T11:09:56Z,D77D6A589C8C4C8B,18.4,queries/tpch/tpch-queries/q03/base.sql,measured,1,2,5,3,0.506,449.473,12,4,10,1068053,10,16353052,257569,2,orders;customer;ixtest_customer_mktseg;lineitem,514128,112519,0,0,0,0,0
2026-08-12T11:09:56Z,D77D6A589C8C4C8B,18.4,queries/tpch/tpch-queries/q03/base.sql,measured,1,3,5,3,0.510,450.870,12,4,10,1068052,10,16353048,257569,2,orders;customer;ixtest_customer_mktseg;lineitem,514867,111780,0,0,0,0,0
2026-08-12T11:09:56Z,D77D6A589C8C4C8B,18.4,queries/tpch/tpch-queries/q03/base.sql,measured,1,4,5,3,0.502,451.284,12,4,10,1068052,10,16353048,257569,2,orders;customer;ixtest_customer_mktseg;lineitem,515841,110806,0,0,0,0,0
2026-08-12T11:09:56Z,D77D6A589C8C4C8B,18.4,queries/tpch/tpch-queries/q03/base.sql,measured,1,5,5,3,0.486,445.618,12,4,10,1068053,10,16353052,257569,2,orders;customer;ixtest_customer_mktseg;lineitem,514124,112523,0,0,0,0,0
2026-08-12T11:09:58Z,D77D6A589C8C4C8B,18.4,queries/tpch/tpch-queries/q03/base.sql,measured,2,1,5,3,1.718,467.463,12,4,10,1068053,10,16353052,257569,2,orders;customer;ixtest_customer_mktseg;lineitem,514875,111775,0,0,0,0,0
2026-08-12T11:09:58Z,D77D6A589C8C4C8B,18.4,queries/tpch/tpch-queries/q03/base.sql,measured,2,2,5,3,0.488,450.941,12,4,10,1068052,10,16353048,257569,2,orders;customer;ixtest_customer_mktseg;lineitem,515843,110804,0,0,0,0,0
2026-08-12T11:09:58Z,D77D6A589C8C4C8B,18.4,queries/tpch/tpch-queries/q03/base.sql,measured,2,3,5,3,0.489,449.488,12,4,10,1068052,10,16353048,257569,2,orders;customer;ixtest_customer_mktseg;lineitem,514124,112523,0,0,0,0,0
2026-08-12T11:09:58Z,D77D6A589C8C4C8B,18.4,queries/tpch/tpch-queries/q03/base.sql,measured,2,4,5,3,0.493,447.948,12,4,10,1068052,10,16353048,257569,2,orders;customer;ixtest_customer_mktseg;lineitem,514869,111778,0,0,0,0,0
2026-08-12T11:09:58Z,D77D6A589C8C4C8B,18.4,queries/tpch/tpch-queries/q03/base.sql,measured,2,5,5,3,0.498,445.348,12,4,10,1068052,10,16353048,257569,2,orders;customer;ixtest_customer_mktseg;lineitem,515841,110806,0,0,0,0,0
2026-08-12T11:10:01Z,D77D6A589C8C4C8B,18.4,queries/tpch/tpch-queries/q03/base.sql,measured,3,1,5,3,1.736,469.004,12,4,10,1068052,10,16353048,257569,2,orders;customer;ixtest_customer_mktseg;lineitem,514130,112520,0,0,0,0,0
2026-08-12T11:10:01Z,D77D6A589C8C4C8B,18.4,queries/tpch/tpch-queries/q03/base.sql,measured,3,2,5,3,0.529,445.796,12,4,10,1068053,10,16353052,257569,2,orders;customer;ixtest_customer_mktseg;lineitem,514871,111776,0,0,0,0,0
2026-08-12T11:10:01Z,D77D6A589C8C4C8B,18.4,queries/tpch/tpch-queries/q03/base.sql,measured,3,3,5,3,0.503,447.711,12,4,10,1068052,10,16353048,257569,2,orders;customer;ixtest_customer_mktseg;lineitem,515841,110806,0,0,0,0,0
2026-08-12T11:10:01Z,D77D6A589C8C4C8B,18.4,queries/tpch/tpch-queries/q03/base.sql,measured,3,4,5,3,0.501,444.962,12,4,10,1068052,10,16353048,257569,2,orders;customer;ixtest_customer_mktseg;lineitem,514120,112527,0,0,0,0,0
2026-08-12T11:10:01Z,D77D6A589C8C4C8B,18.4,queries/tpch/tpch-queries/q03/base.sql,measured,3,5,5,3,0.485,436.249,12,4,10,1068053,10,16353052,257569,2,orders;customer;ixtest_customer_mktseg;lineitem,514873,111774,0,0,0,0,0
2026-08-12T11:10:01Z,D77D6A589C8C4C8B,18.4,queries/tpch/tpch-queries/q03/v1_materialized.sql,warmup,1,1,1,3,2.519,481.574,13,5,10,1079673,10,16864332,257569,2,orders;customer;ixtest_customer_mktseg;lineitem;_m,515847,110803,0,0,0,0,0
2026-08-12T11:10:02Z,D77D6A589C8C4C8B,18.4,queries/tpch/tpch-queries/q03/v1_materialized.sql,warmup,2,1,1,3,2.780,491.466,13,5,10,1079673,10,16864332,257569,2,orders;customer;ixtest_customer_mktseg;lineitem;_m,514126,112524,0,0,0,0,0
2026-08-12T11:10:04Z,D77D6A589C8C4C8B,18.4,queries/tpch/tpch-queries/q03/v1_materialized.sql,measured,1,1,5,3,2.437,481.698,13,5,10,1079673,10,16864332,257569,2,orders;customer;ixtest_customer_mktseg;lineitem;_m,514879,111771,0,0,0,0,0
2026-08-12T11:10:04Z,D77D6A589C8C4C8B,18.4,queries/tpch/tpch-queries/q03/v1_materialized.sql,measured,1,2,5,3,0.500,449.913,13,5,10,1079673,10,16864332,257569,2,orders;customer;ixtest_customer_mktseg;lineitem;_m,515843,110804,0,0,0,0,0
2026-08-12T11:10:04Z,D77D6A589C8C4C8B,18.4,queries/tpch/tpch-queries/q03/v1_materialized.sql,measured,1,3,5,3,0.493,442.611,13,5,10,1079673,10,16864332,257569,2,orders;customer;ixtest_customer_mktseg;lineitem;_m,514120,112527,0,0,0,0,0
2026-08-12T11:10:04Z,D77D6A589C8C4C8B,18.4,queries/tpch/tpch-queries/q03/v1_materialized.sql,measured,1,4,5,3,0.484,445.575,13,5,10,1079673,10,16864332,257569,2,orders;customer;ixtest_customer_mktseg;lineitem;_m,514873,111774,0,0,0,0,0
2026-08-12T11:10:04Z,D77D6A589C8C4C8B,18.4,queries/tpch/tpch-queries/q03/v1_materialized.sql,measured,1,5,5,3,0.473,451.049,13,5,10,1079672,10,16864328,257569,2,orders;customer;ixtest_customer_mktseg;lineitem;_m,515841,110806,0,0,0,0,0
2026-08-12T11:10:07Z,D77D6A589C8C4C8B,18.4,queries/tpch/tpch-queries/q03/v1_materialized.sql,measured,2,1,5,3,2.252,482.486,13,5,10,1079673,10,16864332,257569,2,orders;customer;ixtest_customer_mktseg;lineitem;_m,514122,112528,0,0,0,0,0
2026-08-12T11:10:07Z,D77D6A589C8C4C8B,18.4,queries/tpch/tpch-queries/q03/v1_materialized.sql,measured,2,2,5,3,0.482,449.112,13,5,10,1079673,10,16864332,257569,2,orders;customer;ixtest_customer_mktseg;lineitem;_m,514879,111768,0,0,0,0,0
2026-08-12T11:10:07Z,D77D6A589C8C4C8B,18.4,queries/tpch/tpch-queries/q03/v1_materialized.sql,measured,2,3,5,3,0.486,442.941,13,5,10,1079673,10,16864332,257569,2,orders;customer;ixtest_customer_mktseg;lineitem;_m,515841,110806,0,0,0,0,0
2026-08-12T11:10:07Z,D77D6A589C8C4C8B,18.4,queries/tpch/tpch-queries/q03/v1_materialized.sql,measured,2,4,5,3,0.549,458.287,13,5,10,1079673,10,16864332,257569,2,orders;customer;ixtest_customer_mktseg;lineitem;_m,514109,112538,0,0,0,0,0
2026-08-12T11:10:07Z,D77D6A589C8C4C8B,18.4,queries/tpch/tpch-queries/q03/v1_materialized.sql,measured,2,5,5,3,0.477,446.937,13,5,10,1079673,10,16864332,257569,2,orders;customer;ixtest_customer_mktseg;lineitem;_m,514884,111763,0,0,0,0,0
2026-08-12T11:10:09Z,D77D6A589C8C4C8B,18.4,queries/tpch/tpch-queries/q03/v1_materialized.sql,measured,3,1,5,3,2.467,487.596,13,5,10,1079673,10,16864332,257569,2,orders;customer;ixtest_customer_mktseg;lineitem;_m,515847,110803,0,0,0,0,0
2026-08-12T11:10:09Z,D77D6A589C8C4C8B,18.4,queries/tpch/tpch-queries/q03/v1_materialized.sql,measured,3,2,5,3,0.487,459.267,13,5,10,1079672,10,16864328,257569,2,orders;customer;ixtest_customer_mktseg;lineitem;_m,514111,112536,0,0,0,0,0
2026-08-12T11:10:09Z,D77D6A589C8C4C8B,18.4,queries/tpch/tpch-queries/q03/v1_materialized.sql,measured,3,3,5,3,0.486,451.002,13,5,10,1079673,10,16864332,257569,2,orders;customer;ixtest_customer_mktseg;lineitem;_m,514884,111763,0,0,0,0,0
2026-08-12T11:10:09Z,D77D6A589C8C4C8B,18.4,queries/tpch/tpch-queries/q03/v1_materialized.sql,measured,3,4,5,3,0.470,443.514,13,5,10,1079673,10,16864332,257569,2,orders;customer;ixtest_customer_mktseg;lineitem;_m,515841,110806,0,0,0,0,0
2026-08-12T11:10:09Z,D77D6A589C8C4C8B,18.4,queries/tpch/tpch-queries/q03/v1_materialized.sql,measured,3,5,5,3,0.482,447.080,13,5,10,1079673,10,16864332,257569,2,orders;customer;ixtest_customer_mktseg;lineitem;_m,514109,112538,0,0,0,0,0
2026-08-12T11:10:09Z,D77D6A589C8C4C8B,18.4,queries/tpch/tpch-queries/q04/base.sql,warmup,1,1,1,3,1.598,191.045,8,3,5,219511,5,2825832,1,2,orders;ixtest_orders_orderdate;lineitem,190726,62023,0,0,0,0,0
2026-08-12T11:10:10Z,D77D6A589C8C4C8B,18.4,queries/tpch/tpch-queries/q04/base.sql,warmup,2,1,1,3,2.077,218.196,8,3,5,219511,5,2825832,1,2,orders;ixtest_orders_orderdate;lineitem,193738,59011,0,0,0,0,0
2026-08-12T11:10:11Z,D77D6A589C8C4C8B,18.4,queries/tpch/tpch-queries/q04/base.sql,measured,1,1,5,3,1.907,205.974,8,3,5,219511,5,2825832,1,2,orders;ixtest_orders_orderdate;lineitem,186288,66461,0,0,0,0,0
2026-08-12T11:10:11Z,D77D6A589C8C4C8B,18.4,queries/tpch/tpch-queries/q04/base.sql,measured,1,2,5,3,0.273,171.892,8,3,5,219511,5,2825832,1,2,orders;ixtest_orders_orderdate;lineitem,192709,60040,0,0,0,0,0
2026-08-12T11:10:11Z,D77D6A589C8C4C8B,18.4,queries/tpch/tpch-queries/q04/base.sql,measured,1,3,5,3,0.261,176.365,8,3,5,219511,5,2825832,1,2,orders;ixtest_orders_orderdate;lineitem,185972,66777,0,0,0,0,0
2026-08-12T11:10:11Z,D77D6A589C8C4C8B,18.4,queries/tpch/tpch-queries/q04/base.sql,measured,1,4,5,3,0.258,171.041,8,3,5,219511,5,2825832,1,2,orders;ixtest_orders_orderdate;lineitem,192674,60075,0,0,0,0,0
2026-08-12T11:10:11Z,D77D6A589C8C4C8B,18.4,queries/tpch/tpch-queries/q04/base.sql,measured,1,5,5,3,0.261,178.567,8,3,5,219511,5,2825832,1,2,orders;ixtest_orders_orderdate;lineitem,185972,66777,0,0,0,0,0
2026-08-12T11:10:12Z,D77D6A589C8C4C8B,18.4,queries/tpch/tpch-queries/q04/base.sql,measured,2,1,5,3,1.779,190.699,8,3,5,219511,5,2825832,1,2,orders;ixtest_orders_orderdate;lineitem,192674,60075,0,0,0,0,0
2026-08-12T11:10:12Z,D77D6A589C8C4C8B,18.4,queries/tpch/tpch-queries/q04/base.sql,measured,2,2,5,3,0.281,190.116,8,3,5,219511,5,2825832,1,2,orders;ixtest_orders_orderdate;lineitem,185972,66777,0,0,0,0,0
2026-08-12T11:10:12Z,D77D6A589C8C4C8B,18.4,queries/tpch/tpch-queries/q04/base.sql,measured,2,3,5,3,0.260,162.192,8,3,5,219511,5,2825832,1,2,orders;ixtest_orders_orderdate;lineitem,192674,60075,0,0,0,0,0
2026-08-12T11:10:12Z,D77D6A589C8C4C8B,18.4,queries/tpch/tpch-queries/q04/base.sql,measured,2,4,5,3,0.268,177.516,8,3,5,219511,5,2825832,1,2,orders;ixtest_orders_orderdate;lineitem,185972,66777,0,0,0,0,0
2026-08-12T11:10:12Z,D77D6A589C8C4C8B,18.4,queries/tpch/tpch-queries/q04/base.sql,measured,2,5,5,3,0.252,162.316,8,3,5,219511,5,2825832,1,2,orders;ixtest_orders_orderdate;lineitem,192670,60079,0,0,0,0,0
2026-08-12T11:10:13Z,D77D6A589C8C4C8B,18.4,queries/tpch/tpch-queries/q04/base.sql,measured,3,1,5,3,1.748,221.993,8,3,5,219511,5,2825832,1,2,orders;ixtest_orders_orderdate;lineitem,185972,66777,0,0,0,0,0
2026-08-12T11:10:13Z,D77D6A589C8C4C8B,18.4,queries/tpch/tpch-queries/q04/base.sql,measured,3,2,5,3,0.274,169.319,8,3,5,219511,5,2825832,1,2,orders;ixtest_orders_orderdate;lineitem,192674,60075,0,0,0,0,0
2026-08-12T11:10:13Z,D77D6A589C8C4C8B,18.4,queries/tpch/tpch-queries/q04/base.sql,measured,3,3,5,3,0.271,185.931,8,3,5,219511,5,2825832,1,2,orders;ixtest_orders_orderdate;lineitem,185972,66777,0,0,0,0,0
2026-08-12T11:10:13Z,D77D6A589C8C4C8B,18.4,queries/tpch/tpch-queries/q04/base.sql,measured,3,4,5,3,0.260,184.651,8,3,5,219511,5,2825832,1,2,orders;ixtest_orders_orderdate;lineitem,192670,60079,0,0,0,0,0
2026-08-12T11:10:13Z,D77D6A589C8C4C8B,18.4,queries/tpch/tpch-queries/q04/base.sql,measured,3,5,5,3,0.261,193.397,8,3,5,219511,5,2825832,1,2,orders;ixtest_orders_orderdate;lineitem,185972,66777,0,0,0,0,0
2026-08-12T11:10:13Z,D77D6A589C8C4C8B,18.4,queries/tpch/tpch-queries/q04/v1_materialized.sql,warmup,1,1,1,3,1.804,200.525,9,4,5,219516,5,2826192,1,2,_m;orders;ixtest_orders_orderdate;lineitem,192674,60075,0,0,0,0,0
2026-08-12T11:10:13Z,D77D6A589C8C4C8B,18.4,queries/tpch/tpch-queries/q04/v1_materialized.sql,warmup,2,1,1,3,1.674,214.714,9,4,5,219516,5,2826192,1,2,_m;orders;ixtest_orders_orderdate;lineitem,185972,66777,0,0,0,0,0
2026-08-12T11:10:15Z,D77D6A589C8C4C8B,18.4,queries/tpch/tpch-queries/q04/v1_materialized.sql,measured,1,1,5,3,1.744,210.454,9,4,5,219516,5,2826192,1,2,_m;orders;ixtest_orders_orderdate;lineitem,192674,60075,0,0,0,0,0
2026-08-12T11:10:15Z,D77D6A589C8C4C8B,18.4,queries/tpch/tpch-queries/q04/v1_materialized.sql,measured,1,2,5,3,0.302,187.167,9,4,5,219516,5,2826192,1,2,_m;orders;ixtest_orders_orderdate;lineitem,185972,66777,0,0,0,0,0
2026-08-12T11:10:15Z,D77D6A589C8C4C8B,18.4,queries/tpch/tpch-queries/q04/v1_materialized.sql,measured,1,3,5,3,0.281,175.353,9,4,5,219516,5,2826192,1,2,_m;orders;ixtest_orders_orderdate;lineitem,192674,60075,0,0,0,0,0
2026-08-12T11:10:15Z,D77D6A589C8C4C8B,18.4,queries/tpch/tpch-queries/q04/v1_materialized.sql,measured,1,4,5,3,0.283,189.004,9,4,5,219516,5,2826192,1,2,_m;orders;ixtest_orders_orderdate;lineitem,185972,66777,0,0,0,0,0
2026-08-12T11:10:15Z,D77D6A589C8C4C8B,18.4,queries/tpch/tpch-queries/q04/v1_materialized.sql,measured,1,5,5,3,0.275,167.135,9,4,5,219516,5,2826192,1,2,_m;orders;ixtest_orders_orderdate;lineitem,192674,60075,0,0,0,0,0
2026-08-12T11:10:16Z,D77D6A589C8C4C8B,18.4,queries/tpch/tpch-queries/q04/v1_materialized.sql,measured,2,1,5,3,2.301,242.030,9,4,5,219516,5,2826192,1,2,_m;orders;ixtest_orders_orderdate;lineitem,185972,66777,0,0,0,0,0
2026-08-12T11:10:16Z,D77D6A589C8C4C8B,18.4,queries/tpch/tpch-queries/q04/v1_materialized.sql,measured,2,2,5,3,0.294,176.262,9,4,5,219516,5,2826192,1,2,_m;orders;ixtest_orders_orderdate;lineitem,192674,60075,0,0,0,0,0
2026-08-12T11:10:16Z,D77D6A589C8C4C8B,18.4,queries/tpch/tpch-queries/q04/v1_materialized.sql,measured,2,3,5,3,0.308,189.039,9,4,5,219516,5,2826192,1,2,_m;orders;ixtest_orders_orderdate;lineitem,185968,66781,0,0,0,0,0
2026-08-12T11:10:16Z,D77D6A589C8C4C8B,18.4,queries/tpch/tpch-queries/q04/v1_materialized.sql,measured,2,4,5,3,0.281,179.320,9,4,5,219516,5,2826192,1,2,_m;orders;ixtest_orders_orderdate;lineitem,192674,60075,0,0,0,0,0
2026-08-12T11:10:16Z,D77D6A589C8C4C8B,18.4,queries/tpch/tpch-queries/q04/v1_materialized.sql,measured,2,5,5,3,0.287,192.505,9,4,5,219516,5,2826192,1,2,_m;orders;ixtest_orders_orderdate;lineitem,185968,66781,0,0,0,0,0
2026-08-12T11:10:17Z,D77D6A589C8C4C8B,18.4,queries/tpch/tpch-queries/q04/v1_materialized.sql,measured,3,1,5,3,2.301,229.020,9,4,5,219516,5,2826192,1,2,_m;orders;ixtest_orders_orderdate;lineitem,192674,60075,0,0,0,0,0
2026-08-12T11:10:17Z,D77D6A589C8C4C8B,18.4,queries/tpch/tpch-queries/q04/v1_materialized.sql,measured,3,2,5,3,0.297,183.128,9,4,5,219516,5,2826192,1,2,_m;orders;ixtest_orders_orderdate;lineitem,185972,66777,0,0,0,0,0
2026-08-12T11:10:17Z,D77D6A589C8C4C8B,18.4,queries/tpch/tpch-queries/q04/v1_materialized.sql,measured,3,3,5,3,0.274,173.782,9,4,5,219516,5,2826192,1,2,_m;orders;ixtest_orders_orderdate;lineitem,192674,60075,0,0,0,0,0
2026-08-12T11:10:17Z,D77D6A589C8C4C8B,18.4,queries/tpch/tpch-queries/q04/v1_materialized.sql,measured,3,4,5,3,0.289,187.459,9,4,5,219516,5,2826192,1,2,_m;orders;ixtest_orders_orderdate;lineitem,185968,66781,0,0,0,0,0
2026-08-12T11:10:17Z,D77D6A589C8C4C8B,18.4,queries/tpch/tpch-queries/q04/v1_materialized.sql,measured,3,5,5,3,0.280,165.775,9,4,5,219516,5,2826192,1,2,_m;orders;ixtest_orders_orderdate;lineitem,192674,60075,0,0,0,0,0
2026-08-12T11:10:17Z,D77D6A589C8C4C8B,18.4,queries/tpch/tpch-queries/q04/v2_in.sql,warmup,1,1,1,3,2.232,259.866,8,3,5,219511,5,2825832,1,2,orders;ixtest_orders_orderdate;lineitem,185972,66777,0,0,0,0,0
2026-08-12T11:10:17Z,D77D6A589C8C4C8B,18.4,queries/tpch/tpch-queries/q04/v2_in.sql,warmup,2,1,1,3,1.837,219.738,8,3,5,219511,5,2825832,1,2,orders;ixtest_orders_orderdate;lineitem,192674,60075,0,0,0,0,0
2026-08-12T11:10:18Z,D77D6A589C8C4C8B,18.4,queries/tpch/tpch-queries/q04/v2_in.sql,measured,1,1,5,3,1.681,209.340,8,3,5,219511,5,2825832,1,2,orders;ixtest_orders_orderdate;lineitem,185972,66777,0,0,0,0,0
2026-08-12T11:10:18Z,D77D6A589C8C4C8B,18.4,queries/tpch/tpch-queries/q04/v2_in.sql,measured,1,2,5,3,0.257,184.814,8,3,5,219511,5,2825832,1,2,orders;ixtest_orders_orderdate;lineitem,192674,60075,0,0,0,0,0
2026-08-12T11:10:18Z,D77D6A589C8C4C8B,18.4,queries/tpch/tpch-queries/q04/v2_in.sql,measured,1,3,5,3,0.270,193.934,8,3,5,219511,5,2825832,1,2,orders;ixtest_orders_orderdate;lineitem,185972,66777,0,0,0,0,0
2026-08-12T11:10:18Z,D77D6A589C8C4C8B,18.4,queries/tpch/tpch-queries/q04/v2_in.sql,measured,1,4,5,3,0.261,179.903,8,3,5,219511,5,2825832,1,2,orders;ixtest_orders_orderdate;lineitem,192674,60075,0,0,0,0,0
2026-08-12T11:10:18Z,D77D6A589C8C4C8B,18.4,queries/tpch/tpch-queries/q04/v2_in.sql,measured,1,5,5,3,0.270,186.809,8,3,5,219511,5,2825832,1,2,orders;ixtest_orders_orderdate;lineitem,185972,66777,0,0,0,0,0
2026-08-12T11:10:19Z,D77D6A589C8C4C8B,18.4,queries/tpch/tpch-queries/q04/v2_in.sql,measured,2,1,5,3,1.730,189.836,8,3,5,219511,5,2825832,1,2,orders;ixtest_orders_orderdate;lineitem,192674,60075,0,0,0,0,0
2026-08-12T11:10:19Z,D77D6A589C8C4C8B,18.4,queries/tpch/tpch-queries/q04/v2_in.sql,measured,2,2,5,3,0.282,188.477,8,3,5,219511,5,2825832,1,2,orders;ixtest_orders_orderdate;lineitem,185972,66777,0,0,0,0,0
2026-08-12T11:10:19Z,D77D6A589C8C4C8B,18.4,queries/tpch/tpch-queries/q04/v2_in.sql,measured,2,3,5,3,0.257,174.416,8,3,5,219511,5,2825832,1,2,orders;ixtest_orders_orderdate;lineitem,192670,60079,0,0,0,0,0
2026-08-12T11:10:19Z,D77D6A589C8C4C8B,18.4,queries/tpch/tpch-queries/q04/v2_in.sql,measured,2,4,5,3,0.265,194.817,8,3,5,219511,5,2825832,1,2,orders;ixtest_orders_orderdate;lineitem,185972,66777,0,0,0,0,0
2026-08-12T11:10:19Z,D77D6A589C8C4C8B,18.4,queries/tpch/tpch-queries/q04/v2_in.sql,measured,2,5,5,3,0.254,189.440,8,3,5,219511,5,2825832,1,2,orders;ixtest_orders_orderdate;lineitem,192670,60079,0,0,0,0,0
2026-08-12T11:10:20Z,D77D6A589C8C4C8B,18.4,queries/tpch/tpch-queries/q04/v2_in.sql,measured,3,1,5,3,1.432,206.331,8,3,5,219511,5,2825832,1,2,orders;ixtest_orders_orderdate;lineitem,185972,66777,0,0,0,0,0
2026-08-12T11:10:20Z,D77D6A589C8C4C8B,18.4,queries/tpch/tpch-queries/q04/v2_in.sql,measured,3,2,5,3,0.262,179.090,8,3,5,219511,5,2825832,1,2,orders;ixtest_orders_orderdate;lineitem,192674,60075,0,0,0,0,0
2026-08-12T11:10:20Z,D77D6A589C8C4C8B,18.4,queries/tpch/tpch-queries/q04/v2_in.sql,measured,3,3,5,3,0.269,178.207,8,3,5,219511,5,2825832,1,2,orders;ixtest_orders_orderdate;lineitem,185972,66777,0,0,0,0,0
2026-08-12T11:10:20Z,D77D6A589C8C4C8B,18.4,queries/tpch/tpch-queries/q04/v2_in.sql,measured,3,4,5,3,0.269,165.023,8,3,5,219511,5,2825832,1,2,orders;ixtest_orders_orderdate;lineitem,192670,60079,0,0,0,0,0
2026-08-12T11:10:20Z,D77D6A589C8C4C8B,18.4,queries/tpch/tpch-queries/q04/v2_in.sql,measured,3,5,5,3,0.271,188.920,8,3,5,219511,5,2825832,1,2,orders;ixtest_orders_orderdate;lineitem,185972,66777,0,0,0,0,0
2026-08-12T11:10:21Z,D77D6A589C8C4C8B,18.4,queries/tpch/tpch-queries/q05/base.sql,warmup,1,1,1,3,3.611,342.031,19,6,5,699121,25,18257548,12,2,customer;nation;region;orders;lineitem;supplier,527793,55280,0,0,0,0,0
2026-08-12T11:10:21Z,D77D6A589C8C4C8B,18.4,queries/tpch/tpch-queries/q05/base.sql,warmup,2,1,1,3,4.508,323.875,19,6,5,699121,25,18257548,12,2,customer;nation;region;orders;lineitem;supplier,540317,42756,0,0,0,0,0
2026-08-12T11:10:23Z,D77D6A589C8C4C8B,18.4,queries/tpch/tpch-queries/q05/base.sql,measured,1,1,5,3,6.172,341.846,19,6,5,699121,25,18257548,12,2,customer;nation;region;orders;lineitem;supplier,539373,43700,0,0,0,0,0
2026-08-12T11:10:23Z,D77D6A589C8C4C8B,18.4,queries/tpch/tpch-queries/q05/base.sql,measured,1,2,5,3,1.960,310.261,19,6,5,699121,25,18257548,12,2,customer;nation;region;orders;lineitem;supplier,538932,44138,0,0,0,0,0
2026-08-12T11:10:23Z,D77D6A589C8C4C8B,18.4,queries/tpch/tpch-queries/q05/base.sql,measured,1,3,5,3,1.904,311.958,19,6,5,699121,25,18257548,12,2,customer;nation;region;orders;lineitem;supplier,539236,43834,0,0,0,0,0
2026-08-12T11:10:23Z,D77D6A589C8C4C8B,18.4,queries/tpch/tpch-queries/q05/base.sql,measured,1,4,5,3,1.810,308.612,19,6,5,699121,25,18257548,12,2,customer;nation;region;orders;lineitem;supplier,538961,44109,0,0,0,0,0
2026-08-12T11:10:23Z,D77D6A589C8C4C8B,18.4,queries/tpch/tpch-queries/q05/base.sql,measured,1,5,5,3,1.820,306.678,19,6,5,699121,25,18257548,12,2,customer;nation;region;orders;lineitem;supplier,538793,44277,0,0,0,0,0
2026-08-12T11:10:25Z,D77D6A589C8C4C8B,18.4,queries/tpch/tpch-queries/q05/base.sql,measured,2,1,5,3,6.253,340.105,19,6,5,699121,25,18257548,12,2,customer;nation;region;orders;lineitem;supplier,538970,44103,0,0,0,0,0
2026-08-12T11:10:25Z,D77D6A589C8C4C8B,18.4,queries/tpch/tpch-queries/q05/base.sql,measured,2,2,5,3,1.979,312.294,19,6,5,699121,25,18257548,12,2,customer;nation;region;orders;lineitem;supplier,538719,44351,0,0,0,0,0
2026-08-12T11:10:25Z,D77D6A589C8C4C8B,18.4,queries/tpch/tpch-queries/q05/base.sql,measured,2,3,5,3,1.782,308.287,19,6,5,699121,25,18257548,12,2,customer;nation;region;orders;lineitem;supplier,538622,44448,0,0,0,0,0
2026-08-12T11:10:25Z,D77D6A589C8C4C8B,18.4,queries/tpch/tpch-queries/q05/base.sql,measured,2,4,5,3,1.869,310.656,19,6,5,699121,25,18257548,12,2,customer;nation;region;orders;lineitem;supplier,538789,44281,0,0,0,0,0
2026-08-12T11:10:25Z,D77D6A589C8C4C8B,18.4,queries/tpch/tpch-queries/q05/base.sql,measured,2,5,5,3,1.868,309.462,19,6,5,699121,25,18257548,12,2,customer;nation;region;orders;lineitem;supplier,538652,44418,0,0,0,0,0
2026-08-12T11:10:26Z,D77D6A589C8C4C8B,18.4,queries/tpch/tpch-queries/q05/base.sql,measured,3,1,5,3,5.964,342.110,19,6,5,699121,25,18257548,12,2,customer;nation;region;orders;lineitem;supplier,538586,44487,0,0,0,0,0
2026-08-12T11:10:26Z,D77D6A589C8C4C8B,18.4,queries/tpch/tpch-queries/q05/base.sql,measured,3,2,5,3,1.963,316.809,19,6,5,699121,25,18257548,12,2,customer;nation;region;orders;lineitem;supplier,538821,44249,0,0,0,0,0
2026-08-12T11:10:26Z,D77D6A589C8C4C8B,18.4,queries/tpch/tpch-queries/q05/base.sql,measured,3,3,5,3,1.790,309.985,19,6,5,699121,25,18257548,12,2,customer;nation;region;orders;lineitem;supplier,538541,44529,0,0,0,0,0
2026-08-12T11:10:26Z,D77D6A589C8C4C8B,18.4,queries/tpch/tpch-queries/q05/base.sql,measured,3,4,5,3,1.790,306.243,19,6,5,699121,25,18257548,12,2,customer;nation;region;orders;lineitem;supplier,538694,44376,0,0,0,0,0
2026-08-12T11:10:26Z,D77D6A589C8C4C8B,18.4,queries/tpch/tpch-queries/q05/base.sql,measured,3,5,5,3,1.834,308.642,19,6,5,699121,25,18257548,12,2,customer;nation;region;orders;lineitem;supplier,538805,44265,0,0,0,0,0
2026-08-12T11:10:27Z,D77D6A589C8C4C8B,18.4,queries/tpch/tpch-queries/q05/v1_materialized.sql,warmup,1,1,1,3,6.035,342.877,20,7,5,699126,25,18258618,12,2,customer;nation;region;orders;lineitem;supplier;_m,538508,44565,0,0,0,0,0
2026-08-12T11:10:27Z,D77D6A589C8C4C8B,18.4,queries/tpch/tpch-queries/q05/v1_materialized.sql,warmup,2,1,1,3,5.334,345.084,20,7,5,699126,25,18258618,12,2,customer;nation;region;orders;lineitem;supplier;_m,538658,44415,0,0,0,0,0
2026-08-12T11:10:29Z,D77D6A589C8C4C8B,18.4,queries/tpch/tpch-queries/q05/v1_materialized.sql,measured,1,1,5,3,5.541,325.552,20,7,5,699126,25,18258618,12,2,customer;nation;region;orders;lineitem;supplier;_m,538738,44335,0,0,0,0,0
2026-08-12T11:10:29Z,D77D6A589C8C4C8B,18.4,queries/tpch/tpch-queries/q05/v1_materialized.sql,measured,1,2,5,3,1.952,314.964,20,7,5,699126,25,18258618,12,2,customer;nation;region;orders;lineitem;supplier;_m,538586,44484,0,0,0,0,0
2026-08-12T11:10:29Z,D77D6A589C8C4C8B,18.4,queries/tpch/tpch-queries/q05/v1_materialized.sql,measured,1,3,5,3,1.920,310.591,20,7,5,699126,25,18258618,12,2,customer;nation;region;orders;lineitem;supplier;_m,538768,44302,0,0,0,0,0
2026-08-12T11:10:29Z,D77D6A589C8C4C8B,18.4,queries/tpch/tpch-queries/q05/v1_materialized.sql,measured,1,4,5,3,1.903,309.033,20,7,5,699126,25,18258618,12,2,customer;nation;region;orders;lineitem;supplier;_m,538801,44269,0,0,0,0,0
2026-08-12T11:10:29Z,D77D6A589C8C4C8B,18.4,queries/tpch/tpch-queries/q05/v1_materialized.sql,measured,1,5,5,3,1.899,313.743,20,7,5,699126,25,18258618,12,2,customer;nation;region;orders;lineitem;supplier;_m,538573,44497,0,0,0,0,0
2026-08-12T11:10:31Z,D77D6A589C8C4C8B,18.4,queries/tpch/tpch-queries/q05/v1_materialized.sql,measured,2,1,5,3,6.058,322.131,20,7,5,699126,25,18258618,12,2,customer;nation;region;orders;lineitem;supplier;_m,538694,44379,0,0,0,0,0
2026-08-12T11:10:31Z,D77D6A589C8C4C8B,18.4,queries/tpch/tpch-queries/q05/v1_materialized.sql,measured,2,2,5,3,1.983,316.968,20,7,5,699126,25,18258618,12,2,customer;nation;region;orders;lineitem;supplier;_m,538907,44163,0,0,0,0,0
2026-08-12T11:10:31Z,D77D6A589C8C4C8B,18.4,queries/tpch/tpch-queries/q05/v1_materialized.sql,measured,2,3,5,3,1.953,310.159,20,7,5,699126,25,18258618,12,2,customer;nation;region;orders;lineitem;supplier;_m,538633,44437,0,0,0,0,0
2026-08-12T11:10:31Z,D77D6A589C8C4C8B,18.4,queries/tpch/tpch-queries/q05/v1_materialized.sql,measured,2,4,5,3,1.919,312.245,20,7,5,699126,25,18258618,12,2,customer;nation;region;orders;lineitem;supplier;_m,538664,44406,0,0,0,0,0
2026-08-12T11:10:31Z,D77D6A589C8C4C8B,18.4,queries/tpch/tpch-queries/q05/v1_materialized.sql,measured,2,5,5,3,1.900,309.353,20,7,5,699126,25,18258618,12,2,customer;nation;region;orders;lineitem;supplier;_m,538878,44192,0,0,0,0,0
2026-08-12T11:10:32Z,D77D6A589C8C4C8B,18.4,queries/tpch/tpch-queries/q05/v1_materialized.sql,measured,3,1,5,3,8.452,337.341,20,7,5,699126,25,18258618,12,2,customer;nation;region;orders;lineitem;supplier;_m,538568,44505,0,0,0,0,0
2026-08-12T11:10:32Z,D77D6A589C8C4C8B,18.4,queries/tpch/tpch-queries/q05/v1_materialized.sql,measured,3,2,5,3,1.922,313.632,20,7,5,699126,25,18258618,12,2,customer;nation;region;orders;lineitem;supplier;_m,538614,44456,0,0,0,0,0
2026-08-12T11:10:32Z,D77D6A589C8C4C8B,18.4,queries/tpch/tpch-queries/q05/v1_materialized.sql,measured,3,3,5,3,1.841,308.721,20,7,5,699126,25,18258618,12,2,customer;nation;region;orders;lineitem;supplier;_m,538862,44208,0,0,0,0,0
2026-08-12T11:10:32Z,D77D6A589C8C4C8B,18.4,queries/tpch/tpch-queries/q05/v1_materialized.sql,measured,3,4,5,3,1.878,310.990,20,7,5,699126,25,18258618,12,2,customer;nation;region;orders;lineitem;supplier;_m,538629,44441,0,0,0,0,0
2026-08-12T11:10:32Z,D77D6A589C8C4C8B,18.4,queries/tpch/tpch-queries/q05/v1_materialized.sql,measured,3,5,5,3,1.841,307.010,20,7,5,699126,25,18258618,12,2,customer;nation;region;orders;lineitem;supplier;_m,538608,44462,0,0,0,0,0
2026-08-12T11:10:33Z,D77D6A589C8C4C8B,18.4,queries/tpch/tpch-queries/q06/base.sql,warmup,1,1,1,3,0.884,90.992,4,1,1,114166,1,1370132,265098,2,lineitem,4283,5442,0,0,0,0,0
2026-08-12T11:10:33Z,D77D6A589C8C4C8B,18.4,queries/tpch/tpch-queries/q06/base.sql,warmup,2,1,1,3,0.682,67.557,4,1,1,114166,1,1370132,265098,2,lineitem,9717,0,0,0,0,0,0
2026-08-12T11:10:33Z,D77D6A589C8C4C8B,18.4,queries/tpch/tpch-queries/q06/base.sql,measured,1,1,5,3,0.611,67.817,4,1,1,114166,1,1370132,265098,2,lineitem,9717,0,0,0,0,0,0
2026-08-12T11:10:33Z,D77D6A589C8C4C8B,18.4,queries/tpch/tpch-queries/q06/base.sql,measured,1,2,5,3,0.105,68.265,4,1,1,114166,1,1370132,265098,2,lineitem,9703,0,0,0,0,0,0
2026-08-12T11:10:33Z,D77D6A589C8C4C8B,18.4,queries/tpch/tpch-queries/q06/base.sql,measured,1,3,5,3,0.104,76.276,4,1,1,114166,1,1370132,265098,2,lineitem,9667,0,0,0,0,0,0
2026-08-12T11:10:33Z,D77D6A589C8C4C8B,18.4,queries/tpch/tpch-queries/q06/base.sql,measured,1,4,5,3,0.098,67.747,4,1,1,114166,1,1370132,265098,2,lineitem,9701,0,0,0,0,0,0
2026-08-12T11:10:33Z,D77D6A589C8C4C8B,18.4,queries/tpch/tpch-queries/q06/base.sql,measured,1,5,5,3,0.097,68.195,4,1,1,114166,1,1370132,265098,2,lineitem,9702,0,0,0,0,0,0
2026-08-12T11:10:34Z,D77D6A589C8C4C8B,18.4,queries/tpch/tpch-queries/q06/base.sql,measured,2,1,5,3,0.894,85.713,4,1,1,114166,1,1370132,265098,2,lineitem,9719,0,0,0,0,0,0
2026-08-12T11:10:34Z,D77D6A589C8C4C8B,18.4,queries/tpch/tpch-queries/q06/base.sql,measured,2,2,5,3,0.097,68.451,4,1,1,114166,1,1370132,265098,2,lineitem,9710,0,0,0,0,0,0
2026-08-12T11:10:34Z,D77D6A589C8C4C8B,18.4,queries/tpch/tpch-queries/q06/base.sql,measured,2,3,5,3,0.101,68.045,4,1,1,114166,1,1370132,265098,2,lineitem,9708,0,0,0,0,0,0
2026-08-12T11:10:34Z,D77D6A589C8C4C8B,18.4,queries/tpch/tpch-queries/q06/base.sql,measured,2,4,5,3,0.094,67.355,4,1,1,114166,1,1370132,265098,2,lineitem,9712,0,0,0,0,0,0
2026-08-12T11:10:34Z,D77D6A589C8C4C8B,18.4,queries/tpch/tpch-queries/q06/base.sql,measured,2,5,5,3,0.094,67.867,4,1,1,114166,1,1370132,265098,2,lineitem,9708,0,0,0,0,0,0
2026-08-12T11:10:34Z,D77D6A589C8C4C8B,18.4,queries/tpch/tpch-queries/q06/base.sql,measured,3,1,5,3,0.879,91.269,4,1,1,114166,1,1370132,265098,2,lineitem,9718,0,0,0,0,0,0
2026-08-12T11:10:34Z,D77D6A589C8C4C8B,18.4,queries/tpch/tpch-queries/q06/base.sql,measured,3,2,5,3,0.105,67.462,4,1,1,114166,1,1370132,265098,2,lineitem,9714,0,0,0,0,0,0
2026-08-12T11:10:34Z,D77D6A589C8C4C8B,18.4,queries/tpch/tpch-queries/q06/base.sql,measured,3,3,5,3,0.098,68.254,4,1,1,114166,1,1370132,265098,2,lineitem,9709,0,0,0,0,0,0
2026-08-12T11:10:34Z,D77D6A589C8C4C8B,18.4,queries/tpch/tpch-queries/q06/base.sql,measured,3,4,5,3,0.096,69.117,4,1,1,114166,1,1370132,265098,2,lineitem,9673,0,0,0,0,0,0
2026-08-12T11:10:34Z,D77D6A589C8C4C8B,18.4,queries/tpch/tpch-queries/q06/base.sql,measured,3,5,5,3,0.096,67.776,4,1,1,114166,1,1370132,265098,2,lineitem,9702,0,0,0,0,0,0
2026-08-12T11:10:34Z,D77D6A589C8C4C8B,18.4,queries/tpch/tpch-queries/q06/v1_materialized.sql,warmup,1,1,1,3,0.923,98.188,5,2,1,114167,1,1370164,265098,2,_m;lineitem,9720,0,0,0,0,0,0
2026-08-12T11:10:35Z,D77D6A589C8C4C8B,18.4,queries/tpch/tpch-queries/q06/v1_materialized.sql,warmup,2,1,1,3,0.781,70.408,5,2,1,114167,1,1370164,265098,2,_m;lineitem,9715,0,0,0,0,0,0
2026-08-12T11:10:35Z,D77D6A589C8C4C8B,18.4,queries/tpch/tpch-queries/q06/v1_materialized.sql,measured,1,1,5,3,0.704,70.990,5,2,1,114167,1,1370164,265098,2,_m;lineitem,9718,0,0,0,0,0,0
2026-08-12T11:10:35Z,D77D6A589C8C4C8B,18.4,queries/tpch/tpch-queries/q06/v1_materialized.sql,measured,1,2,5,3,0.113,68.004,5,2,1,114167,1,1370164,265098,2,_m;lineitem,9709,0,0,0,0,0,0
2026-08-12T11:10:35Z,D77D6A589C8C4C8B,18.4,queries/tpch/tpch-queries/q06/v1_materialized.sql,measured,1,3,5,3,0.109,68.007,5,2,1,114167,1,1370164,265098,2,_m;lineitem,9710,0,0,0,0,0,0
2026-08-12T11:10:35Z,D77D6A589C8C4C8B,18.4,queries/tpch/tpch-queries/q06/v1_materialized.sql,measured,1,4,5,3,0.109,67.596,5,2,1,114167,1,1370164,265098,2,_m;lineitem,9704,0,0,0,0,0,0
2026-08-12T11:10:35Z,D77D6A589C8C4C8B,18.4,queries/tpch/tpch-queries/q06/v1_materialized.sql,measured,1,5,5,3,0.116,67.416,5,2,1,114167,1,1370164,265098,2,_m;lineitem,9708,0,0,0,0,0,0
2026-08-12T11:10:35Z,D77D6A589C8C4C8B,18.4,queries/tpch/tpch-queries/q06/v1_materialized.sql,measured,2,1,5,3,0.928,88.858,5,2,1,114167,1,1370164,265098,2,_m;lineitem,9680,0,0,0,0,0,0
2026-08-12T11:10:35Z,D77D6A589C8C4C8B,18.4,queries/tpch/tpch-queries/q06/v1_materialized.sql,measured,2,2,5,3,0.115,68.551,5,2,1,114167,1,1370164,265098,2,_m;lineitem,9705,0,0,0,0,0,0
2026-08-12T11:10:35Z,D77D6A589C8C4C8B,18.4,queries/tpch/tpch-queries/q06/v1_materialized.sql,measured,2,3,5,3,0.116,67.771,5,2,1,114167,1,1370164,265098,2,_m;lineitem,9705,0,0,0,0,0,0
2026-08-12T11:10:35Z,D77D6A589C8C4C8B,18.4,queries/tpch/tpch-queries/q06/v1_materialized.sql,measured,2,4,5,3,0.108,67.149,5,2,1,114167,1,1370164,265098,2,_m;lineitem,9706,0,0,0,0,0,0
2026-08-12T11:10:35Z,D77D6A589C8C4C8B,18.4,queries/tpch/tpch-queries/q06/v1_materialized.sql,measured,2,5,5,3,0.108,67.773,5,2,1,114167,1,1370164,265098,2,_m;lineitem,9706,0,0,0,0,0,0
2026-08-12T11:10:36Z,D77D6A589C8C4C8B,18.4,queries/tpch/tpch-queries/q06/v1_materialized.sql,measured,3,1,5,3,0.909,84.450,5,2,1,114167,1,1370164,265098,2,_m;lineitem,9720,0,0,0,0,0,0
2026-08-12T11:10:36Z,D77D6A589C8C4C8B,18.4,queries/tpch/tpch-queries/q06/v1_materialized.sql,measured,3,2,5,3,0.114,68.114,5,2,1,114167,1,1370164,265098,2,_m;lineitem,9704,0,0,0,0,0,0
2026-08-12T11:10:36Z,D77D6A589C8C4C8B,18.4,queries/tpch/tpch-queries/q06/v1_materialized.sql,measured,3,3,5,3,0.108,67.885,5,2,1,114167,1,1370164,265098,2,_m;lineitem,9708,0,0,0,0,0,0
2026-08-12T11:10:36Z,D77D6A589C8C4C8B,18.4,queries/tpch/tpch-queries/q06/v1_materialized.sql,measured,3,4,5,3,0.113,67.530,5,2,1,114167,1,1370164,265098,2,_m;lineitem,9706,0,0,0,0,0,0
2026-08-12T11:10:36Z,D77D6A589C8C4C8B,18.4,queries/tpch/tpch-queries/q06/v1_materialized.sql,measured,3,5,5,3,0.108,67.931,5,2,1,114167,1,1370164,265098,2,_m;lineitem,9708,0,0,0,0,0,0
2026-08-12T11:10:38Z,D77D6A589C8C4C8B,18.4,queries/tpch/tpch-queries/q07/base.sql,warmup,1,1,1,3,4.567,2228.410,17,6,4,1763513,6096,58849902,441,2,customer;nation;orders;supplier;lineitem,1338838,263242,0,0,2220,2220,0
2026-08-12T11:10:40Z,D77D6A589C8C4C8B,18.4,queries/tpch/tpch-queries/q07/base.sql,warmup,2,1,1,3,2.993,2173.361,17,6,4,1763513,6096,58849902,441,2,customer;nation;orders;supplier;lineitem,1344498,257582,0,0,2220,2220,0
2026-08-12T11:10:51Z,D77D6A589C8C4C8B,18.4,queries/tpch/tpch-queries/q07/base.sql,measured,1,1,5,3,4.117,2261.997,17,6,4,1763513,6096,58849902,441,2,customer;nation;orders;supplier;lineitem,1344513,257567,0,0,2220,2220,0
2026-08-12T11:10:51Z,D77D6A589C8C4C8B,18.4,queries/tpch/tpch-queries/q07/base.sql,measured,1,2,5,3,1.378,2112.739,17,6,4,1763513,6096,58849902,441,2,customer;nation;orders;supplier;lineitem,1344492,257588,0,0,2220,2220,0
2026-08-12T11:10:51Z,D77D6A589C8C4C8B,18.4,queries/tpch/tpch-queries/q07/base.sql,measured,1,3,5,3,1.277,2199.794,17,6,4,1763513,6096,58849902,441,2,customer;nation;orders;supplier;lineitem,1344510,257570,0,0,2220,2220,0
2026-08-12T11:10:51Z,D77D6A589C8C4C8B,18.4,queries/tpch/tpch-queries/q07/base.sql,measured,1,4,5,3,1.335,2100.302,17,6,4,1763513,6096,58849902,441,2,customer;nation;orders;supplier;lineitem,1344521,257559,0,0,2219,2219,0
2026-08-12T11:10:51Z,D77D6A589C8C4C8B,18.4,queries/tpch/tpch-queries/q07/base.sql,measured,1,5,5,3,1.340,2172.058,17,6,4,1763513,6096,58849902,441,2,customer;nation;orders;supplier;lineitem,1344487,257593,0,0,2220,2220,0
2026-08-12T11:11:02Z,D77D6A589C8C4C8B,18.4,queries/tpch/tpch-queries/q07/base.sql,measured,2,1,5,3,4.481,2188.593,17,6,4,1763513,6096,58849902,441,2,customer;nation;orders;supplier;lineitem,1344474,257606,0,0,2220,2220,0
2026-08-12T11:11:02Z,D77D6A589C8C4C8B,18.4,queries/tpch/tpch-queries/q07/base.sql,measured,2,2,5,3,1.391,2189.996,17,6,4,1763513,6096,58849902,441,2,customer;nation;orders;supplier;lineitem,1344502,257578,0,0,2219,2219,0
2026-08-12T11:11:02Z,D77D6A589C8C4C8B,18.4,queries/tpch/tpch-queries/q07/base.sql,measured,2,3,5,3,1.293,2094.021,17,6,4,1763513,6096,58849902,441,2,customer;nation;orders;supplier;lineitem,1344511,257569,0,0,2220,2220,0
2026-08-12T11:11:02Z,D77D6A589C8C4C8B,18.4,queries/tpch/tpch-queries/q07/base.sql,measured,2,4,5,3,1.361,2112.108,17,6,4,1763513,6096,58849902,441,2,customer;nation;orders;supplier;lineitem,1344495,257585,0,0,2220,2220,0
2026-08-12T11:11:02Z,D77D6A589C8C4C8B,18.4,queries/tpch/tpch-queries/q07/base.sql,measured,2,5,5,3,1.264,2183.445,17,6,4,1763513,6096,58849902,441,2,customer;nation;orders;supplier;lineitem,1344483,257597,0,0,2219,2219,0
2026-08-12T11:11:13Z,D77D6A589C8C4C8B,18.4,queries/tpch/tpch-queries/q07/base.sql,measured,3,1,5,3,3.173,2171.886,17,6,4,1763513,6096,58849902,441,2,customer;nation;orders;supplier;lineitem,1344483,257597,0,0,2220,2220,0
2026-08-12T11:11:13Z,D77D6A589C8C4C8B,18.4,queries/tpch/tpch-queries/q07/base.sql,measured,3,2,5,3,1.427,2184.445,17,6,4,1763513,6096,58849902,441,2,customer;nation;orders;supplier;lineitem,1344473,257607,0,0,2220,2220,0
2026-08-12T11:11:13Z,D77D6A589C8C4C8B,18.4,queries/tpch/tpch-queries/q07/base.sql,measured,3,3,5,3,1.278,2129.511,17,6,4,1763513,6096,58849902,441,2,customer;nation;orders;supplier;lineitem,1344478,257602,0,0,2220,2220,0
2026-08-12T11:11:13Z,D77D6A589C8C4C8B,18.4,queries/tpch/tpch-queries/q07/base.sql,measured,3,4,5,3,1.317,2147.373,17,6,4,1763513,6096,58849902,441,2,customer;nation;orders;supplier;lineitem,1344536,257544,0,0,2220,2220,0
2026-08-12T11:11:13Z,D77D6A589C8C4C8B,18.4,queries/tpch/tpch-queries/q07/base.sql,measured,3,5,5,3,1.310,2102.659,17,6,4,1763513,6096,58849902,441,2,customer;nation;orders;supplier;lineitem,1344527,257553,0,0,2219,2219,0
2026-08-12T11:11:15Z,D77D6A589C8C4C8B,18.4,queries/tpch/tpch-queries/q07/v1_materialized.sql,warmup,1,1,1,3,3.936,2173.696,18,7,4,1763517,6096,58850990,441,2,_m;customer;nation;orders;supplier;lineitem,1344523,257557,0,0,2220,2220,0
2026-08-12T11:11:18Z,D77D6A589C8C4C8B,18.4,queries/tpch/tpch-queries/q07/v1_materialized.sql,warmup,2,1,1,3,4.383,2242.275,18,7,4,1763517,6096,58850990,441,2,_m;customer;nation;orders;supplier;lineitem,1344500,257580,0,0,2219,2219,0
2026-08-12T11:11:29Z,D77D6A589C8C4C8B,18.4,queries/tpch/tpch-queries/q07/v1_materialized.sql,measured,1,1,5,3,4.468,2171.140,18,7,4,1763517,6096,58850990,441,2,_m;customer;nation;orders;supplier;lineitem,1344468,257612,0,0,2220,2220,0
2026-08-12T11:11:29Z,D77D6A589C8C4C8B,18.4,queries/tpch/tpch-queries/q07/v1_materialized.sql,measured,1,2,5,3,1.952,2161.005,18,7,4,1763517,6096,58850990,441,2,_m;customer;nation;orders;supplier;lineitem,1344477,257603,0,0,2220,2220,0
2026-08-12T11:11:29Z,D77D6A589C8C4C8B,18.4,queries/tpch/tpch-queries/q07/v1_materialized.sql,measured,1,3,5,3,1.366,2096.041,18,7,4,1763517,6096,58850990,441,2,_m;customer;nation;orders;supplier;lineitem,1344507,257573,0,0,2220,2220,0
2026-08-12T11:11:29Z,D77D6A589C8C4C8B,18.4,queries/tpch/tpch-queries/q07/v1_materialized.sql,measured,1,4,5,3,1.315,2109.299,18,7,4,1763517,6096,58850990,441,2,_m;customer;nation;orders;supplier;lineitem,1344482,257598,0,0,2219,2219,0
2026-08-12T11:11:29Z,D77D6A589C8C4C8B,18.4,queries/tpch/tpch-queries/q07/v1_materialized.sql,measured,1,5,5,3,1.338,2090.296,18,7,4,1763517,6096,58850990,441,2,_m;customer;nation;orders;supplier;lineitem,1344504,257576,0,0,2220,2220,0
2026-08-12T11:11:40Z,D77D6A589C8C4C8B,18.4,queries/tpch/tpch-queries/q07/v1_materialized.sql,measured,2,1,5,3,4.582,2237.850,18,7,4,1763517,6096,58850990,441,2,_m;customer;nation;orders;supplier;lineitem,1344496,257584,0,0,2220,2220,0
2026-08-12T11:11:40Z,D77D6A589C8C4C8B,18.4,queries/tpch/tpch-queries/q07/v1_materialized.sql,measured,2,2,5,3,1.443,2134.013,18,7,4,1763517,6096,58850990,441,2,_m;customer;nation;orders;supplier;lineitem,1344507,257573,0,0,2219,2219,0
2026-08-12T11:11:40Z,D77D6A589C8C4C8B,18.4,queries/tpch/tpch-queries/q07/v1_materialized.sql,measured,2,3,5,3,1.334,2121.086,18,7,4,1763517,6096,58850990,441,2,_m;customer;nation;orders;supplier;lineitem,1344479,257601,0,0,2220,2220,0
2026-08-12T11:11:40Z,D77D6A589C8C4C8B,18.4,queries/tpch/tpch-queries/q07/v1_materialized.sql,measured,2,4,5,3,1.363,2187.944,18,7,4,1763517,6096,58850990,441,2,_m;customer;nation;orders;supplier;lineitem,1344479,257601,0,0,2220,2220,0
2026-08-12T11:11:40Z,D77D6A589C8C4C8B,18.4,queries/tpch/tpch-queries/q07/v1_materialized.sql,measured,2,5,5,3,1.305,2137.169,18,7,4,1763517,6096,58850990,441,2,_m;customer;nation;orders;supplier;lineitem,1344500,257580,0,0,2219,2219,0
2026-08-12T11:11:51Z,D77D6A589C8C4C8B,18.4,queries/tpch/tpch-queries/q07/v1_materialized.sql,measured,3,1,5,3,5.009,2242.141,18,7,4,1763517,6096,58850990,441,2,_m;customer;nation;orders;supplier;lineitem,1344507,257573,0,0,2220,2220,0
2026-08-12T11:11:51Z,D77D6A589C8C4C8B,18.4,queries/tpch/tpch-queries/q07/v1_materialized.sql,measured,3,2,5,3,1.406,2107.407,18,7,4,1763517,6096,58850990,441,2,_m;customer;nation;orders;supplier;lineitem,1344494,257586,0,0,2219,2219,0
2026-08-12T11:11:51Z,D77D6A589C8C4C8B,18.4,queries/tpch/tpch-queries/q07/v1_materialized.sql,measured,3,3,5,3,1.373,2178.675,18,7,4,1763517,6096,58850990,441,2,_m;customer;nation;orders;supplier;lineitem,1344477,257603,0,0,2219,2219,0
2026-08-12T11:11:51Z,D77D6A589C8C4C8B,18.4,queries/tpch/tpch-queries/q07/v1_materialized.sql,measured,3,4,5,3,1.351,2177.088,18,7,4,1763517,6096,58850990,441,2,_m;customer;nation;orders;supplier;lineitem,1344493,257587,0,0,2220,2220,0
2026-08-12T11:11:51Z,D77D6A589C8C4C8B,18.4,queries/tpch/tpch-queries/q07/v1_materialized.sql,measured,3,5,5,3,1.363,2191.794,18,7,4,1763517,6096,58850990,441,2,_m;customer;nation;orders;supplier;lineitem,1344454,257626,0,0,2220,2220,0
2026-08-12T11:11:52Z,D77D6A589C8C4C8B,18.4,queries/tpch/tpch-queries/q07/v2_union_all.sql,warmup,1,1,1,3,4.174,1592.835,33,14,4,1447888,586,43199860,930,2,customer;nation;orders;supplier;ixtest_supplier_nationkey;lineitem,703779,419494,0,0,0,0,0
2026-08-12T11:11:54Z,D77D6A589C8C4C8B,18.4,queries/tpch/tpch-queries/q07/v2_union_all.sql,warmup,2,1,1,3,3.267,1486.786,33,14,4,1447888,586,43199860,930,2,customer;nation;orders;supplier;ixtest_supplier_nationkey;lineitem,726238,397035,0,0,0,0,0
2026-08-12T11:12:01Z,D77D6A589C8C4C8B,18.4,queries/tpch/tpch-queries/q07/v2_union_all.sql,measured,1,1,5,3,3.273,1486.103,33,14,4,1447888,586,43199860,930,2,customer;nation;orders;supplier;ixtest_supplier_nationkey;lineitem,724319,398951,0,0,0,0,0
2026-08-12T11:12:01Z,D77D6A589C8C4C8B,18.4,queries/tpch/tpch-queries/q07/v2_union_all.sql,measured,1,2,5,3,1.503,1477.116,33,14,4,1447887,586,43199744,930,2,customer;nation;orders;supplier;ixtest_supplier_nationkey;lineitem,744812,378462,0,0,0,0,0
2026-08-12T11:12:01Z,D77D6A589C8C4C8B,18.4,queries/tpch/tpch-queries/q07/v2_union_all.sql,measured,1,3,5,3,1.495,1476.885,33,14,4,1447888,586,43199860,930,2,customer;nation;orders;supplier;ixtest_supplier_nationkey;lineitem,746369,376905,0,0,0,0,0
2026-08-12T11:12:01Z,D77D6A589C8C4C8B,18.4,queries/tpch/tpch-queries/q07/v2_union_all.sql,measured,1,4,5,3,1.446,1489.024,33,14,4,1447887,586,43199744,930,2,customer;nation;orders;supplier;ixtest_supplier_nationkey;lineitem,744972,378302,0,0,0,0,0
2026-08-12T11:12:01Z,D77D6A589C8C4C8B,18.4,queries/tpch/tpch-queries/q07/v2_union_all.sql,measured,1,5,5,3,1.477,1478.992,33,14,4,1447887,586,43199744,930,2,customer;nation;orders;supplier;ixtest_supplier_nationkey;lineitem,746877,376397,0,0,0,0,0
2026-08-12T11:12:09Z,D77D6A589C8C4C8B,18.4,queries/tpch/tpch-queries/q07/v2_union_all.sql,measured,2,1,5,3,3.264,1495.290,33,14,4,1447888,586,43199860,930,2,customer;nation;orders;supplier;ixtest_supplier_nationkey;lineitem,732027,391243,0,0,0,0,0
2026-08-12T11:12:09Z,D77D6A589C8C4C8B,18.4,queries/tpch/tpch-queries/q07/v2_union_all.sql,measured,2,2,5,3,1.532,1474.605,33,14,4,1447887,586,43199744,930,2,customer;nation;orders;supplier;ixtest_supplier_nationkey;lineitem,744938,378336,0,0,0,0,0
2026-08-12T11:12:09Z,D77D6A589C8C4C8B,18.4,queries/tpch/tpch-queries/q07/v2_union_all.sql,measured,2,3,5,3,1.479,1471.645,33,14,4,1447886,586,43199628,930,2,customer;nation;orders;supplier;ixtest_supplier_nationkey;lineitem,745950,377324,0,0,0,0,0
2026-08-12T11:12:09Z,D77D6A589C8C4C8B,18.4,queries/tpch/tpch-queries/q07/v2_union_all.sql,measured,2,4,5,3,1.520,1471.559,33,14,4,1447887,586,43199744,930,2,customer;nation;orders;supplier;ixtest_supplier_nationkey;lineitem,746476,376798,0,0,0,0,0
2026-08-12T11:12:09Z,D77D6A589C8C4C8B,18.4,queries/tpch/tpch-queries/q07/v2_union_all.sql,measured,2,5,5,3,1.479,1472.964,33,14,4,1447888,586,43199860,930,2,customer;nation;orders;supplier;ixtest_supplier_nationkey;lineitem,745472,377802,0,0,0,0,0
2026-08-12T11:12:16Z,D77D6A589C8C4C8B,18.4,queries/tpch/tpch-queries/q07/v2_union_all.sql,measured,3,1,5,3,3.259,1485.508,33,14,4,1447888,586,43199860,930,2,customer;nation;orders;supplier;ixtest_supplier_nationkey;lineitem,725005,398265,0,0,0,0,0
2026-08-12T11:12:16Z,D77D6A589C8C4C8B,18.4,queries/tpch/tpch-queries/q07/v2_union_all.sql,measured,3,2,5,3,1.537,1485.844,33,14,4,1447886,586,43199628,930,2,customer;nation;orders;supplier;ixtest_supplier_nationkey;lineitem,745487,377787,0,0,0,0,0
2026-08-12T11:12:16Z,D77D6A589C8C4C8B,18.4,queries/tpch/tpch-queries/q07/v2_union_all.sql,measured,3,3,5,3,1.476,1486.345,33,14,4,1447887,586,43199744,930,2,customer;nation;orders;supplier;ixtest_supplier_nationkey;lineitem,745448,377826,0,0,0,0,0
2026-08-12T11:12:16Z,D77D6A589C8C4C8B,18.4,queries/tpch/tpch-queries/q07/v2_union_all.sql,measured,3,4,5,3,1.470,1477.030,33,14,4,1447887,586,43199744,930,2,customer;nation;orders;supplier;ixtest_supplier_nationkey;lineitem,746913,376361,0,0,0,0,0
2026-08-12T11:12:16Z,D77D6A589C8C4C8B,18.4,queries/tpch/tpch-queries/q07/v2_union_all.sql,measured,3,5,5,3,1.470,1461.118,33,14,4,1447886,586,43199628,930,2,customer;nation;orders;supplier;ixtest_supplier_nationkey;lineitem,747022,376252,0,0,0,0,0
2026-08-12T11:12:17Z,D77D6A589C8C4C8B,18.4,queries/tpch/tpch-queries/q08/base.sql,warmup,1,1,1,3,3.793,229.142,21,8,2,144711,2406,3350726,66188,2,part;lineitem;orders;customer;nation;region;supplier,225413,62927,0,0,0,0,0
2026-08-12T11:12:17Z,D77D6A589C8C4C8B,18.4,queries/tpch/tpch-queries/q08/base.sql,warmup,2,1,1,3,3.520,200.785,21,8,2,144711,2406,3350726,66188,2,part;lineitem;orders;customer;nation;region;supplier,244825,43515,0,0,0,0,0
2026-08-12T11:12:18Z,D77D6A589C8C4C8B,18.4,queries/tpch/tpch-queries/q08/base.sql,measured,1,1,5,3,3.979,202.776,21,8,2,144711,2406,3350726,66188,2,part;lineitem;orders;customer;nation;region;supplier,243460,44880,0,0,0,0,0
2026-08-12T11:12:18Z,D77D6A589C8C4C8B,18.4,queries/tpch/tpch-queries/q08/base.sql,measured,1,2,5,3,1.853,198.210,21,8,2,144711,2406,3350726,66188,2,part;lineitem;orders;customer;nation;region;supplier,240917,47423,0,0,0,0,0
2026-08-12T11:12:18Z,D77D6A589C8C4C8B,18.4,queries/tpch/tpch-queries/q08/base.sql,measured,1,3,5,3,1.866,204.359,21,8,2,144711,2406,3350726,66188,2,part;lineitem;orders;customer;nation;region;supplier,237598,50742,0,0,0,0,0
2026-08-12T11:12:18Z,D77D6A589C8C4C8B,18.4,queries/tpch/tpch-queries/q08/base.sql,measured,1,4,5,3,1.864,195.182,21,8,2,144711,2406,3350726,66188,2,part;lineitem;orders;customer;nation;region;supplier,243431,44909,0,0,0,0,0
2026-08-12T11:12:18Z,D77D6A589C8C4C8B,18.4,queries/tpch/tpch-queries/q08/base.sql,measured,1,5,5,3,1.858,199.172,21,8,2,144711,2406,3350726,66188,2,part;lineitem;orders;customer;nation;region;supplier,242882,45458,0,0,0,0,0
2026-08-12T11:12:19Z,D77D6A589C8C4C8B,18.4,queries/tpch/tpch-queries/q08/base.sql,measured,2,1,5,3,5.949,220.604,21,8,2,144711,2406,3350726,66188,2,part;lineitem;orders;customer;nation;region;supplier,240586,47754,0,0,0,0,0
2026-08-12T11:12:19Z,D77D6A589C8C4C8B,18.4,queries/tpch/tpch-queries/q08/base.sql,measured,2,2,5,3,1.808,199.444,21,8,2,144711,2406,3350726,66188,2,part;lineitem;orders;customer;nation;region;supplier,238412,49928,0,0,0,0,0
2026-08-12T11:12:19Z,D77D6A589C8C4C8B,18.4,queries/tpch/tpch-queries/q08/base.sql,measured,2,3,5,3,1.810,194.174,21,8,2,144711,2406,3350726,66188,2,part;lineitem;orders;customer;nation;region;supplier,243360,44980,0,0,0,0,0
2026-08-12T11:12:19Z,D77D6A589C8C4C8B,18.4,queries/tpch/tpch-queries/q08/base.sql,measured,2,4,5,3,1.778,195.388,21,8,2,144711,2406,3350726,66188,2,part;lineitem;orders;customer;nation;region;supplier,242540,45800,0,0,0,0,0
2026-08-12T11:12:19Z,D77D6A589C8C4C8B,18.4,queries/tpch/tpch-queries/q08/base.sql,measured,2,5,5,3,1.900,199.689,21,8,2,144711,2406,3350726,66188,2,part;lineitem;orders;customer;nation;region;supplier,240312,48028,0,0,0,0,0
2026-08-12T11:12:20Z,D77D6A589C8C4C8B,18.4,queries/tpch/tpch-queries/q08/base.sql,measured,3,1,5,3,5.260,212.024,21,8,2,144711,2406,3350726,66188,2,part;lineitem;orders;customer;nation;region;supplier,239029,49311,0,0,0,0,0
2026-08-12T11:12:20Z,D77D6A589C8C4C8B,18.4,queries/tpch/tpch-queries/q08/base.sql,measured,3,2,5,3,1.822,194.908,21,8,2,144711,2406,3350726,66188,2,part;lineitem;orders;customer;nation;region;supplier,243254,45086,0,0,0,0,0
2026-08-12T11:12:20Z,D77D6A589C8C4C8B,18.4,queries/tpch/tpch-queries/q08/base.sql,measured,3,3,5,3,1.850,197.677,21,8,2,144711,2406,3350726,66188,2,part;lineitem;orders;customer;nation;region;supplier,242222,46118,0,0,0,0,0
2026-08-12T11:12:20Z,D77D6A589C8C4C8B,18.4,queries/tpch/tpch-queries/q08/base.sql,measured,3,4,5,3,1.842,198.394,21,8,2,144711,2406,3350726,66188,2,part;lineitem;orders;customer;nation;region;supplier,240180,48160,0,0,0,0,0
2026-08-12T11:12:20Z,D77D6A589C8C4C8B,18.4,queries/tpch/tpch-queries/q08/base.sql,measured,3,5,5,3,1.869,196.847,21,8,2,144711,2406,3350726,66188,2,part;lineitem;orders;customer;nation;region;supplier,239418,48922,0,0,0,0,0
2026-08-12T11:12:21Z,D77D6A589C8C4C8B,18.4,queries/tpch/tpch-queries/q08/v1_materialized.sql,warmup,1,1,1,3,5.290,222.009,22,9,2,144713,2406,3350854,66188,2,_m;part;lineitem;orders;customer;nation;region;supplier,243101,45239,0,0,0,0,0
2026-08-12T11:12:21Z,D77D6A589C8C4C8B,18.4,queries/tpch/tpch-queries/q08/v1_materialized.sql,warmup,2,1,1,3,3.637,205.671,22,9,2,144713,2406,3350854,66188,2,_m;part;lineitem;orders;customer;nation;region;supplier,242146,46194,0,0,0,0,0
2026-08-12T11:12:22Z,D77D6A589C8C4C8B,18.4,queries/tpch/tpch-queries/q08/v1_materialized.sql,measured,1,1,5,3,3.684,209.217,22,9,2,144713,2406,3350854,66188,2,_m;part;lineitem;orders;customer;nation;region;supplier,240221,48119,0,0,0,0,0
2026-08-12T11:12:22Z,D77D6A589C8C4C8B,18.4,queries/tpch/tpch-queries/q08/v1_materialized.sql,measured,1,2,5,3,2.007,201.333,22,9,2,144713,2406,3350854,66188,2,_m;part;lineitem;orders;customer;nation;region;supplier,240295,48045,0,0,0,0,0
2026-08-12T11:12:22Z,D77D6A589C8C4C8B,18.4,queries/tpch/tpch-queries/q08/v1_materialized.sql,measured,1,3,5,3,1.876,194.684,22,9,2,144713,2406,3350854,66188,2,_m;part;lineitem;orders;customer;nation;region;supplier,242917,45423,0,0,0,0,0
2026-08-12T11:12:22Z,D77D6A589C8C4C8B,18.4,queries/tpch/tpch-queries/q08/v1_materialized.sql,measured,1,4,5,3,1.888,197.207,22,9,2,144713,2406,3350854,66188,2,_m;part;lineitem;orders;customer;nation;region;supplier,241895,46445,0,0,0,0,0
2026-08-12T11:12:22Z,D77D6A589C8C4C8B,18.4,queries/tpch/tpch-queries/q08/v1_materialized.sql,measured,1,5,5,3,1.933,203.069,22,9,2,144713,2406,3350854,66188,2,_m;part;lineitem;orders;customer;nation;region;supplier,239887,48453,0,0,0,0,0
2026-08-12T11:12:23Z,D77D6A589C8C4C8B,18.4,queries/tpch/tpch-queries/q08/v1_materialized.sql,measured,2,1,5,3,4.006,217.251,22,9,2,144713,2406,3350854,66188,2,_m;part;lineitem;orders;customer;nation;region;supplier,240277,48063,0,0,0,0,0
2026-08-12T11:12:23Z,D77D6A589C8C4C8B,18.4,queries/tpch/tpch-queries/q08/v1_materialized.sql,measured,2,2,5,3,1.996,199.825,22,9,2,144713,2406,3350854,66188,2,_m;part;lineitem;orders;customer;nation;region;supplier,242771,45569,0,0,0,0,0
2026-08-12T11:12:23Z,D77D6A589C8C4C8B,18.4,queries/tpch/tpch-queries/q08/v1_materialized.sql,measured,2,3,5,3,1.738,198.650,22,9,2,144713,2406,3350854,66188,2,_m;part;lineitem;orders;customer;nation;region;supplier,241592,46748,0,0,0,0,0
2026-08-12T11:12:23Z,D77D6A589C8C4C8B,18.4,queries/tpch/tpch-queries/q08/v1_materialized.sql,measured,2,4,5,3,1.823,201.263,22,9,2,144713,2406,3350854,66188,2,_m;part;lineitem;orders;customer;nation;region;supplier,240430,47910,0,0,0,0,0
2026-08-12T11:12:23Z,D77D6A589C8C4C8B,18.4,queries/tpch/tpch-queries/q08/v1_materialized.sql,measured,2,5,5,3,1.893,196.472,22,9,2,144713,2406,3350854,66188,2,_m;part;lineitem;orders;customer;nation;region;supplier,240605,47735,0,0,0,0,0
2026-08-12T11:12:24Z,D77D6A589C8C4C8B,18.4,queries/tpch/tpch-queries/q08/v1_materialized.sql,measured,3,1,5,3,6.304,222.637,22,9,2,144713,2406,3350854,66188,2,_m;part;lineitem;orders;customer;nation;region;supplier,242740,45600,0,0,0,0,0
2026-08-12T11:12:24Z,D77D6A589C8C4C8B,18.4,queries/tpch/tpch-queries/q08/v1_materialized.sql,measured,3,2,5,3,1.864,196.185,22,9,2,144713,2406,3350854,66188,2,_m;part;lineitem;orders;customer;nation;region;supplier,241547,46793,0,0,0,0,0
2026-08-12T11:12:24Z,D77D6A589C8C4C8B,18.4,queries/tpch/tpch-queries/q08/v1_materialized.sql,measured,3,3,5,3,1.943,203.049,22,9,2,144713,2406,3350854,66188,2,_m;part;lineitem;orders;customer;nation;region;supplier,239877,48463,0,0,0,0,0
2026-08-12T11:12:24Z,D77D6A589C8C4C8B,18.4,queries/tpch/tpch-queries/q08/v1_materialized.sql,measured,3,4,5,3,1.974,199.070,22,9,2,144713,2406,3350854,66188,2,_m;part;lineitem;orders;customer;nation;region;supplier,240821,47519,0,0,0,0,0
2026-08-12T11:12:24Z,D77D6A589C8C4C8B,18.4,queries/tpch/tpch-queries/q08/v1_materialized.sql,measured,3,5,5,3,1.863,195.862,22,9,2,144713,2406,3350854,66188,2,_m;part;lineitem;orders;customer;nation;region;supplier,242615,45725,0,0,0,0,0
2026-08-12T11:12:25Z,D77D6A589C8C4C8B,18.4,queries/tpch/tpch-queries/q08/v2_filter.sql,warmup,1,1,1,3,3.774,207.468,21,8,2,144711,2406,3350726,66188,2,part;lineitem;orders;customer;nation;region;supplier,241460,46880,0,0,0,0,0
2026-08-12T11:12:25Z,D77D6A589C8C4C8B,18.4,queries/tpch/tpch-queries/q08/v2_filter.sql,warmup,2,1,1,3,5.100,214.859,21,8,2,144711,2406,3350726,66188,2,part;lineitem;orders;customer;nation;region;supplier,240043,48297,0,0,0,0,0
2026-08-12T11:12:26Z,D77D6A589C8C4C8B,18.4,queries/tpch/tpch-queries/q08/v2_filter.sql,measured,1,1,5,3,4.893,215.276,21,8,2,144711,2406,3350726,66188,2,part;lineitem;orders;customer;nation;region;supplier,241522,46818,0,0,0,0,0
2026-08-12T11:12:26Z,D77D6A589C8C4C8B,18.4,queries/tpch/tpch-queries/q08/v2_filter.sql,measured,1,2,5,3,1.995,199.646,21,8,2,144711,2406,3350726,66188,2,part;lineitem;orders;customer;nation;region;supplier,242466,45874,0,0,0,0,0
2026-08-12T11:12:26Z,D77D6A589C8C4C8B,18.4,queries/tpch/tpch-queries/q08/v2_filter.sql,measured,1,3,5,3,1.910,200.792,21,8,2,144711,2406,3350726,66188,2,part;lineitem;orders;customer;nation;region;supplier,241208,47132,0,0,0,0,0
2026-08-12T11:12:26Z,D77D6A589C8C4C8B,18.4,queries/tpch/tpch-queries/q08/v2_filter.sql,measured,1,4,5,3,1.815,198.840,21,8,2,144711,2406,3350726,66188,2,part;lineitem;orders;customer;nation;region;supplier,240227,48113,0,0,0,0,0
2026-08-12T11:12:26Z,D77D6A589C8C4C8B,18.4,queries/tpch/tpch-queries/q08/v2_filter.sql,measured,1,5,5,3,1.853,200.467,21,8,2,144711,2406,3350726,66188,2,part;lineitem;orders;customer;nation;region;supplier,240968,47372,0,0,0,0,0
2026-08-12T11:12:27Z,D77D6A589C8C4C8B,18.4,queries/tpch/tpch-queries/q08/v2_filter.sql,measured,2,1,5,3,5.686,219.850,21,8,2,144711,2406,3350726,66188,2,part;lineitem;orders;customer;nation;region;supplier,242428,45912,0,0,0,0,0
2026-08-12T11:12:27Z,D77D6A589C8C4C8B,18.4,queries/tpch/tpch-queries/q08/v2_filter.sql,measured,2,2,5,3,1.929,205.196,21,8,2,144711,2406,3350726,66188,2,part;lineitem;orders;customer;nation;region;supplier,241057,47283,0,0,0,0,0
2026-08-12T11:12:27Z,D77D6A589C8C4C8B,18.4,queries/tpch/tpch-queries/q08/v2_filter.sql,measured,2,3,5,3,1.909,200.938,21,8,2,144711,2406,3350726,66188,2,part;lineitem;orders;customer;nation;region;supplier,240416,47924,0,0,0,0,0
2026-08-12T11:12:27Z,D77D6A589C8C4C8B,18.4,queries/tpch/tpch-queries/q08/v2_filter.sql,measured,2,4,5,3,1.718,199.024,21,8,2,144711,2406,3350726,66188,2,part;lineitem;orders;customer;nation;region;supplier,240955,47385,0,0,0,0,0
2026-08-12T11:12:27Z,D77D6A589C8C4C8B,18.4,queries/tpch/tpch-queries/q08/v2_filter.sql,measured,2,5,5,3,1.874,200.754,21,8,2,144711,2406,3350726,66188,2,part;lineitem;orders;customer;nation;region;supplier,242395,45945,0,0,0,0,0
2026-08-12T11:12:28Z,D77D6A589C8C4C8B,18.4,queries/tpch/tpch-queries/q08/v2_filter.sql,measured,3,1,5,3,5.708,218.584,21,8,2,144711,2406,3350726,66188,2,part;lineitem;orders;customer;nation;region;supplier,241265,47075,0,0,0,0,0
2026-08-12T11:12:28Z,D77D6A589C8C4C8B,18.4,queries/tpch/tpch-queries/q08/v2_filter.sql,measured,3,2,5,3,2.025,203.314,21,8,2,144711,2406,3350726,66188,2,part;lineitem;orders;customer;nation;region;supplier,240449,47891,0,0,0,0,0
2026-08-12T11:12:28Z,D77D6A589C8C4C8B,18.4,queries/tpch/tpch-queries/q08/v2_filter.sql,measured,3,3,5,3,1.874,198.888,21,8,2,144711,2406,3350726,66188,2,part;lineitem;orders;customer;nation;region;supplier,241190,47150,0,0,0,0,0
2026-08-12T11:12:28Z,D77D6A589C8C4C8B,18.4,queries/tpch/tpch-queries/q08/v2_filter.sql,measured,3,4,5,3,1.778,194.949,21,8,2,144711,2406,3350726,66188,2,part;lineitem;orders;customer;nation;region;supplier,242352,45988,0,0,0,0,0
2026-08-12T11:12:28Z,D77D6A589C8C4C8B,18.4,queries/tpch/tpch-queries/q08/v2_filter.sql,measured,3,5,5,3,1.864,197.573,21,8,2,144711,2406,3350726,66188,2,part;lineitem;orders;customer;nation;region;supplier,241092,47248,0,0,0,0,0
2026-08-12T11:12:30Z,D77D6A589C8C4C8B,18.4,queries/tpch/tpch-queries/q09/base.sql,warmup,1,1,1,3,5.964,1510.337,15,6,175,2950121,48,123794846,63112,2,part;partsupp;lineitem;supplier;orders;nation,2435639,295066,0,0,2601,2607,0
2026-08-12T11:12:32Z,D77D6A589C8C4C8B,18.4,queries/tpch/tpch-queries/q09/base.sql,warmup,2,1,1,3,4.649,1525.031,15,6,175,2950121,48,123794846,63112,2,part;partsupp;lineitem;supplier;orders;nation,2440448,290257,0,0,2601,2607,0
2026-08-12T11:12:39Z,D77D6A589C8C4C8B,18.4,queries/tpch/tpch-queries/q09/base.sql,measured,1,1,5,3,4.614,1497.246,15,6,175,2950121,48,123794846,63112,2,part;partsupp;lineitem;supplier;orders;nation,2440375,290330,0,0,2601,2607,0
2026-08-12T11:12:39Z,D77D6A589C8C4C8B,18.4,queries/tpch/tpch-queries/q09/base.sql,measured,1,2,5,3,2.533,1490.301,15,6,175,2950121,48,123794846,63112,2,part;partsupp;lineitem;supplier;orders;nation,2440303,290402,0,0,2602,2608,0
2026-08-12T11:12:39Z,D77D6A589C8C4C8B,18.4,queries/tpch/tpch-queries/q09/base.sql,measured,1,3,5,3,2.403,1443.415,15,6,175,2950121,48,123794846,63112,2,part;partsupp;lineitem;supplier;orders;nation,2440383,290322,0,0,2601,2607,0
2026-08-12T11:12:39Z,D77D6A589C8C4C8B,18.4,queries/tpch/tpch-queries/q09/base.sql,measured,1,4,5,3,2.408,1441.534,15,6,175,2950121,48,123794846,63112,2,part;partsupp;lineitem;supplier;orders;nation,2440552,290153,0,0,2602,2608,0
2026-08-12T11:12:39Z,D77D6A589C8C4C8B,18.4,queries/tpch/tpch-queries/q09/base.sql,measured,1,5,5,3,2.471,1477.259,15,6,175,2950121,48,123794846,63112,2,part;partsupp;lineitem;supplier;orders;nation,2440589,290116,0,0,2601,2607,0
2026-08-12T11:12:47Z,D77D6A589C8C4C8B,18.4,queries/tpch/tpch-queries/q09/base.sql,measured,2,1,5,3,4.636,1574.510,15,6,175,2950121,48,123794846,63112,2,part;partsupp;lineitem;supplier;orders;nation,2440406,290299,0,0,2601,2607,0
2026-08-12T11:12:47Z,D77D6A589C8C4C8B,18.4,queries/tpch/tpch-queries/q09/base.sql,measured,2,2,5,3,2.524,1504.979,15,6,175,2950121,48,123794846,63112,2,part;partsupp;lineitem;supplier;orders;nation,2440436,290269,0,0,2602,2608,0
2026-08-12T11:12:47Z,D77D6A589C8C4C8B,18.4,queries/tpch/tpch-queries/q09/base.sql,measured,2,3,5,3,2.381,1449.307,15,6,175,2950121,48,123794846,63112,2,part;partsupp;lineitem;supplier;orders;nation,2440656,290049,0,0,2601,2607,0
2026-08-12T11:12:47Z,D77D6A589C8C4C8B,18.4,queries/tpch/tpch-queries/q09/base.sql,measured,2,4,5,3,2.392,1462.383,15,6,175,2950121,48,123794846,63112,2,part;partsupp;lineitem;supplier;orders;nation,2440432,290273,0,0,2601,2607,0
2026-08-12T11:12:47Z,D77D6A589C8C4C8B,18.4,queries/tpch/tpch-queries/q09/base.sql,measured,2,5,5,3,2.446,1508.415,15,6,175,2950121,48,123794846,63112,2,part;partsupp;lineitem;supplier;orders;nation,2440470,290235,0,0,2602,2608,0
2026-08-12T11:12:54Z,D77D6A589C8C4C8B,18.4,queries/tpch/tpch-queries/q09/base.sql,measured,3,1,5,3,4.588,1472.049,15,6,175,2950121,48,123794846,63112,2,part;partsupp;lineitem;supplier;orders;nation,2440491,290214,0,0,2601,2607,0
2026-08-12T11:12:54Z,D77D6A589C8C4C8B,18.4,queries/tpch/tpch-queries/q09/base.sql,measured,3,2,5,3,2.462,1460.792,15,6,175,2950121,48,123794846,63112,2,part;partsupp;lineitem;supplier;orders;nation,2440487,290218,0,0,2601,2607,0
2026-08-12T11:12:54Z,D77D6A589C8C4C8B,18.4,queries/tpch/tpch-queries/q09/base.sql,measured,3,3,5,3,2.406,1483.237,15,6,175,2950121,48,123794846,63112,2,part;partsupp;lineitem;supplier;orders;nation,2440611,290094,0,0,2601,2607,0
2026-08-12T11:12:54Z,D77D6A589C8C4C8B,18.4,queries/tpch/tpch-queries/q09/base.sql,measured,3,4,5,3,2.424,1500.953,15,6,175,2950121,48,123794846,63112,2,part;partsupp;lineitem;supplier;orders;nation,2440634,290071,0,0,2600,2606,0
2026-08-12T11:12:54Z,D77D6A589C8C4C8B,18.4,queries/tpch/tpch-queries/q09/base.sql,measured,3,5,5,3,2.393,1461.535,15,6,175,2950121,48,123794846,63112,2,part;partsupp;lineitem;supplier;orders;nation,2440444,290261,0,0,2601,2607,0
2026-08-12T11:12:56Z,D77D6A589C8C4C8B,18.4,queries/tpch/tpch-queries/q09/v1_materialized.sql,warmup,1,1,1,3,4.674,1582.729,17,7,175,2950471,48,123853646,63112,2,part;partsupp;lineitem;supplier;orders;nation;_m,2440307,290398,0,0,2601,2607,0
2026-08-12T11:12:57Z,D77D6A589C8C4C8B,18.4,queries/tpch/tpch-queries/q09/v1_materialized.sql,warmup,2,1,1,3,4.667,1524.483,17,7,175,2950471,48,123853646,63112,2,part;partsupp;lineitem;supplier;orders;nation;_m,2440367,290338,0,0,2602,2608,0
2026-08-12T11:13:05Z,D77D6A589C8C4C8B,18.4,queries/tpch/tpch-queries/q09/v1_materialized.sql,measured,1,1,5,3,4.584,1484.527,17,7,175,2950471,48,123853646,63112,2,part;partsupp;lineitem;supplier;orders;nation;_m,2440367,290338,0,0,2601,2607,0
2026-08-12T11:13:05Z,D77D6A589C8C4C8B,18.4,queries/tpch/tpch-queries/q09/v1_materialized.sql,measured,1,2,5,3,2.499,1476.152,17,7,175,2950471,48,123853646,63112,2,part;partsupp;lineitem;supplier;orders;nation;_m,2440750,289955,0,0,2601,2607,0
2026-08-12T11:13:05Z,D77D6A589C8C4C8B,18.4,queries/tpch/tpch-queries/q09/v1_materialized.sql,measured,1,3,5,3,2.406,1460.065,17,7,175,2950471,48,123853646,63112,2,part;partsupp;lineitem;supplier;orders;nation;_m,2440558,290147,0,0,2601,2607,0
2026-08-12T11:13:05Z,D77D6A589C8C4C8B,18.4,queries/tpch/tpch-queries/q09/v1_materialized.sql,measured,1,4,5,3,2.486,1483.647,17,7,175,2950471,48,123853646,63112,2,part;partsupp;lineitem;supplier;orders;nation;_m,2440571,290134,0,0,2601,2607,0
2026-08-12T11:13:05Z,D77D6A589C8C4C8B,18.4,queries/tpch/tpch-queries/q09/v1_materialized.sql,measured,1,5,5,3,2.413,1443.522,17,7,175,2950471,48,123853646,63112,2,part;partsupp;lineitem;supplier;orders;nation;_m,2440535,290170,0,0,2601,2607,0
2026-08-12T11:13:13Z,D77D6A589C8C4C8B,18.4,queries/tpch/tpch-queries/q09/v1_materialized.sql,measured,2,1,5,3,4.634,1478.295,17,7,175,2950471,48,123853646,63112,2,part;partsupp;lineitem;supplier;orders;nation;_m,2440258,290447,0,0,2601,2607,0
2026-08-12T11:13:13Z,D77D6A589C8C4C8B,18.4,queries/tpch/tpch-queries/q09/v1_materialized.sql,measured,2,2,5,3,2.496,1460.069,17,7,175,2950471,48,123853646,63112,2,part;partsupp;lineitem;supplier;orders;nation;_m,2440496,290209,0,0,2601,2607,0
2026-08-12T11:13:13Z,D77D6A589C8C4C8B,18.4,queries/tpch/tpch-queries/q09/v1_materialized.sql,measured,2,3,5,3,2.402,1467.498,17,7,175,2950471,48,123853646,63112,2,part;partsupp;lineitem;supplier;orders;nation;_m,2440528,290177,0,0,2602,2608,0
2026-08-12T11:13:13Z,D77D6A589C8C4C8B,18.4,queries/tpch/tpch-queries/q09/v1_materialized.sql,measured,2,4,5,3,2.403,1545.589,17,7,175,2950471,48,123853646,63112,2,part;partsupp;lineitem;supplier;orders;nation;_m,2440436,290269,0,0,2602,2608,0
2026-08-12T11:13:13Z,D77D6A589C8C4C8B,18.4,queries/tpch/tpch-queries/q09/v1_materialized.sql,measured,2,5,5,3,2.483,1505.355,17,7,175,2950471,48,123853646,63112,2,part;partsupp;lineitem;supplier;orders;nation;_m,2440431,290274,0,0,2601,2607,0
2026-08-12T11:13:20Z,D77D6A589C8C4C8B,18.4,queries/tpch/tpch-queries/q09/v1_materialized.sql,measured,3,1,5,3,4.871,1498.894,17,7,175,2950471,48,123853646,63112,2,part;partsupp;lineitem;supplier;orders;nation;_m,2440378,290327,0,0,2601,2607,0
2026-08-12T11:13:20Z,D77D6A589C8C4C8B,18.4,queries/tpch/tpch-queries/q09/v1_materialized.sql,measured,3,2,5,3,2.510,1475.566,17,7,175,2950471,48,123853646,63112,2,part;partsupp;lineitem;supplier;orders;nation;_m,2440483,290222,0,0,2601,2607,0
2026-08-12T11:13:20Z,D77D6A589C8C4C8B,18.4,queries/tpch/tpch-queries/q09/v1_materialized.sql,measured,3,3,5,3,2.427,1464.538,17,7,175,2950471,48,123853646,63112,2,part;partsupp;lineitem;supplier;orders;nation;_m,2440424,290281,0,0,2601,2607,0
2026-08-12T11:13:20Z,D77D6A589C8C4C8B,18.4,queries/tpch/tpch-queries/q09/v1_materialized.sql,measured,3,4,5,3,2.411,1476.824,17,7,175,2950471,48,123853646,63112,2,part;partsupp;lineitem;supplier;orders;nation;_m,2440524,290181,0,0,2601,2607,0
2026-08-12T11:13:20Z,D77D6A589C8C4C8B,18.4,queries/tpch/tpch-queries/q09/v1_materialized.sql,measured,3,5,5,3,2.460,1497.781,17,7,175,2950471,48,123853646,63112,2,part;partsupp;lineitem;supplier;orders;nation;_m,2440508,290197,0,0,2601,2607,0
2026-08-12T11:13:21Z,D77D6A589C8C4C8B,18.4,queries/tpch/tpch-queries/q10/base.sql,warmup,1,1,1,3,2.317,428.688,15,5,20,1104663,20,116170137,2,2,customer;orders;ixtest_orders_orderdate;lineitem;nation,194084,64492,0,0,2739,2745,0
2026-08-12T11:13:21Z,D77D6A589C8C4C8B,18.4,queries/tpch/tpch-queries/q10/base.sql,warmup,2,1,1,3,2.142,449.693,15,5,20,1104663,20,116170137,2,2,customer;orders;ixtest_orders_orderdate;lineitem;nation,191622,66954,0,0,2739,2745,0
2026-08-12T11:13:23Z,D77D6A589C8C4C8B,18.4,queries/tpch/tpch-queries/q10/base.sql,measured,1,1,5,3,2.059,393.986,15,5,20,1104663,20,116170137,2,2,customer;orders;ixtest_orders_orderdate;lineitem;nation,194079,64497,0,0,2740,2746,0
2026-08-12T11:13:23Z,D77D6A589C8C4C8B,18.4,queries/tpch/tpch-queries/q10/base.sql,measured,1,2,5,3,0.777,372.184,15,5,20,1104663,20,116170137,2,2,customer;orders;ixtest_orders_orderdate;lineitem;nation,187539,71037,0,0,2739,2744,0
2026-08-12T11:13:23Z,D77D6A589C8C4C8B,18.4,queries/tpch/tpch-queries/q10/base.sql,measured,1,3,5,3,0.737,362.315,15,5,20,1104663,20,116170137,2,2,customer;orders;ixtest_orders_orderdate;lineitem;nation,193448,65128,0,0,2739,2745,0
2026-08-12T11:13:23Z,D77D6A589C8C4C8B,18.4,queries/tpch/tpch-queries/q10/base.sql,measured,1,4,5,3,0.776,377.493,15,5,20,1104663,20,116170137,2,2,customer;orders;ixtest_orders_orderdate;lineitem;nation,187538,71038,0,0,2739,2745,0
2026-08-12T11:13:23Z,D77D6A589C8C4C8B,18.4,queries/tpch/tpch-queries/q10/base.sql,measured,1,5,5,3,0.750,358.931,15,5,20,1104663,20,116170137,2,2,customer;orders;ixtest_orders_orderdate;lineitem;nation,193448,65128,0,0,2738,2744,0
2026-08-12T11:13:25Z,D77D6A589C8C4C8B,18.4,queries/tpch/tpch-queries/q10/base.sql,measured,2,1,5,3,2.396,420.029,15,5,20,1104663,20,116170137,2,2,customer;orders;ixtest_orders_orderdate;lineitem;nation,187539,71037,0,0,2738,2743,0
2026-08-12T11:13:25Z,D77D6A589C8C4C8B,18.4,queries/tpch/tpch-queries/q10/base.sql,measured,2,2,5,3,0.763,394.602,15,5,20,1104663,20,116170137,2,2,customer;orders;ixtest_orders_orderdate;lineitem;nation,193448,65128,0,0,2738,2743,0
2026-08-12T11:13:25Z,D77D6A589C8C4C8B,18.4,queries/tpch/tpch-queries/q10/base.sql,measured,2,3,5,3,0.757,416.322,15,5,20,1104663,20,116170137,2,2,customer;orders;ixtest_orders_orderdate;lineitem;nation,187539,71037,0,0,2738,2743,0
2026-08-12T11:13:25Z,D77D6A589C8C4C8B,18.4,queries/tpch/tpch-queries/q10/base.sql,measured,2,4,5,3,0.757,387.087,15,5,20,1104663,20,116170137,2,2,customer;orders;ixtest_orders_orderdate;lineitem;nation,193446,65130,0,0,2739,2744,0
2026-08-12T11:13:25Z,D77D6A589C8C4C8B,18.4,queries/tpch/tpch-queries/q10/base.sql,measured,2,5,5,3,0.776,395.403,15,5,20,1104663,20,116170137,2,2,customer;orders;ixtest_orders_orderdate;lineitem;nation,187539,71037,0,0,2739,2744,0
2026-08-12T11:13:27Z,D77D6A589C8C4C8B,18.4,queries/tpch/tpch-queries/q10/base.sql,measured,3,1,5,3,2.221,413.865,15,5,20,1104663,20,116170137,2,2,customer;orders;ixtest_orders_orderdate;lineitem;nation,193448,65128,0,0,2738,2743,0
2026-08-12T11:13:27Z,D77D6A589C8C4C8B,18.4,queries/tpch/tpch-queries/q10/base.sql,measured,3,2,5,3,0.787,382.347,15,5,20,1104663,20,116170137,2,2,customer;orders;ixtest_orders_orderdate;lineitem;nation,187539,71037,0,0,2739,2744,0
2026-08-12T11:13:27Z,D77D6A589C8C4C8B,18.4,queries/tpch/tpch-queries/q10/base.sql,measured,3,3,5,3,0.771,360.184,15,5,20,1104663,20,116170137,2,2,customer;orders;ixtest_orders_orderdate;lineitem;nation,193448,65128,0,0,2739,2744,0
2026-08-12T11:13:27Z,D77D6A589C8C4C8B,18.4,queries/tpch/tpch-queries/q10/base.sql,measured,3,4,5,3,0.792,381.576,15,5,20,1104663,20,116170137,2,2,customer;orders;ixtest_orders_orderdate;lineitem;nation,187538,71038,0,0,2739,2744,0
2026-08-12T11:13:27Z,D77D6A589C8C4C8B,18.4,queries/tpch/tpch-queries/q10/base.sql,measured,3,5,5,3,0.753,366.818,15,5,20,1104663,20,116170137,2,2,customer;orders;ixtest_orders_orderdate;lineitem;nation,193447,65129,0,0,2739,2744,0
2026-08-12T11:13:28Z,D77D6A589C8C4C8B,18.4,queries/tpch/tpch-queries/q10/v1_materialized.sql,warmup,1,1,1,3,2.046,433.277,16,6,20,1142630,20,140486577,2,2,customer;orders;ixtest_orders_orderdate;lineitem;nation;_m,187539,71037,0,0,2738,3625,0
2026-08-12T11:13:28Z,D77D6A589C8C4C8B,18.4,queries/tpch/tpch-queries/q10/v1_materialized.sql,warmup,2,1,1,3,1.925,431.485,16,6,20,1142630,20,140486577,2,2,customer;orders;ixtest_orders_orderdate;lineitem;nation;_m,193448,65128,0,0,2739,3627,0
2026-08-12T11:13:30Z,D77D6A589C8C4C8B,18.4,queries/tpch/tpch-queries/q10/v1_materialized.sql,measured,1,1,5,3,2.007,434.879,16,6,20,1142630,20,140486577,2,2,customer;orders;ixtest_orders_orderdate;lineitem;nation;_m,187539,71037,0,0,2738,3625,0
2026-08-12T11:13:30Z,D77D6A589C8C4C8B,18.4,queries/tpch/tpch-queries/q10/v1_materialized.sql,measured,1,2,5,3,0.601,401.857,16,6,20,1142630,20,140486577,2,2,customer;orders;ixtest_orders_orderdate;lineitem;nation;_m,193448,65128,0,0,2738,3625,0
2026-08-12T11:13:30Z,D77D6A589C8C4C8B,18.4,queries/tpch/tpch-queries/q10/v1_materialized.sql,measured,1,3,5,3,0.608,388.903,16,6,20,1142630,20,140486577,2,2,customer;orders;ixtest_orders_orderdate;lineitem;nation;_m,187539,71037,0,0,2739,3626,0
2026-08-12T11:13:30Z,D77D6A589C8C4C8B,18.4,queries/tpch/tpch-queries/q10/v1_materialized.sql,measured,1,4,5,3,0.588,391.070,16,6,20,1142630,20,140486577,2,2,customer;orders;ixtest_orders_orderdate;lineitem;nation;_m,193447,65129,0,0,2738,3625,0
2026-08-12T11:13:30Z,D77D6A589C8C4C8B,18.4,queries/tpch/tpch-queries/q10/v1_materialized.sql,measured,1,5,5,3,0.602,435.008,16,6,20,1142630,20,140486577,2,2,customer;orders;ixtest_orders_orderdate;lineitem;nation;_m,187539,71037,0,0,2738,3625,0
2026-08-12T11:13:32Z,D77D6A589C8C4C8B,18.4,queries/tpch/tpch-queries/q10/v1_materialized.sql,measured,2,1,5,3,2.014,417.703,16,6,20,1142630,20,140486577,2,2,customer;orders;ixtest_orders_orderdate;lineitem;nation;_m,193448,65128,0,0,2739,3627,0
2026-08-12T11:13:32Z,D77D6A589C8C4C8B,18.4,queries/tpch/tpch-queries/q10/v1_materialized.sql,measured,2,2,5,3,0.611,398.275,16,6,20,1142630,20,140486577,2,2,customer;orders;ixtest_orders_orderdate;lineitem;nation;_m,187539,71037,0,0,2739,3627,0
2026-08-12T11:13:32Z,D77D6A589C8C4C8B,18.4,queries/tpch/tpch-queries/q10/v1_materialized.sql,measured,2,3,5,3,0.591,386.951,16,6,20,1142630,20,140486577,2,2,customer;orders;ixtest_orders_orderdate;lineitem;nation;_m,193448,65128,0,0,2739,3626,0
2026-08-12T11:13:32Z,D77D6A589C8C4C8B,18.4,queries/tpch/tpch-queries/q10/v1_materialized.sql,measured,2,4,5,3,0.602,414.898,16,6,20,1142630,20,140486577,2,2,customer;orders;ixtest_orders_orderdate;lineitem;nation;_m,187537,71039,0,0,2738,3625,0
2026-08-12T11:13:32Z,D77D6A589C8C4C8B,18.4,queries/tpch/tpch-queries/q10/v1_materialized.sql,measured,2,5,5,3,0.575,397.233,16,6,20,1142630,20,140486577,2,2,customer;orders;ixtest_orders_orderdate;lineitem;nation;_m,193448,65128,0,0,2739,3626,0
2026-08-12T11:13:35Z,D77D6A589C8C4C8B,18.4,queries/tpch/tpch-queries/q10/v1_materialized.sql,measured,3,1,5,3,2.067,449.123,16,6,20,1142630,20,140486577,2,2,customer;orders;ixtest_orders_orderdate;lineitem;nation;_m,187539,71037,0,0,2737,3624,0
2026-08-12T11:13:35Z,D77D6A589C8C4C8B,18.4,queries/tpch/tpch-queries/q10/v1_materialized.sql,measured,3,2,5,3,0.586,423.082,16,6,20,1142630,20,140486577,2,2,customer;orders;ixtest_orders_orderdate;lineitem;nation;_m,193448,65128,0,0,2739,3627,0
2026-08-12T11:13:35Z,D77D6A589C8C4C8B,18.4,queries/tpch/tpch-queries/q10/v1_materialized.sql,measured,3,3,5,3,0.612,413.902,16,6,20,1142630,20,140486577,2,2,customer;orders;ixtest_orders_orderdate;lineitem;nation;_m,187539,71037,0,0,2739,3627,0
2026-08-12T11:13:35Z,D77D6A589C8C4C8B,18.4,queries/tpch/tpch-queries/q10/v1_materialized.sql,measured,3,4,5,3,0.600,413.091,16,6,20,1142630,20,140486577,2,2,customer;orders;ixtest_orders_orderdate;lineitem;nation;_m,193447,65129,0,0,2739,3626,0
2026-08-12T11:13:35Z,D77D6A589C8C4C8B,18.4,queries/tpch/tpch-queries/q10/v1_materialized.sql,measured,3,5,5,3,0.600,416.691,16,6,20,1142630,20,140486577,2,2,customer;orders;ixtest_orders_orderdate;lineitem;nation;_m,187538,71038,0,0,2738,3625,0
2026-08-12T11:13:35Z,D77D6A589C8C4C8B,18.4,queries/tpch/tpch-queries/q11/base.sql,warmup,1,1,1,3,1.370,149.261,15,8,1048,131195,10620,1859080,28818,0,nation;supplier;ixtest_supplier_nationkey;partsupp,50939,15182,0,0,41,110,0
2026-08-12T11:13:35Z,D77D6A589C8C4C8B,18.4,queries/tpch/tpch-queries/q11/base.sql,warmup,2,1,1,3,1.185,89.205,15,8,1048,131195,10620,1859080,28818,0,nation;supplier;ixtest_supplier_nationkey;partsupp,66121,0,0,0,41,110,0
2026-08-12T11:13:36Z,D77D6A589C8C4C8B,18.4,queries/tpch/tpch-queries/q11/base.sql,measured,1,1,5,3,1.060,85.768,15,8,1048,131195,10620,1859080,28818,0,nation;supplier;ixtest_supplier_nationkey;partsupp,66121,0,0,0,41,110,0
2026-08-12T11:13:36Z,D77D6A589C8C4C8B,18.4,queries/tpch/tpch-queries/q11/base.sql,measured,1,2,5,3,0.420,71.849,15,8,1048,131195,10620,1859080,28818,0,nation;supplier;ixtest_supplier_nationkey;partsupp,66118,0,0,0,41,110,0
2026-08-12T11:13:36Z,D77D6A589C8C4C8B,18.4,queries/tpch/tpch-queries/q11/base.sql,measured,1,3,5,3,0.409,79.638,15,8,1048,131195,10620,1859080,28818,0,nation;supplier;ixtest_supplier_nationkey;partsupp,66118,0,0,0,41,110,0
2026-08-12T11:13:36Z,D77D6A589C8C4C8B,18.4,queries/tpch/tpch-queries/q11/base.sql,measured,1,4,5,3,0.474,83.035,15,8,1048,131195,10620,1859080,28818,0,nation;supplier;ixtest_supplier_nationkey;partsupp,66118,0,0,0,41,110,0
2026-08-12T11:13:36Z,D77D6A589C8C4C8B,18.4,queries/tpch/tpch-queries/q11/base.sql,measured,1,5,5,3,0.467,83.122,15,8,1048,131195,10620,1859080,28818,0,nation;supplier;ixtest_supplier_nationkey;partsupp,66118,0,0,0,41,110,0
2026-08-12T11:13:36Z,D77D6A589C8C4C8B,18.4,queries/tpch/tpch-queries/q11/base.sql,measured,2,1,5,3,1.058,97.937,15,8,1048,131195,10620,1859080,28818,0,nation;supplier;ixtest_supplier_nationkey;partsupp,66121,0,0,0,41,110,0
2026-08-12T11:13:36Z,D77D6A589C8C4C8B,18.4,queries/tpch/tpch-queries/q11/base.sql,measured,2,2,5,3,0.509,86.148,15,8,1048,131195,10620,1859080,28818,0,nation;supplier;ixtest_supplier_nationkey;partsupp,66118,0,0,0,41,110,0
2026-08-12T11:13:36Z,D77D6A589C8C4C8B,18.4,queries/tpch/tpch-queries/q11/base.sql,measured,2,3,5,3,0.473,86.454,15,8,1048,131195,10620,1859080,28818,0,nation;supplier;ixtest_supplier_nationkey;partsupp,66118,0,0,0,41,110,0
2026-08-12T11:13:36Z,D77D6A589C8C4C8B,18.4,queries/tpch/tpch-queries/q11/base.sql,measured,2,4,5,3,0.571,84.041,15,8,1048,131195,10620,1859080,28818,0,nation;supplier;ixtest_supplier_nationkey;partsupp,66118,0,0,0,41,110,0
2026-08-12T11:13:36Z,D77D6A589C8C4C8B,18.4,queries/tpch/tpch-queries/q11/base.sql,measured,2,5,5,3,0.470,86.936,15,8,1048,131195,10620,1859080,28818,0,nation;supplier;ixtest_supplier_nationkey;partsupp,66118,0,0,0,41,110,0
2026-08-12T11:13:37Z,D77D6A589C8C4C8B,18.4,queries/tpch/tpch-queries/q11/base.sql,measured,3,1,5,3,1.080,97.684,15,8,1048,131195,10620,1859080,28818,0,nation;supplier;ixtest_supplier_nationkey;partsupp,66121,0,0,0,41,110,0
2026-08-12T11:13:37Z,D77D6A589C8C4C8B,18.4,queries/tpch/tpch-queries/q11/base.sql,measured,3,2,5,3,0.512,88.574,15,8,1048,131195,10620,1859080,28818,0,nation;supplier;ixtest_supplier_nationkey;partsupp,66118,0,0,0,41,110,0
2026-08-12T11:13:37Z,D77D6A589C8C4C8B,18.4,queries/tpch/tpch-queries/q11/base.sql,measured,3,3,5,3,0.510,89.142,15,8,1048,131195,10620,1859080,28818,0,nation;supplier;ixtest_supplier_nationkey;partsupp,66118,0,0,0,41,110,0
2026-08-12T11:13:37Z,D77D6A589C8C4C8B,18.4,queries/tpch/tpch-queries/q11/base.sql,measured,3,4,5,3,0.494,89.961,15,8,1048,131195,10620,1859080,28818,0,nation;supplier;ixtest_supplier_nationkey;partsupp,66118,0,0,0,41,110,0
2026-08-12T11:13:37Z,D77D6A589C8C4C8B,18.4,queries/tpch/tpch-queries/q11/base.sql,measured,3,5,5,3,0.480,89.787,15,8,1048,131195,10620,1859080,28818,0,nation;supplier;ixtest_supplier_nationkey;partsupp,66118,0,0,0,41,110,0
2026-08-12T11:13:37Z,D77D6A589C8C4C8B,18.4,queries/tpch/tpch-queries/q11/v1_materialized.sql,warmup,1,1,1,3,1.082,101.982,16,9,1048,132243,10620,1896808,28818,0,nation;supplier;ixtest_supplier_nationkey;partsupp;_m,66121,0,0,0,41,110,0
2026-08-12T11:13:37Z,D77D6A589C8C4C8B,18.4,queries/tpch/tpch-queries/q11/v1_materialized.sql,warmup,2,1,1,3,1.088,97.039,16,9,1048,132243,10620,1896808,28818,0,nation;supplier;ixtest_supplier_nationkey;partsupp;_m,66121,0,0,0,41,110,0
2026-08-12T11:13:38Z,D77D6A589C8C4C8B,18.4,queries/tpch/tpch-queries/q11/v1_materialized.sql,measured,1,1,5,3,1.098,97.614,16,9,1048,132243,10620,1896808,28818,0,nation;supplier;ixtest_supplier_nationkey;partsupp;_m,66121,0,0,0,41,110,0
2026-08-12T11:13:38Z,D77D6A589C8C4C8B,18.4,queries/tpch/tpch-queries/q11/v1_materialized.sql,measured,1,2,5,3,0.521,89.380,16,9,1048,132243,10620,1896808,28818,0,nation;supplier;ixtest_supplier_nationkey;partsupp;_m,66118,0,0,0,41,110,0
2026-08-12T11:13:38Z,D77D6A589C8C4C8B,18.4,queries/tpch/tpch-queries/q11/v1_materialized.sql,measured,1,3,5,3,0.518,88.521,16,9,1048,132243,10620,1896808,28818,0,nation;supplier;ixtest_supplier_nationkey;partsupp;_m,66118,0,0,0,41,110,0
2026-08-12T11:13:38Z,D77D6A589C8C4C8B,18.4,queries/tpch/tpch-queries/q11/v1_materialized.sql,measured,1,4,5,3,0.497,148.166,16,9,1048,132243,10620,1896808,28818,0,nation;supplier;ixtest_supplier_nationkey;partsupp;_m,66118,0,0,0,41,110,0
2026-08-12T11:13:38Z,D77D6A589C8C4C8B,18.4,queries/tpch/tpch-queries/q11/v1_materialized.sql,measured,1,5,5,3,0.539,92.107,16,9,1048,132243,10620,1896808,28818,0,nation;supplier;ixtest_supplier_nationkey;partsupp;_m,66118,0,0,0,41,110,0
2026-08-12T11:13:38Z,D77D6A589C8C4C8B,18.4,queries/tpch/tpch-queries/q11/v1_materialized.sql,measured,2,1,5,3,1.105,103.419,16,9,1048,132243,10620,1896808,28818,0,nation;supplier;ixtest_supplier_nationkey;partsupp;_m,66121,0,0,0,41,110,0
2026-08-12T11:13:38Z,D77D6A589C8C4C8B,18.4,queries/tpch/tpch-queries/q11/v1_materialized.sql,measured,2,2,5,3,0.537,88.472,16,9,1048,132243,10620,1896808,28818,0,nation;supplier;ixtest_supplier_nationkey;partsupp;_m,66118,0,0,0,41,110,0
2026-08-12T11:13:38Z,D77D6A589C8C4C8B,18.4,queries/tpch/tpch-queries/q11/v1_materialized.sql,measured,2,3,5,3,0.491,89.133,16,9,1048,132243,10620,1896808,28818,0,nation;supplier;ixtest_supplier_nationkey;partsupp;_m,66118,0,0,0,41,110,0
2026-08-12T11:13:38Z,D77D6A589C8C4C8B,18.4,queries/tpch/tpch-queries/q11/v1_materialized.sql,measured,2,4,5,3,0.538,89.689,16,9,1048,132243,10620,1896808,28818,0,nation;supplier;ixtest_supplier_nationkey;partsupp;_m,66118,0,0,0,41,110,0
2026-08-12T11:13:38Z,D77D6A589C8C4C8B,18.4,queries/tpch/tpch-queries/q11/v1_materialized.sql,measured,2,5,5,3,0.504,88.639,16,9,1048,132243,10620,1896808,28818,0,nation;supplier;ixtest_supplier_nationkey;partsupp;_m,66118,0,0,0,41,110,0
2026-08-12T11:13:39Z,D77D6A589C8C4C8B,18.4,queries/tpch/tpch-queries/q11/v1_materialized.sql,measured,3,1,5,3,1.080,98.839,16,9,1048,132243,10620,1896808,28818,0,nation;supplier;ixtest_supplier_nationkey;partsupp;_m,66121,0,0,0,41,110,0
2026-08-12T11:13:39Z,D77D6A589C8C4C8B,18.4,queries/tpch/tpch-queries/q11/v1_materialized.sql,measured,3,2,5,3,0.491,83.239,16,9,1048,132243,10620,1896808,28818,0,nation;supplier;ixtest_supplier_nationkey;partsupp;_m,66118,0,0,0,41,110,0
2026-08-12T11:13:39Z,D77D6A589C8C4C8B,18.4,queries/tpch/tpch-queries/q11/v1_materialized.sql,measured,3,3,5,3,0.495,83.704,16,9,1048,132243,10620,1896808,28818,0,nation;supplier;ixtest_supplier_nationkey;partsupp;_m,66118,0,0,0,41,110,0
2026-08-12T11:13:39Z,D77D6A589C8C4C8B,18.4,queries/tpch/tpch-queries/q11/v1_materialized.sql,measured,3,4,5,3,0.489,83.973,16,9,1048,132243,10620,1896808,28818,0,nation;supplier;ixtest_supplier_nationkey;partsupp;_m,66118,0,0,0,41,110,0
2026-08-12T11:13:39Z,D77D6A589C8C4C8B,18.4,queries/tpch/tpch-queries/q11/v1_materialized.sql,measured,3,5,5,3,0.471,84.700,16,9,1048,132243,10620,1896808,28818,0,nation;supplier;ixtest_supplier_nationkey;partsupp;_m,66118,0,0,0,41,110,0
2026-08-12T11:13:39Z,D77D6A589C8C4C8B,18.4,queries/tpch/tpch-queries/q11/v2_cte_threshold.sql,warmup,1,1,1,3,1.096,101.527,15,8,1048,131195,10620,1859080,28818,0,nation;supplier;ixtest_supplier_nationkey;partsupp,66121,0,0,0,41,110,0
2026-08-12T11:13:39Z,D77D6A589C8C4C8B,18.4,queries/tpch/tpch-queries/q11/v2_cte_threshold.sql,warmup,2,1,1,3,1.178,97.943,15,8,1048,131195,10620,1859080,28818,0,nation;supplier;ixtest_supplier_nationkey;partsupp,66121,0,0,0,41,110,0
2026-08-12T11:13:40Z,D77D6A589C8C4C8B,18.4,queries/tpch/tpch-queries/q11/v2_cte_threshold.sql,measured,1,1,5,3,1.156,99.892,15,8,1048,131195,10620,1859080,28818,0,nation;supplier;ixtest_supplier_nationkey;partsupp,66121,0,0,0,41,110,0
2026-08-12T11:13:40Z,D77D6A589C8C4C8B,18.4,queries/tpch/tpch-queries/q11/v2_cte_threshold.sql,measured,1,2,5,3,0.513,85.833,15,8,1048,131195,10620,1859080,28818,0,nation;supplier;ixtest_supplier_nationkey;partsupp,66118,0,0,0,41,110,0
2026-08-12T11:13:40Z,D77D6A589C8C4C8B,18.4,queries/tpch/tpch-queries/q11/v2_cte_threshold.sql,measured,1,3,5,3,0.505,86.342,15,8,1048,131195,10620,1859080,28818,0,nation;supplier;ixtest_supplier_nationkey;partsupp,66118,0,0,0,41,110,0
2026-08-12T11:13:40Z,D77D6A589C8C4C8B,18.4,queries/tpch/tpch-queries/q11/v2_cte_threshold.sql,measured,1,4,5,3,0.489,89.919,15,8,1048,131195,10620,1859080,28818,0,nation;supplier;ixtest_supplier_nationkey;partsupp,66118,0,0,0,41,110,0
2026-08-12T11:13:40Z,D77D6A589C8C4C8B,18.4,queries/tpch/tpch-queries/q11/v2_cte_threshold.sql,measured,1,5,5,3,0.514,90.336,15,8,1048,131195,10620,1859080,28818,0,nation;supplier;ixtest_supplier_nationkey;partsupp,66118,0,0,0,41,110,0
2026-08-12T11:13:40Z,D77D6A589C8C4C8B,18.4,queries/tpch/tpch-queries/q11/v2_cte_threshold.sql,measured,2,1,5,3,1.098,94.244,15,8,1048,131195,10620,1859080,28818,0,nation;supplier;ixtest_supplier_nationkey;partsupp,66121,0,0,0,41,110,0
2026-08-12T11:13:40Z,D77D6A589C8C4C8B,18.4,queries/tpch/tpch-queries/q11/v2_cte_threshold.sql,measured,2,2,5,3,0.497,83.095,15,8,1048,131195,10620,1859080,28818,0,nation;supplier;ixtest_supplier_nationkey;partsupp,66118,0,0,0,41,110,0
2026-08-12T11:13:40Z,D77D6A589C8C4C8B,18.4,queries/tpch/tpch-queries/q11/v2_cte_threshold.sql,measured,2,3,5,3,0.509,82.304,15,8,1048,131195,10620,1859080,28818,0,nation;supplier;ixtest_supplier_nationkey;partsupp,66118,0,0,0,41,110,0
2026-08-12T11:13:40Z,D77D6A589C8C4C8B,18.4,queries/tpch/tpch-queries/q11/v2_cte_threshold.sql,measured,2,4,5,3,0.487,82.573,15,8,1048,131195,10620,1859080,28818,0,nation;supplier;ixtest_supplier_nationkey;partsupp,66118,0,0,0,41,110,0
2026-08-12T11:13:40Z,D77D6A589C8C4C8B,18.4,queries/tpch/tpch-queries/q11/v2_cte_threshold.sql,measured,2,5,5,3,0.483,82.461,15,8,1048,131195,10620,1859080,28818,0,nation;supplier;ixtest_supplier_nationkey;partsupp,66118,0,0,0,41,110,0
2026-08-12T11:13:41Z,D77D6A589C8C4C8B,18.4,queries/tpch/tpch-queries/q11/v2_cte_threshold.sql,measured,3,1,5,3,1.111,100.803,15,8,1048,131195,10620,1859080,28818,0,nation;supplier;ixtest_supplier_nationkey;partsupp,66121,0,0,0,41,110,0
2026-08-12T11:13:41Z,D77D6A589C8C4C8B,18.4,queries/tpch/tpch-queries/q11/v2_cte_threshold.sql,measured,3,2,5,3,0.521,88.160,15,8,1048,131195,10620,1859080,28818,0,nation;supplier;ixtest_supplier_nationkey;partsupp,66118,0,0,0,41,110,0
2026-08-12T11:13:41Z,D77D6A589C8C4C8B,18.4,queries/tpch/tpch-queries/q11/v2_cte_threshold.sql,measured,3,3,5,3,0.514,89.512,15,8,1048,131195,10620,1859080,28818,0,nation;supplier;ixtest_supplier_nationkey;partsupp,66118,0,0,0,41,110,0
2026-08-12T11:13:41Z,D77D6A589C8C4C8B,18.4,queries/tpch/tpch-queries/q11/v2_cte_threshold.sql,measured,3,4,5,3,0.508,89.409,15,8,1048,131195,10620,1859080,28818,0,nation;supplier;ixtest_supplier_nationkey;partsupp,66118,0,0,0,41,110,0
2026-08-12T11:13:41Z,D77D6A589C8C4C8B,18.4,queries/tpch/tpch-queries/q11/v2_cte_threshold.sql,measured,3,5,5,3,0.519,88.980,15,8,1048,131195,10620,1859080,28818,0,nation;supplier;ixtest_supplier_nationkey;partsupp,66118,0,0,0,41,110,0
2026-08-12T11:13:42Z,D77D6A589C8C4C8B,18.4,queries/tpch/tpch-queries/q12/base.sql,warmup,1,1,1,3,1.306,614.313,9,3,2,2533806,7,32603286,292952,2,orders;lineitem;ixtest_lineitem_receiptdate,1749,130094,0,0,0,0,0
2026-08-12T11:13:42Z,D77D6A589C8C4C8B,18.4,queries/tpch/tpch-queries/q12/base.sql,warmup,2,1,1,3,1.625,609.848,9,3,2,2533806,7,32603286,292952,2,orders;lineitem;ixtest_lineitem_receiptdate,14,131829,0,0,0,0,0
2026-08-12T11:13:45Z,D77D6A589C8C4C8B,18.4,queries/tpch/tpch-queries/q12/base.sql,measured,1,1,5,3,2.537,632.779,9,3,2,2533806,7,32603286,292952,2,orders;lineitem;ixtest_lineitem_receiptdate,14,131829,0,0,0,0,0
2026-08-12T11:13:45Z,D77D6A589C8C4C8B,18.4,queries/tpch/tpch-queries/q12/base.sql,measured,1,2,5,3,0.307,557.468,9,3,2,2533806,7,32603286,292952,2,orders;lineitem;ixtest_lineitem_receiptdate,14,131829,0,0,0,0,0
2026-08-12T11:13:45Z,D77D6A589C8C4C8B,18.4,queries/tpch/tpch-queries/q12/base.sql,measured,1,3,5,3,0.316,569.595,9,3,2,2533806,7,32603286,292952,2,orders;lineitem;ixtest_lineitem_receiptdate,14,131829,0,0,0,0,0
2026-08-12T11:13:45Z,D77D6A589C8C4C8B,18.4,queries/tpch/tpch-queries/q12/base.sql,measured,1,4,5,3,0.324,590.029,9,3,2,2533806,7,32603286,292952,2,orders;lineitem;ixtest_lineitem_receiptdate,13,131830,0,0,0,0,0
2026-08-12T11:13:45Z,D77D6A589C8C4C8B,18.4,queries/tpch/tpch-queries/q12/base.sql,measured,1,5,5,3,0.316,574.291,9,3,2,2533806,7,32603286,292952,2,orders;lineitem;ixtest_lineitem_receiptdate,13,131830,0,0,0,0,0
2026-08-12T11:13:48Z,D77D6A589C8C4C8B,18.4,queries/tpch/tpch-queries/q12/base.sql,measured,2,1,5,3,1.938,611.158,9,3,2,2533806,7,32603286,292952,2,orders;lineitem;ixtest_lineitem_receiptdate,14,131829,0,0,0,0,0
2026-08-12T11:13:48Z,D77D6A589C8C4C8B,18.4,queries/tpch/tpch-queries/q12/base.sql,measured,2,2,5,3,0.318,589.348,9,3,2,2533806,7,32603286,292952,2,orders;lineitem;ixtest_lineitem_receiptdate,14,131829,0,0,0,0,0
2026-08-12T11:13:48Z,D77D6A589C8C4C8B,18.4,queries/tpch/tpch-queries/q12/base.sql,measured,2,3,5,3,0.306,601.032,9,3,2,2533806,7,32603286,292952,2,orders;lineitem;ixtest_lineitem_receiptdate,14,131829,0,0,0,0,0
2026-08-12T11:13:48Z,D77D6A589C8C4C8B,18.4,queries/tpch/tpch-queries/q12/base.sql,measured,2,4,5,3,0.310,575.249,9,3,2,2533806,7,32603286,292952,2,orders;lineitem;ixtest_lineitem_receiptdate,14,131829,0,0,0,0,0
2026-08-12T11:13:48Z,D77D6A589C8C4C8B,18.4,queries/tpch/tpch-queries/q12/base.sql,measured,2,5,5,3,0.308,543.479,9,3,2,2533806,7,32603286,292952,2,orders;lineitem;ixtest_lineitem_receiptdate,13,131830,0,0,0,0,0
2026-08-12T11:13:51Z,D77D6A589C8C4C8B,18.4,queries/tpch/tpch-queries/q12/base.sql,measured,3,1,5,3,2.398,702.749,9,3,2,2533806,7,32603286,292952,2,orders;lineitem;ixtest_lineitem_receiptdate,14,131829,0,0,0,0,0
2026-08-12T11:13:51Z,D77D6A589C8C4C8B,18.4,queries/tpch/tpch-queries/q12/base.sql,measured,3,2,5,3,0.305,603.761,9,3,2,2533806,7,32603286,292952,2,orders;lineitem;ixtest_lineitem_receiptdate,14,131829,0,0,0,0,0
2026-08-12T11:13:51Z,D77D6A589C8C4C8B,18.4,queries/tpch/tpch-queries/q12/base.sql,measured,3,3,5,3,0.307,592.434,9,3,2,2533806,7,32603286,292952,2,orders;lineitem;ixtest_lineitem_receiptdate,14,131829,0,0,0,0,0
2026-08-12T11:13:51Z,D77D6A589C8C4C8B,18.4,queries/tpch/tpch-queries/q12/base.sql,measured,3,4,5,3,0.302,605.479,9,3,2,2533806,7,32603286,292952,2,orders;lineitem;ixtest_lineitem_receiptdate,14,131829,0,0,0,0,0
2026-08-12T11:13:51Z,D77D6A589C8C4C8B,18.4,queries/tpch/tpch-queries/q12/base.sql,measured,3,5,5,3,0.300,566.159,9,3,2,2533806,7,32603286,292952,2,orders;lineitem;ixtest_lineitem_receiptdate,13,131830,0,0,0,0,0
2026-08-12T11:13:52Z,D77D6A589C8C4C8B,18.4,queries/tpch/tpch-queries/q12/v1_materialized.sql,warmup,1,1,1,3,2.569,733.010,10,4,2,2533808,7,32603406,292952,2,_m;orders;lineitem;ixtest_lineitem_receiptdate,14,131829,0,0,0,0,0
2026-08-12T11:13:53Z,D77D6A589C8C4C8B,18.4,queries/tpch/tpch-queries/q12/v1_materialized.sql,warmup,2,1,1,3,2.696,628.011,10,4,2,2533808,7,32603406,292952,2,_m;orders;lineitem;ixtest_lineitem_receiptdate,14,131829,0,0,0,0,0
2026-08-12T11:13:57Z,D77D6A589C8C4C8B,18.4,queries/tpch/tpch-queries/q12/v1_materialized.sql,measured,1,1,5,3,1.313,640.683,10,4,2,2533808,7,32603406,292952,2,_m;orders;lineitem;ixtest_lineitem_receiptdate,14,131829,0,0,0,0,0
2026-08-12T11:13:57Z,D77D6A589C8C4C8B,18.4,queries/tpch/tpch-queries/q12/v1_materialized.sql,measured,1,2,5,3,0.341,584.550,10,4,2,2533808,7,32603406,292952,2,_m;orders;lineitem;ixtest_lineitem_receiptdate,14,131829,0,0,0,0,0
2026-08-12T11:13:57Z,D77D6A589C8C4C8B,18.4,queries/tpch/tpch-queries/q12/v1_materialized.sql,measured,1,3,5,3,0.371,776.172,10,4,2,2533808,7,32603406,292952,2,_m;orders;lineitem;ixtest_lineitem_receiptdate,14,131829,0,0,0,0,0
2026-08-12T11:13:57Z,D77D6A589C8C4C8B,18.4,queries/tpch/tpch-queries/q12/v1_materialized.sql,measured,1,4,5,3,0.768,836.385,10,4,2,2533808,7,32603406,292952,2,_m;orders;lineitem;ixtest_lineitem_receiptdate,13,131830,0,0,0,0,0
2026-08-12T11:13:57Z,D77D6A589C8C4C8B,18.4,queries/tpch/tpch-queries/q12/v1_materialized.sql,measured,1,5,5,3,0.385,703.389,10,4,2,2533808,7,32603406,292952,2,_m;orders;lineitem;ixtest_lineitem_receiptdate,13,131830,0,0,0,0,0
2026-08-12T11:14:00Z,D77D6A589C8C4C8B,18.4,queries/tpch/tpch-queries/q12/v1_materialized.sql,measured,2,1,5,3,1.879,749.929,10,4,2,2533808,7,32603406,292952,2,_m;orders;lineitem;ixtest_lineitem_receiptdate,14,131829,0,0,0,0,0
2026-08-12T11:14:00Z,D77D6A589C8C4C8B,18.4,queries/tpch/tpch-queries/q12/v1_materialized.sql,measured,2,2,5,3,0.388,700.689,10,4,2,2533808,7,32603406,292952,2,_m;orders;lineitem;ixtest_lineitem_receiptdate,14,131829,0,0,0,0,0
2026-08-12T11:14:00Z,D77D6A589C8C4C8B,18.4,queries/tpch/tpch-queries/q12/v1_materialized.sql,measured,2,3,5,3,0.394,713.632,10,4,2,2533808,7,32603406,292952,2,_m;orders;lineitem;ixtest_lineitem_receiptdate,14,131829,0,0,0,0,0
2026-08-12T11:14:00Z,D77D6A589C8C4C8B,18.4,queries/tpch/tpch-queries/q12/v1_materialized.sql,measured,2,4,5,3,0.384,725.206,10,4,2,2533808,7,32603406,292952,2,_m;orders;lineitem;ixtest_lineitem_receiptdate,14,131829,0,0,0,0,0
2026-08-12T11:14:00Z,D77D6A589C8C4C8B,18.4,queries/tpch/tpch-queries/q12/v1_materialized.sql,measured,2,5,5,3,0.390,702.012,10,4,2,2533808,7,32603406,292952,2,_m;orders;lineitem;ixtest_lineitem_receiptdate,13,131830,0,0,0,0,0
2026-08-12T11:14:04Z,D77D6A589C8C4C8B,18.4,queries/tpch/tpch-queries/q12/v1_materialized.sql,measured,3,1,5,3,1.673,740.313,10,4,2,2533808,7,32603406,292952,2,_m;orders;lineitem;ixtest_lineitem_receiptdate,14,131829,0,0,0,0,0
2026-08-12T11:14:04Z,D77D6A589C8C4C8B,18.4,queries/tpch/tpch-queries/q12/v1_materialized.sql,measured,3,2,5,3,0.393,742.545,10,4,2,2533808,7,32603406,292952,2,_m;orders;lineitem;ixtest_lineitem_receiptdate,14,131829,0,0,0,0,0
2026-08-12T11:14:04Z,D77D6A589C8C4C8B,18.4,queries/tpch/tpch-queries/q12/v1_materialized.sql,measured,3,3,5,3,0.395,708.393,10,4,2,2533808,7,32603406,292952,2,_m;orders;lineitem;ixtest_lineitem_receiptdate,14,131829,0,0,0,0,0
2026-08-12T11:14:04Z,D77D6A589C8C4C8B,18.4,queries/tpch/tpch-queries/q12/v1_materialized.sql,measured,3,4,5,3,0.408,696.115,10,4,2,2533808,7,32603406,292952,2,_m;orders;lineitem;ixtest_lineitem_receiptdate,14,131829,0,0,0,0,0
2026-08-12T11:14:04Z,D77D6A589C8C4C8B,18.4,queries/tpch/tpch-queries/q12/v1_materialized.sql,measured,3,5,5,3,0.414,767.908,10,4,2,2533808,7,32603406,292952,2,_m;orders;lineitem;ixtest_lineitem_receiptdate,13,131830,0,0,0,0,0
2026-08-12T11:14:05Z,D77D6A589C8C4C8B,18.4,queries/tpch/tpch-queries/q12/v2_filter.sql,warmup,1,1,1,3,1.690,798.384,9,3,2,2533806,7,32603286,292952,2,orders;lineitem;ixtest_lineitem_receiptdate,14,131829,0,0,0,0,0
2026-08-12T11:14:06Z,D77D6A589C8C4C8B,18.4,queries/tpch/tpch-queries/q12/v2_filter.sql,warmup,2,1,1,3,1.421,762.772,9,3,2,2533806,7,32603286,292952,2,orders;lineitem;ixtest_lineitem_receiptdate,14,131829,0,0,0,0,0
2026-08-12T11:14:09Z,D77D6A589C8C4C8B,18.4,queries/tpch/tpch-queries/q12/v2_filter.sql,measured,1,1,5,3,1.583,777.911,9,3,2,2533806,7,32603286,292952,2,orders;lineitem;ixtest_lineitem_receiptdate,14,131829,0,0,0,0,0
2026-08-12T11:14:09Z,D77D6A589C8C4C8B,18.4,queries/tpch/tpch-queries/q12/v2_filter.sql,measured,1,2,5,3,0.350,716.461,9,3,2,2533806,7,32603286,292952,2,orders;lineitem;ixtest_lineitem_receiptdate,14,131829,0,0,0,0,0
2026-08-12T11:14:09Z,D77D6A589C8C4C8B,18.4,queries/tpch/tpch-queries/q12/v2_filter.sql,measured,1,3,5,3,0.358,592.870,9,3,2,2533806,7,32603286,292952,2,orders;lineitem;ixtest_lineitem_receiptdate,14,131829,0,0,0,0,0
2026-08-12T11:14:09Z,D77D6A589C8C4C8B,18.4,queries/tpch/tpch-queries/q12/v2_filter.sql,measured,1,4,5,3,0.347,617.633,9,3,2,2533806,7,32603286,292952,2,orders;lineitem;ixtest_lineitem_receiptdate,13,131830,0,0,0,0,0
2026-08-12T11:14:09Z,D77D6A589C8C4C8B,18.4,queries/tpch/tpch-queries/q12/v2_filter.sql,measured,1,5,5,3,0.343,631.430,9,3,2,2533806,7,32603286,292952,2,orders;lineitem;ixtest_lineitem_receiptdate,13,131830,0,0,0,0,0
2026-08-12T11:14:12Z,D77D6A589C8C4C8B,18.4,queries/tpch/tpch-queries/q12/v2_filter.sql,measured,2,1,5,3,3.432,599.155,9,3,2,2533806,7,32603286,292952,2,orders;lineitem;ixtest_lineitem_receiptdate,14,131829,0,0,0,0,0
2026-08-12T11:14:12Z,D77D6A589C8C4C8B,18.4,queries/tpch/tpch-queries/q12/v2_filter.sql,measured,2,2,5,3,0.345,614.245,9,3,2,2533806,7,32603286,292952,2,orders;lineitem;ixtest_lineitem_receiptdate,14,131829,0,0,0,0,0
2026-08-12T11:14:12Z,D77D6A589C8C4C8B,18.4,queries/tpch/tpch-queries/q12/v2_filter.sql,measured,2,3,5,3,0.394,666.422,9,3,2,2533806,7,32603286,292952,2,orders;lineitem;ixtest_lineitem_receiptdate,14,131829,0,0,0,0,0
2026-08-12T11:14:12Z,D77D6A589C8C4C8B,18.4,queries/tpch/tpch-queries/q12/v2_filter.sql,measured,2,4,5,3,0.348,606.297,9,3,2,2533806,7,32603286,292952,2,orders;lineitem;ixtest_lineitem_receiptdate,14,131829,0,0,0,0,0
2026-08-12T11:14:12Z,D77D6A589C8C4C8B,18.4,queries/tpch/tpch-queries/q12/v2_filter.sql,measured,2,5,5,3,0.339,630.026,9,3,2,2533806,7,32603286,292952,2,orders;lineitem;ixtest_lineitem_receiptdate,13,131830,0,0,0,0,0
2026-08-12T11:14:16Z,D77D6A589C8C4C8B,18.4,queries/tpch/tpch-queries/q12/v2_filter.sql,measured,3,1,5,3,2.199,686.752,9,3,2,2533806,7,32603286,292952,2,orders;lineitem;ixtest_lineitem_receiptdate,14,131829,0,0,0,0,0
2026-08-12T11:14:16Z,D77D6A589C8C4C8B,18.4,queries/tpch/tpch-queries/q12/v2_filter.sql,measured,3,2,5,3,0.341,596.400,9,3,2,2533806,7,32603286,292952,2,orders;lineitem;ixtest_lineitem_receiptdate,14,131829,0,0,0,0,0
2026-08-12T11:14:16Z,D77D6A589C8C4C8B,18.4,queries/tpch/tpch-queries/q12/v2_filter.sql,measured,3,3,5,3,0.355,641.307,9,3,2,2533806,7,32603286,292952,2,orders;lineitem;ixtest_lineitem_receiptdate,14,131829,0,0,0,0,0
2026-08-12T11:14:16Z,D77D6A589C8C4C8B,18.4,queries/tpch/tpch-queries/q12/v2_filter.sql,measured,3,4,5,3,0.352,659.819,9,3,2,2533806,7,32603286,292952,2,orders;lineitem;ixtest_lineitem_receiptdate,14,131829,0,0,0,0,0
2026-08-12T11:14:16Z,D77D6A589C8C4C8B,18.4,queries/tpch/tpch-queries/q12/v2_filter.sql,measured,3,5,5,3,0.342,663.070,9,3,2,2533806,7,32603286,292952,2,orders;lineitem;ixtest_lineitem_receiptdate,13,131830,0,0,0,0,0
2026-08-12T11:14:17Z,D77D6A589C8C4C8B,18.4,queries/tpch/tpch-queries/q13/base.sql,warmup,1,1,1,3,2.113,770.122,10,2,42,4501167,200,39542988,5361,2,orders;customer,888,25680,0,0,1242,1407,0
2026-08-12T11:14:17Z,D77D6A589C8C4C8B,18.4,queries/tpch/tpch-queries/q13/base.sql,warmup,2,1,1,3,0.865,749.327,10,2,42,4500494,200,39534912,5361,2,orders;customer,2160,24408,0,0,1227,1394,0
2026-08-12T11:14:21Z,D77D6A589C8C4C8B,18.4,queries/tpch/tpch-queries/q13/base.sql,measured,1,1,5,3,0.881,744.771,10,2,42,4500663,200,39536940,5361,2,orders;customer,3024,23544,0,0,1224,1393,0
2026-08-12T11:14:21Z,D77D6A589C8C4C8B,18.4,queries/tpch/tpch-queries/q13/base.sql,measured,1,2,5,3,0.242,716.769,10,2,42,4500420,200,39534024,5361,2,orders;customer,3885,22680,0,0,1241,1406,0
2026-08-12T11:14:21Z,D77D6A589C8C4C8B,18.4,queries/tpch/tpch-queries/q13/base.sql,measured,1,3,5,3,0.231,713.853,10,2,42,4500951,200,39540396,5361,2,orders;customer,4749,21816,0,0,1240,1406,0
2026-08-12T11:14:21Z,D77D6A589C8C4C8B,18.4,queries/tpch/tpch-queries/q13/base.sql,measured,1,4,5,3,0.238,716.462,10,2,42,4500503,200,39535020,5361,2,orders;customer,5613,20952,0,0,1224,1391,0
2026-08-12T11:14:21Z,D77D6A589C8C4C8B,18.4,queries/tpch/tpch-queries/q13/base.sql,measured,1,5,5,3,0.245,772.891,10,2,42,4500357,200,39533268,5361,2,orders;customer,6477,20088,0,0,1219,1385,0
2026-08-12T11:14:25Z,D77D6A589C8C4C8B,18.4,queries/tpch/tpch-queries/q13/base.sql,measured,2,1,5,3,0.860,740.506,10,2,42,4500718,200,39537600,5361,2,orders;customer,7344,19224,0,0,1240,1406,0
2026-08-12T11:14:25Z,D77D6A589C8C4C8B,18.4,queries/tpch/tpch-queries/q13/base.sql,measured,2,2,5,3,0.238,720.369,10,2,42,4500530,200,39535344,5361,2,orders;customer,8205,18360,0,0,1235,1402,0
2026-08-12T11:14:25Z,D77D6A589C8C4C8B,18.4,queries/tpch/tpch-queries/q13/base.sql,measured,2,3,5,3,0.236,724.222,10,2,42,4500566,200,39535776,5361,2,orders;customer,9069,17496,0,0,1235,1402,0
2026-08-12T11:14:25Z,D77D6A589C8C4C8B,18.4,queries/tpch/tpch-queries/q13/base.sql,measured,2,4,5,3,0.238,710.495,10,2,42,4500636,200,39536616,5361,2,orders;customer,9933,16632,0,0,1228,1395,0
2026-08-12T11:14:25Z,D77D6A589C8C4C8B,18.4,queries/tpch/tpch-queries/q13/base.sql,measured,2,5,5,3,0.239,705.232,10,2,42,4500601,200,39536196,5361,2,orders;customer,10797,15768,0,0,1242,1407,0
2026-08-12T11:14:28Z,D77D6A589C8C4C8B,18.4,queries/tpch/tpch-queries/q13/base.sql,measured,3,1,5,3,0.877,732.877,10,2,42,4500566,200,39535776,5361,2,orders;customer,11664,14904,0,0,1242,1407,0
2026-08-12T11:14:28Z,D77D6A589C8C4C8B,18.4,queries/tpch/tpch-queries/q13/base.sql,measured,3,2,5,3,0.241,716.217,10,2,42,4500285,200,39532404,5361,2,orders;customer,12525,14040,0,0,1240,1406,0
2026-08-12T11:14:28Z,D77D6A589C8C4C8B,18.4,queries/tpch/tpch-queries/q13/base.sql,measured,3,3,5,3,0.229,703.635,10,2,42,4500665,200,39536964,5361,2,orders;customer,13389,13176,0,0,1242,1407,0
2026-08-12T11:14:28Z,D77D6A589C8C4C8B,18.4,queries/tpch/tpch-queries/q13/base.sql,measured,3,4,5,3,0.229,702.061,10,2,42,4500935,200,39540204,5361,2,orders;customer,14253,12312,0,0,1242,1407,0
2026-08-12T11:14:28Z,D77D6A589C8C4C8B,18.4,queries/tpch/tpch-queries/q13/base.sql,measured,3,5,5,3,0.238,715.093,10,2,42,4501060,200,39541704,5361,2,orders;customer,15117,11448,0,0,1232,1396,0
2026-08-12T11:14:29Z,D77D6A589C8C4C8B,18.4,queries/tpch/tpch-queries/q13/v1_materialized.sql,warmup,1,1,1,3,0.909,731.777,11,3,42,4500795,200,39538692,5361,2,orders;customer;_m,15984,10584,0,0,1241,1406,0
2026-08-12T11:14:30Z,D77D6A589C8C4C8B,18.4,queries/tpch/tpch-queries/q13/v1_materialized.sql,warmup,2,1,1,3,0.958,723.103,11,3,42,4500472,200,39534816,5361,2,orders;customer;_m,16848,9720,0,0,1239,1405,0
2026-08-12T11:14:34Z,D77D6A589C8C4C8B,18.4,queries/tpch/tpch-queries/q13/v1_materialized.sql,measured,1,1,5,3,0.902,731.642,11,3,42,4500707,200,39537636,5361,2,orders;customer;_m,17712,8856,0,0,1223,1390,0
2026-08-12T11:14:34Z,D77D6A589C8C4C8B,18.4,queries/tpch/tpch-queries/q13/v1_materialized.sql,measured,1,2,5,3,0.240,708.697,11,3,42,4500607,200,39536436,5361,2,orders;customer;_m,18573,7992,0,0,1236,1403,0
2026-08-12T11:14:34Z,D77D6A589C8C4C8B,18.4,queries/tpch/tpch-queries/q13/v1_materialized.sql,measured,1,3,5,3,0.250,712.038,11,3,42,4500734,200,39537960,5361,2,orders;customer;_m,19437,7128,0,0,1227,1394,0
2026-08-12T11:14:34Z,D77D6A589C8C4C8B,18.4,queries/tpch/tpch-queries/q13/v1_materialized.sql,measured,1,4,5,3,0.244,688.592,11,3,42,4500797,200,39538716,5361,2,orders;customer;_m,20301,6264,0,0,1247,1415,0
2026-08-12T11:14:34Z,D77D6A589C8C4C8B,18.4,queries/tpch/tpch-queries/q13/v1_materialized.sql,measured,1,5,5,3,0.248,695.454,11,3,42,4500894,200,39539880,5361,2,orders;customer;_m,21165,5400,0,0,1247,1411,0
2026-08-12T11:14:37Z,D77D6A589C8C4C8B,18.4,queries/tpch/tpch-queries/q13/v1_materialized.sql,measured,2,1,5,3,0.896,723.393,11,3,42,4500815,200,39538932,5361,2,orders;customer;_m,22032,4536,0,0,1235,1402,0
2026-08-12T11:14:37Z,D77D6A589C8C4C8B,18.4,queries/tpch/tpch-queries/q13/v1_materialized.sql,measured,2,2,5,3,0.253,693.579,11,3,42,4500696,200,39537504,5361,2,orders;customer;_m,22893,3672,0,0,1242,1407,0
2026-08-12T11:14:37Z,D77D6A589C8C4C8B,18.4,queries/tpch/tpch-queries/q13/v1_materialized.sql,measured,2,3,5,3,0.251,713.463,11,3,42,4500734,200,39537960,5361,2,orders;customer;_m,23757,2808,0,0,1235,1400,0
2026-08-12T11:14:37Z,D77D6A589C8C4C8B,18.4,queries/tpch/tpch-queries/q13/v1_materialized.sql,measured,2,4,5,3,0.243,687.167,11,3,42,4500752,200,39538176,5361,2,orders;customer;_m,24621,1944,0,0,1247,1413,0
2026-08-12T11:14:37Z,D77D6A589C8C4C8B,18.4,queries/tpch/tpch-queries/q13/v1_materialized.sql,measured,2,5,5,3,0.249,682.440,11,3,42,4500491,200,39535044,5361,2,orders;customer;_m,25485,1080,0,0,1247,1414,0
2026-08-12T11:14:41Z,D77D6A589C8C4C8B,18.4,queries/tpch/tpch-queries/q13/v1_materialized.sql,measured,3,1,5,3,0.904,708.626,11,3,42,4500716,200,39537744,5361,2,orders;customer;_m,26352,216,0,0,1241,1406,0
2026-08-12T11:14:41Z,D77D6A589C8C4C8B,18.4,queries/tpch/tpch-queries/q13/v1_materialized.sql,measured,3,2,5,3,0.249,682.250,11,3,42,4500581,200,39536124,5361,2,orders;customer;_m,26565,0,0,0,1247,1414,0
2026-08-12T11:14:41Z,D77D6A589C8C4C8B,18.4,queries/tpch/tpch-queries/q13/v1_materialized.sql,measured,3,3,5,3,0.252,680.092,11,3,42,4500993,200,39541068,5361,2,orders;customer;_m,26565,0,0,0,1224,1391,0
2026-08-12T11:14:41Z,D77D6A589C8C4C8B,18.4,queries/tpch/tpch-queries/q13/v1_materialized.sql,measured,3,4,5,3,0.252,683.705,11,3,42,4500797,200,39538716,5361,2,orders;customer;_m,26565,0,0,0,1240,1406,0
2026-08-12T11:14:41Z,D77D6A589C8C4C8B,18.4,queries/tpch/tpch-queries/q13/v1_materialized.sql,measured,3,5,5,3,0.244,733.491,11,3,42,4500436,200,39534384,5361,2,orders;customer;_m,26565,0,0,0,1239,1405,0
2026-08-12T11:14:43Z,D77D6A589C8C4C8B,18.4,queries/tpch/tpch-queries/q13/v2_correlated.sql,warmup,1,1,1,3,0.712,2225.288,7,3,42,3300084,150000,3601344,0,0,customer;orders;idx_orders_cust,1948411,1536,0,0,0,0,0
2026-08-12T11:14:46Z,D77D6A589C8C4C8B,18.4,queries/tpch/tpch-queries/q13/v2_correlated.sql,warmup,2,1,1,3,0.739,2267.158,7,3,42,3300084,150000,3601344,0,0,customer;orders;idx_orders_cust,1949947,0,0,0,0,0,0
2026-08-12T11:14:56Z,D77D6A589C8C4C8B,18.4,queries/tpch/tpch-queries/q13/v2_correlated.sql,measured,1,1,5,3,0.737,2216.598,7,3,42,3300084,150000,3601344,0,0,customer;orders;idx_orders_cust,1949947,0,0,0,0,0,0
2026-08-12T11:14:56Z,D77D6A589C8C4C8B,18.4,queries/tpch/tpch-queries/q13/v2_correlated.sql,measured,1,2,5,3,0.165,2107.023,7,3,42,3300084,150000,3601344,0,0,customer;orders;idx_orders_cust,1949944,0,0,0,0,0,0
2026-08-12T11:14:56Z,D77D6A589C8C4C8B,18.4,queries/tpch/tpch-queries/q13/v2_correlated.sql,measured,1,3,5,3,0.180,2048.162,7,3,42,3300084,150000,3601344,0,0,customer;orders;idx_orders_cust,1949944,0,0,0,0,0,0
2026-08-12T11:14:56Z,D77D6A589C8C4C8B,18.4,queries/tpch/tpch-queries/q13/v2_correlated.sql,measured,1,4,5,3,0.148,2050.800,7,3,42,3300084,150000,3601344,0,0,customer;orders;idx_orders_cust,1949944,0,0,0,0,0,0
2026-08-12T11:14:56Z,D77D6A589C8C4C8B,18.4,queries/tpch/tpch-queries/q13/v2_correlated.sql,measured,1,5,5,3,0.148,2055.997,7,3,42,3300084,150000,3601344,0,0,customer;orders;idx_orders_cust,1949944,0,0,0,0,0,0
2026-08-12T11:15:07Z,D77D6A589C8C4C8B,18.4,queries/tpch/tpch-queries/q13/v2_correlated.sql,measured,2,1,5,3,0.733,2166.551,7,3,42,3300084,150000,3601344,0,0,customer;orders;idx_orders_cust,1949947,0,0,0,0,0,0
2026-08-12T11:15:07Z,D77D6A589C8C4C8B,18.4,queries/tpch/tpch-queries/q13/v2_correlated.sql,measured,2,2,5,3,0.149,2053.578,7,3,42,3300084,150000,3601344,0,0,customer;orders;idx_orders_cust,1949944,0,0,0,0,0,0
2026-08-12T11:15:07Z,D77D6A589C8C4C8B,18.4,queries/tpch/tpch-queries/q13/v2_correlated.sql,measured,2,3,5,3,0.162,2059.638,7,3,42,3300084,150000,3601344,0,0,customer;orders;idx_orders_cust,1949944,0,0,0,0,0,0
2026-08-12T11:15:07Z,D77D6A589C8C4C8B,18.4,queries/tpch/tpch-queries/q13/v2_correlated.sql,measured,2,4,5,3,0.159,2055.480,7,3,42,3300084,150000,3601344,0,0,customer;orders;idx_orders_cust,1949944,0,0,0,0,0,0
2026-08-12T11:15:07Z,D77D6A589C8C4C8B,18.4,queries/tpch/tpch-queries/q13/v2_correlated.sql,measured,2,5,5,3,0.146,2034.304,7,3,42,3300084,150000,3601344,0,0,customer;orders;idx_orders_cust,1949944,0,0,0,0,0,0
2026-08-12T11:15:17Z,D77D6A589C8C4C8B,18.4,queries/tpch/tpch-queries/q13/v2_correlated.sql,measured,3,1,5,3,0.735,2174.154,7,3,42,3300084,150000,3601344,0,0,customer;orders;idx_orders_cust,1949947,0,0,0,0,0,0
2026-08-12T11:15:17Z,D77D6A589C8C4C8B,18.4,queries/tpch/tpch-queries/q13/v2_correlated.sql,measured,3,2,5,3,0.165,2067.270,7,3,42,3300084,150000,3601344,0,0,customer;orders;idx_orders_cust,1949944,0,0,0,0,0,0
2026-08-12T11:15:17Z,D77D6A589C8C4C8B,18.4,queries/tpch/tpch-queries/q13/v2_correlated.sql,measured,3,3,5,3,0.148,2047.108,7,3,42,3300084,150000,3601344,0,0,customer;orders;idx_orders_cust,1949944,0,0,0,0,0,0
2026-08-12T11:15:17Z,D77D6A589C8C4C8B,18.4,queries/tpch/tpch-queries/q13/v2_correlated.sql,measured,3,4,5,3,0.157,2059.256,7,3,42,3300084,150000,3601344,0,0,customer;orders;idx_orders_cust,1949944,0,0,0,0,0,0
2026-08-12T11:15:17Z,D77D6A589C8C4C8B,18.4,queries/tpch/tpch-queries/q13/v2_correlated.sql,measured,3,5,5,3,0.147,2040.922,7,3,42,3300084,150000,3601344,0,0,customer;orders;idx_orders_cust,1949944,0,0,0,0,0,0
2026-08-12T11:15:17Z,D77D6A589C8C4C8B,18.4,queries/tpch/tpch-queries/q14/base.sql,warmup,1,1,1,3,1.264,228.094,8,3,1,627948,1,13723385,0,2,lineitem;ixtest_lineitem_shipdate;part,1,45666,0,0,0,0,0
2026-08-12T11:15:18Z,D77D6A589C8C4C8B,18.4,queries/tpch/tpch-queries/q14/base.sql,warmup,2,1,1,3,1.224,198.579,8,3,1,627948,1,13723385,0,2,lineitem;ixtest_lineitem_shipdate;part,1,45666,0,0,0,0,0
2026-08-12T11:15:18Z,D77D6A589C8C4C8B,18.4,queries/tpch/tpch-queries/q14/base.sql,measured,1,1,5,3,1.831,187.926,8,3,1,627948,1,13723385,0,2,lineitem;ixtest_lineitem_shipdate;part,17012,28655,0,0,0,0,0
2026-08-12T11:15:18Z,D77D6A589C8C4C8B,18.4,queries/tpch/tpch-queries/q14/base.sql,measured,1,2,5,3,0.245,129.151,8,3,1,627948,1,13723385,0,2,lineitem;ixtest_lineitem_shipdate;part,45667,0,0,0,0,0,0
2026-08-12T11:15:18Z,D77D6A589C8C4C8B,18.4,queries/tpch/tpch-queries/q14/base.sql,measured,1,3,5,3,0.256,127.396,8,3,1,627948,1,13723385,0,2,lineitem;ixtest_lineitem_shipdate;part,45667,0,0,0,0,0,0
2026-08-12T11:15:18Z,D77D6A589C8C4C8B,18.4,queries/tpch/tpch-queries/q14/base.sql,measured,1,4,5,3,0.244,129.657,8,3,1,627948,1,13723385,0,2,lineitem;ixtest_lineitem_shipdate;part,45667,0,0,0,0,0,0
2026-08-12T11:15:18Z,D77D6A589C8C4C8B,18.4,queries/tpch/tpch-queries/q14/base.sql,measured,1,5,5,3,0.256,129.515,8,3,1,627948,1,13723385,0,2,lineitem;ixtest_lineitem_shipdate;part,45667,0,0,0,0,0,0
2026-08-12T11:15:19Z,D77D6A589C8C4C8B,18.4,queries/tpch/tpch-queries/q14/base.sql,measured,2,1,5,3,1.079,152.037,8,3,1,627948,1,13723385,0,2,lineitem;ixtest_lineitem_shipdate;part,45666,0,0,0,0,0,0
2026-08-12T11:15:19Z,D77D6A589C8C4C8B,18.4,queries/tpch/tpch-queries/q14/base.sql,measured,2,2,5,3,0.291,127.987,8,3,1,627948,1,13723385,0,2,lineitem;ixtest_lineitem_shipdate;part,45666,0,0,0,0,0,0
2026-08-12T11:15:19Z,D77D6A589C8C4C8B,18.4,queries/tpch/tpch-queries/q14/base.sql,measured,2,3,5,3,0.267,128.675,8,3,1,627948,1,13723385,0,2,lineitem;ixtest_lineitem_shipdate;part,45667,0,0,0,0,0,0
2026-08-12T11:15:19Z,D77D6A589C8C4C8B,18.4,queries/tpch/tpch-queries/q14/base.sql,measured,2,4,5,3,0.251,128.494,8,3,1,627948,1,13723385,0,2,lineitem;ixtest_lineitem_shipdate;part,45666,0,0,0,0,0,0
2026-08-12T11:15:19Z,D77D6A589C8C4C8B,18.4,queries/tpch/tpch-queries/q14/base.sql,measured,2,5,5,3,0.250,128.518,8,3,1,627948,1,13723385,0,2,lineitem;ixtest_lineitem_shipdate;part,45667,0,0,0,0,0,0
2026-08-12T11:15:20Z,D77D6A589C8C4C8B,18.4,queries/tpch/tpch-queries/q14/base.sql,measured,3,1,5,3,1.115,151.709,8,3,1,627948,1,13723385,0,2,lineitem;ixtest_lineitem_shipdate;part,45667,0,0,0,0,0,0
2026-08-12T11:15:20Z,D77D6A589C8C4C8B,18.4,queries/tpch/tpch-queries/q14/base.sql,measured,3,2,5,3,0.237,127.683,8,3,1,627948,1,13723385,0,2,lineitem;ixtest_lineitem_shipdate;part,45666,0,0,0,0,0,0
2026-08-12T11:15:20Z,D77D6A589C8C4C8B,18.4,queries/tpch/tpch-queries/q14/base.sql,measured,3,3,5,3,0.257,128.052,8,3,1,627948,1,13723385,0,2,lineitem;ixtest_lineitem_shipdate;part,45667,0,0,0,0,0,0
2026-08-12T11:15:20Z,D77D6A589C8C4C8B,18.4,queries/tpch/tpch-queries/q14/base.sql,measured,3,4,5,3,0.265,128.340,8,3,1,627948,1,13723385,0,2,lineitem;ixtest_lineitem_shipdate;part,45666,0,0,0,0,0,0
2026-08-12T11:15:20Z,D77D6A589C8C4C8B,18.4,queries/tpch/tpch-queries/q14/base.sql,measured,3,5,5,3,0.271,129.816,8,3,1,627948,1,13723385,0,2,lineitem;ixtest_lineitem_shipdate;part,45666,0,0,0,0,0,0
2026-08-12T11:15:20Z,D77D6A589C8C4C8B,18.4,queries/tpch/tpch-queries/q14/v1_materialized.sql,warmup,1,1,1,3,1.096,153.466,9,4,1,627949,1,13723417,0,2,_m;lineitem;ixtest_lineitem_shipdate;part,45666,0,0,0,0,0,0
2026-08-12T11:15:20Z,D77D6A589C8C4C8B,18.4,queries/tpch/tpch-queries/q14/v1_materialized.sql,warmup,2,1,1,3,1.218,154.299,9,4,1,627949,1,13723417,0,2,_m;lineitem;ixtest_lineitem_shipdate;part,45666,0,0,0,0,0,0
2026-08-12T11:15:21Z,D77D6A589C8C4C8B,18.4,queries/tpch/tpch-queries/q14/v1_materialized.sql,measured,1,1,5,3,1.120,152.734,9,4,1,627949,1,13723417,0,2,_m;lineitem;ixtest_lineitem_shipdate;part,45666,0,0,0,0,0,0
2026-08-12T11:15:21Z,D77D6A589C8C4C8B,18.4,queries/tpch/tpch-queries/q14/v1_materialized.sql,measured,1,2,5,3,0.254,129.548,9,4,1,627949,1,13723417,0,2,_m;lineitem;ixtest_lineitem_shipdate;part,45666,0,0,0,0,0,0
2026-08-12T11:15:21Z,D77D6A589C8C4C8B,18.4,queries/tpch/tpch-queries/q14/v1_materialized.sql,measured,1,3,5,3,0.267,129.513,9,4,1,627949,1,13723417,0,2,_m;lineitem;ixtest_lineitem_shipdate;part,45667,0,0,0,0,0,0
2026-08-12T11:15:21Z,D77D6A589C8C4C8B,18.4,queries/tpch/tpch-queries/q14/v1_materialized.sql,measured,1,4,5,3,0.285,129.645,9,4,1,627949,1,13723417,0,2,_m;lineitem;ixtest_lineitem_shipdate;part,45667,0,0,0,0,0,0
2026-08-12T11:15:21Z,D77D6A589C8C4C8B,18.4,queries/tpch/tpch-queries/q14/v1_materialized.sql,measured,1,5,5,3,0.274,130.371,9,4,1,627949,1,13723417,0,2,_m;lineitem;ixtest_lineitem_shipdate;part,45666,0,0,0,0,0,0
2026-08-12T11:15:22Z,D77D6A589C8C4C8B,18.4,queries/tpch/tpch-queries/q14/v1_materialized.sql,measured,2,1,5,3,1.318,153.814,9,4,1,627949,1,13723417,0,2,_m;lineitem;ixtest_lineitem_shipdate;part,45667,0,0,0,0,0,0
2026-08-12T11:15:22Z,D77D6A589C8C4C8B,18.4,queries/tpch/tpch-queries/q14/v1_materialized.sql,measured,2,2,5,3,0.271,130.030,9,4,1,627949,1,13723417,0,2,_m;lineitem;ixtest_lineitem_shipdate;part,45666,0,0,0,0,0,0
2026-08-12T11:15:22Z,D77D6A589C8C4C8B,18.4,queries/tpch/tpch-queries/q14/v1_materialized.sql,measured,2,3,5,3,0.274,129.889,9,4,1,627949,1,13723417,0,2,_m;lineitem;ixtest_lineitem_shipdate;part,45666,0,0,0,0,0,0
2026-08-12T11:15:22Z,D77D6A589C8C4C8B,18.4,queries/tpch/tpch-queries/q14/v1_materialized.sql,measured,2,4,5,3,0.300,131.844,9,4,1,627949,1,13723417,0,2,_m;lineitem;ixtest_lineitem_shipdate;part,45666,0,0,0,0,0,0
2026-08-12T11:15:22Z,D77D6A589C8C4C8B,18.4,queries/tpch/tpch-queries/q14/v1_materialized.sql,measured,2,5,5,3,0.285,130.585,9,4,1,627949,1,13723417,0,2,_m;lineitem;ixtest_lineitem_shipdate;part,45666,0,0,0,0,0,0
2026-08-12T11:15:23Z,D77D6A589C8C4C8B,18.4,queries/tpch/tpch-queries/q14/v1_materialized.sql,measured,3,1,5,3,1.094,154.599,9,4,1,627949,1,13723417,0,2,_m;lineitem;ixtest_lineitem_shipdate;part,45667,0,0,0,0,0,0
2026-08-12T11:15:23Z,D77D6A589C8C4C8B,18.4,queries/tpch/tpch-queries/q14/v1_materialized.sql,measured,3,2,5,3,0.264,130.339,9,4,1,627949,1,13723417,0,2,_m;lineitem;ixtest_lineitem_shipdate;part,45666,0,0,0,0,0,0
2026-08-12T11:15:23Z,D77D6A589C8C4C8B,18.4,queries/tpch/tpch-queries/q14/v1_materialized.sql,measured,3,3,5,3,0.296,130.409,9,4,1,627949,1,13723417,0,2,_m;lineitem;ixtest_lineitem_shipdate;part,45667,0,0,0,0,0,0
2026-08-12T11:15:23Z,D77D6A589C8C4C8B,18.4,queries/tpch/tpch-queries/q14/v1_materialized.sql,measured,3,4,5,3,0.267,129.429,9,4,1,627949,1,13723417,0,2,_m;lineitem;ixtest_lineitem_shipdate;part,45667,0,0,0,0,0,0
2026-08-12T11:15:23Z,D77D6A589C8C4C8B,18.4,queries/tpch/tpch-queries/q14/v1_materialized.sql,measured,3,5,5,3,0.298,129.447,9,4,1,627949,1,13723417,0,2,_m;lineitem;ixtest_lineitem_shipdate;part,45666,0,0,0,0,0,0
2026-08-12T11:15:23Z,D77D6A589C8C4C8B,18.4,queries/tpch/tpch-queries/q14/v2_filter.sql,warmup,1,1,1,3,1.502,161.042,8,3,1,627948,1,13723385,0,2,lineitem;ixtest_lineitem_shipdate;part,45666,0,0,0,0,0,0
2026-08-12T11:15:23Z,D77D6A589C8C4C8B,18.4,queries/tpch/tpch-queries/q14/v2_filter.sql,warmup,2,1,1,3,1.086,152.203,8,3,1,627948,1,13723385,0,2,lineitem;ixtest_lineitem_shipdate;part,45666,0,0,0,0,0,0
2026-08-12T11:15:24Z,D77D6A589C8C4C8B,18.4,queries/tpch/tpch-queries/q14/v2_filter.sql,measured,1,1,5,3,1.084,152.262,8,3,1,627948,1,13723385,0,2,lineitem;ixtest_lineitem_shipdate;part,45666,0,0,0,0,0,0
2026-08-12T11:15:24Z,D77D6A589C8C4C8B,18.4,queries/tpch/tpch-queries/q14/v2_filter.sql,measured,1,2,5,3,0.236,131.565,8,3,1,627948,1,13723385,0,2,lineitem;ixtest_lineitem_shipdate;part,45667,0,0,0,0,0,0
2026-08-12T11:15:24Z,D77D6A589C8C4C8B,18.4,queries/tpch/tpch-queries/q14/v2_filter.sql,measured,1,3,5,3,0.269,130.273,8,3,1,627948,1,13723385,0,2,lineitem;ixtest_lineitem_shipdate;part,45666,0,0,0,0,0,0
2026-08-12T11:15:24Z,D77D6A589C8C4C8B,18.4,queries/tpch/tpch-queries/q14/v2_filter.sql,measured,1,4,5,3,0.257,129.072,8,3,1,627948,1,13723385,0,2,lineitem;ixtest_lineitem_shipdate;part,45666,0,0,0,0,0,0
2026-08-12T11:15:24Z,D77D6A589C8C4C8B,18.4,queries/tpch/tpch-queries/q14/v2_filter.sql,measured,1,5,5,3,0.264,128.173,8,3,1,627948,1,13723385,0,2,lineitem;ixtest_lineitem_shipdate;part,45666,0,0,0,0,0,0
2026-08-12T11:15:25Z,D77D6A589C8C4C8B,18.4,queries/tpch/tpch-queries/q14/v2_filter.sql,measured,2,1,5,3,1.122,152.448,8,3,1,627948,1,13723385,0,2,lineitem;ixtest_lineitem_shipdate;part,45667,0,0,0,0,0,0
2026-08-12T11:15:25Z,D77D6A589C8C4C8B,18.4,queries/tpch/tpch-queries/q14/v2_filter.sql,measured,2,2,5,3,0.241,130.894,8,3,1,627948,1,13723385,0,2,lineitem;ixtest_lineitem_shipdate;part,45666,0,0,0,0,0,0
2026-08-12T11:15:25Z,D77D6A589C8C4C8B,18.4,queries/tpch/tpch-queries/q14/v2_filter.sql,measured,2,3,5,3,0.266,130.071,8,3,1,627948,1,13723385,0,2,lineitem;ixtest_lineitem_shipdate;part,45666,0,0,0,0,0,0
2026-08-12T11:15:25Z,D77D6A589C8C4C8B,18.4,queries/tpch/tpch-queries/q14/v2_filter.sql,measured,2,4,5,3,0.262,130.106,8,3,1,627948,1,13723385,0,2,lineitem;ixtest_lineitem_shipdate;part,45666,0,0,0,0,0,0
2026-08-12T11:15:25Z,D77D6A589C8C4C8B,18.4,queries/tpch/tpch-queries/q14/v2_filter.sql,measured,2,5,5,3,0.292,129.339,8,3,1,627948,1,13723385,0,2,lineitem;ixtest_lineitem_shipdate;part,45666,0,0,0,0,0,0
2026-08-12T11:15:26Z,D77D6A589C8C4C8B,18.4,queries/tpch/tpch-queries/q14/v2_filter.sql,measured,3,1,5,3,1.072,151.917,8,3,1,627948,1,13723385,0,2,lineitem;ixtest_lineitem_shipdate;part,45667,0,0,0,0,0,0
2026-08-12T11:15:26Z,D77D6A589C8C4C8B,18.4,queries/tpch/tpch-queries/q14/v2_filter.sql,measured,3,2,5,3,0.235,128.719,8,3,1,627948,1,13723385,0,2,lineitem;ixtest_lineitem_shipdate;part,45667,0,0,0,0,0,0
2026-08-12T11:15:26Z,D77D6A589C8C4C8B,18.4,queries/tpch/tpch-queries/q14/v2_filter.sql,measured,3,3,5,3,0.278,129.891,8,3,1,627948,1,13723385,0,2,lineitem;ixtest_lineitem_shipdate;part,45667,0,0,0,0,0,0
2026-08-12T11:15:26Z,D77D6A589C8C4C8B,18.4,queries/tpch/tpch-queries/q14/v2_filter.sql,measured,3,4,5,3,0.248,131.127,8,3,1,627948,1,13723385,0,2,lineitem;ixtest_lineitem_shipdate;part,45666,0,0,0,0,0,0
2026-08-12T11:15:26Z,D77D6A589C8C4C8B,18.4,queries/tpch/tpch-queries/q14/v2_filter.sql,measured,3,5,5,3,0.248,128.783,8,3,1,627948,1,13723385,0,2,lineitem;ixtest_lineitem_shipdate;part,45666,0,0,0,0,0,0
2026-08-12T11:15:26Z,D77D6A589C8C4C8B,18.4,queries/tpch/tpch-queries/q15/base.sql,warmup,1,1,1,3,1.275,401.019,11,5,1,561860,50,7533634,9999,2,lineitem;ixtest_lineitem_shipdate;revenue;supplier,24422,42641,0,0,0,0,0
2026-08-12T11:15:27Z,D77D6A589C8C4C8B,18.4,queries/tpch/tpch-queries/q15/base.sql,warmup,2,1,1,3,1.324,399.627,11,5,1,561814,50,7531978,9999,2,lineitem;ixtest_lineitem_shipdate;revenue;supplier,22311,44752,0,0,0,0,0
2026-08-12T11:15:28Z,D77D6A589C8C4C8B,18.4,queries/tpch/tpch-queries/q15/base.sql,measured,1,1,5,3,2.044,353.956,11,5,1,561806,50,7531690,9999,2,lineitem;ixtest_lineitem_shipdate;revenue;supplier,41210,25853,0,0,0,0,0
2026-08-12T11:15:28Z,D77D6A589C8C4C8B,18.4,queries/tpch/tpch-queries/q15/base.sql,measured,1,2,5,3,0.177,345.232,11,5,1,561769,50,7530358,9999,2,lineitem;ixtest_lineitem_shipdate;revenue;supplier,31185,35878,0,0,0,0,0
2026-08-12T11:15:28Z,D77D6A589C8C4C8B,18.4,queries/tpch/tpch-queries/q15/base.sql,measured,1,3,5,3,0.179,280.313,11,5,1,561813,50,7531942,9999,2,lineitem;ixtest_lineitem_shipdate;revenue;supplier,45057,22006,0,0,0,0,0
2026-08-12T11:15:28Z,D77D6A589C8C4C8B,18.4,queries/tpch/tpch-queries/q15/base.sql,measured,1,4,5,3,0.178,331.322,11,5,1,561724,50,7528738,9999,2,lineitem;ixtest_lineitem_shipdate;revenue;supplier,23756,43307,0,0,0,0,0
2026-08-12T11:15:28Z,D77D6A589C8C4C8B,18.4,queries/tpch/tpch-queries/q15/base.sql,measured,1,5,5,3,0.174,308.306,11,5,1,561867,50,7533886,9999,2,lineitem;ixtest_lineitem_shipdate;revenue;supplier,46998,20065,0,0,0,0,0
2026-08-12T11:15:30Z,D77D6A589C8C4C8B,18.4,queries/tpch/tpch-queries/q15/base.sql,measured,2,1,5,3,1.948,317.442,11,5,1,561869,50,7533958,9999,2,lineitem;ixtest_lineitem_shipdate;revenue;supplier,52193,14870,0,0,0,0,0
2026-08-12T11:15:30Z,D77D6A589C8C4C8B,18.4,queries/tpch/tpch-queries/q15/base.sql,measured,2,2,5,3,0.183,318.707,11,5,1,561805,50,7531654,9999,2,lineitem;ixtest_lineitem_shipdate;revenue;supplier,30558,36505,0,0,0,0,0
2026-08-12T11:15:30Z,D77D6A589C8C4C8B,18.4,queries/tpch/tpch-queries/q15/base.sql,measured,2,3,5,3,0.177,294.568,11,5,1,561788,50,7531042,9999,2,lineitem;ixtest_lineitem_shipdate;revenue;supplier,44472,22591,0,0,0,0,0
2026-08-12T11:15:30Z,D77D6A589C8C4C8B,18.4,queries/tpch/tpch-queries/q15/base.sql,measured,2,4,5,3,0.182,319.712,11,5,1,561797,50,7531366,9999,2,lineitem;ixtest_lineitem_shipdate;revenue;supplier,29037,38026,0,0,0,0,0
2026-08-12T11:15:30Z,D77D6A589C8C4C8B,18.4,queries/tpch/tpch-queries/q15/base.sql,measured,2,5,5,3,0.177,291.768,11,5,1,561813,50,7531942,9999,2,lineitem;ixtest_lineitem_shipdate;revenue;supplier,39682,27381,0,0,0,0,0
2026-08-12T11:15:32Z,D77D6A589C8C4C8B,18.4,queries/tpch/tpch-queries/q15/base.sql,measured,3,1,5,3,1.531,370.488,11,5,1,561851,50,7533310,9999,2,lineitem;ixtest_lineitem_shipdate;revenue;supplier,27435,39628,0,0,0,0,0
2026-08-12T11:15:32Z,D77D6A589C8C4C8B,18.4,queries/tpch/tpch-queries/q15/base.sql,measured,3,2,5,3,0.179,308.043,11,5,1,561806,50,7531690,9999,2,lineitem;ixtest_lineitem_shipdate;revenue;supplier,39682,27381,0,0,0,0,0
2026-08-12T11:15:32Z,D77D6A589C8C4C8B,18.4,queries/tpch/tpch-queries/q15/base.sql,measured,3,3,5,3,0.177,329.963,11,5,1,561752,50,7529746,9999,2,lineitem;ixtest_lineitem_shipdate;revenue;supplier,27435,39628,0,0,0,0,0
2026-08-12T11:15:32Z,D77D6A589C8C4C8B,18.4,queries/tpch/tpch-queries/q15/base.sql,measured,3,4,5,3,0.187,338.624,11,5,1,561831,50,7532590,9999,2,lineitem;ixtest_lineitem_shipdate;revenue;supplier,24956,42107,0,0,0,0,0
2026-08-12T11:15:32Z,D77D6A589C8C4C8B,18.4,queries/tpch/tpch-queries/q15/base.sql,measured,3,5,5,3,0.176,313.220,11,5,1,561842,50,7532986,9999,2,lineitem;ixtest_lineitem_shipdate;revenue;supplier,40682,26381,0,0,0,0,0
2026-08-12T11:15:32Z,D77D6A589C8C4C8B,18.4,queries/tpch/tpch-queries/q15/v1_materialized.sql,warmup,1,1,1,3,1.748,396.678,13,6,1,561843,50,7533554,9999,2,lineitem;ixtest_lineitem_shipdate;revenue;supplier;_m,23629,43434,0,0,0,0,0
2026-08-12T11:15:33Z,D77D6A589C8C4C8B,18.4,queries/tpch/tpch-queries/q15/v1_materialized.sql,warmup,2,1,1,3,1.366,319.563,13,6,1,561799,50,7531970,9999,2,lineitem;ixtest_lineitem_shipdate;revenue;supplier;_m,43501,23562,0,0,0,0,0
2026-08-12T11:15:34Z,D77D6A589C8C4C8B,18.4,queries/tpch/tpch-queries/q15/v1_materialized.sql,measured,1,1,5,3,1.421,390.661,13,6,1,561799,50,7531970,9999,2,lineitem;ixtest_lineitem_shipdate;revenue;supplier;_m,13727,53336,0,0,0,0,0
2026-08-12T11:15:34Z,D77D6A589C8C4C8B,18.4,queries/tpch/tpch-queries/q15/v1_materialized.sql,measured,1,2,5,3,0.280,259.573,13,6,1,561816,50,7532582,9999,2,lineitem;ixtest_lineitem_shipdate;revenue;supplier;_m,53390,13673,0,0,0,0,0
2026-08-12T11:15:34Z,D77D6A589C8C4C8B,18.4,queries/tpch/tpch-queries/q15/v1_materialized.sql,measured,1,3,5,3,0.199,349.027,13,6,1,561833,50,7533194,9999,2,lineitem;ixtest_lineitem_shipdate;revenue;supplier;_m,13727,53336,0,0,0,0,0
2026-08-12T11:15:34Z,D77D6A589C8C4C8B,18.4,queries/tpch/tpch-queries/q15/v1_materialized.sql,measured,1,4,5,3,0.197,265.238,13,6,1,561853,50,7533914,9999,2,lineitem;ixtest_lineitem_shipdate;revenue;supplier;_m,53390,13673,0,0,0,0,0
2026-08-12T11:15:34Z,D77D6A589C8C4C8B,18.4,queries/tpch/tpch-queries/q15/v1_materialized.sql,measured,1,5,5,3,0.197,336.620,13,6,1,561663,50,7527074,9999,2,lineitem;ixtest_lineitem_shipdate;revenue;supplier;_m,13727,53336,0,0,0,0,0
2026-08-12T11:15:36Z,D77D6A589C8C4C8B,18.4,queries/tpch/tpch-queries/q15/v1_materialized.sql,measured,2,1,5,3,1.991,356.403,13,6,1,561826,50,7532942,9999,2,lineitem;ixtest_lineitem_shipdate;revenue;supplier;_m,47967,19096,0,0,0,0,0
2026-08-12T11:15:36Z,D77D6A589C8C4C8B,18.4,queries/tpch/tpch-queries/q15/v1_materialized.sql,measured,2,2,5,3,0.209,334.793,13,6,1,561673,50,7527434,9999,2,lineitem;ixtest_lineitem_shipdate;revenue;supplier;_m,19150,47913,0,0,0,0,0
2026-08-12T11:15:36Z,D77D6A589C8C4C8B,18.4,queries/tpch/tpch-queries/q15/v1_materialized.sql,measured,2,3,5,3,0.190,298.949,13,6,1,561799,50,7531970,9999,2,lineitem;ixtest_lineitem_shipdate;revenue;supplier;_m,44852,22211,0,0,0,0,0
2026-08-12T11:15:36Z,D77D6A589C8C4C8B,18.4,queries/tpch/tpch-queries/q15/v1_materialized.sql,measured,2,4,5,3,0.199,303.812,13,6,1,561843,50,7533554,9999,2,lineitem;ixtest_lineitem_shipdate;revenue;supplier;_m,22267,44796,0,0,0,0,0
2026-08-12T11:15:36Z,D77D6A589C8C4C8B,18.4,queries/tpch/tpch-queries/q15/v1_materialized.sql,measured,2,5,5,3,0.193,325.574,13,6,1,561843,50,7533554,9999,2,lineitem;ixtest_lineitem_shipdate;revenue;supplier;_m,32141,34922,0,0,0,0,0
2026-08-12T11:15:38Z,D77D6A589C8C4C8B,18.4,queries/tpch/tpch-queries/q15/v1_materialized.sql,measured,3,1,5,3,1.568,345.972,13,6,1,561835,50,7533266,9999,2,lineitem;ixtest_lineitem_shipdate;revenue;supplier;_m,35022,32041,0,0,0,0,0
2026-08-12T11:15:38Z,D77D6A589C8C4C8B,18.4,queries/tpch/tpch-queries/q15/v1_materialized.sql,measured,3,2,5,3,0.192,295.958,13,6,1,561752,50,7530278,9999,2,lineitem;ixtest_lineitem_shipdate;revenue;supplier;_m,28466,38597,0,0,0,0,0
2026-08-12T11:15:38Z,D77D6A589C8C4C8B,18.4,queries/tpch/tpch-queries/q15/v1_materialized.sql,measured,3,3,5,3,0.197,304.752,13,6,1,561817,50,7532618,9999,2,lineitem;ixtest_lineitem_shipdate;revenue;supplier;_m,38727,28336,0,0,0,0,0
2026-08-12T11:15:38Z,D77D6A589C8C4C8B,18.4,queries/tpch/tpch-queries/q15/v1_materialized.sql,measured,3,4,5,3,0.200,339.635,13,6,1,561842,50,7533518,9999,2,lineitem;ixtest_lineitem_shipdate;revenue;supplier;_m,18101,48962,0,0,0,0,0
2026-08-12T11:15:38Z,D77D6A589C8C4C8B,18.4,queries/tpch/tpch-queries/q15/v1_materialized.sql,measured,3,5,5,3,0.217,291.693,13,6,1,561869,50,7534490,9999,2,lineitem;ixtest_lineitem_shipdate;revenue;supplier;_m,49016,18047,0,0,0,0,0
2026-08-12T11:15:38Z,D77D6A589C8C4C8B,18.4,queries/tpch/tpch-queries/q16/base.sql,warmup,1,1,1,3,1.644,267.874,10,4,18314,1282124,15815,24568240,10851,2,partsupp;supplier;part;ixtest_part_size,545,6549,0,0,0,0,0
2026-08-12T11:15:38Z,D77D6A589C8C4C8B,18.4,queries/tpch/tpch-queries/q16/base.sql,warmup,2,1,1,3,1.117,245.032,10,4,18314,1282124,15815,24568240,10851,2,partsupp;supplier;part;ixtest_part_size,7094,0,0,0,0,0,0
2026-08-12T11:15:40Z,D77D6A589C8C4C8B,18.4,queries/tpch/tpch-queries/q16/base.sql,measured,1,1,5,3,1.015,245.494,10,4,18314,1282124,15815,24568240,10851,2,partsupp;supplier;part;ixtest_part_size,7094,0,0,0,0,0,0
2026-08-12T11:15:40Z,D77D6A589C8C4C8B,18.4,queries/tpch/tpch-queries/q16/base.sql,measured,1,2,5,3,0.296,242.277,10,4,18314,1282124,15815,24568240,10851,2,partsupp;supplier;part;ixtest_part_size,7091,0,0,0,0,0,0
2026-08-12T11:15:40Z,D77D6A589C8C4C8B,18.4,queries/tpch/tpch-queries/q16/base.sql,measured,1,3,5,3,0.301,242.682,10,4,18314,1282124,15815,24568240,10851,2,partsupp;supplier;part;ixtest_part_size,7091,0,0,0,0,0,0
2026-08-12T11:15:40Z,D77D6A589C8C4C8B,18.4,queries/tpch/tpch-queries/q16/base.sql,measured,1,4,5,3,0.288,243.146,10,4,18314,1282124,15815,24568240,10851,2,partsupp;supplier;part;ixtest_part_size,7091,0,0,0,0,0,0
2026-08-12T11:15:40Z,D77D6A589C8C4C8B,18.4,queries/tpch/tpch-queries/q16/base.sql,measured,1,5,5,3,0.288,241.783,10,4,18314,1282124,15815,24568240,10851,2,partsupp;supplier;part;ixtest_part_size,7091,0,0,0,0,0,0
2026-08-12T11:15:41Z,D77D6A589C8C4C8B,18.4,queries/tpch/tpch-queries/q16/base.sql,measured,2,1,5,3,1.002,241.014,10,4,18314,1282124,15815,24568240,10851,2,partsupp;supplier;part;ixtest_part_size,7094,0,0,0,0,0,0
2026-08-12T11:15:41Z,D77D6A589C8C4C8B,18.4,queries/tpch/tpch-queries/q16/base.sql,measured,2,2,5,3,0.285,245.243,10,4,18314,1282124,15815,24568240,10851,2,partsupp;supplier;part;ixtest_part_size,7091,0,0,0,0,0,0
2026-08-12T11:15:41Z,D77D6A589C8C4C8B,18.4,queries/tpch/tpch-queries/q16/base.sql,measured,2,3,5,3,0.298,246.129,10,4,18314,1282124,15815,24568240,10851,2,partsupp;supplier;part;ixtest_part_size,7091,0,0,0,0,0,0
2026-08-12T11:15:41Z,D77D6A589C8C4C8B,18.4,queries/tpch/tpch-queries/q16/base.sql,measured,2,4,5,3,0.288,244.692,10,4,18314,1282124,15815,24568240,10851,2,partsupp;supplier;part;ixtest_part_size,7091,0,0,0,0,0,0
2026-08-12T11:15:41Z,D77D6A589C8C4C8B,18.4,queries/tpch/tpch-queries/q16/base.sql,measured,2,5,5,3,0.282,244.223,10,4,18314,1282124,15815,24568240,10851,2,partsupp;supplier;part;ixtest_part_size,7091,0,0,0,0,0,0
2026-08-12T11:15:42Z,D77D6A589C8C4C8B,18.4,queries/tpch/tpch-queries/q16/base.sql,measured,3,1,5,3,1.026,245.271,10,4,18314,1282124,15815,24568240,10851,2,partsupp;supplier;part;ixtest_part_size,7094,0,0,0,0,0,0
2026-08-12T11:15:42Z,D77D6A589C8C4C8B,18.4,queries/tpch/tpch-queries/q16/base.sql,measured,3,2,5,3,0.285,245.659,10,4,18314,1282124,15815,24568240,10851,2,partsupp;supplier;part;ixtest_part_size,7091,0,0,0,0,0,0
2026-08-12T11:15:42Z,D77D6A589C8C4C8B,18.4,queries/tpch/tpch-queries/q16/base.sql,measured,3,3,5,3,0.282,246.714,10,4,18314,1282124,15815,24568240,10851,2,partsupp;supplier;part;ixtest_part_size,7091,0,0,0,0,0,0
2026-08-12T11:15:42Z,D77D6A589C8C4C8B,18.4,queries/tpch/tpch-queries/q16/base.sql,measured,3,4,5,3,0.283,249.107,10,4,18314,1282124,15815,24568240,10851,2,partsupp;supplier;part;ixtest_part_size,7091,0,0,0,0,0,0
2026-08-12T11:15:42Z,D77D6A589C8C4C8B,18.4,queries/tpch/tpch-queries/q16/base.sql,measured,3,5,5,3,0.296,249.743,10,4,18314,1282124,15815,24568240,10851,2,partsupp;supplier;part;ixtest_part_size,7091,0,0,0,0,0,0
2026-08-12T11:15:43Z,D77D6A589C8C4C8B,18.4,queries/tpch/tpch-queries/q16/v1_materialized.sql,warmup,1,1,1,3,1.205,249.462,11,5,18314,1300438,15815,28304296,10851,2,partsupp;supplier;part;ixtest_part_size;_m,7093,0,0,0,0,0,0
2026-08-12T11:15:43Z,D77D6A589C8C4C8B,18.4,queries/tpch/tpch-queries/q16/v1_materialized.sql,warmup,2,1,1,3,1.074,247.679,11,5,18314,1300438,15815,28304296,10851,2,partsupp;supplier;part;ixtest_part_size;_m,7094,0,0,0,0,0,0
2026-08-12T11:15:44Z,D77D6A589C8C4C8B,18.4,queries/tpch/tpch-queries/q16/v1_materialized.sql,measured,1,1,5,3,1.018,246.199,11,5,18314,1300438,15815,28304296,10851,2,partsupp;supplier;part;ixtest_part_size;_m,7093,0,0,0,0,0,0
2026-08-12T11:15:44Z,D77D6A589C8C4C8B,18.4,queries/tpch/tpch-queries/q16/v1_materialized.sql,measured,1,2,5,3,0.319,246.608,11,5,18314,1300438,15815,28304296,10851,2,partsupp;supplier;part;ixtest_part_size;_m,7091,0,0,0,0,0,0
2026-08-12T11:15:44Z,D77D6A589C8C4C8B,18.4,queries/tpch/tpch-queries/q16/v1_materialized.sql,measured,1,3,5,3,0.309,245.793,11,5,18314,1300438,15815,28304296,10851,2,partsupp;supplier;part;ixtest_part_size;_m,7091,0,0,0,0,0,0
2026-08-12T11:15:44Z,D77D6A589C8C4C8B,18.4,queries/tpch/tpch-queries/q16/v1_materialized.sql,measured,1,4,5,3,0.297,245.719,11,5,18314,1300438,15815,28304296,10851,2,partsupp;supplier;part;ixtest_part_size;_m,7091,0,0,0,0,0,0
2026-08-12T11:15:44Z,D77D6A589C8C4C8B,18.4,queries/tpch/tpch-queries/q16/v1_materialized.sql,measured,1,5,5,3,0.303,248.442,11,5,18314,1300438,15815,28304296,10851,2,partsupp;supplier;part;ixtest_part_size;_m,7091,0,0,0,0,0,0
2026-08-12T11:15:46Z,D77D6A589C8C4C8B,18.4,queries/tpch/tpch-queries/q16/v1_materialized.sql,measured,2,1,5,3,1.026,246.684,11,5,18314,1300438,15815,28304296,10851,2,partsupp;supplier;part;ixtest_part_size;_m,7093,0,0,0,0,0,0
2026-08-12T11:15:46Z,D77D6A589C8C4C8B,18.4,queries/tpch/tpch-queries/q16/v1_materialized.sql,measured,2,2,5,3,0.321,247.243,11,5,18314,1300438,15815,28304296,10851,2,partsupp;supplier;part;ixtest_part_size;_m,7091,0,0,0,0,0,0
2026-08-12T11:15:46Z,D77D6A589C8C4C8B,18.4,queries/tpch/tpch-queries/q16/v1_materialized.sql,measured,2,3,5,3,0.293,250.288,11,5,18314,1300438,15815,28304296,10851,2,partsupp;supplier;part;ixtest_part_size;_m,7091,0,0,0,0,0,0
2026-08-12T11:15:46Z,D77D6A589C8C4C8B,18.4,queries/tpch/tpch-queries/q16/v1_materialized.sql,measured,2,4,5,3,0.291,249.231,11,5,18314,1300438,15815,28304296,10851,2,partsupp;supplier;part;ixtest_part_size;_m,7091,0,0,0,0,0,0
2026-08-12T11:15:46Z,D77D6A589C8C4C8B,18.4,queries/tpch/tpch-queries/q16/v1_materialized.sql,measured,2,5,5,3,0.293,247.052,11,5,18314,1300438,15815,28304296,10851,2,partsupp;supplier;part;ixtest_part_size;_m,7091,0,0,0,0,0,0
2026-08-12T11:15:47Z,D77D6A589C8C4C8B,18.4,queries/tpch/tpch-queries/q16/v1_materialized.sql,measured,3,1,5,3,1.146,245.773,11,5,18314,1300438,15815,28304296,10851,2,partsupp;supplier;part;ixtest_part_size;_m,7094,0,0,0,0,0,0
2026-08-12T11:15:47Z,D77D6A589C8C4C8B,18.4,queries/tpch/tpch-queries/q16/v1_materialized.sql,measured,3,2,5,3,0.311,255.241,11,5,18314,1300438,15815,28304296,10851,2,partsupp;supplier;part;ixtest_part_size;_m,7091,0,0,0,0,0,0
2026-08-12T11:15:47Z,D77D6A589C8C4C8B,18.4,queries/tpch/tpch-queries/q16/v1_materialized.sql,measured,3,3,5,3,0.301,245.111,11,5,18314,1300438,15815,28304296,10851,2,partsupp;supplier;part;ixtest_part_size;_m,7090,0,0,0,0,0,0
2026-08-12T11:15:47Z,D77D6A589C8C4C8B,18.4,queries/tpch/tpch-queries/q16/v1_materialized.sql,measured,3,4,5,3,0.298,245.404,11,5,18314,1300438,15815,28304296,10851,2,partsupp;supplier;part;ixtest_part_size;_m,7091,0,0,0,0,0,0
2026-08-12T11:15:47Z,D77D6A589C8C4C8B,18.4,queries/tpch/tpch-queries/q16/v1_materialized.sql,measured,3,5,5,3,0.308,244.991,11,5,18314,1300438,15815,28304296,10851,2,partsupp;supplier;part;ixtest_part_size;_m,7091,0,0,0,0,0,0
2026-08-12T11:15:47Z,D77D6A589C8C4C8B,18.4,queries/tpch/tpch-queries/q16/v2_not_exists.sql,warmup,1,1,1,3,1.170,203.120,11,4,18314,689523,15815,22667160,10744,2,part;ixtest_part_size;partsupp;supplier,93811,7,0,0,0,0,0
2026-08-12T11:15:48Z,D77D6A589C8C4C8B,18.4,queries/tpch/tpch-queries/q16/v2_not_exists.sql,warmup,2,1,1,3,1.157,205.099,11,4,18314,689523,15815,22667160,10744,2,part;ixtest_part_size;partsupp;supplier,93818,0,0,0,0,0,0
2026-08-12T11:15:49Z,D77D6A589C8C4C8B,18.4,queries/tpch/tpch-queries/q16/v2_not_exists.sql,measured,1,1,5,3,1.175,208.041,11,4,18314,689523,15815,22667160,10744,2,part;ixtest_part_size;partsupp;supplier,93818,0,0,0,0,0,0
2026-08-12T11:15:49Z,D77D6A589C8C4C8B,18.4,queries/tpch/tpch-queries/q16/v2_not_exists.sql,measured,1,2,5,3,0.404,216.955,11,4,18314,689523,15815,22667160,10744,2,part;ixtest_part_size;partsupp;supplier,93815,0,0,0,0,0,0
2026-08-12T11:15:49Z,D77D6A589C8C4C8B,18.4,queries/tpch/tpch-queries/q16/v2_not_exists.sql,measured,1,3,5,3,0.389,216.213,11,4,18314,689523,15815,22667160,10744,2,part;ixtest_part_size;partsupp;supplier,93815,0,0,0,0,0,0
2026-08-12T11:15:49Z,D77D6A589C8C4C8B,18.4,queries/tpch/tpch-queries/q16/v2_not_exists.sql,measured,1,4,5,3,0.404,217.418,11,4,18314,689523,15815,22667160,10744,2,part;ixtest_part_size;partsupp;supplier,93815,0,0,0,0,0,0
2026-08-12T11:15:49Z,D77D6A589C8C4C8B,18.4,queries/tpch/tpch-queries/q16/v2_not_exists.sql,measured,1,5,5,3,0.386,217.646,11,4,18314,689523,15815,22667160,10744,2,part;ixtest_part_size;partsupp;supplier,93815,0,0,0,0,0,0
2026-08-12T11:15:50Z,D77D6A589C8C4C8B,18.4,queries/tpch/tpch-queries/q16/v2_not_exists.sql,measured,2,1,5,3,1.150,205.719,11,4,18314,689523,15815,22667160,10744,2,part;ixtest_part_size;partsupp;supplier,93818,0,0,0,0,0,0
2026-08-12T11:15:50Z,D77D6A589C8C4C8B,18.4,queries/tpch/tpch-queries/q16/v2_not_exists.sql,measured,2,2,5,3,0.396,209.745,11,4,18314,689523,15815,22667160,10744,2,part;ixtest_part_size;partsupp;supplier,93815,0,0,0,0,0,0
2026-08-12T11:15:50Z,D77D6A589C8C4C8B,18.4,queries/tpch/tpch-queries/q16/v2_not_exists.sql,measured,2,3,5,3,0.402,209.992,11,4,18314,689523,15815,22667160,10744,2,part;ixtest_part_size;partsupp;supplier,93815,0,0,0,0,0,0
2026-08-12T11:15:50Z,D77D6A589C8C4C8B,18.4,queries/tpch/tpch-queries/q16/v2_not_exists.sql,measured,2,4,5,3,0.403,212.215,11,4,18314,689523,15815,22667160,10744,2,part;ixtest_part_size;partsupp;supplier,93815,0,0,0,0,0,0
2026-08-12T11:15:50Z,D77D6A589C8C4C8B,18.4,queries/tpch/tpch-queries/q16/v2_not_exists.sql,measured,2,5,5,3,0.378,212.272,11,4,18314,689523,15815,22667160,10744,2,part;ixtest_part_size;partsupp;supplier,93815,0,0,0,0,0,0
2026-08-12T11:15:51Z,D77D6A589C8C4C8B,18.4,queries/tpch/tpch-queries/q16/v2_not_exists.sql,measured,3,1,5,3,1.184,203.999,11,4,18314,689523,15815,22667160,10744,2,part;ixtest_part_size;partsupp;supplier,93818,0,0,0,0,0,0
2026-08-12T11:15:51Z,D77D6A589C8C4C8B,18.4,queries/tpch/tpch-queries/q16/v2_not_exists.sql,measured,3,2,5,3,0.392,211.524,11,4,18314,689523,15815,22667160,10744,2,part;ixtest_part_size;partsupp;supplier,93815,0,0,0,0,0,0
2026-08-12T11:15:51Z,D77D6A589C8C4C8B,18.4,queries/tpch/tpch-queries/q16/v2_not_exists.sql,measured,3,3,5,3,0.404,211.444,11,4,18314,689523,15815,22667160,10744,2,part;ixtest_part_size;partsupp;supplier,93815,0,0,0,0,0,0
2026-08-12T11:15:51Z,D77D6A589C8C4C8B,18.4,queries/tpch/tpch-queries/q16/v2_not_exists.sql,measured,3,4,5,3,0.384,212.238,11,4,18314,689523,15815,22667160,10744,2,part;ixtest_part_size;partsupp;supplier,93815,0,0,0,0,0,0
2026-08-12T11:15:51Z,D77D6A589C8C4C8B,18.4,queries/tpch/tpch-queries/q16/v2_not_exists.sql,measured,3,5,5,3,0.395,213.146,11,4,18314,689523,15815,22667160,10744,2,part;ixtest_part_size;partsupp;supplier,93815,0,0,0,0,0,0
2026-08-12T11:15:54Z,D77D6A589C8C4C8B,18.4,queries/tpch/tpch-queries/q17/v2_decorrelate.sql,warmup,1,1,1,3,1.473,2279.020,14,5,1,8013199,1,125941059,27,2,part;ixtest_part_container;ixtest_part_brand;lineitem,61346,58180,0,0,32291,54669,0
2026-08-12T11:15:56Z,D77D6A589C8C4C8B,18.4,queries/tpch/tpch-queries/q17/v2_decorrelate.sql,warmup,2,1,1,3,1.195,2198.853,14,5,1,8013189,1,125940699,27,2,part;ixtest_part_container;ixtest_part_brand;lineitem,64544,54982,0,0,33364,55467,0
2026-08-12T11:16:07Z,D77D6A589C8C4C8B,18.4,queries/tpch/tpch-queries/q17/v2_decorrelate.sql,measured,1,1,5,3,1.160,2212.493,14,5,1,8013243,1,125942643,27,2,part;ixtest_part_container;ixtest_part_brand;lineitem,64559,54967,0,0,32410,54660,0
2026-08-12T11:16:07Z,D77D6A589C8C4C8B,18.4,queries/tpch/tpch-queries/q17/v2_decorrelate.sql,measured,1,2,5,3,0.323,2300.925,14,5,1,8013047,1,125935587,27,2,part;ixtest_part_container;ixtest_part_brand;lineitem,64561,54965,0,0,32404,54484,0
2026-08-12T11:16:07Z,D77D6A589C8C4C8B,18.4,queries/tpch/tpch-queries/q17/v2_decorrelate.sql,measured,1,3,5,3,0.310,2353.927,14,5,1,8012750,1,125924895,27,2,part;ixtest_part_container;ixtest_part_brand;lineitem,64592,54934,0,0,33055,55443,0
2026-08-12T11:16:07Z,D77D6A589C8C4C8B,18.4,queries/tpch/tpch-queries/q17/v2_decorrelate.sql,measured,1,4,5,3,0.317,2268.211,14,5,1,8012948,1,125932023,27,2,part;ixtest_part_container;ixtest_part_brand;lineitem,64598,54928,0,0,31741,53347,0
2026-08-12T11:16:07Z,D77D6A589C8C4C8B,18.4,queries/tpch/tpch-queries/q17/v2_decorrelate.sql,measured,1,5,5,3,0.309,2257.825,14,5,1,8013200,1,125941095,27,2,part;ixtest_part_container;ixtest_part_brand;lineitem,65462,54064,0,0,32854,55600,0
2026-08-12T11:16:19Z,D77D6A589C8C4C8B,18.4,queries/tpch/tpch-queries/q17/v2_decorrelate.sql,measured,2,1,5,3,1.254,2224.630,14,5,1,8013171,1,125940051,27,2,part;ixtest_part_container;ixtest_part_brand;lineitem,66326,53200,0,0,32199,54686,0
2026-08-12T11:16:19Z,D77D6A589C8C4C8B,18.4,queries/tpch/tpch-queries/q17/v2_decorrelate.sql,measured,2,2,5,3,0.327,2346.968,14,5,1,8013101,1,125937531,27,2,part;ixtest_part_container;ixtest_part_brand;lineitem,67190,52336,0,0,33088,55189,0
2026-08-12T11:16:19Z,D77D6A589C8C4C8B,18.4,queries/tpch/tpch-queries/q17/v2_decorrelate.sql,measured,2,3,5,3,0.319,2246.858,14,5,1,8013181,1,125940411,27,2,part;ixtest_part_container;ixtest_part_brand;lineitem,68054,51472,0,0,31984,54080,0
2026-08-12T11:16:19Z,D77D6A589C8C4C8B,18.4,queries/tpch/tpch-queries/q17/v2_decorrelate.sql,measured,2,4,5,3,0.314,2279.016,14,5,1,8013207,1,125941347,27,2,part;ixtest_part_container;ixtest_part_brand;lineitem,68918,50608,0,0,31983,54480,0
2026-08-12T11:16:19Z,D77D6A589C8C4C8B,18.4,queries/tpch/tpch-queries/q17/v2_decorrelate.sql,measured,2,5,5,3,0.311,2194.766,14,5,1,8013208,1,125941383,27,2,part;ixtest_part_container;ixtest_part_brand;lineitem,69782,49744,0,0,32107,53339,0
2026-08-12T11:16:30Z,D77D6A589C8C4C8B,18.4,queries/tpch/tpch-queries/q17/v2_decorrelate.sql,measured,3,1,5,3,1.159,2318.410,14,5,1,8013108,1,125937783,27,2,part;ixtest_part_container;ixtest_part_brand;lineitem,70646,48880,0,0,31838,53942,0
2026-08-12T11:16:30Z,D77D6A589C8C4C8B,18.4,queries/tpch/tpch-queries/q17/v2_decorrelate.sql,measured,3,2,5,3,0.332,2208.201,14,5,1,8013189,1,125940699,27,2,part;ixtest_part_container;ixtest_part_brand;lineitem,70940,48586,0,0,32168,54266,0
2026-08-12T11:16:30Z,D77D6A589C8C4C8B,18.4,queries/tpch/tpch-queries/q17/v2_decorrelate.sql,measured,3,3,5,3,0.318,2333.733,14,5,1,8012874,1,125929359,27,2,part;ixtest_part_container;ixtest_part_brand;lineitem,70954,48572,0,0,32497,54349,0
2026-08-12T11:16:30Z,D77D6A589C8C4C8B,18.4,queries/tpch/tpch-queries/q17/v2_decorrelate.sql,measured,3,4,5,3,0.324,2217.785,14,5,1,8013144,1,125939079,27,2,part;ixtest_part_container;ixtest_part_brand;lineitem,70999,48527,0,0,32755,54880,0
2026-08-12T11:16:30Z,D77D6A589C8C4C8B,18.4,queries/tpch/tpch-queries/q17/v2_decorrelate.sql,measured,3,5,5,3,0.319,2278.472,14,5,1,8013190,1,125940735,27,2,part;ixtest_part_container;ixtest_part_brand;lineitem,71017,48509,0,0,32234,54330,0
2026-08-12T11:16:33Z,D77D6A589C8C4C8B,18.4,queries/tpch/tpch-queries/q18/base.sql,warmup,1,1,1,3,2.058,2934.112,15,4,57,19505640,100,192090147,1499943,2,orders;lineitem;customer,256349,137572,0,0,0,0,0
2026-08-12T11:16:37Z,D77D6A589C8C4C8B,18.4,queries/tpch/tpch-queries/q18/base.sql,warmup,2,1,1,3,3.980,3048.974,15,4,57,19505640,100,192090147,1499943,2,orders;lineitem;customer,245665,148256,0,0,0,0,0
2026-08-12T11:16:51Z,D77D6A589C8C4C8B,18.4,queries/tpch/tpch-queries/q18/base.sql,measured,1,1,5,3,3.490,3174.211,15,4,57,19505640,100,192090147,1499943,2,orders;lineitem;customer,245595,148326,0,0,0,0,0
2026-08-12T11:16:51Z,D77D6A589C8C4C8B,18.4,queries/tpch/tpch-queries/q18/base.sql,measured,1,2,5,3,1.009,2926.605,15,4,57,19505640,100,192090147,1499943,2,orders;lineitem;customer,245581,148334,0,0,0,0,0
2026-08-12T11:16:51Z,D77D6A589C8C4C8B,18.4,queries/tpch/tpch-queries/q18/base.sql,measured,1,3,5,3,1.014,2815.456,15,4,57,19505640,100,192090147,1499943,2,orders;lineitem;customer,245569,148346,0,0,0,0,0
2026-08-12T11:16:51Z,D77D6A589C8C4C8B,18.4,queries/tpch/tpch-queries/q18/base.sql,measured,1,4,5,3,1.633,2897.503,15,4,57,19505640,100,192090147,1499943,2,orders;lineitem;customer,245577,148338,0,0,0,0,0
2026-08-12T11:16:51Z,D77D6A589C8C4C8B,18.4,queries/tpch/tpch-queries/q18/base.sql,measured,1,5,5,3,1.031,2931.901,15,4,57,19505640,100,192090147,1499943,2,orders;lineitem;customer,245583,148332,0,0,0,0,0
2026-08-12T11:17:06Z,D77D6A589C8C4C8B,18.4,queries/tpch/tpch-queries/q18/base.sql,measured,2,1,5,3,3.079,3147.017,15,4,57,19505640,100,192090147,1499943,2,orders;lineitem;customer,245602,148319,0,0,0,0,0
2026-08-12T11:17:06Z,D77D6A589C8C4C8B,18.4,queries/tpch/tpch-queries/q18/base.sql,measured,2,2,5,3,1.034,2909.346,15,4,57,19505640,100,192090147,1499943,2,orders;lineitem;customer,245594,148321,0,0,0,0,0
2026-08-12T11:17:06Z,D77D6A589C8C4C8B,18.4,queries/tpch/tpch-queries/q18/base.sql,measured,2,3,5,3,1.052,3030.273,15,4,57,19505640,100,192090147,1499943,2,orders;lineitem;customer,245562,148353,0,0,0,0,0
2026-08-12T11:17:06Z,D77D6A589C8C4C8B,18.4,queries/tpch/tpch-queries/q18/base.sql,measured,2,4,5,3,1.044,2816.199,15,4,57,19505640,100,192090147,1499943,2,orders;lineitem;customer,245560,148355,0,0,0,0,0
2026-08-12T11:17:06Z,D77D6A589C8C4C8B,18.4,queries/tpch/tpch-queries/q18/base.sql,measured,2,5,5,3,1.000,3004.915,15,4,57,19505640,100,192090147,1499943,2,orders;lineitem;customer,245566,148349,0,0,0,0,0
2026-08-12T11:17:21Z,D77D6A589C8C4C8B,18.4,queries/tpch/tpch-queries/q18/base.sql,measured,3,1,5,3,2.348,3208.942,15,4,57,19505640,100,192090147,1499943,2,orders;lineitem;customer,245580,148341,0,0,0,0,0
2026-08-12T11:17:21Z,D77D6A589C8C4C8B,18.4,queries/tpch/tpch-queries/q18/base.sql,measured,3,2,5,3,1.044,2916.571,15,4,57,19505640,100,192090147,1499943,2,orders;lineitem;customer,245577,148338,0,0,0,0,0
2026-08-12T11:17:21Z,D77D6A589C8C4C8B,18.4,queries/tpch/tpch-queries/q18/base.sql,measured,3,3,5,3,1.102,3001.728,15,4,57,19505640,100,192090147,1499943,2,orders;lineitem;customer,245581,148334,0,0,0,0,0
2026-08-12T11:17:21Z,D77D6A589C8C4C8B,18.4,queries/tpch/tpch-queries/q18/base.sql,measured,3,4,5,3,1.088,3007.252,15,4,57,19505640,100,192090147,1499943,2,orders;lineitem;customer,245587,148328,0,0,0,0,0
2026-08-12T11:17:21Z,D77D6A589C8C4C8B,18.4,queries/tpch/tpch-queries/q18/base.sql,measured,3,5,5,3,1.084,2723.314,15,4,57,19505640,100,192090147,1499943,2,orders;lineitem;customer,245581,148334,0,0,0,0,0
2026-08-12T11:17:24Z,D77D6A589C8C4C8B,18.4,queries/tpch/tpch-queries/q18/v1_materialized.sql,warmup,1,1,1,3,2.275,2687.746,16,5,57,19655982,100,195571896,1499943,2,customer;orders;lineitem;_m,245487,151830,0,0,0,0,0
2026-08-12T11:17:27Z,D77D6A589C8C4C8B,18.4,queries/tpch/tpch-queries/q18/v1_materialized.sql,warmup,2,1,1,3,3.943,2725.330,16,5,57,19655982,100,195571896,1499943,2,customer;orders;lineitem;_m,245484,151833,0,0,0,0,0
2026-08-12T11:17:40Z,D77D6A589C8C4C8B,18.4,queries/tpch/tpch-queries/q18/v1_materialized.sql,measured,1,1,5,3,2.477,2732.097,16,5,57,19655982,100,195571896,1499943,2,customer;orders;lineitem;_m,245488,151829,0,0,0,0,0
2026-08-12T11:17:40Z,D77D6A589C8C4C8B,18.4,queries/tpch/tpch-queries/q18/v1_materialized.sql,measured,1,2,5,3,0.891,2628.080,16,5,57,19655982,100,195571896,1499943,2,customer;orders;lineitem;_m,245480,151837,0,0,0,0,0
2026-08-12T11:17:40Z,D77D6A589C8C4C8B,18.4,queries/tpch/tpch-queries/q18/v1_materialized.sql,measured,1,3,5,3,0.793,2669.113,16,5,57,19655982,100,195571896,1499943,2,customer;orders;lineitem;_m,245482,151835,0,0,0,0,0
2026-08-12T11:17:40Z,D77D6A589C8C4C8B,18.4,queries/tpch/tpch-queries/q18/v1_materialized.sql,measured,1,4,5,3,0.791,2644.544,16,5,57,19655982,100,195571896,1499943,2,customer;orders;lineitem;_m,245482,151835,0,0,0,0,0
2026-08-12T11:17:40Z,D77D6A589C8C4C8B,18.4,queries/tpch/tpch-queries/q18/v1_materialized.sql,measured,1,5,5,3,0.808,2623.621,16,5,57,19655982,100,195571896,1499943,2,customer;orders;lineitem;_m,245485,151832,0,0,0,0,0
2026-08-12T11:17:54Z,D77D6A589C8C4C8B,18.4,queries/tpch/tpch-queries/q18/v1_materialized.sql,measured,2,1,5,3,3.393,2720.490,16,5,57,19655982,100,195571896,1499943,2,customer;orders;lineitem;_m,245491,151826,0,0,0,0,0
2026-08-12T11:17:54Z,D77D6A589C8C4C8B,18.4,queries/tpch/tpch-queries/q18/v1_materialized.sql,measured,2,2,5,3,0.948,2675.177,16,5,57,19655982,100,195571896,1499943,2,customer;orders;lineitem;_m,245485,151832,0,0,0,0,0
2026-08-12T11:17:54Z,D77D6A589C8C4C8B,18.4,queries/tpch/tpch-queries/q18/v1_materialized.sql,measured,2,3,5,3,0.737,2645.267,16,5,57,19655982,100,195571896,1499943,2,customer;orders;lineitem;_m,245485,151832,0,0,0,0,0
2026-08-12T11:17:54Z,D77D6A589C8C4C8B,18.4,queries/tpch/tpch-queries/q18/v1_materialized.sql,measured,2,4,5,3,0.778,2637.197,16,5,57,19655982,100,195571896,1499943,2,customer;orders;lineitem;_m,245485,151832,0,0,0,0,0
2026-08-12T11:17:54Z,D77D6A589C8C4C8B,18.4,queries/tpch/tpch-queries/q18/v1_materialized.sql,measured,2,5,5,3,0.788,2562.968,16,5,57,19655982,100,195571896,1499943,2,customer;orders;lineitem;_m,245487,151830,0,0,0,0,0
2026-08-12T11:18:07Z,D77D6A589C8C4C8B,18.4,queries/tpch/tpch-queries/q18/v1_materialized.sql,measured,3,1,5,3,3.172,2702.989,16,5,57,19655982,100,195571896,1499943,2,customer;orders;lineitem;_m,245488,151829,0,0,0,0,0
2026-08-12T11:18:07Z,D77D6A589C8C4C8B,18.4,queries/tpch/tpch-queries/q18/v1_materialized.sql,measured,3,2,5,3,0.864,2598.232,16,5,57,19655982,100,195571896,1499943,2,customer;orders;lineitem;_m,245485,151832,0,0,0,0,0
2026-08-12T11:18:07Z,D77D6A589C8C4C8B,18.4,queries/tpch/tpch-queries/q18/v1_materialized.sql,measured,3,3,5,3,0.812,2659.603,16,5,57,19655982,100,195571896,1499943,2,customer;orders;lineitem;_m,245485,151832,0,0,0,0,0
2026-08-12T11:18:07Z,D77D6A589C8C4C8B,18.4,queries/tpch/tpch-queries/q18/v1_materialized.sql,measured,3,4,5,3,0.788,2652.989,16,5,57,19655982,100,195571896,1499943,2,customer;orders;lineitem;_m,245485,151832,0,0,0,0,0
2026-08-12T11:18:07Z,D77D6A589C8C4C8B,18.4,queries/tpch/tpch-queries/q18/v1_materialized.sql,measured,3,5,5,3,0.797,2568.033,16,5,57,19655982,100,195571896,1499943,2,customer;orders;lineitem;_m,245485,151832,0,0,0,0,0
2026-08-12T11:18:10Z,D77D6A589C8C4C8B,18.4,queries/tpch/tpch-queries/q18/v2_join.sql,warmup,1,1,1,3,2.254,3240.917,15,4,57,19505640,100,192090147,1499943,2,orders;lineitem;customer,245584,148337,0,0,0,0,0
2026-08-12T11:18:14Z,D77D6A589C8C4C8B,18.4,queries/tpch/tpch-queries/q18/v2_join.sql,warmup,2,1,1,3,4.750,3214.796,15,4,57,19505640,100,192090147,1499943,2,orders;lineitem;customer,245581,148340,0,0,0,0,0
2026-08-12T11:18:29Z,D77D6A589C8C4C8B,18.4,queries/tpch/tpch-queries/q18/v2_join.sql,measured,1,1,5,3,2.158,3168.058,15,4,57,19505640,100,192090147,1499943,2,orders;lineitem;customer,245584,148337,0,0,0,0,0
2026-08-12T11:18:29Z,D77D6A589C8C4C8B,18.4,queries/tpch/tpch-queries/q18/v2_join.sql,measured,1,2,5,3,1.005,2979.132,15,4,57,19505640,100,192090147,1499943,2,orders;lineitem;customer,245581,148334,0,0,0,0,0
2026-08-12T11:18:29Z,D77D6A589C8C4C8B,18.4,queries/tpch/tpch-queries/q18/v2_join.sql,measured,1,3,5,3,1.041,2761.527,15,4,57,19505640,100,192090147,1499943,2,orders;lineitem;customer,245581,148334,0,0,0,0,0
2026-08-12T11:18:29Z,D77D6A589C8C4C8B,18.4,queries/tpch/tpch-queries/q18/v2_join.sql,measured,1,4,5,3,0.966,2769.488,15,4,57,19505640,100,192090147,1499943,2,orders;lineitem;customer,245585,148330,0,0,0,0,0
2026-08-12T11:18:29Z,D77D6A589C8C4C8B,18.4,queries/tpch/tpch-queries/q18/v2_join.sql,measured,1,5,5,3,0.969,3110.295,15,4,57,19505640,100,192090147,1499943,2,orders;lineitem;customer,245581,148334,0,0,0,0,0
2026-08-12T11:18:44Z,D77D6A589C8C4C8B,18.4,queries/tpch/tpch-queries/q18/v2_join.sql,measured,2,1,5,3,3.788,3218.940,15,4,57,19505640,100,192090147,1499943,2,orders;lineitem;customer,245592,148329,0,0,0,0,0
2026-08-12T11:18:44Z,D77D6A589C8C4C8B,18.4,queries/tpch/tpch-queries/q18/v2_join.sql,measured,2,2,5,3,1.015,2946.205,15,4,57,19505640,100,192090147,1499943,2,orders;lineitem;customer,245575,148340,0,0,0,0,0
2026-08-12T11:18:44Z,D77D6A589C8C4C8B,18.4,queries/tpch/tpch-queries/q18/v2_join.sql,measured,2,3,5,3,1.035,2921.665,15,4,57,19505640,100,192090147,1499943,2,orders;lineitem;customer,245573,148342,0,0,0,0,0
2026-08-12T11:18:44Z,D77D6A589C8C4C8B,18.4,queries/tpch/tpch-queries/q18/v2_join.sql,measured,2,4,5,3,1.020,2978.617,15,4,57,19505640,100,192090147,1499943,2,orders;lineitem;customer,245575,148340,0,0,0,0,0
2026-08-12T11:18:44Z,D77D6A589C8C4C8B,18.4,queries/tpch/tpch-queries/q18/v2_join.sql,measured,2,5,5,3,1.001,2762.717,15,4,57,19505640,100,192090147,1499943,2,orders;lineitem;customer,245579,148336,0,0,0,0,0
2026-08-12T11:18:58Z,D77D6A589C8C4C8B,18.4,queries/tpch/tpch-queries/q18/v2_join.sql,measured,3,1,5,3,4.038,3138.094,15,4,57,19505640,100,192090147,1499943,2,orders;lineitem;customer,245592,148329,0,0,0,0,0
2026-08-12T11:18:58Z,D77D6A589C8C4C8B,18.4,queries/tpch/tpch-queries/q18/v2_join.sql,measured,3,2,5,3,1.007,2962.544,15,4,57,19505640,100,192090147,1499943,2,orders;lineitem;customer,245583,148332,0,0,0,0,0
2026-08-12T11:18:58Z,D77D6A589C8C4C8B,18.4,queries/tpch/tpch-queries/q18/v2_join.sql,measured,3,3,5,3,1.032,2959.000,15,4,57,19505640,100,192090147,1499943,2,orders;lineitem;customer,245581,148334,0,0,0,0,0
2026-08-12T11:18:58Z,D77D6A589C8C4C8B,18.4,queries/tpch/tpch-queries/q18/v2_join.sql,measured,3,4,5,3,1.040,2929.078,15,4,57,19505640,100,192090147,1499943,2,orders;lineitem;customer,245581,148334,0,0,0,0,0
2026-08-12T11:18:58Z,D77D6A589C8C4C8B,18.4,queries/tpch/tpch-queries/q18/v2_join.sql,measured,3,5,5,3,1.003,2849.644,15,4,57,19505640,100,192090147,1499943,2,orders;lineitem;customer,245579,148336,0,0,0,0,0
2026-08-12T11:18:59Z,D77D6A589C8C4C8B,18.4,queries/tpch/tpch-queries/q19/base.sql,warmup,1,1,1,3,2.522,71.894,6,2,1,610,1,16154,66534,2,part;lineitem,8212,11670,0,0,0,0,0
2026-08-12T11:18:59Z,D77D6A589C8C4C8B,18.4,queries/tpch/tpch-queries/q19/base.sql,warmup,2,1,1,3,1.527,37.325,6,2,1,610,1,16154,66534,2,part;lineitem,19794,88,0,0,0,0,0
2026-08-12T11:18:59Z,D77D6A589C8C4C8B,18.4,queries/tpch/tpch-queries/q19/base.sql,measured,1,1,5,3,1.243,37.509,6,2,1,610,1,16154,66534,2,part;lineitem,19882,0,0,0,0,0,0
2026-08-12T11:18:59Z,D77D6A589C8C4C8B,18.4,queries/tpch/tpch-queries/q19/base.sql,measured,1,2,5,3,0.420,35.384,6,2,1,610,1,16154,66534,2,part;lineitem,19882,0,0,0,0,0,0
2026-08-12T11:18:59Z,D77D6A589C8C4C8B,18.4,queries/tpch/tpch-queries/q19/base.sql,measured,1,3,5,3,0.432,33.692,6,2,1,610,1,16154,66534,2,part;lineitem,19882,0,0,0,0,0,0
2026-08-12T11:18:59Z,D77D6A589C8C4C8B,18.4,queries/tpch/tpch-queries/q19/base.sql,measured,1,4,5,3,0.413,33.133,6,2,1,610,1,16154,66534,2,part;lineitem,19882,0,0,0,0,0,0
2026-08-12T11:18:59Z,D77D6A589C8C4C8B,18.4,queries/tpch/tpch-queries/q19/base.sql,measured,1,5,5,3,0.426,32.545,6,2,1,610,1,16154,66534,2,part;lineitem,19882,0,0,0,0,0,0
2026-08-12T11:18:59Z,D77D6A589C8C4C8B,18.4,queries/tpch/tpch-queries/q19/base.sql,measured,2,1,5,3,1.311,37.258,6,2,1,610,1,16154,66534,2,part;lineitem,19882,0,0,0,0,0,0
2026-08-12T11:18:59Z,D77D6A589C8C4C8B,18.4,queries/tpch/tpch-queries/q19/base.sql,measured,2,2,5,3,0.393,34.340,6,2,1,610,1,16154,66534,2,part;lineitem,19882,0,0,0,0,0,0
2026-08-12T11:18:59Z,D77D6A589C8C4C8B,18.4,queries/tpch/tpch-queries/q19/base.sql,measured,2,3,5,3,0.410,33.605,6,2,1,610,1,16154,66534,2,part;lineitem,19882,0,0,0,0,0,0
2026-08-12T11:18:59Z,D77D6A589C8C4C8B,18.4,queries/tpch/tpch-queries/q19/base.sql,measured,2,4,5,3,0.429,33.671,6,2,1,610,1,16154,66534,2,part;lineitem,19882,0,0,0,0,0,0
2026-08-12T11:18:59Z,D77D6A589C8C4C8B,18.4,queries/tpch/tpch-queries/q19/base.sql,measured,2,5,5,3,0.409,34.001,6,2,1,610,1,16154,66534,2,part;lineitem,19882,0,0,0,0,0,0
2026-08-12T11:19:00Z,D77D6A589C8C4C8B,18.4,queries/tpch/tpch-queries/q19/base.sql,measured,3,1,5,3,1.232,37.212,6,2,1,610,1,16154,66534,2,part;lineitem,19882,0,0,0,0,0,0
2026-08-12T11:19:00Z,D77D6A589C8C4C8B,18.4,queries/tpch/tpch-queries/q19/base.sql,measured,3,2,5,3,0.412,34.347,6,2,1,610,1,16154,66534,2,part;lineitem,19882,0,0,0,0,0,0
2026-08-12T11:19:00Z,D77D6A589C8C4C8B,18.4,queries/tpch/tpch-queries/q19/base.sql,measured,3,3,5,3,0.408,33.935,6,2,1,610,1,16154,66534,2,part;lineitem,19882,0,0,0,0,0,0
2026-08-12T11:19:00Z,D77D6A589C8C4C8B,18.4,queries/tpch/tpch-queries/q19/base.sql,measured,3,4,5,3,0.427,33.185,6,2,1,610,1,16154,66534,2,part;lineitem,19882,0,0,0,0,0,0
2026-08-12T11:19:00Z,D77D6A589C8C4C8B,18.4,queries/tpch/tpch-queries/q19/base.sql,measured,3,5,5,3,0.422,33.739,6,2,1,610,1,16154,66534,2,part;lineitem,19882,0,0,0,0,0,0
2026-08-12T11:19:00Z,D77D6A589C8C4C8B,18.4,queries/tpch/tpch-queries/q19/v1_materialized.sql,warmup,1,1,1,3,1.271,37.525,7,3,1,611,1,16186,66534,2,_m;part;lineitem,19882,0,0,0,0,0,0
2026-08-12T11:19:00Z,D77D6A589C8C4C8B,18.4,queries/tpch/tpch-queries/q19/v1_materialized.sql,warmup,2,1,1,3,1.266,37.095,7,3,1,611,1,16186,66534,2,_m;part;lineitem,19882,0,0,0,0,0,0
2026-08-12T11:19:00Z,D77D6A589C8C4C8B,18.4,queries/tpch/tpch-queries/q19/v1_materialized.sql,measured,1,1,5,3,1.305,37.084,7,3,1,611,1,16186,66534,2,_m;part;lineitem,19882,0,0,0,0,0,0
2026-08-12T11:19:00Z,D77D6A589C8C4C8B,18.4,queries/tpch/tpch-queries/q19/v1_materialized.sql,measured,1,2,5,3,0.437,35.988,7,3,1,611,1,16186,66534,2,_m;part;lineitem,19882,0,0,0,0,0,0
2026-08-12T11:19:00Z,D77D6A589C8C4C8B,18.4,queries/tpch/tpch-queries/q19/v1_materialized.sql,measured,1,3,5,3,0.458,34.052,7,3,1,611,1,16186,66534,2,_m;part;lineitem,19882,0,0,0,0,0,0
2026-08-12T11:19:00Z,D77D6A589C8C4C8B,18.4,queries/tpch/tpch-queries/q19/v1_materialized.sql,measured,1,4,5,3,0.440,34.339,7,3,1,611,1,16186,66534,2,_m;part;lineitem,19882,0,0,0,0,0,0
2026-08-12T11:19:00Z,D77D6A589C8C4C8B,18.4,queries/tpch/tpch-queries/q19/v1_materialized.sql,measured,1,5,5,3,0.459,34.789,7,3,1,611,1,16186,66534,2,_m;part;lineitem,19882,0,0,0,0,0,0
2026-08-12T11:19:00Z,D77D6A589C8C4C8B,18.4,queries/tpch/tpch-queries/q19/v1_materialized.sql,measured,2,1,5,3,1.374,38.612,7,3,1,611,1,16186,66534,2,_m;part;lineitem,19882,0,0,0,0,0,0
2026-08-12T11:19:00Z,D77D6A589C8C4C8B,18.4,queries/tpch/tpch-queries/q19/v1_materialized.sql,measured,2,2,5,3,0.427,36.026,7,3,1,611,1,16186,66534,2,_m;part;lineitem,19882,0,0,0,0,0,0
2026-08-12T11:19:00Z,D77D6A589C8C4C8B,18.4,queries/tpch/tpch-queries/q19/v1_materialized.sql,measured,2,3,5,3,0.454,35.146,7,3,1,611,1,16186,66534,2,_m;part;lineitem,19882,0,0,0,0,0,0
2026-08-12T11:19:00Z,D77D6A589C8C4C8B,18.4,queries/tpch/tpch-queries/q19/v1_materialized.sql,measured,2,4,5,3,0.448,34.196,7,3,1,611,1,16186,66534,2,_m;part;lineitem,19882,0,0,0,0,0,0
2026-08-12T11:19:00Z,D77D6A589C8C4C8B,18.4,queries/tpch/tpch-queries/q19/v1_materialized.sql,measured,2,5,5,3,0.468,35.496,7,3,1,611,1,16186,66534,2,_m;part;lineitem,19882,0,0,0,0,0,0
2026-08-12T11:19:01Z,D77D6A589C8C4C8B,18.4,queries/tpch/tpch-queries/q19/v1_materialized.sql,measured,3,1,5,3,1.288,38.065,7,3,1,611,1,16186,66534,2,_m;part;lineitem,19882,0,0,0,0,0,0
2026-08-12T11:19:01Z,D77D6A589C8C4C8B,18.4,queries/tpch/tpch-queries/q19/v1_materialized.sql,measured,3,2,5,3,0.450,36.423,7,3,1,611,1,16186,66534,2,_m;part;lineitem,19882,0,0,0,0,0,0
2026-08-12T11:19:01Z,D77D6A589C8C4C8B,18.4,queries/tpch/tpch-queries/q19/v1_materialized.sql,measured,3,3,5,3,0.444,34.036,7,3,1,611,1,16186,66534,2,_m;part;lineitem,19882,0,0,0,0,0,0
2026-08-12T11:19:01Z,D77D6A589C8C4C8B,18.4,queries/tpch/tpch-queries/q19/v1_materialized.sql,measured,3,4,5,3,0.444,33.422,7,3,1,611,1,16186,66534,2,_m;part;lineitem,19882,0,0,0,0,0,0
2026-08-12T11:19:01Z,D77D6A589C8C4C8B,18.4,queries/tpch/tpch-queries/q19/v1_materialized.sql,measured,3,5,5,3,0.443,34.017,7,3,1,611,1,16186,66534,2,_m;part;lineitem,19882,0,0,0,0,0,0
2026-08-12T11:19:01Z,D77D6A589C8C4C8B,18.4,queries/tpch/tpch-queries/q19/v2_union_all.sql,warmup,1,1,1,3,1.718,50.765,13,6,1,729,1,9804,366507,2,part;lineitem,28138,0,0,0,0,0,0
2026-08-12T11:19:01Z,D77D6A589C8C4C8B,18.4,queries/tpch/tpch-queries/q19/v2_union_all.sql,warmup,2,1,1,3,1.564,48.661,13,6,1,729,1,9804,366507,2,part;lineitem,28138,0,0,0,0,0,0
2026-08-12T11:19:01Z,D77D6A589C8C4C8B,18.4,queries/tpch/tpch-queries/q19/v2_union_all.sql,measured,1,1,5,3,1.582,49.705,13,6,1,729,1,9804,366507,2,part;lineitem,28138,0,0,0,0,0,0
2026-08-12T11:19:01Z,D77D6A589C8C4C8B,18.4,queries/tpch/tpch-queries/q19/v2_union_all.sql,measured,1,2,5,3,0.724,47.705,13,6,1,729,1,9804,366507,2,part;lineitem,28138,0,0,0,0,0,0
2026-08-12T11:19:01Z,D77D6A589C8C4C8B,18.4,queries/tpch/tpch-queries/q19/v2_union_all.sql,measured,1,3,5,3,0.711,48.657,13,6,1,729,1,9804,366507,2,part;lineitem,28138,0,0,0,0,0,0
2026-08-12T11:19:01Z,D77D6A589C8C4C8B,18.4,queries/tpch/tpch-queries/q19/v2_union_all.sql,measured,1,4,5,3,0.732,49.061,13,6,1,729,1,9804,366507,2,part;lineitem,28138,0,0,0,0,0,0
2026-08-12T11:19:01Z,D77D6A589C8C4C8B,18.4,queries/tpch/tpch-queries/q19/v2_union_all.sql,measured,1,5,5,3,0.773,48.246,13,6,1,729,1,9804,366507,2,part;lineitem,28138,0,0,0,0,0,0
2026-08-12T11:19:01Z,D77D6A589C8C4C8B,18.4,queries/tpch/tpch-queries/q19/v2_union_all.sql,measured,2,1,5,3,2.085,48.694,13,6,1,729,1,9804,366507,2,part;lineitem,28138,0,0,0,0,0,0
2026-08-12T11:19:01Z,D77D6A589C8C4C8B,18.4,queries/tpch/tpch-queries/q19/v2_union_all.sql,measured,2,2,5,3,0.620,40.625,13,6,1,729,1,9804,366507,2,part;lineitem,28138,0,0,0,0,0,0
2026-08-12T11:19:01Z,D77D6A589C8C4C8B,18.4,queries/tpch/tpch-queries/q19/v2_union_all.sql,measured,2,3,5,3,0.631,41.040,13,6,1,729,1,9804,366507,2,part;lineitem,28138,0,0,0,0,0,0
2026-08-12T11:19:01Z,D77D6A589C8C4C8B,18.4,queries/tpch/tpch-queries/q19/v2_union_all.sql,measured,2,4,5,3,0.653,40.518,13,6,1,729,1,9804,366507,2,part;lineitem,28138,0,0,0,0,0,0
2026-08-12T11:19:01Z,D77D6A589C8C4C8B,18.4,queries/tpch/tpch-queries/q19/v2_union_all.sql,measured,2,5,5,3,0.643,40.986,13,6,1,729,1,9804,366507,2,part;lineitem,28138,0,0,0,0,0,0
2026-08-12T11:19:02Z,D77D6A589C8C4C8B,18.4,queries/tpch/tpch-queries/q19/v2_union_all.sql,measured,3,1,5,3,1.648,44.818,13,6,1,729,1,9804,366507,2,part;lineitem,28138,0,0,0,0,0,0
2026-08-12T11:19:02Z,D77D6A589C8C4C8B,18.4,queries/tpch/tpch-queries/q19/v2_union_all.sql,measured,3,2,5,3,0.612,41.388,13,6,1,729,1,9804,366507,2,part;lineitem,28138,0,0,0,0,0,0
2026-08-12T11:19:02Z,D77D6A589C8C4C8B,18.4,queries/tpch/tpch-queries/q19/v2_union_all.sql,measured,3,3,5,3,0.624,40.445,13,6,1,729,1,9804,366507,2,part;lineitem,28138,0,0,0,0,0,0
2026-08-12T11:19:02Z,D77D6A589C8C4C8B,18.4,queries/tpch/tpch-queries/q19/v2_union_all.sql,measured,3,4,5,3,0.623,40.724,13,6,1,729,1,9804,366507,2,part;lineitem,28138,0,0,0,0,0,0
2026-08-12T11:19:02Z,D77D6A589C8C4C8B,18.4,queries/tpch/tpch-queries/q19/v2_union_all.sql,measured,3,5,5,3,0.626,41.939,13,6,1,729,1,9804,366507,2,part;lineitem,28138,0,0,0,0,0,0
2026-08-12T11:19:03Z,D77D6A589C8C4C8B,18.4,queries/tpch/tpch-queries/q21/base.sql,warmup,1,1,1,3,2.836,1322.171,17,6,100,2269461,1,43352824,257108,2,orders;nation;supplier;lineitem,925944,176945,0,0,7368,7368,0
2026-08-12T11:19:05Z,D77D6A589C8C4C8B,18.4,queries/tpch/tpch-queries/q21/base.sql,warmup,2,1,1,3,4.557,1416.010,17,6,100,2269461,1,43352824,257108,2,orders;nation;supplier;lineitem,928253,174632,0,0,7369,7369,0
2026-08-12T11:19:11Z,D77D6A589C8C4C8B,18.4,queries/tpch/tpch-queries/q21/base.sql,measured,1,1,5,3,4.566,1302.958,17,6,100,2269461,1,43352824,257108,2,orders;nation;supplier;lineitem,927973,174922,0,0,7368,7368,0
2026-08-12T11:19:11Z,D77D6A589C8C4C8B,18.4,queries/tpch/tpch-queries/q21/base.sql,measured,1,2,5,3,1.554,1215.736,17,6,100,2269461,1,43352824,257108,2,orders;nation;supplier;lineitem,927900,174990,0,0,7368,7368,0
2026-08-12T11:19:11Z,D77D6A589C8C4C8B,18.4,queries/tpch/tpch-queries/q21/base.sql,measured,1,3,5,3,1.529,1268.244,17,6,100,2269461,1,43352824,257108,2,orders;nation;supplier;lineitem,927985,174901,0,0,7368,7368,0
2026-08-12T11:19:11Z,D77D6A589C8C4C8B,18.4,queries/tpch/tpch-queries/q21/base.sql,measured,1,4,5,3,1.549,1227.158,17,6,100,2269461,1,43352824,257108,2,orders;nation;supplier;lineitem,927949,174941,0,0,7369,7369,0
2026-08-12T11:19:11Z,D77D6A589C8C4C8B,18.4,queries/tpch/tpch-queries/q21/base.sql,measured,1,5,5,3,1.555,1292.805,17,6,100,2269461,1,43352824,257108,2,orders;nation;supplier;lineitem,927865,175024,0,0,7368,7368,0
2026-08-12T11:19:18Z,D77D6A589C8C4C8B,18.4,queries/tpch/tpch-queries/q21/base.sql,measured,2,1,5,3,4.091,1306.344,17,6,100,2269461,1,43352824,257108,2,orders;nation;supplier;lineitem,927953,174933,0,0,7369,7369,0
2026-08-12T11:19:18Z,D77D6A589C8C4C8B,18.4,queries/tpch/tpch-queries/q21/base.sql,measured,2,2,5,3,1.541,1239.888,17,6,100,2269461,1,43352824,257108,2,orders;nation;supplier;lineitem,927953,174937,0,0,7368,7368,0
2026-08-12T11:19:18Z,D77D6A589C8C4C8B,18.4,queries/tpch/tpch-queries/q21/base.sql,measured,2,3,5,3,1.536,1254.420,17,6,100,2269461,1,43352824,257108,2,orders;nation;supplier;lineitem,927869,175021,0,0,7369,7369,0
2026-08-12T11:19:18Z,D77D6A589C8C4C8B,18.4,queries/tpch/tpch-queries/q21/base.sql,measured,2,4,5,3,1.703,1270.219,17,6,100,2269461,1,43352824,257108,2,orders;nation;supplier;lineitem,927919,174971,0,0,7368,7368,0
2026-08-12T11:19:18Z,D77D6A589C8C4C8B,18.4,queries/tpch/tpch-queries/q21/base.sql,measured,2,5,5,3,1.671,1250.209,17,6,100,2269461,1,43352824,257108,2,orders;nation;supplier;lineitem,928005,174885,0,0,7368,7368,0
2026-08-12T11:19:24Z,D77D6A589C8C4C8B,18.4,queries/tpch/tpch-queries/q21/base.sql,measured,3,1,5,3,5.259,1443.683,17,6,100,2269461,1,43352824,257108,2,orders;nation;supplier;lineitem,927867,175010,0,0,7368,7368,0
2026-08-12T11:19:24Z,D77D6A589C8C4C8B,18.4,queries/tpch/tpch-queries/q21/base.sql,measured,3,2,5,3,1.546,1215.013,17,6,100,2269461,1,43352824,257108,2,orders;nation;supplier;lineitem,927979,174911,0,0,7368,7368,0
2026-08-12T11:19:24Z,D77D6A589C8C4C8B,18.4,queries/tpch/tpch-queries/q21/base.sql,measured,3,3,5,3,1.736,1277.708,17,6,100,2269461,1,43352824,257108,2,orders;nation;supplier;lineitem,927966,174924,0,0,7368,7368,0
2026-08-12T11:19:24Z,D77D6A589C8C4C8B,18.4,queries/tpch/tpch-queries/q21/base.sql,measured,3,4,5,3,1.722,1267.810,17,6,100,2269461,1,43352824,257108,2,orders;nation;supplier;lineitem,927782,175108,0,0,7368,7368,0
2026-08-12T11:19:24Z,D77D6A589C8C4C8B,18.4,queries/tpch/tpch-queries/q21/base.sql,measured,3,5,5,3,1.734,1277.602,17,6,100,2269461,1,43352824,257108,2,orders;nation;supplier;lineitem,927937,174953,0,0,7368,7368,0
2026-08-12T11:19:26Z,D77D6A589C8C4C8B,18.4,queries/tpch/tpch-queries/q21/v1_materialized.sql,warmup,1,1,1,3,3.779,1340.135,19,8,100,2242338,1,42436378,257108,2,orders;nation;supplier;ixtest_supplier_nationkey;lineitem;_m,927861,174915,0,0,7369,7369,0
2026-08-12T11:19:27Z,D77D6A589C8C4C8B,18.4,queries/tpch/tpch-queries/q21/v1_materialized.sql,warmup,2,1,1,3,3.052,1329.894,19,8,100,2242338,1,42436378,257108,2,orders;nation;supplier;ixtest_supplier_nationkey;lineitem;_m,927771,175008,0,0,7369,7369,0
2026-08-12T11:19:34Z,D77D6A589C8C4C8B,18.4,queries/tpch/tpch-queries/q21/v1_materialized.sql,measured,1,1,5,3,2.963,1283.516,19,8,100,2242338,1,42436378,257108,2,orders;nation;supplier;ixtest_supplier_nationkey;lineitem;_m,927870,174909,0,0,7368,7368,0
2026-08-12T11:19:34Z,D77D6A589C8C4C8B,18.4,queries/tpch/tpch-queries/q21/v1_materialized.sql,measured,1,2,5,3,1.267,1263.391,19,8,100,2242338,1,42436378,257108,2,orders;nation;supplier;ixtest_supplier_nationkey;lineitem;_m,927859,174919,0,0,7368,7368,0
2026-08-12T11:19:34Z,D77D6A589C8C4C8B,18.4,queries/tpch/tpch-queries/q21/v1_materialized.sql,measured,1,3,5,3,1.246,1355.762,19,8,100,2242338,1,42436378,257108,2,orders;nation;supplier;ixtest_supplier_nationkey;lineitem;_m,927816,174962,0,0,7369,7369,0
2026-08-12T11:19:34Z,D77D6A589C8C4C8B,18.4,queries/tpch/tpch-queries/q21/v1_materialized.sql,measured,1,4,5,3,1.111,1262.993,19,8,100,2242338,1,42436378,257108,2,orders;nation;supplier;ixtest_supplier_nationkey;lineitem;_m,927936,174842,0,0,7368,7368,0
2026-08-12T11:19:34Z,D77D6A589C8C4C8B,18.4,queries/tpch/tpch-queries/q21/v1_materialized.sql,measured,1,5,5,3,1.205,1287.100,19,8,100,2242338,1,42436378,257108,2,orders;nation;supplier;ixtest_supplier_nationkey;lineitem;_m,927928,174850,0,0,7369,7369,0
2026-08-12T11:19:40Z,D77D6A589C8C4C8B,18.4,queries/tpch/tpch-queries/q21/v1_materialized.sql,measured,2,1,5,3,2.639,1392.015,19,8,100,2242338,1,42436378,257108,2,orders;nation;supplier;ixtest_supplier_nationkey;lineitem;_m,927803,174973,0,0,7368,7368,0
2026-08-12T11:19:40Z,D77D6A589C8C4C8B,18.4,queries/tpch/tpch-queries/q21/v1_materialized.sql,measured,2,2,5,3,1.142,1250.995,19,8,100,2242338,1,42436378,257108,2,orders;nation;supplier;ixtest_supplier_nationkey;lineitem;_m,927924,174854,0,0,7369,7369,0
2026-08-12T11:19:40Z,D77D6A589C8C4C8B,18.4,queries/tpch/tpch-queries/q21/v1_materialized.sql,measured,2,3,5,3,1.219,1258.941,19,8,100,2242338,1,42436378,257108,2,orders;nation;supplier;ixtest_supplier_nationkey;lineitem;_m,928005,174773,0,0,7368,7368,0
2026-08-12T11:19:40Z,D77D6A589C8C4C8B,18.4,queries/tpch/tpch-queries/q21/v1_materialized.sql,measured,2,4,5,3,1.218,1271.181,19,8,100,2242338,1,42436378,257108,2,orders;nation;supplier;ixtest_supplier_nationkey;lineitem;_m,927845,174933,0,0,7369,7369,0
2026-08-12T11:19:40Z,D77D6A589C8C4C8B,18.4,queries/tpch/tpch-queries/q21/v1_materialized.sql,measured,2,5,5,3,1.200,1282.454,19,8,100,2242338,1,42436378,257108,2,orders;nation;supplier;ixtest_supplier_nationkey;lineitem;_m,927874,174904,0,0,7368,7368,0
2026-08-12T11:19:47Z,D77D6A589C8C4C8B,18.4,queries/tpch/tpch-queries/q21/v1_materialized.sql,measured,3,1,5,3,3.033,1347.073,19,8,100,2242338,1,42436378,257108,2,orders;nation;supplier;ixtest_supplier_nationkey;lineitem;_m,927870,174908,0,0,7369,7369,0
2026-08-12T11:19:47Z,D77D6A589C8C4C8B,18.4,queries/tpch/tpch-queries/q21/v1_materialized.sql,measured,3,2,5,3,1.227,1273.230,19,8,100,2242338,1,42436378,257108,2,orders;nation;supplier;ixtest_supplier_nationkey;lineitem;_m,927830,174948,0,0,7368,7368,0
2026-08-12T11:19:47Z,D77D6A589C8C4C8B,18.4,queries/tpch/tpch-queries/q21/v1_materialized.sql,measured,3,3,5,3,1.212,1250.161,19,8,100,2242338,1,42436378,257108,2,orders;nation;supplier;ixtest_supplier_nationkey;lineitem;_m,927898,174880,0,0,7368,7368,0
2026-08-12T11:19:47Z,D77D6A589C8C4C8B,18.4,queries/tpch/tpch-queries/q21/v1_materialized.sql,measured,3,4,5,3,1.216,1278.368,19,8,100,2242338,1,42436378,257108,2,orders;nation;supplier;ixtest_supplier_nationkey;lineitem;_m,927913,174865,0,0,7369,7369,0
2026-08-12T11:19:47Z,D77D6A589C8C4C8B,18.4,queries/tpch/tpch-queries/q21/v1_materialized.sql,measured,3,5,5,3,1.216,1276.211,19,8,100,2242338,1,42436378,257108,2,orders;nation;supplier;ixtest_supplier_nationkey;lineitem;_m,927815,174963,0,0,7369,7369,0
2026-08-12T11:19:47Z,D77D6A589C8C4C8B,18.4,queries/tpch/tpch-queries/q22/base.sql,warmup,1,1,1,3,1.893,100.797,10,3,7,76283,730,1451186,80960,2,customer;orders,59092,5135,0,0,0,0,0
2026-08-12T11:19:47Z,D77D6A589C8C4C8B,18.4,queries/tpch/tpch-queries/q22/base.sql,warmup,2,1,1,3,1.202,57.710,10,3,7,76283,730,1451186,80960,2,customer;orders,64227,0,0,0,0,0,0
2026-08-12T11:19:48Z,D77D6A589C8C4C8B,18.4,queries/tpch/tpch-queries/q22/base.sql,measured,1,1,5,3,1.043,63.777,10,3,7,76283,730,1451186,80960,2,customer;orders,64227,0,0,0,0,0,0
2026-08-12T11:19:48Z,D77D6A589C8C4C8B,18.4,queries/tpch/tpch-queries/q22/base.sql,measured,1,2,5,3,0.265,55.059,10,3,7,76283,730,1451186,80960,2,customer;orders,64227,0,0,0,0,0,0
2026-08-12T11:19:48Z,D77D6A589C8C4C8B,18.4,queries/tpch/tpch-queries/q22/base.sql,measured,1,3,5,3,0.251,55.862,10,3,7,76283,730,1451186,80960,2,customer;orders,64227,0,0,0,0,0,0
2026-08-12T11:19:48Z,D77D6A589C8C4C8B,18.4,queries/tpch/tpch-queries/q22/base.sql,measured,1,4,5,3,0.260,57.266,10,3,7,76283,730,1451186,80960,2,customer;orders,64227,0,0,0,0,0,0
2026-08-12T11:19:48Z,D77D6A589C8C4C8B,18.4,queries/tpch/tpch-queries/q22/base.sql,measured,1,5,5,3,0.264,57.021,10,3,7,76283,730,1451186,80960,2,customer;orders,64227,0,0,0,0,0,0
2026-08-12T11:19:48Z,D77D6A589C8C4C8B,18.4,queries/tpch/tpch-queries/q22/base.sql,measured,2,1,5,3,1.732,93.270,10,3,7,76283,730,1451186,80960,2,customer;orders,64227,0,0,0,0,0,0
2026-08-12T11:19:48Z,D77D6A589C8C4C8B,18.4,queries/tpch/tpch-queries/q22/base.sql,measured,2,2,5,3,0.257,55.041,10,3,7,76283,730,1451186,80960,2,customer;orders,64227,0,0,0,0,0,0
2026-08-12T11:19:48Z,D77D6A589C8C4C8B,18.4,queries/tpch/tpch-queries/q22/base.sql,measured,2,3,5,3,0.255,55.203,10,3,7,76283,730,1451186,80960,2,customer;orders,64227,0,0,0,0,0,0
2026-08-12T11:19:48Z,D77D6A589C8C4C8B,18.4,queries/tpch/tpch-queries/q22/base.sql,measured,2,4,5,3,0.262,56.187,10,3,7,76283,730,1451186,80960,2,customer;orders,64227,0,0,0,0,0,0
2026-08-12T11:19:48Z,D77D6A589C8C4C8B,18.4,queries/tpch/tpch-queries/q22/base.sql,measured,2,5,5,3,0.259,56.860,10,3,7,76283,730,1451186,80960,2,customer;orders,64227,0,0,0,0,0,0
2026-08-12T11:19:48Z,D77D6A589C8C4C8B,18.4,queries/tpch/tpch-queries/q22/base.sql,measured,3,1,5,3,1.521,91.111,10,3,7,76283,730,1451186,80960,2,customer;orders,64227,0,0,0,0,0,0
2026-08-12T11:19:48Z,D77D6A589C8C4C8B,18.4,queries/tpch/tpch-queries/q22/base.sql,measured,3,2,5,3,0.322,67.877,10,3,7,76283,730,1451186,80960,2,customer;orders,64227,0,0,0,0,0,0
2026-08-12T11:19:48Z,D77D6A589C8C4C8B,18.4,queries/tpch/tpch-queries/q22/base.sql,measured,3,3,5,3,0.262,54.754,10,3,7,76283,730,1451186,80960,2,customer;orders,64227,0,0,0,0,0,0
2026-08-12T11:19:48Z,D77D6A589C8C4C8B,18.4,queries/tpch/tpch-queries/q22/base.sql,measured,3,4,5,3,0.261,55.163,10,3,7,76283,730,1451186,80960,2,customer;orders,64227,0,0,0,0,0,0
2026-08-12T11:19:48Z,D77D6A589C8C4C8B,18.4,queries/tpch/tpch-queries/q22/base.sql,measured,3,5,5,3,0.263,56.036,10,3,7,76283,730,1451186,80960,2,customer;orders,64227,0,0,0,0,0,0
2026-08-12T11:19:49Z,D77D6A589C8C4C8B,18.4,queries/tpch/tpch-queries/q22/v1_materialized.sql,warmup,1,1,1,3,1.792,92.283,11,4,7,76290,730,1451690,80960,2,_m;customer;orders,64227,0,0,0,0,0,0
2026-08-12T11:19:49Z,D77D6A589C8C4C8B,18.4,queries/tpch/tpch-queries/q22/v1_materialized.sql,warmup,2,1,1,3,1.399,61.352,11,4,7,76290,730,1451690,80960,2,_m;customer;orders,64227,0,0,0,0,0,0
2026-08-12T11:19:49Z,D77D6A589C8C4C8B,18.4,queries/tpch/tpch-queries/q22/v1_materialized.sql,measured,1,1,5,3,1.094,58.614,11,4,7,76290,730,1451690,80960,2,_m;customer;orders,64227,0,0,0,0,0,0
2026-08-12T11:19:49Z,D77D6A589C8C4C8B,18.4,queries/tpch/tpch-queries/q22/v1_materialized.sql,measured,1,2,5,3,0.300,55.039,11,4,7,76290,730,1451690,80960,2,_m;customer;orders,64227,0,0,0,0,0,0
2026-08-12T11:19:49Z,D77D6A589C8C4C8B,18.4,queries/tpch/tpch-queries/q22/v1_materialized.sql,measured,1,3,5,3,0.272,55.169,11,4,7,76290,730,1451690,80960,2,_m;customer;orders,64227,0,0,0,0,0,0
2026-08-12T11:19:49Z,D77D6A589C8C4C8B,18.4,queries/tpch/tpch-queries/q22/v1_materialized.sql,measured,1,4,5,3,0.281,55.927,11,4,7,76290,730,1451690,80960,2,_m;customer;orders,64227,0,0,0,0,0,0
2026-08-12T11:19:49Z,D77D6A589C8C4C8B,18.4,queries/tpch/tpch-queries/q22/v1_materialized.sql,measured,1,5,5,3,0.275,56.488,11,4,7,76290,730,1451690,80960,2,_m;customer;orders,64227,0,0,0,0,0,0
2026-08-12T11:19:49Z,D77D6A589C8C4C8B,18.4,queries/tpch/tpch-queries/q22/v1_materialized.sql,measured,2,1,5,3,1.564,90.935,11,4,7,76290,730,1451690,80960,2,_m;customer;orders,64227,0,0,0,0,0,0
2026-08-12T11:19:49Z,D77D6A589C8C4C8B,18.4,queries/tpch/tpch-queries/q22/v1_materialized.sql,measured,2,2,5,3,0.322,56.358,11,4,7,76290,730,1451690,80960,2,_m;customer;orders,64227,0,0,0,0,0,0
2026-08-12T11:19:49Z,D77D6A589C8C4C8B,18.4,queries/tpch/tpch-queries/q22/v1_materialized.sql,measured,2,3,5,3,0.266,55.380,11,4,7,76290,730,1451690,80960,2,_m;customer;orders,64227,0,0,0,0,0,0
2026-08-12T11:19:49Z,D77D6A589C8C4C8B,18.4,queries/tpch/tpch-queries/q22/v1_materialized.sql,measured,2,4,5,3,0.271,57.448,11,4,7,76290,730,1451690,80960,2,_m;customer;orders,64227,0,0,0,0,0,0
2026-08-12T11:19:49Z,D77D6A589C8C4C8B,18.4,queries/tpch/tpch-queries/q22/v1_materialized.sql,measured,2,5,5,3,0.277,56.947,11,4,7,76290,730,1451690,80960,2,_m;customer;orders,64227,0,0,0,0,0,0
2026-08-12T11:19:50Z,D77D6A589C8C4C8B,18.4,queries/tpch/tpch-queries/q22/v1_materialized.sql,measured,3,1,5,3,1.587,92.394,11,4,7,76290,730,1451690,80960,2,_m;customer;orders,64227,0,0,0,0,0,0
2026-08-12T11:19:50Z,D77D6A589C8C4C8B,18.4,queries/tpch/tpch-queries/q22/v1_materialized.sql,measured,3,2,5,3,0.315,55.895,11,4,7,76290,730,1451690,80960,2,_m;customer;orders,64227,0,0,0,0,0,0
2026-08-12T11:19:50Z,D77D6A589C8C4C8B,18.4,queries/tpch/tpch-queries/q22/v1_materialized.sql,measured,3,3,5,3,0.276,55.271,11,4,7,76290,730,1451690,80960,2,_m;customer;orders,64227,0,0,0,0,0,0
2026-08-12T11:19:50Z,D77D6A589C8C4C8B,18.4,queries/tpch/tpch-queries/q22/v1_materialized.sql,measured,3,4,5,3,0.269,56.343,11,4,7,76290,730,1451690,80960,2,_m;customer;orders,64227,0,0,0,0,0,0
2026-08-12T11:19:50Z,D77D6A589C8C4C8B,18.4,queries/tpch/tpch-queries/q22/v1_materialized.sql,measured,3,5,5,3,0.269,57.098,11,4,7,76290,730,1451690,80960,2,_m;customer;orders,64227,0,0,0,0,0,0
2026-08-12T11:19:50Z,D77D6A589C8C4C8B,18.4,queries/tpch/tpch-queries/q22/v2_anti_join.sql,warmup,1,1,1,3,2.040,242.971,10,3,7,266283,1,2971186,144316,2,customer;orders,228307,25916,0,0,0,0,0
2026-08-12T11:19:51Z,D77D6A589C8C4C8B,18.4,queries/tpch/tpch-queries/q22/v2_anti_join.sql,warmup,2,1,1,3,1.372,140.403,10,3,7,266283,1,2971186,144316,2,customer;orders,254223,0,0,0,0,0,0
2026-08-12T11:19:51Z,D77D6A589C8C4C8B,18.4,queries/tpch/tpch-queries/q22/v2_anti_join.sql,measured,1,1,5,3,1.146,137.570,10,3,7,266283,1,2971186,144316,2,customer;orders,254223,0,0,0,0,0,0
2026-08-12T11:19:51Z,D77D6A589C8C4C8B,18.4,queries/tpch/tpch-queries/q22/v2_anti_join.sql,measured,1,2,5,3,0.305,126.511,10,3,7,266283,1,2971186,144316,2,customer;orders,254220,0,0,0,0,0,0
2026-08-12T11:19:51Z,D77D6A589C8C4C8B,18.4,queries/tpch/tpch-queries/q22/v2_anti_join.sql,measured,1,3,5,3,0.314,127.145,10,3,7,266283,1,2971186,144316,2,customer;orders,254220,0,0,0,0,0,0
2026-08-12T11:19:51Z,D77D6A589C8C4C8B,18.4,queries/tpch/tpch-queries/q22/v2_anti_join.sql,measured,1,4,5,3,0.322,127.309,10,3,7,266283,1,2971186,144316,2,customer;orders,254220,0,0,0,0,0,0
2026-08-12T11:19:51Z,D77D6A589C8C4C8B,18.4,queries/tpch/tpch-queries/q22/v2_anti_join.sql,measured,1,5,5,3,0.315,127.361,10,3,7,266283,1,2971186,144316,2,customer;orders,254220,0,0,0,0,0,0
2026-08-12T11:19:52Z,D77D6A589C8C4C8B,18.4,queries/tpch/tpch-queries/q22/v2_anti_join.sql,measured,2,1,5,3,1.091,138.538,10,3,7,266283,1,2971186,144316,2,customer;orders,254223,0,0,0,0,0,0
2026-08-12T11:19:52Z,D77D6A589C8C4C8B,18.4,queries/tpch/tpch-queries/q22/v2_anti_join.sql,measured,2,2,5,3,0.295,126.580,10,3,7,266283,1,2971186,144316,2,customer;orders,254220,0,0,0,0,0,0
2026-08-12T11:19:52Z,D77D6A589C8C4C8B,18.4,queries/tpch/tpch-queries/q22/v2_anti_join.sql,measured,2,3,5,3,0.291,126.484,10,3,7,266283,1,2971186,144316,2,customer;orders,254220,0,0,0,0,0,0
2026-08-12T11:19:52Z,D77D6A589C8C4C8B,18.4,queries/tpch/tpch-queries/q22/v2_anti_join.sql,measured,2,4,5,3,0.298,126.343,10,3,7,266283,1,2971186,144316,2,customer;orders,254220,0,0,0,0,0,0
2026-08-12T11:19:52Z,D77D6A589C8C4C8B,18.4,queries/tpch/tpch-queries/q22/v2_anti_join.sql,measured,2,5,5,3,0.292,124.160,10,3,7,266283,1,2971186,144316,2,customer;orders,254220,0,0,0,0,0,0
2026-08-12T11:19:53Z,D77D6A589C8C4C8B,18.4,queries/tpch/tpch-queries/q22/v2_anti_join.sql,measured,3,1,5,3,2.042,174.234,10,3,7,266283,1,2971186,144316,2,customer;orders,254223,0,0,0,0,0,0
2026-08-12T11:19:53Z,D77D6A589C8C4C8B,18.4,queries/tpch/tpch-queries/q22/v2_anti_join.sql,measured,3,2,5,3,0.300,127.094,10,3,7,266283,1,2971186,144316,2,customer;orders,254220,0,0,0,0,0,0
2026-08-12T11:19:53Z,D77D6A589C8C4C8B,18.4,queries/tpch/tpch-queries/q22/v2_anti_join.sql,measured,3,3,5,3,0.300,127.292,10,3,7,266283,1,2971186,144316,2,customer;orders,254220,0,0,0,0,0,0
2026-08-12T11:19:53Z,D77D6A589C8C4C8B,18.4,queries/tpch/tpch-queries/q22/v2_anti_join.sql,measured,3,4,5,3,0.299,126.949,10,3,7,266283,1,2971186,144316,2,customer;orders,254220,0,0,0,0,0,0
2026-08-12T11:19:53Z,D77D6A589C8C4C8B,18.4,queries/tpch/tpch-queries/q22/v2_anti_join.sql,measured,3,5,5,3,0.294,127.326,10,3,7,266283,1,2971186,144316,2,customer;orders,254220,0,0,0,0,0,0
