timestamp_utc,run_id,pg_version,query,phase,batch_index,copy_index,batchnum,runs,server_planning_ms,server_execution_ms,plan_nodes,scan_nodes,rows_out,rows_processed,rows_estimated,bytes_processed,rows_removed_filter,workers_launched,relations,shared_hit_blks,shared_read_blks,shared_dirtied_blks,shared_written_blks,temp_read_blks,temp_written_blks,failed
2026-08-14T11:05:09Z,A5EFB7F38A797663,18.4,queries/tpch/tpch-queries/q01/base.sql,warmup,1,1,1,3,0.790,1514.516,5,1,4,5916654,6,147929854,16925,4,lineitem,112628,0,0,0,0,0,0
2026-08-14T11:05:10Z,A5EFB7F38A797663,18.4,queries/tpch/tpch-queries/q01/base.sql,warmup,2,1,1,3,0.783,1590.462,5,1,4,5916654,6,147929854,16925,4,lineitem,112628,0,0,0,0,0,0
2026-08-14T11:05:19Z,A5EFB7F38A797663,18.4,queries/tpch/tpch-queries/q01/base.sql,measured,1,1,5,3,1.465,1690.346,5,1,4,5916654,6,147929854,16925,4,lineitem,112628,0,0,0,0,0,0
2026-08-14T11:05:19Z,A5EFB7F38A797663,18.4,queries/tpch/tpch-queries/q01/base.sql,measured,1,2,5,3,0.204,1690.601,5,1,4,5916654,6,147929854,16925,4,lineitem,112628,0,0,0,0,0,0
2026-08-14T11:05:19Z,A5EFB7F38A797663,18.4,queries/tpch/tpch-queries/q01/base.sql,measured,1,3,5,3,0.175,1677.062,5,1,4,5916654,6,147929854,16925,4,lineitem,112628,0,0,0,0,0,0
2026-08-14T11:05:19Z,A5EFB7F38A797663,18.4,queries/tpch/tpch-queries/q01/base.sql,measured,1,4,5,3,0.175,1681.214,5,1,4,5916654,6,147929854,16925,4,lineitem,112628,0,0,0,0,0,0
2026-08-14T11:05:19Z,A5EFB7F38A797663,18.4,queries/tpch/tpch-queries/q01/base.sql,measured,1,5,5,3,0.189,1676.335,5,1,4,5916654,6,147929854,16925,4,lineitem,112628,0,0,0,0,0,0
2026-08-14T11:05:27Z,A5EFB7F38A797663,18.4,queries/tpch/tpch-queries/q01/base.sql,measured,2,1,5,3,1.220,1688.555,5,1,4,5916654,6,147929854,16925,4,lineitem,112628,0,0,0,0,0,0
2026-08-14T11:05:27Z,A5EFB7F38A797663,18.4,queries/tpch/tpch-queries/q01/base.sql,measured,2,2,5,3,0.191,1684.776,5,1,4,5916654,6,147929854,16925,4,lineitem,112628,0,0,0,0,0,0
2026-08-14T11:05:27Z,A5EFB7F38A797663,18.4,queries/tpch/tpch-queries/q01/base.sql,measured,2,3,5,3,0.179,1678.831,5,1,4,5916654,6,147929854,16925,4,lineitem,112628,0,0,0,0,0,0
2026-08-14T11:05:27Z,A5EFB7F38A797663,18.4,queries/tpch/tpch-queries/q01/base.sql,measured,2,4,5,3,0.175,1681.676,5,1,4,5916654,6,147929854,16925,4,lineitem,112628,0,0,0,0,0,0
2026-08-14T11:05:27Z,A5EFB7F38A797663,18.4,queries/tpch/tpch-queries/q01/base.sql,measured,2,5,5,3,0.175,1678.472,5,1,4,5916654,6,147929854,16925,4,lineitem,112628,0,0,0,0,0,0
2026-08-14T11:05:36Z,A5EFB7F38A797663,18.4,queries/tpch/tpch-queries/q01/base.sql,measured,3,1,5,3,1.117,1677.730,5,1,4,5916654,6,147929854,16925,4,lineitem,112628,0,0,0,0,0,0
2026-08-14T11:05:36Z,A5EFB7F38A797663,18.4,queries/tpch/tpch-queries/q01/base.sql,measured,3,2,5,3,0.176,1678.064,5,1,4,5916654,6,147929854,16925,4,lineitem,112628,0,0,0,0,0,0
2026-08-14T11:05:36Z,A5EFB7F38A797663,18.4,queries/tpch/tpch-queries/q01/base.sql,measured,3,3,5,3,0.175,1680.453,5,1,4,5916654,6,147929854,16925,4,lineitem,112628,0,0,0,0,0,0
2026-08-14T11:05:36Z,A5EFB7F38A797663,18.4,queries/tpch/tpch-queries/q01/base.sql,measured,3,4,5,3,0.175,1680.566,5,1,4,5916654,6,147929854,16925,4,lineitem,112628,0,0,0,0,0,0
2026-08-14T11:05:36Z,A5EFB7F38A797663,18.4,queries/tpch/tpch-queries/q01/base.sql,measured,3,5,5,3,0.178,1674.999,5,1,4,5916654,6,147929854,16925,4,lineitem,112628,0,0,0,0,0,0
2026-08-14T11:05:38Z,A5EFB7F38A797663,18.4,queries/tpch/tpch-queries/q01/v1_materialized.sql,warmup,1,1,1,3,1.443,1682.320,6,2,4,5916658,6,147930846,16925,4,_m;lineitem,112628,0,0,0,0,0,0
2026-08-14T11:05:39Z,A5EFB7F38A797663,18.4,queries/tpch/tpch-queries/q01/v1_materialized.sql,warmup,2,1,1,3,1.463,1679.849,6,2,4,5916658,6,147930846,16925,4,_m;lineitem,112628,0,0,0,0,0,0
2026-08-14T11:05:48Z,A5EFB7F38A797663,18.4,queries/tpch/tpch-queries/q01/v1_materialized.sql,measured,1,1,5,3,1.383,1680.057,6,2,4,5916658,6,147930846,16925,4,_m;lineitem,112628,0,0,0,0,0,0
2026-08-14T11:05:48Z,A5EFB7F38A797663,18.4,queries/tpch/tpch-queries/q01/v1_materialized.sql,measured,1,2,5,3,0.218,1680.719,6,2,4,5916658,6,147930846,16925,4,_m;lineitem,112628,0,0,0,0,0,0
2026-08-14T11:05:48Z,A5EFB7F38A797663,18.4,queries/tpch/tpch-queries/q01/v1_materialized.sql,measured,1,3,5,3,0.233,1680.020,6,2,4,5916658,6,147930846,16925,4,_m;lineitem,112628,0,0,0,0,0,0
2026-08-14T11:05:48Z,A5EFB7F38A797663,18.4,queries/tpch/tpch-queries/q01/v1_materialized.sql,measured,1,4,5,3,0.209,1677.915,6,2,4,5916658,6,147930846,16925,4,_m;lineitem,112628,0,0,0,0,0,0
2026-08-14T11:05:48Z,A5EFB7F38A797663,18.4,queries/tpch/tpch-queries/q01/v1_materialized.sql,measured,1,5,5,3,0.199,1677.198,6,2,4,5916658,6,147930846,16925,4,_m;lineitem,112628,0,0,0,0,0,0
2026-08-14T11:05:56Z,A5EFB7F38A797663,18.4,queries/tpch/tpch-queries/q01/v1_materialized.sql,measured,2,1,5,3,1.135,1682.323,6,2,4,5916658,6,147930846,16925,4,_m;lineitem,112628,0,0,0,0,0,0
2026-08-14T11:05:56Z,A5EFB7F38A797663,18.4,queries/tpch/tpch-queries/q01/v1_materialized.sql,measured,2,2,5,3,0.202,1679.648,6,2,4,5916658,6,147930846,16925,4,_m;lineitem,112628,0,0,0,0,0,0
2026-08-14T11:05:56Z,A5EFB7F38A797663,18.4,queries/tpch/tpch-queries/q01/v1_materialized.sql,measured,2,3,5,3,0.216,1680.628,6,2,4,5916658,6,147930846,16925,4,_m;lineitem,112628,0,0,0,0,0,0
2026-08-14T11:05:56Z,A5EFB7F38A797663,18.4,queries/tpch/tpch-queries/q01/v1_materialized.sql,measured,2,4,5,3,0.202,1675.286,6,2,4,5916658,6,147930846,16925,4,_m;lineitem,112628,0,0,0,0,0,0
2026-08-14T11:05:56Z,A5EFB7F38A797663,18.4,queries/tpch/tpch-queries/q01/v1_materialized.sql,measured,2,5,5,3,0.200,1675.573,6,2,4,5916658,6,147930846,16925,4,_m;lineitem,112628,0,0,0,0,0,0
2026-08-14T11:06:05Z,A5EFB7F38A797663,18.4,queries/tpch/tpch-queries/q01/v1_materialized.sql,measured,3,1,5,3,1.018,1679.204,6,2,4,5916658,6,147930846,16925,4,_m;lineitem,112628,0,0,0,0,0,0
2026-08-14T11:06:05Z,A5EFB7F38A797663,18.4,queries/tpch/tpch-queries/q01/v1_materialized.sql,measured,3,2,5,3,0.219,1687.448,6,2,4,5916658,6,147930846,16925,4,_m;lineitem,112628,0,0,0,0,0,0
2026-08-14T11:06:05Z,A5EFB7F38A797663,18.4,queries/tpch/tpch-queries/q01/v1_materialized.sql,measured,3,3,5,3,0.260,1676.976,6,2,4,5916658,6,147930846,16925,4,_m;lineitem,112628,0,0,0,0,0,0
2026-08-14T11:06:05Z,A5EFB7F38A797663,18.4,queries/tpch/tpch-queries/q01/v1_materialized.sql,measured,3,4,5,3,0.215,1678.976,6,2,4,5916658,6,147930846,16925,4,_m;lineitem,112628,0,0,0,0,0,0
2026-08-14T11:06:05Z,A5EFB7F38A797663,18.4,queries/tpch/tpch-queries/q01/v1_materialized.sql,measured,3,5,5,3,0.198,1681.823,6,2,4,5916658,6,147930846,16925,4,_m;lineitem,112628,0,0,0,0,0,0
2026-08-14T11:06:05Z,A5EFB7F38A797663,18.4,queries/tpch/tpch-queries/q02/base.sql,warmup,1,1,1,3,3.011,226.957,23,10,100,521979,1,59100592,3168,0,part;ixtest_part_size;supplier;nation;region;partsupp,197963,0,0,0,1912,1912,0
2026-08-14T11:06:05Z,A5EFB7F38A797663,18.4,queries/tpch/tpch-queries/q02/base.sql,warmup,2,1,1,3,2.191,199.196,23,10,100,521979,1,59100592,3168,0,part;ixtest_part_size;supplier;nation;region;partsupp,197963,0,0,0,1912,1912,0
2026-08-14T11:06:07Z,A5EFB7F38A797663,18.4,queries/tpch/tpch-queries/q02/base.sql,measured,1,1,5,3,2.139,209.946,23,10,100,521979,1,59100592,3168,0,part;ixtest_part_size;supplier;nation;region;partsupp,197963,0,0,0,1912,1912,0
2026-08-14T11:06:07Z,A5EFB7F38A797663,18.4,queries/tpch/tpch-queries/q02/base.sql,measured,1,2,5,3,0.944,190.868,23,10,100,521979,1,59100592,3168,0,part;ixtest_part_size;supplier;nation;region;partsupp,197954,0,0,0,1912,1912,0
2026-08-14T11:06:07Z,A5EFB7F38A797663,18.4,queries/tpch/tpch-queries/q02/base.sql,measured,1,3,5,3,0.961,191.155,23,10,100,521979,1,59100592,3168,0,part;ixtest_part_size;supplier;nation;region;partsupp,197954,0,0,0,1912,1912,0
2026-08-14T11:06:07Z,A5EFB7F38A797663,18.4,queries/tpch/tpch-queries/q02/base.sql,measured,1,4,5,3,0.887,185.357,23,10,100,521979,1,59100592,3168,0,part;ixtest_part_size;supplier;nation;region;partsupp,197954,0,0,0,1912,1912,0
2026-08-14T11:06:07Z,A5EFB7F38A797663,18.4,queries/tpch/tpch-queries/q02/base.sql,measured,1,5,5,3,0.885,189.824,23,10,100,521979,1,59100592,3168,0,part;ixtest_part_size;supplier;nation;region;partsupp,197954,0,0,0,1912,1912,0
2026-08-14T11:06:08Z,A5EFB7F38A797663,18.4,queries/tpch/tpch-queries/q02/base.sql,measured,2,1,5,3,2.113,202.975,23,10,100,521979,1,59100592,3168,0,part;ixtest_part_size;supplier;nation;region;partsupp,197963,0,0,0,1912,1912,0
2026-08-14T11:06:08Z,A5EFB7F38A797663,18.4,queries/tpch/tpch-queries/q02/base.sql,measured,2,2,5,3,0.922,181.709,23,10,100,521979,1,59100592,3168,0,part;ixtest_part_size;supplier;nation;region;partsupp,197954,0,0,0,1912,1912,0
2026-08-14T11:06:08Z,A5EFB7F38A797663,18.4,queries/tpch/tpch-queries/q02/base.sql,measured,2,3,5,3,0.898,180.600,23,10,100,521979,1,59100592,3168,0,part;ixtest_part_size;supplier;nation;region;partsupp,197954,0,0,0,1912,1912,0
2026-08-14T11:06:08Z,A5EFB7F38A797663,18.4,queries/tpch/tpch-queries/q02/base.sql,measured,2,4,5,3,0.973,180.808,23,10,100,521979,1,59100592,3168,0,part;ixtest_part_size;supplier;nation;region;partsupp,197954,0,0,0,1912,1912,0
2026-08-14T11:06:08Z,A5EFB7F38A797663,18.4,queries/tpch/tpch-queries/q02/base.sql,measured,2,5,5,3,0.889,179.265,23,10,100,521979,1,59100592,3168,0,part;ixtest_part_size;supplier;nation;region;partsupp,197954,0,0,0,1912,1912,0
2026-08-14T11:06:09Z,A5EFB7F38A797663,18.4,queries/tpch/tpch-queries/q02/base.sql,measured,3,1,5,3,2.200,199.243,23,10,100,521979,1,59100592,3168,0,part;ixtest_part_size;supplier;nation;region;partsupp,197963,0,0,0,1912,1912,0
2026-08-14T11:06:09Z,A5EFB7F38A797663,18.4,queries/tpch/tpch-queries/q02/base.sql,measured,3,2,5,3,0.905,180.075,23,10,100,521979,1,59100592,3168,0,part;ixtest_part_size;supplier;nation;region;partsupp,197954,0,0,0,1912,1912,0
2026-08-14T11:06:09Z,A5EFB7F38A797663,18.4,queries/tpch/tpch-queries/q02/base.sql,measured,3,3,5,3,0.891,179.961,23,10,100,521979,1,59100592,3168,0,part;ixtest_part_size;supplier;nation;region;partsupp,197954,0,0,0,1912,1912,0
2026-08-14T11:06:09Z,A5EFB7F38A797663,18.4,queries/tpch/tpch-queries/q02/base.sql,measured,3,4,5,3,0.901,181.894,23,10,100,521979,1,59100592,3168,0,part;ixtest_part_size;supplier;nation;region;partsupp,197954,0,0,0,1912,1912,0
2026-08-14T11:06:09Z,A5EFB7F38A797663,18.4,queries/tpch/tpch-queries/q02/base.sql,measured,3,5,5,3,0.901,179.555,23,10,100,521979,1,59100592,3168,0,part;ixtest_part_size;supplier;nation;region;partsupp,197954,0,0,0,1912,1912,0
2026-08-14T11:06:09Z,A5EFB7F38A797663,18.4,queries/tpch/tpch-queries/q02/v1_materialized.sql,warmup,1,1,1,3,2.025,230.357,24,12,100,516404,1,58380442,3168,0,part;ixtest_part_size;nation;region;supplier;ixtest_supplier_nationkey;partsupp;_m,198699,0,0,0,1912,1912,0
2026-08-14T11:06:09Z,A5EFB7F38A797663,18.4,queries/tpch/tpch-queries/q02/v1_materialized.sql,warmup,2,1,1,3,2.265,240.259,24,12,100,516404,1,58380442,3168,0,part;ixtest_part_size;nation;region;supplier;ixtest_supplier_nationkey;partsupp;_m,198699,0,0,0,1912,1912,0
2026-08-14T11:06:10Z,A5EFB7F38A797663,18.4,queries/tpch/tpch-queries/q02/v1_materialized.sql,measured,1,1,5,3,1.989,242.333,24,12,100,516404,1,58380442,3168,0,part;ixtest_part_size;nation;region;supplier;ixtest_supplier_nationkey;partsupp;_m,198699,0,0,0,1912,1912,0
2026-08-14T11:06:10Z,A5EFB7F38A797663,18.4,queries/tpch/tpch-queries/q02/v1_materialized.sql,measured,1,2,5,3,0.858,216.696,24,12,100,516404,1,58380442,3168,0,part;ixtest_part_size;nation;region;supplier;ixtest_supplier_nationkey;partsupp;_m,198690,0,0,0,1912,1912,0
2026-08-14T11:06:10Z,A5EFB7F38A797663,18.4,queries/tpch/tpch-queries/q02/v1_materialized.sql,measured,1,3,5,3,0.801,216.129,24,12,100,516404,1,58380442,3168,0,part;ixtest_part_size;nation;region;supplier;ixtest_supplier_nationkey;partsupp;_m,198690,0,0,0,1912,1912,0
2026-08-14T11:06:10Z,A5EFB7F38A797663,18.4,queries/tpch/tpch-queries/q02/v1_materialized.sql,measured,1,4,5,3,0.817,211.090,24,12,100,516404,1,58380442,3168,0,part;ixtest_part_size;nation;region;supplier;ixtest_supplier_nationkey;partsupp;_m,198690,0,0,0,1912,1912,0
2026-08-14T11:06:10Z,A5EFB7F38A797663,18.4,queries/tpch/tpch-queries/q02/v1_materialized.sql,measured,1,5,5,3,0.799,209.865,24,12,100,516404,1,58380442,3168,0,part;ixtest_part_size;nation;region;supplier;ixtest_supplier_nationkey;partsupp;_m,198690,0,0,0,1912,1912,0
2026-08-14T11:06:12Z,A5EFB7F38A797663,18.4,queries/tpch/tpch-queries/q02/v1_materialized.sql,measured,2,1,5,3,2.129,233.914,24,12,100,516404,1,58380442,3168,0,part;ixtest_part_size;nation;region;supplier;ixtest_supplier_nationkey;partsupp;_m,198699,0,0,0,1912,1912,0
2026-08-14T11:06:12Z,A5EFB7F38A797663,18.4,queries/tpch/tpch-queries/q02/v1_materialized.sql,measured,2,2,5,3,0.796,210.495,24,12,100,516404,1,58380442,3168,0,part;ixtest_part_size;nation;region;supplier;ixtest_supplier_nationkey;partsupp;_m,198690,0,0,0,1912,1912,0
2026-08-14T11:06:12Z,A5EFB7F38A797663,18.4,queries/tpch/tpch-queries/q02/v1_materialized.sql,measured,2,3,5,3,0.791,209.756,24,12,100,516404,1,58380442,3168,0,part;ixtest_part_size;nation;region;supplier;ixtest_supplier_nationkey;partsupp;_m,198690,0,0,0,1912,1912,0
2026-08-14T11:06:12Z,A5EFB7F38A797663,18.4,queries/tpch/tpch-queries/q02/v1_materialized.sql,measured,2,4,5,3,0.791,210.526,24,12,100,516404,1,58380442,3168,0,part;ixtest_part_size;nation;region;supplier;ixtest_supplier_nationkey;partsupp;_m,198690,0,0,0,1912,1912,0
2026-08-14T11:06:12Z,A5EFB7F38A797663,18.4,queries/tpch/tpch-queries/q02/v1_materialized.sql,measured,2,5,5,3,0.779,211.972,24,12,100,516404,1,58380442,3168,0,part;ixtest_part_size;nation;region;supplier;ixtest_supplier_nationkey;partsupp;_m,198690,0,0,0,1912,1912,0
2026-08-14T11:06:13Z,A5EFB7F38A797663,18.4,queries/tpch/tpch-queries/q02/v1_materialized.sql,measured,3,1,5,3,1.991,237.155,24,12,100,516404,1,58380442,3168,0,part;ixtest_part_size;nation;region;supplier;ixtest_supplier_nationkey;partsupp;_m,198699,0,0,0,1912,1912,0
2026-08-14T11:06:13Z,A5EFB7F38A797663,18.4,queries/tpch/tpch-queries/q02/v1_materialized.sql,measured,3,2,5,3,0.833,211.368,24,12,100,516404,1,58380442,3168,0,part;ixtest_part_size;nation;region;supplier;ixtest_supplier_nationkey;partsupp;_m,198690,0,0,0,1912,1912,0
2026-08-14T11:06:13Z,A5EFB7F38A797663,18.4,queries/tpch/tpch-queries/q02/v1_materialized.sql,measured,3,3,5,3,0.788,207.425,24,12,100,516404,1,58380442,3168,0,part;ixtest_part_size;nation;region;supplier;ixtest_supplier_nationkey;partsupp;_m,198690,0,0,0,1912,1912,0
2026-08-14T11:06:13Z,A5EFB7F38A797663,18.4,queries/tpch/tpch-queries/q02/v1_materialized.sql,measured,3,4,5,3,0.787,204.917,24,12,100,516404,1,58380442,3168,0,part;ixtest_part_size;nation;region;supplier;ixtest_supplier_nationkey;partsupp;_m,198690,0,0,0,1912,1912,0
2026-08-14T11:06:13Z,A5EFB7F38A797663,18.4,queries/tpch/tpch-queries/q02/v1_materialized.sql,measured,3,5,5,3,0.789,205.703,24,12,100,516404,1,58380442,3168,0,part;ixtest_part_size;nation;region;supplier;ixtest_supplier_nationkey;partsupp;_m,198690,0,0,0,1912,1912,0
2026-08-14T11:06:13Z,A5EFB7F38A797663,18.4,queries/tpch/tpch-queries/q02/v2_decorrelate.sql,warmup,1,1,1,3,3.029,223.318,25,11,100,452023,1,8826712,3171,0,region;nation;supplier;ixtest_supplier_nationkey;partsupp;part;ixtest_part_size,171708,0,0,0,0,0,0
2026-08-14T11:06:13Z,A5EFB7F38A797663,18.4,queries/tpch/tpch-queries/q02/v2_decorrelate.sql,warmup,2,1,1,3,3.432,229.375,25,11,100,452023,1,8826712,3171,0,region;nation;supplier;ixtest_supplier_nationkey;partsupp;part;ixtest_part_size,171708,0,0,0,0,0,0
2026-08-14T11:06:15Z,A5EFB7F38A797663,18.4,queries/tpch/tpch-queries/q02/v2_decorrelate.sql,measured,1,1,5,3,2.856,227.730,25,11,100,452023,1,8826712,3171,0,region;nation;supplier;ixtest_supplier_nationkey;partsupp;part;ixtest_part_size,171708,0,0,0,0,0,0
2026-08-14T11:06:15Z,A5EFB7F38A797663,18.4,queries/tpch/tpch-queries/q02/v2_decorrelate.sql,measured,1,2,5,3,2.093,219.209,25,11,100,452023,1,8826712,3171,0,region;nation;supplier;ixtest_supplier_nationkey;partsupp;part;ixtest_part_size,171699,0,0,0,0,0,0
2026-08-14T11:06:15Z,A5EFB7F38A797663,18.4,queries/tpch/tpch-queries/q02/v2_decorrelate.sql,measured,1,3,5,3,1.967,216.745,25,11,100,452023,1,8826712,3171,0,region;nation;supplier;ixtest_supplier_nationkey;partsupp;part;ixtest_part_size,171699,0,0,0,0,0,0
2026-08-14T11:06:15Z,A5EFB7F38A797663,18.4,queries/tpch/tpch-queries/q02/v2_decorrelate.sql,measured,1,4,5,3,1.943,216.480,25,11,100,452023,1,8826712,3171,0,region;nation;supplier;ixtest_supplier_nationkey;partsupp;part;ixtest_part_size,171699,0,0,0,0,0,0
2026-08-14T11:06:15Z,A5EFB7F38A797663,18.4,queries/tpch/tpch-queries/q02/v2_decorrelate.sql,measured,1,5,5,3,1.928,213.915,25,11,100,452023,1,8826712,3171,0,region;nation;supplier;ixtest_supplier_nationkey;partsupp;part;ixtest_part_size,171699,0,0,0,0,0,0
2026-08-14T11:06:16Z,A5EFB7F38A797663,18.4,queries/tpch/tpch-queries/q02/v2_decorrelate.sql,measured,2,1,5,3,2.991,216.748,25,11,100,452023,1,8826712,3171,0,region;nation;supplier;ixtest_supplier_nationkey;partsupp;part;ixtest_part_size,171708,0,0,0,0,0,0
2026-08-14T11:06:16Z,A5EFB7F38A797663,18.4,queries/tpch/tpch-queries/q02/v2_decorrelate.sql,measured,2,2,5,3,2.048,213.237,25,11,100,452023,1,8826712,3171,0,region;nation;supplier;ixtest_supplier_nationkey;partsupp;part;ixtest_part_size,171699,0,0,0,0,0,0
2026-08-14T11:06:16Z,A5EFB7F38A797663,18.4,queries/tpch/tpch-queries/q02/v2_decorrelate.sql,measured,2,3,5,3,1.962,221.066,25,11,100,452023,1,8826712,3171,0,region;nation;supplier;ixtest_supplier_nationkey;partsupp;part;ixtest_part_size,171699,0,0,0,0,0,0
2026-08-14T11:06:16Z,A5EFB7F38A797663,18.4,queries/tpch/tpch-queries/q02/v2_decorrelate.sql,measured,2,4,5,3,2.063,217.257,25,11,100,452023,1,8826712,3171,0,region;nation;supplier;ixtest_supplier_nationkey;partsupp;part;ixtest_part_size,171699,0,0,0,0,0,0
2026-08-14T11:06:16Z,A5EFB7F38A797663,18.4,queries/tpch/tpch-queries/q02/v2_decorrelate.sql,measured,2,5,5,3,2.083,212.259,25,11,100,452023,1,8826712,3171,0,region;nation;supplier;ixtest_supplier_nationkey;partsupp;part;ixtest_part_size,171699,0,0,0,0,0,0
2026-08-14T11:06:17Z,A5EFB7F38A797663,18.4,queries/tpch/tpch-queries/q02/v2_decorrelate.sql,measured,3,1,5,3,2.861,222.488,25,11,100,452023,1,8826712,3171,0,region;nation;supplier;ixtest_supplier_nationkey;partsupp;part;ixtest_part_size,171708,0,0,0,0,0,0
2026-08-14T11:06:17Z,A5EFB7F38A797663,18.4,queries/tpch/tpch-queries/q02/v2_decorrelate.sql,measured,3,2,5,3,2.095,218.238,25,11,100,452023,1,8826712,3171,0,region;nation;supplier;ixtest_supplier_nationkey;partsupp;part;ixtest_part_size,171699,0,0,0,0,0,0
2026-08-14T11:06:17Z,A5EFB7F38A797663,18.4,queries/tpch/tpch-queries/q02/v2_decorrelate.sql,measured,3,3,5,3,2.018,214.771,25,11,100,452023,1,8826712,3171,0,region;nation;supplier;ixtest_supplier_nationkey;partsupp;part;ixtest_part_size,171699,0,0,0,0,0,0
2026-08-14T11:06:17Z,A5EFB7F38A797663,18.4,queries/tpch/tpch-queries/q02/v2_decorrelate.sql,measured,3,4,5,3,1.951,217.110,25,11,100,452023,1,8826712,3171,0,region;nation;supplier;ixtest_supplier_nationkey;partsupp;part;ixtest_part_size,171699,0,0,0,0,0,0
2026-08-14T11:06:17Z,A5EFB7F38A797663,18.4,queries/tpch/tpch-queries/q02/v2_decorrelate.sql,measured,3,5,5,3,1.929,218.066,25,11,100,452023,1,8826712,3171,0,region;nation;supplier;ixtest_supplier_nationkey;partsupp;part;ixtest_part_size,171699,0,0,0,0,0,0
2026-08-14T11:06:17Z,A5EFB7F38A797663,18.4,queries/tpch/tpch-queries/q03/base.sql,warmup,1,1,1,3,1.562,267.312,12,4,10,1068043,10,16352864,193178,3,orders;customer;ixtest_customer_mktseg;lineitem,626666,0,0,0,0,0,0
2026-08-14T11:06:18Z,A5EFB7F38A797663,18.4,queries/tpch/tpch-queries/q03/base.sql,warmup,2,1,1,3,1.869,278.740,12,4,10,1068043,10,16352864,193178,3,orders;customer;ixtest_customer_mktseg;lineitem,626666,0,0,0,0,0,0
2026-08-14T11:06:19Z,A5EFB7F38A797663,18.4,queries/tpch/tpch-queries/q03/base.sql,measured,1,1,5,3,2.147,283.517,12,4,10,1068043,10,16352864,193178,3,orders;customer;ixtest_customer_mktseg;lineitem,626666,0,0,0,0,0,0
2026-08-14T11:06:19Z,A5EFB7F38A797663,18.4,queries/tpch/tpch-queries/q03/base.sql,measured,1,2,5,3,0.470,243.390,12,4,10,1068043,10,16352864,193178,3,orders;customer;ixtest_customer_mktseg;lineitem,626663,0,0,0,0,0,0
2026-08-14T11:06:19Z,A5EFB7F38A797663,18.4,queries/tpch/tpch-queries/q03/base.sql,measured,1,3,5,3,0.444,242.135,12,4,10,1068043,10,16352864,193178,3,orders;customer;ixtest_customer_mktseg;lineitem,626663,0,0,0,0,0,0
2026-08-14T11:06:19Z,A5EFB7F38A797663,18.4,queries/tpch/tpch-queries/q03/base.sql,measured,1,4,5,3,0.450,242.540,12,4,10,1068043,10,16352864,193178,3,orders;customer;ixtest_customer_mktseg;lineitem,626663,0,0,0,0,0,0
2026-08-14T11:06:19Z,A5EFB7F38A797663,18.4,queries/tpch/tpch-queries/q03/base.sql,measured,1,5,5,3,0.449,240.468,12,4,10,1068043,10,16352864,193178,3,orders;customer;ixtest_customer_mktseg;lineitem,626663,0,0,0,0,0,0
2026-08-14T11:06:20Z,A5EFB7F38A797663,18.4,queries/tpch/tpch-queries/q03/base.sql,measured,2,1,5,3,1.739,299.592,12,4,10,1068043,10,16352864,193178,3,orders;customer;ixtest_customer_mktseg;lineitem,626666,0,0,0,0,0,0
2026-08-14T11:06:20Z,A5EFB7F38A797663,18.4,queries/tpch/tpch-queries/q03/base.sql,measured,2,2,5,3,0.455,245.157,12,4,10,1068043,10,16352864,193178,3,orders;customer;ixtest_customer_mktseg;lineitem,626663,0,0,0,0,0,0
2026-08-14T11:06:20Z,A5EFB7F38A797663,18.4,queries/tpch/tpch-queries/q03/base.sql,measured,2,3,5,3,0.452,245.386,12,4,10,1068043,10,16352864,193178,3,orders;customer;ixtest_customer_mktseg;lineitem,626663,0,0,0,0,0,0
2026-08-14T11:06:20Z,A5EFB7F38A797663,18.4,queries/tpch/tpch-queries/q03/base.sql,measured,2,4,5,3,0.463,244.992,12,4,10,1068043,10,16352864,193178,3,orders;customer;ixtest_customer_mktseg;lineitem,626663,0,0,0,0,0,0
2026-08-14T11:06:20Z,A5EFB7F38A797663,18.4,queries/tpch/tpch-queries/q03/base.sql,measured,2,5,5,3,0.466,244.714,12,4,10,1068043,10,16352864,193178,3,orders;customer;ixtest_customer_mktseg;lineitem,626663,0,0,0,0,0,0
2026-08-14T11:06:22Z,A5EFB7F38A797663,18.4,queries/tpch/tpch-queries/q03/base.sql,measured,3,1,5,3,1.736,305.843,12,4,10,1068043,10,16352864,193178,3,orders;customer;ixtest_customer_mktseg;lineitem,626666,0,0,0,0,0,0
2026-08-14T11:06:22Z,A5EFB7F38A797663,18.4,queries/tpch/tpch-queries/q03/base.sql,measured,3,2,5,3,0.443,245.426,12,4,10,1068043,10,16352864,193178,3,orders;customer;ixtest_customer_mktseg;lineitem,626663,0,0,0,0,0,0
2026-08-14T11:06:22Z,A5EFB7F38A797663,18.4,queries/tpch/tpch-queries/q03/base.sql,measured,3,3,5,3,0.469,244.777,12,4,10,1068043,10,16352864,193178,3,orders;customer;ixtest_customer_mktseg;lineitem,626663,0,0,0,0,0,0
2026-08-14T11:06:22Z,A5EFB7F38A797663,18.4,queries/tpch/tpch-queries/q03/base.sql,measured,3,4,5,3,0.453,242.205,12,4,10,1068043,10,16352864,193178,3,orders;customer;ixtest_customer_mktseg;lineitem,626663,0,0,0,0,0,0
2026-08-14T11:06:22Z,A5EFB7F38A797663,18.4,queries/tpch/tpch-queries/q03/base.sql,measured,3,5,5,3,0.460,245.038,12,4,10,1068043,10,16352864,193178,3,orders;customer;ixtest_customer_mktseg;lineitem,626663,0,0,0,0,0,0
2026-08-14T11:06:22Z,A5EFB7F38A797663,18.4,queries/tpch/tpch-queries/q03/v1_materialized.sql,warmup,1,1,1,3,1.496,269.792,13,5,10,1079663,10,16864144,193178,3,orders;customer;ixtest_customer_mktseg;lineitem;_m,626666,0,0,0,0,0,0
2026-08-14T11:06:23Z,A5EFB7F38A797663,18.4,queries/tpch/tpch-queries/q03/v1_materialized.sql,warmup,2,1,1,3,2.112,299.279,13,5,10,1079663,10,16864144,193178,3,orders;customer;ixtest_customer_mktseg;lineitem;_m,626666,0,0,0,0,0,0
2026-08-14T11:06:24Z,A5EFB7F38A797663,18.4,queries/tpch/tpch-queries/q03/v1_materialized.sql,measured,1,1,5,3,2.139,288.377,13,5,10,1079663,10,16864144,193178,3,orders;customer;ixtest_customer_mktseg;lineitem;_m,626666,0,0,0,0,0,0
2026-08-14T11:06:24Z,A5EFB7F38A797663,18.4,queries/tpch/tpch-queries/q03/v1_materialized.sql,measured,1,2,5,3,0.432,247.558,13,5,10,1079663,10,16864144,193178,3,orders;customer;ixtest_customer_mktseg;lineitem;_m,626663,0,0,0,0,0,0
2026-08-14T11:06:24Z,A5EFB7F38A797663,18.4,queries/tpch/tpch-queries/q03/v1_materialized.sql,measured,1,3,5,3,0.425,247.362,13,5,10,1079663,10,16864144,193178,3,orders;customer;ixtest_customer_mktseg;lineitem;_m,626663,0,0,0,0,0,0
2026-08-14T11:06:24Z,A5EFB7F38A797663,18.4,queries/tpch/tpch-queries/q03/v1_materialized.sql,measured,1,4,5,3,0.435,248.283,13,5,10,1079663,10,16864144,193178,3,orders;customer;ixtest_customer_mktseg;lineitem;_m,626663,0,0,0,0,0,0
2026-08-14T11:06:24Z,A5EFB7F38A797663,18.4,queries/tpch/tpch-queries/q03/v1_materialized.sql,measured,1,5,5,3,0.434,247.386,13,5,10,1079663,10,16864144,193178,3,orders;customer;ixtest_customer_mktseg;lineitem;_m,626663,0,0,0,0,0,0
2026-08-14T11:06:25Z,A5EFB7F38A797663,18.4,queries/tpch/tpch-queries/q03/v1_materialized.sql,measured,2,1,5,3,1.501,283.761,13,5,10,1079663,10,16864144,193178,3,orders;customer;ixtest_customer_mktseg;lineitem;_m,626666,0,0,0,0,0,0
2026-08-14T11:06:25Z,A5EFB7F38A797663,18.4,queries/tpch/tpch-queries/q03/v1_materialized.sql,measured,2,2,5,3,0.417,252.277,13,5,10,1079663,10,16864144,193178,3,orders;customer;ixtest_customer_mktseg;lineitem;_m,626663,0,0,0,0,0,0
2026-08-14T11:06:25Z,A5EFB7F38A797663,18.4,queries/tpch/tpch-queries/q03/v1_materialized.sql,measured,2,3,5,3,0.437,252.670,13,5,10,1079663,10,16864144,193178,3,orders;customer;ixtest_customer_mktseg;lineitem;_m,626663,0,0,0,0,0,0
2026-08-14T11:06:25Z,A5EFB7F38A797663,18.4,queries/tpch/tpch-queries/q03/v1_materialized.sql,measured,2,4,5,3,0.435,251.852,13,5,10,1079663,10,16864144,193178,3,orders;customer;ixtest_customer_mktseg;lineitem;_m,626663,0,0,0,0,0,0
2026-08-14T11:06:25Z,A5EFB7F38A797663,18.4,queries/tpch/tpch-queries/q03/v1_materialized.sql,measured,2,5,5,3,0.436,251.666,13,5,10,1079663,10,16864144,193178,3,orders;customer;ixtest_customer_mktseg;lineitem;_m,626663,0,0,0,0,0,0
2026-08-14T11:06:27Z,A5EFB7F38A797663,18.4,queries/tpch/tpch-queries/q03/v1_materialized.sql,measured,3,1,5,3,1.801,282.519,13,5,10,1079663,10,16864144,193178,3,orders;customer;ixtest_customer_mktseg;lineitem;_m,626666,0,0,0,0,0,0
2026-08-14T11:06:27Z,A5EFB7F38A797663,18.4,queries/tpch/tpch-queries/q03/v1_materialized.sql,measured,3,2,5,3,0.422,257.994,13,5,10,1079663,10,16864144,193178,3,orders;customer;ixtest_customer_mktseg;lineitem;_m,626663,0,0,0,0,0,0
2026-08-14T11:06:27Z,A5EFB7F38A797663,18.4,queries/tpch/tpch-queries/q03/v1_materialized.sql,measured,3,3,5,3,0.426,249.594,13,5,10,1079663,10,16864144,193178,3,orders;customer;ixtest_customer_mktseg;lineitem;_m,626663,0,0,0,0,0,0
2026-08-14T11:06:27Z,A5EFB7F38A797663,18.4,queries/tpch/tpch-queries/q03/v1_materialized.sql,measured,3,4,5,3,0.442,249.577,13,5,10,1079663,10,16864144,193178,3,orders;customer;ixtest_customer_mktseg;lineitem;_m,626663,0,0,0,0,0,0
2026-08-14T11:06:27Z,A5EFB7F38A797663,18.4,queries/tpch/tpch-queries/q03/v1_materialized.sql,measured,3,5,5,3,0.436,251.692,13,5,10,1079663,10,16864144,193178,3,orders;customer;ixtest_customer_mktseg;lineitem;_m,626663,0,0,0,0,0,0
2026-08-14T11:06:27Z,A5EFB7F38A797663,18.4,queries/tpch/tpch-queries/q04/base.sql,warmup,1,1,1,3,1.442,115.180,8,3,5,219519,5,2826040,1,3,orders;ixtest_orders_orderdate;lineitem,252777,0,0,0,0,0,0
2026-08-14T11:06:27Z,A5EFB7F38A797663,18.4,queries/tpch/tpch-queries/q04/base.sql,warmup,2,1,1,3,1.207,100.179,8,3,5,219519,5,2826040,1,3,orders;ixtest_orders_orderdate;lineitem,252777,0,0,0,0,0,0
2026-08-14T11:06:28Z,A5EFB7F38A797663,18.4,queries/tpch/tpch-queries/q04/base.sql,measured,1,1,5,3,1.655,131.696,8,3,5,219519,5,2826040,1,3,orders;ixtest_orders_orderdate;lineitem,252777,0,0,0,0,0,0
2026-08-14T11:06:28Z,A5EFB7F38A797663,18.4,queries/tpch/tpch-queries/q04/base.sql,measured,1,2,5,3,0.255,93.034,8,3,5,219519,5,2826040,1,3,orders;ixtest_orders_orderdate;lineitem,252777,0,0,0,0,0,0
2026-08-14T11:06:28Z,A5EFB7F38A797663,18.4,queries/tpch/tpch-queries/q04/base.sql,measured,1,3,5,3,0.301,89.457,8,3,5,219519,5,2826040,1,3,orders;ixtest_orders_orderdate;lineitem,252777,0,0,0,0,0,0
2026-08-14T11:06:28Z,A5EFB7F38A797663,18.4,queries/tpch/tpch-queries/q04/base.sql,measured,1,4,5,3,0.253,90.071,8,3,5,219519,5,2826040,1,3,orders;ixtest_orders_orderdate;lineitem,252777,0,0,0,0,0,0
2026-08-14T11:06:28Z,A5EFB7F38A797663,18.4,queries/tpch/tpch-queries/q04/base.sql,measured,1,5,5,3,0.262,87.296,8,3,5,219519,5,2826040,1,3,orders;ixtest_orders_orderdate;lineitem,252777,0,0,0,0,0,0
2026-08-14T11:06:28Z,A5EFB7F38A797663,18.4,queries/tpch/tpch-queries/q04/base.sql,measured,2,1,5,3,1.333,110.331,8,3,5,219519,5,2826040,1,3,orders;ixtest_orders_orderdate;lineitem,252777,0,0,0,0,0,0
2026-08-14T11:06:28Z,A5EFB7F38A797663,18.4,queries/tpch/tpch-queries/q04/base.sql,measured,2,2,5,3,0.237,87.350,8,3,5,219519,5,2826040,1,3,orders;ixtest_orders_orderdate;lineitem,252777,0,0,0,0,0,0
2026-08-14T11:06:28Z,A5EFB7F38A797663,18.4,queries/tpch/tpch-queries/q04/base.sql,measured,2,3,5,3,0.223,86.136,8,3,5,219519,5,2826040,1,3,orders;ixtest_orders_orderdate;lineitem,252777,0,0,0,0,0,0
2026-08-14T11:06:28Z,A5EFB7F38A797663,18.4,queries/tpch/tpch-queries/q04/base.sql,measured,2,4,5,3,0.243,86.519,8,3,5,219519,5,2826040,1,3,orders;ixtest_orders_orderdate;lineitem,252777,0,0,0,0,0,0
2026-08-14T11:06:28Z,A5EFB7F38A797663,18.4,queries/tpch/tpch-queries/q04/base.sql,measured,2,5,5,3,0.231,86.735,8,3,5,219519,5,2826040,1,3,orders;ixtest_orders_orderdate;lineitem,252777,0,0,0,0,0,0
2026-08-14T11:06:29Z,A5EFB7F38A797663,18.4,queries/tpch/tpch-queries/q04/base.sql,measured,3,1,5,3,1.456,120.343,8,3,5,219519,5,2826040,1,3,orders;ixtest_orders_orderdate;lineitem,252777,0,0,0,0,0,0
2026-08-14T11:06:29Z,A5EFB7F38A797663,18.4,queries/tpch/tpch-queries/q04/base.sql,measured,3,2,5,3,0.234,91.282,8,3,5,219519,5,2826040,1,3,orders;ixtest_orders_orderdate;lineitem,252777,0,0,0,0,0,0
2026-08-14T11:06:29Z,A5EFB7F38A797663,18.4,queries/tpch/tpch-queries/q04/base.sql,measured,3,3,5,3,0.230,85.218,8,3,5,219519,5,2826040,1,3,orders;ixtest_orders_orderdate;lineitem,252777,0,0,0,0,0,0
2026-08-14T11:06:29Z,A5EFB7F38A797663,18.4,queries/tpch/tpch-queries/q04/base.sql,measured,3,4,5,3,0.225,89.687,8,3,5,219519,5,2826040,1,3,orders;ixtest_orders_orderdate;lineitem,252777,0,0,0,0,0,0
2026-08-14T11:06:29Z,A5EFB7F38A797663,18.4,queries/tpch/tpch-queries/q04/base.sql,measured,3,5,5,3,0.232,86.690,8,3,5,219519,5,2826040,1,3,orders;ixtest_orders_orderdate;lineitem,252777,0,0,0,0,0,0
2026-08-14T11:06:29Z,A5EFB7F38A797663,18.4,queries/tpch/tpch-queries/q04/v1_materialized.sql,warmup,1,1,1,3,1.470,111.879,9,4,5,219524,5,2826400,1,3,_m;orders;ixtest_orders_orderdate;lineitem,252777,0,0,0,0,0,0
2026-08-14T11:06:29Z,A5EFB7F38A797663,18.4,queries/tpch/tpch-queries/q04/v1_materialized.sql,warmup,2,1,1,3,1.156,96.061,9,4,5,219524,5,2826400,1,3,_m;orders;ixtest_orders_orderdate;lineitem,252777,0,0,0,0,0,0
2026-08-14T11:06:30Z,A5EFB7F38A797663,18.4,queries/tpch/tpch-queries/q04/v1_materialized.sql,measured,1,1,5,3,1.896,145.134,9,4,5,219524,5,2826400,1,3,_m;orders;ixtest_orders_orderdate;lineitem,252777,0,0,0,0,0,0
2026-08-14T11:06:30Z,A5EFB7F38A797663,18.4,queries/tpch/tpch-queries/q04/v1_materialized.sql,measured,1,2,5,3,0.250,86.939,9,4,5,219524,5,2826400,1,3,_m;orders;ixtest_orders_orderdate;lineitem,252777,0,0,0,0,0,0
2026-08-14T11:06:30Z,A5EFB7F38A797663,18.4,queries/tpch/tpch-queries/q04/v1_materialized.sql,measured,1,3,5,3,0.247,86.925,9,4,5,219524,5,2826400,1,3,_m;orders;ixtest_orders_orderdate;lineitem,252777,0,0,0,0,0,0
2026-08-14T11:06:30Z,A5EFB7F38A797663,18.4,queries/tpch/tpch-queries/q04/v1_materialized.sql,measured,1,4,5,3,0.251,86.247,9,4,5,219524,5,2826400,1,3,_m;orders;ixtest_orders_orderdate;lineitem,252777,0,0,0,0,0,0
2026-08-14T11:06:30Z,A5EFB7F38A797663,18.4,queries/tpch/tpch-queries/q04/v1_materialized.sql,measured,1,5,5,3,0.253,85.868,9,4,5,219524,5,2826400,1,3,_m;orders;ixtest_orders_orderdate;lineitem,252777,0,0,0,0,0,0
2026-08-14T11:06:30Z,A5EFB7F38A797663,18.4,queries/tpch/tpch-queries/q04/v1_materialized.sql,measured,2,1,5,3,1.525,120.627,9,4,5,219524,5,2826400,1,3,_m;orders;ixtest_orders_orderdate;lineitem,252777,0,0,0,0,0,0
2026-08-14T11:06:30Z,A5EFB7F38A797663,18.4,queries/tpch/tpch-queries/q04/v1_materialized.sql,measured,2,2,5,3,0.255,87.349,9,4,5,219524,5,2826400,1,3,_m;orders;ixtest_orders_orderdate;lineitem,252777,0,0,0,0,0,0
2026-08-14T11:06:30Z,A5EFB7F38A797663,18.4,queries/tpch/tpch-queries/q04/v1_materialized.sql,measured,2,3,5,3,0.241,86.233,9,4,5,219524,5,2826400,1,3,_m;orders;ixtest_orders_orderdate;lineitem,252777,0,0,0,0,0,0
2026-08-14T11:06:30Z,A5EFB7F38A797663,18.4,queries/tpch/tpch-queries/q04/v1_materialized.sql,measured,2,4,5,3,0.240,89.450,9,4,5,219524,5,2826400,1,3,_m;orders;ixtest_orders_orderdate;lineitem,252777,0,0,0,0,0,0
2026-08-14T11:06:30Z,A5EFB7F38A797663,18.4,queries/tpch/tpch-queries/q04/v1_materialized.sql,measured,2,5,5,3,0.255,85.020,9,4,5,219524,5,2826400,1,3,_m;orders;ixtest_orders_orderdate;lineitem,252777,0,0,0,0,0,0
2026-08-14T11:06:31Z,A5EFB7F38A797663,18.4,queries/tpch/tpch-queries/q04/v1_materialized.sql,measured,3,1,5,3,1.362,112.314,9,4,5,219524,5,2826400,1,3,_m;orders;ixtest_orders_orderdate;lineitem,252777,0,0,0,0,0,0
2026-08-14T11:06:31Z,A5EFB7F38A797663,18.4,queries/tpch/tpch-queries/q04/v1_materialized.sql,measured,3,2,5,3,0.273,87.491,9,4,5,219524,5,2826400,1,3,_m;orders;ixtest_orders_orderdate;lineitem,252777,0,0,0,0,0,0
2026-08-14T11:06:31Z,A5EFB7F38A797663,18.4,queries/tpch/tpch-queries/q04/v1_materialized.sql,measured,3,3,5,3,0.240,86.813,9,4,5,219524,5,2826400,1,3,_m;orders;ixtest_orders_orderdate;lineitem,252777,0,0,0,0,0,0
2026-08-14T11:06:31Z,A5EFB7F38A797663,18.4,queries/tpch/tpch-queries/q04/v1_materialized.sql,measured,3,4,5,3,0.313,86.204,9,4,5,219524,5,2826400,1,3,_m;orders;ixtest_orders_orderdate;lineitem,252777,0,0,0,0,0,0
2026-08-14T11:06:31Z,A5EFB7F38A797663,18.4,queries/tpch/tpch-queries/q04/v1_materialized.sql,measured,3,5,5,3,0.265,86.170,9,4,5,219524,5,2826400,1,3,_m;orders;ixtest_orders_orderdate;lineitem,252777,0,0,0,0,0,0
2026-08-14T11:06:31Z,A5EFB7F38A797663,18.4,queries/tpch/tpch-queries/q04/v2_in.sql,warmup,1,1,1,3,1.484,119.880,8,3,5,219519,5,2826040,1,3,orders;ixtest_orders_orderdate;lineitem,252777,0,0,0,0,0,0
2026-08-14T11:06:31Z,A5EFB7F38A797663,18.4,queries/tpch/tpch-queries/q04/v2_in.sql,warmup,2,1,1,3,1.135,95.722,8,3,5,219519,5,2826040,1,3,orders;ixtest_orders_orderdate;lineitem,252777,0,0,0,0,0,0
2026-08-14T11:06:32Z,A5EFB7F38A797663,18.4,queries/tpch/tpch-queries/q04/v2_in.sql,measured,1,1,5,3,1.473,122.540,8,3,5,219519,5,2826040,1,3,orders;ixtest_orders_orderdate;lineitem,252777,0,0,0,0,0,0
2026-08-14T11:06:32Z,A5EFB7F38A797663,18.4,queries/tpch/tpch-queries/q04/v2_in.sql,measured,1,2,5,3,0.234,96.995,8,3,5,219519,5,2826040,1,3,orders;ixtest_orders_orderdate;lineitem,252777,0,0,0,0,0,0
2026-08-14T11:06:32Z,A5EFB7F38A797663,18.4,queries/tpch/tpch-queries/q04/v2_in.sql,measured,1,3,5,3,0.287,85.776,8,3,5,219519,5,2826040,1,3,orders;ixtest_orders_orderdate;lineitem,252777,0,0,0,0,0,0
2026-08-14T11:06:32Z,A5EFB7F38A797663,18.4,queries/tpch/tpch-queries/q04/v2_in.sql,measured,1,4,5,3,0.237,86.136,8,3,5,219519,5,2826040,1,3,orders;ixtest_orders_orderdate;lineitem,252777,0,0,0,0,0,0
2026-08-14T11:06:32Z,A5EFB7F38A797663,18.4,queries/tpch/tpch-queries/q04/v2_in.sql,measured,1,5,5,3,0.239,86.313,8,3,5,219519,5,2826040,1,3,orders;ixtest_orders_orderdate;lineitem,252777,0,0,0,0,0,0
2026-08-14T11:06:32Z,A5EFB7F38A797663,18.4,queries/tpch/tpch-queries/q04/v2_in.sql,measured,2,1,5,3,1.468,120.586,8,3,5,219519,5,2826040,1,3,orders;ixtest_orders_orderdate;lineitem,252777,0,0,0,0,0,0
2026-08-14T11:06:32Z,A5EFB7F38A797663,18.4,queries/tpch/tpch-queries/q04/v2_in.sql,measured,2,2,5,3,0.237,87.766,8,3,5,219519,5,2826040,1,3,orders;ixtest_orders_orderdate;lineitem,252777,0,0,0,0,0,0
2026-08-14T11:06:32Z,A5EFB7F38A797663,18.4,queries/tpch/tpch-queries/q04/v2_in.sql,measured,2,3,5,3,0.232,90.730,8,3,5,219519,5,2826040,1,3,orders;ixtest_orders_orderdate;lineitem,252777,0,0,0,0,0,0
2026-08-14T11:06:32Z,A5EFB7F38A797663,18.4,queries/tpch/tpch-queries/q04/v2_in.sql,measured,2,4,5,3,0.229,86.727,8,3,5,219519,5,2826040,1,3,orders;ixtest_orders_orderdate;lineitem,252777,0,0,0,0,0,0
2026-08-14T11:06:32Z,A5EFB7F38A797663,18.4,queries/tpch/tpch-queries/q04/v2_in.sql,measured,2,5,5,3,0.240,98.848,8,3,5,219519,5,2826040,1,3,orders;ixtest_orders_orderdate;lineitem,252777,0,0,0,0,0,0
2026-08-14T11:06:33Z,A5EFB7F38A797663,18.4,queries/tpch/tpch-queries/q04/v2_in.sql,measured,3,1,5,3,1.648,127.264,8,3,5,219519,5,2826040,1,3,orders;ixtest_orders_orderdate;lineitem,252777,0,0,0,0,0,0
2026-08-14T11:06:33Z,A5EFB7F38A797663,18.4,queries/tpch/tpch-queries/q04/v2_in.sql,measured,3,2,5,3,0.239,87.591,8,3,5,219519,5,2826040,1,3,orders;ixtest_orders_orderdate;lineitem,252777,0,0,0,0,0,0
2026-08-14T11:06:33Z,A5EFB7F38A797663,18.4,queries/tpch/tpch-queries/q04/v2_in.sql,measured,3,3,5,3,0.224,86.740,8,3,5,219519,5,2826040,1,3,orders;ixtest_orders_orderdate;lineitem,252777,0,0,0,0,0,0
2026-08-14T11:06:33Z,A5EFB7F38A797663,18.4,queries/tpch/tpch-queries/q04/v2_in.sql,measured,3,4,5,3,0.227,87.479,8,3,5,219519,5,2826040,1,3,orders;ixtest_orders_orderdate;lineitem,252777,0,0,0,0,0,0
2026-08-14T11:06:33Z,A5EFB7F38A797663,18.4,queries/tpch/tpch-queries/q04/v2_in.sql,measured,3,5,5,3,0.230,86.792,8,3,5,219519,5,2826040,1,3,orders;ixtest_orders_orderdate;lineitem,252777,0,0,0,0,0,0
2026-08-14T11:06:33Z,A5EFB7F38A797663,18.4,queries/tpch/tpch-queries/q05/base.sql,warmup,1,1,1,3,3.196,268.169,19,6,5,699121,25,18257548,12,2,customer;nation;region;orders;lineitem;supplier,583073,0,0,0,0,0,0
2026-08-14T11:06:34Z,A5EFB7F38A797663,18.4,queries/tpch/tpch-queries/q05/base.sql,warmup,2,1,1,3,3.769,275.479,19,6,5,699121,25,18257548,12,2,customer;nation;region;orders;lineitem;supplier,583073,0,0,0,0,0,0
2026-08-14T11:06:35Z,A5EFB7F38A797663,18.4,queries/tpch/tpch-queries/q05/base.sql,measured,1,1,5,3,3.891,272.124,19,6,5,699121,25,18257548,12,2,customer;nation;region;orders;lineitem;supplier,583073,0,0,0,0,0,0
2026-08-14T11:06:35Z,A5EFB7F38A797663,18.4,queries/tpch/tpch-queries/q05/base.sql,measured,1,2,5,3,1.763,259.183,19,6,5,699121,25,18257548,12,2,customer;nation;region;orders;lineitem;supplier,583070,0,0,0,0,0,0
2026-08-14T11:06:35Z,A5EFB7F38A797663,18.4,queries/tpch/tpch-queries/q05/base.sql,measured,1,3,5,3,1.708,256.556,19,6,5,699121,25,18257548,12,2,customer;nation;region;orders;lineitem;supplier,583070,0,0,0,0,0,0
2026-08-14T11:06:35Z,A5EFB7F38A797663,18.4,queries/tpch/tpch-queries/q05/base.sql,measured,1,4,5,3,1.720,254.393,19,6,5,699121,25,18257548,12,2,customer;nation;region;orders;lineitem;supplier,583070,0,0,0,0,0,0
2026-08-14T11:06:35Z,A5EFB7F38A797663,18.4,queries/tpch/tpch-queries/q05/base.sql,measured,1,5,5,3,1.698,253.350,19,6,5,699121,25,18257548,12,2,customer;nation;region;orders;lineitem;supplier,583070,0,0,0,0,0,0
2026-08-14T11:06:36Z,A5EFB7F38A797663,18.4,queries/tpch/tpch-queries/q05/base.sql,measured,2,1,5,3,4.074,265.511,19,6,5,699121,25,18257548,12,2,customer;nation;region;orders;lineitem;supplier,583073,0,0,0,0,0,0
2026-08-14T11:06:36Z,A5EFB7F38A797663,18.4,queries/tpch/tpch-queries/q05/base.sql,measured,2,2,5,3,1.749,256.261,19,6,5,699121,25,18257548,12,2,customer;nation;region;orders;lineitem;supplier,583070,0,0,0,0,0,0
2026-08-14T11:06:36Z,A5EFB7F38A797663,18.4,queries/tpch/tpch-queries/q05/base.sql,measured,2,3,5,3,1.667,254.775,19,6,5,699121,25,18257548,12,2,customer;nation;region;orders;lineitem;supplier,583070,0,0,0,0,0,0
2026-08-14T11:06:36Z,A5EFB7F38A797663,18.4,queries/tpch/tpch-queries/q05/base.sql,measured,2,4,5,3,1.668,252.889,19,6,5,699121,25,18257548,12,2,customer;nation;region;orders;lineitem;supplier,583070,0,0,0,0,0,0
2026-08-14T11:06:36Z,A5EFB7F38A797663,18.4,queries/tpch/tpch-queries/q05/base.sql,measured,2,5,5,3,1.662,252.775,19,6,5,699121,25,18257548,12,2,customer;nation;region;orders;lineitem;supplier,583070,0,0,0,0,0,0
2026-08-14T11:06:38Z,A5EFB7F38A797663,18.4,queries/tpch/tpch-queries/q05/base.sql,measured,3,1,5,3,4.242,272.007,19,6,5,699121,25,18257548,12,2,customer;nation;region;orders;lineitem;supplier,583073,0,0,0,0,0,0
2026-08-14T11:06:38Z,A5EFB7F38A797663,18.4,queries/tpch/tpch-queries/q05/base.sql,measured,3,2,5,3,1.704,256.393,19,6,5,699121,25,18257548,12,2,customer;nation;region;orders;lineitem;supplier,583070,0,0,0,0,0,0
2026-08-14T11:06:38Z,A5EFB7F38A797663,18.4,queries/tpch/tpch-queries/q05/base.sql,measured,3,3,5,3,1.658,254.315,19,6,5,699121,25,18257548,12,2,customer;nation;region;orders;lineitem;supplier,583070,0,0,0,0,0,0
2026-08-14T11:06:38Z,A5EFB7F38A797663,18.4,queries/tpch/tpch-queries/q05/base.sql,measured,3,4,5,3,1.676,251.912,19,6,5,699121,25,18257548,12,2,customer;nation;region;orders;lineitem;supplier,583070,0,0,0,0,0,0
2026-08-14T11:06:38Z,A5EFB7F38A797663,18.4,queries/tpch/tpch-queries/q05/base.sql,measured,3,5,5,3,1.711,249.296,19,6,5,699121,25,18257548,12,2,customer;nation;region;orders;lineitem;supplier,583070,0,0,0,0,0,0
2026-08-14T11:06:38Z,A5EFB7F38A797663,18.4,queries/tpch/tpch-queries/q05/v1_materialized.sql,warmup,1,1,1,3,4.300,273.557,20,7,5,699126,25,18258618,12,2,customer;nation;region;orders;lineitem;supplier;_m,583073,0,0,0,0,0,0
2026-08-14T11:06:39Z,A5EFB7F38A797663,18.4,queries/tpch/tpch-queries/q05/v1_materialized.sql,warmup,2,1,1,3,3.847,270.389,20,7,5,699126,25,18258618,12,2,customer;nation;region;orders;lineitem;supplier;_m,583073,0,0,0,0,0,0
2026-08-14T11:06:40Z,A5EFB7F38A797663,18.4,queries/tpch/tpch-queries/q05/v1_materialized.sql,measured,1,1,5,3,3.212,268.561,20,7,5,699126,25,18258618,12,2,customer;nation;region;orders;lineitem;supplier;_m,583073,0,0,0,0,0,0
2026-08-14T11:06:40Z,A5EFB7F38A797663,18.4,queries/tpch/tpch-queries/q05/v1_materialized.sql,measured,1,2,5,3,1.741,256.470,20,7,5,699126,25,18258618,12,2,customer;nation;region;orders;lineitem;supplier;_m,583070,0,0,0,0,0,0
2026-08-14T11:06:40Z,A5EFB7F38A797663,18.4,queries/tpch/tpch-queries/q05/v1_materialized.sql,measured,1,3,5,3,1.670,254.854,20,7,5,699126,25,18258618,12,2,customer;nation;region;orders;lineitem;supplier;_m,583070,0,0,0,0,0,0
2026-08-14T11:06:40Z,A5EFB7F38A797663,18.4,queries/tpch/tpch-queries/q05/v1_materialized.sql,measured,1,4,5,3,1.660,253.352,20,7,5,699126,25,18258618,12,2,customer;nation;region;orders;lineitem;supplier;_m,583070,0,0,0,0,0,0
2026-08-14T11:06:40Z,A5EFB7F38A797663,18.4,queries/tpch/tpch-queries/q05/v1_materialized.sql,measured,1,5,5,3,1.684,253.653,20,7,5,699126,25,18258618,12,2,customer;nation;region;orders;lineitem;supplier;_m,583070,0,0,0,0,0,0
2026-08-14T11:06:41Z,A5EFB7F38A797663,18.4,queries/tpch/tpch-queries/q05/v1_materialized.sql,measured,2,1,5,3,3.274,263.257,20,7,5,699126,25,18258618,12,2,customer;nation;region;orders;lineitem;supplier;_m,583073,0,0,0,0,0,0
2026-08-14T11:06:41Z,A5EFB7F38A797663,18.4,queries/tpch/tpch-queries/q05/v1_materialized.sql,measured,2,2,5,3,1.715,258.229,20,7,5,699126,25,18258618,12,2,customer;nation;region;orders;lineitem;supplier;_m,583070,0,0,0,0,0,0
2026-08-14T11:06:41Z,A5EFB7F38A797663,18.4,queries/tpch/tpch-queries/q05/v1_materialized.sql,measured,2,3,5,3,1.700,256.900,20,7,5,699126,25,18258618,12,2,customer;nation;region;orders;lineitem;supplier;_m,583070,0,0,0,0,0,0
2026-08-14T11:06:41Z,A5EFB7F38A797663,18.4,queries/tpch/tpch-queries/q05/v1_materialized.sql,measured,2,4,5,3,1.730,254.980,20,7,5,699126,25,18258618,12,2,customer;nation;region;orders;lineitem;supplier;_m,583070,0,0,0,0,0,0
2026-08-14T11:06:41Z,A5EFB7F38A797663,18.4,queries/tpch/tpch-queries/q05/v1_materialized.sql,measured,2,5,5,3,1.626,254.484,20,7,5,699126,25,18258618,12,2,customer;nation;region;orders;lineitem;supplier;_m,583070,0,0,0,0,0,0
2026-08-14T11:06:43Z,A5EFB7F38A797663,18.4,queries/tpch/tpch-queries/q05/v1_materialized.sql,measured,3,1,5,3,3.990,270.434,20,7,5,699126,25,18258618,12,2,customer;nation;region;orders;lineitem;supplier;_m,583073,0,0,0,0,0,0
2026-08-14T11:06:43Z,A5EFB7F38A797663,18.4,queries/tpch/tpch-queries/q05/v1_materialized.sql,measured,3,2,5,3,1.704,253.281,20,7,5,699126,25,18258618,12,2,customer;nation;region;orders;lineitem;supplier;_m,583070,0,0,0,0,0,0
2026-08-14T11:06:43Z,A5EFB7F38A797663,18.4,queries/tpch/tpch-queries/q05/v1_materialized.sql,measured,3,3,5,3,1.687,255.360,20,7,5,699126,25,18258618,12,2,customer;nation;region;orders;lineitem;supplier;_m,583070,0,0,0,0,0,0
2026-08-14T11:06:43Z,A5EFB7F38A797663,18.4,queries/tpch/tpch-queries/q05/v1_materialized.sql,measured,3,4,5,3,1.710,251.812,20,7,5,699126,25,18258618,12,2,customer;nation;region;orders;lineitem;supplier;_m,583070,0,0,0,0,0,0
2026-08-14T11:06:43Z,A5EFB7F38A797663,18.4,queries/tpch/tpch-queries/q05/v1_materialized.sql,measured,3,5,5,3,1.715,252.444,20,7,5,699126,25,18258618,12,2,customer;nation;region;orders;lineitem;supplier;_m,583070,0,0,0,0,0,0
2026-08-14T11:06:43Z,A5EFB7F38A797663,18.4,queries/tpch/tpch-queries/q06/base.sql,warmup,1,1,1,3,0.619,57.773,4,1,1,114171,1,1370272,159059,4,lineitem,11181,0,0,0,0,0,0
2026-08-14T11:06:43Z,A5EFB7F38A797663,18.4,queries/tpch/tpch-queries/q06/base.sql,warmup,2,1,1,3,0.617,56.777,4,1,1,114171,1,1370272,159059,4,lineitem,11169,0,0,0,0,0,0
2026-08-14T11:06:43Z,A5EFB7F38A797663,18.4,queries/tpch/tpch-queries/q06/base.sql,measured,1,1,5,3,0.644,62.802,4,1,1,114171,1,1370272,159059,4,lineitem,11246,0,0,0,0,0,0
2026-08-14T11:06:43Z,A5EFB7F38A797663,18.4,queries/tpch/tpch-queries/q06/base.sql,measured,1,2,5,3,0.102,56.698,4,1,1,114171,1,1370272,159059,4,lineitem,11120,0,0,0,0,0,0
2026-08-14T11:06:43Z,A5EFB7F38A797663,18.4,queries/tpch/tpch-queries/q06/base.sql,measured,1,3,5,3,0.106,58.616,4,1,1,114171,1,1370272,159059,4,lineitem,11117,0,0,0,0,0,0
2026-08-14T11:06:43Z,A5EFB7F38A797663,18.4,queries/tpch/tpch-queries/q06/base.sql,measured,1,4,5,3,0.129,55.092,4,1,1,114171,1,1370272,159059,4,lineitem,11124,0,0,0,0,0,0
2026-08-14T11:06:43Z,A5EFB7F38A797663,18.4,queries/tpch/tpch-queries/q06/base.sql,measured,1,5,5,3,0.106,54.995,4,1,1,114171,1,1370272,159059,4,lineitem,11133,0,0,0,0,0,0
2026-08-14T11:06:44Z,A5EFB7F38A797663,18.4,queries/tpch/tpch-queries/q06/base.sql,measured,2,1,5,3,0.632,56.126,4,1,1,114171,1,1370272,159059,4,lineitem,11172,0,0,0,0,0,0
2026-08-14T11:06:44Z,A5EFB7F38A797663,18.4,queries/tpch/tpch-queries/q06/base.sql,measured,2,2,5,3,0.136,59.394,4,1,1,114171,1,1370272,159059,4,lineitem,11127,0,0,0,0,0,0
2026-08-14T11:06:44Z,A5EFB7F38A797663,18.4,queries/tpch/tpch-queries/q06/base.sql,measured,2,3,5,3,0.115,55.999,4,1,1,114171,1,1370272,159059,4,lineitem,11192,0,0,0,0,0,0
2026-08-14T11:06:44Z,A5EFB7F38A797663,18.4,queries/tpch/tpch-queries/q06/base.sql,measured,2,4,5,3,0.097,55.777,4,1,1,114171,1,1370272,159059,4,lineitem,11145,0,0,0,0,0,0
2026-08-14T11:06:44Z,A5EFB7F38A797663,18.4,queries/tpch/tpch-queries/q06/base.sql,measured,2,5,5,3,0.129,58.461,4,1,1,114171,1,1370272,159059,4,lineitem,11118,0,0,0,0,0,0
2026-08-14T11:06:44Z,A5EFB7F38A797663,18.4,queries/tpch/tpch-queries/q06/base.sql,measured,3,1,5,3,0.895,115.067,4,1,1,114171,1,1370272,159059,4,lineitem,11265,0,0,0,0,0,0
2026-08-14T11:06:44Z,A5EFB7F38A797663,18.4,queries/tpch/tpch-queries/q06/base.sql,measured,3,2,5,3,0.177,70.167,4,1,1,114171,1,1370272,159059,4,lineitem,11140,0,0,0,0,0,0
2026-08-14T11:06:44Z,A5EFB7F38A797663,18.4,queries/tpch/tpch-queries/q06/base.sql,measured,3,3,5,3,0.099,54.157,4,1,1,114171,1,1370272,159059,4,lineitem,11163,0,0,0,0,0,0
2026-08-14T11:06:44Z,A5EFB7F38A797663,18.4,queries/tpch/tpch-queries/q06/base.sql,measured,3,4,5,3,0.124,54.026,4,1,1,114171,1,1370272,159059,4,lineitem,11124,0,0,0,0,0,0
2026-08-14T11:06:44Z,A5EFB7F38A797663,18.4,queries/tpch/tpch-queries/q06/base.sql,measured,3,5,5,3,0.098,58.646,4,1,1,114171,1,1370272,159059,4,lineitem,11270,0,0,0,0,0,0
2026-08-14T11:06:44Z,A5EFB7F38A797663,18.4,queries/tpch/tpch-queries/q06/v1_materialized.sql,warmup,1,1,1,3,0.833,74.884,5,2,1,114172,1,1370304,159059,4,_m;lineitem,11140,0,0,0,0,0,0
2026-08-14T11:06:44Z,A5EFB7F38A797663,18.4,queries/tpch/tpch-queries/q06/v1_materialized.sql,warmup,2,1,1,3,0.842,74.590,5,2,1,114172,1,1370304,159059,4,_m;lineitem,11236,0,0,0,0,0,0
2026-08-14T11:06:45Z,A5EFB7F38A797663,18.4,queries/tpch/tpch-queries/q06/v1_materialized.sql,measured,1,1,5,3,0.667,63.749,5,2,1,114172,1,1370304,159059,4,_m;lineitem,11378,0,0,0,0,0,0
2026-08-14T11:06:45Z,A5EFB7F38A797663,18.4,queries/tpch/tpch-queries/q06/v1_materialized.sql,measured,1,2,5,3,0.155,56.628,5,2,1,114172,1,1370304,159059,4,_m;lineitem,11107,0,0,0,0,0,0
2026-08-14T11:06:45Z,A5EFB7F38A797663,18.4,queries/tpch/tpch-queries/q06/v1_materialized.sql,measured,1,3,5,3,0.110,59.334,5,2,1,114172,1,1370304,159059,4,_m;lineitem,11234,0,0,0,0,0,0
2026-08-14T11:06:45Z,A5EFB7F38A797663,18.4,queries/tpch/tpch-queries/q06/v1_materialized.sql,measured,1,4,5,3,0.108,58.754,5,2,1,114172,1,1370304,159059,4,_m;lineitem,11114,0,0,0,0,0,0
2026-08-14T11:06:45Z,A5EFB7F38A797663,18.4,queries/tpch/tpch-queries/q06/v1_materialized.sql,measured,1,5,5,3,0.116,60.735,5,2,1,114172,1,1370304,159059,4,_m;lineitem,11221,0,0,0,0,0,0
2026-08-14T11:06:45Z,A5EFB7F38A797663,18.4,queries/tpch/tpch-queries/q06/v1_materialized.sql,measured,2,1,5,3,0.930,86.766,5,2,1,114172,1,1370304,159059,4,_m;lineitem,11284,0,0,0,0,0,0
2026-08-14T11:06:45Z,A5EFB7F38A797663,18.4,queries/tpch/tpch-queries/q06/v1_materialized.sql,measured,2,2,5,3,0.136,61.693,5,2,1,114172,1,1370304,159059,4,_m;lineitem,11236,0,0,0,0,0,0
2026-08-14T11:06:45Z,A5EFB7F38A797663,18.4,queries/tpch/tpch-queries/q06/v1_materialized.sql,measured,2,3,5,3,0.109,56.677,5,2,1,114172,1,1370304,159059,4,_m;lineitem,11122,0,0,0,0,0,0
2026-08-14T11:06:45Z,A5EFB7F38A797663,18.4,queries/tpch/tpch-queries/q06/v1_materialized.sql,measured,2,4,5,3,0.113,59.951,5,2,1,114172,1,1370304,159059,4,_m;lineitem,11133,0,0,0,0,0,0
2026-08-14T11:06:45Z,A5EFB7F38A797663,18.4,queries/tpch/tpch-queries/q06/v1_materialized.sql,measured,2,5,5,3,0.113,61.923,5,2,1,114172,1,1370304,159059,4,_m;lineitem,11204,0,0,0,0,0,0
2026-08-14T11:06:46Z,A5EFB7F38A797663,18.4,queries/tpch/tpch-queries/q06/v1_materialized.sql,measured,3,1,5,3,0.926,82.596,5,2,1,114172,1,1370304,159059,4,_m;lineitem,11154,0,0,0,0,0,0
2026-08-14T11:06:46Z,A5EFB7F38A797663,18.4,queries/tpch/tpch-queries/q06/v1_materialized.sql,measured,3,2,5,3,0.183,57.733,5,2,1,114172,1,1370304,159059,4,_m;lineitem,11191,0,0,0,0,0,0
2026-08-14T11:06:46Z,A5EFB7F38A797663,18.4,queries/tpch/tpch-queries/q06/v1_materialized.sql,measured,3,3,5,3,0.109,54.828,5,2,1,114172,1,1370304,159059,4,_m;lineitem,11136,0,0,0,0,0,0
2026-08-14T11:06:46Z,A5EFB7F38A797663,18.4,queries/tpch/tpch-queries/q06/v1_materialized.sql,measured,3,4,5,3,0.111,66.309,5,2,1,114172,1,1370304,159059,4,_m;lineitem,11312,0,0,0,0,0,0
2026-08-14T11:06:46Z,A5EFB7F38A797663,18.4,queries/tpch/tpch-queries/q06/v1_materialized.sql,measured,3,5,5,3,0.111,57.462,5,2,1,114172,1,1370304,159059,4,_m;lineitem,11136,0,0,0,0,0,0
2026-08-14T11:06:46Z,A5EFB7F38A797663,18.4,queries/tpch/tpch-queries/q07/base.sql,warmup,1,1,1,3,4.266,695.104,17,6,4,1763513,6096,58849902,441,2,customer;nation;orders;supplier;lineitem,1602006,0,0,0,0,0,0
2026-08-14T11:06:47Z,A5EFB7F38A797663,18.4,queries/tpch/tpch-queries/q07/base.sql,warmup,2,1,1,3,3.140,664.348,17,6,4,1763513,6096,58849902,441,2,customer;nation;orders;supplier;lineitem,1602006,0,0,0,0,0,0
2026-08-14T11:06:50Z,A5EFB7F38A797663,18.4,queries/tpch/tpch-queries/q07/base.sql,measured,1,1,5,3,3.116,660.457,17,6,4,1763513,6096,58849902,441,2,customer;nation;orders;supplier;lineitem,1602006,0,0,0,0,0,0
2026-08-14T11:06:50Z,A5EFB7F38A797663,18.4,queries/tpch/tpch-queries/q07/base.sql,measured,1,2,5,3,1.117,636.774,17,6,4,1763513,6096,58849902,441,2,customer;nation;orders;supplier;lineitem,1602006,0,0,0,0,0,0
2026-08-14T11:06:50Z,A5EFB7F38A797663,18.4,queries/tpch/tpch-queries/q07/base.sql,measured,1,3,5,3,1.077,634.706,17,6,4,1763513,6096,58849902,441,2,customer;nation;orders;supplier;lineitem,1602006,0,0,0,0,0,0
2026-08-14T11:06:50Z,A5EFB7F38A797663,18.4,queries/tpch/tpch-queries/q07/base.sql,measured,1,4,5,3,1.076,615.308,17,6,4,1763513,6096,58849902,441,2,customer;nation;orders;supplier;lineitem,1602006,0,0,0,0,0,0
2026-08-14T11:06:50Z,A5EFB7F38A797663,18.4,queries/tpch/tpch-queries/q07/base.sql,measured,1,5,5,3,1.085,616.804,17,6,4,1763513,6096,58849902,441,2,customer;nation;orders;supplier;lineitem,1602006,0,0,0,0,0,0
2026-08-14T11:06:54Z,A5EFB7F38A797663,18.4,queries/tpch/tpch-queries/q07/base.sql,measured,2,1,5,3,2.524,639.432,17,6,4,1763513,6096,58849902,441,2,customer;nation;orders;supplier;lineitem,1602006,0,0,0,0,0,0
2026-08-14T11:06:54Z,A5EFB7F38A797663,18.4,queries/tpch/tpch-queries/q07/base.sql,measured,2,2,5,3,1.101,620.006,17,6,4,1763513,6096,58849902,441,2,customer;nation;orders;supplier;lineitem,1602006,0,0,0,0,0,0
2026-08-14T11:06:54Z,A5EFB7F38A797663,18.4,queries/tpch/tpch-queries/q07/base.sql,measured,2,3,5,3,1.072,615.326,17,6,4,1763513,6096,58849902,441,2,customer;nation;orders;supplier;lineitem,1602006,0,0,0,0,0,0
2026-08-14T11:06:54Z,A5EFB7F38A797663,18.4,queries/tpch/tpch-queries/q07/base.sql,measured,2,4,5,3,1.079,615.096,17,6,4,1763513,6096,58849902,441,2,customer;nation;orders;supplier;lineitem,1602006,0,0,0,0,0,0
2026-08-14T11:06:54Z,A5EFB7F38A797663,18.4,queries/tpch/tpch-queries/q07/base.sql,measured,2,5,5,3,1.071,617.563,17,6,4,1763513,6096,58849902,441,2,customer;nation;orders;supplier;lineitem,1602006,0,0,0,0,0,0
2026-08-14T11:06:57Z,A5EFB7F38A797663,18.4,queries/tpch/tpch-queries/q07/base.sql,measured,3,1,5,3,3.018,643.250,17,6,4,1763513,6096,58849902,441,2,customer;nation;orders;supplier;lineitem,1602006,0,0,0,0,0,0
2026-08-14T11:06:57Z,A5EFB7F38A797663,18.4,queries/tpch/tpch-queries/q07/base.sql,measured,3,2,5,3,1.153,619.754,17,6,4,1763513,6096,58849902,441,2,customer;nation;orders;supplier;lineitem,1602006,0,0,0,0,0,0
2026-08-14T11:06:57Z,A5EFB7F38A797663,18.4,queries/tpch/tpch-queries/q07/base.sql,measured,3,3,5,3,1.083,615.852,17,6,4,1763513,6096,58849902,441,2,customer;nation;orders;supplier;lineitem,1602006,0,0,0,0,0,0
2026-08-14T11:06:57Z,A5EFB7F38A797663,18.4,queries/tpch/tpch-queries/q07/base.sql,measured,3,4,5,3,1.085,627.659,17,6,4,1763513,6096,58849902,441,2,customer;nation;orders;supplier;lineitem,1602006,0,0,0,0,0,0
2026-08-14T11:06:57Z,A5EFB7F38A797663,18.4,queries/tpch/tpch-queries/q07/base.sql,measured,3,5,5,3,1.090,619.727,17,6,4,1763513,6096,58849902,441,2,customer;nation;orders;supplier;lineitem,1602006,0,0,0,0,0,0
2026-08-14T11:06:58Z,A5EFB7F38A797663,18.4,queries/tpch/tpch-queries/q07/v1_materialized.sql,warmup,1,1,1,3,3.412,646.011,18,7,4,1763517,6096,58850990,441,2,_m;customer;nation;orders;supplier;lineitem,1602006,0,0,0,0,0,0
2026-08-14T11:06:58Z,A5EFB7F38A797663,18.4,queries/tpch/tpch-queries/q07/v1_materialized.sql,warmup,2,1,1,3,3.086,658.649,18,7,4,1763517,6096,58850990,441,2,_m;customer;nation;orders;supplier;lineitem,1602006,0,0,0,0,0,0
2026-08-14T11:07:02Z,A5EFB7F38A797663,18.4,queries/tpch/tpch-queries/q07/v1_materialized.sql,measured,1,1,5,3,3.058,649.976,18,7,4,1763517,6096,58850990,441,2,_m;customer;nation;orders;supplier;lineitem,1602006,0,0,0,0,0,0
2026-08-14T11:07:02Z,A5EFB7F38A797663,18.4,queries/tpch/tpch-queries/q07/v1_materialized.sql,measured,1,2,5,3,1.141,629.505,18,7,4,1763517,6096,58850990,441,2,_m;customer;nation;orders;supplier;lineitem,1602006,0,0,0,0,0,0
2026-08-14T11:07:02Z,A5EFB7F38A797663,18.4,queries/tpch/tpch-queries/q07/v1_materialized.sql,measured,1,3,5,3,1.094,626.512,18,7,4,1763517,6096,58850990,441,2,_m;customer;nation;orders;supplier;lineitem,1602006,0,0,0,0,0,0
2026-08-14T11:07:02Z,A5EFB7F38A797663,18.4,queries/tpch/tpch-queries/q07/v1_materialized.sql,measured,1,4,5,3,1.089,614.695,18,7,4,1763517,6096,58850990,441,2,_m;customer;nation;orders;supplier;lineitem,1602006,0,0,0,0,0,0
2026-08-14T11:07:02Z,A5EFB7F38A797663,18.4,queries/tpch/tpch-queries/q07/v1_materialized.sql,measured,1,5,5,3,1.099,615.282,18,7,4,1763517,6096,58850990,441,2,_m;customer;nation;orders;supplier;lineitem,1602006,0,0,0,0,0,0
2026-08-14T11:07:05Z,A5EFB7F38A797663,18.4,queries/tpch/tpch-queries/q07/v1_materialized.sql,measured,2,1,5,3,3.387,650.656,18,7,4,1763517,6096,58850990,441,2,_m;customer;nation;orders;supplier;lineitem,1602006,0,0,0,0,0,0
2026-08-14T11:07:05Z,A5EFB7F38A797663,18.4,queries/tpch/tpch-queries/q07/v1_materialized.sql,measured,2,2,5,3,1.140,620.397,18,7,4,1763517,6096,58850990,441,2,_m;customer;nation;orders;supplier;lineitem,1602006,0,0,0,0,0,0
2026-08-14T11:07:05Z,A5EFB7F38A797663,18.4,queries/tpch/tpch-queries/q07/v1_materialized.sql,measured,2,3,5,3,1.092,617.528,18,7,4,1763517,6096,58850990,441,2,_m;customer;nation;orders;supplier;lineitem,1602006,0,0,0,0,0,0
2026-08-14T11:07:05Z,A5EFB7F38A797663,18.4,queries/tpch/tpch-queries/q07/v1_materialized.sql,measured,2,4,5,3,1.093,613.873,18,7,4,1763517,6096,58850990,441,2,_m;customer;nation;orders;supplier;lineitem,1602006,0,0,0,0,0,0
2026-08-14T11:07:05Z,A5EFB7F38A797663,18.4,queries/tpch/tpch-queries/q07/v1_materialized.sql,measured,2,5,5,3,1.086,619.148,18,7,4,1763517,6096,58850990,441,2,_m;customer;nation;orders;supplier;lineitem,1602006,0,0,0,0,0,0
2026-08-14T11:07:08Z,A5EFB7F38A797663,18.4,queries/tpch/tpch-queries/q07/v1_materialized.sql,measured,3,1,5,3,2.600,648.780,18,7,4,1763517,6096,58850990,441,2,_m;customer;nation;orders;supplier;lineitem,1602006,0,0,0,0,0,0
2026-08-14T11:07:08Z,A5EFB7F38A797663,18.4,queries/tpch/tpch-queries/q07/v1_materialized.sql,measured,3,2,5,3,1.139,622.060,18,7,4,1763517,6096,58850990,441,2,_m;customer;nation;orders;supplier;lineitem,1602006,0,0,0,0,0,0
2026-08-14T11:07:08Z,A5EFB7F38A797663,18.4,queries/tpch/tpch-queries/q07/v1_materialized.sql,measured,3,3,5,3,1.098,616.490,18,7,4,1763517,6096,58850990,441,2,_m;customer;nation;orders;supplier;lineitem,1602006,0,0,0,0,0,0
2026-08-14T11:07:08Z,A5EFB7F38A797663,18.4,queries/tpch/tpch-queries/q07/v1_materialized.sql,measured,3,4,5,3,1.091,618.002,18,7,4,1763517,6096,58850990,441,2,_m;customer;nation;orders;supplier;lineitem,1602006,0,0,0,0,0,0
2026-08-14T11:07:08Z,A5EFB7F38A797663,18.4,queries/tpch/tpch-queries/q07/v1_materialized.sql,measured,3,5,5,3,1.124,618.397,18,7,4,1763517,6096,58850990,441,2,_m;customer;nation;orders;supplier;lineitem,1602006,0,0,0,0,0,0
2026-08-14T11:07:09Z,A5EFB7F38A797663,18.4,queries/tpch/tpch-queries/q07/v2_union_all.sql,warmup,1,1,1,3,3.232,607.313,33,14,4,1670887,586,51792240,930,2,customer;nation;orders;supplier;ixtest_supplier_nationkey;lineitem,1366677,0,0,0,0,0,0
2026-08-14T11:07:10Z,A5EFB7F38A797663,18.4,queries/tpch/tpch-queries/q07/v2_union_all.sql,warmup,2,1,1,3,3.011,613.190,33,14,4,1670886,586,51792124,930,2,customer;nation;orders;supplier;ixtest_supplier_nationkey;lineitem,1366677,0,0,0,0,0,0
2026-08-14T11:07:13Z,A5EFB7F38A797663,18.4,queries/tpch/tpch-queries/q07/v2_union_all.sql,measured,1,1,5,3,3.013,611.006,33,14,4,1670887,586,51792240,930,2,customer;nation;orders;supplier;ixtest_supplier_nationkey;lineitem,1366677,0,0,0,0,0,0
2026-08-14T11:07:13Z,A5EFB7F38A797663,18.4,queries/tpch/tpch-queries/q07/v2_union_all.sql,measured,1,2,5,3,1.432,592.030,33,14,4,1670887,586,51792240,930,2,customer;nation;orders;supplier;ixtest_supplier_nationkey;lineitem,1366677,0,0,0,0,0,0
2026-08-14T11:07:13Z,A5EFB7F38A797663,18.4,queries/tpch/tpch-queries/q07/v2_union_all.sql,measured,1,3,5,3,1.355,585.910,33,14,4,1670882,586,51791660,930,2,customer;nation;orders;supplier;ixtest_supplier_nationkey;lineitem,1366677,0,0,0,0,0,0
2026-08-14T11:07:13Z,A5EFB7F38A797663,18.4,queries/tpch/tpch-queries/q07/v2_union_all.sql,measured,1,4,5,3,1.357,582.013,33,14,4,1670882,586,51791660,930,2,customer;nation;orders;supplier;ixtest_supplier_nationkey;lineitem,1366677,0,0,0,0,0,0
2026-08-14T11:07:13Z,A5EFB7F38A797663,18.4,queries/tpch/tpch-queries/q07/v2_union_all.sql,measured,1,5,5,3,1.343,583.315,33,14,4,1670887,586,51792240,930,2,customer;nation;orders;supplier;ixtest_supplier_nationkey;lineitem,1366677,0,0,0,0,0,0
2026-08-14T11:07:16Z,A5EFB7F38A797663,18.4,queries/tpch/tpch-queries/q07/v2_union_all.sql,measured,2,1,5,3,3.091,605.258,33,14,4,1670886,586,51792124,930,2,customer;nation;orders;supplier;ixtest_supplier_nationkey;lineitem,1366677,0,0,0,0,0,0
2026-08-14T11:07:16Z,A5EFB7F38A797663,18.4,queries/tpch/tpch-queries/q07/v2_union_all.sql,measured,2,2,5,3,1.446,585.256,33,14,4,1670881,586,51791544,930,2,customer;nation;orders;supplier;ixtest_supplier_nationkey;lineitem,1366677,0,0,0,0,0,0
2026-08-14T11:07:16Z,A5EFB7F38A797663,18.4,queries/tpch/tpch-queries/q07/v2_union_all.sql,measured,2,3,5,3,1.345,584.069,33,14,4,1670881,586,51791544,930,2,customer;nation;orders;supplier;ixtest_supplier_nationkey;lineitem,1366677,0,0,0,0,0,0
2026-08-14T11:07:16Z,A5EFB7F38A797663,18.4,queries/tpch/tpch-queries/q07/v2_union_all.sql,measured,2,4,5,3,1.344,579.668,33,14,4,1670887,586,51792240,930,2,customer;nation;orders;supplier;ixtest_supplier_nationkey;lineitem,1366677,0,0,0,0,0,0
2026-08-14T11:07:16Z,A5EFB7F38A797663,18.4,queries/tpch/tpch-queries/q07/v2_union_all.sql,measured,2,5,5,3,1.340,621.085,33,14,4,1670887,586,51792240,930,2,customer;nation;orders;supplier;ixtest_supplier_nationkey;lineitem,1366677,0,0,0,0,0,0
2026-08-14T11:07:19Z,A5EFB7F38A797663,18.4,queries/tpch/tpch-queries/q07/v2_union_all.sql,measured,3,1,5,3,3.202,675.212,33,14,4,1670887,586,51792240,930,2,customer;nation;orders;supplier;ixtest_supplier_nationkey;lineitem,1366677,0,0,0,0,0,0
2026-08-14T11:07:19Z,A5EFB7F38A797663,18.4,queries/tpch/tpch-queries/q07/v2_union_all.sql,measured,3,2,5,3,1.490,632.285,33,14,4,1670881,586,51791544,930,2,customer;nation;orders;supplier;ixtest_supplier_nationkey;lineitem,1366677,0,0,0,0,0,0
2026-08-14T11:07:19Z,A5EFB7F38A797663,18.4,queries/tpch/tpch-queries/q07/v2_union_all.sql,measured,3,3,5,3,1.375,594.062,33,14,4,1670882,586,51791660,930,2,customer;nation;orders;supplier;ixtest_supplier_nationkey;lineitem,1366677,0,0,0,0,0,0
2026-08-14T11:07:19Z,A5EFB7F38A797663,18.4,queries/tpch/tpch-queries/q07/v2_union_all.sql,measured,3,4,5,3,1.336,586.070,33,14,4,1670886,586,51792124,930,2,customer;nation;orders;supplier;ixtest_supplier_nationkey;lineitem,1366677,0,0,0,0,0,0
2026-08-14T11:07:19Z,A5EFB7F38A797663,18.4,queries/tpch/tpch-queries/q07/v2_union_all.sql,measured,3,5,5,3,1.351,580.983,33,14,4,1670882,586,51791660,930,2,customer;nation;orders;supplier;ixtest_supplier_nationkey;lineitem,1366677,0,0,0,0,0,0
2026-08-14T11:07:19Z,A5EFB7F38A797663,18.4,queries/tpch/tpch-queries/q08/base.sql,warmup,1,1,1,3,3.366,151.847,21,8,2,144711,2406,3350726,66188,2,part;lineitem;orders;customer;nation;region;supplier,288340,0,0,0,0,0,0
2026-08-14T11:07:19Z,A5EFB7F38A797663,18.4,queries/tpch/tpch-queries/q08/base.sql,warmup,2,1,1,3,3.373,151.959,21,8,2,144711,2406,3350726,66188,2,part;lineitem;orders;customer;nation;region;supplier,288340,0,0,0,0,0,0
2026-08-14T11:07:20Z,A5EFB7F38A797663,18.4,queries/tpch/tpch-queries/q08/base.sql,measured,1,1,5,3,3.369,152.099,21,8,2,144711,2406,3350726,66188,2,part;lineitem;orders;customer;nation;region;supplier,288340,0,0,0,0,0,0
2026-08-14T11:07:20Z,A5EFB7F38A797663,18.4,queries/tpch/tpch-queries/q08/base.sql,measured,1,2,5,3,1.719,139.145,21,8,2,144711,2406,3350726,66188,2,part;lineitem;orders;customer;nation;region;supplier,288340,0,0,0,0,0,0
2026-08-14T11:07:20Z,A5EFB7F38A797663,18.4,queries/tpch/tpch-queries/q08/base.sql,measured,1,3,5,3,1.602,137.048,21,8,2,144711,2406,3350726,66188,2,part;lineitem;orders;customer;nation;region;supplier,288340,0,0,0,0,0,0
2026-08-14T11:07:20Z,A5EFB7F38A797663,18.4,queries/tpch/tpch-queries/q08/base.sql,measured,1,4,5,3,1.686,136.023,21,8,2,144711,2406,3350726,66188,2,part;lineitem;orders;customer;nation;region;supplier,288340,0,0,0,0,0,0
2026-08-14T11:07:20Z,A5EFB7F38A797663,18.4,queries/tpch/tpch-queries/q08/base.sql,measured,1,5,5,3,1.610,134.901,21,8,2,144711,2406,3350726,66188,2,part;lineitem;orders;customer;nation;region;supplier,288340,0,0,0,0,0,0
2026-08-14T11:07:21Z,A5EFB7F38A797663,18.4,queries/tpch/tpch-queries/q08/base.sql,measured,2,1,5,3,3.713,154.242,21,8,2,144711,2406,3350726,66188,2,part;lineitem;orders;customer;nation;region;supplier,288340,0,0,0,0,0,0
2026-08-14T11:07:21Z,A5EFB7F38A797663,18.4,queries/tpch/tpch-queries/q08/base.sql,measured,2,2,5,3,1.727,140.905,21,8,2,144711,2406,3350726,66188,2,part;lineitem;orders;customer;nation;region;supplier,288340,0,0,0,0,0,0
2026-08-14T11:07:21Z,A5EFB7F38A797663,18.4,queries/tpch/tpch-queries/q08/base.sql,measured,2,3,5,3,1.670,137.499,21,8,2,144711,2406,3350726,66188,2,part;lineitem;orders;customer;nation;region;supplier,288340,0,0,0,0,0,0
2026-08-14T11:07:21Z,A5EFB7F38A797663,18.4,queries/tpch/tpch-queries/q08/base.sql,measured,2,4,5,3,1.648,136.481,21,8,2,144711,2406,3350726,66188,2,part;lineitem;orders;customer;nation;region;supplier,288340,0,0,0,0,0,0
2026-08-14T11:07:21Z,A5EFB7F38A797663,18.4,queries/tpch/tpch-queries/q08/base.sql,measured,2,5,5,3,1.652,137.155,21,8,2,144711,2406,3350726,66188,2,part;lineitem;orders;customer;nation;region;supplier,288340,0,0,0,0,0,0
2026-08-14T11:07:22Z,A5EFB7F38A797663,18.4,queries/tpch/tpch-queries/q08/base.sql,measured,3,1,5,3,3.801,156.865,21,8,2,144711,2406,3350726,66188,2,part;lineitem;orders;customer;nation;region;supplier,288340,0,0,0,0,0,0
2026-08-14T11:07:22Z,A5EFB7F38A797663,18.4,queries/tpch/tpch-queries/q08/base.sql,measured,3,2,5,3,1.875,139.527,21,8,2,144711,2406,3350726,66188,2,part;lineitem;orders;customer;nation;region;supplier,288340,0,0,0,0,0,0
2026-08-14T11:07:22Z,A5EFB7F38A797663,18.4,queries/tpch/tpch-queries/q08/base.sql,measured,3,3,5,3,1.651,136.000,21,8,2,144711,2406,3350726,66188,2,part;lineitem;orders;customer;nation;region;supplier,288340,0,0,0,0,0,0
2026-08-14T11:07:22Z,A5EFB7F38A797663,18.4,queries/tpch/tpch-queries/q08/base.sql,measured,3,4,5,3,1.702,137.775,21,8,2,144711,2406,3350726,66188,2,part;lineitem;orders;customer;nation;region;supplier,288340,0,0,0,0,0,0
2026-08-14T11:07:22Z,A5EFB7F38A797663,18.4,queries/tpch/tpch-queries/q08/base.sql,measured,3,5,5,3,1.659,138.500,21,8,2,144711,2406,3350726,66188,2,part;lineitem;orders;customer;nation;region;supplier,288340,0,0,0,0,0,0
2026-08-14T11:07:22Z,A5EFB7F38A797663,18.4,queries/tpch/tpch-queries/q08/v1_materialized.sql,warmup,1,1,1,3,3.723,152.287,22,9,2,144713,2406,3350854,66188,2,_m;part;lineitem;orders;customer;nation;region;supplier,288340,0,0,0,0,0,0
2026-08-14T11:07:22Z,A5EFB7F38A797663,18.4,queries/tpch/tpch-queries/q08/v1_materialized.sql,warmup,2,1,1,3,4.470,159.783,22,9,2,144713,2406,3350854,66188,2,_m;part;lineitem;orders;customer;nation;region;supplier,288340,0,0,0,0,0,0
2026-08-14T11:07:23Z,A5EFB7F38A797663,18.4,queries/tpch/tpch-queries/q08/v1_materialized.sql,measured,1,1,5,3,3.404,154.611,22,9,2,144713,2406,3350854,66188,2,_m;part;lineitem;orders;customer;nation;region;supplier,288340,0,0,0,0,0,0
2026-08-14T11:07:23Z,A5EFB7F38A797663,18.4,queries/tpch/tpch-queries/q08/v1_materialized.sql,measured,1,2,5,3,1.775,141.253,22,9,2,144713,2406,3350854,66188,2,_m;part;lineitem;orders;customer;nation;region;supplier,288340,0,0,0,0,0,0
2026-08-14T11:07:23Z,A5EFB7F38A797663,18.4,queries/tpch/tpch-queries/q08/v1_materialized.sql,measured,1,3,5,3,1.640,138.377,22,9,2,144713,2406,3350854,66188,2,_m;part;lineitem;orders;customer;nation;region;supplier,288340,0,0,0,0,0,0
2026-08-14T11:07:23Z,A5EFB7F38A797663,18.4,queries/tpch/tpch-queries/q08/v1_materialized.sql,measured,1,4,5,3,1.666,139.755,22,9,2,144713,2406,3350854,66188,2,_m;part;lineitem;orders;customer;nation;region;supplier,288340,0,0,0,0,0,0
2026-08-14T11:07:23Z,A5EFB7F38A797663,18.4,queries/tpch/tpch-queries/q08/v1_materialized.sql,measured,1,5,5,3,1.733,138.264,22,9,2,144713,2406,3350854,66188,2,_m;part;lineitem;orders;customer;nation;region;supplier,288340,0,0,0,0,0,0
2026-08-14T11:07:24Z,A5EFB7F38A797663,18.4,queries/tpch/tpch-queries/q08/v1_materialized.sql,measured,2,1,5,3,3.627,155.428,22,9,2,144713,2406,3350854,66188,2,_m;part;lineitem;orders;customer;nation;region;supplier,288340,0,0,0,0,0,0
2026-08-14T11:07:24Z,A5EFB7F38A797663,18.4,queries/tpch/tpch-queries/q08/v1_materialized.sql,measured,2,2,5,3,1.725,140.864,22,9,2,144713,2406,3350854,66188,2,_m;part;lineitem;orders;customer;nation;region;supplier,288340,0,0,0,0,0,0
2026-08-14T11:07:24Z,A5EFB7F38A797663,18.4,queries/tpch/tpch-queries/q08/v1_materialized.sql,measured,2,3,5,3,1.686,138.055,22,9,2,144713,2406,3350854,66188,2,_m;part;lineitem;orders;customer;nation;region;supplier,288340,0,0,0,0,0,0
2026-08-14T11:07:24Z,A5EFB7F38A797663,18.4,queries/tpch/tpch-queries/q08/v1_materialized.sql,measured,2,4,5,3,1.681,140.022,22,9,2,144713,2406,3350854,66188,2,_m;part;lineitem;orders;customer;nation;region;supplier,288340,0,0,0,0,0,0
2026-08-14T11:07:24Z,A5EFB7F38A797663,18.4,queries/tpch/tpch-queries/q08/v1_materialized.sql,measured,2,5,5,3,1.675,137.068,22,9,2,144713,2406,3350854,66188,2,_m;part;lineitem;orders;customer;nation;region;supplier,288340,0,0,0,0,0,0
2026-08-14T11:07:25Z,A5EFB7F38A797663,18.4,queries/tpch/tpch-queries/q08/v1_materialized.sql,measured,3,1,5,3,3.924,156.636,22,9,2,144713,2406,3350854,66188,2,_m;part;lineitem;orders;customer;nation;region;supplier,288340,0,0,0,0,0,0
2026-08-14T11:07:25Z,A5EFB7F38A797663,18.4,queries/tpch/tpch-queries/q08/v1_materialized.sql,measured,3,2,5,3,1.783,140.867,22,9,2,144713,2406,3350854,66188,2,_m;part;lineitem;orders;customer;nation;region;supplier,288340,0,0,0,0,0,0
2026-08-14T11:07:25Z,A5EFB7F38A797663,18.4,queries/tpch/tpch-queries/q08/v1_materialized.sql,measured,3,3,5,3,1.720,139.521,22,9,2,144713,2406,3350854,66188,2,_m;part;lineitem;orders;customer;nation;region;supplier,288340,0,0,0,0,0,0
2026-08-14T11:07:25Z,A5EFB7F38A797663,18.4,queries/tpch/tpch-queries/q08/v1_materialized.sql,measured,3,4,5,3,1.700,137.921,22,9,2,144713,2406,3350854,66188,2,_m;part;lineitem;orders;customer;nation;region;supplier,288340,0,0,0,0,0,0
2026-08-14T11:07:25Z,A5EFB7F38A797663,18.4,queries/tpch/tpch-queries/q08/v1_materialized.sql,measured,3,5,5,3,1.737,137.694,22,9,2,144713,2406,3350854,66188,2,_m;part;lineitem;orders;customer;nation;region;supplier,288340,0,0,0,0,0,0
2026-08-14T11:07:25Z,A5EFB7F38A797663,18.4,queries/tpch/tpch-queries/q08/v2_filter.sql,warmup,1,1,1,3,4.020,157.409,21,8,2,144711,2406,3350726,66188,2,part;lineitem;orders;customer;nation;region;supplier,288340,0,0,0,0,0,0
2026-08-14T11:07:25Z,A5EFB7F38A797663,18.4,queries/tpch/tpch-queries/q08/v2_filter.sql,warmup,2,1,1,3,3.388,153.579,21,8,2,144711,2406,3350726,66188,2,part;lineitem;orders;customer;nation;region;supplier,288340,0,0,0,0,0,0
2026-08-14T11:07:26Z,A5EFB7F38A797663,18.4,queries/tpch/tpch-queries/q08/v2_filter.sql,measured,1,1,5,3,3.374,153.628,21,8,2,144711,2406,3350726,66188,2,part;lineitem;orders;customer;nation;region;supplier,288340,0,0,0,0,0,0
2026-08-14T11:07:26Z,A5EFB7F38A797663,18.4,queries/tpch/tpch-queries/q08/v2_filter.sql,measured,1,2,5,3,1.715,140.900,21,8,2,144711,2406,3350726,66188,2,part;lineitem;orders;customer;nation;region;supplier,288340,0,0,0,0,0,0
2026-08-14T11:07:26Z,A5EFB7F38A797663,18.4,queries/tpch/tpch-queries/q08/v2_filter.sql,measured,1,3,5,3,1.624,136.269,21,8,2,144711,2406,3350726,66188,2,part;lineitem;orders;customer;nation;region;supplier,288340,0,0,0,0,0,0
2026-08-14T11:07:26Z,A5EFB7F38A797663,18.4,queries/tpch/tpch-queries/q08/v2_filter.sql,measured,1,4,5,3,1.614,136.748,21,8,2,144711,2406,3350726,66188,2,part;lineitem;orders;customer;nation;region;supplier,288340,0,0,0,0,0,0
2026-08-14T11:07:26Z,A5EFB7F38A797663,18.4,queries/tpch/tpch-queries/q08/v2_filter.sql,measured,1,5,5,3,1.613,138.265,21,8,2,144711,2406,3350726,66188,2,part;lineitem;orders;customer;nation;region;supplier,288340,0,0,0,0,0,0
2026-08-14T11:07:27Z,A5EFB7F38A797663,18.4,queries/tpch/tpch-queries/q08/v2_filter.sql,measured,2,1,5,3,3.765,158.920,21,8,2,144711,2406,3350726,66188,2,part;lineitem;orders;customer;nation;region;supplier,288340,0,0,0,0,0,0
2026-08-14T11:07:27Z,A5EFB7F38A797663,18.4,queries/tpch/tpch-queries/q08/v2_filter.sql,measured,2,2,5,3,1.773,139.185,21,8,2,144711,2406,3350726,66188,2,part;lineitem;orders;customer;nation;region;supplier,288340,0,0,0,0,0,0
2026-08-14T11:07:27Z,A5EFB7F38A797663,18.4,queries/tpch/tpch-queries/q08/v2_filter.sql,measured,2,3,5,3,1.594,138.710,21,8,2,144711,2406,3350726,66188,2,part;lineitem;orders;customer;nation;region;supplier,288340,0,0,0,0,0,0
2026-08-14T11:07:27Z,A5EFB7F38A797663,18.4,queries/tpch/tpch-queries/q08/v2_filter.sql,measured,2,4,5,3,1.601,135.681,21,8,2,144711,2406,3350726,66188,2,part;lineitem;orders;customer;nation;region;supplier,288340,0,0,0,0,0,0
2026-08-14T11:07:27Z,A5EFB7F38A797663,18.4,queries/tpch/tpch-queries/q08/v2_filter.sql,measured,2,5,5,3,1.601,134.741,21,8,2,144711,2406,3350726,66188,2,part;lineitem;orders;customer;nation;region;supplier,288340,0,0,0,0,0,0
2026-08-14T11:07:28Z,A5EFB7F38A797663,18.4,queries/tpch/tpch-queries/q08/v2_filter.sql,measured,3,1,5,3,3.741,154.009,21,8,2,144711,2406,3350726,66188,2,part;lineitem;orders;customer;nation;region;supplier,288340,0,0,0,0,0,0
2026-08-14T11:07:28Z,A5EFB7F38A797663,18.4,queries/tpch/tpch-queries/q08/v2_filter.sql,measured,3,2,5,3,1.668,138.591,21,8,2,144711,2406,3350726,66188,2,part;lineitem;orders;customer;nation;region;supplier,288340,0,0,0,0,0,0
2026-08-14T11:07:28Z,A5EFB7F38A797663,18.4,queries/tpch/tpch-queries/q08/v2_filter.sql,measured,3,3,5,3,1.623,136.144,21,8,2,144711,2406,3350726,66188,2,part;lineitem;orders;customer;nation;region;supplier,288340,0,0,0,0,0,0
2026-08-14T11:07:28Z,A5EFB7F38A797663,18.4,queries/tpch/tpch-queries/q08/v2_filter.sql,measured,3,4,5,3,1.652,135.859,21,8,2,144711,2406,3350726,66188,2,part;lineitem;orders;customer;nation;region;supplier,288340,0,0,0,0,0,0
2026-08-14T11:07:28Z,A5EFB7F38A797663,18.4,queries/tpch/tpch-queries/q08/v2_filter.sql,measured,3,5,5,3,1.674,134.958,21,8,2,144711,2406,3350726,66188,2,part;lineitem;orders;customer;nation;region;supplier,288340,0,0,0,0,0,0
2026-08-14T11:07:29Z,A5EFB7F38A797663,18.4,queries/tpch/tpch-queries/q09/base.sql,warmup,1,1,1,3,4.565,1054.222,15,6,175,2950121,48,123794846,63112,2,part;partsupp;lineitem;supplier;orders;nation,2730705,0,0,0,0,0,0
2026-08-14T11:07:30Z,A5EFB7F38A797663,18.4,queries/tpch/tpch-queries/q09/base.sql,warmup,2,1,1,3,4.208,1068.934,15,6,175,2950121,48,123794846,63112,2,part;partsupp;lineitem;supplier;orders;nation,2730705,0,0,0,0,0,0
2026-08-14T11:07:35Z,A5EFB7F38A797663,18.4,queries/tpch/tpch-queries/q09/base.sql,measured,1,1,5,3,4.147,1059.573,15,6,175,2950121,48,123794846,63112,2,part;partsupp;lineitem;supplier;orders;nation,2730705,0,0,0,0,0,0
2026-08-14T11:07:35Z,A5EFB7F38A797663,18.4,queries/tpch/tpch-queries/q09/base.sql,measured,1,2,5,3,2.267,1086.157,15,6,175,2950121,48,123794846,63112,2,part;partsupp;lineitem;supplier;orders;nation,2730705,0,0,0,0,0,0
2026-08-14T11:07:35Z,A5EFB7F38A797663,18.4,queries/tpch/tpch-queries/q09/base.sql,measured,1,3,5,3,2.224,1028.080,15,6,175,2950121,48,123794846,63112,2,part;partsupp;lineitem;supplier;orders;nation,2730705,0,0,0,0,0,0
2026-08-14T11:07:35Z,A5EFB7F38A797663,18.4,queries/tpch/tpch-queries/q09/base.sql,measured,1,4,5,3,2.284,1136.937,15,6,175,2950121,48,123794846,63112,2,part;partsupp;lineitem;supplier;orders;nation,2730705,0,0,0,0,0,0
2026-08-14T11:07:35Z,A5EFB7F38A797663,18.4,queries/tpch/tpch-queries/q09/base.sql,measured,1,5,5,3,2.291,1141.667,15,6,175,2950121,48,123794846,63112,2,part;partsupp;lineitem;supplier;orders;nation,2730705,0,0,0,0,0,0
2026-08-14T11:07:41Z,A5EFB7F38A797663,18.4,queries/tpch/tpch-queries/q09/base.sql,measured,2,1,5,3,4.294,1169.403,15,6,175,2950121,48,123794846,63112,2,part;partsupp;lineitem;supplier;orders;nation,2730705,0,0,0,0,0,0
2026-08-14T11:07:41Z,A5EFB7F38A797663,18.4,queries/tpch/tpch-queries/q09/base.sql,measured,2,2,5,3,2.305,1151.609,15,6,175,2950121,48,123794846,63112,2,part;partsupp;lineitem;supplier;orders;nation,2730705,0,0,0,0,0,0
2026-08-14T11:07:41Z,A5EFB7F38A797663,18.4,queries/tpch/tpch-queries/q09/base.sql,measured,2,3,5,3,2.273,1141.371,15,6,175,2950121,48,123794846,63112,2,part;partsupp;lineitem;supplier;orders;nation,2730705,0,0,0,0,0,0
2026-08-14T11:07:41Z,A5EFB7F38A797663,18.4,queries/tpch/tpch-queries/q09/base.sql,measured,2,4,5,3,2.307,1137.824,15,6,175,2950121,48,123794846,63112,2,part;partsupp;lineitem;supplier;orders;nation,2730705,0,0,0,0,0,0
2026-08-14T11:07:41Z,A5EFB7F38A797663,18.4,queries/tpch/tpch-queries/q09/base.sql,measured,2,5,5,3,2.294,1136.645,15,6,175,2950121,48,123794846,63112,2,part;partsupp;lineitem;supplier;orders;nation,2730705,0,0,0,0,0,0
2026-08-14T11:07:47Z,A5EFB7F38A797663,18.4,queries/tpch/tpch-queries/q09/base.sql,measured,3,1,5,3,4.273,1175.387,15,6,175,2950121,48,123794846,63112,2,part;partsupp;lineitem;supplier;orders;nation,2730705,0,0,0,0,0,0
2026-08-14T11:07:47Z,A5EFB7F38A797663,18.4,queries/tpch/tpch-queries/q09/base.sql,measured,3,2,5,3,2.324,1142.076,15,6,175,2950121,48,123794846,63112,2,part;partsupp;lineitem;supplier;orders;nation,2730705,0,0,0,0,0,0
2026-08-14T11:07:47Z,A5EFB7F38A797663,18.4,queries/tpch/tpch-queries/q09/base.sql,measured,3,3,5,3,2.301,1135.311,15,6,175,2950121,48,123794846,63112,2,part;partsupp;lineitem;supplier;orders;nation,2730705,0,0,0,0,0,0
2026-08-14T11:07:47Z,A5EFB7F38A797663,18.4,queries/tpch/tpch-queries/q09/base.sql,measured,3,4,5,3,2.287,1139.711,15,6,175,2950121,48,123794846,63112,2,part;partsupp;lineitem;supplier;orders;nation,2730705,0,0,0,0,0,0
2026-08-14T11:07:47Z,A5EFB7F38A797663,18.4,queries/tpch/tpch-queries/q09/base.sql,measured,3,5,5,3,2.276,1138.847,15,6,175,2950121,48,123794846,63112,2,part;partsupp;lineitem;supplier;orders;nation,2730705,0,0,0,0,0,0
2026-08-14T11:07:48Z,A5EFB7F38A797663,18.4,queries/tpch/tpch-queries/q09/v1_materialized.sql,warmup,1,1,1,3,4.302,1157.483,17,7,175,2950471,48,123853646,63112,2,part;partsupp;lineitem;supplier;orders;nation;_m,2730705,0,0,0,0,0,0
2026-08-14T11:07:50Z,A5EFB7F38A797663,18.4,queries/tpch/tpch-queries/q09/v1_materialized.sql,warmup,2,1,1,3,4.293,1165.037,17,7,175,2950471,48,123853646,63112,2,part;partsupp;lineitem;supplier;orders;nation;_m,2730705,0,0,0,0,0,0
2026-08-14T11:07:55Z,A5EFB7F38A797663,18.4,queries/tpch/tpch-queries/q09/v1_materialized.sql,measured,1,1,5,3,4.283,1173.479,17,7,175,2950471,48,123853646,63112,2,part;partsupp;lineitem;supplier;orders;nation;_m,2730705,0,0,0,0,0,0
2026-08-14T11:07:55Z,A5EFB7F38A797663,18.4,queries/tpch/tpch-queries/q09/v1_materialized.sql,measured,1,2,5,3,2.376,1145.312,17,7,175,2950471,48,123853646,63112,2,part;partsupp;lineitem;supplier;orders;nation;_m,2730705,0,0,0,0,0,0
2026-08-14T11:07:55Z,A5EFB7F38A797663,18.4,queries/tpch/tpch-queries/q09/v1_materialized.sql,measured,1,3,5,3,2.326,1135.663,17,7,175,2950471,48,123853646,63112,2,part;partsupp;lineitem;supplier;orders;nation;_m,2730705,0,0,0,0,0,0
2026-08-14T11:07:55Z,A5EFB7F38A797663,18.4,queries/tpch/tpch-queries/q09/v1_materialized.sql,measured,1,4,5,3,2.315,1141.177,17,7,175,2950471,48,123853646,63112,2,part;partsupp;lineitem;supplier;orders;nation;_m,2730705,0,0,0,0,0,0
2026-08-14T11:07:55Z,A5EFB7F38A797663,18.4,queries/tpch/tpch-queries/q09/v1_materialized.sql,measured,1,5,5,3,2.309,1150.656,17,7,175,2950471,48,123853646,63112,2,part;partsupp;lineitem;supplier;orders;nation;_m,2730705,0,0,0,0,0,0
2026-08-14T11:08:01Z,A5EFB7F38A797663,18.4,queries/tpch/tpch-queries/q09/v1_materialized.sql,measured,2,1,5,3,4.351,1171.287,17,7,175,2950471,48,123853646,63112,2,part;partsupp;lineitem;supplier;orders;nation;_m,2730705,0,0,0,0,0,0
2026-08-14T11:08:01Z,A5EFB7F38A797663,18.4,queries/tpch/tpch-queries/q09/v1_materialized.sql,measured,2,2,5,3,2.397,1140.007,17,7,175,2950471,48,123853646,63112,2,part;partsupp;lineitem;supplier;orders;nation;_m,2730705,0,0,0,0,0,0
2026-08-14T11:08:01Z,A5EFB7F38A797663,18.4,queries/tpch/tpch-queries/q09/v1_materialized.sql,measured,2,3,5,3,2.343,1147.710,17,7,175,2950471,48,123853646,63112,2,part;partsupp;lineitem;supplier;orders;nation;_m,2730705,0,0,0,0,0,0
2026-08-14T11:08:01Z,A5EFB7F38A797663,18.4,queries/tpch/tpch-queries/q09/v1_materialized.sql,measured,2,4,5,3,2.317,1139.675,17,7,175,2950471,48,123853646,63112,2,part;partsupp;lineitem;supplier;orders;nation;_m,2730705,0,0,0,0,0,0
2026-08-14T11:08:01Z,A5EFB7F38A797663,18.4,queries/tpch/tpch-queries/q09/v1_materialized.sql,measured,2,5,5,3,2.343,1157.707,17,7,175,2950471,48,123853646,63112,2,part;partsupp;lineitem;supplier;orders;nation;_m,2730705,0,0,0,0,0,0
2026-08-14T11:08:07Z,A5EFB7F38A797663,18.4,queries/tpch/tpch-queries/q09/v1_materialized.sql,measured,3,1,5,3,4.522,1179.017,17,7,175,2950471,48,123853646,63112,2,part;partsupp;lineitem;supplier;orders;nation;_m,2730705,0,0,0,0,0,0
2026-08-14T11:08:07Z,A5EFB7F38A797663,18.4,queries/tpch/tpch-queries/q09/v1_materialized.sql,measured,3,2,5,3,2.395,1081.621,17,7,175,2950471,48,123853646,63112,2,part;partsupp;lineitem;supplier;orders;nation;_m,2730705,0,0,0,0,0,0
2026-08-14T11:08:07Z,A5EFB7F38A797663,18.4,queries/tpch/tpch-queries/q09/v1_materialized.sql,measured,3,3,5,3,2.288,1036.367,17,7,175,2950471,48,123853646,63112,2,part;partsupp;lineitem;supplier;orders;nation;_m,2730705,0,0,0,0,0,0
2026-08-14T11:08:07Z,A5EFB7F38A797663,18.4,queries/tpch/tpch-queries/q09/v1_materialized.sql,measured,3,4,5,3,2.246,1041.447,17,7,175,2950471,48,123853646,63112,2,part;partsupp;lineitem;supplier;orders;nation;_m,2730705,0,0,0,0,0,0
2026-08-14T11:08:07Z,A5EFB7F38A797663,18.4,queries/tpch/tpch-queries/q09/v1_materialized.sql,measured,3,5,5,3,2.279,1033.684,17,7,175,2950471,48,123853646,63112,2,part;partsupp;lineitem;supplier;orders;nation;_m,2730705,0,0,0,0,0,0
2026-08-14T11:08:07Z,A5EFB7F38A797663,18.4,queries/tpch/tpch-queries/q10/base.sql,warmup,1,1,1,3,1.956,300.984,15,5,20,951185,20,89909259,2,2,customer;orders;ixtest_orders_orderdate;lineitem;nation,258521,0,0,0,0,0,0
2026-08-14T11:08:07Z,A5EFB7F38A797663,18.4,queries/tpch/tpch-queries/q10/base.sql,warmup,2,1,1,3,1.963,301.542,15,5,20,951185,20,89909259,2,2,customer;orders;ixtest_orders_orderdate;lineitem;nation,258521,0,0,0,0,0,0
2026-08-14T11:08:09Z,A5EFB7F38A797663,18.4,queries/tpch/tpch-queries/q10/base.sql,measured,1,1,5,3,1.950,301.000,15,5,20,951185,20,89909259,2,2,customer;orders;ixtest_orders_orderdate;lineitem;nation,258521,0,0,0,0,0,0
2026-08-14T11:08:09Z,A5EFB7F38A797663,18.4,queries/tpch/tpch-queries/q10/base.sql,measured,1,2,5,3,0.707,267.453,15,5,20,951185,20,89909259,2,2,customer;orders;ixtest_orders_orderdate;lineitem;nation,258518,0,0,0,0,0,0
2026-08-14T11:08:09Z,A5EFB7F38A797663,18.4,queries/tpch/tpch-queries/q10/base.sql,measured,1,3,5,3,0.715,265.545,15,5,20,951185,20,89909259,2,2,customer;orders;ixtest_orders_orderdate;lineitem;nation,258518,0,0,0,0,0,0
2026-08-14T11:08:09Z,A5EFB7F38A797663,18.4,queries/tpch/tpch-queries/q10/base.sql,measured,1,4,5,3,0.720,263.848,15,5,20,951185,20,89909259,2,2,customer;orders;ixtest_orders_orderdate;lineitem;nation,258518,0,0,0,0,0,0
2026-08-14T11:08:09Z,A5EFB7F38A797663,18.4,queries/tpch/tpch-queries/q10/base.sql,measured,1,5,5,3,0.725,265.164,15,5,20,951185,20,89909259,2,2,customer;orders;ixtest_orders_orderdate;lineitem;nation,258518,0,0,0,0,0,0
2026-08-14T11:08:10Z,A5EFB7F38A797663,18.4,queries/tpch/tpch-queries/q10/base.sql,measured,2,1,5,3,2.127,301.526,15,5,20,951185,20,89909259,2,2,customer;orders;ixtest_orders_orderdate;lineitem;nation,258521,0,0,0,0,0,0
2026-08-14T11:08:10Z,A5EFB7F38A797663,18.4,queries/tpch/tpch-queries/q10/base.sql,measured,2,2,5,3,0.709,269.765,15,5,20,951185,20,89909259,2,2,customer;orders;ixtest_orders_orderdate;lineitem;nation,258518,0,0,0,0,0,0
2026-08-14T11:08:10Z,A5EFB7F38A797663,18.4,queries/tpch/tpch-queries/q10/base.sql,measured,2,3,5,3,0.704,264.199,15,5,20,951185,20,89909259,2,2,customer;orders;ixtest_orders_orderdate;lineitem;nation,258518,0,0,0,0,0,0
2026-08-14T11:08:10Z,A5EFB7F38A797663,18.4,queries/tpch/tpch-queries/q10/base.sql,measured,2,4,5,3,0.698,263.460,15,5,20,951185,20,89909259,2,2,customer;orders;ixtest_orders_orderdate;lineitem;nation,258518,0,0,0,0,0,0
2026-08-14T11:08:10Z,A5EFB7F38A797663,18.4,queries/tpch/tpch-queries/q10/base.sql,measured,2,5,5,3,0.700,265.617,15,5,20,951185,20,89909259,2,2,customer;orders;ixtest_orders_orderdate;lineitem;nation,258518,0,0,0,0,0,0
2026-08-14T11:08:12Z,A5EFB7F38A797663,18.4,queries/tpch/tpch-queries/q10/base.sql,measured,3,1,5,3,2.111,303.068,15,5,20,951185,20,89909259,2,2,customer;orders;ixtest_orders_orderdate;lineitem;nation,258521,0,0,0,0,0,0
2026-08-14T11:08:12Z,A5EFB7F38A797663,18.4,queries/tpch/tpch-queries/q10/base.sql,measured,3,2,5,3,0.721,270.419,15,5,20,951185,20,89909259,2,2,customer;orders;ixtest_orders_orderdate;lineitem;nation,258518,0,0,0,0,0,0
2026-08-14T11:08:12Z,A5EFB7F38A797663,18.4,queries/tpch/tpch-queries/q10/base.sql,measured,3,3,5,3,0.713,265.974,15,5,20,951185,20,89909259,2,2,customer;orders;ixtest_orders_orderdate;lineitem;nation,258518,0,0,0,0,0,0
2026-08-14T11:08:12Z,A5EFB7F38A797663,18.4,queries/tpch/tpch-queries/q10/base.sql,measured,3,4,5,3,0.713,264.809,15,5,20,951185,20,89909259,2,2,customer;orders;ixtest_orders_orderdate;lineitem;nation,258518,0,0,0,0,0,0
2026-08-14T11:08:12Z,A5EFB7F38A797663,18.4,queries/tpch/tpch-queries/q10/base.sql,measured,3,5,5,3,0.708,264.379,15,5,20,951185,20,89909259,2,2,customer;orders;ixtest_orders_orderdate;lineitem;nation,258518,0,0,0,0,0,0
2026-08-14T11:08:12Z,A5EFB7F38A797663,18.4,queries/tpch/tpch-queries/q10/v1_materialized.sql,warmup,1,1,1,3,1.750,312.063,15,6,20,1027925,20,119724972,2,2,customer;orders;ixtest_orders_orderdate;lineitem;nation;_m,258521,0,0,0,0,0,0
2026-08-14T11:08:13Z,A5EFB7F38A797663,18.4,queries/tpch/tpch-queries/q10/v1_materialized.sql,warmup,2,1,1,3,1.789,312.489,15,6,20,1027925,20,119724972,2,2,customer;orders;ixtest_orders_orderdate;lineitem;nation;_m,258521,0,0,0,0,0,0
2026-08-14T11:08:14Z,A5EFB7F38A797663,18.4,queries/tpch/tpch-queries/q10/v1_materialized.sql,measured,1,1,5,3,1.763,310.888,15,6,20,1027925,20,119724972,2,2,customer;orders;ixtest_orders_orderdate;lineitem;nation;_m,258521,0,0,0,0,0,0
2026-08-14T11:08:14Z,A5EFB7F38A797663,18.4,queries/tpch/tpch-queries/q10/v1_materialized.sql,measured,1,2,5,3,0.518,281.351,15,6,20,1027925,20,119724972,2,2,customer;orders;ixtest_orders_orderdate;lineitem;nation;_m,258518,0,0,0,0,0,0
2026-08-14T11:08:14Z,A5EFB7F38A797663,18.4,queries/tpch/tpch-queries/q10/v1_materialized.sql,measured,1,3,5,3,0.523,277.408,15,6,20,1027925,20,119724972,2,2,customer;orders;ixtest_orders_orderdate;lineitem;nation;_m,258518,0,0,0,0,0,0
2026-08-14T11:08:14Z,A5EFB7F38A797663,18.4,queries/tpch/tpch-queries/q10/v1_materialized.sql,measured,1,4,5,3,0.517,278.312,15,6,20,1027925,20,119724972,2,2,customer;orders;ixtest_orders_orderdate;lineitem;nation;_m,258518,0,0,0,0,0,0
2026-08-14T11:08:14Z,A5EFB7F38A797663,18.4,queries/tpch/tpch-queries/q10/v1_materialized.sql,measured,1,5,5,3,0.521,277.361,15,6,20,1027925,20,119724972,2,2,customer;orders;ixtest_orders_orderdate;lineitem;nation;_m,258518,0,0,0,0,0,0
2026-08-14T11:08:16Z,A5EFB7F38A797663,18.4,queries/tpch/tpch-queries/q10/v1_materialized.sql,measured,2,1,5,3,1.913,314.116,15,6,20,1027925,20,119724972,2,2,customer;orders;ixtest_orders_orderdate;lineitem;nation;_m,258521,0,0,0,0,0,0
2026-08-14T11:08:16Z,A5EFB7F38A797663,18.4,queries/tpch/tpch-queries/q10/v1_materialized.sql,measured,2,2,5,3,0.511,283.851,15,6,20,1027925,20,119724972,2,2,customer;orders;ixtest_orders_orderdate;lineitem;nation;_m,258518,0,0,0,0,0,0
2026-08-14T11:08:16Z,A5EFB7F38A797663,18.4,queries/tpch/tpch-queries/q10/v1_materialized.sql,measured,2,3,5,3,0.518,278.817,15,6,20,1027925,20,119724972,2,2,customer;orders;ixtest_orders_orderdate;lineitem;nation;_m,258518,0,0,0,0,0,0
2026-08-14T11:08:16Z,A5EFB7F38A797663,18.4,queries/tpch/tpch-queries/q10/v1_materialized.sql,measured,2,4,5,3,0.521,279.960,15,6,20,1027925,20,119724972,2,2,customer;orders;ixtest_orders_orderdate;lineitem;nation;_m,258518,0,0,0,0,0,0
2026-08-14T11:08:16Z,A5EFB7F38A797663,18.4,queries/tpch/tpch-queries/q10/v1_materialized.sql,measured,2,5,5,3,0.524,318.964,15,6,20,1027925,20,119724972,2,2,customer;orders;ixtest_orders_orderdate;lineitem;nation;_m,258518,0,0,0,0,0,0
2026-08-14T11:08:17Z,A5EFB7F38A797663,18.4,queries/tpch/tpch-queries/q10/v1_materialized.sql,measured,3,1,5,3,1.824,312.690,15,6,20,1027925,20,119724972,2,2,customer;orders;ixtest_orders_orderdate;lineitem;nation;_m,258521,0,0,0,0,0,0
2026-08-14T11:08:17Z,A5EFB7F38A797663,18.4,queries/tpch/tpch-queries/q10/v1_materialized.sql,measured,3,2,5,3,0.514,280.742,15,6,20,1027925,20,119724972,2,2,customer;orders;ixtest_orders_orderdate;lineitem;nation;_m,258518,0,0,0,0,0,0
2026-08-14T11:08:17Z,A5EFB7F38A797663,18.4,queries/tpch/tpch-queries/q10/v1_materialized.sql,measured,3,3,5,3,0.518,277.849,15,6,20,1027925,20,119724972,2,2,customer;orders;ixtest_orders_orderdate;lineitem;nation;_m,258518,0,0,0,0,0,0
2026-08-14T11:08:17Z,A5EFB7F38A797663,18.4,queries/tpch/tpch-queries/q10/v1_materialized.sql,measured,3,4,5,3,0.529,280.449,15,6,20,1027925,20,119724972,2,2,customer;orders;ixtest_orders_orderdate;lineitem;nation;_m,258518,0,0,0,0,0,0
2026-08-14T11:08:17Z,A5EFB7F38A797663,18.4,queries/tpch/tpch-queries/q10/v1_materialized.sql,measured,3,5,5,3,0.534,277.134,15,6,20,1027925,20,119724972,2,2,customer;orders;ixtest_orders_orderdate;lineitem;nation;_m,258518,0,0,0,0,0,0
2026-08-14T11:08:17Z,A5EFB7F38A797663,18.4,queries/tpch/tpch-queries/q11/base.sql,warmup,1,1,1,3,1.142,80.652,15,8,1048,131195,10620,1859080,28818,0,nation;supplier;ixtest_supplier_nationkey;partsupp,66121,0,0,0,0,0,0
2026-08-14T11:08:18Z,A5EFB7F38A797663,18.4,queries/tpch/tpch-queries/q11/base.sql,warmup,2,1,1,3,1.129,79.712,15,8,1048,131195,10620,1859080,28818,0,nation;supplier;ixtest_supplier_nationkey;partsupp,66121,0,0,0,0,0,0
2026-08-14T11:08:18Z,A5EFB7F38A797663,18.4,queries/tpch/tpch-queries/q11/base.sql,measured,1,1,5,3,1.117,80.010,15,8,1048,131195,10620,1859080,28818,0,nation;supplier;ixtest_supplier_nationkey;partsupp,66121,0,0,0,0,0,0
2026-08-14T11:08:18Z,A5EFB7F38A797663,18.4,queries/tpch/tpch-queries/q11/base.sql,measured,1,2,5,3,0.506,74.917,15,8,1048,131195,10620,1859080,28818,0,nation;supplier;ixtest_supplier_nationkey;partsupp,66118,0,0,0,0,0,0
2026-08-14T11:08:18Z,A5EFB7F38A797663,18.4,queries/tpch/tpch-queries/q11/base.sql,measured,1,3,5,3,0.468,75.042,15,8,1048,131195,10620,1859080,28818,0,nation;supplier;ixtest_supplier_nationkey;partsupp,66118,0,0,0,0,0,0
2026-08-14T11:08:18Z,A5EFB7F38A797663,18.4,queries/tpch/tpch-queries/q11/base.sql,measured,1,4,5,3,0.469,77.914,15,8,1048,131195,10620,1859080,28818,0,nation;supplier;ixtest_supplier_nationkey;partsupp,66118,0,0,0,0,0,0
2026-08-14T11:08:18Z,A5EFB7F38A797663,18.4,queries/tpch/tpch-queries/q11/base.sql,measured,1,5,5,3,0.470,77.068,15,8,1048,131195,10620,1859080,28818,0,nation;supplier;ixtest_supplier_nationkey;partsupp,66118,0,0,0,0,0,0
2026-08-14T11:08:18Z,A5EFB7F38A797663,18.4,queries/tpch/tpch-queries/q11/base.sql,measured,2,1,5,3,1.134,82.361,15,8,1048,131195,10620,1859080,28818,0,nation;supplier;ixtest_supplier_nationkey;partsupp,66121,0,0,0,0,0,0
2026-08-14T11:08:18Z,A5EFB7F38A797663,18.4,queries/tpch/tpch-queries/q11/base.sql,measured,2,2,5,3,0.472,77.942,15,8,1048,131195,10620,1859080,28818,0,nation;supplier;ixtest_supplier_nationkey;partsupp,66118,0,0,0,0,0,0
2026-08-14T11:08:18Z,A5EFB7F38A797663,18.4,queries/tpch/tpch-queries/q11/base.sql,measured,2,3,5,3,0.468,77.936,15,8,1048,131195,10620,1859080,28818,0,nation;supplier;ixtest_supplier_nationkey;partsupp,66118,0,0,0,0,0,0
2026-08-14T11:08:18Z,A5EFB7F38A797663,18.4,queries/tpch/tpch-queries/q11/base.sql,measured,2,4,5,3,0.481,77.511,15,8,1048,131195,10620,1859080,28818,0,nation;supplier;ixtest_supplier_nationkey;partsupp,66118,0,0,0,0,0,0
2026-08-14T11:08:18Z,A5EFB7F38A797663,18.4,queries/tpch/tpch-queries/q11/base.sql,measured,2,5,5,3,0.472,76.771,15,8,1048,131195,10620,1859080,28818,0,nation;supplier;ixtest_supplier_nationkey;partsupp,66118,0,0,0,0,0,0
2026-08-14T11:08:19Z,A5EFB7F38A797663,18.4,queries/tpch/tpch-queries/q11/base.sql,measured,3,1,5,3,1.127,85.407,15,8,1048,131195,10620,1859080,28818,0,nation;supplier;ixtest_supplier_nationkey;partsupp,66121,0,0,0,0,0,0
2026-08-14T11:08:19Z,A5EFB7F38A797663,18.4,queries/tpch/tpch-queries/q11/base.sql,measured,3,2,5,3,0.471,76.273,15,8,1048,131195,10620,1859080,28818,0,nation;supplier;ixtest_supplier_nationkey;partsupp,66118,0,0,0,0,0,0
2026-08-14T11:08:19Z,A5EFB7F38A797663,18.4,queries/tpch/tpch-queries/q11/base.sql,measured,3,3,5,3,0.463,77.424,15,8,1048,131195,10620,1859080,28818,0,nation;supplier;ixtest_supplier_nationkey;partsupp,66118,0,0,0,0,0,0
2026-08-14T11:08:19Z,A5EFB7F38A797663,18.4,queries/tpch/tpch-queries/q11/base.sql,measured,3,4,5,3,0.484,78.063,15,8,1048,131195,10620,1859080,28818,0,nation;supplier;ixtest_supplier_nationkey;partsupp,66118,0,0,0,0,0,0
2026-08-14T11:08:19Z,A5EFB7F38A797663,18.4,queries/tpch/tpch-queries/q11/base.sql,measured,3,5,5,3,0.494,78.905,15,8,1048,131195,10620,1859080,28818,0,nation;supplier;ixtest_supplier_nationkey;partsupp,66118,0,0,0,0,0,0
2026-08-14T11:08:19Z,A5EFB7F38A797663,18.4,queries/tpch/tpch-queries/q11/v1_materialized.sql,warmup,1,1,1,3,1.136,81.869,16,9,1048,132243,10620,1896808,28818,0,nation;supplier;ixtest_supplier_nationkey;partsupp;_m,66121,0,0,0,0,0,0
2026-08-14T11:08:19Z,A5EFB7F38A797663,18.4,queries/tpch/tpch-queries/q11/v1_materialized.sql,warmup,2,1,1,3,1.137,82.713,16,9,1048,132243,10620,1896808,28818,0,nation;supplier;ixtest_supplier_nationkey;partsupp;_m,66121,0,0,0,0,0,0
2026-08-14T11:08:20Z,A5EFB7F38A797663,18.4,queries/tpch/tpch-queries/q11/v1_materialized.sql,measured,1,1,5,3,1.167,87.246,16,9,1048,132243,10620,1896808,28818,0,nation;supplier;ixtest_supplier_nationkey;partsupp;_m,66121,0,0,0,0,0,0
2026-08-14T11:08:20Z,A5EFB7F38A797663,18.4,queries/tpch/tpch-queries/q11/v1_materialized.sql,measured,1,2,5,3,0.530,79.172,16,9,1048,132243,10620,1896808,28818,0,nation;supplier;ixtest_supplier_nationkey;partsupp;_m,66118,0,0,0,0,0,0
2026-08-14T11:08:20Z,A5EFB7F38A797663,18.4,queries/tpch/tpch-queries/q11/v1_materialized.sql,measured,1,3,5,3,0.520,79.276,16,9,1048,132243,10620,1896808,28818,0,nation;supplier;ixtest_supplier_nationkey;partsupp;_m,66118,0,0,0,0,0,0
2026-08-14T11:08:20Z,A5EFB7F38A797663,18.4,queries/tpch/tpch-queries/q11/v1_materialized.sql,measured,1,4,5,3,0.498,81.740,16,9,1048,132243,10620,1896808,28818,0,nation;supplier;ixtest_supplier_nationkey;partsupp;_m,66118,0,0,0,0,0,0
2026-08-14T11:08:20Z,A5EFB7F38A797663,18.4,queries/tpch/tpch-queries/q11/v1_materialized.sql,measured,1,5,5,3,0.500,80.614,16,9,1048,132243,10620,1896808,28818,0,nation;supplier;ixtest_supplier_nationkey;partsupp;_m,66118,0,0,0,0,0,0
2026-08-14T11:08:20Z,A5EFB7F38A797663,18.4,queries/tpch/tpch-queries/q11/v1_materialized.sql,measured,2,1,5,3,1.139,84.505,16,9,1048,132243,10620,1896808,28818,0,nation;supplier;ixtest_supplier_nationkey;partsupp;_m,66121,0,0,0,0,0,0
2026-08-14T11:08:20Z,A5EFB7F38A797663,18.4,queries/tpch/tpch-queries/q11/v1_materialized.sql,measured,2,2,5,3,0.490,74.849,16,9,1048,132243,10620,1896808,28818,0,nation;supplier;ixtest_supplier_nationkey;partsupp;_m,66118,0,0,0,0,0,0
2026-08-14T11:08:20Z,A5EFB7F38A797663,18.4,queries/tpch/tpch-queries/q11/v1_materialized.sql,measured,2,3,5,3,0.478,79.156,16,9,1048,132243,10620,1896808,28818,0,nation;supplier;ixtest_supplier_nationkey;partsupp;_m,66118,0,0,0,0,0,0
2026-08-14T11:08:20Z,A5EFB7F38A797663,18.4,queries/tpch/tpch-queries/q11/v1_materialized.sql,measured,2,4,5,3,0.502,79.434,16,9,1048,132243,10620,1896808,28818,0,nation;supplier;ixtest_supplier_nationkey;partsupp;_m,66118,0,0,0,0,0,0
2026-08-14T11:08:20Z,A5EFB7F38A797663,18.4,queries/tpch/tpch-queries/q11/v1_materialized.sql,measured,2,5,5,3,0.508,77.870,16,9,1048,132243,10620,1896808,28818,0,nation;supplier;ixtest_supplier_nationkey;partsupp;_m,66118,0,0,0,0,0,0
2026-08-14T11:08:21Z,A5EFB7F38A797663,18.4,queries/tpch/tpch-queries/q11/v1_materialized.sql,measured,3,1,5,3,1.189,85.842,16,9,1048,132243,10620,1896808,28818,0,nation;supplier;ixtest_supplier_nationkey;partsupp;_m,66121,0,0,0,0,0,0
2026-08-14T11:08:21Z,A5EFB7F38A797663,18.4,queries/tpch/tpch-queries/q11/v1_materialized.sql,measured,3,2,5,3,0.508,76.208,16,9,1048,132243,10620,1896808,28818,0,nation;supplier;ixtest_supplier_nationkey;partsupp;_m,66118,0,0,0,0,0,0
2026-08-14T11:08:21Z,A5EFB7F38A797663,18.4,queries/tpch/tpch-queries/q11/v1_materialized.sql,measured,3,3,5,3,0.469,81.896,16,9,1048,132243,10620,1896808,28818,0,nation;supplier;ixtest_supplier_nationkey;partsupp;_m,66118,0,0,0,0,0,0
2026-08-14T11:08:21Z,A5EFB7F38A797663,18.4,queries/tpch/tpch-queries/q11/v1_materialized.sql,measured,3,4,5,3,0.507,78.380,16,9,1048,132243,10620,1896808,28818,0,nation;supplier;ixtest_supplier_nationkey;partsupp;_m,66118,0,0,0,0,0,0
2026-08-14T11:08:21Z,A5EFB7F38A797663,18.4,queries/tpch/tpch-queries/q11/v1_materialized.sql,measured,3,5,5,3,0.514,77.649,16,9,1048,132243,10620,1896808,28818,0,nation;supplier;ixtest_supplier_nationkey;partsupp;_m,66118,0,0,0,0,0,0
2026-08-14T11:08:21Z,A5EFB7F38A797663,18.4,queries/tpch/tpch-queries/q11/v2_cte_threshold.sql,warmup,1,1,1,3,1.312,81.975,15,8,1048,131195,10620,1859080,28818,0,nation;supplier;ixtest_supplier_nationkey;partsupp,66121,0,0,0,0,0,0
2026-08-14T11:08:21Z,A5EFB7F38A797663,18.4,queries/tpch/tpch-queries/q11/v2_cte_threshold.sql,warmup,2,1,1,3,1.170,80.410,15,8,1048,131195,10620,1859080,28818,0,nation;supplier;ixtest_supplier_nationkey;partsupp,66121,0,0,0,0,0,0
2026-08-14T11:08:22Z,A5EFB7F38A797663,18.4,queries/tpch/tpch-queries/q11/v2_cte_threshold.sql,measured,1,1,5,3,1.165,80.748,15,8,1048,131195,10620,1859080,28818,0,nation;supplier;ixtest_supplier_nationkey;partsupp,66121,0,0,0,0,0,0
2026-08-14T11:08:22Z,A5EFB7F38A797663,18.4,queries/tpch/tpch-queries/q11/v2_cte_threshold.sql,measured,1,2,5,3,0.518,78.309,15,8,1048,131195,10620,1859080,28818,0,nation;supplier;ixtest_supplier_nationkey;partsupp,66118,0,0,0,0,0,0
2026-08-14T11:08:22Z,A5EFB7F38A797663,18.4,queries/tpch/tpch-queries/q11/v2_cte_threshold.sql,measured,1,3,5,3,0.503,77.604,15,8,1048,131195,10620,1859080,28818,0,nation;supplier;ixtest_supplier_nationkey;partsupp,66118,0,0,0,0,0,0
2026-08-14T11:08:22Z,A5EFB7F38A797663,18.4,queries/tpch/tpch-queries/q11/v2_cte_threshold.sql,measured,1,4,5,3,0.476,76.090,15,8,1048,131195,10620,1859080,28818,0,nation;supplier;ixtest_supplier_nationkey;partsupp,66118,0,0,0,0,0,0
2026-08-14T11:08:22Z,A5EFB7F38A797663,18.4,queries/tpch/tpch-queries/q11/v2_cte_threshold.sql,measured,1,5,5,3,0.496,79.681,15,8,1048,131195,10620,1859080,28818,0,nation;supplier;ixtest_supplier_nationkey;partsupp,66118,0,0,0,0,0,0
2026-08-14T11:08:22Z,A5EFB7F38A797663,18.4,queries/tpch/tpch-queries/q11/v2_cte_threshold.sql,measured,2,1,5,3,1.165,84.715,15,8,1048,131195,10620,1859080,28818,0,nation;supplier;ixtest_supplier_nationkey;partsupp,66121,0,0,0,0,0,0
2026-08-14T11:08:22Z,A5EFB7F38A797663,18.4,queries/tpch/tpch-queries/q11/v2_cte_threshold.sql,measured,2,2,5,3,0.490,75.629,15,8,1048,131195,10620,1859080,28818,0,nation;supplier;ixtest_supplier_nationkey;partsupp,66118,0,0,0,0,0,0
2026-08-14T11:08:22Z,A5EFB7F38A797663,18.4,queries/tpch/tpch-queries/q11/v2_cte_threshold.sql,measured,2,3,5,3,0.496,79.989,15,8,1048,131195,10620,1859080,28818,0,nation;supplier;ixtest_supplier_nationkey;partsupp,66118,0,0,0,0,0,0
2026-08-14T11:08:22Z,A5EFB7F38A797663,18.4,queries/tpch/tpch-queries/q11/v2_cte_threshold.sql,measured,2,4,5,3,0.513,78.645,15,8,1048,131195,10620,1859080,28818,0,nation;supplier;ixtest_supplier_nationkey;partsupp,66118,0,0,0,0,0,0
2026-08-14T11:08:22Z,A5EFB7F38A797663,18.4,queries/tpch/tpch-queries/q11/v2_cte_threshold.sql,measured,2,5,5,3,0.494,80.106,15,8,1048,131195,10620,1859080,28818,0,nation;supplier;ixtest_supplier_nationkey;partsupp,66118,0,0,0,0,0,0
2026-08-14T11:08:23Z,A5EFB7F38A797663,18.4,queries/tpch/tpch-queries/q11/v2_cte_threshold.sql,measured,3,1,5,3,1.166,83.330,15,8,1048,131195,10620,1859080,28818,0,nation;supplier;ixtest_supplier_nationkey;partsupp,66121,0,0,0,0,0,0
2026-08-14T11:08:23Z,A5EFB7F38A797663,18.4,queries/tpch/tpch-queries/q11/v2_cte_threshold.sql,measured,3,2,5,3,0.536,78.713,15,8,1048,131195,10620,1859080,28818,0,nation;supplier;ixtest_supplier_nationkey;partsupp,66118,0,0,0,0,0,0
2026-08-14T11:08:23Z,A5EFB7F38A797663,18.4,queries/tpch/tpch-queries/q11/v2_cte_threshold.sql,measured,3,3,5,3,0.521,79.780,15,8,1048,131195,10620,1859080,28818,0,nation;supplier;ixtest_supplier_nationkey;partsupp,66118,0,0,0,0,0,0
2026-08-14T11:08:23Z,A5EFB7F38A797663,18.4,queries/tpch/tpch-queries/q11/v2_cte_threshold.sql,measured,3,4,5,3,0.523,78.843,15,8,1048,131195,10620,1859080,28818,0,nation;supplier;ixtest_supplier_nationkey;partsupp,66118,0,0,0,0,0,0
2026-08-14T11:08:23Z,A5EFB7F38A797663,18.4,queries/tpch/tpch-queries/q11/v2_cte_threshold.sql,measured,3,5,5,3,0.515,79.523,15,8,1048,131195,10620,1859080,28818,0,nation;supplier;ixtest_supplier_nationkey;partsupp,66118,0,0,0,0,0,0
2026-08-14T11:08:23Z,A5EFB7F38A797663,18.4,queries/tpch/tpch-queries/q12/base.sql,warmup,1,1,1,3,1.144,298.731,8,3,2,1033809,7,2758319,175771,4,lineitem;ixtest_lineitem_receiptdate;orders,228968,789,0,0,0,0,0
2026-08-14T11:08:23Z,A5EFB7F38A797663,18.4,queries/tpch/tpch-queries/q12/base.sql,warmup,2,1,1,3,1.144,297.932,8,3,2,1033809,7,2758319,175771,4,lineitem;ixtest_lineitem_receiptdate;orders,229757,0,0,0,0,0,0
2026-08-14T11:08:25Z,A5EFB7F38A797663,18.4,queries/tpch/tpch-queries/q12/base.sql,measured,1,1,5,3,1.470,305.507,8,3,2,1033809,7,2758319,175771,4,lineitem;ixtest_lineitem_receiptdate;orders,229757,0,0,0,0,0,0
2026-08-14T11:08:25Z,A5EFB7F38A797663,18.4,queries/tpch/tpch-queries/q12/base.sql,measured,1,2,5,3,0.250,259.868,8,3,2,1033809,7,2758319,175771,4,lineitem;ixtest_lineitem_receiptdate;orders,229757,0,0,0,0,0,0
2026-08-14T11:08:25Z,A5EFB7F38A797663,18.4,queries/tpch/tpch-queries/q12/base.sql,measured,1,3,5,3,0.247,270.506,8,3,2,1033809,7,2758319,175771,4,lineitem;ixtest_lineitem_receiptdate;orders,229757,0,0,0,0,0,0
2026-08-14T11:08:25Z,A5EFB7F38A797663,18.4,queries/tpch/tpch-queries/q12/base.sql,measured,1,4,5,3,0.243,267.269,8,3,2,1033809,7,2758319,175771,4,lineitem;ixtest_lineitem_receiptdate;orders,229757,0,0,0,0,0,0
2026-08-14T11:08:25Z,A5EFB7F38A797663,18.4,queries/tpch/tpch-queries/q12/base.sql,measured,1,5,5,3,0.250,255.510,8,3,2,1033809,7,2758319,175771,4,lineitem;ixtest_lineitem_receiptdate;orders,229757,0,0,0,0,0,0
2026-08-14T11:08:26Z,A5EFB7F38A797663,18.4,queries/tpch/tpch-queries/q12/base.sql,measured,2,1,5,3,1.290,307.439,8,3,2,1033809,7,2758319,175771,4,lineitem;ixtest_lineitem_receiptdate;orders,229757,0,0,0,0,0,0
2026-08-14T11:08:26Z,A5EFB7F38A797663,18.4,queries/tpch/tpch-queries/q12/base.sql,measured,2,2,5,3,0.275,265.915,8,3,2,1033809,7,2758319,175771,4,lineitem;ixtest_lineitem_receiptdate;orders,229757,0,0,0,0,0,0
2026-08-14T11:08:26Z,A5EFB7F38A797663,18.4,queries/tpch/tpch-queries/q12/base.sql,measured,2,3,5,3,0.335,260.010,8,3,2,1033809,7,2758319,175771,4,lineitem;ixtest_lineitem_receiptdate;orders,229757,0,0,0,0,0,0
2026-08-14T11:08:26Z,A5EFB7F38A797663,18.4,queries/tpch/tpch-queries/q12/base.sql,measured,2,4,5,3,0.261,260.210,8,3,2,1033809,7,2758319,175771,4,lineitem;ixtest_lineitem_receiptdate;orders,229757,0,0,0,0,0,0
2026-08-14T11:08:26Z,A5EFB7F38A797663,18.4,queries/tpch/tpch-queries/q12/base.sql,measured,2,5,5,3,0.260,260.703,8,3,2,1033809,7,2758319,175771,4,lineitem;ixtest_lineitem_receiptdate;orders,229757,0,0,0,0,0,0
2026-08-14T11:08:28Z,A5EFB7F38A797663,18.4,queries/tpch/tpch-queries/q12/base.sql,measured,3,1,5,3,1.148,306.043,8,3,2,1033809,7,2758319,175771,4,lineitem;ixtest_lineitem_receiptdate;orders,229757,0,0,0,0,0,0
2026-08-14T11:08:28Z,A5EFB7F38A797663,18.4,queries/tpch/tpch-queries/q12/base.sql,measured,3,2,5,3,0.258,269.341,8,3,2,1033809,7,2758319,175771,4,lineitem;ixtest_lineitem_receiptdate;orders,229757,0,0,0,0,0,0
2026-08-14T11:08:28Z,A5EFB7F38A797663,18.4,queries/tpch/tpch-queries/q12/base.sql,measured,3,3,5,3,0.242,262.173,8,3,2,1033809,7,2758319,175771,4,lineitem;ixtest_lineitem_receiptdate;orders,229757,0,0,0,0,0,0
2026-08-14T11:08:28Z,A5EFB7F38A797663,18.4,queries/tpch/tpch-queries/q12/base.sql,measured,3,4,5,3,0.242,262.646,8,3,2,1033809,7,2758319,175771,4,lineitem;ixtest_lineitem_receiptdate;orders,229757,0,0,0,0,0,0
2026-08-14T11:08:28Z,A5EFB7F38A797663,18.4,queries/tpch/tpch-queries/q12/base.sql,measured,3,5,5,3,0.249,268.584,8,3,2,1033809,7,2758319,175771,4,lineitem;ixtest_lineitem_receiptdate;orders,229757,0,0,0,0,0,0
2026-08-14T11:08:28Z,A5EFB7F38A797663,18.4,queries/tpch/tpch-queries/q12/v1_materialized.sql,warmup,1,1,1,3,1.173,299.576,9,4,2,1033811,7,2758439,175771,4,_m;lineitem;ixtest_lineitem_receiptdate;orders,229757,0,0,0,0,0,0
2026-08-14T11:08:28Z,A5EFB7F38A797663,18.4,queries/tpch/tpch-queries/q12/v1_materialized.sql,warmup,2,1,1,3,1.176,299.464,9,4,2,1033811,7,2758439,175771,4,_m;lineitem;ixtest_lineitem_receiptdate;orders,229757,0,0,0,0,0,0
2026-08-14T11:08:30Z,A5EFB7F38A797663,18.4,queries/tpch/tpch-queries/q12/v1_materialized.sql,measured,1,1,5,3,1.707,315.423,9,4,2,1033811,7,2758439,175771,4,_m;lineitem;ixtest_lineitem_receiptdate;orders,229757,0,0,0,0,0,0
2026-08-14T11:08:30Z,A5EFB7F38A797663,18.4,queries/tpch/tpch-queries/q12/v1_materialized.sql,measured,1,2,5,3,0.265,268.697,9,4,2,1033811,7,2758439,175771,4,_m;lineitem;ixtest_lineitem_receiptdate;orders,229757,0,0,0,0,0,0
2026-08-14T11:08:30Z,A5EFB7F38A797663,18.4,queries/tpch/tpch-queries/q12/v1_materialized.sql,measured,1,3,5,3,0.318,270.992,9,4,2,1033811,7,2758439,175771,4,_m;lineitem;ixtest_lineitem_receiptdate;orders,229757,0,0,0,0,0,0
2026-08-14T11:08:30Z,A5EFB7F38A797663,18.4,queries/tpch/tpch-queries/q12/v1_materialized.sql,measured,1,4,5,3,0.259,264.664,9,4,2,1033811,7,2758439,175771,4,_m;lineitem;ixtest_lineitem_receiptdate;orders,229757,0,0,0,0,0,0
2026-08-14T11:08:30Z,A5EFB7F38A797663,18.4,queries/tpch/tpch-queries/q12/v1_materialized.sql,measured,1,5,5,3,0.286,265.427,9,4,2,1033811,7,2758439,175771,4,_m;lineitem;ixtest_lineitem_receiptdate;orders,229757,0,0,0,0,0,0
2026-08-14T11:08:31Z,A5EFB7F38A797663,18.4,queries/tpch/tpch-queries/q12/v1_materialized.sql,measured,2,1,5,3,1.662,328.579,9,4,2,1033811,7,2758439,175771,4,_m;lineitem;ixtest_lineitem_receiptdate;orders,229757,0,0,0,0,0,0
2026-08-14T11:08:31Z,A5EFB7F38A797663,18.4,queries/tpch/tpch-queries/q12/v1_materialized.sql,measured,2,2,5,3,0.258,265.878,9,4,2,1033811,7,2758439,175771,4,_m;lineitem;ixtest_lineitem_receiptdate;orders,229757,0,0,0,0,0,0
2026-08-14T11:08:31Z,A5EFB7F38A797663,18.4,queries/tpch/tpch-queries/q12/v1_materialized.sql,measured,2,3,5,3,0.294,270.533,9,4,2,1033811,7,2758439,175771,4,_m;lineitem;ixtest_lineitem_receiptdate;orders,229757,0,0,0,0,0,0
2026-08-14T11:08:31Z,A5EFB7F38A797663,18.4,queries/tpch/tpch-queries/q12/v1_materialized.sql,measured,2,4,5,3,0.268,284.281,9,4,2,1033811,7,2758439,175771,4,_m;lineitem;ixtest_lineitem_receiptdate;orders,229757,0,0,0,0,0,0
2026-08-14T11:08:31Z,A5EFB7F38A797663,18.4,queries/tpch/tpch-queries/q12/v1_materialized.sql,measured,2,5,5,3,0.398,270.435,9,4,2,1033811,7,2758439,175771,4,_m;lineitem;ixtest_lineitem_receiptdate;orders,229757,0,0,0,0,0,0
2026-08-14T11:08:33Z,A5EFB7F38A797663,18.4,queries/tpch/tpch-queries/q12/v1_materialized.sql,measured,3,1,5,3,1.316,307.096,9,4,2,1033811,7,2758439,175771,4,_m;lineitem;ixtest_lineitem_receiptdate;orders,229757,0,0,0,0,0,0
2026-08-14T11:08:33Z,A5EFB7F38A797663,18.4,queries/tpch/tpch-queries/q12/v1_materialized.sql,measured,3,2,5,3,0.273,259.541,9,4,2,1033811,7,2758439,175771,4,_m;lineitem;ixtest_lineitem_receiptdate;orders,229757,0,0,0,0,0,0
2026-08-14T11:08:33Z,A5EFB7F38A797663,18.4,queries/tpch/tpch-queries/q12/v1_materialized.sql,measured,3,3,5,3,0.269,267.169,9,4,2,1033811,7,2758439,175771,4,_m;lineitem;ixtest_lineitem_receiptdate;orders,229757,0,0,0,0,0,0
2026-08-14T11:08:33Z,A5EFB7F38A797663,18.4,queries/tpch/tpch-queries/q12/v1_materialized.sql,measured,3,4,5,3,0.269,269.068,9,4,2,1033811,7,2758439,175771,4,_m;lineitem;ixtest_lineitem_receiptdate;orders,229757,0,0,0,0,0,0
2026-08-14T11:08:33Z,A5EFB7F38A797663,18.4,queries/tpch/tpch-queries/q12/v1_materialized.sql,measured,3,5,5,3,0.333,268.806,9,4,2,1033811,7,2758439,175771,4,_m;lineitem;ixtest_lineitem_receiptdate;orders,229757,0,0,0,0,0,0
2026-08-14T11:08:33Z,A5EFB7F38A797663,18.4,queries/tpch/tpch-queries/q12/v2_filter.sql,warmup,1,1,1,3,1.138,310.835,8,3,2,1033809,7,2758319,175771,4,lineitem;ixtest_lineitem_receiptdate;orders,229757,0,0,0,0,0,0
2026-08-14T11:08:34Z,A5EFB7F38A797663,18.4,queries/tpch/tpch-queries/q12/v2_filter.sql,warmup,2,1,1,3,1.219,310.260,8,3,2,1033809,7,2758319,175771,4,lineitem;ixtest_lineitem_receiptdate;orders,229757,0,0,0,0,0,0
2026-08-14T11:08:35Z,A5EFB7F38A797663,18.4,queries/tpch/tpch-queries/q12/v2_filter.sql,measured,1,1,5,3,1.487,306.598,8,3,2,1033809,7,2758319,175771,4,lineitem;ixtest_lineitem_receiptdate;orders,229757,0,0,0,0,0,0
2026-08-14T11:08:35Z,A5EFB7F38A797663,18.4,queries/tpch/tpch-queries/q12/v2_filter.sql,measured,1,2,5,3,0.237,285.261,8,3,2,1033809,7,2758319,175771,4,lineitem;ixtest_lineitem_receiptdate;orders,229757,0,0,0,0,0,0
2026-08-14T11:08:35Z,A5EFB7F38A797663,18.4,queries/tpch/tpch-queries/q12/v2_filter.sql,measured,1,3,5,3,0.244,287.045,8,3,2,1033809,7,2758319,175771,4,lineitem;ixtest_lineitem_receiptdate;orders,229757,0,0,0,0,0,0
2026-08-14T11:08:35Z,A5EFB7F38A797663,18.4,queries/tpch/tpch-queries/q12/v2_filter.sql,measured,1,4,5,3,0.235,263.071,8,3,2,1033809,7,2758319,175771,4,lineitem;ixtest_lineitem_receiptdate;orders,229757,0,0,0,0,0,0
2026-08-14T11:08:35Z,A5EFB7F38A797663,18.4,queries/tpch/tpch-queries/q12/v2_filter.sql,measured,1,5,5,3,0.247,270.036,8,3,2,1033809,7,2758319,175771,4,lineitem;ixtest_lineitem_receiptdate;orders,229757,0,0,0,0,0,0
2026-08-14T11:08:37Z,A5EFB7F38A797663,18.4,queries/tpch/tpch-queries/q12/v2_filter.sql,measured,2,1,5,3,1.681,332.581,8,3,2,1033809,7,2758319,175771,4,lineitem;ixtest_lineitem_receiptdate;orders,229757,0,0,0,0,0,0
2026-08-14T11:08:37Z,A5EFB7F38A797663,18.4,queries/tpch/tpch-queries/q12/v2_filter.sql,measured,2,2,5,3,0.238,270.264,8,3,2,1033809,7,2758319,175771,4,lineitem;ixtest_lineitem_receiptdate;orders,229757,0,0,0,0,0,0
2026-08-14T11:08:37Z,A5EFB7F38A797663,18.4,queries/tpch/tpch-queries/q12/v2_filter.sql,measured,2,3,5,3,0.253,269.276,8,3,2,1033809,7,2758319,175771,4,lineitem;ixtest_lineitem_receiptdate;orders,229757,0,0,0,0,0,0
2026-08-14T11:08:37Z,A5EFB7F38A797663,18.4,queries/tpch/tpch-queries/q12/v2_filter.sql,measured,2,4,5,3,0.260,278.734,8,3,2,1033809,7,2758319,175771,4,lineitem;ixtest_lineitem_receiptdate;orders,229757,0,0,0,0,0,0
2026-08-14T11:08:37Z,A5EFB7F38A797663,18.4,queries/tpch/tpch-queries/q12/v2_filter.sql,measured,2,5,5,3,0.255,263.540,8,3,2,1033809,7,2758319,175771,4,lineitem;ixtest_lineitem_receiptdate;orders,229757,0,0,0,0,0,0
2026-08-14T11:08:38Z,A5EFB7F38A797663,18.4,queries/tpch/tpch-queries/q12/v2_filter.sql,measured,3,1,5,3,1.236,321.628,8,3,2,1033809,7,2758319,175771,4,lineitem;ixtest_lineitem_receiptdate;orders,229757,0,0,0,0,0,0
2026-08-14T11:08:38Z,A5EFB7F38A797663,18.4,queries/tpch/tpch-queries/q12/v2_filter.sql,measured,3,2,5,3,0.256,275.071,8,3,2,1033809,7,2758319,175771,4,lineitem;ixtest_lineitem_receiptdate;orders,229757,0,0,0,0,0,0
2026-08-14T11:08:38Z,A5EFB7F38A797663,18.4,queries/tpch/tpch-queries/q12/v2_filter.sql,measured,3,3,5,3,0.256,279.514,8,3,2,1033809,7,2758319,175771,4,lineitem;ixtest_lineitem_receiptdate;orders,229757,0,0,0,0,0,0
2026-08-14T11:08:38Z,A5EFB7F38A797663,18.4,queries/tpch/tpch-queries/q12/v2_filter.sql,measured,3,4,5,3,0.265,271.723,8,3,2,1033809,7,2758319,175771,4,lineitem;ixtest_lineitem_receiptdate;orders,229757,0,0,0,0,0,0
2026-08-14T11:08:38Z,A5EFB7F38A797663,18.4,queries/tpch/tpch-queries/q12/v2_filter.sql,measured,3,5,5,3,0.264,274.988,8,3,2,1033809,7,2758319,175771,4,lineitem;ixtest_lineitem_receiptdate;orders,229757,0,0,0,0,0,0
2026-08-14T11:08:40Z,A5EFB7F38A797663,18.4,queries/tpch/tpch-queries/q13/base.sql,warmup,1,1,1,3,1.205,1595.222,7,2,42,3467925,200,27144072,16082,0,orders;customer,26552,0,0,0,0,0,0
2026-08-14T11:08:42Z,A5EFB7F38A797663,18.4,queries/tpch/tpch-queries/q13/base.sql,warmup,2,1,1,3,1.078,1614.126,7,2,42,3467925,200,27144072,16082,0,orders;customer,26552,0,0,0,0,0,0
2026-08-14T11:08:50Z,A5EFB7F38A797663,18.4,queries/tpch/tpch-queries/q13/base.sql,measured,1,1,5,3,1.079,1621.091,7,2,42,3467925,200,27144072,16082,0,orders;customer,26552,0,0,0,0,0,0
2026-08-14T11:08:50Z,A5EFB7F38A797663,18.4,queries/tpch/tpch-queries/q13/base.sql,measured,1,2,5,3,0.266,1564.209,7,2,42,3467925,200,27144072,16082,0,orders;customer,26549,0,0,0,0,0,0
2026-08-14T11:08:50Z,A5EFB7F38A797663,18.4,queries/tpch/tpch-queries/q13/base.sql,measured,1,3,5,3,0.241,1548.819,7,2,42,3467925,200,27144072,16082,0,orders;customer,26549,0,0,0,0,0,0
2026-08-14T11:08:50Z,A5EFB7F38A797663,18.4,queries/tpch/tpch-queries/q13/base.sql,measured,1,4,5,3,0.270,1543.112,7,2,42,3467925,200,27144072,16082,0,orders;customer,26549,0,0,0,0,0,0
2026-08-14T11:08:50Z,A5EFB7F38A797663,18.4,queries/tpch/tpch-queries/q13/base.sql,measured,1,5,5,3,0.243,1525.800,7,2,42,3467925,200,27144072,16082,0,orders;customer,26549,0,0,0,0,0,0
2026-08-14T11:08:57Z,A5EFB7F38A797663,18.4,queries/tpch/tpch-queries/q13/base.sql,measured,2,1,5,3,1.101,1592.191,7,2,42,3467925,200,27144072,16082,0,orders;customer,26552,0,0,0,0,0,0
2026-08-14T11:08:57Z,A5EFB7F38A797663,18.4,queries/tpch/tpch-queries/q13/base.sql,measured,2,2,5,3,0.263,1556.656,7,2,42,3467925,200,27144072,16082,0,orders;customer,26549,0,0,0,0,0,0
2026-08-14T11:08:57Z,A5EFB7F38A797663,18.4,queries/tpch/tpch-queries/q13/base.sql,measured,2,3,5,3,0.244,1533.362,7,2,42,3467925,200,27144072,16082,0,orders;customer,26549,0,0,0,0,0,0
2026-08-14T11:08:57Z,A5EFB7F38A797663,18.4,queries/tpch/tpch-queries/q13/base.sql,measured,2,4,5,3,0.257,1528.392,7,2,42,3467925,200,27144072,16082,0,orders;customer,26549,0,0,0,0,0,0
2026-08-14T11:08:57Z,A5EFB7F38A797663,18.4,queries/tpch/tpch-queries/q13/base.sql,measured,2,5,5,3,0.244,1525.896,7,2,42,3467925,200,27144072,16082,0,orders;customer,26549,0,0,0,0,0,0
2026-08-14T11:09:05Z,A5EFB7F38A797663,18.4,queries/tpch/tpch-queries/q13/base.sql,measured,3,1,5,3,1.071,1570.438,7,2,42,3467925,200,27144072,16082,0,orders;customer,26552,0,0,0,0,0,0
2026-08-14T11:09:05Z,A5EFB7F38A797663,18.4,queries/tpch/tpch-queries/q13/base.sql,measured,3,2,5,3,0.261,1536.502,7,2,42,3467925,200,27144072,16082,0,orders;customer,26549,0,0,0,0,0,0
2026-08-14T11:09:05Z,A5EFB7F38A797663,18.4,queries/tpch/tpch-queries/q13/base.sql,measured,3,3,5,3,0.268,1531.655,7,2,42,3467925,200,27144072,16082,0,orders;customer,26549,0,0,0,0,0,0
2026-08-14T11:09:05Z,A5EFB7F38A797663,18.4,queries/tpch/tpch-queries/q13/base.sql,measured,3,4,5,3,0.261,1520.414,7,2,42,3467925,200,27144072,16082,0,orders;customer,26549,0,0,0,0,0,0
2026-08-14T11:09:05Z,A5EFB7F38A797663,18.4,queries/tpch/tpch-queries/q13/base.sql,measured,3,5,5,3,0.238,1525.045,7,2,42,3467925,200,27144072,16082,0,orders;customer,26549,0,0,0,0,0,0
2026-08-14T11:09:07Z,A5EFB7F38A797663,18.4,queries/tpch/tpch-queries/q13/v1_materialized.sql,warmup,1,1,1,3,1.107,1558.125,8,3,42,3467967,200,27144744,16082,0,orders;customer;_m,26552,0,0,0,0,0,0
2026-08-14T11:09:08Z,A5EFB7F38A797663,18.4,queries/tpch/tpch-queries/q13/v1_materialized.sql,warmup,2,1,1,3,1.128,1579.468,8,3,42,3467967,200,27144744,16082,0,orders;customer;_m,26552,0,0,0,0,0,0
2026-08-14T11:09:16Z,A5EFB7F38A797663,18.4,queries/tpch/tpch-queries/q13/v1_materialized.sql,measured,1,1,5,3,1.116,1573.335,8,3,42,3467967,200,27144744,16082,0,orders;customer;_m,26552,0,0,0,0,0,0
2026-08-14T11:09:16Z,A5EFB7F38A797663,18.4,queries/tpch/tpch-queries/q13/v1_materialized.sql,measured,1,2,5,3,0.261,1517.457,8,3,42,3467967,200,27144744,16082,0,orders;customer;_m,26549,0,0,0,0,0,0
2026-08-14T11:09:16Z,A5EFB7F38A797663,18.4,queries/tpch/tpch-queries/q13/v1_materialized.sql,measured,1,3,5,3,0.253,1505.642,8,3,42,3467967,200,27144744,16082,0,orders;customer;_m,26549,0,0,0,0,0,0
2026-08-14T11:09:16Z,A5EFB7F38A797663,18.4,queries/tpch/tpch-queries/q13/v1_materialized.sql,measured,1,4,5,3,0.268,1512.970,8,3,42,3467967,200,27144744,16082,0,orders;customer;_m,26549,0,0,0,0,0,0
2026-08-14T11:09:16Z,A5EFB7F38A797663,18.4,queries/tpch/tpch-queries/q13/v1_materialized.sql,measured,1,5,5,3,0.275,1515.684,8,3,42,3467967,200,27144744,16082,0,orders;customer;_m,26549,0,0,0,0,0,0
2026-08-14T11:09:24Z,A5EFB7F38A797663,18.4,queries/tpch/tpch-queries/q13/v1_materialized.sql,measured,2,1,5,3,1.101,1551.646,8,3,42,3467967,200,27144744,16082,0,orders;customer;_m,26552,0,0,0,0,0,0
2026-08-14T11:09:24Z,A5EFB7F38A797663,18.4,queries/tpch/tpch-queries/q13/v1_materialized.sql,measured,2,2,5,3,0.277,1506.886,8,3,42,3467967,200,27144744,16082,0,orders;customer;_m,26549,0,0,0,0,0,0
2026-08-14T11:09:24Z,A5EFB7F38A797663,18.4,queries/tpch/tpch-queries/q13/v1_materialized.sql,measured,2,3,5,3,0.251,1506.375,8,3,42,3467967,200,27144744,16082,0,orders;customer;_m,26549,0,0,0,0,0,0
2026-08-14T11:09:24Z,A5EFB7F38A797663,18.4,queries/tpch/tpch-queries/q13/v1_materialized.sql,measured,2,4,5,3,0.257,1497.918,8,3,42,3467967,200,27144744,16082,0,orders;customer;_m,26549,0,0,0,0,0,0
2026-08-14T11:09:24Z,A5EFB7F38A797663,18.4,queries/tpch/tpch-queries/q13/v1_materialized.sql,measured,2,5,5,3,0.250,1487.968,8,3,42,3467967,200,27144744,16082,0,orders;customer;_m,26549,0,0,0,0,0,0
2026-08-14T11:09:31Z,A5EFB7F38A797663,18.4,queries/tpch/tpch-queries/q13/v1_materialized.sql,measured,3,1,5,3,1.106,1566.398,8,3,42,3467967,200,27144744,16082,0,orders;customer;_m,26552,0,0,0,0,0,0
2026-08-14T11:09:31Z,A5EFB7F38A797663,18.4,queries/tpch/tpch-queries/q13/v1_materialized.sql,measured,3,2,5,3,0.284,1515.923,8,3,42,3467967,200,27144744,16082,0,orders;customer;_m,26549,0,0,0,0,0,0
2026-08-14T11:09:31Z,A5EFB7F38A797663,18.4,queries/tpch/tpch-queries/q13/v1_materialized.sql,measured,3,3,5,3,0.273,1510.219,8,3,42,3467967,200,27144744,16082,0,orders;customer;_m,26549,0,0,0,0,0,0
2026-08-14T11:09:31Z,A5EFB7F38A797663,18.4,queries/tpch/tpch-queries/q13/v1_materialized.sql,measured,3,4,5,3,0.242,1513.787,8,3,42,3467967,200,27144744,16082,0,orders;customer;_m,26549,0,0,0,0,0,0
2026-08-14T11:09:31Z,A5EFB7F38A797663,18.4,queries/tpch/tpch-queries/q13/v1_materialized.sql,measured,3,5,5,3,0.266,1509.337,8,3,42,3467967,200,27144744,16082,0,orders;customer;_m,26549,0,0,0,0,0,0
2026-08-14T11:09:34Z,A5EFB7F38A797663,18.4,queries/tpch/tpch-queries/q13/v2_correlated.sql,warmup,1,1,1,3,0.903,2204.320,7,3,42,3300084,150000,3601344,0,0,customer;orders;idx_orders_cust,1949947,0,0,0,0,0,0
2026-08-14T11:09:36Z,A5EFB7F38A797663,18.4,queries/tpch/tpch-queries/q13/v2_correlated.sql,warmup,2,1,1,3,0.894,2184.045,7,3,42,3300084,150000,3601344,0,0,customer;orders;idx_orders_cust,1949947,0,0,0,0,0,0
2026-08-14T11:09:47Z,A5EFB7F38A797663,18.4,queries/tpch/tpch-queries/q13/v2_correlated.sql,measured,1,1,5,3,0.975,2220.692,7,3,42,3300084,150000,3601344,0,0,customer;orders;idx_orders_cust,1949947,0,0,0,0,0,0
2026-08-14T11:09:47Z,A5EFB7F38A797663,18.4,queries/tpch/tpch-queries/q13/v2_correlated.sql,measured,1,2,5,3,0.160,2129.847,7,3,42,3300084,150000,3601344,0,0,customer;orders;idx_orders_cust,1949944,0,0,0,0,0,0
2026-08-14T11:09:47Z,A5EFB7F38A797663,18.4,queries/tpch/tpch-queries/q13/v2_correlated.sql,measured,1,3,5,3,0.149,2112.031,7,3,42,3300084,150000,3601344,0,0,customer;orders;idx_orders_cust,1949944,0,0,0,0,0,0
2026-08-14T11:09:47Z,A5EFB7F38A797663,18.4,queries/tpch/tpch-queries/q13/v2_correlated.sql,measured,1,4,5,3,0.149,2098.007,7,3,42,3300084,150000,3601344,0,0,customer;orders;idx_orders_cust,1949944,0,0,0,0,0,0
2026-08-14T11:09:47Z,A5EFB7F38A797663,18.4,queries/tpch/tpch-queries/q13/v2_correlated.sql,measured,1,5,5,3,0.150,2109.888,7,3,42,3300084,150000,3601344,0,0,customer;orders;idx_orders_cust,1949944,0,0,0,0,0,0
2026-08-14T11:09:57Z,A5EFB7F38A797663,18.4,queries/tpch/tpch-queries/q13/v2_correlated.sql,measured,2,1,5,3,0.880,2196.199,7,3,42,3300084,150000,3601344,0,0,customer;orders;idx_orders_cust,1949947,0,0,0,0,0,0
2026-08-14T11:09:57Z,A5EFB7F38A797663,18.4,queries/tpch/tpch-queries/q13/v2_correlated.sql,measured,2,2,5,3,0.149,2106.585,7,3,42,3300084,150000,3601344,0,0,customer;orders;idx_orders_cust,1949944,0,0,0,0,0,0
2026-08-14T11:09:57Z,A5EFB7F38A797663,18.4,queries/tpch/tpch-queries/q13/v2_correlated.sql,measured,2,3,5,3,0.164,2093.483,7,3,42,3300084,150000,3601344,0,0,customer;orders;idx_orders_cust,1949944,0,0,0,0,0,0
2026-08-14T11:09:57Z,A5EFB7F38A797663,18.4,queries/tpch/tpch-queries/q13/v2_correlated.sql,measured,2,4,5,3,0.151,2078.813,7,3,42,3300084,150000,3601344,0,0,customer;orders;idx_orders_cust,1949944,0,0,0,0,0,0
2026-08-14T11:09:57Z,A5EFB7F38A797663,18.4,queries/tpch/tpch-queries/q13/v2_correlated.sql,measured,2,5,5,3,0.161,2094.262,7,3,42,3300084,150000,3601344,0,0,customer;orders;idx_orders_cust,1949944,0,0,0,0,0,0
2026-08-14T11:10:08Z,A5EFB7F38A797663,18.4,queries/tpch/tpch-queries/q13/v2_correlated.sql,measured,3,1,5,3,0.880,2191.822,7,3,42,3300084,150000,3601344,0,0,customer;orders;idx_orders_cust,1949947,0,0,0,0,0,0
2026-08-14T11:10:08Z,A5EFB7F38A797663,18.4,queries/tpch/tpch-queries/q13/v2_correlated.sql,measured,3,2,5,3,0.149,2098.538,7,3,42,3300084,150000,3601344,0,0,customer;orders;idx_orders_cust,1949944,0,0,0,0,0,0
2026-08-14T11:10:08Z,A5EFB7F38A797663,18.4,queries/tpch/tpch-queries/q13/v2_correlated.sql,measured,3,3,5,3,0.161,2082.024,7,3,42,3300084,150000,3601344,0,0,customer;orders;idx_orders_cust,1949944,0,0,0,0,0,0
2026-08-14T11:10:08Z,A5EFB7F38A797663,18.4,queries/tpch/tpch-queries/q13/v2_correlated.sql,measured,3,4,5,3,0.165,2079.421,7,3,42,3300084,150000,3601344,0,0,customer;orders;idx_orders_cust,1949944,0,0,0,0,0,0
2026-08-14T11:10:08Z,A5EFB7F38A797663,18.4,queries/tpch/tpch-queries/q13/v2_correlated.sql,measured,3,5,5,3,0.155,2085.031,7,3,42,3300084,150000,3601344,0,0,customer;orders;idx_orders_cust,1949944,0,0,0,0,0,0
2026-08-14T11:10:08Z,A5EFB7F38A797663,18.4,queries/tpch/tpch-queries/q14/base.sql,warmup,1,1,1,3,1.222,149.308,8,3,1,627954,1,13723692,0,4,lineitem;ixtest_lineitem_shipdate;part,45667,0,0,0,0,0,0
2026-08-14T11:10:08Z,A5EFB7F38A797663,18.4,queries/tpch/tpch-queries/q14/base.sql,warmup,2,1,1,3,1.224,153.744,8,3,1,627954,1,13723692,0,4,lineitem;ixtest_lineitem_shipdate;part,45666,0,0,0,0,0,0
2026-08-14T11:10:09Z,A5EFB7F38A797663,18.4,queries/tpch/tpch-queries/q14/base.sql,measured,1,1,5,3,1.342,150.996,8,3,1,627954,1,13723692,0,4,lineitem;ixtest_lineitem_shipdate;part,45667,0,0,0,0,0,0
2026-08-14T11:10:09Z,A5EFB7F38A797663,18.4,queries/tpch/tpch-queries/q14/base.sql,measured,1,2,5,3,0.241,133.187,8,3,1,627954,1,13723692,0,4,lineitem;ixtest_lineitem_shipdate;part,45667,0,0,0,0,0,0
2026-08-14T11:10:09Z,A5EFB7F38A797663,18.4,queries/tpch/tpch-queries/q14/base.sql,measured,1,3,5,3,0.250,123.603,8,3,1,627954,1,13723692,0,4,lineitem;ixtest_lineitem_shipdate;part,45666,0,0,0,0,0,0
2026-08-14T11:10:09Z,A5EFB7F38A797663,18.4,queries/tpch/tpch-queries/q14/base.sql,measured,1,4,5,3,0.258,123.098,8,3,1,627954,1,13723692,0,4,lineitem;ixtest_lineitem_shipdate;part,45667,0,0,0,0,0,0
2026-08-14T11:10:09Z,A5EFB7F38A797663,18.4,queries/tpch/tpch-queries/q14/base.sql,measured,1,5,5,3,0.245,122.466,8,3,1,627954,1,13723692,0,4,lineitem;ixtest_lineitem_shipdate;part,45667,0,0,0,0,0,0
2026-08-14T11:10:10Z,A5EFB7F38A797663,18.4,queries/tpch/tpch-queries/q14/base.sql,measured,2,1,5,3,1.214,149.284,8,3,1,627954,1,13723692,0,4,lineitem;ixtest_lineitem_shipdate;part,45667,0,0,0,0,0,0
2026-08-14T11:10:10Z,A5EFB7F38A797663,18.4,queries/tpch/tpch-queries/q14/base.sql,measured,2,2,5,3,0.230,125.833,8,3,1,627954,1,13723692,0,4,lineitem;ixtest_lineitem_shipdate;part,45667,0,0,0,0,0,0
2026-08-14T11:10:10Z,A5EFB7F38A797663,18.4,queries/tpch/tpch-queries/q14/base.sql,measured,2,3,5,3,0.250,125.452,8,3,1,627954,1,13723692,0,4,lineitem;ixtest_lineitem_shipdate;part,45667,0,0,0,0,0,0
2026-08-14T11:10:10Z,A5EFB7F38A797663,18.4,queries/tpch/tpch-queries/q14/base.sql,measured,2,4,5,3,0.299,123.816,8,3,1,627954,1,13723692,0,4,lineitem;ixtest_lineitem_shipdate;part,45667,0,0,0,0,0,0
2026-08-14T11:10:10Z,A5EFB7F38A797663,18.4,queries/tpch/tpch-queries/q14/base.sql,measured,2,5,5,3,0.316,130.439,8,3,1,627954,1,13723692,0,4,lineitem;ixtest_lineitem_shipdate;part,45667,0,0,0,0,0,0
2026-08-14T11:10:11Z,A5EFB7F38A797663,18.4,queries/tpch/tpch-queries/q14/base.sql,measured,3,1,5,3,1.380,169.122,8,3,1,627954,1,13723692,0,4,lineitem;ixtest_lineitem_shipdate;part,45667,0,0,0,0,0,0
2026-08-14T11:10:11Z,A5EFB7F38A797663,18.4,queries/tpch/tpch-queries/q14/base.sql,measured,3,2,5,3,0.228,130.697,8,3,1,627954,1,13723692,0,4,lineitem;ixtest_lineitem_shipdate;part,45667,0,0,0,0,0,0
2026-08-14T11:10:11Z,A5EFB7F38A797663,18.4,queries/tpch/tpch-queries/q14/base.sql,measured,3,3,5,3,0.261,131.164,8,3,1,627954,1,13723692,0,4,lineitem;ixtest_lineitem_shipdate;part,45667,0,0,0,0,0,0
2026-08-14T11:10:11Z,A5EFB7F38A797663,18.4,queries/tpch/tpch-queries/q14/base.sql,measured,3,4,5,3,0.237,123.337,8,3,1,627954,1,13723692,0,4,lineitem;ixtest_lineitem_shipdate;part,45667,0,0,0,0,0,0
2026-08-14T11:10:11Z,A5EFB7F38A797663,18.4,queries/tpch/tpch-queries/q14/base.sql,measured,3,5,5,3,0.240,122.758,8,3,1,627954,1,13723692,0,4,lineitem;ixtest_lineitem_shipdate;part,45667,0,0,0,0,0,0
2026-08-14T11:10:11Z,A5EFB7F38A797663,18.4,queries/tpch/tpch-queries/q14/v1_materialized.sql,warmup,1,1,1,3,1.495,183.935,9,4,1,627955,1,13723724,0,4,_m;lineitem;ixtest_lineitem_shipdate;part,45666,0,0,0,0,0,0
2026-08-14T11:10:11Z,A5EFB7F38A797663,18.4,queries/tpch/tpch-queries/q14/v1_materialized.sql,warmup,2,1,1,3,1.990,184.148,9,4,1,627955,1,13723724,0,4,_m;lineitem;ixtest_lineitem_shipdate;part,45667,0,0,0,0,0,0
2026-08-14T11:10:12Z,A5EFB7F38A797663,18.4,queries/tpch/tpch-queries/q14/v1_materialized.sql,measured,1,1,5,3,1.807,198.058,9,4,1,627955,1,13723724,0,4,_m;lineitem;ixtest_lineitem_shipdate;part,45667,0,0,0,0,0,0
2026-08-14T11:10:12Z,A5EFB7F38A797663,18.4,queries/tpch/tpch-queries/q14/v1_materialized.sql,measured,1,2,5,3,0.259,125.788,9,4,1,627955,1,13723724,0,4,_m;lineitem;ixtest_lineitem_shipdate;part,45667,0,0,0,0,0,0
2026-08-14T11:10:12Z,A5EFB7F38A797663,18.4,queries/tpch/tpch-queries/q14/v1_materialized.sql,measured,1,3,5,3,0.255,123.661,9,4,1,627955,1,13723724,0,4,_m;lineitem;ixtest_lineitem_shipdate;part,45667,0,0,0,0,0,0
2026-08-14T11:10:12Z,A5EFB7F38A797663,18.4,queries/tpch/tpch-queries/q14/v1_materialized.sql,measured,1,4,5,3,0.246,123.850,9,4,1,627955,1,13723724,0,4,_m;lineitem;ixtest_lineitem_shipdate;part,45667,0,0,0,0,0,0
2026-08-14T11:10:12Z,A5EFB7F38A797663,18.4,queries/tpch/tpch-queries/q14/v1_materialized.sql,measured,1,5,5,3,0.244,123.515,9,4,1,627955,1,13723724,0,4,_m;lineitem;ixtest_lineitem_shipdate;part,45667,0,0,0,0,0,0
2026-08-14T11:10:13Z,A5EFB7F38A797663,18.4,queries/tpch/tpch-queries/q14/v1_materialized.sql,measured,2,1,5,3,1.843,211.318,9,4,1,627955,1,13723724,0,4,_m;lineitem;ixtest_lineitem_shipdate;part,45667,0,0,0,0,0,0
2026-08-14T11:10:13Z,A5EFB7F38A797663,18.4,queries/tpch/tpch-queries/q14/v1_materialized.sql,measured,2,2,5,3,0.242,127.716,9,4,1,627955,1,13723724,0,4,_m;lineitem;ixtest_lineitem_shipdate;part,45667,0,0,0,0,0,0
2026-08-14T11:10:13Z,A5EFB7F38A797663,18.4,queries/tpch/tpch-queries/q14/v1_materialized.sql,measured,2,3,5,3,0.345,125.591,9,4,1,627955,1,13723724,0,4,_m;lineitem;ixtest_lineitem_shipdate;part,45667,0,0,0,0,0,0
2026-08-14T11:10:13Z,A5EFB7F38A797663,18.4,queries/tpch/tpch-queries/q14/v1_materialized.sql,measured,2,4,5,3,0.246,123.303,9,4,1,627955,1,13723724,0,4,_m;lineitem;ixtest_lineitem_shipdate;part,45667,0,0,0,0,0,0
2026-08-14T11:10:13Z,A5EFB7F38A797663,18.4,queries/tpch/tpch-queries/q14/v1_materialized.sql,measured,2,5,5,3,0.261,124.949,9,4,1,627955,1,13723724,0,4,_m;lineitem;ixtest_lineitem_shipdate;part,45666,0,0,0,0,0,0
2026-08-14T11:10:14Z,A5EFB7F38A797663,18.4,queries/tpch/tpch-queries/q14/v1_materialized.sql,measured,3,1,5,3,1.462,190.634,9,4,1,627955,1,13723724,0,4,_m;lineitem;ixtest_lineitem_shipdate;part,45667,0,0,0,0,0,0
2026-08-14T11:10:14Z,A5EFB7F38A797663,18.4,queries/tpch/tpch-queries/q14/v1_materialized.sql,measured,3,2,5,3,0.273,129.095,9,4,1,627955,1,13723724,0,4,_m;lineitem;ixtest_lineitem_shipdate;part,45666,0,0,0,0,0,0
2026-08-14T11:10:14Z,A5EFB7F38A797663,18.4,queries/tpch/tpch-queries/q14/v1_materialized.sql,measured,3,3,5,3,0.330,125.666,9,4,1,627955,1,13723724,0,4,_m;lineitem;ixtest_lineitem_shipdate;part,45667,0,0,0,0,0,0
2026-08-14T11:10:14Z,A5EFB7F38A797663,18.4,queries/tpch/tpch-queries/q14/v1_materialized.sql,measured,3,4,5,3,0.261,124.017,9,4,1,627955,1,13723724,0,4,_m;lineitem;ixtest_lineitem_shipdate;part,45667,0,0,0,0,0,0
2026-08-14T11:10:14Z,A5EFB7F38A797663,18.4,queries/tpch/tpch-queries/q14/v1_materialized.sql,measured,3,5,5,3,0.259,124.021,9,4,1,627955,1,13723724,0,4,_m;lineitem;ixtest_lineitem_shipdate;part,45667,0,0,0,0,0,0
2026-08-14T11:10:14Z,A5EFB7F38A797663,18.4,queries/tpch/tpch-queries/q14/v2_filter.sql,warmup,1,1,1,3,1.716,202.002,8,3,1,627954,1,13723692,0,4,lineitem;ixtest_lineitem_shipdate;part,45666,0,0,0,0,0,0
2026-08-14T11:10:14Z,A5EFB7F38A797663,18.4,queries/tpch/tpch-queries/q14/v2_filter.sql,warmup,2,1,1,3,1.910,163.889,8,3,1,627954,1,13723692,0,4,lineitem;ixtest_lineitem_shipdate;part,45666,0,0,0,0,0,0
2026-08-14T11:10:15Z,A5EFB7F38A797663,18.4,queries/tpch/tpch-queries/q14/v2_filter.sql,measured,1,1,5,3,1.193,149.681,8,3,1,627954,1,13723692,0,4,lineitem;ixtest_lineitem_shipdate;part,45667,0,0,0,0,0,0
2026-08-14T11:10:15Z,A5EFB7F38A797663,18.4,queries/tpch/tpch-queries/q14/v2_filter.sql,measured,1,2,5,3,0.320,128.917,8,3,1,627954,1,13723692,0,4,lineitem;ixtest_lineitem_shipdate;part,45666,0,0,0,0,0,0
2026-08-14T11:10:15Z,A5EFB7F38A797663,18.4,queries/tpch/tpch-queries/q14/v2_filter.sql,measured,1,3,5,3,0.322,125.148,8,3,1,627954,1,13723692,0,4,lineitem;ixtest_lineitem_shipdate;part,45667,0,0,0,0,0,0
2026-08-14T11:10:15Z,A5EFB7F38A797663,18.4,queries/tpch/tpch-queries/q14/v2_filter.sql,measured,1,4,5,3,0.232,122.968,8,3,1,627954,1,13723692,0,4,lineitem;ixtest_lineitem_shipdate;part,45667,0,0,0,0,0,0
2026-08-14T11:10:15Z,A5EFB7F38A797663,18.4,queries/tpch/tpch-queries/q14/v2_filter.sql,measured,1,5,5,3,0.251,122.432,8,3,1,627954,1,13723692,0,4,lineitem;ixtest_lineitem_shipdate;part,45667,0,0,0,0,0,0
2026-08-14T11:10:16Z,A5EFB7F38A797663,18.4,queries/tpch/tpch-queries/q14/v2_filter.sql,measured,2,1,5,3,1.738,157.159,8,3,1,627954,1,13723692,0,4,lineitem;ixtest_lineitem_shipdate;part,45667,0,0,0,0,0,0
2026-08-14T11:10:16Z,A5EFB7F38A797663,18.4,queries/tpch/tpch-queries/q14/v2_filter.sql,measured,2,2,5,3,0.237,126.228,8,3,1,627954,1,13723692,0,4,lineitem;ixtest_lineitem_shipdate;part,45667,0,0,0,0,0,0
2026-08-14T11:10:16Z,A5EFB7F38A797663,18.4,queries/tpch/tpch-queries/q14/v2_filter.sql,measured,2,3,5,3,0.245,128.323,8,3,1,627954,1,13723692,0,4,lineitem;ixtest_lineitem_shipdate;part,45666,0,0,0,0,0,0
2026-08-14T11:10:16Z,A5EFB7F38A797663,18.4,queries/tpch/tpch-queries/q14/v2_filter.sql,measured,2,4,5,3,0.230,123.835,8,3,1,627954,1,13723692,0,4,lineitem;ixtest_lineitem_shipdate;part,45667,0,0,0,0,0,0
2026-08-14T11:10:16Z,A5EFB7F38A797663,18.4,queries/tpch/tpch-queries/q14/v2_filter.sql,measured,2,5,5,3,0.232,126.537,8,3,1,627954,1,13723692,0,4,lineitem;ixtest_lineitem_shipdate;part,45666,0,0,0,0,0,0
2026-08-14T11:10:16Z,A5EFB7F38A797663,18.4,queries/tpch/tpch-queries/q14/v2_filter.sql,measured,3,1,5,3,1.203,153.275,8,3,1,627954,1,13723692,0,4,lineitem;ixtest_lineitem_shipdate;part,45667,0,0,0,0,0,0
2026-08-14T11:10:16Z,A5EFB7F38A797663,18.4,queries/tpch/tpch-queries/q14/v2_filter.sql,measured,3,2,5,3,0.305,127.527,8,3,1,627954,1,13723692,0,4,lineitem;ixtest_lineitem_shipdate;part,45667,0,0,0,0,0,0
2026-08-14T11:10:16Z,A5EFB7F38A797663,18.4,queries/tpch/tpch-queries/q14/v2_filter.sql,measured,3,3,5,3,0.231,124.093,8,3,1,627954,1,13723692,0,4,lineitem;ixtest_lineitem_shipdate;part,45667,0,0,0,0,0,0
2026-08-14T11:10:16Z,A5EFB7F38A797663,18.4,queries/tpch/tpch-queries/q14/v2_filter.sql,measured,3,4,5,3,0.230,123.444,8,3,1,627954,1,13723692,0,4,lineitem;ixtest_lineitem_shipdate;part,45667,0,0,0,0,0,0
2026-08-14T11:10:16Z,A5EFB7F38A797663,18.4,queries/tpch/tpch-queries/q14/v2_filter.sql,measured,3,5,5,3,0.248,122.043,8,3,1,627954,1,13723692,0,4,lineitem;ixtest_lineitem_shipdate;part,45667,0,0,0,0,0,0
2026-08-14T11:10:17Z,A5EFB7F38A797663,18.4,queries/tpch/tpch-queries/q15/base.sql,warmup,1,1,1,3,1.326,304.721,9,5,1,471913,50,4295609,9999,0,lineitem;ixtest_lineitem_shipdate;revenue;supplier,67012,0,0,0,0,0,0
2026-08-14T11:10:17Z,A5EFB7F38A797663,18.4,queries/tpch/tpch-queries/q15/base.sql,warmup,2,1,1,3,1.049,282.102,9,5,1,471913,50,4295609,9999,0,lineitem;ixtest_lineitem_shipdate;revenue;supplier,67012,0,0,0,0,0,0
2026-08-14T11:10:19Z,A5EFB7F38A797663,18.4,queries/tpch/tpch-queries/q15/base.sql,measured,1,1,5,3,1.020,281.129,9,5,1,471913,50,4295609,9999,0,lineitem;ixtest_lineitem_shipdate;revenue;supplier,67012,0,0,0,0,0,0
2026-08-14T11:10:19Z,A5EFB7F38A797663,18.4,queries/tpch/tpch-queries/q15/base.sql,measured,1,2,5,3,0.188,227.286,9,5,1,471913,50,4295609,9999,0,lineitem;ixtest_lineitem_shipdate;revenue;supplier,67009,0,0,0,0,0,0
2026-08-14T11:10:19Z,A5EFB7F38A797663,18.4,queries/tpch/tpch-queries/q15/base.sql,measured,1,3,5,3,0.208,226.447,9,5,1,471913,50,4295609,9999,0,lineitem;ixtest_lineitem_shipdate;revenue;supplier,67009,0,0,0,0,0,0
2026-08-14T11:10:19Z,A5EFB7F38A797663,18.4,queries/tpch/tpch-queries/q15/base.sql,measured,1,4,5,3,0.194,222.107,9,5,1,471913,50,4295609,9999,0,lineitem;ixtest_lineitem_shipdate;revenue;supplier,67009,0,0,0,0,0,0
2026-08-14T11:10:19Z,A5EFB7F38A797663,18.4,queries/tpch/tpch-queries/q15/base.sql,measured,1,5,5,3,0.220,218.354,9,5,1,471913,50,4295609,9999,0,lineitem;ixtest_lineitem_shipdate;revenue;supplier,67009,0,0,0,0,0,0
2026-08-14T11:10:20Z,A5EFB7F38A797663,18.4,queries/tpch/tpch-queries/q15/base.sql,measured,2,1,5,3,1.031,285.521,9,5,1,471913,50,4295609,9999,0,lineitem;ixtest_lineitem_shipdate;revenue;supplier,67012,0,0,0,0,0,0
2026-08-14T11:10:20Z,A5EFB7F38A797663,18.4,queries/tpch/tpch-queries/q15/base.sql,measured,2,2,5,3,0.188,222.835,9,5,1,471913,50,4295609,9999,0,lineitem;ixtest_lineitem_shipdate;revenue;supplier,67009,0,0,0,0,0,0
2026-08-14T11:10:20Z,A5EFB7F38A797663,18.4,queries/tpch/tpch-queries/q15/base.sql,measured,2,3,5,3,0.194,220.988,9,5,1,471913,50,4295609,9999,0,lineitem;ixtest_lineitem_shipdate;revenue;supplier,67009,0,0,0,0,0,0
2026-08-14T11:10:20Z,A5EFB7F38A797663,18.4,queries/tpch/tpch-queries/q15/base.sql,measured,2,4,5,3,0.200,219.165,9,5,1,471913,50,4295609,9999,0,lineitem;ixtest_lineitem_shipdate;revenue;supplier,67009,0,0,0,0,0,0
2026-08-14T11:10:20Z,A5EFB7F38A797663,18.4,queries/tpch/tpch-queries/q15/base.sql,measured,2,5,5,3,0.210,218.811,9,5,1,471913,50,4295609,9999,0,lineitem;ixtest_lineitem_shipdate;revenue;supplier,67009,0,0,0,0,0,0
2026-08-14T11:10:21Z,A5EFB7F38A797663,18.4,queries/tpch/tpch-queries/q15/base.sql,measured,3,1,5,3,1.030,275.054,9,5,1,471913,50,4295609,9999,0,lineitem;ixtest_lineitem_shipdate;revenue;supplier,67012,0,0,0,0,0,0
2026-08-14T11:10:21Z,A5EFB7F38A797663,18.4,queries/tpch/tpch-queries/q15/base.sql,measured,3,2,5,3,0.185,222.872,9,5,1,471913,50,4295609,9999,0,lineitem;ixtest_lineitem_shipdate;revenue;supplier,67009,0,0,0,0,0,0
2026-08-14T11:10:21Z,A5EFB7F38A797663,18.4,queries/tpch/tpch-queries/q15/base.sql,measured,3,3,5,3,0.195,216.560,9,5,1,471913,50,4295609,9999,0,lineitem;ixtest_lineitem_shipdate;revenue;supplier,67009,0,0,0,0,0,0
2026-08-14T11:10:21Z,A5EFB7F38A797663,18.4,queries/tpch/tpch-queries/q15/base.sql,measured,3,4,5,3,0.210,215.258,9,5,1,471913,50,4295609,9999,0,lineitem;ixtest_lineitem_shipdate;revenue;supplier,67009,0,0,0,0,0,0
2026-08-14T11:10:21Z,A5EFB7F38A797663,18.4,queries/tpch/tpch-queries/q15/base.sql,measured,3,5,5,3,0.202,215.133,9,5,1,471913,50,4295609,9999,0,lineitem;ixtest_lineitem_shipdate;revenue;supplier,67009,0,0,0,0,0,0
2026-08-14T11:10:21Z,A5EFB7F38A797663,18.4,queries/tpch/tpch-queries/q15/v1_materialized.sql,warmup,1,1,1,3,1.072,281.181,10,6,1,471914,50,4296110,9999,0,lineitem;ixtest_lineitem_shipdate;revenue;supplier;_m,67012,0,0,0,0,0,0
2026-08-14T11:10:22Z,A5EFB7F38A797663,18.4,queries/tpch/tpch-queries/q15/v1_materialized.sql,warmup,2,1,1,3,1.084,281.105,10,6,1,471914,50,4296110,9999,0,lineitem;ixtest_lineitem_shipdate;revenue;supplier;_m,67012,0,0,0,0,0,0
2026-08-14T11:10:23Z,A5EFB7F38A797663,18.4,queries/tpch/tpch-queries/q15/v1_materialized.sql,measured,1,1,5,3,1.075,285.228,10,6,1,471914,50,4296110,9999,0,lineitem;ixtest_lineitem_shipdate;revenue;supplier;_m,67012,0,0,0,0,0,0
2026-08-14T11:10:23Z,A5EFB7F38A797663,18.4,queries/tpch/tpch-queries/q15/v1_materialized.sql,measured,1,2,5,3,0.224,227.870,10,6,1,471914,50,4296110,9999,0,lineitem;ixtest_lineitem_shipdate;revenue;supplier;_m,67009,0,0,0,0,0,0
2026-08-14T11:10:23Z,A5EFB7F38A797663,18.4,queries/tpch/tpch-queries/q15/v1_materialized.sql,measured,1,3,5,3,0.239,224.215,10,6,1,471914,50,4296110,9999,0,lineitem;ixtest_lineitem_shipdate;revenue;supplier;_m,67009,0,0,0,0,0,0
2026-08-14T11:10:23Z,A5EFB7F38A797663,18.4,queries/tpch/tpch-queries/q15/v1_materialized.sql,measured,1,4,5,3,0.229,220.186,10,6,1,471914,50,4296110,9999,0,lineitem;ixtest_lineitem_shipdate;revenue;supplier;_m,67009,0,0,0,0,0,0
2026-08-14T11:10:23Z,A5EFB7F38A797663,18.4,queries/tpch/tpch-queries/q15/v1_materialized.sql,measured,1,5,5,3,0.242,218.815,10,6,1,471914,50,4296110,9999,0,lineitem;ixtest_lineitem_shipdate;revenue;supplier;_m,67009,0,0,0,0,0,0
2026-08-14T11:10:24Z,A5EFB7F38A797663,18.4,queries/tpch/tpch-queries/q15/v1_materialized.sql,measured,2,1,5,3,1.072,285.775,10,6,1,471914,50,4296110,9999,0,lineitem;ixtest_lineitem_shipdate;revenue;supplier;_m,67012,0,0,0,0,0,0
2026-08-14T11:10:24Z,A5EFB7F38A797663,18.4,queries/tpch/tpch-queries/q15/v1_materialized.sql,measured,2,2,5,3,0.223,223.461,10,6,1,471914,50,4296110,9999,0,lineitem;ixtest_lineitem_shipdate;revenue;supplier;_m,67009,0,0,0,0,0,0
2026-08-14T11:10:24Z,A5EFB7F38A797663,18.4,queries/tpch/tpch-queries/q15/v1_materialized.sql,measured,2,3,5,3,0.205,222.219,10,6,1,471914,50,4296110,9999,0,lineitem;ixtest_lineitem_shipdate;revenue;supplier;_m,67009,0,0,0,0,0,0
2026-08-14T11:10:24Z,A5EFB7F38A797663,18.4,queries/tpch/tpch-queries/q15/v1_materialized.sql,measured,2,4,5,3,0.205,215.894,10,6,1,471914,50,4296110,9999,0,lineitem;ixtest_lineitem_shipdate;revenue;supplier;_m,67009,0,0,0,0,0,0
2026-08-14T11:10:24Z,A5EFB7F38A797663,18.4,queries/tpch/tpch-queries/q15/v1_materialized.sql,measured,2,5,5,3,0.213,215.958,10,6,1,471914,50,4296110,9999,0,lineitem;ixtest_lineitem_shipdate;revenue;supplier;_m,67009,0,0,0,0,0,0
2026-08-14T11:10:25Z,A5EFB7F38A797663,18.4,queries/tpch/tpch-queries/q15/v1_materialized.sql,measured,3,1,5,3,1.098,273.086,10,6,1,471914,50,4296110,9999,0,lineitem;ixtest_lineitem_shipdate;revenue;supplier;_m,67012,0,0,0,0,0,0
2026-08-14T11:10:25Z,A5EFB7F38A797663,18.4,queries/tpch/tpch-queries/q15/v1_materialized.sql,measured,3,2,5,3,0.223,223.241,10,6,1,471914,50,4296110,9999,0,lineitem;ixtest_lineitem_shipdate;revenue;supplier;_m,67009,0,0,0,0,0,0
2026-08-14T11:10:25Z,A5EFB7F38A797663,18.4,queries/tpch/tpch-queries/q15/v1_materialized.sql,measured,3,3,5,3,0.234,215.312,10,6,1,471914,50,4296110,9999,0,lineitem;ixtest_lineitem_shipdate;revenue;supplier;_m,67009,0,0,0,0,0,0
2026-08-14T11:10:25Z,A5EFB7F38A797663,18.4,queries/tpch/tpch-queries/q15/v1_materialized.sql,measured,3,4,5,3,0.221,215.974,10,6,1,471914,50,4296110,9999,0,lineitem;ixtest_lineitem_shipdate;revenue;supplier;_m,67009,0,0,0,0,0,0
2026-08-14T11:10:25Z,A5EFB7F38A797663,18.4,queries/tpch/tpch-queries/q15/v1_materialized.sql,measured,3,5,5,3,0.215,217.083,10,6,1,471914,50,4296110,9999,0,lineitem;ixtest_lineitem_shipdate;revenue;supplier;_m,67009,0,0,0,0,0,0
2026-08-14T11:10:26Z,A5EFB7F38A797663,18.4,queries/tpch/tpch-queries/q16/base.sql,warmup,1,1,1,3,1.180,226.861,10,4,18314,1282128,15815,24568112,10509,4,partsupp;supplier;part;ixtest_part_size,7626,0,0,0,0,0,0
2026-08-14T11:10:26Z,A5EFB7F38A797663,18.4,queries/tpch/tpch-queries/q16/base.sql,warmup,2,1,1,3,1.190,226.637,10,4,18314,1282128,15815,24568112,10509,4,partsupp;supplier;part;ixtest_part_size,7626,0,0,0,0,0,0
2026-08-14T11:10:27Z,A5EFB7F38A797663,18.4,queries/tpch/tpch-queries/q16/base.sql,measured,1,1,5,3,1.181,226.036,10,4,18314,1282128,15815,24568112,10509,4,partsupp;supplier;part;ixtest_part_size,7626,0,0,0,0,0,0
2026-08-14T11:10:27Z,A5EFB7F38A797663,18.4,queries/tpch/tpch-queries/q16/base.sql,measured,1,2,5,3,0.319,217.752,10,4,18314,1282128,15815,24568112,10509,4,partsupp;supplier;part;ixtest_part_size,7622,0,0,0,0,0,0
2026-08-14T11:10:27Z,A5EFB7F38A797663,18.4,queries/tpch/tpch-queries/q16/base.sql,measured,1,3,5,3,0.303,217.337,10,4,18314,1282128,15815,24568112,10509,4,partsupp;supplier;part;ixtest_part_size,7622,0,0,0,0,0,0
2026-08-14T11:10:27Z,A5EFB7F38A797663,18.4,queries/tpch/tpch-queries/q16/base.sql,measured,1,4,5,3,0.314,217.257,10,4,18314,1282128,15815,24568112,10509,4,partsupp;supplier;part;ixtest_part_size,7623,0,0,0,0,0,0
2026-08-14T11:10:27Z,A5EFB7F38A797663,18.4,queries/tpch/tpch-queries/q16/base.sql,measured,1,5,5,3,0.335,236.453,10,4,18314,1282128,15815,24568112,10509,4,partsupp;supplier;part;ixtest_part_size,7623,0,0,0,0,0,0
2026-08-14T11:10:29Z,A5EFB7F38A797663,18.4,queries/tpch/tpch-queries/q16/base.sql,measured,2,1,5,3,1.183,224.377,10,4,18314,1282128,15815,24568112,10509,4,partsupp;supplier;part;ixtest_part_size,7626,0,0,0,0,0,0
2026-08-14T11:10:29Z,A5EFB7F38A797663,18.4,queries/tpch/tpch-queries/q16/base.sql,measured,2,2,5,3,0.318,217.345,10,4,18314,1282128,15815,24568112,10509,4,partsupp;supplier;part;ixtest_part_size,7622,0,0,0,0,0,0
2026-08-14T11:10:29Z,A5EFB7F38A797663,18.4,queries/tpch/tpch-queries/q16/base.sql,measured,2,3,5,3,0.322,216.375,10,4,18314,1282128,15815,24568112,10509,4,partsupp;supplier;part;ixtest_part_size,7623,0,0,0,0,0,0
2026-08-14T11:10:29Z,A5EFB7F38A797663,18.4,queries/tpch/tpch-queries/q16/base.sql,measured,2,4,5,3,0.314,220.533,10,4,18314,1282128,15815,24568112,10509,4,partsupp;supplier;part;ixtest_part_size,7623,0,0,0,0,0,0
2026-08-14T11:10:29Z,A5EFB7F38A797663,18.4,queries/tpch/tpch-queries/q16/base.sql,measured,2,5,5,3,0.314,217.797,10,4,18314,1282128,15815,24568112,10509,4,partsupp;supplier;part;ixtest_part_size,7622,0,0,0,0,0,0
2026-08-14T11:10:30Z,A5EFB7F38A797663,18.4,queries/tpch/tpch-queries/q16/base.sql,measured,3,1,5,3,1.173,224.677,10,4,18314,1282128,15815,24568112,10509,4,partsupp;supplier;part;ixtest_part_size,7626,0,0,0,0,0,0
2026-08-14T11:10:30Z,A5EFB7F38A797663,18.4,queries/tpch/tpch-queries/q16/base.sql,measured,3,2,5,3,0.324,218.475,10,4,18314,1282128,15815,24568112,10509,4,partsupp;supplier;part;ixtest_part_size,7622,0,0,0,0,0,0
2026-08-14T11:10:30Z,A5EFB7F38A797663,18.4,queries/tpch/tpch-queries/q16/base.sql,measured,3,3,5,3,0.314,218.757,10,4,18314,1282128,15815,24568112,10509,4,partsupp;supplier;part;ixtest_part_size,7622,0,0,0,0,0,0
2026-08-14T11:10:30Z,A5EFB7F38A797663,18.4,queries/tpch/tpch-queries/q16/base.sql,measured,3,4,5,3,0.298,217.576,10,4,18314,1282128,15815,24568112,10509,4,partsupp;supplier;part;ixtest_part_size,7623,0,0,0,0,0,0
2026-08-14T11:10:30Z,A5EFB7F38A797663,18.4,queries/tpch/tpch-queries/q16/base.sql,measured,3,5,5,3,0.312,217.977,10,4,18314,1282128,15815,24568112,10509,4,partsupp;supplier;part;ixtest_part_size,7622,0,0,0,0,0,0
2026-08-14T11:10:30Z,A5EFB7F38A797663,18.4,queries/tpch/tpch-queries/q16/v1_materialized.sql,warmup,1,1,1,3,1.207,229.511,11,5,18314,1300442,15815,28304168,10509,4,partsupp;supplier;part;ixtest_part_size;_m,7626,0,0,0,0,0,0
2026-08-14T11:10:30Z,A5EFB7F38A797663,18.4,queries/tpch/tpch-queries/q16/v1_materialized.sql,warmup,2,1,1,3,1.200,232.481,11,5,18314,1300442,15815,28304168,10509,4,partsupp;supplier;part;ixtest_part_size;_m,7626,0,0,0,0,0,0
2026-08-14T11:10:32Z,A5EFB7F38A797663,18.4,queries/tpch/tpch-queries/q16/v1_materialized.sql,measured,1,1,5,3,1.198,230.200,11,5,18314,1300442,15815,28304168,10509,4,partsupp;supplier;part;ixtest_part_size;_m,7626,0,0,0,0,0,0
2026-08-14T11:10:32Z,A5EFB7F38A797663,18.4,queries/tpch/tpch-queries/q16/v1_materialized.sql,measured,1,2,5,3,0.357,221.616,11,5,18314,1300442,15815,28304168,10509,4,partsupp;supplier;part;ixtest_part_size;_m,7623,0,0,0,0,0,0
2026-08-14T11:10:32Z,A5EFB7F38A797663,18.4,queries/tpch/tpch-queries/q16/v1_materialized.sql,measured,1,3,5,3,0.334,247.781,11,5,18314,1300442,15815,28304168,10509,4,partsupp;supplier;part;ixtest_part_size;_m,7622,0,0,0,0,0,0
2026-08-14T11:10:32Z,A5EFB7F38A797663,18.4,queries/tpch/tpch-queries/q16/v1_materialized.sql,measured,1,4,5,3,0.321,231.825,11,5,18314,1300442,15815,28304168,10509,4,partsupp;supplier;part;ixtest_part_size;_m,7622,0,0,0,0,0,0
2026-08-14T11:10:32Z,A5EFB7F38A797663,18.4,queries/tpch/tpch-queries/q16/v1_materialized.sql,measured,1,5,5,3,0.315,232.631,11,5,18314,1300442,15815,28304168,10509,4,partsupp;supplier;part;ixtest_part_size;_m,7622,0,0,0,0,0,0
2026-08-14T11:10:33Z,A5EFB7F38A797663,18.4,queries/tpch/tpch-queries/q16/v1_materialized.sql,measured,2,1,5,3,1.249,229.169,11,5,18314,1300442,15815,28304168,10509,4,partsupp;supplier;part;ixtest_part_size;_m,7626,0,0,0,0,0,0
2026-08-14T11:10:33Z,A5EFB7F38A797663,18.4,queries/tpch/tpch-queries/q16/v1_materialized.sql,measured,2,2,5,3,0.341,222.598,11,5,18314,1300442,15815,28304168,10509,4,partsupp;supplier;part;ixtest_part_size;_m,7623,0,0,0,0,0,0
2026-08-14T11:10:33Z,A5EFB7F38A797663,18.4,queries/tpch/tpch-queries/q16/v1_materialized.sql,measured,2,3,5,3,0.339,225.952,11,5,18314,1300442,15815,28304168,10509,4,partsupp;supplier;part;ixtest_part_size;_m,7622,0,0,0,0,0,0
2026-08-14T11:10:33Z,A5EFB7F38A797663,18.4,queries/tpch/tpch-queries/q16/v1_materialized.sql,measured,2,4,5,3,0.320,224.654,11,5,18314,1300442,15815,28304168,10509,4,partsupp;supplier;part;ixtest_part_size;_m,7622,0,0,0,0,0,0
2026-08-14T11:10:33Z,A5EFB7F38A797663,18.4,queries/tpch/tpch-queries/q16/v1_materialized.sql,measured,2,5,5,3,0.328,224.675,11,5,18314,1300442,15815,28304168,10509,4,partsupp;supplier;part;ixtest_part_size;_m,7622,0,0,0,0,0,0
2026-08-14T11:10:34Z,A5EFB7F38A797663,18.4,queries/tpch/tpch-queries/q16/v1_materialized.sql,measured,3,1,5,3,1.327,227.243,11,5,18314,1300442,15815,28304168,10509,4,partsupp;supplier;part;ixtest_part_size;_m,7626,0,0,0,0,0,0
2026-08-14T11:10:34Z,A5EFB7F38A797663,18.4,queries/tpch/tpch-queries/q16/v1_materialized.sql,measured,3,2,5,3,0.332,228.736,11,5,18314,1300442,15815,28304168,10509,4,partsupp;supplier;part;ixtest_part_size;_m,7622,0,0,0,0,0,0
2026-08-14T11:10:34Z,A5EFB7F38A797663,18.4,queries/tpch/tpch-queries/q16/v1_materialized.sql,measured,3,3,5,3,0.337,225.355,11,5,18314,1300442,15815,28304168,10509,4,partsupp;supplier;part;ixtest_part_size;_m,7622,0,0,0,0,0,0
2026-08-14T11:10:34Z,A5EFB7F38A797663,18.4,queries/tpch/tpch-queries/q16/v1_materialized.sql,measured,3,4,5,3,0.325,221.338,11,5,18314,1300442,15815,28304168,10509,4,partsupp;supplier;part;ixtest_part_size;_m,7622,0,0,0,0,0,0
2026-08-14T11:10:34Z,A5EFB7F38A797663,18.4,queries/tpch/tpch-queries/q16/v1_materialized.sql,measured,3,5,5,3,0.334,228.196,11,5,18314,1300442,15815,28304168,10509,4,partsupp;supplier;part;ixtest_part_size;_m,7622,0,0,0,0,0,0
2026-08-14T11:10:34Z,A5EFB7F38A797663,18.4,queries/tpch/tpch-queries/q16/v2_not_exists.sql,warmup,1,1,1,3,1.288,206.701,11,4,18314,689523,15815,22667160,10744,2,part;ixtest_part_size;partsupp;supplier,93818,0,0,0,0,0,0
2026-08-14T11:10:35Z,A5EFB7F38A797663,18.4,queries/tpch/tpch-queries/q16/v2_not_exists.sql,warmup,2,1,1,3,1.306,208.020,11,4,18314,689523,15815,22667160,10744,2,part;ixtest_part_size;partsupp;supplier,93818,0,0,0,0,0,0
2026-08-14T11:10:36Z,A5EFB7F38A797663,18.4,queries/tpch/tpch-queries/q16/v2_not_exists.sql,measured,1,1,5,3,1.292,206.193,11,4,18314,689523,15815,22667160,10744,2,part;ixtest_part_size;partsupp;supplier,93818,0,0,0,0,0,0
2026-08-14T11:10:36Z,A5EFB7F38A797663,18.4,queries/tpch/tpch-queries/q16/v2_not_exists.sql,measured,1,2,5,3,0.403,209.651,11,4,18314,689523,15815,22667160,10744,2,part;ixtest_part_size;partsupp;supplier,93815,0,0,0,0,0,0
2026-08-14T11:10:36Z,A5EFB7F38A797663,18.4,queries/tpch/tpch-queries/q16/v2_not_exists.sql,measured,1,3,5,3,0.398,211.288,11,4,18314,689523,15815,22667160,10744,2,part;ixtest_part_size;partsupp;supplier,93815,0,0,0,0,0,0
2026-08-14T11:10:36Z,A5EFB7F38A797663,18.4,queries/tpch/tpch-queries/q16/v2_not_exists.sql,measured,1,4,5,3,0.398,210.580,11,4,18314,689523,15815,22667160,10744,2,part;ixtest_part_size;partsupp;supplier,93815,0,0,0,0,0,0
2026-08-14T11:10:36Z,A5EFB7F38A797663,18.4,queries/tpch/tpch-queries/q16/v2_not_exists.sql,measured,1,5,5,3,0.383,213.083,11,4,18314,689523,15815,22667160,10744,2,part;ixtest_part_size;partsupp;supplier,93815,0,0,0,0,0,0
2026-08-14T11:10:37Z,A5EFB7F38A797663,18.4,queries/tpch/tpch-queries/q16/v2_not_exists.sql,measured,2,1,5,3,1.284,206.740,11,4,18314,689523,15815,22667160,10744,2,part;ixtest_part_size;partsupp;supplier,93818,0,0,0,0,0,0
2026-08-14T11:10:37Z,A5EFB7F38A797663,18.4,queries/tpch/tpch-queries/q16/v2_not_exists.sql,measured,2,2,5,3,0.383,210.504,11,4,18314,689523,15815,22667160,10744,2,part;ixtest_part_size;partsupp;supplier,93815,0,0,0,0,0,0
2026-08-14T11:10:37Z,A5EFB7F38A797663,18.4,queries/tpch/tpch-queries/q16/v2_not_exists.sql,measured,2,3,5,3,0.375,214.338,11,4,18314,689523,15815,22667160,10744,2,part;ixtest_part_size;partsupp;supplier,93815,0,0,0,0,0,0
2026-08-14T11:10:37Z,A5EFB7F38A797663,18.4,queries/tpch/tpch-queries/q16/v2_not_exists.sql,measured,2,4,5,3,0.394,211.238,11,4,18314,689523,15815,22667160,10744,2,part;ixtest_part_size;partsupp;supplier,93815,0,0,0,0,0,0
2026-08-14T11:10:37Z,A5EFB7F38A797663,18.4,queries/tpch/tpch-queries/q16/v2_not_exists.sql,measured,2,5,5,3,0.400,214.512,11,4,18314,689523,15815,22667160,10744,2,part;ixtest_part_size;partsupp;supplier,93815,0,0,0,0,0,0
2026-08-14T11:10:38Z,A5EFB7F38A797663,18.4,queries/tpch/tpch-queries/q16/v2_not_exists.sql,measured,3,1,5,3,1.349,209.317,11,4,18314,689523,15815,22667160,10744,2,part;ixtest_part_size;partsupp;supplier,93818,0,0,0,0,0,0
2026-08-14T11:10:38Z,A5EFB7F38A797663,18.4,queries/tpch/tpch-queries/q16/v2_not_exists.sql,measured,3,2,5,3,0.398,212.199,11,4,18314,689523,15815,22667160,10744,2,part;ixtest_part_size;partsupp;supplier,93815,0,0,0,0,0,0
2026-08-14T11:10:38Z,A5EFB7F38A797663,18.4,queries/tpch/tpch-queries/q16/v2_not_exists.sql,measured,3,3,5,3,0.400,211.123,11,4,18314,689523,15815,22667160,10744,2,part;ixtest_part_size;partsupp;supplier,93815,0,0,0,0,0,0
2026-08-14T11:10:38Z,A5EFB7F38A797663,18.4,queries/tpch/tpch-queries/q16/v2_not_exists.sql,measured,3,4,5,3,0.397,210.586,11,4,18314,689523,15815,22667160,10744,2,part;ixtest_part_size;partsupp;supplier,93815,0,0,0,0,0,0
2026-08-14T11:10:38Z,A5EFB7F38A797663,18.4,queries/tpch/tpch-queries/q16/v2_not_exists.sql,measured,3,5,5,3,0.389,211.079,11,4,18314,689523,15815,22667160,10744,2,part;ixtest_part_size;partsupp;supplier,93815,0,0,0,0,0,0
2026-08-14T11:10:40Z,A5EFB7F38A797663,18.4,queries/tpch/tpch-queries/q17/v2_decorrelate.sql,warmup,1,1,1,3,1.325,2008.986,14,5,1,9194577,1,168470667,27,4,part;ixtest_part_container;ixtest_part_brand;lineitem,119540,0,0,0,23037,33962,0
2026-08-14T11:10:42Z,A5EFB7F38A797663,18.4,queries/tpch/tpch-queries/q17/v2_decorrelate.sql,warmup,2,1,1,3,1.301,2080.829,14,5,1,9194293,1,168460443,27,4,part;ixtest_part_container;ixtest_part_brand;lineitem,119540,0,0,0,23038,33949,0
2026-08-14T11:10:53Z,A5EFB7F38A797663,18.4,queries/tpch/tpch-queries/q17/v2_decorrelate.sql,measured,1,1,5,3,1.320,2014.775,14,5,1,9194668,1,168473943,27,4,part;ixtest_part_container;ixtest_part_brand;lineitem,119540,0,0,0,23025,33948,0
2026-08-14T11:10:53Z,A5EFB7F38A797663,18.4,queries/tpch/tpch-queries/q17/v2_decorrelate.sql,measured,1,2,5,3,0.344,1970.976,14,5,1,9194679,1,168474339,27,4,part;ixtest_part_container;ixtest_part_brand;lineitem,119540,0,0,0,23046,33972,0
2026-08-14T11:10:53Z,A5EFB7F38A797663,18.4,queries/tpch/tpch-queries/q17/v2_decorrelate.sql,measured,1,3,5,3,0.342,2006.490,14,5,1,9194196,1,168456951,27,4,part;ixtest_part_container;ixtest_part_brand;lineitem,119540,0,0,0,23037,33961,0
2026-08-14T11:10:53Z,A5EFB7F38A797663,18.4,queries/tpch/tpch-queries/q17/v2_decorrelate.sql,measured,1,4,5,3,0.394,1979.139,14,5,1,9194660,1,168473655,27,4,part;ixtest_part_container;ixtest_part_brand;lineitem,119540,0,0,0,23048,33974,0
2026-08-14T11:10:53Z,A5EFB7F38A797663,18.4,queries/tpch/tpch-queries/q17/v2_decorrelate.sql,measured,1,5,5,3,0.341,2071.875,14,5,1,9194673,1,168474123,27,4,part;ixtest_part_container;ixtest_part_brand;lineitem,119540,0,0,0,23031,33955,0
2026-08-14T11:11:03Z,A5EFB7F38A797663,18.4,queries/tpch/tpch-queries/q17/v2_decorrelate.sql,measured,2,1,5,3,1.382,2034.636,14,5,1,9197252,1,168566967,27,4,part;ixtest_part_container;ixtest_part_brand;lineitem,119540,0,0,0,23048,33979,0
2026-08-14T11:11:03Z,A5EFB7F38A797663,18.4,queries/tpch/tpch-queries/q17/v2_decorrelate.sql,measured,2,2,5,3,0.319,1957.943,14,5,1,9194101,1,168453531,27,4,part;ixtest_part_container;ixtest_part_brand;lineitem,119540,0,0,0,23036,33965,0
2026-08-14T11:11:03Z,A5EFB7F38A797663,18.4,queries/tpch/tpch-queries/q17/v2_decorrelate.sql,measured,2,3,5,3,0.343,1968.541,14,5,1,9193791,1,168442371,27,4,part;ixtest_part_container;ixtest_part_brand;lineitem,119540,0,0,0,23023,33939,0
2026-08-14T11:11:03Z,A5EFB7F38A797663,18.4,queries/tpch/tpch-queries/q17/v2_decorrelate.sql,measured,2,4,5,3,0.312,1940.825,14,5,1,9194284,1,168460119,27,4,part;ixtest_part_container;ixtest_part_brand;lineitem,119540,0,0,0,23032,33953,0
2026-08-14T11:11:03Z,A5EFB7F38A797663,18.4,queries/tpch/tpch-queries/q17/v2_decorrelate.sql,measured,2,5,5,3,0.315,2027.145,14,5,1,9194549,1,168469659,27,4,part;ixtest_part_container;ixtest_part_brand;lineitem,119540,0,0,0,23037,33954,0
2026-08-14T11:11:13Z,A5EFB7F38A797663,18.4,queries/tpch/tpch-queries/q17/v2_decorrelate.sql,measured,3,1,5,3,1.318,2121.970,14,5,1,9194532,1,168469047,27,4,part;ixtest_part_container;ixtest_part_brand;lineitem,119540,0,0,0,23032,33953,0
2026-08-14T11:11:13Z,A5EFB7F38A797663,18.4,queries/tpch/tpch-queries/q17/v2_decorrelate.sql,measured,3,2,5,3,0.334,1959.915,14,5,1,9193984,1,168449319,27,4,part;ixtest_part_container;ixtest_part_brand;lineitem,119540,0,0,0,23031,33952,0
2026-08-14T11:11:13Z,A5EFB7F38A797663,18.4,queries/tpch/tpch-queries/q17/v2_decorrelate.sql,measured,3,3,5,3,0.315,2004.678,14,5,1,9193439,1,168429699,27,4,part;ixtest_part_container;ixtest_part_brand;lineitem,119540,0,0,0,23033,33958,0
2026-08-14T11:11:13Z,A5EFB7F38A797663,18.4,queries/tpch/tpch-queries/q17/v2_decorrelate.sql,measured,3,4,5,3,0.313,1984.619,14,5,1,9194188,1,168456663,27,4,part;ixtest_part_container;ixtest_part_brand;lineitem,119540,0,0,0,23038,33963,0
2026-08-14T11:11:13Z,A5EFB7F38A797663,18.4,queries/tpch/tpch-queries/q17/v2_decorrelate.sql,measured,3,5,5,3,0.329,2014.404,14,5,1,9194786,1,168478191,27,4,part;ixtest_part_container;ixtest_part_brand;lineitem,119540,0,0,0,23045,33968,0
2026-08-14T11:11:15Z,A5EFB7F38A797663,18.4,queries/tpch/tpch-queries/q18/base.sql,warmup,1,1,1,3,1.909,2233.396,15,4,57,25506967,100,246101490,1499943,3,orders;lineitem;customer,516366,0,0,0,0,0,0
2026-08-14T11:11:18Z,A5EFB7F38A797663,18.4,queries/tpch/tpch-queries/q18/base.sql,warmup,2,1,1,3,3.692,2374.597,15,4,57,25506967,100,246101490,1499943,3,orders;lineitem;customer,516366,0,0,0,0,0,0
2026-08-14T11:11:30Z,A5EFB7F38A797663,18.4,queries/tpch/tpch-queries/q18/base.sql,measured,1,1,5,3,2.791,2353.398,15,4,57,25506967,100,246101490,1499943,3,orders;lineitem;customer,516366,0,0,0,0,0,0
2026-08-14T11:11:30Z,A5EFB7F38A797663,18.4,queries/tpch/tpch-queries/q18/base.sql,measured,1,2,5,3,0.815,2262.920,15,4,57,25506967,100,246101490,1499943,3,orders;lineitem;customer,516360,0,0,0,0,0,0
2026-08-14T11:11:30Z,A5EFB7F38A797663,18.4,queries/tpch/tpch-queries/q18/base.sql,measured,1,3,5,3,0.806,2395.967,15,4,57,25506967,100,246101490,1499943,3,orders;lineitem;customer,516360,0,0,0,0,0,0
2026-08-14T11:11:30Z,A5EFB7F38A797663,18.4,queries/tpch/tpch-queries/q18/base.sql,measured,1,4,5,3,0.806,2429.661,15,4,57,25506967,100,246101490,1499943,3,orders;lineitem;customer,516360,0,0,0,0,0,0
2026-08-14T11:11:30Z,A5EFB7F38A797663,18.4,queries/tpch/tpch-queries/q18/base.sql,measured,1,5,5,3,0.822,2433.343,15,4,57,25506967,100,246101490,1499943,3,orders;lineitem;customer,516360,0,0,0,0,0,0
2026-08-14T11:11:42Z,A5EFB7F38A797663,18.4,queries/tpch/tpch-queries/q18/base.sql,measured,2,1,5,3,2.510,2633.243,15,4,57,25506967,100,246101490,1499943,3,orders;lineitem;customer,516366,0,0,0,0,0,0
2026-08-14T11:11:42Z,A5EFB7F38A797663,18.4,queries/tpch/tpch-queries/q18/base.sql,measured,2,2,5,3,0.853,2412.760,15,4,57,25506967,100,246101490,1499943,3,orders;lineitem;customer,516360,0,0,0,0,0,0
2026-08-14T11:11:42Z,A5EFB7F38A797663,18.4,queries/tpch/tpch-queries/q18/base.sql,measured,2,3,5,3,0.970,2550.571,15,4,57,25506967,100,246101490,1499943,3,orders;lineitem;customer,516360,0,0,0,0,0,0
2026-08-14T11:11:42Z,A5EFB7F38A797663,18.4,queries/tpch/tpch-queries/q18/base.sql,measured,2,4,5,3,0.942,2551.038,15,4,57,25506967,100,246101490,1499943,3,orders;lineitem;customer,516360,0,0,0,0,0,0
2026-08-14T11:11:42Z,A5EFB7F38A797663,18.4,queries/tpch/tpch-queries/q18/base.sql,measured,2,5,5,3,0.873,2444.879,15,4,57,25506967,100,246101490,1499943,3,orders;lineitem;customer,516360,0,0,0,0,0,0
2026-08-14T11:11:55Z,A5EFB7F38A797663,18.4,queries/tpch/tpch-queries/q18/base.sql,measured,3,1,5,3,4.398,2560.183,15,4,57,25506967,100,246101490,1499943,3,orders;lineitem;customer,516366,0,0,0,0,0,0
2026-08-14T11:11:55Z,A5EFB7F38A797663,18.4,queries/tpch/tpch-queries/q18/base.sql,measured,3,2,5,3,0.898,2525.439,15,4,57,25506967,100,246101490,1499943,3,orders;lineitem;customer,516360,0,0,0,0,0,0
2026-08-14T11:11:55Z,A5EFB7F38A797663,18.4,queries/tpch/tpch-queries/q18/base.sql,measured,3,3,5,3,0.894,2596.165,15,4,57,25506967,100,246101490,1499943,3,orders;lineitem;customer,516360,0,0,0,0,0,0
2026-08-14T11:11:55Z,A5EFB7F38A797663,18.4,queries/tpch/tpch-queries/q18/base.sql,measured,3,4,5,3,0.851,2543.346,15,4,57,25506967,100,246101490,1499943,3,orders;lineitem;customer,516360,0,0,0,0,0,0
2026-08-14T11:11:55Z,A5EFB7F38A797663,18.4,queries/tpch/tpch-queries/q18/base.sql,measured,3,5,5,3,0.864,2494.974,15,4,57,25506967,100,246101490,1499943,3,orders;lineitem;customer,516360,0,0,0,0,0,0
2026-08-14T11:11:58Z,A5EFB7F38A797663,18.4,queries/tpch/tpch-queries/q18/v1_materialized.sql,warmup,1,1,1,3,3.948,2644.607,16,5,57,25807586,100,253039080,1499943,3,orders;lineitem;customer;_m,519777,0,0,0,0,0,0
2026-08-14T11:12:01Z,A5EFB7F38A797663,18.4,queries/tpch/tpch-queries/q18/v1_materialized.sql,warmup,2,1,1,3,3.130,2625.146,16,5,57,25807586,100,253039080,1499943,3,orders;lineitem;customer;_m,519777,0,0,0,0,0,0
2026-08-14T11:12:14Z,A5EFB7F38A797663,18.4,queries/tpch/tpch-queries/q18/v1_materialized.sql,measured,1,1,5,3,1.923,2644.611,16,5,57,25807586,100,253039080,1499943,3,orders;lineitem;customer;_m,519777,0,0,0,0,0,0
2026-08-14T11:12:14Z,A5EFB7F38A797663,18.4,queries/tpch/tpch-queries/q18/v1_materialized.sql,measured,1,2,5,3,0.720,2608.651,16,5,57,25807586,100,253039080,1499943,3,orders;lineitem;customer;_m,519777,0,0,0,0,0,0
2026-08-14T11:12:14Z,A5EFB7F38A797663,18.4,queries/tpch/tpch-queries/q18/v1_materialized.sql,measured,1,3,5,3,0.721,2534.423,16,5,57,25807586,100,253039080,1499943,3,orders;lineitem;customer;_m,519777,0,0,0,0,0,0
2026-08-14T11:12:14Z,A5EFB7F38A797663,18.4,queries/tpch/tpch-queries/q18/v1_materialized.sql,measured,1,4,5,3,0.737,2551.327,16,5,57,25807586,100,253039080,1499943,3,orders;lineitem;customer;_m,519777,0,0,0,0,0,0
2026-08-14T11:12:14Z,A5EFB7F38A797663,18.4,queries/tpch/tpch-queries/q18/v1_materialized.sql,measured,1,5,5,3,0.718,2452.212,16,5,57,25807586,100,253039080,1499943,3,orders;lineitem;customer;_m,519777,0,0,0,0,0,0
2026-08-14T11:12:26Z,A5EFB7F38A797663,18.4,queries/tpch/tpch-queries/q18/v1_materialized.sql,measured,2,1,5,3,2.855,2734.553,16,5,57,25807586,100,253039080,1499943,3,orders;lineitem;customer;_m,519777,0,0,0,0,0,0
2026-08-14T11:12:26Z,A5EFB7F38A797663,18.4,queries/tpch/tpch-queries/q18/v1_materialized.sql,measured,2,2,5,3,0.747,2445.614,16,5,57,25807586,100,253039080,1499943,3,orders;lineitem;customer;_m,519777,0,0,0,0,0,0
2026-08-14T11:12:26Z,A5EFB7F38A797663,18.4,queries/tpch/tpch-queries/q18/v1_materialized.sql,measured,2,3,5,3,0.760,2444.625,16,5,57,25807586,100,253039080,1499943,3,orders;lineitem;customer;_m,519777,0,0,0,0,0,0
2026-08-14T11:12:26Z,A5EFB7F38A797663,18.4,queries/tpch/tpch-queries/q18/v1_materialized.sql,measured,2,4,5,3,0.756,2520.670,16,5,57,25807586,100,253039080,1499943,3,orders;lineitem;customer;_m,519777,0,0,0,0,0,0
2026-08-14T11:12:26Z,A5EFB7F38A797663,18.4,queries/tpch/tpch-queries/q18/v1_materialized.sql,measured,2,5,5,3,0.738,2547.429,16,5,57,25807586,100,253039080,1499943,3,orders;lineitem;customer;_m,519777,0,0,0,0,0,0
2026-08-14T11:12:40Z,A5EFB7F38A797663,18.4,queries/tpch/tpch-queries/q18/v1_materialized.sql,measured,3,1,5,3,3.497,2725.490,16,5,57,25807586,100,253039080,1499943,3,orders;lineitem;customer;_m,519777,0,0,0,0,0,0
2026-08-14T11:12:40Z,A5EFB7F38A797663,18.4,queries/tpch/tpch-queries/q18/v1_materialized.sql,measured,3,2,5,3,0.937,2566.540,16,5,57,25807586,100,253039080,1499943,3,orders;lineitem;customer;_m,519777,0,0,0,0,0,0
2026-08-14T11:12:40Z,A5EFB7F38A797663,18.4,queries/tpch/tpch-queries/q18/v1_materialized.sql,measured,3,3,5,3,0.716,2438.449,16,5,57,25807586,100,253039080,1499943,3,orders;lineitem;customer;_m,519777,0,0,0,0,0,0
2026-08-14T11:12:40Z,A5EFB7F38A797663,18.4,queries/tpch/tpch-queries/q18/v1_materialized.sql,measured,3,4,5,3,0.772,2577.432,16,5,57,25807586,100,253039080,1499943,3,orders;lineitem;customer;_m,519777,0,0,0,0,0,0
2026-08-14T11:12:40Z,A5EFB7F38A797663,18.4,queries/tpch/tpch-queries/q18/v1_materialized.sql,measured,3,5,5,3,0.695,2612.796,16,5,57,25807586,100,253039080,1499943,3,orders;lineitem;customer;_m,519777,0,0,0,0,0,0
2026-08-14T11:12:42Z,A5EFB7F38A797663,18.4,queries/tpch/tpch-queries/q18/v2_join.sql,warmup,1,1,1,3,2.648,2549.695,15,4,57,25506967,100,246101490,1499943,3,orders;lineitem;customer,516366,0,0,0,0,0,0
2026-08-14T11:12:45Z,A5EFB7F38A797663,18.4,queries/tpch/tpch-queries/q18/v2_join.sql,warmup,2,1,1,3,5.814,2524.798,15,4,57,25506967,100,246101490,1499943,3,orders;lineitem;customer,516366,0,0,0,0,0,0
2026-08-14T11:12:58Z,A5EFB7F38A797663,18.4,queries/tpch/tpch-queries/q18/v2_join.sql,measured,1,1,5,3,3.288,2484.842,15,4,57,25506967,100,246101490,1499943,3,orders;lineitem;customer,516366,0,0,0,0,0,0
2026-08-14T11:12:58Z,A5EFB7F38A797663,18.4,queries/tpch/tpch-queries/q18/v2_join.sql,measured,1,2,5,3,0.985,2430.804,15,4,57,25506967,100,246101490,1499943,3,orders;lineitem;customer,516360,0,0,0,0,0,0
2026-08-14T11:12:58Z,A5EFB7F38A797663,18.4,queries/tpch/tpch-queries/q18/v2_join.sql,measured,1,3,5,3,0.971,2652.366,15,4,57,25506967,100,246101490,1499943,3,orders;lineitem;customer,516360,0,0,0,0,0,0
2026-08-14T11:12:58Z,A5EFB7F38A797663,18.4,queries/tpch/tpch-queries/q18/v2_join.sql,measured,1,4,5,3,0.836,2493.890,15,4,57,25506967,100,246101490,1499943,3,orders;lineitem;customer,516360,0,0,0,0,0,0
2026-08-14T11:12:58Z,A5EFB7F38A797663,18.4,queries/tpch/tpch-queries/q18/v2_join.sql,measured,1,5,5,3,0.905,2585.978,15,4,57,25506967,100,246101490,1499943,3,orders;lineitem;customer,516360,0,0,0,0,0,0
2026-08-14T11:13:11Z,A5EFB7F38A797663,18.4,queries/tpch/tpch-queries/q18/v2_join.sql,measured,2,1,5,3,2.264,2607.243,15,4,57,25506967,100,246101490,1499943,3,orders;lineitem;customer,516366,0,0,0,0,0,0
2026-08-14T11:13:11Z,A5EFB7F38A797663,18.4,queries/tpch/tpch-queries/q18/v2_join.sql,measured,2,2,5,3,0.868,2612.545,15,4,57,25506967,100,246101490,1499943,3,orders;lineitem;customer,516360,0,0,0,0,0,0
2026-08-14T11:13:11Z,A5EFB7F38A797663,18.4,queries/tpch/tpch-queries/q18/v2_join.sql,measured,2,3,5,3,0.825,2418.656,15,4,57,25506967,100,246101490,1499943,3,orders;lineitem;customer,516360,0,0,0,0,0,0
2026-08-14T11:13:11Z,A5EFB7F38A797663,18.4,queries/tpch/tpch-queries/q18/v2_join.sql,measured,2,4,5,3,0.973,2563.396,15,4,57,25506967,100,246101490,1499943,3,orders;lineitem;customer,516360,0,0,0,0,0,0
2026-08-14T11:13:11Z,A5EFB7F38A797663,18.4,queries/tpch/tpch-queries/q18/v2_join.sql,measured,2,5,5,3,0.863,2597.970,15,4,57,25506967,100,246101490,1499943,3,orders;lineitem;customer,516360,0,0,0,0,0,0
2026-08-14T11:13:24Z,A5EFB7F38A797663,18.4,queries/tpch/tpch-queries/q18/v2_join.sql,measured,3,1,5,3,2.050,2515.422,15,4,57,25506967,100,246101490,1499943,3,orders;lineitem;customer,516366,0,0,0,0,0,0
2026-08-14T11:13:24Z,A5EFB7F38A797663,18.4,queries/tpch/tpch-queries/q18/v2_join.sql,measured,3,2,5,3,0.926,2583.539,15,4,57,25506967,100,246101490,1499943,3,orders;lineitem;customer,516360,0,0,0,0,0,0
2026-08-14T11:13:24Z,A5EFB7F38A797663,18.4,queries/tpch/tpch-queries/q18/v2_join.sql,measured,3,3,5,3,0.871,2519.033,15,4,57,25506967,100,246101490,1499943,3,orders;lineitem;customer,516360,0,0,0,0,0,0
2026-08-14T11:13:24Z,A5EFB7F38A797663,18.4,queries/tpch/tpch-queries/q18/v2_join.sql,measured,3,4,5,3,0.874,2628.239,15,4,57,25506967,100,246101490,1499943,3,orders;lineitem;customer,516360,0,0,0,0,0,0
2026-08-14T11:13:24Z,A5EFB7F38A797663,18.4,queries/tpch/tpch-queries/q18/v2_join.sql,measured,3,5,5,3,0.838,2624.305,15,4,57,25506967,100,246101490,1499943,3,orders;lineitem;customer,516360,0,0,0,0,0,0
2026-08-14T11:13:24Z,A5EFB7F38A797663,18.4,queries/tpch/tpch-queries/q19/base.sql,warmup,1,1,1,3,1.440,42.543,6,2,1,610,1,16154,66534,2,part;lineitem,19882,0,0,0,0,0,0
2026-08-14T11:13:24Z,A5EFB7F38A797663,18.4,queries/tpch/tpch-queries/q19/base.sql,warmup,2,1,1,3,1.442,42.636,6,2,1,610,1,16154,66534,2,part;lineitem,19882,0,0,0,0,0,0
2026-08-14T11:13:24Z,A5EFB7F38A797663,18.4,queries/tpch/tpch-queries/q19/base.sql,measured,1,1,5,3,1.521,42.335,6,2,1,610,1,16154,66534,2,part;lineitem,19882,0,0,0,0,0,0
2026-08-14T11:13:24Z,A5EFB7F38A797663,18.4,queries/tpch/tpch-queries/q19/base.sql,measured,1,2,5,3,0.385,39.885,6,2,1,610,1,16154,66534,2,part;lineitem,19882,0,0,0,0,0,0
2026-08-14T11:13:24Z,A5EFB7F38A797663,18.4,queries/tpch/tpch-queries/q19/base.sql,measured,1,3,5,3,0.424,37.020,6,2,1,610,1,16154,66534,2,part;lineitem,19882,0,0,0,0,0,0
2026-08-14T11:13:24Z,A5EFB7F38A797663,18.4,queries/tpch/tpch-queries/q19/base.sql,measured,1,4,5,3,0.405,36.496,6,2,1,610,1,16154,66534,2,part;lineitem,19882,0,0,0,0,0,0
2026-08-14T11:13:24Z,A5EFB7F38A797663,18.4,queries/tpch/tpch-queries/q19/base.sql,measured,1,5,5,3,0.399,35.576,6,2,1,610,1,16154,66534,2,part;lineitem,19882,0,0,0,0,0,0
2026-08-14T11:13:24Z,A5EFB7F38A797663,18.4,queries/tpch/tpch-queries/q19/base.sql,measured,2,1,5,3,1.448,43.287,6,2,1,610,1,16154,66534,2,part;lineitem,19882,0,0,0,0,0,0
2026-08-14T11:13:24Z,A5EFB7F38A797663,18.4,queries/tpch/tpch-queries/q19/base.sql,measured,2,2,5,3,0.390,38.590,6,2,1,610,1,16154,66534,2,part;lineitem,19882,0,0,0,0,0,0
2026-08-14T11:13:24Z,A5EFB7F38A797663,18.4,queries/tpch/tpch-queries/q19/base.sql,measured,2,3,5,3,0.401,38.457,6,2,1,610,1,16154,66534,2,part;lineitem,19882,0,0,0,0,0,0
2026-08-14T11:13:24Z,A5EFB7F38A797663,18.4,queries/tpch/tpch-queries/q19/base.sql,measured,2,4,5,3,0.418,37.585,6,2,1,610,1,16154,66534,2,part;lineitem,19882,0,0,0,0,0,0
2026-08-14T11:13:24Z,A5EFB7F38A797663,18.4,queries/tpch/tpch-queries/q19/base.sql,measured,2,5,5,3,0.429,37.175,6,2,1,610,1,16154,66534,2,part;lineitem,19882,0,0,0,0,0,0
2026-08-14T11:13:25Z,A5EFB7F38A797663,18.4,queries/tpch/tpch-queries/q19/base.sql,measured,3,1,5,3,1.454,43.706,6,2,1,610,1,16154,66534,2,part;lineitem,19882,0,0,0,0,0,0
2026-08-14T11:13:25Z,A5EFB7F38A797663,18.4,queries/tpch/tpch-queries/q19/base.sql,measured,3,2,5,3,0.393,39.416,6,2,1,610,1,16154,66534,2,part;lineitem,19882,0,0,0,0,0,0
2026-08-14T11:13:25Z,A5EFB7F38A797663,18.4,queries/tpch/tpch-queries/q19/base.sql,measured,3,3,5,3,0.406,36.379,6,2,1,610,1,16154,66534,2,part;lineitem,19882,0,0,0,0,0,0
2026-08-14T11:13:25Z,A5EFB7F38A797663,18.4,queries/tpch/tpch-queries/q19/base.sql,measured,3,4,5,3,0.399,37.348,6,2,1,610,1,16154,66534,2,part;lineitem,19882,0,0,0,0,0,0
2026-08-14T11:13:25Z,A5EFB7F38A797663,18.4,queries/tpch/tpch-queries/q19/base.sql,measured,3,5,5,3,0.444,37.035,6,2,1,610,1,16154,66534,2,part;lineitem,19882,0,0,0,0,0,0
2026-08-14T11:13:25Z,A5EFB7F38A797663,18.4,queries/tpch/tpch-queries/q19/v1_materialized.sql,warmup,1,1,1,3,1.469,43.377,7,3,1,611,1,16186,66534,2,_m;part;lineitem,19882,0,0,0,0,0,0
2026-08-14T11:13:25Z,A5EFB7F38A797663,18.4,queries/tpch/tpch-queries/q19/v1_materialized.sql,warmup,2,1,1,3,1.504,42.752,7,3,1,611,1,16186,66534,2,_m;part;lineitem,19882,0,0,0,0,0,0
2026-08-14T11:13:25Z,A5EFB7F38A797663,18.4,queries/tpch/tpch-queries/q19/v1_materialized.sql,measured,1,1,5,3,1.488,42.827,7,3,1,611,1,16186,66534,2,_m;part;lineitem,19882,0,0,0,0,0,0
2026-08-14T11:13:25Z,A5EFB7F38A797663,18.4,queries/tpch/tpch-queries/q19/v1_materialized.sql,measured,1,2,5,3,0.420,38.883,7,3,1,611,1,16186,66534,2,_m;part;lineitem,19882,0,0,0,0,0,0
2026-08-14T11:13:25Z,A5EFB7F38A797663,18.4,queries/tpch/tpch-queries/q19/v1_materialized.sql,measured,1,3,5,3,0.436,36.951,7,3,1,611,1,16186,66534,2,_m;part;lineitem,19882,0,0,0,0,0,0
2026-08-14T11:13:25Z,A5EFB7F38A797663,18.4,queries/tpch/tpch-queries/q19/v1_materialized.sql,measured,1,4,5,3,0.433,36.401,7,3,1,611,1,16186,66534,2,_m;part;lineitem,19882,0,0,0,0,0,0
2026-08-14T11:13:25Z,A5EFB7F38A797663,18.4,queries/tpch/tpch-queries/q19/v1_materialized.sql,measured,1,5,5,3,0.422,36.604,7,3,1,611,1,16186,66534,2,_m;part;lineitem,19882,0,0,0,0,0,0
2026-08-14T11:13:25Z,A5EFB7F38A797663,18.4,queries/tpch/tpch-queries/q19/v1_materialized.sql,measured,2,1,5,3,1.484,43.304,7,3,1,611,1,16186,66534,2,_m;part;lineitem,19882,0,0,0,0,0,0
2026-08-14T11:13:25Z,A5EFB7F38A797663,18.4,queries/tpch/tpch-queries/q19/v1_materialized.sql,measured,2,2,5,3,0.412,39.203,7,3,1,611,1,16186,66534,2,_m;part;lineitem,19882,0,0,0,0,0,0
2026-08-14T11:13:25Z,A5EFB7F38A797663,18.4,queries/tpch/tpch-queries/q19/v1_materialized.sql,measured,2,3,5,3,0.416,38.634,7,3,1,611,1,16186,66534,2,_m;part;lineitem,19882,0,0,0,0,0,0
2026-08-14T11:13:25Z,A5EFB7F38A797663,18.4,queries/tpch/tpch-queries/q19/v1_materialized.sql,measured,2,4,5,3,0.439,38.175,7,3,1,611,1,16186,66534,2,_m;part;lineitem,19882,0,0,0,0,0,0
2026-08-14T11:13:25Z,A5EFB7F38A797663,18.4,queries/tpch/tpch-queries/q19/v1_materialized.sql,measured,2,5,5,3,0.443,37.700,7,3,1,611,1,16186,66534,2,_m;part;lineitem,19882,0,0,0,0,0,0
2026-08-14T11:13:26Z,A5EFB7F38A797663,18.4,queries/tpch/tpch-queries/q19/v1_materialized.sql,measured,3,1,5,3,1.811,46.921,7,3,1,611,1,16186,66534,2,_m;part;lineitem,19882,0,0,0,0,0,0
2026-08-14T11:13:26Z,A5EFB7F38A797663,18.4,queries/tpch/tpch-queries/q19/v1_materialized.sql,measured,3,2,5,3,0.427,38.845,7,3,1,611,1,16186,66534,2,_m;part;lineitem,19882,0,0,0,0,0,0
2026-08-14T11:13:26Z,A5EFB7F38A797663,18.4,queries/tpch/tpch-queries/q19/v1_materialized.sql,measured,3,3,5,3,0.420,37.635,7,3,1,611,1,16186,66534,2,_m;part;lineitem,19882,0,0,0,0,0,0
2026-08-14T11:13:26Z,A5EFB7F38A797663,18.4,queries/tpch/tpch-queries/q19/v1_materialized.sql,measured,3,4,5,3,0.425,37.498,7,3,1,611,1,16186,66534,2,_m;part;lineitem,19882,0,0,0,0,0,0
2026-08-14T11:13:26Z,A5EFB7F38A797663,18.4,queries/tpch/tpch-queries/q19/v1_materialized.sql,measured,3,5,5,3,0.464,36.546,7,3,1,611,1,16186,66534,2,_m;part;lineitem,19882,0,0,0,0,0,0
2026-08-14T11:13:26Z,A5EFB7F38A797663,18.4,queries/tpch/tpch-queries/q19/v2_union_all.sql,warmup,1,1,1,3,2.215,59.848,13,6,1,729,1,9804,366507,2,part;lineitem,28138,0,0,0,0,0,0
2026-08-14T11:13:26Z,A5EFB7F38A797663,18.4,queries/tpch/tpch-queries/q19/v2_union_all.sql,warmup,2,1,1,3,1.762,54.883,13,6,1,729,1,9804,366507,2,part;lineitem,28138,0,0,0,0,0,0
2026-08-14T11:13:26Z,A5EFB7F38A797663,18.4,queries/tpch/tpch-queries/q19/v2_union_all.sql,measured,1,1,5,3,1.777,53.633,13,6,1,729,1,9804,366507,2,part;lineitem,28138,0,0,0,0,0,0
2026-08-14T11:13:26Z,A5EFB7F38A797663,18.4,queries/tpch/tpch-queries/q19/v2_union_all.sql,measured,1,2,5,3,0.685,50.361,13,6,1,729,1,9804,366507,2,part;lineitem,28138,0,0,0,0,0,0
2026-08-14T11:13:26Z,A5EFB7F38A797663,18.4,queries/tpch/tpch-queries/q19/v2_union_all.sql,measured,1,3,5,3,0.648,50.175,13,6,1,729,1,9804,366507,2,part;lineitem,28138,0,0,0,0,0,0
2026-08-14T11:13:26Z,A5EFB7F38A797663,18.4,queries/tpch/tpch-queries/q19/v2_union_all.sql,measured,1,4,5,3,0.693,50.313,13,6,1,729,1,9804,366507,2,part;lineitem,28138,0,0,0,0,0,0
2026-08-14T11:13:26Z,A5EFB7F38A797663,18.4,queries/tpch/tpch-queries/q19/v2_union_all.sql,measured,1,5,5,3,0.694,48.508,13,6,1,729,1,9804,366507,2,part;lineitem,28138,0,0,0,0,0,0
2026-08-14T11:13:27Z,A5EFB7F38A797663,18.4,queries/tpch/tpch-queries/q19/v2_union_all.sql,measured,2,1,5,3,1.711,49.604,13,6,1,729,1,9804,366507,2,part;lineitem,28138,0,0,0,0,0,0
2026-08-14T11:13:27Z,A5EFB7F38A797663,18.4,queries/tpch/tpch-queries/q19/v2_union_all.sql,measured,2,2,5,3,0.638,44.082,13,6,1,729,1,9804,366507,2,part;lineitem,28138,0,0,0,0,0,0
2026-08-14T11:13:27Z,A5EFB7F38A797663,18.4,queries/tpch/tpch-queries/q19/v2_union_all.sql,measured,2,3,5,3,0.587,43.173,13,6,1,729,1,9804,366507,2,part;lineitem,28138,0,0,0,0,0,0
2026-08-14T11:13:27Z,A5EFB7F38A797663,18.4,queries/tpch/tpch-queries/q19/v2_union_all.sql,measured,2,4,5,3,0.611,42.826,13,6,1,729,1,9804,366507,2,part;lineitem,28138,0,0,0,0,0,0
2026-08-14T11:13:27Z,A5EFB7F38A797663,18.4,queries/tpch/tpch-queries/q19/v2_union_all.sql,measured,2,5,5,3,0.610,42.507,13,6,1,729,1,9804,366507,2,part;lineitem,28138,0,0,0,0,0,0
2026-08-14T11:13:27Z,A5EFB7F38A797663,18.4,queries/tpch/tpch-queries/q19/v2_union_all.sql,measured,3,1,5,3,1.717,49.911,13,6,1,729,1,9804,366507,2,part;lineitem,28138,0,0,0,0,0,0
2026-08-14T11:13:27Z,A5EFB7F38A797663,18.4,queries/tpch/tpch-queries/q19/v2_union_all.sql,measured,3,2,5,3,0.632,45.451,13,6,1,729,1,9804,366507,2,part;lineitem,28138,0,0,0,0,0,0
2026-08-14T11:13:27Z,A5EFB7F38A797663,18.4,queries/tpch/tpch-queries/q19/v2_union_all.sql,measured,3,3,5,3,0.596,44.493,13,6,1,729,1,9804,366507,2,part;lineitem,28138,0,0,0,0,0,0
2026-08-14T11:13:27Z,A5EFB7F38A797663,18.4,queries/tpch/tpch-queries/q19/v2_union_all.sql,measured,3,4,5,3,0.598,43.478,13,6,1,729,1,9804,366507,2,part;lineitem,28138,0,0,0,0,0,0
2026-08-14T11:13:27Z,A5EFB7F38A797663,18.4,queries/tpch/tpch-queries/q19/v2_union_all.sql,measured,3,5,5,3,0.599,42.950,13,6,1,729,1,9804,366507,2,part;lineitem,28138,0,0,0,0,0,0
2026-08-14T11:13:27Z,A5EFB7F38A797663,18.4,queries/tpch/tpch-queries/q21/base.sql,warmup,1,1,1,3,3.308,487.845,17,6,100,2749940,1,55616028,192893,3,orders;nation;supplier;lineitem,1351043,0,0,0,0,0,0
2026-08-14T11:13:28Z,A5EFB7F38A797663,18.4,queries/tpch/tpch-queries/q21/base.sql,warmup,2,1,1,3,3.745,493.653,17,6,100,2749940,1,55616028,192893,3,orders;nation;supplier;lineitem,1351043,0,0,0,0,0,0
2026-08-14T11:13:30Z,A5EFB7F38A797663,18.4,queries/tpch/tpch-queries/q21/base.sql,measured,1,1,5,3,3.092,485.191,17,6,100,2749940,1,55616028,192893,3,orders;nation;supplier;lineitem,1351043,0,0,0,0,0,0
2026-08-14T11:13:30Z,A5EFB7F38A797663,18.4,queries/tpch/tpch-queries/q21/base.sql,measured,1,2,5,3,1.500,487.064,17,6,100,2749940,1,55616028,192893,3,orders;nation;supplier;lineitem,1351037,0,0,0,0,0,0
2026-08-14T11:13:30Z,A5EFB7F38A797663,18.4,queries/tpch/tpch-queries/q21/base.sql,measured,1,3,5,3,1.528,465.706,17,6,100,2749940,1,55616028,192893,3,orders;nation;supplier;lineitem,1351037,0,0,0,0,0,0
2026-08-14T11:13:30Z,A5EFB7F38A797663,18.4,queries/tpch/tpch-queries/q21/base.sql,measured,1,4,5,3,1.497,464.258,17,6,100,2749940,1,55616028,192893,3,orders;nation;supplier;lineitem,1351037,0,0,0,0,0,0
2026-08-14T11:13:30Z,A5EFB7F38A797663,18.4,queries/tpch/tpch-queries/q21/base.sql,measured,1,5,5,3,1.498,462.778,17,6,100,2749940,1,55616028,192893,3,orders;nation;supplier;lineitem,1351037,0,0,0,0,0,0
2026-08-14T11:13:33Z,A5EFB7F38A797663,18.4,queries/tpch/tpch-queries/q21/base.sql,measured,2,1,5,3,3.093,480.734,17,6,100,2749940,1,55616028,192893,3,orders;nation;supplier;lineitem,1351043,0,0,0,0,0,0
2026-08-14T11:13:33Z,A5EFB7F38A797663,18.4,queries/tpch/tpch-queries/q21/base.sql,measured,2,2,5,3,1.505,465.006,17,6,100,2749940,1,55616028,192893,3,orders;nation;supplier;lineitem,1351037,0,0,0,0,0,0
2026-08-14T11:13:33Z,A5EFB7F38A797663,18.4,queries/tpch/tpch-queries/q21/base.sql,measured,2,3,5,3,1.537,461.817,17,6,100,2749940,1,55616028,192893,3,orders;nation;supplier;lineitem,1351037,0,0,0,0,0,0
2026-08-14T11:13:33Z,A5EFB7F38A797663,18.4,queries/tpch/tpch-queries/q21/base.sql,measured,2,4,5,3,1.493,461.198,17,6,100,2749940,1,55616028,192893,3,orders;nation;supplier;lineitem,1351037,0,0,0,0,0,0
2026-08-14T11:13:33Z,A5EFB7F38A797663,18.4,queries/tpch/tpch-queries/q21/base.sql,measured,2,5,5,3,1.500,464.311,17,6,100,2749940,1,55616028,192893,3,orders;nation;supplier;lineitem,1351037,0,0,0,0,0,0
2026-08-14T11:13:35Z,A5EFB7F38A797663,18.4,queries/tpch/tpch-queries/q21/base.sql,measured,3,1,5,3,3.765,489.496,17,6,100,2749940,1,55616028,192893,3,orders;nation;supplier;lineitem,1351043,0,0,0,0,0,0
2026-08-14T11:13:35Z,A5EFB7F38A797663,18.4,queries/tpch/tpch-queries/q21/base.sql,measured,3,2,5,3,1.514,462.929,17,6,100,2749940,1,55616028,192893,3,orders;nation;supplier;lineitem,1351037,0,0,0,0,0,0
2026-08-14T11:13:35Z,A5EFB7F38A797663,18.4,queries/tpch/tpch-queries/q21/base.sql,measured,3,3,5,3,1.510,460.897,17,6,100,2749940,1,55616028,192893,3,orders;nation;supplier;lineitem,1351037,0,0,0,0,0,0
2026-08-14T11:13:35Z,A5EFB7F38A797663,18.4,queries/tpch/tpch-queries/q21/base.sql,measured,3,4,5,3,1.500,459.259,17,6,100,2749940,1,55616028,192893,3,orders;nation;supplier;lineitem,1351037,0,0,0,0,0,0
2026-08-14T11:13:35Z,A5EFB7F38A797663,18.4,queries/tpch/tpch-queries/q21/base.sql,measured,3,5,5,3,1.491,458.818,17,6,100,2749940,1,55616028,192893,3,orders;nation;supplier;lineitem,1351037,0,0,0,0,0,0
2026-08-14T11:13:36Z,A5EFB7F38A797663,18.4,queries/tpch/tpch-queries/q21/v1_materialized.sql,warmup,1,1,1,3,2.813,481.583,19,8,100,2713639,1,54373556,192893,3,orders;nation;supplier;ixtest_supplier_nationkey;lineitem;_m,1350894,0,0,0,0,0,0
2026-08-14T11:13:36Z,A5EFB7F38A797663,18.4,queries/tpch/tpch-queries/q21/v1_materialized.sql,warmup,2,1,1,3,2.364,477.245,19,8,100,2713639,1,54373556,192893,3,orders;nation;supplier;ixtest_supplier_nationkey;lineitem;_m,1350894,0,0,0,0,0,0
2026-08-14T11:13:39Z,A5EFB7F38A797663,18.4,queries/tpch/tpch-queries/q21/v1_materialized.sql,measured,1,1,5,3,2.343,473.629,19,8,100,2713639,1,54373556,192893,3,orders;nation;supplier;ixtest_supplier_nationkey;lineitem;_m,1350894,0,0,0,0,0,0
2026-08-14T11:13:39Z,A5EFB7F38A797663,18.4,queries/tpch/tpch-queries/q21/v1_materialized.sql,measured,1,2,5,3,1.087,460.053,19,8,100,2713639,1,54373556,192893,3,orders;nation;supplier;ixtest_supplier_nationkey;lineitem;_m,1350888,0,0,0,0,0,0
2026-08-14T11:13:39Z,A5EFB7F38A797663,18.4,queries/tpch/tpch-queries/q21/v1_materialized.sql,measured,1,3,5,3,1.046,457.486,19,8,100,2713639,1,54373556,192893,3,orders;nation;supplier;ixtest_supplier_nationkey;lineitem;_m,1350888,0,0,0,0,0,0
2026-08-14T11:13:39Z,A5EFB7F38A797663,18.4,queries/tpch/tpch-queries/q21/v1_materialized.sql,measured,1,4,5,3,1.067,458.280,19,8,100,2713639,1,54373556,192893,3,orders;nation;supplier;ixtest_supplier_nationkey;lineitem;_m,1350888,0,0,0,0,0,0
2026-08-14T11:13:39Z,A5EFB7F38A797663,18.4,queries/tpch/tpch-queries/q21/v1_materialized.sql,measured,1,5,5,3,1.066,459.437,19,8,100,2713639,1,54373556,192893,3,orders;nation;supplier;ixtest_supplier_nationkey;lineitem;_m,1350888,0,0,0,0,0,0
2026-08-14T11:13:41Z,A5EFB7F38A797663,18.4,queries/tpch/tpch-queries/q21/v1_materialized.sql,measured,2,1,5,3,2.813,489.825,19,8,100,2713639,1,54373556,192893,3,orders;nation;supplier;ixtest_supplier_nationkey;lineitem;_m,1350894,0,0,0,0,0,0
2026-08-14T11:13:41Z,A5EFB7F38A797663,18.4,queries/tpch/tpch-queries/q21/v1_materialized.sql,measured,2,2,5,3,1.089,458.317,19,8,100,2713639,1,54373556,192893,3,orders;nation;supplier;ixtest_supplier_nationkey;lineitem;_m,1350888,0,0,0,0,0,0
2026-08-14T11:13:41Z,A5EFB7F38A797663,18.4,queries/tpch/tpch-queries/q21/v1_materialized.sql,measured,2,3,5,3,1.046,458.411,19,8,100,2713639,1,54373556,192893,3,orders;nation;supplier;ixtest_supplier_nationkey;lineitem;_m,1350888,0,0,0,0,0,0
2026-08-14T11:13:41Z,A5EFB7F38A797663,18.4,queries/tpch/tpch-queries/q21/v1_materialized.sql,measured,2,4,5,3,1.089,458.187,19,8,100,2713639,1,54373556,192893,3,orders;nation;supplier;ixtest_supplier_nationkey;lineitem;_m,1350888,0,0,0,0,0,0
2026-08-14T11:13:41Z,A5EFB7F38A797663,18.4,queries/tpch/tpch-queries/q21/v1_materialized.sql,measured,2,5,5,3,1.084,484.512,19,8,100,2713639,1,54373556,192893,3,orders;nation;supplier;ixtest_supplier_nationkey;lineitem;_m,1350888,0,0,0,0,0,0
2026-08-14T11:13:44Z,A5EFB7F38A797663,18.4,queries/tpch/tpch-queries/q21/v1_materialized.sql,measured,3,1,5,3,3.094,491.622,19,8,100,2713639,1,54373556,192893,3,orders;nation;supplier;ixtest_supplier_nationkey;lineitem;_m,1350894,0,0,0,0,0,0
2026-08-14T11:13:44Z,A5EFB7F38A797663,18.4,queries/tpch/tpch-queries/q21/v1_materialized.sql,measured,3,2,5,3,1.084,458.924,19,8,100,2713639,1,54373556,192893,3,orders;nation;supplier;ixtest_supplier_nationkey;lineitem;_m,1350888,0,0,0,0,0,0
2026-08-14T11:13:44Z,A5EFB7F38A797663,18.4,queries/tpch/tpch-queries/q21/v1_materialized.sql,measured,3,3,5,3,1.058,457.587,19,8,100,2713639,1,54373556,192893,3,orders;nation;supplier;ixtest_supplier_nationkey;lineitem;_m,1350888,0,0,0,0,0,0
2026-08-14T11:13:44Z,A5EFB7F38A797663,18.4,queries/tpch/tpch-queries/q21/v1_materialized.sql,measured,3,4,5,3,1.052,481.831,19,8,100,2713639,1,54373556,192893,3,orders;nation;supplier;ixtest_supplier_nationkey;lineitem;_m,1350888,0,0,0,0,0,0
2026-08-14T11:13:44Z,A5EFB7F38A797663,18.4,queries/tpch/tpch-queries/q21/v1_materialized.sql,measured,3,5,5,3,1.049,458.961,19,8,100,2713639,1,54373556,192893,3,orders;nation;supplier;ixtest_supplier_nationkey;lineitem;_m,1350888,0,0,0,0,0,0
2026-08-14T11:13:44Z,A5EFB7F38A797663,18.4,queries/tpch/tpch-queries/q22/base.sql,warmup,1,1,1,3,1.208,65.320,10,3,7,76283,730,1451186,80960,2,customer;orders,64227,0,0,0,0,0,0
2026-08-14T11:13:44Z,A5EFB7F38A797663,18.4,queries/tpch/tpch-queries/q22/base.sql,warmup,2,1,1,3,1.211,65.316,10,3,7,76283,730,1451186,80960,2,customer;orders,64227,0,0,0,0,0,0
2026-08-14T11:13:44Z,A5EFB7F38A797663,18.4,queries/tpch/tpch-queries/q22/base.sql,measured,1,1,5,3,1.198,64.323,10,3,7,76283,730,1451186,80960,2,customer;orders,64227,0,0,0,0,0,0
2026-08-14T11:13:44Z,A5EFB7F38A797663,18.4,queries/tpch/tpch-queries/q22/base.sql,measured,1,2,5,3,0.273,52.354,10,3,7,76283,730,1451186,80960,2,customer;orders,64227,0,0,0,0,0,0
2026-08-14T11:13:44Z,A5EFB7F38A797663,18.4,queries/tpch/tpch-queries/q22/base.sql,measured,1,3,5,3,0.270,64.439,10,3,7,76283,730,1451186,80960,2,customer;orders,64227,0,0,0,0,0,0
2026-08-14T11:13:44Z,A5EFB7F38A797663,18.4,queries/tpch/tpch-queries/q22/base.sql,measured,1,4,5,3,0.258,54.825,10,3,7,76283,730,1451186,80960,2,customer;orders,64227,0,0,0,0,0,0
2026-08-14T11:13:44Z,A5EFB7F38A797663,18.4,queries/tpch/tpch-queries/q22/base.sql,measured,1,5,5,3,0.268,53.564,10,3,7,76283,730,1451186,80960,2,customer;orders,64227,0,0,0,0,0,0
2026-08-14T11:13:45Z,A5EFB7F38A797663,18.4,queries/tpch/tpch-queries/q22/base.sql,measured,2,1,5,3,1.599,77.665,10,3,7,76283,730,1451186,80960,2,customer;orders,64227,0,0,0,0,0,0
2026-08-14T11:13:45Z,A5EFB7F38A797663,18.4,queries/tpch/tpch-queries/q22/base.sql,measured,2,2,5,3,0.369,67.096,10,3,7,76283,730,1451186,80960,2,customer;orders,64227,0,0,0,0,0,0
2026-08-14T11:13:45Z,A5EFB7F38A797663,18.4,queries/tpch/tpch-queries/q22/base.sql,measured,2,3,5,3,0.254,51.514,10,3,7,76283,730,1451186,80960,2,customer;orders,64227,0,0,0,0,0,0
2026-08-14T11:13:45Z,A5EFB7F38A797663,18.4,queries/tpch/tpch-queries/q22/base.sql,measured,2,4,5,3,0.260,51.655,10,3,7,76283,730,1451186,80960,2,customer;orders,64227,0,0,0,0,0,0
2026-08-14T11:13:45Z,A5EFB7F38A797663,18.4,queries/tpch/tpch-queries/q22/base.sql,measured,2,5,5,3,0.266,52.387,10,3,7,76283,730,1451186,80960,2,customer;orders,64227,0,0,0,0,0,0
2026-08-14T11:13:45Z,A5EFB7F38A797663,18.4,queries/tpch/tpch-queries/q22/base.sql,measured,3,1,5,3,1.462,83.099,10,3,7,76283,730,1451186,80960,2,customer;orders,64227,0,0,0,0,0,0
2026-08-14T11:13:45Z,A5EFB7F38A797663,18.4,queries/tpch/tpch-queries/q22/base.sql,measured,3,2,5,3,0.297,60.362,10,3,7,76283,730,1451186,80960,2,customer;orders,64227,0,0,0,0,0,0
2026-08-14T11:13:45Z,A5EFB7F38A797663,18.4,queries/tpch/tpch-queries/q22/base.sql,measured,3,3,5,3,0.264,62.211,10,3,7,76283,730,1451186,80960,2,customer;orders,64227,0,0,0,0,0,0
2026-08-14T11:13:45Z,A5EFB7F38A797663,18.4,queries/tpch/tpch-queries/q22/base.sql,measured,3,4,5,3,0.255,63.250,10,3,7,76283,730,1451186,80960,2,customer;orders,64227,0,0,0,0,0,0
2026-08-14T11:13:45Z,A5EFB7F38A797663,18.4,queries/tpch/tpch-queries/q22/base.sql,measured,3,5,5,3,0.254,63.723,10,3,7,76283,730,1451186,80960,2,customer;orders,64227,0,0,0,0,0,0
2026-08-14T11:13:45Z,A5EFB7F38A797663,18.4,queries/tpch/tpch-queries/q22/v1_materialized.sql,warmup,1,1,1,3,1.266,62.827,11,4,7,76290,730,1451690,80960,2,_m;customer;orders,64227,0,0,0,0,0,0
2026-08-14T11:13:45Z,A5EFB7F38A797663,18.4,queries/tpch/tpch-queries/q22/v1_materialized.sql,warmup,2,1,1,3,1.151,61.289,11,4,7,76290,730,1451690,80960,2,_m;customer;orders,64227,0,0,0,0,0,0
2026-08-14T11:13:46Z,A5EFB7F38A797663,18.4,queries/tpch/tpch-queries/q22/v1_materialized.sql,measured,1,1,5,3,1.129,53.811,11,4,7,76290,730,1451690,80960,2,_m;customer;orders,64227,0,0,0,0,0,0
2026-08-14T11:13:46Z,A5EFB7F38A797663,18.4,queries/tpch/tpch-queries/q22/v1_materialized.sql,measured,1,2,5,3,0.288,54.309,11,4,7,76290,730,1451690,80960,2,_m;customer;orders,64227,0,0,0,0,0,0
2026-08-14T11:13:46Z,A5EFB7F38A797663,18.4,queries/tpch/tpch-queries/q22/v1_materialized.sql,measured,1,3,5,3,0.281,54.641,11,4,7,76290,730,1451690,80960,2,_m;customer;orders,64227,0,0,0,0,0,0
2026-08-14T11:13:46Z,A5EFB7F38A797663,18.4,queries/tpch/tpch-queries/q22/v1_materialized.sql,measured,1,4,5,3,0.290,52.723,11,4,7,76290,730,1451690,80960,2,_m;customer;orders,64227,0,0,0,0,0,0
2026-08-14T11:13:46Z,A5EFB7F38A797663,18.4,queries/tpch/tpch-queries/q22/v1_materialized.sql,measured,1,5,5,3,0.278,53.642,11,4,7,76290,730,1451690,80960,2,_m;customer;orders,64227,0,0,0,0,0,0
2026-08-14T11:13:46Z,A5EFB7F38A797663,18.4,queries/tpch/tpch-queries/q22/v1_materialized.sql,measured,2,1,5,3,1.884,89.322,11,4,7,76290,730,1451690,80960,2,_m;customer;orders,64227,0,0,0,0,0,0
2026-08-14T11:13:46Z,A5EFB7F38A797663,18.4,queries/tpch/tpch-queries/q22/v1_materialized.sql,measured,2,2,5,3,0.320,61.926,11,4,7,76290,730,1451690,80960,2,_m;customer;orders,64227,0,0,0,0,0,0
2026-08-14T11:13:46Z,A5EFB7F38A797663,18.4,queries/tpch/tpch-queries/q22/v1_materialized.sql,measured,2,3,5,3,0.273,51.651,11,4,7,76290,730,1451690,80960,2,_m;customer;orders,64227,0,0,0,0,0,0
2026-08-14T11:13:46Z,A5EFB7F38A797663,18.4,queries/tpch/tpch-queries/q22/v1_materialized.sql,measured,2,4,5,3,0.278,52.769,11,4,7,76290,730,1451690,80960,2,_m;customer;orders,64227,0,0,0,0,0,0
2026-08-14T11:13:46Z,A5EFB7F38A797663,18.4,queries/tpch/tpch-queries/q22/v1_materialized.sql,measured,2,5,5,3,0.278,53.208,11,4,7,76290,730,1451690,80960,2,_m;customer;orders,64227,0,0,0,0,0,0
2026-08-14T11:13:47Z,A5EFB7F38A797663,18.4,queries/tpch/tpch-queries/q22/v1_materialized.sql,measured,3,1,5,3,1.885,89.433,11,4,7,76290,730,1451690,80960,2,_m;customer;orders,64227,0,0,0,0,0,0
2026-08-14T11:13:47Z,A5EFB7F38A797663,18.4,queries/tpch/tpch-queries/q22/v1_materialized.sql,measured,3,2,5,3,0.287,52.008,11,4,7,76290,730,1451690,80960,2,_m;customer;orders,64227,0,0,0,0,0,0
2026-08-14T11:13:47Z,A5EFB7F38A797663,18.4,queries/tpch/tpch-queries/q22/v1_materialized.sql,measured,3,3,5,3,0.276,54.442,11,4,7,76290,730,1451690,80960,2,_m;customer;orders,64227,0,0,0,0,0,0
2026-08-14T11:13:47Z,A5EFB7F38A797663,18.4,queries/tpch/tpch-queries/q22/v1_materialized.sql,measured,3,4,5,3,0.281,55.615,11,4,7,76290,730,1451690,80960,2,_m;customer;orders,64227,0,0,0,0,0,0
2026-08-14T11:13:47Z,A5EFB7F38A797663,18.4,queries/tpch/tpch-queries/q22/v1_materialized.sql,measured,3,5,5,3,0.273,55.691,11,4,7,76290,730,1451690,80960,2,_m;customer;orders,64227,0,0,0,0,0,0
2026-08-14T11:13:47Z,A5EFB7F38A797663,18.4,queries/tpch/tpch-queries/q22/v2_anti_join.sql,warmup,1,1,1,3,1.662,133.741,11,3,7,1595284,1,13945212,117560,3,customer;orders,33345,0,0,0,0,0,0
2026-08-14T11:13:47Z,A5EFB7F38A797663,18.4,queries/tpch/tpch-queries/q22/v2_anti_join.sql,warmup,2,1,1,3,1.872,147.821,11,3,7,1595284,1,13945212,117560,3,customer;orders,33345,0,0,0,0,0,0
2026-08-14T11:13:48Z,A5EFB7F38A797663,18.4,queries/tpch/tpch-queries/q22/v2_anti_join.sql,measured,1,1,5,3,1.890,145.727,11,3,7,1595284,1,13945212,117560,3,customer;orders,33345,0,0,0,0,0,0
2026-08-14T11:13:48Z,A5EFB7F38A797663,18.4,queries/tpch/tpch-queries/q22/v2_anti_join.sql,measured,1,2,5,3,0.281,96.977,11,3,7,1595284,1,13945212,117560,3,customer;orders,33342,0,0,0,0,0,0
2026-08-14T11:13:48Z,A5EFB7F38A797663,18.4,queries/tpch/tpch-queries/q22/v2_anti_join.sql,measured,1,3,5,3,0.272,100.244,11,3,7,1595284,1,13945212,117560,3,customer;orders,33342,0,0,0,0,0,0
2026-08-14T11:13:48Z,A5EFB7F38A797663,18.4,queries/tpch/tpch-queries/q22/v2_anti_join.sql,measured,1,4,5,3,0.281,101.770,11,3,7,1595284,1,13945212,117560,3,customer;orders,33342,0,0,0,0,0,0
2026-08-14T11:13:48Z,A5EFB7F38A797663,18.4,queries/tpch/tpch-queries/q22/v2_anti_join.sql,measured,1,5,5,3,0.284,101.689,11,3,7,1595284,1,13945212,117560,3,customer;orders,33342,0,0,0,0,0,0
2026-08-14T11:13:48Z,A5EFB7F38A797663,18.4,queries/tpch/tpch-queries/q22/v2_anti_join.sql,measured,2,1,5,3,1.667,141.987,11,3,7,1595284,1,13945212,117560,3,customer;orders,33345,0,0,0,0,0,0
2026-08-14T11:13:48Z,A5EFB7F38A797663,18.4,queries/tpch/tpch-queries/q22/v2_anti_join.sql,measured,2,2,5,3,0.284,95.388,11,3,7,1595284,1,13945212,117560,3,customer;orders,33342,0,0,0,0,0,0
2026-08-14T11:13:48Z,A5EFB7F38A797663,18.4,queries/tpch/tpch-queries/q22/v2_anti_join.sql,measured,2,3,5,3,0.265,100.261,11,3,7,1595284,1,13945212,117560,3,customer;orders,33342,0,0,0,0,0,0
2026-08-14T11:13:48Z,A5EFB7F38A797663,18.4,queries/tpch/tpch-queries/q22/v2_anti_join.sql,measured,2,4,5,3,0.287,100.323,11,3,7,1595284,1,13945212,117560,3,customer;orders,33342,0,0,0,0,0,0
2026-08-14T11:13:48Z,A5EFB7F38A797663,18.4,queries/tpch/tpch-queries/q22/v2_anti_join.sql,measured,2,5,5,3,0.282,101.787,11,3,7,1595284,1,13945212,117560,3,customer;orders,33342,0,0,0,0,0,0
2026-08-14T11:13:49Z,A5EFB7F38A797663,18.4,queries/tpch/tpch-queries/q22/v2_anti_join.sql,measured,3,1,5,3,1.645,140.683,11,3,7,1595284,1,13945212,117560,3,customer;orders,33345,0,0,0,0,0,0
2026-08-14T11:13:49Z,A5EFB7F38A797663,18.4,queries/tpch/tpch-queries/q22/v2_anti_join.sql,measured,3,2,5,3,0.270,95.695,11,3,7,1595284,1,13945212,117560,3,customer;orders,33342,0,0,0,0,0,0
2026-08-14T11:13:49Z,A5EFB7F38A797663,18.4,queries/tpch/tpch-queries/q22/v2_anti_join.sql,measured,3,3,5,3,0.272,100.135,11,3,7,1595284,1,13945212,117560,3,customer;orders,33342,0,0,0,0,0,0
2026-08-14T11:13:49Z,A5EFB7F38A797663,18.4,queries/tpch/tpch-queries/q22/v2_anti_join.sql,measured,3,4,5,3,0.286,100.219,11,3,7,1595284,1,13945212,117560,3,customer;orders,33342,0,0,0,0,0,0
2026-08-14T11:13:49Z,A5EFB7F38A797663,18.4,queries/tpch/tpch-queries/q22/v2_anti_join.sql,measured,3,5,5,3,0.292,101.066,11,3,7,1595284,1,13945212,117560,3,customer;orders,33342,0,0,0,0,0,0
